wz_ln_closure,objectid_1,crn,district,county,municipality,crash_year,crash_month,day_of_week,time_of_day,hour_of_day,illumination,weather,road_condition,collision_type,relation_to_road,work_zone_type,work_zone_loc,work_zone_ind,intersect_type,tcd_type,location_type,urban_rural,fatal_count,injury_count,person_count,total_units,sch_bus_ind,sch_zone_ind,latitude,longitude,arrival_tm,cons_zone_spd_lim,dispatch_tm,est_hrs_closed,lane_closed,ln_close_dir,ntfy_hiwy_maint,spec_juris_cd,tcd_func_cd,tfc_detour_ind,workers_pres,wz_close_detour,wz_flagger,wz_law_offcr_ind,objectid,wz_moving,wz_other,wz_shlder_mdn,vehicle_count,automobile_count,motorcycle_count,bus_count,small_truck_count,heavy_truck_count,suv_count,van_count,bicycle_count,maj_inj_count,mod_inj_count,min_inj_count,tot_inj_count,unk_inj_deg_count,unk_inj_per_count,driver_count_16yr,driver_count_17yr,driver_count_18yr,driver_count_19yr,driver_count_20yr,driver_count_50_64yr,driver_count_65_74yr,driver_count_75plus,unbelted_occ_count,unb_death_count,unb_maj_inj_count,belted_death_count,belted_maj_inj_count,mcycle_death_count,mcycle_maj_inj_count,bicycle_death_count,bicycle_maj_inj_count,ped_count,ped_death_count,ped_maj_inj_count,max_severity_level,comm_veh_count,dec_lat,dec_long,rdwy_surf_type_cd,county_name
 ,188,2017019078,6,67,67301,2017,1,3,1037,10,1,1,0,4,1, , ,N,1,3,0,3,0,2,2,2,N, ,40 01:28.737,75 12:29.491,1045, ,1035, ,0, , , ,3, , , , , ,1256, , , ,2,2,0,0,0,0,0,0,0,0,0,0,2,2,0,0,0,0,0,0,0,0,0,0,0,0,0,0,0,0,0,0,0,0,0,8,0,40.0246,-75.2082, ,Philadelphia
 ,189,2017035593,6,67,67301,2017,3,5,2105,21,3,1,0,4,1, , ,N,2,3,0,3,0,1,2,2,N, ,40 01:56.715,75 13:56.928,2130, ,2110, ,0, , , ,3, , , , , ,1277, , , ,1,1,0,0,0,0,0,0,1,0,0,1,1,0,0,0,0,0,0,0,0,0,0,1,0,0,0,0,0,0,0,0,0,0,0,4,0,40.0324,-75.2325, ,Philadelphia
N,190,2017037963,6,67,67301,2017,4,5,2124,21,3,1,0,1,1,1,4,Y,0,0,0,3,0,0,3,3,N,N,39 57:30.957,75 10:07.055,2128,50,2128,2,2,3, , ,0,N,N,N,N,N,1315,Y,N,Y,3,3,0,0,0,0,0,0,0,0,0,0,0,0,0,0,0,0,0,1,0,0,0,0,0,0,0,0,0,0,0,0,0,0,0,0,0,39.9586,-75.1686, ,Philadelphia
 ,191,2017033055,6,67,67301,2017,2,6,1410,14,1,1,0,1,1, , ,N,0,2,0,3,0,0,2,2,N,N,39 56:41.650,75 08:30.687,1425, ,1419, ,0, , , ,3, , , , , ,1320, , , ,2,1,0,0,0,0,0,1,0,0,0,0,0,0,0,0,0,0,0,0,0,0,0,0,0,0,0,0,0,0,0,0,0,0,0,0,0,39.9449,-75.1419, ,Philadelphia
 ,192,2017041176,6,67,67301,2017,3,5,9999,99,1,1,0,4,1, , ,N,1,2,0,3,0,1,2,2,N, ,40 01:48.464,75 02:06.579,921, ,920, ,0, , , ,3, , , , , ,1323, , , ,2,1,0,0,0,0,1,0,0,0,0,1,1,0,1,0,0,0,0,0,0,0,0,0,0,0,0,0,0,0,0,0,0,0,0,4,0,40.0301,-75.0352, ,Philadelphia
 ,193,2017019171,6,67,67301,2017,1,7,1045,10,1,1,0,7,5, , ,N,0,0,0,3,0,1,1,1,N,N,39 57:10.537,75 14:00.574,1116, ,1105, ,0, ,N, ,0, , , , , ,1352, , , ,1,0,0,0,0,0,1,0,0,0,0,1,1,0,0,0,0,0,0,0,0,1,0,1,0,0,0,0,0,0,0,0,0,0,0,4,0,39.9529,-75.2335, ,Philadelphia
 ,194,2017019155,6,67,67301,2017,1,2,845,8,1,1,0,5,1, , ,N,0,0,0,3,0,1,2,2,N, ,39 59:47.342,75 06:49.184,930, ,903, ,0, , , ,0, , , , , ,1359, , , ,1,0,0,0,0,0,0,0,1,0,0,1,1,0,0,0,0,0,0,0,0,0,0,0,0,0,0,0,0,0,0,0,0,0,0,4,0,39.9965,-75.1137, ,Philadelphia
 ,195,2017037487,6,67,67301,2017,3,5,2200,22,3,1,0,6,1, , ,N,1,2,0,3,0,2,2,2,N,N,40 02:30.078,75 03:51.754,2210, ,2208,1,2,5, , ,3,Y, , , , ,1367, , , ,2,1,0,0,0,0,1,0,0,0,0,2,2,0,0,0,0,0,0,0,1,0,0,0,0,0,0,0,0,0,0,0,0,0,0,4,0,40.0416,-75.0643, ,Philadelphia
 ,196,2017052312,6,67,67301,2017,4,5,28,0,3,1,0,4,1, , ,N,2,3,0,3,0,0,1,2,N, ,40 01:10.711,75 06:32.562,103, ,28, ,0, , , ,3, , , , , ,1384, , , ,2,1,0,0,0,0,1,0,0,0,0,0,0,0,0,0,0,0,0,0,0,0,0,0,0,0,0,0,0,0,0,0,0,0,0,0,0,40.0196,-75.109, ,Philadelphia
 ,197,2017032205,6,67,67301,2017,3,2,732,7,1,1,0,7,4, , ,N,0,0,0,3,0,4,5,2,N,N,39 59:29.742,75 12:11.110,735, ,732, ,0, , , ,0, , , , , ,1416, , , ,2,2,0,0,0,0,0,0,0,0,0,0,4,4,0,0,0,0,0,0,1,0,0,0,0,0,0,0,0,0,0,0,0,0,0,8,0,39.9915,-75.2034, ,Philadelphia
 ,198,2017004032,6,67,67301,2017,1,7,1030,10,1,4,4,4,1, , ,N,0,0,0,3,0,2,3,2,N,N,40 01:34.210,75 01:38.893,1058, ,1031,3,2,2, , ,0,N, , , , ,1442, , , ,2,1,0,0,0,1,0,0,0,0,2,0,2,0,1,0,0,0,0,0,0,0,0,0,0,0,0,0,0,0,0,0,0,0,0,3,1,40.0262,-75.0275, ,Philadelphia
 ,199,2017014046,6,67,67301,2017,1,5,1530,15,1,1,0,4,1, , ,N,1,2,0,3,0,1,2,2,N, ,40 06:40.143,75 01:27.353,1625, ,1610, ,0, , , ,3, , , , , ,1451, , , ,2,1,0,0,0,0,1,0,0,0,0,0,1,1,0,0,0,0,0,0,1,0,0,2,0,0,0,0,0,0,0,0,0,0,0,8,0,40.1112,-75.0243, ,Philadelphia
 ,200,2017014075,6,67,67301,2017,1,5,1733,17,3,1,0,4,1, , ,N,1,3,0,3,0,1,2,5,N,N,40 02:10.194,75 01:53.032,1740, ,1735, ,0, ,N, ,3, , , , , ,1453, , , ,5,4,0,0,0,0,1,0,0,0,0,1,1,0,0,0,0,0,0,0,0,0,1,0,0,0,0,0,0,0,0,0,0,0,0,4,0,40.0362,-75.0314, ,Philadelphia
 ,201,2017021579,6,67,67301,2017,2,6,1600,16,1,1,5,8,1, , ,N,0,0,0,3,0,1,2,2,N, ,39 59:28.410,75 05:42.183,1640, ,1630, ,0, , , ,0, , , , , ,1467, , , ,1,1,0,0,0,0,0,0,0,0,0,1,1,0,0,0,0,0,0,0,0,0,0,1,0,0,0,0,0,0,0,0,1,0,0,4,0,39.9912,-75.0951, ,Philadelphia
 ,202,2017033089,6,67,67301,2017,3,4,1123,11,1,1,0,4,1, , ,N,1,3,0,3,0,1,2,2,N, ,39 58:23.293,75 08:54.175,1126, ,1125,1,1,4, , ,3,N, , , , ,1468, , , ,1,1,0,0,0,0,0,0,1,0,0,1,1,0,0,0,0,0,0,0,0,0,0,0,0,0,0,0,0,0,0,0,0,0,0,4,0,39.9731,-75.1484, ,Philadelphia
 ,203,2017050492,6,67,67301,2017,5,2,101,1,3,1,0,7,2, , ,N,0,0,0,3,0,0,1,1,N,N,39 55:18.900,75 08:51.644,103, ,103, ,0, , , ,0, , , , , ,1481, , , ,1,1,0,0,0,0,0,0,0,0,0,0,0,0,0,0,0,0,0,0,0,0,0,0,0,0,0,0,0,0,0,0,0,0,0,0,0,39.9219,-75.1477, ,Philadelphia
 ,204,2017052167,6,67,67301,2017,4,2,2049,20,3,1,0,8,1, , ,N,0,0,0,3,0,1,2,2,N, ,39 58:02.949,75 14:01.100,2053, ,2052, ,0, , , ,0, , , , , ,1483, , , ,1,1,0,0,0,0,0,0,0,0,0,0,1,1,0,0,0,0,0,0,0,0,0,1,0,0,0,0,0,0,0,0,1,0,0,8,0,39.9675,-75.2336, ,Philadelphia
 ,205,2017019070,6,67,67301,2017,1,5,601,6,5,1,0,8,1, , ,N,1,2,0,3,0,1,2,2,N,N,39 57:11.367,75 09:11.303,602, ,601, ,0, ,N, ,3, , , , , ,1495, , , ,1,0,0,0,0,0,1,0,0,0,0,1,1,0,0,0,0,0,0,0,0,0,0,0,0,0,0,0,0,0,0,0,1,0,0,4,0,39.9532,-75.1531, ,Philadelphia
 ,206,2017035820,6,67,67301,2017,3,1,2345,23,3,1,0,4,1, , ,N,0,0,7,3,0,0,5,2,N, ,40 07:55.718,75 00:35.530,19, ,14,1,1,4, , ,0,N, , , , ,1499, , , ,2,1,0,0,0,0,1,0,0,0,0,0,0,0,0,0,0,0,0,0,0,0,0,0,0,0,0,0,0,0,0,0,0,0,0,0,0,40.1321,-75.0099, ,Philadelphia
 ,207,2017041409,6,67,67301,2017,4,7,1305,13,1,1,0,4,1, , ,N,1,3,0,3,0,1,5,2,N,N,39 59:13.004,75 14:04.871,1357, ,1348, ,0, ,N, ,3, , , , , ,1502, , , ,2,1,0,0,0,0,1,0,0,0,0,1,1,0,4,0,0,0,0,0,1,0,0,0,0,0,0,0,0,0,0,0,0,0,0,4,0,39.9869,-75.2347, ,Philadelphia
 ,208,2017060593,6,67,67301,2017,5,6,942,9,1,1,0,4,1, , ,N,1,3,0,3,0,3,3,2,N,N,40 00:10.868,75 07:39.525,1008, ,1008,1,2,2,N, ,3,Y, , , , ,1534, , , ,2,1,0,0,0,0,0,1,0,0,0,0,3,3,0,0,0,0,0,0,0,0,0,3,0,0,0,0,0,0,0,0,0,0,0,8,0,40.003,-75.1276, ,Philadelphia
 ,209,2017033108,6,67,67301,2017,3,7,230,2,3,1,0,5,6, , ,N,0,0,0,3,0,2,3,2,N,N,39 59:14.200,75 08:28.400,235, ,234,3,2,1,N, ,0,Y, , , , ,1554, , , ,2,1,0,0,0,0,1,0,0,0,0,0,2,2,0,0,0,0,0,0,0,0,0,1,0,0,0,0,0,0,0,0,0,0,0,8,0,39.9873,-75.1412, ,Philadelphia
 ,210,2017045751,6,67,67301,2017,4,5,1535,15,1,1,0,1,1, , ,N,0,2,0,3,0,1,2,2,N,N,39 59:36.734,75 09:05.257,1540, ,1535, ,0, ,N, ,3, , , , , ,1555, , , ,2,1,0,0,0,0,1,0,0,0,0,0,1,1,0,0,0,0,0,0,1,0,0,0,0,0,0,0,0,0,0,0,0,0,0,8,0,39.9935,-75.1515, ,Philadelphia
 ,211,2017033140,6,67,67301,2017,2,7,127,1,3,1,0,4,1, , ,N,1,3,0,3,0,2,2,2,N,N,40 04:02.474,75 09:01.821,139, ,131,1,1,4, , ,3,N, , , , ,1560, , , ,2,1,0,0,0,0,1,0,0,0,0,2,2,0,0,0,0,0,0,0,0,0,0,0,0,0,0,0,0,0,0,0,0,0,0,4,0,40.0674,-75.1505, ,Philadelphia
 ,212,2017028970,6,67,67301,2017,2,4,920,9,1,1,0,4,1, , ,N,1,2,0,3,0,3,5,2,N,N,40 02:22.463,75 02:44.643,926, ,923, ,0, ,N, ,3, , , , , ,1568, , , ,2,2,0,0,0,0,0,0,0,0,0,0,3,3,0,0,0,0,0,0,0,0,0,0,0,0,0,0,0,0,0,0,0,0,0,8,0,40.0395,-75.0458, ,Philadelphia
 ,213,2017041129,6,67,67301,2017,4,1,555,5,3,1,0,5,6, , ,N,0,0,0,3,0,0,1,4,N,N,40 07:00.393,75 00:41.097,600, ,556, ,0, ,N, ,0, , , , , ,1569, , , ,4,2,0,0,0,0,1,1,0,0,0,0,0,0,0,0,0,0,0,0,0,0,0,0,0,0,0,0,0,0,0,0,0,0,0,0,0,40.1168,-75.0114, ,Philadelphia
 ,214,2017049278,6,67,67301,2017,4,7,1106,11,1,1,0,1,1, , ,N,0,0,0,3,0,0,4,2,N,N,39 57:36.068,75 10:44.249,1119, ,1108,1,1,4, , ,0,N, , , , ,1582, , , ,2,1,0,0,0,0,1,0,0,0,0,0,0,0,0,0,0,0,0,0,0,0,0,1,0,0,0,0,0,0,0,0,0,0,0,0,0,39.96,-75.179, ,Philadelphia
 ,215,2017013197,6,67,67301,2017,1,5,1830,18,3,9,8,8,1, , ,N,1,2,0,3,0,1,2,2,N,N,40 00:03.985,75 07:29.066,9999, ,9999, ,0, ,N, ,3, , , , , ,1590, , , ,1,0,0,0,1,0,0,0,0,0,0,1,1,0,1,0,0,0,0,0,0,0,0,0,0,0,0,0,0,0,0,0,1,0,0,4,0,40.0011,-75.1247, ,Philadelphia
 ,216,2017043792,6,67,67301,2017,4,4,2113,21,3,1,0,8,1, , ,N,2,0,0,3,0,1,2,2,N, ,39 56:18.029,75 11:57.157,2123, ,2117, ,0, , , ,0, , , , , ,1598, , , ,1,1,0,0,0,0,0,0,0,0,0,0,1,1,0,0,0,0,0,0,0,0,0,0,0,0,0,0,0,0,0,0,1,0,0,8,0,39.9383,-75.1992, ,Philadelphia
 ,217,2017060633,6,67,67301,2017,5,5,2254,22,3,1,0,4,1, , ,N,1,2,0,3,0,1,3,2,N,N,40 01:34.401,75 07:02.499,2259, ,2254,2,2,6, , ,3,Y, , , , ,1628, , , ,2,0,1,0,0,0,0,1,0,0,1,0,1,0,0,0,0,0,0,0,0,0,0,0,0,0,0,0,0,0,0,0,0,0,0,3,0,40.0262,-75.1174, ,Philadelphia
 ,218,2017007748,6,67,67301,2017,1,4,2130,21,3,1,0,4,1, , ,N,0,0,0,3,0,1,2,2,N,N,40 00:10.851,75 09:50.046,2139, ,2139, ,0, ,N, ,0, , , , , ,1639, , , ,2,1,0,0,0,0,1,0,0,0,0,1,1,0,0,0,0,0,0,0,0,0,0,0,0,0,0,0,0,0,0,0,0,0,0,4,0,40.003,-75.1639, ,Philadelphia
 ,219,2017033571,6,67,67301,2017,3,4,625,6,1,2,1,4,1, , ,N,1,2,0,3,0,0,2,2,N,N,40 03:39.269,75 09:50.875,720, ,715, ,0, ,N, ,3, , , , , ,1660, , , ,2,1,0,0,0,0,0,1,0,0,0,0,0,0,0,0,0,0,0,0,0,1,0,0,0,0,0,0,0,0,0,0,0,0,0,0,0,40.0609,-75.1641, ,Philadelphia
 ,220,2017050564,6,67,67301,2017,5,3,844,8,1,1,0,1,1, , ,N,0,0,0,3,0,1,3,3,N,N,39 55:28.622,75 08:49.528,857, ,846, ,0, , , ,0, , , , , ,1666, , , ,3,2,0,0,0,0,1,0,0,0,0,0,1,1,0,0,0,0,0,0,0,0,0,0,0,0,0,0,0,0,0,0,0,0,0,8,0,39.9246,-75.1471, ,Philadelphia
 ,221,2017052315,6,67,67301,2017,4,5,1219,12,1,1,0,8,1, , ,N,0,0,0,3,0,1,3,2,N,N,39 59:44.502,75 10:40.573,1220, ,1220,1,2,3,N, ,0,Y, , , , ,1670, , , ,1,1,0,0,0,0,0,0,0,0,1,0,1,0,0,0,0,1,0,0,0,0,0,0,0,0,0,0,0,0,0,0,1,0,0,3,0,39.9957,-75.1779, ,Philadelphia
 ,222,2017031985,6,67,67301,2017,3,7,39,0,3,1,0,4,1, , ,N,1,2,0,3,0,5,7,3,N,N,39 57:25.867,75 12:07.023,41, ,40,2,2,4,N, ,3,Y, , , , ,1693, , , ,3,2,0,0,0,0,1,0,0,0,0,0,5,5,0,0,0,0,0,0,1,0,0,0,0,0,0,0,0,0,0,0,0,0,0,8,0,39.9571,-75.2019, ,Philadelphia
 ,223,2017033151,6,67,67301,2017,2,7,653,6,5,1,0,5,6, , ,N,0,0,0,3,0,1,1,3,N,N,39 56:49.419,75 10:05.430,657, ,655,1,1,1,N, ,0,N, , , , ,1703, , , ,3,3,0,0,0,0,0,0,0,0,0,1,1,0,0,0,0,0,0,0,1,0,0,1,0,0,0,0,0,0,0,0,0,0,0,4,0,39.9471,-75.1682, ,Philadelphia
 ,224,2017052244,6,67,67301,2017,4,6,1848,18,1,1,0,5,6, , ,N,0,0,0,3,0,1,2,2,N,N,40 01:05.022,75 09:18.187,1910, ,1848, ,0, ,N, ,0, , , , , ,1725, , , ,2,1,0,1,0,0,0,0,0,0,1,0,1,0,0,0,0,0,0,0,0,0,0,0,0,0,0,0,0,0,0,0,0,0,0,3,1,40.0181,-75.1551, ,Philadelphia
 ,225,2017043825,6,67,67301,2017,4,2,1621,16,1,1,0,4,1, , ,N,0,0,7,3,0,1,2,2,N, ,40 02:54.498,75 00:45.987,1631, ,1627, ,0, , , ,0, , , , , ,1747, , , ,2,1,0,0,0,0,1,0,0,0,0,1,1,0,0,0,0,0,0,0,1,0,0,1,0,0,0,0,0,0,0,0,0,0,0,4,0,40.0479,-75.0134, ,Philadelphia
 ,226,2017023161,6,67,67301,2017,2,6,1805,18,3,1,0,4,1, , ,N,1,2,0,3,0,1,3,2,N, ,39 57:57.056,75 14:02.155,1808, ,1805, ,0, , , ,3, , , , , ,1751, , , ,2,1,0,0,0,0,0,1,0,0,0,0,1,1,0,0,0,0,0,1,0,0,0,0,0,0,0,0,0,0,0,0,0,0,0,8,0,39.9658,-75.2339, ,Philadelphia
 ,227,2017059340,6,67,67301,2017,5,6,1630,16,1,1,0,1,1, , ,N,0,0,3,3,0,2,3,2,N,N,39 54:44.600,75 10:22.600,1633, ,1630, ,0, ,N, ,0, , , , , ,1759, , , ,2,0,0,0,0,0,2,0,0,0,0,0,2,2,0,0,0,0,0,0,1,0,0,0,0,0,0,0,0,0,0,0,0,0,0,8,0,39.9124,-75.1729, ,Philadelphia
 ,228,2017086713,6,67,67301,2017,3,7,759,7,3,1,0,4,1, , ,N,1,3,0,3,0,2,4,2,N,N,40 02:11.660,75 07:53.740,830, ,823, ,0, ,N, ,3, , , , , ,1769, , , ,2,1,0,0,0,0,1,0,0,0,0,1,2,1,0,0,0,0,0,0,1,0,0,2,0,0,0,0,0,0,0,0,0,0,0,4,0,40.0366,-75.1316, ,Philadelphia
 ,229,2017080310,6,67,67301,2017,7,1,1454,14,1,1,0,5,1, , ,N,0,0,0,3,0,1,3,2,N,N,40 01:12.969,75 02:36.166,1608, ,1538, ,0, , , ,0, , , , , ,1774, , , ,2,0,0,0,0,0,0,1,0,0,0,0,1,1,1,0,0,0,0,0,0,1,0,0,0,0,0,0,0,0,0,0,0,0,0,8,0,40.0203,-75.0434, ,Philadelphia
 ,230,2017021492,6,67,67301,2017,2,7,136,1,3,1,0,4,1, , ,N,1,2,0,3,1,3,4,2,N,N,40 02:51.086,75 08:34.404,136, ,136,4,2,7,N,0,3,Y, , , , ,1784, , , ,2,1,0,0,0,0,1,0,0,0,0,2,3,1,0,0,0,0,0,0,0,0,0,3,1,0,0,0,0,0,0,0,0,0,0,1,0,40.0475,-75.1428,2,Philadelphia
 ,231,2017017603,6,67,67301,2017,2,6,602,6,3,1,0,7,2, , ,N,0,0,0,3,0,0,1,1,N,N,40 01:25.939,75 01:57.066,643, ,624, ,0, , , ,0, , , , , ,1792, , , ,1,0,0,0,1,0,0,0,0,0,0,0,0,0,0,0,0,0,0,0,0,0,0,0,0,0,0,0,0,0,0,0,0,0,0,0,0,40.0239,-75.0325, ,Philadelphia
 ,232,2017035433,6,67,67301,2017,3,2,641,6,5,1,1,1,1, , ,N,0,0,0,3,0,1,2,2,N,N,40 00:25.638,75 12:00.044,642, ,642, ,0, , , ,0, , , , , ,1796, , , ,2,1,0,0,1,0,0,0,0,0,0,0,1,1,0,0,0,0,0,0,1,0,0,0,0,0,0,0,0,0,0,0,0,0,0,8,0,40.0071,-75.2, ,Philadelphia
 ,233,2017045464,6,67,67301,2017,4,5,1710,17,1,1,0,1,1, , ,N,0,0,0,3,0,0,2,2,N,N,39 58:02.523,75 11:20.433,1726, ,1710,1,2,3, , ,0,N, , , , ,1809, , , ,2,2,0,0,0,0,0,0,0,0,0,0,0,0,0,0,0,0,0,0,0,0,0,0,0,0,0,0,0,0,0,0,0,0,0,0,0,39.9674,-75.189, ,Philadelphia
 ,234,2017028857,6,67,67301,2017,2,6,2245,22,3,1,0,4,1, , ,N,2,3,0,3,0,1,2,2,N,N,40 01:21.921,75 04:12.734,2310, ,2302, ,0, ,N, ,3, , , , , ,1818, , , ,2,2,0,0,0,0,0,0,0,0,0,1,1,0,1,0,0,0,1,0,0,0,0,0,0,0,0,0,0,0,0,0,0,0,0,4,0,40.0228,-75.0702, ,Philadelphia
 ,235,2017028849,6,67,67301,2017,2,7,1530,15,1,1,0,4,1, , ,N,2,0,0,3,0,1,2,2,N,N,39 58:25.100,75 11:13.400,1532, ,1531, ,0, ,N, ,0, , , , , ,3290, , , ,1,1,0,0,0,0,0,0,1,0,1,0,1,0,0,0,0,0,1,0,0,0,0,0,0,0,0,0,0,0,0,0,0,0,0,3,0,39.9736,-75.1871, ,Philadelphia
 ,236,2017028995,6,67,67301,2017,2,5,1504,15,1,4,1,4,1, , ,N,1,2,0,3,0,1,3,3,N,N,39 57:56.929,75 14:45.807,1531, ,1526, ,0, ,N, ,3, , , , , ,3292, , , ,3,2,0,0,0,0,1,0,0,0,0,1,1,0,0,0,0,0,0,0,0,1,0,0,0,0,0,0,0,0,0,0,0,0,0,4,0,39.9658,-75.2461, ,Philadelphia
 ,237,2017052374,6,67,67301,2017,4,5,1723,17,1,1,0,5,6, , ,N,0,0,0,3,0,2,2,5,N,N,39 56:00.534,75 11:30.089,1732, ,1731,2,2,4,N, ,0,Y, , , , ,3301, , , ,5,1,0,0,0,0,3,1,0,0,2,0,2,0,0,0,0,0,0,0,0,0,0,2,0,0,0,0,0,0,0,0,0,0,0,3,0,39.9335,-75.1917, ,Philadelphia
 ,238,2017037490,6,67,67301,2017,3,3,120,1,3,4,1,7,4, , ,N,0,0,0,3,0,0,3,1,N,N,40 03:22.785,75 05:20.375,121, ,120, ,0, , , ,0, , , , , ,3327, , , ,1,0,0,0,0,0,1,0,0,0,0,0,0,0,0,0,0,0,0,0,0,0,0,1,0,0,0,0,0,0,0,0,0,0,0,0,0,40.0563,-75.089, ,Philadelphia
 ,239,2017043822,6,67,67301,2017,4,3,1500,15,1,1,0,8,1, , ,N,1,2,0,3,0,1,2,2,N,N,40 04:08.017,75 10:54.337,1625, ,1500, ,0, ,N, ,3, , , , , ,3328, , , ,1,0,0,0,1,0,0,0,0,0,0,1,1,0,1,0,0,0,0,0,0,1,0,0,0,0,0,0,0,0,0,0,1,0,0,4,0,40.0689,-75.1818, ,Philadelphia
 ,240,2017028867,6,67,67301,2017,2,4,1345,13,1,1,0,4,1, , ,N,1,2,0,3,0,1,2,2,N,N,39 59:23.971,75 13:09.663,1431, ,1425,2,1,1,N, ,3,Y, , , , ,3340, , , ,2,2,0,0,0,0,0,0,0,0,0,1,1,0,0,0,0,0,0,0,0,0,0,0,0,0,0,0,0,0,0,0,0,0,0,4,0,39.99,-75.2194, ,Philadelphia
 ,241,2017041240,6,67,67301,2017,4,1,520,5,1,1,0,2,1, , ,N,1,3,0,3,0,1,2,2,N, ,40 00:45.378,75 08:26.717,523, ,522, ,0, , , ,3, , , , , ,3349, , , ,2,0,1,0,0,0,1,0,0,0,1,0,1,0,0,0,0,0,0,0,0,0,0,1,0,0,0,0,0,0,0,0,0,0,0,3,0,40.0126,-75.1408, ,Philadelphia
 ,242,2017010778,6,67,67301,2017,1,1,2042,20,3,2,1,7,2, , ,N,0,0,0,3,0,0,1,1,N,N,39 57:36.117,75 10:47.954,2059, ,2042,2,2,3, , ,0,N, , , , ,3365, , , ,1,1,0,0,0,0,0,0,0,0,0,0,0,0,0,0,0,0,0,0,0,0,0,0,0,0,0,0,0,0,0,0,0,0,0,0,0,39.96,-75.18, ,Philadelphia
 ,243,2017041285,6,67,67301,2017,4,7,2246,22,3,1,0,5,6, , ,N,0,0,0,3,0,0,1,2,N,N,40 00:14.356,75 09:20.260,4, ,2358,3,2,1,N, ,0,Y, , , , ,3377, , , ,2,1,0,0,0,0,0,1,0,0,0,0,0,0,1,0,0,0,0,0,0,0,0,0,0,0,0,0,0,0,0,0,0,0,0,9,0,40.004,-75.1556, ,Philadelphia
 ,244,2017041168,6,67,67301,2017,4,7,500,5,3,2,1,7,4, , ,N,1,2,0,3,0,0,1,1,N,N,39 59:40.673,75 05:40.311,537, ,508, ,0, , , ,3, , , , , ,3379, , , ,1,1,0,0,0,0,0,0,0,0,0,0,0,0,0,0,0,0,0,0,0,0,0,0,0,0,0,0,0,0,0,0,0,0,0,0,0,39.9946,-75.0945, ,Philadelphia
 ,245,2017045213,6,67,67301,2017,4,1,455,4,3,1,0,5,1, , ,N,0,0,0,3,0,0,2,2,N,N,39 57:44.266,75 08:23.210,455, ,455,1,2,2, , ,0,Y, , , , ,3382, , , ,2,1,0,0,0,0,0,0,0,0,0,0,0,0,1,0,0,0,0,0,0,0,0,0,0,0,0,0,0,0,0,0,0,0,0,9,0,39.9623,-75.1398, ,Philadelphia
 ,246,2017028802,6,67,67301,2017,2,5,2010,20,3,1,0,4,1, , ,N,0,0,0,3,0,1,2,2,N, ,40 00:25.956,75 07:38.485,2020, ,2015, ,0, , , ,0, , , , , ,3391, , , ,1,1,0,0,0,0,0,0,1,0,0,1,1,0,0,0,0,0,0,0,0,1,0,0,0,0,0,0,0,0,0,0,0,0,0,4,0,40.0072,-75.1274, ,Philadelphia
 ,247,2017028848,6,67,67301,2017,2,1,220,2,3,1,0,4,1, , ,N,1,3,0,3,0,0,1,2,N,N,39 57:51.112,75 09:51.739,240, ,230, ,0, ,N, ,3, , , , , ,3392, , , ,2,1,0,0,0,0,1,0,0,0,0,0,0,0,0,0,0,0,0,0,0,0,0,1,0,0,0,0,0,0,0,0,0,0,0,0,0,39.9642,-75.1644, ,Philadelphia
 ,248,2017060557,6,67,67301,2017,5,4,1945,19,3,1,0,8,1, , ,N,0,0,0,3,0,1,2,2,N,N,39 57:44.856,75 13:37.657,2000, ,1950, ,0, ,N, ,0, , , , , ,3406, , , ,1,1,0,0,0,0,0,0,0,0,0,1,1,0,0,0,0,0,1,0,0,0,0,0,0,0,0,0,0,0,0,0,1,0,0,4,0,39.9625,-75.2271, ,Philadelphia
 ,249,2017049121,6,67,67301,2017,4,4,2048,20,2,1,0,1,1, , ,N,0,0,0,3,0,0,2,2,N,N,39 59:29.538,75 12:11.543,2102, ,2054,1,1,4, , ,0,N, , , , ,3446, , , ,2,2,0,0,0,0,0,0,0,0,0,0,0,0,0,0,0,0,0,0,0,0,0,0,0,0,0,0,0,0,0,0,0,0,0,0,0,39.9915,-75.2032, ,Philadelphia
 ,250,2017052459,6,67,67301,2017,4,5,2010,20,3,1,0,2,1, , ,N,0,0,0,3,0,1,2,2,N,N,39 58:48.184,75 06:25.295,2130, ,2109,9,1,2, , ,0,N, , , , ,3447, , , ,2,1,0,0,0,0,1,0,0,0,0,1,1,0,0,0,0,0,0,0,1,0,0,0,0,0,0,0,0,0,0,0,0,0,0,4,0,39.98,-75.1071, ,Philadelphia
 ,251,2017059271,6,67,67301,2017,5,1,1327,13,1,1,0,1,1, , ,N,0,0,0,3,0,0,2,2,N,N,39 56:44.146,75 11:24.277,1327, ,1327, ,0, , , ,0, , , , , ,3449, , , ,2,0,0,0,0,0,1,1,0,0,0,0,0,0,0,0,0,0,0,1,0,0,0,0,0,0,0,0,0,0,0,0,0,0,0,0,0,39.9456,-75.1901, ,Philadelphia
 ,252,2017007808,6,67,67301,2017,1,6,2339,23,3,1,0,4,1, , ,N,2,0,2,3,0,2,6,2,N,N,39 57:15.358,75 08:22.158,2341, ,2340,2,2,2,N, ,0,Y, , , , ,3457, , , ,2,2,0,0,0,0,0,0,0,0,0,2,2,0,1,0,0,1,0,0,0,0,0,0,0,0,0,0,0,0,0,0,0,0,0,4,0,39.9542,-75.1395, ,Philadelphia