wz_ln_closure,objectid_1,crn,district,county,municipality,crash_year,crash_month,day_of_week,time_of_day,hour_of_day,illumination,weather,road_condition,collision_type,relation_to_road,work_zone_type,work_zone_loc,work_zone_ind,intersect_type,tcd_type,location_type,urban_rural,fatal_count,injury_count,person_count,total_units,sch_bus_ind,sch_zone_ind,latitude,longitude,arrival_tm,cons_zone_spd_lim,dispatch_tm,est_hrs_closed,lane_closed,ln_close_dir,ntfy_hiwy_maint,spec_juris_cd,tcd_func_cd,tfc_detour_ind,workers_pres,wz_close_detour,wz_flagger,wz_law_offcr_ind,objectid,wz_moving,wz_other,wz_shlder_mdn,vehicle_count,automobile_count,motorcycle_count,bus_count,small_truck_count,heavy_truck_count,suv_count,van_count,bicycle_count,maj_inj_count,mod_inj_count,min_inj_count,tot_inj_count,unk_inj_deg_count,unk_inj_per_count,driver_count_16yr,driver_count_17yr,driver_count_18yr,driver_count_19yr,driver_count_20yr,driver_count_50_64yr,driver_count_65_74yr,driver_count_75plus,unbelted_occ_count,unb_death_count,unb_maj_inj_count,belted_death_count,belted_maj_inj_count,mcycle_death_count,mcycle_maj_inj_count,bicycle_death_count,bicycle_maj_inj_count,ped_count,ped_death_count,ped_maj_inj_count,max_severity_level,comm_veh_count,dec_lat,dec_long,rdwy_surf_type_cd,county_name
 ,253,2017040552,6,67,67301,2017,4,5,1356,13,1,1,0,0,1, , ,N,0,0,0,3,0,1,2,2,N,N,39 58:46.556,75 06:25.136,1408, ,1357, ,0, , , ,0, , , , , ,4071, , , ,2,0,1,0,0,0,1,0,0,0,0,0,1,1,0,0,0,0,0,0,0,0,0,0,0,0,0,0,0,0,0,0,0,0,0,8,0,39.9796,-75.107, ,Philadelphia
 ,254,2017043838,6,67,67301,2017,4,3,1200,12,1,1,0,5,6, , ,N,0,0,0,3,0,1,2,2,N,N,39 59:37.050,75 06:45.550,1245, ,1240, ,0, ,N, ,0, , , , , ,4072, , , ,2,1,0,0,0,0,1,0,0,0,0,0,1,1,0,0,0,1,0,0,0,0,0,0,0,0,0,0,0,0,0,0,0,0,0,8,0,39.9936,-75.1127, ,Philadelphia
 ,255,2017048904,6,67,67301,2017,5,7,1110,11,1,2,1,7,1, , ,N,0,0,0,3,0,0,2,1,N,N,40 04:01.606,75 12:10.770,1110, ,1110,1,1,1,N, ,0,N, , , , ,4074, , , ,1,1,0,0,0,0,0,0,0,0,0,0,0,0,0,0,0,0,0,0,1,0,0,0,0,0,0,0,0,0,0,0,0,0,0,0,0,40.0671,-75.203, ,Philadelphia
 ,256,2017019059,6,67,67301,2017,1,1,1850,18,3,1,0,8,1, , ,N,1,2,0,3,0,1,2,2,N, ,39 56:11.083,75 13:08.439,1855, ,854, ,0, , , ,3, , , , , ,4087, , , ,1,0,0,0,0,0,0,1,0,0,0,0,1,1,0,0,0,0,0,0,0,0,0,1,0,0,0,0,0,0,0,0,1,0,0,8,0,39.9364,-75.219, ,Philadelphia
 ,257,2017003410,6,67,67301,2017,1,6,444,4,3,1,1,7,2, , ,N,0,0,0,3,0,0,1,1,N,N,40 02:29.553,75 00:15.223,502, ,450, ,0, , , ,0, , , , , ,4090, , , ,1,0,0,0,1,0,0,0,0,0,0,0,0,0,0,0,0,0,0,0,0,0,0,0,0,0,0,0,0,0,0,0,0,0,0,0,0,40.0415,-75.0042, ,Philadelphia
 ,258,2017013943,6,67,67301,2017,1,3,850,8,1,1,0,4,1, , ,N,1,2,0,3,0,1,3,3,N,N,39 56:22.681,75 11:53.378,859, ,856,1,1,3,N, ,3,N, , , , ,4091, , , ,3,2,0,0,0,0,0,1,0,0,0,0,1,1,0,0,0,0,0,0,1,0,0,0,0,0,0,0,0,0,0,0,0,0,0,8,0,39.9396,-75.1982, ,Philadelphia
 ,259,2017025986,6,67,67301,2017,3,7,1351,13,1,1,0,4,1, , ,N,1,2,0,3,0,0,2,2,N,N,39 54:50.431,75 08:59.775,1414, ,1353, ,0, , , ,3, , , , , ,4100, , , ,2,2,0,0,0,0,0,0,0,0,0,0,0,0,0,0,0,0,0,0,1,0,0,0,0,0,0,0,0,0,0,0,0,0,0,0,0,39.914,-75.1499, ,Philadelphia
 ,260,2017043828,6,67,67301,2017,4,2,1917,19,1,1,0,4,1, , ,N,2,0,0,3,0,1,3,2,N,N,40 02:40.458,75 03:08.036,1921, ,1919, ,0, ,N, ,0, , , , , ,4121, , , ,1,1,0,0,0,0,0,0,1,0,0,1,1,0,0,0,0,0,0,0,0,0,0,0,0,0,0,0,0,0,0,0,0,0,0,4,0,40.0446,-75.0522, ,Philadelphia
 ,261,2017052986,6,67,67301,2017,4,4,1701,17,1,1,0,1,1, , ,N,0,0,0,3,0,0,3,3,N,N,39 54:01.640,75 09:21.460,1702, ,1701, ,0, , , ,0, , , , , ,4123, , , ,3,2,0,0,1,0,0,0,0,0,0,0,0,0,0,0,0,0,0,0,0,0,0,0,0,0,0,0,0,0,0,0,0,0,0,0,0,39.9005,-75.156, ,Philadelphia
 ,262,2017008748,6,67,67301,2017,1,6,1115,11,1,1,1,4,1, , ,N,1,0,1,3,0,0,1,2,N, ,39 58:02.240,75 08:12.065,1211, ,1205,9,2,1, , ,0,Y, , , , ,4131, , , ,2,0,0,0,1,1,0,0,0,0,0,0,0,0,0,0,0,0,0,0,0,0,0,0,0,0,0,0,0,0,0,0,0,0,0,0,1,39.9673,-75.1367, ,Philadelphia
 ,263,2017019114,6,67,67301,2017,2,4,1150,11,1,1,0,8,1, , ,N,0,0,0,3,0,1,2,2,N,N,39 56:29.618,75 09:50.945,1210, ,1155, ,0, ,N, ,0, , , , , ,4134, , , ,1,0,0,0,0,0,0,0,0,0,0,1,1,0,0,0,0,0,0,0,0,0,0,0,0,0,0,0,0,0,0,0,1,0,0,4,0,39.9416,-75.1642, ,Philadelphia
 ,264,2017010564,6,67,67301,2017,1,2,650,6,1,1,0,4,6, , ,N,0,0,0,3,0,1,1,2,N,N,39 59:39.848,75 09:29.483,706, ,703,2,2,3,N, ,0,Y, , , , ,4138, , , ,2,0,0,0,1,0,1,0,0,0,0,0,1,1,0,0,0,0,0,0,0,0,0,0,0,0,0,0,0,0,0,0,0,0,0,8,0,39.9944,-75.1582, ,Philadelphia
 ,265,2017007752,6,67,67301,2017,1,2,15,0,3,1,0,7,4, , ,N,0,0,0,3,0,0,1,1,N,N,40 05:56.720,74 59:44.670,18, ,15, ,0, ,N, ,0, , , , , ,4141, , , ,1,1,0,0,0,0,0,0,0,0,0,0,0,0,0,0,0,0,0,0,0,0,0,0,0,0,0,0,0,0,0,0,0,0,0,0,0,40.0991,-74.9957, ,Philadelphia
 ,266,2017037361,6,67,67301,2017,3,1,1900,19,1,1,0,4,1, , ,N,1,2,0,3,0,2,2,2,N,N,39 58:53.767,75 15:03.834,1905, ,1902, ,0, , , ,3, , , , , ,4144, , , ,2,2,0,0,0,0,0,0,0,0,0,0,2,2,0,0,0,0,0,0,0,0,0,1,0,0,0,0,0,0,0,0,0,0,0,8,0,39.9816,-75.2511, ,Philadelphia
 ,267,2017028907,6,67,67301,2017,2,5,820,8,1,1,0,4,1, , ,N,1,3,0,3,0,1,4,2,N,N,40 01:40.501,75 10:45.508,910, ,857, ,0, ,N, ,3, , , , , ,4147, , , ,2,2,0,0,0,0,0,0,0,0,0,1,1,0,0,0,0,0,0,0,0,1,0,0,0,0,0,0,0,0,0,0,0,0,0,4,0,40.0279,-75.1793, ,Philadelphia
 ,268,2017067865,6,67,67301,2017,6,6,1444,14,1,1,0,5,6, , ,N,0,0,0,3,0,1,2,2,N, ,40 02:46.012,75 08:35.091,1446, ,1446, ,0, , , ,0, , , , , ,4169, , , ,2,2,0,0,0,0,0,0,0,0,0,0,1,1,0,0,0,0,0,0,0,1,0,0,0,0,0,0,0,0,0,0,0,0,0,8,0,40.0461,-75.1431, ,Philadelphia
 ,269,2017033575,6,67,67301,2017,2,2,1805,18,3,1,0,4,1, , ,N,1,2,0,3,0,1,2,2,N,N,40 02:48.424,75 04:13.037,1805, ,1805,2,2,2, , ,3,Y, , , , ,4193, , , ,2,1,1,0,0,0,0,0,0,1,0,0,1,0,0,0,0,0,0,0,0,0,0,1,0,0,0,0,0,1,0,0,0,0,0,2,0,40.0468,-75.0703, ,Philadelphia
 ,270,2017033138,6,67,67301,2017,2,6,1020,10,1,1,0,1,1, , ,N,0,0,7,3,0,1,3,2,N,N,40 04:41.328,75 10:29.360,1050, ,1043, ,0, , , ,0, , , , , ,4196, , , ,2,0,0,0,0,0,1,1,0,0,0,1,1,0,0,0,0,0,0,0,1,0,0,0,0,0,0,0,0,0,0,0,0,0,0,4,0,40.0781,-75.1748, ,Philadelphia
 ,271,2017037404,6,67,67301,2017,3,4,2346,23,3,1,0,1,1, , ,N,0,0,0,3,0,1,2,2,N,N,39 59:21.413,75 11:52.201,2346, ,2346, ,0, ,N, ,0, , , , , ,3479, , , ,2,1,0,0,0,0,1,0,0,0,0,0,1,1,0,0,0,0,0,0,0,0,0,0,0,0,0,0,0,0,0,0,0,0,0,8,0,39.9893,-75.1978, ,Philadelphia
 ,272,2017028842,6,67,67301,2017,2,7,1913,19,3,1,0,1,1, , ,N,1,2,0,3,0,1,7,3,N,N,39 54:20.210,75 11:38.294,2010, ,2004, ,0, , , ,3, , , , , ,3483, , , ,3,2,0,0,0,0,1,0,0,0,0,0,1,1,0,0,0,0,0,0,0,0,0,1,0,0,0,0,0,0,0,0,0,0,0,8,0,39.9057,-75.1938, ,Philadelphia
 ,273,2017067925,6,67,67301,2017,6,6,9999,99,3,1,0,8,1, , ,N,1,2,0,3,0,1,2,2,N, ,40 00:43.128,75 08:09.038,2101, ,2057, ,0, , , ,3, , , , , ,3501, , , ,1,0,0,0,0,0,0,0,0,0,0,1,1,0,0,0,0,0,0,0,0,0,0,0,0,0,0,0,0,0,0,0,1,0,0,4,0,40.012,-75.1358, ,Philadelphia
 ,274,2017037349,6,67,67301,2017,3,4,150,1,3,1,0,5,4, , ,N,0,0,0,3,0,1,1,3,N, ,40 00:57.884,75 09:12.774,157, ,154, ,0, , , ,0, , , , , ,3535, , , ,3,1,0,0,1,0,1,0,0,0,0,0,1,1,0,0,0,0,0,0,0,0,0,0,0,0,0,0,0,0,0,0,0,0,0,8,0,40.0161,-75.1536, ,Philadelphia
 ,275,2017051967,6,67,67301,2017,5,2,847,8,1,2,1,1,1, , ,N,0,0,0,3,0,1,4,3,N,N,39 56:50.172,75 11:36.318,850, ,847, ,0, ,N, ,0, , , , , ,3552, , , ,3,2,0,0,0,0,0,1,0,0,1,0,1,0,0,0,0,0,0,0,0,1,1,3,0,0,0,0,0,0,0,0,0,0,0,3,0,39.9473,-75.1934, ,Philadelphia
 ,276,2017010628,6,67,67301,2017,1,6,741,7,1,4,5,4,1, , ,N,0,0,3,3,0,3,3,2,N,N,39 55:51.170,75 13:21.920,746, ,744,1,2,5,N, ,0,Y, , , , ,3561, , , ,2,0,0,0,0,0,2,0,0,0,0,3,3,0,0,0,0,0,0,0,0,1,0,0,0,0,0,0,0,0,0,0,0,0,0,4,0,39.9309,-75.2228, ,Philadelphia
 ,277,2017041375,6,67,67301,2017,4,3,945,9,1,1,0,1,1, , ,N,0,0,0,3,0,1,1,2,N,N,40 00:48.619,75 08:50.031,1015, ,1000, ,0, ,N, ,0, , , , , ,3569, , , ,2,1,0,0,0,0,0,0,0,0,0,1,1,0,0,0,0,0,0,0,1,0,0,0,0,0,0,0,0,0,0,0,0,0,0,4,0,40.0135,-75.1472, ,Philadelphia
 ,278,2017025980,6,67,67301,2017,3,5,2107,21,3,1,0,1,1, , ,N,0,0,0,3,0,2,9,3,N,N,39 58:46.534,75 12:16.000,2109, ,2107, ,0, , , ,0, , , , , ,3577, , , ,3,2,0,0,0,0,1,0,0,0,0,0,2,2,0,0,0,0,0,0,0,1,0,0,0,0,0,0,0,0,0,0,0,0,0,8,0,39.9791,-75.2037, ,Philadelphia
 ,279,2017043820,6,67,67301,2017,4,3,1130,11,1,1,0,4,1, , ,N,1,2,0,3,0,1,2,2,N,N,39 57:02.469,75 09:01.365,1625, ,1625, ,0, ,N, ,3, , , , , ,3580, , , ,2,1,0,1,0,0,0,0,0,0,0,1,1,0,0,0,0,0,0,0,1,0,0,0,0,0,0,0,0,0,0,0,0,0,0,4,1,39.9507,-75.1504, ,Philadelphia
 ,280,2017052426,6,67,67301,2017,4,4,630,6,1,2,1,1,1, , ,N,6,4,2,3,0,0,2,2,N,N,40 00:47.499,75 12:23.255,739, ,713, ,0, ,N, ,3, , , , , ,3584, , , ,2,1,0,0,0,0,1,0,0,0,0,0,0,0,0,0,0,0,0,0,0,0,0,0,0,0,0,0,0,0,0,0,0,0,0,0,0,40.0132,-75.2065, ,Philadelphia
 ,281,2017061710,6,67,67301,2017,6,7,423,4,3,1,0,5,1, , ,N,0,0,0,3,0,2,4,2,N,N,39 57:25.524,75 09:24.020,429, ,423,1,1,3, , ,0,N, , , , ,3599, , , ,2,1,0,0,0,1,0,0,0,0,2,0,2,0,0,0,0,0,0,0,0,0,0,0,0,0,0,0,0,0,0,0,0,0,0,3,1,39.9571,-75.1567, ,Philadelphia
 ,282,2017007887,6,67,67301,2017,1,3,9999,99,1,2,1,4,1, , ,N,1,3,0,3,0,1,2,2,N,N,40 01:22.324,75 08:06.575,9999, ,9999, ,0, ,N, ,3, , , , , ,3603, , , ,2,0,0,0,0,1,1,0,0,0,0,1,1,0,1,0,0,0,0,0,1,0,0,0,0,0,0,0,0,0,0,0,0,0,0,4,1,40.0229,-75.1352, ,Philadelphia
 ,283,2017033515,6,67,67301,2017,2,7,9,0,3,1,0,3,1, , ,N,0,0,7,3,0,0,4,3,N,N,40 01:18.900,75 07:38.400,13, ,11, ,0, ,N, ,0, , , , , ,3615, , , ,3,1,0,0,0,0,1,1,0,0,0,0,0,0,1,0,0,0,0,0,0,0,0,0,0,0,0,0,0,0,0,0,0,0,0,9,0,40.0219,-75.1273, ,Philadelphia
 ,284,2017021639,6,67,67301,2017,2,1,1518,15,1,2,1,4,1, , ,N,2,2,0,3,0,3,3,3,N, ,39 54:09.056,75 13:29.172,1535, ,1520,2,1,1, , ,3,N, , , , ,3637, , , ,3,3,0,0,0,0,0,0,0,0,0,3,3,0,0,0,0,0,0,0,0,0,0,0,0,0,0,0,0,0,0,0,0,0,0,4,0,39.9025,-75.2248, ,Philadelphia
 ,285,2017035730,6,67,67301,2017,3,6,1512,15,1,9,0,8,1, , ,N,1,3,0,3,0,1,2,2,N,N,39 59:13.857,75 09:02.072,1715, ,1715, ,0, ,N, ,3, , , , , ,3666, , , ,1,1,0,0,0,0,0,0,0,0,0,1,1,0,1,0,0,0,0,0,0,0,0,0,0,0,0,0,0,0,0,0,1,0,0,4,0,39.9872,-75.1505, ,Philadelphia
 ,286,2017033565,6,67,67301,2017,2,1,1506,15,1,1,0,4,1, , ,N,1,2,0,3,0,2,2,2,N,N,40 00:51.570,75 10:41.163,1523, ,1518, ,0, ,N, ,3, , , , , ,3668, , , ,2,2,0,0,0,0,0,0,0,0,0,1,2,1,0,0,0,0,0,0,1,0,0,0,0,0,0,0,0,0,0,0,0,0,0,4,0,40.0143,-75.1781, ,Philadelphia
 ,287,2017031412,6,67,67301,2017,3,4,1428,14,1,1,0,7,2, , ,N,0,8,3,3,0,1,1,1,N,N,39 57:16.500,75 08:39.200,1430, ,1428,2,1,3,N, ,3,N, , , , ,3676, , , ,1,1,0,0,0,0,0,0,0,0,0,0,1,1,0,0,0,0,0,0,0,0,0,0,0,0,0,0,0,0,0,0,0,0,0,8,0,39.9546,-75.1442, ,Philadelphia
 ,288,2017005491,6,67,67301,2017,1,5,1828,18,3,1,0,4,1, , ,N,2,2,0,3,0,2,9,3,N,N,39 53:31.043,75 14:31.507,1836, ,1830,2,1,1,N, ,3,N, , , , ,3699, , , ,3,1,0,1,0,0,1,0,0,0,0,0,2,2,0,0,0,0,0,0,0,0,0,0,0,0,0,0,0,0,0,0,0,0,0,8,1,39.8919,-75.2419, ,Philadelphia
 ,289,2017042316,6,67,67301,2017,3,4,1617,16,1,1,0,7,2, , ,N,0,0,0,3,0,0,1,1,N,N,39 54:47.355,75 08:54.585,1626, ,1617,1,2,2, , ,0,Y, , , , ,3709, , , ,1,0,0,0,0,0,1,0,0,0,0,0,0,0,0,0,0,0,0,0,0,0,0,0,0,0,0,0,0,0,0,0,0,0,0,0,0,39.9132,-75.1485, ,Philadelphia
 ,290,2017044858,6,67,67301,2017,4,3,2112,21,6,2,1,7,3, , ,N,0,0,0,3,0,2,2,1,N,N,40 02:30.732,75 00:15.193,2124, ,2112,2,2,2, , ,0,N, , , , ,3725, , , ,1,0,0,0,1,0,0,0,0,0,2,0,2,0,0,0,0,0,0,0,0,0,0,0,0,0,0,0,0,0,0,0,0,0,0,3,0,40.0419,-75.0042, ,Philadelphia
 ,291,2017060450,6,67,67301,2017,5,1,112,1,3,1,0,2,6, , ,N,0,0,0,3,0,0,1,3,N,N,40 04:38.618,75 02:10.931,115, ,112, ,0, ,N, ,0, , , , , ,3734, , , ,3,1,0,0,1,0,1,0,0,0,0,0,0,0,0,0,0,0,0,0,1,0,0,0,0,0,0,0,0,0,0,0,0,0,0,0,0,40.0774,-75.0364, ,Philadelphia
 ,292,2017039294,6,67,67301,2017,3,6,19,0,2,2,1,4,1, , ,N,0,0,0,3,0,1,3,2,N,N,39 58:55.337,75 12:27.281,19, ,19,1,1,3, , ,0,N, , , , ,3752, , , ,2,1,0,0,0,0,1,0,0,0,0,1,1,0,0,0,0,0,0,0,0,0,0,0,0,0,0,0,0,0,0,0,0,0,0,4,0,39.9815,-75.2071, ,Philadelphia
 ,293,2017035803,6,67,67301,2017,3,3,1704,17,1,1,0,8,1, , ,N,0,0,0,3,0,1,2,3,N, ,40 02:27.128,75 03:41.155,1711, ,1708, ,0, , , ,0, , , , , ,3760, , , ,2,1,0,0,0,0,0,1,0,0,1,0,1,0,0,0,0,0,0,0,0,0,0,1,0,0,0,0,0,0,0,0,1,0,0,3,0,40.0409,-75.0614, ,Philadelphia
 ,294,2017021550,6,67,67301,2017,2,5,2020,20,3,8,5,7,4, , ,N,0,0,0,3,0,1,1,1,N,N,40 06:36.240,74 59:39.579,2045, ,2028,9,2,2,N, ,0,Y, , , , ,3764, , , ,1,1,0,0,0,0,0,0,0,0,1,0,1,0,0,0,0,0,0,0,1,0,0,0,0,0,0,0,0,0,0,0,0,0,0,3,0,40.1101,-74.9943, ,Philadelphia
 ,295,2017058260,6,67,67301,2017,5,4,1430,14,1,1,0,4,1, , ,N,1,3,0,3,0,1,2,2,N,N,39 58:12.547,75 13:42.780,1453, ,1439, ,0, ,N, ,3, , , , , ,3782, , , ,2,1,0,0,0,0,1,0,0,0,0,1,1,0,0,0,0,0,0,0,0,0,0,1,0,0,0,0,0,0,0,0,0,0,0,4,0,39.9702,-75.2286, ,Philadelphia
 ,296,2017058379,6,67,67301,2017,5,2,918,9,1,1,0,4,1, , ,N,1,3,0,3,0,2,2,2,N,N,40 02:06.500,75 02:51.082,920, ,919,1,1,3,N, ,3,Y, , , , ,3784, , , ,2,1,0,0,0,0,1,0,0,0,0,0,2,2,0,0,0,0,0,0,0,0,0,0,0,0,0,0,0,0,0,0,0,0,0,8,0,40.0351,-75.0475, ,Philadelphia
 ,297,2017015755,6,67,67301,2017,2,2,1930,19,3,1,0,7,2, , ,N,0,0,0,3,0,0,1,1,N,N,39 55:54.489,75 11:59.077,1947, ,1930,1,2,4, , ,0,N, , , , ,3796, , , ,1,0,0,0,0,0,0,1,0,0,0,0,0,0,0,0,0,0,0,0,0,0,0,0,0,0,0,0,0,0,0,0,0,0,0,0,0,39.9318,-75.1997, ,Philadelphia
 ,298,2017010629,6,67,67301,2017,1,6,2121,21,3,1,1,8,1, , ,N,0,2,0,3,0,1,3,2,N,N,39 59:35.090,75 09:34.740,2127, ,2124, ,0, ,N, ,3, , , , , ,3802, , , ,1,1,0,0,0,0,0,0,0,0,0,1,1,0,0,0,0,0,0,0,0,0,0,0,0,0,0,0,0,0,0,0,1,0,0,4,0,39.9931,-75.1597, ,Philadelphia
 ,299,2017025242,6,67,67301,2017,3,5,748,7,1,1,0,5,1, , ,N,0,8,0,3,0,2,5,4,N,N,39 59:53.940,75 11:45.141,812, ,803, ,0, , , ,3, , , , , ,3808, , , ,4,4,0,0,0,0,0,0,0,0,1,1,2,0,0,0,0,0,0,1,1,0,0,0,0,0,0,0,0,0,0,0,0,0,0,3,0,39.9983,-75.1959, ,Philadelphia
 ,300,2017052139,6,67,67301,2017,4,6,1015,10,1,1,0,1,6, , ,N,0,0,0,3,0,0,1,3,N, ,39 59:11.162,75 06:16.232,1036, ,1032, ,0, , , ,0, , , , , ,3836, , , ,3,1,0,0,0,0,2,0,0,0,0,0,0,0,1,0,0,0,0,0,0,0,0,0,0,0,0,0,0,0,0,0,0,0,0,9,0,39.9864,-75.1045, ,Philadelphia
 ,301,2017037515,6,67,67301,2017,3,5,1750,17,1,8,5,4,1, , ,N,5,2,0,3,0,2,2,2,N,N,39 57:49.562,75 09:31.935,1959, ,1952, ,0, ,N, ,3, , , , , ,3851, , , ,2,0,0,0,0,0,2,0,0,0,0,2,2,0,0,0,0,0,0,0,0,0,0,0,0,0,0,0,0,0,0,0,0,0,0,4,0,39.9637,-75.1588, ,Philadelphia
 ,302,2017043807,6,67,67301,2017,4,3,1810,18,1,1,0,8,1, , ,N,0,0,0,3,0,1,2,2,N,N,39 58:03.173,75 09:36.779,1813, ,1811,1,1,1,N, ,0,N, , , , ,3854, , , ,1,0,0,0,0,0,1,0,0,0,0,1,1,0,0,0,0,0,0,0,0,0,0,0,0,0,0,0,0,0,0,0,1,0,0,4,0,39.9675,-75.1602, ,Philadelphia
 ,303,2017028902,6,67,67301,2017,2,1,1245,12,1,1,0,4,1, , ,N,2,3,0,3,0,1,2,2,N, ,40 01:02.895,75 09:04.067,1251, ,1247,1,1,1, , ,3,N, , , , ,3867, , , ,2,2,0,0,0,0,0,0,0,0,0,1,1,0,0,0,0,0,0,0,0,0,0,0,0,0,0,0,0,0,0,0,0,0,0,4,0,40.0175,-75.1511, ,Philadelphia
 ,304,2017041332,6,67,67301,2017,4,5,720,7,1,2,1,4,1, , ,N,1,2,0,3,0,1,3,2,N, ,39 55:01.859,75 14:46.691,930, ,926, ,0, , , ,3, , , , , ,3869, , , ,2,1,0,0,0,0,1,0,0,0,0,0,1,1,0,0,0,0,0,0,0,0,0,0,0,0,0,0,0,0,0,0,0,0,0,8,0,39.9172,-75.2463, ,Philadelphia
 ,305,2017052079,6,67,67301,2017,4,4,2130,21,3,1,0,8,1, , ,N,0,0,0,3,0,2,3,3,N,N,40 02:34.675,75 07:34.113,32, ,24, ,0, ,N, ,0, , , , , ,3874, , , ,1,0,0,0,0,0,1,0,0,0,1,1,2,0,1,0,0,0,0,0,1,0,0,0,0,0,0,0,0,0,0,0,2,0,0,3,0,40.043,-75.1261, ,Philadelphia
 ,306,2017052467,6,67,67301,2017,4,5,1700,17,1,1,0,4,1, , ,N,0,0,0,3,0,1,2,2,N,N,40 01:44.652,75 03:43.978,1735, ,1732, ,0, ,N, ,0, , , , , ,3881, , , ,1,0,0,0,0,0,1,0,1,0,0,1,1,0,0,0,0,0,0,0,0,0,0,0,0,0,0,0,0,0,0,0,0,0,0,4,0,40.0291,-75.0622, ,Philadelphia
 ,307,2017018993,6,67,67301,2017,1,6,1636,16,1,1,0,5,6, , ,N,0,0,0,3,0,0,1,5,N,N,39 57:40.071,75 12:59.577,1642, ,1638, ,0, ,N, ,0, , , , , ,3902, , , ,5,4,0,0,0,0,1,0,0,0,0,0,0,0,0,0,0,0,0,0,1,0,0,0,0,0,0,0,0,0,0,0,0,0,0,0,0,39.9611,-75.2165, ,Philadelphia
 ,308,2017035751,6,67,67301,2017,2,3,1538,15,1,1,0,4,1, , ,N,1,2,0,3,0,8,10,2,N,N,40 00:14.108,75 08:57.073,1550, ,1540,1,1,2,N, ,3,N, , , , ,3908, , , ,2,0,0,1,0,0,1,0,0,0,0,7,8,1,0,0,0,0,0,0,1,0,0,1,0,0,0,0,0,0,0,0,0,0,0,4,1,40.0039,-75.1492, ,Philadelphia
 ,309,2017060571,6,67,67301,2017,5,7,2330,23,3,1,0,5,6, , ,N,0,0,0,3,0,3,4,2,N,N,39 57:25.477,75 13:31.748,2330, ,2330, ,0, ,N, ,0, , , , , ,3930, , , ,2,1,0,0,0,0,1,0,0,0,0,3,3,0,0,0,0,0,0,0,1,0,0,1,0,0,0,0,0,0,0,0,0,0,0,4,0,39.9571,-75.2255, ,Philadelphia
N,310,2017035370,6,67,67301,2017,3,2,48,0,3,1,0,0,1,1,4,Y,0,0,0,3,0,1,2,2,N,N,40 00:07.958,75 04:42.338,59,45,56,1,1,2, , ,0,N,N,N,N,N,3952,N,Y,N,2,2,0,0,0,0,0,0,0,0,1,0,1,0,0,0,0,0,0,0,0,0,0,0,0,0,0,0,0,0,0,0,0,0,0,3,0,40.0022,-75.0784, ,Philadelphia
 ,311,2017043826,6,67,67301,2017,4,3,1709,17,1,1,0,1,2, , ,N,0,0,0,3,0,1,2,3,N, ,40 03:38.041,75 00:33.700,1715, ,1712,1,1,1, , ,0,N, , , , ,3957, , , ,3,0,0,0,1,0,1,1,0,0,0,0,1,1,1,0,0,0,0,0,1,0,0,0,0,0,0,0,0,0,0,0,0,0,0,8,0,40.0606,-75.0094, ,Philadelphia
 ,312,2017037509,6,67,67301,2017,3,6,9999,99,1,1,0,4,1, , ,N,1,2,0,3,0,0,2,2,N, ,40 02:42.672,75 13:54.227,1450, ,1445, ,0, , , ,3, , , , , ,3958, , , ,2,2,0,0,0,0,0,0,0,0,0,0,0,0,0,0,0,0,0,0,0,1,0,2,0,0,0,0,0,0,0,0,0,0,0,0,0,40.0452,-75.2317, ,Philadelphia
 ,313,2017020520,6,67,67301,2017,2,2,1835,18,3,1,0,4,1, , ,N,0,0,0,3,0,1,5,2,N,N,39 57:21.055,75 11:27.598,1837, ,1836,2,1,4,N, ,0,N, , , , ,3959, , , ,2,1,0,0,0,0,0,1,0,0,0,0,1,1,0,0,0,0,0,0,0,0,0,0,0,0,0,0,0,0,0,0,0,0,0,8,0,39.9558,-75.191, ,Philadelphia
 ,314,2017060750,6,67,67301,2017,5,4,1755,17,1,1,0,4,1, , ,N,5,3,0,3,0,1,2,2,N,N,39 55:57.332,75 10:52.838,1804, ,1800, ,0, , , ,3, , , , , ,3975, , , ,1,0,0,0,1,0,0,0,1,0,0,1,1,0,0,0,0,0,0,0,0,0,0,0,0,0,0,0,0,0,0,0,0,0,0,4,0,39.9326,-75.1813, ,Philadelphia
 ,315,2017070966,6,67,67301,2017,1,2,1800,18,3,1,0,1,1, , ,N,1,2,0,3,0,1,2,2,N,N,40 01:31.746,75 07:20.688,0, ,0, ,0, ,N, ,3, , , , , ,3981, , , ,2,1,0,0,0,0,0,1,0,0,0,1,1,0,1,0,0,0,0,0,0,0,0,0,0,0,0,0,0,0,0,0,0,0,0,4,0,40.0255,-75.1224, ,Philadelphia
 ,316,2017019135,6,67,67301,2017,1,1,1600,16,1,1,0,1,1, , ,N,2,0,0,3,0,1,4,3,N, ,40 03:30.800,75 14:02.400,1615, ,1610, ,0, ,N, ,0, , , , , ,3990, , , ,3,1,0,0,0,0,1,0,0,0,0,0,1,1,0,0,0,0,0,0,0,0,0,0,0,0,0,0,0,0,0,0,0,0,0,8,0,40.059,-75.2344, ,Philadelphia
 ,317,2017019177,6,67,67301,2017,1,7,2130,21,3,1,0,4,1, , ,N,1,2,0,3,0,3,3,2,N,N,40 03:34.246,75 03:07.165,2132, ,2130,2,2,4,N, ,3,N, , , , ,3999, , , ,2,2,0,0,0,0,0,0,0,0,0,0,3,3,0,0,0,0,1,0,0,0,0,1,0,0,0,0,0,0,0,0,0,0,0,8,0,40.0595,-75.052, ,Philadelphia