wz_ln_closure,objectid_1,crn,district,county,municipality,crash_year,crash_month,day_of_week,time_of_day,hour_of_day,illumination,weather,road_condition,collision_type,relation_to_road,work_zone_type,work_zone_loc,work_zone_ind,intersect_type,tcd_type,location_type,urban_rural,fatal_count,injury_count,person_count,total_units,sch_bus_ind,sch_zone_ind,latitude,longitude,arrival_tm,cons_zone_spd_lim,dispatch_tm,est_hrs_closed,lane_closed,ln_close_dir,ntfy_hiwy_maint,spec_juris_cd,tcd_func_cd,tfc_detour_ind,workers_pres,wz_close_detour,wz_flagger,wz_law_offcr_ind,objectid,wz_moving,wz_other,wz_shlder_mdn,vehicle_count,automobile_count,motorcycle_count,bus_count,small_truck_count,heavy_truck_count,suv_count,van_count,bicycle_count,maj_inj_count,mod_inj_count,min_inj_count,tot_inj_count,unk_inj_deg_count,unk_inj_per_count,driver_count_16yr,driver_count_17yr,driver_count_18yr,driver_count_19yr,driver_count_20yr,driver_count_50_64yr,driver_count_65_74yr,driver_count_75plus,unbelted_occ_count,unb_death_count,unb_maj_inj_count,belted_death_count,belted_maj_inj_count,mcycle_death_count,mcycle_maj_inj_count,bicycle_death_count,bicycle_maj_inj_count,ped_count,ped_death_count,ped_maj_inj_count,max_severity_level,comm_veh_count,dec_lat,dec_long,rdwy_surf_type_cd,county_name
 ,447,2017033067,6,67,67301,2017,3,6,1632,16,1,1,0,8,1, , ,N,1,3,0,3,0,1,2,2,N,N,39 57:55.638,75 12:00.277,1639, ,1637, ,0, , , ,3, , , , , ,5677, , , ,1,1,0,0,0,0,0,0,0,1,0,0,1,0,0,0,0,0,0,0,0,0,0,0,0,0,0,0,0,0,0,0,1,0,1,2,0,39.9655,-75.2001, ,Philadelphia
 ,448,2017035585,6,67,67301,2017,3,6,915,9,1,4,1,6,1, , ,N,0,0,0,3,0,1,3,3,N,N,39 58:05.923,75 15:43.477,936, ,932, ,0, ,N, ,0, , , , , ,5678, , , ,3,3,0,0,0,0,0,0,0,0,0,1,1,0,0,0,0,0,0,0,0,0,0,0,0,0,0,0,0,0,0,0,0,0,0,4,0,39.9683,-75.2621, ,Philadelphia
 ,449,2017052276,6,67,67301,2017,4,6,1500,15,1,1,0,8,1, , ,N,1,0,0,3,0,1,2,2,N,N,39 56:28.410,75 10:21.320,1537, ,1529, ,0, , , ,0, , , , , ,5697, , , ,1,1,0,0,0,0,0,0,0,0,0,0,1,1,0,0,0,0,0,0,0,0,0,0,0,0,0,0,0,0,0,0,1,0,0,8,0,39.9412,-75.1726, ,Philadelphia
 ,450,2017023190,6,67,67301,2017,2,6,1914,19,3,1,0,7,3, , ,N,0,0,0,3,0,0,1,1,N,N,40 01:33.754,75 01:38.076,1924, ,1914,2,2,1, , ,0,N, , , , ,5725, , , ,1,0,0,0,0,0,0,1,0,0,0,0,0,0,0,0,0,0,0,0,1,0,0,1,0,0,0,0,0,0,0,0,0,0,0,0,0,40.026,-75.0272, ,Philadelphia
 ,451,2017045753,6,67,67301,2017,4,5,1030,10,1,1,0,4,1, , ,N,1,3,0,3,0,0,2,2,N, ,39 55:48.669,75 09:35.222,1036, ,1036,1,2,1, , ,3,N, , , , ,4203, , , ,2,1,0,0,0,0,1,0,0,0,0,0,0,0,0,0,0,0,0,0,1,0,0,0,0,0,0,0,0,0,0,0,0,0,0,0,0,39.9302,-75.1598, ,Philadelphia
 ,452,2017021597,6,67,67301,2017,2,7,1420,14,1,1,0,4,1, , ,N,0,0,7,3,0,1,2,2,N,N,40 00:25.065,75 11:19.926,1427, ,1424, ,0, ,N, ,0, , , , , ,4209, , , ,1,1,0,0,0,0,0,0,1,0,0,0,1,1,0,0,0,0,0,0,0,0,0,1,0,0,0,0,0,0,0,0,0,0,0,8,0,40.007,-75.1889, ,Philadelphia
 ,453,2017053346,6,67,67301,2017,5,6,1331,13,1,1,1,1,1, , ,N,0,0,0,3,0,0,4,4,N,N,40 00:33.033,75 04:00.784,1339, ,1331, ,0, , , ,0, , , , , ,4215, , , ,4,2,0,0,1,0,1,0,0,0,0,0,0,0,0,0,0,0,0,0,0,1,0,0,0,0,0,0,0,0,0,0,0,0,0,0,0,40.0092,-75.0669, ,Philadelphia
 ,454,2017021540,6,67,67301,2017,2,4,818,8,1,1,0,8,1, , ,N,2,0,0,3,0,1,2,2,N,N,39 56:57.814,75 10:09.260,830, ,821, ,0, ,N, ,0, , , , , ,4248, , , ,1,0,0,0,1,0,0,0,0,0,0,1,1,0,0,0,0,0,0,0,1,0,0,0,0,0,0,0,0,0,0,0,1,0,0,4,0,39.9494,-75.1692, ,Philadelphia
 ,455,2017028919,6,67,67301,2017,2,7,2337,23,3,1,0,1,6, , ,N,0,0,0,3,0,1,1,3,N,N,39 59:21.791,75 07:14.263,9999, ,2350, ,0, ,N, ,0, , , , , ,4253, , , ,3,2,0,0,0,0,1,0,0,0,1,0,1,0,0,0,0,0,0,0,0,0,0,0,0,0,0,0,0,0,0,0,0,0,0,3,0,39.9894,-75.1206, ,Philadelphia
 ,456,2017041137,6,67,67301,2017,4,3,1515,15,1,1,0,1,1, , ,N,0,0,0,3,0,3,5,3,N, ,40 04:14.186,75 04:16.384,9999, ,1532, ,0, , , ,0, , , , , ,4255, , , ,3,2,0,0,1,0,0,0,0,0,0,3,3,0,0,0,0,0,0,0,0,0,0,0,0,0,0,0,0,0,0,0,0,0,0,4,0,40.0706,-75.0712, ,Philadelphia
 ,457,2017060599,6,67,67301,2017,5,6,2044,20,3,1,0,8,1, , ,N,0,0,0,3,0,1,2,2,N,N,40 00:38.634,75 09:54.381,2044, ,2044, ,0, , , ,0, , , , , ,4262, , , ,1,1,0,0,0,0,0,0,0,1,0,0,1,0,0,0,0,0,0,0,0,0,0,0,0,0,0,0,0,0,0,0,1,0,1,2,0,40.0107,-75.1651, ,Philadelphia
 ,458,2017059497,6,67,67301,2017,6,7,1715,17,1,1,0,1,1, , ,N,0,0,0,3,0,0,5,2,N,N,39 57:08.419,75 11:17.556,1719, ,1717, ,0, ,N, ,0, , , , , ,4263, , , ,2,2,0,0,0,0,0,0,0,0,0,0,0,0,0,0,0,0,0,0,0,1,0,0,0,0,0,0,0,0,0,0,0,0,0,0,0,39.9523,-75.1882, ,Philadelphia
 ,459,2017008759,6,67,67301,2017,1,4,1800,18,1,1,0,8,1, , ,N,1,2,0,3,0,1,2,2,N,N,39 56:09.117,75 09:42.404,1805, ,805, ,0, ,N, ,3, , , , , ,4286, , , ,1,0,0,0,1,0,0,0,0,0,0,1,1,0,0,0,0,0,0,0,0,0,0,0,0,0,0,0,0,0,0,0,1,0,0,4,0,39.9359,-75.1618, ,Philadelphia
 ,460,2017060695,6,67,67301,2017,5,7,937,9,1,2,1,4,1, , ,N,1,3,0,3,0,0,2,3,N, ,40 02:32.010,75 04:48.588,942, ,939, ,0, , , ,3, , , , , ,4309, , , ,3,3,0,0,0,0,0,0,0,0,0,0,0,0,0,0,0,0,0,0,0,0,0,0,0,0,0,0,0,0,0,0,0,0,0,0,0,40.0422,-75.0802, ,Philadelphia
 ,461,2017055700,6,67,67301,2017,5,6,1438,14,1,1,1,1,1, , ,N,0,0,0,3,0,1,2,2,N, ,40 00:42.800,75 03:34.200,1609, ,1607, ,0, , , ,0, , , , , ,4313, , , ,2,1,0,0,0,0,0,1,0,0,0,1,1,0,0,0,0,0,0,0,0,0,0,0,0,0,0,0,0,0,0,0,0,0,0,4,0,40.0118,-75.0596, ,Philadelphia
 ,462,2017067824,6,67,67301,2017,6,5,1655,16,1,1,0,5,1, , ,N,0,0,2,3,0,1,3,2,Y,N,40 00:54.826,75 10:36.228,1722, ,1720, ,0, ,N, ,0, , , , , ,4315, , , ,2,1,0,1,0,0,0,0,0,0,0,1,1,0,0,0,0,0,0,0,1,0,0,0,0,0,0,0,0,0,0,0,0,0,0,4,1,40.0152,-75.1767, ,Philadelphia
 ,463,2017070460,6,67,67301,2017,6,4,2110,21,3,1,0,5,6, , ,N,0,0,0,3,0,0,1,4,N,N,39 56:47.415,75 08:59.058,2117, ,2110, ,0, , , ,0, , , , , ,4318, , , ,4,2,0,0,0,0,2,0,0,0,0,0,0,0,0,0,0,0,0,0,0,0,0,1,0,0,0,0,0,0,0,0,0,0,0,0,0,39.9465,-75.1497, ,Philadelphia
 ,464,2017050393,6,67,67301,2017,5,7,120,1,2,1,0,2,1, , ,N,0,0,3,3,0,1,2,2,N,N,39 53:36.480,75 11:45.776,128, ,120, ,0, , , ,0, , , , , ,4352, , , ,2,2,0,0,0,0,0,0,0,0,1,0,1,0,0,0,0,0,0,0,0,1,0,0,0,0,0,0,0,0,0,0,0,0,0,3,0,39.8935,-75.196, ,Philadelphia
 ,465,2017055506,6,67,67301,2017,4,7,325,3,3,7,0,7,3, , ,N,0,0,0,3,0,1,1,1,N,N,39 54:03.801,75 14:58.434,335, ,330, ,0, , , ,0, , , , , ,4355, , , ,1,1,0,0,0,0,0,0,0,0,0,0,1,1,0,0,0,0,0,0,0,0,0,0,0,0,0,0,0,0,0,0,0,0,0,8,0,39.9011,-75.2496, ,Philadelphia
 ,466,2017061965,6,67,67301,2017,5,5,2205,22,3,1,0,1,1, , ,N,0,0,0,3,0,0,3,3,N,N,39 56:38.520,75 11:31.571,2207, ,2205,1,2,4, , ,0,N, , , , ,4358, , , ,3,1,0,0,0,0,2,0,0,0,0,0,0,0,0,0,0,0,0,0,1,0,0,0,0,0,0,0,0,0,0,0,0,0,0,0,0,39.9438,-75.1923, ,Philadelphia
 ,467,2017014055,6,67,67301,2017,1,3,310,3,3,1,0,6,6, , ,N,0,0,0,3,0,1,1,4,N,N,39 56:42.131,75 13:47.865,318, ,315,2,1,4,N, ,0,N, , , , ,4376, , , ,4,4,0,0,0,0,0,0,0,0,0,1,1,0,0,0,0,0,0,0,0,0,0,0,0,0,0,0,0,0,0,0,0,0,0,4,0,39.945,-75.23, ,Philadelphia
 ,468,2017010588,6,67,67301,2017,1,6,712,7,1,1,6,4,1, , ,N,0,0,0,3,0,2,2,2,N,N,40 01:41.872,75 03:29.845,723, ,714,1,2,2,N, ,0,Y, , , , ,4379, , , ,2,1,0,0,0,0,1,0,0,0,0,2,2,0,0,0,0,0,0,0,0,0,0,0,0,0,0,0,0,0,0,0,0,0,0,4,0,40.0283,-75.0583, ,Philadelphia
 ,469,2017019121,6,67,67301,2017,2,4,1813,18,3,1,0,4,1, , ,N,1,2,0,3,0,0,2,2,N, ,40 05:18.095,75 02:38.676,1827, ,1824, ,0, , , ,3, , , , , ,4381, , , ,2,1,0,0,0,0,1,0,0,0,0,0,0,0,0,0,0,0,0,0,0,0,0,0,0,0,0,0,0,0,0,0,0,0,0,0,0,40.0884,-75.044, ,Philadelphia
 ,470,2017019096,6,67,67301,2017,2,4,925,9,1,1,0,4,1, , ,N,1,3,0,3,0,0,3,2,N, ,40 03:05.086,75 07:27.616,1005, ,1001, ,0, , , ,3, , , , , ,4382, , , ,2,1,0,0,0,0,0,1,0,0,0,0,0,0,0,0,0,0,0,0,0,0,0,2,0,0,0,0,0,0,0,0,0,0,0,0,0,40.0514,-75.1243, ,Philadelphia
 ,471,2017028853,6,67,67301,2017,2,7,557,5,3,1,0,6,1, , ,N,0,0,0,3,0,2,3,2,N,N,40 01:24.240,75 02:53.370,603, ,600, ,0, , , ,0, , , , , ,4402, , , ,2,1,0,0,0,0,0,1,0,0,0,2,2,0,0,0,0,0,0,0,1,0,0,1,0,0,0,0,0,0,0,0,0,0,0,4,0,40.0234,-75.0482, ,Philadelphia
 ,472,2017045234,6,67,67301,2017,4,6,2340,23,3,1,0,1,1, , ,N,0,0,3,3,0,1,2,2,N,N,39 53:16.531,75 13:01.164,2353, ,2340,2,1,1, , ,0,N, , , , ,4404, , , ,2,2,0,0,0,0,0,0,0,0,0,0,1,1,0,0,0,1,0,0,0,0,0,0,0,0,0,0,0,0,0,0,0,0,0,8,0,39.8879,-75.217, ,Philadelphia
 ,473,2017050692,6,67,67301,2017,5,2,741,7,1,1,0,5,1, , ,N,0,0,0,3,0,3,4,4,N,N,40 01:22.821,75 02:07.003,754, ,744,3,1,1, , ,0,N, , , , ,4409, , , ,4,1,0,0,0,1,2,0,0,0,2,0,3,1,0,0,0,0,0,0,2,1,0,0,0,0,0,0,0,0,0,0,0,0,0,3,1,40.023,-75.0353, ,Philadelphia
 ,474,2017037410,6,67,67301,2017,3,4,9999,99,1,1,0,4,1, , ,N,2,0,0,3,0,1,2,2,N,N,39 59:04.885,75 14:12.573,844, ,844, ,0, ,N, ,0, , , , , ,4432, , , ,2,2,0,0,0,0,0,0,0,0,0,1,1,0,0,0,0,0,0,0,0,0,0,0,0,0,0,0,0,0,0,0,0,0,0,4,0,39.9847,-75.2368, ,Philadelphia
 ,475,2017040534,6,67,67301,2017,4,1,29,0,3,1,0,7,4, , ,N,0,0,0,3,0,0,1,1,N,N,39 55:55.243,75 11:59.508,39, ,30, ,0, , , ,0, , , , , ,4442, , , ,1,1,0,0,0,0,0,0,0,0,0,0,0,0,0,0,0,0,0,0,0,0,0,0,0,0,0,0,0,0,0,0,0,0,0,0,0,39.932,-75.1999, ,Philadelphia
 ,476,2017052189,6,67,67301,2017,4,2,1040,10,1,2,1,4,1, , ,N,1,2,0,3,0,2,3,2,N,N,40 04:09.505,75 00:26.083,1044, ,1044, ,0, ,N, ,3, , , , , ,4450, , , ,2,0,0,0,0,0,1,1,0,0,0,0,2,2,0,0,0,0,0,0,2,0,0,0,0,0,0,0,0,0,0,0,0,0,0,8,0,40.0692,-75.0073, ,Philadelphia
 ,477,2017059744,6,67,67301,2017,6,1,1743,17,1,1,0,1,1, , ,N,1,2,0,3,0,1,4,3,N,N,39 57:15.980,75 12:18.387,1753, ,1753,1,2,4,N, ,3,Y, , , , ,4464, , , ,3,3,0,0,0,0,0,0,0,0,1,0,1,0,0,0,0,0,0,0,1,0,0,0,0,0,0,0,0,0,0,0,0,0,0,3,0,39.9544,-75.205, ,Philadelphia
 ,478,2017007883,6,67,67301,2017,1,3,854,8,1,2,1,4,1, , ,N,1,3,0,3,0,0,3,2,N,N,39 57:23.349,75 12:55.731,1037, ,1035, ,0, ,N, ,3, , , , , ,4471, , , ,2,1,0,0,0,0,1,0,0,0,0,0,0,0,0,0,0,0,0,0,1,0,0,0,0,0,0,0,0,0,0,0,0,0,0,0,0,39.9565,-75.2155, ,Philadelphia
 ,479,2017013188,6,67,67301,2017,1,2,757,7,1,8,5,1,1, , ,N,0,0,0,3,0,1,4,3,N,N,39 53:31.462,75 14:29.658,809, ,806,2,1,3, , ,0,N, , , , ,4472, , , ,3,2,0,0,1,0,0,0,0,0,0,1,1,0,0,0,0,0,0,0,0,0,0,0,0,0,0,0,0,0,0,0,0,0,0,4,0,39.8921,-75.2416, ,Philadelphia
 ,480,2017023937,6,67,67301,2017,2,6,1635,16,1,1,0,4,1, , ,N,1,0,0,3,0,0,4,2,N,N,39 55:31.134,75 10:37.011,1639, ,1639,1,1,3,N, ,0,N, , , , ,4477, , , ,2,2,0,0,0,0,0,0,0,0,0,0,0,0,0,0,0,0,0,0,0,0,1,0,0,0,0,0,0,0,0,0,0,0,0,0,0,39.9253,-75.1769, ,Philadelphia
 ,481,2017041362,6,67,67301,2017,4,7,845,8,1,1,0,6,6, , ,N,0,0,0,3,0,1,1,2,N,N,39 55:20.434,75 14:30.142,859, ,855, ,0, ,N, ,0, , , , , ,4478, , , ,2,0,0,0,1,0,0,1,0,0,0,1,1,0,0,0,0,0,0,1,0,0,0,0,0,0,0,0,0,0,0,0,0,0,0,4,0,39.9223,-75.2417, ,Philadelphia
 ,482,2017023936,6,67,67301,2017,2,5,1628,16,1,1,0,1,1, , ,N,0,2,0,3,0,1,4,2,N,N,39 59:45.570,75 06:46.774,1650, ,1630, ,0, ,N, ,3, , , , , ,4479, , , ,2,1,0,0,0,0,1,0,0,0,0,1,1,0,0,0,0,0,0,0,1,0,0,0,0,0,0,0,0,0,0,0,0,0,0,4,0,39.996,-75.113, ,Philadelphia
 ,483,2017035768,6,67,67301,2017,3,7,1025,10,1,1,0,7,5, , ,N,0,0,7,3,0,1,1,1,N, ,40 02:30.207,75 05:17.996,1045, ,1038, ,0, , , ,0, , , , , ,4482, , , ,1,0,0,0,0,0,0,1,0,0,0,1,1,0,0,0,0,0,0,0,1,0,0,0,0,0,0,0,0,0,0,0,0,0,0,4,0,40.0417,-75.0883, ,Philadelphia
 ,484,2017035617,6,67,67301,2017,3,1,158,1,3,1,0,7,5, , ,N,1,2,0,3,0,0,1,1,N,N,40 02:04.023,75 06:53.623,358, ,358, ,0, ,N, ,3, , , , , ,4493, , , ,1,1,0,0,0,0,0,0,0,0,0,0,0,0,0,0,0,0,0,0,0,0,0,1,0,0,0,0,0,0,0,0,0,0,0,0,0,40.0345,-75.1149, ,Philadelphia
 ,485,2017025282,6,67,67301,2017,3,7,2216,22,3,1,0,5,1, , ,N,0,0,0,3,0,2,6,3,N,N,40 02:20.311,75 00:31.361,2308, ,2300,2,2,2, , ,0,N, , , , ,4527, , , ,3,3,0,0,0,0,0,0,0,0,1,1,2,0,0,0,0,0,0,0,1,0,0,0,0,0,0,0,0,0,0,0,0,0,0,3,0,40.039,-75.0087, ,Philadelphia
 ,486,2017035640,6,67,67301,2017,3,1,137,1,3,1,0,4,1, , ,N,1,3,0,3,0,3,3,2,N, ,39 57:00.619,75 14:35.638,435, ,420, ,0, , , ,3, , , , , ,4528, , , ,2,2,0,0,0,0,0,0,0,0,0,3,3,0,0,0,0,1,0,0,0,0,0,0,0,0,0,0,0,0,0,0,0,0,0,4,0,39.9502,-75.2432, ,Philadelphia
 ,487,2017050642,6,67,67301,2017,5,4,2130,21,3,1,8,0,1, , ,N,0,0,0,3,0,1,1,1,N,N,39 55:30.432,75 09:57.002,2132, ,2130, ,0, ,N, ,0, , , , , ,4539, , , ,1,0,1,0,0,0,0,0,0,0,0,0,1,1,0,0,0,0,0,0,0,0,0,0,0,0,0,0,0,0,0,0,0,0,0,8,0,39.9251,-75.1658, ,Philadelphia
 ,488,2017055475,6,67,67301,2017,4,5,2245,22,2,9,0,8,1, , ,N,0,0,0,3,0,1,2,2,N, ,40 00:53.588,75 10:14.102,2245, ,2338, ,0, , , ,0, , , , , ,4551, , , ,1,1,0,0,0,0,0,0,0,1,0,0,1,0,0,0,0,0,0,0,0,0,0,1,0,0,0,0,0,0,0,0,1,0,1,2,0,40.0149,-75.1706, ,Philadelphia
 ,489,2017070502,6,67,67301,2017,6,4,1938,19,1,1,0,4,1, , ,N,1,2,0,3,0,2,2,2,N,N,40 05:40.718,75 00:54.707,1943, ,1938,1,1,2,N, ,3,N, , , , ,4559, , , ,2,2,0,0,0,0,0,0,0,0,0,2,2,0,0,0,0,0,0,0,0,0,0,0,0,0,0,0,0,0,0,0,0,0,0,4,0,40.0946,-75.0152, ,Philadelphia
 ,490,2017019045,6,67,67301,2017,1,1,1530,15,1,1,0,5,6, , ,N,0,0,0,3,0,0,1,2,N,N,39 55:33.679,75 09:48.254,1555, ,1550, ,0, , , ,0, , , , , ,4571, , , ,2,1,0,0,0,0,0,1,0,0,0,0,0,0,0,0,0,0,0,0,0,0,0,0,0,0,0,0,0,0,0,0,0,0,0,0,0,39.926,-75.1634, ,Philadelphia
 ,491,2017031665,6,67,67301,2017,3,3,1802,18,1,1,0,1,1, , ,N,0,0,0,3,0,0,2,2,N,N,39 55:44.620,75 08:46.020,1808, ,1802, ,0, , , ,0, , , , , ,4580, , , ,2,1,0,0,0,0,1,0,0,0,0,0,0,0,0,0,0,0,0,0,0,0,0,0,0,0,0,0,0,0,0,0,0,0,0,0,0,39.9291,-75.1461, ,Philadelphia
 ,492,2017033524,6,67,67301,2017,2,1,835,8,1,1,0,6,1, , ,N,0,0,0,3,0,3,3,2,N,N,40 00:51.570,75 10:41.163,843, ,841,9,1,1, , ,0,N, , , , ,4581, , , ,2,1,0,0,1,0,0,0,0,0,0,3,3,0,0,0,0,0,0,0,0,0,0,0,0,0,0,0,0,0,0,0,0,0,0,4,0,40.0143,-75.1781, ,Philadelphia
 ,493,2017033036,6,67,67301,2017,2,7,35,0,3,1,0,1,4, , ,N,0,0,0,3,0,0,1,4,N, ,39 59:47.920,75 04:29.210,248, ,248, ,0, , , ,0, , , , , ,4583, , , ,4,2,0,0,0,0,2,0,0,0,0,0,0,0,0,0,0,0,0,0,0,0,0,0,0,0,0,0,0,0,0,0,0,0,0,0,0,39.9966,-75.0748, ,Philadelphia
 ,494,2017037345,6,67,67301,2017,3,5,2030,20,3,1,3,7,3, , ,N,0,0,1,3,0,1,1,1,N,N,40 00:49.375,75 05:11.561,2040, ,2031, ,0, ,N, ,0, , , , , ,4589, , , ,1,0,0,0,0,0,1,0,0,0,0,1,1,0,0,0,0,0,0,0,0,0,0,0,0,0,0,0,0,0,0,0,0,0,0,4,0,40.0137,-75.0865, ,Philadelphia
 ,495,2017052135,6,67,67301,2017,4,3,650,6,1,1,0,4,1, , ,N,1,0,0,3,0,0,2,2,N, ,40 00:18.770,75 05:33.796,845, ,839, ,0, , , ,0, , , , , ,4601, , , ,2,1,0,0,1,0,0,0,0,0,0,0,0,0,1,0,0,0,0,0,1,0,0,0,0,0,0,0,0,0,0,0,0,0,0,9,0,40.0052,-75.0927, ,Philadelphia
 ,496,2017019031,6,67,67301,2017,2,4,1940,19,3,1,0,1,1, , ,N,0,0,0,3,0,2,3,2,N,N,39 58:54.163,75 06:20.145,1946, ,1945,2,2,1,N, ,0,Y, , , , ,4620, , , ,2,1,0,0,0,0,1,0,0,0,0,2,2,0,0,0,0,0,0,0,0,0,0,0,0,0,0,0,0,0,0,0,0,0,0,4,0,39.9817,-75.1056, ,Philadelphia
 ,497,2017055653,6,67,67301,2017,5,5,934,9,1,1,0,7,4, , ,N,0,0,0,3,0,1,2,1,N,N,40 05:47.688,74 58:17.437,938, ,934, ,0, ,N, ,0, , , , , ,4646, , , ,1,1,0,0,0,0,0,0,0,0,0,1,1,0,0,0,0,0,0,0,0,0,0,0,0,0,0,0,0,0,0,0,0,0,0,4,0,40.0966,-74.9715, ,Philadelphia
 ,498,2017060762,6,67,67301,2017,5,5,2140,21,3,1,0,4,1, , ,N,1,2,0,3,0,1,2,2,N, ,39 54:42.148,75 10:20.534,2146, ,2141, ,0, , , ,3, , , , , ,4651, , , ,2,1,0,0,0,0,1,0,0,0,0,1,1,0,0,0,0,0,0,0,0,0,0,0,0,0,0,0,0,0,0,0,0,0,0,4,0,39.9117,-75.1724, ,Philadelphia
 ,499,2017043860,6,67,67301,2017,4,2,729,7,1,1,0,8,1, , ,N,1,2,0,3,0,1,2,2,N,N,40 01:51.776,75 05:23.499,739, ,730, ,0, , , ,3, , , , , ,4687, , , ,1,1,0,0,0,0,0,0,0,0,0,1,1,0,0,0,0,0,0,0,1,0,0,0,0,0,0,0,0,0,0,0,1,0,0,4,0,40.031,-75.0899, ,Philadelphia
 ,500,2017037543,6,67,67301,2017,3,7,1550,15,1,2,1,4,1, , ,N,1,3,0,3,0,2,2,2,N,N,40 01:08.120,75 02:58.217,1600, ,1559,2,1,4,N, ,3,N, , , , ,4723, , , ,2,1,0,0,0,0,1,0,0,0,0,2,2,0,0,0,0,0,0,0,0,0,0,0,0,0,0,0,0,0,0,0,0,0,0,4,0,40.0189,-75.0495, ,Philadelphia
 ,501,2017076333,6,67,67301,2017,6,7,232,2,3,1,0,6,6, , ,N,0,0,0,3,0,1,2,2,N,N,40 01:28.448,75 11:04.992,232, ,232,3,2,6,N, ,0,N, , , , ,4748, , , ,2,2,0,0,0,0,0,0,0,0,0,1,1,0,0,0,0,0,0,0,0,0,0,0,0,0,0,0,0,0,0,0,0,0,0,4,0,40.0246,-75.1847, ,Philadelphia
 ,502,2017076312,6,67,67301,2017,6,6,1055,10,1,1,0,1,1, , ,N,0,0,0,3,0,1,5,3,N, ,39 55:39.486,75 08:41.816,1129, ,1105, ,0, ,N, ,0, , , , , ,4750, , , ,2,0,0,0,0,0,2,0,0,0,0,0,1,1,1,0,0,0,0,0,0,1,0,0,0,0,0,0,0,0,0,0,0,0,0,8,0,39.9276,-75.1449, ,Philadelphia
 ,503,2017029005,6,67,67301,2017,2,5,800,8,1,1,0,8,1, , ,N,0,0,0,3,0,1,2,2,N, ,39 57:18.578,75 09:21.297,806, ,803, ,0, , , ,0, , , , , ,4757, , , ,1,1,0,0,0,0,0,0,0,0,0,1,1,0,0,0,0,0,0,0,0,0,0,0,0,0,0,0,0,0,0,0,1,0,0,4,0,39.9552,-75.1559, ,Philadelphia
 ,504,2017013948,6,67,67301,2017,1,3,1715,17,3,2,1,5,1, , ,N,0,0,0,3,0,1,2,2,N, ,40 02:47.902,75 01:54.658,1730, ,1721, ,0, , , ,0, , , , , ,4758, , , ,1,1,0,0,0,0,0,0,1,0,0,1,1,0,0,0,0,0,0,0,0,1,0,0,0,0,0,0,0,0,0,0,0,0,0,4,0,40.0466,-75.0318, ,Philadelphia
 ,505,2017060522,6,67,67301,2017,5,7,9999,99,8,2,1,4,1, , ,N,0,0,7,3,0,1,2,2,N,N,39 56:44.156,75 13:38.664,9999, ,1147, ,0, ,N, ,0, , , , , ,6336, , , ,2,2,0,0,0,0,0,0,0,0,0,0,1,1,1,0,0,0,0,0,1,0,0,0,0,0,0,0,0,0,0,0,0,0,0,8,0,39.9456,-75.2274, ,Philadelphia
 ,506,2017068306,6,67,67301,2017,6,5,157,1,3,1,0,7,3, , ,N,0,0,0,3,0,1,1,1,N,N,39 53:58.595,75 09:49.869,206, ,159, ,0, , , ,0, , , , , ,6339, , , ,1,1,0,0,0,0,0,0,0,0,1,0,1,0,0,0,0,0,0,0,0,0,0,0,0,0,0,0,0,0,0,0,0,0,0,3,0,39.8996,-75.1638, ,Philadelphia
 ,507,2017021975,6,67,67301,2017,2,7,1231,12,1,1,0,7,3, , ,N,0,0,0,3,0,1,1,2,N, ,39 53:58.968,75 15:01.871,1245, ,1245,2,1,4, , ,0,N, , , , ,6370, , , ,1,1,0,0,0,0,0,0,0,0,0,1,1,0,0,0,0,0,0,0,0,0,0,0,0,0,0,0,0,0,0,0,0,0,0,4,0,39.8997,-75.2505, ,Philadelphia
 ,508,2017035764,6,67,67301,2017,3,2,621,6,5,1,0,5,6, , ,N,0,0,0,3,0,0,1,4,N, ,39 59:52.328,75 06:40.437,630, ,621,2,2,4, , ,0,Y, , , , ,6378, , , ,4,1,0,0,0,0,2,1,0,0,0,0,0,0,0,0,0,0,0,0,0,0,0,0,0,0,0,0,0,0,0,0,0,0,0,0,0,39.9979,-75.1112, ,Philadelphia
 ,509,2017055528,6,67,67301,2017,4,3,545,5,5,1,0,4,1, , ,N,1,2,0,3,0,0,2,2,N,N,39 57:34.089,75 09:43.114,635, ,630,2,2,4,N, ,3,Y, , , , ,6382, , , ,2,1,0,0,1,0,0,0,0,0,0,0,0,0,0,0,0,0,0,0,0,0,0,1,0,0,0,0,0,0,0,0,0,0,0,0,0,39.9595,-75.162, ,Philadelphia
 ,510,2017035823,6,67,67301,2017,3,6,1626,16,1,4,1,8,1, , ,N,1,2,0,3,0,1,2,2,N,N,40 07:07.965,75 01:05.114,1629, ,1627, ,0, ,N, ,3, , , , , ,6410, , , ,1,0,0,0,0,0,1,0,0,0,0,1,1,0,0,0,0,0,0,0,1,0,0,0,0,0,0,0,0,0,0,0,1,0,0,4,0,40.1189,-75.018, ,Philadelphia
 ,511,2017029156,6,67,67301,2017,3,6,216,2,3,8,6,1,1, , ,N,0,0,3,3,0,2,2,2,N,N,39 57:18.600,75 08:48.300,216, ,216,1,1,4,N, ,0,N, , , , ,6419, , , ,2,1,0,0,0,1,0,0,0,0,1,1,2,0,0,0,0,0,0,0,1,0,0,0,0,0,0,0,0,0,0,0,0,0,0,3,1,39.9552,-75.1468, ,Philadelphia