wz_ln_closure,objectid_1,crn,district,county,municipality,crash_year,crash_month,day_of_week,time_of_day,hour_of_day,illumination,weather,road_condition,collision_type,relation_to_road,work_zone_type,work_zone_loc,work_zone_ind,intersect_type,tcd_type,location_type,urban_rural,fatal_count,injury_count,person_count,total_units,sch_bus_ind,sch_zone_ind,latitude,longitude,arrival_tm,cons_zone_spd_lim,dispatch_tm,est_hrs_closed,lane_closed,ln_close_dir,ntfy_hiwy_maint,spec_juris_cd,tcd_func_cd,tfc_detour_ind,workers_pres,wz_close_detour,wz_flagger,wz_law_offcr_ind,objectid,wz_moving,wz_other,wz_shlder_mdn,vehicle_count,automobile_count,motorcycle_count,bus_count,small_truck_count,heavy_truck_count,suv_count,van_count,bicycle_count,maj_inj_count,mod_inj_count,min_inj_count,tot_inj_count,unk_inj_deg_count,unk_inj_per_count,driver_count_16yr,driver_count_17yr,driver_count_18yr,driver_count_19yr,driver_count_20yr,driver_count_50_64yr,driver_count_65_74yr,driver_count_75plus,unbelted_occ_count,unb_death_count,unb_maj_inj_count,belted_death_count,belted_maj_inj_count,mcycle_death_count,mcycle_maj_inj_count,bicycle_death_count,bicycle_maj_inj_count,ped_count,ped_death_count,ped_maj_inj_count,max_severity_level,comm_veh_count,dec_lat,dec_long,rdwy_surf_type_cd,county_name
 ,576,2017033112,6,67,67301,2017,3,4,1345,13,1,1,0,8,1, , ,N,1,2,0,3,0,1,2,2,N, ,39 57:34.990,75 14:06.684,1356, ,1350, ,0, , , ,3, , , , , ,7045, , , ,1,0,0,0,0,0,0,1,0,0,0,0,1,1,0,0,0,0,0,0,0,0,0,1,0,0,0,0,0,0,0,0,1,0,0,8,0,39.9597,-75.2352, ,Philadelphia
 ,577,2017041272,6,67,67301,2017,4,7,934,9,1,1,0,4,1, , ,N,1,2,0,3,0,1,2,2,N,N,39 58:11.965,75 08:35.133,935, ,934, ,0, ,N, ,3, , , , , ,7050, , , ,2,1,0,0,1,0,0,0,0,0,1,0,1,0,0,0,0,0,0,0,0,0,0,0,0,0,0,0,0,0,0,0,0,0,0,3,0,39.9699,-75.1431, ,Philadelphia
 ,578,2017016980,6,67,67301,2017,2,1,46,0,3,1,0,4,1, , ,N,1,3,0,3,0,0,3,2,N,N,39 59:02.778,75 09:36.176,48, ,46, ,0, ,N, ,3, , , , , ,7060, , , ,2,2,0,0,0,0,0,0,0,0,0,0,0,0,0,0,0,0,0,1,0,0,0,3,0,0,0,0,0,0,0,0,0,0,0,0,0,39.9841,-75.16, ,Philadelphia
 ,579,2017013941,6,67,67301,2017,1,7,2140,21,6,1,1,7,4, , ,N,10,0,0,3,0,1,3,1,N,N,40 02:10.017,75 09:46.648,2155, ,2144, ,0, ,N, ,0, , , , , ,7081, , , ,1,1,0,0,0,0,0,0,0,0,0,0,1,1,2,0,0,0,0,0,0,0,0,0,0,0,0,0,0,0,0,0,0,0,0,8,0,40.0361,-75.163, ,Philadelphia
 ,580,2017013186,6,67,67301,2017,1,6,2336,23,3,1,0,1,1, , ,N,0,0,0,3,0,0,5,3,N,N,40 00:29.720,75 11:28.591,2359, ,2336,2,1,2,N, ,0,N, , , , ,7084, , , ,3,1,0,0,0,0,1,1,0,0,0,0,0,0,0,0,0,0,0,0,0,0,0,0,0,0,0,0,0,0,0,0,0,0,0,0,0,40.0083,-75.1913, ,Philadelphia
 ,581,2017013911,6,67,67301,2017,1,1,157,1,3,5,1,7,5, , ,N,10,0,0,3,0,2,2,1,N,N,39 58:43.342,75 05:51.613,217, ,159, ,0, ,N, ,0, , , , , ,7088, , , ,1,1,0,0,0,0,0,0,0,0,0,0,2,2,0,0,0,0,0,1,0,0,0,0,0,0,0,0,0,0,0,0,0,0,0,8,0,39.9787,-75.0977, ,Philadelphia
 ,582,2017035776,6,67,67301,2017,3,3,1050,10,1,2,1,4,1, , ,N,2,3,0,3,0,2,2,2,N, ,40 01:07.384,75 06:06.253,1210, ,1200, ,0, , , ,3, , , , , ,7107, , , ,2,1,0,0,0,0,0,1,0,0,0,0,2,2,0,0,0,0,0,0,0,0,0,0,0,0,0,0,0,0,0,0,0,0,0,8,0,40.0187,-75.1017, ,Philadelphia
 ,583,2017035757,6,67,67301,2017,3,6,53,0,3,1,0,4,1, , ,N,2,0,0,3,0,0,1,2,N,N,39 59:12.004,75 06:43.747,105, ,105, ,0, ,N, ,0, , , , , ,7109, , , ,2,1,0,0,0,0,1,0,0,0,0,0,0,0,0,0,0,0,0,0,0,0,0,0,0,0,0,0,0,0,0,0,0,0,0,0,0,39.9867,-75.1122, ,Philadelphia
 ,584,2017019613,6,67,67301,2017,1,7,223,2,3,1,0,4,1, , ,N,1,2,0,3,0,0,2,2,N, ,40 01:45.310,75 05:23.878,226, ,223,9,1,2, , ,3,N, , , , ,7132, , , ,2,1,0,0,0,0,1,0,0,0,0,0,0,0,0,0,0,0,0,0,0,0,0,0,0,0,0,0,0,0,0,0,0,0,0,0,0,40.0291,-75.0899, ,Philadelphia
 ,585,2017007427,6,67,67301,2017,1,1,1539,15,1,1,0,1,1, , ,N,0,0,0,3,0,0,4,3,N,N,39 56:25.592,75 11:43.878,1620, ,1610,1,1,4, , ,0,N, , , , ,7172, , , ,3,2,0,0,0,0,1,0,0,0,0,0,0,0,0,0,0,0,0,0,0,0,0,0,0,0,0,0,0,0,0,0,0,0,0,0,0,39.9404,-75.1955, ,Philadelphia
 ,586,2017037054,6,67,67301,2017,2,4,1304,13,1,1,0,5,1, , ,N,0,0,0,3,0,0,2,2,N,N,39 58:52.286,75 12:23.768,1313, ,1306, ,0, , , ,0, , , , , ,7191, , , ,2,1,0,0,0,1,0,0,0,0,0,0,0,0,0,0,0,0,0,0,0,0,0,0,0,0,0,0,0,0,0,0,0,0,0,0,1,39.9806,-75.2058, ,Philadelphia
 ,587,2017035673,6,67,67301,2017,3,1,2215,22,3,1,0,1,1, , ,N,1,2,0,3,0,1,2,2,N,N,40 00:57.144,75 09:13.828,2224, ,2222,1,1,2,N, ,3,N, , , , ,7201, , , ,2,2,0,0,0,0,0,0,0,0,0,1,1,0,1,0,0,0,0,0,0,0,0,0,0,0,0,0,0,0,0,0,0,0,0,4,0,40.0159,-75.1538, ,Philadelphia
 ,588,2017052262,6,67,67301,2017,4,1,1050,10,1,1,0,4,1, , ,N,2,2,0,3,0,1,2,2,N, ,39 57:41.048,75 08:53.436,1053, ,1051, ,0, , , ,3, , , , , ,7206, , , ,2,1,0,0,0,0,1,0,0,0,0,1,1,0,0,0,0,0,0,0,0,0,0,0,0,0,0,0,0,0,0,0,0,0,0,4,0,39.9614,-75.1482, ,Philadelphia
 ,589,2017052369,6,67,67301,2017,5,2,807,8,1,4,0,1,1, , ,N,3,3,0,3,0,1,3,2,Y, ,39 58:09.789,75 09:48.682,815, ,809, ,0, , , ,3, , , , , ,7207, , , ,2,1,0,1,0,0,0,0,0,0,0,0,1,1,0,0,0,0,0,0,0,0,0,0,0,0,0,0,0,0,0,0,0,0,0,8,1,39.9694,-75.1635, ,Philadelphia
 ,590,2017019051,6,67,67301,2017,2,5,1625,16,1,1,0,4,1, , ,N,1,2,0,3,0,3,4,3,N, ,40 03:34.390,75 03:07.429,1645, ,1634,1,2,1, , ,3,Y, , , , ,7221, , , ,3,3,0,0,0,0,0,0,0,0,0,0,3,3,0,0,0,0,1,0,1,0,0,3,0,0,0,0,0,0,0,0,0,0,0,8,0,40.0595,-75.052, ,Philadelphia
 ,591,2017021565,6,67,67301,2017,2,3,1440,14,1,1,0,4,1, , ,N,1,3,0,3,0,0,2,2,N, ,39 57:16.045,75 12:53.647,1500, ,1500, ,0, , , ,3, , , , , ,7228, , , ,2,1,0,0,0,0,1,0,0,0,0,0,0,0,0,0,0,0,0,0,1,0,1,0,0,0,0,0,0,0,0,0,0,0,0,0,0,39.9545,-75.2149, ,Philadelphia
 ,592,2017028969,6,67,67301,2017,2,4,423,4,3,1,0,5,6, , ,N,0,0,0,3,0,0,1,3,N,N,40 02:17.938,75 02:49.299,435, ,430, ,0, ,N, ,0, , , , , ,7233, , , ,3,2,0,0,0,0,1,0,0,0,0,0,0,0,0,0,0,0,0,0,1,0,0,1,0,0,0,0,0,0,0,0,0,0,0,0,0,40.0383,-75.047, ,Philadelphia
 ,593,2017035716,6,67,67301,2017,3,7,1215,12,1,1,0,4,1, , ,N,5,2,0,3,0,0,2,2,N,N,39 54:40.810,75 14:33.592,1232, ,1216, ,0, , , ,3, , , , , ,7278, , , ,2,1,0,0,0,0,0,1,0,0,0,0,0,0,0,0,0,0,0,0,0,0,0,0,0,0,0,0,0,0,0,0,0,0,0,0,0,39.9113,-75.2427, ,Philadelphia
 ,594,2017021549,6,67,67301,2017,2,4,910,9,1,1,0,1,1, , ,N,2,1,0,3,0,2,3,3,N,N,39 54:46.993,75 10:20.708,914, ,910, ,0, ,N, ,2, , , , , ,7294, , , ,3,2,0,0,0,0,1,0,0,0,1,1,2,0,0,0,0,0,0,0,0,1,0,1,0,0,0,0,0,0,0,0,0,0,0,3,0,39.9131,-75.1724, ,Philadelphia
 ,595,2017010587,6,67,67301,2017,1,6,1032,10,1,4,4,1,1, , ,N,0,2,0,3,0,0,2,2,N,N,40 00:38.520,75 06:00.010,1045, ,1042, ,0, ,N, ,3, , , , , ,5915, , , ,2,2,0,0,0,0,0,0,0,0,0,0,0,0,1,0,0,0,1,0,1,0,0,0,0,0,0,0,0,0,0,0,0,0,0,9,0,40.0107,-75.1, ,Philadelphia
 ,596,2017010639,6,67,67301,2017,1,4,955,9,1,1,0,5,1, , ,N,0,0,0,3,0,1,6,3,N,N,40 03:02.600,75 04:12.920,1003, ,958,2,2,6,N, ,0,Y, , , , ,5926, , , ,3,2,0,0,0,0,1,0,0,0,0,1,1,0,0,0,0,0,0,0,1,0,0,0,0,0,0,0,0,0,0,0,0,0,0,4,0,40.0507,-75.0703, ,Philadelphia
 ,597,2017028793,6,67,67301,2017,2,6,113,1,3,1,0,5,6, , ,N,0,0,1,3,0,1,1,3,N,N,39 59:36.351,75 07:07.942,113, ,113, ,0, ,N, ,0, , , , , ,5936, , , ,3,0,0,0,1,0,2,0,0,0,0,1,1,0,0,0,0,0,0,0,0,0,0,0,0,0,0,0,0,0,0,0,0,0,0,4,0,39.9934,-75.1189, ,Philadelphia
 ,598,2017037441,6,67,67301,2017,3,3,115,1,3,1,0,7,3, , ,N,0,0,0,3,0,2,2,1,N,N,39 54:54.446,75 08:16.059,127, ,120, ,0, , , ,0, , , , , ,5943, , , ,1,1,0,0,0,0,0,0,0,0,0,0,2,2,0,0,0,0,0,0,0,0,0,0,0,0,0,0,0,0,0,0,0,0,0,8,0,39.9151,-75.1378, ,Philadelphia
 ,599,2017043205,6,67,67301,2017,3,6,1741,17,1,1,0,7,2, , ,N,7,0,2,3,0,1,1,1,N,N,40 02:45.348,75 00:06.533,1754, ,1742, ,0, , , ,0, , , , , ,5944, , , ,1,1,0,0,0,0,0,0,0,0,0,0,1,1,0,0,0,0,0,0,0,0,0,0,0,0,0,0,0,0,0,0,0,0,0,8,0,40.0459,-75.0018, ,Philadelphia
 ,600,2017019018,6,67,67301,2017,2,4,20,0,3,1,0,4,1, , ,N,2,0,2,3,0,0,2,2,N, ,39 57:14.857,75 08:22.331,30, ,25, ,0, , , ,0, , , , , ,5960, , , ,2,2,0,0,0,0,0,0,0,0,0,0,0,0,1,0,0,0,0,0,0,1,0,0,0,0,0,0,0,0,0,0,0,0,0,9,0,39.9542,-75.1395, ,Philadelphia
 ,601,2017043849,6,67,67301,2017,4,6,215,2,3,1,0,2,1, , ,N,0,0,0,3,0,1,3,2,N,N,40 03:07.726,75 14:18.061,219, ,219,3,2,6,N, ,0,Y, , , , ,5972, , , ,2,2,0,0,0,0,0,0,0,0,1,0,1,0,2,0,0,0,0,0,0,0,0,0,0,0,0,0,0,0,0,0,0,0,0,3,0,40.0521,-75.2384, ,Philadelphia
 ,602,2017041221,6,67,67301,2017,4,4,800,8,1,1,0,8,1, , ,N,1,2,0,3,0,1,2,2,N,N,39 58:17.205,75 09:33.736,930, ,930, ,0, ,N, ,3, , , , , ,5978, , , ,1,0,0,0,0,0,1,0,0,0,1,0,1,0,0,0,0,0,0,0,0,0,0,0,0,0,0,0,0,0,0,0,1,0,0,3,0,39.9714,-75.1594, ,Philadelphia
 ,603,2017060739,6,67,67301,2017,5,3,1930,19,1,1,0,8,1, , ,N,0,0,0,3,0,1,3,2,N,N,39 59:50.726,75 06:00.023,1938, ,1938,1,2,1,N, ,0,Y, , , , ,6003, , , ,1,1,0,0,0,0,0,0,0,0,0,1,1,0,0,0,0,0,0,0,0,0,0,1,0,0,0,0,0,0,0,0,1,0,0,4,0,39.9974,-75.1, ,Philadelphia
 ,604,2017014085,6,67,67301,2017,1,6,1425,14,1,1,0,4,1, , ,N,1,2,0,3,0,1,2,2,N,N,39 56:04.959,75 09:08.434,1439, ,1432, ,0, ,N, ,3, , , , , ,6010, , , ,2,2,0,0,0,0,0,0,0,0,0,0,1,1,0,0,0,0,0,0,1,0,0,1,0,0,0,0,0,0,0,0,0,0,0,8,0,39.9347,-75.1523, ,Philadelphia
 ,605,2017041407,6,67,67301,2017,3,3,1940,19,3,2,1,8,1, , ,N,1,2,0,3,0,1,2,2,N, ,40 02:50.956,75 05:30.725,2000, ,1957, ,0, , , ,3, , , , , ,6021, , , ,1,0,0,0,0,0,0,1,0,0,0,1,1,0,0,0,0,0,0,0,0,0,0,1,0,0,0,0,0,0,0,0,1,0,0,4,0,40.0475,-75.0919, ,Philadelphia
 ,606,2017019164,6,67,67301,2017,1,2,2230,22,3,1,0,4,1, , ,N,3,4,2,3,0,0,3,2,N,N,39 59:12.685,75 05:17.834,9, ,2230, ,0, ,N, ,3, , , , , ,6056, , , ,2,1,0,0,0,0,0,1,0,0,0,0,0,0,0,0,0,0,0,0,0,0,0,0,0,0,0,0,0,0,0,0,0,0,0,0,0,39.9869,-75.0883, ,Philadelphia
 ,607,2017019333,6,67,67301,2017,1,1,1751,17,3,1,0,4,1, , ,N,0,0,0,3,0,1,7,3,N,N,39 54:29.858,75 08:58.234,1801, ,1758,1,2,2, , ,0,Y, , , , ,6061, , , ,3,0,0,0,0,0,2,1,0,0,0,0,1,1,1,0,0,0,0,0,0,0,0,1,0,0,0,0,0,0,0,0,0,0,0,8,0,39.9083,-75.1495, ,Philadelphia
 ,608,2017041256,6,67,67301,2017,4,1,2215,22,3,1,0,4,1, , ,N,1,2,0,3,0,1,2,2,N,N,40 00:13.849,75 08:22.793,2257, ,2255, ,0, ,N, ,3, , , , , ,6072, , , ,2,1,0,0,1,0,0,0,0,0,1,0,1,0,0,0,0,0,0,0,0,0,0,0,0,0,0,0,0,0,0,0,0,0,0,3,0,40.0038,-75.1397, ,Philadelphia
 ,609,2017021598,6,67,67301,2017,2,1,300,3,3,1,0,4,1, , ,N,1,2,0,3,0,2,3,2,N,N,40 01:00.708,75 08:58.113,312, ,310, ,0, ,N, ,3, , , , , ,6086, , , ,2,0,0,0,1,0,0,1,0,0,1,1,2,0,0,0,0,0,0,0,0,0,0,0,0,0,0,0,0,0,0,0,0,0,0,3,0,40.0169,-75.1495, ,Philadelphia
 ,610,2017021484,6,67,67301,2017,1,2,1900,19,2,2,1,8,1, , ,N,0,0,0,3,0,1,2,2,N,N,39 57:10.507,75 12:44.183,1905, ,1903, ,0, ,N, ,0, , , , , ,6107, , , ,1,0,0,0,0,0,1,0,0,0,0,1,1,0,0,0,0,0,0,0,0,0,0,0,0,0,0,0,0,0,0,0,1,0,0,4,0,39.9529,-75.2123, ,Philadelphia
 ,611,2017028940,6,67,67301,2017,2,3,815,8,1,1,0,5,1, , ,N,2,0,0,3,0,1,2,2,N,Y,40 05:26.700,75 03:20.300,825, ,817,3,2,5,N, ,0,Y, , , , ,6131, , , ,2,0,0,0,1,0,1,0,0,0,0,0,1,1,0,0,0,0,0,0,0,0,0,1,0,0,0,0,0,0,0,0,0,0,0,8,0,40.0807,-75.0677, ,Philadelphia
 ,612,2017058259,6,67,67301,2017,5,3,9999,99,1,1,0,5,6, , ,N,0,0,0,3,0,1,1,2,N,N,40 01:15.339,75 05:40.590,9999, ,9999,3,1,2,N, ,0,Y, , , , ,6146, , , ,2,0,0,0,0,0,2,0,0,0,0,0,1,1,0,0,0,0,0,0,1,0,0,0,0,0,0,0,0,0,0,0,0,0,0,8,0,40.0209,-75.0946, ,Philadelphia
 ,613,2017008426,6,67,67301,2017,1,1,1727,17,1,1,0,1,1, , ,N,0,2,0,3,0,1,3,3,N,N,40 00:54.459,75 12:27.064,1734, ,1732, ,0, , , ,3, , , , , ,6154, , , ,3,0,1,0,0,0,2,0,0,0,0,1,1,0,0,0,0,0,0,0,2,0,0,0,0,0,0,0,0,0,0,0,0,0,0,4,0,40.0151,-75.2075, ,Philadelphia
 ,614,2017007801,6,67,67301,2017,1,1,506,5,3,1,0,4,1, , ,N,4,2,0,3,0,1,3,2,N,N,40 01:55.785,75 05:03.553,507, ,507, ,0, ,N, ,3, , , , , ,6158, , , ,2,2,0,0,0,0,0,0,0,0,0,1,1,0,0,0,0,0,0,0,1,0,0,0,0,0,0,0,0,0,0,0,0,0,0,4,0,40.0322,-75.0843, ,Philadelphia
 ,615,2017041123,6,67,67301,2017,4,7,643,6,1,1,0,1,6, , ,N,0,0,0,3,0,0,3,3,N,N,39 59:57.990,75 09:11.751,810, ,807, ,0, ,N, ,0, , , , , ,6161, , , ,3,2,0,0,0,0,1,0,0,0,0,0,0,0,0,0,0,1,0,0,0,0,0,0,0,0,0,0,0,0,0,0,0,0,0,0,0,39.9994,-75.1533, ,Philadelphia
 ,616,2017021629,6,67,67301,2017,2,1,1455,14,1,2,1,1,1, , ,N,0,0,0,3,0,0,6,3,N, ,40 06:09.756,75 01:45.397,1509, ,1500, ,0, , , ,0, , , , , ,6168, , , ,3,1,0,0,0,0,2,0,0,0,0,0,0,0,0,0,0,1,0,0,1,0,0,4,0,0,0,0,0,0,0,0,0,0,0,0,0,40.1027,-75.0293, ,Philadelphia
 ,617,2017060746,6,67,67301,2017,5,2,154,1,3,1,0,8,1, , ,N,0,0,0,3,0,1,2,2,N,N,40 06:52.110,75 01:44.350,205, ,159, ,0, , , ,0, , , , , ,6192, , , ,1,1,0,0,0,0,0,0,0,0,0,1,1,0,0,0,0,0,0,0,0,0,0,1,0,0,0,0,0,0,0,0,1,0,0,4,0,40.1145,-75.029, ,Philadelphia
 ,618,2017014124,6,67,67301,2017,1,3,1609,16,1,1,0,1,1, , ,N,0,0,0,3,0,0,2,2,N,N,40 02:15.530,75 00:42.038,1623, ,1615, ,0, , , ,0, , , , , ,6196, , , ,2,1,0,0,1,0,0,0,0,0,0,0,0,0,0,0,0,0,0,0,0,0,0,0,0,0,0,0,0,0,0,0,0,0,0,0,0,40.0376,-75.0117, ,Philadelphia
 ,619,2017041247,6,67,67301,2017,4,5,1516,15,1,2,1,1,1, , ,N,0,0,0,3,0,2,3,2,N,N,39 58:30.226,75 11:42.705,1536, ,1525, ,0, ,N, ,0, , , , , ,6222, , , ,2,1,0,0,0,0,1,0,0,0,0,0,2,2,0,0,0,0,0,0,0,0,0,0,0,0,0,0,0,0,0,0,0,0,0,8,0,39.9751,-75.1952, ,Philadelphia
 ,620,2017052150,6,67,67301,2017,4,3,1207,12,1,1,0,1,1, , ,N,0,0,1,3,0,1,3,2,N, ,39 57:15.350,75 08:33.745,1218, ,1213, ,0, , , ,0, , , , , ,6232, , , ,2,1,0,0,0,0,1,0,0,0,0,1,1,0,0,0,0,1,0,0,0,1,0,0,0,0,0,0,0,0,0,0,0,0,0,4,0,39.9543,-75.1427, ,Philadelphia
 ,621,2017055466,6,67,67301,2017,5,6,1115,11,1,2,1,4,1, , ,N,0,0,0,3,0,1,3,3,N,N,40 03:46.951,75 12:01.474,1123, ,1121, ,0, ,N, ,0, , , , , ,6243, , , ,3,2,0,0,1,0,0,0,0,0,1,0,1,0,0,0,0,0,0,0,0,1,0,0,0,0,0,0,0,0,0,0,0,0,0,3,0,40.063,-75.2004, ,Philadelphia
 ,622,2017000530,6,67,67301,2017,1,3,946,9,1,2,1,2,9, , ,N,2,2,0,3,0,1,2,2,N,N,39 58:38.270,75 09:29.632,952, ,948, ,0, ,N, ,3, , , , , ,6254, , , ,2,1,0,0,1,0,0,0,0,0,0,0,1,1,0,0,0,0,0,0,1,0,1,0,0,0,0,0,0,0,0,0,0,0,0,8,0,39.9773,-75.1581, ,Philadelphia
 ,623,2017013980,6,67,67301,2017,1,6,500,5,5,1,0,4,1, , ,N,1,2,0,3,0,2,3,3,N,N,40 01:36.832,75 05:50.065,554, ,551,3,1,2,N, ,3,Y, , , , ,6258, , , ,3,2,0,0,0,0,1,0,0,0,0,0,2,2,0,0,0,0,0,0,0,0,0,1,0,0,0,0,0,0,0,0,0,0,0,8,0,40.0269,-75.0972, ,Philadelphia
 ,624,2017035787,6,67,67301,2017,3,2,936,9,1,1,0,4,1, , ,N,2,2,0,3,0,1,2,2,N,N,40 01:09.025,75 02:41.597,940, ,939, ,0, , , ,3, , , , , ,6268, , , ,2,1,0,0,0,1,0,0,0,0,0,1,1,0,0,0,0,0,0,0,0,0,0,0,0,0,0,0,0,0,0,0,0,0,0,4,1,40.0192,-75.045, ,Philadelphia
 ,625,2017043876,6,67,67301,2017,3,5,1745,17,1,1,0,1,1, , ,N,0,0,3,3,0,0,3,3,N,N,39 57:16.005,75 10:47.439,1830, ,1743, ,0, , , ,0, , , , , ,6269, , , ,3,2,0,1,0,0,0,0,0,0,0,0,0,0,0,0,0,0,0,0,0,0,0,0,0,0,0,0,0,0,0,0,0,0,0,0,1,39.9544,-75.1798, ,Philadelphia
 ,626,2017037445,6,67,67301,2017,3,3,1300,13,1,1,0,1,1, , ,N,2,2,0,3,0,4,6,4,N, ,39 57:40.266,75 14:49.451,1500, ,1455, ,0, , , ,3, , , , , ,6271, , , ,4,1,0,0,0,0,2,1,0,0,0,0,4,4,2,0,0,0,0,0,1,1,0,0,0,0,0,0,0,0,0,0,0,0,0,8,0,39.9612,-75.2471, ,Philadelphia
 ,627,2017033583,6,67,67301,2017,2,1,321,3,3,1,0,8,1, , ,N,1,2,0,3,0,1,2,2,N,N,39 56:24.149,75 09:58.815,334, ,329,9,1,2,N, ,3,N, , , , ,6281, , , ,1,1,0,0,0,0,0,0,0,0,0,0,1,1,0,0,0,0,0,0,0,0,0,0,0,0,0,0,0,0,0,0,1,0,0,8,0,39.94,-75.1662, ,Philadelphia
 ,628,2017037528,6,67,67301,2017,3,5,835,8,1,1,0,1,1, , ,N,0,0,0,3,0,2,2,2,N, ,39 57:50.865,75 10:31.205,848, ,847,1,1,3, , ,0,N, , , , ,6312, , , ,2,1,0,0,0,1,0,0,0,0,0,2,2,0,0,0,0,0,0,0,0,0,0,0,0,0,0,0,0,0,0,0,0,0,0,4,1,39.9641,-75.1753, ,Philadelphia
Y,629,2017032749,6,67,67301,2017,3,5,2229,22,3,1,0,1,1,2,2,Y,0,0,0,3,0,3,5,2,N,N,39 56:59.139,75 11:02.626,2247,50,2244, ,0, , , ,0, ,N,N,N,N,6319,N,N,N,2,2,0,0,0,0,0,0,0,0,3,0,3,0,0,0,0,0,0,0,0,0,0,0,0,0,0,0,0,0,0,0,0,0,0,3,0,39.9498,-75.1841, ,Philadelphia
 ,630,2017049453,6,67,67301,2017,5,6,2249,22,3,1,0,1,1, , ,N,0,0,0,3,0,3,4,2,N,N,39 57:34.891,75 10:34.906,2257, ,2249,1,1,4, , ,0,N, , , , ,6325, , , ,2,2,0,0,0,0,0,0,0,0,0,3,3,0,0,0,0,0,0,0,1,0,0,0,0,0,0,0,0,0,0,0,0,0,0,4,0,39.9597,-75.1764, ,Philadelphia
 ,631,2017028976,6,67,67301,2017,2,7,37,0,3,1,0,4,1, , ,N,1,3,0,3,0,2,2,3,N,N,39 55:55.228,75 09:04.715,46, ,37,1,1,2,N, ,3,Y, , , , ,8270, , , ,3,3,0,0,0,0,0,0,0,0,0,2,2,0,0,0,0,0,0,0,0,0,0,0,0,0,0,0,0,0,0,0,0,0,0,4,0,39.932,-75.1513, ,Philadelphia
 ,632,2017052329,6,67,67301,2017,4,1,1606,16,1,1,0,5,1, , ,N,0,0,0,3,0,1,2,5,N, ,39 59:40.860,75 08:03.003,1624, ,1621,9,2,2, , ,0,Y, , , , ,8276, , , ,5,3,0,0,0,0,1,1,0,0,0,0,1,1,0,0,0,0,0,0,0,0,0,1,0,0,0,0,0,0,0,0,0,0,0,8,0,39.9947,-75.1342, ,Philadelphia
 ,633,2017021562,6,67,67301,2017,2,7,1800,18,3,1,0,4,1, , ,N,1,2,0,3,0,0,4,2,N,N,40 01:43.183,75 12:19.909,1810, ,1805, ,0, ,N, ,3, , , , , ,8305, , , ,2,2,0,0,0,0,0,0,0,0,0,0,0,0,1,0,0,0,0,0,0,0,0,0,0,0,0,0,0,0,0,0,0,0,0,9,0,40.0287,-75.2055, ,Philadelphia
 ,634,2017041382,6,67,67301,2017,3,4,841,8,1,1,0,1,1, , ,N,0,0,0,3,0,1,2,2,N, ,40 00:28.891,75 07:23.101,848, ,847, ,0, , , ,0, , , , , ,8307, , , ,2,1,0,0,0,0,1,0,0,0,0,1,1,0,0,0,0,0,0,0,0,1,0,1,0,0,0,0,0,0,0,0,0,0,0,4,0,40.008,-75.1231, ,Philadelphia
 ,635,2017035644,6,67,67301,2017,3,2,9999,99,1,1,0,1,1, , ,N,0,0,7,3,0,1,3,2,N,N,39 59:56.365,75 13:51.781,1650, ,1635, ,0, ,N, ,0, , , , , ,8309, , , ,2,1,0,0,0,1,0,0,0,0,0,1,1,0,0,0,0,0,0,0,1,0,0,2,0,0,0,0,0,0,0,0,0,0,0,4,1,39.999,-75.2311, ,Philadelphia
 ,636,2017052316,6,67,67301,2017,4,6,725,7,1,2,1,4,1, , ,N,1,2,0,3,0,1,4,3,N, ,39 59:07.285,75 09:40.982,740, ,737, ,0, , , ,3, , , , , ,8310, , , ,3,1,0,0,0,0,1,0,0,0,0,1,1,0,0,0,0,0,0,0,0,0,0,2,0,0,0,0,0,0,0,0,0,0,0,4,0,39.9854,-75.1614, ,Philadelphia
 ,637,2017055691,6,67,67301,2017,5,7,1855,18,1,1,0,4,1, , ,N,1,2,0,3,0,0,2,2,N,N,39 59:16.125,75 10:50.108,1905, ,1856,1,1,1,N, ,3,Y, , , , ,8324, , , ,2,1,0,0,0,0,1,0,0,0,0,0,0,0,1,0,0,0,0,1,1,0,0,0,0,0,0,0,0,0,0,0,0,0,0,9,0,39.9878,-75.1806, ,Philadelphia
 ,638,2017055649,6,67,67301,2017,5,6,9999,99,1,1,0,4,1, , ,N,1,2,0,3,0,1,4,2,N,N,40 03:31.188,75 02:39.382,9999, ,9999, ,0, ,N, ,3, , , , , ,8328, , , ,2,1,0,0,0,0,0,1,0,0,0,0,1,1,2,0,0,0,0,0,1,0,0,0,0,0,0,0,0,0,0,0,0,0,0,8,0,40.0587,-75.0443, ,Philadelphia
 ,639,2017010643,6,67,67301,2017,1,1,1730,17,3,1,0,8,1, , ,N,1,2,1,3,0,1,2,2,N,N,40 00:21.036,75 05:47.139,1840, ,1830, ,0, ,N, ,3, , , , , ,8339, , , ,1,0,0,0,1,0,0,0,0,0,0,1,1,0,0,0,0,0,0,0,0,1,0,0,0,0,0,0,0,0,0,0,1,0,0,4,0,40.0058,-75.0964, ,Philadelphia
 ,640,2017010602,6,67,67301,2017,1,5,1607,16,1,1,0,4,1, , ,N,0,0,0,3,0,2,2,2,N,N,40 03:39.884,75 05:01.093,1627, ,1609,2,2,5,N, ,0,Y, , , , ,8340, , , ,2,1,0,0,0,0,1,0,0,0,1,1,2,0,0,0,0,0,0,0,0,1,0,0,0,0,0,0,0,0,0,0,0,0,0,3,0,40.0611,-75.0836, ,Philadelphia