wz_ln_closure,objectid_1,crn,district,county,municipality,crash_year,crash_month,day_of_week,time_of_day,hour_of_day,illumination,weather,road_condition,collision_type,relation_to_road,work_zone_type,work_zone_loc,work_zone_ind,intersect_type,tcd_type,location_type,urban_rural,fatal_count,injury_count,person_count,total_units,sch_bus_ind,sch_zone_ind,latitude,longitude,arrival_tm,cons_zone_spd_lim,dispatch_tm,est_hrs_closed,lane_closed,ln_close_dir,ntfy_hiwy_maint,spec_juris_cd,tcd_func_cd,tfc_detour_ind,workers_pres,wz_close_detour,wz_flagger,wz_law_offcr_ind,objectid,wz_moving,wz_other,wz_shlder_mdn,vehicle_count,automobile_count,motorcycle_count,bus_count,small_truck_count,heavy_truck_count,suv_count,van_count,bicycle_count,maj_inj_count,mod_inj_count,min_inj_count,tot_inj_count,unk_inj_deg_count,unk_inj_per_count,driver_count_16yr,driver_count_17yr,driver_count_18yr,driver_count_19yr,driver_count_20yr,driver_count_50_64yr,driver_count_65_74yr,driver_count_75plus,unbelted_occ_count,unb_death_count,unb_maj_inj_count,belted_death_count,belted_maj_inj_count,mcycle_death_count,mcycle_maj_inj_count,bicycle_death_count,bicycle_maj_inj_count,ped_count,ped_death_count,ped_maj_inj_count,max_severity_level,comm_veh_count,dec_lat,dec_long,rdwy_surf_type_cd,county_name
 ,706,2017019081,6,67,67301,2017,1,2,1430,14,1,2,1,1,1, , ,N,1,2,0,3,0,2,4,2,N,N,39 59:10.552,75 06:15.887,9999, ,9999, ,0, , , ,3, , , , , ,9055, , , ,2,0,0,1,0,0,0,1,0,0,0,2,2,0,0,0,0,0,0,0,1,0,0,1,0,0,0,0,0,0,0,0,0,0,0,4,1,39.9863,-75.1044, ,Philadelphia
 ,707,2017014068,6,67,67301,2017,1,5,700,7,1,1,1,4,1, , ,N,1,2,0,3,0,3,3,2,N,N,40 01:25.771,75 05:32.905,709, ,707,1,1,1,N, ,3,Y, , , , ,9071, , , ,2,1,0,0,0,0,1,0,0,0,0,0,3,3,0,0,0,0,0,0,1,0,0,0,0,0,0,0,0,0,0,0,0,0,0,8,0,40.0238,-75.0925, ,Philadelphia
 ,708,2017008123,6,67,67301,2017,1,2,1505,15,1,1,0,1,1, , ,N,0,0,0,3,0,1,3,2,N,N,40 01:11.193,75 02:39.927,1513, ,1505,2,2,1, , ,0,N, , , , ,9075, , , ,2,0,0,0,0,0,2,0,0,0,0,0,1,1,1,0,0,0,0,0,0,1,0,0,0,0,0,0,0,0,0,0,0,0,0,8,0,40.0198,-75.0444, ,Philadelphia
 ,709,2017033110,6,67,67301,2017,3,5,2340,23,3,1,0,4,1, , ,N,2,3,0,3,0,1,3,2,N,N,39 57:36.781,75 13:58.871,2355, ,2350,2,2,5,N, ,3,Y, , , , ,9087, , , ,2,2,0,0,0,0,0,0,0,0,0,1,1,0,0,0,0,0,0,0,0,0,0,0,0,0,0,0,0,0,0,0,0,0,0,4,0,39.9602,-75.233, ,Philadelphia
 ,710,2017028888,6,67,67301,2017,2,5,1215,12,1,1,0,4,1, , ,N,1,3,0,3,0,0,2,2,N,N,39 56:27.718,75 13:46.351,1235, ,1230, ,0, ,N, ,3, , , , , ,9094, , , ,2,1,0,0,0,0,1,0,0,0,0,0,0,0,0,0,0,0,0,0,1,0,0,0,0,0,0,0,0,0,0,0,0,0,0,0,0,39.941,-75.2295, ,Philadelphia
 ,711,2017028827,6,67,67301,2017,2,1,9999,99,3,1,0,7,5, , ,N,0,0,0,3,0,1,1,1,N,N,40 02:47.209,74 59:37.046,204, ,200, ,0, ,N, ,0, , , , , ,9095, , , ,1,0,0,0,1,0,0,0,0,0,0,0,1,1,0,0,0,0,0,0,0,0,0,1,0,0,0,0,0,0,0,0,0,0,0,8,0,40.0464,-74.9936, ,Philadelphia
 ,712,2017052064,6,67,67301,2017,4,1,2,0,3,1,0,1,1, , ,N,0,2,0,3,0,2,7,4,N,N,40 01:42.776,75 08:49.317,27, ,24,2,2,2,N, ,3,N, , , , ,9102, , , ,4,3,0,0,0,0,1,0,0,0,1,1,2,0,0,0,0,0,0,0,0,0,0,1,0,0,0,0,0,0,0,0,0,0,0,3,0,40.0285,-75.147, ,Philadelphia
 ,713,2017010568,6,67,67301,2017,1,7,200,2,3,1,0,4,1, , ,N,1,2,0,3,0,4,5,3,N,N,40 03:11.336,75 02:24.854,215, ,209, ,0, , , ,3, , , , , ,9108, , , ,3,1,0,0,0,0,1,1,0,0,0,3,4,1,0,0,0,0,0,0,1,0,0,4,0,0,0,0,0,0,0,0,0,0,0,4,0,40.0531,-75.0402, ,Philadelphia
 ,714,2017043824,6,67,67301,2017,4,2,2220,22,3,1,0,4,1, , ,N,1,2,0,3,0,0,4,4,N,N,40 02:27.297,75 11:14.370,2305, ,2300,3,1,1,N, ,3,N, , , , ,9125, , , ,4,4,0,0,0,0,0,0,0,0,0,0,0,0,0,0,0,0,0,0,1,0,1,1,0,0,0,0,0,0,0,0,0,0,0,0,0,40.0409,-75.1873, ,Philadelphia
 ,715,2017028850,6,67,67301,2017,2,6,1852,18,3,1,0,5,1, , ,N,0,0,0,3,0,1,2,2,N,N,39 57:15.182,75 10:40.988,1940, ,1940, ,0, ,N, ,0, , , , , ,9132, , , ,1,1,0,0,0,0,0,0,1,0,1,0,1,0,0,0,0,0,0,0,0,0,0,0,0,0,0,0,0,0,0,0,0,0,0,3,0,39.9542,-75.1781, ,Philadelphia
 ,716,2017028890,6,67,67301,2017,2,6,1737,17,3,1,0,1,1, , ,N,0,2,0,3,0,0,2,2,N,N,39 56:19.395,75 14:04.795,1745, ,1741, ,0, , , ,3, , , , , ,9133, , , ,2,1,0,0,0,0,1,0,0,0,0,0,0,0,0,0,0,0,0,0,1,1,0,1,0,0,0,0,0,0,0,0,0,0,0,0,0,39.9387,-75.2347, ,Philadelphia
 ,717,2017051703,6,67,67301,2017,5,7,1745,17,1,1,0,1,6, , ,N,0,0,0,3,0,1,1,3,N,N,40 00:15.566,75 08:57.213,1751, ,1750, ,0, ,N, ,0, , , , , ,9145, , , ,3,2,0,0,0,0,1,0,0,0,0,1,1,0,0,0,0,0,0,0,1,0,0,1,0,0,0,0,0,0,0,0,0,0,0,4,0,40.0043,-75.1492, ,Philadelphia
 ,718,2017013907,6,67,67301,2017,1,4,1625,16,1,1,0,4,1, , ,N,1,3,0,3,0,3,3,2,N,N,40 02:04.088,75 03:11.192,1630, ,1628,1,1,2,N, ,3,Y, , , , ,9157, , , ,2,2,0,0,0,0,0,0,0,0,0,3,3,0,0,0,0,0,0,0,0,0,0,0,0,0,0,0,0,0,0,0,0,0,0,4,0,40.0345,-75.0531, ,Philadelphia
 ,719,2017013191,6,67,67301,2017,1,7,1345,13,1,4,3,4,1, , ,N,0,0,0,3,0,2,3,3,N,N,40 03:34.290,75 14:05.842,1353, ,1349,1,1,1,N, ,0,N, , , , ,9158, , , ,3,3,0,0,0,0,0,0,0,0,2,0,2,0,0,0,0,0,0,0,1,0,0,0,0,0,0,0,0,0,0,0,0,0,0,3,0,40.0595,-75.235, ,Philadelphia
 ,720,2017052311,6,67,67301,2017,4,6,751,7,1,2,1,4,1, , ,N,1,3,0,3,0,1,4,3,N,N,39 59:22.353,75 06:01.224,1045, ,1009, ,0, ,N, ,3, , , , , ,9181, , , ,3,0,0,0,2,0,1,0,0,0,0,1,1,0,0,0,0,0,0,0,1,0,0,0,0,0,0,0,0,0,0,0,0,0,0,4,0,39.9895,-75.1003, ,Philadelphia
 ,721,2017052365,6,67,67301,2017,4,5,1715,17,1,1,0,8,1, , ,N,0,0,0,3,0,1,2,2,N,N,39 58:09.083,75 11:04.017,1730, ,1715, ,0, ,N, ,0, , , , , ,7544, , , ,1,1,0,0,0,0,0,0,0,0,0,1,1,0,0,0,0,0,0,0,0,0,0,1,0,0,0,0,0,0,0,0,1,0,0,4,0,39.9692,-75.1844, ,Philadelphia
 ,722,2017013200,6,67,67301,2017,1,4,9999,99,1,1,0,4,1, , ,N,1,2,0,3,0,4,4,4,N, ,39 59:08.466,75 14:51.084,1044, ,1043,4,2,7, , ,3,Y, , , , ,7567, , , ,4,3,0,0,0,0,1,0,0,0,0,4,4,0,0,0,0,1,0,0,0,0,0,0,0,0,0,0,0,0,0,0,0,0,0,4,0,39.9857,-75.2475, ,Philadelphia
 ,723,2017019120,6,67,67301,2017,1,1,1855,18,3,1,0,1,1, , ,N,2,2,0,3,0,2,3,2,N, ,40 04:40.775,75 01:25.271,2032, ,2030, ,0, , , ,3, , , , , ,7571, , , ,2,1,0,0,0,0,1,0,0,0,2,0,2,0,1,0,0,0,0,0,0,0,0,0,0,0,0,0,0,0,0,0,0,0,0,3,0,40.078,-75.0237, ,Philadelphia
 ,724,2017010560,6,67,67301,2017,1,3,1527,15,1,1,0,4,1, , ,N,1,2,0,3,0,1,3,2,N,N,39 59:27.154,75 05:28.375,1532, ,1532,1,2,4,N, ,3,Y, , , , ,7573, , , ,2,2,0,0,0,0,0,0,0,0,0,0,1,1,0,0,0,0,0,0,0,1,0,0,0,0,0,0,0,0,0,0,0,0,0,8,0,39.9909,-75.0912, ,Philadelphia
 ,725,2017028834,6,67,67301,2017,2,1,335,3,3,1,0,5,6, , ,N,0,0,0,3,0,0,1,3,N,N,40 00:07.542,75 04:11.722,346, ,335,1,1,2, , ,0,Y, , , , ,7576, , , ,3,2,0,0,0,0,1,0,0,0,0,0,0,0,1,0,0,0,0,0,0,0,0,0,0,0,0,0,0,0,0,0,0,0,0,9,0,40.0021,-75.0699, ,Philadelphia
 ,726,2017014003,6,67,67301,2017,1,5,850,8,1,1,1,4,1, , ,N,1,2,0,3,0,1,2,2,N, ,39 57:48.100,75 11:14.764,915, ,859, ,0, , , ,3, , , , , ,7615, , , ,1,0,0,0,0,0,1,0,1,0,1,0,1,0,0,0,0,0,0,0,0,0,0,0,0,0,0,0,0,0,0,0,0,0,0,3,0,39.9634,-75.1875, ,Philadelphia
 ,727,2017037484,6,67,67301,2017,3,2,1530,15,1,1,0,4,1, , ,N,1,2,0,3,0,2,3,2,N, ,40 01:37.274,75 04:32.136,1630, ,9999, ,0, , , ,3, , , , , ,7675, , , ,2,2,0,0,0,0,0,0,0,0,0,0,2,2,0,0,0,0,0,0,0,0,0,1,0,0,0,0,0,0,0,0,0,0,0,8,0,40.0271,-75.0754, ,Philadelphia
 ,728,2017014185,6,67,67301,2017,2,6,756,7,1,1,0,1,1, , ,N,0,0,0,3,0,1,2,2,N,N,39 57:28.549,75 09:44.252,827, ,759, ,0, , , ,0, , , , , ,7716, , , ,2,2,0,0,0,0,0,0,0,0,0,0,1,1,0,0,0,0,0,0,0,0,0,0,0,0,0,0,0,0,0,0,0,0,0,8,0,39.9579,-75.1623, ,Philadelphia
 ,729,2017017626,6,67,67301,2017,2,5,243,2,3,2,1,7,4, , ,N,0,0,0,3,0,1,1,1,N,N,39 56:40.832,75 11:29.162,246, ,246,2,2,3, , ,0,N, , , , ,7721, , , ,1,0,0,0,0,0,1,0,0,0,0,0,1,1,0,0,0,0,0,0,0,0,0,0,0,0,0,0,0,0,0,0,0,0,0,8,0,39.9447,-75.1914, ,Philadelphia
 ,730,2017019104,6,67,67301,2017,1,7,843,8,1,1,0,4,1, , ,N,1,2,0,3,0,1,3,2,N,N,39 59:49.350,75 10:42.861,843, ,843,3,1,1,N, ,3,Y, , , , ,7763, , , ,2,1,0,0,0,0,1,0,0,0,0,0,1,1,1,0,0,0,0,0,1,0,0,0,0,0,0,0,0,0,0,0,0,0,0,8,0,39.997,-75.1786, ,Philadelphia
 ,731,2017028830,6,67,67301,2017,2,6,1913,19,3,1,0,4,1, , ,N,1,2,0,3,0,0,2,2,N,N,40 01:37.269,75 04:31.638,1920, ,1920, ,0, , , ,3, , , , , ,7783, , , ,2,2,0,0,0,0,0,0,0,0,0,0,0,0,0,0,0,0,0,0,0,0,0,0,0,0,0,0,0,0,0,0,0,0,0,0,0,40.027,-75.0755, ,Philadelphia
 ,732,2017012470,6,67,67301,2017,1,1,1120,11,1,1,0,1,1, , ,N,0,0,0,3,0,2,7,3,N,N,39 58:48.424,75 12:18.915,1120, ,1120,1,2,3, , ,0,N, , , , ,7807, , , ,3,1,0,0,1,0,1,0,0,0,0,2,2,0,0,0,0,0,0,0,2,0,0,2,0,0,0,0,0,0,0,0,0,0,0,4,0,39.9801,-75.2053, ,Philadelphia
 ,733,2017014022,6,67,67301,2017,1,6,1047,10,1,1,0,4,1, , ,N,1,2,0,3,0,1,2,2,N,N,39 59:01.026,75 14:49.382,1053, ,1047,1,1,7, , ,3,Y, , , , ,7814, , , ,2,1,0,0,0,0,0,0,0,0,0,1,1,0,0,0,0,0,0,0,2,0,0,0,0,0,0,0,0,0,0,0,0,0,0,4,0,39.9836,-75.247, ,Philadelphia
 ,734,2017024749,6,67,67301,2017,2,2,609,6,1,1,0,1,1, , ,N,6,0,0,3,0,1,2,2,N,N,39 58:15.132,75 11:34.938,625, ,612, ,0, , , ,0, , , , , ,7817, , , ,2,1,0,0,0,0,1,0,0,0,0,0,1,1,0,0,0,0,0,0,1,0,0,0,0,0,0,0,0,0,0,0,0,0,0,8,0,39.9732,-75.1937, ,Philadelphia
 ,735,2017036594,6,67,67301,2017,3,7,1832,18,1,1,1,4,1, , ,N,0,2,0,3,0,1,2,2,N,N,40 03:12.351,75 00:30.527,1843, ,1832,2,2,4, , ,3,Y, , , , ,7821, , , ,2,1,0,0,0,0,1,0,0,0,0,0,1,1,0,0,0,0,0,0,1,0,0,0,0,0,0,0,0,0,0,0,0,0,0,8,0,40.0534,-75.0085, ,Philadelphia
 ,736,2017041258,6,67,67301,2017,4,7,1155,11,1,1,0,4,1, , ,N,1,2,0,3,0,0,3,3,N, ,40 01:31.774,75 07:31.582,1204, ,1159, ,0, , , ,3, , , , , ,7834, , , ,3,3,0,0,0,0,0,0,0,0,0,0,0,0,0,0,0,0,0,0,1,0,0,0,0,0,0,0,0,0,0,0,0,0,0,0,0,40.0255,-75.1254, ,Philadelphia
 ,737,2017013999,6,67,67301,2017,1,3,1208,12,1,1,0,5,1, , ,N,0,0,7,3,1,0,2,2,N,N,40 00:31.800,75 10:37.800,1213, ,1212, ,0, ,N,0,0, , , , , ,7851, , , ,2,0,0,0,0,0,2,0,0,0,0,0,0,0,0,0,0,0,0,0,1,1,0,2,1,0,0,0,0,0,0,0,0,0,0,1,0,40.0088,-75.1772,1,Philadelphia
 ,738,2017023935,6,67,67301,2017,2,5,1915,19,3,1,0,8,1, , ,N,0,0,0,3,0,1,2,2,N, ,39 59:45.240,75 09:11.836,1955, ,1943, ,0, , , ,0, , , , , ,7855, , , ,1,1,0,0,0,0,0,0,0,0,0,0,1,1,0,0,0,0,0,0,0,0,0,1,0,0,0,0,0,0,0,0,1,0,0,8,0,39.9959,-75.1533, ,Philadelphia
 ,739,2017041261,6,67,67301,2017,4,1,1430,14,1,1,0,1,1, , ,N,0,0,0,3,0,1,2,2,N,N,40 01:31.965,75 09:00.351,1433, ,1433, ,0, ,N, ,0, , , , , ,7863, , , ,2,1,0,0,1,0,0,0,0,0,0,1,1,0,0,0,0,0,0,0,0,1,0,0,0,0,0,0,0,0,0,0,0,0,0,4,0,40.0255,-75.1501, ,Philadelphia
 ,740,2017035609,6,67,67301,2017,3,4,1515,15,1,1,0,5,1, , ,N,3,2,0,3,0,3,4,3,N, ,39 58:21.476,75 13:03.992,1527, ,1520, ,0, , , ,3, , , , , ,7867, , , ,3,2,0,0,0,0,0,1,0,0,0,0,3,3,1,0,0,0,0,0,1,0,0,0,0,0,0,0,0,0,0,0,0,0,0,8,0,39.9726,-75.2178, ,Philadelphia
 ,741,2017028838,6,67,67301,2017,2,7,1355,13,1,1,0,4,1, , ,N,1,2,0,3,0,0,2,2,N,N,39 56:18.900,75 11:54.432,1400, ,1357, ,0, ,N, ,3, , , , , ,7879, , , ,2,0,0,0,0,0,1,1,0,0,0,0,0,0,0,0,0,0,0,0,0,1,0,0,0,0,0,0,0,0,0,0,0,0,0,0,0,39.9386,-75.1985, ,Philadelphia
 ,742,2017058333,6,67,67301,2017,5,1,1143,11,1,1,0,4,1, , ,N,1,2,0,3,0,1,2,2,N,N,39 58:20.769,75 08:20.104,1159, ,1143,2,1,2,N, ,3,N, , , , ,7895, , , ,2,0,0,0,0,0,2,0,0,0,0,1,1,0,0,0,0,0,0,0,1,0,0,0,0,0,0,0,0,0,0,0,0,0,0,4,0,39.9724,-75.1389, ,Philadelphia
 ,743,2017039299,6,67,67301,2017,4,4,2332,23,3,1,0,7,4, , ,N,0,0,0,3,0,5,5,1,N,N,39 55:56.688,75 12:00.029,2339, ,2333,2,2,4, , ,0,Y, , , , ,7918, , , ,1,1,0,0,0,0,0,0,0,2,3,0,5,0,0,1,0,0,0,0,0,0,0,5,0,2,0,0,0,0,0,0,0,0,0,2,0,39.9324,-75.2, ,Philadelphia
 ,744,2017028876,6,67,67301,2017,2,7,2225,22,3,1,0,4,1, , ,N,1,2,0,3,0,3,4,3,N,N,39 57:53.673,75 13:28.432,2230, ,2225,1,1,3,N, ,3,Y, , , , ,7927, , , ,3,2,0,0,0,0,0,1,0,0,1,2,3,0,0,0,0,0,0,0,0,0,0,0,0,0,0,0,0,0,0,0,0,0,0,3,0,39.9649,-75.2246, ,Philadelphia
 ,745,2017052088,6,67,67301,2017,3,3,1400,14,1,2,1,8,1, , ,N,1,2,0,3,0,1,2,2,N, ,39 54:57.588,75 09:52.288,1410, ,1402, ,0, , , ,3, , , , , ,7946, , , ,1,1,0,0,0,0,0,0,0,0,0,1,1,0,0,0,0,0,0,0,0,1,0,0,0,0,0,0,0,0,0,0,1,0,0,4,0,39.9159,-75.1645, ,Philadelphia
 ,746,2017021637,6,67,67301,2017,2,6,1759,17,4,1,0,1,1, , ,N,1,0,0,3,0,1,2,3,N,N,39 54:07.750,75 14:49.138,1909, ,1854,9,1,4,N, ,0,Y, , , , ,7962, , , ,3,2,0,0,0,0,1,0,0,0,1,0,1,0,0,0,0,0,0,0,0,0,0,0,0,0,0,0,0,0,0,0,0,0,0,3,0,39.9022,-75.247, ,Philadelphia
 ,747,2017014042,6,67,67301,2017,1,4,320,3,3,2,7,7,4, , ,N,0,0,0,3,0,0,1,1,N,N,39 55:05.454,75 14:48.778,327, ,324, ,0, ,N, ,0, , , , , ,7964, , , ,1,1,0,0,0,0,0,0,0,0,0,0,0,0,0,0,0,0,0,0,0,0,0,0,0,0,0,0,0,0,0,0,0,0,0,0,0,39.9182,-75.2469, ,Philadelphia
 ,748,2017008747,6,67,67301,2017,1,4,242,2,3,1,1,4,1, , ,N,1,0,0,3,0,2,3,2,N,N,40 08:03.639,75 00:33.065,255, ,249, ,0, , , ,0, , , , , ,7966, , , ,2,1,0,0,1,0,0,0,0,0,0,0,2,2,0,0,0,0,0,0,0,0,0,0,0,0,0,0,0,0,0,0,0,0,0,8,0,40.1343,-75.0091, ,Philadelphia
 ,749,2017053926,6,67,67301,2017,5,5,939,9,1,2,1,1,1, , ,N,0,0,0,3,0,2,4,2,N,N,40 01:34.725,75 01:37.955,1005, ,943,1,2,2, , ,0,N, , , , ,7995, , , ,2,1,0,0,0,0,0,1,0,0,2,0,2,0,0,0,0,0,0,0,0,0,0,0,0,0,0,0,0,0,0,0,0,0,0,3,0,40.0263,-75.0272, ,Philadelphia
 ,750,2017028791,6,67,67301,2017,1,1,1120,11,1,1,0,4,1, , ,N,1,2,0,3,0,1,3,2,N, ,40 00:54.888,75 10:11.461,1123, ,1121,3,1,2, , ,3,Y, , , , ,8013, , , ,2,1,0,0,0,0,1,0,0,0,0,1,1,0,0,0,0,0,0,0,0,0,0,0,0,0,0,0,0,0,0,0,0,0,0,4,0,40.0152,-75.1699, ,Philadelphia
 ,751,2017004019,6,67,67301,2017,1,5,828,8,1,1,0,1,1, , ,N,0,0,0,3,0,0,2,2,N,N,40 00:27.922,75 12:06.523,838, ,835, ,0, , , ,0, , , , , ,8051, , , ,2,1,0,0,0,0,1,0,0,0,0,0,0,0,0,0,0,0,0,0,0,0,0,0,0,0,0,0,0,0,0,0,0,0,0,0,0,40.0078,-75.2018, ,Philadelphia
 ,752,2017014032,6,67,67301,2017,1,5,1605,16,1,1,0,1,1, , ,N,2,0,1,3,0,1,2,2,N,N,40 00:42.487,75 08:03.551,1611, ,1611, ,0, ,N, ,0, , , , , ,8055, , , ,2,0,0,0,1,0,1,0,0,0,1,0,1,0,0,0,0,0,0,0,1,0,0,1,0,0,0,0,0,0,0,0,0,0,0,3,0,40.0118,-75.1343, ,Philadelphia
 ,753,2017043893,6,67,67301,2017,4,3,1840,18,1,1,0,1,1, , ,N,1,2,0,3,0,2,3,3,N,N,40 01:31.746,75 07:20.688,1846, ,1843,2,1,1,N, ,3,N, , , , ,8069, , , ,3,1,0,0,0,0,2,0,0,0,0,0,2,2,0,0,0,0,0,0,2,0,0,0,0,0,0,0,0,0,0,0,0,0,0,8,0,40.0256,-75.1223, ,Philadelphia
 ,754,2017037378,6,67,67301,2017,3,2,912,9,1,2,1,1,1, , ,N,1,2,0,3,0,1,4,2,N,N,40 02:32.362,75 01:32.162,915, ,913, ,0, , , ,3, , , , , ,8073, , , ,2,1,0,0,0,0,1,0,0,0,0,0,1,1,0,0,0,0,0,0,0,0,0,1,0,0,0,0,0,0,0,0,0,0,0,8,0,40.0423,-75.0256, ,Philadelphia
 ,755,2017058386,6,67,67301,2017,5,2,1830,18,1,1,0,4,1, , ,N,1,2,0,3,0,1,2,2,N,N,39 57:11.994,75 11:01.450,2040, ,2038, ,0, , , ,3, , , , , ,8088, , , ,1,0,0,0,0,1,0,0,1,0,1,0,1,0,1,0,0,0,0,0,1,0,0,0,0,0,0,0,0,0,0,0,0,0,0,3,1,39.9533,-75.1838, ,Philadelphia
 ,756,2017060765,6,67,67301,2017,5,4,1300,13,1,1,0,1,1, , ,N,2,2,2,3,0,1,2,2,N,N,39 54:43.163,75 09:01.850,1315, ,1305, ,0, ,N, ,3, , , , , ,8091, , , ,2,1,0,0,0,1,0,0,0,0,0,0,1,1,0,0,0,0,0,0,0,0,0,0,0,0,0,0,0,0,0,0,0,0,0,8,1,39.912,-75.1505, ,Philadelphia
 ,757,2017020429,6,67,67301,2017,2,1,844,8,1,1,0,7,5, , ,N,0,0,0,3,0,1,1,1,N,N,40 02:07.979,75 01:01.357,857, ,846,2,1,1, , ,0,N, , , , ,8099, , , ,1,0,0,0,0,0,0,1,0,0,0,0,1,1,0,0,0,0,0,0,0,0,0,0,0,0,0,0,0,0,0,0,0,0,0,8,0,40.0355,-75.017, ,Philadelphia
 ,758,2017019076,6,67,67301,2017,1,2,1415,14,1,1,0,4,1, , ,N,1,3,0,3,0,5,7,2,N,N,39 59:11.933,75 08:47.141,9999, ,1415, ,0, , , ,3, , , , , ,8104, , , ,2,0,0,1,1,0,0,0,0,0,0,5,5,0,0,0,0,0,0,0,1,0,0,1,0,0,0,0,0,0,0,0,0,0,0,4,1,39.9866,-75.1464, ,Philadelphia
 ,759,2017026051,6,67,67301,2017,3,3,750,7,5,2,1,1,1, , ,N,0,0,0,3,0,0,2,2,N,N,40 02:14.724,75 00:46.783,812, ,753, ,0, , , ,0, , , , , ,8107, , , ,2,0,0,0,0,0,1,1,0,0,0,0,0,0,0,0,0,0,0,0,0,0,0,0,0,0,0,0,0,0,0,0,0,0,0,0,0,40.0374,-75.013, ,Philadelphia
 ,760,2017030273,6,67,67301,2017,2,2,910,9,1,1,0,1,1, , ,N,0,0,0,3,0,1,4,3,N,N,39 57:28.424,75 09:43.307,956, ,917, ,0, , , ,0, , , , , ,8121, , , ,3,1,0,0,1,0,0,1,0,0,1,0,1,0,0,0,0,0,0,0,1,0,0,0,0,0,0,0,0,0,0,0,0,0,0,3,0,39.9579,-75.162, ,Philadelphia
 ,761,2017058345,6,67,67301,2017,5,5,1500,15,1,1,0,4,1, , ,N,1,2,0,3,0,1,2,2,N, ,39 54:33.787,75 09:40.120,1554, ,1505, ,0, , , ,3, , , , , ,8157, , , ,2,2,0,0,0,0,0,0,0,0,0,1,1,0,0,0,0,0,0,0,0,0,0,0,0,0,0,0,0,0,0,0,0,0,0,4,0,39.9094,-75.1611, ,Philadelphia
 ,762,2017076176,6,67,67301,2017,6,6,1445,14,1,1,0,4,1, , ,N,1,2,3,3,0,1,4,2,N,N,39 57:25.886,75 09:31.375,1502, ,1500, ,0, ,N, ,3, , , , , ,8178, , , ,2,1,0,0,0,0,1,0,0,0,1,0,1,0,0,0,0,0,0,0,0,0,0,0,0,0,0,0,0,0,0,0,0,0,0,3,0,39.9572,-75.1587, ,Philadelphia
 ,763,2017035631,6,67,67301,2017,3,2,845,8,1,1,0,4,1, , ,N,1,2,0,3,0,7,8,2,N, ,39 56:00.144,75 10:52.122,854, ,850, ,0, , , ,3, , , , , ,8198, , , ,2,2,0,0,0,0,0,0,0,0,0,5,7,2,0,0,0,0,0,0,0,1,0,8,0,0,0,0,0,0,0,0,0,0,0,4,0,39.9334,-75.1811, ,Philadelphia
 ,764,2017033549,6,67,67301,2017,2,5,1859,18,3,1,0,4,1, , ,N,1,2,0,3,0,3,3,2,N, ,40 02:58.479,75 05:44.227,1937, ,1933,2,2,5, , ,3,Y, , , , ,8205, , , ,2,2,0,0,0,0,0,0,0,0,1,2,3,0,0,0,0,0,0,0,0,0,1,0,0,0,0,0,0,0,0,0,0,0,0,3,0,40.0496,-75.0956, ,Philadelphia
 ,765,2017035610,6,67,67301,2017,3,4,837,8,1,1,0,8,1, , ,N,0,0,0,3,0,1,2,2,N, ,39 57:31.046,75 13:23.120,846, ,846, ,0, , , ,0, , , , , ,8206, , , ,1,0,0,0,0,0,0,0,0,0,0,0,1,1,0,0,0,0,0,0,0,0,0,0,0,0,0,0,0,0,0,0,1,0,0,8,0,39.9586,-75.2231, ,Philadelphia
 ,766,2017028824,6,67,67301,2017,2,5,1323,13,1,1,0,4,1, , ,N,1,2,0,3,0,1,4,3,N,N,40 04:27.539,75 02:05.367,1328, ,1324,2,1,2,N, ,3,N, , , , ,8207, , , ,3,1,0,0,0,0,1,1,0,0,0,0,1,1,0,0,0,0,0,0,1,0,0,0,0,0,0,0,0,0,0,0,0,0,0,8,0,40.0743,-75.0348, ,Philadelphia
 ,767,2017028933,6,67,67301,2017,2,5,1054,10,1,1,0,4,1, , ,N,1,3,0,3,0,1,3,2,N, ,39 59:06.324,75 09:52.851,1103, ,1059, ,0, , , ,3, , , , , ,8209, , , ,2,2,0,0,0,0,0,0,0,0,1,0,1,0,0,0,0,0,0,0,2,0,0,0,0,0,0,0,0,0,0,0,0,0,0,3,0,39.9851,-75.1647, ,Philadelphia
 ,768,2017041208,6,67,67301,2017,3,6,1846,18,1,1,0,4,1, , ,N,1,2,0,3,0,3,3,2,N, ,40 02:03.403,75 04:28.523,1850, ,1846,1,1,2, , ,3,N, , , , ,8214, , , ,2,1,0,0,0,0,1,0,0,0,0,2,3,1,0,0,0,0,0,0,1,0,0,1,0,0,0,0,0,0,0,0,0,0,0,4,0,40.0343,-75.0746, ,Philadelphia
 ,769,2017035597,6,67,67301,2017,3,5,1523,15,1,1,0,4,1, , ,N,1,2,0,3,0,0,2,2,N,N,40 02:07.082,75 04:14.554,1749, ,1743,1,1,2,N, ,3,N, , , , ,8215, , , ,2,2,0,0,0,0,0,0,0,0,0,0,0,0,0,0,1,0,0,0,0,0,0,0,0,0,0,0,0,0,0,0,0,0,0,0,0,40.0353,-75.0709, ,Philadelphia
 ,770,2017052096,6,67,67301,2017,4,4,1030,10,1,1,0,5,1, , ,N,0,0,0,3,0,1,3,2,N,N,39 57:01.075,75 09:50.237,1100, ,1045, ,0, , , ,0, , , , , ,8218, , , ,1,0,0,0,0,0,1,0,1,0,0,1,1,0,1,0,0,0,0,0,0,0,0,0,0,0,0,0,0,0,0,0,0,0,0,4,0,39.9503,-75.164, ,Philadelphia