wz_ln_closure,objectid_1,crn,district,county,municipality,crash_year,crash_month,day_of_week,time_of_day,hour_of_day,illumination,weather,road_condition,collision_type,relation_to_road,work_zone_type,work_zone_loc,work_zone_ind,intersect_type,tcd_type,location_type,urban_rural,fatal_count,injury_count,person_count,total_units,sch_bus_ind,sch_zone_ind,latitude,longitude,arrival_tm,cons_zone_spd_lim,dispatch_tm,est_hrs_closed,lane_closed,ln_close_dir,ntfy_hiwy_maint,spec_juris_cd,tcd_func_cd,tfc_detour_ind,workers_pres,wz_close_detour,wz_flagger,wz_law_offcr_ind,objectid,wz_moving,wz_other,wz_shlder_mdn,vehicle_count,automobile_count,motorcycle_count,bus_count,small_truck_count,heavy_truck_count,suv_count,van_count,bicycle_count,maj_inj_count,mod_inj_count,min_inj_count,tot_inj_count,unk_inj_deg_count,unk_inj_per_count,driver_count_16yr,driver_count_17yr,driver_count_18yr,driver_count_19yr,driver_count_20yr,driver_count_50_64yr,driver_count_65_74yr,driver_count_75plus,unbelted_occ_count,unb_death_count,unb_maj_inj_count,belted_death_count,belted_maj_inj_count,mcycle_death_count,mcycle_maj_inj_count,bicycle_death_count,bicycle_maj_inj_count,ped_count,ped_death_count,ped_maj_inj_count,max_severity_level,comm_veh_count,dec_lat,dec_long,rdwy_surf_type_cd,county_name
 ,900,2017037398,6,67,67301,2017,3,4,1727,17,1,1,0,4,1, , ,N,1,3,0,3,0,4,4,2,N,N,40 00:56.437,75 08:24.334,1729, ,1727,2,2,6,N, ,3,Y, , , , ,9838, , , ,2,1,0,0,0,0,1,0,0,0,0,4,4,0,0,0,0,0,0,0,0,1,0,0,0,0,0,0,0,0,0,0,0,0,0,4,0,40.0157,-75.1401, ,Philadelphia
 ,901,2017037465,6,67,67301,2017,3,7,1600,16,1,2,1,1,1, , ,N,0,0,0,3,0,1,3,3,N, ,40 01:59.794,75 08:45.599,1607, ,1605, ,0, , , ,0, , , , , ,11613, , , ,3,3,0,0,0,0,0,0,0,0,0,1,1,0,0,0,0,0,0,0,0,1,0,0,0,0,0,0,0,0,0,0,0,0,0,4,0,40.0333,-75.146, ,Philadelphia
 ,902,2017021980,6,67,67301,2017,2,3,410,4,3,1,0,4,1, , ,N,1,2,0,3,0,0,2,2,N,N,40 01:39.133,75 03:44.544,423, ,421,1,1,2,N, ,3,N, , , , ,11623, , , ,2,2,0,0,0,0,0,0,0,0,0,0,0,0,0,0,0,0,0,0,0,0,0,0,0,0,0,0,0,0,0,0,0,0,0,0,0,40.0274,-75.0627, ,Philadelphia
 ,903,2017028930,6,67,67301,2017,2,3,1440,14,1,1,0,4,1, , ,N,1,2,0,3,0,2,2,2,N,N,39 56:37.683,75 13:22.061,1445, ,1440, ,0, , , ,3, , , , , ,11624, , , ,2,2,0,0,0,0,0,0,0,0,0,0,2,2,0,0,0,0,0,0,0,0,0,1,0,0,0,0,0,0,0,0,0,0,0,8,0,39.9438,-75.2228, ,Philadelphia
 ,904,2017021536,6,67,67301,2017,2,6,1320,13,1,1,0,4,1, , ,N,1,2,0,3,0,0,3,2,N, ,39 57:31.834,75 12:22.607,1325, ,1325, ,0, , , ,3, , , , , ,11627, , , ,2,2,0,0,0,0,0,0,0,0,0,0,0,0,0,0,0,0,0,0,0,1,0,0,0,0,0,0,0,0,0,0,0,0,0,0,0,39.9588,-75.2063, ,Philadelphia
 ,905,2017035748,6,67,67301,2017,3,6,830,8,1,2,1,8,1, , ,N,1,3,0,3,0,1,2,2,N,N,39 59:54.668,75 09:55.007,840, ,835, ,0, ,N, ,3, , , , , ,11631, , , ,1,1,0,0,0,0,0,0,0,0,0,0,1,1,0,0,0,0,0,0,0,0,0,0,0,0,0,0,0,0,0,0,1,0,0,8,0,39.9985,-75.1653, ,Philadelphia
 ,906,2017036301,6,67,67301,2017,3,6,2142,21,3,2,1,5,1, , ,N,0,0,3,3,0,1,3,3,N,N,39 56:14.385,75 08:38.438,2201, ,2143, ,0, , , ,0, , , , , ,11668, , , ,3,3,0,0,0,0,0,0,0,0,1,0,1,0,0,0,0,1,0,0,0,0,0,0,0,0,0,0,0,0,0,0,0,0,0,3,0,39.9373,-75.144, ,Philadelphia
 ,907,2017041361,6,67,67301,2017,3,6,1800,18,4,2,1,7,3, , ,N,0,0,0,3,0,0,2,2,N,N,39 53:40.138,75 14:14.437,1811, ,1811,3,1,1,N, ,0,N, , , , ,11671, , , ,2,1,0,0,0,0,1,0,0,0,0,0,0,0,0,0,0,0,0,0,1,0,0,0,0,0,0,0,0,0,0,0,0,0,0,0,0,39.8945,-75.2373, ,Philadelphia
 ,908,2017033040,6,67,67301,2017,1,7,530,5,5,1,0,4,1, , ,N,1,3,0,3,0,2,3,2,N, ,40 00:47.721,75 05:50.811,545, ,540, ,0, , , ,3, , , , , ,11682, , , ,2,1,0,0,0,0,1,0,0,1,0,1,2,0,1,0,0,0,0,0,0,0,0,0,0,0,0,0,0,0,0,0,0,0,0,2,0,40.0133,-75.0974, ,Philadelphia
 ,909,2017052356,6,67,67301,2017,4,7,735,7,1,1,0,4,1, , ,N,1,2,0,3,0,2,3,3,N,N,40 03:42.317,75 03:21.839,812, ,807, ,0, ,N, ,3, , , , , ,11687, , , ,3,1,0,0,1,0,0,1,0,0,1,1,2,0,0,0,0,0,0,0,1,0,0,0,0,0,0,0,0,0,0,0,0,0,0,3,0,40.0618,-75.0561, ,Philadelphia
 ,910,2017008125,6,67,67301,2017,1,3,1102,11,1,2,1,7,4, , ,N,0,0,0,3,0,0,1,1,N,N,39 53:26.402,75 13:15.284,1109, ,1106, ,0, , , ,0, , , , , ,11702, , , ,1,1,0,0,0,0,0,0,0,0,0,0,0,0,0,0,0,0,0,0,0,0,0,0,0,0,0,0,0,0,0,0,0,0,0,0,0,39.8907,-75.2209, ,Philadelphia
 ,911,2017007798,6,67,67301,2017,1,1,710,7,1,1,0,5,6, , ,N,0,0,0,3,0,0,1,2,N,N,40 02:07.796,75 05:23.359,745, ,742,1,2,1,N, ,0,N, , , , ,11704, , , ,2,0,0,0,0,0,2,0,0,0,0,0,0,0,0,0,0,0,0,0,0,0,0,0,0,0,0,0,0,0,0,0,0,0,0,0,0,40.0355,-75.0898, ,Philadelphia
 ,912,2017013906,6,67,67301,2017,1,5,1056,10,1,1,0,4,1, , ,N,0,0,0,3,0,1,3,2,N,N,39 57:05.915,75 09:26.978,1059, ,1058, ,0, ,N, ,0, , , , , ,11707, , , ,1,1,0,0,0,0,0,0,1,0,0,1,1,0,0,0,0,0,0,0,0,0,0,0,0,0,0,0,0,0,0,0,0,0,0,4,0,39.9516,-75.1575, ,Philadelphia
 ,913,2017041262,6,67,67301,2017,4,1,1415,14,1,1,0,4,1, , ,N,0,0,7,3,0,2,3,2,N, ,40 06:03.323,75 01:46.661,1454, ,1452, ,0, , , ,0, , , , , ,11713, , , ,2,1,0,0,0,0,1,0,0,0,0,2,2,0,0,0,0,0,0,0,1,1,0,0,0,0,0,0,0,0,0,0,0,0,0,4,0,40.1009,-75.0296, ,Philadelphia
N,914,2017046992,6,67,67301,2017,5,5,622,6,1,1,0,7,7,1,4,Y,0,0,0,3,0,0,1,1,N,N,39 58:05.009,75 07:48.174,635,45,622,1,1,1, , ,0,N,N,N,N,N,11726,N,N,Y,1,1,0,0,0,0,0,0,0,0,0,0,0,0,0,0,0,0,0,0,1,0,0,0,0,0,0,0,0,0,0,0,0,0,0,0,0,39.9681,-75.13, ,Philadelphia
 ,915,2017060560,6,67,67301,2017,5,4,1410,14,1,1,0,4,1, , ,N,2,2,0,3,0,2,2,2,N, ,40 04:30.369,75 00:05.500,1416, ,1414, ,0, , , ,3, , , , , ,11731, , , ,2,2,0,0,0,0,0,0,0,0,0,2,2,0,0,0,0,0,1,0,0,0,0,0,0,0,0,0,0,0,0,0,0,0,0,4,0,40.0751,-75.0015, ,Philadelphia
 ,916,2017068038,6,67,67301,2017,6,7,25,0,2,1,0,1,6, , ,N,0,0,0,3,0,1,1,2,N, ,39 55:24.795,75 11:29.685,40, ,38, ,0, , , ,0, , , , , ,11742, , , ,2,1,0,0,0,1,0,0,0,0,1,0,1,0,0,0,0,0,0,0,0,0,0,0,0,0,0,0,0,0,0,0,0,0,0,3,1,39.9236,-75.1916, ,Philadelphia
 ,917,2017013966,6,67,67301,2017,1,5,917,9,1,1,0,8,1, , ,N,2,3,0,3,0,1,2,2,N,N,39 58:04.238,75 09:36.548,922, ,915, ,0, , , ,3, , , , , ,11750, , , ,1,0,0,0,0,0,1,0,0,0,0,0,1,1,0,0,0,0,0,0,1,0,0,0,0,0,0,0,0,0,0,0,1,0,0,8,0,39.9678,-75.1602, ,Philadelphia
N,918,2017035561,6,67,67301,2017,4,2,11,0,3,1,0,1,1,1,4,Y,0,0,0,3,0,0,3,2,N,N,39 58:47.559,75 06:21.559,12,45,12,1,1,1, , ,0,N,N,N,N,N,11758,N,N,Y,2,1,0,0,0,0,1,0,0,0,0,0,0,0,0,0,0,0,1,0,0,0,0,0,0,0,0,0,0,0,0,0,0,0,0,0,0,39.9799,-75.106, ,Philadelphia
 ,919,2017033534,6,67,67301,2017,2,6,815,8,1,1,0,4,1, , ,N,1,3,0,3,0,0,2,2,N,N,39 57:32.256,75 14:07.331,830, ,821, ,0, ,N, ,3, , , , , ,11767, , , ,2,2,0,0,0,0,0,0,0,0,0,0,0,0,0,0,0,0,0,0,0,0,0,0,0,0,0,0,0,0,0,0,0,0,0,0,0,39.959,-75.2354, ,Philadelphia
 ,920,2017058426,6,67,67301,2017,5,7,1034,10,1,1,0,1,1, , ,N,0,8,0,3,0,0,3,3,N,N,39 57:27.991,75 09:40.055,1047, ,1035,1,2,4, , ,3,N, , , , ,11775, , , ,3,1,0,0,0,0,2,0,0,0,0,0,0,0,0,0,0,0,0,0,1,1,0,0,0,0,0,0,0,0,0,0,0,0,0,0,0,39.9578,-75.1611, ,Philadelphia
 ,921,2017057741,6,67,67301,2017,6,3,1340,13,1,1,0,7,5, , ,N,0,0,0,3,0,1,1,1,N,N,39 57:22.298,75 11:13.018,1346, ,1342,1,1,4,N, ,0,N, , , , ,11779, , , ,1,0,0,0,0,0,0,1,0,0,0,1,1,0,0,0,0,0,0,0,0,1,0,0,0,0,0,0,0,0,0,0,0,0,0,4,0,39.9562,-75.1869, ,Philadelphia
 ,922,2017016592,6,67,67301,2017,2,4,1936,19,3,1,0,5,1, , ,N,0,8,0,3,0,0,2,2,N,N,39 56:35.698,75 08:35.085,1948, ,1941, ,0, , , ,3, , , , , ,11795, , , ,2,2,0,0,0,0,0,0,0,0,0,0,0,0,0,0,0,0,0,0,1,0,0,0,0,0,0,0,0,0,0,0,0,0,0,0,0,39.9432,-75.1431, ,Philadelphia
 ,923,2017035589,6,67,67301,2017,3,5,1610,16,1,1,0,5,1, , ,N,0,0,0,3,0,9,11,2,N,N,40 00:03.367,75 08:51.994,1630, ,1620, ,0, ,N, ,0, , , , , ,11822, , , ,2,0,0,1,0,1,0,0,0,0,0,9,9,0,0,0,0,0,0,0,0,0,0,1,0,0,0,0,0,0,0,0,0,0,0,4,2,40.0009,-75.1478, ,Philadelphia
 ,924,2017033047,6,67,67301,2017,2,5,2133,21,3,1,0,4,1, , ,N,1,3,0,3,0,2,4,7,N, ,40 03:03.758,75 05:53.505,2142, ,2138, ,0, , , ,3, , , , , ,11823, , , ,7,4,0,0,2,0,1,0,0,1,1,0,2,0,0,0,0,0,0,0,1,0,0,0,0,0,0,0,0,0,0,0,0,0,0,2,0,40.051,-75.0982, ,Philadelphia
 ,925,2017041374,6,67,67301,2017,4,7,227,2,3,2,1,4,1, , ,N,1,3,0,3,0,1,6,4,N, ,40 01:25.078,75 07:18.912,245, ,227,3,2,3, , ,3,Y, , , , ,11824, , , ,4,2,0,0,1,0,1,0,0,0,0,1,1,0,0,0,0,0,0,0,1,0,0,0,0,0,0,0,0,0,0,0,0,0,0,4,0,40.0236,-75.1219, ,Philadelphia
 ,926,2017029015,6,67,67301,2017,2,1,1750,17,3,2,1,8,1, , ,N,1,2,0,3,0,1,2,2,N, ,40 00:37.460,75 04:45.357,1757, ,1757, ,0, , , ,3, , , , , ,11827, , , ,1,0,0,0,0,0,1,0,0,0,0,0,1,1,0,0,0,0,0,0,1,0,0,0,0,0,0,0,0,0,0,0,1,0,0,8,0,40.0104,-75.0793, ,Philadelphia
 ,927,2017046604,6,67,67301,2017,4,3,755,7,1,1,0,0,1, , ,N,0,0,0,3,0,0,1,1,N,N,40 00:26.140,75 12:01.468,755, ,755, ,0, , , ,0, , , , , ,11830, , , ,1,0,0,0,0,0,1,0,0,0,0,0,0,0,0,0,0,0,0,0,0,0,0,0,0,0,0,0,0,0,0,0,0,0,0,0,0,40.0073,-75.2004, ,Philadelphia
 ,928,2017057831,6,67,67301,2017,4,6,2134,21,3,1,0,5,1, , ,N,0,0,0,3,0,0,2,2,N,N,40 00:23.928,75 04:25.403,2148, ,2134,1,2,1, , ,0,N, , , , ,11833, , , ,2,1,0,0,0,0,1,0,0,0,0,0,0,0,0,0,0,0,0,0,1,0,0,0,0,0,0,0,0,0,0,0,0,0,0,0,0,40.0066,-75.0737, ,Philadelphia
 ,929,2017060740,6,67,67301,2017,5,7,1400,14,1,1,0,1,1, , ,N,1,2,0,3,0,1,2,2,N, ,40 07:54.116,75 00:44.359,1715, ,1705, ,0, , , ,3, , , , , ,11838, , , ,2,1,0,0,0,0,1,0,0,0,0,0,1,1,0,0,0,0,0,0,0,0,0,1,0,0,0,0,0,0,0,0,0,0,0,8,0,40.1317,-75.0122, ,Philadelphia
 ,930,2017021721,6,67,67301,2017,1,6,748,7,1,1,0,1,1, , ,N,0,0,0,3,0,2,2,2,N,N,40 00:27.805,75 12:06.191,752, ,748, ,0, , , ,0, , , , , ,11850, , , ,2,0,0,0,0,0,2,0,0,0,0,0,2,2,0,0,0,0,0,0,1,0,0,0,0,0,0,0,0,0,0,0,0,0,0,8,0,40.0077,-75.2017, ,Philadelphia
 ,931,2017037958,6,67,67301,2017,4,2,1639,16,1,1,0,5,1, , ,N,0,0,0,3,0,0,2,2,N,N,39 57:50.413,75 11:04.481,1653, ,1641,1,2,3, , ,0,N, , , , ,11862, , , ,2,1,0,0,0,1,0,0,0,0,0,0,0,0,0,0,0,0,0,0,0,1,0,0,0,0,0,0,0,0,0,0,0,0,0,0,1,39.9645,-75.185, ,Philadelphia
 ,932,2017035719,6,67,67301,2017,3,2,1120,11,1,1,0,5,1, , ,N,0,0,0,3,0,2,3,2,N, ,40 03:04.400,75 09:00.800,1124, ,1124, ,0, , , ,0, , , , , ,11869, , , ,2,2,0,0,0,0,0,0,0,0,0,2,2,0,0,0,0,0,0,0,1,0,0,0,0,0,0,0,0,0,0,0,0,0,0,4,0,40.0512,-75.1502, ,Philadelphia
 ,933,2017038684,6,67,67301,2017,4,7,923,9,1,1,0,5,1, , ,N,0,0,0,3,0,1,2,2,N,N,39 57:35.903,75 10:42.866,933, ,928,1,2,4, , ,0,N, , , , ,11872, , , ,2,2,0,0,0,0,0,0,0,0,0,0,1,1,0,0,0,0,0,0,0,0,0,0,0,0,0,0,0,0,0,0,0,0,0,8,0,39.96,-75.1786, ,Philadelphia
 ,934,2017067582,6,67,67301,2017,7,7,1855,18,1,2,1,7,2, , ,N,0,0,0,3,0,2,2,1,N,N,40 02:24.358,75 00:21.514,1914, ,1855, ,0, , , ,0, , , , , ,11889, , , ,1,1,0,0,0,0,0,0,0,0,0,0,2,2,0,0,0,0,0,0,0,0,0,0,0,0,0,0,0,0,0,0,0,0,0,8,0,40.0401,-75.006, ,Philadelphia
 ,935,2017007831,6,67,67301,2017,1,1,137,1,3,1,0,7,4, , ,N,0,0,0,3,0,1,1,1,N,N,40 02:19.769,75 08:12.842,139, ,139, ,0, ,N, ,0, , , , , ,11893, , , ,1,0,0,0,0,0,0,0,0,1,0,0,1,0,0,0,0,0,0,0,0,0,0,0,0,0,0,0,0,0,0,0,0,0,0,2,0,40.0388,-75.1369, ,Philadelphia
 ,936,2017010572,6,67,67301,2017,1,7,1903,19,3,4,3,8,1, , ,N,0,0,0,3,0,1,5,2,N,N,39 58:03.371,75 14:44.469,1927, ,1917, ,0, ,N, ,0, , , , , ,11896, , , ,1,1,0,0,0,0,0,0,0,0,0,1,1,0,0,0,0,0,0,0,0,0,0,0,0,0,0,0,0,0,0,0,1,0,0,4,0,39.9676,-75.2457, ,Philadelphia
 ,937,2017050323,6,67,67301,2017,4,7,426,4,3,1,0,7,4, , ,N,0,0,0,3,0,0,1,1,N,N,39 54:48.719,75 08:54.244,430, ,426,1,2,2, , ,0,N, , , , ,12463, , , ,1,0,0,0,0,0,1,0,0,0,0,0,0,0,0,0,0,0,0,1,0,0,0,0,0,0,0,0,0,0,0,0,0,0,0,0,0,39.9135,-75.1484, ,Philadelphia
 ,938,2017025591,6,67,67301,2017,2,2,1105,11,1,1,0,7,3, , ,N,0,0,0,3,1,1,2,1,N,N,39 52:44.591,75 14:58.055,1112, ,1106,3,2,2,N,0,0,N, , , , ,12482, , , ,1,0,0,0,0,0,1,0,0,0,1,0,1,0,0,0,0,0,0,0,0,0,1,1,1,0,0,0,0,0,0,0,0,0,0,1,0,39.8791,-75.2495,2,Philadelphia
 ,939,2017041286,6,67,67301,2017,4,7,120,1,3,1,0,5,1, , ,N,0,0,0,3,0,0,4,2,N,N,40 00:55.770,75 08:59.574,130, ,125, ,0, ,N, ,0, , , , , ,12486, , , ,2,2,0,0,0,0,0,0,0,0,0,0,0,0,1,0,0,0,0,0,0,0,0,0,0,0,0,0,0,0,0,0,0,0,0,9,0,40.0155,-75.1499, ,Philadelphia
 ,940,2017039097,6,67,67301,2017,4,4,1553,15,1,1,0,5,1, , ,N,6,0,0,3,0,1,2,2,N,N,39 58:34.046,75 11:43.985,1558, ,1554,1,2,3, , ,0,N, , , , ,12501, , , ,2,0,0,0,0,1,1,0,0,0,0,0,1,1,0,0,0,0,0,0,0,1,0,0,0,0,0,0,0,0,0,0,0,0,0,8,1,39.9753,-75.1947, ,Philadelphia
 ,941,2017035655,6,67,67301,2017,3,7,1155,11,1,9,8,4,1, , ,N,3,3,0,3,0,1,4,2,N,N,40 04:13.704,75 09:18.759,2005, ,1955, ,0, ,N, ,3, , , , , ,12503, , , ,2,1,0,0,0,0,0,1,0,0,0,0,1,1,3,0,0,0,0,0,0,1,1,0,0,0,0,0,0,0,0,0,0,0,0,8,0,40.0705,-75.1552, ,Philadelphia
 ,942,2017019160,6,67,67301,2017,1,7,0,0,3,1,0,4,1, , ,N,2,3,0,3,0,0,2,2,N,N,39 55:46.192,75 10:36.364,13, ,2, ,0, ,N, ,3, , , , , ,12536, , , ,2,2,0,0,0,0,0,0,0,0,0,0,0,0,0,0,0,0,0,0,0,0,0,0,0,0,0,0,0,0,0,0,0,0,0,0,0,39.9295,-75.1768, ,Philadelphia
 ,943,2017058337,6,67,67301,2017,5,6,2300,23,3,2,1,4,1, , ,N,1,2,0,3,0,1,2,2,N,N,40 02:25.798,75 03:31.964,2310, ,2309, ,0, ,N, ,3, , , , , ,12562, , , ,2,1,0,0,0,0,1,0,0,0,0,1,1,0,0,0,0,0,0,0,1,0,0,0,0,0,0,0,0,0,0,0,0,0,0,4,0,40.0405,-75.0589, ,Philadelphia
 ,944,2017043816,6,67,67301,2017,4,4,730,7,1,1,0,1,1, , ,N,0,0,0,3,0,0,1,3,N,N,40 04:12.898,75 09:05.523,745, ,738, ,0, ,N, ,0, , , , , ,12579, , , ,3,1,0,0,0,0,2,0,0,0,0,0,0,0,0,0,0,0,0,0,1,0,0,0,0,0,0,0,0,0,0,0,0,0,0,0,0,40.0702,-75.1515, ,Philadelphia
 ,945,2017035828,6,67,67301,2017,3,5,1522,15,1,1,0,4,1, , ,N,1,2,0,3,0,1,2,2,N,N,40 05:40.347,75 00:54.154,1530, ,1523,1,2,1, , ,3,N, , , , ,12589, , , ,2,1,0,0,0,0,1,0,0,0,0,1,1,0,0,0,0,0,0,0,1,0,0,0,0,0,0,0,0,0,0,0,0,0,0,4,0,40.0945,-75.015, ,Philadelphia
 ,946,2017021480,6,67,67301,2017,2,6,1810,18,3,1,0,8,1, , ,N,1,2,0,3,0,1,4,2,N,N,39 57:22.453,75 11:38.974,1813, ,1812, ,0, ,N, ,3, , , , , ,12590, , , ,1,0,0,0,0,0,1,0,0,0,0,1,1,0,0,0,0,0,0,0,0,1,0,0,0,0,0,0,0,0,0,0,1,0,0,4,0,39.9562,-75.1941, ,Philadelphia
 ,947,2017052233,6,67,67301,2017,4,5,1616,16,1,1,0,8,1, , ,N,0,0,0,3,0,1,2,2,N,N,39 59:44.433,75 07:09.649,1617, ,1616, ,0, ,N, ,0, , , , , ,12603, , , ,1,1,0,0,0,0,0,0,0,0,0,1,1,0,0,0,0,0,0,0,0,0,0,1,0,0,0,0,0,0,0,0,1,0,0,4,0,39.9957,-75.1193, ,Philadelphia
 ,948,2017003981,6,67,67301,2017,1,7,1424,14,1,4,3,7,2, , ,N,0,0,0,3,0,0,1,1,N,N,39 56:01.679,75 08:43.008,1452, ,1434,2,1,2, , ,0,N, , , , ,12616, , , ,1,1,0,0,0,0,0,0,0,0,0,0,0,0,0,0,0,0,0,0,0,0,0,0,0,0,0,0,0,0,0,0,0,0,0,0,0,39.9338,-75.1453, ,Philadelphia
 ,949,2017025190,6,67,67301,2017,2,5,914,9,1,1,0,1,1, , ,N,0,0,0,3,0,0,2,2,N,N,40 00:44.188,75 03:35.089,928, ,917, ,0, , , ,0, , , , , ,12622, , , ,2,1,0,0,1,0,0,0,0,0,0,0,0,0,0,0,0,0,0,0,1,0,0,0,0,0,0,0,0,0,0,0,0,0,0,0,0,40.0123,-75.0597, ,Philadelphia
 ,950,2017021635,6,67,67301,2017,2,4,9999,99,3,1,0,5,6, , ,N,0,0,0,3,0,1,2,2,N, ,39 55:49.384,75 13:07.311,2148, ,2146, ,0, , , ,0, , , , , ,12637, , , ,2,1,0,0,0,0,0,1,0,0,0,0,1,1,0,0,0,0,0,0,0,0,0,1,0,0,0,0,0,0,0,0,0,0,0,8,0,39.9304,-75.2187, ,Philadelphia
 ,951,2017033547,6,67,67301,2017,2,2,40,0,3,1,0,7,4, , ,N,0,0,0,3,0,1,1,1,N,N,40 02:28.170,75 11:13.577,58, ,47,1,2,6,N, ,0,N, , , , ,12639, , , ,1,1,0,0,0,0,0,0,0,0,0,1,1,0,0,0,0,0,0,0,0,0,0,0,0,0,0,0,0,0,0,0,0,0,0,4,0,40.0412,-75.1871, ,Philadelphia
 ,952,2017035724,6,67,67301,2017,3,7,1905,19,3,1,0,5,6, , ,N,0,0,0,3,0,5,5,3,N,N,40 01:26.022,75 02:22.308,1925, ,1922, ,0, ,N, ,0, , , , , ,12643, , , ,2,0,0,0,1,0,1,0,0,0,0,0,5,5,0,0,0,0,0,0,0,0,0,0,0,0,0,0,0,0,0,0,1,0,0,8,0,40.0239,-75.0395, ,Philadelphia
 ,953,2017052265,6,67,67301,2017,4,3,1845,18,1,1,0,1,6, , ,N,0,0,0,3,0,1,2,3,N,N,39 55:33.970,75 09:15.026,1847, ,1845, ,0, , , ,0, , , , , ,12658, , , ,3,2,0,0,0,0,1,0,0,0,0,0,1,1,0,0,0,0,0,0,0,1,0,1,0,0,0,0,0,0,0,0,0,0,0,8,0,39.9261,-75.1542, ,Philadelphia
 ,954,2017012799,6,67,67301,2017,1,6,1907,19,3,1,1,4,1, , ,N,1,2,0,3,0,0,2,2,N,N,40 00:31.066,75 12:38.913,1935, ,1907,1,1,2, , ,3,N, , , , ,12672, , , ,2,2,0,0,0,0,0,0,0,0,0,0,0,0,0,0,0,0,0,0,0,0,0,0,0,0,0,0,0,0,0,0,0,0,0,0,0,40.0084,-75.211, ,Philadelphia
 ,955,2017004812,6,67,67301,2017,1,1,305,3,3,8,6,7,4, , ,N,7,0,2,3,0,0,5,1,N,N,39 55:43.726,75 08:46.225,310, ,305, ,0, , , ,0, , , , , ,11942, , , ,1,0,0,0,0,0,1,0,0,0,0,0,0,0,0,0,0,0,0,0,0,0,0,0,0,0,0,0,0,0,0,0,0,0,0,0,0,39.9283,-75.1463, ,Philadelphia
 ,956,2017067857,6,67,67301,2017,5,4,9999,99,1,1,0,4,1, , ,N,1,2,0,3,0,1,2,2,N,N,40 00:36.248,75 05:53.244,1123, ,1023, ,0, , , ,3, , , , , ,11980, , , ,2,0,0,0,0,0,1,1,0,0,0,0,1,1,0,0,0,0,0,0,0,1,0,0,0,0,0,0,0,0,0,0,0,0,0,8,0,40.0101,-75.0981, ,Philadelphia
 ,957,2017068019,6,67,67301,2017,6,2,1230,12,1,1,0,8,1, , ,N,1,3,0,3,0,1,2,2,N,N,39 57:58.884,75 09:55.854,1613, ,1558, ,0, ,N, ,3, , , , , ,11982, , , ,1,1,0,0,0,0,0,0,0,0,0,1,1,0,0,0,0,0,0,0,0,0,0,0,0,0,0,0,0,0,0,0,1,0,0,4,0,39.9664,-75.1655, ,Philadelphia
 ,958,2017033528,6,67,67301,2017,2,7,119,1,3,1,0,8,1, , ,N,0,0,0,3,0,1,2,2,N,N,40 01:21.165,75 07:57.964,124, ,120,3,2,6, , ,0,Y, , , , ,12018, , , ,1,1,0,0,0,0,0,0,0,0,1,0,1,0,0,0,0,0,0,0,0,0,0,1,0,0,0,0,0,0,0,0,1,0,0,3,0,40.0225,-75.1328, ,Philadelphia
 ,959,2017019614,6,67,67301,2017,1,1,9999,99,1,1,0,4,1, , ,N,1,3,0,3,0,1,2,5,N, ,40 00:45.378,75 08:26.717,1350, ,1345, ,0, , , ,3, , , , , ,12019, , , ,5,3,0,0,0,0,2,0,0,0,0,0,1,1,0,0,0,1,0,0,0,0,0,1,0,0,0,0,0,0,0,0,0,0,0,8,0,40.0126,-75.1408, ,Philadelphia
 ,960,2017043802,6,67,67301,2017,4,3,1702,17,1,1,0,1,1, , ,N,0,0,0,3,0,0,4,2,N,N,40 01:17.150,75 11:36.563,1710, ,1705, ,0, ,N, ,0, , , , , ,12051, , , ,2,0,0,0,0,0,2,0,0,0,0,0,0,0,0,0,0,0,0,0,0,0,0,1,0,0,0,0,0,0,0,0,0,0,0,0,0,40.0214,-75.1935, ,Philadelphia
N,961,2017040595,6,67,67301,2017,4,3,2248,22,3,1,0,1,1,1,4,Y,0,0,0,3,0,2,3,2,N,N,39 58:28.762,75 07:03.620,2311,55,2302,1,1,1, , ,0,N,N,N,N,N,12061,N,Y,N,2,2,0,0,0,0,0,0,0,0,2,0,2,0,0,0,0,0,0,0,0,0,0,1,0,0,0,0,0,0,0,0,0,0,0,3,0,39.9746,-75.1177, ,Philadelphia
 ,962,2017043854,6,67,67301,2017,4,7,350,3,3,1,0,5,6, , ,N,0,0,0,3,0,0,1,2,N,N,39 57:21.895,75 09:41.436,800, ,755, ,0, ,N, ,0, , , , , ,12067, , , ,2,2,0,0,0,0,0,0,0,0,0,0,0,0,0,0,0,0,0,0,0,0,0,1,0,0,0,0,0,0,0,0,0,0,0,0,0,39.9561,-75.1615, ,Philadelphia
 ,963,2017060476,6,67,67301,2017,5,7,1601,16,1,2,1,4,1, , ,N,1,3,0,3,0,2,2,2,N,N,39 56:59.017,75 13:15.470,1650, ,1645,9,1,4, , ,3,N, , , , ,12081, , , ,2,0,0,0,1,0,1,0,0,0,0,2,2,0,0,0,0,0,0,0,0,0,0,0,0,0,0,0,0,0,0,0,0,0,0,4,0,39.9497,-75.221, ,Philadelphia