wz_ln_closure,objectid_1,crn,district,county,municipality,crash_year,crash_month,day_of_week,time_of_day,hour_of_day,illumination,weather,road_condition,collision_type,relation_to_road,work_zone_type,work_zone_loc,work_zone_ind,intersect_type,tcd_type,location_type,urban_rural,fatal_count,injury_count,person_count,total_units,sch_bus_ind,sch_zone_ind,latitude,longitude,arrival_tm,cons_zone_spd_lim,dispatch_tm,est_hrs_closed,lane_closed,ln_close_dir,ntfy_hiwy_maint,spec_juris_cd,tcd_func_cd,tfc_detour_ind,workers_pres,wz_close_detour,wz_flagger,wz_law_offcr_ind,objectid,wz_moving,wz_other,wz_shlder_mdn,vehicle_count,automobile_count,motorcycle_count,bus_count,small_truck_count,heavy_truck_count,suv_count,van_count,bicycle_count,maj_inj_count,mod_inj_count,min_inj_count,tot_inj_count,unk_inj_deg_count,unk_inj_per_count,driver_count_16yr,driver_count_17yr,driver_count_18yr,driver_count_19yr,driver_count_20yr,driver_count_50_64yr,driver_count_65_74yr,driver_count_75plus,unbelted_occ_count,unb_death_count,unb_maj_inj_count,belted_death_count,belted_maj_inj_count,mcycle_death_count,mcycle_maj_inj_count,bicycle_death_count,bicycle_maj_inj_count,ped_count,ped_death_count,ped_maj_inj_count,max_severity_level,comm_veh_count,dec_lat,dec_long,rdwy_surf_type_cd,county_name
 ,964,2017042356,6,67,67301,2017,4,7,1604,16,1,1,0,1,1, , ,N,0,0,0,3,0,0,2,2,N,N,39 56:25.713,75 11:43.758,1621, ,1606, ,0, , , ,0, , , , , ,12093, , , ,2,0,0,0,1,0,1,0,0,0,0,0,0,0,0,0,0,0,0,0,1,0,0,0,0,0,0,0,0,0,0,0,0,0,0,0,0,39.9405,-75.1955, ,Philadelphia
 ,965,2017041357,6,67,67301,2017,4,3,1624,16,1,1,0,8,1, , ,N,1,3,0,3,0,1,2,2,Y,N,40 06:03.834,75 02:18.704,1712, ,1701, ,0, , , ,3, , , , , ,12103, , , ,1,1,0,0,0,0,0,0,0,0,0,1,1,0,0,0,0,0,0,0,0,0,1,0,0,0,0,0,0,0,0,0,1,0,0,4,0,40.1011,-75.0385, ,Philadelphia
N,966,2017063339,6,67,67301,2017,6,6,311,3,3,1,0,1,1,1,4,Y,0,0,0,3,0,3,3,2,N,N,39 58:14.434,75 07:28.864,313,45,313,2,1,2, , ,0,N,N,N,N,N,12121,N,N,Y,2,0,0,0,0,0,2,0,0,0,3,0,3,0,0,0,0,0,0,0,1,0,0,0,0,0,0,0,0,0,0,0,0,0,0,3,0,39.9707,-75.1247, ,Philadelphia
 ,967,2017033558,6,67,67301,2017,2,7,1751,17,3,2,1,4,1, , ,N,1,2,0,3,0,1,7,3,N,N,40 02:25.164,75 03:30.735,1836, ,1752,3,1,1,N, ,3,N, , , , ,12146, , , ,3,2,0,0,0,0,1,0,0,0,1,0,1,0,0,0,0,0,0,0,0,0,0,0,0,0,0,0,0,0,0,0,0,0,0,3,0,40.0403,-75.0585, ,Philadelphia
 ,968,2017028781,6,67,67301,2017,2,1,1855,18,3,1,0,5,6, , ,N,0,0,0,3,0,1,1,3,N, ,39 58:16.341,75 13:57.957,1908, ,1904, ,0, , , ,0, , , , , ,12152, , , ,3,1,0,0,1,0,1,0,0,0,0,0,1,1,0,0,0,0,0,0,1,0,0,0,0,0,0,0,0,0,0,0,0,0,0,8,0,39.9712,-75.2328, ,Philadelphia
 ,969,2017035666,6,67,67301,2017,3,3,33,0,3,4,3,7,5, , ,N,0,0,0,3,0,1,3,1,N,N,39 59:56.995,75 11:55.578,45, ,35, ,0, ,N, ,0, , , , , ,12153, , , ,1,1,0,0,0,0,0,0,0,0,0,0,1,1,1,0,0,0,0,0,0,0,0,0,0,0,0,0,0,0,0,0,0,0,0,8,0,39.9992,-75.1988, ,Philadelphia
 ,970,2017035701,6,67,67301,2017,3,4,844,8,1,4,5,6,1, , ,N,1,3,0,3,0,1,3,2,N, ,39 58:03.576,75 13:48.302,1005, ,1000, ,0, , , ,3, , , , , ,12156, , , ,2,2,0,0,0,0,0,0,0,0,0,0,1,1,0,0,0,0,0,0,0,0,0,2,0,0,0,0,0,0,0,0,0,0,0,8,0,39.9677,-75.2301, ,Philadelphia
 ,971,2017055677,6,67,67301,2017,5,7,545,5,1,1,0,1,1, , ,N,1,2,0,3,0,1,2,2,N,N,40 00:05.763,75 09:10.529,553, ,546, ,0, ,N, ,3, , , , , ,12163, , , ,2,1,0,0,0,0,1,0,0,0,0,1,1,0,0,0,0,0,0,0,1,0,0,0,0,0,0,0,0,0,0,0,0,0,0,4,0,40.0016,-75.1528, ,Philadelphia
 ,972,2017009807,6,67,67301,2017,1,1,1121,11,1,1,0,1,1, , ,N,0,0,0,3,0,0,2,2,N,N,39 57:38.885,75 10:54.280,1132, ,1121, ,0, , , ,0, , , , , ,12188, , , ,2,1,0,0,0,0,1,0,0,0,0,0,0,0,0,0,0,0,0,0,0,0,0,0,0,0,0,0,0,0,0,0,0,0,0,0,0,39.9608,-75.1817, ,Philadelphia
 ,973,2017040577,6,67,67301,2017,4,2,159,1,3,1,0,7,4, , ,N,0,0,0,3,0,1,1,1,N,N,39 59:18.971,75 12:24.634,203, ,201,1,1,4, , ,0,N, , , , ,12197, , , ,1,1,0,0,0,0,0,0,0,0,0,1,1,0,0,0,0,0,0,0,0,0,0,0,0,0,0,0,0,0,0,0,0,0,0,4,0,39.9882,-75.2072, ,Philadelphia
 ,974,2017028829,6,67,67301,2017,2,1,2241,22,3,1,0,1,1, , ,N,1,2,0,3,0,2,3,2,N,N,40 06:43.694,74 59:26.387,2257, ,2247, ,0, ,N, ,3, , , , , ,12200, , , ,2,1,0,0,0,0,0,1,0,0,0,2,2,0,0,0,0,0,0,0,1,0,0,1,0,0,0,0,0,0,0,0,0,0,0,4,0,40.1121,-74.9907, ,Philadelphia
 ,975,2017021560,6,67,67301,2017,2,4,935,9,1,1,1,8,1, , ,N,1,2,0,3,0,1,2,2,N,N,40 03:37.434,74 59:25.565,943, ,940, ,0, , , ,3, , , , , ,12208, , , ,1,1,0,0,0,0,0,0,0,0,0,1,1,0,0,0,0,0,0,0,0,1,0,0,0,0,0,0,0,0,0,0,1,0,0,4,0,40.0604,-74.9904, ,Philadelphia
 ,976,2017052348,6,67,67301,2017,5,4,1705,17,1,1,0,4,1, , ,N,1,3,0,3,0,1,2,2,N, ,39 58:03.810,75 08:58.387,1726, ,1725, ,0, , , ,3, , , , , ,12221, , , ,2,1,0,0,1,0,0,0,0,0,0,1,1,0,0,0,0,0,0,0,0,0,0,1,0,0,0,0,0,0,0,0,0,0,0,4,0,39.9677,-75.1496, ,Philadelphia
 ,977,2017035840,6,67,67301,2017,3,5,1210,12,1,1,0,1,1, , ,N,0,0,0,3,0,1,2,2,N,N,40 02:18.700,75 11:23.400,1215, ,1213, ,0, , , ,0, , , , , ,12242, , , ,2,1,0,1,0,0,0,0,0,0,0,1,1,0,0,0,0,0,0,0,0,0,0,1,0,0,0,0,0,0,0,0,0,0,0,4,1,40.0385,-75.1898, ,Philadelphia
 ,978,2017033148,6,67,67301,2017,2,6,9999,99,1,1,0,4,1, , ,N,0,0,7,3,0,1,2,2,N, ,39 58:38.380,75 16:22.364,9999, ,9999, ,0, , , ,0, , , , , ,12262, , , ,2,2,0,0,0,0,0,0,0,1,0,0,1,0,0,0,0,0,0,0,0,0,1,0,0,0,0,1,0,0,0,0,0,0,0,2,0,39.9773,-75.2729, ,Philadelphia
 ,979,2017051916,6,67,67301,2017,5,6,2241,22,3,1,0,1,1, , ,N,0,0,0,3,0,0,4,2,N,N,39 58:10.002,75 11:31.708,2259, ,2252, ,0, , , ,0, , , , , ,12269, , , ,2,1,0,0,0,0,1,0,0,0,0,0,0,0,0,0,0,0,0,0,0,0,0,0,0,0,0,0,0,0,0,0,0,0,0,0,0,39.9694,-75.1921, ,Philadelphia
 ,980,2017025982,6,67,67301,2017,3,6,743,7,1,1,0,1,1, , ,N,0,0,2,3,0,0,2,2,N,N,39 57:02.157,75 08:28.706,759, ,753, ,0, , , ,0, , , , , ,12278, , , ,2,2,0,0,0,0,0,0,0,0,0,0,0,0,0,0,0,1,0,1,0,0,0,0,0,0,0,0,0,0,0,0,0,0,0,0,0,39.9506,-75.1413, ,Philadelphia
 ,981,2017038511,6,67,67301,2017,4,1,2025,20,6,1,0,1,1, , ,N,6,0,2,3,0,0,2,2,N,N,39 57:59.300,75 11:13.674,2033, ,2025, ,0, , , ,0, , , , , ,12300, , , ,2,2,0,0,0,0,0,0,0,0,0,0,0,0,0,0,0,0,0,0,1,0,0,0,0,0,0,0,0,0,0,0,0,0,0,0,0,39.967,-75.1879, ,Philadelphia
 ,982,2017023745,6,67,67301,2017,3,5,1525,15,1,1,0,1,1, , ,N,1,2,0,3,0,0,1,3,N,N,39 59:11.485,75 09:28.427,1540, ,1530, ,0, ,N, ,3, , , , , ,12398, , , ,3,2,0,0,0,0,0,1,0,0,0,0,0,0,0,0,0,0,0,0,1,0,0,1,0,0,0,0,0,0,0,0,0,0,0,0,0,39.9865,-75.1579, ,Philadelphia
 ,983,2017019006,6,67,67301,2017,2,6,1357,13,1,1,0,5,6, , ,N,0,0,0,3,0,1,1,4,N,N,40 01:32.172,75 04:20.352,1400, ,1358, ,0, ,N, ,0, , , , , ,12399, , , ,4,2,0,0,0,0,1,1,0,0,0,0,1,1,0,0,0,0,0,0,0,0,0,1,0,0,0,0,0,0,0,0,0,0,0,8,0,40.0256,-75.0723, ,Philadelphia
 ,984,2017019054,6,67,67301,2017,2,6,1221,12,1,1,0,4,1, , ,N,1,2,0,3,0,1,2,2,N, ,40 06:40.143,75 01:27.353,1221, ,1221, ,0, , , ,3, , , , , ,12405, , , ,2,1,0,0,1,0,0,0,0,0,0,0,1,1,0,0,0,0,0,0,1,0,0,0,0,0,0,0,0,0,0,0,0,0,0,8,0,40.1112,-75.0243, ,Philadelphia
 ,985,2017060743,6,67,67301,2017,5,1,1347,13,1,1,0,4,1, , ,N,0,0,7,3,0,4,5,2,N, ,40 04:05.572,75 00:20.042,1400, ,1349,1,2,6, , ,0,Y, , , , ,12414, , , ,2,2,0,0,0,0,0,0,0,0,0,2,4,2,0,0,0,0,0,0,1,0,0,0,0,0,0,0,0,0,0,0,0,0,0,4,0,40.0682,-75.0056, ,Philadelphia
 ,986,2017018652,6,67,67301,2017,2,1,2342,23,3,2,1,5,1, , ,N,0,0,0,3,0,0,2,2,N,N,39 56:45.381,75 11:22.389,56, ,17, ,0, , , ,0, , , , , ,12426, , , ,2,2,0,0,0,0,0,0,0,0,0,0,0,0,1,0,0,0,0,0,0,0,0,0,0,0,0,0,0,0,0,0,0,0,0,9,0,39.9459,-75.1896, ,Philadelphia
 ,987,2017023210,6,67,67301,2017,1,1,836,8,1,6,1,7,2, , ,N,0,0,0,3,0,0,1,1,N,N,39 57:35.943,75 10:46.677,849, ,849,1,1,3, , ,0,N, , , , ,12430, , , ,1,0,0,0,0,0,1,0,0,0,0,0,0,0,0,0,0,0,0,0,0,0,0,0,0,0,0,0,0,0,0,0,0,0,0,0,0,39.96,-75.1796, ,Philadelphia
N,988,2017047029,6,67,67301,2017,5,1,1931,19,1,1,0,1,1,1,4,Y,0,0,0,3,0,4,9,4,N,N,39 58:06.276,75 07:44.002,1940,45,1932,1,2,1, , ,0,N,N,N,N,N,12456,N,N,Y,4,2,0,0,0,1,1,0,0,0,4,0,4,0,1,0,0,0,0,0,0,2,0,0,0,0,0,0,0,0,0,0,0,0,0,3,1,39.9684,-75.1289, ,Philadelphia
 ,989,2017055521,6,67,67301,2017,4,3,1934,19,1,1,0,1,1, , ,N,0,0,0,3,0,1,4,4,N, ,40 02:30.129,75 05:17.978,2012, ,2005, ,0, , , ,0, , , , , ,12460, , , ,4,3,0,0,0,0,1,0,0,0,0,0,1,1,0,0,0,0,0,0,0,0,0,1,0,0,0,0,0,0,0,0,0,0,0,8,0,40.0417,-75.0883, ,Philadelphia
 ,990,2017058614,6,67,67301,2017,5,4,1818,18,1,1,0,1,1, , ,N,0,0,0,3,0,1,5,2,N,N,39 54:04.270,75 09:09.391,1832, ,1823, ,0, , , ,0, , , , , ,12462, , , ,2,1,0,0,0,0,1,0,0,0,1,0,1,0,0,0,0,0,0,0,1,0,0,0,0,0,0,0,0,0,0,0,0,0,0,3,0,39.9012,-75.1526, ,Philadelphia
 ,991,2017021583,6,67,67301,2017,2,6,1600,16,4,1,0,1,1, , ,N,0,0,0,3,0,0,2,2,N, ,39 59:53.303,75 10:42.000,1725, ,1719, ,0, , , ,0, , , , , ,11044, , , ,2,1,0,0,0,0,1,0,0,0,0,0,0,0,0,0,0,0,0,0,0,1,0,0,0,0,0,0,0,0,0,0,0,0,0,0,0,39.9981,-75.1783, ,Philadelphia
 ,992,2017035703,6,67,67301,2017,3,4,1330,13,1,4,4,1,1, , ,N,1,2,1,3,0,1,5,2,N, ,39 58:30.316,75 11:41.875,1342, ,1332, ,0, , , ,3, , , , , ,11046, , , ,2,1,0,0,0,0,1,0,0,0,0,1,1,0,0,0,0,0,0,0,0,0,0,0,0,0,0,0,0,0,0,0,0,0,0,4,0,39.9751,-75.195, ,Philadelphia
 ,993,2017052284,6,67,67301,2017,4,6,2020,20,3,2,1,8,1, , ,N,0,0,0,3,0,1,2,2,N,N,40 00:24.267,75 04:42.484,2040, ,2027, ,0, ,N, ,0, , , , , ,11063, , , ,1,1,0,0,0,0,0,0,0,0,0,0,1,1,1,0,0,0,0,0,0,0,0,0,0,0,0,0,0,0,0,0,1,0,0,8,0,40.0067,-75.0785, ,Philadelphia
 ,994,2017004331,6,67,67301,2017,1,1,337,3,3,1,1,7,4, , ,N,0,0,0,3,0,0,1,1,N,N,39 54:47.615,75 08:54.520,345, ,338,1,1,1, , ,0,N, , , , ,11074, , , ,1,1,0,0,0,0,0,0,0,0,0,0,0,0,0,0,0,0,0,0,0,0,0,0,0,0,0,0,0,0,0,0,0,0,0,0,0,39.9132,-75.1485, ,Philadelphia
 ,995,2017007345,6,67,67301,2017,1,5,2103,21,3,1,1,7,3, , ,N,0,0,0,3,0,0,2,1,N,N,40 02:17.804,75 00:38.272,2103, ,2103,1,2,2, , ,0,N, , , , ,11075, , , ,1,1,0,0,0,0,0,0,0,0,0,0,0,0,0,0,0,0,0,0,0,0,0,0,0,0,0,0,0,0,0,0,0,0,0,0,0,40.0383,-75.0106, ,Philadelphia
 ,996,2017014876,6,67,67301,2017,2,5,2125,21,3,1,0,5,1, , ,N,0,0,0,3,0,2,2,2,N,N,39 58:31.402,75 11:41.066,2130, ,2125,2,1,3, , ,0,N, , , , ,11076, , , ,2,1,0,0,0,0,0,1,0,0,1,0,2,1,0,0,0,0,0,0,0,0,0,1,0,0,0,0,0,0,0,0,0,0,0,3,0,39.9754,-75.1947, ,Philadelphia
 ,997,2017014017,6,67,67301,2017,1,2,1644,16,1,1,0,4,1, , ,N,1,2,0,3,0,1,4,2,N,N,40 01:53.934,75 12:27.524,1646, ,1646, ,0, ,N, ,3, , , , , ,11080, , , ,2,1,0,0,0,0,1,0,0,0,0,0,1,1,0,0,0,0,0,0,1,0,0,0,0,0,0,0,0,0,0,0,0,0,0,8,0,40.0316,-75.2076, ,Philadelphia
 ,998,2017007833,6,67,67301,2017,1,3,1137,11,1,2,1,8,9, , ,N,0,0,7,3,0,1,2,2,N,N,40 05:10.090,75 02:43.050,1143, ,1137, ,0, ,N, ,0, , , , , ,11084, , , ,1,1,0,0,0,0,0,0,0,0,0,1,1,0,0,0,0,0,0,0,0,0,1,0,0,0,0,0,0,0,0,0,1,0,0,4,0,40.0861,-75.0453, ,Philadelphia
 ,999,2017035392,6,67,67301,2017,3,4,1359,13,1,4,1,0,1, , ,N,0,0,0,3,0,0,1,1,N,N,39 59:57.978,75 11:42.656,1401, ,1401, ,0, , , ,0, , , , , ,11097, , , ,1,1,0,0,0,0,0,0,0,0,0,0,0,0,0,0,0,0,0,1,0,0,0,0,0,0,0,0,0,0,0,0,0,0,0,0,0,39.9994,-75.1952, ,Philadelphia
 ,1000,2017010617,6,67,67301,2017,1,4,158,1,3,2,1,4,1, , ,N,2,3,0,3,0,0,3,2,N,N,40 01:39.813,75 08:10.082,200, ,159,2,2,7,N, ,3,N, , , , ,11137, , , ,2,2,0,0,0,0,0,0,0,0,0,0,0,0,0,0,0,0,0,1,0,0,0,0,0,0,0,0,0,0,0,0,0,0,0,0,0,40.0277,-75.1361, ,Philadelphia
 ,1001,2017019000,6,67,67301,2017,2,6,1810,18,3,1,0,8,1, , ,N,3,2,0,3,0,1,2,2,N,N,40 05:13.701,75 02:26.839,1813, ,1812,3,2,3, , ,3,Y, , , , ,11153, , , ,1,0,0,0,0,0,1,0,0,0,0,0,1,1,0,0,0,0,0,0,1,0,0,0,0,0,0,0,0,0,0,0,1,0,0,8,0,40.0871,-75.0408, ,Philadelphia
 ,1002,2017010657,6,67,67301,2017,1,4,1400,14,1,1,0,4,1, , ,N,0,0,0,3,0,1,2,2,N,N,39 58:12.300,75 13:11.000,1413, ,1409, ,0, ,N, ,0, , , , , ,11174, , , ,2,2,0,0,0,0,0,0,0,0,0,0,1,1,0,0,0,0,0,0,1,0,0,0,0,0,0,0,0,0,0,0,0,0,0,8,0,39.9701,-75.2197, ,Philadelphia
 ,1003,2017021983,6,67,67301,2017,2,2,135,1,3,1,0,8,1, , ,N,0,0,0,3,0,1,2,2,N,N,39 59:16.562,75 10:06.675,143, ,140, ,0, ,N, ,0, , , , , ,11175, , , ,1,1,0,0,0,0,0,0,0,0,0,1,1,0,0,0,0,0,0,0,0,0,0,0,0,0,0,0,0,0,0,0,1,0,0,4,0,39.9879,-75.1685, ,Philadelphia
 ,1004,2017013982,6,67,67301,2017,1,3,1748,17,3,2,1,8,1, , ,N,3,0,0,3,0,1,2,2,N,N,40 03:25.264,75 05:35.815,1805, ,1800, ,0, , , ,0, , , , , ,11177, , , ,1,1,0,0,0,0,0,0,0,0,0,1,1,0,0,0,1,0,0,0,0,0,0,0,0,0,0,0,0,0,0,0,1,0,0,4,0,40.057,-75.0933, ,Philadelphia
 ,1005,2017014043,6,67,67301,2017,1,5,1839,18,3,1,0,6,1, , ,N,0,0,0,3,0,2,4,4,N,N,40 02:31.445,75 11:32.993,1850, ,1848, ,0, ,N, ,0, , , , , ,11183, , , ,4,3,0,0,0,0,1,0,0,0,0,0,2,2,0,0,0,0,0,0,1,0,0,0,0,0,0,0,0,0,0,0,0,0,0,8,0,40.0421,-75.1925, ,Philadelphia
 ,1006,2017041324,6,67,67301,2017,4,6,1330,13,1,1,1,2,1, , ,N,0,0,7,3,0,2,3,2,N,N,40 01:50.200,75 06:05.500,1340, ,1340, ,0, ,N, ,0, , , , , ,11190, , , ,2,2,0,0,0,0,0,0,0,0,0,0,2,2,0,0,0,0,0,0,0,0,0,1,0,0,0,0,0,0,0,0,0,0,0,8,0,40.0306,-75.1015, ,Philadelphia
 ,1007,2017041245,6,67,67301,2017,4,7,140,1,3,1,0,1,1, , ,N,1,2,0,3,0,1,3,2,N, ,40 02:21.230,75 10:39.416,203, ,159, ,0, , , ,3, , , , , ,11193, , , ,2,2,0,0,0,0,0,0,0,0,0,1,1,0,0,0,0,0,0,0,0,1,0,2,0,0,0,0,0,0,0,0,0,0,0,4,0,40.0392,-75.1776, ,Philadelphia
 ,1008,2017035656,6,67,67301,2017,3,5,2310,23,3,1,0,7,4, , ,N,0,0,0,3,0,0,1,1,N,N,40 04:19.304,75 12:40.132,2330, ,2319, ,0, ,N, ,0, , , , , ,11196, , , ,1,1,0,0,0,0,0,0,0,0,0,0,0,0,1,0,0,0,0,0,0,0,0,0,0,0,0,0,0,0,0,0,0,0,0,9,0,40.072,-75.2111, ,Philadelphia
 ,1009,2017055526,6,67,67301,2017,4,3,945,9,1,2,1,4,1, , ,N,1,2,0,3,0,0,2,2,N,N,39 56:34.598,75 13:36.458,955, ,948, ,0, ,N, ,3, , , , , ,11213, , , ,2,1,0,0,0,0,1,0,0,0,0,0,0,0,0,0,0,0,0,0,0,0,0,0,0,0,0,0,0,0,0,0,0,0,0,0,0,39.9429,-75.2268, ,Philadelphia
 ,1010,2017005430,6,67,67301,2017,1,3,1007,10,1,1,0,1,1, , ,N,0,0,0,3,0,1,5,4,N,N,39 58:41.054,75 12:06.357,1028, ,1028, ,0, , , ,0, , , , , ,11218, , , ,4,0,0,0,1,0,3,0,0,0,0,0,1,1,0,0,0,0,0,1,0,1,0,0,0,0,0,0,0,0,0,0,0,0,0,8,0,39.9781,-75.2018, ,Philadelphia
 ,1011,2017014052,6,67,67301,2017,1,1,2200,22,3,1,0,4,1, , ,N,2,0,0,3,0,0,3,2,N,N,39 56:45.718,75 13:31.580,2211, ,2210, ,0, ,N, ,0, , , , , ,11222, , , ,2,1,0,0,0,0,1,0,0,0,0,0,0,0,0,0,0,0,0,0,0,1,0,0,0,0,0,0,0,0,0,0,0,0,0,0,0,39.946,-75.2254, ,Philadelphia
 ,1012,2017007771,6,67,67301,2017,1,3,942,9,1,2,1,7,9, , ,N,0,2,0,3,0,1,1,1,N,N,40 00:11.940,75 07:48.710,944, ,944, ,0, ,N, ,9, , , , , ,11228, , , ,1,0,0,0,0,0,1,0,0,0,1,0,1,0,0,0,0,0,0,0,1,0,0,0,0,0,0,0,0,0,0,0,0,0,0,3,0,40.0033,-75.1302, ,Philadelphia
 ,1013,2017019012,6,67,67301,2017,2,1,1130,11,1,1,0,4,1, , ,N,2,3,0,3,0,1,3,2,N,N,40 01:35.940,75 07:40.094,1155, ,1147, ,0, ,N, ,3, , , , , ,11243, , , ,2,1,0,0,0,0,1,0,0,0,0,1,1,0,0,0,0,0,0,0,0,0,0,1,0,0,0,0,0,0,0,0,0,0,0,4,0,40.0267,-75.1278, ,Philadelphia
 ,1014,2017043480,6,67,67301,2017,2,4,1456,14,1,1,0,1,1, , ,N,0,0,0,3,0,3,7,4,N,N,39 57:27.857,75 09:39.048,1516, ,1456,2,1,4, , ,0,N, , , , ,11248, , , ,4,3,0,0,0,0,1,0,0,0,1,2,3,0,0,0,0,0,0,0,1,0,0,1,0,0,0,0,0,0,0,0,0,0,0,3,0,39.9577,-75.1608, ,Philadelphia
 ,1015,2017028981,6,67,67301,2017,2,4,1030,10,1,1,0,1,1, , ,N,1,2,0,3,0,1,6,6,N,N,40 01:12.144,75 02:34.944,1035, ,1031,3,2,2,N, ,3,Y, , , , ,11249, , , ,6,4,0,0,0,0,2,0,0,0,0,1,1,0,0,0,0,0,0,0,3,0,0,0,0,0,0,0,0,0,0,0,0,0,0,4,0,40.0201,-75.0431, ,Philadelphia
 ,1016,2017052063,6,67,67301,2017,4,2,1909,19,1,1,0,4,1, , ,N,1,2,0,3,0,2,3,3,N, ,40 02:21.314,75 11:30.256,1920, ,1915, ,0, , , ,3, , , , , ,11255, , , ,3,2,0,0,1,0,0,0,0,0,1,1,2,0,0,0,0,0,0,0,2,0,0,0,0,0,0,0,0,0,0,0,0,0,0,3,0,40.0392,-75.1917, ,Philadelphia
 ,1017,2017010646,6,67,67301,2017,1,2,630,6,5,8,6,2,1, , ,N,0,0,0,3,0,1,2,2,N,N,39 58:12.277,75 11:22.045,641, ,630,3,1,5,N, ,0,N, , , , ,11275, , , ,2,1,0,0,0,0,1,0,0,0,1,0,1,0,1,0,0,0,0,0,1,0,0,0,0,0,0,0,0,0,0,0,0,0,0,3,0,39.9701,-75.1895, ,Philadelphia
 ,1018,2017047550,6,67,67301,2017,5,3,1529,15,1,1,0,1,1, , ,N,0,0,0,3,0,1,6,3,N,N,39 57:03.709,75 11:57.591,1531, ,1529, ,0, ,N, ,0, , , , , ,11307, , , ,3,1,0,0,0,0,2,0,0,0,0,1,1,0,0,0,0,0,1,0,1,0,0,0,0,0,0,0,0,0,0,0,0,0,0,4,0,39.9511,-75.1993, ,Philadelphia
 ,1019,2017052286,6,67,67301,2017,4,6,258,2,3,1,0,1,1, , ,N,1,2,0,3,0,0,2,2,N, ,39 56:18.835,75 11:54.454,303, ,301, ,0, , , ,3, , , , , ,11344, , , ,2,1,0,0,0,0,1,0,0,0,0,0,0,0,0,0,0,0,0,0,0,0,0,2,0,0,0,0,0,0,0,0,0,0,0,0,0,39.9386,-75.1985, ,Philadelphia
 ,1020,2017060555,6,67,67301,2017,5,1,1428,14,1,1,0,4,1, , ,N,2,2,0,3,0,0,2,2,N,N,40 00:07.772,75 12:40.104,1443, ,1429, ,0, ,N, ,3, , , , , ,11356, , , ,2,2,0,0,0,0,0,0,0,0,0,0,0,0,0,0,0,0,0,0,0,0,0,0,0,0,0,0,0,0,0,0,0,0,0,0,0,40.0022,-75.2111, ,Philadelphia
 ,1021,2017026340,6,67,67301,2017,3,4,39,0,2,2,1,7,4, , ,N,0,0,0,3,0,0,1,1,N,N,40 00:24.873,75 11:55.302,54, ,41, ,0, , , ,0, , , , , ,11368, , , ,1,1,0,0,0,0,0,0,0,0,0,0,0,0,0,0,0,0,0,0,0,0,0,0,0,0,0,0,0,0,0,0,0,0,0,0,0,40.0069,-75.1987, ,Philadelphia
 ,1022,2017007867,6,67,67301,2017,1,3,1808,18,3,2,1,4,1, , ,N,1,3,0,3,0,2,5,3,N,N,40 00:40.035,75 06:17.351,1810, ,1810,1,2,6,N, ,3,Y, , , , ,11371, , , ,3,3,0,0,0,0,0,0,0,0,0,2,2,0,0,1,0,1,0,0,0,0,0,0,0,0,0,0,0,0,0,0,0,0,0,4,0,40.0111,-75.1048, ,Philadelphia
 ,1023,2017038514,6,67,67301,2017,4,3,2336,23,3,1,0,7,2, , ,N,0,0,0,3,0,2,2,1,N,N,39 59:32.243,75 12:05.028,2350, ,2338,2,2,4, , ,0,Y, , , , ,11379, , , ,1,1,0,0,0,0,0,0,0,0,2,0,2,0,0,0,0,0,0,1,0,0,0,0,0,0,0,0,0,0,0,0,0,0,0,3,0,39.9921,-75.2017, ,Philadelphia
 ,1024,2017035774,6,67,67301,2017,3,3,1244,12,1,2,1,1,1, , ,N,0,0,0,3,0,1,4,5,N,N,40 01:59.097,75 02:15.067,1246, ,1244,2,1,4,N, ,0,Y, , , , ,11381, , , ,5,2,0,0,0,0,1,2,0,0,0,0,1,1,0,0,0,0,0,0,1,1,0,3,0,0,0,0,0,0,0,0,0,0,0,8,0,40.0331,-75.0375, ,Philadelphia
 ,1025,2017052240,6,67,67301,2017,4,5,1725,17,1,1,0,4,1, , ,N,2,3,0,3,0,1,3,2,N,N,40 00:31.341,75 11:37.138,1810, ,1745, ,0, ,N, ,3, , , , , ,11398, , , ,2,1,0,1,0,0,0,0,0,0,0,1,1,0,0,0,0,0,0,0,0,0,0,1,0,0,0,0,0,0,0,0,0,0,0,4,1,40.0087,-75.1936, ,Philadelphia
 ,1026,2017035408,6,67,67301,2017,3,2,1504,15,1,1,0,1,1, , ,N,0,0,0,3,0,3,4,3,N,N,39 58:44.056,75 06:35.285,1720, ,1710, ,0, , , ,0, , , , , ,11418, , , ,3,2,0,0,0,0,1,0,0,0,1,2,3,0,1,0,0,0,0,0,0,0,0,0,0,0,0,0,0,0,0,0,0,0,0,3,0,39.9789,-75.1098, ,Philadelphia
 ,1027,2017035853,6,67,67301,2017,3,3,1850,18,4,9,0,8,1, , ,N,1,0,0,3,0,1,2,2,N,N,40 01:38.172,75 07:57.003,9999, ,1029, ,0, ,N, ,0, , , , , ,11425, , , ,1,1,0,0,0,0,0,0,0,0,1,0,1,0,0,0,0,0,0,0,0,0,0,1,0,0,0,0,0,0,0,0,1,0,0,3,0,40.0273,-75.1325, ,Philadelphia