wz_ln_closure,objectid_1,crn,district,county,municipality,crash_year,crash_month,day_of_week,time_of_day,hour_of_day,illumination,weather,road_condition,collision_type,relation_to_road,work_zone_type,work_zone_loc,work_zone_ind,intersect_type,tcd_type,location_type,urban_rural,fatal_count,injury_count,person_count,total_units,sch_bus_ind,sch_zone_ind,latitude,longitude,arrival_tm,cons_zone_spd_lim,dispatch_tm,est_hrs_closed,lane_closed,ln_close_dir,ntfy_hiwy_maint,spec_juris_cd,tcd_func_cd,tfc_detour_ind,workers_pres,wz_close_detour,wz_flagger,wz_law_offcr_ind,objectid,wz_moving,wz_other,wz_shlder_mdn,vehicle_count,automobile_count,motorcycle_count,bus_count,small_truck_count,heavy_truck_count,suv_count,van_count,bicycle_count,maj_inj_count,mod_inj_count,min_inj_count,tot_inj_count,unk_inj_deg_count,unk_inj_per_count,driver_count_16yr,driver_count_17yr,driver_count_18yr,driver_count_19yr,driver_count_20yr,driver_count_50_64yr,driver_count_65_74yr,driver_count_75plus,unbelted_occ_count,unb_death_count,unb_maj_inj_count,belted_death_count,belted_maj_inj_count,mcycle_death_count,mcycle_maj_inj_count,bicycle_death_count,bicycle_maj_inj_count,ped_count,ped_death_count,ped_maj_inj_count,max_severity_level,comm_veh_count,dec_lat,dec_long,rdwy_surf_type_cd,county_name
 ,1028,2017022646,6,67,67301,2017,2,1,430,4,3,1,0,7,2, , ,N,0,0,0,3,0,1,2,2,N,N,39 57:49.907,75 11:03.296,436, ,431,2,1,4, , ,0,N, , , , ,11427, , , ,2,1,0,0,0,0,0,1,0,0,0,0,1,1,0,0,0,0,0,0,0,0,0,0,0,0,0,0,0,0,0,0,0,0,0,8,0,39.9639,-75.1842, ,Philadelphia
 ,1029,2017055553,6,67,67301,2017,4,7,1800,18,1,1,0,5,1, , ,N,0,0,0,3,0,0,5,3,N, ,39 57:12.153,75 08:24.191,1808, ,1801,1,1,2, , ,0,N, , , , ,11455, , , ,2,1,0,0,0,0,1,0,0,0,0,0,0,0,5,0,0,0,0,0,0,0,0,0,0,0,0,0,0,0,0,0,0,0,0,9,0,39.9534,-75.14, ,Philadelphia
 ,1030,2017035759,6,67,67301,2017,2,3,1930,19,3,2,1,8,1, , ,N,3,0,0,3,0,1,2,2,N, ,40 00:29.685,75 05:41.384,1937, ,1931,1,2,6, , ,0,N, , , , ,11469, , , ,1,1,0,0,0,0,0,0,0,0,0,1,1,0,0,0,0,0,0,0,0,0,0,1,0,0,0,0,0,0,0,0,1,0,0,4,0,40.0082,-75.0948, ,Philadelphia
 ,1031,2017028960,6,67,67301,2017,2,4,940,9,1,1,0,4,1, , ,N,2,3,0,3,0,0,3,3,N,N,40 00:55.984,75 11:23.958,1010, ,1006, ,0, ,N, ,3, , , , , ,11475, , , ,3,2,0,0,0,0,1,0,0,0,0,0,0,0,0,0,0,0,0,0,2,1,0,0,0,0,0,0,0,0,0,0,0,0,0,0,0,40.0156,-75.19, ,Philadelphia
N,1032,2017031657,6,67,67301,2017,3,2,1028,10,1,1,0,7,2,1,4,Y,0,0,0,3,0,2,2,2,N,N,40 00:00.652,75 04:46.894,1035,45,1030, ,0, , , ,0, ,Y,N,N,N,11477,N,N,Y,2,1,0,0,0,0,1,0,0,0,0,0,2,2,0,0,0,0,0,0,0,0,0,0,0,0,0,0,0,0,0,0,0,0,0,8,0,40.0002,-75.0797, ,Philadelphia
 ,1033,2017033063,6,67,67301,2017,2,6,1005,10,1,1,0,4,1, , ,N,2,2,0,3,0,1,2,2,N,Y,39 59:27.123,75 06:53.478,1015, ,1010,1,2,5, , ,3,N, , , , ,11480, , , ,2,0,0,0,1,0,0,1,0,0,0,0,1,1,0,0,0,0,0,0,0,0,0,0,0,0,0,0,0,0,0,0,0,0,0,8,0,39.9909,-75.1149, ,Philadelphia
 ,1034,2017052144,6,67,67301,2017,4,2,2025,20,3,1,0,8,1, , ,N,1,0,0,3,0,1,2,2,N,N,39 55:38.460,75 10:59.055,2050, ,2045, ,0, ,N, ,0, , , , , ,11485, , , ,1,1,0,0,0,0,0,0,0,0,1,0,1,0,0,0,0,0,0,0,0,0,0,1,0,0,0,0,0,0,0,0,1,0,0,3,0,39.9274,-75.1831, ,Philadelphia
 ,1035,2017052282,6,67,67301,2017,4,7,1,0,3,2,1,5,6, , ,N,0,0,0,3,0,0,1,3,N, ,40 02:06.914,75 01:51.308,10, ,8, ,0, , , ,0, , , , , ,11491, , , ,3,0,0,0,1,0,2,0,0,0,0,0,0,0,0,0,0,0,0,0,0,0,0,0,0,0,0,0,0,0,0,0,0,0,0,0,0,40.0353,-75.0309, ,Philadelphia
 ,1036,2017005838,6,67,67301,2017,1,1,247,2,3,1,0,1,1, , ,N,0,0,0,3,0,1,6,2,N,N,39 56:08.018,75 11:59.400,256, ,247,2,2,3, , ,0,N, , , , ,11507, , , ,2,2,0,0,0,0,0,0,0,0,1,0,1,0,0,0,0,0,1,0,0,0,0,0,0,0,0,0,0,0,0,0,0,0,0,3,0,39.9356,-75.1998, ,Philadelphia
 ,1037,2017019136,6,67,67301,2017,1,2,1040,10,1,1,0,7,4, , ,N,0,0,0,3,0,1,1,1,Y,N,40 04:51.004,75 02:30.457,1057, ,1047,2,1,2, , ,0,N, , , , ,11533, , , ,1,1,0,0,0,0,0,0,0,0,1,0,1,0,0,0,0,0,0,0,0,0,1,0,0,0,0,0,0,0,0,0,0,0,0,3,0,40.0808,-75.0418, ,Philadelphia
 ,1038,2017037552,6,67,67301,2017,3,7,510,5,3,1,1,4,1, , ,N,1,2,0,3,0,1,2,2,N, ,40 01:24.687,75 08:00.078,517, ,510, ,0, , , ,3, , , , , ,11535, , , ,2,1,0,0,0,0,1,0,0,0,0,1,1,0,1,0,0,0,0,0,0,0,0,0,0,0,0,0,0,0,0,0,0,0,0,4,0,40.0235,-75.1334, ,Philadelphia
 ,1039,2017041294,6,67,67301,2017,4,5,754,7,1,2,1,4,1, , ,N,1,2,0,3,0,1,2,2,N,N,39 59:25.124,75 13:13.262,815, ,809, ,0, ,N, ,3, , , , , ,11537, , , ,2,2,0,0,0,0,0,0,0,0,0,0,1,1,0,0,0,0,0,0,1,0,0,0,0,0,0,0,0,0,0,0,0,0,0,8,0,39.9903,-75.2204, ,Philadelphia
 ,1040,2017055701,6,67,67301,2017,5,7,1130,11,1,1,0,5,1, , ,N,0,2,0,3,0,1,2,2,N, ,40 00:08.993,75 09:09.359,9999, ,9999, ,0, , , ,3, , , , , ,11549, , , ,2,1,0,0,0,1,0,0,0,0,0,1,1,0,0,0,0,0,0,0,2,0,0,1,0,0,0,0,0,0,0,0,0,0,0,4,1,40.0025,-75.1526, ,Philadelphia
 ,1041,2017018549,6,67,67301,2017,1,3,900,9,1,2,1,8,1, , ,N,0,2,0,3,0,3,4,3,N,N,39 59:47.342,75 06:49.184,907, ,903, ,0, ,N, ,3, , , , , ,11565, , , ,2,0,0,0,0,0,2,0,0,1,0,0,3,2,1,0,0,0,0,0,0,0,1,0,0,0,0,0,0,0,0,0,1,0,1,2,0,39.9965,-75.1137, ,Philadelphia
 ,1042,2017021992,6,67,67301,2017,2,7,223,2,3,1,0,4,1, , ,N,0,0,0,3,0,0,2,2,N,N,39 58:29.878,75 13:19.023,258, ,244,2,1,3,N, ,0,Y, , , , ,11574, , , ,2,1,0,0,0,0,0,0,0,0,0,0,0,0,1,0,0,0,0,0,1,0,0,0,0,0,0,0,0,0,0,0,0,0,0,9,0,39.975,-75.222, ,Philadelphia
 ,1043,2017066092,6,67,67301,2017,6,4,807,8,1,1,0,4,1, , ,N,0,0,0,3,0,1,4,2,N,N,40 02:32.935,75 00:12.377,825, ,811, ,0, , , ,0, , , , , ,11598, , , ,2,1,0,0,0,0,1,0,0,0,1,0,1,0,0,0,0,0,0,0,0,0,0,0,0,0,0,0,0,0,0,0,0,0,0,3,0,40.0425,-75.0034, ,Philadelphia
 ,1044,2017019064,6,67,67301,2017,1,1,245,2,3,1,0,1,1, , ,N,5,2,0,3,0,2,5,2,N,N,40 01:29.110,75 08:58.358,250, ,248,1,1,4,N, ,3,N, , , , ,11606, , , ,2,1,0,0,0,0,1,0,0,0,0,2,2,0,3,0,0,0,0,0,0,0,0,0,0,0,0,0,0,0,0,0,0,0,0,4,0,40.0248,-75.1495, ,Philadelphia
 ,1045,2017041248,6,67,67301,2017,4,7,1745,17,1,1,0,4,1, , ,N,1,3,0,3,0,0,9,2,N, ,40 05:43.519,75 03:05.266,1748, ,1745, ,0, , , ,3, , , , , ,13156, , , ,2,1,0,0,0,0,1,0,0,0,0,0,0,0,0,2,0,0,0,0,0,0,0,9,0,0,0,0,0,0,0,0,0,0,0,0,0,40.0954,-75.0515, ,Philadelphia
 ,1046,2017060705,6,67,67301,2017,5,3,2000,20,2,1,0,4,4, , ,N,10,0,0,3,0,1,2,2,N, ,39 56:44.368,75 14:06.554,31, ,30, ,0, , , ,0, , , , , ,13186, , , ,2,0,0,0,0,0,1,1,0,0,1,0,1,0,0,0,0,0,0,0,0,0,0,1,0,0,0,0,0,0,0,0,0,0,0,3,0,39.9457,-75.2352, ,Philadelphia
 ,1047,2017060556,6,67,67301,2017,5,7,2050,20,3,1,0,4,1, , ,N,2,3,0,3,0,0,2,2,N,N,39 57:49.712,75 14:10.892,2120, ,2100, ,0, , , ,3, , , , , ,13188, , , ,2,2,0,0,0,0,0,0,0,0,0,0,0,0,0,0,0,0,0,0,0,0,0,1,0,0,0,0,0,0,0,0,0,0,0,0,0,39.9638,-75.2364, ,Philadelphia
 ,1048,2017060537,6,67,67301,2017,5,3,1606,16,1,1,0,8,1, , ,N,0,0,0,3,0,1,2,2,N,N,39 59:30.134,75 07:06.229,1813, ,1813, ,0, ,N, ,0, , , , , ,13190, , , ,1,0,0,0,0,0,1,0,0,0,1,0,1,0,0,0,0,0,0,0,0,0,0,1,0,0,0,0,0,0,0,0,1,0,0,3,0,39.9917,-75.1184, ,Philadelphia
 ,1049,2017063920,6,67,67301,2017,6,5,1711,17,1,1,0,1,1, , ,N,0,0,0,3,0,3,4,2,N,N,39 57:34.726,75 10:33.586,1732, ,1713, ,0, , , ,0, , , , , ,13228, , , ,2,1,0,0,0,0,0,1,0,0,0,3,3,0,0,0,0,0,0,0,0,0,0,0,0,0,0,0,0,0,0,0,0,0,0,4,0,39.9596,-75.1754, ,Philadelphia
 ,1050,2017055497,6,67,67301,2017,4,7,1400,14,1,9,0,1,1, , ,N,2,2,0,3,0,1,2,2,N,N,39 55:06.664,75 14:39.728,1655, ,1653, ,0, ,N, ,3, , , , , ,13230, , , ,2,2,0,0,0,0,0,0,0,0,0,1,1,0,0,0,0,0,0,0,0,0,0,1,0,0,0,0,0,0,0,0,0,0,0,4,0,39.9185,-75.2444, ,Philadelphia
 ,1051,2017087128,6,67,67301,2017,8,6,50,0,3,1,0,1,1, , ,N,0,3,2,3,0,1,2,2,N,N,40 00:35.966,75 12:23.093,103, ,54, ,0, , , ,3, , , , , ,13240, , , ,2,2,0,0,0,0,0,0,0,0,0,0,1,1,0,0,0,0,1,0,1,0,0,0,0,0,0,0,0,0,0,0,0,0,0,8,0,40.01,-75.2064, ,Philadelphia
 ,1052,2017007822,6,67,67301,2017,1,1,1900,19,3,1,0,8,1, , ,N,2,0,0,3,0,1,3,2,N,N,40 02:46.986,75 03:57.315,1912, ,1905, ,0, ,N, ,0, , , , , ,13242, , , ,1,1,0,0,0,0,0,0,0,0,0,0,1,1,0,0,0,0,0,0,0,0,0,0,0,0,0,0,0,0,0,0,1,0,0,8,0,40.0464,-75.0659, ,Philadelphia
 ,1053,2017047966,6,67,67301,2017,5,3,2022,20,3,1,0,7,2, , ,N,0,0,0,3,0,1,2,2,N,N,40 01:06.729,75 02:50.538,2030, ,2015,2,1,2, , ,0,N, , , , ,13268, , , ,2,1,0,0,0,0,1,0,0,0,0,0,1,1,1,0,0,0,0,0,0,0,0,1,0,0,0,0,0,0,0,0,0,0,0,8,0,40.0185,-75.0474, ,Philadelphia
 ,1054,2017055596,6,67,67301,2017,4,3,2128,21,3,2,1,4,1, , ,N,2,2,0,3,0,1,3,2,N,N,39 59:15.705,75 12:58.134,2150, ,2130, ,0, ,N, ,3, , , , , ,13274, , , ,2,1,0,0,0,0,1,0,0,0,0,1,1,0,0,0,0,0,0,0,0,0,0,0,0,0,0,0,0,0,0,0,0,0,0,4,0,39.9877,-75.2161, ,Philadelphia
 ,1055,2017004808,6,67,67301,2017,1,7,444,4,3,1,0,7,3, , ,N,7,0,0,3,0,0,1,1,N,N,39 54:39.103,75 08:56.529,458, ,446, ,0, , , ,0, , , , , ,13289, , , ,1,1,0,0,0,0,0,0,0,0,0,0,0,0,1,0,0,0,0,0,0,0,0,0,0,0,0,0,0,0,0,0,0,0,0,9,0,39.9109,-75.149, ,Philadelphia
 ,1056,2017037479,6,67,67301,2017,3,7,2353,23,3,8,1,7,4, , ,N,0,0,0,3,0,1,3,2,N, ,39 58:14.017,75 11:24.010,8, ,2353,1,2,5,N, ,0,Y, , , , ,13306, , , ,2,2,0,0,0,0,0,0,0,0,0,1,1,0,0,0,0,0,0,0,0,0,0,0,0,0,0,0,0,0,0,0,0,0,0,4,0,39.9706,-75.19, ,Philadelphia
 ,1057,2017037482,6,67,67301,2017,3,2,900,9,1,1,0,8,1, , ,N,0,0,0,3,0,1,2,2,N,N,40 01:39.680,75 04:49.225,908, ,902, ,0, ,N, ,0, , , , , ,13310, , , ,1,0,0,0,0,0,1,0,0,0,0,0,1,1,0,0,0,0,0,0,0,0,0,0,0,0,0,0,0,0,0,0,1,0,0,8,0,40.0277,-75.0803, ,Philadelphia
 ,1058,2017043805,6,67,67301,2017,4,2,1135,11,1,1,0,1,1, , ,N,0,0,0,3,0,0,2,2,N,N,39 57:33.735,75 13:10.451,1155, ,1155, ,0, ,N, ,0, , , , , ,13311, , , ,2,1,0,0,0,0,1,0,0,0,0,0,0,0,0,0,0,0,0,0,1,0,0,0,0,0,0,0,0,0,0,0,0,0,0,0,0,39.9594,-75.2196, ,Philadelphia
 ,1059,2017050460,6,67,67301,2017,5,7,1153,11,1,2,1,5,1, , ,N,0,0,0,3,0,1,4,2,N,N,40 02:19.226,75 00:34.350,1207, ,1206, ,0, , , ,0, , , , , ,13318, , , ,2,1,0,0,0,0,1,0,0,0,0,0,1,1,0,0,0,0,0,0,0,0,0,0,0,0,0,0,0,0,0,0,0,0,0,8,0,40.0387,-75.0095, ,Philadelphia
 ,1060,2017052151,6,67,67301,2017,4,3,2205,22,3,1,0,1,1, , ,N,1,2,0,3,0,3,3,3,N,N,39 57:37.092,75 08:20.094,2335, ,2205, ,0, , , ,3, , , , , ,13323, , , ,3,1,0,0,0,0,2,0,0,0,0,0,3,3,0,0,0,0,0,0,1,1,0,0,0,0,0,0,0,0,0,0,0,0,0,8,0,39.9603,-75.1389, ,Philadelphia
 ,1061,2017060707,6,67,67301,2017,5,3,1700,17,1,1,0,1,1, , ,N,3,3,0,3,0,5,6,2,N,N,39 59:45.110,75 11:28.893,1725, ,1707, ,0, ,N, ,3, , , , , ,13324, , , ,2,0,0,0,0,0,2,0,0,0,0,0,5,5,0,0,0,0,0,0,0,0,0,0,0,0,0,0,0,0,0,0,0,0,0,8,0,39.9959,-75.1914, ,Philadelphia
 ,1062,2017060621,6,67,67301,2017,5,4,445,4,3,2,1,7,4, , ,N,2,3,0,3,0,0,1,1,N,Y,40 00:11.936,75 10:43.796,500, ,500,3,2,6,N, ,3,Y, , , , ,13328, , , ,1,1,0,0,0,0,0,0,0,0,0,0,0,0,1,0,0,0,0,0,0,0,0,0,0,0,0,0,0,0,0,0,0,0,0,9,0,40.0033,-75.1788, ,Philadelphia
 ,1063,2017041322,6,67,67301,2017,4,6,2126,21,3,1,0,4,1, , ,N,1,2,0,3,0,1,3,2,N, ,39 55:02.989,75 10:34.139,2134, ,2130, ,0, , , ,3, , , , , ,14182, , , ,2,1,0,0,0,0,1,0,0,0,0,1,1,0,2,0,0,0,0,0,1,0,0,0,0,0,0,0,0,0,0,0,0,0,0,4,0,39.9175,-75.1761, ,Philadelphia
 ,1064,2017028962,6,67,67301,2017,2,5,1540,15,1,1,0,4,1, , ,N,0,2,7,3,0,1,4,3,N, ,40 05:48.100,75 01:03.800,1552, ,1550, ,0, ,N, ,3, , , , , ,14183, , , ,3,3,0,0,0,0,0,0,0,0,0,1,1,0,0,0,0,0,0,0,0,0,0,0,0,0,0,0,0,0,0,0,0,0,0,4,0,40.0967,-75.0177, ,Philadelphia
 ,1065,2017028778,6,67,67301,2017,2,6,1547,15,1,1,0,8,1, , ,N,1,2,0,3,0,1,2,2,N,N,39 54:51.468,75 10:18.968,1602, ,1558,3,2,2,N, ,3,Y, , , , ,14184, , , ,1,1,0,0,0,0,0,0,0,0,0,0,1,1,0,0,0,0,0,0,0,1,0,0,0,0,0,0,0,0,0,0,1,0,0,8,0,39.9142,-75.1718, ,Philadelphia
 ,1066,2017010604,6,67,67301,2017,1,1,225,2,3,1,3,2,1, , ,N,0,0,0,3,0,2,3,2,N,N,39 56:03.600,75 14:01.720,238, ,229, ,0, ,N, ,0, , , , , ,14214, , , ,2,2,0,0,0,0,0,0,0,0,0,2,2,0,0,0,0,0,0,0,0,0,0,0,0,0,0,0,0,0,0,0,0,0,0,4,0,39.9343,-75.2338, ,Philadelphia
 ,1067,2017019080,6,67,67301,2017,2,4,1825,18,1,1,0,1,1, , ,N,0,0,0,3,0,1,5,3,N,N,40 04:44.100,75 13:35.000,1833, ,1830, ,0, ,N, ,0, , , , , ,14221, , , ,3,2,0,0,0,0,1,0,0,1,0,0,1,0,0,0,0,0,0,0,0,1,0,1,0,0,0,0,0,0,0,0,0,0,0,2,0,40.0789,-75.2264, ,Philadelphia
 ,1068,2017035737,6,67,67301,2017,3,5,1833,18,3,1,0,7,1,1,4,Y,0,0,0,3,0,0,1,1,N, ,39 58:25.388,75 09:45.090,1921,99,1833, ,0, , , ,0, ,N,Y, ,N,14229, , , ,1,1,0,0,0,0,0,0,0,0,0,0,0,0,0,0,0,0,0,0,0,0,1,0,0,0,0,0,0,0,0,0,0,0,0,0,0,39.9737,-75.1625, ,Philadelphia
 ,1069,2017028801,6,67,67301,2017,2,5,1754,17,4,1,0,8,1, , ,N,2,3,0,3,0,1,2,2,N,N,40 01:15.985,75 07:13.792,1754, ,1754, ,0, ,N, ,3, , , , , ,14231, , , ,1,0,0,0,0,0,0,1,0,0,0,1,1,0,0,0,0,0,0,0,1,0,0,0,0,0,0,0,0,0,0,0,1,0,0,4,0,40.0211,-75.1205, ,Philadelphia
 ,1070,2017030322,6,67,67301,2017,3,1,13,0,3,1,0,4,1, , ,N,7,0,2,3,0,1,4,2,N,N,39 53:29.072,75 14:13.179,21, ,13, ,0, , , ,0, , , , , ,14232, , , ,2,2,0,0,0,0,0,0,0,0,1,0,1,0,0,0,0,0,0,0,1,0,0,0,0,0,0,0,0,0,0,0,0,0,0,3,0,39.8924,-75.2345, ,Philadelphia
 ,1071,2017055504,6,67,67301,2017,5,3,1128,11,1,1,0,5,6, , ,N,0,0,0,3,0,0,1,2,N, ,39 56:17.458,75 13:13.048,1240, ,1239, ,0, ,N, ,0, , , , , ,14246, , , ,2,1,0,0,0,0,1,0,0,0,0,0,0,0,0,0,0,0,0,0,0,0,0,0,0,0,0,0,0,0,0,0,0,0,0,0,0,39.9382,-75.2203, ,Philadelphia
 ,1072,2017013908,6,67,67301,2017,1,2,435,4,3,1,0,4,1, , ,N,3,0,0,3,0,1,2,2,N,N,39 58:32.031,75 11:26.776,445, ,440,2,1,4,N, ,0,N, , , , ,14262, , , ,2,2,0,0,0,0,0,0,0,0,0,1,1,0,0,0,0,0,0,0,0,0,0,1,0,0,0,0,0,0,0,0,0,0,0,4,0,39.9755,-75.1909, ,Philadelphia
 ,1073,2017037486,6,67,67301,2017,3,5,1357,13,1,1,6,8,1, , ,N,1,2,0,3,0,1,2,2,N, ,40 03:15.451,75 04:17.588,1410, ,1404,9,1,2, , ,3,N, , , , ,14267, , , ,1,1,0,0,0,0,0,0,0,0,0,1,1,0,1,0,0,0,0,0,0,0,0,0,0,0,0,0,0,0,0,0,1,0,0,4,0,40.0543,-75.0716, ,Philadelphia
 ,1074,2017041290,6,67,67301,2017,4,5,1405,14,1,2,1,2,1, , ,N,0,0,0,3,0,1,2,2,N, ,40 02:42.691,75 06:03.048,1411, ,1411, ,0, , , ,0, , , , , ,14270, , , ,2,1,0,0,0,0,0,1,0,0,0,0,1,1,0,0,0,0,0,0,0,1,0,0,0,0,0,0,0,0,0,0,0,0,0,8,0,40.0452,-75.1008, ,Philadelphia
 ,1075,2017055561,6,67,67301,2017,4,5,1129,11,1,1,0,4,1, , ,N,0,0,7,3,0,1,3,3,N,N,40 03:30.277,75 02:36.497,1134, ,1131,1,1,3,N, ,0,N, , , , ,14284, , , ,3,1,0,0,0,0,1,1,0,0,0,0,1,1,0,0,0,0,0,0,1,0,1,0,0,0,0,0,0,0,0,0,0,0,0,8,0,40.0584,-75.0434, ,Philadelphia
 ,1076,2017058311,6,67,67301,2017,5,5,930,9,1,1,0,4,1, , ,N,1,2,0,3,0,1,3,2,N,N,40 01:39.836,75 06:35.867,939, ,930,1,1,1,N, ,3,N, , , , ,14288, , , ,2,2,0,0,0,0,0,0,0,0,0,0,1,1,0,0,0,0,0,0,0,1,0,1,0,0,0,0,0,0,0,0,0,0,0,8,0,40.0277,-75.11, ,Philadelphia
 ,1077,2017055692,6,67,67301,2017,5,7,1114,11,1,1,0,4,1, , ,N,1,2,0,3,0,2,4,2,N,N,39 59:13.275,75 10:27.811,1155, ,1149,2,1,4,Y, ,3,Y, , , , ,14296, , , ,2,2,0,0,0,0,0,0,0,0,1,1,2,0,1,0,0,0,0,0,1,0,0,0,0,0,0,0,0,0,0,0,0,0,0,3,0,39.987,-75.1744, ,Philadelphia
 ,1078,2017018228,6,67,67301,2017,2,1,2356,23,3,2,1,7,4, , ,N,0,0,0,3,0,0,1,1,N,N,39 56:38.700,75 11:30.918,25, ,17, ,0, , , ,0, , , , , ,14305, , , ,1,0,0,0,1,0,0,0,0,0,0,0,0,0,0,0,0,0,0,0,0,0,0,0,0,0,0,0,0,0,0,0,0,0,0,0,0,39.9441,-75.1919, ,Philadelphia
 ,1079,2017018986,6,67,67301,2017,2,4,1247,12,1,1,0,4,1, , ,N,1,2,0,3,0,0,3,3,N,N,40 01:40.344,75 03:36.560,1249, ,1248, ,0, ,N, ,3, , , , , ,14318, , , ,3,2,0,0,0,0,0,1,0,0,0,0,0,0,0,0,0,0,0,0,2,0,0,0,0,0,0,0,0,0,0,0,0,0,0,0,0,40.0278,-75.0601, ,Philadelphia
 ,1080,2017013954,6,67,67301,2017,1,4,940,9,1,1,1,4,1, , ,N,1,3,0,3,0,1,1,3,N,N,40 03:32.450,75 10:44.147,1017, ,1015, ,0, , , ,3, , , , , ,14319, , , ,3,1,0,0,0,0,1,1,0,0,0,0,1,1,0,0,0,0,0,0,0,0,0,0,0,0,0,0,0,0,0,0,0,0,0,8,0,40.059,-75.1789, ,Philadelphia
 ,1081,2017058230,6,67,67301,2017,5,2,910,9,1,1,0,4,1, , ,N,1,2,0,3,0,2,2,4,N, ,39 57:04.287,75 13:58.047,925, ,920,2,2,5, , ,3,N, , , , ,13334, , , ,4,2,0,0,0,0,1,1,0,1,0,1,2,0,0,0,0,0,0,0,2,0,0,1,0,1,0,0,0,0,0,0,0,0,0,2,0,39.9512,-75.2328, ,Philadelphia
 ,1082,2017035692,6,67,67301,2017,3,4,1008,10,1,4,6,5,1, , ,N,1,2,0,3,0,1,2,2,N, ,40 00:28.314,75 10:20.141,1058, ,1056, ,0, , , ,3, , , , , ,13364, , , ,2,1,0,0,0,1,0,0,0,0,0,1,1,0,0,0,0,0,0,0,1,0,0,1,0,0,0,0,0,0,0,0,0,0,0,4,1,40.0079,-75.1723, ,Philadelphia
 ,1083,2017041326,6,67,67301,2017,4,4,1656,16,1,1,0,4,1, , ,N,0,0,7,3,0,1,2,2,N,N,39 59:38.714,75 11:33.085,1833, ,1820, ,0, ,N, ,0, , , , , ,13365, , , ,2,2,0,0,0,0,0,0,0,0,0,0,1,1,0,0,0,0,0,0,0,0,0,0,0,0,0,0,0,0,0,0,0,0,0,8,0,39.9941,-75.1925, ,Philadelphia
 ,1084,2017021969,6,67,67301,2017,2,7,54,0,3,1,0,4,1, , ,N,1,2,0,3,0,1,2,2,N,N,40 01:17.591,75 03:16.669,110, ,105, ,0, , , ,3, , , , , ,13421, , , ,2,1,0,0,0,0,1,0,0,0,0,1,1,0,0,0,0,0,0,0,0,0,0,0,0,0,0,0,0,0,0,0,0,0,0,4,0,40.0216,-75.0546, ,Philadelphia
 ,1085,2017001383,6,67,67301,2017,1,1,338,3,3,1,0,7,2, , ,N,6,0,2,3,0,1,1,1,N,N,40 00:12.647,75 04:38.645,344, ,338, ,0, , , ,0, , , , , ,13435, , , ,1,0,0,0,0,0,1,0,0,0,1,0,1,0,0,0,0,0,0,0,0,0,0,0,0,0,0,0,0,0,0,0,0,0,0,3,0,40.0035,-75.0774, ,Philadelphia
 ,1086,2017019082,6,67,67301,2017,1,3,1550,15,1,1,0,4,1, , ,N,2,3,0,3,0,1,2,2,N, ,40 00:06.858,75 07:06.103,1607, ,1605, ,0, , , ,3, , , , , ,13436, , , ,2,2,0,0,0,0,0,0,0,0,0,1,1,0,0,0,0,0,0,0,1,0,0,0,0,0,0,0,0,0,0,0,0,0,0,4,0,40.0019,-75.1184, ,Philadelphia
 ,1087,2017033581,6,67,67301,2017,2,2,930,9,1,1,0,7,5, , ,N,1,2,0,3,0,0,1,2,N, ,39 58:15.733,75 09:20.582,1030, ,9999, ,0, , , ,3, , , , , ,13454, , , ,1,0,0,0,1,0,0,0,0,0,0,0,0,0,0,0,0,0,0,0,0,0,1,0,0,0,0,0,0,0,0,0,0,0,0,0,0,39.9709,-75.1557, ,Philadelphia
 ,1088,2017052432,6,67,67301,2017,4,1,545,5,3,1,0,6,1, , ,N,0,0,0,3,0,0,2,3,N, ,39 55:16.878,75 10:33.690,600, ,550, ,0, , , ,0, , , , , ,13474, , , ,3,3,0,0,0,0,0,0,0,0,0,0,0,0,0,0,0,0,0,0,0,0,0,1,0,0,0,0,0,0,0,0,0,0,0,0,0,39.9214,-75.176, ,Philadelphia
 ,1089,2017055612,6,67,67301,2017,5,5,740,7,1,1,0,1,1, , ,N,1,2,0,3,0,1,4,3,Y,N,40 00:22.251,75 10:14.969,824, ,821, ,0, ,N, ,3, , , , , ,13476, , , ,3,1,0,1,0,0,0,1,0,0,1,0,1,0,0,0,0,0,0,0,1,0,0,0,0,0,0,0,0,0,0,0,0,0,0,3,1,40.0062,-75.1708, ,Philadelphia
 ,1090,2017055673,6,67,67301,2017,5,3,9999,99,3,1,0,7,4, , ,N,0,0,3,3,0,0,1,1,N,N,40 00:47.862,75 12:17.893,135, ,130,9,1,1,N, ,0,N, , , , ,13479, , , ,1,0,0,0,0,0,1,0,0,0,0,0,0,0,0,0,0,0,0,0,0,0,0,0,0,0,0,0,0,0,0,0,0,0,0,0,0,40.0133,-75.205, ,Philadelphia
 ,1091,2017021987,6,67,67301,2017,2,6,229,2,3,1,0,6,1, , ,N,1,2,0,3,0,8,8,3,N, ,39 55:56.906,75 13:28.606,237, ,233,9,2,6, , ,2,N, , , , ,13516, , , ,3,2,0,0,0,0,0,1,0,0,4,4,8,0,0,0,0,0,0,0,0,0,0,2,0,0,0,0,0,0,0,0,0,0,0,3,0,39.9325,-75.2246, ,Philadelphia
 ,1092,2017033346,6,9,9212,2017,2,2,845,8,1,1,0,1,1, , ,N,1,0,0,3,0,2,3,3,N,N,40 08:08.775,75 00:40.914,849, ,846,1,1,4, , ,0,N, , , , ,13555, , , ,3,2,0,0,0,0,1,0,0,0,2,0,2,0,0,0,0,0,0,0,2,0,0,0,0,0,0,0,0,0,0,0,0,0,0,3,0,40.1357,-75.0114, ,Bucks