wz_ln_closure,objectid_1,crn,district,county,municipality,crash_year,crash_month,day_of_week,time_of_day,hour_of_day,illumination,weather,road_condition,collision_type,relation_to_road,work_zone_type,work_zone_loc,work_zone_ind,intersect_type,tcd_type,location_type,urban_rural,fatal_count,injury_count,person_count,total_units,sch_bus_ind,sch_zone_ind,latitude,longitude,arrival_tm,cons_zone_spd_lim,dispatch_tm,est_hrs_closed,lane_closed,ln_close_dir,ntfy_hiwy_maint,spec_juris_cd,tcd_func_cd,tfc_detour_ind,workers_pres,wz_close_detour,wz_flagger,wz_law_offcr_ind,objectid,wz_moving,wz_other,wz_shlder_mdn,vehicle_count,automobile_count,motorcycle_count,bus_count,small_truck_count,heavy_truck_count,suv_count,van_count,bicycle_count,maj_inj_count,mod_inj_count,min_inj_count,tot_inj_count,unk_inj_deg_count,unk_inj_per_count,driver_count_16yr,driver_count_17yr,driver_count_18yr,driver_count_19yr,driver_count_20yr,driver_count_50_64yr,driver_count_65_74yr,driver_count_75plus,unbelted_occ_count,unb_death_count,unb_maj_inj_count,belted_death_count,belted_maj_inj_count,mcycle_death_count,mcycle_maj_inj_count,bicycle_death_count,bicycle_maj_inj_count,ped_count,ped_death_count,ped_maj_inj_count,max_severity_level,comm_veh_count,dec_lat,dec_long,rdwy_surf_type_cd,county_name
 ,1093,2017007799,6,67,67301,2017,1,2,1120,11,1,2,1,8,1, , ,N,0,0,0,3,0,1,2,2,N,N,40 04:39.591,75 01:53.718,1123, ,1121,2,1,1,Y, ,0,N, , , , ,13585, , , ,1,0,0,0,0,0,1,0,0,1,0,0,1,0,0,0,0,0,0,0,1,0,0,0,0,0,0,0,0,0,0,0,1,0,1,2,0,40.0777,-75.0316, ,Philadelphia
 ,1094,2017035752,6,67,67301,2017,3,1,9999,99,3,1,0,5,6, , ,N,0,0,0,3,0,0,1,2,N,N,39 58:57.848,75 08:29.040,420, ,417, ,0, ,N, ,0, , , , , ,13597, , , ,2,1,0,0,0,0,0,1,0,0,0,0,0,0,0,0,0,0,0,0,0,0,0,0,0,0,0,0,0,0,0,0,0,0,0,0,0,39.9827,-75.1414, ,Philadelphia
 ,1095,2017021570,6,67,67301,2017,2,5,1732,17,1,1,0,2,1, , ,N,0,0,0,3,0,0,2,4,N,N,39 57:52.333,75 11:15.860,1733, ,1732, ,0, ,N, ,0, , , , , ,13605, , , ,4,3,0,0,0,0,1,0,0,0,0,0,0,0,1,0,0,0,0,0,0,0,0,0,0,0,0,0,0,0,0,0,0,0,0,9,0,39.9645,-75.1877, ,Philadelphia
 ,1096,2017033544,6,67,67301,2017,2,4,2108,21,2,1,0,8,1, , ,N,0,0,0,3,0,1,2,2,N,N,40 02:00.002,75 05:14.143,2118, ,2114, ,0, ,N, ,0, , , , , ,13607, , , ,1,1,0,0,0,0,0,0,0,0,0,0,1,1,0,0,0,0,0,0,1,0,0,1,0,0,0,0,0,0,0,0,1,0,0,8,0,40.0333,-75.0873, ,Philadelphia
 ,1097,2017060655,6,67,67301,2017,5,5,2128,21,3,1,0,4,1, , ,N,1,2,0,3,0,0,2,2,N, ,39 58:09.487,75 09:21.931,2130, ,2130,1,1,3, , ,3,N, , , , ,13618, , , ,2,1,0,0,0,0,1,0,0,0,0,0,0,0,0,0,0,0,0,0,0,0,0,0,0,0,0,0,0,0,0,0,0,0,0,0,0,39.9693,-75.1561, ,Philadelphia
 ,1098,2017043846,6,67,67301,2017,4,4,1646,16,1,1,0,4,1, , ,N,1,2,2,3,0,1,3,2,N, ,40 00:52.747,75 10:42.441,1705, ,1705, ,0, , , ,3, , , , , ,13640, , , ,2,2,0,0,0,0,0,0,0,0,0,1,1,0,0,0,0,0,0,1,0,0,0,0,0,0,0,0,0,0,0,0,0,0,0,4,0,40.0146,-75.1784, ,Philadelphia
 ,1099,2017021556,6,67,67301,2017,2,5,600,6,3,2,1,7,4, , ,N,0,0,0,3,0,1,1,1,N,N,39 58:45.526,75 06:25.250,609, ,605, ,0, ,N, ,0, , , , , ,13648, , , ,1,1,0,0,0,0,0,0,0,0,0,1,1,0,0,0,0,0,0,0,0,0,0,0,0,0,0,0,0,0,0,0,0,0,0,4,0,39.9793,-75.107, ,Philadelphia
 ,1100,2017028831,6,67,67301,2017,2,7,1846,18,3,2,1,8,1, , ,N,0,0,0,3,0,1,3,2,N, ,40 01:49.532,75 03:40.512,1854, ,1850, ,0, , , ,0, , , , , ,13651, , , ,1,0,0,0,0,0,0,1,0,0,0,1,1,0,0,0,0,0,0,0,0,0,1,0,0,0,0,0,0,0,0,0,1,0,0,4,0,40.0304,-75.0613, ,Philadelphia
 ,1101,2017035633,6,67,67301,2017,3,6,2147,21,3,1,0,5,1, , ,N,1,2,0,3,0,1,4,2,N, ,39 56:23.027,75 13:31.850,2208, ,2149, ,0, , , ,3, , , , , ,13689, , , ,2,1,0,0,0,0,0,1,0,0,0,1,1,0,0,0,0,0,0,0,0,0,0,0,0,0,0,0,0,0,0,0,0,0,0,4,0,39.9397,-75.2255, ,Philadelphia
 ,1102,2017035530,6,67,67301,2017,4,7,50,0,3,2,7,5,1, , ,N,0,0,0,3,0,0,2,2,N,N,39 59:35.076,75 12:01.571,100, ,50,2,2,3, , ,0,Y, , , , ,13706, , , ,2,1,0,0,0,0,1,0,0,0,0,0,0,0,0,0,0,0,0,0,1,0,0,0,0,0,0,0,0,0,0,0,0,0,0,0,0,39.993,-75.2006, ,Philadelphia
 ,1103,2017058238,6,67,67301,2017,5,2,1250,12,1,1,0,5,6, , ,N,0,0,0,3,0,1,1,4,N,N,39 54:52.080,75 14:13.348,1310, ,1255,2,2,5, , ,0,Y, , , , ,13721, , , ,4,0,0,0,0,0,4,0,0,0,0,0,1,1,0,0,0,0,0,0,0,0,0,0,0,0,0,0,0,0,0,0,0,0,0,8,0,39.9145,-75.237, ,Philadelphia
 ,1104,2017013984,6,67,67301,2017,1,2,1445,14,1,1,0,5,1, , ,N,3,0,0,3,0,4,5,2,N,N,40 01:14.866,75 08:29.617,1520, ,1454, ,0, ,N, ,0, , , , , ,13736, , , ,2,1,0,0,0,0,1,0,0,0,0,4,4,0,0,0,0,0,0,0,0,0,0,1,0,0,0,0,0,0,0,0,0,0,0,4,0,40.0208,-75.1415, ,Philadelphia
 ,1105,2017035793,6,67,67301,2017,3,1,2020,20,3,1,0,4,1, , ,N,1,2,0,3,0,1,6,2,N,N,39 58:22.319,75 10:13.214,2022, ,2021, ,0, ,N, ,3, , , , , ,13742, , , ,2,1,0,0,1,0,0,0,0,0,0,0,1,1,0,0,0,0,0,0,0,0,0,1,0,0,0,0,0,0,0,0,0,0,0,8,0,39.9729,-75.1703, ,Philadelphia
 ,1106,2017043774,6,67,67301,2017,4,1,2210,22,3,1,0,8,1, , ,N,1,2,0,3,0,2,3,3,N, ,40 00:27.617,75 08:19.804,2257, ,2255,9,2,6, , ,3,N, , , , ,13802, , , ,1,1,0,0,0,0,0,0,0,1,1,0,2,0,1,0,0,0,0,0,0,0,0,0,0,0,0,0,0,0,0,0,2,0,1,2,0,40.0077,-75.1388, ,Philadelphia
 ,1107,2017033033,6,67,67301,2017,3,4,1800,18,1,1,0,8,1, , ,N,1,2,0,3,0,1,2,2,N,N,40 01:41.707,75 05:05.272,1800, ,1800, ,0, , , ,3, , , , , ,13830, , , ,1,0,0,0,0,0,0,1,0,0,0,0,1,1,0,0,0,0,0,0,0,0,0,0,0,0,0,0,0,0,0,0,1,0,0,8,0,40.0283,-75.0848, ,Philadelphia
 ,1108,2017067728,6,67,67301,2017,5,7,2125,21,6,1,0,8,1, , ,N,0,0,0,3,0,1,4,2,N,N,40 02:02.446,75 05:24.381,2133, ,2130, ,0, ,N, ,0, , , , , ,13861, , , ,1,0,0,0,0,0,0,1,0,0,0,1,1,0,0,0,0,0,0,0,0,0,0,0,0,0,0,0,0,0,0,0,1,0,0,4,0,40.034,-75.0901, ,Philadelphia
 ,1109,2017009583,6,67,67301,2017,1,1,1343,13,1,1,0,4,1, , ,N,1,2,0,3,0,1,3,2,N,N,40 04:51.077,75 01:43.585,1349, ,1347,1,1,2,N, ,3,N, , , , ,13874, , , ,2,2,0,0,0,0,0,0,0,0,1,0,1,0,0,0,0,0,0,0,0,0,0,0,0,0,0,0,0,0,0,0,0,0,0,3,0,40.0808,-75.0286, ,Philadelphia
 ,1110,2017035527,6,67,67301,2017,4,7,0,0,3,2,7,0,1, , ,N,0,0,2,3,0,1,1,1,N,N,39 57:34.515,75 10:41.759,0, ,0, ,0, , , ,0, , , , , ,13880, , , ,1,0,1,0,0,0,0,0,0,0,0,1,1,0,0,0,0,0,0,0,0,0,0,0,0,0,0,0,0,0,0,0,0,0,0,4,0,39.9596,-75.1783, ,Philadelphia
 ,1111,2017037433,6,67,67301,2017,3,3,2002,20,3,1,0,6,1, , ,N,0,0,0,3,0,0,2,2,N,N,40 02:35.916,75 01:22.326,2016, ,2004,2,1,1,N, ,0,Y, , , , ,13892, , , ,2,2,0,0,0,0,0,0,0,0,0,0,0,0,0,0,0,0,0,0,0,0,0,1,0,0,0,0,0,0,0,0,0,0,0,0,0,40.0433,-75.0229, ,Philadelphia
 ,1112,2017033080,6,67,67301,2017,2,2,1311,13,1,1,0,1,6, , ,N,0,0,0,3,0,1,1,2,N, ,39 59:36.996,75 06:45.655,1327, ,1316, ,0, , , ,0, , , , , ,13894, , , ,2,1,0,0,0,0,1,0,0,0,0,1,1,0,0,0,0,0,0,0,0,0,0,0,0,0,0,0,0,0,0,0,0,0,0,4,0,39.9936,-75.1127, ,Philadelphia
 ,1113,2017068355,6,67,67301,2017,6,5,1042,10,1,1,0,5,1, , ,N,0,0,0,3,0,2,3,2,N,N,40 00:32.473,75 04:06.611,1109, ,1042, ,0, , , ,0, , , , , ,13912, , , ,2,1,0,0,0,0,1,0,0,0,0,2,2,0,0,0,0,0,0,0,0,0,0,0,0,0,0,0,0,0,0,0,0,0,0,4,0,40.009,-75.0685, ,Philadelphia
 ,1114,2017037508,6,67,67301,2017,3,6,925,9,1,1,0,4,1, , ,N,1,2,0,3,0,0,4,2,N,N,40 02:06.512,75 06:29.945,940, ,927,9,1,1,N, ,3,N, , , , ,13930, , , ,2,0,0,0,0,0,1,1,0,0,0,0,0,0,0,0,0,0,0,0,0,0,0,0,0,0,0,0,0,0,0,0,0,0,0,0,0,40.0353,-75.1085, ,Philadelphia
 ,1115,2017047890,6,67,67301,2017,5,4,1227,12,1,1,0,2,1, , ,N,0,0,0,3,0,1,3,2,N,N,39 57:07.790,75 11:32.276,1231, ,1229, ,0, ,N, ,0, , , , , ,13949, , , ,1,0,0,0,0,0,1,0,1,1,0,0,1,0,0,0,0,0,0,0,0,0,0,1,0,0,0,0,0,0,0,1,0,0,0,2,0,39.9522,-75.1923, ,Philadelphia
 ,1116,2017053345,6,67,67301,2017,5,6,1121,11,1,2,7,7,4, , ,N,0,0,0,3,0,0,1,1,N,N,40 00:31.970,75 04:06.649,1145, ,1121, ,0, , , ,0, , , , , ,13950, , , ,1,0,0,0,0,1,0,0,0,0,0,0,0,0,0,0,0,0,0,0,0,0,0,0,0,0,0,0,0,0,0,0,0,0,0,0,1,40.0089,-75.0685, ,Philadelphia
 ,1117,2017012480,6,67,67301,2017,1,2,632,6,3,1,0,1,1, , ,N,0,0,0,3,0,0,2,2,N,N,39 58:36.293,75 11:51.328,632, ,632, ,0, , , ,0, , , , , ,13964, , , ,2,0,0,0,1,0,1,0,0,0,0,0,0,0,0,0,0,0,0,0,0,0,0,0,0,0,0,0,0,0,0,0,0,0,0,0,0,39.9767,-75.1976, ,Philadelphia
 ,1118,2017020797,6,46,46105,2017,2,3,1926,19,3,1,0,1,1, , ,N,2,2,0,3,0,0,2,2,N,N,40 06:31.161,75 03:15.325,1931, ,1926,2,1,4, , ,3,N, , , , ,13974, , , ,2,2,0,0,0,0,0,0,0,0,0,0,0,0,1,0,0,0,0,0,0,0,0,0,0,0,0,0,0,0,0,0,0,0,0,9,0,40.1087,-75.0543, ,Montgomery
 ,1119,2017043827,6,67,67301,2017,4,6,1100,11,1,2,1,4,1, , ,N,1,2,0,3,0,1,3,2,N, ,39 57:48.108,75 11:14.703,1109, ,1106, ,0, , , ,3, , , , , ,13987, , , ,2,1,0,0,0,0,1,0,0,0,0,1,1,0,0,0,0,0,1,0,0,0,0,0,0,0,0,0,0,0,0,0,0,0,0,4,0,39.9634,-75.1875, ,Philadelphia
 ,1120,2017041296,6,67,67301,2017,4,2,1218,12,1,1,0,5,6, , ,N,0,0,0,3,0,0,1,3,N,N,39 55:23.664,75 13:21.273,1248, ,1218,2,1,3,N, ,0,N, , , , ,14026, , , ,3,2,0,0,0,0,0,1,0,0,0,0,0,0,0,0,0,0,0,0,0,1,0,0,0,0,0,0,0,0,0,0,0,0,0,0,0,39.9232,-75.2226, ,Philadelphia
 ,1121,2017035704,6,67,67301,2017,3,1,1555,15,1,1,0,4,1, , ,N,1,2,0,3,0,0,2,4,N, ,39 57:13.579,75 13:41.545,1557, ,1555, ,0, , , ,3, , , , , ,14037, , , ,4,2,0,0,0,0,2,0,0,0,0,0,0,0,2,0,0,0,0,0,1,1,0,0,0,0,0,0,0,0,0,0,0,0,0,9,0,39.9538,-75.2282, ,Philadelphia
 ,1122,2017052272,6,67,67301,2017,4,2,1610,16,1,1,0,8,1, , ,N,1,2,0,3,0,1,2,2,N,N,39 58:59.553,75 09:24.974,1632, ,1631, ,0, , , ,3, , , , , ,14041, , , ,1,1,0,0,0,0,0,0,0,0,0,0,1,1,0,0,0,0,0,0,0,0,0,0,0,0,0,0,0,0,0,0,1,0,0,8,0,39.9832,-75.1568, ,Philadelphia
 ,1123,2017052130,6,67,67301,2017,4,3,813,8,1,1,0,1,1, , ,N,0,2,0,3,0,0,4,4,N,N,40 00:30.805,75 11:36.278,820, ,813,2,1,1,N, ,3,Y, , , , ,14043, , , ,4,2,0,1,0,1,0,0,0,0,0,0,0,0,0,0,0,0,0,0,1,0,0,0,0,0,0,0,0,0,0,0,0,0,0,0,2,40.0086,-75.1934, ,Philadelphia
 ,1124,2017052400,6,67,67301,2017,4,7,1035,10,1,1,0,4,1, , ,N,1,2,0,3,0,1,2,2,N,N,40 03:44.832,74 59:13.249,1038, ,1038,3,1,1,N, ,3,N, , , , ,14046, , , ,2,0,1,0,0,0,1,0,0,1,0,0,1,0,0,0,0,0,0,0,1,0,0,0,0,0,0,0,0,1,0,0,0,0,0,2,0,40.0625,-74.987, ,Philadelphia
 ,1125,2017019066,6,67,67301,2017,1,2,1330,13,1,1,0,1,1, , ,N,1,2,0,3,0,0,2,2,N,N,40 02:40.301,75 11:35.235,1557, ,1541,3,1,2,N, ,3,N, , , , ,14065, , , ,2,2,0,0,0,0,0,0,0,0,0,0,0,0,0,0,0,0,0,0,0,0,0,0,0,0,0,0,0,0,0,0,0,0,0,0,0,40.0445,-75.1931, ,Philadelphia
 ,1126,2017045470,6,67,67301,2017,4,6,811,8,1,1,0,1,1, , ,N,6,0,0,3,0,0,2,2,N,N,39 57:59.464,75 11:14.628,811, ,811, ,0, , , ,0, , , , , ,14083, , , ,2,0,0,0,0,0,2,0,0,0,0,0,0,0,1,0,0,0,0,0,0,0,0,0,0,0,0,0,0,0,0,0,0,0,0,9,0,39.9665,-75.1874, ,Philadelphia
 ,1127,2017037519,6,67,67301,2017,3,5,1312,13,1,1,0,1,1, , ,N,0,0,0,3,0,1,2,2,N, ,39 55:02.828,75 10:35.854,1313, ,1312, ,0, , , ,0, , , , , ,14085, , , ,2,0,0,0,0,0,1,1,0,0,0,1,1,0,0,0,0,0,0,0,0,1,0,0,0,0,0,0,0,0,0,0,0,0,0,4,0,39.9175,-75.1766, ,Philadelphia
 ,1128,2017067768,6,67,67301,2017,5,6,1055,10,1,1,0,1,1, , ,N,3,3,0,3,0,2,3,2,N,N,39 54:26.287,75 11:16.317,1059, ,1057, ,0, ,N, ,3, , , , , ,14109, , , ,2,0,0,0,0,0,2,0,0,0,0,0,2,2,0,0,0,0,0,0,1,0,0,3,0,0,0,0,0,0,0,0,0,0,0,8,0,39.9073,-75.1879, ,Philadelphia
 ,1129,2017021499,6,67,67301,2017,2,4,1330,13,1,1,0,7,4, , ,N,0,0,0,3,0,1,1,1,N,N,40 02:23.875,75 12:49.895,1337, ,1335, ,0, ,N, ,0, , , , , ,14121, , , ,1,1,0,0,0,0,0,0,0,0,0,1,1,0,0,0,0,0,0,0,1,0,0,0,0,0,0,0,0,0,0,0,0,0,0,4,0,40.04,-75.2139, ,Philadelphia
 ,1130,2017019037,6,67,67301,2017,1,4,1619,16,1,1,0,8,1, , ,N,1,2,0,3,0,1,2,2,N,N,39 56:46.716,75 09:34.207,1640, ,1635, ,0, ,N, ,3, , , , , ,14127, , , ,1,1,0,0,0,0,0,0,0,0,0,0,1,1,0,0,0,0,0,0,0,1,0,1,0,0,0,0,0,0,0,0,1,0,0,8,0,39.9463,-75.1595, ,Philadelphia
 ,1131,2017013178,6,67,67301,2017,1,2,750,7,1,7,1,2,1, , ,N,0,0,0,3,0,3,3,2,N, ,39 59:42.771,75 11:30.646,800, ,755,1,2,5,N, ,0,N, , , , ,14128, , , ,2,1,0,0,0,0,0,1,0,0,3,0,3,0,0,0,0,0,0,0,0,0,0,0,0,0,0,0,0,0,0,0,0,0,0,3,0,39.9952,-75.1918, ,Philadelphia
 ,1132,2017037538,6,67,67301,2017,3,6,240,2,3,1,0,4,1, , ,N,1,2,0,3,0,2,2,2,N,N,39 56:30.713,75 13:31.922,242, ,242, ,0, ,N, ,3, , , , , ,14132, , , ,2,1,0,0,0,0,1,0,0,0,0,0,2,2,0,0,0,0,0,0,0,0,0,0,0,0,0,0,0,0,0,0,0,0,0,8,0,39.9419,-75.2255, ,Philadelphia
 ,1133,2017005910,6,67,67301,2017,1,3,55,0,3,5,1,5,1, , ,N,0,0,0,3,0,1,2,2,N,N,39 57:36.382,75 10:47.033,111, ,108,1,1,4, , ,0,N, , , , ,14163, , , ,2,2,0,0,0,0,0,0,0,0,0,0,1,1,0,0,0,1,0,0,0,0,0,0,0,0,0,0,0,0,0,0,0,0,0,8,0,39.9601,-75.1797, ,Philadelphia
 ,1134,2017010666,6,67,67301,2017,1,3,832,8,1,1,0,8,1, , ,N,1,2,0,3,0,1,2,2,N, ,39 58:12.616,75 09:34.731,835, ,833,1,2,1, , ,3,Y, , , , ,14168, , , ,1,0,0,0,0,0,1,0,0,0,0,0,1,1,0,0,0,0,0,0,1,0,0,0,0,0,0,0,0,0,0,0,1,0,0,8,0,39.9702,-75.1596, ,Philadelphia
 ,1135,2017007785,6,67,67301,2017,1,2,2305,23,3,2,1,5,6, , ,N,0,0,0,3,0,0,1,3,N,N,39 56:30.910,75 10:29.840,2326, ,2314, ,0, ,N, ,0, , , , , ,12673, , , ,3,2,0,0,0,0,1,0,0,0,0,0,0,0,0,0,0,0,0,0,0,0,0,0,0,0,0,0,0,0,0,0,0,0,0,0,0,39.9419,-75.175, ,Philadelphia
 ,1136,2017039091,6,67,67301,2017,4,7,1650,16,1,1,0,1,1, , ,N,7,0,0,3,0,1,7,2,N,N,39 56:42.770,75 08:33.662,1709, ,1652, ,0, , , ,0, , , , , ,12690, , , ,2,2,0,0,0,0,0,0,0,0,0,1,1,0,0,0,0,0,0,0,0,0,0,1,0,0,0,0,0,0,0,0,0,0,0,4,0,39.9408,-75.1435, ,Philadelphia
 ,1137,2017033560,6,67,67301,2017,2,3,1229,12,1,1,0,1,1, , ,N,1,2,0,3,0,0,6,2,N,N,40 01:31.355,75 04:23.942,1229, ,1229, ,0, ,N, ,3, , , , , ,12697, , , ,2,0,0,1,0,0,0,1,0,0,0,0,0,0,0,0,0,0,0,0,0,0,0,0,0,0,0,0,0,0,0,0,0,0,0,0,1,40.0254,-75.0733, ,Philadelphia
 ,1138,2017041271,6,67,67301,2017,4,6,1725,17,1,1,0,4,1, , ,N,1,2,0,3,0,4,4,3,N, ,39 58:47.465,75 08:34.342,1731, ,1729,2,2,1,N, ,3,Y, , , , ,12719, , , ,3,1,0,1,0,0,1,0,0,0,0,0,4,4,0,0,0,0,0,0,0,1,0,1,0,0,0,0,0,0,0,0,0,0,0,8,1,39.9799,-75.1429, ,Philadelphia
 ,1139,2017043819,6,67,67301,2017,4,4,1205,12,1,1,0,8,1, , ,N,1,2,0,3,0,1,2,2,N,N,39 57:14.937,75 09:39.750,1215, ,1210, ,0, , , ,3, , , , , ,12722, , , ,1,1,0,0,0,0,0,0,0,0,0,1,1,0,0,0,0,0,0,0,1,0,0,0,0,0,0,0,0,0,0,0,1,0,0,4,0,39.9541,-75.161, ,Philadelphia
 ,1140,2017033146,6,67,67301,2017,2,3,1730,17,3,1,0,4,1, , ,N,1,3,0,3,0,5,7,2,N,N,40 02:14.229,75 05:01.571,1758, ,1754, ,0, ,N, ,3, , , , , ,12729, , , ,2,0,0,0,0,0,1,1,0,0,2,1,5,2,0,0,0,0,0,0,0,0,0,0,0,0,0,0,0,0,0,0,0,0,0,3,0,40.0373,-75.0838, ,Philadelphia
 ,1141,2017055491,6,67,67301,2017,4,6,1620,16,1,1,0,8,1, , ,N,5,2,0,3,0,1,2,2,N,N,39 59:16.496,75 10:56.062,1625, ,1624, ,0, ,N, ,3, , , , , ,12738, , , ,1,1,0,0,0,0,0,0,0,0,0,0,1,1,0,0,0,0,0,0,0,0,1,0,0,0,0,0,0,0,0,0,1,0,0,8,0,39.9879,-75.1822, ,Philadelphia
 ,1142,2017052449,6,67,67301,2017,4,5,106,1,3,1,0,5,6, , ,N,0,0,0,3,0,1,1,7,N, ,40 00:54.330,75 08:08.025,115, ,106,5,2,6, , ,0,N, , , , ,12740, , , ,7,4,0,0,1,0,1,1,0,0,0,1,1,0,0,0,0,0,0,0,0,0,0,0,0,0,0,0,0,0,0,0,0,0,0,4,0,40.0151,-75.1356, ,Philadelphia
 ,1143,2017053755,6,67,67301,2017,5,1,1038,10,1,1,0,1,1, , ,N,0,0,0,3,0,0,4,2,N,N,40 00:04.562,75 11:41.927,1106, ,1040,1,1,3, , ,0,N, , , , ,12746, , , ,2,1,0,0,1,0,0,0,0,0,0,0,0,0,0,0,0,0,0,0,0,0,0,0,0,0,0,0,0,0,0,0,0,0,0,0,0,40.0013,-75.195, ,Philadelphia
 ,1144,2017045157,6,67,67301,2017,4,5,2200,22,3,9,0,8,1, , ,N,1,2,0,3,0,1,1,2,N,N,39 57:14.855,75 12:09.299,2002, ,2002, ,0, ,N, ,3, , , , , ,12748, , , ,1,1,0,0,0,0,0,0,0,0,0,1,1,0,0,0,0,0,0,0,0,0,0,0,0,0,0,0,0,0,0,0,1,0,0,4,0,39.9541,-75.2025, ,Philadelphia
 ,1145,2017018551,6,67,67301,2017,1,1,1630,16,1,1,0,4,1, , ,N,1,3,0,3,0,0,2,3,N,N,39 57:52.743,75 14:12.638,1657, ,1657,1,1,4,N, ,3,Y, , , , ,12766, , , ,3,2,0,0,0,0,1,0,0,0,0,0,0,0,0,0,0,0,0,0,0,0,0,0,0,0,0,0,0,0,0,0,0,0,0,0,0,39.9647,-75.2368, ,Philadelphia
 ,1146,2017007866,6,67,67301,2017,1,4,2250,22,3,1,0,4,1, , ,N,1,3,0,3,0,1,3,2,N,N,39 58:33.471,75 12:23.530,2328, ,2323, ,0, ,N, ,3, , , , , ,12768, , , ,2,1,0,0,1,0,0,0,0,0,0,1,1,0,0,0,0,0,0,0,1,0,0,0,0,0,0,0,0,0,0,0,0,0,0,4,0,39.976,-75.2065, ,Philadelphia
 ,1147,2017025251,6,67,67301,2017,3,6,658,6,1,1,0,1,1, , ,N,0,0,0,3,0,1,2,2,N,N,39 58:47.245,75 12:17.098,718, ,718, ,0, , , ,0, , , , , ,12770, , , ,2,1,0,0,0,0,1,0,0,0,1,0,1,0,0,0,0,0,0,0,0,0,0,0,0,0,0,0,0,0,0,0,0,0,0,3,0,39.9798,-75.2047, ,Philadelphia
 ,1148,2017019122,6,67,67301,2017,1,7,2156,21,3,1,0,4,1, , ,N,1,3,0,3,0,1,3,2,N, ,39 59:05.614,75 09:47.123,2158, ,2156, ,0, , , ,3, , , , , ,12773, , , ,2,2,0,0,0,0,0,0,0,0,1,0,1,0,0,0,0,0,0,0,0,0,0,0,0,0,0,0,0,0,0,0,0,0,0,3,0,39.9849,-75.1631, ,Philadelphia
 ,1149,2017021533,6,67,67301,2017,2,5,1803,18,3,2,0,4,1, , ,N,1,3,0,3,0,1,2,2,N, ,39 56:50.773,75 13:13.519,1810, ,1809, ,0, , , ,3, , , , , ,12810, , , ,1,1,0,0,0,0,0,0,1,0,0,1,1,0,0,0,0,0,0,0,0,0,1,1,0,0,0,0,0,0,0,0,0,0,0,4,0,39.9474,-75.2204, ,Philadelphia
 ,1150,2017037537,6,67,67301,2017,3,5,2245,22,3,1,0,8,1, , ,N,1,2,0,3,0,1,2,2,N,N,39 59:38.150,75 09:16.063,2249, ,2245,1,2,2,N, ,3,Y, , , , ,12825, , , ,1,1,0,0,0,0,0,0,0,0,0,0,1,1,0,0,0,0,0,0,0,0,0,0,0,0,0,0,0,0,0,0,1,0,0,8,0,39.9939,-75.1545, ,Philadelphia
 ,1151,2017021646,6,67,67301,2017,2,6,1237,12,1,1,0,5,4, , ,N,0,0,0,3,0,0,3,2,N, ,39 58:38.700,75 12:22.600,1242, ,1237, ,0, , , ,0, , , , , ,12830, , , ,2,1,0,0,0,0,0,1,0,0,0,0,0,0,1,0,0,0,0,0,0,0,0,0,0,0,0,0,0,0,0,0,0,0,0,9,0,39.9774,-75.2063, ,Philadelphia
 ,1152,2017041136,6,67,67301,2017,4,3,1824,18,4,1,0,8,1, , ,N,0,0,0,3,0,1,2,2,N,N,39 56:40.462,75 14:46.856,1835, ,1829, ,0, ,N, ,0, , , , , ,12835, , , ,1,1,0,0,0,0,0,0,0,0,0,0,1,1,1,0,0,0,0,0,0,0,0,0,0,0,0,0,0,0,0,0,1,0,0,8,0,39.9446,-75.2463, ,Philadelphia
 ,1153,2017019106,6,67,67301,2017,1,4,2030,20,3,1,0,1,1, , ,N,0,0,0,3,0,1,2,2,N,N,39 59:10.948,75 10:52.849,1254, ,1249, ,0, ,N, ,0, , , , , ,12861, , , ,1,1,0,0,0,0,0,0,1,0,0,1,1,0,0,0,0,0,0,0,0,0,0,1,0,0,0,0,0,0,0,0,0,0,0,4,0,39.9864,-75.1813, ,Philadelphia
 ,1154,2017010638,6,67,67301,2017,1,1,9999,99,1,1,6,1,1, , ,N,1,2,0,3,0,1,2,2,N,N,40 01:13.580,75 11:32.806,909, ,908, ,0, ,N, ,3, , , , , ,12863, , , ,2,2,0,0,0,0,0,0,0,0,0,0,1,1,0,0,0,0,0,0,0,0,0,0,0,0,0,0,0,0,0,0,0,0,0,8,0,40.0205,-75.1924, ,Philadelphia
 ,1155,2017035592,6,67,67301,2017,3,6,130,1,3,1,0,4,1, , ,N,1,2,0,3,0,0,2,3,N,N,39 58:09.130,75 09:42.022,132, ,130, ,0, ,N, ,3, , , , , ,12867, , , ,3,2,0,0,0,0,0,1,0,0,0,0,0,0,0,0,0,0,0,0,0,0,0,0,0,0,0,0,0,0,0,0,0,0,0,0,0,39.9692,-75.1617, ,Philadelphia
 ,1156,2017055607,6,67,67301,2017,5,6,1530,15,1,1,1,4,1, , ,N,2,3,0,3,0,1,2,2,N, ,40 02:31.754,75 07:50.235,1620, ,1620, ,0, , , ,3, , , , , ,12883, , , ,1,1,0,0,0,0,0,0,1,0,0,1,1,0,0,0,0,0,0,0,0,0,0,0,0,0,0,0,0,0,0,0,0,0,0,4,0,40.0422,-75.1306, ,Philadelphia