wz_ln_closure,objectid_1,crn,district,county,municipality,crash_year,crash_month,day_of_week,time_of_day,hour_of_day,illumination,weather,road_condition,collision_type,relation_to_road,work_zone_type,work_zone_loc,work_zone_ind,intersect_type,tcd_type,location_type,urban_rural,fatal_count,injury_count,person_count,total_units,sch_bus_ind,sch_zone_ind,latitude,longitude,arrival_tm,cons_zone_spd_lim,dispatch_tm,est_hrs_closed,lane_closed,ln_close_dir,ntfy_hiwy_maint,spec_juris_cd,tcd_func_cd,tfc_detour_ind,workers_pres,wz_close_detour,wz_flagger,wz_law_offcr_ind,objectid,wz_moving,wz_other,wz_shlder_mdn,vehicle_count,automobile_count,motorcycle_count,bus_count,small_truck_count,heavy_truck_count,suv_count,van_count,bicycle_count,maj_inj_count,mod_inj_count,min_inj_count,tot_inj_count,unk_inj_deg_count,unk_inj_per_count,driver_count_16yr,driver_count_17yr,driver_count_18yr,driver_count_19yr,driver_count_20yr,driver_count_50_64yr,driver_count_65_74yr,driver_count_75plus,unbelted_occ_count,unb_death_count,unb_maj_inj_count,belted_death_count,belted_maj_inj_count,mcycle_death_count,mcycle_maj_inj_count,bicycle_death_count,bicycle_maj_inj_count,ped_count,ped_death_count,ped_maj_inj_count,max_severity_level,comm_veh_count,dec_lat,dec_long,rdwy_surf_type_cd,county_name
 ,1221,2017033502,6,67,67301,2017,3,4,1034,10,1,1,1,4,6, , ,N,0,0,0,3,0,0,1,2,N, ,39 54:25.858,75 09:13.554,1041, ,1036, ,0, , , ,0, , , , , ,15875, , , ,2,0,0,0,0,0,2,0,0,0,0,0,0,0,0,0,0,0,0,0,0,0,0,0,0,0,0,0,0,0,0,0,0,0,0,0,0,39.9072,-75.1538, ,Philadelphia
 ,1222,2017051786,6,67,67301,2017,5,6,1522,15,1,1,0,5,1, , ,N,0,0,0,3,0,0,2,2,N,N,40 01:08.796,75 02:46.366,1537, ,1524,2,2,2, , ,0,N, , , , ,15882, , , ,2,1,0,0,0,1,0,0,0,0,0,0,0,0,0,0,0,1,0,0,0,0,0,0,0,0,0,0,0,0,0,0,0,0,0,0,1,40.0191,-75.0462, ,Philadelphia
 ,1223,2017010589,6,67,67301,2017,1,3,705,7,1,4,1,4,1, , ,N,1,2,0,3,0,3,3,2,N,N,40 00:47.439,75 04:13.514,727, ,716, ,0, , , ,3, , , , , ,15905, , , ,2,2,0,0,0,0,0,0,0,0,0,0,3,3,0,0,0,0,0,0,0,0,0,1,0,0,0,0,0,0,0,0,0,0,0,8,0,40.0132,-75.0704, ,Philadelphia
 ,1224,2017052171,6,67,67301,2017,4,6,900,9,1,1,0,4,1, , ,N,0,0,7,3,0,0,3,2,N, ,40 04:58.033,75 02:16.189,910, ,905,1,1,4, , ,0,N, , , , ,15933, , , ,2,2,0,0,0,0,0,0,0,0,0,0,0,0,0,0,0,0,0,0,0,1,1,0,0,0,0,0,0,0,0,0,0,0,0,0,0,40.0825,-75.0377, ,Philadelphia
 ,1225,2017018553,6,67,67301,2017,2,1,139,1,3,1,0,1,6, , ,N,0,0,0,3,0,1,1,3,N,N,40 05:43.598,75 02:15.018,154, ,148, ,0, ,N, ,0, , , , , ,15354, , , ,3,1,0,0,0,0,2,0,0,0,0,1,1,0,0,0,0,0,0,0,0,0,0,0,0,0,0,0,0,0,0,0,0,0,0,4,0,40.0954,-75.0375, ,Philadelphia
 ,1226,2017060493,6,67,67301,2017,5,3,1615,16,1,1,0,4,1, , ,N,1,2,0,3,0,1,2,2,N, ,39 58:15.113,75 14:57.159,1630, ,1625,1,1,2,N, ,3,Y, , , , ,15370, , , ,2,0,0,0,0,0,2,0,0,0,0,0,1,1,0,0,0,0,0,0,1,0,0,0,0,0,0,0,0,0,0,0,0,0,0,8,0,39.9709,-75.2492, ,Philadelphia
 ,1227,2017016611,6,67,67301,2017,2,4,2157,21,3,1,0,1,1, , ,N,0,0,0,3,0,0,3,2,N,N,39 57:49.822,75 11:03.217,2209, ,2159, ,0, , , ,0, , , , , ,15376, , , ,2,1,0,0,0,0,1,0,0,0,0,0,0,0,0,0,0,0,0,0,0,0,0,0,0,0,0,0,0,0,0,0,0,0,0,0,0,39.9638,-75.1842, ,Philadelphia
 ,1228,2017013952,6,67,67301,2017,1,1,1423,14,1,2,1,7,4, , ,N,0,0,0,3,0,1,1,1,N,N,40 01:57.150,75 01:10.261,1503, ,1450, ,0, ,N, ,0, , , , , ,15378, , , ,1,1,0,0,0,0,0,0,0,0,0,1,1,0,0,0,0,0,0,0,1,0,0,0,0,0,0,0,0,0,0,0,0,0,0,4,0,40.0325,-75.0195, ,Philadelphia
 ,1229,2017013928,6,67,67301,2017,1,4,1925,19,3,2,1,7,3, , ,N,0,4,6,3,0,1,1,2,N,N,40 03:02.424,75 03:03.355,1940, ,1930,2,1,1, , ,3,N, , , , ,15380, , , ,1,1,0,0,0,0,0,0,0,0,0,1,1,0,0,0,0,0,0,0,0,0,0,0,0,0,0,0,0,0,0,0,0,0,0,4,0,40.0506,-75.0509, ,Philadelphia
 ,1230,2017019159,6,67,67301,2017,1,1,1501,15,1,1,0,5,6, , ,N,0,0,0,3,0,1,1,3,N,N,39 55:11.280,75 09:16.131,1515, ,1511, ,0, ,N, ,0, , , , , ,15390, , , ,3,3,0,0,0,0,0,0,0,0,0,1,1,0,0,0,0,0,0,0,0,1,0,0,0,0,0,0,0,0,0,0,0,0,0,4,0,39.9198,-75.1545, ,Philadelphia
 ,1231,2017028964,6,67,67301,2017,2,4,730,7,1,1,0,4,1, , ,N,1,3,0,3,0,0,2,2,N,N,39 58:09.900,75 09:47.600,745, ,736, ,0, ,N, ,3, , , , , ,15394, , , ,2,2,0,0,0,0,0,0,0,0,0,0,0,0,0,0,0,0,0,0,0,0,0,0,0,0,0,0,0,0,0,0,0,0,0,0,0,39.9694,-75.1632, ,Philadelphia
 ,1232,2017052249,6,67,67301,2017,4,3,1955,19,3,2,1,7,4, , ,N,0,0,0,3,0,0,1,1,N,N,40 07:54.302,75 00:46.707,2010, ,1958, ,0, , , ,0, , , , , ,15405, , , ,1,1,0,0,0,0,0,0,0,0,0,0,0,0,0,0,0,0,0,0,0,0,0,0,0,0,0,0,0,0,0,0,0,0,0,0,0,40.1318,-75.013, ,Philadelphia
 ,1233,2017060734,6,67,67301,2017,5,6,1645,16,1,1,0,1,1, , ,N,0,0,7,3,0,1,2,2,N,N,40 00:43.300,75 03:33.070,1739, ,1728, ,0, ,N, ,0, , , , , ,15413, , , ,2,0,1,0,0,1,0,0,0,1,0,0,1,0,0,0,0,0,0,0,1,0,0,0,0,0,0,0,0,1,0,0,0,0,0,2,1,40.012,-75.0592, ,Philadelphia
 ,1234,2017013937,6,67,67301,2017,1,2,2310,23,3,1,0,4,1, , ,N,2,3,0,3,0,1,2,2,N,N,39 56:46.665,75 09:10.832,2316, ,2314, ,0, ,N, ,3, , , , , ,15428, , , ,2,2,0,0,0,0,0,0,0,0,0,1,1,0,0,0,0,0,0,0,0,0,0,0,0,0,0,0,0,0,0,0,0,0,0,4,0,39.9463,-75.153, ,Philadelphia
 ,1235,2017010573,6,67,67301,2017,1,3,542,5,3,1,0,4,1, , ,N,2,2,0,3,0,2,2,2,N,N,39 57:34.816,75 14:50.653,550, ,547, ,0, ,N, ,3, , , , , ,15441, , , ,2,1,0,0,0,0,1,0,0,0,0,0,2,2,0,0,0,0,0,0,1,0,0,0,0,0,0,0,0,0,0,0,0,0,0,8,0,39.9597,-75.2474, ,Philadelphia
 ,1236,2017033556,6,67,67301,2017,2,3,1620,16,1,1,0,8,1, , ,N,1,3,0,3,0,1,2,2,N, ,40 03:32.450,75 10:44.147,1634, ,1630, ,0, , , ,3, , , , , ,15444, , , ,1,0,0,0,0,0,1,0,0,0,0,0,1,1,0,0,0,0,0,0,1,0,0,0,0,0,0,0,0,0,0,0,1,0,0,8,0,40.059,-75.1789, ,Philadelphia
 ,1237,2017043869,6,67,67301,2017,4,5,1055,10,1,1,0,4,1, , ,N,2,3,0,3,0,2,2,2,N,N,40 04:57.115,74 59:13.376,1100, ,1057,1,1,3,N, ,3,N, , , , ,15453, , , ,2,2,0,0,0,0,0,0,0,0,0,2,2,0,0,0,0,0,0,0,0,0,1,0,0,0,0,0,0,0,0,0,0,0,0,4,0,40.0825,-74.987, ,Philadelphia
 ,1238,2017028954,6,67,67301,2017,2,4,1745,17,4,1,0,5,1, , ,N,0,0,0,3,0,1,6,6,N,N,40 00:32.994,75 04:01.002,1815, ,1800, ,0, ,N, ,0, , , , , ,15461, , , ,6,2,0,0,0,0,3,1,0,0,0,1,1,0,0,0,0,0,0,0,2,0,0,0,0,0,0,0,0,0,0,0,0,0,0,4,0,40.0092,-75.0669, ,Philadelphia
 ,1239,2017052126,6,67,67301,2017,4,4,1750,17,1,1,0,1,1, , ,N,2,2,0,3,0,1,2,2,N, ,39 59:59.343,75 13:10.070,1805, ,1751,1,1,7, , ,3,N, , , , ,15496, , , ,2,1,0,0,0,0,1,0,0,0,0,1,1,0,1,0,0,0,0,0,0,0,0,0,0,0,0,0,0,0,0,0,0,0,0,4,0,39.9998,-75.2195, ,Philadelphia
 ,1240,2017055697,6,67,67301,2017,5,5,125,1,3,1,0,4,1, , ,N,1,2,0,3,0,2,2,2,N,N,39 59:40.391,75 09:33.775,142, ,141,9,1,3, , ,3,N, , , , ,15503, , , ,2,1,0,0,0,0,1,0,0,0,0,2,2,0,0,0,0,0,0,0,0,0,0,0,0,0,0,0,0,0,0,0,0,0,0,4,0,39.9945,-75.1593, ,Philadelphia
 ,1241,2017055567,6,67,67301,2017,4,4,855,8,1,2,1,8,1, , ,N,1,2,0,3,0,1,2,2,N, ,39 54:49.676,75 14:10.316,1215, ,1211, ,0, , , ,3, , , , , ,15505, , , ,1,1,0,0,0,0,0,0,0,0,0,0,1,1,0,0,0,0,0,0,0,0,0,1,0,0,0,0,0,0,0,0,1,0,0,8,0,39.9138,-75.2362, ,Philadelphia
 ,1242,2017060520,6,67,67301,2017,5,6,1521,15,1,1,0,8,1, , ,N,1,3,0,3,0,1,2,2,N,N,39 56:13.675,75 13:14.552,1615, ,1532, ,0, ,N, ,3, , , , , ,15509, , , ,1,1,0,0,0,0,0,0,0,0,0,0,1,1,0,0,0,0,0,0,0,0,0,1,0,0,0,0,0,0,0,0,1,0,0,8,0,39.9371,-75.2207, ,Philadelphia
 ,1243,2017060613,6,67,67301,2017,5,7,119,1,3,1,0,5,6, , ,N,0,0,0,3,0,1,1,2,N,N,39 59:14.915,75 10:50.371,120, ,121, ,0, , , ,0, , , , , ,15511, , , ,2,1,0,0,0,0,1,0,0,0,1,0,1,0,0,0,0,0,0,0,0,0,1,1,0,0,0,0,0,0,0,0,0,0,0,3,0,39.9875,-75.1807, ,Philadelphia
 ,1244,2017037488,6,67,67301,2017,3,3,45,0,3,4,3,6,6, , ,N,0,0,0,3,0,0,1,2,N,N,40 02:02.874,75 04:53.547,52, ,47, ,0, , , ,0, , , , , ,15529, , , ,2,0,0,0,0,0,2,0,0,0,0,0,0,0,1,0,0,0,0,0,0,0,0,0,0,0,0,0,0,0,0,0,0,0,0,9,0,40.0341,-75.0815, ,Philadelphia
 ,1245,2017037367,6,67,67301,2017,3,2,1610,16,1,1,0,4,1, , ,N,2,3,0,3,0,1,2,2,N,N,40 02:01.415,75 09:39.766,1628, ,1626, ,0, ,N, ,3, , , , , ,15533, , , ,2,1,0,0,0,0,1,0,0,0,0,0,1,1,0,0,0,0,0,0,0,0,0,1,0,0,0,0,0,0,0,0,0,0,0,8,0,40.0337,-75.161, ,Philadelphia
 ,1246,2017021485,6,67,67301,2017,2,6,800,8,1,1,0,8,1, , ,N,2,0,0,3,0,1,2,2,N, ,40 02:28.262,75 07:35.439,815, ,811, ,0, ,N, ,0, , , , , ,15539, , , ,1,0,0,0,0,0,1,0,0,1,0,0,1,0,0,0,0,0,0,0,1,0,0,0,0,0,0,0,0,0,0,0,1,0,1,2,0,40.0412,-75.1265, ,Philadelphia
 ,1247,2017060608,6,67,67301,2017,5,3,813,8,1,1,0,1,1, , ,N,3,2,3,3,0,2,4,2,N,N,39 57:20.601,75 10:50.529,9999, ,843, ,0, , , ,3, , , , , ,15561, , , ,2,0,0,0,0,0,1,1,0,0,0,0,2,2,0,0,0,0,0,0,0,0,0,0,0,0,0,0,0,0,0,0,0,0,0,8,0,39.9557,-75.1807, ,Philadelphia
 ,1248,2017060639,6,67,67301,2017,5,5,1533,15,1,1,0,4,1, , ,N,1,3,0,3,0,2,4,2,N,N,39 58:43.280,75 14:58.891,1536, ,1535, ,0, ,N, ,3, , , , , ,15563, , , ,2,1,0,0,0,0,1,0,0,0,0,2,2,0,0,0,0,0,0,1,0,0,0,0,0,0,0,0,0,0,0,0,0,0,0,4,0,39.9787,-75.2497, ,Philadelphia
 ,1249,2017014134,6,67,67301,2017,2,5,1919,19,3,1,0,1,1, , ,N,0,0,0,3,0,0,4,3,N,N,39 57:35.800,75 10:42.069,1924, ,1924,1,2,4, , ,0,N, , , , ,15567, , , ,3,3,0,0,0,0,0,0,0,0,0,0,0,0,0,0,0,1,0,0,1,0,0,0,0,0,0,0,0,0,0,0,0,0,0,0,0,39.9599,-75.1784, ,Philadelphia
 ,1250,2017033513,6,67,67301,2017,2,7,9999,99,1,1,0,1,1, , ,N,0,0,0,3,0,1,4,2,N,N,39 54:49.884,75 08:55.624,1350, ,1348,1,1,3,N, ,0,N, , , , ,15594, , , ,2,1,0,0,0,0,1,0,0,0,0,1,1,0,0,0,0,0,0,0,0,0,0,0,0,0,0,0,0,0,0,0,0,0,0,4,0,39.9139,-75.1488, ,Philadelphia
 ,1251,2017021534,6,67,67301,2017,2,6,1550,15,1,1,0,5,1, , ,N,0,0,0,3,0,1,2,2,N, ,39 57:31.310,75 13:36.786,1550, ,1550, ,0, , , ,0, , , , , ,15597, , , ,2,1,0,0,0,0,1,0,0,0,0,1,1,0,0,0,0,0,0,0,0,0,0,0,0,0,0,0,0,0,0,0,0,0,0,4,0,39.9587,-75.2269, ,Philadelphia
 ,1252,2017041209,6,67,67301,2017,3,6,1325,13,1,1,0,7,4, , ,N,0,0,0,3,0,1,1,1,N, ,40 03:29.932,75 03:09.160,1334, ,1330,2,2,2, , ,0,Y, , , , ,15598, , , ,1,0,0,0,0,0,1,0,0,0,1,0,1,0,0,0,0,0,0,0,1,0,0,0,0,0,0,0,0,0,0,0,0,0,0,3,0,40.0583,-75.0525, ,Philadelphia
 ,1253,2017050392,6,67,67301,2017,5,7,100,1,3,1,0,7,5, , ,N,0,0,0,3,0,1,1,1,N,N,39 57:34.005,75 08:27.414,109, ,105,2,2,2, , ,0,N, , , , ,15611, , , ,1,1,0,0,0,0,0,0,0,0,0,0,1,1,0,0,0,0,0,0,0,0,0,0,0,0,0,0,0,0,0,0,0,0,0,8,0,39.9594,-75.1409, ,Philadelphia
 ,1254,2017007823,6,67,67301,2017,1,2,1715,17,3,2,1,1,2, , ,N,0,0,0,3,0,1,2,3,N,N,40 03:11.500,75 04:50.030,1725, ,1719,2,2,5,N, ,0,N, , , , ,15619, , , ,3,2,0,0,0,0,0,1,0,0,0,1,1,0,0,0,0,0,0,0,1,0,1,0,0,0,0,0,0,0,0,0,0,0,0,4,0,40.0532,-75.0806, ,Philadelphia
 ,1255,2017017648,6,67,67301,2017,2,5,1029,10,1,3,4,1,1, , ,N,0,0,0,3,0,2,2,2,N,N,39 59:00.961,75 05:50.436,1100, ,1050,1,1,1, , ,0,N, , , , ,15622, , , ,2,0,0,0,0,0,0,2,0,0,0,0,2,2,0,0,0,0,0,0,0,0,0,0,0,0,0,0,0,0,0,0,0,0,0,8,0,39.9836,-75.0973, ,Philadelphia
 ,1256,2017018555,6,67,67301,2017,1,2,1600,16,1,1,0,1,1, , ,N,0,0,0,3,0,0,3,3,N,N,40 05:06.591,75 02:12.103,1624, ,1617, ,0, ,N, ,0, , , , , ,15623, , , ,3,1,0,0,0,0,2,0,0,0,0,0,0,0,0,0,0,0,0,0,1,0,0,0,0,0,0,0,0,0,0,0,0,0,0,0,0,40.0852,-75.0367, ,Philadelphia
 ,1257,2017014853,6,67,67301,2017,2,2,1633,16,1,1,0,8,1, , ,N,1,2,0,3,0,1,4,2,N,N,40 00:11.510,75 09:08.812,1635, ,1635, ,0, ,N, ,3, , , , , ,15624, , , ,1,1,0,0,0,0,0,0,0,0,1,0,1,0,0,0,0,0,0,0,0,0,1,0,0,0,0,0,0,0,0,0,1,0,0,3,0,40.0032,-75.1525, ,Philadelphia
 ,1258,2017033064,6,67,67301,2017,2,6,1708,17,1,1,0,1,1, , ,N,1,2,0,3,0,0,4,2,N, ,39 55:05.839,75 12:32.264,1743, ,1738, ,0, , , ,3, , , , , ,15629, , , ,2,2,0,0,0,0,0,0,0,0,0,0,0,0,0,0,0,0,0,0,0,0,0,1,0,0,0,0,0,0,0,0,0,0,0,0,0,39.9182,-75.2088, ,Philadelphia
 ,1259,2017037475,6,67,67301,2017,3,5,1030,10,1,1,1,1,1, , ,N,1,2,0,3,0,2,3,2,N, ,39 57:09.028,75 12:33.361,1036, ,1034, ,0, , , ,3, , , , , ,15633, , , ,2,0,0,0,0,0,2,0,0,0,2,0,2,0,0,0,0,0,0,0,0,0,0,0,0,0,0,0,0,0,0,0,0,0,0,3,0,39.9525,-75.2093, ,Philadelphia
 ,1260,2017037474,6,67,67301,2017,3,5,1402,14,1,8,6,7,4, , ,N,0,0,0,3,0,1,1,1,N,N,39 59:30.393,75 13:02.145,1408, ,1402,3,2,5,N, ,0,Y, , , , ,15638, , , ,1,0,0,0,0,0,1,0,0,0,1,0,1,0,0,0,0,0,0,0,1,0,0,0,0,0,0,0,0,0,0,0,0,0,0,3,0,39.9918,-75.2173, ,Philadelphia
 ,1261,2017007894,6,67,67301,2017,1,5,1145,11,1,1,0,4,2, , ,N,0,0,0,3,0,0,1,2,N, ,39 58:58.980,75 08:12.150,1220, ,1148,1,1,2, , ,0,N, , , , ,14321, , , ,2,0,0,0,1,0,1,0,0,0,0,0,0,0,0,0,0,0,0,0,0,0,0,0,0,0,0,0,0,0,0,0,0,0,0,0,0,39.9831,-75.1367, ,Philadelphia
 ,1262,2017042378,6,67,67301,2017,4,6,1041,10,1,1,0,0,1, , ,N,0,0,0,3,0,1,2,2,N,N,39 58:59.020,75 05:54.711,1045, ,1041, ,0, , , ,0, , , , , ,14325, , , ,2,2,0,0,0,0,0,0,0,0,1,0,1,0,0,0,0,0,0,0,1,0,0,0,0,0,0,0,0,0,0,0,0,0,0,3,0,39.9831,-75.0985, ,Philadelphia
 ,1263,2017037431,6,67,67301,2017,3,3,1615,16,1,1,0,4,1, , ,N,1,3,0,3,0,1,2,2,N, ,40 02:20.893,75 01:48.133,1645, ,1640, ,0, , , ,3, , , , , ,14327, , , ,2,1,0,0,0,0,1,0,0,0,0,0,1,1,1,0,0,0,0,0,0,0,0,0,0,0,0,0,0,0,0,0,0,0,0,8,0,40.0391,-75.03, ,Philadelphia
 ,1264,2017041244,6,67,67301,2017,4,6,1435,14,1,1,0,4,1, , ,N,1,3,0,3,0,1,2,2,N,N,40 04:02.812,75 09:36.705,1630, ,1619, ,0, ,N, ,3, , , , , ,14328, , , ,2,2,0,0,0,0,0,0,0,0,0,1,1,0,1,0,0,0,0,0,0,0,1,0,0,0,0,0,0,0,0,0,0,0,0,4,0,40.0674,-75.1602, ,Philadelphia
 ,1265,2017028993,6,67,67301,2017,2,1,2100,21,3,1,1,4,1, , ,N,1,3,0,3,0,1,2,2,N,N,39 59:10.687,75 06:42.883,2140, ,2120,2,2,4, , ,3,Y, , , , ,14336, , , ,2,2,0,0,0,0,0,0,0,0,0,1,1,0,0,0,0,0,0,0,0,0,0,1,0,0,0,0,0,0,0,0,0,0,0,4,0,39.9863,-75.1119, ,Philadelphia
 ,1266,2017035680,6,67,67301,2017,3,2,1555,15,1,1,0,4,1, , ,N,1,2,0,3,0,0,2,2,N,N,40 00:54.888,75 10:11.461,1602, ,1602, ,0, ,N, ,3, , , , , ,14339, , , ,2,1,0,0,0,0,1,0,0,0,0,0,0,0,0,0,0,0,0,0,1,0,0,0,0,0,0,0,0,0,0,0,0,0,0,0,0,40.0152,-75.1699, ,Philadelphia
 ,1267,2017019176,6,67,67301,2017,1,3,2055,20,3,1,0,5,6, , ,N,0,0,0,3,0,0,1,2,N,N,39 56:11.000,75 11:43.962,2120, ,2112,2,2,2,N, ,0,Y, , , , ,14357, , , ,2,1,0,0,1,0,0,0,0,0,0,0,0,0,1,0,0,0,0,0,0,0,0,0,0,0,0,0,0,0,0,0,0,0,0,9,0,39.9364,-75.1955, ,Philadelphia
 ,1268,2017054995,6,67,67301,2017,5,3,1313,13,1,2,1,8,1, , ,N,1,3,0,3,0,1,2,2,N,N,39 58:47.812,75 09:19.414,1318, ,1315, ,0, ,N, ,3, , , , , ,14392, , , ,1,0,0,0,0,0,0,1,0,0,1,0,1,0,0,0,0,0,0,0,0,0,1,0,0,0,0,0,0,0,0,0,1,0,0,3,0,39.9799,-75.1554, ,Philadelphia
 ,1269,2017067819,6,67,67301,2017,5,4,822,8,1,1,0,1,1, , ,N,0,0,0,3,0,2,3,2,N,N,40 02:26.595,75 01:48.479,822, ,822, ,0, , , ,0, , , , , ,14397, , , ,2,0,0,0,0,0,2,0,0,0,0,2,2,0,0,0,0,0,0,0,1,0,0,0,0,0,0,0,0,0,0,0,0,0,0,4,0,40.0407,-75.0301, ,Philadelphia
 ,1270,2017067895,6,67,67301,2017,6,4,841,8,1,1,0,4,1, , ,N,0,0,7,3,0,0,2,3,N,N,40 01:50.254,75 03:54.022,9999, ,901,2,1,3,N, ,0,N, , , , ,14399, , , ,3,2,0,0,0,0,1,0,0,0,0,0,0,0,0,0,0,0,0,0,1,0,0,0,0,0,0,0,0,0,0,0,0,0,0,0,0,40.0306,-75.065, ,Philadelphia
 ,1271,2017043815,6,67,67301,2017,4,3,9999,99,1,1,0,8,1, , ,N,1,0,0,3,0,1,2,2,N, ,39 55:35.252,75 13:59.106,1354, ,1315, ,0, , , ,0, , , , , ,14423, , , ,1,1,0,0,0,0,0,0,0,0,0,1,1,0,0,0,0,0,0,0,0,1,0,1,0,0,0,0,0,0,0,0,1,0,0,4,0,39.9265,-75.2331, ,Philadelphia
 ,1272,2017058273,6,67,67301,2017,5,3,815,8,1,1,0,4,1, , ,N,2,2,0,3,0,2,2,2,N,N,40 04:23.306,75 11:21.255,828, ,827, ,0, , , ,3, , , , , ,14496, , , ,2,2,0,0,0,0,0,0,0,0,0,0,2,2,0,0,0,0,0,0,0,0,0,2,0,0,0,0,0,0,0,0,0,0,0,8,0,40.0731,-75.1892, ,Philadelphia
 ,1273,2017041338,6,67,67301,2017,4,1,953,9,1,1,0,4,1, , ,N,1,2,0,3,0,1,3,2,N,N,40 02:17.558,75 11:24.246,1000, ,959,3,1,2, , ,3,Y, , , , ,14509, , , ,2,2,0,0,0,0,0,0,0,0,0,1,1,0,0,0,0,0,0,0,0,0,0,0,0,0,0,0,0,0,0,0,0,0,0,4,0,40.0382,-75.1901, ,Philadelphia
 ,1274,2017043883,6,67,67301,2017,4,1,910,9,1,1,0,4,1, , ,N,1,2,0,3,0,1,3,2,N,N,40 03:14.351,75 02:56.006,930, ,915, ,0, ,N, ,3, , , , , ,14525, , , ,2,2,0,0,0,0,0,0,0,0,0,1,1,0,0,0,0,0,1,0,1,0,0,0,0,0,0,0,0,0,0,0,0,0,0,4,0,40.0542,-75.0493, ,Philadelphia
 ,1275,2017052424,6,67,67301,2017,4,4,2040,20,3,1,0,3,6, , ,N,0,0,0,3,0,1,2,5,N,N,39 59:28.871,75 08:02.884,2053, ,2046, ,0, ,N, ,0, , , , , ,14530, , , ,4,1,0,0,1,0,2,0,0,0,0,1,1,0,0,0,0,0,0,0,0,1,0,1,0,0,0,0,0,0,0,0,1,0,0,4,0,39.9914,-75.1341, ,Philadelphia
 ,1276,2017052434,6,67,67301,2017,4,5,600,6,1,1,0,4,1, , ,N,1,2,0,3,0,2,3,2,N, ,40 01:51.218,75 05:34.900,609, ,606,1,1,1, , ,2,N, , , , ,14532, , , ,2,1,0,0,0,0,1,0,0,0,0,0,2,2,0,0,0,0,0,0,0,0,0,0,0,0,0,0,0,0,0,0,0,0,0,8,0,40.0309,-75.093, ,Philadelphia
 ,1277,2017062070,6,67,67301,2017,6,5,1747,17,1,1,0,1,1, , ,N,0,0,0,3,0,2,4,4,N,N,39 53:56.372,75 10:41.648,1806, ,1754,3,2,1, , ,0,N, , , , ,14542, , , ,4,3,0,0,0,0,1,0,0,0,2,0,2,0,0,0,0,0,0,0,0,0,0,0,0,0,0,0,0,0,0,0,0,0,0,3,0,39.899,-75.1782, ,Philadelphia
 ,1278,2017060626,6,67,67301,2017,5,2,1525,15,1,1,0,1,1, , ,N,1,2,0,3,0,3,5,3,N,N,40 01:42.391,75 09:12.945,1530, ,1530, ,0, ,N, ,3, , , , , ,14545, , , ,3,3,0,0,0,0,0,0,0,0,0,0,3,3,1,0,0,0,0,0,2,0,0,3,0,0,0,0,0,0,0,0,0,0,0,8,0,40.0284,-75.1536, ,Philadelphia
 ,1279,2017008749,6,67,67301,2017,1,2,2325,23,3,2,1,1,1, , ,N,2,2,0,3,0,1,2,3,N,N,40 01:41.959,75 06:27.666,2333, ,2331, ,0, ,N, ,3, , , , , ,14558, , , ,3,2,0,0,1,0,0,0,0,0,0,1,1,0,0,0,0,0,1,0,0,0,0,0,0,0,0,0,0,0,0,0,0,0,0,4,0,40.0283,-75.1077, ,Philadelphia
 ,1280,2017041330,6,67,67301,2017,4,5,2000,20,3,1,0,4,1, , ,N,1,3,0,3,0,2,3,3,N,N,39 56:29.570,75 09:49.531,2025, ,2010,2,2,1,N, ,3,Y, , , , ,14571, , , ,3,2,0,0,1,0,0,0,0,0,0,0,2,2,0,0,0,0,0,0,1,0,0,2,0,0,0,0,0,0,0,0,0,0,0,8,0,39.9415,-75.1638, ,Philadelphia
 ,1281,2017041329,6,67,67301,2017,4,2,1734,17,1,1,0,8,1, , ,N,2,3,0,3,0,1,2,2,N,Y,40 07:14.437,75 00:37.681,1742, ,1738, ,0, ,N, ,3, , , , , ,14578, , , ,1,1,0,0,0,0,0,0,0,0,0,1,1,0,0,0,0,0,0,0,0,0,0,0,0,0,0,0,0,0,0,0,1,0,0,4,0,40.1207,-75.0105, ,Philadelphia
 ,1282,2017040497,6,67,67301,2017,3,4,849,8,1,1,0,1,1, , ,N,0,0,0,3,0,0,2,2,N,N,40 01:12.717,75 02:38.433,918, ,853, ,0, , , ,0, , , , , ,14581, , , ,2,0,0,0,0,0,2,0,0,0,0,0,0,0,0,0,0,0,0,0,1,0,0,0,0,0,0,0,0,0,0,0,0,0,0,0,0,40.0202,-75.044, ,Philadelphia
 ,1283,2017052988,6,67,67301,2017,4,5,1131,11,1,1,0,1,1, , ,N,0,0,0,3,0,1,2,2,N,N,40 00:05.002,75 11:40.651,1146, ,1132,1,1,4, , ,0,N, , , , ,14592, , , ,2,1,0,0,1,0,0,0,0,0,0,0,1,1,0,0,0,0,0,0,0,0,0,0,0,0,0,0,0,0,0,0,0,0,0,8,0,40.0014,-75.1946, ,Philadelphia
 ,1284,2017012412,6,67,67301,2017,1,2,1144,11,1,2,1,7,2, , ,N,0,0,0,3,0,1,1,1,N,N,39 53:17.502,75 13:00.868,1151, ,1144, ,0, , , ,0, , , , , ,14598, , , ,1,0,0,0,0,1,0,0,0,0,1,0,1,0,0,0,0,0,0,0,0,0,0,0,0,0,0,0,0,0,0,0,0,0,0,3,1,39.8882,-75.2169, ,Philadelphia