wz_ln_closure,objectid_1,crn,district,county,municipality,crash_year,crash_month,day_of_week,time_of_day,hour_of_day,illumination,weather,road_condition,collision_type,relation_to_road,work_zone_type,work_zone_loc,work_zone_ind,intersect_type,tcd_type,location_type,urban_rural,fatal_count,injury_count,person_count,total_units,sch_bus_ind,sch_zone_ind,latitude,longitude,arrival_tm,cons_zone_spd_lim,dispatch_tm,est_hrs_closed,lane_closed,ln_close_dir,ntfy_hiwy_maint,spec_juris_cd,tcd_func_cd,tfc_detour_ind,workers_pres,wz_close_detour,wz_flagger,wz_law_offcr_ind,objectid,wz_moving,wz_other,wz_shlder_mdn,vehicle_count,automobile_count,motorcycle_count,bus_count,small_truck_count,heavy_truck_count,suv_count,van_count,bicycle_count,maj_inj_count,mod_inj_count,min_inj_count,tot_inj_count,unk_inj_deg_count,unk_inj_per_count,driver_count_16yr,driver_count_17yr,driver_count_18yr,driver_count_19yr,driver_count_20yr,driver_count_50_64yr,driver_count_65_74yr,driver_count_75plus,unbelted_occ_count,unb_death_count,unb_maj_inj_count,belted_death_count,belted_maj_inj_count,mcycle_death_count,mcycle_maj_inj_count,bicycle_death_count,bicycle_maj_inj_count,ped_count,ped_death_count,ped_maj_inj_count,max_severity_level,comm_veh_count,dec_lat,dec_long,rdwy_surf_type_cd,county_name
 ,1349,2017021496,6,67,67301,2017,2,2,2043,20,3,1,0,4,1, , ,N,1,2,0,3,0,1,2,2,N,N,40 01:37.801,75 09:04.478,2110, ,2103, ,0, ,N, ,3, , , , , ,17460, , , ,2,2,0,0,0,0,0,0,0,0,0,1,1,0,0,0,0,0,0,0,0,0,0,1,0,0,0,0,0,0,0,0,0,0,0,4,0,40.0272,-75.1512, ,Philadelphia
 ,1350,2017041125,6,67,67301,2017,4,5,2015,20,3,1,0,4,1, , ,N,3,0,0,3,0,1,3,2,N,N,39 54:46.109,75 08:26.446,2040, ,2030, ,0, ,N, ,0, , , , , ,17502, , , ,2,0,0,1,0,0,0,1,0,0,0,1,1,0,0,0,0,0,0,1,0,0,0,1,0,0,0,0,0,0,0,0,0,0,0,4,1,39.9128,-75.1407, ,Philadelphia
 ,1351,2017021889,6,67,67301,2017,2,6,1040,10,1,1,0,8,1, , ,N,1,2,0,3,0,1,3,3,N,N,39 57:20.966,75 11:29.280,1044, ,1042, ,0, ,N, ,3, , , , , ,16547, , , ,1,1,0,0,0,0,0,0,0,0,0,0,1,1,0,0,0,0,0,1,0,0,0,0,0,0,0,0,0,0,0,0,2,0,0,8,0,39.9558,-75.1915, ,Philadelphia
 ,1352,2017021971,6,67,67301,2017,2,6,2219,22,3,1,0,4,1, , ,N,1,2,0,3,0,3,4,3,N,N,40 01:36.631,75 07:01.363,2225, ,2219,9,1,4,N, ,3,N, , , , ,16550, , , ,3,2,0,0,0,0,1,0,0,0,0,1,3,2,0,0,0,0,1,0,0,0,0,0,0,0,0,0,0,0,0,0,0,0,0,4,0,40.0268,-75.117, ,Philadelphia
 ,1353,2017043871,6,67,67301,2017,4,4,2325,23,3,1,0,4,1, , ,N,1,2,3,3,0,0,3,2,N,N,39 57:31.985,75 10:07.573,2328, ,2327, ,0, ,N, ,3, , , , , ,16551, , , ,2,2,0,0,0,0,0,0,0,0,0,0,0,0,1,0,0,0,0,0,0,0,0,1,0,0,0,0,0,0,0,0,0,0,0,9,0,39.9589,-75.1688, ,Philadelphia
 ,1354,2017011495,6,67,67301,2017,1,1,112,1,3,5,1,7,2, , ,N,3,0,2,3,0,0,1,1,N,N,39 57:21.582,75 08:29.701,127, ,114,2,1,4, , ,0,Y, , , , ,16582, , , ,1,1,0,0,0,0,0,0,0,0,0,0,0,0,0,0,0,0,0,0,0,0,0,0,0,0,0,0,0,0,0,0,0,0,0,0,0,39.956,-75.1416, ,Philadelphia
 ,1355,2017037387,6,67,67301,2017,3,3,1030,10,1,1,0,5,1, , ,N,0,0,0,3,0,1,3,2,N, ,39 57:19.000,75 09:27.100,1047, ,1047, ,0, , , ,0, , , , , ,16597, , , ,2,1,0,0,0,0,1,0,0,0,0,0,1,1,0,0,0,0,0,0,0,1,0,1,0,0,0,0,0,0,0,0,0,0,0,8,0,39.9553,-75.1575, ,Philadelphia
 ,1356,2017055560,6,67,67301,2017,4,4,9999,99,3,1,0,4,1, , ,N,2,2,0,3,0,1,3,2,N,N,40 05:38.469,74 59:21.011,9999, ,9999, ,0, ,N, ,3, , , , , ,16609, , , ,2,1,0,0,0,0,1,0,0,0,0,0,1,1,2,0,0,0,0,0,0,0,0,0,0,0,0,0,0,0,0,0,0,0,0,8,0,40.094,-74.9892, ,Philadelphia
 ,1357,2017021715,6,67,67301,2017,2,6,1541,15,1,1,0,1,1, , ,N,0,0,0,3,0,0,6,3,N,N,39 57:29.706,75 09:56.563,1556, ,1541,1,2,3, , ,0,N, , , , ,16637, , , ,3,1,0,0,0,0,2,0,0,0,0,0,0,0,0,0,0,0,0,0,0,0,0,0,0,0,0,0,0,0,0,0,0,0,0,0,0,39.9583,-75.1657, ,Philadelphia
 ,1358,2017028819,6,67,67301,2017,2,6,1720,17,2,1,0,4,1, , ,N,1,3,0,3,0,2,3,2,N,N,40 07:44.061,75 00:31.316,1740, ,1734, ,0, ,N, ,3, , , , , ,16647, , , ,2,2,0,0,0,0,0,0,0,0,0,0,2,2,0,0,0,0,0,0,0,0,0,0,0,0,0,0,0,0,0,0,0,0,0,8,0,40.1289,-75.0087, ,Philadelphia
 ,1359,2017033116,6,67,67301,2017,3,5,810,8,1,1,0,4,1, , ,N,1,2,0,3,0,1,2,2,N, ,39 59:36.433,75 09:02.956,830, ,825, ,0, , , ,3, , , , , ,16649, , , ,2,0,0,0,0,0,2,0,0,0,0,1,1,0,0,0,0,0,0,0,2,0,0,0,0,0,0,0,0,0,0,0,0,0,0,4,0,39.9934,-75.1508, ,Philadelphia
 ,1360,2017055582,6,67,67301,2017,4,4,1815,18,1,1,0,5,1, , ,N,0,0,0,3,0,1,2,2,N,N,39 54:53.765,75 09:22.663,1815, ,1815,1,1,4, , ,0,N, , , , ,16668, , , ,2,1,1,0,0,0,0,0,0,0,1,0,1,0,0,0,0,0,0,0,0,0,0,0,0,0,0,0,0,0,0,0,0,0,0,3,0,39.9149,-75.1563, ,Philadelphia
 ,1361,2017013915,6,67,67301,2017,1,5,1642,16,1,1,0,4,1, , ,N,5,3,0,3,0,2,3,2,N,N,39 56:14.190,75 10:36.127,1643, ,1642, ,0, ,N, ,3, , , , , ,16676, , , ,2,2,0,0,0,0,0,0,0,0,1,1,2,0,0,0,0,0,0,0,1,0,0,1,0,0,0,0,0,0,0,0,0,0,0,3,0,39.9373,-75.1767, ,Philadelphia
 ,1362,2017013183,6,67,67301,2017,1,6,9999,99,3,1,0,1,1, , ,N,1,3,0,3,0,3,3,5,N,N,40 02:02.889,75 07:44.763,1905, ,1904, ,0, ,N, ,3, , , , , ,16679, , , ,5,4,0,0,0,0,1,0,0,0,2,1,3,0,0,0,0,0,0,1,0,0,0,1,0,0,0,0,0,0,0,0,0,0,0,3,0,40.0341,-75.1291, ,Philadelphia
 ,1363,2017033959,6,67,67301,2017,3,3,628,6,1,1,0,1,1, , ,N,0,0,0,3,0,1,2,2,N,N,40 01:23.719,75 02:05.892,653, ,653, ,0, , , ,0, , , , , ,16698, , , ,2,1,0,0,0,0,1,0,0,0,1,0,1,0,0,0,0,0,0,0,0,1,0,0,0,0,0,0,0,0,0,0,0,0,0,3,0,40.0233,-75.035, ,Philadelphia
 ,1364,2017052156,6,67,67301,2017,4,7,2300,23,3,1,0,4,1, , ,N,1,2,0,3,0,5,5,2,N,N,39 58:17.110,75 13:33.005,2315, ,2305, ,0, ,N, ,3, , , , , ,16702, , , ,2,1,0,0,0,0,1,0,0,0,0,1,5,4,0,0,0,0,0,0,1,0,0,0,0,0,0,0,0,0,0,0,0,0,0,4,0,39.9714,-75.2258, ,Philadelphia
 ,1365,2017009834,6,67,67301,2017,1,5,1817,18,2,1,0,1,1, , ,N,0,0,0,3,0,0,2,2,N,N,40 00:28.251,75 12:04.732,1835, ,1817, ,0, , , ,0, , , , , ,16723, , , ,2,1,0,0,0,0,1,0,0,0,0,0,0,0,0,0,0,0,0,0,0,0,0,0,0,0,0,0,0,0,0,0,0,0,0,0,0,40.0078,-75.2013, ,Philadelphia
 ,1366,2017024313,6,67,67301,2017,3,7,301,3,3,1,0,7,3, , ,N,1,2,0,3,0,0,1,1,N,N,40 00:05.705,75 09:10.074,301, ,301,2,1,1,N, ,3,N, , , , ,16734, , , ,1,0,0,0,0,0,1,0,0,0,0,0,0,0,0,0,0,0,0,0,0,0,0,1,0,0,0,0,0,0,0,0,0,0,0,0,0,40.0016,-75.1528, ,Philadelphia
 ,1367,2017021531,6,67,67301,2017,2,3,1240,12,1,9,0,5,1, , ,N,0,0,3,3,0,0,2,2,N,N,39 56:31.387,75 11:50.367,1315, ,1254,3,1,2,N, ,0,N, , , , ,16737, , , ,2,0,0,0,1,0,0,1,0,0,0,0,0,0,0,0,0,0,0,0,0,0,0,0,0,0,0,0,0,0,0,0,0,0,0,0,0,39.9421,-75.1973, ,Philadelphia
 ,1368,2017050873,6,67,67301,2017,4,7,1600,16,1,1,0,1,1, , ,N,1,2,0,3,0,2,4,2,N,N,39 53:33.014,75 13:21.171,1628, ,1609, ,0, , , ,3, , , , , ,16755, , , ,2,0,0,0,0,0,2,0,0,0,2,0,2,0,2,0,0,0,0,0,1,0,0,0,0,0,0,0,0,0,0,0,0,0,0,3,0,39.8925,-75.2225, ,Philadelphia
 ,1369,2017062839,6,67,67301,2017,6,3,811,8,1,1,1,1,1, , ,N,0,0,0,3,0,0,3,2,N,N,39 54:05.345,75 09:07.398,826, ,814,1,2,1, , ,0,Y, , , , ,16758, , , ,2,1,0,0,0,0,1,0,0,0,0,0,0,0,0,0,0,0,0,0,1,0,0,0,0,0,0,0,0,0,0,0,0,0,0,0,0,39.9015,-75.1521, ,Philadelphia
 ,1370,2017041185,6,67,67301,2017,3,2,935,9,1,2,1,1,1, , ,N,1,3,0,3,0,1,2,2,N, ,39 56:36.329,75 13:12.935,1000, ,943, ,0, , , ,3, , , , , ,16786, , , ,2,1,0,0,0,0,0,1,0,0,0,1,1,0,0,0,0,0,0,0,1,0,0,0,0,0,0,0,0,0,0,0,0,0,0,4,0,39.9434,-75.2203, ,Philadelphia
 ,1371,2017014029,6,67,67301,2017,1,1,1947,19,3,4,1,8,1, , ,N,1,2,0,3,0,1,2,2,N,N,39 57:16.485,75 13:33.593,1949, ,1949, ,0, ,N, ,3, , , , , ,16816, , , ,1,0,0,0,0,0,1,0,0,0,1,0,1,0,0,0,0,0,0,0,1,0,0,0,0,0,0,0,0,0,0,0,1,0,0,3,0,39.9546,-75.226, ,Philadelphia
 ,1372,2017010632,6,67,67301,2017,1,1,817,8,1,1,5,1,1, , ,N,0,0,0,3,0,1,2,2,N,N,40 03:25.281,75 00:49.828,828, ,820, ,0, ,N, ,0, , , , , ,16817, , , ,2,1,0,0,0,0,1,0,0,0,0,0,1,1,0,0,0,0,0,0,0,0,0,1,0,0,0,0,0,0,0,0,0,0,0,8,0,40.057,-75.0138, ,Philadelphia
 ,1373,2017028823,6,67,67301,2017,2,5,1400,14,1,1,0,4,1, , ,N,1,2,0,3,0,1,2,2,N, ,40 05:04.128,74 58:25.148,1420, ,1406,1,1,1, , ,3,N, , , , ,16827, , , ,2,2,0,0,0,0,0,0,0,0,0,0,1,1,0,0,0,0,0,0,1,1,0,0,0,0,0,0,0,0,0,0,0,0,0,8,0,40.0845,-74.9737, ,Philadelphia
 ,1374,2017028975,6,67,67301,2017,2,3,1751,17,3,1,0,4,1, , ,N,1,2,0,3,0,2,3,2,N,N,40 05:12.438,74 58:18.635,1800, ,1753, ,0, ,N, ,3, , , , , ,16835, , , ,2,2,0,0,0,0,0,0,0,0,0,2,2,0,0,0,0,0,1,0,1,0,0,0,0,0,0,0,0,0,0,0,0,0,0,4,0,40.0868,-74.9718, ,Philadelphia
 ,1375,2017017668,6,67,67301,2017,2,6,802,8,1,1,0,7,4, , ,N,0,0,0,3,0,1,1,1,N,N,40 00:43.751,75 03:34.388,820, ,802,2,1,1, , ,0,N, , , , ,16868, , , ,1,1,0,0,0,0,0,0,0,0,1,0,1,0,0,0,0,0,0,0,1,0,0,0,0,0,0,0,0,0,0,0,0,0,0,3,0,40.0122,-75.0596, ,Philadelphia
 ,1376,2017025975,6,67,67301,2017,3,4,41,0,3,2,1,7,4, , ,N,0,0,0,3,0,1,1,1,N,N,39 56:44.286,75 11:24.879,55, ,46, ,0, , , ,0, , , , , ,16873, , , ,1,1,0,0,0,0,0,0,0,0,0,0,1,1,0,0,0,0,0,0,0,0,0,0,0,0,0,0,0,0,0,0,0,0,0,8,0,39.9456,-75.1902, ,Philadelphia
 ,1377,2017037369,6,67,67301,2017,3,6,200,2,3,1,0,4,1, , ,N,2,2,0,3,0,1,2,2,N,N,39 53:25.139,75 14:42.138,9999, ,220, ,0, ,N, ,3, , , , , ,16883, , , ,2,2,0,0,0,0,0,0,0,0,0,1,1,0,0,0,0,0,0,0,0,0,0,0,0,0,0,0,0,0,0,0,0,0,0,4,0,39.8903,-75.245, ,Philadelphia
 ,1378,2017019090,6,67,67301,2017,1,5,207,2,3,1,0,8,1, , ,N,2,2,0,3,0,1,2,2,N,N,40 01:38.083,75 11:00.691,213, ,209, ,0, ,N, ,3, , , , , ,16969, , , ,1,0,0,0,0,0,0,1,0,0,0,0,1,1,0,0,0,0,0,0,0,0,0,0,0,0,0,0,0,0,0,0,1,0,0,8,0,40.0272,-75.1835, ,Philadelphia
 ,1379,2017035746,6,67,67301,2017,3,6,1855,18,3,1,1,1,1, , ,N,0,0,0,3,0,0,3,3,N, ,40 01:12.067,75 09:46.552,1941, ,1939, ,0, , , ,0, , , , , ,16977, , , ,3,1,0,0,0,0,2,0,0,0,0,0,0,0,0,0,0,0,0,0,1,0,0,0,0,0,0,0,0,0,0,0,0,0,0,0,0,40.0198,-75.1631, ,Philadelphia
 ,1380,2017037407,6,67,67301,2017,3,5,735,7,1,1,0,4,1, , ,N,1,2,0,3,0,0,2,2,N,N,39 59:30.115,75 11:08.190,905, ,901, ,0, ,N, ,3, , , , , ,16980, , , ,2,1,0,0,0,0,1,0,0,0,0,0,0,0,0,0,0,0,1,0,1,0,0,0,0,0,0,0,0,0,0,0,0,0,0,0,0,39.9917,-75.1856, ,Philadelphia
 ,1381,2017041181,6,67,67301,2017,3,4,1230,12,1,1,0,1,1, , ,N,0,0,0,3,0,2,3,3,N,N,39 59:42.368,75 04:40.057,1238, ,1233, ,0, , , ,0, , , , , ,16982, , , ,3,3,0,0,0,0,0,0,0,0,0,2,2,0,0,0,0,0,0,0,0,1,0,1,0,0,0,0,0,0,0,0,0,0,0,4,0,39.9951,-75.0778, ,Philadelphia
 ,1382,2017021521,6,67,67301,2017,2,3,1900,19,3,1,0,1,1, , ,N,0,2,0,3,0,2,3,2,N, ,40 02:15.289,75 05:18.682,1910, ,1900, ,0, , , ,3, , , , , ,16997, , , ,2,0,0,0,0,0,1,1,0,0,0,0,2,2,0,0,0,0,0,0,1,0,0,0,0,0,0,0,0,0,0,0,0,0,0,8,0,40.0376,-75.0885, ,Philadelphia
 ,1383,2017004025,6,67,67301,2017,1,5,2247,22,3,4,1,7,2, , ,N,0,0,2,3,0,0,2,1,N,N,39 57:38.664,75 10:53.076,2254, ,2250,2,1,4, , ,0,N, , , , ,17057, , , ,1,0,0,0,1,0,0,0,0,0,0,0,0,0,0,0,0,0,0,0,0,0,0,0,0,0,0,0,0,0,0,0,0,0,0,0,0,39.9607,-75.1814, ,Philadelphia
 ,1384,2017041369,6,67,67301,2017,3,4,240,2,3,1,0,1,1, , ,N,1,2,0,3,0,3,5,3,N,N,40 01:48.790,75 05:17.559,243, ,240,2,2,2,N, ,3,Y, , , , ,17076, , , ,3,3,0,0,0,0,0,0,0,0,0,0,3,3,0,0,0,0,0,0,0,0,0,0,0,0,0,0,0,0,0,0,0,0,0,8,0,40.0301,-75.0882, ,Philadelphia
 ,1385,2017035850,6,67,67301,2017,3,4,333,3,3,2,1,7,4, , ,N,0,0,3,3,0,1,1,1,N,N,40 00:29.324,75 11:27.231,403, ,333, ,0, , , ,0, , , , , ,17084, , , ,1,1,0,0,0,0,0,0,0,1,0,0,1,0,0,0,0,0,0,0,0,0,0,1,0,1,0,0,0,0,0,0,0,0,0,2,0,40.0081,-75.1909, ,Philadelphia
 ,1386,2017037397,6,67,67301,2017,3,7,9999,99,1,1,0,4,1, , ,N,2,3,0,3,0,2,4,2,N,N,40 00:24.406,75 07:55.691,1150, ,1145, ,0, ,N, ,3, , , , , ,17085, , , ,2,1,0,0,0,0,0,1,0,0,0,2,2,0,0,0,0,0,0,0,1,0,0,0,0,0,0,0,0,0,0,0,0,0,0,4,0,40.0068,-75.1321, ,Philadelphia
 ,1387,2017055655,6,67,67301,2017,5,1,1723,17,1,1,0,4,1, , ,N,1,2,0,3,0,1,4,2,N,N,40 00:43.452,75 06:43.833,1734, ,1733,1,1,7,N, ,3,Y, , , , ,17093, , , ,2,2,0,0,0,0,0,0,0,0,1,0,1,0,1,0,0,0,0,1,0,0,0,0,0,0,0,0,0,0,0,0,0,0,0,3,0,40.0121,-75.1122, ,Philadelphia
 ,1388,2017007744,6,67,67301,2017,1,1,1146,11,1,1,0,4,1, , ,N,1,2,0,3,0,0,7,2,N,N,40 01:38.846,75 03:44.583,1149, ,1148, ,0, ,N, ,3, , , , , ,17108, , , ,2,2,0,0,0,0,0,0,0,0,0,0,0,0,0,0,0,0,0,0,0,0,0,0,0,0,0,0,0,0,0,0,0,0,0,0,0,40.0275,-75.0624, ,Philadelphia
 ,1389,2017014012,6,67,67301,2017,1,4,2006,20,3,1,0,4,1, , ,N,0,0,7,3,0,1,2,3,N,N,39 58:00.364,75 12:55.868,2006, ,2006, ,0, , , ,0, , , , , ,17109, , , ,3,0,0,0,2,0,1,0,0,0,0,1,1,0,0,0,0,0,0,0,0,0,0,1,0,0,0,0,0,0,0,0,0,0,0,4,0,39.9668,-75.2155, ,Philadelphia
 ,1390,2017015656,6,67,67301,2017,1,5,900,9,1,1,0,5,6, , ,N,0,0,0,3,0,0,1,3,N,N,39 59:11.394,75 13:44.770,935, ,930, ,0, ,N, ,0, , , , , ,17120, , , ,3,2,0,0,0,0,1,0,0,0,0,0,0,0,0,0,0,0,0,0,0,1,0,0,0,0,0,0,0,0,0,0,0,0,0,0,0,39.9865,-75.2291, ,Philadelphia
 ,1391,2017037344,6,67,67301,2017,3,6,425,4,3,1,8,7,1, , ,N,0,0,0,3,0,0,3,3,N,N,40 07:09.800,75 00:30.000,432, ,427, ,0, ,N, ,0, , , , , ,17122, , , ,3,3,0,0,0,0,0,0,0,0,0,0,0,0,0,0,0,0,0,0,1,0,1,0,0,0,0,0,0,0,0,0,0,0,0,0,0,40.1194,-75.0083, ,Philadelphia
 ,1392,2017041379,6,67,67301,2017,3,5,1435,14,1,1,0,4,1, , ,N,1,2,0,3,0,5,6,2,N, ,40 01:25.906,75 07:03.493,1448, ,1443, ,0, , , ,3, , , , , ,17125, , , ,2,2,0,0,0,0,0,0,0,0,0,0,5,5,0,0,0,0,0,0,0,0,0,1,0,0,0,0,0,0,0,0,0,0,0,8,0,40.0239,-75.1176, ,Philadelphia
 ,1393,2017041133,6,67,67301,2017,4,4,901,9,1,1,0,1,1, , ,N,2,2,0,3,0,0,6,5,N,N,40 00:26.789,75 07:30.615,915, ,906,3,1,4,N, ,3,N, , , , ,17132, , , ,5,3,0,0,1,0,1,0,0,0,0,0,0,0,0,0,0,0,0,0,1,0,0,1,0,0,0,0,0,0,0,0,0,0,0,0,0,40.0074,-75.1252, ,Philadelphia
 ,1394,2017037383,6,67,67301,2017,3,4,2019,20,3,1,0,7,4, , ,N,0,0,0,3,0,0,2,1,N,N,40 01:45.619,75 05:18.728,2045, ,2029, ,0, ,N, ,0, , , , , ,17138, , , ,1,1,0,0,0,0,0,0,0,0,0,0,0,0,1,0,0,0,0,0,0,0,0,0,0,0,0,0,0,0,0,0,0,0,0,9,0,40.0293,-75.0885, ,Philadelphia
 ,1395,2017028788,6,67,67301,2017,2,1,2205,22,3,1,0,8,1, , ,N,0,0,0,3,0,3,4,4,N,N,40 00:26.604,75 12:47.172,2210, ,2207, ,0, , , ,0, , , , , ,17140, , , ,1,1,0,0,0,0,0,0,0,1,2,0,3,0,0,0,0,0,0,0,0,0,0,0,0,0,0,0,0,0,0,0,3,0,1,2,0,40.0074,-75.2131, ,Philadelphia
 ,1396,2017028855,6,67,67301,2017,2,7,220,2,3,1,0,8,1, , ,N,0,0,0,3,0,1,2,2,N,N,40 02:17.786,75 10:20.301,231, ,2229, ,0, ,N, ,0, , , , , ,17179, , , ,1,1,0,0,0,0,0,0,0,0,0,1,1,0,1,0,0,0,0,0,0,0,0,0,0,0,0,0,0,0,0,0,1,0,0,4,0,40.0383,-75.1723, ,Philadelphia
 ,1397,2017014956,6,67,67301,2017,2,7,1525,15,1,1,0,4,1, , ,N,0,0,0,3,0,1,2,2,N,N,39 53:19.751,75 13:06.363,1542, ,1526,2,2,1, , ,0,N, , , , ,17202, , , ,2,2,0,0,0,0,0,0,0,0,1,0,1,0,0,0,0,0,0,0,0,0,0,0,0,0,0,0,0,0,0,0,0,0,0,3,0,39.8888,-75.2184, ,Philadelphia
 ,1398,2017013969,6,67,67301,2017,1,3,555,5,3,1,0,4,1, , ,N,1,3,0,3,0,1,2,2,N,N,39 55:42.808,75 09:13.359,556, ,556, ,0, ,N, ,3, , , , , ,17211, , , ,1,0,0,0,0,0,1,0,1,0,1,0,1,0,0,0,0,0,0,0,1,0,0,0,0,0,0,0,0,0,0,0,0,0,0,3,0,39.9286,-75.1537, ,Philadelphia
 ,1399,2017037220,6,67,67301,2017,4,7,1720,17,1,1,0,1,1, , ,N,0,0,0,3,0,1,8,4,N,N,39 57:26.421,75 09:30.721,1728, ,1721,1,2,3, , ,0,N, , , , ,17215, , , ,4,3,0,0,0,0,1,0,0,0,0,0,1,1,0,0,0,0,0,0,1,0,0,0,0,0,0,0,0,0,0,0,0,0,0,8,0,39.9573,-75.1585, ,Philadelphia
 ,1400,2017034673,6,67,67301,2017,3,6,1256,12,1,2,1,7,3, , ,N,0,0,0,3,0,1,1,1,N,N,40 01:39.540,75 11:27.340,1259, ,1257,2,2,2,N, ,0,Y, , , , ,17216, , , ,1,1,0,0,0,0,0,0,0,0,0,0,1,1,0,0,0,0,0,0,0,0,0,1,0,0,0,0,0,0,0,0,0,0,0,8,0,40.0277,-75.1909, ,Philadelphia
 ,1401,2017037420,6,67,67301,2017,3,6,2200,22,3,1,0,7,4, , ,N,0,0,1,3,0,0,2,1,N, ,39 57:27.498,75 08:50.062,110, ,105, ,0, , , ,0, , , , , ,17217, , , ,1,0,0,0,1,0,0,0,0,0,0,0,0,0,0,0,0,0,0,0,0,0,0,0,0,0,0,0,0,0,0,0,0,0,0,0,0,39.9576,-75.1472, ,Philadelphia
 ,1402,2017035846,6,67,67301,2017,3,1,2000,20,3,1,0,1,1, , ,N,1,2,0,3,0,1,2,2,N,N,40 01:48.341,75 05:17.340,2006, ,2002, ,0, ,N, ,3, , , , , ,17219, , , ,2,0,0,0,0,0,2,0,0,0,0,0,1,1,0,0,0,0,0,0,2,0,0,1,0,0,0,0,0,0,0,0,0,0,0,8,0,40.0301,-75.0881, ,Philadelphia
 ,1403,2017052169,6,67,67301,2017,4,6,750,7,1,1,0,1,1, , ,N,0,0,0,3,0,1,2,2,N,N,40 01:35.395,75 06:59.009,9999, ,9999, ,0, , , ,0, , , , , ,17236, , , ,2,1,0,0,0,0,0,1,0,0,0,1,1,0,0,0,0,0,0,0,0,0,0,2,0,0,0,0,0,0,0,0,0,0,0,4,0,40.0265,-75.1164, ,Philadelphia
 ,1404,2017012485,6,67,67301,2017,1,2,500,5,3,1,0,1,1, , ,N,0,2,0,3,0,6,12,2,N,N,39 56:45.247,75 11:54.258,620, ,600,3,2,2,N, ,3,Y, , , , ,17248, , , ,2,0,0,1,1,0,0,0,0,0,4,0,6,2,0,0,0,0,0,0,1,0,0,1,0,0,0,0,0,0,0,0,0,0,0,3,2,39.9459,-75.1984, ,Philadelphia
 ,1405,2017037989,6,67,67301,2017,3,7,1456,14,1,1,0,1,1, , ,N,0,0,0,3,0,4,5,3,N,N,39 59:23.047,75 12:20.865,1510, ,1458,1,1,4, , ,0,N, , , , ,15978, , , ,3,1,0,0,0,0,2,0,0,0,2,0,4,2,0,0,0,0,0,0,0,0,0,0,0,0,0,0,0,0,0,0,0,0,0,3,0,39.9894,-75.2061, ,Philadelphia
 ,1406,2017055579,6,67,67301,2017,4,3,1430,14,1,1,0,1,1, , ,N,3,2,0,3,0,3,4,2,N,N,40 00:55.139,75 12:29.255,1500, ,1452, ,0, ,N, ,3, , , , , ,15982, , , ,2,2,0,0,0,0,0,0,0,0,0,0,3,3,0,0,0,0,0,0,0,0,0,1,0,0,0,0,0,0,0,0,0,0,0,8,0,40.0153,-75.2081, ,Philadelphia
 ,1407,2017052084,6,67,67301,2017,4,3,2203,22,3,2,1,4,1, , ,N,1,2,0,3,0,2,3,2,N,N,40 01:54.231,75 10:43.900,2300, ,2253, ,0, ,N, ,3, , , , , ,15989, , , ,2,1,0,0,0,1,0,0,0,0,0,1,2,1,0,0,0,0,0,0,0,0,0,1,0,0,0,0,0,0,0,0,0,0,0,4,0,40.0317,-75.1789, ,Philadelphia
N,1408,2017003409,6,67,67301,2017,1,6,315,3,3,4,4,7,4,1,8,Y,0,0,0,3,0,0,1,1,N,N,39 59:07.549,75 05:37.024,315,45,315,1,1,1, , ,0,N,N,N,N,N,15999,N,Y,N,1,1,0,0,0,0,0,0,0,0,0,0,0,0,0,0,0,0,0,0,0,0,0,0,0,0,0,0,0,0,0,0,0,0,0,0,0,39.9854,-75.0936, ,Philadelphia
 ,1409,2017037389,6,67,67301,2017,3,4,2208,22,3,1,0,5,6, , ,N,0,0,0,3,0,0,1,2,N,N,39 55:59.246,75 09:34.798,2220, ,2220, ,0, ,N, ,0, , , , , ,16011, , , ,2,1,0,0,0,0,1,0,0,0,0,0,0,0,0,0,0,0,0,0,0,0,0,0,0,0,0,0,0,0,0,0,0,0,0,0,0,39.9331,-75.1597, ,Philadelphia
 ,1410,2017030698,6,67,67301,2017,3,3,1416,14,1,4,4,7,3, , ,N,0,0,0,3,0,0,2,1,N,N,40 00:32.819,75 12:16.342,1429, ,1416, ,0, , , ,0, , , , , ,16025, , , ,1,0,0,0,0,0,1,0,0,0,0,0,0,0,0,0,0,0,0,0,0,0,0,0,0,0,0,0,0,0,0,0,0,0,0,0,0,40.0091,-75.2045, ,Philadelphia
 ,1411,2017014950,6,67,67301,2017,2,7,518,5,3,1,0,5,1, , ,N,0,0,0,3,0,0,3,3,N,N,40 00:30.195,75 04:12.844,543, ,543,2,2,1, , ,0,N, , , , ,16048, , , ,3,2,0,0,0,0,0,1,0,0,0,0,0,0,0,0,0,0,0,1,0,0,0,0,0,0,0,0,0,0,0,0,0,0,0,0,0,40.0084,-75.0702, ,Philadelphia
 ,1412,2017007789,6,67,67301,2017,1,3,755,7,1,2,1,1,1, , ,N,1,2,0,3,0,2,2,2,N,N,40 02:44.514,75 01:53.568,816, ,814, ,0, ,N, ,3, , , , , ,16055, , , ,2,2,0,0,0,0,0,0,0,0,0,2,2,0,0,0,0,0,0,0,1,0,0,0,0,0,0,0,0,0,0,0,0,0,0,4,0,40.0457,-75.0315, ,Philadelphia