wz_ln_closure,objectid_1,crn,district,county,municipality,crash_year,crash_month,day_of_week,time_of_day,hour_of_day,illumination,weather,road_condition,collision_type,relation_to_road,work_zone_type,work_zone_loc,work_zone_ind,intersect_type,tcd_type,location_type,urban_rural,fatal_count,injury_count,person_count,total_units,sch_bus_ind,sch_zone_ind,latitude,longitude,arrival_tm,cons_zone_spd_lim,dispatch_tm,est_hrs_closed,lane_closed,ln_close_dir,ntfy_hiwy_maint,spec_juris_cd,tcd_func_cd,tfc_detour_ind,workers_pres,wz_close_detour,wz_flagger,wz_law_offcr_ind,objectid,wz_moving,wz_other,wz_shlder_mdn,vehicle_count,automobile_count,motorcycle_count,bus_count,small_truck_count,heavy_truck_count,suv_count,van_count,bicycle_count,maj_inj_count,mod_inj_count,min_inj_count,tot_inj_count,unk_inj_deg_count,unk_inj_per_count,driver_count_16yr,driver_count_17yr,driver_count_18yr,driver_count_19yr,driver_count_20yr,driver_count_50_64yr,driver_count_65_74yr,driver_count_75plus,unbelted_occ_count,unb_death_count,unb_maj_inj_count,belted_death_count,belted_maj_inj_count,mcycle_death_count,mcycle_maj_inj_count,bicycle_death_count,bicycle_maj_inj_count,ped_count,ped_death_count,ped_maj_inj_count,max_severity_level,comm_veh_count,dec_lat,dec_long,rdwy_surf_type_cd,county_name
 ,1413,2017041267,6,67,67301,2017,4,5,1829,18,4,1,0,8,1, , ,N,0,0,0,3,0,4,5,4,N, ,39 59:32.909,75 09:50.854,1835, ,1829, ,0, , , ,0, , , , , ,16070, , , ,1,1,0,0,0,0,0,0,0,0,0,1,4,3,0,0,0,0,0,0,0,0,0,0,0,0,0,0,0,0,0,0,3,0,0,4,0,39.9925,-75.1641, ,Philadelphia
 ,1414,2017052090,6,67,67301,2017,3,5,940,9,1,1,0,8,1, , ,N,1,2,0,3,0,1,2,2,N,N,39 59:46.447,75 10:20.414,1002, ,943, ,0, , , ,3, , , , , ,16081, , , ,1,0,0,0,0,0,1,0,0,0,0,0,1,1,0,0,0,0,0,0,0,0,0,1,0,0,0,0,0,0,0,0,1,0,0,8,0,39.9962,-75.1723, ,Philadelphia
 ,1415,2017058292,6,67,67301,2017,5,1,2337,23,3,1,0,1,1, , ,N,0,0,0,3,0,3,4,3,N,N,39 54:22.908,75 11:34.158,2345, ,2337, ,0, ,N, ,0, , , , , ,16089, , , ,3,2,0,0,0,0,1,0,0,1,1,1,3,0,1,0,0,0,0,0,0,0,0,1,0,0,0,1,0,0,0,0,0,0,0,2,0,39.9064,-75.1928, ,Philadelphia
 ,1416,2017010644,6,67,67301,2017,1,2,1830,18,3,1,0,4,1, , ,N,1,2,0,3,0,4,5,3,N,N,39 59:00.775,75 06:56.157,1940, ,1935, ,0, ,N, ,3, , , , , ,16100, , , ,3,3,0,0,0,0,0,0,0,0,0,4,4,0,0,0,0,0,1,0,0,0,0,2,0,0,0,0,0,0,0,0,0,0,0,4,0,39.9835,-75.1156, ,Philadelphia
 ,1417,2017037521,6,67,67301,2017,3,6,335,3,3,1,8,5,6, , ,N,0,0,0,3,0,0,1,3,N, ,40 02:33.182,75 00:41.986,345, ,342, ,0, , , ,0, , , , , ,16104, , , ,3,2,0,0,0,0,1,0,0,0,0,0,0,0,0,0,0,0,0,0,0,0,0,1,0,0,0,0,0,0,0,0,0,0,0,0,0,40.0426,-75.0117, ,Philadelphia
 ,1418,2017058237,6,67,67301,2017,5,2,1722,17,1,1,0,1,6, , ,N,0,0,0,3,0,0,1,4,N,N,39 56:36.748,75 13:57.086,1722, ,1722,1,2,5,N, ,0,Y, , , , ,16137, , , ,4,3,0,0,0,0,0,1,0,0,0,0,0,0,0,1,0,0,0,0,0,0,0,0,0,0,0,0,0,0,0,0,0,0,0,0,0,39.9435,-75.2325, ,Philadelphia
 ,1419,2017063908,6,67,67301,2017,6,5,1757,17,1,1,0,1,1, , ,N,0,0,0,3,0,0,5,4,N,N,39 57:33.999,75 10:27.770,1812, ,1759,1,1,4, , ,0,N, , , , ,16139, , , ,4,0,0,0,1,0,3,0,0,0,0,0,0,0,0,0,0,0,0,1,3,0,0,0,0,0,0,0,0,0,0,0,0,0,0,0,0,39.9594,-75.174, ,Philadelphia
 ,1420,2017008876,6,67,67301,2017,1,1,2032,20,3,1,0,1,1, , ,N,0,0,0,3,0,0,4,4,N,N,39 55:41.197,75 11:46.370,2055, ,2047,2,1,3, , ,0,N, , , , ,16146, , , ,4,2,0,0,1,0,1,0,0,0,0,0,0,0,0,0,0,0,0,0,0,0,1,1,0,0,0,0,0,0,0,0,0,0,0,0,0,39.9281,-75.1962, ,Philadelphia
 ,1421,2017026041,6,67,67301,2017,3,7,1332,13,1,1,0,1,1, , ,N,0,0,0,3,0,0,6,2,N,N,39 57:34.262,75 10:33.492,1344, ,1338,2,2,3, , ,0,N, , , , ,16160, , , ,2,1,0,0,0,1,0,0,0,0,0,0,0,0,0,0,0,0,0,0,1,0,0,0,0,0,0,0,0,0,0,0,0,0,0,0,1,39.9595,-75.176, ,Philadelphia
 ,1422,2017043553,6,67,67301,2017,4,2,1034,10,1,2,1,0,1, , ,N,0,0,0,3,0,1,1,1,N,N,39 57:15.601,75 08:29.049,1040, ,1040,1,1,1, , ,0,N, , , , ,16169, , , ,1,0,1,0,0,0,0,0,0,0,1,0,1,0,0,0,0,0,0,0,1,0,0,0,0,0,0,0,0,0,0,0,0,0,0,3,0,39.9543,-75.1414, ,Philadelphia
 ,1423,2017052203,6,67,67301,2017,4,4,1520,15,1,1,0,1,1, , ,N,1,2,0,3,0,1,2,2,N,N,40 01:04.807,75 08:57.222,1527, ,1525, ,0, , , ,3, , , , , ,16189, , , ,2,2,0,0,0,0,0,0,0,0,0,1,1,0,0,0,0,0,0,1,0,0,0,0,0,0,0,0,0,0,0,0,0,0,0,4,0,40.0179,-75.1493, ,Philadelphia
 ,1424,2017021990,6,67,67301,2017,2,7,2150,21,3,1,0,4,1, , ,N,2,3,0,3,0,1,4,3,N,N,39 57:56.786,75 13:17.554,2155, ,2151, ,0, , , ,3, , , , , ,16216, , , ,3,3,0,0,0,0,0,0,0,0,0,1,1,0,0,0,0,0,0,0,0,0,0,0,0,0,0,0,0,0,0,0,0,0,0,4,0,39.9658,-75.2215, ,Philadelphia
 ,1425,2017041419,6,67,67301,2017,3,5,2347,23,3,2,1,4,1, , ,N,3,0,0,3,0,1,3,2,N, ,39 58:30.244,75 10:05.352,0, ,2355, ,0, , , ,0, , , , , ,16220, , , ,2,1,0,0,0,0,1,0,0,0,1,0,1,0,0,0,0,0,0,0,0,0,0,0,0,0,0,0,0,0,0,0,0,0,0,3,0,39.9751,-75.1682, ,Philadelphia
 ,1426,2017060458,6,67,67301,2017,5,5,1525,15,1,1,0,8,1, , ,N,1,3,0,3,0,1,2,2,N,N,39 57:44.442,75 08:35.070,1530, ,1530, ,0, ,N, ,3, , , , , ,16236, , , ,1,0,0,0,1,0,0,0,0,0,0,0,1,1,0,0,0,0,0,0,0,0,0,1,0,0,0,0,0,0,0,0,1,0,0,8,0,39.9623,-75.1431, ,Philadelphia
 ,1427,2017010583,6,67,67301,2017,1,4,625,6,3,2,1,4,6, , ,N,0,0,7,3,0,2,3,2,N,N,40 02:35.000,75 06:14.744,633, ,630, ,0, ,N, ,0, , , , , ,16244, , , ,2,2,0,0,0,0,0,0,0,0,0,1,2,1,0,0,0,0,0,0,1,0,0,0,0,0,0,0,0,0,0,0,0,0,0,4,0,40.0431,-75.1041, ,Philadelphia
 ,1428,2017008761,6,67,67301,2017,1,3,645,6,1,2,1,4,1, , ,N,0,0,0,3,0,0,3,3,N,N,40 06:10.740,75 01:46.620,705, ,659, ,0, ,N, ,0, , , , , ,16248, , , ,3,1,0,0,2,0,0,0,0,0,0,0,0,0,0,0,0,0,0,0,0,0,0,0,0,0,0,0,0,0,0,0,0,0,0,0,0,40.103,-75.0296, ,Philadelphia
 ,1429,2017052125,6,67,67301,2017,4,7,1745,17,1,1,0,4,1, , ,N,1,2,0,3,0,1,2,2,N,N,39 59:06.255,75 14:50.557,1750, ,1750, ,0, ,N, ,3, , , , , ,16269, , , ,2,2,0,0,0,0,0,0,0,0,1,0,1,0,0,0,0,0,0,0,1,0,0,1,0,0,0,0,0,0,0,0,0,0,0,3,0,39.9851,-75.2474, ,Philadelphia
 ,1430,2017050546,6,67,67301,2017,4,1,1129,11,1,1,0,1,1, , ,N,0,0,0,3,0,2,2,2,N,N,39 56:39.216,75 11:30.872,1137, ,1129, ,0, , , ,0, , , , , ,16272, , , ,2,2,0,0,0,0,0,0,0,0,0,2,2,0,0,0,0,0,0,0,2,0,0,0,0,0,0,0,0,0,0,0,0,0,0,4,0,39.9442,-75.1919, ,Philadelphia
 ,1431,2017057748,6,67,67301,2017,6,2,1410,14,1,2,1,7,1, , ,N,0,0,0,3,0,0,1,1,N,N,39 56:40.801,75 11:52.598,1428, ,1420,1,1,1,N, ,0,N, , , , ,16278, , , ,1,1,0,0,0,0,0,0,0,0,0,0,0,0,0,0,0,0,0,0,0,0,0,0,0,0,0,0,0,0,0,0,0,0,0,0,0,39.9446,-75.1979, ,Philadelphia
 ,1432,2017068044,6,67,67301,2017,6,6,2320,23,3,1,0,4,1, , ,N,1,2,0,3,0,1,2,2,N, ,39 57:25.245,75 12:47.990,2341, ,2332,2,1,3, , ,3,N, , , , ,16282, , , ,2,1,0,0,0,0,0,0,0,0,0,1,1,0,0,0,0,0,0,0,0,0,0,1,0,0,0,0,0,0,0,0,0,0,0,4,0,39.957,-75.2133, ,Philadelphia
 ,1433,2017010570,6,67,67301,2017,1,3,1740,17,3,2,1,4,1, , ,N,1,2,0,3,0,2,3,3,N,N,39 58:07.273,75 14:01.917,9999, ,9999, ,0, ,N, ,3, , , , , ,16288, , , ,2,2,0,0,0,0,0,0,0,0,0,2,2,0,0,0,0,0,0,0,1,0,0,0,0,0,0,0,0,0,0,0,1,0,0,4,0,39.9687,-75.2339, ,Philadelphia
 ,1434,2017014048,6,67,67301,2017,1,7,1948,19,3,1,0,1,1, , ,N,0,0,0,3,0,0,2,2,N, ,40 06:15.934,75 01:53.719,1952, ,1948,2,1,4, , ,0,N, , , , ,16295, , , ,2,0,0,0,0,0,2,0,0,0,0,0,0,0,1,0,0,0,0,1,1,0,0,0,0,0,0,0,0,0,0,0,0,0,0,9,0,40.1044,-75.0316, ,Philadelphia
 ,1435,2017033496,6,67,67301,2017,3,4,9999,99,3,1,0,4,1, , ,N,3,0,0,3,0,1,2,2,N,N,40 01:33.940,75 05:41.207,9999, ,9999, ,0, ,N, ,0, , , , , ,16299, , , ,2,2,0,0,0,0,0,0,0,0,0,1,1,0,1,0,0,0,0,0,1,0,0,0,0,0,0,0,0,0,0,0,0,0,0,4,0,40.0261,-75.0948, ,Philadelphia
 ,1436,2017041120,6,67,67301,2017,4,4,904,9,1,1,0,8,1, , ,N,0,0,0,3,0,1,2,2,N,N,39 56:56.209,75 14:24.262,920, ,917, ,0, ,N, ,0, , , , , ,16304, , , ,1,1,0,0,0,0,0,0,0,0,0,1,1,0,0,0,0,0,0,0,0,0,0,0,0,0,0,0,0,0,0,0,1,0,0,4,0,39.9489,-75.2401, ,Philadelphia
 ,1437,2017063407,6,67,67301,2017,6,2,2045,20,3,1,1,7,3, , ,N,0,8,3,3,0,2,3,1,N,N,39 57:18.700,75 08:49.400,2046, ,2045,1,2,4,Y, ,3,N, , , , ,16329, , , ,1,0,0,0,0,0,1,0,0,0,2,0,2,0,0,0,0,0,1,0,0,0,0,0,0,0,0,0,0,0,0,0,0,0,0,3,0,39.9552,-75.1471, ,Philadelphia
 ,1438,2017013995,6,67,67301,2017,1,6,1454,14,1,1,0,1,1, , ,N,0,0,0,3,0,0,2,2,N,N,39 55:02.462,75 12:48.379,1454, ,1454, ,0, ,N, ,0, , , , , ,16346, , , ,2,1,0,0,0,0,0,0,0,0,0,0,0,0,0,0,0,0,0,0,1,0,0,0,0,0,0,0,0,0,0,0,0,0,0,0,0,39.9174,-75.2134, ,Philadelphia
 ,1439,2017033512,6,67,67301,2017,2,4,1458,14,1,1,0,8,1, , ,N,1,2,0,3,0,1,2,2,N,N,39 55:20.218,75 09:12.483,1502, ,1458, ,0, ,N, ,3, , , , , ,16354, , , ,1,0,0,0,0,0,0,0,0,0,0,1,1,0,0,0,0,0,0,0,0,0,0,0,0,0,0,0,0,0,0,0,1,0,0,4,0,39.9223,-75.1534, ,Philadelphia
 ,1440,2017043831,6,67,67301,2017,4,3,1210,12,1,1,0,1,1, , ,N,0,0,0,3,0,1,2,2,N,N,40 00:37.160,75 03:43.579,1225, ,1217, ,0, ,N, ,0, , , , , ,16356, , , ,2,2,0,0,0,0,0,0,0,0,0,0,1,1,0,0,0,0,0,0,1,0,0,1,0,0,0,0,0,0,0,0,0,0,0,8,0,40.0103,-75.0621, ,Philadelphia
 ,1441,2017041883,6,67,67301,2017,4,3,850,8,1,1,0,1,1, , ,N,0,0,0,3,0,0,3,2,N,N,40 01:57.821,75 01:15.545,904, ,852,2,2,2, , ,0,N, , , , ,18374, , , ,2,0,0,0,0,0,2,0,0,0,0,0,0,0,0,0,0,0,0,0,0,0,0,0,0,0,0,0,0,0,0,0,0,0,0,0,0,40.0327,-75.021, ,Philadelphia
 ,1442,2017031635,6,67,67301,2017,2,2,749,7,1,1,0,1,1, , ,N,6,0,2,3,0,0,2,2,N,N,39 56:55.149,75 11:07.689,752, ,749,1,1,4, , ,0,N, , , , ,18376, , , ,2,2,0,0,0,0,0,0,0,0,0,0,0,0,0,0,0,0,0,0,0,0,0,0,0,0,0,0,0,0,0,0,0,0,0,0,0,39.9487,-75.1855, ,Philadelphia
 ,1443,2017043780,6,67,67301,2017,4,2,1655,16,1,1,0,1,1, , ,N,0,0,0,3,0,1,7,4,N,N,40 05:27.057,75 01:58.331,1705, ,1658, ,0, ,N, ,0, , , , , ,18386, , , ,4,3,0,0,0,0,1,0,0,0,0,0,1,1,0,0,0,0,0,0,0,0,0,4,0,0,0,0,0,0,0,0,0,0,0,8,0,40.0908,-75.0329, ,Philadelphia
 ,1444,2017028893,6,67,67301,2017,2,1,1935,19,3,1,0,5,1, , ,N,0,0,0,3,0,6,7,2,N,N,40 04:38.215,74 57:53.448,1945, ,1939,2,1,3, , ,0,N, , , , ,18421, , , ,2,2,0,0,0,0,0,0,0,0,0,1,6,5,0,0,0,0,0,0,0,0,0,7,0,0,0,0,0,0,0,0,0,0,0,4,0,40.0773,-74.9648, ,Philadelphia
 ,1445,2017048780,6,67,67301,2017,5,6,2300,23,3,2,1,5,1, , ,N,0,0,0,3,0,0,1,2,N,N,39 57:02.667,75 12:15.296,2306, ,2305, ,0, ,N, ,0, , , , , ,18439, , , ,2,2,0,0,0,0,0,0,0,0,0,0,0,0,0,0,0,0,0,0,0,0,0,0,0,0,0,0,0,0,0,0,0,0,0,0,0,39.9507,-75.2042, ,Philadelphia
 ,1446,2017058278,6,67,67301,2017,5,7,55,0,3,1,0,8,1, , ,N,0,0,0,3,0,1,2,2,N,N,39 54:43.954,75 14:35.198,58, ,55, ,0, ,N, ,0, , , , , ,18441, , , ,1,1,0,0,0,0,0,0,0,0,0,0,1,1,0,0,0,0,0,0,0,0,0,1,0,0,0,0,0,0,0,0,1,0,0,8,0,39.9122,-75.2431, ,Philadelphia
 ,1447,2017001382,6,67,67301,2017,1,2,1608,16,1,2,1,7,4, , ,N,0,0,0,3,0,1,2,1,N,N,39 55:24.160,75 11:32.076,1610, ,1608,2,1,4, , ,0,N, , , , ,18448, , , ,1,1,0,0,0,0,0,0,0,0,1,0,1,0,0,0,0,0,0,0,0,0,0,1,0,0,0,0,0,0,0,0,0,0,0,3,0,39.9234,-75.1922, ,Philadelphia
Y,1448,2017019338,6,67,67301,2017,1,3,2227,22,3,1,0,7,2,2,2,Y,0,0,0,3,0,2,3,2,N,N,39 56:59.295,75 11:02.445,2330,50,2259, ,0, , , ,0, ,N,N,N,N,18506,N,N,N,2,1,0,0,1,0,0,0,0,0,2,0,2,0,0,0,0,0,1,0,0,0,0,1,0,0,0,0,0,0,0,0,0,0,0,3,0,39.9498,-75.184, ,Philadelphia
 ,1449,2017041150,6,67,67301,2017,3,3,2051,20,3,2,1,7,3, , ,N,0,0,0,3,0,1,1,1,N,N,40 07:07.474,74 58:53.034,2100, ,2055,3,1,5, , ,0,N, , , , ,18511, , , ,1,1,0,0,0,0,0,0,0,0,0,0,1,1,0,0,0,0,0,0,0,0,0,0,0,0,0,0,0,0,0,0,0,0,0,8,0,40.1191,-74.9809, ,Philadelphia
 ,1450,2017022940,6,67,67301,2017,2,2,2238,22,3,1,0,8,6, , ,N,0,0,0,3,0,1,2,2,N,N,39 57:19.454,75 11:17.201,2241, ,2238, ,0, ,N, ,0, , , , , ,18512, , , ,1,1,0,0,0,0,0,0,0,0,0,0,1,1,0,0,0,0,0,0,0,0,0,1,0,0,0,0,0,0,0,0,1,0,0,8,0,39.9554,-75.1881, ,Philadelphia
 ,1451,2017051063,6,67,67301,2017,5,2,1541,15,1,1,0,1,1, , ,N,0,0,0,3,0,0,2,2,N,N,39 58:05.290,75 07:47.242,1553, ,1553,1,1,1, , ,0,N, , , , ,18530, , , ,2,0,0,0,1,0,0,1,0,0,0,0,0,0,0,0,0,0,0,0,1,0,0,0,0,0,0,0,0,0,0,0,0,0,0,0,0,39.9681,-75.1298, ,Philadelphia
 ,1452,2017013944,6,67,67301,2017,1,6,2129,21,3,1,0,8,1, , ,N,0,0,0,3,0,1,2,2,N, ,40 03:35.794,75 09:00.577,2230, ,2224, ,0, , , ,0, , , , , ,18549, , , ,1,0,0,0,0,0,1,0,0,0,0,0,1,1,0,0,0,0,0,0,1,0,0,0,0,0,0,0,0,0,0,0,1,0,0,8,0,40.0599,-75.1502, ,Philadelphia
 ,1453,2017041402,6,67,67301,2017,3,5,1100,11,1,1,0,8,1, , ,N,0,0,0,3,0,1,2,2,N,Y,40 01:50.267,75 13:48.483,2100, ,2100, ,0, , , ,0, , , , , ,18560, , , ,1,1,0,0,0,0,0,0,0,0,1,0,1,0,0,0,0,0,0,0,0,0,0,1,0,0,0,0,0,0,0,0,1,0,0,3,0,40.0306,-75.2301, ,Philadelphia
 ,1454,2017023955,6,67,67301,2017,3,4,1330,13,1,1,0,8,6, , ,N,0,0,0,3,0,1,2,2, , ,39 57:12.503,75 11:50.430,1340, ,1330, ,0, , , ,0, , , , , ,18569, , , ,1,0,0,0,0,0,1,0,0,0,0,0,1,1,1,0,0,0,0,0,1,0,0,0,0,0,0,0,0,0,0,0,1,0,0,8,0,39.9535,-75.1973, ,Philadelphia
 ,1455,2017041170,6,67,67301,2017,4,1,1240,12,1,1,0,4,1, , ,N,1,3,0,3,0,1,3,2,N,N,40 00:29.331,75 06:21.926,1241, ,1240,9,1,7, , ,3,N, , , , ,18572, , , ,2,2,0,0,0,0,0,0,0,0,1,0,1,0,0,0,0,0,0,0,0,0,0,1,0,0,0,0,0,0,0,0,0,0,0,3,0,40.0081,-75.1061, ,Philadelphia
 ,1456,2017050297,6,67,67301,2017,3,4,720,7,1,1,0,1,1, , ,N,0,0,0,3,0,0,2,2,N,N,39 59:36.491,75 05:05.752,737, ,723, ,0, , , ,0, , , , , ,18587, , , ,2,0,0,0,0,0,1,1,0,0,0,0,0,0,0,0,0,0,0,0,1,0,0,0,0,0,0,0,0,0,0,0,0,0,0,0,0,39.9935,-75.0849, ,Philadelphia
 ,1457,2017010998,6,67,67301,2017,1,5,850,8,1,2,1,4,1, , ,N,0,0,7,3,0,0,4,3,N,N,39 58:58.544,75 09:24.752,905, ,900, ,0, ,N, ,0, , , , , ,18598, , , ,3,2,0,0,0,0,0,1,0,0,0,0,0,0,0,0,0,0,0,0,0,0,0,0,0,0,0,0,0,0,0,0,0,0,0,0,0,39.9829,-75.1569, ,Philadelphia
 ,1458,2017014056,6,67,67301,2017,1,4,715,7,1,1,0,4,1, , ,N,2,3,0,3,0,2,2,2,N,Y,39 55:23.268,75 13:35.741,741, ,741,2,1,2,N, ,3,N, , , , ,18603, , , ,2,2,0,0,0,0,0,0,0,0,0,1,2,1,0,0,0,0,0,0,1,0,0,1,0,0,0,0,0,0,0,0,0,0,0,4,0,39.9231,-75.2266, ,Philadelphia
 ,1459,2017020506,6,67,67301,2017,2,1,128,1,3,1,0,5,6, , ,N,0,0,0,3,0,0,1,2,N,N,39 58:44.273,75 09:36.172,130, ,130,1,1,3,N, ,0,N, , , , ,18619, , , ,2,0,0,0,0,0,2,0,0,0,0,0,0,0,0,0,0,0,0,0,0,0,0,0,0,0,0,0,0,0,0,0,0,0,0,0,0,39.979,-75.16, ,Philadelphia
 ,1460,2017058245,6,67,67301,2017,5,2,1140,11,1,1,0,8,1, , ,N,1,2,0,3,0,1,2,2,N,N,39 58:13.825,75 14:03.137,1150, ,1147,1,1,4,N, ,3,N, , , , ,18635, , , ,1,0,0,0,0,0,0,1,0,0,0,0,1,1,0,0,0,0,0,0,0,0,0,0,0,0,0,0,0,0,0,0,1,0,0,8,0,39.9705,-75.2342, ,Philadelphia
 ,1461,2017006328,6,67,67301,2017,1,7,1646,16,1,1,0,1,1, , ,N,0,0,2,3,0,0,3,2,N,N,39 57:19.596,75 08:52.975,1647, ,1646, ,0, ,N, ,0, , , , , ,18649, , , ,2,1,0,0,0,0,1,0,0,0,0,0,0,0,0,0,0,0,0,0,1,0,0,0,0,0,0,0,0,0,0,0,0,0,0,0,0,39.9554,-75.148, ,Philadelphia
 ,1462,2017019098,6,67,67301,2017,1,5,1140,11,1,1,2,4,1, , ,N,1,2,0,3,0,1,3,2,N, ,40 01:20.289,75 09:43.290,1145, ,1145, ,0, , , ,3, , , , , ,18742, , , ,2,0,0,0,0,0,1,1,0,0,0,1,1,0,0,0,0,0,0,0,0,0,0,0,0,0,0,0,0,0,0,0,0,0,0,4,0,40.0223,-75.162, ,Philadelphia
 ,1463,2017037530,6,67,67301,2017,3,5,1811,18,4,8,1,8,1, , ,N,1,2,0,3,0,1,2,2,N, ,40 01:13.862,75 03:13.412,1816, ,1812, ,0, , , ,3, , , , , ,18764, , , ,1,0,0,0,0,0,1,0,0,0,0,0,1,1,0,0,0,0,0,0,0,0,0,1,0,0,0,0,0,0,0,0,1,0,0,8,0,40.0205,-75.0537, ,Philadelphia
 ,1464,2017043889,6,67,67301,2017,4,2,614,6,1,1,0,4,1, , ,N,3,3,0,3,0,1,2,2,N, ,40 04:13.704,75 09:18.759,626, ,623,9,2,6, , ,3,Y, , , , ,18857, , , ,2,1,1,0,0,0,0,0,0,0,0,0,1,1,0,0,0,0,0,0,0,1,0,1,0,0,0,0,0,0,0,0,0,0,0,8,0,40.0705,-75.1552, ,Philadelphia
 ,1465,2017043900,6,67,67301,2017,4,1,2150,21,3,1,0,8,1, , ,N,1,2,0,3,0,1,3,2,N,N,40 01:17.597,75 07:27.667,2244, ,2244, ,0, ,N, ,3, , , , , ,18858, , , ,1,0,0,0,0,0,1,0,0,0,0,1,1,0,0,0,0,0,0,0,1,0,0,0,0,0,0,0,0,0,0,0,1,0,0,4,0,40.0216,-75.1244, ,Philadelphia
 ,1466,2017014095,6,67,67301,2017,1,1,1800,18,3,9,6,8,1, , ,N,1,3,0,3,0,1,2,2,N,N,40 00:27.973,75 08:22.555,1708, ,1700, ,0, ,N, ,3, , , , , ,18888, , , ,1,1,0,0,0,0,0,0,0,0,0,0,1,1,0,0,0,0,0,0,0,0,0,0,0,0,0,0,0,0,0,0,1,0,0,8,0,40.0078,-75.1396, ,Philadelphia
 ,1467,2017017675,6,67,67301,2017,2,6,1516,15,1,1,0,3,1, , ,N,6,0,2,3,0,1,2,2,N,N,40 02:55.073,74 59:54.825,1525, ,1516, ,0, , , ,0, , , , , ,18895, , , ,2,1,0,0,0,0,1,0,0,0,0,0,1,1,1,0,0,0,0,0,1,0,0,0,0,0,0,0,0,0,0,0,0,0,0,8,0,40.0486,-74.9986, ,Philadelphia
 ,1468,2017021561,6,67,67301,2017,2,5,940,9,1,4,3,7,3, , ,N,0,0,0,3,0,0,1,1,N,N,40 03:59.922,75 00:10.148,954, ,940,1,1,4,N, ,0,N, , , , ,18903, , , ,1,0,0,0,0,0,0,1,0,0,0,0,0,0,0,0,0,0,1,0,0,0,0,0,0,0,0,0,0,0,0,0,0,0,0,0,0,40.0666,-75.0028, ,Philadelphia
 ,1469,2017061973,6,67,67301,2017,6,4,1539,15,1,1,0,5,1, , ,N,6,0,2,3,0,2,4,2,N,N,39 59:35.013,75 05:06.819,1601, ,1540,2,1,1, , ,0,N, , , , ,18927, , , ,2,0,0,0,0,0,2,0,0,0,0,0,2,2,0,0,0,0,0,0,0,0,0,0,0,0,0,0,0,0,0,0,0,0,0,8,0,39.9931,-75.0852, ,Philadelphia
 ,1470,2017019172,6,67,67301,2017,1,7,1737,17,3,1,0,4,1, , ,N,3,2,0,3,0,2,2,2,N,N,39 56:36.552,75 14:48.306,1749, ,1747, ,0, ,N, ,3, , , , , ,18935, , , ,2,1,0,0,0,0,1,0,0,0,0,2,2,0,0,0,0,0,0,0,1,0,0,0,0,0,0,0,0,0,0,0,0,0,0,4,0,39.9435,-75.2468, ,Philadelphia
 ,1471,2017035849,6,67,67301,2017,3,4,840,8,1,1,0,7,4, , ,N,0,0,0,3,0,1,4,1,N,N,40 00:25.157,75 11:30.958,848, ,846, ,0, ,N, ,0, , , , , ,18944, , , ,1,1,0,0,0,0,0,0,0,0,0,0,1,1,0,0,0,0,0,0,0,0,0,0,0,0,0,0,0,0,0,0,0,0,0,8,0,40.007,-75.192, ,Philadelphia
 ,1472,2017030422,6,67,67301,2017,3,3,1530,15,1,7,4,7,2, , ,N,0,0,0,3,0,0,1,1,N,N,39 56:58.972,75 08:30.447,1536, ,1530, ,0, , , ,0, , , , , ,18953, , , ,1,0,0,0,0,0,1,0,0,0,0,0,0,0,0,0,0,0,0,0,0,0,0,0,0,0,0,0,0,0,0,0,0,0,0,0,0,39.9497,-75.1418, ,Philadelphia
 ,1473,2017067733,6,67,67301,2017,5,2,320,3,3,2,1,7,1, , ,N,0,0,0,3,0,0,3,2,N,N,39 59:51.036,75 09:06.760,330, ,326,9,2,3,N, ,0,Y, , , , ,18968, , , ,2,2,0,0,0,0,0,0,0,0,0,0,0,0,1,0,0,0,0,0,0,0,0,0,0,0,0,0,0,0,0,0,0,0,0,9,0,39.9975,-75.1519, ,Philadelphia
 ,1474,2017021513,6,67,67301,2017,2,4,2340,23,3,1,0,6,1, , ,N,2,0,0,3,0,0,2,4,N,N,40 00:12.427,75 08:34.022,35, ,33, ,0, , , ,0, , , , , ,19003, , , ,4,2,0,0,0,0,2,0,0,0,0,0,0,0,1,0,0,0,0,0,0,0,0,0,0,0,0,0,0,0,0,0,0,0,0,9,0,40.0035,-75.1428, ,Philadelphia
 ,1475,2017052073,6,67,67301,2017,4,1,1855,18,1,1,0,8,1, , ,N,1,3,0,3,0,1,2,2,N,N,40 03:17.729,75 11:04.052,1915, ,1909, ,0, ,N, ,3, , , , , ,19020, , , ,1,1,0,0,0,0,0,0,0,0,0,1,1,0,1,0,0,0,0,0,0,0,0,0,0,0,0,0,0,0,0,0,1,0,0,4,0,40.0549,-75.1845, ,Philadelphia
 ,1476,2017017681,6,67,67301,2017,2,7,1257,12,1,1,0,1,1, , ,N,0,0,0,3,0,1,2,2,N,N,40 00:04.801,75 11:41.897,1311, ,1257, ,0, , , ,0, , , , , ,19029, , , ,2,1,0,0,0,0,0,1,0,0,1,0,1,0,0,0,0,0,0,0,1,1,0,0,0,0,0,0,0,0,0,0,0,0,0,3,0,40.0013,-75.195, ,Philadelphia
 ,1477,2017003974,6,67,67301,2017,1,6,126,1,3,4,3,7,4, , ,N,0,0,0,3,0,0,2,1,N,N,40 01:40.401,75 01:27.700,133, ,126,1,1,2, , ,0,N, , , , ,19467, , , ,1,0,0,0,0,0,1,0,0,0,0,0,0,0,0,0,0,0,0,0,0,0,0,0,0,0,0,0,0,0,0,0,0,0,0,0,0,40.0279,-75.0244, ,Philadelphia