wz_ln_closure,objectid_1,crn,district,county,municipality,crash_year,crash_month,day_of_week,time_of_day,hour_of_day,illumination,weather,road_condition,collision_type,relation_to_road,work_zone_type,work_zone_loc,work_zone_ind,intersect_type,tcd_type,location_type,urban_rural,fatal_count,injury_count,person_count,total_units,sch_bus_ind,sch_zone_ind,latitude,longitude,arrival_tm,cons_zone_spd_lim,dispatch_tm,est_hrs_closed,lane_closed,ln_close_dir,ntfy_hiwy_maint,spec_juris_cd,tcd_func_cd,tfc_detour_ind,workers_pres,wz_close_detour,wz_flagger,wz_law_offcr_ind,objectid,wz_moving,wz_other,wz_shlder_mdn,vehicle_count,automobile_count,motorcycle_count,bus_count,small_truck_count,heavy_truck_count,suv_count,van_count,bicycle_count,maj_inj_count,mod_inj_count,min_inj_count,tot_inj_count,unk_inj_deg_count,unk_inj_per_count,driver_count_16yr,driver_count_17yr,driver_count_18yr,driver_count_19yr,driver_count_20yr,driver_count_50_64yr,driver_count_65_74yr,driver_count_75plus,unbelted_occ_count,unb_death_count,unb_maj_inj_count,belted_death_count,belted_maj_inj_count,mcycle_death_count,mcycle_maj_inj_count,bicycle_death_count,bicycle_maj_inj_count,ped_count,ped_death_count,ped_maj_inj_count,max_severity_level,comm_veh_count,dec_lat,dec_long,rdwy_surf_type_cd,county_name
 ,1478,2017035756,6,67,67301,2017,3,4,1940,19,3,9,0,8,1, , ,N,1,3,0,3,0,1,2,2,N,N,39 59:32.171,75 10:40.583,1940, ,1940, ,0, ,N, ,3, , , , , ,19526, , , ,1,1,0,0,0,0,0,0,0,0,0,0,1,1,0,0,0,0,0,0,0,0,0,1,0,0,0,0,0,0,0,0,1,0,0,8,0,39.9923,-75.1779, ,Philadelphia
 ,1479,2017021581,6,67,67301,2017,2,3,1030,10,1,9,1,8,1, , ,N,5,2,0,3,0,1,2,2,N,N,40 00:21.196,75 08:59.283,1928, ,1923, ,0, ,N, ,3, , , , , ,19538, , , ,1,0,0,0,0,0,0,0,0,0,0,1,1,0,0,0,0,0,0,0,0,0,0,0,0,0,0,0,0,0,0,0,1,0,0,4,0,40.0059,-75.1498, ,Philadelphia
 ,1480,2017052388,6,67,67301,2017,5,3,200,2,3,1,0,1,1, , ,N,5,2,0,3,0,0,2,2,N,N,39 58:50.024,75 10:20.673,202, ,201, ,0, ,N, ,3, , , , , ,19547, , , ,2,1,0,0,0,0,1,0,0,0,0,0,0,0,0,0,0,0,0,0,0,0,0,0,0,0,0,0,0,0,0,0,0,0,0,0,0,39.9806,-75.1724, ,Philadelphia
 ,1481,2017052152,6,67,67301,2017,4,2,2305,23,3,1,0,4,1, , ,N,1,2,0,3,0,1,4,2,N,N,39 57:29.061,75 09:44.627,2312, ,2308, ,0, ,N, ,3, , , , , ,19552, , , ,2,1,0,0,0,0,1,0,0,0,0,1,1,0,0,0,0,0,0,0,0,0,0,0,0,0,0,0,0,0,0,0,0,0,0,4,0,39.9581,-75.1624, ,Philadelphia
 ,1482,2017012403,6,67,67301,2017,1,6,640,6,1,1,0,1,1, , ,N,0,0,0,3,0,3,5,3,N,N,39 58:51.154,75 12:23.062,648, ,648, ,0, , , ,0, , , , , ,19557, , , ,3,3,0,0,0,0,0,0,0,0,3,0,3,0,0,0,0,0,0,0,0,0,0,0,0,0,0,0,0,0,0,0,0,0,0,3,0,39.9809,-75.2064, ,Philadelphia
 ,1483,2017037434,6,67,67301,2017,3,7,1515,15,1,2,1,4,1, , ,N,2,0,0,3,0,1,2,2,N, ,40 00:33.874,75 06:14.952,9999, ,9999, ,0, ,N, ,0, , , , , ,19574, , , ,2,1,0,0,0,0,1,0,0,0,0,1,1,0,1,0,0,0,0,0,0,0,0,0,0,0,0,0,0,0,0,0,0,0,0,4,0,40.0094,-75.1042, ,Philadelphia
 ,1484,2017045749,6,67,67301,2017,4,6,1515,15,1,1,0,8,1, , ,N,1,2,0,3,0,1,2,2,N,N,39 57:07.822,75 08:42.804,1525, ,1520, ,0, ,N, ,3, , , , , ,19580, , , ,1,0,0,0,0,0,0,1,0,0,0,0,1,1,0,0,0,0,0,0,0,1,0,0,0,0,0,0,0,0,0,0,1,0,0,8,0,39.9522,-75.1452, ,Philadelphia
 ,1485,2017018998,6,67,67301,2017,1,1,1835,18,2,1,0,6,6, , ,N,0,0,0,3,0,0,2,5,N,N,40 01:44.895,75 03:12.827,1843, ,1840,3,2,3,N, ,0,N, , , , ,19586, , , ,5,4,0,0,0,0,1,0,0,0,0,0,0,0,0,0,0,0,0,0,0,0,0,2,0,0,0,0,0,0,0,0,0,0,0,0,0,40.0291,-75.0536, ,Philadelphia
 ,1486,2017021977,6,67,67301,2017,2,1,745,7,1,1,0,1,6, , ,N,0,0,0,3,0,2,2,3,N,N,40 03:50.610,75 01:21.896,805, ,752, ,0, ,N, ,0, , , , , ,19593, , , ,2,1,0,0,0,0,1,0,0,0,1,1,2,0,0,0,0,0,0,0,0,0,0,0,0,0,0,0,0,0,0,0,0,0,0,3,0,40.0641,-75.0227, ,Philadelphia
 ,1487,2017052768,6,67,67301,2017,5,1,335,3,3,1,0,7,2, , ,N,7,0,2,3,0,0,1,1,N,N,39 59:50.669,75 04:55.143,336, ,335, ,0, , , ,0, , , , , ,19602, , , ,1,1,0,0,0,0,0,0,0,0,0,0,0,0,0,0,0,0,0,0,0,0,0,0,0,0,0,0,0,0,0,0,0,0,0,0,0,39.9974,-75.082, ,Philadelphia
 ,1488,2017051857,6,67,67301,2017,5,3,1817,18,1,1,0,1,1, , ,N,0,0,3,3,0,0,3,2,N,N,39 54:24.500,75 08:18.200,1817, ,1817,1,2,3,N, ,0,N, , , , ,19603, , , ,2,1,0,0,1,0,0,0,0,0,0,0,0,0,0,0,0,0,0,0,0,0,0,0,0,0,0,0,0,0,0,0,0,0,0,0,0,39.9068,-75.1384, ,Philadelphia
 ,1489,2017040653,6,67,67301,2017,4,5,154,1,3,1,0,4,1, , ,N,2,3,0,3,0,0,3,6,N,N,39 58:49.975,75 09:36.059,154, ,154,2,2,7,N, ,3,Y, , , , ,19617, , , ,6,3,0,0,0,0,3,0,0,0,0,0,0,0,0,0,0,0,0,0,0,0,0,0,0,0,0,0,0,0,0,0,0,0,0,0,0,39.9805,-75.16, ,Philadelphia
 ,1490,2017033031,6,67,67301,2017,2,7,220,2,3,1,0,5,6, , ,N,0,0,0,3,0,0,1,4,N,N,40 00:04.923,75 09:04.043,310, ,305,2,1,4,N, ,0,N, , , , ,19619, , , ,4,2,0,0,0,0,2,0,0,0,0,0,0,0,0,0,0,0,0,0,0,0,0,0,0,0,0,0,0,0,0,0,0,0,0,0,0,40.0014,-75.1511, ,Philadelphia
 ,1491,2017041408,6,67,67301,2017,4,2,110,1,3,1,0,7,5, , ,N,1,2,0,3,0,0,2,1,N,N,39 56:45.065,75 14:24.962,113, ,111, ,0, ,N, ,3, , , , , ,19620, , , ,1,1,0,0,0,0,0,0,0,0,0,0,0,0,0,0,0,0,0,0,0,0,0,1,0,0,0,0,0,0,0,0,0,0,0,0,0,39.9459,-75.2403, ,Philadelphia
 ,1492,2017028841,6,67,67301,2017,2,1,1619,16,1,1,0,4,1, , ,N,1,2,0,3,0,1,2,2,N, ,39 59:11.018,75 10:10.592,1631, ,1620, ,0, , , ,3, , , , , ,19630, , , ,2,0,0,0,1,0,0,1,0,0,0,1,1,0,0,0,0,0,0,0,0,0,1,1,0,0,0,0,0,0,0,0,0,0,0,4,0,39.9864,-75.1696, ,Philadelphia
 ,1493,2017035762,6,67,67301,2017,3,6,2244,22,3,1,0,4,1, , ,N,2,0,7,3,0,3,3,2,N,N,39 59:35.577,75 05:35.812,42, ,12, ,0, ,N, ,0, , , , , ,19635, , , ,2,1,0,0,0,0,1,0,0,0,0,0,3,3,0,0,0,0,1,0,0,0,0,0,0,0,0,0,0,0,0,0,0,0,0,8,0,39.9932,-75.0933, ,Philadelphia
 ,1494,2017039199,6,67,67301,2017,4,7,1557,15,1,1,0,4,1, , ,N,1,3,0,3,0,2,4,3,N,N,39 59:04.959,75 09:41.497,1631, ,1630, ,0, ,N, ,3, , , , , ,19638, , , ,3,1,0,0,2,0,0,0,0,0,0,0,2,2,0,0,0,0,0,0,0,0,0,4,0,0,0,0,0,0,0,0,0,0,0,8,0,39.9847,-75.1615, ,Philadelphia
 ,1495,2017021624,6,67,67301,2017,2,7,1016,10,1,1,0,4,1, , ,N,1,2,0,3,0,0,2,2,N,N,39 57:37.003,75 10:25.149,1030, ,1020,2,1,2,N, ,3,N, , , , ,19046, , , ,2,2,0,0,0,0,0,0,0,0,0,0,0,0,0,0,0,0,0,0,1,0,0,1,0,0,0,0,0,0,0,0,0,0,0,0,0,39.9603,-75.1737, ,Philadelphia
 ,1496,2017052289,6,67,67301,2017,4,7,1130,11,1,1,0,7,4, , ,N,1,2,0,3,0,1,3,1,N,N,39 57:46.128,75 14:48.443,1220, ,1210,3,2,2,N, ,3,N, , , , ,19057, , , ,1,0,0,0,0,0,1,0,0,0,0,1,1,0,1,0,0,0,0,0,0,0,0,0,0,0,0,0,0,0,0,0,0,0,0,4,0,39.9627,-75.2467, ,Philadelphia
 ,1497,2017007861,6,67,67301,2017,1,2,2005,20,3,2,1,8,1, , ,N,5,2,0,3,0,1,2,2,N,N,40 01:00.293,75 05:01.121,2310, ,2259, ,0, ,N, ,3, , , , , ,19074, , , ,1,1,0,0,0,0,0,0,0,0,0,1,1,0,0,0,0,0,0,0,0,0,0,0,0,0,0,0,0,0,0,0,1,0,0,4,0,40.0167,-75.0836, ,Philadelphia
 ,1498,2017049280,6,67,67301,2017,4,3,1450,14,1,2,0,5,1, , ,N,0,0,0,3,0,1,2,2,N,N,40 01:56.412,75 01:16.286,1512, ,1450,1,1,2, , ,0,N, , , , ,19100, , , ,2,2,0,0,0,0,0,0,0,0,1,0,1,0,0,0,0,1,0,0,0,0,0,0,0,0,0,0,0,0,0,0,0,0,0,3,0,40.0323,-75.0212, ,Philadelphia
 ,1499,2017060721,6,67,67301,2017,5,6,5,0,3,1,0,4,1, , ,N,2,2,0,3,0,1,2,2,N, ,39 54:24.119,75 11:00.207,10, ,5,1,1,4, , ,3,Y, , , , ,19108, , , ,2,1,0,0,1,0,0,0,0,0,1,0,1,0,0,0,0,0,0,0,0,0,0,1,0,0,0,0,0,0,0,0,0,0,0,3,0,39.9067,-75.1834, ,Philadelphia
 ,1500,2017012744,6,46,46102,2017,1,3,1356,13,1,1,0,5,1, , ,N,1,2,0,3,0,1,3,2,N,N,40 04:26.918,75 09:30.203,1359, ,1356, ,0, ,N, ,3, , , , , ,19151, , , ,2,1,0,0,0,0,1,0,0,0,0,0,1,1,0,0,0,0,0,0,0,1,1,0,0,0,0,0,0,0,0,0,0,0,0,8,0,40.0741,-75.1584, ,Montgomery
 ,1501,2017035778,6,67,67301,2017,3,2,1624,16,1,1,0,5,1, , ,N,0,2,0,3,0,0,2,2,N,N,39 55:51.140,75 13:02.394,1628, ,1625,1,2,3,N, ,3,Y, , , , ,19155, , , ,2,0,0,0,1,0,1,0,0,0,0,0,0,0,0,0,0,0,0,0,2,0,0,0,0,0,0,0,0,0,0,0,0,0,0,0,0,39.9309,-75.2173, ,Philadelphia
 ,1502,2017037351,6,67,67301,2017,3,2,9999,99,1,1,0,5,1, , ,N,0,0,0,3,0,1,3,2,N,N,40 04:28.974,75 02:04.950,1550, ,1530, ,0, ,N, ,0, , , , , ,19157, , , ,2,0,0,1,1,0,0,0,0,0,0,0,1,1,0,0,0,0,0,0,0,1,0,1,0,0,0,0,0,0,0,0,0,0,0,8,1,40.0747,-75.0347, ,Philadelphia
 ,1503,2017052243,6,67,67301,2017,4,7,830,8,1,1,0,8,1, , ,N,1,2,0,3,0,1,2,2,N, ,39 59:40.673,75 05:40.311,1015, ,1000, ,0, , , ,3, , , , , ,19166, , , ,1,0,0,0,0,0,1,0,0,0,0,1,1,0,1,0,0,0,0,0,0,0,0,0,0,0,0,0,0,0,0,0,1,0,0,4,0,39.9946,-75.0945, ,Philadelphia
 ,1504,2017041144,6,67,67301,2017,4,7,915,9,1,1,0,8,1, , ,N,0,0,0,3,0,1,2,2,N,N,40 03:55.249,75 10:30.819,920, ,916,1,2,3,N, ,0,Y, , , , ,19194, , , ,1,1,0,0,0,0,0,0,0,0,1,0,1,0,0,0,0,0,0,0,0,1,0,0,0,0,0,0,0,0,0,0,1,0,0,3,0,40.0653,-75.1752, ,Philadelphia
 ,1505,2017018280,6,67,67301,2017,2,2,1945,19,3,1,0,4,1, , ,N,2,2,0,3,0,2,2,2,N,N,40 06:43.320,74 59:25.838,2052, ,2049,2,1,1,N, ,3,N, , , , ,19199, , , ,2,1,0,0,0,0,0,1,0,0,2,0,2,0,0,0,0,0,0,0,2,0,0,0,0,0,0,0,0,0,0,0,0,0,0,3,0,40.112,-74.9905, ,Philadelphia
 ,1506,2017055605,6,67,67301,2017,5,4,1410,14,1,1,0,8,1, , ,N,0,0,0,3,0,1,2,2,N,N,40 02:20.252,75 08:39.267,1411, ,1410, ,0, ,N, ,0, , , , , ,19209, , , ,1,1,0,0,0,0,0,0,0,0,0,1,1,0,0,0,0,0,0,0,0,0,0,1,0,0,0,0,0,0,0,0,1,0,0,4,0,40.039,-75.1442, ,Philadelphia
 ,1507,2017060498,6,67,67301,2017,5,3,2235,22,3,1,0,8,1, , ,N,1,2,0,3,0,1,2,2,N, ,39 58:46.495,75 10:15.858,2308, ,2308, ,0, , , ,3, , , , , ,19216, , , ,1,1,0,0,0,0,0,0,0,0,1,0,1,0,0,0,0,0,0,0,0,0,0,0,0,0,0,0,0,0,0,0,1,0,0,3,0,39.9796,-75.1711, ,Philadelphia
 ,1508,2017026669,6,67,67301,2017,3,4,725,7,1,1,0,5,1, , ,N,7,0,2,3,0,1,5,3,N,N,39 57:06.151,75 08:29.297,735, ,735, ,0, , , ,0, , , , , ,19229, , , ,3,1,0,0,2,0,0,0,0,0,1,0,1,0,0,0,0,0,0,0,1,0,0,1,0,0,0,0,0,0,0,0,0,0,0,3,0,39.9517,-75.1415, ,Philadelphia
 ,1509,2017040523,6,67,67301,2017,4,6,240,2,3,1,0,7,4, , ,N,0,0,0,3,0,2,2,1,N,N,39 58:05.290,75 07:47.242,248, ,240,2,2,1, , ,0,N, , , , ,19235, , , ,1,1,0,0,0,0,0,0,0,0,2,0,2,0,0,0,0,0,0,0,0,0,0,0,0,0,0,0,0,0,0,0,0,0,0,3,0,39.9681,-75.1298, ,Philadelphia
 ,1510,2017021606,6,67,67301,2017,2,1,1424,14,1,1,0,8,1, , ,N,0,0,0,3,0,1,2,2,N,N,39 56:50.300,75 14:01.641,1540, ,1534, ,0, ,N, ,0, , , , , ,19242, , , ,1,1,0,0,0,0,0,0,0,0,0,1,1,0,0,0,0,0,0,0,0,0,0,1,0,0,0,0,0,0,0,0,1,0,0,4,0,39.9473,-75.2338, ,Philadelphia
 ,1511,2017008106,6,67,67301,2017,1,7,1516,15,1,1,0,1,1, , ,N,0,0,0,3,0,2,5,3,N,N,39 56:35.418,75 11:34.150,1537, ,1518, ,0, , , ,0, , , , , ,19268, , , ,3,2,0,0,0,0,1,0,0,0,2,0,2,0,0,0,0,0,0,0,1,0,0,0,0,0,0,0,0,0,0,0,0,0,0,3,0,39.9432,-75.1928, ,Philadelphia
 ,1512,2017010622,6,67,67301,2017,1,6,735,7,1,4,6,4,1, , ,N,2,3,0,3,0,1,2,2,N,N,39 59:02.756,75 06:57.952,840, ,835, ,0, ,N, ,3, , , , , ,19282, , , ,2,2,0,0,0,0,0,0,0,0,0,1,1,0,0,0,0,0,0,0,0,0,0,0,0,0,0,0,0,0,0,0,0,0,0,4,0,39.9841,-75.1161, ,Philadelphia
 ,1513,2017035601,6,67,67301,2017,3,4,2333,23,3,1,0,5,1, , ,N,0,0,0,3,0,2,3,3,N, ,40 01:14.052,75 07:00.753,2345, ,2340, ,0, , , ,0, , , , , ,19287, , , ,3,2,0,0,1,0,0,0,0,0,0,2,2,0,0,0,0,0,0,0,0,0,0,1,0,0,0,0,0,0,0,0,0,0,0,4,0,40.0206,-75.1169, ,Philadelphia
 ,1514,2017032482,6,67,67301,2017,3,3,1612,16,1,1,0,4,1, , ,N,0,0,0,3,0,1,2,2,N,N,40 00:36.132,75 12:23.409,1616, ,1614, ,0, , , ,0, , , , , ,19292, , , ,2,1,0,0,0,0,1,0,0,0,0,0,1,1,0,0,0,0,0,0,0,0,0,0,0,0,0,0,0,0,0,0,0,0,0,8,0,40.01,-75.2065, ,Philadelphia
 ,1515,2017060600,6,67,67301,2017,5,6,8,0,3,1,0,3,1, , ,N,0,0,0,3,0,1,3,2,N,N,40 00:01.687,75 10:11.252,32, ,19, ,0, ,N, ,0, , , , , ,19309, , , ,2,2,0,0,0,0,0,0,0,0,0,1,1,0,0,0,0,0,0,0,0,0,0,0,0,0,0,0,0,0,0,0,0,0,0,4,0,40.0005,-75.1698, ,Philadelphia
N,1516,2017059705,6,67,67301,2017,3,1,1743,17,3,1,0,7,2,1,5,Y,0,0,0,3,0,0,1,1,N,N,39 58:50.860,75 06:12.596,1801,45,1746, ,0, , , ,0, ,N,N,N,N,19315,N,Y,N,1,1,0,0,0,0,0,0,0,0,0,0,0,0,0,0,0,0,0,0,1,0,0,1,0,0,0,0,0,0,0,0,0,0,0,0,0,39.9808,-75.1035, ,Philadelphia
 ,1517,2017018988,6,67,67301,2017,1,2,1654,16,4,1,1,4,1, , ,N,1,2,0,3,0,1,2,2,N,N,40 03:28.719,75 03:09.712,1704, ,1657,9,1,2, , ,3,N, , , , ,19335, , , ,2,2,0,0,0,0,0,0,0,0,1,0,1,0,0,0,0,0,0,0,0,0,1,0,0,0,0,0,0,0,0,0,0,0,0,3,0,40.058,-75.0527, ,Philadelphia
 ,1518,2017041260,6,67,67301,2017,4,2,1103,11,1,1,0,1,1, , ,N,1,2,0,3,0,1,2,2,N,N,40 02:22.311,75 07:47.377,1107, ,1105,1,1,1,N, ,3,Y, , , , ,19337, , , ,2,1,0,0,0,1,0,0,0,0,0,0,1,1,0,0,0,0,0,0,1,0,0,1,0,0,0,0,0,0,0,0,0,0,0,8,1,40.0395,-75.1298, ,Philadelphia
 ,1519,2017037507,6,67,67301,2017,3,2,630,6,5,1,0,4,1, , ,N,1,2,0,3,0,1,2,2,N,N,40 03:21.148,75 03:41.774,705, ,700,2,1,1,N, ,3,N, , , , ,19341, , , ,2,2,0,0,0,0,0,0,0,0,0,0,1,1,1,0,0,0,0,0,0,0,0,0,0,0,0,0,0,0,0,0,0,0,0,8,0,40.0559,-75.0616, ,Philadelphia
 ,1520,2017028936,6,67,67301,2017,2,3,1245,12,1,1,0,8,1, , ,N,1,2,0,3,0,1,2,2,N,N,40 03:00.396,75 03:51.268,1250, ,1245, ,0, , , ,3, , , , , ,19343, , , ,1,0,0,0,0,0,0,1,0,0,0,1,1,0,0,0,0,0,0,0,1,0,0,1,0,0,0,0,0,0,0,0,1,0,0,4,0,40.0501,-75.0642, ,Philadelphia
 ,1521,2017021622,6,67,67301,2017,2,4,1150,11,1,1,0,5,1, , ,N,0,0,0,3,0,1,3,2,N, ,39 57:02.998,75 10:34.354,1158, ,1154, ,0, , , ,0, , , , , ,19350, , , ,2,1,0,0,0,0,0,1,0,0,0,1,1,0,0,0,0,0,0,0,1,0,0,2,0,0,0,0,0,0,0,0,0,0,0,4,0,39.9508,-75.1762, ,Philadelphia
 ,1522,2017008742,6,67,67301,2017,1,3,217,2,2,2,1,5,1, , ,N,0,0,0,3,0,1,1,3,N,N,40 02:55.790,75 09:39.980,219, ,219, ,0, ,N, ,0, , , , , ,19374, , , ,3,1,0,0,0,0,2,0,0,0,0,0,1,1,0,0,0,0,0,0,1,0,0,0,0,0,0,0,0,0,0,0,0,0,0,8,0,40.0488,-75.1611, ,Philadelphia
 ,1523,2017055487,6,67,67301,2017,4,5,2100,21,3,1,0,0,1, , ,N,0,0,0,3,0,1,1,1,N,N,39 55:47.211,75 11:09.114,2115, ,2100, ,0, ,N, ,0, , , , , ,19397, , , ,1,0,1,0,0,0,0,0,0,0,0,0,1,1,0,0,0,0,0,0,0,0,0,0,0,0,0,0,0,0,0,0,0,0,0,8,0,39.9298,-75.1859, ,Philadelphia
 ,1524,2017010599,6,67,67301,2017,1,6,2030,20,3,1,0,5,9, , ,N,2,0,0,3,0,1,3,2,N,N,39 57:41.346,75 09:53.848,2030, ,2030, ,0, ,N, ,0, , , , , ,19413, , , ,2,1,0,0,0,0,1,0,0,0,0,1,1,0,0,0,0,0,0,0,2,0,0,1,0,0,0,0,0,0,0,0,0,0,0,4,0,39.9615,-75.165, ,Philadelphia
 ,1525,2017013914,6,67,67301,2017,1,1,120,1,3,1,0,1,6, , ,N,0,0,0,3,0,0,1,2,N,N,39 56:41.424,75 09:31.658,209, ,207, ,0, , , ,0, , , , , ,19426, , , ,2,1,0,0,0,0,1,0,0,0,0,0,0,0,1,0,0,0,0,0,0,0,0,0,0,0,0,0,0,0,0,0,0,0,0,9,0,39.9448,-75.1588, ,Philadelphia
 ,1526,2017019148,6,67,67301,2017,1,3,1921,19,3,1,0,4,1, , ,N,1,3,0,3,0,2,2,3,N, ,40 01:15.528,75 03:21.182,1940, ,1935,2,2,1, , ,3,Y, , , , ,19428, , , ,3,3,0,0,0,0,0,0,0,0,0,0,2,2,0,0,0,1,0,0,1,0,0,0,0,0,0,0,0,0,0,0,0,0,0,8,0,40.021,-75.0559, ,Philadelphia
 ,1527,2017029009,6,67,67301,2017,2,7,936,9,1,1,0,8,1, , ,N,0,0,0,3,0,1,2,2,N, ,40 01:35.889,75 02:10.914,9999, ,936, ,0, , , ,0, , , , , ,19450, , , ,1,0,0,0,0,0,1,0,0,1,0,0,1,0,1,0,0,0,0,0,0,0,0,0,0,0,0,0,0,0,0,0,1,0,1,2,0,40.0266,-75.0364, ,Philadelphia
 ,1528,2017043877,6,67,67301,2017,4,4,2115,21,3,1,0,4,1, , ,N,1,3,0,3,0,0,3,2,N,N,39 58:21.873,75 10:47.705,2130, ,2119, ,0, , , ,3, , , , , ,19451, , , ,2,2,0,0,0,0,0,0,0,0,0,0,0,0,0,0,0,0,0,0,1,0,0,1,0,0,0,0,0,0,0,0,0,0,0,0,0,39.9727,-75.1799, ,Philadelphia
 ,1529,2017030666,6,67,67301,2017,3,5,1555,15,1,1,0,1,1, , ,N,0,0,0,3,0,2,2,2,N,N,39 56:44.152,75 11:24.268,1650, ,1555, ,0, , , ,0, , , , , ,19453, , , ,2,1,0,0,1,0,0,0,0,0,2,0,2,0,0,0,0,0,0,0,1,0,0,0,0,0,0,0,0,0,0,0,0,0,0,3,0,39.9456,-75.1901, ,Philadelphia
 ,1530,2017043887,6,67,67301,2017,4,2,1008,10,1,2,1,0,1, , ,N,0,0,0,3,0,1,2,2,N,N,40 02:20.393,75 02:04.663,1016, ,1014, ,0, , , ,0, , , , , ,19457, , , ,1,0,0,0,1,0,0,0,0,0,0,1,1,0,0,0,0,0,0,0,0,0,0,1,0,0,0,0,0,0,0,0,1,0,0,4,0,40.039,-75.0346, ,Philadelphia
N,1531,2017030232,6,67,67301,2017,3,7,404,4,3,1,0,7,2,1,5,Y,0,0,0,3,0,1,1,1,N,N,39 57:57.201,75 08:12.175,410,45,405,1,1,2, , ,0,N,N,N,N,N,17509,N,Y,N,1,0,0,0,0,0,1,0,0,0,1,0,1,0,0,0,0,0,0,0,0,0,0,1,0,0,0,0,0,0,0,0,0,0,0,3,0,39.9659,-75.1367, ,Philadelphia
 ,1532,2017049940,6,67,67301,2017,5,3,710,7,1,1,0,3,1, , ,N,0,0,0,3,0,3,13,2,Y,N,39 59:41.553,75 06:23.574,800, ,720,2,2,5,N, ,0,Y, , , , ,17513, , , ,2,0,0,1,1,0,0,0,0,0,3,0,3,0,0,0,0,0,0,0,0,0,0,0,0,0,0,0,0,0,0,0,0,0,0,3,1,39.9949,-75.1065, ,Philadelphia
 ,1533,2017067956,6,67,67301,2017,6,6,657,6,1,1,0,5,1, , ,N,0,4,6,3,0,1,2,2,N,N,40 02:58.617,75 03:04.866,719, ,659,2,1,2,Y, ,3,N, , , , ,17534, , , ,2,2,0,0,0,0,0,0,0,0,0,0,1,1,0,0,0,0,1,0,1,0,0,0,0,0,0,0,0,0,0,0,0,0,0,8,0,40.0496,-75.0514, ,Philadelphia
 ,1534,2017033537,6,67,67301,2017,2,2,830,8,1,1,0,1,1, , ,N,1,2,0,3,0,1,2,2,N,N,39 59:00.775,75 06:56.157,948, ,834, ,0, , , ,3, , , , , ,17556, , , ,2,1,0,0,0,0,0,1,0,0,0,0,1,1,0,0,0,0,0,0,1,0,0,0,0,0,0,0,0,0,0,0,0,0,0,8,0,39.9835,-75.1156, ,Philadelphia
 ,1535,2017043810,6,67,67301,2017,4,1,150,1,3,1,0,8,1, , ,N,1,2,0,3,0,1,2,2,N,N,39 57:06.276,75 09:29.927,319, ,317, ,0, ,N, ,3, , , , , ,17566, , , ,1,1,0,0,0,0,0,0,0,1,0,0,1,0,0,0,0,0,0,0,0,0,0,0,0,0,0,0,0,0,0,0,1,0,1,2,0,39.9517,-75.1582, ,Philadelphia
 ,1536,2017006725,6,67,67301,2017,1,2,1433,14,1,1,0,7,3, , ,N,0,0,2,3,0,0,1,1,N,N,39 54:31.900,75 09:27.200,1433, ,1433, ,0, ,N, ,0, , , , , ,17590, , , ,1,0,0,0,0,0,1,0,0,0,0,0,0,0,0,0,0,0,0,0,0,0,0,0,0,0,0,0,0,0,0,0,0,0,0,0,0,39.9089,-75.1576, ,Philadelphia
 ,1537,2017028881,6,67,67301,2017,2,5,900,9,1,1,0,8,1, , ,N,1,2,0,3,0,1,2,2,N,N,39 57:58.751,75 10:45.335,940, ,930, ,0, , , ,3, , , , , ,17596, , , ,1,1,0,0,0,0,0,0,0,0,1,0,1,0,0,0,0,0,0,0,0,0,0,0,0,0,0,0,0,0,0,0,1,0,0,3,0,39.9663,-75.1793, ,Philadelphia
 ,1538,2017017614,6,67,67301,2017,2,2,1856,18,3,1,0,1,1, , ,N,0,0,0,3,0,0,2,2,N,N,39 56:09.065,75 11:59.130,1907, ,1856, ,0, , , ,0, , , , , ,17597, , , ,2,2,0,0,0,0,0,0,0,0,0,0,0,0,0,0,0,0,0,0,1,0,0,0,0,0,0,0,0,0,0,0,0,0,0,0,0,39.9359,-75.1998, ,Philadelphia
 ,1539,2017018989,6,67,67301,2017,1,7,123,1,2,1,0,5,1, , ,N,0,0,0,3,0,0,2,2,N,N,40 01:06.967,75 10:00.016,135, ,131,1,1,2,N, ,0,N, , , , ,17605, , , ,2,1,0,0,0,0,0,0,0,0,0,0,0,0,0,0,0,0,0,0,0,0,0,0,0,0,0,0,0,0,0,0,0,0,0,0,0,40.0186,-75.1667, ,Philadelphia
 ,1540,2017035709,6,67,67301,2017,3,7,1725,17,3,1,0,4,1, , ,N,1,2,0,3,0,1,4,2,N, ,39 56:29.823,75 13:12.601,1938, ,1933, ,0, , , ,3, , , , , ,17620, , , ,2,2,0,0,0,0,0,0,0,0,0,1,1,0,1,0,0,0,0,0,0,0,0,0,0,0,0,0,0,0,0,0,0,0,0,4,0,39.9416,-75.2201, ,Philadelphia
 ,1541,2017052310,6,67,67301,2017,4,6,9999,99,1,2,1,8,1, , ,N,0,0,0,3,0,1,3,3,N,N,39 59:44.062,75 07:06.744,935, ,928, ,0, ,N, ,0, , , , , ,17625, , , ,2,1,0,0,0,0,0,0,0,0,0,0,1,1,0,0,0,0,0,0,0,0,0,1,0,0,0,0,0,0,0,0,1,0,0,8,0,39.9956,-75.1185, ,Philadelphia