wz_ln_closure,objectid_1,crn,district,county,municipality,crash_year,crash_month,day_of_week,time_of_day,hour_of_day,illumination,weather,road_condition,collision_type,relation_to_road,work_zone_type,work_zone_loc,work_zone_ind,intersect_type,tcd_type,location_type,urban_rural,fatal_count,injury_count,person_count,total_units,sch_bus_ind,sch_zone_ind,latitude,longitude,arrival_tm,cons_zone_spd_lim,dispatch_tm,est_hrs_closed,lane_closed,ln_close_dir,ntfy_hiwy_maint,spec_juris_cd,tcd_func_cd,tfc_detour_ind,workers_pres,wz_close_detour,wz_flagger,wz_law_offcr_ind,objectid,wz_moving,wz_other,wz_shlder_mdn,vehicle_count,automobile_count,motorcycle_count,bus_count,small_truck_count,heavy_truck_count,suv_count,van_count,bicycle_count,maj_inj_count,mod_inj_count,min_inj_count,tot_inj_count,unk_inj_deg_count,unk_inj_per_count,driver_count_16yr,driver_count_17yr,driver_count_18yr,driver_count_19yr,driver_count_20yr,driver_count_50_64yr,driver_count_65_74yr,driver_count_75plus,unbelted_occ_count,unb_death_count,unb_maj_inj_count,belted_death_count,belted_maj_inj_count,mcycle_death_count,mcycle_maj_inj_count,bicycle_death_count,bicycle_maj_inj_count,ped_count,ped_death_count,ped_maj_inj_count,max_severity_level,comm_veh_count,dec_lat,dec_long,rdwy_surf_type_cd,county_name
 ,1670,2017019156,6,67,67301,2017,1,3,900,9,1,1,0,4,1, , ,N,2,3,0,3,0,0,1,3,N, ,40 02:20.241,75 09:40.683,901, ,900, ,0, , , ,3, , , , , ,21018, , , ,3,2,0,0,0,0,1,0,0,0,0,0,0,0,0,0,0,0,0,0,0,0,0,0,0,0,0,0,0,0,0,0,0,0,0,0,0,40.039,-75.1613, ,Philadelphia
 ,1671,2017033122,6,67,67301,2017,3,4,1550,15,1,2,1,5,1, , ,N,0,0,0,3,0,1,2,2,N,N,39 54:25.537,75 11:37.378,1602, ,1557,1,2,1,N, ,0,Y, , , , ,21038, , , ,2,1,0,0,1,0,0,0,0,0,0,1,1,0,0,0,0,0,0,0,0,0,0,0,0,0,0,0,0,0,0,0,0,0,0,4,0,39.9072,-75.1936, ,Philadelphia
 ,1672,2017045747,6,67,67301,2017,4,3,2255,22,3,1,0,5,6, , ,N,0,0,0,3,0,0,1,4,N,N,40 02:07.200,75 11:02.167,2325, ,2257, ,0, ,N, ,0, , , , , ,21048, , , ,4,3,0,0,1,0,0,0,0,0,0,0,0,0,0,0,0,0,0,0,0,0,0,0,0,0,0,0,0,0,0,0,0,0,0,0,0,40.0353,-75.1839, ,Philadelphia
 ,1673,2017019173,6,67,67301,2017,1,2,1844,18,3,4,1,8,1, , ,N,1,2,0,3,0,1,2,2,N,N,40 00:38.544,75 09:02.934,1850, ,1845,3,1,1,N, ,3,Y, , , , ,21063, , , ,1,1,0,0,0,0,0,0,0,1,0,0,1,0,0,0,0,0,0,0,0,0,0,1,0,0,0,0,0,0,0,0,1,0,1,2,0,40.0107,-75.1508, ,Philadelphia
 ,1674,2017035770,6,67,67301,2017,3,6,800,8,1,1,0,8,1, , ,N,0,0,0,3,0,1,2,2,N, ,39 58:17.705,75 09:37.570,1810, ,1802, ,0, , , ,0, , , , , ,21076, , , ,1,0,0,0,0,0,1,0,0,0,0,1,1,0,0,0,0,0,0,0,1,0,0,1,0,0,0,0,0,0,0,0,1,0,0,4,0,39.9716,-75.1604, ,Philadelphia
 ,1675,2017014040,6,67,67301,2017,1,4,615,6,3,6,1,5,1, , ,N,0,0,0,3,0,1,2,2,N, ,39 57:31.615,75 11:15.936,931, ,922,9,1,4, , ,0,N, , , , ,19660, , , ,2,2,0,0,0,0,0,0,0,0,1,0,1,0,0,0,0,0,0,0,0,0,0,0,0,0,0,0,0,0,0,0,0,0,0,3,0,39.9588,-75.1878, ,Philadelphia
 ,1676,2017007778,6,67,67301,2017,1,3,2105,21,3,2,1,4,1, , ,N,2,2,0,3,0,0,3,2,N,N,40 03:12.351,75 00:30.527,2108, ,2107, ,0, ,N, ,3, , , , , ,19661, , , ,2,1,0,0,0,0,1,0,0,0,0,0,0,0,0,0,0,0,0,0,1,0,0,0,0,0,0,0,0,0,0,0,0,0,0,0,0,40.0536,-75.0085, ,Philadelphia
 ,1677,2017010649,6,67,67301,2017,1,1,155,1,6,1,0,1,1, , ,N,1,2,0,3,0,1,3,2,N,N,39 58:53.480,75 13:26.612,200, ,200, ,0, , , ,3, , , , , ,19702, , , ,2,2,0,0,0,0,0,0,0,0,0,1,1,0,0,0,0,0,0,0,0,0,0,0,0,0,0,0,0,0,0,0,0,0,0,4,0,39.9815,-75.2241, ,Philadelphia
 ,1678,2017019042,6,67,67301,2017,1,3,9999,99,3,1,0,8,1, , ,N,1,2,0,3,0,1,2,2,N,N,40 02:54.851,75 05:13.124,9999, ,9999, ,0, , , ,3, , , , , ,19711, , , ,1,1,0,0,0,0,0,0,0,0,0,1,1,0,0,0,0,0,0,0,0,0,0,0,0,0,0,0,0,0,0,0,1,0,0,4,0,40.0486,-75.087, ,Philadelphia
 ,1679,2017033576,6,67,67301,2017,2,3,1940,19,3,1,1,4,1, , ,N,1,3,0,3,0,0,2,2,N,N,39 56:14.362,75 09:06.335,2002, ,1947, ,0, ,N, ,3, , , , , ,19716, , , ,2,2,0,0,0,0,0,0,0,0,0,0,0,0,0,0,0,0,0,0,1,0,0,0,0,0,0,0,0,0,0,0,0,0,0,0,0,39.9373,-75.1518, ,Philadelphia
 ,1680,2017033066,6,67,67301,2017,3,6,428,4,3,1,0,5,6, , ,N,0,0,0,3,0,0,1,3,N,N,39 59:21.397,75 08:27.222,510, ,504,3,1,1, , ,0,N, , , , ,19734, , , ,3,1,0,0,1,0,0,1,0,0,0,0,0,0,1,0,0,0,0,0,0,0,0,0,0,0,0,0,0,0,0,0,0,0,0,9,0,39.9893,-75.1409, ,Philadelphia
 ,1681,2017033501,6,67,67301,2017,2,3,650,6,1,1,0,4,1, , ,N,1,3,0,3,0,1,2,2,N, ,39 55:48.010,75 09:52.822,9999, ,9999, ,0, , , ,3, , , , , ,19765, , , ,1,1,0,0,0,0,0,0,1,0,0,1,1,0,0,0,0,0,0,0,0,0,0,1,0,0,0,0,0,0,0,0,0,0,0,4,0,39.93,-75.1647, ,Philadelphia
 ,1682,2017046649,6,67,67301,2017,5,1,1721,17,1,1,0,5,1, , ,N,0,0,0,3,0,0,3,2,N,N,40 01:43.535,75 06:29.675,1730, ,1723,1,1,2,N, ,0,N, , , , ,19767, , , ,2,1,0,0,0,0,1,0,0,0,0,0,0,0,0,0,0,0,0,0,0,1,0,0,0,0,0,0,0,0,0,0,0,0,0,0,0,40.0288,-75.1082, ,Philadelphia
 ,1683,2017006952,6,67,67301,2017,1,1,1205,12,1,1,0,1,1, , ,N,0,0,0,3,0,0,3,2,N,N,39 58:59.687,75 12:29.412,1213, ,1208, ,0, , , ,0, , , , , ,19801, , , ,2,0,0,0,0,0,2,0,0,0,0,0,0,0,0,0,0,0,0,0,0,0,0,0,0,0,0,0,0,0,0,0,0,0,0,0,0,39.9832,-75.2082, ,Philadelphia
 ,1684,2017035848,6,67,67301,2017,3,3,1145,11,1,1,0,4,1, , ,N,1,3,0,3,0,1,2,2,N,N,40 01:33.506,75 02:30.353,1025, ,1020, ,0, , , ,3, , , , , ,19813, , , ,2,2,0,0,0,0,0,0,0,0,0,1,1,0,0,0,0,0,0,0,1,0,0,0,0,0,0,0,0,0,0,0,0,0,0,4,0,40.026,-75.0418, ,Philadelphia
 ,1685,2017056347,6,67,67301,2017,5,7,1654,16,1,1,0,7,2, , ,N,7,0,0,3,0,0,1,1,N,N,40 00:34.016,75 12:19.060,1654, ,1654,2,1,4, , ,0,N, , , , ,19838, , , ,1,1,0,0,0,0,0,0,0,0,0,0,0,0,0,0,0,0,0,1,0,0,0,0,0,0,0,0,0,0,0,0,0,0,0,0,0,40.0094,-75.2053, ,Philadelphia
 ,1686,2017010623,6,67,67301,2017,1,7,48,0,3,1,0,5,6, , ,N,0,0,0,3,0,0,1,2,N,N,40 05:46.720,75 03:09.070,112, ,108, ,0, ,N, ,0, , , , , ,19859, , , ,2,0,0,0,1,0,1,0,0,0,0,0,0,0,0,0,1,0,0,0,0,0,0,0,0,0,0,0,0,0,0,0,0,0,0,0,0,40.0963,-75.0525, ,Philadelphia
 ,1687,2017052430,6,67,67301,2017,4,4,20,0,3,2,1,8,1, , ,N,5,2,0,3,0,1,3,2,N,N,40 00:44.761,75 09:07.494,36, ,35, ,0, ,N, ,3, , , , , ,19889, , , ,1,1,0,0,0,0,0,0,0,0,1,0,1,0,0,0,0,0,0,0,0,0,0,0,0,0,0,0,0,0,0,0,1,0,0,3,0,40.0124,-75.1521, ,Philadelphia
 ,1688,2017043814,6,67,67301,2017,4,3,1728,17,1,1,0,4,1, , ,N,2,3,0,3,0,2,4,2,N,N,39 56:45.833,75 13:31.713,1801, ,1733, ,0, ,N, ,3, , , , , ,19916, , , ,2,2,0,0,0,0,0,0,0,0,1,1,2,0,2,0,0,0,0,0,0,0,0,0,0,0,0,0,0,0,0,0,0,0,0,3,0,39.9461,-75.2255, ,Philadelphia
 ,1689,2017033504,6,67,67301,2017,2,1,350,3,3,1,0,6,1, , ,N,0,0,0,3,0,0,2,2,N, ,40 03:31.614,75 09:08.984,409, ,404,2,1,4, , ,0,N, , , , ,19917, , , ,2,2,0,0,0,0,0,0,0,0,0,0,0,0,0,0,0,0,0,0,0,0,0,0,0,0,0,0,0,0,0,0,0,0,0,0,0,40.0588,-75.1525, ,Philadelphia
 ,1690,2017035835,6,67,67301,2017,3,6,234,2,3,1,0,4,1, , ,N,5,2,8,3,0,3,3,2,N,N,39 57:28.586,75 09:50.892,245, ,243,1,1,2,N, ,3,Y, , , , ,19920, , , ,2,0,0,0,0,0,2,0,0,0,3,0,3,0,0,0,0,0,0,0,0,0,0,0,0,0,0,0,0,0,0,0,0,0,0,3,0,39.9579,-75.1641, ,Philadelphia
 ,1691,2017058367,6,67,67301,2017,5,6,800,8,1,1,0,8,1, , ,N,1,2,0,3,0,1,3,2,N,N,39 57:29.061,75 09:44.627,835, ,832, ,0, ,N, ,3, , , , , ,19928, , , ,1,1,0,0,0,0,0,0,0,0,1,0,1,0,1,0,0,0,0,0,0,0,0,1,0,0,0,0,0,0,0,0,1,0,0,3,0,39.9579,-75.1623, ,Philadelphia
 ,1692,2017014008,6,67,67301,2017,1,7,2108,21,2,2,1,7,4, , ,N,2,0,2,3,0,1,3,1,N,N,39 55:59.763,75 11:59.127,2108, ,2108, ,0, ,N, ,0, , , , , ,19945, , , ,1,0,0,0,0,0,1,0,0,0,0,1,1,0,0,0,0,0,0,0,0,0,0,3,0,0,0,0,0,0,0,0,0,0,0,4,0,39.9333,-75.1998, ,Philadelphia
 ,1693,2017025277,6,67,67301,2017,3,7,1326,13,1,1,0,1,1, , ,N,0,0,0,3,0,0,4,2,N,N,39 59:23.083,75 12:20.824,1417, ,1345,2,1,3, , ,0,N, , , , ,19948, , , ,2,1,0,0,0,0,1,0,0,0,0,0,0,0,0,0,0,0,0,0,1,0,0,0,0,0,0,0,0,0,0,0,0,0,0,0,0,39.9897,-75.2058, ,Philadelphia
 ,1694,2017033548,6,67,67301,2017,2,6,715,7,1,1,0,1,1, , ,N,0,0,7,3,0,2,3,2,N,N,39 56:46.631,75 12:27.668,841, ,838, ,0, , , ,0, , , , , ,19967, , , ,2,1,0,0,0,0,0,1,0,0,0,2,2,0,0,0,0,0,0,0,1,0,0,0,0,0,0,0,0,0,0,0,0,0,0,4,0,39.9463,-75.2077, ,Philadelphia
 ,1695,2017044238,6,67,67301,2017,4,3,12,0,3,2,1,5,1, , ,N,0,0,3,3,0,1,2,2,N,N,39 56:15.987,75 08:38.932,16, ,14, ,0, , , ,0, , , , , ,20008, , , ,2,1,0,0,0,0,0,1,0,0,1,0,1,0,0,0,0,0,0,0,0,0,0,0,0,0,0,0,0,0,0,0,0,0,0,3,0,39.9378,-75.1441, ,Philadelphia
 ,1696,2017043784,6,67,67301,2017,4,1,35,0,3,1,0,0,1, , ,N,0,0,1,3,0,1,1,1,N,N,40 00:26.839,75 11:32.632,35, ,35, ,0, ,N, ,0, , , , , ,20023, , , ,1,0,1,0,0,0,0,0,0,0,0,1,1,0,0,0,0,0,0,0,0,0,0,0,0,0,0,0,0,0,0,0,0,0,0,4,0,40.0073,-75.1921, ,Philadelphia
 ,1697,2017060631,6,67,67301,2017,5,5,1830,18,1,2,1,5,1, , ,N,0,0,0,3,0,2,4,2,N, ,40 00:33.808,75 09:03.964,1850, ,1839,9,1,1, , ,0,N, , , , ,20033, , , ,2,2,0,0,0,0,0,0,0,0,0,2,2,0,0,0,0,0,1,1,0,0,0,2,0,0,0,0,0,0,0,0,0,0,0,4,0,40.0094,-75.1511, ,Philadelphia
 ,1698,2017041302,6,67,67301,2017,4,5,816,8,1,2,1,4,1, , ,N,1,0,7,3,0,1,2,2,N,N,40 03:39.900,75 10:18.100,823, ,826, ,0, ,N, ,0, , , , , ,20051, , , ,2,1,0,0,0,0,1,0,0,0,0,0,1,1,0,0,0,0,0,0,1,0,0,0,0,0,0,0,0,0,0,0,0,0,0,8,0,40.0611,-75.1717, ,Philadelphia
 ,1699,2017035705,6,67,67301,2017,3,6,1735,17,3,4,1,4,1, , ,N,2,0,0,3,0,0,3,2,N,N,40 03:58.955,74 58:55.792,1740, ,1738, ,0, , , ,0, , , , , ,20066, , , ,2,1,0,0,0,0,1,0,0,0,0,0,0,0,0,0,0,0,0,0,0,0,0,0,0,0,0,0,0,0,0,0,0,0,0,0,0,40.0664,-74.9822, ,Philadelphia
 ,1700,2017014221,6,67,67301,2017,1,1,1813,18,3,1,0,1,1, , ,N,6,0,2,3,0,0,10,2,N,N,39 56:44.167,75 11:25.033,1831, ,1818, ,0, , , ,0, , , , , ,20085, , , ,2,1,0,0,0,0,1,0,0,0,0,0,0,0,0,0,0,0,0,0,0,0,0,0,0,0,0,0,0,0,0,0,0,0,0,0,0,39.9456,-75.1903, ,Philadelphia
 ,1701,2017012915,6,67,67301,2017,1,3,1512,15,1,1,0,7,2, , ,N,0,0,0,3,0,2,2,1,N,N,40 05:13.555,74 58:17.087,1520, ,1515,1,1,3,N, ,0,N, , , , ,20091, , , ,1,0,0,0,0,0,1,0,0,0,2,0,2,0,0,0,0,0,0,0,0,0,0,0,0,0,0,0,0,0,0,0,0,0,0,3,0,40.0871,-74.9714, ,Philadelphia
 ,1702,2017028926,6,67,67301,2017,2,5,1516,15,1,1,0,8,1, , ,N,1,2,0,3,0,1,2,2,N, ,39 59:32.913,75 10:46.449,1516, ,1516, ,0, ,N, ,3, , , , , ,20115, , , ,1,0,0,0,1,0,0,0,0,0,0,0,1,1,0,0,0,0,0,0,0,0,1,1,0,0,0,0,0,0,0,0,1,0,0,8,0,39.9925,-75.1796, ,Philadelphia
 ,1703,2017052330,6,67,67301,2017,4,5,830,8,1,1,0,4,1, , ,N,0,0,0,3,0,1,2,2,N,N,39 59:41.827,75 06:56.473,959, ,958, ,0, , , ,0, , , , , ,20123, , , ,1,0,0,0,0,0,1,0,1,0,0,0,1,1,0,0,0,0,0,0,0,0,0,1,0,0,0,0,0,0,0,0,0,0,0,8,0,39.995,-75.1157, ,Philadelphia
 ,1704,2017007886,6,67,67301,2017,1,1,650,6,1,1,0,4,1, , ,N,1,3,0,3,0,3,4,2,N, ,40 00:27.130,75 08:16.039,658, ,656, ,0, , , ,3, , , , , ,20135, , , ,2,1,0,0,0,0,1,0,0,0,0,3,3,0,0,0,0,0,0,0,0,0,0,1,0,0,0,0,0,0,0,0,0,0,0,4,0,40.0075,-75.1378, ,Philadelphia
 ,1705,2017018983,6,67,67301,2017,2,4,1005,10,1,1,0,4,1, , ,N,1,2,0,3,0,1,2,2,N, ,40 01:40.095,75 05:55.134,1012, ,1010,1,2,1, , ,3,Y, , , , ,20141, , , ,2,0,0,0,0,0,1,1,0,0,0,1,1,0,0,0,0,0,0,0,1,0,0,2,0,0,0,0,0,0,0,0,0,0,0,4,0,40.0278,-75.0986, ,Philadelphia
 ,1706,2017023932,6,67,67301,2017,2,6,2120,21,3,1,0,5,6, , ,N,0,0,0,3,0,1,1,6,N, ,39 58:15.528,75 08:47.421,2128, ,2126, ,0, , , ,0, , , , , ,20142, , , ,6,3,0,0,0,0,3,0,0,0,1,0,1,0,0,0,0,0,0,0,0,0,0,0,0,0,0,0,0,0,0,0,0,0,0,3,0,39.971,-75.1465, ,Philadelphia
 ,1707,2017030988,6,67,67301,2017,3,4,1132,11,1,1,0,4,1, , ,N,0,2,0,3,0,1,5,3,N,N,39 56:58.908,75 12:05.956,1132, ,1132, ,0, ,N, ,3, , , , , ,20163, , , ,3,1,0,0,0,0,1,1,0,0,0,0,1,1,0,0,0,0,0,0,0,0,0,0,0,0,0,0,0,0,0,0,0,0,0,8,0,39.9497,-75.2017, ,Philadelphia
 ,1708,2017052098,6,67,67301,2017,4,3,1610,16,1,1,0,2,1, , ,N,0,0,0,3,0,1,2,2,N,N,39 56:12.648,75 12:45.217,1615, ,1613, ,0, ,N, ,0, , , , , ,20179, , , ,2,1,0,0,0,0,1,0,0,0,0,0,1,1,1,0,0,0,0,0,1,0,0,0,0,0,0,0,0,0,0,0,0,0,0,8,0,39.9368,-75.2126, ,Philadelphia
 ,1709,2017014016,6,67,67301,2017,1,2,1730,17,3,2,1,4,1, , ,N,1,3,0,3,0,1,1,2,N,N,39 59:27.189,75 07:19.509,1735, ,1735, ,0, ,N, ,3, , , , , ,20192, , , ,1,1,0,0,0,0,0,0,1,0,0,1,1,0,0,0,0,0,0,0,0,0,0,0,0,0,0,0,0,0,0,0,0,0,0,4,0,39.9909,-75.1221, ,Philadelphia
 ,1710,2017042767,6,67,67301,2017,2,1,1458,14,1,1,0,1,1, , ,N,0,0,0,3,0,1,3,3,N,N,39 57:56.878,75 08:10.549,1506, ,1503, ,0, , , ,0, , , , , ,20199, , , ,3,1,0,0,1,0,0,1,0,0,1,0,1,0,0,0,0,0,0,0,1,0,0,1,0,0,0,0,0,0,0,0,0,0,0,3,0,39.9658,-75.1363, ,Philadelphia
 ,1711,2017035777,6,67,67301,2017,3,3,9999,99,1,1,0,1,6, , ,N,0,0,0,3,0,2,4,3,N, ,40 01:48.411,75 03:50.719,1627, ,1625, ,0, , , ,0, , , , , ,22049, , , ,3,1,0,0,0,0,1,0,0,0,0,2,2,0,0,0,0,0,0,0,0,0,0,0,0,0,0,0,0,0,0,0,0,0,0,4,0,40.0301,-75.0641, ,Philadelphia
 ,1712,2017033127,6,67,67301,2017,3,7,1335,13,1,1,0,4,1, , ,N,0,2,6,3,0,1,3,2,N,N,40 06:00.976,75 00:30.733,1345, ,1340, ,0, ,N, ,3, , , , , ,22082, , , ,2,1,0,0,0,0,1,0,0,0,0,1,1,0,0,0,0,0,0,0,1,0,1,3,0,0,0,0,0,0,0,0,0,0,0,4,0,40.1003,-75.0085, ,Philadelphia
 ,1713,2017052453,6,67,67301,2017,4,6,2335,23,3,1,0,8,1, , ,N,1,2,0,3,0,1,2,2,N,N,39 59:23.218,75 06:14.002,2347, ,2341, ,0, ,N, ,3, , , , , ,22110, , , ,1,0,0,0,0,0,0,0,0,0,0,1,1,0,0,0,0,0,0,0,0,0,0,0,0,0,0,0,0,0,0,0,1,0,0,4,0,39.9898,-75.1039, ,Philadelphia
 ,1714,2017041216,6,67,67301,2017,3,3,200,2,3,1,1,1,1, , ,N,1,2,0,3,0,1,3,2,N,N,40 02:38.709,75 07:43.784,211, ,206, ,0, ,N, ,3, , , , , ,22139, , , ,2,2,0,0,0,0,0,0,0,0,0,0,1,1,0,0,0,0,0,0,0,0,0,1,0,0,0,0,0,0,0,0,0,0,0,8,0,40.0441,-75.1288, ,Philadelphia
 ,1715,2017055640,6,67,67301,2017,5,1,1935,19,1,1,0,4,1, , ,N,1,2,0,3,0,0,2,2,N, ,39 58:18.037,75 09:40.121,1940, ,1939, ,0, , , ,3, , , , , ,22168, , , ,2,1,0,0,0,0,1,0,0,0,0,0,0,0,0,0,0,0,0,0,0,0,0,0,0,0,0,0,0,0,0,0,0,0,0,0,0,39.9717,-75.1611, ,Philadelphia
 ,1716,2017014990,6,67,67301,2017,1,3,2315,23,3,1,0,7,2, , ,N,0,0,0,3,0,0,4,2,N,N,39 59:59.139,75 11:42.240,2315, ,2315,1,2,4, , ,0,Y, , , , ,22171, , , ,2,1,0,0,0,0,1,0,0,0,0,0,0,0,0,0,0,1,0,1,0,0,0,0,0,0,0,0,0,0,0,0,0,0,0,0,0,39.9998,-75.1951, ,Philadelphia
 ,1717,2017025249,6,67,67301,2017,3,6,549,5,5,1,0,7,4, , ,N,6,0,2,3,0,0,1,1,N,N,39 54:26.891,75 08:58.831,628, ,616, ,0, , , ,0, , , , , ,22175, , , ,1,0,0,0,0,0,1,0,0,0,0,0,0,0,0,0,0,0,0,0,1,0,0,0,0,0,0,0,0,0,0,0,0,0,0,0,0,39.9087,-75.1494, ,Philadelphia
 ,1718,2017041383,6,67,67301,2017,3,4,1210,12,1,1,0,8,1, , ,N,1,2,0,3,0,1,2,2,N, ,39 59:44.232,75 10:03.297,9999, ,9999, ,0, ,N, ,3, , , , , ,22198, , , ,1,1,0,0,0,0,0,0,0,0,0,0,1,1,0,0,0,0,0,0,0,0,0,0,0,0,0,0,0,0,0,0,1,0,0,8,0,39.9956,-75.1675, ,Philadelphia
 ,1719,2017055598,6,67,67301,2017,5,4,126,1,3,1,0,7,4, , ,N,2,3,0,3,0,1,1,1,N, ,39 59:25.686,75 05:12.763,128, ,126, ,0, , , ,3, , , , , ,22204, , , ,1,1,0,0,0,0,0,0,0,0,1,0,1,0,0,0,0,0,0,0,0,0,0,0,0,0,0,0,0,0,0,0,0,0,0,3,0,39.9905,-75.0869, ,Philadelphia
 ,1720,2017060512,6,67,67301,2017,5,5,242,2,3,1,0,7,2, , ,N,0,0,8,3,0,3,3,1,N,N,40 00:18.967,75 11:38.919,245, ,242,9,2,1,Y, ,0,Y, , , , ,22211, , , ,1,1,0,0,0,0,0,0,0,0,2,1,3,0,0,0,0,0,0,0,0,0,0,0,0,0,0,0,0,0,0,0,0,0,0,3,0,40.0053,-75.1941, ,Philadelphia
 ,1721,2017021643,6,67,67301,2017,2,4,839,8,1,1,1,8,1, , ,N,0,0,0,3,0,1,2,2,N, ,40 02:53.041,75 10:33.293,841, ,839, ,0, ,N, ,0, , , , , ,22241, , , ,1,1,0,0,0,0,0,0,0,0,0,0,1,1,0,0,0,0,0,0,0,0,0,0,0,0,0,0,0,0,0,0,1,0,0,8,0,40.0481,-75.1759, ,Philadelphia
 ,1722,2017043836,6,67,67301,2017,4,6,1640,16,1,1,0,1,1, , ,N,0,0,0,3,0,3,4,2,N,N,39 59:15.726,75 06:28.414,1649, ,1641, ,0, ,N, ,0, , , , , ,22248, , , ,2,1,0,0,0,0,1,0,0,0,0,0,3,3,1,0,0,0,0,0,0,0,0,0,0,0,0,0,0,0,0,0,0,0,0,8,0,39.9877,-75.1079, ,Philadelphia
 ,1723,2017041423,6,67,67301,2017,3,6,850,8,1,2,1,4,1, , ,N,1,3,0,3,0,1,2,2,N, ,39 59:22.858,75 09:28.803,859, ,855,9,1,1, , ,3,N, , , , ,22249, , , ,2,2,0,0,0,0,0,0,0,0,0,1,1,0,0,0,0,0,0,0,0,0,0,0,0,0,0,0,0,0,0,0,0,0,0,4,0,39.9897,-75.158, ,Philadelphia
 ,1724,2017010795,6,67,67301,2017,1,3,1526,15,1,1,0,5,1, , ,N,0,0,0,3,0,1,2,2,N,N,39 57:28.465,75 09:43.614,1530, ,1527,2,2,4, , ,0,N, , , , ,22268, , , ,2,1,0,1,0,0,0,0,0,0,0,0,1,1,0,0,0,0,0,0,1,0,0,0,0,0,0,0,0,0,0,0,0,0,0,8,1,39.9579,-75.1621, ,Philadelphia
 ,1725,2017022024,6,67,67301,2017,2,5,1550,15,1,1,0,1,1, , ,N,0,0,0,3,0,4,6,3,N,N,39 59:06.170,75 05:41.018,1636, ,1602,2,2,2, , ,0,N, , , , ,22270, , , ,3,2,0,0,0,0,1,0,0,0,4,0,4,0,1,0,0,0,0,0,0,0,0,0,0,0,0,0,0,0,0,0,0,0,0,3,0,39.985,-75.0947, ,Philadelphia
 ,1726,2017035825,6,67,67301,2017,3,7,2200,22,3,1,0,4,1, , ,N,1,2,0,3,0,0,3,2,N,N,40 05:56.900,74 59:12.900,2220, ,2211,9,1,2,N, ,3,N, , , , ,22282, , , ,2,0,0,0,0,0,2,0,0,0,0,0,0,0,0,0,0,0,0,0,0,0,0,0,0,0,0,0,0,0,0,0,0,0,0,0,0,40.0991,-74.9869, ,Philadelphia
 ,1727,2017041145,6,67,67301,2017,3,3,2205,22,3,2,1,6,1, , ,N,2,0,0,3,0,2,3,2,N, ,40 02:37.187,75 01:18.086,2209, ,2208,1,2,2, , ,0,Y, , , , ,22289, , , ,2,1,0,0,0,0,1,0,0,0,0,2,2,0,0,0,0,0,0,0,0,0,0,0,0,0,0,0,0,0,0,0,0,0,0,4,0,40.0437,-75.0217, ,Philadelphia
 ,1728,2017021483,6,67,67301,2017,2,3,1715,17,1,1,0,6,1, , ,N,1,0,0,3,0,4,7,3,N, ,40 01:28.988,75 04:54.983,1715, ,1715,1,2,6, , ,0,Y, , , , ,22290, , , ,3,3,0,0,0,0,0,0,0,0,0,3,4,1,1,0,0,0,0,0,0,0,0,2,0,0,0,0,0,0,0,0,0,0,0,4,0,40.0247,-75.0819, ,Philadelphia
 ,1729,2017028873,6,67,67301,2017,2,4,1450,14,1,1,0,8,1, , ,N,1,2,0,3,0,1,2,2,N,N,39 59:38.209,75 09:16.513,1455, ,1454, ,0, ,N, ,3, , , , , ,22292, , , ,1,1,0,0,0,0,0,0,0,0,1,0,1,0,0,0,0,0,0,0,0,0,0,0,0,0,0,0,0,0,0,0,1,0,0,3,0,39.9939,-75.1545, ,Philadelphia
 ,1730,2017041416,6,67,67301,2017,3,6,1040,10,1,2,1,1,1, , ,N,1,2,0,3,0,1,3,3,N,N,40 02:02.039,75 04:27.141,1050, ,1045,1,1,1,N, ,3,N, , , , ,22322, , , ,3,2,0,0,0,0,1,0,0,0,0,0,1,1,0,0,0,0,0,1,0,0,0,0,0,0,0,0,0,0,0,0,0,0,0,8,0,40.034,-75.0744, ,Philadelphia
 ,1731,2017033079,6,67,67301,2017,2,6,1214,12,1,1,0,4,1, , ,N,1,2,0,3,0,5,5,2,N, ,39 55:05.839,75 12:32.264,1221, ,1218,3,2,4, , ,3,Y, , , , ,22375, , , ,2,1,0,0,1,0,0,0,0,0,0,4,5,1,0,0,0,0,0,0,2,0,0,0,0,0,0,0,0,0,0,0,0,0,0,4,0,39.9182,-75.2088, ,Philadelphia
 ,1732,2017041404,6,67,67301,2017,3,3,1730,17,1,2,1,1,1, , ,N,1,2,0,3,0,1,3,2,N,N,40 03:45.653,75 02:34.092,1754, ,1739,1,1,2,N, ,3,N, , , , ,22385, , , ,2,2,0,0,0,0,0,0,0,0,0,0,1,1,0,0,0,0,0,0,0,0,0,0,0,0,0,0,0,0,0,0,0,0,0,8,0,40.0627,-75.0428, ,Philadelphia
 ,1733,2017017619,6,67,67301,2017,2,3,1245,12,1,1,0,4,1, , ,N,0,0,0,3,0,2,3,2,N,N,40 02:39.242,75 00:09.809,1302, ,1247,1,2,2, , ,0,N, , , , ,22411, , , ,2,1,0,0,1,0,0,0,0,0,0,0,2,2,0,0,0,0,0,0,0,0,0,0,0,0,0,0,0,0,0,0,0,0,0,8,0,40.0442,-75.0027, ,Philadelphia