wz_ln_closure,objectid_1,crn,district,county,municipality,crash_year,crash_month,day_of_week,time_of_day,hour_of_day,illumination,weather,road_condition,collision_type,relation_to_road,work_zone_type,work_zone_loc,work_zone_ind,intersect_type,tcd_type,location_type,urban_rural,fatal_count,injury_count,person_count,total_units,sch_bus_ind,sch_zone_ind,latitude,longitude,arrival_tm,cons_zone_spd_lim,dispatch_tm,est_hrs_closed,lane_closed,ln_close_dir,ntfy_hiwy_maint,spec_juris_cd,tcd_func_cd,tfc_detour_ind,workers_pres,wz_close_detour,wz_flagger,wz_law_offcr_ind,objectid,wz_moving,wz_other,wz_shlder_mdn,vehicle_count,automobile_count,motorcycle_count,bus_count,small_truck_count,heavy_truck_count,suv_count,van_count,bicycle_count,maj_inj_count,mod_inj_count,min_inj_count,tot_inj_count,unk_inj_deg_count,unk_inj_per_count,driver_count_16yr,driver_count_17yr,driver_count_18yr,driver_count_19yr,driver_count_20yr,driver_count_50_64yr,driver_count_65_74yr,driver_count_75plus,unbelted_occ_count,unb_death_count,unb_maj_inj_count,belted_death_count,belted_maj_inj_count,mcycle_death_count,mcycle_maj_inj_count,bicycle_death_count,bicycle_maj_inj_count,ped_count,ped_death_count,ped_maj_inj_count,max_severity_level,comm_veh_count,dec_lat,dec_long,rdwy_surf_type_cd,county_name
 ,1798,2017033509,6,67,67301,2017,2,2,1322,13,1,1,0,1,1, , ,N,0,0,0,3,0,1,4,3,N, ,40 03:24.735,75 03:11.661,1330, ,1326,1,1,2, , ,0,N, , , , ,22971, , , ,3,1,0,0,0,0,2,0,0,0,0,1,1,0,0,0,0,0,0,0,0,1,0,0,0,0,0,0,0,0,0,0,0,0,0,4,0,40.0569,-75.0532, ,Philadelphia
 ,1799,2017021525,6,67,67301,2017,2,2,900,9,1,1,0,4,1, , ,N,1,3,0,3,0,1,4,2,N, ,39 57:46.836,75 09:30.286,917, ,914, ,0, , , ,3, , , , , ,22972, , , ,2,1,0,0,0,0,1,0,0,0,0,1,1,0,0,0,0,0,0,0,2,0,0,0,0,0,0,0,0,0,0,0,0,0,0,4,0,39.963,-75.1584, ,Philadelphia
 ,1800,2017038607,6,46,46102,2017,4,5,819,8,1,1,0,1,1, , ,N,0,0,7,3,0,0,2,2,N,N,40 03:51.719,75 05:19.637,831, ,819, ,0, ,N, ,0, , , , , ,22978, , , ,2,1,0,0,0,0,1,0,0,0,0,0,0,0,0,0,0,0,0,0,0,0,0,0,0,0,0,0,0,0,0,0,0,0,0,0,0,40.0644,-75.0888, ,Montgomery
 ,1801,2017050559,6,67,67301,2017,5,2,1305,13,1,1,0,7,4, , ,N,0,0,0,3,0,0,1,1,N,N,40 01:43.448,75 01:23.594,1325, ,1314,2,2,1, , ,0,N, , , , ,21333, , , ,1,0,0,0,0,0,1,0,0,0,0,0,0,0,0,0,0,1,0,0,0,0,0,0,0,0,0,0,0,0,0,0,0,0,0,0,0,40.0287,-75.0232, ,Philadelphia
 ,1802,2017067718,6,67,67301,2017,5,4,114,1,3,2,1,5,6, , ,N,0,0,0,3,0,0,1,2,N,N,40 03:53.274,75 09:37.344,125, ,119, ,0, ,N, ,0, , , , , ,21343, , , ,2,2,0,0,0,0,0,0,0,0,0,0,0,0,0,0,0,0,0,0,0,0,0,0,0,0,0,0,0,0,0,0,0,0,0,0,0,40.0648,-75.1604, ,Philadelphia
 ,1803,2017043806,6,67,67301,2017,4,3,1845,18,1,1,0,4,1, , ,N,0,0,0,3,0,1,2,2,N, ,40 03:51.001,75 02:48.890,1854, ,1850,1,1,4, , ,0,N, , , , ,21359, , , ,1,0,0,0,0,0,0,1,1,0,0,0,1,1,0,0,0,0,0,0,0,0,0,1,0,0,0,0,0,0,0,0,0,0,0,8,0,40.0642,-75.0469, ,Philadelphia
 ,1804,2017058288,6,67,67301,2017,5,4,1702,17,1,1,0,4,1, , ,N,3,2,0,3,0,0,2,2,N,N,39 57:05.855,75 09:49.658,1841, ,1836, ,0, ,N, ,3, , , , , ,21379, , , ,2,0,0,0,0,1,1,0,0,0,0,0,0,0,0,0,0,0,0,0,0,1,0,0,0,0,0,0,0,0,0,0,0,0,0,0,1,39.9516,-75.1638, ,Philadelphia
 ,1805,2017041268,6,67,67301,2017,4,6,1213,12,1,1,0,8,1, , ,N,1,3,0,3,0,1,2,2,N,N,39 59:12.170,75 10:19.254,1220, ,1215, ,0, ,N, ,3, , , , , ,21428, , , ,1,1,0,0,0,0,0,0,0,0,0,0,1,1,0,0,0,0,0,0,0,0,0,1,0,0,0,0,0,0,0,0,1,0,0,8,0,39.9867,-75.172, ,Philadelphia
 ,1806,2017033070,6,67,67301,2017,2,6,9999,99,1,1,0,8,1, , ,N,1,2,0,3,0,1,2,2,N, ,39 59:48.618,75 09:13.788,1645, ,1643, ,0, , , ,3, , , , , ,21471, , , ,1,0,0,0,0,0,1,0,0,0,0,1,1,0,1,0,0,0,0,0,0,0,0,0,0,0,0,0,0,0,0,0,1,0,0,4,0,39.9968,-75.1538, ,Philadelphia
 ,1807,2017021182,6,67,67301,2017,2,4,1730,17,1,1,0,4,1, , ,N,1,2,0,3,0,0,2,2,N,N,39 58:59.480,75 09:24.548,1730, ,1730, ,0, ,N, ,3, , , , , ,21474, , , ,2,2,0,0,0,0,0,0,0,0,0,0,0,0,0,0,0,0,0,0,0,0,0,0,0,0,0,0,0,0,0,0,0,0,0,0,0,39.9832,-75.1568, ,Philadelphia
 ,1808,2017014039,6,67,67301,2017,1,2,1825,18,3,1,0,5,1, , ,N,0,0,0,3,0,1,3,2,N,N,39 58:30.516,75 08:18.098,1858, ,1855, ,0, , , ,0, , , , , ,21500, , , ,2,2,0,0,0,0,0,0,0,0,0,1,1,0,0,0,0,0,0,0,0,0,0,1,0,0,0,0,0,0,0,0,0,0,0,4,0,39.9751,-75.1384, ,Philadelphia
 ,1809,2017035753,6,67,67301,2017,3,6,1510,15,1,4,1,1,1, , ,N,1,2,0,3,0,1,3,2,N,N,39 59:05.418,75 06:48.150,1520, ,1516, ,0, ,N, ,3, , , , , ,21512, , , ,2,1,0,0,0,0,0,1,0,0,0,1,1,0,0,0,0,1,0,0,0,0,0,2,0,0,0,0,0,0,0,0,0,0,0,4,0,39.9848,-75.1134, ,Philadelphia
 ,1810,2017033516,6,67,67301,2017,2,5,1955,19,4,1,0,1,1, , ,N,0,0,0,3,0,0,2,2,N,N,39 59:24.374,75 09:31.093,1955, ,1950, ,0, ,N, ,0, , , , , ,21516, , , ,2,1,0,0,1,0,0,0,0,0,0,0,0,0,0,0,0,0,0,0,0,0,0,2,0,0,0,0,0,0,0,0,0,0,0,0,0,39.9901,-75.1586, ,Philadelphia
 ,1811,2017035843,6,67,67301,2017,3,3,1833,18,3,1,0,2,1, , ,N,0,0,0,3,0,4,4,2,N,N,40 03:06.483,75 09:46.378,1836, ,1835, ,0, ,N, ,0, , , , , ,21524, , , ,2,1,0,0,0,0,1,0,0,1,0,1,4,2,0,0,0,0,0,0,1,0,0,1,0,1,0,0,0,0,0,0,0,0,0,2,0,40.0518,-75.1629, ,Philadelphia
 ,1812,2017052275,6,67,67301,2017,4,7,2200,22,3,1,0,4,1, , ,N,1,2,0,3,0,1,4,2,N,N,39 56:00.144,75 10:52.122,2215, ,2210, ,0, ,N, ,3, , , , , ,21528, , , ,1,1,0,0,0,0,0,0,1,0,0,1,1,0,0,0,0,0,0,0,0,1,0,0,0,0,0,0,0,0,0,0,0,0,0,4,0,39.9334,-75.1811, ,Philadelphia
 ,1813,2017054329,6,67,67301,2017,5,4,1424,14,1,1,0,1,1, , ,N,0,0,0,3,0,1,2,2,N,N,39 53:56.679,75 10:05.400,1444, ,1431,1,1,2, , ,0,N, , , , ,21576, , , ,2,2,0,0,0,0,0,0,0,0,1,0,1,0,0,0,0,0,0,0,0,1,0,0,0,0,0,0,0,0,0,0,0,0,0,3,0,39.8991,-75.1682, ,Philadelphia
 ,1814,2017068196,6,67,67301,2017,6,4,2333,23,3,1,0,7,4, , ,N,0,0,0,3,0,1,1,1,N,N,39 58:29.364,75 11:39.925,2342, ,2333, ,0, , , ,0, , , , , ,21582, , , ,1,1,0,0,0,0,0,0,0,0,0,0,1,1,0,0,0,0,1,0,0,0,0,0,0,0,0,0,0,0,0,0,0,0,0,8,0,39.9738,-75.1941, ,Philadelphia
 ,1815,2017005043,6,67,67301,2017,1,5,623,6,5,1,1,8,1, , ,N,2,2,0,3,0,1,2,2,N,N,39 56:46.705,75 11:49.656,625, ,624,1,1,3,N, ,3,N, , , , ,21594, , , ,1,0,0,0,0,0,1,0,0,0,1,0,1,0,0,0,0,0,0,0,1,0,0,0,0,0,0,0,0,0,0,0,1,0,0,3,0,39.9463,-75.1971, ,Philadelphia
 ,1816,2017033539,6,67,67301,2017,2,1,205,2,3,1,0,1,1, , ,N,1,2,2,3,0,0,2,2,N,N,39 56:50.821,75 11:15.458,254, ,251, ,0, ,N, ,3, , , , , ,21603, , , ,2,2,0,0,0,0,0,0,0,0,0,0,0,0,0,0,0,0,0,0,1,0,0,1,0,0,0,0,0,0,0,0,0,0,0,0,0,39.9475,-75.1876, ,Philadelphia
 ,1817,2017045465,6,67,67301,2017,4,5,1754,17,1,1,0,4,1, , ,N,0,0,0,3,0,0,2,2,N,N,39 59:54.869,75 11:43.966,1759, ,1755, ,0, , , ,0, , , , , ,21604, , , ,2,1,0,0,1,0,0,0,0,0,0,0,0,0,0,0,0,0,0,0,0,1,0,0,0,0,0,0,0,0,0,0,0,0,0,0,0,39.9986,-75.1955, ,Philadelphia
 ,1818,2017041283,6,67,67301,2017,4,6,9999,99,1,2,1,4,1, , ,N,0,0,7,3,0,1,2,2,N,N,40 00:30.400,75 10:22.000,1207, ,1233, ,0, , , ,0, , , , , ,21610, , , ,2,2,0,0,0,0,0,0,0,0,0,1,1,0,0,0,0,0,0,0,2,0,0,1,0,0,0,0,0,0,0,0,0,0,0,4,0,40.0084,-75.1728, ,Philadelphia
 ,1819,2017037384,6,67,67301,2017,3,6,1354,13,1,1,0,4,6, , ,N,0,0,7,3,0,0,1,2,N,N,40 01:51.643,75 05:05.611,1500, ,1416, ,0, , , ,0, , , , , ,21613, , , ,2,1,0,0,0,0,1,0,0,0,0,0,0,0,1,0,0,0,0,0,0,0,0,0,0,0,0,0,0,0,0,0,0,0,0,9,0,40.031,-75.0849, ,Philadelphia
 ,1820,2017021616,6,67,67301,2017,2,1,2135,21,3,2,1,7,4, , ,N,1,2,1,3,0,0,1,2,N,N,39 58:48.450,75 07:59.483,2137, ,2137, ,0, ,N, ,3, , , , , ,21622, , , ,1,1,0,0,0,0,0,0,0,0,0,0,0,0,0,0,1,0,0,0,0,0,0,0,0,0,0,0,0,0,0,0,0,0,0,0,0,39.9801,-75.1332, ,Philadelphia
 ,1821,2017055609,6,67,67301,2017,5,5,900,9,1,1,0,4,1, , ,N,1,3,0,3,0,1,2,2,N,N,40 01:47.744,75 08:28.428,915, ,911, ,0, ,N, ,3, , , , , ,21628, , , ,2,2,0,0,0,0,0,0,0,0,0,1,1,0,0,0,0,0,0,0,0,0,1,0,0,0,0,0,0,0,0,0,0,0,0,4,0,40.0299,-75.1412, ,Philadelphia
 ,1822,2017035792,6,67,67301,2017,3,7,1443,14,1,1,0,8,1, , ,N,1,2,0,3,0,1,2,2,N,N,39 58:34.699,75 10:59.119,1445, ,1445, ,0, ,N, ,3, , , , , ,21658, , , ,1,1,0,0,0,0,0,0,0,0,0,1,1,0,0,0,0,0,0,0,0,0,0,1,0,0,0,0,0,0,0,0,1,0,0,4,0,39.9763,-75.1831, ,Philadelphia
 ,1823,2017030195,6,67,67301,2017,3,2,1628,16,1,1,0,1,1, , ,N,0,8,0,3,0,4,5,3,N,N,40 01:01.100,75 10:26.505,1647, ,1647,1,1,1,N, ,3,N, , , , ,21667, , , ,3,1,0,0,1,0,1,0,0,0,0,0,4,4,0,0,0,0,0,0,1,0,0,0,0,0,0,0,0,0,0,0,0,0,0,8,0,40.017,-75.174, ,Philadelphia
 ,1824,2017055507,6,67,67301,2017,4,7,2231,22,3,1,0,5,6, , ,N,0,0,0,3,0,1,3,2,N, ,39 56:15.264,75 13:33.392,2317, ,2311,2,1,4,N, ,0,N, , , , ,21683, , , ,2,0,0,0,0,0,2,0,0,0,0,1,1,0,0,0,0,0,0,0,0,0,0,0,0,0,0,0,0,0,0,0,0,0,0,4,0,39.9376,-75.2259, ,Philadelphia
 ,1825,2017052389,6,67,67301,2017,4,3,1532,15,1,2,1,7,2, , ,N,6,0,2,3,0,0,1,1,N,N,40 00:51.962,75 12:22.049,1604, ,1545, ,0, ,N, ,0, , , , , ,21718, , , ,1,1,0,0,0,0,0,0,0,0,0,0,0,0,0,0,0,0,0,0,0,0,0,0,0,0,0,0,0,0,0,0,0,0,0,0,0,40.0138,-75.2057, ,Philadelphia
 ,1826,2017055616,6,67,67301,2017,5,6,9999,99,1,2,1,4,1, , ,N,1,2,0,3,0,1,2,2,N,N,40 02:01.813,75 07:41.246,1344, ,1342,2,2,7,N, ,3,Y, , , , ,21723, , , ,2,2,0,0,0,0,0,0,0,0,0,0,1,1,1,0,0,0,0,0,0,0,0,0,0,0,0,0,0,0,0,0,0,0,0,8,0,40.0338,-75.1281, ,Philadelphia
 ,1827,2017033090,6,67,67301,2017,3,4,1535,15,1,1,0,8,1, , ,N,1,3,0,3,0,1,2,2,N, ,40 01:47.834,75 07:44.342,1645, ,1645, ,0, , , ,3, , , , , ,21756, , , ,1,0,0,0,1,0,0,0,0,0,1,0,1,0,0,0,0,0,0,0,1,0,0,0,0,0,0,0,0,0,0,0,1,0,0,3,0,40.03,-75.129, ,Philadelphia
 ,1828,2017028878,6,67,67301,2017,2,1,355,3,3,1,0,4,1, , ,N,1,2,0,3,0,1,4,2,N,N,39 57:53.673,75 13:28.432,401, ,358, ,0, ,N, ,3, , , , , ,21763, , , ,2,2,0,0,0,0,0,0,0,0,0,1,1,0,0,0,0,0,0,0,0,0,0,1,0,0,0,0,0,0,0,0,0,0,0,4,0,39.9649,-75.2246, ,Philadelphia
 ,1829,2017052166,6,67,67301,2017,4,5,1710,17,1,1,0,4,1, , ,N,2,3,0,3,0,1,2,2,N, ,39 58:58.072,75 12:22.561,1735, ,1721,2,1,2, , ,3,Y, , , , ,21772, , , ,2,1,0,0,0,0,1,0,0,0,0,1,1,0,0,0,0,0,0,0,0,0,0,0,0,0,0,0,0,0,0,0,0,0,0,4,0,39.9828,-75.2063, ,Philadelphia
 ,1830,2017058338,6,67,67301,2017,5,5,810,8,1,1,0,4,1, , ,N,1,3,0,3,0,1,2,2,N,N,40 03:07.828,75 05:35.123,834, ,824, ,0, ,N, ,3, , , , , ,21782, , , ,2,2,0,0,0,0,0,0,0,0,0,0,1,1,0,0,0,0,0,0,0,0,1,0,0,0,0,0,0,0,0,0,0,0,0,8,0,40.0522,-75.0931, ,Philadelphia
 ,1831,2017019103,6,67,67301,2017,1,5,710,7,1,2,1,8,1, , ,N,0,0,0,3,0,1,2,2,N,N,40 01:11.517,75 08:57.881,739, ,734, ,0, , , ,0, , , , , ,21792, , , ,1,1,0,0,0,0,0,0,0,0,0,1,1,0,0,0,0,0,0,0,0,0,0,0,0,0,0,0,0,0,0,0,1,0,0,4,0,40.0199,-75.1494, ,Philadelphia
 ,1832,2017037524,6,67,67301,2017,3,5,1940,19,3,1,0,1,1, , ,N,0,2,0,3,0,1,3,3,N, ,40 04:40.619,74 59:56.946,1941, ,1941,1,1,1, , ,3,N, , , , ,21812, , , ,3,1,0,0,1,0,1,0,0,0,0,1,1,0,0,0,0,0,0,0,1,0,0,1,0,0,0,0,0,0,0,0,0,0,0,4,0,40.0779,-74.9992, ,Philadelphia
 ,1833,2017041411,6,67,67301,2017,4,1,543,5,5,1,0,4,1, , ,N,1,2,0,3,0,2,2,2,N,N,39 58:18.694,75 14:41.637,547, ,545, ,0, , , ,3, , , , , ,21818, , , ,2,2,0,0,0,0,0,0,0,0,0,0,2,2,0,0,0,0,0,0,0,0,0,0,0,0,0,0,0,0,0,0,0,0,0,8,0,39.9719,-75.2448, ,Philadelphia
 ,1834,2017033567,6,67,67301,2017,2,3,630,6,5,1,0,7,4, , ,N,0,0,3,3,0,0,2,1,N,N,39 55:15.594,75 11:42.681,642, ,639,1,2,3,N, ,0,Y, , , , ,21820, , , ,1,1,0,0,0,0,0,0,0,0,0,0,0,0,2,0,0,0,0,0,0,0,0,0,0,0,0,0,0,0,0,0,0,0,0,9,0,39.921,-75.1952, ,Philadelphia
 ,1835,2017052816,6,67,67301,2017,5,3,750,7,1,1,0,4,1, , ,N,5,2,0,3,0,7,8,2,Y,N,39 54:40.810,75 14:33.592,820, ,800,2,2,2,N, ,3,Y, , , , ,21822, , , ,2,1,0,1,0,0,0,0,0,0,0,0,7,7,0,0,0,0,0,0,1,0,0,1,0,0,0,0,0,0,0,0,0,0,0,8,1,39.9113,-75.2427, ,Philadelphia
 ,1836,2017043879,6,67,67301,2017,4,7,2001,20,3,1,0,8,1, , ,N,1,3,0,3,0,1,4,2,N,N,39 58:49.526,75 07:36.192,2003, ,2001, ,0, ,N, ,3, , , , , ,21840, , , ,1,1,0,0,0,0,0,0,0,0,0,0,1,1,0,0,0,0,1,0,0,0,0,0,0,0,0,0,0,0,0,0,1,0,0,8,0,39.9804,-75.1267, ,Philadelphia
 ,1837,2017021106,6,67,67301,2017,2,7,1943,19,3,1,0,4,1, , ,N,5,2,0,3,0,1,3,2,N,N,40 01:23.655,75 08:11.842,1955, ,1944,1,1,7,N, ,3,N, , , , ,21855, , , ,2,2,0,0,0,0,0,0,0,0,0,1,1,0,0,0,0,0,0,0,0,0,0,0,0,0,0,0,0,0,0,0,0,0,0,4,0,40.0232,-75.1366, ,Philadelphia
 ,1838,2017052204,6,67,67301,2017,4,1,307,3,3,1,0,1,1, , ,N,0,0,0,3,0,1,2,2,N,N,40 01:28.201,75 07:51.131,312, ,312,1,2,2,N, ,0,Y, , , , ,21867, , , ,2,2,0,0,0,0,0,0,0,0,0,0,1,1,0,0,0,0,0,1,0,0,0,2,0,0,0,0,0,0,0,0,0,0,0,8,0,40.0245,-75.1309, ,Philadelphia
 ,1839,2017012427,6,67,67301,2017,1,4,2010,20,3,1,0,1,1, , ,N,0,0,0,3,0,0,2,2,N,N,39 57:41.501,75 10:57.332,2018, ,2014,1,2,3, , ,0,N, , , , ,21879, , , ,2,1,0,0,0,0,1,0,0,0,0,0,0,0,0,0,0,0,0,0,0,0,0,0,0,0,0,0,0,0,0,0,0,0,0,0,0,39.9615,-75.1826, ,Philadelphia
 ,1840,2017010717,6,67,67301,2017,1,3,1528,15,1,1,0,7,3, , ,N,0,0,0,3,0,0,1,1,N,N,40 03:04.363,74 59:21.218,1536, ,1536, ,0, , , ,0, , , , , ,21880, , , ,1,1,0,0,0,0,0,0,0,0,0,0,0,0,0,0,0,0,1,0,0,0,0,0,0,0,0,0,0,0,0,0,0,0,0,0,0,40.0512,-74.9892, ,Philadelphia
 ,1841,2017024885,6,67,67301,2017,2,3,1515,15,1,1,0,5,1, , ,N,0,0,0,3,0,2,3,2,N,N,40 02:26.124,75 00:20.386,1522, ,1515, ,0, , , ,0, , , , , ,21883, , , ,2,2,0,0,0,0,0,0,0,0,0,0,2,2,0,0,0,1,0,0,1,0,0,0,0,0,0,0,0,0,0,0,0,0,0,8,0,40.0406,-75.0057, ,Philadelphia
 ,1842,2017049303,6,67,67301,2017,5,7,856,8,1,2,1,7,4, , ,N,0,0,0,3,0,1,1,1,N,N,40 00:35.031,75 03:52.129,913, ,900, ,0, , , ,0, , , , , ,21920, , , ,1,1,0,0,0,0,0,0,0,0,1,0,1,0,0,0,0,0,0,0,0,0,0,0,0,0,0,0,0,0,0,0,0,0,0,3,0,40.0097,-75.0645, ,Philadelphia
 ,1843,2017052351,6,67,67301,2017,4,1,2323,23,3,1,0,7,5, , ,N,2,2,0,3,0,1,1,1,N, ,40 01:28.275,75 09:57.888,2325, ,2123, ,0, , , ,3, , , , , ,21925, , , ,1,1,0,0,0,0,0,0,0,0,0,1,1,0,0,0,0,0,0,0,0,0,0,0,0,0,0,0,0,0,0,0,0,0,0,4,0,40.0245,-75.1661, ,Philadelphia
 ,1844,2017037426,6,67,67301,2017,3,2,1830,18,1,1,0,1,6, , ,N,0,0,0,3,0,0,1,2,N, ,40 02:15.488,75 04:44.764,1841, ,1836, ,0, , , ,0, , , , , ,21943, , , ,2,1,0,0,0,0,1,0,0,0,0,0,0,0,0,0,0,0,0,0,0,0,0,1,0,0,0,0,0,0,0,0,0,0,0,0,0,40.0376,-75.0791, ,Philadelphia
 ,1845,2017042816,6,67,67301,2017,4,1,1547,15,1,1,0,1,1, , ,N,0,0,0,3,0,1,3,2,N,N,39 58:02.997,75 11:20.455,1559, ,1547, ,0, , , ,0, , , , , ,21948, , , ,2,1,0,0,0,0,1,0,0,0,0,0,1,1,0,0,0,0,0,0,0,0,0,0,0,0,0,0,0,0,0,0,0,0,0,8,0,39.9675,-75.189, ,Philadelphia
 ,1846,2017021645,6,67,67301,2017,2,6,1650,16,1,1,0,8,1, , ,N,5,2,0,3,0,1,2,2,N, ,39 57:21.161,75 10:04.438,1715, ,1709, ,0, , , ,3, , , , , ,21957, , , ,1,1,0,0,0,0,0,0,0,0,0,1,1,0,0,0,0,0,0,0,1,0,0,0,0,0,0,0,0,0,0,0,1,0,0,4,0,39.9563,-75.1683, ,Philadelphia
 ,1847,2017004029,6,67,67301,2017,1,6,2147,21,3,1,0,1,1, , ,N,0,0,0,3,0,0,2,2,N,N,40 01:16.768,75 02:25.976,2158, ,2150,1,1,1, , ,0,N, , , , ,21980, , , ,2,2,0,0,0,0,0,0,0,0,0,0,0,0,0,0,0,0,0,0,1,0,0,0,0,0,0,0,0,0,0,0,0,0,0,0,0,40.0213,-75.0405, ,Philadelphia
 ,1848,2017035729,6,67,67301,2017,3,6,1945,19,3,1,0,7,4, , ,N,0,0,7,3,0,0,1,2,N,N,40 02:02.133,75 02:46.131,1950, ,1948, ,0, ,N, ,0, , , , , ,21992, , , ,1,1,0,0,0,0,0,0,0,0,0,0,0,0,1,0,0,1,0,0,0,0,0,0,0,0,0,0,0,0,0,0,0,0,0,9,0,40.0339,-75.0461, ,Philadelphia
 ,1849,2017030527,6,67,67301,2017,3,2,1420,14,1,1,0,1,1, , ,N,0,0,0,3,0,0,1,3,N,N,39 58:51.931,75 09:26.641,1435, ,1430, ,0, ,N, ,0, , , , , ,22007, , , ,3,3,0,0,0,0,0,0,0,0,0,0,0,0,0,0,0,0,0,0,1,0,0,0,0,0,0,0,0,0,0,0,0,0,0,0,0,39.9811,-75.1574, ,Philadelphia
 ,1850,2017052069,6,67,67301,2017,4,6,9999,99,1,1,0,1,1, , ,N,1,2,2,3,0,0,3,3,N, ,39 57:33.101,75 10:32.001,1818, ,1814, ,0, , , ,3, , , , , ,22012, , , ,3,0,0,0,0,0,1,0,0,0,0,0,0,0,0,0,0,0,0,0,0,0,0,1,0,0,0,0,0,0,0,0,0,0,0,0,0,39.9592,-75.1755, ,Philadelphia
 ,1851,2017055555,6,67,67301,2017,4,4,1225,12,1,1,0,1,1, , ,N,0,0,0,3,0,0,6,2,N,N,40 05:54.528,75 01:49.545,1240, ,1230, ,0, ,N, ,0, , , , , ,22018, , , ,2,1,0,0,0,0,1,0,0,0,0,0,0,0,0,0,0,0,0,0,0,1,0,0,0,0,0,0,0,0,0,0,0,0,0,0,0,40.0985,-75.0304, ,Philadelphia
 ,1852,2017046987,6,67,67301,2017,5,4,1523,15,1,1,0,1,1, , ,N,0,0,0,3,0,2,4,2,N,N,39 56:20.988,75 08:35.890,1533, ,1523, ,0, , , ,0, , , , , ,22019, , , ,2,1,0,0,0,0,1,0,0,0,0,0,2,2,0,0,0,0,0,0,0,0,0,1,0,0,0,0,0,0,0,0,0,0,0,8,0,39.9392,-75.1433, ,Philadelphia
 ,1853,2017035595,6,67,67301,2017,3,5,907,9,1,1,0,4,1, , ,N,1,2,0,3,0,3,3,2,N,N,40 02:40.636,75 03:16.819,920, ,909,1,1,4,N, ,3,N, , , , ,22041, , , ,2,1,0,0,0,0,0,1,0,0,1,2,3,0,0,0,0,0,0,0,1,0,0,0,0,0,0,0,0,0,0,0,0,0,0,3,0,40.0446,-75.0547, ,Philadelphia
 ,1854,2017037649,6,67,67301,2017,3,6,1642,16,1,2,1,7,2, , ,N,6,0,0,3,0,0,5,4,N,N,39 57:24.872,75 09:13.565,1705, ,1647, ,0, , , ,0, , , , , ,22042, , , ,4,1,0,0,1,0,1,1,0,0,0,0,0,0,0,0,0,0,0,0,0,0,0,0,0,0,0,0,0,0,0,0,0,0,0,0,0,39.9569,-75.1538, ,Philadelphia
 ,1855,2017033566,6,67,67301,2017,2,1,1955,19,3,1,0,1,1, , ,N,1,2,0,3,0,2,4,2,N,N,40 00:00.687,75 09:59.702,2002, ,1959, ,0, , , ,3, , , , , ,23690, , , ,2,0,0,0,0,0,2,0,0,0,0,2,2,0,0,0,0,0,0,0,0,0,0,0,0,0,0,0,0,0,0,0,0,0,0,4,0,40.0002,-75.1666, ,Philadelphia
 ,1856,2017019029,6,67,67301,2017,1,3,1630,16,1,1,0,8,1, , ,N,0,0,1,3,0,1,2,2,N,N,39 59:48.105,75 06:47.678,1655, ,1645, ,0, ,N, ,0, , , , , ,23716, , , ,1,1,0,0,0,0,0,0,0,0,0,1,1,0,0,0,0,0,0,0,0,0,0,0,0,0,0,0,0,0,0,0,1,0,0,4,0,39.9967,-75.1132, ,Philadelphia
 ,1857,2017052423,6,67,67301,2017,4,3,2025,20,3,2,1,7,1, , ,N,0,0,1,3,0,0,2,1,N,N,40 00:48.347,75 10:23.969,2036, ,2033, ,0, ,N, ,0, , , , , ,23749, , , ,1,1,0,0,0,0,0,0,0,0,0,0,0,0,0,0,0,0,0,0,0,1,0,0,0,0,0,0,0,0,0,0,0,0,0,0,0,40.0134,-75.1733, ,Philadelphia
 ,1858,2017036734,6,67,67301,2017,3,5,2120,21,3,1,1,4,1, , ,N,0,0,0,3,0,2,2,2,N,N,39 53:56.320,75 10:08.451,2124, ,2121,2,1,2, , ,0,N, , , , ,23776, , , ,2,1,0,0,1,0,0,0,0,0,0,0,2,2,0,0,1,0,0,0,0,0,0,0,0,0,0,0,0,0,0,0,0,0,0,8,0,39.899,-75.169, ,Philadelphia
 ,1859,2017014044,6,67,67301,2017,1,5,925,9,1,1,1,4,1, , ,N,5,2,0,3,0,0,2,2,N, ,40 03:51.796,75 09:23.446,9999, ,9999,2,2,1, , ,3,N, , , , ,23814, , , ,2,2,0,0,0,0,0,0,0,0,0,0,0,0,0,0,0,0,0,0,1,1,0,0,0,0,0,0,0,0,0,0,0,0,0,0,0,40.0644,-75.1565, ,Philadelphia
 ,1860,2017035780,6,67,67301,2017,3,1,1853,18,3,9,0,7,4, , ,N,10,3,0,3,0,1,1,1,N,N,40 05:04.419,75 00:09.478,1903, ,1900, ,0, ,N, ,3, , , , , ,23828, , , ,1,1,0,0,0,0,0,0,0,0,0,0,1,1,0,0,0,0,0,0,0,0,0,0,0,0,0,0,0,0,0,0,0,0,0,8,0,40.0846,-75.0026, ,Philadelphia
 ,1861,2017035677,6,67,67301,2017,3,6,1305,13,1,1,0,6,6, , ,N,0,0,0,3,0,0,1,3,N,N,39 54:34.300,75 14:04.023,9999, ,9999, ,0, ,N, ,0, , , , , ,23845, , , ,3,0,0,0,0,1,0,1,0,0,0,0,0,0,0,0,0,0,0,0,0,0,0,1,0,0,0,0,0,0,0,0,0,0,0,0,1,39.9095,-75.2345, ,Philadelphia
 ,1862,2017060770,6,67,67301,2017,5,3,1955,19,1,1,0,4,1, , ,N,0,0,0,3,0,1,4,3,N,N,40 02:26.509,75 03:43.521,2002, ,1959, ,0, ,N, ,0, , , , , ,23890, , , ,3,1,0,0,0,0,2,0,0,0,0,0,1,1,0,1,0,0,0,0,0,0,0,1,0,0,0,0,0,0,0,0,0,0,0,8,0,40.0407,-75.0621, ,Philadelphia