wz_ln_closure,objectid_1,crn,district,county,municipality,crash_year,crash_month,day_of_week,time_of_day,hour_of_day,illumination,weather,road_condition,collision_type,relation_to_road,work_zone_type,work_zone_loc,work_zone_ind,intersect_type,tcd_type,location_type,urban_rural,fatal_count,injury_count,person_count,total_units,sch_bus_ind,sch_zone_ind,latitude,longitude,arrival_tm,cons_zone_spd_lim,dispatch_tm,est_hrs_closed,lane_closed,ln_close_dir,ntfy_hiwy_maint,spec_juris_cd,tcd_func_cd,tfc_detour_ind,workers_pres,wz_close_detour,wz_flagger,wz_law_offcr_ind,objectid,wz_moving,wz_other,wz_shlder_mdn,vehicle_count,automobile_count,motorcycle_count,bus_count,small_truck_count,heavy_truck_count,suv_count,van_count,bicycle_count,maj_inj_count,mod_inj_count,min_inj_count,tot_inj_count,unk_inj_deg_count,unk_inj_per_count,driver_count_16yr,driver_count_17yr,driver_count_18yr,driver_count_19yr,driver_count_20yr,driver_count_50_64yr,driver_count_65_74yr,driver_count_75plus,unbelted_occ_count,unb_death_count,unb_maj_inj_count,belted_death_count,belted_maj_inj_count,mcycle_death_count,mcycle_maj_inj_count,bicycle_death_count,bicycle_maj_inj_count,ped_count,ped_death_count,ped_maj_inj_count,max_severity_level,comm_veh_count,dec_lat,dec_long,rdwy_surf_type_cd,county_name
 ,1927,2017017641,6,67,67301,2017,2,5,835,8,1,4,4,7,4, , ,N,7,0,0,3,0,0,1,1,N,N,39 53:35.807,75 13:53.874,844, ,835, ,0, , , ,0, , , , , ,24479, , , ,1,1,0,0,0,0,0,0,0,0,0,0,0,0,0,0,0,0,0,0,0,0,0,0,0,0,0,0,0,0,0,0,0,0,0,0,0,39.8933,-75.2316, ,Philadelphia
 ,1928,2017061725,6,67,67301,2017,6,1,1433,14,1,1,0,1,1, , ,N,0,0,0,3,0,1,4,3,N,N,39 56:38.571,75 11:31.046,1459, ,1443, ,0, , , ,0, , , , , ,24521, , , ,3,2,0,0,1,0,0,0,0,0,0,1,1,0,0,0,0,0,0,0,0,0,0,1,0,0,0,0,0,0,0,0,0,0,0,4,0,39.944,-75.192, ,Philadelphia
 ,1929,2017007865,6,67,67301,2017,1,3,1930,19,3,2,1,4,1, , ,N,1,2,0,3,0,0,3,2,N,N,39 54:42.724,75 10:21.917,1940, ,1935,1,2,3,N, ,3,N, , , , ,24538, , , ,2,1,0,0,0,0,1,0,0,0,0,0,0,0,0,0,0,0,0,0,0,0,0,1,0,0,0,0,0,0,0,0,0,0,0,0,0,39.9119,-75.1728, ,Philadelphia
 ,1930,2017013198,6,67,67301,2017,1,2,837,8,1,4,1,2,1, , ,N,1,2,0,3,0,0,2,2,N,N,39 58:11.253,75 08:29.393,850, ,845,1,1,4,N, ,3,Y, , , , ,24542, , , ,2,2,0,0,0,0,0,0,0,0,0,0,0,0,0,0,0,0,0,0,0,0,0,0,0,0,0,0,0,0,0,0,0,0,0,0,0,39.9697,-75.1416, ,Philadelphia
 ,1931,2017036504,6,46,46102,2017,4,6,1042,10,1,2,1,1,1, , ,N,0,0,0,3,0,1,1,2,N,N,40 03:58.234,75 05:30.892,1048, ,1042, ,0, ,N, ,0, , , , , ,24549, , , ,2,2,0,0,0,0,0,0,0,0,0,1,1,0,0,0,0,0,0,0,0,0,0,0,0,0,0,0,0,0,0,0,0,0,0,4,0,40.0662,-75.0919, ,Montgomery
 ,1932,2017041323,6,67,67301,2017,4,6,1545,15,1,1,0,4,1, , ,N,1,3,0,3,0,0,2,2,N, ,40 03:50.306,75 03:34.568,1606, ,1559, ,0, , , ,3, , , , , ,24554, , , ,2,1,0,0,1,0,0,0,0,0,0,0,0,0,0,0,0,0,0,0,0,1,0,0,0,0,0,0,0,0,0,0,0,0,0,0,0,40.064,-75.0596, ,Philadelphia
 ,1933,2017029002,6,67,67301,2017,2,2,1850,18,2,1,0,4,1, , ,N,2,2,7,3,0,1,2,2,N, ,40 05:05.800,74 57:55.600,1920, ,1915, ,0, , , ,3, , , , , ,24560, , , ,2,0,0,0,1,0,1,0,0,0,0,1,1,0,0,0,0,0,0,0,1,0,0,0,0,0,0,0,0,0,0,0,0,0,0,4,0,40.0849,-74.9654, ,Philadelphia
 ,1934,2017013931,6,67,67301,2017,1,4,838,8,1,1,1,8,1, , ,N,1,2,0,3,0,2,3,3,N,N,39 58:02.378,75 14:44.992,844, ,840, ,0, ,N, ,3, , , , , ,24583, , , ,1,0,0,0,0,0,1,0,0,0,0,2,2,0,0,0,0,0,0,0,0,0,0,0,0,0,0,0,0,0,0,0,2,0,0,4,0,39.9673,-75.2457, ,Philadelphia
 ,1935,2017025500,6,67,67301,2017,3,3,921,9,1,2,1,8,1, , ,N,1,2,0,3,0,1,3,2,N,N,39 58:37.164,75 09:21.596,930, ,925, ,0, ,N, ,3, , , , , ,24589, , , ,1,0,0,0,0,0,1,0,0,0,1,0,1,0,0,0,0,0,0,0,0,0,0,2,0,0,0,0,0,0,0,0,1,0,0,3,0,39.977,-75.156, ,Philadelphia
 ,1936,2017028847,6,67,67301,2017,2,1,1415,14,1,1,0,4,1, , ,N,1,2,0,3,0,2,4,2,N,N,39 57:29.829,75 09:50.647,1608, ,1603,3,2,2,N, ,3,N, , , , ,24597, , , ,2,1,0,0,0,0,1,0,0,0,0,2,2,0,2,0,0,0,0,0,0,0,0,0,0,0,0,0,0,0,0,0,0,0,0,4,0,39.9583,-75.1641, ,Philadelphia
 ,1937,2017060448,6,67,67301,2017,5,2,1140,11,1,2,1,2,3, , ,N,0,0,0,3,0,0,1,4,N,N,39 55:14.199,75 12:52.063,1216, ,1151,2,1,1,N, ,0,N, , , , ,24612, , , ,4,3,0,0,1,0,0,0,0,0,0,0,0,0,0,0,0,0,0,0,0,0,0,0,0,0,0,0,0,0,0,0,0,0,0,0,0,39.9206,-75.2145, ,Philadelphia
 ,1938,2017037409,6,67,67301,2017,3,5,1255,12,1,1,0,4,1, , ,N,2,3,0,3,0,2,3,2,N, ,40 02:33.237,75 02:17.739,1310, ,1300, ,0, , , ,3, , , , , ,24641, , , ,2,2,0,0,0,0,0,0,0,0,0,1,2,1,0,0,1,0,0,0,0,1,0,0,0,0,0,0,0,0,0,0,0,0,0,4,0,40.0426,-75.0383, ,Philadelphia
 ,1939,2017028800,6,67,67301,2017,2,4,2030,20,3,1,0,5,6, , ,N,0,0,0,3,0,1,2,5,N,N,40 00:32.911,75 06:09.162,2038, ,2037, ,0, , , ,0, , , , , ,24644, , , ,5,1,0,0,0,0,3,1,0,0,0,0,1,1,1,0,0,0,0,0,0,0,0,0,0,0,0,0,0,0,0,0,0,0,0,8,0,40.0091,-75.1025, ,Philadelphia
 ,1940,2017037354,6,67,67301,2017,3,6,1645,16,1,1,0,1,1, , ,N,0,0,0,3,0,0,3,3,N,N,40 04:50.959,75 04:03.403,1655, ,1648,1,1,2,N, ,0,N, , , , ,24649, , , ,3,2,0,0,1,0,0,0,0,0,0,0,0,0,0,0,0,0,0,0,1,0,0,0,0,0,0,0,0,0,0,0,0,0,0,0,0,40.0907,-75.0558, ,Philadelphia
 ,1941,2017035603,6,67,67301,2017,3,1,51,0,3,1,0,4,1, , ,N,1,2,0,3,0,0,2,3,N, ,39 59:40.261,75 08:03.134,53, ,53,3,2,1, , ,3,Y, , , , ,24651, , , ,3,2,0,0,1,0,0,0,0,0,0,0,0,0,1,0,0,0,0,0,0,0,0,0,0,0,0,0,0,0,0,0,0,0,0,9,0,39.9945,-75.1342, ,Philadelphia
 ,1942,2017054330,6,67,67301,2017,5,4,1611,16,1,1,0,1,1, , ,N,0,0,0,3,0,1,3,3,N,N,39 56:46.832,75 08:32.770,1627, ,1614, ,0, , , ,0, , , , , ,24664, , , ,3,1,0,0,1,0,1,0,0,0,1,0,1,0,0,0,0,0,0,0,1,0,0,0,0,0,0,0,0,0,0,0,0,0,0,3,0,39.9463,-75.1424, ,Philadelphia
 ,1943,2017041429,6,67,67301,2017,4,1,1500,15,1,1,0,4,1, , ,N,1,2,0,3,0,1,4,2,N,N,39 58:02.640,75 12:11.012,1516, ,1516, ,0, ,N, ,3, , , , , ,24694, , , ,2,2,0,0,0,0,0,0,0,0,0,1,1,0,0,0,0,0,0,0,1,0,0,0,0,0,0,0,0,0,0,0,0,0,0,4,0,39.9674,-75.2031, ,Philadelphia
 ,1944,2017052448,6,67,67301,2017,4,5,820,8,1,1,0,4,1, , ,N,1,3,0,3,0,1,3,2,N, ,40 00:10.868,75 07:39.525,845, ,826, ,0, , , ,3, , , , , ,24698, , , ,2,2,0,0,0,0,0,0,0,0,0,0,1,1,1,0,0,0,0,0,0,0,0,0,0,0,0,0,0,0,0,0,0,0,0,8,0,40.003,-75.1276, ,Philadelphia
 ,1945,2017033061,6,67,67301,2017,2,3,840,8,1,1,0,4,4, , ,N,0,0,0,3,0,1,1,2,N,N,39 59:30.688,75 10:30.982,851, ,846, ,0, , , ,0, , , , , ,23202, , , ,2,1,0,0,1,0,0,0,0,0,0,1,1,0,0,0,0,0,0,0,0,0,0,0,0,0,0,0,0,0,0,0,0,0,0,4,0,39.9919,-75.1753, ,Philadelphia
 ,1946,2017021577,6,67,67301,2017,2,4,1600,16,1,1,0,5,1, , ,N,0,0,0,3,0,0,2,2,N, ,40 01:06.873,75 06:38.509,1610, ,1605, ,0, , , ,0, , , , , ,23217, , , ,2,1,0,0,0,0,1,0,0,0,0,0,0,0,0,0,0,0,0,0,0,0,0,2,0,0,0,0,0,0,0,0,0,0,0,0,0,40.0186,-75.1107, ,Philadelphia
 ,1947,2017019044,6,67,67301,2017,1,3,2332,23,3,1,0,4,1, , ,N,1,2,3,3,0,3,3,2,N,N,39 57:28.082,75 09:36.915,2335, ,2333, ,0, , , ,3, , , , , ,23240, , , ,2,0,0,0,0,0,1,1,0,0,3,0,3,0,0,0,0,0,0,0,1,0,0,0,0,0,0,0,0,0,0,0,0,0,0,3,0,39.9578,-75.1603, ,Philadelphia
 ,1948,2017045750,6,67,67301,2017,3,4,1000,10,1,1,0,1,6, , ,N,0,2,0,3,0,1,1,3,N,N,39 57:58.456,75 13:01.272,1018, ,1013, ,0, ,N, ,3, , , , , ,23244, , , ,3,2,0,0,0,0,1,0,0,0,0,0,1,1,0,0,0,0,0,0,0,0,0,0,0,0,0,0,0,0,0,0,0,0,0,8,0,39.9662,-75.217, ,Philadelphia
 ,1949,2017021627,6,67,67301,2017,2,2,1520,15,1,1,0,5,6, , ,N,0,0,0,3,0,0,5,4,N,N,39 56:57.123,75 10:22.951,1531, ,1531, ,0, , , ,0, , , , , ,23257, , , ,4,1,0,0,1,0,2,0,0,0,0,0,0,0,0,0,0,0,0,0,1,0,0,0,0,0,0,0,0,0,0,0,0,0,0,0,0,39.9492,-75.173, ,Philadelphia
 ,1950,2017021641,6,67,67301,2017,2,4,830,8,1,1,0,4,1, , ,N,2,3,0,3,0,1,2,2,N,N,40 00:16.492,75 13:09.094,9999, ,9999, ,0, ,N, ,3, , , , , ,23263, , , ,2,2,0,0,0,0,0,0,0,0,0,0,1,1,0,0,0,0,0,0,0,0,0,1,0,0,0,0,0,0,0,0,0,0,0,8,0,40.0046,-75.2192, ,Philadelphia
 ,1951,2017052363,6,67,67301,2017,4,7,50,0,3,1,1,4,1, , ,N,1,3,0,3,0,7,8,2,N,N,40 02:42.921,75 04:27.238,100, ,55, ,0, ,N, ,3, , , , , ,23264, , , ,2,1,0,0,0,0,1,0,0,0,0,1,7,6,1,0,0,0,0,0,0,0,0,0,0,0,0,0,0,0,0,0,0,0,0,4,0,40.0453,-75.0742, ,Philadelphia
 ,1952,2017013916,6,67,67301,2017,1,1,2350,23,3,1,0,7,4, , ,N,1,2,0,3,0,0,1,1,N,N,40 02:58.768,75 09:37.864,14, ,12, ,0, , , ,3, , , , , ,23287, , , ,1,1,0,0,0,0,0,0,0,0,0,0,0,0,0,0,0,1,0,0,0,0,0,0,0,0,0,0,0,0,0,0,0,0,0,0,0,40.0497,-75.1605, ,Philadelphia
 ,1953,2017019152,6,67,67301,2017,1,5,1735,17,3,1,0,4,1, , ,N,2,2,2,3,0,0,3,2,N, ,39 54:38.421,75 10:22.801,1747, ,1745,1,1,3, , ,3,N, , , , ,23288, , , ,2,0,0,0,1,0,0,1,0,0,0,0,0,0,0,0,0,0,0,0,1,0,0,0,0,0,0,0,0,0,0,0,0,0,0,0,0,39.9106,-75.1727, ,Philadelphia
 ,1954,2017021490,6,67,67301,2017,2,4,2000,20,3,1,0,7,4, , ,N,0,0,0,3,0,1,1,1,N,N,39 59:39.228,75 09:53.701,2010, ,2005, ,0, , , ,0, , , , , ,23305, , , ,1,1,0,0,0,0,0,0,0,0,0,0,1,1,0,0,0,0,0,0,0,0,0,0,0,0,0,0,0,0,0,0,0,0,0,8,0,39.9942,-75.1649, ,Philadelphia
 ,1955,2017035676,6,67,67301,2017,3,5,540,5,3,8,6,4,1, , ,N,1,2,0,3,0,2,4,3,N,N,39 54:14.563,75 14:24.409,600, ,549, ,0, , , ,1, , , , , ,23331, , , ,3,1,0,0,0,0,1,1,0,0,0,0,2,2,0,0,0,0,0,0,2,0,0,0,0,0,0,0,0,0,0,0,0,0,0,8,0,39.904,-75.2401, ,Philadelphia
 ,1956,2017041385,6,67,67301,2017,4,2,2330,23,3,2,1,4,1, , ,N,1,2,3,3,0,2,3,2,N,N,39 59:25.124,75 13:13.262,221, ,158, ,0, ,N, ,3, , , , , ,23336, , , ,2,2,0,0,0,0,0,0,0,0,0,0,2,2,0,0,0,0,0,0,1,0,0,1,0,0,0,0,0,0,0,0,0,0,0,8,0,39.9903,-75.2204, ,Philadelphia
 ,1957,2017052470,6,67,67301,2017,4,6,2310,23,3,1,0,4,1, , ,N,1,3,0,3,0,1,2,2,N, ,39 59:28.748,75 10:36.098,2320, ,2319, ,0, , , ,3, , , , , ,23359, , , ,1,0,0,0,0,0,1,0,1,0,0,0,1,1,0,0,0,0,0,0,0,0,0,1,0,0,0,0,0,0,0,0,0,0,0,8,0,39.9913,-75.1767, ,Philadelphia
 ,1958,2017013972,6,67,67301,2017,1,6,1048,10,1,1,0,7,3, , ,N,0,0,1,3,0,1,1,1,N, ,40 00:40.157,75 05:18.673,1055, ,1053,9,1,1, , ,0,Y, , , , ,23381, , , ,1,1,0,0,0,0,0,0,0,1,0,0,1,0,0,0,0,0,0,0,1,0,0,0,0,0,0,0,0,0,0,0,0,0,0,2,0,40.0112,-75.0885, ,Philadelphia
 ,1959,2017037986,6,67,67301,2017,3,6,1634,16,1,1,0,1,1, , ,N,7,0,2,3,0,1,2,2,N,N,40 00:39.639,75 12:22.116,1651, ,1643, ,0, , , ,0, , , , , ,23388, , , ,2,1,0,0,1,0,0,0,0,0,0,0,1,1,0,0,0,0,0,0,1,0,0,0,0,0,0,0,0,0,0,0,0,0,0,8,0,40.011,-75.2061, ,Philadelphia
 ,1960,2017041373,6,67,67301,2017,4,1,1640,16,1,1,0,5,6, , ,N,0,0,0,3,0,1,1,4,N,N,39 59:52.519,75 08:33.623,1650, ,1648, ,0, , , ,0, , , , , ,23390, , , ,4,3,1,0,0,0,0,0,0,0,1,0,1,0,0,0,0,0,0,0,0,0,0,0,0,0,0,0,0,0,0,0,0,0,0,3,0,39.9979,-75.1427, ,Philadelphia
 ,1961,2017037393,6,67,67301,2017,3,5,35,0,3,1,0,4,1, , ,N,3,0,0,3,0,1,2,2,N,N,40 00:44.681,75 09:01.989,43, ,38, ,0, ,N, ,0, , , , , ,23396, , , ,2,2,0,0,0,0,0,0,0,0,0,1,1,0,0,0,0,0,0,0,0,0,0,0,0,0,0,0,0,0,0,0,0,0,0,4,0,40.0123,-75.1505, ,Philadelphia
 ,1962,2017052190,6,67,67301,2017,4,5,2245,22,3,1,0,4,1, , ,N,1,2,0,3,0,1,2,2,N,N,40 01:49.919,75 07:05.462,1500, ,1500, ,0, ,N, ,3, , , , , ,23410, , , ,2,1,1,0,0,0,0,0,0,0,1,0,1,0,0,0,0,0,0,0,0,0,0,0,0,0,0,0,0,0,0,0,0,0,0,3,0,40.0305,-75.1182, ,Philadelphia
 ,1963,2017061865,6,67,67301,2017,6,6,1417,14,1,1,0,8,1, , ,N,1,3,0,3,0,2,3,3, , ,39 57:11.818,75 12:19.202,1420, ,1418, ,0, , , ,3, , , , , ,23415, , , ,1,0,0,0,1,0,0,0,0,0,2,0,2,0,0,0,0,0,0,0,0,0,0,0,0,0,0,0,0,0,0,0,2,0,0,3,0,39.9533,-75.2053, ,Philadelphia
 ,1964,2017037460,6,67,67301,2017,3,1,1925,19,3,1,0,4,1, , ,N,1,2,0,3,0,3,4,2,N,N,40 02:02.615,75 10:58.439,1935, ,1930, ,0, ,N, ,3, , , , , ,23429, , , ,2,2,0,0,0,0,0,0,0,0,0,3,3,0,0,0,0,0,0,0,0,0,0,0,0,0,0,0,0,0,0,0,0,0,0,4,0,40.0341,-75.1829, ,Philadelphia
 ,1965,2017041162,6,67,67301,2017,3,2,1225,12,1,2,1,5,1, , ,N,0,0,0,3,0,0,2,3,N,N,40 03:33.469,75 03:07.818,9999, ,1226,1,1,2,N, ,0,N, , , , ,23431, , , ,3,3,0,0,0,0,0,0,0,0,0,0,0,0,0,0,0,0,0,0,0,0,1,0,0,0,0,0,0,0,0,0,0,0,0,0,0,40.0593,-75.0522, ,Philadelphia
 ,1966,2017018548,6,67,67301,2017,1,1,40,0,3,1,0,5,6, , ,N,0,0,0,3,0,0,1,4,N,N,39 57:22.910,75 14:26.905,48, ,46, ,0, ,N, ,0, , , , , ,23433, , , ,4,3,0,0,1,0,0,0,0,0,0,0,0,0,0,0,0,0,0,0,0,1,0,0,0,0,0,0,0,0,0,0,0,0,0,0,0,39.9564,-75.2408, ,Philadelphia
 ,1967,2017040513,6,67,67301,2017,4,3,430,4,3,2,1,5,1, , ,N,0,0,0,3,0,2,3,2,N,N,40 01:58.104,75 01:15.380,447, ,432,3,1,2, , ,0,N, , , , ,23437, , , ,2,0,0,0,0,1,1,0,0,0,2,0,2,0,0,0,0,0,0,0,1,0,0,0,0,0,0,0,0,0,0,0,0,0,0,3,1,40.0328,-75.0209, ,Philadelphia
 ,1968,2017035758,6,67,67301,2017,3,6,1920,19,1,1,0,4,1, , ,N,1,3,0,3,0,3,4,2,N, ,39 59:32.200,75 07:11.866,2036, ,2030, ,0, , , ,3, , , , , ,23439, , , ,2,1,0,0,0,0,1,0,0,0,0,3,3,0,1,0,0,0,0,0,0,0,0,0,0,0,0,0,0,0,0,0,0,0,0,4,0,39.9923,-75.12, ,Philadelphia
 ,1969,2017005892,6,67,67301,2017,1,6,155,1,3,4,3,8,2, , ,N,0,0,0,3,0,1,2,3,N,N,40 01:34.162,75 01:37.310,156, ,156,2,2,1, , ,0,N, , , , ,23473, , , ,2,2,0,0,0,0,0,0,0,0,0,0,1,1,0,0,0,0,0,0,0,0,0,1,0,0,0,0,0,0,0,0,1,0,0,8,0,40.0262,-75.027, ,Philadelphia
 ,1970,2017028342,6,46,46102,2017,3,4,1232,12,1,1,6,1,1, , ,N,2,0,0,3,0,2,3,2,N,N,40 03:58.293,75 05:30.995,1237, ,1232,1,1,3,N, ,0,N, , , , ,23489, , , ,2,1,0,0,0,0,1,0,0,0,0,2,2,0,0,0,0,1,0,0,0,0,0,0,0,0,0,0,0,0,0,0,0,0,0,4,0,40.0662,-75.0919, ,Montgomery
 ,1971,2017041126,6,67,67301,2017,4,6,2155,21,3,1,0,5,1, , ,N,0,0,0,3,0,1,3,3,N, ,40 02:11.214,75 03:54.562,2204, ,2200, ,0, , , ,0, , , , , ,23494, , , ,3,3,0,0,0,0,0,0,0,0,0,1,1,0,0,0,0,0,0,0,0,0,0,0,0,0,0,0,0,0,0,0,0,0,0,4,0,40.0364,-75.0652, ,Philadelphia
 ,1972,2017055471,6,67,67301,2017,4,1,324,3,3,1,0,8,1, , ,N,0,0,0,3,0,1,2,2,N,N,40 02:40.604,75 03:13.515,330, ,326, ,0, ,N, ,0, , , , , ,23503, , , ,1,0,0,0,0,0,0,1,0,0,1,0,1,0,0,0,0,0,0,0,0,0,0,1,0,0,0,0,0,0,0,0,1,0,0,3,0,40.0446,-75.0538, ,Philadelphia
 ,1973,2017014062,6,67,67301,2017,1,4,945,9,1,1,0,4,1, , ,N,1,2,0,3,0,2,2,2,N,N,40 01:10.898,75 11:03.583,958, ,948, ,0, ,N, ,3, , , , , ,23520, , , ,2,1,0,0,0,0,1,0,0,0,0,2,2,0,0,0,0,0,0,0,0,1,0,0,0,0,0,0,0,0,0,0,0,0,0,4,0,40.0197,-75.1843, ,Philadelphia
 ,1974,2017035643,6,67,67301,2017,3,2,1700,17,1,1,0,5,1, , ,N,0,0,0,3,0,1,2,2,N, ,39 58:38.208,75 15:56.072,1709, ,1700, ,0, , , ,0, , , , , ,23526, , , ,2,0,0,1,1,0,0,0,0,0,0,1,1,0,0,0,0,0,0,0,1,0,0,0,0,0,0,0,0,0,0,0,0,0,0,4,1,39.9773,-75.2656, ,Philadelphia
 ,1975,2017021497,6,67,67301,2017,2,4,1338,13,1,1,0,4,1, , ,N,0,0,7,3,0,1,2,2,N,N,39 57:33.380,75 13:53.599,1345, ,1338,1,1,3, , ,0,Y, , , , ,23571, , , ,2,2,0,0,0,0,0,0,0,0,0,0,1,1,0,0,0,0,0,0,0,0,0,0,0,0,0,0,0,0,0,0,0,0,0,8,0,39.9593,-75.2316, ,Philadelphia
 ,1976,2017021973,6,67,67301,2017,2,1,242,2,3,1,0,4,1, , ,N,1,2,0,3,0,1,2,2,N,N,40 01:44.349,75 05:21.034,255, ,247,1,1,1,N, ,3,N, , , , ,23585, , , ,2,2,0,0,0,0,0,0,0,0,0,0,1,1,0,0,0,0,1,0,0,0,0,0,0,0,0,0,0,0,0,0,0,0,0,8,0,40.029,-75.0892, ,Philadelphia
 ,1977,2017055675,6,67,67301,2017,5,7,1410,14,1,1,0,4,1, , ,N,2,0,0,3,0,0,3,2,N,N,40 00:35.894,75 09:24.539,1454, ,1441, ,0, ,N, ,0, , , , , ,23599, , , ,2,2,0,0,0,0,0,0,0,0,0,0,0,0,0,0,0,0,0,0,0,0,0,0,0,0,0,0,0,0,0,0,0,0,0,0,0,40.01,-75.1568, ,Philadelphia
 ,1978,2017060712,6,67,67301,2017,5,2,145,1,3,1,0,5,6, , ,N,0,0,0,3,0,0,1,2,N,N,40 02:08.575,75 11:36.713,150, ,148, ,0, , , ,0, , , , , ,23609, , , ,2,2,0,0,0,0,0,0,0,0,0,0,0,0,1,0,0,0,0,0,0,0,0,0,0,0,0,0,0,0,0,0,0,0,0,9,0,40.0357,-75.1935, ,Philadelphia
 ,1979,2017058318,6,67,67301,2017,5,3,1722,17,1,1,0,4,1, , ,N,1,2,0,3,0,1,2,2,N,N,39 59:30.778,75 14:01.208,1735, ,1722, ,0, ,N, ,3, , , , , ,23660, , , ,2,1,0,0,1,0,0,0,0,0,0,0,1,1,0,0,0,0,0,0,0,0,0,1,0,0,0,0,0,0,0,0,0,0,0,8,0,39.9919,-75.2337, ,Philadelphia
 ,1980,2017021615,6,67,67301,2017,2,7,9999,99,1,1,0,4,1, , ,N,1,2,0,3,0,0,4,2,N, ,39 58:13.818,75 08:53.306,1530, ,1525, ,0, , , ,3, , , , , ,23687, , , ,2,1,0,0,0,0,1,0,0,0,0,0,0,0,0,0,0,0,0,0,0,0,0,2,0,0,0,0,0,0,0,0,0,0,0,0,0,39.9704,-75.1482, ,Philadelphia
 ,1981,2017049109,6,67,67301,2017,4,4,1947,19,3,1,0,7,7, , ,N,7,0,2,3,0,1,3,2,N,N,39 57:05.173,75 10:57.482,2002, ,1951,3,2,4, , ,0,N, , , , ,25613, , , ,2,2,0,0,0,0,0,0,0,0,0,0,1,1,2,0,0,0,0,0,1,0,0,0,0,0,0,0,0,0,0,0,0,0,0,8,0,39.9524,-75.1821, ,Philadelphia
 ,1982,2017060468,6,67,67301,2017,5,3,740,7,1,1,0,1,1, , ,N,1,2,0,3,0,0,2,2,N,N,39 56:24.399,75 11:05.816,822, ,820,2,2,3,N, ,3,N, , , , ,25616, , , ,2,1,0,0,0,1,0,0,0,0,0,0,0,0,0,0,0,0,0,0,2,0,0,2,0,0,0,0,0,0,0,0,0,0,0,0,1,39.9401,-75.1849, ,Philadelphia
 ,1983,2017022123,6,67,67301,2017,2,6,2322,23,3,1,0,5,6, , ,N,0,0,0,3,0,0,1,3,N,N,39 57:13.021,75 12:09.946,2322, ,9999, ,0, ,N, ,0, , , , , ,25651, , , ,3,1,0,0,0,0,2,0,0,0,0,0,0,0,0,0,0,0,0,0,0,0,0,0,0,0,0,0,0,0,0,0,0,0,0,0,0,39.9536,-75.2028, ,Philadelphia
 ,1984,2017060584,6,67,67301,2017,5,7,855,8,1,1,0,7,4, , ,N,1,2,0,3,0,1,1,1,N,N,39 59:40.391,75 09:33.775,910, ,904, ,0, ,N, ,3, , , , , ,25674, , , ,1,0,0,0,0,0,1,0,0,0,1,0,1,0,0,0,0,0,0,0,1,0,0,1,0,0,0,0,0,0,0,0,0,0,0,3,0,39.9945,-75.1593, ,Philadelphia
 ,1985,2017060519,6,67,67301,2017,5,6,1527,15,1,1,0,1,1, , ,N,0,0,0,3,0,0,2,2,N,N,39 55:13.796,75 14:48.053,1536, ,1533, ,0, ,N, ,0, , , , , ,25676, , , ,2,2,0,0,0,0,0,0,0,0,0,0,0,0,0,0,0,0,0,0,1,0,0,2,0,0,0,0,0,0,0,0,0,0,0,0,0,39.9205,-75.2467, ,Philadelphia
 ,1986,2017078527,6,67,67301,2017,7,7,2043,20,3,1,7,5,1, , ,N,0,0,0,3,0,0,3,2,N,N,39 57:16.208,75 08:29.785,2057, ,2043,2,1,2, , ,0,N, , , , ,25724, , , ,2,0,0,0,0,0,0,2,0,0,0,0,0,0,0,0,0,0,0,1,0,0,0,0,0,0,0,0,0,0,0,0,0,0,0,0,0,39.9545,-75.1416, ,Philadelphia
 ,1987,2017078818,6,67,67301,2017,7,6,9999,99,1,1,0,1,1, , ,N,3,2,0,3,0,1,4,4,N, ,40 02:51.093,75 06:44.514,1930, ,1926, ,0, , , ,3, , , , , ,25728, , , ,4,0,0,0,0,0,3,1,0,0,0,1,1,0,2,0,0,0,0,0,4,0,0,0,0,0,0,0,0,0,0,0,0,0,0,4,0,40.0475,-75.1124, ,Philadelphia
 ,1988,2017029020,6,67,67301,2017,2,2,2240,22,3,1,0,1,1, , ,N,2,2,0,3,0,0,2,2,N,N,40 06:01.721,75 01:46.861,2322, ,2314, ,0, , , ,3, , , , , ,25752, , , ,2,2,0,0,0,0,0,0,0,0,0,0,0,0,0,0,0,0,0,0,0,0,0,0,0,0,0,0,0,0,0,0,0,0,0,0,0,40.1005,-75.0297, ,Philadelphia
 ,1989,2017035646,6,67,67301,2017,3,5,1012,10,1,1,0,4,1, , ,N,1,2,0,3,0,2,4,2,N,N,39 57:43.372,75 09:33.468,1019, ,1017, ,0, ,N, ,3, , , , , ,25761, , , ,2,2,0,0,0,0,0,0,0,0,0,2,2,0,0,0,0,0,0,0,0,0,0,1,0,0,0,0,0,0,0,0,0,0,0,4,0,39.9619,-75.1593, ,Philadelphia
 ,1990,2017058343,6,67,67301,2017,5,7,1636,16,1,2,1,4,1, , ,N,1,3,0,3,0,1,1,2,N,N,40 03:17.067,75 08:20.489,1644, ,1639, ,0, ,N, ,3, , , , , ,25776, , , ,2,2,0,0,0,0,0,0,0,0,0,1,1,0,0,0,0,0,0,0,0,0,0,0,0,0,0,0,0,0,0,0,0,0,0,4,0,40.0547,-75.139, ,Philadelphia