wz_ln_closure,objectid_1,crn,district,county,municipality,crash_year,crash_month,day_of_week,time_of_day,hour_of_day,illumination,weather,road_condition,collision_type,relation_to_road,work_zone_type,work_zone_loc,work_zone_ind,intersect_type,tcd_type,location_type,urban_rural,fatal_count,injury_count,person_count,total_units,sch_bus_ind,sch_zone_ind,latitude,longitude,arrival_tm,cons_zone_spd_lim,dispatch_tm,est_hrs_closed,lane_closed,ln_close_dir,ntfy_hiwy_maint,spec_juris_cd,tcd_func_cd,tfc_detour_ind,workers_pres,wz_close_detour,wz_flagger,wz_law_offcr_ind,objectid,wz_moving,wz_other,wz_shlder_mdn,vehicle_count,automobile_count,motorcycle_count,bus_count,small_truck_count,heavy_truck_count,suv_count,van_count,bicycle_count,maj_inj_count,mod_inj_count,min_inj_count,tot_inj_count,unk_inj_deg_count,unk_inj_per_count,driver_count_16yr,driver_count_17yr,driver_count_18yr,driver_count_19yr,driver_count_20yr,driver_count_50_64yr,driver_count_65_74yr,driver_count_75plus,unbelted_occ_count,unb_death_count,unb_maj_inj_count,belted_death_count,belted_maj_inj_count,mcycle_death_count,mcycle_maj_inj_count,bicycle_death_count,bicycle_maj_inj_count,ped_count,ped_death_count,ped_maj_inj_count,max_severity_level,comm_veh_count,dec_lat,dec_long,rdwy_surf_type_cd,county_name
 ,1991,2017028891,6,67,67301,2017,2,5,2159,21,3,1,0,4,1, , ,N,1,2,0,3,0,1,3,3,N, ,39 56:15.784,75 13:42.272,2205, ,2200, ,0, , , ,3, , , , , ,25781, , , ,3,2,0,0,0,0,0,1,0,0,0,1,1,0,0,0,0,0,0,0,0,0,0,0,0,0,0,0,0,0,0,0,0,0,0,4,0,39.9377,-75.2284, ,Philadelphia
 ,1992,2017014058,6,67,67301,2017,1,4,1137,11,1,1,0,3,1, , ,N,0,0,0,3,0,1,3,2,N,N,39 55:33.808,75 13:51.175,1153, ,1153,2,1,3,N, ,0,N, , , , ,25785, , , ,2,1,0,0,0,1,0,0,0,0,0,1,1,0,0,0,0,0,0,0,0,1,0,0,0,0,0,0,0,0,0,0,0,0,0,4,1,39.9261,-75.2309, ,Philadelphia
 ,1993,2017037400,6,67,67301,2017,3,7,1250,12,1,2,1,4,1, , ,N,0,0,7,3,0,3,4,2,N, ,39 59:33.540,75 05:54.726,1705, ,1700,1,1,2, , ,0,Y, , , , ,25790, , , ,2,1,0,0,0,0,1,0,0,0,0,2,3,1,0,0,0,0,0,0,0,0,0,0,0,0,0,0,0,0,0,0,0,0,0,4,0,39.9926,-75.0985, ,Philadelphia
 ,1994,2017041198,6,67,67301,2017,3,7,1230,12,1,1,0,8,1, , ,N,1,0,0,3,0,1,4,2,N,N,40 01:27.735,75 02:31.372,1244, ,1235,2,2,4, , ,0,Y, , , , ,25803, , , ,1,0,0,0,0,0,1,0,0,0,0,0,1,1,0,0,0,1,0,0,0,0,0,0,0,0,0,0,0,0,0,0,1,0,0,8,0,40.0244,-75.042, ,Philadelphia
 ,1995,2017043882,6,67,67301,2017,4,7,23,0,3,1,0,4,1, , ,N,0,0,0,3,0,4,6,2,N, ,39 58:20.120,75 07:27.916,24, ,24, ,0, , , ,0, , , , , ,25840, , , ,2,2,0,0,0,0,0,0,0,0,0,0,4,4,0,0,0,1,0,0,0,0,0,0,0,0,0,0,0,0,0,0,0,0,0,8,0,39.9721,-75.1248, ,Philadelphia
 ,1996,2017037466,6,67,67301,2017,3,1,1447,14,1,1,0,4,1, , ,N,1,2,0,3,0,2,2,2,N,N,39 59:09.009,75 10:51.654,1540, ,1537, ,0, ,N, ,3, , , , , ,25842, , , ,2,2,0,0,0,0,0,0,0,0,0,2,2,0,0,0,0,0,0,0,1,0,0,0,0,0,0,0,0,0,0,0,0,0,0,4,0,39.9858,-75.181, ,Philadelphia
 ,1997,2017041327,6,67,67301,2017,4,7,1449,14,1,1,0,2,1, , ,N,0,0,0,3,0,1,2,2,N, ,40 02:14.052,75 02:30.430,1517, ,1514, ,0, , , ,0, , , , , ,25844, , , ,2,2,0,0,0,0,0,0,0,0,0,1,1,0,0,0,0,0,0,0,2,0,0,0,0,0,0,0,0,0,0,0,0,0,0,4,0,40.0372,-75.0418, ,Philadelphia
 ,1998,2017052065,6,67,67301,2017,5,4,730,7,1,1,0,5,6, , ,N,0,0,0,3,0,0,1,4,N, ,39 57:45.050,75 10:16.367,739, ,738,3,2,7, , ,0,N, , , , ,25867, , , ,4,3,0,0,0,0,1,0,0,0,0,0,0,0,0,0,0,0,0,0,0,0,0,0,0,0,0,0,0,0,0,0,0,0,0,0,0,39.9625,-75.1712, ,Philadelphia
 ,1999,2017060640,6,67,67301,2017,5,5,59,0,3,1,0,6,1, , ,N,1,2,0,3,0,4,6,5,N,N,39 57:43.140,75 14:26.689,102, ,100, ,0, ,N, ,3, , , , , ,25872, , , ,5,2,0,0,0,0,3,0,0,0,0,4,4,0,2,0,0,0,0,0,0,0,0,1,0,0,0,0,0,0,0,0,0,0,0,4,0,39.9619,-75.2408, ,Philadelphia
 ,2000,2017041274,6,67,67301,2017,4,1,235,2,3,1,0,5,6, , ,N,0,0,0,3,0,0,1,2,N,N,40 03:22.120,75 00:09.960,242, ,238, ,0, ,N, ,0, , , , , ,25887, , , ,2,2,0,0,0,0,0,0,0,0,0,0,0,0,0,0,0,0,0,0,0,0,0,0,0,0,0,0,0,0,0,0,0,0,0,0,0,40.0561,-75.0028, ,Philadelphia
 ,2001,2017040515,6,67,67301,2017,4,3,1308,13,1,1,0,0,1, , ,N,0,0,0,3,0,0,6,6,N,N,40 01:00.833,75 03:00.789,1328, ,1311,3,1,1, , ,0,N, , , , ,25888, , , ,6,2,0,0,1,1,2,0,0,0,0,0,0,0,0,0,0,0,0,0,2,1,0,1,0,0,0,0,0,0,0,0,0,0,0,0,1,40.0169,-75.0502, ,Philadelphia
 ,2002,2017028828,6,67,67301,2017,2,1,245,2,3,1,0,7,4, , ,N,10,3,0,3,0,0,1,1,N, ,40 05:04.495,75 00:09.457,255, ,250, ,0, , , ,3, , , , , ,25890, , , ,1,1,0,0,0,0,0,0,0,0,0,0,0,0,0,0,0,0,0,0,0,0,0,0,0,0,0,0,0,0,0,0,0,0,0,0,0,40.0846,-75.0026, ,Philadelphia
 ,2003,2017039100,6,67,67301,2017,4,5,2003,20,3,1,0,5,1, , ,N,0,0,0,3,0,1,5,2,N,N,40 00:26.114,75 11:58.764,2006, ,2005,1,2,4, , ,0,N, , , , ,25897, , , ,2,0,0,0,0,0,2,0,0,0,0,0,1,1,1,0,0,0,0,0,0,0,0,0,0,0,0,0,0,0,0,0,0,0,0,8,0,40.0073,-75.1997, ,Philadelphia
 ,2004,2017052100,6,46,46102,2017,4,5,1905,19,4,1,0,2,1, , ,N,1,2,0,3,0,1,2,2,N,N,40 04:31.053,75 09:37.536,1911, ,1907,1,1,6,N, ,3,N, , , , ,25908, , , ,2,0,1,0,1,0,0,0,0,0,0,0,1,1,0,0,0,0,0,1,0,0,0,0,0,0,0,0,0,0,0,0,0,0,0,8,0,40.0753,-75.1604, ,Montgomery
 ,2005,2017052325,6,67,67301,2017,4,5,921,9,1,1,1,1,1, , ,N,0,0,3,3,0,1,3,2,N, ,40 00:26.379,75 11:33.746,939, ,921, ,0, , , ,0, , , , , ,25912, , , ,2,1,0,0,0,0,0,1,0,0,0,1,1,0,0,0,0,0,1,0,0,0,0,0,0,0,0,0,0,0,0,0,0,0,0,4,0,40.0073,-75.1927, ,Philadelphia
 ,2006,2017060573,6,67,67301,2017,5,4,2300,23,3,1,0,1,1, , ,N,5,2,0,3,0,1,2,2,N,N,40 00:11.467,75 09:09.273,1830, ,1826, ,0, , , ,3, , , , , ,25916, , , ,2,2,0,0,0,0,0,0,0,0,0,1,1,0,0,0,0,0,0,0,1,0,0,1,0,0,0,0,0,0,0,0,0,0,0,4,0,40.0032,-75.1525, ,Philadelphia
 ,2007,2017060002,6,67,67301,2017,5,4,749,7,1,1,0,4,1, , ,N,0,0,0,3,0,2,7,6,N,N,39 59:51.176,75 14:03.752,751, ,749,2,2,7, , ,0,Y, , , , ,25917, , , ,6,2,0,0,1,0,3,0,0,0,1,1,2,0,1,0,0,0,0,0,2,1,0,0,0,0,0,0,0,0,0,0,0,0,0,3,0,39.9975,-75.2344, ,Philadelphia
N,2008,2017015742,6,67,67301,2017,2,7,2137,21,3,1,0,7,3,1,4,Y,7,0,2,3,0,1,1,1,N,N,39 59:50.669,75 04:55.143,2153,45,2140,2,2,1, , ,0,Y,N,N,N,N,25927,N,N,Y,1,0,0,0,0,0,1,0,0,0,0,0,1,1,0,0,0,0,1,0,0,0,0,0,0,0,0,0,0,0,0,0,0,0,0,8,0,39.9974,-75.082, ,Philadelphia
 ,2009,2017018540,6,67,67301,2017,1,6,1956,19,3,1,0,8,1, , ,N,1,2,0,3,1,1,3,3,N,N,39 58:13.810,75 14:03.170,2000, ,1959, ,0, , ,0,3, , , , , ,25930, , , ,1,0,0,0,0,0,0,1,0,0,0,1,1,0,1,0,0,0,0,0,0,0,0,0,0,0,0,0,0,0,0,0,2,1,0,1,0,39.9705,-75.2342,2,Philadelphia
 ,2010,2017019013,6,67,67301,2017,1,4,1830,18,4,1,0,8,1, , ,N,0,0,0,3,0,1,2,2,N, ,39 59:19.716,75 14:27.592,1840, ,1834,1,2,4, , ,0,Y, , , , ,25936, , , ,1,0,0,0,0,0,1,0,0,0,1,0,1,0,0,0,0,0,0,0,1,0,0,1,0,0,0,0,0,0,0,0,1,0,0,3,0,39.9888,-75.241, ,Philadelphia
 ,2011,2017032161,6,67,67301,2017,3,7,1916,19,4,1,0,1,1, , ,N,1,2,0,3,0,1,2,2,N,N,40 00:22.203,75 09:06.487,1918, ,1916, ,0, ,N, ,3, , , , , ,25941, , , ,2,1,0,0,0,0,0,0,0,0,1,0,1,0,0,0,0,0,0,0,1,0,0,0,0,0,0,0,0,0,0,0,0,0,0,3,0,40.0062,-75.1518, ,Philadelphia
 ,2012,2017043891,6,67,67301,2017,4,5,1700,17,1,1,0,4,1, , ,N,1,3,0,3,0,2,3,2,N,N,40 03:19.256,75 04:43.017,1720, ,1714,1,2,3,N, ,3,Y, , , , ,25947, , , ,2,0,0,0,0,0,2,0,0,0,0,2,2,0,0,0,0,0,0,0,1,0,0,0,0,0,0,0,0,0,0,0,0,0,0,4,0,40.0553,-75.0786, ,Philadelphia
 ,2013,2017037532,6,67,67301,2017,3,5,600,6,1,1,0,1,1, , ,N,1,2,0,3,0,1,3,3,N,N,40 02:01.460,75 02:48.262,820, ,820, ,0, ,N, ,3, , , , , ,25962, , , ,2,2,0,0,0,0,0,0,0,0,0,0,1,1,0,0,0,0,0,0,0,0,0,0,0,0,0,0,0,0,0,0,0,0,0,8,0,40.0336,-75.0468, ,Philadelphia
 ,2014,2017052141,6,67,67301,2017,4,2,1530,15,1,1,0,8,1, , ,N,1,0,0,3,0,1,2,2,N,N,39 57:14.229,75 09:34.159,1805, ,1756, ,0, ,N, ,0, , , , , ,25964, , , ,1,1,0,0,0,0,0,0,0,0,0,0,1,1,0,0,0,0,0,0,0,0,0,0,0,0,0,0,0,0,0,0,1,0,0,8,0,39.9539,-75.1595, ,Philadelphia
 ,2015,2017035786,6,67,67301,2017,3,2,1210,12,1,1,0,7,4, , ,N,0,0,0,3,0,0,1,1,N,Y,40 04:44.900,75 12:34.300,1241, ,1241, ,0, ,N, ,0, , , , , ,25989, , , ,1,0,0,0,0,0,1,0,0,0,0,0,0,0,0,0,0,0,0,0,0,1,0,0,0,0,0,0,0,0,0,0,0,0,0,0,0,40.0791,-75.2095, ,Philadelphia
 ,2016,2017028925,6,67,67301,2017,2,1,2145,21,3,1,0,4,1, , ,N,1,3,0,3,0,5,6,2,N,N,39 58:40.814,75 09:49.600,2205, ,2158, ,0, ,N, ,3, , , , , ,25994, , , ,2,1,0,0,1,0,0,0,0,0,0,5,5,0,0,0,0,0,0,1,0,0,0,0,0,0,0,0,0,0,0,0,0,0,0,4,0,39.978,-75.1638, ,Philadelphia
 ,2017,2017010640,6,67,67301,2017,1,2,1430,14,1,1,0,4,1, , ,N,0,0,0,3,0,1,2,2,N,N,39 57:27.030,75 08:43.690,1849, ,1846, ,0, ,N, ,0, , , , , ,26461, , , ,2,2,0,0,0,0,0,0,0,0,1,0,1,0,0,0,0,0,0,0,1,0,0,0,0,0,0,0,0,0,0,0,0,0,0,3,0,39.9575,-75.1455, ,Philadelphia
 ,2018,2017058298,6,67,67301,2017,5,4,2338,23,3,1,0,7,4, , ,N,0,0,0,3,0,0,2,1,N,N,40 01:11.381,75 12:03.285,2344, ,2339,2,1,1,N, ,0,N, , , , ,26497, , , ,1,1,0,0,0,0,0,0,0,0,0,0,0,0,0,0,0,0,0,0,0,0,0,2,0,0,0,0,0,0,0,0,0,0,0,0,0,40.0198,-75.2009, ,Philadelphia
 ,2019,2017060492,6,67,67301,2017,5,4,830,8,1,1,0,1,1, , ,N,0,0,0,3,0,1,2,2,N,N,40 03:50.428,75 09:22.201,833, ,831, ,0, , , ,0, , , , , ,26498, , , ,2,2,0,0,0,0,0,0,0,0,0,1,1,0,0,0,0,0,0,0,0,0,0,0,0,0,0,0,0,0,0,0,0,0,0,4,0,40.064,-75.1562, ,Philadelphia
 ,2020,2017007803,6,67,67301,2017,1,3,1600,16,6,2,1,8,1, , ,N,0,0,0,3,0,1,2,2,N,N,40 02:21.470,75 10:16.320,1605, ,1605, ,0, ,N, ,0, , , , , ,26511, , , ,1,1,0,0,0,0,0,0,0,0,0,0,1,1,1,0,0,0,0,0,0,0,0,1,0,0,0,0,0,0,0,0,1,0,0,8,0,40.0393,-75.1712, ,Philadelphia
 ,2021,2017029008,6,67,67301,2017,2,7,2220,22,3,1,0,4,1, , ,N,1,2,0,3,0,1,2,2,N,N,40 01:42.885,75 02:02.202,2230, ,2230, ,0, ,N, ,3, , , , , ,26525, , , ,2,1,0,0,1,0,0,0,0,0,0,1,1,0,1,0,0,0,0,0,0,0,0,0,0,0,0,0,0,0,0,0,0,0,0,4,0,40.0286,-75.0339, ,Philadelphia
Y,2022,2017046933,6,67,67301,2017,4,7,35,0,3,2,1,1,1,2,2,Y,0,0,0,3,0,0,3,3,N,N,40 02:21.157,75 00:29.156,35,45,35, ,0, , , ,0, ,N,N,N,N,26527,N,N,N,3,3,0,0,0,0,0,0,0,0,0,0,0,0,0,0,0,0,0,0,0,0,0,0,0,0,0,0,0,0,0,0,0,0,0,0,0,40.0392,-75.0081, ,Philadelphia
 ,2023,2017055774,6,67,67301,2017,4,6,233,2,3,1,0,1,1, , ,N,0,0,0,3,0,1,2,2,N,N,39 53:59.001,75 09:42.951,241, ,234, ,0, , , ,0, , , , , ,26532, , , ,2,1,0,0,1,0,0,0,0,0,0,0,1,1,0,0,0,0,0,0,1,0,0,0,0,0,0,0,0,0,0,0,0,0,0,8,0,39.8997,-75.1619, ,Philadelphia
 ,2024,2017013988,6,67,67301,2017,1,3,9999,99,3,1,0,4,1, , ,N,1,2,0,3,0,1,3,2,N,N,40 01:29.049,75 07:49.427,1216, ,1215,2,2,4,Y, ,3,N, , , , ,26552, , , ,2,2,0,0,0,0,0,0,0,0,0,1,1,0,0,0,0,1,1,0,0,0,0,0,0,0,0,0,0,0,0,0,0,0,0,4,0,40.0247,-75.1304, ,Philadelphia
 ,2025,2017014037,6,67,67301,2017,1,6,807,8,1,1,0,4,1, , ,N,1,3,0,3,0,4,4,2,N, ,39 59:11.933,75 08:47.141,814, ,814, ,0, , , ,3, , , , , ,26565, , , ,2,1,0,0,0,0,1,0,0,0,0,4,4,0,0,0,0,0,0,0,0,1,0,0,0,0,0,0,0,0,0,0,0,0,0,4,0,39.9866,-75.1464, ,Philadelphia
 ,2026,2017043834,6,67,67301,2017,4,7,405,4,3,1,0,1,1, , ,N,1,2,0,3,0,0,4,2,N,N,40 03:44.765,75 09:18.950,410, ,408, ,0, ,N, ,3, , , , , ,26570, , , ,2,1,0,0,0,0,1,0,0,0,0,0,0,0,0,0,0,0,0,0,0,0,0,1,0,0,0,0,0,0,0,0,0,0,0,0,0,40.0624,-75.1553, ,Philadelphia
 ,2027,2017033554,6,67,67301,2017,2,7,311,3,3,1,0,5,6, , ,N,0,0,0,3,0,0,1,3,N,N,39 58:34.352,75 08:46.219,428, ,427, ,0, ,N, ,0, , , , , ,26576, , , ,3,2,0,0,0,0,1,0,0,0,0,0,0,0,1,0,0,0,0,0,0,0,0,0,0,0,0,0,0,0,0,0,0,0,0,9,0,39.9762,-75.1462, ,Philadelphia
 ,2028,2017028958,6,67,67301,2017,2,5,1135,11,1,1,0,4,1, , ,N,1,2,0,3,0,1,3,2,N,N,40 01:59.665,75 01:44.885,1145, ,1138, ,0, ,N, ,3, , , , , ,26578, , , ,2,1,0,0,0,0,1,0,0,0,0,0,1,1,1,0,0,0,0,0,0,0,0,0,0,0,0,0,0,0,0,0,0,0,0,8,0,40.0332,-75.0291, ,Philadelphia
 ,2029,2017052463,6,67,67301,2017,4,5,1447,14,1,1,0,8,1, , ,N,0,0,0,3,0,1,2,2,N,N,40 01:22.518,75 04:38.646,1618, ,1613, ,0, , , ,0, , , , , ,26593, , , ,1,0,0,0,0,0,1,0,0,0,1,0,1,0,1,0,0,0,0,0,0,0,0,0,0,0,0,0,0,0,0,0,1,0,0,3,0,40.0229,-75.0774, ,Philadelphia
 ,2030,2017058285,6,67,67301,2017,5,3,835,8,1,1,0,8,1, , ,N,0,0,0,3,0,1,2,2,N,N,39 56:57.619,75 09:08.474,905, ,900, ,0, ,N, ,0, , , , , ,26597, , , ,1,0,0,0,0,0,1,0,0,0,0,0,1,1,1,0,0,0,0,0,0,0,0,0,0,0,0,0,0,0,0,0,1,0,0,8,0,39.9493,-75.1524, ,Philadelphia
 ,2031,2017037379,6,67,67301,2017,3,5,1700,17,1,9,0,1,1, , ,N,0,0,0,3,0,1,2,2,N,N,40 03:25.437,75 02:00.855,1715, ,1710, ,0, , , ,0, , , , , ,26617, , , ,2,0,0,0,1,0,1,0,0,0,0,1,1,0,1,0,0,0,0,0,1,0,0,0,0,0,0,0,0,0,0,0,0,0,0,4,0,40.0571,-75.0336, ,Philadelphia
 ,2032,2017052287,6,67,67301,2017,4,7,1055,10,1,1,0,4,1, , ,N,1,2,0,3,0,0,5,2,N, ,39 56:18.477,75 10:17.716,1140, ,1101, ,0, , , ,3, , , , , ,26639, , , ,2,1,0,0,0,0,1,0,0,0,0,0,0,0,0,0,0,0,0,0,1,0,0,0,0,0,0,0,0,0,0,0,0,0,0,0,0,39.9385,-75.1716, ,Philadelphia
 ,2033,2017007884,6,67,67301,2017,1,1,653,6,1,1,0,5,6, , ,N,0,0,0,3,0,0,1,4,N,N,40 00:56.509,75 08:13.171,800, ,758, ,0, ,N, ,0, , , , , ,26646, , , ,4,3,0,0,0,0,1,0,0,0,0,0,0,0,1,0,0,0,0,0,0,0,0,0,0,0,0,0,0,0,0,0,0,0,0,9,0,40.0157,-75.137, ,Philadelphia
 ,2034,2017041217,6,67,67301,2017,3,3,1800,18,1,1,0,1,1, , ,N,1,2,0,3,0,1,3,2,N,N,40 02:26.286,75 09:05.378,1824, ,1800, ,0, ,N, ,3, , , , , ,26676, , , ,2,2,0,0,0,0,0,0,0,0,0,0,1,1,0,0,0,0,0,0,0,0,0,2,0,0,0,0,0,0,0,0,0,0,0,8,0,40.0406,-75.1515, ,Philadelphia
 ,2035,2017055614,6,67,67301,2017,5,5,1957,19,1,1,0,4,1, , ,N,2,2,6,3,0,1,2,2,N,N,40 00:39.998,75 09:50.907,1957, ,1957, ,0, ,N, ,3, , , , , ,26008, , , ,2,1,0,0,0,0,1,0,0,0,0,0,1,1,1,0,0,0,0,0,1,0,1,0,0,0,0,0,0,0,0,0,0,0,0,8,0,40.0111,-75.1641, ,Philadelphia
 ,2036,2017067873,6,67,67301,2017,6,6,820,8,1,1,0,4,1, , ,N,1,3,0,3,0,1,3,2,N,N,39 56:14.434,75 13:03.453,820, ,820,3,2,6, , ,3,Y, , , , ,26015, , , ,2,1,0,0,1,0,0,0,0,0,0,0,1,1,2,0,1,0,0,0,0,0,0,0,0,0,0,0,0,0,0,0,0,0,0,8,0,39.9373,-75.2176, ,Philadelphia
 ,2037,2017002575,6,67,67301,2017,1,6,111,1,3,4,3,1,1, , ,N,0,0,0,3,0,0,3,3,N,N,40 01:37.415,75 01:33.048,111, ,111,2,2,1, , ,0,N, , , , ,26024, , , ,3,2,0,0,0,0,1,0,0,0,0,0,0,0,0,0,0,0,0,1,1,0,0,0,0,0,0,0,0,0,0,0,0,0,0,0,0,40.0271,-75.0258, ,Philadelphia
 ,2038,2017019079,6,67,67301,2017,1,6,1015,10,1,1,0,1,1, , ,N,0,0,0,3,0,1,2,2,N, ,40 02:18.301,75 13:22.930,1111, ,1022, ,0, , , ,0, , , , , ,26069, , , ,2,0,0,0,1,0,1,0,0,0,0,1,1,0,0,0,0,0,0,1,0,0,0,2,0,0,0,0,0,0,0,0,0,0,0,4,0,40.0384,-75.223, ,Philadelphia
 ,2039,2017021545,6,67,67301,2017,2,5,2121,21,3,1,0,4,1, , ,N,1,2,0,3,0,1,2,2,N, ,39 57:15.642,75 13:26.511,2123, ,2121, ,0, , , ,3, , , , , ,26072, , , ,2,2,0,0,0,0,0,0,0,0,0,1,1,0,0,0,0,0,0,0,0,0,0,0,0,0,0,0,0,0,0,0,0,0,0,4,0,39.9543,-75.224, ,Philadelphia
 ,2040,2017052101,6,67,67301,2017,4,6,1700,17,1,1,0,4,1, , ,N,1,2,0,3,0,1,2,2,N,N,40 01:43.697,75 05:23.235,1600, ,9999, ,0, , , ,9, , , , , ,26157, , , ,2,1,0,0,0,0,1,0,0,0,0,0,1,1,1,0,0,0,0,0,0,0,0,0,0,0,0,0,0,0,0,0,0,0,0,8,0,40.0288,-75.0898, ,Philadelphia
 ,2041,2017010569,6,67,67301,2017,1,5,4,0,3,1,0,7,2, , ,N,0,0,0,3,0,1,1,1,N,N,40 03:56.290,75 04:14.000,17, ,12, ,0, ,N, ,0, , , , , ,26172, , , ,1,0,0,0,1,0,0,0,0,0,0,0,1,1,0,0,0,0,0,0,0,0,0,0,0,0,0,0,0,0,0,0,0,0,0,8,0,40.0656,-75.0706, ,Philadelphia
 ,2042,2017019133,6,67,67301,2017,1,1,519,5,3,1,0,4,1, , ,N,1,2,0,3,0,1,2,2,N,N,39 59:11.824,75 10:16.353,523, ,520,2,2,7,N, ,3,Y, , , , ,26175, , , ,2,2,0,0,0,0,0,0,0,0,0,1,1,0,0,0,0,0,0,0,1,0,0,0,0,0,0,0,0,0,0,0,0,0,0,4,0,39.9866,-75.1712, ,Philadelphia
 ,2043,2017041173,6,67,67301,2017,3,4,1850,18,1,1,0,4,1, , ,N,1,2,0,3,0,1,3,2,N,N,39 57:30.563,75 13:30.647,1914, ,1900, ,0, ,N, ,3, , , , , ,26183, , , ,1,0,0,0,0,0,1,0,1,0,1,0,1,0,0,0,0,0,0,0,0,0,0,0,0,0,0,0,0,0,0,0,0,0,0,3,0,39.9585,-75.2252, ,Philadelphia
 ,2044,2017052469,6,67,67301,2017,4,7,2200,22,3,9,8,8,1, , ,N,0,0,1,3,0,1,2,2,N, ,39 59:02.142,75 07:56.427,9999, ,9999, ,0, , , ,0, , , , , ,26198, , , ,1,1,0,0,0,0,0,0,0,0,0,1,1,0,1,0,0,0,0,0,0,0,0,0,0,0,0,0,0,0,0,0,1,0,0,4,0,39.9839,-75.1323, ,Philadelphia
 ,2045,2017058363,6,67,67301,2017,5,3,735,7,1,1,0,7,4, , ,N,0,0,0,3,0,0,1,1,N,N,40 02:25.273,75 09:30.300,835, ,829, ,0, ,N, ,0, , , , , ,26208, , , ,1,0,0,0,0,0,1,0,0,0,0,0,0,0,0,0,0,0,0,0,1,0,0,0,0,0,0,0,0,0,0,0,0,0,0,0,0,40.0404,-75.1584, ,Philadelphia
 ,2046,2017061728,6,67,67301,2017,6,4,1041,10,1,1,0,4,1, , ,N,1,2,2,3,0,0,2,2,N,N,39 54:37.249,75 09:03.078,1106, ,1049, ,0, , , ,3, , , , , ,26209, , , ,2,0,0,0,1,1,0,0,0,0,0,0,0,0,0,0,0,0,0,0,1,0,0,0,0,0,0,0,0,0,0,0,0,0,0,0,1,39.9103,-75.1509, ,Philadelphia
Y,2047,2017017725,6,67,67301,2017,1,1,236,2,2,1,0,1,1,1,4,Y,0,0,0,3,0,2,2,2,N,N,40 00:19.215,75 04:32.299,251,45,238,1,2,2, , ,0,N,Y,N,N,N,26222,N,N,N,2,1,0,0,0,1,0,0,0,0,0,0,2,2,0,0,0,0,0,0,0,0,0,0,0,0,0,0,0,0,0,0,0,0,0,8,0,40.0053,-75.0756, ,Philadelphia
 ,2048,2017058349,6,67,67301,2017,5,5,1430,14,1,1,0,4,1, , ,N,1,2,0,3,0,0,2,2,N,N,39 56:04.761,75 13:57.737,1434, ,1434, ,0, ,N, ,3, , , , , ,26246, , , ,2,2,0,0,0,0,0,0,0,0,0,0,0,0,0,0,0,0,0,0,0,0,0,0,0,0,0,0,0,0,0,0,0,0,0,0,0,39.9347,-75.2327, ,Philadelphia
 ,2049,2017067878,6,67,67301,2017,6,1,1154,11,1,1,0,5,1, , ,N,0,0,0,3,0,0,5,2,N, ,39 53:41.571,75 13:49.232,1200, ,1200,3,1,2, , ,0,N, , , , ,26256, , , ,2,2,0,0,0,0,0,0,0,0,0,0,0,0,0,0,0,0,0,0,0,0,0,0,0,0,0,0,0,0,0,0,0,0,0,0,0,39.8949,-75.2303, ,Philadelphia
 ,2050,2017005831,6,67,67301,2017,1,5,1033,10,1,1,0,1,1, , ,N,0,0,0,3,0,2,5,3,N,N,39 57:27.851,75 09:38.999,1041, ,1033,1,1,4, , ,0,N, , , , ,26262, , , ,3,2,0,0,0,0,1,0,0,0,0,0,2,2,0,0,0,0,0,0,0,0,0,0,0,0,0,0,0,0,0,0,0,0,0,8,0,39.9577,-75.1608, ,Philadelphia
 ,2051,2017025592,6,67,67301,2017,2,7,1406,14,1,1,0,4,1, , ,N,0,0,0,3,0,1,11,3,N,N,39 56:33.224,75 11:36.315,1423, ,1406, ,0, , , ,0, , , , , ,26271, , , ,3,2,0,0,0,0,0,1,0,0,1,0,1,0,0,0,0,0,0,0,0,0,0,0,0,0,0,0,0,0,0,0,0,0,0,3,0,39.9426,-75.1934, ,Philadelphia
 ,2052,2017007858,6,67,67301,2017,1,5,1245,12,1,1,0,4,1, , ,N,0,0,0,3,0,0,1,3,N,N,40 01:29.050,75 09:37.920,1339, ,1314, ,0, , , ,0, , , , , ,26274, , , ,3,0,0,0,0,0,3,0,0,0,0,0,0,0,0,0,0,0,0,0,0,0,0,0,0,0,0,0,0,0,0,0,0,0,0,0,0,40.0247,-75.1605, ,Philadelphia
 ,2053,2017021559,6,67,67301,2017,2,3,755,7,1,1,0,1,1, , ,N,2,0,0,3,0,1,2,2,N,N,40 03:15.183,74 59:01.630,805, ,800,2,1,4,N, ,0,Y, , , , ,26287, , , ,2,2,0,0,0,0,0,0,0,0,0,1,1,0,0,0,0,1,0,0,0,0,0,0,0,0,0,0,0,0,0,0,0,0,0,4,0,40.0542,-74.9838, ,Philadelphia
 ,2054,2017041304,6,67,67301,2017,4,1,35,0,3,1,0,7,4, , ,N,0,0,0,3,0,1,1,1,N, ,39 56:20.188,75 12:37.284,37, ,35, ,0, , , ,0, , , , , ,26289, , , ,1,1,0,0,0,0,0,0,0,0,0,1,1,0,0,0,0,0,1,0,0,0,0,0,0,0,0,0,0,0,0,0,0,0,0,4,0,39.9389,-75.2104, ,Philadelphia