wz_ln_closure,objectid_1,crn,district,county,municipality,crash_year,crash_month,day_of_week,time_of_day,hour_of_day,illumination,weather,road_condition,collision_type,relation_to_road,work_zone_type,work_zone_loc,work_zone_ind,intersect_type,tcd_type,location_type,urban_rural,fatal_count,injury_count,person_count,total_units,sch_bus_ind,sch_zone_ind,latitude,longitude,arrival_tm,cons_zone_spd_lim,dispatch_tm,est_hrs_closed,lane_closed,ln_close_dir,ntfy_hiwy_maint,spec_juris_cd,tcd_func_cd,tfc_detour_ind,workers_pres,wz_close_detour,wz_flagger,wz_law_offcr_ind,objectid,wz_moving,wz_other,wz_shlder_mdn,vehicle_count,automobile_count,motorcycle_count,bus_count,small_truck_count,heavy_truck_count,suv_count,van_count,bicycle_count,maj_inj_count,mod_inj_count,min_inj_count,tot_inj_count,unk_inj_deg_count,unk_inj_per_count,driver_count_16yr,driver_count_17yr,driver_count_18yr,driver_count_19yr,driver_count_20yr,driver_count_50_64yr,driver_count_65_74yr,driver_count_75plus,unbelted_occ_count,unb_death_count,unb_maj_inj_count,belted_death_count,belted_maj_inj_count,mcycle_death_count,mcycle_maj_inj_count,bicycle_death_count,bicycle_maj_inj_count,ped_count,ped_death_count,ped_maj_inj_count,max_severity_level,comm_veh_count,dec_lat,dec_long,rdwy_surf_type_cd,county_name
 ,2055,2017004100,6,67,67301,2017,1,3,850,8,1,1,0,1,1, , ,N,0,0,0,3,0,3,6,4,N,N,39 56:39.476,75 11:50.892,900, ,854, ,0, ,N, ,0, , , , , ,26317, , , ,4,3,0,0,1,0,0,0,0,0,3,0,3,0,0,0,0,0,0,0,2,0,0,0,0,0,0,0,0,0,0,0,0,0,0,3,0,39.9443,-75.1975, ,Philadelphia
 ,2056,2017003993,6,67,67301,2017,1,2,530,5,2,2,1,7,5, , ,N,0,0,0,3,0,1,1,1,N,N,39 53:09.773,75 14:34.625,551, ,530,1,1,1, , ,0,N, , , , ,26318, , , ,1,1,0,0,0,0,0,0,0,0,0,0,1,1,0,0,0,0,0,0,0,0,0,0,0,0,0,0,0,0,0,0,0,0,0,8,0,39.886,-75.243, ,Philadelphia
 ,2057,2017035675,6,67,67301,2017,3,6,927,9,1,4,1,4,1, , ,N,1,2,0,3,0,1,3,3,N,N,39 56:54.380,75 09:58.337,930, ,927, ,0, ,N, ,3, , , , , ,26321, , , ,2,2,0,0,0,0,0,0,0,0,0,1,1,0,0,0,0,0,0,0,0,0,0,0,0,0,0,0,0,0,0,0,1,0,0,4,0,39.9484,-75.1662, ,Philadelphia
 ,2058,2017044029,6,67,67301,2017,4,2,1600,16,1,1,0,5,1, , ,N,0,0,0,3,0,0,3,2,N,N,39 57:36.364,75 10:53.284,1625, ,1607,1,1,3, , ,0,N, , , , ,26322, , , ,2,2,0,0,0,0,0,0,0,0,0,0,0,0,0,0,0,0,0,0,0,0,0,0,0,0,0,0,0,0,0,0,0,0,0,0,0,39.9601,-75.1815, ,Philadelphia
 ,2059,2017037429,6,67,67301,2017,3,2,2001,20,3,1,0,4,1, , ,N,1,2,0,3,0,1,5,2,N,N,40 02:34.252,75 03:47.603,2016, ,2014,2,1,3,N, ,3,N, , , , ,26330, , , ,2,0,0,0,0,0,2,0,0,0,0,1,1,0,0,0,0,0,0,0,1,0,0,0,0,0,0,0,0,0,0,0,0,0,0,4,0,40.0428,-75.0631, ,Philadelphia
 ,2060,2017013930,6,67,67301,2017,1,7,2240,22,3,1,0,2,1, , ,N,0,0,0,3,0,3,3,2,N,N,40 02:18.211,75 08:57.832,2240, ,2240, ,0, ,N, ,0, , , , , ,26363, , , ,2,0,0,0,0,0,2,0,0,0,0,3,3,0,0,0,0,0,0,0,1,0,1,0,0,0,0,0,0,0,0,0,0,0,0,4,0,40.0384,-75.1494, ,Philadelphia
 ,2061,2017019335,6,67,67301,2017,1,2,51,0,3,2,1,7,5, , ,N,0,0,0,3,0,1,2,1,N,N,39 58:51.321,75 12:23.300,102, ,57, ,0, , , ,0, , , , , ,26366, , , ,1,1,0,0,0,0,0,0,0,0,1,0,1,0,0,0,0,0,0,1,0,0,0,0,0,0,0,0,0,0,0,0,0,0,0,3,0,39.9809,-75.2065, ,Philadelphia
 ,2062,2017014866,6,67,67301,2017,1,4,1836,18,3,1,0,4,1, , ,N,2,2,0,3,0,2,3,2,N,N,40 00:17.997,75 13:05.881,1845, ,1840,1,1,2, , ,3,N, , , , ,26367, , , ,2,1,0,0,0,0,0,1,0,0,0,2,2,0,0,0,0,0,0,0,1,0,0,1,0,0,0,0,0,0,0,0,0,0,0,4,0,40.005,-75.2183, ,Philadelphia
 ,2063,2017043775,6,67,67301,2017,4,2,1655,16,1,1,0,8,1, , ,N,1,0,0,3,0,1,2,2,N,N,39 57:23.349,75 12:55.731,1706, ,1701, ,0, ,N, ,0, , , , , ,26371, , , ,1,0,0,0,0,0,1,0,0,0,0,0,1,1,1,0,0,0,0,0,0,0,0,0,0,0,0,0,0,0,0,0,1,0,0,8,0,39.9565,-75.2155, ,Philadelphia
 ,2064,2017040487,6,67,67301,2017,3,1,2353,23,3,1,0,7,2, , ,N,0,0,0,3,0,1,2,1,N,N,39 56:34.560,75 08:35.324,2358, ,2357, ,0, , , ,0, , , , , ,26378, , , ,1,1,0,0,0,0,0,0,0,0,0,1,1,0,0,0,0,0,0,0,0,0,0,0,0,0,0,0,0,0,0,0,0,0,0,4,0,39.9429,-75.1431, ,Philadelphia
 ,2065,2017041282,6,67,67301,2017,4,4,1928,19,1,1,0,5,1, , ,N,0,0,0,3,0,1,2,2,N, ,40 06:16.768,74 58:01.984,1928, ,1928, ,0, , , ,0, , , , , ,26387, , , ,2,1,0,0,0,0,0,0,0,0,0,0,1,1,0,1,0,0,0,0,0,0,0,0,0,0,0,0,0,0,0,0,0,0,0,8,0,40.1047,-74.9672, ,Philadelphia
 ,2066,2017007834,6,67,67301,2017,1,3,1400,14,1,2,1,4,1, , ,N,1,2,0,3,0,1,2,2,N,N,40 07:30.000,75 00:52.941,1415, ,1406,2,1,1,N, ,1,Y, , , , ,26406, , , ,2,2,0,0,0,0,0,0,0,0,0,0,1,1,0,0,0,0,0,0,1,0,0,0,0,0,0,0,0,0,0,0,0,0,0,8,0,40.125,-75.0147, ,Philadelphia
 ,2067,2017025272,6,67,67301,2017,3,7,945,9,1,1,0,5,1, , ,N,6,4,2,3,0,1,2,2,N,N,39 56:55.117,75 11:09.395,1017, ,947,1,2,4, , ,3,N, , , , ,26413, , , ,2,1,0,0,0,0,1,0,0,0,0,1,1,0,0,0,0,0,0,0,0,0,0,0,0,0,0,0,0,0,0,0,0,0,0,4,0,39.9486,-75.1859, ,Philadelphia
 ,2068,2017035612,6,67,67301,2017,3,4,745,7,1,1,1,4,1, , ,N,0,0,0,3,0,2,3,2,N,N,39 57:06.847,75 14:56.418,756, ,753,1,1,2,N, ,0,N, , , , ,26415, , , ,2,1,0,0,0,0,1,0,0,0,0,2,2,0,0,0,0,0,0,0,1,0,0,0,0,0,0,0,0,0,0,0,0,0,0,4,0,39.9519,-75.249, ,Philadelphia
 ,2069,2017028866,6,67,67301,2017,2,2,1640,16,3,9,0,4,1, , ,N,1,3,0,3,0,0,2,2,N,N,39 58:33.517,75 12:23.686,1056, ,1056, ,0, ,N, ,3, , , , , ,26427, , , ,2,0,0,0,0,0,1,1,0,0,0,0,0,0,1,0,0,0,0,0,0,1,0,0,0,0,0,0,0,0,0,0,0,0,0,9,0,39.976,-75.2066, ,Philadelphia
 ,2070,2017052087,6,67,67301,2017,4,1,443,4,3,1,0,7,4, , ,N,3,3,0,3,0,1,1,1,N,N,40 01:11.366,75 11:29.821,448, ,447,4,2,4,N, ,3,N, , , , ,26437, , , ,1,0,0,0,1,0,0,0,0,0,1,0,1,0,0,0,0,0,0,0,1,0,0,0,0,0,0,0,0,0,0,0,0,0,0,3,0,40.0198,-75.1916, ,Philadelphia
 ,2071,2017052421,6,67,67301,2017,4,7,9999,99,1,1,0,4,1, , ,N,1,2,0,3,0,1,3,2,N,N,39 58:15.383,75 07:42.530,959, ,959, ,0, ,N, ,3, , , , , ,24894, , , ,2,1,0,0,0,0,1,0,0,0,0,0,1,1,2,0,0,0,0,0,0,0,0,0,0,0,0,0,0,0,0,0,0,0,0,8,0,39.9708,-75.1284, ,Philadelphia
 ,2072,2017083338,6,67,67301,2017,8,2,744,7,1,1,0,1,1, , ,N,0,0,0,3,0,0,2,2,N,N,39 57:11.974,75 08:27.478,749, ,744,1,2,1, , ,0,N, , , , ,24911, , , ,2,1,0,0,0,0,1,0,0,0,0,0,0,0,0,0,0,0,0,0,0,0,0,0,0,0,0,0,0,0,0,0,0,0,0,0,0,39.9533,-75.141, ,Philadelphia
 ,2073,2017014889,6,67,67301,2017,1,4,1145,11,1,1,0,6,1, , ,N,0,0,0,3,0,0,2,2,N,N,39 59:05.423,75 05:41.101,1152, ,1147,1,1,1, , ,0,N, , , , ,24914, , , ,2,1,0,0,0,1,0,0,0,0,0,0,0,0,0,0,0,0,0,0,1,0,0,0,0,0,0,0,0,0,0,0,0,0,0,0,1,39.9848,-75.0948, ,Philadelphia
 ,2074,2017010658,6,67,67301,2017,1,2,1938,19,3,1,1,1,1, , ,N,1,2,0,3,0,1,5,2,N,N,39 55:05.839,75 12:32.264,1944, ,1941, ,0, ,N, ,3, , , , , ,24917, , , ,2,2,0,0,0,0,0,0,0,0,0,0,1,1,0,0,0,0,0,0,0,0,0,0,0,0,0,0,0,0,0,0,0,0,0,8,0,39.9182,-75.2088, ,Philadelphia
 ,2075,2017028938,6,67,67301,2017,2,5,820,8,1,1,0,5,6, , ,N,0,0,0,3,0,0,2,6,N,N,40 01:39.499,75 13:16.404,859, ,858, ,0, ,N, ,0, , , , , ,24920, , , ,6,4,0,0,0,1,1,0,0,0,0,0,0,0,0,0,0,0,0,0,0,0,0,0,0,0,0,0,0,0,0,0,0,0,0,0,1,40.0276,-75.2212, ,Philadelphia
 ,2076,2017019169,6,67,67301,2017,1,3,809,8,1,1,0,1,1, , ,N,0,0,0,3,0,4,4,2,N, ,40 02:27.852,75 07:04.108,816, ,812, ,0, , , ,0, , , , , ,24933, , , ,2,1,0,0,0,0,1,0,0,0,0,2,4,2,0,0,0,0,0,0,1,0,0,0,0,0,0,0,0,0,0,0,0,0,0,4,0,40.0411,-75.1178, ,Philadelphia
 ,2077,2017041224,6,67,67301,2017,4,1,2216,22,3,1,0,4,1, , ,N,2,0,0,3,0,2,3,2,N,N,39 57:17.009,75 14:32.175,2240, ,2226, ,0, ,N, ,0, , , , , ,24940, , , ,2,0,0,0,1,0,1,0,0,0,0,2,2,0,0,0,0,0,0,0,0,0,0,1,0,0,0,0,0,0,0,0,0,0,0,4,0,39.9547,-75.2423, ,Philadelphia
 ,2078,2017014957,6,67,67301,2017,2,7,1818,18,3,1,0,1,1, , ,N,6,0,2,3,0,0,7,4,N,N,39 56:43.059,75 11:25.839,1819, ,1819,2,1,4, , ,0,N, , , , ,24942, , , ,4,2,0,0,0,0,1,1,0,0,0,0,0,0,0,0,0,0,0,0,0,0,0,0,0,0,0,0,0,0,0,0,0,0,0,0,0,39.9453,-75.1905, ,Philadelphia
 ,2079,2017043895,6,67,67301,2017,4,2,903,9,1,2,1,4,1, , ,N,1,3,0,3,0,1,3,2,N, ,40 01:12.424,75 04:42.963,907, ,907, ,0, , , ,3, , , , , ,24949, , , ,2,1,0,0,0,0,1,0,0,0,0,0,1,1,0,0,0,0,0,0,1,0,0,0,0,0,0,0,0,0,0,0,0,0,0,8,0,40.0201,-75.0786, ,Philadelphia
 ,2080,2017052072,6,67,67301,2017,5,5,1421,14,1,1,0,8,1, , ,N,1,3,0,3,0,1,2,2,N,N,40 03:23.057,75 10:17.436,1428, ,1425, ,0, ,N, ,3, , , , , ,24955, , , ,1,1,0,0,0,0,0,0,0,0,0,0,1,1,0,0,0,0,0,0,0,0,1,0,0,0,0,0,0,0,0,0,1,0,0,8,0,40.0564,-75.1715, ,Philadelphia
 ,2081,2017019030,6,67,67301,2017,1,4,1507,15,1,1,0,8,1, , ,N,5,2,1,3,0,1,2,2,N,N,39 59:42.637,75 06:56.944,1512, ,1509, ,0, ,N, ,3, , , , , ,24967, , , ,1,1,0,0,0,0,0,0,0,0,0,1,1,0,0,0,0,0,0,0,0,0,0,1,0,0,0,0,0,0,0,0,1,0,0,4,0,39.9952,-75.1158, ,Philadelphia
 ,2082,2017019084,6,67,67301,2017,2,4,1537,15,1,1,0,4,1, , ,N,1,3,0,3,0,0,2,2,N, ,40 03:18.136,75 08:05.204,1537, ,1537,2,1,1, , ,3,N, , , , ,24978, , , ,2,2,0,0,0,0,0,0,0,0,0,0,0,0,0,0,0,0,0,0,0,1,0,1,0,0,0,0,0,0,0,0,0,0,0,0,0,40.055,-75.1348, ,Philadelphia
 ,2083,2017060678,6,67,67301,2017,5,4,1425,14,1,1,0,4,1, , ,N,1,2,0,3,0,0,2,3,N, ,39 56:55.507,75 10:44.382,1616, ,1430, ,0, , , ,3, , , , , ,25002, , , ,3,0,0,0,0,0,3,0,0,0,0,0,0,0,0,0,0,0,0,0,0,0,0,0,0,0,0,0,0,0,0,0,0,0,0,0,0,39.9488,-75.179, ,Philadelphia
 ,2084,2017035662,6,67,67301,2017,3,3,1455,14,1,1,0,5,6, , ,N,0,0,0,3,0,1,1,3,N,N,40 01:22.563,75 04:38.578,1500, ,1500, ,0, , , ,0, , , , , ,25024, , , ,3,1,0,0,1,0,1,0,0,0,0,0,1,1,0,0,0,0,0,0,0,0,0,0,0,0,0,0,0,0,0,0,0,0,0,8,0,40.0229,-75.0774, ,Philadelphia
 ,2085,2017035602,6,67,67301,2017,3,4,920,9,1,1,0,4,1, , ,N,1,3,0,3,0,0,2,2,N,N,39 59:16.936,75 05:56.346,1033, ,1033, ,0, ,N, ,3, , , , , ,25027, , , ,2,1,0,0,1,0,0,0,0,0,0,0,0,0,0,0,0,0,0,0,0,0,0,0,0,0,0,0,0,0,0,0,0,0,0,0,0,39.988,-75.099, ,Philadelphia
 ,2086,2017041139,6,67,67301,2017,3,2,200,2,3,2,1,4,1, , ,N,1,2,0,3,0,1,3,2,N,N,40 00:24.336,75 07:53.741,248, ,248, ,0, ,N, ,3, , , , , ,25033, , , ,2,1,0,0,0,0,1,0,0,0,0,0,1,1,0,0,0,0,0,0,1,0,0,0,0,0,0,0,0,0,0,0,0,0,0,8,0,40.0068,-75.1316, ,Philadelphia
 ,2087,2017037419,6,67,67301,2017,3,3,2250,22,3,1,0,1,1, , ,N,0,0,7,3,0,1,5,2,N,N,39 58:39.514,75 13:39.634,2256, ,2254, ,0, ,N, ,0, , , , , ,25034, , , ,2,1,0,0,0,0,1,0,0,0,0,1,1,0,0,0,0,0,0,0,1,0,0,0,0,0,0,0,0,0,0,0,0,0,0,4,0,39.9776,-75.2277, ,Philadelphia
 ,2088,2017052256,6,67,67301,2017,4,2,2310,23,3,1,0,1,1, , ,N,0,2,7,3,0,1,4,2,N,N,40 06:06.528,75 00:22.738,2340, ,2323, ,0, ,N, ,3, , , , , ,25046, , , ,2,2,0,0,0,0,0,0,0,0,0,1,1,0,0,0,0,0,0,0,0,0,0,0,0,0,0,0,0,0,0,0,0,0,0,4,0,40.1018,-75.0063, ,Philadelphia
 ,2089,2017021503,6,67,67301,2017,2,5,1007,10,1,4,4,4,1, , ,N,1,2,2,3,0,1,4,2,N, ,40 05:58.224,74 59:10.989,1023, ,1011,3,1,1, , ,3,N, , , , ,25085, , , ,2,0,0,0,1,0,0,1,0,0,1,0,1,0,0,0,0,0,0,0,1,0,0,1,0,0,0,0,0,0,0,0,0,0,0,3,0,40.0995,-74.9864, ,Philadelphia
 ,2090,2017052437,6,67,67301,2017,4,1,1845,18,1,1,0,1,1, , ,N,0,0,1,3,0,4,5,2,N, ,39 55:16.962,75 11:26.219,1907, ,1851,2,2,2, , ,0,N, , , , ,25088, , , ,2,1,0,0,0,0,0,0,0,0,2,0,4,2,0,0,0,0,0,0,0,0,0,1,0,0,0,0,0,0,0,0,0,0,0,3,0,39.9214,-75.1906, ,Philadelphia
 ,2091,2017018713,6,67,67301,2017,2,4,1425,14,1,1,0,7,5, , ,N,0,0,0,3,0,2,2,1,N,N,40 01:45.366,75 06:18.657,1518, ,1425, ,0, ,N, ,0, , , , , ,25120, , , ,1,0,0,0,0,1,0,0,0,0,1,0,2,1,0,0,0,0,0,0,1,0,0,0,0,0,0,0,0,0,0,0,0,0,0,3,1,40.0293,-75.1052, ,Philadelphia
 ,2092,2017028998,6,67,67301,2017,2,3,1200,12,1,1,0,4,1, , ,N,5,2,8,3,0,1,2,2,N, ,39 57:28.586,75 09:50.892,1210, ,1203, ,0, , , ,3, , , , , ,25128, , , ,2,1,0,0,0,0,1,0,0,0,0,1,1,0,0,0,0,0,1,0,1,0,0,0,0,0,0,0,0,0,0,0,0,0,0,4,0,39.9579,-75.1641, ,Philadelphia
 ,2093,2017041128,6,67,67301,2017,3,6,1854,18,3,2,1,8,1, , ,N,1,2,0,3,0,2,3,3,N,N,39 57:07.862,75 14:26.779,1912, ,1855, ,0, ,N, ,3, , , , , ,25135, , , ,1,0,0,0,0,0,1,0,0,0,0,2,2,0,0,0,0,0,0,0,1,0,0,0,0,0,0,0,0,0,0,0,2,0,0,4,0,39.9522,-75.2408, ,Philadelphia
 ,2094,2017043811,6,67,67301,2017,4,5,1240,12,1,1,0,4,1, , ,N,1,2,0,3,0,0,3,2,N, ,40 06:18.575,75 01:58.256,1243, ,1241,1,1,3, , ,3,Y, , , , ,25176, , , ,2,0,0,0,1,0,0,1,0,0,0,0,0,0,3,0,0,0,0,1,1,0,0,0,0,0,0,0,0,0,0,0,0,0,0,9,0,40.1052,-75.0328, ,Philadelphia
 ,2095,2017033027,6,67,67301,2017,3,5,1622,16,1,1,0,8,1, , ,N,1,2,0,3,0,1,2,2,N, ,39 58:37.434,75 13:47.402,1626, ,1622, ,0, , , ,3, , , , , ,25180, , , ,1,0,0,0,0,0,1,0,0,0,1,0,1,0,0,0,0,0,0,0,0,0,0,1,0,0,0,0,0,0,0,0,1,0,0,3,0,39.9771,-75.2298, ,Philadelphia
 ,2096,2017016532,6,67,67301,2017,2,6,1641,16,1,1,0,1,1, , ,N,0,0,0,3,0,3,7,3,N,N,39 58:56.584,75 12:28.075,1651, ,1642, ,0, , , ,0, , , , , ,25201, , , ,3,2,0,0,0,0,1,0,0,0,0,0,3,3,0,0,0,0,0,0,2,0,0,0,0,0,0,0,0,0,0,0,0,0,0,8,0,39.9824,-75.2078, ,Philadelphia
 ,2097,2017037385,6,67,67301,2017,3,1,2330,23,3,2,1,7,4, , ,N,1,0,0,3,0,1,1,1,N, ,40 02:13.920,75 10:06.560,2345, ,2338,9,1,3, , ,0,N, , , , ,25214, , , ,1,1,0,0,0,0,0,0,0,0,0,1,1,0,0,0,0,0,0,0,0,0,0,0,0,0,0,0,0,0,0,0,0,0,0,4,0,40.0372,-75.1685, ,Philadelphia
 ,2098,2017041279,6,67,67301,2017,4,7,2350,23,3,1,0,6,1, , ,N,0,0,0,3,0,0,2,2,N,N,40 03:39.772,74 59:21.476,9999, ,9999,1,1,1,N, ,0,Y, , , , ,25220, , , ,2,0,0,0,0,1,1,0,0,0,0,0,0,0,0,0,0,0,0,0,0,1,0,0,0,0,0,0,0,0,0,0,0,0,0,0,1,40.061,-74.9893, ,Philadelphia
 ,2099,2017052271,6,67,67301,2017,4,7,1235,12,1,2,1,4,1, , ,N,1,3,0,3,0,2,4,3,N,N,39 58:52.118,75 09:53.035,1250, ,1245, ,0, ,N, ,3, , , , , ,25236, , , ,3,3,0,0,0,0,0,0,0,0,0,0,2,2,0,0,0,0,0,1,0,0,0,0,0,0,0,0,0,0,0,0,0,0,0,8,0,39.9811,-75.1647, ,Philadelphia
 ,2100,2017060534,6,67,67301,2017,5,6,721,7,1,1,0,4,1, , ,N,1,2,0,3,0,1,4,2,N,N,40 03:33.132,75 02:38.341,721, ,721, ,0, ,N, ,3, , , , , ,25247, , , ,2,1,0,0,0,0,1,0,0,0,0,0,1,1,0,0,0,0,0,0,1,0,0,0,0,0,0,0,0,0,0,0,0,0,0,8,0,40.0592,-75.044, ,Philadelphia
 ,2101,2017028988,6,67,67301,2017,2,3,1037,10,1,1,0,1,1, , ,N,0,0,0,3,0,2,3,2,N, ,40 00:04.741,75 09:02.643,1051, ,1041, ,0, , , ,0, , , , , ,25261, , , ,2,1,0,0,0,0,0,1,0,0,2,0,2,0,0,0,0,0,0,0,0,0,0,1,0,0,0,0,0,0,0,0,0,0,0,3,0,40.0013,-75.1507, ,Philadelphia
 ,2102,2017019043,6,67,67301,2017,2,4,1353,13,1,1,0,4,1, , ,N,0,0,0,3,0,1,4,2,N, ,39 57:05.034,75 09:19.795,1426, ,1423, ,0, , , ,0, , , , , ,25262, , , ,2,2,0,0,0,0,0,0,0,0,0,1,1,0,0,0,0,0,0,0,1,0,0,0,0,0,0,0,0,0,0,0,0,0,0,4,0,39.9514,-75.1555, ,Philadelphia
 ,2103,2017037457,6,67,67301,2017,3,6,2240,22,3,1,0,1,1, , ,N,0,2,0,3,0,2,4,4,N,N,40 00:58.730,75 11:11.157,2250, ,2246,2,2,7,N, ,3,N, , , , ,25322, , , ,4,3,0,0,0,0,1,0,0,0,0,0,2,2,0,0,0,0,0,0,0,0,0,0,0,0,0,0,0,0,0,0,0,0,0,8,0,40.0163,-75.1864, ,Philadelphia
 ,2104,2017006992,6,67,67301,2017,1,2,1920,19,3,1,0,1,1, , ,N,1,2,0,3,0,1,3,2,N,N,39 58:43.287,75 09:28.532,1935, ,1930, ,0, ,N, ,3, , , , , ,25358, , , ,2,2,0,0,0,0,0,0,0,0,0,0,1,1,1,0,0,0,1,0,0,0,0,2,0,0,0,0,0,0,0,0,0,0,0,8,0,39.9787,-75.1578, ,Philadelphia
 ,2105,2017030221,6,67,67301,2017,3,3,1111,11,1,4,4,0,1, , ,N,0,0,0,3,0,0,1,1,N,N,39 56:11.473,75 08:39.472,1131, ,1120,1,1,1, , ,0,Y, , , , ,25373, , , ,1,0,0,0,0,0,1,0,0,0,0,0,0,0,0,0,0,0,0,0,0,0,0,0,0,0,0,0,0,0,0,0,0,0,0,0,0,39.9365,-75.1443, ,Philadelphia
 ,2106,2017028895,6,67,67301,2017,2,6,1633,16,1,1,0,1,1, , ,N,2,2,0,3,0,4,4,3,N, ,40 04:40.775,75 01:25.271,1640, ,1634,1,1,3, , ,3,N, , , , ,25374, , , ,3,1,0,0,0,0,2,0,0,0,0,4,4,0,0,0,0,0,0,0,1,0,0,2,0,0,0,0,0,0,0,0,0,0,0,4,0,40.078,-75.0237, ,Philadelphia
 ,2107,2017052176,6,67,67301,2017,4,2,1530,15,1,1,0,8,1, , ,N,0,0,0,3,0,1,2,2,N,Y,39 58:49.522,75 08:46.653,1540, ,1535, ,0, ,N, ,0, , , , , ,25382, , , ,1,0,0,0,0,0,0,0,0,0,0,1,1,0,0,0,0,0,0,0,0,0,0,0,0,0,0,0,0,0,0,0,1,0,0,4,0,39.9804,-75.1463, ,Philadelphia
 ,2108,2017058218,6,67,67301,2017,2,3,1135,11,1,1,0,5,6, , ,N,0,0,0,3,0,0,1,2,N,N,40 01:22.925,75 04:38.037,1140, ,1135, ,0, ,N, ,0, , , , , ,25391, , , ,2,1,0,0,1,0,0,0,0,0,0,0,0,0,0,0,0,0,0,0,0,0,0,1,0,0,0,0,0,0,0,0,0,0,0,0,0,40.023,-75.0772, ,Philadelphia
 ,2109,2017037421,6,67,67301,2017,3,6,1910,19,4,1,0,1,1, , ,N,0,0,0,3,0,3,4,2,N,N,39 57:39.776,75 08:44.811,1915, ,1913, ,0, ,N, ,0, , , , , ,25402, , , ,2,1,0,0,0,0,1,0,0,0,1,2,3,0,0,0,0,1,0,0,0,0,0,0,0,0,0,0,0,0,0,0,0,0,0,3,0,39.961,-75.1458, ,Philadelphia
 ,2110,2017028912,6,67,67301,2017,2,7,1752,17,1,1,0,5,1, , ,N,1,2,0,3,0,5,5,3,N,N,40 01:18.437,75 08:22.555,1755, ,1752,3,2,4,N, ,3,Y, , , , ,25411, , , ,2,1,0,0,0,0,1,0,0,0,0,5,5,0,0,0,0,0,0,0,1,0,0,0,0,0,0,0,0,0,0,0,0,0,0,4,0,40.0218,-75.1396, ,Philadelphia
 ,2111,2017028858,6,67,67301,2017,2,6,936,9,1,1,0,4,1, , ,N,1,3,0,3,0,0,2,2,N,N,40 01:40.919,75 02:00.658,948, ,941, ,0, ,N, ,3, , , , , ,25420, , , ,2,0,0,0,0,0,1,1,0,0,0,0,0,0,0,0,0,0,0,0,1,0,1,0,0,0,0,0,0,0,0,0,0,0,0,0,0,40.028,-75.0335, ,Philadelphia
 ,2112,2017052255,6,67,67301,2017,4,2,1445,14,1,1,0,8,1, , ,N,0,0,0,3,0,1,3,2,N, ,40 03:43.794,75 02:35.581,1459, ,1454,1,1,2, , ,0,Y, , , , ,25425, , , ,1,0,0,0,0,0,1,0,0,0,0,0,1,1,0,0,0,0,0,0,1,0,0,1,0,0,0,0,0,0,0,0,1,0,0,8,0,40.0622,-75.0432, ,Philadelphia
 ,2113,2017052070,6,67,67301,2017,4,6,1635,16,1,1,0,4,1, , ,N,1,2,0,3,0,4,5,3,N,N,39 59:31.757,75 14:44.399,1650, ,1640,3,2,3,N, ,3,N, , , , ,25426, , , ,3,1,0,1,0,0,0,1,0,0,0,4,4,0,0,0,0,0,0,0,1,0,0,0,0,0,0,0,0,0,0,0,0,0,0,4,1,39.9922,-75.2457, ,Philadelphia
 ,2114,2017037514,6,67,67301,2017,3,7,1405,14,1,2,1,4,1, , ,N,1,2,0,3,0,2,6,2,N,N,40 07:54.116,75 00:44.359,1515, ,1505, ,0, ,N, ,3, , , , , ,25448, , , ,2,0,0,0,0,0,1,1,0,0,0,2,2,0,2,0,0,0,0,0,1,1,0,0,0,0,0,0,0,0,0,0,0,0,0,4,0,40.1317,-75.0122, ,Philadelphia
 ,2115,2017013955,6,67,67301,2017,1,4,9999,99,1,1,0,6,1, , ,N,0,0,0,3,0,0,3,2,N, ,40 03:39.333,75 11:32.059,9999, ,9999,3,1,3, , ,0,Y, , , , ,25497, , , ,2,0,0,0,0,0,2,0,0,0,0,0,0,0,0,0,0,0,0,0,0,1,0,1,0,0,0,0,0,0,0,0,0,0,0,0,0,40.0609,-75.1922, ,Philadelphia
 ,2116,2017037558,6,67,67301,2017,3,6,1955,19,3,1,1,8,1, , ,N,0,0,0,3,0,1,3,2,N,N,40 00:34.883,75 10:25.851,2002, ,2000,2,2,1, , ,0,Y, , , , ,25503, , , ,1,0,0,0,0,0,0,1,0,0,0,0,1,1,0,0,0,0,0,0,1,0,0,1,0,0,0,0,0,0,0,0,1,0,0,8,0,40.0097,-75.1738, ,Philadelphia
 ,2117,2017041151,6,67,67301,2017,3,6,210,2,3,2,1,7,4, , ,N,1,2,0,3,0,2,3,1,N,N,40 05:57.040,74 59:12.762,214, ,213, ,0, ,N, ,3, , , , , ,25507, , , ,1,1,0,0,0,0,0,0,0,0,0,2,2,0,0,0,0,0,0,0,0,0,0,1,0,0,0,0,0,0,0,0,0,0,0,4,0,40.0992,-74.9869, ,Philadelphia
 ,2118,2017007836,6,67,67301,2017,1,4,1435,14,1,1,0,4,1, , ,N,1,3,0,3,0,0,2,2,N,N,40 03:36.388,75 02:46.694,1655, ,1638,1,1,4, , ,3,N, , , , ,25546, , , ,2,2,0,0,0,0,0,0,0,0,0,0,0,0,0,0,0,0,0,0,0,0,1,0,0,0,0,0,0,0,0,0,0,0,0,0,0,40.0601,-75.0463, ,Philadelphia