wz_ln_closure,objectid_1,crn,district,county,municipality,crash_year,crash_month,day_of_week,time_of_day,hour_of_day,illumination,weather,road_condition,collision_type,relation_to_road,work_zone_type,work_zone_loc,work_zone_ind,intersect_type,tcd_type,location_type,urban_rural,fatal_count,injury_count,person_count,total_units,sch_bus_ind,sch_zone_ind,latitude,longitude,arrival_tm,cons_zone_spd_lim,dispatch_tm,est_hrs_closed,lane_closed,ln_close_dir,ntfy_hiwy_maint,spec_juris_cd,tcd_func_cd,tfc_detour_ind,workers_pres,wz_close_detour,wz_flagger,wz_law_offcr_ind,objectid,wz_moving,wz_other,wz_shlder_mdn,vehicle_count,automobile_count,motorcycle_count,bus_count,small_truck_count,heavy_truck_count,suv_count,van_count,bicycle_count,maj_inj_count,mod_inj_count,min_inj_count,tot_inj_count,unk_inj_deg_count,unk_inj_per_count,driver_count_16yr,driver_count_17yr,driver_count_18yr,driver_count_19yr,driver_count_20yr,driver_count_50_64yr,driver_count_65_74yr,driver_count_75plus,unbelted_occ_count,unb_death_count,unb_maj_inj_count,belted_death_count,belted_maj_inj_count,mcycle_death_count,mcycle_maj_inj_count,bicycle_death_count,bicycle_maj_inj_count,ped_count,ped_death_count,ped_maj_inj_count,max_severity_level,comm_veh_count,dec_lat,dec_long,rdwy_surf_type_cd,county_name
 ,2119,2017019134,6,67,67301,2017,1,3,1814,18,3,1,0,4,1, , ,N,1,3,0,3,0,2,2,2,N, ,39 58:12.104,75 12:29.649,1817, ,1816, ,0, , , ,3, , , , , ,25551, , , ,2,1,0,0,0,0,1,0,0,0,0,2,2,0,0,0,0,0,0,0,2,0,0,0,0,0,0,0,0,0,0,0,0,0,0,4,0,39.97,-75.2082, ,Philadelphia
 ,2120,2017014061,6,67,67301,2017,1,1,2241,22,3,1,0,4,1, , ,N,1,2,0,3,0,0,2,2,N,N,40 07:24.747,75 00:55.270,2314, ,2308, ,0, , , ,3, , , , , ,25557, , , ,2,1,0,0,0,0,0,1,0,0,0,0,0,0,0,0,0,0,0,0,0,0,0,0,0,0,0,0,0,0,0,0,0,0,0,0,0,40.1235,-75.0154, ,Philadelphia
 ,2121,2017021644,6,67,67301,2017,2,4,1020,10,1,1,0,4,1, , ,N,2,3,0,3,0,1,3,2,N,N,39 58:13.723,75 13:32.191,1030, ,1025, ,0, ,N, ,3, , , , , ,25559, , , ,2,2,0,0,0,0,0,0,0,0,0,0,1,1,0,0,0,0,0,0,1,0,0,0,0,0,0,0,0,0,0,0,0,0,0,8,0,39.9705,-75.2256, ,Philadelphia
 ,2122,2017019100,6,67,67301,2017,1,2,2130,21,3,1,1,5,6, , ,N,0,0,0,3,0,0,1,2,N,N,39 59:47.302,75 10:27.025,2145, ,2139,1,1,4,N, ,0,N, , , , ,25566, , , ,2,1,0,0,0,0,1,0,0,0,0,0,0,0,0,0,0,0,0,0,1,0,0,0,0,0,0,0,0,0,0,0,0,0,0,0,0,39.9965,-75.1742, ,Philadelphia
 ,2123,2017007763,6,67,67301,2017,1,1,934,9,1,1,0,4,1, , ,N,2,3,0,3,0,1,2,4,N,N,40 06:52.333,75 01:47.812,950, ,944, ,0, ,N, ,3, , , , , ,25596, , , ,4,3,0,0,0,0,0,1,0,0,1,0,1,0,0,0,0,0,0,0,1,0,0,0,0,0,0,0,0,0,0,0,0,0,0,3,0,40.1145,-75.0299, ,Philadelphia
 ,2124,2017022028,6,67,67301,2017,2,7,311,3,3,1,0,7,7, , ,N,0,0,0,3,0,0,2,1,N,N,39 57:36.382,75 10:47.033,311, ,311, ,0, , , ,0, , , , , ,25597, , , ,1,1,0,0,0,0,0,0,0,0,0,0,0,0,0,0,0,0,0,0,0,0,0,0,0,0,0,0,0,0,0,0,0,0,0,0,0,39.9601,-75.1797, ,Philadelphia
 ,2125,2017109790,6,67,67301,2017,9,7,1459,14,1,1,0,4,1, , ,N,1,2,0,3,0,1,4,2,N, ,40 02:40.890,75 03:16.537,1539, ,1526, ,0, , , ,3, , , , , ,47756, , , ,2,2,0,0,0,0,0,0,0,0,0,1,1,0,0,0,0,0,0,0,0,0,0,0,0,0,0,0,0,0,0,0,0,0,0,4,0,40.0446,-75.0547, ,Philadelphia
 ,2126,2017109908,6,67,67301,2017,10,6,1124,11,1,1,0,4,1, , ,N,2,2,0,3,0,1,5,4,N, ,39 55:01.013,75 12:57.068,1130, ,1124, ,0, , , ,3, , , , , ,47757, , , ,4,2,0,0,0,0,2,0,0,0,0,0,1,1,4,0,0,0,0,0,2,0,0,0,0,0,0,0,0,0,0,0,0,0,0,8,0,39.9169,-75.2159, ,Philadelphia
 ,2127,2017078790,6,67,67301,2017,7,2,1500,15,1,1,0,8,1, , ,N,0,0,0,3,0,1,2,2,N, ,40 00:07.028,75 08:13.534,1630, ,1625, ,0, , , ,0, , , , , ,47762, , , ,1,0,0,0,0,0,1,0,0,0,1,0,1,0,0,0,0,0,0,0,0,0,0,1,0,0,0,0,0,0,0,0,1,0,0,3,0,40.002,-75.1371, ,Philadelphia
 ,2128,2017078698,6,67,67301,2017,7,7,1855,18,1,2,1,4,1, , ,N,1,2,0,3,0,3,5,3,N, ,39 56:29.271,75 10:39.934,1911, ,1910,1,2,2, , ,3,Y, , , , ,47763, , , ,3,3,0,0,0,0,0,0,0,0,0,0,3,3,0,0,0,0,0,0,0,1,0,0,0,0,0,0,0,0,0,0,0,0,0,8,0,39.9415,-75.1778, ,Philadelphia
 ,2129,2017014078,6,67,67301,2017,1,4,1911,19,3,9,1,8,1, , ,N,1,2,0,3,0,2,3,3,N,N,40 03:15.697,75 11:38.224,26, ,26, ,0, ,N, ,3, , , , , ,47769, , , ,1,1,0,0,0,0,0,0,0,1,0,1,2,0,0,0,0,0,0,0,0,0,0,1,0,0,0,0,0,0,0,0,2,0,1,2,0,40.0544,-75.194, ,Philadelphia
 ,2130,2017021588,6,67,67301,2017,2,3,1625,16,1,1,0,6,1, , ,N,1,2,0,3,0,1,2,2,N,N,40 03:31.188,75 02:39.382,1650, ,1631, ,0, ,N, ,3, , , , , ,47779, , , ,2,0,0,1,0,0,0,0,0,0,0,1,1,0,0,0,0,0,0,0,0,0,0,0,0,0,0,0,0,0,0,0,0,0,0,4,1,40.0587,-75.0443, ,Philadelphia
 ,2131,2017041197,6,67,67301,2017,3,7,1440,14,1,2,1,4,1, , ,N,1,0,0,3,0,1,1,2,N,N,40 02:03.018,75 02:54.384,1642, ,1640, ,0, ,N, ,0, , , , , ,47796, , , ,2,0,0,0,0,0,1,1,0,0,0,1,1,0,0,0,0,0,0,0,0,0,0,0,0,0,0,0,0,0,0,0,0,0,0,4,0,40.0342,-75.0484, ,Philadelphia
 ,2132,2017006874,6,67,67301,2017,1,3,913,9,1,1,0,5,1, , ,N,0,0,0,3,0,1,4,2,N,N,39 57:30.401,75 10:02.390,930, ,913, ,0, , , ,0, , , , , ,47812, , , ,2,1,0,0,0,0,0,1,0,0,0,0,1,1,0,0,0,0,0,0,0,0,0,0,0,0,0,0,0,0,0,0,0,0,0,8,0,39.9584,-75.1673, ,Philadelphia
 ,2133,2017014011,6,67,67301,2017,1,5,725,7,1,1,0,4,1, , ,N,5,2,0,3,0,2,2,2,N, ,39 55:29.385,75 10:22.358,810, ,808, ,0, , , ,3, , , , , ,47815, , , ,2,1,0,0,0,0,1,0,0,0,0,0,2,2,0,0,0,0,0,0,0,0,0,1,0,0,0,0,0,0,0,0,0,0,0,8,0,39.9248,-75.1728, ,Philadelphia
 ,2134,2017013986,6,67,67301,2017,1,6,810,8,1,1,0,1,1, , ,N,1,2,0,3,0,1,2,2,N, ,39 57:34.154,75 09:43.529,913, ,908, ,0, , , ,3, , , , , ,47817, , , ,2,0,0,0,0,0,2,0,0,0,0,1,1,0,0,0,0,0,0,0,0,0,0,0,0,0,0,0,0,0,0,0,0,0,0,4,0,39.9595,-75.162, ,Philadelphia
 ,2135,2017010652,6,67,67301,2017,1,2,1000,10,1,1,1,4,1, , ,N,1,2,0,3,0,1,2,2,N,N,40 02:00.178,75 07:52.165,1023, ,1019, ,0, ,N, ,2, , , , , ,47819, , , ,2,1,0,0,1,0,0,0,0,0,0,1,1,0,0,0,0,0,0,0,1,0,0,0,0,0,0,0,0,0,0,0,0,0,0,4,0,40.0334,-75.1312, ,Philadelphia
 ,2136,2017035636,6,67,67301,2017,3,6,2050,20,3,4,1,4,1, , ,N,0,0,0,3,0,0,3,4,N, ,39 56:14.553,75 13:44.299,2054, ,2052, ,0, , , ,0, , , , , ,47833, , , ,4,2,0,0,0,0,2,0,0,0,0,0,0,0,0,0,0,0,0,0,0,0,0,0,0,0,0,0,0,0,0,0,0,0,0,0,0,39.9374,-75.229, ,Philadelphia
 ,2137,2017068063,6,67,67301,2017,6,1,2315,23,3,1,0,1,1, , ,N,1,2,0,3,0,1,2,2,N,N,39 56:26.915,75 09:57.820,2337, ,2325, ,0, ,N, ,3, , , , , ,47863, , , ,2,1,1,0,0,0,0,0,0,0,1,0,1,0,0,0,0,0,0,0,0,0,0,1,0,0,0,0,0,0,0,0,0,0,0,3,0,39.9408,-75.1661, ,Philadelphia
 ,2138,2017067758,6,67,67301,2017,5,7,1220,12,1,1,0,1,1, , ,N,3,0,0,3,0,1,2,2,N, ,40 00:55.139,75 12:29.255,1229, ,1224, ,0, , , ,0, , , , , ,47865, , , ,1,1,0,0,0,0,0,0,1,0,0,0,1,1,0,0,0,0,0,0,0,1,0,0,0,0,0,0,0,0,0,0,0,0,0,8,0,40.0153,-75.2081, ,Philadelphia
 ,2139,2017067993,6,67,67301,2017,6,5,2245,22,3,1,0,8,1, , ,N,1,2,0,3,0,1,2,2,N,N,40 01:45.300,75 10:53.255,2312, ,2306, ,0, , , ,3, , , , , ,47867, , , ,1,0,0,0,0,0,1,0,0,0,0,1,1,0,0,0,0,0,0,0,0,1,0,0,0,0,0,0,0,0,0,0,1,0,0,4,0,40.0293,-75.1815, ,Philadelphia
 ,2140,2017107623,6,67,67301,2017,10,1,906,9,1,2,1,7,5, , ,N,0,0,0,3,0,0,1,1,N,N,39 57:37.802,75 10:53.738,915, ,910,2,1,4, , ,0,Y, , , , ,47886, , , ,1,0,0,0,0,0,1,0,0,0,0,0,0,0,0,0,0,0,0,0,1,0,0,0,0,0,0,0,0,0,0,0,0,0,0,0,0,39.9605,-75.1816, ,Philadelphia
 ,2141,2017100077,6,67,67301,2017,8,5,2358,23,3,1,0,4,1, , ,N,0,0,0,3,0,1,2,2,N,N,39 53:33.401,75 13:33.534,11, ,0,1,1,1, , ,0,N, , , , ,47889, , , ,2,2,0,0,0,0,0,0,0,0,1,0,1,0,0,0,0,0,0,0,0,0,0,0,0,0,0,0,0,0,0,0,0,0,0,3,0,39.8926,-75.226, ,Philadelphia
 ,2142,2017086226,6,67,67301,2017,7,6,1846,18,1,1,0,4,1, , ,N,2,0,0,3,0,0,2,2,N,N,40 01:45.317,75 04:48.936,1956, ,1951, ,0, ,N, ,0, , , , , ,47895, , , ,2,1,0,0,1,0,0,0,0,0,0,0,0,0,1,0,0,0,0,0,0,0,0,0,0,0,0,0,0,0,0,0,0,0,0,9,0,40.0293,-75.0803, ,Philadelphia
 ,2143,2017115961,6,67,67301,2017,10,3,2236,22,3,1,0,5,1, , ,N,0,0,0,3,0,1,2,2,N,N,39 57:32.184,75 09:35.853,2359, ,2353, ,0, ,N, ,0, , , , , ,47900, , , ,1,0,0,0,0,0,0,0,1,0,0,0,1,1,0,0,0,0,0,0,0,0,0,0,0,0,0,0,0,0,0,0,0,0,0,8,0,39.9589,-75.16, ,Philadelphia
 ,2144,2017008532,6,67,67301,2017,1,4,557,5,5,1,1,7,4, , ,N,6,0,0,3,0,0,1,1,N,N,40 02:45.348,75 00:06.533,607, ,557, ,0, , , ,0, , , , , ,47909, , , ,1,1,0,0,0,0,0,0,0,0,0,0,0,0,0,0,0,0,0,0,0,0,0,0,0,0,0,0,0,0,0,0,0,0,0,0,0,40.0459,-75.0018, ,Philadelphia
 ,2145,2017093613,6,67,67301,2017,8,5,555,5,3,1,0,4,1, , ,N,1,2,0,3,0,1,2,2,N,N,40 01:23.700,75 04:36.637,555, ,555,2,1,2,N, ,3,N, , , , ,47940, , , ,2,1,0,0,0,0,1,0,0,0,1,0,1,0,0,0,0,0,0,0,0,0,0,1,0,0,0,0,0,0,0,0,0,0,0,3,0,40.0233,-75.0768, ,Philadelphia
 ,2146,2017108191,6,67,67301,2017,10,2,1554,15,1,1,0,1,1, , ,N,0,0,0,3,0,2,2,2,N,N,39 56:45.082,75 08:32.172,1620, ,1558,2,2,1, , ,0,Y, , , , ,47945, , , ,2,1,0,0,0,0,1,0,0,0,0,0,2,2,0,0,0,0,0,0,0,0,0,0,0,0,0,0,0,0,0,0,0,0,0,8,0,39.9459,-75.1423, ,Philadelphia
 ,2147,2017093556,6,67,67301,2017,8,1,1930,19,3,1,0,4,1, , ,N,1,3,0,3,0,0,3,2,N,N,39 56:30.922,75 12:49.989,1953, ,1933, ,0, ,N, ,3, , , , , ,47949, , , ,2,2,0,0,0,0,0,0,0,0,0,0,0,0,0,0,0,0,0,0,0,0,0,0,0,0,0,0,0,0,0,0,0,0,0,0,0,39.9419,-75.2139, ,Philadelphia
 ,2148,2017091763,6,67,67301,2017,8,2,1400,14,1,1,0,5,1, , ,N,1,2,0,3,0,1,2,2,N,N,39 57:41.312,75 08:59.259,1405, ,1400, ,0, ,N, ,3, , , , , ,47950, , , ,1,1,0,0,0,0,0,0,1,0,1,0,1,0,0,0,0,0,0,0,0,0,0,1,0,0,0,0,0,0,0,0,0,0,0,3,0,39.9614,-75.1498, ,Philadelphia
 ,2149,2017088763,6,67,67301,2017,8,6,1925,19,4,1,0,4,1, , ,N,1,2,0,3,0,1,2,2,N,N,39 59:49.937,75 10:02.024,1925, ,1925, ,0, ,N, ,3, , , , , ,47951, , , ,2,1,0,0,0,0,1,0,0,0,0,1,1,0,0,0,0,0,0,0,0,0,0,0,0,0,0,0,0,0,0,0,0,0,0,4,0,39.9972,-75.1672, ,Philadelphia
 ,2150,2017067730,6,67,67301,2017,5,5,820,8,1,2,1,8,1, , ,N,1,2,0,3,0,1,3,2,N, ,40 03:33.971,75 05:09.267,830, ,827, ,0, ,N, ,3, , , , , ,47957, , , ,1,0,0,0,0,0,1,0,0,0,0,1,1,0,0,0,0,0,0,0,0,0,0,1,0,0,0,0,0,0,0,0,1,0,0,4,0,40.0594,-75.0859, ,Philadelphia
 ,2151,2017073325,6,67,67301,2017,4,6,800,8,1,1,0,4,1, , ,N,1,3,0,3,0,1,2,2,N,N,40 01:43.940,75 03:20.275,0, ,0, ,0, ,N, ,3, , , , , ,47958, , , ,2,1,0,0,0,0,0,1,0,0,0,0,1,1,0,0,0,0,0,0,0,0,0,0,0,0,0,0,0,0,0,0,0,0,0,8,0,40.0289,-75.0556, ,Philadelphia
 ,2152,2017010576,6,67,67301,2017,1,2,1200,12,1,1,6,6,1, , ,N,0,0,0,3,0,3,3,2,N,N,39 59:27.909,75 11:46.462,1215, ,1210,2,2,5,N, ,0,N, , , , ,47963, , , ,2,2,0,0,0,0,0,0,0,0,0,0,3,3,0,0,0,0,0,0,0,0,0,0,0,0,0,0,0,0,0,0,0,0,0,8,0,39.9911,-75.1962, ,Philadelphia
 ,2153,2017019685,6,67,67301,2017,2,7,847,8,1,1,0,1,1, , ,N,0,0,3,3,0,3,3,3,N,N,39 53:28.281,75 11:57.427,902, ,850,2,1,2, , ,0,Y, , , , ,47964, , , ,3,0,0,0,2,0,0,1,0,1,0,0,3,2,0,0,0,0,0,0,0,0,1,1,0,1,0,0,0,0,0,0,0,0,0,2,0,39.8912,-75.1993, ,Philadelphia
 ,2154,2017035732,6,67,67301,2017,3,7,1156,11,1,1,0,1,1, , ,N,0,0,0,3,0,2,7,4,N, ,39 59:14.330,75 09:21.740,1205, ,1200, ,0, , , ,0, , , , , ,48011, , , ,4,1,0,0,0,0,2,1,0,0,0,2,2,0,0,0,1,0,0,0,1,0,0,0,0,0,0,0,0,0,0,0,0,0,0,4,0,39.9873,-75.156, ,Philadelphia
 ,2155,2017037522,6,67,67301,2017,3,6,1756,17,1,1,0,4,1, , ,N,0,0,0,3,0,1,2,2,N, ,40 04:46.928,75 01:36.210,1836, ,1828, ,0, , , ,0, , , , , ,48019, , , ,2,0,0,0,1,0,0,1,0,0,0,1,1,0,0,0,0,0,0,0,0,0,0,0,0,0,0,0,0,0,0,0,0,0,0,4,0,40.0797,-75.0267, ,Philadelphia
 ,2156,2017033569,6,67,67301,2017,2,2,1430,14,1,1,0,8,1, , ,N,1,2,0,3,0,1,2,2,N,N,39 57:10.730,75 10:06.316,1440, ,1440, ,0, , , ,3, , , , , ,48025, , , ,1,0,0,0,0,0,1,0,0,0,0,0,1,1,0,0,0,0,0,0,1,0,0,0,0,0,0,0,0,0,0,0,1,0,0,8,0,39.953,-75.1685, ,Philadelphia
 ,2157,2017041378,6,67,67301,2017,4,3,1747,17,1,1,0,8,1, , ,N,1,3,0,3,0,1,2,2,N,N,40 01:53.328,75 08:27.110,1805, ,1747, ,0, ,N, ,3, , , , , ,48027, , , ,1,1,0,0,0,0,0,0,0,0,0,1,1,0,0,0,0,0,0,0,0,0,0,0,0,0,0,0,0,0,0,0,1,0,0,4,0,40.0315,-75.1409, ,Philadelphia
 ,2158,2017052465,6,67,67301,2017,4,7,135,1,3,1,0,4,1, , ,N,1,2,0,3,0,2,4,2,N,N,40 01:25.774,75 05:32.910,147, ,142, ,0, ,N, ,3, , , , , ,48033, , , ,2,2,0,0,0,0,0,0,0,1,0,0,2,1,0,0,0,0,0,0,0,0,0,0,0,0,0,1,0,0,0,0,0,0,0,2,0,40.0238,-75.0925, ,Philadelphia
 ,2159,2017052074,6,67,67301,2017,4,5,1448,14,1,1,0,8,1, , ,N,0,0,0,3,0,1,2,2,N,N,40 01:21.767,75 04:39.775,1449, ,1448, ,0, ,N, ,0, , , , , ,48035, , , ,1,0,0,0,0,0,1,0,0,1,0,0,1,0,0,0,0,0,0,0,0,0,0,1,0,0,0,0,0,0,0,0,1,0,1,2,0,40.0227,-75.0777, ,Philadelphia
 ,2160,2017076324,6,67,67301,2017,6,1,1430,14,1,1,0,8,1, , ,N,1,2,0,3,0,1,2,2,N, ,39 55:20.474,75 11:12.947,1500, ,9999, ,0, ,N, ,3, , , , , ,48047, , , ,1,0,0,0,0,0,1,0,0,0,0,0,1,1,0,0,0,0,0,0,0,0,0,1,0,0,0,0,0,0,0,0,1,0,0,8,0,39.9224,-75.1868, ,Philadelphia
 ,2161,2017021551,6,67,67301,2017,2,5,2020,20,3,8,5,7,2, , ,N,0,0,0,3,0,0,1,1,N,N,40 06:36.240,74 59:39.579,2045, ,2028,9,2,2,N, ,0,N, , , , ,41086, , , ,1,1,0,0,0,0,0,0,0,0,0,0,0,0,0,0,0,0,0,0,0,0,0,0,0,0,0,0,0,0,0,0,0,0,0,0,0,40.1101,-74.9943, ,Philadelphia
 ,2162,2017035600,6,67,67301,2017,3,1,1827,18,3,1,0,6,6, , ,N,0,0,0,3,0,1,1,2,N,N,40 01:40.074,75 09:41.369,1902, ,1900, ,0, ,N, ,0, , , , , ,41090, , , ,2,2,0,0,0,0,0,0,0,0,0,0,1,1,0,0,0,0,0,0,0,0,0,0,0,0,0,0,0,0,0,0,0,0,0,8,0,40.0278,-75.1615, ,Philadelphia
 ,2163,2017010667,6,67,67301,2017,1,3,512,5,3,4,6,7,4, , ,N,1,2,0,3,0,1,1,1,N,N,39 59:16.284,75 09:20.883,520, ,519, ,0, ,N, ,3, , , , , ,41122, , , ,1,0,0,0,0,0,1,0,0,0,0,1,1,0,0,0,0,0,0,1,0,0,0,0,0,0,0,0,0,0,0,0,0,0,0,4,0,39.9879,-75.1558, ,Philadelphia
 ,2164,2017033125,6,67,67301,2017,3,5,27,0,3,1,0,4,1, , ,N,0,0,7,3,0,1,5,2,N, ,39 57:22.906,75 08:19.554,27, ,27, ,0, , , ,0, , , , , ,41129, , , ,2,2,0,0,0,0,0,0,0,0,0,1,1,0,0,0,0,0,0,0,1,0,0,0,0,0,0,0,0,0,0,0,0,0,0,4,0,39.9564,-75.1388, ,Philadelphia
 ,2165,2017019092,6,67,67301,2017,1,7,44,0,3,1,0,2,1, , ,N,0,0,0,3,0,3,3,2,N, ,39 56:39.122,75 11:50.999,50, ,44, ,0, , , ,0, , , , , ,41132, , , ,2,1,0,0,0,0,1,0,0,1,1,1,3,0,0,0,0,0,0,0,1,0,0,1,0,0,0,0,0,0,0,0,0,0,0,2,0,39.9442,-75.1975, ,Philadelphia
 ,2166,2017031120,6,67,67301,2017,3,3,509,5,3,4,4,7,4, , ,N,0,0,0,3,0,0,1,1,N,N,39 56:47.581,75 08:32.612,518, ,518,1,1,1, , ,0,N, , , , ,41147, , , ,1,1,0,0,0,0,0,0,0,0,0,0,0,0,0,0,0,0,0,0,1,0,0,0,0,0,0,0,0,0,0,0,0,0,0,0,0,39.9466,-75.1424, ,Philadelphia
 ,2167,2017041293,6,67,67301,2017,4,4,1715,17,1,1,0,4,1, , ,N,1,2,0,3,0,0,2,2,N,N,39 58:50.286,75 14:47.672,1732, ,1732, ,0, ,N, ,3, , , , , ,41148, , , ,2,0,0,0,0,0,2,0,0,0,0,0,0,0,0,0,0,0,0,0,1,1,0,0,0,0,0,0,0,0,0,0,0,0,0,0,0,39.9806,-75.2465, ,Philadelphia
 ,2168,2017052121,6,67,67301,2017,4,2,1355,13,1,1,0,4,1, , ,N,1,2,0,3,0,1,3,2,N,N,40 06:06.598,75 01:39.000,1405, ,1400,2,2,2,N, ,3,Y, , , , ,41151, , , ,2,2,0,0,0,0,0,0,0,0,1,0,1,0,0,0,0,0,0,0,1,0,0,0,0,0,0,0,0,0,0,0,0,0,0,3,0,40.1018,-75.0275, ,Philadelphia
 ,2169,2017052257,6,67,67301,2017,4,3,1008,10,1,2,1,4,1, , ,N,1,3,0,3,0,1,2,2,N, ,40 03:31.504,75 03:02.099,1016, ,1008,9,1,1, , ,3,N, , , , ,41152, , , ,2,0,0,0,1,0,0,1,0,0,0,1,1,0,0,0,0,0,0,0,2,0,0,0,0,0,0,0,0,0,0,0,0,0,0,4,0,40.0588,-75.0506, ,Philadelphia
 ,2170,2017013963,6,67,67301,2017,1,3,1425,14,1,2,1,4,1, , ,N,0,0,7,3,0,0,2,2,N,N,40 01:56.604,75 10:42.056,1430, ,1425,1,1,3,N, ,0,N, , , , ,41166, , , ,2,0,0,0,0,1,1,0,0,0,0,0,0,0,1,0,0,0,0,0,0,1,0,0,0,0,0,0,0,0,0,0,0,0,0,9,0,40.0324,-75.1783, ,Philadelphia
 ,2171,2017052368,6,67,67301,2017,5,2,1110,11,1,1,0,4,1, , ,N,1,2,0,3,0,1,2,2,N, ,39 57:18.170,75 09:09.818,1118, ,1115, ,0, , , ,3, , , , , ,41194, , , ,1,0,0,0,1,0,0,0,1,0,1,0,1,0,0,0,0,0,0,0,0,0,0,0,0,0,0,0,0,0,0,0,0,0,0,3,0,39.955,-75.1527, ,Philadelphia
 ,2172,2017025259,6,67,67301,2017,3,6,1419,14,1,1,0,4,1, , ,N,0,0,0,3,0,1,2,2,N,N,39 55:31.763,75 08:49.675,1444, ,1420, ,0, , , ,0, , , , , ,41219, , , ,2,2,0,0,0,0,0,0,0,0,1,0,1,0,0,0,0,0,0,0,0,0,1,0,0,0,0,0,0,0,0,0,0,0,0,3,0,39.9255,-75.1471, ,Philadelphia
 ,2173,2017013905,6,67,67301,2017,1,5,1615,16,1,1,0,1,1, , ,N,1,2,0,3,0,3,3,2,N,N,39 55:00.725,75 10:19.702,1625, ,1622, ,0, ,N, ,3, , , , , ,41220, , , ,2,0,0,0,0,0,2,0,0,0,0,0,3,3,0,0,0,0,0,0,2,0,0,0,0,0,0,0,0,0,0,0,0,0,0,8,0,39.9169,-75.1721, ,Philadelphia
 ,2174,2017014031,6,67,67301,2017,1,4,640,6,5,2,1,8,1, , ,N,1,2,0,3,0,1,2,2,N,N,40 00:55.051,75 08:13.761,745, ,745, ,0, ,N, ,3, , , , , ,41222, , , ,1,1,0,0,0,0,0,0,0,0,0,1,1,0,0,0,0,0,0,0,1,0,0,0,0,0,0,0,0,0,0,0,1,0,0,4,0,40.0153,-75.1372, ,Philadelphia
 ,2175,2017037502,6,67,67301,2017,3,3,1150,11,1,1,0,4,1, , ,N,1,2,0,3,0,1,2,2,N,N,39 58:30.691,75 07:16.051,1201, ,1157, ,0, ,N, ,3, , , , , ,41226, , , ,2,0,0,0,0,0,2,0,0,0,0,0,1,1,0,0,0,0,0,0,1,0,0,0,0,0,0,0,0,0,0,0,0,0,0,8,0,39.9751,-75.1212, ,Philadelphia
 ,2176,2017052391,6,67,67301,2017,4,4,1754,17,1,1,0,4,1, , ,N,1,3,0,3,0,0,3,2,N, ,40 02:34.274,75 09:12.639,1759, ,1759, ,0, , , ,3, , , , , ,41246, , , ,2,1,0,0,0,0,1,0,0,0,0,0,0,0,0,0,0,0,0,0,2,0,0,0,0,0,0,0,0,0,0,0,0,0,0,0,0,40.0429,-75.1535, ,Philadelphia
 ,2177,2017019117,6,67,67301,2017,1,5,1440,14,1,1,0,8,1, , ,N,1,2,0,3,0,1,2,2,N, ,39 57:20.586,75 09:58.253,1506, ,1503,1,1,1, , ,3,N, , , , ,41264, , , ,1,1,0,0,0,0,0,0,0,0,0,0,1,1,0,0,0,0,0,0,0,0,0,1,0,0,0,0,0,0,0,0,1,0,0,8,0,39.9557,-75.1662, ,Philadelphia
 ,2178,2017021989,6,67,67301,2017,2,6,2056,20,6,1,0,5,1, , ,N,0,0,0,3,0,0,2,2,N,N,39 55:03.176,75 14:45.183,2058, ,2056, ,0, , , ,0, , , , , ,41286, , , ,2,2,0,0,0,0,0,0,0,0,0,0,0,0,1,0,0,1,0,0,0,0,0,1,0,0,0,0,0,0,0,0,0,0,0,9,0,39.9175,-75.2459, ,Philadelphia
 ,2179,2017120664,6,67,67301,2017,10,1,1723,17,1,1,0,7,4, , ,N,0,0,0,3,0,0,1,1,N,N,39 57:15.576,75 13:42.368,1725, ,1723, ,0, ,N, ,0, , , , , ,44671, , , ,1,1,0,0,0,0,0,0,0,0,0,0,0,0,0,0,0,0,0,0,0,0,0,1,0,0,0,0,0,0,0,0,0,0,0,0,0,39.9543,-75.2284, ,Philadelphia
 ,2180,2017109810,6,67,67301,2017,9,4,1128,11,1,1,0,3,1, , ,N,0,0,7,3,0,1,2,2,N,N,39 55:10.200,75 13:28.200,1133, ,1128, ,0, , , ,0, , , , , ,44676, , , ,2,2,0,0,0,0,0,0,0,0,0,1,1,0,0,0,0,0,0,0,1,0,0,0,0,0,0,0,0,0,0,0,0,0,0,4,0,39.9195,-75.2245, ,Philadelphia
 ,2181,2017097947,6,67,67301,2017,9,3,9999,99,1,1,0,5,6, , ,N,0,0,0,3,0,0,1,3,N, ,39 59:07.501,75 06:13.203,9999, ,9999,4,1,4, , ,0,N, , , , ,44677, , , ,3,1,0,0,1,0,1,0,0,0,0,0,0,0,0,0,0,0,0,0,0,0,0,0,0,0,0,0,0,0,0,0,0,0,0,0,0,39.9854,-75.1037, ,Philadelphia
 ,2182,2017019073,6,67,67301,2017,1,1,20,0,3,1,0,4,1, , ,N,0,0,7,3,0,0,2,4,N,N,39 58:35.284,75 08:54.884,37, ,35, ,0, ,N, ,0, , , , , ,44695, , , ,4,4,0,0,0,0,0,0,0,0,0,0,0,0,1,0,0,0,0,0,0,0,0,0,0,0,0,0,0,0,0,0,0,0,0,9,0,39.9765,-75.1486, ,Philadelphia
 ,2183,2017060540,6,67,67301,2017,5,7,9999,99,3,2,1,1,1, , ,N,1,2,0,3,0,1,3,2,N,N,39 58:30.584,75 11:17.385,121, ,120, ,0, ,N, ,3, , , , , ,44718, , , ,2,2,0,0,0,0,0,0,0,0,0,1,1,0,1,0,0,0,0,0,0,0,0,2,0,0,0,0,0,0,0,0,0,0,0,4,0,39.9752,-75.1882, ,Philadelphia