wz_ln_closure,objectid_1,crn,district,county,municipality,crash_year,crash_month,day_of_week,time_of_day,hour_of_day,illumination,weather,road_condition,collision_type,relation_to_road,work_zone_type,work_zone_loc,work_zone_ind,intersect_type,tcd_type,location_type,urban_rural,fatal_count,injury_count,person_count,total_units,sch_bus_ind,sch_zone_ind,latitude,longitude,arrival_tm,cons_zone_spd_lim,dispatch_tm,est_hrs_closed,lane_closed,ln_close_dir,ntfy_hiwy_maint,spec_juris_cd,tcd_func_cd,tfc_detour_ind,workers_pres,wz_close_detour,wz_flagger,wz_law_offcr_ind,objectid,wz_moving,wz_other,wz_shlder_mdn,vehicle_count,automobile_count,motorcycle_count,bus_count,small_truck_count,heavy_truck_count,suv_count,van_count,bicycle_count,maj_inj_count,mod_inj_count,min_inj_count,tot_inj_count,unk_inj_deg_count,unk_inj_per_count,driver_count_16yr,driver_count_17yr,driver_count_18yr,driver_count_19yr,driver_count_20yr,driver_count_50_64yr,driver_count_65_74yr,driver_count_75plus,unbelted_occ_count,unb_death_count,unb_maj_inj_count,belted_death_count,belted_maj_inj_count,mcycle_death_count,mcycle_maj_inj_count,bicycle_death_count,bicycle_maj_inj_count,ped_count,ped_death_count,ped_maj_inj_count,max_severity_level,comm_veh_count,dec_lat,dec_long,rdwy_surf_type_cd,county_name
 ,2184,2017059804,6,67,67301,2017,6,2,300,3,3,1,0,4,1, , ,N,1,2,0,3,0,1,2,2,N,N,40 00:16.936,75 09:08.069,310, ,307,1,1,2,N, ,3,Y, , , , ,44729, , , ,2,2,0,0,0,0,0,0,0,0,0,0,1,1,0,0,0,0,0,0,0,0,0,0,0,0,0,0,0,0,0,0,0,0,0,8,0,40.0047,-75.1521, ,Philadelphia
 ,2185,2017010660,6,67,67301,2017,1,6,850,8,1,4,6,4,1, , ,N,0,0,0,3,0,1,2,2,N,N,40 01:24.230,75 08:20.530,910, ,900, ,0, ,N, ,0, , , , , ,44735, , , ,2,2,0,0,0,0,0,0,0,0,0,1,1,0,0,0,0,0,0,0,0,0,0,0,0,0,0,0,0,0,0,0,0,0,0,4,0,40.0234,-75.139, ,Philadelphia
 ,2186,2017007750,6,67,67301,2017,1,3,1751,17,3,2,1,4,2, , ,N,0,2,0,3,0,1,6,5,N,N,40 00:55.568,75 08:59.231,9999, ,9999, ,0, ,N, ,3, , , , , ,44746, , , ,5,4,0,0,0,0,1,0,0,0,0,0,1,1,0,0,0,0,0,0,0,0,0,0,0,0,0,0,0,0,0,0,0,0,0,8,0,40.0154,-75.1498, ,Philadelphia
 ,2187,2017019016,6,67,67301,2017,2,6,2115,21,3,1,0,7,5, , ,N,1,3,0,3,0,2,2,2,N,N,40 01:37.380,75 02:38.781,2116, ,2116, ,0, ,N, ,3, , , , , ,44758, , , ,1,0,0,0,0,0,1,0,0,0,0,0,2,2,0,0,0,0,0,0,0,0,0,0,0,0,0,0,0,0,0,0,0,0,0,8,0,40.0271,-75.0441, ,Philadelphia
 ,2188,2017043861,6,67,67301,2017,4,2,936,9,1,1,0,4,1, , ,N,1,2,0,3,0,0,2,2,N,N,40 03:43.175,75 05:00.400,946, ,936, ,0, ,N, ,3, , , , , ,44759, , , ,2,0,0,0,1,0,0,1,0,0,0,0,0,0,0,0,0,0,0,0,0,0,0,0,0,0,0,0,0,0,0,0,0,0,0,0,0,40.062,-75.0834, ,Philadelphia
 ,2189,2017033582,6,67,67301,2017,3,4,110,1,3,2,1,4,1, , ,N,1,2,0,3,0,0,2,2,N,N,39 57:13.845,75 13:12.349,117, ,114, ,0, ,N, ,3, , , , , ,44761, , , ,2,1,0,0,0,0,1,0,0,0,0,0,0,0,1,0,0,0,0,0,0,0,0,1,0,0,0,0,0,0,0,0,0,0,0,9,0,39.9538,-75.2201, ,Philadelphia
 ,2190,2017052178,6,67,67301,2017,4,2,30,0,3,1,0,1,6, , ,N,0,0,0,3,0,0,1,3,N, ,40 00:17.917,75 11:14.863,145, ,138, ,0, , , ,0, , , , , ,44775, , , ,3,3,0,0,0,0,0,0,0,0,0,0,0,0,0,0,0,0,0,0,0,0,0,0,0,0,0,0,0,0,0,0,0,0,0,0,0,40.005,-75.1875, ,Philadelphia
 ,2191,2017076322,6,67,67301,2017,6,7,314,3,2,1,0,7,4, , ,N,0,0,0,3,0,0,3,1,N,N,40 01:35.201,75 05:43.702,318, ,314,9,1,2,N, ,0,N, , , , ,44792, , , ,1,1,0,0,0,0,0,0,0,0,0,0,0,0,0,0,0,0,0,0,0,0,0,0,0,0,0,0,0,0,0,0,0,0,0,0,0,40.0264,-75.0955, ,Philadelphia
 ,2192,2017078896,6,67,67301,2017,6,3,754,7,1,1,0,4,1, , ,N,1,2,0,3,0,0,3,2,N,N,40 01:57.099,75 11:23.212,815, ,810, ,0, ,N, ,3, , , , , ,44797, , , ,2,1,0,0,1,0,0,0,0,0,0,0,0,0,0,0,0,0,0,0,1,0,0,0,0,0,0,0,0,0,0,0,0,0,0,0,0,40.0325,-75.1898, ,Philadelphia
 ,2193,2017076203,6,67,67301,2017,6,3,1003,10,1,1,0,4,1, , ,N,1,2,0,3,0,3,5,2,N,N,39 57:23.890,75 09:57.538,1015, ,1003, ,0, ,N, ,3, , , , , ,44811, , , ,2,0,0,1,0,0,0,1,0,0,0,2,3,1,0,0,0,0,0,0,1,0,0,1,0,0,0,0,0,0,0,0,0,0,0,4,1,39.9566,-75.166, ,Philadelphia
 ,2194,2017123745,6,67,67301,2017,10,2,1317,13,8,2,1,1,1, , ,N,0,0,0,3,0,0,2,2,N,N,39 53:49.054,75 11:21.547,1330, ,1328, ,0, , , ,0, , , , , ,44812, , , ,2,1,0,0,0,0,1,0,0,0,0,0,0,0,0,0,0,0,0,0,0,1,0,0,0,0,0,0,0,0,0,0,0,0,0,0,0,39.897,-75.1893, ,Philadelphia
 ,2195,2017094484,6,67,67301,2017,8,7,1144,11,1,1,0,7,4, , ,N,7,0,2,3,0,0,1,1,N,N,39 57:36.086,75 10:47.722,1152, ,1145,2,1,3, , ,0,N, , , , ,44813, , , ,1,0,0,0,0,0,1,0,0,0,0,0,0,0,0,0,0,0,0,0,1,0,0,0,0,0,0,0,0,0,0,0,0,0,0,0,0,39.96,-75.1799, ,Philadelphia
 ,2196,2017097053,6,67,67301,2017,9,4,842,8,1,2,1,1,1, , ,N,0,0,0,3,0,1,2,2,N,N,39 55:30.581,75 11:35.978,918, ,853, ,0, , , ,0, , , , , ,44819, , , ,2,0,0,0,0,0,2,0,0,0,1,0,1,0,0,0,0,0,0,0,1,0,0,0,0,0,0,0,0,0,0,0,0,0,0,3,0,39.9252,-75.1933, ,Philadelphia
 ,2197,2017060594,6,67,67301,2017,5,5,1700,17,1,1,0,5,6, , ,N,0,0,0,3,0,0,1,2,N, ,40 00:02.500,75 08:00.200,1715, ,1710, ,0, , , ,0, , , , , ,48051, , , ,2,2,0,0,0,0,0,0,0,0,0,0,0,0,0,0,0,0,0,0,0,0,0,1,0,0,0,0,0,0,0,0,0,0,0,0,0,40.0007,-75.1334, ,Philadelphia
 ,2198,2017007376,6,67,67301,2017,1,3,1710,17,3,1,0,1,1, , ,N,0,0,0,3,0,1,5,3,N,N,39 57:33.390,75 10:22.859,1731, ,1710, ,0, , , ,0, , , , , ,48067, , , ,3,0,0,0,0,0,3,0,0,0,0,1,1,0,1,0,0,0,0,0,1,0,0,0,0,0,0,0,0,0,0,0,0,0,0,4,0,39.9593,-75.173, ,Philadelphia
 ,2199,2017052439,6,67,67301,2017,4,5,1100,11,1,1,0,8,1, , ,N,2,3,0,3,0,1,2,2,N,N,40 02:49.956,75 08:26.467,1115, ,1112, ,0, ,N, ,3, , , , , ,48084, , , ,1,1,0,0,0,0,0,0,0,0,0,1,1,0,1,0,0,0,0,0,0,0,0,0,0,0,0,0,0,0,0,0,1,0,0,4,0,40.0472,-75.1406, ,Philadelphia
 ,2200,2017067809,6,67,67301,2017,5,2,1950,19,1,1,0,4,1, , ,N,2,2,0,3,0,1,4,2,N,N,39 57:23.622,75 09:04.685,2000, ,1955, ,0, , , ,3, , , , , ,48092, , , ,2,1,0,0,0,0,1,0,0,0,0,1,1,0,0,0,0,0,0,1,1,0,0,0,0,0,0,0,0,0,0,0,0,0,0,4,0,39.9566,-75.1513, ,Philadelphia
 ,2201,2017066185,6,67,67301,2017,6,4,1005,10,1,1,0,3,6, , ,N,0,0,0,3,0,1,4,2,N,N,39 57:27.594,75 12:21.289,1007, ,1006, ,0, ,N, ,0, , , , , ,48121, , , ,2,2,0,0,0,0,0,0,0,0,1,0,1,0,1,0,0,0,0,0,0,0,0,1,0,0,0,0,0,0,0,0,0,0,0,3,0,39.9577,-75.2059, ,Philadelphia
 ,2202,2017116137,6,67,67301,2017,10,3,2130,21,3,1,0,8,1, , ,N,0,0,0,3,0,1,2,2,N, ,40 00:06.336,75 07:03.188,42, ,38, ,0, , , ,0, , , , , ,48122, , , ,1,1,0,0,0,0,0,0,0,0,0,1,1,0,0,0,0,0,0,0,0,0,0,0,0,0,0,0,0,0,0,0,1,0,0,4,0,40.0018,-75.1176, ,Philadelphia
 ,2203,2017093557,6,67,67301,2017,8,7,1055,10,1,1,0,6,1, , ,N,0,0,1,3,0,1,5,2,N, ,39 53:56.342,75 14:18.828,1110, ,1104,4,2,6, , ,0,N, , , , ,48123, , , ,2,0,0,0,0,1,0,1,0,0,0,0,1,1,0,0,0,0,0,0,0,0,0,1,0,0,0,0,0,0,0,0,0,0,0,8,1,39.899,-75.2386, ,Philadelphia
 ,2204,2017116155,6,67,67301,2017,10,3,1940,19,3,2,0,4,1, , ,N,1,0,0,3,0,1,4,2,N,N,40 04:02.316,75 00:31.866,1949, ,1944,3,2,5,N, ,0,Y, , , , ,48124, , , ,2,2,0,0,0,0,0,0,0,1,0,0,1,0,0,0,0,0,0,0,0,0,0,0,0,0,0,1,0,0,0,0,0,0,0,2,0,40.0673,-75.0089, ,Philadelphia
 ,2205,2017086262,6,67,67301,2017,7,2,1745,17,1,1,0,1,1, , ,N,0,2,0,3,0,0,2,2,N, ,39 55:17.800,75 11:37.600,1800, ,1753, ,0, , , ,3, , , , , ,48134, , , ,2,1,0,0,0,0,1,0,0,0,0,0,0,0,0,0,0,0,0,0,0,0,0,0,0,0,0,0,0,0,0,0,0,0,0,0,0,39.9216,-75.1938, ,Philadelphia
 ,2206,2017105971,6,67,67301,2017,9,3,2047,20,3,2,1,4,1, , ,N,5,2,0,3,0,3,4,2,N,N,40 02:12.142,75 02:27.052,2049, ,2049, ,0, ,N, ,3, , , , , ,48141, , , ,2,2,0,0,0,0,0,0,0,0,0,3,3,0,0,0,0,0,0,0,1,0,0,1,0,0,0,0,0,0,0,0,0,0,0,4,0,40.0368,-75.0407, ,Philadelphia
 ,2207,2017035831,6,67,67301,2017,3,2,1545,15,1,1,0,5,1, , ,N,0,0,0,3,0,0,2,2,N, ,40 02:04.951,75 11:02.476,1615, ,1610, ,0, , , ,0, , , , , ,48174, , , ,2,1,0,0,0,0,1,0,0,0,0,0,0,0,0,0,0,0,0,0,2,0,0,0,0,0,0,0,0,0,0,0,0,0,0,0,0,40.0347,-75.184, ,Philadelphia
 ,2208,2017043868,6,67,67301,2017,4,2,1100,11,1,1,0,1,1, , ,N,3,2,0,3,0,1,3,2,N,N,39 58:02.906,75 10:51.624,1115, ,1115,1,1,4,N, ,3,Y, , , , ,48175, , , ,2,2,0,0,0,0,0,0,0,0,0,0,1,1,0,0,0,0,0,0,1,0,0,2,0,0,0,0,0,0,0,0,0,0,0,8,0,39.9675,-75.181, ,Philadelphia
 ,2209,2017058246,6,67,67301,2017,5,1,1820,18,1,1,0,8,1, , ,N,0,0,0,3,0,1,2,2,N,N,39 57:57.075,75 14:14.012,1830, ,1825, ,0, ,N, ,0, , , , , ,48191, , , ,1,1,0,0,0,0,0,0,0,0,0,0,1,1,0,0,0,0,0,0,1,0,0,1,0,0,0,0,0,0,0,0,1,0,0,8,0,39.9659,-75.2372, ,Philadelphia
 ,2210,2017060692,6,67,67301,2017,5,3,1610,16,1,1,0,4,1, , ,N,0,0,0,3,0,1,2,2,N,N,40 06:51.000,75 01:42.200,1817, ,1817, ,0, ,N, ,0, , , , , ,48201, , , ,1,0,0,0,0,0,1,0,1,0,0,0,1,1,0,0,0,0,0,0,0,0,0,0,0,0,0,0,0,0,0,0,0,0,0,8,0,40.1142,-75.0284, ,Philadelphia
 ,2211,2017019008,6,67,67301,2017,1,5,702,7,1,2,1,8,1, , ,N,2,3,0,3,0,1,2,2,N,N,40 01:55.624,75 08:00.542,740, ,727, ,0, ,N, ,3, , , , , ,48207, , , ,1,0,0,0,0,0,1,0,0,1,0,0,1,0,0,0,0,0,0,0,0,0,0,0,0,0,0,0,0,0,0,0,1,0,1,2,0,40.0321,-75.1335, ,Philadelphia
 ,2212,2017035608,6,67,67301,2017,3,3,2200,22,3,1,0,5,1, , ,N,1,2,0,3,0,1,2,4,N,N,40 01:05.271,75 08:04.192,2331, ,2324, ,0, ,N, ,3, , , , , ,48219, , , ,4,0,0,0,1,0,3,0,0,0,0,0,1,1,0,0,0,0,0,1,1,0,0,2,0,0,0,0,0,0,0,0,0,0,0,8,0,40.0181,-75.1345, ,Philadelphia
 ,2213,2017035783,6,67,67301,2017,3,2,1138,11,1,1,0,1,1, , ,N,0,2,0,3,0,1,3,3,N, ,40 02:49.691,75 00:52.027,1235, ,1230, ,0, , , ,3, , , , , ,48221, , , ,3,1,0,0,1,0,1,0,0,0,0,0,1,1,0,0,0,0,0,0,0,1,0,0,0,0,0,0,0,0,0,0,0,0,0,8,0,40.0471,-75.0145, ,Philadelphia
 ,2214,2017043867,6,67,67301,2017,4,2,750,7,1,1,0,1,1, , ,N,3,2,0,3,0,1,4,2,N,N,39 57:11.359,75 09:54.424,800, ,756, ,0, , , ,3, , , , , ,48226, , , ,1,0,0,0,0,0,1,0,1,0,1,0,1,0,0,0,0,0,0,0,0,0,0,0,0,0,0,0,0,0,0,0,0,0,0,3,0,39.9532,-75.1651, ,Philadelphia
 ,2215,2017093662,6,67,67301,2017,8,1,1915,19,1,1,0,8,1, , ,N,0,0,0,3,0,1,2,2,N,N,39 58:23.854,75 14:26.322,1923, ,1919, ,0, ,N, ,0, , , , , ,54164, , , ,1,1,0,0,0,0,0,0,0,0,0,1,1,0,0,0,0,0,0,0,1,0,0,0,0,0,0,0,0,0,0,0,1,0,0,4,0,39.9733,-75.2406, ,Philadelphia
 ,2216,2017097621,6,67,67301,2017,9,6,2007,20,3,1,0,1,1, , ,N,5,8,0,3,0,0,2,2,N,N,40 00:12.779,75 11:42.771,2014, ,2011, ,0, , , ,3, , , , , ,54166, , , ,2,2,0,0,0,0,0,0,0,0,0,0,0,0,0,0,0,0,0,0,0,0,0,0,0,0,0,0,0,0,0,0,0,0,0,0,0,40.0035,-75.1952, ,Philadelphia
 ,2217,2017067996,6,67,67301,2017,6,2,1415,14,1,2,1,4,1, , ,N,1,2,0,3,0,3,3,2,N,N,40 03:02.085,75 08:31.586,1420, ,1415, ,0, ,N, ,3, , , , , ,54181, , , ,2,1,0,0,0,0,0,1,0,0,0,3,3,0,0,0,0,0,0,0,2,0,0,0,0,0,0,0,0,0,0,0,0,0,0,4,0,40.0506,-75.1421, ,Philadelphia
 ,2218,2017086897,6,67,67301,2017,6,6,955,9,1,1,0,4,1, , ,N,1,3,0,3,0,1,3,2,N,N,39 56:56.614,75 09:20.265,1020, ,1001, ,0, ,N, ,3, , , , , ,54193, , , ,2,2,0,0,0,0,0,0,0,0,0,1,1,0,0,0,0,0,0,0,1,0,0,0,0,0,0,0,0,0,0,0,0,0,0,4,0,39.9491,-75.1556, ,Philadelphia
 ,2219,2017086985,6,67,67301,2017,1,1,525,5,3,1,0,5,6, , ,N,0,0,0,3,0,1,2,3,N,N,39 56:53.259,75 10:26.303,531, ,528,2,2,4,N, ,0,Y, , , , ,54197, , , ,3,2,0,0,0,0,1,0,0,0,0,1,1,0,0,0,0,0,0,0,0,0,0,0,0,0,0,0,0,0,0,0,0,0,0,4,0,39.9481,-75.174, ,Philadelphia
 ,2220,2017080314,6,67,67301,2017,8,3,854,8,1,1,0,1,1, , ,N,0,0,0,3,0,1,2,2,N,N,39 58:34.837,75 06:51.881,942, ,856, ,0, , , ,0, , , , , ,54203, , , ,2,2,0,0,0,0,0,0,0,0,0,0,1,1,0,0,0,0,0,0,0,0,0,0,0,0,0,0,0,0,0,0,0,0,0,8,0,39.9763,-75.1145, ,Philadelphia
 ,2221,2017088978,6,67,67301,2017,8,1,2315,23,6,1,0,8,1, , ,N,1,3,0,3,0,1,2,2,N,N,40 00:17.416,75 09:56.037,3, ,2316, ,0, ,N, ,3, , , , , ,54213, , , ,1,1,0,0,0,0,0,0,0,0,0,1,1,0,1,0,0,0,0,0,0,0,0,0,0,0,0,0,0,0,0,0,1,0,0,4,0,40.0048,-75.1656, ,Philadelphia
 ,2222,2017116079,6,67,67301,2017,10,7,1707,17,1,1,0,7,5, , ,N,0,0,0,3,0,1,1,1,N,N,40 00:38.452,75 08:50.311,1758, ,1752, ,0, ,N, ,0, , , , , ,54220, , , ,1,0,0,0,0,0,0,1,0,0,0,0,1,1,0,0,0,0,0,0,0,0,1,0,0,0,0,0,0,0,0,0,0,0,0,8,0,40.0107,-75.1473, ,Philadelphia
 ,2223,2017107626,6,67,67301,2017,10,1,1148,11,1,1,0,6,1, , ,N,0,0,0,3,0,0,2,2,N,N,39 56:18.053,75 08:38.427,1205, ,1203,2,1,2, , ,0,Y, , , , ,54254, , , ,2,2,0,0,0,0,0,0,0,0,0,0,0,0,0,0,0,0,0,0,1,0,0,0,0,0,0,0,0,0,0,0,0,0,0,0,0,39.9383,-75.144, ,Philadelphia
 ,2224,2017091170,6,67,67301,2017,8,2,1545,15,1,2,1,2,1, , ,N,0,0,0,3,0,1,2,2,N,N,40 03:47.469,75 12:01.591,1550, ,1549, ,0, ,N, ,0, , , , , ,54257, , , ,2,2,0,0,0,0,0,0,0,0,0,1,1,0,1,0,0,0,0,0,0,1,0,0,0,0,0,0,0,0,0,0,0,0,0,4,0,40.0632,-75.2004, ,Philadelphia
 ,2225,2017088798,6,67,67301,2017,8,1,1943,19,1,1,0,8,1, , ,N,0,0,0,3,0,1,2,2,N, ,40 01:03.111,75 08:00.913,1946, ,1945, ,0, , , ,0, , , , , ,54259, , , ,1,1,0,0,0,0,0,0,0,0,0,1,1,0,0,0,0,0,0,0,0,0,0,0,0,0,0,0,0,0,0,0,1,0,0,4,0,40.0175,-75.1336, ,Philadelphia
 ,2226,2017058361,6,67,67301,2017,5,2,1830,18,1,1,0,1,1, , ,N,0,0,0,3,0,1,4,5,N, ,40 02:30.739,75 04:54.750,1840, ,1833, ,0, , , ,0, , , , , ,54273, , , ,5,2,0,0,2,0,1,0,0,0,0,1,1,0,0,0,0,0,0,0,1,1,0,0,0,0,0,0,0,0,0,0,0,0,0,4,0,40.0419,-75.0819, ,Philadelphia
N,2227,2017054088,6,67,67301,2017,5,6,642,6,1,1,0,1,1,1,4,Y,0,0,0,3,0,1,4,4,N,N,39 58:05.841,75 07:45.415,701,55,644,1,1,1, , ,0,N,Y,N,N,N,54281,N,Y,N,4,2,0,0,0,0,2,0,0,0,1,0,1,0,0,0,0,0,0,0,1,0,0,1,0,0,0,0,0,0,0,0,0,0,0,3,0,39.9683,-75.1293, ,Philadelphia
 ,2228,2017060673,6,67,67301,2017,5,4,1357,13,1,1,0,5,1, , ,N,0,0,0,3,0,1,2,2,N, ,40 01:46.617,75 06:12.572,1810, ,1758,3,1,1, , ,0,N, , , , ,54290, , , ,2,0,0,0,0,1,0,1,0,0,0,1,1,0,0,0,0,0,0,0,1,0,0,0,0,0,0,0,0,0,0,0,0,0,0,4,1,40.0296,-75.1039, ,Philadelphia
 ,2229,2017073214,6,67,67301,2017,7,7,2310,23,3,1,0,5,1, , ,N,0,0,2,3,0,1,2,2,N,N,40 00:20.651,75 11:52.605,2315, ,2310, ,0, , , ,0, , , , , ,54303, , , ,2,1,0,0,0,0,1,0,0,0,0,0,1,1,0,0,0,0,0,0,0,0,0,0,0,0,0,0,0,0,0,0,0,0,0,8,0,40.0058,-75.1981, ,Philadelphia
 ,2230,2017078883,6,67,67301,2017,7,5,1220,12,1,2,1,4,1, , ,N,2,2,2,3,0,0,2,2,N,N,39 53:01.171,75 15:05.812,1308, ,1252, ,0, ,N, ,3, , , , , ,54304, , , ,2,0,0,0,1,0,1,0,0,0,0,0,0,0,0,0,0,0,0,0,1,0,0,0,0,0,0,0,0,0,0,0,0,0,0,0,0,39.8836,-75.2515, ,Philadelphia
 ,2231,2017071792,6,67,67301,2017,6,6,1930,19,1,1,0,4,1, , ,N,1,3,0,3,0,1,2,3,N, ,40 01:07.888,75 04:39.633,1935, ,1930, ,0, , , ,3, , , , , ,54335, , , ,3,3,0,0,0,0,0,0,0,0,0,0,1,1,0,0,0,0,0,0,0,0,0,0,0,0,0,0,0,0,0,0,0,0,0,8,0,40.0189,-75.0777, ,Philadelphia
 ,2232,2017088760,6,67,67301,2017,8,2,1100,11,1,2,1,7,4, , ,N,0,0,0,3,0,0,1,1,N,N,40 05:20.086,75 02:43.629,1106, ,1102,9,1,3, , ,0,N, , , , ,54345, , , ,1,1,0,0,0,0,0,0,0,0,0,0,0,0,0,0,0,0,0,0,0,0,0,0,0,0,0,0,0,0,0,0,0,0,0,0,0,40.0889,-75.0454, ,Philadelphia
 ,2233,2017033113,6,67,67301,2017,3,5,1510,15,1,1,0,4,1, , ,N,1,2,0,3,0,1,3,2,N,Y,40 02:20.299,75 09:00.122,1520, ,1515, ,0, ,N, ,3, , , , , ,41288, , , ,2,1,0,0,1,0,0,0,0,0,0,0,1,1,0,0,0,0,0,0,0,0,1,2,0,0,0,0,0,0,0,0,0,0,0,8,0,40.039,-75.15, ,Philadelphia
 ,2234,2017011479,6,67,67301,2017,1,6,740,7,1,4,1,7,4, , ,N,0,0,0,3,0,1,1,1,N,N,40 01:17.008,75 02:25.258,743, ,740, ,0, , , ,0, , , , , ,41306, , , ,1,0,0,0,0,0,1,0,0,0,0,0,1,1,0,0,0,0,0,0,0,0,0,0,0,0,0,0,0,0,0,0,0,0,0,8,0,40.0213,-75.0406, ,Philadelphia
 ,2235,2017038494,6,67,67301,2017,3,1,2004,20,3,1,0,4,1, , ,N,0,0,0,3,0,0,2,2,N,N,39 57:33.107,75 10:20.572,2015, ,2004, ,0, , , ,0, , , , , ,41323, , , ,2,2,0,0,0,0,0,0,0,0,0,0,0,0,1,0,0,0,0,0,0,0,0,0,0,0,0,0,0,0,0,0,0,0,0,9,0,39.9592,-75.1724, ,Philadelphia
 ,2236,2017041218,6,67,67301,2017,3,3,2112,21,3,2,1,8,1, , ,N,1,2,0,3,0,1,2,2,N,N,40 01:58.220,75 08:20.331,2122, ,2112,2,1,1,N, ,3,Y, , , , ,41329, , , ,1,1,0,0,0,0,0,0,0,0,0,1,1,0,0,0,0,0,0,0,0,0,0,0,0,0,0,0,0,0,0,0,1,0,0,4,0,40.0328,-75.139, ,Philadelphia
 ,2237,2017055563,6,67,67301,2017,4,7,210,2,3,1,0,5,6, , ,N,0,0,7,3,0,0,2,3,N,N,39 57:01.456,75 09:59.436,210, ,210, ,0, ,N, ,0, , , , , ,41338, , , ,3,3,0,0,0,0,0,0,0,0,0,0,0,0,1,0,0,0,0,0,0,0,0,0,0,0,0,0,0,0,0,0,0,0,0,9,0,39.9504,-75.1665, ,Philadelphia
 ,2238,2017055535,6,67,67301,2017,4,1,646,6,1,1,0,4,1, , ,N,1,2,0,3,0,0,3,2,N,N,39 56:56.219,75 13:37.810,702, ,658, ,0, ,N, ,3, , , , , ,41340, , , ,2,1,0,0,0,0,1,0,0,0,0,0,0,0,0,0,0,0,0,0,0,0,0,0,0,0,0,0,0,0,0,0,0,0,0,0,0,39.949,-75.2272, ,Philadelphia
 ,2239,2017052067,6,67,67301,2017,4,7,315,3,3,1,0,4,1, , ,N,2,3,0,3,0,0,2,4,N,N,39 57:00.351,75 10:33.135,316, ,315,3,2,2,N, ,3,Y, , , , ,41343, , , ,4,4,0,0,0,0,0,0,0,0,0,0,0,0,0,0,0,0,0,0,0,0,0,0,0,0,0,0,0,0,0,0,0,0,0,0,0,39.9501,-75.1759, ,Philadelphia
 ,2240,2017019124,6,67,67301,2017,1,6,1100,11,1,1,0,4,1, , ,N,0,0,7,3,0,1,2,2,N,N,39 55:05.243,75 12:33.487,1122, ,1122, ,0, ,N, ,0, , , , , ,41355, , , ,2,1,0,0,0,1,0,0,0,0,0,1,1,0,0,0,0,0,0,0,1,0,0,0,0,0,0,0,0,0,0,0,0,0,0,4,1,39.9181,-75.2093, ,Philadelphia
 ,2241,2017037494,6,67,67301,2017,3,1,955,9,1,8,1,4,1, , ,N,1,2,0,3,0,1,6,3,N,N,39 56:15.360,75 09:52.657,955, ,955, ,0, , , ,3, , , , , ,41378, , , ,3,2,0,0,1,0,0,0,0,0,0,1,1,0,3,0,0,0,0,0,1,0,0,0,0,0,0,0,0,0,0,0,0,0,0,4,0,39.9376,-75.1646, ,Philadelphia
 ,2242,2017053365,6,67,67301,2017,5,1,1523,15,1,1,0,5,1, , ,N,0,0,3,3,0,0,2,2,N,N,39 53:25.243,75 12:01.129,1550, ,1524,2,2,1, , ,0,N, , , , ,41396, , , ,2,1,0,0,0,0,0,0,0,0,0,0,0,0,1,0,0,0,1,0,0,0,0,0,0,0,0,0,0,0,0,0,0,0,0,9,0,39.8903,-75.2003, ,Philadelphia
 ,2243,2017014092,6,67,67301,2017,1,1,1957,19,3,1,0,5,6, , ,N,0,0,0,3,0,0,2,8,N,N,39 58:12.748,75 13:04.519,1958, ,1957,9,2,3, , ,0,Y, , , , ,41416, , , ,8,7,0,0,0,0,1,0,0,0,0,0,0,0,0,0,0,0,0,0,0,0,0,1,0,0,0,0,0,0,0,0,0,0,0,0,0,39.9702,-75.2179, ,Philadelphia
 ,2244,2017033050,6,67,67301,2017,2,1,1600,16,1,1,0,4,1, , ,N,0,0,0,3,0,1,3,2,N, ,40 03:26.096,75 04:16.852,1603, ,1602,2,2,1, , ,0,Y, , , , ,41424, , , ,2,1,1,0,0,0,0,0,0,0,0,1,1,0,0,0,0,0,0,0,0,0,0,0,0,0,0,0,0,0,0,0,0,0,0,4,0,40.0572,-75.0713, ,Philadelphia
 ,2245,2017052104,6,67,67301,2017,4,5,1150,11,1,1,0,7,5, , ,N,0,0,0,3,0,0,1,1,N, ,40 03:02.034,75 11:39.765,1215, ,1205, ,0, , , ,0, , , , , ,41431, , , ,1,1,0,0,0,0,0,0,0,0,0,0,0,0,0,0,0,0,0,0,0,0,0,0,0,0,0,0,0,0,0,0,0,0,0,0,0,40.0506,-75.1944, ,Philadelphia
 ,2246,2017060607,6,67,67301,2017,5,3,859,8,1,1,0,8,1, , ,N,1,2,0,3,0,1,2,2,N, ,39 57:54.379,75 12:19.725,910, ,907, ,0, , , ,3, , , , , ,41448, , , ,1,1,0,0,0,0,0,0,0,0,1,0,1,0,0,0,0,0,0,0,0,0,0,1,0,0,0,0,0,0,0,0,1,0,0,3,0,39.9651,-75.2055, ,Philadelphia
 ,2247,2017038039,6,67,67301,2017,4,2,1052,10,1,1,0,1,1, , ,N,0,0,0,3,0,0,3,3,N,N,39 57:44.831,75 10:59.166,1100, ,1054,1,1,4, , ,0,N, , , , ,41475, , , ,3,3,0,0,0,0,0,0,0,0,0,0,0,0,0,0,0,0,0,0,1,1,1,0,0,0,0,0,0,0,0,0,0,0,0,0,0,39.9609,-75.1818, ,Philadelphia