wz_ln_closure,objectid_1,crn,district,county,municipality,crash_year,crash_month,day_of_week,time_of_day,hour_of_day,illumination,weather,road_condition,collision_type,relation_to_road,work_zone_type,work_zone_loc,work_zone_ind,intersect_type,tcd_type,location_type,urban_rural,fatal_count,injury_count,person_count,total_units,sch_bus_ind,sch_zone_ind,latitude,longitude,arrival_tm,cons_zone_spd_lim,dispatch_tm,est_hrs_closed,lane_closed,ln_close_dir,ntfy_hiwy_maint,spec_juris_cd,tcd_func_cd,tfc_detour_ind,workers_pres,wz_close_detour,wz_flagger,wz_law_offcr_ind,objectid,wz_moving,wz_other,wz_shlder_mdn,vehicle_count,automobile_count,motorcycle_count,bus_count,small_truck_count,heavy_truck_count,suv_count,van_count,bicycle_count,maj_inj_count,mod_inj_count,min_inj_count,tot_inj_count,unk_inj_deg_count,unk_inj_per_count,driver_count_16yr,driver_count_17yr,driver_count_18yr,driver_count_19yr,driver_count_20yr,driver_count_50_64yr,driver_count_65_74yr,driver_count_75plus,unbelted_occ_count,unb_death_count,unb_maj_inj_count,belted_death_count,belted_maj_inj_count,mcycle_death_count,mcycle_maj_inj_count,bicycle_death_count,bicycle_maj_inj_count,ped_count,ped_death_count,ped_maj_inj_count,max_severity_level,comm_veh_count,dec_lat,dec_long,rdwy_surf_type_cd,county_name
 ,2248,2017066502,6,67,67301,2017,6,7,149,1,3,1,0,1,1, , ,N,0,0,0,3,0,0,2,2,N,N,39 58:39.233,75 06:44.761,149, ,149,2,1,2, , ,0,N, , , , ,41495, , , ,2,1,0,0,0,0,1,0,0,0,0,0,0,0,0,0,0,0,0,0,1,0,0,0,0,0,0,0,0,0,0,0,0,0,0,0,0,39.9775,-75.1125, ,Philadelphia
 ,2249,2017025280,6,67,67301,2017,3,7,2005,20,3,1,0,1,1, , ,N,0,0,0,3,0,0,4,2,N,N,39 53:55.886,75 10:19.361,2012, ,2009, ,0, , , ,0, , , , , ,41499, , , ,2,2,0,0,0,0,0,0,0,0,0,0,0,0,0,0,0,0,0,0,0,0,0,0,0,0,0,0,0,0,0,0,0,0,0,0,0,39.8989,-75.172, ,Philadelphia
 ,2250,2017004823,6,67,67301,2017,1,3,658,6,1,1,0,1,1, , ,N,0,0,0,3,0,0,3,3,N,N,39 57:35.743,75 10:41.624,702, ,700, ,0, , , ,0, , , , , ,41550, , , ,3,2,0,0,0,0,1,0,0,0,0,0,0,0,0,0,0,0,0,0,1,0,0,0,0,0,0,0,0,0,0,0,0,0,0,0,0,39.9599,-75.1782, ,Philadelphia
 ,2251,2017028882,6,67,67301,2017,2,1,145,1,3,1,0,7,4, , ,N,0,0,0,3,0,1,1,1,N,N,39 57:30.999,75 09:01.363,155, ,150, ,0, ,N, ,0, , , , , ,44854, , , ,1,1,0,0,0,0,0,0,0,0,0,1,1,0,0,0,0,0,0,0,0,0,0,0,0,0,0,0,0,0,0,0,0,0,0,4,0,39.9586,-75.1504, ,Philadelphia
 ,2252,2017040485,6,67,67301,2017,3,7,408,4,3,1,0,7,2, , ,N,0,0,3,3,0,1,2,1,N,N,39 56:10.246,75 08:39.885,418, ,410, ,0, , , ,0, , , , , ,44858, , , ,1,1,0,0,0,0,0,0,0,0,0,0,1,1,0,0,0,0,0,0,0,0,0,1,0,0,0,0,0,0,0,0,0,0,0,8,0,39.9362,-75.1444, ,Philadelphia
 ,2253,2017041308,6,67,67301,2017,4,5,1213,12,1,2,7,7,4, , ,N,2,0,0,3,0,1,1,1,N,N,40 02:05.989,75 11:18.376,1219, ,1214, ,0, ,N, ,0, , , , , ,44859, , , ,1,1,0,0,0,0,0,0,0,0,0,1,1,0,0,0,0,0,0,0,0,0,0,0,0,0,0,0,0,0,0,0,0,0,0,4,0,40.035,-75.1884, ,Philadelphia
N,2254,2017011425,6,67,67301,2017,1,7,36,0,3,1,0,5,1,1,4,Y,0,0,0,3,0,0,4,2,N,N,39 59:49.726,75 04:54.966,53,45,40,1,2,1, , ,0,Y,N,N,N,N,44879,N,N,Y,2,1,0,0,0,1,0,0,0,0,0,0,0,0,0,0,0,0,0,0,0,0,0,0,0,0,0,0,0,0,0,0,0,0,0,0,1,39.9971,-75.0819, ,Philadelphia
 ,2255,2017014025,6,67,67301,2017,1,6,1218,12,1,1,0,4,1, , ,N,0,0,7,3,0,0,2,2,N,N,40 01:09.092,75 09:49.764,1257, ,1257, ,0, ,N, ,0, , , , , ,44891, , , ,2,2,0,0,0,0,0,0,0,0,0,0,0,0,0,0,0,0,0,0,1,0,0,0,0,0,0,0,0,0,0,0,0,0,0,0,0,40.0192,-75.1638, ,Philadelphia
 ,2256,2017013979,6,67,67301,2017,1,7,838,8,1,1,1,8,1, , ,N,2,0,0,3,0,1,2,2,N, ,39 54:53.180,75 09:18.118,850, ,842, ,0, , , ,0, , , , , ,44894, , , ,1,1,0,0,0,0,0,0,0,0,0,1,1,0,0,0,0,0,0,0,0,0,0,1,0,0,0,0,0,0,0,0,1,0,0,4,0,39.9147,-75.155, ,Philadelphia
 ,2257,2017033073,6,67,67301,2017,2,6,1010,10,1,1,0,7,4, , ,N,0,0,0,3,0,1,1,1,N, ,40 01:11.553,75 09:00.477,1022, ,1020,9,1,1, , ,0,N, , , , ,44896, , , ,1,0,0,0,0,0,1,0,0,0,0,1,1,0,0,0,0,0,0,0,0,0,0,0,0,0,0,0,0,0,0,0,0,0,0,4,0,40.0199,-75.1501, ,Philadelphia
 ,2258,2017037954,6,67,67301,2017,4,7,1824,18,4,1,0,1,1, , ,N,0,0,0,3,0,1,2,2,N,N,40 03:19.014,74 59:05.382,1833, ,1833,1,2,2, , ,0,N, , , , ,44902, , , ,2,2,0,0,0,0,0,0,0,0,1,0,1,0,0,0,0,0,0,0,0,0,0,0,0,0,0,0,0,0,0,0,0,0,0,3,0,40.0553,-74.9848, ,Philadelphia
 ,2259,2017016962,6,67,67301,2017,2,7,2215,22,3,1,0,5,1, , ,N,0,0,0,3,0,1,4,2,N,N,39 57:13.962,75 11:17.225,2225, ,2223, ,0, ,N, ,0, , , , , ,44912, , , ,2,2,0,0,0,0,0,0,0,0,1,0,1,0,0,0,0,0,0,0,0,1,0,0,0,0,0,0,0,0,0,0,0,0,0,3,0,39.9539,-75.1881, ,Philadelphia
 ,2260,2017007761,6,67,67301,2017,1,3,1835,18,1,2,1,5,1, , ,N,0,0,0,3,0,0,2,2,N,N,39 57:31.070,75 11:27.260,1840, ,1835,9,1,2,N, ,0,N, , , , ,44929, , , ,2,1,0,0,1,0,0,0,0,0,0,0,0,0,0,0,0,0,0,0,0,0,0,2,0,0,0,0,0,0,0,0,0,0,0,0,0,39.9586,-75.1909, ,Philadelphia
 ,2261,2017041121,6,67,67301,2017,4,3,835,8,1,2,1,1,6, , ,N,0,0,0,3,0,0,1,4,N,N,40 02:16.017,75 04:05.549,845, ,841,3,2,1,N, ,0,Y, , , , ,44938, , , ,3,3,0,0,0,0,0,0,0,0,0,0,0,0,0,0,0,0,0,0,0,0,0,0,0,0,0,0,0,0,0,0,0,0,0,0,0,40.0378,-75.0682, ,Philadelphia
 ,2262,2017052173,6,67,67301,2017,4,5,910,9,1,1,0,4,1, , ,N,1,3,0,3,0,0,2,2,N, ,39 59:11.940,75 08:47.191,920, ,916, ,0, , , ,3, , , , , ,44953, , , ,2,1,0,0,0,0,0,1,0,0,0,0,0,0,0,0,0,0,0,0,1,0,0,1,0,0,0,0,0,0,0,0,0,0,0,0,0,39.9866,-75.1464, ,Philadelphia
 ,2263,2017057148,6,67,67301,2017,5,7,2330,23,3,1,0,1,1, , ,N,0,0,0,3,0,0,6,4,N,N,39 57:33.936,75 10:27.264,2358, ,2338, ,0, , , ,0, , , , , ,44967, , , ,4,3,0,0,0,0,1,0,0,0,0,0,0,0,0,0,0,0,0,0,1,0,0,0,0,0,0,0,0,0,0,0,0,0,0,0,0,39.9594,-75.1742, ,Philadelphia
 ,2264,2017041365,6,67,67301,2017,4,3,250,2,3,2,1,7,4, , ,N,0,0,0,3,0,0,1,1,N, ,40 01:07.310,75 11:23.883,329, ,325, ,0, , , ,0, , , , , ,44986, , , ,1,1,0,0,0,0,0,0,0,0,0,0,0,0,0,0,0,0,0,0,0,0,0,0,0,0,0,0,0,0,0,0,0,0,0,0,0,40.0187,-75.19, ,Philadelphia
 ,2265,2017028913,6,67,67301,2017,2,7,9999,99,3,1,0,8,1, , ,N,1,2,0,3,0,1,2,2,N,N,40 01:54.735,75 07:53.327,1832, ,1824, ,0, , , ,3, , , , , ,45001, , , ,1,0,0,0,0,0,1,0,0,0,0,0,1,1,0,0,0,0,0,0,1,0,0,0,0,0,0,0,0,0,0,0,1,0,0,8,0,40.0319,-75.1315, ,Philadelphia
 ,2266,2017021976,6,67,67301,2017,2,2,1700,17,4,1,0,1,6, , ,N,0,0,0,3,0,0,1,2,N,N,39 58:23.877,75 08:15.361,1717, ,1715, ,0, ,N, ,0, , , , , ,45007, , , ,2,2,0,0,0,0,0,0,0,0,0,0,0,0,0,0,0,0,0,0,0,0,0,0,0,0,0,0,0,0,0,0,0,0,0,0,0,39.9733,-75.1376, ,Philadelphia
 ,2267,2017006889,6,67,67301,2017,1,4,2251,22,3,2,1,7,4, , ,N,6,0,2,3,0,0,4,1,N,N,39 57:12.482,75 08:27.437,2306, ,2302,1,2,1, , ,0,Y, , , , ,45023, , , ,1,0,0,0,0,0,1,0,0,0,0,0,0,0,0,0,0,0,0,0,0,0,0,0,0,0,0,0,0,0,0,0,0,0,0,0,0,39.9509,-75.1411, ,Philadelphia
 ,2268,2017010641,6,67,67301,2017,1,4,941,9,1,1,1,4,1, , ,N,1,2,0,3,0,0,2,2,N,N,39 59:29.698,75 11:04.939,952, ,950, ,0, ,N, ,3, , , , , ,45025, , , ,2,1,0,0,0,0,0,1,0,0,0,0,0,0,0,0,0,0,0,0,0,0,0,0,0,0,0,0,0,0,0,0,0,0,0,0,1,39.9916,-75.1847, ,Philadelphia
 ,2269,2017116158,6,67,67301,2017,10,3,1714,17,1,1,0,5,1, , ,N,2,0,0,3,0,1,2,2,N,N,39 58:43.700,75 12:36.400,1938, ,1934, ,0, ,N, ,0, , , , , ,51181, , , ,2,1,0,0,0,0,1,0,0,0,0,1,1,0,0,0,0,0,0,0,1,0,0,0,0,0,0,0,0,0,0,0,0,0,0,4,0,39.9788,-75.2101, ,Philadelphia
 ,2270,2017086314,6,67,67301,2017,8,3,1815,18,1,1,0,8,1, , ,N,0,0,0,3,0,1,2,2,N,N,39 59:47.781,75 10:18.361,1833, ,1823, ,0, ,N, ,0, , , , , ,51182, , , ,1,1,0,0,0,0,0,0,0,0,0,1,1,0,0,0,0,0,0,0,0,1,0,1,0,0,0,0,0,0,0,0,1,0,0,4,0,39.9966,-75.1718, ,Philadelphia
 ,2271,2017091714,6,67,67301,2017,8,5,2355,23,3,1,0,1,6, , ,N,0,0,0,3,0,0,1,3,N,N,40 00:23.276,75 06:48.158,47, ,45, ,0, ,N, ,0, , , , , ,51184, , , ,3,1,0,0,0,0,1,1,0,0,0,0,0,0,0,0,0,0,0,0,0,0,0,1,0,0,0,0,0,0,0,0,0,0,0,0,0,40.0065,-75.1134, ,Philadelphia
 ,2272,2017091856,6,67,67301,2017,8,5,1412,14,1,1,0,4,1, , ,N,1,1,0,3,0,1,2,2,N, ,39 57:41.254,75 09:06.426,1507, ,1506, ,0, , , ,3, , , , , ,51185, , , ,2,1,0,0,0,0,1,0,0,0,0,1,1,0,0,0,0,0,0,0,0,0,0,1,0,0,0,0,0,0,0,0,0,0,0,4,0,39.9615,-75.1517, ,Philadelphia
 ,2273,2017055619,6,67,67301,2017,5,5,917,9,1,1,0,4,1, , ,N,0,0,0,3,0,2,3,2,N,N,39 57:34.829,75 08:15.007,920, ,917,1,1,4,N, ,0,Y, , , , ,51205, , , ,2,1,0,0,0,0,1,0,0,0,0,0,2,2,1,0,0,0,0,0,1,0,0,1,0,0,0,0,0,0,0,0,0,0,0,8,0,39.9597,-75.1375, ,Philadelphia
 ,2274,2017084118,6,67,67301,2017,8,5,1802,18,1,1,0,4,1, , ,N,1,2,0,3,0,2,2,2,N,N,39 58:49.603,75 09:33.243,1802, ,1802,2,2,7,N, ,3,Y, , , , ,51227, , , ,2,1,0,0,0,0,1,0,0,0,2,0,2,0,0,0,0,0,0,1,0,0,0,0,0,0,0,0,0,0,0,0,0,0,0,3,0,39.9804,-75.1592, ,Philadelphia
 ,2275,2017078889,6,67,67301,2017,6,5,1815,18,1,1,0,1,1, , ,N,1,4,8,3,0,0,2,2,N,N,39 54:20.507,75 11:37.665,1827, ,1825, ,0, ,N, ,3, , , , , ,51245, , , ,2,0,0,0,0,0,2,0,0,0,0,0,0,0,0,0,0,0,0,0,0,1,0,0,0,0,0,0,0,0,0,0,0,0,0,0,0,39.9057,-75.1939, ,Philadelphia
 ,2276,2017091733,6,67,67301,2017,8,3,2300,23,2,2,1,1,1, , ,N,2,2,0,3,0,0,3,3,N,N,39 54:32.712,75 14:31.675,2308, ,2307, ,0, ,N, ,3, , , , , ,51251, , , ,3,0,0,0,0,1,1,1,0,0,0,0,0,0,0,0,0,0,0,0,0,0,0,0,0,0,0,0,0,0,0,0,0,0,0,0,1,39.909,-75.2419, ,Philadelphia
 ,2277,2017096441,6,67,67301,2017,8,5,834,8,1,1,0,4,1, , ,N,0,0,7,3,0,1,3,2,N, ,40 02:31.681,75 08:38.636,838, ,37, ,0, , , ,0, , , , , ,51268, , , ,2,1,1,0,0,0,0,0,0,0,1,0,1,0,0,0,0,0,0,0,0,0,0,2,0,0,0,0,0,0,0,0,0,0,0,3,0,40.0421,-75.1441, ,Philadelphia
 ,2278,2017081142,6,67,67301,2017,7,5,112,1,3,1,0,1,1, , ,N,0,0,0,3,0,0,3,2,N,N,39 58:01.068,75 08:03.618,116, ,116,2,1,1, , ,0,N, , , , ,51302, , , ,2,2,0,0,0,0,0,0,0,0,0,0,0,0,0,0,0,0,0,0,0,0,0,0,0,0,0,0,0,0,0,0,0,0,0,0,0,39.967,-75.1343, ,Philadelphia
 ,2279,2017086148,6,67,67301,2017,7,2,813,8,1,1,0,1,1, , ,N,1,2,0,3,0,1,2,2,N,N,39 57:11.367,75 09:11.303,822, ,817, ,0, ,N, ,3, , , , , ,51306, , , ,2,1,0,0,0,0,0,1,0,0,0,0,1,1,0,0,0,0,0,0,2,0,0,1,0,0,0,0,0,0,0,0,0,0,0,8,0,39.9532,-75.1531, ,Philadelphia
 ,2280,2017088788,6,67,67301,2017,8,2,540,5,1,2,1,1,1, , ,N,0,0,0,3,0,2,3,3,N, ,39 54:35.656,75 11:35.211,544, ,544, ,0, , , ,0, , , , , ,51307, , , ,3,2,0,0,0,0,1,0,0,1,1,0,2,0,0,0,0,0,0,0,1,0,0,0,0,0,0,1,0,0,0,0,0,0,0,2,0,39.91,-75.1931, ,Philadelphia
 ,2281,2017086813,6,67,67301,2017,4,5,1405,14,1,1,0,1,1, , ,N,0,0,0,3,0,2,8,3,N,N,40 01:14.030,75 09:28.670,1412, ,1410,2,2,1, , ,0,Y, , , , ,51308, , , ,3,2,0,0,0,0,1,0,0,0,0,2,2,0,0,0,0,0,0,0,0,0,0,2,0,0,0,0,0,0,0,0,0,0,0,4,0,40.0206,-75.158, ,Philadelphia
 ,2282,2017111572,6,67,67301,2017,9,1,246,2,3,1,0,1,6, , ,N,0,0,0,3,0,1,1,4,N,N,40 04:07.218,75 04:48.710,250, ,246, ,0, ,N, ,0, , , , , ,51326, , , ,3,0,0,0,1,0,2,0,0,0,0,1,1,0,0,0,0,0,0,0,0,0,0,0,0,0,0,0,0,0,0,0,0,0,0,4,0,40.0687,-75.0802, ,Philadelphia
 ,2283,2017105997,6,67,67301,2017,9,3,1052,10,1,1,0,5,4, , ,N,0,0,0,3,0,1,1,2,N,N,40 01:34.330,75 07:58.123,1112, ,1104,2,2,2,N, ,0,Y, , , , ,51355, , , ,2,0,0,0,0,0,1,1,0,0,0,0,1,1,0,0,0,0,0,0,0,0,1,0,0,0,0,0,0,0,0,0,0,0,0,8,0,40.0262,-75.1328, ,Philadelphia
 ,2284,2017135079,6,67,67301,2017,11,6,830,8,1,1,0,1,1, , ,N,1,2,0,3,0,1,2,2,N, ,40 02:55.080,75 08:41.593,845, ,836, ,0, ,N, ,3, , , , , ,51381, , , ,2,2,0,0,0,0,0,0,0,0,0,1,1,0,0,0,0,0,0,0,0,0,0,1,0,0,0,0,0,0,0,0,0,0,0,4,0,40.0486,-75.1449, ,Philadelphia
 ,2285,2017088791,6,67,67301,2017,8,3,1850,18,1,1,0,8,1, , ,N,0,0,0,3,0,1,2,2,N, ,40 01:01.928,75 08:03.832,1922, ,1858, ,0, , , ,0, , , , , ,51418, , , ,1,1,0,0,0,0,0,0,0,0,1,0,1,0,1,0,0,0,0,0,0,0,0,0,0,0,0,0,0,0,0,0,1,0,0,3,0,40.0172,-75.1344, ,Philadelphia
 ,2286,2017107459,6,46,46102,2017,10,3,1250,12,1,1,0,4,1, , ,N,5,2,0,3,0,2,3,2,N,N,40 04:26.918,75 09:30.203,1256, ,1250,1,1,4,N, ,3,N, , , , ,51427, , , ,2,1,0,0,0,0,1,0,0,0,2,0,2,0,0,0,1,0,0,0,1,0,0,0,0,0,0,0,0,0,0,0,0,0,0,3,0,40.0741,-75.1584, ,Montgomery
 ,2287,2017033150,6,67,67301,2017,2,2,1910,19,3,1,1,1,1, , ,N,1,2,0,3,0,0,3,3,N, ,39 59:29.818,75 08:10.215,1923, ,1914,1,1,3, , ,3,N, , , , ,48228, , , ,3,2,0,0,0,0,1,0,0,0,0,0,0,0,1,0,0,0,0,0,0,0,0,0,0,0,0,0,0,0,0,0,0,0,0,9,0,39.9915,-75.1361, ,Philadelphia
 ,2288,2017055642,6,67,67301,2017,5,7,230,2,3,1,0,6,6, , ,N,0,0,0,3,0,0,1,3,N,N,40 00:26.336,75 08:10.804,236, ,236, ,0, ,N, ,0, , , , , ,48236, , , ,3,3,0,0,0,0,0,0,0,0,0,0,0,0,0,0,0,0,0,1,0,0,0,0,0,0,0,0,0,0,0,0,0,0,0,0,0,40.0073,-75.1363, ,Philadelphia
 ,2289,2017033038,6,67,67301,2017,2,2,1713,17,1,1,0,4,1, , ,N,1,2,0,3,0,3,6,2,N,N,39 58:47.528,75 08:34.317,1716, ,1715, ,0, ,N, ,3, , , , , ,48269, , , ,2,0,0,0,1,0,1,0,0,0,0,2,3,1,1,0,0,0,0,0,1,0,0,0,0,0,0,0,0,0,0,0,0,0,0,4,0,39.9799,-75.1429, ,Philadelphia
 ,2290,2017067709,6,67,67301,2017,5,2,109,1,3,2,1,7,7, , ,N,7,0,8,3,0,0,1,1,N, ,40 00:42.975,75 12:17.619,218, ,209, ,0, , , ,0, , , , , ,48292, , , ,1,1,0,0,0,0,0,0,0,0,0,0,0,0,0,0,0,0,0,0,0,0,0,0,0,0,0,0,0,0,0,0,0,0,0,0,0,40.0119,-75.2049, ,Philadelphia
 ,2291,2017076206,6,67,67301,2017,6,2,1921,19,1,1,0,4,1, , ,N,1,2,0,3,0,0,2,2,N,N,40 05:22.914,75 03:25.437,1929, ,1921, ,0, , , ,3, , , , , ,48294, , , ,2,1,0,0,0,0,1,0,0,0,0,0,0,0,0,0,0,0,0,0,0,0,0,0,0,0,0,0,0,0,0,0,0,0,0,0,0,40.0897,-75.057, ,Philadelphia
 ,2292,2017019130,6,67,67301,2017,2,5,9999,99,1,1,0,7,4, , ,N,0,0,0,3,0,1,1,1,N, ,39 55:17.061,75 12:59.155,9999, ,9999, ,0, , , ,0, , , , , ,48303, , , ,1,1,0,0,0,0,0,0,0,0,0,1,1,0,0,0,0,0,0,0,0,0,1,0,0,0,0,0,0,0,0,0,0,0,0,4,0,39.9214,-75.2164, ,Philadelphia
 ,2293,2017026034,6,67,67301,2017,3,5,1349,13,1,1,0,1,1, , ,N,0,0,0,3,0,0,3,2,N,N,40 03:07.711,74 59:15.765,1359, ,1351, ,0, , , ,0, , , , , ,48305, , , ,2,0,0,0,0,0,2,0,0,0,0,0,0,0,0,0,0,0,0,0,0,0,1,0,0,0,0,0,0,0,0,0,0,0,0,0,0,40.0521,-74.9877, ,Philadelphia
 ,2294,2017037559,6,67,67301,2017,3,6,1920,19,4,8,6,4,1, , ,N,1,0,0,3,0,0,2,2,N,N,40 00:14.481,75 10:18.193,1927, ,1927, ,0, , , ,0, , , , , ,48311, , , ,2,1,0,0,0,0,1,0,0,0,0,0,0,0,0,0,0,0,0,0,0,0,0,0,0,0,0,0,0,0,0,0,0,0,0,0,0,40.004,-75.1717, ,Philadelphia
 ,2295,2017035740,6,67,67301,2017,3,6,1335,13,1,1,0,2,1, , ,N,1,2,0,3,0,2,3,2,N,N,39 59:46.447,75 10:20.414,1345, ,1337,1,1,4,N, ,3,Y, , , , ,48313, , , ,2,0,0,0,0,0,1,1,0,0,1,0,2,1,1,0,0,0,0,0,0,0,0,0,0,0,0,0,0,0,0,0,0,0,0,3,0,39.9962,-75.1723, ,Philadelphia
 ,2296,2017043875,6,67,67301,2017,4,1,1852,18,1,1,0,4,1, , ,N,5,2,0,3,0,1,5,2,N,N,39 57:17.342,75 09:58.955,1856, ,1854, ,0, ,N, ,3, , , , , ,48325, , , ,1,0,0,0,0,0,1,0,1,0,0,1,1,0,0,0,0,0,0,0,0,1,0,0,0,0,0,0,0,0,0,0,0,0,0,4,0,39.9548,-75.1664, ,Philadelphia
 ,2297,2017033562,6,67,67301,2017,2,3,104,1,3,1,1,1,1, , ,N,0,0,0,3,0,2,3,3,N,N,40 01:42.580,75 06:27.308,110, ,104,1,1,1,N, ,0,N, , , , ,48354, , , ,3,1,0,0,0,0,2,0,0,0,0,2,2,0,0,0,0,0,0,0,0,0,0,2,0,0,0,0,0,0,0,0,0,0,0,4,0,40.0285,-75.1076, ,Philadelphia
 ,2298,2017052293,6,67,67301,2017,4,2,920,9,1,2,1,4,1, , ,N,1,2,0,3,0,0,2,2,N,N,39 57:24.530,75 14:37.903,924, ,924, ,0, ,N, ,3, , , , , ,48360, , , ,2,2,0,0,0,0,0,0,0,0,0,0,0,0,0,0,0,1,0,0,0,0,0,0,0,0,0,0,0,0,0,0,0,0,0,0,0,39.9568,-75.2439, ,Philadelphia
 ,2299,2017050713,6,67,67301,2017,5,3,1426,14,1,1,0,1,1, , ,N,0,0,0,3,0,1,2,2,N,N,39 58:03.981,75 11:22.803,1439, ,1430, ,0, , , ,0, , , , , ,48371, , , ,2,2,0,0,0,0,0,0,0,0,0,0,1,1,0,0,0,0,0,0,0,1,0,0,0,0,0,0,0,0,0,0,0,0,0,8,0,39.9678,-75.1897, ,Philadelphia
 ,2300,2017061699,6,67,67301,2017,4,7,1152,11,1,1,0,1,1, , ,N,0,0,0,3,0,0,4,2,N,N,39 58:36.486,75 06:50.046,1208, ,1152,2,1,2, , ,0,N, , , , ,48379, , , ,2,2,0,0,0,0,0,0,0,0,0,0,0,0,0,0,0,0,0,0,1,0,0,0,0,0,0,0,0,0,0,0,0,0,0,0,0,39.9768,-75.114, ,Philadelphia
 ,2301,2017058319,6,67,67301,2017,5,5,652,6,1,1,0,1,1, , ,N,1,2,0,3,0,1,2,2,N,N,39 58:22.627,75 13:34.021,654, ,652,1,2,6,N, ,3,Y, , , , ,48382, , , ,2,1,1,0,0,0,0,0,0,0,0,0,1,1,0,0,0,0,0,0,0,0,0,0,0,0,0,0,0,0,0,0,0,0,0,8,0,39.973,-75.2261, ,Philadelphia
 ,2302,2017055531,6,67,67301,2017,4,4,1835,18,1,1,0,4,1, , ,N,1,2,0,3,0,3,4,2,N, ,39 58:10.746,75 12:41.274,1846, ,1837, ,0, , , ,3, , , , , ,48421, , , ,2,1,0,0,0,0,1,0,0,0,0,2,3,1,0,0,0,0,0,0,0,1,0,0,0,0,0,0,0,0,0,0,0,0,0,4,0,39.9697,-75.2115, ,Philadelphia
 ,2303,2017019040,6,67,67301,2017,1,6,216,2,3,1,0,4,1, , ,N,1,2,0,3,0,1,3,2,N,N,39 58:26.322,75 10:43.822,220, ,218,9,2,7,N, ,3,Y, , , , ,48446, , , ,2,1,0,0,0,0,1,0,0,1,0,0,1,0,0,0,0,0,0,0,0,0,0,0,0,0,0,1,0,0,0,0,0,0,0,2,0,39.974,-75.1788, ,Philadelphia
 ,2304,2017037499,6,67,67301,2017,3,2,1440,14,1,1,0,4,1, , ,N,1,2,0,3,0,1,3,2,N,N,39 58:13.346,75 08:53.302,1444, ,1443, ,0, ,N, ,3, , , , , ,48465, , , ,2,2,0,0,0,0,0,0,0,0,0,0,1,1,2,0,0,0,0,0,0,0,0,0,0,0,0,0,0,0,0,0,0,0,0,8,0,39.9704,-75.1482, ,Philadelphia
 ,2305,2017035722,6,67,67301,2017,3,7,130,1,3,1,0,4,1, , ,N,5,2,0,3,0,1,3,2,N,N,40 01:28.031,75 03:46.512,133, ,132, ,0, ,N, ,3, , , , , ,41562, , , ,2,2,0,0,0,0,0,0,0,0,0,1,1,0,0,0,0,0,0,0,0,0,0,1,0,0,0,0,0,0,0,0,0,0,0,4,0,40.0244,-75.0628, ,Philadelphia
 ,2306,2017041307,6,67,67301,2017,4,3,20,0,3,2,1,4,1, , ,N,1,2,0,3,0,0,2,2,N,N,40 01:28.770,75 03:16.227,45, ,42, ,0, ,N, ,3, , , , , ,41563, , , ,2,1,0,0,0,0,1,0,0,0,0,0,0,0,0,0,0,0,0,1,1,0,0,0,0,0,0,0,0,0,0,0,0,0,0,0,0,40.0247,-75.0545, ,Philadelphia
 ,2307,2017028939,6,67,67301,2017,2,2,500,5,5,1,0,0,1, , ,N,0,0,0,3,0,1,1,1,N,N,40 04:22.569,75 14:17.940,525, ,514,3,2,6,N, ,0,Y, , , , ,41570, , , ,1,0,0,0,0,1,0,0,0,0,1,0,1,0,0,0,0,0,0,0,0,0,0,0,0,0,0,0,0,0,0,0,0,0,0,3,1,40.0729,-75.2383, ,Philadelphia
 ,2308,2017041396,6,67,67301,2017,4,7,1104,11,1,1,0,4,1, , ,N,1,2,0,3,0,2,3,2,N,N,39 55:14.279,75 10:13.546,1110, ,1106,1,1,1,N, ,3,Y, , , , ,41577, , , ,2,1,0,0,0,0,1,0,0,0,0,2,2,0,0,0,0,0,0,0,0,0,0,0,0,0,0,0,0,0,0,0,0,0,0,4,0,39.9206,-75.1704, ,Philadelphia
 ,2309,2017041186,6,67,67301,2017,3,2,1355,13,1,1,0,4,1, , ,N,2,0,0,3,0,1,2,2,N,N,39 55:48.815,75 13:19.146,1405, ,1402, ,0, ,N, ,0, , , , , ,41606, , , ,2,2,0,0,0,0,0,0,0,0,0,0,1,1,0,0,0,0,0,0,1,0,0,2,0,0,0,0,0,0,0,0,0,0,0,8,0,39.9302,-75.222, ,Philadelphia
 ,2310,2017041371,6,67,67301,2017,3,3,1527,15,1,2,1,1,1, , ,N,0,0,0,3,0,1,4,3,N, ,40 02:32.091,75 05:18.425,1533, ,1527,1,1,2, , ,0,N, , , , ,41608, , , ,3,2,0,0,0,0,1,0,0,0,0,1,1,0,0,0,0,0,0,0,1,0,0,1,0,0,0,0,0,0,0,0,0,0,0,4,0,40.0422,-75.0885, ,Philadelphia
 ,2311,2017052260,6,67,67301,2017,4,4,1130,11,1,1,0,8,1, , ,N,0,0,0,3,0,1,2,2,N, ,40 03:59.179,75 09:28.536,1132, ,1130, ,0, , , ,0, , , , , ,41629, , , ,1,1,0,0,0,0,0,0,0,0,0,1,1,0,0,0,0,0,0,0,0,0,0,0,0,0,0,0,0,0,0,0,1,0,0,4,0,40.0664,-75.1579, ,Philadelphia