wz_ln_closure,objectid_1,crn,district,county,municipality,crash_year,crash_month,day_of_week,time_of_day,hour_of_day,illumination,weather,road_condition,collision_type,relation_to_road,work_zone_type,work_zone_loc,work_zone_ind,intersect_type,tcd_type,location_type,urban_rural,fatal_count,injury_count,person_count,total_units,sch_bus_ind,sch_zone_ind,latitude,longitude,arrival_tm,cons_zone_spd_lim,dispatch_tm,est_hrs_closed,lane_closed,ln_close_dir,ntfy_hiwy_maint,spec_juris_cd,tcd_func_cd,tfc_detour_ind,workers_pres,wz_close_detour,wz_flagger,wz_law_offcr_ind,objectid,wz_moving,wz_other,wz_shlder_mdn,vehicle_count,automobile_count,motorcycle_count,bus_count,small_truck_count,heavy_truck_count,suv_count,van_count,bicycle_count,maj_inj_count,mod_inj_count,min_inj_count,tot_inj_count,unk_inj_deg_count,unk_inj_per_count,driver_count_16yr,driver_count_17yr,driver_count_18yr,driver_count_19yr,driver_count_20yr,driver_count_50_64yr,driver_count_65_74yr,driver_count_75plus,unbelted_occ_count,unb_death_count,unb_maj_inj_count,belted_death_count,belted_maj_inj_count,mcycle_death_count,mcycle_maj_inj_count,bicycle_death_count,bicycle_maj_inj_count,ped_count,ped_death_count,ped_maj_inj_count,max_severity_level,comm_veh_count,dec_lat,dec_long,rdwy_surf_type_cd,county_name
 ,2569,2017116223,6,67,67301,2017,10,6,1943,19,3,1,0,5,1, , ,N,0,0,0,3,0,2,3,2,N,N,39 59:51.669,75 10:01.952,1959, ,1945, ,0, , , ,0, , , , , ,52145, , , ,2,1,0,0,0,0,1,0,0,0,0,0,2,2,0,0,0,0,0,0,0,0,1,0,0,0,0,0,0,0,0,0,0,0,0,8,0,39.9977,-75.1672, ,Philadelphia
 ,2570,2017099658,6,67,67301,2017,9,4,1120,11,1,1,0,5,1, , ,N,1,2,0,3,0,1,2,2,N,N,39 57:17.512,75 11:00.422,1126, ,1122, ,0, ,N, ,3, , , , , ,52146, , , ,1,1,0,0,0,0,0,0,1,0,1,0,1,0,0,0,0,0,0,0,1,0,0,0,0,0,0,0,0,0,0,0,0,0,0,3,0,39.9549,-75.1839, ,Philadelphia
 ,2571,2017086638,6,67,67301,2017,2,5,9999,99,1,6,1,5,1, , ,N,0,0,0,3,0,1,2,2,N, ,40 01:20.948,75 07:04.548,722, ,719,2,1,1, , ,0,N, , , , ,52157, , , ,2,1,0,0,1,0,0,0,0,0,0,0,1,1,0,0,0,0,0,0,1,0,0,2,0,0,0,0,0,0,0,0,0,0,0,8,0,40.0225,-75.1179, ,Philadelphia
 ,2572,2017124665,6,67,67301,2017,11,3,716,7,1,1,0,0,1, , ,N,0,0,0,3,0,0,1,1,N,N,40 02:11.453,75 00:55.779,729, ,717,1,2,2, , ,0,N, , , , ,52178, , , ,1,1,0,0,0,0,0,0,0,0,0,0,0,0,0,0,0,0,0,0,0,0,0,0,0,0,0,0,0,0,0,0,0,0,0,0,0,40.0365,-75.0155, ,Philadelphia
 ,2573,2017096433,6,67,67301,2017,8,5,818,8,1,1,0,4,1, , ,N,1,2,0,3,0,1,2,2,N,N,39 59:27.116,75 09:18.941,825, ,825, ,0, , , ,3, , , , , ,52182, , , ,1,0,0,0,0,0,1,0,1,0,1,0,1,0,0,0,0,0,0,0,1,0,0,0,0,0,0,0,0,0,0,0,0,0,0,3,0,39.9909,-75.1551, ,Philadelphia
 ,2574,2017100776,6,67,67301,2017,9,4,1018,10,1,1,0,1,1, , ,N,0,0,0,3,0,1,2,2,N,N,39 57:35.299,75 10:41.702,1025, ,1024,1,1,4, , ,0,N, , , , ,52184, , , ,2,1,0,0,0,1,0,0,0,0,0,0,1,1,0,0,0,0,0,0,1,0,0,0,0,0,0,0,0,0,0,0,0,0,0,8,1,39.9598,-75.1783, ,Philadelphia
 ,2575,2017055674,6,67,67301,2017,5,7,30,0,3,1,0,4,1, , ,N,1,0,0,3,0,0,2,2,N,N,40 00:14.481,75 10:18.192,34, ,33,1,1,3,N, ,0,N, , , , ,49108, , , ,2,2,0,0,0,0,0,0,0,0,0,0,0,0,0,0,0,0,0,0,1,0,0,0,0,0,0,0,0,0,0,0,0,0,0,0,0,40.004,-75.1717, ,Philadelphia
 ,2576,2017061713,6,67,67301,2017,6,1,2337,23,3,1,0,4,1, , ,N,0,0,0,3,0,1,3,2,N,N,39 58:42.208,75 12:08.439,2348, ,2343,1,1,4, , ,0,N, , , , ,49118, , , ,2,2,0,0,0,0,0,0,0,0,1,0,1,0,0,0,0,0,1,0,0,0,0,1,0,0,0,0,0,0,0,0,0,0,0,3,0,39.9778,-75.2012, ,Philadelphia
 ,2577,2017010664,6,67,67301,2017,1,6,1149,11,1,1,0,8,1, , ,N,0,0,0,3,0,1,2,2,N,N,39 58:16.244,75 09:34.456,1151, ,1150, ,0, ,N, ,0, , , , , ,49126, , , ,1,1,0,0,0,0,0,0,0,0,1,0,1,0,0,0,0,0,0,0,0,1,0,0,0,0,0,0,0,0,0,0,1,0,0,3,0,39.9712,-75.1596, ,Philadelphia
 ,2578,2017038290,6,67,67301,2017,4,2,742,7,1,1,0,4,1, , ,N,2,3,0,3,0,2,6,3,N,N,40 04:47.440,75 12:03.335,745, ,742,2,1,5,N, ,3,N, , , , ,49137, , , ,3,2,0,0,0,0,0,1,0,0,2,0,2,0,0,0,1,0,0,0,0,1,0,1,0,0,0,0,0,0,0,0,0,0,0,3,0,40.0798,-75.2009, ,Philadelphia
 ,2579,2017060501,6,67,67301,2017,5,3,1637,16,1,1,0,8,1, , ,N,0,0,0,3,0,1,2,2,N,N,39 59:07.008,75 08:47.943,1705, ,1700, ,0, ,N, ,0, , , , , ,49162, , , ,1,0,0,0,1,0,0,0,0,0,0,0,1,1,0,0,0,0,0,0,0,0,0,1,0,0,0,0,0,0,0,0,1,0,0,8,0,39.9853,-75.1467, ,Philadelphia
N,2580,2017017663,6,67,67301,2017,2,6,222,2,3,1,0,5,1,1,4,Y,0,0,0,3,0,0,3,2,N,N,39 58:15.880,75 07:26.681,239,45,222,1,1,1, , ,0,N,N,N,N,N,49180,N,N,Y,2,1,0,0,0,0,0,0,0,0,0,0,0,0,1,0,0,0,0,0,0,0,0,0,0,0,0,0,0,0,0,0,0,0,0,9,0,39.9711,-75.1241, ,Philadelphia
 ,2581,2017033117,6,67,67301,2017,3,5,1544,15,1,1,0,3,1, , ,N,2,2,0,3,0,1,3,3,N,N,39 58:49.522,75 11:52.178,1737, ,1628,1,1,4,N, ,3,N, , , , ,49193, , , ,3,0,0,0,0,0,3,0,0,0,0,1,1,0,1,0,0,0,0,0,0,0,0,0,0,0,0,0,0,0,0,0,0,0,0,4,0,39.9805,-75.1978, ,Philadelphia
 ,2582,2017052095,6,67,67301,2017,4,4,1145,11,1,1,0,4,1, , ,N,1,2,0,3,0,0,2,2,N,N,40 03:08.339,75 00:28.750,1205, ,1153,1,1,2, , ,3,Y, , , , ,49208, , , ,2,1,0,0,0,0,0,1,0,0,0,0,0,0,0,0,0,0,0,0,0,0,0,0,0,0,0,0,0,0,0,0,0,0,0,0,0,40.0523,-75.008, ,Philadelphia
 ,2583,2017035679,6,67,67301,2017,3,7,1532,15,1,1,0,4,1, , ,N,1,2,0,3,0,0,2,2,N,N,39 57:24.681,75 10:03.417,1550, ,1546, ,0, ,N, ,3, , , , , ,49226, , , ,2,2,0,0,0,0,0,0,0,0,0,0,0,0,0,0,0,0,0,0,0,0,0,0,0,0,0,0,0,0,0,0,0,0,0,0,0,39.9569,-75.1676, ,Philadelphia
 ,2584,2017041226,6,67,67301,2017,3,3,1930,19,2,9,0,1,1, , ,N,2,2,0,3,0,1,2,2,N,N,39 57:34.884,75 14:50.669,0, ,1300, ,0, ,N, ,3, , , , , ,49234, , , ,2,1,0,0,0,0,1,0,0,0,0,0,1,1,1,0,0,0,0,0,0,0,0,0,0,0,0,0,0,0,0,0,0,0,0,8,0,39.9597,-75.2474, ,Philadelphia
 ,2585,2017052387,6,67,67301,2017,5,2,845,8,3,1,0,8,1, , ,N,0,0,0,3,0,1,2,2,N, ,39 59:37.093,75 11:11.680,847, ,845, ,0, , , ,0, , , , , ,49239, , , ,1,0,0,0,0,0,1,0,0,0,0,1,1,0,0,0,0,0,0,0,0,0,0,0,0,0,0,0,0,0,0,0,1,0,0,4,0,39.9937,-75.1866, ,Philadelphia
 ,2586,2017058217,6,67,67301,2017,5,2,1705,17,1,1,0,1,1, , ,N,1,2,0,3,0,1,3,2,N,N,39 58:25.571,75 15:29.588,1715, ,1710, ,0, ,N, ,3, , , , , ,49254, , , ,2,0,0,1,0,0,0,0,0,0,0,1,1,0,0,0,0,0,0,0,0,0,0,0,0,0,0,0,0,0,0,0,0,0,0,4,1,39.9738,-75.2582, ,Philadelphia
 ,2587,2017068012,6,67,67301,2017,6,6,1650,16,1,1,0,8,1, , ,N,2,0,0,3,0,1,2,2,N,N,39 56:09.499,75 13:15.643,1659, ,1652, ,0, ,N, ,0, , , , , ,49258, , , ,1,1,0,0,0,0,0,0,0,0,0,1,1,0,0,0,0,0,0,0,0,0,1,0,0,0,0,0,0,0,0,0,1,0,0,4,0,39.936,-75.221, ,Philadelphia
 ,2588,2017052411,6,67,67301,2017,5,3,1445,14,1,1,0,8,1, , ,N,1,2,0,3,0,1,2,2,N,Y,40 03:57.297,75 09:33.465,1510, ,457, ,0, ,N, ,3, , , , , ,49265, , , ,1,1,0,0,0,0,0,0,0,0,0,0,1,1,0,0,0,0,0,0,0,0,0,0,0,0,0,0,0,0,0,0,1,0,0,8,0,40.0659,-75.1593, ,Philadelphia
 ,2589,2017109852,6,67,67301,2017,9,6,2310,23,3,1,0,2,1, , ,N,2,2,0,3,0,1,3,3,N,N,39 58:21.132,75 15:35.226,2330, ,2324, ,0, , , ,3, , , , , ,49302, , , ,3,1,0,0,0,0,2,0,0,0,0,0,1,1,0,0,0,0,0,0,2,0,0,0,0,0,0,0,0,0,0,0,0,0,0,8,0,39.9725,-75.2598, ,Philadelphia
 ,2590,2017060738,6,67,67301,2017,5,3,228,2,3,1,0,6,6, , ,N,0,0,0,3,0,1,1,4,N, ,40 04:05.073,75 09:26.200,246, ,243, ,0, , , ,0, , , , , ,49310, , , ,4,3,0,0,1,0,0,0,0,0,1,0,1,0,0,0,0,0,0,0,0,0,0,0,0,0,0,0,0,0,0,0,0,0,0,3,0,40.068,-75.1573, ,Philadelphia
 ,2591,2017058384,6,67,67301,2017,5,7,1701,17,1,2,1,5,1, , ,N,1,2,0,3,0,1,5,2,N,N,39 57:53.517,75 13:33.924,1724, ,1724, ,0, ,N, ,3, , , , , ,49313, , , ,2,2,0,0,0,0,0,0,0,0,0,1,1,0,0,0,0,0,0,0,0,0,0,0,0,0,0,0,0,0,0,0,0,0,0,4,0,39.9649,-75.2261, ,Philadelphia
 ,2592,2017045478,6,67,67301,2017,4,7,1707,17,1,1,0,1,1, , ,N,0,0,0,3,0,1,3,2,N,N,39 57:27.694,75 09:37.821,1714, ,1708,2,2,4, , ,0,Y, , , , ,49330, , , ,2,2,0,0,0,0,0,0,0,0,0,0,1,1,0,0,0,0,0,1,1,0,0,0,0,0,0,0,0,0,0,0,0,0,0,8,0,39.9577,-75.1605, ,Philadelphia
 ,2593,2017013939,6,67,67301,2017,1,4,1620,16,1,1,0,1,1, , ,N,0,0,0,3,0,0,2,2,N, ,39 54:41.721,75 11:33.871,1627, ,1122,2,1,2, , ,0,N, , , , ,42568, , , ,2,0,0,0,0,0,2,0,0,0,0,0,0,0,0,0,0,0,0,0,0,0,0,0,0,0,0,0,0,0,0,0,0,0,0,0,0,39.9116,-75.1927, ,Philadelphia
 ,2594,2017028822,6,67,67301,2017,2,5,1836,18,3,1,0,4,1, , ,N,1,2,0,3,0,3,6,2,N,N,40 04:35.200,75 01:57.222,1915, ,1858,3,2,1,N, ,3,Y, , , , ,42574, , , ,2,2,0,0,0,0,0,0,0,0,0,0,3,3,3,0,0,0,0,0,1,0,0,0,0,0,0,0,0,0,0,0,0,0,0,8,0,40.0765,-75.0327, ,Philadelphia
 ,2595,2017060451,6,67,67301,2017,5,1,1828,18,1,1,0,7,4, , ,N,0,0,0,3,0,1,1,1,N,N,40 00:23.824,75 11:29.996,1835, ,1830,3,2,2, , ,0,Y, , , , ,42601, , , ,1,0,1,0,0,0,0,0,0,1,0,0,1,0,0,0,0,0,0,0,0,0,0,0,0,0,0,0,0,1,0,0,0,0,0,2,0,40.0065,-75.1916, ,Philadelphia
 ,2596,2017037381,6,67,67301,2017,3,1,2010,20,1,1,0,6,1, , ,N,1,2,0,3,0,1,7,4,N,N,39 58:30.316,75 11:41.875,2030, ,2021, ,0, ,N, ,3, , , , , ,42632, , , ,4,3,0,0,0,0,0,1,0,0,0,1,1,0,1,0,0,0,0,0,1,0,0,1,0,0,0,0,0,0,0,0,0,0,0,4,0,39.9751,-75.195, ,Philadelphia
 ,2597,2017052313,6,67,67301,2017,4,2,1629,16,1,1,0,8,1, , ,N,0,0,0,3,0,1,2,2,N,N,39 59:14.852,75 09:56.851,1633, ,1631, ,0, ,N, ,0, , , , , ,42652, , , ,1,0,0,0,0,0,1,0,0,0,0,0,1,1,0,0,0,0,0,0,0,1,0,1,0,0,0,0,0,0,0,0,1,0,0,8,0,39.9875,-75.1658, ,Philadelphia
 ,2598,2017010687,6,67,67301,2017,1,6,2053,20,3,1,0,1,1, , ,N,0,0,0,3,0,0,3,3,N,N,39 58:23.742,75 07:23.368,2111, ,2057, ,0, , , ,0, , , , , ,42664, , , ,3,2,0,0,0,0,1,0,0,0,0,0,0,0,0,0,0,0,0,0,1,0,0,0,0,0,0,0,0,0,0,0,0,0,0,0,0,39.9733,-75.1232, ,Philadelphia
 ,2599,2017013195,6,67,67301,2017,1,5,810,8,1,1,1,4,1, , ,N,1,2,0,3,0,2,4,3,N,N,40 01:20.289,75 09:43.290,940, ,935, ,0, ,N, ,3, , , , , ,42668, , , ,3,2,0,0,0,0,1,0,0,0,0,2,2,0,0,0,0,0,0,0,1,1,0,0,0,0,0,0,0,0,0,0,0,0,0,4,0,40.0223,-75.162, ,Philadelphia
 ,2600,2017058359,6,67,67301,2017,5,2,1553,15,1,1,0,5,6, , ,N,0,0,0,3,0,0,1,3,N,N,40 02:35.933,75 04:07.676,1615, ,1611, ,0, ,N, ,0, , , , , ,42686, , , ,3,3,0,0,0,0,0,0,0,0,0,0,0,0,0,0,0,0,0,0,1,0,0,0,0,0,0,0,0,0,0,0,0,0,0,0,0,40.0433,-75.0688, ,Philadelphia
 ,2601,2017026227,6,46,46104,2017,2,2,1831,18,3,1,0,4,1, , ,N,1,2,0,3,0,0,3,2,N,N,40 00:14.125,75 13:14.515,1834, ,1831, ,0, , , ,3, , , , , ,42725, , , ,2,2,0,0,0,0,0,0,0,0,0,0,0,0,0,0,0,0,0,0,2,0,0,0,0,0,0,0,0,0,0,0,0,0,0,0,0,40.0039,-75.2207, ,Montgomery
 ,2602,2017043797,6,67,67301,2017,4,3,1833,18,1,1,0,4,1, , ,N,2,3,0,3,0,1,2,2,N,N,40 00:13.798,75 07:26.950,1843, ,1839, ,0, ,N, ,3, , , , , ,42729, , , ,1,1,0,0,0,0,0,0,1,0,0,1,1,0,0,0,0,0,0,0,0,0,0,1,0,0,0,0,0,0,0,0,0,0,0,4,0,40.0038,-75.1242, ,Philadelphia
 ,2603,2017052383,6,67,67301,2017,4,7,1609,16,1,1,0,4,1, , ,N,1,2,0,3,0,1,2,2,N,N,39 56:22.133,75 10:47.378,1620, ,1619, ,0, ,N, ,3, , , , , ,42741, , , ,1,1,0,0,0,0,0,0,1,0,0,0,1,1,0,0,0,0,0,0,0,0,0,0,0,0,0,0,0,0,0,0,0,0,0,8,0,39.9395,-75.1798, ,Philadelphia
 ,2604,2017052236,6,67,67301,2017,4,1,1940,19,1,1,0,4,1, , ,N,2,2,0,3,0,0,3,3,N,N,39 58:34.662,75 14:12.562,1950, ,1945, ,0, ,N, ,3, , , , , ,42742, , , ,3,1,0,0,0,0,2,0,0,0,0,0,0,0,0,0,0,0,0,0,1,0,0,3,0,0,0,0,0,0,0,0,0,0,0,0,0,39.9763,-75.2368, ,Philadelphia
 ,2605,2017052295,6,67,67301,2017,4,4,2008,20,4,1,0,4,1, , ,N,1,3,0,3,0,2,3,2,N,N,39 55:53.690,75 11:47.433,2011, ,2008, ,0, , , ,3, , , , , ,42743, , , ,2,0,1,0,0,0,0,1,0,1,1,0,2,0,0,0,0,0,0,0,0,0,0,1,0,0,0,0,0,1,0,0,0,0,0,2,0,39.9316,-75.1965, ,Philadelphia
 ,2606,2017055511,6,67,67301,2017,4,6,2020,20,3,2,1,1,1, , ,N,0,9,0,3,0,1,4,2,N,N,39 55:53.216,75 14:34.050,2028, ,2021, ,0, ,N, ,9, , , , , ,42744, , , ,1,1,0,0,0,0,0,0,1,0,0,0,1,1,3,0,0,0,0,0,0,0,0,0,0,0,0,0,0,0,0,0,0,0,0,8,0,39.9314,-75.2428, ,Philadelphia
 ,2607,2017037348,6,67,67301,2017,3,1,40,0,3,1,4,2,1, , ,N,0,0,0,3,1,1,4,4,N,N,40 00:51.600,75 08:50.000,48, ,44, ,0, ,N,0,0, , , , , ,42770, , , ,4,2,0,0,0,0,1,1,0,0,1,0,1,0,0,0,0,0,0,0,0,0,0,4,1,0,0,0,0,0,0,0,0,0,0,1,0,40.0143,-75.1472,2,Philadelphia
 ,2608,2017041392,6,67,67301,2017,3,6,1520,15,1,2,1,2,1, , ,N,0,0,0,3,1,1,2,2,N,N,40 01:32.468,75 12:05.610,1528, ,1524,3,2,2,N,0,0,Y, , , , ,42775, , , ,2,1,0,0,0,0,1,0,0,1,0,0,1,0,0,0,0,0,0,0,1,0,0,2,1,1,0,0,0,0,0,0,0,0,0,1,0,40.0257,-75.2016,2,Philadelphia
 ,2609,2017062516,6,67,67301,2017,5,4,1838,18,1,1,0,1,1, , ,N,0,0,0,3,0,0,3,3,N,N,39 57:28.660,75 09:47.796,1853, ,1841,1,1,3, , ,0,N, , , , ,42791, , , ,3,3,0,0,0,0,0,0,0,0,0,0,0,0,0,0,0,0,0,0,0,0,0,0,0,0,0,0,0,0,0,0,0,0,0,0,0,39.958,-75.1633, ,Philadelphia
 ,2610,2017072909,6,67,67301,2017,3,7,450,4,3,1,0,1,1, , ,N,1,2,0,3,0,1,2,2,N,N,40 04:57.344,74 57:57.887,0, ,0, ,0, ,N, ,3, , , , , ,42798, , , ,2,1,0,0,0,0,0,0,0,0,0,0,1,1,0,0,0,0,0,0,0,0,0,0,0,0,0,0,0,0,0,0,0,0,0,8,0,40.0826,-74.9661, ,Philadelphia
 ,2611,2017071749,6,67,67301,2017,2,3,815,8,1,1,0,1,1, , ,N,0,0,0,3,0,2,3,3,N,N,39 59:46.327,75 11:15.144,0, ,0, ,0, ,N, ,0, , , , , ,45833, , , ,2,0,0,0,0,0,1,0,0,0,2,0,2,0,1,0,0,0,0,0,0,1,0,0,0,0,0,0,0,0,0,0,0,0,0,3,0,39.9963,-75.1876, ,Philadelphia
 ,2612,2017019534,6,67,67301,2017,2,6,830,8,1,1,0,4,1, , ,N,1,3,0,3,0,3,4,3,Y,N,39 58:43.287,75 09:28.532,901, ,851, ,0, ,N, ,3, , , , , ,45841, , , ,3,1,0,1,1,0,0,0,0,0,0,0,3,3,0,0,0,0,0,0,1,0,0,0,0,0,0,0,0,0,0,0,0,0,0,8,1,39.9787,-75.1578, ,Philadelphia
 ,2613,2017039302,6,67,67301,2017,4,5,2334,23,3,1,0,7,2, , ,N,7,0,2,3,0,1,1,1,N,N,40 00:12.647,75 04:38.645,2359, ,2345,1,1,1, , ,0,N, , , , ,45864, , , ,1,0,0,0,0,0,1,0,0,0,1,0,1,0,0,0,0,0,0,0,0,0,0,0,0,0,0,0,0,0,0,0,0,0,0,3,0,40.0035,-75.0774, ,Philadelphia
 ,2614,2017037485,6,67,67301,2017,3,6,625,6,1,1,4,4,1, , ,N,1,2,0,3,0,0,2,2,N,N,40 01:54.231,75 10:43.900,635, ,629, ,0, , , ,3, , , , , ,45867, , , ,2,1,0,0,0,0,1,0,0,0,0,0,0,0,0,0,0,0,0,0,0,1,0,0,0,0,0,0,0,0,0,0,0,0,0,0,0,40.0317,-75.1789, ,Philadelphia
 ,2615,2017055641,6,67,67301,2017,4,7,2315,23,3,1,0,1,1, , ,N,5,2,0,3,0,2,4,2,N,N,39 58:59.893,75 10:53.635,219, ,216, ,0, ,N, ,3, , , , , ,45877, , , ,2,2,0,0,0,0,0,0,0,0,0,2,2,0,1,0,0,0,0,0,0,0,0,0,0,0,0,0,0,0,0,0,0,0,0,4,0,39.9833,-75.1816, ,Philadelphia
N,2616,2017019644,6,67,67301,2017,2,6,2113,21,3,1,0,7,3,1,4,Y,7,0,2,3,0,0,1,1,N,N,40 00:12.647,75 04:38.645,2123,45,2117,2,1,2, , ,0,N,Y,N,N,N,45893,N,N,Y,1,1,0,0,0,0,0,0,0,0,0,0,0,0,0,0,0,0,0,0,0,0,0,0,0,0,0,0,0,0,0,0,0,0,0,0,0,40.0035,-75.0774, ,Philadelphia
 ,2617,2017028953,6,67,67301,2017,2,5,925,9,1,1,0,1,1, , ,N,0,0,0,3,0,1,2,2,N, ,40 00:02.254,75 09:10.824,931, ,930, ,0, , , ,0, , , , , ,45915, , , ,2,0,0,0,0,0,1,1,0,0,0,0,1,1,0,0,0,0,0,0,0,0,0,1,0,0,0,0,0,0,0,0,0,0,0,8,0,40.0006,-75.153, ,Philadelphia
 ,2618,2017010627,6,67,67301,2017,1,6,805,8,1,4,4,5,1, , ,N,0,0,0,3,0,0,1,2,N,N,39 55:09.415,75 13:31.102,820, ,816, ,0, ,N, ,0, , , , , ,45942, , , ,2,1,0,0,0,0,1,0,0,0,0,0,0,0,0,0,0,0,0,0,0,0,0,0,0,0,0,0,0,0,0,0,0,0,0,0,0,39.9193,-75.2253, ,Philadelphia
 ,2619,2017046972,6,67,67301,2017,4,7,1025,10,1,1,0,5,1, , ,N,0,0,0,3,0,1,2,2,N,N,40 01:00.823,75 03:00.809,1032, ,1026,2,1,1, , ,0,N, , , , ,45964, , , ,2,1,0,0,0,0,0,0,0,0,0,0,1,1,1,0,0,0,0,0,0,0,0,0,0,0,0,0,0,0,0,0,0,0,0,8,0,40.0169,-75.0502, ,Philadelphia
 ,2620,2017013968,6,67,67301,2017,1,4,1219,12,1,1,0,4,1, , ,N,1,2,0,3,0,1,2,2,N, ,39 56:49.916,75 09:59.252,1230, ,1219, ,0, , , ,3, , , , , ,45990, , , ,2,0,0,0,0,0,2,0,0,0,0,0,1,1,1,0,0,0,0,0,1,0,0,0,0,0,0,0,0,0,0,0,0,0,0,8,0,39.9472,-75.1665, ,Philadelphia
 ,2621,2017041380,6,67,67301,2017,4,7,1815,18,1,1,0,1,1, , ,N,0,0,0,3,0,4,4,5,N,N,40 01:27.272,75 07:47.694,1830, ,1825, ,0, ,N, ,0, , , , , ,46010, , , ,5,2,0,0,0,0,2,1,0,0,1,3,4,0,0,0,0,0,0,0,0,0,0,3,0,0,0,0,0,0,0,0,0,0,0,3,0,40.0242,-75.1299, ,Philadelphia
 ,2622,2017033099,6,67,67301,2017,2,2,900,9,1,1,0,8,1, , ,N,0,0,7,3,0,1,2,2,N, ,39 56:53.455,75 09:49.474,9999, ,908, ,0, , , ,0, , , , , ,46015, , , ,1,0,0,0,0,0,1,0,0,0,0,0,1,1,0,0,0,0,0,0,0,0,0,1,0,0,0,0,0,0,0,0,1,0,0,8,0,39.9482,-75.1637, ,Philadelphia
 ,2623,2017035755,6,67,67301,2017,3,7,2200,22,3,1,0,4,1, , ,N,1,3,0,3,0,4,4,3,N, ,39 59:18.387,75 11:07.371,2235, ,2215,3,2,7, , ,3,Y, , , , ,46048, , , ,3,2,0,0,0,0,0,0,0,0,0,4,4,0,0,0,0,0,0,0,0,0,0,0,0,0,0,0,0,0,0,0,0,0,0,4,0,39.9884,-75.1854, ,Philadelphia
 ,2624,2017052478,6,67,67301,2017,4,3,2017,20,3,2,1,8,1, , ,N,2,2,0,3,0,1,3,2,N,N,39 54:52.857,75 09:18.187,2020, ,2019,1,1,3,N, ,3,N, , , , ,46064, , , ,1,1,0,0,0,0,0,0,0,0,0,1,1,0,0,0,0,0,0,0,0,0,0,0,0,0,0,0,0,0,0,0,1,0,0,4,0,39.9147,-75.155, ,Philadelphia
 ,2625,2017013180,6,67,67301,2017,1,3,1345,13,1,1,1,1,1, , ,N,2,2,0,3,0,2,3,2,N,N,40 01:50.208,75 06:14.205,9999, ,9999, ,0, , , ,3, , , , , ,46091, , , ,2,1,0,0,0,0,1,0,0,0,0,0,2,2,1,0,0,0,0,0,0,0,0,0,0,0,0,0,0,0,0,0,0,0,0,8,0,40.0302,-75.1043, ,Philadelphia
 ,2626,2017043844,6,67,67301,2017,4,6,1715,17,1,1,0,4,1, , ,N,1,2,0,3,0,3,3,3,N, ,39 59:52.789,75 07:31.478,1725, ,1725, ,0, , , ,3, , , , , ,46100, , , ,3,3,0,0,0,0,0,0,0,0,0,1,3,2,0,0,0,0,0,1,1,0,0,0,0,0,0,0,0,0,0,0,0,0,0,4,0,39.998,-75.1254, ,Philadelphia
 ,2627,2017041200,6,67,67301,2017,3,1,1155,11,1,1,0,8,1, , ,N,1,2,0,3,0,1,2,2,N,N,40 01:23.848,75 02:54.126,1216, ,1207, ,0, ,N, ,3, , , , , ,46104, , , ,1,1,0,0,0,0,0,0,0,0,0,1,1,0,0,0,0,0,0,0,0,0,0,1,0,0,0,0,0,0,0,0,1,0,0,4,0,40.0233,-75.0484, ,Philadelphia
 ,2628,2017028887,6,67,67301,2017,2,5,1425,14,1,1,0,4,1, , ,N,0,0,7,3,0,0,2,2,N, ,39 55:00.390,75 14:39.116,1510, ,1507, ,0, , , ,0, , , , , ,46109, , , ,2,0,0,0,1,0,1,0,0,0,0,0,0,0,0,0,0,0,0,0,0,0,0,0,0,0,0,0,0,0,0,0,0,0,0,0,0,39.9168,-75.2442, ,Philadelphia
 ,2629,2017093562,6,67,67301,2017,8,4,1640,16,1,1,0,4,1, , ,N,1,2,0,3,0,1,2,2,N, ,39 57:19.443,75 10:16.111,1645, ,1642, ,0, , , ,3, , , , , ,52188, , , ,1,0,0,0,0,0,1,0,1,0,1,0,1,0,0,0,0,0,0,0,0,0,0,0,0,0,0,0,0,0,0,0,0,0,0,3,0,39.9554,-75.1711, ,Philadelphia
 ,2630,2017078867,6,67,67301,2017,7,4,1524,15,1,1,0,1,1, , ,N,1,2,0,3,0,1,4,2,N, ,40 02:54.625,75 14:06.990,9999, ,9999, ,0, , , ,3, , , , , ,52223, , , ,2,2,0,0,0,0,0,0,0,0,0,0,1,1,0,0,0,0,0,0,0,1,0,0,0,0,0,0,0,0,0,0,0,0,0,8,0,40.0485,-75.2353, ,Philadelphia
 ,2631,2017088885,6,67,67301,2017,8,5,1350,13,1,1,0,7,4, , ,N,0,0,0,3,0,0,2,1,N,N,39 58:36.357,75 15:11.307,1358, ,1358,9,2,1,N, ,0,N, , , , ,52229, , , ,1,1,0,0,0,0,0,0,0,0,0,0,0,0,0,0,0,0,0,0,1,0,0,0,0,0,0,0,0,0,0,0,0,0,0,0,0,39.9768,-75.2531, ,Philadelphia
 ,2632,2017091402,6,67,67301,2017,9,4,8,0,3,1,0,6,1, , ,N,1,2,0,3,0,1,4,2,N,N,39 57:18.553,75 11:53.991,12, ,11, ,0, ,Y, ,3, , , , , ,52233, , , ,1,0,0,0,0,0,1,0,1,0,0,0,1,1,0,0,0,0,0,0,0,0,0,0,0,0,0,0,0,0,0,0,0,0,0,8,0,39.9552,-75.1983, ,Philadelphia