wz_ln_closure,objectid_1,crn,district,county,municipality,crash_year,crash_month,day_of_week,time_of_day,hour_of_day,illumination,weather,road_condition,collision_type,relation_to_road,work_zone_type,work_zone_loc,work_zone_ind,intersect_type,tcd_type,location_type,urban_rural,fatal_count,injury_count,person_count,total_units,sch_bus_ind,sch_zone_ind,latitude,longitude,arrival_tm,cons_zone_spd_lim,dispatch_tm,est_hrs_closed,lane_closed,ln_close_dir,ntfy_hiwy_maint,spec_juris_cd,tcd_func_cd,tfc_detour_ind,workers_pres,wz_close_detour,wz_flagger,wz_law_offcr_ind,objectid,wz_moving,wz_other,wz_shlder_mdn,vehicle_count,automobile_count,motorcycle_count,bus_count,small_truck_count,heavy_truck_count,suv_count,van_count,bicycle_count,maj_inj_count,mod_inj_count,min_inj_count,tot_inj_count,unk_inj_deg_count,unk_inj_per_count,driver_count_16yr,driver_count_17yr,driver_count_18yr,driver_count_19yr,driver_count_20yr,driver_count_50_64yr,driver_count_65_74yr,driver_count_75plus,unbelted_occ_count,unb_death_count,unb_maj_inj_count,belted_death_count,belted_maj_inj_count,mcycle_death_count,mcycle_maj_inj_count,bicycle_death_count,bicycle_maj_inj_count,ped_count,ped_death_count,ped_maj_inj_count,max_severity_level,comm_veh_count,dec_lat,dec_long,rdwy_surf_type_cd,county_name
 ,2633,2017088301,6,67,67301,2017,7,4,100,1,3,1,0,5,6, , ,N,0,0,0,3,0,0,1,2,N,N,39 59:08.692,75 08:47.587,107, ,105,9,2,2,N, ,0,Y, , , , ,52239, , , ,2,1,0,0,1,0,0,0,0,0,0,0,0,0,1,0,0,0,0,0,0,0,0,0,0,0,0,0,0,0,0,0,0,0,0,9,0,39.9857,-75.1466, ,Philadelphia
 ,2634,2017107981,6,67,67301,2017,8,4,1506,15,1,1,0,5,6, , ,N,0,0,0,3,0,1,2,2,N,N,39 54:11.164,75 14:22.944,1524, ,1519, ,0, ,N, ,0, , , , , ,52274, , , ,2,0,0,0,1,1,0,0,0,0,0,0,1,1,0,0,0,0,0,0,1,0,0,1,0,0,0,0,0,0,0,0,0,0,0,8,1,39.9031,-75.2397, ,Philadelphia
 ,2635,2017096486,6,67,67301,2017,8,4,1636,16,1,1,0,4,1, , ,N,1,2,0,3,0,2,3,2,N,N,40 00:20.095,75 05:48.804,1641, ,1636, ,0, ,N, ,3, , , , , ,52283, , , ,2,0,0,1,0,0,1,0,0,0,0,2,2,0,0,0,0,0,0,0,1,0,0,1,0,0,0,0,0,0,0,0,0,0,0,4,1,40.0056,-75.0969, ,Philadelphia
 ,2636,2017116174,6,67,67301,2017,10,5,1312,13,1,1,0,1,1, , ,N,0,0,0,3,0,1,3,3,N,N,40 02:27.028,75 03:31.415,1319, ,1316, ,0, ,N, ,0, , , , , ,52289, , , ,3,3,0,0,0,0,0,0,0,0,0,1,1,0,0,0,0,0,0,0,0,0,0,0,0,0,0,0,0,0,0,0,0,0,0,4,0,40.0408,-75.0587, ,Philadelphia
 ,2637,2017105923,6,67,67301,2017,9,5,823,8,1,1,0,8,1, , ,N,1,2,0,3,0,1,2,2,N, ,39 58:13.346,75 08:53.302,1650, ,1650, ,0, , , ,3, , , , , ,52296, , , ,1,1,0,0,0,0,0,0,0,0,0,1,1,0,0,0,0,0,0,0,0,0,0,1,0,0,0,0,0,0,0,0,1,0,0,4,0,39.9704,-75.1482, ,Philadelphia
 ,2638,2017067726,6,67,67301,2017,5,3,1000,10,1,1,0,8,1, , ,N,0,0,0,3,0,1,2,2,N, ,40 04:09.943,75 03:02.853,1145, ,1137, ,0, , , ,0, , , , , ,52304, , , ,1,0,0,0,0,0,0,1,0,0,0,1,1,0,1,0,0,0,0,0,0,0,0,0,0,0,0,0,0,0,0,0,1,0,0,4,0,40.0694,-75.0508, ,Philadelphia
 ,2639,2017071265,6,67,67301,2017,1,5,700,7,1,2,1,4,1, , ,N,1,2,0,3,0,0,2,2,N,N,39 57:10.730,75 10:06.316,0, ,0, ,0, ,N, ,3, , , , , ,52310, , , ,2,0,0,0,0,0,1,0,0,0,0,0,0,0,0,0,0,0,0,0,0,1,0,1,0,0,0,0,0,0,0,0,0,0,0,0,0,39.953,-75.1685, ,Philadelphia
 ,2640,2017070458,6,67,67301,2017,6,4,440,4,3,1,0,5,6, , ,N,0,0,0,3,0,0,2,3,N,N,39 57:09.850,75 09:23.217,448, ,440, ,0, , , ,0, , , , , ,52313, , , ,3,2,0,0,0,0,1,0,0,0,0,0,0,0,0,0,0,0,0,0,0,0,0,1,0,0,0,0,0,0,0,0,0,0,0,0,0,39.9527,-75.1564, ,Philadelphia
 ,2641,2017080198,6,67,67301,2017,8,7,1619,16,1,1,0,5,1, , ,N,7,0,2,3,0,2,3,2,N,N,39 54:37.800,75 09:28.700,1621, ,1619, ,0, ,N, ,0, , , , , ,52315, , , ,2,2,0,0,0,0,0,0,0,0,0,2,2,0,0,0,0,0,0,0,1,0,0,0,0,0,0,0,0,0,0,0,0,0,0,4,0,39.9105,-75.158, ,Philadelphia
 ,2642,2017060677,6,67,67301,2017,5,7,1950,19,4,1,0,4,1, , ,N,1,3,0,3,0,2,3,4,N,N,40 01:36.994,75 05:21.987,2010, ,2000,3,2,7,N, ,3,Y, , , , ,52347, , , ,4,2,0,0,0,0,2,0,0,0,0,1,2,1,0,0,0,0,0,0,0,0,0,0,0,0,0,0,0,0,0,0,0,0,0,4,0,40.0271,-75.0893, ,Philadelphia
 ,2643,2017019048,6,67,67301,2017,1,2,700,7,1,1,0,4,1, , ,N,1,2,0,3,0,0,3,2,N,N,40 02:50.956,75 05:30.725,720, ,700,2,2,5,N, ,3,N, , , , ,52354, , , ,2,2,0,0,0,0,0,0,0,0,0,0,0,0,3,0,0,0,0,0,1,0,0,0,0,0,0,0,0,0,0,0,0,0,0,9,0,40.0475,-75.0919, ,Philadelphia
 ,2644,2017040507,6,67,67301,2017,4,7,150,1,3,2,1,7,4, , ,N,0,0,0,3,0,0,2,1,N,N,39 57:38.002,75 10:53.099,159, ,152,2,1,4, , ,0,N, , , , ,52360, , , ,1,1,0,0,0,0,0,0,0,0,0,0,0,0,0,0,0,0,0,0,0,0,0,0,0,0,0,0,0,0,0,0,0,0,0,0,0,39.9601,-75.1799, ,Philadelphia
 ,2645,2017041359,6,67,67301,2017,3,4,1741,17,1,1,0,5,1, , ,N,2,0,0,3,0,0,2,2,N,N,39 55:58.119,75 13:26.677,1817, ,1817, ,0, ,N, ,0, , , , , ,52365, , , ,2,1,0,0,0,0,0,1,0,0,0,0,0,0,0,0,0,0,0,0,0,0,0,2,0,0,0,0,0,0,0,0,0,0,0,0,0,39.9328,-75.2241, ,Philadelphia
 ,2646,2017028837,6,67,67301,2017,2,6,1925,19,3,1,0,4,1, , ,N,2,3,0,3,0,1,3,2,N,N,39 59:41.130,75 09:39.458,1935, ,1925, ,0, ,N, ,3, , , , , ,52369, , , ,2,2,0,0,0,0,0,0,0,0,0,1,1,0,0,0,0,0,0,0,0,0,0,2,0,0,0,0,0,0,0,0,0,0,0,4,0,39.9948,-75.1609, ,Philadelphia
 ,2647,2017037469,6,67,67301,2017,3,6,9999,99,4,1,0,8,1, , ,N,1,2,0,3,0,1,2,2,N,N,39 58:43.230,75 09:28.092,1843, ,1840,1,2,1,N, ,3,N, , , , ,49335, , , ,1,0,0,0,0,0,0,0,0,0,1,0,1,0,0,0,0,0,0,0,0,0,0,0,0,0,0,0,0,0,0,0,1,0,0,3,0,39.9787,-75.1578, ,Philadelphia
 ,2648,2017066374,6,67,67301,2017,6,4,1705,17,1,1,0,7,9, , ,N,0,0,1,3,0,0,2,1,N,N,40 02:34.076,75 11:24.777,1815, ,1909,4,2,5,N, ,0,Y, , , , ,49362, , , ,1,0,0,0,0,1,0,0,0,0,0,0,0,0,0,0,0,0,0,0,0,0,0,0,0,0,0,0,0,0,0,0,0,0,0,0,1,40.0428,-75.1902, ,Philadelphia
 ,2649,2017076231,6,67,67301,2017,6,5,2130,21,3,1,0,4,1, , ,N,2,0,0,3,0,0,2,2,N, ,39 56:22.066,75 11:49.873,2150, ,2145, ,0, , , ,0, , , , , ,49375, , , ,2,1,0,0,0,0,0,1,0,0,0,0,0,0,0,0,0,0,0,0,0,0,0,1,0,0,0,0,0,0,0,0,0,0,0,0,0,39.9395,-75.1972, ,Philadelphia
 ,2650,2017097832,6,67,67301,2017,9,4,2125,21,3,2,1,1,1, , ,N,2,2,0,3,0,1,2,2,N,N,39 59:15.615,75 13:29.927,2132, ,2129, ,0, ,N, ,3, , , , , ,49385, , , ,2,0,0,0,1,0,1,0,0,0,0,1,1,0,0,0,0,0,0,0,0,0,0,0,0,0,0,0,0,0,0,0,0,0,0,4,0,39.9877,-75.225, ,Philadelphia
 ,2651,2017104043,6,67,67301,2017,9,7,1408,14,1,1,0,4,1, , ,N,0,0,0,3,0,0,4,2,N,N,40 00:50.131,75 03:23.923,1436, ,1414,3,2,2, , ,0,N, , , , ,49386, , , ,2,2,0,0,0,0,0,0,0,0,0,0,0,0,0,0,0,0,0,1,0,0,0,0,0,0,0,0,0,0,0,0,0,0,0,0,0,40.0139,-75.0566, ,Philadelphia
 ,2652,2017116191,6,67,67301,2017,10,5,1500,15,1,1,0,1,1, , ,N,1,3,0,3,0,1,3,2,N,N,39 56:11.376,75 08:55.247,2328, ,2320, ,0, ,N, ,3, , , , , ,49396, , , ,2,2,0,0,0,0,0,0,0,0,0,0,1,1,2,0,0,0,0,0,0,0,0,0,0,0,0,0,0,0,0,0,0,0,0,8,0,39.9365,-75.1487, ,Philadelphia
 ,2653,2017019052,6,67,67301,2017,1,4,530,5,1,1,0,8,4, , ,N,1,0,0,3,0,1,2,2,N, ,39 56:59.449,75 09:43.045,700, ,655, ,0, , , ,0, , , , , ,49459, , , ,1,0,0,0,0,0,0,0,0,0,0,0,1,1,0,0,0,0,0,0,0,0,0,0,0,0,0,0,0,0,0,0,1,0,0,8,0,39.9498,-75.162, ,Philadelphia
Y,2654,2017107310,6,67,67301,2017,7,6,1412,14,1,1,0,1,1,2,3,Y,0,8,0,3,0,1,2,2,N,N,39 53:13.498,75 12:17.224,1433,55,1422,1,2,1, , ,3,N,Y,N,N,N,49488,N,N,N,2,0,0,0,0,1,1,0,0,0,1,0,1,0,0,0,0,0,0,0,0,0,0,0,0,0,0,0,0,0,0,0,0,0,0,3,1,39.8871,-75.2047, ,Philadelphia
 ,2655,2017070627,6,67,67301,2017,7,2,1315,13,1,1,0,1,1, , ,N,0,0,2,3,0,0,4,3,N,N,39 55:25.898,75 11:32.829,1334, ,1322,2,2,3, , ,0,N, , , , ,49515, , , ,3,2,0,0,0,0,1,0,0,0,0,0,0,0,0,0,0,0,0,0,1,0,0,0,0,0,0,0,0,0,0,0,0,0,0,0,0,39.9239,-75.1925, ,Philadelphia
 ,2656,2017109925,6,67,67301,2017,10,1,635,6,1,1,0,1,1, , ,N,2,0,0,3,0,2,2,2,N, ,40 06:15.081,75 02:05.610,703, ,700, ,0, , , ,0, , , , , ,49546, , , ,2,1,0,0,0,0,1,0,0,0,0,0,2,2,0,0,0,0,0,0,1,0,0,0,0,0,0,0,0,0,0,0,0,0,0,8,0,40.1042,-75.0349, ,Philadelphia
 ,2657,2017097892,6,67,67301,2017,9,7,400,4,3,1,0,7,4, , ,N,1,0,0,3,0,0,1,1,N,N,40 04:53.536,75 13:08.446,406, ,402, ,0, , , ,0, , , , , ,49548, , , ,1,0,0,0,0,0,1,0,0,0,0,0,0,0,0,0,0,0,0,0,0,0,0,1,0,0,0,0,0,0,0,0,0,0,0,0,0,40.0815,-75.219, ,Philadelphia
 ,2658,2017101878,6,67,67301,2017,9,4,2252,22,3,1,0,4,1, , ,N,1,2,0,3,0,1,2,2,N,N,39 57:16.502,75 10:22.764,2320, ,2313, ,0, ,N, ,3, , , , , ,49549, , , ,2,2,0,0,0,0,0,0,0,0,0,1,1,0,0,0,0,0,0,0,1,0,0,1,0,0,0,0,0,0,0,0,0,0,0,4,0,39.9546,-75.173, ,Philadelphia
 ,2659,2017101869,6,67,67301,2017,9,1,17,0,3,1,0,4,1, , ,N,0,2,7,3,0,0,2,2,N,N,40 06:07.078,75 00:21.945,19, ,17,1,2,2,N, ,3,Y, , , , ,49550, , , ,2,1,0,0,0,0,1,0,0,0,0,0,0,0,0,0,0,0,0,0,0,0,0,1,0,0,0,0,0,0,0,0,0,0,0,0,0,40.1018,-75.0063, ,Philadelphia
 ,2660,2017088817,6,67,67301,2017,8,6,840,8,1,1,0,4,1, , ,N,1,2,0,3,0,1,2,2,N,N,39 56:45.345,75 09:22.814,1350, ,1350, ,0, , , ,3, , , , , ,49593, , , ,1,0,0,0,0,0,0,0,1,0,1,0,1,0,1,0,0,0,0,0,0,0,0,0,0,0,0,0,0,0,0,0,0,0,0,3,0,39.9459,-75.1563, ,Philadelphia
 ,2661,2017120708,6,67,67301,2017,10,1,2142,21,3,1,0,7,5, , ,N,1,2,0,3,0,2,2,1,N,N,39 59:25.969,75 10:07.230,2145, ,2142, ,0, , , ,3, , , , , ,49597, , , ,1,1,0,0,0,0,0,0,0,0,0,0,2,2,0,0,0,0,0,0,0,0,0,2,0,0,0,0,0,0,0,0,0,0,0,8,0,39.9905,-75.1687, ,Philadelphia
 ,2662,2017088994,6,67,67301,2017,7,2,735,7,1,1,0,8,1, , ,N,5,2,1,3,0,1,2,2,N,N,40 00:01.147,75 06:23.257,9999, ,9999, ,0, ,N, ,3, , , , , ,49602, , , ,1,0,1,0,0,0,0,0,0,0,1,0,1,0,1,0,0,0,0,0,0,0,0,0,0,0,0,0,0,0,0,0,1,0,0,3,0,40.0003,-75.1065, ,Philadelphia
 ,2663,2017108021,6,67,67301,2017,9,6,500,5,3,1,0,5,6, , ,N,0,0,0,3,0,1,1,3,N, ,40 01:28.564,75 06:35.600,530, ,515, ,0, , , ,0, , , , , ,49620, , , ,3,0,0,0,1,0,2,0,0,0,0,1,1,0,0,0,0,0,0,0,0,0,0,0,0,0,0,0,0,0,0,0,0,0,0,4,0,40.0246,-75.1099, ,Philadelphia
 ,2664,2017106045,6,67,67301,2017,9,1,1315,13,1,1,0,5,6, , ,N,0,0,0,3,0,1,1,2,N,N,39 57:43.663,75 12:08.180,1325, ,1320, ,0, ,N, ,0, , , , , ,49639, , , ,2,1,0,0,0,0,1,0,0,0,0,0,1,1,0,0,0,0,0,0,1,0,0,0,0,0,0,0,0,0,0,0,0,0,0,8,0,39.9621,-75.2023, ,Philadelphia
 ,2665,2017058249,6,67,67301,2017,5,7,1929,19,4,2,1,4,1, , ,N,2,3,1,3,0,1,3,2,N, ,39 59:49.912,75 06:43.736,1930, ,1930, ,0, , , ,3, , , , , ,42840, , , ,2,0,0,0,1,0,1,0,0,0,0,1,1,0,0,0,0,0,1,0,0,0,0,0,0,0,0,0,0,0,0,0,0,0,0,4,0,39.9972,-75.1121, ,Philadelphia
 ,2666,2017067913,6,67,67301,2017,6,4,50,0,3,1,0,4,1, , ,N,1,2,0,3,0,1,2,2,N,N,39 55:27.786,75 10:11.056,112, ,108, ,0, ,N, ,3, , , , , ,42846, , , ,1,0,0,0,0,0,1,0,1,0,0,1,1,0,0,0,0,0,0,0,0,0,0,0,0,0,0,0,0,0,0,0,0,0,0,4,0,39.9244,-75.1696, ,Philadelphia
 ,2667,2017028884,6,67,67301,2017,2,3,815,8,1,1,0,4,1, , ,N,1,2,0,3,0,1,2,2,N, ,40 01:47.079,75 03:36.108,821, ,821, ,0, , , ,3, , , , , ,42857, , , ,2,2,0,0,0,0,0,0,0,0,0,0,1,1,0,0,0,0,0,0,0,0,1,1,0,0,0,0,0,0,0,0,0,0,0,8,0,40.0297,-75.06, ,Philadelphia
 ,2668,2017055597,6,67,67301,2017,5,4,444,4,2,1,0,8,1, , ,N,0,0,0,3,1,0,2,2,N, ,39 59:28.386,75 06:03.788,444, ,444, ,0, , ,0,0, , , , , ,42884, , , ,1,1,0,0,0,0,0,0,0,0,0,0,0,0,0,0,0,0,0,0,0,0,0,1,0,0,0,0,0,0,0,0,1,1,0,1,0,39.9912,-75.1011,2,Philadelphia
 ,2669,2017007742,6,67,67301,2017,1,1,2000,20,3,1,0,1,1, , ,N,2,2,0,3,0,0,2,2,N,N,39 56:05.542,75 08:33.939,2020, ,2015, ,0, ,N, ,3, , , , , ,42903, , , ,2,2,0,0,0,0,0,0,0,0,0,0,0,0,0,0,0,0,0,0,0,1,0,0,0,0,0,0,0,0,0,0,0,0,0,0,0,39.9348,-75.1426, ,Philadelphia
 ,2670,2017037952,6,67,67301,2017,3,3,1738,17,4,2,1,1,1, , ,N,0,0,0,3,0,0,6,3,N,N,39 58:39.186,75 06:44.851,1807, ,1745,1,2,2, , ,0,N, , , , ,42911, , , ,3,3,0,0,0,0,0,0,0,0,0,0,0,0,0,0,0,0,0,1,0,0,0,0,0,0,0,0,0,0,0,0,0,0,0,0,0,39.9775,-75.1125, ,Philadelphia
 ,2671,2017029024,6,67,67301,2017,2,2,1630,16,1,1,0,8,1, , ,N,1,2,0,3,0,1,2,2,N,N,39 57:40.931,75 08:59.361,1659, ,1650, ,0, ,N, ,3, , , , , ,42915, , , ,1,0,0,0,0,0,1,0,0,0,0,1,1,0,0,0,0,0,0,0,1,0,0,0,0,0,0,0,0,0,0,0,1,0,0,4,0,39.9614,-75.1498, ,Philadelphia
 ,2672,2017018994,6,67,67301,2017,2,7,1910,19,3,1,0,7,5, , ,N,1,2,0,3,0,0,1,1,N, ,40 02:11.152,75 07:49.835,1910, ,1910, ,0, , , ,3, , , , , ,42919, , , ,1,1,0,0,0,0,0,0,0,0,0,0,0,0,0,0,0,0,0,0,1,0,0,0,0,0,0,0,0,0,0,0,0,0,0,0,0,40.0364,-75.1305, ,Philadelphia
 ,2673,2017021603,6,67,67301,2017,2,1,250,2,3,1,0,4,1, , ,N,1,2,0,3,0,0,4,2,N, ,39 59:10.572,75 09:22.129,325, ,321,1,1,2, , ,3,N, , , , ,42927, , , ,2,2,0,0,0,0,0,0,0,0,0,0,0,0,0,0,0,0,0,0,0,0,0,0,0,0,0,0,0,0,0,0,0,0,0,0,0,39.9863,-75.1561, ,Philadelphia
 ,2674,2017021988,6,67,67301,2017,2,5,500,5,3,1,0,7,5, , ,N,0,0,0,3,0,0,1,1,N,N,39 55:41.214,75 13:50.178,511, ,511, ,0, ,N, ,0, , , , , ,42953, , , ,1,1,0,0,0,0,0,0,0,0,0,0,0,0,0,0,0,0,0,0,0,0,0,0,0,0,0,0,0,0,0,0,0,0,0,0,0,39.9281,-75.2306, ,Philadelphia
 ,2675,2017019119,6,67,67301,2017,1,5,1215,12,1,1,0,7,5, , ,N,2,0,0,3,0,0,1,1,N,N,40 05:51.918,75 02:51.766,1245, ,1240, ,0, ,N, ,0, , , , , ,42955, , , ,1,1,0,0,0,0,0,0,0,0,0,0,0,0,0,0,0,0,0,0,1,0,0,0,0,0,0,0,0,0,0,0,0,0,0,0,0,40.0978,-75.0477, ,Philadelphia
 ,2676,2017043789,6,67,67301,2017,4,4,1630,16,1,1,0,4,1, , ,N,1,2,0,3,0,1,4,2,N,N,40 02:14.686,75 10:54.569,1638, ,1632, ,0, ,N, ,3, , , , , ,42965, , , ,2,1,0,0,0,0,0,1,0,0,0,0,1,1,1,0,0,0,0,0,1,0,0,0,0,0,0,0,0,0,0,0,0,0,0,8,0,40.0374,-75.1818, ,Philadelphia
 ,2677,2017060541,6,67,67301,2017,5,7,1142,11,1,2,1,4,1, , ,N,1,2,0,3,0,1,2,2,N,N,39 59:24.720,75 09:43.023,1202, ,1201, ,0, ,N, ,3, , , , , ,42978, , , ,2,1,0,0,0,0,1,0,0,0,0,0,1,1,0,0,0,0,1,0,1,0,0,0,0,0,0,0,0,0,0,0,0,0,0,8,0,39.9902,-75.162, ,Philadelphia
 ,2678,2017060558,6,67,67301,2017,5,2,1745,17,1,1,0,8,1, , ,N,0,0,0,3,0,1,2,2,N, ,40 02:21.130,75 01:03.328,1949, ,1946, ,0, , , ,0, , , , , ,42980, , , ,1,0,0,0,0,0,1,0,0,0,0,0,1,1,0,0,0,0,0,0,0,0,0,0,0,0,0,0,0,0,0,0,1,0,0,8,0,40.0392,-75.0176, ,Philadelphia
 ,2679,2017037058,6,67,67301,2017,3,1,621,6,3,1,0,7,4, , ,N,0,0,0,3,0,0,1,1,N,N,39 57:43.129,75 10:56.971,634, ,621,2,1,4, , ,0,N, , , , ,43007, , , ,1,1,0,0,0,0,0,0,0,0,0,0,0,0,0,0,0,0,0,0,0,0,0,0,0,0,0,0,0,0,0,0,0,0,0,0,0,39.9612,-75.1819, ,Philadelphia
 ,2680,2017037467,6,67,67301,2017,3,1,1700,17,1,1,0,4,1, , ,N,1,2,0,3,0,2,3,2,N,N,39 59:27.061,75 09:18.508,1705, ,1701,2,2,1,N, ,3,Y, , , , ,43015, , , ,2,2,0,0,0,0,0,0,0,0,0,2,2,0,0,0,0,0,0,0,0,0,0,3,0,0,0,0,0,0,0,0,0,0,0,4,0,39.9909,-75.1551, ,Philadelphia
 ,2681,2017028883,6,67,67301,2017,2,6,1137,11,1,1,0,8,1, , ,N,1,3,0,3,0,1,3,2,N,N,39 57:53.649,75 09:33.990,1141, ,1137, ,0, , , ,3, , , , , ,43021, , , ,1,1,0,0,0,0,0,0,0,0,0,1,1,0,2,0,0,0,0,0,0,0,0,0,0,0,0,0,0,0,0,0,1,0,0,4,0,39.9649,-75.1594, ,Philadelphia
 ,2682,2017039553,6,67,67301,2017,4,6,1916,19,3,1,0,0,1, , ,N,0,0,0,3,0,0,2,2,N,N,39 58:37.757,75 11:56.686,1940, ,1916, ,0, , , ,0, , , , , ,43025, , , ,2,2,0,0,0,0,0,0,0,0,0,0,0,0,0,0,0,0,0,0,2,0,0,0,0,0,0,0,0,0,0,0,0,0,0,0,0,39.9769,-75.1976, ,Philadelphia
 ,2683,2017021530,6,67,67301,2017,2,7,1715,17,3,1,0,4,1, , ,N,0,0,0,3,0,0,4,2,N,N,39 56:24.581,75 11:52.488,1733, ,1718,3,2,1,N, ,0,N, , , , ,46113, , , ,2,2,0,0,0,0,0,0,0,0,0,0,0,0,0,0,0,0,0,0,0,1,0,0,0,0,0,0,0,0,0,0,0,0,0,0,0,39.9402,-75.1979, ,Philadelphia
 ,2684,2017052447,6,67,67301,2017,4,7,212,2,3,1,0,4,1, , ,N,1,3,0,3,0,1,3,2,N,N,40 03:04.953,75 07:27.570,215, ,212, ,0, ,N, ,3, , , , , ,46118, , , ,2,1,0,0,0,0,1,0,0,0,0,0,1,1,0,0,0,0,0,0,0,0,0,2,0,0,0,0,0,0,0,0,0,0,0,8,0,40.0514,-75.1243, ,Philadelphia
 ,2685,2017033505,6,67,67301,2017,2,4,1811,18,3,1,0,1,1, , ,N,0,0,0,3,0,1,4,2,N,N,40 05:12.505,75 04:28.210,1820, ,1811,1,1,2, , ,0,N, , , , ,46138, , , ,2,0,0,0,0,0,2,0,0,0,0,0,1,1,0,0,1,0,0,0,0,0,0,0,0,0,0,0,0,0,0,0,0,0,0,8,0,40.0868,-75.0745, ,Philadelphia
 ,2686,2017043242,6,67,67301,2017,4,6,2113,21,3,1,0,7,2, , ,N,0,8,0,3,0,0,3,3,N,N,39 57:33.624,75 10:24.746,2125, ,2117,2,2,4, , ,3,N, , , , ,46140, , , ,3,3,0,0,0,0,0,0,0,0,0,0,0,0,0,0,0,0,0,1,0,0,0,0,0,0,0,0,0,0,0,0,0,0,0,0,0,39.9593,-75.1735, ,Philadelphia
 ,2687,2017010616,6,67,67301,2017,1,1,302,3,3,4,5,2,6, , ,N,0,0,0,3,0,1,1,3,N,N,40 01:51.927,75 07:03.777,341, ,337,1,2,5,N, ,0,N, , , , ,46185, , , ,3,2,0,0,0,0,1,0,0,0,1,0,1,0,0,0,0,0,0,1,0,0,0,0,0,0,0,0,0,0,0,0,0,0,0,3,0,40.0311,-75.1177, ,Philadelphia
 ,2688,2017041124,6,67,67301,2017,4,2,1522,15,1,1,0,5,1, , ,N,0,0,6,3,0,3,7,3,N, ,40 04:04.089,75 02:25.879,1526, ,1522,3,1,2, , ,0,N, , , , ,46199, , , ,3,1,0,0,0,0,2,0,0,0,3,0,3,0,1,0,0,1,0,0,0,0,0,5,0,0,0,0,0,0,0,0,0,0,0,3,0,40.0678,-75.0405, ,Philadelphia
 ,2689,2017035816,6,67,67301,2017,3,7,2030,20,3,1,0,7,5, , ,N,0,0,0,3,0,0,1,1,N,N,40 06:30.092,75 00:37.443,2038, ,2030, ,0, ,N, ,0, , , , , ,46200, , , ,1,0,0,0,0,0,1,0,0,0,0,0,0,0,0,0,0,0,0,0,0,0,0,0,0,0,0,0,0,0,0,0,0,0,0,0,0,40.1084,-75.0104, ,Philadelphia
 ,2690,2017041275,6,67,67301,2017,4,4,912,9,1,1,1,1,1, , ,N,0,0,0,3,0,0,4,4,N,N,40 00:52.948,75 10:40.957,934, ,912, ,0, , , ,0, , , , , ,46201, , , ,4,1,0,0,1,0,2,0,0,0,0,0,0,0,0,0,0,0,0,0,1,0,0,1,0,0,0,0,0,0,0,0,0,0,0,0,0,40.0147,-75.178, ,Philadelphia
 ,2691,2017052174,6,67,67301,2017,4,2,1845,18,1,1,0,4,1, , ,N,1,2,0,3,0,2,3,2,N, ,40 00:10.828,75 09:04.647,1900, ,1850, ,0, , , ,3, , , , , ,46207, , , ,2,2,0,0,0,0,0,0,0,0,2,0,2,0,1,0,0,0,0,0,0,0,0,0,0,0,0,0,0,0,0,0,0,0,0,3,0,40.003,-75.1513, ,Philadelphia
 ,2692,2017033580,6,67,67301,2017,2,5,1630,16,1,1,0,4,1, , ,N,2,2,0,3,0,2,3,2,N,N,39 56:24.382,75 12:02.446,1743, ,1732, ,0, ,N, ,3, , , , , ,46239, , , ,2,1,0,0,0,0,1,0,0,0,0,2,2,0,0,0,0,0,0,0,1,0,0,0,0,0,0,0,0,0,0,0,0,0,0,4,0,39.9401,-75.2007, ,Philadelphia
 ,2693,2017041220,6,67,67301,2017,4,1,2123,21,3,1,0,5,6, , ,N,0,0,0,3,0,1,1,2,N, ,40 01:19.370,75 04:07.773,2353, ,2350, ,0, , , ,0, , , , , ,46241, , , ,2,1,0,0,0,0,1,0,0,0,0,1,1,0,0,0,0,0,0,0,1,0,0,0,0,0,0,0,0,0,0,0,0,0,0,4,0,40.022,-75.0688, ,Philadelphia
 ,2694,2017041415,6,67,67301,2017,4,7,2244,22,3,1,0,7,3, , ,N,0,0,0,3,0,1,1,2,N,N,40 01:46.515,75 04:00.082,2314, ,2309, ,0, ,N, ,0, , , , , ,46244, , , ,1,0,0,0,0,0,1,0,0,0,0,1,1,0,0,0,0,0,0,0,0,0,0,0,0,0,0,0,0,0,0,0,0,0,0,4,0,40.0296,-75.0667, ,Philadelphia
 ,2695,2017028871,6,67,67301,2017,2,2,1400,14,1,1,0,1,1, , ,N,0,0,0,3,0,1,5,4,N, ,40 00:06.307,75 09:14.787,1400, ,1400, ,0, , , ,0, , , , , ,46247, , , ,4,3,0,0,0,0,1,0,0,0,0,1,1,0,0,0,0,0,0,0,1,0,0,5,0,0,0,0,0,0,0,0,0,0,0,4,0,40.0018,-75.1541, ,Philadelphia
 ,2696,2017052903,6,67,67301,2017,5,1,1130,11,1,1,0,1,1, , ,N,0,0,0,3,0,0,3,3,N,N,39 57:57.626,75 11:12.299,1144, ,1133, ,0, , , ,0, , , , , ,46256, , , ,3,3,0,0,0,0,0,0,0,0,0,0,0,0,0,0,0,0,0,0,0,0,0,0,0,0,0,0,0,0,0,0,0,0,0,0,0,39.966,-75.1867, ,Philadelphia