wz_ln_closure,objectid_1,crn,district,county,municipality,crash_year,crash_month,day_of_week,time_of_day,hour_of_day,illumination,weather,road_condition,collision_type,relation_to_road,work_zone_type,work_zone_loc,work_zone_ind,intersect_type,tcd_type,location_type,urban_rural,fatal_count,injury_count,person_count,total_units,sch_bus_ind,sch_zone_ind,latitude,longitude,arrival_tm,cons_zone_spd_lim,dispatch_tm,est_hrs_closed,lane_closed,ln_close_dir,ntfy_hiwy_maint,spec_juris_cd,tcd_func_cd,tfc_detour_ind,workers_pres,wz_close_detour,wz_flagger,wz_law_offcr_ind,objectid,wz_moving,wz_other,wz_shlder_mdn,vehicle_count,automobile_count,motorcycle_count,bus_count,small_truck_count,heavy_truck_count,suv_count,van_count,bicycle_count,maj_inj_count,mod_inj_count,min_inj_count,tot_inj_count,unk_inj_deg_count,unk_inj_per_count,driver_count_16yr,driver_count_17yr,driver_count_18yr,driver_count_19yr,driver_count_20yr,driver_count_50_64yr,driver_count_65_74yr,driver_count_75plus,unbelted_occ_count,unb_death_count,unb_maj_inj_count,belted_death_count,belted_maj_inj_count,mcycle_death_count,mcycle_maj_inj_count,bicycle_death_count,bicycle_maj_inj_count,ped_count,ped_death_count,ped_maj_inj_count,max_severity_level,comm_veh_count,dec_lat,dec_long,rdwy_surf_type_cd,county_name
 ,2761,2017017610,6,67,67301,2017,2,2,933,9,1,1,0,1,1, , ,N,7,0,2,3,0,0,3,3,N,N,40 00:12.647,75 04:38.645,1001, ,933, ,0, , , ,0, , , , , ,46396, , , ,3,1,0,0,0,0,1,1,0,0,0,0,0,0,0,0,0,0,0,0,2,0,0,0,0,0,0,0,0,0,0,0,0,0,0,0,0,40.0035,-75.0774, ,Philadelphia
 ,2762,2017021571,6,67,67301,2017,2,1,309,3,3,1,0,5,6, , ,N,0,0,0,3,0,3,3,3,N,N,40 00:59.898,75 08:58.676,330, ,329, ,0, ,N, ,0, , , , , ,46398, , , ,3,1,0,0,0,0,2,0,0,0,0,0,3,3,0,0,0,0,0,0,0,0,0,0,0,0,0,0,0,0,0,0,0,0,0,8,0,40.0166,-75.1496, ,Philadelphia
 ,2763,2017035763,6,67,67301,2017,3,6,1845,18,3,8,1,4,1, , ,N,1,2,0,3,0,0,4,2,N,N,40 00:20.131,75 06:11.812,1850, ,1845, ,0, ,N, ,3, , , , , ,46399, , , ,2,0,0,0,1,0,1,0,0,0,0,0,0,0,0,0,0,0,0,0,0,0,0,0,0,0,0,0,0,0,0,0,0,0,0,0,0,40.0056,-75.1033, ,Philadelphia
 ,2764,2017021607,6,67,67301,2017,2,1,530,5,3,1,0,6,6, , ,N,0,0,0,3,0,0,1,2,N,N,39 56:59.535,75 13:51.438,538, ,530, ,0, ,N, ,0, , , , , ,46401, , , ,2,1,0,0,0,0,1,0,0,0,0,0,0,0,0,0,0,0,0,0,0,0,0,1,0,0,0,0,0,0,0,0,0,0,0,0,0,39.9499,-75.231, ,Philadelphia
 ,2765,2017052331,6,67,67301,2017,4,5,355,3,3,1,0,4,1, , ,N,1,2,0,3,0,1,3,2,N, ,40 00:15.530,75 07:40.814,402, ,359, ,0, , , ,1, , , , , ,46408, , , ,2,2,0,0,0,0,0,0,0,0,0,1,1,0,1,0,0,0,0,0,0,0,0,0,0,0,0,0,0,0,0,0,0,0,0,4,0,40.0043,-75.128, ,Philadelphia
 ,2766,2017055550,6,67,67301,2017,4,5,1500,15,1,1,0,8,1, , ,N,0,0,0,3,0,1,3,2,N,Y,39 57:49.131,75 08:53.364,1530, ,1518, ,0, ,N, ,0, , , , , ,46412, , , ,1,1,0,0,0,0,0,0,0,0,0,1,1,0,0,0,0,0,0,0,0,0,0,0,0,0,0,0,0,0,0,0,1,0,0,4,0,39.9636,-75.1482, ,Philadelphia
 ,2767,2017027733,6,67,67301,2017,3,3,18,0,3,4,3,1,1, , ,N,0,0,0,3,0,0,2,2,N,N,39 58:49.770,75 09:27.114,22, ,21,2,1,2,N, ,0,N, , , , ,46429, , , ,2,1,0,0,0,1,0,0,0,0,0,0,0,0,0,0,0,0,1,0,1,0,0,0,0,0,0,0,0,0,0,0,0,0,0,0,1,39.9805,-75.1575, ,Philadelphia
 ,2768,2017037450,6,67,67301,2017,3,4,1745,17,1,1,0,4,1, , ,N,1,2,0,3,0,1,2,2,N,N,40 00:57.223,75 11:13.338,1815, ,1757, ,0, ,N, ,3, , , , , ,46438, , , ,2,2,0,0,0,0,0,0,0,0,0,1,1,0,0,0,0,0,0,0,0,0,0,0,0,0,0,0,0,0,0,0,0,0,0,4,0,40.0159,-75.187, ,Philadelphia
 ,2769,2017028859,6,67,67301,2017,2,6,1340,13,1,1,0,8,1, , ,N,1,2,0,3,0,1,2,2,N, ,40 01:00.988,75 03:38.322,1345, ,1341,1,1,3, , ,3,N, , , , ,46441, , , ,1,0,0,0,0,0,1,0,0,0,0,1,1,0,0,0,0,0,0,0,0,1,0,0,0,0,0,0,0,0,0,0,1,0,0,4,0,40.0169,-75.0606, ,Philadelphia
 ,2770,2017060748,6,67,67301,2017,5,6,1209,12,1,1,0,4,1, , ,N,2,3,0,3,0,1,2,2,N,N,40 05:08.045,75 02:21.757,1212, ,1209, ,0, ,N, ,3, , , , , ,46458, , , ,2,2,0,0,0,0,0,0,0,0,0,1,1,0,0,0,0,0,0,0,1,0,0,0,0,0,0,0,0,0,0,0,0,0,0,4,0,40.0856,-75.0394, ,Philadelphia
 ,2771,2017019150,6,67,67301,2017,1,7,9999,99,3,1,0,4,1, , ,N,1,2,0,3,0,2,3,2,N,N,40 02:24.861,75 03:30.268,9999, ,9999, ,0, ,N, ,3, , , , , ,46468, , , ,2,1,0,0,0,0,1,0,0,0,0,1,2,1,0,0,0,0,0,0,0,0,0,1,0,0,0,0,0,0,0,0,0,0,0,4,0,40.0403,-75.0585, ,Philadelphia
 ,2772,2017035632,6,67,67301,2017,3,7,2135,21,3,1,0,4,1, , ,N,1,2,0,3,0,0,1,2,N,N,39 56:32.713,75 10:45.049,2153, ,2149,1,2,4,N, ,3,Y, , , , ,46486, , , ,2,1,0,0,0,0,1,0,0,0,0,0,0,0,0,0,0,0,0,0,0,0,0,0,0,0,0,0,0,0,0,0,0,0,0,0,0,39.9424,-75.1792, ,Philadelphia
 ,2773,2017106055,6,67,67301,2017,9,7,1315,13,1,1,0,1,1, , ,N,0,0,0,3,0,4,6,3,N, ,39 59:29.089,75 11:11.254,1325, ,1315, ,0, , , ,0, , , , , ,52667, , , ,3,3,0,0,0,0,0,0,0,0,0,4,4,0,0,0,0,0,0,0,0,0,0,6,0,0,0,0,0,0,0,0,0,0,0,4,0,39.9914,-75.1865, ,Philadelphia
 ,2774,2017101183,6,67,67301,2017,6,2,2337,23,3,1,0,7,5, , ,N,0,0,0,3,0,0,1,1,N,N,40 01:58.950,75 01:14.780,2353, ,2337,1,2,2, , ,0,N, , , , ,52674, , , ,1,1,0,0,0,0,0,0,0,0,0,0,0,0,1,0,0,0,0,0,0,0,0,0,0,0,0,0,0,0,0,0,0,0,0,9,0,40.033,-75.0208, ,Philadelphia
 ,2775,2017086163,6,67,67301,2017,7,3,1215,12,1,1,0,8,1, , ,N,1,2,0,3,0,1,2,2,N, ,39 57:39.299,75 13:58.233,1238, ,1231, ,0, , , ,3, , , , , ,52719, , , ,1,0,0,0,0,0,0,0,0,0,0,1,1,0,0,0,0,0,0,0,0,0,0,0,0,0,0,0,0,0,0,0,1,0,0,4,0,39.9609,-75.2329, ,Philadelphia
 ,2776,2017116201,6,67,67301,2017,10,5,2055,20,3,1,0,8,1, , ,N,1,3,0,3,0,1,2,2,N,N,40 05:16.476,74 58:50.192,2103, ,2059, ,0, ,N, ,3, , , , , ,52725, , , ,1,0,0,0,0,0,1,0,0,0,0,1,1,0,0,0,0,0,0,0,1,0,0,1,0,0,0,0,0,0,0,0,1,0,0,4,0,40.0879,-74.9806, ,Philadelphia
 ,2777,2017079144,6,67,67301,2017,7,5,2320,23,3,1,0,1,1, , ,N,0,0,0,3,0,0,2,2,N,N,39 57:57.477,75 11:11.433,2356, ,2329,2,2,4, , ,0,N, , , , ,52744, , , ,2,1,0,0,0,0,1,0,0,0,0,0,0,0,1,0,0,0,0,0,0,0,0,0,0,0,0,0,0,0,0,0,0,0,0,9,0,39.964,-75.1844, ,Philadelphia
 ,2778,2017078853,6,67,67301,2017,7,1,100,1,3,1,0,5,6, , ,N,0,0,0,3,0,0,1,3,N,N,40 04:02.593,75 11:00.066,113, ,107, ,0, ,N, ,0, , , , , ,52756, , , ,3,0,0,0,0,0,1,0,0,0,0,0,0,0,0,0,0,0,0,0,1,0,0,0,0,0,0,0,0,0,0,0,0,0,0,0,0,40.0674,-75.1834, ,Philadelphia
 ,2779,2017086986,6,67,67301,2017,1,3,1630,16,1,1,0,4,1, , ,N,1,2,0,3,0,1,2,2,N, ,39 54:48.988,75 14:22.142,9999, ,9999, ,0, , , ,3, , , , , ,52763, , , ,2,0,0,0,1,0,1,0,0,0,0,0,1,1,0,0,0,0,0,0,1,0,0,1,0,0,0,0,0,0,0,0,0,0,0,8,0,39.9136,-75.2395, ,Philadelphia
 ,2780,2017086853,6,67,67301,2017,5,1,230,2,2,1,0,1,6, , ,N,0,0,0,3,0,2,3,3,N,N,39 57:45.871,75 14:40.441,250, ,240, ,0, , , ,0, , , , , ,52765, , , ,3,2,0,0,0,0,1,0,0,0,0,0,2,2,0,0,0,0,0,0,0,0,0,1,0,0,0,0,0,0,0,0,0,0,0,8,0,39.9627,-75.2446, ,Philadelphia
 ,2781,2017086770,6,67,67301,2017,4,2,948,9,1,1,0,0,1, , ,N,2,3,0,3,0,0,1,2,N,N,40 01:35.020,75 05:38.085,955, ,948,1,1,1,N, ,3,N, , , , ,52786, , , ,1,0,0,0,0,0,1,0,0,0,0,0,0,0,0,0,0,0,0,0,1,0,0,0,0,0,0,0,0,0,0,0,0,0,0,0,0,40.0264,-75.0939, ,Philadelphia
 ,2782,2017086305,6,67,67301,2017,7,7,300,3,3,2,1,4,1, , ,N,1,2,0,3,0,2,2,2,N,N,40 04:22.410,75 04:33.193,311, ,305, ,0, ,N, ,3, , , , , ,52797, , , ,2,2,0,0,0,0,0,0,0,0,0,2,2,0,0,0,0,0,0,0,0,0,0,0,0,0,0,0,0,0,0,0,0,0,0,4,0,40.0729,-75.0759, ,Philadelphia
 ,2783,2017086294,6,67,67301,2017,7,1,1636,16,1,1,0,4,1, , ,N,2,3,0,3,0,1,3,2,N, ,40 01:32.502,75 12:09.049,1653, ,1647,9,1,1, , ,3,N, , , , ,52798, , , ,2,2,0,0,0,0,0,0,0,0,0,0,1,1,0,0,0,0,0,0,0,1,0,0,0,0,0,0,0,0,0,0,0,0,0,8,0,40.0257,-75.2025, ,Philadelphia
 ,2784,2017108037,6,67,67301,2017,9,4,2240,22,3,1,0,5,6, , ,N,0,0,0,3,0,3,3,2,N,N,39 58:13.314,75 12:15.145,2244, ,2244,2,2,6,N, ,0,Y, , , , ,52802, , , ,2,1,0,1,0,0,0,0,0,0,0,3,3,0,0,0,0,0,0,0,0,0,0,0,0,0,0,0,0,0,0,0,0,0,0,4,1,39.9704,-75.2042, ,Philadelphia
 ,2785,2017086171,6,67,67301,2017,7,6,1640,16,1,1,0,4,1, , ,N,1,3,0,3,0,1,2,2,N,N,40 03:46.270,75 02:58.012,1643, ,1640, ,0, ,N, ,3, , , , , ,52806, , , ,2,2,0,0,0,0,0,0,0,0,0,1,1,0,0,0,0,0,0,0,0,0,0,0,0,0,0,0,0,0,0,0,0,0,0,4,0,40.0629,-75.0494, ,Philadelphia
 ,2786,2017116198,6,67,67301,2017,10,1,1429,14,1,1,0,1,1, , ,N,0,0,0,3,0,1,3,2,N,N,39 56:15.865,75 08:31.485,1530, ,1526, ,0, , , ,0, , , , , ,52809, , , ,2,2,0,0,0,0,0,0,0,0,0,0,1,1,0,0,0,0,0,0,0,0,0,0,0,0,0,0,0,0,0,0,0,0,0,8,0,39.9377,-75.1421, ,Philadelphia
 ,2787,2017101828,6,67,67301,2017,9,1,1855,18,4,1,0,1,1, , ,N,1,2,0,3,0,1,2,2,N,N,40 01:06.607,75 03:27.456,1947, ,1934, ,0, ,N, ,3, , , , , ,52815, , , ,2,1,0,0,0,0,1,0,0,0,0,1,1,0,0,0,0,0,0,0,1,0,0,1,0,0,0,0,0,0,0,0,0,0,0,4,0,40.0185,-75.0576, ,Philadelphia
 ,2788,2017101826,6,67,67301,2017,9,3,1925,19,1,1,0,4,1, , ,N,2,3,0,3,0,0,1,3,N,N,40 01:48.007,75 09:34.696,1925, ,1925, ,0, ,N, ,3, , , , , ,52819, , , ,3,1,0,0,0,0,1,1,0,0,0,0,0,0,0,0,0,0,0,0,0,0,0,1,0,0,0,0,0,0,0,0,0,0,0,0,0,40.03,-75.1596, ,Philadelphia
 ,2789,2017060545,6,67,67301,2017,5,4,1111,11,1,1,0,8,1, , ,N,1,3,0,3,0,1,2,2,N,N,39 59:35.991,75 06:01.091,1115, ,1112, ,0, ,N, ,3, , , , , ,52836, , , ,1,0,0,0,0,0,1,0,0,0,1,0,1,0,0,0,0,0,0,0,1,0,0,0,0,0,0,0,0,0,0,0,1,0,0,3,0,39.9933,-75.1003, ,Philadelphia
 ,2790,2017067856,6,67,67301,2017,6,6,1630,16,1,1,0,4,1, , ,N,2,0,0,3,0,0,2,2,N, ,39 59:50.974,75 05:49.416,1648, ,1645, ,0, , , ,0, , , , , ,52847, , , ,2,1,0,0,0,0,1,0,0,0,0,0,0,0,0,0,0,0,0,0,1,0,0,2,0,0,0,0,0,0,0,0,0,0,0,0,0,39.9975,-75.0971, ,Philadelphia
 ,2791,2017116950,6,67,67301,2017,9,6,1842,18,1,1,0,1,1, , ,N,0,0,0,3,0,0,2,2,N,N,39 59:40.215,75 05:03.009,1855, ,1848, ,0, , , ,0, , , , , ,49788, , , ,2,2,0,0,0,0,0,0,0,0,0,0,0,0,0,0,0,0,0,0,1,0,0,0,0,0,0,0,0,0,0,0,0,0,0,0,0,39.9945,-75.0842, ,Philadelphia
 ,2792,2017097874,6,67,67301,2017,9,3,1650,16,1,2,1,8,1, , ,N,3,0,0,3,0,1,2,2,N,N,40 00:46.732,75 09:01.153,1704, ,1704, ,0, , , ,0, , , , , ,49801, , , ,1,0,0,0,0,0,1,0,0,0,0,1,1,0,0,0,0,0,0,0,1,0,0,0,0,0,0,0,0,0,0,0,1,0,0,4,0,40.013,-75.1503, ,Philadelphia
 ,2793,2017126206,6,67,67301,2017,11,2,2316,23,3,1,0,1,1, , ,N,0,0,0,3,0,0,3,3,N,N,39 53:55.996,75 10:07.460,2331, ,2327,1,2,1, , ,0,N, , , , ,49814, , , ,3,1,0,0,0,0,2,0,0,0,0,0,0,0,0,0,0,0,1,0,1,0,0,0,0,0,0,0,0,0,0,0,0,0,0,0,0,39.8989,-75.1687, ,Philadelphia
 ,2794,2017105874,6,67,67301,2017,9,7,930,9,1,1,0,5,6, , ,N,0,0,0,3,0,0,1,4,N,N,40 00:03.358,75 07:23.796,1035, ,1030, ,0, ,N, ,0, , , , , ,49825, , , ,4,3,0,0,0,0,1,0,0,0,0,0,0,0,0,0,0,0,0,0,0,0,0,1,0,0,0,0,0,0,0,0,0,0,0,0,0,40.0009,-75.1233, ,Philadelphia
 ,2795,2017120539,6,67,67301,2017,10,6,1715,17,1,1,0,4,1, , ,N,1,3,0,3,0,1,2,2,N,N,40 03:55.396,75 08:49.668,1725, ,1720, ,0, ,N, ,3, , , , , ,49834, , , ,2,1,0,0,0,0,1,0,0,0,0,1,1,0,0,0,0,0,1,0,0,0,0,0,0,0,0,0,0,0,0,0,0,0,0,4,0,40.0654,-75.1471, ,Philadelphia
 ,2796,2018027471,6,67,67301,2017,12,5,1015,10,1,4,6,7,5, , ,N,0,0,0,3,0,0,2,1,N, ,40 02:16.700,75 13:51.500,1021, ,1015, ,0, ,N, ,0, , , , , ,49838, , , ,1,1,0,0,0,0,0,0,0,0,0,0,0,0,0,0,0,0,0,0,1,0,0,0,0,0,0,0,0,0,0,0,0,0,0,0,0,40.038,-75.231, ,Philadelphia
 ,2797,2017096560,6,67,67301,2017,8,4,100,1,2,1,1,4,1, , ,N,1,2,0,3,0,1,2,2,N, ,39 55:38.416,75 08:41.201,109, ,107, ,0, , , ,3, , , , , ,49879, , , ,2,1,0,0,0,0,1,0,0,0,0,1,1,0,0,0,0,0,0,0,1,0,0,1,0,0,0,0,0,0,0,0,0,0,0,4,0,39.9273,-75.1448, ,Philadelphia
 ,2798,2017104011,6,67,67301,2017,9,4,836,8,1,1,0,1,1, , ,N,7,0,2,3,0,0,4,3,N,N,39 59:18.829,75 12:25.361,847, ,840, ,0, , , ,0, , , , , ,49882, , , ,3,1,0,0,0,0,1,1,0,0,0,0,0,0,0,0,0,0,0,0,0,0,0,0,0,0,0,0,0,0,0,0,0,0,0,0,0,39.9882,-75.2073, ,Philadelphia
 ,2799,2017061146,6,67,67301,2017,5,3,1245,12,1,1,1,5,1, , ,N,0,0,0,3,0,1,3,3,N,N,39 56:59.160,75 08:37.595,1251, ,1247, ,0, ,N, ,0, , , , , ,49896, , , ,3,1,0,0,1,1,0,0,0,0,0,0,1,1,0,0,0,0,0,0,0,0,0,0,0,0,0,0,0,0,0,0,0,0,0,8,1,39.9498,-75.1438, ,Philadelphia
 ,2800,2017076266,6,67,67301,2017,6,4,1843,18,1,2,1,4,1, , ,N,2,2,0,3,0,1,2,2,N,N,39 54:38.457,75 11:08.380,1912, ,1903, ,0, ,N, ,3, , , , , ,49911, , , ,2,1,0,0,1,0,0,0,0,0,0,1,1,0,0,0,0,0,0,0,1,0,0,0,0,0,0,0,0,0,0,0,0,0,0,4,0,39.9106,-75.1856, ,Philadelphia
 ,2801,2017120559,6,67,67301,2017,10,4,1830,18,3,1,0,8,1, , ,N,0,0,0,3,0,1,2,2,N, ,40 02:28.226,75 04:01.250,1840, ,1835, ,0, , , ,0, , , , , ,49932, , , ,1,1,0,0,0,0,0,0,0,0,0,1,1,0,0,0,0,0,0,0,1,0,0,0,0,0,0,0,0,0,0,0,1,0,0,4,0,40.0412,-75.067, ,Philadelphia
 ,2802,2017060643,6,67,67301,2017,5,5,1505,15,1,1,0,4,1, , ,N,1,2,0,3,0,2,3,2,N,N,40 07:00.010,75 01:11.269,1530, ,1511,1,2,1,N, ,3,Y, , , , ,49947, , , ,2,1,0,0,0,0,1,0,0,0,0,0,2,2,0,0,0,0,0,1,0,0,0,0,0,0,0,0,0,0,0,0,0,0,0,8,0,40.1167,-75.0198, ,Philadelphia
 ,2803,2017068004,6,67,67301,2017,6,1,255,2,3,1,0,8,1, , ,N,0,0,0,3,0,1,2,2,N,N,40 02:13.622,75 02:28.996,255, ,255, ,0, ,N, ,0, , , , , ,49958, , , ,1,0,0,0,0,0,0,0,0,0,0,1,1,0,0,0,0,0,0,0,0,0,0,0,0,0,0,0,0,0,0,0,1,0,0,4,0,40.0371,-75.0414, ,Philadelphia
 ,2804,2017086949,6,67,67301,2017,1,1,235,2,3,1,1,4,1, , ,N,1,2,0,3,0,4,5,2,N, ,39 58:25.571,75 15:29.588,243, ,238, ,0, , , ,3, , , , , ,49968, , , ,2,0,0,0,0,0,2,0,0,0,3,1,4,0,1,0,0,0,0,1,0,1,0,0,0,0,0,0,0,0,0,0,0,0,0,3,0,39.9738,-75.2582, ,Philadelphia
 ,2805,2017085923,6,67,67301,2017,8,7,1727,17,1,1,0,1,1, , ,N,0,0,0,3,0,1,2,2,N,N,39 57:32.457,75 10:15.332,1742, ,1731, ,0, , , ,0, , , , , ,49970, , , ,2,2,0,0,0,0,0,0,0,0,0,0,1,1,0,0,0,0,0,0,0,0,0,0,0,0,0,0,0,0,0,0,0,0,0,8,0,39.959,-75.1709, ,Philadelphia
 ,2806,2017120583,6,67,67301,2017,10,3,735,7,1,1,0,4,1, , ,N,1,2,0,3,0,1,3,2,N,N,40 06:18.575,75 01:58.256,745, ,741, ,0, ,N, ,3, , , , , ,50024, , , ,2,0,0,0,0,0,2,0,0,0,0,0,1,1,0,0,0,0,0,0,0,0,0,1,0,0,0,0,0,0,0,0,0,0,0,8,0,40.1052,-75.0328, ,Philadelphia
 ,2807,2017088325,6,67,67301,2017,8,4,1245,12,1,1,0,7,4, , ,N,0,0,0,3,0,0,1,1,N,N,40 04:30.208,75 03:21.758,1256, ,1250,2,1,1,N, ,0,N, , , , ,50067, , , ,1,1,0,0,0,0,0,0,0,0,0,0,0,0,0,0,0,0,0,0,0,0,1,0,0,0,0,0,0,0,0,0,0,0,0,0,0,40.0751,-75.056, ,Philadelphia
 ,2808,2017098017,6,67,67301,2017,9,6,1415,14,1,1,0,8,1, , ,N,1,2,0,3,0,1,2,2,N, ,40 02:21.627,75 11:05.396,1435, ,1423,9,2,5, , ,3,Y, , , , ,50075, , , ,1,0,0,0,0,0,1,0,0,0,1,0,1,0,0,0,0,0,0,0,0,0,0,1,0,0,0,0,0,0,0,0,1,0,0,3,0,40.0393,-75.1848, ,Philadelphia
 ,2809,2017033141,6,67,67301,2017,2,7,1600,16,1,1,0,8,1, , ,N,3,3,0,3,0,1,2,2,N,N,39 57:52.282,75 12:21.103,1610, ,1605, ,0, , , ,3, , , , , ,43260, , , ,1,1,0,0,0,0,0,0,0,0,0,0,1,1,1,0,0,0,0,0,0,0,0,0,0,0,0,0,0,0,0,0,1,0,0,8,0,39.9645,-75.2059, ,Philadelphia
 ,2810,2017035654,6,67,67301,2017,3,2,740,7,1,1,0,7,3, , ,N,0,0,1,3,0,2,2,1,N,N,39 59:48.472,75 09:13.820,848, ,906, ,0, ,N, ,0, , , , , ,43261, , , ,1,0,0,0,0,0,0,1,0,0,0,0,2,2,0,0,0,0,0,0,1,0,0,2,0,0,0,0,0,0,0,0,0,0,0,8,0,39.9968,-75.1538, ,Philadelphia
 ,2811,2017041233,6,67,67301,2017,4,3,2210,22,3,1,0,8,1, , ,N,0,0,0,3,0,1,2,2,N,N,39 54:59.759,75 10:11.975,2259, ,2217, ,0, ,N, ,0, , , , , ,43265, , , ,1,1,0,0,0,0,0,0,0,0,0,1,1,0,0,0,0,0,0,0,0,0,0,0,0,0,0,0,0,0,0,0,1,0,0,4,0,39.9166,-75.17, ,Philadelphia
 ,2812,2017041160,6,67,67301,2017,3,2,1841,18,1,1,0,4,1, , ,N,1,3,0,3,0,1,6,2,N, ,40 01:21.288,75 08:42.950,1850, ,1842, ,0, , , ,3, , , , , ,43272, , , ,1,1,0,0,0,0,0,0,1,0,1,0,1,0,0,0,0,0,0,0,1,0,0,0,0,0,0,0,0,0,0,0,0,0,0,3,0,40.0226,-75.1453, ,Philadelphia
 ,2813,2017014954,6,67,67301,2017,2,7,1039,10,1,1,0,3,2, , ,N,0,0,2,3,0,1,3,2,N,N,39 53:28.128,75 13:19.575,1100, ,1043, ,0, , , ,0, , , , , ,43307, , , ,2,2,0,0,0,0,0,0,0,0,1,0,1,0,0,0,0,0,0,1,0,0,0,0,0,0,0,0,0,0,0,0,0,0,0,3,0,39.8911,-75.2221, ,Philadelphia
 ,2814,2017037473,6,67,67301,2017,3,5,9999,99,1,1,0,4,1, , ,N,1,2,0,3,0,2,3,2,N,N,39 58:32.210,75 13:40.630,1215, ,1208, ,0, ,N, ,3, , , , , ,43310, , , ,2,1,0,0,0,0,0,1,0,0,0,2,2,0,0,0,0,0,0,0,1,0,0,0,0,0,0,0,0,0,0,0,0,0,0,4,0,39.9756,-75.228, ,Philadelphia
 ,2815,2017055476,6,67,67301,2017,4,6,9999,99,1,1,0,7,4, , ,N,0,0,0,3,0,1,1,1,N,N,40 04:59.197,75 03:51.455,1207, ,1202,1,2,5,N, ,0,N, , , , ,43321, , , ,1,1,0,0,0,0,0,0,0,0,0,0,1,1,0,0,0,0,0,0,0,0,1,0,0,0,0,0,0,0,0,0,0,0,0,8,0,40.0831,-75.0643, ,Philadelphia
 ,2816,2017052415,6,67,67301,2017,5,4,1730,17,1,1,0,8,1, , ,N,1,2,0,3,0,1,2,2,N,N,39 55:23.141,75 09:35.045,1740, ,1735, ,0, , , ,3, , , , , ,43331, , , ,1,0,0,0,0,0,0,0,0,0,1,0,1,0,0,0,0,0,0,0,0,0,0,0,0,0,0,0,0,0,0,0,1,0,0,3,0,39.9231,-75.1597, ,Philadelphia
 ,2817,2017002211,6,67,67301,2017,1,3,631,6,3,1,1,5,1, , ,N,0,0,0,3,0,0,3,3,N,N,39 58:35.694,75 06:51.558,654, ,631,1,1,2, , ,0,N, , , , ,43335, , , ,3,1,0,0,1,0,1,0,0,0,0,0,0,0,0,0,0,0,0,0,0,0,0,0,0,0,0,0,0,0,0,0,0,0,0,0,0,39.9766,-75.1143, ,Philadelphia
 ,2818,2017003408,6,67,67301,2017,1,6,29,0,3,4,4,1,1, , ,N,0,0,0,3,0,1,5,2,N,N,40 01:46.274,75 01:19.827,46, ,31,2,2,1, , ,0,N, , , , ,43336, , , ,2,2,0,0,0,0,0,0,0,0,0,0,1,1,0,0,0,0,0,1,0,0,0,0,0,0,0,0,0,0,0,0,0,0,0,8,0,40.0295,-75.0222, ,Philadelphia
 ,2819,2017043848,6,67,67301,2017,4,2,1615,16,1,1,0,4,1, , ,N,0,0,0,3,0,1,2,2,N,N,39 55:20.812,75 09:35.838,1626, ,1622, ,0, , , ,0, , , , , ,43343, , , ,1,0,0,0,0,0,1,0,1,0,0,1,1,0,0,0,0,0,0,0,0,1,0,1,0,0,0,0,0,0,0,0,0,0,0,4,0,39.9224,-75.16, ,Philadelphia
 ,2820,2017043852,6,67,67301,2017,4,6,1509,15,1,1,0,4,1, , ,N,1,2,0,3,0,0,8,2,N,N,39 56:37.345,75 09:01.306,1600, ,1550, ,0, ,N, ,3, , , , , ,43352, , , ,2,0,0,0,0,0,0,2,0,0,0,0,0,0,0,0,0,0,0,0,0,1,0,0,0,0,0,0,0,0,0,0,0,0,0,0,0,39.9437,-75.1504, ,Philadelphia
 ,2821,2017043833,6,67,67301,2017,4,6,2041,20,3,1,0,4,1, , ,N,1,2,0,3,0,1,2,2,N, ,40 01:59.691,75 02:15.936,2100, ,2100, ,0, , , ,3, , , , , ,43358, , , ,2,1,1,0,0,0,0,0,0,0,0,1,1,0,0,0,0,0,0,0,0,0,0,0,0,0,0,0,0,0,0,0,0,0,0,4,0,40.0332,-75.0378, ,Philadelphia
 ,2822,2017014089,6,67,67301,2017,1,1,17,0,3,1,1,5,1, , ,N,0,0,0,3,0,4,4,3,N, ,40 01:05.719,75 09:34.157,9999, ,54,2,2,5, , ,0,Y, , , , ,43386, , , ,3,2,0,0,0,0,1,0,0,0,0,2,4,2,0,0,0,0,0,0,0,0,0,0,0,0,0,0,0,0,0,0,0,0,0,4,0,40.0183,-75.1595, ,Philadelphia
 ,2823,2017015651,6,67,67301,2017,1,2,2106,21,3,2,1,4,1, , ,N,5,2,0,3,0,1,2,2,N,N,40 01:45.930,75 03:46.272,2108, ,2106,3,1,4,N, ,3,Y, , , , ,43391, , , ,2,2,0,0,0,0,0,0,0,0,1,0,1,0,0,0,0,0,0,0,1,0,0,0,0,0,0,0,0,0,0,0,0,0,0,3,0,40.0294,-75.0627, ,Philadelphia
 ,2824,2017043799,6,67,67301,2017,4,3,803,8,1,1,0,4,1, , ,N,1,2,0,3,0,1,4,2,N,N,39 56:45.895,75 14:31.487,815, ,810, ,0, ,N, ,3, , , , , ,43403, , , ,2,1,0,0,0,0,0,1,0,0,1,0,1,0,2,0,0,0,0,0,1,0,0,0,0,0,0,0,0,0,0,0,0,0,0,3,0,39.9461,-75.2421, ,Philadelphia
N,2825,2017065904,6,67,67301,2017,5,4,1805,18,1,1,0,1,1,1,4,Y,0,0,3,3,0,1,4,2,N,N,39 58:28.929,75 07:03.297,1822,45,1807,2,2,1, , ,0,N,N,N,N,N,43423,N,N,Y,2,1,1,0,0,0,0,0,0,0,1,0,1,0,0,0,0,0,0,0,0,0,0,0,0,0,0,0,0,0,0,0,0,0,0,3,0,39.9747,-75.1176, ,Philadelphia