wz_ln_closure,objectid_1,crn,district,county,municipality,crash_year,crash_month,day_of_week,time_of_day,hour_of_day,illumination,weather,road_condition,collision_type,relation_to_road,work_zone_type,work_zone_loc,work_zone_ind,intersect_type,tcd_type,location_type,urban_rural,fatal_count,injury_count,person_count,total_units,sch_bus_ind,sch_zone_ind,latitude,longitude,arrival_tm,cons_zone_spd_lim,dispatch_tm,est_hrs_closed,lane_closed,ln_close_dir,ntfy_hiwy_maint,spec_juris_cd,tcd_func_cd,tfc_detour_ind,workers_pres,wz_close_detour,wz_flagger,wz_law_offcr_ind,objectid,wz_moving,wz_other,wz_shlder_mdn,vehicle_count,automobile_count,motorcycle_count,bus_count,small_truck_count,heavy_truck_count,suv_count,van_count,bicycle_count,maj_inj_count,mod_inj_count,min_inj_count,tot_inj_count,unk_inj_deg_count,unk_inj_per_count,driver_count_16yr,driver_count_17yr,driver_count_18yr,driver_count_19yr,driver_count_20yr,driver_count_50_64yr,driver_count_65_74yr,driver_count_75plus,unbelted_occ_count,unb_death_count,unb_maj_inj_count,belted_death_count,belted_maj_inj_count,mcycle_death_count,mcycle_maj_inj_count,bicycle_death_count,bicycle_maj_inj_count,ped_count,ped_death_count,ped_maj_inj_count,max_severity_level,comm_veh_count,dec_lat,dec_long,rdwy_surf_type_cd,county_name
 ,2826,2017037495,6,67,67301,2017,3,2,1210,12,1,1,0,1,1, , ,N,1,2,2,3,0,1,2,2,N, ,39 54:36.241,75 09:47.768,1255, ,1252, ,0, , , ,3, , , , , ,43455, , , ,2,1,0,0,0,0,1,0,0,0,0,1,1,0,0,0,0,0,0,0,1,0,0,1,0,0,0,0,0,0,0,0,0,0,0,4,0,39.9101,-75.1633, ,Philadelphia
 ,2827,2017035443,6,67,67301,2017,3,2,1621,16,1,1,0,1,1, , ,N,0,0,0,3,0,0,2,2,N,N,39 59:27.404,75 05:11.888,1635, ,1635, ,0, , , ,0, , , , , ,46495, , , ,2,1,0,0,0,0,1,0,0,0,0,0,0,0,0,0,0,0,0,0,1,0,0,0,0,0,0,0,0,0,0,0,0,0,0,0,0,39.9909,-75.0866, ,Philadelphia
 ,2828,2017052468,6,67,67301,2017,4,7,805,8,1,1,0,5,6, , ,N,0,0,0,3,0,0,1,3,N, ,40 01:08.676,75 08:25.431,930, ,807,2,1,2, , ,0,N, , , , ,46500, , , ,3,3,0,0,0,0,0,0,0,0,0,0,0,0,0,0,0,0,0,0,0,0,0,1,0,0,0,0,0,0,0,0,0,0,0,0,0,40.0191,-75.1404, ,Philadelphia
 ,2829,2017052081,6,67,67301,2017,4,4,640,6,1,8,1,4,1, , ,N,1,2,0,3,0,2,5,3,N,N,39 57:33.025,75 14:36.157,644, ,642,3,2,5,N, ,3,Y, , , , ,46501, , , ,2,2,0,0,0,0,0,0,0,0,2,0,2,0,3,0,0,0,0,0,0,0,0,0,0,0,0,0,0,0,0,0,1,0,0,3,0,39.9592,-75.2434, ,Philadelphia
 ,2830,2017012072,6,67,67301,2017,1,1,2030,20,3,1,0,8,1, , ,N,1,2,0,3,0,1,2,2,N,N,39 58:33.855,75 09:36.622,2045, ,2044, ,0, ,N, ,3, , , , , ,46523, , , ,1,1,0,0,0,0,0,0,0,0,1,0,1,0,1,0,0,0,0,0,0,0,0,0,0,0,0,0,0,0,0,0,1,0,0,3,0,39.9761,-75.1602, ,Philadelphia
 ,2831,2017014002,6,67,67301,2017,1,3,2115,21,3,2,1,8,1, , ,N,2,2,1,3,0,1,2,2,N,N,39 55:19.500,75 11:19.900,2146, ,2146, ,0, ,N, ,3, , , , , ,46528, , , ,1,1,0,0,0,0,0,0,0,0,0,1,1,0,1,0,0,0,0,0,0,0,0,0,0,0,0,0,0,0,0,0,1,0,0,4,0,39.9221,-75.1889, ,Philadelphia
 ,2832,2017058383,6,67,67301,2017,5,2,1250,12,1,1,0,4,1, , ,N,0,0,7,3,0,1,2,2,N, ,40 02:09.485,75 04:16.206,1255, ,1254, ,0, , , ,0, , , , , ,46555, , , ,2,2,0,0,0,0,0,0,0,0,0,0,1,1,0,0,0,1,0,0,0,0,0,1,0,0,0,0,0,0,0,0,0,0,0,8,0,40.036,-75.0712, ,Philadelphia
 ,2833,2017070400,6,67,67301,2017,6,4,1800,18,1,2,1,1,1, , ,N,0,2,0,3,0,1,6,4,N,N,39 56:58.302,75 10:39.470,1810, ,1808, ,0, , , ,3, , , , , ,46580, , , ,4,3,0,0,0,0,1,0,0,0,0,1,1,0,0,0,0,0,0,0,1,0,0,0,0,0,0,0,0,0,0,0,0,0,0,4,0,39.9495,-75.1776, ,Philadelphia
 ,2834,2017121504,6,67,67301,2017,10,1,242,2,3,1,0,1,1, , ,N,0,0,0,3,0,0,3,3,N,N,39 58:07.971,75 07:40.965,256, ,245, ,0, , , ,0, , , , , ,46586, , , ,3,3,0,0,0,0,0,0,0,0,0,0,0,0,0,0,0,0,0,0,1,0,0,0,0,0,0,0,0,0,0,0,0,0,0,0,0,39.9689,-75.128, ,Philadelphia
 ,2835,2017086073,6,67,67301,2017,7,2,2225,22,3,2,1,7,3, , ,N,0,0,0,3,0,1,1,1,N, ,40 00:56.600,75 12:20.300,2235, ,2225,1,1,1, , ,0,N, , , , ,46591, , , ,1,1,0,0,0,0,0,0,0,0,0,0,1,1,0,0,0,0,0,0,0,0,0,0,0,0,0,0,0,0,0,0,0,0,0,8,0,40.0157,-75.2056, ,Philadelphia
 ,2836,2017097099,6,67,67301,2017,7,4,1243,12,1,1,0,1,1, , ,N,0,0,0,3,0,5,5,3,N,N,39 59:03.194,75 12:30.008,1248, ,1245, ,0, , , ,0, , , , , ,46596, , , ,3,1,0,0,2,0,0,0,0,0,0,4,5,1,0,0,0,0,0,0,1,0,0,0,0,0,0,0,0,0,0,0,0,0,0,4,0,39.9837,-75.2083, ,Philadelphia
 ,2837,2017088846,6,67,67301,2017,8,2,1935,19,1,2,1,8,1, , ,N,5,2,8,3,0,1,2,2,N,N,39 57:28.590,75 09:50.929,1945, ,1940, ,0, ,N, ,3, , , , , ,46597, , , ,1,1,0,0,0,0,0,0,0,0,0,1,1,0,0,0,0,0,0,0,0,0,0,1,0,0,0,0,0,0,0,0,1,0,0,4,0,39.9579,-75.1641, ,Philadelphia
 ,2838,2017019097,6,67,67301,2017,2,6,0,0,3,1,0,6,6, , ,N,0,0,0,3,0,1,3,2,N,N,40 01:49.900,75 08:56.700,30, ,30, ,0, ,N, ,0, , , , , ,46626, , , ,2,2,0,0,0,0,0,0,0,0,0,1,1,0,1,0,0,0,0,0,0,0,0,0,0,0,0,0,0,0,0,0,0,0,0,4,0,40.0305,-75.1491, ,Philadelphia
 ,2839,2017030291,6,67,67301,2017,3,3,938,9,1,4,3,7,4, , ,N,0,0,0,3,0,1,2,1,N,N,39 59:00.241,75 05:53.527,943, ,938,1,1,2, , ,0,N, , , , ,46633, , , ,1,0,0,0,0,0,1,0,0,0,1,0,1,0,0,0,0,0,0,0,0,0,0,0,0,0,0,0,0,0,0,0,0,0,0,3,0,39.9834,-75.0982, ,Philadelphia
 ,2840,2017058352,6,67,67301,2017,5,7,1700,17,1,2,1,7,4, , ,N,1,2,0,3,0,1,1,1,N, ,40 02:14.535,75 11:27.538,1713, ,1707,2,1,4, , ,3,N, , , , ,46648, , , ,1,1,0,0,0,0,0,0,0,0,0,1,1,0,0,0,0,0,0,0,0,1,0,0,0,0,0,0,0,0,0,0,0,0,0,4,0,40.0374,-75.191, ,Philadelphia
 ,2841,2017060529,6,67,67301,2017,5,5,1630,16,1,1,0,8,1, , ,N,1,2,0,3,0,1,2,2,N,N,40 02:28.908,75 01:41.719,1705, ,1650, ,0, ,N, ,3, , , , , ,46652, , , ,1,0,0,0,1,0,0,0,0,0,1,0,1,0,0,0,0,0,0,0,0,0,0,1,0,0,0,0,0,0,0,0,1,0,0,3,0,40.0414,-75.0283, ,Philadelphia
 ,2842,2017083235,6,67,67301,2017,7,2,1106,11,1,1,0,5,1, , ,N,6,0,8,3,0,0,2,2,N,N,39 57:20.579,75 08:26.679,1124, ,1108, ,0, , , ,0, , , , , ,46663, , , ,2,1,0,0,0,1,0,0,0,0,0,0,0,0,0,0,0,0,0,0,2,0,0,0,0,0,0,0,0,0,0,0,0,0,0,0,1,39.9557,-75.1407, ,Philadelphia
 ,2843,2017076164,6,67,67301,2017,6,2,1921,19,2,1,0,4,1, , ,N,1,3,0,3,0,1,2,2,N,N,39 57:54.625,75 12:09.489,1924, ,1924, ,0, ,N, ,3, , , , , ,46667, , , ,2,1,0,0,1,0,0,0,0,0,1,0,1,0,0,0,0,0,0,0,0,0,1,1,0,0,0,0,0,0,0,0,0,0,0,3,0,39.9652,-75.2026, ,Philadelphia
 ,2844,2017084184,6,67,67301,2017,7,5,1215,12,1,2,1,1,1, , ,N,0,8,0,3,0,3,3,3,N,N,39 57:36.143,75 10:44.911,1229, ,1216,2,1,4, , ,3,N, , , , ,46668, , , ,3,3,0,0,0,0,0,0,0,0,3,0,3,0,0,0,0,0,0,0,1,0,0,1,0,0,0,0,0,0,0,0,0,0,0,3,0,39.96,-75.1791, ,Philadelphia
 ,2845,2017067960,6,67,67301,2017,5,4,1553,15,1,1,0,4,1, , ,N,1,3,0,3,0,4,8,2,N, ,39 57:24.289,75 13:02.974,1620, ,1611,9,1,2, , ,3,N, , , , ,52848, , , ,2,1,0,0,0,0,0,1,0,0,0,4,4,0,0,0,0,0,0,0,2,0,0,0,0,0,0,0,0,0,0,0,0,0,0,4,0,39.9567,-75.2175, ,Philadelphia
 ,2846,2017086669,6,67,67301,2017,3,6,9999,99,1,2,1,1,1, , ,N,5,2,2,3,0,1,4,3,N,N,39 57:27.542,75 09:44.544,1003, ,955, ,0, ,N, ,3, , , , , ,52862, , , ,3,2,0,0,0,1,0,0,0,0,0,0,1,1,0,0,0,0,1,0,0,0,0,3,0,0,0,0,0,0,0,0,0,0,0,8,1,39.9577,-75.1624, ,Philadelphia
 ,2847,2017093526,6,67,67301,2017,8,7,2025,20,3,1,0,4,1, , ,N,1,3,0,3,0,0,2,2,N, ,40 02:00.633,75 13:33.133,2035, ,2030, ,0, , , ,3, , , , , ,52872, , , ,2,1,0,0,0,0,1,0,0,0,0,0,0,0,0,0,0,0,0,0,0,0,0,2,0,0,0,0,0,0,0,0,0,0,0,0,0,40.0335,-75.2259, ,Philadelphia
 ,2848,2017068053,6,67,67301,2017,6,1,1919,19,1,1,0,4,1, , ,N,1,3,0,3,0,3,3,2,N,N,39 58:39.831,75 15:03.524,1920, ,1919, ,0, ,N, ,3, , , , , ,52880, , , ,2,2,0,0,0,0,0,0,0,0,0,0,3,3,0,0,0,0,0,0,1,0,0,0,0,0,0,0,0,0,0,0,0,0,0,8,0,39.9777,-75.251, ,Philadelphia
 ,2849,2017084547,6,67,67301,2017,8,2,1445,14,1,2,1,1,1, , ,N,0,0,0,3,0,0,4,3,N,N,39 57:27.585,75 09:39.421,1515, ,1445, ,0, , , ,0, , , , , ,52898, , , ,3,1,0,0,0,1,1,0,0,0,0,0,0,0,0,0,0,0,0,0,1,1,0,0,0,0,0,0,0,0,0,0,0,0,0,0,1,39.9577,-75.161, ,Philadelphia
 ,2850,2017052264,6,67,67301,2017,4,4,1830,18,1,1,0,8,1, , ,N,1,0,0,3,0,1,2,2,N,N,39 56:31.720,75 08:56.630,1845, ,1840, ,0, , , ,0, , , , , ,52923, , , ,1,0,0,0,0,0,0,1,0,1,0,0,1,0,0,0,0,0,0,0,0,0,0,0,0,0,0,0,0,0,0,0,1,0,1,2,0,39.9421,-75.1491, ,Philadelphia
 ,2851,2017060664,6,67,67301,2017,5,1,1645,16,1,1,0,4,1, , ,N,1,3,0,3,0,1,2,2,N,N,40 02:13.092,75 12:52.405,1720, ,1658, ,0, , , ,3, , , , , ,52929, , , ,2,1,0,0,0,0,1,0,0,0,0,0,1,1,0,0,0,0,0,0,1,0,0,0,0,0,0,0,0,0,0,0,0,0,0,8,0,40.037,-75.2146, ,Philadelphia
 ,2852,2017067792,6,67,67301,2017,5,3,1320,13,1,2,1,4,1, , ,N,1,2,3,3,0,1,3,3,N,N,39 57:25.886,75 09:31.375,1330, ,1328, ,0, ,N, ,3, , , , , ,52935, , , ,3,1,0,0,0,0,2,0,0,0,0,1,1,0,1,0,0,0,0,0,0,0,0,0,0,0,0,0,0,0,0,0,0,0,0,4,0,39.9572,-75.1587, ,Philadelphia
 ,2853,2017088749,6,67,67301,2017,8,4,1900,19,1,1,1,8,1, , ,N,1,2,0,3,0,1,2,2,N, ,39 58:45.940,75 13:31.164,1910, ,1906, ,0, , , ,3, , , , , ,52951, , , ,1,1,0,0,0,0,0,0,0,0,0,1,1,0,0,0,0,0,0,0,0,0,0,0,0,0,0,0,0,0,0,0,1,0,0,4,0,39.9794,-75.2253, ,Philadelphia
 ,2854,2017086062,6,67,67301,2017,7,6,9999,99,1,1,0,4,1, , ,N,1,2,0,3,0,2,2,2,N,N,40 01:04.807,75 08:57.222,1837, ,1832,2,1,7,N, ,3,Y, , , , ,52960, , , ,2,1,0,0,1,0,0,0,0,0,0,2,2,0,0,0,0,0,0,0,1,1,0,0,0,0,0,0,0,0,0,0,0,0,0,4,0,40.0179,-75.1493, ,Philadelphia
 ,2855,2017103448,6,67,67301,2017,9,7,1654,16,1,1,0,7,2, , ,N,0,0,8,3,0,0,1,1,N,N,40 00:21.328,75 04:34.098,1821, ,1726, ,0, , , ,0, , , , , ,52964, , , ,1,0,0,0,0,0,1,0,0,0,0,0,0,0,1,0,0,0,0,0,1,0,0,0,0,0,0,0,0,0,0,0,0,0,0,9,0,40.0055,-75.0763, ,Philadelphia
 ,2856,2017067698,6,67,67301,2017,5,5,1328,13,1,2,1,4,1, , ,N,1,2,0,3,0,1,2,2,N,N,40 02:51.581,75 03:35.828,1337, ,1334, ,0, ,N, ,3, , , , , ,52979, , , ,2,1,0,0,0,0,1,0,0,0,0,1,1,0,0,0,0,0,0,0,0,0,0,0,0,0,0,0,0,0,0,0,0,0,0,4,0,40.0477,-75.06, ,Philadelphia
 ,2857,2017086976,6,67,67301,2017,1,1,318,3,3,1,0,5,6, , ,N,0,0,0,3,0,1,1,2,N,N,40 04:47.269,75 10:16.849,322, ,319, ,0, ,N, ,0, , , , , ,52991, , , ,2,1,0,0,0,1,0,0,0,0,1,0,1,0,0,0,0,0,0,0,0,0,0,0,0,0,0,0,0,0,0,0,0,0,0,3,1,40.0798,-75.1713, ,Philadelphia
 ,2858,2017120531,6,67,67301,2017,10,2,2240,22,3,1,0,7,4, , ,N,0,0,0,3,0,0,1,1,N,N,40 03:29.120,75 11:22.830,2301, ,2257,3,2,6,N, ,0,Y, , , , ,52997, , , ,1,0,0,0,0,0,1,0,0,0,0,0,0,0,0,0,0,0,0,0,0,0,0,0,0,0,0,0,0,0,0,0,0,0,0,0,0,40.0581,-75.1897, ,Philadelphia
 ,2859,2017114829,6,67,67301,2017,10,3,108,1,3,1,0,3,1, , ,N,1,0,0,3,0,1,2,2,N, ,39 55:47.350,75 10:22.456,111, ,108, ,0, , , ,0, , , , , ,53008, , , ,1,1,0,0,0,0,0,0,1,0,0,1,1,0,0,0,0,0,0,0,0,0,0,1,0,0,0,0,0,0,0,0,0,0,0,4,0,39.9298,-75.1729, ,Philadelphia
 ,2860,2017093602,6,67,67301,2017,8,6,10,0,3,1,0,4,1, , ,N,1,2,0,3,0,1,3,2,N, ,40 01:47.875,75 05:14.633,12, ,10,9,1,1, , ,3,N, , , , ,53015, , , ,2,0,0,0,1,0,1,0,0,0,0,1,1,0,0,0,0,0,0,0,0,0,0,0,0,0,0,0,0,0,0,0,0,0,0,4,0,40.03,-75.0874, ,Philadelphia
 ,2861,2017058222,6,67,67301,2017,5,5,1749,17,1,1,0,4,1, , ,N,1,2,0,3,0,1,2,2,N, ,39 57:54.165,75 13:39.572,1809, ,1807, ,0, , , ,3, , , , , ,53020, , , ,2,0,1,0,0,0,0,0,0,0,1,0,1,0,0,0,0,0,0,0,0,0,0,0,0,0,0,0,0,0,0,0,0,0,0,3,0,39.965,-75.2277, ,Philadelphia
 ,2862,2017060569,6,67,67301,2017,5,4,1540,15,1,1,0,7,4, , ,N,1,2,0,3,0,1,1,1,N,N,39 57:36.906,75 11:48.695,1551, ,1550, ,0, ,N, ,3, , , , , ,53021, , , ,1,0,0,0,1,0,0,0,0,0,1,0,1,0,0,0,0,0,0,0,0,0,0,0,0,0,0,0,0,0,0,0,0,0,0,3,0,39.9602,-75.1968, ,Philadelphia
 ,2863,2017070525,6,67,67301,2017,6,4,9999,99,1,8,1,8,1, , ,N,0,0,0,3,0,1,2,2,N,N,40 01:12.407,75 08:56.783,850, ,842, ,0, , , ,0, , , , , ,50082, , , ,1,0,0,0,0,0,1,0,0,0,0,1,1,0,0,0,0,0,0,0,0,0,0,0,0,0,0,0,0,0,0,0,1,0,0,4,0,40.0201,-75.1491, ,Philadelphia
 ,2864,2017025197,6,67,67301,2017,2,1,1623,16,1,1,0,1,1, , ,N,0,0,0,3,0,5,8,2,N,N,39 57:24.682,75 09:17.885,1633, ,1625, ,0, , , ,0, , , , , ,50088, , , ,2,2,0,0,0,0,0,0,0,0,4,0,5,1,0,0,0,0,0,0,0,0,0,0,0,0,0,0,0,0,0,0,0,0,0,3,0,39.9569,-75.155, ,Philadelphia
 ,2865,2017013187,6,67,67301,2017,1,5,815,8,1,1,5,1,1, , ,N,0,0,0,3,0,2,5,2,N,N,39 58:56.120,75 15:40.470,816, ,816, ,0, ,N, ,0, , , , , ,50089, , , ,2,0,0,0,0,0,1,1,0,0,0,2,2,0,0,0,0,0,0,0,0,0,0,3,0,0,0,0,0,0,0,0,0,0,0,4,0,39.9823,-75.2612, ,Philadelphia
 ,2866,2017049104,6,67,67301,2017,3,1,1652,16,1,1,0,1,1, , ,N,0,0,0,3,0,2,9,4,N,N,39 58:02.020,75 08:00.445,1652, ,1652,1,1,2, , ,0,N, , , , ,50108, , , ,4,1,0,0,0,0,2,1,0,0,0,0,2,2,0,0,0,0,0,0,0,0,0,0,0,0,0,0,0,0,0,0,0,0,0,8,0,39.9672,-75.1335, ,Philadelphia
 ,2867,2017061920,6,67,67301,2017,5,4,1841,18,1,1,0,1,1, , ,N,0,0,3,3,0,1,2,2,N,N,39 55:41.922,75 08:46.623,1858, ,1841,2,2,1, , ,0,N, , , , ,50114, , , ,2,2,0,0,0,0,0,0,0,0,0,0,1,1,0,0,0,0,0,0,1,0,0,0,0,0,0,0,0,0,0,0,0,0,0,8,0,39.9283,-75.1463, ,Philadelphia
 ,2868,2017067847,6,67,67301,2017,5,3,1403,14,1,2,1,8,1, , ,N,0,0,0,3,0,1,2,2,N,N,39 55:46.382,75 10:18.880,1448, ,1448, ,0, ,N, ,0, , , , , ,50122, , , ,1,1,0,0,0,0,0,0,0,0,0,1,1,0,0,0,0,0,0,0,0,0,0,0,0,0,0,0,0,0,0,0,1,0,0,4,0,39.9296,-75.1719, ,Philadelphia
 ,2869,2017067919,6,67,67301,2017,5,5,1720,17,4,1,0,7,4, , ,N,2,0,0,3,0,3,3,1,N, ,40 03:52.300,74 59:55.871,1725, ,1721, ,0, , , ,0, , , , , ,50126, , , ,1,1,0,0,0,0,0,0,0,0,0,1,3,2,0,0,0,0,0,0,0,0,0,0,0,0,0,0,0,0,0,0,0,0,0,4,0,40.0645,-74.999, ,Philadelphia
 ,2870,2017058321,6,67,67301,2017,5,5,721,7,1,1,0,4,1, , ,N,1,3,0,3,0,0,2,3,N,N,39 58:50.638,75 15:16.250,930, ,927, ,0, ,N, ,3, , , , , ,50134, , , ,3,2,0,0,0,0,1,0,0,0,0,0,0,0,1,0,0,0,0,0,0,0,0,0,0,0,0,0,0,0,0,0,0,0,0,9,0,39.9807,-75.2545, ,Philadelphia
N,2871,2017081477,6,67,67301,2017,7,2,1641,16,1,1,0,1,1,1,4,Y,0,0,0,3,0,0,2,2,N,N,39 57:57.677,75 08:09.385,1705,45,1701, ,0, , , ,0, ,N,N,N,N,50135,Y,N,Y,2,1,0,0,0,0,1,0,0,0,0,0,0,0,0,0,0,0,0,0,1,0,0,0,0,0,0,0,0,0,0,0,0,0,0,0,0,39.966,-75.1359, ,Philadelphia
 ,2872,2017086772,6,67,67301,2017,4,4,808,8,1,1,0,8,1, , ,N,0,0,0,3,0,1,2,2,N,N,39 58:08.870,75 10:13.485,815, ,810, ,0, ,N, ,0, , , , , ,50137, , , ,1,0,0,0,0,0,1,0,0,0,0,0,1,1,0,0,0,0,0,0,1,0,0,0,0,0,0,0,0,0,0,0,1,0,0,8,0,39.9691,-75.1704, ,Philadelphia
 ,2873,2017078704,6,67,67301,2017,6,2,900,9,1,1,0,1,1, , ,N,0,0,0,3,0,1,4,3,N,N,39 59:34.398,75 08:45.572,945, ,937, ,0, ,N, ,0, , , , , ,50147, , , ,3,1,0,0,1,0,0,1,0,0,0,1,1,0,1,0,0,0,0,0,0,0,0,0,0,0,0,0,0,0,0,0,0,0,0,4,0,39.9929,-75.146, ,Philadelphia
 ,2874,2017080302,6,67,67301,2017,8,1,2120,21,3,1,0,1,1, , ,N,0,0,0,3,0,2,4,2,N,N,39 56:35.923,75 11:34.125,2231, ,2229,2,1,3, , ,0,N, , , , ,50190, , , ,2,1,0,0,0,0,1,0,0,0,1,1,2,0,0,0,0,0,0,0,0,0,0,1,0,0,0,0,0,0,0,0,0,0,0,3,0,39.9431,-75.193, ,Philadelphia
 ,2875,2017080271,6,67,67301,2017,7,2,340,3,3,2,7,1,1, , ,N,0,0,0,3,0,0,2,2,N,N,39 57:18.899,75 08:29.792,359, ,343,3,2,2, , ,0,Y, , , , ,50193, , , ,2,0,0,0,0,1,1,0,0,0,0,0,0,0,0,0,0,0,0,0,2,0,0,0,0,0,0,0,0,0,0,0,0,0,0,0,1,39.9552,-75.1416, ,Philadelphia
 ,2876,2017120701,6,67,67301,2017,10,6,1430,14,1,1,0,8,1, , ,N,0,0,0,3,0,1,2,2,N, ,39 57:03.927,75 09:56.795,1430, ,1430, ,0, , , ,0, , , , , ,50210, , , ,1,1,0,0,0,0,0,0,0,0,0,0,1,1,0,0,0,0,0,0,0,0,0,1,0,0,0,0,0,0,0,0,1,0,0,8,0,39.9511,-75.1658, ,Philadelphia
 ,2877,2017105915,6,67,67301,2017,9,2,1540,15,1,1,0,4,1, , ,N,1,3,0,3,0,2,4,2,N,N,40 00:59.709,75 08:48.285,1617, ,1604, ,0, ,N, ,3, , , , , ,50216, , , ,2,1,0,0,0,0,0,1,0,0,0,2,2,0,0,0,0,0,0,0,1,0,0,2,0,0,0,0,0,0,0,0,0,0,0,4,0,40.0166,-75.1467, ,Philadelphia
 ,2878,2017076118,6,67,67301,2017,5,6,1233,12,1,1,0,8,1, , ,N,1,2,0,3,0,1,2,2,N, ,39 55:58.633,75 10:03.935,1234, ,1234, ,0, , , ,3, , , , , ,50232, , , ,1,0,0,0,0,0,1,0,0,0,0,0,1,1,0,0,0,0,0,0,0,0,0,0,0,0,0,0,0,0,0,0,1,0,0,8,0,39.933,-75.1678, ,Philadelphia
 ,2879,2017078719,6,67,67301,2017,6,5,2300,23,3,1,0,6,1, , ,N,0,0,0,3,0,1,2,2,N,N,39 58:03.370,75 14:01.184,329, ,326, ,0, ,N, ,0, , , , , ,50243, , , ,1,0,0,1,0,0,0,0,1,0,0,1,1,0,0,0,0,0,0,0,0,0,0,0,0,0,0,0,0,0,0,0,0,0,0,4,1,39.9676,-75.2337, ,Philadelphia
 ,2880,2017081119,6,67,67301,2017,6,4,2018,20,4,1,0,1,1, , ,N,0,8,0,3,0,1,4,2,N,N,39 57:27.567,75 09:39.286,2028, ,2020, ,0, , , ,3, , , , , ,50248, , , ,2,1,0,0,0,0,1,0,0,0,1,0,1,0,0,0,0,0,0,0,1,0,0,0,0,0,0,0,0,0,0,0,0,0,0,3,0,39.9577,-75.1609, ,Philadelphia
 ,2881,2017060521,6,67,67301,2017,5,6,15,0,3,1,0,5,1, , ,N,0,0,0,3,0,1,2,2,N,N,39 55:17.061,75 12:59.155,28, ,25, ,0, ,N, ,0, , , , , ,43512, , , ,2,2,0,0,0,0,0,0,0,0,1,0,1,0,0,0,0,0,0,0,1,0,0,1,0,0,0,0,0,0,0,0,0,0,0,3,0,39.9214,-75.2164, ,Philadelphia
 ,2882,2017058376,6,67,67301,2017,5,5,615,6,1,1,0,4,1, , ,N,0,0,7,3,0,1,2,3,N,N,40 02:35.966,75 13:39.550,630, ,622,2,2,5, , ,0,Y, , , , ,43514, , , ,3,1,0,0,2,0,0,0,0,0,0,1,1,0,0,0,0,0,0,1,0,0,0,1,0,0,0,0,0,0,0,0,0,0,0,4,0,40.0433,-75.2277, ,Philadelphia
 ,2883,2017068024,6,67,67301,2017,6,1,730,7,1,1,0,4,1, , ,N,1,2,0,3,0,2,3,2,N,N,40 04:16.472,75 02:17.045,805, ,800,2,1,2,N, ,3,N, , , , ,43522, , , ,2,1,0,0,0,0,0,1,0,0,0,1,2,1,0,0,0,0,0,0,0,1,0,0,0,0,0,0,0,0,0,0,0,0,0,4,0,40.0712,-75.0381, ,Philadelphia
 ,2884,2017013796,6,67,67301,2017,1,3,718,7,1,1,0,1,1, , ,N,0,0,0,3,0,0,4,4,N,N,39 58:05.849,75 07:45.386,724, ,719,1,1,1, , ,0,N, , , , ,43524, , , ,4,1,0,0,2,0,1,0,0,0,0,0,0,0,0,0,0,0,0,0,0,0,0,0,0,0,0,0,0,0,0,0,0,0,0,0,0,39.9683,-75.1293, ,Philadelphia
 ,2885,2017041213,6,67,67301,2017,3,3,715,7,1,6,1,4,1, , ,N,2,2,0,3,0,3,3,2,N, ,40 00:55.057,75 09:18.861,720, ,718,2,2,1,N, ,3,Y, , , , ,43537, , , ,2,1,0,0,1,0,0,0,0,0,0,0,3,3,0,0,0,0,0,0,1,0,0,0,0,0,0,0,0,0,0,0,0,0,0,8,0,40.0152,-75.1552, ,Philadelphia
 ,2886,2017035697,6,67,67301,2017,3,1,1230,12,1,1,0,4,1, , ,N,1,2,0,3,0,1,2,2,N, ,39 58:50.397,75 08:13.811,1340, ,1320, ,0, , , ,3, , , , , ,43543, , , ,2,2,0,0,0,0,0,0,0,0,0,0,1,1,0,0,0,0,0,0,1,0,0,0,0,0,0,0,0,0,0,0,0,0,0,8,0,39.9807,-75.1372, ,Philadelphia
 ,2887,2017014069,6,67,67301,2017,1,1,1031,10,1,1,0,4,1, , ,N,2,2,7,3,0,1,3,2,N, ,39 54:23.986,75 11:00.103,1033, ,1031, ,0, , , ,3, , , , , ,43578, , , ,2,2,0,0,0,0,0,0,0,0,0,1,1,0,0,0,0,0,0,0,1,0,1,0,0,0,0,0,0,0,0,0,0,0,0,4,0,39.9067,-75.1834, ,Philadelphia
 ,2888,2017019612,6,67,67301,2017,1,1,1824,18,3,2,1,4,1, , ,N,1,2,0,3,0,1,2,2,N, ,39 59:29.818,75 08:10.215,1828, ,1826, ,0, , , ,3, , , , , ,43579, , , ,1,1,0,0,0,0,0,0,1,0,0,1,1,0,0,0,0,0,0,0,0,0,0,1,0,0,0,0,0,0,0,0,0,0,0,4,0,39.9915,-75.1361, ,Philadelphia
 ,2889,2017037536,6,67,67301,2017,3,4,1400,14,1,1,5,3,1, , ,N,0,0,0,3,0,1,2,2,N,N,40 00:07.276,75 05:59.458,1420, ,1420, ,0, , , ,0, , , , , ,43589, , , ,2,1,0,0,0,1,0,0,0,0,0,1,1,0,0,0,0,0,0,0,1,0,0,0,0,0,0,0,0,0,0,0,0,0,0,4,1,40.002,-75.0998, ,Philadelphia