wz_ln_closure,objectid_1,crn,district,county,municipality,crash_year,crash_month,day_of_week,time_of_day,hour_of_day,illumination,weather,road_condition,collision_type,relation_to_road,work_zone_type,work_zone_loc,work_zone_ind,intersect_type,tcd_type,location_type,urban_rural,fatal_count,injury_count,person_count,total_units,sch_bus_ind,sch_zone_ind,latitude,longitude,arrival_tm,cons_zone_spd_lim,dispatch_tm,est_hrs_closed,lane_closed,ln_close_dir,ntfy_hiwy_maint,spec_juris_cd,tcd_func_cd,tfc_detour_ind,workers_pres,wz_close_detour,wz_flagger,wz_law_offcr_ind,objectid,wz_moving,wz_other,wz_shlder_mdn,vehicle_count,automobile_count,motorcycle_count,bus_count,small_truck_count,heavy_truck_count,suv_count,van_count,bicycle_count,maj_inj_count,mod_inj_count,min_inj_count,tot_inj_count,unk_inj_deg_count,unk_inj_per_count,driver_count_16yr,driver_count_17yr,driver_count_18yr,driver_count_19yr,driver_count_20yr,driver_count_50_64yr,driver_count_65_74yr,driver_count_75plus,unbelted_occ_count,unb_death_count,unb_maj_inj_count,belted_death_count,belted_maj_inj_count,mcycle_death_count,mcycle_maj_inj_count,bicycle_death_count,bicycle_maj_inj_count,ped_count,ped_death_count,ped_maj_inj_count,max_severity_level,comm_veh_count,dec_lat,dec_long,rdwy_surf_type_cd,county_name
 ,2890,2017035626,6,67,67301,2017,3,2,1545,15,1,1,0,4,1, , ,N,0,0,7,3,0,3,6,3,N,N,39 54:28.845,75 11:21.220,1555, ,1549, ,0, ,N, ,0, , , , , ,43591, , , ,3,2,0,0,0,0,0,1,0,1,0,2,3,0,0,0,0,0,0,0,0,1,0,0,0,0,0,0,0,0,0,0,0,0,0,2,0,39.908,-75.1893, ,Philadelphia
 ,2891,2017032013,6,67,67301,2017,3,6,1428,14,1,1,1,4,1, , ,N,0,0,0,3,0,2,4,2,N,N,40 01:54.706,75 01:15.893,1503, ,1438,2,2,1, , ,0,N, , , , ,43601, , , ,2,1,0,0,0,0,1,0,0,0,1,0,2,1,0,0,0,0,0,0,0,0,0,1,0,0,0,0,0,0,0,0,0,0,0,3,0,40.0319,-75.0211, ,Philadelphia
 ,2892,2017050447,6,67,67301,2017,5,7,645,6,1,2,1,0,1, , ,N,0,0,0,3,0,0,1,1,N,N,40 02:02.066,75 01:10.745,1715, ,1702,4,1,1, , ,0,N, , , , ,43606, , , ,1,0,0,0,0,1,0,0,0,0,0,0,0,0,0,0,0,0,0,0,0,0,0,0,0,0,0,0,0,0,0,0,0,0,0,0,1,40.0339,-75.0197, ,Philadelphia
 ,2893,2017058327,6,67,67301,2017,5,1,145,1,3,1,1,4,1, , ,N,2,3,0,3,0,0,2,2,N, ,40 01:05.606,75 08:49.754,215, ,215, ,0, , , ,3, , , , , ,43618, , , ,2,0,0,0,1,0,0,1,0,0,0,0,0,0,0,0,0,0,0,0,2,0,0,0,0,0,0,0,0,0,0,0,0,0,0,0,0,40.0182,-75.1472, ,Philadelphia
 ,2894,2017060503,6,67,67301,2017,5,3,1525,15,1,1,0,1,1, , ,N,0,0,0,3,0,1,2,2,N,N,39 58:59.929,75 07:56.935,1532, ,1527, ,0, ,N, ,0, , , , , ,43619, , , ,2,2,0,0,0,0,0,0,0,0,1,0,1,0,0,0,0,0,1,0,0,0,0,0,0,0,0,0,0,0,0,0,0,0,0,3,0,39.9833,-75.1325, ,Philadelphia
 ,2895,2017011840,6,67,67301,2017,1,7,2030,20,3,1,0,4,1, , ,N,1,2,0,3,0,0,2,3,N,N,39 57:41.198,75 11:28.039,2031, ,2030,1,1,2,N, ,3,Y, , , , ,43628, , , ,3,3,0,0,0,0,0,0,0,0,0,0,0,0,0,0,0,0,1,0,0,0,0,0,0,0,0,0,0,0,0,0,0,0,0,0,0,39.9614,-75.1911, ,Philadelphia
 ,2896,2017009506,6,67,67301,2017,1,7,2227,22,3,2,1,7,5, , ,N,7,0,8,3,0,0,1,1,N,N,39 54:45.000,75 10:26.500,2228, ,2227, ,0, ,N, ,0, , , , , ,43630, , , ,1,1,0,0,0,0,0,0,0,0,0,0,0,0,0,0,0,0,0,0,0,0,0,0,0,0,0,0,0,0,0,0,0,0,0,0,0,39.9125,-75.174, ,Philadelphia
 ,2897,2017035821,6,67,67301,2017,3,2,825,8,1,1,0,8,1, , ,N,2,0,0,3,0,1,2,2,N, ,40 05:06.799,75 02:54.196,830, ,826, ,0, , , ,0, , , , , ,43635, , , ,1,0,0,0,0,0,1,0,0,0,0,1,1,0,0,0,0,0,0,0,0,0,0,0,0,0,0,0,0,0,0,0,1,0,0,4,0,40.0852,-75.0484, ,Philadelphia
 ,2898,2017021602,6,67,67301,2017,2,4,1440,14,1,1,0,8,1, , ,N,2,2,0,3,0,1,2,2,N,N,39 59:13.336,75 10:10.091,1445, ,1440, ,0, ,N, ,3, , , , , ,43645, , , ,1,1,0,0,0,0,0,0,0,0,0,0,1,1,0,0,0,0,0,0,0,0,0,1,0,0,0,0,0,0,0,0,1,0,0,8,0,39.987,-75.1695, ,Philadelphia
 ,2899,2017085902,6,67,67301,2017,8,1,1804,18,1,1,0,7,7, , ,N,0,0,0,3,0,1,1,1,N,N,40 00:28.985,75 12:06.735,1809, ,1806,1,2,4, , ,0,N, , , , ,46669, , , ,1,0,1,0,0,0,0,0,0,0,1,0,1,0,0,0,0,0,0,0,0,0,0,0,0,0,0,0,0,0,0,0,0,0,0,3,0,40.0081,-75.2019, ,Philadelphia
 ,2900,2017091769,6,67,67301,2017,8,4,1050,10,1,1,0,5,1, , ,N,0,0,0,3,0,2,3,2,N,N,39 58:31.900,75 11:39.700,1105, ,1105,2,1,2,N, ,0,Y, , , , ,46678, , , ,2,2,0,0,0,0,0,0,0,0,0,2,2,0,0,0,0,0,0,0,1,0,0,0,0,0,0,0,0,0,0,0,0,0,0,4,0,39.9755,-75.1944, ,Philadelphia
 ,2901,2017093628,6,67,67301,2017,8,6,720,7,1,1,0,4,1, , ,N,1,2,0,3,0,1,2,2,N, ,39 59:47.200,75 10:26.238,740, ,730, ,0, , , ,3, , , , , ,46691, , , ,2,1,0,0,0,0,1,0,0,0,0,1,1,0,0,0,0,0,0,0,0,0,0,2,0,0,0,0,0,0,0,0,0,0,0,4,0,39.9964,-75.1739, ,Philadelphia
 ,2902,2017101863,6,67,67301,2017,9,4,1628,16,1,2,1,4,1, , ,N,1,3,0,3,0,1,2,2,N,N,39 59:57.041,75 08:03.904,1638, ,1933,1,1,4,N, ,3,N, , , , ,46692, , , ,2,0,1,0,1,0,0,0,0,0,1,0,1,0,0,0,0,0,0,0,0,0,0,1,0,0,0,0,0,0,0,0,0,0,0,3,0,39.9992,-75.1344, ,Philadelphia
 ,2903,2017133723,6,67,67301,2017,12,4,1037,10,1,1,0,5,1, , ,N,0,0,0,3,0,0,2,2,N,N,39 57:40.350,75 10:54.801,1047, ,1040, ,0, , , ,0, , , , , ,46698, , , ,2,1,0,0,0,1,0,0,0,0,0,0,0,0,0,0,0,0,0,0,1,0,0,0,0,0,0,0,0,0,0,0,0,0,0,0,1,39.9612,-75.1819, ,Philadelphia
 ,2904,2017055600,6,67,67301,2017,4,1,1855,18,1,1,0,8,1, , ,N,0,0,0,3,0,1,2,2,N,N,39 58:21.241,75 13:46.097,1900, ,1856, ,0, ,N, ,0, , , , , ,46742, , , ,1,1,0,0,0,0,0,0,0,0,0,1,1,0,1,0,0,0,0,0,0,0,0,0,0,0,0,0,0,0,0,0,1,0,0,4,0,39.9726,-75.2295, ,Philadelphia
 ,2905,2017073720,6,67,67301,2017,4,3,1305,13,1,1,0,1,1, , ,N,1,2,0,3,0,1,3,2,N,N,39 57:17.711,75 11:47.224,0, ,0, ,0, ,N, ,3, , , , , ,46750, , , ,2,1,0,0,0,0,1,0,0,0,0,0,1,1,0,0,0,0,0,0,1,0,0,0,0,0,0,0,0,0,0,0,0,0,0,8,0,39.9549,-75.1964, ,Philadelphia
 ,2906,2017010543,6,67,67301,2017,1,4,1056,10,1,1,0,5,1, , ,N,0,0,0,3,0,1,3,2,N,N,40 01:13.089,75 09:12.067,1059, ,1056,2,2,1,N, ,0,N, , , , ,46753, , , ,2,1,0,0,0,1,0,0,0,0,0,1,1,0,0,0,0,0,0,0,0,0,0,0,0,0,0,0,0,0,0,0,0,0,0,4,1,40.0203,-75.1534, ,Philadelphia
 ,2907,2017007745,6,67,67301,2017,1,1,1630,16,1,1,0,4,1, , ,N,1,2,0,3,0,1,2,2,N,N,40 00:58.803,75 03:42.545,1643, ,1638, ,0, ,N, ,3, , , , , ,46767, , , ,2,0,1,0,0,0,1,0,0,0,0,0,1,1,0,0,0,0,0,0,0,0,0,0,0,0,0,0,0,0,0,0,0,0,0,8,0,40.0163,-75.0618, ,Philadelphia
 ,2908,2017027488,6,46,46104,2017,2,3,835,8,1,1,0,4,1, , ,N,1,2,0,3,0,0,2,2,N,N,40 00:04.521,75 13:35.036,835, ,835, ,0, , , ,3, , , , , ,46770, , , ,2,2,0,0,0,0,0,0,0,0,0,0,0,0,0,0,0,0,0,0,1,0,0,0,0,0,0,0,0,0,0,0,0,0,0,0,0,40.0012,-75.2264, ,Montgomery
 ,2909,2017035652,6,67,67301,2017,3,3,2345,23,3,1,0,6,6, , ,N,0,0,0,3,0,0,1,2,N,N,39 56:03.894,75 13:36.598,19, ,17, ,0, ,N, ,0, , , , , ,46782, , , ,2,1,0,0,1,0,0,0,0,0,0,0,0,0,1,0,0,0,0,0,1,0,0,0,0,0,0,0,0,0,0,0,0,0,0,9,0,39.9344,-75.2268, ,Philadelphia
 ,2910,2017019129,6,67,67301,2017,2,4,2200,22,3,1,0,4,1, , ,N,5,2,0,3,0,2,2,2,N,N,39 54:47.100,75 14:35.859,2225, ,2222,1,1,3,N, ,3,N, , , , ,46805, , , ,2,2,0,0,0,0,0,0,0,0,0,2,2,0,0,0,0,0,0,0,1,0,0,0,0,0,0,0,0,0,0,0,0,0,0,4,0,39.9131,-75.2433, ,Philadelphia
 ,2911,2017007779,6,67,67301,2017,1,2,640,6,3,2,1,8,1, , ,N,0,0,0,3,0,1,2,2,N,N,39 59:29.050,75 08:04.265,650, ,644, ,0, , , ,0, , , , , ,46812, , , ,1,0,0,0,0,0,0,1,0,1,0,0,1,0,0,0,0,0,0,0,0,1,0,0,0,0,0,0,0,0,0,0,1,0,1,2,0,39.9914,-75.1345, ,Philadelphia
 ,2912,2017067979,6,67,67301,2017,6,6,700,7,1,1,0,4,1, , ,N,1,2,0,3,0,3,3,2,N, ,40 03:00.781,75 07:38.895,745, ,740, ,0, , , ,3, , , , , ,46844, , , ,2,2,0,0,0,0,0,0,0,0,0,3,3,0,0,0,0,0,0,0,1,0,0,0,0,0,0,0,0,0,0,0,0,0,0,4,0,40.0502,-75.1275, ,Philadelphia
 ,2913,2017035649,6,67,67301,2017,3,5,1747,17,1,1,0,4,1, , ,N,1,2,0,3,0,1,2,2,N, ,39 55:01.859,75 14:46.691,1752, ,1748, ,0, , , ,3, , , , , ,46870, , , ,2,0,1,0,0,0,1,0,0,0,1,0,1,0,0,0,0,0,0,0,0,0,0,0,0,0,0,0,0,0,0,0,0,0,0,3,0,39.9172,-75.2463, ,Philadelphia
 ,2914,2017050975,6,67,67301,2017,5,5,1904,19,1,1,0,1,1, , ,N,0,0,3,3,0,0,3,3,N,N,39 57:18.600,75 08:49.100,1905, ,1904,2,2,4,N, ,0,N, , , , ,46881, , , ,3,1,0,0,0,0,2,0,0,0,0,0,0,0,0,0,0,0,0,0,0,1,0,1,0,0,0,0,0,0,0,0,0,0,0,0,0,39.9552,-75.147, ,Philadelphia
 ,2915,2017048657,6,67,67301,2017,5,6,1545,15,1,1,0,1,1, , ,N,6,0,2,3,0,1,3,3,N,N,39 53:55.824,75 10:15.766,1631, ,1617, ,0, , , ,0, , , , , ,46882, , , ,3,2,0,0,0,0,0,1,0,0,0,0,1,1,0,0,0,0,1,0,0,0,0,0,0,0,0,0,0,0,0,0,0,0,0,8,0,39.8988,-75.171, ,Philadelphia
 ,2916,2017022617,6,67,67301,2017,2,4,2,0,3,1,0,7,7, , ,N,7,0,2,3,0,2,2,1,N,N,39 57:59.464,75 11:14.628,13, ,13,1,2,3, , ,0,Y, , , , ,46907, , , ,1,1,0,0,0,0,0,0,0,0,0,0,2,2,0,0,0,0,1,0,0,0,0,0,0,0,0,0,0,0,0,0,0,0,0,8,0,39.9665,-75.1874, ,Philadelphia
 ,2917,2017086079,6,67,67301,2017,7,5,1533,15,1,1,0,8,1, , ,N,1,2,0,3,0,1,2,2,N, ,39 58:07.829,75 08:10.292,1535, ,1534,2,2,6, , ,3,N, , , , ,53042, , , ,1,0,0,0,0,0,1,0,0,0,1,0,1,0,0,0,0,0,0,0,0,0,0,0,0,0,0,0,0,0,0,0,1,0,0,3,0,39.9688,-75.1362, ,Philadelphia
 ,2918,2017086904,6,67,67301,2017,5,6,650,6,1,1,0,1,1, , ,N,0,0,0,3,0,2,3,2,N,N,39 56:37.879,75 12:37.525,705, ,650, ,0, ,N, ,0, , , , , ,53047, , , ,2,1,0,0,0,0,0,0,0,0,0,0,2,2,0,0,0,0,0,0,0,0,0,0,0,0,0,0,0,0,0,0,0,0,0,8,0,39.9439,-75.2104, ,Philadelphia
 ,2919,2017091740,6,67,67301,2017,8,4,915,9,1,1,0,8,1, , ,N,1,2,0,3,0,1,2,2,N,N,40 02:28.908,75 01:41.719,930, ,922,1,1,1,N, ,3,N, , , , ,53050, , , ,1,1,0,0,0,0,0,0,0,0,1,0,1,0,0,0,0,0,0,0,0,0,1,0,0,0,0,0,0,0,0,0,1,0,0,3,0,40.0414,-75.0283, ,Philadelphia
 ,2920,2017088969,6,67,67301,2017,8,6,1454,14,1,1,0,4,1, , ,N,0,0,0,3,0,1,2,2,N,N,40 03:13.935,75 10:42.526,1456, ,1454, ,0, ,N, ,0, , , , , ,53053, , , ,2,1,0,0,0,0,1,0,0,0,1,0,1,0,0,0,0,0,0,0,0,0,0,1,0,0,0,0,0,0,0,0,0,0,0,3,0,40.0539,-75.1785, ,Philadelphia
 ,2921,2017116206,6,67,67301,2017,10,6,9999,99,1,1,0,1,1, , ,N,5,2,1,3,0,2,4,2,N, ,40 01:00.430,75 05:00.995,815, ,815, ,0, , , ,3, , , , , ,53057, , , ,2,1,0,0,0,0,0,1,0,0,0,2,2,0,0,0,0,0,0,0,0,0,0,0,0,0,0,0,0,0,0,0,0,0,0,4,0,40.0168,-75.0836, ,Philadelphia
N,2922,2017110775,6,67,67301,2017,9,4,902,9,1,1,0,1,1,1,2,Y,0,0,2,3,0,1,2,2,N,N,39 58:53.293,75 06:10.505,940,45,902, ,0, , , ,0, ,N,N,N,N,53061,N,Y,N,2,1,0,0,1,0,0,0,0,0,1,0,1,0,0,0,0,0,0,0,0,0,0,0,0,0,0,0,0,0,0,0,0,0,0,3,0,39.9815,-75.1029, ,Philadelphia
 ,2923,2017070509,6,67,67301,2017,6,7,1456,14,1,1,0,5,6, , ,N,0,0,0,3,0,2,2,2,N,N,40 04:55.965,74 58:00.524,1500, ,1456,2,1,3,N, ,0,N, , , , ,53071, , , ,2,1,0,0,1,0,0,0,0,0,0,2,2,0,0,0,0,0,0,0,0,0,0,0,0,0,0,0,0,0,0,0,0,0,0,4,0,40.0822,-74.9668, ,Philadelphia
 ,2924,2017078721,6,67,67301,2017,7,7,1857,18,1,2,1,7,4, , ,N,0,0,0,3,0,0,2,2,N,N,40 03:47.789,75 12:01.609,1935, ,1930, ,0, ,N, ,0, , , , , ,53073, , , ,2,1,0,0,0,0,1,0,0,0,0,0,0,0,0,0,1,0,0,0,0,0,0,0,0,0,0,0,0,0,0,0,0,0,0,0,0,40.0633,-75.2004, ,Philadelphia
 ,2925,2017107980,6,67,67301,2017,8,5,1600,16,1,1,0,4,1, , ,N,1,3,0,3,0,1,2,2,N,N,39 56:36.887,75 13:48.269,2030, ,2000, ,0, ,N, ,3, , , , , ,53087, , , ,2,2,0,0,0,0,0,0,0,0,1,0,1,0,0,0,0,0,0,0,0,0,0,2,0,0,0,0,0,0,0,0,0,0,0,3,0,39.9436,-75.2301, ,Philadelphia
 ,2926,2017107958,6,67,67301,2017,8,1,400,4,3,9,8,6,6, , ,N,0,0,0,3,0,2,2,3,N,N,40 00:05.861,75 09:11.297,9999, ,9999, ,0, ,N, ,0, , , , , ,53088, , , ,2,1,0,0,0,0,1,0,0,0,1,0,2,1,0,0,0,0,0,0,1,0,0,0,0,0,0,0,0,0,0,0,1,0,0,3,0,40.0016,-75.1531, ,Philadelphia
 ,2927,2017097847,6,67,67301,2017,9,3,1537,15,1,1,0,2,6, , ,N,0,0,0,3,0,1,2,2,N, ,39 59:38.864,75 08:51.104,1538, ,1537, ,0, , , ,0, , , , , ,53089, , , ,2,2,0,0,0,0,0,0,0,0,0,1,1,0,0,0,0,0,0,0,0,0,0,0,0,0,0,0,0,0,0,0,0,0,0,4,0,39.9941,-75.1475, ,Philadelphia
 ,2928,2017088865,6,67,67301,2017,8,7,2300,23,3,1,0,4,1, , ,N,1,3,0,3,0,1,2,2,N, ,39 58:07.093,75 14:01.874,2315, ,2310, ,0, , , ,3, , , , , ,53094, , , ,2,2,0,0,0,0,0,0,0,0,0,1,1,0,0,0,0,0,0,0,0,0,1,0,0,0,0,0,0,0,0,0,0,0,0,4,0,39.9686,-75.2339, ,Philadelphia
 ,2929,2017067928,6,67,67301,2017,6,7,2220,22,3,1,0,8,1, , ,N,0,0,0,3,0,1,2,2,N,N,40 03:01.100,75 07:40.600,2250, ,2242, ,0, ,N, ,0, , , , , ,53120, , , ,1,1,0,0,0,0,0,0,0,0,0,1,1,0,0,0,0,0,0,0,0,0,0,1,0,0,0,0,0,0,0,0,1,0,0,4,0,40.0503,-75.1279, ,Philadelphia
 ,2930,2017007838,6,67,67301,2017,1,4,725,7,1,2,1,4,1, , ,N,2,2,2,3,0,0,2,2,N,N,39 56:19.114,75 08:31.584,735, ,728,2,1,2,N, ,3,N, , , , ,53129, , , ,2,2,0,0,0,0,0,0,0,0,0,0,0,0,0,0,0,0,0,0,0,0,0,0,0,0,0,0,0,0,0,0,0,0,0,0,0,39.9386,-75.1421, ,Philadelphia
 ,2931,2017037375,6,67,67301,2017,3,7,1708,17,1,2,1,4,1, , ,N,1,2,0,3,0,0,2,2,N,N,39 55:25.798,75 13:29.769,1712, ,1708, ,0, ,N, ,3, , , , , ,53133, , , ,2,2,0,0,0,0,0,0,0,0,0,0,0,0,0,0,0,0,0,0,0,0,0,0,0,0,0,0,0,0,0,0,0,0,0,0,0,39.9238,-75.2249, ,Philadelphia
 ,2932,2017041166,6,67,67301,2017,3,5,1515,15,1,1,0,4,1, , ,N,1,2,0,3,0,1,2,2,N,Y,39 59:52.789,75 07:31.478,9999, ,1521, ,0, ,N, ,3, , , , , ,53141, , , ,1,0,0,0,1,0,0,0,1,0,0,1,1,0,0,0,0,0,0,0,0,1,0,0,0,0,0,0,0,0,0,0,0,0,0,4,0,39.998,-75.1254, ,Philadelphia
 ,2933,2017037377,6,67,67301,2017,3,7,1540,15,1,2,1,4,1, , ,N,1,2,0,3,0,2,2,2,N,N,40 03:41.853,74 59:18.132,1555, ,1549,9,1,2,N, ,3,N, , , , ,53142, , , ,2,2,0,0,0,0,0,0,0,0,0,2,2,0,0,0,0,0,0,0,0,0,0,0,0,0,0,0,0,0,0,0,0,0,0,4,0,40.0616,-74.9884, ,Philadelphia
 ,2934,2017035590,6,67,67301,2017,3,1,110,1,3,1,0,5,6, , ,N,0,0,0,3,0,2,3,5,N,N,39 57:39.713,75 14:45.027,125, ,122,9,1,3, , ,0,N, , , , ,53143, , , ,5,4,0,0,0,0,1,0,0,0,0,0,2,2,0,0,0,0,0,0,0,0,0,1,0,0,0,0,0,0,0,0,0,0,0,8,0,39.961,-75.2458, ,Philadelphia
 ,2935,2017097960,6,67,67301,2017,9,4,1348,13,1,2,1,7,3, , ,N,0,0,0,3,0,1,1,1,N, ,39 58:35.406,75 09:30.260,1355, ,1352,1,1,1, , ,0,N, , , , ,50254, , , ,1,0,0,0,0,0,1,0,0,0,0,1,1,0,0,0,0,0,0,0,0,0,0,1,0,0,0,0,0,0,0,0,0,0,0,4,0,39.9765,-75.1584, ,Philadelphia
 ,2936,2017120568,6,67,67301,2017,10,2,140,1,3,2,1,4,1, , ,N,1,2,0,3,0,0,2,3,N,N,39 55:58.618,75 10:04.353,145, ,143, ,0, ,N, ,3, , , , , ,50270, , , ,3,1,0,0,0,0,1,0,0,0,0,0,0,0,0,0,0,0,0,0,0,0,0,2,0,0,0,0,0,0,0,0,0,0,0,0,0,39.933,-75.1678, ,Philadelphia
 ,2937,2017111579,6,67,67301,2017,8,4,915,9,1,1,1,1,1, , ,N,0,0,0,3,0,3,3,3,N,N,39 54:49.488,75 08:49.668,929, ,926, ,0, ,N, ,0, , , , , ,50272, , , ,3,1,0,0,0,1,0,1,0,0,0,3,3,0,0,0,0,0,0,0,0,0,0,0,0,0,0,0,0,0,0,0,0,0,0,4,1,39.9137,-75.1471, ,Philadelphia
 ,2938,2017089887,6,67,67301,2017,8,1,322,3,3,1,0,1,1, , ,N,0,0,0,3,0,0,2,2,N,N,40 00:57.456,75 03:09.214,328, ,322, ,0, , , ,0, , , , , ,50295, , , ,2,1,0,0,0,0,1,0,0,0,0,0,0,0,0,0,0,0,0,0,0,0,0,0,0,0,0,0,0,0,0,0,0,0,0,0,0,40.016,-75.0526, ,Philadelphia
 ,2939,2017106000,6,67,67301,2017,9,3,1838,18,4,2,1,1,1, , ,N,1,2,0,3,0,3,5,2,N,N,40 00:54.154,75 08:06.604,1845, ,1841, ,0, ,N, ,3, , , , , ,50315, , , ,2,1,0,0,1,0,0,0,0,0,0,3,3,0,1,0,0,0,0,0,0,0,0,1,0,0,0,0,0,0,0,0,0,0,0,4,0,40.015,-75.1352, ,Philadelphia
 ,2940,2017108038,6,67,67301,2017,9,2,1640,16,1,1,0,4,1, , ,N,1,3,0,3,0,0,2,2,N,N,39 59:49.588,75 12:17.053,1705, ,1646,2,2,2,N, ,3,Y, , , , ,50321, , , ,2,1,0,0,0,0,1,0,0,0,0,0,0,0,0,0,0,0,0,0,1,0,0,0,0,0,0,0,0,0,0,0,0,0,0,0,0,39.9971,-75.2047, ,Philadelphia
 ,2941,2017067686,6,67,67301,2017,6,1,340,3,3,1,0,4,1, , ,N,2,3,0,3,0,5,8,2,N,N,40 01:56.776,75 06:27.284,352, ,347,3,2,5, , ,3,Y, , , , ,50327, , , ,2,0,0,0,0,0,0,2,0,0,0,0,5,5,0,0,0,0,0,0,1,0,0,1,0,0,0,0,0,0,0,0,0,0,0,8,0,40.0324,-75.1076, ,Philadelphia
 ,2942,2017105962,6,67,67301,2017,9,5,1455,14,1,1,0,4,1, , ,N,0,0,7,3,0,3,4,2,N,N,40 05:20.000,74 57:51.000,1510, ,1457, ,0, ,N, ,0, , , , , ,50353, , , ,2,0,0,0,0,0,2,0,0,0,0,3,3,0,0,0,0,0,0,0,1,0,0,1,0,0,0,0,0,0,0,0,0,0,0,4,0,40.0889,-74.9642, ,Philadelphia
 ,2943,2017017615,6,67,67301,2017,2,3,903,9,1,1,0,1,1, , ,N,0,8,0,3,0,1,3,3,N,N,39 57:30.611,75 10:00.496,919, ,909, ,0, , , ,3, , , , , ,50383, , , ,3,3,0,0,0,0,0,0,0,0,0,1,1,0,0,0,0,0,0,0,1,0,0,0,0,0,0,0,0,0,0,0,0,0,0,4,0,39.9585,-75.1668, ,Philadelphia
 ,2944,2017043899,6,67,67301,2017,4,1,1510,15,1,1,0,1,1, , ,N,1,2,0,3,0,1,4,2,N,N,40 00:49.824,75 07:33.527,1530, ,1515, ,0, ,N, ,3, , , , , ,50388, , , ,2,0,0,0,0,0,2,0,0,0,0,1,1,0,0,0,0,0,0,0,0,0,1,0,0,0,0,0,0,0,0,0,0,0,0,4,0,40.0138,-75.126, ,Philadelphia
 ,2945,2017060461,6,67,67301,2017,5,7,1450,14,1,1,0,4,1, , ,N,1,2,0,3,0,1,2,3,N, ,39 58:02.632,75 10:43.087,1508, ,1502,9,2,1, , ,3,Y, , , , ,50413, , , ,3,3,0,0,0,0,0,0,0,0,0,0,1,1,0,0,0,0,0,0,0,0,0,0,0,0,0,0,0,0,0,0,0,0,0,8,0,39.9674,-75.1786, ,Philadelphia
 ,2946,2017061147,6,67,67301,2017,5,4,228,2,3,1,0,5,6, , ,N,0,0,0,3,0,1,3,9,N,N,39 57:39.191,75 08:28.999,233, ,230,2,1,6,N, ,0,N, , , , ,50414, , , ,9,3,0,1,0,0,5,0,0,0,0,1,1,0,0,0,0,0,0,0,0,0,0,1,0,0,0,0,0,0,0,0,0,0,0,4,1,39.9609,-75.1414, ,Philadelphia
 ,2947,2017023940,6,67,67301,2017,2,7,300,3,3,1,0,7,2, , ,N,0,0,0,3,0,0,1,1,N,N,40 01:42.100,75 11:25.600,300, ,300,1,2,3,N, ,0,Y, , , , ,50423, , , ,1,1,0,0,0,0,0,0,0,0,0,0,0,0,0,0,0,0,0,0,0,0,0,0,0,0,0,0,0,0,0,0,0,0,0,0,0,40.0284,-75.1904, ,Philadelphia
 ,2948,2017116143,6,67,67301,2017,10,3,1530,15,1,1,0,8,1, , ,N,1,0,0,3,0,1,2,2,N,N,39 57:03.639,75 13:52.809,1555, ,1553, ,0, ,N, ,0, , , , , ,50431, , , ,1,1,0,0,0,0,0,0,0,0,0,1,1,0,0,0,0,0,0,0,0,0,0,0,0,0,0,0,0,0,0,0,1,0,0,4,0,39.951,-75.2313, ,Philadelphia
 ,2949,2017091770,6,67,67301,2017,8,3,946,9,1,1,1,4,1, , ,N,1,2,0,3,0,2,2,2,N,N,40 03:57.297,75 09:33.465,1020, ,959, ,0, ,N, ,3, , , , , ,50436, , , ,2,0,0,0,0,0,2,0,0,0,0,0,2,2,0,0,0,0,0,0,0,1,0,0,0,0,0,0,0,0,0,0,0,0,0,8,0,40.0659,-75.1593, ,Philadelphia
 ,2950,2017105877,6,67,67301,2017,9,2,710,7,1,1,0,8,1, , ,N,2,2,0,3,0,1,2,2,N,N,40 01:53.555,75 06:19.037,800, ,723, ,0, ,N, ,3, , , , , ,50447, , , ,1,0,0,0,0,0,1,0,0,0,0,1,1,0,0,0,0,0,0,0,0,0,0,1,0,0,0,0,0,0,0,0,1,0,0,4,0,40.0315,-75.1053, ,Philadelphia
 ,2951,2017067986,6,67,67301,2017,6,6,2039,20,3,1,0,4,1, , ,N,5,2,0,3,0,1,5,3,N,N,39 57:49.784,75 13:12.172,2043, ,2041, ,0, , , ,3, , , , , ,50470, , , ,2,1,0,0,0,0,1,0,0,0,0,1,1,0,0,0,0,0,1,0,0,0,0,1,0,0,0,0,0,0,0,0,1,0,0,4,0,39.9638,-75.22, ,Philadelphia
 ,2952,2017086692,6,67,67301,2017,3,5,2103,21,3,1,0,1,1, , ,N,0,0,0,3,0,1,3,2,N,N,40 03:42.908,75 02:35.307,2112, ,2110,1,1,2,N, ,0,N, , , , ,50475, , , ,2,2,0,0,0,0,0,0,0,0,0,1,1,0,0,0,0,0,0,0,1,0,0,0,0,0,0,0,0,0,0,0,0,0,0,4,0,40.0619,-75.0431, ,Philadelphia
 ,2953,2017055683,6,67,67301,2017,4,3,955,9,1,1,0,4,1, , ,N,1,3,0,3,0,0,3,3,N, ,40 00:45.093,75 08:24.381,1005, ,959, ,0, , , ,3, , , , , ,43666, , , ,3,1,0,0,0,0,1,1,0,0,0,0,0,0,0,0,0,1,0,0,1,0,0,0,0,0,0,0,0,0,0,0,0,0,0,0,0,40.0125,-75.1401, ,Philadelphia