wz_ln_closure,objectid_1,crn,district,county,municipality,crash_year,crash_month,day_of_week,time_of_day,hour_of_day,illumination,weather,road_condition,collision_type,relation_to_road,work_zone_type,work_zone_loc,work_zone_ind,intersect_type,tcd_type,location_type,urban_rural,fatal_count,injury_count,person_count,total_units,sch_bus_ind,sch_zone_ind,latitude,longitude,arrival_tm,cons_zone_spd_lim,dispatch_tm,est_hrs_closed,lane_closed,ln_close_dir,ntfy_hiwy_maint,spec_juris_cd,tcd_func_cd,tfc_detour_ind,workers_pres,wz_close_detour,wz_flagger,wz_law_offcr_ind,objectid,wz_moving,wz_other,wz_shlder_mdn,vehicle_count,automobile_count,motorcycle_count,bus_count,small_truck_count,heavy_truck_count,suv_count,van_count,bicycle_count,maj_inj_count,mod_inj_count,min_inj_count,tot_inj_count,unk_inj_deg_count,unk_inj_per_count,driver_count_16yr,driver_count_17yr,driver_count_18yr,driver_count_19yr,driver_count_20yr,driver_count_50_64yr,driver_count_65_74yr,driver_count_75plus,unbelted_occ_count,unb_death_count,unb_maj_inj_count,belted_death_count,belted_maj_inj_count,mcycle_death_count,mcycle_maj_inj_count,bicycle_death_count,bicycle_maj_inj_count,ped_count,ped_death_count,ped_maj_inj_count,max_severity_level,comm_veh_count,dec_lat,dec_long,rdwy_surf_type_cd,county_name
 ,3018,2017086277,6,67,67301,2017,7,2,750,7,1,1,0,4,1, , ,N,1,2,0,3,0,1,2,2,N,N,39 58:10.241,75 13:31.335,800, ,754, ,0, , , ,3, , , , , ,50637, , , ,2,2,0,0,0,0,0,0,0,0,0,1,1,0,0,0,0,0,0,0,0,0,0,0,0,0,0,0,0,0,0,0,0,0,0,4,0,39.9695,-75.2254, ,Philadelphia
 ,3019,2017093048,6,67,67301,2017,8,3,1630,16,1,1,0,7,2, , ,N,0,0,0,3,0,1,1,1,N,N,40 00:07.679,75 11:40.211,1633, ,1633,1,2,4, , ,0,N, , , , ,50648, , , ,1,1,0,0,0,0,0,0,0,0,1,0,1,0,0,0,0,0,0,0,0,0,0,0,0,0,0,0,0,0,0,0,0,0,0,3,0,40.0021,-75.1945, ,Philadelphia
 ,3020,2017086232,6,67,67301,2017,7,1,1405,14,1,1,0,8,1, , ,N,1,3,0,3,0,1,2,2,N, ,39 57:54.791,75 11:30.533,1405, ,1405, ,0, , , ,3, , , , , ,50655, , , ,1,0,0,0,0,0,0,1,0,0,1,0,1,0,0,0,0,0,0,0,0,0,0,1,0,0,0,0,0,0,0,0,1,0,0,3,0,39.9652,-75.1918, ,Philadelphia
 ,3021,2017068009,6,67,67301,2017,6,7,1021,10,1,1,0,4,1, , ,N,1,2,0,3,0,1,3,2,N,N,40 01:26.280,75 02:07.317,1025, ,1022, ,0, ,N, ,3, , , , , ,50672, , , ,2,1,0,0,1,0,0,0,0,0,0,1,1,0,0,0,0,0,0,0,2,0,0,0,0,0,0,0,0,0,0,0,0,0,0,4,0,40.024,-75.0354, ,Philadelphia
 ,3022,2017086322,6,67,67301,2017,7,1,1530,15,1,1,0,4,1, , ,N,1,2,0,3,0,2,2,2,N, ,40 01:32.334,75 10:54.007,9999, ,1544, ,0, , , ,3, , , , , ,50728, , , ,2,2,0,0,0,0,0,0,0,0,0,0,2,2,0,0,0,0,0,0,0,0,0,2,0,0,0,0,0,0,0,0,0,0,0,8,0,40.0256,-75.1817, ,Philadelphia
 ,3023,2017086309,6,67,67301,2017,7,5,901,9,1,1,0,4,1, , ,N,1,2,0,3,0,1,2,2,N,N,40 02:26.486,75 04:34.494,906, ,904, ,0, ,N, ,3, , , , , ,50731, , , ,2,2,0,0,0,0,0,0,0,0,0,1,1,0,0,0,0,0,0,0,0,0,0,0,0,0,0,0,0,0,0,0,0,0,0,4,0,40.0407,-75.0762, ,Philadelphia
 ,3024,2017096409,6,67,67301,2017,7,4,917,9,1,1,0,4,1, , ,N,2,3,0,3,0,1,3,3,N,N,39 57:05.288,75 14:27.445,919, ,917, ,0, ,N, ,3, , , , , ,50743, , , ,3,2,0,0,0,0,1,0,0,0,0,1,1,0,1,0,0,0,0,0,1,0,0,0,0,0,0,0,0,0,0,0,0,0,0,4,0,39.9515,-75.241, ,Philadelphia
 ,3025,2017050887,6,67,67301,2017,5,7,828,8,1,2,1,1,1, , ,N,0,0,0,3,0,2,6,2,N,N,39 53:23.695,75 12:03.715,832, ,831,1,1,2, , ,0,N, , , , ,43905, , , ,2,1,0,0,0,0,1,0,0,0,0,0,2,2,1,0,0,0,0,0,0,0,0,0,0,0,0,0,0,0,0,0,0,0,0,8,0,39.8899,-75.201, ,Philadelphia
 ,3026,2017061760,6,67,67301,2017,6,5,2019,20,4,1,0,1,1, , ,N,0,0,0,3,0,1,2,2,N,N,39 58:03.651,75 11:23.120,2029, ,2024,1,2,3, , ,0,N, , , , ,43911, , , ,2,2,0,0,0,0,0,0,0,0,1,0,1,0,0,0,0,0,0,0,0,0,0,0,0,0,0,0,0,0,0,0,0,0,0,3,0,39.9676,-75.1897, ,Philadelphia
 ,3027,2017057994,6,67,67301,2017,4,5,1718,17,1,1,0,1,1, , ,N,0,0,0,3,0,2,9,4,N,N,39 53:56.236,75 10:05.486,1739, ,1725, ,0, , , ,0, , , , , ,43915, , , ,4,3,0,0,0,0,1,0,0,0,2,0,2,0,0,0,0,0,0,0,2,0,0,0,0,0,0,0,0,0,0,0,0,0,0,3,0,39.899,-75.1682, ,Philadelphia
 ,3028,2017014200,6,67,67301,2017,1,2,1125,11,1,2,1,1,1, , ,N,0,0,3,3,0,1,4,3,N,N,39 57:36.750,75 10:50.042,1129, ,1125, ,0, , , ,0, , , , , ,43923, , , ,3,1,0,0,0,1,1,0,0,0,0,0,1,1,0,0,0,0,0,0,0,0,0,0,0,0,0,0,0,0,0,0,0,0,0,8,1,39.9602,-75.1806, ,Philadelphia
 ,3029,2017035693,6,67,67301,2017,3,4,642,6,1,1,5,4,1, , ,N,1,2,0,3,0,2,3,3,N,N,40 01:31.774,75 07:31.582,710, ,650,2,1,2,N, ,3,N, , , , ,43937, , , ,3,3,0,0,0,0,0,0,0,0,1,1,2,0,0,0,0,0,0,0,2,0,0,0,0,0,0,0,0,0,0,0,0,0,0,3,0,40.0255,-75.1254, ,Philadelphia
 ,3030,2017028916,6,67,67301,2017,2,1,1130,11,1,1,0,4,1, , ,N,1,3,0,3,0,0,2,2,N,N,39 58:13.623,75 09:03.509,1132, ,1130, ,0, ,N, ,3, , , , , ,43980, , , ,2,2,0,0,0,0,0,0,0,0,0,0,0,0,0,0,0,0,0,0,0,0,0,2,0,0,0,0,0,0,0,0,0,0,0,0,0,39.9705,-75.151, ,Philadelphia
 ,3031,2017037390,6,67,67301,2017,3,3,1545,15,1,1,0,4,1, , ,N,1,2,0,3,0,0,3,2,N,N,39 55:04.447,75 10:45.458,1549, ,1549,1,1,3, , ,3,N, , , , ,44023, , , ,2,0,0,1,1,0,0,0,0,0,0,0,0,0,0,0,0,0,0,0,1,0,0,0,0,0,0,0,0,0,0,0,0,0,0,0,1,39.9179,-75.1793, ,Philadelphia
 ,3032,2017028812,6,67,67301,2017,2,2,1700,17,4,1,0,8,1, , ,N,1,1,0,3,0,1,2,2,N, ,39 58:23.617,75 11:01.532,2015, ,1959, ,0, , , ,3, , , , , ,44034, , , ,1,1,0,0,0,0,0,0,0,0,0,1,1,0,0,0,0,0,0,0,0,0,0,1,0,0,0,0,0,0,0,0,1,0,0,4,0,39.9732,-75.1838, ,Philadelphia
 ,3033,2017055635,6,67,67301,2017,5,1,415,4,3,1,0,1,1, , ,N,1,2,0,3,0,1,3,2,N,N,40 01:01.528,75 09:04.326,458, ,456, ,0, ,N, ,3, , , , , ,44038, , , ,2,0,0,0,0,0,2,0,0,0,1,0,1,0,1,0,0,0,0,0,0,0,0,0,0,0,0,0,0,0,0,0,0,0,0,3,0,40.0171,-75.1512, ,Philadelphia
 ,3034,2017052102,6,67,67301,2017,4,1,357,3,3,1,0,1,1, , ,N,1,2,0,3,0,0,2,2,N,N,39 55:48.070,75 13:09.172,400, ,357, ,0, ,N, ,3, , , , , ,44040, , , ,2,1,0,0,0,0,1,0,0,0,0,0,0,0,0,0,0,0,0,0,1,0,0,2,0,0,0,0,0,0,0,0,0,0,0,0,0,39.93,-75.2192, ,Philadelphia
 ,3035,2017055498,6,67,67301,2017,5,2,805,8,1,1,0,4,1, , ,N,1,2,0,3,0,0,2,3,N, ,40 02:14.686,75 10:54.569,815, ,812, ,0, , , ,3, , , , , ,44042, , , ,3,3,0,0,0,0,0,0,0,0,0,0,0,0,0,0,0,0,0,0,0,0,0,0,0,0,0,0,0,0,0,0,0,0,0,0,0,40.0374,-75.1818, ,Philadelphia
 ,3036,2017060459,6,67,67301,2017,5,6,126,1,3,2,1,4,1, , ,N,1,2,0,3,0,1,4,3,N,N,40 03:45.318,75 10:14.844,132, ,130, ,0, , , ,3, , , , , ,44052, , , ,3,1,0,0,0,0,2,0,0,0,1,0,1,0,3,0,0,0,0,0,0,0,0,1,0,0,0,0,0,0,0,0,0,0,0,3,0,40.0626,-75.1708, ,Philadelphia
 ,3037,2017005830,6,67,67301,2017,1,5,955,9,1,1,0,5,1, , ,N,0,0,0,3,0,0,3,3,N,N,39 55:21.808,75 08:51.011,1000, ,955, ,0, , , ,0, , , , , ,44057, , , ,3,1,0,0,0,0,0,0,0,0,0,0,0,0,2,0,0,0,0,0,0,0,0,0,0,0,0,0,0,0,0,0,0,0,0,9,0,39.9227,-75.1475, ,Philadelphia
 ,3038,2017033522,6,67,67301,2017,2,1,517,5,3,1,0,5,1, , ,N,0,0,0,3,0,2,5,3,N,N,40 01:15.682,75 09:26.863,530, ,524,3,1,2,N, ,0,N, , , , ,44078, , , ,3,3,0,0,0,0,0,0,0,0,0,2,2,0,0,0,0,0,0,0,1,0,0,0,0,0,0,0,0,0,0,0,0,0,0,4,0,40.021,-75.1575, ,Philadelphia
 ,3039,2017042422,6,67,67301,2017,4,1,1147,11,1,1,0,1,1, , ,N,0,0,0,3,0,0,2,2,N,N,40 00:33.803,75 12:18.606,1201, ,1153, ,0, , , ,0, , , , , ,44083, , , ,2,2,0,0,0,0,0,0,0,0,0,0,0,0,0,0,0,0,0,0,0,0,0,0,0,0,0,0,0,0,0,0,0,0,0,0,0,40.0094,-75.2052, ,Philadelphia
 ,3040,2017062924,6,67,67301,2017,6,3,1501,15,1,1,0,7,4, , ,N,0,0,0,3,0,0,1,1,N,N,39 55:37.027,75 11:41.882,1510, ,1502, ,0, , , ,0, , , , , ,44094, , , ,1,1,0,0,0,0,0,0,0,0,0,0,0,0,0,0,0,0,1,0,0,0,0,0,0,0,0,0,0,0,0,0,0,0,0,0,0,39.9269,-75.1949, ,Philadelphia
 ,3041,2017058236,6,67,67301,2017,5,4,1020,10,1,1,0,8,1, , ,N,2,3,0,3,0,1,2,2,N, ,39 57:33.259,75 09:55.537,1045, ,1040, ,0, , , ,3, , , , , ,44100, , , ,1,1,0,0,0,0,0,0,0,0,0,0,1,1,0,0,0,0,0,0,1,0,0,0,0,0,0,0,0,0,0,0,1,0,0,8,0,39.9592,-75.1654, ,Philadelphia
 ,3042,2017009828,6,67,67301,2017,1,5,1413,14,1,1,0,1,1, , ,N,6,4,2,3,0,0,3,3,N,N,39 56:44.167,75 11:25.033,1424, ,1413,1,1,3, , ,3,N, , , , ,44104, , , ,3,3,0,0,0,0,0,0,0,0,0,0,0,0,0,0,0,0,0,0,1,0,0,0,0,0,0,0,0,0,0,0,0,0,0,0,0,39.9456,-75.1903, ,Philadelphia
 ,3043,2017028999,6,67,67301,2017,2,2,1206,12,1,1,0,1,1, , ,N,1,2,0,3,0,3,4,2,N,N,39 57:08.268,75 10:31.483,1214, ,1211, ,0, ,N, ,3, , , , , ,47112, , , ,2,1,0,0,1,0,0,0,0,0,0,0,3,3,0,0,0,0,0,0,1,0,1,0,0,0,0,0,0,0,0,0,0,0,0,8,0,39.9523,-75.1753, ,Philadelphia
 ,3044,2017028811,6,67,67301,2017,2,5,1047,10,1,1,0,4,1, , ,N,1,2,3,3,0,2,3,2,N,N,39 57:29.693,75 10:01.822,1049, ,1049,1,1,2,N, ,3,Y, , , , ,47115, , , ,2,1,0,0,0,0,1,0,0,0,2,0,2,0,0,0,0,0,0,0,0,0,0,1,0,0,0,0,0,0,0,0,0,0,0,3,0,39.9583,-75.1673, ,Philadelphia
 ,3045,2017010582,6,67,67301,2017,1,6,920,9,1,4,5,1,1, , ,N,0,0,0,3,0,0,4,4,N,N,40 02:29.210,75 09:14.370,959, ,951,2,2,5,N, ,0,Y, , , , ,47141, , , ,4,2,0,0,0,0,2,0,0,0,0,0,0,0,0,0,0,0,0,0,0,0,0,0,0,0,0,0,0,0,0,0,0,0,0,0,0,40.0414,-75.154, ,Philadelphia
 ,3046,2017055509,6,67,67301,2017,4,6,1646,16,1,1,0,1,1, , ,N,0,0,0,3,0,2,6,3,N, ,39 55:28.649,75 14:42.944,1655, ,1650, ,0, , , ,0, , , , , ,47159, , , ,3,2,0,0,0,0,0,1,0,0,0,1,2,1,3,0,0,0,0,0,0,0,0,0,0,0,0,0,0,0,0,0,0,0,0,4,0,39.9246,-75.2453, ,Philadelphia
 ,3047,2017061141,6,67,67301,2017,5,1,500,5,1,1,0,1,6, , ,N,0,0,0,3,0,0,2,3,N,N,39 58:50.371,75 15:16.024,801, ,800,1,1,5,N, ,0,Y, , , , ,47171, , , ,3,2,0,0,0,0,1,0,0,0,0,0,0,0,0,0,0,0,0,0,0,0,0,0,0,0,0,0,0,0,0,0,0,0,0,0,0,39.9807,-75.2545, ,Philadelphia
 ,3048,2017012436,6,67,67301,2017,1,5,1616,16,1,1,0,1,1, , ,N,0,0,2,3,0,0,3,3,N,N,39 54:37.038,75 09:01.450,1638, ,1623, ,0, , , ,0, , , , , ,47191, , , ,3,1,0,0,2,0,0,0,0,0,0,0,0,0,0,0,0,0,0,0,0,0,0,0,0,0,0,0,0,0,0,0,0,0,0,0,0,39.9103,-75.1504, ,Philadelphia
 ,3049,2017028918,6,67,67301,2017,2,5,2325,23,3,1,0,7,4, , ,N,5,2,0,3,0,0,1,3,N,N,40 00:07.689,75 08:38.973,2331, ,2327, ,0, ,N, ,3, , , , , ,47206, , , ,3,0,0,0,0,0,2,1,0,0,0,0,0,0,0,0,0,0,0,0,0,0,0,0,0,0,0,0,0,0,0,0,0,0,0,0,0,40.0021,-75.1442, ,Philadelphia
 ,3050,2017063612,6,67,67301,2017,6,3,1838,18,1,1,0,4,1, , ,N,1,2,0,3,0,1,2,2,N,N,40 00:14.125,75 13:14.515,1845, ,1838,1,1,2, , ,3,N, , , , ,47226, , , ,2,1,1,0,0,0,0,0,0,0,1,0,1,0,0,0,1,0,0,0,0,0,0,0,0,0,0,0,0,0,0,0,0,0,0,3,0,40.0039,-75.2207, ,Philadelphia
 ,3051,2017060473,6,67,67301,2017,5,7,1029,10,1,2,1,4,1, , ,N,1,3,0,3,0,1,2,2,N, ,39 57:42.026,75 14:41.535,1039, ,1029, ,0, , , ,3, , , , , ,47228, , , ,2,2,0,0,0,0,0,0,0,0,0,1,1,0,0,0,0,0,0,0,1,0,0,0,0,0,0,0,0,0,0,0,0,0,0,4,0,39.9617,-75.2449, ,Philadelphia
 ,3052,2017028860,6,67,67301,2017,2,6,40,0,3,1,0,2,1, , ,N,1,2,0,3,0,1,2,2,N,N,40 03:44.697,75 09:18.946,100, ,58,9,1,6,N, ,3,N, , , , ,47258, , , ,2,2,0,0,0,0,0,0,0,0,1,0,1,0,0,0,0,0,0,0,0,0,0,1,0,0,0,0,0,0,0,0,0,0,0,3,0,40.0624,-75.1553, ,Philadelphia
 ,3053,2017052720,6,67,67301,2017,5,5,415,4,3,1,0,7,4, , ,N,7,0,2,3,0,0,2,1,N,N,40 01:14.607,75 02:34.181,415, ,415, ,0, , , ,0, , , , , ,47261, , , ,1,1,0,0,0,0,0,0,0,0,0,0,0,0,0,0,0,0,0,0,0,0,0,0,0,0,0,0,0,0,0,0,0,0,0,0,0,40.0207,-75.0428, ,Philadelphia
 ,3054,2017052281,6,67,67301,2017,4,6,640,6,1,2,1,5,6, , ,N,0,0,0,3,0,1,1,4,N, ,40 01:56.043,75 02:12.974,702, ,700, ,0, , , ,0, , , , , ,47263, , , ,4,3,0,0,0,0,0,1,0,0,0,1,1,0,0,0,0,0,1,0,0,0,0,0,0,0,0,0,0,0,0,0,0,0,0,4,0,40.0322,-75.0369, ,Philadelphia
 ,3055,2017052304,6,67,67301,2017,4,4,1020,10,1,1,0,4,1, , ,N,1,3,0,3,0,0,2,2,N, ,40 03:31.504,75 03:02.099,1020, ,1020,1,1,4, , ,3,N, , , , ,47264, , , ,2,2,0,0,0,0,0,0,0,0,0,0,0,0,0,0,0,0,0,0,0,0,0,0,0,0,0,0,0,0,0,0,0,0,0,0,0,40.0588,-75.0506, ,Philadelphia
 ,3056,2017066520,6,67,67301,2017,6,3,1237,12,1,1,0,7,2, , ,N,0,0,0,3,0,1,1,1,N,N,40 01:14.097,75 09:26.790,1240, ,1237,2,1,1,N, ,0,N, , , , ,47275, , , ,1,1,0,0,0,0,0,0,0,0,0,1,1,0,0,0,0,0,0,0,0,0,0,1,0,0,0,0,0,0,0,0,0,0,0,4,0,40.0206,-75.1574, ,Philadelphia
 ,3057,2017041312,6,67,67301,2017,4,4,800,8,1,1,0,8,1, , ,N,0,0,7,3,0,1,2,2,N,N,40 01:43.950,75 02:15.236,1202, ,1158, ,0, ,N, ,0, , , , , ,47295, , , ,1,0,0,0,0,0,0,1,0,0,0,1,1,0,0,0,0,0,0,0,0,0,0,0,0,0,0,0,0,0,0,0,1,0,0,4,0,40.0289,-75.0376, ,Philadelphia
 ,3058,2017035695,6,67,67301,2017,3,5,1740,17,1,1,6,2,1, , ,N,0,0,0,3,0,1,2,2,N,N,40 01:51.146,75 07:54.480,1747, ,1745,3,2,5,N, ,0,Y, , , , ,47296, , , ,2,2,0,0,0,0,0,0,0,0,0,1,1,0,0,0,0,0,0,0,0,0,0,0,0,0,0,0,0,0,0,0,0,0,0,4,0,40.0309,-75.1318, ,Philadelphia
 ,3059,2017041141,6,67,67301,2017,3,7,1945,19,1,1,0,4,1, , ,N,1,3,0,3,0,0,2,2,N,N,39 57:20.034,75 13:25.662,2009, ,2009, ,0, ,N, ,3, , , , , ,47301, , , ,2,2,0,0,0,0,0,0,0,0,0,0,0,0,0,0,0,0,0,0,0,1,0,0,0,0,0,0,0,0,0,0,0,0,0,0,0,39.9556,-75.2238, ,Philadelphia
 ,3060,2017041249,6,67,67301,2017,4,6,1700,17,1,1,0,4,1, , ,N,0,0,7,3,0,2,2,2,N,N,40 05:10.822,75 02:20.025,1705, ,1700, ,0, ,N, ,0, , , , , ,47304, , , ,2,2,0,0,0,0,0,0,0,0,0,2,2,0,0,0,0,0,0,0,0,1,0,0,0,0,0,0,0,0,0,0,0,0,0,4,0,40.0863,-75.0389, ,Philadelphia
 ,3061,2017070473,6,67,67301,2017,6,4,814,8,1,1,0,4,1, , ,N,1,2,0,3,0,1,2,2,N,N,40 01:48.978,75 03:51.736,830, ,817, ,0, , , ,3, , , , , ,53419, , , ,2,1,0,0,0,0,1,0,0,0,0,1,1,0,0,0,0,0,0,0,0,0,0,0,0,0,0,0,0,0,0,0,0,0,0,4,0,40.0303,-75.0644, ,Philadelphia
 ,3062,2017067877,6,67,67301,2017,6,7,2018,20,1,1,0,8,1, , ,N,0,0,0,3,0,1,3,2,N,N,39 55:49.661,75 13:59.566,2019, ,2019,2,2,3,N, ,0,Y, , , , ,53471, , , ,1,1,0,0,0,0,0,0,0,0,1,0,1,0,0,0,0,0,0,0,0,0,0,0,0,0,0,0,0,0,0,0,1,0,0,3,0,39.9305,-75.2332, ,Philadelphia
 ,3063,2017086719,6,67,67301,2017,3,2,1746,17,1,1,0,5,1, , ,N,0,0,0,3,0,2,2,3,N,N,40 03:44.739,75 02:34.500,1748, ,1746,2,1,2,N, ,0,N, , , , ,53472, , , ,2,2,0,0,0,0,0,0,0,0,0,2,2,0,0,0,0,0,0,0,0,0,0,0,0,0,0,0,0,0,0,0,0,0,0,4,0,40.0624,-75.0429, ,Philadelphia
 ,3064,2017087119,6,67,67301,2017,7,7,350,3,3,2,1,1,1, , ,N,0,0,0,3,0,1,4,2,N,N,40 02:44.026,75 00:06.201,400, ,350, ,0, , , ,0, , , , , ,53478, , , ,2,2,0,0,0,0,0,0,0,0,0,0,1,1,0,0,0,0,0,0,0,0,0,0,0,0,0,0,0,0,0,0,0,0,0,8,0,40.0456,-75.0017, ,Philadelphia
 ,3065,2017086828,6,67,67301,2017,4,7,1528,15,1,1,0,1,1, , ,N,0,0,0,3,0,2,9,3,N,N,39 59:32.590,75 14:01.430,1535, ,1530, ,0, ,N, ,0, , , , , ,53486, , , ,3,2,0,0,0,0,1,0,0,0,0,1,2,1,6,0,0,0,0,0,0,1,0,0,0,0,0,0,0,0,0,0,0,0,0,4,0,39.9924,-75.2337, ,Philadelphia
 ,3066,2017088909,6,67,67301,2017,8,6,945,9,1,1,0,8,1, , ,N,1,2,0,3,0,1,2,2,N, ,39 57:13.719,75 09:59.863,953, ,947, ,0, , , ,3, , , , , ,53498, , , ,1,1,0,0,0,0,0,0,0,0,0,1,1,0,0,0,0,0,0,0,0,0,0,0,0,0,0,0,0,0,0,0,1,0,0,4,0,39.9538,-75.1666, ,Philadelphia
 ,3067,2017050388,6,67,67301,2017,5,6,1054,10,1,2,1,7,2, , ,N,0,8,0,3,0,0,1,1,N,N,39 53:30.731,75 14:11.373,1108, ,1108, ,0, , , ,3, , , , , ,53504, , , ,1,1,0,0,0,0,0,0,0,0,0,0,0,0,0,0,0,0,0,0,0,0,0,0,0,0,0,0,0,0,0,0,0,0,0,0,0,39.8919,-75.2365, ,Philadelphia
 ,3068,2017086199,6,67,67301,2017,7,3,1900,19,1,1,0,6,1, , ,N,0,0,0,3,0,1,2,2,N,N,39 56:09.206,75 14:04.724,1913, ,1907, ,0, ,N, ,0, , , , , ,53508, , , ,2,0,0,0,1,0,1,0,0,0,0,1,1,0,0,0,0,0,0,0,0,1,0,0,0,0,0,0,0,0,0,0,0,0,0,4,0,39.9359,-75.2346, ,Philadelphia
 ,3069,2017088787,6,67,67301,2017,8,3,1735,17,1,1,0,1,1, , ,N,2,0,0,3,0,1,2,2,N, ,40 00:32.064,75 10:08.718,1756, ,1756, ,0, , , ,0, , , , , ,53515, , , ,2,2,0,0,0,0,0,0,0,0,0,1,1,0,0,0,0,0,0,0,0,0,0,1,0,0,0,0,0,0,0,0,0,0,0,4,0,40.0088,-75.169, ,Philadelphia
 ,3070,2017088294,6,67,67301,2017,7,4,2025,20,4,1,0,8,1, , ,N,0,0,0,3,0,1,2,2,N,N,39 55:49.324,75 11:42.571,2029, ,2029, ,0, ,N, ,0, , , , , ,53568, , , ,1,0,0,0,0,0,1,0,0,0,0,1,1,0,0,0,0,0,0,0,0,0,0,1,0,0,0,0,0,0,0,0,1,0,0,4,0,39.9304,-75.1952, ,Philadelphia
 ,3071,2017120688,6,67,67301,2017,9,4,1620,16,1,1,0,1,1, , ,N,1,2,0,3,0,1,3,2,N,N,40 01:04.807,75 08:57.222,1645, ,1620, ,0, , , ,3, , , , , ,53586, , , ,2,0,0,1,1,0,0,0,0,0,0,0,1,1,0,0,0,0,0,0,2,0,0,1,0,0,0,0,0,0,0,0,0,0,0,8,1,40.0179,-75.1493, ,Philadelphia
 ,3072,2017109819,6,67,67301,2017,9,7,1140,11,1,1,0,4,1, , ,N,1,3,0,3,0,4,4,4,N,N,40 02:16.440,75 02:50.675,1145, ,1141, ,0, , , ,3, , , , , ,53587, , , ,4,3,0,0,0,0,1,0,0,1,0,0,4,3,0,0,0,0,0,0,0,0,0,1,0,0,0,1,0,0,0,0,0,0,0,2,0,40.0379,-75.0474, ,Philadelphia
 ,3073,2017106184,6,67,67301,2017,10,1,1319,13,1,2,1,7,4, , ,N,6,0,2,3,0,0,1,1,N,N,39 54:39.103,75 08:56.529,1330, ,1320,1,2,1, , ,0,Y, , , , ,53593, , , ,1,0,0,0,0,0,1,0,0,0,0,0,0,0,0,0,0,0,0,0,0,0,0,1,0,0,0,0,0,0,0,0,0,0,0,0,0,39.9109,-75.149, ,Philadelphia
 ,3074,2017055524,6,67,67301,2017,4,2,2011,20,3,1,0,4,1, , ,N,0,0,7,3,0,1,2,2,N,N,40 02:10.622,75 04:11.113,2028, ,2021, ,0, , , ,0, , , , , ,53600, , , ,2,1,1,0,0,0,0,0,0,0,1,0,1,0,0,0,0,0,0,0,2,0,0,0,0,0,0,0,0,0,0,0,0,0,0,3,0,40.0363,-75.0698, ,Philadelphia
 ,3075,2017116159,6,67,67301,2017,10,3,2205,22,3,1,0,4,1, , ,N,1,2,2,3,0,0,2,2,N,N,39 58:28.933,75 11:58.135,2215, ,2205, ,0, ,N, ,3, , , , , ,53611, , , ,2,1,0,0,0,0,1,0,0,0,0,0,0,0,0,0,0,0,0,0,0,1,0,0,0,0,0,0,0,0,0,0,0,0,0,0,0,39.9746,-75.1992, ,Philadelphia
 ,3076,2017093529,6,67,67301,2017,8,6,733,7,1,2,1,7,4, , ,N,7,0,2,3,0,1,1,1,N, ,40 00:42.975,75 12:17.619,812, ,800, ,0, , , ,0, , , , , ,53620, , , ,1,1,0,0,0,0,0,0,0,0,0,1,1,0,0,0,0,0,0,0,0,0,0,0,0,0,0,0,0,0,0,0,0,0,0,4,0,40.014,-75.2046, ,Philadelphia
 ,3077,2017107622,6,67,67301,2017,10,1,606,6,1,1,0,1,1, , ,N,0,0,0,3,0,1,2,2,N,N,39 57:59.977,75 11:14.625,616, ,613,2,1,4, , ,0,Y, , , , ,53626, , , ,2,1,0,0,0,0,1,0,0,0,0,0,1,1,0,0,0,0,0,0,1,1,0,0,0,0,0,0,0,0,0,0,0,0,0,8,0,39.9667,-75.1874, ,Philadelphia
 ,3078,2017120537,6,67,67301,2017,10,3,1855,18,3,1,0,8,6, , ,N,0,0,0,3,0,1,2,2,N, ,39 59:35.456,75 10:11.001,1910, ,1903, ,0, , , ,0, , , , , ,53627, , , ,1,1,0,0,0,0,0,0,0,0,0,0,1,1,0,0,0,0,0,0,0,0,0,0,0,0,0,0,0,0,0,0,1,0,0,8,0,39.9932,-75.1697, ,Philadelphia
 ,3079,2017086047,6,67,67301,2017,7,2,509,5,1,1,0,4,1, , ,N,0,0,7,3,0,1,2,2,N,N,40 00:57.736,75 09:12.544,519, ,519,9,1,4,N, ,0,N, , , , ,50750, , , ,2,1,0,0,0,0,0,0,0,0,0,1,1,0,0,0,0,0,0,0,1,0,0,0,0,0,0,0,0,0,0,0,0,0,0,4,0,40.016,-75.1535, ,Philadelphia
 ,3080,2017068043,6,67,67301,2017,6,6,735,7,1,1,0,4,1, , ,N,1,3,0,3,0,1,2,2,N,N,39 55:51.891,75 10:35.158,745, ,738, ,0, ,N, ,3, , , , , ,50759, , , ,2,2,0,0,0,0,0,0,0,0,0,0,1,1,0,0,0,0,0,0,1,0,0,0,0,0,0,0,0,0,0,0,0,0,0,8,0,39.9311,-75.1764, ,Philadelphia
 ,3081,2017067863,6,67,67301,2017,6,6,853,8,1,1,0,4,1, , ,N,2,3,0,3,0,2,3,2,N,N,40 00:53.812,75 07:47.081,1011, ,1005, ,0, ,N, ,3, , , , , ,50773, , , ,2,1,0,0,1,0,0,0,0,0,0,2,2,0,1,0,0,0,0,0,0,0,0,1,0,0,0,0,0,0,0,0,0,0,0,4,0,40.0149,-75.1297, ,Philadelphia