wz_ln_closure,objectid_1,crn,district,county,municipality,crash_year,crash_month,day_of_week,time_of_day,hour_of_day,illumination,weather,road_condition,collision_type,relation_to_road,work_zone_type,work_zone_loc,work_zone_ind,intersect_type,tcd_type,location_type,urban_rural,fatal_count,injury_count,person_count,total_units,sch_bus_ind,sch_zone_ind,latitude,longitude,arrival_tm,cons_zone_spd_lim,dispatch_tm,est_hrs_closed,lane_closed,ln_close_dir,ntfy_hiwy_maint,spec_juris_cd,tcd_func_cd,tfc_detour_ind,workers_pres,wz_close_detour,wz_flagger,wz_law_offcr_ind,objectid,wz_moving,wz_other,wz_shlder_mdn,vehicle_count,automobile_count,motorcycle_count,bus_count,small_truck_count,heavy_truck_count,suv_count,van_count,bicycle_count,maj_inj_count,mod_inj_count,min_inj_count,tot_inj_count,unk_inj_deg_count,unk_inj_per_count,driver_count_16yr,driver_count_17yr,driver_count_18yr,driver_count_19yr,driver_count_20yr,driver_count_50_64yr,driver_count_65_74yr,driver_count_75plus,unbelted_occ_count,unb_death_count,unb_maj_inj_count,belted_death_count,belted_maj_inj_count,mcycle_death_count,mcycle_maj_inj_count,bicycle_death_count,bicycle_maj_inj_count,ped_count,ped_death_count,ped_maj_inj_count,max_severity_level,comm_veh_count,dec_lat,dec_long,rdwy_surf_type_cd,county_name
 ,3082,2017070438,6,67,67301,2017,6,5,925,9,1,1,0,4,1, , ,N,1,2,0,3,0,2,4,2,N,N,40 04:51.448,75 01:44.242,935, ,930,1,1,2,N, ,3,N, , , , ,50774, , , ,2,2,0,0,0,0,0,0,0,0,0,0,2,2,0,0,0,0,0,1,0,0,0,0,0,0,0,0,0,0,0,0,0,0,0,8,0,40.0808,-75.0286, ,Philadelphia
 ,3083,2017088890,6,67,67301,2017,8,3,1420,14,1,1,0,5,1, , ,N,0,0,0,3,0,1,2,2,N,N,40 02:22.865,75 01:57.911,1445, ,1433, ,0, ,N, ,0, , , , , ,50783, , , ,2,1,0,0,0,1,0,0,0,0,0,1,1,0,0,0,0,0,0,0,1,0,0,0,0,0,0,0,0,0,0,0,0,0,0,4,1,40.0397,-75.0328, ,Philadelphia
 ,3084,2017082275,6,67,67301,2017,7,6,548,5,5,1,0,1,1, , ,N,0,0,0,3,0,0,2,2,N,N,39 55:39.526,75 08:47.950,609, ,609,1,2,2, , ,0,N, , , , ,50784, , , ,2,0,0,0,0,0,2,0,0,0,0,0,0,0,0,0,0,0,0,0,0,1,0,0,0,0,0,0,0,0,0,0,0,0,0,0,0,39.9276,-75.1467, ,Philadelphia
 ,3085,2017086945,6,67,67301,2017,1,3,1842,18,3,2,1,8,1, , ,N,0,0,0,3,0,1,2,2,N,N,40 02:30.631,75 04:30.504,1843, ,1843, ,0, , , ,0, , , , , ,50790, , , ,1,1,0,0,0,0,0,0,0,0,0,0,1,1,0,0,0,0,0,0,0,0,0,0,0,0,0,0,0,0,0,0,1,0,0,8,0,40.0418,-75.0751, ,Philadelphia
 ,3086,2017108005,6,67,67301,2017,8,1,300,3,3,1,0,1,6, , ,N,0,0,0,3,0,0,1,4,N, ,40 00:56.737,75 08:58.977,609, ,9999, ,0, , , ,0, , , , , ,50804, , , ,4,1,0,0,0,0,1,1,0,0,0,0,0,0,0,0,0,0,0,0,0,0,0,1,0,0,0,0,0,0,0,0,0,0,0,0,0,40.0158,-75.1497, ,Philadelphia
 ,3087,2017086937,6,67,67301,2017,1,6,2038,20,3,2,1,6,1, , ,N,0,0,0,3,0,1,3,2,N,N,40 03:35.798,75 12:03.663,2045, ,2040,1,2,1,N, ,0,Y, , , , ,50822, , , ,2,2,0,0,0,0,0,0,0,0,1,0,1,0,0,0,0,0,0,0,0,0,0,0,0,0,0,0,0,0,0,0,0,0,0,3,0,40.0599,-75.201, ,Philadelphia
 ,3088,2017120536,6,67,67301,2017,10,1,315,3,3,2,1,1,1, , ,N,0,0,0,3,0,2,4,3,N,N,40 01:14.403,75 09:23.850,329, ,321, ,0, ,N, ,0, , , , , ,50834, , , ,3,2,0,0,0,0,1,0,0,0,0,2,2,0,0,0,0,0,0,0,1,0,0,0,0,0,0,0,0,0,0,0,0,0,0,4,0,40.0207,-75.1566, ,Philadelphia
 ,3089,2017091804,6,67,67301,2017,8,1,1514,15,1,1,0,7,4, , ,N,2,0,0,3,0,1,1,1,N, ,39 58:06.679,75 13:17.655,1517, ,1515,1,2,6, , ,0,Y, , , , ,50839, , , ,1,1,0,0,0,0,0,0,0,0,0,1,1,0,0,0,0,0,0,0,0,0,0,0,0,0,0,0,0,0,0,0,0,0,0,4,0,39.9685,-75.2216, ,Philadelphia
 ,3090,2017066007,6,67,67301,2017,6,3,1831,18,1,1,0,4,1, , ,N,1,2,0,3,0,1,2,2,N,N,39 57:16.822,75 11:40.080,1832, ,1831, ,0, ,N, ,3, , , , , ,50867, , , ,1,1,0,0,0,0,0,0,1,0,0,1,1,0,0,0,0,0,0,0,0,0,0,0,0,0,0,0,0,0,0,0,0,0,0,4,0,39.9547,-75.1944, ,Philadelphia
 ,3091,2017086739,6,67,67301,2017,3,2,1607,16,1,1,1,5,1, , ,N,0,0,0,3,0,3,5,2,N,N,39 54:27.097,75 14:13.833,1625, ,1622, ,0, ,N, ,0, , , , , ,50875, , , ,2,1,0,0,0,0,0,1,0,0,0,0,3,3,0,0,0,0,0,0,0,0,0,1,0,0,0,0,0,0,0,0,0,0,0,8,0,39.9075,-75.2372, ,Philadelphia
 ,3092,2017097871,6,67,67301,2017,9,2,912,9,1,1,0,4,1, , ,N,5,2,2,3,0,1,2,2,N,N,39 57:05.944,75 10:58.007,930, ,912, ,0, ,N, ,3, , , , , ,50878, , , ,2,1,0,0,0,0,1,0,0,0,0,1,1,0,0,0,0,0,0,0,0,1,0,0,0,0,0,0,0,0,0,0,0,0,0,4,0,39.9516,-75.1825, ,Philadelphia
 ,3093,2017109868,6,67,67301,2017,10,6,750,7,1,1,0,8,1, , ,N,0,0,0,3,0,1,3,3,N,N,40 03:14.141,75 05:23.088,753, ,753,3,2,6,N, ,0,Y, , , , ,50885, , , ,2,0,0,0,0,0,1,1,0,0,1,0,1,0,0,0,0,0,0,0,0,0,0,0,0,0,0,0,0,0,0,0,1,0,0,3,0,40.0539,-75.0897, ,Philadelphia
 ,3094,2017115947,6,67,67301,2017,10,5,744,7,1,2,1,4,1, , ,N,1,3,0,3,0,1,2,2,N,N,40 00:05.127,75 09:05.620,756, ,744, ,0, ,N, ,3, , , , , ,50887, , , ,2,1,0,0,0,1,0,0,0,0,1,0,1,0,0,0,0,0,0,0,0,1,0,1,0,0,0,0,0,0,0,0,0,0,0,3,1,40.0014,-75.1516, ,Philadelphia
 ,3095,2017137573,6,67,67301,2017,12,7,1505,15,1,1,0,5,1, , ,N,2,0,0,3,0,4,6,2,N,N,39 58:43.636,75 14:08.761,1510, ,1505,2,2,1,N, ,0,Y, , , , ,50896, , , ,2,1,0,1,0,0,0,0,0,0,0,4,4,0,0,0,0,0,0,0,1,0,0,1,0,0,0,0,0,0,0,0,0,0,0,4,1,39.9788,-75.2358, ,Philadelphia
 ,3096,2017112064,6,67,67301,2017,10,5,2221,22,3,1,0,7,2, , ,N,0,0,0,3,0,0,1,1,N,N,39 59:00.234,75 05:52.038,2228, ,2224,1,1,1, , ,0,N, , , , ,50942, , , ,1,0,0,0,1,0,0,0,0,0,0,0,0,0,0,0,0,0,0,0,0,0,0,0,0,0,0,0,0,0,0,0,0,0,0,0,0,39.9834,-75.0978, ,Philadelphia
 ,3097,2017041189,6,67,67301,2017,3,3,1830,18,1,2,1,4,1, , ,N,1,3,0,3,0,2,2,4,N,N,40 01:31.224,75 12:45.925,1840, ,1838, ,0, ,N, ,3, , , , , ,44126, , , ,4,2,0,0,1,0,1,0,0,0,1,1,2,0,0,0,0,0,0,0,1,0,0,0,0,0,0,0,0,0,0,0,0,0,0,3,0,40.0253,-75.2128, ,Philadelphia
 ,3098,2017014005,6,67,67301,2017,1,6,925,9,1,1,0,8,1, , ,N,1,2,0,3,0,1,2,2,N, ,39 59:30.821,75 08:17.989,944, ,932, ,0, , , ,3, , , , , ,44156, , , ,1,1,0,0,0,0,0,0,0,0,0,0,1,1,0,0,0,0,0,0,0,0,0,1,0,0,0,0,0,0,0,0,1,0,0,8,0,39.9918,-75.1383, ,Philadelphia
 ,3099,2017025231,6,67,67301,2017,3,4,20,0,3,2,1,7,2, , ,N,6,0,2,3,0,0,1,1,N,N,39 57:41.049,75 10:57.066,29, ,20, ,0, , , ,0, , , , , ,44159, , , ,1,0,0,0,0,0,1,0,0,0,0,0,0,0,0,0,0,0,0,0,0,0,0,0,0,0,0,0,0,0,0,0,0,0,0,0,0,39.9614,-75.1825, ,Philadelphia
 ,3100,2017060651,6,67,67301,2017,5,4,1322,13,1,1,0,1,1, , ,N,1,2,0,3,0,1,3,2,N,N,39 56:53.519,75 09:51.947,1330, ,1327, ,0, ,N, ,3, , , , , ,44195, , , ,2,1,0,1,0,0,0,0,0,0,0,1,1,0,0,0,0,0,0,0,2,0,0,1,0,0,0,0,0,0,0,0,0,0,0,4,1,39.9482,-75.1644, ,Philadelphia
 ,3101,2017078736,6,67,67301,2017,7,1,209,2,3,1,0,1,6, , ,N,0,0,0,3,0,1,1,2,N, ,39 59:19.986,75 08:21.724,223, ,218, ,0, , , ,0, , , , , ,44231, , , ,2,0,0,0,0,0,2,0,0,0,0,0,1,1,0,0,0,0,0,0,0,0,0,0,0,0,0,0,0,0,0,0,0,0,0,8,0,39.9889,-75.1394, ,Philadelphia
 ,3102,2017091729,6,67,67301,2017,8,1,2207,22,3,1,0,4,1, , ,N,1,2,0,3,0,4,6,2,N,N,39 57:16.399,75 10:52.674,2215, ,2210,2,1,3,N, ,3,N, , , , ,44236, , , ,2,1,0,1,0,0,0,0,0,0,0,2,4,2,0,0,0,0,0,0,0,1,0,0,0,0,0,0,0,0,0,0,0,0,0,4,1,39.9546,-75.1813, ,Philadelphia
 ,3103,2017096499,6,67,67301,2017,8,2,511,5,1,1,0,4,1, , ,N,0,0,7,3,0,2,4,3,N,N,40 01:04.026,75 08:58.911,535, ,529,1,1,4,N, ,0,Y, , , , ,44246, , , ,3,1,0,0,1,0,1,0,0,0,0,0,2,2,0,0,0,0,0,0,1,0,0,0,0,0,0,0,0,0,0,0,0,0,0,8,0,40.0178,-75.1497, ,Philadelphia
 ,3104,2017055688,6,67,67301,2017,5,2,1702,17,1,1,0,5,6, , ,N,0,0,0,3,0,1,1,2,N, ,40 00:20.157,75 06:11.071,1720, ,1708, ,0, , , ,0, , , , , ,44251, , , ,2,1,0,0,0,0,1,0,0,0,0,1,1,0,0,0,0,0,0,0,0,0,0,1,0,0,0,0,0,0,0,0,0,0,0,4,0,40.0056,-75.1031, ,Philadelphia
 ,3105,2017041167,6,67,67301,2017,3,6,2302,23,3,2,1,5,6, , ,N,0,0,0,3,0,0,1,3,N, ,40 00:35.287,75 06:15.638,459, ,2302, ,0, , , ,0, , , , , ,44259, , , ,3,2,0,0,0,0,1,0,0,0,0,0,0,0,1,0,0,0,0,0,0,0,0,0,0,0,0,0,0,0,0,0,0,0,0,9,0,40.0098,-75.1043, ,Philadelphia
 ,3106,2017041328,6,67,67301,2017,4,2,1830,18,1,1,0,4,1, , ,N,0,0,7,3,0,3,5,2,N, ,40 04:58.891,75 02:16.452,1833, ,1833, ,0, , , ,0, , , , , ,44263, , , ,1,0,0,0,0,0,0,1,1,0,0,3,3,0,2,0,0,0,0,0,1,0,0,0,0,0,0,0,0,0,0,0,0,0,0,4,0,40.083,-75.0379, ,Philadelphia
 ,3107,2017033076,6,67,67301,2017,2,5,730,7,1,5,1,1,1, , ,N,0,2,0,3,0,1,4,2,N,N,39 55:14.348,75 13:27.730,805, ,803, ,0, ,N, ,3, , , , , ,44264, , , ,2,1,0,0,0,0,1,0,0,0,0,1,1,0,1,0,0,0,0,0,0,0,0,0,0,0,0,0,0,0,0,0,0,0,0,4,0,39.9207,-75.2244, ,Philadelphia
 ,3108,2017052451,6,67,67301,2017,4,6,1004,10,1,1,0,4,1, , ,N,5,2,0,3,0,3,3,2,N,N,40 00:09.273,75 05:59.019,1025, ,1020, ,0, ,N, ,3, , , , , ,44276, , , ,2,2,0,0,0,0,0,0,0,0,0,0,3,3,0,0,0,0,0,0,0,0,0,0,0,0,0,0,0,0,0,0,0,0,0,8,0,40.0026,-75.0997, ,Philadelphia
 ,3109,2017067791,6,67,67301,2017,5,5,651,6,1,2,1,4,1, , ,N,1,3,0,3,0,3,3,2,N, ,39 55:33.804,75 10:57.854,702, ,700, ,0, , , ,3, , , , , ,44293, , , ,2,1,0,1,0,0,0,0,0,0,2,1,3,0,0,0,0,0,0,0,1,0,0,1,0,0,0,0,0,0,0,0,0,0,0,3,1,39.926,-75.1826, ,Philadelphia
 ,3110,2017019049,6,67,67301,2017,1,4,1100,11,1,1,0,5,1, , ,N,0,0,0,3,0,1,3,2,N, ,40 01:36.022,75 06:51.395,1115, ,1107, ,0, , , ,0, , , , , ,44311, , , ,2,1,0,0,0,0,1,0,0,0,0,0,1,1,0,0,0,0,0,0,1,0,0,0,0,0,0,0,0,0,0,0,0,0,0,8,0,40.0267,-75.1143, ,Philadelphia
 ,3111,2017046977,6,67,67301,2017,4,1,937,9,1,1,0,0,1, , ,N,0,0,8,3,0,1,1,1,N,N,39 54:38.073,75 08:56.798,941, ,937, ,0, , , ,0, , , , , ,44320, , , ,1,0,1,0,0,0,0,0,0,0,0,0,1,1,0,0,0,0,0,0,0,0,0,0,0,0,0,0,0,0,0,0,0,0,0,8,0,39.9106,-75.1491, ,Philadelphia
 ,3112,2017052349,6,67,67301,2017,5,4,1147,11,1,1,0,4,1, , ,N,1,2,0,3,0,4,4,2,N,N,39 59:23.334,75 08:06.773,1205, ,1200, ,0, ,N, ,3, , , , , ,44339, , , ,2,2,0,0,0,0,0,0,0,0,2,2,4,0,0,0,0,0,0,0,0,1,0,0,0,0,0,0,0,0,0,0,0,0,0,3,0,39.9898,-75.1352, ,Philadelphia
 ,3113,2017052188,6,67,67301,2017,4,6,1800,18,1,1,0,4,1, , ,N,2,2,7,3,0,1,2,2,N, ,40 05:16.825,74 57:56.861,1803, ,1802, ,0, , , ,3, , , , , ,44343, , , ,2,2,0,0,0,0,0,0,0,0,0,1,1,0,0,0,0,0,0,0,0,0,0,1,0,0,0,0,0,0,0,0,0,0,0,4,0,40.088,-74.9658, ,Philadelphia
 ,3114,2017048654,6,67,67301,2017,5,6,1025,10,1,2,1,7,4, , ,N,0,0,0,3,0,0,1,1,N,N,39 53:35.934,75 13:52.035,1025, ,1025, ,0, , , ,0, , , , , ,44359, , , ,1,1,0,0,0,0,0,0,0,0,0,0,0,0,0,0,0,0,0,0,0,0,0,0,0,0,0,0,0,0,0,0,0,0,0,0,0,39.8933,-75.2311, ,Philadelphia
 ,3115,2017033543,6,67,67301,2017,2,4,1740,17,3,1,0,1,1, , ,N,2,2,0,3,0,3,5,3,N,N,40 01:52.292,75 05:11.198,1746, ,1740,2,2,2, , ,3,Y, , , , ,47309, , , ,3,1,0,1,0,0,0,1,0,0,0,3,3,0,0,0,0,0,0,0,0,0,0,0,0,0,0,0,0,0,0,0,0,0,0,4,1,40.0312,-75.0864, ,Philadelphia
 ,3116,2017037064,6,67,67301,2017,3,6,1438,14,1,2,1,7,4, , ,N,0,0,0,3,0,0,1,1,N,N,40 02:33.933,75 00:12.720,1443, ,1438, ,0, , , ,0, , , , , ,47311, , , ,1,1,0,0,0,0,0,0,0,0,0,0,0,0,0,0,0,0,0,1,0,0,0,1,0,0,0,0,0,0,0,0,0,0,0,0,0,40.0428,-75.0035, ,Philadelphia
 ,3117,2017013946,6,67,67301,2017,1,5,1113,11,1,1,0,4,1, , ,N,1,3,0,3,0,2,8,2,N, ,39 59:24.889,75 06:15.537,1115, ,1113, ,0, , , ,3, , , , , ,47335, , , ,2,1,0,0,0,0,1,0,0,0,1,1,2,0,0,0,0,0,0,0,0,1,0,5,0,0,0,0,0,0,0,0,0,0,0,3,0,39.9902,-75.1043, ,Philadelphia
 ,3118,2017029998,6,67,67301,2017,3,1,2042,20,3,1,0,1,1, , ,N,0,0,0,3,0,0,7,2,N,N,39 58:43.182,75 09:28.102,2053, ,2052, ,0, ,N, ,0, , , , , ,47341, , , ,2,0,0,0,0,0,1,1,0,0,0,0,0,0,0,0,0,0,0,0,0,0,0,0,0,0,0,0,0,0,0,0,0,0,0,0,0,39.9787,-75.1578, ,Philadelphia
 ,3119,2017029012,6,67,67301,2017,2,6,1455,14,1,1,0,6,6, , ,N,0,0,0,3,0,1,1,3,N,N,40 02:13.376,75 03:09.633,1535, ,1531, ,0, , , ,0, , , , , ,47348, , , ,3,3,0,0,0,0,0,0,0,1,0,0,1,0,0,0,0,0,0,0,0,1,0,0,0,0,0,0,0,0,0,0,0,0,0,2,0,40.037,-75.0527, ,Philadelphia
 ,3120,2017013190,6,67,67301,2017,1,1,1510,15,1,1,0,1,1, , ,N,0,0,0,3,0,3,4,3,N,N,40 04:48.281,75 01:37.605,1724, ,1710,9,1,4,N, ,0,N, , , , ,47379, , , ,3,2,0,0,0,0,1,0,0,0,1,2,3,0,0,0,0,0,0,0,1,0,0,0,0,0,0,0,0,0,0,0,0,0,0,3,0,40.0801,-75.0271, ,Philadelphia
 ,3121,2017041140,6,67,67301,2017,3,7,2000,20,3,2,1,1,1, , ,N,1,2,0,3,0,2,3,2,N,N,40 01:15.937,75 08:23.758,2018, ,2007,1,1,1,N, ,3,N, , , , ,47394, , , ,2,1,0,0,0,0,1,0,0,0,2,0,2,0,0,0,0,0,0,0,0,0,0,1,0,0,0,0,0,0,0,0,0,0,0,3,0,40.0211,-75.1399, ,Philadelphia
 ,3122,2017033098,6,67,67301,2017,2,2,2146,21,3,1,0,1,1, , ,N,2,2,2,3,0,1,3,2,N,N,39 54:38.089,75 10:22.870,2150, ,2150,2,1,1,N, ,3,N, , , , ,47402, , , ,2,1,0,0,0,0,1,0,0,0,0,1,1,0,0,0,0,0,0,0,0,0,0,2,0,0,0,0,0,0,0,0,0,0,0,4,0,39.9106,-75.1727, ,Philadelphia
 ,3123,2017021970,6,67,67301,2017,2,7,1616,16,1,1,0,8,1, , ,N,1,2,0,3,0,1,2,2,N,N,39 58:17.270,75 09:34.235,1621, ,1619, ,0, , , ,3, , , , , ,47405, , , ,1,1,0,0,0,0,0,0,0,0,1,0,1,0,0,0,0,0,0,0,0,0,0,0,0,0,0,0,0,0,0,0,1,0,0,3,0,39.9714,-75.1594, ,Philadelphia
 ,3124,2017045674,6,67,67301,2017,5,5,1015,10,1,1,0,4,1, , ,N,1,2,0,3,0,1,2,2,N,N,39 59:17.890,75 15:14.288,1030, ,1016,2,1,1,N, ,3,N, , , , ,47411, , , ,2,1,0,0,0,1,0,0,0,0,0,0,1,1,0,0,0,0,0,0,1,0,0,1,0,0,0,0,0,0,0,0,0,0,0,8,1,39.9883,-75.254, ,Philadelphia
 ,3125,2017060471,6,67,67301,2017,5,7,1910,19,1,2,1,7,4, , ,N,3,0,2,3,0,0,6,3,N,N,39 59:11.610,75 12:32.326,1920, ,1917, ,0, , , ,0, , , , , ,47414, , , ,3,2,0,0,0,0,1,0,0,0,0,0,0,0,0,0,0,0,0,0,1,1,0,0,0,0,0,0,0,0,0,0,0,0,0,0,0,39.9867,-75.2076, ,Philadelphia
 ,3126,2017060578,6,67,67301,2017,5,1,1937,19,4,1,0,4,1, , ,N,1,2,0,3,0,1,2,2,N,N,40 01:47.668,75 08:45.635,2000, ,1945, ,0, ,N, ,3, , , , , ,47416, , , ,2,1,0,0,0,0,1,0,0,0,0,1,1,0,0,0,0,0,0,0,1,1,0,0,0,0,0,0,0,0,0,0,0,0,0,4,0,40.0299,-75.146, ,Philadelphia
 ,3127,2017067818,6,67,67301,2017,6,5,1954,19,1,1,0,4,1, , ,N,1,3,0,3,0,1,3,2,N,N,40 01:16.160,75 09:07.032,1955, ,1955,1,2,2,N, ,3,Y, , , , ,47435, , , ,2,2,0,0,0,0,0,0,0,0,0,1,1,0,0,0,0,0,0,0,0,1,0,2,0,0,0,0,0,0,0,0,0,0,0,4,0,40.0212,-75.152, ,Philadelphia
 ,3128,2017076261,6,67,67301,2017,6,5,1645,16,1,1,0,1,1, , ,N,1,2,0,3,0,1,5,2,N,N,39 57:01.905,75 08:56.075,1655, ,1648, ,0, ,N, ,3, , , , , ,47436, , , ,1,0,0,0,1,0,0,0,1,0,0,1,1,0,0,0,0,0,0,0,0,0,0,0,0,0,0,0,0,0,0,0,0,0,0,4,0,39.9505,-75.1489, ,Philadelphia
 ,3129,2017086756,6,67,67301,2017,4,7,2035,20,3,1,0,5,1, , ,N,6,4,2,3,0,1,4,4,N,N,40 01:06.762,75 10:01.463,2040, ,2036,2,2,2,N, ,3,N, , , , ,47453, , , ,3,2,0,0,0,0,1,0,0,0,0,1,1,0,0,0,0,0,0,0,0,0,0,0,0,0,0,0,0,0,0,0,0,0,0,4,0,40.0185,-75.1671, ,Philadelphia
 ,3130,2017093654,6,67,67301,2017,8,1,1523,15,1,1,0,4,1, , ,N,1,2,0,3,0,0,2,2,N,N,39 58:33.009,75 09:30.309,1523, ,16, ,0, ,N, ,3, , , , , ,47469, , , ,2,2,0,0,0,0,0,0,0,0,0,0,0,0,0,0,0,0,0,0,0,0,0,0,0,0,0,0,0,0,0,0,0,0,0,0,0,39.9758,-75.1584, ,Philadelphia
 ,3131,2017041388,6,67,67301,2017,3,6,1417,14,1,2,1,0,1, , ,N,0,0,0,3,0,1,1,1,N, ,40 01:40.494,75 05:45.313,1424, ,1419, ,0, , , ,0, , , , , ,47497, , , ,1,1,0,0,0,0,0,0,0,0,0,1,1,0,0,0,0,0,0,0,0,0,0,0,0,0,0,0,0,0,0,0,0,0,0,4,0,40.0279,-75.0959, ,Philadelphia
 ,3132,2017052332,6,67,67301,2017,4,6,1359,13,1,1,0,4,1, , ,N,1,3,0,3,0,1,3,2,N,N,40 01:13.432,75 08:24.370,1606, ,1606, ,0, ,N, ,3, , , , , ,47513, , , ,2,2,0,0,0,0,0,0,0,0,0,0,1,1,0,0,0,0,0,0,1,1,0,2,0,0,0,0,0,0,0,0,0,0,0,8,0,40.0204,-75.1401, ,Philadelphia
 ,3133,2017105952,6,67,67301,2017,9,7,2040,20,3,1,0,4,1, , ,N,3,4,8,3,0,1,2,2,N,N,39 54:29.188,75 09:21.587,440, ,440, ,0, ,N, ,3, , , , , ,53630, , , ,2,2,0,0,0,0,0,0,0,0,0,0,1,1,0,0,0,0,0,0,0,0,0,1,0,0,0,0,0,0,0,0,0,0,0,8,0,39.9081,-75.156, ,Philadelphia
 ,3134,2017071692,6,67,67301,2017,2,1,2000,20,3,4,5,7,1, , ,N,0,0,0,3,0,2,2,1,N,N,39 55:57.784,75 11:10.093,0, ,0, ,0, ,N, ,0, , , , , ,53647, , , ,1,0,0,0,1,0,0,0,0,0,0,2,2,0,0,0,0,0,0,0,1,0,0,0,0,0,0,0,0,0,0,0,0,0,0,4,0,39.9327,-75.1861, ,Philadelphia
 ,3135,2017086145,6,67,67301,2017,7,3,1950,19,4,1,0,8,1, , ,N,1,2,0,3,0,1,2,2,N,N,39 57:12.069,75 09:16.935,1956, ,1955, ,0, ,N, ,3, , , , , ,53662, , , ,1,0,0,0,0,0,1,0,0,0,0,1,1,0,0,0,0,0,0,0,0,0,0,0,0,0,0,0,0,0,0,0,1,0,0,4,0,39.9534,-75.1547, ,Philadelphia
 ,3136,2017107985,6,67,67301,2017,8,5,2006,20,3,1,0,4,1, , ,N,0,0,0,3,0,0,3,2,N,N,40 01:32.503,75 04:35.642,2007, ,2006, ,0, ,N, ,0, , , , , ,53663, , , ,2,2,0,0,0,0,0,0,0,0,0,0,0,0,0,0,0,0,0,0,0,0,0,0,0,0,0,0,0,0,0,0,0,0,0,0,0,40.0257,-75.0766, ,Philadelphia
 ,3137,2017116003,6,67,67301,2017,10,5,646,6,5,1,0,4,1, , ,N,1,2,0,3,0,1,2,2,N, ,40 00:52.264,75 07:52.028,817, ,812,2,1,3, , ,3,N, , , , ,53669, , , ,2,1,0,0,0,0,1,0,0,0,0,1,1,0,0,0,0,0,0,0,0,1,0,0,0,0,0,0,0,0,0,0,0,0,0,4,0,40.0145,-75.1311, ,Philadelphia
 ,3138,2017120680,6,67,67301,2017,10,6,755,7,1,1,0,4,1, , ,N,1,2,0,3,0,1,3,2,N,N,39 57:46.535,75 11:28.992,803, ,758, ,0, ,N, ,3, , , , , ,53676, , , ,2,2,0,0,0,0,0,0,0,0,0,1,1,0,0,0,0,0,0,0,1,0,0,0,0,0,0,0,0,0,0,0,0,0,0,4,0,39.9629,-75.1913, ,Philadelphia
 ,3139,2017101823,6,67,67301,2017,9,5,445,4,3,1,0,1,1, , ,N,1,2,0,3,0,1,2,2,N,N,39 55:47.706,75 08:39.988,500, ,449,3,2,2,N, ,3,N, , , , ,53686, , , ,2,1,0,0,1,0,0,0,0,0,0,1,1,0,1,0,0,0,0,0,0,0,0,0,0,0,0,0,0,0,0,0,0,0,0,4,0,39.9298,-75.1442, ,Philadelphia
 ,3140,2017086874,6,67,67301,2017,5,6,2310,23,3,1,0,4,1, , ,N,1,2,0,3,0,1,2,2,N,N,40 05:09.739,75 12:42.976,2335, ,2319, ,0, ,N, ,3, , , , , ,53700, , , ,2,1,0,0,0,0,1,0,0,0,1,0,1,0,0,0,0,0,0,0,1,0,0,0,0,0,0,0,0,0,0,0,0,0,0,3,0,40.0861,-75.2119, ,Philadelphia
 ,3141,2017086819,6,67,67301,2017,4,3,2000,20,3,2,1,4,1, , ,N,2,2,0,3,0,2,4,2,N, ,39 59:43.481,75 09:57.485,2005, ,2000, ,0, , , ,3, , , , , ,53704, , , ,2,0,0,0,1,0,1,0,0,0,0,0,2,2,2,0,0,0,0,0,1,0,0,0,0,0,0,0,0,0,0,0,0,0,0,8,0,39.9954,-75.1659, ,Philadelphia
 ,3142,2017094177,6,67,67301,2017,9,7,1050,10,1,1,0,1,1, , ,N,0,0,0,3,0,3,5,3,N,N,39 58:04.007,75 11:22.865,1103, ,1052, ,0, , , ,0, , , , , ,53711, , , ,3,1,0,0,0,0,2,0,0,0,0,0,3,3,0,0,0,0,0,0,0,0,0,0,0,0,0,0,0,0,0,0,0,0,0,8,0,39.9666,-75.1873, ,Philadelphia
 ,3143,2017088868,6,67,67301,2017,7,5,1415,14,1,1,0,4,1, , ,N,1,2,0,3,0,0,2,2,N,N,39 57:12.636,75 13:34.394,1425, ,1920,1,1,2,N, ,3,Y, , , , ,53712, , , ,2,0,0,0,0,0,1,1,0,0,0,0,0,0,0,0,0,0,0,0,1,0,0,0,0,0,0,0,0,0,0,0,0,0,0,0,0,39.9535,-75.2262, ,Philadelphia
 ,3144,2017088800,6,67,67301,2017,8,7,22,0,3,2,1,8,1, , ,N,0,0,0,3,0,1,2,2,N, ,40 00:09.989,75 08:14.985,22, ,22, ,0, , , ,0, , , , , ,53721, , , ,1,1,0,0,0,0,0,0,0,0,0,1,1,0,0,0,0,0,0,0,0,1,0,0,0,0,0,0,0,0,0,0,1,0,0,4,0,40.0028,-75.1375, ,Philadelphia
 ,3145,2017091859,6,67,67301,2017,8,6,839,8,1,1,0,5,1, , ,N,0,0,0,3,0,1,2,2,N,N,39 59:14.659,75 11:14.400,848, ,839, ,0, ,N, ,0, , , , , ,53723, , , ,1,1,0,0,0,0,0,0,1,0,0,0,1,1,1,0,0,0,0,0,0,0,0,0,0,0,0,0,0,0,0,0,0,0,0,8,0,39.9874,-75.1873, ,Philadelphia
 ,3146,2017097516,6,67,67301,2017,9,6,1046,10,1,1,0,1,1, , ,N,0,0,0,3,0,2,3,2,N,N,39 57:26.412,75 09:30.658,1107, ,1050, ,0, , , ,0, , , , , ,53739, , , ,2,1,0,0,0,0,1,0,0,0,2,0,2,0,0,0,0,0,0,0,0,1,0,0,0,0,0,0,0,0,0,0,0,0,0,3,0,39.9573,-75.1585, ,Philadelphia