wz_ln_closure,objectid_1,crn,district,county,municipality,crash_year,crash_month,day_of_week,time_of_day,hour_of_day,illumination,weather,road_condition,collision_type,relation_to_road,work_zone_type,work_zone_loc,work_zone_ind,intersect_type,tcd_type,location_type,urban_rural,fatal_count,injury_count,person_count,total_units,sch_bus_ind,sch_zone_ind,latitude,longitude,arrival_tm,cons_zone_spd_lim,dispatch_tm,est_hrs_closed,lane_closed,ln_close_dir,ntfy_hiwy_maint,spec_juris_cd,tcd_func_cd,tfc_detour_ind,workers_pres,wz_close_detour,wz_flagger,wz_law_offcr_ind,objectid,wz_moving,wz_other,wz_shlder_mdn,vehicle_count,automobile_count,motorcycle_count,bus_count,small_truck_count,heavy_truck_count,suv_count,van_count,bicycle_count,maj_inj_count,mod_inj_count,min_inj_count,tot_inj_count,unk_inj_deg_count,unk_inj_per_count,driver_count_16yr,driver_count_17yr,driver_count_18yr,driver_count_19yr,driver_count_20yr,driver_count_50_64yr,driver_count_65_74yr,driver_count_75plus,unbelted_occ_count,unb_death_count,unb_maj_inj_count,belted_death_count,belted_maj_inj_count,mcycle_death_count,mcycle_maj_inj_count,bicycle_death_count,bicycle_maj_inj_count,ped_count,ped_death_count,ped_maj_inj_count,max_severity_level,comm_veh_count,dec_lat,dec_long,rdwy_surf_type_cd,county_name
 ,3275,2017052360,6,67,67301,2017,4,7,950,9,1,1,0,8,1, , ,N,2,0,0,3,0,1,2,2,N, ,39 56:23.754,75 09:15.888,954, ,953, ,0, , , ,0, , , , , ,37821, , , ,1,1,0,0,0,0,0,0,0,0,0,0,1,1,0,0,0,0,0,0,0,0,0,0,0,0,0,0,0,0,0,0,1,0,0,8,0,39.9399,-75.1544, ,Philadelphia
 ,3276,2017061102,6,67,67301,2017,6,3,1900,19,1,1,0,2,1, , ,N,2,3,0,3,0,3,3,2,N,N,40 00:03.265,75 08:51.061,1902, ,1900,1,1,3,N, ,3,Y, , , , ,37823, , , ,2,1,0,0,0,0,1,0,0,0,3,0,3,0,0,0,0,0,0,0,0,0,0,0,0,0,0,0,0,0,0,0,0,0,0,3,0,40.0009,-75.1475, ,Philadelphia
 ,3277,2017033119,6,67,67301,2017,3,5,755,7,1,1,0,7,4, , ,N,0,0,0,3,0,1,1,1,N,N,40 00:25.896,75 11:21.122,801, ,758,2,1,5, , ,0,N, , , , ,26914, , , ,1,1,0,0,0,0,0,0,0,0,0,1,1,0,0,0,0,0,0,0,0,0,0,0,0,0,0,0,0,0,0,0,0,0,0,4,0,40.0072,-75.1892, ,Philadelphia
 ,3278,2017066198,6,67,67301,2017,6,5,1626,16,1,1,0,1,1, , ,N,2,2,0,3,0,1,3,3,N,N,39 59:23.348,75 15:03.040,1626, ,1626, ,0, , , ,3, , , , , ,26931, , , ,3,0,0,0,0,1,2,0,0,0,1,0,1,0,0,0,0,0,0,0,1,0,0,0,0,0,0,0,0,0,0,0,0,0,0,3,1,39.9897,-75.2508, ,Philadelphia
 ,3279,2017060514,6,67,67301,2017,5,3,208,2,3,1,0,4,1, , ,N,1,2,0,3,0,1,2,3,N,N,39 57:33.025,75 14:36.157,214, ,209,9,2,4, , ,3,Y, , , , ,26932, , , ,3,3,0,0,0,0,0,0,0,0,0,1,1,0,0,0,0,0,0,0,0,0,0,1,0,0,0,0,0,0,0,0,0,0,0,4,0,39.9592,-75.2434, ,Philadelphia
 ,3280,2017017602,6,67,67301,2017,2,5,1942,19,3,1,0,1,1, , ,N,0,0,0,3,0,1,2,2,N,N,39 57:26.414,75 09:30.671,1949, ,1942,1,2,3, , ,0,N, , , , ,26936, , , ,2,1,0,0,0,0,1,0,0,0,0,0,1,1,0,0,0,0,0,0,0,0,0,1,0,0,0,0,0,0,0,0,0,0,0,8,0,39.9573,-75.1585, ,Philadelphia
 ,3281,2017014049,6,67,67301,2017,1,3,2240,22,3,2,1,4,1, , ,N,1,3,0,3,0,1,2,2,N,N,39 55:50.174,75 09:34.840,2328, ,2327, ,0, ,N, ,3, , , , , ,26942, , , ,2,2,0,0,0,0,0,0,0,0,0,1,1,0,0,0,0,0,0,0,0,0,0,0,0,0,0,0,0,0,0,0,0,0,0,4,0,39.9306,-75.1597, ,Philadelphia
 ,3282,2017041222,6,67,67301,2017,4,2,1000,10,1,1,0,4,1, , ,N,1,2,0,3,0,1,2,2,N,N,39 57:44.015,75 14:33.844,1005, ,1000, ,0, ,N, ,3, , , , , ,26947, , , ,2,1,0,0,0,0,1,0,0,0,0,1,1,0,0,0,0,0,0,0,0,1,0,0,0,0,0,0,0,0,0,0,0,0,0,4,0,39.9621,-75.2428, ,Philadelphia
 ,3283,2017037373,6,67,67301,2017,3,6,2341,23,3,1,0,1,1, , ,N,0,0,0,3,0,2,3,2,N, ,39 53:38.525,75 14:11.202,100, ,56, ,0, , , ,0, , , , , ,26957, , , ,2,1,0,0,0,0,1,0,0,0,1,1,2,0,0,0,0,0,0,0,0,0,0,1,0,0,0,0,0,0,0,0,0,0,0,3,0,39.894,-75.2365, ,Philadelphia
 ,3284,2017043808,6,67,67301,2017,4,7,1300,13,1,1,0,4,1, , ,N,1,2,0,3,0,1,2,2,N,N,39 56:39.506,75 09:18.231,1307, ,1304, ,0, , , ,3, , , , , ,26958, , , ,1,1,0,0,0,0,0,0,1,0,0,1,1,0,0,0,0,0,0,0,0,0,0,0,0,0,0,0,0,0,0,0,0,0,0,4,0,39.9443,-75.1551, ,Philadelphia
 ,3285,2017052149,6,67,67301,2017,4,3,1632,16,1,1,0,4,1, , ,N,1,2,0,3,0,0,3,2,N,N,40 03:31.188,75 02:39.382,1645, ,1633,1,1,4,N, ,3,N, , , , ,26966, , , ,2,1,0,0,0,0,1,0,0,0,0,0,0,0,0,0,0,0,0,0,1,0,0,0,0,0,0,0,0,0,0,0,0,0,0,0,0,40.0587,-75.0443, ,Philadelphia
 ,3286,2017052433,6,67,67301,2017,4,2,2006,20,3,1,0,4,1, , ,N,1,2,0,3,0,2,3,2,N,N,40 02:48.424,75 04:13.037,2036, ,2036, ,0, , , ,3, , , , , ,26972, , , ,2,2,0,0,0,0,0,0,0,0,1,1,2,0,0,0,0,1,0,0,0,0,0,0,0,0,0,0,0,0,0,0,0,0,0,3,0,40.0468,-75.0703, ,Philadelphia
 ,3287,2017010662,6,67,67301,2017,1,6,350,3,3,4,1,7,4, , ,N,1,3,1,3,0,2,2,1,N,N,39 59:20.061,75 09:06.595,352, ,351, ,0, ,N, ,3, , , , , ,26992, , , ,1,0,0,0,0,0,1,0,0,0,0,2,2,0,0,0,0,0,0,0,0,0,0,0,0,0,0,0,0,0,0,0,0,0,0,4,0,39.9889,-75.1518, ,Philadelphia
 ,3288,2017021861,6,67,67301,2017,2,6,840,8,1,1,0,1,1, , ,N,0,0,0,3,0,1,2,2,N,N,39 56:50.171,75 11:41.985,850, ,849, ,0, ,N, ,0, , , , , ,26996, , , ,2,1,0,0,0,0,1,0,0,0,1,0,1,0,0,0,0,0,0,0,0,0,0,0,0,0,0,0,0,0,0,0,0,0,0,3,0,39.9473,-75.195, ,Philadelphia
 ,3289,2017036577,6,67,67301,2017,3,6,1102,11,1,1,0,1,1, , ,N,1,2,0,3,0,0,2,2,N,N,40 00:31.066,75 12:38.913,1105, ,1102, ,0, , , ,3, , , , , ,27004, , , ,2,2,0,0,0,0,0,0,0,0,0,0,0,0,0,0,0,0,0,0,0,0,0,0,0,0,0,0,0,0,0,0,0,0,0,0,0,40.0085,-75.2107, ,Philadelphia
 ,3290,2017052344,6,67,67301,2017,5,4,1510,15,1,1,1,4,1, , ,N,1,2,0,3,0,0,2,2,N,N,40 00:43.977,75 08:16.141,1510, ,1510, ,0, , , ,3, , , , , ,27029, , , ,2,2,0,0,0,0,0,0,0,0,0,0,0,0,0,0,0,0,0,0,0,0,0,2,0,0,0,0,0,0,0,0,0,0,0,0,0,40.0122,-75.1378, ,Philadelphia
 ,3291,2017058220,6,67,67301,2017,5,7,38,0,3,1,0,1,6, , ,N,0,0,0,3,0,2,2,4,N,N,39 57:06.566,75 13:49.908,50, ,38, ,0, , , ,0, , , , , ,27031, , , ,4,3,0,0,0,0,1,0,0,2,0,0,2,0,0,0,0,0,0,0,0,0,0,2,0,2,0,0,0,0,0,0,0,0,0,2,0,39.9518,-75.2305, ,Philadelphia
 ,3292,2017041237,6,67,67301,2017,4,5,2010,20,3,1,0,4,1, , ,N,5,2,0,3,0,0,2,2,N,N,40 00:17.761,75 10:43.245,2030, ,2028, ,0, , , ,3, , , , , ,27051, , , ,2,1,0,0,0,0,0,1,0,0,0,0,0,0,0,0,0,0,0,0,0,1,0,0,0,0,0,0,0,0,0,0,0,0,0,0,0,40.0049,-75.1787, ,Philadelphia
 ,3293,2017041212,6,67,67301,2017,3,1,2110,21,3,6,1,4,1, , ,N,1,2,0,3,0,5,7,2,N,N,40 02:27.721,75 05:17.442,2116, ,2111,9,2,5, , ,3,Y, , , , ,27059, , , ,2,1,0,0,0,0,1,0,0,0,1,4,5,0,0,0,0,0,0,0,0,0,0,2,0,0,0,0,0,0,0,0,0,0,0,3,0,40.041,-75.0882, ,Philadelphia
 ,3294,2017052471,6,67,67301,2017,4,7,1310,13,1,1,0,5,1, , ,N,0,0,0,3,0,1,8,2,N,N,39 58:13.595,75 09:35.028,1540, ,1538, ,0, ,N, ,0, , , , , ,27068, , , ,2,1,0,0,0,0,1,0,0,0,0,0,1,1,0,0,0,0,0,0,0,0,0,0,0,0,0,0,0,0,0,0,0,0,0,8,0,39.9704,-75.1597, ,Philadelphia
 ,3295,2017021692,6,67,67301,2017,1,1,1555,15,1,2,1,1,1, , ,N,0,0,0,3,0,0,2,2,N,N,39 57:08.044,75 10:56.361,1555, ,1555,1,1,3, , ,0,N, , , , ,30519, , , ,2,1,0,1,0,0,0,0,0,0,0,0,0,0,0,0,0,0,0,0,0,0,0,0,0,0,0,0,0,0,0,0,0,0,0,0,1,39.9522,-75.1823, ,Philadelphia
 ,3296,2017043870,6,67,67301,2017,4,1,1620,16,1,1,0,4,1, , ,N,1,2,0,3,0,0,3,2,N, ,39 56:49.952,75 09:59.363,1640, ,1630, ,0, , , ,3, , , , , ,30524, , , ,2,1,0,0,0,1,0,0,0,0,0,0,0,0,1,0,0,0,0,0,2,0,0,0,0,0,0,0,0,0,0,0,0,0,0,9,0,39.9472,-75.1665, ,Philadelphia
 ,3297,2017022618,6,67,67301,2017,2,4,130,1,3,1,0,7,2, , ,N,0,0,8,3,0,0,1,1,N,Y,39 57:26.685,75 08:32.388,148, ,140, ,0, , , ,0, , , , , ,30536, , , ,1,1,0,0,0,0,0,0,0,0,0,0,0,0,0,0,0,0,0,0,0,0,0,0,0,0,0,0,0,0,0,0,0,0,0,0,0,39.9574,-75.1423, ,Philadelphia
 ,3298,2017052103,6,67,67301,2017,4,1,1800,18,1,1,0,1,6, , ,N,0,0,0,3,0,1,1,2,N,N,39 56:14.604,75 13:12.756,1810, ,1806, ,0, ,N, ,0, , , , , ,30541, , , ,2,1,1,0,0,0,0,0,0,0,1,0,1,0,0,0,0,0,0,0,1,0,0,0,0,0,0,0,0,0,0,0,0,0,0,3,0,39.9374,-75.2202, ,Philadelphia
 ,3299,2017052160,6,67,67301,2017,4,1,1000,10,1,1,0,4,1, , ,N,1,2,0,3,0,0,7,2,N,N,39 59:12.227,75 09:34.174,1001, ,1000,9,2,1, , ,3,Y, , , , ,30543, , , ,2,1,0,0,0,0,0,1,0,0,0,0,0,0,0,0,0,0,0,0,1,0,0,0,0,0,0,0,0,0,0,0,0,0,0,0,0,39.9867,-75.1595, ,Philadelphia
 ,3300,2017052428,6,67,67301,2017,4,2,1359,13,1,2,1,4,1, , ,N,1,2,0,3,0,2,2,2,N,N,39 59:46.447,75 10:20.414,9999, ,9999, ,0, ,N, ,3, , , , , ,30544, , , ,2,2,0,0,0,0,0,0,0,0,0,0,2,2,0,0,0,0,0,0,0,0,1,0,0,0,0,0,0,0,0,0,0,0,0,8,0,39.9962,-75.1723, ,Philadelphia
 ,3301,2017053236,6,67,67301,2017,5,4,1305,13,1,1,0,5,1, , ,N,1,2,0,3,0,1,2,2,N,N,39 57:21.085,75 11:29.255,1318, ,1310, ,0, ,N, ,3, , , , , ,30548, , , ,1,1,0,0,0,0,0,0,1,0,1,0,1,0,0,0,0,0,0,0,0,0,0,0,0,0,0,0,0,0,0,0,0,0,0,3,0,39.9558,-75.1915, ,Philadelphia
 ,3302,2017060550,6,67,67301,2017,5,5,2106,21,3,1,0,3,1, , ,N,0,0,0,3,0,1,4,2,N,N,39 58:09.427,75 12:19.430,2106, ,2106, ,0, ,N, ,0, , , , , ,30549, , , ,2,2,0,0,0,0,0,0,0,0,0,0,1,1,2,0,0,0,0,0,0,0,0,0,0,0,0,0,0,0,0,0,0,0,0,8,0,39.9693,-75.2054, ,Philadelphia
 ,3303,2017018544,6,67,67301,2017,1,4,650,6,1,1,0,8,1, , ,N,1,2,0,3,0,1,2,2,N, ,40 03:10.684,75 08:12.112,1000, ,659, ,0, , , ,3, , , , , ,30566, , , ,1,0,0,0,0,0,1,0,0,0,0,1,1,0,0,0,0,0,0,0,0,0,0,1,0,0,0,0,0,0,0,0,1,0,0,4,0,40.053,-75.1367, ,Philadelphia
 ,3304,2017037452,6,67,67301,2017,3,2,609,6,2,2,1,1,1, , ,N,2,2,0,3,0,1,2,2,N,N,40 01:46.732,75 13:45.044,610, ,609, ,0, ,N, ,3, , , , , ,30571, , , ,2,1,0,0,1,0,0,0,0,0,0,1,1,0,0,0,0,0,0,0,1,0,0,0,0,0,0,0,0,0,0,0,0,0,0,4,0,40.0296,-75.2292, ,Philadelphia
 ,3305,2017035622,6,67,67301,2017,3,5,9999,99,3,1,0,4,1, , ,N,1,3,0,3,0,1,2,2,N,N,39 58:41.537,75 07:29.179,2019, ,2017, ,0, ,N, ,3, , , , , ,30572, , , ,1,1,0,0,0,0,0,0,1,0,0,0,1,1,1,0,0,0,0,0,1,0,0,0,0,0,0,0,0,0,0,0,0,0,0,8,0,39.9782,-75.1248, ,Philadelphia
 ,3306,2017043885,6,67,67301,2017,4,7,1155,11,1,1,0,4,1, , ,N,1,2,0,3,0,2,10,3,N, ,40 02:05.146,75 04:15.791,1213, ,1210,1,1,1, , ,3,N, , , , ,30578, , , ,3,2,0,0,0,0,1,0,0,0,0,2,2,0,0,0,0,1,0,0,0,0,0,1,0,0,0,0,0,0,0,0,0,0,0,4,0,40.0348,-75.0711, ,Philadelphia
 ,3307,2017028777,6,67,67301,2017,2,2,1200,12,1,1,0,6,1, , ,N,0,0,0,3,0,2,5,3,N,N,39 58:31.547,75 11:26.343,1207, ,1205, ,0, ,N, ,0, , , , , ,30579, , , ,3,2,0,0,0,0,1,0,0,0,0,0,2,2,1,0,0,0,0,0,0,0,0,1,0,0,0,0,0,0,0,0,0,0,0,8,0,39.9754,-75.1907, ,Philadelphia
 ,3308,2017035735,6,67,67301,2017,3,7,1130,11,1,1,0,4,1, , ,N,1,3,0,3,0,1,2,2,N,N,39 59:37.010,75 06:26.272,1136, ,1135, ,0, ,N, ,3, , , , , ,30581, , , ,2,1,0,0,1,0,0,0,0,0,0,0,1,1,0,0,0,0,0,0,1,1,0,1,0,0,0,0,0,0,0,0,0,0,0,8,0,39.9936,-75.1073, ,Philadelphia
N,3309,2017038005,6,67,67301,2017,3,4,1400,14,1,1,0,5,1,1,2,Y,0,0,0,3,0,0,3,3,N,N,39 58:02.742,75 07:55.756,1428,45,1405, ,0, , , ,0, ,U,N,N,N,30590,N,N,Y,3,1,0,0,0,0,2,0,0,0,0,0,0,0,0,0,0,0,0,0,0,0,0,0,0,0,0,0,0,0,0,0,0,0,0,0,0,39.9674,-75.1322, ,Philadelphia
 ,3310,2017052142,6,67,67301,2017,4,6,1320,13,1,1,0,5,1, , ,N,0,0,0,3,0,1,3,3,N,N,39 55:15.921,75 08:54.588,1331, ,1322, ,0, ,N, ,0, , , , , ,30599, , , ,3,2,0,0,1,0,0,0,0,0,0,0,1,1,0,0,0,0,0,0,0,0,0,0,0,0,0,0,0,0,0,0,0,0,0,8,0,39.9211,-75.1485, ,Philadelphia
 ,3311,2017010656,6,67,67301,2017,1,2,813,8,1,4,6,1,1, , ,N,0,0,0,3,0,0,5,3,N,Y,40 00:53.390,75 07:59.250,830, ,826,2,1,4,N, ,0,N, , , , ,30612, , , ,3,1,0,0,1,0,1,0,0,0,0,0,0,0,0,0,0,0,0,0,0,0,0,0,0,0,0,0,0,0,0,0,0,0,0,0,0,40.0148,-75.1331, ,Philadelphia
 ,3312,2017041403,6,67,67301,2017,3,2,932,9,1,6,1,8,1, , ,N,0,0,0,3,0,1,2,2,N, ,39 57:10.140,75 09:54.727,1000, ,942, ,0, , , ,0, , , , , ,30615, , , ,1,0,0,0,0,0,1,0,0,0,0,1,1,0,0,0,0,0,0,0,0,0,0,1,0,0,0,0,0,0,0,0,1,0,0,4,0,39.9529,-75.1652, ,Philadelphia
U,3313,2017078734,6,67,67301,2017,6,6,119,1,3,1,0,5,1,8,8,Y,0,0,0,3,0,2,2,2,N,N,39 58:00.314,75 07:46.837,121,99,120,9,2,5, , ,0,Y,U,U,U,U,34406,U,U,U,2,1,0,0,0,1,0,0,0,1,0,1,2,0,0,0,0,0,0,0,0,0,0,1,0,1,0,0,0,0,0,0,0,0,0,2,1,39.9668,-75.1297, ,Philadelphia
 ,3314,2017010574,6,67,67301,2017,1,6,145,1,3,4,3,5,1, , ,N,0,0,0,3,0,2,3,3,N,N,40 01:14.692,75 02:46.053,156, ,156, ,0, ,N, ,0, , , , , ,34408, , , ,3,0,0,0,0,0,1,2,0,0,0,2,2,0,0,0,0,0,0,0,0,0,0,2,0,0,0,0,0,0,0,0,0,0,0,4,0,40.0207,-75.0461, ,Philadelphia
 ,3315,2017013926,6,67,67301,2017,1,4,1040,10,1,1,0,1,1, , ,N,0,0,0,3,0,1,3,2,N,N,40 03:20.617,75 09:31.694,1108, ,1107, ,0, ,N, ,0, , , , , ,34413, , , ,2,1,0,0,0,0,0,1,0,0,0,0,1,1,0,0,0,0,0,0,0,0,0,0,0,0,0,0,0,0,0,0,0,0,0,8,0,40.0557,-75.1588, ,Philadelphia
 ,3316,2017021705,6,67,67301,2017,2,5,443,4,2,2,1,7,4, , ,N,0,0,0,3,0,1,1,1,N,N,39 55:06.609,75 08:52.696,444, ,444,1,2,2, , ,0,N, , , , ,34417, , , ,1,0,0,0,1,0,0,0,0,0,0,0,1,1,0,0,0,0,0,0,0,0,0,1,0,0,0,0,0,0,0,0,0,0,0,8,0,39.9185,-75.148, ,Philadelphia
 ,3317,2017060689,6,67,67301,2017,5,2,740,7,1,2,1,4,1, , ,N,1,2,0,3,0,0,2,2,N, ,39 57:48.108,75 11:14.703,813, ,806, ,0, , , ,3, , , , , ,34448, , , ,2,2,0,0,0,0,0,0,0,0,0,0,0,0,2,0,0,0,0,0,0,0,0,0,0,0,0,0,0,0,0,0,0,0,0,9,0,39.9634,-75.1875, ,Philadelphia
 ,3318,2017033134,6,67,67301,2017,2,6,9999,99,1,1,0,4,1, , ,N,1,3,0,3,0,1,2,2,N,N,40 02:54.232,75 04:16.582,1641, ,1640, ,0, ,N, ,3, , , , , ,34472, , , ,2,1,0,0,0,0,1,0,0,0,1,0,1,0,0,0,0,0,0,0,2,0,0,1,0,0,0,0,0,0,0,0,0,0,0,3,0,40.0484,-75.0713, ,Philadelphia
 ,3319,2017048006,6,67,67301,2017,4,1,2145,21,3,1,0,1,1, , ,N,0,0,0,3,0,2,3,2,N,N,39 58:02.997,75 11:20.455,2149, ,2145,2,2,4, , ,0,N, , , , ,34498, , , ,2,2,0,0,0,0,0,0,0,0,0,0,2,2,1,0,0,0,0,0,0,0,0,0,0,0,0,0,0,0,0,0,0,0,0,8,0,39.9675,-75.189, ,Philadelphia
 ,3320,2017058286,6,67,67301,2017,5,2,1655,16,1,1,0,4,1, , ,N,1,3,0,3,0,1,2,2,N,N,40 05:20.617,75 02:43.869,1701, ,1700, ,0, , , ,3, , , , , ,34500, , , ,2,1,0,0,0,0,1,0,0,0,0,0,1,1,0,0,0,0,0,0,0,1,0,0,0,0,0,0,0,0,0,0,0,0,0,8,0,40.0891,-75.0455, ,Philadelphia
 ,3321,2017023262,6,67,67301,2017,1,1,858,8,1,1,0,7,7, , ,N,7,0,2,3,0,0,1,2,N,N,39 56:55.117,75 11:09.395,858, ,858, ,0, , , ,0, , , , , ,34508, , , ,1,1,0,0,0,0,0,0,0,0,0,0,0,0,0,0,0,0,0,0,0,0,0,0,0,0,0,0,0,0,0,0,0,0,0,0,0,39.9486,-75.1859, ,Philadelphia
 ,3322,2017028935,6,67,67301,2017,2,4,2236,22,3,1,0,4,1, , ,N,1,2,0,3,0,1,3,2,N,N,40 01:56.965,75 04:51.304,2242, ,2238,2,1,1,N, ,3,N, , , , ,34520, , , ,2,2,0,0,0,0,0,0,0,0,0,1,1,0,0,0,0,0,0,0,0,0,0,1,0,0,0,0,0,0,0,0,0,0,0,4,0,40.0325,-75.0809, ,Philadelphia
 ,3323,2017052147,6,67,67301,2017,4,3,1851,18,4,1,0,1,1, , ,N,2,0,0,3,0,0,2,2,N, ,40 03:55.382,75 11:52.519,1905, ,1855, ,0, , , ,0, , , , , ,34524, , , ,2,0,0,0,0,0,1,1,0,0,0,0,0,0,0,0,0,0,0,0,1,0,0,2,0,0,0,0,0,0,0,0,0,0,0,0,0,40.0654,-75.1979, ,Philadelphia
 ,3324,2017052170,6,67,67301,2017,4,6,630,6,1,1,0,4,1, , ,N,1,2,0,3,0,1,2,2,N,N,39 58:48.338,75 08:40.981,925, ,925, ,0, ,N, ,3, , , , , ,34525, , , ,2,2,0,0,0,0,0,0,0,0,0,1,1,0,0,0,0,0,0,0,0,0,0,1,0,0,0,0,0,0,0,0,0,0,0,4,0,39.9801,-75.1447, ,Philadelphia
 ,3325,2017060508,6,67,67301,2017,5,5,1445,14,1,1,0,4,1, , ,N,1,2,0,3,0,0,3,3,N,N,40 00:06.501,75 09:16.312,1455, ,1451, ,0, ,N, ,3, , , , , ,34542, , , ,3,2,0,0,0,0,1,0,0,0,0,0,0,0,0,0,0,0,0,0,1,0,0,0,0,0,0,0,0,0,0,0,0,0,0,0,0,40.0018,-75.1545, ,Philadelphia
 ,3326,2017041300,6,67,67301,2017,4,4,1145,11,1,1,0,5,1, , ,N,0,0,0,3,0,0,2,2,N, ,39 57:05.534,75 09:26.068,1640, ,1640, ,0, , , ,0, , , , , ,34564, , , ,2,1,0,0,0,1,0,0,0,0,0,0,0,0,0,0,0,0,0,0,1,0,0,0,0,0,0,0,0,0,0,0,0,0,0,0,1,39.9515,-75.1572, ,Philadelphia
 ,3327,2017052319,6,67,67301,2017,4,6,1125,11,1,1,1,4,1, , ,N,1,3,0,3,0,1,2,2,N, ,40 03:26.402,75 08:26.444,1145, ,1138, ,0, , , ,3, , , , , ,34587, , , ,2,1,0,0,0,0,0,1,0,0,0,1,1,0,0,0,0,0,0,0,0,0,1,0,0,0,0,0,0,0,0,0,0,0,0,4,0,40.0573,-75.1407, ,Philadelphia
 ,3328,2017003988,6,67,67301,2017,1,1,1334,13,1,1,0,1,1, , ,N,0,0,0,3,0,1,4,2,N,N,39 56:33.366,75 08:35.550,1346, ,1344, ,0, , , ,0, , , , , ,34604, , , ,2,2,0,0,0,0,0,0,0,0,0,0,1,1,0,0,0,0,0,0,0,0,0,0,0,0,0,0,0,0,0,0,0,0,0,8,0,39.9426,-75.1432, ,Philadelphia
 ,3329,2017055647,6,67,67301,2017,5,2,355,3,3,1,0,5,6, , ,N,0,0,0,3,0,1,1,2,N,N,40 04:24.454,74 58:49.205,405, ,401, ,0, ,N, ,0, , , , , ,34645, , , ,2,2,0,0,0,0,0,0,0,0,0,1,1,0,0,0,0,0,0,0,0,0,0,0,0,0,0,0,0,0,0,0,0,0,0,4,0,40.0735,-74.9803, ,Philadelphia
 ,3330,2017060634,6,67,67301,2017,5,1,1640,16,1,1,0,7,4, , ,N,0,0,0,3,0,0,1,2,N,N,39 59:58.268,75 08:26.476,1710, ,1658, ,0, ,N, ,0, , , , , ,34647, , , ,2,1,0,0,0,0,1,0,0,0,0,0,0,0,0,0,0,0,0,0,0,0,0,1,0,0,0,0,0,0,0,0,0,0,0,0,0,39.9995,-75.1407, ,Philadelphia
 ,3331,2017058243,6,67,67301,2017,5,6,1930,19,3,1,0,1,1, , ,N,1,2,0,3,0,0,3,3,N, ,39 59:59.075,75 08:18.665,9999, ,9999, ,0, , , ,3, , , , , ,37825, , , ,3,0,0,0,0,0,2,0,0,0,0,0,0,0,0,0,0,0,0,0,0,0,0,0,0,0,0,0,0,0,0,0,0,0,0,0,0,39.9997,-75.1385, ,Philadelphia
 ,3332,2017068041,6,67,67301,2017,6,2,1003,10,1,2,1,4,1, , ,N,1,2,0,3,0,0,2,2,N,N,39 57:34.366,75 11:49.824,1010, ,1003, ,0, , , ,3, , , , , ,37830, , , ,2,2,0,0,0,0,0,0,0,0,0,0,0,0,0,0,0,0,0,0,0,0,0,0,0,0,0,0,0,0,0,0,0,0,0,0,0,39.9596,-75.197, ,Philadelphia
 ,3333,2017068037,6,67,67301,2017,6,7,920,9,1,2,1,6,1, , ,N,0,0,0,3,0,2,2,3,N, ,39 54:31.802,75 10:45.919,923, ,922,1,1,3, , ,0,N, , , , ,37831, , , ,3,2,0,0,0,0,1,0,0,0,1,1,2,0,0,0,0,0,0,0,0,0,0,0,0,0,0,0,0,0,0,0,0,0,0,3,0,39.9088,-75.1794, ,Philadelphia
 ,3334,2017052464,6,67,67301,2017,4,4,1255,12,1,1,0,8,1, , ,N,0,0,0,3,0,1,2,2,N,N,40 02:15.585,75 02:18.630,1305, ,1305, ,0, ,N, ,0, , , , , ,37875, , , ,1,0,0,0,0,0,0,1,0,0,0,1,1,0,0,0,0,0,0,0,0,0,0,1,0,0,0,0,0,0,0,0,1,0,0,4,0,40.0377,-75.0385, ,Philadelphia
 ,3335,2017052460,6,67,67301,2017,4,5,9999,99,1,1,0,4,1, , ,N,0,0,0,3,0,1,2,2,N, ,39 57:57.006,75 12:27.007,1704, ,1704, ,0, , , ,0, , , , , ,37877, , , ,1,1,0,0,0,0,0,0,1,0,0,0,1,1,0,0,0,0,0,0,0,0,0,1,0,0,0,0,0,0,0,0,0,0,0,8,0,39.9658,-75.2075, ,Philadelphia
 ,3336,2017052408,6,67,67301,2017,4,6,2220,22,3,1,0,5,1, , ,N,0,0,0,3,0,1,2,2,N,N,39 56:23.148,75 10:47.116,2220, ,2220, ,0, ,N, ,0, , , , , ,37878, , , ,1,1,0,0,0,0,0,0,1,0,1,0,1,0,0,0,0,0,0,0,1,0,0,1,0,0,0,0,0,0,0,0,0,0,0,3,0,39.9398,-75.1798, ,Philadelphia
 ,3337,2017068352,6,67,67301,2017,6,1,142,1,3,1,0,8,1, , ,N,0,0,0,3,0,1,2,2,N,N,39 56:32.018,75 08:34.703,145, ,142,2,2,1, , ,0,N, , , , ,37881, , , ,1,0,0,0,0,0,1,0,0,0,1,0,1,0,0,0,0,0,0,0,0,0,0,0,0,0,0,0,0,0,0,0,1,0,0,3,0,39.9422,-75.143, ,Philadelphia
 ,3338,2017008883,6,67,67301,2017,1,5,1408,14,1,1,0,1,1, , ,N,0,0,0,3,0,0,2,2,N,N,40 01:08.733,75 02:46.494,1435, ,1431, ,0, , , ,0, , , , , ,37892, , , ,2,2,0,0,0,0,0,0,0,0,0,0,0,0,0,0,0,0,0,0,0,0,0,0,0,0,0,0,0,0,0,0,0,0,0,0,0,40.0191,-75.0462, ,Philadelphia