wz_ln_closure,objectid_1,crn,district,county,municipality,crash_year,crash_month,day_of_week,time_of_day,hour_of_day,illumination,weather,road_condition,collision_type,relation_to_road,work_zone_type,work_zone_loc,work_zone_ind,intersect_type,tcd_type,location_type,urban_rural,fatal_count,injury_count,person_count,total_units,sch_bus_ind,sch_zone_ind,latitude,longitude,arrival_tm,cons_zone_spd_lim,dispatch_tm,est_hrs_closed,lane_closed,ln_close_dir,ntfy_hiwy_maint,spec_juris_cd,tcd_func_cd,tfc_detour_ind,workers_pres,wz_close_detour,wz_flagger,wz_law_offcr_ind,objectid,wz_moving,wz_other,wz_shlder_mdn,vehicle_count,automobile_count,motorcycle_count,bus_count,small_truck_count,heavy_truck_count,suv_count,van_count,bicycle_count,maj_inj_count,mod_inj_count,min_inj_count,tot_inj_count,unk_inj_deg_count,unk_inj_per_count,driver_count_16yr,driver_count_17yr,driver_count_18yr,driver_count_19yr,driver_count_20yr,driver_count_50_64yr,driver_count_65_74yr,driver_count_75plus,unbelted_occ_count,unb_death_count,unb_maj_inj_count,belted_death_count,belted_maj_inj_count,mcycle_death_count,mcycle_maj_inj_count,bicycle_death_count,bicycle_maj_inj_count,ped_count,ped_death_count,ped_maj_inj_count,max_severity_level,comm_veh_count,dec_lat,dec_long,rdwy_surf_type_cd,county_name
 ,3339,2017007783,6,67,67301,2017,1,2,1436,14,1,2,1,4,1, , ,N,0,0,0,3,0,1,2,2,N,N,40 02:06.410,75 11:18.400,1453, ,1442,3,2,7,N, ,0,Y, , , , ,37903, , , ,2,1,0,0,0,0,1,0,0,0,1,0,1,0,0,0,0,0,0,0,0,0,0,0,0,0,0,0,0,0,0,0,0,0,0,3,0,40.0351,-75.1884, ,Philadelphia
 ,3340,2017033577,6,67,67301,2017,2,6,608,6,5,1,0,4,1, , ,N,1,2,0,3,0,2,3,2,N,N,39 56:41.578,75 10:01.077,612, ,608, ,0, ,N, ,3, , , , , ,37913, , , ,2,2,0,0,0,0,0,0,0,0,0,2,2,0,0,0,0,0,0,0,0,0,0,1,0,0,0,0,0,0,0,0,0,0,0,4,0,39.9449,-75.167, ,Philadelphia
 ,3341,2017021567,6,67,67301,2017,2,1,2056,20,3,1,0,8,1, , ,N,0,0,0,3,0,1,2,2,N,N,40 04:54.048,74 59:23.982,2108, ,2101, ,0, ,N, ,0, , , , , ,37920, , , ,1,1,0,0,0,0,0,0,0,0,0,1,1,0,0,0,0,0,0,0,0,0,0,0,0,0,0,0,0,0,0,0,1,0,0,4,0,40.0817,-74.99, ,Philadelphia
 ,3342,2017021519,6,67,67301,2017,2,3,9999,99,3,5,1,4,1, , ,N,1,0,0,3,0,1,2,2,N,N,40 01:13.411,75 05:03.526,2300, ,9999, ,0, , , ,0, , , , , ,37923, , , ,2,2,0,0,0,0,0,0,0,0,0,0,1,1,0,0,0,0,0,0,0,0,0,1,0,0,0,0,0,0,0,0,0,0,0,8,0,40.0204,-75.0843, ,Philadelphia
 ,3343,2017055481,6,67,67301,2017,4,7,630,6,1,1,1,1,1, , ,N,1,2,0,3,0,1,2,2,N,N,39 59:29.210,75 08:05.506,715, ,710, ,0, , , ,3, , , , , ,37925, , , ,2,1,0,0,0,0,0,0,0,0,1,0,1,0,0,0,0,0,0,0,0,0,0,1,0,0,0,0,0,0,0,0,0,0,0,3,0,39.9913,-75.1349, ,Philadelphia
 ,3344,2017055520,6,67,67301,2017,4,3,9999,99,3,1,0,4,1, , ,N,1,2,0,3,0,1,2,2,N,N,40 01:47.722,75 06:11.037,2005, ,2000,1,1,2, , ,3,N, , , , ,37966, , , ,2,2,0,0,0,0,0,0,0,0,0,1,1,0,0,0,0,0,0,0,0,0,0,1,0,0,0,0,0,0,0,0,0,0,0,4,0,40.0296,-75.1039, ,Philadelphia
 ,3345,2017058281,6,67,67301,2017,5,1,223,2,3,1,0,4,1, , ,N,1,2,0,3,0,0,4,2,N,N,40 02:20.942,75 06:36.006,254, ,254,3,1,6,N, ,3,Y, , , , ,37967, , , ,2,2,0,0,0,0,0,0,0,0,0,0,0,0,0,0,0,0,0,0,0,0,0,0,0,0,0,0,0,0,0,0,0,0,0,0,0,40.0392,-75.11, ,Philadelphia
 ,3346,2017052155,6,67,67301,2017,4,2,3,0,3,2,1,0,1, , ,N,0,0,0,3,0,2,2,2,N,N,39 58:25.018,75 12:33.434,13, ,6,3,1,4,N, ,0,N, , , , ,37968, , , ,2,0,1,0,0,0,1,0,0,0,1,1,2,0,0,0,0,0,0,0,0,0,0,0,0,0,0,0,0,0,0,0,0,0,0,3,0,39.9736,-75.2093, ,Philadelphia
 ,3347,2017060454,6,67,67301,2017,5,7,2115,21,3,1,0,4,1, , ,N,1,2,0,3,0,1,4,3,N,N,39 58:10.746,75 12:41.274,2155, ,2146, ,0, ,N, ,3, , , , , ,37973, , , ,3,1,0,0,0,0,2,0,0,0,0,1,1,0,1,0,0,0,0,0,0,0,0,1,0,0,0,0,0,0,0,0,0,0,0,4,0,39.9697,-75.2115, ,Philadelphia
 ,3348,2017037500,6,67,67301,2017,3,2,720,7,1,1,0,4,1, , ,N,0,0,7,3,0,3,3,2,N, ,39 58:41.522,75 07:08.304,724, ,723, ,0, , , ,0, , , , , ,38046, , , ,2,0,0,0,0,1,1,0,0,0,0,3,3,0,0,0,0,0,0,0,0,0,0,0,0,0,0,0,0,0,0,0,0,0,0,4,0,39.9762,-75.1199, ,Philadelphia
 ,3349,2017061138,6,67,67301,2017,5,5,2230,22,3,2,1,7,4, , ,N,0,0,0,3,0,0,1,1,N,N,40 01:24.503,75 08:00.925,5, ,2357, ,0, , , ,0, , , , , ,27079, , , ,1,0,0,0,0,1,0,0,0,0,0,0,0,0,0,0,0,0,0,0,0,1,0,0,0,0,0,0,0,0,0,0,0,0,0,0,1,40.0235,-75.1336, ,Philadelphia
 ,3350,2017006954,6,67,67301,2017,1,1,2356,23,3,1,0,1,1, , ,N,0,0,0,3,0,0,2,2,N,N,39 56:18.704,75 08:38.285,18, ,12, ,0, , , ,0, , , , , ,27084, , , ,2,1,0,0,0,0,1,0,0,0,0,0,0,0,0,0,0,0,0,0,1,0,0,0,0,0,0,0,0,0,0,0,0,0,0,0,0,39.9385,-75.144, ,Philadelphia
 ,3351,2017014218,6,67,67301,2017,1,7,2238,22,3,1,0,1,1, , ,N,0,0,0,3,0,2,5,3,N,N,39 53:53.969,75 10:58.280,2301, ,2251,1,2,2, , ,0,N, , , , ,27093, , , ,3,2,0,0,0,0,1,0,0,0,0,0,2,2,0,0,0,0,0,0,0,0,0,0,0,0,0,0,0,0,0,0,0,0,0,8,0,39.8983,-75.1829, ,Philadelphia
 ,3352,2017068057,6,67,67301,2017,6,3,9999,99,1,1,0,1,1, , ,N,0,0,0,3,0,2,4,2,N,N,40 01:31.174,75 07:02.383,1316, ,1905, ,0, ,N, ,0, , , , , ,27125, , , ,2,1,0,0,0,0,1,0,0,0,0,2,2,0,0,0,0,0,0,0,0,0,0,0,0,0,0,0,0,0,0,0,0,0,0,4,0,40.0253,-75.1173, ,Philadelphia
 ,3353,2017010637,6,67,67301,2017,1,1,2154,21,3,4,8,4,6, , ,N,0,0,0,3,0,1,2,2,N,N,39 59:59.490,75 10:34.150,2155, ,2155, ,0, ,N, ,0, , , , , ,27134, , , ,2,2,0,0,0,0,0,0,0,0,0,1,1,0,1,0,0,0,0,0,0,0,0,0,0,0,0,0,0,0,0,0,0,0,0,4,0,39.9999,-75.1762, ,Philadelphia
 ,3354,2017020876,6,67,67301,2017,2,1,853,8,1,1,0,5,1, , ,N,0,0,0,3,0,0,3,2,N,N,39 54:56.204,75 08:52.287,857, ,854,1,1,2, , ,0,N, , , , ,27140, , , ,2,2,0,0,0,0,0,0,0,0,0,0,0,0,0,0,0,0,0,0,0,0,0,0,0,0,0,0,0,0,0,0,0,0,0,0,0,39.9156,-75.1479, ,Philadelphia
 ,3355,2017013925,6,67,67301,2017,1,7,2108,21,3,2,1,4,1, , ,N,1,2,0,3,0,0,3,2,N,N,39 56:32.755,75 08:50.560,2111, ,2110, ,0, ,N, ,3, , , , , ,27142, , , ,2,2,0,0,0,0,0,0,0,0,0,0,0,0,1,0,0,0,0,1,0,0,0,0,0,0,0,0,0,0,0,0,0,0,0,9,0,39.9424,-75.1474, ,Philadelphia
 ,3356,2017043823,6,67,67301,2017,4,3,327,3,3,1,0,1,6, , ,N,0,0,0,3,0,0,1,3,N,N,40 03:52.493,75 11:40.127,336, ,328, ,0, ,N, ,0, , , , , ,27148, , , ,3,2,0,0,0,0,1,0,0,0,0,0,0,0,1,0,0,0,0,0,0,0,0,0,0,0,0,0,0,0,0,0,0,0,0,9,0,40.0646,-75.1945, ,Philadelphia
 ,3357,2017033071,6,67,67301,2017,2,6,2225,22,3,1,0,4,1, , ,N,3,2,0,3,0,0,3,2,N, ,40 00:22.174,75 10:35.725,2230, ,2228, ,0, , , ,3, , , , , ,27154, , , ,2,2,0,0,0,0,0,0,0,0,0,0,0,0,0,0,0,0,0,0,0,0,0,1,0,0,0,0,0,0,0,0,0,0,0,0,0,40.006,-75.1766, ,Philadelphia
 ,3358,2017005827,6,67,67301,2017,1,4,1509,15,1,1,0,1,1, , ,N,0,0,0,3,0,1,3,3,N,N,39 57:29.552,75 09:52.178,1525, ,1525, ,0, , , ,0, , , , , ,27182, , , ,3,3,0,0,0,0,0,0,0,0,0,1,1,0,0,0,1,0,0,0,0,0,0,0,0,0,0,0,0,0,0,0,0,0,0,4,0,39.9582,-75.1645, ,Philadelphia
 ,3359,2017000523,6,67,67301,2017,1,3,636,6,3,2,1,7,7, , ,N,0,0,0,3,0,0,1,1,N,N,39 54:44.660,75 10:25.960,636, ,636, ,0, ,N, ,0, , , , , ,27235, , , ,1,1,0,0,0,0,0,0,0,0,0,0,0,0,0,0,0,0,0,0,0,0,0,0,0,0,0,0,0,0,0,0,0,0,0,0,0,39.9124,-75.1739, ,Philadelphia
 ,3360,2017041401,6,67,67301,2017,4,1,1105,11,1,1,0,7,4, , ,N,0,0,0,3,0,0,2,1,N,N,40 00:38.280,75 03:41.165,1115, ,1110,1,1,1,N, ,0,N, , , , ,27245, , , ,1,1,0,0,0,0,0,0,0,0,0,0,0,0,2,0,0,0,0,0,0,0,0,0,0,0,0,0,0,0,0,0,0,0,0,9,0,40.0106,-75.0614, ,Philadelphia
 ,3361,2017035839,6,67,67301,2017,3,5,2118,21,3,1,0,4,1, , ,N,1,2,0,3,0,1,4,2,N,N,40 02:21.314,75 11:30.256,2123, ,2120,1,1,1,N, ,3,N, , , , ,27249, , , ,2,1,0,0,0,0,1,0,0,0,0,0,1,1,0,0,0,0,0,0,0,1,0,0,0,0,0,0,0,0,0,0,0,0,0,8,0,40.0392,-75.1917, ,Philadelphia
 ,3362,2017043888,6,67,67301,2017,4,4,1700,17,1,1,0,8,1, , ,N,0,0,0,3,0,1,2,2,N,N,40 02:51.540,75 04:10.034,235, ,224, ,0, ,N, ,0, , , , , ,27254, , , ,1,0,0,0,0,0,1,0,0,0,0,1,1,0,0,0,0,0,0,0,0,0,0,1,0,0,0,0,0,0,0,0,1,0,0,4,0,40.0477,-75.0695, ,Philadelphia
 ,3363,2017033133,6,67,67301,2017,2,7,9999,99,3,3,1,5,1, , ,N,0,0,0,3,0,1,3,2,N, ,40 01:47.628,75 06:14.263,9999, ,1803, ,0, , , ,0, , , , , ,27258, , , ,2,2,0,0,0,0,0,0,0,0,0,1,1,0,0,0,0,0,0,0,0,0,0,1,0,0,0,0,0,0,0,0,0,0,0,4,0,40.0299,-75.104, ,Philadelphia
 ,3364,2017018997,6,67,67301,2017,1,1,1641,16,1,1,0,7,4,1,4,Y,0,0,0,3,0,1,2,1,N,N,40 01:20.398,75 02:11.677,1648,99,1645,9,1,1,N, ,0,N,U, , ,U,27283, , ,Y,1,1,0,0,0,0,0,0,0,0,0,1,1,0,0,0,0,0,0,0,0,0,0,2,0,0,0,0,0,0,0,0,0,0,0,4,0,40.0223,-75.0366, ,Philadelphia
 ,3365,2017019022,6,67,67301,2017,1,3,1550,15,1,9,8,8,1, , ,N,2,0,0,3,0,1,2,2,N, ,40 02:10.093,75 10:22.767,1550, ,1550, ,0, , , ,0, , , , , ,27285, , , ,1,1,0,0,0,0,0,0,0,0,0,0,1,1,1,0,0,0,0,0,0,0,0,0,0,0,0,0,0,0,0,0,1,0,0,8,0,40.0361,-75.173, ,Philadelphia
 ,3366,2017041886,6,67,67301,2017,4,4,1050,10,1,1,0,2,1, , ,N,0,0,0,3,0,1,7,4,N,N,39 57:06.172,75 10:56.951,1050, ,1050,1,1,4, , ,0,N, , , , ,27301, , , ,4,3,0,0,0,0,1,0,0,0,1,0,1,0,0,0,0,0,0,0,3,0,0,0,0,0,0,0,0,0,0,0,0,0,0,3,0,39.9517,-75.1825, ,Philadelphia
 ,3367,2017028956,6,67,67301,2017,2,5,1515,15,1,1,0,5,1, , ,N,0,0,0,3,0,1,2,2,N,N,40 01:31.763,75 05:00.025,1532, ,1526, ,0, , , ,0, , , , , ,30622, , , ,2,2,0,0,0,0,0,0,0,0,0,1,1,0,0,0,0,0,0,1,0,0,0,0,0,0,0,0,0,0,0,0,0,0,0,4,0,40.0255,-75.0833, ,Philadelphia
 ,3368,2017021552,6,67,67301,2017,2,7,1015,10,1,1,0,4,1, , ,N,1,2,0,3,0,0,5,2,N, ,39 57:34.998,75 14:06.748,1030, ,1022, ,0, , , ,3, , , , , ,30630, , , ,2,1,0,0,0,0,1,0,0,0,0,0,0,0,0,0,0,0,0,0,0,0,0,0,0,0,0,0,0,0,0,0,0,0,0,0,0,39.9597,-75.2352, ,Philadelphia
 ,3369,2017028779,6,67,67301,2017,2,6,725,7,1,1,0,1,1, , ,N,1,2,0,3,0,1,4,3,N,N,40 06:24.441,74 59:56.742,9999, ,725, ,0, ,N, ,3, , , , , ,30632, , , ,3,2,0,0,0,0,1,0,0,0,0,1,1,0,2,0,0,0,0,0,0,0,0,0,0,0,0,0,0,0,0,0,0,0,0,4,0,40.1068,-74.9991, ,Philadelphia
 ,3370,2017052186,6,67,67301,2017,4,1,2012,20,3,1,0,4,1, , ,N,1,2,0,3,0,1,3,2,N,N,40 03:45.043,75 00:33.961,2115, ,2113, ,0, ,N, ,3, , , , , ,30633, , , ,2,0,1,0,0,0,1,0,0,0,0,1,1,0,0,0,0,0,0,0,0,0,0,0,0,0,0,0,0,0,0,0,0,0,0,4,0,40.0625,-75.0094, ,Philadelphia
 ,3371,2017061142,6,67,67301,2017,6,7,2032,20,3,1,0,8,1, , ,N,0,0,0,3,0,1,3,2,N,N,40 02:02.454,75 09:47.170,2045, ,2041,2,2,6,N, ,0,Y, , , , ,30648, , , ,1,1,0,0,0,0,0,0,0,0,0,1,1,0,0,0,0,0,0,0,0,0,1,0,0,0,0,0,0,0,0,0,1,0,0,4,0,40.034,-75.1631, ,Philadelphia
 ,3372,2017010578,6,67,67301,2017,1,3,2240,22,3,1,0,7,4, , ,N,0,0,0,3,0,0,1,1,N,N,39 57:53.966,75 10:44.263,2320, ,2318, ,0, ,N, ,0, , , , , ,30662, , , ,1,0,0,0,1,0,0,0,0,0,0,0,0,0,0,0,0,0,0,0,0,0,0,0,0,0,0,0,0,0,0,0,0,0,0,0,0,39.965,-75.179, ,Philadelphia
 ,3373,2017028885,6,67,67301,2017,2,7,2330,23,3,1,0,7,4, , ,N,1,2,0,3,0,1,2,2,N,N,39 55:05.839,75 12:32.264,115, ,110,2,1,6,N, ,3,N, , , , ,30690, , , ,2,2,0,0,0,0,0,0,0,0,0,0,1,1,0,0,0,0,0,1,0,0,0,0,0,0,0,0,0,0,0,0,0,0,0,8,0,39.9182,-75.2088, ,Philadelphia
 ,3374,2017052127,6,67,67301,2017,4,5,1630,16,1,1,0,7,4, , ,N,0,0,0,3,0,1,1,1,N, ,40 02:57.081,75 13:11.062,1643, ,1636, ,0, , , ,0, , , , , ,30691, , , ,1,1,0,0,0,0,0,0,0,0,1,0,1,0,0,0,1,0,0,0,0,0,0,0,0,0,0,0,0,0,0,0,0,0,0,3,0,40.0492,-75.2197, ,Philadelphia
 ,3375,2017037545,6,67,67301,2017,3,2,750,7,1,1,0,6,1, , ,N,0,0,0,3,0,0,2,2,N,N,40 03:27.540,75 12:00.327,754, ,751, ,0, ,N, ,0, , , , , ,30723, , , ,2,2,0,0,0,0,0,0,0,0,0,0,0,0,1,0,0,0,0,0,0,0,0,0,0,0,0,0,0,0,0,0,0,0,0,9,0,40.0577,-75.2001, ,Philadelphia
 ,3376,2017041342,6,67,67301,2017,4,2,2208,22,2,2,1,4,1, , ,N,0,0,7,3,1,0,2,2,N, ,39 59:50.882,75 05:20.742,2220, ,2214,9,1,1,N,0,0,N, , , , ,30724, , , ,1,0,0,0,0,0,1,0,1,0,0,0,0,0,0,0,0,0,0,0,0,0,0,0,0,0,0,0,0,0,1,0,0,0,0,1,0,39.9975,-75.0891,2,Philadelphia
 ,3377,2017028957,6,67,67301,2017,2,5,810,8,1,8,0,8,1, , ,N,1,0,0,3,0,1,3,2,N,N,40 02:07.332,75 03:17.164,820, ,815, ,0, ,N, ,0, , , , , ,30726, , , ,1,1,0,0,0,0,0,0,0,0,0,1,1,0,0,0,0,0,0,0,1,0,0,1,0,0,0,0,0,0,0,0,1,0,0,4,0,40.0354,-75.0548, ,Philadelphia
 ,3378,2017031117,6,67,67301,2017,3,2,2210,22,3,3,1,5,1, , ,N,0,0,0,3,0,0,4,2,N,N,39 57:29.279,75 09:52.989,2259, ,2259,1,2,3, , ,0,N, , , , ,30728, , , ,2,2,0,0,0,0,0,0,0,0,0,0,0,0,0,0,0,0,0,0,0,0,0,0,0,0,0,0,0,0,0,0,0,0,0,0,0,39.9581,-75.1647, ,Philadelphia
 ,3379,2017058771,6,67,67301,2017,5,1,2103,21,3,1,0,0,2, , ,N,0,0,0,3,0,0,1,1,N,N,39 53:27.299,75 11:58.773,2104, ,2104,1,1,2, , ,0,N, , , , ,30742, , , ,1,1,0,0,0,0,0,0,0,0,0,0,0,0,0,0,0,0,0,0,0,0,0,0,0,0,0,0,0,0,0,0,0,0,0,0,0,39.8909,-75.1997, ,Philadelphia
 ,3380,2017010669,6,67,67301,2017,1,1,232,2,3,1,0,6,1, , ,N,0,0,0,3,0,1,2,5,N,N,39 58:29.800,75 14:56.100,250, ,240,2,2,6,N, ,0,Y, , , , ,30753, , , ,5,2,0,0,0,0,2,0,0,0,0,1,1,0,1,0,0,0,0,0,0,0,0,0,0,0,0,0,0,0,0,0,0,0,0,4,0,39.9749,-75.2489, ,Philadelphia
 ,3381,2017055637,6,67,67301,2017,5,1,600,6,1,1,0,5,1, , ,N,1,2,0,3,0,0,3,2,N,N,40 02:28.226,75 09:04.489,600, ,600, ,0, ,N, ,3, , , , , ,30793, , , ,2,1,0,0,0,0,1,0,0,0,0,0,0,0,0,0,0,0,0,0,0,0,0,0,0,0,0,0,0,0,0,0,0,0,0,0,0,40.0412,-75.1512, ,Philadelphia
 ,3382,2017060735,6,67,67301,2017,5,6,1539,15,1,1,0,4,1, , ,N,2,2,0,3,0,2,2,2,N, ,40 01:52.459,75 01:18.271,1730, ,1717, ,0, , , ,3, , , , , ,30796, , , ,2,1,0,0,0,0,1,0,0,0,0,0,2,2,0,0,0,0,0,0,0,0,0,0,0,0,0,0,0,0,0,0,0,0,0,8,0,40.0312,-75.0217, ,Philadelphia
 ,3383,2017041183,6,67,67301,2017,3,4,1130,11,1,1,0,4,1, , ,N,1,2,0,3,0,0,2,2,N,N,40 02:02.785,75 10:35.468,1139, ,1135, ,0, ,N, ,3, , , , , ,30817, , , ,2,1,0,0,0,0,1,0,0,0,0,0,0,0,0,0,0,0,0,0,0,1,0,0,0,0,0,0,0,0,0,0,0,0,0,0,0,40.0341,-75.1765, ,Philadelphia
 ,3384,2017028984,6,67,67301,2017,2,4,1730,17,1,1,0,8,1, , ,N,0,0,0,3,0,1,2,2,N, ,40 00:29.528,75 05:47.539,9999, ,9999, ,0, , , ,0, , , , , ,30828, , , ,1,1,0,0,0,0,0,0,0,0,1,0,1,0,0,0,0,0,0,0,0,0,0,1,0,0,0,0,0,0,0,0,1,0,0,3,0,40.0082,-75.0965, ,Philadelphia
 ,3385,2017035529,6,67,67301,2017,4,7,32,0,3,2,1,7,2, , ,N,0,0,0,3,0,1,1,1,N,N,39 59:02.897,75 12:29.439,34, ,34, ,0, , , ,0, , , , , ,34665, , , ,1,1,0,0,0,0,0,0,0,0,1,0,1,0,0,0,0,0,0,0,0,0,0,1,0,0,0,0,0,0,0,0,0,0,0,3,0,39.9841,-75.2082, ,Philadelphia
 ,3386,2017037471,6,67,67301,2017,3,2,1340,13,1,1,0,4,1, , ,N,1,3,0,3,0,2,3,2,N,N,39 55:46.632,75 10:16.798,1350, ,1348,1,2,3, , ,3,Y, , , , ,34666, , , ,2,2,0,0,0,0,0,0,0,0,0,2,2,0,0,0,0,0,0,0,0,0,0,3,0,0,0,0,0,0,0,0,0,0,0,4,0,39.9296,-75.1713, ,Philadelphia
 ,3387,2017028780,6,67,67301,2017,2,1,1930,19,3,1,0,6,1, , ,N,1,2,0,3,0,0,4,3,N, ,40 03:38.529,75 03:14.962,1940, ,1935, ,0, , , ,3, , , , , ,34671, , , ,3,1,0,0,1,0,1,0,0,0,0,0,0,0,1,0,0,0,0,0,2,0,0,0,0,0,0,0,0,0,0,0,0,0,0,9,0,40.0607,-75.0542, ,Philadelphia
 ,3388,2017041341,6,67,67301,2017,4,7,1415,14,1,1,0,4,1, , ,N,1,3,0,3,0,1,2,4,N, ,40 03:26.402,75 08:26.444,1536, ,1536, ,0, , , ,3, , , , , ,34679, , , ,4,2,0,0,2,0,0,0,0,0,0,1,1,0,0,0,0,0,0,0,0,1,0,0,0,0,0,0,0,0,0,0,0,0,0,4,0,40.0573,-75.1407, ,Philadelphia
 ,3389,2017021634,6,67,67301,2017,2,4,1250,12,1,1,0,4,1, , ,N,1,2,0,3,0,2,2,2,N, ,39 55:26.087,75 13:19.646,1314, ,1307, ,0, , , ,3, , , , , ,34680, , , ,2,2,0,0,0,0,0,0,0,0,1,0,2,1,0,0,0,0,0,0,0,0,0,0,0,0,0,0,0,0,0,0,0,0,0,3,0,39.9239,-75.2221, ,Philadelphia
 ,3390,2017017135,6,67,67301,2017,2,1,1441,14,1,2,1,4,1, , ,N,1,1,0,3,0,0,2,2, , ,39 57:12.030,75 11:01.741,1443, ,1442,1,1,1, , ,2,N, , , , ,34682, , , ,2,2,0,0,0,0,0,0,0,0,0,0,0,0,0,0,1,0,0,0,0,0,0,0,0,0,0,0,0,0,0,0,0,0,0,0,0,39.9533,-75.1838, ,Philadelphia
 ,3391,2017026255,6,67,67301,2017,3,5,1230,12,1,1,0,4,1, , ,N,0,2,0,3,0,0,2,3,N,N,39 58:50.247,75 09:27.009,1240, ,1235,2,2,2,N, ,3,N, , , , ,34722, , , ,3,3,0,0,0,0,0,0,0,0,0,0,0,0,0,0,0,0,0,0,1,0,0,0,0,0,0,0,0,0,0,0,0,0,0,0,0,39.9806,-75.1575, ,Philadelphia
 ,3392,2017021529,6,67,67301,2017,2,5,1529,15,1,1,0,8,1, , ,N,1,2,0,3,0,1,2,2,N,N,39 58:17.205,75 09:33.736,1531, ,1530, ,0, ,N, ,3, , , , , ,34726, , , ,1,0,0,0,0,0,1,0,0,1,0,0,1,0,0,0,0,0,0,0,0,0,0,1,0,0,0,0,0,0,0,0,1,0,1,2,0,39.9714,-75.1594, ,Philadelphia
 ,3393,2017052380,6,67,67301,2017,5,4,221,2,3,1,0,7,3, , ,N,0,0,1,3,0,1,1,1,N,N,40 00:41.599,75 05:17.769,230, ,229,1,1,1,N, ,0,Y, , , , ,34745, , , ,1,0,0,0,0,0,1,0,0,0,0,1,1,0,0,0,0,0,0,0,0,0,0,0,0,0,0,0,0,0,0,0,0,0,0,4,0,40.0116,-75.0883, ,Philadelphia
 ,3394,2017038509,6,67,67301,2017,4,7,1538,15,1,1,0,7,3, , ,N,0,0,0,3,0,0,1,1,N,N,39 54:05.345,75 09:07.398,1603, ,1538,1,1,1, , ,0,N, , , , ,34757, , , ,1,1,0,0,0,0,0,0,0,0,0,0,0,0,0,0,0,0,0,0,0,0,0,0,0,0,0,0,0,0,0,0,0,0,0,0,0,39.9015,-75.1521, ,Philadelphia
 ,3395,2017030434,6,67,67301,2017,3,7,719,7,1,1,1,0,4, , ,N,0,0,0,3,0,1,1,1,N,N,39 56:59.465,75 08:30.346,730, ,722, ,0, , , ,0, , , , , ,34759, , , ,1,1,0,0,0,0,0,0,0,0,1,0,1,0,0,0,0,0,0,0,0,0,0,0,0,0,0,0,0,0,0,0,0,0,0,3,0,39.9499,-75.1418, ,Philadelphia
 ,3396,2017033927,6,67,67301,2017,3,4,1919,19,1,1,0,7,3, , ,N,0,0,3,3,0,1,1,1,N,N,39 54:33.000,75 09:09.400,1925, ,1921, ,0, ,N, ,0, , , , , ,34761, , , ,1,0,1,0,0,0,0,0,0,0,0,0,1,1,0,0,0,0,0,0,0,0,0,0,0,0,0,0,0,0,0,0,0,0,0,8,0,39.9092,-75.1526, ,Philadelphia
 ,3397,2017035003,6,67,67301,2017,4,3,750,7,1,8,1,1,1, , ,N,1,2,0,3,0,1,2,2,N,N,39 57:24.012,75 11:52.849,805, ,759, ,0, ,N, ,3, , , , , ,34772, , , ,2,2,0,0,0,0,0,0,0,0,1,0,1,0,0,0,0,0,0,0,0,0,0,0,0,0,0,0,0,0,0,0,0,0,0,3,0,39.9566,-75.198, ,Philadelphia
 ,3398,2017052457,6,67,67301,2017,4,1,1635,16,1,1,0,1,1, , ,N,2,2,0,3,0,2,8,2,N, ,39 58:24.795,75 12:32.059,1643, ,1636,3,1,3, , ,3,Y, , , , ,34773, , , ,2,0,0,0,0,0,2,0,0,0,0,0,2,2,0,0,0,0,0,0,0,0,0,4,0,0,0,0,0,0,0,0,0,0,0,8,0,39.9736,-75.2089, ,Philadelphia
 ,3399,2017013570,6,67,67301,2017,2,4,954,9,1,1,0,5,1, , ,N,0,8,3,3,0,1,4,3,N,N,39 54:46.500,75 10:32.500,955, ,954, ,0, ,N, ,3, , , , , ,34795, , , ,3,1,0,0,0,1,1,0,0,0,0,0,1,1,0,0,0,0,0,0,1,1,0,0,0,0,0,0,0,0,0,0,0,0,0,8,1,39.9129,-75.1757, ,Philadelphia
 ,3400,2017023196,6,67,67301,2017,2,2,749,7,1,1,0,5,1, , ,N,0,0,0,3,0,0,2,2,N,N,39 57:37.838,75 10:52.852,755, ,749,1,1,4, , ,0,N, , , , ,34799, , , ,2,0,0,0,1,0,1,0,0,0,0,0,0,0,0,0,0,0,0,0,0,1,0,0,0,0,0,0,0,0,0,0,0,0,0,0,0,39.9605,-75.1813, ,Philadelphia
 ,3401,2017041182,6,67,67301,2017,3,4,658,6,1,1,0,4,1, , ,N,1,2,0,3,0,2,4,3,N,N,40 02:35.649,75 03:08.136,706, ,704,2,2,6, , ,3,Y, , , , ,34824, , , ,3,2,0,0,0,0,1,0,0,0,0,2,2,0,0,0,0,0,0,0,1,0,0,0,0,0,0,0,0,0,0,0,0,0,0,4,0,40.0432,-75.0523, ,Philadelphia
 ,3402,2017052274,6,67,67301,2017,4,7,1228,12,1,2,1,4,1, , ,N,0,0,7,3,0,1,2,2,N, ,39 56:22.932,75 11:55.837,1250, ,1248, ,0, , , ,0, , , , , ,34840, , , ,1,0,0,0,1,0,0,0,1,0,0,1,1,0,0,0,0,0,0,0,0,0,0,1,0,0,0,0,0,0,0,0,0,0,0,4,0,39.9397,-75.1988, ,Philadelphia