wz_ln_closure,objectid_1,crn,district,county,municipality,crash_year,crash_month,day_of_week,time_of_day,hour_of_day,illumination,weather,road_condition,collision_type,relation_to_road,work_zone_type,work_zone_loc,work_zone_ind,intersect_type,tcd_type,location_type,urban_rural,fatal_count,injury_count,person_count,total_units,sch_bus_ind,sch_zone_ind,latitude,longitude,arrival_tm,cons_zone_spd_lim,dispatch_tm,est_hrs_closed,lane_closed,ln_close_dir,ntfy_hiwy_maint,spec_juris_cd,tcd_func_cd,tfc_detour_ind,workers_pres,wz_close_detour,wz_flagger,wz_law_offcr_ind,objectid,wz_moving,wz_other,wz_shlder_mdn,vehicle_count,automobile_count,motorcycle_count,bus_count,small_truck_count,heavy_truck_count,suv_count,van_count,bicycle_count,maj_inj_count,mod_inj_count,min_inj_count,tot_inj_count,unk_inj_deg_count,unk_inj_per_count,driver_count_16yr,driver_count_17yr,driver_count_18yr,driver_count_19yr,driver_count_20yr,driver_count_50_64yr,driver_count_65_74yr,driver_count_75plus,unbelted_occ_count,unb_death_count,unb_maj_inj_count,belted_death_count,belted_maj_inj_count,mcycle_death_count,mcycle_maj_inj_count,bicycle_death_count,bicycle_maj_inj_count,ped_count,ped_death_count,ped_maj_inj_count,max_severity_level,comm_veh_count,dec_lat,dec_long,rdwy_surf_type_cd,county_name
 ,3403,2017035745,6,67,67301,2017,3,6,1801,18,2,1,1,5,1, , ,N,0,0,0,3,0,2,3,2,N,N,40 00:59.279,75 09:29.137,1804, ,1803,2,2,5, , ,0,Y, , , , ,38051, , , ,2,1,0,0,0,1,0,0,0,0,0,2,2,0,0,0,0,0,0,0,0,0,0,3,0,0,0,0,0,0,0,0,0,0,0,4,1,40.0165,-75.1581, ,Philadelphia
 ,3404,2017037498,6,67,67301,2017,3,3,716,7,1,2,1,7,3, , ,N,0,0,0,3,0,1,2,1,N, ,40 00:59.200,75 12:09.800,748, ,733, ,0, , , ,0, , , , , ,38053, , , ,1,1,0,0,0,0,0,0,0,0,1,0,1,0,0,0,0,0,0,0,0,0,0,0,0,0,0,0,0,0,0,0,0,0,0,3,0,40.0164,-75.2027, ,Philadelphia
 ,3405,2017041303,6,67,67301,2017,4,5,200,2,3,1,0,3,6, , ,N,0,0,0,3,0,1,1,2,N,N,40 03:03.873,75 09:39.628,207, ,206,2,2,6, , ,0,Y, , , , ,38055, , , ,2,1,0,0,0,0,1,0,0,0,0,1,1,0,0,0,0,0,0,0,1,0,0,0,0,0,0,0,0,0,0,0,0,0,0,4,0,40.0511,-75.161, ,Philadelphia
 ,3406,2017032542,6,67,67301,2017,3,6,1956,19,3,1,0,5,1, , ,N,0,0,0,3,0,2,2,2,N,N,40 03:04.535,74 59:20.901,2000, ,1956,3,1,1, , ,0,N, , , , ,38058, , , ,2,1,0,0,1,0,0,0,0,0,1,0,2,1,0,0,0,0,0,0,0,0,0,0,0,0,0,0,0,0,0,0,0,0,0,3,0,40.0513,-74.9891, ,Philadelphia
 ,3407,2017054319,6,67,67301,2017,5,7,2019,20,3,1,0,7,4, , ,N,0,0,0,3,0,0,3,1,N,N,39 59:45.263,75 11:49.767,2029, ,2019,1,1,4, , ,0,N, , , , ,38064, , , ,1,1,0,0,0,0,0,0,0,0,0,0,0,0,0,0,0,0,0,0,0,0,0,1,0,0,0,0,0,0,0,0,0,0,0,0,0,39.9959,-75.1972, ,Philadelphia
 ,3408,2017051043,6,67,67301,2017,5,7,1238,12,1,1,0,1,1, , ,N,0,0,0,3,0,0,3,3,N,N,39 57:07.728,75 10:56.036,1240, ,1240,2,2,4, , ,0,N, , , , ,38065, , , ,3,3,0,0,0,0,0,0,0,0,0,0,0,0,0,0,0,0,0,0,0,0,0,0,0,0,0,0,0,0,0,0,0,0,0,0,0,39.9521,-75.1822, ,Philadelphia
 ,3409,2017023250,6,67,67301,2017,2,6,2258,22,3,1,0,7,2, , ,N,0,0,0,3,0,1,1,1,N,N,40 02:06.597,75 01:04.131,2303, ,2258,1,2,1, , ,0,N, , , , ,38082, , , ,1,1,0,0,0,0,0,0,0,0,1,0,1,0,0,0,0,0,0,0,0,0,0,1,0,0,0,0,0,0,0,0,0,0,0,3,0,40.0352,-75.0178, ,Philadelphia
 ,3410,2017018982,6,67,67301,2017,2,5,2203,22,3,1,0,5,1, , ,N,0,0,0,3,0,6,8,3,N,N,40 00:29.390,75 11:29.184,2205, ,2203,2,2,2,N, ,0,N, , , , ,38092, , , ,3,1,0,0,0,0,2,0,0,0,5,0,6,1,0,0,0,0,0,0,1,0,0,1,0,0,0,0,0,0,0,0,0,0,0,3,0,40.0082,-75.1914, ,Philadelphia
 ,3411,2017028787,6,67,67301,2017,2,7,1550,15,1,1,0,5,6, , ,N,0,0,0,3,1,0,2,5,N,N,39 55:38.506,75 10:00.744,1550, ,1550, ,0, ,N,0,0, , , , , ,38093, , , ,5,4,0,0,0,0,1,0,0,0,0,0,0,0,1,0,0,0,0,0,1,0,0,0,0,0,0,0,0,0,0,0,0,0,0,1,0,39.9274,-75.1669,1,Philadelphia
 ,3412,2017029022,6,67,67301,2017,2,6,2100,21,1,1,0,1,1, , ,N,2,2,0,3,0,0,3,2,N, ,39 57:24.697,75 08:19.705,2104, ,2104,1,2,2, , ,3,N, , , , ,38100, , , ,2,2,0,0,0,0,0,0,0,0,0,0,0,0,0,0,0,0,0,0,1,0,0,0,0,0,0,0,0,0,0,0,0,0,0,0,0,39.9568,-75.1386, ,Philadelphia
 ,3413,2017052145,6,67,67301,2017,4,2,1015,10,1,2,1,1,1, , ,N,0,0,7,3,0,2,6,3,N,N,39 54:39.574,75 11:22.729,1050, ,1034, ,0, , , ,0, , , , , ,38109, , , ,3,1,0,0,0,0,1,1,0,0,0,2,2,0,0,0,0,0,0,0,1,0,0,0,0,0,0,0,0,0,0,0,0,0,0,4,0,39.911,-75.1896, ,Philadelphia
 ,3414,2017076351,6,67,67301,2017,6,3,750,7,1,1,0,4,1, , ,N,1,3,0,3,0,2,3,2,N, ,40 02:16.440,75 02:50.675,813, ,811,1,1,1, , ,3,N, , , , ,38123, , , ,2,1,0,0,0,0,0,1,0,0,0,0,2,2,0,0,0,0,0,0,0,0,0,0,0,0,0,0,0,0,0,0,0,0,0,8,0,40.0379,-75.0474, ,Philadelphia
 ,3415,2017010562,6,67,67301,2017,1,3,9999,99,3,4,1,4,1, , ,N,1,3,0,3,0,2,3,2,N,N,40 02:56.832,75 05:04.214,1725, ,1721,1,1,1,N, ,3,N, , , , ,38129, , , ,2,1,0,0,0,0,1,0,0,0,1,1,2,0,0,0,0,0,0,0,2,0,0,0,0,0,0,0,0,0,0,0,0,0,0,3,0,40.0491,-75.0845, ,Philadelphia
 ,3416,2017013936,6,67,67301,2017,1,4,813,8,1,8,6,1,1, , ,N,1,3,0,3,0,2,4,4,N,N,39 57:07.390,75 12:51.785,819, ,814,3,2,5, , ,3,Y, , , , ,38133, , , ,4,2,0,0,0,0,2,0,0,0,0,2,2,0,2,0,0,0,0,0,0,0,0,0,0,0,0,0,0,0,0,0,0,0,0,4,0,39.9521,-75.2144, ,Philadelphia
 ,3417,2017013917,6,67,67301,2017,1,6,1324,13,1,1,0,4,1, , ,N,0,0,0,3,0,1,3,4,N,N,39 56:58.134,75 12:08.909,1329, ,1326,2,1,3, , ,0,N, , , , ,38135, , , ,4,3,0,0,0,0,1,0,0,0,0,1,1,0,0,0,0,0,0,0,0,0,0,0,0,0,0,0,0,0,0,0,0,0,0,4,0,39.9495,-75.2025, ,Philadelphia
 ,3418,2017035634,6,67,67301,2017,3,6,340,3,3,1,0,4,1, , ,N,0,0,0,3,0,0,2,2,N, ,39 55:03.560,75 12:42.499,400, ,348, ,0, , , ,0, , , , , ,38144, , , ,2,2,0,0,0,0,0,0,0,0,0,0,0,0,1,0,0,0,0,0,0,1,0,0,0,0,0,0,0,0,0,0,0,0,0,9,0,39.9177,-75.2118, ,Philadelphia
 ,3419,2017041337,6,67,67301,2017,4,1,1810,18,1,1,0,4,1, , ,N,1,3,0,3,0,1,3,2,N,N,40 03:08.305,75 12:05.258,1822, ,1816, ,0, ,N, ,3, , , , , ,38159, , , ,2,1,0,0,0,0,1,0,0,0,0,1,1,0,0,0,0,0,0,0,0,0,1,0,0,0,0,0,0,0,0,0,0,0,0,4,0,40.0523,-75.2015, ,Philadelphia
 ,3420,2017033053,6,67,67301,2017,2,2,1800,18,3,1,0,1,1, , ,N,0,0,0,3,0,1,3,2,N,N,40 04:29.167,75 05:05.503,1815, ,1812, ,0, ,N, ,0, , , , , ,38193, , , ,2,1,0,0,0,0,1,0,0,0,0,1,1,0,1,0,0,0,0,0,0,0,0,0,0,0,0,0,0,0,0,0,0,0,0,4,0,40.0748,-75.0849, ,Philadelphia
 ,3421,2017041115,6,67,67301,2017,4,1,1440,14,1,1,0,8,1, , ,N,0,0,0,3,0,1,2,2,N,N,40 03:09.459,75 09:33.794,1500, ,1450, ,0, ,N, ,0, , , , , ,27340, , , ,1,1,0,0,0,0,0,0,0,0,0,1,1,0,0,0,0,0,0,0,0,0,0,1,0,0,0,0,0,0,0,0,1,0,0,4,0,40.0526,-75.1594, ,Philadelphia
 ,3422,2017043776,6,67,67301,2017,4,3,1853,18,1,1,0,8,1, , ,N,1,2,0,3,0,1,2,2,N, ,40 02:43.180,75 13:55.304,1854, ,1853,3,2,1, , ,3,Y, , , , ,27345, , , ,1,1,0,0,0,0,0,0,0,1,0,0,1,0,0,0,0,0,0,0,1,0,0,1,0,0,0,0,0,0,0,0,1,0,1,2,0,40.0452,-75.2317, ,Philadelphia
 ,3423,2017041134,6,67,67301,2017,4,3,9999,99,1,1,0,4,1, , ,N,5,0,0,3,0,1,1,4,N,N,40 00:57.189,75 07:02.269,1215, ,1212, ,0, , , ,0, , , , , ,27346, , , ,4,0,0,0,2,1,0,1,0,1,0,0,1,0,0,0,0,0,0,0,0,0,0,0,0,0,0,0,0,0,0,0,0,0,0,2,1,40.0159,-75.1173, ,Philadelphia
 ,3424,2017062835,6,67,67301,2017,5,3,657,6,1,1,0,5,1, , ,N,0,0,0,3,0,0,2,2,N,N,39 52:51.175,75 14:47.371,710, ,701, ,0, , , ,0, , , , , ,27365, , , ,2,2,0,0,0,0,0,0,0,0,0,0,0,0,0,0,0,0,0,0,0,0,0,1,0,0,0,0,0,0,0,0,0,0,0,0,0,39.8809,-75.2465, ,Philadelphia
 ,3425,2017026024,6,67,67301,2017,2,2,1956,19,3,1,0,1,1, , ,N,0,0,0,3,0,0,2,2,N,N,39 58:51.895,75 12:23.247,1958, ,1957, ,0, , , ,0, , , , , ,27376, , , ,2,1,0,0,1,0,0,0,0,0,0,0,0,0,0,0,0,0,0,1,0,0,0,0,0,0,0,0,0,0,0,0,0,0,0,0,0,39.9811,-75.2065, ,Philadelphia
 ,3426,2017033072,6,67,67301,2017,2,6,1125,11,1,1,0,4,1, , ,N,0,0,0,3,0,0,2,3,N,N,40 00:53.025,75 10:11.212,1130, ,1129, ,0, ,N, ,0, , , , , ,27384, , , ,3,3,0,0,0,0,0,0,0,0,0,0,0,0,0,0,0,0,0,0,1,0,0,0,0,0,0,0,0,0,0,0,0,0,0,0,0,40.0147,-75.1698, ,Philadelphia
 ,3427,2017035605,6,67,67301,2017,3,7,816,8,1,8,5,7,4, , ,N,0,0,0,3,0,0,1,1,N,Y,40 00:48.520,75 07:52.590,843, ,843, ,0, ,N, ,0, , , , , ,27387, , , ,1,0,0,0,0,0,1,0,0,0,0,0,0,0,0,0,0,0,1,0,0,0,0,0,0,0,0,0,0,0,0,0,0,0,0,0,0,40.0135,-75.1313, ,Philadelphia
 ,3428,2017035744,6,67,67301,2017,3,6,1053,10,1,1,5,1,1, , ,N,0,0,0,3,0,0,3,3,N, ,40 00:16.028,75 09:08.269,1110, ,1107, ,0, , , ,0, , , , , ,27391, , , ,3,0,0,0,0,0,3,0,0,0,0,0,0,0,1,0,0,0,0,0,1,0,0,3,0,0,0,0,0,0,0,0,0,0,0,9,0,40.0045,-75.1523, ,Philadelphia
 ,3429,2017041130,6,67,67301,2017,4,2,1610,16,1,1,0,8,1, , ,N,0,0,0,3,0,1,3,2,N, ,40 03:30.523,75 09:48.901,1728, ,1728, ,0, , , ,0, , , , , ,27394, , , ,1,1,0,0,0,0,0,0,0,0,0,0,1,1,0,0,1,0,0,0,0,0,0,0,0,0,0,0,0,0,0,0,1,0,0,8,0,40.0585,-75.1636, ,Philadelphia
 ,3430,2017049284,6,67,67301,2017,5,7,1341,13,1,1,0,7,2, , ,N,0,0,0,3,0,0,2,1,N,N,39 56:39.203,75 08:34.377,1350, ,1342,2,2,2, , ,0,Y, , , , ,27410, , , ,1,1,0,0,0,0,0,0,0,0,0,0,0,0,0,0,0,0,0,0,0,0,0,1,0,0,0,0,0,0,0,0,0,0,0,0,0,39.9442,-75.1429, ,Philadelphia
 ,3431,2017021611,6,67,67301,2017,2,4,1620,16,1,1,0,4,1, , ,N,1,3,0,3,0,1,2,2,N, ,39 57:08.535,75 09:17.776,1630, ,1625,1,1,1, , ,3,N, , , , ,27422, , , ,1,0,0,0,1,0,0,0,1,0,0,0,1,1,0,0,0,0,0,0,0,0,0,0,0,0,0,0,0,0,0,0,0,0,0,8,0,39.9524,-75.1549, ,Philadelphia
 ,3432,2017067763,6,67,67301,2017,5,6,9999,99,3,1,0,1,6, , ,N,0,0,0,3,0,0,1,2,N,N,39 59:17.638,75 08:00.312,535, ,533,4,2,2,N, ,0,Y, , , , ,27445, , , ,2,0,0,0,0,0,2,0,0,0,0,0,0,0,1,0,0,0,0,0,0,0,0,0,0,0,0,0,0,0,0,0,0,0,0,9,0,39.9882,-75.1334, ,Philadelphia
 ,3433,2017070515,6,67,67301,2017,6,7,2010,20,3,1,0,4,1, , ,N,1,2,0,3,0,2,4,2,N, ,39 58:13.238,75 08:47.584,2100, ,2031, ,0, , , ,3, , , , , ,27453, , , ,2,1,0,0,1,0,0,0,0,0,0,2,2,0,0,0,0,0,0,0,1,0,0,0,0,0,0,0,0,0,0,0,0,0,0,4,0,39.9703,-75.1466, ,Philadelphia
 ,3434,2017037350,6,67,67301,2017,3,2,223,2,3,1,1,7,4, , ,N,1,2,0,3,1,0,1,1,N,N,40 00:08.166,75 13:12.482,228, ,225,3,2,7,N,0,3,Y, , , , ,27484, , , ,1,1,0,0,0,0,0,0,0,0,0,0,0,0,0,0,0,0,0,0,0,0,0,0,0,0,1,0,0,0,0,0,0,0,0,1,0,40.0023,-75.2201,2,Philadelphia
 ,3435,2017043650,6,67,67301,2017,4,6,1730,17,1,1,0,1,1, , ,N,7,0,2,3,0,1,4,2,N,N,40 01:33.330,75 01:38.875,1803, ,1738, ,0, , , ,0, , , , , ,27485, , , ,2,2,0,0,0,0,0,0,0,0,0,0,1,1,0,0,0,0,0,0,0,0,0,0,0,0,0,0,0,0,0,0,0,0,0,8,0,40.0251,-75.0289, ,Philadelphia
 ,3436,2017019144,6,67,67301,2017,1,2,755,7,1,1,0,5,1, , ,N,0,0,0,3,0,1,2,2,N,N,40 01:36.500,75 02:32.792,821, ,814, ,0, ,N, ,0, , , , , ,27487, , , ,2,1,0,0,0,0,0,1,0,0,0,1,1,0,0,0,0,0,0,0,0,0,0,1,0,0,0,0,0,0,0,0,0,0,0,4,0,40.0268,-75.0424, ,Philadelphia
 ,3437,2017029016,6,67,67301,2017,2,6,850,8,1,1,0,8,1, , ,N,1,2,0,3,0,1,2,2,N,N,39 56:57.599,75 09:51.029,905, ,857, ,0, , , ,3, , , , , ,27492, , , ,1,1,0,0,0,0,0,0,0,0,0,0,1,1,0,0,0,0,0,0,0,0,0,1,0,0,0,0,0,0,0,0,1,0,0,8,0,39.9493,-75.1642, ,Philadelphia
 ,3438,2017067362,6,67,67301,2017,6,3,2138,21,3,1,0,1,1, , ,N,6,0,2,3,0,0,8,2,N,N,39 57:21.100,75 10:50.039,2215, ,2154, ,0, , , ,0, , , , , ,27507, , , ,2,1,0,0,0,0,1,0,0,0,0,0,0,0,0,0,0,0,0,0,0,0,0,0,0,0,0,0,0,0,0,0,0,0,0,0,0,39.9564,-75.1804, ,Philadelphia
 ,3439,2017060659,6,67,67301,2017,4,3,1423,14,1,2,1,5,1, , ,N,0,0,0,3,0,1,3,2,N,N,39 57:11.898,75 09:11.186,1430, ,1423, ,0, ,N, ,0, , , , , ,30844, , , ,2,1,0,1,0,0,0,0,0,0,0,0,1,1,0,0,0,0,0,0,1,0,0,1,0,0,0,0,0,0,0,0,0,0,0,8,1,39.9533,-75.1531, ,Philadelphia
 ,3440,2017023918,6,67,67301,2017,3,6,1300,13,1,1,0,4,1, , ,N,2,2,0,3,0,0,4,2,N,N,39 58:56.703,75 05:01.832,1330, ,1305,2,1,2,N, ,3,N, , , , ,30852, , , ,2,1,0,0,0,1,0,0,0,0,0,0,0,0,0,0,0,0,0,0,0,0,0,0,0,0,0,0,0,0,0,0,0,0,0,0,1,39.9824,-75.0838, ,Philadelphia
 ,3441,2017028921,6,67,67301,2017,2,7,1800,18,4,1,0,4,1, , ,N,1,2,0,3,0,1,4,2,N,N,39 59:19.554,75 07:12.678,9999, ,9999, ,0, , , ,3, , , , , ,30872, , , ,2,2,0,0,0,0,0,0,0,0,0,1,1,0,1,0,0,0,0,0,0,0,0,1,0,0,0,0,0,0,0,0,0,0,0,4,0,39.9888,-75.1202, ,Philadelphia
 ,3442,2017035829,6,67,67301,2017,3,6,1306,13,1,4,1,1,1, , ,N,2,2,0,3,0,0,3,2,N,N,40 05:44.840,74 59:28.507,1310, ,1306, ,0, ,N, ,3, , , , , ,30873, , , ,2,1,0,0,0,1,0,0,0,0,0,0,0,0,0,0,0,0,0,1,1,0,0,0,0,0,0,0,0,0,0,0,0,0,0,0,1,40.0958,-74.9913, ,Philadelphia
 ,3443,2017028782,6,67,67301,2017,2,5,1543,15,1,1,0,8,1, , ,N,1,2,0,3,0,1,2,2,N,N,39 58:31.257,75 14:43.799,1546, ,1543,1,1,2,N, ,3,N, , , , ,30875, , , ,1,0,0,0,0,0,1,0,0,0,0,1,1,0,0,0,0,0,0,0,0,0,0,0,0,0,0,0,0,0,0,0,1,0,0,4,0,39.9753,-75.2455, ,Philadelphia
 ,3444,2017019145,6,67,67301,2017,1,2,1530,15,1,1,0,8,1, , ,N,1,2,0,3,0,1,6,2,N, ,40 02:28.908,75 01:41.719,1551, ,1549, ,0, , , ,3, , , , , ,30901, , , ,1,0,0,0,0,0,1,0,0,0,1,0,1,0,0,0,0,0,0,0,1,0,0,0,0,0,0,0,0,0,0,0,1,0,0,3,0,40.0414,-75.0283, ,Philadelphia
 ,3445,2017045089,6,67,67301,2017,4,6,1807,18,1,1,0,1,1, , ,N,0,0,0,3,0,1,5,4,N,N,40 02:08.228,75 01:00.806,1826, ,1815, ,0, , , ,0, , , , , ,30907, , , ,4,4,0,0,0,0,0,0,0,0,1,0,1,0,0,0,0,1,0,0,2,1,0,0,0,0,0,0,0,0,0,0,0,0,0,3,0,40.0356,-75.0169, ,Philadelphia
 ,3446,2017033149,6,67,67301,2017,2,2,900,9,1,1,0,2,1, , ,N,1,2,0,3,0,1,3,3,N, ,40 02:10.346,75 03:51.114,905, ,900, ,0, , , ,3, , , , , ,30911, , , ,3,0,0,0,0,0,2,1,0,0,0,1,1,0,0,0,0,0,0,0,0,0,0,0,0,0,0,0,0,0,0,0,0,0,0,4,0,40.0363,-75.0643, ,Philadelphia
 ,3447,2017060530,6,67,67301,2017,5,5,1900,19,1,1,0,5,6, , ,N,0,0,0,3,0,1,1,2,N,N,40 04:42.092,75 04:19.740,1905, ,1900, ,0, , , ,0, , , , , ,30939, , , ,2,2,0,0,0,0,0,0,0,0,0,0,1,1,0,0,0,0,0,0,0,0,1,0,0,0,0,0,0,0,0,0,0,0,0,8,0,40.0784,-75.0722, ,Philadelphia
 ,3448,2017058917,6,67,67301,2017,6,1,2,0,3,1,0,4,1, , ,N,0,8,3,3,0,4,12,4,N,N,39 57:18.600,75 08:49.500,2, ,2,3,2,4,N, ,3,N, , , , ,30981, , , ,4,2,0,0,2,0,0,0,0,0,0,4,4,0,0,0,0,0,0,1,0,0,0,0,0,0,0,0,0,0,0,0,0,0,0,4,0,39.9552,-75.1471, ,Philadelphia
 ,3449,2017052401,6,67,67301,2017,5,2,1201,12,1,1,0,5,6, , ,N,0,0,0,3,0,0,2,2,N,N,39 57:14.515,75 10:06.413,1243, ,1243, ,0, ,N, ,0, , , , , ,31027, , , ,2,1,0,0,1,0,0,0,0,0,0,0,0,0,0,0,0,0,0,0,1,0,0,0,0,0,0,0,0,0,0,0,0,0,0,0,0,39.954,-75.1684, ,Philadelphia
 ,3450,2017041119,6,67,67301,2017,3,2,1505,15,1,1,0,8,1, , ,N,0,0,0,3,0,1,2,2,N,Y,39 58:53.741,75 14:43.029,1517, ,1511, ,0, ,N, ,0, , , , , ,31046, , , ,1,1,0,0,0,0,0,0,0,0,0,0,1,1,0,0,0,0,0,0,0,0,0,0,0,0,0,0,0,0,0,0,1,0,0,8,0,39.9816,-75.2453, ,Philadelphia
 ,3451,2017033056,6,67,67301,2017,2,2,835,8,1,1,0,4,1, , ,N,1,2,3,3,0,0,3,2,N,N,39 57:25.881,75 09:31.332,845, ,839, ,0, ,N, ,3, , , , , ,31057, , , ,2,2,0,0,0,0,0,0,0,0,0,0,0,0,0,0,0,0,0,0,0,0,0,0,0,0,0,0,0,0,0,0,0,0,0,0,0,39.9572,-75.1587, ,Philadelphia
 ,3452,2017028943,6,67,67301,2017,2,2,1800,18,3,1,0,4,1, , ,N,1,2,0,3,0,2,3,2,N,N,40 02:34.113,75 03:47.339,1809, ,1807,2,2,1,N, ,3,Y, , , , ,31060, , , ,2,2,0,0,0,0,0,0,0,0,0,2,2,0,0,0,0,0,1,0,0,1,0,0,0,0,0,0,0,0,0,0,0,0,0,4,0,40.0428,-75.0631, ,Philadelphia
 ,3453,2017037428,6,67,67301,2017,3,2,2219,22,3,1,0,4,1, , ,N,1,2,0,3,0,2,2,2,N, ,40 03:58.061,75 03:46.964,2330, ,2324,3,1,3, , ,3,N, , , , ,31064, , , ,2,2,0,0,0,0,0,0,0,0,0,0,2,2,0,0,0,0,0,0,0,0,0,0,0,0,0,0,0,0,0,0,0,0,0,8,0,40.0661,-75.063, ,Philadelphia
 ,3454,2017052361,6,67,67301,2017,4,5,1717,17,1,1,0,8,1, , ,N,0,0,0,3,0,1,2,2,N,N,40 03:13.064,75 05:30.003,1717, ,1717,1,2,5,N, ,0,Y, , , , ,31068, , , ,1,0,0,0,0,0,0,1,0,0,0,1,1,0,0,0,0,0,0,0,1,0,0,0,0,0,0,0,0,0,0,0,1,0,0,4,0,40.0536,-75.0917, ,Philadelphia
 ,3455,2017052138,6,67,67301,2017,4,1,1342,13,1,1,0,8,1, , ,N,0,0,0,3,0,1,2,2,N,N,39 59:43.479,75 09:57.472,1352, ,1350, ,0, ,N, ,0, , , , , ,31069, , , ,1,1,0,0,0,0,0,0,0,0,0,0,1,1,0,0,0,0,0,0,0,0,0,0,0,0,0,0,0,0,0,0,1,0,0,8,0,39.9954,-75.166, ,Philadelphia
 ,3456,2017066479,6,67,67301,2017,6,4,610,6,1,1,0,1,1, , ,N,0,0,0,3,0,1,2,2,N,N,39 57:34.515,75 10:31.898,626, ,613,1,1,4, , ,0,N, , , , ,31079, , , ,2,1,0,0,0,0,1,0,0,0,0,1,1,0,0,0,0,0,0,0,1,0,0,0,0,0,0,0,0,0,0,0,0,0,0,4,0,39.9595,-75.175, ,Philadelphia
 ,3457,2017052320,6,67,67301,2017,4,6,749,7,1,2,1,5,6, , ,N,0,0,0,3,0,1,1,2,N,N,40 02:24.831,75 07:22.306,920, ,912, ,0, ,N, ,0, , , , , ,34841, , , ,2,2,0,0,0,0,0,0,0,0,0,1,1,0,0,0,0,0,0,0,0,0,0,0,0,0,0,0,0,0,0,0,0,0,0,4,0,40.0402,-75.1229, ,Philadelphia
 ,3458,2017014099,6,67,67301,2017,1,5,623,6,5,1,1,8,1, , ,N,0,0,0,3,0,1,2,2,N,N,40 02:24.273,75 10:37.754,626, ,623, ,0, ,N, ,0, , , , , ,34848, , , ,1,0,0,0,0,0,1,0,0,0,0,1,1,0,0,0,0,0,0,0,0,0,0,0,0,0,0,0,0,0,0,0,1,0,0,4,0,40.0401,-75.1772, ,Philadelphia
 ,3459,2017057885,6,67,67301,2017,6,5,1227,12,1,1,0,5,1, , ,N,0,0,0,3,0,0,3,2,N,N,39 52:42.676,75 14:59.531,1252, ,1232, ,0, , , ,0, , , , , ,34882, , , ,2,1,0,0,0,0,1,0,0,0,0,0,0,0,0,0,0,0,0,0,0,2,0,0,0,0,0,0,0,0,0,0,0,0,0,0,0,39.8785,-75.2499, ,Philadelphia
 ,3460,2017067576,6,67,67301,2017,6,6,941,9,1,1,0,1,1, , ,N,0,0,0,3,0,2,3,3,N,N,39 57:35.836,75 10:42.345,957, ,947, ,0, , , ,0, , , , , ,34889, , , ,3,1,0,0,0,0,1,0,0,0,0,0,2,2,0,0,0,0,0,0,0,0,1,0,0,0,0,0,0,0,0,0,0,0,0,8,0,39.9598,-75.1774, ,Philadelphia
 ,3461,2017067997,6,67,67301,2017,6,1,1040,10,1,1,0,8,1, , ,N,1,2,0,3,0,1,2,2,N,N,39 59:29.818,75 08:10.215,1049, ,1041, ,0, ,N, ,3, , , , , ,34890, , , ,1,0,0,0,0,0,0,0,0,0,0,1,1,0,0,0,0,0,0,0,0,0,0,0,0,0,0,0,0,0,0,0,1,0,0,4,0,39.9915,-75.1361, ,Philadelphia
 ,3462,2017007800,6,67,67301,2017,1,3,1138,11,1,2,1,3,1, , ,N,3,0,0,3,0,0,2,2,N,N,39 58:06.261,75 10:05.923,1153, ,1142, ,0, ,N, ,0, , , , , ,34909, , , ,2,1,0,0,1,0,0,0,0,0,0,0,0,0,1,0,0,0,0,0,1,0,0,0,0,0,0,0,0,0,0,0,0,0,0,9,0,39.9684,-75.1683, ,Philadelphia
 ,3463,2017028809,6,67,67301,2017,2,5,1720,17,3,1,0,4,1, , ,N,2,3,0,3,0,2,2,2,N,N,40 02:12.595,75 10:18.695,1930, ,1930, ,0, ,N, ,3, , , , , ,35006, , , ,2,1,0,0,0,0,1,0,0,0,0,0,2,2,0,0,0,0,0,0,0,0,0,0,0,0,0,0,0,0,0,0,0,0,0,8,0,40.0368,-75.1719, ,Philadelphia
 ,3464,2017035681,6,67,67301,2017,3,2,710,7,1,1,0,7,5, , ,N,2,0,0,3,0,1,2,1,N, ,39 56:11.407,75 09:47.664,726, ,720,1,1,2, , ,0,N, , , , ,35011, , , ,1,1,0,0,0,0,0,0,0,0,0,1,1,0,0,0,0,0,0,0,0,0,0,2,0,0,0,0,0,0,0,0,0,0,0,4,0,39.9365,-75.1632, ,Philadelphia
 ,3465,2017041412,6,67,67301,2017,4,2,1025,10,1,1,0,4,1, , ,N,1,2,0,3,0,1,3,2,N,N,39 59:46.111,75 08:49.516,1035, ,1030, ,0, , , ,3, , , , , ,35019, , , ,2,1,0,0,0,0,0,1,0,0,0,1,1,0,0,0,0,0,0,0,1,0,0,2,0,0,0,0,0,0,0,0,0,0,0,4,0,39.9961,-75.1471, ,Philadelphia
 ,3466,2017037456,6,67,67301,2017,3,4,1430,14,1,1,0,8,1, , ,N,0,0,0,3,0,1,2,2,N, ,40 03:01.682,75 05:41.108,1526, ,1515, ,0, , , ,0, , , , , ,35025, , , ,1,0,0,0,0,0,1,0,0,0,0,1,1,0,1,0,0,0,0,0,0,0,0,0,0,0,0,0,0,0,0,0,1,0,0,4,0,40.0505,-75.0948, ,Philadelphia