wz_ln_closure,objectid_1,crn,district,county,municipality,crash_year,crash_month,day_of_week,time_of_day,hour_of_day,illumination,weather,road_condition,collision_type,relation_to_road,work_zone_type,work_zone_loc,work_zone_ind,intersect_type,tcd_type,location_type,urban_rural,fatal_count,injury_count,person_count,total_units,sch_bus_ind,sch_zone_ind,latitude,longitude,arrival_tm,cons_zone_spd_lim,dispatch_tm,est_hrs_closed,lane_closed,ln_close_dir,ntfy_hiwy_maint,spec_juris_cd,tcd_func_cd,tfc_detour_ind,workers_pres,wz_close_detour,wz_flagger,wz_law_offcr_ind,objectid,wz_moving,wz_other,wz_shlder_mdn,vehicle_count,automobile_count,motorcycle_count,bus_count,small_truck_count,heavy_truck_count,suv_count,van_count,bicycle_count,maj_inj_count,mod_inj_count,min_inj_count,tot_inj_count,unk_inj_deg_count,unk_inj_per_count,driver_count_16yr,driver_count_17yr,driver_count_18yr,driver_count_19yr,driver_count_20yr,driver_count_50_64yr,driver_count_65_74yr,driver_count_75plus,unbelted_occ_count,unb_death_count,unb_maj_inj_count,belted_death_count,belted_maj_inj_count,mcycle_death_count,mcycle_maj_inj_count,bicycle_death_count,bicycle_maj_inj_count,ped_count,ped_death_count,ped_maj_inj_count,max_severity_level,comm_veh_count,dec_lat,dec_long,rdwy_surf_type_cd,county_name
 ,3532,2017007856,6,67,67301,2017,1,1,306,3,3,1,0,4,1, , ,N,1,2,0,3,0,2,2,2,N,N,40 01:28.408,75 07:50.218,307, ,307,2,1,2,N, ,3,N, , , , ,35133, , , ,2,2,0,0,0,0,0,0,0,0,0,0,2,2,0,0,0,0,0,0,0,0,0,1,0,0,0,0,0,0,0,0,0,0,0,8,0,40.0246,-75.1306, ,Philadelphia
 ,3533,2017013985,6,67,67301,2017,1,3,1724,17,4,1,1,1,1, , ,N,1,2,0,3,0,0,2,2,N,N,39 56:28.421,75 12:33.849,1828, ,1822, ,0, ,N, ,3, , , , , ,35146, , , ,2,1,0,0,1,0,0,0,0,0,0,0,0,0,0,0,0,0,0,0,0,0,0,0,0,0,0,0,0,0,0,0,0,0,0,0,0,39.9412,-75.2094, ,Philadelphia
 ,3534,2017021526,6,67,67301,2017,2,6,1420,14,1,1,0,7,4, , ,N,0,0,0,3,0,1,1,2,N,N,39 58:10.531,75 11:10.891,1525, ,1516, ,0, , , ,0, , , , , ,35163, , , ,1,1,0,0,0,0,0,0,0,0,0,1,1,0,0,0,0,0,0,0,0,0,0,0,0,0,0,0,0,0,0,0,0,0,0,4,0,39.9696,-75.1864, ,Philadelphia
 ,3535,2017021523,6,67,67301,2017,2,6,827,8,1,8,6,1,1, , ,N,2,2,0,3,0,0,3,2,N, ,39 59:58.649,75 11:26.101,838, ,830,2,1,2, , ,3,N, , , , ,35166, , , ,2,2,0,0,0,0,0,0,0,0,0,0,0,0,3,0,0,0,0,0,0,1,1,0,0,0,0,0,0,0,0,0,0,0,0,9,0,39.9996,-75.1905, ,Philadelphia
 ,3536,2017037401,6,67,67301,2017,3,5,712,7,1,1,0,5,6, , ,N,0,0,0,3,0,2,2,3,N,N,39 59:04.592,75 06:59.184,750, ,738, ,0, ,N, ,0, , , , , ,35170, , , ,3,3,0,0,0,0,0,0,0,0,0,2,2,0,0,0,0,0,0,0,0,0,0,0,0,0,0,0,0,0,0,0,0,0,0,4,0,39.9846,-75.1164, ,Philadelphia
 ,3537,2017007862,6,67,67301,2017,1,3,2320,23,6,2,1,4,9, , ,N,1,9,0,3,0,2,2,2,N,N,39 56:31.419,75 12:42.235,2349, ,2346, ,0, ,N, ,9, , , , , ,35191, , , ,2,2,0,0,0,0,0,0,0,0,1,0,2,1,0,0,0,0,0,0,1,0,0,0,0,0,0,0,0,0,0,0,0,0,0,3,0,39.9421,-75.2117, ,Philadelphia
 ,3538,2017023249,6,67,67301,2017,2,6,1345,13,1,1,0,1,1, , ,N,0,0,0,3,0,1,3,3,N,N,39 58:33.626,75 11:43.345,1401, ,1350, ,0, , , ,0, , , , , ,35196, , , ,3,2,0,0,0,1,0,0,0,0,1,0,1,0,0,0,0,0,0,0,1,0,0,0,0,0,0,0,0,0,0,0,0,0,0,3,1,39.976,-75.1954, ,Philadelphia
 ,3539,2017043813,6,67,67301,2017,4,1,2352,23,3,1,0,8,1, , ,N,1,2,0,3,0,1,2,2,N,N,39 54:58.016,75 14:20.319,1228, ,1228, ,0, ,N, ,3, , , , , ,35219, , , ,1,1,0,0,0,0,0,0,0,0,0,0,1,1,0,0,0,0,0,0,0,0,0,1,0,0,0,0,0,0,0,0,1,0,0,8,0,39.9161,-75.239, ,Philadelphia
 ,3540,2017041389,6,67,67301,2017,3,6,1314,13,1,2,1,4,1, , ,N,1,2,0,3,0,3,3,3,N, ,39 54:33.787,75 09:40.120,1325, ,1319,1,1,4, , ,3,N, , , , ,35249, , , ,3,3,0,0,0,0,0,0,0,0,0,3,3,0,0,0,0,0,0,0,2,0,0,0,0,0,0,0,0,0,0,0,0,0,0,4,0,39.9094,-75.1611, ,Philadelphia
 ,3541,2017043878,6,67,67301,2017,4,2,1001,10,1,2,1,4,1, , ,N,1,2,0,3,0,1,4,2,N,N,39 58:44.957,75 08:14.888,1002, ,1002,9,1,2,N, ,3,N, , , , ,35254, , , ,1,1,0,0,0,0,0,0,1,0,0,1,1,0,0,0,0,0,0,0,0,0,0,0,0,0,0,0,0,0,0,0,0,0,0,4,0,39.9792,-75.1375, ,Philadelphia
 ,3542,2017046287,6,67,67301,2017,4,3,1302,13,1,1,0,7,3, , ,N,0,0,3,3,0,0,3,1,N,N,39 54:54.200,75 11:23.800,1308, ,1302,1,1,3,N, ,0,N, , , , ,35257, , , ,1,1,0,0,0,0,0,0,0,0,0,0,0,0,0,1,0,0,0,0,0,0,0,0,0,0,0,0,0,0,0,0,0,0,0,0,0,39.9151,-75.1899, ,Philadelphia
 ,3543,2017060590,6,67,67301,2017,5,7,743,7,1,2,1,5,6, , ,N,0,0,0,3,0,1,1,4,N, ,39 59:27.805,75 08:15.266,809, ,808, ,0, , , ,0, , , , , ,35263, , , ,4,4,0,0,0,0,0,0,0,0,0,1,1,0,0,0,0,0,0,0,0,0,0,0,0,0,0,0,0,0,0,0,0,0,0,4,0,39.9911,-75.1376, ,Philadelphia
 ,3544,2017071326,6,67,67301,2017,5,5,2309,23,3,1,0,8,1, , ,N,2,0,0,3,1,0,2,2,N,N,40 02:03.055,75 12:57.567,2309, ,2309, ,0, ,N,0,0, , , , , ,35273, , , ,1,0,0,0,0,0,1,0,0,0,0,0,0,0,0,0,0,0,0,0,1,0,0,1,0,0,0,0,0,0,0,0,1,1,0,1,0,40.0341,-75.2159,2,Philadelphia
 ,3545,2017070421,6,67,67301,2017,6,7,2050,20,3,2,1,1,1, , ,N,0,0,0,3,0,1,4,2,N,N,39 56:42.316,75 09:38.779,2102, ,2058, ,0, ,N, ,0, , , , , ,35274, , , ,2,1,0,0,0,0,0,1,0,0,0,0,1,1,0,0,0,0,0,0,2,0,0,0,0,0,0,0,0,0,0,0,0,0,0,8,0,39.9451,-75.1608, ,Philadelphia
 ,3546,2017007857,6,67,67301,2017,1,3,2000,20,3,2,1,1,6, , ,N,0,0,0,3,0,2,3,2,N,N,40 00:08.390,75 09:58.140,2000, ,2000, ,0, ,N, ,0, , , , , ,35285, , , ,2,1,0,0,1,0,0,0,0,0,0,2,2,0,0,0,0,1,0,0,0,0,0,3,0,0,0,0,0,0,0,0,0,0,0,4,0,40.0023,-75.1662, ,Philadelphia
 ,3547,2017053356,6,67,67301,2017,5,3,1556,15,1,1,0,1,1, , ,N,0,0,0,3,0,1,3,2,N,N,39 59:55.781,75 04:51.382,1607, ,1556, ,0, , , ,0, , , , , ,38739, , , ,2,1,0,0,0,0,1,0,0,0,0,0,1,1,0,0,0,0,0,0,0,0,0,0,0,0,0,0,0,0,0,0,0,0,0,8,0,39.9988,-75.0809, ,Philadelphia
 ,3548,2017009569,6,67,67301,2017,1,1,451,4,3,2,1,7,2, , ,N,6,0,2,3,0,0,1,1,N,N,40 00:12.647,75 04:38.645,517, ,451,1,1,2, , ,0,Y, , , , ,38749, , , ,1,1,0,0,0,0,0,0,0,0,0,0,0,0,0,0,0,0,0,0,0,0,0,0,0,0,0,0,0,0,0,0,0,0,0,0,0,40.0035,-75.0774, ,Philadelphia
 ,3549,2017007888,6,67,67301,2017,1,3,1729,17,3,2,1,8,1, , ,N,1,2,0,3,0,1,2,2,N, ,40 00:43.542,75 06:43.855,1734, ,1729, ,0, , , ,3, , , , , ,38750, , , ,1,1,0,0,0,0,0,0,0,0,0,1,1,0,0,0,0,0,0,0,1,0,0,0,0,0,0,0,0,0,0,0,1,0,0,4,0,40.0121,-75.1122, ,Philadelphia
 ,3550,2017007419,6,67,67301,2017,1,7,2019,20,3,1,0,5,1, , ,N,0,0,0,3,0,2,4,2,N,N,39 58:10.536,75 07:35.853,2029, ,2026,1,2,2, , ,0,N, , , , ,38753, , , ,2,2,0,0,0,0,0,0,0,0,2,0,2,0,1,0,0,0,0,0,1,0,0,0,0,0,0,0,0,0,0,0,0,0,0,3,0,39.9696,-75.1266, ,Philadelphia
 ,3551,2017041390,6,67,67301,2017,3,3,9999,99,1,1,0,4,1, , ,N,3,3,2,3,0,1,3,2,N,N,40 00:53.509,75 12:23.760,9999, ,9999, ,0, ,N, ,3, , , , , ,38764, , , ,2,1,0,0,1,0,0,0,0,0,0,0,1,1,1,0,0,0,0,0,1,0,0,1,0,0,0,0,0,0,0,0,0,0,0,8,0,40.0149,-75.2066, ,Philadelphia
 ,3552,2017010654,6,67,67301,2017,1,5,51,0,3,1,0,4,1, , ,N,2,0,0,3,0,0,4,2,N,N,39 57:33.843,75 13:29.951,51, ,51, ,0, ,N, ,0, , , , , ,38801, , , ,2,2,0,0,0,0,0,0,0,0,0,0,0,0,0,0,0,0,0,1,0,0,0,0,0,0,0,0,0,0,0,0,0,0,0,0,0,39.9594,-75.225, ,Philadelphia
 ,3553,2017033054,6,67,67301,2017,2,2,1825,18,3,1,0,4,1, , ,N,1,2,0,3,0,1,2,2,N, ,40 02:32.725,75 04:57.598,1851, ,1844, ,0, , , ,3, , , , , ,38819, , , ,2,0,0,0,0,0,0,1,0,0,0,1,1,0,0,0,0,0,0,0,1,0,0,0,0,0,0,0,0,0,0,0,0,0,0,4,0,40.0424,-75.0827, ,Philadelphia
 ,3554,2017028959,6,67,67301,2017,2,2,2209,22,3,1,0,7,4, , ,N,0,0,7,3,0,1,1,1,N,N,39 58:06.299,75 12:38.970,2210, ,2210, ,0, ,N, ,0, , , , , ,38820, , , ,1,1,0,0,0,0,0,0,0,0,0,1,1,0,0,0,0,0,0,0,0,0,0,1,0,0,0,0,0,0,0,0,0,0,0,4,0,39.9684,-75.2108, ,Philadelphia
 ,3555,2017052250,6,67,67301,2017,4,4,1020,10,1,1,0,1,1, , ,N,0,2,0,3,0,1,2,2,N,N,40 04:20.284,75 14:32.157,1025, ,1021, ,0, ,N, ,3, , , , , ,38831, , , ,2,1,0,0,0,0,1,0,0,0,0,1,1,0,0,0,0,0,0,0,1,0,0,0,0,0,0,0,0,0,0,0,0,0,0,4,0,40.0723,-75.2423, ,Philadelphia
 ,3556,2017045781,6,67,67301,2017,4,6,1724,17,1,1,0,5,1, , ,N,2,2,0,3,0,0,2,2,N,N,39 59:43.202,75 14:20.403,1729, ,1724, ,0, , , ,3, , , , , ,38832, , , ,2,2,0,0,0,0,0,0,0,0,0,0,0,0,0,0,0,0,0,0,0,0,0,0,0,0,0,0,0,0,0,0,0,0,0,0,0,39.9953,-75.239, ,Philadelphia
 ,3557,2017061921,6,67,67301,2017,5,4,1945,19,4,1,0,1,1, , ,N,0,0,3,3,0,0,2,2,N,N,39 58:00.699,75 08:02.398,1947, ,1945, ,0, , , ,0, , , , , ,38840, , , ,2,1,0,0,0,0,1,0,0,0,0,0,0,0,0,0,0,0,0,1,0,0,1,0,0,0,0,0,0,0,0,0,0,0,0,0,0,39.9669,-75.134, ,Philadelphia
 ,3558,2017041227,6,67,67301,2017,3,6,2104,21,3,2,1,8,1, , ,N,1,2,0,3,0,1,2,2,N,N,39 57:22.107,75 12:22.856,2225, ,2222, ,0, ,N, ,3, , , , , ,38868, , , ,1,1,0,0,0,0,0,0,0,0,1,0,1,0,0,0,0,0,0,0,1,0,0,0,0,0,0,0,0,0,0,0,1,0,0,3,0,39.9561,-75.2064, ,Philadelphia
 ,3559,2017035683,6,67,67301,2017,3,6,44,0,3,1,0,4,1, , ,N,1,2,0,3,0,1,2,2,N, ,40 02:08.240,75 04:13.971,45, ,44, ,0, , , ,3, , , , , ,38877, , , ,2,0,0,0,0,0,2,0,0,0,0,1,1,0,0,0,0,0,0,0,1,0,0,0,0,0,0,0,0,0,0,0,0,0,0,4,0,40.0356,-75.0705, ,Philadelphia
 ,3560,2017060589,6,67,67301,2017,5,6,647,6,1,1,0,4,1, , ,N,1,2,0,3,0,1,2,2,N, ,39 58:36.732,75 08:36.697,653, ,652,2,1,1, , ,3,Y, , , , ,38890, , , ,2,2,0,0,0,0,0,0,0,0,0,1,1,0,0,0,0,0,0,0,0,0,0,0,0,0,0,0,0,0,0,0,0,0,0,4,0,39.9769,-75.1435, ,Philadelphia
 ,3561,2017014010,6,67,67301,2017,1,6,2030,20,3,1,0,1,1, , ,N,0,0,0,3,0,0,2,2,N, ,39 54:23.315,75 11:37.860,2105, ,2058, ,0, , , ,0, , , , , ,38903, , , ,2,0,0,0,0,0,2,0,0,0,0,0,0,0,2,0,0,0,0,0,0,0,0,0,0,0,0,0,0,0,0,0,0,0,0,9,0,39.9065,-75.1939, ,Philadelphia
 ,3562,2017035670,6,67,67301,2017,3,2,1855,18,3,1,0,5,1, , ,N,1,2,0,3,0,0,2,2,N,N,40 02:50.960,75 08:34.014,1941, ,1238, ,0, , , ,3, , , , , ,38913, , , ,2,1,0,0,0,1,0,0,0,0,0,0,0,0,0,0,0,0,0,0,1,0,0,2,0,0,0,0,0,0,0,0,0,0,0,0,1,40.0475,-75.1428, ,Philadelphia
 ,3563,2017021487,6,67,67301,2017,2,7,1020,10,1,1,0,1,1, , ,N,0,2,0,3,0,1,5,2,N,N,39 57:07.291,75 10:57.311,1033, ,1023, ,0, ,N, ,3, , , , , ,38924, , , ,2,1,0,0,0,0,1,0,0,0,0,1,1,0,0,0,0,0,0,0,1,0,0,0,0,0,0,0,0,0,0,0,0,0,0,4,0,39.952,-75.1826, ,Philadelphia
 ,3564,2017052097,6,67,67301,2017,4,3,1905,19,4,1,0,4,1, , ,N,0,0,0,3,0,1,2,2,N, ,39 55:10.210,75 14:24.709,1905, ,1905,1,1,4, , ,0,N, , , , ,38933, , , ,1,0,0,0,0,0,1,0,1,0,0,0,1,1,0,0,0,0,0,0,0,0,0,1,0,0,0,0,0,0,0,0,0,0,0,8,0,39.9195,-75.2402, ,Philadelphia
 ,3565,2017014041,6,67,67301,2017,1,5,1455,14,1,1,0,5,1, , ,N,0,0,0,3,0,1,4,2,N,N,39 55:30.835,75 14:04.977,1455, ,1455, ,0, ,N, ,0, , , , , ,27773, , , ,2,2,0,0,0,0,0,0,0,0,0,1,1,0,0,0,0,0,1,0,1,0,0,0,0,0,0,0,0,0,0,0,0,0,0,4,0,39.9252,-75.2347, ,Philadelphia
 ,3566,2017038453,6,67,67301,2017,4,4,1829,18,1,1,0,4,1, , ,N,1,1,0,3,0,2,3,3,N,N,39 58:33.009,75 09:30.309,1831, ,1830,1,1,1,N, ,3,N, , , , ,27777, , , ,3,3,0,0,0,0,0,0,0,0,1,1,2,0,0,0,0,0,0,0,0,0,0,0,0,0,0,0,0,0,0,0,0,0,0,3,0,39.9758,-75.1584, ,Philadelphia
 ,3567,2017041205,6,67,67301,2017,3,1,1040,10,1,1,0,4,1, , ,N,1,0,0,3,0,1,5,2,N,N,39 57:31.363,75 09:43.712,1100, ,1048, ,0, ,N, ,0, , , , , ,27785, , , ,2,2,0,0,0,0,0,0,0,0,1,0,1,0,0,0,0,0,0,0,1,0,0,0,0,0,0,0,0,0,0,0,0,0,0,3,0,39.9587,-75.1621, ,Philadelphia
 ,3568,2017097159,6,67,67301,2017,9,7,2334,23,2,1,0,1,1, , ,N,0,0,0,3,0,0,2,2,N,N,39 54:04.788,75 09:09.467,2345, ,2336, ,0, , , ,0, , , , , ,27819, , , ,2,2,0,0,0,0,0,0,0,0,0,0,0,0,0,0,0,0,0,0,0,1,0,0,0,0,0,0,0,0,0,0,0,0,0,0,0,39.9013,-75.1526, ,Philadelphia
 ,3569,2017091840,6,67,67301,2017,8,4,2015,20,4,1,0,4,1, , ,N,1,2,0,3,0,1,2,2,N,N,40 02:43.859,75 05:17.937,2022, ,2017,1,1,3,N, ,3,N, , , , ,27821, , , ,2,2,0,0,0,0,0,0,0,0,0,0,1,1,0,0,0,0,0,2,0,0,0,0,0,0,0,0,0,0,0,0,0,0,0,8,0,40.0455,-75.0883, ,Philadelphia
 ,3570,2017092643,6,67,67301,2017,9,5,1621,16,1,1,0,1,1, , ,N,0,0,0,3,0,1,2,2,N,N,39 56:26.102,75 08:35.252,1630, ,1629, ,0, , , ,0, , , , , ,27823, , , ,2,1,0,0,0,0,1,0,0,0,1,0,1,0,0,0,0,0,1,0,0,0,0,0,0,0,0,0,0,0,0,0,0,0,0,3,0,39.9406,-75.1431, ,Philadelphia
 ,3571,2017086206,6,67,67301,2017,7,1,805,8,1,1,0,4,1, , ,N,1,2,0,3,0,0,2,4,N, ,39 56:16.587,75 13:51.996,820, ,812, ,0, , , ,3, , , , , ,27824, , , ,4,2,0,0,0,0,1,1,0,0,0,0,0,0,0,0,0,0,0,0,0,0,0,0,0,0,0,0,0,0,0,0,0,0,0,0,0,39.9379,-75.2311, ,Philadelphia
 ,3572,2017091690,6,67,67301,2017,8,6,1309,13,1,1,0,4,1, , ,N,0,0,0,3,0,1,2,2,N,N,39 56:51.097,75 14:00.808,1322, ,1315, ,0, , , ,0, , , , , ,27825, , , ,1,0,0,0,0,0,0,1,1,0,0,1,1,0,0,0,0,0,0,0,0,0,0,1,0,0,0,0,0,0,0,0,0,0,0,4,0,39.9475,-75.2336, ,Philadelphia
 ,3573,2017105914,6,67,67301,2017,9,3,1247,12,1,1,0,1,1, , ,N,0,0,0,3,0,1,4,3,N, ,40 01:10.565,75 03:19.793,1249, ,1249, ,0, , , ,0, , , , , ,27836, , , ,3,2,0,0,0,0,1,0,0,0,0,1,1,0,0,0,0,0,0,0,0,0,0,3,0,0,0,0,0,0,0,0,0,0,0,4,0,40.0196,-75.0555, ,Philadelphia
 ,3574,2017096539,6,67,67301,2017,8,5,2015,20,3,1,0,8,1, , ,N,1,2,0,3,0,1,3,2,N,N,40 01:26.350,75 09:34.481,2022, ,2018, ,0, , , ,3, , , , , ,27841, , , ,1,1,0,0,0,0,0,0,0,0,0,1,1,0,0,0,0,0,0,0,0,0,0,0,0,0,0,0,0,0,0,0,1,0,0,4,0,40.024,-75.1596, ,Philadelphia
 ,3575,2017109748,6,67,67301,2017,10,4,845,8,1,1,0,8,1, , ,N,0,0,0,3,1,0,2,2,N,N,39 56:10.086,75 08:31.518,900, ,852,2,2,1,N,0,0,N, , , , ,27846, , , ,1,0,0,0,0,0,0,1,0,0,0,0,0,0,0,0,0,0,0,0,0,0,0,0,0,0,0,0,0,0,0,0,1,1,0,1,0,39.9361,-75.1421,2,Philadelphia
 ,3576,2017014126,6,67,67301,2017,1,3,1626,16,1,1,0,1,1, , ,N,0,0,0,3,0,1,3,2,N,N,40 02:13.227,75 00:48.159,1650, ,1638,1,1,1, , ,0,N, , , , ,27857, , , ,2,0,0,0,0,0,2,0,0,0,1,0,1,0,0,0,0,0,0,0,0,0,0,0,0,0,0,0,0,0,0,0,0,0,0,3,0,40.037,-75.0134, ,Philadelphia
 ,3577,2017019163,6,67,67301,2017,1,6,1725,17,3,1,0,4,1, , ,N,1,2,0,3,0,0,4,2,N,N,40 02:40.890,75 03:16.537,1740, ,1731, ,0, ,N, ,3, , , , , ,27862, , , ,2,1,0,0,0,0,0,1,0,0,0,0,0,0,0,0,0,0,0,0,0,0,0,0,0,0,0,0,0,0,0,0,0,0,0,0,0,40.0446,-75.0547, ,Philadelphia
 ,3578,2017028923,6,67,67301,2017,2,1,2330,23,3,1,0,1,6, , ,N,0,0,0,3,0,0,1,3,N,N,40 01:27.152,75 08:44.689,2350, ,2345, ,0, , , ,0, , , , , ,27875, , , ,3,0,0,0,0,0,1,0,0,0,0,0,0,0,0,0,0,1,0,0,0,0,0,0,0,0,0,0,0,0,0,0,0,0,0,0,0,40.0242,-75.1457, ,Philadelphia
 ,3579,2017043881,6,67,67301,2017,4,5,1220,12,1,1,0,4,1, , ,N,2,0,0,3,0,1,2,2,N,N,39 58:13.703,75 09:05.400,1300, ,1255, ,0, ,N, ,0, , , , , ,27919, , , ,2,1,0,0,1,0,0,0,0,0,0,0,1,1,0,0,0,0,0,0,0,0,0,0,0,0,0,0,0,0,0,0,0,0,0,8,0,39.9705,-75.1515, ,Philadelphia
 ,3580,2017028786,6,67,67301,2017,2,3,940,9,1,1,0,5,1, , ,N,1,3,0,3,0,2,2,3,N,N,40 00:30.196,75 09:47.217,1019, ,1019, ,0, ,N, ,3, , , , , ,27921, , , ,3,3,0,0,0,0,0,0,0,0,0,2,2,0,0,0,0,0,0,0,1,0,0,0,0,0,0,0,0,0,0,0,0,0,0,4,0,40.0084,-75.1631, ,Philadelphia
 ,3581,2017052164,6,67,67301,2017,4,4,1245,12,1,1,0,1,1, , ,N,0,2,0,3,0,3,4,2,N,N,39 57:44.622,75 12:56.036,1335, ,1331, ,0, ,N, ,3, , , , , ,27942, , , ,2,2,0,0,0,0,0,0,0,0,0,0,3,3,1,0,0,0,0,0,0,0,0,0,0,0,0,0,0,0,0,0,0,0,0,8,0,39.9624,-75.2156, ,Philadelphia
 ,3582,2017055581,6,67,67301,2017,4,1,1648,16,1,1,0,0,1, , ,N,1,0,0,3,0,1,1,1,N, ,40 03:08.005,75 03:21.585,1650, ,1650, ,0, , , ,0, , , , , ,27943, , , ,1,0,1,0,0,0,0,0,0,0,0,1,1,0,0,0,0,0,1,0,0,0,0,0,0,0,0,0,0,0,0,0,0,0,0,4,0,40.0522,-75.056, ,Philadelphia
 ,3583,2017049647,6,67,67301,2017,4,1,335,3,3,1,0,1,1, , ,N,0,0,0,3,0,3,5,3,N,N,39 57:36.309,75 10:46.387,345, ,337,1,1,4, , ,0,N, , , , ,31256, , , ,3,2,0,0,0,0,0,0,0,0,3,0,3,0,1,0,0,0,0,0,0,0,0,0,0,0,0,0,0,0,0,0,0,0,0,3,0,39.9601,-75.1796, ,Philadelphia
 ,3584,2017052921,6,67,67301,2017,5,5,1952,19,3,1,0,7,2, , ,N,0,0,2,3,0,0,1,1,N,N,40 01:26.038,75 01:51.494,2056, ,2055, ,0, , , ,0, , , , , ,31274, , , ,1,1,0,0,0,0,0,0,0,0,0,0,0,0,1,0,0,0,0,0,0,0,0,0,0,0,0,0,0,0,0,0,0,0,0,9,0,40.0242,-75.0308, ,Philadelphia
 ,3585,2017060725,6,67,67301,2017,5,2,1815,18,1,2,1,5,1, , ,N,0,0,0,3,0,0,4,4,N, ,39 57:58.872,75 08:45.381,1830, ,1830, ,0, , , ,0, , , , , ,31323, , , ,4,3,0,0,0,0,1,0,0,0,0,0,0,0,1,0,0,0,0,0,1,0,0,0,0,0,0,0,0,0,0,0,0,0,0,9,0,39.9664,-75.1459, ,Philadelphia
 ,3586,2017021584,6,67,67301,2017,2,1,1730,17,3,1,1,4,1, , ,N,1,3,0,3,0,1,4,3,N,N,40 00:02.530,75 08:00.466,1733, ,1732,1,2,4,N, ,3,N, , , , ,31354, , , ,3,3,0,0,0,0,0,0,0,0,0,0,1,1,0,0,0,0,0,0,1,0,0,4,0,0,0,0,0,0,0,0,0,0,0,8,0,40.0007,-75.1335, ,Philadelphia
 ,3587,2017037511,6,67,67301,2017,3,6,9999,99,1,4,3,3,1, , ,N,1,3,0,3,0,0,4,3,N,N,39 56:25.083,75 08:45.110,1205, ,1152,4,2,3, , ,3,Y, , , , ,31358, , , ,3,1,0,0,1,0,0,1,0,0,0,0,0,0,1,0,0,0,0,0,1,2,0,0,0,0,0,0,0,0,0,0,0,0,0,9,0,39.9403,-75.1459, ,Philadelphia
 ,3588,2017058355,6,67,67301,2017,5,1,1427,14,1,1,0,4,1, , ,N,2,0,0,3,0,2,3,2,N,N,40 01:33.178,75 06:30.527,1514, ,1507,2,1,3, , ,0,Y, , , , ,31372, , , ,2,1,0,0,0,0,1,0,0,0,0,2,2,0,0,0,0,0,0,0,0,0,0,1,0,0,0,0,0,0,0,0,0,0,0,4,0,40.0259,-75.1085, ,Philadelphia
 ,3589,2017010591,6,67,67301,2017,1,7,2355,23,3,4,5,7,4, , ,N,0,0,0,3,0,0,1,1,N, ,39 59:55.251,75 08:49.387,2356, ,2356, ,0, ,Y, ,0, , , , , ,31380, , , ,1,0,0,0,0,0,1,0,0,0,0,0,0,0,0,0,0,0,0,0,0,0,0,0,0,0,0,0,0,0,0,0,0,0,0,0,0,39.9987,-75.1471, ,Philadelphia
 ,3590,2017013962,6,67,67301,2017,1,1,9999,99,5,1,0,1,1, , ,N,0,0,0,3,0,0,1,3,N,N,39 57:50.040,75 14:10.525,735, ,630, ,0, ,N, ,0, , , , , ,31386, , , ,3,2,0,0,0,0,1,0,0,0,0,0,0,0,0,0,0,0,0,0,0,0,0,1,0,0,0,0,0,0,0,0,0,0,0,0,0,39.9639,-75.2363, ,Philadelphia
 ,3591,2017043843,6,67,67301,2017,4,7,1955,19,4,1,0,6,1, , ,N,0,0,0,3,0,1,2,2,N,N,40 00:04.501,75 06:00.040,2140, ,2136, ,0, ,N, ,0, , , , , ,31396, , , ,2,0,1,0,0,0,1,0,0,0,0,0,1,1,0,0,0,0,0,1,0,0,0,0,0,0,0,0,0,0,0,0,0,0,0,8,0,40.0012,-75.1, ,Philadelphia
 ,3592,2017021517,6,67,67301,2017,2,4,2250,22,3,1,0,1,1, , ,N,1,1,0,3,0,0,2,2,N,N,40 00:46.713,75 07:09.797,2300, ,2254, ,0, ,N, ,3, , , , , ,31404, , , ,2,2,0,0,0,0,0,0,0,0,0,0,0,0,0,0,0,1,0,0,0,0,0,0,0,0,0,0,0,0,0,0,0,0,0,0,0,40.013,-75.1194, ,Philadelphia
 ,3593,2017041174,6,67,67301,2017,3,7,1425,14,1,1,0,1,1, , ,N,1,2,0,3,0,1,2,2,N,N,39 57:18.553,75 11:53.991,1435, ,1430, ,0, ,N, ,3, , , , , ,31443, , , ,2,2,0,0,0,0,0,0,0,0,0,0,1,1,0,0,0,0,0,0,0,0,0,0,0,0,0,0,0,0,0,0,0,0,0,8,0,39.9552,-75.1983, ,Philadelphia
 ,3594,2017019947,6,67,67301,2017,2,7,1557,15,1,1,0,8,1, , ,N,0,0,0,3,0,2,5,3,N,N,39 58:37.303,75 09:35.854,1602, ,1559,3,2,2,N, ,0,Y, , , , ,31450, , , ,2,1,0,0,0,0,1,0,0,1,0,0,2,1,0,0,0,0,0,0,1,1,0,3,0,0,0,0,0,0,0,0,1,0,1,2,0,39.977,-75.16, ,Philadelphia
 ,3595,2017041413,6,67,67301,2017,4,1,1110,11,1,1,0,8,1, , ,N,0,0,0,3,0,1,2,2,N,N,40 00:28.494,75 05:09.488,1120, ,1115, ,0, ,N, ,0, , , , , ,31452, , , ,1,1,0,0,0,0,0,0,0,0,0,1,1,0,1,0,0,0,0,0,0,0,0,0,0,0,0,0,0,0,0,0,1,0,0,4,0,40.0079,-75.086, ,Philadelphia