wz_ln_closure,objectid_1,crn,district,county,municipality,crash_year,crash_month,day_of_week,time_of_day,hour_of_day,illumination,weather,road_condition,collision_type,relation_to_road,work_zone_type,work_zone_loc,work_zone_ind,intersect_type,tcd_type,location_type,urban_rural,fatal_count,injury_count,person_count,total_units,sch_bus_ind,sch_zone_ind,latitude,longitude,arrival_tm,cons_zone_spd_lim,dispatch_tm,est_hrs_closed,lane_closed,ln_close_dir,ntfy_hiwy_maint,spec_juris_cd,tcd_func_cd,tfc_detour_ind,workers_pres,wz_close_detour,wz_flagger,wz_law_offcr_ind,objectid,wz_moving,wz_other,wz_shlder_mdn,vehicle_count,automobile_count,motorcycle_count,bus_count,small_truck_count,heavy_truck_count,suv_count,van_count,bicycle_count,maj_inj_count,mod_inj_count,min_inj_count,tot_inj_count,unk_inj_deg_count,unk_inj_per_count,driver_count_16yr,driver_count_17yr,driver_count_18yr,driver_count_19yr,driver_count_20yr,driver_count_50_64yr,driver_count_65_74yr,driver_count_75plus,unbelted_occ_count,unb_death_count,unb_maj_inj_count,belted_death_count,belted_maj_inj_count,mcycle_death_count,mcycle_maj_inj_count,bicycle_death_count,bicycle_maj_inj_count,ped_count,ped_death_count,ped_maj_inj_count,max_severity_level,comm_veh_count,dec_lat,dec_long,rdwy_surf_type_cd,county_name
 ,3596,2017052194,6,67,67301,2017,4,4,1604,16,1,1,0,7,4, , ,N,0,0,0,3,0,0,1,1,N,N,39 55:59.191,75 13:04.395,1710, ,1657, ,0, ,N, ,0, , , , , ,31456, , , ,1,0,0,0,0,0,1,0,0,0,0,0,0,0,0,0,0,0,0,0,0,0,0,0,0,0,0,0,0,0,0,0,0,0,0,0,0,39.9331,-75.2179, ,Philadelphia
 ,3597,2017052452,6,67,67301,2017,4,6,1655,16,1,1,0,8,1, , ,N,0,0,0,3,0,1,2,2,N,N,39 59:32.600,75 06:47.977,1702, ,1659, ,0, ,N, ,0, , , , , ,31458, , , ,1,1,0,0,0,0,0,0,0,0,1,0,1,0,0,0,0,0,0,0,0,0,0,0,0,0,0,0,0,0,0,0,1,0,0,3,0,39.9924,-75.1133, ,Philadelphia
 ,3598,2017043809,6,67,67301,2017,4,1,1155,11,1,1,0,4,1, , ,N,1,3,0,3,0,0,2,2,N,N,39 57:47.350,75 09:32.587,1515, ,1201, ,0, ,N, ,3, , , , , ,31459, , , ,2,2,0,0,0,0,0,0,0,0,0,0,0,0,0,0,0,0,0,0,0,1,0,0,0,0,0,0,0,0,0,0,0,0,0,0,0,39.9632,-75.1591, ,Philadelphia
 ,3599,2017061817,6,67,67301,2017,6,6,900,9,1,1,0,4,1, , ,N,1,2,0,3,0,0,2,2,N,N,39 58:59.480,75 09:24.548,903, ,900, ,0, ,N, ,3, , , , , ,31462, , , ,2,1,0,0,0,0,0,1,0,0,0,0,0,0,0,0,0,0,0,0,1,0,0,0,0,0,0,0,0,0,0,0,0,0,0,0,0,39.9832,-75.1568, ,Philadelphia
 ,3600,2017055500,6,67,67301,2017,4,1,1045,10,1,1,0,5,6, , ,N,0,0,0,3,0,0,1,3,N,N,39 59:20.666,75 09:54.688,1056, ,1050, ,0, ,N, ,0, , , , , ,31464, , , ,3,2,0,0,0,0,0,1,0,0,0,0,0,0,0,0,0,0,0,0,1,0,0,0,0,0,0,0,0,0,0,0,0,0,0,0,0,39.9891,-75.1652, ,Philadelphia
 ,3601,2017019158,6,67,67301,2017,1,1,152,1,3,1,0,8,1, , ,N,0,0,0,3,0,2,4,4,N, ,39 59:23.567,75 08:51.775,158, ,152, ,0, , , ,0, , , , , ,35296, , , ,2,2,0,0,0,0,0,0,0,0,0,2,2,0,1,0,0,0,0,0,0,0,0,0,0,0,0,0,0,0,0,0,2,0,0,4,0,39.9899,-75.1477, ,Philadelphia
 ,3602,2017023506,6,67,67301,2017,3,4,1300,13,1,1,0,1,1, , ,N,0,0,0,3,0,0,3,2,N,N,39 57:18.704,75 11:55.221,1308, ,1305,1,1,3,N, ,0,N, , , , ,35298, , , ,2,0,0,0,0,0,1,1,0,0,0,0,0,0,1,0,0,0,0,0,0,0,0,1,0,0,0,0,0,0,0,0,0,0,0,9,0,39.9552,-75.1987, ,Philadelphia
 ,3603,2017004045,6,67,67301,2017,1,1,1849,18,3,1,0,6,1, , ,N,0,0,0,3,0,0,4,3,N,N,40 00:15.894,75 11:41.417,2037, ,2030,1,1,4, , ,0,N, , , , ,35328, , , ,3,2,0,0,0,0,1,0,0,0,0,0,0,0,0,0,0,0,0,0,2,0,0,0,0,0,0,0,0,0,0,0,0,0,0,0,0,40.0044,-75.1948, ,Philadelphia
 ,3604,2017041188,6,67,67301,2017,3,1,1320,13,1,8,0,4,1, , ,N,1,2,0,3,0,1,2,2,N,N,39 56:08.298,75 10:44.471,1327, ,1327, ,0, ,N, ,3, , , , , ,35341, , , ,2,1,0,0,0,0,1,0,0,0,0,1,1,0,1,0,0,0,0,0,0,1,0,0,0,0,0,0,0,0,0,0,0,0,0,4,0,39.9356,-75.179, ,Philadelphia
 ,3605,2017030217,6,67,67301,2017,3,4,30,0,3,1,1,7,2, , ,N,7,0,8,3,0,1,1,1,N,N,39 54:31.321,75 08:57.939,45, ,39,3,2,2, , ,0,Y, , , , ,35354, , , ,1,0,0,0,0,1,0,0,0,0,0,0,1,1,0,0,0,0,0,0,0,0,0,1,0,0,0,0,0,0,0,0,0,0,0,8,1,39.9087,-75.1494, ,Philadelphia
 ,3606,2017058346,6,67,67301,2017,5,7,1723,17,1,2,1,4,1, , ,N,0,0,7,3,0,1,5,2,N, ,39 54:50.899,75 09:03.287,1723, ,1723, ,0, , , ,0, , , , , ,35364, , , ,2,2,0,0,0,0,0,0,0,0,0,0,1,1,0,0,0,0,0,1,0,0,0,0,0,0,0,0,0,0,0,0,0,0,0,8,0,39.9141,-75.1509, ,Philadelphia
 ,3607,2017058428,6,67,67301,2017,5,7,1954,19,1,1,0,4,1, , ,N,0,0,0,3,0,4,4,2,N,N,39 57:32.305,75 10:14.105,2005, ,1955,2,1,4, , ,0,N, , , , ,35365, , , ,2,1,0,0,0,0,1,0,0,0,3,1,4,0,0,0,0,0,0,0,0,0,0,0,0,0,0,0,0,0,0,0,0,0,0,3,0,39.959,-75.1706, ,Philadelphia
 ,3608,2017013912,6,67,67301,2017,1,5,1026,10,1,1,0,7,3, , ,N,1,3,1,3,0,1,1,1,N, ,39 58:05.412,75 09:05.007,1030, ,1028,2,2,7, , ,3,Y, , , , ,35383, , , ,1,0,0,0,0,0,1,0,0,0,0,0,1,1,0,0,0,0,0,0,0,0,0,0,0,0,0,0,0,0,0,0,0,0,0,8,0,39.9682,-75.1514, ,Philadelphia
 ,3609,2017014148,6,67,67301,2017,1,1,1915,19,3,1,0,1,1, , ,N,0,0,0,3,0,2,3,2,N,N,39 58:24.032,75 11:37.654,1920, ,1915,1,2,4, , ,0,N, , , , ,35385, , , ,2,1,0,0,0,0,1,0,0,0,2,0,2,0,0,0,0,0,0,0,1,0,0,0,0,0,0,0,0,0,0,0,0,0,0,3,0,39.9733,-75.1938, ,Philadelphia
 ,3610,2017045216,6,67,67301,2017,4,7,2300,23,3,1,0,1,1, , ,N,0,0,0,3,0,1,3,2,N,N,39 56:20.448,75 11:49.074,2314, ,2300,1,1,4, , ,0,N, , , , ,35396, , , ,2,1,0,0,0,0,1,0,0,0,0,0,1,1,0,0,0,0,0,0,0,0,0,0,0,0,0,0,0,0,0,0,0,0,0,8,0,39.939,-75.197, ,Philadelphia
 ,3611,2017033085,6,67,67301,2017,3,4,630,6,5,1,1,4,1, , ,N,1,2,0,3,0,0,3,2,N, ,40 05:49.760,75 01:05.283,725, ,717, ,0, , , ,3, , , , , ,35397, , , ,2,1,0,0,0,0,1,0,0,0,0,0,0,0,0,0,0,0,0,0,2,0,0,0,0,0,0,0,0,0,0,0,0,0,0,0,0,40.0972,-75.0181, ,Philadelphia
 ,3612,2017033102,6,67,67301,2017,2,1,1847,18,1,1,0,5,1, , ,N,0,0,0,3,0,1,2,2,N, ,39 56:36.104,75 13:56.440,1850, ,1847,2,2,7, , ,0,Y, , , , ,35445, , , ,2,1,1,0,0,0,0,0,0,0,0,1,1,0,1,0,0,0,0,0,0,0,0,0,0,0,0,0,0,0,0,0,0,0,0,4,0,39.9434,-75.2323, ,Philadelphia
 ,3613,2017013580,6,67,67301,2017,1,2,16,0,3,2,1,1,1, , ,N,0,0,0,3,0,0,2,2,N,N,39 59:28.120,75 14:52.963,20, ,16,1,1,2, , ,0,N, , , , ,35452, , , ,2,2,0,0,0,0,0,0,0,0,0,0,0,0,0,0,0,0,0,0,0,0,0,0,0,0,0,0,0,0,0,0,0,0,0,0,0,39.9911,-75.248, ,Philadelphia
 ,3614,2017052909,6,67,67301,2017,5,7,348,3,3,2,1,2,1, , ,N,0,0,0,3,0,1,2,2,N,N,39 52:56.929,75 14:42.492,355, ,348,2,2,1, , ,0,Y, , , , ,35469, , , ,2,1,0,0,0,0,1,0,0,0,0,0,1,1,0,0,0,0,0,0,1,0,0,0,0,0,0,0,0,0,0,0,0,0,0,8,0,39.8825,-75.2451, ,Philadelphia
 ,3615,2017019149,6,67,67301,2017,1,7,1523,15,1,1,0,8,1, , ,N,0,0,0,3,0,1,2,2,N,N,39 56:31.746,75 12:42.009,1526, ,1524, ,0, ,N, ,0, , , , , ,35481, , , ,1,1,0,0,0,0,0,0,0,0,0,0,1,1,0,0,0,0,0,0,0,0,0,0,0,0,0,0,0,0,0,0,1,0,0,8,0,39.9422,-75.2117, ,Philadelphia
 ,3616,2017035678,6,67,67301,2017,3,7,1630,16,1,1,0,1,1, , ,N,3,2,6,3,0,0,4,2,N, ,39 57:52.289,75 10:40.293,1639, ,1634, ,0, , , ,3, , , , , ,35485, , , ,2,1,0,0,0,0,1,0,0,0,0,0,0,0,0,0,0,0,0,0,1,0,0,0,0,0,0,0,0,0,0,0,0,0,0,0,0,39.9645,-75.1779, ,Philadelphia
 ,3617,2017033029,6,67,67301,2017,2,3,944,9,1,1,0,4,1, , ,N,0,0,0,3,0,1,2,2,N, ,39 58:29.244,75 14:30.116,944, ,944,2,2,1, , ,0,N, , , , ,35489, , , ,1,1,0,0,0,0,0,0,1,0,0,0,1,1,0,0,0,0,0,0,0,0,0,0,0,0,0,0,0,0,0,0,0,0,0,8,0,39.9748,-75.2417, ,Philadelphia
 ,3618,2017052197,6,67,67301,2017,4,1,2255,22,3,1,0,0,1, , ,N,1,2,0,3,0,1,1,1,N, ,40 01:41.669,75 09:43.637,2321, ,2319, ,0, , , ,3, , , , , ,35510, , , ,1,0,1,0,0,0,0,0,0,0,1,0,1,0,0,0,0,0,0,0,0,0,0,0,0,0,0,0,0,0,0,0,0,0,0,3,0,40.0282,-75.1621, ,Philadelphia
 ,3619,2017050589,6,67,67301,2017,5,6,2214,22,3,2,1,1,1, , ,N,0,0,0,3,0,1,2,2,N,N,39 57:42.380,75 10:56.347,2236, ,2214,2,1,4, , ,0,Y, , , , ,40428, , , ,2,2,0,0,0,0,0,0,0,0,0,0,1,1,0,0,0,0,0,0,0,1,0,0,0,0,0,0,0,0,0,0,0,0,0,8,0,39.9618,-75.1823, ,Philadelphia
 ,3620,2017007208,6,67,67301,2017,1,3,1312,13,1,1,0,2,1, , ,N,0,0,7,3,0,1,2,2,N,N,39 57:17.118,75 11:40.009,1318, ,1315, ,0, ,N, ,0, , , , , ,40454, , , ,2,1,1,0,0,0,0,0,0,0,0,0,1,1,0,0,0,0,0,0,0,0,0,0,0,0,0,0,0,0,0,0,0,0,0,8,0,39.9548,-75.1944, ,Philadelphia
 ,3621,2017036799,6,67,67301,2017,4,6,1658,16,1,1,0,1,1, , ,N,0,8,3,3,0,0,3,3,N,N,39 59:10.300,75 04:10.500,1658, ,1658,3,1,3,N, ,3,N, , , , ,40457, , , ,3,2,0,0,0,0,1,0,0,0,0,0,0,0,0,0,0,0,0,0,0,1,0,0,0,0,0,0,0,0,0,0,0,0,0,0,0,39.9862,-75.0696, ,Philadelphia
 ,3622,2017043897,6,67,67301,2017,4,1,1120,11,1,1,0,4,1, , ,N,1,3,0,3,0,2,2,2,N, ,39 59:38.227,75 08:56.727,1138, ,1128,1,1,7, , ,3,Y, , , , ,40458, , , ,2,2,0,0,0,0,0,0,0,0,0,2,2,0,0,0,0,0,0,0,0,0,1,2,0,0,0,0,0,0,0,0,0,0,0,4,0,39.994,-75.1491, ,Philadelphia
 ,3623,2017041288,6,67,67301,2017,4,4,1325,13,1,1,0,7,4, , ,N,0,0,0,3,0,1,1,1,N,N,40 02:54.243,75 03:05.928,1340, ,1330,2,2,2,N, ,0,Y, , , , ,40462, , , ,1,1,0,0,0,0,0,0,0,0,0,0,1,1,0,0,0,0,0,0,0,0,1,0,0,0,0,0,0,0,0,0,0,0,0,8,0,40.0484,-75.0516, ,Philadelphia
 ,3624,2017041246,6,67,67301,2017,4,5,1200,12,1,2,1,8,1, , ,N,3,2,0,3,0,1,2,2,N, ,39 57:20.410,75 10:59.098,1217, ,1204, ,0, , , ,3, , , , , ,40464, , , ,1,1,0,0,0,0,0,0,0,0,0,1,1,0,0,0,0,0,0,0,0,0,0,0,0,0,0,0,0,0,0,0,1,0,0,4,0,39.9557,-75.1831, ,Philadelphia
 ,3625,2017043845,6,67,67301,2017,4,4,1831,18,4,1,0,4,1, , ,N,1,2,0,3,0,0,2,2,N,N,40 00:35.585,75 11:47.227,1910, ,1904,1,1,4,N, ,3,N, , , , ,40509, , , ,2,2,0,0,0,0,0,0,0,0,0,0,0,0,0,0,0,0,0,0,0,0,0,0,0,0,0,0,0,0,0,0,0,0,0,0,0,40.0099,-75.1964, ,Philadelphia
 ,3626,2017037481,6,67,67301,2017,3,2,1539,15,1,9,0,4,1, , ,N,1,3,0,3,0,1,2,2,N, ,39 57:24.976,75 11:38.428,1549, ,1543, ,0, , , ,3, , , , , ,40510, , , ,2,1,0,0,0,0,1,0,0,0,0,0,1,1,0,0,0,0,0,0,0,0,0,1,0,0,0,0,0,0,0,0,0,0,0,8,0,39.9569,-75.194, ,Philadelphia
 ,3627,2017013959,6,67,67301,2017,1,5,1640,16,1,1,0,5,1, , ,N,0,0,0,3,0,1,2,2,Y, ,39 59:33.152,75 08:29.355,1659, ,1644, ,0, ,N, ,0, , , , , ,40533, , , ,2,0,0,1,0,0,1,0,0,0,1,0,1,0,0,0,0,0,0,0,0,0,0,0,0,0,0,0,0,0,0,0,0,0,0,3,1,39.9925,-75.1415, ,Philadelphia
 ,3628,2017013953,6,67,67301,2017,1,3,9999,99,3,2,1,8,1, , ,N,1,2,0,3,0,1,2,2,N,N,40 03:29.309,75 10:27.487,1719, ,1714, ,0, ,N, ,3, , , , , ,40539, , , ,1,1,0,0,0,0,0,0,0,0,1,0,1,0,0,0,0,0,0,0,0,1,0,1,0,0,0,0,0,0,0,0,1,0,0,3,0,40.0581,-75.1743, ,Philadelphia
 ,3629,2017028973,6,67,67301,2017,1,5,1445,14,1,1,0,5,1, , ,N,0,0,0,3,0,1,1,3,N, ,39 58:02.208,75 10:31.425,1522, ,1519, ,0, , , ,0, , , , , ,40543, , , ,3,3,0,0,0,0,0,0,0,0,0,1,1,0,0,0,0,0,0,0,0,1,0,0,0,0,0,0,0,0,0,0,0,0,0,4,0,39.9673,-75.1754, ,Philadelphia
 ,3630,2017055629,6,67,67301,2017,5,1,1635,16,1,1,1,5,1, , ,N,0,0,0,3,0,1,3,2,N,N,39 54:28.224,75 09:14.317,1650, ,1640, ,0, ,N, ,0, , , , , ,40577, , , ,2,1,0,0,0,0,1,0,0,0,0,1,1,0,0,0,0,0,0,0,1,0,0,3,0,0,0,0,0,0,0,0,0,0,0,4,0,39.9078,-75.154, ,Philadelphia
 ,3631,2017060515,6,67,67301,2017,5,1,1105,11,1,1,0,5,6, , ,N,0,0,0,3,0,2,2,2,N, ,39 56:01.687,75 09:51.915,1113, ,1108,3,2,3, , ,0,Y, , , , ,40623, , , ,2,1,0,0,0,0,0,1,0,0,0,2,2,0,0,0,0,1,0,0,0,0,0,0,0,0,0,0,0,0,0,0,0,0,0,4,0,39.9338,-75.1644, ,Philadelphia
 ,3632,2017013922,6,67,67301,2017,1,3,0,0,3,1,0,8,1, , ,N,1,2,0,3,0,1,2,2,N,N,40 01:04.609,75 05:02.155,110, ,109, ,0, ,N, ,3, , , , , ,40635, , , ,1,0,0,0,0,0,0,1,0,0,0,1,1,0,0,0,0,1,0,0,0,0,0,0,0,0,0,0,0,0,0,0,1,0,0,4,0,40.0179,-75.0839, ,Philadelphia
 ,3633,2017035498,6,67,67301,2017,3,5,2234,22,3,1,0,1,1, , ,N,6,0,2,3,0,1,4,2,N,N,39 53:56.745,75 10:42.154,2234, ,2234,2,1,2, , ,0,N, , , , ,40636, , , ,2,2,0,0,0,0,0,0,0,0,0,1,1,0,0,0,0,0,0,1,1,0,0,0,0,0,0,0,0,0,0,0,0,0,0,4,0,39.8991,-75.1783, ,Philadelphia
 ,3634,2017052456,6,67,67301,2017,4,7,1010,10,1,1,0,4,1, , ,N,0,0,7,3,0,0,2,2,N, ,39 59:08.707,75 12:38.552,1025, ,1021,2,1,6, , ,0,N, , , , ,40664, , , ,2,2,0,0,0,0,0,0,0,0,0,0,0,0,0,0,0,0,0,0,0,0,0,0,0,0,0,0,0,0,0,0,0,0,0,0,0,39.9858,-75.2107, ,Philadelphia
 ,3635,2017052913,6,67,67301,2017,5,1,1855,18,1,1,0,5,1, , ,N,0,0,0,3,0,0,3,2,N,N,40 02:23.165,75 00:25.065,1911, ,1903, ,0, , , ,0, , , , , ,40665, , , ,2,2,0,0,0,0,0,0,0,0,0,0,0,0,0,1,0,0,0,0,0,0,0,0,0,0,0,0,0,0,0,0,0,0,0,0,0,40.0398,-75.007, ,Philadelphia
 ,3636,2017060601,6,67,67301,2017,5,3,1,0,3,1,0,1,1, , ,N,1,2,0,3,0,2,4,3,N,N,39 58:23.685,75 12:43.721,9, ,6, ,0, ,N, ,3, , , , , ,40668, , , ,3,3,0,0,0,0,0,0,0,0,0,0,2,2,0,0,0,0,1,0,0,0,0,3,0,0,0,0,0,0,0,0,0,0,0,8,0,39.9732,-75.2121, ,Philadelphia
 ,3637,2017019021,6,67,67301,2017,1,5,322,3,3,1,0,5,6, , ,N,0,0,0,3,0,1,1,4,N,N,40 00:31.936,75 08:53.559,334, ,326, ,0, ,N, ,0, , , , , ,27974, , , ,4,3,0,0,0,0,0,1,0,0,0,0,1,1,0,0,0,0,0,0,0,0,0,0,0,0,0,0,0,0,0,0,0,0,0,8,0,40.0089,-75.1482, ,Philadelphia
 ,3638,2017041219,6,67,67301,2017,3,3,1452,14,1,1,0,4,1, , ,N,1,3,0,3,0,0,2,2,N,N,39 58:52.845,75 07:30.118,1555, ,1549, ,0, ,N, ,3, , , , , ,27977, , , ,2,1,0,0,0,0,0,1,0,0,0,0,0,0,0,0,0,0,0,0,0,0,0,0,0,0,0,0,0,0,0,0,0,0,0,0,0,39.9813,-75.125, ,Philadelphia
 ,3639,2017043552,6,67,67301,2017,4,2,939,9,1,2,1,5,1, , ,N,0,0,0,3,0,0,2,2,N,N,39 59:32.729,75 05:08.432,944, ,944, ,0, , , ,0, , , , , ,27981, , , ,2,2,0,0,0,0,0,0,0,0,0,0,0,0,0,0,0,0,0,0,0,0,0,0,0,0,0,0,0,0,0,0,0,0,0,0,0,39.9924,-75.0857, ,Philadelphia
 ,3640,2017028771,6,67,67301,2017,2,4,738,7,1,1,0,4,1, , ,N,0,0,7,3,0,1,3,3,N,N,40 07:55.550,75 00:36.017,839, ,824, ,0, , , ,0, , , , , ,27982, , , ,3,2,0,0,0,0,0,1,0,0,0,0,1,1,1,0,0,0,0,0,1,0,0,0,0,0,0,0,0,0,0,0,0,0,0,8,0,40.1321,-75.01, ,Philadelphia
 ,3641,2017056579,6,67,67301,2017,6,5,604,6,1,1,0,7,7, , ,N,0,0,0,3,0,0,1,1,N,N,39 58:05.732,75 07:45.777,606, ,606,1,2,1, , ,0,Y, , , , ,27988, , , ,1,0,0,0,0,0,1,0,0,0,0,0,0,0,0,0,0,0,0,0,0,0,0,0,0,0,0,0,0,0,0,0,0,0,0,0,0,39.9683,-75.1294, ,Philadelphia
 ,3642,2017010585,6,67,67301,2017,1,2,339,3,3,4,0,7,3, , ,N,0,0,0,3,0,1,1,1,N,N,40 05:13.555,74 58:17.087,347, ,339,4,2,3,Y, ,0,Y, , , , ,28002, , , ,1,0,0,1,0,0,0,0,0,0,0,0,1,1,0,0,0,0,0,0,0,0,0,0,0,0,0,0,0,0,0,0,0,0,0,8,1,40.0871,-74.9714, ,Philadelphia
 ,3643,2017037468,6,67,67301,2017,3,7,1140,11,1,1,0,4,1, , ,N,1,2,0,3,0,1,2,2,N,N,39 59:27.754,75 10:06.805,1320, ,1317,1,1,2,N, ,3,Y, , , , ,28008, , , ,2,1,0,0,0,0,1,0,0,0,0,1,1,0,0,0,0,0,0,0,1,0,0,0,0,0,0,0,0,0,0,0,0,0,0,4,0,39.991,-75.1686, ,Philadelphia
 ,3644,2017052473,6,67,67301,2017,4,7,1845,18,1,1,0,1,1, , ,N,3,2,0,3,0,3,3,2,N,N,39 59:15.705,75 12:58.134,1930, ,1928, ,0, ,N, ,3, , , , , ,28022, , , ,2,1,0,0,0,0,0,1,0,0,0,3,3,0,0,0,0,1,0,0,1,0,0,2,0,0,0,0,0,0,0,0,0,0,0,4,0,39.9877,-75.2161, ,Philadelphia
 ,3645,2017058792,6,67,67301,2017,6,2,1355,13,1,2,1,4,1, , ,N,0,0,0,3,0,1,4,2,N,N,40 00:33.341,75 03:59.065,1411, ,1411,1,2,1, , ,0,N, , , , ,28032, , , ,2,0,0,0,1,0,1,0,0,0,0,0,1,1,1,0,1,0,0,0,0,0,0,0,0,0,0,0,0,0,0,0,0,0,0,8,0,40.0093,-75.0664, ,Philadelphia
 ,3646,2017068071,6,67,67301,2017,6,3,1540,15,1,1,0,4,1, , ,N,2,2,7,3,0,0,5,2,N, ,40 03:02.108,75 00:36.644,1607, ,1559, ,0, , , ,3, , , , , ,28036, , , ,2,0,0,0,1,0,1,0,0,0,0,0,0,0,0,0,0,0,0,0,0,0,0,0,0,0,0,0,0,0,0,0,0,0,0,0,0,40.0506,-75.0102, ,Philadelphia
 ,3647,2017050905,6,67,67301,2017,5,4,2017,20,3,1,0,7,2, , ,N,0,0,0,3,0,0,1,1,N,N,39 55:35.209,75 11:40.769,2023, ,2019,1,1,3, , ,0,N, , , , ,28088, , , ,1,0,0,0,0,0,1,0,0,0,0,0,0,0,0,0,0,0,0,0,1,0,0,0,0,0,0,0,0,0,0,0,0,0,0,0,0,39.9264,-75.1947, ,Philadelphia
 ,3648,2017010642,6,67,67301,2017,1,3,1800,18,3,4,0,5,6, , ,N,0,0,0,3,0,0,1,3,N, ,39 54:51.724,75 10:24.917,1810, ,1805, ,0, , , ,0, , , , , ,28103, , , ,3,2,0,0,0,0,1,0,0,0,0,0,0,0,0,0,0,0,0,0,0,0,0,1,0,0,0,0,0,0,0,0,0,0,0,0,0,39.9144,-75.1736, ,Philadelphia
 ,3649,2017022639,6,67,67301,2017,2,6,2155,21,2,1,0,5,1, , ,N,0,0,0,3,0,0,2,2,N,N,39 57:35.542,75 10:43.629,2208, ,2207, ,0, , , ,0, , , , , ,28110, , , ,2,2,0,0,0,0,0,0,0,0,0,0,0,0,0,0,0,0,0,0,0,0,0,0,0,0,0,0,0,0,0,0,0,0,0,0,0,39.9599,-75.1788, ,Philadelphia
 ,3650,2017041410,6,67,67301,2017,4,7,1038,10,1,1,0,4,1, , ,N,1,2,0,3,0,0,2,2,N, ,39 58:17.110,75 13:33.005,1043, ,1040, ,0, , , ,3, , , , , ,28119, , , ,2,2,0,0,0,0,0,0,0,0,0,0,0,0,0,0,0,0,0,0,0,0,0,2,0,0,0,0,0,0,0,0,0,0,0,0,0,39.9714,-75.2258, ,Philadelphia
 ,3651,2017060709,6,67,67301,2017,5,2,1030,10,1,1,0,5,1, , ,N,0,0,0,3,0,0,2,2,N,N,39 58:51.553,75 11:12.855,1058, ,1056, ,0, ,N, ,0, , , , , ,28138, , , ,2,2,0,0,0,0,0,0,0,0,0,0,0,0,0,0,0,0,0,0,0,0,0,1,0,0,0,0,0,0,0,0,0,0,0,0,0,39.981,-75.1869, ,Philadelphia
 ,3652,2017060681,6,67,67301,2017,5,2,725,7,1,1,0,4,1, , ,N,1,2,0,3,0,0,2,3,N,N,39 58:02.632,75 10:43.087,733, ,733, ,0, ,N, ,3, , , , , ,28144, , , ,3,2,0,0,1,0,0,0,0,0,0,0,0,0,0,0,0,0,0,0,0,0,0,2,0,0,0,0,0,0,0,0,0,0,0,0,0,39.9674,-75.1786, ,Philadelphia
 ,3653,2017010577,6,67,67301,2017,1,5,1620,16,1,1,0,4,1, , ,N,1,2,0,3,0,1,3,2,N,N,40 02:49.639,75 05:52.794,1630, ,1621,2,2,6,N, ,3,Y, , , , ,28152, , , ,2,2,0,0,0,0,0,0,0,0,0,1,1,0,0,0,0,0,0,0,1,0,0,0,0,0,0,0,0,0,0,0,0,0,0,4,0,40.0471,-75.098, ,Philadelphia
 ,3654,2017019057,6,67,67301,2017,1,2,1740,17,3,1,1,8,1, , ,N,1,2,0,3,0,1,2,2,N,N,39 59:39.085,75 06:28.154,1750, ,1745, ,0, ,N, ,3, , , , , ,28160, , , ,1,1,0,0,0,0,0,0,0,0,0,1,1,0,0,0,0,0,0,0,0,0,0,1,0,0,0,0,0,0,0,0,1,0,0,4,0,39.9942,-75.1078, ,Philadelphia
 ,3655,2017035688,6,67,67301,2017,3,6,915,9,1,1,0,5,1, , ,N,0,0,0,3,0,1,3,2,N, ,39 58:30.354,75 11:41.515,925, ,917, ,0, , , ,0, , , , , ,31487, , , ,2,2,0,0,0,0,0,0,0,0,0,0,1,1,0,0,0,0,0,0,0,0,0,1,0,0,0,0,0,0,0,0,0,0,0,8,0,39.9751,-75.1949, ,Philadelphia
 ,3656,2017037455,6,67,67301,2017,3,3,1638,16,1,1,0,1,1, , ,N,0,2,0,3,0,1,2,2,N, ,40 02:59.102,75 05:43.619,1644, ,1638,1,1,2, , ,3,N, , , , ,31537, , , ,2,2,0,0,0,0,0,0,0,0,0,1,1,0,0,0,0,0,0,0,0,0,0,1,0,0,0,0,0,0,0,0,0,0,0,4,0,40.0497,-75.0955, ,Philadelphia
 ,3657,2017052403,6,67,67301,2017,4,1,1435,14,1,1,0,4,1, , ,N,5,2,0,3,0,1,2,2,N,N,40 01:47.773,75 09:11.764,1455, ,1435, ,0, ,N, ,3, , , , , ,31555, , , ,2,2,0,0,0,0,0,0,0,0,1,0,1,0,0,0,0,0,0,0,1,0,0,2,0,0,0,0,0,0,0,0,0,0,0,3,0,40.0299,-75.1533, ,Philadelphia
 ,3658,2017052280,6,67,67301,2017,4,1,237,2,3,1,0,1,1, , ,N,1,2,0,3,0,0,4,3,N, ,40 02:10.346,75 03:51.114,242, ,239,2,2,1, , ,3,Y, , , , ,31558, , , ,3,3,0,0,0,0,0,0,0,0,0,0,0,0,0,0,0,0,0,0,0,0,0,0,0,0,0,0,0,0,0,0,0,0,0,0,0,40.0363,-75.0643, ,Philadelphia
 ,3659,2017031046,6,67,67301,2017,3,4,1616,16,1,1,0,8,1, , ,N,2,2,0,3,0,1,2,2,N,N,39 57:12.235,75 11:48.330,1618, ,1616, ,0, ,N, ,3, , , , , ,31586, , , ,1,1,0,0,0,0,0,0,0,0,0,1,1,0,0,0,0,0,0,0,0,1,0,0,0,0,0,0,0,0,0,0,1,0,0,4,0,39.9534,-75.1967, ,Philadelphia