wz_ln_closure,objectid_1,crn,district,county,municipality,crash_year,crash_month,day_of_week,time_of_day,hour_of_day,illumination,weather,road_condition,collision_type,relation_to_road,work_zone_type,work_zone_loc,work_zone_ind,intersect_type,tcd_type,location_type,urban_rural,fatal_count,injury_count,person_count,total_units,sch_bus_ind,sch_zone_ind,latitude,longitude,arrival_tm,cons_zone_spd_lim,dispatch_tm,est_hrs_closed,lane_closed,ln_close_dir,ntfy_hiwy_maint,spec_juris_cd,tcd_func_cd,tfc_detour_ind,workers_pres,wz_close_detour,wz_flagger,wz_law_offcr_ind,objectid,wz_moving,wz_other,wz_shlder_mdn,vehicle_count,automobile_count,motorcycle_count,bus_count,small_truck_count,heavy_truck_count,suv_count,van_count,bicycle_count,maj_inj_count,mod_inj_count,min_inj_count,tot_inj_count,unk_inj_deg_count,unk_inj_per_count,driver_count_16yr,driver_count_17yr,driver_count_18yr,driver_count_19yr,driver_count_20yr,driver_count_50_64yr,driver_count_65_74yr,driver_count_75plus,unbelted_occ_count,unb_death_count,unb_maj_inj_count,belted_death_count,belted_maj_inj_count,mcycle_death_count,mcycle_maj_inj_count,bicycle_death_count,bicycle_maj_inj_count,ped_count,ped_death_count,ped_maj_inj_count,max_severity_level,comm_veh_count,dec_lat,dec_long,rdwy_surf_type_cd,county_name
 ,3724,2017021535,6,67,67301,2017,2,6,640,6,1,1,0,4,1, , ,N,2,2,2,3,0,0,2,2,N,N,39 55:52.174,75 08:38.984,648, ,643,2,1,2, , ,3,N, , , , ,28366, , , ,2,2,0,0,0,0,0,0,0,0,0,0,0,0,0,0,0,0,0,0,2,0,0,0,0,0,0,0,0,0,0,0,0,0,0,0,0,39.9311,-75.1439, ,Philadelphia
 ,3725,2017055668,6,67,67301,2017,5,3,755,7,1,1,0,4,1, , ,N,1,2,0,3,0,2,3,2,N,N,40 02:03.872,75 04:55.948,836, ,834, ,0, , , ,3, , , , , ,28378, , , ,2,2,0,0,0,0,0,0,0,0,0,0,2,2,1,0,0,0,0,0,0,0,0,0,0,0,0,0,0,0,0,0,0,0,0,8,0,40.0344,-75.0822, ,Philadelphia
 ,3726,2017055591,6,67,67301,2017,5,4,1715,17,1,1,0,4,1, , ,N,5,2,1,3,0,2,2,2,N,N,40 00:01.147,75 06:23.257,1721, ,1720,3,2,5, , ,3,Y, , , , ,28379, , , ,2,0,0,0,0,0,0,1,0,1,0,1,2,0,0,0,0,0,0,0,1,0,0,0,0,0,0,0,0,0,0,0,0,0,0,2,0,40.0003,-75.1065, ,Philadelphia
 ,3727,2017055583,6,67,67301,2017,4,3,1150,11,1,2,1,4,1, , ,N,1,2,0,3,0,2,3,2,N,N,40 01:53.934,75 12:27.524,1213, ,1152, ,0, ,N, ,3, , , , , ,31798, , , ,2,1,0,0,0,0,1,0,0,0,1,1,2,0,0,0,0,0,0,0,0,0,0,0,0,0,0,0,0,0,0,0,0,0,0,3,0,40.0316,-75.2076, ,Philadelphia
 ,3728,2017014047,6,67,67301,2017,1,6,1934,19,3,2,1,4,1, , ,N,0,0,7,3,0,4,4,2,N,N,40 06:41.372,75 01:26.502,1938, ,1934,2,1,1,N, ,0,N, , , , ,31809, , , ,2,0,0,0,0,0,1,1,0,0,2,1,4,1,0,0,0,0,0,0,0,1,0,0,0,0,0,0,0,0,0,0,0,0,0,3,0,40.1115,-75.024, ,Philadelphia
 ,3729,2017043862,6,67,67301,2017,4,7,1551,15,1,1,0,4,1, , ,N,0,0,7,3,0,1,3,2,N,N,40 04:01.282,75 03:52.251,1608, ,1603, ,0, ,N, ,0, , , , , ,31819, , , ,2,1,0,0,0,0,1,0,0,0,0,1,1,0,0,0,0,0,0,0,1,0,1,3,0,0,0,0,0,0,0,0,0,0,0,4,0,40.067,-75.0645, ,Philadelphia
 ,3730,2017041148,6,67,67301,2017,3,3,546,5,1,1,0,4,1, , ,N,1,2,0,3,0,1,3,2,N, ,40 06:50.926,74 59:15.880,552, ,546,1,1,1, , ,3,N, , , , ,31823, , , ,2,1,0,0,0,0,1,0,0,0,0,0,1,1,0,0,0,0,0,0,0,0,0,0,0,0,0,0,0,0,0,0,0,0,0,8,0,40.1141,-74.9877, ,Philadelphia
 ,3731,2017033500,6,67,67301,2017,3,5,1700,17,3,1,0,4,1, , ,N,0,0,0,3,0,1,5,2,N, ,39 54:51.198,75 09:05.594,1727, ,1718, ,0, , , ,0, , , , , ,31826, , , ,2,1,0,0,1,0,0,0,0,0,0,0,1,1,3,0,0,0,1,0,1,0,0,0,0,0,0,0,0,0,0,0,0,0,0,8,0,39.9142,-75.1516, ,Philadelphia
 ,3732,2017040520,6,67,67301,2017,4,5,1453,14,1,2,1,7,2, , ,N,0,0,0,3,0,0,1,1,N,N,39 53:10.870,75 12:46.999,1520, ,1454, ,0, , , ,0, , , , , ,31868, , , ,1,1,0,0,0,0,0,0,0,0,0,0,0,0,0,0,0,0,0,0,0,0,0,0,0,0,0,0,0,0,0,0,0,0,0,0,0,39.8862,-75.2126, ,Philadelphia
 ,3733,2017052146,6,67,67301,2017,4,1,1249,12,1,1,0,4,1, , ,N,1,2,0,3,0,0,3,3,N, ,39 58:30.307,75 11:41.951,1303, ,1253, ,0, , , ,3, , , , , ,31887, , , ,3,2,0,0,0,0,1,0,0,0,0,0,0,0,0,0,0,0,0,0,0,0,0,0,0,0,0,0,0,0,0,0,0,0,0,0,0,39.9751,-75.195, ,Philadelphia
 ,3734,2017025599,6,67,67301,2017,2,1,1323,13,1,1,0,1,1, , ,N,0,0,0,3,0,1,3,2,N,N,39 59:40.271,75 11:54.294,1332, ,1325,1,2,4, , ,0,N, , , , ,31917, , , ,2,1,0,0,0,0,1,0,0,0,1,0,1,0,0,0,0,0,0,0,0,0,0,0,0,0,0,0,0,0,0,0,0,0,0,3,0,39.9945,-75.1984, ,Philadelphia
 ,3735,2017037403,6,67,67301,2017,3,5,915,9,1,1,0,1,1, , ,N,0,0,0,3,0,1,2,2,N, ,40 00:25.942,75 05:38.824,940, ,923, ,0, , , ,0, , , , , ,31927, , , ,2,0,0,0,0,0,2,0,0,0,0,1,1,0,0,0,0,0,0,0,0,0,0,1,0,0,0,0,0,0,0,0,0,0,0,4,0,40.0072,-75.0941, ,Philadelphia
 ,3736,2017055490,6,67,67301,2017,4,7,245,2,2,2,1,7,4, , ,N,0,2,0,3,0,0,3,1,N,N,40 00:55.960,75 10:12.220,9999, ,300, ,0, ,N, ,9, , , , , ,31946, , , ,1,1,0,0,0,0,0,0,0,0,0,0,0,0,2,0,0,0,0,0,0,0,0,0,0,0,0,0,0,0,0,0,0,0,0,9,0,40.0155,-75.17, ,Philadelphia
 ,3737,2017023229,6,67,67301,2017,2,3,1152,11,1,1,0,5,1, , ,N,0,0,0,3,0,0,3,3,N,N,39 57:24.614,75 09:11.899,1208, ,1153,1,2,3, , ,0,N, , , , ,31959, , , ,3,1,0,0,0,1,0,1,0,0,0,0,0,0,0,0,0,0,0,0,1,0,0,0,0,0,0,0,0,0,0,0,0,0,0,0,1,39.9568,-75.1533, ,Philadelphia
 ,3738,2017021575,6,67,67301,2017,2,7,630,6,5,1,6,4,1, , ,N,1,3,0,3,0,1,2,2,N,N,40 03:42.501,75 09:10.133,659, ,659, ,0, ,N, ,3, , , , , ,31978, , , ,2,1,0,0,0,0,1,0,0,0,0,0,1,1,0,0,0,0,0,0,2,0,0,2,0,0,0,0,0,0,0,0,0,0,0,8,0,40.0618,-75.1528, ,Philadelphia
 ,3739,2017014128,6,67,67301,2017,1,3,1741,17,3,1,0,1,1, , ,N,0,0,0,3,0,1,2,2,N,N,39 53:52.077,75 11:06.120,1757, ,1743,2,1,1, , ,0,N, , , , ,32002, , , ,2,1,0,0,0,0,0,1,0,0,0,0,1,1,0,0,0,0,0,0,0,0,0,0,0,0,0,0,0,0,0,0,0,0,0,8,0,39.8978,-75.185, ,Philadelphia
 ,3740,2017035834,6,67,67301,2017,3,1,1224,12,1,1,0,4,1, , ,N,5,2,0,3,0,2,2,2,N, ,39 57:49.814,75 13:12.167,1235, ,1226, ,0, , , ,3, , , , , ,32021, , , ,2,0,0,0,0,0,1,1,0,0,0,2,2,0,0,0,0,0,0,0,0,0,0,0,0,0,0,0,0,0,0,0,0,0,0,4,0,39.9639,-75.2205, ,Philadelphia
 ,3741,2017032917,6,67,67301,2017,3,2,1333,13,1,1,0,2,6, , ,N,0,0,0,3,0,0,1,4,N,N,39 57:27.077,75 12:18.934,1335, ,1333, ,0, ,N, ,0, , , , , ,32025, , , ,4,1,0,0,1,0,1,1,0,0,0,0,0,0,0,0,0,0,0,0,0,0,0,0,0,0,0,0,0,0,0,0,0,0,0,0,0,39.9575,-75.2053, ,Philadelphia
 ,3742,2017020480,6,67,67301,2017,2,6,1234,12,1,1,0,0,1, , ,N,6,0,2,3,0,1,1,1,N,N,39 57:27.558,75 08:55.942,1240, ,1235,4,2,3, , ,0,Y, , , , ,32054, , , ,1,0,0,0,0,1,0,0,0,0,0,0,1,1,0,0,0,0,0,0,0,0,0,0,0,0,0,0,0,0,0,0,0,0,0,8,1,39.9577,-75.1489, ,Philadelphia
 ,3743,2017039063,6,67,67301,2017,4,4,15,0,3,1,0,7,5, , ,N,0,0,0,3,0,0,1,1,N,N,40 03:18.171,75 07:31.629,27, ,22, ,0, ,N, ,0, , , , , ,32058, , , ,1,1,0,0,0,0,0,0,0,0,0,0,0,0,1,0,0,0,0,0,0,0,0,0,0,0,0,0,0,0,0,0,0,0,0,9,0,40.055,-75.1255, ,Philadelphia
 ,3744,2017038997,6,67,67301,2017,3,6,1636,16,1,2,1,1,1, , ,N,0,0,0,3,0,1,3,2,N,N,39 53:20.328,75 13:05.445,1646, ,1636, ,0, , , ,0, , , , , ,32062, , , ,2,1,0,0,0,0,1,0,0,0,0,1,1,0,0,0,0,0,0,0,0,0,0,0,0,0,0,0,0,0,0,0,0,0,0,4,0,39.8883,-75.217, ,Philadelphia
 ,3745,2017055630,6,67,67301,2017,5,1,1554,15,1,2,1,4,1, , ,N,1,2,0,3,0,1,2,2,N,N,39 56:13.826,75 09:41.371,1620, ,1611, ,0, ,N, ,3, , , , , ,35753, , , ,1,1,0,0,0,0,0,0,1,0,0,1,1,0,0,0,0,0,0,1,0,0,0,1,0,0,0,0,0,0,0,0,0,0,0,4,0,39.9372,-75.1615, ,Philadelphia
 ,3746,2017019026,6,67,67301,2017,1,7,1631,16,1,1,0,4,1, , ,N,2,3,0,3,0,0,2,2,N,N,40 03:06.786,75 09:22.402,1647, ,1645, ,0, ,N, ,3, , , , , ,35775, , , ,2,2,0,0,0,0,0,0,0,0,0,0,0,0,0,0,0,0,0,0,0,0,0,0,0,0,0,0,0,0,0,0,0,0,0,0,0,40.0519,-75.1562, ,Philadelphia
 ,3747,2017033057,6,67,67301,2017,2,4,1209,12,1,1,1,5,6, , ,N,0,2,0,3,0,0,1,2,N, ,40 02:12.121,75 09:31.278,1226, ,1222, ,0, , , ,3, , , , , ,35829, , , ,2,2,0,0,0,0,0,0,0,0,0,0,0,0,0,0,0,0,0,0,0,0,0,1,0,0,0,0,0,0,0,0,0,0,0,0,0,40.0367,-75.1587, ,Philadelphia
 ,3748,2017041418,6,67,67301,2017,3,6,1739,17,1,2,1,7,4, , ,N,0,0,0,3,0,1,1,1,N,N,39 59:38.100,75 11:50.500,1748, ,1745, ,0, ,N, ,0, , , , , ,35846, , , ,1,1,0,0,0,0,0,0,0,0,0,0,1,1,0,0,0,0,0,0,0,0,1,0,0,0,0,0,0,0,0,0,0,0,0,8,0,39.9939,-75.1974, ,Philadelphia
 ,3749,2017013951,6,67,67301,2017,1,5,1815,18,4,1,0,8,1, , ,N,0,0,0,3,0,1,2,2,N,N,40 05:02.907,74 58:26.094,1828, ,1822,9,1,1,N, ,0,Y, , , , ,35866, , , ,1,1,0,0,0,0,0,0,0,0,0,1,1,0,0,0,0,0,0,0,0,1,0,0,0,0,0,0,0,0,0,0,1,0,0,4,0,40.0841,-74.9739, ,Philadelphia
 ,3750,2017035614,6,67,67301,2017,3,6,1220,12,1,4,1,4,1, , ,N,1,2,0,3,0,0,3,2,N, ,40 02:36.207,75 11:28.334,1235, ,1229,3,1,5, , ,2,N, , , , ,35870, , , ,2,2,0,0,0,0,0,0,0,0,0,0,0,0,0,0,0,0,0,0,0,1,0,0,0,0,0,0,0,0,0,0,0,0,0,0,0,40.0434,-75.1912, ,Philadelphia
 ,3751,2017037540,6,67,67301,2017,3,7,2020,20,3,2,1,4,1, , ,N,1,2,0,3,0,0,2,2,N,N,40 07:24.747,75 00:55.270,2025, ,2020, ,0, ,N, ,3, , , , , ,35875, , , ,2,1,0,0,0,0,1,0,0,0,0,0,0,0,0,0,0,0,0,0,0,0,0,0,0,0,0,0,0,0,0,0,0,0,0,0,0,40.1235,-75.0154, ,Philadelphia
 ,3752,2017033077,6,67,67301,2017,2,5,600,6,5,1,1,4,1, , ,N,0,0,7,3,0,1,2,2,N,N,39 53:08.667,75 14:58.440,835, ,815, ,0, ,N, ,0, , , , , ,35892, , , ,2,1,0,0,1,0,0,0,0,0,0,1,1,0,1,0,0,0,0,0,0,0,0,0,0,0,0,0,0,0,0,0,0,0,0,4,0,39.8857,-75.2496, ,Philadelphia
 ,3753,2017021599,6,67,67301,2017,2,1,600,6,5,1,0,4,1, , ,N,0,0,0,3,0,1,3,3,N,N,40 01:05.350,75 09:18.393,606, ,605, ,0, ,N, ,0, , , , , ,35918, , , ,3,2,0,0,0,0,0,1,0,0,0,1,1,0,0,0,0,0,0,0,0,0,0,0,0,0,0,0,0,0,0,0,0,0,0,4,0,40.0182,-75.1551, ,Philadelphia
 ,3754,2017019128,6,67,67301,2017,2,5,800,8,1,1,0,4,1, , ,N,1,3,0,3,0,0,3,2,N, ,39 56:12.616,75 13:16.197,848, ,846,3,1,3, , ,3,N, , , , ,35920, , , ,2,1,0,0,0,0,0,1,0,0,0,0,0,0,1,0,0,0,0,0,0,0,0,0,0,0,0,0,0,0,0,0,0,0,0,9,0,39.9368,-75.2212, ,Philadelphia
 ,3755,2017067714,6,67,67301,2017,5,6,22,0,3,2,1,4,1, , ,N,0,0,0,3,0,2,3,2,N,N,40 02:20.437,75 08:53.540,27, ,27, ,0, ,N, ,0, , , , , ,35948, , , ,2,2,0,0,0,0,0,0,0,0,0,2,2,0,0,0,0,0,0,0,0,0,0,0,0,0,0,0,0,0,0,0,0,0,0,4,0,40.039,-75.1482, ,Philadelphia
 ,3756,2017008746,6,67,67301,2017,1,3,30,0,3,2,1,7,5, , ,N,0,0,0,3,0,0,1,1,N,N,40 06:07.900,75 01:39.690,41, ,35, ,0, , , ,0, , , , , ,35971, , , ,1,1,0,0,0,0,0,0,0,0,0,0,0,0,0,0,0,0,0,0,0,1,0,0,0,0,0,0,0,0,0,0,0,0,0,0,0,40.1022,-75.0277, ,Philadelphia
 ,3757,2017029940,6,67,67301,2017,3,4,956,9,1,1,0,4,2, , ,N,0,0,2,3,0,0,2,2,N,N,39 59:34.552,75 05:04.972,1027, ,1019,2,1,1, , ,0,Y, , , , ,35977, , , ,2,2,0,0,0,0,0,0,0,0,0,0,0,0,0,0,0,0,0,0,0,0,0,0,0,0,0,0,0,0,0,0,0,0,0,0,0,39.994,-75.0837, ,Philadelphia
 ,3758,2017052168,6,67,67301,2017,4,6,1018,10,1,1,0,4,1, , ,N,1,2,0,3,0,1,2,2,N,N,39 59:40.736,75 08:50.927,1029, ,1021,1,1,1, , ,3,Y, , , , ,35985, , , ,1,1,0,0,0,0,0,0,1,0,1,0,1,0,0,0,1,0,0,0,0,0,0,1,0,0,0,0,0,0,0,0,0,0,0,3,0,39.9946,-75.1475, ,Philadelphia
 ,3759,2017052187,6,67,67301,2017,4,6,2020,20,3,1,0,1,1, , ,N,2,2,0,3,0,0,3,3,N,N,40 03:03.348,75 02:10.090,2025, ,2025,1,2,6,N, ,3,Y, , , , ,35987, , , ,3,2,0,0,0,0,1,0,0,0,0,0,0,0,0,0,0,0,0,0,1,0,0,0,0,0,0,0,0,0,0,0,0,0,0,0,0,40.0509,-75.0361, ,Philadelphia
 ,3760,2017052381,6,67,67301,2017,5,4,917,9,1,1,0,6,1, , ,N,0,0,0,3,0,1,4,4,N,N,40 00:43.097,75 03:32.898,1101, ,917,2,1,2,N, ,0,Y, , , , ,35988, , , ,4,1,0,0,0,1,2,0,0,0,0,0,1,1,0,0,0,0,0,0,1,0,0,0,0,0,0,0,0,0,0,0,0,0,0,8,1,40.012,-75.0591, ,Philadelphia
 ,3761,2017052201,6,67,67301,2017,4,7,440,4,3,1,0,5,1, , ,N,0,0,0,3,0,0,2,2,N,N,40 01:13.508,75 09:35.823,442, ,440,1,1,2,N, ,0,N, , , , ,35990, , , ,2,1,0,0,0,0,1,0,0,0,0,0,0,0,0,0,0,0,0,0,2,0,0,2,0,0,0,0,0,0,0,0,0,0,0,0,0,40.0204,-75.16, ,Philadelphia
 ,3762,2017055502,6,67,67301,2017,5,3,812,8,1,1,0,4,1, , ,N,2,3,0,3,0,1,4,2,N, ,39 54:26.074,75 13:40.897,858, ,856, ,0, , , ,3, , , , , ,35999, , , ,2,2,0,0,0,0,0,0,0,1,0,0,1,0,1,0,0,0,0,0,0,1,0,0,0,0,0,0,0,0,0,0,0,0,0,2,0,39.9072,-75.228, ,Philadelphia
 ,3763,2017040493,6,67,67301,2017,3,3,1221,12,1,2,1,7,2, , ,N,0,0,0,3,0,1,1,1,N,N,39 55:56.259,75 11:59.918,1224, ,1223,2,1,4, , ,0,N, , , , ,39783, , , ,1,1,0,0,0,0,0,0,0,0,1,0,1,0,0,0,0,0,0,0,0,0,0,0,0,0,0,0,0,0,0,0,0,0,0,3,0,39.9323,-75.2, ,Philadelphia
 ,3764,2017033104,6,67,67301,2017,2,2,1709,17,1,1,0,5,1, , ,N,0,0,0,3,0,1,2,2,N, ,39 57:24.059,75 09:37.566,1709, ,1709, ,0, , , ,0, , , , , ,39784, , , ,1,0,0,0,0,0,1,0,1,0,0,1,1,0,0,0,0,0,0,0,0,0,0,1,0,0,0,0,0,0,0,0,0,0,0,4,0,39.9567,-75.1604, ,Philadelphia
 ,3765,2017035684,6,67,67301,2017,3,5,1616,16,1,1,0,1,1, , ,N,0,0,0,3,0,0,3,3,N,N,39 55:14.126,75 14:48.012,1621, ,1617, ,0, ,N, ,0, , , , , ,39786, , , ,3,1,0,0,0,0,1,1,0,0,0,0,0,0,1,0,0,0,0,0,1,0,0,1,0,0,0,0,0,0,0,0,0,0,0,9,0,39.9206,-75.2467, ,Philadelphia
 ,3766,2017038179,6,67,67301,2017,4,7,1330,13,1,1,0,7,4, , ,N,7,0,2,3,0,1,1,1,N,N,39 54:39.103,75 08:56.529,1345, ,1335,3,1,2, , ,0,N, , , , ,39789, , , ,1,0,0,0,1,0,0,0,0,0,1,0,1,0,0,0,0,0,0,0,0,0,0,0,0,0,0,0,0,0,0,0,0,0,0,3,1,39.9109,-75.149, ,Philadelphia
 ,3767,2017052268,6,67,67301,2017,4,1,205,2,3,1,0,5,6, , ,N,0,0,0,3,0,0,1,2,N,N,39 58:38.305,75 07:29.805,206, ,206, ,0, ,N, ,0, , , , , ,39800, , , ,2,1,0,0,0,0,1,0,0,0,0,0,0,0,0,0,0,0,0,0,0,0,0,1,0,0,0,0,0,0,0,0,0,0,0,0,0,39.9773,-75.1249, ,Philadelphia
 ,3768,2017037416,6,67,67301,2017,3,7,1440,14,1,2,1,4,1, , ,N,0,0,7,3,0,2,3,2,N,N,40 05:59.171,75 00:38.401,1520, ,1514, ,0, , , ,0, , , , , ,39823, , , ,2,2,0,0,0,0,0,0,0,0,0,0,2,2,0,0,0,0,0,0,0,1,0,0,0,0,0,0,0,0,0,0,0,0,0,8,0,40.0998,-75.0107, ,Philadelphia
 ,3769,2017037356,6,67,67301,2017,3,7,1900,19,3,1,0,8,4, , ,N,2,0,0,3,0,1,2,2,N,N,40 01:58.414,75 10:39.820,2155, ,2151, ,0, ,N, ,0, , , , , ,39825, , , ,1,1,0,0,0,0,0,0,0,0,0,1,1,0,0,0,0,0,0,0,0,0,0,1,0,0,0,0,0,0,0,0,1,0,0,4,0,40.0329,-75.1777, ,Philadelphia
 ,3770,2017030420,6,67,67301,2017,3,3,1054,10,1,7,4,7,2, , ,N,0,0,0,3,0,0,1,1,N,N,39 56:40.907,75 08:34.018,1057, ,1057,1,1,1, , ,0,N, , , , ,39836, , , ,1,0,0,0,0,0,1,0,0,0,0,0,0,0,0,0,0,0,0,0,0,0,0,0,0,0,0,0,0,0,0,0,0,0,0,0,0,39.9447,-75.1428, ,Philadelphia
 ,3771,2017045428,6,67,67301,2017,3,6,2246,22,3,1,0,1,1, , ,N,0,0,0,3,0,1,8,7,N,N,39 52:48.311,75 14:52.339,2255, ,2246,2,2,2, , ,0,N, , , , ,39840, , , ,7,3,0,0,1,1,2,0,0,0,1,0,1,0,0,0,0,0,0,0,1,0,0,0,0,0,0,0,0,0,0,0,0,0,0,3,1,39.8801,-75.2479, ,Philadelphia
 ,3772,2017043798,6,67,67301,2017,4,1,415,4,3,1,0,4,1, , ,N,1,2,0,3,0,2,5,2,N,N,40 00:49.824,75 07:33.527,425, ,415, ,0, , , ,3, , , , , ,39841, , , ,2,2,0,0,0,0,0,0,0,0,0,2,2,0,0,0,0,0,0,0,0,0,0,0,0,0,0,0,0,0,0,0,0,0,0,4,0,40.0138,-75.126, ,Philadelphia
 ,3773,2017033545,6,67,67301,2017,2,4,1530,15,1,1,0,4,1, , ,N,1,3,0,3,0,0,4,2,N, ,40 03:07.257,75 04:15.322,1633, ,1631, ,0, , , ,3, , , , , ,39874, , , ,2,1,0,0,0,0,0,1,0,0,0,0,0,0,0,0,0,0,0,0,1,0,0,0,0,0,0,0,0,0,0,0,0,0,0,0,0,40.052,-75.0709, ,Philadelphia
 ,3774,2017037451,6,67,67301,2017,3,7,2000,20,3,1,0,4,1, , ,N,2,2,7,3,0,0,7,2,N,N,39 55:11.168,75 11:17.735,2011, ,2011,3,1,3,N, ,3,N, , , , ,39876, , , ,2,2,0,0,0,0,0,0,0,0,0,0,0,0,0,0,0,0,0,0,0,0,0,4,0,0,0,0,0,0,0,0,0,0,0,0,0,39.9198,-75.1883, ,Philadelphia
 ,3775,2017041335,6,67,67301,2017,4,6,1004,10,1,1,1,4,1, , ,N,1,2,0,3,0,3,3,2,N, ,39 55:28.434,75 13:59.258,1008, ,1006,1,1,1, , ,3,N, , , , ,39884, , , ,2,2,0,0,0,0,0,0,0,0,0,2,3,1,0,0,0,0,0,0,2,0,0,0,0,0,0,0,0,0,0,0,0,0,0,4,0,39.9246,-75.2331, ,Philadelphia
 ,3776,2017037399,6,67,67301,2017,3,5,2241,22,3,1,0,8,1, , ,N,0,0,0,3,0,1,2,2,N,N,39 59:27.739,75 07:54.112,2241, ,2241, ,0, , , ,0, , , , , ,39886, , , ,1,1,0,0,0,0,0,0,0,0,0,1,1,0,0,0,0,0,0,0,0,0,0,1,0,0,0,0,0,0,0,0,1,0,0,4,0,39.991,-75.1317, ,Philadelphia
 ,3777,2017028966,6,67,67301,2017,2,2,1525,15,1,1,0,4,1, , ,N,1,2,0,3,0,1,2,2,N,N,39 56:29.947,75 13:21.989,1538, ,1535, ,0, ,N, ,3, , , , , ,39887, , , ,2,2,0,0,0,0,0,0,0,0,0,0,1,1,0,0,0,0,0,0,0,1,0,0,0,0,0,0,0,0,0,0,0,0,0,8,0,39.9417,-75.2228, ,Philadelphia
 ,3778,2017052247,6,67,67301,2017,4,1,1142,11,1,1,0,4,1, , ,N,1,3,0,3,0,3,5,3,N,N,40 01:06.988,75 10:59.131,1155, ,1147, ,0, ,N, ,3, , , , , ,39895, , , ,3,2,0,0,0,1,0,0,0,0,0,0,3,3,0,0,0,0,0,0,0,0,1,0,0,0,0,0,0,0,0,0,0,0,0,8,1,40.0186,-75.1831, ,Philadelphia
 ,3779,2017052124,6,67,67301,2017,4,4,9999,99,1,1,0,8,1, , ,N,1,3,0,3,0,1,2,2,N, ,40 01:31.700,75 02:29.000,1820, ,1815, ,0, , , ,3, , , , , ,39899, , , ,1,1,0,0,0,0,0,0,0,0,1,0,1,0,1,0,0,0,0,0,0,0,0,0,0,0,0,0,0,0,0,0,1,0,0,3,0,40.0255,-75.0414, ,Philadelphia
 ,3780,2017035718,6,67,67301,2017,3,3,640,6,1,1,0,4,1, , ,N,1,2,0,3,0,1,2,2,N, ,40 01:37.898,75 09:04.471,642, ,641,2,2,7, , ,3,Y, , , , ,39936, , , ,2,2,0,0,0,0,0,0,0,0,1,0,1,0,0,0,0,0,0,0,0,0,0,0,0,0,0,0,0,0,0,0,0,0,0,3,0,40.0272,-75.1512, ,Philadelphia
 ,3781,2017061145,6,67,67301,2017,5,1,1522,15,1,2,1,4,1, , ,N,1,3,0,3,0,0,1,4,N,N,39 57:00.788,75 13:29.632,1540, ,1534,2,1,2,N, ,3,Y, , , , ,28383, , , ,4,1,0,0,0,0,2,1,0,0,0,0,0,0,0,0,0,0,0,0,0,0,0,0,0,0,0,0,0,0,0,0,0,0,0,0,0,39.9502,-75.2249, ,Philadelphia
 ,3782,2017019019,6,67,67301,2017,2,4,1830,18,3,1,0,8,1, , ,N,1,2,0,3,0,1,2,2,N,N,40 03:05.569,75 09:00.387,2100, ,2051, ,0, ,N, ,3, , , , , ,28397, , , ,1,1,0,0,0,0,0,0,0,0,0,0,1,1,0,0,0,0,0,0,0,0,0,1,0,0,0,0,0,0,0,0,1,0,0,8,0,40.0515,-75.1501, ,Philadelphia
 ,3783,2017035712,6,67,67301,2017,3,6,1200,12,1,1,0,8,1, , ,N,1,2,0,3,0,1,2,2,N, ,39 57:10.730,75 10:06.316,1208, ,1205, ,0, ,N, ,3, , , , , ,28404, , , ,1,1,0,0,0,0,0,0,0,0,0,1,1,0,0,0,0,0,0,0,0,0,0,1,0,0,0,0,0,0,0,0,1,0,0,4,0,39.953,-75.1685, ,Philadelphia
 ,3784,2017033042,6,67,67301,2017,2,1,340,3,3,1,0,4,1, , ,N,1,2,0,3,0,2,2,2,N,N,39 57:41.046,75 08:53.410,340, ,340, ,0, ,N, ,3, , , , , ,28420, , , ,2,1,0,0,0,0,1,0,0,0,0,2,2,0,0,0,0,0,1,0,0,0,0,0,0,0,0,0,0,0,0,0,0,0,0,4,0,39.9614,-75.1482, ,Philadelphia
 ,3785,2017037547,6,67,67301,2017,3,1,1325,13,1,9,0,6,1, , ,N,0,0,0,3,0,1,2,2,N, ,39 54:53.008,75 14:27.449,1340, ,1337, ,0, , , ,0, , , , , ,28451, , , ,2,1,0,0,1,0,0,0,0,0,0,1,1,0,0,0,0,0,0,0,0,0,0,0,0,0,0,0,0,0,0,0,0,0,0,4,0,39.9147,-75.241, ,Philadelphia
 ,3786,2017021578,6,67,67301,2017,2,4,1810,18,3,1,0,4,1, , ,N,1,3,0,3,0,1,3,2,N, ,39 58:57.511,75 06:24.980,1910, ,1900, ,0, , , ,3, , , , , ,28456, , , ,2,1,0,0,0,0,1,0,0,0,0,0,1,1,0,0,0,0,0,0,1,0,0,2,0,0,0,0,0,0,0,0,0,0,0,8,0,39.9826,-75.1069, ,Philadelphia
 ,3787,2017046650,6,67,67301,2017,5,1,1647,16,1,1,0,2,1, , ,N,1,2,0,3,0,1,2,2,N,N,39 57:01.584,75 11:33.306,1650, ,1647, ,0, ,N, ,3, , , , , ,28472, , , ,1,1,0,0,0,0,0,0,1,0,1,0,1,0,0,0,0,0,0,0,1,0,0,0,0,0,0,0,0,0,0,0,0,0,0,3,0,39.9504,-75.1926, ,Philadelphia