wz_ln_closure,objectid_1,crn,district,county,municipality,crash_year,crash_month,day_of_week,time_of_day,hour_of_day,illumination,weather,road_condition,collision_type,relation_to_road,work_zone_type,work_zone_loc,work_zone_ind,intersect_type,tcd_type,location_type,urban_rural,fatal_count,injury_count,person_count,total_units,sch_bus_ind,sch_zone_ind,latitude,longitude,arrival_tm,cons_zone_spd_lim,dispatch_tm,est_hrs_closed,lane_closed,ln_close_dir,ntfy_hiwy_maint,spec_juris_cd,tcd_func_cd,tfc_detour_ind,workers_pres,wz_close_detour,wz_flagger,wz_law_offcr_ind,objectid,wz_moving,wz_other,wz_shlder_mdn,vehicle_count,automobile_count,motorcycle_count,bus_count,small_truck_count,heavy_truck_count,suv_count,van_count,bicycle_count,maj_inj_count,mod_inj_count,min_inj_count,tot_inj_count,unk_inj_deg_count,unk_inj_per_count,driver_count_16yr,driver_count_17yr,driver_count_18yr,driver_count_19yr,driver_count_20yr,driver_count_50_64yr,driver_count_65_74yr,driver_count_75plus,unbelted_occ_count,unb_death_count,unb_maj_inj_count,belted_death_count,belted_maj_inj_count,mcycle_death_count,mcycle_maj_inj_count,bicycle_death_count,bicycle_maj_inj_count,ped_count,ped_death_count,ped_maj_inj_count,max_severity_level,comm_veh_count,dec_lat,dec_long,rdwy_surf_type_cd,county_name
 ,3852,2017041314,6,67,67301,2017,4,3,1610,16,1,1,0,4,1, , ,N,1,3,0,3,0,2,4,2,N,N,40 02:52.901,75 05:34.215,1627, ,1625, ,0, , , ,3, , , , , ,40847, , , ,2,1,0,0,0,0,1,0,0,0,0,2,2,0,0,0,0,0,0,0,1,0,0,0,0,0,0,0,0,0,0,0,0,0,0,4,0,40.048,-75.0928, ,Philadelphia
 ,3853,2017021580,6,67,67301,2017,1,6,1745,17,3,1,0,4,1, , ,N,1,2,7,3,0,4,20,2,N,N,39 59:32.913,75 10:46.449,9999, ,1748, ,0, ,N, ,3, , , , , ,28589, , , ,2,0,0,1,0,0,0,0,0,0,0,0,4,4,0,0,0,0,0,0,0,0,0,0,0,0,0,0,0,0,0,0,0,0,0,8,1,39.9925,-75.1796, ,Philadelphia
 ,3854,2017041132,6,67,67301,2017,4,2,1955,19,3,1,0,8,1, , ,N,0,0,0,3,0,1,2,2,N, ,39 57:39.702,75 13:44.822,2010, ,1957, ,0, , , ,0, , , , , ,28598, , , ,1,0,0,0,0,0,0,0,0,0,1,0,1,0,0,0,0,0,0,0,0,0,0,0,0,0,0,0,0,0,0,0,1,0,0,3,0,39.961,-75.2291, ,Philadelphia
 ,3855,2017041229,6,67,67301,2017,4,7,1840,18,1,1,0,1,1, , ,N,1,2,0,3,0,1,2,2,N,N,39 57:35.847,75 14:13.646,1855, ,1849, ,0, ,N, ,3, , , , , ,28604, , , ,2,2,0,0,0,0,0,0,0,0,0,1,1,0,0,0,0,0,0,0,0,0,0,0,0,0,0,0,0,0,0,0,0,0,0,4,0,39.96,-75.2371, ,Philadelphia
 ,3856,2017033536,6,67,67301,2017,2,2,2030,20,6,1,0,8,1, , ,N,1,3,0,3,0,1,2,2,N, ,39 59:09.405,75 05:44.572,2047, ,2047, ,0, , , ,3, , , , , ,28605, , , ,1,1,0,0,0,0,0,0,0,0,0,1,1,0,0,0,0,0,0,0,1,0,0,1,0,0,0,0,0,0,0,0,1,0,0,4,0,39.9859,-75.0957, ,Philadelphia
 ,3857,2017038557,6,67,67301,2017,4,4,1100,11,1,1,0,8,1, , ,N,5,2,0,3,0,1,2,2,N,N,40 00:11.393,75 09:08.837,1115, ,1110, ,0, ,N, ,3, , , , , ,28607, , , ,1,1,0,0,0,0,0,0,0,0,1,0,1,0,1,0,0,0,0,0,0,0,0,0,0,0,0,0,0,0,0,0,1,0,0,3,0,40.0032,-75.1525, ,Philadelphia
 ,3858,2017033058,6,67,67301,2017,2,4,1530,15,1,1,0,1,1, , ,N,0,0,0,3,0,1,4,2,N,N,39 59:12.483,75 10:23.415,1615, ,9999, ,0, , , ,0, , , , , ,28612, , , ,2,0,0,0,0,0,1,1,0,0,0,1,1,0,3,0,0,0,0,0,0,0,0,0,0,0,0,0,0,0,0,0,0,0,0,4,0,39.9868,-75.1732, ,Philadelphia
 ,3859,2017055492,6,67,67301,2017,4,6,850,8,1,1,0,4,1, , ,N,1,2,0,3,0,0,4,2,N, ,39 59:21.634,75 09:19.704,915, ,915, ,0, , , ,3, , , , , ,28621, , , ,2,2,0,0,0,0,0,0,0,0,0,0,0,0,3,0,0,0,0,0,0,0,0,1,0,0,0,0,0,0,0,0,0,0,0,9,0,39.9893,-75.1555, ,Philadelphia
 ,3860,2017013184,6,67,67301,2017,1,1,445,4,3,4,3,1,1, , ,N,2,0,0,3,0,1,2,2,N,N,40 01:14.063,75 08:26.428,454, ,454, ,0, ,N, ,0, , , , , ,28636, , , ,2,2,0,0,0,0,0,0,0,0,0,1,1,0,0,0,0,0,1,0,0,0,0,0,0,0,0,0,0,0,0,0,0,0,0,4,0,40.0206,-75.1407, ,Philadelphia
 ,3861,2017035689,6,67,67301,2017,3,1,129,1,3,1,0,4,1, , ,N,1,2,0,3,0,1,3,2,N,N,39 56:32.650,75 09:19.736,132, ,129,1,2,3,N, ,3,Y, , , , ,28654, , , ,2,2,0,0,0,0,0,0,0,0,0,1,1,0,1,0,0,0,0,0,0,0,0,0,0,0,0,0,0,0,0,0,0,0,0,4,0,39.9424,-75.1555, ,Philadelphia
 ,3862,2017028950,6,67,67301,2017,2,4,1316,13,1,1,0,1,1, , ,N,0,0,0,3,0,0,2,2,N, ,39 58:01.473,75 08:24.518,1320, ,1315, ,0, , , ,0, , , , , ,28656, , , ,2,1,0,0,0,0,1,0,0,0,0,0,0,0,0,0,0,0,0,0,0,0,0,1,0,0,0,0,0,0,0,0,0,0,0,0,0,39.9671,-75.1401, ,Philadelphia
 ,3863,2017035700,6,67,67301,2017,3,4,1621,16,1,4,1,1,1, , ,N,0,0,0,3,0,1,3,3,N, ,39 57:13.469,75 11:58.102,1624, ,1621,1,1,2, , ,0,Y, , , , ,28661, , , ,3,1,0,0,1,0,1,0,0,0,0,1,1,0,0,0,0,0,0,0,1,0,0,1,0,0,0,0,0,0,0,0,0,0,0,4,0,39.9537,-75.1995, ,Philadelphia
 ,3864,2017028915,6,67,67301,2017,2,2,1230,12,1,1,0,8,1, , ,N,1,2,0,3,0,1,2,2,N,N,40 00:25.981,75 07:24.378,9999, ,9999, ,0, , , ,3, , , , , ,28706, , , ,1,1,0,0,0,0,0,0,0,0,0,1,1,0,1,0,0,0,0,0,0,0,0,0,0,0,0,0,0,0,0,0,1,0,0,4,0,40.0072,-75.1234, ,Philadelphia
 ,3865,2017028963,6,67,67301,2017,2,5,1535,15,1,1,0,4,1, , ,N,2,0,0,3,0,0,2,2,N,N,40 03:31.094,75 00:31.979,1547, ,1540,1,1,2,N, ,0,N, , , , ,28707, , , ,2,1,0,0,0,0,1,0,0,0,0,0,0,0,0,0,0,0,0,0,0,0,0,0,0,0,0,0,0,0,0,0,0,0,0,0,0,40.0586,-75.0089, ,Philadelphia
 ,3866,2017052131,6,67,67301,2017,4,1,1340,13,1,1,0,1,1, , ,N,1,2,0,3,0,0,5,3,N, ,40 02:20.299,75 09:00.127,1350, ,1343, ,0, , , ,3, , , , , ,28717, , , ,3,2,0,0,0,0,1,0,0,0,0,0,0,0,0,0,0,0,0,0,0,0,0,0,0,0,0,0,0,0,0,0,0,0,0,0,0,40.039,-75.15, ,Philadelphia
N,3867,2017018662,6,67,67301,2017,2,3,554,5,3,1,0,1,1,1,2,Y,0,0,0,3,0,1,3,3,N,N,39 57:33.451,75 10:23.350,601,45,554,1,2,4, , ,0,Y,N,N,N,N,28725,N,Y,N,3,1,0,0,0,0,1,1,0,0,0,0,1,1,0,0,0,0,0,0,2,0,0,0,0,0,0,0,0,0,0,0,0,0,0,8,0,39.9593,-75.1732, ,Philadelphia
 ,3868,2017019072,6,67,67301,2017,1,7,205,2,3,1,0,7,4, , ,N,1,2,0,3,0,1,1,1,N,N,39 58:53.796,75 08:40.041,215, ,210, ,0, ,Y, ,3, , , , , ,28730, , , ,1,1,0,0,0,0,0,0,0,0,0,1,1,0,0,0,0,0,0,0,1,0,0,0,0,0,0,0,0,0,0,0,0,0,0,4,0,39.9816,-75.1445, ,Philadelphia
 ,3869,2017007794,6,67,67301,2017,1,4,700,7,1,2,1,8,1, , ,N,0,0,0,3,0,1,2,2,N,N,40 00:40.782,75 07:14.057,700, ,700, ,0, ,Y, ,0, , , , , ,28780, , , ,1,0,0,0,1,0,0,0,0,0,0,0,1,1,0,0,0,0,0,0,0,0,0,0,0,0,0,0,0,0,0,0,1,0,0,8,0,40.0113,-75.1206, ,Philadelphia
 ,3870,2017033530,6,67,67301,2017,2,5,2210,22,3,1,0,5,6, , ,N,0,0,0,3,0,1,1,3,N,N,39 55:09.904,75 10:13.200,2213, ,2210, ,0, ,N, ,0, , , , , ,28793, , , ,3,3,0,0,0,0,0,0,0,0,0,1,1,0,0,0,0,0,0,0,1,0,0,0,0,0,0,0,0,0,0,0,0,0,0,4,0,39.9194,-75.1703, ,Philadelphia
 ,3871,2017058347,6,67,67301,2017,5,2,1639,16,1,1,0,4,1, , ,N,0,3,7,3,0,0,2,2,N, ,40 06:04.300,75 01:33.500,1645, ,1640, ,0, ,N, ,3, , , , , ,32231, , , ,2,1,0,0,1,0,0,0,0,0,0,0,0,0,0,0,0,0,0,0,2,0,0,0,0,0,0,0,0,0,0,0,0,0,0,0,0,40.1012,-75.026, ,Philadelphia
 ,3872,2017033519,6,67,67301,2017,2,7,1738,17,3,2,1,8,1, , ,N,1,2,0,3,0,2,3,3,N,N,39 58:46.036,75 13:31.401,1750, ,1740, ,0, ,N, ,3, , , , , ,32253, , , ,1,0,0,0,0,0,0,0,0,0,0,0,2,2,0,0,0,0,0,0,0,0,0,0,0,0,0,0,0,0,0,0,2,0,0,8,0,39.9794,-75.2253, ,Philadelphia
 ,3873,2017035434,6,67,67301,2017,3,2,811,8,1,2,1,4,1, , ,N,0,0,0,3,0,0,2,2,N,N,39 58:35.222,75 06:51.140,838, ,815,2,1,1, , ,0,N, , , , ,32256, , , ,2,1,0,0,0,1,0,0,0,0,0,0,0,0,0,0,0,0,0,0,0,0,0,0,0,0,0,0,0,0,0,0,0,0,0,0,1,39.9764,-75.1143, ,Philadelphia
 ,3874,2017028817,6,67,67301,2017,2,1,550,5,3,1,0,5,6, , ,N,0,0,0,3,0,1,1,2,N,N,40 07:00.980,75 00:35.668,555, ,551, ,0, ,N, ,0, , , , , ,32263, , , ,2,1,0,0,0,0,1,0,0,0,0,1,1,0,0,0,0,1,0,0,0,0,0,0,0,0,0,0,0,0,0,0,0,0,0,4,0,40.1169,-75.0099, ,Philadelphia
 ,3875,2017019544,6,46,46108,2017,2,3,1624,16,1,1,0,1,1, , ,N,0,2,0,3,0,0,2,2,N,N,40 05:33.916,75 13:24.081,1630, ,1624, ,0, ,N, ,3, , , , , ,32265, , , ,2,1,0,0,0,0,1,0,0,0,0,0,0,0,0,0,0,0,0,0,1,0,0,0,0,0,0,0,0,0,0,0,0,0,0,0,0,40.0928,-75.2234, ,Montgomery
 ,3876,2017019089,6,67,67301,2017,1,3,2215,22,3,1,0,4,1, , ,N,3,3,0,3,0,1,5,2,N,N,39 59:57.244,75 09:32.454,2220, ,2220, ,0, , , ,3, , , , , ,32294, , , ,2,1,0,0,0,0,1,0,0,0,0,1,1,0,0,0,0,0,0,0,0,1,0,0,0,0,0,0,0,0,0,0,0,0,0,4,0,39.9992,-75.159, ,Philadelphia
 ,3877,2017037417,6,67,67301,2017,3,7,1725,17,1,2,1,7,4, , ,N,2,0,0,3,0,2,3,1,N,N,40 03:39.074,75 02:37.683,1755, ,1747, ,0, ,N, ,0, , , , , ,32301, , , ,1,0,0,0,0,0,0,1,0,0,0,1,2,1,0,0,0,0,0,0,0,0,0,3,0,0,0,0,0,0,0,0,0,0,0,4,0,40.0611,-75.0437, ,Philadelphia
 ,3878,2017043232,6,67,67301,2017,4,3,1554,15,1,1,0,1,1, , ,N,0,0,0,3,0,0,3,3,N,N,40 00:40.771,75 03:41.255,1616, ,1557, ,0, , , ,0, , , , , ,32303, , , ,3,0,0,0,0,0,3,0,0,0,0,0,0,0,0,0,0,0,0,0,1,0,0,0,0,0,0,0,0,0,0,0,0,0,0,0,0,40.0113,-75.0615, ,Philadelphia
 ,3879,2017033573,6,67,67301,2017,2,3,1930,19,3,2,1,8,1, , ,N,1,2,0,3,0,1,2,2,N,N,39 55:42.564,75 10:42.988,1945, ,1940, ,0, , , ,3, , , , , ,32308, , , ,1,0,0,0,0,0,0,1,0,0,0,1,1,0,0,0,0,0,0,0,1,0,0,1,0,0,0,0,0,0,0,0,1,0,0,4,0,39.9285,-75.1786, ,Philadelphia
 ,3880,2017010635,6,67,67301,2017,1,4,1625,16,1,1,0,8,1, , ,N,0,0,0,3,0,1,2,2,N,N,40 01:12.410,75 10:29.060,1629, ,1627, ,0, , , ,0, , , , , ,32340, , , ,1,1,0,0,0,0,0,0,0,0,0,1,1,0,0,0,0,0,0,0,1,0,0,0,0,0,0,0,0,0,0,0,1,0,0,4,0,40.0201,-75.1747, ,Philadelphia
 ,3881,2017037357,6,67,67301,2017,3,6,1557,15,1,1,0,4,1, , ,N,1,3,0,3,0,1,9,2,Y,N,40 00:08.251,75 10:15.819,1558, ,1557, ,0, ,N, ,3, , , , , ,32345, , , ,2,1,0,1,0,0,0,0,0,0,0,1,1,0,0,0,0,0,0,0,0,0,0,0,0,0,0,0,0,0,0,0,0,0,0,4,1,40.0023,-75.1711, ,Philadelphia
 ,3882,2017037555,6,67,67301,2017,3,7,330,3,3,1,1,6,1, , ,N,5,2,1,3,0,0,2,2,N,N,39 59:33.691,75 07:13.223,347, ,345,2,1,1,N, ,3,Y, , , , ,32351, , , ,2,2,0,0,0,0,0,0,0,0,0,0,0,0,0,0,0,0,0,0,1,0,0,0,0,0,0,0,0,0,0,0,0,0,0,0,0,39.9927,-75.1203, ,Philadelphia
 ,3883,2017028900,6,67,67301,2017,2,6,1800,18,2,1,0,8,1, , ,N,1,3,0,3,0,1,2,2,N,N,40 05:52.760,75 03:34.988,2115, ,2100, ,0, ,N, ,3, , , , , ,32360, , , ,1,0,0,0,0,0,1,0,0,0,0,1,1,0,0,0,0,0,0,0,0,0,0,1,0,0,0,0,0,0,0,0,1,0,0,4,0,40.098,-75.0597, ,Philadelphia
 ,3884,2017041280,6,67,67301,2017,4,6,725,7,1,1,0,7,4, , ,N,7,0,2,3,0,0,1,2,N, ,40 02:54.013,75 00:10.574,735, ,731, ,0, , , ,0, , , , , ,32362, , , ,1,1,0,0,0,0,0,0,0,0,0,0,0,0,0,0,0,0,0,0,0,0,0,0,0,0,0,0,0,0,0,0,0,0,0,0,0,40.0484,-75.0029, ,Philadelphia
 ,3885,2017052245,6,67,67301,2017,4,5,1422,14,1,1,0,1,1, , ,N,0,2,0,3,0,2,10,4,N, ,40 00:32.620,75 09:04.615,1428, ,1426,2,1,4, , ,3,N, , , , ,32365, , , ,4,3,0,0,0,0,1,0,0,0,0,0,2,2,0,0,0,0,0,0,2,0,0,3,0,0,0,0,0,0,0,0,0,0,0,8,0,40.0091,-75.1513, ,Philadelphia
 ,3886,2017052322,6,67,67301,2017,4,1,1000,10,1,1,0,4,1, , ,N,1,0,0,3,0,1,3,2,N,N,40 03:06.386,75 09:13.744,1010, ,1007, ,0, ,N, ,0, , , , , ,32367, , , ,2,1,0,0,0,0,1,0,0,0,0,0,1,1,0,0,0,0,0,0,0,0,0,2,0,0,0,0,0,0,0,0,0,0,0,8,0,40.0518,-75.1538, ,Philadelphia
 ,3887,2017052343,6,67,67301,2017,5,3,1430,14,1,1,0,1,1, , ,N,0,0,0,3,0,0,2,3,N, ,40 00:49.818,75 09:00.482,1523, ,1520, ,0, , , ,0, , , , , ,32369, , , ,3,2,0,0,0,0,1,0,0,0,0,0,0,0,0,0,0,0,0,0,0,1,0,0,0,0,0,0,0,0,0,0,0,0,0,0,0,40.0138,-75.1501, ,Philadelphia
 ,3888,2017007769,6,67,67301,2017,1,6,935,9,1,4,0,8,1, , ,N,0,2,0,3,0,1,2,2,N,N,39 56:43.630,75 09:08.710,950, ,945, ,0, ,N, ,3, , , , , ,32391, , , ,1,1,0,0,0,0,0,0,0,0,0,1,1,0,0,0,0,0,0,0,1,0,0,0,0,0,0,0,0,0,0,0,1,0,0,4,0,39.9455,-75.1524, ,Philadelphia
 ,3889,2017019147,6,67,67301,2017,1,3,1547,15,1,1,0,5,1, , ,N,0,0,0,3,0,1,10,5,Y,N,40 01:31.358,75 04:23.930,1606, ,1547,2,2,5,N, ,0,Y, , , , ,36215, , , ,5,2,0,1,0,0,1,1,0,0,0,1,1,0,1,0,0,0,0,0,0,0,0,1,0,0,0,0,0,0,0,0,0,0,0,4,1,40.0254,-75.0733, ,Philadelphia
 ,3890,2017041147,6,67,67301,2017,3,6,1335,13,1,2,1,1,1, , ,N,0,0,0,3,0,1,2,2,N, ,40 04:59.099,74 58:29.043,1343, ,1340, ,0, , , ,0, , , , , ,36218, , , ,2,1,0,0,0,0,1,0,0,0,0,1,1,0,0,0,0,0,0,0,0,0,0,0,0,0,0,0,0,0,0,0,0,0,0,4,0,40.0831,-74.9747, ,Philadelphia
 ,3891,2017041138,6,67,67301,2017,3,5,633,6,1,1,0,4,1, , ,N,1,2,0,3,1,1,2,2,N,N,40 04:18.214,75 09:14.704,710, ,658, ,0, ,N,0,3, , , , , ,36223, , , ,2,0,0,0,1,0,1,0,0,0,0,1,1,0,0,0,0,0,0,0,1,0,0,0,0,0,0,0,0,0,0,0,0,0,0,1,0,40.0717,-75.1541,2,Philadelphia
 ,3892,2017037453,6,67,67301,2017,3,7,2157,21,3,1,0,1,1, , ,N,3,3,0,3,0,4,5,2,N,N,40 03:42.667,75 05:00.685,2205, ,2200,1,2,1,N, ,3,Y, , , , ,36224, , , ,2,1,0,0,1,0,0,0,0,0,0,4,4,0,1,0,0,0,0,0,0,0,0,1,0,0,0,0,0,0,0,0,0,0,0,4,0,40.062,-75.0834, ,Philadelphia
 ,3893,2017037463,6,67,67301,2017,3,6,945,9,1,1,0,4,1, , ,N,5,2,0,3,0,0,2,2,N,N,40 03:30.348,75 08:57.260,1001, ,948, ,0, ,N, ,3, , , , , ,36226, , , ,2,1,0,0,0,0,1,0,0,0,0,0,0,0,0,0,0,0,0,0,1,1,0,0,0,0,0,0,0,0,0,0,0,0,0,0,0,40.0584,-75.1492, ,Philadelphia
 ,3894,2017021605,6,67,67301,2017,2,6,914,9,1,1,0,4,1, , ,N,1,3,0,3,0,2,2,2,N, ,39 57:38.541,75 14:13.174,930, ,925,3,2,1, , ,3,N, , , , ,36229, , , ,2,2,0,0,0,0,0,0,0,0,0,2,2,0,0,0,0,0,0,0,0,0,0,0,0,0,0,0,0,0,0,0,0,0,0,4,0,39.9607,-75.237, ,Philadelphia
 ,3895,2017052373,6,67,67301,2017,4,2,925,9,1,2,1,4,1, , ,N,1,3,0,3,0,1,2,2,N,Y,39 56:23.704,75 10:10.722,1020, ,1016, ,0, ,N, ,3, , , , , ,36234, , , ,1,1,0,0,0,0,0,0,1,0,1,0,1,0,0,0,0,0,0,0,0,0,0,1,0,0,0,0,0,0,0,0,0,0,0,3,0,39.9399,-75.1696, ,Philadelphia
 ,3896,2017052089,6,67,67301,2017,3,1,532,5,3,1,0,4,1, , ,N,1,2,0,3,0,1,3,2,N, ,39 58:09.487,75 09:21.931,706, ,703, ,0, , , ,3, , , , , ,36237, , , ,2,2,0,0,0,0,0,0,0,0,0,1,1,0,0,0,0,0,0,0,0,0,0,1,0,0,0,0,0,0,0,0,0,0,0,4,0,39.9693,-75.1561, ,Philadelphia
 ,3897,2017048136,6,67,67301,2017,5,7,2206,22,3,1,0,5,1, , ,N,0,0,0,3,0,6,8,4,N,N,40 00:00.186,75 11:41.870,2214, ,2207, ,0, , , ,0, , , , , ,36239, , , ,4,2,0,0,0,0,1,0,0,0,0,0,6,6,1,0,0,0,0,0,0,0,0,1,0,0,0,0,0,0,0,0,0,0,0,8,0,40.0001,-75.195, ,Philadelphia
 ,3898,2017019139,6,67,67301,2017,1,5,1600,16,1,1,0,8,1, , ,N,0,0,0,3,0,1,2,2,N, ,39 58:11.992,75 10:00.742,1606, ,1559, ,0, , , ,0, , , , , ,36260, , , ,1,0,0,0,1,0,0,0,0,0,0,1,1,0,0,0,0,0,0,0,0,0,0,0,0,0,0,0,0,0,0,0,1,0,0,4,0,39.97,-75.1669, ,Philadelphia
 ,3899,2017037544,6,67,67301,2017,3,2,2220,22,3,1,0,4,1, , ,N,1,2,0,3,0,0,2,2,N,N,40 03:54.737,75 10:31.167,2228, ,2222,1,1,2,N, ,3,Y, , , , ,36267, , , ,2,1,0,0,0,0,1,0,0,0,0,0,0,0,0,0,0,0,0,0,0,0,0,0,0,0,0,0,0,0,0,0,0,0,0,0,0,40.0652,-75.1753, ,Philadelphia
 ,3900,2017045452,6,67,67301,2017,4,6,2225,22,3,2,1,7,4, , ,N,0,0,0,3,0,0,1,1,N,N,40 02:26.448,75 00:19.937,2250, ,2225,1,2,2, , ,0,N, , , , ,36268, , , ,1,0,0,0,1,0,0,0,0,0,0,0,0,0,0,0,0,0,0,0,0,0,0,0,0,0,0,0,0,0,0,0,0,0,0,0,0,40.0407,-75.0055, ,Philadelphia
 ,3901,2017041354,6,67,67301,2017,4,1,2040,20,3,1,0,1,1, , ,N,0,0,0,3,0,1,2,2,N, ,39 53:46.750,75 13:40.766,2045, ,2041, ,0, , , ,0, , , , , ,36281, , , ,2,1,1,0,0,0,0,0,0,0,1,0,1,0,0,0,0,0,0,0,0,0,0,1,0,0,0,0,0,0,0,0,0,0,0,3,0,39.8963,-75.228, ,Philadelphia
 ,3902,2017049663,6,67,67301,2017,5,5,1618,16,1,1,0,1,1, , ,N,0,0,0,3,0,6,6,4,N,N,39 56:41.673,75 08:32.879,1625, ,1619,2,2,1, , ,0,N, , , , ,36286, , , ,4,4,0,0,0,0,0,0,0,0,1,3,6,2,0,0,0,0,0,0,0,0,0,1,0,0,0,0,0,0,0,0,0,0,0,3,0,39.9449,-75.1425, ,Philadelphia
 ,3903,2017030407,6,67,67301,2017,2,7,1441,14,1,1,0,1,1, , ,N,7,0,2,3,0,0,4,4,N,N,39 56:53.109,75 08:30.389,1520, ,1520, ,0, , , ,0, , , , , ,36310, , , ,4,2,0,0,0,0,2,0,0,0,0,0,0,0,0,0,0,0,0,0,0,0,0,0,0,0,0,0,0,0,0,0,0,0,0,0,0,39.9509,-75.1411, ,Philadelphia
 ,3904,2017055544,6,67,67301,2017,4,2,1433,14,1,1,0,4,1, , ,N,1,3,0,3,0,1,2,2,N,N,39 58:03.270,75 14:52.314,1502, ,1449, ,0, , , ,3, , , , , ,36326, , , ,2,1,0,0,0,0,1,0,0,0,0,0,1,1,0,0,0,0,0,0,0,0,0,1,0,0,0,0,0,0,0,0,0,0,0,8,0,39.9676,-75.2479, ,Philadelphia
 ,3905,2017067975,6,67,67301,2017,6,4,1330,13,1,1,0,5,6, , ,N,0,0,0,3,0,0,1,2,N,N,39 56:59.933,75 09:19.523,1750, ,1735, ,0, ,N, ,0, , , , , ,36339, , , ,2,0,0,0,0,0,1,1,0,0,0,0,0,0,0,0,0,0,0,0,0,1,0,0,0,0,0,0,0,0,0,0,0,0,0,0,0,39.95,-75.1554, ,Philadelphia
 ,3906,2017054878,6,67,67301,2017,5,7,2309,23,3,1,1,7,3, , ,N,0,0,0,3,0,0,1,1,N,N,40 02:39.319,75 00:09.772,2346, ,2335, ,0, , , ,0, , , , , ,36368, , , ,1,0,0,0,1,0,0,0,0,0,0,0,0,0,0,0,0,0,0,0,0,0,0,0,0,0,0,0,0,0,0,0,0,0,0,0,0,40.0443,-75.0027, ,Philadelphia
 ,3907,2017055495,6,67,67301,2017,4,6,1245,12,1,1,0,4,1, , ,N,1,3,0,3,0,1,2,3,N,N,39 59:10.654,75 10:07.654,1245, ,1244,1,2,7, , ,3,Y, , , , ,38450, , , ,3,1,1,0,0,0,1,0,0,0,1,0,1,0,0,0,0,0,0,0,1,0,0,1,0,0,0,0,0,0,0,0,0,0,0,3,0,39.9863,-75.1688, ,Philadelphia
 ,3908,2017014060,6,67,67301,2017,1,5,1500,15,1,1,0,4,1, , ,N,1,2,0,3,0,1,2,2,N,N,39 56:34.904,75 09:07.581,1515, ,1507, ,0, ,N, ,3, , , , , ,38475, , , ,2,1,0,0,0,0,1,0,0,0,0,1,1,0,0,0,0,0,0,0,2,0,0,1,0,0,0,0,0,0,0,0,0,0,0,4,0,39.943,-75.1521, ,Philadelphia
 ,3909,2017042017,6,67,67301,2017,4,1,1810,18,1,1,0,8,1, , ,N,1,2,0,3,0,1,2,2,N,N,39 57:47.719,75 11:18.597,1817, ,1815, ,0, ,N, ,3, , , , , ,38478, , , ,1,1,0,0,0,0,0,0,0,0,0,0,1,1,0,0,0,0,0,0,0,0,0,1,0,0,0,0,0,0,0,0,1,0,0,8,0,39.9633,-75.1885, ,Philadelphia
 ,3910,2017033518,6,67,67301,2017,2,6,2332,23,3,1,0,4,1, , ,N,2,3,0,3,0,0,3,2,N,N,40 04:27.100,75 11:13.600,43, ,2341, ,0, ,N, ,3, , , , , ,38483, , , ,2,1,0,0,0,0,1,0,0,0,0,0,0,0,0,0,0,0,0,0,1,0,0,0,0,0,0,0,0,0,0,0,0,0,0,0,0,40.0742,-75.1871, ,Philadelphia
 ,3911,2017028783,6,67,67301,2017,2,4,2010,20,3,1,0,4,1, , ,N,1,3,0,3,0,3,6,3,N,N,40 00:32.835,75 09:46.684,2015, ,2013,2,2,2,N, ,3,Y, , , , ,38490, , , ,3,2,0,0,0,0,1,0,0,0,0,3,3,0,0,0,0,0,0,0,1,0,0,0,0,0,0,0,0,0,0,0,0,0,0,4,0,40.0091,-75.163, ,Philadelphia
 ,3912,2017039670,6,67,67301,2017,4,2,1525,15,1,1,0,4,1, , ,N,1,2,0,3,0,0,2,2,N,N,39 57:48.108,75 11:14.703,1702, ,1700,1,1,4,N, ,3,N, , , , ,38498, , , ,2,2,0,0,0,0,0,0,0,0,0,0,0,0,0,0,0,0,1,0,0,0,0,0,0,0,0,0,0,0,0,0,0,0,0,0,0,39.9634,-75.1875, ,Philadelphia
 ,3913,2017010709,6,67,67301,2017,1,7,1252,12,1,1,0,1,1, , ,N,0,0,0,3,0,2,3,2,N,N,39 58:58.764,75 12:29.111,1256, ,1252, ,0, , , ,0, , , , , ,38514, , , ,2,1,0,0,0,0,1,0,0,0,0,2,2,0,0,0,0,0,0,0,1,0,0,0,0,0,0,0,0,0,0,0,0,0,0,4,0,39.983,-75.2081, ,Philadelphia
 ,3914,2017013997,6,67,67301,2017,1,6,553,5,1,1,0,5,6, , ,N,0,0,0,3,0,0,2,2,N,N,40 02:10.434,75 13:04.804,600, ,553,1,2,5,N, ,0,Y, , , , ,38521, , , ,2,1,0,0,0,0,1,0,0,0,0,0,0,0,0,0,0,0,0,0,0,0,0,0,0,0,0,0,0,0,0,0,0,0,0,0,0,40.0362,-75.218, ,Philadelphia
 ,3915,2017019174,6,67,67301,2017,1,4,2135,21,3,1,0,5,1, , ,N,0,0,0,3,0,1,2,2,N,N,39 54:24.546,75 11:37.593,2148, ,2143, ,0, ,N, ,0, , , , , ,38522, , , ,2,1,0,0,0,0,1,0,0,0,0,0,1,1,0,0,0,0,0,0,1,0,0,0,0,0,0,0,0,0,0,0,0,0,0,8,0,39.9068,-75.1938, ,Philadelphia
 ,3916,2017040535,6,67,67301,2017,4,1,1155,11,1,1,0,1,1, , ,N,0,0,0,3,0,0,3,2,N,N,39 58:37.764,75 11:56.722,1203, ,1157,1,1,4, , ,0,N, , , , ,38527, , , ,2,1,0,0,1,0,0,0,0,0,0,0,0,0,0,0,0,0,0,0,0,0,0,0,0,0,0,0,0,0,0,0,0,0,0,0,0,39.9769,-75.1976, ,Philadelphia