wz_ln_closure,objectid_1,crn,district,county,municipality,crash_year,crash_month,day_of_week,time_of_day,hour_of_day,illumination,weather,road_condition,collision_type,relation_to_road,work_zone_type,work_zone_loc,work_zone_ind,intersect_type,tcd_type,location_type,urban_rural,fatal_count,injury_count,person_count,total_units,sch_bus_ind,sch_zone_ind,latitude,longitude,arrival_tm,cons_zone_spd_lim,dispatch_tm,est_hrs_closed,lane_closed,ln_close_dir,ntfy_hiwy_maint,spec_juris_cd,tcd_func_cd,tfc_detour_ind,workers_pres,wz_close_detour,wz_flagger,wz_law_offcr_ind,objectid,wz_moving,wz_other,wz_shlder_mdn,vehicle_count,automobile_count,motorcycle_count,bus_count,small_truck_count,heavy_truck_count,suv_count,van_count,bicycle_count,maj_inj_count,mod_inj_count,min_inj_count,tot_inj_count,unk_inj_deg_count,unk_inj_per_count,driver_count_16yr,driver_count_17yr,driver_count_18yr,driver_count_19yr,driver_count_20yr,driver_count_50_64yr,driver_count_65_74yr,driver_count_75plus,unbelted_occ_count,unb_death_count,unb_maj_inj_count,belted_death_count,belted_maj_inj_count,mcycle_death_count,mcycle_maj_inj_count,bicycle_death_count,bicycle_maj_inj_count,ped_count,ped_death_count,ped_maj_inj_count,max_severity_level,comm_veh_count,dec_lat,dec_long,rdwy_surf_type_cd,county_name
 ,4045,2017021974,6,67,67301,2017,2,4,1329,13,1,1,0,4,1, , ,N,1,2,0,3,0,2,2,4,N, ,39 57:50.569,75 11:29.777,1329, ,1329,2,1,4, , ,3,N, , , , ,36736, , , ,4,3,0,0,0,0,0,1,0,0,1,1,2,0,0,0,0,0,0,0,0,0,0,1,0,0,0,0,0,0,0,0,0,0,0,3,0,39.964,-75.1916, ,Philadelphia
 ,4046,2017007837,6,67,67301,2017,1,3,1700,17,3,2,1,8,1, , ,N,0,2,0,3,0,1,2,2,N,N,40 04:40.150,75 01:25.780,1918, ,1916, ,0, ,N, ,2, , , , , ,36741, , , ,1,0,0,0,0,0,1,0,0,0,0,1,1,0,0,0,0,0,0,0,0,0,0,0,0,0,0,0,0,0,0,0,1,0,0,4,0,40.0778,-75.0238, ,Philadelphia
 ,4047,2017035630,6,67,67301,2017,3,2,1816,18,3,1,0,4,1, , ,N,1,2,0,3,0,1,3,2,N,N,40 06:18.575,75 01:58.256,1820, ,1816,1,1,3,N, ,3,Y, , , , ,36743, , , ,2,2,0,0,0,0,0,0,0,0,0,0,1,1,0,0,0,0,0,0,0,0,0,0,0,0,0,0,0,0,0,0,0,0,0,8,0,40.1052,-75.0328, ,Philadelphia
 ,4048,2017037553,6,67,67301,2017,3,2,1045,10,1,1,0,8,1, , ,N,1,2,0,3,0,1,2,2,N, ,39 59:52.789,75 07:31.478,1054, ,1050, ,0, , , ,3, , , , , ,36744, , , ,1,0,0,0,0,0,0,1,0,0,0,1,1,0,0,0,0,0,0,0,0,1,0,1,0,0,0,0,0,0,0,0,1,0,0,4,0,39.998,-75.1254, ,Philadelphia
 ,4049,2017035813,6,67,67301,2017,3,2,1815,18,3,1,0,4,1, , ,N,1,2,0,3,0,1,5,2,N,N,40 00:46.713,75 07:09.797,1830, ,1825, ,0, ,N, ,3, , , , , ,36757, , , ,2,2,0,0,0,0,0,0,0,0,0,1,1,0,0,0,0,0,0,0,0,0,0,0,0,0,0,0,0,0,0,0,0,0,0,4,0,40.013,-75.1194, ,Philadelphia
 ,4050,2017041203,6,67,67301,2017,3,3,1950,19,4,2,1,4,1, , ,N,1,3,0,3,0,1,2,2,N,N,40 02:18.510,75 10:08.119,2015, ,2008, ,0, ,N, ,3, , , , , ,36759, , , ,2,2,0,0,0,0,0,0,0,0,0,0,1,1,0,0,0,0,0,0,0,1,0,0,0,0,0,0,0,0,0,0,0,0,0,8,0,40.0385,-75.1689, ,Philadelphia
 ,4051,2017008096,6,67,67301,2017,1,7,237,2,3,1,0,7,2, , ,N,7,0,2,3,0,0,1,1,N,N,40 00:36.229,75 03:50.590,237, ,237,1,2,2, , ,0,N, , , , ,38944, , , ,1,0,0,0,0,0,1,0,0,0,0,0,0,0,0,0,0,0,0,0,0,0,0,0,0,0,0,0,0,0,0,0,0,0,0,0,0,40.0101,-75.0641, ,Philadelphia
 ,4052,2017016600,6,67,67301,2017,2,3,627,6,5,1,0,1,1, , ,N,0,0,0,3,0,1,2,2,N,N,39 59:22.193,75 05:15.520,658, ,648, ,0, , , ,0, , , , , ,38950, , , ,2,1,0,0,0,0,1,0,0,0,0,0,1,1,0,0,0,0,0,0,0,0,0,0,0,0,0,0,0,0,0,0,0,0,0,8,0,39.9895,-75.0876, ,Philadelphia
 ,4053,2017033081,6,67,67301,2017,2,3,732,7,1,1,0,7,1, , ,N,5,2,0,3,0,0,3,1,N,N,39 57:46.426,75 12:06.810,734, ,733, ,0, ,N, ,3, , , , , ,38968, , , ,1,0,0,0,0,0,0,1,0,0,0,0,0,0,3,0,0,0,0,0,0,0,0,0,0,0,0,0,0,0,0,0,0,0,0,9,0,39.9629,-75.2019, ,Philadelphia
 ,4054,2017019091,6,67,67301,2017,1,6,1020,10,1,1,0,5,1, , ,N,0,0,0,3,0,0,2,2,N, ,39 55:16.698,75 09:31.071,1020, ,1020, ,0, , , ,0, , , , , ,38992, , , ,2,0,0,0,0,0,2,0,0,0,0,0,0,0,0,0,0,0,0,0,0,0,0,0,0,0,0,0,0,0,0,0,0,0,0,0,0,39.9213,-75.1586, ,Philadelphia
 ,4055,2017036420,6,67,67301,2017,3,3,1330,13,1,1,0,5,1, , ,N,0,0,0,3,0,0,3,2,N,N,39 58:48.289,75 12:18.707,1335, ,1330,1,2,3, , ,0,N, , , , ,39000, , , ,2,1,0,0,0,0,1,0,0,0,0,0,0,0,0,0,0,0,0,0,0,0,0,0,0,0,0,0,0,0,0,0,0,0,0,0,0,39.9796,-75.2045, ,Philadelphia
 ,4056,2017028844,6,67,67301,2017,2,7,230,2,3,1,0,5,1, , ,N,2,0,0,3,0,0,1,4,N,N,39 54:51.987,75 10:42.000,245, ,238,3,2,3,N, ,0,Y, , , , ,39013, , , ,4,3,0,0,0,0,1,0,0,0,0,0,0,0,0,0,0,0,0,0,0,0,0,1,0,0,0,0,0,0,0,0,0,0,0,0,0,39.9144,-75.1783, ,Philadelphia
 ,4057,2017028985,6,67,67301,2017,2,2,1400,14,1,1,0,4,1, , ,N,0,0,7,3,0,2,2,2,N,N,39 58:36.607,75 09:29.528,9999, ,1400, ,0, ,N, ,0, , , , , ,39016, , , ,2,2,0,0,0,0,0,0,0,0,0,0,2,2,0,0,0,1,0,0,0,0,0,0,0,0,0,0,0,0,0,0,0,0,0,8,0,39.9768,-75.1582, ,Philadelphia
 ,4058,2017057434,6,67,67301,2017,6,7,1455,14,1,1,0,1,1, , ,N,0,0,0,3,0,0,2,2,N,N,40 00:41.362,75 03:40.190,1510, ,1457, ,0, , , ,0, , , , , ,39023, , , ,2,2,0,0,0,0,0,0,0,0,0,0,0,0,0,0,0,0,0,0,0,0,0,0,0,0,0,0,0,0,0,0,0,0,0,0,0,40.0115,-75.0612, ,Philadelphia
 ,4059,2017037496,6,67,67301,2017,3,4,202,2,3,1,0,8,1, , ,N,1,2,0,3,0,1,2,2,N,N,40 02:50.960,75 08:34.014,233, ,233,1,1,2,N, ,3,N, , , , ,39055, , , ,1,1,0,0,0,0,0,0,0,0,1,0,1,0,0,0,0,0,0,0,0,0,0,1,0,0,0,0,0,0,0,0,1,0,0,3,0,40.0475,-75.1428, ,Philadelphia
 ,4060,2017035854,6,67,67301,2017,3,4,1210,12,1,1,0,7,4, , ,N,0,0,0,3,0,1,1,1,N, ,40 02:45.175,75 03:24.796,1220, ,1217, ,0, , , ,0, , , , , ,39059, , , ,1,0,0,0,0,0,0,1,0,0,0,0,1,1,0,0,0,0,0,0,0,0,0,0,0,0,0,0,0,0,0,0,0,0,0,8,0,40.0459,-75.0569, ,Philadelphia
 ,4061,2017021689,6,67,67301,2017,2,4,1530,15,1,1,0,1,1, , ,N,0,0,0,3,0,1,3,3,N,N,39 55:48.833,75 08:45.058,1600, ,1530, ,0, , , ,0, , , , , ,39113, , , ,3,0,0,0,3,0,0,0,0,0,0,0,1,1,0,0,0,0,0,0,1,0,0,0,0,0,0,0,0,0,0,0,0,0,0,8,0,39.9302,-75.1458, ,Philadelphia
 ,4062,2017027001,6,67,67301,2017,3,7,2137,21,3,1,0,1,1, , ,N,1,2,0,3,0,2,2,2,N,N,40 03:06.205,75 07:10.322,2139, ,2137,1,1,6,N, ,3,N, , , , ,39126, , , ,2,1,0,0,0,0,0,1,0,0,1,1,2,0,0,0,0,0,0,0,1,0,0,0,0,0,0,0,0,0,0,0,0,0,0,3,0,40.0517,-75.1196, ,Philadelphia
 ,4063,2017052402,6,67,67301,2017,5,2,250,2,3,1,0,7,4, , ,N,0,2,0,3,0,1,4,1,N,N,40 02:21.373,75 09:16.066,258, ,255,2,1,1,N, ,3,N, , , , ,39130, , , ,1,0,0,0,0,0,1,0,0,0,0,1,1,0,0,0,0,0,0,0,0,0,0,0,0,0,0,0,0,0,0,0,0,0,0,4,0,40.0393,-75.1545, ,Philadelphia
 ,4064,2017050717,6,67,67301,2017,5,4,829,8,1,1,0,4,1, , ,N,0,0,0,3,0,1,2,2,N,N,40 00:49.719,75 03:23.174,843, ,832,1,1,1, , ,0,N, , , , ,39131, , , ,2,1,0,0,0,1,0,0,0,0,0,0,1,1,0,0,0,0,0,0,1,0,0,0,0,0,0,0,0,0,0,0,0,0,0,8,1,40.0138,-75.0564, ,Philadelphia
 ,4065,2017014026,6,67,67301,2017,1,4,714,7,1,8,1,1,1, , ,N,1,2,0,3,0,0,2,2,N,N,40 01:21.187,75 11:39.673,805, ,801, ,0, ,N, ,3, , , , , ,39137, , , ,2,2,0,0,0,0,0,0,0,0,0,0,0,0,0,0,1,0,0,0,0,0,0,1,0,0,0,0,0,0,0,0,0,0,0,0,0,40.0226,-75.1944, ,Philadelphia
 ,4066,2017035620,6,67,67301,2017,3,6,1141,11,1,4,1,4,1, , ,N,1,3,0,3,0,1,3,2,N,N,39 58:04.684,75 09:01.857,1145, ,1141, ,0, , , ,3, , , , , ,39150, , , ,2,1,0,0,0,0,1,0,0,0,0,1,1,0,0,0,0,0,0,0,0,0,0,3,0,0,0,0,0,0,0,0,0,0,0,4,0,39.968,-75.1505, ,Philadelphia
 ,4067,2017033559,6,67,67301,2017,2,3,1008,10,1,1,0,7,4, , ,N,0,0,0,3,0,1,1,1,N,N,40 00:06.836,75 04:12.046,1015, ,1008,1,1,2, , ,0,N, , , , ,39152, , , ,1,1,0,0,0,0,0,0,0,0,0,1,1,0,0,0,0,0,0,0,0,0,1,0,0,0,0,0,0,0,0,0,0,0,0,4,0,40.0019,-75.07, ,Philadelphia
 ,4068,2017067849,6,67,67301,2017,5,3,2156,21,3,1,0,4,1, , ,N,0,0,0,3,0,1,3,2,N,N,39 56:02.594,75 11:47.918,2156, ,2156,1,2,4,N, ,0,Y, , , , ,39179, , , ,2,2,0,0,0,0,0,0,0,0,0,0,1,1,1,0,0,0,0,0,0,0,0,0,0,0,0,0,0,0,0,0,0,0,0,8,0,39.9341,-75.1966, ,Philadelphia
 ,4069,2017028934,6,67,67301,2017,2,5,2000,20,3,1,0,4,1, , ,N,1,2,0,3,0,0,2,2,N, ,39 58:19.508,75 09:51.420,2005, ,2002, ,0, , , ,3, , , , , ,29241, , , ,2,2,0,0,0,0,0,0,0,0,0,0,0,0,0,0,0,0,0,0,0,0,0,0,0,0,0,0,0,0,0,0,0,0,0,0,0,39.9721,-75.1642, ,Philadelphia
 ,4070,2017009841,6,67,67301,2017,1,6,1812,18,3,1,0,1,1, , ,N,0,0,0,3,0,0,4,2,N,N,40 01:21.290,75 02:12.174,1829, ,1814, ,0, , , ,0, , , , , ,29261, , , ,2,0,0,0,0,0,2,0,0,0,0,0,0,0,0,0,0,0,0,0,0,0,0,0,0,0,0,0,0,0,0,0,0,0,0,0,0,40.0226,-75.0367, ,Philadelphia
 ,4071,2017018987,6,67,67301,2017,1,3,907,9,1,2,1,4,1, , ,N,1,2,0,3,0,2,4,2,N,N,40 02:22.048,75 04:38.765,912, ,908,1,1,2, , ,3,Y, , , , ,29273, , , ,2,2,0,0,0,0,0,0,0,0,1,1,2,0,0,0,0,0,0,0,0,0,0,0,0,0,0,0,0,0,0,0,0,0,0,3,0,40.0394,-75.0774, ,Philadelphia
 ,4072,2017035761,6,67,67301,2017,3,6,1750,17,4,1,1,4,1, , ,N,1,3,0,3,0,2,5,4,N,N,39 59:23.175,75 07:11.596,1809, ,1755,2,2,7,N, ,3,Y, , , , ,29279, , , ,4,3,0,0,0,0,1,0,0,0,0,2,2,0,0,0,0,0,0,0,0,0,0,3,0,0,0,0,0,0,0,0,0,0,0,4,0,39.9898,-75.1199, ,Philadelphia
 ,4073,2017052318,6,67,67301,2017,4,5,1445,14,1,1,0,4,1, , ,N,1,8,0,3,0,0,2,2,N,N,39 58:28.782,75 12:45.129,1507, ,1455, ,0, ,N, ,3, , , , , ,29290, , , ,2,0,0,0,0,1,1,0,0,0,0,0,0,0,0,0,0,0,0,0,0,0,1,0,0,0,0,0,0,0,0,0,0,0,0,0,1,39.9747,-75.2125, ,Philadelphia
 ,4074,2017012449,6,67,67301,2017,1,6,1819,18,3,1,0,1,1, , ,N,0,0,0,3,0,1,3,3,N,N,39 58:29.857,75 07:02.720,1830, ,1823, ,0, , , ,0, , , , , ,29307, , , ,3,1,0,0,1,0,1,0,0,0,1,0,1,0,1,0,0,0,0,0,0,0,0,0,0,0,0,0,0,0,0,0,0,0,0,3,0,39.975,-75.1174, ,Philadelphia
 ,4075,2017019025,6,67,67301,2017,1,7,1145,11,1,1,0,4,1, , ,N,1,2,0,3,0,1,4,2,N,N,40 02:42.011,75 07:24.823,1243, ,1233, ,0, , , ,3, , , , , ,29310, , , ,2,0,0,0,0,0,2,0,0,0,0,0,1,1,0,0,0,0,0,0,0,0,0,2,0,0,0,0,0,0,0,0,0,0,0,8,0,40.045,-75.1235, ,Philadelphia
 ,4076,2017041215,6,67,67301,2017,3,4,9999,99,1,1,0,6,6, , ,N,0,0,0,3,0,0,2,2,N,N,40 02:12.623,75 08:42.380,1246, ,1244, ,0, ,N, ,0, , , , , ,29315, , , ,2,1,0,0,1,0,0,0,0,0,0,0,0,0,1,0,0,0,0,0,0,0,0,1,0,0,0,0,0,0,0,0,0,0,0,9,0,40.0368,-75.1451, ,Philadelphia
 ,4077,2017028931,6,67,67301,2017,2,3,9999,99,1,1,0,4,1, , ,N,2,2,2,3,0,2,2,2,N,N,39 53:01.171,75 15:05.812,1125, ,1101, ,0, ,N, ,3, , , , , ,29326, , , ,2,2,0,0,0,0,0,0,0,0,0,2,2,0,0,0,0,0,0,0,1,0,0,0,0,0,0,0,0,0,0,0,0,0,0,4,0,39.8836,-75.2515, ,Philadelphia
 ,4078,2017052161,6,67,67301,2017,4,3,1545,15,1,1,0,8,1, , ,N,0,0,0,3,0,1,2,2,N, ,40 00:33.829,75 09:03.086,1555, ,1550, ,0, , , ,0, , , , , ,29339, , , ,1,0,0,0,0,0,1,0,0,0,0,1,1,0,0,0,0,0,0,0,0,0,0,0,0,0,0,0,0,0,0,0,1,0,0,4,0,40.0093,-75.1509, ,Philadelphia
 ,4079,2017062768,6,67,67301,2017,5,5,1700,17,1,1,0,7,4, , ,N,2,0,0,3,0,0,1,1,N,N,40 00:12.635,75 08:35.836,1715, ,1710, ,0, ,N, ,0, , , , , ,29344, , , ,1,1,0,0,0,0,0,0,0,0,0,0,0,0,0,0,0,0,0,0,0,0,0,0,0,0,0,0,0,0,0,0,0,0,0,0,0,40.0035,-75.1433, ,Philadelphia
 ,4080,2017067937,6,67,67301,2017,5,7,2002,20,3,1,0,4,1, , ,N,1,2,0,3,0,1,2,2,N, ,40 02:02.040,75 04:27.136,2201, ,2009,9,1,2, , ,3,N, , , , ,29394, , , ,2,1,1,0,0,0,0,0,0,0,0,1,1,0,0,0,0,0,0,0,1,0,0,0,0,0,0,0,0,0,0,0,0,0,0,4,0,40.0339,-75.0742, ,Philadelphia
 ,4081,2017013913,6,67,67301,2017,1,1,1355,13,1,1,0,8,1, , ,N,1,2,0,3,0,1,2,2,N, ,39 57:19.425,75 09:21.185,1451, ,1451, ,0, , , ,3, , , , , ,29405, , , ,1,0,0,0,1,0,0,0,0,1,0,0,1,0,0,0,0,0,0,0,0,0,0,0,0,0,0,0,0,0,0,0,1,0,1,2,0,39.9554,-75.1559, ,Philadelphia
 ,4082,2017019067,6,67,67301,2017,2,4,1900,19,3,1,0,8,1, , ,N,0,0,0,3,0,1,2,2,N,N,40 04:22.342,75 09:28.569,1915, ,1907,1,1,1,N, ,0,N, , , , ,29412, , , ,1,1,0,0,0,0,0,0,0,0,0,0,1,1,0,0,0,0,0,0,0,0,0,0,0,0,0,0,0,0,0,0,1,0,0,8,0,40.0729,-75.1579, ,Philadelphia
 ,4083,2017058316,6,67,67301,2017,5,5,1315,13,1,1,0,1,1, , ,N,1,2,0,3,0,1,3,3,N, ,40 00:15.530,75 07:40.814,1331, ,1331, ,0, , , ,3, , , , , ,29435, , , ,3,1,0,0,0,0,2,0,0,0,0,1,1,0,0,0,0,0,0,0,1,0,0,0,0,0,0,0,0,0,0,0,0,0,0,4,0,40.0043,-75.128, ,Philadelphia
 ,4084,2017060715,6,67,67301,2017,5,3,1800,18,1,1,0,1,1, , ,N,1,2,0,3,0,1,3,3,N, ,39 56:15.360,75 09:52.657,1824, ,1818, ,0, , , ,3, , , , , ,29440, , , ,3,0,0,0,0,0,3,0,0,0,0,1,1,0,0,0,0,0,0,0,0,0,0,0,0,0,0,0,0,0,0,0,0,0,0,4,0,39.9376,-75.1646, ,Philadelphia
 ,4085,2017055501,6,67,67301,2017,5,3,1855,18,1,1,0,4,1, , ,N,2,2,0,3,0,1,2,2,N,N,39 53:25.139,75 14:42.138,1937, ,1937,9,1,1, , ,3,N, , , , ,29445, , , ,1,0,0,0,0,0,1,0,1,0,0,1,1,0,0,0,0,0,0,0,0,1,0,0,0,0,0,0,0,0,0,0,0,0,0,4,0,39.8903,-75.245, ,Philadelphia
 ,4086,2017009812,6,67,67301,2017,1,1,1612,16,1,1,0,4,1, , ,N,0,0,0,3,0,2,4,2,N,N,39 55:09.600,75 08:53.203,1627, ,1615, ,0, , , ,0, , , , , ,29456, , , ,2,2,0,0,0,0,0,0,0,0,1,0,2,1,0,0,0,0,0,0,0,0,0,2,0,0,0,0,0,0,0,0,0,0,0,3,0,39.9193,-75.1481, ,Philadelphia
 ,4087,2017037534,6,67,67301,2017,3,6,1606,16,1,1,1,8,1, , ,N,1,2,0,3,0,1,2,2,N,Y,40 00:24.336,75 07:53.741,1619, ,1606, ,0, ,N, ,3, , , , , ,32878, , , ,1,1,0,0,0,0,0,0,0,0,1,0,1,0,1,0,0,0,0,0,0,0,0,0,0,0,0,0,0,0,0,0,1,0,0,3,0,40.0068,-75.1316, ,Philadelphia
 ,4088,2017032201,6,67,67301,2017,2,2,516,5,3,1,0,7,4, , ,N,10,0,0,3,0,0,1,1,N,N,39 59:05.530,75 13:39.950,518, ,518, ,0, , , ,0, , , , , ,32881, , , ,1,0,0,0,0,0,1,0,0,0,0,0,0,0,1,0,0,0,0,0,0,0,0,0,0,0,0,0,0,0,0,0,0,0,0,9,0,39.9849,-75.2278, ,Philadelphia
 ,4089,2017027873,6,67,67301,2017,3,4,1722,17,1,1,0,1,1, , ,N,0,0,2,3,0,2,4,2,N,N,39 54:40.400,75 09:22.400,1725, ,1723, ,0, ,N, ,0, , , , , ,32889, , , ,2,0,0,0,0,1,1,0,0,0,0,2,2,0,0,0,0,0,0,0,1,1,0,0,0,0,0,0,0,0,0,0,0,0,0,4,0,39.9112,-75.1562, ,Philadelphia
 ,4090,2017037200,6,67,67301,2017,3,2,1528,15,1,1,0,1,1, , ,N,7,3,2,3,0,1,2,2,N,N,40 00:31.943,75 12:18.729,1528, ,1528, ,0, , , ,3, , , , , ,32928, , , ,2,1,0,0,1,0,0,0,0,0,1,0,1,0,0,0,0,0,0,0,1,0,0,1,0,0,0,0,0,0,0,0,0,0,0,3,0,40.0089,-75.2052, ,Philadelphia
 ,4091,2017028852,6,67,67301,2017,2,4,630,6,5,1,8,8,1, , ,N,1,0,0,3,0,1,2,2,N, ,40 02:57.246,75 10:19.883,1130, ,1130, ,0, , , ,0, , , , , ,32937, , , ,1,0,0,0,0,0,1,0,0,0,0,0,1,1,1,0,0,0,0,0,0,0,0,0,0,0,0,0,0,0,0,0,1,0,0,8,0,40.0492,-75.1722, ,Philadelphia
 ,4092,2017030700,6,67,67301,2017,3,3,1554,15,1,4,4,7,3, , ,N,0,0,0,3,0,1,1,1,N,N,40 00:30.959,75 12:12.564,1600, ,1554,1,2,3, , ,0,N, , , , ,32944, , , ,1,0,0,0,0,0,1,0,0,0,0,1,1,0,0,0,0,0,0,0,0,0,0,0,0,0,0,0,0,0,0,0,0,0,0,4,0,40.0086,-75.2035, ,Philadelphia
 ,4093,2017033142,6,67,67301,2017,2,6,1030,10,1,1,0,4,1, , ,N,1,2,0,3,0,1,5,2,N, ,39 58:30.316,75 11:41.875,1038, ,1037, ,0, , , ,3, , , , , ,32977, , , ,2,0,1,0,0,0,1,0,0,0,0,0,1,1,0,0,0,0,0,0,0,0,0,0,0,0,0,0,0,0,0,0,0,0,0,8,0,39.9751,-75.195, ,Philadelphia
 ,4094,2017035895,6,67,67301,2017,3,6,1507,15,1,1,0,7,4, , ,N,0,0,0,3,0,1,5,3,N,N,40 01:58.783,75 01:14.900,1529, ,1507,4,1,2, , ,0,Y, , , , ,32983, , , ,3,1,0,0,1,1,0,0,0,0,0,0,1,1,0,0,0,0,0,0,1,0,0,1,0,0,0,0,0,0,0,0,0,0,0,8,1,40.033,-75.0208, ,Philadelphia
 ,4095,2017070471,6,67,67301,2017,6,2,1155,11,1,1,0,4,1, , ,N,1,2,0,3,0,5,5,3,N,N,40 02:02.040,75 04:27.136,1205, ,1156,3,1,1,N, ,3,Y, , , , ,33003, , , ,3,0,0,0,2,0,1,0,0,0,4,1,5,0,0,0,0,0,0,0,0,1,0,0,0,0,0,0,0,0,0,0,0,0,0,3,0,40.034,-75.0744, ,Philadelphia
 ,4096,2017040483,6,67,67301,2017,3,7,51,0,3,1,0,1,1, , ,N,0,0,0,3,0,3,6,2,N,N,39 59:37.376,75 05:05.103,101, ,53,2,2,2, , ,0,N, , , , ,33040, , , ,2,2,0,0,0,0,0,0,0,0,0,0,3,3,3,0,0,0,0,0,0,0,0,0,0,0,0,0,0,0,0,0,0,0,0,8,0,39.9937,-75.0848, ,Philadelphia
 ,4097,2017055601,6,67,67301,2017,4,7,1605,16,1,1,0,0,1, , ,N,0,0,0,3,0,1,1,1,N,N,40 03:17.650,75 00:16.459,1610, ,1608, ,0, ,N, ,0, , , , , ,33047, , , ,1,0,1,0,0,0,0,0,0,0,0,1,1,0,0,0,0,0,0,0,0,0,0,0,0,0,0,0,0,0,0,0,0,0,0,4,0,40.0549,-75.0046, ,Philadelphia
 ,4098,2017014015,6,67,67301,2017,1,5,720,7,1,1,0,8,1, , ,N,1,2,0,3,0,1,2,2,N,N,39 57:39.415,75 08:41.866,724, ,722,1,2,2,N, ,3,Y, , , , ,33059, , , ,1,1,0,0,0,0,0,0,0,0,0,0,1,1,0,0,0,0,0,0,0,0,0,1,0,0,0,0,0,0,0,0,1,0,0,8,0,39.9609,-75.145, ,Philadelphia
 ,4099,2017028789,6,67,67301,2017,1,3,2210,22,3,1,0,8,1, , ,N,0,0,0,3,0,1,2,2,N,N,39 59:12.363,75 14:43.092,2230, ,2220, ,0, , , ,0, , , , , ,33080, , , ,1,1,0,0,0,0,0,0,0,0,0,0,1,1,0,0,0,0,0,0,0,0,0,0,0,0,0,0,0,0,0,0,1,0,0,8,0,39.9868,-75.2453, ,Philadelphia
 ,4100,2017041421,6,67,67301,2017,3,6,1050,10,1,2,1,4,1, , ,N,1,2,0,3,0,3,3,3,N,N,39 56:31.472,75 10:57.552,1053, ,1051,2,1,4,N, ,3,Y, , , , ,33083, , , ,3,3,0,0,0,0,0,0,0,0,0,0,3,3,0,0,0,0,0,0,1,0,0,0,0,0,0,0,0,0,0,0,0,0,0,8,0,39.9421,-75.1827, ,Philadelphia
 ,4101,2017058365,6,67,67301,2017,5,3,1040,10,1,1,0,1,1, , ,N,1,0,0,3,0,1,2,2,N, ,40 02:11.464,75 10:49.411,1245, ,1233, ,0, , , ,0, , , , , ,33105, , , ,2,0,0,0,0,0,2,0,0,0,0,1,1,0,0,0,0,0,0,0,0,0,0,0,0,0,0,0,0,0,0,0,0,0,0,4,0,40.0365,-75.1804, ,Philadelphia
 ,4102,2017037360,6,67,67301,2017,3,1,957,9,1,1,0,4,1, , ,N,1,2,0,3,0,2,3,2,N,N,39 59:16.774,75 14:14.949,1101, ,1031,2,1,7,N, ,3,N, , , , ,33119, , , ,2,1,0,0,0,0,1,0,0,0,0,2,2,0,0,0,0,1,0,0,0,0,0,1,0,0,0,0,0,0,0,0,0,0,0,4,0,39.988,-75.2375, ,Philadelphia
 ,4103,2017033561,6,67,67301,2017,2,3,1805,18,3,2,1,4,1, , ,N,1,2,0,3,0,0,4,2,N, ,40 01:48.464,75 02:06.579,1824, ,1821, ,0, , , ,3, , , , , ,33124, , , ,2,2,0,0,0,0,0,0,0,0,0,0,0,0,0,0,0,1,0,0,0,0,0,0,0,0,0,0,0,0,0,0,0,0,0,0,0,40.0301,-75.0352, ,Philadelphia
 ,4104,2017035721,6,67,67301,2017,3,6,2326,23,3,1,0,1,6, , ,N,0,0,0,3,0,0,1,2,N,N,40 01:13.633,75 03:48.159,2335, ,2328,2,1,1,N, ,0,N, , , , ,33126, , , ,2,2,0,0,0,0,0,0,0,0,0,0,0,0,1,0,0,0,0,0,0,0,0,0,0,0,0,0,0,0,0,0,0,0,0,9,0,40.0205,-75.0634, ,Philadelphia
 ,4105,2017008422,6,67,67301,2017,1,2,1910,19,3,2,1,8,1, , ,N,1,2,0,3,0,1,2,2,N,N,40 04:02.954,75 10:45.487,1923, ,1920, ,0, ,N, ,3, , , , , ,36782, , , ,1,0,0,0,0,0,1,0,0,0,0,0,1,1,0,0,0,0,0,0,0,0,0,0,0,0,0,0,0,0,0,0,1,0,0,8,0,40.0675,-75.1793, ,Philadelphia
 ,4106,2017013199,6,67,67301,2017,1,6,1529,15,1,1,0,8,1, , ,N,0,0,0,3,0,1,2,2,N,N,40 02:19.132,75 11:07.949,1540, ,1530, ,0, ,N, ,0, , , , , ,36789, , , ,1,1,0,0,0,0,0,0,0,0,0,1,1,0,0,0,0,0,0,0,0,0,0,0,0,0,0,0,0,0,0,0,1,0,0,4,0,40.0386,-75.1855, ,Philadelphia
 ,4107,2017035533,6,67,67301,2017,4,7,152,1,3,2,7,7,4, , ,N,0,0,0,3,0,0,1,1,N,N,39 58:51.006,75 12:22.852,152, ,152,1,1,3, , ,0,N, , , , ,36793, , , ,1,1,0,0,0,0,0,0,0,0,0,0,0,0,0,0,0,0,0,0,0,0,0,0,0,0,0,0,0,0,0,0,0,0,0,0,0,39.9808,-75.2063, ,Philadelphia
 ,4108,2017021593,6,67,67301,2017,2,6,2035,20,3,1,1,4,1, , ,N,1,2,0,3,0,2,3,2,N,N,40 03:16.700,75 08:58.941,2345, ,2035, ,0, ,N, ,3, , , , , ,36803, , , ,2,0,0,0,0,0,1,1,0,0,0,0,2,2,1,0,0,0,0,0,1,0,0,0,0,0,0,0,0,0,0,0,0,0,0,8,0,40.0546,-75.1497, ,Philadelphia