wz_ln_closure,objectid_1,crn,district,county,municipality,crash_year,crash_month,day_of_week,time_of_day,hour_of_day,illumination,weather,road_condition,collision_type,relation_to_road,work_zone_type,work_zone_loc,work_zone_ind,intersect_type,tcd_type,location_type,urban_rural,fatal_count,injury_count,person_count,total_units,sch_bus_ind,sch_zone_ind,latitude,longitude,arrival_tm,cons_zone_spd_lim,dispatch_tm,est_hrs_closed,lane_closed,ln_close_dir,ntfy_hiwy_maint,spec_juris_cd,tcd_func_cd,tfc_detour_ind,workers_pres,wz_close_detour,wz_flagger,wz_law_offcr_ind,objectid,wz_moving,wz_other,wz_shlder_mdn,vehicle_count,automobile_count,motorcycle_count,bus_count,small_truck_count,heavy_truck_count,suv_count,van_count,bicycle_count,maj_inj_count,mod_inj_count,min_inj_count,tot_inj_count,unk_inj_deg_count,unk_inj_per_count,driver_count_16yr,driver_count_17yr,driver_count_18yr,driver_count_19yr,driver_count_20yr,driver_count_50_64yr,driver_count_65_74yr,driver_count_75plus,unbelted_occ_count,unb_death_count,unb_maj_inj_count,belted_death_count,belted_maj_inj_count,mcycle_death_count,mcycle_maj_inj_count,bicycle_death_count,bicycle_maj_inj_count,ped_count,ped_death_count,ped_maj_inj_count,max_severity_level,comm_veh_count,dec_lat,dec_long,rdwy_surf_type_cd,county_name
 ,4109,2017021504,6,67,67301,2017,2,7,9999,99,1,1,0,4,1, , ,N,2,2,0,3,0,1,2,2,N,N,40 05:57.217,74 58:41.404,9999, ,9999, ,0, ,N, ,3, , , , , ,36804, , , ,1,0,0,0,0,0,1,0,1,0,0,1,1,0,0,0,0,0,0,0,0,0,0,0,0,0,0,0,0,0,0,0,0,0,0,4,0,40.0992,-74.9782, ,Philadelphia
 ,4110,2017003982,6,67,67301,2017,1,1,148,1,3,1,0,7,2, , ,N,0,0,0,3,0,2,3,2,N,N,39 59:32.327,75 12:04.879,153, ,151, ,0, , , ,0, , , , , ,36832, , , ,2,1,0,0,0,0,1,0,0,0,0,1,2,1,0,0,0,1,0,0,0,0,0,0,0,0,0,0,0,0,0,0,0,0,0,4,0,39.9923,-75.2014, ,Philadelphia
 ,4111,2017013945,6,67,67301,2017,1,3,2230,22,3,2,1,8,1, , ,N,3,0,0,3,0,1,2,2,N, ,40 02:19.417,75 08:40.892,45, ,45, ,0, , , ,0, , , , , ,36844, , , ,1,0,0,0,0,0,0,0,0,0,0,0,1,1,1,0,0,0,0,0,0,0,0,0,0,0,0,0,0,0,0,0,1,0,0,8,0,40.0387,-75.1447, ,Philadelphia
 ,4112,2017037406,6,67,67301,2017,3,3,1953,19,3,1,0,4,1, , ,N,1,3,0,3,0,1,5,3,N, ,39 59:21.003,75 11:00.958,1953, ,1953, ,0, , , ,3, , , , , ,36851, , , ,3,2,0,0,0,0,1,0,0,0,0,0,1,1,2,0,0,0,0,0,1,0,0,0,0,0,0,0,0,0,0,0,0,0,0,8,0,39.9892,-75.1836, ,Philadelphia
 ,4113,2017040475,6,67,67301,2017,3,7,1551,15,1,2,1,1,1, , ,N,3,0,0,3,0,0,3,2,N,N,39 56:10.909,75 11:57.939,1555, ,1551,1,1,4, , ,0,N, , , , ,36852, , , ,2,2,0,0,0,0,0,0,0,0,0,0,0,0,0,0,0,0,0,0,0,0,0,0,0,0,0,0,0,0,0,0,0,0,0,0,0,39.9364,-75.1994, ,Philadelphia
 ,4114,2017037422,6,67,67301,2017,3,6,915,9,1,1,0,1,6, , ,N,0,0,0,3,0,1,1,2,N,N,39 56:52.825,75 09:12.423,923, ,917, ,0, ,N, ,0, , , , , ,36856, , , ,2,1,0,0,0,1,0,0,0,0,0,1,1,0,0,0,0,0,0,0,0,0,0,0,0,0,0,0,0,0,0,0,0,0,0,4,1,39.948,-75.1535, ,Philadelphia
 ,4115,2017040502,6,67,67301,2017,3,6,347,3,2,2,1,7,7, , ,N,7,0,2,3,0,1,3,1,N,N,39 57:36.406,75 10:47.246,352, ,350, ,0, , , ,0, , , , , ,36892, , , ,1,0,0,0,0,0,1,0,0,0,1,0,1,0,0,0,0,0,0,0,0,0,0,0,0,0,0,0,0,0,0,0,0,0,0,3,0,39.9616,-75.1825, ,Philadelphia
 ,4116,2017037557,6,67,67301,2017,3,1,1220,12,1,8,6,1,1, , ,N,1,2,2,3,0,1,3,2,N,N,40 00:52.747,75 10:42.441,1240, ,1231, ,0, ,N, ,3, , , , , ,36893, , , ,2,1,0,0,1,0,0,0,0,0,0,1,1,0,0,0,0,0,0,0,1,1,0,2,0,0,0,0,0,0,0,0,0,0,0,4,0,40.0146,-75.1784, ,Philadelphia
 ,4117,2017028835,6,67,67301,2017,2,1,1511,15,1,1,0,1,1, , ,N,3,2,0,3,0,1,2,2,N, ,40 00:05.039,75 04:53.662,1630, ,1618,3,1,2, , ,3,N, , , , ,36897, , , ,2,0,0,0,0,1,1,0,0,0,0,0,1,1,0,0,0,0,0,0,0,0,0,0,0,0,0,0,0,0,0,0,0,0,0,8,1,40.0014,-75.0816, ,Philadelphia
 ,4118,2017033677,6,67,67301,2017,3,5,1654,16,1,1,0,4,1, , ,N,1,2,0,3,0,1,2,2,N,N,39 58:37.164,75 09:21.596,1654, ,1654, ,0, ,N, ,3, , , , , ,36935, , , ,2,2,0,0,0,0,0,0,0,0,0,0,1,1,1,0,0,0,0,0,1,0,0,0,0,0,0,0,0,0,0,0,0,0,0,8,0,39.977,-75.156, ,Philadelphia
 ,4119,2017035841,6,67,67301,2017,3,4,1658,16,1,1,0,4,1, , ,N,1,3,0,3,0,2,3,2,N,N,40 03:49.831,75 08:50.874,1711, ,1705, ,0, ,N, ,3, , , , , ,36937, , , ,2,2,0,0,0,0,0,0,0,0,0,2,2,0,0,0,0,0,0,0,0,0,0,1,0,0,0,0,0,0,0,0,0,0,0,4,0,40.0638,-75.1475, ,Philadelphia
 ,4120,2017041169,6,67,67301,2017,3,6,543,5,5,6,1,4,1, , ,N,1,2,0,3,0,0,2,3,N, ,39 59:18.153,75 06:35.280,550, ,545, ,0, , , ,2, , , , , ,36940, , , ,3,1,0,0,1,0,1,0,0,0,0,0,0,0,0,0,0,0,0,0,0,0,0,1,0,0,0,0,0,0,0,0,0,0,0,0,0,39.9884,-75.1098, ,Philadelphia
 ,4121,2017035599,6,67,67301,2017,3,7,2300,23,3,1,0,4,1, , ,N,0,0,7,3,0,1,2,2,N,N,39 55:16.709,75 11:35.771,2317, ,2311, ,0, ,N, ,0, , , , , ,36942, , , ,2,1,0,0,0,1,0,0,0,0,1,0,1,0,0,0,0,0,0,0,0,0,0,0,0,0,0,0,0,0,0,0,0,0,0,3,1,39.9213,-75.1933, ,Philadelphia
 ,4122,2017055670,6,67,67301,2017,4,5,1634,16,1,1,0,5,1, , ,N,0,0,0,3,0,1,2,2,N,N,40 02:21.593,75 06:35.119,1720, ,1634, ,0, ,N, ,0, , , , , ,36965, , , ,2,1,0,1,0,0,0,0,0,0,1,0,1,0,0,0,0,0,0,0,0,0,0,0,0,0,0,0,0,0,0,0,0,0,0,3,1,40.0393,-75.1097, ,Philadelphia
 ,4123,2017021631,6,67,67301,2017,2,3,1750,17,1,1,0,4,1, , ,N,1,2,0,3,0,1,4,4,N, ,39 54:53.676,75 14:04.783,1756, ,1752,2,2,4, , ,3,Y, , , , ,38578, , , ,4,2,0,0,1,0,1,0,0,0,0,0,1,1,0,0,0,0,0,0,0,0,0,1,0,0,0,0,0,0,0,0,0,0,0,8,1,39.9149,-75.2347, ,Philadelphia
 ,4124,2017060488,6,67,67301,2017,5,2,2228,22,3,1,0,4,1, , ,N,1,3,0,3,0,0,4,2,N,N,39 57:13.402,75 13:56.207,2230, ,2229, ,0, ,N, ,3, , , , , ,38602, , , ,2,1,0,0,0,0,0,0,0,0,0,0,0,0,1,0,0,0,0,0,0,0,0,1,0,0,0,0,0,0,0,0,0,0,0,9,0,39.9537,-75.2323, ,Philadelphia
 ,4125,2017078699,6,67,67301,2017,6,6,841,8,1,2,1,1,1, , ,N,0,0,0,3,0,3,4,4,N,N,39 57:07.704,75 13:49.652,843, ,841,3,2,5,N, ,0,Y, , , , ,38614, , , ,4,2,0,0,1,0,0,1,0,0,3,0,3,0,0,0,0,0,0,0,3,0,0,1,0,0,0,0,0,0,0,0,0,0,0,3,0,39.9521,-75.2305, ,Philadelphia
 ,4126,2017067861,6,67,67301,2017,5,4,9999,99,1,1,0,4,1, , ,N,1,3,0,3,0,0,2,2,N, ,39 59:51.511,75 08:48.429,1912, ,1908,3,1,4, , ,3,N, , , , ,38615, , , ,2,2,0,0,0,0,0,0,0,0,0,0,0,0,0,0,0,0,0,0,1,0,0,1,0,0,0,0,0,0,0,0,0,0,0,0,0,39.9976,-75.1468, ,Philadelphia
 ,4127,2017116157,6,67,67301,2017,10,3,320,3,3,1,0,4,1, , ,N,1,0,0,3,0,1,2,2,N, ,40 01:27.044,75 05:04.131,330, ,320,1,1,2, , ,0,N, , , , ,38619, , , ,2,1,0,0,0,0,0,0,0,0,0,1,1,0,0,0,0,0,0,0,0,0,0,1,0,0,0,0,0,0,0,0,0,0,0,4,0,40.0242,-75.0845, ,Philadelphia
 ,4128,2017093224,6,67,67301,2017,9,6,1540,15,1,1,0,1,1, , ,N,0,0,0,3,0,1,3,3,N,N,39 57:52.792,75 08:15.181,1600, ,1542, ,0, , , ,0, , , , , ,38625, , , ,3,0,0,0,1,0,1,1,0,0,0,0,1,1,0,0,0,0,0,0,0,0,0,0,0,0,0,0,0,0,0,0,0,0,0,8,0,39.9647,-75.1376, ,Philadelphia
 ,4129,2017086645,6,67,67301,2017,2,6,2210,22,6,1,0,6,6, , ,N,0,0,0,3,0,0,2,4,N,N,40 01:32.224,75 04:25.165,2230, ,2223,2,2,4,N, ,0,Y, , , , ,38626, , , ,4,2,0,0,0,0,2,0,0,0,0,0,0,0,1,0,0,0,0,0,0,0,0,0,0,0,0,0,0,0,0,0,0,0,0,9,0,40.0256,-75.0737, ,Philadelphia
 ,4130,2017107988,6,67,67301,2017,8,1,1425,14,1,1,0,1,1, , ,N,0,0,0,3,0,1,5,3,N,N,40 03:21.654,75 08:25.042,1435, ,1429, ,0, , , ,0, , , , , ,38630, , , ,3,1,0,0,0,0,2,0,0,0,0,1,1,0,0,0,0,0,0,0,0,0,0,0,0,0,0,0,0,0,0,0,0,0,0,4,0,40.056,-75.1403, ,Philadelphia
 ,4131,2017091798,6,67,67301,2017,8,4,745,7,1,1,0,4,1, , ,N,1,2,0,3,0,3,6,2,N,N,40 01:46.636,75 05:12.518,800, ,752, ,0, ,N, ,3, , , , , ,38632, , , ,2,0,0,0,0,0,2,0,0,0,0,1,3,2,0,0,0,0,0,0,1,0,0,0,0,0,0,0,0,0,0,0,0,0,0,4,0,40.0296,-75.0868, ,Philadelphia
 ,4132,2017120699,6,67,67301,2017,10,4,1815,18,3,1,0,4,1, , ,N,0,0,0,3,0,1,2,2,N,N,40 07:56.318,75 00:41.683,1836, ,1822,2,1,1,N, ,0,N, , , , ,38642, , , ,2,1,0,0,0,0,1,0,0,0,0,0,1,1,0,0,0,0,0,0,0,0,0,0,0,0,0,0,0,0,0,0,0,0,0,8,0,40.1323,-75.0116, ,Philadelphia
 ,4133,2017108182,6,67,67301,2017,10,7,122,1,3,2,1,7,3, , ,N,0,0,0,3,0,0,7,3,N,N,39 57:37.102,75 10:54.008,157, ,154,2,1,3, , ,0,N, , , , ,38645, , , ,3,3,0,0,0,0,0,0,0,0,0,0,0,0,0,0,0,0,0,0,0,0,0,0,0,0,0,0,0,0,0,0,0,0,0,0,0,39.9601,-75.1815, ,Philadelphia
 ,4134,2017109778,6,67,67301,2017,9,3,1635,16,1,1,0,4,1, , ,N,1,2,0,3,0,2,2,2,N,N,40 03:37.434,74 59:25.565,1643, ,1639, ,0, ,N, ,3, , , , , ,38649, , , ,2,1,0,0,0,0,1,0,0,0,0,2,2,0,0,0,0,0,0,0,0,0,0,0,0,0,0,0,0,0,0,0,0,0,0,4,0,40.0604,-74.9904, ,Philadelphia
 ,4135,2017109842,6,67,67301,2017,9,6,255,2,3,1,0,5,6, , ,N,0,0,0,3,0,0,1,7,N, ,39 58:01.950,75 08:31.388,300, ,259, ,0, , , ,0, , , , , ,38650, , , ,7,5,0,0,1,0,1,0,0,0,0,0,0,0,0,0,0,0,0,0,0,0,0,1,0,0,0,0,0,0,0,0,0,0,0,0,0,39.9672,-75.1421, ,Philadelphia
N,4136,2017036293,6,67,67301,2017,3,2,1354,13,1,1,0,7,4,1,2,Y,0,0,0,3,0,0,1,1,N,N,39 58:06.276,75 07:44.002,1410,45,1400,1,2,1, , ,0,Y,N,N,N,N,38675,N,Y,N,1,1,0,0,0,0,0,0,0,0,0,0,0,0,0,0,0,0,0,0,0,0,0,0,0,0,0,0,0,0,0,0,0,0,0,0,0,39.9684,-75.1289, ,Philadelphia
 ,4137,2017041265,6,67,67301,2017,4,7,1500,15,1,1,0,6,6, , ,N,0,0,1,3,0,1,1,4,N,N,39 59:41.100,75 07:00.199,1502, ,1500, ,0, ,N, ,0, , , , , ,38676, , , ,4,0,0,0,0,0,3,1,0,0,0,0,1,1,0,0,0,0,0,0,1,0,0,0,0,0,0,0,0,0,0,0,0,0,0,8,0,39.9948,-75.1167, ,Philadelphia
 ,4138,2017033578,6,67,67301,2017,2,2,210,2,3,1,0,5,6, , ,N,0,0,0,3,0,0,1,2,N, ,39 55:57.385,75 11:07.119,235, ,230, ,0, , , ,0, , , , , ,38683, , , ,2,1,0,0,0,0,0,0,0,0,0,0,0,0,1,0,0,0,0,0,0,0,0,0,0,0,0,0,0,0,0,0,0,0,0,9,0,39.9326,-75.1853, ,Philadelphia
 ,4139,2017050707,6,67,67301,2017,5,1,1856,18,1,1,0,1,1, , ,N,0,0,0,3,0,1,10,3,N,N,39 57:35.725,75 10:41.486,1907, ,1907,2,2,4, , ,0,N, , , , ,38688, , , ,3,1,0,0,0,0,2,0,0,0,1,0,1,0,0,0,0,0,0,0,0,0,0,0,0,0,0,0,0,0,0,0,0,0,0,3,0,39.9599,-75.1782, ,Philadelphia
 ,4140,2017007835,6,67,67301,2017,1,4,1430,14,1,1,0,4,1, , ,N,1,2,0,3,0,1,3,3,N,N,40 06:06.588,75 01:38.906,1522, ,1518, ,0, ,N, ,3, , , , , ,38711, , , ,3,2,0,0,1,0,0,0,0,0,0,1,1,0,0,0,0,1,0,1,0,1,0,0,0,0,0,0,0,0,0,0,0,0,0,4,0,40.1018,-75.0275, ,Philadelphia
 ,4141,2017052259,6,67,67301,2017,4,3,1525,15,1,2,1,2,1, , ,N,2,0,0,3,0,1,2,2,N,N,40 02:22.142,75 11:19.644,1540, ,1535,1,2,3,N, ,0,Y, , , , ,29487, , , ,2,1,0,0,0,0,1,0,0,0,1,0,1,0,0,0,0,0,1,0,1,0,0,2,0,0,0,0,0,0,0,0,0,0,0,3,0,40.0395,-75.1888, ,Philadelphia
 ,4142,2017010612,6,67,67301,2017,1,4,1030,10,1,1,0,4,1, , ,N,10,0,0,3,0,2,5,2,N,N,39 57:21.268,75 12:16.061,1045, ,1037,3,2,3,N, ,0,N, , , , ,29500, , , ,2,1,0,1,0,0,0,0,0,0,0,0,2,2,0,0,0,0,0,0,1,0,0,0,0,0,0,0,0,0,0,0,0,0,0,8,1,39.9559,-75.2045, ,Philadelphia
 ,4143,2017007791,6,67,67301,2017,1,3,1740,17,2,2,1,8,1, , ,N,1,0,0,3,0,1,2,2,N,N,40 01:38.128,75 08:39.260,1820, ,1740, ,0, ,N, ,0, , , , , ,29511, , , ,1,0,0,0,0,0,1,0,0,0,1,0,1,0,0,0,0,0,0,0,0,1,0,0,0,0,0,0,0,0,0,0,1,0,0,3,0,40.0273,-75.1442, ,Philadelphia
 ,4144,2017035586,6,67,67301,2017,3,7,1300,13,1,1,0,4,1, , ,N,0,0,7,3,0,1,3,3,N,N,40 01:37.996,75 06:35.825,2200, ,2200, ,0, ,N, ,0, , , , , ,29517, , , ,3,1,0,0,1,0,1,0,0,1,0,0,1,0,2,0,0,0,0,0,0,1,0,0,0,0,0,1,0,0,0,0,0,0,0,2,0,40.0272,-75.11, ,Philadelphia
 ,4145,2017033527,6,67,67301,2017,2,2,814,8,1,1,0,8,1, , ,N,1,2,0,3,0,1,2,2,N,N,40 01:27.922,75 08:48.832,951, ,951, ,0, ,N, ,3, , , , , ,29521, , , ,1,1,0,0,0,0,0,0,0,0,0,1,1,0,0,0,0,0,0,0,1,0,0,1,0,0,0,0,0,0,0,0,1,0,0,4,0,40.0244,-75.1469, ,Philadelphia
 ,4146,2017033800,6,67,67301,2017,3,1,2214,22,3,2,1,7,2, , ,N,0,0,0,3,0,1,1,1,N,N,39 56:13.812,75 11:55.883,2229, ,2216,2,2,4, , ,0,N, , , , ,29531, , , ,1,1,0,0,0,0,0,0,0,0,1,0,1,0,0,0,0,0,0,0,0,0,0,0,0,0,0,0,0,0,0,0,0,0,0,3,0,39.9372,-75.1989, ,Philadelphia
 ,4147,2017058284,6,67,67301,2017,5,6,1625,16,1,1,0,4,1, , ,N,1,3,0,3,0,3,7,2,Y,N,39 57:48.272,75 09:20.736,1640, ,1636, ,0, ,N, ,3, , , , , ,29542, , , ,2,0,0,1,1,0,0,0,0,0,0,3,3,0,0,0,0,0,0,0,0,1,0,1,0,0,0,0,0,0,0,0,0,0,0,4,1,39.9634,-75.1558, ,Philadelphia
 ,4148,2017019032,6,67,67301,2017,1,2,1145,11,1,1,0,1,1, , ,N,0,0,0,3,0,1,2,2,N,N,40 04:41.211,75 05:10.671,1159, ,1159, ,0, ,N, ,0, , , , , ,29556, , , ,2,1,0,0,0,0,0,1,0,0,0,1,1,0,0,0,0,0,0,0,1,0,0,0,0,0,0,0,0,0,0,0,0,0,0,4,0,40.0781,-75.0863, ,Philadelphia
 ,4149,2017052296,6,67,67301,2017,4,4,1139,11,1,1,0,1,1, , ,N,2,2,0,3,0,1,3,2,N,N,39 56:20.994,75 11:35.779,1225, ,1219, ,0, ,N, ,3, , , , , ,29580, , , ,2,1,0,0,0,0,1,0,0,0,0,1,1,0,1,0,0,0,0,0,1,0,0,0,0,0,0,0,0,0,0,0,0,0,0,4,0,39.9392,-75.1933, ,Philadelphia
 ,4150,2017004157,6,67,67301,2017,1,2,1717,17,3,1,0,1,1, , ,N,6,4,8,3,0,0,2,2,N,N,39 54:39.400,75 09:43.500,1727, ,1726, ,0, ,N, ,3, , , , , ,29602, , , ,2,1,0,0,0,0,0,0,0,0,0,0,0,0,0,0,0,0,0,0,0,0,0,0,0,0,0,0,0,0,0,0,0,0,0,0,0,39.9109,-75.1621, ,Philadelphia
 ,4151,2017035613,6,67,67301,2017,3,5,9999,99,1,1,0,4,1, , ,N,1,2,0,3,0,3,3,2,N, ,39 57:24.576,75 11:58.649,1410, ,1408, ,0, , , ,3, , , , , ,29618, , , ,2,1,0,0,0,0,1,0,0,0,0,3,3,0,0,0,0,0,0,0,2,0,0,0,0,0,0,0,0,0,0,0,0,0,0,4,0,39.9568,-75.1995, ,Philadelphia
 ,4152,2017028994,6,67,67301,2017,2,2,1442,14,1,1,0,4,1, , ,N,1,2,0,3,0,1,4,2,N,N,39 57:45.766,75 14:48.166,1448, ,1447,1,1,1,N, ,3,N, , , , ,29621, , , ,1,0,0,0,0,0,0,1,1,0,1,0,1,0,0,0,1,0,0,0,0,0,0,0,0,0,0,0,0,0,0,0,0,0,0,3,0,39.9627,-75.2467, ,Philadelphia
 ,4153,2017033069,6,67,67301,2017,2,4,1810,18,3,1,0,7,3, , ,N,0,0,0,3,0,1,1,1,N,N,40 00:35.960,75 11:11.296,1827, ,1814,1,1,2,N, ,0,N, , , , ,29650, , , ,1,1,0,0,0,0,0,0,0,0,1,0,1,0,0,0,0,0,0,0,0,0,0,0,0,0,0,0,0,0,0,0,0,0,0,3,0,40.01,-75.1865, ,Philadelphia
 ,4154,2017041320,6,67,67301,2017,4,3,1225,12,1,1,0,1,1, , ,N,1,2,0,3,0,1,2,2,N, ,40 02:51.686,75 03:35.363,1233, ,1229, ,0, , , ,3, , , , , ,29653, , , ,2,0,0,0,1,0,1,0,0,0,0,1,1,0,0,0,0,0,0,0,0,0,0,0,0,0,0,0,0,0,0,0,0,0,0,4,0,40.0477,-75.06, ,Philadelphia
 ,4155,2017037493,6,67,67301,2017,3,6,945,9,1,1,0,8,1, , ,N,1,2,0,3,0,1,2,2,N,N,39 56:44.018,75 09:54.085,949, ,945, ,0, ,N, ,3, , , , , ,29658, , , ,1,1,0,0,0,0,0,0,0,0,0,1,1,0,0,0,0,0,0,0,0,0,0,0,0,0,0,0,0,0,0,0,1,0,0,4,0,39.9456,-75.165, ,Philadelphia
 ,4156,2017052099,6,67,67301,2017,4,4,800,8,1,1,0,7,3, , ,N,0,0,3,3,0,0,1,1,N,N,39 55:11.550,75 12:06.639,827, ,827, ,0, ,N, ,0, , , , , ,29669, , , ,1,1,0,0,0,0,0,0,0,0,0,0,0,0,0,0,0,0,0,1,0,0,0,0,0,0,0,0,0,0,0,0,0,0,0,0,0,39.9199,-75.2018, ,Philadelphia
 ,4157,2017010615,6,67,67301,2017,1,3,547,5,3,2,1,1,1, , ,N,1,2,0,3,0,1,2,2,N,N,40 01:26.924,75 07:59.558,616, ,614, ,0, ,N, ,3, , , , , ,29701, , , ,2,1,0,0,0,0,0,1,0,0,0,1,1,0,0,0,0,0,0,0,2,0,0,0,0,0,0,0,0,0,0,0,0,0,0,4,0,40.0241,-75.1332, ,Philadelphia
N,4158,2017040473,6,67,67301,2017,3,7,231,2,3,1,0,7,3,1,5,Y,0,0,0,3,0,0,1,1,N,N,39 57:56.957,75 08:12.528,242,45,233,1,1,2, , ,0,N,N,N,N,N,29748,N,Y,N,1,1,0,0,0,0,0,0,0,0,0,0,0,0,1,0,0,0,0,0,0,0,0,0,0,0,0,0,0,0,0,0,0,0,0,9,0,39.9658,-75.1368, ,Philadelphia
 ,4159,2017041179,6,67,67301,2017,3,3,812,8,1,2,1,4,1, , ,N,2,0,0,3,0,0,2,2,N,N,39 57:45.133,75 13:10.966,902, ,901, ,0, ,N, ,0, , , , , ,33136, , , ,2,2,0,0,0,0,0,0,0,0,0,0,0,0,0,0,0,0,0,0,0,0,0,0,0,0,0,0,0,0,0,0,0,0,0,0,0,39.9625,-75.2197, ,Philadelphia
 ,4160,2017067902,6,67,67301,2017,6,4,921,9,1,1,0,8,1, , ,N,1,2,0,3,0,1,2,2,N, ,39 58:32.559,75 10:42.500,925, ,926, ,0, , , ,3, , , , , ,33152, , , ,1,1,0,0,0,0,0,0,0,0,1,0,1,0,0,0,0,0,0,0,0,0,0,1,0,0,0,0,0,0,0,0,1,0,0,3,0,39.9757,-75.1785, ,Philadelphia
 ,4161,2017028914,6,67,67301,2017,2,7,1258,12,1,1,0,4,1, , ,N,1,2,0,3,0,2,3,2,N, ,40 00:49.975,75 07:33.617,1302, ,1259,1,1,4, , ,3,Y, , , , ,33179, , , ,2,2,0,0,0,0,0,0,0,0,2,0,2,0,0,0,0,0,0,1,0,0,0,0,0,0,0,0,0,0,0,0,0,0,0,3,0,40.0139,-75.126, ,Philadelphia
 ,4162,2017045631,6,67,67301,2017,5,4,915,9,1,1,0,8,2, , ,N,0,0,3,3,0,1,2,2,N,N,39 56:50.606,75 11:15.194,1315, ,1315, ,0, ,N, ,0, , , , , ,33184, , , ,1,0,0,0,0,0,0,1,0,0,1,0,1,0,1,0,0,0,0,0,0,0,0,0,0,0,0,0,0,0,0,0,1,0,0,3,0,39.9474,-75.1876, ,Philadelphia
 ,4163,2017052420,6,67,67301,2017,4,1,1332,13,1,1,0,1,1, , ,N,1,3,0,3,0,2,5,5,N, ,39 59:24.990,75 08:19.269,1335, ,1332, ,0, , , ,3, , , , , ,33189, , , ,5,1,0,0,0,0,4,0,0,0,0,2,2,0,0,0,0,0,0,0,0,0,0,4,0,0,0,0,0,0,0,0,0,0,0,4,0,39.9903,-75.1387, ,Philadelphia
 ,4164,2017037435,6,67,67301,2017,3,5,158,1,3,1,0,1,1, , ,N,2,2,0,3,0,2,3,2,N, ,39 57:49.659,75 09:40.187,210, ,158, ,0, , , ,3, , , , , ,33209, , , ,2,2,0,0,0,0,0,0,0,0,0,2,2,0,0,0,0,0,0,0,0,0,0,2,0,0,0,0,0,0,0,0,0,0,0,4,0,39.9638,-75.1612, ,Philadelphia
 ,4165,2017010625,6,67,67301,2017,1,5,1001,10,1,1,0,4,4, , ,N,2,3,0,3,0,1,2,2,N,N,39 54:16.002,75 14:18.945,1007, ,1005, ,0, ,N, ,3, , , , , ,33257, , , ,2,2,0,0,0,0,0,0,0,0,1,0,1,0,0,0,0,0,0,0,1,0,0,0,0,0,0,0,0,0,0,0,0,0,0,3,0,39.9044,-75.2386, ,Philadelphia
 ,4166,2017009449,6,67,67301,2017,1,1,1925,19,2,2,1,7,1, , ,N,0,0,0,3,0,1,1,1,N,N,40 00:59.089,75 12:10.191,1936, ,1929,2,1,2,N, ,0,N, , , , ,33304, , , ,1,1,0,0,0,0,0,0,0,0,0,0,1,1,0,0,0,0,0,0,0,0,0,0,0,0,0,0,0,0,0,0,0,0,0,8,0,40.0164,-75.2028, ,Philadelphia
 ,4167,2017010972,6,67,67301,2017,1,4,2147,21,3,1,0,4,1, , ,N,2,2,8,3,0,0,2,2,N,N,39 53:57.866,75 10:29.202,2203, ,2203,1,2,2,N, ,3,Y, , , , ,33309, , , ,2,1,0,0,1,0,0,0,0,0,0,0,0,0,0,0,0,0,0,0,0,0,0,1,0,0,0,0,0,0,0,0,0,0,0,0,0,39.8994,-75.1748, ,Philadelphia
 ,4168,2017037347,6,67,67301,2017,3,3,30,0,3,1,0,5,6, , ,N,0,0,0,3,0,0,1,5,N,N,39 59:55.042,75 08:31.084,35, ,32,2,2,3,N, ,0,N, , , , ,33317, , , ,5,1,0,0,0,1,3,0,0,0,0,0,0,0,1,0,0,0,0,0,0,0,0,0,0,0,0,0,0,0,0,0,0,0,0,9,1,39.9986,-75.142, ,Philadelphia
 ,4169,2017029023,6,67,67301,2017,2,1,120,1,3,1,0,5,1, , ,N,2,2,0,3,0,0,3,3,N,N,39 56:42.547,75 08:31.306,122, ,120, ,0, ,N, ,3, , , , , ,33322, , , ,3,2,0,0,0,0,0,0,0,0,0,0,0,0,1,0,0,0,0,0,1,0,0,0,0,0,0,0,0,0,0,0,0,0,0,9,0,39.9452,-75.1418, ,Philadelphia
 ,4170,2017078840,6,67,67301,2017,7,3,1420,14,1,1,0,8,1, , ,N,0,0,0,3,0,1,2,2,N, ,40 02:42.897,75 05:48.109,1440, ,1430, ,0, , , ,0, , , , , ,33344, , , ,1,1,0,0,0,0,0,0,0,0,0,1,1,0,0,0,0,0,0,0,0,0,0,0,0,0,0,0,0,0,0,0,1,0,0,4,0,40.0452,-75.0967, ,Philadelphia
 ,4171,2017013975,6,67,67301,2017,1,6,800,8,1,1,0,8,1, , ,N,1,3,0,3,0,1,2,2,N, ,40 03:19.321,75 04:43.017,1652, ,1645, ,0, , , ,3, , , , , ,33350, , , ,1,0,0,0,0,0,1,0,0,0,1,0,1,0,0,0,0,0,0,0,0,0,0,0,0,0,0,0,0,0,0,0,1,0,0,3,0,40.0554,-75.0786, ,Philadelphia
 ,4172,2017041149,6,67,67301,2017,3,4,1300,13,1,1,0,1,1, , ,N,0,0,0,3,0,2,3,2,N,N,40 04:27.035,75 02:05.854,1310, ,1305,1,1,1,N, ,0,N, , , , ,33377, , , ,2,2,0,0,0,0,0,0,0,0,0,0,2,2,0,0,0,0,0,0,1,0,0,0,0,0,0,0,0,0,0,0,0,0,0,8,0,40.0742,-75.035, ,Philadelphia