wz_ln_closure,objectid_1,crn,district,county,municipality,crash_year,crash_month,day_of_week,time_of_day,hour_of_day,illumination,weather,road_condition,collision_type,relation_to_road,work_zone_type,work_zone_loc,work_zone_ind,intersect_type,tcd_type,location_type,urban_rural,fatal_count,injury_count,person_count,total_units,sch_bus_ind,sch_zone_ind,latitude,longitude,arrival_tm,cons_zone_spd_lim,dispatch_tm,est_hrs_closed,lane_closed,ln_close_dir,ntfy_hiwy_maint,spec_juris_cd,tcd_func_cd,tfc_detour_ind,workers_pres,wz_close_detour,wz_flagger,wz_law_offcr_ind,objectid,wz_moving,wz_other,wz_shlder_mdn,vehicle_count,automobile_count,motorcycle_count,bus_count,small_truck_count,heavy_truck_count,suv_count,van_count,bicycle_count,maj_inj_count,mod_inj_count,min_inj_count,tot_inj_count,unk_inj_deg_count,unk_inj_per_count,driver_count_16yr,driver_count_17yr,driver_count_18yr,driver_count_19yr,driver_count_20yr,driver_count_50_64yr,driver_count_65_74yr,driver_count_75plus,unbelted_occ_count,unb_death_count,unb_maj_inj_count,belted_death_count,belted_maj_inj_count,mcycle_death_count,mcycle_maj_inj_count,bicycle_death_count,bicycle_maj_inj_count,ped_count,ped_death_count,ped_maj_inj_count,max_severity_level,comm_veh_count,dec_lat,dec_long,rdwy_surf_type_cd,county_name
 ,4237,2017040541,6,67,67301,2017,4,2,2256,22,3,1,0,5,1, , ,N,0,0,0,3,0,2,5,2,N,N,39 58:51.418,75 12:23.436,2304, ,2303,1,1,3, , ,0,N, , , , ,33561, , , ,2,1,0,0,0,1,0,0,0,0,2,0,2,0,0,0,0,0,0,0,0,0,0,1,0,0,0,0,0,0,0,0,0,0,0,3,2,39.9805,-75.2058, ,Philadelphia
 ,4238,2017035822,6,67,67301,2017,3,1,2300,23,3,1,0,5,1, , ,N,0,0,0,3,0,0,2,2,N,N,40 04:09.527,75 02:23.749,2330, ,2307, ,0, ,N, ,0, , , , , ,33563, , , ,2,1,0,0,0,0,1,0,0,0,0,0,0,0,0,0,0,0,0,0,0,1,0,0,0,0,0,0,0,0,0,0,0,0,0,0,0,40.0693,-75.0399, ,Philadelphia
 ,4239,2017043671,6,67,67301,2017,4,3,539,5,3,1,1,7,4, , ,N,0,0,0,3,0,0,1,1,Y,Y,39 53:10.129,75 12:43.897,600, ,548,2,1,2, , ,0,N, , , , ,33565, , , ,1,0,0,0,0,0,1,0,0,0,0,0,0,0,0,0,0,0,0,0,0,0,0,0,0,0,0,0,0,0,0,0,0,0,0,0,0,39.8861,-75.2122, ,Philadelphia
 ,4240,2017033815,6,67,67301,2017,3,3,930,9,1,2,1,7,4, , ,N,0,0,3,3,0,0,1,1,Y,N,39 53:18.217,75 12:11.106,1004, ,930,1,1,2, , ,0,N, , , , ,33571, , , ,1,1,0,0,0,0,0,0,0,0,0,0,0,0,0,0,0,0,0,0,0,0,0,0,0,0,0,0,0,0,0,0,0,0,0,0,0,39.8884,-75.2031, ,Philadelphia
 ,4241,2017037437,6,67,67301,2017,3,4,1705,17,1,1,0,1,1, , ,N,0,2,0,3,0,1,3,2,N,N,40 05:40.052,75 00:55.347,1713, ,1705,1,1,1,N, ,3,N, , , , ,33596, , , ,2,0,0,0,0,0,2,0,0,0,0,1,1,0,0,0,0,0,0,0,0,0,0,0,0,0,0,0,0,0,0,0,0,0,0,4,0,40.0945,-75.0154, ,Philadelphia
 ,4242,2017041191,6,67,67301,2017,3,5,1535,15,1,1,0,1,1, , ,N,0,2,0,3,0,1,3,3,N,N,40 01:48.131,75 12:23.605,1545, ,1538,3,2,1,N, ,3,Y, , , , ,33603, , , ,3,1,0,0,0,0,2,0,0,0,0,0,1,1,0,0,0,0,0,0,0,0,0,0,0,0,0,0,0,0,0,0,0,0,0,8,0,40.03,-75.2066, ,Philadelphia
 ,4243,2017041425,6,67,67301,2017,4,2,1055,10,1,1,0,4,1, , ,N,1,3,0,3,0,0,2,2,N, ,39 59:07.910,75 06:13.562,1125, ,1115,9,1,4,N, ,3,N, , , , ,33604, , , ,2,0,0,0,0,0,2,0,0,0,0,0,0,0,0,0,0,0,0,0,0,0,0,0,0,0,0,0,0,0,0,0,0,0,0,0,0,39.9855,-75.1038, ,Philadelphia
 ,4244,2017030326,6,67,67301,2017,3,2,27,0,3,1,0,1,1, , ,N,0,0,0,3,0,1,2,2,N,N,39 56:22.543,75 11:47.432,30, ,27, ,0, , , ,0, , , , , ,33609, , , ,2,1,0,0,0,0,0,0,0,0,1,0,1,0,1,0,0,0,0,0,0,0,0,0,0,0,0,0,0,0,0,0,0,0,0,3,0,39.9396,-75.1965, ,Philadelphia
 ,4245,2017058312,6,67,67301,2017,5,4,2223,22,3,1,0,5,1, , ,N,0,0,0,3,0,1,2,2,N,N,39 58:29.269,75 12:19.471,2350, ,2345,9,1,3,N, ,0,N, , , , ,33633, , , ,2,1,1,0,0,0,0,0,0,0,0,0,1,1,0,0,0,0,0,0,0,0,0,1,0,0,0,0,0,0,0,0,0,0,0,8,0,39.9748,-75.2054, ,Philadelphia
 ,4246,2017060682,6,67,67301,2017,5,4,1050,10,1,1,0,8,1, , ,N,1,2,0,3,0,1,2,2,N,N,39 56:58.403,75 09:57.476,1100, ,1055, ,0, ,N, ,3, , , , , ,33634, , , ,1,0,0,0,1,0,0,0,0,0,0,1,1,0,0,0,0,0,0,0,1,0,0,0,0,0,0,0,0,0,0,0,1,0,0,4,0,39.9495,-75.1659, ,Philadelphia
 ,4247,2017037461,6,67,67301,2017,3,7,1803,18,3,2,1,7,4, , ,N,0,0,0,3,0,1,1,1,N, ,40 00:22.449,75 09:49.993,1923, ,1917,3,2,4, , ,0,Y, , , , ,33664, , , ,1,1,0,0,0,0,0,0,0,0,0,1,1,0,0,0,0,0,0,0,0,0,0,0,0,0,0,0,0,0,0,0,0,0,0,4,0,40.0062,-75.1639, ,Philadelphia
 ,4248,2017055516,6,67,67301,2017,5,2,1115,11,1,1,0,4,1, , ,N,1,2,0,3,0,1,2,2,N, ,40 03:35.733,75 01:06.209,1118, ,1115,2,1,4,N, ,3,Y, , , , ,33670, , , ,2,0,0,0,1,0,1,0,0,0,0,1,1,0,0,0,0,0,0,0,0,1,0,0,0,0,0,0,0,0,0,0,0,0,0,4,0,40.0599,-75.0184, ,Philadelphia
 ,4249,2017037504,6,67,67301,2017,3,3,1025,10,1,1,0,2,6, , ,N,0,0,0,3,0,0,1,3,N,N,40 00:05.387,75 07:28.763,1031, ,1026, ,0, ,N, ,0, , , , , ,37223, , , ,3,2,0,0,0,0,1,0,0,0,0,0,0,0,0,0,0,0,0,0,0,0,0,1,0,0,0,0,0,0,0,0,0,0,0,0,0,40.0015,-75.1247, ,Philadelphia
 ,4250,2017041336,6,67,67301,2017,4,6,520,5,3,1,0,1,1, , ,N,5,2,0,3,0,0,2,2,N,N,40 02:26.260,75 10:11.265,529, ,529,2,1,3,N, ,3,Y, , , , ,37226, , , ,2,1,0,0,1,0,0,0,0,0,0,0,0,0,0,0,0,0,0,0,1,0,0,0,0,0,0,0,0,0,0,0,0,0,0,0,0,40.0406,-75.1698, ,Philadelphia
 ,4251,2017043851,6,67,67301,2017,4,5,2152,21,3,1,0,4,1, , ,N,5,2,2,3,0,0,3,2,N, ,39 57:26.357,75 08:38.887,2210, ,2205, ,0, , , ,3, , , , , ,37233, , , ,2,1,0,0,0,1,0,0,0,0,0,0,0,0,0,0,0,0,0,0,0,0,0,0,0,0,0,0,0,0,0,0,0,0,0,0,1,39.9573,-75.1441, ,Philadelphia
 ,4252,2017033035,6,67,67301,2017,2,4,2315,23,3,1,0,4,1, , ,N,1,2,0,3,0,1,2,3,N,N,39 58:55.079,75 14:20.664,2334, ,2330,1,1,6,N, ,3,N, , , , ,37237, , , ,3,1,0,0,0,0,2,0,0,0,1,0,1,0,0,0,0,0,0,0,0,1,0,0,0,0,0,0,0,0,0,0,0,0,0,3,0,39.9819,-75.239, ,Philadelphia
 ,4253,2017052235,6,67,67301,2017,4,7,1719,17,1,2,1,4,1, , ,N,1,3,0,3,0,2,2,2,N,N,39 57:55.040,75 12:05.565,1743, ,1740, ,0, , , ,3, , , , , ,37244, , , ,2,0,0,0,0,0,1,1,0,0,0,1,2,1,0,0,0,0,0,0,1,0,0,0,0,0,0,0,0,0,0,0,0,0,0,4,0,39.9653,-75.2015, ,Philadelphia
 ,4254,2017052199,6,67,67301,2017,4,5,2019,20,1,1,0,1,1, , ,N,0,0,3,3,0,3,5,3,N, ,40 00:26.002,75 11:34.222,2034, ,2023, ,0, , , ,0, , , , , ,37245, , , ,3,2,0,0,0,0,1,0,0,1,1,0,3,1,2,0,0,0,0,0,1,1,0,0,0,0,0,1,0,0,0,0,0,0,0,2,0,40.0072,-75.1928, ,Philadelphia
 ,4255,2017058233,6,67,67301,2017,5,4,835,8,1,1,0,1,1, , ,N,0,0,0,3,0,2,4,2,N, ,39 59:11.510,75 14:44.489,849, ,840, ,0, , , ,0, , , , , ,37255, , , ,2,0,0,0,0,0,2,0,0,0,0,2,2,0,0,0,0,0,0,0,0,0,0,0,0,0,0,0,0,0,0,0,0,0,0,4,0,39.9865,-75.2457, ,Philadelphia
 ,4256,2017041157,6,67,67301,2017,3,4,1637,16,1,1,0,4,1, , ,N,5,2,0,3,0,1,2,2,N,N,39 55:55.405,75 09:39.544,1700, ,1637, ,0, , , ,3, , , , , ,37274, , , ,1,0,0,0,1,0,0,0,1,0,0,0,1,1,0,0,0,0,0,0,0,1,0,0,0,0,0,0,0,0,0,0,0,0,0,8,0,39.9321,-75.161, ,Philadelphia
 ,4257,2017041386,6,67,67301,2017,4,2,1909,19,3,1,0,4,1, , ,N,1,3,0,3,0,1,2,4,N,N,39 58:39.377,75 14:07.958,1951, ,1950, ,0, ,N, ,3, , , , , ,37275, , , ,4,4,0,0,0,0,0,0,0,0,0,1,1,0,0,0,0,0,0,0,0,0,0,1,0,0,0,0,0,0,0,0,0,0,0,4,0,39.9776,-75.2355, ,Philadelphia
 ,4258,2017007770,6,67,67301,2017,1,1,246,2,3,1,0,1,1, , ,N,1,2,0,3,0,0,5,2,N,N,40 02:37.429,75 05:06.333,251, ,246, ,0, ,N, ,3, , , , , ,37308, , , ,2,0,0,0,0,0,2,0,0,0,0,0,0,0,1,0,0,0,0,0,1,0,0,0,0,0,0,0,0,0,0,0,0,0,0,9,0,40.0437,-75.0851, ,Philadelphia
 ,4259,2017037964,6,67,67301,2017,4,6,1509,15,1,1,0,1,1, , ,N,0,0,0,3,0,2,6,3,N,N,40 01:07.717,75 02:48.543,1521, ,1514,1,1,2, , ,0,N, , , , ,37318, , , ,3,1,0,0,0,0,1,1,0,0,0,0,2,2,0,0,0,0,0,0,0,0,0,1,0,0,0,0,0,0,0,0,0,0,0,8,0,40.0188,-75.0468, ,Philadelphia
 ,4260,2017041207,6,67,67301,2017,3,2,1920,19,3,1,0,4,1, , ,N,1,3,0,3,0,1,2,2,N,N,39 56:56.614,75 09:20.265,35, ,33, ,0, ,N, ,3, , , , , ,37324, , , ,1,0,0,0,0,0,1,0,1,0,0,1,1,0,1,0,0,0,0,0,0,0,0,0,0,0,0,0,0,0,0,0,0,0,0,4,0,39.9491,-75.1556, ,Philadelphia
 ,4261,2017033115,6,67,67301,2017,3,4,1530,15,1,2,1,8,1, , ,N,0,0,0,3,0,1,2,2,N, ,39 59:13.626,75 11:08.433,1600, ,1554, ,0, , , ,0, , , , , ,37329, , , ,1,1,0,0,0,0,0,0,0,0,0,0,1,1,1,0,0,0,0,0,0,0,0,0,0,0,0,0,0,0,0,0,1,0,0,8,0,39.9871,-75.1857, ,Philadelphia
 ,4262,2017048858,6,67,67301,2017,5,6,1620,16,1,1,0,8,1, , ,N,0,2,0,3,0,1,2,2,N,N,39 58:48.604,75 09:33.457,1621, ,1620, ,0, ,N, ,3, , , , , ,37341, , , ,1,1,0,0,0,0,0,0,0,0,0,0,1,1,0,0,0,0,0,0,0,0,0,0,0,0,0,0,0,0,0,0,1,0,0,8,0,39.9802,-75.1593, ,Philadelphia
 ,4263,2017043804,6,67,67301,2017,4,7,625,6,1,1,0,8,1, , ,N,2,2,0,3,0,1,3,3,N,N,39 56:51.748,75 11:55.037,643, ,638, ,0, ,N, ,3, , , , , ,37370, , , ,2,0,0,0,0,0,2,0,0,0,1,0,1,0,0,0,0,0,0,0,0,0,0,1,0,0,0,0,0,0,0,0,1,0,0,3,0,39.9477,-75.1986, ,Philadelphia
 ,4264,2017025232,6,67,67301,2017,3,4,346,3,3,1,1,7,3, , ,N,0,0,0,3,0,1,1,1,N,N,39 57:28.476,75 09:43.700,352, ,346,2,2,4, , ,0,N, , , , ,37408, , , ,1,0,0,0,0,0,1,0,0,0,0,0,1,1,0,0,0,0,0,0,0,0,0,1,0,0,0,0,0,0,0,0,0,0,0,8,0,39.9579,-75.1621, ,Philadelphia
 ,4265,2017033540,6,67,67301,2017,2,7,1711,17,3,2,1,8,1, , ,N,0,0,0,3,0,1,2,2,N,N,39 57:04.183,75 14:15.316,1720, ,1717, ,0, ,N, ,0, , , , , ,37416, , , ,1,1,0,0,0,0,0,0,0,0,0,1,1,0,0,0,0,0,0,0,0,0,0,0,0,0,0,0,0,0,0,0,1,0,0,4,0,39.9512,-75.2376, ,Philadelphia
 ,4266,2017035725,6,67,67301,2017,3,7,9999,99,3,1,0,4,1, , ,N,1,2,0,3,0,0,3,2,N,N,39 56:24.173,75 09:58.415,2023, ,2020, ,0, ,N, ,3, , , , , ,37426, , , ,2,1,0,0,0,0,1,0,0,0,0,0,0,0,0,0,0,0,0,0,0,0,0,3,0,0,0,0,0,0,0,0,0,0,0,0,0,39.94,-75.1662, ,Philadelphia
 ,4267,2017010501,6,67,67301,2017,1,4,957,9,1,1,0,8,1, , ,N,1,2,0,3,0,1,2,2,N,N,39 57:25.867,75 12:07.023,1003, ,1000, ,0, ,N, ,3, , , , , ,39194, , , ,1,0,0,0,0,0,0,1,0,1,0,0,1,0,0,0,0,0,0,0,0,0,0,0,0,0,0,0,0,0,0,0,1,0,1,2,0,39.9571,-75.2019, ,Philadelphia
 ,4268,2017033123,6,67,67301,2017,2,3,2330,23,3,2,1,0,1, , ,N,2,0,0,3,0,0,1,1,N,N,39 55:26.513,75 08:35.896,9999, ,2352, ,0, ,N, ,0, , , , , ,39199, , , ,1,0,0,0,0,0,1,0,0,0,0,0,0,0,0,0,0,0,0,0,0,0,0,0,0,0,0,0,0,0,0,0,0,0,0,0,0,39.924,-75.1433, ,Philadelphia
 ,4269,2017043795,6,67,67301,2017,4,3,1900,19,1,1,0,4,1, , ,N,1,2,0,3,0,1,2,2,N,N,40 02:12.120,75 09:30.184,1900, ,1900, ,0, ,N, ,3, , , , , ,39208, , , ,2,2,0,0,0,0,0,0,0,0,0,1,1,0,0,0,0,0,0,0,0,0,0,1,0,0,0,0,0,0,0,0,0,0,0,4,0,40.0367,-75.1584, ,Philadelphia
 ,4270,2017000578,6,67,67301,2017,1,3,1345,13,1,2,1,1,1, , ,N,0,0,0,3,0,2,2,2,N,N,40 03:31.139,75 07:53.049,1349, ,1346, ,0, ,N, ,0, , , , , ,39239, , , ,2,1,0,0,0,0,1,0,0,0,0,2,2,0,0,0,0,0,0,0,1,0,0,0,0,0,0,0,0,0,0,0,0,0,0,4,0,40.0586,-75.1314, ,Philadelphia
 ,4271,2017033147,6,67,67301,2017,2,6,640,6,3,1,0,4,1, , ,N,1,3,0,3,0,2,3,2,N,N,40 03:20.253,75 05:03.119,1715, ,1708, ,0, ,N, ,3, , , , , ,39251, , , ,2,2,0,0,0,0,0,0,0,0,0,2,2,0,1,0,0,0,0,0,0,0,0,0,0,0,0,0,0,0,0,0,0,0,0,4,0,40.0556,-75.0842, ,Philadelphia
 ,4272,2017052299,6,67,67301,2017,4,6,713,7,1,2,1,7,4, , ,N,1,3,0,3,0,0,2,1,N,N,40 04:01.427,75 10:24.483,743, ,739,3,2,5,N, ,3,Y, , , , ,39260, , , ,1,1,0,0,0,0,0,0,0,0,0,0,0,0,0,0,0,0,0,0,0,0,0,0,0,0,0,0,0,0,0,0,0,0,0,0,0,40.0671,-75.1735, ,Philadelphia
 ,4273,2017055628,6,67,67301,2017,5,5,1428,14,1,1,0,5,6, , ,N,0,0,0,3,0,0,1,2,N,N,39 54:53.441,75 10:01.957,1752, ,1430, ,0, ,N, ,0, , , , , ,39270, , , ,2,2,0,0,0,0,0,0,0,0,0,0,0,0,0,0,0,0,0,0,0,0,1,0,0,0,0,0,0,0,0,0,0,0,0,0,0,39.9148,-75.1672, ,Philadelphia
 ,4274,2017019027,6,67,67301,2017,1,5,2240,22,3,1,0,5,6, , ,N,0,0,0,3,0,0,2,4,N, ,40 01:03.151,75 08:26.931,2247, ,2247, ,0, , , ,0, , , , , ,39290, , , ,4,4,0,0,0,0,0,0,0,0,0,0,0,0,0,0,0,0,0,0,1,0,0,2,0,0,0,0,0,0,0,0,0,0,0,0,0,40.0175,-75.1408, ,Philadelphia
 ,4275,2017028920,6,67,67301,2017,2,6,9999,99,3,1,0,7,4, , ,N,2,0,0,3,0,1,1,1,N,N,40 00:51.508,75 06:17.186,1801, ,1757, ,0, ,N, ,0, , , , , ,39323, , , ,1,1,0,0,0,0,0,0,0,0,0,1,1,0,0,0,1,0,0,0,0,0,0,0,0,0,0,0,0,0,0,0,0,0,0,4,0,40.0143,-75.1048, ,Philadelphia
 ,4276,2017052379,6,67,67301,2017,5,2,1845,18,1,1,0,4,1, , ,N,1,3,0,3,0,3,5,3,N, ,40 01:08.120,75 02:58.217,1852, ,1850,1,1,3, , ,3,N, , , , ,39325, , , ,3,3,0,0,0,0,0,0,0,0,0,3,3,0,0,0,0,0,0,0,0,0,0,2,0,0,0,0,0,0,0,0,0,0,0,4,0,40.0189,-75.0495, ,Philadelphia
 ,4277,2017023243,6,67,67301,2017,1,6,1411,14,1,1,0,5,1, , ,N,0,0,0,3,0,0,2,2,N,N,39 52:57.182,75 14:43.601,1455, ,1442, ,0, , , ,0, , , , , ,39335, , , ,2,1,0,0,0,0,1,0,0,0,0,0,0,0,1,0,0,0,0,0,0,0,0,0,0,0,0,0,0,0,0,0,0,0,0,9,0,39.8826,-75.2454, ,Philadelphia
 ,4278,2017021712,6,67,67301,2017,2,4,1752,17,3,1,0,4,1, , ,N,0,0,0,3,0,1,2,2,N,N,39 58:28.899,75 07:04.550,1810, ,1752, ,0, , , ,0, , , , , ,39339, , , ,2,2,0,0,0,0,0,0,0,0,1,0,1,0,0,0,0,0,0,0,1,0,0,0,0,0,0,0,0,0,0,0,0,0,0,3,0,39.9747,-75.1179, ,Philadelphia
 ,4279,2017021563,6,67,67301,2017,2,1,240,2,3,1,0,6,6, , ,N,0,0,0,3,0,0,1,3,N, ,40 01:39.492,75 12:59.441,250, ,245, ,0, , , ,0, , , , , ,39360, , , ,3,2,0,0,0,0,1,0,0,0,0,0,0,0,1,0,0,0,0,0,0,0,0,0,0,0,0,0,0,0,0,0,0,0,0,9,0,40.0276,-75.2165, ,Philadelphia
 ,4280,2017009843,6,67,67301,2017,1,6,1859,18,3,2,0,1,1, , ,N,0,0,0,3,0,0,3,3,Y,N,39 57:30.907,75 10:06.628,1933, ,1859, ,0, , , ,0, , , , , ,39426, , , ,3,3,0,0,0,0,0,0,0,0,0,0,0,0,1,0,0,0,0,0,1,0,0,0,0,0,0,0,0,0,0,0,0,0,0,9,0,39.9586,-75.1685, ,Philadelphia
 ,4281,2017019061,6,67,67301,2017,1,3,1620,16,1,1,0,4,1, , ,N,2,2,0,3,0,1,2,2,N,N,40 02:24.561,75 12:50.924,1625, ,1621, ,0, , , ,3, , , , , ,39433, , , ,2,2,0,0,0,0,0,0,0,0,0,1,1,0,1,0,0,0,0,0,0,0,0,0,0,0,0,0,0,0,0,0,0,0,0,4,0,40.0403,-75.2142, ,Philadelphia
 ,4282,2017035775,6,67,67301,2017,3,3,1200,12,1,2,1,1,1, , ,N,0,0,0,3,0,2,3,2,N,N,40 01:09.487,75 03:59.763,1215, ,1215, ,0, ,N, ,0, , , , , ,39436, , , ,2,0,0,0,0,0,1,1,0,0,2,0,2,0,0,0,0,0,0,0,1,0,0,1,0,0,0,0,0,0,0,0,0,0,0,3,0,40.0193,-75.0666, ,Philadelphia
 ,4283,2017028929,6,67,67301,2017,2,4,234,2,3,1,0,7,2, , ,N,1,2,0,3,0,0,1,1,N,N,39 55:20.731,75 13:23.335,9999, ,234, ,0, ,N, ,3, , , , , ,39491, , , ,1,1,0,0,0,0,0,0,0,0,0,0,0,0,0,0,0,0,0,0,0,0,0,0,0,0,0,0,0,0,0,0,0,0,0,0,0,39.9224,-75.2232, ,Philadelphia
 ,4284,2017035665,6,67,67301,2017,3,2,1239,12,1,1,0,8,1, , ,N,1,3,0,3,0,1,2,2,N, ,39 58:08.770,75 12:56.872,1356, ,1350, ,0, , , ,3, , , , , ,39495, , , ,1,0,0,0,0,0,1,0,0,0,1,0,1,0,0,0,0,0,0,0,0,0,0,1,0,0,0,0,0,0,0,0,1,0,0,3,0,39.9691,-75.2158, ,Philadelphia
 ,4285,2017060755,6,67,67301,2017,5,5,835,8,1,1,0,8,1, , ,N,0,0,0,3,0,1,2,2,N,N,39 56:05.927,75 11:25.278,1901, ,1901, ,0, ,N, ,0, , , , , ,30122, , , ,1,0,0,0,0,0,1,0,0,0,0,1,1,0,0,0,0,0,0,0,1,0,0,0,0,0,0,0,0,0,0,0,1,0,0,4,0,39.935,-75.1904, ,Philadelphia
 ,4286,2017024704,6,67,67301,2017,2,4,1841,18,3,1,0,1,1, , ,N,0,0,0,3,0,1,5,3,N,N,40 00:34.358,75 03:57.008,1841, ,1841,1,1,2, , ,0,N, , , , ,30141, , , ,3,1,0,0,2,0,0,0,0,0,0,0,1,1,0,0,0,0,1,0,0,0,0,0,0,0,0,0,0,0,0,0,0,0,0,8,0,40.0095,-75.0658, ,Philadelphia
 ,4287,2017033542,6,67,67301,2017,2,4,2000,20,3,1,0,1,1, , ,N,1,2,0,3,0,0,3,2,N,N,40 01:40.946,75 06:36.204,2010, ,2005,2,2,2,N, ,3,N, , , , ,30144, , , ,2,2,0,0,0,0,0,0,0,0,0,0,0,0,0,0,0,0,0,0,0,0,0,0,0,0,0,0,0,0,0,0,0,0,0,0,0,40.028,-75.1101, ,Philadelphia
 ,4288,2017043497,6,67,67301,2017,4,5,1858,18,1,1,0,1,1, , ,N,0,0,0,3,0,2,3,2,N,N,39 59:01.456,75 05:50.845,1909, ,1859,1,1,2, , ,0,N, , , , ,30147, , , ,2,0,0,0,0,0,1,1,0,0,1,1,2,0,0,0,0,0,0,0,0,1,0,0,0,0,0,0,0,0,0,0,0,0,0,3,0,39.9837,-75.0975, ,Philadelphia
 ,4289,2017033506,6,67,67301,2017,2,4,1445,14,1,1,0,8,1, , ,N,3,2,0,3,0,1,2,2,N, ,40 05:38.581,75 01:51.296,1135, ,1130, ,0, , , ,3, , , , , ,30150, , , ,1,1,0,0,0,0,0,0,0,0,0,1,1,0,0,0,0,0,0,0,0,0,0,1,0,0,0,0,0,0,0,0,1,0,0,4,0,40.0941,-75.0309, ,Philadelphia
 ,4290,2017055681,6,67,67301,2017,5,7,1106,11,1,1,0,4,1, , ,N,2,2,0,3,0,4,4,2,N, ,40 04:45.861,75 10:03.752,1109, ,1107, ,0, , , ,3, , , , , ,30167, , , ,2,1,0,0,0,0,1,0,0,0,0,4,4,0,0,0,0,0,0,0,1,0,0,0,0,0,0,0,0,0,0,0,0,0,0,4,0,40.0794,-75.1677, ,Philadelphia
 ,4291,2017013971,6,67,67301,2017,1,3,1540,15,1,1,1,4,1, , ,N,0,0,7,3,0,0,2,2,N,N,39 56:22.400,75 11:52.000,1720, ,1544,2,1,2,N, ,0,N, , , , ,30174, , , ,2,1,0,0,0,1,0,0,0,0,0,0,0,0,0,0,0,0,0,0,1,0,0,0,0,0,0,0,0,0,0,0,0,0,0,0,1,39.9396,-75.1978, ,Philadelphia
 ,4292,2017012338,6,67,67301,2017,1,4,1746,17,3,1,0,1,1, , ,N,0,0,0,3,0,0,3,3,N,N,39 59:24.566,75 05:13.731,1755, ,1749,1,1,2, , ,0,N, , , , ,30175, , , ,3,0,0,0,0,0,3,0,0,0,0,0,0,0,0,0,0,0,0,0,0,0,1,0,0,0,0,0,0,0,0,0,0,0,0,0,0,39.9902,-75.0871, ,Philadelphia
 ,4293,2017033032,6,67,67301,2017,2,2,1653,16,1,1,0,8,1, , ,N,1,0,0,3,0,1,2,2,N,N,40 02:32.695,75 06:18.240,1658, ,1657,3,2,2,N, ,0,Y, , , , ,30192, , , ,1,1,0,0,0,0,0,0,0,1,0,0,1,0,0,0,0,0,0,0,0,0,0,0,0,0,0,0,0,0,0,0,1,0,1,2,0,40.0424,-75.1051, ,Philadelphia
 ,4294,2017052238,6,67,67301,2017,4,1,1,0,3,1,0,4,1, , ,N,1,3,0,3,0,1,3,3,N, ,39 57:52.480,75 14:10.305,35, ,27, ,0, , , ,3, , , , , ,30213, , , ,3,3,0,0,0,0,0,0,0,0,0,0,1,1,0,0,0,0,0,0,0,0,0,0,0,0,0,0,0,0,0,0,0,0,0,8,0,39.9646,-75.2362, ,Philadelphia
 ,4295,2017060638,6,67,67301,2017,5,5,1717,17,3,2,1,2,1, , ,N,0,0,0,3,0,3,4,2,N, ,39 59:08.413,75 14:40.388,1757, ,1743, ,0, , , ,0, , , , , ,30216, , , ,2,0,0,0,0,0,1,1,0,0,1,2,3,0,0,0,0,0,0,0,1,0,0,1,0,0,0,0,0,0,0,0,0,0,0,3,0,39.9857,-75.2446, ,Philadelphia
 ,4296,2017026026,6,67,67301,2017,2,3,320,3,3,1,0,7,4, , ,N,0,0,0,3,0,2,2,1,N,N,39 59:19.991,75 05:17.559,339, ,327, ,0, , , ,0, , , , , ,30224, , , ,1,1,0,0,0,0,0,0,0,0,0,0,2,2,0,0,0,0,0,0,0,0,0,0,0,0,0,0,0,0,0,0,0,0,0,8,0,39.9889,-75.0882, ,Philadelphia
 ,4297,2017014023,6,67,67301,2017,1,1,1800,18,3,2,1,4,1, , ,N,0,3,6,3,0,1,2,2,N,N,40 03:29.043,75 09:56.807,1818, ,1815, ,0, ,N, ,3, , , , , ,30272, , , ,2,2,0,0,0,0,0,0,0,0,0,0,1,1,1,0,0,0,0,0,1,0,0,0,0,0,0,0,0,0,0,0,0,0,0,8,0,40.0581,-75.1658, ,Philadelphia
 ,4298,2017041154,6,67,67301,2017,3,5,1925,19,3,1,0,4,1, , ,N,2,2,7,3,0,1,2,2,N,N,39 56:42.550,75 08:30.536,1940, ,1931, ,0, ,N, ,3, , , , , ,30285, , , ,1,0,0,0,0,0,1,0,1,0,1,0,1,0,0,0,0,0,0,0,1,0,0,0,0,0,0,0,0,0,0,0,0,0,0,3,0,39.9452,-75.1418, ,Philadelphia
 ,4299,2017019050,6,67,67301,2017,1,2,1430,14,1,1,0,4,1, , ,N,4,2,3,3,0,1,2,2,N,N,40 01:55.785,75 05:03.553,1450, ,1435,1,1,2,N, ,3,N, , , , ,30288, , , ,2,1,0,0,0,0,1,0,0,0,0,1,1,0,0,0,0,0,1,0,1,0,0,0,0,0,0,0,0,0,0,0,0,0,0,4,0,40.0322,-75.0843, ,Philadelphia
 ,4300,2017007819,6,67,67301,2017,1,3,2150,21,3,2,1,7,2, , ,N,0,0,0,3,0,3,3,1,N,N,40 00:59.790,75 12:09.880,2155, ,2153,1,1,4,N, ,0,N, , , , ,30331, , , ,1,1,0,0,0,0,0,0,0,0,0,0,3,3,0,0,0,0,0,0,0,0,0,0,0,0,0,0,0,0,0,0,0,0,0,8,0,40.0166,-75.2027, ,Philadelphia
 ,4301,2017007747,6,67,67301,2017,1,3,2000,20,3,2,1,4,1, , ,N,0,0,0,3,0,1,1,5,N,N,40 00:51.747,75 03:56.176,2010, ,2000, ,0, ,N, ,0, , , , , ,30335, , , ,5,4,0,0,1,0,0,0,0,0,0,1,1,0,0,0,0,0,0,0,0,0,0,0,0,0,0,0,0,0,0,0,0,0,0,4,0,40.0144,-75.0656, ,Philadelphia