wz_ln_closure,objectid_1,crn,district,county,municipality,crash_year,crash_month,day_of_week,time_of_day,hour_of_day,illumination,weather,road_condition,collision_type,relation_to_road,work_zone_type,work_zone_loc,work_zone_ind,intersect_type,tcd_type,location_type,urban_rural,fatal_count,injury_count,person_count,total_units,sch_bus_ind,sch_zone_ind,latitude,longitude,arrival_tm,cons_zone_spd_lim,dispatch_tm,est_hrs_closed,lane_closed,ln_close_dir,ntfy_hiwy_maint,spec_juris_cd,tcd_func_cd,tfc_detour_ind,workers_pres,wz_close_detour,wz_flagger,wz_law_offcr_ind,objectid,wz_moving,wz_other,wz_shlder_mdn,vehicle_count,automobile_count,motorcycle_count,bus_count,small_truck_count,heavy_truck_count,suv_count,van_count,bicycle_count,maj_inj_count,mod_inj_count,min_inj_count,tot_inj_count,unk_inj_deg_count,unk_inj_per_count,driver_count_16yr,driver_count_17yr,driver_count_18yr,driver_count_19yr,driver_count_20yr,driver_count_50_64yr,driver_count_65_74yr,driver_count_75plus,unbelted_occ_count,unb_death_count,unb_maj_inj_count,belted_death_count,belted_maj_inj_count,mcycle_death_count,mcycle_maj_inj_count,bicycle_death_count,bicycle_maj_inj_count,ped_count,ped_death_count,ped_maj_inj_count,max_severity_level,comm_veh_count,dec_lat,dec_long,rdwy_surf_type_cd,county_name
 ,4494,2017088319,6,67,67301,2017,7,1,1353,13,1,1,0,5,1, , ,N,0,0,0,3,0,0,2,2,N, ,40 02:23.679,75 03:58.123,1531, ,1527,2,1,2, , ,0,N, , , , ,79370, , , ,2,1,0,0,0,0,1,0,0,0,0,0,0,0,0,0,1,0,0,0,0,0,0,0,0,0,0,0,0,0,0,0,0,0,0,0,0,40.0399,-75.0661, ,Philadelphia
 ,4495,2017105873,6,67,67301,2017,9,7,1222,12,1,1,0,4,1, , ,N,2,0,7,3,0,1,2,2,N,N,40 02:05.722,75 14:05.726,1222, ,1222, ,0, ,N, ,0, , , , , ,79422, , , ,1,0,0,0,1,0,0,0,1,0,0,1,1,0,0,0,1,0,0,0,0,0,0,1,0,0,0,0,0,0,0,0,0,0,0,4,0,40.0349,-75.2349, ,Philadelphia
 ,4496,2017109777,6,67,67301,2017,9,3,1024,10,1,1,0,1,1, , ,N,0,7,0,3,0,2,2,2,N,N,40 05:12.073,74 59:59.319,1028, ,1026,3,1,2,N, ,3,Y, , , , ,79424, , , ,2,0,0,0,0,0,1,1,0,0,0,0,2,2,0,0,0,0,0,0,1,0,0,0,0,0,0,0,0,0,0,0,0,0,0,8,0,40.0867,-74.9998, ,Philadelphia
 ,4497,2017073743,6,67,67301,2017,5,7,2130,21,3,1,0,1,1, , ,N,1,2,0,3,0,1,2,2,N,N,40 00:09.793,75 10:27.083,0, ,0, ,0, ,N, ,3, , , , , ,79433, , , ,2,0,0,0,0,0,1,0,0,1,0,0,1,0,1,0,0,0,0,0,1,0,0,0,0,0,0,0,0,0,0,0,0,0,0,2,0,40.0027,-75.1742, ,Philadelphia
 ,4498,2017067947,6,67,67301,2017,6,1,2015,20,4,1,0,5,6, , ,N,0,0,0,3,0,0,1,2,N,N,39 58:52.360,75 06:17.221,824, ,820, ,0, ,N, ,0, , , , , ,79447, , , ,2,0,0,0,0,0,1,1,0,0,0,0,0,0,1,0,0,0,0,0,0,0,0,0,0,0,0,0,0,0,0,0,0,0,0,9,0,39.9812,-75.1048, ,Philadelphia
 ,4499,2017086816,6,67,67301,2017,5,2,925,9,1,1,0,2,6, , ,N,0,0,0,3,1,0,1,2,N,N,40 03:29.049,75 11:20.563,936, ,930,2,1,1, ,0,0,N, , , , ,79451, , , ,2,1,0,0,0,0,0,1,0,0,0,0,0,0,0,0,0,0,0,0,1,0,0,0,0,0,0,0,0,0,0,0,0,0,0,1,0,40.0581,-75.189,9,Philadelphia
 ,4500,2017097989,6,67,67301,2017,9,5,1100,11,1,1,0,1,1, , ,N,0,0,0,3,0,1,3,3,N, ,39 58:45.475,75 05:37.003,9999, ,1106, ,0, , , ,0, , , , , ,79460, , , ,3,1,0,0,0,0,1,1,0,0,0,1,1,0,0,0,0,0,0,0,3,0,0,2,0,0,0,0,0,0,0,0,0,0,0,4,0,39.9793,-75.0936, ,Philadelphia
 ,4501,2017073216,6,67,67301,2017,7,3,2221,22,3,1,0,1,1, , ,N,0,0,0,3,0,0,2,2,N,N,39 57:30.633,75 10:00.679,2300, ,2300, ,0, , , ,0, , , , , ,67400, , , ,2,1,0,0,0,0,1,0,0,0,0,0,0,0,0,0,0,0,0,0,0,0,0,0,0,0,0,0,0,0,0,0,0,0,0,0,0,39.9585,-75.1669, ,Philadelphia
 ,4502,2017086879,6,67,67301,2017,5,7,1045,10,1,1,0,6,6, , ,N,0,0,0,3,0,1,1,3,N,N,39 58:00.267,75 12:37.540,1046, ,1046, ,0, ,N, ,0, , , , , ,67404, , , ,3,1,0,0,1,1,0,0,0,0,0,0,1,1,0,0,0,0,0,0,1,0,0,0,0,0,0,0,0,0,0,0,0,0,0,8,0,39.9667,-75.2104, ,Philadelphia
 ,4503,2017086122,6,67,67301,2017,7,6,1758,17,1,1,0,4,1, , ,N,1,2,0,3,0,2,5,2,N,N,40 01:08.004,75 08:25.576,1956, ,1758, ,0, ,N, ,3, , , , , ,67407, , , ,2,1,0,0,0,1,0,0,0,0,0,2,2,0,0,0,0,0,0,1,0,0,0,0,0,0,0,0,0,0,0,0,0,0,0,4,1,40.0189,-75.1404, ,Philadelphia
 ,4504,2017116076,6,67,67301,2017,10,1,1025,10,1,1,0,4,1, , ,N,2,3,0,3,0,1,5,2,N,N,40 00:07.149,75 06:49.600,1150, ,1146, ,0, ,N, ,3, , , , , ,67424, , , ,2,1,0,0,0,0,0,1,0,0,0,0,1,1,0,0,0,0,0,0,0,1,0,2,0,0,0,0,0,0,0,0,0,0,0,8,0,40.002,-75.1138, ,Philadelphia
 ,4505,2017078874,6,67,67301,2017,7,5,1008,10,1,2,1,5,1, , ,N,0,0,0,3,0,4,5,3,N,N,39 54:57.237,75 14:21.428,1015, ,1015,1,1,3,N, ,0,N, , , , ,67444, , , ,3,1,0,0,1,0,0,0,0,0,0,4,4,0,0,0,0,0,0,0,1,0,0,0,0,0,0,0,0,0,0,0,0,0,0,4,0,39.9159,-75.2393, ,Philadelphia
 ,4506,2017086343,6,67,67301,2017,7,7,2132,21,3,1,0,8,1, , ,N,2,0,0,3,0,2,3,3,N, ,40 01:57.309,75 03:54.489,2132, ,2132, ,0, , , ,0, , , , , ,67457, , , ,1,0,0,0,0,0,0,1,0,0,0,2,2,0,0,0,0,0,0,0,0,1,0,0,0,0,0,0,0,0,0,0,2,0,0,4,0,40.0326,-75.0652, ,Philadelphia
 ,4507,2017113779,6,67,67301,2017,10,7,56,0,3,2,1,1,1, , ,N,0,0,0,3,0,3,4,2,N,N,39 59:21.174,75 12:23.469,114, ,57, ,0, , , ,0, , , , , ,67466, , , ,2,2,0,0,0,0,0,0,0,0,3,0,3,0,0,0,0,0,0,0,0,0,0,0,0,0,0,0,0,0,0,0,0,0,0,3,0,39.9889,-75.2068, ,Philadelphia
 ,4508,2017088081,6,67,67301,2017,8,1,1814,18,1,1,0,8,1, , ,N,1,2,0,3,0,1,2,2,N,N,39 57:16.822,75 11:40.080,1817, ,1814, ,0, ,N, ,3, , , , , ,67474, , , ,1,0,0,0,0,0,1,0,0,0,0,0,1,1,0,0,0,0,0,0,0,0,0,0,0,0,0,0,0,0,0,0,1,0,0,8,0,39.9547,-75.1944, ,Philadelphia
 ,4509,2017096549,6,67,67301,2017,8,1,2345,23,6,1,0,8,1, , ,N,0,0,0,3,0,1,2,2,N,N,39 59:53.626,75 07:36.814,9999, ,2345, ,0, ,N, ,0, , , , , ,67479, , , ,1,0,0,0,0,0,0,0,0,0,1,0,1,0,0,0,0,0,0,0,0,0,0,0,0,0,0,0,0,0,0,0,1,0,0,3,0,39.9982,-75.1269, ,Philadelphia
 ,4510,2017073714,6,67,67301,2017,4,4,1855,18,1,1,0,1,1, , ,N,3,2,0,3,0,1,2,2,N,N,40 04:57.151,75 02:15.941,0, ,0, ,0, ,N, ,3, , , , , ,67487, , , ,2,1,0,0,0,0,0,0,0,0,0,0,1,1,0,0,0,0,0,0,0,0,0,0,0,0,0,0,0,0,0,0,0,0,0,8,0,40.0825,-75.0378, ,Philadelphia
 ,4511,2017061964,6,67,67301,2017,5,5,2028,20,3,1,0,7,2, , ,N,0,0,0,3,0,1,1,1,N,N,39 59:19.962,75 05:16.447,2029, ,2028, ,0, , , ,0, , , , , ,67494, , , ,1,0,1,0,0,0,0,0,0,0,0,0,1,1,0,0,0,0,0,0,0,0,0,0,0,0,0,0,0,0,0,0,0,0,0,8,0,39.9889,-75.0879, ,Philadelphia
 ,4512,2017067795,6,67,67301,2017,5,3,1849,18,1,2,1,4,1, , ,N,1,2,0,3,0,1,2,2,N,N,39 55:06.785,75 13:33.433,1900, ,1851, ,0, ,N, ,3, , , , , ,67497, , , ,2,1,0,0,0,0,0,1,0,0,0,0,1,1,0,0,0,0,0,0,0,0,0,1,0,0,0,0,0,0,0,0,0,0,0,8,0,39.9186,-75.226, ,Philadelphia
 ,4513,2017109770,6,67,67301,2017,9,7,33,0,3,1,0,8,1, , ,N,1,2,0,3,0,1,2,2,N,N,39 58:10.246,75 13:31.336,119, ,115, ,0, ,N, ,3, , , , , ,67560, , , ,1,1,0,0,0,0,0,0,0,0,1,0,1,0,0,0,0,0,0,0,0,0,0,1,0,0,0,0,0,0,0,0,1,0,0,3,0,39.9695,-75.2254, ,Philadelphia
 ,4514,2017060046,6,67,67301,2017,5,2,1146,11,1,1,0,1,1, , ,N,0,4,0,3,0,3,5,3,N,N,39 58:49.647,75 06:17.146,1159, ,1147,1,1,2, , ,3,N, , , , ,67579, , , ,3,1,0,0,1,0,1,0,0,0,3,0,3,0,0,0,0,0,0,0,0,0,0,0,0,0,0,0,0,0,0,0,0,0,0,3,0,39.9805,-75.1048, ,Philadelphia
 ,4515,2017061759,6,67,67301,2017,6,4,1604,16,1,1,0,1,1, , ,N,0,0,0,3,0,0,4,3,N,N,39 54:01.089,75 09:25.944,1625, ,1605, ,0, , , ,0, , , , , ,67590, , , ,3,3,0,0,0,0,0,0,0,0,0,0,0,0,0,0,0,0,0,0,0,0,0,0,0,0,0,0,0,0,0,0,0,0,0,0,0,39.9003,-75.1572, ,Philadelphia
 ,4516,2017060733,6,67,67301,2017,5,7,1938,19,1,1,0,7,4, , ,N,0,0,0,3,0,0,1,1,N,N,40 00:57.383,75 03:05.237,1947, ,1939, ,0, , , ,0, , , , , ,67597, , , ,1,1,0,0,0,0,0,0,0,0,0,0,0,0,0,0,0,0,0,0,0,0,0,1,0,0,0,0,0,0,0,0,0,0,0,0,0,40.0159,-75.0515, ,Philadelphia
 ,4517,2017076288,6,67,67301,2017,6,7,1000,10,1,2,1,7,4, , ,N,0,0,0,3,0,1,1,1,N,N,40 03:27.540,75 12:00.327,1030, ,1026, ,0, ,N, ,0, , , , , ,67627, , , ,1,1,0,0,0,0,0,0,0,0,0,0,1,1,0,0,0,0,0,0,0,0,0,0,0,0,0,0,0,0,0,0,0,0,0,8,0,40.0577,-75.2001, ,Philadelphia
 ,4518,2017071001,6,67,67301,2017,1,6,1330,13,1,2,0,4,1, , ,N,1,2,0,3,0,3,4,2,N,N,39 57:09.026,75 10:37.224,0, ,0, ,0, ,N, ,3, , , , , ,67629, , , ,2,0,0,0,0,0,1,1,0,0,3,0,3,0,1,0,0,0,0,0,0,0,0,0,0,0,0,0,0,0,0,0,0,0,0,3,0,39.9525,-75.177, ,Philadelphia
 ,4519,2017093513,6,67,67301,2017,8,1,1813,18,1,1,0,8,1, , ,N,0,0,0,3,0,1,2,2,N,N,39 55:29.373,75 14:27.690,1814, ,1814, ,0, ,N, ,0, , , , , ,70205, , , ,1,0,0,0,0,0,0,1,0,0,0,1,1,0,0,0,0,0,0,0,0,0,0,0,0,0,0,0,0,0,0,0,1,0,0,4,0,39.9248,-75.241, ,Philadelphia
 ,4520,2017097792,6,67,67301,2017,7,5,740,7,1,1,0,5,6, , ,N,0,0,0,3,0,1,1,2,N,N,39 59:36.629,75 07:36.047,812, ,805,2,2,3,N, ,0,Y, , , , ,70206, , , ,2,1,0,0,0,0,1,0,0,0,0,0,1,1,0,0,0,0,0,0,0,0,0,0,0,0,0,0,0,0,0,0,0,0,0,8,0,39.9935,-75.1267, ,Philadelphia
 ,4521,2017086672,6,67,67301,2017,3,2,1640,16,1,1,0,7,4, , ,N,0,0,0,3,0,0,1,1,N,N,40 00:19.179,75 11:27.246,2200, ,1654,9,1,2,N, ,0,N, , , , ,70240, , , ,1,1,0,0,0,0,0,0,0,0,0,0,0,0,0,0,0,0,0,0,0,0,0,0,0,0,0,0,0,0,0,0,0,0,0,0,0,40.0053,-75.1909, ,Philadelphia
 ,4522,2017097685,6,67,67301,2017,9,5,844,8,1,1,0,7,2, , ,N,0,8,0,3,0,0,1,1,N,N,40 02:20.151,75 00:31.800,853, ,846, ,0, , , ,3, , , , , ,70246, , , ,1,1,0,0,0,0,0,0,0,0,0,0,0,0,0,0,0,0,0,0,0,0,0,0,0,0,0,0,0,0,0,0,0,0,0,0,0,40.0389,-75.0088, ,Philadelphia
 ,4523,2017119451,6,67,67301,2017,10,1,2149,21,3,2,7,7,4, , ,N,3,0,0,3,0,0,1,1,N,N,40 00:22.285,75 11:48.985,2233, ,2227,2,1,4, , ,0,N, , , , ,70260, , , ,1,0,0,0,0,0,1,0,0,0,0,0,0,0,0,0,0,0,0,0,0,0,0,0,0,0,0,0,0,0,0,0,0,0,0,0,0,40.0062,-75.1969, ,Philadelphia
 ,4524,2017094264,6,67,67301,2017,9,1,1226,12,1,1,0,1,1, , ,N,0,0,0,3,0,0,7,3,N,N,39 57:51.839,75 11:05.055,1249, ,1226,1,1,4, , ,0,N, , , , ,70266, , , ,3,1,0,0,0,0,1,1,0,0,0,0,0,0,0,0,0,0,0,0,1,0,0,0,0,0,0,0,0,0,0,0,0,0,0,0,0,39.9633,-75.1837, ,Philadelphia
 ,4525,2017096448,6,67,67301,2017,9,1,830,8,1,2,1,4,1, , ,N,1,2,0,3,0,1,3,2,N, ,40 02:48.506,75 08:15.137,833, ,833,1,1,2, , ,3,N, , , , ,70268, , , ,2,2,0,0,0,0,0,0,0,0,0,0,1,1,0,0,0,0,1,0,0,0,0,0,0,0,0,0,0,0,0,0,0,0,0,8,0,40.0468,-75.1375, ,Philadelphia
 ,4526,2017068013,6,67,67301,2017,6,7,1452,14,1,1,0,4,1, , ,N,1,2,0,3,0,1,2,2,N, ,39 54:14.563,75 14:24.409,1530, ,1523, ,0, , , ,3, , , , , ,70276, , , ,2,1,0,0,0,0,1,0,0,0,0,0,1,1,1,0,0,0,0,0,0,0,1,0,0,0,0,0,0,0,0,0,0,0,0,8,0,39.904,-75.2401, ,Philadelphia
 ,4527,2017076369,6,67,67301,2017,6,5,2000,20,4,1,0,1,1, , ,N,0,0,0,3,0,1,2,2,N, ,40 00:55.200,75 09:00.700,2012, ,2007, ,0, , , ,0, , , , , ,70281, , , ,2,0,1,0,0,0,0,0,0,0,0,1,1,0,0,0,0,0,0,0,0,0,0,0,0,0,0,0,0,0,0,0,0,0,0,4,0,40.0153,-75.1502, ,Philadelphia
 ,4528,2017076199,6,67,67301,2017,6,4,728,7,1,1,0,1,1, , ,N,0,2,0,3,0,1,4,4,N,N,39 59:41.617,75 05:41.145,815, ,812, ,0, ,N, ,3, , , , , ,70284, , , ,4,2,0,0,0,1,1,0,0,0,0,0,1,1,0,0,0,0,0,0,1,0,0,0,0,0,0,0,0,0,0,0,0,0,0,8,1,39.9949,-75.0947, ,Philadelphia
 ,4529,2017070504,6,67,67301,2017,6,5,640,6,1,1,0,4,1, , ,N,1,2,0,3,0,0,2,2,N,N,40 03:27.899,75 02:30.009,700, ,650, ,0, ,N, ,3, , , , , ,70288, , , ,2,1,0,0,0,1,0,0,0,0,0,0,0,0,0,0,0,0,0,0,1,0,0,0,0,0,0,0,0,0,0,0,0,0,0,0,1,40.0577,-75.0417, ,Philadelphia
 ,4530,2017086302,6,67,67301,2017,7,6,2033,20,3,1,0,1,1, , ,N,0,0,0,3,0,1,2,2,N, ,39 56:19.912,75 12:55.507,2055, ,2052, ,0, , , ,0, , , , , ,70297, , , ,1,1,0,0,0,0,0,0,1,0,1,0,1,0,0,0,0,0,0,0,0,0,0,1,0,0,0,0,0,0,0,0,0,0,0,3,0,39.9389,-75.2154, ,Philadelphia
 ,4531,2017116163,6,67,67301,2017,10,3,2310,23,3,1,0,4,1, , ,N,1,3,0,3,0,1,4,2,N, ,40 00:33.235,75 09:28.008,30, ,26, ,0, ,N, ,3, , , , , ,70298, , , ,2,0,0,0,0,0,1,1,0,0,0,0,1,1,0,0,1,0,0,0,0,0,0,4,0,0,0,0,0,0,0,0,0,0,0,8,0,40.0092,-75.1578, ,Philadelphia
 ,4532,2017105967,6,67,67301,2017,9,1,1217,12,1,1,0,4,1, , ,N,0,0,7,3,0,0,2,2,N,N,40 03:45.225,75 01:41.428,1221, ,1219,2,1,1,N, ,0,N, , , , ,70316, , , ,2,1,0,0,0,0,1,0,0,0,0,0,0,0,0,0,0,0,0,0,0,0,0,0,0,0,0,0,0,0,0,0,0,0,0,0,0,40.0626,-75.0282, ,Philadelphia
 ,4533,2017076365,6,67,67301,2017,6,7,605,6,1,2,1,4,1, , ,N,1,3,0,3,0,1,4,2,N,N,39 58:25.287,75 08:30.357,610, ,610, ,0, ,N, ,3, , , , , ,70325, , , ,2,1,0,0,0,0,1,0,0,0,0,1,1,0,0,0,0,0,0,0,1,0,0,0,0,0,0,0,0,0,0,0,0,0,0,4,0,39.9737,-75.1418, ,Philadelphia
 ,4534,2017106840,6,67,67301,2017,10,2,430,4,3,2,1,8,1, , ,N,1,2,0,3,0,1,2,2,N,N,39 58:43.263,75 09:28.346,435, ,432, ,0, ,N, ,3, , , , , ,70335, , , ,1,0,0,0,1,0,0,0,0,0,0,0,1,1,1,0,0,0,0,0,0,0,0,0,0,0,0,0,0,0,0,0,1,0,0,8,0,39.9787,-75.1578, ,Philadelphia
 ,4535,2017086076,6,67,67301,2017,7,4,1159,11,1,1,0,4,1, , ,N,1,2,0,3,0,3,3,2,N,N,40 02:12.846,75 08:02.866,1206, ,1204, ,0, ,N, ,3, , , , , ,70339, , , ,2,1,0,0,0,0,1,0,0,0,0,3,3,0,0,0,0,0,0,0,0,0,0,0,0,0,0,0,0,0,0,0,0,0,0,4,0,40.0369,-75.1341, ,Philadelphia
 ,4536,2017091751,6,67,67301,2017,8,4,9999,99,1,1,0,1,1, , ,N,1,2,0,3,0,1,2,2,N, ,40 02:12.235,75 03:52.193,924, ,920, ,0, , , ,3, , , , , ,70344, , , ,2,0,0,0,0,0,1,1,0,0,0,0,1,1,0,0,0,0,0,0,0,1,0,0,0,0,0,0,0,0,0,0,0,0,0,8,0,40.0367,-75.0645, ,Philadelphia
 ,4537,2017108011,6,67,67301,2017,9,1,758,7,1,1,0,1,1, , ,N,1,2,0,3,0,0,2,2,N,N,40 02:54.808,75 09:41.994,805, ,801, ,0, ,N, ,3, , , , , ,76329, , , ,2,1,0,0,0,1,0,0,0,0,0,0,0,0,0,0,0,0,0,0,1,0,0,1,0,0,0,0,0,0,0,0,0,0,0,0,1,40.0486,-75.1617, ,Philadelphia
 ,4538,2017120504,6,67,67301,2017,10,5,1215,12,1,1,0,8,1, , ,N,5,2,8,3,0,1,2,2,N,N,39 57:11.151,75 10:54.540,9999, ,9999, ,0, , , ,3, , , , , ,76335, , , ,1,1,0,0,0,0,0,0,0,0,0,1,1,0,0,0,0,0,0,0,0,0,0,1,0,0,0,0,0,0,0,0,1,0,0,4,0,39.9531,-75.1819, ,Philadelphia
 ,4539,2017116021,6,67,67301,2017,8,6,953,9,1,1,0,4,1, , ,N,0,0,0,3,0,6,17,2,N, ,39 59:16.932,75 10:49.918,958, ,953, ,0, , , ,0, , , , , ,76340, , , ,2,1,0,1,0,0,0,0,0,0,0,0,6,6,0,0,0,0,0,0,1,0,0,0,0,0,0,0,0,0,0,0,0,0,0,8,1,39.988,-75.1805, ,Philadelphia
 ,4540,2017052082,6,67,67301,2017,5,3,1703,17,1,1,0,8,1, , ,N,2,2,0,3,0,1,4,2,N,N,40 04:53.936,74 59:39.961,1732, ,1730, ,0, , , ,3, , , , , ,76350, , , ,1,1,0,0,0,0,0,0,0,0,0,0,1,1,0,0,0,0,0,0,0,0,0,0,0,0,0,0,0,0,0,0,1,0,0,8,0,40.0816,-74.9944, ,Philadelphia
 ,4541,2017058282,6,67,67301,2017,5,3,1040,10,1,1,0,8,1, , ,N,1,2,0,3,0,1,2,2,N, ,39 55:17.997,75 10:42.445,1044, ,1042,1,2,2, , ,3,Y, , , , ,76355, , , ,1,0,0,0,0,0,0,1,0,0,0,0,1,1,0,0,0,0,1,0,0,0,0,0,0,0,0,0,0,0,0,0,1,0,0,8,0,39.9217,-75.1785, ,Philadelphia
 ,4542,2017070440,6,67,67301,2017,6,7,2240,22,3,1,0,7,4, , ,N,0,0,0,3,0,1,2,1,N, ,40 03:52.240,75 00:34.292,2253, ,2251, ,0, , , ,0, , , , , ,76365, , , ,1,1,0,0,0,0,0,0,0,0,0,1,1,0,0,0,0,0,0,0,0,0,0,0,0,0,0,0,0,0,0,0,0,0,0,4,0,40.0645,-75.0095, ,Philadelphia
 ,4543,2017116066,6,67,67301,2017,10,3,1855,18,3,1,0,8,1, , ,N,2,3,0,3,0,1,2,2,N,N,39 55:17.605,75 14:24.147,1930, ,1903, ,0, , , ,3, , , , , ,76380, , , ,1,1,0,0,0,0,0,0,0,0,0,0,1,1,0,0,0,0,0,0,0,0,0,1,0,0,0,0,0,0,0,0,1,0,0,8,0,39.9216,-75.24, ,Philadelphia
 ,4544,2017105998,6,67,67301,2017,9,2,600,6,1,1,0,4,1, , ,N,2,2,7,3,0,1,2,2,N,N,40 05:29.578,74 57:56.181,615, ,610, ,0, ,N, ,3, , , , , ,76393, , , ,1,1,0,0,0,0,0,0,1,0,0,1,1,0,0,0,0,0,0,0,1,0,0,0,0,0,0,0,0,0,0,0,0,0,0,4,0,40.0915,-74.9656, ,Philadelphia
 ,4545,2017078817,6,67,67301,2017,7,5,2328,23,3,2,1,8,1, , ,N,0,0,0,3,0,1,2,2,N,N,39 58:38.638,75 07:09.572,2330, ,2329,1,1,2, , ,0,N, , , , ,76416, , , ,1,1,0,0,0,0,0,0,0,0,0,1,1,0,0,0,0,0,0,0,0,0,0,1,0,0,0,0,0,0,0,0,1,0,0,4,0,39.9772,-75.1194, ,Philadelphia
 ,4546,2017088741,6,67,67301,2017,8,5,1212,12,1,1,1,4,1, , ,N,1,0,0,3,0,1,2,2,N,N,39 57:21.236,75 11:53.905,1225, ,1220, ,0, ,N, ,0, , , , , ,76422, , , ,1,1,0,0,0,0,0,0,1,0,0,0,1,1,0,0,0,0,0,0,1,0,0,0,0,0,0,0,0,0,0,0,0,0,0,8,0,39.9559,-75.1982, ,Philadelphia
 ,4547,2017086807,6,67,67301,2017,4,3,815,8,2,2,1,7,4, , ,N,0,0,0,3,0,0,1,1,N, ,40 01:40.793,75 11:25.945,1832, ,1820,1,1,2, , ,0,N, , , , ,76424, , , ,1,1,0,0,0,0,0,0,0,0,0,0,0,0,0,0,0,0,0,0,1,0,0,0,0,0,0,0,0,0,0,0,0,0,0,0,0,40.028,-75.1905, ,Philadelphia
 ,4548,2017088306,6,67,67301,2017,7,5,1320,13,1,1,0,1,1, , ,N,0,2,0,3,0,1,2,2,N,N,39 57:16.346,75 13:32.364,1336, ,1333, ,0, ,N, ,3, , , , , ,76432, , , ,2,2,0,0,0,0,0,0,0,0,0,1,1,0,0,0,0,0,0,0,1,0,0,1,0,0,0,0,0,0,0,0,0,0,0,4,0,39.9545,-75.2257, ,Philadelphia
 ,4549,2017091753,6,67,67301,2017,8,2,2202,22,3,1,0,4,1, , ,N,1,3,0,3,0,2,3,2,N, ,40 02:35.588,75 04:01.318,2238, ,2224, ,0, , , ,3, , , , , ,76467, , , ,2,2,0,0,0,0,0,0,0,0,0,2,2,0,0,0,0,0,0,0,0,0,0,0,0,0,0,0,0,0,0,0,0,0,0,4,0,40.0432,-75.067, ,Philadelphia
 ,4550,2017109766,6,67,67301,2017,10,4,1624,16,1,1,0,1,1, , ,N,0,0,7,3,0,7,7,2,N,N,40 00:25.125,75 07:17.758,1650, ,1635,9,1,3,N, ,0,N, , , , ,76471, , , ,2,0,1,0,0,0,1,0,0,2,0,5,7,0,0,0,0,0,0,0,0,0,0,0,0,0,0,0,0,2,0,0,0,0,0,2,0,40.007,-75.1216, ,Philadelphia
 ,4551,2017120495,6,67,67301,2017,10,6,1234,12,1,1,0,8,1, , ,N,2,3,0,3,0,1,2,2,N,N,40 00:16.492,75 13:09.094,1239, ,1235, ,0, ,N, ,3, , , , , ,76474, , , ,1,0,0,0,0,0,1,0,0,0,0,1,1,0,0,0,0,0,0,0,0,0,0,0,0,0,0,0,0,0,0,0,1,0,0,4,0,40.0046,-75.2192, ,Philadelphia
 ,4552,2017097956,6,67,67301,2017,9,1,1406,14,1,1,0,4,1, , ,N,1,2,0,3,0,2,2,2,N, ,40 03:45.914,75 03:27.576,1414, ,1409, ,0, , , ,3, , , , , ,76485, , , ,2,2,0,0,0,0,0,0,0,0,0,2,2,0,0,0,0,0,0,0,0,0,0,0,0,0,0,0,0,0,0,0,0,0,0,4,0,40.0628,-75.0577, ,Philadelphia
 ,4553,2017067704,6,67,67301,2017,5,1,1750,17,4,1,0,1,1, , ,N,1,2,0,3,0,2,3,2,N,N,40 00:05.705,75 09:10.074,1805, ,1802,9,1,2,N, ,3,N, , , , ,76501, , , ,2,2,0,0,0,0,0,0,0,0,0,2,2,0,1,0,0,0,0,0,0,1,0,0,0,0,0,0,0,0,0,0,0,0,0,4,0,40.0016,-75.1528, ,Philadelphia
 ,4554,2017068078,6,67,67301,2017,6,1,1745,17,1,1,0,1,1, , ,N,0,0,3,3,0,1,2,2,N,N,40 00:34.154,75 11:17.007,1753, ,1748,1,1,2,N, ,0,N, , , , ,76507, , , ,2,1,0,0,0,0,1,0,0,0,0,1,1,0,1,0,0,0,0,0,1,0,0,0,0,0,0,0,0,0,0,0,0,0,0,4,0,40.0101,-75.1862, ,Philadelphia
 ,4555,2017086918,6,67,67301,2017,6,2,1408,14,1,1,0,4,1, , ,N,1,2,3,3,0,1,2,2,N, ,40 01:13.441,75 09:07.585,1412, ,1408, ,0, , , ,3, , , , , ,73638, , , ,2,1,0,0,0,0,1,0,0,0,0,0,1,1,0,0,0,0,0,0,0,1,0,1,0,0,0,0,0,0,0,0,0,0,0,8,0,40.0204,-75.1521, ,Philadelphia
 ,4556,2017055525,6,67,67301,2017,4,3,1149,11,1,2,1,5,1, , ,N,0,0,0,3,0,1,2,2,N,N,39 58:41.678,75 12:45.762,1158, ,1150, ,0, , , ,0, , , , , ,73656, , , ,2,0,0,0,0,0,1,1,0,0,0,1,1,0,0,0,0,0,0,0,1,0,0,1,0,0,0,0,0,0,0,0,0,0,0,4,0,39.9782,-75.2127, ,Philadelphia
 ,4557,2017071746,6,67,67301,2017,2,3,930,9,1,1,0,1,1, , ,N,0,0,0,3,0,1,2,2,N,N,39 57:30.842,75 09:43.827,0, ,0, ,0, ,N, ,0, , , , , ,73663, , , ,2,1,0,0,0,0,1,0,0,0,1,0,1,0,0,0,0,0,0,0,0,0,0,1,0,0,0,0,0,0,0,0,0,0,0,3,0,39.9586,-75.1622, ,Philadelphia