wz_ln_closure,objectid_1,crn,district,county,municipality,crash_year,crash_month,day_of_week,time_of_day,hour_of_day,illumination,weather,road_condition,collision_type,relation_to_road,work_zone_type,work_zone_loc,work_zone_ind,intersect_type,tcd_type,location_type,urban_rural,fatal_count,injury_count,person_count,total_units,sch_bus_ind,sch_zone_ind,latitude,longitude,arrival_tm,cons_zone_spd_lim,dispatch_tm,est_hrs_closed,lane_closed,ln_close_dir,ntfy_hiwy_maint,spec_juris_cd,tcd_func_cd,tfc_detour_ind,workers_pres,wz_close_detour,wz_flagger,wz_law_offcr_ind,objectid,wz_moving,wz_other,wz_shlder_mdn,vehicle_count,automobile_count,motorcycle_count,bus_count,small_truck_count,heavy_truck_count,suv_count,van_count,bicycle_count,maj_inj_count,mod_inj_count,min_inj_count,tot_inj_count,unk_inj_deg_count,unk_inj_per_count,driver_count_16yr,driver_count_17yr,driver_count_18yr,driver_count_19yr,driver_count_20yr,driver_count_50_64yr,driver_count_65_74yr,driver_count_75plus,unbelted_occ_count,unb_death_count,unb_maj_inj_count,belted_death_count,belted_maj_inj_count,mcycle_death_count,mcycle_maj_inj_count,bicycle_death_count,bicycle_maj_inj_count,ped_count,ped_death_count,ped_maj_inj_count,max_severity_level,comm_veh_count,dec_lat,dec_long,rdwy_surf_type_cd,county_name
 ,4815,2017086827,6,67,67301,2017,4,6,615,6,1,1,0,7,4, , ,N,3,2,0,3,0,0,1,1,N,N,39 56:51.292,75 11:28.784,616, ,616, ,0, ,N, ,3, , , , , ,70888, , , ,1,1,0,0,0,0,0,0,0,0,0,0,0,0,0,0,0,0,0,0,0,0,0,1,0,0,0,0,0,0,0,0,0,0,0,0,0,39.9476,-75.1913, ,Philadelphia
 ,4816,2017113564,6,67,67301,2017,10,6,2340,23,3,1,0,1,1, , ,N,1,2,0,3,0,1,3,2,N,N,39 57:15.980,75 12:18.387,2340, ,2340, ,0, ,N, ,3, , , , , ,70890, , , ,2,2,0,0,0,0,0,0,0,0,0,0,1,1,1,0,0,0,0,0,0,0,0,0,0,0,0,0,0,0,0,0,0,0,0,8,0,39.9544,-75.205, ,Philadelphia
 ,4817,2017058244,6,67,67301,2017,5,5,1650,16,1,1,0,1,1, , ,N,2,2,0,3,0,2,2,2,N,N,39 58:22.572,75 07:10.506,1650, ,1650, ,0, ,N, ,3, , , , , ,70901, , , ,2,2,0,0,0,0,0,0,0,0,0,1,2,1,0,0,0,0,0,1,0,0,0,0,0,0,0,0,0,0,0,0,0,0,0,4,0,39.9729,-75.1196, ,Philadelphia
 ,4818,2017097098,6,67,67301,2017,7,2,1352,13,1,1,0,7,4, , ,N,0,0,0,3,0,0,1,1,N,N,39 58:00.642,75 11:15.632,1405, ,1355,2,1,4, , ,0,N, , , , ,70909, , , ,1,0,0,0,0,0,0,1,0,0,0,0,0,0,1,0,0,0,0,0,1,0,0,0,0,0,0,0,0,0,0,0,0,0,0,9,0,39.9651,-75.1855, ,Philadelphia
 ,4819,2017094611,6,67,67301,2017,9,2,1618,16,1,1,0,1,1, , ,N,0,0,0,3,0,1,3,3,N,N,39 59:28.730,75 12:13.266,1618, ,1618, ,0, , , ,0, , , , , ,70922, , , ,3,2,0,0,1,0,0,0,0,0,0,0,1,1,0,0,0,0,0,0,0,0,0,0,0,0,0,0,0,0,0,0,0,0,0,8,0,39.9912,-75.204, ,Philadelphia
 ,4820,2017130709,6,67,67301,2017,11,1,710,7,1,1,1,4,1, , ,N,2,0,0,3,0,0,3,2,N,N,39 55:42.820,75 08:40.147,735, ,731,2,1,1,N, ,0,N, , , , ,70942, , , ,2,1,0,0,0,0,0,1,0,0,0,0,0,0,0,0,0,0,0,0,0,0,0,0,0,0,0,0,0,0,0,0,0,0,0,0,0,39.9286,-75.1445, ,Philadelphia
 ,4821,2017127434,6,67,67301,2017,11,3,1735,17,3,2,1,8,1, , ,N,1,2,0,3,0,1,2,2,N, ,40 02:22.048,75 04:38.765,1748, ,1744, ,0, , , ,3, , , , , ,70946, , , ,1,1,0,0,0,0,0,0,0,0,0,1,1,0,0,0,0,0,0,0,0,0,0,0,0,0,0,0,0,0,0,0,1,0,0,4,0,40.0394,-75.0774, ,Philadelphia
 ,4822,2017066437,6,67,67301,2017,6,5,2307,23,3,1,0,1,1, , ,N,0,0,0,3,0,0,2,2,N,N,39 58:02.576,75 07:56.297,2308, ,2308, ,0, , , ,0, , , , , ,70954, , , ,2,2,0,0,0,0,0,0,0,0,0,0,0,0,0,0,0,0,0,1,0,0,0,0,0,0,0,0,0,0,0,0,0,0,0,0,0,39.9674,-75.1323, ,Philadelphia
 ,4823,2017076180,6,67,67301,2017,6,5,2230,22,3,1,0,4,1, , ,N,1,0,0,3,0,2,2,2,N,N,40 01:06.795,75 12:40.361,2236, ,2236, ,0, ,N, ,0, , , , , ,70970, , , ,1,0,1,0,0,0,0,0,1,0,2,0,2,0,0,0,0,0,0,0,0,0,0,0,0,0,0,0,0,0,0,0,0,0,0,3,0,40.0186,-75.2112, ,Philadelphia
 ,4824,2017076188,6,67,67301,2017,6,5,2330,23,3,1,0,4,1, , ,N,1,2,0,3,0,1,2,2,N,N,40 02:29.083,75 07:12.377,2342, ,2330, ,0, ,N, ,3, , , , , ,70971, , , ,2,2,0,0,0,0,0,0,0,0,0,0,1,1,0,0,0,0,0,0,0,0,0,0,0,0,0,0,0,0,0,0,0,0,0,8,0,40.0414,-75.1201, ,Philadelphia
 ,4825,2018030147,6,67,67301,2017,12,3,1600,16,8,1,0,4,1, , ,N,2,2,7,3,0,0,2,2,N,N,40 01:38.500,75 05:56.827,1636, ,1630, ,0, ,N, ,9, , , , , ,77176, , , ,2,2,0,0,0,0,0,0,0,0,0,0,0,0,0,0,0,0,0,0,1,0,0,0,0,0,0,0,0,0,0,0,0,0,0,0,0,40.0274,-75.0991, ,Philadelphia
 ,4826,2017123753,6,67,67301,2017,11,5,1015,10,1,1,0,1,1, , ,N,0,0,0,3,0,1,7,4,N,N,39 57:25.867,75 09:26.586,1025, ,1017, ,0, , , ,0, , , , , ,77185, , , ,4,0,0,0,1,0,2,1,0,0,0,0,1,1,0,0,0,0,0,1,2,0,0,0,0,0,0,0,0,0,0,0,0,0,0,8,0,39.9572,-75.1574, ,Philadelphia
 ,4827,2017128056,6,67,67301,2017,11,6,400,4,8,1,0,5,6, , ,N,0,0,1,3,0,1,2,2,N,N,39 57:17.300,75 09:33.400,1415, ,1400, ,0, ,N, ,0, , , , , ,77207, , , ,2,0,0,2,0,0,0,0,0,0,0,1,1,0,0,0,0,0,0,0,0,0,0,0,0,0,0,0,0,0,0,0,0,0,0,4,2,39.9548,-75.1593, ,Philadelphia
 ,4828,2017070411,6,67,67301,2017,6,6,610,6,1,1,0,5,6, , ,N,0,0,0,3,0,0,1,4,N,N,39 58:07.673,75 14:58.594,805, ,810, ,0, ,N, ,0, , , , , ,77240, , , ,4,1,0,0,0,0,2,1,0,0,0,0,0,0,0,0,0,0,0,0,0,0,0,0,0,0,0,0,0,0,0,0,0,0,0,0,0,39.9688,-75.2496, ,Philadelphia
 ,4829,2017072043,6,67,67301,2017,3,6,9999,99,1,1,0,1,1, , ,N,1,2,0,3,0,2,2,2,N,N,39 55:00.583,75 10:16.768,0, ,0, ,0, ,N, ,3, , , , , ,77261, , , ,2,1,0,0,0,0,0,0,0,0,0,0,2,2,0,0,0,0,0,0,1,0,0,0,0,0,0,0,0,0,0,0,0,0,0,8,0,39.9168,-75.1713, ,Philadelphia
 ,4830,2017086760,6,67,67301,2017,4,1,1030,10,1,1,0,1,1, , ,N,0,0,0,3,0,3,4,2,N,N,40 02:03.656,75 04:30.804,1105, ,1103,2,2,3,N, ,0,Y, , , , ,77276, , , ,2,1,0,0,0,0,1,0,0,0,0,0,3,3,0,0,0,0,1,0,0,0,0,0,0,0,0,0,0,0,0,0,0,0,0,8,0,40.0343,-75.0752, ,Philadelphia
 ,4831,2017097953,6,67,67301,2017,9,6,1335,13,1,1,0,4,1, , ,N,1,2,0,3,0,1,3,2,N,N,39 55:03.702,75 10:39.781,1338, ,1337,1,1,4,N, ,3,Y, , , , ,77290, , , ,2,1,1,0,0,0,0,0,0,0,0,0,1,1,0,0,0,0,0,0,0,0,0,0,0,0,0,0,0,0,0,0,0,0,0,8,0,39.9177,-75.1777, ,Philadelphia
 ,4832,2017106048,6,67,67301,2017,9,7,10,0,3,1,0,4,1, , ,N,1,2,0,3,0,1,2,2,N,N,40 01:13.222,75 06:50.844,15, ,0, ,0, , , ,3, , , , , ,77299, , , ,2,1,1,0,0,0,0,0,0,0,0,0,1,1,1,0,0,0,0,0,0,0,0,0,0,0,0,0,0,0,0,0,0,0,0,8,0,40.0202,-75.1141, ,Philadelphia
 ,4833,2017109875,6,67,67301,2017,10,3,1156,11,1,1,0,1,1, , ,N,1,2,0,3,0,1,3,2,N, ,39 55:35.748,75 10:02.443,1229, ,1225, ,0, , , ,3, , , , , ,77304, , , ,2,1,0,0,0,0,0,1,0,0,0,1,1,0,0,0,0,0,0,0,1,0,1,0,0,0,0,0,0,0,0,0,0,0,0,4,0,39.9266,-75.1673, ,Philadelphia
 ,4834,2017088813,6,67,67301,2017,8,7,2020,20,3,1,0,4,1, , ,N,1,3,0,3,0,1,4,2,N, ,39 59:17.051,75 14:32.697,9999, ,9999,2,1,4, , ,3,Y, , , , ,77337, , , ,2,0,0,0,0,0,1,1,0,0,0,1,1,0,0,0,0,0,0,0,1,0,0,0,0,0,0,0,0,0,0,0,0,0,0,4,0,39.9881,-75.2424, ,Philadelphia
 ,4835,2017127393,6,67,67301,2017,11,1,2014,20,3,1,0,1,1, , ,N,0,2,0,3,0,1,4,3,N, ,40 03:06.804,75 00:26.420,2021, ,2021,1,1,4, , ,3,Y, , , , ,77354, , , ,3,0,0,0,0,0,3,0,0,0,0,1,1,0,0,0,0,0,0,0,0,0,0,1,0,0,0,0,0,0,0,0,0,0,0,4,0,40.0519,-75.0073, ,Philadelphia
 ,4836,2017127384,6,67,67301,2017,11,6,1330,13,1,1,0,1,1, , ,N,5,2,0,3,0,1,8,5,N,N,39 58:06.433,75 14:07.313,1334, ,1330, ,0, ,N, ,3, , , , , ,77356, , , ,5,4,0,0,0,0,1,0,0,0,0,1,1,0,7,0,0,0,0,1,1,0,1,0,0,0,0,0,0,0,0,0,0,0,0,4,0,39.9684,-75.2353, ,Philadelphia
 ,4837,2017091172,6,67,67301,2017,8,5,800,8,1,1,0,4,1, , ,N,1,2,0,3,0,2,3,2,N,N,40 01:47.875,75 05:14.633,9999, ,815, ,0, ,N, ,3, , , , , ,77368, , , ,2,2,0,0,0,0,0,0,0,0,0,0,2,2,1,0,0,0,0,0,0,1,0,1,0,0,0,0,0,0,0,0,0,0,0,8,0,40.03,-75.0874, ,Philadelphia
 ,4838,2017116089,6,67,67301,2017,10,5,1949,19,3,1,0,4,1, , ,N,1,3,0,3,0,1,3,2,N, ,39 57:01.101,75 12:45.817,1955, ,1953, ,0, , , ,3, , , , , ,77381, , , ,2,1,0,0,0,0,1,0,0,0,0,1,1,0,0,0,0,0,0,0,0,1,1,0,0,0,0,0,0,0,0,0,0,0,0,4,0,39.9503,-75.2127, ,Philadelphia
 ,4839,2017120721,6,67,67301,2017,10,2,930,9,1,1,0,1,1, , ,N,0,0,0,3,0,1,3,2,N,N,39 57:48.166,75 11:14.207,950, ,944, ,0, ,N, ,0, , , , , ,77384, , , ,1,0,0,0,0,0,1,0,1,0,0,0,1,1,0,0,0,0,0,0,0,0,0,0,0,0,0,0,0,0,0,0,0,0,0,8,0,39.9634,-75.1873, ,Philadelphia
 ,4840,2017088259,6,67,67301,2017,8,1,2119,21,3,1,0,4,1, , ,N,1,2,0,3,0,0,2,2,N,N,40 06:50.926,74 59:15.880,2125, ,2121,2,2,1,N, ,3,N, , , , ,77392, , , ,2,2,0,0,0,0,0,0,0,0,0,0,0,0,0,0,0,1,0,0,0,0,0,0,0,0,0,0,0,0,0,0,0,0,0,0,0,40.114,-74.9876, ,Philadelphia
 ,4841,2017093491,6,67,67301,2017,8,3,1504,15,1,1,0,8,1, , ,N,1,2,0,3,0,1,2,2,N,N,40 02:43.799,75 09:53.518,1645, ,1635, ,0, , , ,3, , , , , ,77395, , , ,1,0,0,0,1,0,0,0,0,0,0,1,1,0,0,0,0,0,0,0,0,0,0,1,0,0,0,0,0,0,0,0,1,0,0,4,0,40.0455,-75.1649, ,Philadelphia
 ,4842,2017101884,6,67,67301,2017,9,6,2000,20,2,1,0,4,1, , ,N,2,0,0,3,0,0,1,2,N,N,39 56:53.822,75 08:36.001,2040, ,2023, ,0, , , ,0, , , , , ,77400, , , ,2,0,0,0,0,1,1,0,0,0,0,0,0,0,0,0,0,0,0,0,0,0,0,0,0,0,0,0,0,0,0,0,0,0,0,0,1,39.9483,-75.1433, ,Philadelphia
 ,4843,2017098005,6,67,67301,2017,9,4,1945,19,3,1,0,8,1, , ,N,2,3,0,3,0,1,3,2,N,N,39 56:55.282,75 09:08.973,1955, ,1950, ,0, ,N, ,3, , , , , ,74586, , , ,1,1,0,0,0,0,0,0,0,0,0,1,1,0,0,0,0,0,0,0,0,0,0,0,0,0,0,0,0,0,0,0,1,0,0,4,0,39.9487,-75.1525, ,Philadelphia
 ,4844,2017097936,6,67,67301,2017,8,5,1624,16,1,2,1,8,1, , ,N,2,0,0,3,1,0,2,2,N,N,40 01:51.186,75 06:23.493,1652, ,1642,2,2,1,N,0,0,Y, , , , ,74589, , , ,1,1,0,0,0,0,0,0,0,0,0,0,0,0,0,0,0,0,0,0,1,0,0,0,0,0,0,0,0,0,0,0,1,1,0,1,0,40.0309,-75.1065,2,Philadelphia
 ,4845,2017116186,6,67,67301,2017,10,6,1430,14,1,1,0,8,1, , ,N,1,2,0,3,0,1,2,2,N, ,39 57:15.859,75 09:47.045,9999, ,9999, ,0, , , ,3, , , , , ,74601, , , ,1,0,0,0,1,0,0,0,0,0,0,1,1,0,0,0,0,0,0,0,1,0,0,0,0,0,0,0,0,0,0,0,1,0,0,4,0,39.9544,-75.1631, ,Philadelphia
 ,4846,2017068083,6,67,67301,2017,6,2,1909,19,1,1,0,4,1, , ,N,1,3,0,3,0,2,4,2,N,N,40 01:52.664,75 03:58.343,1955, ,1950, ,0, ,N, ,3, , , , , ,74625, , , ,2,1,0,0,0,0,1,0,0,0,0,0,2,2,1,0,0,0,0,0,0,0,0,0,0,0,0,0,0,0,0,0,0,0,0,8,0,40.0313,-75.0662, ,Philadelphia
 ,4847,2017076270,6,67,67301,2017,6,5,2127,21,3,1,0,4,1, , ,N,1,2,0,3,0,2,3,3,N,N,40 03:07.475,75 08:30.412,2131, ,2128,2,2,2,N, ,3,Y, , , , ,74630, , , ,3,3,0,0,0,0,0,0,0,0,0,0,2,2,0,0,0,0,0,0,0,0,0,0,0,0,0,0,0,0,0,0,0,0,0,8,0,40.0521,-75.1418, ,Philadelphia
 ,4848,2017078707,6,67,67301,2017,6,1,915,9,1,1,0,4,1, , ,N,1,3,0,3,0,1,2,2,N,N,39 59:07.782,75 10:29.078,945, ,932,1,1,2,N, ,3,N, , , , ,74631, , , ,2,0,0,0,0,0,1,1,0,0,0,1,1,0,0,0,0,0,0,0,2,0,0,0,0,0,0,0,0,0,0,0,0,0,0,4,0,39.9855,-75.1747, ,Philadelphia
 ,4849,2017076370,6,67,67301,2017,6,3,1630,16,1,1,0,4,1, , ,N,1,2,0,3,0,0,8,2,N, ,40 02:34.113,75 03:47.339,1643, ,1638,1,1,3, , ,3,Y, , , , ,74642, , , ,2,2,0,0,0,0,0,0,0,0,0,0,0,0,8,0,0,0,0,0,0,0,0,7,0,0,0,0,0,0,0,0,0,0,0,9,0,40.0428,-75.0631, ,Philadelphia
 ,4850,2017091692,6,67,67301,2017,8,1,316,3,3,1,0,1,6, , ,N,0,0,0,3,0,0,1,4,N,N,40 07:00.015,75 00:37.346,325, ,316, ,0, ,N, ,0, , , , , ,74652, , , ,4,1,0,0,1,0,2,0,0,0,0,0,0,0,0,0,0,0,0,0,1,0,0,0,0,0,0,0,0,0,0,0,0,0,0,0,0,40.1167,-75.0104, ,Philadelphia
 ,4851,2017067859,6,67,67301,2017,6,1,1150,11,1,1,0,8,1, , ,N,2,0,0,3,0,1,2,2,N, ,39 58:36.011,75 07:40.479,1230, ,1200, ,0, , , ,0, , , , , ,74671, , , ,1,1,0,0,0,0,0,0,0,0,0,1,1,0,0,0,0,0,0,0,0,0,0,1,0,0,0,0,0,0,0,0,1,0,0,4,0,39.9767,-75.1279, ,Philadelphia
 ,4852,2017070396,6,67,67301,2017,6,4,9999,99,1,1,0,4,1, , ,N,0,0,7,3,0,0,2,2,N,N,39 59:22.179,75 09:19.584,1702, ,1658,2,1,1,N, ,0,N, , , , ,74680, , , ,2,0,0,0,1,0,1,0,0,0,0,0,0,0,0,0,0,0,0,0,1,0,0,0,0,0,0,0,0,0,0,0,0,0,0,0,0,39.9895,-75.1554, ,Philadelphia
 ,4853,2017076201,6,67,67301,2017,6,2,903,9,1,1,0,7,5, , ,N,1,2,0,3,0,1,1,1,N, ,39 56:16.525,75 14:02.111,908, ,903, ,0, , , ,3, , , , , ,74688, , , ,1,1,0,0,0,0,0,0,0,0,0,1,1,0,0,0,0,0,0,0,0,0,0,0,0,0,0,0,0,0,0,0,0,0,0,4,0,39.9379,-75.2339, ,Philadelphia
 ,4854,2017088318,6,67,67301,2017,7,2,2300,23,3,1,0,4,1, , ,N,3,3,0,3,0,1,2,2,N,N,39 55:37.155,75 14:36.586,2310, ,2305, ,0, ,N, ,3, , , , , ,74691, , , ,2,1,0,0,1,0,0,0,0,0,0,1,1,0,0,0,0,0,0,0,1,0,0,1,0,0,0,0,0,0,0,0,0,0,0,4,0,39.927,-75.2435, ,Philadelphia
 ,4855,2017107957,6,67,67301,2017,8,7,9999,99,1,1,0,8,1, , ,N,1,0,0,3,0,1,2,2,N, ,40 02:41.384,75 10:54.117,2145, ,2121, ,0, , , ,0, , , , , ,74695, , , ,1,1,0,0,0,0,0,0,0,0,0,0,1,1,0,0,0,0,0,0,0,1,0,0,0,0,0,0,0,0,0,0,1,0,0,8,0,40.0448,-75.1817, ,Philadelphia
 ,4856,2017091743,6,67,67301,2017,8,7,1730,17,1,1,0,6,1, , ,N,0,0,0,3,0,2,3,2,N,N,40 07:52.294,75 00:49.050,1742, ,1733,3,2,3, , ,0,Y, , , , ,74700, , , ,2,0,0,0,0,0,1,1,0,0,1,0,2,1,0,0,0,0,0,0,0,0,0,2,0,0,0,0,0,0,0,0,0,0,0,3,0,40.1312,-75.0136, ,Philadelphia
 ,4857,2017088937,6,67,67301,2017,8,7,813,8,1,1,0,1,1, , ,N,2,0,0,3,0,3,6,3,N,N,40 01:32.502,75 12:09.049,820, ,815, ,0, , , ,0, , , , , ,74702, , , ,3,1,0,0,1,0,1,0,0,0,2,1,3,0,0,0,0,0,0,0,0,0,0,1,0,0,0,0,0,0,0,0,0,0,0,3,0,40.0257,-75.2025, ,Philadelphia
 ,4858,2017086356,6,67,67301,2017,7,6,1725,17,1,1,0,4,1, , ,N,2,3,0,3,0,1,3,2,N,N,40 00:03.412,75 10:01.009,1755, ,1750, ,0, ,N, ,3, , , , , ,74707, , , ,2,1,0,0,0,0,1,0,0,0,0,1,1,0,0,0,0,0,0,0,1,0,0,0,0,0,0,0,0,0,0,0,0,0,0,4,0,40.0009,-75.1669, ,Philadelphia
 ,4859,2017086670,6,67,67301,2017,3,3,1235,12,1,1,0,4,1, , ,N,0,0,0,3,0,0,2,2,N,N,39 52:59.000,75 13:22.000,1240, ,1235, ,0, ,N, ,0, , , , , ,74729, , , ,2,1,0,0,1,0,0,0,0,0,0,0,0,0,2,0,0,0,1,0,0,0,0,0,0,0,0,0,0,0,0,0,0,0,0,9,1,39.8831,-75.2228, ,Philadelphia
 ,4860,2017088830,6,67,67301,2017,8,7,1920,19,4,1,0,4,1, , ,N,1,3,0,3,0,2,4,2,N, ,40 01:27.008,75 03:35.164,1926, ,1925,1,2,7, , ,3,Y, , , , ,74747, , , ,2,2,0,0,0,0,0,0,0,0,0,2,2,0,0,0,0,0,0,0,0,0,0,1,0,0,0,0,0,0,0,0,0,0,0,4,0,40.0242,-75.0598, ,Philadelphia
 ,4861,2017105936,6,67,67301,2017,9,6,1837,18,1,1,0,5,1, , ,N,1,2,0,3,0,2,2,2,N,N,39 58:00.292,75 12:39.920,1859, ,1858, ,0, ,N, ,3, , , , , ,68392, , , ,2,2,0,0,0,0,0,0,0,0,0,0,2,2,0,0,0,0,0,0,1,0,0,0,0,0,0,0,0,0,0,0,0,0,0,8,0,39.9667,-75.2111, ,Philadelphia
 ,4862,2017076140,6,67,67301,2017,6,1,349,3,3,1,0,5,6, , ,N,0,0,0,3,0,0,1,3,N,N,40 01:19.690,75 09:30.619,349, ,349, ,0, , , ,0, , , , , ,68401, , , ,3,2,0,0,0,0,0,1,0,0,0,0,0,0,1,0,0,0,0,0,0,0,0,0,0,0,0,0,0,0,0,0,0,0,0,9,0,40.0221,-75.1585, ,Philadelphia
 ,4863,2017078869,6,67,67301,2017,7,2,2050,20,3,1,0,4,1, , ,N,1,2,0,3,0,1,2,2,N, ,39 57:14.416,75 10:05.601,2105, ,2059, ,0, , , ,3, , , , , ,68408, , , ,1,1,0,0,0,0,0,0,1,0,0,1,1,0,0,0,0,0,0,0,0,0,0,0,0,0,0,0,0,0,0,0,0,0,0,4,0,39.954,-75.1682, ,Philadelphia
 ,4864,2017091157,6,67,67301,2017,6,7,1245,12,1,2,1,7,4, , ,N,0,0,0,3,0,1,2,1,N, ,40 00:49.286,75 09:09.639,1250, ,1248, ,0, , , ,0, , , , , ,68428, , , ,1,0,0,0,0,0,0,1,0,0,0,1,1,0,0,0,0,0,0,0,0,0,0,1,0,0,0,0,0,0,0,0,0,0,0,4,0,40.0136,-75.1526, ,Philadelphia
 ,4865,2017086197,6,67,67301,2017,7,3,9999,99,1,9,8,4,1, , ,N,1,2,0,3,0,1,2,2,N, ,39 56:19.388,75 13:27.483,9999, ,1822, ,0, , , ,3, , , , , ,68429, , , ,2,2,0,0,0,0,0,0,0,0,0,1,1,0,0,0,0,0,0,0,0,0,0,1,0,0,0,0,0,0,0,0,0,0,0,4,0,39.9387,-75.2243, ,Philadelphia
 ,4866,2017114549,6,67,67301,2017,10,7,1444,14,1,1,0,1,1, , ,N,0,0,0,3,0,1,3,3,N,N,39 57:29.474,75 09:51.561,1501, ,1446, ,0, , , ,0, , , , , ,68433, , , ,3,2,0,0,0,0,1,0,0,0,0,0,1,1,0,0,0,0,1,0,0,0,0,0,0,0,0,0,0,0,0,0,0,0,0,8,0,39.9582,-75.1643, ,Philadelphia
 ,4867,2017086974,6,67,67301,2017,2,2,1900,19,3,1,0,8,1, , ,N,0,0,0,3,0,1,2,2,N,N,40 05:10.305,75 02:46.198,15, ,10, ,0, , , ,0, , , , , ,68442, , , ,1,1,0,0,0,0,0,0,0,0,0,1,1,0,0,0,0,0,0,0,0,0,1,0,0,0,0,0,0,0,0,0,1,0,0,4,0,40.0862,-75.0462, ,Philadelphia
 ,4868,2017076341,6,67,67301,2017,6,7,1630,16,1,2,1,8,1, , ,N,1,2,0,3,0,1,2,2,N,N,39 55:40.913,75 10:08.193,1645, ,1640,2,1,2,N, ,3,N, , , , ,68452, , , ,1,1,0,0,0,0,0,0,0,1,0,0,1,0,0,0,1,0,0,0,0,0,0,0,0,0,0,0,0,0,0,0,1,0,1,2,0,39.9281,-75.1688, ,Philadelphia
 ,4869,2017086039,6,67,67301,2017,7,7,256,2,3,2,1,1,1, , ,N,2,3,0,3,0,1,5,2,N,N,40 01:07.384,75 06:06.253,349, ,338, ,0, ,N, ,3, , , , , ,68470, , , ,2,2,0,0,0,0,0,0,0,0,1,0,1,0,0,0,0,0,0,0,0,0,0,2,0,0,0,0,0,0,0,0,0,0,0,3,0,40.0187,-75.1017, ,Philadelphia
 ,4870,2017088965,6,67,67301,2017,8,4,1430,14,1,9,1,4,1, , ,N,1,2,0,3,0,2,2,2,N, ,39 53:51.457,75 15:06.761,1540, ,1536, ,0, , , ,3, , , , , ,68472, , , ,2,1,0,0,1,0,0,0,0,0,0,0,2,2,0,0,0,0,0,0,1,0,0,0,0,0,0,0,0,0,0,0,0,0,0,8,0,39.8976,-75.2519, ,Philadelphia
 ,4871,2017086347,6,67,67301,2017,7,2,1759,17,1,1,0,8,1, , ,N,0,0,0,3,0,1,2,2,N,N,39 59:22.676,75 09:34.714,1811, ,1809, ,0, , , ,0, , , , , ,68473, , , ,1,0,0,0,1,0,0,0,0,0,0,1,1,0,0,0,0,0,0,0,1,0,0,1,0,0,0,0,0,0,0,0,1,0,0,4,0,39.9896,-75.1596, ,Philadelphia
 ,4872,2017091171,6,67,67301,2017,8,5,1814,18,1,1,0,4,1, , ,N,1,2,0,3,0,1,2,2,N, ,40 00:31.197,75 04:08.216,1820, ,1815, ,0, , , ,3, , , , , ,68474, , , ,2,2,0,0,0,0,0,0,0,0,0,0,1,1,0,0,0,0,0,0,0,0,0,1,0,0,0,0,0,0,0,0,0,0,0,8,0,40.0087,-75.0689, ,Philadelphia
 ,4873,2017091723,6,67,67301,2017,8,4,1010,10,1,1,0,4,1, , ,N,1,2,0,3,0,0,1,2,N,N,39 55:26.551,75 13:39.744,1020, ,1020, ,0, ,N, ,3, , , , , ,68482, , , ,2,1,0,0,0,1,0,0,0,0,0,0,0,0,0,0,0,0,0,0,0,0,0,0,0,0,0,0,0,0,0,0,0,0,0,0,1,39.9241,-75.2277, ,Philadelphia
 ,4874,2017120548,6,67,67301,2017,10,4,1330,13,1,9,8,8,6, , ,N,0,0,0,3,0,1,2,2,N,N,39 59:47.824,75 07:10.052,1435, ,1430, ,0, , , ,0, , , , , ,68489, , , ,1,0,0,0,1,0,0,0,0,0,0,0,1,1,0,0,0,0,0,0,0,0,0,1,0,0,0,0,0,0,0,0,1,0,0,8,0,39.9966,-75.1195, ,Philadelphia
 ,4875,2017058342,6,67,67301,2017,5,2,522,5,1,1,0,8,1, , ,N,1,3,0,3,0,1,2,2,N,N,39 58:47.283,75 07:34.262,528, ,524, ,0, , , ,3, , , , , ,68491, , , ,1,1,0,0,0,0,0,0,0,0,0,1,1,0,1,0,0,0,0,0,0,0,0,0,0,0,0,0,0,0,0,0,1,0,0,4,0,39.9798,-75.1262, ,Philadelphia
 ,4876,2017057150,6,67,67301,2017,5,2,357,3,3,2,1,7,2, , ,N,0,0,0,3,0,1,1,1,N,N,39 58:57.315,75 12:27.903,405, ,357, ,0, , , ,0, , , , , ,68492, , , ,1,0,0,0,0,0,1,0,0,0,0,0,1,1,0,0,0,0,0,0,0,0,0,0,0,0,0,0,0,0,0,0,0,0,0,8,0,39.9826,-75.2078, ,Philadelphia
 ,4877,2017067886,6,67,67301,2017,6,4,1145,11,1,9,1,8,1, , ,N,0,0,0,3,0,1,2,2,N,N,40 01:14.051,75 06:59.202,1728, ,1724, ,0, ,N, ,0, , , , , ,68495, , , ,1,1,0,0,0,0,0,0,0,0,0,0,1,1,0,0,0,0,0,0,0,0,0,1,0,0,0,0,0,0,0,0,1,0,0,8,0,40.0206,-75.1164, ,Philadelphia
 ,4878,2017078747,6,67,67301,2017,6,3,642,6,1,1,0,4,1, , ,N,0,0,7,3,0,1,2,2,N, ,40 02:15.948,75 04:05.621,732, ,729, ,0, , , ,0, , , , , ,68507, , , ,2,2,0,0,0,0,0,0,0,0,0,1,1,0,0,0,0,0,0,0,0,1,0,0,0,0,0,0,0,0,0,0,0,0,0,4,0,40.0378,-75.0682, ,Philadelphia