wz_ln_closure,objectid_1,crn,district,county,municipality,crash_year,crash_month,day_of_week,time_of_day,hour_of_day,illumination,weather,road_condition,collision_type,relation_to_road,work_zone_type,work_zone_loc,work_zone_ind,intersect_type,tcd_type,location_type,urban_rural,fatal_count,injury_count,person_count,total_units,sch_bus_ind,sch_zone_ind,latitude,longitude,arrival_tm,cons_zone_spd_lim,dispatch_tm,est_hrs_closed,lane_closed,ln_close_dir,ntfy_hiwy_maint,spec_juris_cd,tcd_func_cd,tfc_detour_ind,workers_pres,wz_close_detour,wz_flagger,wz_law_offcr_ind,objectid,wz_moving,wz_other,wz_shlder_mdn,vehicle_count,automobile_count,motorcycle_count,bus_count,small_truck_count,heavy_truck_count,suv_count,van_count,bicycle_count,maj_inj_count,mod_inj_count,min_inj_count,tot_inj_count,unk_inj_deg_count,unk_inj_per_count,driver_count_16yr,driver_count_17yr,driver_count_18yr,driver_count_19yr,driver_count_20yr,driver_count_50_64yr,driver_count_65_74yr,driver_count_75plus,unbelted_occ_count,unb_death_count,unb_maj_inj_count,belted_death_count,belted_maj_inj_count,mcycle_death_count,mcycle_maj_inj_count,bicycle_death_count,bicycle_maj_inj_count,ped_count,ped_death_count,ped_maj_inj_count,max_severity_level,comm_veh_count,dec_lat,dec_long,rdwy_surf_type_cd,county_name
 ,5008,2017076185,6,67,67301,2017,6,6,215,2,3,1,0,5,6, , ,N,0,0,0,3,0,0,1,3,N,N,40 03:22.561,75 07:46.682,310, ,302,3,2,1,N, ,0,Y, , , , ,68736, , , ,3,0,0,0,1,0,2,0,0,0,0,0,0,0,0,0,0,0,0,0,1,0,0,0,0,0,0,0,0,0,0,0,0,0,0,0,0,40.0563,-75.1296, ,Philadelphia
 ,5009,2017086967,6,67,67301,2017,1,3,1959,19,3,2,1,8,1, , ,N,0,0,0,3,0,1,2,2,N,N,39 58:08.197,75 08:10.786,2013, ,2009,1,1,4,N, ,0,N, , , , ,68739, , , ,1,0,0,0,0,0,0,0,0,0,0,0,1,1,0,0,0,0,0,0,0,0,0,0,0,0,0,0,0,0,0,0,1,0,0,8,0,39.9689,-75.1363, ,Philadelphia
 ,5010,2017096457,6,67,67301,2017,9,6,230,2,3,1,0,1,1, , ,N,0,0,8,3,0,1,3,2,N,N,40 00:21.367,75 11:39.360,245, ,235, ,0, ,N, ,0, , , , , ,68758, , , ,2,1,0,0,0,1,0,0,0,0,0,0,1,1,1,0,0,0,0,0,0,0,0,2,0,0,0,0,0,0,0,0,0,0,0,8,1,40.0059,-75.1943, ,Philadelphia
 ,5011,2017126192,6,67,67301,2017,10,6,151,1,3,1,0,1,1, , ,N,0,0,0,3,0,0,4,2,N,N,39 54:01.227,75 09:28.573,201, ,156,1,1,2, , ,0,N, , , , ,68765, , , ,2,0,0,0,0,0,0,1,0,0,0,0,0,0,0,0,0,0,1,0,0,0,0,0,0,0,0,0,0,0,0,0,0,0,0,0,0,39.9003,-75.1579, ,Philadelphia
 ,5012,2017096566,6,67,67301,2017,9,6,510,5,3,1,0,4,1, , ,N,0,0,0,3,0,2,2,2,N,N,40 01:41.505,75 04:28.580,525, ,516, ,0, , , ,0, , , , , ,68776, , , ,2,2,0,0,0,0,0,0,0,0,0,2,2,0,0,0,0,0,0,0,0,0,0,0,0,0,0,0,0,0,0,0,0,0,0,4,0,40.0282,-75.0746, ,Philadelphia
 ,5013,2017060732,6,67,67301,2017,5,2,1747,17,1,1,0,7,3, , ,N,0,0,1,3,0,1,1,1,N,N,40 00:51.255,75 05:09.837,1805, ,1758, ,0, ,N, ,0, , , , , ,68780, , , ,1,1,0,0,0,0,0,0,0,0,0,0,1,1,0,0,0,0,0,0,0,0,0,0,0,0,0,0,0,0,0,0,0,0,0,8,0,40.0142,-75.0861, ,Philadelphia
 ,5014,2017060568,6,67,67301,2017,5,4,1001,10,1,1,0,4,1, , ,N,1,2,0,3,0,2,5,4,N,Y,40 01:32.334,75 10:54.007,1004, ,1001,2,2,7, , ,3,Y, , , , ,68784, , , ,4,3,0,0,0,0,1,0,0,0,2,0,2,0,0,0,0,0,0,0,1,1,0,2,0,0,0,0,0,0,0,0,0,0,0,3,0,40.0256,-75.1817, ,Philadelphia
 ,5015,2017080317,6,67,67301,2017,8,6,2310,23,3,1,0,2,1, , ,N,0,0,0,3,0,1,5,2,N,N,39 54:38.678,75 08:56.602,2316, ,2310, ,0, , , ,0, , , , , ,68801, , , ,2,2,0,0,0,0,0,0,0,0,0,0,1,1,2,0,0,0,0,0,0,0,0,0,0,0,0,0,0,0,0,0,0,0,0,8,0,39.9107,-75.1491, ,Philadelphia
 ,5016,2017122932,6,67,67301,2017,11,3,1817,18,3,2,1,1,1, , ,N,6,4,2,3,0,0,2,2,N,N,39 53:55.824,75 10:15.766,1853, ,1822, ,0, , , ,3, , , , , ,68808, , , ,2,2,0,0,0,0,0,0,0,0,0,0,0,0,0,0,0,0,0,0,0,0,0,0,0,0,0,0,0,0,0,0,0,0,0,0,0,39.8988,-75.171, ,Philadelphia
 ,5017,2017091173,6,67,67301,2017,8,5,802,8,1,1,0,4,1, , ,N,1,2,0,3,0,1,2,2,N,N,40 01:13.581,75 11:32.810,9999, ,9999, ,0, ,N, ,3, , , , , ,68812, , , ,2,0,1,0,0,0,1,0,0,0,0,1,1,0,0,0,0,0,0,0,0,0,0,0,0,0,0,0,0,0,0,0,0,0,0,4,0,40.0205,-75.1924, ,Philadelphia
 ,5018,2017088815,6,67,67301,2017,8,6,715,7,1,1,0,8,1, , ,N,1,2,0,3,0,1,2,2,N,N,39 59:30.778,75 14:01.208,717, ,715, ,0, ,N, ,3, , , , , ,68816, , , ,1,1,0,0,0,0,0,0,0,0,0,1,1,0,0,0,0,0,0,0,0,1,0,0,0,0,0,0,0,0,0,0,1,0,0,4,0,39.9919,-75.2337, ,Philadelphia
 ,5019,2017086198,6,67,67301,2017,7,3,620,6,1,1,0,4,1, , ,N,5,2,0,3,0,1,3,2,N, ,39 54:47.100,75 14:35.859,728, ,620, ,0, , , ,3, , , , , ,68853, , , ,2,2,0,0,0,0,0,0,0,0,0,0,1,1,0,0,0,0,0,0,0,0,0,2,0,0,0,0,0,0,0,0,0,0,0,8,0,39.9131,-75.2433, ,Philadelphia
 ,5020,2017116082,6,67,67301,2017,10,5,840,8,1,2,1,7,4, , ,N,2,0,0,3,0,0,1,1,N,N,40 03:30.132,75 12:00.550,9999, ,9999, ,0, ,N, ,0, , , , , ,68856, , , ,1,1,0,0,0,0,0,0,0,0,0,0,0,0,0,0,0,0,0,0,0,0,0,0,0,0,0,0,0,0,0,0,0,0,0,0,0,40.0584,-75.2002, ,Philadelphia
 ,5021,2017098447,6,67,67301,2017,9,1,153,1,3,1,0,7,3, , ,N,0,0,8,3,0,0,2,1,N,N,39 54:44.500,75 10:26.100,157, ,158,2,2,2,N, ,0,Y, , , , ,68858, , , ,1,0,0,0,1,0,0,0,0,0,0,0,0,0,0,0,0,0,0,0,0,0,0,0,0,0,0,0,0,0,0,0,0,0,0,0,0,39.9124,-75.1739, ,Philadelphia
 ,5022,2017093599,6,67,67301,2017,8,4,1825,18,1,1,0,8,1, , ,N,1,2,0,3,0,1,2,2,N,N,40 01:17.505,75 03:06.381,1247, ,1300, ,0, ,N, ,3, , , , , ,68866, , , ,1,1,0,0,0,0,0,0,0,0,0,0,1,1,0,0,0,0,0,0,0,0,0,1,0,0,0,0,0,0,0,0,1,0,0,8,0,40.0215,-75.0518, ,Philadelphia
 ,5023,2017078789,6,67,67301,2017,7,5,921,9,1,6,1,4,1, , ,N,2,3,0,3,0,1,2,2,N,N,40 00:18.478,75 05:34.115,924, ,924, ,0, ,N, ,3, , , , , ,71439, , , ,2,2,0,0,0,0,0,0,0,0,0,1,1,0,0,0,0,1,0,0,1,0,0,2,0,0,0,0,0,0,0,0,0,0,0,4,0,40.0051,-75.0928, ,Philadelphia
 ,5024,2017091735,6,67,67301,2017,8,6,745,7,1,9,1,4,1, , ,N,1,3,0,3,0,1,2,2,N,N,40 03:57.202,75 10:35.464,1250, ,1250, ,0, ,N, ,3, , , , , ,71451, , , ,2,1,0,0,1,0,0,0,0,0,0,0,1,1,1,0,0,0,0,0,1,0,0,0,0,0,0,0,0,0,0,0,0,0,0,8,0,40.0659,-75.1765, ,Philadelphia
 ,5025,2017096639,6,67,67301,2017,9,6,1638,16,1,1,0,1,1, , ,N,0,0,0,3,0,1,3,2,N,N,40 01:58.835,75 01:13.573,1706, ,1642,1,1,1, , ,0,N, , , , ,71455, , , ,2,0,0,0,0,0,1,1,0,0,0,1,1,0,0,0,0,0,0,0,1,0,1,0,0,0,0,0,0,0,0,0,0,0,0,4,0,40.033,-75.0204, ,Philadelphia
 ,5026,2017086101,6,67,67301,2017,7,6,738,7,1,2,1,4,1, , ,N,2,3,0,3,0,1,3,3,N,N,39 57:30.819,75 14:36.578,746, ,739, ,0, ,N, ,3, , , , , ,71456, , , ,3,3,0,0,0,0,0,0,0,0,0,0,1,1,0,0,0,0,0,0,0,0,0,0,0,0,0,0,0,0,0,0,0,0,0,8,0,39.9586,-75.2435, ,Philadelphia
 ,5027,2017067801,6,67,67301,2017,5,4,1615,16,1,1,0,4,1, , ,N,2,0,0,3,0,4,6,2,N, ,40 02:33.388,75 11:08.116,1630, ,1621, ,0, , , ,0, , , , , ,71485, , , ,2,1,0,0,0,0,1,0,0,0,0,0,4,4,0,0,0,0,0,0,0,0,1,0,0,0,0,0,0,0,0,0,0,0,0,8,0,40.0426,-75.1856, ,Philadelphia
 ,5028,2017076314,6,67,67301,2017,6,3,755,7,1,1,0,4,1, , ,N,1,3,0,3,0,1,4,3,N,Y,40 00:42.433,75 06:35.974,813, ,806, ,0, ,N, ,3, , , , , ,71492, , , ,3,2,0,0,0,0,1,0,0,0,0,0,1,1,0,0,0,0,0,0,0,0,1,0,0,0,0,0,0,0,0,0,0,0,0,8,0,40.0118,-75.11, ,Philadelphia
 ,5029,2017081483,6,67,67301,2017,7,2,430,4,3,2,1,5,1, , ,N,0,0,0,3,0,1,3,2,N,N,39 54:21.801,75 08:59.838,438, ,432, ,0, , , ,0, , , , , ,71496, , , ,2,1,0,0,0,1,0,0,0,0,1,0,1,0,0,0,0,0,0,0,1,0,0,0,0,0,0,0,0,0,0,0,0,0,0,3,1,39.9061,-75.15, ,Philadelphia
 ,5030,2017091738,6,67,67301,2017,8,4,1940,19,1,1,0,4,1, , ,N,1,2,0,3,0,1,2,2,N,N,39 57:06.693,75 10:18.893,2000, ,1949, ,0, ,N, ,3, , , , , ,71508, , , ,2,0,0,0,0,0,2,0,0,0,0,1,1,0,0,0,0,0,0,0,0,0,0,1,0,0,0,0,0,0,0,0,0,0,0,4,0,39.9518,-75.1718, ,Philadelphia
 ,5031,2017086684,6,67,67301,2017,3,4,915,9,1,1,0,4,1, , ,N,1,3,0,3,0,0,5,4,N,N,39 59:06.327,75 09:52.833,935, ,925,2,2,1, , ,3,N, , , , ,71514, , , ,4,1,0,0,0,0,3,0,0,0,0,0,0,0,0,0,0,0,0,0,0,0,0,0,0,0,0,0,0,0,0,0,0,0,0,0,0,39.9851,-75.1647, ,Philadelphia
 ,5032,2017076344,6,67,67301,2017,6,2,2310,23,3,2,1,4,1, , ,N,1,2,0,3,0,1,2,2,N,N,40 01:42.182,75 05:16.897,2327, ,2324,1,1,2,N, ,3,N, , , , ,71541, , , ,2,2,0,0,0,0,0,0,0,0,0,0,1,1,0,0,0,0,0,0,0,0,0,1,0,0,0,0,0,0,0,0,0,0,0,8,0,40.0284,-75.088, ,Philadelphia
 ,5033,2017087199,6,67,67301,2017,8,2,736,7,1,1,0,5,1, , ,N,0,0,0,3,0,0,2,2,N,N,40 01:30.712,75 01:43.878,746, ,736, ,0, , , ,0, , , , , ,71559, , , ,2,1,0,0,0,0,1,0,0,0,0,0,0,0,1,0,0,0,0,1,0,0,0,0,0,0,0,0,0,0,0,0,0,0,0,9,0,40.0252,-75.0289, ,Philadelphia
 ,5034,2017055693,6,67,67301,2017,5,7,1059,10,1,1,0,8,1, , ,N,0,0,0,3,0,1,2,2,N,N,39 58:16.175,75 09:34.454,1100, ,1059, ,0, ,N, ,0, , , , , ,71578, , , ,1,1,0,0,0,0,0,0,0,0,0,0,1,1,0,0,0,0,0,0,0,0,1,0,0,0,0,0,0,0,0,0,1,0,0,8,0,39.9711,-75.1596, ,Philadelphia
 ,5035,2017076142,6,67,67301,2017,6,6,615,6,1,1,0,1,1, , ,N,0,0,3,3,0,2,4,3,N,N,40 01:13.951,75 09:21.584,622, ,617,2,2,5,N, ,0,Y, , , , ,71579, , , ,3,1,0,0,0,1,1,0,0,0,0,2,2,0,0,0,0,0,0,0,0,0,0,0,0,0,0,0,0,0,0,0,0,0,0,4,1,40.0205,-75.156, ,Philadelphia
 ,5036,2017078729,6,67,67301,2017,7,7,1745,17,1,2,1,7,4, , ,N,3,0,0,3,0,0,1,1,N,N,40 00:09.121,75 11:04.925,1803, ,1756, ,0, , , ,0, , , , , ,71586, , , ,1,0,0,0,0,0,1,0,0,0,0,0,0,0,0,0,0,0,0,0,0,0,0,0,0,0,0,0,0,0,0,0,0,0,0,0,0,40.0026,-75.1845, ,Philadelphia
 ,5037,2017085859,6,67,67301,2017,8,7,748,7,1,1,0,7,4, , ,N,0,0,0,3,0,1,1,1,N,N,40 01:55.406,75 01:16.739,754, ,752, ,0, , , ,0, , , , , ,71594, , , ,1,1,0,0,0,0,0,0,0,0,0,0,1,1,0,0,0,0,0,0,0,0,0,1,0,0,0,0,0,0,0,0,0,0,0,8,0,40.0321,-75.0213, ,Philadelphia
 ,5038,2017100508,6,67,67301,2017,9,6,1644,16,1,1,0,4,1, , ,N,1,2,0,3,0,1,3,3,N,N,40 00:16.847,75 09:07.652,1650, ,1644,2,1,1,N, ,3,N, , , , ,71616, , , ,2,2,0,0,0,0,0,0,1,1,0,0,1,0,0,0,0,0,0,0,0,0,0,0,0,0,0,0,0,0,0,1,0,0,0,2,0,40.0047,-75.1521, ,Philadelphia
 ,5039,2017058257,6,67,67301,2017,5,7,854,8,1,2,1,4,1, , ,N,1,2,0,3,0,1,2,2,N, ,40 01:34.998,75 07:01.744,858, ,854,1,1,1, , ,3,N, , , , ,71624, , , ,2,0,0,0,1,0,1,0,0,0,0,1,1,0,0,0,0,0,0,0,0,0,0,0,0,0,0,0,0,0,0,0,0,0,0,4,0,40.0264,-75.1172, ,Philadelphia
 ,5040,2017097806,6,67,67301,2017,9,3,1430,14,1,1,0,1,1, , ,N,1,2,0,3,0,2,6,5,N, ,40 02:54.625,75 14:06.990,1500, ,1454, ,0, , , ,3, , , , , ,71649, , , ,5,2,0,0,0,0,2,1,0,0,0,0,2,2,0,0,0,0,0,0,1,2,2,4,0,0,0,0,0,0,0,0,0,0,0,8,0,40.0485,-75.2353, ,Philadelphia
 ,5041,2017070409,6,67,67301,2017,6,1,2105,21,3,1,0,4,1, , ,N,1,2,0,3,0,1,5,2,N,N,39 57:41.403,75 14:12.493,9999, ,9999, ,0, ,N, ,3, , , , , ,77767, , , ,2,0,0,0,1,0,1,0,0,0,1,0,1,0,0,0,0,0,0,0,0,1,0,0,0,0,0,0,0,0,0,0,0,0,0,3,0,39.9614,-75.2369, ,Philadelphia
 ,5042,2017076173,6,67,67301,2017,6,7,1124,11,1,1,0,4,1, , ,N,5,2,0,3,0,1,3,2,N, ,40 00:08.805,75 04:08.853,1155, ,1152,9,1,1, , ,3,N, , , , ,77770, , , ,2,0,0,0,0,0,0,1,0,0,1,0,1,0,0,1,0,0,0,0,0,0,0,0,0,0,0,0,0,0,0,0,0,0,0,3,0,40.0024,-75.0691, ,Philadelphia
 ,5043,2017066712,6,67,67301,2017,6,5,1605,16,1,1,0,4,1, , ,N,1,2,0,3,0,2,4,3,N,N,39 58:44.778,75 09:40.084,1609, ,1608,3,2,7,N, ,3,Y, , , , ,77789, , , ,2,1,0,0,0,0,1,0,0,1,0,0,2,1,2,0,0,0,0,0,0,0,0,2,0,0,0,0,0,0,0,0,1,0,1,2,0,39.9791,-75.161, ,Philadelphia
 ,5044,2017078809,6,67,67301,2017,6,7,1928,19,4,2,1,4,1, , ,N,1,3,0,3,0,0,2,2,N,N,39 57:35.884,75 13:51.409,1932, ,1930, ,0, ,N, ,3, , , , , ,77802, , , ,2,2,0,0,0,0,0,0,0,0,0,0,0,0,0,0,0,0,0,0,0,1,0,0,0,0,0,0,0,0,0,0,0,0,0,0,0,39.96,-75.2309, ,Philadelphia
 ,5045,2017105946,6,67,67301,2017,9,4,9999,99,1,1,0,4,1, , ,N,2,0,7,3,0,1,3,2,N,N,40 04:20.199,75 14:32.626,1255, ,1251, ,0, ,N, ,0, , , , , ,77824, , , ,2,0,0,0,0,0,2,0,0,1,0,0,1,0,0,0,0,0,0,0,1,0,1,1,0,0,0,1,0,0,0,0,0,0,0,2,0,40.0724,-75.2423, ,Philadelphia
 ,5046,2017052438,6,67,67301,2017,4,5,2044,20,3,1,0,2,6, , ,N,0,0,0,3,0,0,1,2,N,N,40 01:39.391,75 07:25.152,2350, ,2344, ,0, ,N, ,0, , , , , ,77839, , , ,2,1,0,0,0,0,1,0,0,0,0,0,0,0,1,0,0,0,0,0,0,0,0,0,0,0,0,0,0,0,0,0,0,0,0,9,0,40.0276,-75.1237, ,Philadelphia
 ,5047,2017058476,6,67,67301,2017,6,4,553,5,1,1,0,1,3, , ,N,0,0,0,3,0,1,2,2,N,N,39 58:00.642,75 11:15.632,600, ,555,1,1,3, , ,0,N, , , , ,77847, , , ,2,1,0,0,1,0,0,0,0,0,0,0,1,1,0,0,0,0,0,0,1,0,0,0,0,0,0,0,0,0,0,0,0,0,0,8,0,39.9651,-75.1855, ,Philadelphia
 ,5048,2017070526,6,67,67301,2017,6,4,2110,21,3,1,0,4,1, , ,N,3,0,0,3,0,1,2,2,N, ,40 03:05.995,75 09:01.207,2115, ,2112, ,0, , , ,0, , , , , ,77854, , , ,2,1,0,0,1,0,0,0,0,0,0,1,1,0,0,0,0,0,0,0,0,1,1,0,0,0,0,0,0,0,0,0,0,0,0,4,0,40.0517,-75.1503, ,Philadelphia
 ,5049,2017076128,6,67,67301,2017,6,1,2240,22,3,1,0,4,1, , ,N,1,2,0,3,0,1,2,2,N,N,39 58:35.918,75 14:01.251,2245, ,2242,3,2,6, , ,3,Y, , , , ,77855, , , ,2,1,0,0,0,0,0,1,0,0,0,1,1,0,0,0,0,0,0,1,0,1,0,0,0,0,0,0,0,0,0,0,0,0,0,4,0,39.9766,-75.2337, ,Philadelphia
 ,5050,2017076318,6,67,67301,2017,6,3,1240,12,1,1,0,5,1, , ,N,0,0,0,3,0,1,5,2,N,N,39 57:13.000,75 09:34.300,1240, ,1240,2,2,2,N, ,0,Y, , , , ,77867, , , ,2,0,0,0,0,0,2,0,0,0,0,1,1,0,0,0,0,0,0,0,1,0,0,0,0,0,0,0,0,0,0,0,0,0,0,4,0,39.9536,-75.1595, ,Philadelphia
 ,5051,2017097981,6,67,67301,2017,7,2,1154,11,1,1,0,1,1, , ,N,0,0,0,3,0,1,3,4,N, ,39 56:00.019,75 13:23.950,1200, ,1158, ,0, , , ,0, , , , , ,77876, , , ,3,1,0,0,0,0,1,0,0,0,0,0,1,1,0,0,0,0,0,0,0,0,0,1,0,0,0,0,0,0,0,0,1,0,0,8,0,39.9333,-75.2233, ,Philadelphia
 ,5052,2017090422,6,67,67301,2017,8,5,933,9,1,1,0,1,1, , ,N,0,0,0,3,0,3,4,2,N,N,39 57:01.903,75 10:59.445,941, ,935, ,0, , , ,0, , , , , ,77881, , , ,2,2,0,0,0,0,0,0,0,0,0,3,3,0,0,0,0,0,0,0,1,0,0,0,0,0,0,0,0,0,0,0,0,0,0,4,0,39.9505,-75.1832, ,Philadelphia
 ,5053,2017071332,6,67,67301,2017,2,3,9999,99,1,1,0,4,1, , ,N,1,2,0,3,0,1,2,2,N,N,40 02:20.942,75 06:36.006,0, ,0, ,0, ,N, ,3, , , , , ,77885, , , ,2,1,0,0,0,0,1,0,0,0,0,0,1,1,0,0,0,0,0,0,0,0,0,0,0,0,0,0,0,0,0,0,0,0,0,8,0,40.0392,-75.11, ,Philadelphia
 ,5054,2017070615,6,67,67301,2017,6,2,641,6,5,1,0,7,4, , ,N,0,0,0,3,0,1,1,1,N,N,39 53:38.096,75 11:44.071,652, ,644,2,2,2, , ,0,N, , , , ,77893, , , ,1,1,0,0,0,0,0,0,0,0,0,0,1,1,0,0,0,0,0,0,0,1,0,0,0,0,0,0,0,0,0,0,0,0,0,8,0,39.8939,-75.1955, ,Philadelphia
 ,5055,2017070524,6,67,67301,2017,6,7,224,2,3,1,0,1,1, , ,N,0,0,0,3,0,2,5,3,N,N,40 00:55.643,75 10:36.046,235, ,226,2,2,1,N, ,0,Y, , , , ,77901, , , ,3,2,0,0,0,0,1,0,0,0,0,2,2,0,0,0,0,1,0,0,0,1,0,0,0,0,0,0,0,0,0,0,0,0,0,4,0,40.0155,-75.1767, ,Philadelphia
 ,5056,2017116092,6,67,67301,2017,7,1,435,4,3,1,0,1,1, , ,N,1,2,0,3,0,1,2,2,N,N,39 57:14.855,75 12:09.299,443, ,435,1,1,4,N, ,3,Y, , , , ,77930, , , ,2,2,0,0,0,0,0,0,0,0,0,1,1,0,0,0,0,0,0,0,0,0,0,0,0,0,0,0,0,0,0,0,0,0,0,4,0,39.9541,-75.2025, ,Philadelphia
 ,5057,2017058313,6,67,67301,2017,5,3,925,9,1,1,0,5,6, , ,N,0,0,0,3,0,0,1,2,N, ,39 59:07.954,75 09:48.009,933, ,526, ,0, , , ,0, , , , , ,77938, , , ,2,2,0,0,0,0,0,0,0,0,0,0,0,0,1,0,0,0,0,0,0,0,0,0,0,0,0,0,0,0,0,0,0,0,0,9,0,39.9855,-75.1633, ,Philadelphia
 ,5058,2017097923,6,67,67301,2017,9,3,1700,17,1,1,0,4,1, , ,N,0,0,7,3,0,1,2,2,N, ,39 57:27.051,75 09:56.855,2005, ,2000, ,0, , , ,0, , , , , ,77971, , , ,1,1,0,0,0,0,0,0,1,0,0,1,1,0,0,0,0,0,0,0,0,0,0,1,0,0,0,0,0,0,0,0,0,0,0,4,0,39.9575,-75.1658, ,Philadelphia
 ,5059,2017070395,6,67,67301,2017,6,1,2353,23,3,1,0,1,1, , ,N,5,2,0,3,0,1,3,2,N,N,40 01:27.953,75 03:46.121,5, ,3,1,1,6,N, ,3,N, , , , ,75151, , , ,2,2,0,0,0,0,0,0,0,0,0,1,1,0,0,0,0,0,0,0,0,0,0,0,0,0,0,0,0,0,0,0,0,0,0,4,0,40.0244,-75.0628, ,Philadelphia
 ,5060,2017067699,6,67,67301,2017,5,1,342,3,3,1,0,5,6, , ,N,0,0,0,3,0,0,1,4,N, ,39 59:01.535,75 08:07.442,342, ,335,2,2,1, , ,0,Y, , , , ,75161, , , ,4,1,0,0,0,0,2,1,0,0,0,0,0,0,0,0,0,0,0,0,0,0,0,1,0,0,0,0,0,0,0,0,0,0,0,0,0,39.9838,-75.1354, ,Philadelphia
 ,5061,2017086071,6,67,67301,2017,7,4,1815,18,1,1,0,1,6, , ,N,0,0,0,3,0,1,5,4,N,N,40 01:19.431,75 07:42.938,1831, ,1830, ,0, ,N, ,0, , , , , ,75182, , , ,4,0,0,0,1,0,3,0,0,0,0,1,1,0,1,0,0,0,0,0,0,0,0,0,0,0,0,0,0,0,0,0,0,0,0,4,0,40.0221,-75.1286, ,Philadelphia
 ,5062,2017116180,6,67,67301,2017,10,6,842,8,1,1,0,4,1, , ,N,0,0,7,3,0,0,2,2,N,Y,40 03:26.043,75 09:41.165,843, ,842,2,2,5,N, ,0,Y, , , , ,75187, , , ,2,1,0,0,0,0,1,0,0,0,0,0,0,0,1,0,0,0,0,0,0,0,0,0,0,0,0,0,0,0,0,0,0,0,0,9,0,40.0572,-75.1614, ,Philadelphia
 ,5063,2017086732,6,67,67301,2017,3,3,1033,10,1,2,1,1,1, , ,N,1,2,0,3,0,2,4,3,N,N,39 59:32.605,75 08:31.814,1058, ,1051,3,1,2, , ,3,Y, , , , ,75211, , , ,3,1,0,0,0,0,2,0,0,0,0,2,2,0,0,0,0,0,0,0,2,0,0,0,0,0,0,0,0,0,0,0,0,0,0,4,0,39.9923,-75.1422, ,Philadelphia
 ,5064,2017123192,6,67,67301,2017,11,7,127,1,3,1,0,7,3, , ,N,0,0,0,3,0,1,2,1,N,N,39 56:55.071,75 11:09.485,141, ,132, ,0, , , ,0, , , , , ,75221, , , ,1,1,0,0,0,0,0,0,0,0,1,0,1,0,0,0,0,0,1,0,0,0,0,0,0,0,0,0,0,0,0,0,0,0,0,3,0,39.9486,-75.1861, ,Philadelphia
 ,5065,2017105920,6,67,67301,2017,9,6,9999,99,1,1,0,4,1, , ,N,1,2,0,3,0,1,2,2,N, ,39 58:21.475,75 08:40.059,129, ,128, ,0, , , ,3, , , , , ,75233, , , ,1,0,0,0,0,0,0,1,1,0,0,1,1,0,0,0,0,0,0,0,0,0,0,1,0,0,0,0,0,0,0,0,0,0,0,4,0,39.9726,-75.1445, ,Philadelphia
 ,5066,2017058382,6,67,67301,2017,5,3,1600,16,1,1,0,4,1, , ,N,1,3,0,3,0,1,1,4,N,N,40 01:08.018,75 09:08.895,1635, ,1632, ,0, ,N, ,3, , , , , ,75247, , , ,4,1,0,0,0,0,2,1,0,0,0,1,1,0,0,0,0,0,0,0,1,0,0,0,0,0,0,0,0,0,0,0,0,0,0,4,0,40.0189,-75.1525, ,Philadelphia
 ,5067,2017084189,6,67,67301,2017,7,2,456,4,5,2,1,7,2, , ,N,0,8,0,3,0,1,1,1,N,N,39 56:59.061,75 11:02.060,518, ,503, ,0, , , ,3, , , , , ,75260, , , ,1,1,0,0,0,0,0,0,0,0,0,1,1,0,0,0,0,0,0,0,0,0,0,0,0,0,0,0,0,0,0,0,0,0,0,4,0,39.9497,-75.1839, ,Philadelphia
 ,5068,2017088768,6,67,67301,2017,8,6,1200,12,1,1,0,8,1, , ,N,2,2,0,3,0,1,2,2,N, ,40 02:20.497,75 08:18.329,1145, ,1145, ,0, , , ,3, , , , , ,75271, , , ,1,0,0,0,0,1,0,0,0,0,1,0,1,0,0,0,0,0,0,0,0,0,0,0,0,0,0,0,0,0,0,0,1,0,0,3,0,40.039,-75.1384, ,Philadelphia
 ,5069,2017105964,6,67,67301,2017,9,4,1227,12,1,1,0,4,1, , ,N,0,0,0,3,0,1,2,2,N, ,40 01:00.072,75 10:16.530,1229, ,1229,2,1,2, , ,0,N, , , , ,75286, , , ,2,1,0,1,0,0,0,0,0,0,0,1,1,0,0,0,0,0,0,0,2,0,0,0,0,0,0,0,0,0,0,0,0,0,0,4,1,40.0167,-75.1712, ,Philadelphia
 ,5070,2017067735,6,67,67301,2017,5,2,1700,17,1,1,0,2,1, , ,N,0,0,0,3,0,3,3,2,N,Y,40 00:52.678,75 07:33.232,1903, ,1903,9,2,1, , ,0,Y, , , , ,75290, , , ,2,1,0,0,0,0,1,0,0,0,2,1,3,0,0,0,0,0,0,0,0,0,0,1,0,0,0,0,0,0,0,0,0,0,0,3,0,40.0146,-75.1259, ,Philadelphia
 ,5071,2017076214,6,67,67301,2017,6,2,941,9,1,1,0,4,1, , ,N,1,2,0,3,0,1,3,3,N,N,40 01:25.404,75 08:06.566,953, ,942, ,0, ,N, ,3, , , , , ,75297, , , ,3,2,0,0,0,0,1,0,0,0,0,1,1,0,0,0,0,0,0,0,0,0,0,0,0,0,0,0,0,0,0,0,0,0,0,4,0,40.0237,-75.1352, ,Philadelphia