wz_ln_closure,objectid_1,crn,district,county,municipality,crash_year,crash_month,day_of_week,time_of_day,hour_of_day,illumination,weather,road_condition,collision_type,relation_to_road,work_zone_type,work_zone_loc,work_zone_ind,intersect_type,tcd_type,location_type,urban_rural,fatal_count,injury_count,person_count,total_units,sch_bus_ind,sch_zone_ind,latitude,longitude,arrival_tm,cons_zone_spd_lim,dispatch_tm,est_hrs_closed,lane_closed,ln_close_dir,ntfy_hiwy_maint,spec_juris_cd,tcd_func_cd,tfc_detour_ind,workers_pres,wz_close_detour,wz_flagger,wz_law_offcr_ind,objectid,wz_moving,wz_other,wz_shlder_mdn,vehicle_count,automobile_count,motorcycle_count,bus_count,small_truck_count,heavy_truck_count,suv_count,van_count,bicycle_count,maj_inj_count,mod_inj_count,min_inj_count,tot_inj_count,unk_inj_deg_count,unk_inj_per_count,driver_count_16yr,driver_count_17yr,driver_count_18yr,driver_count_19yr,driver_count_20yr,driver_count_50_64yr,driver_count_65_74yr,driver_count_75plus,unbelted_occ_count,unb_death_count,unb_maj_inj_count,belted_death_count,belted_maj_inj_count,mcycle_death_count,mcycle_maj_inj_count,bicycle_death_count,bicycle_maj_inj_count,ped_count,ped_death_count,ped_maj_inj_count,max_severity_level,comm_veh_count,dec_lat,dec_long,rdwy_surf_type_cd,county_name
 ,5072,2017055515,6,67,67301,2017,5,4,1437,14,1,1,0,1,1, , ,N,1,2,0,3,0,1,6,2,N, ,40 03:24.532,75 02:49.228,2120, ,1111, ,0, , , ,3, , , , , ,75301, , , ,2,1,0,0,0,0,1,0,0,0,0,0,1,1,2,0,0,0,0,0,0,0,0,2,0,0,0,0,0,0,0,0,0,0,0,8,0,40.0568,-75.047, ,Philadelphia
 ,5073,2017075219,6,67,67301,2017,7,7,1750,17,1,1,0,7,2, , ,N,0,0,2,3,0,1,1,1,N,N,39 54:38.472,75 08:55.847,1757, ,1752,2,2,1, , ,0,N, , , , ,75315, , , ,1,0,1,0,0,0,0,0,0,1,0,0,1,0,0,0,0,0,0,0,0,0,0,0,0,0,0,0,0,1,0,0,0,0,0,2,0,39.9106,-75.1501, ,Philadelphia
 ,5074,2017078845,6,67,67301,2017,7,1,2327,23,3,1,0,7,4, , ,N,1,2,0,3,0,1,1,1,N,N,40 02:08.240,75 04:13.971,2327, ,2327,1,1,4,N, ,3,N, , , , ,75317, , , ,1,0,0,0,0,0,0,1,0,0,0,1,1,0,0,0,0,0,0,0,0,0,0,0,0,0,0,0,0,0,0,0,0,0,0,4,0,40.0356,-75.0705, ,Philadelphia
 ,5075,2017096531,6,67,67301,2017,8,4,609,6,5,1,0,8,1, , ,N,1,3,0,3,0,1,2,2,N,N,39 59:33.896,75 07:57.068,615, ,609, ,0, ,N, ,3, , , , , ,75324, , , ,1,0,0,0,0,1,0,0,0,0,0,1,1,0,0,0,0,0,0,0,0,0,0,1,0,0,0,0,0,0,0,0,1,0,0,4,1,39.9927,-75.1325, ,Philadelphia
 ,5076,2017105880,6,67,67301,2017,9,5,37,0,3,1,0,1,1, , ,N,1,2,0,3,0,4,4,3,N,N,40 00:25.981,75 07:24.378,37, ,37,2,1,6,N, ,3,Y, , , , ,75366, , , ,3,2,0,0,0,0,1,0,0,1,1,2,4,0,0,0,0,0,0,0,1,0,0,1,0,0,0,0,0,0,0,0,0,0,0,2,0,40.0072,-75.1234, ,Philadelphia
 ,5077,2017050593,6,67,67301,2017,5,7,634,6,5,2,1,7,4, , ,N,0,0,0,3,0,1,1,1,N,N,39 57:25.952,75 09:06.249,634, ,634,1,1,3, , ,0,N, , , , ,68877, , , ,1,0,0,0,0,0,1,0,0,0,1,0,1,0,0,0,0,0,0,0,0,0,0,0,0,0,0,0,0,0,0,0,0,0,0,3,0,39.9572,-75.1517, ,Philadelphia
 ,5078,2017097850,6,67,67301,2017,9,4,1300,13,1,2,1,1,1, , ,N,0,0,0,3,0,0,3,2,N,N,39 54:52.173,75 09:10.327,1350, ,1318, ,0, ,N, ,0, , , , , ,68908, , , ,2,2,0,0,0,0,0,0,0,0,0,0,0,0,0,0,0,0,0,0,0,0,0,0,0,0,0,0,0,0,0,0,0,0,0,0,0,39.9145,-75.1529, ,Philadelphia
 ,5079,2017088794,6,67,67301,2017,8,3,2126,21,3,1,0,7,4, , ,N,0,0,0,3,0,0,1,1,N,N,39 58:40.913,75 07:08.539,2133, ,2130,3,2,2,N, ,0,Y, , , , ,68912, , , ,1,0,0,0,0,0,1,0,0,0,0,0,0,0,1,0,0,0,0,0,0,0,0,0,0,0,0,0,0,0,0,0,0,0,0,9,0,39.9779,-75.1191, ,Philadelphia
 ,5080,2017086913,6,67,67301,2017,6,6,2324,23,3,1,0,4,1, , ,N,1,2,0,3,0,0,2,2,N,N,40 01:38.846,75 03:44.583,2331, ,2324, ,0, , , ,3, , , , , ,68914, , , ,2,0,0,0,0,0,0,2,0,0,0,0,0,0,0,0,0,0,0,0,0,0,0,0,0,0,0,0,0,0,0,0,0,0,0,0,0,40.0275,-75.0624, ,Philadelphia
 ,5081,2017116059,6,67,67301,2017,10,5,700,7,1,1,0,4,1, , ,N,1,3,0,3,0,1,2,2,N,N,40 04:33.132,75 09:52.347,715, ,706, ,0, ,N, ,3, , , , , ,68917, , , ,2,2,0,0,0,0,0,0,0,0,0,0,1,1,1,0,0,0,0,0,0,0,0,0,0,0,0,0,0,0,0,0,0,0,0,8,0,40.0759,-75.1645, ,Philadelphia
 ,5082,2017116034,6,67,67301,2017,10,7,1504,15,1,1,0,8,1, , ,N,0,0,0,3,0,1,3,2,N,N,40 01:29.538,75 10:00.196,1519, ,1518,1,1,5,N, ,0,N, , , , ,68920, , , ,1,1,0,0,0,0,0,0,0,0,0,1,1,0,0,0,0,0,0,0,1,0,0,0,0,0,0,0,0,0,0,0,1,0,0,4,0,40.0249,-75.1667, ,Philadelphia
 ,5083,2017108035,6,67,67301,2017,9,3,1640,16,1,1,0,5,6, , ,N,0,0,0,3,0,1,1,3,N,N,39 59:08.253,75 08:57.447,1645, ,1640,2,2,2,N, ,0,Y, , , , ,68921, , , ,3,2,0,0,0,0,1,0,0,0,0,1,1,0,0,0,0,0,0,0,1,0,0,0,0,0,0,0,0,0,0,0,0,0,0,4,0,39.9856,-75.1493, ,Philadelphia
 ,5084,2017109776,6,67,67301,2017,9,3,1345,13,1,1,0,1,6, , ,N,0,0,0,3,0,0,1,2,N, ,40 05:20.432,74 58:47.893,1355, ,1349, ,0, , , ,0, , , , , ,68923, , , ,2,2,0,0,0,0,0,0,0,0,0,0,0,0,0,0,0,0,0,0,0,0,1,1,0,0,0,0,0,0,0,0,0,0,0,0,0,40.089,-74.98, ,Philadelphia
 ,5085,2017058341,6,67,67301,2017,5,2,1231,12,1,1,0,1,6, , ,N,0,0,0,3,0,0,1,3,N,N,39 58:45.549,75 08:41.467,1235, ,1232,1,1,2,N, ,0,N, , , , ,68929, , , ,3,2,0,0,0,0,1,0,0,0,0,0,0,0,1,0,0,0,0,0,1,0,0,1,0,0,0,0,0,0,0,0,0,0,0,9,0,39.9793,-75.1449, ,Philadelphia
 ,5086,2017060484,6,67,67301,2017,5,4,652,6,1,1,0,2,1, , ,N,1,2,0,3,0,2,2,2,N,N,40 03:06.253,75 07:37.689,1857, ,1855, ,0, ,N, ,3, , , , , ,68940, , , ,2,2,0,0,0,0,0,0,0,0,0,2,2,0,0,0,0,0,0,0,0,0,0,0,0,0,0,0,0,0,0,0,0,0,0,4,0,40.0517,-75.1271, ,Philadelphia
 ,5087,2017076239,6,67,67301,2017,6,3,1040,10,1,1,0,1,1, , ,N,2,2,0,3,0,0,3,3,N,N,40 02:37.146,75 01:18.710,1124, ,1123, ,0, , , ,3, , , , , ,68954, , , ,3,2,0,0,0,0,1,0,0,0,0,0,0,0,0,0,0,0,0,0,1,0,0,2,0,0,0,0,0,0,0,0,0,0,0,0,0,40.0437,-75.0219, ,Philadelphia
 ,5088,2017097985,6,67,67301,2017,9,5,832,8,1,1,0,1,1, , ,N,1,2,0,3,0,1,3,2,N,N,39 57:54.692,75 09:39.112,836, ,835,1,2,2,N, ,3,N, , , , ,68965, , , ,2,0,0,0,1,0,1,0,0,0,0,0,1,1,0,0,0,0,0,0,1,0,0,0,0,0,0,0,0,0,0,0,0,0,0,8,0,39.9651,-75.1607, ,Philadelphia
 ,5089,2017120527,6,67,67301,2017,10,1,2200,22,3,1,0,6,6, , ,N,0,0,0,3,0,1,1,3,N,N,39 58:16.947,75 09:30.128,2210, ,2205, ,0, ,N, ,0, , , , , ,69002, , , ,3,3,0,0,0,0,0,0,0,0,0,0,1,1,0,0,0,0,0,0,0,0,0,0,0,0,0,0,0,0,0,0,0,0,0,8,0,39.9714,-75.1584, ,Philadelphia
 ,5090,2017108014,6,67,67301,2017,9,6,1700,17,1,1,0,1,1, , ,N,0,0,0,3,0,0,3,3,N,N,39 58:02.439,75 10:31.848,1711, ,1711, ,0, ,N, ,0, , , , , ,69006, , , ,3,2,0,0,0,0,1,0,0,0,0,0,0,0,0,0,0,0,0,0,0,0,0,0,0,0,0,0,0,0,0,0,0,0,0,0,0,39.9673,-75.1755, ,Philadelphia
 ,5091,2017086702,6,67,67301,2017,3,1,515,5,3,1,0,6,1, , ,N,0,0,0,3,0,0,2,3,N, ,40 03:26.649,75 12:36.648,536, ,529, ,0, , , ,0, , , , , ,69039, , , ,3,1,0,0,0,0,1,0,0,0,0,0,0,0,0,0,0,0,0,0,0,0,0,0,0,0,0,0,0,0,0,0,0,0,0,0,0,40.0574,-75.2102, ,Philadelphia
 ,5092,2017096904,6,67,67301,2017,9,5,1847,18,4,1,0,1,1, , ,N,0,0,0,3,0,0,3,3,N,N,39 57:28.890,75 09:49.729,1914, ,1849, ,0, , , ,0, , , , , ,69058, , , ,3,2,0,0,0,0,1,0,0,0,0,0,0,0,0,0,0,0,0,0,0,0,0,0,0,0,0,0,0,0,0,0,0,0,0,0,0,39.958,-75.1638, ,Philadelphia
 ,5093,2017086261,6,67,67301,2017,7,2,1440,14,1,1,0,1,1, , ,N,1,2,0,3,0,0,4,3,N, ,39 55:16.517,75 11:38.018,1510, ,1440, ,0, , , ,3, , , , , ,69062, , , ,3,2,0,0,0,0,1,0,0,0,0,0,0,0,0,0,0,0,0,0,1,0,1,0,0,0,0,0,0,0,0,0,0,0,0,0,0,39.9213,-75.1938, ,Philadelphia
 ,5094,2017055564,6,67,67301,2017,4,7,9999,99,1,1,0,5,6, , ,N,0,0,0,3,0,1,1,2,N,N,40 05:34.184,74 58:51.733,618, ,615, ,0, ,N, ,0, , , , , ,69065, , , ,2,1,0,0,0,0,1,0,0,0,0,1,1,0,0,0,0,0,1,0,0,0,0,0,0,0,0,0,0,0,0,0,0,0,0,4,0,40.0928,-74.981, ,Philadelphia
 ,5095,2017086751,6,67,67301,2017,4,7,210,2,3,1,0,7,5, , ,N,1,2,0,3,0,1,1,1,N,N,39 59:13.275,75 10:27.811,218, ,216,1,1,2,N, ,2,N, , , , ,71657, , , ,1,0,0,0,1,0,0,0,0,0,1,0,1,0,0,0,0,0,0,0,0,0,0,0,0,0,0,0,0,0,0,0,0,0,0,3,0,39.987,-75.1744, ,Philadelphia
 ,5096,2017086070,6,67,67301,2017,7,6,1530,15,1,1,0,4,1, , ,N,2,3,7,3,0,0,3,2,N,N,40 02:12.938,75 08:40.858,1130, ,1130, ,0, ,N, ,3, , , , , ,71661, , , ,2,1,0,0,0,0,1,0,0,0,0,0,0,0,0,0,0,0,0,0,0,1,0,0,0,0,0,0,0,0,0,0,0,0,0,0,0,40.0369,-75.1447, ,Philadelphia
 ,5097,2017105890,6,67,67301,2017,9,5,742,7,1,1,0,4,1, , ,N,1,2,0,3,0,1,2,2,N, ,39 57:51.285,75 13:19.063,745, ,744,2,1,1, , ,3,Y, , , , ,71665, , , ,2,1,0,0,0,0,1,0,0,0,0,1,1,0,0,0,0,0,0,0,1,0,0,0,0,0,0,0,0,0,0,0,0,0,0,4,0,39.9642,-75.2219, ,Philadelphia
 ,5098,2017106920,6,67,67301,2017,5,1,2047,20,3,1,0,1,1, , ,N,6,0,2,3,0,0,2,2,N,N,39 56:43.753,75 11:24.850,2102, ,2047,1,1,4, , ,0,N, , , , ,71742, , , ,2,1,0,0,0,0,0,0,0,0,0,0,0,0,1,0,0,0,0,0,0,0,0,1,0,0,0,0,0,0,0,0,0,0,0,9,0,39.9455,-75.1902, ,Philadelphia
 ,5099,2017086877,6,67,67301,2017,5,1,225,2,3,1,0,5,6, , ,N,0,0,0,3,0,1,1,5,N, ,40 01:27.264,75 09:40.507,240, ,230, ,0, , , ,0, , , , , ,71783, , , ,5,4,0,0,0,0,1,0,0,0,0,0,1,1,0,0,0,0,0,0,0,0,0,1,0,0,0,0,0,0,0,0,0,0,0,8,0,40.0242,-75.1613, ,Philadelphia
 ,5100,2017107982,6,67,67301,2017,8,5,900,9,1,1,0,8,1, , ,N,1,2,0,3,0,1,2,2,N,N,40 04:22.410,75 04:33.193,1540, ,1530, ,0, ,N, ,3, , , , , ,71794, , , ,1,1,0,0,0,0,0,0,0,0,0,1,1,0,0,0,0,0,0,0,0,0,1,0,0,0,0,0,0,0,0,0,1,0,0,4,0,40.0729,-75.0759, ,Philadelphia
 ,5101,2017105968,6,67,67301,2017,9,1,218,2,3,1,0,1,1, , ,N,1,2,0,3,0,1,2,4,N,N,39 58:53.953,75 10:26.004,218, ,218,2,2,2, , ,3,Y, , , , ,71796, , , ,3,1,0,0,0,0,0,2,0,0,0,1,1,0,1,0,0,0,0,0,0,0,0,0,0,0,0,0,0,0,0,0,0,0,0,4,0,39.9816,-75.1739, ,Philadelphia
 ,5102,2017093503,6,67,67301,2017,8,7,1309,13,1,1,0,7,5, , ,N,2,3,0,3,0,1,1,2,N, ,40 00:48.243,75 08:50.035,1309, ,1309, ,0, , , ,3, , , , , ,71804, , , ,2,1,0,0,0,0,0,1,0,0,0,1,1,0,0,0,0,0,0,0,0,0,0,0,0,0,0,0,0,0,0,0,0,0,0,4,0,40.0134,-75.1472, ,Philadelphia
 ,5103,2017107343,6,67,67301,2017,10,4,1520,15,1,1,0,1,1, , ,N,0,0,0,3,0,0,3,3,N,N,39 57:31.206,75 10:09.079,1539, ,1539,1,2,3, , ,0,N, , , , ,71836, , , ,3,1,0,0,0,0,1,1,0,0,0,0,0,0,0,0,0,0,0,0,1,0,0,0,0,0,0,0,0,0,0,0,0,0,0,0,0,39.9587,-75.1692, ,Philadelphia
 ,5104,2017086890,6,67,67301,2017,6,6,829,8,1,1,0,8,1, , ,N,0,0,0,3,0,1,6,2,N,N,39 58:08.141,75 08:11.966,850, ,846, ,0, ,N, ,0, , , , , ,71844, , , ,1,1,0,0,0,0,0,0,0,0,1,0,1,0,0,0,0,0,0,0,1,0,0,0,0,0,0,0,0,0,0,0,1,0,0,3,0,39.9689,-75.1367, ,Philadelphia
 ,5105,2017068066,6,67,67301,2017,6,3,1355,13,1,2,1,7,5, , ,N,7,0,2,3,0,1,1,1,N,N,40 06:29.335,74 59:49.708,1416, ,1411, ,0, , , ,0, , , , , ,71867, , , ,1,0,0,0,1,0,0,0,0,0,0,1,1,0,0,0,0,0,0,0,0,0,0,0,0,0,0,0,0,0,0,0,0,0,0,4,0,40.1074,-74.9983, ,Philadelphia
 ,5106,2017086234,6,67,67301,2017,7,7,1624,16,1,1,0,8,1, , ,N,0,0,0,3,0,1,2,2,N,N,39 58:37.218,75 13:47.380,1630, ,1624, ,0, ,N, ,0, , , , , ,71894, , , ,1,0,0,0,1,0,0,0,0,0,0,1,1,0,0,0,0,0,0,0,0,0,0,1,0,0,0,0,0,0,0,0,1,0,0,4,0,39.977,-75.2298, ,Philadelphia
 ,5107,2017106008,6,67,67301,2017,9,4,1332,13,1,1,0,8,1, , ,N,0,0,0,3,0,3,4,4,N,N,40 00:27.309,75 06:06.564,1342, ,1342,3,2,6, , ,0,Y, , , , ,71903, , , ,1,0,0,0,0,0,0,1,0,0,0,1,3,2,0,0,0,0,0,0,1,0,0,0,0,0,0,0,0,0,0,0,3,0,0,4,0,40.0076,-75.1018, ,Philadelphia
 ,5108,2017120738,6,67,67301,2017,10,3,1116,11,1,2,1,4,1, , ,N,1,2,0,3,0,1,4,2,N,N,40 05:49.760,75 01:05.283,1116, ,1116, ,0, ,N, ,3, , , , , ,71910, , , ,2,2,0,0,0,0,0,0,0,0,0,1,1,0,0,0,0,0,0,0,0,0,1,0,0,0,0,0,0,0,0,0,0,0,0,4,0,40.0972,-75.0181, ,Philadelphia
 ,5109,2017116235,6,67,67301,2017,10,7,42,0,2,2,1,7,3, , ,N,0,0,0,3,0,0,2,1,N,N,40 02:36.435,75 06:49.809,48, ,43, ,0, ,N, ,0, , , , , ,71912, , , ,1,0,0,0,0,0,1,0,0,0,0,0,0,0,0,0,0,0,0,0,0,0,0,0,0,0,0,0,0,0,0,0,0,0,0,0,0,40.0435,-75.1138, ,Philadelphia
 ,5110,2017073728,6,67,67301,2017,5,2,720,7,1,1,0,1,1, , ,N,1,2,0,3,0,1,2,2,N,N,39 59:36.071,75 05:49.104,0, ,0, ,0, ,N, ,3, , , , , ,71920, , , ,2,1,0,0,0,0,1,0,0,0,1,0,1,0,0,0,0,0,0,0,0,0,0,0,0,0,0,0,0,0,0,0,0,0,0,3,0,39.9934,-75.097, ,Philadelphia
 ,5111,2017076209,6,67,67301,2017,6,1,1730,17,1,1,0,8,1, , ,N,1,3,0,3,0,1,2,2,N, ,39 55:29.679,75 09:16.325,9999, ,1805, ,0, , , ,3, , , , , ,71946, , , ,1,1,0,0,0,0,0,0,0,0,0,1,1,0,1,0,0,0,0,0,0,0,0,0,0,0,0,0,0,0,0,0,1,0,0,4,0,39.9249,-75.1545, ,Philadelphia
 ,5112,2017076256,6,67,67301,2017,6,5,235,2,3,1,0,7,3, , ,N,0,0,0,3,0,0,2,1,N,N,39 57:46.355,75 09:52.001,243, ,242,2,2,1,N, ,0,Y, , , , ,71948, , , ,1,1,0,0,0,0,0,0,0,0,0,0,0,0,0,0,0,0,0,0,0,0,0,0,0,0,0,0,0,0,0,0,0,0,0,0,0,39.9629,-75.1644, ,Philadelphia
 ,5113,2017091693,6,67,67301,2017,8,7,809,8,1,1,0,8,1, , ,N,0,0,0,3,0,1,2,2,N, ,39 58:29.613,75 12:20.401,842, ,842, ,0, , , ,0, , , , , ,77974, , , ,1,1,0,0,0,0,0,0,0,0,0,1,1,0,0,0,0,0,0,0,0,0,0,0,0,0,0,0,0,0,0,0,1,0,0,4,0,39.9749,-75.2057, ,Philadelphia
 ,5114,2017086881,6,67,67301,2017,5,2,945,9,1,1,1,7,4, , ,N,0,0,0,3,0,1,1,1,N,N,40 01:44.417,75 11:24.871,950, ,947,2,2,2,N, ,0,N, , , , ,77997, , , ,1,1,0,0,0,0,0,0,0,0,0,1,1,0,0,0,0,0,0,0,0,0,0,0,0,0,0,0,0,0,0,0,0,0,0,4,0,40.029,-75.1902, ,Philadelphia
 ,5115,2017100762,6,67,67301,2017,9,7,1808,18,1,1,0,0,1, , ,N,0,0,8,3,0,1,1,1,N,N,39 54:26.735,75 08:59.428,1819, ,1810,1,2,4, , ,0,N, , , , ,78025, , , ,1,0,1,0,0,0,0,0,0,0,0,0,1,1,0,0,0,0,0,0,0,0,0,0,0,0,0,0,0,0,0,0,0,0,0,8,0,39.9076,-75.1504, ,Philadelphia
 ,5116,2017108033,6,67,67301,2017,9,1,1030,10,1,1,0,8,1, , ,N,0,0,0,3,0,1,2,2,N, ,39 55:52.429,75 09:17.577,1034, ,1033, ,0, , , ,0, , , , , ,78030, , , ,1,0,0,0,0,1,0,0,0,0,0,1,1,0,0,0,0,0,0,0,0,0,0,1,0,0,0,0,0,0,0,0,1,0,0,4,1,39.9312,-75.1549, ,Philadelphia
 ,5117,2017059906,6,67,67301,2017,6,2,848,8,1,1,0,8,1, , ,N,1,0,0,3,0,1,2,2,N,N,39 57:26.624,75 11:51.973,850, ,849, ,0, ,N, ,0, , , , , ,78032, , , ,1,0,0,0,0,0,1,0,0,0,1,0,1,0,0,0,0,0,0,0,0,0,0,0,0,0,0,0,0,0,0,0,1,0,0,3,0,39.9574,-75.1978, ,Philadelphia
 ,5118,2017086983,6,67,67301,2017,1,5,900,9,1,1,0,4,1, , ,N,1,2,0,3,0,0,3,3,N,N,40 06:34.747,74 59:12.411,907, ,9999, ,0, ,N, ,3, , , , , ,78048, , , ,3,0,0,0,0,1,2,0,0,0,0,0,0,0,0,0,0,0,0,0,0,1,0,1,0,0,0,0,0,0,0,0,0,0,0,0,1,40.1097,-74.9868, ,Philadelphia
 ,5119,2017086126,6,67,67301,2017,7,1,200,2,3,1,0,8,1, , ,N,0,0,0,3,0,1,2,2,N,N,40 03:27.518,75 03:36.292,210, ,204,3,1,2,N, ,0,N, , , , ,78063, , , ,1,1,0,0,0,0,0,0,0,0,1,0,1,0,1,0,0,0,0,0,0,0,0,0,0,0,0,0,0,0,0,0,1,0,0,3,0,40.0576,-75.0601, ,Philadelphia
 ,5120,2017116102,6,67,67301,2017,10,7,2101,21,3,1,0,4,1, , ,N,1,3,0,3,0,0,3,2,N,N,40 01:08.158,75 02:58.228,2155, ,2151,3,1,4,N, ,3,N, , , , ,78067, , , ,2,2,0,0,0,0,0,0,0,0,0,0,0,0,0,0,0,0,0,1,0,0,0,0,0,0,0,0,0,0,0,0,0,0,0,0,0,40.0189,-75.0495, ,Philadelphia
 ,5121,2017071308,6,67,67301,2017,2,7,2345,23,3,1,0,1,1, , ,N,1,2,0,3,0,1,2,2,N,N,39 55:47.159,75 08:39.047,0, ,0, ,0, ,N, ,3, , , , , ,78092, , , ,2,1,0,0,0,0,0,0,0,0,0,0,1,1,0,0,0,0,0,0,1,0,0,0,0,0,0,0,0,0,0,0,0,0,0,8,0,39.9298,-75.1442, ,Philadelphia
 ,5122,2017081842,6,67,67301,2017,7,4,1747,17,1,1,0,1,1, , ,N,0,0,0,3,0,0,2,2,N,N,39 58:03.925,75 11:22.669,1800, ,1747,1,2,4, , ,0,N, , , , ,78101, , , ,2,0,0,0,0,0,1,1,0,0,0,0,0,0,0,0,0,0,0,0,0,0,0,0,0,0,0,0,0,0,0,0,0,0,0,0,0,39.9665,-75.1872, ,Philadelphia
 ,5123,2017105976,6,67,67301,2017,9,5,1428,14,1,1,0,4,1, , ,N,0,0,0,3,0,1,3,2,N, ,40 05:48.116,75 01:03.526,1435, ,1429, ,0, , , ,0, , , , , ,78122, , , ,2,1,0,0,0,0,1,0,0,0,0,1,1,0,0,0,0,0,0,0,0,0,0,0,0,0,0,0,0,0,0,0,0,0,0,4,0,40.0967,-75.0176, ,Philadelphia
 ,5124,2017115992,6,67,67301,2017,10,1,1220,12,1,2,1,4,1, , ,N,1,2,0,3,0,1,2,2,N, ,40 02:58.826,75 03:29.802,1223, ,1221, ,0, , , ,3, , , , , ,78160, , , ,2,1,1,0,0,0,0,0,0,0,0,0,1,1,0,0,0,0,0,0,0,0,0,0,0,0,0,0,0,0,0,0,0,0,0,8,0,40.0496,-75.0582, ,Philadelphia
 ,5125,2017137603,6,67,67301,2017,12,4,728,7,1,1,0,4,1, , ,N,1,2,0,3,0,3,5,2,N, ,40 00:28.314,75 10:20.141,737, ,734,1,1,1,N, ,3,N, , , , ,78170, , , ,2,1,0,0,1,0,0,0,0,0,0,0,3,3,1,0,0,0,0,0,2,0,0,1,0,0,0,0,0,0,0,0,0,0,0,8,0,40.0079,-75.1723, ,Philadelphia
 ,5126,2017033579,6,67,67301,2017,2,3,1700,17,4,1,0,4,1, , ,N,2,2,0,3,0,1,2,2,N,N,40 03:51.464,75 10:08.559,1800, ,1800, ,0, ,N, ,3, , , , , ,78178, , , ,2,1,0,0,1,0,0,0,0,1,0,0,1,0,0,0,0,0,0,0,0,0,0,1,0,0,0,0,0,0,0,0,0,0,0,2,0,40.0643,-75.169, ,Philadelphia
 ,5127,2017041172,6,67,67301,2017,3,4,1920,19,3,1,0,8,1, , ,N,1,2,0,3,0,1,2,2,N,N,39 58:02.408,75 14:44.986,1957, ,1947, ,0, ,N, ,3, , , , , ,78181, , , ,1,1,0,0,0,0,0,0,0,0,1,0,1,0,0,0,0,0,0,0,0,0,1,0,0,0,0,0,0,0,0,0,1,0,0,3,0,39.9673,-75.2457, ,Philadelphia
 ,5128,2017116067,6,67,67301,2017,10,3,1340,13,1,1,0,4,1, , ,N,1,3,0,3,0,1,5,2,N,N,39 56:36.600,75 14:06.878,1353, ,1349, ,0, ,N, ,3, , , , , ,78206, , , ,2,1,0,0,0,0,1,0,0,0,0,1,1,0,0,0,0,0,0,0,1,0,0,0,0,0,0,0,0,0,0,0,0,0,0,4,0,39.9435,-75.2352, ,Philadelphia
 ,5129,2017088770,6,67,67301,2017,8,5,740,7,3,1,0,4,1, , ,N,1,2,0,3,0,0,2,2,N,N,40 02:33.864,75 06:48.811,901, ,1940, ,0, , , ,3, , , , , ,78250, , , ,2,2,0,0,0,0,0,0,0,0,0,0,0,0,0,0,0,0,0,0,1,0,0,0,0,0,0,0,0,0,0,0,0,0,0,0,0,40.0428,-75.1135, ,Philadelphia
 ,5130,2017067826,6,67,67301,2017,6,5,2000,20,1,1,0,8,1, , ,N,1,2,0,3,0,1,2,2,N,N,40 02:20.672,75 08:41.040,2000, ,2000, ,0, ,N, ,3, , , , , ,78280, , , ,1,0,0,0,0,0,1,0,0,0,1,0,1,0,0,0,0,0,0,0,1,0,0,1,0,0,0,0,0,0,0,0,1,0,0,3,0,40.039,-75.1446, ,Philadelphia
 ,5131,2017096431,6,67,67301,2017,9,6,1745,17,1,1,0,7,4, , ,N,1,3,0,3,0,1,1,1,N,N,39 59:33.471,75 07:53.756,1800, ,1755, ,0, ,N, ,3, , , , , ,75368, , , ,1,0,0,0,0,0,1,0,0,0,0,0,1,1,0,0,0,0,0,0,0,0,0,0,0,0,0,0,0,0,0,0,0,0,0,8,0,39.9926,-75.1316, ,Philadelphia
 ,5132,2017052122,6,67,67301,2017,4,4,1030,10,1,1,0,8,1, , ,N,0,0,0,3,0,1,2,2,N,N,40 01:21.193,75 04:42.530,1119, ,1030, ,0, ,N, ,0, , , , , ,75386, , , ,1,1,0,0,0,0,0,0,0,0,0,1,1,0,0,0,0,0,0,0,0,0,0,0,0,0,0,0,0,0,0,0,1,0,0,4,0,40.0226,-75.0785, ,Philadelphia
 ,5133,2017079326,6,67,67301,2017,7,3,1216,12,1,1,0,5,1, , ,N,0,0,0,3,1,1,2,2,N,N,39 54:23.744,75 08:59.453,1217, ,1217,2,2,2,N,0,0,Y, , , , ,75406, , , ,2,1,0,0,0,0,1,0,0,0,1,0,1,0,0,0,0,0,0,0,1,0,0,1,1,0,0,0,0,0,0,0,0,0,0,1,0,39.9059,-75.15,2,Philadelphia
 ,5134,2017091820,6,67,67301,2017,8,2,700,7,1,1,0,7,3, , ,N,0,0,0,3,0,0,1,2,N,N,40 06:46.880,74 59:20.688,732, ,719, ,0, ,N, ,0, , , , , ,75417, , , ,1,0,0,0,0,0,1,0,0,0,0,0,0,0,0,0,0,0,0,0,0,0,0,0,0,0,0,0,0,0,0,0,0,0,0,0,0,40.113,-74.9891, ,Philadelphia
 ,5135,2017086069,6,67,67301,2017,7,3,2300,23,3,1,0,4,1, , ,N,1,2,0,3,0,2,2,2,N,N,40 03:17.776,75 09:18.554,210, ,206, ,0, ,N, ,3, , , , , ,75420, , , ,2,2,0,0,0,0,0,0,0,0,0,2,2,0,0,0,0,0,0,0,0,0,0,0,0,0,0,0,0,0,0,0,0,0,0,4,0,40.0549,-75.1552, ,Philadelphia