wz_ln_closure,objectid_1,crn,district,county,municipality,crash_year,crash_month,day_of_week,time_of_day,hour_of_day,illumination,weather,road_condition,collision_type,relation_to_road,work_zone_type,work_zone_loc,work_zone_ind,intersect_type,tcd_type,location_type,urban_rural,fatal_count,injury_count,person_count,total_units,sch_bus_ind,sch_zone_ind,latitude,longitude,arrival_tm,cons_zone_spd_lim,dispatch_tm,est_hrs_closed,lane_closed,ln_close_dir,ntfy_hiwy_maint,spec_juris_cd,tcd_func_cd,tfc_detour_ind,workers_pres,wz_close_detour,wz_flagger,wz_law_offcr_ind,objectid,wz_moving,wz_other,wz_shlder_mdn,vehicle_count,automobile_count,motorcycle_count,bus_count,small_truck_count,heavy_truck_count,suv_count,van_count,bicycle_count,maj_inj_count,mod_inj_count,min_inj_count,tot_inj_count,unk_inj_deg_count,unk_inj_per_count,driver_count_16yr,driver_count_17yr,driver_count_18yr,driver_count_19yr,driver_count_20yr,driver_count_50_64yr,driver_count_65_74yr,driver_count_75plus,unbelted_occ_count,unb_death_count,unb_maj_inj_count,belted_death_count,belted_maj_inj_count,mcycle_death_count,mcycle_maj_inj_count,bicycle_death_count,bicycle_maj_inj_count,ped_count,ped_death_count,ped_maj_inj_count,max_severity_level,comm_veh_count,dec_lat,dec_long,rdwy_surf_type_cd,county_name
 ,5200,2017083426,6,67,67301,2017,6,6,1042,10,1,2,1,1,1, , ,N,0,0,0,3,0,0,2,2,N,N,40 00:27.437,75 12:05.147,1051, ,1042,1,2,3, , ,0,N, , , , ,78433, , , ,2,2,0,0,0,0,0,0,0,0,0,0,0,0,0,0,0,0,0,0,1,0,0,0,0,0,0,0,0,0,0,0,0,0,0,0,0,40.0076,-75.2014, ,Philadelphia
 ,5201,2017120521,6,67,67301,2017,10,2,720,7,1,1,0,4,1, , ,N,2,3,0,3,0,0,3,2,N, ,40 04:36.694,74 58:43.813,741, ,726,1,1,2, , ,3,N, , , , ,78443, , , ,2,1,0,0,0,0,1,0,0,0,0,0,0,0,0,0,1,0,0,0,0,1,0,0,0,0,0,0,0,0,0,0,0,0,0,0,0,40.0768,-74.9787, ,Philadelphia
 ,5202,2017119566,6,67,67301,2017,11,2,1157,11,1,1,0,2,1, , ,N,0,0,0,3,0,2,2,2,Y,N,39 58:52.353,75 05:10.323,1220, ,1206,4,2,5,N, ,0,Y, , , , ,78460, , , ,2,1,0,1,0,0,0,0,0,1,0,0,2,1,0,0,0,0,0,0,0,0,0,0,0,0,0,0,0,0,0,0,0,0,0,2,1,39.9812,-75.0862, ,Philadelphia
 ,5203,2017096502,6,67,67301,2017,8,4,1824,18,1,1,0,8,1, , ,N,0,0,0,3,0,1,2,2,N,N,40 01:17.101,75 09:31.379,1842, ,1824, ,0, ,N, ,0, , , , , ,75576, , , ,1,1,0,0,0,0,0,0,0,0,0,1,1,0,0,0,0,0,0,0,1,0,0,1,0,0,0,0,0,0,0,0,1,0,0,4,0,40.0214,-75.1587, ,Philadelphia
 ,5204,2017086264,6,67,67301,2017,7,6,1455,14,1,1,0,4,1, , ,N,0,0,7,3,0,2,4,2,N,N,40 01:51.097,75 06:15.904,1507, ,1501, ,0, ,N, ,0, , , , , ,75610, , , ,2,1,0,0,0,0,1,0,0,0,0,2,2,0,1,0,0,0,0,0,0,0,0,0,0,0,0,0,0,0,0,0,0,0,0,4,0,40.0309,-75.1045, ,Philadelphia
 ,5205,2017096559,6,67,67301,2017,8,4,2125,21,3,1,0,1,1, , ,N,1,2,0,3,0,2,2,2,N,N,39 56:16.313,75 10:00.515,2133, ,2130,2,1,1,N, ,3,N, , , , ,75621, , , ,2,1,0,0,0,0,0,1,0,0,0,2,2,0,0,0,0,0,0,0,0,0,0,0,0,0,0,0,0,0,0,0,0,0,0,4,0,39.9379,-75.1667, ,Philadelphia
 ,5206,2017096587,6,67,67301,2017,8,4,2130,21,3,1,1,1,1, , ,N,1,3,0,3,0,1,2,2,N,N,40 01:43.873,75 05:09.302,2140, ,2135, ,0, ,N, ,3, , , , , ,75622, , , ,2,2,0,0,0,0,0,0,0,0,0,1,1,0,0,0,0,0,0,0,0,0,0,1,0,0,0,0,0,0,0,0,0,0,0,4,0,40.0289,-75.0859, ,Philadelphia
 ,5207,2017066441,6,67,67301,2017,6,1,141,1,3,1,0,7,2, , ,N,0,0,0,3,0,0,1,1,N,N,39 56:31.971,75 08:35.799,145, ,142,2,1,2, , ,0,N, , , , ,75637, , , ,1,0,0,0,0,0,0,1,0,0,0,0,0,0,0,0,0,0,0,0,0,0,0,0,0,0,0,0,0,0,0,0,0,0,0,0,0,39.9422,-75.1433, ,Philadelphia
 ,5208,2017086674,6,67,67301,2017,3,6,1345,13,1,1,1,8,6, , ,N,0,0,0,3,0,1,3,2,N,N,39 57:03.790,75 10:38.274,1355, ,1351, ,0, ,N, ,0, , , , , ,75654, , , ,1,0,0,0,0,0,0,1,0,0,1,0,1,0,0,0,0,1,0,0,0,0,0,0,0,0,0,0,0,0,0,0,1,0,0,3,0,39.9511,-75.1773, ,Philadelphia
 ,5209,2017097820,6,67,67301,2017,7,3,1811,18,1,1,0,8,1, , ,N,0,0,0,3,0,1,2,2,N,N,39 58:06.717,75 14:17.035,1820, ,1815, ,0, ,N, ,0, , , , , ,75659, , , ,1,1,0,0,0,0,0,0,0,0,1,0,1,0,0,0,0,0,0,0,0,0,0,0,0,0,0,0,0,0,0,0,1,0,0,3,0,39.9685,-75.2381, ,Philadelphia
 ,5210,2017086236,6,67,67301,2017,7,4,900,9,1,9,0,4,1, , ,N,3,3,2,3,0,3,4,2,N, ,39 59:11.983,75 12:29.919,900, ,1408, ,0, ,N, ,3, , , , , ,75664, , , ,2,2,0,0,0,0,0,0,0,0,0,0,3,3,1,0,0,0,0,0,0,0,0,0,0,0,0,0,0,0,0,0,0,0,0,8,0,39.9867,-75.2076, ,Philadelphia
 ,5211,2017120686,6,67,67301,2017,10,2,2052,20,3,1,0,4,1, , ,N,2,0,0,3,0,2,2,2,N,N,40 03:05.812,75 13:30.735,2055, ,2052, ,0, ,N, ,0, , , , , ,75667, , , ,2,2,0,0,0,0,0,0,0,0,0,2,2,0,0,0,0,0,0,0,0,0,0,0,0,0,0,0,0,0,0,0,0,0,0,4,0,40.0519,-75.2256, ,Philadelphia
 ,5212,2017113005,6,67,67301,2017,10,1,1250,12,1,1,0,1,1, , ,N,0,0,0,3,0,0,3,3,N,N,39 56:44.146,75 11:24.277,1308, ,1256,1,2,4, , ,0,N, , , , ,75669, , , ,3,2,0,0,0,0,0,1,0,0,0,0,0,0,0,0,0,0,0,0,1,1,0,0,0,0,0,0,0,0,0,0,0,0,0,0,0,39.9456,-75.1901, ,Philadelphia
 ,5213,2017127488,6,67,67301,2017,10,7,915,9,1,1,0,4,1, , ,N,1,2,0,3,0,1,2,2,N, ,39 57:02.487,75 14:27.938,957, ,954, ,0, , , ,2, , , , , ,75673, , , ,2,2,0,0,0,0,0,0,0,0,1,0,1,0,0,0,0,0,0,0,1,0,0,0,0,0,0,0,0,0,0,0,0,0,0,3,0,39.9507,-75.2411, ,Philadelphia
 ,5214,2017130725,6,67,67301,2017,11,6,1415,14,1,1,0,4,1, , ,N,1,2,0,3,0,2,4,2,N,N,39 56:50.686,75 14:23.103,1420, ,1415, ,0, ,N, ,3, , , , , ,75676, , , ,2,2,0,0,0,0,0,0,0,0,0,2,2,0,0,0,0,0,0,0,0,0,0,2,0,0,0,0,0,0,0,0,0,0,0,4,0,39.9474,-75.2398, ,Philadelphia
 ,5215,2017086239,6,67,67301,2017,7,7,1624,16,1,1,0,4,1, , ,N,1,2,0,3,0,3,4,3,N,N,39 56:17.705,75 11:54.841,1628, ,1626, ,0, ,N, ,3, , , , , ,75705, , , ,3,1,0,0,0,0,2,0,0,0,0,3,3,0,0,0,0,0,0,0,1,0,0,1,0,0,0,0,0,0,0,0,0,0,0,4,0,39.9383,-75.1986, ,Philadelphia
 ,5216,2017106028,6,67,67301,2017,9,2,1329,13,1,1,0,4,1, , ,N,1,2,0,3,0,1,2,2,N,N,40 01:32.421,75 01:53.914,1335, ,1330,1,1,4,N, ,3,N, , , , ,75717, , , ,2,1,0,0,1,0,0,0,0,0,0,0,1,1,1,0,0,0,0,0,2,0,0,1,0,0,0,0,0,0,0,0,0,0,0,8,0,40.0257,-75.0316, ,Philadelphia
 ,5217,2017054713,6,67,67301,2017,5,7,2232,22,3,1,1,1,1, , ,N,0,0,0,3,0,1,2,2,N,N,39 59:20.026,75 12:24.445,2244, ,2232,1,1,3, , ,0,N, , , , ,75722, , , ,2,2,0,0,0,0,0,0,0,0,0,1,1,0,0,0,0,0,0,0,0,0,0,0,0,0,0,0,0,0,0,0,0,0,0,4,0,39.9889,-75.2068, ,Philadelphia
 ,5218,2017057884,6,67,67301,2017,6,5,830,8,1,1,0,1,1, , ,N,0,0,0,3,0,1,8,5,N,N,39 57:30.407,75 10:02.439,848, ,838,2,1,3, , ,0,N, , , , ,75723, , , ,5,4,0,0,0,0,1,0,0,0,0,0,1,1,0,0,1,0,0,0,2,0,0,1,0,0,0,0,0,0,0,0,0,0,0,8,0,39.9584,-75.1673, ,Philadelphia
 ,5219,2017076194,6,67,67301,2017,6,7,115,1,3,1,0,1,1, , ,N,2,0,0,3,0,1,2,2,N,N,39 59:46.056,75 08:06.270,116, ,115, ,0, , , ,0, , , , , ,75738, , , ,2,1,0,0,0,0,1,0,0,1,0,0,1,0,0,0,0,0,0,0,0,0,0,0,0,0,0,1,0,0,0,0,0,0,0,2,0,39.9961,-75.1351, ,Philadelphia
 ,5220,2017086695,6,67,67301,2017,3,5,9999,99,3,1,0,4,1, , ,N,1,3,0,3,0,0,2,3,N,N,39 56:23.456,75 09:30.463,1950, ,1933, ,0, ,N, ,3, , , , , ,75739, , , ,3,2,0,0,0,0,1,0,0,0,0,0,0,0,0,0,0,0,0,0,0,0,0,0,0,0,0,0,0,0,0,0,0,0,0,0,0,39.9398,-75.1585, ,Philadelphia
 ,5221,2017127203,6,67,67301,2017,12,2,943,9,1,1,0,4,1, , ,N,1,2,0,3,0,1,2,2,N,N,39 57:13.151,75 11:55.547,943, ,943, ,0, ,N, ,3, , , , , ,69305, , , ,1,0,0,0,1,0,0,0,1,0,0,1,1,0,0,0,0,0,0,0,0,0,0,0,0,0,0,0,0,0,0,0,0,0,0,4,0,39.9536,-75.1986, ,Philadelphia
 ,5222,2017088772,6,67,67301,2017,8,4,720,7,1,1,0,0,1, , ,N,0,0,0,3,0,1,1,1,N,N,40 00:03.836,75 11:25.999,812, ,808,3,1,1, , ,0,N, , , , ,69337, , , ,1,0,1,0,0,0,0,0,0,0,0,1,1,0,0,0,0,0,0,0,0,0,0,0,0,0,0,0,0,0,0,0,0,0,0,4,0,40.0011,-75.1906, ,Philadelphia
 ,5223,2017096240,6,67,67301,2017,7,1,1512,15,1,1,0,0,1, , ,N,0,0,0,3,0,1,1,1,N,N,40 00:54.211,75 03:14.114,1522, ,1513, ,0, , , ,0, , , , , ,69338, , , ,1,0,1,0,0,0,0,0,0,0,0,0,1,1,0,0,0,0,0,0,0,0,0,0,0,0,0,0,0,0,0,0,0,0,0,8,0,40.0151,-75.0539, ,Philadelphia
 ,5224,2017067741,6,67,67301,2017,5,7,1921,19,1,1,0,5,6, , ,N,0,0,0,3,0,0,1,2,N,N,39 58:24.615,75 12:37.130,2203, ,2036, ,0, ,N, ,0, , , , , ,69363, , , ,2,1,0,0,0,0,1,0,0,0,0,0,0,0,0,0,0,0,0,0,0,0,0,1,0,0,0,0,0,0,0,0,0,0,0,0,0,39.9735,-75.2103, ,Philadelphia
 ,5225,2017078824,6,67,67301,2017,7,5,1845,18,1,2,1,7,4, , ,N,0,0,0,3,0,2,2,1,N,N,40 01:14.868,75 11:34.760,1852, ,1848, ,0, , , ,0, , , , , ,69372, , , ,1,0,0,0,0,0,0,1,0,0,0,2,2,0,0,0,0,0,0,0,0,1,0,0,0,0,0,0,0,0,0,0,0,0,0,4,0,40.0208,-75.193, ,Philadelphia
 ,5226,2017076147,6,67,67301,2017,6,6,3,0,3,1,0,4,1, , ,N,10,0,0,3,0,0,1,3,N,N,39 56:36.193,75 14:23.398,31, ,26, ,0, ,N, ,0, , , , , ,69377, , , ,3,2,0,0,0,0,1,0,0,0,0,0,0,0,0,0,0,0,0,0,0,0,0,0,0,0,0,0,0,0,0,0,0,0,0,0,0,39.9434,-75.2398, ,Philadelphia
 ,5227,2017091797,6,67,67301,2017,8,6,2025,20,3,2,1,1,1, , ,N,1,3,0,3,0,0,2,2,N, ,40 03:59.199,75 11:03.721,2139, ,2110,3,2,6, , ,3,Y, , , , ,69392, , , ,2,2,0,0,0,0,0,0,0,0,0,0,0,0,0,0,0,0,0,0,0,0,0,1,0,0,0,0,0,0,0,0,0,0,0,0,0,40.0664,-75.1844, ,Philadelphia
 ,5228,2017091176,6,67,67301,2017,8,6,1145,11,1,1,0,8,1, , ,N,0,0,0,3,0,1,2,2,N, ,39 59:55.455,75 05:12.740,1200, ,1155, ,0, , , ,0, , , , , ,69393, , , ,1,1,0,0,0,0,0,0,0,0,0,1,1,0,0,0,0,0,0,0,0,0,0,0,0,0,0,0,0,0,0,0,1,0,0,4,0,39.9987,-75.0869, ,Philadelphia
 ,5229,2017088812,6,67,67301,2017,8,1,9999,99,1,1,0,4,1, , ,N,1,2,0,3,0,2,4,3,N,N,40 01:52.664,75 03:58.343,1925, ,1922,9,1,2, , ,3,N, , , , ,69394, , , ,3,3,0,0,0,0,0,0,0,0,0,2,2,0,0,0,0,0,0,0,0,0,0,0,0,0,0,0,0,0,0,0,0,0,0,4,0,40.0313,-75.0662, ,Philadelphia
 ,5230,2017055639,6,67,67301,2017,5,1,1335,13,1,1,0,4,1, , ,N,1,0,0,3,0,1,2,2,N,N,39 59:50.247,75 05:21.971,1553, ,1340, ,0, ,N, ,0, , , , , ,69417, , , ,2,2,0,0,0,0,0,0,0,0,0,0,1,1,0,0,0,0,0,0,0,0,0,0,0,0,0,0,0,0,0,0,0,0,0,8,0,39.9973,-75.0894, ,Philadelphia
 ,5231,2017067806,6,67,67301,2017,5,4,1712,17,1,1,0,4,1, , ,N,1,2,0,3,0,1,2,2,N, ,40 02:35.358,75 10:01.956,1725, ,1718,9,2,6, , ,3,Y, , , , ,69428, , , ,2,0,1,0,1,0,0,0,0,0,0,0,1,1,0,0,0,0,0,0,2,0,0,0,0,0,0,0,0,0,0,0,0,0,0,8,0,40.0432,-75.1672, ,Philadelphia
 ,5232,2017088968,6,67,67301,2017,8,7,705,7,1,1,1,4,1, , ,N,1,2,0,3,0,1,2,2,N, ,40 02:36.000,75 09:40.857,715, ,713, ,0, , , ,3, , , , , ,69452, , , ,2,2,0,0,0,0,0,0,0,0,1,0,1,0,0,0,0,0,0,0,0,1,0,1,0,0,0,0,0,0,0,0,0,0,0,3,0,40.0433,-75.1613, ,Philadelphia
 ,5233,2017067703,6,67,67301,2017,5,1,2100,21,3,2,1,8,1, , ,N,1,2,0,3,0,1,2,2,N,N,40 00:33.277,75 09:04.079,2200, ,2155, ,0, ,N, ,3, , , , , ,69459, , , ,1,1,0,0,0,0,0,0,0,0,0,1,1,0,0,0,0,0,0,0,0,0,0,1,0,0,0,0,0,0,0,0,1,0,0,4,0,40.0092,-75.1511, ,Philadelphia
 ,5234,2017086160,6,67,67301,2017,7,5,1300,13,1,1,0,4,1, , ,N,1,3,0,3,0,1,2,2,N,N,40 00:42.433,75 06:35.974,1845, ,1843, ,0, ,N, ,3, , , , , ,69484, , , ,2,1,0,0,0,0,0,1,0,0,0,1,1,0,1,0,0,0,0,0,1,0,0,0,0,0,0,0,0,0,0,0,0,0,0,4,0,40.0118,-75.11, ,Philadelphia
 ,5235,2017109895,6,67,67301,2017,10,2,1725,17,1,1,1,5,1, , ,N,0,0,0,3,0,1,2,2,N, ,39 55:43.356,75 09:53.850,1735, ,1734,1,2,2, , ,0,Y, , , , ,69488, , , ,1,1,0,0,0,0,0,0,1,0,0,1,1,0,0,0,0,0,0,0,0,0,0,1,0,0,0,0,0,0,0,0,0,0,0,4,0,39.9287,-75.165, ,Philadelphia
 ,5236,2017120647,6,67,67301,2017,10,3,1130,11,1,1,0,3,1, , ,N,0,0,0,3,0,1,2,2,N,N,40 01:32.360,75 02:42.507,1330, ,1323, ,0, ,N, ,0, , , , , ,69489, , , ,1,0,0,0,0,0,0,1,1,0,0,0,1,1,0,0,0,0,0,0,1,0,0,0,0,0,0,0,0,0,0,0,0,0,0,8,0,40.0257,-75.0451, ,Philadelphia
 ,5237,2017120665,6,67,67301,2017,10,4,129,1,3,1,0,1,1, , ,N,2,3,0,3,0,0,2,3,N, ,40 04:05.840,75 10:19.970,136, ,134, ,0, , , ,3, , , , , ,69490, , , ,3,2,0,0,0,0,1,0,0,0,0,0,0,0,2,0,0,0,0,0,1,0,0,0,0,0,0,0,0,0,0,0,0,0,0,9,0,40.0683,-75.1722, ,Philadelphia
 ,5238,2017111032,6,67,67301,2017,9,2,650,6,1,1,0,4,1, , ,N,1,2,0,3,0,3,4,2,N, ,39 57:20.839,75 13:32.687,753, ,753, ,0, , , ,3, , , , , ,69491, , , ,2,2,0,0,0,0,0,0,0,0,0,0,3,3,0,0,0,0,0,0,1,0,0,1,0,0,0,0,0,0,0,0,0,0,0,8,0,39.9558,-75.2257, ,Philadelphia
 ,5239,2017078765,6,67,67301,2017,6,3,725,7,1,1,0,4,1, , ,N,1,3,0,3,0,1,2,2,N,N,39 58:09.231,75 14:54.761,730, ,725, ,0, ,N, ,3, , , , , ,72226, , , ,2,1,0,0,0,0,1,0,0,0,0,1,1,0,0,0,0,0,0,0,2,0,0,0,0,0,0,0,0,0,0,0,0,0,0,4,0,39.9692,-75.2485, ,Philadelphia
 ,5240,2017110491,6,67,67301,2017,10,3,1205,12,1,1,0,1,1, , ,N,1,2,0,3,0,4,4,5,N,N,39 58:59.480,75 09:24.548,1207, ,1206,2,2,7,N, ,3,Y, , , , ,72244, , , ,5,5,0,0,0,0,0,0,0,0,3,1,4,0,0,0,0,0,0,1,0,0,0,0,0,0,0,0,0,0,0,0,0,0,0,3,0,39.9832,-75.1568, ,Philadelphia
 ,5241,2017078837,6,67,67301,2017,7,1,9999,99,1,1,0,2,1, , ,N,0,0,0,3,0,4,5,2,N,N,40 02:25.053,75 06:38.948,1625, ,1621,2,1,4, , ,0,N, , , , ,72270, , , ,2,0,0,0,1,0,1,0,0,0,0,2,4,2,0,0,0,0,0,0,1,0,0,0,0,0,0,0,0,0,0,0,0,0,0,4,0,40.0403,-75.1108, ,Philadelphia
 ,5242,2017076235,6,67,67301,2017,6,3,2115,21,3,1,0,3,1, , ,N,0,0,0,3,0,3,4,2,N,N,40 00:59.018,75 04:40.090,2120, ,2113, ,0, ,N, ,0, , , , , ,72271, , , ,2,1,0,0,0,0,1,0,0,0,0,0,3,3,0,0,0,0,0,0,1,0,0,0,0,0,0,0,0,0,0,0,0,0,0,8,0,40.0164,-75.0778, ,Philadelphia
 ,5243,2017086292,6,67,67301,2017,7,7,1200,12,1,1,0,4,1, , ,N,1,2,0,3,0,0,3,3,N,N,40 01:45.310,75 05:23.878,1227, ,1217, ,0, ,N, ,3, , , , , ,72281, , , ,3,1,0,0,0,0,1,1,0,0,0,0,0,0,0,0,0,0,0,0,1,0,0,0,0,0,0,0,0,0,0,0,0,0,0,0,0,40.0291,-75.0899, ,Philadelphia
 ,5244,2017109756,6,67,67301,2017,9,2,1743,17,1,1,0,4,1, , ,N,1,2,0,3,0,1,3,2,N, ,39 57:47.401,75 11:58.714,1755, ,1746, ,0, , , ,3, , , , , ,72292, , , ,1,1,0,0,0,0,0,0,1,0,0,1,1,0,0,0,0,0,0,0,0,0,0,0,0,0,0,0,0,0,0,0,0,0,0,4,0,39.9632,-75.1996, ,Philadelphia
 ,5245,2017109636,6,67,67301,2017,10,1,1430,14,1,1,0,1,1, , ,N,0,0,0,3,0,1,4,2,N,N,39 58:50.152,75 09:27.030,1436, ,1435,1,1,2,N, ,0,Y, , , , ,72293, , , ,2,2,0,0,0,0,0,0,0,0,0,1,1,0,1,0,1,0,0,0,0,0,0,2,0,0,0,0,0,0,0,0,0,0,0,4,0,39.9806,-75.1575, ,Philadelphia
 ,5246,2017060749,6,67,67301,2017,5,4,1037,10,1,1,0,5,6, , ,N,0,0,0,3,0,0,1,2,N,N,39 55:55.286,75 10:49.037,1044, ,1037, ,0, ,N, ,0, , , , , ,72305, , , ,2,1,0,0,0,0,1,0,0,0,0,0,0,0,0,0,0,0,0,0,0,0,0,0,0,0,0,0,0,0,0,0,0,0,0,0,0,39.932,-75.1803, ,Philadelphia
 ,5247,2017080402,6,67,67301,2017,8,5,1201,12,1,1,0,7,4, , ,N,0,1,5,3,0,1,1,1,N,N,39 54:35.100,75 09:15.300,1201, ,1201,1,1,4,N, ,3,N, , , , ,72326, , , ,1,1,0,0,0,0,0,0,0,0,0,0,1,1,0,0,0,0,0,0,0,0,0,1,0,0,0,0,0,0,0,0,0,0,0,8,0,39.9098,-75.1543, ,Philadelphia
 ,5248,2017109821,6,67,67301,2017,9,4,1415,14,1,1,0,5,1, , ,N,0,0,0,3,0,1,3,2,N,N,39 57:23.348,75 09:45.869,1640, ,1636, ,0, ,N, ,0, , , , , ,72347, , , ,2,2,0,0,0,0,0,0,0,0,0,1,1,0,0,0,0,0,0,0,1,0,0,1,0,0,0,0,0,0,0,0,0,0,0,4,0,39.9565,-75.1627, ,Philadelphia
 ,5249,2017097912,6,67,67301,2017,9,3,1240,12,1,1,0,4,1, , ,N,1,2,0,3,0,1,2,2,N,N,40 02:03.472,75 02:19.006,9999, ,1243,1,1,4,N, ,3,N, , , , ,72377, , , ,2,1,0,0,0,0,1,0,0,0,0,1,1,0,0,0,0,0,0,0,0,0,0,1,0,0,0,0,0,0,0,0,0,0,0,4,0,40.0343,-75.0386, ,Philadelphia
 ,5250,2017107970,6,67,67301,2017,8,4,1705,17,1,1,0,4,1, , ,N,0,0,7,3,0,1,3,2,N,N,40 01:51.206,75 06:16.044,1755, ,1746,1,1,3,N, ,0,N, , , , ,72378, , , ,2,0,0,0,0,0,2,0,0,0,0,1,1,0,0,0,0,0,0,0,1,0,0,0,0,0,0,0,0,0,0,0,0,0,0,4,0,40.031,-75.1046, ,Philadelphia
 ,5251,2017098615,6,67,67301,2017,9,7,1627,16,1,1,0,1,1, , ,N,0,0,0,3,0,1,9,5,N,N,39 58:52.883,75 06:09.840,1642, ,1629,2,2,2, , ,0,Y, , , , ,72380, , , ,5,3,0,0,0,0,2,0,0,0,0,0,1,1,0,0,0,0,0,0,2,0,1,0,0,0,0,0,0,0,0,0,0,0,0,8,0,39.9814,-75.1027, ,Philadelphia
 ,5252,2017088975,6,67,67301,2017,8,6,621,6,1,1,0,4,1, , ,N,1,2,1,3,0,1,4,2,N,N,40 01:57.237,75 07:27.069,622, ,622, ,0, , , ,3, , , , , ,72382, , , ,2,2,0,0,0,0,0,0,0,0,0,1,1,0,0,0,0,0,0,0,1,1,0,0,0,0,0,0,0,0,0,0,0,0,0,4,0,40.0326,-75.1242, ,Philadelphia
 ,5253,2017067746,6,67,67301,2017,5,2,2140,21,3,1,0,7,4, , ,N,0,0,0,3,0,0,1,1,N,N,39 58:47.914,75 06:27.113,110, ,54,3,2,2,N, ,0,Y, , , , ,72398, , , ,1,0,0,0,0,0,1,0,0,0,0,0,0,0,0,0,0,0,0,0,0,0,0,0,0,0,0,0,0,0,0,0,0,0,0,0,0,39.98,-75.1075, ,Philadelphia
 ,5254,2017072106,6,67,67301,2017,3,6,1645,16,1,1,0,1,1, , ,N,1,2,0,3,0,1,2,2,N,N,40 03:47.229,75 01:19.196,0, ,0, ,0, ,N, ,3, , , , , ,72410, , , ,2,0,0,0,0,0,1,0,0,0,0,0,1,1,0,0,0,0,0,0,0,0,0,0,0,0,0,0,0,0,0,0,0,0,0,8,0,40.0631,-75.022, ,Philadelphia
 ,5255,2017077301,6,67,67301,2017,7,7,1136,11,1,1,0,8,1, , ,N,1,2,0,3,0,1,2,2,N,N,39 57:34.366,75 11:49.824,1142, ,1136, ,0, ,N, ,3, , , , , ,72426, , , ,1,0,0,0,0,0,1,0,0,0,1,0,1,0,0,0,0,0,0,0,0,1,0,0,0,0,0,0,0,0,0,0,1,0,0,3,0,39.9596,-75.197, ,Philadelphia
 ,5256,2017091746,6,67,67301,2017,8,6,840,8,1,2,1,7,4, , ,N,0,0,1,3,0,1,1,1,N,N,40 04:40.400,75 03:14.000,855, ,845, ,0, ,N, ,0, , , , , ,72439, , , ,1,1,0,0,0,0,0,0,0,0,0,0,1,1,0,0,0,0,0,0,0,0,1,0,0,0,0,0,0,0,0,0,0,0,0,8,0,40.0779,-75.0539, ,Philadelphia
 ,5257,2017106040,6,67,67301,2017,9,1,1530,15,1,1,0,4,1, , ,N,5,2,8,3,0,0,2,2,N, ,39 57:28.590,75 09:50.929,1602, ,1559, ,0, , , ,3, , , , , ,78462, , , ,2,0,0,0,0,0,2,0,0,0,0,0,0,0,0,0,0,0,0,0,1,0,0,0,0,0,0,0,0,0,0,0,0,0,0,0,0,39.9579,-75.1641, ,Philadelphia
 ,5258,2017076127,6,67,67301,2017,6,1,1640,16,1,1,0,4,1, , ,N,1,2,0,3,0,1,3,3,N, ,39 57:58.254,75 13:40.216,1648, ,1646, ,0, , , ,3, , , , , ,78477, , , ,3,3,0,0,0,0,0,0,0,0,0,1,1,0,0,0,0,0,0,0,0,1,0,2,0,0,0,0,0,0,0,0,0,0,0,4,0,39.9662,-75.2278, ,Philadelphia
 ,5259,2017107961,6,67,67301,2017,9,6,2307,23,3,1,0,8,1, , ,N,0,0,0,3,0,1,2,2,N,N,39 58:11.068,75 09:35.573,2347, ,2343, ,0, , , ,0, , , , , ,78489, , , ,1,1,0,0,0,0,0,0,0,0,0,0,1,1,0,0,0,0,0,0,0,0,0,1,0,0,0,0,0,0,0,0,1,0,0,8,0,39.9697,-75.1599, ,Philadelphia
 ,5260,2017091760,6,67,67301,2017,8,6,2200,22,3,1,0,4,1, , ,N,2,0,0,3,0,1,2,2,N, ,39 55:35.364,75 13:42.538,2215, ,2215, ,0, , , ,0, , , , , ,78493, , , ,1,1,0,0,0,0,0,0,1,0,0,0,1,1,0,0,0,0,0,0,0,0,0,1,0,0,0,0,0,0,0,0,0,0,0,8,0,39.9265,-75.2285, ,Philadelphia
 ,5261,2017060535,6,67,67301,2017,5,6,2245,22,3,2,1,4,1, , ,N,1,2,0,3,0,1,3,2,N,N,40 03:01.444,74 59:59.580,2350, ,2343, ,0, ,N, ,3, , , , , ,78520, , , ,2,1,0,0,0,0,1,0,0,0,0,1,1,0,1,0,0,0,0,0,0,0,0,0,0,0,0,0,0,0,0,0,0,0,0,4,0,40.0504,-74.9999, ,Philadelphia
 ,5262,2017055682,6,67,67301,2017,5,5,710,7,1,1,0,8,1, , ,N,1,2,0,3,0,1,2,2,N, ,40 01:12.877,75 06:50.707,720, ,715, ,0, , , ,3, , , , , ,78522, , , ,1,0,0,0,0,0,0,0,0,0,0,1,1,0,0,0,0,0,0,0,0,0,0,0,0,0,0,0,0,0,0,0,1,0,0,4,0,40.0202,-75.1141, ,Philadelphia
 ,5263,2017097796,6,67,67301,2017,9,6,1851,18,1,1,0,8,1, , ,N,0,0,0,3,0,1,2,2,N,N,39 59:45.643,75 07:01.876,1902, ,1901, ,0, ,N, ,0, , , , , ,78547, , , ,1,1,0,0,0,0,0,0,0,0,0,1,1,0,0,0,1,0,0,0,0,0,0,0,0,0,0,0,0,0,0,0,1,0,0,4,0,39.996,-75.1172, ,Philadelphia