wz_ln_closure,objectid_1,crn,district,county,municipality,crash_year,crash_month,day_of_week,time_of_day,hour_of_day,illumination,weather,road_condition,collision_type,relation_to_road,work_zone_type,work_zone_loc,work_zone_ind,intersect_type,tcd_type,location_type,urban_rural,fatal_count,injury_count,person_count,total_units,sch_bus_ind,sch_zone_ind,latitude,longitude,arrival_tm,cons_zone_spd_lim,dispatch_tm,est_hrs_closed,lane_closed,ln_close_dir,ntfy_hiwy_maint,spec_juris_cd,tcd_func_cd,tfc_detour_ind,workers_pres,wz_close_detour,wz_flagger,wz_law_offcr_ind,objectid,wz_moving,wz_other,wz_shlder_mdn,vehicle_count,automobile_count,motorcycle_count,bus_count,small_truck_count,heavy_truck_count,suv_count,van_count,bicycle_count,maj_inj_count,mod_inj_count,min_inj_count,tot_inj_count,unk_inj_deg_count,unk_inj_per_count,driver_count_16yr,driver_count_17yr,driver_count_18yr,driver_count_19yr,driver_count_20yr,driver_count_50_64yr,driver_count_65_74yr,driver_count_75plus,unbelted_occ_count,unb_death_count,unb_maj_inj_count,belted_death_count,belted_maj_inj_count,mcycle_death_count,mcycle_maj_inj_count,bicycle_death_count,bicycle_maj_inj_count,ped_count,ped_death_count,ped_maj_inj_count,max_severity_level,comm_veh_count,dec_lat,dec_long,rdwy_surf_type_cd,county_name
 ,5328,2017086959,6,67,67301,2017,1,1,650,6,3,2,1,1,1, , ,N,2,2,0,3,0,0,3,3,N,N,40 04:44.129,75 01:31.222,705, ,655, ,0, ,N, ,3, , , , , ,72615, , , ,3,2,0,0,0,0,1,0,0,0,0,0,0,0,0,0,0,0,0,0,0,0,0,0,0,0,0,0,0,0,0,0,0,0,0,0,0,40.0789,-75.0253, ,Philadelphia
 ,5329,2017053306,6,67,67301,2017,5,7,826,8,1,2,1,7,2, , ,N,7,0,0,3,0,0,1,1,N,N,39 58:23.355,75 11:37.454,831, ,826,2,1,4, , ,0,N, , , , ,78707, , , ,1,1,0,0,0,0,0,0,0,0,0,0,0,0,0,0,0,0,0,0,0,0,0,0,0,0,0,0,0,0,0,0,0,0,0,0,0,39.9732,-75.1937, ,Philadelphia
 ,5330,2017052442,6,67,67301,2017,5,2,1555,15,1,1,0,1,1, , ,N,1,2,0,3,0,1,4,2,N,N,40 01:36.995,75 12:33.945,1604, ,1557, ,0, , , ,3, , , , , ,78713, , , ,2,0,0,0,0,0,2,0,0,0,0,1,1,0,0,0,0,0,0,0,1,0,0,0,0,0,0,0,0,0,0,0,0,0,0,4,0,40.0269,-75.2094, ,Philadelphia
 ,5331,2017120670,6,67,67301,2017,10,4,1510,15,1,1,0,4,1, , ,N,1,0,0,3,0,1,2,2,N,N,39 58:08.373,75 08:01.183,1518, ,1518, ,0, ,N, ,0, , , , , ,78755, , , ,2,1,0,0,0,0,1,0,0,0,1,0,1,0,0,0,0,0,0,0,0,0,0,0,0,0,0,0,0,0,0,0,0,0,0,3,0,39.969,-75.1337, ,Philadelphia
 ,5332,2017080977,6,67,67301,2017,7,5,1721,17,1,2,1,1,1, , ,N,0,0,0,3,0,1,2,2,N,N,39 55:27.952,75 11:34.727,1823, ,1752, ,0, , , ,0, , , , , ,78766, , , ,2,0,0,0,0,0,2,0,0,0,0,1,1,0,0,0,0,0,0,0,0,0,0,0,0,0,0,0,0,0,0,0,0,0,0,4,0,39.9243,-75.1929, ,Philadelphia
 ,5333,2017088321,6,67,67301,2017,7,5,616,6,1,1,0,8,1, , ,N,0,0,0,3,0,1,4,2,N,N,40 00:35.343,75 09:33.391,1619, ,1618, ,0, ,N, ,0, , , , , ,78769, , , ,1,1,0,0,0,0,0,0,0,0,0,1,1,0,0,0,0,0,0,0,0,0,0,0,0,0,0,0,0,0,0,0,1,0,0,4,0,40.0098,-75.1593, ,Philadelphia
 ,5334,2017086203,6,67,67301,2017,7,5,1745,17,1,1,0,1,1, , ,N,1,0,0,3,0,3,5,2,N,N,39 55:07.184,75 14:48.818,1756, ,1751,2,2,7,N, ,0,Y, , , , ,78773, , , ,2,0,0,0,0,0,1,1,0,0,0,3,3,0,0,0,0,0,0,0,0,0,0,0,0,0,0,0,0,0,0,0,0,0,0,4,0,39.9187,-75.2469, ,Philadelphia
 ,5335,2017086850,6,67,67301,2017,5,5,1318,13,1,1,0,4,1, , ,N,1,2,0,3,0,1,5,2,N, ,39 58:13.238,75 13:01.830,1323, ,1320, ,0, , , ,3, , , , , ,78775, , , ,2,2,0,0,0,0,0,0,0,0,0,1,1,0,0,0,0,0,0,0,0,1,0,0,0,0,0,0,0,0,0,0,0,0,0,4,0,39.9703,-75.2172, ,Philadelphia
 ,5336,2017091731,6,67,67301,2017,8,3,604,6,1,2,1,4,1, , ,N,1,2,0,3,0,2,4,2,N,N,39 55:25.798,75 13:29.769,610, ,604, ,0, ,N, ,3, , , , , ,78778, , , ,2,2,0,0,0,0,0,0,0,0,0,2,2,0,0,0,0,0,0,0,0,0,0,0,0,0,0,0,0,0,0,0,0,0,0,4,0,39.9238,-75.2249, ,Philadelphia
 ,5337,2017117228,6,67,67301,2017,10,5,705,7,1,2,1,7,4, , ,N,0,0,0,3,0,0,1,1,N,N,40 00:30.592,75 04:10.644,715, ,707, ,0, , , ,0, , , , , ,78787, , , ,1,1,0,0,0,0,0,0,0,0,0,0,0,0,0,0,0,0,0,0,0,0,0,1,0,0,0,0,0,0,0,0,0,0,0,0,0,40.0085,-75.0696, ,Philadelphia
 ,5338,2017127427,6,67,67301,2017,11,1,2100,21,3,1,0,4,1, , ,N,2,2,0,3,0,1,3,2,N,N,40 02:12.966,75 08:42.305,2102, ,2109,2,1,1,N, ,3,N, , , , ,78800, , , ,2,1,0,0,0,0,1,0,0,0,0,0,1,1,0,0,0,0,0,0,0,0,0,1,0,0,0,0,0,0,0,0,0,0,0,8,0,40.0369,-75.1451, ,Philadelphia
 ,5339,2017127526,6,67,67301,2017,11,1,1723,17,3,1,0,8,1, , ,N,0,0,0,3,0,1,2,2,N, ,39 59:11.408,75 14:13.940,1731, ,1725, ,0, , , ,0, , , , , ,78803, , , ,1,1,0,0,0,0,0,0,0,0,0,0,1,1,0,0,0,0,0,0,0,0,0,0,0,0,0,0,0,0,0,0,1,0,0,8,0,39.9865,-75.2372, ,Philadelphia
 ,5340,2017068002,6,67,67301,2017,6,1,245,2,2,1,1,7,4, , ,N,0,0,0,3,0,0,2,1,N,N,39 59:53.745,75 11:59.407,259, ,248, ,0, , , ,0, , , , , ,78813, , , ,1,1,0,0,0,0,0,0,0,0,0,0,0,0,0,0,0,0,0,0,0,0,0,1,0,0,0,0,0,0,0,0,0,0,0,0,0,39.9983,-75.1998, ,Philadelphia
 ,5341,2017083648,6,67,67301,2017,3,5,1738,17,1,1,0,1,1, , ,N,0,0,0,3,0,0,2,2,N,N,39 57:24.747,75 09:18.375,1807, ,1748, ,0, , , ,0, , , , , ,78815, , , ,2,2,0,0,0,0,0,0,0,0,0,0,0,0,0,0,0,0,0,0,0,0,0,0,0,0,0,0,0,0,0,0,0,0,0,0,0,39.9569,-75.1551, ,Philadelphia
 ,5342,2017086676,6,67,67301,2017,3,1,500,5,3,1,0,8,1, , ,N,1,3,0,3,0,1,2,2,N, ,39 54:55.414,75 08:58.945,517, ,512, ,0, , , ,3, , , , , ,78821, , , ,1,1,0,0,0,0,0,0,0,0,0,1,1,0,0,0,0,0,0,0,0,0,0,1,0,0,0,0,0,0,0,0,1,0,0,4,0,39.9154,-75.1497, ,Philadelphia
 ,5343,2017093581,6,67,67301,2017,8,7,1505,15,1,1,0,5,6, , ,N,0,0,0,3,0,1,1,2,N,N,40 02:39.803,75 04:51.047,1518, ,1516,3,2,1,N, ,0,Y, , , , ,78884, , , ,2,2,0,0,0,0,0,0,0,0,0,1,1,0,0,0,0,0,0,0,0,0,0,1,0,0,0,0,0,0,0,0,0,0,0,4,0,40.0444,-75.0808, ,Philadelphia
 ,5344,2017120601,6,67,67301,2017,10,6,725,7,1,1,0,4,1, , ,N,5,2,8,3,0,1,2,2,N,N,39 57:27.542,75 09:44.544,735, ,727, ,0, ,N, ,3, , , , , ,78899, , , ,2,2,0,0,0,0,0,0,0,0,0,0,1,1,0,0,0,0,0,0,1,0,0,1,0,0,0,0,0,0,0,0,0,0,0,8,0,39.9577,-75.1624, ,Philadelphia
 ,5345,2017089432,6,67,67301,2017,8,4,1321,13,1,1,0,1,1, , ,N,0,0,0,3,0,0,3,3,N,N,39 57:25.899,75 10:49.397,1336, ,1336,2,1,3, , ,0,N, , , , ,78910, , , ,3,0,0,0,0,0,3,0,0,0,0,0,0,0,0,0,1,0,0,0,0,1,0,1,0,0,0,0,0,0,0,0,0,0,0,0,0,39.9567,-75.1805, ,Philadelphia
 ,5346,2017091834,6,67,67301,2017,8,1,652,6,1,1,0,4,1, , ,N,1,2,0,3,0,1,2,2,N, ,40 03:08.339,75 00:28.750,706, ,701, ,0, , , ,3, , , , , ,78916, , , ,2,2,0,0,0,0,0,0,0,0,0,1,1,0,0,0,0,0,0,0,0,0,0,0,0,0,0,0,0,0,0,0,0,0,0,4,0,40.0523,-75.008, ,Philadelphia
 ,5347,2017055473,6,67,67301,2017,4,6,1446,14,1,1,0,8,1, , ,N,2,0,0,3,0,1,2,2,N, ,40 03:32.573,75 09:52.562,1450, ,1449, ,0, , , ,0, , , , , ,75915, , , ,1,1,0,0,0,0,0,0,0,0,0,1,1,0,0,0,0,0,0,0,0,1,0,1,0,0,0,0,0,0,0,0,1,0,0,4,0,40.0591,-75.1646, ,Philadelphia
 ,5348,2017068305,6,67,67301,2017,6,7,453,4,5,1,0,4,1, , ,N,0,0,0,3,0,3,4,3,N,N,40 00:42.377,75 03:36.858,514, ,456,1,2,1, , ,0,Y, , , , ,75921, , , ,3,2,0,0,0,1,0,0,0,0,2,1,3,0,0,0,0,0,0,0,0,0,0,0,0,0,0,0,0,0,0,0,0,0,0,3,1,40.0118,-75.0602, ,Philadelphia
 ,5349,2017083699,6,67,67301,2017,7,2,1432,14,1,1,0,1,1, , ,N,0,0,0,3,0,3,6,3,N,N,39 57:48.972,75 11:03.274,1432, ,1432, ,0, , , ,0, , , , , ,75924, , , ,3,3,0,0,0,0,0,0,0,0,2,0,3,1,0,0,0,0,0,0,1,0,0,0,0,0,0,0,0,0,0,0,0,0,0,3,0,39.964,-75.1846, ,Philadelphia
 ,5350,2017086350,6,67,67301,2017,7,6,1530,15,1,1,0,8,1, , ,N,1,2,0,3,0,1,2,2,N,N,39 59:37.167,75 09:08.559,1552, ,1550, ,0, ,N, ,3, , , , , ,75940, , , ,1,1,0,0,0,0,0,0,0,0,0,1,1,0,0,0,0,0,0,0,0,0,0,0,0,0,0,0,0,0,0,0,1,0,0,4,0,39.9937,-75.1523, ,Philadelphia
 ,5351,2017120689,6,67,67301,2017,10,3,1940,19,3,1,0,1,1, , ,N,1,2,0,3,0,3,5,2,N,N,39 59:48.618,75 09:13.788,1944, ,1942, ,0, , , ,3, , , , , ,75949, , , ,2,1,0,1,0,0,0,0,0,0,0,3,3,0,0,0,0,0,0,0,0,0,0,2,0,0,0,0,0,0,0,0,0,0,0,4,1,39.9968,-75.1538, ,Philadelphia
 ,5352,2017115904,6,67,67301,2017,10,7,2134,21,3,1,0,5,6, , ,N,0,0,0,3,0,1,1,3,N, ,40 03:34.387,75 09:11.858,9999, ,9999, ,0, , , ,0, , , , , ,75953, , , ,3,2,0,0,1,0,0,0,0,0,0,0,1,1,0,0,0,0,0,0,0,1,0,0,0,0,0,0,0,0,0,0,0,0,0,8,0,40.0596,-75.1533, ,Philadelphia
 ,5353,2017068085,6,67,67301,2017,6,2,1535,15,1,2,1,6,1, , ,N,0,0,0,3,0,2,3,3,N,N,39 58:19.160,75 12:43.186,1539, ,1537,9,1,1,N, ,0,N, , , , ,75965, , , ,3,2,0,0,0,0,1,0,0,0,0,0,2,2,1,0,0,0,1,0,0,0,0,0,0,0,0,0,0,0,0,0,0,0,0,8,0,39.972,-75.212, ,Philadelphia
 ,5354,2017086824,6,67,67301,2017,4,6,2100,21,3,9,0,4,1, , ,N,2,0,0,3,0,0,2,2,N, ,39 56:48.901,75 13:35.169,2140, ,2136, ,0, , , ,0, , , , , ,75969, , , ,2,1,0,0,0,0,0,1,0,0,0,0,0,0,1,0,0,0,0,0,1,0,0,0,0,0,0,0,0,0,0,0,0,0,0,9,0,39.9469,-75.2264, ,Philadelphia
 ,5355,2017116071,6,67,67301,2017,10,2,2320,23,3,1,0,7,4, , ,N,0,0,0,3,0,1,1,1,N,N,40 05:16.100,74 58:19.729,2340, ,2330,3,1,4,N, ,0,N, , , , ,75985, , , ,1,0,0,0,0,0,1,0,0,0,0,0,1,1,0,0,0,0,0,0,0,0,0,0,0,0,0,0,0,0,0,0,0,0,0,8,0,40.0878,-74.9721, ,Philadelphia
 ,5356,2017087778,6,67,67301,2017,8,2,1840,18,4,1,0,1,1, , ,N,0,0,0,3,0,2,2,2,N,N,40 01:23.790,75 02:03.234,1855, ,1846, ,0, , , ,0, , , , , ,75986, , , ,2,1,0,0,0,0,1,0,0,0,2,0,2,0,0,0,0,0,0,0,2,0,0,1,0,0,0,0,0,0,0,0,0,0,0,3,0,40.0233,-75.0342, ,Philadelphia
 ,5357,2017091742,6,67,67301,2017,8,7,2130,21,3,1,0,7,4, , ,N,2,2,0,3,0,0,2,2,N,N,40 04:57.003,75 02:25.844,2140, ,2135, ,0, ,N, ,3, , , , , ,75990, , , ,2,2,0,0,0,0,0,0,0,0,0,0,0,0,0,0,0,0,0,0,0,0,0,0,0,0,0,0,0,0,0,0,0,0,0,0,0,40.0825,-75.0405, ,Philadelphia
 ,5358,2017085419,6,67,67301,2017,8,5,1905,19,1,1,0,1,1, , ,N,0,0,3,3,0,0,10,2,N,N,39 54:27.200,75 08:33.600,1914, ,1912, ,0, ,N, ,0, , , , , ,75991, , , ,2,0,0,0,0,0,2,0,0,0,0,0,0,0,0,0,0,1,0,0,0,1,0,1,0,0,0,0,0,0,0,0,0,0,0,0,0,39.9076,-75.1427, ,Philadelphia
 ,5359,2017096416,6,67,67301,2017,8,4,2234,22,3,1,0,1,1, , ,N,0,0,0,3,0,9,12,6,N,N,40 06:11.777,75 01:42.792,2250, ,2242,4,2,5, , ,0,Y, , , , ,76006, , , ,5,3,0,0,0,0,1,1,0,2,0,0,9,7,3,0,0,0,0,0,1,2,0,0,0,0,0,0,0,0,0,0,1,0,1,2,0,40.1033,-75.0286, ,Philadelphia
 ,5360,2017105987,6,67,67301,2017,9,5,815,8,1,1,0,4,1, , ,N,1,3,0,3,0,1,2,2,N, ,40 02:56.799,75 05:04.218,816, ,841,1,1,2, , ,3,N, , , , ,76007, , , ,2,1,0,0,0,0,1,0,0,0,0,1,1,0,0,0,0,0,0,0,0,0,0,0,0,0,0,0,0,0,0,0,0,0,0,4,0,40.0491,-75.0845, ,Philadelphia
 ,5361,2017080573,6,67,67301,2017,8,4,1216,12,1,1,0,0,1, , ,N,0,0,0,3,0,1,1,1,N,N,39 59:01.456,75 05:50.845,1216, ,1216,2,1,2, , ,0,N, , , , ,76028, , , ,1,0,1,0,0,0,0,0,0,0,1,0,1,0,0,0,0,0,0,0,0,0,0,0,0,0,0,0,0,0,0,0,0,0,0,3,0,39.9837,-75.0975, ,Philadelphia
 ,5362,2017070466,6,67,67301,2017,6,5,3,0,3,1,0,4,1, , ,N,1,2,0,3,0,1,2,2,N, ,39 54:57.588,75 09:52.288,15, ,9, ,0, , , ,3, , , , , ,76061, , , ,1,1,0,0,0,0,0,0,1,0,0,1,1,0,0,0,0,0,0,0,0,0,0,0,0,0,0,0,0,0,0,0,0,0,0,4,0,39.9159,-75.1645, ,Philadelphia
 ,5363,2017067566,6,67,67301,2017,6,4,552,5,1,1,0,1,1, , ,N,0,0,0,3,0,3,3,3,N,N,39 57:26.202,75 09:29.085,552, ,552, ,0, , , ,0, , , , , ,76080, , , ,3,1,0,0,0,0,2,0,0,0,1,0,3,2,0,0,0,0,0,0,2,0,0,0,0,0,0,0,0,0,0,0,0,0,0,3,0,39.9573,-75.1581, ,Philadelphia
 ,5364,2017086948,6,67,67301,2017,1,3,1720,17,4,1,0,4,1, , ,N,2,0,2,3,0,0,2,2,N,N,40 02:54.246,74 59:51.525,1735, ,1730,1,1,4,N, ,0,N, , , , ,76089, , , ,2,1,0,0,0,0,1,0,0,0,0,0,0,0,0,0,0,0,0,0,0,0,0,0,0,0,0,0,0,0,0,0,0,0,0,0,0,40.0487,-74.998, ,Philadelphia
 ,5365,2017060539,6,67,67301,2017,5,7,231,2,3,2,1,2,1, , ,N,0,0,0,3,0,1,3,2,N, ,39 59:28.245,75 10:53.605,245, ,244, ,0, , , ,0, , , , , ,69654, , , ,2,0,0,0,0,0,2,0,0,0,0,1,1,0,0,0,0,0,0,0,1,0,0,0,0,0,0,0,0,0,0,0,0,0,0,4,0,39.9912,-75.1816, ,Philadelphia
 ,5366,2017080024,6,67,67301,2017,7,1,1518,15,1,1,0,7,2, , ,N,0,8,0,3,0,0,1,1,N,N,40 01:24.794,75 02:01.609,1544, ,1521, ,0, , , ,3, , , , , ,69660, , , ,1,1,0,0,0,0,0,0,0,0,0,0,0,0,0,0,0,0,0,0,0,0,0,0,0,0,0,0,0,0,0,0,0,0,0,0,0,40.0236,-75.0338, ,Philadelphia
 ,5367,2017115993,6,67,67301,2017,10,1,1453,14,1,2,1,4,1, , ,N,3,3,0,3,0,1,2,2,N,N,40 03:43.175,75 05:00.400,1454, ,1454,2,2,1,N, ,3,Y, , , , ,69673, , , ,2,1,0,0,0,0,1,0,0,0,0,1,1,0,0,0,0,0,0,0,1,0,0,1,0,0,0,0,0,0,0,0,0,0,0,4,0,40.062,-75.0834, ,Philadelphia
 ,5368,2017096540,6,67,67301,2017,8,3,2300,23,3,2,1,1,1, , ,N,0,0,0,3,0,4,6,2,N,N,39 55:19.486,75 11:26.086,2320, ,2310,1,2,1,N, ,0,Y, , , , ,69680, , , ,2,1,0,0,0,0,1,0,0,0,0,4,4,0,0,0,0,0,0,0,1,0,0,0,0,0,0,0,0,0,0,0,0,0,0,4,0,39.9219,-75.1905, ,Philadelphia
 ,5369,2017096606,6,67,67301,2017,8,7,944,9,1,1,0,8,6, , ,N,0,0,0,3,0,1,2,2,N, ,39 59:32.918,75 08:52.967,946, ,944, ,0, , , ,0, , , , , ,69681, , , ,1,0,0,0,0,0,1,0,0,0,0,1,1,0,0,0,0,0,0,0,0,0,1,1,0,0,0,0,0,0,0,0,1,0,0,4,0,39.9925,-75.148, ,Philadelphia
 ,5370,2017134001,6,67,67301,2017,11,5,55,0,3,1,0,4,1, , ,N,1,3,0,3,0,0,3,2,N, ,39 59:04.707,75 07:46.704,55, ,55, ,0, ,N, ,3, , , , , ,69692, , , ,2,1,0,0,0,0,1,0,0,0,0,0,0,0,0,0,0,0,0,0,0,0,0,3,0,0,0,0,0,0,0,0,0,0,0,0,0,39.9846,-75.1296, ,Philadelphia
 ,5371,2017067936,6,67,67301,2017,6,6,1720,17,1,1,0,4,1, , ,N,0,0,0,3,0,1,2,2,N, ,40 00:18.506,75 10:02.258,1729, ,1729,9,1,4, , ,0,N, , , , ,69705, , , ,2,1,0,0,0,0,0,0,0,0,0,0,1,1,0,0,0,0,0,0,1,0,0,0,0,0,0,0,0,0,0,0,0,0,0,8,0,40.0051,-75.1673, ,Philadelphia
 ,5372,2017074640,6,67,67301,2017,7,7,300,3,3,1,0,4,1, , ,N,1,2,0,3,0,1,6,3,N,N,39 57:11.994,75 11:01.450,305, ,302,3,1,3,N, ,3,N, , , , ,69712, , , ,3,2,0,0,1,0,0,0,0,0,0,1,1,0,0,0,0,0,0,0,0,0,0,0,0,0,0,0,0,0,0,0,0,0,0,4,0,39.9533,-75.1838, ,Philadelphia
 ,5373,2017091786,6,67,67301,2017,8,4,1726,17,1,1,0,4,1, , ,N,1,2,0,3,0,0,4,2,N,N,39 58:07.813,75 14:43.547,1735, ,1728, ,0, ,N, ,3, , , , , ,69723, , , ,2,1,0,0,0,0,1,0,0,0,0,0,0,0,1,0,0,0,0,0,0,1,0,0,0,0,0,0,0,0,0,0,0,0,0,9,0,39.9688,-75.2454, ,Philadelphia
 ,5374,2017111569,6,67,67301,2017,10,3,2115,21,3,1,0,1,1, , ,N,0,2,0,3,0,2,3,3,N, ,40 00:52.081,75 09:24.778,2146, ,2117, ,0, , , ,3, , , , , ,69727, , , ,3,0,0,0,1,0,2,0,0,0,2,0,2,0,0,0,0,0,0,0,3,0,0,2,0,0,0,0,0,0,0,0,0,0,0,3,0,40.0145,-75.1569, ,Philadelphia
 ,5375,2017115955,6,67,67301,2017,10,3,1605,16,1,1,0,4,1, , ,N,1,2,0,3,0,0,2,2,N,N,40 04:14.680,75 14:28.823,1612, ,1606, ,0, ,N, ,3, , , , , ,69730, , , ,2,1,0,0,0,0,1,0,0,0,0,0,0,0,0,0,0,0,0,0,0,0,0,0,0,0,0,0,0,0,0,0,0,0,0,0,0,40.0709,-75.2413, ,Philadelphia
 ,5376,2017116133,6,67,67301,2017,10,6,7,0,3,1,0,5,1, , ,N,0,0,0,3,0,0,1,2,N,N,39 58:09.656,75 14:51.244,53, ,41, ,0, ,N, ,0, , , , , ,69737, , , ,2,1,0,0,1,0,0,0,0,0,0,0,0,0,0,0,0,0,0,0,0,0,0,0,0,0,0,0,0,0,0,0,0,0,0,0,0,39.9693,-75.2476, ,Philadelphia
 ,5377,2017086192,6,67,67301,2017,7,4,1832,18,1,1,0,7,4, , ,N,0,0,0,3,0,1,1,1,N,N,39 59:47.755,75 12:00.092,1900, ,1854,3,2,6,N, ,0,Y, , , , ,69756, , , ,1,1,0,0,0,0,0,0,0,0,0,0,1,1,0,0,0,0,0,0,0,0,0,0,0,0,0,0,0,0,0,0,0,0,0,8,0,39.9966,-75.2, ,Philadelphia
 ,5378,2017091867,6,67,67301,2017,8,3,607,6,1,1,0,4,1, , ,N,1,2,0,3,0,0,4,2,N, ,39 56:18.477,75 10:17.716,609, ,607, ,0, , , ,3, , , , , ,69767, , , ,2,1,0,0,1,0,0,0,0,0,0,0,0,0,0,0,0,0,0,0,1,0,0,0,0,0,0,0,0,0,0,0,0,0,0,0,0,39.9385,-75.1716, ,Philadelphia
 ,5379,2017093660,6,67,67301,2017,8,6,1525,15,1,1,0,4,1, , ,N,1,2,0,3,0,1,3,2,N,N,39 58:33.268,75 14:24.842,1530, ,1530, ,0, ,N, ,3, , , , , ,69768, , , ,2,2,0,0,0,0,0,0,0,0,0,1,1,0,0,0,0,0,0,0,1,1,0,0,0,0,0,0,0,0,0,0,0,0,0,4,0,39.9759,-75.2402, ,Philadelphia
 ,5380,2017088785,6,67,67301,2017,8,2,1816,18,1,2,1,1,1, , ,N,1,2,0,3,0,1,4,3,N,N,40 03:16.716,75 07:29.987,1845, ,1834, ,0, ,N, ,3, , , , , ,69772, , , ,3,1,0,0,0,0,1,0,0,0,0,0,1,1,0,0,0,0,0,0,0,0,0,0,0,0,0,0,0,0,0,0,0,0,0,8,0,40.0546,-75.125, ,Philadelphia
 ,5381,2017116117,6,67,67301,2017,10,7,2025,20,3,1,0,4,1, , ,N,3,2,0,3,0,3,3,2,N,N,40 00:21.523,75 10:36.264,2210, ,2207, ,0, ,N, ,3, , , , , ,69777, , , ,2,2,0,0,0,0,0,0,0,0,0,2,3,1,0,0,0,0,0,0,0,1,0,0,0,0,0,0,0,0,0,0,0,0,0,4,0,40.006,-75.1766, ,Philadelphia
 ,5382,2017125608,6,67,67301,2017,10,1,1003,10,1,2,0,7,4, , ,N,0,0,0,3,0,0,2,2,N,N,40 02:02.624,75 01:10.135,1011, ,1004,2,1,1, , ,0,N, , , , ,69779, , , ,2,1,0,0,0,0,1,0,0,0,0,0,0,0,0,0,0,0,0,0,0,0,0,0,0,0,0,0,0,0,0,0,0,0,0,0,0,40.0341,-75.0195, ,Philadelphia
 ,5383,2017120424,6,67,67301,2017,11,5,906,9,1,1,0,1,1, , ,N,2,2,0,3,0,2,4,3,N,N,40 05:36.345,74 57:43.771,935, ,929,2,2,2,N, ,3,N, , , , ,72636, , , ,3,1,1,1,0,0,0,0,0,1,0,1,2,0,0,0,0,0,0,0,1,0,1,0,0,0,0,0,0,1,0,0,0,0,0,2,1,40.0933,-74.9621, ,Philadelphia
 ,5384,2017059012,6,67,67301,2017,6,6,702,7,1,1,0,8,1, , ,N,2,2,0,3,0,1,2,2,N,N,39 56:47.821,75 11:34.530,704, ,703,1,1,1,N, ,3,N, , , , ,72645, , , ,1,0,0,0,0,0,1,0,0,0,0,0,1,1,0,0,0,0,0,0,1,0,0,0,0,0,0,0,0,0,0,0,1,0,0,8,0,39.9466,-75.1929, ,Philadelphia
 ,5385,2017067920,6,67,67301,2017,5,1,1525,15,1,1,0,1,1, , ,N,0,0,7,3,0,2,3,2,N,N,40 05:35.169,74 58:46.679,1550, ,1546, ,0, , , ,0, , , , , ,72650, , , ,2,0,0,0,0,0,2,0,0,0,0,2,2,0,0,1,0,0,0,0,0,0,0,1,0,0,0,0,0,0,0,0,0,0,0,4,0,40.0931,-74.9796, ,Philadelphia
 ,5386,2017076363,6,67,67301,2017,6,6,853,8,1,1,0,4,1, , ,N,1,2,0,3,0,3,4,3,N,N,39 58:47.465,75 08:34.342,855, ,853, ,0, ,N, ,3, , , , , ,72651, , , ,3,2,0,0,0,0,1,0,0,0,0,1,3,2,0,0,0,0,0,0,0,0,0,2,0,0,0,0,0,0,0,0,0,0,0,4,0,39.9799,-75.1429, ,Philadelphia
 ,5387,2017078864,6,67,67301,2017,7,4,1615,16,1,1,0,7,5, , ,N,0,0,0,3,0,0,1,2,N,N,39 58:11.624,75 11:17.249,1640, ,1130, ,0, ,N, ,0, , , , , ,72664, , , ,1,1,0,0,0,0,0,0,0,0,0,0,0,0,0,0,0,0,0,0,0,0,0,1,0,0,0,0,0,0,0,0,0,0,0,0,0,39.9699,-75.1881, ,Philadelphia
 ,5388,2017076274,6,67,67301,2017,6,6,1127,11,1,1,0,8,1, , ,N,0,0,0,3,0,1,2,2,N, ,39 58:13.337,75 09:34.575,1131, ,1129, ,0, , , ,0, , , , , ,72668, , , ,1,1,0,0,0,0,0,0,0,0,0,0,1,1,0,0,0,0,0,0,0,0,0,0,0,0,0,0,0,0,0,0,1,0,0,8,0,39.9704,-75.1596, ,Philadelphia
 ,5389,2017080730,6,67,67301,2017,6,7,1930,19,1,1,0,7,4, , ,N,0,0,0,3,0,1,1,1,N,N,40 02:59.007,74 59:36.381,1941, ,1931, ,0, , , ,0, , , , , ,72670, , , ,1,1,0,0,0,0,0,0,0,0,1,0,1,0,0,0,0,0,0,0,0,0,1,0,0,0,0,0,0,0,0,0,0,0,0,3,0,40.0497,-74.9934, ,Philadelphia
 ,5390,2017087183,6,67,67301,2017,8,6,2233,22,3,1,0,1,1, , ,N,0,0,0,3,0,0,3,2,N,N,40 00:28.507,75 12:05.440,2249, ,2233, ,0, , , ,0, , , , , ,72672, , , ,2,2,0,0,0,0,0,0,0,0,0,0,0,0,0,0,0,0,0,0,0,0,0,0,0,0,0,0,0,0,0,0,0,0,0,0,0,40.0079,-75.2015, ,Philadelphia
 ,5391,2017086154,6,67,67301,2017,7,2,1730,17,1,1,0,8,1, , ,N,0,0,0,3,0,1,2,2,N, ,39 56:32.047,75 12:54.304,1739, ,1737, ,0, , , ,0, , , , , ,72676, , , ,1,1,0,0,0,0,0,0,0,0,1,0,1,0,0,0,0,0,0,0,0,0,0,0,0,0,0,0,0,0,0,0,1,0,0,3,0,39.9422,-75.2151, ,Philadelphia
 ,5392,2017070479,6,67,67301,2017,6,3,311,3,3,1,0,1,6, , ,N,0,0,0,3,0,0,1,4,N, ,39 56:33.803,75 11:16.683,320, ,315, ,0, , , ,0, , , , , ,72694, , , ,4,4,0,0,0,0,0,0,0,0,0,0,0,0,0,0,0,0,0,0,0,0,0,0,0,0,0,0,0,0,0,0,0,0,0,0,0,39.9427,-75.188, ,Philadelphia