wz_ln_closure,objectid_1,crn,district,county,municipality,crash_year,crash_month,day_of_week,time_of_day,hour_of_day,illumination,weather,road_condition,collision_type,relation_to_road,work_zone_type,work_zone_loc,work_zone_ind,intersect_type,tcd_type,location_type,urban_rural,fatal_count,injury_count,person_count,total_units,sch_bus_ind,sch_zone_ind,latitude,longitude,arrival_tm,cons_zone_spd_lim,dispatch_tm,est_hrs_closed,lane_closed,ln_close_dir,ntfy_hiwy_maint,spec_juris_cd,tcd_func_cd,tfc_detour_ind,workers_pres,wz_close_detour,wz_flagger,wz_law_offcr_ind,objectid,wz_moving,wz_other,wz_shlder_mdn,vehicle_count,automobile_count,motorcycle_count,bus_count,small_truck_count,heavy_truck_count,suv_count,van_count,bicycle_count,maj_inj_count,mod_inj_count,min_inj_count,tot_inj_count,unk_inj_deg_count,unk_inj_per_count,driver_count_16yr,driver_count_17yr,driver_count_18yr,driver_count_19yr,driver_count_20yr,driver_count_50_64yr,driver_count_65_74yr,driver_count_75plus,unbelted_occ_count,unb_death_count,unb_maj_inj_count,belted_death_count,belted_maj_inj_count,mcycle_death_count,mcycle_maj_inj_count,bicycle_death_count,bicycle_maj_inj_count,ped_count,ped_death_count,ped_maj_inj_count,max_severity_level,comm_veh_count,dec_lat,dec_long,rdwy_surf_type_cd,county_name
 ,5393,2017070439,6,67,67301,2017,6,7,2108,21,3,1,0,4,1, , ,N,2,3,0,3,0,2,3,2,N,N,40 03:40.845,75 01:25.507,2127, ,2120, ,0, ,N, ,3, , , , , ,72698, , , ,2,0,1,0,0,0,0,1,0,0,2,0,2,0,0,0,0,0,0,0,0,1,0,0,0,0,0,0,0,0,0,0,0,0,0,3,0,40.0613,-75.0238, ,Philadelphia
 ,5394,2017120489,6,67,67301,2017,10,3,749,7,1,2,1,2,6, , ,N,0,0,0,3,0,0,1,2,N, ,39 56:02.875,75 13:35.385,750, ,749, ,0, , , ,0, , , , , ,72730, , , ,2,2,0,0,0,0,0,0,0,0,0,0,0,0,0,0,0,0,0,0,1,0,0,0,0,0,0,0,0,0,0,0,0,0,0,0,0,39.9341,-75.2265, ,Philadelphia
 ,5395,2017076294,6,67,67301,2017,6,4,1234,12,1,1,0,8,1, , ,N,1,3,0,3,0,1,2,2,N, ,39 56:14.362,75 09:06.361,1241, ,1238, ,0, , , ,3, , , , , ,72738, , , ,1,1,0,0,0,0,0,0,0,0,0,1,1,0,0,0,0,0,0,1,0,0,0,1,0,0,0,0,0,0,0,0,1,0,0,4,0,39.9373,-75.1518, ,Philadelphia
 ,5396,2017076292,6,67,67301,2017,6,4,1000,10,1,1,0,4,1, , ,N,1,2,0,3,0,1,2,2,N,N,39 55:26.797,75 10:03.382,1016, ,1005, ,0, ,N, ,3, , , , , ,72739, , , ,2,1,0,0,0,0,1,0,0,0,0,1,1,0,0,0,0,0,0,0,1,0,0,0,0,0,0,0,0,0,0,0,0,0,0,4,0,39.9241,-75.1675, ,Philadelphia
 ,5397,2017074791,6,67,67301,2017,7,7,1345,13,1,1,0,4,1, , ,N,1,2,0,3,0,0,1,2,N,N,40 01:26.928,75 07:59.539,1615, ,1605,3,1,7,N, ,3,N, , , , ,72746, , , ,2,1,0,0,0,0,0,0,0,0,0,0,0,0,1,0,0,0,0,0,0,0,0,0,0,0,0,0,0,0,0,0,0,0,0,9,0,40.0242,-75.1331, ,Philadelphia
 ,5398,2017120520,6,67,67301,2017,10,2,330,3,3,2,1,7,4, , ,N,0,0,0,3,0,1,1,1,N,N,40 01:24.924,75 09:29.069,338, ,336, ,0, ,N, ,0, , , , , ,72751, , , ,1,1,0,0,0,0,0,0,0,0,1,0,1,0,0,0,0,0,0,0,0,0,0,1,0,0,0,0,0,0,0,0,0,0,0,3,0,40.0236,-75.1581, ,Philadelphia
 ,5399,2017117253,6,67,67301,2017,10,7,40,0,3,1,0,7,4, , ,N,1,2,0,3,0,1,1,1,N,N,40 04:19.382,75 00:46.920,50, ,46, ,0, ,N, ,3, , , , , ,72768, , , ,1,1,0,0,0,0,0,0,0,0,1,0,1,0,0,0,0,0,0,0,0,0,0,0,0,0,0,0,0,0,0,0,0,0,0,3,0,40.0721,-75.013, ,Philadelphia
 ,5400,2017115964,6,67,67301,2017,10,3,1723,17,1,1,0,5,1, , ,N,0,0,0,3,0,0,2,2,N, ,40 01:44.151,75 12:17.779,1735, ,1730, ,0, , , ,0, , , , , ,72769, , , ,2,1,0,0,1,0,0,0,0,0,0,0,0,0,0,0,0,0,0,0,1,0,0,2,0,0,0,0,0,0,0,0,0,0,0,0,0,40.0289,-75.2049, ,Philadelphia
 ,5401,2017086240,6,67,67301,2017,7,6,1033,10,1,2,1,1,1, , ,N,1,2,0,3,0,1,3,3,N,N,39 56:22.681,75 11:53.378,9999, ,1033, ,0, , , ,3, , , , , ,78918, , , ,3,1,0,0,1,0,1,0,0,0,0,1,1,0,0,0,0,0,0,0,0,0,0,1,0,0,0,0,0,0,0,0,0,0,0,4,0,39.9396,-75.1982, ,Philadelphia
 ,5402,2017096412,6,67,67301,2017,8,4,9999,99,1,1,0,5,6, , ,N,0,0,0,3,0,0,1,2,N, ,40 05:34.116,75 00:17.304,750, ,740, ,0, , , ,0, , , , , ,78937, , , ,2,1,0,0,0,1,0,0,0,0,0,0,0,0,0,0,0,0,0,0,0,0,0,0,0,0,0,0,0,0,0,0,0,0,0,0,1,40.0928,-75.0048, ,Philadelphia
 ,5403,2017127529,6,67,67301,2017,11,1,1214,12,1,1,0,5,6, , ,N,0,0,0,3,0,0,3,2,N, ,39 58:02.000,75 12:18.200,1222, ,1216,1,2,3, , ,0,N, , , , ,78942, , , ,2,2,0,0,0,0,0,0,0,0,0,0,0,0,0,0,0,0,0,0,0,0,0,0,0,0,0,0,0,0,0,0,0,0,0,0,0,39.9672,-75.2051, ,Philadelphia
 ,5404,2017128391,6,67,67301,2017,12,6,1925,19,3,1,0,1,1, , ,N,0,0,0,3,0,1,2,2,N,N,39 58:33.102,75 06:56.507,1939, ,1930,1,2,2, , ,0,N, , , , ,78945, , , ,2,2,0,0,0,0,0,0,0,0,1,0,1,0,0,0,0,0,0,0,0,0,0,0,0,0,0,0,0,0,0,0,0,0,0,3,0,39.9758,-75.1157, ,Philadelphia
 ,5405,2017076332,6,67,67301,2017,6,6,1600,16,1,1,0,4,1, , ,N,0,0,7,3,0,1,2,2,N,N,39 57:31.648,75 14:25.021,1614, ,1609, ,0, ,N, ,0, , , , , ,78957, , , ,2,1,0,0,0,0,1,0,0,0,0,1,1,0,0,0,0,0,0,0,0,0,1,2,0,0,0,0,0,0,0,0,0,0,0,4,0,39.9588,-75.2403, ,Philadelphia
 ,5406,2017086646,6,67,67301,2017,2,6,1445,14,1,1,0,4,1, , ,N,1,2,0,3,0,1,3,2,N, ,40 00:40.819,75 04:37.389,9999, ,1645, ,0, , , ,3, , , , , ,78962, , , ,2,1,0,0,0,0,1,0,0,0,0,1,1,0,1,0,0,1,0,0,0,0,0,0,0,0,0,0,0,0,0,0,0,0,0,4,0,40.0113,-75.0771, ,Philadelphia
 ,5407,2017094162,6,67,67301,2017,9,5,1420,14,1,1,0,7,4, , ,N,0,0,0,3,0,0,1,1,N,N,40 01:33.960,75 01:37.689,1426, ,1423,1,2,1, , ,0,N, , , , ,78966, , , ,1,1,0,0,0,0,0,0,0,0,0,0,0,0,0,0,0,0,0,0,0,0,0,0,0,0,0,0,0,0,0,0,0,0,0,0,0,40.0261,-75.0271, ,Philadelphia
 ,5408,2017088790,6,67,67301,2017,8,1,1622,16,1,1,0,1,1, , ,N,1,2,0,3,0,0,4,3,N, ,39 59:38.150,75 09:16.063,1726, ,1622, ,0, , , ,3, , , , , ,78977, , , ,3,0,0,0,0,0,3,0,0,0,0,0,0,0,0,0,0,0,0,0,1,0,1,0,0,0,0,0,0,0,0,0,0,0,0,0,0,39.9939,-75.1545, ,Philadelphia
 ,5409,2017115980,6,67,67301,2017,10,5,650,6,1,2,1,1,1, , ,N,0,0,0,3,0,0,2,2,N, ,40 02:35.027,75 01:24.785,724, ,706, ,0, , , ,0, , , , , ,78991, , , ,2,2,0,0,0,0,0,0,0,0,0,0,0,0,0,0,0,0,0,0,0,0,1,1,0,0,0,0,0,0,0,0,0,0,0,0,0,40.0431,-75.0236, ,Philadelphia
 ,5410,2017067717,6,67,67301,2017,5,4,226,2,3,1,0,6,6, , ,N,0,0,0,3,0,1,1,2,N,N,40 03:38.501,75 10:02.890,230, ,226, ,0, , , ,0, , , , , ,78997, , , ,2,2,0,0,0,0,0,0,0,0,0,1,1,0,0,0,0,0,0,0,1,0,0,0,0,0,0,0,0,0,0,0,0,0,0,4,0,40.0607,-75.1675, ,Philadelphia
 ,5411,2017086089,6,67,67301,2017,7,7,1500,15,1,1,0,1,1, , ,N,5,2,0,3,1,0,3,2,N,N,39 57:25.093,75 10:09.035,1505, ,1504,3,2,6,N,0,3,Y, , , , ,79007, , , ,2,0,1,0,0,1,0,0,0,0,0,0,0,0,0,0,0,0,0,0,0,0,0,0,0,0,0,0,1,0,0,0,0,0,0,1,1,39.9581,-75.1698,2,Philadelphia
 ,5412,2017086328,6,67,67301,2017,8,4,1655,16,1,2,1,4,1, , ,N,5,3,0,3,0,1,2,2,N,N,40 04:11.308,75 09:38.084,1707, ,1705, ,0, ,N, ,3, , , , , ,79009, , , ,2,1,0,0,0,0,1,0,0,0,0,0,1,1,0,0,0,0,0,0,0,0,0,1,0,0,0,0,0,0,0,0,0,0,0,8,0,40.0698,-75.1606, ,Philadelphia
 ,5413,2017086193,6,67,67301,2017,7,3,2258,22,3,1,0,1,6, , ,N,0,0,0,3,0,0,1,2,N, ,39 57:58.536,75 12:39.691,2331, ,2327, ,0, , , ,0, , , , , ,79016, , , ,2,0,0,0,1,0,1,0,0,0,0,0,0,0,0,0,0,0,0,0,0,0,0,1,0,0,0,0,0,0,0,0,0,0,0,0,0,39.9663,-75.211, ,Philadelphia
 ,5414,2017108053,6,67,67301,2017,9,3,1509,15,1,1,0,5,6, , ,N,0,0,0,3,0,1,2,2,N,N,39 59:07.129,75 07:14.891,1515, ,1510, ,0, ,N, ,0, , , , , ,79022, , , ,2,2,0,0,0,0,0,0,0,0,0,0,1,1,0,0,0,0,0,0,0,0,0,0,0,0,0,0,0,0,0,0,0,0,0,8,0,39.9853,-75.1208, ,Philadelphia
 ,5415,2017111560,6,67,67301,2017,10,2,1420,14,1,2,1,1,1, , ,N,0,0,7,3,0,1,3,3,N,N,40 00:52.408,75 07:53.115,1505, ,1500, ,0, ,N, ,0, , , , , ,79023, , , ,3,1,0,0,0,1,0,1,0,0,0,1,1,0,0,0,0,0,0,1,1,0,0,0,0,0,0,0,0,0,0,0,0,0,0,4,1,40.0146,-75.1314, ,Philadelphia
 ,5416,2017104850,6,67,67301,2017,10,3,2353,23,3,1,0,1,1, , ,N,6,0,0,3,0,2,2,2,N,N,39 55:55.421,75 12:00.141,2356, ,2353, ,0, , , ,0, , , , , ,79028, , , ,2,2,0,0,0,0,0,0,0,0,2,0,2,0,0,0,0,0,0,0,0,0,0,1,0,0,0,0,0,0,0,0,0,0,0,3,0,39.9325,-75.2002, ,Philadelphia
 ,5417,2017067572,6,67,67301,2017,6,5,1053,10,1,1,0,1,1, , ,N,0,0,0,3,0,2,4,2,N,N,39 57:26.904,75 09:00.184,1100, ,1054, ,0, , , ,0, , , , , ,79047, , , ,2,1,0,0,0,0,1,0,0,0,2,0,2,0,0,0,0,0,0,0,2,0,0,0,0,0,0,0,0,0,0,0,0,0,0,3,0,39.9575,-75.1501, ,Philadelphia
 ,5418,2017078722,6,67,67301,2017,7,7,216,2,3,1,0,7,4, , ,N,2,3,0,3,0,0,1,1,N,N,40 02:23.521,75 09:53.452,216, ,216, ,0, ,N, ,3, , , , , ,79055, , , ,1,1,0,0,0,0,0,0,0,0,0,0,0,0,0,0,0,0,0,0,1,0,0,0,0,0,0,0,0,0,0,0,0,0,0,0,0,40.0399,-75.1648, ,Philadelphia
 ,5419,2017093558,6,67,67301,2017,8,3,1642,16,1,1,0,4,1, , ,N,2,2,0,3,0,0,2,2,N,N,40 02:02.689,75 12:30.292,1654, ,1652, ,0, ,N, ,3, , , , , ,76146, , , ,2,2,0,0,0,0,0,0,0,0,0,0,0,0,0,0,0,0,0,0,0,0,0,2,0,0,0,0,0,0,0,0,0,0,0,0,0,40.0342,-75.2083, ,Philadelphia
 ,5420,2017127486,6,67,67301,2017,10,5,1937,19,3,1,0,6,1, , ,N,0,0,0,3,0,0,2,3,N,N,39 57:09.129,75 12:34.031,2039, ,2037, ,0, ,N, ,0, , , , , ,76151, , , ,2,2,0,0,0,0,0,0,0,0,0,0,0,0,0,0,0,0,0,0,0,1,0,0,0,0,0,0,0,0,0,0,0,0,0,0,0,39.9525,-75.2095, ,Philadelphia
 ,5421,2017060670,6,67,67301,2017,5,5,908,9,1,2,1,8,1, , ,N,2,0,0,3,0,1,2,2,N,N,40 01:48.629,75 03:18.853,913, ,913, ,0, ,N, ,0, , , , , ,76162, , , ,1,0,0,0,0,0,1,0,0,0,0,1,1,0,0,0,0,0,0,0,1,0,0,1,0,0,0,0,0,0,0,0,1,0,0,4,0,40.0302,-75.0552, ,Philadelphia
 ,5422,2017070413,6,67,67301,2017,6,5,2130,21,3,1,0,5,6, , ,N,0,0,0,3,0,5,5,3,N,N,40 02:51.097,75 10:05.387,2150, ,2145, ,0, ,N, ,0, , , , , ,76177, , , ,3,1,0,0,0,0,1,1,0,0,0,0,5,5,0,0,0,0,0,0,0,0,0,0,0,0,0,0,0,0,0,0,0,0,0,8,0,40.0475,-75.1682, ,Philadelphia
 ,5423,2017116148,6,67,67301,2017,10,2,1900,19,3,1,0,4,1, , ,N,1,3,0,3,0,0,3,2,N, ,39 55:52.669,75 10:40.763,1905, ,1903, ,0, , , ,3, , , , , ,76183, , , ,2,0,0,0,0,0,2,0,0,0,0,0,0,0,0,0,0,0,1,0,1,0,0,0,0,0,0,0,0,0,0,0,0,0,0,0,0,39.9313,-75.178, ,Philadelphia
 ,5424,2017055604,6,67,67301,2017,5,3,2045,20,6,9,0,8,1, , ,N,2,0,0,3,0,1,2,2,N,N,39 59:46.188,75 10:18.409,2118, ,2113, ,0, , , ,0, , , , , ,76206, , , ,1,0,0,0,0,0,0,0,0,0,0,1,1,0,0,0,0,0,0,0,0,0,0,0,0,0,0,0,0,0,0,0,1,0,0,4,0,39.9962,-75.1718, ,Philadelphia
 ,5425,2017060480,6,67,67301,2017,5,4,1525,15,1,1,0,8,1, , ,N,1,2,0,3,0,1,2,2,N, ,40 01:31.746,75 07:20.688,1545, ,1532,9,1,1, , ,3,N, , , , ,76211, , , ,1,1,0,0,0,0,0,0,0,0,0,1,1,0,0,0,0,0,0,1,0,0,0,1,0,0,0,0,0,0,0,0,1,0,0,4,0,40.0255,-75.1224, ,Philadelphia
 ,5426,2017078768,6,67,67301,2017,6,4,1909,19,1,1,0,4,1, , ,N,1,2,0,3,0,0,4,2,N, ,39 56:22.681,75 11:53.378,1926, ,1925, ,0, , , ,3, , , , , ,76225, , , ,2,2,0,0,0,0,0,0,0,0,0,0,0,0,0,0,0,0,0,0,0,0,0,0,0,0,0,0,0,0,0,0,0,0,0,0,0,39.9396,-75.1982, ,Philadelphia
 ,5427,2017075257,6,67,67301,2017,7,2,700,7,1,1,1,4,1, , ,N,5,2,2,3,0,0,2,2,N,N,39 57:13.621,75 08:34.432,710, ,710,2,1,7,N, ,3,N, , , , ,76226, , , ,2,1,0,0,0,0,1,0,0,0,0,0,0,0,0,0,0,0,0,0,0,0,0,0,0,0,0,0,0,0,0,0,0,0,0,0,0,39.9538,-75.1429, ,Philadelphia
 ,5428,2017091747,6,67,67301,2017,8,1,1600,16,1,1,0,5,1, , ,N,0,0,0,3,0,2,2,2,N,N,40 05:02.610,75 02:04.393,1615, ,1610,2,1,4, , ,0,Y, , , , ,76235, , , ,2,1,0,0,0,0,1,0,0,0,2,0,2,0,0,0,0,0,0,0,0,0,0,0,0,0,0,0,0,0,0,0,0,0,0,3,0,40.0841,-75.0346, ,Philadelphia
 ,5429,2017060726,6,67,67301,2017,5,2,2026,20,3,1,0,4,1, , ,N,1,2,0,3,0,3,3,2,N, ,39 58:53.344,75 07:02.419,2031, ,2029, ,0, , , ,3, , , , , ,76251, , , ,2,1,0,0,0,0,0,1,0,0,2,1,3,0,0,0,0,0,0,0,0,0,0,0,0,0,0,0,0,0,0,0,0,0,0,3,0,39.9815,-75.1173, ,Philadelphia
 ,5430,2017060728,6,67,67301,2017,5,3,1527,15,1,1,0,4,1, , ,N,2,2,0,3,0,2,2,2,N,N,40 03:46.988,75 05:11.702,1547, ,1540,9,1,4,N, ,3,N, , , , ,76257, , , ,2,2,0,0,0,0,0,0,0,0,0,2,2,0,0,0,0,0,0,0,1,0,0,0,0,0,0,0,0,0,0,0,0,0,0,4,0,40.0631,-75.0866, ,Philadelphia
 ,5431,2017078797,6,67,67301,2017,6,5,815,8,1,1,0,1,1, , ,N,1,3,0,3,0,1,2,2,N,N,40 00:46.291,75 04:18.659,825, ,817, ,0, , , ,3, , , , , ,76271, , , ,2,0,0,1,1,0,0,0,0,0,0,0,1,1,0,0,0,0,0,0,0,0,0,1,0,0,0,0,0,0,0,0,0,0,0,8,1,40.0129,-75.0718, ,Philadelphia
 ,5432,2017107997,6,67,67301,2017,7,6,1540,15,1,1,0,8,1, , ,N,0,0,0,3,0,1,2,2,N, ,39 56:59.075,75 09:14.039,1545, ,1545, ,0, , , ,0, , , , , ,76286, , , ,1,1,0,0,0,0,0,0,0,0,0,1,1,0,0,0,0,0,0,0,0,0,0,0,0,0,0,0,0,0,0,0,1,0,0,4,0,39.9497,-75.1539, ,Philadelphia
 ,5433,2017067994,6,67,67301,2017,6,1,1055,10,1,1,0,4,1, , ,N,1,2,0,3,0,1,4,2,N,N,40 02:06.975,75 07:17.097,1104, ,1102, ,0, ,N, ,3, , , , , ,76299, , , ,2,1,0,0,0,0,1,0,0,0,0,1,1,0,0,0,0,0,0,0,0,0,0,0,0,0,0,0,0,0,0,0,0,0,0,4,0,40.0353,-75.1214, ,Philadelphia
 ,5434,2017076219,6,67,67301,2017,6,3,1730,17,1,1,0,4,1, , ,N,1,2,0,3,0,1,2,2,N, ,40 00:04.733,75 09:02.580,1750, ,1736, ,0, , , ,3, , , , , ,76319, , , ,2,1,1,0,0,0,0,0,0,1,0,0,1,0,0,0,0,0,0,0,0,0,0,1,0,0,0,0,0,1,0,0,0,0,0,2,0,40.0013,-75.1507, ,Philadelphia
 ,5435,2017086057,6,67,67301,2017,8,3,845,8,1,1,0,5,1, , ,N,2,0,0,3,0,1,2,2,N,N,39 55:37.957,75 10:32.356,900, ,855, ,0, ,N, ,0, , , , , ,76326, , , ,1,1,0,0,0,0,0,0,1,0,0,1,1,0,0,0,0,0,0,0,0,0,0,1,0,0,0,0,0,0,0,0,0,0,0,4,0,39.9272,-75.1757, ,Philadelphia
 ,5436,2017107973,6,67,67301,2017,8,2,2310,23,3,2,1,1,1, , ,N,1,2,0,3,0,1,2,2,N,N,40 02:39.457,75 03:14.753,2323, ,2313,9,1,1,N, ,3,N, , , , ,76328, , , ,2,1,0,0,1,0,0,0,0,0,0,1,1,0,1,0,0,0,0,0,0,0,0,0,0,0,0,0,0,0,0,0,0,0,0,4,0,40.0443,-75.0541, ,Philadelphia
 ,5437,2017107990,6,67,67301,2017,8,1,754,7,1,1,0,1,1, , ,N,2,2,0,3,0,2,3,2,N,N,40 00:07.772,75 12:40.104,930, ,915, ,0, ,N, ,3, , , , , ,69804, , , ,2,0,0,0,0,0,0,1,0,0,0,2,2,0,0,0,0,0,0,0,0,1,0,0,0,0,0,0,0,0,0,0,0,0,0,4,0,40.0022,-75.2111, ,Philadelphia
 ,5438,2017128668,6,67,67301,2017,11,4,800,8,1,1,0,1,1, , ,N,0,0,0,3,0,0,2,2,N,N,39 58:47.872,75 06:22.637,821, ,821,2,2,1, , ,0,Y, , , , ,69831, , , ,2,1,0,0,0,0,1,0,0,0,0,0,0,0,0,0,0,0,0,0,0,0,0,0,0,0,0,0,0,0,0,0,0,0,0,0,0,39.98,-75.1063, ,Philadelphia
 ,5439,2017083781,6,67,67301,2017,8,4,1953,19,4,1,0,1,1, , ,N,0,0,0,3,0,1,3,2,N,N,39 58:42.798,75 09:28.639,1955, ,1954,2,1,2,N, ,0,N, , , , ,69849, , , ,2,2,0,0,0,0,0,0,0,0,0,0,1,1,0,0,0,0,0,0,1,0,0,0,0,0,0,0,0,0,0,0,0,0,0,8,0,39.9786,-75.158, ,Philadelphia
 ,5440,2017086686,6,67,67301,2017,3,3,745,7,1,2,1,4,1, , ,N,1,3,0,3,0,2,3,3,N,N,39 58:57.521,75 09:51.872,850, ,845, ,0, ,N, ,3, , , , , ,69851, , , ,3,1,0,0,0,0,1,1,0,0,0,2,2,0,0,0,0,0,1,0,0,0,0,0,0,0,0,0,0,0,0,0,0,0,0,4,0,39.9826,-75.1644, ,Philadelphia
 ,5441,2017120525,6,67,67301,2017,10,2,724,7,1,1,0,4,1, , ,N,1,2,0,3,0,3,4,2,N, ,39 59:11.054,75 10:10.603,738, ,725, ,0, , , ,3, , , , , ,69862, , , ,2,1,0,0,0,0,1,0,0,0,0,0,3,3,0,0,0,0,0,0,0,0,0,0,0,0,0,0,0,0,0,0,0,0,0,8,0,39.9864,-75.1696, ,Philadelphia
 ,5442,2017086355,6,67,67301,2017,7,6,927,9,1,1,0,8,1, , ,N,0,0,0,3,0,1,2,2,N,N,39 58:51.643,75 11:14.006,9999, ,9999, ,0, , , ,0, , , , , ,69870, , , ,1,1,0,0,0,0,0,0,0,0,0,0,1,1,0,0,0,0,0,0,0,0,0,1,0,0,0,0,0,0,0,0,1,0,0,8,0,39.981,-75.1872, ,Philadelphia
 ,5443,2017120639,6,67,67301,2017,10,5,1230,12,1,1,0,7,4, , ,N,0,0,0,3,0,1,3,2,N,N,40 04:33.732,74 58:45.232,1455, ,1445, ,0, ,N, ,0, , , , , ,69874, , , ,2,1,0,0,0,0,1,0,0,0,1,0,1,0,0,0,0,0,0,0,0,1,1,0,0,0,0,0,0,0,0,0,0,0,0,3,0,40.076,-74.9792, ,Philadelphia
 ,5444,2017104849,6,67,67301,2017,10,3,2143,21,3,1,0,7,2, , ,N,0,0,0,3,0,1,1,1,N,N,39 55:56.350,75 11:59.946,2231, ,2221,1,1,4, , ,0,N, , , , ,69880, , , ,1,1,0,0,0,0,0,0,0,0,1,0,1,0,0,0,0,0,0,0,0,0,0,0,0,0,0,0,0,0,0,0,0,0,0,3,0,39.9323,-75.2, ,Philadelphia
Y,5445,2017101491,6,67,67301,2017,8,2,2326,23,3,1,0,1,1,2,4,Y,0,0,0,3,0,0,2,2,N,N,39 53:03.009,75 14:39.894,2326,55,2326,1,1,2, , ,0,N,Y,N,N,Y,69882,N,N,N,2,1,0,0,0,0,1,0,0,0,0,0,0,0,0,0,0,0,0,1,0,0,0,0,0,0,0,0,0,0,0,0,0,0,0,0,0,39.8842,-75.2444, ,Philadelphia
 ,5446,2017060592,6,67,67301,2017,5,5,115,1,3,1,0,4,1, , ,N,1,2,7,3,0,1,2,2,N,N,39 57:52.333,75 08:03.809,119, ,119,2,1,2, , ,3,N, , , , ,69888, , , ,2,1,0,0,0,0,1,0,0,0,0,1,1,0,0,0,0,0,0,0,1,0,0,0,0,0,0,0,0,0,0,0,0,0,0,4,0,39.9644,-75.1343, ,Philadelphia
 ,5447,2017129247,6,67,67301,2017,11,3,2031,20,3,1,0,1,1, , ,N,1,0,0,3,0,2,7,2,N,N,39 57:30.402,75 09:44.338,2035, ,2035, ,0, , , ,0, , , , , ,69925, , , ,2,2,0,0,0,0,0,0,0,0,2,0,2,0,0,0,0,1,0,0,0,0,0,0,0,0,0,0,0,0,0,0,0,0,0,3,0,39.9584,-75.1622, ,Philadelphia
 ,5448,2017122792,6,67,67301,2017,11,4,1716,17,1,1,0,8,1, , ,N,1,2,0,3,0,1,2,2,N,N,39 55:35.914,75 14:08.141,1732, ,1731, ,0, ,N, ,3, , , , , ,69933, , , ,1,0,0,0,0,0,1,0,0,0,0,1,1,0,0,0,0,0,0,0,0,0,0,1,0,0,0,0,0,0,0,0,1,0,0,4,0,39.9266,-75.2356, ,Philadelphia
 ,5449,2017091779,6,67,67301,2017,8,7,410,4,3,1,0,0,1, , ,N,1,2,0,3,0,2,2,1,N, ,39 58:12.552,75 08:42.076,510, ,501, ,0, , , ,3, , , , , ,69950, , , ,1,1,0,0,0,0,0,0,0,0,0,2,2,0,0,0,0,0,0,0,0,0,0,0,0,0,0,0,0,0,0,0,0,0,0,4,0,39.9702,-75.1451, ,Philadelphia
 ,5450,2017116182,6,67,67301,2017,10,7,1208,12,1,1,0,5,1, , ,N,0,0,0,3,0,1,2,2,N,N,40 04:50.827,75 12:29.152,1220, ,1208, ,0, ,N, ,0, , , , , ,69954, , , ,2,1,0,0,0,0,1,0,0,0,0,1,1,0,0,0,0,0,0,0,0,0,0,0,0,0,0,0,0,0,0,0,0,0,0,4,0,40.0808,-75.2081, ,Philadelphia
 ,5451,2017101853,6,67,67301,2017,9,5,1140,11,1,1,0,5,1, , ,N,0,0,0,3,0,1,3,2,N,N,39 56:11.399,75 11:44.293,1142, ,1141, ,0, ,N, ,0, , , , , ,69966, , , ,2,0,0,0,0,1,0,1,0,0,0,1,1,0,0,0,0,0,0,1,0,0,0,0,0,0,0,0,0,0,0,0,0,0,0,4,1,39.9365,-75.1956, ,Philadelphia
 ,5452,2017133936,6,67,67301,2017,11,3,1845,18,3,1,0,8,1, , ,N,1,2,0,3,0,2,3,3,N,N,39 58:07.813,75 14:43.547,1910, ,1851, ,0, ,N, ,3, , , , , ,69971, , , ,1,0,0,0,0,0,1,0,0,0,0,2,2,0,1,0,0,0,0,0,0,0,0,0,0,0,0,0,0,0,0,0,2,0,0,4,0,39.9688,-75.2454, ,Philadelphia
 ,5453,2017120700,6,67,67301,2017,10,3,2311,23,3,5,0,7,4, , ,N,0,0,0,3,0,1,1,1,N,N,40 05:05.684,74 59:18.621,2313, ,2312,3,2,1, , ,0,Y, , , , ,70018, , , ,1,1,0,0,0,0,0,0,0,0,0,0,1,1,0,0,0,0,0,0,1,0,0,0,0,0,0,0,0,0,0,0,0,0,0,8,0,40.0849,-74.9885, ,Philadelphia
 ,5454,2017060446,6,67,67301,2017,5,3,2217,22,3,1,0,4,1, , ,N,2,2,0,3,1,0,2,2,N,N,40 02:41.992,75 05:39.112,2220, ,2218,3,2,7,N,0,3,Y, , , , ,70031, , , ,2,0,1,0,0,0,1,0,0,0,0,0,0,0,0,1,0,0,0,0,0,0,0,0,0,0,0,0,1,0,0,0,0,0,0,1,0,40.045,-75.0942,2,Philadelphia
U,5455,2017120614,6,67,67301,2017,10,6,1327,13,1,1,0,4,1,8,8,Y,0,0,7,3,0,1,2,2,N,N,39 59:43.988,75 10:01.000,1335,99,1330, ,0, , , ,0, ,U,U,U,U,72770,U,U,U,2,1,0,0,0,0,1,0,0,0,0,1,1,0,0,0,0,0,0,0,1,0,0,1,0,0,0,0,0,0,0,0,0,0,0,4,0,39.9955,-75.1669, ,Philadelphia
 ,5456,2017093612,6,67,67301,2017,8,2,705,7,1,8,0,8,1, , ,N,0,0,0,3,0,1,3,2,N, ,40 00:24.784,75 04:55.625,728, ,726, ,0, , , ,0, , , , , ,72776, , , ,1,1,0,0,0,0,0,0,0,0,1,0,1,0,0,0,0,0,0,0,0,0,0,1,0,0,0,0,0,0,0,0,1,0,0,3,0,40.0069,-75.0821, ,Philadelphia