wz_ln_closure,objectid_1,crn,district,county,municipality,crash_year,crash_month,day_of_week,time_of_day,hour_of_day,illumination,weather,road_condition,collision_type,relation_to_road,work_zone_type,work_zone_loc,work_zone_ind,intersect_type,tcd_type,location_type,urban_rural,fatal_count,injury_count,person_count,total_units,sch_bus_ind,sch_zone_ind,latitude,longitude,arrival_tm,cons_zone_spd_lim,dispatch_tm,est_hrs_closed,lane_closed,ln_close_dir,ntfy_hiwy_maint,spec_juris_cd,tcd_func_cd,tfc_detour_ind,workers_pres,wz_close_detour,wz_flagger,wz_law_offcr_ind,objectid,wz_moving,wz_other,wz_shlder_mdn,vehicle_count,automobile_count,motorcycle_count,bus_count,small_truck_count,heavy_truck_count,suv_count,van_count,bicycle_count,maj_inj_count,mod_inj_count,min_inj_count,tot_inj_count,unk_inj_deg_count,unk_inj_per_count,driver_count_16yr,driver_count_17yr,driver_count_18yr,driver_count_19yr,driver_count_20yr,driver_count_50_64yr,driver_count_65_74yr,driver_count_75plus,unbelted_occ_count,unb_death_count,unb_maj_inj_count,belted_death_count,belted_maj_inj_count,mcycle_death_count,mcycle_maj_inj_count,bicycle_death_count,bicycle_maj_inj_count,ped_count,ped_death_count,ped_maj_inj_count,max_severity_level,comm_veh_count,dec_lat,dec_long,rdwy_surf_type_cd,county_name
 ,5457,2017058378,6,67,67301,2017,5,3,1400,14,1,1,0,4,1, , ,N,5,2,0,3,0,1,2,2,N,N,40 04:17.125,75 09:40.567,1426, ,1420, ,0, , , ,3, , , , , ,72783, , , ,2,0,0,0,1,0,1,0,0,0,0,1,1,0,0,0,0,0,0,0,0,1,0,0,0,0,0,0,0,0,0,0,0,0,0,4,0,40.0714,-75.1613, ,Philadelphia
 ,5458,2017078754,6,67,67301,2017,6,5,9999,99,1,1,0,4,1, , ,N,1,2,0,3,0,4,8,2,N, ,40 01:04.608,75 08:57.650,1620, ,1615,1,1,1, , ,3,N, , , , ,72793, , , ,2,1,0,0,0,0,0,1,0,0,0,4,4,0,0,0,0,0,0,0,1,0,0,0,0,0,0,0,0,0,0,0,0,0,0,4,0,40.0179,-75.1493, ,Philadelphia
 ,5459,2017086035,6,67,67301,2017,7,1,1535,15,1,1,0,4,1, , ,N,1,2,0,3,0,0,5,2,N,N,40 02:50.173,75 10:03.884,1605, ,1601, ,0, ,N, ,3, , , , , ,72803, , , ,2,2,0,0,0,0,0,0,0,0,0,0,0,0,2,0,0,0,0,0,0,0,0,0,0,0,0,0,0,0,0,0,0,0,0,9,0,40.0473,-75.1677, ,Philadelphia
 ,5460,2017088810,6,67,67301,2017,8,6,1437,14,1,1,0,1,1, , ,N,0,0,0,3,0,2,3,3,N, ,40 05:34.507,75 01:53.609,1442, ,1438, ,0, , , ,0, , , , , ,72808, , , ,3,0,0,0,0,0,2,1,0,0,2,0,2,0,0,0,0,0,0,0,1,0,0,3,0,0,0,0,0,0,0,0,0,0,0,3,0,40.0929,-75.0316, ,Philadelphia
 ,5461,2017120661,6,67,67301,2017,10,6,1400,14,1,1,0,4,1, , ,N,1,3,0,3,0,2,4,2,N,N,39 58:06.801,75 12:07.678,1405, ,1400,2,2,1,N, ,3,N, , , , ,72811, , , ,2,1,0,0,0,0,1,0,0,0,0,2,2,0,0,0,0,0,0,0,0,1,0,0,0,0,0,0,0,0,0,0,0,0,0,4,0,39.9686,-75.2021, ,Philadelphia
 ,5462,2017111566,6,67,67301,2017,10,7,737,7,1,2,1,6,1, , ,N,0,0,0,3,0,1,3,3,N,N,40 03:35.100,75 12:03.900,758, ,753, ,0, , , ,0, , , , , ,72812, , , ,3,2,0,0,0,0,1,0,0,0,0,1,1,0,0,0,0,0,0,0,1,0,0,0,0,0,0,0,0,0,0,0,0,0,0,4,0,40.0598,-75.2011, ,Philadelphia
 ,5463,2017055566,6,67,67301,2017,4,6,2228,22,3,1,0,4,1, , ,N,2,0,0,3,0,1,2,2,N,N,39 56:29.119,75 13:30.097,2235, ,2235, ,0, , , ,0, , , , , ,72839, , , ,2,1,0,0,0,0,0,0,0,0,0,1,1,0,0,0,1,0,0,0,0,0,0,0,0,0,0,0,0,0,0,0,0,0,0,4,0,39.9414,-75.225, ,Philadelphia
 ,5464,2017088941,6,67,67301,2017,7,7,1637,16,1,1,0,8,1, , ,N,0,0,0,3,0,1,2,2,N, ,40 07:25.809,75 01:41.498,1655, ,1638, ,0, , , ,0, , , , , ,72850, , , ,1,1,0,0,0,0,0,0,0,0,0,0,1,1,0,0,0,0,0,0,1,0,0,0,0,0,0,0,0,0,0,0,1,0,0,8,0,40.1238,-75.0282, ,Philadelphia
 ,5465,2017091826,6,67,67301,2017,8,2,657,6,1,1,0,5,6, , ,N,0,0,0,3,0,0,1,2,N,N,40 03:39.671,75 08:13.972,810, ,755, ,0, , , ,0, , , , , ,72855, , , ,2,2,0,0,0,0,0,0,0,0,0,0,0,0,0,0,0,0,0,0,1,0,0,1,0,0,0,0,0,0,0,0,0,0,0,0,0,40.061,-75.1372, ,Philadelphia
 ,5466,2017106016,6,67,67301,2017,9,7,1230,12,1,1,0,0,1, , ,N,0,0,0,3,0,1,1,1,N, ,39 54:03.975,75 14:56.741,1235, ,1231, ,0, , , ,0, , , , , ,72863, , , ,1,0,0,0,0,0,1,0,0,0,0,0,1,1,0,0,0,0,0,0,1,0,0,1,0,0,0,0,0,0,0,0,0,0,0,8,0,39.9011,-75.2491, ,Philadelphia
 ,5467,2017058302,6,67,67301,2017,5,6,1740,17,1,2,1,4,1, , ,N,1,3,0,3,0,0,2,3,N, ,39 56:24.529,75 10:16.431,1758, ,1758, ,0, , , ,3, , , , , ,72882, , , ,3,2,0,0,0,0,0,1,0,0,0,0,0,0,0,0,0,0,0,0,1,0,0,0,0,0,0,0,0,0,0,0,0,0,0,0,0,39.9401,-75.1712, ,Philadelphia
 ,5468,2017058270,6,67,67301,2017,5,4,2125,21,1,1,0,4,1, , ,N,1,3,0,3,0,1,5,2,N, ,40 02:46.031,75 12:21.152,2220, ,2200, ,0, , , ,3, , , , , ,72884, , , ,2,1,0,0,0,0,1,0,0,0,0,1,1,0,2,0,0,1,0,0,0,0,0,0,0,0,0,0,0,0,0,0,0,0,0,4,0,40.0462,-75.2059, ,Philadelphia
 ,5469,2017076286,6,67,67301,2017,6,2,135,1,3,1,0,4,1, , ,N,2,3,0,3,0,2,3,2,N, ,40 03:11.516,75 11:09.928,140, ,135, ,0, ,N, ,3, , , , , ,72889, , , ,2,2,0,0,0,0,0,0,0,0,2,0,2,0,0,0,0,0,0,0,0,0,0,0,0,0,0,0,0,0,0,0,0,0,0,3,0,40.0532,-75.1861, ,Philadelphia
 ,5470,2017117246,6,67,67301,2017,10,4,455,4,3,1,0,4,1, , ,N,1,2,1,3,0,1,3,2,N, ,40 00:20.095,75 05:48.804,9999, ,456, ,0, , , ,3, , , , , ,72908, , , ,2,2,0,0,0,0,0,0,0,0,0,1,1,0,0,0,0,0,0,0,1,0,0,0,0,0,0,0,0,0,0,0,0,0,0,4,0,40.0056,-75.0969, ,Philadelphia
 ,5471,2017067706,6,67,67301,2017,5,1,1954,19,3,2,1,6,1, , ,N,0,0,0,3,0,1,2,2,N,N,40 00:48.733,75 12:01.299,2025, ,2011, ,0, ,N, ,0, , , , , ,72929, , , ,2,2,0,0,0,0,0,0,0,0,0,1,1,0,0,0,0,0,0,0,0,0,0,1,0,0,0,0,0,0,0,0,0,0,0,4,0,40.0135,-75.2004, ,Philadelphia
 ,5472,2017067853,6,67,67301,2017,6,5,1700,17,1,1,0,4,1, , ,N,1,2,0,3,0,1,3,2,N,N,39 59:34.678,75 13:03.326,1720, ,1709, ,0, ,N, ,3, , , , , ,72934, , , ,2,1,0,0,0,0,1,0,0,0,0,1,1,0,0,0,0,0,0,1,1,0,0,0,0,0,0,0,0,0,0,0,0,0,0,4,0,39.993,-75.2176, ,Philadelphia
 ,5473,2017086804,6,67,67301,2017,4,1,1600,16,4,1,0,4,1, , ,N,0,0,0,3,0,2,3,2,N,N,40 01:21.845,75 04:39.240,1600, ,1600,1,2,5,N, ,0,Y, , , , ,79068, , , ,2,1,1,0,0,0,0,0,0,0,0,0,2,2,1,0,0,0,0,0,1,0,0,0,0,0,0,0,0,0,0,0,0,0,0,8,0,40.0227,-75.0776, ,Philadelphia
 ,5474,2017070393,6,67,67301,2017,6,4,730,7,1,1,0,4,1, , ,N,0,0,7,3,0,0,4,4,N, ,40 07:41.300,75 01:23.200,736, ,731, ,0, , , ,0, , , , , ,79073, , , ,4,4,0,0,0,0,0,0,0,0,0,0,0,0,0,0,0,0,0,0,0,0,0,0,0,0,0,0,0,0,0,0,0,0,0,0,0,40.1281,-75.0231, ,Philadelphia
 ,5475,2017091727,6,67,67301,2017,8,4,615,6,1,1,0,4,1, , ,N,0,0,0,3,0,1,2,2,N,N,39 56:50.635,75 12:22.867,645, ,615, ,0, ,N, ,0, , , , , ,79079, , , ,2,1,0,0,0,0,0,0,0,0,0,0,1,1,0,0,0,0,0,0,2,0,0,1,0,0,0,0,0,0,0,0,0,0,0,8,0,39.9474,-75.2064, ,Philadelphia
 ,5476,2017088769,6,67,67301,2017,8,5,2343,23,3,1,0,1,1, , ,N,0,0,0,3,0,0,3,2,N, ,40 01:23.933,75 08:17.729,2350, ,2343, ,0, , , ,0, , , , , ,79082, , , ,2,1,0,0,0,0,1,0,0,0,0,0,0,0,0,0,0,0,0,0,0,0,0,0,0,0,0,0,0,0,0,0,0,0,0,0,0,40.0233,-75.1383, ,Philadelphia
 ,5477,2017120603,6,67,67301,2017,10,2,1058,10,1,1,0,4,1, , ,N,2,3,0,3,0,2,2,2,N,N,39 57:37.465,75 10:06.409,1415, ,1250, ,0, , , ,3, , , , , ,79084, , , ,2,1,0,0,0,0,0,0,0,0,0,1,2,1,0,0,0,0,0,0,1,0,0,0,0,0,0,0,0,0,0,0,0,0,0,4,1,39.9604,-75.1684, ,Philadelphia
 ,5478,2017120613,6,67,67301,2017,10,6,1700,17,1,1,0,1,1, , ,N,0,0,3,3,0,0,5,4,N,N,40 00:26.821,75 11:33.150,1708, ,1707,2,1,2,N, ,0,N, , , , ,79085, , , ,4,3,0,0,0,0,1,0,0,0,0,0,0,0,0,0,0,0,0,0,0,0,0,0,0,0,0,0,0,0,0,0,0,0,0,0,0,40.0075,-75.1925, ,Philadelphia
 ,5479,2017068060,6,67,67301,2017,6,4,1756,17,1,1,0,5,6, , ,N,0,0,0,3,0,0,1,2,N,N,39 55:19.374,75 10:12.430,1809, ,1808,1,1,1,N, ,0,N, , , , ,79102, , , ,2,1,0,0,1,0,0,0,0,0,0,0,0,0,0,0,0,0,0,0,0,0,0,0,0,0,0,0,0,0,0,0,0,0,0,0,0,39.922,-75.1701, ,Philadelphia
 ,5480,2017086287,6,67,67301,2017,7,1,1948,19,1,1,0,5,1, , ,N,0,0,0,3,0,1,5,2,N,N,40 03:16.179,75 00:16.239,1951, ,1950,1,1,4, , ,0,Y, , , , ,79108, , , ,2,2,0,0,0,0,0,0,0,0,0,1,1,0,0,0,0,0,0,0,1,0,0,2,0,0,0,0,0,0,0,0,0,0,0,4,0,40.0545,-75.0045, ,Philadelphia
 ,5481,2017093614,6,67,67301,2017,7,4,1750,17,1,1,0,4,1, , ,N,1,3,0,3,0,1,2,2,N,N,40 01:41.931,75 04:28.236,2002, ,2000, ,0, ,N, ,3, , , , , ,79109, , , ,2,1,1,0,0,0,0,0,0,0,0,0,1,1,0,0,0,0,0,0,0,0,0,1,0,0,0,0,0,0,0,0,0,0,0,8,0,40.0283,-75.0744, ,Philadelphia
 ,5482,2017086928,6,67,67301,2017,2,5,1340,13,1,9,8,4,1, , ,N,0,0,0,3,0,1,2,2,N,N,40 01:45.828,75 12:21.929,2231, ,2230, ,0, , , ,0, , , , , ,79112, , , ,2,2,0,0,0,0,0,0,0,0,1,0,1,0,1,0,0,0,0,0,1,0,0,0,0,0,0,0,0,0,0,0,0,0,0,3,0,40.0294,-75.2061, ,Philadelphia
 ,5483,2017088806,6,67,67301,2017,8,5,2132,21,3,1,0,4,1, , ,N,0,2,6,3,0,3,3,2,N, ,39 54:14.024,75 10:28.092,2145, ,2139, ,0, , , ,3, , , , , ,79120, , , ,2,1,0,0,0,0,1,0,0,0,0,3,3,0,0,0,0,0,0,0,1,0,0,0,0,0,0,0,0,0,0,0,0,0,0,4,0,39.9039,-75.1745, ,Philadelphia
 ,5484,2017133954,6,67,67301,2017,11,5,1639,16,4,1,0,5,1, , ,N,1,2,0,3,0,1,3,2,N, ,40 02:11.789,75 03:52.061,1651, ,1641,1,1,3,N, ,3,N, , , , ,79141, , , ,2,1,0,0,1,0,0,0,0,0,0,0,1,1,0,0,0,0,0,0,0,0,0,1,0,0,0,0,0,0,0,0,0,0,0,8,0,40.0366,-75.0645, ,Philadelphia
 ,5485,2017067678,6,67,67301,2017,5,2,128,1,3,2,1,1,1, , ,N,1,3,0,3,0,0,1,3,Y,N,39 56:49.776,75 14:16.112,137, ,132, ,0, ,N, ,3, , , , , ,79151, , , ,3,2,0,0,0,0,0,1,0,0,0,0,0,0,0,0,0,0,0,0,0,0,0,1,0,0,0,0,0,0,0,0,0,0,0,0,0,39.9472,-75.2378, ,Philadelphia
 ,5486,2017070405,6,67,67301,2017,6,5,1508,15,1,1,0,5,1, , ,N,0,0,0,3,1,0,2,4,N,N,40 00:27.327,75 07:24.114,1510, ,1508,3,1,2,N,0,0,Y, , , , ,79154, , , ,4,2,1,0,0,1,0,0,0,0,0,0,0,0,0,0,0,1,0,0,0,0,0,1,0,0,0,0,1,0,0,0,0,0,0,1,1,40.0076,-75.1234,2,Philadelphia
 ,5487,2017088882,6,67,67301,2017,8,6,845,8,1,1,0,8,1, , ,N,1,2,0,3,0,1,2,2,N,N,39 57:46.128,75 14:48.443,850, ,852, ,0, ,N, ,3, , , , , ,79177, , , ,1,0,0,0,0,0,1,0,0,0,0,1,1,0,0,0,0,0,0,0,0,0,0,1,0,0,0,0,0,0,0,0,1,0,0,4,0,39.9626,-75.2468, ,Philadelphia
 ,5488,2017076205,6,67,67301,2017,6,2,1405,14,1,1,0,4,1, , ,N,1,2,0,3,0,1,2,2,N,N,39 57:09.510,75 10:41.415,1523, ,1523, ,0, ,N, ,3, , , , , ,79203, , , ,2,1,0,0,0,0,1,0,0,0,0,1,1,0,0,0,1,0,0,0,0,0,0,0,0,0,0,0,0,0,0,0,0,0,0,4,0,39.9526,-75.1781, ,Philadelphia
 ,5489,2017086191,6,67,67301,2017,7,4,2322,23,3,1,0,1,1, , ,N,2,2,0,3,0,1,2,2,N,N,40 03:52.074,74 59:56.307,2328, ,2326, ,0, ,N, ,3, , , , , ,79220, , , ,2,1,0,0,1,0,0,0,0,0,0,1,1,0,0,0,0,0,0,0,0,1,0,0,0,0,0,0,0,0,0,0,0,0,0,4,0,40.0645,-74.999, ,Philadelphia
 ,5490,2017112606,6,67,67301,2017,10,7,1917,19,3,1,0,1,1, , ,N,0,0,0,3,0,1,2,2,N,N,40 01:34.489,75 05:50.014,1926, ,1921,2,1,3,N, ,0,N, , , , ,79223, , , ,2,1,0,0,1,0,0,0,0,0,0,1,1,0,0,0,0,0,0,0,0,0,0,2,0,0,0,0,0,0,0,0,0,0,0,4,0,40.0262,-75.0972, ,Philadelphia
 ,5491,2017067858,6,67,67301,2017,6,7,2032,20,4,1,0,4,1, , ,N,0,0,7,3,0,1,4,2,N, ,40 00:33.012,75 06:52.117,2032, ,2032, ,0, , , ,0, , , , , ,67004, , , ,2,1,1,0,0,0,0,0,0,0,1,0,1,0,0,0,0,0,0,0,0,0,0,3,0,0,0,0,0,0,0,0,0,0,0,3,0,40.0092,-75.1145, ,Philadelphia
 ,5492,2017073725,6,67,67301,2017,5,7,1545,15,1,1,0,5,1, , ,N,6,0,2,3,0,1,2,2,N,N,39 57:25.840,75 09:26.384,0, ,0, ,0, ,N, ,0, , , , , ,67012, , , ,2,1,0,0,0,0,1,0,0,0,0,0,1,1,0,0,0,0,0,0,0,0,0,0,0,0,0,0,0,0,0,0,0,0,0,8,0,39.9576,-75.1605, ,Philadelphia
 ,5493,2017086280,6,67,67301,2017,7,5,1710,17,1,1,0,4,1, , ,N,1,2,0,3,0,1,3,2,N,N,39 57:13.719,75 09:59.863,1715, ,1715, ,0, ,N, ,3, , , , , ,67018, , , ,2,0,0,1,0,0,1,0,0,0,0,0,1,1,0,0,0,0,0,0,1,0,0,1,0,0,0,0,0,0,0,0,0,0,0,8,1,39.9538,-75.1666, ,Philadelphia
 ,5494,2017086295,6,67,67301,2017,7,7,202,2,3,2,1,5,6, , ,N,0,0,0,3,0,0,1,3,N,N,40 01:17.273,75 13:02.294,222, ,220, ,0, ,N, ,0, , , , , ,67030, , , ,3,1,0,0,0,0,2,0,0,0,0,0,0,0,1,0,0,0,0,0,0,0,0,0,0,0,0,0,0,0,0,0,0,0,0,9,0,40.0215,-75.2173, ,Philadelphia
 ,5495,2017086834,6,67,67301,2017,5,5,1048,10,1,1,0,1,1, , ,N,0,0,0,3,0,2,2,2,N, ,40 01:11.098,75 08:57.074,1048, ,1048, ,0, , , ,0, , , , , ,67036, , , ,2,1,0,0,1,0,0,0,0,0,1,1,2,0,0,0,0,0,0,0,1,0,0,0,0,0,0,0,0,0,0,0,0,0,0,3,0,40.0197,-75.1491, ,Philadelphia
 ,5496,2017091720,6,67,67301,2017,8,4,1803,18,4,1,0,1,1, , ,N,0,0,0,3,0,1,2,2,N,N,39 57:43.883,75 09:41.433,1812, ,1808, ,0, ,N, ,0, , , , , ,67070, , , ,2,0,0,0,0,0,2,0,0,0,0,0,1,1,0,0,0,0,0,0,0,0,0,0,0,0,0,0,0,0,0,0,0,0,0,8,0,39.9622,-75.1615, ,Philadelphia
 ,5497,2017088819,6,67,67301,2017,8,5,1235,12,1,1,0,8,1, , ,N,2,2,0,3,0,1,2,2,N,N,39 57:10.636,75 09:44.740,1245, ,1245, ,0, , , ,3, , , , , ,67074, , , ,1,1,0,0,0,0,0,0,0,0,0,1,1,0,0,0,0,0,0,0,0,0,0,1,0,0,0,0,0,0,0,0,1,0,0,4,0,39.9529,-75.1624, ,Philadelphia
 ,5498,2017055485,6,67,67301,2017,4,6,135,1,3,8,0,6,6, , ,N,0,0,0,3,0,1,1,2,N,N,40 00:34.292,75 11:44.030,155, ,140, ,0, ,N, ,0, , , , , ,67095, , , ,2,0,0,0,0,0,2,0,0,0,0,1,1,0,0,0,0,0,0,0,0,0,0,1,0,0,0,0,0,0,0,0,0,0,0,4,0,40.0095,-75.1956, ,Philadelphia
 ,5499,2017069399,6,67,67301,2017,6,2,223,2,3,1,0,7,5, , ,N,0,0,0,3,0,0,1,1,N,N,39 59:33.179,75 14:42.123,223, ,223, ,0, , , ,0, , , , , ,67097, , , ,1,1,0,0,0,0,0,0,0,0,0,0,0,0,0,0,0,0,0,0,0,0,0,0,0,0,0,0,0,0,0,0,0,0,0,0,0,39.9925,-75.245, ,Philadelphia
 ,5500,2017070425,6,67,67301,2017,6,7,518,5,1,1,0,1,1, , ,N,0,0,0,3,0,2,2,2,N, ,40 00:39.862,75 04:39.659,525, ,520, ,0, , , ,0, , , , , ,67111, , , ,2,1,0,0,0,0,1,0,0,0,0,2,2,0,0,0,0,0,0,0,1,0,0,0,0,0,0,0,0,0,0,0,0,0,0,4,0,40.0111,-75.0777, ,Philadelphia
 ,5501,2017086345,6,67,67301,2017,7,3,730,7,1,1,0,4,1, , ,N,1,2,0,3,0,0,2,2,N,N,39 58:53.796,75 08:40.041,9999, ,9999, ,0, ,N, ,3, , , , , ,67127, , , ,2,1,0,0,1,0,0,0,0,0,0,0,0,0,0,0,0,0,0,0,1,0,0,0,0,0,0,0,0,0,0,0,0,0,0,0,0,39.9816,-75.1445, ,Philadelphia
 ,5502,2017115954,6,67,67301,2017,10,1,1230,12,1,1,0,1,1, , ,N,3,0,0,3,0,0,2,2,N, ,40 00:01.134,75 08:40.268,9999, ,1500, ,0, , , ,0, , , , , ,67128, , , ,2,1,0,0,0,0,0,0,0,0,0,0,0,0,0,0,0,0,0,0,0,0,0,0,0,0,0,0,0,0,0,0,0,0,0,0,0,40.0003,-75.1445, ,Philadelphia
 ,5503,2017067810,6,67,67301,2017,5,4,0,0,3,2,1,7,4, , ,N,0,0,0,3,0,0,3,1,N,N,40 03:05.479,75 02:09.384,20, ,5, ,0, ,N, ,0, , , , , ,67153, , , ,1,1,0,0,0,0,0,0,0,0,0,0,0,0,0,0,0,0,0,0,0,0,0,0,0,0,0,0,0,0,0,0,0,0,0,0,0,40.0515,-75.0359, ,Philadelphia
 ,5504,2017088949,6,67,67301,2017,8,3,1920,19,1,1,0,4,1, , ,N,1,2,0,3,0,1,2,2,N,N,39 57:03.496,75 10:38.346,2115, ,1923, ,0, ,N, ,3, , , , , ,67160, , , ,1,1,0,0,0,0,0,0,1,0,1,0,1,0,1,0,0,0,0,0,0,0,0,0,0,0,0,0,0,0,0,0,0,0,0,3,0,39.951,-75.1773, ,Philadelphia
 ,5505,2017086036,6,67,67301,2017,7,6,2040,20,3,1,0,5,6, , ,N,0,0,0,3,0,1,2,2,N, ,40 01:55.992,75 09:31.096,2055, ,2050, ,0, , , ,0, , , , , ,67161, , , ,2,2,0,0,0,0,0,0,0,0,0,1,1,0,0,0,0,0,0,0,0,0,0,1,0,0,0,0,0,0,0,0,0,0,0,4,0,40.0322,-75.1586, ,Philadelphia
 ,5506,2017108008,6,67,67301,2017,9,4,1550,15,1,2,1,4,1, , ,N,5,2,0,3,0,1,2,2,N,N,40 03:19.717,75 05:33.125,1555, ,1553, ,0, ,N, ,3, , , , , ,67165, , , ,2,2,0,0,0,0,0,0,0,0,0,1,1,0,0,0,0,0,0,0,1,0,0,0,0,0,0,0,0,0,0,0,0,0,0,4,0,40.0555,-75.0925, ,Philadelphia
 ,5507,2017086184,6,67,67301,2017,7,1,2040,20,3,2,1,8,1, , ,N,1,2,0,3,0,1,3,2,N,N,40 04:08.017,75 10:54.337,2056, ,2046, ,0, , , ,3, , , , , ,67176, , , ,1,0,0,0,0,0,1,0,0,0,0,0,1,1,0,0,0,0,0,0,1,0,0,0,0,0,0,0,0,0,0,0,1,0,0,8,0,40.0689,-75.1818, ,Philadelphia
 ,5508,2017120640,6,67,67301,2017,10,5,922,9,1,1,0,4,1, , ,N,1,3,0,3,0,2,4,2,N, ,40 04:41.934,74 59:51.745,930, ,924,2,1,3, , ,3,Y, , , , ,67179, , , ,2,0,0,0,0,0,1,1,0,0,0,2,2,0,0,0,0,0,0,0,1,0,0,0,0,0,0,0,0,0,0,0,0,0,0,4,0,40.0783,-74.9977, ,Philadelphia
 ,5509,2017104010,6,67,67301,2017,9,2,1006,10,1,1,0,1,1, , ,N,0,0,0,3,0,3,3,2,N,N,39 54:53.480,75 08:52.991,1018, ,1007,3,1,2, , ,0,N, , , , ,60774, , , ,2,2,0,0,0,0,0,0,0,1,0,0,3,2,0,0,0,0,0,0,0,0,0,0,0,0,0,0,0,0,0,0,0,0,0,2,0,39.9149,-75.1481, ,Philadelphia
 ,5510,2017070456,6,67,67301,2017,6,3,1052,10,1,1,0,4,1, , ,N,1,2,0,3,0,1,2,2,N,N,39 58:09.618,75 11:04.615,1056, ,1053, ,0, ,N, ,3, , , , , ,60790, , , ,2,1,0,0,1,0,0,0,0,0,0,1,1,0,0,0,0,0,0,0,0,0,0,0,0,0,0,0,0,0,0,0,0,0,0,4,0,39.9693,-75.1846, ,Philadelphia
 ,5511,2017116031,6,67,67301,2017,10,1,920,9,1,2,1,4,1, , ,N,1,2,0,3,0,1,3,2,N, ,39 55:21.979,75 14:08.429,935, ,928,2,1,2, , ,3,N, , , , ,60816, , , ,2,0,0,0,0,0,2,0,0,0,0,1,1,0,0,0,0,0,0,0,0,0,0,2,0,0,0,0,0,0,0,0,0,0,0,4,0,39.9228,-75.2357, ,Philadelphia
 ,5512,2017109966,6,67,67301,2017,9,7,1515,15,1,1,0,8,1, , ,N,0,0,0,3,0,1,2,2,N,N,39 55:07.348,75 14:04.847,1522, ,1517, ,0, ,N, ,0, , , , , ,60817, , , ,1,1,0,0,0,0,0,0,0,0,0,0,1,1,1,0,0,0,0,0,0,0,0,0,0,0,0,0,0,0,0,0,1,0,0,8,0,39.9187,-75.2347, ,Philadelphia
 ,5513,2017067787,6,67,67301,2017,5,6,1237,12,1,1,0,4,1, , ,N,1,2,0,3,0,0,2,2,N, ,39 57:37.796,75 13:43.015,1247, ,1245, ,0, , , ,3, , , , , ,60828, , , ,2,1,0,0,0,0,1,0,0,0,0,0,0,0,0,0,0,0,0,0,1,0,0,0,0,0,0,0,0,0,0,0,0,0,0,0,0,39.9605,-75.2286, ,Philadelphia
 ,5514,2017081081,6,67,67301,2017,6,7,715,7,1,2,7,7,4, , ,N,0,0,0,3,0,0,1,1,N,N,39 56:01.844,75 08:42.970,715, ,715,1,2,2, , ,0,Y, , , , ,60849, , , ,1,0,0,0,0,0,1,0,0,0,0,0,0,0,0,0,0,0,0,0,0,0,0,0,0,0,0,0,0,0,0,0,0,0,0,0,0,39.9338,-75.1453, ,Philadelphia
 ,5515,2017078829,6,67,67301,2017,7,7,1305,13,1,1,0,4,1, , ,N,1,2,0,3,0,1,2,3,N,N,40 01:18.044,75 06:45.559,1620, ,1611, ,0, ,N, ,3, , , , , ,60850, , , ,3,0,0,0,0,0,1,1,0,0,0,1,1,0,0,0,0,0,0,0,0,1,0,1,0,0,0,0,0,0,0,0,0,0,0,4,0,40.0217,-75.1127, ,Philadelphia
 ,5516,2017107999,6,67,67301,2017,8,4,1645,16,1,1,0,8,1, , ,N,1,2,0,3,0,1,2,2,N,N,40 04:15.122,75 14:28.540,1700, ,1657, ,0, ,N, ,3, , , , , ,60859, , , ,1,0,0,0,0,0,1,0,0,0,1,0,1,0,0,0,0,0,0,0,0,1,0,0,0,0,0,0,0,0,0,0,1,0,0,3,0,40.0709,-75.2413, ,Philadelphia
 ,5517,2017107987,6,67,67301,2017,8,6,2130,21,3,1,0,4,1, , ,N,1,3,0,3,0,2,2,2,N, ,39 58:47.053,75 14:21.299,2144, ,2132, ,0, , , ,3, , , , , ,60860, , , ,2,2,0,0,0,0,0,0,0,0,0,2,2,0,0,0,0,0,0,0,0,0,0,0,0,0,0,0,0,0,0,0,0,0,0,4,0,39.9797,-75.2392, ,Philadelphia
 ,5518,2017097824,6,67,67301,2017,9,6,933,9,1,1,0,4,1, , ,N,1,2,0,3,0,1,2,3,N,N,39 58:02.768,75 10:46.516,940, ,933,2,1,7,N, ,3,Y, , , , ,60861, , , ,3,1,0,0,0,0,2,0,0,0,0,0,1,1,0,0,0,1,0,0,0,0,0,0,0,0,0,0,0,0,0,0,0,0,0,8,0,39.9675,-75.1799, ,Philadelphia
 ,5519,2017058328,6,67,67301,2017,5,1,1440,14,1,1,0,8,1, , ,N,1,2,0,3,0,2,2,2,N, ,40 01:05.271,75 08:04.192,1455, ,1443, ,0, , , ,3, , , , , ,60884, , , ,1,0,1,0,0,0,0,0,0,1,1,0,2,0,0,0,1,0,0,0,0,0,0,0,0,0,0,0,0,0,0,0,1,0,1,2,0,40.0181,-75.1345, ,Philadelphia
 ,5520,2017076285,6,67,67301,2017,6,4,922,9,1,1,0,4,1, , ,N,1,2,0,3,0,2,2,2,N,N,39 59:02.374,75 09:04.546,925, ,923,2,1,1, , ,3,Y, , , , ,60907, , , ,2,2,0,0,0,0,0,0,0,0,0,1,2,1,0,0,0,0,0,0,0,0,0,0,0,0,0,0,0,0,0,0,0,0,0,4,0,39.984,-75.1513, ,Philadelphia