wz_ln_closure,objectid_1,crn,district,county,municipality,crash_year,crash_month,day_of_week,time_of_day,hour_of_day,illumination,weather,road_condition,collision_type,relation_to_road,work_zone_type,work_zone_loc,work_zone_ind,intersect_type,tcd_type,location_type,urban_rural,fatal_count,injury_count,person_count,total_units,sch_bus_ind,sch_zone_ind,latitude,longitude,arrival_tm,cons_zone_spd_lim,dispatch_tm,est_hrs_closed,lane_closed,ln_close_dir,ntfy_hiwy_maint,spec_juris_cd,tcd_func_cd,tfc_detour_ind,workers_pres,wz_close_detour,wz_flagger,wz_law_offcr_ind,objectid,wz_moving,wz_other,wz_shlder_mdn,vehicle_count,automobile_count,motorcycle_count,bus_count,small_truck_count,heavy_truck_count,suv_count,van_count,bicycle_count,maj_inj_count,mod_inj_count,min_inj_count,tot_inj_count,unk_inj_deg_count,unk_inj_per_count,driver_count_16yr,driver_count_17yr,driver_count_18yr,driver_count_19yr,driver_count_20yr,driver_count_50_64yr,driver_count_65_74yr,driver_count_75plus,unbelted_occ_count,unb_death_count,unb_maj_inj_count,belted_death_count,belted_maj_inj_count,mcycle_death_count,mcycle_maj_inj_count,bicycle_death_count,bicycle_maj_inj_count,ped_count,ped_death_count,ped_maj_inj_count,max_severity_level,comm_veh_count,dec_lat,dec_long,rdwy_surf_type_cd,county_name
 ,5521,2017116141,6,67,67301,2017,10,2,2200,22,3,1,0,4,1, , ,N,2,3,0,3,0,1,2,2,N,N,40 00:02.923,75 10:16.942,1230, ,1225, ,0, ,N, ,3, , , , , ,60953, , , ,1,1,0,0,0,0,0,0,1,0,0,0,1,1,1,0,0,0,0,0,0,0,0,0,0,0,0,0,0,0,0,0,0,0,0,8,0,40.0008,-75.1714, ,Philadelphia
 ,5522,2017116170,6,67,67301,2017,10,3,758,7,1,1,0,6,1, , ,N,0,0,0,3,0,5,7,2,N, ,39 57:45.022,75 13:56.070,801, ,758, ,0, , , ,0, , , , , ,60955, , , ,2,0,0,0,0,0,1,1,0,0,0,4,5,1,0,0,0,0,0,0,0,0,0,5,0,0,0,0,0,0,0,0,0,0,0,4,0,39.9625,-75.2322, ,Philadelphia
 ,5523,2017073273,6,67,67301,2017,7,4,741,7,1,1,0,1,1, , ,N,0,0,0,3,0,1,3,3,N,N,40 01:17.757,75 02:23.014,752, ,741,1,2,1, , ,0,N, , , , ,60975, , , ,3,1,0,0,2,0,0,0,0,0,1,0,1,0,0,0,0,0,0,0,0,0,0,0,0,0,0,0,0,0,0,0,0,0,0,3,0,40.0216,-75.0397, ,Philadelphia
 ,5524,2017070432,6,67,67301,2017,6,3,745,7,1,1,8,1,1, , ,N,0,0,0,3,0,0,3,2,N, ,40 04:13.418,75 11:03.733,805, ,752, ,0, , , ,0, , , , , ,60978, , , ,2,1,0,0,0,0,1,0,0,0,0,0,0,0,0,0,0,0,0,0,0,0,0,0,0,0,0,0,0,0,0,0,0,0,0,0,0,40.0704,-75.1844, ,Philadelphia
 ,5525,2017077163,6,67,67301,2017,7,6,1810,18,1,1,0,4,1, , ,N,1,2,0,3,0,1,2,2,N,N,40 00:16.847,75 09:07.652,1820, ,1814, ,0, ,N, ,2, , , , , ,60996, , , ,2,2,0,0,0,0,0,0,0,0,1,0,1,0,0,0,0,0,0,0,1,0,0,0,0,0,0,0,0,0,0,0,0,0,0,3,0,40.0047,-75.1521, ,Philadelphia
 ,5526,2017089062,6,67,67301,2017,8,7,422,4,3,2,1,1,1, , ,N,0,0,0,3,0,1,3,2,N,N,39 57:35.542,75 10:43.629,424, ,422,1,1,3, , ,0,N, , , , ,60997, , , ,2,2,0,0,0,0,0,0,0,0,0,0,1,1,0,0,0,0,0,0,0,0,0,0,0,0,0,0,0,0,0,0,0,0,0,8,0,39.9599,-75.1788, ,Philadelphia
 ,5527,2017091167,6,67,67301,2017,8,1,26,0,3,1,0,5,6, , ,N,0,0,0,3,0,0,2,2,N, ,40 03:27.022,75 09:09.964,40, ,38, ,0, , , ,0, , , , , ,63998, , , ,2,1,0,0,0,0,1,0,0,0,0,0,0,0,0,0,0,0,0,0,0,0,0,1,0,0,0,0,0,0,0,0,0,0,0,0,0,40.0575,-75.1528, ,Philadelphia
 ,5528,2017120677,6,67,67301,2017,10,6,1857,18,3,1,0,1,1, , ,N,0,0,0,3,0,0,5,2,N, ,39 58:39.786,75 13:40.219,9999, ,9999, ,0, , , ,0, , , , , ,64004, , , ,2,2,0,0,0,0,0,0,0,0,0,0,0,0,0,0,0,0,0,0,0,0,0,2,0,0,0,0,0,0,0,0,0,0,0,0,0,39.9777,-75.2278, ,Philadelphia
 ,5529,2017067716,6,67,67301,2017,5,6,915,9,1,1,0,4,1, , ,N,1,2,0,3,0,2,3,2,N,N,40 01:30.637,75 07:31.531,956, ,937, ,0, ,N, ,3, , , , , ,64022, , , ,2,1,0,0,0,0,0,1,0,0,0,2,2,0,0,0,0,0,0,0,1,0,0,0,0,0,0,0,0,0,0,0,0,0,0,4,0,40.0252,-75.1254, ,Philadelphia
 ,5530,2017088945,6,67,67301,2017,8,5,2050,20,3,1,1,7,4, , ,N,0,0,0,3,0,0,1,1,N,N,40 06:10.000,74 58:03.597,2130, ,2125, ,0, , , ,0, , , , , ,64048, , , ,1,0,0,0,0,0,1,0,0,0,0,0,0,0,0,0,0,0,0,0,1,0,0,0,0,0,0,0,0,0,0,0,0,0,0,0,0,40.1028,-74.9677, ,Philadelphia
 ,5531,2017088866,6,67,67301,2017,8,3,142,1,3,1,1,1,1, , ,N,1,2,0,3,0,2,4,2,N,N,39 59:36.361,75 05:49.315,242, ,142, ,0, , , ,3, , , , , ,64055, , , ,2,1,0,0,0,0,1,0,0,0,0,0,2,2,0,0,0,0,0,0,0,0,0,2,0,0,0,0,0,0,0,0,0,0,0,8,0,39.9934,-75.097, ,Philadelphia
 ,5532,2017055463,6,67,67301,2017,5,5,727,7,1,1,0,8,1, , ,N,5,2,0,3,0,1,2,2,N,N,40 01:10.721,75 12:38.417,735, ,731, ,0, ,N, ,3, , , , , ,64060, , , ,1,0,0,0,0,0,0,1,0,0,0,1,1,0,0,0,0,0,0,0,0,0,0,1,0,0,0,0,0,0,0,0,1,0,0,4,0,40.0196,-75.2107, ,Philadelphia
 ,5533,2017070492,6,67,67301,2017,6,7,1900,19,1,1,0,4,1, , ,N,1,2,0,3,0,2,5,2,N, ,40 01:30.894,75 07:21.405,1912, ,1904, ,0, , , ,3, , , , , ,64073, , , ,2,0,0,0,0,1,1,0,0,0,0,2,2,0,0,0,0,0,0,0,1,0,0,3,0,0,0,0,0,0,0,0,0,0,0,4,0,40.0252,-75.1226, ,Philadelphia
 ,5534,2017072915,6,67,67301,2017,3,3,1510,15,1,1,0,1,1, , ,N,0,0,0,3,0,1,2,2,N,N,39 57:24.873,75 09:10.472,0, ,0, ,0, ,N, ,0, , , , , ,64079, , , ,2,1,0,0,0,0,1,0,0,0,0,0,1,1,0,0,0,0,0,0,0,0,0,0,0,0,0,0,0,0,0,0,0,0,0,8,0,39.9569,-75.1529, ,Philadelphia
 ,5535,2017089482,6,67,67301,2017,8,3,616,6,1,1,0,7,2, , ,N,0,0,0,3,0,0,1,1,N,N,39 56:25.255,75 08:35.308,632, ,619, ,0, , , ,0, , , , , ,64093, , , ,1,1,0,0,0,0,0,0,0,0,0,0,0,0,0,0,0,1,0,0,0,0,0,0,0,0,0,0,0,0,0,0,0,0,0,0,0,39.9403,-75.1431, ,Philadelphia
 ,5536,2017093532,6,67,67301,2017,8,7,1805,18,1,1,0,5,1, , ,N,0,0,0,3,0,1,3,2,N,N,39 57:45.954,75 11:34.303,1825, ,1824, ,0, ,N, ,0, , , , , ,64103, , , ,2,1,1,0,0,0,0,0,0,0,0,0,1,1,0,0,0,0,0,0,1,0,0,0,0,0,0,0,0,0,0,0,0,0,0,8,0,39.9628,-75.1929, ,Philadelphia
 ,5537,2017070451,6,67,67301,2017,6,4,1445,14,1,1,0,5,1, , ,N,0,0,0,3,0,0,2,2,N,N,39 57:47.720,75 10:46.429,1546, ,1538, ,0, , , ,0, , , , , ,64108, , , ,2,1,0,0,0,1,0,0,0,0,0,0,0,0,0,0,0,0,0,0,1,0,0,0,0,0,0,0,0,0,0,0,0,0,0,0,1,39.9633,-75.1796, ,Philadelphia
 ,5538,2017067748,6,67,67301,2017,5,4,1559,15,1,1,0,4,1, , ,N,2,3,0,3,0,0,2,2,N,N,40 03:26.279,75 13:59.512,1605, ,1601, ,0, ,N, ,3, , , , , ,64122, , , ,2,2,0,0,0,0,0,0,0,0,0,0,0,0,0,0,0,0,0,0,0,0,0,0,0,0,0,0,0,0,0,0,0,0,0,0,0,40.0572,-75.2332, ,Philadelphia
 ,5539,2017070419,6,67,67301,2017,6,2,810,8,1,1,0,5,6, , ,N,0,0,0,3,0,0,1,2,N,N,39 59:37.082,75 13:35.677,935, ,925, ,0, ,N, ,0, , , , , ,64130, , , ,2,1,0,0,0,0,1,0,0,0,0,0,0,0,0,0,0,0,0,0,0,0,0,0,0,0,0,0,0,0,0,0,0,0,0,0,0,39.9936,-75.2266, ,Philadelphia
 ,5540,2017076295,6,67,67301,2017,6,3,930,9,1,1,0,8,1, , ,N,1,3,0,3,0,1,7,2,N,N,39 56:30.249,75 09:26.093,1015, ,930, ,0, ,N, ,3, , , , , ,64138, , , ,1,0,0,0,0,0,0,1,0,0,0,0,1,1,0,0,0,0,0,0,0,0,0,0,0,0,0,0,0,0,0,0,1,0,0,8,0,39.9417,-75.1572, ,Philadelphia
 ,5541,2017070472,6,67,67301,2017,6,4,1355,13,1,1,0,1,1, , ,N,0,0,0,3,0,2,3,2,N,N,40 03:04.017,75 10:26.406,1405, ,1400, ,0, , , ,0, , , , , ,64143, , , ,2,1,0,0,0,1,0,0,0,0,0,2,2,0,0,0,0,0,0,0,0,0,0,1,0,0,0,0,0,0,0,0,0,0,0,4,1,40.0511,-75.174, ,Philadelphia
 ,5542,2017078885,6,67,67301,2017,7,5,1410,14,1,2,1,4,1, , ,N,1,2,0,3,0,2,2,2,N,N,40 05:41.833,75 00:55.566,1525, ,1513, ,0, ,N, ,3, , , , , ,64155, , , ,2,2,0,0,0,0,0,0,0,0,0,0,2,2,0,0,0,0,0,0,2,0,0,0,0,0,0,0,0,0,0,0,0,0,0,8,0,40.095,-75.0154, ,Philadelphia
 ,5543,2017076339,6,67,67301,2017,6,3,1550,15,1,1,0,4,1, , ,N,1,2,0,3,0,2,4,2,N,N,40 02:20.942,75 06:36.006,1800, ,1800, ,0, ,N, ,3, , , , , ,64164, , , ,2,2,0,0,0,0,0,0,0,0,1,1,2,0,2,0,0,0,0,0,1,0,0,2,0,0,0,0,0,0,0,0,0,0,0,3,0,40.0392,-75.11, ,Philadelphia
 ,5544,2017088799,6,67,67301,2017,8,7,2100,21,4,1,0,8,1, , ,N,0,0,0,3,0,1,2,2,N, ,40 00:56.847,75 08:10.658,2109, ,9999, ,0, , , ,0, , , , , ,64177, , , ,1,1,0,0,0,0,0,0,0,0,1,0,1,0,0,0,0,0,0,0,1,0,0,1,0,0,0,0,0,0,0,0,1,0,0,3,0,40.0158,-75.1363, ,Philadelphia
 ,5545,2017081145,6,67,67301,2017,7,6,902,9,1,1,0,5,1, , ,N,0,8,0,3,0,2,3,2,N,N,40 02:27.788,75 00:17.044,914, ,904, ,0, , , ,3, , , , , ,54531, , , ,2,1,0,0,0,0,1,0,0,0,2,0,2,0,0,0,0,0,0,0,1,0,0,0,0,0,0,0,0,0,0,0,0,0,0,3,0,40.0411,-75.0047, ,Philadelphia
 ,5546,2017091879,6,67,67301,2017,8,1,2210,22,3,1,0,8,1, , ,N,2,2,0,3,0,1,2,2,N,N,40 01:40.752,75 03:26.701,2340, ,2338, ,0, ,N, ,3, , , , , ,54546, , , ,1,1,0,0,0,0,0,0,0,0,1,0,1,0,0,0,0,0,0,0,0,0,0,1,0,0,0,0,0,0,0,0,1,0,0,3,0,40.028,-75.0574, ,Philadelphia
 ,5547,2017086067,6,67,67301,2017,7,5,240,2,3,1,0,5,1, , ,N,0,0,0,3,0,1,2,2,N, ,40 02:41.500,75 07:20.909,246, ,244, ,0, , , ,0, , , , , ,54551, , , ,1,0,0,0,0,0,0,0,1,0,0,1,1,0,0,0,0,0,0,0,0,0,0,0,0,0,0,0,0,0,0,0,0,0,0,4,0,40.0449,-75.1225, ,Philadelphia
 ,5548,2017067808,6,67,67301,2017,5,4,1919,19,1,1,0,1,1, , ,N,0,2,0,3,0,1,6,3,N,N,39 55:21.956,75 11:03.990,1934, ,1932, ,0, ,N, ,3, , , , , ,54563, , , ,3,0,0,0,0,0,1,2,0,0,0,0,1,1,2,0,0,0,0,0,0,0,0,0,0,0,0,0,0,0,0,0,0,0,0,8,0,39.9228,-75.1844, ,Philadelphia
 ,5549,2017076330,6,67,67301,2017,6,5,1950,19,4,1,0,8,1, , ,N,0,0,0,3,0,1,2,2,N,N,39 56:56.457,75 14:00.535,2005, ,2000, ,0, , , ,0, , , , , ,54565, , , ,1,1,0,0,0,0,0,0,0,0,0,1,1,0,0,0,0,0,0,0,0,0,0,0,0,0,0,0,0,0,0,0,1,0,0,4,0,39.949,-75.2335, ,Philadelphia
 ,5550,2017086696,6,67,67301,2017,3,1,1500,15,1,1,0,5,6, , ,N,0,0,0,3,0,0,2,2,N, ,40 03:28.490,74 59:56.036,1557, ,1548,2,1,1, , ,0,Y, , , , ,54569, , , ,2,2,0,0,0,0,0,0,0,0,0,0,0,0,0,0,0,0,0,0,0,0,0,0,0,0,0,0,0,0,0,0,0,0,0,0,0,40.0579,-74.9989, ,Philadelphia
 ,5551,2017108201,6,67,67301,2017,10,3,1935,19,3,1,0,1,1, , ,N,6,0,8,3,0,1,3,2,N,N,39 56:46.176,75 11:22.427,1951, ,1942,1,1,3, , ,0,N, , , , ,54581, , , ,2,1,0,0,0,0,1,0,0,0,0,0,1,1,0,0,0,0,0,0,0,0,0,0,0,0,0,0,0,0,0,0,0,0,0,8,0,39.946,-75.1897, ,Philadelphia
 ,5552,2017088801,6,67,67301,2017,8,1,1600,16,1,1,0,4,1, , ,N,1,3,0,3,0,0,2,2,N,N,39 58:45.851,75 09:48.406,1615, ,1615, ,0, ,N, ,3, , , , , ,54586, , , ,2,1,0,0,0,0,1,0,0,0,0,0,0,0,0,0,0,0,0,0,0,0,0,0,0,0,0,0,0,0,0,0,0,0,0,0,0,39.9794,-75.1634, ,Philadelphia
 ,5553,2017086907,6,67,67301,2017,6,1,1959,19,3,1,0,7,4, , ,N,0,0,0,3,0,1,1,1,N,N,40 03:25.330,75 00:05.294,2243, ,2242, ,0, ,N, ,0, , , , , ,54587, , , ,1,1,0,0,0,0,0,0,0,0,1,0,1,0,0,0,0,0,0,0,0,0,0,0,0,0,0,0,0,0,0,0,0,0,0,3,0,40.057,-75.0015, ,Philadelphia
 ,5554,2017106009,6,67,67301,2017,9,1,2133,21,3,1,0,1,1, , ,N,0,0,0,3,0,1,4,3,N,N,39 56:02.392,75 10:03.535,2135, ,2135, ,0, ,N, ,0, , , , , ,54592, , , ,3,2,0,0,0,0,1,0,0,0,0,1,1,0,0,0,0,0,0,0,0,0,0,3,0,0,0,0,0,0,0,0,0,0,0,4,0,39.934,-75.1676, ,Philadelphia
 ,5555,2017067892,6,67,67301,2017,6,3,1430,14,1,1,0,1,1, , ,N,0,0,0,3,0,1,2,2,N,Y,40 01:12.068,75 05:43.770,1535, ,1525, ,0, ,N, ,0, , , , , ,54612, , , ,2,0,0,0,0,0,2,0,0,0,1,0,1,0,0,0,0,0,0,0,0,0,0,0,0,0,0,0,0,0,0,0,0,0,0,3,0,40.02,-75.0955, ,Philadelphia
 ,5556,2017088991,6,67,67301,2017,8,6,1820,18,1,1,0,4,1, , ,N,2,2,0,3,0,0,2,2,N,N,39 57:23.622,75 09:04.685,1845, ,1835,1,1,1,N, ,3,N, , , , ,54638, , , ,2,1,0,0,0,0,1,0,0,0,0,0,0,0,0,0,0,0,0,0,0,0,0,0,0,0,0,0,0,0,0,0,0,0,0,0,0,39.9566,-75.1513, ,Philadelphia
 ,5557,2017095416,6,67,67301,2017,9,7,1110,11,1,1,0,4,1, , ,N,2,2,0,3,0,1,2,2,N,N,39 57:05.248,75 12:02.700,1125, ,1122, ,0, ,N, ,3, , , , , ,54652, , , ,1,0,0,0,0,0,1,0,1,0,1,0,1,0,1,0,0,0,0,0,0,0,0,0,0,0,0,0,0,0,0,0,0,0,0,3,0,39.9515,-75.2008, ,Philadelphia
 ,5558,2017056344,6,67,67301,2017,5,5,2008,20,4,1,1,7,2, , ,N,6,0,2,3,0,0,1,1,N,N,39 55:30.581,75 11:35.978,2038, ,2008,1,2,4, , ,0,N, , , , ,54663, , , ,1,1,0,0,0,0,0,0,0,0,0,0,0,0,0,0,0,0,0,0,0,0,0,0,0,0,0,0,0,0,0,0,0,0,0,0,0,39.9252,-75.1933, ,Philadelphia
 ,5559,2017076320,6,67,67301,2017,6,3,1650,16,1,1,0,4,1, , ,N,1,2,0,3,0,1,4,2,N,N,39 55:38.651,75 08:42.007,1700, ,1652, ,0, ,N, ,3, , , , , ,54679, , , ,2,1,0,0,0,0,1,0,0,0,0,1,1,0,0,0,1,0,0,0,0,0,0,0,0,0,0,0,0,0,0,0,0,0,0,4,0,39.9273,-75.1448, ,Philadelphia
 ,5560,2017078767,6,67,67301,2017,6,3,2135,21,3,1,0,8,1, , ,N,1,3,0,3,0,1,2,2,N,N,39 55:56.861,75 10:26.172,2135, ,2135, ,0, ,N, ,3, , , , , ,54686, , , ,1,1,0,0,0,0,0,0,0,0,0,0,1,1,0,0,0,0,0,0,0,0,0,1,0,0,0,0,0,0,0,0,1,0,0,8,0,39.9325,-75.1739, ,Philadelphia
 ,5561,2017116099,6,67,67301,2017,10,7,1444,14,1,1,0,8,1, , ,N,1,3,0,3,0,1,2,2,N,N,39 59:55.492,75 05:40.541,1512, ,1507, ,0, ,N, ,3, , , , , ,54696, , , ,1,0,0,0,0,0,1,0,1,0,0,0,1,1,0,0,0,0,0,0,0,0,0,0,0,0,0,0,0,0,0,0,0,0,0,8,0,39.9987,-75.0946, ,Philadelphia
 ,5562,2017018234,6,67,67301,2017,2,2,1332,13,1,1,0,5,1, , ,N,0,0,0,3,0,2,5,3,N,N,40 00:23.928,75 04:25.403,1356, ,1340,1,1,1, , ,0,N, , , , ,54705, , , ,3,0,0,0,0,1,2,0,0,0,0,0,2,2,0,0,0,0,0,0,2,0,0,0,0,0,0,0,0,0,0,0,0,0,0,8,1,40.0066,-75.0737, ,Philadelphia
 ,5563,2017076149,6,67,67301,2017,6,1,320,3,2,1,0,7,4, , ,N,0,0,0,3,0,2,2,1,N,N,39 55:08.237,75 12:36.908,323, ,321,9,2,5,Y, ,0,Y, , , , ,57566, , , ,1,1,0,0,0,0,0,0,0,0,0,0,2,2,0,0,0,0,0,0,0,0,0,0,0,0,0,0,0,0,0,0,0,0,0,8,0,39.919,-75.2103, ,Philadelphia
 ,5564,2017076159,6,67,67301,2017,6,1,1730,17,1,1,0,1,1, , ,N,3,0,0,3,0,1,4,2,N,N,39 59:45.110,75 11:28.893,1740, ,1732, ,0, ,N, ,0, , , , , ,57567, , , ,2,2,0,0,0,0,0,0,0,0,0,1,1,0,0,0,0,1,0,0,1,0,0,0,0,0,0,0,0,0,0,0,0,0,0,4,0,39.9959,-75.1914, ,Philadelphia
 ,5565,2017088924,6,67,67301,2017,8,7,1255,12,1,1,0,4,1, , ,N,1,2,0,3,0,1,2,2,N, ,40 00:47.439,75 04:13.514,1258, ,1256, ,0, , , ,3, , , , , ,57578, , , ,1,0,0,0,0,0,1,0,1,0,1,0,1,0,0,0,0,0,0,0,0,0,0,1,0,0,0,0,0,0,0,0,0,0,0,3,0,40.0132,-75.0704, ,Philadelphia
 ,5566,2017115998,6,67,67301,2017,10,4,1336,13,1,1,0,8,1, , ,N,1,2,0,3,0,2,3,3,N,N,40 02:40.087,75 07:10.001,1346, ,1336,1,1,3,N, ,3,N, , , , ,57593, , , ,1,1,0,0,0,0,0,0,0,1,1,0,2,0,0,0,0,0,0,0,1,0,0,1,0,0,0,0,0,0,0,0,2,0,1,2,0,40.0445,-75.1194, ,Philadelphia
 ,5567,2017060516,6,67,67301,2017,5,7,2320,23,3,1,0,4,1, , ,N,1,2,0,3,0,1,2,2,N,N,39 56:09.409,75 09:24.814,340, ,338, ,0, ,N, ,3, , , , , ,57600, , , ,1,1,0,0,0,0,0,0,1,0,0,1,1,0,0,0,0,0,0,0,0,0,0,1,0,0,0,0,0,0,0,0,0,0,0,4,0,39.9359,-75.1569, ,Philadelphia
 ,5568,2017093661,6,67,67301,2017,8,1,1504,15,1,1,0,5,1, , ,N,1,3,0,3,0,0,3,2,N,N,39 57:51.202,75 13:48.615,1510, ,1506, ,0, , , ,3, , , , , ,57624, , , ,2,1,0,0,0,0,1,0,0,0,0,0,0,0,1,0,0,0,0,0,0,0,0,2,0,0,0,0,0,0,0,0,0,0,0,9,0,39.9642,-75.2302, ,Philadelphia
 ,5569,2017105888,6,67,67301,2017,9,5,822,8,1,1,0,4,1, , ,N,1,2,0,3,0,1,2,2,N,N,39 58:53.796,75 08:40.041,846, ,845,2,1,2,N, ,2,N, , , , ,57636, , , ,2,1,0,0,0,0,1,0,0,0,0,1,1,0,0,0,0,0,0,0,0,0,0,0,0,0,0,0,0,0,0,0,0,0,0,4,0,39.9816,-75.1445, ,Philadelphia
 ,5570,2017058309,6,67,67301,2017,5,5,321,3,3,1,0,4,1, , ,N,1,2,0,3,0,0,1,2,N,N,40 03:45.318,75 10:14.844,324, ,321,9,2,5,N, ,3,Y, , , , ,57652, , , ,2,2,0,0,0,0,0,0,0,0,0,0,0,0,0,0,0,0,0,0,0,0,0,0,0,0,0,0,0,0,0,0,0,0,0,0,0,40.0626,-75.1708, ,Philadelphia
 ,5571,2017058371,6,67,67301,2017,5,3,1845,18,1,1,0,5,1, , ,N,0,0,0,3,0,1,2,3,N,N,39 56:57.181,75 09:57.724,1910, ,1854, ,0, ,N, ,0, , , , , ,57653, , , ,3,2,0,0,0,0,1,0,0,0,0,1,1,0,0,0,0,0,0,0,0,0,0,0,0,0,0,0,0,0,0,0,0,0,0,4,0,39.9492,-75.166, ,Philadelphia
 ,5572,2017086900,6,67,67301,2017,6,5,850,8,1,1,0,7,4, , ,N,0,0,0,3,0,1,2,2,N, ,39 53:22.632,75 13:55.606,9999, ,930, ,0, , , ,0, , , , , ,57676, , , ,2,0,0,0,0,0,2,0,0,0,0,1,1,0,0,0,0,0,0,0,0,0,0,0,0,0,0,0,0,0,0,0,0,0,0,4,0,39.8896,-75.2321, ,Philadelphia
 ,5573,2017137508,6,67,67301,2017,11,6,1135,11,1,1,0,8,1, , ,N,1,2,0,3,0,2,3,3,N,N,39 57:28.799,75 13:16.548,1142, ,1139, ,0, ,N, ,3, , , , , ,57694, , , ,1,0,0,0,0,0,0,0,0,0,0,1,2,1,0,0,0,0,0,0,0,0,0,0,0,0,0,0,0,0,0,0,2,0,0,4,0,39.958,-75.2212, ,Philadelphia
 ,5574,2017076144,6,67,67301,2017,6,1,2100,21,3,1,0,6,1, , ,N,0,0,0,3,0,1,2,2,N,N,39 59:38.137,75 11:50.726,2108, ,2103,2,1,2,N, ,0,Y, , , , ,57707, , , ,2,1,1,0,0,0,0,0,0,1,0,0,1,0,0,0,0,0,0,0,0,0,0,0,0,0,0,0,0,1,0,0,0,0,0,2,0,39.9939,-75.1974, ,Philadelphia
 ,5575,2017076126,6,67,67301,2017,6,7,130,1,6,1,0,6,6, , ,N,0,0,0,3,0,1,4,4,N,N,39 58:18.196,75 14:34.220,130, ,130, ,0, ,N, ,0, , , , , ,57713, , , ,4,2,0,0,0,1,1,0,0,0,0,0,1,1,1,0,0,0,0,0,0,0,0,1,0,0,0,0,0,0,0,0,0,0,0,8,1,39.9717,-75.2428, ,Philadelphia
 ,5576,2017115983,6,67,67301,2017,10,5,1635,16,1,1,0,4,1, , ,N,1,3,0,3,0,1,3,2,N, ,39 56:17.597,75 08:59.778,1648, ,1645, ,0, , , ,3, , , , , ,57730, , , ,1,1,0,0,0,0,0,0,1,0,1,0,1,0,2,0,0,0,0,0,0,0,0,0,0,0,0,0,0,0,0,0,0,0,0,3,0,39.9382,-75.1499, ,Philadelphia
 ,5577,2017125693,6,67,67301,2017,9,2,1127,11,1,1,0,1,1, , ,N,0,0,0,3,0,6,11,5,N,N,39 56:39.489,75 11:30.098,1141, ,1130,3,2,4, , ,0,N, , , , ,57731, , , ,5,0,0,0,0,0,3,2,0,0,0,0,6,6,0,0,0,0,0,0,2,1,0,0,0,0,0,0,0,0,0,0,0,0,0,8,0,39.9443,-75.1917, ,Philadelphia
 ,5578,2017097878,6,67,67301,2017,9,7,1819,18,3,2,1,4,1, , ,N,1,2,0,3,0,3,3,2,N, ,39 57:24.012,75 11:52.849,1830, ,1820, ,0, , , ,3, , , , , ,57742, , , ,2,0,0,0,0,0,2,0,0,0,0,0,3,3,0,0,0,0,0,0,0,0,1,0,0,0,0,0,0,0,0,0,0,0,0,8,0,39.9566,-75.198, ,Philadelphia
 ,5579,2017067813,6,67,67301,2017,5,7,2315,23,3,1,0,4,1, , ,N,1,2,0,3,0,0,5,2,N,N,39 57:14.229,75 09:34.159,2322, ,2316, ,0, ,N, ,3, , , , , ,57745, , , ,2,2,0,0,0,0,0,0,0,0,0,0,0,0,0,0,0,0,0,0,0,0,0,0,0,0,0,0,0,0,0,0,0,0,0,0,0,39.9539,-75.1595, ,Philadelphia
 ,5580,2017107435,6,67,67301,2017,10,7,1402,14,1,1,0,4,1, , ,N,1,2,0,3,0,3,4,2,N,N,40 00:04.613,75 13:35.241,1408, ,1404,1,2,2, , ,3,N, , , , ,57789, , , ,2,2,0,0,0,0,0,0,0,0,3,0,3,0,0,0,0,0,0,0,0,0,0,0,0,0,0,0,0,0,0,0,0,0,0,3,0,40.0012,-75.2264, ,Philadelphia
 ,5581,2017091869,6,67,67301,2017,8,1,1112,11,1,1,0,4,1, , ,N,2,2,0,3,0,1,2,2,N, ,39 55:11.168,75 11:17.735,1112, ,1112,1,1,5, , ,3,Y, , , , ,61015, , , ,2,1,0,0,0,0,0,1,0,0,0,1,1,0,0,0,0,0,0,0,1,1,0,0,0,0,0,0,0,0,0,0,0,0,0,4,0,39.9198,-75.1883, ,Philadelphia
 ,5582,2017088952,6,67,67301,2017,8,1,1004,10,1,1,0,8,1, , ,N,1,3,0,3,0,1,2,2,N,N,39 58:55.750,75 07:54.137,1008, ,1004, ,0, ,N, ,3, , , , , ,61016, , , ,1,0,0,0,0,0,1,0,0,0,0,1,1,0,0,0,0,0,0,0,0,0,0,1,0,0,0,0,0,0,0,0,1,0,0,4,0,39.9822,-75.1317, ,Philadelphia
 ,5583,2017116088,6,67,67301,2017,10,2,1912,19,3,1,0,8,1, , ,N,1,2,0,3,0,1,2,2,N,N,39 57:31.430,75 13:37.762,1917, ,1915, ,0, ,N, ,3, , , , , ,61017, , , ,1,0,0,0,0,0,1,0,0,0,0,1,1,0,0,0,0,0,0,0,1,0,0,1,0,0,0,0,0,0,0,0,1,0,0,4,0,39.9587,-75.2272, ,Philadelphia
 ,5584,2017067788,6,67,67301,2017,5,2,1059,10,1,2,1,4,1, , ,N,1,2,0,3,0,1,2,2,N,N,39 57:42.279,75 14:19.648,1126, ,1124,1,1,2,N, ,3,N, , , , ,61024, , , ,2,1,0,0,1,0,0,0,0,0,0,0,1,1,0,0,0,0,0,0,0,0,0,0,0,0,0,0,0,0,0,0,0,0,0,8,0,39.9617,-75.2388, ,Philadelphia