wz_ln_closure,objectid_1,crn,district,county,municipality,crash_year,crash_month,day_of_week,time_of_day,hour_of_day,illumination,weather,road_condition,collision_type,relation_to_road,work_zone_type,work_zone_loc,work_zone_ind,intersect_type,tcd_type,location_type,urban_rural,fatal_count,injury_count,person_count,total_units,sch_bus_ind,sch_zone_ind,latitude,longitude,arrival_tm,cons_zone_spd_lim,dispatch_tm,est_hrs_closed,lane_closed,ln_close_dir,ntfy_hiwy_maint,spec_juris_cd,tcd_func_cd,tfc_detour_ind,workers_pres,wz_close_detour,wz_flagger,wz_law_offcr_ind,objectid,wz_moving,wz_other,wz_shlder_mdn,vehicle_count,automobile_count,motorcycle_count,bus_count,small_truck_count,heavy_truck_count,suv_count,van_count,bicycle_count,maj_inj_count,mod_inj_count,min_inj_count,tot_inj_count,unk_inj_deg_count,unk_inj_per_count,driver_count_16yr,driver_count_17yr,driver_count_18yr,driver_count_19yr,driver_count_20yr,driver_count_50_64yr,driver_count_65_74yr,driver_count_75plus,unbelted_occ_count,unb_death_count,unb_maj_inj_count,belted_death_count,belted_maj_inj_count,mcycle_death_count,mcycle_maj_inj_count,bicycle_death_count,bicycle_maj_inj_count,ped_count,ped_death_count,ped_maj_inj_count,max_severity_level,comm_veh_count,dec_lat,dec_long,rdwy_surf_type_cd,county_name
 ,5585,2017105983,6,67,67301,2017,9,7,1920,19,3,2,1,5,6, , ,N,0,0,0,3,0,0,1,4,N, ,39 55:37.261,75 10:49.445,1935, ,1928, ,0, , , ,0, , , , , ,61045, , , ,4,1,0,1,0,0,1,1,0,0,0,0,0,0,1,0,0,0,0,0,0,0,0,0,0,0,0,0,0,0,0,0,0,0,0,9,1,39.927,-75.1804, ,Philadelphia
 ,5586,2017086272,6,67,67301,2017,7,2,1230,12,1,1,0,5,6, , ,N,0,0,0,3,0,1,1,2,N,N,40 07:27.523,74 59:57.177,1336, ,1319, ,0, ,N, ,0, , , , , ,61051, , , ,2,1,0,0,0,0,1,0,0,0,1,0,1,0,0,0,0,0,0,0,0,0,0,0,0,0,0,0,0,0,0,0,0,0,0,3,0,40.1243,-74.9992, ,Philadelphia
 ,5587,2017088303,6,67,67301,2017,7,4,1308,13,1,1,0,4,1, , ,N,1,2,0,3,0,0,4,2,N, ,40 00:51.982,75 10:41.585,1315, ,1308, ,0, , , ,3, , , , , ,61054, , , ,2,1,0,0,0,0,1,0,0,0,0,0,0,0,0,0,0,0,0,0,0,1,0,0,0,0,0,0,0,0,0,0,0,0,0,0,0,40.0144,-75.1782, ,Philadelphia
 ,5588,2017101874,6,67,67301,2017,9,3,2000,20,3,1,0,1,1, , ,N,0,0,0,3,0,1,3,2,N, ,39 54:31.532,75 13:59.714,2025, ,2025,1,1,4, , ,0,N, , , , ,61060, , , ,1,1,0,0,0,0,0,0,1,0,0,0,1,1,0,0,0,0,0,0,1,0,0,0,0,0,0,0,0,0,0,0,0,0,0,8,0,39.9088,-75.2333, ,Philadelphia
 ,5589,2017086736,6,67,67301,2017,4,1,2035,20,3,1,0,5,6, , ,N,0,0,0,3,0,0,1,3,N,N,40 03:34.826,75 09:33.428,2040, ,2040, ,0, ,N, ,0, , , , , ,61076, , , ,3,1,0,0,0,0,2,0,0,0,0,0,0,0,0,0,0,0,0,0,1,0,0,0,0,0,0,0,0,0,0,0,0,0,0,0,0,40.0597,-75.1593, ,Philadelphia
 ,5590,2017096871,6,67,67301,2017,9,2,1528,15,1,1,0,1,1, , ,N,0,0,0,3,0,1,2,2,N,N,39 58:52.420,75 12:24.670,1534, ,1530,2,1,3, , ,0,N, , , , ,61084, , , ,2,2,0,0,0,0,0,0,0,0,0,0,1,1,0,0,0,0,0,0,1,0,0,1,0,0,0,0,0,0,0,0,0,0,0,8,0,39.9808,-75.2062, ,Philadelphia
 ,5591,2017088986,6,67,67301,2017,8,7,749,7,1,1,0,7,4, , ,N,0,0,0,3,0,0,1,3,N,N,40 03:41.234,75 01:15.237,755, ,749,2,2,6,N, ,0,Y, , , , ,61085, , , ,3,2,0,0,0,0,1,0,0,0,0,0,0,0,0,0,0,0,0,0,0,0,0,1,0,0,0,0,0,0,0,0,0,0,0,0,0,40.0615,-75.0209, ,Philadelphia
 ,5592,2017086158,6,67,67301,2017,7,7,615,6,1,1,0,4,1, , ,N,1,2,0,3,0,0,2,2,N, ,39 57:15.642,75 13:26.511,615, ,615, ,0, , , ,3, , , , , ,61088, , , ,2,2,0,0,0,0,0,0,0,0,0,0,0,0,0,0,0,0,0,0,0,0,0,0,0,0,0,0,0,0,0,0,0,0,0,0,0,39.9543,-75.224, ,Philadelphia
 ,5593,2017120524,6,67,67301,2017,10,7,2120,21,3,1,0,1,1, , ,N,1,2,0,3,0,1,3,2,N,N,39 59:20.037,75 09:49.839,2128, ,2121, ,0, ,N, ,3, , , , , ,61091, , , ,2,1,0,0,0,0,1,0,0,0,0,1,1,0,0,0,0,0,0,0,0,1,0,2,0,0,0,0,0,0,0,0,0,0,0,4,0,39.9889,-75.1638, ,Philadelphia
 ,5594,2017109845,6,67,67301,2017,10,2,1800,18,4,1,0,4,1, , ,N,5,2,0,3,0,1,2,2,N,N,39 55:21.513,75 11:06.716,1809, ,1804, ,0, ,N, ,3, , , , , ,61094, , , ,2,1,0,0,0,0,1,0,0,0,1,0,1,0,0,0,0,0,0,0,2,0,0,0,0,0,0,0,0,0,0,0,0,0,0,3,0,39.9226,-75.1852, ,Philadelphia
 ,5595,2017085920,6,67,67301,2017,8,6,1412,14,1,1,0,1,1, , ,N,0,0,0,3,0,1,2,2,N,N,39 58:55.247,75 06:04.636,1509, ,1431, ,0, , , ,0, , , , , ,61126, , , ,2,2,0,0,0,0,0,0,0,0,0,1,1,0,0,0,0,0,0,0,1,0,0,0,0,0,0,0,0,0,0,0,0,0,0,4,0,39.982,-75.1013, ,Philadelphia
 ,5596,2017093518,6,67,67301,2017,8,1,123,1,3,1,0,4,1, , ,N,1,3,0,3,0,0,2,2,N,N,39 57:45.834,75 12:13.931,155, ,132, ,0, ,N, ,3, , , , , ,61129, , , ,2,1,0,0,0,0,0,1,0,0,0,0,0,0,1,0,0,0,0,0,0,0,0,0,0,0,0,0,0,0,0,0,0,0,0,9,0,39.9627,-75.2039, ,Philadelphia
 ,5597,2017116171,6,67,67301,2017,10,1,400,4,3,1,0,7,5, , ,N,5,2,0,3,0,0,1,1,N,N,40 03:11.276,75 05:31.765,400, ,400, ,0, ,N, ,3, , , , , ,61140, , , ,1,1,0,0,0,0,0,0,0,0,0,0,0,0,0,0,0,0,0,0,0,0,0,0,0,0,0,0,0,0,0,0,0,0,0,0,0,40.0531,-75.0922, ,Philadelphia
 ,5598,2017115730,6,67,67301,2017,11,7,1743,17,4,1,0,4,1, , ,N,0,0,0,3,0,3,5,2,N,N,39 52:47.696,75 14:53.178,1756, ,1750, ,0, , , ,0, , , , , ,61141, , , ,2,1,0,0,0,0,1,0,0,0,3,0,3,0,1,0,0,0,0,0,1,0,0,0,0,0,0,0,0,0,0,0,0,0,0,3,0,39.8799,-75.2481, ,Philadelphia
 ,5599,2017096555,6,67,67301,2017,9,7,2120,21,2,2,1,8,1, , ,N,0,0,0,3,0,1,2,2,N, ,39 56:57.010,75 09:46.268,2340, ,2333, ,0, , , ,0, , , , , ,64187, , , ,1,1,0,0,0,0,0,0,0,0,0,0,1,1,0,0,0,0,0,0,0,0,0,1,0,0,0,0,0,0,0,0,1,0,0,8,0,39.9492,-75.1629, ,Philadelphia
 ,5600,2017109750,6,67,67301,2017,7,4,1558,15,1,1,0,4,1, , ,N,1,2,0,3,0,3,4,2,N,N,39 56:31.243,75 09:08.396,1600, ,1558,1,1,3,N, ,3,Y, , , , ,64190, , , ,2,2,0,0,0,0,0,0,0,0,0,2,3,1,0,0,0,0,0,0,0,1,0,0,0,0,0,0,0,0,0,0,0,0,0,4,0,39.942,-75.1523, ,Philadelphia
 ,5601,2017097996,6,67,67301,2017,9,7,1618,16,1,1,0,1,6, , ,N,0,0,0,3,0,1,2,2,N,N,40 00:36.734,75 06:13.154,9999, ,1803, ,0, ,N, ,0, , , , , ,64193, , , ,2,2,0,0,0,0,0,0,0,0,0,1,1,0,0,0,0,0,0,0,0,0,0,1,0,0,0,0,0,0,0,0,0,0,0,4,0,40.0102,-75.1037, ,Philadelphia
 ,5602,2017093571,6,67,67301,2017,8,2,1310,13,1,1,0,4,1, , ,N,1,2,0,3,0,1,2,2,N, ,39 57:13.719,75 09:59.863,1330, ,1329, ,0, , , ,3, , , , , ,64194, , , ,2,0,0,0,0,0,2,0,0,0,0,1,1,0,0,0,0,0,0,0,1,0,0,0,0,0,0,0,0,0,0,0,0,0,0,4,0,39.9538,-75.1666, ,Philadelphia
 ,5603,2017123204,6,67,67301,2017,11,4,348,3,3,1,0,7,2, , ,N,0,0,0,3,0,1,1,1,N,N,40 00:01.676,75 04:46.971,358, ,348, ,0, , , ,0, , , , , ,64234, , , ,1,1,0,0,0,0,0,0,0,0,0,0,1,1,0,0,0,0,0,0,0,0,0,1,0,0,0,0,0,0,0,0,0,0,0,8,0,40.0005,-75.0797, ,Philadelphia
 ,5604,2017093502,6,67,67301,2017,7,4,640,6,1,1,0,4,1, , ,N,2,3,0,3,0,1,2,2,N,N,40 03:35.355,75 09:57.445,705, ,700, ,0, ,N, ,3, , , , , ,64235, , , ,1,0,0,0,0,1,0,0,1,0,0,0,1,1,0,0,0,0,0,0,1,0,0,0,0,0,0,0,0,0,0,0,0,0,0,8,1,40.0598,-75.166, ,Philadelphia
 ,5605,2017088901,6,67,67301,2017,8,7,1230,12,1,1,0,1,1, , ,N,0,2,7,3,0,1,2,2,N, ,40 02:41.404,75 05:13.538,905, ,900, ,0, , , ,3, , , , , ,64245, , , ,2,0,0,0,0,0,1,1,0,0,0,1,1,0,0,0,0,0,0,0,0,0,0,1,0,0,0,0,0,0,0,0,0,0,0,4,0,40.0448,-75.0871, ,Philadelphia
 ,5606,2017076337,6,67,67301,2017,6,1,210,2,3,1,0,4,1, , ,N,1,2,0,3,0,0,5,2,N,N,39 57:15.887,75 08:53.056,215, ,213, ,0, , , ,3, , , , , ,64261, , , ,2,2,0,0,0,0,0,0,0,0,0,0,0,0,0,0,0,0,0,0,0,0,0,0,0,0,0,0,0,0,0,0,0,0,0,0,0,39.9544,-75.1481, ,Philadelphia
 ,5607,2017086863,6,67,67301,2017,5,4,1558,15,1,1,0,4,1, , ,N,1,2,0,3,0,1,2,2,N,N,40 00:49.835,75 03:21.481,1619, ,1619, ,0, ,N, ,3, , , , , ,64268, , , ,2,2,0,0,0,0,0,0,0,0,0,1,1,0,0,0,0,0,0,0,0,0,0,0,0,0,0,0,0,0,0,0,0,0,0,4,0,40.0138,-75.056, ,Philadelphia
 ,5608,2017088797,6,67,67301,2017,8,1,9999,99,1,7,0,5,6, , ,N,0,0,0,3,0,1,1,4,N, ,39 59:51.471,75 08:46.046,1215, ,1210, ,0, , , ,0, , , , , ,64274, , , ,4,2,0,0,0,0,2,0,0,0,0,1,1,0,0,0,0,0,0,0,0,0,0,0,0,0,0,0,0,0,0,0,0,0,0,4,0,39.9976,-75.1461, ,Philadelphia
 ,5609,2017109976,6,67,67301,2017,9,6,344,3,3,1,0,4,1, , ,N,1,2,0,3,0,0,2,2,N, ,40 01:26.993,75 07:49.281,406, ,344,9,1,2, , ,3,N, , , , ,64296, , , ,2,1,0,0,1,0,0,0,0,0,0,0,0,0,0,0,0,0,0,0,0,0,0,0,0,0,0,0,0,0,0,0,0,0,0,0,0,40.0241,-75.1305, ,Philadelphia
 ,5610,2017060758,6,67,67301,2017,5,4,1845,18,1,1,0,4,1, , ,N,1,3,0,3,0,1,3,2,N,N,40 01:23.133,75 03:21.508,1900, ,1850, ,0, ,N, ,3, , , , , ,64302, , , ,2,2,0,0,0,0,0,0,0,0,0,0,1,1,0,0,0,0,0,0,0,0,0,2,0,0,0,0,0,0,0,0,0,0,0,8,0,40.0231,-75.056, ,Philadelphia
 ,5611,2017058335,6,67,67301,2017,5,3,1243,12,1,1,0,8,1, , ,N,1,2,0,3,0,1,2,2,N, ,39 58:30.691,75 07:16.051,1245, ,1243, ,0, , , ,3, , , , , ,64303, , , ,1,1,0,0,0,0,0,0,0,0,1,0,1,0,0,0,0,0,0,0,0,0,0,0,0,0,0,0,0,0,0,0,1,0,0,3,0,39.9752,-75.1211, ,Philadelphia
 ,5612,2017055474,6,67,67301,2017,4,6,2211,22,3,1,0,4,1, , ,N,1,2,0,3,0,1,5,2,N, ,40 06:18.575,75 01:58.256,2224, ,2221, ,0, , , ,3, , , , , ,64304, , , ,2,1,0,0,0,0,1,0,0,0,1,0,1,0,0,0,0,0,1,0,0,0,0,0,0,0,0,0,0,0,0,0,0,0,0,3,0,40.1052,-75.0328, ,Philadelphia
 ,5613,2017067695,6,67,67301,2017,6,6,1258,12,1,1,0,4,1, , ,N,0,0,7,3,1,0,2,2,N,N,39 53:08.500,75 13:53.700,1310, ,1304,3,2,5,N,0,0,Y, , , , ,64313, , , ,2,0,1,0,0,0,1,0,0,0,0,0,0,0,0,0,0,0,0,0,1,0,0,0,0,0,0,0,1,0,0,0,0,0,0,1,0,39.8857,-75.2316,2,Philadelphia
 ,5614,2017078888,6,67,67301,2017,7,1,326,3,3,1,0,5,1, , ,N,2,0,0,3,0,0,1,2,N,N,40 06:21.589,75 02:12.033,329, ,326, ,0, ,N, ,0, , , , , ,64326, , , ,2,1,0,0,0,1,0,0,0,0,0,0,0,0,0,0,0,0,0,0,0,0,0,0,0,0,0,0,0,0,0,0,0,0,0,0,1,40.106,-75.0367, ,Philadelphia
 ,5615,2017086896,6,67,67301,2017,6,7,244,2,3,1,0,4,1, , ,N,1,2,0,3,0,0,2,3,N, ,40 01:12.877,75 06:50.707,246, ,244, ,0, , , ,3, , , , , ,64328, , , ,3,2,0,0,0,0,1,0,0,0,0,0,0,0,0,0,0,0,0,0,0,0,0,0,0,0,0,0,0,0,0,0,0,0,0,0,0,40.0202,-75.1141, ,Philadelphia
 ,5616,2017067356,6,67,67301,2017,6,2,1925,19,1,1,0,7,2, , ,N,0,0,0,3,0,0,1,1,N,N,39 58:54.248,75 06:06.836,1948, ,1930,1,1,2, , ,0,N, , , , ,64350, , , ,1,1,0,0,0,0,0,0,0,0,0,0,0,0,0,0,0,0,0,0,0,0,0,1,0,0,0,0,0,0,0,0,0,0,0,0,0,39.9817,-75.1019, ,Philadelphia
 ,5617,2017091799,6,67,67301,2017,8,2,1410,14,1,1,0,4,1, , ,N,1,2,0,3,0,1,2,2,N,N,40 00:35.524,75 09:21.688,1420, ,1415, ,0, , , ,3, , , , , ,54725, , , ,2,0,0,0,0,0,1,1,0,0,0,1,1,0,0,0,0,0,0,0,0,2,0,1,0,0,0,0,0,0,0,0,0,0,0,4,0,40.0099,-75.156, ,Philadelphia
 ,5618,2017093574,6,67,67301,2017,8,1,2017,20,3,1,0,4,1, , ,N,1,2,0,3,0,1,2,2,N,N,40 02:25.798,75 03:31.964,2030, ,2027, ,0, ,N, ,3, , , , , ,54730, , , ,2,1,0,0,0,0,1,0,0,0,0,0,1,1,0,0,0,0,0,0,0,1,0,0,0,0,0,0,0,0,0,0,0,0,0,8,0,40.0405,-75.0589, ,Philadelphia
 ,5619,2017096536,6,67,67301,2017,8,5,1400,14,1,1,0,8,1, , ,N,1,2,0,3,0,1,2,2,N,N,39 59:42.594,75 07:47.913,1425, ,1232, ,0, ,N, ,3, , , , , ,54734, , , ,1,0,0,0,0,1,0,0,0,0,0,0,1,1,0,0,0,0,0,0,0,1,0,1,0,0,0,0,0,0,0,0,1,0,0,8,1,39.9952,-75.13, ,Philadelphia
 ,5620,2017116020,6,67,67301,2017,10,1,230,2,3,1,0,5,6, , ,N,0,0,0,3,0,0,1,2,N,N,39 58:06.024,75 13:36.122,826, ,816,4,2,1,N, ,0,N, , , , ,54735, , , ,2,1,0,0,0,0,1,0,0,0,0,0,0,0,0,0,0,0,0,0,0,0,0,1,0,0,0,0,0,0,0,0,0,0,0,0,0,39.9683,-75.2267, ,Philadelphia
 ,5621,2017120308,6,67,67301,2017,10,3,2026,20,3,1,0,1,1, , ,N,0,0,0,3,0,2,3,2,N,N,39 52:47.586,75 14:53.329,2047, ,2033,2,2,2, , ,0,N, , , , ,54738, , , ,2,1,0,0,0,0,1,0,0,0,2,0,2,0,1,0,0,0,0,0,0,0,0,0,0,0,0,0,0,0,0,0,0,0,0,3,0,39.8799,-75.2481, ,Philadelphia
 ,5622,2017067929,6,67,67301,2017,5,3,1515,15,1,1,0,8,1, , ,N,1,3,0,3,0,1,2,2,N,N,39 59:24.676,75 08:59.704,1531, ,1521, ,0, ,N, ,3, , , , , ,54760, , , ,1,0,0,0,1,0,0,0,0,0,0,0,1,1,0,0,0,0,0,0,0,0,0,1,0,0,0,0,0,0,0,0,1,0,0,8,0,39.9902,-75.1499, ,Philadelphia
 ,5623,2017078791,6,67,67301,2017,7,4,30,0,3,1,0,4,4, , ,N,0,0,0,3,0,0,1,2,N,N,39 58:03.469,75 08:00.677,110, ,108, ,0, ,N, ,0, , , , , ,54768, , , ,2,0,0,0,0,0,2,0,0,0,0,0,0,0,0,0,0,0,0,0,0,0,0,1,0,0,0,0,0,0,0,0,0,0,0,0,0,39.9676,-75.1335, ,Philadelphia
 ,5624,2017078738,6,67,67301,2017,7,3,1140,11,1,1,0,1,1, , ,N,1,2,0,3,0,2,6,3,N, ,39 58:11.965,75 08:35.133,1145, ,1143, ,0, , , ,3, , , , , ,54770, , , ,3,2,0,0,0,0,0,1,0,0,0,2,2,0,0,0,0,0,0,0,0,0,0,1,0,0,0,0,0,0,0,0,0,0,0,4,0,39.9699,-75.1431, ,Philadelphia
 ,5625,2017086053,6,67,67301,2017,7,6,1440,14,1,1,0,5,6, , ,N,0,0,0,3,0,1,1,4,N,N,40 01:05.215,75 03:51.033,1509, ,1505,3,1,2,N, ,0,N, , , , ,54781, , , ,4,2,0,0,0,0,1,1,0,0,0,1,1,0,0,0,0,0,0,0,1,0,0,0,0,0,0,0,0,0,0,0,0,0,0,4,0,40.0181,-75.0642, ,Philadelphia
N,5626,2017097492,6,67,67301,2017,9,3,2022,20,3,1,0,1,1,1,4,Y,0,0,0,3,0,0,3,3,N,N,40 00:11.301,75 04:39.753,2031,45,2024, ,0, , , ,0, ,N,N,N,N,54812,N,N,Y,2,1,0,0,0,0,1,0,0,0,0,0,0,0,0,0,0,0,0,0,0,0,0,0,0,0,0,0,0,0,0,0,0,0,0,0,0,40.0031,-75.0777, ,Philadelphia
 ,5627,2017101885,6,67,67301,2017,9,1,2030,20,3,1,0,4,1, , ,N,2,0,0,3,0,2,2,2,N,N,39 57:37.738,75 08:22.445,2100, ,2054, ,0, ,N, ,0, , , , , ,54818, , , ,2,2,0,0,0,0,0,0,0,0,0,2,2,0,0,0,0,0,0,0,0,0,0,0,0,0,0,0,0,0,0,0,0,0,0,4,0,39.9604,-75.1396, ,Philadelphia
 ,5628,2017086204,6,67,67301,2017,7,7,140,1,3,2,1,5,6, , ,N,0,0,0,3,0,0,1,3,N,N,39 56:37.367,75 13:21.662,157, ,157, ,0, ,N, ,0, , , , , ,54867, , , ,3,2,0,0,0,0,1,0,0,0,0,0,0,0,1,0,0,0,0,0,0,0,0,0,0,0,0,0,0,0,0,0,0,0,0,9,0,39.9437,-75.2227, ,Philadelphia
 ,5629,2017104924,6,67,67301,2017,10,3,805,8,1,1,0,0,1, , ,N,0,0,0,3,0,1,5,5,N,N,39 53:51.854,75 11:07.430,850, ,850,2,1,1, , ,0,N, , , , ,54881, , , ,5,3,0,0,0,0,1,1,0,0,1,0,1,0,1,0,0,0,0,0,1,0,0,0,0,0,0,0,0,0,0,0,0,0,0,3,0,39.8977,-75.1854, ,Philadelphia
 ,5630,2017098015,6,67,67301,2017,9,1,120,1,3,1,0,1,1, , ,N,2,0,0,3,0,1,2,2,N, ,39 56:06.029,75 14:06.873,9999, ,9999, ,0, , , ,0, , , , , ,54882, , , ,2,0,0,0,0,0,1,0,0,0,0,0,1,1,0,0,0,0,0,0,1,0,0,0,0,0,0,0,0,0,0,0,0,0,0,8,0,39.935,-75.2352, ,Philadelphia
 ,5631,2017078755,6,67,67301,2017,6,4,1353,13,1,1,0,4,1, , ,N,1,2,0,3,0,4,4,2,N, ,40 00:55.090,75 08:13.768,1358, ,1357, ,0, , , ,3, , , , , ,54906, , , ,2,2,0,0,0,0,0,0,0,0,0,4,4,0,0,0,0,0,1,0,0,1,0,0,0,0,0,0,0,0,0,0,0,0,0,4,0,40.0153,-75.1372, ,Philadelphia
 ,5632,2017086278,6,67,67301,2017,8,3,1000,10,1,1,0,8,1, , ,N,1,2,0,3,0,1,2,2,N,N,39 58:43.884,75 10:13.036,1718, ,1710, ,0, ,N, ,3, , , , , ,54907, , , ,1,1,0,0,0,0,0,0,0,0,0,1,1,0,1,0,0,0,0,0,0,0,0,0,0,0,0,0,0,0,0,0,1,0,0,4,0,39.9789,-75.1703, ,Philadelphia
 ,5633,2017093636,6,67,67301,2017,3,1,2015,20,3,1,0,8,1, , ,N,1,2,0,3,0,1,2,2,N,N,40 04:04.742,75 03:09.950,2021, ,2019, ,0, ,N, ,3, , , , , ,54912, , , ,1,1,0,0,0,0,0,0,0,0,0,1,1,0,0,0,0,0,0,0,0,0,0,1,0,0,0,0,0,0,0,0,1,0,0,4,0,40.068,-75.0528, ,Philadelphia
 ,5634,2017105941,6,67,67301,2017,9,5,145,1,3,1,0,4,1, , ,N,1,2,0,3,0,2,4,2,N, ,40 01:59.289,75 10:14.197,157, ,151, ,0, , , ,3, , , , , ,54923, , , ,2,1,0,0,0,0,1,0,0,0,2,0,2,0,0,0,0,0,0,0,0,0,0,0,0,0,0,0,0,0,0,0,0,0,0,3,0,40.0331,-75.1706, ,Philadelphia
 ,5635,2017070494,6,67,67301,2017,6,3,530,5,1,1,0,4,1, , ,N,1,2,0,3,0,0,2,2,N,N,40 00:59.817,75 08:49.848,716, ,713, ,0, ,N, ,3, , , , , ,57803, , , ,2,2,0,0,0,0,0,0,0,0,0,0,0,0,0,0,0,0,0,0,0,1,0,0,0,0,0,0,0,0,0,0,0,0,0,0,0,40.0166,-75.1472, ,Philadelphia
 ,5636,2017088845,6,67,67301,2017,8,2,2108,21,3,1,0,4,1, , ,N,1,2,0,3,0,0,4,2,N,N,40 01:24.977,75 03:23.118,2123, ,2113,2,1,3, , ,3,N, , , , ,57832, , , ,2,1,0,0,0,0,1,0,0,0,0,0,0,0,0,0,0,1,0,0,0,0,0,0,0,0,0,0,0,0,0,0,0,0,0,0,0,40.0236,-75.0564, ,Philadelphia
 ,5637,2017086825,6,67,67301,2017,4,6,1610,16,1,1,0,4,1, , ,N,1,2,0,3,0,1,3,2,N,N,39 55:26.682,75 14:43.799,1635, ,1631, ,0, ,N, ,3, , , , , ,57835, , , ,2,2,0,0,0,0,0,0,0,0,0,0,1,1,0,0,0,0,0,0,0,0,0,0,0,0,0,0,0,0,0,0,0,0,0,8,0,39.9241,-75.2455, ,Philadelphia
 ,5638,2017061151,6,67,67301,2017,6,1,1115,11,1,1,0,1,1, , ,N,1,2,0,3,0,1,2,2,N, ,39 57:29.061,75 09:44.627,1123, ,1120, ,0, , , ,3, , , , , ,57843, , , ,2,1,0,0,0,0,1,0,0,0,0,1,1,0,0,0,0,0,0,0,0,0,0,0,0,0,0,0,0,0,0,0,0,0,0,4,0,39.9579,-75.1623, ,Philadelphia
 ,5639,2017071324,6,67,67301,2017,6,4,1130,11,1,1,0,4,1, , ,N,1,2,0,3,1,1,2,2,N,N,40 03:40.770,75 09:04.111,1150, ,1140,3,2,7,N,0,3,Y, , , , ,57848, , , ,2,2,0,0,0,0,0,0,0,0,0,0,1,1,0,0,0,0,0,0,1,0,0,0,0,0,0,0,0,0,0,0,0,0,0,1,0,40.0613,-75.1511,2,Philadelphia
 ,5640,2017076184,6,67,67301,2017,6,1,1850,18,1,1,0,5,1, , ,N,0,0,0,3,0,1,2,2,N, ,39 57:11.773,75 08:23.383,1905, ,1858, ,0, , , ,0, , , , , ,57856, , , ,2,0,1,0,0,0,1,0,0,0,0,0,1,1,0,0,0,0,0,0,0,1,0,0,0,0,0,0,0,0,0,0,0,0,0,8,0,39.9533,-75.1398, ,Philadelphia
 ,5641,2017097917,6,67,67301,2017,9,7,1620,16,1,2,1,4,1, , ,N,1,3,0,3,0,0,4,2,N, ,39 58:21.873,75 10:47.705,1629, ,1629, ,0, , , ,3, , , , , ,57885, , , ,2,2,0,0,0,0,0,0,0,0,0,0,0,0,0,0,0,0,0,0,0,0,0,0,0,0,0,0,0,0,0,0,0,0,0,0,0,39.9727,-75.1799, ,Philadelphia
 ,5642,2017080732,6,67,67301,2017,6,1,1234,12,1,1,0,1,1, , ,N,0,0,0,3,0,0,7,3,N,N,40 00:05.383,75 11:41.856,1310, ,1310, ,0, , , ,0, , , , , ,57902, , , ,3,0,0,0,0,0,3,0,0,0,0,0,0,0,0,0,0,0,0,0,1,0,0,0,0,0,0,0,0,0,0,0,0,0,0,0,0,40.0015,-75.195, ,Philadelphia
 ,5643,2017117241,6,67,67301,2017,10,1,825,8,1,1,0,5,1, , ,N,1,4,0,3,0,0,4,2,N,N,40 00:54.823,75 10:11.829,830, ,826, ,0, ,N, ,3, , , , , ,57925, , , ,2,1,0,0,0,0,1,0,0,0,0,0,0,0,0,0,0,0,0,0,1,0,0,0,0,0,0,0,0,0,0,0,0,0,0,0,0,40.0152,-75.1699, ,Philadelphia
 ,5644,2017096564,6,67,67301,2017,9,1,15,0,3,2,1,4,1, , ,N,1,2,0,3,0,0,2,2,N, ,40 01:28.770,75 03:16.227,24, ,20, ,0, , , ,3, , , , , ,57932, , , ,2,1,0,0,0,0,1,0,0,0,0,0,0,0,0,0,0,1,0,0,0,0,0,0,0,0,0,0,0,0,0,0,0,0,0,0,0,40.0247,-75.0545, ,Philadelphia
 ,5645,2017097884,6,67,67301,2017,8,5,112,1,3,1,0,7,4, , ,N,1,2,0,3,0,0,1,1,N,N,39 57:32.225,75 13:44.216,114, ,113, ,0, ,Y, ,3, , , , , ,57933, , , ,1,0,0,0,0,0,0,1,0,0,0,0,0,0,0,0,0,0,0,0,0,0,0,1,0,0,0,0,0,0,0,0,0,0,0,0,0,39.959,-75.229, ,Philadelphia
 ,5646,2017009870,6,67,67301,2017,1,1,2239,22,3,2,1,1,1, , ,N,0,0,0,3,0,2,3,2,N,N,39 58:51.366,75 12:23.364,2314, ,2309, ,0, , , ,0, , , , , ,57940, , , ,2,1,0,0,0,1,0,0,0,0,2,0,2,0,0,0,0,0,0,0,1,0,0,0,0,0,0,0,0,0,0,0,0,0,0,3,1,39.9809,-75.2065, ,Philadelphia
 ,5647,2017078826,6,67,67301,2017,7,1,1600,16,1,1,0,1,6, , ,N,0,0,0,3,0,2,3,2,N, ,39 59:48.961,75 06:00.505,1659, ,1655, ,0, , , ,0, , , , , ,57956, , , ,2,2,0,0,0,0,0,0,0,0,0,2,2,0,0,0,0,0,0,0,0,0,0,1,0,0,0,0,0,0,0,0,0,0,0,4,0,39.9969,-75.1001, ,Philadelphia
 ,5648,2017091858,6,67,67301,2017,8,5,1138,11,1,1,0,4,1, , ,N,1,2,0,3,0,1,2,3,N, ,39 59:05.816,75 09:29.666,1139, ,1139, ,0, , , ,3, , , , , ,57965, , , ,3,0,0,0,0,0,3,0,0,0,1,0,1,0,0,0,0,0,1,0,0,0,0,0,0,0,0,0,0,0,0,0,0,0,0,3,0,39.9849,-75.1582, ,Philadelphia