wz_ln_closure,objectid_1,crn,district,county,municipality,crash_year,crash_month,day_of_week,time_of_day,hour_of_day,illumination,weather,road_condition,collision_type,relation_to_road,work_zone_type,work_zone_loc,work_zone_ind,intersect_type,tcd_type,location_type,urban_rural,fatal_count,injury_count,person_count,total_units,sch_bus_ind,sch_zone_ind,latitude,longitude,arrival_tm,cons_zone_spd_lim,dispatch_tm,est_hrs_closed,lane_closed,ln_close_dir,ntfy_hiwy_maint,spec_juris_cd,tcd_func_cd,tfc_detour_ind,workers_pres,wz_close_detour,wz_flagger,wz_law_offcr_ind,objectid,wz_moving,wz_other,wz_shlder_mdn,vehicle_count,automobile_count,motorcycle_count,bus_count,small_truck_count,heavy_truck_count,suv_count,van_count,bicycle_count,maj_inj_count,mod_inj_count,min_inj_count,tot_inj_count,unk_inj_deg_count,unk_inj_per_count,driver_count_16yr,driver_count_17yr,driver_count_18yr,driver_count_19yr,driver_count_20yr,driver_count_50_64yr,driver_count_65_74yr,driver_count_75plus,unbelted_occ_count,unb_death_count,unb_maj_inj_count,belted_death_count,belted_maj_inj_count,mcycle_death_count,mcycle_maj_inj_count,bicycle_death_count,bicycle_maj_inj_count,ped_count,ped_death_count,ped_maj_inj_count,max_severity_level,comm_veh_count,dec_lat,dec_long,rdwy_surf_type_cd,county_name
 ,5649,2017097951,6,67,67301,2017,9,2,637,6,1,1,0,5,6, , ,N,0,0,0,3,0,2,6,3,N,N,40 01:26.985,75 09:55.513,9999, ,9999,1,1,1,N, ,0,N, , , , ,57976, , , ,2,2,0,0,0,0,0,0,0,0,0,0,2,2,0,0,0,0,0,0,0,0,0,0,0,0,0,0,0,0,0,0,0,0,0,8,0,40.0242,-75.1654, ,Philadelphia
 ,5650,2017060644,6,67,67301,2017,5,5,2000,20,3,2,1,4,1, , ,N,1,2,0,3,0,1,3,2,N, ,40 06:06.598,75 01:39.000,2050, ,2042, ,0, , , ,3, , , , , ,57995, , , ,2,2,0,0,0,0,0,0,0,0,0,0,1,1,0,0,0,0,0,0,0,0,0,0,0,0,0,0,0,0,0,0,0,0,0,8,0,40.1018,-75.0275, ,Philadelphia
 ,5651,2017067935,6,67,67301,2017,6,5,1935,19,4,1,0,1,1, , ,N,1,2,0,3,0,1,4,3,N, ,39 55:38.416,75 08:41.201,1951, ,1944, ,0, , , ,3, , , , , ,57997, , , ,3,0,0,0,1,0,1,1,0,0,0,0,1,1,0,0,0,0,1,0,0,1,0,2,0,0,0,0,0,0,0,0,0,0,0,8,0,39.9273,-75.1448, ,Philadelphia
N,5652,2017087123,6,67,67301,2017,8,3,1135,11,1,1,0,7,4,1,4,Y,0,0,0,3,0,0,1,1,N,N,39 58:34.107,75 06:54.590,1135,45,1135,2,2,1, , ,0,N,N,N,N,N,58008,N,Y,N,1,1,0,0,0,0,0,0,0,0,0,0,0,0,0,0,0,0,0,0,0,0,0,0,0,0,0,0,0,0,0,0,0,0,0,0,0,39.9761,-75.1152, ,Philadelphia
 ,5653,2017109854,6,67,67301,2017,10,1,645,6,1,1,0,1,1, , ,N,1,2,0,3,0,1,2,2,N,N,39 57:53.634,75 13:28.424,815, ,810, ,0, ,N, ,3, , , , , ,61143, , , ,2,2,0,0,0,0,0,0,0,0,0,1,1,0,0,0,0,0,0,0,0,0,0,1,0,0,0,0,0,0,0,0,0,0,0,4,0,39.965,-75.2246, ,Philadelphia
N,5654,2017110782,6,67,67301,2017,10,4,934,9,1,1,0,1,2,1,5,Y,7,0,2,3,0,1,2,2,N,N,39 58:54.695,75 06:05.853,955,45,935, ,0, , , ,0, ,Y,N,N,N,61152,N,N,Y,2,1,0,0,0,0,0,1,0,0,0,0,1,1,0,0,0,0,0,0,0,0,0,0,0,0,0,0,0,0,0,0,0,0,0,8,0,39.9819,-75.1016, ,Philadelphia
 ,5655,2017060532,6,67,67301,2017,5,5,1930,19,4,1,0,8,1, , ,N,0,0,0,3,0,1,2,2,N, ,40 01:06.164,75 05:21.962,415, ,400, ,0, , , ,0, , , , , ,61164, , , ,1,1,0,0,0,0,0,0,0,1,0,0,1,0,0,0,0,0,0,0,0,0,0,1,0,0,0,0,0,0,0,0,1,0,1,2,0,40.0184,-75.0894, ,Philadelphia
 ,5656,2017084828,6,67,67301,2017,8,7,1010,10,1,1,0,5,1, , ,N,0,0,3,3,0,1,2,2,N,N,39 54:27.200,75 08:36.300,1016, ,1014,1,1,3,N, ,0,N, , , , ,61173, , , ,2,0,1,0,0,0,1,0,0,0,1,0,1,0,0,0,0,0,0,0,1,0,0,0,0,0,0,0,0,0,0,0,0,0,0,3,0,39.9076,-75.1434, ,Philadelphia
 ,5657,2017078811,6,67,67301,2017,7,3,915,9,1,1,0,1,1, , ,N,0,0,0,3,0,1,1,2,N,N,40 03:56.070,75 02:29.474,916, ,915, ,0, ,N, ,0, , , , , ,61177, , , ,2,0,0,0,1,0,1,0,0,0,0,1,1,0,0,0,0,0,0,0,0,1,0,0,0,0,0,0,0,0,0,0,0,0,0,4,0,40.0656,-75.0415, ,Philadelphia
 ,5658,2017086121,6,67,67301,2017,7,2,1215,12,1,1,0,1,1, , ,N,1,2,0,3,0,2,2,2,N, ,39 56:56.539,75 08:57.156,1216, ,1215, ,0, , , ,3, , , , , ,61180, , , ,2,0,0,1,0,0,1,0,0,0,0,2,2,0,0,0,0,0,0,0,0,0,0,0,0,0,0,0,0,0,0,0,0,0,0,4,1,39.949,-75.1492, ,Philadelphia
 ,5659,2017088807,6,67,67301,2017,8,7,1730,17,1,1,0,8,1, , ,N,1,2,0,3,0,1,3,2,N,N,39 54:14.223,75 09:44.265,1737, ,1733,2,2,1,N, ,3,N, , , , ,61197, , , ,1,0,0,0,0,0,1,0,0,0,0,0,1,1,0,0,0,0,0,0,0,0,0,0,0,0,0,0,0,0,0,0,1,0,0,8,0,39.904,-75.1623, ,Philadelphia
 ,5660,2017068193,6,67,67301,2017,6,4,1042,10,1,1,0,0,1, , ,N,0,0,0,3,0,0,2,2,N,N,39 58:14.395,75 11:34.615,1100, ,1045, ,0, , , ,0, , , , , ,61222, , , ,2,0,0,0,0,0,1,0,0,0,0,0,0,0,1,0,0,0,0,0,0,1,0,0,0,0,0,0,0,0,0,0,0,0,0,9,0,39.9691,-75.1918, ,Philadelphia
 ,5661,2017070461,6,67,67301,2017,6,7,1200,12,1,2,1,5,1, , ,N,0,0,0,3,0,1,2,2,N, ,39 57:08.622,75 09:11.915,1212, ,1209, ,0, , , ,0, , , , , ,61223, , , ,1,0,0,0,0,0,0,0,1,0,0,0,1,1,0,0,0,0,0,0,0,0,0,0,0,0,0,0,0,0,0,0,0,0,0,8,0,39.9524,-75.1533, ,Philadelphia
 ,5662,2017076218,6,67,67301,2017,6,2,855,8,1,1,0,4,1, , ,N,1,2,0,3,0,1,2,2,N, ,40 00:46.879,75 07:10.153,907, ,900, ,0, , , ,3, , , , , ,61228, , , ,2,2,0,0,0,0,0,0,0,0,0,0,1,1,0,0,0,0,0,0,1,0,0,1,0,0,0,0,0,0,0,0,0,0,0,8,0,40.013,-75.1195, ,Philadelphia
 ,5663,2017086857,6,67,67301,2017,5,4,847,8,1,1,0,7,4, , ,N,0,0,0,3,0,1,3,1,N, ,39 57:17.206,75 10:59.133,855, ,851,2,1,3, , ,0,N, , , , ,61234, , , ,1,1,0,0,0,0,0,0,0,0,0,0,1,1,2,0,0,0,0,0,0,0,0,0,0,0,0,0,0,0,0,0,0,0,0,8,0,39.9548,-75.1831, ,Philadelphia
 ,5664,2017096582,6,67,67301,2017,8,7,315,3,3,2,1,8,1, , ,N,1,3,0,3,0,1,2,2,N, ,40 01:46.938,75 02:35.861,338, ,335, ,0, , , ,3, , , , , ,61249, , , ,1,1,0,0,0,0,0,0,0,0,0,1,1,0,0,0,0,0,0,0,0,0,0,1,0,0,0,0,0,0,0,0,1,0,0,4,0,40.0297,-75.0433, ,Philadelphia
 ,5665,2017096581,6,67,67301,2017,4,1,1930,19,3,2,1,4,1, , ,N,2,2,0,3,0,0,3,2,N, ,39 57:23.622,75 09:04.685,1950, ,1942,2,1,1, , ,3,N, , , , ,61252, , , ,2,1,0,0,0,0,1,0,0,0,0,0,0,0,2,0,0,0,0,0,0,0,0,0,0,0,0,0,0,0,0,0,0,0,0,9,0,39.9566,-75.1513, ,Philadelphia
 ,5666,2017078891,6,67,67301,2017,6,3,701,7,1,1,0,1,1, , ,N,1,2,0,3,0,1,2,2,N,N,40 02:42.130,75 06:03.888,740, ,731,9,1,5, , ,3,N, , , , ,61272, , , ,2,2,0,0,0,0,0,0,0,0,0,0,1,1,0,0,0,0,0,0,2,0,0,0,0,0,0,0,0,0,0,0,0,0,0,8,0,40.045,-75.1011, ,Philadelphia
 ,5667,2017086932,6,67,67301,2017,1,3,1335,13,1,2,1,1,1, , ,N,1,2,0,3,0,1,3,2,N, ,39 57:06.276,75 09:29.927,1347, ,1344, ,0, , , ,3, , , , , ,61275, , , ,2,0,0,1,0,0,0,1,0,0,0,1,1,0,0,0,0,0,0,0,1,0,0,1,0,0,0,0,0,0,0,0,0,0,0,4,1,39.9517,-75.1582, ,Philadelphia
 ,5668,2017086901,6,67,67301,2017,5,3,1302,13,1,2,1,8,1, , ,N,0,0,0,3,0,1,3,2,N,N,39 58:14.866,75 09:34.739,1315, ,1315, ,0, ,N, ,0, , , , , ,61278, , , ,1,0,0,0,0,0,1,0,0,0,0,0,1,1,0,0,0,0,0,0,0,1,0,1,0,0,0,0,0,0,0,0,1,0,0,8,0,39.9708,-75.1597, ,Philadelphia
 ,5669,2017115958,6,67,67301,2017,10,4,1536,15,1,1,0,4,1, , ,N,1,2,0,3,0,0,3,2,N,N,39 54:42.148,75 10:20.534,1536, ,1536, ,0, ,N, ,3, , , , , ,61297, , , ,2,0,0,0,0,1,1,0,0,0,0,0,0,0,0,0,0,0,0,0,0,0,0,1,0,0,0,0,0,0,0,0,0,0,0,0,1,39.9117,-75.1724, ,Philadelphia
 ,5670,2017093637,6,67,67301,2017,8,5,1049,10,1,1,0,4,1, , ,N,1,2,0,3,0,0,5,3,N,N,40 02:02.040,75 04:27.136,1105, ,1050,2,2,7,N, ,3,Y, , , , ,61300, , , ,3,2,0,0,0,0,1,0,0,0,0,0,0,0,0,0,0,0,0,0,0,0,0,0,0,0,0,0,0,0,0,0,0,0,0,0,0,40.0339,-75.0742, ,Philadelphia
 ,5671,2017078783,6,67,67301,2017,6,6,9999,99,1,1,0,5,1, , ,N,1,2,3,3,0,1,2,2,N,N,39 57:25.914,75 09:19.775,1835, ,1828, ,0, ,N, ,3, , , , , ,64356, , , ,2,2,0,0,0,0,0,0,0,0,0,1,1,0,0,0,0,0,0,0,0,1,0,1,0,0,0,0,0,0,0,0,0,0,0,4,0,39.9572,-75.1555, ,Philadelphia
 ,5672,2017058228,6,67,67301,2017,5,1,50,0,3,1,1,5,6, , ,N,0,0,0,3,0,0,1,4,N,N,40 02:56.288,75 07:04.269,138, ,54,3,1,4,N, ,0,N, , , , ,64362, , , ,4,2,0,0,1,0,1,0,0,0,0,0,0,0,0,0,0,0,0,0,0,0,0,0,0,0,0,0,0,0,0,0,0,0,0,0,0,40.049,-75.1179, ,Philadelphia
 ,5673,2017070606,6,67,67301,2017,6,4,1931,19,1,1,0,1,1, , ,N,0,0,0,3,0,0,5,3,N,N,39 57:34.922,75 10:35.151,1944, ,1932,1,1,4, , ,0,N, , , , ,64363, , , ,3,2,0,0,0,0,1,0,0,0,0,0,0,0,0,0,0,1,0,0,0,0,0,0,0,0,0,0,0,0,0,0,0,0,0,0,0,39.9596,-75.1757, ,Philadelphia
 ,5674,2017074079,6,67,67301,2017,5,3,1630,16,1,1,0,1,1, , ,N,1,2,0,3,0,1,4,2,Y,N,39 58:23.685,75 12:43.721,0, ,0, ,0, ,N, ,3, , , , , ,64373, , , ,2,0,0,1,0,0,0,1,0,0,1,0,1,0,0,0,0,0,0,0,1,0,0,0,0,0,0,0,0,0,0,0,0,0,0,3,1,39.9732,-75.2121, ,Philadelphia
 ,5675,2017086940,6,67,67301,2017,1,5,600,6,5,2,1,6,1, , ,N,0,0,0,3,0,1,4,3,N,N,40 04:01.223,75 08:44.982,705, ,700, ,0, ,N, ,0, , , , , ,64380, , , ,3,3,0,0,0,0,0,0,0,0,0,1,1,0,0,0,0,0,0,1,1,0,0,0,0,0,0,0,0,0,0,0,0,0,0,4,0,40.067,-75.1458, ,Philadelphia
 ,5676,2017088297,6,67,67301,2017,8,3,50,0,3,1,0,6,6, , ,N,0,0,0,3,0,0,1,2,N,N,39 58:56.899,75 07:35.803,54, ,51,1,2,1,N, ,0,Y, , , , ,64394, , , ,2,2,0,0,0,0,0,0,0,0,0,0,0,0,0,0,0,0,0,0,0,0,0,0,0,0,0,0,0,0,0,0,0,0,0,0,0,39.9825,-75.1266, ,Philadelphia
 ,5677,2017084772,6,67,67301,2017,4,2,1208,12,1,1,0,1,1, , ,N,0,0,0,3,0,2,4,3,N,N,39 56:03.718,75 11:59.552,1253, ,1209, ,0, , , ,0, , , , , ,64413, , , ,3,0,0,0,0,0,2,1,0,0,2,0,2,0,0,0,0,0,0,0,1,0,0,0,0,0,0,0,0,0,0,0,0,0,0,3,0,39.9344,-75.1999, ,Philadelphia
 ,5678,2017078834,6,67,67301,2017,7,1,559,5,5,1,0,5,6, , ,N,0,0,0,3,0,0,1,3,N,N,39 59:19.136,75 09:20.688,835, ,835, ,0, ,N, ,0, , , , , ,64419, , , ,3,3,0,0,0,0,0,0,0,0,0,0,0,0,0,0,0,0,0,0,0,0,0,0,0,0,0,0,0,0,0,0,0,0,0,0,0,39.9886,-75.1557, ,Philadelphia
 ,5679,2017086243,6,67,67301,2017,7,4,1850,18,1,1,0,4,1, , ,N,2,0,0,3,0,3,3,2,N, ,40 01:08.034,75 04:21.383,1854, ,1854, ,0, , , ,0, , , , , ,64429, , , ,2,2,0,0,0,0,0,0,0,0,0,0,3,3,0,0,0,0,0,0,0,0,0,0,0,0,0,0,0,0,0,0,0,0,0,8,0,40.0189,-75.0726, ,Philadelphia
 ,5680,2017120707,6,67,67301,2017,10,4,1802,18,3,1,0,4,1, , ,N,2,3,0,3,0,1,2,2,N, ,40 00:27.360,75 06:06.951,2018, ,2018, ,0, , , ,3, , , , , ,64440, , , ,2,2,0,0,0,0,0,0,0,0,0,1,1,0,0,0,0,0,0,0,1,0,0,0,0,0,0,0,0,0,0,0,0,0,0,4,0,40.0076,-75.1019, ,Philadelphia
 ,5681,2017091830,6,67,67301,2017,8,3,1614,16,1,2,1,1,1, , ,N,0,2,0,3,0,2,4,2,N,N,40 00:28.206,75 08:24.355,1945, ,1945, ,0, ,N, ,3, , , , , ,64484, , , ,2,0,0,0,0,0,1,1,0,0,0,0,2,2,0,0,0,0,0,0,1,0,0,2,0,0,0,0,0,0,0,0,0,0,0,8,0,40.0078,-75.1401, ,Philadelphia
 ,5682,2017067710,6,67,67301,2017,5,1,2000,20,3,2,1,4,1, , ,N,0,0,0,3,0,1,3,3,N, ,40 00:58.916,75 09:28.843,2012, ,2010,2,2,2, , ,0,Y, , , , ,64520, , , ,3,3,0,0,0,0,0,0,0,0,0,1,1,0,1,0,0,0,0,0,0,0,0,0,0,0,0,0,0,0,0,0,0,0,0,4,0,40.0164,-75.158, ,Philadelphia
 ,5683,2017078700,6,67,67301,2017,7,2,1640,16,1,1,0,8,1, , ,N,0,0,0,3,0,1,2,2,N,N,39 59:58.348,75 05:57.104,1643, ,1641, ,0, ,N, ,0, , , , , ,64547, , , ,1,0,0,1,0,0,0,0,0,0,0,1,1,0,0,0,0,0,0,0,0,0,0,0,0,0,0,0,0,0,0,0,1,0,0,4,1,39.9995,-75.0992, ,Philadelphia
 ,5684,2017078716,6,67,67301,2017,7,2,213,2,3,1,0,4,1, , ,N,1,3,0,3,0,2,3,2,N,N,40 04:06.304,75 09:42.667,248, ,242, ,0, ,N, ,3, , , , , ,64549, , , ,2,2,0,0,0,0,0,0,0,0,0,0,2,2,1,0,0,0,0,0,0,0,0,0,0,0,0,0,0,0,0,0,0,0,0,8,0,40.0684,-75.1619, ,Philadelphia
 ,5685,2017076280,6,67,67301,2017,6,1,1256,12,1,1,0,4,1, , ,N,1,3,0,3,0,0,2,2,N, ,39 58:07.093,75 14:01.874,1306, ,1306, ,0, , , ,3, , , , , ,64551, , , ,2,0,0,0,0,0,2,0,0,0,0,0,0,0,0,0,0,0,0,0,0,0,0,2,0,0,0,0,0,0,0,0,0,0,0,0,0,39.9686,-75.2339, ,Philadelphia
 ,5686,2017081534,6,67,67301,2017,8,4,950,9,1,1,0,0,1, , ,N,1,2,2,3,0,1,1,1,N,N,39 55:18.061,75 11:24.286,1003, ,951,3,2,4, , ,3,Y, , , , ,64561, , , ,1,0,0,0,0,1,0,0,0,0,0,0,1,1,0,0,0,0,0,0,0,0,0,0,0,0,0,0,0,0,0,0,0,0,0,8,1,39.9217,-75.19, ,Philadelphia
 ,5687,2017107964,6,67,67301,2017,9,4,1614,16,1,1,0,4,1, , ,N,1,2,0,3,1,2,4,2,N,N,39 58:11.965,75 08:35.133,1621, ,1616, ,0, ,N,0,3, , , , , ,64569, , , ,2,1,0,0,0,0,0,0,0,0,2,0,2,0,0,0,0,0,0,0,0,0,0,0,0,0,0,0,0,0,0,0,0,0,0,1,0,39.9699,-75.1431,2,Philadelphia
 ,5688,2017091784,6,67,67301,2017,8,4,2008,20,2,1,0,5,6, , ,N,0,0,0,3,0,1,1,2,N, ,39 58:26.105,75 16:17.400,2013, ,2008, ,0, , , ,0, , , , , ,64574, , , ,2,1,0,0,0,0,1,0,0,0,0,1,1,0,0,0,0,0,0,0,0,0,0,0,0,0,0,0,0,0,0,0,0,0,0,4,0,39.9739,-75.2715, ,Philadelphia
 ,5689,2017109843,6,67,67301,2017,10,1,1120,11,1,1,0,8,1, , ,N,1,3,0,3,0,1,2,2,N,N,40 02:22.909,75 08:36.142,1123, ,1120,3,2,2,N, ,3,Y, , , , ,54937, , , ,1,0,0,1,0,0,0,0,0,1,0,0,1,0,0,0,0,0,0,0,1,0,0,0,0,0,0,0,0,0,0,0,1,0,1,2,1,40.0397,-75.1434, ,Philadelphia
 ,5690,2017086926,6,67,67301,2017,2,2,1645,16,1,1,0,5,6, , ,N,0,0,0,3,0,1,1,5,N,N,39 59:36.888,75 08:20.875,1653, ,1652,4,2,4,N, ,0,Y, , , , ,54968, , , ,5,2,0,0,1,0,1,1,0,0,0,1,1,0,0,0,0,0,0,0,1,0,0,0,0,0,0,0,0,0,0,0,0,0,0,4,0,39.9936,-75.1391, ,Philadelphia
 ,5691,2017055684,6,67,67301,2017,5,4,428,4,5,1,0,5,6, , ,N,0,0,0,3,0,0,2,2,N,N,39 59:42.723,75 08:50.373,428, ,436, ,0, , , ,0, , , , , ,55008, , , ,2,2,0,0,0,0,0,0,0,0,0,0,0,0,0,0,0,0,0,0,1,0,0,2,0,0,0,0,0,0,0,0,0,0,0,0,0,39.9952,-75.1473, ,Philadelphia
 ,5692,2017067948,6,67,67301,2017,6,7,1315,13,1,1,0,6,6, , ,N,0,0,0,3,0,0,1,3,N,N,40 00:02.358,75 06:33.382,1315, ,1315, ,0, ,N, ,0, , , , , ,55017, , , ,3,1,0,0,0,0,2,0,0,0,0,0,0,0,0,0,0,0,0,0,0,0,0,1,0,0,0,0,0,0,0,0,0,0,0,0,0,40.0007,-75.1093, ,Philadelphia
 ,5693,2017086671,6,67,67301,2017,3,7,105,1,3,1,0,5,6, , ,N,0,0,0,3,0,0,1,2,N, ,40 03:06.327,75 10:47.357,112, ,110, ,0, , , ,0, , , , , ,55025, , , ,2,2,0,0,0,0,0,0,0,0,0,0,0,0,0,0,0,0,0,0,0,0,0,1,0,0,0,0,0,0,0,0,0,0,0,0,0,40.0518,-75.1798, ,Philadelphia
 ,5694,2017121500,6,67,67301,2017,10,7,237,2,3,1,0,5,1, , ,N,0,0,0,3,0,2,5,2,N,N,39 58:36.716,75 06:49.608,245, ,240,2,2,2, , ,0,N, , , , ,55026, , , ,2,0,0,0,0,0,2,0,0,0,0,0,2,2,0,0,0,0,0,0,1,0,0,0,0,0,0,0,0,0,0,0,0,0,0,8,0,39.9768,-75.1138, ,Philadelphia
 ,5695,2017096526,6,67,67301,2017,8,3,1555,15,1,1,0,1,1, , ,N,1,2,0,3,0,1,4,2,N, ,39 58:49.278,75 10:55.949,1650, ,1640, ,0, , , ,3, , , , , ,55036, , , ,2,1,0,1,0,0,0,0,0,1,0,0,1,0,0,0,0,0,0,0,0,0,0,1,0,0,0,0,0,0,0,0,0,0,0,2,1,39.9804,-75.1822, ,Philadelphia
 ,5696,2017097818,6,67,67301,2017,7,6,143,1,3,1,0,7,4, , ,N,0,0,0,3,0,1,1,1,N,N,40 00:46.829,75 08:50.062,143, ,143,3,1,1,N, ,0,N, , , , ,55038, , , ,1,1,0,0,0,0,0,0,0,0,1,0,1,0,0,0,0,0,0,0,0,0,0,0,0,0,0,0,0,0,0,0,0,0,0,3,0,40.013,-75.1472, ,Philadelphia
 ,5697,2017107535,6,67,67301,2017,10,7,1223,12,1,1,0,5,1, , ,N,0,0,0,3,0,0,3,2,N,N,39 59:02.772,75 05:46.494,1255, ,1255,2,1,2, , ,0,Y, , , , ,55054, , , ,2,2,0,0,0,0,0,0,0,0,0,0,0,0,1,0,0,0,0,0,1,0,0,0,0,0,0,0,0,0,0,0,0,0,0,9,0,39.9841,-75.0962, ,Philadelphia
 ,5698,2017088774,6,67,67301,2017,8,6,1846,18,1,1,0,8,1, , ,N,0,0,0,3,0,1,3,3,N, ,39 59:02.739,75 06:30.758,1850, ,1847, ,0, , , ,0, , , , , ,55058, , , ,1,1,0,0,0,0,0,0,0,0,0,1,1,0,0,0,0,0,0,0,0,0,0,1,0,0,0,0,0,0,0,0,2,0,0,4,0,39.9841,-75.1085, ,Philadelphia
 ,5699,2017103242,6,67,67301,2017,10,6,1640,16,1,1,0,5,1, , ,N,0,0,0,3,0,1,3,3,N,N,39 57:01.744,75 11:34.552,1648, ,1644, ,0, ,N, ,0, , , , , ,55064, , , ,2,0,0,0,0,0,1,1,1,0,0,0,1,1,0,0,0,0,0,0,0,1,0,1,0,0,0,0,0,0,0,0,0,0,0,8,0,39.9505,-75.1929, ,Philadelphia
 ,5700,2017096451,6,67,67301,2017,8,4,1910,19,3,1,0,1,1, , ,N,1,2,0,3,0,0,2,2,N, ,40 01:16.664,75 09:36.789,1910, ,1910,9,1,2, , ,3,N, , , , ,55069, , , ,2,1,0,0,1,0,0,0,0,0,0,0,0,0,0,0,0,0,0,0,0,0,0,0,0,0,0,0,0,0,0,0,0,0,0,0,0,40.0213,-75.1602, ,Philadelphia
 ,5701,2017130667,6,67,67301,2017,11,3,330,3,3,1,0,7,3, , ,N,2,4,2,3,0,1,1,1,N,N,39 58:58.549,75 05:52.823,337, ,333, ,0, ,N, ,3, , , , , ,55074, , , ,1,1,0,0,0,0,0,0,0,0,0,1,1,0,0,0,0,0,0,0,0,0,0,0,0,0,0,0,0,0,0,0,0,0,0,4,0,39.9829,-75.098, ,Philadelphia
 ,5702,2017136614,6,67,67301,2017,12,1,1725,17,3,1,0,1,1, , ,N,0,0,0,3,0,0,6,2,N,N,39 57:29.525,75 08:28.402,1739, ,1729,1,2,2, , ,0,N, , , , ,55075, , , ,2,0,0,0,1,0,0,1,0,0,0,0,0,0,0,0,0,0,0,0,0,0,0,0,0,0,0,0,0,0,0,0,0,0,0,0,0,39.9582,-75.1412, ,Philadelphia
 ,5703,2017136937,6,67,67301,2017,12,7,323,3,3,1,0,7,3, , ,N,0,0,0,3,0,1,2,1,N,N,40 01:53.951,75 01:17.351,336, ,323,1,1,2, , ,0,N, , , , ,55078, , , ,1,1,0,0,0,0,0,0,0,0,1,0,1,0,0,0,0,0,0,0,0,0,0,1,0,0,0,0,0,0,0,0,0,0,0,3,0,40.0317,-75.0215, ,Philadelphia
 ,5704,2017068028,6,67,67301,2017,6,2,1040,10,1,1,1,4,1, , ,N,1,2,0,3,0,2,2,2,N,N,40 06:23.722,74 59:56.568,1100, ,1044,2,1,2,N, ,3,N, , , , ,55088, , , ,2,0,0,0,0,0,1,1,0,0,0,0,2,2,0,0,0,0,0,0,1,0,0,0,0,0,0,0,0,0,0,0,0,0,0,8,0,40.1066,-74.999, ,Philadelphia
 ,5705,2017067872,6,67,67301,2017,6,7,723,7,1,2,1,4,1, , ,N,0,0,7,3,0,1,3,2,N,N,40 01:37.330,75 08:04.521,9999, ,728, ,0, , , ,0, , , , , ,55135, , , ,2,1,0,0,0,1,0,0,0,0,0,1,1,0,0,0,0,0,0,0,0,0,0,0,0,0,0,0,0,0,0,0,0,0,0,4,1,40.027,-75.1346, ,Philadelphia
 ,5706,2017067885,6,67,67301,2017,6,4,2300,23,3,1,0,4,1, , ,N,1,2,0,3,0,1,2,2,N,N,40 01:21.738,75 08:00.643,9, ,2334, ,0, ,N, ,3, , , , , ,55145, , , ,2,2,0,0,0,0,0,0,0,0,0,1,1,0,0,0,0,0,0,0,0,0,0,0,0,0,0,0,0,0,0,0,0,0,0,4,0,40.0227,-75.1335, ,Philadelphia
 ,5707,2017078720,6,67,67301,2017,6,6,809,8,1,1,0,4,1, , ,N,1,2,0,3,0,2,2,2,N,N,40 01:45.210,75 10:28.410,818, ,816, ,0, ,N, ,3, , , , , ,58009, , , ,2,0,0,0,0,0,2,0,0,0,0,0,2,2,0,0,0,0,0,0,0,0,0,1,0,0,0,0,0,0,0,0,0,0,0,8,0,40.0292,-75.1746, ,Philadelphia
 ,5708,2017082279,6,67,67301,2017,8,3,724,7,1,1,0,1,1, , ,N,0,0,0,3,0,0,3,3,N,N,39 57:36.272,75 10:46.058,749, ,725,1,1,4, , ,0,N, , , , ,58010, , , ,3,2,0,0,0,0,1,0,0,0,0,0,0,0,0,0,0,0,0,0,0,0,0,0,0,0,0,0,0,0,0,0,0,0,0,0,0,39.9601,-75.1794, ,Philadelphia
 ,5709,2017086052,6,67,67301,2017,7,6,1236,12,1,1,0,7,3, , ,N,1,2,0,3,0,1,1,1,N,N,40 01:47.551,75 06:15.531,1244, ,1242,2,1,1,Y, ,3,Y, , , , ,58015, , , ,1,1,0,0,0,0,0,0,0,0,0,1,1,0,0,0,0,0,0,0,1,0,0,0,0,0,0,0,0,0,0,0,0,0,0,4,0,40.0298,-75.1043, ,Philadelphia
 ,5710,2017117230,6,67,67301,2017,10,6,1150,11,1,1,0,5,1, , ,N,0,0,0,3,0,1,3,2,N,N,39 55:53.134,75 11:07.508,9999, ,1158, ,0, ,N, ,0, , , , , ,58025, , , ,1,1,0,0,0,0,0,0,1,0,0,0,1,1,0,0,0,0,0,0,0,0,0,0,0,0,0,0,0,0,0,0,0,0,0,8,0,39.9314,-75.1854, ,Philadelphia
 ,5711,2017098002,6,67,67301,2017,9,6,1945,19,3,1,0,4,1, , ,N,1,2,0,3,0,1,2,2,N,N,40 01:31.355,75 04:23.942,1950, ,1950,1,1,4,N, ,3,N, , , , ,58070, , , ,1,0,0,0,0,0,1,0,1,0,0,1,1,0,0,0,0,0,0,0,0,0,0,0,0,0,0,0,0,0,0,0,0,0,0,4,0,40.0254,-75.0733, ,Philadelphia
 ,5712,2017072452,6,46,46102,2017,7,7,1406,14,1,1,0,4,1, , ,N,0,0,7,3,0,2,3,2,N,N,40 04:25.388,75 09:27.769,1410, ,1408,2,1,4,N, ,0,N, , , , ,58082, , , ,2,2,0,0,0,0,0,0,0,0,0,0,2,2,0,0,0,0,0,0,1,0,0,0,0,0,0,0,0,0,0,0,0,0,0,8,0,40.0737,-75.1577, ,Montgomery