wz_ln_closure,objectid_1,crn,district,county,municipality,crash_year,crash_month,day_of_week,time_of_day,hour_of_day,illumination,weather,road_condition,collision_type,relation_to_road,work_zone_type,work_zone_loc,work_zone_ind,intersect_type,tcd_type,location_type,urban_rural,fatal_count,injury_count,person_count,total_units,sch_bus_ind,sch_zone_ind,latitude,longitude,arrival_tm,cons_zone_spd_lim,dispatch_tm,est_hrs_closed,lane_closed,ln_close_dir,ntfy_hiwy_maint,spec_juris_cd,tcd_func_cd,tfc_detour_ind,workers_pres,wz_close_detour,wz_flagger,wz_law_offcr_ind,objectid,wz_moving,wz_other,wz_shlder_mdn,vehicle_count,automobile_count,motorcycle_count,bus_count,small_truck_count,heavy_truck_count,suv_count,van_count,bicycle_count,maj_inj_count,mod_inj_count,min_inj_count,tot_inj_count,unk_inj_deg_count,unk_inj_per_count,driver_count_16yr,driver_count_17yr,driver_count_18yr,driver_count_19yr,driver_count_20yr,driver_count_50_64yr,driver_count_65_74yr,driver_count_75plus,unbelted_occ_count,unb_death_count,unb_maj_inj_count,belted_death_count,belted_maj_inj_count,mcycle_death_count,mcycle_maj_inj_count,bicycle_death_count,bicycle_maj_inj_count,ped_count,ped_death_count,ped_maj_inj_count,max_severity_level,comm_veh_count,dec_lat,dec_long,rdwy_surf_type_cd,county_name
 ,5713,2017077827,6,67,67301,2017,7,1,1520,15,1,1,0,1,1, , ,N,0,0,0,3,0,0,3,2,N,N,40 00:36.073,75 11:10.951,1545, ,1530,1,2,2,N, ,0,N, , , , ,58086, , , ,2,1,0,0,0,0,1,0,0,0,0,0,0,0,0,0,0,0,0,0,2,0,0,0,0,0,0,0,0,0,0,0,0,0,0,0,0,40.01,-75.1864, ,Philadelphia
 ,5714,2017076119,6,67,67301,2017,6,1,120,1,3,1,0,1,1, , ,N,0,0,0,3,0,2,4,2,N, ,39 57:38.636,75 08:13.595,140, ,132, ,0, , , ,0, , , , , ,58091, , , ,2,0,0,0,0,0,2,0,0,0,0,2,2,0,0,0,0,0,0,0,0,0,0,0,0,0,0,0,0,0,0,0,0,0,0,4,0,39.9607,-75.1371, ,Philadelphia
 ,5715,2017067846,6,67,67301,2017,5,7,1640,16,1,1,0,8,1, , ,N,0,0,0,3,0,1,2,2,N,N,39 56:54.145,75 13:45.643,1651, ,1646, ,0, ,N, ,0, , , , , ,58094, , , ,1,0,0,0,0,0,1,0,0,0,0,1,1,0,0,0,0,0,0,0,0,0,0,0,0,0,0,0,0,0,0,0,1,0,0,4,0,39.9484,-75.2293, ,Philadelphia
 ,5716,2017076163,6,67,67301,2017,6,6,1730,17,1,1,0,1,1, , ,N,0,0,0,3,0,1,3,3,N,N,39 59:40.758,75 11:13.531,1734, ,1730, ,0, , , ,0, , , , , ,58095, , , ,3,2,0,0,0,0,0,1,0,0,0,1,1,0,0,0,0,0,0,0,0,0,0,2,0,0,0,0,0,0,0,0,0,0,0,4,0,39.9947,-75.1871, ,Philadelphia
 ,5717,2017109956,6,67,67301,2017,10,1,2200,22,3,1,0,4,1, , ,N,1,2,0,3,0,2,3,2,N, ,39 55:00.583,75 10:16.768,2311, ,2309, ,0, , , ,3, , , , , ,58125, , , ,2,1,0,0,1,0,0,0,0,0,0,2,2,0,0,0,0,0,0,0,0,0,0,0,0,0,0,0,0,0,0,0,0,0,0,4,0,39.9168,-75.1713, ,Philadelphia
 ,5718,2017055620,6,67,67301,2017,5,7,820,8,1,1,0,5,6, , ,N,0,0,0,3,0,1,1,3,N, ,40 01:56.970,75 12:54.296,825, ,822, ,0, , , ,0, , , , , ,58135, , , ,3,1,0,0,0,0,2,0,0,0,0,1,1,0,0,0,0,0,0,0,0,0,0,0,0,0,0,0,0,0,0,0,0,0,0,4,0,40.0325,-75.2151, ,Philadelphia
 ,5719,2017088948,6,67,67301,2017,7,7,1110,11,1,1,0,4,1, , ,N,1,3,0,3,0,1,2,2,N,N,39 55:26.745,75 09:28.537,2313, ,1111,1,2,1,N, ,3,Y, , , , ,58146, , , ,1,1,0,0,0,0,0,0,1,0,1,0,1,0,0,0,0,0,0,0,0,0,0,0,0,0,0,0,0,0,0,0,0,0,0,3,0,39.9241,-75.1579, ,Philadelphia
 ,5720,2017091717,6,67,67301,2017,8,2,830,8,1,1,0,8,1, , ,N,0,0,0,3,0,1,2,2,N,N,39 56:12.213,75 09:34.318,856, ,842, ,0, ,N, ,0, , , , , ,58153, , , ,1,1,0,0,0,0,0,0,0,0,1,0,1,0,0,0,0,0,0,0,0,0,0,0,0,0,0,0,0,0,0,0,1,0,0,3,0,39.9367,-75.1595, ,Philadelphia
 ,5721,2017088740,6,67,67301,2017,8,3,915,9,1,1,0,5,6, , ,N,0,0,0,3,0,0,1,3,N,N,40 03:41.490,75 01:41.087,1004, ,945, ,0, ,N, ,0, , , , , ,58157, , , ,3,2,0,0,0,0,1,0,0,0,0,0,0,0,0,0,0,0,0,0,0,0,0,0,0,0,0,0,0,0,0,0,0,0,0,0,0,40.0615,-75.0281, ,Philadelphia
 ,5722,2017086663,6,67,67301,2017,3,3,345,3,6,2,1,7,4, , ,N,1,2,0,3,0,1,1,1,N,N,40 02:51.601,75 11:31.642,400, ,350, ,0, ,N, ,3, , , , , ,58190, , , ,1,0,0,0,0,0,1,0,0,0,1,0,1,0,0,0,0,0,0,0,1,0,0,0,0,0,0,0,0,0,0,0,0,0,0,3,0,40.0477,-75.1921, ,Philadelphia
 ,5723,2017088993,6,67,67301,2017,8,2,1,0,3,1,0,1,1, , ,N,1,2,0,3,0,1,3,2,N, ,40 01:24.018,75 10:44.495,40, ,34, ,0, , , ,3, , , , , ,58204, , , ,2,2,0,0,0,0,0,0,0,0,1,0,1,0,0,0,0,0,0,0,0,0,0,1,0,0,0,0,0,0,0,0,0,0,0,3,0,40.0233,-75.179, ,Philadelphia
 ,5724,2017117225,6,67,67301,2017,10,7,237,2,3,1,0,8,1, , ,N,0,0,0,3,1,0,2,2,N,N,39 59:28.069,75 06:31.322,238, ,237,4,2,6,N,0,0,N, , , , ,58214, , , ,1,0,0,0,0,0,0,0,0,0,0,0,0,0,0,0,0,0,0,0,0,0,0,0,0,0,0,0,0,0,0,0,1,1,0,1,0,39.9911,-75.1087,2,Philadelphia
 ,5725,2017127456,6,67,67301,2017,11,2,9999,99,1,2,1,4,1, , ,N,1,2,0,3,0,1,3,3,N,N,40 02:19.772,75 08:37.091,1425, ,1415,2,2,7, , ,3,Y, , , , ,61303, , , ,3,1,0,0,0,0,2,0,0,0,0,1,1,0,0,0,0,0,0,0,0,1,0,1,0,0,0,0,0,0,0,0,0,0,0,4,0,40.0388,-75.1436, ,Philadelphia
 ,5726,2017128035,6,67,67301,2017,11,5,1345,13,1,1,0,8,1, , ,N,1,3,0,3,0,1,2,2,N,N,40 00:41.886,75 09:26.114,1352, ,1348, ,0, ,N, ,3, , , , , ,61307, , , ,1,0,0,0,0,1,0,0,0,0,0,1,1,0,0,0,0,0,0,0,0,0,0,1,0,0,0,0,0,0,0,0,1,0,0,4,1,40.0116,-75.1573, ,Philadelphia
 ,5727,2017058275,6,67,67301,2017,5,1,1615,16,1,1,0,4,1, , ,N,1,3,0,3,0,2,3,2,N, ,40 00:47.439,75 04:13.514,1620, ,1618,1,1,2, , ,3,N, , , , ,61309, , , ,2,1,0,0,0,0,0,1,0,0,0,2,2,0,0,0,0,0,0,0,0,0,0,1,0,0,0,0,0,0,0,0,0,0,0,4,0,40.0132,-75.0704, ,Philadelphia
 ,5728,2017085906,6,67,67301,2017,8,7,437,4,3,1,0,7,2, , ,N,0,0,0,3,0,1,2,1,N,N,39 57:25.960,75 09:07.379,439, ,438,1,1,4, , ,0,N, , , , ,61323, , , ,1,1,0,0,0,0,0,0,0,0,1,0,1,0,0,0,0,0,0,0,0,0,0,0,0,0,0,0,0,0,0,0,0,0,0,3,0,39.9572,-75.152, ,Philadelphia
 ,5729,2017088977,6,67,67301,2017,8,1,1905,19,1,1,0,8,6, , ,N,0,0,0,3,0,1,2,2,N, ,40 01:22.292,75 09:46.960,1945, ,1927, ,0, , , ,0, , , , , ,61328, , , ,1,1,0,0,0,0,0,0,0,0,0,1,1,0,1,0,0,0,0,0,0,0,0,0,0,0,0,0,0,0,0,0,1,0,0,4,0,40.0229,-75.1631, ,Philadelphia
 ,5730,2017105910,6,67,67301,2017,9,6,1610,16,1,1,0,8,1, , ,N,2,2,0,3,0,1,2,2,N,N,39 58:02.322,75 10:25.428,1637, ,1630, ,0, , , ,3, , , , , ,61335, , , ,1,0,0,0,0,0,0,1,0,0,0,0,1,1,0,0,0,0,0,0,0,0,0,0,0,0,0,0,0,0,0,0,1,0,0,8,0,39.9673,-75.1737, ,Philadelphia
 ,5731,2017120642,6,67,67301,2017,10,4,1219,12,1,1,0,8,1, , ,N,1,2,0,3,0,1,2,2,N,N,40 01:20.463,75 04:41.285,1232, ,1231, ,0, ,N, ,3, , , , , ,61336, , , ,1,0,0,0,0,0,1,0,0,0,0,1,1,0,0,0,0,0,0,0,0,0,0,0,0,0,0,0,0,0,0,0,1,0,0,4,0,40.0224,-75.0781, ,Philadelphia
N,5732,2017081174,6,67,67301,2017,8,2,627,6,1,2,1,1,1,1,4,Y,0,0,0,3,0,1,3,3,N,N,39 58:08.968,75 07:37.420,648,45,634, ,0, , , ,0, ,N,N,N,N,61381,N,Y,N,3,3,0,0,0,0,0,0,0,0,1,0,1,0,0,0,0,0,0,0,0,0,0,0,0,0,0,0,0,0,0,0,0,0,0,3,0,39.9692,-75.1271, ,Philadelphia
 ,5733,2017088758,6,67,67301,2017,8,7,2300,23,3,1,0,1,1, , ,N,0,0,0,3,0,2,3,2,N,N,39 57:42.500,75 10:29.900,2305, ,2300,1,1,1,N, ,0,Y, , , , ,61397, , , ,2,2,0,0,0,0,0,0,0,0,0,0,2,2,0,0,0,0,0,0,1,0,0,1,0,0,0,0,0,0,0,0,0,0,0,8,0,39.9618,-75.175, ,Philadelphia
 ,5734,2017088896,6,67,67301,2017,8,4,1530,15,1,1,0,8,1, , ,N,2,3,0,3,0,1,2,2,N, ,39 57:22.176,75 09:43.732,1550, ,1540, ,0, , , ,3, , , , , ,61398, , , ,1,0,0,0,0,0,0,1,0,0,0,1,1,0,0,0,0,0,0,0,0,0,0,0,0,0,0,0,0,0,0,0,1,0,0,4,0,39.9562,-75.1621, ,Philadelphia
 ,5735,2017086703,6,67,67301,2017,3,5,1425,14,1,9,8,1,6, , ,N,0,0,0,3,0,1,1,2,N, ,39 59:36.157,75 09:47.021,1441, ,1439, ,0, , , ,0, , , , , ,61406, , , ,2,1,0,0,0,1,0,0,0,0,0,0,1,1,0,0,0,0,0,0,0,0,0,0,0,0,0,0,0,0,0,0,0,0,0,8,1,39.9934,-75.1631, ,Philadelphia
 ,5736,2017067780,6,67,67301,2017,5,7,335,3,3,1,0,7,3, , ,N,5,2,0,3,0,1,1,1,N,N,39 54:40.772,75 14:34.179,343, ,342, ,0, ,N, ,3, , , , , ,61415, , , ,1,1,0,0,0,0,0,0,0,0,1,0,1,0,0,0,0,0,0,0,0,0,0,0,0,0,0,0,0,0,0,0,0,0,0,3,0,39.9113,-75.2427, ,Philadelphia
 ,5737,2017073199,6,67,67301,2017,3,5,1640,16,1,1,0,1,1, , ,N,0,0,0,3,0,2,3,2,N,N,39 55:54.326,75 11:58.955,1647, ,1640, ,0, , , ,0, , , , , ,61416, , , ,2,1,0,0,0,0,1,0,0,0,2,0,2,0,0,0,0,0,0,0,0,1,0,0,0,0,0,0,0,0,0,0,0,0,0,3,0,39.9317,-75.1997, ,Philadelphia
 ,5738,2017088883,6,67,67301,2017,8,7,955,9,1,1,0,4,1, , ,N,1,2,0,3,0,1,2,3,N,N,39 59:41.074,75 14:02.443,1010, ,958, ,0, ,N, ,3, , , , , ,61429, , , ,3,0,0,1,0,0,2,0,0,0,0,1,1,0,0,0,0,0,0,0,0,1,0,0,0,0,0,0,0,0,0,0,0,0,0,4,1,39.9947,-75.234, ,Philadelphia
 ,5739,2017086950,6,67,67301,2017,1,6,746,7,1,1,0,2,1, , ,N,0,0,0,3,0,2,2,3,N,N,40 04:01.040,75 09:15.073,753, ,749,9,1,2, , ,0,N, , , , ,61431, , , ,3,3,0,0,0,0,0,0,0,0,0,2,2,0,0,0,0,0,0,0,0,1,0,0,0,0,0,0,0,0,0,0,0,0,0,4,0,40.067,-75.1542, ,Philadelphia
 ,5740,2017086917,6,67,67301,2017,6,2,924,9,1,1,0,4,1, , ,N,1,2,0,3,0,1,2,2,N,N,40 01:25.774,75 05:32.910,931, ,928, ,0, ,N, ,3, , , , , ,61447, , , ,2,1,0,0,0,0,1,0,0,0,0,1,1,0,1,0,0,0,0,0,0,1,0,0,0,0,0,0,0,0,0,0,0,0,0,4,0,40.0238,-75.0925, ,Philadelphia
 ,5741,2017086846,6,67,67301,2017,5,4,1718,17,1,1,0,8,1, , ,N,0,0,0,3,0,1,2,2,N, ,39 58:12.511,75 13:50.185,1725, ,1720, ,0, , , ,0, , , , , ,61448, , , ,1,1,0,0,0,0,0,0,0,0,0,0,1,1,0,0,0,0,0,0,0,0,0,0,0,0,0,0,0,0,0,0,1,0,0,8,0,39.9701,-75.2306, ,Philadelphia
 ,5742,2017076362,6,67,67301,2017,6,7,200,2,3,1,0,7,4, , ,N,0,0,7,3,0,0,2,1,N,N,39 58:37.854,75 07:09.646,215, ,200, ,0, , , ,0, , , , , ,61458, , , ,1,0,0,0,0,0,1,0,0,0,0,0,0,0,0,0,0,0,0,0,0,0,0,1,0,0,0,0,0,0,0,0,0,0,0,0,0,39.9771,-75.1194, ,Philadelphia
 ,5743,2017076328,6,67,67301,2017,6,3,700,7,1,1,0,1,1, , ,N,1,2,0,3,0,1,2,2,N, ,39 57:20.669,75 12:56.254,722, ,717, ,0, , , ,3, , , , , ,64593, , , ,2,2,0,0,0,0,0,0,0,0,0,1,1,0,0,0,0,0,0,0,0,0,0,0,0,0,0,0,0,0,0,0,0,0,0,4,0,39.9557,-75.2156, ,Philadelphia
 ,5744,2017091756,6,67,67301,2017,8,3,2328,23,3,1,0,2,6, , ,N,0,0,0,3,0,0,1,2,N, ,40 05:28.014,75 01:27.138,2332, ,2328, ,0, , , ,0, , , , , ,64610, , , ,2,1,0,0,0,0,0,1,0,0,0,0,0,0,0,0,0,0,0,0,0,0,0,1,0,0,0,0,0,0,0,0,0,0,0,0,0,40.0911,-75.0242, ,Philadelphia
 ,5745,2017072023,6,67,67301,2017,3,5,720,7,1,1,0,1,1, , ,N,1,2,0,3,0,1,3,3,N,N,39 58:25.571,75 15:29.588,0, ,0, ,0, ,N, ,3, , , , , ,64650, , , ,3,1,0,0,0,0,1,0,0,0,0,0,1,1,0,0,0,0,0,0,0,0,0,0,0,0,0,0,0,0,0,0,0,0,0,8,0,39.9738,-75.2582, ,Philadelphia
 ,5746,2017076264,6,67,67301,2017,6,7,1026,10,1,2,1,4,1, , ,N,1,3,0,3,0,0,2,2,N,N,40 03:50.351,75 14:57.067,1030, ,1026, ,0, ,N, ,3, , , , , ,64651, , , ,2,1,0,0,0,0,1,0,0,0,0,0,0,0,0,0,0,0,0,1,1,0,0,0,0,0,0,0,0,0,0,0,0,0,0,0,0,40.064,-75.2492, ,Philadelphia
 ,5747,2017086641,6,67,67301,2017,2,1,1225,12,1,1,0,4,6, , ,N,0,0,0,3,0,1,2,4,N, ,40 05:35.915,74 57:52.599,1250, ,1245, ,0, , , ,0, , , , , ,64703, , , ,4,2,0,0,0,0,2,0,0,0,0,0,1,1,0,0,0,0,0,0,0,0,0,0,0,0,0,0,0,0,0,0,0,0,0,8,0,40.0933,-74.9646, ,Philadelphia
 ,5748,2017076160,6,67,67301,2017,6,2,1505,15,1,1,0,8,1, , ,N,1,2,0,3,0,1,2,2,N,N,39 59:04.635,75 10:40.481,1535, ,1527, ,0, ,N, ,3, , , , , ,64707, , , ,1,0,0,0,1,0,0,0,0,0,0,1,1,0,0,0,0,0,0,0,0,1,0,1,0,0,0,0,0,0,0,0,1,0,0,4,0,39.9846,-75.1779, ,Philadelphia
 ,5749,2017078744,6,67,67301,2017,6,3,1835,18,1,1,0,4,1, , ,N,1,3,0,3,0,1,2,2,N,N,39 55:28.873,75 09:22.330,1842, ,1840,1,1,2,N, ,3,Y, , , , ,64712, , , ,2,2,0,0,0,0,0,0,0,0,0,1,1,0,0,0,0,0,0,0,0,0,1,0,0,0,0,0,0,0,0,0,0,0,0,4,0,39.9247,-75.1562, ,Philadelphia
 ,5750,2017097856,6,67,67301,2017,9,4,1300,13,1,2,1,1,1, , ,N,0,2,0,3,0,1,2,2,N,N,40 03:07.708,75 04:03.386,1305, ,1301, ,0, , , ,3, , , , , ,64719, , , ,2,2,0,0,0,0,0,0,0,0,0,1,1,0,0,0,0,0,0,0,1,0,0,0,0,0,0,0,0,0,0,0,0,0,0,4,0,40.0521,-75.0676, ,Philadelphia
 ,5751,2017122023,6,67,67301,2017,10,3,1247,12,1,1,0,5,1, , ,N,0,0,0,3,0,0,2,3,N,N,39 58:49.647,75 06:17.146,1256, ,1249, ,0, , , ,0, , , , , ,64746, , , ,3,2,0,0,0,0,0,0,0,0,0,0,0,0,0,0,0,0,0,0,0,0,0,0,0,0,0,0,0,0,0,0,0,0,0,0,0,39.9805,-75.1048, ,Philadelphia
 ,5752,2017086269,6,67,67301,2017,7,4,119,1,3,1,0,4,1, , ,N,1,2,0,3,0,1,2,2,N, ,40 01:49.976,75 06:14.101,128, ,120,2,1,4, , ,3,Y, , , , ,64756, , , ,2,1,0,0,0,0,1,0,0,0,0,1,1,0,0,0,0,0,1,0,0,0,0,0,0,0,0,0,0,0,0,0,0,0,0,4,0,40.0302,-75.1043, ,Philadelphia
 ,5753,2017120501,6,67,67301,2017,10,3,1744,17,1,1,0,5,1, , ,N,0,0,0,3,0,1,2,2,N, ,39 57:02.567,75 11:40.895,1746, ,1746, ,0, , , ,0, , , , , ,64762, , , ,1,1,0,0,0,0,0,0,1,0,0,1,1,0,0,0,0,0,0,0,0,0,1,1,0,0,0,0,0,0,0,0,0,0,0,4,0,39.9507,-75.1947, ,Philadelphia
 ,5754,2017058339,6,67,67301,2017,5,2,1650,16,1,1,0,4,1, , ,N,1,3,0,3,0,2,2,2,N,N,40 03:10.886,75 11:19.982,1710, ,1658, ,0, ,N, ,3, , , , , ,64790, , , ,2,2,0,0,0,0,0,0,0,0,0,0,2,2,0,0,0,0,0,0,1,1,0,0,0,0,0,0,0,0,0,0,0,0,0,8,0,40.053,-75.1889, ,Philadelphia
 ,5755,2017058774,6,67,67301,2017,5,1,2128,21,3,2,1,7,2, , ,N,0,0,2,3,0,1,6,2,N,N,39 56:19.039,75 08:35.042,2140, ,2138,2,2,2, , ,0,N, , , , ,64792, , , ,2,2,0,0,0,0,0,0,0,0,0,0,1,1,0,0,0,0,0,1,0,0,0,0,0,0,0,0,0,0,0,0,0,0,0,8,0,39.9431,-75.1429, ,Philadelphia
 ,5756,2017078746,6,67,67301,2017,6,4,1232,12,1,1,0,4,1, , ,N,1,2,0,3,0,1,2,2,N, ,40 02:26.384,75 04:34.268,1253, ,1249,1,1,5, , ,3,N, , , , ,64812, , , ,2,2,0,0,0,0,0,0,0,0,0,0,1,1,0,0,0,0,0,0,2,0,0,0,0,0,0,0,0,0,0,0,0,0,0,8,0,40.0407,-75.0762, ,Philadelphia
 ,5757,2017086878,6,67,67301,2017,5,1,1645,16,1,1,0,5,1, , ,N,0,0,0,3,0,1,2,2,N,N,40 01:42.630,75 06:32.495,1655, ,1651, ,0, ,N, ,0, , , , , ,64820, , , ,2,1,1,0,0,0,0,0,0,0,0,0,1,1,1,0,0,0,0,0,0,0,0,0,0,0,0,0,0,0,0,0,0,0,0,8,0,40.0285,-75.109, ,Philadelphia
 ,5758,2017068042,6,67,67301,2017,6,2,1545,15,1,2,1,6,1, , ,N,0,0,0,3,0,3,3,2,N,N,39 58:53.900,75 12:27.600,1635, ,1630,1,2,6,N, ,0,Y, , , , ,64849, , , ,2,1,0,0,0,0,1,0,0,0,0,0,3,3,0,0,0,0,0,0,0,0,0,3,0,0,0,0,0,0,0,0,0,0,0,8,0,39.9816,-75.2077, ,Philadelphia
 ,5759,2017091855,6,67,67301,2017,8,5,2129,21,3,1,0,8,1, , ,N,0,0,0,3,0,1,2,2,N, ,39 57:17.265,75 09:02.248,2135, ,2130,2,1,3, , ,0,N, , , , ,64898, , , ,1,0,0,0,0,0,1,0,0,1,0,0,1,0,0,0,0,0,0,0,1,0,0,0,0,0,0,0,0,0,0,0,1,0,1,2,0,39.9548,-75.1506, ,Philadelphia
 ,5760,2017116118,6,67,67301,2017,10,7,222,2,3,1,0,1,1, , ,N,1,2,0,3,0,2,3,3,N,N,39 59:49.352,75 10:42.874,246, ,228, ,0, ,N, ,3, , , , , ,64906, , , ,3,0,2,0,0,0,1,0,0,0,0,2,2,0,0,0,0,0,0,0,0,0,0,1,0,0,0,0,0,0,0,0,0,0,0,4,0,39.997,-75.1786, ,Philadelphia
 ,5761,2017070435,6,67,67301,2017,6,5,1400,14,1,1,0,4,1, , ,N,1,2,0,3,0,1,2,2,N, ,39 56:51.996,75 10:16.250,1805, ,1757, ,0, , , ,3, , , , , ,55146, , , ,1,1,0,0,0,0,0,0,1,1,0,0,1,0,0,0,0,0,0,0,0,0,0,1,0,0,0,0,0,0,0,1,0,0,0,2,0,39.9478,-75.1712, ,Philadelphia
 ,5762,2017078710,6,67,67301,2017,6,6,1000,10,1,1,0,7,4, , ,N,0,0,0,3,0,1,1,1,N, ,40 01:59.670,75 04:37.416,1110, ,1100,2,1,1, , ,0,N, , , , ,55149, , , ,1,0,0,0,0,0,0,0,0,0,1,0,1,0,0,0,0,0,0,0,1,0,0,0,0,0,0,0,0,0,0,0,0,0,0,3,0,40.0332,-75.0771, ,Philadelphia
 ,5763,2017097872,6,67,67301,2017,9,4,1930,19,3,2,1,8,1, , ,N,1,3,0,3,0,1,2,2,N,N,39 57:45.111,75 13:57.090,1930, ,1930, ,0, ,N, ,3, , , , , ,55159, , , ,1,1,0,0,0,0,0,0,0,0,0,1,1,0,0,0,0,0,0,0,0,0,0,1,0,0,0,0,0,0,0,0,1,0,0,4,0,39.9625,-75.2325, ,Philadelphia
 ,5764,2017091777,6,67,67301,2017,8,2,1738,17,1,1,0,4,1, , ,N,5,2,0,3,0,0,2,2,N,N,40 00:09.273,75 05:59.019,1738, ,1738, ,0, ,N, ,3, , , , , ,55160, , , ,2,2,0,0,0,0,0,0,0,0,0,0,0,0,0,0,0,0,0,0,0,0,0,0,0,0,0,0,0,0,0,0,0,0,0,0,0,40.0026,-75.0997, ,Philadelphia
 ,5765,2017097318,6,67,67301,2017,9,4,154,1,3,1,0,1,1, , ,N,7,0,2,3,0,2,4,2,N,N,40 00:31.943,75 12:18.729,201, ,157,2,2,4, , ,0,Y, , , , ,55167, , , ,2,1,0,0,0,0,0,0,0,0,0,0,2,2,0,0,0,0,0,0,0,0,0,0,0,0,0,0,0,0,0,0,0,0,0,8,0,40.0089,-75.2052, ,Philadelphia
 ,5766,2017086170,6,67,67301,2017,7,7,1337,13,1,1,0,4,1, , ,N,0,0,7,3,0,3,4,2,N,N,40 05:12.534,75 02:23.846,1345, ,1337, ,0, ,N, ,0, , , , , ,55169, , , ,2,2,0,0,0,0,0,0,0,0,0,1,3,2,0,0,0,0,0,0,1,0,0,1,0,0,0,0,0,0,0,0,0,0,0,4,0,40.0868,-75.04, ,Philadelphia
 ,5767,2017124168,6,67,67301,2017,11,1,1605,16,1,1,0,1,1, , ,N,0,0,0,3,0,1,6,3,N,N,39 57:30.719,75 10:01.398,1618, ,1618,1,1,4, , ,0,N, , , , ,55171, , , ,3,1,0,0,0,0,2,0,0,0,1,0,1,0,0,0,0,0,0,0,1,0,0,0,0,0,0,0,0,0,0,0,0,0,0,3,0,39.9585,-75.1671, ,Philadelphia
 ,5768,2017112177,6,67,67301,2017,10,2,1152,11,1,1,0,7,4, , ,N,0,0,0,3,0,1,1,1,N,N,39 59:53.069,75 04:52.535,1200, ,1153,1,1,1, , ,0,N, , , , ,55172, , , ,1,1,0,0,0,0,0,0,0,0,1,0,1,0,0,0,0,0,0,0,1,0,0,0,0,0,0,0,0,0,0,0,0,0,0,3,0,39.9981,-75.0813, ,Philadelphia
 ,5769,2017109869,6,67,67301,2017,10,5,839,8,1,1,0,4,1, , ,N,0,0,0,3,0,2,6,6,N,N,40 02:42.952,75 04:02.721,843, ,840,2,2,6, , ,0,Y, , , , ,55174, , , ,6,6,0,0,0,0,0,0,0,0,0,2,2,0,0,0,0,0,0,0,0,0,0,0,0,0,0,0,0,0,0,0,0,0,0,4,0,40.0453,-75.0674, ,Philadelphia
 ,5770,2017073734,6,67,67301,2017,7,4,722,7,1,1,0,8,1, , ,N,1,3,0,3,0,1,2,2,N,N,39 58:45.526,75 09:02.376,739, ,736, ,0, ,N, ,3, , , , , ,55183, , , ,1,1,0,0,0,0,0,0,0,0,0,1,1,0,0,0,0,0,0,0,1,0,0,0,0,0,0,0,0,0,0,0,1,0,0,4,0,39.9793,-75.1507, ,Philadelphia
 ,5771,2017088849,6,67,67301,2017,8,7,900,9,1,1,0,4,1, , ,N,1,3,0,3,0,3,4,2,N, ,39 56:11.432,75 13:17.864,2215, ,945, ,0, , , ,3, , , , , ,55206, , , ,2,2,0,0,0,0,0,0,0,0,0,0,3,3,1,0,0,0,0,0,0,0,0,4,0,0,0,0,0,0,0,0,0,0,0,8,0,39.9365,-75.2216, ,Philadelphia
 ,5772,2017105984,6,67,67301,2017,9,7,2000,20,3,2,1,4,1, , ,N,1,3,0,3,0,1,3,2,N,N,39 54:29.311,75 11:02.320,2008, ,2002, ,0, , , ,3, , , , , ,55222, , , ,2,2,0,0,0,0,0,0,0,0,0,1,1,0,0,0,1,0,0,0,0,0,0,0,0,0,0,0,0,0,0,0,0,0,0,4,0,39.9081,-75.184, ,Philadelphia
 ,5773,2017052300,6,67,67301,2017,4,5,1959,19,3,1,0,4,1, , ,N,1,2,0,3,0,1,2,2,N,N,39 56:45.313,75 14:24.124,2008, ,2006,2,1,7,N, ,3,Y, , , , ,55232, , , ,2,0,1,0,0,0,1,0,0,0,1,0,1,0,0,0,0,0,0,0,1,0,0,0,0,0,0,0,0,0,0,0,0,0,0,3,0,39.9459,-75.2401, ,Philadelphia
 ,5774,2017060754,6,67,67301,2017,5,5,39,0,3,1,0,1,1, , ,N,1,2,0,3,0,1,2,2,N,N,39 56:22.364,75 11:53.329,1250, ,1044, ,0, ,N, ,3, , , , , ,55236, , , ,2,2,0,0,0,0,0,0,0,0,0,0,1,1,0,0,0,0,0,0,0,0,0,0,0,0,0,0,0,0,0,0,0,0,0,8,0,39.9396,-75.1982, ,Philadelphia
 ,5775,2017076212,6,67,67301,2017,6,7,1254,12,1,1,0,4,1, , ,N,0,0,7,3,0,4,4,2,N, ,40 03:03.299,75 03:55.699,1257, ,1254, ,0, , , ,0, , , , , ,55254, , , ,2,2,0,0,0,0,0,0,0,0,0,0,4,4,0,0,0,0,0,0,0,0,0,0,0,0,0,0,0,0,0,0,0,0,0,8,0,40.0509,-75.0655, ,Philadelphia
 ,5776,2017078838,6,67,67301,2017,7,1,40,0,3,1,0,7,4, , ,N,1,0,0,3,0,1,1,1,N,N,40 02:52.785,75 04:38.766,50, ,44, ,0, ,N, ,0, , , , , ,55306, , , ,1,1,0,0,0,0,0,0,0,0,0,0,1,1,0,0,0,0,0,0,0,0,0,0,0,0,0,0,0,0,0,0,0,0,0,8,0,40.048,-75.0774, ,Philadelphia