wz_ln_closure,objectid_1,crn,district,county,municipality,crash_year,crash_month,day_of_week,time_of_day,hour_of_day,illumination,weather,road_condition,collision_type,relation_to_road,work_zone_type,work_zone_loc,work_zone_ind,intersect_type,tcd_type,location_type,urban_rural,fatal_count,injury_count,person_count,total_units,sch_bus_ind,sch_zone_ind,latitude,longitude,arrival_tm,cons_zone_spd_lim,dispatch_tm,est_hrs_closed,lane_closed,ln_close_dir,ntfy_hiwy_maint,spec_juris_cd,tcd_func_cd,tfc_detour_ind,workers_pres,wz_close_detour,wz_flagger,wz_law_offcr_ind,objectid,wz_moving,wz_other,wz_shlder_mdn,vehicle_count,automobile_count,motorcycle_count,bus_count,small_truck_count,heavy_truck_count,suv_count,van_count,bicycle_count,maj_inj_count,mod_inj_count,min_inj_count,tot_inj_count,unk_inj_deg_count,unk_inj_per_count,driver_count_16yr,driver_count_17yr,driver_count_18yr,driver_count_19yr,driver_count_20yr,driver_count_50_64yr,driver_count_65_74yr,driver_count_75plus,unbelted_occ_count,unb_death_count,unb_maj_inj_count,belted_death_count,belted_maj_inj_count,mcycle_death_count,mcycle_maj_inj_count,bicycle_death_count,bicycle_maj_inj_count,ped_count,ped_death_count,ped_maj_inj_count,max_severity_level,comm_veh_count,dec_lat,dec_long,rdwy_surf_type_cd,county_name
 ,5777,2017108001,6,67,67301,2017,8,3,955,9,1,2,1,3,1, , ,N,0,0,7,3,0,0,2,2,N,N,40 04:43.590,75 10:10.939,1022, ,956,9,1,2,N, ,0,N, , , , ,55319, , , ,2,1,0,0,0,0,1,0,0,0,0,0,0,0,0,0,0,0,0,0,0,0,1,0,0,0,0,0,0,0,0,0,0,0,0,0,0,40.0788,-75.1697, ,Philadelphia
 ,5778,2017087757,6,67,67301,2017,8,7,403,4,3,1,0,5,2, , ,N,0,0,0,3,0,0,2,3,N,N,39 57:44.781,75 08:22.919,403, ,403,1,2,2, , ,0,N, , , , ,55322, , , ,3,2,0,0,0,0,1,0,0,0,0,0,0,0,0,0,0,0,0,0,0,0,0,0,0,0,0,0,0,0,0,0,0,0,0,0,0,39.9624,-75.1397, ,Philadelphia
 ,5779,2017086941,6,67,67301,2017,1,3,1610,16,1,2,1,8,1, , ,N,0,0,0,3,0,1,2,2,N,N,40 02:51.361,75 09:20.312,1354, ,1352, ,0, ,N, ,0, , , , , ,58244, , , ,1,1,0,0,0,0,0,0,0,0,1,0,1,0,1,0,0,0,0,0,0,0,0,0,0,0,0,0,0,0,0,0,1,0,0,3,0,40.0476,-75.1556, ,Philadelphia
 ,5780,2017086855,6,67,67301,2017,5,3,1633,16,1,1,0,4,1, , ,N,1,2,0,3,0,3,3,2,N,N,39 54:53.780,75 14:15.367,1731, ,1658, ,0, ,N, ,3, , , , , ,58251, , , ,2,0,0,0,0,0,1,1,0,1,2,0,3,0,0,0,0,0,0,0,0,0,0,0,0,0,0,0,0,0,0,0,0,0,0,2,0,39.9149,-75.2376, ,Philadelphia
 ,5781,2017116228,6,67,67301,2017,10,7,1600,16,1,1,0,5,6, , ,N,0,0,0,3,0,1,3,2,N, ,40 01:18.195,75 11:37.313,1635, ,1630, ,0, , , ,0, , , , , ,58256, , , ,2,1,0,0,1,0,0,0,0,0,0,0,1,1,1,0,0,0,0,0,1,0,0,0,0,0,0,0,0,0,0,0,0,0,0,8,0,40.0217,-75.1937, ,Philadelphia
 ,5782,2017014958,6,67,67301,2017,2,7,2057,20,3,1,0,7,2, , ,N,7,0,2,3,0,2,2,1,N,N,39 54:26.891,75 08:58.831,2120, ,2107,1,1,1, , ,0,N, , , , ,58274, , , ,1,1,0,0,0,0,0,0,0,0,2,0,2,0,0,0,0,0,0,0,0,0,0,0,0,0,0,0,0,0,0,0,0,0,0,3,0,39.9087,-75.1494, ,Philadelphia
 ,5783,2017086880,6,67,67301,2017,5,2,1011,10,1,2,1,1,6, , ,N,0,0,0,3,0,1,1,2,N, ,39 55:54.299,75 08:57.811,1020, ,1011, ,0, , , ,0, , , , , ,58298, , , ,2,1,0,0,0,0,1,0,0,0,0,0,1,1,0,0,0,0,0,0,0,0,0,0,0,0,0,0,0,0,0,0,0,0,0,8,0,39.9317,-75.1494, ,Philadelphia
 ,5784,2017091871,6,67,67301,2017,8,4,1945,19,3,1,0,7,3, , ,N,0,0,1,3,0,0,1,1,N,N,40 01:01.083,75 05:00.391,1945, ,1945, ,0, ,N, ,0, , , , , ,58306, , , ,1,0,0,0,0,0,1,0,0,0,0,0,0,0,0,0,0,0,0,0,0,0,0,0,0,0,0,0,0,0,0,0,0,0,0,0,0,40.017,-75.0834, ,Philadelphia
 ,5785,2017111558,6,67,67301,2017,10,2,810,8,1,2,1,8,1, , ,N,0,0,0,3,0,1,2,2,N, ,40 03:39.398,75 11:29.944,812, ,812, ,0, , , ,0, , , , , ,58310, , , ,1,1,0,0,0,0,0,0,0,0,0,0,1,1,0,0,0,0,0,0,1,0,0,1,0,0,0,0,0,0,0,0,1,0,0,8,0,40.061,-75.1917, ,Philadelphia
 ,5786,2017086795,6,67,67301,2017,4,2,1955,19,3,1,0,6,1, , ,N,0,0,0,3,0,1,3,2,N,N,39 56:02.185,75 11:39.743,2023, ,2017, ,0, ,N, ,0, , , , , ,58323, , , ,1,1,0,0,0,0,0,0,1,0,0,1,1,0,0,0,0,0,0,0,0,0,0,0,0,0,0,0,0,0,0,0,0,0,0,4,0,39.9339,-75.1944, ,Philadelphia
 ,5787,2017116239,6,67,67301,2017,10,2,700,7,1,1,0,4,1, , ,N,0,3,7,3,0,1,2,2,N,N,39 59:51.443,75 05:19.681,735, ,735, ,0, , , ,3, , , , , ,58354, , , ,2,1,0,0,0,0,1,0,0,0,0,1,1,0,0,0,0,0,0,0,1,0,0,1,0,0,0,0,0,0,0,0,0,0,0,4,0,39.9976,-75.0888, ,Philadelphia
 ,5788,2017091816,6,67,67301,2017,8,7,32,0,3,1,0,4,1, , ,N,5,2,2,3,0,0,2,2,N,N,39 57:27.542,75 09:44.544,50, ,32,2,2,1,N, ,3,Y, , , , ,58363, , , ,2,2,0,0,0,0,0,0,0,0,0,0,0,0,0,0,0,0,0,1,0,0,0,0,0,0,0,0,0,0,0,0,0,0,0,0,0,39.9577,-75.1624, ,Philadelphia
 ,5789,2017067370,6,67,67301,2017,6,3,1725,17,1,1,0,7,2, , ,N,7,0,2,3,0,0,2,1,N,N,40 00:33.870,75 03:56.332,1810, ,1728,2,1,2, , ,0,N, , , , ,58383, , , ,1,0,0,0,0,0,1,0,0,0,0,0,0,0,0,0,0,0,0,0,0,0,0,0,0,0,0,0,0,0,0,0,0,0,0,0,0,40.0091,-75.0672, ,Philadelphia
 ,5790,2017076323,6,67,67301,2017,6,6,1025,10,1,1,0,4,1, , ,N,1,2,0,3,0,1,3,3,N,N,40 02:50.956,75 05:30.725,1030, ,1027, ,0, , , ,3, , , , , ,58388, , , ,3,2,0,0,1,0,0,0,0,0,0,1,1,0,0,0,1,0,0,0,2,0,0,0,0,0,0,0,0,0,0,0,0,0,0,4,0,40.0475,-75.0919, ,Philadelphia
 ,5791,2017078810,6,67,67301,2017,6,4,1700,17,1,1,1,4,1, , ,N,1,3,0,3,0,2,3,2,N,N,39 57:24.786,75 12:22.287,1710, ,1708, ,0, ,N, ,3, , , , , ,58396, , , ,2,1,0,0,0,0,1,0,0,0,0,2,2,0,0,0,0,0,0,0,0,0,1,1,0,0,0,0,0,0,0,0,0,0,0,4,0,39.9569,-75.2062, ,Philadelphia
 ,5792,2017076210,6,67,67301,2017,6,1,52,0,3,1,0,5,1, , ,N,0,0,0,3,0,1,2,3,N,N,40 03:09.943,75 05:50.251,58, ,53,2,2,4,N, ,0,Y, , , , ,58401, , , ,3,3,0,0,0,0,0,0,0,0,0,1,1,0,0,0,0,0,0,0,0,0,0,1,0,0,0,0,0,0,0,0,0,0,0,4,0,40.0528,-75.0973, ,Philadelphia
 ,5793,2017086330,6,67,67301,2017,8,3,1553,15,1,1,0,4,1, , ,N,1,2,0,3,0,1,2,2,N,N,40 05:41.324,75 03:02.617,1558, ,1554, ,0, ,N, ,3, , , , , ,58408, , , ,1,0,0,0,0,0,1,0,1,1,0,0,1,0,0,0,0,0,0,0,0,0,0,1,0,0,0,0,0,0,0,1,0,0,0,2,0,40.0948,-75.0507, ,Philadelphia
 ,5794,2017086286,6,67,67301,2017,7,2,1905,19,1,1,0,4,1, , ,N,0,0,7,3,0,1,3,2,N, ,40 02:29.750,75 01:39.387,1907, ,1905,2,1,2, , ,0,Y, , , , ,58409, , , ,2,2,0,0,0,0,0,0,0,0,0,1,1,0,0,0,0,0,0,1,0,0,0,0,0,0,0,0,0,0,0,0,0,0,0,4,0,40.0416,-75.0276, ,Philadelphia
 ,5795,2017067786,6,67,67301,2017,5,5,707,7,1,2,1,1,1, , ,N,1,0,0,3,0,1,2,2,N,N,40 01:54.196,75 05:32.075,800, ,738, ,0, ,N, ,0, , , , , ,58431, , , ,2,1,0,0,0,0,0,1,0,0,0,1,1,0,0,0,0,1,0,0,1,0,0,1,0,0,0,0,0,0,0,0,0,0,0,4,0,40.0317,-75.0922, ,Philadelphia
 ,5796,2017120741,6,67,67301,2017,10,3,1133,11,1,2,1,4,1, , ,N,1,2,0,3,0,1,3,3,N,N,39 55:35.474,75 11:10.855,1148, ,1145, ,0, ,N, ,3, , , , , ,58467, , , ,3,0,0,0,1,0,2,0,0,0,0,1,1,0,0,0,0,0,1,0,1,0,0,0,0,0,0,0,0,0,0,0,0,0,0,4,0,39.9265,-75.1863, ,Philadelphia
 ,5797,2017089117,6,67,67301,2017,8,1,1551,15,1,1,0,1,1, , ,N,0,0,0,3,0,0,10,3,N,N,39 57:33.463,75 10:23.447,1605, ,1553, ,0, , , ,0, , , , , ,61460, , , ,3,2,0,0,0,0,0,1,0,0,0,0,0,0,0,0,0,0,0,0,0,0,0,0,0,0,0,0,0,0,0,0,0,0,0,0,0,39.9593,-75.1732, ,Philadelphia
 ,5798,2017086728,6,67,67301,2017,3,4,900,9,1,1,0,4,1, , ,N,0,0,7,3,0,1,2,2,N,N,39 57:48.723,75 08:34.174,955, ,946, ,0, ,N, ,0, , , , , ,61468, , , ,1,0,0,0,0,0,1,0,1,0,0,1,1,0,0,0,0,0,0,0,0,0,0,1,0,0,0,0,0,0,0,0,0,0,0,4,0,39.9635,-75.1428, ,Philadelphia
 ,5799,2017105963,6,67,67301,2017,9,3,1923,19,3,2,1,1,6, , ,N,0,0,0,3,0,1,1,2,N, ,40 05:12.301,74 58:39.874,1936, ,1934, ,0, , , ,0, , , , , ,61481, , , ,2,1,0,0,0,0,1,0,0,0,0,0,1,1,0,0,0,0,0,0,0,0,1,0,0,0,0,0,0,0,0,0,0,0,0,8,0,40.0868,-74.9777, ,Philadelphia
 ,5800,2017116136,6,67,67301,2017,10,2,1250,12,1,1,0,4,1, , ,N,1,3,0,3,0,2,3,2,Y,N,40 01:06.988,75 10:59.131,1307, ,1305,1,1,3,N, ,3,N, , , , ,61507, , , ,2,1,0,1,0,0,0,0,0,0,0,2,2,0,0,0,0,0,0,0,0,0,0,0,0,0,0,0,0,0,0,0,0,0,0,4,1,40.0186,-75.1831, ,Philadelphia
 ,5801,2017086875,6,67,67301,2017,5,6,700,7,1,1,0,4,1, , ,N,0,0,0,3,0,1,2,2,N,N,40 02:02.134,75 05:25.305,830, ,830, ,0, ,N, ,0, , , , , ,61520, , , ,1,1,0,0,0,0,0,0,1,0,1,0,1,0,0,0,0,0,0,0,1,0,0,0,0,0,0,0,0,0,0,0,0,0,0,3,0,40.0339,-75.0904, ,Philadelphia
 ,5802,2017086078,6,67,67301,2017,7,1,345,3,3,1,0,1,1, , ,N,1,2,0,3,0,0,3,2,N,N,40 03:02.085,75 08:31.586,352, ,348, ,0, ,N, ,3, , , , , ,61531, , , ,2,2,0,0,0,0,0,0,0,0,0,0,0,0,1,0,0,0,0,0,1,0,0,0,0,0,0,0,0,0,0,0,0,0,0,9,0,40.0506,-75.1421, ,Philadelphia
 ,5803,2017088953,6,67,67301,2017,8,7,1820,18,1,1,0,1,1, , ,N,0,0,0,3,0,1,4,2,N, ,39 54:15.262,75 10:27.828,1845, ,1841, ,0, , , ,0, , , , , ,61539, , , ,2,2,0,0,0,0,0,0,0,0,0,0,1,1,0,0,0,0,0,0,0,0,0,2,0,0,0,0,0,0,0,0,0,0,0,8,0,39.9042,-75.1744, ,Philadelphia
 ,5804,2017091021,6,67,67301,2017,8,5,2354,23,3,1,0,1,1, , ,N,6,0,2,3,0,2,2,2,N,N,39 56:56.693,75 11:06.409,23, ,2356, ,0, , , ,0, , , , , ,61544, , , ,2,1,0,0,0,0,1,0,0,0,2,0,2,0,0,0,0,0,0,0,0,0,0,0,0,0,0,0,0,0,0,0,0,0,0,3,0,39.949,-75.1852, ,Philadelphia
 ,5805,2017097875,6,67,67301,2017,9,4,735,7,1,2,1,4,1, , ,N,1,2,0,3,0,1,9,2,Y,N,39 58:42.967,75 07:49.565,755, ,750, ,0, ,N, ,3, , , , , ,61566, , , ,2,0,0,1,0,0,1,0,0,0,0,1,1,0,0,0,0,0,0,0,0,0,0,0,0,0,0,0,0,0,0,0,0,0,0,4,1,39.9786,-75.1304, ,Philadelphia
 ,5806,2017086903,6,67,67301,2017,6,6,2345,23,3,1,0,5,1, , ,N,0,0,7,3,0,1,2,2,N,N,39 57:22.500,75 12:03.900,10, ,1, ,0, ,N, ,0, , , , , ,61571, , , ,2,1,0,0,0,0,0,1,0,0,0,0,1,1,0,0,0,0,0,0,0,0,0,0,0,0,0,0,0,0,0,0,0,0,0,8,0,39.9563,-75.2011, ,Philadelphia
 ,5807,2017116224,6,67,67301,2017,10,6,1318,13,1,1,0,8,1, , ,N,0,0,0,3,0,1,2,2,N, ,39 59:46.759,75 10:22.825,1354, ,1328, ,0, , , ,0, , , , , ,61575, , , ,1,1,0,0,0,0,0,0,0,0,1,0,1,0,1,0,0,0,0,0,0,0,0,0,0,0,0,0,0,0,0,0,1,0,0,3,0,39.9963,-75.173, ,Philadelphia
 ,5808,2017096537,6,67,67301,2017,8,6,1640,16,1,1,0,4,1, , ,N,1,3,0,3,0,1,2,2,N, ,39 59:57.867,75 06:14.901,1640, ,1640, ,0, , , ,3, , , , , ,61579, , , ,2,0,1,0,0,0,1,0,0,0,0,0,1,1,0,0,0,0,0,0,0,0,0,1,0,0,0,0,0,0,0,0,0,0,0,8,0,39.9994,-75.1041, ,Philadelphia
 ,5809,2017066440,6,67,67301,2017,6,7,2237,22,3,2,1,5,1, , ,N,0,0,0,3,0,1,4,2,N,N,40 00:32.812,75 12:16.326,2252, ,2249,2,2,4, , ,0,N, , , , ,61602, , , ,2,2,0,0,0,0,0,0,0,0,0,0,1,1,0,0,0,0,0,0,0,0,0,2,0,0,0,0,0,0,0,0,0,0,0,8,0,40.0091,-75.2045, ,Philadelphia
 ,5810,2017067972,6,67,67301,2017,5,4,1910,19,1,1,0,8,1, , ,N,0,0,0,3,0,1,2,3,N,N,39 59:44.080,75 07:06.880,1910, ,1910, ,0, ,N, ,0, , , , , ,61603, , , ,2,1,0,0,0,0,1,0,0,0,0,0,1,1,0,0,0,0,0,0,0,0,0,1,0,0,0,0,0,0,0,0,1,0,0,8,0,39.9956,-75.1186, ,Philadelphia
 ,5811,2017067764,6,67,67301,2017,5,6,2235,22,3,1,0,4,1, , ,N,1,2,0,3,0,2,4,2,N,N,39 59:13.382,75 07:20.404,2239, ,2235, ,0, ,N, ,3, , , , , ,61608, , , ,2,2,0,0,0,0,0,0,0,0,0,0,2,2,2,0,0,0,0,0,0,0,0,0,0,0,0,0,0,0,0,0,0,0,0,8,0,39.9871,-75.1223, ,Philadelphia
 ,5812,2017098014,6,67,67301,2017,9,5,2015,20,3,1,0,4,1, , ,N,1,2,0,3,0,1,2,2,N, ,39 55:23.077,75 13:44.693,2027, ,2027, ,0, , , ,3, , , , , ,61632, , , ,2,1,1,0,0,0,0,0,0,0,0,1,1,0,0,0,0,0,0,0,1,0,0,0,0,0,0,0,0,0,0,0,0,0,0,4,0,39.9231,-75.2291, ,Philadelphia
 ,5813,2017105921,6,67,67301,2017,9,1,1601,16,1,1,0,4,1, , ,N,5,2,0,3,0,8,8,2,N, ,40 01:22.062,75 08:53.842,1612, ,1602, ,0, , , ,3, , , , , ,61641, , , ,2,1,0,0,0,0,1,0,0,0,1,6,8,1,0,0,0,0,0,0,0,0,0,0,0,0,0,0,0,0,0,0,0,0,0,3,0,40.0227,-75.1482, ,Philadelphia
 ,5814,2017058258,6,67,67301,2017,5,3,644,6,1,1,0,4,1, , ,N,1,3,0,3,0,3,4,2,N,N,40 01:36.819,75 03:33.460,755, ,743, ,0, ,N, ,3, , , , , ,61657, , , ,2,1,0,0,0,0,0,1,0,0,0,0,3,3,0,0,0,0,0,0,1,0,0,0,0,0,0,0,0,0,0,0,0,0,0,8,0,40.0269,-75.0593, ,Philadelphia
 ,5815,2017076161,6,67,67301,2017,6,2,1120,11,1,1,0,8,1, , ,N,2,3,0,3,0,1,2,2,N, ,39 58:22.544,75 09:24.775,1133, ,1133, ,0, , , ,3, , , , , ,65313, , , ,1,1,0,0,0,0,0,0,0,0,0,1,1,0,0,0,0,0,0,0,0,0,0,0,0,0,0,0,0,0,0,0,1,0,0,4,0,39.9729,-75.1569, ,Philadelphia
 ,5816,2017074471,6,67,67301,2017,7,5,1100,11,1,1,0,4,1, , ,N,1,2,0,3,0,1,3,2,N,N,40 00:31.066,75 12:38.913,1107, ,1100,1,1,2, , ,3,N, , , , ,65326, , , ,2,2,0,0,0,0,0,0,0,0,1,0,1,0,0,0,0,0,0,0,0,0,1,0,0,0,0,0,0,0,0,0,0,0,0,3,0,40.0085,-75.2107, ,Philadelphia
 ,5817,2017086143,6,67,67301,2017,7,5,1719,17,1,1,0,5,1, , ,N,0,0,0,3,0,2,4,2,N,N,39 54:41.463,75 11:33.949,1722, ,1717, ,0, , , ,0, , , , , ,65335, , , ,2,1,0,0,0,0,0,1,0,0,2,0,2,0,0,0,0,0,0,0,1,0,0,1,0,0,0,0,0,0,0,0,0,0,0,3,0,39.9116,-75.1927, ,Philadelphia
 ,5818,2017096868,6,67,67301,2017,9,1,1240,12,1,1,0,0,1, , ,N,0,0,0,3,0,0,1,1,N,N,39 59:17.927,75 05:18.760,1344, ,1305,2,2,1, , ,0,N, , , , ,65347, , , ,1,1,0,0,0,0,0,0,0,0,0,0,0,0,0,0,0,0,0,0,1,0,0,0,0,0,0,0,0,0,0,0,0,0,0,0,0,39.9883,-75.0885, ,Philadelphia
 ,5819,2017084195,6,67,67301,2017,8,7,1827,18,1,1,0,1,1, , ,N,0,0,0,3,0,2,2,2,N,N,39 57:29.173,75 09:52.098,1856, ,1830,1,1,3, , ,0,N, , , , ,65371, , , ,2,2,0,0,0,0,0,0,0,0,0,0,2,2,0,0,0,0,0,0,0,0,0,0,0,0,0,0,0,0,0,0,0,0,0,8,0,39.9581,-75.1645, ,Philadelphia
 ,5820,2017086651,6,67,67301,2017,2,5,843,8,1,1,0,1,1, , ,N,0,0,0,3,0,1,2,2,N,N,40 01:36.076,75 07:02.772,905, ,846,1,1,2,N, ,0,N, , , , ,65378, , , ,2,1,0,0,0,0,0,1,0,0,0,1,1,0,1,0,0,0,0,0,0,0,0,0,0,0,0,0,0,0,0,0,0,0,0,4,0,40.0267,-75.1174, ,Philadelphia
 ,5821,2017105957,6,67,67301,2017,9,5,1600,16,1,1,0,7,3, , ,N,0,0,0,3,0,0,1,2,N,N,39 57:26.508,75 09:45.182,1647, ,1647, ,0, , , ,0, , , , , ,65389, , , ,1,1,0,0,0,0,0,0,0,0,0,0,0,0,0,0,0,0,0,0,0,0,0,0,0,0,0,0,0,0,0,0,0,0,0,0,0,39.9574,-75.1626, ,Philadelphia
 ,5822,2017093630,6,67,67301,2017,8,6,1700,17,1,1,0,4,1, , ,N,1,3,0,3,0,0,3,2,N,N,39 59:15.679,75 09:16.209,1707, ,1703, ,0, ,N, ,3, , , , , ,65399, , , ,2,2,0,0,0,0,0,0,0,0,0,0,0,0,0,0,0,0,0,0,0,0,0,0,0,0,0,0,0,0,0,0,0,0,0,0,0,39.9877,-75.1545, ,Philadelphia
 ,5823,2017059244,6,67,67301,2017,6,7,25,0,3,1,0,8,1, , ,N,1,2,0,3,1,0,2,2,N,N,39 57:24.012,75 11:52.849,32, ,29,3,1,4,N,0,3,Y, , , , ,65416, , , ,1,1,0,0,0,0,0,0,0,0,0,0,0,0,0,0,0,0,0,0,1,0,0,0,0,0,0,0,0,0,0,0,1,1,0,1,0,39.9566,-75.198,2,Philadelphia
 ,5824,2017060701,6,67,67301,2017,5,5,1748,17,1,1,0,4,1, , ,N,1,2,0,3,0,1,2,2,N,N,39 56:25.327,75 14:11.791,1822, ,1822, ,0, ,N, ,3, , , , , ,65417, , , ,2,0,1,0,0,0,1,0,0,0,0,1,1,0,0,0,0,0,0,0,0,0,0,1,0,0,0,0,0,0,0,0,0,0,0,4,0,39.9404,-75.2366, ,Philadelphia
 ,5825,2017060527,6,67,67301,2017,5,7,711,7,1,2,1,6,6, , ,N,0,0,0,3,0,1,1,2,N,N,39 54:57.643,75 14:20.850,718, ,716, ,0, ,N, ,0, , , , , ,65458, , , ,2,1,0,0,0,0,1,0,0,0,0,0,1,1,0,0,0,0,0,0,0,0,0,0,0,0,0,0,0,0,0,0,0,0,0,8,0,39.916,-75.2391, ,Philadelphia
 ,5826,2017086323,6,67,67301,2017,8,3,830,8,1,1,0,4,1, , ,N,1,3,0,3,0,1,2,2,N,N,40 00:33.940,75 09:33.713,848, ,845, ,0, , , ,3, , , , , ,65486, , , ,2,2,0,0,0,0,0,0,0,0,0,0,1,1,0,0,0,0,0,0,0,0,0,1,0,0,0,0,0,0,0,0,0,0,0,8,0,40.0094,-75.1594, ,Philadelphia
 ,5827,2017107614,6,67,67301,2017,10,5,518,5,3,1,0,7,2, , ,N,0,4,0,3,0,0,1,1,N,N,39 57:20.292,75 10:50.333,539, ,519,2,1,4, , ,3,Y, , , , ,65489, , , ,1,1,0,0,0,0,0,0,0,0,0,0,0,0,1,0,0,0,0,0,0,0,0,0,0,0,0,0,0,0,0,0,0,0,0,9,0,39.9555,-75.1807, ,Philadelphia
 ,5828,2017091812,6,67,67301,2017,8,1,9999,99,3,1,0,4,1, , ,N,1,2,0,3,0,0,4,2,N, ,39 59:00.905,75 14:49.650,2218, ,2216, ,0, , , ,3, , , , , ,65490, , , ,2,1,0,0,0,0,0,1,0,0,0,0,0,0,1,0,0,0,0,0,0,0,0,0,0,0,0,0,0,0,0,0,0,0,0,9,0,39.9836,-75.247, ,Philadelphia
 ,5829,2017091862,6,67,67301,2017,8,6,1838,18,8,2,1,4,1, , ,N,1,1,0,3,0,1,2,2,N, ,40 03:07.696,75 04:04.036,1855, ,1844,1,1,3, , ,4,N, , , , ,65491, , , ,2,1,0,0,0,0,0,1,0,0,0,1,1,0,0,0,0,0,0,2,0,0,0,1,0,0,0,0,0,0,0,0,0,0,0,4,0,40.0521,-75.0678, ,Philadelphia
 ,5830,2017067682,6,67,67301,2017,6,3,730,7,1,2,1,8,1, , ,N,1,2,0,3,0,1,2,2,N,Y,39 57:22.730,75 14:23.657,1015, ,1001, ,0, , , ,3, , , , , ,65515, , , ,1,0,0,0,0,0,1,0,0,0,0,1,1,0,0,0,0,0,0,0,0,0,0,1,0,0,0,0,0,0,0,0,1,0,0,4,0,39.9563,-75.2399, ,Philadelphia
 ,5831,2017085846,6,67,67301,2017,7,4,1326,13,1,1,0,5,2, , ,N,0,0,0,3,0,2,3,2,N,N,39 57:29.128,75 09:51.723,1337, ,1329, ,0, , , ,0, , , , , ,65525, , , ,2,2,0,0,0,0,0,0,0,0,2,0,2,0,0,0,0,0,0,0,0,0,0,0,0,0,0,0,0,0,0,0,0,0,0,3,0,39.9581,-75.1644, ,Philadelphia
 ,5832,2017067951,6,67,67301,2017,6,5,1408,14,1,1,0,2,6, , ,N,0,0,0,3,0,0,1,3,N,Y,40 01:54.808,75 05:16.383,1438, ,1429, ,0, , , ,0, , , , , ,65557, , , ,3,0,0,0,0,0,3,0,0,0,0,0,0,0,1,0,0,0,0,0,0,0,0,1,0,0,0,0,0,0,0,0,0,0,0,9,0,40.0319,-75.0879, ,Philadelphia
 ,5833,2017091696,6,67,67301,2017,8,1,2011,20,3,1,0,4,1, , ,N,2,3,0,3,0,3,3,2,N,N,39 57:24.288,75 14:52.761,2018, ,2016, ,0, ,N, ,3, , , , , ,55324, , , ,2,2,0,0,0,0,0,0,0,0,0,2,3,1,0,0,0,0,0,0,1,0,0,0,0,0,0,0,0,0,0,0,0,0,0,4,0,39.9567,-75.248, ,Philadelphia
 ,5834,2017097150,6,67,67301,2017,9,5,215,2,3,2,1,7,4, , ,N,0,0,0,3,0,1,1,1,N,N,39 59:06.838,75 12:29.993,226, ,217, ,0, , , ,0, , , , , ,55326, , , ,1,1,0,0,0,0,0,0,0,0,0,0,1,1,0,0,0,0,0,0,0,0,0,0,0,0,0,0,0,0,0,0,0,0,0,8,0,39.9847,-75.2083, ,Philadelphia
 ,5835,2017067967,6,67,67301,2017,5,6,935,9,1,1,0,1,1, , ,N,0,0,0,3,0,1,2,2,N, ,39 57:15.421,75 10:52.490,1000, ,951, ,0, , , ,0, , , , , ,55333, , , ,2,2,0,0,0,0,0,0,0,0,0,1,1,0,1,0,0,0,0,0,0,0,0,0,0,0,0,0,0,0,0,0,0,0,0,4,0,39.9543,-75.1812, ,Philadelphia
 ,5836,2017067740,6,67,67301,2017,5,7,1645,16,1,1,0,1,1, , ,N,1,2,0,3,0,1,3,2,N,N,40 00:14.125,75 13:14.515,1704, ,1700, ,0, , , ,3, , , , , ,55343, , , ,2,0,0,0,0,0,0,2,0,0,0,0,1,1,0,0,0,0,0,0,1,0,0,1,0,0,0,0,0,0,0,0,0,0,0,8,0,40.0039,-75.2207, ,Philadelphia
 ,5837,2017073760,6,67,67301,2017,5,6,720,7,1,1,0,1,1, , ,N,1,3,0,3,0,1,3,2,N,N,39 55:33.355,75 09:44.452,0, ,0, ,0, ,N, ,3, , , , , ,55347, , , ,2,1,0,0,0,0,1,0,0,0,0,0,1,1,0,0,0,0,0,0,0,0,0,0,0,0,0,0,0,0,0,0,0,0,0,8,0,39.9259,-75.1623, ,Philadelphia
 ,5838,2017088751,6,67,67301,2017,7,7,1622,16,1,1,0,4,1, , ,N,1,3,0,3,0,1,3,3,N, ,39 57:15.364,75 14:25.317,1631, ,1625, ,0, , , ,3, , , , , ,55357, , , ,3,2,0,0,0,0,1,0,0,0,1,0,1,0,0,0,0,0,1,0,0,0,0,0,0,0,0,0,0,0,0,0,0,0,0,3,0,39.9543,-75.2404, ,Philadelphia
 ,5839,2017095973,6,67,67301,2017,8,3,1750,17,1,1,0,1,6, , ,N,0,0,0,3,0,0,1,4,N,N,39 55:39.976,75 14:13.750,1758, ,1750, ,0, ,N, ,0, , , , , ,55361, , , ,4,2,0,0,1,0,1,0,0,0,0,0,0,0,0,0,0,0,0,0,0,0,0,0,0,0,0,0,0,0,0,0,0,0,0,0,0,39.9278,-75.2372, ,Philadelphia
 ,5840,2017096428,6,67,67301,2017,8,6,1651,16,1,1,0,8,1, , ,N,5,2,0,3,0,1,2,2,N,N,39 59:40.590,75 09:35.349,1659, ,1652, ,0, , , ,3, , , , , ,55366, , , ,1,1,0,0,0,0,0,0,0,0,0,0,1,1,0,0,0,0,0,0,1,0,0,1,0,0,0,0,0,0,0,0,1,0,0,8,0,39.9946,-75.1598, ,Philadelphia
 ,5841,2017116017,6,67,67301,2017,10,2,1000,10,1,2,1,4,1, , ,N,1,3,0,3,0,1,2,2,N, ,39 55:46.945,75 10:42.049,1014, ,1012, ,0, , , ,3, , , , , ,55371, , , ,2,2,0,0,0,0,0,0,0,0,1,0,1,0,0,0,0,0,0,0,1,0,0,1,0,0,0,0,0,0,0,0,0,0,0,3,0,39.9297,-75.1783, ,Philadelphia