wz_ln_closure,objectid_1,crn,district,county,municipality,crash_year,crash_month,day_of_week,time_of_day,hour_of_day,illumination,weather,road_condition,collision_type,relation_to_road,work_zone_type,work_zone_loc,work_zone_ind,intersect_type,tcd_type,location_type,urban_rural,fatal_count,injury_count,person_count,total_units,sch_bus_ind,sch_zone_ind,latitude,longitude,arrival_tm,cons_zone_spd_lim,dispatch_tm,est_hrs_closed,lane_closed,ln_close_dir,ntfy_hiwy_maint,spec_juris_cd,tcd_func_cd,tfc_detour_ind,workers_pres,wz_close_detour,wz_flagger,wz_law_offcr_ind,objectid,wz_moving,wz_other,wz_shlder_mdn,vehicle_count,automobile_count,motorcycle_count,bus_count,small_truck_count,heavy_truck_count,suv_count,van_count,bicycle_count,maj_inj_count,mod_inj_count,min_inj_count,tot_inj_count,unk_inj_deg_count,unk_inj_per_count,driver_count_16yr,driver_count_17yr,driver_count_18yr,driver_count_19yr,driver_count_20yr,driver_count_50_64yr,driver_count_65_74yr,driver_count_75plus,unbelted_occ_count,unb_death_count,unb_maj_inj_count,belted_death_count,belted_maj_inj_count,mcycle_death_count,mcycle_maj_inj_count,bicycle_death_count,bicycle_maj_inj_count,ped_count,ped_death_count,ped_maj_inj_count,max_severity_level,comm_veh_count,dec_lat,dec_long,rdwy_surf_type_cd,county_name
 ,5906,2017086758,6,67,67301,2017,4,1,409,4,3,1,0,5,6, , ,N,0,0,0,3,0,0,1,2,N,N,40 04:02.114,75 08:48.753,420, ,414, ,0, ,N, ,0, , , , , ,55493, , , ,2,1,0,0,0,0,1,0,0,0,0,0,0,0,0,0,0,0,0,0,0,0,0,0,0,0,0,0,0,0,0,0,0,0,0,0,0,40.0673,-75.1469, ,Philadelphia
 ,5907,2017097840,6,67,67301,2017,9,7,1605,16,1,2,1,7,5, , ,N,1,0,0,3,0,2,2,2,N, ,39 59:34.504,75 08:02.320,1650, ,1642, ,0, , , ,0, , , , , ,55508, , , ,1,0,0,0,0,0,1,0,0,0,0,2,2,0,0,0,0,0,0,0,0,1,0,0,0,0,0,0,0,0,0,0,1,0,0,4,0,39.9929,-75.134, ,Philadelphia
 ,5908,2017088982,6,67,67301,2017,8,6,1045,10,1,1,0,7,4, , ,N,1,2,0,3,0,1,1,2,N,N,39 58:49.157,75 12:51.153,1050, ,1046,2,2,2,N, ,3,Y, , , , ,55515, , , ,1,0,0,0,1,0,0,0,0,0,0,0,1,1,0,0,0,0,0,0,0,0,0,0,0,0,0,0,0,0,0,0,0,0,0,8,0,39.9803,-75.2141, ,Philadelphia
 ,5909,2017088962,6,67,67301,2017,8,7,200,2,3,9,0,8,1, , ,N,1,2,0,3,0,1,2,2,N,N,39 55:01.354,75 14:46.192,1050, ,1050, ,0, ,N, ,3, , , , , ,55516, , , ,1,0,0,0,0,0,0,0,0,0,1,0,1,0,0,0,0,0,0,0,0,0,0,0,0,0,0,0,0,0,0,0,1,0,0,3,0,39.9172,-75.2463, ,Philadelphia
 ,5910,2017086698,6,67,67301,2017,3,4,1553,15,1,1,0,4,1, , ,N,1,3,0,3,0,0,2,2,N,N,39 55:55.996,75 09:10.449,1609, ,1608, ,0, ,N, ,3, , , , , ,55517, , , ,2,2,0,0,0,0,0,0,0,0,0,0,0,0,0,0,0,0,0,0,1,0,0,0,0,0,0,0,0,0,0,0,0,0,0,0,0,39.9322,-75.1529, ,Philadelphia
 ,5911,2017096544,6,67,67301,2017,8,7,1100,11,1,1,0,8,1, , ,N,0,0,0,3,0,1,2,2,N,N,39 56:20.707,75 10:36.227,1235, ,1223, ,0, ,N, ,0, , , , , ,55557, , , ,1,0,0,0,1,0,0,0,0,0,0,0,1,1,0,0,0,0,0,0,0,0,0,1,0,0,0,0,0,0,0,0,1,0,0,8,0,39.9391,-75.1767, ,Philadelphia
 ,5912,2017116172,6,67,67301,2017,10,6,900,9,1,1,0,4,1, , ,N,1,2,0,3,0,1,2,2,N,N,40 02:02.778,75 06:21.398,907, ,905, ,0, ,N, ,3, , , , , ,55562, , , ,2,2,0,0,0,0,0,0,0,0,0,0,1,1,1,0,0,0,0,0,1,0,0,0,0,0,0,0,0,0,0,0,0,0,0,8,0,40.0341,-75.1059, ,Philadelphia
 ,5913,2017053290,6,67,67301,2017,5,3,1400,14,1,1,0,7,2, , ,N,0,0,0,3,0,1,3,1,N,N,39 54:43.160,75 08:54.931,1430, ,1406,1,1,1, , ,0,N, , , , ,55568, , , ,1,0,0,0,0,0,1,0,0,1,0,0,1,0,1,0,0,0,0,0,0,0,0,1,0,0,0,1,0,0,0,0,0,0,0,2,0,39.912,-75.1486, ,Philadelphia
 ,5914,2017052134,6,67,67301,2017,4,4,15,0,3,1,0,4,1, , ,N,1,2,0,3,0,2,3,2,N,N,40 00:19.857,75 06:19.237,29, ,29, ,0, ,N, ,3, , , , , ,55569, , , ,2,1,0,0,0,0,1,0,0,0,0,0,2,2,0,0,0,1,0,0,0,0,0,1,0,0,0,0,0,0,0,0,0,0,0,8,0,40.0055,-75.1053, ,Philadelphia
 ,5915,2017035623,6,67,67301,2017,3,2,138,1,3,1,0,7,4, , ,N,1,3,8,3,0,1,1,1,N,N,40 01:12.005,75 09:07.946,9999, ,9999, ,0, ,N, ,3, , , , , ,55584, , , ,1,0,0,0,0,0,1,0,0,0,0,0,1,1,0,0,0,0,1,0,0,0,0,0,0,0,0,0,0,0,0,0,0,0,0,8,0,40.02,-75.1522, ,Philadelphia
 ,5916,2017041319,6,67,67301,2017,4,4,1010,10,1,1,0,4,1, , ,N,1,2,0,3,0,2,3,2,N,N,40 05:49.760,75 01:05.283,1025, ,1016, ,0, ,N, ,3, , , , , ,55592, , , ,2,2,0,0,0,0,0,0,0,0,0,2,2,0,0,0,0,0,0,0,0,0,0,1,0,0,0,0,0,0,0,0,0,0,0,4,0,40.0972,-75.0181, ,Philadelphia
 ,5917,2017041155,6,67,67301,2017,3,4,2300,23,3,1,0,1,1, , ,N,0,2,0,3,0,1,4,3,N,N,39 56:55.889,75 09:51.414,2311, ,2308, ,0, ,N, ,3, , , , , ,55597, , , ,3,1,0,0,0,0,2,0,0,0,0,0,1,1,0,0,0,0,0,0,0,1,0,0,0,0,0,0,0,0,0,0,0,0,0,8,0,39.9489,-75.1643, ,Philadelphia
 ,5918,2017055540,6,67,67301,2017,4,3,1555,15,1,2,1,4,1, , ,N,3,2,0,3,0,2,2,2,N,N,39 58:21.629,75 15:34.711,1555, ,1555,2,1,1,N, ,3,Y, , , , ,55608, , , ,2,0,0,0,0,0,1,1,0,0,0,2,2,0,0,0,0,0,0,0,0,0,0,0,0,0,0,0,0,0,0,0,0,0,0,4,0,39.9727,-75.2596, ,Philadelphia
 ,5919,2017055589,6,67,67301,2017,5,3,708,7,1,1,0,4,1, , ,N,1,3,0,3,0,3,4,2,N,N,39 57:29.437,75 13:44.774,805, ,756, ,0, , , ,3, , , , , ,55616, , , ,2,1,0,0,0,0,1,0,0,0,0,3,3,0,0,0,0,0,0,0,0,0,0,0,0,0,0,0,0,0,0,0,0,0,0,4,0,39.9582,-75.2291, ,Philadelphia
 ,5920,2017052136,6,67,67301,2017,4,4,840,8,1,1,0,1,1, , ,N,1,2,0,3,0,0,2,2,N, ,39 59:16.284,75 09:20.883,850, ,844,2,1,2, , ,3,N, , , , ,55618, , , ,2,1,0,0,0,0,1,0,0,0,0,0,0,0,0,0,0,0,0,0,0,0,0,0,0,0,0,0,0,0,0,0,0,0,0,0,0,39.9879,-75.1558, ,Philadelphia
 ,5921,2017057840,6,67,67301,2017,5,1,727,7,1,1,0,7,4, , ,N,0,0,0,3,0,0,1,1,N,N,39 53:34.953,75 11:47.863,745, ,727, ,0, , , ,0, , , , , ,55619, , , ,1,1,0,0,0,0,0,0,0,0,0,0,0,0,0,0,0,0,0,0,0,0,0,0,0,0,0,0,0,0,0,0,0,0,0,0,0,39.893,-75.1966, ,Philadelphia
 ,5922,2017055638,6,67,67301,2017,5,1,509,5,1,1,0,6,6, , ,N,0,0,0,3,0,0,1,2,N, ,39 59:40.417,75 06:25.679,552, ,548,1,2,5, , ,0,N, , , , ,55631, , , ,2,2,0,0,0,0,0,0,0,0,0,0,0,0,0,0,0,0,0,0,0,0,0,0,0,0,0,0,0,0,0,0,0,0,0,0,0,39.9946,-75.1071, ,Philadelphia
 ,5923,2017091707,6,67,67301,2017,8,6,9999,99,3,2,1,1,1, , ,N,0,0,0,3,0,1,4,3,N,N,40 00:59.447,75 08:58.773,2158, ,2154,1,1,2,N, ,0,N, , , , ,58641, , , ,3,1,0,0,0,0,1,0,0,0,0,1,1,0,0,0,0,0,0,0,0,0,0,1,0,0,0,0,0,0,0,0,0,0,0,4,0,40.0165,-75.1497, ,Philadelphia
 ,5924,2017105942,6,67,67301,2017,9,5,857,8,1,1,0,3,1, , ,N,1,3,0,3,0,1,2,2,N, ,40 02:18.510,75 10:08.119,910, ,905, ,0, , , ,3, , , , , ,58649, , , ,2,2,0,0,0,0,0,0,0,0,0,0,1,1,0,0,0,0,0,0,0,0,1,0,0,0,0,0,0,0,0,0,0,0,0,8,0,40.0385,-75.1689, ,Philadelphia
 ,5925,2017116166,6,67,67301,2017,10,4,328,3,3,1,0,4,1, , ,N,1,2,0,3,0,3,3,2,N,N,40 01:34.401,75 07:02.499,340, ,2334, ,0, ,N, ,3, , , , , ,58650, , , ,2,0,0,0,0,0,1,1,0,0,1,2,3,0,0,0,0,0,0,0,1,0,0,0,0,0,0,0,0,0,0,0,0,0,0,3,0,40.0262,-75.1174, ,Philadelphia
 ,5926,2017091829,6,67,67301,2017,8,6,1945,19,1,1,0,1,1, , ,N,0,2,0,3,0,1,2,2,N,N,39 58:48.551,75 10:18.670,1955, ,1948, ,0, ,N, ,3, , , , , ,58690, , , ,1,0,0,0,0,0,0,1,1,0,0,1,1,0,0,0,0,0,0,0,0,1,0,1,0,0,0,0,0,0,0,0,0,0,0,4,0,39.9801,-75.1718, ,Philadelphia
 ,5927,2017109878,6,67,67301,2017,10,1,1657,16,1,1,0,8,1, , ,N,0,0,0,3,0,1,2,2,N,N,40 02:10.158,75 03:04.113,1700, ,1657,1,1,4,N, ,0,Y, , , , ,58697, , , ,1,1,0,0,0,0,0,0,0,0,0,1,1,0,0,0,0,0,0,0,0,0,0,0,0,0,0,0,0,0,0,0,1,0,0,4,0,40.0362,-75.0511, ,Philadelphia
 ,5928,2017120730,6,67,67301,2017,10,2,1445,14,1,1,0,4,1, , ,N,1,3,0,3,0,0,2,2,N, ,39 57:46.836,75 09:30.286,1507, ,1504,2,1,1, , ,3,N, , , , ,58700, , , ,2,1,0,0,0,0,1,0,0,0,0,0,0,0,0,0,0,0,0,0,0,0,0,0,0,0,0,0,0,0,0,0,0,0,0,0,0,39.963,-75.1584, ,Philadelphia
 ,5929,2017068000,6,67,67301,2017,5,4,1340,13,1,1,0,1,1, , ,N,3,3,0,3,0,2,3,2,N,N,39 59:45.110,75 11:28.893,1400, ,1344,1,1,1, , ,3,N, , , , ,58719, , , ,2,2,0,0,0,0,0,0,0,0,0,2,2,0,0,0,0,0,0,0,0,0,0,0,0,0,0,0,0,0,0,0,0,0,0,4,0,39.9959,-75.1914, ,Philadelphia
 ,5930,2017073265,6,67,67301,2017,7,3,119,1,3,1,0,1,1, , ,N,6,0,2,3,0,0,3,3,N,N,39 56:55.149,75 11:07.689,119, ,119,1,1,4, , ,0,N, , , , ,58732, , , ,3,3,0,0,0,0,0,0,0,0,0,0,0,0,0,0,0,0,1,1,0,0,0,0,0,0,0,0,0,0,0,0,0,0,0,0,0,39.9487,-75.1855, ,Philadelphia
 ,5931,2017079156,6,67,67301,2017,7,6,1703,17,1,1,0,1,1, , ,N,0,0,0,3,0,1,6,3,N,N,39 58:29.828,75 07:02.776,1714, ,1704,1,1,2, , ,0,N, , , , ,58765, , , ,3,1,0,0,0,0,1,1,0,1,0,0,1,0,0,0,0,0,0,0,1,0,0,0,0,0,0,1,0,0,0,0,0,0,0,2,0,39.9749,-75.1175, ,Philadelphia
 ,5932,2017086858,6,67,67301,2017,5,7,1305,13,1,2,1,7,1, , ,N,0,0,1,3,0,0,3,1,N,N,39 55:56.611,75 13:08.097,1323, ,1321, ,0, , , ,0, , , , , ,58771, , , ,1,0,0,0,0,1,0,0,0,0,0,0,0,0,0,0,0,0,0,0,1,0,0,0,0,0,0,0,0,0,0,0,0,0,0,0,1,39.9324,-75.2189, ,Philadelphia
 ,5933,2017109765,6,67,67301,2017,9,5,2340,23,3,1,0,1,1, , ,N,0,0,0,3,0,2,3,4,N,N,40 02:19.156,75 03:53.758,2340, ,2340, ,0, ,N, ,0, , , , , ,58801, , , ,4,2,0,0,0,0,2,0,0,0,0,2,2,0,0,0,0,0,0,0,0,0,0,1,0,0,0,0,0,0,0,0,0,0,0,4,0,40.0387,-75.0649, ,Philadelphia
 ,5934,2017070422,6,67,67301,2017,6,1,438,4,3,1,0,7,4, , ,N,2,0,0,3,0,1,3,1,N,N,40 00:59.183,75 04:17.918,438, ,438,3,1,4, , ,0,N, , , , ,58815, , , ,1,0,0,0,0,0,0,1,0,1,0,0,1,0,0,0,0,0,0,0,0,0,0,0,0,0,0,1,0,0,0,0,0,0,0,2,0,40.0164,-75.0716, ,Philadelphia
 ,5935,2017088786,6,67,67301,2017,8,7,1220,12,1,1,0,5,1, , ,N,0,0,0,3,0,0,2,2,N,N,40 01:16.538,75 08:26.373,1233, ,1230,1,1,2,N, ,0,N, , , , ,58822, , , ,2,1,0,0,0,0,0,1,0,0,0,0,0,0,2,0,0,0,0,0,0,0,0,0,0,0,0,0,0,0,0,0,0,0,0,9,0,40.0213,-75.1407, ,Philadelphia
 ,5936,2017115972,6,67,67301,2017,10,4,817,8,1,1,0,4,1, , ,N,0,0,7,3,0,0,5,2,N,Y,40 03:23.384,75 09:36.523,847, ,832, ,0, ,N, ,0, , , , , ,58833, , , ,2,2,0,0,0,0,0,0,0,0,0,0,0,0,3,0,0,0,1,0,0,0,0,0,0,0,0,0,0,0,0,0,0,0,0,9,0,40.0565,-75.1601, ,Philadelphia
 ,5937,2017106180,6,67,67301,2017,10,6,1747,17,1,1,0,1,1, , ,N,0,0,0,3,0,2,5,3,N,N,39 58:45.774,75 12:14.825,1815, ,1755, ,0, , , ,0, , , , , ,58840, , , ,3,3,0,0,0,0,0,0,0,0,0,0,2,2,0,0,0,0,0,0,1,0,0,0,0,0,0,0,0,0,0,0,0,0,0,8,0,39.9789,-75.2034, ,Philadelphia
 ,5938,2017130597,6,67,67301,2017,10,6,1655,16,1,1,0,4,1, , ,N,1,2,0,3,0,2,3,2,N, ,39 56:47.623,75 14:45.625,1700, ,1700, ,0, ,N, ,3, , , , , ,58847, , , ,2,2,0,0,0,0,0,0,0,0,0,0,2,2,0,0,0,0,0,0,1,0,0,1,0,0,0,0,0,0,0,0,0,0,0,8,0,39.9466,-75.246, ,Philadelphia
 ,5939,2017067705,6,67,67301,2017,5,1,2251,22,3,2,1,6,6, , ,N,0,0,0,3,0,1,1,2,N,N,40 01:46.275,75 10:07.680,40, ,33,2,2,5,N, ,0,Y, , , , ,58902, , , ,2,1,0,0,0,0,1,0,0,0,0,0,1,1,0,0,0,0,0,0,0,0,0,0,0,0,0,0,0,0,0,0,0,0,0,8,0,40.0295,-75.1688, ,Philadelphia
 ,5940,2017067894,6,67,67301,2017,6,3,1839,18,1,1,1,1,1, , ,N,0,0,0,3,0,1,2,2,N,N,40 01:53.821,75 02:10.756,1855, ,1853,9,1,4,N, ,0,N, , , , ,58903, , , ,2,1,0,0,0,0,1,0,0,0,0,1,1,0,0,0,0,0,0,0,0,0,0,0,0,0,0,0,0,0,0,0,0,0,0,4,0,40.0316,-75.0363, ,Philadelphia
 ,5941,2017086765,6,67,67301,2017,4,7,730,7,1,1,1,7,4, , ,N,0,0,0,3,0,0,1,1,N,N,40 01:51.930,75 05:08.766,742, ,730,2,1,1,Y, ,0,N, , , , ,62008, , , ,1,1,0,0,0,0,0,0,0,0,0,0,0,0,0,0,0,0,0,0,0,0,0,0,0,0,0,0,0,0,0,0,0,0,0,0,0,40.0311,-75.0858, ,Philadelphia
 ,5942,2017108024,6,67,67301,2017,9,5,1710,17,1,1,0,4,1, , ,N,1,2,0,3,0,1,3,2,N,N,40 04:51.446,75 12:09.698,1915, ,1915, ,0, ,N, ,3, , , , , ,62012, , , ,2,2,0,0,0,0,0,0,0,0,0,0,1,1,2,0,0,0,0,0,0,0,0,0,0,0,0,0,0,0,0,0,0,0,0,8,0,40.0808,-75.2027, ,Philadelphia
 ,5943,2017091677,6,67,67301,2017,8,3,1550,15,1,1,0,5,6, , ,N,0,0,0,3,0,0,1,3,N, ,40 02:16.142,75 05:23.834,1601, ,1600, ,0, , , ,0, , , , , ,62014, , , ,3,2,0,0,0,0,0,1,0,0,0,0,0,0,1,0,0,0,0,0,0,0,0,0,0,0,0,0,0,0,0,0,0,0,0,9,0,40.0378,-75.09, ,Philadelphia
 ,5944,2017086102,6,67,67301,2017,6,1,1717,17,1,1,0,4,1, , ,N,2,3,0,3,0,0,3,3,N, ,39 57:34.488,75 14:25.756,1859, ,1855, ,0, , , ,3, , , , , ,62023, , , ,3,2,0,0,0,0,1,0,0,0,0,0,0,0,0,0,0,0,0,0,0,0,0,0,0,0,0,0,0,0,0,0,0,0,0,0,0,39.9596,-75.2405, ,Philadelphia
 ,5945,2017068050,6,67,67301,2017,6,6,1712,17,1,1,0,5,1, , ,N,0,0,0,3,0,0,3,2,N,N,39 59:35.836,75 13:35.940,1721, ,1717, ,0, ,N, ,0, , , , , ,62031, , , ,2,1,0,0,0,0,1,0,0,0,0,0,0,0,0,0,0,0,0,0,1,0,0,0,0,0,0,0,0,0,0,0,0,0,0,0,0,39.9933,-75.2267, ,Philadelphia
 ,5946,2017071268,6,67,67301,2017,1,2,800,8,1,2,1,1,1, , ,N,2,2,0,3,0,1,2,2,N,N,39 58:31.037,75 10:05.801,0, ,0, ,0, ,N, ,3, , , , , ,62035, , , ,2,0,0,0,0,0,0,1,0,0,0,1,1,0,0,0,0,0,0,0,0,0,0,0,0,0,0,0,0,0,0,0,0,0,0,4,0,39.9753,-75.1683, ,Philadelphia
 ,5947,2017088858,6,67,67301,2017,8,5,545,5,1,1,0,4,1, , ,N,1,3,0,3,0,1,2,2,N,N,39 57:14.058,75 12:37.123,547, ,542, ,0, ,N, ,3, , , , , ,62053, , , ,1,0,0,0,0,0,1,0,1,0,1,0,1,0,0,0,0,0,0,0,1,0,0,0,0,0,0,0,0,0,0,0,0,0,0,3,0,39.9539,-75.2103, ,Philadelphia
 ,5948,2017109787,6,67,67301,2017,9,1,1527,15,1,1,0,4,1, , ,N,1,2,0,3,0,1,5,2,N, ,40 02:26.384,75 04:34.268,1543, ,1541, ,0, , , ,3, , , , , ,62070, , , ,2,1,0,0,0,0,0,1,0,0,0,0,1,1,0,0,0,0,0,0,0,0,0,0,0,0,0,0,0,0,0,0,0,0,0,8,0,40.0407,-75.0762, ,Philadelphia
 ,5949,2017054828,6,46,46102,2017,5,2,2205,22,3,1,0,1,1, , ,N,5,2,0,3,0,2,4,3,N,N,40 04:26.918,75 09:30.203,2210, ,2205,2,1,4,N, ,3,N, , , , ,62081, , , ,3,1,0,0,0,0,2,0,0,0,0,0,2,2,0,0,0,0,0,0,2,0,0,0,0,0,0,0,0,0,0,0,0,0,0,8,0,40.0741,-75.1584, ,Montgomery
 ,5950,2017067888,6,67,67301,2017,6,3,2013,20,1,1,0,1,1, , ,N,0,2,0,3,0,1,3,3,N,N,40 01:44.658,75 03:45.611,2017, ,2013, ,0, ,N, ,3, , , , , ,62083, , , ,3,1,0,0,1,0,0,1,0,0,0,0,1,1,1,0,0,0,0,0,2,0,0,0,0,0,0,0,0,0,0,0,0,0,0,8,0,40.029,-75.0627, ,Philadelphia
 ,5951,2017086931,6,67,67301,2017,1,4,2145,21,3,1,0,8,1, , ,N,0,0,0,3,0,1,2,2,N,N,39 59:52.112,75 09:31.196,2200, ,2155, ,0, ,N, ,0, , , , , ,62086, , , ,1,1,0,0,0,0,0,0,0,0,0,1,1,0,0,0,0,0,0,0,1,0,0,0,0,0,0,0,0,0,0,0,1,0,0,4,0,39.9978,-75.1587, ,Philadelphia
 ,5952,2017086837,6,67,67301,2017,5,4,1325,13,1,9,8,5,1, , ,N,0,0,0,3,0,1,2,2,N,N,39 58:13.702,75 09:34.495,1340, ,1330, ,0, ,N, ,0, , , , , ,62090, , , ,1,0,0,0,0,0,1,0,1,0,1,0,1,0,1,0,0,0,0,0,0,0,0,0,0,0,0,0,0,0,0,0,0,0,0,3,0,39.9705,-75.1596, ,Philadelphia
 ,5953,2017105871,6,67,67301,2017,9,1,305,3,3,1,0,4,1, , ,N,1,2,0,3,0,1,2,2,N, ,40 02:07.762,75 13:02.189,315, ,312, ,0, , , ,3, , , , , ,62093, , , ,2,1,0,0,0,0,1,0,0,0,0,0,1,1,0,0,0,0,0,0,0,0,0,2,0,0,0,0,0,0,0,0,0,0,0,8,0,40.0355,-75.2173, ,Philadelphia
 ,5954,2017091767,6,67,67301,2017,8,2,1645,16,1,2,0,4,1, , ,N,1,3,0,3,0,1,2,4,N,N,39 56:33.899,75 09:42.753,1701, ,1701,2,2,2,N, ,3,Y, , , , ,62095, , , ,4,2,0,0,0,0,2,0,0,0,1,0,1,0,0,0,0,0,0,0,1,0,0,0,0,0,0,0,0,0,0,0,0,0,0,3,0,39.9427,-75.1619, ,Philadelphia
 ,5955,2017120556,6,67,67301,2017,10,7,1025,10,1,1,0,4,1, , ,N,1,3,0,3,0,1,2,2,N,N,39 58:24.232,75 11:07.371,1047, ,1042, ,0, ,N, ,3, , , , , ,62101, , , ,1,0,0,0,1,0,0,0,1,0,1,0,1,0,0,0,0,0,0,0,0,0,0,0,0,0,0,0,0,0,0,0,0,0,0,3,0,39.9734,-75.1854, ,Philadelphia
 ,5956,2017101862,6,67,67301,2017,9,1,1830,18,4,9,0,8,1, , ,N,1,2,0,3,0,1,2,2,N,N,40 00:11.783,75 09:57.234,2133, ,2130, ,0, , , ,3, , , , , ,62114, , , ,1,1,0,0,0,0,0,0,0,0,0,0,1,1,0,0,0,0,0,0,0,0,0,0,0,0,0,0,0,0,0,0,1,0,0,8,0,40.0033,-75.1659, ,Philadelphia
 ,5957,2017076143,6,67,67301,2017,6,7,819,8,1,2,1,1,1, , ,N,0,0,0,3,0,0,3,3,N,N,40 00:33.700,75 11:18.700,836, ,821, ,0, ,N, ,0, , , , , ,62125, , , ,3,1,0,0,1,0,1,0,0,0,0,0,0,0,0,0,0,0,0,0,1,0,0,0,0,0,0,0,0,0,0,0,0,0,0,0,0,40.0105,-75.185, ,Philadelphia
 ,5958,2017086961,6,67,67301,2017,1,6,1650,16,3,1,0,4,1, , ,N,1,3,0,3,0,1,2,2,N, ,40 03:04.374,75 04:47.639,1708, ,1700, ,0, , , ,3, , , , , ,62126, , , ,2,0,0,0,0,0,1,1,0,0,0,0,1,1,0,0,0,0,0,0,1,0,0,1,0,0,0,0,0,0,0,0,0,0,0,8,0,40.0512,-75.0799, ,Philadelphia
 ,5959,2017108548,6,67,67301,2017,10,7,1402,14,1,1,0,5,1, , ,N,0,0,0,3,0,0,2,2,N,N,39 55:37.034,75 11:41.888,1421, ,1410,1,1,4, , ,0,N, , , , ,65955, , , ,2,1,0,0,0,1,0,0,0,0,0,0,0,0,0,0,0,0,0,0,1,0,0,0,0,0,0,0,0,0,0,0,0,0,0,0,1,39.9269,-75.1949, ,Philadelphia
 ,5960,2017088795,6,67,67301,2017,8,7,2120,21,3,1,0,4,1, , ,N,1,2,0,3,0,1,2,2,N,N,39 58:08.006,75 08:03.925,2138, ,2131, ,0, , , ,3, , , , , ,65959, , , ,2,1,0,1,0,0,0,0,0,0,0,0,1,1,0,0,0,0,0,0,1,0,0,0,0,0,0,0,0,0,0,0,0,0,0,8,1,39.9689,-75.1344, ,Philadelphia
 ,5961,2017096504,6,67,67301,2017,8,2,1936,19,3,2,1,8,1, , ,N,0,0,0,3,0,1,2,2,N,N,40 05:15.186,75 02:06.784,1940, ,1936, ,0, ,N, ,0, , , , , ,65972, , , ,1,1,0,0,0,0,0,0,0,0,0,1,1,0,0,0,0,0,0,0,0,0,0,0,0,0,0,0,0,0,0,0,1,0,0,4,0,40.0876,-75.0352, ,Philadelphia
 ,5962,2017087744,6,67,67301,2017,6,1,446,4,3,1,0,1,1, , ,N,0,0,0,3,1,2,3,3,N,N,39 57:27.148,75 09:36.153,446, ,446,3,2,3, ,0,0,Y, , , , ,66003, , , ,2,1,0,0,0,0,1,0,0,1,1,0,2,0,0,0,0,0,0,0,0,0,0,0,0,0,0,1,0,0,0,0,1,1,0,1,0,39.9575,-75.16,1,Philadelphia
 ,5963,2017086040,6,67,67301,2017,7,1,2146,21,3,1,0,5,6, , ,N,0,0,0,3,0,0,1,3,N,N,39 57:57.279,75 12:29.318,2148, ,2146, ,0, ,N, ,0, , , , , ,66007, , , ,3,1,0,0,0,0,2,0,0,0,0,0,0,0,0,0,0,0,0,0,0,0,0,0,0,0,0,0,0,0,0,0,0,0,0,0,0,39.9659,-75.2081, ,Philadelphia
 ,5964,2017091815,6,67,67301,2017,8,2,1200,12,1,1,0,1,1, , ,N,1,2,0,3,0,0,3,2,N,N,39 57:43.372,75 09:33.468,1217, ,1213, ,0, , , ,3, , , , , ,66019, , , ,2,1,0,0,0,1,0,0,0,0,0,0,0,0,1,0,0,0,0,0,0,0,0,0,0,0,0,0,0,0,0,0,0,0,0,9,1,39.9619,-75.1593, ,Philadelphia
 ,5965,2017086229,6,67,67301,2017,7,7,0,0,3,1,0,5,6, , ,N,0,0,0,3,0,0,1,3,N, ,39 58:35.054,75 14:37.777,25, ,20, ,0, ,N, ,0, , , , , ,66056, , , ,3,2,0,0,0,0,1,0,0,0,0,0,0,0,0,0,0,0,0,0,0,0,0,1,0,0,0,0,0,0,0,0,0,0,0,0,0,39.9764,-75.2438, ,Philadelphia
 ,5966,2017111575,6,67,67301,2017,9,7,2146,21,3,1,0,4,1, , ,N,1,2,0,3,0,2,3,3,N, ,40 02:12.076,75 07:56.939,2150, ,2148, ,0, , , ,3, , , , , ,66062, , , ,3,1,0,0,1,0,1,0,0,0,0,2,2,0,0,0,0,0,0,0,0,0,0,1,0,0,0,0,0,0,0,0,0,0,0,4,0,40.0367,-75.1325, ,Philadelphia
 ,5967,2017102714,6,67,67301,2017,10,4,835,8,1,1,0,7,7, , ,N,0,8,5,3,0,0,1,1,N,N,39 54:35.100,75 09:16.000,837, ,835,1,1,4,N, ,3,N, , , , ,66066, , , ,1,0,0,0,0,0,1,0,0,0,0,0,0,0,0,0,0,0,0,0,0,0,1,0,0,0,0,0,0,0,0,0,0,0,0,0,0,39.9098,-75.1544, ,Philadelphia
 ,5968,2017097891,6,67,67301,2017,9,7,1115,11,1,1,0,1,1, , ,N,1,2,0,3,0,0,2,2,N,N,40 04:17.702,75 09:27.521,1137, ,1119, ,0, ,N, ,3, , , , , ,66067, , , ,2,2,0,0,0,0,0,0,0,0,0,0,0,0,0,0,0,0,0,0,0,0,1,0,0,0,0,0,0,0,0,0,0,0,0,0,0,40.0716,-75.1576, ,Philadelphia
 ,5969,2017093619,6,67,67301,2017,8,1,2202,22,3,1,0,4,1, , ,N,1,2,0,3,0,1,2,2,N,N,40 01:13.862,75 03:13.412,2212, ,2204, ,0, ,N, ,3, , , , , ,66069, , , ,2,2,0,0,0,0,0,0,0,0,0,0,1,1,0,0,0,0,0,0,0,0,0,0,0,0,0,0,0,0,0,0,0,0,0,8,0,40.0205,-75.0537, ,Philadelphia