wz_ln_closure,objectid_1,crn,district,county,municipality,crash_year,crash_month,day_of_week,time_of_day,hour_of_day,illumination,weather,road_condition,collision_type,relation_to_road,work_zone_type,work_zone_loc,work_zone_ind,intersect_type,tcd_type,location_type,urban_rural,fatal_count,injury_count,person_count,total_units,sch_bus_ind,sch_zone_ind,latitude,longitude,arrival_tm,cons_zone_spd_lim,dispatch_tm,est_hrs_closed,lane_closed,ln_close_dir,ntfy_hiwy_maint,spec_juris_cd,tcd_func_cd,tfc_detour_ind,workers_pres,wz_close_detour,wz_flagger,wz_law_offcr_ind,objectid,wz_moving,wz_other,wz_shlder_mdn,vehicle_count,automobile_count,motorcycle_count,bus_count,small_truck_count,heavy_truck_count,suv_count,van_count,bicycle_count,maj_inj_count,mod_inj_count,min_inj_count,tot_inj_count,unk_inj_deg_count,unk_inj_per_count,driver_count_16yr,driver_count_17yr,driver_count_18yr,driver_count_19yr,driver_count_20yr,driver_count_50_64yr,driver_count_65_74yr,driver_count_75plus,unbelted_occ_count,unb_death_count,unb_maj_inj_count,belted_death_count,belted_maj_inj_count,mcycle_death_count,mcycle_maj_inj_count,bicycle_death_count,bicycle_maj_inj_count,ped_count,ped_death_count,ped_maj_inj_count,max_severity_level,comm_veh_count,dec_lat,dec_long,rdwy_surf_type_cd,county_name
 ,5970,2017128472,6,67,67301,2017,12,6,1825,18,3,1,0,1,1, , ,N,0,0,0,3,0,3,6,2,N,N,39 56:49.656,75 08:32.175,1855, ,1835, ,0, ,N, ,0, , , , , ,66072, , , ,2,1,0,0,0,0,0,1,0,0,3,0,3,0,0,0,0,0,0,0,1,0,0,0,0,0,0,0,0,0,0,0,0,0,0,3,0,39.9471,-75.1423, ,Philadelphia
 ,5971,2017127373,6,67,67301,2017,11,7,1253,12,1,1,0,4,1, , ,N,1,2,0,3,0,1,2,2,N, ,39 58:01.833,75 12:20.294,1300, ,1258,3,1,5, , ,3,Y, , , , ,66073, , , ,2,0,0,0,1,1,0,0,0,0,0,0,1,1,0,0,0,0,0,0,0,0,0,0,0,0,0,0,0,0,0,0,0,0,0,8,0,39.9672,-75.2056, ,Philadelphia
 ,5972,2017052254,6,67,67301,2017,4,2,1800,18,1,1,0,4,1, , ,N,1,2,0,3,0,0,2,2,N,N,40 02:49.119,74 59:34.254,1810, ,1804, ,0, ,N, ,3, , , , , ,66083, , , ,2,2,0,0,0,0,0,0,0,0,0,0,0,0,0,0,0,0,0,0,0,0,0,0,0,0,0,0,0,0,0,0,0,0,0,0,0,40.0469,-74.9928, ,Philadelphia
 ,5973,2017052309,6,67,67301,2017,4,6,1610,16,1,1,0,4,1, , ,N,1,2,0,3,0,0,2,2,N,N,40 00:48.358,75 05:50.676,1620, ,1612, ,0, ,N, ,3, , , , , ,66090, , , ,2,2,0,0,0,0,0,0,0,0,0,0,0,0,0,0,0,0,0,0,0,1,0,2,0,0,0,0,0,0,0,0,0,0,0,0,0,40.0134,-75.0974, ,Philadelphia
 ,5974,2017115953,6,67,67301,2017,10,1,1450,14,1,1,0,4,1, , ,N,1,2,0,3,0,5,5,2,N, ,40 00:38.955,75 07:35.936,1501, ,1501, ,0, ,N, ,3, , , , , ,66101, , , ,2,2,0,0,0,0,0,0,0,0,1,4,5,0,0,0,0,1,0,0,0,0,0,0,0,0,0,0,0,0,0,0,0,0,0,3,0,40.0108,-75.1266, ,Philadelphia
 ,5975,2017088324,6,67,67301,2017,8,4,1810,18,1,2,1,4,1, , ,N,0,0,7,3,0,0,5,2,N,N,40 07:26.555,75 00:54.899,1815, ,1810,1,2,2,N, ,0,N, , , , ,66104, , , ,2,1,0,0,1,0,0,0,0,0,0,0,0,0,0,0,0,0,0,0,0,0,0,3,0,0,0,0,0,0,0,0,0,0,0,0,0,40.124,-75.0153, ,Philadelphia
 ,5976,2017096490,6,67,67301,2017,8,2,2035,20,3,1,0,5,6, , ,N,0,0,0,3,0,1,1,2,N,N,39 59:01.003,75 14:44.617,2045, ,2040, ,0, ,N, ,0, , , , , ,66125, , , ,2,0,0,0,0,0,2,0,0,0,0,0,1,1,0,0,0,0,0,0,0,0,0,1,0,0,0,0,0,0,0,0,0,0,0,8,0,39.9836,-75.2457, ,Philadelphia
 ,5977,2017067984,6,67,67301,2017,6,4,1514,15,1,1,0,8,1, , ,N,0,0,0,3,0,1,2,2,N,N,39 55:44.083,75 10:07.512,1530, ,1515, ,0, ,N, ,0, , , , , ,55640, , , ,1,0,0,0,0,0,1,0,0,0,0,0,1,1,0,0,0,0,0,0,0,0,0,0,0,0,0,0,0,0,0,0,1,0,0,8,0,39.9289,-75.1688, ,Philadelphia
 ,5978,2017067882,6,67,67301,2017,6,3,1118,11,1,8,0,8,1, , ,N,2,0,0,3,0,1,2,2,N,N,40 01:15.268,75 09:50.605,1213, ,1210, ,0, , , ,0, , , , , ,55641, , , ,1,1,0,0,0,0,0,0,0,0,0,0,1,1,0,0,0,0,0,0,0,0,0,0,0,0,0,0,0,0,0,0,1,0,0,8,0,40.0209,-75.1641, ,Philadelphia
 ,5979,2017097855,6,67,67301,2017,9,4,1030,10,1,2,1,4,1, , ,N,2,3,0,3,0,2,4,3,N, ,40 02:17.897,75 05:08.033,1030, ,1101,3,2,2, , ,3,Y, , , , ,55655, , , ,3,3,0,0,0,0,0,0,0,0,2,0,2,0,0,0,0,0,0,0,0,1,0,0,0,0,0,0,0,0,0,0,0,0,0,3,0,40.0383,-75.0856, ,Philadelphia
 ,5980,2017093528,6,67,67301,2017,8,6,724,7,1,8,1,7,4, , ,N,0,0,0,3,0,1,1,1,N,N,40 01:33.346,75 12:11.686,733, ,728,1,1,1, , ,0,N, , , , ,55656, , , ,1,0,0,0,0,0,1,0,0,0,0,0,1,1,0,0,0,0,0,0,0,0,0,0,0,0,0,0,0,0,0,0,0,0,0,8,0,40.0259,-75.2032, ,Philadelphia
 ,5981,2017080975,6,67,67301,2017,6,5,1237,12,1,1,8,1,1, , ,N,0,0,2,3,0,0,6,2,N,N,40 00:23.180,75 04:31.418,1250, ,1250,2,1,2, , ,0,Y, , , , ,55679, , , ,2,0,0,0,0,1,1,0,0,0,0,0,0,0,0,0,0,0,0,0,0,1,0,0,0,0,0,0,0,0,0,0,0,0,0,0,1,40.0064,-75.0754, ,Philadelphia
 ,5982,2017111564,6,67,67301,2017,10,4,1515,15,1,1,0,4,6, , ,N,0,0,0,3,0,2,2,5,N,N,39 55:57.932,75 08:56.040,1530, ,1529,3,1,2,N, ,0,N, , , , ,55698, , , ,5,4,0,0,0,0,0,1,0,0,0,0,2,2,0,0,0,0,0,0,0,0,0,0,0,0,0,0,0,0,0,0,0,0,0,8,0,39.9328,-75.1489, ,Philadelphia
 ,5983,2017108063,6,67,67301,2017,9,6,749,7,1,1,0,4,1, , ,N,1,3,0,3,0,1,2,2,N, ,39 59:10.581,75 08:36.645,750, ,750, ,0, , , ,3, , , , , ,55710, , , ,2,2,0,0,0,0,0,0,0,0,0,0,1,1,0,0,0,0,0,0,1,0,0,1,0,0,0,0,0,0,0,0,0,0,0,8,0,39.9863,-75.1435, ,Philadelphia
 ,5984,2017067697,6,67,67301,2017,5,6,800,8,1,1,0,8,1, , ,N,0,0,0,3,0,1,2,2,N,Y,39 58:48.914,75 14:21.655,820, ,815, ,0, ,N, ,0, , , , , ,55713, , , ,1,1,0,0,0,0,0,0,0,0,0,1,1,0,0,0,0,0,0,0,1,0,0,0,0,0,0,0,0,0,0,0,1,0,0,4,0,39.9803,-75.2393, ,Philadelphia
 ,5985,2017068072,6,67,67301,2017,6,2,1258,12,1,2,1,8,1, , ,N,1,2,0,3,0,1,2,2,N,N,39 57:12.151,75 10:17.738,1258, ,1259,9,1,3,N, ,3,Y, , , , ,55719, , , ,1,0,0,0,0,0,1,0,0,0,1,0,1,0,0,0,0,0,0,1,0,0,0,0,0,0,0,0,0,0,0,0,1,0,0,3,0,39.9534,-75.1716, ,Philadelphia
 ,5986,2017070961,6,67,67301,2017,1,7,1400,14,1,4,3,1,1, , ,N,3,2,0,3,0,0,2,2,N,N,40 01:45.775,75 11:19.654,0, ,0, ,0, ,N, ,3, , , , , ,55730, , , ,2,0,0,0,0,0,2,0,0,0,0,0,0,0,0,0,0,0,0,1,0,0,0,2,0,0,0,0,0,0,0,0,0,0,0,0,0,40.0294,-75.1888, ,Philadelphia
 ,5987,2017098975,6,67,67301,2017,9,7,1259,12,1,1,0,4,1, , ,N,7,0,2,3,0,1,6,3,N,N,39 53:04.770,75 14:38.828,1315, ,1301,2,2,2, , ,0,N, , , , ,55751, , , ,3,0,0,0,1,0,1,1,0,0,1,0,1,0,0,0,0,0,0,0,1,0,0,0,0,0,0,0,0,0,0,0,0,0,0,3,0,39.8847,-75.2441, ,Philadelphia
 ,5988,2017096444,6,67,67301,2017,8,5,2345,23,3,1,0,4,1, , ,N,1,2,0,3,1,0,2,2,N,N,40 01:43.257,75 07:03.868,2355, ,2347,9,2,6,N,0,3,Y, , , , ,55753, , , ,1,1,0,0,0,0,0,0,1,0,0,0,0,0,0,0,0,0,0,0,0,0,0,0,0,0,0,0,0,0,1,0,0,0,0,1,0,40.0287,-75.1177,2,Philadelphia
 ,5989,2017091302,6,67,67301,2017,8,4,39,0,3,1,0,1,1, , ,N,0,0,0,3,0,1,3,2,N,N,39 58:13.655,75 11:34.241,47, ,43,1,2,4, , ,0,N, , , , ,55760, , , ,2,2,0,0,0,0,0,0,0,0,0,0,1,1,0,0,0,0,0,0,0,0,0,2,0,0,0,0,0,0,0,0,0,0,0,8,0,39.9689,-75.1916, ,Philadelphia
 ,5990,2017052323,6,67,67301,2017,4,1,340,3,3,1,0,4,1, , ,N,1,2,0,3,0,1,3,2,N,N,40 02:16.408,75 08:22.170,350, ,343,2,1,1,N, ,3,N, , , , ,55761, , , ,2,1,0,0,1,0,0,0,0,0,0,0,1,1,0,0,0,0,0,0,1,0,0,0,0,0,0,0,0,0,0,0,0,0,0,8,0,40.0379,-75.1395, ,Philadelphia
 ,5991,2017058235,6,67,67301,2017,5,2,2126,21,3,1,0,8,1, , ,N,1,2,0,3,0,2,3,3,N,N,39 57:06.220,75 10:37.794,2137, ,2134, ,0, ,N, ,3, , , , , ,55766, , , ,1,1,0,0,0,0,0,0,0,0,0,2,2,0,0,0,0,0,0,0,0,1,0,0,0,0,0,0,0,0,0,0,2,0,0,4,0,39.9517,-75.1772, ,Philadelphia
 ,5992,2017063305,6,67,67301,2017,5,6,24,0,3,2,1,7,4, , ,N,0,0,0,3,0,1,1,1,N,N,39 58:51.327,75 12:23.309,26, ,24,2,1,3, , ,0,N, , , , ,55767, , , ,1,1,0,0,0,0,0,0,0,0,0,0,1,1,0,0,0,0,0,1,0,0,0,0,0,0,0,0,0,0,0,0,0,0,0,8,0,39.9805,-75.2058, ,Philadelphia
 ,5993,2017076242,6,67,67301,2017,6,4,1044,10,1,1,0,5,1, , ,N,0,0,0,3,0,1,3,2,N,N,39 56:52.375,75 08:28.383,1046, ,1046, ,0, , , ,0, , , , , ,55776, , , ,2,1,0,0,0,0,1,0,0,0,0,1,1,0,0,0,0,0,0,0,0,0,1,0,0,0,0,0,0,0,0,0,0,0,0,4,0,39.9479,-75.1412, ,Philadelphia
 ,5994,2017109844,6,67,67301,2017,9,7,2333,23,2,1,0,7,3, , ,N,0,0,0,3,0,0,1,1,N,N,40 01:10.880,75 08:52.462,2336, ,2334,1,1,4,N, ,0,N, , , , ,55794, , , ,1,1,0,0,0,0,0,0,0,0,0,0,0,0,0,0,0,0,0,0,0,0,0,0,0,0,0,0,0,0,0,0,0,0,0,0,0,40.0197,-75.1479, ,Philadelphia
 ,5995,2017067871,6,67,67301,2017,6,1,5,0,3,1,0,6,6, , ,N,0,0,0,3,0,0,1,2,N,N,40 01:35.277,75 09:02.579,154, ,11, ,0, ,N, ,0, , , , , ,58905, , , ,2,1,0,0,0,0,1,0,0,0,0,0,0,0,1,0,0,0,0,0,0,0,0,0,0,0,0,0,0,0,0,0,0,0,0,9,0,40.0265,-75.1507, ,Philadelphia
 ,5996,2017073401,6,67,67301,2017,4,5,1830,18,1,1,0,1,1, , ,N,1,2,0,3,0,1,2,2,N,N,40 01:58.001,75 04:20.252,0, ,0, ,0, ,N, ,3, , , , , ,58907, , , ,2,2,0,0,0,0,0,0,0,0,0,0,1,1,0,0,0,0,0,0,0,0,0,0,0,0,0,0,0,0,0,0,0,0,0,8,0,40.0327,-75.0722, ,Philadelphia
 ,5997,2017052372,6,67,67301,2017,4,7,1050,10,1,1,0,6,1, , ,N,2,2,0,3,0,0,4,2,N,N,39 57:26.452,75 10:14.606,1110, ,1054, ,0, , , ,3, , , , , ,58934, , , ,2,1,0,1,0,0,0,0,0,0,0,0,0,0,0,0,0,0,0,0,1,0,0,0,0,0,0,0,0,0,0,0,0,0,0,0,1,39.9573,-75.1707, ,Philadelphia
 ,5998,2017052441,6,67,67301,2017,5,4,1430,14,1,1,0,8,1, , ,N,1,2,0,3,0,1,2,2,N,N,39 56:36.294,75 09:18.968,1643, ,1618, ,0, ,N, ,3, , , , , ,58948, , , ,1,0,0,0,0,0,1,0,0,0,0,1,1,0,0,0,0,0,0,0,1,0,0,1,0,0,0,0,0,0,0,0,1,0,0,4,0,39.9434,-75.1553, ,Philadelphia
 ,5999,2017078792,6,67,67301,2017,7,4,712,7,1,1,0,5,1, , ,N,0,0,0,3,0,1,2,2,N,N,40 00:27.459,75 10:23.398,717, ,716,1,1,4,N, ,0,N, , , , ,58962, , , ,2,2,0,0,0,0,0,0,0,0,0,1,1,0,0,0,0,0,0,0,0,0,0,0,0,0,0,0,0,0,0,0,0,0,0,4,0,40.0076,-75.1732, ,Philadelphia
 ,6000,2017074121,6,67,67301,2017,7,5,1107,11,1,1,0,1,1, , ,N,1,0,0,3,0,1,2,2, , ,39 57:20.190,75 11:22.129,1111, ,1109, ,0, , , ,0, , , , , ,58963, , , ,2,1,0,0,1,0,0,0,0,0,0,0,1,1,0,0,0,0,0,0,0,1,0,0,0,0,0,0,0,0,0,0,0,0,0,8,0,39.9556,-75.1895, ,Philadelphia
 ,6001,2017109890,6,67,67301,2017,10,7,155,1,2,1,0,2,1, , ,N,0,0,0,3,0,4,6,2,N,N,39 53:13.544,75 14:47.156,159, ,156, ,0, ,N, ,0, , , , , ,58992, , , ,2,2,0,0,0,0,0,0,0,0,0,2,4,2,1,0,0,0,1,0,0,0,0,0,0,0,0,0,0,0,0,0,0,0,0,4,0,39.8871,-75.2464, ,Philadelphia
 ,6002,2017090046,6,67,67301,2017,8,5,1240,12,1,1,0,1,1, , ,N,0,0,0,3,0,0,3,2,N,N,40 00:16.044,75 09:08.265,1245, ,1240,1,1,2,N, ,0,N, , , , ,58995, , , ,2,2,0,0,0,0,0,0,0,0,0,0,0,0,3,0,0,0,0,0,0,0,0,0,0,0,0,0,0,0,0,0,0,0,0,9,0,40.0045,-75.1523, ,Philadelphia
 ,6003,2017060760,6,67,67301,2017,5,7,2002,20,1,1,0,7,4, , ,N,1,2,0,3,0,0,1,1,N,N,40 02:40.301,75 11:35.235,2015, ,2008, ,0, ,N, ,3, , , , , ,59004, , , ,1,1,0,0,0,0,0,0,0,0,0,0,0,0,1,0,0,0,0,0,0,0,0,0,0,0,0,0,0,0,0,0,0,0,0,9,0,40.0445,-75.1931, ,Philadelphia
 ,6004,2017014036,6,67,67301,2017,1,4,2056,20,2,2,1,4,5, , ,N,0,0,0,3,0,1,1,2,N, ,39 59:29.915,75 08:10.962,9999, ,9999, ,0, , , ,0, , , , , ,59006, , , ,2,2,0,0,0,0,0,0,0,0,0,1,1,0,0,0,0,0,0,0,0,0,0,0,0,0,0,0,0,0,0,0,0,0,0,4,0,39.9916,-75.1364, ,Philadelphia
 ,6005,2017035738,6,67,67301,2017,3,1,2201,22,3,1,0,5,6, , ,N,0,0,0,3,0,1,1,2,N, ,40 00:28.231,75 06:15.411,2214, ,2209, ,0, , , ,0, , , , , ,59013, , , ,2,1,0,0,0,0,1,0,0,0,0,1,1,0,0,0,0,0,0,0,0,0,0,0,0,0,0,0,0,0,0,0,0,0,0,4,0,40.0078,-75.1043, ,Philadelphia
 ,6006,2017028941,6,67,67301,2017,2,3,840,8,1,1,0,1,1, , ,N,1,2,0,3,0,3,4,2,N, ,40 05:41.300,75 03:02.700,849, ,846, ,0, , , ,3, , , , , ,59015, , , ,2,0,0,0,0,0,1,1,0,0,0,0,3,3,1,0,0,0,0,0,0,0,0,4,0,0,0,0,0,0,0,0,0,0,0,8,0,40.0764,-75.0723, ,Philadelphia
 ,6007,2017055955,6,67,67301,2017,5,6,1437,14,1,1,0,1,1, , ,N,0,0,0,3,0,0,2,2,N,N,40 00:40.108,75 03:42.432,1502, ,1447, ,0, , , ,0, , , , , ,59021, , , ,2,1,0,0,1,0,0,0,0,0,0,0,0,0,0,0,0,0,0,0,1,0,0,0,0,0,0,0,0,0,0,0,0,0,0,0,0,40.0111,-75.0618, ,Philadelphia
 ,6008,2017058280,6,67,67301,2017,5,5,1513,15,1,1,0,4,1, , ,N,1,2,0,3,0,2,2,2,N, ,40 03:34.246,75 03:07.165,1526, ,1515,3,1,3, , ,3,N, , , , ,59026, , , ,2,1,0,0,0,0,0,1,0,0,0,2,2,0,0,0,0,0,0,0,1,0,0,0,0,0,0,0,0,0,0,0,0,0,0,4,0,40.0595,-75.052, ,Philadelphia
 ,6009,2017056450,6,67,67301,2017,6,6,1200,12,1,1,0,4,1, , ,N,0,0,0,3,0,0,2,2,N,N,39 58:38.632,75 08:52.630,1330, ,1319, ,0, ,N, ,0, , , , , ,59040, , , ,2,1,0,0,0,0,0,0,0,0,0,0,0,0,0,0,0,0,0,0,1,0,0,0,0,0,0,0,0,0,0,0,0,0,0,0,0,39.9774,-75.148, ,Philadelphia
 ,6010,2017086958,6,67,67301,2017,1,6,1847,18,2,1,0,1,1, , ,N,1,0,0,3,0,0,4,2,N,N,40 04:02.789,75 00:32.080,1852, ,1847, ,0, ,N, ,0, , , , , ,59069, , , ,2,0,0,0,0,0,2,0,0,0,0,0,0,0,0,0,0,0,0,0,1,0,0,0,0,0,0,0,0,0,0,0,0,0,0,0,0,40.0673,-75.0089, ,Philadelphia
 ,6011,2017088954,6,67,67301,2017,8,5,2150,21,3,1,0,2,6, , ,N,0,0,0,3,0,1,1,3,N,N,40 02:48.170,75 06:27.021,2155, ,2150, ,0, ,N, ,0, , , , , ,59078, , , ,3,1,0,0,0,0,2,0,0,0,0,0,1,1,0,1,0,0,0,0,0,0,0,0,0,0,0,0,0,0,0,0,0,0,0,8,0,40.0467,-75.1075, ,Philadelphia
 ,6012,2017105955,6,67,67301,2017,9,7,1500,15,1,1,0,4,1, , ,N,0,0,0,3,0,1,4,2,N,N,39 56:54.500,75 08:32.600,1505, ,1502, ,0, ,N, ,0, , , , , ,59083, , , ,2,1,0,0,0,0,1,0,0,0,1,0,1,0,0,0,0,0,0,0,2,0,0,0,0,0,0,0,0,0,0,0,0,0,0,3,0,39.9485,-75.1424, ,Philadelphia
 ,6013,2017060447,6,67,67301,2017,5,4,525,5,1,1,0,8,1, , ,N,1,2,0,3,0,2,2,2,N,N,40 01:00.708,75 08:58.113,527, ,526,9,2,2, , ,3,Y, , , , ,62136, , , ,1,0,1,0,0,0,0,0,0,1,0,1,2,0,0,0,0,0,0,0,1,0,0,0,0,0,0,0,0,0,0,0,1,0,1,2,0,40.0169,-75.1495, ,Philadelphia
 ,6014,2017055626,6,67,67301,2017,5,3,1659,16,1,1,0,1,1, , ,N,0,0,0,3,0,0,3,3,N,N,40 01:44.151,75 12:17.779,1706, ,1702, ,0, , , ,0, , , , , ,62139, , , ,3,2,0,0,1,0,0,0,0,0,0,0,0,0,0,0,0,0,0,0,0,0,0,0,0,0,0,0,0,0,0,0,0,0,0,0,0,40.0289,-75.2049, ,Philadelphia
 ,6015,2017089075,6,67,67301,2017,8,4,836,8,1,1,0,5,1, , ,N,0,0,0,3,0,0,3,2,N,N,39 57:41.221,75 08:24.743,938, ,915, ,0, , , ,0, , , , , ,62159, , , ,2,1,0,0,0,0,1,0,0,0,0,0,0,0,0,0,0,0,0,0,1,0,0,0,0,0,0,0,0,0,0,0,0,0,0,0,0,39.9615,-75.1402, ,Philadelphia
 ,6016,2017067767,6,67,67301,2017,5,7,0,0,3,1,0,4,1, , ,N,1,3,0,3,0,2,3,2,N,N,39 55:24.959,75 10:59.865,3, ,2,3,2,1,N, ,3,Y, , , , ,62177, , , ,2,2,0,0,0,0,0,0,0,0,0,2,2,0,1,0,0,0,0,0,0,1,0,0,0,0,0,0,0,0,0,0,0,0,0,4,0,39.9236,-75.1833, ,Philadelphia
 ,6017,2017067720,6,67,67301,2017,5,4,9999,99,1,1,0,4,1, , ,N,1,3,0,3,0,2,2,2,N,N,40 02:43.429,75 10:34.679,822, ,813, ,0, ,N, ,3, , , , , ,62178, , , ,2,2,0,0,0,0,0,0,0,0,0,2,2,0,0,0,0,0,0,1,0,0,0,0,0,0,0,0,0,0,0,0,0,0,0,4,0,40.0454,-75.1763, ,Philadelphia
 ,6018,2017067796,6,67,67301,2017,5,3,1550,15,1,2,1,4,1, , ,N,1,3,0,3,0,1,4,2,N, ,39 56:01.190,75 13:53.533,1600, ,1600, ,0, , , ,3, , , , , ,62179, , , ,2,2,0,0,0,0,0,0,0,0,0,1,1,0,0,0,0,0,0,1,0,0,1,1,0,0,0,0,0,0,0,0,0,0,0,4,0,39.9337,-75.2315, ,Philadelphia
 ,6019,2017076162,6,67,67301,2017,6,4,800,8,1,1,0,5,1, , ,N,1,3,0,3,0,1,3,2,N,N,39 59:13.857,75 09:02.072,815, ,805, ,0, ,N, ,3, , , , , ,62190, , , ,2,1,0,1,0,0,0,0,0,0,0,0,1,1,0,0,0,0,0,0,0,0,0,1,0,0,0,0,0,0,0,0,0,0,0,8,1,39.9872,-75.1505, ,Philadelphia
 ,6020,2017109866,6,67,67301,2017,10,6,2218,22,3,1,0,1,1, , ,N,1,2,0,3,0,1,2,2,N,N,40 03:19.172,75 04:23.456,2225, ,2222, ,0, , , ,3, , , , , ,62209, , , ,2,2,0,0,0,0,0,0,0,0,0,1,1,0,0,0,0,0,0,0,0,0,0,0,0,0,0,0,0,0,0,0,0,0,0,4,0,40.0553,-75.0733, ,Philadelphia
 ,6021,2017116096,6,67,67301,2017,10,4,232,2,3,1,0,6,6, , ,N,0,0,0,3,0,0,1,3,N, ,39 57:25.353,75 14:52.537,240, ,235, ,0, , , ,0, , , , , ,62216, , , ,3,1,0,0,0,0,2,0,0,0,0,0,0,0,0,0,0,0,0,0,0,0,0,1,0,0,0,0,0,0,0,0,0,0,0,0,0,39.957,-75.2479, ,Philadelphia
 ,6022,2017086981,6,67,67301,2017,2,4,1520,15,1,1,0,7,5, , ,N,0,0,0,3,0,2,2,2,N,N,39 55:21.961,75 13:35.608,1535, ,1529, ,0, , , ,0, , , , , ,62230, , , ,2,2,0,0,0,0,0,0,0,0,0,0,2,2,0,0,0,0,0,0,0,0,0,0,0,0,0,0,0,0,0,0,0,0,0,8,0,39.9228,-75.2266, ,Philadelphia
 ,6023,2017078839,6,67,67301,2017,7,2,2100,21,3,1,0,4,1, , ,N,2,0,0,3,0,2,5,2,N,N,40 02:37.485,75 05:43.389,2105, ,2103,1,1,2, , ,0,N, , , , ,62231, , , ,2,2,0,0,0,0,0,0,0,0,0,1,2,1,0,0,0,0,0,0,1,0,0,0,0,0,0,0,0,0,0,0,0,0,0,4,0,40.0437,-75.0954, ,Philadelphia
 ,6024,2017091865,6,67,67301,2017,8,6,2330,23,3,1,0,4,1, , ,N,1,3,0,3,0,4,5,2,N,N,40 02:04.376,75 04:44.018,1110, ,100,3,2,3,N, ,3,N, , , , ,62241, , , ,2,0,0,0,0,0,2,0,0,0,0,3,4,1,1,0,0,0,0,0,0,0,0,0,0,0,0,0,0,0,0,0,0,0,0,4,0,40.0345,-75.0789, ,Philadelphia
 ,6025,2017086235,6,67,67301,2017,7,6,2124,21,3,1,1,5,6, , ,N,0,0,0,3,0,0,3,2,N,N,39 58:08.194,75 13:02.419,2125, ,2125, ,0, , , ,0, , , , , ,62246, , , ,2,2,0,0,0,0,0,0,0,0,0,0,0,0,0,0,0,0,0,0,0,0,0,0,0,0,0,0,0,0,0,0,0,0,0,0,0,39.9689,-75.2173, ,Philadelphia
 ,6026,2017116105,6,67,67301,2017,10,6,9999,99,1,1,0,1,1, , ,N,1,0,0,3,0,1,3,3,N,N,39 59:11.992,75 15:02.255,850, ,840, ,0, ,N, ,0, , , , , ,62254, , , ,3,2,0,0,0,0,1,0,0,0,0,1,1,0,0,0,0,0,0,0,0,0,1,0,0,0,0,0,0,0,0,0,0,0,0,4,0,39.9867,-75.2506, ,Philadelphia
 ,6027,2017068014,6,67,67301,2017,6,7,1814,18,1,1,0,8,1, , ,N,0,0,0,3,0,1,3,2,N,N,39 55:26.364,75 13:58.508,1819, ,819, ,0, , , ,0, , , , , ,62283, , , ,1,1,0,0,0,0,0,0,0,0,0,1,1,0,0,0,0,0,1,0,0,0,0,0,0,0,0,0,0,0,0,0,1,0,0,4,0,39.924,-75.2329, ,Philadelphia
 ,6028,2017122807,6,67,67301,2017,11,5,852,8,1,1,0,5,1, , ,N,0,0,0,3,0,1,2,2,N,N,39 55:39.637,75 08:40.970,910, ,906, ,0, ,N, ,0, , , , , ,62294, , , ,2,0,0,0,0,2,0,0,0,0,1,0,1,0,0,0,0,0,0,0,0,0,0,1,0,0,0,0,0,0,0,0,0,0,0,3,2,39.9277,-75.1447, ,Philadelphia
 ,6029,2017093911,6,67,67301,2017,9,2,1311,13,1,1,0,7,4, , ,N,0,0,0,3,0,0,1,1,N,N,39 56:26.540,75 08:36.700,1315, ,1311,1,1,2, , ,0,N, , , , ,62296, , , ,1,0,0,0,0,0,1,0,0,0,0,0,0,0,0,0,0,0,0,0,0,0,0,0,0,0,0,0,0,0,0,0,0,0,0,0,0,39.9407,-75.1435, ,Philadelphia
 ,6030,2017088783,6,67,67301,2017,8,7,352,3,3,1,0,7,4, , ,N,0,8,0,3,0,0,1,1,N,N,40 01:08.293,75 08:48.603,356, ,354, ,0, ,N, ,3, , , , , ,62301, , , ,1,1,0,0,0,0,0,0,0,0,0,0,0,0,0,0,0,0,0,0,0,0,0,1,0,0,0,0,0,0,0,0,0,0,0,0,0,40.019,-75.1468, ,Philadelphia
 ,6031,2017078742,6,67,67301,2017,6,4,2350,23,3,1,0,4,1, , ,N,2,3,0,3,0,1,3,2,N,N,40 02:18.806,75 12:41.675,2357, ,2352, ,0, ,N, ,3, , , , , ,66154, , , ,2,2,0,0,0,0,0,0,0,0,0,0,1,1,0,0,0,0,0,0,0,0,0,0,0,0,0,0,0,0,0,0,0,0,0,8,0,40.0386,-75.2116, ,Philadelphia
 ,6032,2017105313,6,67,67301,2017,10,5,814,8,1,2,1,6,1, , ,N,0,0,0,3,0,5,5,4,N,N,39 58:32.400,75 11:39.900,820, ,814,4,2,5,N, ,0,Y, , , , ,66173, , , ,4,2,0,0,0,0,2,0,0,1,0,0,5,4,0,0,0,0,0,0,1,0,0,0,0,0,0,1,0,0,0,0,0,0,0,2,0,39.9757,-75.1944, ,Philadelphia
 ,6033,2017120604,6,67,67301,2017,10,6,1630,16,1,1,0,4,1, , ,N,2,0,0,3,0,1,2,2,N,N,39 58:10.639,75 09:49.649,1634, ,1632, ,0, , , ,0, , , , , ,66176, , , ,1,0,0,0,0,0,0,0,1,0,0,1,1,0,0,0,0,0,0,0,0,0,0,0,0,0,0,0,0,0,0,0,0,0,0,4,0,39.9696,-75.1638, ,Philadelphia