wz_ln_closure,objectid_1,crn,district,county,municipality,crash_year,crash_month,day_of_week,time_of_day,hour_of_day,illumination,weather,road_condition,collision_type,relation_to_road,work_zone_type,work_zone_loc,work_zone_ind,intersect_type,tcd_type,location_type,urban_rural,fatal_count,injury_count,person_count,total_units,sch_bus_ind,sch_zone_ind,latitude,longitude,arrival_tm,cons_zone_spd_lim,dispatch_tm,est_hrs_closed,lane_closed,ln_close_dir,ntfy_hiwy_maint,spec_juris_cd,tcd_func_cd,tfc_detour_ind,workers_pres,wz_close_detour,wz_flagger,wz_law_offcr_ind,objectid,wz_moving,wz_other,wz_shlder_mdn,vehicle_count,automobile_count,motorcycle_count,bus_count,small_truck_count,heavy_truck_count,suv_count,van_count,bicycle_count,maj_inj_count,mod_inj_count,min_inj_count,tot_inj_count,unk_inj_deg_count,unk_inj_per_count,driver_count_16yr,driver_count_17yr,driver_count_18yr,driver_count_19yr,driver_count_20yr,driver_count_50_64yr,driver_count_65_74yr,driver_count_75plus,unbelted_occ_count,unb_death_count,unb_maj_inj_count,belted_death_count,belted_maj_inj_count,mcycle_death_count,mcycle_maj_inj_count,bicycle_death_count,bicycle_maj_inj_count,ped_count,ped_death_count,ped_maj_inj_count,max_severity_level,comm_veh_count,dec_lat,dec_long,rdwy_surf_type_cd,county_name
 ,6034,2017053747,6,67,67301,2017,5,7,1354,13,1,1,0,7,2, , ,N,0,0,2,3,0,1,2,2,N,N,39 57:18.065,75 08:28.114,1435, ,1421, ,0, , , ,0, , , , , ,66181, , , ,2,1,0,0,0,0,1,0,0,0,1,0,1,0,0,0,0,0,0,0,0,0,0,0,0,0,0,0,0,0,0,0,0,0,0,3,0,39.955,-75.1411, ,Philadelphia
 ,6035,2017046994,6,67,67301,2017,5,5,936,9,1,1,0,7,4, , ,N,0,0,0,3,0,0,1,1,N,N,39 53:59.487,75 09:38.993,958, ,938, ,0, , , ,0, , , , , ,66182, , , ,1,0,0,0,0,0,1,0,0,0,0,0,0,0,0,0,0,0,0,0,0,0,0,0,0,0,0,0,0,0,0,0,0,0,0,0,0,39.8999,-75.1608, ,Philadelphia
 ,6036,2017120612,6,67,67301,2017,10,6,1701,17,1,1,0,8,1, , ,N,1,2,0,3,0,1,2,2,N, ,40 01:03.868,75 11:20.998,1721, ,1714, ,0, , , ,3, , , , , ,66211, , , ,1,1,0,0,0,0,0,0,0,0,0,1,1,0,0,0,0,0,0,0,0,0,0,1,0,0,0,0,0,0,0,0,1,0,0,4,0,40.0177,-75.1892, ,Philadelphia
 ,6037,2017120704,6,67,67301,2017,10,2,2021,20,3,1,0,4,1, , ,N,1,3,0,3,0,4,6,2,N,N,40 01:20.395,75 07:50.408,2052, ,2049,3,1,4,N, ,3,N, , , , ,66212, , , ,2,0,0,0,0,0,2,0,0,1,1,1,4,1,0,0,0,0,0,1,0,0,0,0,0,0,0,1,0,0,0,0,0,0,0,2,0,40.0223,-75.1307, ,Philadelphia
 ,6038,2017106047,6,67,67301,2017,9,1,330,3,3,1,0,7,4, , ,N,3,2,0,3,0,0,1,1,N,N,39 58:17.670,75 12:57.688,408, ,400, ,0, , , ,3, , , , , ,66214, , , ,1,1,0,0,0,0,0,0,0,0,0,0,0,0,1,0,0,0,0,0,0,0,0,0,0,0,0,0,0,0,0,0,0,0,0,9,0,39.9716,-75.2161, ,Philadelphia
 ,6039,2017101895,6,67,67301,2017,9,4,1740,17,1,1,1,1,1, , ,N,1,3,0,3,0,1,2,2,N,N,39 59:51.540,75 06:26.938,1744, ,1744,1,2,7,N, ,3,Y, , , , ,66223, , , ,2,1,0,0,0,0,0,1,0,0,0,1,1,0,0,0,0,0,0,0,1,0,0,1,0,0,0,0,0,0,0,0,0,0,0,4,0,39.9977,-75.1075, ,Philadelphia
 ,6040,2017067753,6,67,67301,2017,5,6,1045,10,1,1,0,8,1, , ,N,0,0,0,3,0,1,2,2,N, ,39 59:35.703,75 08:57.313,1100, ,1100, ,0, , , ,0, , , , , ,66235, , , ,1,0,0,0,0,0,0,1,0,0,1,0,1,0,0,0,0,0,0,0,0,0,0,1,0,0,0,0,0,0,0,0,1,0,0,3,0,39.9933,-75.1493, ,Philadelphia
 ,6041,2017086668,6,67,67301,2017,3,4,1625,16,1,1,0,8,1, , ,N,1,2,0,3,0,1,2,2,N,N,39 55:18.580,75 08:59.747,1642, ,1640, ,0, ,N, ,3, , , , , ,66257, , , ,1,0,0,0,1,0,0,0,0,0,1,0,1,0,0,0,0,0,0,0,0,0,0,0,0,0,0,0,0,0,0,0,1,0,0,3,0,39.9218,-75.1498, ,Philadelphia
 ,6042,2017106060,6,67,67301,2017,9,6,1225,12,1,1,0,4,1, , ,N,1,2,0,3,0,3,3,3,Y,N,40 02:22.311,75 07:47.377,1255, ,1240, ,0, ,N, ,3, , , , , ,66268, , , ,3,2,0,1,0,0,0,0,0,0,0,3,3,0,0,0,0,0,0,0,2,0,0,1,0,0,0,0,0,0,0,0,0,0,0,4,1,40.0395,-75.1298, ,Philadelphia
 ,6043,2017086175,6,67,67301,2017,7,3,1525,15,1,1,0,4,1, , ,N,2,0,0,3,0,0,4,2,N,N,40 03:27.494,75 02:42.912,1605, ,1555,1,1,3,N, ,0,N, , , , ,66273, , , ,2,1,0,0,0,0,1,0,0,0,0,0,0,0,0,0,0,0,0,0,0,0,0,0,0,0,0,0,0,0,0,0,0,0,0,0,0,40.0576,-75.0453, ,Philadelphia
 ,6044,2017120587,6,67,67301,2017,10,3,2227,22,3,2,1,4,1, , ,N,1,2,0,3,0,0,3,2,N,N,39 58:14.012,75 08:59.857,2325, ,2320, ,0, ,N, ,3, , , , , ,66300, , , ,2,2,0,0,0,0,0,0,0,0,0,0,0,0,0,0,0,0,0,0,0,0,0,0,0,0,0,0,0,0,0,0,0,0,0,0,0,39.9704,-75.15, ,Philadelphia
 ,6045,2017120578,6,67,67301,2017,10,1,1643,16,4,2,1,7,4, , ,N,0,0,0,3,0,0,1,1,N,N,40 04:54.516,74 57:58.571,1652, ,1644, ,0, ,Y, ,0, , , , , ,66313, , , ,1,1,0,0,0,0,0,0,0,0,0,0,0,0,0,0,0,0,0,0,0,0,0,1,0,0,0,0,0,0,0,0,0,0,0,0,0,40.0818,-74.9663, ,Philadelphia
 ,6046,2017120736,6,67,67301,2017,10,2,2015,20,3,1,0,7,4, , ,N,0,0,2,3,0,1,1,1,N, ,39 55:52.153,75 08:40.277,2018, ,2016, ,0, , , ,0, , , , , ,66314, , , ,1,1,0,0,0,0,0,0,0,0,0,0,1,1,0,0,0,0,0,0,0,0,0,0,0,0,0,0,0,0,0,0,0,0,0,8,0,39.9311,-75.1447, ,Philadelphia
 ,6047,2017067814,6,67,67301,2017,5,2,835,8,1,2,1,4,1, , ,N,1,2,0,3,0,1,4,2,N,N,39 57:27.432,75 08:44.473,850, ,836, ,0, ,N, ,3, , , , , ,66329, , , ,2,1,0,0,0,0,1,0,0,0,0,1,1,0,0,0,0,0,0,0,0,0,0,2,0,0,0,0,0,0,0,0,0,0,0,4,0,39.9576,-75.1457, ,Philadelphia
 ,6048,2017067681,6,67,67301,2017,6,6,1720,17,1,1,0,1,1, , ,N,0,0,0,3,0,1,1,4,N,N,39 56:32.500,75 11:05.700,1730, ,1720,2,1,1,N, ,0,Y, , , , ,66333, , , ,4,2,0,0,1,0,1,0,0,0,0,0,1,1,0,0,0,0,0,0,0,0,0,1,0,0,0,0,0,0,0,0,0,0,0,8,0,39.9424,-75.1849, ,Philadelphia
Y,6049,2017103893,6,67,67301,2017,9,5,1527,15,1,1,0,1,1,1,4,Y,0,0,0,3,0,3,5,3,N,N,39 58:03.526,75 07:53.126,1554,45,1529,1,1,1, , ,0,N,Y,N,N,N,55796,N,Y,Y,3,1,0,0,0,0,2,0,0,0,3,0,3,0,0,0,0,0,0,0,1,0,0,0,0,0,0,0,0,0,0,0,0,0,0,3,0,39.9676,-75.1314, ,Philadelphia
 ,6050,2017038022,6,67,67301,2017,4,5,1202,12,1,2,1,7,2, , ,N,0,0,0,3,0,0,4,4,N,N,40 02:22.764,75 00:25.813,1216, ,1202,1,2,2, , ,0,N, , , , ,55832, , , ,4,2,0,0,1,1,0,0,0,0,0,0,0,0,1,0,0,0,0,0,1,0,0,0,0,0,0,0,0,0,0,0,0,0,0,9,1,40.0397,-75.0072, ,Philadelphia
 ,6051,2017033532,6,67,67301,2017,2,6,1845,18,3,1,0,1,1, , ,N,0,2,0,3,0,0,2,2,N,N,39 54:38.993,75 11:34.089,1858, ,1853, ,0, ,N, ,3, , , , , ,55835, , , ,2,2,0,0,0,0,0,0,0,0,0,0,0,0,0,0,0,0,0,0,0,0,0,1,0,0,0,0,0,0,0,0,0,0,0,0,0,39.9108,-75.1929, ,Philadelphia
 ,6052,2017060619,6,67,67301,2017,5,3,1258,12,1,1,0,4,1, , ,N,1,2,0,3,0,1,2,2,N, ,40 02:25.817,75 03:32.713,9999, ,1258, ,0, , , ,3, , , , , ,55844, , , ,2,1,0,0,0,0,0,1,0,0,0,0,1,1,0,0,0,0,0,0,1,0,0,0,0,0,0,0,0,0,0,0,0,0,0,8,0,40.0405,-75.0591, ,Philadelphia
 ,6053,2017058256,6,67,67301,2017,5,5,1819,18,1,1,0,1,6, , ,N,0,0,0,3,0,0,2,2,N, ,40 01:07.825,75 08:50.575,1903, ,1849, ,0, , , ,0, , , , , ,55850, , , ,2,1,0,0,0,0,1,0,0,0,0,0,0,0,0,0,0,0,0,0,0,0,0,1,0,0,0,0,0,0,0,0,0,0,0,0,0,40.0188,-75.1474, ,Philadelphia
 ,6054,2017067781,6,67,67301,2017,5,1,2225,22,3,2,1,8,1, , ,N,1,2,0,3,0,1,2,2,N,N,40 00:33.277,75 09:04.079,2225, ,2225,9,1,1,N, ,3,N, , , , ,55856, , , ,1,0,0,0,0,0,1,0,0,0,0,1,1,0,0,0,0,0,0,0,1,0,0,0,0,0,0,0,0,0,0,0,1,0,0,4,0,40.0092,-75.1511, ,Philadelphia
 ,6055,2017078795,6,67,67301,2017,7,7,937,9,1,1,0,4,1, , ,N,1,2,0,3,0,1,4,2,N,N,40 02:05.146,75 04:15.791,945, ,939, ,0, ,N, ,3, , , , , ,55874, , , ,2,2,0,0,0,0,0,0,0,0,0,0,1,1,0,0,0,0,0,0,0,0,0,0,0,0,0,0,0,0,0,0,0,0,0,8,0,40.0348,-75.0711, ,Philadelphia
 ,6056,2017073342,6,67,67301,2017,4,4,833,8,1,1,0,5,1, , ,N,0,0,0,3,0,1,2,2,N,N,40 02:13.191,75 00:51.043,0, ,0, ,0, ,N, ,0, , , , , ,55912, , , ,2,1,0,0,0,0,0,1,0,0,0,0,1,1,0,0,0,0,0,0,1,0,0,0,0,0,0,0,0,0,0,0,0,0,0,8,0,40.037,-75.0142, ,Philadelphia
 ,6057,2017068065,6,67,67301,2017,6,6,1600,16,1,1,0,8,1, , ,N,1,2,0,3,0,1,2,2,N,N,39 55:23.141,75 09:35.045,1742, ,1739, ,0, ,N, ,3, , , , , ,55913, , , ,1,1,0,0,0,0,0,0,0,0,0,1,1,0,0,0,0,0,0,0,0,0,0,1,0,0,0,0,0,0,0,0,1,0,0,4,0,39.9231,-75.1597, ,Philadelphia
 ,6058,2017067799,6,67,67301,2017,5,4,220,2,3,1,0,8,1, , ,N,0,0,0,3,0,1,2,2,N,N,40 04:16.503,75 11:09.112,230, ,226, ,0, , , ,0, , , , , ,55920, , , ,1,0,0,0,0,0,0,1,0,0,1,0,1,0,0,0,0,0,0,0,0,0,0,0,0,0,0,0,0,0,0,0,1,0,0,3,0,40.0713,-75.1859, ,Philadelphia
 ,6059,2017076250,6,67,67301,2017,6,5,1135,11,1,1,0,8,1, , ,N,2,0,0,3,0,1,2,2,N,N,39 59:48.152,75 04:28.755,1206, ,1204, ,0, ,N, ,0, , , , , ,55924, , , ,1,0,0,0,1,0,0,0,0,0,0,1,1,0,0,0,0,0,0,0,0,0,1,0,0,0,0,0,0,0,0,0,1,0,0,4,0,39.9967,-75.0747, ,Philadelphia
 ,6060,2017086865,6,67,67301,2017,5,2,1155,11,1,2,1,4,1, , ,N,0,0,7,3,0,1,6,2,N,N,40 02:00.596,75 06:17.892,1205, ,1158,1,2,7,N, ,0,N, , , , ,55927, , , ,2,2,0,0,0,0,0,0,0,0,0,1,1,0,0,0,0,0,0,0,0,0,0,0,0,0,0,0,0,0,0,0,0,0,0,4,0,40.0335,-75.105, ,Philadelphia
 ,6061,2017093633,6,67,67301,2017,8,4,1710,17,1,1,0,4,1, , ,N,1,2,0,3,0,1,2,2,N,N,39 58:20.732,75 15:11.882,1835, ,1829, ,0, ,N, ,3, , , , , ,55931, , , ,1,0,0,0,0,0,1,0,1,0,0,0,1,1,0,0,0,0,0,0,0,0,0,0,0,0,0,0,0,0,0,0,0,0,0,8,0,39.9724,-75.2533, ,Philadelphia
 ,6062,2017086169,6,67,67301,2017,7,3,1630,16,1,1,0,8,1, , ,N,0,0,0,3,0,1,2,2,N, ,39 55:37.741,75 09:09.092,1045, ,1045, ,0, , , ,0, , , , , ,55940, , , ,1,1,0,0,0,0,0,0,0,0,0,0,1,1,1,0,0,0,0,0,0,0,0,0,0,0,0,0,0,0,0,0,1,0,0,8,0,39.9272,-75.1525, ,Philadelphia
 ,6063,2017117250,6,67,67301,2017,10,7,1653,16,1,1,0,5,6, , ,N,0,0,0,3,0,1,1,2,N, ,39 55:08.162,75 13:54.841,1720, ,1717, ,0, , , ,0, , , , , ,55947, , , ,2,1,0,0,0,0,1,0,0,0,0,0,1,1,0,0,0,0,0,0,1,0,0,0,0,0,0,0,0,0,0,0,0,0,0,8,0,39.9189,-75.2319, ,Philadelphia
 ,6064,2017086689,6,67,67301,2017,3,3,800,8,1,2,1,1,1, , ,N,0,0,0,3,0,0,3,3,N,N,40 07:18.515,75 00:44.654,820, ,817, ,0, ,N, ,0, , , , , ,55966, , , ,3,2,0,0,0,0,1,0,0,0,0,0,0,0,0,0,0,0,0,0,1,0,0,0,0,0,0,0,0,0,0,0,0,0,0,0,0,40.1218,-75.0124, ,Philadelphia
 ,6065,2017106018,6,67,67301,2017,9,2,621,6,5,1,0,5,6, , ,N,0,0,0,3,1,0,2,2,N,N,39 56:58.996,75 08:33.004,625, ,624,2,2,3,N,0,0,Y, , , , ,55979, , , ,2,1,0,1,0,0,0,0,0,0,0,0,0,0,0,0,0,0,0,0,0,1,0,0,0,0,0,0,0,0,0,0,0,0,0,1,1,39.9497,-75.1425,2,Philadelphia
 ,6066,2017086971,6,67,67301,2017,2,6,1431,14,1,1,0,6,1, , ,N,0,0,7,3,0,1,2,2,N,N,40 00:50.362,75 07:37.446,1503, ,1457,2,1,6,N, ,0,N, , , , ,56004, , , ,2,1,0,0,0,0,1,0,0,0,0,1,1,0,0,0,0,0,0,0,1,0,0,0,0,0,0,0,0,0,0,0,0,0,0,4,0,40.014,-75.1271, ,Philadelphia
 ,6067,2017091778,6,67,67301,2017,8,7,230,2,3,1,1,4,1, , ,N,2,2,0,3,0,0,3,2,N,N,39 58:22.572,75 07:10.506,245, ,9999, ,0, ,N, ,3, , , , , ,59086, , , ,2,2,0,0,0,0,0,0,0,0,0,0,0,0,0,0,0,0,0,0,0,0,0,1,0,0,0,0,0,0,0,0,0,0,0,0,0,39.9729,-75.1196, ,Philadelphia
 ,6068,2017055689,6,67,67301,2017,5,6,1938,19,3,2,1,4,1, , ,N,1,2,0,3,0,2,4,2,N,N,40 00:39.717,75 06:14.985,2136, ,2136,3,2,3,N, ,3,Y, , , , ,59098, , , ,2,2,0,0,0,0,0,0,0,0,0,2,2,0,0,0,0,0,0,0,0,0,0,0,0,0,0,0,0,0,0,0,0,0,0,4,0,40.011,-75.1042, ,Philadelphia
 ,6069,2017067771,6,67,67301,2017,5,1,1858,18,1,1,0,1,1, , ,N,1,2,0,3,0,2,5,3,N, ,40 01:12.877,75 06:50.707,1900, ,1858, ,0, , , ,3, , , , , ,59104, , , ,3,2,1,0,0,0,0,0,0,1,0,1,2,0,0,0,0,0,0,0,0,0,0,0,0,0,0,0,0,1,0,0,0,0,0,2,0,40.0202,-75.1141, ,Philadelphia
 ,6070,2017086733,6,67,67301,2017,3,3,1800,18,1,1,0,8,1, , ,N,0,0,0,3,0,1,2,2,N,N,39 58:40.507,75 11:07.192,1815, ,1800, ,0, , , ,0, , , , , ,59114, , , ,1,1,0,0,0,0,0,0,0,0,0,0,1,1,0,0,0,0,0,0,0,0,0,1,0,0,0,0,0,0,0,0,1,0,0,8,0,39.9779,-75.1853, ,Philadelphia
 ,6071,2017078726,6,67,67301,2017,6,6,1815,18,1,1,0,4,1, , ,N,1,2,0,3,0,1,5,2,N,N,40 01:20.289,75 09:43.290,1822, ,1818,1,1,6,N, ,3,Y, , , , ,59118, , , ,2,2,0,0,0,0,0,0,0,0,0,1,1,0,0,0,0,0,0,0,0,0,0,0,0,0,0,0,0,0,0,0,0,0,0,4,0,40.0223,-75.162, ,Philadelphia
 ,6072,2017091836,6,67,67301,2017,8,4,1340,13,1,1,0,7,4, , ,N,0,0,0,3,0,0,1,1,N, ,40 04:19.377,75 14:22.008,1355, ,1346, ,0, , , ,0, , , , , ,59127, , , ,1,1,0,0,0,0,0,0,0,0,0,0,0,0,0,0,0,0,0,0,0,0,0,0,0,0,0,0,0,0,0,0,0,0,0,0,0,40.072,-75.2394, ,Philadelphia
 ,6073,2017111555,6,67,67301,2017,10,4,928,9,1,1,0,2,1, , ,N,1,2,0,3,0,0,2,2,N,N,40 01:38.846,75 03:44.583,931, ,929,1,1,3,N, ,3,N, , , , ,59133, , , ,2,2,0,0,0,0,0,0,0,0,0,0,0,0,0,0,0,0,0,0,0,0,0,0,0,0,0,0,0,0,0,0,0,0,0,0,0,40.0275,-75.0624, ,Philadelphia
 ,6074,2017109813,6,67,67301,2017,9,2,1635,16,1,1,0,4,1, , ,N,1,2,0,3,0,0,2,2,N, ,39 59:02.546,75 10:30.184,1641, ,1637, ,0, , , ,3, , , , , ,59135, , , ,2,1,0,0,0,0,0,0,0,0,0,0,0,0,0,0,0,0,0,0,1,0,0,0,0,0,0,0,0,0,0,0,0,0,0,0,0,39.984,-75.1751, ,Philadelphia
 ,6075,2017096516,6,46,46102,2017,8,4,927,9,1,1,0,4,1, , ,N,3,2,0,3,0,1,2,2,N,N,40 04:22.149,75 09:21.228,948, ,944, ,0, , , ,3, , , , , ,59142, , , ,2,2,0,0,0,0,0,0,0,0,1,0,1,0,0,0,0,0,0,0,1,0,0,0,0,0,0,0,0,0,0,0,0,0,0,3,0,40.0727,-75.1558, ,Montgomery
 ,6076,2017060650,6,67,67301,2017,5,2,937,9,1,1,0,1,1, , ,N,0,0,0,3,0,1,3,2,N, ,39 57:28.544,75 09:40.564,950, ,945, ,0, , , ,0, , , , , ,59144, , , ,2,2,0,0,0,0,0,0,0,0,0,1,1,0,0,0,0,0,0,1,0,0,0,1,0,0,0,0,0,0,0,0,0,0,0,4,0,39.9579,-75.1613, ,Philadelphia
 ,6077,2017067109,6,67,67301,2017,5,6,1421,14,1,1,0,1,1, , ,N,0,0,0,3,0,1,5,4,N,N,39 56:47.099,75 11:21.222,1432, ,1432, ,0, , , ,0, , , , , ,59149, , , ,4,2,0,0,1,0,1,0,0,0,0,0,1,1,0,0,0,0,0,0,1,0,0,0,0,0,0,0,0,0,0,0,0,0,0,8,0,39.9463,-75.1894, ,Philadelphia
 ,6078,2017086687,6,67,67301,2017,3,7,2325,23,3,1,0,4,1, , ,N,1,2,0,3,0,1,2,2,N,N,39 57:22.730,75 14:23.657,2337, ,2334, ,0, , , ,3, , , , , ,59164, , , ,2,0,0,0,0,0,2,0,0,0,0,0,1,1,1,0,0,0,0,0,1,0,0,0,0,0,0,0,0,0,0,0,0,0,0,8,0,39.9563,-75.2399, ,Philadelphia
 ,6079,2017088956,6,67,67301,2017,8,5,2015,20,3,2,0,4,1, , ,N,1,3,0,3,0,1,2,2,N,N,39 55:12.846,75 09:25.830,2024, ,2019, ,0, ,N, ,3, , , , , ,59168, , , ,1,1,0,0,0,0,0,0,1,0,0,1,1,0,0,0,0,0,0,0,0,0,0,0,0,0,0,0,0,0,0,0,0,0,0,4,0,39.9202,-75.1572, ,Philadelphia
 ,6080,2017106049,6,67,67301,2017,9,6,2125,21,3,1,0,4,1, , ,N,1,2,0,3,0,2,2,2,N, ,39 59:38.184,75 08:30.587,2135, ,2127,1,2,2,Y, ,3,Y, , , , ,59171, , , ,2,1,0,0,1,0,0,0,0,0,0,2,2,0,0,0,0,0,0,0,0,0,0,0,0,0,0,0,0,0,0,0,0,0,0,4,0,39.9939,-75.1418, ,Philadelphia
 ,6081,2017096230,6,67,67301,2017,6,2,1634,16,1,1,0,1,1, , ,N,0,0,0,3,0,0,2,2,N,N,40 02:12.823,75 00:49.220,1634, ,1634,1,1,1, , ,0,N, , , , ,59174, , , ,2,0,0,0,1,0,1,0,0,0,0,0,0,0,0,0,0,0,0,0,1,0,0,0,0,0,0,0,0,0,0,0,0,0,0,0,0,40.0369,-75.0137, ,Philadelphia
 ,6082,2017086872,6,67,67301,2017,5,3,1653,16,1,1,0,6,6, , ,N,0,0,0,3,0,0,1,2,N,N,40 03:31.593,75 02:51.100,1709, ,1654, ,0, ,N, ,0, , , , , ,59177, , , ,2,1,0,0,0,0,0,1,0,0,0,0,0,0,0,0,0,0,0,0,0,0,0,0,0,0,0,0,0,0,0,0,0,0,0,0,0,40.0588,-75.0475, ,Philadelphia
 ,6083,2017116207,6,67,67301,2017,10,6,839,8,1,1,0,8,1, , ,N,1,2,0,3,0,1,2,2,N,N,40 02:15.589,75 02:33.074,915, ,910, ,0, ,N, ,3, , , , , ,59183, , , ,1,1,0,0,0,0,0,0,0,0,1,0,1,0,0,0,0,0,0,0,0,0,0,1,0,0,0,0,0,0,0,0,1,0,0,3,0,40.0377,-75.0425, ,Philadelphia
 ,6084,2017068080,6,67,67301,2017,6,2,1845,18,1,1,0,4,1, , ,N,1,3,0,3,0,1,2,2,N,N,40 01:54.444,75 01:54.942,1845, ,1845,2,1,1,N, ,3,Y, , , , ,59194, , , ,2,1,0,0,0,0,1,0,0,0,0,1,1,0,0,0,0,0,0,0,0,0,0,0,0,0,0,0,0,0,0,0,0,0,0,4,0,40.0318,-75.0319, ,Philadelphia
 ,6085,2017087191,6,67,67301,2017,8,7,1606,16,1,1,0,1,1, , ,N,0,0,0,3,0,1,3,2,N,N,39 57:25.898,75 09:26.814,1619, ,1612,1,1,3, , ,0,N, , , , ,62337, , , ,2,1,0,0,0,0,1,0,0,0,0,0,1,1,0,0,0,0,0,1,0,0,0,0,0,0,0,0,0,0,0,0,0,0,0,8,0,39.9572,-75.1574, ,Philadelphia
 ,6086,2017081170,6,67,67301,2017,8,7,2134,21,3,1,0,1,1, , ,N,0,0,0,3,0,1,4,4,N,N,39 58:43.849,75 12:11.867,2150, ,2146, ,0, , , ,0, , , , , ,62339, , , ,4,2,0,0,1,0,1,0,0,0,0,0,1,1,0,0,0,0,0,0,2,0,0,0,0,0,0,0,0,0,0,0,0,0,0,8,0,39.9783,-75.2025, ,Philadelphia
 ,6087,2017060547,6,67,67301,2017,5,6,1052,10,1,1,0,5,6, , ,N,0,0,0,3,0,0,1,3,N,N,39 59:18.892,75 05:58.135,1100, ,1058, ,0, ,N, ,0, , , , , ,62376, , , ,3,2,0,0,0,0,1,0,0,0,0,0,0,0,0,0,0,0,0,0,1,0,0,0,0,0,0,0,0,0,0,0,0,0,0,0,0,39.9886,-75.0995, ,Philadelphia
 ,6088,2017072986,6,67,67301,2017,3,7,500,5,3,1,0,4,1, , ,N,1,2,0,3,0,1,2,2,N,N,39 59:21.634,75 09:19.704,0, ,0, ,0, ,N, ,3, , , , , ,62390, , , ,2,1,0,0,0,0,0,0,0,0,0,0,1,1,0,0,0,0,0,0,1,0,0,0,0,0,0,0,0,0,0,0,0,0,0,8,0,39.9893,-75.1555, ,Philadelphia
 ,6089,2017070450,6,67,67301,2017,6,5,1149,11,1,1,0,4,1, , ,N,2,3,0,3,0,1,3,2,N, ,40 01:15.542,75 05:12.577,1200, ,1149,1,1,1, , ,3,Y, , , , ,62401, , , ,2,1,0,0,0,0,1,0,0,0,0,0,1,1,0,0,0,0,0,0,0,1,0,0,0,0,0,0,0,0,0,0,0,0,0,8,0,40.021,-75.0868, ,Philadelphia
 ,6090,2017078802,6,67,67301,2017,6,6,756,7,1,1,0,4,1, , ,N,1,3,0,3,0,1,3,2,N,N,39 57:25.991,75 13:17.133,806, ,804, ,0, ,N, ,3, , , , , ,62406, , , ,2,2,0,0,0,0,0,0,0,0,0,1,1,0,0,0,0,0,0,0,0,0,0,0,0,0,0,0,0,0,0,0,0,0,0,4,0,39.9572,-75.2214, ,Philadelphia
 ,6091,2017070139,6,67,67301,2017,6,1,704,7,1,1,0,0,1, , ,N,0,8,0,3,0,0,2,1,N,N,39 58:04.063,75 07:51.325,708, ,705, ,0, , , ,3, , , , , ,62432, , , ,1,1,0,0,0,0,0,0,0,0,0,0,0,0,0,0,0,0,0,1,0,0,0,0,0,0,0,0,0,0,0,0,0,0,0,0,0,39.9678,-75.1309, ,Philadelphia
 ,6092,2017086817,6,67,67301,2017,4,2,817,8,1,1,0,4,1, , ,N,1,2,0,3,0,1,2,2,N,N,40 02:49.639,75 05:52.794,820, ,819, ,0, , , ,3, , , , , ,62441, , , ,2,0,1,0,0,0,1,0,0,0,0,1,1,0,0,0,0,0,0,0,2,0,0,0,0,0,0,0,0,0,0,0,0,0,0,4,0,40.0471,-75.098, ,Philadelphia
 ,6093,2017078312,6,67,67301,2017,6,3,838,8,1,1,0,1,1, , ,N,0,0,0,3,0,2,3,2,N,N,40 00:41.309,75 04:36.233,857, ,838, ,0, , , ,0, , , , , ,62446, , , ,2,2,0,0,0,0,0,0,0,0,0,0,2,2,0,0,0,0,0,0,0,0,0,0,0,0,0,0,0,0,0,0,0,0,0,8,0,40.0115,-75.0767, ,Philadelphia
 ,6094,2017106856,6,67,67301,2017,9,1,741,7,5,1,0,7,7, , ,N,7,0,2,3,0,0,1,1,N,N,39 57:37.637,75 10:52.507,748, ,748,2,2,3, , ,0,N, , , , ,62456, , , ,1,1,0,0,0,0,0,0,0,0,0,0,0,0,0,0,0,0,0,0,0,0,0,0,0,0,0,0,0,0,0,0,0,0,0,0,0,39.9605,-75.1813, ,Philadelphia
 ,6095,2017055565,6,67,67301,2017,4,7,1856,18,1,1,0,4,1, , ,N,2,3,0,3,0,1,2,2,N, ,39 56:35.433,75 13:28.498,1856, ,1856, ,0, , , ,3, , , , , ,62464, , , ,2,1,0,0,0,0,0,0,0,0,0,0,1,1,0,0,0,0,0,0,1,0,0,0,0,0,0,0,0,0,0,0,0,0,0,8,0,39.9432,-75.2246, ,Philadelphia
 ,6096,2017060580,6,67,67301,2017,5,5,255,2,3,1,0,4,1, , ,N,1,2,0,3,0,3,3,2,N, ,39 59:49.352,75 10:42.874,300, ,300, ,0, , , ,3, , , , , ,62465, , , ,2,2,0,0,0,0,0,0,0,0,0,3,3,0,0,0,0,0,0,0,0,0,0,0,0,0,0,0,0,0,0,0,0,0,0,4,0,39.997,-75.1786, ,Philadelphia
 ,6097,2017120605,6,67,67301,2017,10,6,1400,14,1,1,0,1,1, , ,N,0,2,0,3,0,2,2,2,N,N,39 57:42.374,75 10:33.216,1415, ,1407, ,0, ,N, ,3, , , , , ,62492, , , ,2,1,0,0,0,0,0,1,0,0,0,2,2,0,0,0,0,0,0,0,1,0,0,0,0,0,0,0,0,0,0,0,0,0,0,4,0,39.9618,-75.1759, ,Philadelphia