wz_ln_closure,objectid_1,crn,district,county,municipality,crash_year,crash_month,day_of_week,time_of_day,hour_of_day,illumination,weather,road_condition,collision_type,relation_to_road,work_zone_type,work_zone_loc,work_zone_ind,intersect_type,tcd_type,location_type,urban_rural,fatal_count,injury_count,person_count,total_units,sch_bus_ind,sch_zone_ind,latitude,longitude,arrival_tm,cons_zone_spd_lim,dispatch_tm,est_hrs_closed,lane_closed,ln_close_dir,ntfy_hiwy_maint,spec_juris_cd,tcd_func_cd,tfc_detour_ind,workers_pres,wz_close_detour,wz_flagger,wz_law_offcr_ind,objectid,wz_moving,wz_other,wz_shlder_mdn,vehicle_count,automobile_count,motorcycle_count,bus_count,small_truck_count,heavy_truck_count,suv_count,van_count,bicycle_count,maj_inj_count,mod_inj_count,min_inj_count,tot_inj_count,unk_inj_deg_count,unk_inj_per_count,driver_count_16yr,driver_count_17yr,driver_count_18yr,driver_count_19yr,driver_count_20yr,driver_count_50_64yr,driver_count_65_74yr,driver_count_75plus,unbelted_occ_count,unb_death_count,unb_maj_inj_count,belted_death_count,belted_maj_inj_count,mcycle_death_count,mcycle_maj_inj_count,bicycle_death_count,bicycle_maj_inj_count,ped_count,ped_death_count,ped_maj_inj_count,max_severity_level,comm_veh_count,dec_lat,dec_long,rdwy_surf_type_cd,county_name
 ,6098,2017060525,6,67,67301,2017,5,1,1208,12,1,1,0,4,1, , ,N,1,3,0,3,0,2,3,2,N, ,39 56:14.434,75 13:03.453,1224, ,1220, ,0, , , ,3, , , , , ,62511, , , ,2,0,0,0,0,0,1,1,0,0,0,2,2,0,0,0,1,0,0,0,0,0,0,0,0,0,0,0,0,0,0,0,0,0,0,4,0,39.9373,-75.2176, ,Philadelphia
 ,6099,2017120505,6,67,67301,2017,10,3,1733,17,4,1,0,4,1, , ,N,2,3,0,3,0,1,3,3,N, ,39 57:30.720,75 14:51.320,1758, ,1755,2,1,2, , ,3,N, , , , ,62533, , , ,3,3,0,0,0,0,0,0,0,0,0,0,1,1,2,0,0,0,0,1,0,0,0,0,0,0,0,0,0,0,0,0,0,0,0,8,0,39.9585,-75.2476, ,Philadelphia
 ,6100,2017115946,6,67,67301,2017,10,7,1115,11,1,1,1,4,1, , ,N,1,2,0,3,0,4,6,2,N,N,40 00:24.336,75 07:53.741,1135, ,1135, ,0, ,N, ,3, , , , , ,62536, , , ,2,0,0,0,1,0,0,1,0,0,0,4,4,0,0,0,0,0,0,0,0,0,0,0,0,0,0,0,0,0,0,0,0,0,0,4,0,40.0068,-75.1316, ,Philadelphia
 ,6101,2017101819,6,67,67301,2017,9,5,1738,17,1,1,0,1,1, , ,N,1,2,0,3,0,0,5,3,N,N,39 59:48.597,75 10:37.037,1808, ,1755, ,0, ,N, ,3, , , , , ,62537, , , ,3,1,0,0,2,0,0,0,0,0,0,0,0,0,0,0,0,0,0,0,2,0,0,0,0,0,0,0,0,0,0,0,0,0,0,0,0,39.9968,-75.1769, ,Philadelphia
 ,6102,2017115950,6,67,67301,2017,10,4,715,7,5,1,0,4,1, , ,N,2,2,0,3,0,1,2,2,N,N,40 00:41.287,75 10:55.656,715, ,710,1,1,1,N, ,3,N, , , , ,62547, , , ,2,2,0,0,0,0,0,0,0,0,0,1,1,0,0,0,0,0,0,0,0,0,0,0,0,0,0,0,0,0,0,0,0,0,0,4,0,40.0116,-75.1821, ,Philadelphia
 ,6103,2017078711,6,67,67301,2017,7,2,948,9,1,1,0,4,1, , ,N,1,2,0,3,0,1,2,2,N,N,40 02:13.930,75 03:10.828,953, ,949, ,0, ,N, ,3, , , , , ,66865, , , ,2,1,0,0,0,0,1,0,0,0,0,0,1,1,0,0,0,0,0,0,1,0,0,0,0,0,0,0,0,0,0,0,0,0,0,8,0,40.0372,-75.053, ,Philadelphia
 ,6104,2017091700,6,67,67301,2017,8,3,1223,12,1,2,1,8,1, , ,N,2,2,0,3,0,1,2,2,N,N,40 00:49.054,75 09:31.318,1225, ,1223, ,0, , , ,3, , , , , ,66879, , , ,1,0,0,0,0,0,1,0,0,0,0,0,1,1,0,0,0,0,0,0,1,0,0,0,0,0,0,0,0,0,0,0,1,0,0,8,0,40.0136,-75.1587, ,Philadelphia
 ,6105,2017109984,6,67,67301,2017,10,2,154,1,3,1,0,7,5, , ,N,0,0,0,3,0,1,1,1,N,N,39 54:54.112,75 14:40.356,157, ,154, ,0, ,N, ,0, , , , , ,66887, , , ,1,0,0,0,0,0,1,0,0,1,0,0,1,0,0,0,0,0,0,0,0,0,0,0,0,0,0,0,0,0,0,0,0,0,0,2,0,39.915,-75.2445, ,Philadelphia
 ,6106,2017109919,6,67,67301,2017,9,6,1511,15,1,1,0,4,1, , ,N,3,3,0,3,0,1,3,2,N,N,40 03:10.103,75 03:03.184,1531, ,1529, ,0, ,N, ,3, , , , , ,66888, , , ,1,0,0,0,0,0,1,0,1,0,0,1,1,0,0,0,0,0,0,0,1,0,0,0,0,0,0,0,0,0,0,0,0,0,0,4,0,40.0528,-75.0509, ,Philadelphia
 ,6107,2017097827,6,67,67301,2017,9,7,1647,16,1,2,1,5,6, , ,N,0,0,0,3,0,1,1,2,N, ,39 56:16.530,75 11:04.945,1711, ,1710,2,2,3, , ,0,Y, , , , ,66892, , , ,2,0,0,0,0,0,2,0,0,0,0,1,1,0,0,0,0,0,0,0,0,0,0,1,0,0,0,0,0,0,0,0,0,0,0,4,0,39.9379,-75.1847, ,Philadelphia
 ,6108,2017067564,6,67,67301,2017,6,3,506,5,1,1,1,1,1, , ,N,0,0,0,3,0,1,3,2,N,N,39 58:44.042,75 06:35.316,520, ,520, ,0, , , ,0, , , , , ,66904, , , ,2,2,0,0,0,0,0,0,0,0,0,0,1,1,0,0,0,0,0,0,0,0,0,0,0,0,0,0,0,0,0,0,0,0,0,8,0,39.9789,-75.1098, ,Philadelphia
 ,6109,2017067837,6,67,67301,2017,6,5,1550,15,1,1,0,8,1, , ,N,0,0,0,3,0,1,3,2,N,N,39 56:14.053,75 09:06.714,1825, ,1822, ,0, ,N, ,0, , , , , ,66914, , , ,1,0,0,0,0,0,1,0,0,0,1,0,1,0,0,0,0,0,0,0,0,0,0,0,0,0,0,0,0,0,0,0,1,0,0,3,0,39.9372,-75.1519, ,Philadelphia
 ,6110,2017071478,6,67,67301,2017,7,4,614,6,5,1,0,7,2, , ,N,6,0,2,3,0,0,1,1,N,N,39 54:39.103,75 08:56.529,657, ,643, ,0, , , ,0, , , , , ,66916, , , ,1,1,0,0,0,0,0,0,0,0,0,0,0,0,1,0,0,0,0,0,0,0,0,0,0,0,0,0,0,0,0,0,0,0,0,9,0,39.9109,-75.149, ,Philadelphia
 ,6111,2017070457,6,67,67301,2017,6,7,1847,18,1,2,1,4,1, , ,N,1,2,0,3,0,1,2,2,N,N,40 06:18.575,75 01:58.256,1851, ,1849, ,0, , , ,3, , , , , ,66919, , , ,2,1,0,0,0,0,1,0,0,0,0,1,1,0,0,0,0,0,1,0,0,0,0,0,0,0,0,0,0,0,0,0,0,0,0,4,0,40.1052,-75.0328, ,Philadelphia
 ,6112,2017091682,6,67,67301,2017,8,2,2130,21,3,1,0,4,1, , ,N,1,3,0,3,0,3,5,3,N,N,39 56:59.650,75 14:50.423,2134, ,2132, ,0, , , ,3, , , , , ,66943, , , ,3,1,0,0,0,0,1,1,0,0,0,3,3,0,0,0,0,0,0,0,1,0,0,0,0,0,0,0,0,0,0,0,0,0,0,4,0,39.9499,-75.2473, ,Philadelphia
 ,6113,2017105975,6,67,67301,2017,9,1,1133,11,1,1,0,4,1, , ,N,2,3,0,3,0,1,2,2,N,N,40 06:50.274,75 01:28.927,1139, ,1135, ,0, , , ,3, , , , , ,66949, , , ,1,1,0,0,0,0,0,0,1,0,1,0,1,0,0,0,0,0,0,0,0,1,0,1,0,0,0,0,0,0,0,0,0,0,0,3,0,40.114,-75.0247, ,Philadelphia
 ,6114,2017067691,6,67,67301,2017,6,2,1010,10,1,1,0,2,1, , ,N,2,0,0,3,0,1,1,2,N,N,40 07:03.475,75 02:16.607,1016, ,1016, ,0, ,N, ,0, , , , , ,66955, , , ,2,1,0,0,0,0,1,0,0,0,0,0,1,1,0,0,0,0,0,0,0,1,0,0,0,0,0,0,0,0,0,0,0,0,0,8,0,40.1176,-75.0379, ,Philadelphia
 ,6115,2017060588,6,67,67301,2017,5,6,1242,12,1,1,0,7,4, , ,N,2,2,0,3,0,1,1,1,N,N,39 58:22.572,75 07:10.506,1248, ,1245, ,0, ,N, ,3, , , , , ,66961, , , ,1,0,0,0,0,0,1,0,0,0,0,0,1,1,0,0,0,0,0,0,0,0,0,0,0,0,0,0,0,0,0,0,0,0,0,8,0,39.9729,-75.1196, ,Philadelphia
 ,6116,2017067952,6,67,67301,2017,6,4,2109,21,3,1,0,4,1, , ,N,0,0,7,3,0,1,2,2,N,N,40 03:21.777,75 04:28.578,2132, ,2128,1,2,3,N, ,0,Y, , , , ,66964, , , ,2,1,0,0,0,0,1,0,0,0,0,1,1,0,0,0,0,0,0,0,1,0,0,0,0,0,0,0,0,0,0,0,0,0,0,4,0,40.0561,-75.0746, ,Philadelphia
 ,6117,2017072917,6,67,67301,2017,3,5,1650,16,1,1,0,1,1, , ,N,1,2,0,3,0,1,2,2,N,N,40 02:20.942,75 06:36.006,0, ,0, ,0, ,N, ,3, , , , , ,66974, , , ,2,0,0,0,0,0,1,0,0,0,1,0,1,0,0,0,0,0,0,0,1,0,0,0,0,0,0,0,0,0,0,0,0,0,0,3,0,40.0392,-75.11, ,Philadelphia
 ,6118,2017081473,6,67,67301,2017,7,5,1611,16,1,2,1,7,2, , ,N,0,0,3,3,0,1,1,1,N,N,39 53:13.505,75 12:18.203,1644, ,1616,2,2,2, , ,0,N, , , , ,66975, , , ,1,0,0,0,0,0,1,0,0,0,1,0,1,0,0,0,0,0,0,0,0,0,0,0,0,0,0,0,0,0,0,0,0,0,0,3,0,39.8871,-75.205, ,Philadelphia
 ,6119,2017086754,6,67,67301,2017,4,6,745,7,1,1,0,4,1, , ,N,1,2,0,3,0,1,2,2,N,N,40 00:31.034,75 04:07.810,810, ,759, ,0, ,N, ,3, , , , , ,66990, , , ,2,1,0,0,0,0,1,0,0,0,0,0,1,1,0,0,0,0,0,0,1,0,0,1,0,0,0,0,0,0,0,0,0,0,0,8,0,40.0086,-75.0688, ,Philadelphia
 ,6120,2017089071,6,67,67301,2017,8,2,609,6,1,1,0,7,3, , ,N,0,0,0,3,0,0,1,1,N,N,40 02:31.121,75 00:13.768,626, ,611, ,0, , , ,0, , , , , ,66994, , , ,1,1,0,0,0,0,0,0,0,0,0,0,0,0,0,0,0,0,0,0,0,0,0,1,0,0,0,0,0,0,0,0,0,0,0,0,0,40.042,-75.0038, ,Philadelphia
 ,6121,2017086679,6,67,67301,2017,3,7,825,8,1,1,0,4,1, , ,N,2,0,0,3,0,0,2,2,N, ,39 56:43.363,75 14:22.817,840, ,830, ,0, , , ,0, , , , , ,56005, , , ,2,2,0,0,0,0,0,0,0,0,0,0,0,0,0,0,0,0,0,0,0,0,0,2,0,0,0,0,0,0,0,0,0,0,0,0,0,39.9454,-75.2396, ,Philadelphia
N,6122,2017067363,6,67,67301,2017,6,4,1540,15,1,1,0,5,1,1,4,Y,0,0,0,3,0,0,2,2,N,N,39 58:47.581,75 06:21.485,1628,45,1559, ,0, , , ,0, ,N,N,N,N,56012,Y,N,Y,2,1,0,0,0,0,0,1,0,0,0,0,0,0,0,0,0,0,0,0,1,0,0,0,0,0,0,0,0,0,0,0,0,0,0,0,0,39.9799,-75.106, ,Philadelphia
 ,6123,2017070512,6,67,67301,2017,6,2,1520,15,1,1,0,5,1, , ,N,0,0,0,3,0,1,2,2,N,Y,40 05:35.078,75 03:09.218,1604, ,1556, ,0, , , ,0, , , , , ,56021, , , ,2,0,0,1,0,0,1,0,0,0,0,0,1,1,0,0,0,0,0,0,0,0,0,0,0,0,0,0,0,0,0,0,0,0,0,8,1,40.0931,-75.0526, ,Philadelphia
 ,6124,2017091791,6,67,67301,2017,8,6,1755,17,1,2,1,4,1, , ,N,2,0,0,3,0,1,3,2,N,N,40 04:26.193,75 12:11.662,1908, ,1835, ,0, ,N, ,0, , , , , ,56042, , , ,2,2,0,0,0,0,0,0,0,0,0,1,1,0,0,0,0,0,0,0,1,0,0,0,0,0,0,0,0,0,0,0,0,0,0,4,0,40.0739,-75.2032, ,Philadelphia
 ,6125,2017093509,6,67,67301,2017,8,6,1850,18,1,1,0,5,1, , ,N,0,0,0,3,0,1,2,2,N, ,39 57:20.325,75 13:32.794,1859, ,1858, ,0, , , ,0, , , , , ,56048, , , ,1,0,0,0,0,0,1,0,1,0,0,0,1,1,0,0,0,0,0,0,0,0,0,1,0,0,0,0,0,0,0,0,0,0,0,8,0,39.9556,-75.2258, ,Philadelphia
 ,6126,2017081098,6,67,67301,2017,8,4,11,0,3,1,0,7,4, , ,N,0,0,0,3,0,1,1,1,N,N,39 59:19.182,75 05:17.297,18, ,11,2,1,1, , ,0,N, , , , ,56068, , , ,1,1,0,0,0,0,0,0,0,1,0,0,1,0,0,0,0,0,0,0,1,0,0,1,0,1,0,0,0,0,0,0,0,0,0,2,0,39.9887,-75.0881, ,Philadelphia
 ,6127,2017093664,6,67,67301,2017,7,5,2330,23,2,1,0,8,1, , ,N,0,0,0,3,1,0,2,2,N,N,39 59:12.600,75 13:32.800,2337, ,2337,9,2,6,N,0,0,Y, , , , ,56077, , , ,1,1,0,0,0,0,0,0,0,0,0,0,0,0,0,0,0,0,0,0,0,0,0,0,0,0,0,0,0,0,0,0,1,1,0,1,0,39.9868,-75.2258,2,Philadelphia
 ,6128,2017096232,6,67,67301,2017,6,4,1449,14,1,1,0,1,1, , ,N,0,0,0,3,0,0,3,3,N,N,40 01:02.646,75 02:57.141,1514, ,1449, ,0, , , ,0, , , , , ,56085, , , ,3,1,0,0,1,1,0,0,0,0,0,0,0,0,1,0,0,0,0,0,2,0,0,0,0,0,0,0,0,0,0,0,0,0,0,9,1,40.0174,-75.0492, ,Philadelphia
 ,6129,2017091806,6,67,67301,2017,8,7,1034,10,1,1,0,4,1, , ,N,1,2,0,3,0,1,3,2,N,N,39 57:21.859,75 14:16.659,1040, ,1038, ,0, ,N, ,3, , , , , ,56086, , , ,2,1,0,0,0,1,0,0,0,0,0,0,1,1,2,0,0,0,0,0,2,0,0,0,0,0,0,0,0,0,0,0,0,0,0,8,1,39.9561,-75.238, ,Philadelphia
 ,6130,2017088940,6,67,67301,2017,8,6,650,6,1,1,0,4,1, , ,N,2,3,0,3,0,1,2,2,N, ,40 02:35.030,75 13:38.065,701, ,652, ,0, , , ,3, , , , , ,56087, , , ,2,2,0,0,0,0,0,0,0,0,0,1,1,0,0,0,0,0,0,0,1,1,0,0,0,0,0,0,0,0,0,0,0,0,0,4,0,40.0431,-75.2272, ,Philadelphia
 ,6131,2017116956,6,67,67301,2017,10,3,1541,15,1,1,0,1,1, , ,N,0,8,0,3,0,2,7,4,N,N,39 58:57.203,75 06:00.307,1547, ,1547,1,2,2, , ,3,N, , , , ,56090, , , ,4,1,0,0,1,0,2,0,0,0,0,1,2,1,0,0,0,0,0,0,1,0,0,0,0,0,0,0,0,0,0,0,0,0,0,4,0,39.9826,-75.1001, ,Philadelphia
 ,6132,2017060469,6,67,67301,2017,5,5,748,7,1,1,0,4,1, , ,N,5,2,0,3,0,0,2,2,N,N,39 56:45.546,75 11:03.246,840, ,835, ,0, ,N, ,3, , , , , ,56103, , , ,2,2,0,0,0,0,0,0,0,0,0,0,0,0,0,0,0,0,0,0,0,0,0,0,0,0,0,0,0,0,0,0,0,0,0,0,0,39.946,-75.1842, ,Philadelphia
 ,6133,2017066956,6,67,67301,2017,6,7,744,7,1,1,0,4,1, , ,N,1,2,0,3,0,2,3,3,N,N,40 00:31.066,75 12:38.913,744, ,744,4,1,2, , ,3,Y, , , , ,56108, , , ,1,1,0,0,0,0,0,0,2,1,1,0,2,0,0,0,0,0,0,0,0,0,1,0,0,0,0,0,0,0,0,1,0,0,0,2,0,40.0084,-75.211, ,Philadelphia
 ,6134,2017086927,6,67,67301,2017,1,7,213,2,3,1,0,5,6, , ,N,0,0,0,3,0,0,1,2,N,N,40 04:32.651,75 04:22.672,220, ,213,1,1,1,N, ,0,N, , , , ,56119, , , ,2,1,0,0,0,0,1,0,0,0,0,0,0,0,0,0,0,0,0,0,0,1,0,0,0,0,0,0,0,0,0,0,0,0,0,0,0,40.0757,-75.073, ,Philadelphia
 ,6135,2017120496,6,67,67301,2017,10,3,1330,13,1,1,0,7,6, , ,N,0,0,0,3,0,1,1,2,N,N,40 04:12.921,75 09:38.845,1335, ,1335, ,0, , , ,0, , , , , ,56137, , , ,2,1,0,0,0,0,0,1,0,0,0,1,1,0,0,0,0,0,0,0,1,0,0,0,0,0,0,0,0,0,0,0,0,0,0,4,0,40.0703,-75.1608, ,Philadelphia
 ,6136,2017109937,6,67,67301,2017,9,6,1735,17,4,1,0,8,1, , ,N,0,0,0,3,0,1,2,2,N, ,39 59:27.069,75 07:48.923,1915, ,1906, ,0, , , ,0, , , , , ,56142, , , ,1,0,0,0,0,0,1,0,0,0,1,0,1,0,0,0,0,0,0,0,0,1,0,0,0,0,0,0,0,0,0,0,1,0,0,3,0,39.9909,-75.1303, ,Philadelphia
 ,6137,2017108055,6,67,67301,2017,9,7,1409,14,1,1,0,1,6, , ,N,0,0,0,3,0,1,1,4,N,N,40 02:29.770,75 13:37.779,1414, ,1411, ,0, ,N, ,0, , , , , ,56144, , , ,4,2,0,0,0,0,2,0,0,0,0,0,1,1,0,0,0,0,0,0,1,0,0,0,0,0,0,0,0,0,0,0,0,0,0,8,0,40.0416,-75.2272, ,Philadelphia
 ,6138,2017088736,6,67,67301,2017,8,4,1800,18,1,1,0,7,4, , ,N,0,0,0,3,1,0,1,1,N,N,39 58:04.428,75 12:28.168,1805, ,1800, ,0, ,N,0,0, , , , , ,56159, , , ,1,0,1,0,0,0,0,0,0,0,0,0,0,0,0,0,0,0,0,0,0,0,0,0,0,0,0,0,1,0,0,0,0,0,0,1,0,39.9679,-75.2078,2,Philadelphia
 ,6139,2017068086,6,67,67301,2017,6,2,1020,10,1,2,1,4,1, , ,N,1,3,0,3,0,0,2,2,N,N,39 57:45.566,75 12:17.193,1031, ,1031, ,0, , , ,3, , , , , ,59195, , , ,2,2,0,0,0,0,0,0,0,0,0,0,0,0,0,0,0,0,0,0,0,0,0,0,0,0,0,0,0,0,0,0,0,0,0,0,0,39.9627,-75.2047, ,Philadelphia
 ,6140,2017060570,6,67,67301,2017,5,6,54,0,3,2,1,5,6, , ,N,0,0,0,3,0,0,1,4,N, ,39 57:23.842,75 12:55.625,110, ,103, ,0, , , ,0, , , , , ,59201, , , ,4,4,0,0,0,0,0,0,0,0,0,0,0,0,0,0,0,0,0,0,0,0,0,0,0,0,0,0,0,0,0,0,0,0,0,0,0,39.9566,-75.2155, ,Philadelphia
 ,6141,2017076153,6,67,67301,2017,6,7,2331,23,3,1,0,4,1, , ,N,1,2,0,3,0,1,2,2,N,N,39 58:09.618,75 11:04.615,2337, ,2332, ,0, ,N, ,3, , , , , ,59219, , , ,1,1,0,0,0,0,0,0,1,0,0,1,1,0,0,0,0,0,0,0,0,0,0,1,0,0,0,0,0,0,0,0,0,0,0,4,0,39.9693,-75.1846, ,Philadelphia
 ,6142,2017087790,6,67,67301,2017,8,5,1810,18,1,1,0,4,1, , ,N,6,0,2,3,0,1,5,2,N,N,39 57:34.053,75 10:50.657,1911, ,1840,2,1,4, , ,0,N, , , , ,59220, , , ,2,1,0,0,0,0,1,0,0,0,0,0,1,1,0,0,0,0,0,0,1,0,0,0,0,0,0,0,0,0,0,0,0,0,0,8,0,39.9582,-75.1802, ,Philadelphia
 ,6143,2017076265,6,67,67301,2017,6,4,2317,23,3,1,0,4,1, , ,N,1,2,0,3,0,1,2,2,N,N,39 55:22.429,75 09:29.528,20, ,2317, ,0, ,N, ,3, , , , , ,59225, , , ,1,0,0,0,0,0,0,1,1,0,0,1,1,0,0,0,0,0,0,0,0,0,0,1,0,0,0,0,0,0,0,0,0,0,0,4,0,39.9229,-75.1581, ,Philadelphia
 ,6144,2017088775,6,67,67301,2017,8,4,1727,17,1,2,1,6,1, , ,N,0,0,0,3,0,0,4,2,N,N,40 00:46.918,75 12:03.477,1755, ,1752, ,0, ,N, ,0, , , , , ,59229, , , ,2,2,0,0,0,0,0,0,0,0,0,0,0,0,0,0,0,0,1,0,0,0,0,0,0,0,0,0,0,0,0,0,0,0,0,0,0,40.013,-75.201, ,Philadelphia
 ,6145,2017096430,6,67,67301,2017,7,5,325,3,3,1,0,5,6, , ,N,0,0,0,3,0,0,1,3,N,N,40 00:01.409,75 04:02.796,340, ,331,9,2,5,N, ,0,Y, , , , ,59234, , , ,3,2,0,0,0,0,1,0,0,0,0,0,0,0,0,0,0,0,0,0,0,0,0,1,0,0,0,0,0,0,0,0,0,0,0,0,0,40.0004,-75.0674, ,Philadelphia
 ,6146,2017086114,6,67,67301,2017,7,1,2306,23,3,2,1,8,1, , ,N,1,2,0,3,0,1,2,2,N,N,39 58:02.408,75 14:45.030,2355, ,2341, ,0, ,N, ,3, , , , , ,59236, , , ,1,1,0,0,0,0,0,0,0,0,0,1,1,0,0,0,0,0,0,1,0,0,0,1,0,0,0,0,0,0,0,0,1,0,0,4,0,39.9673,-75.2457, ,Philadelphia
 ,6147,2017070937,6,67,67301,2017,1,3,1800,18,3,2,1,5,1, , ,N,0,0,0,3,0,1,2,2,N,N,39 56:18.532,75 13:18.724,0, ,0, ,0, ,N, ,0, , , , , ,59242, , , ,2,0,0,0,1,0,1,0,0,0,0,0,1,1,0,0,0,0,0,0,1,0,0,0,0,0,0,0,0,0,0,0,0,0,0,8,0,39.9385,-75.2218, ,Philadelphia
 ,6148,2017076121,6,67,67301,2017,5,1,10,0,3,1,0,5,6, , ,N,0,0,0,3,0,0,1,3,N, ,40 03:31.402,75 00:32.056,22, ,18, ,0, , , ,0, , , , , ,59254, , , ,3,2,0,0,0,0,0,1,0,0,0,0,0,0,1,0,0,0,0,0,0,0,0,0,0,0,0,0,0,0,0,0,0,0,0,9,0,40.0587,-75.0089, ,Philadelphia
 ,6149,2017105870,6,67,67301,2017,9,2,100,1,6,1,0,1,6, , ,N,0,0,0,3,0,0,1,2,N,N,40 00:20.529,75 06:19.086,1118, ,1118, ,0, ,N, ,0, , , , , ,59262, , , ,2,1,0,0,0,0,0,0,0,0,0,0,0,0,0,0,0,0,0,0,0,0,0,0,0,0,0,0,0,0,0,0,0,0,0,0,0,40.0057,-75.1053, ,Philadelphia
 ,6150,2017115994,6,67,67301,2017,10,3,1300,13,1,1,0,4,1, , ,N,2,0,0,3,0,1,4,3,N, ,39 59:52.479,75 10:21.262,1315, ,1307, ,0, , , ,0, , , , , ,59273, , , ,2,1,1,0,0,0,0,0,0,0,0,1,1,0,3,0,0,0,0,0,0,0,0,0,0,0,0,0,0,0,0,0,1,0,0,4,0,39.9979,-75.1726, ,Philadelphia
 ,6151,2017109820,6,67,67301,2017,9,7,352,3,3,1,0,1,1, , ,N,1,2,0,3,0,0,2,2,N,N,40 02:02.360,75 04:27.868,357, ,353,1,1,1,N, ,3,N, , , , ,59280, , , ,2,1,0,0,0,0,1,0,0,0,0,0,0,0,0,0,0,0,0,0,0,0,0,0,0,0,0,0,0,0,0,0,0,0,0,0,0,40.034,-75.0744, ,Philadelphia
 ,6152,2017076282,6,67,67301,2017,6,2,1730,17,1,2,1,4,1, , ,N,2,3,0,3,0,1,2,2,N,N,40 04:09.580,75 09:37.364,1756, ,1746, ,0, , , ,3, , , , , ,59291, , , ,2,1,0,0,0,0,1,0,0,0,1,0,1,0,0,0,0,0,0,0,1,0,0,1,0,0,0,0,0,0,0,0,0,0,0,3,0,40.0693,-75.1604, ,Philadelphia
 ,6153,2017086934,6,67,67301,2017,1,1,425,4,3,5,1,7,4, , ,N,10,0,0,3,0,0,1,1,N, ,40 06:29.329,75 01:11.380,430, ,425, ,0, , , ,0, , , , , ,59307, , , ,1,1,0,0,0,0,0,0,0,0,0,0,0,0,0,0,0,0,0,0,0,0,0,0,0,0,0,0,0,0,0,0,0,0,0,0,0,40.1081,-75.0198, ,Philadelphia
 ,6154,2017088804,6,67,67301,2017,8,6,2146,21,3,1,0,5,1, , ,N,0,2,0,3,0,0,3,2,N,N,39 58:46.081,75 10:15.293,2207, ,2202, ,0, ,N, ,3, , , , , ,59309, , , ,2,1,0,0,0,0,1,0,0,0,0,0,0,0,0,0,0,0,0,0,0,0,0,0,0,0,0,0,0,0,0,0,0,0,0,0,0,39.9795,-75.1709, ,Philadelphia
 ,6155,2017086128,6,67,67301,2017,7,6,700,7,5,2,1,4,1, , ,N,1,2,0,3,0,1,2,2,N,N,40 01:01.029,75 11:18.212,720, ,712, ,0, ,N, ,3, , , , , ,59316, , , ,1,0,0,0,1,0,0,0,1,0,0,1,1,0,0,0,0,0,0,0,0,0,0,0,0,0,0,0,0,0,0,0,0,0,0,4,0,40.017,-75.1883, ,Philadelphia
 ,6156,2017078832,6,67,67301,2017,7,6,1831,18,1,1,0,8,1, , ,N,1,2,0,3,0,1,2,2,N,N,39 59:12.227,75 09:34.174,1849, ,1847, ,0, ,N, ,3, , , , , ,59358, , , ,1,1,0,0,0,0,0,0,0,0,0,1,1,0,0,0,0,0,0,0,0,0,0,0,0,0,0,0,0,0,0,0,1,0,0,4,0,39.9867,-75.1595, ,Philadelphia
 ,6157,2017109780,6,67,67301,2017,9,2,1800,18,4,1,0,8,1, , ,N,1,2,0,3,0,1,2,2,N, ,39 59:16.284,75 09:20.883,1812, ,1809, ,0, , , ,3, , , , , ,62551, , , ,1,1,0,0,0,0,0,0,0,0,1,0,1,0,0,0,0,1,0,0,0,0,0,0,0,0,0,0,0,0,0,0,1,0,0,3,0,39.9879,-75.1558, ,Philadelphia
 ,6158,2017109763,6,67,67301,2017,10,1,110,1,3,1,0,5,6, , ,N,0,0,0,3,0,0,2,3,N,N,40 02:53.607,75 10:32.711,115, ,112,3,2,6,N, ,0,N, , , , ,62554, , , ,3,1,0,0,0,0,2,0,0,0,0,0,0,0,0,0,0,0,0,0,0,0,0,1,0,0,0,0,0,0,0,0,0,0,0,0,0,40.0482,-75.1758, ,Philadelphia
 ,6159,2017105931,6,67,67301,2017,9,2,700,7,5,1,0,5,6, , ,N,0,0,0,3,0,0,1,3,N, ,39 59:23.924,75 06:31.356,830, ,827, ,0, , , ,0, , , , , ,62587, , , ,3,2,0,0,0,0,1,0,0,0,0,0,0,0,0,0,0,0,0,0,0,0,0,0,0,0,0,0,0,0,0,0,0,0,0,0,0,39.99,-75.1087, ,Philadelphia
 ,6160,2017105857,6,67,67301,2017,9,6,940,9,1,1,0,8,1, , ,N,1,2,0,3,0,1,2,2,N,N,39 58:13.330,75 14:42.826,950, ,946,1,1,2,N, ,3,Y, , , , ,62589, , , ,1,0,0,0,0,0,1,0,0,0,0,0,1,1,0,0,0,0,0,0,0,0,0,1,0,0,0,0,0,0,0,0,1,0,0,8,0,39.9704,-75.2451, ,Philadelphia
 ,6161,2017055470,6,67,67301,2017,4,5,740,7,1,1,0,1,1, , ,N,1,2,0,3,0,1,3,2,N,N,40 01:36.035,75 02:15.308,749, ,745, ,0, ,N, ,3, , , , , ,62609, , , ,2,2,0,0,0,0,0,0,0,0,0,1,1,0,0,0,0,0,0,0,1,0,0,0,0,0,0,0,0,0,0,0,0,0,0,4,0,40.0267,-75.0376, ,Philadelphia
 ,6162,2017055537,6,67,67301,2017,4,7,1315,13,8,2,1,1,1, , ,N,0,0,0,3,0,1,2,2,N, ,39 57:28.450,75 13:59.154,1532, ,1532, ,0, , , ,0, , , , , ,62610, , , ,2,1,0,0,0,0,0,1,0,0,0,1,1,0,0,0,0,0,0,0,1,0,0,1,0,0,0,0,0,0,0,0,0,0,0,4,0,39.9579,-75.2331, ,Philadelphia