wz_ln_closure,objectid_1,crn,district,county,municipality,crash_year,crash_month,day_of_week,time_of_day,hour_of_day,illumination,weather,road_condition,collision_type,relation_to_road,work_zone_type,work_zone_loc,work_zone_ind,intersect_type,tcd_type,location_type,urban_rural,fatal_count,injury_count,person_count,total_units,sch_bus_ind,sch_zone_ind,latitude,longitude,arrival_tm,cons_zone_spd_lim,dispatch_tm,est_hrs_closed,lane_closed,ln_close_dir,ntfy_hiwy_maint,spec_juris_cd,tcd_func_cd,tfc_detour_ind,workers_pres,wz_close_detour,wz_flagger,wz_law_offcr_ind,objectid,wz_moving,wz_other,wz_shlder_mdn,vehicle_count,automobile_count,motorcycle_count,bus_count,small_truck_count,heavy_truck_count,suv_count,van_count,bicycle_count,maj_inj_count,mod_inj_count,min_inj_count,tot_inj_count,unk_inj_deg_count,unk_inj_per_count,driver_count_16yr,driver_count_17yr,driver_count_18yr,driver_count_19yr,driver_count_20yr,driver_count_50_64yr,driver_count_65_74yr,driver_count_75plus,unbelted_occ_count,unb_death_count,unb_maj_inj_count,belted_death_count,belted_maj_inj_count,mcycle_death_count,mcycle_maj_inj_count,bicycle_death_count,bicycle_maj_inj_count,ped_count,ped_death_count,ped_maj_inj_count,max_severity_level,comm_veh_count,dec_lat,dec_long,rdwy_surf_type_cd,county_name
 ,6163,2017086675,6,67,67301,2017,3,6,1515,15,1,4,1,5,1, , ,N,0,0,0,3,0,1,2,3,N,N,39 57:18.103,75 09:53.195,1535, ,1528,3,1,2,N, ,0,N, , , , ,62617, , , ,3,1,0,0,0,1,0,0,0,0,0,1,1,0,1,0,0,0,0,0,0,0,0,1,0,0,0,0,0,0,0,0,0,0,0,4,1,39.955,-75.1648, ,Philadelphia
 ,6164,2017076171,6,67,67301,2017,6,6,1253,12,1,1,0,4,1, , ,N,2,2,0,3,0,0,2,2,N, ,40 02:36.236,75 02:11.299,1309, ,1253, ,0, , , ,3, , , , , ,62622, , , ,2,2,0,0,0,0,0,0,0,0,0,0,0,0,0,0,0,0,0,0,1,0,0,0,0,0,0,0,0,0,0,0,0,0,0,0,0,40.0434,-75.0365, ,Philadelphia
 ,6165,2017070453,6,67,67301,2017,6,3,1143,11,1,1,0,5,1, , ,N,0,0,0,3,1,2,8,4,N,N,39 57:13.761,75 10:00.206,1150, ,1145, ,0, ,N,0,0, , , , , ,62623, , , ,2,0,0,0,0,0,1,1,0,1,0,1,2,0,0,0,0,0,0,0,0,0,0,1,0,0,0,0,0,0,0,0,2,1,1,1,0,39.9538,-75.1667,2,Philadelphia
 ,6166,2017109807,6,67,67301,2017,9,4,1800,18,1,1,0,5,1, , ,N,1,2,0,3,0,1,3,2,N,N,40 05:40.718,75 00:54.707,2055, ,2051, ,0, ,N, ,3, , , , , ,62650, , , ,2,1,0,0,1,0,0,0,0,0,0,0,1,1,0,0,0,0,0,0,0,1,0,2,0,0,0,0,0,0,0,0,0,0,0,8,0,40.0946,-75.0152, ,Philadelphia
 ,6167,2017098846,6,67,67301,2017,9,1,1648,16,1,1,0,4,1, , ,N,1,2,0,3,0,0,5,2,N,N,39 59:32.063,75 14:44.508,1652, ,1648,2,2,2, , ,3,Y, , , , ,62651, , , ,2,1,0,0,0,0,1,0,0,0,0,0,0,0,0,0,0,0,0,0,1,0,0,0,0,0,0,0,0,0,0,0,0,0,0,0,0,39.9922,-75.2457, ,Philadelphia
 ,6168,2017122099,6,67,67301,2017,11,6,1400,14,1,1,0,7,3, , ,N,0,0,0,3,0,1,1,1,N,N,39 56:32.407,75 08:35.721,1416, ,1401, ,0, , , ,0, , , , , ,62684, , , ,1,1,0,0,0,0,0,0,0,1,0,0,1,0,0,0,0,0,0,0,0,0,0,0,0,0,0,1,0,0,0,0,0,0,0,2,0,39.9423,-75.1433, ,Philadelphia
 ,6169,2017086252,6,67,67301,2017,7,3,1744,17,1,1,0,8,1, , ,N,1,3,0,3,0,1,2,2,N,N,40 01:22.525,75 09:47.379,1750, ,1747, ,0, ,N, ,3, , , , , ,62689, , , ,1,0,0,0,0,0,0,1,0,0,0,1,1,0,1,0,0,0,0,0,0,0,0,0,0,0,0,0,0,0,0,0,1,0,0,4,0,40.0229,-75.1632, ,Philadelphia
 ,6170,2017097984,6,67,67301,2017,9,2,2227,22,3,1,0,5,1, , ,N,0,0,0,3,0,0,3,2,N, ,40 05:56.909,74 59:10.600,2229, ,2228, ,0, , , ,0, , , , , ,62694, , , ,2,2,0,0,0,0,0,0,0,0,0,0,0,0,0,0,0,0,0,0,0,0,0,0,0,0,0,0,0,0,0,0,0,0,0,0,0,40.0991,-74.9863, ,Philadelphia
 ,6171,2017091670,6,67,67301,2017,8,6,323,3,3,1,0,4,1, , ,N,5,0,0,3,0,4,4,4,N,N,40 02:28.934,75 08:38.816,330, ,327, ,0, ,N, ,0, , , , , ,62696, , , ,2,1,0,0,0,0,1,0,0,0,1,3,4,0,0,0,0,0,0,0,2,0,0,0,0,0,0,0,0,0,0,0,2,0,0,3,0,40.0414,-75.1441, ,Philadelphia
 ,6172,2017068036,6,67,67301,2017,6,6,1040,10,1,1,0,4,1, , ,N,1,2,0,3,0,3,3,2,N,N,39 59:59.964,75 09:11.322,1114, ,1114, ,0, , , ,3, , , , , ,62712, , , ,2,2,0,0,0,0,0,0,0,0,0,0,3,3,0,0,0,0,0,0,1,0,0,0,0,0,0,0,0,0,0,0,0,0,0,8,0,40,-75.1531, ,Philadelphia
 ,6173,2017070495,6,67,67301,2017,6,3,1740,17,1,1,0,5,6, , ,N,0,0,0,3,0,0,2,3,N, ,39 59:26.938,75 07:19.277,1745, ,1745, ,0, ,N, ,0, , , , , ,62721, , , ,3,2,0,0,0,0,1,0,0,0,0,0,0,0,0,0,0,0,0,0,1,0,0,1,0,0,0,0,0,0,0,0,0,0,0,0,0,39.9908,-75.122, ,Philadelphia
 ,6174,2017076283,6,67,67301,2017,6,2,1822,18,4,2,1,4,1, , ,N,1,3,0,3,0,1,2,2,N,N,40 02:03.710,75 09:37.540,1835, ,1829,2,2,7,N, ,3,Y, , , , ,62723, , , ,2,2,0,0,0,0,0,0,0,0,0,1,1,0,0,0,0,0,0,0,0,0,0,0,0,0,0,0,0,0,0,0,0,0,0,4,0,40.0344,-75.1604, ,Philadelphia
 ,6175,2017120546,6,67,67301,2017,10,2,242,2,3,1,0,7,5, , ,N,0,0,0,3,0,1,1,1,N,N,40 00:24.006,75 08:38.049,356, ,245, ,0, ,N, ,0, , , , , ,64913, , , ,1,0,0,0,0,0,0,1,0,0,0,1,1,0,0,0,0,0,0,0,0,0,0,1,0,0,0,0,0,0,0,0,0,0,0,4,0,40.0067,-75.1439, ,Philadelphia
 ,6176,2017076346,6,67,67301,2017,6,3,705,7,1,1,0,5,1, , ,N,1,2,0,3,0,0,3,3,N,N,40 03:20.759,75 09:31.942,748, ,742, ,0, ,N, ,3, , , , , ,64929, , , ,3,1,0,0,0,0,0,2,0,0,0,0,0,0,0,0,0,0,0,0,1,0,0,2,0,0,0,0,0,0,0,0,0,0,0,0,0,40.0558,-75.1589, ,Philadelphia
 ,6177,2017076296,6,67,67301,2017,6,6,1638,16,1,1,0,4,1, , ,N,1,2,0,3,0,1,2,2,N, ,39 56:16.305,75 10:00.120,1645, ,1641, ,0, , , ,3, , , , , ,64932, , , ,1,1,0,0,0,0,0,0,1,0,1,0,1,0,0,0,0,0,0,0,0,1,0,0,0,0,0,0,0,0,0,0,0,0,0,3,0,39.9379,-75.1667, ,Philadelphia
 ,6178,2017123807,6,67,67301,2017,11,4,1855,18,3,1,0,1,1, , ,N,0,0,3,3,0,1,4,2,N,N,39 53:42.909,75 11:36.569,1915, ,1900, ,0, , , ,0, , , , , ,64958, , , ,2,2,0,0,0,0,0,0,0,0,1,0,1,0,0,0,0,0,0,0,1,0,0,0,0,0,0,0,0,0,0,0,0,0,0,3,0,39.8953,-75.1934, ,Philadelphia
 ,6179,2017091794,6,67,67301,2017,8,5,732,7,1,1,0,1,1, , ,N,1,2,0,3,0,1,2,2,N, ,40 01:26.280,75 02:07.317,918, ,905, ,0, , , ,2, , , , , ,64963, , , ,2,2,0,0,0,0,0,0,0,0,0,1,1,0,1,0,0,0,0,0,1,0,0,0,0,0,0,0,0,0,0,0,0,0,0,4,0,40.024,-75.0354, ,Philadelphia
 ,6180,2017120720,6,67,67301,2017,10,3,9999,99,1,2,1,4,1, , ,N,2,2,0,3,0,2,4,2,N,N,39 59:54.675,75 09:12.937,852, ,852, ,0, ,N, ,3, , , , , ,64973, , , ,2,0,0,0,0,0,2,0,0,0,0,2,2,0,0,0,1,0,0,1,0,0,0,0,0,0,0,0,0,0,0,0,0,0,0,4,0,39.9985,-75.1535, ,Philadelphia
 ,6181,2017064983,6,67,67301,2017,6,1,1410,14,1,1,0,4,1, , ,N,1,2,0,3,0,1,4,2,N,N,39 57:36.745,75 11:27.211,1414, ,1412,1,1,4,N, ,3,N, , , , ,64981, , , ,2,1,0,0,0,0,1,0,0,0,0,0,1,1,0,0,0,0,0,0,1,0,0,0,0,0,0,0,0,0,0,0,0,0,0,8,0,39.9602,-75.1909, ,Philadelphia
 ,6182,2017071709,6,67,67301,2017,2,4,2115,21,3,1,0,1,1, , ,N,2,2,0,3,0,1,2,2,N,N,39 57:19.526,75 11:17.807,0, ,0, ,0, ,N, ,3, , , , , ,64983, , , ,2,0,0,0,0,0,0,1,0,0,0,0,1,1,0,0,0,0,0,0,0,0,0,0,0,0,0,0,0,0,0,0,0,0,0,8,0,39.9554,-75.1882, ,Philadelphia
 ,6183,2017076366,6,67,67301,2017,6,1,1709,17,1,1,0,4,1, , ,N,2,3,0,3,0,2,3,2,N, ,40 02:44.829,75 09:13.535,1737, ,1729, ,0, , , ,3, , , , , ,64990, , , ,2,1,0,0,0,0,1,0,0,0,0,2,2,0,0,0,0,0,0,0,1,0,1,0,0,0,0,0,0,0,0,0,0,0,0,4,0,40.0458,-75.1538, ,Philadelphia
 ,6184,2017076223,6,67,67301,2017,6,4,1255,12,1,1,0,8,1, , ,N,0,0,7,3,0,1,2,2,N, ,39 59:30.033,75 06:00.640,1306, ,1304, ,0, , , ,0, , , , , ,64995, , , ,1,1,0,0,0,0,0,0,0,0,0,1,1,0,0,0,0,0,0,0,0,0,0,1,0,0,0,0,0,0,0,0,1,0,0,4,0,39.9917,-75.1002, ,Philadelphia
 ,6185,2017116176,6,67,67301,2017,10,6,1345,13,1,1,0,8,1, , ,N,1,2,0,3,0,1,2,2,N,N,39 55:32.089,75 14:03.592,1350, ,1350, ,0, ,N, ,3, , , , , ,65015, , , ,1,0,0,0,1,0,0,0,0,0,0,1,1,0,0,0,0,0,0,0,1,0,0,0,0,0,0,0,0,0,0,0,1,0,0,4,0,39.9256,-75.2343, ,Philadelphia
 ,6186,2017068073,6,67,67301,2017,6,3,401,4,3,2,1,7,4, , ,N,0,0,0,3,0,4,4,1,N,N,39 57:49.377,75 10:38.200,403, ,401,2,1,2,N, ,0,N, , , , ,65027, , , ,1,1,0,0,0,0,0,0,0,0,3,0,4,1,0,0,0,0,0,0,0,0,0,0,0,0,0,0,0,0,0,0,0,0,0,3,0,39.9637,-75.1773, ,Philadelphia
 ,6187,2017067359,6,67,67301,2017,6,1,1958,19,4,1,0,7,2, , ,N,0,0,0,3,0,2,2,1,N,N,40 01:58.799,75 01:14.889,2014, ,2005,3,2,2, , ,0,N, , , , ,65083, , , ,1,1,0,0,0,0,0,0,0,0,1,0,2,1,0,0,0,0,0,0,0,0,0,0,0,0,0,0,0,0,0,0,0,0,0,3,0,40.033,-75.0208, ,Philadelphia
 ,6188,2017086902,6,67,67301,2017,6,5,2322,23,3,1,0,6,1, , ,N,0,0,0,3,0,1,2,2,N,N,40 02:47.472,75 05:26.680,2335, ,2329,1,1,2,N, ,0,Y, , , , ,65086, , , ,2,2,0,0,0,0,0,0,0,0,0,0,1,1,0,0,0,0,1,0,1,0,0,0,0,0,0,0,0,0,0,0,0,0,0,8,0,40.0465,-75.0907, ,Philadelphia
 ,6189,2017116204,6,67,67301,2017,10,3,915,9,1,9,0,8,1, , ,N,1,2,0,3,0,1,2,2,N, ,39 57:23.500,75 10:21.241,900, ,900, ,0, , , ,3, , , , , ,65096, , , ,1,1,0,0,0,0,0,0,0,0,0,0,1,1,1,0,0,0,0,0,0,0,0,0,0,0,0,0,0,0,0,0,1,0,0,8,0,39.9565,-75.1726, ,Philadelphia
 ,6190,2017086119,6,67,67301,2017,7,3,110,1,3,1,0,1,1, , ,N,1,2,0,3,0,1,2,2,N,N,39 57:39.481,75 10:30.590,215, ,211, ,0, ,N, ,3, , , , , ,65108, , , ,2,0,1,0,0,0,1,0,0,0,0,1,1,0,0,0,0,0,0,0,0,0,0,0,0,0,0,0,0,0,0,0,0,0,0,4,0,39.961,-75.1752, ,Philadelphia
 ,6191,2017122809,6,67,67301,2017,10,2,822,8,1,2,1,8,1, , ,N,0,2,7,3,0,1,2,2,N,N,40 02:54.684,75 03:40.613,835, ,833, ,0, , , ,3, , , , , ,65110, , , ,1,1,0,0,0,0,0,0,0,0,0,1,1,0,0,0,0,0,0,0,1,0,0,1,0,0,0,0,0,0,0,0,1,0,0,4,0,40.0485,-75.0613, ,Philadelphia
 ,6192,2017104019,6,67,67301,2017,9,2,836,8,1,1,0,1,1, , ,N,0,0,0,3,0,0,3,2,N,N,39 57:35.535,75 10:40.009,858, ,840, ,0, , , ,0, , , , , ,65117, , , ,2,1,0,0,0,0,1,0,0,0,0,0,0,0,0,0,0,0,0,0,0,0,0,1,0,0,0,0,0,0,0,0,0,0,0,0,0,39.9599,-75.1778, ,Philadelphia
 ,6193,2017116065,6,67,67301,2017,10,3,1705,17,1,1,0,8,1, , ,N,1,2,0,3,0,1,2,2,N,N,39 56:36.138,75 13:56.392,1705, ,1705, ,0, ,N, ,3, , , , , ,56163, , , ,1,1,0,0,0,0,0,0,0,0,1,0,1,0,0,0,0,0,0,0,0,0,0,0,0,0,0,0,0,0,0,0,1,0,0,3,0,39.9434,-75.2323, ,Philadelphia
Y,6194,2017107633,6,67,67301,2017,10,2,2232,22,3,1,0,1,1,2,2,Y,0,0,0,3,0,1,3,2,N,N,39 59:32.886,75 05:07.326,2245,55,2245, ,0, , , ,0, ,Y,N,N,Y,56166,Y,N,N,2,1,0,0,0,0,1,0,0,0,0,1,1,0,0,0,0,0,0,0,0,0,0,0,0,0,0,0,0,0,0,0,0,0,0,4,0,39.9925,-75.0854, ,Philadelphia
 ,6195,2017091762,6,67,67301,2017,8,2,1812,18,1,1,0,5,1, , ,N,0,0,0,3,0,1,2,2,N, ,39 57:02.464,75 09:00.683,1816, ,1813, ,0, , , ,0, , , , , ,56167, , , ,1,0,0,1,0,0,0,0,1,0,0,0,1,1,0,0,0,0,0,0,0,0,0,0,0,0,0,0,0,0,0,0,0,0,0,8,1,39.9507,-75.1502, ,Philadelphia
 ,6196,2017088889,6,67,67301,2017,8,3,1055,10,1,1,0,4,1, , ,N,1,2,0,3,0,2,3,2,N, ,40 02:06.022,75 04:09.823,1105, ,1059, ,0, , , ,3, , , , , ,56171, , , ,2,1,0,0,0,0,1,0,0,0,0,2,2,0,0,0,0,0,0,0,1,0,0,0,0,0,0,0,0,0,0,0,0,0,0,4,0,40.035,-75.0694, ,Philadelphia
 ,6197,2017092717,6,67,67301,2017,8,2,2102,21,2,1,0,5,1, , ,N,0,0,0,3,0,0,2,2,N,N,39 59:59.227,75 04:48.799,2117, ,2105, ,0, , , ,0, , , , , ,56173, , , ,2,1,0,0,0,0,0,0,0,0,0,0,0,0,1,0,0,0,0,0,0,0,0,0,0,0,0,0,0,0,0,0,0,0,0,9,0,39.9998,-75.0802, ,Philadelphia
 ,6198,2017041355,6,67,67301,2017,4,7,1252,12,1,1,0,5,1, , ,N,2,0,0,3,0,0,4,2,N,N,39 58:04.238,75 09:36.548,1335, ,1325, ,0, ,N, ,0, , , , , ,56213, , , ,2,1,0,0,0,1,0,0,0,0,0,0,0,0,0,0,0,0,0,0,0,0,0,0,0,0,0,0,0,0,0,0,0,0,0,0,1,39.9678,-75.1602, ,Philadelphia
 ,6199,2017033523,6,67,67301,2017,2,1,402,4,3,1,0,7,4, , ,N,0,0,0,3,0,0,1,1,N,N,40 00:02.390,75 09:29.250,405, ,403,2,2,5, , ,0,N, , , , ,56217, , , ,1,0,0,0,0,0,1,0,0,0,0,0,0,0,1,0,0,0,0,0,0,0,0,0,0,0,0,0,0,0,0,0,0,0,0,9,0,40.0007,-75.1581, ,Philadelphia
 ,6200,2017029001,6,67,67301,2017,2,7,520,5,3,1,0,7,4, , ,N,2,2,0,3,0,2,3,1,N,N,40 02:37.008,75 01:10.329,530, ,520, ,0, ,N, ,3, , , , , ,56219, , , ,1,0,0,1,0,0,0,0,0,0,0,2,2,0,0,0,0,0,0,0,0,0,0,0,0,0,0,0,0,0,0,0,0,0,0,4,1,40.0436,-75.0195, ,Philadelphia
 ,6201,2017028820,6,67,67301,2017,2,6,1750,17,3,1,0,5,6, , ,N,0,0,0,3,0,0,1,2,N,N,40 05:03.030,75 03:09.885,1805, ,1756,1,1,3,N, ,0,N, , , , ,56223, , , ,2,2,0,0,0,0,0,0,0,0,0,0,0,0,0,0,0,0,0,0,1,0,0,0,0,0,0,0,0,0,0,0,0,0,0,0,0,40.0842,-75.0527, ,Philadelphia
 ,6202,2017060554,6,67,67301,2017,5,4,55,0,3,1,0,4,1, , ,N,1,2,0,3,0,1,2,2,N, ,39 54:19.871,75 10:26.843,105, ,58,2,1,3, , ,3,Y, , , , ,56239, , , ,2,1,0,0,0,0,1,0,0,0,1,0,1,0,0,0,0,0,0,0,1,0,0,1,0,0,0,0,0,0,0,0,0,0,0,3,0,39.9055,-75.1741, ,Philadelphia
 ,6203,2017058234,6,67,67301,2017,5,3,825,8,1,1,0,4,1, , ,N,1,2,0,3,0,1,2,2,N,N,39 56:48.192,75 09:45.448,833, ,827, ,0, ,N, ,3, , , , , ,56251, , , ,1,0,0,0,0,1,0,0,1,0,0,0,1,1,0,0,0,0,0,0,0,0,0,0,0,0,0,0,0,0,0,0,0,0,0,8,1,39.9467,-75.1626, ,Philadelphia
 ,6204,2017076345,6,67,67301,2017,6,3,1640,16,1,1,0,4,1, , ,N,0,0,0,3,0,2,3,3,N,N,40 04:04.351,75 09:23.559,1642, ,1642,2,1,5,N, ,0,Y, , , , ,56258, , , ,3,1,2,0,0,0,0,0,0,0,0,0,2,2,0,0,0,0,0,0,0,1,0,0,0,0,0,0,0,0,0,0,0,0,0,8,0,40.0679,-75.1565, ,Philadelphia
 ,6205,2017117224,6,67,67301,2017,10,4,1122,11,1,1,0,8,1, , ,N,0,0,0,3,0,1,2,2,N, ,39 58:25.572,75 09:50.176,1153, ,1153, ,0, , , ,0, , , , , ,56284, , , ,1,0,0,0,0,0,0,0,0,0,0,0,1,1,0,0,0,0,0,0,0,0,0,0,0,0,0,0,0,0,0,0,1,0,0,8,0,39.9738,-75.1639, ,Philadelphia
 ,6206,2017096500,6,67,67301,2017,8,2,1518,15,1,1,0,4,1, , ,N,1,3,0,3,0,2,2,3,N, ,40 00:47.289,75 09:24.926,1542, ,1542, ,0, , , ,3, , , , , ,56292, , , ,3,2,0,0,0,0,1,0,0,0,0,2,2,0,0,0,0,0,0,0,1,0,1,1,0,0,0,0,0,0,0,0,0,0,0,4,0,40.0131,-75.1569, ,Philadelphia
 ,6207,2017097992,6,67,67301,2017,9,3,1145,11,1,1,0,8,1, , ,N,0,0,7,3,0,1,2,2,N, ,40 01:33.641,75 01:54.883,9999, ,9999, ,0, , , ,0, , , , , ,56315, , , ,1,1,0,0,0,0,0,0,0,0,1,0,1,0,0,0,0,0,0,0,0,0,0,1,0,0,0,0,0,0,0,0,1,0,0,3,0,40.026,-75.0319, ,Philadelphia
 ,6208,2017096453,6,67,67301,2017,8,1,2110,21,3,1,0,4,1, , ,N,1,2,0,3,0,4,5,2,N,N,40 02:17.896,75 04:31.313,2116, ,2110,2,2,5, , ,3,Y, , , , ,56325, , , ,2,2,0,0,0,0,0,0,0,0,0,4,4,0,0,0,0,1,0,0,0,0,0,0,0,0,0,0,0,0,0,0,0,0,0,4,0,40.0383,-75.0754, ,Philadelphia
 ,6209,2017086657,6,67,67301,2017,2,7,202,2,3,1,0,2,6, , ,N,0,0,0,3,0,0,1,2,N,N,39 57:12.768,75 13:05.399,203, ,203, ,0, ,N, ,0, , , , , ,56367, , , ,2,1,0,0,1,0,0,0,0,0,0,0,0,0,0,0,0,0,0,0,1,0,0,0,0,0,0,0,0,0,0,0,0,0,0,0,0,39.9535,-75.2182, ,Philadelphia
 ,6210,2017091174,6,67,67301,2017,8,4,1805,18,1,2,1,1,1, , ,N,0,0,0,3,0,1,2,2,N, ,40 02:45.700,75 14:54.100,1810, ,1809, ,0, , , ,0, , , , , ,56371, , , ,2,2,0,0,0,0,0,0,0,0,0,1,1,0,0,0,0,1,0,0,0,0,0,0,0,0,0,0,0,0,0,0,0,0,0,4,0,40.046,-75.2484, ,Philadelphia
 ,6211,2017120663,6,67,67301,2017,10,7,1605,16,1,9,0,4,1, , ,N,1,2,0,3,0,3,5,2,N,N,39 57:06.123,75 14:12.685,750, ,745, ,0, ,N, ,9, , , , , ,59366, , , ,2,1,0,0,0,0,1,0,0,0,0,0,3,3,1,0,0,0,0,0,1,0,0,0,0,0,0,0,0,0,0,0,0,0,0,8,0,39.9517,-75.2369, ,Philadelphia
 ,6212,2017116202,6,67,67301,2017,10,3,915,9,1,1,0,1,1, , ,N,0,0,0,3,0,1,3,3,N,N,39 57:29.581,75 09:52.409,935, ,929, ,0, ,N, ,0, , , , , ,59367, , , ,3,1,0,0,0,0,1,1,0,0,0,0,1,1,0,0,0,0,0,0,1,0,0,0,0,0,0,0,0,0,0,0,0,0,0,8,0,39.9582,-75.1646, ,Philadelphia
 ,6213,2017116188,6,67,67301,2017,10,7,1851,18,3,1,0,5,6, , ,N,0,0,0,3,0,1,1,2,N,N,40 05:48.829,74 58:33.866,1855, ,1852, ,0, ,N, ,0, , , , , ,59378, , , ,2,1,0,0,0,0,1,0,0,0,0,0,1,1,0,0,0,0,0,0,1,0,0,1,0,0,0,0,0,0,0,0,0,0,0,8,0,40.0969,-74.9761, ,Philadelphia
 ,6214,2017060635,6,67,67301,2017,5,2,2130,21,3,1,0,4,1, , ,N,2,0,0,3,0,1,2,2,N,N,39 59:05.186,75 13:53.381,2140, ,2134, ,0, , , ,0, , , , , ,59390, , , ,2,1,0,0,0,0,0,1,0,0,0,0,1,1,0,0,0,0,0,0,1,0,0,0,0,0,0,0,0,0,0,0,0,0,0,8,0,39.9848,-75.2315, ,Philadelphia
 ,6215,2017041243,6,67,67301,2017,4,5,857,8,1,2,1,5,1, , ,N,0,0,0,3,0,0,2,2,N, ,39 58:55.390,75 13:28.444,955, ,948, ,0, , , ,0, , , , , ,59411, , , ,2,2,0,0,0,0,0,0,0,0,0,0,0,0,0,0,0,0,0,0,0,0,0,1,0,0,0,0,0,0,0,0,0,0,0,0,0,39.9821,-75.2246, ,Philadelphia
 ,6216,2017017688,6,67,67301,2017,2,1,235,2,3,2,1,5,1, , ,N,0,0,0,3,0,0,2,2,N,N,39 57:49.876,75 11:03.267,248, ,241,1,2,4, , ,0,N, , , , ,59443, , , ,2,1,0,0,0,0,1,0,0,0,0,0,0,0,0,0,0,0,0,0,0,0,0,0,0,0,0,0,0,0,0,0,0,0,0,0,0,39.9639,-75.1842, ,Philadelphia
 ,6217,2017021572,6,67,67301,2017,2,4,1829,18,3,1,0,4,1, , ,N,1,2,0,3,0,2,4,3,N,N,39 56:44.329,75 10:23.764,1839, ,1827,2,1,4,N, ,3,N, , , , ,59445, , , ,3,3,0,0,0,0,0,0,0,0,0,2,2,0,0,0,0,0,0,0,1,0,0,0,0,0,0,0,0,0,0,0,0,0,0,4,0,39.9456,-75.1733, ,Philadelphia
 ,6218,2017010610,6,67,67301,2017,1,2,1250,12,1,1,1,4,1, , ,N,1,2,0,3,0,2,2,2,N,N,40 02:44.934,74 59:40.960,1300, ,1252,1,1,7,N, ,3,N, , , , ,59448, , , ,2,2,0,0,0,0,0,0,0,0,0,2,2,0,0,0,0,0,0,0,0,0,0,1,0,0,0,0,0,0,0,0,0,0,0,4,0,40.0458,-74.9947, ,Philadelphia
 ,6219,2017052241,6,67,67301,2017,4,2,1930,19,3,1,0,4,1, , ,N,1,2,0,3,0,1,2,2,N,N,39 59:49.970,75 07:09.559,1950, ,1940, ,0, ,N, ,3, , , , , ,59476, , , ,1,1,0,0,0,0,0,0,1,0,0,0,1,1,0,0,0,0,0,0,1,0,0,0,0,0,0,0,0,0,0,0,0,0,0,8,0,39.9972,-75.1194, ,Philadelphia
 ,6220,2017052327,6,67,67301,2017,4,7,648,6,1,1,0,4,1, , ,N,1,2,0,3,1,2,3,2,N,N,40 03:01.058,75 07:01.571,9999, ,813,1,2,6,Y,0,3,Y, , , , ,59477, , , ,2,1,0,0,0,0,1,0,0,0,0,2,2,0,0,0,0,0,0,0,0,0,1,0,0,0,0,0,0,0,0,0,0,0,0,1,0,40.0475,-75.1124,2,Philadelphia
 ,6221,2017060487,6,67,67301,2017,5,3,2114,21,2,1,0,5,6, , ,N,0,0,0,3,0,1,1,2,N, ,39 57:40.716,75 12:24.129,2118, ,2114,2,2,5, , ,0,N, , , , ,59484, , , ,2,0,0,0,0,0,2,0,0,0,0,1,1,0,0,0,0,0,0,0,0,0,0,0,0,0,0,0,0,0,0,0,0,0,0,4,0,39.9613,-75.2067, ,Philadelphia
 ,6222,2017071752,6,67,67301,2017,2,3,930,9,1,1,0,5,1, , ,N,0,0,0,3,0,1,3,3,N,N,40 00:55.753,75 10:35.866,0, ,0, ,0, ,N, ,0, , , , , ,59488, , , ,2,0,0,0,0,0,2,0,0,0,0,0,1,1,0,0,0,0,0,0,1,0,0,0,0,0,0,0,0,0,0,0,0,0,0,8,0,40.0155,-75.1766, ,Philadelphia
 ,6223,2017082261,6,67,67301,2017,6,3,1522,15,1,1,0,7,3, , ,N,0,0,0,3,0,1,3,3,N,N,39 58:16.908,75 11:36.074,1528, ,1524, ,0, , , ,0, , , , , ,59494, , , ,3,3,0,0,0,0,0,0,0,0,0,0,1,1,0,0,0,0,0,0,0,0,0,0,0,0,0,0,0,0,0,0,0,0,0,8,0,39.9708,-75.1931, ,Philadelphia
 ,6224,2017120543,6,67,67301,2017,10,3,630,6,6,2,1,0,1, , ,N,0,0,0,3,0,0,1,1,N, ,39 56:09.827,75 13:20.151,825, ,745,9,1,4, , ,0,Y, , , , ,59511, , , ,1,1,0,0,0,0,0,0,0,0,0,0,0,0,0,0,0,0,0,0,0,0,0,0,0,0,0,0,0,0,0,0,0,0,0,0,0,39.9361,-75.2223, ,Philadelphia
 ,6225,2017096473,6,67,67301,2017,8,2,1736,17,1,1,0,4,1, , ,N,2,0,0,3,0,1,2,2,N,N,40 02:22.781,75 04:46.251,1745, ,1737, ,0, ,N, ,0, , , , , ,59518, , , ,2,1,0,0,0,0,1,0,0,0,0,0,1,1,0,0,0,0,0,0,0,0,0,0,0,0,0,0,0,0,0,0,0,0,0,8,0,40.0397,-75.0795, ,Philadelphia
 ,6226,2017091166,6,67,67301,2017,8,6,1650,16,1,1,0,4,1, , ,N,0,0,0,3,0,1,6,2,N, ,40 03:33.640,75 04:36.638,1725, ,1720,1,1,1, , ,0,Y, , , , ,59556, , , ,2,0,0,0,0,0,2,0,0,0,0,1,1,0,0,0,0,0,0,0,0,0,0,0,0,0,0,0,0,0,0,0,0,0,0,4,0,40.0593,-75.0768, ,Philadelphia