wz_ln_closure,objectid_1,crn,district,county,municipality,crash_year,crash_month,day_of_week,time_of_day,hour_of_day,illumination,weather,road_condition,collision_type,relation_to_road,work_zone_type,work_zone_loc,work_zone_ind,intersect_type,tcd_type,location_type,urban_rural,fatal_count,injury_count,person_count,total_units,sch_bus_ind,sch_zone_ind,latitude,longitude,arrival_tm,cons_zone_spd_lim,dispatch_tm,est_hrs_closed,lane_closed,ln_close_dir,ntfy_hiwy_maint,spec_juris_cd,tcd_func_cd,tfc_detour_ind,workers_pres,wz_close_detour,wz_flagger,wz_law_offcr_ind,objectid,wz_moving,wz_other,wz_shlder_mdn,vehicle_count,automobile_count,motorcycle_count,bus_count,small_truck_count,heavy_truck_count,suv_count,van_count,bicycle_count,maj_inj_count,mod_inj_count,min_inj_count,tot_inj_count,unk_inj_deg_count,unk_inj_per_count,driver_count_16yr,driver_count_17yr,driver_count_18yr,driver_count_19yr,driver_count_20yr,driver_count_50_64yr,driver_count_65_74yr,driver_count_75plus,unbelted_occ_count,unb_death_count,unb_maj_inj_count,belted_death_count,belted_maj_inj_count,mcycle_death_count,mcycle_maj_inj_count,bicycle_death_count,bicycle_maj_inj_count,ped_count,ped_death_count,ped_maj_inj_count,max_severity_level,comm_veh_count,dec_lat,dec_long,rdwy_surf_type_cd,county_name
 ,6291,2017088872,6,67,67301,2017,7,2,1242,12,1,1,0,4,1, , ,N,1,2,1,3,0,3,3,2,N,N,39 57:42.279,75 14:19.648,1244, ,1244,3,2,7,N, ,3,Y, , , , ,59648, , , ,2,1,0,0,0,0,1,0,0,0,0,2,3,1,0,0,0,0,0,0,0,1,0,2,0,0,0,0,0,0,0,0,0,0,0,4,0,39.9616,-75.2388, ,Philadelphia
 ,6292,2017097812,6,67,67301,2017,7,7,1450,14,1,1,0,4,1, , ,N,1,2,0,3,0,3,5,3,N,N,39 57:15.642,75 13:26.511,1516, ,1506, ,0, ,N, ,1, , , , , ,59655, , , ,3,3,0,0,0,0,0,0,0,0,0,2,3,1,0,0,0,0,0,0,1,0,0,0,0,0,0,0,0,0,0,0,0,0,0,4,0,39.9543,-75.224, ,Philadelphia
 ,6293,2017108017,6,67,67301,2017,9,7,730,7,1,1,0,5,6, , ,N,0,0,0,3,0,0,1,4,N,N,39 59:11.985,75 07:43.792,825, ,823, ,0, ,N, ,0, , , , , ,59706, , , ,4,2,0,0,1,0,1,0,0,0,0,0,0,0,0,0,0,0,0,0,0,0,0,0,0,0,0,0,0,0,0,0,0,0,0,0,0,39.9867,-75.1288, ,Philadelphia
 ,6294,2017086691,6,67,67301,2017,3,2,1100,11,1,1,0,4,1, , ,N,1,3,0,3,0,0,2,2,N,N,39 58:21.021,75 09:36.266,1120, ,1115, ,0, ,N, ,3, , , , , ,59729, , , ,2,2,0,0,0,0,0,0,0,0,0,0,0,0,0,0,0,0,0,0,1,0,0,0,0,0,0,0,0,0,0,0,0,0,0,0,0,39.9725,-75.1601, ,Philadelphia
 ,6295,2017097949,6,67,67301,2017,9,6,836,8,1,1,0,8,1, , ,N,5,2,0,3,0,1,2,2,N, ,40 00:35.379,75 09:03.622,836, ,836,1,1,2, , ,3,N, , , , ,59747, , , ,1,0,0,0,0,0,0,1,0,0,0,0,1,1,0,0,0,0,0,0,0,0,0,0,0,0,0,0,0,0,0,0,1,0,0,8,0,40.0098,-75.151, ,Philadelphia
 ,6296,2017110248,6,67,67301,2017,10,2,2343,23,3,1,0,1,1, , ,N,0,0,3,3,0,1,2,2,N,N,39 54:25.600,75 08:27.600,2345, ,2345, ,0, ,N, ,0, , , , , ,59756, , , ,2,0,0,0,0,0,1,1,0,0,0,0,1,1,0,0,0,0,0,0,1,0,0,1,0,0,0,0,0,0,0,0,0,0,0,8,0,39.9071,-75.141, ,Philadelphia
 ,6297,2017112170,6,67,67301,2017,10,6,717,7,1,1,0,4,1, , ,N,0,0,0,3,0,1,2,2,N,N,39 58:30.764,75 06:59.734,727, ,722, ,0, , , ,0, , , , , ,59759, , , ,2,1,0,0,0,1,0,0,0,0,0,0,1,1,0,0,0,0,0,0,1,0,0,0,0,0,0,0,0,0,0,0,0,0,0,8,1,39.9752,-75.1166, ,Philadelphia
 ,6298,2017109788,6,67,67301,2017,9,2,1707,17,1,1,0,4,1, , ,N,1,2,0,3,0,0,3,2,N, ,40 02:12.235,75 03:52.193,1745, ,1732, ,0, , , ,3, , , , , ,59762, , , ,2,2,0,0,0,0,0,0,0,0,0,0,0,0,0,0,0,0,1,0,0,0,0,0,0,0,0,0,0,0,0,0,0,0,0,0,0,40.0367,-75.0645, ,Philadelphia
 ,6299,2017070511,6,67,67301,2017,6,1,1809,18,1,1,0,4,1, , ,N,1,3,0,3,0,1,2,2,N,N,40 03:50.306,75 03:34.568,1859, ,1858, ,0, , , ,3, , , , , ,59769, , , ,2,2,0,0,0,0,0,0,0,0,0,1,1,0,0,0,0,0,0,0,2,0,0,0,0,0,0,0,0,0,0,0,0,0,0,4,0,40.064,-75.0596, ,Philadelphia
 ,6300,2017007741,6,67,67301,2017,1,2,1500,15,1,2,1,4,1, , ,N,1,3,0,3,0,1,3,2,N,N,39 59:27.276,75 06:17.600,1725, ,1710, ,0, , , ,3, , , , , ,59778, , , ,2,1,0,0,1,0,0,0,0,0,0,1,1,0,0,0,0,0,0,0,0,0,0,0,0,0,0,0,0,0,0,0,0,0,0,4,0,39.9909,-75.1049, ,Philadelphia
 ,6301,2017096583,6,67,67301,2017,8,4,135,1,3,2,1,4,1, , ,N,1,3,0,3,0,0,1,3,N, ,40 01:35.781,75 03:13.147,143, ,139,3,2,1, , ,3,Y, , , , ,62933, , , ,3,0,0,0,0,0,3,0,0,0,0,0,0,0,0,0,0,0,0,1,0,0,0,0,0,0,0,0,0,0,0,0,0,0,0,0,0,40.0266,-75.0537, ,Philadelphia
 ,6302,2017090942,6,67,67301,2017,9,2,1755,17,1,1,0,1,1, , ,N,0,0,0,3,0,0,3,2,N,N,39 58:47.337,75 09:27.646,1759, ,1757, ,0, ,N, ,0, , , , , ,62934, , , ,2,0,0,0,0,0,2,0,0,0,0,0,0,0,0,0,0,0,0,0,1,0,0,1,0,0,0,0,0,0,0,0,0,0,0,0,0,39.9798,-75.1577, ,Philadelphia
 ,6303,2017060648,6,67,67301,2017,5,4,600,6,1,1,0,4,1, , ,N,1,2,0,3,0,1,2,2,N, ,39 57:29.275,75 09:01.648,603, ,601,1,1,4, , ,3,Y, , , , ,62946, , , ,2,1,0,0,0,0,0,1,0,0,0,1,1,0,0,0,0,0,0,0,0,0,0,0,0,0,0,0,0,0,0,0,0,0,0,4,0,39.9581,-75.1505, ,Philadelphia
 ,6304,2017076243,6,67,67301,2017,6,4,1022,10,1,1,0,8,1, , ,N,1,2,0,3,0,1,2,2,N,N,39 56:56.539,75 08:57.156,1024, ,1024, ,0, ,N, ,3, , , , , ,62957, , , ,1,0,0,0,0,0,1,0,0,0,0,1,1,0,0,0,0,0,0,0,0,1,0,1,0,0,0,0,0,0,0,0,1,0,0,4,0,39.949,-75.1492, ,Philadelphia
 ,6305,2017088942,6,67,67301,2017,8,1,1900,19,1,1,0,8,1, , ,N,1,3,0,3,0,2,4,4,N,N,40 03:59.133,75 03:15.246,1935, ,1929, ,0, ,N, ,3, , , , , ,62968, , , ,1,1,0,0,0,0,0,0,0,0,0,0,2,2,1,0,0,0,0,0,0,0,0,1,0,0,0,0,0,0,0,0,3,0,0,8,0,40.0664,-75.0542, ,Philadelphia
 ,6306,2017088764,6,67,67301,2017,8,6,2300,23,3,1,0,1,1, , ,N,2,0,0,3,0,4,4,2,N,N,39 59:51.522,75 09:31.334,9999, ,24, ,0, , , ,0, , , , , ,62974, , , ,2,1,0,0,0,0,1,0,0,0,0,4,4,0,0,0,0,0,0,0,1,0,0,0,0,0,0,0,0,0,0,0,0,0,0,4,0,39.9976,-75.1587, ,Philadelphia
 ,6307,2017086935,6,67,67301,2017,1,1,630,6,5,1,0,4,1, , ,N,1,4,0,3,0,1,3,3,N, ,40 00:29.331,75 04:20.880,715, ,700, ,0, , , ,3, , , , , ,62975, , , ,3,3,0,0,0,0,0,0,0,0,0,0,1,1,0,0,0,0,0,0,0,0,0,0,0,0,0,0,0,0,0,0,0,0,0,8,0,40.0081,-75.0725, ,Philadelphia
 ,6308,2017120672,6,67,67301,2017,10,7,2157,21,3,1,0,5,6, , ,N,0,0,0,3,0,0,1,2,N,N,39 57:01.623,75 12:29.577,2206, ,2201,3,2,3,N, ,0,N, , , , ,62980, , , ,2,1,0,0,0,0,1,0,0,0,0,0,0,0,0,0,0,0,0,0,0,0,0,0,0,0,0,0,0,0,0,0,0,0,0,0,0,39.9505,-75.2082, ,Philadelphia
 ,6309,2017111780,6,67,67301,2017,10,1,1130,11,1,1,0,7,4, , ,N,0,0,8,3,1,0,1,3,N,N,39 57:19.647,75 08:28.331,1133, ,1131, ,0, ,N,0,0, , , , , ,62983, , , ,3,0,1,0,0,0,0,2,0,0,0,0,0,0,0,0,0,0,0,0,0,0,0,0,0,0,0,0,1,0,0,0,0,0,0,1,2,39.9555,-75.1412,1,Philadelphia
 ,6310,2017117284,6,67,67301,2017,10,4,1050,10,1,1,0,7,2, , ,N,0,0,0,3,0,0,2,2,N,N,39 55:43.761,75 11:48.924,1107, ,1050,1,2,3, , ,0,Y, , , , ,62984, , , ,2,0,0,0,1,0,0,1,0,0,0,0,0,0,0,0,0,0,0,0,1,1,0,0,0,0,0,0,0,0,0,0,0,0,0,0,0,39.929,-75.1971, ,Philadelphia
 ,6311,2017058380,6,67,67301,2017,5,2,10,0,3,1,0,4,1, , ,N,1,2,0,3,0,1,2,2,N,N,40 01:41.678,75 05:05.341,36, ,24, ,0, , , ,3, , , , , ,62996, , , ,2,2,0,0,0,0,0,0,0,0,0,1,1,0,0,0,0,0,0,0,0,0,0,0,0,0,0,0,0,0,0,0,0,0,0,4,0,40.0282,-75.0848, ,Philadelphia
 ,6312,2017060661,6,67,67301,2017,5,5,1000,10,1,1,0,4,1, , ,N,0,2,7,3,0,1,2,2,N,N,40 03:22.083,75 13:57.722,1011, ,1007, ,0, , , ,3, , , , , ,63000, , , ,2,1,0,0,0,0,1,0,0,0,0,1,1,0,0,0,0,0,0,0,1,0,0,1,0,0,0,0,0,0,0,0,0,0,0,4,0,40.0562,-75.2327, ,Philadelphia
 ,6313,2017116145,6,67,67301,2017,10,4,1834,18,4,1,0,8,1, , ,N,1,0,0,3,0,1,2,2,N, ,40 00:29.033,75 06:19.784,230, ,205, ,0, , , ,0, , , , , ,63013, , , ,1,0,0,0,0,0,0,1,0,0,0,1,1,0,0,0,0,0,0,0,1,0,0,0,0,0,0,0,0,0,0,0,1,0,0,4,0,40.0081,-75.1055, ,Philadelphia
 ,6314,2017127465,6,67,67301,2017,11,3,1253,12,1,1,0,4,1, , ,N,1,3,0,3,0,3,5,2,N,N,40 03:04.985,75 08:54.866,1310, ,1258, ,0, ,N, ,3, , , , , ,63035, , , ,2,2,0,0,0,0,0,0,0,0,0,3,3,0,0,0,0,0,0,0,0,1,0,5,0,0,0,0,0,0,0,0,0,0,0,4,0,40.0514,-75.1486, ,Philadelphia
 ,6315,2017070519,6,67,67301,2017,6,4,1301,13,1,1,0,4,1, , ,N,1,2,0,3,0,0,2,2,N, ,40 01:01.180,75 11:17.957,1337, ,1333, ,0, , , ,3, , , , , ,63051, , , ,2,1,0,0,0,0,0,1,0,0,0,0,0,0,2,0,0,0,0,0,0,0,0,0,0,0,0,0,0,0,0,0,0,0,0,9,0,40.017,-75.1883, ,Philadelphia
 ,6316,2017097905,6,67,67301,2017,9,3,750,7,1,1,0,4,1, , ,N,1,2,0,3,0,2,2,2,N,N,40 02:05.655,75 11:03.688,835, ,825,2,1,7,N, ,3,Y, , , , ,63070, , , ,2,2,0,0,0,0,0,0,0,0,1,1,2,0,0,0,0,0,0,0,1,0,0,0,0,0,0,0,0,0,0,0,0,0,0,3,0,40.0349,-75.1844, ,Philadelphia
 ,6317,2017091741,6,67,67301,2017,8,5,100,1,3,1,0,7,4, , ,N,1,3,0,3,0,1,1,1,N,N,40 02:36.265,75 01:47.270,205, ,201, ,0, ,N, ,3, , , , , ,63072, , , ,1,1,0,0,0,0,0,0,0,0,0,1,1,0,0,0,0,0,0,0,0,0,0,0,0,0,0,0,0,0,0,0,0,0,0,4,0,40.0434,-75.0298, ,Philadelphia
 ,6318,2017088821,6,67,67301,2017,8,1,1540,15,1,1,0,1,1, , ,N,0,0,0,3,0,2,3,2,N,N,40 05:25.510,75 01:58.770,1603, ,1603, ,0, ,N, ,0, , , , , ,63073, , , ,2,2,0,0,0,0,0,0,0,0,0,0,2,2,1,0,0,0,0,1,0,0,0,0,0,0,0,0,0,0,0,0,0,0,0,8,0,40.0904,-75.033, ,Philadelphia
 ,6319,2017078715,6,67,67301,2017,7,2,1556,15,1,1,0,4,1, , ,N,1,2,0,3,0,0,2,2,N,N,40 02:11.464,75 10:49.411,1600, ,1558, ,0, , , ,3, , , , , ,65560, , , ,2,2,0,0,0,0,0,0,0,0,0,0,0,0,0,0,0,0,0,0,0,0,0,0,0,0,0,0,0,0,0,0,0,0,0,0,0,40.0365,-75.1804, ,Philadelphia
 ,6320,2017067712,6,67,67301,2017,5,6,1725,17,1,1,0,4,1, , ,N,0,0,0,3,0,1,2,2,N,N,40 02:58.122,75 08:32.460,1730, ,1727,2,2,1,N, ,0,N, , , , ,65564, , , ,2,0,0,0,1,0,1,0,0,0,0,1,1,0,0,0,0,0,0,0,0,0,1,0,0,0,0,0,0,0,0,0,0,0,0,4,0,40.0495,-75.1424, ,Philadelphia
 ,6321,2017067845,6,67,67301,2017,5,1,715,7,1,1,0,1,6, , ,N,0,0,0,3,0,0,2,2,N,N,39 57:24.843,75 13:10.058,745, ,740, ,0, ,N, ,0, , , , , ,65566, , , ,2,0,0,0,0,1,1,0,0,0,0,0,0,0,0,0,0,0,0,0,0,0,0,0,0,0,0,0,0,0,0,0,0,0,0,0,1,39.9569,-75.2195, ,Philadelphia
 ,6322,2017068203,6,67,67301,2017,6,2,447,4,5,1,0,7,4, , ,N,0,0,2,3,0,0,1,1,N,N,40 00:12.603,75 04:39.669,507, ,449,1,1,2, , ,0,N, , , , ,65584, , , ,1,0,0,0,0,0,1,0,0,0,0,0,0,0,0,0,0,0,0,0,0,0,0,1,0,0,0,0,0,0,0,0,0,0,0,0,0,40.0035,-75.0777, ,Philadelphia
 ,6323,2017097791,6,67,67301,2017,8,4,1227,12,1,1,0,6,6, , ,N,0,0,0,3,0,1,1,4,N,N,39 59:17.383,75 10:59.518,1232, ,1229,4,2,6,N, ,0,Y, , , , ,65591, , , ,4,4,0,0,0,0,0,0,0,0,0,0,1,1,0,0,0,0,0,0,1,0,0,1,0,0,0,0,0,0,0,0,0,0,0,8,0,39.9882,-75.1832, ,Philadelphia
 ,6324,2017088792,6,67,67301,2017,8,3,128,1,3,8,1,7,4, , ,N,1,2,0,3,0,0,1,1,N, ,40 00:38.955,75 07:35.936,9999, ,129, ,0, , , ,3, , , , , ,65594, , , ,1,0,0,0,0,0,0,1,0,0,0,0,0,0,0,0,0,0,0,0,0,0,0,0,0,0,0,0,0,0,0,0,0,0,0,0,0,40.0108,-75.1266, ,Philadelphia
Y,6325,2017096952,6,67,67301,2017,9,2,1010,10,1,1,0,7,4,2,4,Y,0,0,3,3,0,0,1,1,N,N,39 54:19.000,75 07:48.300,1025,35,1020,1,2,3,N, ,0,N,Y, , ,N,65623, , , ,1,0,0,0,0,1,0,0,0,0,0,0,0,0,0,0,0,0,0,0,1,0,0,0,0,0,0,0,0,0,0,0,0,0,0,0,1,39.9053,-75.1301, ,Philadelphia
 ,6326,2017068045,6,67,67301,2017,5,2,2115,21,3,1,0,8,4, , ,N,1,2,0,3,0,1,2,2,N, ,39 57:36.122,75 13:29.468,2125, ,2119, ,0, , , ,3, , , , , ,65652, , , ,1,0,0,1,0,0,0,0,0,0,0,1,1,0,0,0,0,0,0,0,1,0,0,0,0,0,0,0,0,0,0,0,1,0,0,4,1,39.96,-75.2249, ,Philadelphia
 ,6327,2017109864,6,67,67301,2017,9,6,714,7,1,1,0,8,1, , ,N,0,0,0,3,0,1,2,2,N,N,40 01:46.312,75 03:21.817,720, ,714, ,0, ,N, ,0, , , , , ,65681, , , ,1,0,0,0,0,0,1,0,0,0,0,1,1,0,0,0,0,0,0,0,0,0,0,1,0,0,0,0,0,0,0,0,1,0,0,4,0,40.0295,-75.0561, ,Philadelphia
 ,6328,2017078578,6,67,67301,2017,7,2,1318,13,1,1,0,1,1, , ,N,0,0,0,3,0,1,4,3,N,N,40 01:21.980,75 02:11.980,1331, ,1318, ,0, , , ,0, , , , , ,65699, , , ,3,1,0,0,0,0,2,0,0,0,0,0,1,1,0,0,0,0,0,0,2,0,0,0,0,0,0,0,0,0,0,0,0,0,0,8,0,40.0228,-75.0367, ,Philadelphia
 ,6329,2017067889,6,67,67301,2017,6,3,1755,17,1,1,0,5,1, , ,N,0,0,0,3,0,1,2,2,N,N,40 01:52.610,75 03:47.265,1755, ,1755, ,0, , , ,0, , , , , ,65703, , , ,2,2,0,0,0,0,0,0,0,0,0,0,1,1,0,0,0,0,0,0,1,1,0,0,0,0,0,0,0,0,0,0,0,0,0,8,0,40.0312,-75.0631, ,Philadelphia
 ,6330,2017076192,6,67,67301,2017,6,7,1325,13,1,1,0,5,6, , ,N,0,0,0,3,0,1,1,3,N,N,40 00:32.963,75 07:19.672,1328, ,1325, ,0, ,N, ,0, , , , , ,65724, , , ,3,2,0,0,0,0,1,0,0,0,0,0,1,1,0,0,0,0,0,0,0,0,0,0,0,0,0,0,0,0,0,0,0,0,0,8,0,40.0092,-75.1221, ,Philadelphia
 ,6331,2017086290,6,67,67301,2017,7,6,800,8,1,1,0,4,1, , ,N,0,0,7,3,0,2,3,3,N, ,39 54:48.600,75 09:00.800,812, ,803, ,0, , , ,0, , , , , ,65737, , , ,3,2,0,0,0,0,1,0,0,0,0,0,2,2,0,0,0,0,0,0,1,0,0,3,0,0,0,0,0,0,0,0,0,0,0,8,0,39.9135,-75.1502, ,Philadelphia
 ,6332,2017088778,6,67,67301,2017,8,4,1830,18,1,1,1,4,1, , ,N,1,2,0,3,0,1,3,2,N,N,40 03:16.929,75 07:29.472,1845, ,1840, ,0, , , ,3, , , , , ,65740, , , ,2,2,0,0,0,0,0,0,0,0,0,1,1,0,0,0,0,0,0,0,0,0,0,0,0,0,0,0,0,0,0,0,0,0,0,4,0,40.0546,-75.125, ,Philadelphia
 ,6333,2017041196,6,67,67301,2017,3,3,1830,18,4,8,1,4,1, , ,N,1,2,0,3,0,4,4,2,N, ,39 58:02.859,75 13:54.599,1830, ,1830,3,1,3, , ,3,Y, , , , ,65746, , , ,2,1,0,0,0,0,1,0,0,0,1,3,4,0,0,1,0,0,0,0,0,0,0,0,0,0,0,0,0,0,0,0,0,0,0,3,0,39.9675,-75.2318, ,Philadelphia
 ,6334,2017088737,6,67,67301,2017,8,6,2225,22,3,1,0,8,1, , ,N,0,0,0,3,1,0,2,2,N,N,39 59:50.087,75 07:10.469,2315, ,2305,3,1,6,N,0,0,N, , , , ,65757, , , ,1,1,0,0,0,0,0,0,0,0,0,0,0,0,0,0,0,0,0,0,0,0,0,1,0,0,0,0,0,0,0,0,1,1,0,1,0,39.9972,-75.1196,2,Philadelphia
 ,6335,2017087124,6,67,67301,2017,8,4,649,6,1,1,0,1,1, , ,N,7,0,2,3,0,1,2,2,N,N,39 57:31.441,75 08:26.459,733, ,658, ,0, , , ,0, , , , , ,65760, , , ,2,2,0,0,0,0,0,0,0,0,0,0,1,1,0,0,0,0,0,0,0,0,0,0,0,0,0,0,0,0,0,0,0,0,0,8,0,39.9557,-75.1407, ,Philadelphia
 ,6336,2017076284,6,67,67301,2017,6,2,9999,99,1,1,0,1,1, , ,N,1,2,0,3,0,0,2,2,N,N,40 03:20.759,75 09:31.942,1259, ,1257, ,0, ,N, ,3, , , , , ,65761, , , ,2,1,0,0,0,0,1,0,0,0,0,0,0,0,0,0,0,0,0,0,0,0,0,0,0,0,0,0,0,0,0,0,0,0,0,0,0,40.0558,-75.1589, ,Philadelphia
 ,6337,2017070443,6,67,67301,2017,6,7,1000,10,1,1,0,8,1, , ,N,2,2,0,3,0,1,2,2,N,N,40 01:52.459,75 01:18.271,1005, ,1002, ,0, , , ,3, , , , , ,56552, , , ,1,1,0,0,0,0,0,0,0,0,0,1,1,0,0,0,0,0,0,0,0,0,0,1,0,0,0,0,0,0,0,0,1,0,0,4,0,40.0312,-75.0217, ,Philadelphia
 ,6338,2017086714,6,67,67301,2017,3,1,400,4,3,1,0,1,6, , ,N,0,0,0,3,0,0,1,4,N,N,39 59:07.367,75 11:15.997,411, ,410,1,2,5,N, ,0,Y, , , , ,56560, , , ,4,3,0,0,0,0,0,1,0,0,0,0,0,0,0,0,0,0,0,0,0,0,0,1,0,0,0,0,0,0,0,0,0,0,0,0,0,39.9854,-75.1878, ,Philadelphia
 ,6339,2017109893,6,67,67301,2017,10,3,750,7,1,1,0,8,1, , ,N,1,3,0,3,0,1,3,2,N,N,39 55:41.365,75 09:36.837,750, ,750, ,0, ,N, ,3, , , , , ,56580, , , ,1,0,0,0,0,0,0,1,0,0,0,1,1,0,0,0,0,0,0,0,1,0,0,0,0,0,0,0,0,0,0,0,1,0,0,4,0,39.9282,-75.1602, ,Philadelphia
 ,6340,2017060668,6,67,67301,2017,5,5,1434,14,1,1,0,8,1, , ,N,0,0,0,3,0,1,2,2,N, ,40 02:17.221,75 03:04.604,1600, ,1502, ,0, , , ,0, , , , , ,56584, , , ,1,0,0,0,0,0,1,0,0,0,1,0,1,0,0,0,0,0,0,0,1,0,0,0,0,0,0,0,0,0,0,0,1,0,0,3,0,40.0381,-75.0513, ,Philadelphia
 ,6341,2017068084,6,67,67301,2017,6,7,1847,18,1,1,0,4,1, , ,N,1,2,0,3,0,3,4,2,N,N,39 57:48.108,75 11:14.703,1847, ,1847, ,0, ,N, ,3, , , , , ,56591, , , ,2,2,0,0,0,0,0,0,0,0,0,0,3,3,0,0,0,0,0,0,0,0,0,1,0,0,0,0,0,0,0,0,0,0,0,8,0,39.9634,-75.1875, ,Philadelphia
 ,6342,2017067507,6,67,67301,2017,7,1,1930,19,2,1,0,5,1, , ,N,2,2,0,3,0,1,1,2,N,N,39 57:21.401,75 12:17.204,1933, ,1931, ,0, ,N, ,3, , , , , ,56601, , , ,2,2,0,0,0,0,0,0,0,0,1,0,1,0,0,0,0,0,0,0,1,0,0,0,0,0,0,0,0,0,0,0,0,0,0,3,0,39.9559,-75.2048, ,Philadelphia
 ,6343,2017106887,6,67,67301,2017,9,6,558,5,3,1,0,7,2, , ,N,0,0,0,3,0,0,1,1,N,N,40 02:58.029,74 59:46.122,640, ,610,1,2,2, , ,0,N, , , , ,56610, , , ,1,1,0,0,0,0,0,0,0,0,0,0,0,0,0,0,0,0,0,0,0,0,0,0,0,0,0,0,0,0,0,0,0,0,0,0,0,40.0495,-74.9961, ,Philadelphia
 ,6344,2017091771,6,67,67301,2017,8,5,9999,99,1,1,0,1,1, , ,N,1,2,0,3,0,2,3,2,N, ,40 00:11.783,75 09:57.234,1244, ,1227, ,0, , , ,3, , , , , ,56613, , , ,2,1,0,0,0,0,0,1,0,0,0,2,2,0,0,0,0,0,0,0,1,0,0,1,0,0,0,0,0,0,0,0,0,0,0,4,0,40.0033,-75.1659, ,Philadelphia
 ,6345,2017106027,6,67,67301,2017,9,2,1130,11,1,1,0,4,1, , ,N,1,3,0,3,0,2,2,2,N,N,39 57:54.791,75 11:30.533,1139, ,1133, ,0, ,N, ,3, , , , , ,56617, , , ,2,1,0,0,0,0,1,0,0,0,0,2,2,0,0,0,0,0,0,0,1,0,0,0,0,0,0,0,0,0,0,0,0,0,0,4,0,39.9652,-75.1918, ,Philadelphia
 ,6346,2017076197,6,67,67301,2017,6,3,1047,10,1,1,0,1,1, , ,N,1,2,0,3,0,3,5,3,N,N,39 59:49.970,75 07:09.559,1047, ,1047, ,0, ,N, ,3, , , , , ,56635, , , ,3,0,0,0,0,0,2,1,0,0,0,3,3,0,0,0,0,0,0,0,0,0,0,0,0,0,0,0,0,0,0,0,0,0,0,4,0,39.9972,-75.1194, ,Philadelphia
 ,6347,2017067834,6,67,67301,2017,6,5,1635,16,1,1,0,5,1, , ,N,1,0,0,3,0,0,4,2,N,N,39 56:43.200,75 10:00.700,1835, ,1818, ,0, ,N, ,0, , , , , ,56641, , , ,2,0,0,0,0,0,1,1,0,0,0,0,0,0,0,0,0,0,0,0,1,0,0,3,0,0,0,0,0,0,0,0,0,0,0,0,0,39.9453,-75.1669, ,Philadelphia
 ,6348,2017078877,6,67,67301,2017,7,7,1549,15,1,1,0,4,1, , ,N,1,2,0,3,0,2,2,2,N,N,40 05:18.416,75 02:38.512,1617, ,1615, ,0, ,N, ,3, , , , , ,56652, , , ,2,1,0,0,0,0,1,0,0,0,0,0,2,2,0,0,0,0,0,0,0,1,0,0,0,0,0,0,0,0,0,0,0,0,0,8,0,40.0884,-75.044, ,Philadelphia
 ,6349,2017075561,6,46,46108,2017,7,6,1656,16,1,1,0,4,1, , ,N,1,2,0,3,0,0,3,2,N,N,40 05:15.217,75 12:51.464,1700, ,1656,1,1,1,N, ,3,Y, , , , ,56658, , , ,2,1,0,0,0,0,1,0,0,0,0,0,0,0,1,0,0,0,0,0,0,0,0,0,0,0,0,0,0,0,0,0,0,0,0,9,0,40.0876,-75.2143, ,Montgomery
 ,6350,2017097794,6,67,67301,2017,9,3,2200,22,3,2,1,4,1, , ,N,1,2,2,3,0,1,2,2,N,N,39 58:28.541,75 11:58.243,150, ,141, ,0, ,N, ,3, , , , , ,56668, , , ,1,0,0,0,0,0,0,0,1,0,1,0,1,0,0,0,0,0,0,0,0,0,0,0,0,0,0,0,0,0,0,0,0,0,0,3,0,39.9746,-75.1995, ,Philadelphia
 ,6351,2017093508,6,67,67301,2017,8,4,1800,18,1,1,0,4,1, , ,N,1,3,0,3,0,0,2,2,N,N,40 01:51.311,75 02:16.933,1835, ,1830, ,0, ,N, ,3, , , , , ,56671, , , ,2,1,0,0,0,0,1,0,0,0,0,0,0,0,0,0,0,0,0,0,0,0,0,2,0,0,0,0,0,0,0,0,0,0,0,0,0,40.0309,-75.038, ,Philadelphia
 ,6352,2017089083,6,67,67301,2017,8,7,26,0,3,1,0,7,4, , ,N,0,0,0,3,0,1,1,1,N,N,39 58:45.063,75 06:32.582,34, ,30,1,1,2, , ,0,N, , , , ,56686, , , ,1,0,0,0,0,0,1,0,0,0,1,0,1,0,0,0,0,0,0,0,0,0,0,0,0,0,0,0,0,0,0,0,0,0,0,3,0,39.9792,-75.1091, ,Philadelphia
 ,6353,2017088881,6,67,67301,2017,8,1,412,4,3,1,0,4,1, , ,N,1,2,0,3,0,3,4,2,N, ,40 01:41.728,75 06:35.304,420, ,415, ,0, , , ,3, , , , , ,56692, , , ,2,1,0,0,0,0,0,1,0,0,0,3,3,0,1,0,0,1,0,0,0,0,0,0,0,0,0,0,0,0,0,0,0,0,0,4,0,40.0283,-75.1098, ,Philadelphia
 ,6354,2017086211,6,67,67301,2017,7,7,1700,17,1,1,0,7,4,8,8,Y,0,0,0,3,0,1,1,1,N,N,39 57:37.449,75 10:27.860,1700,99,1700,1,1,3,N, ,0,Y,U, , ,U,56696, , , ,1,0,1,0,0,0,0,0,0,0,0,0,1,1,0,0,0,0,0,0,1,0,0,0,0,0,0,0,0,0,0,0,0,0,0,8,0,39.9604,-75.1744, ,Philadelphia