wz_ln_closure,objectid_1,crn,district,county,municipality,crash_year,crash_month,day_of_week,time_of_day,hour_of_day,illumination,weather,road_condition,collision_type,relation_to_road,work_zone_type,work_zone_loc,work_zone_ind,intersect_type,tcd_type,location_type,urban_rural,fatal_count,injury_count,person_count,total_units,sch_bus_ind,sch_zone_ind,latitude,longitude,arrival_tm,cons_zone_spd_lim,dispatch_tm,est_hrs_closed,lane_closed,ln_close_dir,ntfy_hiwy_maint,spec_juris_cd,tcd_func_cd,tfc_detour_ind,workers_pres,wz_close_detour,wz_flagger,wz_law_offcr_ind,objectid,wz_moving,wz_other,wz_shlder_mdn,vehicle_count,automobile_count,motorcycle_count,bus_count,small_truck_count,heavy_truck_count,suv_count,van_count,bicycle_count,maj_inj_count,mod_inj_count,min_inj_count,tot_inj_count,unk_inj_deg_count,unk_inj_per_count,driver_count_16yr,driver_count_17yr,driver_count_18yr,driver_count_19yr,driver_count_20yr,driver_count_50_64yr,driver_count_65_74yr,driver_count_75plus,unbelted_occ_count,unb_death_count,unb_maj_inj_count,belted_death_count,belted_maj_inj_count,mcycle_death_count,mcycle_maj_inj_count,bicycle_death_count,bicycle_maj_inj_count,ped_count,ped_death_count,ped_maj_inj_count,max_severity_level,comm_veh_count,dec_lat,dec_long,rdwy_surf_type_cd,county_name
 ,6612,2017076132,6,67,67301,2017,6,5,143,1,3,1,0,4,1, , ,N,1,3,0,3,0,2,3,2,N, ,40 02:47.108,75 09:43.527,151, ,147,2,2,1, , ,3,Y, , , , ,54384, , , ,2,2,0,0,0,0,0,0,0,0,0,2,2,0,0,0,0,0,0,0,0,0,0,1,0,0,0,0,0,0,0,0,0,0,0,4,0,40.0464,-75.1621, ,Philadelphia
 ,6613,2017086104,6,67,67301,2017,7,1,9999,99,3,1,0,4,1, , ,N,1,3,0,3,0,2,3,2,N,N,39 58:09.831,75 09:47.666,1248, ,1243, ,0, ,N, ,3, , , , , ,54388, , , ,2,2,0,0,0,0,0,0,0,0,0,0,2,2,0,0,0,0,0,0,0,0,0,1,0,0,0,0,0,0,0,0,0,0,0,8,0,39.9694,-75.1632, ,Philadelphia
 ,6614,2017093073,6,67,67301,2017,9,7,2044,20,3,2,1,2,1, , ,N,1,2,0,3,0,0,5,2,N,N,39 59:45.571,75 05:31.702,2044, ,2044,1,1,7, , ,3,N, , , , ,54412, , , ,2,2,0,0,0,0,0,0,0,0,0,0,0,0,0,0,0,0,0,0,0,0,0,0,0,0,0,0,0,0,0,0,0,0,0,0,0,39.9959,-75.0921, ,Philadelphia
 ,6615,2017068081,6,67,67301,2017,6,2,1430,14,1,1,1,4,1, , ,N,1,2,0,3,0,2,5,2,N, ,40 00:31.034,75 04:07.810,1502, ,1501, ,0, , , ,3, , , , , ,54419, , , ,2,0,0,0,1,0,1,0,0,0,0,2,2,0,0,0,0,0,0,0,1,0,0,2,0,0,0,0,0,0,0,0,0,0,0,4,0,40.0086,-75.0688, ,Philadelphia
 ,6616,2017069554,6,67,67301,2017,6,3,1451,14,1,1,0,7,3, , ,N,0,0,0,3,0,1,1,1,N,N,40 02:52.166,74 59:57.857,1527, ,1453,1,2,1, , ,0,N, , , , ,54432, , , ,1,1,0,0,0,0,0,0,0,0,1,0,1,0,0,0,0,0,0,0,0,0,0,0,0,0,0,0,0,0,0,0,0,0,0,3,0,40.0478,-74.9994, ,Philadelphia
 ,6617,2017086630,6,67,67301,2017,3,6,1300,13,1,6,1,8,1, , ,N,0,0,0,3,0,1,2,2,N, ,40 01:41.234,75 12:36.220,1300, ,1300, ,0, , , ,0, , , , , ,54441, , , ,1,1,0,0,0,0,0,0,0,0,0,1,1,0,0,0,0,0,0,0,0,0,0,0,0,0,0,0,0,0,0,0,1,0,0,4,0,40.0281,-75.2101, ,Philadelphia
 ,6618,2017071789,6,46,46102,2017,6,2,1627,16,1,1,0,4,1, , ,N,5,2,0,3,0,2,5,4,N,N,40 04:26.918,75 09:30.203,1750, ,1746, ,0, ,N, ,3, , , , , ,54445, , , ,4,2,0,0,1,0,1,0,0,0,0,2,2,0,0,0,0,0,0,0,0,1,0,0,0,0,0,0,0,0,0,0,0,0,0,4,0,40.0741,-75.1584, ,Montgomery
 ,6619,2017076200,6,67,67301,2017,6,2,2333,23,3,1,0,4,1, , ,N,1,2,0,3,0,1,2,2,N,N,40 02:21.314,75 11:30.256,2358, ,2356,3,1,1,N, ,3,N, , , , ,54470, , , ,2,1,1,0,0,0,0,0,0,0,0,1,1,0,0,0,0,0,0,0,0,1,0,1,0,0,0,0,0,0,0,0,0,0,0,4,0,40.0392,-75.1917, ,Philadelphia
 ,6620,2017097940,6,67,67301,2017,9,6,1334,13,1,1,0,2,6, , ,N,0,0,0,3,0,2,2,2,N,N,39 57:03.765,75 14:42.247,1340, ,1339, ,0, ,N, ,0, , , , , ,54477, , , ,2,1,0,0,0,0,1,0,0,0,1,1,2,0,0,0,0,0,0,0,0,1,0,0,0,0,0,0,0,0,0,0,0,0,0,3,0,39.951,-75.2451, ,Philadelphia
 ,6621,2017120512,6,67,67301,2017,10,5,1704,17,4,1,0,2,1, , ,N,0,0,0,3,0,2,3,2,N, ,40 03:19.300,75 09:09.800,1828, ,1825, ,0, , , ,0, , , , , ,54491, , , ,2,1,0,0,0,0,1,0,0,0,0,0,2,2,0,0,0,0,0,0,0,0,1,0,0,0,0,0,0,0,0,0,0,0,0,8,0,40.0554,-75.1527, ,Philadelphia
 ,6622,2017120547,6,67,67301,2017,10,1,2117,21,3,2,1,8,1, , ,N,1,2,0,3,0,1,2,2,N,N,39 59:04.850,75 09:23.377,2145, ,2141, ,0, ,N, ,3, , , , , ,54501, , , ,1,1,0,0,0,0,0,0,0,0,0,0,1,1,0,0,0,0,1,0,0,0,0,0,0,0,0,0,0,0,0,0,1,0,0,8,0,39.9847,-75.1565, ,Philadelphia
 ,6623,2017058310,6,67,67301,2017,5,5,802,8,1,1,0,1,1, , ,N,2,0,6,3,0,2,3,2,N, ,40 03:02.062,75 03:02.646,816, ,814, ,0, , , ,0, , , , , ,54512, , , ,2,1,0,0,0,0,0,1,0,0,0,2,2,0,0,0,0,0,0,0,0,1,0,0,0,0,0,0,0,0,0,0,0,0,0,4,0,40.0505,-75.0507, ,Philadelphia
 ,6624,2017086632,6,67,67301,2017,5,7,1820,18,1,2,1,5,6, , ,N,0,0,0,3,0,4,5,5,N,N,40 00:36.358,75 08:26.383,1835, ,827,2,2,1,N, ,0,Y, , , , ,54528, , , ,5,3,0,0,0,0,2,0,0,0,0,4,4,0,1,0,0,0,0,0,0,0,0,0,0,0,0,0,0,0,0,0,0,0,0,4,0,40.0101,-75.1407, ,Philadelphia
 ,6625,2017096239,6,67,67301,2017,7,2,1413,14,1,1,0,1,1, , ,N,0,0,0,3,0,1,3,2,N,N,39 57:30.276,75 09:57.804,1440, ,1431, ,0, , , ,0, , , , , ,57304, , , ,2,2,0,0,0,0,0,0,0,0,0,0,1,1,0,0,1,0,0,0,0,0,0,1,0,0,0,0,0,0,0,0,0,0,0,8,0,39.9584,-75.1661, ,Philadelphia
 ,6626,2017076268,6,67,67301,2017,4,6,2208,22,3,1,0,4,1, , ,N,1,2,0,3,0,2,3,2,N, ,39 58:30.691,75 07:16.051,2215, ,2214, ,0, , , ,3, , , , , ,57318, , , ,2,0,0,0,0,0,2,0,0,0,0,1,2,1,0,0,0,0,0,0,0,0,0,0,0,0,0,0,0,0,0,0,0,0,0,4,0,39.9751,-75.1212, ,Philadelphia
 ,6627,2017070463,6,67,67301,2017,6,1,230,2,3,9,8,5,1, , ,N,1,2,0,3,0,1,3,2,N, ,39 57:40.438,75 08:47.791,1245, ,1245, ,0, , , ,3, , , , , ,57321, , , ,2,1,0,0,1,0,0,0,0,0,0,1,1,0,1,0,0,0,0,0,0,0,0,0,0,0,0,0,0,0,0,0,0,0,0,4,0,39.9612,-75.1466, ,Philadelphia
 ,6628,2017109932,6,67,67301,2017,9,7,1740,17,1,1,0,1,1, , ,N,1,2,0,3,0,0,2,2,N,N,40 06:06.749,75 02:23.015,1741, ,1740, ,0, ,N, ,3, , , , , ,57351, , , ,2,2,0,0,0,0,0,0,0,0,0,0,0,0,0,0,0,0,0,0,0,1,0,0,0,0,0,0,0,0,0,0,0,0,0,0,0,40.1019,-75.0397, ,Philadelphia
 ,6629,2017096446,6,67,67301,2017,9,7,1220,12,1,1,0,8,1, , ,N,1,3,0,3,0,1,2,2,N, ,40 02:22.909,75 08:36.142,1312, ,1309, ,0, , , ,3, , , , , ,57398, , , ,1,1,0,0,0,0,0,0,0,0,0,0,1,1,0,0,0,0,0,0,0,0,0,1,0,0,0,0,0,0,0,0,1,0,0,8,0,40.0397,-75.1434, ,Philadelphia
 ,6630,2017067879,6,67,67301,2017,6,7,2001,20,3,1,0,5,6, , ,N,0,0,0,3,0,1,2,3,N,N,40 00:42.955,75 09:44.513,2008, ,2004, ,0, , , ,0, , , , , ,57419, , , ,2,0,1,0,0,0,1,0,0,1,0,0,1,0,0,0,0,0,0,0,0,0,0,0,0,0,0,0,0,1,0,0,0,0,0,2,0,40.0119,-75.1624, ,Philadelphia
 ,6631,2017078788,6,67,67301,2017,7,2,9999,99,1,1,0,5,1, , ,N,0,0,0,3,0,1,2,2,N, ,39 59:22.859,75 07:30.836,800, ,800, ,0, , , ,0, , , , , ,57424, , , ,1,0,0,0,0,0,1,0,1,0,0,1,1,0,0,0,0,0,0,0,0,0,0,1,0,0,0,0,0,0,0,0,0,0,0,4,0,39.9897,-75.1252, ,Philadelphia
 ,6632,2017078807,6,67,67301,2017,7,2,715,7,1,1,0,5,1, , ,N,0,0,0,3,0,1,3,2,N, ,39 56:14.338,75 11:48.768,849, ,848, ,0, , , ,0, , , , , ,57428, , , ,2,2,0,0,0,0,0,0,0,0,0,0,1,1,0,0,0,0,0,0,0,0,0,0,0,0,0,0,0,0,0,0,0,0,0,8,0,39.9373,-75.1969, ,Philadelphia
 ,6633,2017088902,6,67,67301,2017,8,2,1155,11,1,2,1,4,1, , ,N,1,3,0,3,0,2,4,3,N, ,40 02:52.901,75 05:34.215,1203, ,1157,1,1,3, , ,3,Y, , , , ,57450, , , ,2,2,0,0,0,0,0,0,0,0,1,1,2,0,0,0,0,0,0,0,1,0,0,0,0,0,0,0,0,0,0,0,1,0,0,3,0,40.048,-75.0928, ,Philadelphia
 ,6634,2017078851,6,67,67301,2017,7,1,0,0,3,1,0,8,1, , ,N,0,0,0,3,0,1,2,2,N,N,40 01:54.119,75 10:05.152,38, ,30, ,0, ,N, ,0, , , , , ,57466, , , ,1,0,0,0,0,0,1,0,0,0,0,0,1,1,0,0,0,0,0,0,0,0,0,1,0,0,0,0,0,0,0,0,1,0,0,8,0,40.0317,-75.1681, ,Philadelphia
N,6635,2017067365,6,67,67301,2017,6,7,655,6,5,2,1,7,7,1,4,Y,7,0,2,3,0,0,1,1,N,N,39 58:06.099,75 07:44.559,720,55,713, ,0, , , ,0, ,N,N,N,N,57469,N,N,Y,1,1,0,0,0,0,0,0,0,0,0,0,0,0,0,0,0,0,0,0,1,0,0,0,0,0,0,0,0,0,0,0,0,0,0,0,0,39.9684,-75.129, ,Philadelphia
 ,6636,2017106022,6,67,67301,2017,9,3,1152,11,1,1,0,5,1, , ,N,0,0,0,3,0,1,2,5,N,N,40 01:26.788,75 05:01.960,1204, ,1159, ,0, ,N, ,0, , , , , ,57479, , , ,5,3,0,0,1,0,1,0,0,0,0,1,1,0,0,0,0,0,0,0,0,0,0,2,0,0,0,0,0,0,0,0,0,0,0,4,0,40.0241,-75.0839, ,Philadelphia
 ,6637,2017086224,6,67,67301,2017,7,2,726,7,1,1,0,4,1, , ,N,1,2,0,3,0,0,2,2,N, ,40 00:25.981,75 07:24.378,728, ,726, ,0, , , ,3, , , , , ,57482, , , ,2,0,0,0,1,0,1,0,0,0,0,0,0,0,0,0,0,0,0,0,1,0,0,0,0,0,0,0,0,0,0,0,0,0,0,0,0,40.0072,-75.1234, ,Philadelphia
 ,6638,2017116023,6,67,67301,2017,10,1,830,8,1,2,1,2,1, , ,N,0,0,0,3,0,2,2,2,N,N,39 58:32.098,75 11:27.314,915, ,900, ,0, ,N, ,0, , , , , ,57487, , , ,2,2,0,0,0,0,0,0,0,0,0,0,2,2,0,0,0,0,0,0,0,0,0,0,0,0,0,0,0,0,0,0,0,0,0,8,0,39.9756,-75.191, ,Philadelphia
 ,6639,2017115984,6,67,67301,2017,10,5,850,8,1,2,1,4,1, , ,N,1,2,0,3,0,1,2,2,N,N,40 02:43.799,75 09:53.518,850, ,917, ,0, ,N, ,3, , , , , ,57490, , , ,2,0,0,0,0,0,1,1,0,0,0,0,1,1,0,0,0,0,0,0,0,0,0,0,0,0,0,0,0,0,0,0,0,0,0,8,0,40.0455,-75.1649, ,Philadelphia
 ,6640,2017120669,6,67,67301,2017,10,4,2051,20,3,1,0,4,1, , ,N,1,2,0,3,0,0,2,2,N, ,40 00:30.707,75 12:38.635,2124, ,2119, ,0, , , ,3, , , , , ,57524, , , ,2,0,0,0,0,0,2,0,0,0,0,0,0,0,0,0,0,0,0,0,1,0,0,0,0,0,0,0,0,0,0,0,0,0,0,0,0,40.0085,-75.2107, ,Philadelphia
 ,6641,2017071769,6,67,67301,2017,3,6,1945,19,3,1,0,1,1, , ,N,1,2,0,3,0,1,2,2,N,N,39 59:39.070,75 06:41.033,0, ,0, ,0, ,N, ,3, , , , , ,57558, , , ,2,2,0,0,0,0,0,0,0,1,0,0,1,0,0,0,0,0,0,0,0,0,0,0,0,0,0,1,0,0,0,0,0,0,0,2,0,39.9942,-75.1114, ,Philadelphia
 ,6642,2017070480,6,67,67301,2017,6,6,1935,19,1,1,0,8,1, , ,N,1,3,0,3,0,1,2,2,N,N,40 01:25.132,75 03:33.544,2119, ,2117, ,0, ,N, ,3, , , , , ,57561, , , ,1,1,0,0,0,0,0,0,1,0,0,1,1,0,0,0,0,0,0,0,0,0,0,1,0,0,0,0,0,0,0,0,0,0,0,4,0,40.0236,-75.0593, ,Philadelphia
 ,6643,2017116069,6,67,67301,2017,10,3,1537,15,1,1,0,4,1, , ,N,1,2,0,3,0,0,3,2,N,N,40 04:15.122,75 14:28.540,1540, ,1537,2,1,3,N, ,3,N, , , , ,60620, , , ,2,2,0,0,0,0,0,0,0,0,0,0,0,0,0,0,0,0,0,0,1,0,1,1,0,0,0,0,0,0,0,0,0,0,0,0,0,40.0709,-75.2413, ,Philadelphia
 ,6644,2017091156,6,67,67301,2017,8,5,1206,12,1,1,1,1,1, , ,N,1,2,0,3,0,1,6,5,N,N,39 56:10.978,75 13:08.360,1209, ,1207, ,0, ,N, ,3, , , , , ,60621, , , ,5,3,0,0,0,0,1,1,0,0,1,0,1,0,0,0,0,0,0,0,3,0,0,0,0,0,0,0,0,0,0,0,0,0,0,3,0,39.9364,-75.219, ,Philadelphia
 ,6645,2017060581,6,67,67301,2017,5,1,1856,18,1,1,0,4,1, , ,N,2,2,0,3,0,5,6,2,N,N,39 59:24.820,75 11:12.182,1857, ,1857, ,0, ,N, ,3, , , , , ,60642, , , ,2,2,0,0,0,0,0,0,0,0,0,5,5,0,0,0,0,0,0,0,0,0,0,1,0,0,0,0,0,0,0,0,0,0,0,4,0,39.9903,-75.1867, ,Philadelphia
 ,6646,2017070506,6,67,67301,2017,6,4,800,8,1,1,0,8,1, , ,N,2,0,0,3,0,1,2,2,N,N,40 04:42.708,75 02:14.406,813, ,810, ,0, ,N, ,0, , , , , ,60650, , , ,1,0,0,0,0,0,1,0,0,0,0,1,1,0,0,0,0,0,0,0,0,0,0,0,0,0,0,0,0,0,0,0,1,0,0,4,0,40.0785,-75.0373, ,Philadelphia
 ,6647,2017086746,6,67,67301,2017,4,5,810,8,1,2,1,7,4, , ,N,0,0,0,3,0,1,1,1,N,N,40 03:33.100,75 12:02.900,820, ,815, ,0, ,N, ,0, , , , , ,60657, , , ,1,1,0,0,0,0,0,0,0,0,1,0,1,0,0,0,1,0,0,0,0,0,0,0,0,0,0,0,0,0,0,0,0,0,0,3,0,40.0592,-75.2008, ,Philadelphia
 ,6648,2017106750,6,67,67301,2017,8,4,1206,12,1,1,0,1,1, , ,N,0,0,0,3,0,0,3,3,N,N,39 57:53.952,75 08:16.105,1249, ,1226, ,0, , , ,0, , , , , ,60660, , , ,3,1,0,0,0,0,1,1,0,0,0,0,0,0,0,0,0,0,0,0,0,0,0,0,0,0,0,0,0,0,0,0,0,0,0,0,0,39.9684,-75.1296, ,Philadelphia
 ,6649,2017096427,6,67,67301,2017,8,3,845,8,1,2,1,4,1, , ,N,1,2,0,3,0,0,2,2,N, ,39 59:04.850,75 09:23.377,851, ,851, ,0, , , ,3, , , , , ,60679, , , ,2,1,0,0,0,0,1,0,0,0,0,0,0,0,0,0,0,0,0,0,0,0,0,2,0,0,0,0,0,0,0,0,0,0,0,0,0,39.9847,-75.1565, ,Philadelphia
 ,6650,2017076291,6,67,67301,2017,6,2,2211,22,3,2,1,1,1, , ,N,2,2,0,3,0,2,3,2,N, ,40 04:07.379,75 04:02.423,2337, ,2327, ,0, , , ,3, , , , , ,60697, , , ,2,0,0,0,0,0,2,0,0,0,0,0,2,2,0,0,0,0,0,0,1,0,0,1,0,0,0,0,0,0,0,0,0,0,0,8,0,40.0687,-75.0673, ,Philadelphia
 ,6651,2017086276,6,67,67301,2017,7,6,2230,22,3,1,0,4,1, , ,N,1,2,0,3,0,1,3,2,N,N,39 58:26.878,75 12:15.541,2315, ,2300, ,0, ,N, ,3, , , , , ,60710, , , ,2,1,0,0,0,0,0,1,0,0,0,0,1,1,0,0,0,0,0,0,1,0,0,0,0,0,0,0,0,0,0,0,0,0,0,8,0,39.9741,-75.2043, ,Philadelphia
 ,6652,2017086153,6,67,67301,2017,7,4,650,6,1,1,0,8,1, , ,N,1,2,0,3,0,1,2,2,N,N,39 56:46.757,75 09:34.151,715, ,709, ,0, , , ,3, , , , , ,60712, , , ,1,1,0,0,0,0,0,0,0,0,0,0,1,1,0,0,0,0,0,0,0,0,0,1,0,0,0,0,0,0,0,0,1,0,0,8,0,39.9463,-75.1595, ,Philadelphia
 ,6653,2017091710,6,67,67301,2017,8,1,1045,10,1,1,0,1,1, , ,N,1,2,0,3,0,2,3,2,N,N,40 00:24.060,75 07:09.527,9999, ,9999, ,0, , , ,3, , , , , ,60715, , , ,2,0,0,0,0,0,2,0,0,0,0,0,2,2,0,0,0,0,0,0,1,1,0,1,0,0,0,0,0,0,0,0,0,0,0,8,0,40.0067,-75.1193, ,Philadelphia
 ,6654,2017116108,6,67,67301,2017,10,1,44,0,3,1,0,4,1, , ,N,1,3,0,3,0,0,3,2,N, ,40 01:23.235,75 07:04.047,53, ,53, ,0, , , ,3, , , , , ,60723, , , ,2,1,0,0,0,0,1,0,0,0,0,0,0,0,0,0,0,0,0,0,1,0,0,0,0,0,0,0,0,0,0,0,0,0,0,0,0,40.0231,-75.1178, ,Philadelphia
 ,6655,2017116029,6,67,67301,2017,10,7,217,2,3,1,0,2,1, , ,N,1,0,0,3,0,1,4,2,N,N,39 59:08.260,75 12:47.375,249, ,232, ,0, , , ,0, , , , , ,60725, , , ,2,1,0,0,0,0,1,0,0,0,0,1,1,0,1,0,0,0,0,0,0,0,0,0,0,0,0,0,0,0,0,0,0,0,0,4,0,39.9856,-75.2132, ,Philadelphia
 ,6656,2017070602,6,67,67301,2017,6,6,938,9,1,1,0,5,1, , ,N,0,8,0,3,0,1,3,2,N,N,40 00:09.950,75 11:40.037,944, ,940, ,0, , , ,3, , , , , ,60733, , , ,2,1,0,0,0,0,0,1,0,0,0,0,1,1,0,0,0,0,0,0,1,0,0,0,0,0,0,0,0,0,0,0,0,0,0,8,0,40.0028,-75.1945, ,Philadelphia
 ,6657,2017068003,6,67,67301,2017,6,6,2006,20,2,1,0,8,6, , ,N,0,0,0,3,0,1,2,2,N,N,39 58:03.584,75 13:13.888,2006, ,2006, ,0, ,N, ,0, , , , , ,60736, , , ,1,1,0,0,0,0,0,0,0,0,0,0,1,1,0,0,0,0,0,0,0,0,0,1,0,0,0,0,0,0,0,0,1,0,0,8,0,39.9677,-75.2205, ,Philadelphia
 ,6658,2017086659,6,67,67301,2017,2,2,1022,10,1,1,0,4,1, , ,N,1,2,0,3,0,1,2,3,N,N,40 02:10.290,75 07:43.115,1058, ,1051,1,1,3,N, ,3,Y, , , , ,60738, , , ,3,3,0,0,0,0,0,0,0,0,0,0,1,1,1,0,0,0,0,0,0,1,0,0,0,0,0,0,0,0,0,0,0,0,0,8,0,40.0362,-75.1287, ,Philadelphia
 ,6659,2017076152,6,67,67301,2017,6,1,446,4,3,1,0,7,4, , ,N,0,0,0,3,0,0,1,1,N, ,39 57:42.073,75 10:34.119,455, ,447, ,0, , , ,0, , , , , ,60747, , , ,1,0,0,0,0,0,1,0,0,0,0,0,0,0,0,0,0,0,0,0,0,0,0,0,0,0,0,0,0,0,0,0,0,0,0,0,0,39.9617,-75.1761, ,Philadelphia
 ,6660,2017117256,6,67,67301,2017,10,5,1650,16,4,1,0,4,1, , ,N,2,2,0,3,0,0,1,4,N, ,39 59:59.343,75 13:10.070,1710, ,1700,2,1,2, , ,3,N, , , , ,60773, , , ,4,3,0,0,0,1,0,0,0,0,0,0,0,0,0,0,0,0,0,0,1,0,0,1,0,0,0,0,0,0,0,0,0,0,0,0,1,39.9998,-75.2195, ,Philadelphia
 ,6661,2017133931,6,67,67301,2017,11,2,1850,18,3,1,0,4,1, , ,N,1,3,0,3,0,3,5,2,N,N,40 00:12.351,75 09:04.298,1910, ,1858, ,0, ,N, ,3, , , , , ,98742, , , ,2,1,0,1,0,0,0,0,0,0,0,3,3,0,0,0,0,0,0,0,0,0,0,1,0,0,0,0,0,0,0,0,0,0,0,4,1,40.0034,-75.1512, ,Philadelphia
 ,6662,2018005184,6,67,67301,2017,12,4,2238,22,3,4,3,7,3, , ,N,0,0,0,3,0,0,1,1,N,N,39 55:22.466,75 08:50.868,2243, ,2243,1,2,1, , ,0,N, , , , ,98746, , , ,1,0,0,0,0,0,0,1,0,0,0,0,0,0,0,0,0,0,0,0,0,0,0,0,0,0,0,0,0,0,0,0,0,0,0,0,0,39.9229,-75.1475, ,Philadelphia
 ,6663,2017130588,6,67,67301,2017,11,5,705,7,1,1,1,4,1, , ,N,1,3,0,3,0,1,2,2,N,Y,40 00:03.365,75 08:07.008,736, ,722, ,0, ,N, ,3, , , , , ,98759, , , ,2,2,0,0,0,0,0,0,0,0,0,1,1,0,0,0,1,0,0,0,0,0,0,1,0,0,0,0,0,0,0,0,0,0,0,4,0,40.0009,-75.1353, ,Philadelphia
 ,6664,2018027520,6,67,67301,2017,12,2,1615,16,1,1,0,4,1, , ,N,1,3,0,3,0,1,2,2,N,N,40 01:18.402,75 03:46.536,1650, ,1629, ,0, ,N, ,3, , , , , ,98824, , , ,2,2,0,0,0,0,0,0,0,0,0,1,1,0,0,0,0,0,0,0,1,0,0,0,0,0,0,0,0,0,0,0,0,0,0,4,0,40.0218,-75.0629, ,Philadelphia
 ,6665,2018027441,6,67,67301,2017,12,5,1645,16,1,1,0,1,1, , ,N,0,2,0,3,0,3,3,2,N,N,40 01:50.489,75 05:09.944,1720, ,1700, ,0, ,N, ,3, , , , , ,98827, , , ,2,1,0,0,0,0,1,0,0,0,0,3,3,0,0,0,0,0,0,0,0,1,0,0,0,0,0,0,0,0,0,0,0,0,0,4,0,40.0307,-75.0861, ,Philadelphia
 ,6666,2018027491,6,67,67301,2017,12,6,2200,22,3,1,0,4,1, , ,N,0,2,0,3,0,0,2,2,N,N,39 59:08.700,75 09:51.800,2210, ,2210, ,0, ,N, ,3, , , , , ,98828, , , ,2,2,0,0,0,0,0,0,0,0,0,0,0,0,0,0,0,0,0,0,0,0,0,0,0,0,0,0,0,0,0,0,0,0,0,0,0,39.9858,-75.1644, ,Philadelphia
 ,6667,2017127391,6,67,67301,2017,11,7,1948,19,3,1,0,5,6, , ,N,0,0,0,3,0,0,1,5,N, ,40 04:01.800,75 03:14.400,1956, ,1949, ,0, , , ,0, , , , , ,98851, , , ,5,1,0,0,3,0,1,0,0,0,0,0,0,0,0,0,0,0,0,0,0,0,0,0,0,0,0,0,0,0,0,0,0,0,0,0,0,40.0672,-75.054, ,Philadelphia
 ,6668,2018026797,6,67,67301,2017,12,1,1755,17,3,4,5,1,1, , ,N,1,2,0,3,0,1,7,3,N,N,40 02:44.278,75 04:17.368,1847, ,1846,3,1,2,N, ,3,Y, , , , ,98853, , , ,3,1,0,0,0,0,2,0,0,0,0,0,1,1,0,0,0,0,0,0,2,0,0,0,0,0,0,0,0,0,0,0,0,0,0,8,0,40.0456,-75.0714, ,Philadelphia
 ,6669,2018005423,6,67,67301,2017,11,4,736,7,1,1,0,8,1, , ,N,1,2,0,3,0,1,2,2,N, ,39 58:20.732,75 15:11.882,756, ,751, ,0, ,N, ,3, , , , , ,98854, , , ,1,1,0,0,0,0,0,0,0,0,0,1,1,0,0,0,0,0,0,0,1,0,0,0,0,0,0,0,0,0,0,0,1,0,0,4,0,39.9724,-75.2533, ,Philadelphia
 ,6670,2018027505,6,67,67301,2017,12,3,1600,16,1,1,0,4,1, , ,N,1,2,0,3,0,1,3,3,N,N,40 03:12.823,75 10:40.715,1605, ,1603, ,0, ,N, ,3, , , , , ,98855, , , ,3,1,0,0,0,1,1,0,0,0,0,1,1,0,0,0,0,0,0,0,1,0,1,0,0,0,0,0,0,0,0,0,0,0,0,4,1,40.0536,-75.178, ,Philadelphia
 ,6671,2017067862,6,67,67301,2017,6,5,2000,20,3,1,0,1,1, , ,N,1,2,0,3,0,3,4,2,N,N,40 00:36.514,75 08:10.442,2338, ,2338, ,0, ,N, ,3, , , , , ,98861, , , ,2,2,0,0,0,0,0,0,0,0,0,3,3,0,1,0,0,0,0,0,0,0,0,0,0,0,0,0,0,0,0,0,0,0,0,4,0,40.0101,-75.1362, ,Philadelphia
 ,6672,2017076301,6,67,67301,2017,6,4,615,6,5,6,1,7,4, , ,N,0,0,0,3,0,0,3,1,N,N,39 55:04.438,75 14:48.368,618, ,615, ,0, , , ,0, , , , , ,98862, , , ,1,1,0,0,0,0,0,0,0,0,0,0,0,0,0,0,0,0,0,0,0,0,0,1,0,0,0,0,0,0,0,0,0,0,0,0,0,39.9179,-75.2468, ,Philadelphia
 ,6673,2018005511,6,67,67301,2017,12,6,1705,17,3,1,0,6,6, , ,N,0,0,0,3,0,1,1,3,N,N,39 59:11.100,75 07:34.600,1710, ,1705, ,0, ,N, ,0, , , , , ,98871, , , ,3,1,0,0,1,0,0,1,0,0,0,0,1,1,0,0,0,0,0,0,1,0,0,0,0,0,0,0,0,0,0,0,0,0,0,8,0,39.9864,-75.1263, ,Philadelphia
 ,6674,2017135610,6,67,67301,2017,11,5,1723,17,1,1,0,1,1, , ,N,0,0,0,3,0,0,7,2,N,N,39 59:35.399,75 05:06.545,1723, ,1723, ,0, , , ,0, , , , , ,98896, , , ,2,0,0,0,1,0,0,1,0,0,0,0,0,0,0,0,0,0,0,0,0,0,0,0,0,0,0,0,0,0,0,0,0,0,0,0,0,39.9932,-75.0852, ,Philadelphia
 ,6675,2017135084,6,67,67301,2017,11,1,1355,13,1,1,0,5,1, , ,N,0,0,0,3,0,1,2,2,N,N,40 01:01.814,75 10:26.018,1420, ,1418,9,1,2,N, ,0,N, , , , ,98899, , , ,2,1,1,0,0,0,0,0,0,0,0,1,1,0,0,0,0,0,0,0,0,0,0,1,0,0,0,0,0,0,0,0,0,0,0,4,0,40.0172,-75.1739, ,Philadelphia