wz_ln_closure,objectid_1,crn,district,county,municipality,crash_year,crash_month,day_of_week,time_of_day,hour_of_day,illumination,weather,road_condition,collision_type,relation_to_road,work_zone_type,work_zone_loc,work_zone_ind,intersect_type,tcd_type,location_type,urban_rural,fatal_count,injury_count,person_count,total_units,sch_bus_ind,sch_zone_ind,latitude,longitude,arrival_tm,cons_zone_spd_lim,dispatch_tm,est_hrs_closed,lane_closed,ln_close_dir,ntfy_hiwy_maint,spec_juris_cd,tcd_func_cd,tfc_detour_ind,workers_pres,wz_close_detour,wz_flagger,wz_law_offcr_ind,objectid,wz_moving,wz_other,wz_shlder_mdn,vehicle_count,automobile_count,motorcycle_count,bus_count,small_truck_count,heavy_truck_count,suv_count,van_count,bicycle_count,maj_inj_count,mod_inj_count,min_inj_count,tot_inj_count,unk_inj_deg_count,unk_inj_per_count,driver_count_16yr,driver_count_17yr,driver_count_18yr,driver_count_19yr,driver_count_20yr,driver_count_50_64yr,driver_count_65_74yr,driver_count_75plus,unbelted_occ_count,unb_death_count,unb_maj_inj_count,belted_death_count,belted_maj_inj_count,mcycle_death_count,mcycle_maj_inj_count,bicycle_death_count,bicycle_maj_inj_count,ped_count,ped_death_count,ped_maj_inj_count,max_severity_level,comm_veh_count,dec_lat,dec_long,rdwy_surf_type_cd,county_name
 ,6804,2017076329,6,67,67301,2017,6,6,2040,20,4,1,0,4,1, , ,N,1,2,0,3,0,5,6,2,N,N,40 03:23.118,75 03:12.017,2042, ,2041,1,2,1,N, ,3,Y, , , , ,96016, , , ,2,0,0,0,0,0,2,0,0,0,2,3,5,0,0,0,0,0,0,0,0,0,0,0,0,0,0,0,0,0,0,0,0,0,0,3,0,40.0564,-75.0533, ,Philadelphia
 ,6805,2018015790,6,67,67301,2017,11,2,845,8,2,7,0,8,1, , ,N,0,0,3,3,0,1,2,2,N, ,39 56:47.400,75 11:10.800,900, ,850, ,0, ,N, ,0, , , , , ,101716, , , ,1,0,0,0,0,0,1,0,0,0,0,1,1,0,0,0,0,0,0,0,1,0,0,1,0,0,0,0,0,0,0,0,1,0,0,4,0,39.9465,-75.1863, ,Philadelphia
 ,6806,2017101894,6,67,67301,2017,9,4,1021,10,1,1,0,1,1, , ,N,1,2,0,3,0,0,2,2,N,N,40 00:20.131,75 06:11.812,1028, ,1022, ,0, ,N, ,3, , , , , ,101724, , , ,2,0,0,0,0,1,1,0,0,0,0,0,0,0,0,0,0,0,0,0,1,0,0,0,0,0,0,0,0,0,0,0,0,0,0,0,1,40.0056,-75.1033, ,Philadelphia
 ,6807,2018029935,6,67,67301,2017,12,2,853,8,1,1,0,4,1, , ,N,3,0,0,3,0,2,2,2,N,N,40 02:28.273,75 05:17.573,853, ,853,1,2,7,N, ,0,N, , , , ,101745, , , ,2,2,0,0,0,0,0,0,0,0,0,2,2,0,0,0,0,0,0,0,0,0,0,0,0,0,0,0,0,0,0,0,0,0,0,4,0,40.0412,-75.0882, ,Philadelphia
 ,6808,2017105978,6,67,67301,2017,9,3,1938,19,2,1,1,1,1, , ,N,0,0,0,3,0,0,4,2,N, ,39 54:31.561,75 13:23.115,1944, ,1944, ,0, , , ,0, , , , , ,101748, , , ,2,2,0,0,0,0,0,0,0,0,0,0,0,0,0,0,0,0,0,0,1,0,0,0,0,0,0,0,0,0,0,0,0,0,0,0,0,39.9088,-75.2231, ,Philadelphia
 ,6809,2017116033,6,67,67301,2017,10,2,1402,14,1,2,1,5,1, , ,N,0,0,0,3,0,1,3,3,N,N,39 53:39.888,75 14:46.809,1438, ,1426, ,0, ,N, ,0, , , , , ,101750, , , ,3,2,0,0,0,0,1,0,0,0,0,0,1,1,0,0,0,0,0,0,1,0,0,0,0,0,0,0,0,0,0,0,0,0,0,8,0,39.8944,-75.2463, ,Philadelphia
 ,6810,2017093534,6,67,67301,2017,8,2,1623,16,1,1,0,8,1, , ,N,1,2,0,3,0,1,2,2,N, ,39 58:08.327,75 13:01.203,1626, ,1624, ,0, , , ,3, , , , , ,101763, , , ,1,0,0,0,0,0,1,0,0,0,0,0,1,1,0,0,0,0,0,0,0,0,0,1,0,0,0,0,0,0,0,0,1,0,0,8,0,39.969,-75.217, ,Philadelphia
 ,6811,2018015794,6,67,67301,2017,10,1,1644,16,1,1,0,4,1, , ,N,1,3,0,3,0,3,3,3,N,N,40 02:51.097,75 09:50.122,1657, ,1654, ,0, ,N, ,3, , , , , ,101783, , , ,3,1,0,0,0,0,2,0,0,0,0,3,3,0,0,0,0,0,0,0,0,0,0,1,0,0,0,0,0,0,0,0,0,0,0,4,0,40.0475,-75.1639, ,Philadelphia
 ,6812,2017086108,6,67,67301,2017,7,6,855,8,1,1,0,4,1, , ,N,2,2,7,3,0,1,2,4,N,N,40 03:29.799,75 02:35.663,912, ,906,2,1,4,N, ,3,Y, , , , ,101785, , , ,4,3,0,0,0,0,0,1,0,0,0,1,1,0,0,0,0,0,0,0,0,0,1,0,0,0,0,0,0,0,0,0,0,0,0,4,0,40.0583,-75.0432, ,Philadelphia
 ,6813,2017120569,6,67,67301,2017,10,6,844,8,1,1,0,4,1, , ,N,1,2,0,3,0,0,2,2,N, ,39 56:17.705,75 11:54.841,900, ,851, ,0, , , ,3, , , , , ,101809, , , ,2,2,0,0,0,0,0,0,0,0,0,0,0,0,0,0,0,0,0,0,1,0,0,2,0,0,0,0,0,0,0,0,0,0,0,0,0,39.9383,-75.1986, ,Philadelphia
 ,6814,2017111993,6,67,67301,2017,10,6,1505,15,1,1,0,4,6, , ,N,0,0,0,3,0,0,1,2,N,N,39 59:05.600,75 09:28.300,1520, ,1510, ,0, ,N, ,0, , , , , ,101811, , , ,2,0,0,0,0,0,2,0,0,0,0,0,0,0,0,0,0,0,0,0,0,0,0,0,0,0,0,0,0,0,0,0,0,0,0,0,0,39.9849,-75.1579, ,Philadelphia
 ,6815,2017096795,6,67,67301,2017,9,3,2013,20,3,1,0,5,1, , ,N,0,0,0,3,0,1,3,2,N,N,39 59:01.188,75 09:24.616,2017, ,2015, ,0, ,N, ,0, , , , , ,101816, , , ,2,1,0,0,0,0,1,0,0,0,1,0,1,0,0,0,0,0,0,0,1,0,0,0,0,0,0,0,0,0,0,0,0,0,0,3,0,39.9837,-75.1568, ,Philadelphia
 ,6816,2017117369,6,67,67301,2017,10,1,2258,22,3,2,1,4,1, , ,N,0,0,0,3,0,6,6,2,N,N,39 59:45.298,75 04:58.214,2328, ,2328,1,1,1, , ,0,N, , , , ,101820, , , ,2,2,0,0,0,0,0,0,0,0,3,3,6,0,0,0,0,0,0,0,0,0,0,0,0,0,0,0,0,0,0,0,0,0,0,3,0,39.9959,-75.0828, ,Philadelphia
 ,6817,2017093610,6,67,67301,2017,8,7,2200,22,3,1,0,4,1, , ,N,1,2,0,3,0,1,2,2,N,N,40 00:31.034,75 04:07.810,2210, ,2202,2,1,7,N, ,3,Y, , , , ,101827, , , ,2,2,0,0,0,0,0,0,0,0,0,1,1,0,0,0,0,0,0,0,0,0,0,0,0,0,0,0,0,0,0,0,0,0,0,4,0,40.0086,-75.0688, ,Philadelphia
 ,6818,2017137516,6,67,67301,2017,12,2,927,9,1,1,0,8,1, , ,N,2,0,0,3,0,1,2,2,N,N,40 02:59.654,75 09:11.350,950, ,942, ,0, ,N, ,0, , , , , ,101837, , , ,1,0,0,0,1,0,0,0,0,0,0,1,1,0,0,0,0,0,0,0,0,1,0,0,0,0,0,0,0,0,0,0,1,0,0,4,0,40.0499,-75.1532, ,Philadelphia
 ,6819,2017093584,6,67,67301,2017,8,1,1803,18,1,1,0,5,1, , ,N,0,0,0,3,0,2,3,2,N,N,39 56:03.313,75 09:01.997,1831, ,1828, ,0, ,N, ,0, , , , , ,101851, , , ,2,1,0,0,1,0,0,0,0,0,0,2,2,0,0,0,0,0,0,0,1,0,1,0,0,0,0,0,0,0,0,0,0,0,0,4,0,39.9343,-75.1506, ,Philadelphia
 ,6820,2017116190,6,67,67301,2017,10,6,1356,13,1,1,0,1,1, , ,N,1,2,0,3,0,1,2,2,N,N,40 03:35.733,75 01:06.209,1402, ,1400, ,0, ,N, ,3, , , , , ,101855, , , ,2,2,0,0,0,0,0,0,0,0,0,0,1,1,0,0,0,0,0,0,1,0,0,0,0,0,0,0,0,0,0,0,0,0,0,8,0,40.0599,-75.0184, ,Philadelphia
 ,6821,2017133994,6,67,67301,2017,11,2,2330,23,3,1,0,4,1, , ,N,2,2,2,3,0,0,2,2,N, ,39 58:29.022,75 11:53.809,2337, ,2337, ,0, ,N, ,3, , , , , ,101879, , , ,2,2,0,0,0,0,0,0,0,0,0,0,0,0,0,0,0,0,0,0,0,0,0,1,0,0,0,0,0,0,0,0,0,0,0,0,0,39.9747,-75.1983, ,Philadelphia
N,6822,2017106454,6,67,67301,2017,10,3,1552,15,1,1,0,1,1,1,4,Y,0,0,0,3,0,0,8,6,N,N,39 58:37.021,75 06:47.683,1608,45,1555,2,2,1, , ,0,N,N,N,N,N,101901,N,Y,N,6,5,0,0,0,0,1,0,0,0,0,0,0,0,0,0,0,0,0,0,3,0,0,0,0,0,0,0,0,0,0,0,0,0,0,0,0,39.9769,-75.1133, ,Philadelphia
 ,6823,2017097497,6,67,67301,2017,9,4,1613,16,1,1,0,1,1, , ,N,0,0,0,3,0,1,2,2,N,N,39 58:54.293,75 06:06.738,1622, ,1618,2,2,2, , ,0,N, , , , ,99446, , , ,2,2,0,0,0,0,0,0,0,0,0,0,1,1,0,0,0,0,0,1,0,0,0,0,0,0,0,0,0,0,0,0,0,0,0,8,0,39.9817,-75.1019, ,Philadelphia
 ,6824,2017109935,6,67,67301,2017,9,4,1656,16,1,1,0,8,1, , ,N,1,2,0,3,0,1,2,2,N,N,39 56:37.812,75 14:16.207,1754, ,1752, ,0, ,N, ,3, , , , , ,99457, , , ,1,1,0,0,0,0,0,0,0,0,0,1,1,0,0,0,0,0,0,0,0,1,0,0,0,0,0,0,0,0,0,0,1,0,0,4,0,39.9438,-75.2379, ,Philadelphia
 ,6825,2017090522,6,67,67301,2017,8,5,649,6,1,1,0,1,1, , ,N,3,0,2,3,0,0,3,3,N,N,39 57:21.582,75 08:29.701,739, ,712,2,1,4, , ,0,N, , , , ,99459, , , ,3,3,0,0,0,0,0,0,0,0,0,0,0,0,0,0,0,0,0,0,0,0,0,0,0,0,0,0,0,0,0,0,0,0,0,0,0,39.956,-75.1416, ,Philadelphia
 ,6826,2017093625,6,67,67301,2017,8,3,1745,17,1,1,0,4,1, , ,N,1,3,0,3,0,0,2,2,N,N,40 02:10.593,75 03:22.939,1830, ,1830, ,0, ,N, ,3, , , , , ,99484, , , ,2,0,0,0,0,0,2,0,0,0,0,0,0,0,1,0,0,0,0,0,0,0,0,0,0,0,0,0,0,0,0,0,0,0,0,9,0,40.0363,-75.0564, ,Philadelphia
 ,6827,2017086307,6,67,67301,2017,7,1,1455,14,1,1,0,4,1, , ,N,2,3,0,3,0,0,4,2,N,N,39 58:32.481,75 11:30.773,1520, ,1500,1,2,1,N, ,3,N, , , , ,99496, , , ,2,1,0,0,0,0,0,1,0,0,0,0,0,0,0,0,0,0,0,0,0,0,0,0,0,0,0,0,0,0,0,0,0,0,0,0,0,39.9755,-75.1918, ,Philadelphia
 ,6828,2017100607,6,67,67301,2017,9,5,1524,15,1,1,0,1,1, , ,N,0,0,0,3,0,1,3,3,N,N,39 57:36.390,75 10:47.100,1533, ,1524,1,1,4, , ,0,N, , , , ,99522, , , ,3,1,0,0,1,0,1,0,0,0,0,0,1,1,1,0,0,0,0,0,0,0,0,1,0,0,0,0,0,0,0,0,0,0,0,8,0,39.9601,-75.1798, ,Philadelphia
 ,6829,2017114365,6,67,67301,2017,11,5,933,9,1,1,0,4,1, , ,N,0,0,0,3,0,1,2,2,N,N,39 58:43.827,75 09:32.718,933, ,933, ,0, ,N, ,0, , , , , ,99544, , , ,1,1,0,0,0,0,0,0,1,0,1,0,1,0,0,0,0,0,0,0,0,0,0,0,0,0,0,0,0,0,0,0,0,0,0,3,0,39.9788,-75.1591, ,Philadelphia
 ,6830,2017106005,6,67,67301,2017,9,2,839,8,1,1,0,1,1, , ,N,1,2,0,3,0,0,6,4,N,N,39 55:24.605,75 09:46.385,900, ,855, ,0, ,N, ,3, , , , , ,99553, , , ,4,0,0,0,0,0,2,1,0,0,0,0,0,0,0,0,0,0,0,0,1,0,0,5,0,0,0,0,0,0,0,0,0,0,0,0,0,39.9235,-75.1628, ,Philadelphia
 ,6831,2017102546,6,67,67301,2017,10,4,1907,19,3,1,0,4,1, , ,N,1,2,0,3,0,1,5,2,N,N,39 58:41.402,75 09:14.958,1919, ,1918, ,0, ,N, ,3, , , , , ,99556, , , ,2,2,0,0,0,0,0,0,0,0,0,1,1,0,1,0,0,0,0,0,0,0,0,0,0,0,0,0,0,0,0,0,0,0,0,4,0,39.9782,-75.1541, ,Philadelphia
 ,6832,2017130727,6,67,67301,2017,11,1,2350,23,3,2,1,4,1, , ,N,1,3,0,3,0,2,4,2,N,N,39 59:11.940,75 08:47.191,2, ,2,2,2,3,N, ,3,Y, , , , ,99567, , , ,2,2,0,0,0,0,0,0,0,0,0,2,2,0,0,0,0,0,0,0,1,0,0,2,0,0,0,0,0,0,0,0,0,0,0,4,0,39.9866,-75.1464, ,Philadelphia
 ,6833,2017135617,6,67,67301,2017,11,1,1757,17,3,1,0,1,1, , ,N,0,0,0,3,0,0,2,2,N,N,39 57:58.067,75 11:12.154,1806, ,1758,2,2,4, , ,0,N, , , , ,99573, , , ,2,1,0,0,0,0,1,0,0,0,0,0,0,0,0,0,0,0,0,0,1,0,0,0,0,0,0,0,0,0,0,0,0,0,0,0,0,39.9661,-75.1867, ,Philadelphia
 ,6834,2017120552,6,67,67301,2017,10,1,9999,99,1,1,0,4,1, , ,N,1,3,0,3,0,1,2,3,N,N,40 02:13.106,75 02:11.246,9999, ,900,5,2,2,N, ,3,Y, , , , ,99580, , , ,3,1,0,0,0,0,2,0,0,0,0,1,1,0,0,0,0,0,0,0,1,1,0,0,0,0,0,0,0,0,0,0,0,0,0,4,0,40.037,-75.0365, ,Philadelphia
 ,6835,2017096535,6,67,67301,2017,8,4,1557,15,1,1,0,4,1, , ,N,1,3,0,3,0,1,2,3,N,N,39 59:38.227,75 08:56.727,1609, ,1600, ,0, ,N, ,3, , , , , ,99588, , , ,3,2,0,0,0,0,1,0,0,0,0,1,1,0,0,0,0,0,0,0,0,0,0,1,0,0,0,0,0,0,0,0,0,0,0,4,0,39.994,-75.1491, ,Philadelphia
 ,6836,2017135239,6,67,67301,2017,12,7,2255,22,3,1,0,1,1, , ,N,0,0,0,3,0,1,3,2,N,N,40 00:04.623,75 11:40.727,2255, ,2255, ,0, , , ,0, , , , , ,99604, , , ,2,1,0,0,0,0,1,0,0,0,0,1,1,0,0,0,0,0,0,0,1,0,0,0,0,0,0,0,0,0,0,0,0,0,0,4,0,40.0013,-75.1946, ,Philadelphia
 ,6837,2018020765,6,67,67301,2017,11,6,1830,18,3,1,0,4,1, , ,N,0,0,7,3,0,1,2,2,N,N,40 01:29.533,75 10:00.189,1845, ,1837, ,0, ,N, ,0, , , , , ,99616, , , ,2,1,0,1,0,0,0,0,0,0,0,1,1,0,0,0,0,0,0,0,1,0,0,0,0,0,0,0,0,0,0,0,0,0,0,4,1,40.0249,-75.1667, ,Philadelphia
 ,6838,2018004073,6,67,67301,2017,12,5,1131,11,1,1,0,1,1, , ,N,0,0,0,3,0,0,4,4,N,N,39 59:43.134,75 05:00.839,1145, ,1132,2,2,2, , ,0,N, , , , ,99620, , , ,4,1,0,0,0,0,3,0,0,0,0,0,0,0,0,0,0,0,0,1,0,0,0,0,0,0,0,0,0,0,0,0,0,0,0,0,0,39.9953,-75.0836, ,Philadelphia
 ,6839,2017116058,6,67,67301,2017,10,5,1130,11,1,1,0,5,1, , ,N,0,0,0,3,0,2,4,2,N,N,40 02:08.293,75 10:29.677,1137, ,1137,1,1,3,N, ,0,Y, , , , ,99635, , , ,2,2,0,0,0,0,0,0,0,0,0,2,2,0,0,0,0,0,0,0,0,0,0,4,0,0,0,0,0,0,0,0,0,0,0,4,0,40.0356,-75.1749, ,Philadelphia
 ,6840,2017086225,6,67,67301,2017,7,2,1459,14,1,1,0,4,1, , ,N,1,2,0,3,0,1,4,2,N,N,40 01:59.865,75 02:15.694,1511, ,1501,2,1,3,N, ,3,N, , , , ,99662, , , ,2,2,0,0,0,0,0,0,0,0,0,1,1,0,0,0,0,0,0,0,0,0,0,0,0,0,0,0,0,0,0,0,0,0,0,4,0,40.0332,-75.0378, ,Philadelphia
 ,6841,2017093640,6,67,67301,2017,8,1,100,1,3,1,0,5,6, , ,N,0,0,0,3,0,0,1,2,N, ,40 04:52.802,75 04:49.998,105, ,102, ,0, , , ,0, , , , , ,92966, , , ,2,2,0,0,0,0,0,0,0,0,0,0,0,0,0,0,0,0,0,0,0,0,0,1,0,0,0,0,0,0,0,0,0,0,0,0,0,40.0813,-75.0806, ,Philadelphia
 ,6842,2017070428,6,67,67301,2017,6,7,1633,16,1,1,0,1,1, , ,N,0,0,0,3,0,1,2,2,N,N,40 01:06.656,75 03:27.360,1706, ,1701, ,0, ,N, ,0, , , , , ,92978, , , ,2,1,1,0,0,0,0,0,0,0,0,1,1,0,0,0,0,0,0,0,0,0,0,1,0,0,0,0,0,0,0,0,0,0,0,4,0,40.0185,-75.0576, ,Philadelphia
 ,6843,2017083646,6,67,67301,2017,2,2,1842,18,3,1,0,1,1, , ,N,0,0,0,3,0,0,5,3,N,N,39 59:12.039,75 05:29.759,1853, ,1849, ,0, , , ,0, , , , , ,92985, , , ,3,2,0,0,0,0,1,0,0,0,0,0,0,0,0,0,0,0,0,0,0,0,0,0,0,0,0,0,0,0,0,0,0,0,0,0,0,39.9867,-75.0916, ,Philadelphia
 ,6844,2017122925,6,67,67301,2017,11,6,2134,21,3,1,0,1,1, , ,N,0,0,0,3,0,0,3,3,N,N,39 56:55.983,75 11:07.724,2138, ,2136,2,1,3, , ,0,N, , , , ,92989, , , ,3,2,0,0,0,0,1,0,0,0,0,0,0,0,0,0,0,0,0,0,0,0,0,0,0,0,0,0,0,0,0,0,0,0,0,0,0,39.9488,-75.1856, ,Philadelphia
 ,6845,2017106858,6,67,67301,2017,9,6,1459,14,1,1,0,0,1, , ,N,0,0,0,3,0,0,2,1,N,N,40 01:32.650,75 01:40.263,1535, ,1524, ,0, , , ,0, , , , , ,92994, , , ,1,1,0,0,0,0,0,0,0,0,0,0,0,0,0,0,1,0,0,0,0,0,0,0,0,0,0,0,0,0,0,0,0,0,0,0,0,40.0257,-75.0279, ,Philadelphia
 ,6846,2017098004,6,67,67301,2017,9,4,2015,20,3,2,1,8,1, , ,N,1,2,0,3,0,1,2,2,N, ,39 57:14.229,75 09:34.159,2025, ,2021, ,0, , , ,3, , , , , ,92995, , , ,1,1,0,0,0,0,0,0,0,0,0,1,1,0,0,0,0,0,0,0,0,0,0,1,0,0,0,0,0,0,0,0,1,0,0,4,0,39.9539,-75.1595, ,Philadelphia
 ,6847,2017055602,6,67,67301,2017,4,4,330,3,2,1,0,5,6, , ,N,0,0,0,3,0,0,1,3,N,N,39 54:56.944,75 09:35.078,445, ,9999,2,2,1,N, ,0,Y, , , , ,93024, , , ,3,1,0,0,0,0,2,0,0,0,0,0,0,0,0,0,0,0,0,0,0,0,0,0,0,0,0,0,0,0,0,0,0,0,0,0,0,39.9158,-75.1597, ,Philadelphia
 ,6848,2017060485,6,67,67301,2017,5,3,800,8,1,1,0,4,1, , ,N,0,0,0,3,0,1,3,2,N,N,39 55:28.680,75 13:23.171,805, ,800, ,0, ,N, ,0, , , , , ,93034, , , ,2,0,0,0,0,0,1,1,0,0,0,0,1,1,0,0,0,0,0,0,1,0,0,0,0,0,0,0,0,0,0,0,0,0,0,8,0,39.9246,-75.2231, ,Philadelphia
 ,6849,2017080981,6,67,67301,2017,7,7,614,6,5,1,0,7,2, , ,N,0,0,0,3,0,1,2,1,N,N,39 59:01.456,75 05:50.845,643, ,619, ,0, , , ,0, , , , , ,93041, , , ,1,1,0,0,0,0,0,0,0,0,1,0,1,0,0,0,0,0,0,0,0,0,0,1,0,0,0,0,0,0,0,0,0,0,0,3,0,39.9837,-75.0975, ,Philadelphia
 ,6850,2017096418,6,67,67301,2017,8,6,1530,15,1,1,0,4,1, , ,N,0,0,7,3,0,0,2,2,N,N,39 59:30.369,75 08:17.294,1640, ,1640, ,0, ,N, ,0, , , , , ,93104, , , ,2,1,0,0,1,0,0,0,0,0,0,0,0,0,0,0,0,0,0,0,0,0,0,1,0,0,0,0,0,0,0,0,0,0,0,0,0,39.9918,-75.1381, ,Philadelphia
 ,6851,2017054868,6,67,67301,2017,3,5,2320,23,3,1,0,1,1, , ,N,0,0,0,3,0,0,4,4,N,N,39 58:38.873,75 06:44.092,2340, ,2320,1,2,1, , ,0,N, , , , ,93118, , , ,4,3,0,0,0,0,1,0,0,0,0,0,0,0,0,0,0,0,0,0,1,0,0,0,0,0,0,0,0,0,0,0,0,0,0,0,0,39.9775,-75.1122, ,Philadelphia
 ,6852,2017060606,6,67,67301,2017,5,4,1740,17,1,1,0,4,1, , ,N,0,0,0,3,0,3,4,2,N, ,39 58:39.100,75 12:23.900,1750, ,1741, ,0, , , ,0, , , , , ,93119, , , ,2,1,0,0,0,0,0,1,0,0,3,0,3,0,0,0,0,0,0,0,1,0,0,0,0,0,0,0,0,0,0,0,0,0,0,3,0,39.9775,-75.2066, ,Philadelphia
 ,6853,2017060742,6,67,67301,2017,5,7,300,3,3,1,0,5,6, , ,N,0,0,0,3,0,1,1,2,N,N,40 03:34.102,75 01:31.987,330, ,312, ,0, ,N, ,0, , , , , ,93123, , , ,2,1,0,0,0,0,1,0,0,0,0,1,1,0,0,0,0,0,0,0,0,0,0,0,0,0,0,0,0,0,0,0,0,0,0,4,0,40.0595,-75.0256, ,Philadelphia
 ,6854,2017070424,6,67,67301,2017,6,7,1720,17,1,1,0,7,4, , ,N,3,2,0,3,0,1,1,1,N,N,40 00:08.731,75 04:46.794,1730, ,1722,3,1,1,N, ,3,Y, , , , ,93132, , , ,1,1,0,0,0,0,0,0,0,0,1,0,1,0,0,0,0,0,0,0,0,0,0,0,0,0,0,0,0,0,0,0,0,0,0,3,0,40.0024,-75.0797, ,Philadelphia
 ,6855,2017078814,6,67,67301,2017,7,2,2225,22,3,1,0,1,1, , ,N,2,2,0,3,0,2,2,2,N,N,40 06:28.498,75 01:35.131,2320, ,2314, ,0, ,N, ,3, , , , , ,93136, , , ,2,2,0,0,0,0,0,0,0,0,0,2,2,0,0,0,0,0,0,0,1,0,1,0,0,0,0,0,0,0,0,0,0,0,0,4,0,40.1079,-75.0264, ,Philadelphia
 ,6856,2017091852,6,67,67301,2017,8,7,950,9,1,1,0,4,1, , ,N,1,2,0,3,0,1,3,2,N,N,39 56:38.115,75 09:06.879,1002, ,955, ,0, ,N, ,3, , , , , ,93150, , , ,2,1,0,0,0,0,1,0,0,0,0,0,1,1,0,0,0,0,0,0,0,0,0,2,0,0,0,0,0,0,0,0,0,0,0,8,0,39.9439,-75.1519, ,Philadelphia
 ,6857,2017091866,6,67,67301,2017,7,6,1140,11,1,1,0,4,1, , ,N,1,2,0,3,0,2,2,2,N,N,40 02:12.235,75 03:52.193,1200, ,1158,1,2,4,N, ,3,Y, , , , ,93154, , , ,2,2,0,0,0,0,0,0,0,0,0,2,2,0,0,0,0,0,0,0,0,1,0,0,0,0,0,0,0,0,0,0,0,0,0,4,0,40.0366,-75.0645, ,Philadelphia
 ,6858,2017076227,6,67,67301,2017,6,7,831,8,1,1,0,6,6, , ,N,0,0,0,3,0,0,1,3,N,N,39 58:20.024,75 14:40.168,846, ,844, ,0, ,N, ,0, , , , , ,93185, , , ,3,2,0,0,0,0,0,0,0,0,0,0,0,0,0,0,0,0,0,0,0,0,0,0,0,0,0,0,0,0,0,0,0,0,0,0,0,39.9722,-75.2445, ,Philadelphia
 ,6859,2017080205,6,67,67301,2017,8,1,2110,21,3,1,0,4,1, , ,N,1,2,0,3,0,0,2,2,N,N,39 58:28.020,75 09:31.391,2120, ,2113,1,1,2,N, ,3,N, , , , ,96022, , , ,2,2,0,0,0,0,0,0,0,0,0,0,0,0,0,0,0,0,0,0,1,0,0,0,0,0,0,0,0,0,0,0,0,0,0,0,0,39.9745,-75.1587, ,Philadelphia
 ,6860,2017087190,6,67,67301,2017,8,7,241,2,3,2,1,7,4, , ,N,0,0,0,3,0,0,1,1,N,N,39 57:35.943,75 10:46.677,251, ,251,1,2,3, , ,0,N, , , , ,96031, , , ,1,1,0,0,0,0,0,0,0,0,0,0,0,0,0,0,0,0,0,0,0,0,0,0,0,0,0,0,0,0,0,0,0,0,0,0,0,39.96,-75.1796, ,Philadelphia
 ,6861,2017088934,6,67,67301,2017,8,6,1145,11,1,1,0,8,1, , ,N,1,3,0,3,0,1,2,2,N, ,39 59:02.363,75 07:41.566,1415, ,1415, ,0, , , ,3, , , , , ,96047, , , ,1,1,0,0,0,0,0,0,0,0,0,0,1,1,0,0,0,0,0,0,0,0,0,1,0,0,0,0,0,0,0,0,1,0,0,8,0,39.984,-75.1282, ,Philadelphia
 ,6862,2017109795,6,67,67301,2017,9,2,1255,12,1,1,0,4,1, , ,N,1,2,0,3,0,1,3,2,N,N,40 03:55.083,75 05:25.277,1259, ,1258, ,0, ,N, ,3, , , , , ,96061, , , ,2,1,0,0,0,0,1,0,0,0,0,0,1,1,0,0,0,0,0,0,0,1,0,2,0,0,0,0,0,0,0,0,0,0,0,8,0,40.0653,-75.0904, ,Philadelphia
 ,6863,2017074083,6,67,67301,2017,5,2,1550,15,1,1,0,4,1, , ,N,1,3,0,3,0,1,2,2,N,N,40 03:38.128,75 10:39.282,0, ,0, ,0, ,N, ,3, , , , , ,96063, , , ,2,2,0,0,0,0,0,0,0,0,0,0,1,1,0,0,0,0,0,0,2,0,0,0,0,0,0,0,0,0,0,0,0,0,0,8,0,40.0606,-75.1776, ,Philadelphia
 ,6864,2017076306,6,67,67301,2017,6,7,1611,16,1,9,8,1,1, , ,N,2,0,0,3,0,1,2,2,N, ,39 54:53.958,75 09:24.140,1611, ,1639, ,0, , , ,0, , , , , ,96065, , , ,2,2,0,0,0,0,0,0,0,0,0,1,1,0,0,0,0,0,0,0,1,1,0,0,0,0,0,0,0,0,0,0,0,0,0,4,0,39.9149,-75.1566, ,Philadelphia
 ,6865,2017078897,6,67,67301,2017,6,2,1800,18,1,9,0,4,1, , ,N,1,3,0,3,0,1,2,2,N,N,40 00:29.772,75 09:22.957,37, ,32, ,0, ,N, ,3, , , , , ,96069, , , ,2,1,0,0,0,0,1,0,0,0,0,0,1,1,1,0,0,0,0,0,0,0,0,0,0,0,0,0,0,0,0,0,0,0,0,8,0,40.0083,-75.1564, ,Philadelphia
 ,6866,2017078760,6,67,67301,2017,6,5,2030,20,4,1,0,8,1, , ,N,1,2,0,3,0,1,2,2,N,N,39 59:10.834,75 10:48.850,2031, ,2031,1,1,6,N, ,3,N, , , , ,96074, , , ,1,0,0,0,0,0,1,0,0,0,0,0,1,1,0,0,0,0,0,0,0,1,0,1,0,0,0,0,0,0,0,0,1,0,0,8,0,39.9864,-75.1803, ,Philadelphia
 ,6867,2017088832,6,67,67301,2017,8,6,1855,18,1,1,0,4,1, , ,N,0,0,7,3,0,1,2,2,N,N,40 01:55.308,75 03:47.844,1857, ,1857, ,0, ,N, ,0, , , , , ,96089, , , ,2,1,0,0,0,0,1,0,0,0,0,1,1,0,0,0,0,0,0,0,0,0,0,0,0,0,0,0,0,0,0,0,0,0,0,4,0,40.032,-75.0633, ,Philadelphia