wz_ln_closure,objectid_1,crn,district,county,municipality,crash_year,crash_month,day_of_week,time_of_day,hour_of_day,illumination,weather,road_condition,collision_type,relation_to_road,work_zone_type,work_zone_loc,work_zone_ind,intersect_type,tcd_type,location_type,urban_rural,fatal_count,injury_count,person_count,total_units,sch_bus_ind,sch_zone_ind,latitude,longitude,arrival_tm,cons_zone_spd_lim,dispatch_tm,est_hrs_closed,lane_closed,ln_close_dir,ntfy_hiwy_maint,spec_juris_cd,tcd_func_cd,tfc_detour_ind,workers_pres,wz_close_detour,wz_flagger,wz_law_offcr_ind,objectid,wz_moving,wz_other,wz_shlder_mdn,vehicle_count,automobile_count,motorcycle_count,bus_count,small_truck_count,heavy_truck_count,suv_count,van_count,bicycle_count,maj_inj_count,mod_inj_count,min_inj_count,tot_inj_count,unk_inj_deg_count,unk_inj_per_count,driver_count_16yr,driver_count_17yr,driver_count_18yr,driver_count_19yr,driver_count_20yr,driver_count_50_64yr,driver_count_65_74yr,driver_count_75plus,unbelted_occ_count,unb_death_count,unb_maj_inj_count,belted_death_count,belted_maj_inj_count,mcycle_death_count,mcycle_maj_inj_count,bicycle_death_count,bicycle_maj_inj_count,ped_count,ped_death_count,ped_maj_inj_count,max_severity_level,comm_veh_count,dec_lat,dec_long,rdwy_surf_type_cd,county_name
 ,6932,2017113054,6,67,67301,2017,10,2,1045,10,1,1,0,2,1, , ,N,2,3,0,3,0,1,8,2,N,N,39 58:51.223,75 05:58.785,1050, ,1045,2,1,6,N, ,3,N, , , , ,96200, , , ,2,0,0,0,0,0,1,1,0,0,0,1,1,0,0,0,0,0,0,0,1,0,0,0,0,0,0,0,0,0,0,0,0,0,0,4,0,39.9809,-75.0997, ,Philadelphia
 ,6933,2017117953,6,67,67301,2017,10,2,1452,14,1,2,1,5,1, , ,N,0,8,0,3,0,1,2,2,N,N,40 01:46.261,75 01:21.071,1506, ,1455,1,2,2, , ,3,N, , , , ,96204, , , ,2,2,0,0,0,0,0,0,0,0,1,0,1,0,1,0,0,0,0,1,0,0,0,0,0,0,0,0,0,0,0,0,0,0,0,3,0,40.0295,-75.0225, ,Philadelphia
 ,6934,2017123772,6,67,67301,2017,11,7,1039,10,1,1,0,1,1, , ,N,0,0,0,3,0,0,6,3,N,N,39 57:27.315,75 09:37.405,1049, ,1041,1,1,4, , ,0,N, , , , ,96219, , , ,3,3,0,0,0,0,0,0,0,0,0,0,0,0,0,0,0,0,0,0,0,0,0,0,0,0,0,0,0,0,0,0,0,0,0,0,0,39.9576,-75.1604, ,Philadelphia
 ,6935,2017086780,6,67,67301,2017,4,1,1710,17,1,1,1,5,1, , ,N,2,0,0,3,0,4,12,2,N,N,40 01:40.720,75 05:27.603,1722, ,1712,1,1,1,N, ,0,N, , , , ,96221, , , ,2,0,0,0,0,0,2,0,0,0,0,4,4,0,1,0,0,0,0,0,1,0,0,0,0,0,0,0,0,0,0,0,0,0,0,4,0,40.0281,-75.0908, ,Philadelphia
 ,6936,2017098407,6,67,67301,2017,9,7,1740,17,1,1,0,4,1, , ,N,1,2,0,3,0,1,2,2,N,N,39 59:07.285,75 09:40.982,1743, ,1741,3,1,6,N, ,3,Y, , , , ,96229, , , ,2,1,0,0,0,0,1,0,0,0,0,0,1,1,0,0,0,0,0,0,0,0,0,0,0,0,0,0,0,0,0,0,0,0,0,8,0,39.9854,-75.1614, ,Philadelphia
 ,6937,2017097860,6,67,67301,2017,9,1,1030,10,1,1,0,4,1, , ,N,1,2,0,3,0,0,2,2,N,N,39 57:24.450,75 08:19.842,1040, ,1030, ,0, , , ,3, , , , , ,96240, , , ,2,2,0,0,0,0,0,0,0,0,0,0,0,0,0,0,0,0,0,0,0,0,2,0,0,0,0,0,0,0,0,0,0,0,0,0,0,39.9568,-75.1386, ,Philadelphia
 ,6938,2017127298,6,67,67301,2017,11,5,1300,13,1,1,0,4,1, , ,N,1,2,0,3,0,2,4,3,N, ,39 57:22.730,75 14:23.657,9999, ,1309, ,0, , , ,3, , , , , ,96246, , , ,3,2,0,0,1,0,0,0,0,0,0,2,2,0,0,0,0,0,0,0,1,0,0,0,0,0,0,0,0,0,0,0,0,0,0,4,0,39.9563,-75.2399, ,Philadelphia
 ,6939,2017067760,6,67,67301,2017,5,5,745,7,1,2,1,4,1, , ,N,0,0,7,3,0,0,2,2,N,N,40 04:06.114,75 14:25.459,913, ,907, ,0, , , ,0, , , , , ,96256, , , ,2,1,0,0,0,0,1,0,0,0,0,0,0,0,0,0,0,0,0,0,0,0,0,0,0,0,0,0,0,0,0,0,0,0,0,0,0,40.0684,-75.2404, ,Philadelphia
 ,6940,2017067900,6,67,67301,2017,6,7,1750,17,1,1,0,5,6, , ,N,0,0,0,3,0,0,1,3,N,N,39 55:57.525,75 08:46.341,1837, ,1832,3,2,4,N, ,0,Y, , , , ,96270, , , ,3,2,0,0,0,0,1,0,0,0,0,0,0,0,1,0,0,0,0,0,0,0,0,0,0,0,0,0,0,0,0,0,0,0,0,9,0,39.9326,-75.1462, ,Philadelphia
 ,6941,2017086806,6,67,67301,2017,4,4,835,8,1,2,1,4,1, , ,N,0,0,0,3,0,1,2,2,N,N,40 02:32.270,75 07:26.073,842, ,842, ,0, ,N, ,0, , , , , ,96276, , , ,2,1,0,0,0,0,0,1,0,0,0,1,1,0,0,0,0,0,0,1,0,0,0,0,0,0,0,0,0,0,0,0,0,0,0,4,0,40.0423,-75.1239, ,Philadelphia
 ,6942,2017091870,6,67,67301,2017,8,6,715,7,1,1,0,5,1, , ,N,0,0,3,3,0,2,3,2,N,N,39 53:52.073,75 12:41.281,835, ,829, ,0, ,N, ,0, , , , , ,96295, , , ,2,0,0,0,0,1,1,0,0,0,0,2,2,0,0,0,0,0,0,0,0,1,0,0,0,0,0,0,0,0,0,0,0,0,0,4,1,39.8995,-75.2076, ,Philadelphia
 ,6943,2017088316,6,67,67301,2017,7,6,215,2,3,2,1,4,1, , ,N,1,2,0,3,0,0,3,2,N,N,40 03:17.072,75 00:17.300,233, ,225, ,0, ,N, ,3, , , , , ,96297, , , ,2,2,0,0,0,0,0,0,0,0,0,0,0,0,0,0,0,0,1,0,0,0,0,0,0,0,0,0,0,0,0,0,0,0,0,0,0,40.0547,-75.0048, ,Philadelphia
 ,6944,2017120653,6,67,67301,2017,10,1,1645,16,4,2,1,8,1, , ,N,1,2,0,3,0,1,2,2,N,N,39 57:55.245,75 13:47.787,1705, ,1655, ,0, , , ,3, , , , , ,96308, , , ,1,0,0,0,1,0,0,0,0,0,0,1,1,0,0,0,0,0,0,0,0,0,0,1,0,0,0,0,0,0,0,0,1,0,0,4,0,39.9653,-75.2299, ,Philadelphia
 ,6945,2017117252,6,67,67301,2017,10,6,943,9,1,1,0,8,1, , ,N,1,3,0,3,0,1,2,2,N, ,39 57:44.996,75 10:23.422,1005, ,1000, ,0, , , ,3, , , , , ,96315, , , ,1,0,0,0,0,0,1,0,0,0,0,0,1,1,0,0,0,0,0,0,0,0,0,0,0,0,0,0,0,0,0,0,1,0,0,8,0,39.9625,-75.1732, ,Philadelphia
 ,6946,2017115976,6,67,67301,2017,10,3,9999,99,1,1,0,4,1, , ,N,1,2,0,3,0,1,2,2,N,N,40 01:17.505,75 03:06.381,1523, ,1515, ,0, ,N, ,3, , , , , ,96334, , , ,2,2,0,0,0,0,0,0,0,0,0,1,1,0,0,0,0,0,0,0,1,0,0,0,0,0,0,0,0,0,0,0,0,0,0,4,0,40.0215,-75.0518, ,Philadelphia
 ,6947,2017116179,6,67,67301,2017,10,5,9999,99,1,1,0,5,1, , ,N,0,0,0,3,0,0,2,2,N, ,40 04:38.053,75 12:31.336,1311, ,1159, ,0, , , ,0, , , , , ,96337, , , ,2,1,0,0,0,1,0,0,0,0,0,0,0,0,0,0,0,0,0,0,1,0,0,1,0,0,0,0,0,0,0,0,0,0,0,0,1,40.0772,-75.2087, ,Philadelphia
 ,6948,2017109881,6,67,67301,2017,10,5,1656,16,1,1,0,4,1, , ,N,0,0,7,3,0,2,3,2,N, ,40 02:21.471,75 01:02.669,1741, ,1719, ,0, ,N, ,0, , , , , ,96358, , , ,2,2,0,0,0,0,0,0,0,0,1,1,2,0,1,0,0,0,0,0,0,1,0,0,0,0,0,0,0,0,0,0,0,0,0,3,0,40.0393,-75.0174, ,Philadelphia
 ,6949,2017133927,6,67,67301,2017,11,3,630,6,1,1,0,4,1, , ,N,1,2,0,3,0,3,14,3,Y,N,40 02:42.011,75 07:24.823,639, ,634,2,2,6,N, ,3,Y, , , , ,102106, , , ,3,1,0,1,0,0,1,0,0,1,0,0,3,2,0,0,0,0,0,1,0,0,0,0,0,0,0,0,0,0,0,0,0,0,0,2,1,40.045,-75.1235, ,Philadelphia
 ,6950,2017127457,6,67,67301,2017,11,2,1130,11,1,2,1,4,1, , ,N,1,2,0,3,0,1,2,2,N, ,39 59:02.061,75 11:10.874,1143, ,1132, ,0, , , ,3, , , , , ,102129, , , ,2,2,0,0,0,0,0,0,0,0,0,1,1,0,1,0,0,0,0,0,0,0,0,0,0,0,0,0,0,0,0,0,0,0,0,4,0,39.9839,-75.1864, ,Philadelphia
 ,6951,2018029947,6,67,67301,2017,12,2,1800,18,3,1,0,4,1, , ,N,1,2,0,3,0,0,4,2,N,N,39 55:21.788,75 14:18.247,1816, ,1816, ,0, ,N, ,3, , , , , ,102133, , , ,2,2,0,0,0,0,0,0,0,0,0,0,0,0,0,0,0,0,0,0,0,0,0,1,0,0,0,0,0,0,0,0,0,0,0,0,0,39.9227,-75.2384, ,Philadelphia
 ,6952,2018030631,6,67,67301,2017,12,6,1500,15,1,1,0,4,1, , ,N,1,3,0,3,0,2,6,2,N,N,39 55:14.545,75 09:31.215,1540, ,1532, ,0, ,N, ,3, , , , , ,102136, , , ,2,1,0,0,0,0,0,1,0,0,0,0,2,2,0,0,0,0,0,0,0,0,0,0,0,0,0,0,0,0,0,0,0,0,0,8,0,39.9207,-75.1587, ,Philadelphia
 ,6953,2018020751,6,67,67301,2017,11,6,832,8,1,1,0,4,1, , ,N,1,2,0,3,0,2,4,3,N, ,40 02:07.261,75 02:22.084,838, ,833, ,0, ,N, ,3, , , , , ,102155, , , ,3,0,0,0,0,0,3,0,0,0,0,2,2,0,0,0,0,0,0,0,0,1,0,0,0,0,0,0,0,0,0,0,0,0,0,4,0,40.0354,-75.0395, ,Philadelphia
 ,6954,2018027372,6,67,67301,2017,12,6,1730,17,3,4,5,1,1, , ,N,0,0,0,3,0,1,2,2,N,N,39 57:20.245,75 09:58.327,1820, ,1810, ,0, ,N, ,0, , , , , ,102156, , , ,2,0,0,0,0,0,2,0,0,0,0,0,1,1,0,0,0,0,0,0,1,0,0,0,0,0,0,0,0,0,0,0,0,0,0,8,0,39.9556,-75.1662, ,Philadelphia
 ,6955,2018020712,6,67,67301,2017,10,3,1240,12,1,1,0,1,6, , ,N,0,0,0,3,0,1,1,2,N, ,40 05:48.213,74 58:30.393,1255, ,250, ,0, ,N, ,0, , , , , ,102160, , , ,2,0,0,0,0,0,2,0,0,0,0,0,1,1,0,0,0,0,0,0,0,0,1,0,0,0,0,0,0,0,0,0,0,0,0,8,0,40.0967,-74.9751, ,Philadelphia
 ,6956,2018015785,6,67,67301,2017,11,4,250,2,3,1,0,5,6, , ,N,0,0,0,3,0,0,1,2,N,N,40 01:48.925,75 12:38.528,258, ,254, ,0, ,N, ,0, , , , , ,102209, , , ,2,2,0,0,0,0,0,0,0,0,0,0,0,0,0,0,0,0,0,0,0,0,0,0,0,0,0,0,0,0,0,0,0,0,0,0,0,40.0303,-75.2107, ,Philadelphia
 ,6957,2018033732,6,67,67301,2017,6,4,1600,16,1,1,0,1,1, , ,N,2,2,0,3,0,2,3,2,N,N,40 00:27.140,75 11:33.187,0, ,0, ,0, ,N, ,3, , , , , ,102210, , , ,2,1,0,0,1,0,0,0,0,0,0,1,2,1,0,0,0,0,0,0,1,0,0,0,0,0,0,0,0,0,0,0,0,0,0,4,0,40.0061,-75.1912, ,Philadelphia
 ,6958,2018033291,6,67,67301,2017,2,6,1515,15,1,1,0,1,1, , ,N,1,2,0,3,0,1,2,2,N,N,39 57:45.290,75 12:46.959,0, ,0, ,0, ,N, ,3, , , , , ,102226, , , ,2,0,0,0,0,0,2,0,0,0,1,0,1,0,0,0,0,0,0,0,1,0,0,0,0,0,0,0,0,0,0,0,0,0,0,3,0,39.9626,-75.213, ,Philadelphia
 ,6959,2017130645,6,67,67301,2017,11,3,1835,18,3,1,0,8,1, , ,N,1,3,0,3,0,1,2,2,N,N,39 56:00.775,75 10:21.555,1842, ,1840,1,2,2,N, ,3,Y, , , , ,102230, , , ,1,1,0,0,0,0,0,0,0,0,0,0,1,1,0,0,0,0,0,0,0,0,0,0,0,0,0,0,0,0,0,0,1,0,0,8,0,39.9335,-75.1727, ,Philadelphia
 ,6960,2017127547,6,67,67301,2017,11,2,1230,12,1,2,1,8,1, , ,N,5,2,8,3,0,1,2,2,N,N,39 57:28.590,75 09:50.929,1240, ,1240,1,1,3,N, ,3,Y, , , , ,102236, , , ,1,0,0,0,0,0,0,1,0,0,0,1,1,0,0,0,0,0,0,0,0,0,0,1,0,0,0,0,0,0,0,0,1,0,0,4,0,39.9579,-75.1641, ,Philadelphia
 ,6961,2017127984,6,67,67301,2017,11,7,1738,17,2,1,0,6,1, , ,N,0,0,0,3,0,1,4,2,N,N,40 00:24.220,75 04:59.976,2010, ,2010, ,0, ,N, ,0, , , , , ,102245, , , ,2,2,0,0,0,0,0,0,0,0,0,0,1,1,0,0,0,0,0,0,0,0,0,1,0,0,0,0,0,0,0,0,0,0,0,8,0,40.0067,-75.0833, ,Philadelphia
 ,6962,2017134999,6,67,67301,2017,11,4,1140,11,1,1,0,8,1, , ,N,1,2,0,3,0,1,2,2,N,N,39 59:29.210,75 08:05.506,1150, ,1145, ,0, ,N, ,3, , , , , ,102249, , , ,1,1,0,0,0,0,0,0,0,0,0,1,1,0,0,0,0,0,0,0,0,0,0,0,0,0,0,0,0,0,0,0,1,0,0,4,0,39.9913,-75.1349, ,Philadelphia
 ,6963,2017122818,6,67,67301,2017,11,5,815,8,1,1,0,4,1, , ,N,1,2,0,3,0,0,1,3,N,N,39 59:19.164,75 11:13.413,9999, ,840, ,0, ,N, ,3, , , , , ,102255, , , ,3,2,0,0,0,0,1,0,0,0,0,0,0,0,0,0,0,0,0,0,0,0,0,0,0,0,0,0,0,0,0,0,0,0,0,0,0,39.9888,-75.187, ,Philadelphia
 ,6964,2017137402,6,67,67301,2017,12,7,1137,11,1,2,1,1,1, , ,N,0,0,0,3,0,1,7,2,N,N,39 57:28.154,75 09:43.671,1152, ,1145, ,0, , , ,0, , , , , ,102256, , , ,2,2,0,0,0,0,0,0,0,0,1,0,1,0,0,0,0,0,0,0,0,0,0,3,0,0,0,0,0,0,0,0,0,0,0,3,0,39.9578,-75.1621, ,Philadelphia
 ,6965,2017136750,6,67,67301,2017,12,5,1823,18,3,1,0,1,1, , ,N,0,0,0,3,0,2,5,3,N,N,40 02:34.142,75 00:11.541,1854, ,1845, ,0, , , ,0, , , , , ,102264, , , ,3,2,0,0,0,0,1,0,0,0,2,0,2,0,0,0,0,1,0,0,0,0,0,0,0,0,0,0,0,0,0,0,0,0,0,3,0,40.0428,-75.0032, ,Philadelphia
 ,6966,2017127442,6,67,67301,2017,11,5,1258,12,1,1,0,8,1, , ,N,1,2,0,3,0,1,2,2,N,N,39 55:27.786,75 10:11.056,1310, ,1258, ,0, ,N, ,3, , , , , ,102273, , , ,1,0,0,0,0,1,0,0,0,0,0,1,1,0,0,0,0,0,0,0,0,0,0,1,0,0,0,0,0,0,0,0,1,0,0,4,1,39.9244,-75.1696, ,Philadelphia
 ,6967,2017127309,6,67,67301,2017,11,3,2050,20,3,2,1,4,1, , ,N,1,2,0,3,0,1,5,2,N,N,39 54:48.114,75 09:54.334,2155, ,2146, ,0, ,N, ,3, , , , , ,99831, , , ,2,0,0,0,0,0,2,0,0,0,0,1,1,0,0,0,0,0,0,0,0,0,0,1,0,0,0,0,0,0,0,0,0,0,0,4,0,39.9134,-75.1651, ,Philadelphia
 ,6968,2018005516,6,67,67301,2017,11,3,1415,14,1,1,0,4,1, , ,N,1,9,0,3,0,0,12,2,N,N,40 02:44.303,75 07:42.560,1423, ,417,2,1,7,N, ,9,N, , , , ,99846, , , ,2,1,0,0,0,0,0,1,0,0,0,0,0,0,12,0,0,0,0,0,2,0,0,0,0,0,0,0,0,0,0,0,0,0,0,9,0,40.0456,-75.1285, ,Philadelphia
 ,6969,2018026858,6,67,67301,2017,12,6,1728,17,3,1,0,8,1, , ,N,1,2,0,3,0,1,2,2,N,N,39 56:27.120,75 12:45.264,1742, ,1731, ,0, ,N, ,3, , , , , ,99847, , , ,1,1,0,0,0,0,0,0,0,0,0,0,1,1,0,0,0,0,0,0,0,0,0,0,0,0,0,0,0,0,0,0,1,0,0,8,0,39.9409,-75.2126, ,Philadelphia
 ,6970,2017125163,6,67,67301,2017,9,1,1825,18,1,1,0,1,1, , ,N,0,8,3,3,0,2,5,4,N,N,39 56:30.040,75 11:39.468,1844, ,1826, ,0, , , ,3, , , , , ,99852, , , ,4,2,0,0,0,0,2,0,0,0,0,2,2,0,0,0,0,0,0,0,2,0,0,0,0,0,0,0,0,0,0,0,0,0,0,4,0,39.9417,-75.1943, ,Philadelphia
 ,6971,2017109840,6,67,67301,2017,9,4,2012,20,3,1,0,8,1, , ,N,1,2,0,3,0,1,2,2,N, ,40 01:49.919,75 07:05.462,2055, ,2051, ,0, , , ,3, , , , , ,99860, , , ,1,0,0,0,0,0,1,0,0,1,0,0,1,0,0,0,0,0,0,0,0,0,0,0,0,0,0,0,0,0,0,0,1,0,1,2,0,40.0305,-75.1182, ,Philadelphia
 ,6972,2017109934,6,67,67301,2017,9,5,1430,14,1,1,0,5,1, , ,N,0,0,0,3,0,1,3,2,N,N,40 06:27.944,74 59:51.743,1845, ,1840, ,0, , , ,0, , , , , ,99862, , , ,2,2,0,0,0,0,0,0,0,0,0,1,1,0,0,0,0,0,0,1,0,0,0,1,0,0,0,0,0,0,0,0,0,0,0,4,0,40.1078,-74.9977, ,Philadelphia
 ,6973,2017093600,6,67,67301,2017,8,7,841,8,1,1,0,4,1, , ,N,1,2,0,3,0,2,2,2,N,N,39 55:01.859,75 14:46.691,902, ,902,9,2,5,N, ,3,Y, , , , ,99871, , , ,2,2,0,0,0,0,0,0,0,0,0,2,2,0,0,0,0,0,0,0,1,0,0,0,0,0,0,0,0,0,0,0,0,0,0,4,0,39.9172,-75.2463, ,Philadelphia
 ,6974,2017130715,6,67,67301,2017,11,3,741,7,1,1,0,4,1, , ,N,0,0,7,3,0,1,2,2,N,N,39 56:41.496,75 14:20.622,803, ,758, ,0, ,N, ,0, , , , , ,99883, , , ,2,1,0,0,0,0,1,0,0,0,0,1,1,0,0,0,0,0,0,0,0,0,0,0,0,0,0,0,0,0,0,0,0,0,0,4,0,39.9449,-75.2391, ,Philadelphia
 ,6975,2018027449,6,67,67301,2017,12,5,1731,17,3,1,0,8,1, , ,N,1,3,0,3,0,2,3,3,N,N,40 02:19.460,75 01:37.285,1804, ,1757, ,0, ,N, ,3, , , , , ,99892, , , ,1,1,0,0,0,0,0,0,0,0,0,1,2,1,0,0,0,0,0,0,0,0,0,0,0,0,0,0,0,0,0,0,2,0,0,4,0,40.0387,-75.027, ,Philadelphia
 ,6976,2018005673,6,67,67301,2017,12,4,1727,17,3,1,0,1,1, , ,N,0,0,0,3,0,0,3,3,N,N,40 02:12.947,75 00:48.895,1805, ,1731,2,1,1,N, ,0,N, , , , ,99893, , , ,3,2,0,0,0,0,1,0,0,0,0,0,0,0,0,0,0,0,0,0,2,0,0,0,0,0,0,0,0,0,0,0,0,0,0,0,0,40.0369,-75.0136, ,Philadelphia
 ,6977,2017133949,6,67,67301,2017,11,3,455,4,3,1,0,2,6, , ,N,0,0,0,3,0,0,1,3,N,N,39 55:00.000,75 14:21.400,507, ,505, ,0, ,N, ,0, , , , , ,99915, , , ,3,1,0,0,0,0,2,0,0,0,0,0,0,0,0,0,0,0,0,0,0,0,0,1,0,0,0,0,0,0,0,0,0,0,0,0,0,39.9167,-75.2393, ,Philadelphia
 ,6978,2017127423,6,67,67301,2017,11,6,1722,17,3,1,0,4,1, , ,N,2,2,0,3,0,0,2,2,N, ,40 02:12.966,75 08:42.305,1732, ,1722, ,0, , , ,3, , , , , ,99921, , , ,2,1,0,0,0,0,1,0,0,0,0,0,0,0,0,0,0,0,0,0,1,0,0,2,0,0,0,0,0,0,0,0,0,0,0,0,0,40.0369,-75.1451, ,Philadelphia
 ,6979,2017122787,6,67,67301,2017,10,2,1125,11,1,1,0,4,1, , ,N,1,3,0,3,0,1,2,2,N, ,39 56:43.724,75 13:13.472,1134, ,1131, ,0, , , ,3, , , , , ,99930, , , ,1,1,0,0,0,0,0,0,1,0,0,1,1,0,0,0,0,0,0,0,0,0,0,1,0,0,0,0,0,0,0,0,0,0,0,4,0,39.9455,-75.2204, ,Philadelphia
 ,6980,2018026808,6,67,67301,2017,12,4,1404,14,1,1,0,4,1, , ,N,1,2,0,3,0,1,9,3,N, ,39 57:07.862,75 14:26.779,1406, ,1406, ,0, ,N, ,3, , , , , ,99939, , , ,3,3,0,0,0,0,0,0,0,0,0,1,1,0,0,0,0,0,0,0,0,0,0,0,0,0,0,0,0,0,0,0,0,0,0,4,0,39.9522,-75.2408, ,Philadelphia
 ,6981,2017120592,6,67,67301,2017,10,2,812,8,1,2,1,6,1, , ,N,0,0,0,3,0,0,2,2,N, ,40 00:42.575,75 09:06.552,817, ,816,9,1,2, , ,0,N, , , , ,99950, , , ,2,0,0,0,0,0,2,0,0,0,0,0,0,0,0,0,0,0,0,0,1,0,0,1,0,0,0,0,0,0,0,0,0,0,0,0,0,40.0118,-75.1518, ,Philadelphia
 ,6982,2018033328,6,67,67301,2017,4,7,1324,13,1,1,0,1,1, , ,N,0,0,7,3,0,1,2,2,N,N,39 55:34.274,75 08:40.689,0, ,0, ,0, ,N, ,0, , , , , ,99954, , , ,2,2,0,0,0,0,0,0,0,0,0,0,1,1,0,0,0,0,0,0,1,0,0,0,0,0,0,0,0,0,0,0,0,0,0,8,0,39.9262,-75.1446, ,Philadelphia
 ,6983,2018020690,6,67,67301,2017,12,1,1210,12,1,1,0,4,1, , ,N,1,3,0,3,0,1,3,2,N,N,39 59:42.417,75 07:38.521,1216, ,1214, ,0, ,N, ,3, , , , , ,99990, , , ,2,1,0,0,0,0,0,1,0,0,0,0,1,1,0,0,0,0,0,0,0,1,0,0,0,0,0,0,0,0,0,0,0,0,0,8,0,39.9951,-75.1274, ,Philadelphia
 ,6984,2018028929,6,67,67301,2017,12,6,1915,19,3,4,3,4,1, , ,N,1,2,0,3,0,0,2,2,N,N,40 01:54.231,75 10:43.900,1925, ,1920, ,0, ,N, ,3, , , , , ,99993, , , ,2,1,0,0,0,0,1,0,0,0,0,0,0,0,0,0,0,0,0,0,1,0,0,0,0,0,0,0,0,0,0,0,0,0,0,0,0,40.0317,-75.1789, ,Philadelphia
 ,6985,2017091686,6,67,67301,2017,8,7,1520,15,1,1,0,8,1, , ,N,0,0,0,3,0,1,2,2,N,N,40 00:01.688,75 05:52.659,1538, ,1530, ,0, ,N, ,0, , , , , ,93483, , , ,1,0,0,0,0,0,0,1,0,0,0,1,1,0,0,0,0,0,0,0,0,0,0,1,0,0,0,0,0,0,0,0,1,0,0,4,0,40.0005,-75.098, ,Philadelphia
 ,6986,2017097491,6,67,67301,2017,9,3,1602,16,1,1,0,5,1, , ,N,0,0,0,3,0,2,2,2,N,N,40 02:17.515,75 00:36.594,1615, ,1605, ,0, , , ,0, , , , , ,93492, , , ,2,1,0,0,0,0,1,0,0,0,2,0,2,0,0,0,0,0,0,0,0,0,0,0,0,0,0,0,0,0,0,0,0,0,0,3,0,40.0382,-75.0102, ,Philadelphia
 ,6987,2017070499,6,67,67301,2017,6,2,1316,13,1,1,0,8,6, , ,N,0,0,0,3,0,1,2,2,N,N,39 58:20.535,75 13:33.679,1319, ,1318, ,0, , , ,0, , , , , ,93502, , , ,1,1,0,0,0,0,0,0,0,0,0,1,1,0,0,0,0,0,0,0,0,0,0,0,0,0,0,0,0,0,0,0,1,0,0,4,0,39.9724,-75.226, ,Philadelphia
 ,6988,2017060472,6,67,67301,2017,5,1,825,8,1,1,0,4,1, , ,N,2,3,0,3,0,1,2,2,N,N,39 57:08.820,75 14:56.000,832, ,830, ,0, ,N, ,3, , , , , ,93552, , , ,2,0,0,0,0,0,1,1,0,0,0,1,1,0,0,0,0,0,0,0,1,0,0,0,0,0,0,0,0,0,0,0,0,0,0,4,0,39.9525,-75.2489, ,Philadelphia
 ,6989,2018027359,6,67,67301,2017,12,4,615,6,3,1,0,8,1, , ,N,1,2,0,3,0,1,2,2,N,N,39 58:18.772,75 09:45.771,730, ,719, ,0, ,N, ,3, , , , , ,93567, , , ,1,1,0,0,0,0,0,0,0,0,0,0,1,1,0,0,0,0,0,0,0,0,0,0,0,0,0,0,0,0,0,0,1,0,0,8,0,39.9719,-75.1627, ,Philadelphia
 ,6990,2017067757,6,67,67301,2017,5,2,845,8,8,9,8,7,4, , ,N,0,0,0,3,0,0,1,1,N, ,40 01:01.788,75 12:41.134,1014, ,852, ,0, , , ,0, , , , , ,93572, , , ,1,1,0,0,0,0,0,0,0,0,0,0,0,0,1,0,0,0,0,0,0,0,0,0,0,0,0,0,0,0,0,0,0,0,0,9,0,40.0172,-75.2114, ,Philadelphia
 ,6991,2017086251,6,67,67301,2017,7,4,600,6,5,1,0,5,6, , ,N,0,0,0,3,0,0,1,4,N,N,40 00:51.859,75 07:06.567,712, ,710, ,0, ,N, ,0, , , , , ,93585, , , ,4,2,0,0,0,0,1,1,0,0,0,0,0,0,0,0,0,0,0,0,0,0,0,0,0,0,0,0,0,0,0,0,0,0,0,0,0,40.0144,-75.1185, ,Philadelphia
 ,6992,2017116208,6,67,67301,2017,10,5,1649,16,1,1,0,8,1, , ,N,1,3,0,3,0,1,2,2,N,N,39 57:07.862,75 14:26.779,1733, ,1725, ,0, ,N, ,3, , , , , ,93601, , , ,1,1,0,0,0,0,0,0,0,0,0,1,1,0,0,0,0,0,0,0,0,0,0,0,0,0,0,0,0,0,0,0,1,0,0,4,0,39.9522,-75.2408, ,Philadelphia
 ,6993,2017122091,6,67,67301,2017,11,3,1256,12,1,1,0,7,3, , ,N,0,0,0,3,0,1,1,1,N,N,40 01:09.205,75 02:43.942,1414, ,1304, ,0, , , ,0, , , , , ,93611, , , ,1,1,0,0,0,0,0,0,0,0,0,0,1,1,0,0,0,0,0,0,0,0,0,0,0,0,0,0,0,0,0,0,0,0,0,8,0,40.0192,-75.0455, ,Philadelphia
 ,6994,2017109771,6,67,67301,2017,9,4,1843,18,1,1,0,4,1, , ,N,1,2,0,3,0,1,5,2,N,N,39 59:58.827,75 05:56.359,1850, ,1846,1,2,1,N, ,3,Y, , , , ,93636, , , ,2,2,0,0,0,0,0,0,0,0,1,0,1,0,1,0,0,0,0,1,0,0,0,0,0,0,0,0,0,0,0,0,0,0,0,3,0,39.9997,-75.099, ,Philadelphia
 ,6995,2017128111,6,67,67301,2017,11,2,1404,14,1,2,1,8,1, , ,N,1,2,0,3,0,1,2,2,N, ,40 02:16.788,75 04:04.754,1410, ,1406, ,0, , , ,3, , , , , ,93645, , , ,1,1,0,0,0,0,0,0,0,0,0,1,1,0,0,0,0,0,0,0,1,0,0,0,0,0,0,0,0,0,0,0,1,0,0,4,0,40.038,-75.068, ,Philadelphia