wz_ln_closure,objectid_1,crn,district,county,municipality,crash_year,crash_month,day_of_week,time_of_day,hour_of_day,illumination,weather,road_condition,collision_type,relation_to_road,work_zone_type,work_zone_loc,work_zone_ind,intersect_type,tcd_type,location_type,urban_rural,fatal_count,injury_count,person_count,total_units,sch_bus_ind,sch_zone_ind,latitude,longitude,arrival_tm,cons_zone_spd_lim,dispatch_tm,est_hrs_closed,lane_closed,ln_close_dir,ntfy_hiwy_maint,spec_juris_cd,tcd_func_cd,tfc_detour_ind,workers_pres,wz_close_detour,wz_flagger,wz_law_offcr_ind,objectid,wz_moving,wz_other,wz_shlder_mdn,vehicle_count,automobile_count,motorcycle_count,bus_count,small_truck_count,heavy_truck_count,suv_count,van_count,bicycle_count,maj_inj_count,mod_inj_count,min_inj_count,tot_inj_count,unk_inj_deg_count,unk_inj_per_count,driver_count_16yr,driver_count_17yr,driver_count_18yr,driver_count_19yr,driver_count_20yr,driver_count_50_64yr,driver_count_65_74yr,driver_count_75plus,unbelted_occ_count,unb_death_count,unb_maj_inj_count,belted_death_count,belted_maj_inj_count,mcycle_death_count,mcycle_maj_inj_count,bicycle_death_count,bicycle_maj_inj_count,ped_count,ped_death_count,ped_maj_inj_count,max_severity_level,comm_veh_count,dec_lat,dec_long,rdwy_surf_type_cd,county_name
 ,7124,2017134801,6,67,67301,2017,12,4,1814,18,3,1,0,1,1, , ,N,0,0,0,3,0,0,3,2,N,N,40 02:19.766,75 00:30.418,1831, ,1815, ,0, ,N, ,0, , , , , ,100240, , , ,2,0,0,0,1,0,0,1,0,0,0,0,0,0,0,0,0,0,0,0,0,0,0,0,0,0,0,0,0,0,0,0,0,0,0,0,0,40.0388,-75.0084, ,Philadelphia
 ,7125,2017122801,6,67,67301,2017,11,4,1520,15,1,1,0,4,1, , ,N,1,2,0,3,0,1,4,2,N,N,40 03:40.627,75 03:06.810,1528, ,1521, ,0, ,N, ,3, , , , , ,100242, , , ,2,1,0,0,0,0,1,0,0,0,0,1,1,0,0,0,0,0,0,0,0,1,0,0,0,0,0,0,0,0,0,0,0,0,0,4,0,40.0613,-75.0518, ,Philadelphia
 ,7126,2017132189,6,67,67301,2017,12,6,1832,18,3,1,0,1,1, , ,N,0,0,0,3,0,0,3,2,N,N,39 56:03.158,75 12:00.013,1854, ,1836, ,0, , , ,0, , , , , ,100243, , , ,2,1,0,0,0,0,1,0,0,0,0,0,0,0,0,0,0,0,0,0,0,0,0,0,0,0,0,0,0,0,0,0,0,0,0,0,0,39.9341,-75.2, ,Philadelphia
 ,7127,2018020699,6,67,67301,2017,10,1,1603,16,1,2,1,5,6, , ,N,0,0,0,3,0,0,1,2,N,N,39 56:42.107,75 10:12.591,1610, ,1603,2,2,2,N, ,0,N, , , , ,100248, , , ,2,1,0,0,0,0,1,0,0,0,0,0,0,0,0,0,0,0,0,0,0,0,0,0,0,0,0,0,0,0,0,0,0,0,0,0,0,39.945,-75.1702, ,Philadelphia
 ,7128,2018029945,6,67,67301,2017,12,5,820,8,1,1,0,1,1, , ,N,1,2,0,3,0,1,2,2,Y,N,39 57:48.562,75 10:09.743,9999, ,9999, ,0, ,N, ,3, , , , , ,100250, , , ,2,1,0,1,0,0,0,0,0,0,0,1,1,0,1,0,0,0,0,0,0,0,0,0,0,0,0,0,0,0,0,0,0,0,0,4,1,39.9634,-75.1694, ,Philadelphia
 ,7129,2017086346,6,67,67301,2017,7,2,1140,11,1,1,0,4,1, , ,N,1,0,0,3,0,0,2,2,N,N,39 58:28.949,75 07:38.988,1147, ,1146, ,0, ,N, ,0, , , , , ,93958, , , ,2,1,0,0,0,0,1,0,0,0,0,0,0,0,0,0,0,0,0,0,0,0,0,0,0,0,0,0,0,0,0,0,0,0,0,0,0,39.9747,-75.1275, ,Philadelphia
 ,7130,2017086094,6,67,67301,2017,7,2,1301,13,1,1,0,1,1, , ,N,1,2,0,3,0,1,3,3,N, ,40 02:21.314,75 11:30.256,1310, ,1306,1,1,3, , ,3,N, , , , ,93961, , , ,3,1,0,0,0,0,2,0,0,0,0,1,1,0,0,0,0,0,0,0,1,0,0,0,0,0,0,0,0,0,0,0,0,0,0,4,0,40.0393,-75.1917, ,Philadelphia
 ,7131,2017091648,6,67,67301,2017,9,4,1429,14,1,2,1,6,1, , ,N,0,0,0,3,0,0,2,2,N,N,40 01:18.226,75 11:59.326,1457, ,1438, ,0, ,N, ,0, , , , , ,93965, , , ,2,1,0,0,0,0,1,0,0,0,0,0,0,0,0,0,0,0,0,0,0,0,0,0,0,0,0,0,0,0,0,0,0,0,0,0,0,40.0217,-75.1998, ,Philadelphia
 ,7132,2017088903,6,67,67301,2017,8,2,1319,13,1,2,1,4,1, , ,N,5,2,2,3,0,1,2,2,N,N,39 54:38.919,75 11:09.779,1323, ,1319,1,1,2,N, ,3,N, , , , ,93976, , , ,2,1,0,0,0,0,0,1,0,0,0,1,1,0,0,0,0,0,0,0,1,0,0,0,0,0,0,0,0,0,0,0,0,0,0,4,0,39.9108,-75.186, ,Philadelphia
 ,7133,2017078796,6,67,67301,2017,7,5,1450,14,1,2,1,4,1, , ,N,1,3,0,3,0,1,2,2,N,N,40 04:07.805,75 10:40.836,1620, ,1606, ,0, ,N, ,3, , , , , ,93997, , , ,2,2,0,0,0,0,0,0,0,0,0,0,1,1,0,0,0,0,0,0,1,1,0,0,0,0,0,0,0,0,0,0,0,0,0,8,0,40.0688,-75.178, ,Philadelphia
 ,7134,2017116134,6,67,67301,2017,10,3,1715,17,1,1,0,4,1, , ,N,0,0,0,3,0,0,3,3,N,N,40 00:30.191,75 10:47.250,1742, ,1735, ,0, , , ,0, , , , , ,94006, , , ,3,3,0,0,0,0,0,0,0,0,0,0,0,0,0,0,0,0,0,0,0,0,1,0,0,0,0,0,0,0,0,0,0,0,0,0,0,40.0084,-75.1798, ,Philadelphia
 ,7135,2017091178,6,67,67301,2017,8,1,2301,23,3,1,0,5,6, , ,N,0,0,0,3,0,0,1,3,N,N,39 58:28.745,75 12:18.054,2319, ,2315, ,0, ,N, ,0, , , , , ,94015, , , ,3,2,0,0,0,0,1,0,0,0,0,0,0,0,0,0,0,0,0,0,0,1,0,0,0,0,0,0,0,0,0,0,0,0,0,0,0,39.9747,-75.205, ,Philadelphia
 ,7136,2017105879,6,67,67301,2017,9,3,1655,16,1,2,1,4,1, , ,N,1,2,0,3,0,2,2,2,N, ,40 02:29.839,75 03:51.611,1712, ,1711,3,2,1, , ,3,Y, , , , ,94020, , , ,2,2,0,0,0,0,0,0,0,0,0,0,2,2,0,0,0,0,0,1,0,0,0,0,0,0,0,0,0,0,0,0,0,0,0,8,0,40.0416,-75.0643, ,Philadelphia
 ,7137,2017109836,6,67,67301,2017,10,1,1100,11,1,1,0,4,1, , ,N,1,2,0,3,0,1,2,2,N, ,40 03:06.267,75 09:10.785,1121, ,1119,1,1,6, , ,3,Y, , , , ,94026, , , ,2,2,0,0,0,0,0,0,0,0,0,1,1,0,0,0,0,0,0,0,0,1,0,0,0,0,0,0,0,0,0,0,0,0,0,4,0,40.0517,-75.153, ,Philadelphia
 ,7138,2017088859,6,67,67301,2017,7,2,2012,20,4,1,0,5,6, , ,N,0,0,0,3,0,0,1,2,N,N,39 57:38.583,75 14:35.886,2018, ,2014, ,0, ,N, ,0, , , , , ,94046, , , ,2,2,0,0,0,0,0,0,0,0,0,0,0,0,0,0,0,0,0,0,0,0,0,0,0,0,0,0,0,0,0,0,0,0,0,0,0,39.9607,-75.2433, ,Philadelphia
 ,7139,2017093580,6,67,67301,2017,8,1,1629,16,1,1,0,1,1, , ,N,0,0,0,3,0,5,7,2,N,N,39 55:05.261,75 11:28.834,1646, ,1639, ,0, ,N, ,0, , , , , ,94047, , , ,2,0,0,0,1,0,0,1,0,5,0,0,5,0,0,0,0,0,0,0,0,1,0,1,0,0,0,0,0,0,0,0,0,0,0,2,0,39.9181,-75.1913, ,Philadelphia
 ,7140,2017093501,6,67,67301,2017,7,2,2208,22,3,2,1,4,1, , ,N,1,2,0,3,0,2,4,3,N,N,39 53:22.950,75 14:01.043,2210, ,2210, ,0, , , ,3, , , , , ,94051, , , ,3,2,0,0,0,0,1,0,0,1,0,1,2,0,0,0,0,0,0,0,0,0,0,0,0,0,0,0,0,0,0,0,0,0,0,2,0,39.8922,-75.2354, ,Philadelphia
 ,7141,2017097842,6,67,67301,2017,9,3,820,8,3,1,1,8,1, , ,N,2,0,0,3,0,1,3,2,N,N,39 55:24.538,75 13:46.477,827, ,825, ,0, ,N, ,0, , , , , ,94057, , , ,1,0,0,0,0,0,1,0,0,0,1,0,1,0,0,0,0,0,0,0,0,0,0,0,0,0,0,0,0,0,0,0,1,0,0,3,0,39.9235,-75.2296, ,Philadelphia
 ,7142,2017107983,6,46,46102,2017,8,6,1350,13,1,1,0,1,1, , ,N,2,2,0,3,0,2,4,3,N,N,40 04:37.010,75 09:48.284,1603, ,1543, ,0, ,N, ,3, , , , , ,94058, , , ,3,1,0,0,1,0,1,0,0,0,0,2,2,0,0,0,0,0,0,0,1,0,0,0,0,0,0,0,0,0,0,0,0,0,0,4,0,40.0769,-75.1634, ,Montgomery
 ,7143,2017096429,6,67,67301,2017,7,7,230,2,3,2,1,5,1, , ,N,0,0,0,3,0,1,2,2,N,N,40 04:41.889,74 57:53.650,242, ,235,9,1,4,N, ,0,N, , , , ,94062, , , ,2,1,0,0,0,1,0,0,0,0,0,1,1,0,0,0,0,0,0,0,0,0,0,0,0,0,0,0,0,0,0,0,0,0,0,4,1,40.0783,-74.9649, ,Philadelphia
 ,7144,2017120318,6,67,67301,2017,11,6,1815,18,3,1,0,1,1, , ,N,0,0,0,3,0,2,5,3,N,N,39 53:25.603,75 14:20.847,1815, ,1815,1,1,1, , ,0,N, , , , ,94066, , , ,3,2,0,0,0,0,1,0,0,0,0,0,2,2,0,0,0,0,0,0,0,0,0,0,0,0,0,0,0,0,0,0,0,0,0,8,0,39.8904,-75.2391, ,Philadelphia
 ,7145,2017093591,6,67,67301,2017,8,1,1840,18,1,1,0,4,1, , ,N,1,3,0,3,0,1,2,2,N, ,39 54:59.751,75 13:52.108,1846, ,1846, ,0, , , ,3, , , , , ,94076, , , ,1,0,0,0,0,0,1,0,1,0,0,1,1,0,0,0,0,0,0,0,0,0,0,0,0,0,0,0,0,0,0,0,0,0,0,4,0,39.9166,-75.2311, ,Philadelphia
 ,7146,2017052413,6,67,67301,2017,5,5,1510,15,1,1,0,4,1, , ,N,1,2,0,3,0,1,2,2,N,N,40 06:40.143,75 01:27.353,1519, ,1512, ,0, , , ,3, , , , , ,94084, , , ,2,2,0,0,0,0,0,0,0,0,0,1,1,0,1,0,0,0,0,0,0,0,0,0,0,0,0,0,0,0,0,0,0,0,0,4,0,40.1112,-75.0243, ,Philadelphia
 ,7147,2017110663,6,67,67301,2017,10,6,1939,19,2,1,0,1,1, , ,N,0,0,0,3,0,1,5,2,N,N,40 00:14.225,75 04:37.279,1950, ,1941,1,2,2, , ,0,N, , , , ,96780, , , ,2,0,0,0,0,0,2,0,0,0,1,0,1,0,0,0,0,0,0,0,0,0,0,0,0,0,0,0,0,0,0,0,0,0,0,3,0,40.004,-75.077, ,Philadelphia
 ,7148,2017078881,6,67,67301,2017,7,6,1825,18,1,1,0,5,6, , ,N,0,0,0,3,0,0,1,2,N,N,40 05:16.174,75 01:49.583,1835, ,1830, ,0, ,N, ,0, , , , , ,96794, , , ,2,1,0,0,0,0,0,1,0,0,0,0,0,0,0,0,0,0,0,0,0,0,0,1,0,0,0,0,0,0,0,0,0,0,0,0,0,40.0878,-75.0304, ,Philadelphia
 ,7149,2017105970,6,67,67301,2017,9,3,2220,22,3,1,0,4,1, , ,N,2,3,0,3,0,1,2,2,N,N,40 01:17.341,75 10:36.659,2220, ,2220, ,0, ,N, ,3, , , , , ,96822, , , ,2,0,0,0,0,0,2,0,0,0,0,1,1,0,0,0,0,0,0,0,1,0,0,0,0,0,0,0,0,0,0,0,0,0,0,4,0,40.0215,-75.1768, ,Philadelphia
 ,7150,2017109979,6,67,67301,2017,9,7,710,7,1,1,0,4,1, , ,N,1,3,0,3,0,2,3,2,N,N,39 59:10.654,75 10:07.654,718, ,718, ,0, ,N, ,3, , , , , ,96826, , , ,2,2,0,0,0,0,0,0,0,0,0,2,2,0,0,0,0,0,0,0,1,0,0,0,0,0,0,0,0,0,0,0,0,0,0,4,0,39.9863,-75.1688, ,Philadelphia
 ,7151,2017076278,6,67,67301,2017,6,5,9999,99,1,1,0,4,1, , ,N,1,2,0,3,0,1,2,2,N,N,39 58:37.995,75 13:36.385,1848, ,1430, ,0, ,N, ,3, , , , , ,96836, , , ,2,1,0,0,0,0,1,0,0,0,0,1,1,0,0,0,0,0,0,0,0,0,0,0,0,0,0,0,0,0,0,0,0,0,0,4,0,39.9772,-75.2268, ,Philadelphia
 ,7152,2017084696,6,67,67301,2017,8,2,1813,18,1,2,1,4,1, , ,N,0,0,0,3,0,1,2,2,N,N,39 56:31.929,75 08:34.715,1828, ,1813, ,0, , , ,0, , , , , ,96841, , , ,2,1,0,0,1,0,0,0,0,0,1,0,1,0,1,0,0,0,0,0,0,0,0,0,0,0,0,0,0,0,0,0,0,0,0,3,0,39.9422,-75.143, ,Philadelphia
 ,7153,2017096234,6,67,67301,2017,7,1,1044,10,1,1,0,1,1, , ,N,0,0,0,3,0,1,3,3,N,N,39 56:08.842,75 11:58.824,1058, ,1046,1,1,4, , ,0,N, , , , ,96875, , , ,3,1,0,0,0,0,2,0,0,0,0,0,1,1,0,0,0,0,0,0,1,0,0,0,0,0,0,0,0,0,0,0,0,0,0,8,0,39.9358,-75.1997, ,Philadelphia
 ,7154,2017091728,6,67,67301,2017,8,6,2315,23,3,2,1,4,1, , ,N,2,3,0,3,0,1,2,2,N,N,40 04:00.077,75 08:42.974,1700, ,1700, ,0, ,N, ,3, , , , , ,96876, , , ,2,1,1,0,0,0,0,0,0,0,1,0,1,0,0,0,0,0,0,1,0,0,0,1,0,0,0,0,0,0,0,0,0,0,0,3,0,40.0667,-75.1453, ,Philadelphia
 ,7155,2017088906,6,67,67301,2017,8,5,1030,10,1,1,0,4,1, , ,N,1,3,0,3,0,0,2,2,N,N,39 58:36.908,75 07:28.311,1045, ,1037, ,0, ,N, ,3, , , , , ,96877, , , ,2,1,0,0,0,0,1,0,0,0,0,0,0,0,0,0,0,0,0,0,0,0,0,0,0,0,0,0,0,0,0,0,0,0,0,0,0,39.9769,-75.1245, ,Philadelphia
 ,7156,2017120687,6,67,67301,2017,10,6,1948,19,3,1,0,4,1, , ,N,1,3,1,3,0,0,2,4,N,N,39 58:02.240,75 08:12.065,2010, ,2000, ,0, ,N, ,3, , , , , ,96884, , , ,4,3,0,0,0,0,1,0,0,0,0,0,0,0,0,0,0,0,0,0,0,0,0,0,0,0,0,0,0,0,0,0,0,0,0,0,0,39.9673,-75.1367, ,Philadelphia
 ,7157,2017086730,6,67,67301,2017,3,3,835,8,1,2,1,5,1, , ,N,0,0,0,3,0,0,3,3,N,N,39 54:33.235,75 11:35.740,845, ,840,2,1,2,N, ,0,N, , , , ,96898, , , ,3,2,0,0,0,0,1,0,0,0,0,0,0,0,0,0,0,0,0,0,0,0,0,0,0,0,0,0,0,0,0,0,0,0,0,0,0,39.9093,-75.1932, ,Philadelphia
 ,7158,2017088836,6,67,67301,2017,8,4,1235,12,1,1,0,4,1, , ,N,1,2,0,3,0,1,3,2,N,N,39 55:19.923,75 13:49.185,1243, ,1239, ,0, ,N, ,3, , , , , ,96915, , , ,2,2,0,0,0,0,0,0,0,0,0,1,1,0,0,0,0,0,0,0,0,0,0,0,0,0,0,0,0,0,0,0,0,0,0,4,0,39.9222,-75.2303, ,Philadelphia
 ,7159,2017105858,6,67,67301,2017,9,3,1050,10,1,1,0,8,1, , ,N,2,3,0,3,0,1,2,2,N,N,39 58:47.833,75 13:09.503,9999, ,9999, ,0, ,N, ,3, , , , , ,96920, , , ,1,0,0,0,1,0,0,0,0,0,0,1,1,0,0,0,0,0,0,0,1,0,0,0,0,0,0,0,0,0,0,0,1,0,0,4,0,39.9799,-75.2193, ,Philadelphia
 ,7160,2017060603,6,67,67301,2017,5,3,2147,21,3,1,0,4,1, , ,N,1,2,0,3,0,2,3,2,N, ,39 57:54.625,75 12:09.489,2152, ,2149, ,0, , , ,3, , , , , ,96928, , , ,2,1,0,0,0,0,1,0,0,0,0,2,2,0,1,0,0,1,0,0,0,0,0,0,0,0,0,0,0,0,0,0,0,0,0,4,0,39.9652,-75.2026, ,Philadelphia
 ,7161,2017086821,6,67,67301,2017,4,3,2100,21,3,2,1,4,1, , ,N,1,2,0,3,0,0,2,2,N,N,39 57:03.488,75 09:07.197,9999, ,2116, ,0, ,N, ,3, , , , , ,96944, , , ,2,1,0,0,0,0,1,0,0,0,0,0,0,0,0,0,0,0,0,0,1,0,0,2,0,0,0,0,0,0,0,0,0,0,0,0,0,39.9509,-75.152, ,Philadelphia
 ,7162,2017116178,6,67,67301,2017,10,5,1801,18,1,1,0,1,1, , ,N,0,0,0,3,0,1,2,2,N, ,39 55:48.547,75 14:36.063,1801, ,1801,1,1,4, , ,0,Y, , , , ,96962, , , ,2,0,0,0,0,0,2,0,0,0,0,1,1,0,1,0,0,0,0,0,0,0,0,0,0,0,0,0,0,0,0,0,0,0,0,4,0,39.9301,-75.2433, ,Philadelphia
 ,7163,2017096594,6,67,67301,2017,9,1,1443,14,1,1,0,4,1, , ,N,0,0,7,3,0,1,2,2,N, ,40 01:56.553,75 03:02.195,1520, ,1516,2,1,1, , ,0,N, , , , ,96973, , , ,2,2,0,0,0,0,0,0,0,0,0,1,1,0,0,0,0,0,0,0,0,0,0,0,0,0,0,0,0,0,0,0,0,0,0,4,0,40.0324,-75.0506, ,Philadelphia
 ,7164,2017055657,6,67,67301,2017,5,6,230,2,3,2,1,4,1, , ,N,5,2,2,3,0,1,3,2,N, ,39 57:25.688,75 09:03.847,235, ,233, ,0, , , ,3, , , , , ,96977, , , ,2,1,0,0,0,1,0,0,0,0,0,0,1,1,1,0,0,0,0,0,1,0,0,0,0,0,0,0,0,0,0,0,0,0,0,8,1,39.9571,-75.1511, ,Philadelphia
 ,7165,2018020725,6,67,67301,2017,11,3,1430,14,1,2,1,1,6, , ,N,0,0,0,3,0,1,1,3,N,N,39 57:45.000,75 14:33.700,1436, ,1430, ,0, ,N, ,0, , , , , ,102600, , , ,3,3,0,0,0,0,0,0,0,0,0,0,1,1,0,0,0,0,0,0,1,0,0,0,0,0,0,0,0,0,0,0,0,0,0,8,0,39.9625,-75.2427, ,Philadelphia
 ,7166,2018027501,6,67,67301,2017,12,7,0,0,3,4,5,6,6, , ,N,0,0,0,3,0,1,2,2,N,N,39 59:36.400,75 14:12.800,5, ,0,3,2,5,N, ,0,Y, , , , ,102601, , , ,2,1,0,1,0,0,0,0,0,0,0,1,1,0,0,0,0,0,0,0,0,0,1,0,0,0,0,0,0,0,0,0,0,0,0,4,1,39.9934,-75.2369, ,Philadelphia
 ,7167,2017096572,6,67,67301,2017,8,2,1220,12,1,1,0,8,1, , ,N,0,0,7,3,0,1,2,2,N,N,39 57:23.636,75 09:55.454,1235, ,1228, ,0, , , ,0, , , , , ,102609, , , ,1,0,0,0,0,0,1,0,0,0,0,1,1,0,0,0,0,0,0,0,1,0,0,1,0,0,0,0,0,0,0,0,1,0,0,4,0,39.9566,-75.1654, ,Philadelphia
 ,7168,2017096481,6,67,67301,2017,8,6,1500,15,1,1,0,4,1, , ,N,1,2,0,3,0,0,2,2,N,N,39 58:02.640,75 12:11.012,1530, ,1504, ,0, ,N, ,3, , , , , ,102613, , , ,2,1,0,0,0,0,1,0,0,0,0,0,0,0,0,0,0,0,0,0,1,0,0,0,0,0,0,0,0,0,0,0,0,0,0,0,0,39.9674,-75.2031, ,Philadelphia
 ,7169,2017127470,6,67,67301,2017,11,3,1210,12,1,1,0,4,1, , ,N,2,3,0,3,0,1,2,2,N,N,40 00:39.191,75 10:03.322,1213, ,1211,9,2,1,N, ,3,Y, , , , ,102621, , , ,1,0,0,0,0,0,1,0,1,0,0,1,1,0,0,0,0,0,0,0,0,0,0,0,0,0,0,0,0,0,0,0,0,0,0,4,0,40.0109,-75.1676, ,Philadelphia
 ,7170,2017130702,6,67,67301,2017,11,2,1121,11,1,2,1,8,6, , ,N,0,0,0,3,0,1,2,2,N,N,40 02:07.027,75 13:01.497,9999, ,9999, ,0, , , ,0, , , , , ,102630, , , ,1,1,0,0,0,0,0,0,0,0,0,0,1,1,0,0,0,0,0,0,1,0,0,0,0,0,0,0,0,0,0,0,1,0,0,8,0,40.0353,-75.2171, ,Philadelphia
 ,7171,2018005493,6,67,67301,2017,11,4,2010,20,3,1,0,7,3, , ,N,0,0,0,3,0,0,1,1,N,N,39 54:43.883,75 11:33.024,2025, ,2015,9,1,1,N, ,0,N, , , , ,102635, , , ,1,0,0,0,0,0,1,0,0,0,0,0,0,0,0,0,0,0,0,0,0,0,0,0,0,0,0,0,0,0,0,0,0,0,0,0,0,39.9122,-75.1925, ,Philadelphia
 ,7172,2018027394,6,67,67301,2017,12,6,2134,21,3,1,0,5,6, , ,N,0,0,0,3,0,0,1,2,N,N,39 55:47.600,75 09:35.500,2257, ,2225, ,0, ,N, ,0, , , , , ,102636, , , ,2,2,0,0,0,0,0,0,0,0,0,0,0,0,0,0,0,0,0,0,0,0,0,0,0,0,0,0,0,0,0,0,0,0,0,0,0,39.9299,-75.1599, ,Philadelphia
 ,7173,2018027370,6,67,67301,2017,12,5,920,9,1,1,0,5,6, , ,N,0,0,0,3,0,0,1,3,N,N,39 56:10.000,75 09:36.400,940, ,924, ,0, ,N, ,0, , , , , ,102638, , , ,3,3,0,0,0,0,0,0,0,0,0,0,0,0,0,0,0,0,0,0,0,0,0,0,0,0,0,0,0,0,0,0,0,0,0,0,0,39.9361,-75.1601, ,Philadelphia
 ,7174,2017128088,6,67,67301,2017,11,7,1530,15,1,2,1,1,1, , ,N,2,3,0,3,0,1,4,2,N,N,40 05:13.956,75 01:19.634,1540, ,1536, ,0, ,N, ,3, , , , , ,102641, , , ,2,1,0,0,0,0,1,0,0,0,0,1,1,0,0,0,0,0,0,0,0,0,0,0,0,0,0,0,0,0,0,0,0,0,0,4,0,40.0872,-75.0221, ,Philadelphia
 ,7175,2017130593,6,67,67301,2017,10,6,800,8,1,1,0,4,1, , ,N,1,2,0,3,0,1,2,2,N,N,39 56:58.675,75 09:37.383,817, ,810, ,0, ,N, ,3, , , , , ,102642, , , ,2,1,0,0,0,0,1,0,0,0,1,0,1,0,0,0,0,0,0,0,2,0,0,0,0,0,0,0,0,0,0,0,0,0,0,3,0,39.9496,-75.1604, ,Philadelphia
 ,7176,2017116016,6,67,67301,2017,10,1,1050,10,1,2,1,6,1, , ,N,0,0,0,3,0,2,3,2,N, ,39 58:16.192,75 15:39.320,1105, ,1056, ,0, , , ,0, , , , , ,102672, , , ,2,0,0,0,0,0,2,0,0,0,0,0,2,2,0,0,0,0,0,0,1,0,0,0,0,0,0,0,0,0,0,0,0,0,0,8,0,39.9712,-75.2609, ,Philadelphia
 ,7177,2017115923,6,67,67301,2017,10,3,1615,16,1,1,0,1,1, , ,N,0,2,0,3,0,1,2,2,N,N,39 54:13.734,75 14:28.004,1630, ,1622,1,1,3, , ,3,N, , , , ,102673, , , ,2,1,0,0,0,0,1,0,0,0,0,0,1,1,1,0,0,0,0,0,0,0,0,0,0,0,0,0,0,0,0,0,0,0,0,8,0,39.9038,-75.2411, ,Philadelphia
 ,7178,2017120580,6,67,67301,2017,10,2,1740,17,1,1,0,4,1, , ,N,0,0,7,3,0,2,6,2,N, ,40 04:12.707,75 00:20.603,1740, ,1740,1,1,1, , ,0,N, , , , ,102695, , , ,2,2,0,0,0,0,0,0,0,0,0,0,2,2,0,0,0,0,0,0,0,0,0,0,0,0,0,0,0,0,0,0,0,0,0,8,0,40.0702,-75.0057, ,Philadelphia
 ,7179,2017128073,6,67,67301,2017,11,7,1228,12,1,2,1,5,6, , ,N,0,0,0,3,0,1,1,2,N,N,40 03:53.500,75 10:32.000,1332, ,1229,2,2,6,N, ,0,N, , , , ,102729, , , ,2,1,0,0,0,0,1,0,0,0,0,0,1,1,0,0,0,0,0,0,0,1,0,0,0,0,0,0,0,0,0,0,0,0,0,8,0,40.0649,-75.1756, ,Philadelphia
 ,7180,2018001661,6,67,67301,2017,12,7,757,7,1,1,6,5,1, , ,N,0,0,0,3,0,0,3,2,N,N,39 53:25.016,75 13:14.931,822, ,801,1,1,1, , ,0,N, , , , ,102735, , , ,2,1,0,0,0,0,1,0,0,0,0,0,0,0,0,0,0,0,0,0,1,0,0,0,0,0,0,0,0,0,0,0,0,0,0,0,0,39.8903,-75.2208, ,Philadelphia
 ,7181,2017109797,6,67,67301,2017,9,3,1930,19,3,1,0,4,1, , ,N,1,2,0,3,0,7,7,6,N,N,40 00:29.432,75 08:33.941,9999, ,1950, ,0, ,N, ,3, , , , , ,102739, , , ,6,1,0,0,0,0,4,1,0,0,0,0,7,7,0,0,0,0,1,0,0,0,0,1,0,0,0,0,0,0,0,0,0,0,0,8,0,40.0082,-75.1427, ,Philadelphia
 ,7182,2017127534,6,67,67301,2017,11,7,1636,16,1,1,0,5,6, , ,N,0,0,0,3,0,0,1,3,N,N,40 01:10.839,75 03:19.261,1641, ,1636, ,0, , , ,0, , , , , ,102755, , , ,3,2,0,0,0,0,1,0,0,0,0,0,0,0,1,0,0,0,0,0,1,0,0,0,0,0,0,0,0,0,0,0,0,0,0,9,0,40.0197,-75.0554, ,Philadelphia
 ,7183,2018005520,6,67,67301,2017,11,3,25,0,3,1,0,8,1, , ,N,1,2,0,3,0,1,2,2,N,N,40 02:25.628,75 10:43.047,30, ,25, ,0, ,N, ,3, , , , , ,100251, , , ,1,0,0,1,0,0,0,0,0,0,0,0,1,1,0,0,0,0,0,0,1,0,0,0,0,0,0,0,0,0,0,0,1,0,0,8,1,40.0405,-75.1786, ,Philadelphia
 ,7184,2017109753,6,67,67301,2017,10,5,2129,21,3,1,0,5,1, , ,N,0,0,0,3,0,3,3,2,N,N,40 02:25.722,75 02:50.778,2130, ,2129, ,0, ,N, ,0, , , , , ,100255, , , ,2,1,0,0,0,0,1,0,0,0,0,3,3,0,0,0,0,0,0,0,0,0,0,0,0,0,0,0,0,0,0,0,0,0,0,4,0,40.0405,-75.0474, ,Philadelphia
 ,7185,2017109915,6,67,67301,2017,10,1,1655,16,1,1,0,4,1, , ,N,1,2,2,3,0,0,3,2,N, ,39 54:37.249,75 09:03.077,1710, ,1655,1,1,1, , ,3,N, , , , ,100258, , , ,2,2,0,0,0,0,0,0,0,0,0,0,0,0,2,0,0,0,0,0,0,0,0,1,0,0,0,0,0,0,0,0,0,0,0,9,0,39.9103,-75.1509, ,Philadelphia
 ,7186,2017115933,6,67,67301,2017,10,6,1147,11,1,1,0,0,1, , ,N,1,2,0,3,0,1,1,2,N, ,39 59:27.061,75 09:18.508,1150, ,1148,1,1,1, , ,3,N, , , , ,100274, , , ,1,0,1,0,0,0,0,0,0,0,0,0,1,1,0,0,0,0,0,0,0,0,0,0,0,0,0,0,0,0,0,0,0,0,0,8,0,39.9909,-75.1551, ,Philadelphia
 ,7187,2017115939,6,67,67301,2017,10,1,9999,99,3,1,0,7,3, , ,N,0,0,0,3,0,0,2,1,N,N,40 01:03.433,75 08:57.521,2150, ,9999, ,0, ,N, ,0, , , , , ,100275, , , ,1,1,0,0,0,0,0,0,0,0,0,0,0,0,0,0,0,0,0,0,0,0,0,0,0,0,0,0,0,0,0,0,0,0,0,0,0,40.0176,-75.1493, ,Philadelphia