wz_ln_closure,objectid_1,crn,district,county,municipality,crash_year,crash_month,day_of_week,time_of_day,hour_of_day,illumination,weather,road_condition,collision_type,relation_to_road,work_zone_type,work_zone_loc,work_zone_ind,intersect_type,tcd_type,location_type,urban_rural,fatal_count,injury_count,person_count,total_units,sch_bus_ind,sch_zone_ind,latitude,longitude,arrival_tm,cons_zone_spd_lim,dispatch_tm,est_hrs_closed,lane_closed,ln_close_dir,ntfy_hiwy_maint,spec_juris_cd,tcd_func_cd,tfc_detour_ind,workers_pres,wz_close_detour,wz_flagger,wz_law_offcr_ind,objectid,wz_moving,wz_other,wz_shlder_mdn,vehicle_count,automobile_count,motorcycle_count,bus_count,small_truck_count,heavy_truck_count,suv_count,van_count,bicycle_count,maj_inj_count,mod_inj_count,min_inj_count,tot_inj_count,unk_inj_deg_count,unk_inj_per_count,driver_count_16yr,driver_count_17yr,driver_count_18yr,driver_count_19yr,driver_count_20yr,driver_count_50_64yr,driver_count_65_74yr,driver_count_75plus,unbelted_occ_count,unb_death_count,unb_maj_inj_count,belted_death_count,belted_maj_inj_count,mcycle_death_count,mcycle_maj_inj_count,bicycle_death_count,bicycle_maj_inj_count,ped_count,ped_death_count,ped_maj_inj_count,max_severity_level,comm_veh_count,dec_lat,dec_long,rdwy_surf_type_cd,county_name
 ,7188,2017127395,6,67,67301,2017,11,6,1410,14,1,1,0,4,1, , ,N,1,3,0,3,0,1,2,2,N,N,40 03:41.914,75 10:59.635,9999, ,1730, ,0, ,N, ,3, , , , , ,100289, , , ,2,1,0,0,0,0,1,0,0,0,0,1,1,0,1,0,0,0,0,0,0,1,0,0,0,0,0,0,0,0,0,0,0,0,0,4,0,40.0616,-75.1832, ,Philadelphia
 ,7189,2017120494,6,67,67301,2017,10,7,1425,14,1,1,0,1,1, , ,N,2,2,0,3,0,4,6,3,N,N,39 59:07.663,75 15:30.741,1646, ,1633, ,0, ,N, ,3, , , , , ,100291, , , ,3,2,0,0,0,0,1,0,0,0,0,4,4,0,2,0,0,0,0,2,0,1,0,0,0,0,0,0,0,0,0,0,0,0,0,4,0,39.9855,-75.2585, ,Philadelphia
 ,7190,2017135065,6,67,67301,2017,11,4,1410,14,1,1,0,8,1, , ,N,0,0,0,3,0,1,2,2,N, ,39 58:03.497,75 13:56.903,1420, ,1418, ,0, ,N, ,0, , , , , ,100299, , , ,1,0,0,0,0,0,0,1,0,0,0,0,1,1,0,0,0,0,0,0,1,0,0,0,0,0,0,0,0,0,0,0,1,0,0,8,0,39.9676,-75.2325, ,Philadelphia
 ,7191,2017106916,6,67,67301,2017,10,6,1345,13,1,1,0,1,1, , ,N,0,0,0,3,0,1,2,2,N,N,40 01:07.649,75 02:48.681,1413, ,1413,2,2,2, , ,0,N, , , , ,100311, , , ,2,1,0,0,0,0,1,0,0,0,0,0,1,1,0,0,0,0,0,0,1,0,0,1,0,0,0,0,0,0,0,0,0,0,0,8,0,40.0188,-75.0469, ,Philadelphia
 ,7192,2017130637,6,67,67301,2017,11,1,938,9,1,1,0,8,1, , ,N,1,2,0,3,0,1,2,2,N,N,39 56:54.380,75 09:58.337,939, ,939, ,0, ,N, ,3, , , , , ,100315, , , ,1,0,0,0,0,0,0,1,0,0,0,1,1,0,0,0,0,0,0,0,0,0,0,1,0,0,0,0,0,0,0,0,1,0,0,4,0,39.9484,-75.1662, ,Philadelphia
 ,7193,2018001077,6,67,67301,2017,12,3,925,9,1,1,0,1,1, , ,N,0,0,0,3,0,0,4,4,Y,N,39 56:31.382,75 08:34.787,937, ,937,1,1,1,N, ,0,N, , , , ,100316, , , ,4,1,0,1,1,0,1,0,0,0,0,0,0,0,1,0,0,0,0,0,1,0,0,0,0,0,0,0,0,0,0,0,0,0,0,9,1,39.9421,-75.143, ,Philadelphia
 ,7194,2018026899,6,67,67301,2017,12,6,1852,18,6,4,6,7,4, , ,N,0,0,0,3,0,0,2,1,N,N,39 53:54.920,75 14:16.778,1908, ,1908, ,0, ,N, ,0, , , , , ,100318, , , ,1,1,0,0,0,0,0,0,0,0,0,0,0,0,0,0,0,0,1,0,0,0,0,0,0,0,0,0,0,0,0,0,0,0,0,0,0,39.8986,-75.238, ,Philadelphia
 ,7195,2018005521,6,67,67301,2017,11,2,2013,20,3,1,0,4,1, , ,N,1,3,0,3,0,1,5,2,N, ,39 59:18.387,75 11:07.371,2156, ,2155, ,0, ,N, ,3, , , , , ,100321, , , ,2,1,0,0,0,0,1,0,0,0,0,1,1,0,0,0,0,0,1,0,0,0,0,0,0,0,0,0,0,0,0,0,0,0,0,4,0,39.9884,-75.1854, ,Philadelphia
 ,7196,2017120678,6,67,67301,2017,10,4,30,0,3,1,0,5,1, , ,N,0,0,0,3,0,1,2,2,N,N,40 00:24.409,75 11:30.474,46, ,43, ,0, , , ,0, , , , , ,100357, , , ,2,2,0,0,0,0,0,0,0,0,0,0,1,1,0,0,0,0,0,0,0,0,0,2,0,0,0,0,0,0,0,0,0,0,0,8,0,40.0066,-75.1917, ,Philadelphia
 ,7197,2017078827,6,67,67301,2017,7,1,935,9,1,1,0,5,6, , ,N,0,0,1,3,0,3,4,9,N,N,39 59:32.625,75 07:15.178,942, ,940, ,0, ,N, ,0, , , , , ,100366, , , ,6,1,0,0,1,0,2,2,0,0,0,3,3,0,0,0,0,0,0,0,0,0,0,0,0,0,0,0,0,0,0,0,3,0,0,4,0,39.9924,-75.1209, ,Philadelphia
 ,7198,2017086136,6,67,67301,2017,7,6,1843,18,1,1,0,2,1, , ,N,0,0,0,3,0,4,4,2,N,N,40 02:04.724,75 06:53.091,1919, ,1851, ,0, ,N, ,0, , , , , ,100376, , , ,2,2,0,0,0,0,0,0,0,0,0,1,4,3,0,0,0,0,0,0,0,0,0,1,0,0,0,0,0,0,0,0,0,0,0,4,0,40.0346,-75.1147, ,Philadelphia
 ,7199,2017086103,6,67,67301,2017,6,4,2138,21,3,1,0,8,1, , ,N,1,2,0,3,0,1,2,2,N,N,39 57:20.839,75 13:32.687,2131, ,2108, ,0, ,N, ,3, , , , , ,100381, , , ,1,1,0,0,0,0,0,0,0,0,0,1,1,0,0,0,0,0,0,0,0,0,0,1,0,0,0,0,0,0,0,0,1,0,0,4,0,39.9558,-75.2257, ,Philadelphia
 ,7200,2017137543,6,67,67301,2017,12,3,1810,18,3,2,1,8,1, , ,N,1,2,0,3,0,1,2,2,N, ,39 57:10.647,75 09:05.531,1819, ,1817,1,1,4,N, ,3,N, , , , ,100413, , , ,1,1,0,0,0,0,0,0,0,0,1,0,1,0,0,0,0,0,0,0,0,0,0,0,0,0,0,0,0,0,0,0,1,0,0,3,0,39.953,-75.1515, ,Philadelphia
 ,7201,2017067777,6,67,67301,2017,5,6,1054,10,1,1,0,4,1, , ,N,1,2,0,3,0,2,2,2,N,N,39 55:32.089,75 14:03.592,1100, ,1055,1,1,6,N, ,3,Y, , , , ,94139, , , ,2,1,0,0,0,0,0,1,0,0,0,2,2,0,0,0,0,0,0,0,0,0,0,0,0,0,0,0,0,0,0,0,0,0,0,4,0,39.9256,-75.2343, ,Philadelphia
 ,7202,2017086150,6,67,67301,2017,7,2,2110,21,3,2,1,7,4, , ,N,0,0,0,3,0,1,1,1,N,N,40 04:37.208,75 01:28.909,2130, ,2117, ,0, ,N, ,0, , , , , ,94148, , , ,1,0,0,0,0,0,1,0,0,0,0,1,1,0,0,0,0,0,0,0,0,0,0,0,0,0,0,0,0,0,0,0,0,0,0,4,0,40.077,-75.0247, ,Philadelphia
 ,7203,2017116101,6,67,67301,2017,10,5,1929,19,6,1,0,4,1, , ,N,1,2,0,3,0,2,2,2,N,N,40 01:40.752,75 03:26.701,2127, ,2123, ,0, , , ,3, , , , , ,94166, , , ,2,1,0,0,0,0,0,1,0,0,0,2,2,0,0,0,0,0,0,1,0,0,0,0,0,0,0,0,0,0,0,0,0,0,0,4,0,40.028,-75.0574, ,Philadelphia
 ,7204,2017067693,6,67,67301,2017,6,6,135,1,3,1,0,7,1, , ,N,0,0,0,3,0,1,2,4,N,N,39 55:41.560,75 09:54.350,150, ,138,3,2,2,N, ,0,Y, , , , ,94195, , , ,4,0,0,0,0,0,4,0,0,0,0,1,1,0,1,0,0,0,0,0,0,0,0,0,0,0,0,0,0,0,0,0,0,0,0,4,0,39.9282,-75.1651, ,Philadelphia
 ,7205,2017086953,6,67,67301,2017,1,4,9999,99,2,1,0,1,1, , ,N,2,0,0,3,0,1,3,2,N,N,39 58:58.072,75 12:22.561,1938, ,1925,1,1,1,N, ,0,N, , , , ,94198, , , ,2,2,0,0,0,0,0,0,0,0,0,1,1,0,0,0,0,0,0,0,0,0,0,0,0,0,0,0,0,0,0,0,0,0,0,4,0,39.9828,-75.2063, ,Philadelphia
 ,7206,2017078761,6,67,67301,2017,7,1,1930,19,1,1,0,4,1, , ,N,5,2,0,3,0,1,2,2,N, ,39 59:42.687,75 06:56.840,2047, ,2047, ,0, , , ,3, , , , , ,94199, , , ,2,0,1,0,0,0,0,0,0,0,0,1,1,0,0,0,0,0,1,0,0,0,0,0,0,0,0,0,0,0,0,0,0,0,0,4,0,39.9952,-75.1158, ,Philadelphia
 ,7207,2017078872,6,67,67301,2017,7,5,1849,18,1,2,1,4,1, , ,N,0,0,0,3,0,2,4,2,N, ,39 56:23.695,75 14:17.917,1852, ,1849, ,0, , , ,0, , , , , ,94203, , , ,2,2,0,0,0,0,0,0,0,0,0,0,2,2,1,0,0,0,0,0,0,0,0,1,0,0,0,0,0,0,0,0,0,0,0,8,0,39.9399,-75.2383, ,Philadelphia
 ,7208,2017108010,6,67,67301,2017,9,1,226,2,3,2,1,0,1, , ,N,1,2,0,3,0,1,1,1,N,N,39 57:45.461,75 14:48.589,228, ,227, ,0, ,N, ,3, , , , , ,94214, , , ,1,0,1,0,0,0,0,0,0,0,0,0,1,1,0,0,0,0,0,0,1,0,0,0,0,0,0,0,0,0,0,0,0,0,0,8,0,39.9627,-75.2467, ,Philadelphia
 ,7209,2017097983,6,67,67301,2017,6,6,1532,15,1,1,0,4,1, , ,N,0,0,7,3,0,2,3,2,N,N,39 58:07.474,75 08:05.863,1545, ,1539, ,0, ,N, ,0, , , , , ,94217, , , ,2,0,0,0,0,0,1,0,0,0,0,2,2,0,0,0,0,0,0,0,0,0,0,0,0,0,0,0,0,0,0,0,0,0,0,4,0,39.9687,-75.135, ,Philadelphia
 ,7210,2017088822,6,67,67301,2017,8,3,1415,14,1,1,0,4,1, , ,N,1,2,0,3,0,2,2,2,N,N,40 03:23.345,75 02:47.046,1445, ,1438, ,0, ,N, ,3, , , , , ,94220, , , ,2,2,0,0,0,0,0,0,0,0,1,1,2,0,0,0,0,0,0,0,0,0,1,0,0,0,0,0,0,0,0,0,0,0,0,3,0,40.0565,-75.0464, ,Philadelphia
 ,7211,2017120628,6,67,67301,2017,10,3,830,8,1,2,1,8,1, , ,N,2,3,0,3,0,1,3,2,N, ,39 55:26.021,75 08:48.912,850, ,848, ,0, , , ,3, , , , , ,94225, , , ,1,0,0,0,0,0,0,1,0,0,0,1,1,0,0,0,0,0,0,0,0,0,0,0,0,0,0,0,0,0,0,0,1,0,0,4,0,39.9239,-75.1469, ,Philadelphia
 ,7212,2017058299,6,67,67301,2017,5,4,650,6,1,1,0,8,1, , ,N,0,0,0,3,0,1,2,2,N,N,40 00:17.304,75 10:40.004,710, ,700, ,0, ,N, ,0, , , , , ,94227, , , ,1,0,0,0,0,0,1,0,0,0,1,0,1,0,0,0,0,0,0,0,0,0,0,0,0,0,0,0,0,0,0,0,1,0,0,3,0,40.0048,-75.1778, ,Philadelphia
 ,7213,2017060455,6,67,67301,2017,5,2,9999,99,1,1,0,4,1, , ,N,2,3,0,3,0,0,2,4,N,N,40 02:57.418,75 09:39.312,1504, ,1459, ,0, ,N, ,3, , , , , ,94235, , , ,4,3,0,0,0,0,1,0,0,0,0,0,0,0,0,0,0,0,0,0,1,0,0,1,0,0,0,0,0,0,0,0,0,0,0,0,0,40.0493,-75.1609, ,Philadelphia
 ,7214,2017073545,6,67,67301,2017,7,4,659,6,1,1,0,1,4, , ,N,0,0,0,3,0,0,1,2,N,N,40 03:09.269,74 59:13.670,659, ,659,2,2,1, , ,0,N, , , , ,94237, , , ,2,2,0,0,0,0,0,0,0,0,0,0,0,0,0,0,0,0,0,0,0,0,0,0,0,0,0,0,0,0,0,0,0,0,0,0,0,40.0526,-74.9871, ,Philadelphia
 ,7215,2017081080,6,67,67301,2017,6,3,1345,13,1,1,0,7,2, , ,N,7,0,2,3,0,1,1,1,N,N,39 59:50.669,75 04:55.143,1354, ,1345, ,0, , , ,0, , , , , ,94253, , , ,1,0,0,0,0,0,1,0,0,0,0,0,1,1,0,0,0,0,0,0,0,0,0,0,0,0,0,0,0,0,0,0,0,0,0,8,0,39.9974,-75.082, ,Philadelphia
 ,7216,2017078733,6,67,67301,2017,7,1,820,8,1,1,0,4,1, , ,N,1,2,0,3,0,1,2,2,N,N,40 00:54.823,75 10:11.829,826, ,825, ,0, , , ,3, , , , , ,94255, , , ,2,0,0,0,0,0,2,0,0,0,0,0,1,1,1,0,0,0,0,0,1,1,0,0,0,0,0,0,0,0,0,0,0,0,0,8,0,40.0152,-75.1699, ,Philadelphia
 ,7217,2017086812,6,67,67301,2017,4,1,1522,15,1,1,0,4,1, , ,N,2,2,0,3,0,1,2,2,N, ,40 04:57.279,75 02:26.113,1527, ,1522, ,0, , , ,3, , , , , ,94256, , , ,2,1,0,0,0,0,1,0,0,0,0,1,1,0,0,0,0,0,1,0,1,0,0,0,0,0,0,0,0,0,0,0,0,0,0,4,0,40.0825,-75.0405, ,Philadelphia
 ,7218,2017097831,6,67,67301,2017,9,4,805,8,1,1,1,4,1, , ,N,1,3,0,3,0,1,3,2,N, ,40 05:27.917,75 02:49.151,805, ,805,1,1,4, , ,3,N, , , , ,94263, , , ,2,1,0,0,0,0,1,0,0,0,0,1,1,0,0,0,0,1,0,0,0,0,0,0,0,0,0,0,0,0,0,0,0,0,0,4,0,40.0911,-75.047, ,Philadelphia
 ,7219,2017068046,6,67,67301,2017,6,7,1340,13,1,1,0,4,1, , ,N,1,3,0,3,0,2,2,2,N,N,39 57:29.437,75 13:44.774,1349, ,1348, ,0, ,N, ,3, , , , , ,96978, , , ,2,2,0,0,0,0,0,0,0,0,0,2,2,0,0,0,0,0,0,0,0,0,0,0,0,0,0,0,0,0,0,0,0,0,0,4,0,39.9582,-75.2291, ,Philadelphia
 ,7220,2017072994,6,67,67301,2017,4,2,1700,17,1,1,0,4,1, , ,N,0,0,7,3,0,1,2,2,N,N,40 04:14.300,75 02:01.000,0, ,0, ,0, ,N, ,0, , , , , ,96982, , , ,2,1,0,0,0,0,0,0,0,0,0,0,1,1,0,0,0,0,0,0,0,0,0,0,0,0,0,0,0,0,0,0,0,0,0,8,0,40.0706,-75.0336, ,Philadelphia
 ,7221,2017076220,6,67,67301,2017,6,6,20,0,3,1,0,6,1, , ,N,0,0,0,3,0,0,3,2,N,N,39 57:15.397,75 10:42.678,35, ,32, ,0, , , ,0, , , , , ,96984, , , ,2,1,0,0,0,1,0,0,0,0,0,0,0,0,0,0,0,0,0,0,0,0,0,0,0,0,0,0,0,0,0,0,0,0,0,0,1,39.9543,-75.1785, ,Philadelphia
 ,7222,2017058279,6,67,67301,2017,5,7,1505,15,1,1,0,1,1, , ,N,0,0,0,3,0,1,2,2,N,N,40 02:21.696,75 03:59.726,1526, ,1526, ,0, , , ,0, , , , , ,96991, , , ,2,1,0,0,0,0,0,1,0,0,0,1,1,0,0,0,0,0,0,0,0,1,0,0,0,0,0,0,0,0,0,0,0,0,0,4,0,40.0394,-75.0666, ,Philadelphia
 ,7223,2017070403,6,67,67301,2017,6,4,9999,99,1,1,0,4,1, , ,N,1,3,0,3,0,3,6,3,N,N,40 03:54.455,75 11:08.790,1530, ,1525, ,0, ,N, ,3, , , , , ,97007, , , ,3,1,0,0,0,0,2,0,0,0,0,0,3,3,3,0,0,1,0,0,1,0,0,0,0,0,0,0,0,0,0,0,0,0,0,8,0,40.0651,-75.1858, ,Philadelphia
 ,7224,2017055663,6,67,67301,2017,5,6,2350,23,3,2,1,7,4, , ,N,2,2,0,3,0,0,1,1,N,N,40 07:06.967,75 00:25.322,8, ,1, ,0, ,N, ,3, , , , , ,97026, , , ,1,1,0,0,0,0,0,0,0,0,0,0,0,0,0,0,0,0,0,0,0,0,0,1,0,0,0,0,0,0,0,0,0,0,0,0,0,40.1186,-75.007, ,Philadelphia
 ,7225,2017078830,6,67,67301,2017,7,5,215,2,3,9,8,8,1, , ,N,0,0,0,3,0,1,2,2,N,N,39 59:35.216,75 08:07.488,1803, ,1802, ,0, ,N, ,0, , , , , ,97043, , , ,1,1,0,0,0,0,0,0,0,0,0,1,1,0,1,0,0,0,0,0,0,0,0,0,0,0,0,0,0,0,0,0,1,0,0,4,0,39.9931,-75.1354, ,Philadelphia
 ,7226,2017088907,6,67,67301,2017,8,6,1335,13,1,1,0,4,1, , ,N,1,2,0,3,0,0,3,2,N,N,39 57:10.730,75 10:06.316,1339, ,1339, ,0, , , ,3, , , , , ,97048, , , ,2,1,0,0,0,0,1,0,0,0,0,0,0,0,0,0,0,0,0,0,0,1,0,1,0,0,0,0,0,0,0,0,0,0,0,0,0,39.953,-75.1685, ,Philadelphia
 ,7227,2017088960,6,67,67301,2017,8,7,1850,18,1,1,0,4,1, , ,N,0,0,7,3,0,1,2,2,N,N,39 55:55.956,75 13:29.584,1902, ,1902,1,1,4,N, ,0,N, , , , ,97058, , , ,2,1,0,0,0,0,1,0,0,0,0,1,1,0,0,0,0,0,0,0,0,0,0,1,0,0,0,0,0,0,0,0,0,0,0,4,0,39.9322,-75.2249, ,Philadelphia
 ,7228,2017088939,6,67,67301,2017,8,7,917,9,1,1,0,4,1, , ,N,2,3,0,3,0,0,2,2,N,N,40 03:47.329,75 14:53.807,920, ,917, ,0, ,N, ,3, , , , , ,97061, , , ,2,2,0,0,0,0,0,0,0,0,0,0,0,0,0,0,0,0,0,0,0,0,0,0,0,0,0,0,0,0,0,0,0,0,0,0,0,40.0631,-75.2483, ,Philadelphia
 ,7229,2017120643,6,67,67301,2017,10,5,1840,18,3,1,0,4,1, , ,N,1,3,0,3,0,1,2,2,N,N,40 02:16.162,75 03:26.661,1840, ,1840,9,2,7,N, ,3,Y, , , , ,97064, , , ,2,1,0,0,0,0,1,0,0,0,0,0,1,1,0,0,0,0,0,0,1,0,0,0,0,0,0,0,0,0,0,0,0,0,0,8,0,40.0378,-75.0574, ,Philadelphia
 ,7230,2017105953,6,67,67301,2017,9,6,945,9,1,1,0,8,1, , ,N,1,2,0,3,0,1,2,2,N,N,39 56:59.317,75 09:19.765,955, ,952, ,0, ,N, ,3, , , , , ,97066, , , ,1,1,0,0,0,0,0,0,0,0,0,1,1,0,0,0,0,0,0,0,0,0,0,0,0,0,0,0,0,0,0,0,1,0,0,4,0,39.9498,-75.1554, ,Philadelphia
 ,7231,2017109973,6,67,67301,2017,10,1,1410,14,1,1,0,5,1, , ,N,0,0,0,3,0,1,2,2,N, ,39 55:55.074,75 13:46.186,1425, ,1419, ,0, , , ,0, , , , , ,97069, , , ,1,1,0,0,0,0,0,0,1,0,0,1,1,0,0,0,0,0,0,0,0,0,0,1,0,0,0,0,0,0,0,0,0,0,0,4,0,39.932,-75.2295, ,Philadelphia
 ,7232,2017068591,6,67,67301,2017,7,1,1335,13,1,1,0,1,1, , ,N,0,0,3,3,0,1,3,2,N,N,39 54:20.100,75 07:53.900,1336, ,1335,2,2,3,N, ,0,Y, , , , ,97078, , , ,2,2,0,0,0,0,0,0,0,0,1,0,1,0,0,0,0,0,0,0,0,1,0,0,0,0,0,0,0,0,0,0,0,0,0,3,0,39.9056,-75.1316, ,Philadelphia
 ,7233,2017060674,6,67,67301,2017,5,7,120,1,3,1,0,5,6, , ,N,0,0,0,3,0,3,3,4,N, ,40 03:25.937,75 09:40.980,130, ,126,1,1,1, , ,0,N, , , , ,97097, , , ,4,2,0,0,0,0,1,1,0,0,1,2,3,0,0,0,0,0,0,0,0,0,0,0,0,0,0,0,0,0,0,0,0,0,0,3,0,40.0572,-75.1614, ,Philadelphia
 ,7234,2017067890,6,67,67301,2017,6,3,1800,18,4,1,0,4,1, , ,N,1,3,0,3,0,1,2,2,N,N,40 02:11.598,75 03:30.830,9999, ,9999, ,0, ,N, ,3, , , , , ,97099, , , ,2,1,0,0,0,0,0,1,0,0,0,0,1,1,0,0,0,1,0,0,0,0,0,2,0,0,0,0,0,0,0,0,0,0,0,8,0,40.0366,-75.0586, ,Philadelphia
 ,7235,2017076669,6,67,67301,2017,7,3,1256,12,1,1,0,5,1, , ,N,0,0,2,3,0,1,3,2,N,N,39 57:18.500,75 08:53.600,1256, ,1256, ,0, ,N, ,0, , , , , ,97105, , , ,2,0,0,0,0,1,1,0,0,0,0,0,1,1,0,0,0,0,0,0,0,0,1,0,0,0,0,0,0,0,0,0,0,0,0,8,1,39.9551,-75.1482, ,Philadelphia
 ,7236,2017088808,6,67,67301,2017,8,6,543,5,5,1,0,4,1, , ,N,1,3,0,3,0,1,2,2,N, ,39 55:36.256,75 09:32.144,550, ,547,1,2,2, , ,3,Y, , , , ,97128, , , ,2,1,0,0,0,0,1,0,0,0,0,1,1,0,0,0,0,0,0,0,1,0,0,0,0,0,0,0,0,0,0,0,0,0,0,4,0,39.9267,-75.1589, ,Philadelphia
 ,7237,2018027553,6,67,67301,2017,12,3,710,7,1,1,0,4,1, , ,N,0,3,6,3,0,1,2,2,N,N,40 00:56.106,75 10:37.333,745, ,733, ,0, ,N, ,3, , , , , ,102760, , , ,2,0,0,0,1,1,0,0,0,0,0,1,1,0,0,0,0,0,0,0,0,0,0,0,0,0,0,0,0,0,0,0,0,0,0,4,1,40.0156,-75.177, ,Philadelphia
 ,7238,2018033660,6,67,67301,2017,6,6,1917,19,1,1,0,1,1, , ,N,1,2,0,3,0,2,3,2,N,N,40 01:01.180,75 11:17.957,0, ,0, ,0, ,N, ,3, , , , , ,102763, , , ,2,0,0,0,0,0,2,0,0,0,2,0,2,0,0,0,0,0,0,0,0,0,0,0,0,0,0,0,0,0,0,0,0,0,0,3,0,40.017,-75.1883, ,Philadelphia
 ,7239,2017128061,6,67,67301,2017,11,2,1540,15,1,1,0,1,1, , ,N,4,0,0,3,0,1,2,2,N,N,39 57:47.100,75 10:44.400,1602, ,1550, ,0, , , ,0, , , , , ,102790, , , ,2,1,0,0,0,0,1,0,0,0,0,0,1,1,0,0,0,0,0,0,1,0,0,0,0,0,0,0,0,0,0,0,0,0,0,8,0,39.963,-75.1788, ,Philadelphia
 ,7240,2018020708,6,67,67301,2017,10,1,1535,15,1,2,1,4,1, , ,N,0,0,7,3,0,1,3,5,N,N,40 03:49.620,75 11:37.540,1600, ,1553, ,0, ,N, ,0, , , , , ,102814, , , ,5,1,0,0,1,0,3,0,0,0,0,1,1,0,1,0,0,0,0,0,2,0,0,0,0,0,0,0,0,0,0,0,0,0,0,4,0,40.0638,-75.1938, ,Philadelphia
 ,7241,2018005413,6,67,67301,2017,11,2,539,5,3,5,1,8,1, , ,N,2,2,0,3,1,0,2,2,N,N,39 54:50.300,75 13:17.800,550, ,539, ,0, ,N,0,3, , , , , ,102816, , , ,1,1,0,0,0,0,0,0,0,0,0,0,0,0,0,0,0,0,0,0,0,0,0,0,0,0,0,0,0,0,0,0,1,1,0,1,0,39.9141,-75.2214,2,Philadelphia
 ,7242,2017109897,6,67,67301,2017,10,2,415,4,3,1,0,8,1, , ,N,0,0,0,3,1,0,2,2,N,N,40 04:43.258,75 05:01.295,424, ,419,9,2,5,N,0,0,Y, , , , ,102819, , , ,1,1,0,0,0,0,0,0,0,0,0,0,0,0,0,0,0,0,0,0,0,0,0,0,0,0,0,0,0,0,0,0,1,1,0,1,0,40.0787,-75.0837,2,Philadelphia
 ,7243,2017117370,6,67,67301,2017,10,2,108,1,3,2,1,7,4, , ,N,0,0,0,3,0,0,1,1,N,N,39 58:57.315,75 12:27.903,119, ,109, ,0, , , ,0, , , , , ,102820, , , ,1,1,0,0,0,0,0,0,0,0,0,0,0,0,0,0,0,0,0,0,0,0,0,0,0,0,0,0,0,0,0,0,0,0,0,0,0,39.9819,-75.2073, ,Philadelphia
 ,7244,2017116095,6,67,67301,2017,10,4,750,7,1,1,0,8,1, , ,N,1,2,0,3,0,1,2,2,N, ,39 56:55.827,75 12:53.958,830, ,821, ,0, , , ,3, , , , , ,102822, , , ,1,0,0,0,0,0,1,0,1,0,1,0,1,0,1,0,0,0,0,0,0,0,0,0,0,0,0,0,0,0,0,0,0,0,0,3,0,39.9488,-75.215, ,Philadelphia
 ,7245,2017093601,6,67,67301,2017,8,6,1950,19,4,1,0,8,1, , ,N,0,0,0,3,0,1,2,2,N, ,40 00:31.461,75 05:05.904,2004, ,1957, ,0, , , ,0, , , , , ,102823, , , ,1,1,0,0,0,0,0,0,0,0,0,0,1,1,0,0,0,0,0,0,0,0,0,0,0,0,0,0,0,0,0,0,1,0,0,8,0,40.0087,-75.085, ,Philadelphia
 ,7246,2017133989,6,67,67301,2017,11,2,900,9,8,9,8,8,1, , ,N,1,2,0,3,0,1,2,2,N,N,39 57:22.704,75 09:46.009,1430, ,1430, ,0, ,N, ,3, , , , , ,102827, , , ,1,1,0,0,0,0,0,0,0,0,1,0,1,0,0,0,0,0,0,0,0,0,0,0,0,0,0,0,0,0,0,0,1,0,0,3,0,39.9562,-75.1627, ,Philadelphia
 ,7247,2017120631,6,67,67301,2017,10,4,1609,16,1,1,0,5,1, , ,N,1,2,2,3,0,1,3,2,N, ,39 55:18.106,75 11:24.076,1645, ,1643, ,0, , , ,3, , , , , ,102838, , , ,2,0,0,1,1,0,0,0,0,0,0,0,1,1,0,0,0,0,0,0,0,0,0,0,0,0,0,0,0,0,0,0,0,0,0,8,2,39.9217,-75.19, ,Philadelphia
 ,7248,2017130672,6,67,67301,2017,11,5,1900,19,3,1,0,4,1, , ,N,1,2,0,3,0,1,3,2,N,N,40 03:28.946,75 03:09.904,2335, ,2329, ,0, ,N, ,3, , , , , ,102869, , , ,2,1,0,0,0,0,1,0,0,0,0,1,1,0,0,0,0,0,0,0,0,0,0,0,0,0,0,0,0,0,0,0,0,0,0,4,0,40.058,-75.0527, ,Philadelphia
 ,7249,2017128920,6,67,67301,2017,8,5,2233,22,3,1,0,5,1, , ,N,0,0,0,3,0,0,2,2,N,N,39 57:28.549,75 09:44.252,2249, ,2233,1,2,4, , ,0,N, , , , ,102888, , , ,2,2,0,0,0,0,0,0,0,0,0,0,0,0,0,0,0,0,0,0,1,0,0,0,0,0,0,0,0,0,0,0,0,0,0,0,0,39.9579,-75.1623, ,Philadelphia
 ,7250,2018027459,6,67,67301,2017,12,3,1700,17,3,9,0,6,1, , ,N,0,0,0,3,0,1,2,2,N, ,39 59:09.500,75 12:54.500,1645, ,9999, ,0, ,N, ,0, , , , , ,102897, , , ,2,0,0,0,0,0,1,1,0,0,0,1,1,0,1,0,0,0,0,0,0,0,0,0,0,0,0,0,0,0,0,0,0,0,0,4,0,39.986,-75.2151, ,Philadelphia
 ,7251,2017135007,6,67,67301,2017,11,4,1720,17,3,1,0,4,1, , ,N,0,0,7,3,0,0,2,2,N,N,40 04:39.700,75 01:26.700,1727, ,1724, ,0, ,N, ,0, , , , , ,102916, , , ,2,2,0,0,0,0,0,0,0,0,0,0,0,0,0,0,0,0,0,0,0,0,0,0,0,0,0,0,0,0,0,0,0,0,0,0,0,40.0777,-75.0241, ,Philadelphia