wz_ln_closure,objectid_1,crn,district,county,municipality,crash_year,crash_month,day_of_week,time_of_day,hour_of_day,illumination,weather,road_condition,collision_type,relation_to_road,work_zone_type,work_zone_loc,work_zone_ind,intersect_type,tcd_type,location_type,urban_rural,fatal_count,injury_count,person_count,total_units,sch_bus_ind,sch_zone_ind,latitude,longitude,arrival_tm,cons_zone_spd_lim,dispatch_tm,est_hrs_closed,lane_closed,ln_close_dir,ntfy_hiwy_maint,spec_juris_cd,tcd_func_cd,tfc_detour_ind,workers_pres,wz_close_detour,wz_flagger,wz_law_offcr_ind,objectid,wz_moving,wz_other,wz_shlder_mdn,vehicle_count,automobile_count,motorcycle_count,bus_count,small_truck_count,heavy_truck_count,suv_count,van_count,bicycle_count,maj_inj_count,mod_inj_count,min_inj_count,tot_inj_count,unk_inj_deg_count,unk_inj_per_count,driver_count_16yr,driver_count_17yr,driver_count_18yr,driver_count_19yr,driver_count_20yr,driver_count_50_64yr,driver_count_65_74yr,driver_count_75plus,unbelted_occ_count,unb_death_count,unb_maj_inj_count,belted_death_count,belted_maj_inj_count,mcycle_death_count,mcycle_maj_inj_count,bicycle_death_count,bicycle_maj_inj_count,ped_count,ped_death_count,ped_maj_inj_count,max_severity_level,comm_veh_count,dec_lat,dec_long,rdwy_surf_type_cd,county_name
 ,7252,2018029761,6,67,67301,2017,12,7,1203,12,1,4,3,7,4, , ,N,2,3,0,3,0,0,1,1,N,N,40 03:50.299,75 14:57.052,1210, ,1205, ,0, ,N, ,3, , , , , ,102933, , , ,1,1,0,0,0,0,0,0,0,0,0,0,0,0,0,0,0,0,0,0,0,0,0,0,0,0,0,0,0,0,0,0,0,0,0,0,0,40.064,-75.2492, ,Philadelphia
 ,7253,2017086238,6,67,67301,2017,7,1,2325,23,3,1,0,7,4, , ,N,0,0,0,3,0,3,3,1,N,N,39 56:25.114,75 11:15.606,2340, ,2337, ,0, ,N, ,0, , , , , ,102947, , , ,1,1,0,0,0,0,0,0,0,0,0,0,3,3,0,0,0,0,0,0,0,0,0,0,0,0,0,0,0,0,0,0,0,0,0,8,0,39.9403,-75.1877, ,Philadelphia
 ,7254,2017116151,6,67,67301,2017,10,6,2220,22,3,1,1,5,6, , ,N,0,0,0,3,0,0,1,4,N,N,39 56:12.220,75 10:02.629,2241, ,2240, ,0, ,N, ,0, , , , , ,102953, , , ,4,3,0,0,1,0,0,0,0,0,0,0,0,0,1,0,0,0,0,0,0,1,0,0,0,0,0,0,0,0,0,0,0,0,0,9,0,39.9367,-75.1674, ,Philadelphia
 ,7255,2018005478,6,67,67301,2017,12,1,820,8,1,8,4,4,1, , ,N,1,2,0,3,0,2,4,2,N, ,40 02:12.235,75 03:52.193,825, ,822,2,2,2,N, ,3,Y, , , , ,100422, , , ,2,0,0,0,0,0,2,0,0,0,0,1,2,1,0,0,0,0,0,0,0,1,0,0,0,0,0,0,0,0,0,0,0,0,0,4,0,40.0366,-75.0645, ,Philadelphia
 ,7256,2017116104,6,67,67301,2017,10,1,152,1,3,1,0,4,1, , ,N,1,2,2,3,0,1,3,2,N, ,39 58:28.698,75 11:56.790,155, ,152, ,0, , , ,3, , , , , ,100425, , , ,2,0,0,0,0,0,1,1,0,0,0,1,1,0,0,0,0,0,0,0,0,0,0,2,0,0,0,0,0,0,0,0,0,0,0,4,0,39.9746,-75.1991, ,Philadelphia
 ,7257,2018027215,6,67,67301,2017,12,1,245,2,3,1,0,4,6, , ,N,0,0,0,3,0,0,1,2,N, ,39 57:01.400,75 12:53.000,315, ,258, ,0, ,N, ,0, , , , , ,100458, , , ,2,0,0,0,0,0,1,1,0,0,0,0,0,0,0,0,0,0,0,0,0,0,0,0,0,0,0,0,0,0,0,0,0,0,0,0,0,39.9504,-75.2147, ,Philadelphia
 ,7258,2017086117,6,67,67301,2017,7,5,1945,19,1,2,1,8,1, , ,N,1,2,0,3,0,1,2,2,N,N,39 58:32.300,75 15:56.091,2000, ,1950, ,0, , , ,3, , , , , ,100466, , , ,1,0,0,0,0,0,1,0,0,0,0,1,1,0,0,0,0,0,0,0,1,0,0,0,0,0,0,0,0,0,0,0,1,0,0,4,0,39.9756,-75.2656, ,Philadelphia
 ,7259,2017106038,6,67,67301,2017,9,2,1614,16,1,1,0,4,1, , ,N,1,2,0,3,0,2,2,2,N,N,40 01:47.668,75 08:45.635,1623, ,1616, ,0, ,N, ,3, , , , , ,100510, , , ,2,1,0,0,0,0,1,0,0,0,0,2,2,0,0,0,0,0,0,0,0,0,1,0,0,0,0,0,0,0,0,0,0,0,0,4,0,40.0299,-75.146, ,Philadelphia
 ,7260,2017133966,6,67,67301,2017,11,1,52,0,3,1,0,4,1, , ,N,1,2,0,3,0,1,2,3,N,N,39 57:19.340,75 09:21.200,52, ,52,1,1,3,N, ,3,N, , , , ,100527, , , ,3,1,0,0,0,0,2,0,0,0,0,1,1,0,0,0,0,0,0,0,0,0,0,1,0,0,0,0,0,0,0,0,0,0,0,4,0,39.9554,-75.1559, ,Philadelphia
 ,7261,2018029813,6,67,67301,2017,12,6,829,8,1,1,0,4,1, , ,N,1,3,0,3,0,1,2,2,N,N,39 57:28.137,75 11:37.737,832, ,819,1,2,5,N, ,3,Y, , , , ,100541, , , ,2,1,0,0,0,0,1,0,0,0,0,1,1,0,0,0,0,0,0,0,0,0,0,0,0,0,0,0,0,0,0,0,0,0,0,4,0,39.9578,-75.1938, ,Philadelphia
 ,7262,2017106001,6,67,67301,2017,9,2,845,8,1,1,0,4,1, , ,N,1,3,0,3,0,2,2,2,N,N,40 01:23.163,75 07:26.450,915, ,910,3,1,4,N, ,3,Y, , , , ,100545, , , ,2,2,0,0,0,0,0,0,0,0,0,2,2,0,0,0,0,0,0,0,0,0,0,0,0,0,0,0,0,0,0,0,0,0,0,4,0,40.0231,-75.124, ,Philadelphia
 ,7263,2017068006,6,67,67301,2017,6,5,2110,21,1,1,0,1,1, , ,N,0,0,0,3,0,1,1,2,N, ,40 01:58.609,75 02:50.657,2120, ,2117, ,0, , , ,0, , , , , ,100561, , , ,2,1,0,0,0,0,1,0,0,0,0,1,1,0,0,0,0,0,1,0,0,0,0,0,0,0,0,0,0,0,0,0,0,0,0,4,0,40.0329,-75.0474, ,Philadelphia
 ,7264,2017120924,6,67,67301,2017,11,5,2155,21,3,1,0,4,1, , ,N,1,3,0,3,0,0,2,2,N,N,39 59:05.688,75 09:47.173,2159, ,2158,1,2,1,N, ,3,Y, , , , ,100571, , , ,2,0,0,0,0,0,2,0,0,0,0,0,0,0,0,0,0,0,0,1,0,0,0,0,0,0,0,0,0,0,0,0,0,0,0,0,0,39.9849,-75.1631, ,Philadelphia
 ,7265,2017093657,6,67,67301,2017,8,1,830,8,1,1,0,4,1, , ,N,5,2,8,3,0,2,4,2,N,N,40 01:13.441,75 09:07.585,909, ,902,1,2,4,N, ,3,Y, , , , ,100620, , , ,2,2,0,0,0,0,0,0,0,0,0,0,2,2,0,0,0,0,0,0,0,0,1,0,0,0,0,0,0,0,0,0,0,0,0,8,0,40.0204,-75.1521, ,Philadelphia
 ,7266,2017127377,6,67,67301,2017,11,4,1530,15,1,1,0,8,1, , ,N,1,2,0,3,0,1,2,2,N,N,39 58:13.330,75 14:42.826,1545, ,1540, ,0, ,N, ,3, , , , , ,100625, , , ,1,1,0,0,0,0,0,0,0,0,0,0,1,1,0,0,0,0,0,0,0,0,0,1,0,0,0,0,0,0,0,0,1,0,0,8,0,39.9704,-75.2451, ,Philadelphia
 ,7267,2017127495,6,67,67301,2017,11,3,620,6,1,1,0,4,1, , ,N,1,2,0,3,0,3,3,2,N,N,39 55:15.711,75 13:26.782,630, ,625,1,2,7,N, ,3,Y, , , , ,100652, , , ,2,1,0,0,0,0,1,0,0,0,0,0,3,3,0,0,0,0,0,0,1,0,0,0,0,0,0,0,0,0,0,0,0,0,0,8,0,39.9211,-75.2242, ,Philadelphia
 ,7268,2018005464,6,67,67301,2017,12,6,1245,12,1,1,0,4,1, , ,N,1,2,0,3,0,0,3,2,N,N,39 58:12.871,75 07:49.819,1254, ,1249,1,1,2,N, ,3,N, , , , ,100666, , , ,2,0,0,0,0,1,1,0,0,0,0,0,0,0,1,0,0,0,0,0,1,0,0,0,0,0,0,0,0,0,0,0,0,0,0,9,1,39.9701,-75.1304, ,Philadelphia
 ,7269,2018027358,6,67,67301,2017,12,5,2057,20,3,1,0,8,1, , ,N,1,2,0,3,0,1,2,2,N,N,40 03:59.676,75 03:04.085,2101, ,2100,1,1,1,N, ,3,N, , , , ,100668, , , ,1,1,0,0,0,0,0,0,0,0,0,1,1,0,0,0,0,0,0,0,1,0,0,1,0,0,0,0,0,0,0,0,1,0,0,4,0,40.0666,-75.0511, ,Philadelphia
 ,7270,2018034736,6,67,67301,2017,7,6,1520,15,1,1,0,1,1, , ,N,1,2,0,3,0,1,2,2,N,N,39 59:17.890,75 15:14.288,9999, ,9999, ,0, ,N, ,3, , , , , ,100669, , , ,2,2,0,0,0,0,0,0,0,0,0,0,1,1,0,0,0,0,0,0,0,0,0,0,0,0,0,0,0,0,0,0,0,0,0,8,0,39.9883,-75.254, ,Philadelphia
 ,7271,2018027554,6,67,67301,2017,12,4,1935,19,3,1,0,4,1, , ,N,1,2,0,3,0,1,3,2,N,N,40 03:05.564,75 09:00.360,1945, ,1940, ,0, ,N, ,3, , , , , ,100680, , , ,2,1,0,1,0,0,0,0,0,0,0,1,1,0,0,0,0,1,0,0,0,0,0,1,0,0,0,0,0,0,0,0,0,0,0,4,1,40.0515,-75.1501, ,Philadelphia
 ,7272,2017116051,6,67,67301,2017,10,5,1538,15,1,1,0,8,1, , ,N,1,2,0,3,0,1,2,2,N, ,40 03:12.911,75 08:29.615,1544, ,1540, ,0, , , ,3, , , , , ,94266, , , ,1,0,0,0,0,0,1,0,0,0,0,1,1,0,0,0,0,0,0,0,0,0,0,0,0,0,0,0,0,0,0,0,1,0,0,4,0,40.0537,-75.1414, ,Philadelphia
 ,7273,2017097955,6,67,67301,2017,9,5,1337,13,1,1,0,1,1, , ,N,2,2,0,3,0,1,3,2,N, ,39 54:52.857,75 09:18.187,1350, ,1350, ,0, , , ,3, , , , , ,94307, , , ,2,1,0,0,0,0,0,0,0,0,0,1,1,0,0,0,0,0,0,0,0,0,0,0,0,0,0,0,0,0,0,0,0,0,0,4,0,39.9147,-75.155, ,Philadelphia
 ,7274,2017107286,6,67,67301,2017,10,2,1536,15,1,2,1,7,2, , ,N,0,0,0,3,0,0,1,1,N,N,39 58:57.315,75 12:27.903,1545, ,1539,1,2,4, , ,0,N, , , , ,94309, , , ,1,1,0,0,0,0,0,0,0,0,0,0,0,0,0,0,0,0,1,0,0,0,0,0,0,0,0,0,0,0,0,0,0,0,0,0,0,39.9819,-75.2073, ,Philadelphia
 ,7275,2017091749,6,67,67301,2017,8,5,1140,11,1,1,0,4,1, , ,N,1,2,0,3,0,1,3,2,N, ,39 56:38.462,75 09:35.926,1221, ,1221,3,1,4, , ,3,N, , , , ,94312, , , ,2,1,0,0,0,0,1,0,0,0,0,1,1,0,0,0,0,0,0,0,0,0,0,0,0,0,0,0,0,0,0,0,0,0,0,4,0,39.944,-75.16, ,Philadelphia
 ,7276,2017070528,6,67,67301,2017,6,3,1120,11,1,1,0,4,1, , ,N,1,3,0,3,0,1,3,2,N,N,40 02:10.706,75 07:46.353,1149, ,1147,9,1,4,N, ,3,N, , , , ,94334, , , ,2,2,0,0,0,0,0,0,0,0,0,1,1,0,0,0,0,0,0,0,1,0,0,0,0,0,0,0,0,0,0,0,0,0,0,4,0,40.0363,-75.1295, ,Philadelphia
 ,7277,2017067719,6,67,67301,2017,5,3,2130,21,3,2,1,3,1, , ,N,2,3,0,3,0,1,2,2,N, ,40 03:05.417,75 09:34.912,2132, ,2131, ,0, , , ,3, , , , , ,94340, , , ,2,2,0,0,0,0,0,0,0,0,0,1,1,0,0,0,0,0,1,0,1,0,0,1,0,0,0,0,0,0,0,0,0,0,0,4,0,40.0515,-75.1597, ,Philadelphia
 ,7278,2017078740,6,67,67301,2017,7,7,2154,21,3,1,0,8,1, , ,N,0,0,0,3,0,1,2,2,N,N,40 00:04.058,75 08:53.579,2154, ,2154, ,0, ,N, ,0, , , , , ,94344, , , ,1,0,0,0,0,0,0,1,0,0,0,0,1,1,0,0,0,0,0,0,0,0,0,1,0,0,0,0,0,0,0,0,1,0,0,8,0,40.0011,-75.1482, ,Philadelphia
 ,7279,2017105956,6,67,67301,2017,9,6,1330,13,1,1,0,4,1, , ,N,0,2,7,3,0,0,6,2,N, ,39 54:13.257,75 14:30.297,1347, ,1343, ,0, , , ,3, , , , , ,94369, , , ,2,0,0,0,0,0,2,0,0,0,0,0,0,0,1,0,0,0,0,0,1,0,0,0,0,0,0,0,0,0,0,0,0,0,0,9,0,39.9037,-75.2417, ,Philadelphia
 ,7280,2017107480,6,67,67301,2017,10,3,1500,15,1,1,0,1,1, , ,N,1,2,0,3,0,3,5,2,N,N,40 00:05.763,75 09:10.529,1514, ,1513,2,1,2,N, ,3,N, , , , ,94381, , , ,2,1,0,0,0,0,0,1,0,0,0,0,3,3,0,0,0,0,0,0,0,0,0,0,0,0,0,0,0,0,0,0,0,0,0,8,0,40.0016,-75.1528, ,Philadelphia
 ,7281,2017068047,6,67,67301,2017,6,1,1653,16,1,1,0,4,1, , ,N,1,2,0,3,0,3,4,2,N,N,39 57:21.859,75 14:16.659,1706, ,1701,2,2,1,N, ,3,Y, , , , ,94384, , , ,2,0,0,0,0,0,2,0,0,0,0,1,3,2,0,0,0,0,0,0,0,0,0,1,0,0,0,0,0,0,0,0,0,0,0,4,0,39.9561,-75.238, ,Philadelphia
 ,7282,2017086321,6,67,67301,2017,7,2,1916,19,1,1,0,1,1, , ,N,1,2,0,3,0,3,5,2,N, ,40 01:04.807,75 08:57.222,1933, ,1930, ,0, , , ,3, , , , , ,94398, , , ,2,1,0,0,1,0,0,0,0,0,0,0,3,3,0,0,0,0,0,0,2,0,0,2,0,0,0,0,0,0,0,0,0,0,0,8,0,40.0179,-75.1493, ,Philadelphia
 ,7283,2017115973,6,67,67301,2017,10,6,1100,11,1,1,0,5,1, , ,N,1,2,0,3,0,0,3,3,N,N,40 01:44.360,75 05:21.014,1130, ,1114, ,0, ,N, ,3, , , , , ,94414, , , ,3,2,0,0,0,0,1,0,0,0,0,0,0,0,1,0,0,0,0,0,1,1,0,2,0,0,0,0,0,0,0,0,0,0,0,9,0,40.029,-75.0892, ,Philadelphia
 ,7284,2017088935,6,67,67301,2017,8,3,2200,22,4,1,0,1,1, , ,N,0,0,0,3,0,2,4,2,N,N,40 03:11.239,75 09:24.368,2245, ,2242, ,0, ,N, ,0, , , , , ,94438, , , ,2,1,0,0,1,0,0,0,0,0,0,2,2,0,1,0,0,0,0,0,1,0,0,4,0,0,0,0,0,0,0,0,0,0,0,4,0,40.0531,-75.1568, ,Philadelphia
 ,7285,2017086304,6,67,67301,2017,7,4,2038,20,3,1,0,4,1, , ,N,0,0,7,3,0,1,2,3,N,N,40 05:50.896,75 02:52.804,2109, ,2053,2,2,7, , ,0,Y, , , , ,94443, , , ,3,1,0,0,0,0,1,1,0,0,1,0,1,0,0,0,0,0,0,1,1,0,0,0,0,0,0,0,0,0,0,0,0,0,0,3,0,40.0975,-75.048, ,Philadelphia
 ,7286,2017091160,6,67,67301,2017,8,6,1656,16,1,1,0,1,1, , ,N,0,2,0,3,0,1,3,2,N, ,40 03:34.614,75 02:39.697,1658, ,1656, ,0, , , ,3, , , , , ,94450, , , ,2,2,0,0,0,0,0,0,0,0,0,1,1,0,0,0,0,0,0,0,2,0,0,0,0,0,0,0,0,0,0,0,0,0,0,4,0,40.0596,-75.0444, ,Philadelphia
 ,7287,2017086178,6,67,67301,2017,7,7,2019,20,4,1,0,4,1, , ,N,1,2,0,3,0,1,3,2,N,N,40 06:40.143,75 01:27.353,2027, ,2019,2,1,1,N, ,3,Y, , , , ,94453, , , ,2,1,0,0,0,0,1,0,0,0,0,1,1,0,0,0,0,0,0,0,1,0,0,0,0,0,0,0,0,0,0,0,0,0,0,4,0,40.1112,-75.0243, ,Philadelphia
Y,7288,2017108044,6,67,67301,2017,9,5,2340,23,3,1,0,1,1,1,4,Y,0,0,0,3,0,2,5,3,N,N,40 00:57.009,75 10:34.618,2355,99,2350, ,0, ,N, ,0, ,Y, , ,U,94456, , , ,3,2,0,0,0,0,1,0,0,0,0,2,2,0,0,0,0,0,1,0,0,0,0,0,0,0,0,0,0,0,0,0,0,0,0,4,0,40.0158,-75.1763, ,Philadelphia
 ,7289,2017104017,6,67,67301,2017,9,2,620,6,1,1,0,1,1, , ,N,0,0,0,3,0,0,4,3,N,N,39 58:34.120,75 11:44.114,646, ,624, ,0, , , ,0, , , , , ,94467, , , ,3,0,0,0,1,0,1,1,0,0,0,0,0,0,0,0,0,0,0,0,0,0,0,0,0,0,0,0,0,0,0,0,0,0,0,0,0,39.9754,-75.1947, ,Philadelphia
 ,7290,2017097152,6,67,67301,2017,9,6,101,1,3,1,0,7,4, , ,N,0,0,0,3,0,0,1,1,Y,Y,39 58:58.148,75 05:56.603,115, ,110, ,0, , , ,0, , , , , ,97129, , , ,1,1,0,0,0,0,0,0,0,0,0,0,0,0,0,0,0,0,0,0,0,0,0,0,0,0,0,0,0,0,0,0,0,0,0,0,0,39.9828,-75.0991, ,Philadelphia
 ,7291,2017084462,6,67,67301,2017,8,6,148,1,3,1,0,0,1, , ,N,0,0,0,3,0,1,1,1,N,N,40 00:04.361,75 11:40.780,151, ,149, ,0, , , ,0, , , , , ,97151, , , ,1,0,0,0,0,0,1,0,0,0,0,0,1,1,0,0,0,0,0,0,0,0,0,0,0,0,0,0,0,0,0,0,0,0,0,8,0,40.0012,-75.1947, ,Philadelphia
 ,7292,2017086745,6,67,67301,2017,4,7,2130,21,3,1,0,4,1, , ,N,1,2,0,3,0,6,6,2,N,N,39 58:39.875,75 12:48.192,2140, ,2137,1,1,1,N, ,3,N, , , , ,97156, , , ,2,2,0,0,0,0,0,0,0,0,0,0,6,6,0,0,0,0,0,0,0,0,0,0,0,0,0,0,0,0,0,0,0,0,0,8,0,39.9777,-75.2134, ,Philadelphia
 ,7293,2017115949,6,67,67301,2017,10,6,1934,19,3,1,0,8,1, , ,N,0,0,0,3,0,1,2,2,N,N,40 00:33.753,75 09:03.131,1934, ,1934,3,1,2,N, ,0,N, , , , ,97164, , , ,1,0,0,1,0,0,0,0,0,1,0,0,1,0,0,0,0,0,0,0,1,0,0,0,0,0,0,0,0,0,0,0,1,0,1,2,1,40.0094,-75.1509, ,Philadelphia
 ,7294,2017105999,6,67,67301,2017,9,3,1435,14,1,1,0,4,1, , ,N,1,3,0,3,0,1,2,2,N, ,39 58:45.559,75 08:19.571,1437, ,1435, ,0, , , ,3, , , , , ,97165, , , ,1,0,0,0,0,0,1,0,1,0,0,0,1,1,0,0,0,0,0,0,0,0,0,1,0,0,0,0,0,0,0,0,0,0,0,8,0,39.9793,-75.1388, ,Philadelphia
 ,7295,2017067953,6,67,67301,2017,6,4,1858,18,1,1,1,8,1, , ,N,0,0,0,3,0,1,3,2,N, ,40 02:33.799,75 04:42.924,1920, ,1914, ,0, , , ,0, , , , , ,97178, , , ,1,0,0,0,0,0,1,0,0,0,0,1,1,0,0,0,0,0,0,0,0,0,0,1,0,0,0,0,0,0,0,0,1,0,0,4,0,40.0427,-75.0786, ,Philadelphia
 ,7296,2017076182,6,67,67301,2017,6,2,31,0,3,1,0,7,5, , ,N,0,0,0,3,0,0,1,1,N, ,40 00:14.799,75 09:46.173,58, ,46, ,0, , , ,0, , , , , ,97195, , , ,1,1,0,0,0,0,0,0,0,0,0,0,0,0,1,0,0,0,0,0,0,0,0,0,0,0,0,0,0,0,0,0,0,0,0,9,0,40.0041,-75.1628, ,Philadelphia
 ,7297,2017078850,6,67,67301,2017,7,7,2030,20,2,1,0,8,1, , ,N,0,0,0,3,0,1,2,2,N, ,40 02:46.459,75 09:54.956,2030, ,2030, ,0, , , ,0, , , , , ,97199, , , ,1,1,0,0,0,0,0,0,0,0,0,1,1,0,0,0,0,0,0,0,0,0,0,1,0,0,0,0,0,0,0,0,1,0,0,4,0,40.0462,-75.1653, ,Philadelphia
 ,7298,2017086310,6,67,67301,2017,7,6,2000,20,3,1,0,8,1, , ,N,1,2,0,3,0,1,2,2,N,N,40 02:41.121,75 03:59.421,2006, ,2002, ,0, ,N, ,3, , , , , ,97210, , , ,1,1,0,0,0,0,0,0,0,0,0,1,1,0,0,0,0,0,0,0,0,0,0,0,0,0,0,0,0,0,0,0,1,0,0,4,0,40.0448,-75.0665, ,Philadelphia
 ,7299,2017127445,6,67,67301,2017,11,1,1203,12,1,1,0,4,1, , ,N,2,3,0,3,0,1,2,2,N,N,39 55:06.769,75 11:03.739,1215, ,1205, ,0, , , ,3, , , , , ,97223, , , ,2,1,0,0,0,0,1,0,0,0,0,0,1,1,1,0,0,0,0,0,1,0,0,0,0,0,0,0,0,0,0,0,0,0,0,8,0,39.9185,-75.1844, ,Philadelphia
 ,7300,2018005564,6,67,67301,2017,12,1,1149,11,1,8,1,4,1, , ,N,0,0,7,3,0,0,3,3,N, ,40 04:36.700,74 59:19.500,1215, ,1208,1,1,3,N, ,0,Y, , , , ,97225, , , ,3,1,0,0,0,0,2,0,0,0,0,0,0,0,0,0,1,0,0,0,1,0,0,0,0,0,0,0,0,0,0,0,0,0,0,0,0,40.0769,-74.9888, ,Philadelphia
 ,7301,2017081530,6,67,67301,2017,7,6,1758,17,1,1,0,7,3, , ,N,0,0,0,3,0,1,4,1,N,N,39 53:56.916,75 10:33.084,1819, ,1805,1,2,1, , ,0,N, , , , ,97230, , , ,1,0,0,0,1,0,0,0,0,0,1,0,1,0,0,0,0,0,0,0,1,0,0,0,0,0,0,0,0,0,0,0,0,0,0,3,0,39.8991,-75.1759, ,Philadelphia
 ,7302,2017127320,6,67,67301,2017,11,7,1010,10,1,1,0,1,1, , ,N,0,0,0,3,0,2,3,2,N,N,40 01:20.963,75 05:17.239,1040, ,1033, ,0, ,N, ,0, , , , , ,97282, , , ,2,1,0,0,0,0,1,0,0,0,0,2,2,0,0,0,0,0,0,0,0,0,0,0,0,0,0,0,0,0,0,0,0,0,0,4,0,40.0225,-75.0881, ,Philadelphia
 ,7303,2017137519,6,67,67301,2017,12,4,1800,18,3,1,0,7,5, , ,N,0,0,0,3,0,0,1,1,N, ,39 59:03.600,75 10:59.800,1935, ,1930, ,0, ,N, ,0, , , , , ,97298, , , ,1,0,0,0,0,0,1,0,0,0,0,0,0,0,1,0,0,0,0,0,0,0,0,0,0,0,0,0,0,0,0,0,0,0,0,9,0,39.9843,-75.1833, ,Philadelphia
 ,7304,2018028853,6,67,67301,2017,12,5,909,9,1,4,5,1,1, , ,N,1,3,0,3,0,1,4,2,N,N,40 00:48.528,75 05:06.572,915, ,912, ,0, ,N, ,3, , , , , ,97306, , , ,2,0,0,0,0,0,2,0,0,0,0,1,1,0,0,0,0,0,0,0,0,0,0,0,0,0,0,0,0,0,0,0,0,0,0,4,0,40.0135,-75.0852, ,Philadelphia
 ,7305,2017086200,6,67,67301,2017,7,3,1555,15,1,1,0,4,1, , ,N,2,2,0,3,0,0,2,2,N,N,39 55:44.965,75 13:45.235,1555, ,1555, ,0, ,N, ,3, , , , , ,97334, , , ,2,2,0,0,0,0,0,0,0,0,0,0,0,0,1,0,0,0,0,0,0,1,0,0,0,0,0,0,0,0,0,0,0,0,0,9,0,39.9292,-75.2292, ,Philadelphia
 ,7306,2017125609,6,67,67301,2017,10,1,1902,19,3,2,1,5,1, , ,N,0,0,0,3,0,0,4,3,N,N,39 59:45.453,75 04:58.100,1915, ,1911,1,1,1, , ,0,N, , , , ,97345, , , ,3,3,0,0,0,0,0,0,0,0,0,0,0,0,0,0,0,0,0,0,1,0,0,0,0,0,0,0,0,0,0,0,0,0,0,0,0,39.996,-75.0828, ,Philadelphia
 ,7307,2017117354,6,67,67301,2017,10,5,249,2,3,2,1,7,2, , ,N,0,0,0,3,0,1,1,1,N,N,40 01:59.348,75 01:14.492,301, ,249,1,2,2, , ,0,Y, , , , ,97352, , , ,1,0,0,0,1,0,0,0,0,0,0,0,1,1,0,0,0,0,0,0,0,0,1,0,0,0,0,0,0,0,0,0,0,0,0,8,0,40.0332,-75.0207, ,Philadelphia
 ,7308,2017109926,6,67,67301,2017,9,6,859,8,1,1,0,4,1, , ,N,1,3,0,3,0,2,4,3,N,N,40 02:46.473,75 09:57.863,905, ,900,1,1,5,N, ,3,N, , , , ,102958, , , ,3,3,0,0,0,0,0,0,0,0,0,2,2,0,0,0,0,0,0,0,1,0,0,3,0,0,0,0,0,0,0,0,0,0,0,4,0,40.0462,-75.1661, ,Philadelphia
 ,7309,2017130659,6,67,67301,2017,11,1,2121,21,3,2,1,4,1, , ,N,1,2,0,3,0,1,3,2,N,N,40 00:43.128,75 08:09.038,2121, ,2121, ,0, ,N, ,3, , , , , ,102975, , , ,2,0,0,0,0,0,2,0,0,0,0,1,1,0,1,0,0,0,0,0,0,0,0,0,0,0,0,0,0,0,0,0,0,0,0,4,0,40.012,-75.1358, ,Philadelphia
 ,7310,2017127304,6,67,67301,2017,11,5,1510,15,1,1,0,4,1, , ,N,1,2,0,3,0,1,3,3,N, ,40 02:03.472,75 02:19.006,1525, ,1519, ,0, , , ,3, , , , , ,102983, , , ,3,2,0,0,0,0,1,0,0,0,0,0,1,1,0,0,0,0,0,0,0,0,0,0,0,0,0,0,0,0,0,0,0,0,0,8,0,40.0343,-75.0386, ,Philadelphia
 ,7311,2017127460,6,67,67301,2017,11,4,1750,17,3,1,0,8,1, , ,N,2,0,0,3,0,1,2,2,N,N,39 59:53.281,75 07:35.194,1758, ,1754, ,0, ,N, ,0, , , , , ,102992, , , ,1,0,0,0,0,0,1,0,0,0,0,0,1,1,0,0,0,0,0,0,1,0,0,0,0,0,0,0,0,0,0,0,1,0,0,8,0,39.9981,-75.1264, ,Philadelphia
 ,7312,2017135225,6,67,67301,2017,12,4,2214,22,3,4,3,7,4, , ,N,0,0,0,3,0,1,1,1,N,N,39 57:41.227,75 10:55.435,2302, ,2252, ,0, , , ,0, , , , , ,103022, , , ,1,1,0,0,0,0,0,0,0,0,0,0,1,1,0,0,0,0,0,0,0,0,0,0,0,0,0,0,0,0,0,0,0,0,0,8,0,39.9615,-75.1821, ,Philadelphia
 ,7313,2018026738,6,67,67301,2017,12,5,2315,23,3,1,0,4,1, , ,N,1,2,0,3,0,1,2,2,N,N,40 00:42.048,75 09:46.973,2318, ,2318, ,0, ,N, ,3, , , , , ,103031, , , ,2,1,1,0,0,0,0,0,0,0,1,0,1,0,0,0,0,0,0,0,2,0,0,1,0,0,0,0,0,0,0,0,0,0,0,3,0,40.0116,-75.163, ,Philadelphia
Y,7314,2017103885,6,67,67301,2017,7,6,1335,13,1,1,0,1,1,1,4,Y,0,0,0,3,0,0,3,3,N,N,39 58:34.494,75 06:53.849,1355,45,1345,2,1,2, , ,0,N,N,N,N,N,103035,N,N,Y,3,0,0,0,1,2,0,0,0,0,0,0,0,0,0,0,0,0,0,0,2,0,1,0,0,0,0,0,0,0,0,0,0,0,0,0,2,39.9762,-75.115, ,Philadelphia
 ,7315,2018020721,6,67,67301,2017,10,3,830,8,6,1,0,2,1, , ,N,0,0,0,3,0,1,2,2,N, ,40 01:12.600,75 04:31.800,1320, ,1320, ,0, ,N, ,0, , , , , ,103056, , , ,1,0,0,0,0,0,1,0,1,0,0,1,1,0,0,0,0,0,0,0,0,0,0,1,0,0,0,0,0,0,0,0,0,0,0,4,0,40.0202,-75.0755, ,Philadelphia