wz_ln_closure,objectid_1,crn,district,county,municipality,crash_year,crash_month,day_of_week,time_of_day,hour_of_day,illumination,weather,road_condition,collision_type,relation_to_road,work_zone_type,work_zone_loc,work_zone_ind,intersect_type,tcd_type,location_type,urban_rural,fatal_count,injury_count,person_count,total_units,sch_bus_ind,sch_zone_ind,latitude,longitude,arrival_tm,cons_zone_spd_lim,dispatch_tm,est_hrs_closed,lane_closed,ln_close_dir,ntfy_hiwy_maint,spec_juris_cd,tcd_func_cd,tfc_detour_ind,workers_pres,wz_close_detour,wz_flagger,wz_law_offcr_ind,objectid,wz_moving,wz_other,wz_shlder_mdn,vehicle_count,automobile_count,motorcycle_count,bus_count,small_truck_count,heavy_truck_count,suv_count,van_count,bicycle_count,maj_inj_count,mod_inj_count,min_inj_count,tot_inj_count,unk_inj_deg_count,unk_inj_per_count,driver_count_16yr,driver_count_17yr,driver_count_18yr,driver_count_19yr,driver_count_20yr,driver_count_50_64yr,driver_count_65_74yr,driver_count_75plus,unbelted_occ_count,unb_death_count,unb_maj_inj_count,belted_death_count,belted_maj_inj_count,mcycle_death_count,mcycle_maj_inj_count,bicycle_death_count,bicycle_maj_inj_count,ped_count,ped_death_count,ped_maj_inj_count,max_severity_level,comm_veh_count,dec_lat,dec_long,rdwy_surf_type_cd,county_name
 ,7443,2017122817,6,67,67301,2017,10,6,640,6,5,1,0,4,1, , ,N,1,2,0,3,0,4,5,2,N,N,39 58:48.338,75 08:40.981,650, ,645, ,0, ,N, ,3, , , , , ,97784, , , ,2,1,0,1,0,0,0,0,0,0,0,1,4,3,1,0,0,0,0,0,0,0,0,0,0,0,0,0,0,0,0,0,0,0,0,4,1,39.9801,-75.1447, ,Philadelphia
 ,7444,2017105960,6,67,67301,2017,9,4,900,9,1,1,1,4,1, , ,N,0,0,0,3,0,3,7,2,N,N,40 01:35.478,75 09:37.494,930, ,900, ,0, ,N, ,0, , , , , ,97802, , , ,2,1,0,0,0,0,0,1,0,0,2,0,3,1,0,0,0,0,0,0,0,0,0,0,0,0,0,0,0,0,0,0,0,0,0,3,0,40.0265,-75.1604, ,Philadelphia
 ,7445,2017109794,6,67,67301,2017,9,4,910,9,1,1,0,4,1, , ,N,1,2,0,3,0,2,3,2,N,N,40 00:16.529,75 10:36.942,920, ,916, ,0, ,N, ,3, , , , , ,97805, , , ,2,0,0,0,0,0,1,0,0,0,1,1,2,0,0,0,0,0,0,0,0,0,0,0,0,0,0,0,0,0,0,0,0,0,0,3,0,40.0047,-75.1769, ,Philadelphia
 ,7446,2017109970,6,67,67301,2017,9,6,2056,20,3,1,0,4,1, , ,N,1,3,0,3,0,1,3,2,N,N,40 00:50.716,75 08:25.609,2056, ,2056, ,0, ,N, ,3, , , , , ,97811, , , ,2,2,0,0,0,0,0,0,0,0,0,1,1,0,1,0,0,0,0,0,0,0,0,0,0,0,0,0,0,0,0,0,0,0,0,4,0,40.0141,-75.1404, ,Philadelphia
 ,7447,2017128086,6,67,67301,2017,11,4,1250,12,1,1,0,4,1, , ,N,1,2,0,3,0,1,4,2,N,N,40 02:55.080,75 08:41.593,1250, ,1250, ,0, ,N, ,3, , , , , ,97829, , , ,2,0,0,0,0,0,2,0,0,0,0,0,1,1,0,0,0,0,0,1,0,0,0,3,0,0,0,0,0,0,0,0,0,0,0,8,0,40.0486,-75.1449, ,Philadelphia
 ,7448,2017128031,6,67,67301,2017,11,5,1941,19,3,1,0,8,1, , ,N,2,0,0,3,0,2,3,3,N, ,40 01:12.648,75 07:35.630,1222, ,9999, ,0, , , ,0, , , , , ,97830, , , ,1,0,0,0,1,0,0,0,0,0,1,1,2,0,0,0,0,0,0,0,0,0,0,1,0,0,0,0,0,0,0,0,2,0,0,3,0,40.0202,-75.1266, ,Philadelphia
 ,7449,2018029803,6,67,67301,2017,12,5,9999,99,3,1,0,4,1, , ,N,2,2,0,3,0,0,2,2,N,N,40 01:10.349,75 08:56.400,850, ,850, ,0, ,N, ,3, , , , , ,97843, , , ,2,2,0,0,0,0,0,0,0,0,0,0,0,0,2,0,0,0,0,0,0,0,0,0,0,0,0,0,0,0,0,0,0,0,0,9,0,40.0195,-75.1489, ,Philadelphia
 ,7450,2017116119,6,67,67301,2017,9,6,1239,12,1,1,0,4,1, , ,N,1,0,0,3,0,2,3,2,N, ,39 59:37.010,75 06:26.272,1250, ,1239, ,0, , , ,0, , , , , ,97860, , , ,2,0,0,0,0,0,1,0,0,0,1,1,2,0,0,0,0,0,0,0,0,1,0,2,0,0,0,0,0,0,0,0,0,0,0,3,0,39.9936,-75.1073, ,Philadelphia
 ,7451,2017135083,6,67,67301,2017,11,4,1735,17,3,1,0,5,1, , ,N,1,2,0,3,0,2,3,2,N, ,40 01:03.050,75 09:01.026,1907, ,1907,3,1,3,N, ,3,N, , , , ,103364, , , ,2,1,0,0,0,1,0,0,0,0,0,0,2,2,0,0,0,0,0,0,0,0,0,2,0,0,0,0,0,0,0,0,0,0,0,8,1,40.0175,-75.1503, ,Philadelphia
 ,7452,2017137579,6,67,67301,2017,12,3,855,8,1,1,0,1,6, , ,N,0,0,0,3,0,1,1,2,N,N,39 57:30.846,75 14:21.969,905, ,902, ,0, ,N, ,0, , , , , ,103419, , , ,2,0,0,0,0,0,2,0,0,0,0,1,1,0,0,0,0,0,0,0,1,0,0,0,0,0,0,0,0,0,0,0,0,0,0,4,0,39.9586,-75.2394, ,Philadelphia
 ,7453,2017109817,6,67,67301,2017,9,5,713,7,1,1,0,5,1, , ,N,0,0,6,3,0,0,4,3,N,N,40 03:02.895,75 03:03.318,729, ,714,2,1,1,N, ,0,N, , , , ,103433, , , ,3,1,0,0,0,0,0,2,0,0,0,0,0,0,0,0,0,0,0,1,0,0,0,0,0,0,0,0,0,0,0,0,0,0,0,0,0,40.0506,-75.0509, ,Philadelphia
 ,7454,2017106167,6,67,67301,2017,10,2,1858,18,4,1,0,1,1, , ,N,0,0,0,3,0,3,3,2,N,N,39 58:26.617,75 11:38.420,1904, ,1900, ,0, , , ,0, , , , , ,103435, , , ,2,1,0,0,1,0,0,0,0,0,0,3,3,0,0,0,0,0,0,0,0,0,0,0,0,0,0,0,0,0,0,0,0,0,0,4,0,39.9726,-75.1936, ,Philadelphia
 ,7455,2017137526,6,67,67301,2017,12,3,1146,11,1,1,0,1,1, , ,N,0,0,0,3,0,1,2,2,N,N,39 58:42.993,75 16:03.911,1158, ,1148, ,0, ,N, ,0, , , , , ,103462, , , ,2,1,0,0,0,0,1,0,0,0,0,0,1,1,0,0,0,0,0,0,1,0,0,0,0,0,0,0,0,0,0,0,0,0,0,8,0,39.9786,-75.2678, ,Philadelphia
 ,7456,2017127350,6,67,67301,2017,10,1,1252,12,1,2,1,7,4, , ,N,0,0,0,3,0,0,1,1,N, ,39 59:44.887,75 07:56.049,1253, ,1252, ,0, , , ,0, , , , , ,103466, , , ,1,1,0,0,0,0,0,0,0,0,0,0,0,0,1,0,0,0,0,0,0,0,0,0,0,0,0,0,0,0,0,0,0,0,0,9,0,39.9958,-75.1322, ,Philadelphia
 ,7457,2018027590,6,67,67301,2017,9,5,1529,15,1,1,0,1,1, , ,N,0,0,0,3,0,0,2,2,N, ,39 58:44.788,75 16:17.639,1728, ,1546,2,1,1,N, ,0,Y, , , , ,103470, , , ,2,2,0,0,0,0,0,0,0,0,0,0,0,0,0,0,0,0,1,0,0,0,0,0,0,0,0,0,0,0,0,0,0,0,0,0,0,39.9791,-75.2716, ,Philadelphia
 ,7458,2017130604,6,67,67301,2017,11,5,1945,19,2,1,0,8,1, , ,N,1,2,0,3,0,1,2,2,N,N,39 57:54.379,75 12:19.725,500, ,453, ,0, ,N, ,3, , , , , ,103474, , , ,1,0,0,0,0,0,1,0,0,0,0,1,1,0,0,0,0,0,0,0,1,0,0,0,0,0,0,0,0,0,0,0,1,0,0,4,0,39.9651,-75.2055, ,Philadelphia
 ,7459,2018030045,6,67,67301,2017,12,5,937,9,1,1,0,8,1, , ,N,1,2,0,3,0,1,2,2,N,N,39 59:25.575,75 07:37.375,940, ,937, ,0, ,N, ,3, , , , , ,103476, , , ,1,0,0,0,0,0,1,0,0,0,0,1,1,0,1,0,0,0,0,0,0,0,0,0,0,0,0,0,0,0,0,0,1,0,0,4,0,39.9903,-75.127, ,Philadelphia
 ,7460,2018005523,6,67,67301,2017,12,7,302,3,3,1,0,5,1, , ,N,1,2,0,3,0,1,5,2,N,N,39 58:15.737,75 09:20.607,302, ,302, ,0, ,N, ,3, , , , , ,103545, , , ,2,2,0,0,0,0,0,0,0,0,0,1,1,0,0,0,0,0,0,0,0,0,0,0,0,0,0,0,0,0,0,0,0,0,0,4,0,39.9709,-75.1557, ,Philadelphia
U,7461,2017116152,6,67,67301,2017,10,5,9999,99,1,1,0,4,1,8,8,Y,1,2,0,3,0,0,2,2,N, ,39 57:29.275,75 09:01.648,1205,99,1203, ,0, , , ,3, ,U,U,U,U,103547,U,U,U,2,0,0,0,0,0,2,0,0,0,0,0,0,0,0,0,0,0,0,0,0,0,0,2,0,0,0,0,0,0,0,0,0,0,0,0,0,39.9581,-75.1505, ,Philadelphia
 ,7462,2017117021,6,67,67301,2017,10,6,1750,17,1,1,0,1,1, , ,N,0,0,0,3,0,0,2,2,N,N,39 53:56.243,75 10:05.429,1757, ,1751, ,0, , , ,0, , , , , ,103549, , , ,2,2,0,0,0,0,0,0,0,0,0,0,0,0,0,0,0,0,0,0,0,0,0,0,0,0,0,0,0,0,0,0,0,0,0,0,0,39.899,-75.1682, ,Philadelphia
 ,7463,2018005435,6,67,67301,2017,12,7,126,1,3,1,0,4,1, , ,N,2,3,0,3,0,0,2,3,N,N,40 00:26.794,75 05:10.650,136, ,130, ,0, ,N, ,3, , , , , ,103582, , , ,3,2,0,0,0,0,1,0,0,0,0,0,0,0,0,0,0,0,0,0,0,0,0,1,0,0,0,0,0,0,0,0,0,0,0,0,0,40.0074,-75.0863, ,Philadelphia
 ,7464,2018005259,6,67,67301,2017,12,7,148,1,3,1,0,5,1, , ,N,0,0,0,3,0,1,1,2,N,N,40 00:04.851,75 11:41.891,201, ,149, ,0, , , ,0, , , , , ,103587, , , ,2,1,0,0,0,0,0,0,0,0,0,0,1,1,0,0,0,0,0,0,0,0,0,0,0,0,0,0,0,0,0,0,0,0,0,8,0,40.0013,-75.195, ,Philadelphia
 ,7465,2018027440,6,67,67301,2017,11,5,845,8,1,1,0,4,1, , ,N,1,2,0,3,0,0,2,2,N,N,39 57:27.432,75 08:44.473,853, ,851, ,0, ,N, ,3, , , , , ,103588, , , ,2,1,0,0,0,0,1,0,0,0,0,0,0,0,0,0,0,0,0,0,0,0,0,0,0,0,0,0,0,0,0,0,0,0,0,0,0,39.9576,-75.1457, ,Philadelphia
 ,7466,2017093533,6,67,67301,2017,8,3,910,9,1,1,0,8,1, , ,N,0,0,0,3,0,1,2,2,N,N,40 02:18.645,75 02:10.253,9999, ,9999, ,0, ,N, ,0, , , , , ,103598, , , ,1,0,0,0,0,0,0,1,0,0,0,0,1,1,0,0,0,0,0,0,0,0,0,1,0,0,0,0,0,0,0,0,1,0,0,8,0,40.0385,-75.0362, ,Philadelphia
 ,7467,2017091336,6,67,67301,2017,9,1,735,7,1,6,1,7,2, , ,N,0,0,0,3,0,1,1,1,N,N,40 02:18.122,75 00:37.393,739, ,737, ,0, , , ,0, , , , , ,103601, , , ,1,1,0,0,0,0,0,0,0,0,0,0,1,1,0,0,0,0,0,0,1,0,0,0,0,0,0,0,0,0,0,0,0,0,0,8,0,40.0384,-75.0104, ,Philadelphia
 ,7468,2017128041,6,67,67301,2017,11,7,1910,19,3,2,1,1,1, , ,N,1,2,0,3,0,0,7,4,N,N,40 07:43.802,75 00:49.406,1920, ,1913, ,0, ,N, ,3, , , , , ,103616, , , ,4,2,0,0,0,0,1,1,0,0,0,0,0,0,0,0,0,0,0,0,1,2,0,0,0,0,0,0,0,0,0,0,0,0,0,0,0,40.1288,-75.0137, ,Philadelphia
 ,7469,2017127335,6,67,67301,2017,11,3,700,7,1,1,0,8,1, , ,N,1,3,0,3,0,1,2,2,N, ,40 02:33.992,75 11:52.586,1045, ,1040, ,0, , , ,3, , , , , ,100989, , , ,1,1,0,0,0,0,0,0,0,0,0,0,1,1,1,0,0,0,0,0,1,0,0,0,0,0,0,0,0,0,0,0,1,0,0,8,0,40.0428,-75.1979, ,Philadelphia
 ,7470,2018020724,6,67,67301,2017,11,2,810,8,1,1,0,4,1, , ,N,3,3,0,3,0,1,2,2,N,N,40 02:19.179,75 02:39.344,852, ,852, ,0, ,N, ,3, , , , , ,100995, , , ,2,2,0,0,0,0,0,0,0,0,0,1,1,0,0,0,0,0,1,0,0,0,1,1,0,0,0,0,0,0,0,0,0,0,0,4,0,40.0387,-75.0443, ,Philadelphia
 ,7471,2017135014,6,67,67301,2017,11,5,340,3,3,1,0,4,1, , ,N,1,2,0,3,0,1,8,3,N,N,40 01:43.905,75 06:21.601,352, ,347,9,1,2,N, ,3,N, , , , ,100999, , , ,3,1,0,0,0,0,0,1,0,0,0,0,1,1,0,0,0,0,0,0,0,0,0,0,0,0,0,0,0,0,0,0,0,0,0,8,0,40.029,-75.1061, ,Philadelphia
 ,7472,2018001127,6,67,67301,2017,12,2,2108,21,3,1,0,1,1, , ,N,0,4,0,3,0,0,5,3,N,N,40 00:19.163,75 04:31.536,2119, ,2119,1,1,1, , ,3,N, , , , ,101002, , , ,3,2,0,0,0,0,1,0,0,0,0,0,0,0,0,0,0,0,0,0,0,0,0,0,0,0,0,0,0,0,0,0,0,0,0,0,0,40.0053,-75.0754, ,Philadelphia
 ,7473,2018024091,6,67,67301,2017,12,4,1339,13,1,1,0,4,1, , ,N,2,0,0,3,1,2,3,2,N,N,40 01:33.300,75 06:30.900,1355, ,1339, ,0, ,N,0,0, , , , , ,101003, , , ,2,1,0,0,0,0,0,1,0,0,0,0,2,2,0,0,0,0,0,0,0,0,0,0,0,0,0,0,0,0,0,0,0,0,0,1,0,40.0259,-75.1085,2,Philadelphia
 ,7474,2018026513,6,67,67301,2017,12,1,758,7,5,1,0,4,1, , ,N,1,2,0,3,0,0,3,2,N,N,39 55:26.797,75 10:03.382,825, ,823,3,1,4,N, ,3,N, , , , ,101004, , , ,2,0,0,0,0,0,0,2,0,0,0,0,0,0,2,0,0,0,0,0,0,0,0,0,0,0,0,0,0,0,0,0,0,0,0,9,0,39.9241,-75.1675, ,Philadelphia
 ,7475,2018029764,6,67,67301,2017,12,3,1946,19,3,1,0,5,6, , ,N,0,0,0,3,0,0,1,2,N, ,39 59:35.500,75 10:11.100,1956, ,1950,2,2,1,N, ,0,Y, , , , ,101007, , , ,2,0,0,0,0,0,2,0,0,0,0,0,0,0,1,0,0,0,0,0,0,0,0,0,0,0,0,0,0,0,0,0,0,0,0,9,0,39.9932,-75.1698, ,Philadelphia
 ,7476,2017100785,6,67,67301,2017,9,5,1633,16,1,1,0,1,1, , ,N,0,0,0,3,0,2,5,2,N,N,39 58:05.766,75 07:45.662,1648, ,1639,2,2,1, , ,0,N, , , , ,101011, , , ,2,0,0,0,1,0,1,0,0,0,0,2,2,0,0,0,0,0,0,0,0,0,0,0,0,0,0,0,0,0,0,0,0,0,0,4,0,39.9683,-75.1294, ,Philadelphia
 ,7477,2017101857,6,67,67301,2017,9,4,1823,18,1,1,0,8,1, , ,N,0,0,0,3,0,1,2,2,N,N,40 03:27.010,75 11:26.005,1846, ,1823, ,0, ,N, ,0, , , , , ,101016, , , ,1,1,0,0,0,0,0,0,0,0,0,0,1,1,0,0,0,0,0,0,0,0,0,0,0,0,0,0,0,0,0,0,1,0,0,8,0,40.0575,-75.1906, ,Philadelphia
 ,7478,2018005524,6,67,67301,2017,11,4,1949,19,3,1,0,8,1, , ,N,1,2,0,3,0,1,3,2,N, ,40 00:27.617,75 08:19.804,9999, ,2008, ,0, ,N, ,3, , , , , ,101026, , , ,1,1,0,0,0,0,0,0,0,0,1,0,1,0,0,0,0,0,0,0,0,0,0,0,0,0,0,0,0,0,0,0,1,0,0,3,0,40.0077,-75.1388, ,Philadelphia
 ,7479,2018027466,6,67,67301,2017,12,1,923,9,1,1,0,4,1, , ,N,1,2,0,3,0,2,2,3,N,N,40 01:28.689,75 07:25.230,1035, ,1026, ,0, ,N, ,3, , , , , ,101029, , , ,3,3,0,0,0,0,0,0,0,0,0,2,2,0,0,0,0,0,0,0,1,0,0,0,0,0,0,0,0,0,0,0,0,0,0,4,0,40.0246,-75.1237, ,Philadelphia
 ,7480,2018004619,6,67,67301,2017,11,2,1024,10,1,2,1,5,1, , ,N,0,0,0,3,0,3,4,3,N,N,39 56:18.201,75 08:38.395,1055, ,1036,1,2,2,N, ,0,N, , , , ,101030, , , ,3,2,0,0,0,1,0,0,0,0,0,0,3,3,0,0,0,0,0,1,0,0,0,0,0,0,0,0,0,0,0,0,0,0,0,8,1,39.9384,-75.144, ,Philadelphia
 ,7481,2017090913,6,67,67301,2017,8,4,652,6,1,1,0,7,4, , ,N,0,0,0,3,0,1,1,2,N,N,39 58:08.487,75 07:38.366,703, ,653,2,2,1, , ,0,N, , , , ,101032, , , ,1,0,1,0,0,0,0,0,0,0,0,0,1,1,0,0,0,0,0,0,1,0,0,0,0,0,0,0,0,0,0,0,0,0,0,8,0,39.969,-75.1273, ,Philadelphia
 ,7482,2017093551,6,67,67301,2017,8,3,600,6,1,1,0,0,1, , ,N,0,0,0,3,0,0,1,1,N,N,39 55:55.804,75 14:33.216,605, ,600,1,2,6,N, ,0,N, , , , ,101072, , , ,1,1,0,0,0,0,0,0,0,0,0,0,0,0,1,0,0,0,0,0,0,0,0,0,0,0,0,0,0,0,0,0,0,0,0,9,0,39.9322,-75.2426, ,Philadelphia
 ,7483,2017130612,6,67,67301,2017,11,5,2245,22,3,1,0,2,1, , ,N,0,2,0,3,0,4,6,2,N, ,39 58:19.403,75 09:33.768,42, ,42,2,1,1,N, ,3,N, , , , ,101099, , , ,2,1,0,0,0,0,1,0,0,0,0,4,4,0,0,0,0,0,0,0,0,1,0,0,0,0,0,0,0,0,0,0,0,0,0,4,0,39.9721,-75.1594, ,Philadelphia
 ,7484,2017127521,6,67,67301,2017,10,3,1610,16,1,1,0,4,1, , ,N,1,2,0,3,0,1,6,3,N,N,40 03:20.701,75 05:22.429,1616, ,1611,2,1,1, , ,3,N, , , , ,101102, , , ,3,2,0,1,0,0,0,0,0,0,0,1,1,0,0,0,0,0,0,0,2,0,0,0,0,0,0,0,0,0,0,0,0,0,0,4,1,40.0558,-75.0896, ,Philadelphia
 ,7485,2017127340,6,67,67301,2017,11,3,700,7,6,2,1,4,1, , ,N,2,3,0,3,0,0,2,2,N,N,39 55:22.837,75 13:52.623,727, ,727,9,1,2,N, ,3,N, , , , ,101104, , , ,2,2,0,0,0,0,0,0,0,0,0,0,0,0,0,0,0,0,1,0,0,0,0,2,0,0,0,0,0,0,0,0,0,0,0,0,0,39.923,-75.2313, ,Philadelphia
 ,7486,2018020732,6,67,67301,2017,11,3,105,1,3,1,0,1,6, , ,N,0,0,0,3,0,1,1,2,N,N,40 02:29.280,75 05:52.211,112, ,110,2,1,2,N, ,0,N, , , , ,101119, , , ,2,2,0,0,0,0,0,0,0,0,0,1,1,0,0,0,0,0,1,0,0,0,0,1,0,0,0,0,0,0,0,0,0,0,0,4,0,40.0415,-75.0978, ,Philadelphia
 ,7487,2017078886,6,67,67301,2017,7,5,1826,18,1,2,1,2,1, , ,N,0,0,0,3,0,0,2,2,N,N,40 04:34.629,75 03:16.657,1826, ,1826, ,0, , , ,0, , , , , ,94873, , , ,2,1,0,0,0,0,0,1,0,0,0,0,0,0,0,0,0,0,0,0,0,0,0,1,0,0,0,0,0,0,0,0,0,0,0,0,0,40.0763,-75.0546, ,Philadelphia
 ,7488,2017086271,6,67,67301,2017,7,1,1908,19,1,1,0,4,1, , ,N,2,2,0,3,0,3,6,2,N,N,40 04:40.775,75 01:25.271,1910, ,1908,3,2,6,N, ,3,Y, , , , ,94885, , , ,2,1,0,0,0,0,1,0,0,0,0,3,3,0,0,0,0,0,0,0,1,0,0,0,0,0,0,0,0,0,0,0,0,0,0,4,0,40.078,-75.0237, ,Philadelphia
 ,7489,2017106057,6,67,67301,2017,9,1,1345,13,1,1,0,4,1, , ,N,1,3,0,3,0,1,2,2,N, ,39 58:39.564,75 11:00.214,1400, ,1353, ,0, , , ,3, , , , , ,94889, , , ,2,1,0,0,0,0,1,0,0,0,0,1,1,0,0,0,0,0,0,0,0,0,0,1,0,0,0,0,0,0,0,0,0,0,0,4,0,39.9777,-75.1834, ,Philadelphia
 ,7490,2017120697,6,67,67301,2017,10,7,2150,21,3,1,0,4,1, , ,N,2,0,0,3,0,1,2,2,N, ,40 01:14.257,75 08:55.161,2205, ,2200, ,0, , , ,0, , , , , ,94892, , , ,2,2,0,0,0,0,0,0,0,0,0,1,1,0,1,0,0,0,0,0,0,0,0,0,0,0,0,0,0,0,0,0,0,0,0,4,0,40.0206,-75.1487, ,Philadelphia
 ,7491,2017096467,6,67,67301,2017,9,1,55,0,3,2,1,4,1, , ,N,4,4,0,3,0,0,2,2,N,N,40 02:00.453,75 11:51.565,127, ,122,1,1,4,N, ,3,Y, , , , ,94897, , , ,2,0,0,0,0,0,2,0,0,0,0,0,0,0,0,0,0,0,0,0,0,0,0,1,0,0,0,0,0,0,0,0,0,0,0,0,0,40.0335,-75.1977, ,Philadelphia
 ,7492,2017110631,6,67,67301,2017,10,2,1140,11,1,2,1,7,2, , ,N,10,0,0,3,0,1,1,1,N,N,39 54:46.288,75 08:54.073,1142, ,1142, ,0, , , ,0, , , , , ,94898, , , ,1,1,0,0,0,0,0,0,0,0,1,0,1,0,0,0,0,0,0,0,0,0,0,0,0,0,0,0,0,0,0,0,0,0,0,3,0,39.9129,-75.1484, ,Philadelphia
 ,7493,2017101835,6,67,67301,2017,9,3,1929,19,4,1,0,8,4, , ,N,0,0,0,3,0,1,2,2,N,N,40 00:48.216,75 04:45.291,2200, ,2154, ,0, ,N, ,0, , , , , ,94899, , , ,1,1,0,0,0,0,0,0,0,0,1,0,1,0,0,0,0,0,0,0,0,0,0,1,0,0,0,0,0,0,0,0,1,0,0,3,0,40.0134,-75.0792, ,Philadelphia
 ,7494,2017086032,6,67,67301,2017,8,4,1532,15,1,1,0,4,1, , ,N,1,3,0,3,0,1,2,3,N,N,40 00:22.147,75 08:58.819,1536, ,1536,2,2,1,N, ,3,Y, , , , ,94900, , , ,3,3,0,0,0,0,0,0,0,0,1,0,1,0,0,0,0,0,0,0,0,0,0,0,0,0,0,0,0,0,0,0,0,0,0,3,0,40.0062,-75.1497, ,Philadelphia
 ,7495,2017091801,6,67,67301,2017,8,7,1735,17,1,1,0,5,1, , ,N,0,0,0,3,0,1,2,2,N,N,40 00:10.868,75 06:51.098,1755, ,1740, ,0, ,N, ,0, , , , , ,94933, , , ,1,1,0,0,0,0,0,0,1,0,1,0,1,0,0,0,0,0,0,0,0,0,0,0,0,0,0,0,0,0,0,0,0,0,0,3,0,40.003,-75.1142, ,Philadelphia
 ,7496,2017097914,6,67,67301,2017,9,3,1650,16,1,1,0,4,1, , ,N,1,3,0,3,0,0,2,2,N,N,40 01:03.676,75 04:43.492,1700, ,1650, ,0, , , ,3, , , , , ,94939, , , ,2,1,0,0,0,0,0,1,0,0,0,0,0,0,0,0,0,0,0,0,1,0,0,1,0,0,0,0,0,0,0,0,0,0,0,0,0,40.0177,-75.0787, ,Philadelphia
 ,7497,2017096188,6,67,67301,2017,7,4,2011,20,1,1,0,7,2, , ,N,0,0,2,3,0,1,1,1,N,N,39 57:20.676,75 08:29.022,2017, ,2014, ,0, , , ,0, , , , , ,94940, , , ,1,0,0,0,0,0,0,1,0,0,0,0,1,1,0,0,0,0,0,0,0,0,0,0,0,0,0,0,0,0,0,0,0,0,0,8,0,39.9557,-75.1414, ,Philadelphia
 ,7498,2017086811,6,67,67301,2017,4,1,825,8,1,1,0,5,6, , ,N,0,0,0,3,0,0,1,2,N, ,40 03:47.445,75 09:42.976,826, ,825,1,1,6, , ,0,N, , , , ,94961, , , ,2,0,0,0,1,1,0,0,0,0,0,0,0,0,0,0,0,0,0,0,0,0,0,0,0,0,0,0,0,0,0,0,0,0,0,0,1,40.0632,-75.1619, ,Philadelphia
 ,7499,2017076254,6,67,67301,2017,6,2,1025,10,1,1,0,8,1, , ,N,1,2,0,3,0,1,2,2,N,N,39 58:08.176,75 09:35.694,1035, ,1030, ,0, , , ,3, , , , , ,94971, , , ,1,0,0,0,1,0,0,0,0,0,1,0,1,0,0,0,0,0,0,0,1,0,0,1,0,0,0,0,0,0,0,0,1,0,0,3,0,39.9689,-75.1599, ,Philadelphia
 ,7500,2017076289,6,67,67301,2017,6,7,215,2,3,1,0,4,1, , ,N,2,3,0,3,0,1,2,2,N,N,40 02:10.384,75 09:54.421,221, ,221, ,0, , , ,3, , , , , ,94973, , , ,2,1,0,0,0,0,0,0,0,0,0,1,1,0,1,0,0,0,0,0,0,0,0,1,0,0,0,0,0,0,0,0,0,0,0,4,0,40.0362,-75.1651, ,Philadelphia
 ,7501,2017088929,6,67,67301,2017,8,4,2200,22,3,1,1,1,1, , ,N,1,3,0,3,0,2,4,2,N,N,39 57:56.728,75 12:34.192,27, ,17, ,0, ,N, ,3, , , , , ,94995, , , ,2,2,0,0,0,0,0,0,0,0,0,2,2,0,0,0,0,0,0,0,0,0,0,1,0,0,0,0,0,0,0,0,0,0,0,4,0,39.9658,-75.2095, ,Philadelphia
 ,7502,2017084186,6,67,67301,2017,7,6,1445,14,1,1,0,1,1, , ,N,0,8,0,3,0,3,4,2,N,N,39 57:13.715,75 10:52.976,1530, ,1449,2,1,4, , ,3,N, , , , ,95012, , , ,2,0,0,1,0,0,1,0,0,0,3,0,3,0,0,0,0,0,0,0,0,0,0,0,0,0,0,0,0,0,0,0,0,0,0,3,1,39.9538,-75.1814, ,Philadelphia
 ,7503,2017076248,6,67,67301,2017,6,4,1643,16,1,9,8,4,1, , ,N,0,0,0,3,0,1,3,2,N,N,40 00:06.145,75 04:51.546,1815, ,1815, ,0, ,N, ,0, , , , , ,95016, , , ,2,1,0,0,0,0,0,1,0,0,0,1,1,0,0,0,0,1,0,0,1,0,0,0,0,0,0,0,0,0,0,0,0,0,0,4,0,40.0017,-75.081, ,Philadelphia
 ,7504,2017093512,6,67,67301,2017,8,1,1109,11,1,1,0,4,1, , ,N,1,2,0,3,0,2,2,2,N, ,39 54:39.971,75 13:49.841,1117, ,1110, ,0, , , ,3, , , , , ,95025, , , ,2,2,0,0,0,0,0,0,0,0,0,1,2,1,0,0,0,0,0,0,0,0,0,1,0,0,0,0,0,0,0,0,0,0,0,4,0,39.9111,-75.2305, ,Philadelphia
 ,7505,2017096610,6,67,67301,2017,8,3,1745,17,1,2,1,4,1, , ,N,1,3,0,3,0,2,11,2,N,N,40 01:16.715,75 07:20.686,1752, ,1750, ,0, ,N, ,3, , , , , ,97865, , , ,2,1,0,0,0,0,1,0,0,0,0,2,2,0,2,0,0,1,0,0,0,0,0,0,0,0,0,0,0,0,0,0,0,0,0,4,0,40.0213,-75.1224, ,Philadelphia
 ,7506,2018001715,6,67,67301,2017,12,2,1817,18,3,1,0,7,2, , ,N,0,0,0,3,0,1,3,1,N,N,39 52:55.646,75 14:44.750,1833, ,1821,2,2,2, , ,0,N, , , , ,97891, , , ,1,0,0,0,0,0,1,0,0,0,1,0,1,0,0,0,0,0,0,0,0,0,0,0,0,0,0,0,0,0,0,0,0,0,0,3,0,39.8821,-75.2458, ,Philadelphia