wz_ln_closure,objectid_1,crn,district,county,municipality,crash_year,crash_month,day_of_week,time_of_day,hour_of_day,illumination,weather,road_condition,collision_type,relation_to_road,work_zone_type,work_zone_loc,work_zone_ind,intersect_type,tcd_type,location_type,urban_rural,fatal_count,injury_count,person_count,total_units,sch_bus_ind,sch_zone_ind,latitude,longitude,arrival_tm,cons_zone_spd_lim,dispatch_tm,est_hrs_closed,lane_closed,ln_close_dir,ntfy_hiwy_maint,spec_juris_cd,tcd_func_cd,tfc_detour_ind,workers_pres,wz_close_detour,wz_flagger,wz_law_offcr_ind,objectid,wz_moving,wz_other,wz_shlder_mdn,vehicle_count,automobile_count,motorcycle_count,bus_count,small_truck_count,heavy_truck_count,suv_count,van_count,bicycle_count,maj_inj_count,mod_inj_count,min_inj_count,tot_inj_count,unk_inj_deg_count,unk_inj_per_count,driver_count_16yr,driver_count_17yr,driver_count_18yr,driver_count_19yr,driver_count_20yr,driver_count_50_64yr,driver_count_65_74yr,driver_count_75plus,unbelted_occ_count,unb_death_count,unb_maj_inj_count,belted_death_count,belted_maj_inj_count,mcycle_death_count,mcycle_maj_inj_count,bicycle_death_count,bicycle_maj_inj_count,ped_count,ped_death_count,ped_maj_inj_count,max_severity_level,comm_veh_count,dec_lat,dec_long,rdwy_surf_type_cd,county_name
 ,7507,2017068077,6,67,67301,2017,6,3,519,5,3,6,1,4,1, , ,N,1,3,0,3,0,2,3,4,N,N,40 04:40.581,75 10:30.068,555, ,550, ,0, ,N, ,3, , , , , ,97906, , , ,4,2,0,0,0,0,1,1,0,0,0,0,2,2,0,0,0,0,0,0,1,0,0,1,0,0,0,0,0,0,0,0,0,0,0,8,0,40.0779,-75.175, ,Philadelphia
 ,7508,2017086847,6,67,67301,2017,5,5,1735,17,8,1,0,4,1, , ,N,1,3,0,3,0,0,2,2,N,N,39 57:30.285,75 08:55.471,1755, ,1749, ,0, ,N, ,3, , , , , ,97911, , , ,2,2,0,0,0,0,0,0,0,0,0,0,0,0,0,0,0,0,0,0,0,0,0,2,0,0,0,0,0,0,0,0,0,0,0,0,0,39.9585,-75.1487, ,Philadelphia
 ,7509,2017109898,6,67,67301,2017,10,7,2156,21,3,1,0,4,1, , ,N,1,2,0,3,0,1,4,2,N,N,40 03:07.185,75 03:44.726,2230, ,2230, ,0, ,N, ,3, , , , , ,97932, , , ,2,0,0,0,0,0,2,0,0,0,1,0,1,0,0,0,0,0,0,0,0,0,0,0,0,0,0,0,0,0,0,0,0,0,0,3,0,40.052,-75.0624, ,Philadelphia
 ,7510,2017105851,6,67,67301,2017,9,7,1108,11,1,1,0,4,1,8,8,Y,2,2,0,3,0,1,2,2,N,N,39 57:33.264,75 13:09.311,1110,99,1109, ,0, ,N, ,3, ,U, , ,U,97936, , , ,1,0,0,0,0,0,1,0,1,0,1,0,1,0,0,0,0,0,0,0,0,0,0,0,0,0,0,0,0,0,0,0,0,0,0,3,0,39.9592,-75.2192, ,Philadelphia
 ,7511,2017091757,6,67,67301,2017,8,2,750,7,1,1,0,8,1, , ,N,2,2,0,3,0,1,3,2,N,N,39 57:09.326,75 09:55.033,757, ,754,1,1,3,N, ,3,N, , , , ,97952, , , ,1,1,0,0,0,0,0,0,0,0,0,0,1,1,0,0,0,0,0,0,1,0,0,0,0,0,0,0,0,0,0,0,1,0,0,8,0,39.9526,-75.1653, ,Philadelphia
 ,7512,2017128100,6,67,67301,2017,11,1,1712,17,4,1,0,1,1, , ,N,1,0,0,3,0,1,2,2,N,N,40 02:37.451,75 03:11.289,1725, ,1723, ,0, ,N, ,0, , , , , ,97966, , , ,2,2,0,0,0,0,0,0,0,0,0,1,1,0,0,0,0,0,0,0,0,0,0,0,0,0,0,0,0,0,0,0,0,0,0,4,0,40.0437,-75.0531, ,Philadelphia
 ,7513,2018029936,6,67,67301,2017,12,2,1450,14,1,1,0,1,1, , ,N,0,0,0,3,0,0,2,2,N,N,39 55:32.040,75 10:45.289,1455, ,1453, ,0, ,N, ,0, , , , , ,97970, , , ,2,0,0,0,0,0,2,0,0,0,0,0,0,0,0,0,0,0,0,0,1,0,0,0,0,0,0,0,0,0,0,0,0,0,0,0,0,39.9256,-75.1792, ,Philadelphia
 ,7514,2017086938,6,67,67301,2017,1,7,840,8,1,1,0,5,6, , ,N,0,2,0,3,0,1,2,2,N,N,39 57:06.511,75 10:17.447,850, ,846, ,0, ,N, ,3, , , , , ,98023, , , ,2,2,0,0,0,0,0,0,0,0,0,1,1,0,0,0,0,0,0,0,0,0,0,1,0,0,0,0,0,0,0,0,0,0,0,4,0,39.9518,-75.1715, ,Philadelphia
 ,7515,2017120538,6,67,67301,2017,10,6,130,1,3,1,0,7,5, , ,N,2,3,0,3,0,1,1,1,N,N,40 02:52.673,75 10:07.951,135, ,130,2,1,5, , ,3,Y, , , , ,98040, , , ,1,1,0,0,0,0,0,0,0,0,1,0,1,0,0,0,0,0,0,0,0,0,0,0,0,0,0,0,0,0,0,0,0,0,0,3,0,40.048,-75.1689, ,Philadelphia
 ,7516,2017128091,6,67,67301,2017,11,7,0,0,3,1,0,1,1, , ,N,0,0,0,3,0,0,2,2,N,N,40 05:28.200,75 00:26.400,35, ,28, ,0, ,N, ,0, , , , , ,98048, , , ,2,2,0,0,0,0,0,0,0,0,0,0,0,0,1,0,0,0,0,0,1,0,0,0,0,0,0,0,0,0,0,0,0,0,0,9,0,40.0912,-75.0073, ,Philadelphia
 ,7517,2017098408,6,67,67301,2017,9,7,1750,17,1,1,0,5,6, , ,N,0,0,0,3,0,1,2,2, , ,39 57:12.503,75 11:50.430,1803, ,1757, ,0, , , ,0, , , , , ,98079, , , ,2,2,0,0,0,0,0,0,0,0,1,0,1,0,0,0,0,0,0,0,0,0,0,0,0,0,0,0,0,0,0,0,0,0,0,3,0,39.9535,-75.1973, ,Philadelphia
 ,7518,2017088970,6,67,67301,2017,8,1,1836,18,1,1,0,1,1, , ,N,1,2,0,3,0,1,3,2,N, ,40 02:25.130,75 02:35.854,1848, ,1847, ,0, , , ,3, , , , , ,98120, , , ,2,1,0,0,1,0,0,0,0,0,0,1,1,0,0,0,0,0,0,0,0,1,0,0,0,0,0,0,0,0,0,0,0,0,0,4,0,40.0403,-75.0433, ,Philadelphia
 ,7519,2017086097,6,67,67301,2017,7,5,9999,99,1,1,0,1,1, , ,N,1,2,0,3,0,1,3,3,N,N,40 07:53.956,75 00:43.926,9999, ,701,3,2,2,N, ,3,N, , , , ,98126, , , ,3,1,0,0,2,0,0,0,0,0,0,0,1,1,0,0,0,0,0,0,2,0,0,1,0,0,0,0,0,0,0,0,0,0,0,8,0,40.1317,-75.0122, ,Philadelphia
 ,7520,2017137553,6,67,67301,2017,12,6,1110,11,1,1,0,5,1, , ,N,1,2,0,3,0,1,3,2,N,N,39 59:17.890,75 15:14.288,1120, ,1115, ,0, ,N, ,3, , , , , ,98137, , , ,2,2,0,0,0,0,0,0,0,0,0,0,1,1,0,0,0,0,0,0,0,0,0,0,0,0,0,0,0,0,0,0,0,0,0,8,0,39.9883,-75.254, ,Philadelphia
 ,7521,2018005425,6,67,67301,2017,11,1,1930,19,3,1,0,8,1, , ,N,1,3,0,3,0,1,2,2,N, ,40 00:41.886,75 09:26.114,1900, ,1900, ,0, ,N, ,3, , , , , ,98145, , , ,1,1,0,0,0,0,0,0,0,0,0,0,1,1,1,0,0,0,0,0,0,0,0,0,0,0,0,0,0,0,0,0,1,0,0,8,0,40.0116,-75.1573, ,Philadelphia
 ,7522,2017086320,6,67,67301,2017,8,3,1012,10,1,1,0,4,1, , ,N,2,2,0,3,0,1,2,2,N,N,39 59:21.202,75 13:35.684,1020, ,1015, ,0, ,N, ,3, , , , , ,98149, , , ,2,2,0,0,0,0,0,0,0,0,0,0,1,1,0,0,0,0,0,0,2,0,0,0,0,0,0,0,0,0,0,0,0,0,0,8,0,39.9892,-75.2266, ,Philadelphia
 ,7523,2017096522,6,67,67301,2017,8,4,1634,16,1,1,0,4,1, , ,N,3,3,0,3,0,1,2,2,N,N,40 02:13.959,75 08:11.315,1706, ,1634, ,0, , , ,3, , , , , ,103628, , , ,2,1,0,0,0,0,1,0,0,0,0,1,1,0,0,0,0,0,0,0,0,1,0,1,0,0,0,0,0,0,0,0,0,0,0,4,0,40.0372,-75.1365, ,Philadelphia
 ,7524,2017135017,6,67,67301,2017,11,1,2055,20,3,1,0,3,6, , ,N,0,0,0,3,0,0,1,4,N, ,40 00:49.400,75 05:09.600,2103, ,9999, ,0, ,N, ,0, , , , , ,103661, , , ,4,2,0,0,0,0,0,0,0,0,0,0,0,0,0,0,0,0,0,0,0,1,0,1,0,0,0,0,0,0,0,0,0,0,0,0,0,40.0137,-75.086, ,Philadelphia
 ,7525,2018028732,6,67,67301,2017,12,1,2050,20,3,2,1,8,1, , ,N,2,2,0,3,0,1,2,2,N,N,39 56:50.333,75 11:41.630,2104, ,2056, ,0, ,N, ,3, , , , , ,103663, , , ,1,0,0,0,0,0,0,1,0,0,0,1,1,0,1,0,0,0,0,0,0,0,0,0,0,0,0,0,0,0,0,0,1,0,0,4,0,39.9473,-75.1949, ,Philadelphia
 ,7526,2017111552,6,67,67301,2017,10,5,733,7,1,2,1,4,1, , ,N,1,2,0,3,0,1,2,2,N,N,40 00:27.502,75 07:38.377,825, ,820, ,0, ,N, ,3, , , , , ,103667, , , ,2,0,0,1,1,0,0,0,0,0,0,0,1,1,0,0,0,0,0,0,1,0,0,0,0,0,0,0,0,0,0,0,0,0,0,8,1,40.0076,-75.1273, ,Philadelphia
 ,7527,2017106007,6,67,67301,2017,9,4,1648,16,1,1,0,4,1, , ,N,2,2,0,3,0,1,2,2,N,N,40 05:04.854,75 01:30.274,1653, ,1648,2,2,2,N, ,3,N, , , , ,103669, , , ,2,1,0,0,0,0,1,0,0,0,0,1,1,0,0,0,0,0,0,0,0,0,0,0,0,0,0,0,0,0,0,0,0,0,0,4,0,40.0847,-75.0251, ,Philadelphia
 ,7528,2017135053,6,67,67301,2017,11,4,100,1,3,1,0,5,1, , ,N,0,0,0,3,0,0,1,2,N,N,39 54:37.249,75 13:21.034,120, ,118, ,0, ,N, ,0, , , , , ,103692, , , ,2,2,0,0,0,0,0,0,0,0,0,0,0,0,0,0,0,0,0,0,0,0,0,0,0,0,0,0,0,0,0,0,0,0,0,0,0,39.9103,-75.2225, ,Philadelphia
 ,7529,2018027339,6,67,67301,2017,11,5,2030,20,3,1,0,8,1, , ,N,2,2,0,3,0,1,2,2,N,N,39 57:12.151,75 10:17.738,0, ,0, ,0, ,N, ,3, , , , , ,103697, , , ,1,1,0,0,0,0,0,0,0,0,0,1,1,0,0,0,0,0,0,0,1,0,0,0,0,0,0,0,0,0,0,0,1,0,0,4,0,39.9534,-75.1716, ,Philadelphia
 ,7530,2017109767,6,67,67301,2017,10,1,1220,12,1,2,1,1,1, , ,N,1,2,0,3,0,0,4,4,N,N,40 02:20.972,75 11:30.209,1259, ,1245, ,0, ,N, ,3, , , , , ,103708, , , ,4,4,0,0,0,0,0,0,0,0,0,0,0,0,0,0,0,0,0,0,1,0,0,3,0,0,0,0,0,0,0,0,0,0,0,0,0,40.0392,-75.1917, ,Philadelphia
 ,7531,2017127454,6,67,67301,2017,11,6,1652,16,1,1,0,7,4, , ,N,0,0,0,3,0,0,1,1,N,N,40 00:16.393,75 10:36.937,1659, ,1652, ,0, , , ,0, , , , , ,103737, , , ,1,1,0,0,0,0,0,0,0,0,0,0,0,0,0,0,0,0,0,0,0,0,1,0,0,0,0,0,0,0,0,0,0,0,0,0,0,40.0045,-75.177, ,Philadelphia
 ,7532,2017135115,6,67,67301,2017,10,1,821,8,1,2,1,1,1, , ,N,0,0,0,3,0,1,3,4,N,N,39 55:34.011,75 11:39.124,856, ,823,2,2,4,N, ,0,N, , , , ,103747, , , ,3,2,0,0,1,0,0,0,0,0,1,0,1,0,0,0,0,0,0,0,1,0,0,0,0,0,0,0,0,0,0,0,0,0,0,3,0,39.9256,-75.1937, ,Philadelphia
 ,7533,2017116045,6,67,67301,2017,10,1,1848,18,3,2,1,4,1, , ,N,1,3,0,3,0,4,5,2,N,N,40 00:28.461,75 09:34.884,1859, ,1854, ,0, ,N, ,3, , , , , ,103764, , , ,2,1,0,0,0,0,1,0,0,0,0,3,4,1,0,0,0,0,0,0,0,0,0,1,0,0,0,0,0,0,0,0,0,0,0,4,0,40.0079,-75.1597, ,Philadelphia
 ,7534,2017099752,6,67,67301,2017,9,4,1615,16,1,1,0,8,1, , ,N,2,0,0,3,0,1,2,2,N,N,39 59:04.432,75 09:20.730,1645, ,1640, ,0, ,N, ,0, , , , , ,103772, , , ,1,1,0,0,0,0,0,0,0,0,0,0,1,1,0,0,0,0,0,0,0,0,0,1,0,0,0,0,0,0,0,0,1,0,0,8,0,39.9846,-75.1558, ,Philadelphia
 ,7535,2017129111,6,67,67301,2017,11,6,1526,15,1,1,0,1,1, , ,N,0,0,0,3,0,0,2,2,N,N,39 58:32.932,75 06:55.540,1539, ,1529,1,1,1, , ,0,N, , , , ,103781, , , ,2,0,0,0,0,0,2,0,0,0,0,0,0,0,0,0,0,0,0,0,0,0,0,0,0,0,0,0,0,0,0,0,0,0,0,0,0,39.9758,-75.1155, ,Philadelphia
 ,7536,2017127527,6,67,67301,2017,11,1,1746,17,2,1,0,6,1, , ,N,0,0,0,3,0,1,4,2,N,N,39 58:55.900,75 13:30.300,1818, ,1815, ,0, ,N, ,0, , , , , ,103782, , , ,2,2,0,0,0,0,0,0,0,0,0,0,1,1,3,0,0,0,0,0,0,0,1,0,0,0,0,0,0,0,0,0,0,0,0,8,0,39.9822,-75.2251, ,Philadelphia
 ,7537,2017128105,6,67,67301,2017,11,6,1945,19,3,1,0,4,1, , ,N,1,2,0,3,0,4,5,2,N,N,40 02:20.428,75 03:22.510,2034, ,2030, ,0, ,N, ,3, , , , , ,103801, , , ,2,1,0,0,0,0,1,0,0,0,0,0,4,4,0,0,1,0,0,0,0,0,0,0,0,0,0,0,0,0,0,0,0,0,0,8,0,40.039,-75.0563, ,Philadelphia
 ,7538,2017130624,6,67,67301,2017,11,7,700,7,1,1,0,1,6, , ,N,0,0,0,3,0,2,3,3,N,N,39 55:03.400,75 10:37.400,707, ,705, ,0, ,N, ,0, , , , , ,103802, , , ,3,1,0,0,0,0,2,0,0,0,0,2,2,0,0,0,0,0,0,0,0,0,0,0,0,0,0,0,0,0,0,0,0,0,0,4,0,39.9176,-75.1771, ,Philadelphia
 ,7539,2017132124,6,67,67301,2017,12,3,1736,17,3,1,0,7,7, , ,N,7,0,2,3,0,0,1,1,Y,Y,39 52:36.361,75 15:16.956,1755, ,1747,2,1,2, , ,0,N, , , , ,103804, , , ,1,1,0,0,0,0,0,0,0,0,0,0,0,0,0,0,0,0,0,0,0,1,0,0,0,0,0,0,0,0,0,0,0,0,0,0,0,39.8768,-75.2547, ,Philadelphia
 ,7540,2017132767,6,67,67301,2017,12,6,915,9,1,1,0,6,1, , ,N,2,2,2,3,0,1,2,2,N,N,39 54:43.164,75 09:01.850,920, ,920,2,1,5,N, ,3,N, , , , ,103806, , , ,2,0,0,0,0,1,1,0,0,0,0,0,1,1,0,0,0,0,0,0,1,0,0,1,0,0,0,0,0,0,0,0,0,0,0,8,1,39.912,-75.1505, ,Philadelphia
 ,7541,2017127492,6,67,67301,2017,11,3,1018,10,1,1,0,4,1, , ,N,1,2,0,3,0,0,2,2,N,N,40 03:28.059,75 00:31.473,1027, ,1023, ,0, , , ,3, , , , , ,101130, , , ,2,1,0,0,0,0,0,1,0,0,0,0,0,0,0,0,0,0,0,0,0,1,0,0,0,0,0,0,0,0,0,0,0,0,0,0,0,40.0578,-75.0087, ,Philadelphia
 ,7542,2017105969,6,67,67301,2017,9,4,1300,13,1,1,0,4,1, , ,N,1,3,0,3,0,1,2,2,N,N,39 59:07.112,75 10:23.300,1311, ,1309, ,0, ,N, ,3, , , , , ,101131, , , ,2,2,0,0,0,0,0,0,0,0,0,0,1,1,0,0,0,0,0,0,0,1,0,0,0,0,0,0,0,0,0,0,0,0,0,8,0,39.9853,-75.1731, ,Philadelphia
 ,7543,2017120545,6,67,67301,2017,10,4,1400,14,1,9,0,8,1, , ,N,1,2,0,3,0,1,2,2,N,N,39 58:43.263,75 09:28.346,135, ,134, ,0, ,N, ,3, , , , , ,101135, , , ,1,0,0,0,0,0,0,1,0,0,0,0,1,1,1,0,0,0,0,0,0,0,0,0,0,0,0,0,0,0,0,0,1,0,0,8,0,39.9787,-75.1578, ,Philadelphia
 ,7544,2017109911,6,67,67301,2017,10,2,1813,18,4,2,1,1,1, , ,N,2,2,0,3,0,2,3,2,N,N,40 04:30.980,75 00:05.525,1820, ,1813,9,1,2,N, ,3,N, , , , ,101149, , , ,2,1,0,1,0,0,0,0,0,0,0,1,2,1,0,0,0,0,0,0,1,0,0,0,0,0,0,0,0,0,0,0,0,0,0,4,1,40.0751,-75.0015, ,Philadelphia
 ,7545,2017130641,6,67,67301,2017,11,3,426,4,3,1,0,4,1, , ,N,2,2,0,3,0,2,2,2,N,N,40 04:23.306,75 11:21.255,429, ,427, ,0, ,N, ,3, , , , , ,101162, , , ,2,1,0,0,0,0,1,0,0,0,0,0,2,2,0,0,0,0,0,0,2,0,0,0,0,0,0,0,0,0,0,0,0,0,0,8,0,40.0731,-75.1892, ,Philadelphia
 ,7546,2017128372,6,67,67301,2017,10,1,927,9,1,1,0,5,1, , ,N,0,0,0,3,0,0,3,2,N,N,39 56:33.307,75 11:36.232,944, ,932,1,1,4, , ,0,N, , , , ,101194, , , ,2,1,0,0,0,0,0,1,0,0,0,0,0,0,0,0,0,0,0,0,1,0,0,1,0,0,0,0,0,0,0,0,0,0,0,0,0,39.9426,-75.1934, ,Philadelphia
 ,7547,2018026798,6,67,67301,2017,12,4,1656,16,3,1,0,8,1, , ,N,0,0,0,3,0,1,2,2,N,N,40 02:43.384,75 09:52.868,1714, ,1658, ,0, ,N, ,0, , , , , ,101203, , , ,1,0,0,1,0,0,0,0,0,0,1,0,1,0,0,0,0,0,0,0,0,0,0,0,0,0,0,0,0,0,0,0,1,0,0,3,1,40.0454,-75.1647, ,Philadelphia
 ,7548,2018027535,6,67,67301,2017,12,7,1242,12,1,2,1,4,1, , ,N,1,2,0,3,0,1,3,2,N,N,39 58:49.322,75 10:15.323,1245, ,1244,2,1,4,N, ,3,N, , , , ,101206, , , ,2,1,0,0,0,0,0,1,0,0,0,0,1,1,1,0,0,0,0,0,1,0,0,0,0,0,0,0,0,0,0,0,0,0,0,8,0,39.9804,-75.1709, ,Philadelphia
 ,7549,2018027524,6,67,67301,2017,12,6,1515,15,1,1,0,8,1, , ,N,0,0,0,3,0,1,2,2,N,N,39 59:00.900,75 08:31.300,2301, ,2300, ,0, ,N, ,0, , , , , ,101244, , , ,1,0,0,0,0,0,0,1,1,1,0,0,1,0,1,0,0,0,0,0,0,0,0,0,0,0,0,0,0,0,0,1,0,0,0,2,0,39.9836,-75.142, ,Philadelphia
 ,7550,2017106059,6,67,67301,2017,9,7,1054,10,1,1,0,4,1, , ,N,1,3,0,3,0,1,2,4,N,N,39 58:26.371,75 08:38.976,1130, ,1128,3,1,1,N, ,3,Y, , , , ,101249, , , ,4,1,0,0,1,0,2,0,0,0,0,1,1,0,0,0,0,0,0,0,1,0,0,0,0,0,0,0,0,0,0,0,0,0,0,4,0,39.974,-75.1442, ,Philadelphia
 ,7551,2017133965,6,67,67301,2017,11,7,1852,18,3,1,0,1,1, , ,N,1,2,0,3,0,1,4,3,N,N,39 57:27.432,75 08:44.473,1853, ,1853, ,0, ,N, ,9, , , , , ,101284, , , ,3,3,0,0,0,0,0,0,0,0,0,1,1,0,0,0,0,0,0,0,1,0,0,4,0,0,0,0,0,0,0,0,0,0,0,4,0,39.9576,-75.1457, ,Philadelphia
 ,7552,2017086329,6,67,67301,2017,8,4,1645,16,1,2,1,1,1, , ,N,0,0,0,3,0,1,3,2,N,N,39 57:33.579,75 09:36.050,1700, ,1654, ,0, ,N, ,0, , , , , ,101289, , , ,2,0,0,0,0,1,1,0,0,0,0,1,1,0,0,0,0,0,0,0,0,1,0,1,0,0,0,0,0,0,0,0,0,0,0,4,1,39.9593,-75.16, ,Philadelphia
 ,7553,2017086727,6,67,67301,2017,3,2,1615,16,1,1,0,4,1, , ,N,1,2,0,3,0,1,3,2,N, ,39 57:42.364,75 09:22.087,1630, ,1621, ,0, , , ,3, , , , , ,101290, , , ,2,1,0,1,0,0,0,0,0,0,0,1,1,0,0,0,0,0,0,0,1,0,0,1,0,0,0,0,0,0,0,0,0,0,0,4,1,39.9617,-75.1561, ,Philadelphia
 ,7554,2017086270,6,67,67301,2017,7,4,1609,16,1,1,0,4,1, , ,N,3,3,0,3,0,1,2,2,N, ,40 03:43.175,75 05:00.400,1619, ,1615, ,0, , , ,3, , , , , ,101298, , , ,2,1,0,0,0,0,1,0,0,0,0,1,1,0,0,0,0,0,0,0,1,0,0,0,0,0,0,0,0,0,0,0,0,0,0,4,0,40.062,-75.0834, ,Philadelphia
 ,7555,2017105993,6,67,67301,2017,9,4,922,9,1,1,0,4,1, , ,N,2,2,0,3,0,1,3,2,N,N,40 05:04.872,75 01:30.256,922, ,922, ,0, , , ,3, , , , , ,101305, , , ,2,0,0,0,0,0,2,0,0,0,0,1,1,0,0,0,0,0,0,0,1,0,0,0,0,0,0,0,0,0,0,0,0,0,0,4,0,40.0847,-75.0251, ,Philadelphia
 ,7556,2017109764,6,67,67301,2017,9,6,511,5,3,1,0,4,1, , ,N,1,3,0,3,0,1,2,2,N, ,39 58:06.160,75 13:22.202,520, ,513, ,0, , , ,3, , , , , ,101315, , , ,1,1,0,0,0,0,0,0,1,0,0,1,1,0,0,0,0,0,0,0,0,0,0,0,0,0,0,0,0,0,0,0,0,0,0,4,0,39.9684,-75.2228, ,Philadelphia
 ,7557,2017108034,6,67,67301,2017,9,4,2248,22,3,1,0,4,1, , ,N,1,2,0,3,0,0,3,2,N,N,40 03:23.345,75 02:47.046,2311, ,2309,6,2,6,N, ,3,Y, , , , ,101319, , , ,2,1,0,0,0,0,1,0,0,0,0,0,0,0,0,0,0,0,1,0,0,1,0,0,0,0,0,0,0,0,0,0,0,0,0,0,0,40.0566,-75.0466, ,Philadelphia
 ,7558,2017109930,6,67,67301,2017,10,1,1635,16,1,1,0,4,1, , ,N,1,2,0,3,0,2,2,2,N,N,40 01:57.781,75 10:27.850,1645, ,1637, ,0, ,N, ,3, , , , , ,95040, , , ,2,1,0,0,0,0,1,0,0,0,0,0,2,2,0,0,0,0,0,0,0,0,0,0,0,0,0,0,0,0,0,0,0,0,0,8,0,40.0327,-75.1744, ,Philadelphia
 ,7559,2017096529,6,67,67301,2017,8,4,825,8,1,1,0,5,6, , ,N,0,0,0,3,0,0,2,2,N,N,39 57:39.024,75 12:23.562,837, ,832, ,0, ,N, ,0, , , , , ,95045, , , ,2,2,0,0,0,0,0,0,0,0,0,0,0,0,0,0,0,0,1,0,0,0,0,0,0,0,0,0,0,0,0,0,0,0,0,0,0,39.9608,-75.2065, ,Philadelphia
 ,7560,2017081285,6,67,67301,2017,8,1,1240,12,1,1,0,1,1, , ,N,0,8,3,3,0,0,5,2,N,N,39 54:23.700,75 08:15.200,1246, ,1242, ,0, ,N, ,3, , , , , ,95069, , , ,2,1,0,0,0,0,1,0,0,0,0,0,0,0,0,0,0,0,0,0,0,0,0,0,0,0,0,0,0,0,0,0,0,0,0,0,0,39.9066,-75.1376, ,Philadelphia
 ,7561,2017078036,6,67,67301,2017,8,3,1,0,3,1,0,1,1, , ,N,0,0,0,3,0,1,1,2,N,N,39 57:11.450,75 11:42.167,3, ,2, ,0, ,N, ,0, , , , , ,95072, , , ,2,2,0,0,0,0,0,0,0,0,0,0,1,1,0,0,0,0,0,0,0,0,0,0,0,0,0,0,0,0,0,0,0,0,0,8,0,39.9532,-75.195, ,Philadelphia
 ,7562,2017108012,6,67,67301,2017,9,2,1849,18,1,1,0,4,1, , ,N,2,0,0,3,0,2,3,2,N,N,39 59:08.270,75 09:48.969,1853, ,1850, ,0, ,N, ,0, , , , , ,95086, , , ,2,2,0,0,0,0,0,0,0,0,0,2,2,0,0,0,0,0,0,0,0,0,0,1,0,0,0,0,0,0,0,0,0,0,0,4,0,39.9856,-75.1636, ,Philadelphia
 ,7563,2017067774,6,67,67301,2017,5,2,525,5,5,2,1,4,1, , ,N,1,2,0,3,0,1,3,2,N,N,40 01:40.344,75 03:36.560,533, ,530, ,0, ,N, ,3, , , , , ,95095, , , ,2,1,0,0,0,0,0,1,0,0,0,1,1,0,0,0,0,0,0,0,1,0,0,0,0,0,0,0,0,0,0,0,0,0,0,4,0,40.0278,-75.0601, ,Philadelphia
 ,7564,2017067855,6,67,67301,2017,6,5,1040,10,1,1,0,4,1, , ,N,1,3,0,3,0,2,3,5,N,N,40 00:30.023,75 08:22.358,1050, ,1043,2,1,3,N, ,3,N, , , , ,95126, , , ,5,1,0,0,0,0,3,1,0,0,0,2,2,0,0,0,0,0,0,0,1,0,0,0,0,0,0,0,0,0,0,0,0,0,0,4,0,40.0083,-75.1395, ,Philadelphia
 ,7565,2017071282,6,67,67301,2017,2,2,1400,14,1,1,0,1,1, , ,N,2,2,0,3,0,3,4,2,N,N,39 59:43.259,75 13:05.673,0, ,0, ,0, ,N, ,3, , , , , ,95127, , , ,2,1,0,0,0,0,0,0,0,0,3,0,3,0,0,0,0,0,0,0,0,0,0,0,0,0,0,0,0,0,0,0,0,0,0,3,0,39.9953,-75.2182, ,Philadelphia
 ,7566,2017106311,6,67,67301,2017,10,6,1439,14,1,1,0,1,1, , ,N,0,0,0,3,0,1,2,2,N,N,39 57:30.590,75 10:03.978,1442, ,1442, ,0, , , ,0, , , , , ,95143, , , ,2,0,0,0,1,0,1,0,0,0,1,0,1,0,0,0,0,0,0,0,0,1,0,0,0,0,0,0,0,0,0,0,0,0,0,3,0,39.9585,-75.1678, ,Philadelphia
 ,7567,2017086868,6,67,67301,2017,5,5,2055,20,3,1,0,1,6, , ,N,0,0,0,3,0,1,3,2,N, ,40 03:09.370,75 04:49.911,2104, ,2055, ,0, , , ,0, , , , , ,95156, , , ,2,1,0,0,0,0,1,0,0,0,0,0,1,1,2,0,0,0,0,0,0,0,0,0,0,0,0,0,0,0,0,0,0,0,0,8,0,40.0526,-75.0805, ,Philadelphia
 ,7568,2017097986,6,67,67301,2017,9,6,1844,18,1,1,0,5,1, , ,N,0,0,0,3,0,1,2,2,N,N,39 56:21.166,75 10:41.697,1848, ,1846, ,0, ,N, ,0, , , , , ,95186, , , ,1,1,0,0,0,0,0,0,1,0,0,0,1,1,0,0,0,0,0,0,0,0,0,1,0,0,0,0,0,0,0,0,0,0,0,8,0,39.9392,-75.1782, ,Philadelphia
 ,7569,2017096528,6,67,67301,2017,8,5,1658,16,1,1,0,1,1, , ,N,0,2,0,3,0,1,3,3,N,N,39 58:38.228,75 16:32.328,1715, ,1705, ,0, ,N, ,3, , , , , ,95188, , , ,3,3,0,0,0,0,0,0,0,0,0,1,1,0,0,0,0,0,0,0,0,0,0,0,0,0,0,0,0,0,0,0,0,0,0,4,0,39.9773,-75.2756, ,Philadelphia
 ,7570,2017078863,6,67,67301,2017,7,4,1412,14,1,1,0,1,1, , ,N,3,2,0,3,0,2,3,2,N,N,39 57:12.352,75 09:49.776,1415, ,1412,1,1,2,N, ,3,N, , , , ,95203, , , ,2,1,0,0,0,1,0,0,0,0,1,1,2,0,0,0,0,0,0,0,1,0,0,0,0,0,0,0,0,0,0,0,0,0,0,3,1,39.9534,-75.1637, ,Philadelphia