wz_ln_closure,objectid_1,crn,district,county,municipality,crash_year,crash_month,day_of_week,time_of_day,hour_of_day,illumination,weather,road_condition,collision_type,relation_to_road,work_zone_type,work_zone_loc,work_zone_ind,intersect_type,tcd_type,location_type,urban_rural,fatal_count,injury_count,person_count,total_units,sch_bus_ind,sch_zone_ind,latitude,longitude,arrival_tm,cons_zone_spd_lim,dispatch_tm,est_hrs_closed,lane_closed,ln_close_dir,ntfy_hiwy_maint,spec_juris_cd,tcd_func_cd,tfc_detour_ind,workers_pres,wz_close_detour,wz_flagger,wz_law_offcr_ind,objectid,wz_moving,wz_other,wz_shlder_mdn,vehicle_count,automobile_count,motorcycle_count,bus_count,small_truck_count,heavy_truck_count,suv_count,van_count,bicycle_count,maj_inj_count,mod_inj_count,min_inj_count,tot_inj_count,unk_inj_deg_count,unk_inj_per_count,driver_count_16yr,driver_count_17yr,driver_count_18yr,driver_count_19yr,driver_count_20yr,driver_count_50_64yr,driver_count_65_74yr,driver_count_75plus,unbelted_occ_count,unb_death_count,unb_maj_inj_count,belted_death_count,belted_maj_inj_count,mcycle_death_count,mcycle_maj_inj_count,bicycle_death_count,bicycle_maj_inj_count,ped_count,ped_death_count,ped_maj_inj_count,max_severity_level,comm_veh_count,dec_lat,dec_long,rdwy_surf_type_cd,county_name
 ,7571,2017086253,6,67,67301,2017,7,4,2030,20,4,1,0,1,1, , ,N,2,0,0,3,0,1,2,2,N,N,40 00:19.769,75 06:21.639,2054, ,2044, ,0, ,N, ,0, , , , , ,95228, , , ,2,2,0,0,0,0,0,0,0,0,0,1,1,0,0,0,0,0,0,0,0,0,0,0,0,0,0,0,0,0,0,0,0,0,0,4,0,40.0055,-75.106, ,Philadelphia
 ,7572,2017086722,6,67,67301,2017,2,6,800,8,1,9,0,4,1, , ,N,1,2,0,3,0,1,2,2,N, ,39 58:56.629,75 11:12.069,820, ,811, ,0, ,N, ,3, , , , , ,95229, , , ,2,2,0,0,0,0,0,0,0,0,0,0,1,1,0,0,0,0,0,0,0,0,0,0,0,0,0,0,0,0,0,0,0,0,0,8,0,39.9824,-75.1867, ,Philadelphia
 ,7573,2017086337,6,67,67301,2017,7,2,2255,22,3,1,0,4,1, , ,N,1,2,0,3,0,0,2,2,N,N,39 57:04.881,75 09:18.550,2355, ,2348,2,1,3,N, ,3,N, , , , ,95230, , , ,2,1,0,0,0,0,1,0,0,0,0,0,0,0,0,0,0,0,0,0,0,0,0,0,0,0,0,0,0,0,0,0,0,0,0,0,0,39.9513,-75.1551, ,Philadelphia
 ,7574,2017106877,6,67,67301,2017,10,6,1519,15,1,1,0,1,1, , ,N,0,0,0,3,0,0,3,3,N,N,39 58:34.625,75 06:52.288,1530, ,1520,1,2,1, , ,0,N, , , , ,95235, , , ,3,2,0,0,0,0,1,0,0,0,0,0,0,0,0,0,0,0,0,0,0,1,0,0,0,0,0,0,0,0,0,0,0,0,0,0,0,39.9762,-75.1146, ,Philadelphia
 ,7575,2017120141,6,67,67301,2017,10,6,216,2,3,1,0,5,1, , ,N,0,0,0,3,0,1,2,2,N,N,39 56:35.748,75 11:34.298,224, ,217, ,0, , , ,0, , , , , ,95239, , , ,2,2,0,0,0,0,0,0,0,0,0,1,1,0,0,0,0,0,0,0,0,0,0,0,0,0,0,0,0,0,0,0,0,0,0,4,0,39.9431,-75.1931, ,Philadelphia
 ,7576,2017116238,6,67,67301,2017,10,2,1500,15,1,1,0,1,1, , ,N,2,0,0,3,0,1,1,3,N,N,39 59:36.041,75 06:34.134,1500, ,1500,1,1,2,N, ,0,Y, , , , ,98151, , , ,3,1,0,0,0,0,1,1,0,0,0,0,1,1,0,0,0,0,0,0,0,0,0,1,0,0,0,0,0,0,0,0,0,0,0,8,0,39.9933,-75.1095, ,Philadelphia
 ,7577,2017091803,6,67,67301,2017,8,3,1130,11,1,1,0,8,1, , ,N,1,2,0,3,0,1,2,2,N,N,39 57:16.537,75 12:23.141,1135, ,1135,1,1,4,N, ,3,N, , , , ,98161, , , ,1,0,0,0,0,0,1,0,0,0,1,0,1,0,0,0,0,0,0,0,0,0,0,0,0,0,0,0,0,0,0,0,1,0,0,3,0,39.9546,-75.2064, ,Philadelphia
N,7578,2017100587,6,67,67301,2017,9,5,1803,18,4,1,0,1,1,1,4,Y,0,0,0,3,0,1,2,2,N,N,39 58:05.643,75 07:46.072,1823,45,1806,1,2,1, , ,0,N,N,N,N,N,98178,Y,N,Y,2,1,0,0,0,0,0,1,0,0,1,0,1,0,0,0,0,0,0,0,0,0,0,0,0,0,0,0,0,0,0,0,0,0,0,3,0,39.9682,-75.1295, ,Philadelphia
 ,7579,2017127343,6,67,67301,2017,11,2,700,7,5,2,1,4,1, , ,N,1,3,0,3,0,1,2,3,N, ,39 55:58.043,75 09:04.089,715, ,711,2,2,2, , ,3,Y, , , , ,98189, , , ,3,0,0,0,0,0,3,0,0,0,0,1,1,0,0,0,0,0,0,0,1,0,0,0,0,0,0,0,0,0,0,0,0,0,0,4,0,39.9328,-75.1511, ,Philadelphia
 ,7580,2017115929,6,67,67301,2017,10,2,1625,16,1,2,1,7,4, , ,N,0,0,0,3,0,1,1,1,N,N,39 58:51.900,75 11:51.811,1650, ,1629,1,1,1,N, ,0,N, , , , ,98195, , , ,1,1,0,0,0,0,0,0,0,0,0,1,1,0,0,0,0,0,0,0,0,0,0,0,0,0,0,0,0,0,0,0,0,0,0,4,0,39.9811,-75.1977, ,Philadelphia
 ,7581,2017120555,6,67,67301,2017,10,6,128,1,3,1,0,1,1, , ,N,0,0,0,3,0,1,3,2,N,N,40 02:13.576,75 10:33.183,145, ,130, ,0, ,N, ,0, , , , , ,98200, , , ,2,1,0,1,0,0,0,0,0,0,0,0,1,1,0,0,0,0,0,0,0,0,0,1,0,0,0,0,0,0,0,0,0,0,0,8,1,40.0371,-75.1759, ,Philadelphia
 ,7582,2017086742,6,67,67301,2017,3,4,2,0,3,2,1,4,1, , ,N,2,3,0,3,0,0,1,2,N, ,39 59:20.990,75 06:18.352,9999, ,4, ,0, , , ,3, , , , , ,98218, , , ,2,2,0,0,0,0,0,0,0,0,0,0,0,0,1,0,0,0,0,0,0,0,0,0,0,0,0,0,0,0,0,0,0,0,0,9,0,39.9892,-75.1051, ,Philadelphia
 ,7583,2017086743,6,67,67301,2017,3,3,1125,11,1,2,1,1,1, , ,N,0,0,0,3,0,1,5,3,N, ,39 59:07.689,75 06:13.368,1140, ,1130, ,0, , , ,0, , , , , ,98219, , , ,3,2,0,0,1,0,0,0,0,0,0,0,1,1,2,0,0,0,0,0,1,1,0,0,0,0,0,0,0,0,0,0,0,0,0,8,0,39.9855,-75.1037, ,Philadelphia
N,7584,2017097070,6,67,67301,2017,9,3,640,6,1,1,0,7,4,1,4,Y,0,0,3,3,0,1,1,1,N,Y,39 58:38.646,75 06:44.533,704,45,652,2,1,1, , ,0,N,N,N,N,N,98230,N,Y,N,1,1,0,0,0,0,0,0,0,0,1,0,1,0,0,0,0,0,0,0,0,0,0,1,0,0,0,0,0,0,0,0,0,0,0,3,0,39.9774,-75.1124, ,Philadelphia
 ,7585,2017097135,6,67,67301,2017,8,3,2218,22,2,2,1,7,4, , ,N,0,0,0,3,0,0,1,1,N,N,39 57:35.943,75 10:46.677,2224, ,2224, ,0, , , ,0, , , , , ,98231, , , ,1,1,0,0,0,0,0,0,0,0,0,0,0,0,0,0,0,0,0,0,0,0,0,0,0,0,0,0,0,0,0,0,0,0,0,0,0,39.96,-75.1796, ,Philadelphia
 ,7586,2017116074,6,67,67301,2017,10,5,815,8,1,2,1,4,1, , ,N,2,0,0,3,0,0,2,2,N, ,40 01:38.036,75 12:16.249,827, ,822, ,0, , , ,0, , , , , ,98240, , , ,2,1,0,0,0,0,1,0,0,0,0,0,0,0,0,0,0,0,0,0,0,0,0,0,0,0,0,0,0,0,0,0,0,0,0,0,0,40.0272,-75.2045, ,Philadelphia
 ,7587,2017078898,6,67,67301,2017,6,3,1202,12,1,1,0,4,1, , ,N,1,2,0,3,0,0,3,2,N, ,40 03:05.564,75 09:00.360,1212, ,1209, ,0, , , ,3, , , , , ,98252, , , ,2,2,0,0,0,0,0,0,0,0,0,0,0,0,0,0,0,0,1,0,0,0,0,0,0,0,0,0,0,0,0,0,0,0,0,0,0,40.0515,-75.1501, ,Philadelphia
 ,7588,2017093537,6,67,67301,2017,8,3,1445,14,1,1,0,1,1, , ,N,0,2,0,3,0,2,4,2,N, ,40 06:24.614,74 59:55.283,1529, ,1501, ,0, , , ,3, , , , , ,98253, , , ,2,1,0,0,0,1,0,0,0,0,0,2,2,0,0,0,0,0,0,0,0,0,0,1,0,0,0,0,0,0,0,0,0,0,0,4,1,40.1068,-74.9987, ,Philadelphia
 ,7589,2017096519,6,67,67301,2017,8,2,1818,18,4,1,0,4,1, , ,N,2,3,0,3,0,1,2,2,N,N,40 04:38.931,75 12:23.029,1905, ,1818, ,0, ,N, ,3, , , , , ,98260, , , ,2,0,0,1,0,0,1,0,0,0,0,1,1,0,0,0,0,0,0,0,0,0,0,0,0,0,0,0,0,0,0,0,0,0,0,4,1,40.0775,-75.2064, ,Philadelphia
 ,7590,2017086358,6,67,67301,2017,7,7,1725,17,1,1,0,4,1, , ,N,2,0,0,3,0,0,2,2,N,N,40 00:23.226,75 11:17.348,1735, ,1730, ,0, ,N, ,0, , , , , ,98261, , , ,2,1,0,0,0,0,1,0,0,0,0,0,0,0,0,0,0,0,0,1,1,0,0,0,0,0,0,0,0,0,0,0,0,0,0,0,0,40.0065,-75.1882, ,Philadelphia
 ,7591,2017120703,6,67,67301,2017,10,3,2030,20,3,1,0,8,1, , ,N,1,2,0,3,0,1,2,2,N,N,40 01:13.222,75 06:50.844,2230, ,2030, ,0, ,N, ,3, , , , , ,98267, , , ,1,1,0,0,0,0,0,0,0,0,0,1,1,0,0,0,0,0,0,0,0,0,0,1,0,0,0,0,0,0,0,0,1,0,0,4,0,40.0202,-75.1141, ,Philadelphia
 ,7592,2017130682,6,67,67301,2017,11,2,9999,99,1,1,0,4,1, , ,N,0,0,0,3,0,0,2,2,N, ,39 55:24.630,75 14:44.649,828, ,823, ,0, ,N, ,0, , , , , ,98279, , , ,2,0,0,0,0,0,1,0,0,0,0,0,0,0,0,0,0,0,0,0,1,0,0,1,0,0,0,0,0,0,0,0,0,0,0,0,0,39.9235,-75.2457, ,Philadelphia
 ,7593,2017076309,6,67,67301,2017,6,1,1335,13,1,8,0,4,1, , ,N,1,2,0,3,0,1,3,2,N,N,39 56:05.349,75 09:43.178,1350, ,1345,9,1,2,N, ,3,N, , , , ,98291, , , ,2,1,0,0,0,0,1,0,0,0,0,1,1,0,0,0,0,0,0,0,0,1,0,1,0,0,0,0,0,0,0,0,0,0,0,4,0,39.9348,-75.162, ,Philadelphia
 ,7594,2017120513,6,67,67301,2017,11,4,2144,21,3,1,0,4,1, , ,N,1,2,0,3,0,4,4,2,N, ,39 55:14.106,75 14:29.147,2217, ,2217, ,0, , , ,3, , , , , ,103840, , , ,2,1,0,0,0,0,1,0,0,0,0,3,4,1,0,0,1,0,0,0,0,0,0,0,0,0,0,0,0,0,0,0,0,0,0,4,0,39.9206,-75.2414, ,Philadelphia
 ,7595,2017106098,6,67,67301,2017,10,2,1505,15,1,2,1,1,1, , ,N,0,0,0,3,0,0,2,2,N,N,39 57:02.188,75 10:59.245,1533, ,1515, ,0, , , ,0, , , , , ,103873, , , ,2,1,0,0,0,0,1,0,0,0,0,0,0,0,0,0,0,0,0,0,0,0,0,0,0,0,0,0,0,0,0,0,0,0,0,0,0,39.9506,-75.1831, ,Philadelphia
 ,7596,2017127410,6,67,67301,2017,11,6,1015,10,1,1,0,4,1, , ,N,1,3,0,3,0,4,4,2,N,N,39 59:39.850,75 07:18.958,1020, ,1020,4,2,7,N, ,3,Y, , , , ,103881, , , ,2,0,0,0,0,0,2,0,0,2,2,0,4,0,0,0,0,0,0,0,0,0,0,0,0,0,0,0,0,0,0,0,0,0,0,2,0,39.9944,-75.1219, ,Philadelphia
 ,7597,2017128085,6,67,67301,2017,11,3,1200,12,1,1,0,8,1, , ,N,2,0,0,3,0,1,2,2,N,N,40 02:21.063,75 09:07.399,325, ,325, ,0, ,N, ,0, , , , , ,103886, , , ,1,1,0,0,0,0,0,0,0,0,0,0,1,1,1,0,0,0,0,0,0,0,0,0,0,0,0,0,0,0,0,0,1,0,0,8,0,40.0392,-75.1521, ,Philadelphia
 ,7598,2017136590,6,67,67301,2017,11,7,1955,19,2,1,0,1,1, , ,N,0,0,0,3,0,0,3,3,N,N,39 55:24.160,75 11:32.076,2001, ,1955, ,0, , , ,0, , , , , ,103907, , , ,3,2,0,0,0,0,1,0,0,0,0,0,0,0,0,0,0,0,0,0,0,0,0,0,0,0,0,0,0,0,0,0,0,0,0,0,0,39.9234,-75.1922, ,Philadelphia
 ,7599,2018027366,6,67,67301,2017,12,3,1223,12,1,1,0,4,1, , ,N,1,2,0,3,0,2,3,2,N,N,40 01:32.883,75 07:24.333,1345, ,1330,2,1,2,N, ,3,N, , , , ,103924, , , ,2,2,0,0,0,0,0,0,0,0,0,1,2,1,1,0,0,0,0,0,0,0,0,0,0,0,0,0,0,0,0,0,0,0,0,4,0,40.0258,-75.1235, ,Philadelphia
 ,7600,2018001067,6,67,67301,2017,11,2,629,6,1,1,0,1,1, , ,N,0,0,0,3,0,1,3,3,N,N,40 00:24.238,75 11:56.344,649, ,649, ,0, ,N, ,0, , , , , ,103940, , , ,3,0,0,0,1,0,1,1,0,0,0,0,1,1,0,0,0,0,0,0,0,0,0,0,0,0,0,0,0,0,0,0,0,0,0,8,0,40.0067,-75.199, ,Philadelphia
 ,7601,2018029807,6,67,67301,2017,12,7,1805,18,3,1,0,7,5, , ,N,1,2,0,3,0,0,1,1,N, ,40 01:35.446,75 05:51.032,1807, ,1807,1,1,2,N, ,3,Y, , , , ,103941, , , ,1,1,0,0,0,0,0,0,0,0,0,0,0,0,1,0,0,0,0,0,0,0,0,0,0,0,0,0,0,0,0,0,0,0,0,9,0,40.0268,-75.098, ,Philadelphia
 ,7602,2017098001,6,67,67301,2017,9,7,1501,15,1,1,0,4,1, , ,N,1,2,0,3,0,1,2,2,N, ,40 02:07.013,75 01:30.652,1508, ,1501, ,0, , , ,3, , , , , ,103947, , , ,2,2,0,0,0,0,0,0,0,0,0,1,1,0,0,0,0,0,0,0,1,0,0,1,0,0,0,0,0,0,0,0,0,0,0,4,0,40.0353,-75.0252, ,Philadelphia
 ,7603,2018033722,6,67,67301,2017,6,1,1235,12,1,1,0,1,1, , ,N,3,3,0,3,0,1,3,2,N,N,40 00:42.487,75 08:03.551,0, ,0, ,0, ,N, ,3, , , , , ,103975, , , ,2,1,0,0,0,0,1,0,0,0,0,0,1,1,0,0,0,0,0,0,0,1,0,0,0,0,0,0,0,0,0,0,0,0,0,8,0,40.0118,-75.1343, ,Philadelphia
 ,7604,2018027587,6,67,67301,2017,12,3,1620,16,1,1,0,5,6, , ,N,0,0,0,3,0,2,2,3,N, ,40 01:54.600,75 07:52.700,9999, ,1620, ,0, ,N, ,0, , , , , ,103977, , , ,3,2,0,0,0,0,1,0,0,0,0,2,2,0,0,0,0,0,1,0,0,0,0,2,0,0,0,0,0,0,0,0,0,0,0,4,0,40.0318,-75.1313, ,Philadelphia
 ,7605,2018005485,6,67,67301,2017,12,5,1850,18,3,1,0,7,5, , ,N,2,2,0,3,0,0,1,1,N,N,40 04:11.100,75 14:17.714,1900, ,1857, ,0, ,N, ,3, , , , , ,103978, , , ,1,0,0,0,0,0,1,0,0,0,0,0,0,0,0,0,0,0,0,0,0,0,1,0,0,0,0,0,0,0,0,0,0,0,0,0,0,40.0698,-75.2383, ,Philadelphia
 ,7606,2017127508,6,67,67301,2017,11,6,1703,17,1,1,0,5,6, , ,N,0,0,0,3,0,1,2,2,N,N,39 55:59.800,75 11:24.100,1706, ,1705, ,0, ,N, ,0, , , , , ,103980, , , ,2,1,0,1,0,0,0,0,0,0,0,1,1,0,0,0,0,0,0,0,0,1,0,0,0,0,0,0,0,0,0,0,0,0,0,4,1,39.9333,-75.19, ,Philadelphia
 ,7607,2018005465,6,67,67301,2017,12,6,57,0,3,1,0,7,4, , ,N,0,0,0,3,0,1,1,1,N,N,40 01:09.170,75 11:26.815,105, ,58,3,2,5,N, ,0,Y, , , , ,103990, , , ,1,1,0,0,0,0,0,0,0,0,0,1,1,0,0,0,0,0,0,0,1,0,0,0,0,0,0,0,0,0,0,0,0,0,0,4,0,40.0192,-75.1908, ,Philadelphia
 ,7608,2017137587,6,67,67301,2017,11,3,1940,19,3,1,0,8,1, , ,N,2,2,0,3,0,1,2,2,N,N,39 57:17.366,75 11:22.581,1944, ,1940, ,0, ,N, ,3, , , , , ,104014, , , ,1,0,0,0,0,0,1,0,0,0,0,1,1,0,0,0,0,0,0,0,0,1,0,0,0,0,0,0,0,0,0,0,1,0,0,4,0,39.9548,-75.1896, ,Philadelphia
 ,7609,2017096482,6,67,67301,2017,8,7,2047,20,3,1,0,5,6, , ,N,0,0,0,3,0,1,1,5,N,N,39 58:02.144,75 13:25.295,2049, ,2047, ,0, ,N, ,0, , , , , ,104051, , , ,5,2,0,0,0,0,1,2,0,0,0,0,1,1,0,0,0,0,0,0,1,0,0,0,0,0,0,0,0,0,0,0,0,0,0,8,0,39.9673,-75.2237, ,Philadelphia
 ,7610,2017128731,6,67,67301,2017,12,3,2026,20,3,2,1,7,7, , ,N,0,0,0,3,0,0,1,1,N,N,39 59:00.622,75 05:52.693,2045, ,2032,1,2,2, , ,0,N, , , , ,104096, , , ,1,1,0,0,0,0,0,0,0,0,0,0,0,0,0,0,0,0,0,0,0,0,0,0,0,0,0,0,0,0,0,0,0,0,0,0,0,39.9835,-75.098, ,Philadelphia
 ,7611,2018000790,6,67,67301,2017,12,5,642,6,1,1,0,1,1, , ,N,0,0,0,3,0,0,2,2,N,N,40 00:32.215,75 12:19.808,650, ,643, ,0, , , ,0, , , , , ,104099, , , ,2,1,0,0,0,0,1,0,0,0,0,0,0,0,0,0,0,0,0,0,0,0,0,0,0,0,0,0,0,0,0,0,0,0,0,0,0,40.0089,-75.2055, ,Philadelphia
 ,7612,2017109910,6,67,67301,2017,10,2,1150,11,1,2,1,8,1, , ,N,1,2,0,3,0,1,2,2,N,N,39 56:55.708,75 10:09.620,1208, ,1200,1,1,3,N, ,3,N, , , , ,101324, , , ,1,1,0,0,0,0,0,0,0,0,0,1,1,0,0,0,0,0,0,0,0,0,1,1,0,0,0,0,0,0,0,0,1,0,0,4,0,39.9488,-75.1693, ,Philadelphia
 ,7613,2018027365,6,67,67301,2017,12,4,2012,20,3,1,0,5,1, , ,N,1,2,0,3,0,1,2,2,N,N,39 56:32.795,75 08:50.577,2025, ,2023, ,0, ,N, ,3, , , , , ,101353, , , ,2,2,0,0,0,0,0,0,0,0,0,0,1,1,0,0,0,0,0,0,0,0,0,0,0,0,0,0,0,0,0,0,0,0,0,8,0,39.9424,-75.1474, ,Philadelphia
 ,7614,2018028955,6,67,67301,2017,12,4,1710,17,3,1,0,4,1, , ,N,1,2,0,3,0,1,2,2,N,N,40 01:59.289,75 10:14.197,1725, ,1719, ,0, ,N, ,3, , , , , ,101355, , , ,2,0,0,0,0,0,2,0,0,0,0,0,1,1,1,0,0,0,0,0,1,0,0,0,0,0,0,0,0,0,0,0,0,0,0,8,0,40.0331,-75.1706, ,Philadelphia
 ,7615,2017111559,6,67,67301,2017,10,1,115,1,3,1,0,4,1, , ,N,1,3,0,3,0,1,3,3,N,N,39 59:37.568,75 08:25.843,130, ,128,9,1,2,N, ,3,N, , , , ,101357, , , ,3,1,0,0,1,0,0,1,0,0,0,1,1,0,0,0,0,0,0,0,0,0,0,0,0,0,0,0,0,0,0,0,0,0,0,4,0,39.9938,-75.1405, ,Philadelphia
 ,7616,2017103857,6,67,67301,2017,9,6,1719,17,1,1,0,1,1, , ,N,0,0,0,3,0,0,2,2,N,N,39 54:01.467,75 09:22.868,1739, ,1719, ,0, , , ,0, , , , , ,101365, , , ,2,1,0,0,0,0,1,0,0,0,0,0,0,0,0,0,0,0,0,0,0,0,0,0,0,0,0,0,0,0,0,0,0,0,0,0,0,39.9004,-75.1564, ,Philadelphia
 ,7617,2017127328,6,67,67301,2017,11,4,1741,17,3,1,0,8,1, , ,N,0,0,0,3,0,1,2,2,N,N,39 57:50.734,75 13:56.679,1746, ,1742, ,0, ,N, ,0, , , , , ,101398, , , ,1,1,0,0,0,0,0,0,0,0,0,1,1,0,0,0,0,0,0,0,0,0,0,1,0,0,0,0,0,0,0,0,1,0,0,4,0,39.9641,-75.2324, ,Philadelphia
 ,7618,2017101851,6,67,67301,2017,9,7,2345,23,3,1,0,5,6, , ,N,0,0,0,3,0,0,1,2,N, ,39 57:21.510,75 14:30.962,27, ,18, ,0, , , ,0, , , , , ,101413, , , ,2,1,0,0,1,0,0,0,0,0,0,0,0,0,0,0,0,0,0,0,0,0,0,1,0,0,0,0,0,0,0,0,0,0,0,0,0,39.956,-75.2419, ,Philadelphia
 ,7619,2017111531,6,67,67301,2017,10,5,1340,13,1,1,0,4,1, , ,N,1,2,0,3,0,3,3,2,Y,N,40 01:43.714,75 05:23.205,1350, ,1340,2,2,1,N, ,3,N, , , , ,101428, , , ,2,1,0,1,0,0,0,0,0,0,0,1,3,2,0,0,0,0,0,0,1,0,0,0,0,0,0,0,0,0,0,0,0,0,0,4,1,40.0288,-75.0898, ,Philadelphia
 ,7620,2017120698,6,67,67301,2017,10,3,1520,15,1,1,0,4,1, , ,N,1,2,2,3,0,0,2,2,N, ,39 54:37.249,75 09:03.078,1540, ,1530, ,0, , , ,2, , , , , ,101436, , , ,2,0,0,0,0,1,1,0,0,0,0,0,0,0,0,0,0,0,0,0,0,0,0,0,0,0,0,0,0,0,0,0,0,0,0,0,1,39.9103,-75.1509, ,Philadelphia
 ,7621,2017116963,6,67,67301,2017,10,3,710,7,1,1,0,1,1, , ,N,0,0,0,3,0,1,2,2,N,N,39 56:45.259,75 11:23.623,717, ,716, ,0, , , ,0, , , , , ,101438, , , ,2,1,0,0,0,1,0,0,0,0,1,0,1,0,0,0,0,0,0,0,1,0,0,0,0,0,0,0,0,0,0,0,0,0,0,3,1,39.9458,-75.1901, ,Philadelphia
 ,7622,2017096524,6,67,67301,2017,8,5,1732,17,1,1,0,4,1, , ,N,1,0,0,3,0,1,5,2,N, ,40 00:14.730,75 10:20.123,1748, ,1746, ,0, , , ,0, , , , , ,101443, , , ,2,0,1,0,0,0,0,1,0,0,1,0,1,0,4,0,0,0,0,0,0,0,0,0,0,0,0,0,0,0,0,0,0,0,0,3,0,40.0041,-75.1723, ,Philadelphia
 ,7623,2017098008,6,67,67301,2017,9,1,1015,10,1,1,0,8,1, , ,N,1,2,0,3,0,1,2,2,N,N,40 02:41.444,75 01:02.862,1022, ,1018,1,1,2,N, ,3,Y, , , , ,101453, , , ,1,0,0,0,1,0,0,0,0,0,1,0,1,0,0,0,0,0,0,0,0,0,0,0,0,0,0,0,0,0,0,0,1,0,0,3,0,40.0448,-75.0175, ,Philadelphia
 ,7624,2017134994,6,67,67301,2017,11,3,1745,17,3,9,0,8,1, , ,N,1,3,0,3,0,1,2,2,N,N,39 56:20.000,75 13:47.150,1925, ,1925, ,0, ,N, ,3, , , , , ,101458, , , ,1,1,0,0,0,0,0,0,0,0,0,0,1,1,0,0,0,0,0,0,0,0,0,0,0,0,0,0,0,0,0,0,1,0,0,8,0,39.9389,-75.2298, ,Philadelphia
 ,7625,2018024270,6,67,67301,2017,12,4,1339,13,1,1,0,5,6, , ,N,0,0,0,3,0,0,1,2,N,N,40 01:33.359,75 06:30.348,1355, ,1339, ,0, ,N, ,0, , , , , ,101469, , , ,2,1,0,0,0,0,0,1,0,0,0,0,0,0,0,0,0,0,0,0,0,0,0,0,0,0,0,0,0,0,0,0,0,0,0,0,0,40.0259,-75.1084, ,Philadelphia
 ,7626,2018015772,6,67,67301,2017,11,7,1207,12,1,1,0,4,1, , ,N,1,3,0,3,0,2,4,4,N,N,40 03:17.085,75 09:04.662,9999, ,9999, ,0, ,N, ,3, , , , , ,101474, , , ,4,2,0,0,0,0,2,0,0,0,0,2,2,0,0,0,0,0,0,0,0,1,0,0,0,0,0,0,0,0,0,0,0,0,0,4,0,40.0547,-75.1513, ,Philadelphia
 ,7627,2017111893,6,67,67301,2017,10,2,725,7,1,1,0,1,1, , ,N,0,8,3,3,0,1,2,2,N,N,39 57:13.800,75 08:21.100,727, ,727, ,0, ,N, ,3, , , , , ,101487, , , ,2,1,0,0,0,0,1,0,0,0,1,0,1,0,0,0,0,0,0,0,0,0,0,0,0,0,0,0,0,0,0,0,0,0,0,3,0,39.9538,-75.1392, ,Philadelphia
 ,7628,2017135021,6,67,67301,2017,11,6,1419,14,1,1,0,4,1, , ,N,1,2,0,3,0,3,10,2,N,N,40 02:34.426,75 08:37.618,1435, ,1419, ,0, ,N, ,3, , , , , ,101496, , , ,2,1,0,1,0,0,0,0,0,0,0,0,3,3,5,0,0,0,0,0,1,1,0,1,0,0,0,0,0,0,0,0,0,0,0,8,1,40.0429,-75.1438, ,Philadelphia
 ,7629,2017122954,6,67,67301,2017,11,3,1212,12,1,1,0,1,1, , ,N,0,0,0,3,0,1,4,4,N,N,39 59:08.993,75 05:34.253,1227, ,1216, ,0, , , ,0, , , , , ,101504, , , ,4,4,0,0,0,0,0,0,0,0,1,0,1,0,0,0,0,0,0,0,0,0,0,1,0,0,0,0,0,0,0,0,0,0,0,3,0,39.9858,-75.0928, ,Philadelphia
 ,7630,2017126203,6,67,67301,2017,11,7,1222,12,1,1,0,5,1, , ,N,0,0,0,3,0,0,4,3,N,N,40 00:21.179,75 04:30.065,1222, ,1222,2,2,2, , ,0,N, , , , ,95240, , , ,3,3,0,0,0,0,0,0,0,0,0,0,0,0,0,0,0,0,0,0,0,0,0,0,0,0,0,0,0,0,0,0,0,0,0,0,0,40.0059,-75.075, ,Philadelphia
 ,7631,2017060456,6,67,67301,2017,5,1,1702,17,1,1,0,4,1, , ,N,2,3,0,3,0,8,8,5,N,N,39 58:27.397,75 14:26.645,1734, ,1732, ,0, ,N, ,3, , , , , ,95241, , , ,4,3,0,0,0,0,0,1,0,0,0,8,8,0,0,0,0,0,1,0,0,0,0,0,0,0,0,0,0,0,0,0,1,0,0,4,0,39.9743,-75.2407, ,Philadelphia
 ,7632,2017060536,6,67,67301,2017,5,3,850,8,1,1,0,1,6, , ,N,0,0,0,3,0,0,1,3,N, ,40 00:40.078,75 06:17.707,915, ,900, ,0, , , ,0, , , , , ,95242, , , ,3,3,0,0,0,0,0,0,0,0,0,0,0,0,1,0,0,0,0,0,0,0,0,0,0,0,0,0,0,0,0,0,0,0,0,9,0,40.0111,-75.1049, ,Philadelphia
 ,7633,2017070484,6,67,67301,2017,6,5,1645,16,1,1,0,8,1, , ,N,0,0,0,3,0,1,2,2,N,N,40 01:00.100,75 05:20.900,2055, ,2045, ,0, ,N, ,0, , , , , ,95248, , , ,1,1,0,0,0,0,0,0,0,0,0,1,1,0,1,0,0,0,0,0,0,0,0,0,0,0,0,0,0,0,0,0,1,0,0,4,0,40.0167,-75.0891, ,Philadelphia
 ,7634,2017086762,6,67,67301,2017,3,4,527,5,3,1,0,5,6, , ,N,0,0,0,3,0,1,2,2,N, ,39 54:17.386,75 09:15.531,539, ,532, ,0, , , ,0, , , , , ,95274, , , ,2,0,0,0,0,2,0,0,0,0,1,0,1,0,1,0,0,0,0,0,0,0,0,0,0,0,0,0,0,0,0,0,0,0,0,3,2,39.9048,-75.1543, ,Philadelphia