wz_ln_closure,objectid_1,crn,district,county,municipality,crash_year,crash_month,day_of_week,time_of_day,hour_of_day,illumination,weather,road_condition,collision_type,relation_to_road,work_zone_type,work_zone_loc,work_zone_ind,intersect_type,tcd_type,location_type,urban_rural,fatal_count,injury_count,person_count,total_units,sch_bus_ind,sch_zone_ind,latitude,longitude,arrival_tm,cons_zone_spd_lim,dispatch_tm,est_hrs_closed,lane_closed,ln_close_dir,ntfy_hiwy_maint,spec_juris_cd,tcd_func_cd,tfc_detour_ind,workers_pres,wz_close_detour,wz_flagger,wz_law_offcr_ind,objectid,wz_moving,wz_other,wz_shlder_mdn,vehicle_count,automobile_count,motorcycle_count,bus_count,small_truck_count,heavy_truck_count,suv_count,van_count,bicycle_count,maj_inj_count,mod_inj_count,min_inj_count,tot_inj_count,unk_inj_deg_count,unk_inj_per_count,driver_count_16yr,driver_count_17yr,driver_count_18yr,driver_count_19yr,driver_count_20yr,driver_count_50_64yr,driver_count_65_74yr,driver_count_75plus,unbelted_occ_count,unb_death_count,unb_maj_inj_count,belted_death_count,belted_maj_inj_count,mcycle_death_count,mcycle_maj_inj_count,bicycle_death_count,bicycle_maj_inj_count,ped_count,ped_death_count,ped_maj_inj_count,max_severity_level,comm_veh_count,dec_lat,dec_long,rdwy_surf_type_cd,county_name
 ,7699,2017135056,6,67,67301,2017,11,4,1055,10,1,1,0,4,1, , ,N,1,2,0,3,0,1,2,2,N,N,40 02:03.707,75 10:21.788,1110, ,1104,1,1,1,N, ,3,N, , , , ,101703, , , ,2,0,0,0,1,0,1,0,0,0,0,0,1,1,0,0,0,0,0,0,2,0,0,0,0,0,0,0,0,0,0,0,0,0,0,8,0,40.0344,-75.1727, ,Philadelphia
 ,7700,2017135016,6,67,67301,2017,11,7,342,3,6,1,0,5,6, , ,N,0,0,0,3,0,1,2,2,N,N,40 01:34.300,75 04:58.300,415, ,415,3,2,2,N, ,0,Y, , , , ,101704, , , ,2,1,0,0,1,0,0,0,0,0,0,0,1,1,0,0,0,0,0,0,0,0,0,0,0,0,0,0,0,0,0,0,0,0,0,8,0,40.0262,-75.0829, ,Philadelphia
 ,7701,2017137509,6,67,67301,2017,11,6,1928,19,3,1,0,5,6, , ,N,0,0,0,3,0,0,1,3,N,N,39 57:04.800,75 14:42.100,1945, ,1937, ,0, ,N, ,0, , , , , ,101708, , , ,3,3,0,0,0,0,0,0,0,0,0,0,0,0,0,0,0,0,0,0,0,0,0,0,0,0,0,0,0,0,0,0,0,0,0,0,0,39.9513,-75.245, ,Philadelphia
 ,7702,2017096410,6,67,67301,2017,8,1,1030,10,1,1,0,8,6, , ,N,0,0,0,3,0,1,2,2,N,N,39 57:45.470,75 12:44.644,900, ,9999, ,0, ,N, ,0, , , , , ,95433, , , ,1,1,0,0,0,0,0,0,0,0,0,1,1,0,0,0,0,0,0,0,0,0,0,1,0,0,0,0,0,0,0,0,1,0,0,4,0,39.9626,-75.2127, ,Philadelphia
 ,7703,2017067976,6,67,67301,2017,6,1,1131,11,1,1,0,4,1, , ,N,0,0,7,3,0,1,2,2,N, ,40 00:27.343,75 10:23.837,1138, ,1134,1,1,2, , ,0,Y, , , , ,95435, , , ,2,1,0,0,0,1,0,0,0,0,0,1,1,0,1,0,0,1,0,0,0,0,0,0,0,0,0,0,0,0,0,0,0,0,0,4,1,40.0076,-75.1733, ,Philadelphia
 ,7704,2017067839,6,67,67301,2017,6,5,655,6,1,1,0,4,1, , ,N,1,2,0,3,0,1,2,2,N,N,40 02:45.589,75 04:56.402,734, ,729,3,2,4, , ,3,Y, , , , ,95440, , , ,2,1,0,0,0,0,1,0,0,0,0,1,1,0,0,0,0,0,0,0,0,0,0,0,0,0,0,0,0,0,0,0,0,0,0,4,0,40.046,-75.0823, ,Philadelphia
 ,7705,2017067821,6,67,67301,2017,5,4,2200,22,3,1,0,4,1, , ,N,2,3,0,3,0,2,3,2,N,N,39 59:02.756,75 06:57.952,110, ,106, ,0, ,N, ,3, , , , , ,95441, , , ,2,2,0,0,0,0,0,0,0,0,0,0,2,2,0,0,0,0,0,0,0,0,0,1,0,0,0,0,0,0,0,0,0,0,0,8,0,39.9841,-75.1161, ,Philadelphia
 ,7706,2017087769,6,67,67301,2017,8,7,1443,14,1,1,0,1,1, , ,N,0,0,0,3,0,4,5,2,N,N,39 53:32.559,75 13:30.400,1549, ,1525, ,0, , , ,0, , , , , ,95445, , , ,2,2,0,0,0,0,0,0,0,0,0,2,4,2,0,0,0,0,0,0,1,0,0,0,0,0,0,0,0,0,0,0,0,0,0,4,0,39.8924,-75.2251, ,Philadelphia
 ,7707,2017086755,6,67,67301,2017,3,7,511,5,3,1,0,5,6, , ,N,0,0,0,3,0,0,1,2,N,N,39 56:20.790,75 13:25.491,516, ,511, ,0, ,N, ,0, , , , , ,95453, , , ,2,0,0,0,0,0,2,0,0,0,0,0,0,0,0,0,0,0,0,0,0,0,0,0,0,0,0,0,0,0,0,0,0,0,0,0,0,39.9391,-75.2237, ,Philadelphia
 ,7708,2017088992,6,67,67301,2017,7,2,900,9,1,1,0,5,6, , ,N,0,0,0,3,0,0,1,2,N,N,39 57:59.850,75 08:50.066,925, ,912, ,0, ,N, ,0, , , , , ,95463, , , ,2,2,0,0,0,0,0,0,0,0,0,0,0,0,0,0,0,0,0,0,0,0,0,0,0,0,0,0,0,0,0,0,0,0,0,0,0,39.9666,-75.1472, ,Philadelphia
 ,7709,2017116162,6,67,67301,2017,10,4,2210,22,3,1,0,8,1, , ,N,1,2,0,3,0,1,2,2,N, ,40 00:52.752,75 09:24.063,2217, ,2211, ,0, , , ,3, , , , , ,95480, , , ,1,1,0,0,0,0,0,0,0,0,0,0,1,1,0,0,0,0,0,0,0,0,0,1,0,0,0,0,0,0,0,0,1,0,0,8,0,40.0146,-75.1567, ,Philadelphia
 ,7710,2017089480,6,67,67301,2017,8,2,1913,19,1,1,0,7,3, , ,N,0,0,0,3,0,1,1,1,N,N,39 54:23.029,75 08:58.808,1914, ,1913, ,0, , , ,0, , , , , ,95516, , , ,1,1,0,0,0,0,0,0,0,0,0,0,1,1,0,0,0,0,0,0,0,0,0,0,0,0,0,0,0,0,0,0,0,0,0,8,0,39.9064,-75.1497, ,Philadelphia
 ,7711,2017088958,6,67,67301,2017,8,1,1105,11,1,1,0,4,1, , ,N,2,2,0,3,0,0,6,3,N,N,39 56:08.274,75 13:33.131,1115, ,1107, ,0, , , ,3, , , , , ,95521, , , ,3,3,0,0,0,0,0,0,0,0,0,0,0,0,0,0,0,1,0,0,0,0,0,0,0,0,0,0,0,0,0,0,0,0,0,0,0,39.9356,-75.2259, ,Philadelphia
 ,7712,2017088747,6,67,67301,2017,7,2,9999,99,3,1,0,4,1, , ,N,1,2,0,3,0,4,5,3,N,N,40 03:08.339,75 00:28.750,9999, ,2120, ,0, , , ,3, , , , , ,95555, , , ,3,2,0,0,0,0,0,1,0,0,4,0,4,0,0,0,0,0,0,0,0,0,0,1,0,0,0,0,0,0,0,0,0,0,0,3,0,40.0523,-75.008, ,Philadelphia
 ,7713,2017108791,6,67,67301,2017,10,6,1345,13,1,1,0,7,4, , ,N,0,0,0,3,0,0,1,1,N,N,39 55:41.127,75 13:09.859,1420, ,1400,3,1,4,N, ,0,N, , , , ,95557, , , ,1,0,0,0,0,1,0,0,0,0,0,0,0,0,0,0,0,0,0,0,0,0,0,1,0,0,0,0,0,0,0,0,0,0,0,0,1,39.9281,-75.2194, ,Philadelphia
 ,7714,2017109758,6,67,67301,2017,10,1,1805,18,1,1,0,8,1, , ,N,0,0,0,3,0,1,3,2,N,N,39 54:18.033,75 10:13.970,1809, ,1808,1,1,4,N, ,0,N, , , , ,95558, , , ,1,1,0,0,0,0,0,0,0,0,1,0,1,0,0,0,0,0,1,0,0,0,0,0,0,0,0,0,0,0,0,0,1,0,0,3,0,39.905,-75.1705, ,Philadelphia
 ,7715,2017093632,6,67,67301,2017,8,4,1430,14,1,1,0,4,1, , ,N,1,2,0,3,0,1,2,2,N,N,40 04:22.144,75 10:03.489,1727, ,1727, ,0, ,N, ,3, , , , , ,95571, , , ,2,2,0,0,0,0,0,0,0,0,0,0,1,1,1,0,0,0,0,0,0,0,0,0,0,0,0,0,0,0,0,0,0,0,0,8,0,40.0728,-75.1676, ,Philadelphia
 ,7716,2017128065,6,67,67301,2017,11,2,1445,14,1,9,0,1,1, , ,N,1,2,0,3,0,1,2,2,N, ,39 57:41.312,75 08:59.259,1030, ,1030, ,0, , , ,3, , , , , ,95576, , , ,2,1,0,0,0,0,0,1,0,0,0,1,1,0,0,0,0,0,0,0,0,0,0,0,0,0,0,0,0,0,0,0,0,0,0,4,0,39.9614,-75.1498, ,Philadelphia
 ,7717,2017086157,6,67,67301,2017,7,6,1430,14,1,1,0,4,1, , ,N,1,3,0,3,0,1,3,2,N,N,40 03:57.202,75 10:35.464,1500, ,1430, ,0, ,N, ,3, , , , , ,95592, , , ,2,1,0,1,0,0,0,0,0,0,0,0,1,1,0,0,0,0,0,0,1,0,0,1,0,0,0,0,0,0,0,0,0,0,0,8,1,40.0659,-75.1765, ,Philadelphia
 ,7718,2017086222,6,67,67301,2017,7,3,1824,18,1,1,0,4,1, , ,N,1,2,0,3,0,0,4,2,N,N,40 04:22.144,75 10:03.489,1825, ,1825, ,0, ,N, ,3, , , , , ,95618, , , ,2,1,0,0,0,0,0,1,0,0,0,0,0,0,0,0,0,0,0,0,0,0,0,0,0,0,0,0,0,0,0,0,0,0,0,0,0,40.0728,-75.1676, ,Philadelphia
 ,7719,2017061139,6,67,67301,2017,5,1,2313,23,3,2,1,5,6, , ,N,0,0,0,3,0,0,1,3,N,N,39 55:09.246,75 09:38.322,2333, ,2323,3,2,2,N, ,0,Y, , , , ,95633, , , ,3,2,0,0,0,0,1,0,0,0,0,0,0,0,0,0,0,0,0,0,0,0,0,1,0,0,0,0,0,0,0,0,0,0,0,0,0,39.9192,-75.1606, ,Philadelphia
 ,7720,2017076364,6,67,67301,2017,6,5,1242,12,1,1,0,5,1, , ,N,0,0,0,3,0,2,3,2,N,N,39 59:00.100,75 08:49.800,1243, ,1242,9,1,3, , ,0,N, , , , ,98536, , , ,2,1,0,1,0,0,0,0,0,0,0,2,2,0,0,0,0,0,0,0,1,0,0,1,0,0,0,0,0,0,0,0,0,0,0,4,1,39.9834,-75.1472, ,Philadelphia
 ,7721,2017120498,6,67,67301,2017,10,1,814,8,1,1,0,4,1, , ,N,0,0,7,3,0,1,2,3,N, ,39 57:34.552,75 14:03.121,817, ,816, ,0, , , ,0, , , , , ,98562, , , ,3,1,0,0,0,1,1,0,0,0,1,0,1,0,0,0,0,0,0,0,0,0,0,2,0,0,0,0,0,0,0,0,0,0,0,3,1,39.9596,-75.2342, ,Philadelphia
 ,7722,2017097876,6,67,67301,2017,9,4,1626,16,1,2,1,8,1, , ,N,1,0,0,3,0,1,2,2,N, ,40 00:34.427,75 09:13.095,2337, ,2332, ,0, ,N, ,0, , , , , ,98586, , , ,1,0,0,0,0,0,1,0,0,0,0,1,1,0,0,0,0,0,0,0,0,0,0,0,0,0,0,0,0,0,0,0,1,0,0,4,0,40.0096,-75.1536, ,Philadelphia
 ,7723,2017120611,6,67,67301,2017,10,6,1809,18,1,1,0,8,1, , ,N,1,2,0,3,0,1,2,2,N,N,40 00:11.783,75 09:57.234,1814, ,1809, ,0, ,N, ,3, , , , , ,98596, , , ,1,0,0,0,1,0,0,0,0,0,0,0,1,1,0,0,0,0,0,0,1,0,0,1,0,0,0,0,0,0,0,0,1,0,0,8,0,40.0033,-75.1659, ,Philadelphia
 ,7724,2017105866,6,67,67301,2017,9,3,1920,19,3,1,0,4,1, , ,N,1,2,0,3,0,0,3,2,N, ,40 01:12.662,75 08:55.511,2010, ,1956, ,0, , , ,3, , , , , ,98599, , , ,2,2,0,0,0,0,0,0,0,0,0,0,0,0,3,0,0,0,1,0,0,0,0,3,0,0,0,0,0,0,0,0,0,0,0,9,0,40.0202,-75.1488, ,Philadelphia
 ,7725,2017088311,6,67,67301,2017,7,1,1344,13,1,9,8,5,6, , ,N,0,0,0,3,0,1,1,2,N,N,40 01:24.427,75 07:25.892,1650, ,1641, ,0, ,N, ,0, , , , , ,98621, , , ,2,0,0,0,0,0,1,1,0,0,0,1,1,0,0,0,0,0,0,0,0,0,0,0,0,0,0,0,0,0,0,0,0,0,0,4,0,40.0235,-75.1239, ,Philadelphia
 ,7726,2017115963,6,67,67301,2017,10,5,2015,20,3,1,0,5,1, , ,N,0,0,0,3,0,1,2,2,N,N,39 57:14.684,75 09:37.897,2030, ,2025, ,0, ,N, ,0, , , , , ,98631, , , ,1,1,0,0,0,0,0,0,1,0,0,0,1,1,0,0,0,0,0,0,0,0,0,1,0,0,0,0,0,0,0,0,0,0,0,8,0,39.9541,-75.1606, ,Philadelphia
 ,7727,2017068018,6,67,67301,2017,6,1,1613,16,1,1,0,4,1, , ,N,1,2,0,3,0,2,3,2,N,N,39 55:15.711,75 13:26.782,1620, ,1613, ,0, , , ,3, , , , , ,98642, , , ,2,0,0,0,0,0,1,1,0,0,0,2,2,0,0,0,0,0,0,0,1,0,0,0,0,0,0,0,0,0,0,0,0,0,0,4,0,39.9211,-75.2242, ,Philadelphia
 ,7728,2017086700,6,67,67301,2017,3,4,815,8,1,2,1,1,1, , ,N,0,0,0,3,0,1,3,2,N, ,40 04:30.886,75 01:07.346,840, ,830, ,0, , , ,0, , , , , ,98647, , , ,2,2,0,0,0,0,0,0,0,0,0,1,1,0,0,0,0,0,0,0,1,0,0,0,0,0,0,0,0,0,0,0,0,0,0,4,0,40.0752,-75.0187, ,Philadelphia
 ,7729,2017072804,6,67,67301,2017,7,7,2354,23,3,1,0,1,1, , ,N,0,0,3,3,0,0,18,4,N,N,39 57:15.700,75 08:32.600,2354, ,2354,1,2,4,N, ,0,N, , , , ,98649, , , ,4,2,0,0,0,0,1,1,0,0,0,0,0,0,0,0,0,0,0,0,3,0,0,0,0,0,0,0,0,0,0,0,0,0,0,0,0,39.9544,-75.1424, ,Philadelphia
 ,7730,2017097939,6,67,67301,2017,9,6,1124,11,1,1,0,4,1, , ,N,1,2,0,3,0,1,2,2,N, ,39 57:26.251,75 14:52.347,1146, ,1140, ,0, , , ,3, , , , , ,98667, , , ,2,0,0,0,0,0,2,0,0,0,0,1,1,0,0,0,0,0,0,0,1,0,1,0,0,0,0,0,0,0,0,0,0,0,0,4,0,39.9573,-75.2479, ,Philadelphia
 ,7731,2017091839,6,67,67301,2017,8,4,1500,15,1,1,0,4,1, , ,N,1,3,0,3,0,1,5,2,N,N,40 03:12.437,75 04:49.483,1657, ,1651, ,0, , , ,3, , , , , ,98673, , , ,2,1,0,0,0,0,1,0,0,0,0,1,1,0,0,0,0,0,0,0,1,0,0,0,0,0,0,0,0,0,0,0,0,0,0,4,0,40.0535,-75.0804, ,Philadelphia
 ,7732,2017093230,6,67,67301,2017,9,7,1359,13,1,1,0,0,1, , ,N,0,0,0,3,0,1,1,1,N,N,39 54:07.931,75 09:04.985,1401, ,1400,1,2,5, , ,0,N, , , , ,98695, , , ,1,0,1,0,0,0,0,0,0,0,1,0,1,0,0,0,0,0,0,0,0,0,0,0,0,0,0,0,0,0,0,0,0,0,0,3,0,39.9022,-75.1514, ,Philadelphia
 ,7733,2017128103,6,67,67301,2017,11,6,1802,18,3,1,0,5,1, , ,N,0,0,0,3,0,1,2,2,N,N,40 01:51.358,75 04:23.750,1815, ,1805, ,0, ,N, ,0, , , , , ,98714, , , ,1,1,0,0,0,0,0,0,1,0,1,0,1,0,0,0,0,0,0,0,0,0,0,1,0,0,0,0,0,0,0,0,0,0,0,3,0,40.0309,-75.0733, ,Philadelphia
 ,7734,2018001477,6,67,67301,2017,12,2,729,7,1,1,0,7,2, , ,N,0,0,0,3,0,2,2,1,N,N,39 59:50.332,75 11:46.352,736, ,734,2,1,4, , ,0,N, , , , ,98724, , , ,1,0,0,0,0,0,1,0,0,0,0,0,2,2,0,0,0,0,0,0,0,0,0,0,0,0,0,0,0,0,0,0,0,0,0,8,0,39.9973,-75.1962, ,Philadelphia
 ,7735,2017130698,6,67,67301,2017,11,1,1801,18,3,1,0,1,6, , ,N,0,0,0,3,0,2,2,4,N,N,40 00:25.600,75 09:33.000,1812, ,1808,2,2,3,N, ,0,Y, , , , ,98733, , , ,4,2,0,0,0,0,1,1,0,0,1,0,2,1,0,0,0,0,0,0,0,0,0,0,0,0,0,0,0,0,0,0,0,0,0,3,0,40.0071,-75.1592, ,Philadelphia
 ,7736,2017128114,6,67,67301,2017,11,2,1741,17,3,1,1,1,1, , ,N,1,3,0,3,0,2,2,2,N,N,40 03:15.775,75 04:36.883,1841, ,1837, ,0, ,N, ,3, , , , , ,98734, , , ,2,2,0,0,0,0,0,0,0,0,0,1,2,1,0,0,0,0,0,0,0,0,0,0,0,0,0,0,0,0,0,0,0,0,0,4,0,40.0544,-75.0769, ,Philadelphia
 ,7737,2017135004,6,67,67301,2017,11,2,1350,13,1,1,0,8,1, , ,N,2,0,0,3,0,1,2,2,N,N,39 59:03.710,75 06:46.713,1353, ,1350, ,0, ,N, ,0, , , , , ,98735, , , ,1,0,0,0,0,0,1,0,0,0,0,1,1,0,0,0,0,0,0,0,0,0,0,0,0,0,0,0,0,0,0,0,1,0,0,4,0,39.9844,-75.113, ,Philadelphia
U,7738,2018028944,6,67,67301,2017,12,7,1129,11,1,4,4,4,1,8,8,Y,1,3,1,3,0,0,2,2,N, ,39 58:26.658,75 07:04.290,1320,99,1129, ,0, ,N, ,3, ,U,U,U,U,104377,U,U,U,2,2,0,0,0,0,0,0,0,0,0,0,0,0,0,0,0,0,0,0,0,0,0,0,0,0,0,0,0,0,0,0,0,0,0,0,0,39.9741,-75.1179, ,Philadelphia
 ,7739,2018029888,6,67,67301,2017,12,1,449,4,3,1,0,8,1, , ,N,1,2,0,3,0,1,2,2,N,N,39 57:32.225,75 13:44.216,459, ,453, ,0, ,N, ,3, , , , , ,104378, , , ,1,1,0,0,0,0,0,0,0,0,0,0,1,1,1,0,0,0,0,0,0,0,0,0,0,0,0,0,0,0,0,0,1,0,0,8,0,39.959,-75.2289, ,Philadelphia
 ,7740,2018027523,6,67,67301,2017,12,7,218,2,3,2,1,4,1, , ,N,1,2,0,3,0,1,2,2,N,N,39 56:15.360,75 09:52.657,230, ,218, ,0, ,N, ,9, , , , , ,104379, , , ,2,2,0,0,0,0,0,0,0,0,0,1,1,0,0,0,0,0,0,0,0,0,0,0,0,0,0,0,0,0,0,0,0,0,0,4,0,39.9376,-75.1646, ,Philadelphia
 ,7741,2017101888,6,67,67301,2017,9,7,2040,20,1,1,0,5,1, , ,N,0,0,0,3,0,1,2,2,N,N,40 06:02.405,75 01:44.551,2058, ,2054, ,0, , , ,0, , , , , ,104387, , , ,2,1,0,0,0,0,1,0,0,0,0,0,1,1,0,0,0,0,0,0,0,1,0,0,0,0,0,0,0,0,0,0,0,0,0,8,0,40.1007,-75.029, ,Philadelphia
 ,7742,2017093548,6,67,67301,2017,8,5,2014,20,3,1,0,8,1, , ,N,3,0,0,3,0,1,2,2,N, ,39 55:54.338,75 13:00.262,2019, ,2014, ,0, , , ,0, , , , , ,104391, , , ,1,1,0,0,0,0,0,0,0,0,0,0,1,1,0,0,0,0,0,0,0,0,0,1,0,0,0,0,0,0,0,0,1,0,0,8,0,39.9318,-75.2167, ,Philadelphia
 ,7743,2017128075,6,67,67301,2017,11,7,2035,20,3,2,1,5,6, , ,N,0,0,0,3,0,1,1,2,N,N,40 04:15.300,75 10:17.100,2054, ,2052, ,0, ,N, ,0, , , , , ,104400, , , ,2,1,0,0,0,0,1,0,0,0,0,1,1,0,0,0,0,0,0,0,0,0,0,0,0,0,0,0,0,0,0,0,0,0,0,4,0,40.0709,-75.1714, ,Philadelphia
 ,7744,2017127310,6,67,67301,2017,11,6,655,6,5,1,0,8,1, , ,N,1,2,0,3,0,1,2,2,N,N,40 01:59.665,75 01:44.885,700, ,655, ,0, ,N, ,3, , , , , ,104409, , , ,1,1,0,0,0,0,0,0,0,0,0,1,1,0,0,0,0,0,0,0,0,0,0,0,0,0,0,0,0,0,0,0,1,0,0,4,0,40.0332,-75.0291, ,Philadelphia
 ,7745,2017128635,6,67,67301,2017,10,3,1238,12,1,1,0,5,1, , ,N,0,0,0,3,0,3,4,4,N,N,39 54:51.867,75 08:52.588,1248, ,1242,1,1,1, , ,0,N, , , , ,104417, , , ,4,1,0,0,1,0,2,0,0,0,3,0,3,0,1,0,0,1,0,0,0,0,0,0,0,0,0,0,0,0,0,0,0,0,0,3,0,39.9144,-75.1479, ,Philadelphia
 ,7746,2017128730,6,67,67301,2017,12,3,1832,18,3,2,1,1,1, , ,N,0,0,0,3,0,1,3,2,N,N,39 56:49.794,75 08:32.146,1850, ,1848, ,0, ,N, ,0, , , , , ,104430, , , ,2,2,0,0,0,0,0,0,0,0,1,0,1,0,0,0,0,0,0,0,0,0,0,0,0,0,0,0,0,0,0,0,0,0,0,3,0,39.9472,-75.1423, ,Philadelphia
 ,7747,2017135022,6,67,67301,2017,11,6,2205,22,3,1,0,4,1, , ,N,1,2,0,3,0,1,2,2,N,N,39 59:17.890,75 15:14.288,2220, ,2216,1,1,1,N, ,3,N, , , , ,104448, , , ,2,1,0,0,0,0,1,0,0,0,0,1,1,0,0,0,0,0,0,0,0,0,0,0,0,0,0,0,0,0,0,0,0,0,0,4,0,39.9883,-75.254, ,Philadelphia
 ,7748,2018029753,6,67,67301,2017,12,3,2045,20,3,1,0,2,1, , ,N,0,0,0,3,0,2,3,2,N,N,40 01:45.400,75 03:13.000,2053, ,2052, ,0, ,N, ,0, , , , , ,104473, , , ,2,2,0,0,0,0,0,0,0,0,0,1,2,1,0,0,0,0,1,0,0,0,0,0,0,0,0,0,0,0,0,0,0,0,0,4,0,40.0293,-75.0536, ,Philadelphia
 ,7749,2018027362,6,67,67301,2017,12,7,1100,11,1,1,1,1,1, , ,N,1,2,0,3,0,0,4,3,N,N,39 59:32.605,75 08:31.814,9999, ,9999, ,0, ,N, ,3, , , , , ,104474, , , ,3,3,0,0,0,0,0,0,0,0,0,0,0,0,2,0,0,0,0,0,0,0,0,0,0,0,0,0,0,0,0,0,0,0,0,9,0,39.9923,-75.1422, ,Philadelphia
 ,7750,2018027404,6,67,67301,2017,12,1,100,1,3,4,6,4,4, , ,N,0,0,7,3,0,0,2,2,N,N,40 05:48.100,75 01:04.000,111, ,108,1,1,3,N, ,0,N, , , , ,104475, , , ,2,0,0,0,0,0,1,0,0,0,0,0,0,0,0,0,0,0,0,0,0,0,0,0,0,0,0,0,0,0,0,0,0,0,0,0,0,40.0967,-75.0178, ,Philadelphia
 ,7751,2017096532,6,67,67301,2017,8,5,1450,14,1,1,0,7,1,1,4,Y,0,0,0,3,0,0,1,1,N,N,40 03:27.704,75 08:26.149,1500,99,1454,9,1,1, , ,0,N,U, , ,U,104476, , , ,1,1,0,0,0,0,0,0,0,0,0,0,0,0,1,0,0,0,0,0,1,0,0,0,0,0,0,0,0,0,0,0,0,0,0,9,0,40.0577,-75.1406, ,Philadelphia
 ,7752,2017131775,6,67,67301,2017,12,4,1018,10,1,1,0,0,1, , ,N,0,0,0,3,0,0,1,3,N,N,39 58:30.469,75 10:52.257,1105, ,1019,4,2,4,N, ,0,Y, , , , ,104483, , , ,3,1,0,0,0,1,1,0,0,0,0,0,0,0,0,0,0,0,0,0,0,1,0,0,0,0,0,0,0,0,0,0,0,0,0,0,1,39.9751,-75.1812, ,Philadelphia
 ,7753,2018028951,6,67,67301,2017,12,7,1719,17,3,1,0,8,1, , ,N,1,2,0,3,0,1,2,2,N,N,40 05:04.180,74 58:25.617,1725, ,1720, ,0, ,N, ,3, , , , , ,104518, , , ,1,1,0,0,0,0,0,0,0,0,0,1,1,0,0,0,0,0,0,0,0,0,0,0,0,0,0,0,0,0,0,0,1,0,0,4,0,40.0845,-74.9737, ,Philadelphia
 ,7754,2018033301,6,67,67301,2017,3,7,1630,16,1,1,0,1,1, , ,N,1,3,0,3,0,1,2,2,N,N,40 01:20.395,75 07:50.408,0, ,0, ,0, ,N, ,3, , , , , ,104519, , , ,2,0,0,0,0,0,1,0,0,0,0,0,1,1,0,0,0,0,0,0,0,0,0,0,0,0,0,0,0,0,0,0,0,0,0,8,0,40.0223,-75.1307, ,Philadelphia
 ,7755,2018029896,6,67,67301,2017,12,1,2330,23,3,1,0,8,1, , ,N,1,2,0,3,0,1,2,2,N,N,39 57:36.137,75 13:29.464,108, ,108, ,0, ,N, ,3, , , , , ,104523, , , ,1,1,0,0,0,0,0,0,0,0,0,1,1,0,1,0,0,0,0,0,0,0,0,1,0,0,0,0,0,0,0,0,1,0,0,4,0,39.9599,-75.2249, ,Philadelphia
 ,7756,2017108961,6,67,67301,2017,10,6,1740,17,1,1,0,7,5, , ,N,0,0,0,3,0,0,1,1,N,N,39 57:16.438,75 11:54.369,1743, ,1742, ,0, ,Y, ,0, , , , , ,92281, , , ,1,1,0,0,0,0,0,0,0,0,0,0,0,0,0,0,0,0,0,0,0,1,0,0,0,0,0,0,0,0,0,0,0,0,0,0,0,39.9546,-75.1984, ,Philadelphia
 ,7757,2017114552,6,67,67301,2017,10,1,1907,19,2,2,1,7,4, , ,N,0,0,0,3,0,0,1,1,N,N,39 58:03.923,75 07:53.967,1926, ,1911,1,2,1, , ,0,N, , , , ,92284, , , ,1,1,0,0,0,0,0,0,0,0,0,0,0,0,0,0,0,0,0,0,0,0,0,0,0,0,0,0,0,0,0,0,0,0,0,0,0,39.9678,-75.1316, ,Philadelphia
 ,7758,2017102675,6,67,67301,2017,9,6,1943,19,3,1,0,1,1, , ,N,0,0,0,3,0,4,8,5,N,N,39 58:49.003,75 06:18.909,1955, ,1955,1,2,2, , ,0,N, , , , ,92288, , , ,5,2,0,0,1,0,2,0,0,0,4,0,4,0,0,0,0,0,0,1,0,0,0,0,0,0,0,0,0,0,0,0,0,0,0,3,0,39.9803,-75.1053, ,Philadelphia
 ,7759,2017058271,6,67,67301,2017,5,3,2045,20,3,1,0,4,1, , ,N,0,0,7,3,0,1,2,2,N,N,40 03:21.375,75 09:30.721,9999, ,9999, ,0, , , ,0, , , , , ,92298, , , ,2,0,0,0,0,0,2,0,0,0,0,1,1,0,1,0,0,0,0,0,0,0,0,0,0,0,0,0,0,0,0,0,0,0,0,4,0,40.0559,-75.1585, ,Philadelphia
 ,7760,2017116203,6,67,67301,2017,10,3,1400,14,1,1,0,1,1, , ,N,0,0,0,3,0,1,3,2,N, ,39 57:30.373,75 10:26.626,1405, ,1400, ,0, , , ,0, , , , , ,92311, , , ,2,1,0,0,1,0,0,0,0,0,0,0,1,1,0,0,0,0,0,0,0,0,1,0,0,0,0,0,0,0,0,0,0,0,0,8,0,39.9584,-75.1741, ,Philadelphia
 ,7761,2017093611,6,67,67301,2017,8,2,852,8,1,1,0,1,1, , ,N,1,1,0,3,0,2,3,3,N,N,40 01:27.044,75 05:04.131,915, ,905,2,1,5, , ,3,Y, , , , ,92314, , , ,3,1,0,0,0,0,2,0,0,0,0,0,2,2,0,0,0,0,0,0,1,0,0,0,0,0,0,0,0,0,0,0,0,0,0,8,0,40.0242,-75.0845, ,Philadelphia
 ,7762,2017086265,6,67,67301,2017,7,6,9999,99,1,1,0,4,1, , ,N,1,3,0,3,0,1,4,3,N,N,40 02:51.086,75 03:52.318,9999, ,9999, ,0, , , ,3, , , , , ,92321, , , ,3,1,0,0,0,0,2,0,0,0,0,0,1,1,0,0,0,0,0,0,0,0,0,0,0,0,0,0,0,0,0,0,0,0,0,8,0,40.0475,-75.0645, ,Philadelphia