wz_ln_closure,objectid_1,crn,district,county,municipality,crash_year,crash_month,day_of_week,time_of_day,hour_of_day,illumination,weather,road_condition,collision_type,relation_to_road,work_zone_type,work_zone_loc,work_zone_ind,intersect_type,tcd_type,location_type,urban_rural,fatal_count,injury_count,person_count,total_units,sch_bus_ind,sch_zone_ind,latitude,longitude,arrival_tm,cons_zone_spd_lim,dispatch_tm,est_hrs_closed,lane_closed,ln_close_dir,ntfy_hiwy_maint,spec_juris_cd,tcd_func_cd,tfc_detour_ind,workers_pres,wz_close_detour,wz_flagger,wz_law_offcr_ind,objectid,wz_moving,wz_other,wz_shlder_mdn,vehicle_count,automobile_count,motorcycle_count,bus_count,small_truck_count,heavy_truck_count,suv_count,van_count,bicycle_count,maj_inj_count,mod_inj_count,min_inj_count,tot_inj_count,unk_inj_deg_count,unk_inj_per_count,driver_count_16yr,driver_count_17yr,driver_count_18yr,driver_count_19yr,driver_count_20yr,driver_count_50_64yr,driver_count_65_74yr,driver_count_75plus,unbelted_occ_count,unb_death_count,unb_maj_inj_count,belted_death_count,belted_maj_inj_count,mcycle_death_count,mcycle_maj_inj_count,bicycle_death_count,bicycle_maj_inj_count,ped_count,ped_death_count,ped_maj_inj_count,max_severity_level,comm_veh_count,dec_lat,dec_long,rdwy_surf_type_cd,county_name
 ,7763,2017115956,6,67,67301,2017,10,1,1315,13,1,1,0,4,1, , ,N,1,2,0,3,0,0,2,2,N, ,40 03:52.342,75 14:22.961,1325, ,1318, ,0, , , ,3, , , , , ,92325, , , ,2,1,0,0,0,0,1,0,0,0,0,0,0,0,0,0,0,0,0,1,0,0,0,0,0,0,0,0,0,0,0,0,0,0,0,0,0,40.0645,-75.2397, ,Philadelphia
 ,7764,2017093616,6,67,67301,2017,8,1,2330,23,3,1,0,3,1, , ,N,0,0,0,3,0,1,3,2,N, ,40 01:45.861,75 04:41.855,15, ,10, ,0, , , ,0, , , , , ,92340, , , ,2,1,0,0,0,0,1,0,0,0,0,1,1,0,0,0,0,0,0,0,0,0,0,2,0,0,0,0,0,0,0,0,0,0,0,4,0,40.0294,-75.0783, ,Philadelphia
 ,7765,2017058351,6,67,67301,2017,5,7,939,9,1,2,1,7,1, , ,N,0,0,0,3,0,1,2,1,N,N,40 02:48.075,75 09:35.953,943, ,941, ,0, ,N, ,0, , , , , ,92347, , , ,1,1,0,0,0,0,0,0,0,0,1,0,1,0,0,0,0,0,0,0,1,0,0,0,0,0,0,0,0,0,0,0,0,0,0,3,0,40.0467,-75.16, ,Philadelphia
 ,7766,2017130679,6,67,67301,2017,11,6,1840,18,3,1,0,4,1, , ,N,1,2,0,3,0,1,1,2,N, ,40 03:23.118,75 03:12.017,1840, ,1840, ,0, ,N, ,3, , , , , ,92384, , , ,2,2,0,0,0,0,0,0,0,0,0,1,1,0,0,0,0,0,0,0,0,0,0,0,0,0,0,0,0,0,0,0,0,0,0,4,0,40.0564,-75.0533, ,Philadelphia
 ,7767,2017076137,6,67,67301,2017,6,5,1732,17,1,1,0,4,1, , ,N,2,0,0,3,0,1,2,2,N,N,39 58:44.295,75 14:23.963,1735, ,1733, ,0, ,N, ,0, , , , , ,92396, , , ,2,1,1,0,0,0,0,0,0,0,0,0,1,1,1,0,0,0,0,0,0,0,0,0,0,0,0,0,0,0,0,0,0,0,0,8,0,39.979,-75.24, ,Philadelphia
 ,7768,2017076187,6,67,67301,2017,6,5,9999,99,1,1,0,4,1, , ,N,5,2,0,3,0,2,2,2,N, ,40 01:16.600,75 08:49.570,1241, ,1206, ,0, , , ,3, , , , , ,92466, , , ,2,1,0,0,1,0,0,0,0,0,0,1,2,1,0,0,0,0,0,0,0,0,0,0,0,0,0,0,0,0,0,0,0,0,0,4,0,40.0213,-75.1471, ,Philadelphia
 ,7769,2017097843,6,67,67301,2017,9,4,1610,16,1,2,1,6,1, , ,N,0,0,0,3,0,2,3,2,Y,N,40 04:50.200,75 13:23.300,1647, ,1643,1,1,4,N, ,0,Y, , , , ,92480, , , ,2,1,0,1,0,0,0,0,0,0,0,1,2,1,0,0,0,0,0,0,1,0,0,1,0,0,0,0,0,0,0,0,0,0,0,4,1,40.0806,-75.2231, ,Philadelphia
 ,7770,2017067692,6,67,67301,2017,6,7,2215,22,3,1,0,5,6, , ,N,0,0,0,3,0,0,1,3,N,N,40 07:05.512,75 00:56.956,2225, ,2220, ,0, , , ,0, , , , , ,92491, , , ,3,3,0,0,0,0,0,0,0,0,0,0,0,0,0,0,0,0,0,0,0,0,0,0,0,0,0,0,0,0,0,0,0,0,0,0,0,40.1182,-75.0158, ,Philadelphia
 ,7771,2017097822,6,67,67301,2017,7,4,909,9,1,1,0,4,1, , ,N,0,0,7,3,0,1,12,2,Y, ,40 03:30.814,75 09:49.491,954, ,911, ,0, , , ,0, , , , , ,92506, , , ,2,1,0,1,0,0,0,0,0,0,0,0,1,1,0,0,0,0,0,0,1,0,0,0,0,0,0,0,0,0,0,0,0,0,0,8,1,40.0586,-75.1637, ,Philadelphia
 ,7772,2017091161,6,67,67301,2017,8,2,930,9,1,2,1,7,3, , ,N,0,0,1,3,0,1,1,1,N, ,40 05:13.981,74 58:17.651,945, ,940, ,0, , , ,0, , , , , ,92507, , , ,1,0,0,0,0,0,1,0,0,0,0,1,1,0,0,0,0,0,0,0,0,1,0,0,0,0,0,0,0,0,0,0,0,0,0,4,0,40.0873,-74.9716, ,Philadelphia
 ,7773,2017120726,6,67,67301,2017,10,3,9999,99,1,1,0,4,1, , ,N,1,2,0,3,0,0,2,2,N, ,40 04:28.594,75 02:06.267,1511, ,1449,1,1,2, , ,3,Y, , , , ,92523, , , ,2,1,0,0,0,0,1,0,0,0,0,0,0,0,2,0,0,0,0,0,1,0,0,0,0,0,0,0,0,0,0,0,0,0,0,9,0,40.0746,-75.0351, ,Philadelphia
 ,7774,2017117009,6,67,67301,2017,10,7,434,4,3,1,0,7,4, , ,N,6,0,2,3,0,1,2,1,N,N,39 57:36.086,75 10:47.722,443, ,437, ,0, , , ,0, , , , , ,86072, , , ,1,1,0,0,0,0,0,0,0,0,0,0,1,1,1,0,0,0,0,0,0,0,0,0,0,0,0,0,0,0,0,0,0,0,0,8,0,39.96,-75.1799, ,Philadelphia
 ,7775,2017052347,6,67,67301,2017,5,4,1532,15,1,1,0,4,1, , ,N,1,2,0,3,0,2,3,3,N,N,40 03:11.203,75 08:15.971,1548, ,1543,1,1,4,N, ,3,Y, , , , ,86086, , , ,3,1,0,0,1,0,1,0,0,0,0,0,2,2,0,0,0,0,0,0,1,1,0,0,0,0,0,0,0,0,0,0,0,0,0,8,0,40.0531,-75.1378, ,Philadelphia
 ,7776,2017116168,6,67,67301,2017,10,3,1521,15,1,1,0,4,1, , ,N,2,2,0,3,0,0,2,2,N,N,39 59:11.490,75 12:18.431,1540, ,1523,2,1,2,N, ,3,N, , , , ,86103, , , ,2,1,0,0,0,0,1,0,0,0,0,0,0,0,1,0,0,0,0,0,0,0,0,0,0,0,0,0,0,0,0,0,0,0,0,9,0,39.9865,-75.2051, ,Philadelphia
 ,7777,2017108000,6,67,67301,2017,8,3,1850,18,1,2,1,7,4, , ,N,0,0,0,3,0,0,4,1,N,N,40 05:00.502,75 13:19.626,1932, ,1925, ,0, , , ,0, , , , , ,86107, , , ,1,1,0,0,0,0,0,0,0,0,0,0,0,0,0,0,0,0,0,0,0,0,0,0,0,0,0,0,0,0,0,0,0,0,0,0,0,40.0835,-75.2221, ,Philadelphia
 ,7778,2017093519,6,67,67301,2017,8,2,1309,13,1,1,0,4,1, , ,N,1,2,0,3,0,3,3,2,N, ,39 57:46.426,75 12:06.810,1409, ,1409, ,0, , , ,3, , , , , ,86113, , , ,2,1,0,0,1,0,0,0,0,0,0,0,3,3,0,0,0,0,0,0,1,0,0,0,0,0,0,0,0,0,0,0,0,0,0,8,0,39.9629,-75.2019, ,Philadelphia
 ,7779,2017086176,6,67,67301,2017,7,7,2343,23,3,1,0,4,1, , ,N,1,2,0,3,0,0,2,2,N,N,40 03:23.636,75 02:47.581,2350, ,2345, ,0, ,N, ,3, , , , , ,86114, , , ,2,1,0,0,0,0,1,0,0,0,0,0,0,0,0,0,0,0,0,0,1,0,0,0,0,0,0,0,0,0,0,0,0,0,0,0,0,40.0566,-75.0466, ,Philadelphia
 ,7780,2017109720,6,67,67301,2017,10,2,658,6,3,1,0,1,1, , ,N,0,0,2,3,0,0,4,3,N,N,39 54:48.800,75 10:59.700,701, ,658,2,1,4,N, ,0,N, , , , ,86116, , , ,3,0,0,0,1,0,2,0,0,0,0,0,0,0,0,0,0,0,0,0,1,0,0,0,0,0,0,0,0,0,0,0,0,0,0,0,0,39.9136,-75.1833, ,Philadelphia
 ,7781,2017116129,6,67,67301,2017,10,2,1424,14,1,1,0,4,1, , ,N,1,2,0,3,0,2,5,3,N, ,39 57:01.383,75 08:50.130,1431, ,1428, ,0, , , ,3, , , , , ,86125, , , ,3,1,0,0,0,0,2,0,0,0,2,0,2,0,0,0,0,0,0,0,0,0,0,0,0,0,0,0,0,0,0,0,0,0,0,3,0,39.9503,-75.1473, ,Philadelphia
 ,7782,2017097899,6,67,67301,2017,8,5,1629,16,1,1,0,4,1, , ,N,1,3,0,3,0,1,2,2,N,N,39 57:44.283,75 12:02.720,1648, ,1646, ,0, ,N, ,3, , , , , ,86126, , , ,1,0,0,0,0,0,1,0,1,0,0,1,1,0,0,0,0,0,0,0,0,0,0,0,0,0,0,0,0,0,0,0,0,0,0,4,0,39.9623,-75.2008, ,Philadelphia
 ,7783,2017116165,6,67,67301,2017,10,1,304,3,3,1,0,5,1, , ,N,0,0,0,3,0,0,3,2,N,N,40 01:13.945,75 09:21.481,316, ,307,2,2,1,N, ,0,N, , , , ,86140, , , ,2,2,0,0,0,0,0,0,0,0,0,0,0,0,0,0,0,0,0,0,0,0,0,0,0,0,0,0,0,0,0,0,0,0,0,0,0,40.0205,-75.156, ,Philadelphia
 ,7784,2017097865,6,67,67301,2017,9,1,1231,12,1,1,0,4,1, , ,N,1,2,0,3,0,1,3,2,N,N,40 02:18.342,75 02:10.265,1305, ,1257,1,1,2,N, ,3,N, , , , ,86170, , , ,2,1,0,0,0,0,0,1,0,0,0,0,1,1,0,0,0,0,0,0,0,0,0,0,0,0,0,0,0,0,0,0,0,0,0,8,0,40.0384,-75.0362, ,Philadelphia
 ,7785,2017097814,6,67,67301,2017,9,1,9999,99,3,1,0,8,1, , ,N,1,2,0,3,0,1,2,2,N,N,39 58:26.878,75 12:15.541,37, ,37,9,1,3, , ,3,Y, , , , ,86172, , , ,1,1,0,0,0,0,0,0,0,1,0,0,1,0,0,0,0,0,0,0,0,0,0,1,0,0,0,0,0,0,0,0,1,0,1,2,0,39.9741,-75.2043, ,Philadelphia
 ,7786,2017127478,6,67,67301,2017,11,5,1420,14,1,1,0,7,4, , ,N,0,0,0,3,0,1,1,2,N, ,40 07:36.000,75 00:13.200,1519, ,1500, ,0, , , ,0, , , , , ,86174, , , ,1,1,0,0,0,0,0,0,0,0,1,0,1,0,0,0,0,0,0,0,0,1,0,0,0,0,0,0,0,0,0,0,0,0,0,3,0,40.1267,-75.0037, ,Philadelphia
 ,7787,2017076244,6,67,67301,2017,6,4,900,9,1,1,0,8,1, , ,N,1,2,0,3,0,1,2,2,N,N,39 58:44.204,75 10:57.052,919, ,911, ,0, ,N, ,3, , , , , ,86233, , , ,1,0,0,0,1,0,0,0,0,0,0,0,1,1,0,0,0,0,0,0,1,0,0,0,0,0,0,0,0,0,0,0,1,0,0,8,0,39.9789,-75.1825, ,Philadelphia
 ,7788,2017082263,6,67,67301,2017,7,3,1530,15,1,1,0,7,3, , ,N,0,0,0,3,0,0,1,1,N,N,39 58:05.947,75 07:45.063,1558, ,1533,1,1,1, , ,0,N, , , , ,86245, , , ,1,1,0,0,0,0,0,0,0,0,0,0,0,0,0,0,0,0,0,0,0,0,0,0,0,0,0,0,0,0,0,0,0,0,0,0,0,39.9683,-75.1292, ,Philadelphia
 ,7789,2017107993,6,67,67301,2017,9,7,2125,21,3,2,1,6,1, , ,N,0,0,0,3,0,0,3,2,N,N,40 03:47.624,75 12:01.609,2135, ,2131, ,0, ,N, ,0, , , , , ,86260, , , ,2,1,0,0,0,0,1,0,0,0,0,0,0,0,0,0,0,0,0,0,0,0,0,1,0,0,0,0,0,0,0,0,0,0,0,0,0,40.0632,-75.2004, ,Philadelphia
 ,7790,2017093891,6,67,67301,2017,9,3,2313,23,3,1,1,1,1, , ,N,0,0,0,3,0,1,1,2,Y,Y,39 57:34.536,75 10:35.665,2313, ,2313,1,1,3, , ,0,N, , , , ,86288, , , ,2,1,0,0,0,0,1,0,0,0,1,0,1,0,0,0,0,0,0,0,0,0,0,0,0,0,0,0,0,0,0,0,0,0,0,3,0,39.9596,-75.1766, ,Philadelphia
 ,7791,2017116041,6,67,67301,2017,10,4,800,8,1,1,0,8,1, , ,N,3,0,0,3,0,1,2,2,N, ,40 00:44.657,75 09:01.994,805, ,800, ,0, , , ,0, , , , , ,86296, , , ,1,1,0,0,0,0,0,0,0,0,1,0,1,0,0,0,0,0,0,0,0,0,0,0,0,0,0,0,0,0,0,0,1,0,0,3,0,40.0123,-75.1505, ,Philadelphia
 ,7792,2017086665,6,67,67301,2017,3,7,1800,18,3,1,0,4,1, , ,N,1,2,0,3,0,5,7,2,N,N,40 01:38.028,75 06:51.904,1840, ,1813, ,0, ,N, ,3, , , , , ,89133, , , ,2,1,0,1,0,0,0,0,0,0,0,5,5,0,0,0,0,0,0,1,0,0,0,1,0,0,0,0,0,0,0,0,0,0,0,4,1,40.0272,-75.1144, ,Philadelphia
 ,7793,2017086042,6,67,67301,2017,7,6,2354,23,3,2,1,4,1, , ,N,1,2,0,3,0,0,5,2,N,N,39 58:30.307,75 11:41.951,11, ,2359, ,0, , , ,3, , , , , ,89142, , , ,2,2,0,0,0,0,0,0,0,0,0,0,0,0,0,0,0,0,1,0,0,0,0,0,0,0,0,0,0,0,0,0,0,0,0,0,0,39.9751,-75.195, ,Philadelphia
 ,7794,2017097965,6,67,67301,2017,9,5,1548,15,1,1,0,4,1, , ,N,1,0,0,3,0,1,2,2,N,N,39 59:57.840,75 07:37.545,1606, ,1554,2,2,2,N, ,0,Y, , , , ,89143, , , ,1,1,0,0,0,0,0,0,1,0,0,1,1,0,0,0,0,0,0,0,0,0,0,0,0,0,0,0,0,0,0,0,0,0,0,4,0,39.9994,-75.1271, ,Philadelphia
 ,7795,2017091966,6,67,67301,2017,8,6,39,0,3,1,0,1,1, , ,N,0,0,0,3,0,2,2,2,N,N,40 01:58.815,75 01:14.877,45, ,43, ,0, , , ,0, , , , , ,89147, , , ,2,1,0,0,0,0,1,0,0,0,2,0,2,0,0,0,0,0,0,1,1,0,0,1,0,0,0,0,0,0,0,0,0,0,0,3,0,40.033,-75.0208, ,Philadelphia
 ,7796,2017058350,6,67,67301,2017,5,7,2024,20,3,9,1,7,4, , ,N,0,0,0,3,0,0,1,1,N,N,40 02:16.857,75 10:29.223,2338, ,2335, ,0, , , ,0, , , , , ,89174, , , ,1,1,0,0,0,0,0,0,0,0,0,0,0,0,1,0,0,0,0,0,0,0,0,0,0,0,0,0,0,0,0,0,0,0,0,9,0,40.038,-75.1748, ,Philadelphia
 ,7797,2017060465,6,67,67301,2017,4,7,822,8,1,1,0,4,1, , ,N,1,2,0,3,0,1,2,2,N,N,40 01:34.942,75 05:05.704,822, ,822, ,0, ,N, ,3, , , , , ,89175, , , ,2,1,0,0,0,0,1,0,0,0,0,1,1,0,0,0,0,0,0,0,0,0,0,0,0,0,0,0,0,0,0,0,0,0,0,4,0,40.0264,-75.0849, ,Philadelphia
 ,7798,2017091795,6,67,67301,2017,8,3,942,9,1,2,1,4,1, , ,N,1,2,0,3,0,0,2,2,N,N,40 03:14.351,75 02:56.006,1016, ,1014,1,1,1, , ,3,N, , , , ,89179, , , ,2,0,0,0,0,0,2,0,0,0,0,0,0,0,0,0,0,0,0,0,0,0,0,0,0,0,0,0,0,0,0,0,0,0,0,0,0,40.0541,-75.049, ,Philadelphia
 ,7799,2017086245,6,67,67301,2017,7,4,2000,20,3,1,0,8,1, , ,N,1,2,0,3,0,1,2,2,N,N,39 59:37.167,75 09:08.559,304, ,300, ,0, , , ,3, , , , , ,89181, , , ,1,0,0,0,0,0,1,0,0,0,1,0,1,0,0,0,0,0,0,0,0,0,0,1,0,0,0,0,0,0,0,0,1,0,0,3,0,39.9937,-75.1523, ,Philadelphia
 ,7800,2017091854,6,67,67301,2017,8,6,1530,15,1,1,0,4,1, , ,N,1,2,0,3,0,2,4,2,N,N,39 57:54.097,75 13:29.580,1544, ,1534, ,0, ,N, ,3, , , , , ,89182, , , ,2,1,0,1,0,0,0,0,0,0,0,0,2,2,0,0,0,0,0,0,1,0,0,1,0,0,0,0,0,0,0,0,0,0,0,8,1,39.965,-75.2246, ,Philadelphia
 ,7801,2017093490,6,67,67301,2017,8,3,1827,18,1,1,0,4,1, , ,N,1,3,0,3,0,1,2,3,N,N,40 03:49.831,75 08:50.874,1920, ,1915,2,1,1,N, ,3,N, , , , ,89205, , , ,3,1,0,0,1,0,0,1,0,0,0,0,1,1,0,0,0,0,0,0,0,1,0,0,0,0,0,0,0,0,0,0,0,0,0,8,0,40.0638,-75.1475, ,Philadelphia
 ,7802,2017063470,6,67,67301,2017,6,7,735,7,1,2,1,7,2, , ,N,0,0,0,3,0,1,1,1,N,N,39 53:55.826,75 10:15.659,744, ,736,2,1,2, , ,0,N, , , , ,89223, , , ,1,0,0,0,1,0,0,0,0,0,0,0,1,1,0,0,0,0,0,0,1,0,0,0,0,0,0,0,0,0,0,0,0,0,0,8,0,39.8988,-75.171, ,Philadelphia
 ,7803,2017108013,6,67,67301,2017,8,3,2132,21,3,2,1,4,1, , ,N,1,2,0,3,0,1,3,2,N,N,40 03:40.050,75 14:10.506,2136, ,2132, ,0, ,N, ,3, , , , , ,89241, , , ,2,1,0,0,0,0,1,0,0,0,0,1,1,0,0,0,0,0,0,0,1,0,1,3,0,0,0,0,0,0,0,0,0,0,0,4,0,40.0616,-75.2366, ,Philadelphia
 ,7804,2017086166,6,67,67301,2017,7,5,1100,11,1,1,0,4,1, , ,N,1,3,0,3,0,1,3,2,N,N,39 57:30.964,75 08:49.684,1125, ,1120,2,1,1, , ,3,N, , , , ,89247, , , ,2,0,0,0,1,0,0,1,0,0,0,0,1,1,0,0,0,0,0,0,1,0,0,0,0,0,0,0,0,0,0,0,0,0,0,8,0,39.9586,-75.1471, ,Philadelphia
 ,7805,2017068010,6,67,67301,2017,6,2,1535,15,1,2,1,5,1, , ,N,0,0,0,3,0,1,2,2,N,N,40 03:47.624,75 12:01.609,1540, ,1536,2,1,4,N, ,0,Y, , , , ,89263, , , ,2,1,0,0,0,0,1,0,0,0,0,0,1,1,0,0,0,0,0,0,1,1,0,0,0,0,0,0,0,0,0,0,0,0,0,8,0,40.0632,-75.2004, ,Philadelphia
 ,7806,2017079143,6,67,67301,2017,7,5,2257,22,3,1,0,1,3, , ,N,0,0,0,3,0,0,3,3,N,N,39 53:23.069,75 14:25.602,2303, ,2259,2,2,2, , ,0,Y, , , , ,89265, , , ,3,1,0,0,1,0,1,0,0,0,0,0,0,0,0,0,1,0,0,0,0,0,0,0,0,0,0,0,0,0,0,0,0,0,0,0,0,39.8897,-75.2404, ,Philadelphia
 ,7807,2017078759,6,67,67301,2017,6,4,1635,16,1,1,0,4,1, , ,N,0,0,7,3,0,3,4,2,N,N,39 58:49.045,75 09:44.952,2357, ,2340, ,0, ,N, ,0, , , , , ,89274, , , ,2,1,0,0,0,0,0,1,0,0,0,3,3,0,1,0,0,0,0,0,0,0,0,0,0,0,0,0,0,0,0,0,0,0,0,4,0,39.9803,-75.1625, ,Philadelphia
 ,7808,2017088950,6,67,67301,2017,7,2,11,0,3,1,0,4,1, , ,N,1,2,0,3,0,2,4,2,N, ,40 02:08.101,75 04:13.712,15, ,12,9,1,1, , ,3,N, , , , ,89291, , , ,2,2,0,0,0,0,0,0,0,0,0,2,2,0,0,0,0,0,0,0,0,0,0,0,0,0,0,0,0,0,0,0,0,0,0,4,0,40.0356,-75.0705, ,Philadelphia
 ,7809,2017067751,6,67,67301,2017,5,7,1710,17,1,1,0,8,1, , ,N,1,2,0,3,0,1,2,2,N,N,39 55:21.702,75 09:23.896,1718, ,1715, ,0, ,N, ,3, , , , , ,89312, , , ,1,1,0,0,0,0,0,0,0,0,0,1,1,0,0,0,0,1,0,0,0,0,0,0,0,0,0,0,0,0,0,0,1,0,0,4,0,39.9227,-75.1565, ,Philadelphia
 ,7810,2017067675,6,67,67301,2017,5,4,1639,16,1,1,0,1,1, , ,N,0,0,0,3,0,1,2,2,N,N,40 00:11.711,75 13:19.310,1655, ,1641, ,0, ,N, ,0, , , , , ,79638, , , ,2,2,0,0,0,0,0,0,0,0,0,1,1,0,0,0,0,0,0,0,0,0,0,1,0,0,0,0,0,0,0,0,0,0,0,4,0,40.0033,-75.222, ,Philadelphia
 ,7811,2017076305,6,67,67301,2017,6,2,1900,19,4,2,1,7,4, , ,N,0,0,2,3,0,0,3,1,N,N,39 57:28.366,75 08:58.943,1905, ,1905, ,0, , , ,0, , , , , ,79648, , , ,1,0,0,0,0,0,1,0,0,0,0,0,0,0,0,0,1,0,0,0,0,0,0,0,0,0,0,0,0,0,0,0,0,0,0,0,0,39.9579,-75.1499, ,Philadelphia
 ,7812,2017078820,6,67,67301,2017,7,5,2025,20,3,2,1,6,1, , ,N,0,0,0,3,0,1,2,3,N,N,40 01:48.569,75 08:16.420,2035, ,2030, ,0, ,N, ,0, , , , , ,79678, , , ,3,1,0,0,0,0,2,0,0,0,0,1,1,0,0,0,0,0,0,0,0,0,0,1,0,0,0,0,0,0,0,0,0,0,0,4,0,40.0302,-75.1379, ,Philadelphia
 ,7813,2017067674,6,67,67301,2017,6,6,2340,23,3,1,0,5,1, , ,N,0,0,0,3,0,1,2,4,N,N,40 02:18.645,75 04:50.101,2350, ,2346, ,0, ,N, ,0, , , , , ,79732, , , ,4,2,0,0,1,0,1,0,0,0,0,0,1,1,0,0,0,0,0,0,0,1,0,1,0,0,0,0,0,0,0,0,0,0,0,8,0,40.0385,-75.0806, ,Philadelphia
 ,7814,2017079102,6,67,67301,2017,7,5,1924,19,1,2,1,1,1, , ,N,0,0,0,3,0,2,2,2,N,N,39 55:18.551,75 08:52.622,1937, ,1924,1,1,2, , ,0,N, , , , ,79737, , , ,2,2,0,0,0,0,0,0,0,0,2,0,2,0,0,0,0,1,0,0,0,0,0,0,0,0,0,0,0,0,0,0,0,0,0,3,0,39.9218,-75.148, ,Philadelphia
 ,7815,2017097829,6,67,67301,2017,9,3,1600,16,1,1,0,4,1, , ,N,1,2,0,3,0,2,2,2,N,N,40 03:11.336,75 02:24.854,1612, ,1610,1,1,3,N, ,3,N, , , , ,79759, , , ,2,0,0,0,0,0,1,1,0,0,0,2,2,0,0,0,0,0,0,0,1,0,0,0,0,0,0,0,0,0,0,0,0,0,0,4,0,40.0531,-75.0402, ,Philadelphia
 ,7816,2017058326,6,67,67301,2017,5,5,2015,20,1,1,0,8,1, , ,N,0,0,0,3,0,1,2,2,N,N,39 57:28.294,75 14:10.677,2045, ,2040, ,0, ,N, ,0, , , , , ,79776, , , ,1,1,0,0,0,0,0,0,0,0,0,1,1,0,0,0,0,0,0,0,0,0,0,0,0,0,0,0,0,0,0,0,1,0,0,4,0,39.9579,-75.2363, ,Philadelphia
 ,7817,2017135032,6,67,67301,2017,11,6,1724,17,3,1,0,4,1, , ,N,1,2,0,3,0,1,3,2,N,N,40 02:54.625,75 14:06.990,1734, ,1728, ,0, ,N, ,3, , , , , ,79809, , , ,2,1,0,0,0,0,0,1,0,0,0,0,1,1,0,0,0,0,0,0,1,0,1,2,0,0,0,0,0,0,0,0,0,0,0,8,0,40.0485,-75.2353, ,Philadelphia
 ,7818,2017091790,6,67,67301,2017,8,4,30,0,3,6,1,4,6, , ,N,0,0,0,3,0,0,1,2,N,N,39 57:44.449,75 12:31.096,1250, ,1245,3,1,4,N, ,0,N, , , , ,79855, , , ,2,2,0,0,0,0,0,0,0,0,0,0,0,0,0,0,0,0,0,0,0,0,0,0,0,0,0,0,0,0,0,0,0,0,0,0,0,39.9623,-75.2086, ,Philadelphia
 ,7819,2017108097,6,67,67301,2017,10,7,1213,12,1,1,0,1,1, , ,N,0,0,0,3,0,1,3,3,N,N,39 53:54.057,75 10:54.753,1313, ,1248, ,0, , , ,0, , , , , ,79857, , , ,3,2,0,0,1,0,0,0,0,0,0,0,1,1,0,0,0,0,0,0,1,0,0,0,0,0,0,0,0,0,0,0,0,0,0,8,0,39.8984,-75.1818, ,Philadelphia
 ,7820,2017086710,6,67,67301,2017,3,4,1625,16,1,1,0,4,1, , ,N,0,0,7,3,0,0,3,2,N,N,40 08:01.281,75 00:36.190,1635, ,1631, ,0, ,N, ,0, , , , , ,79872, , , ,2,1,0,0,0,0,1,0,0,0,0,0,0,0,0,0,0,0,0,0,0,0,0,0,0,0,0,0,0,0,0,0,0,0,0,0,0,40.1337,-75.0101, ,Philadelphia
 ,7821,2017086871,6,67,67301,2017,5,3,1100,11,1,1,0,1,1, , ,N,0,0,0,3,0,0,1,3,N, ,40 00:44.923,75 08:23.114,1101, ,1100, ,0, , , ,0, , , , , ,79875, , , ,3,1,0,0,0,0,2,0,0,0,0,0,0,0,0,0,0,0,0,0,0,0,0,0,0,0,0,0,0,0,0,0,0,0,0,0,0,40.0125,-75.1398, ,Philadelphia
 ,7822,2017086801,6,67,67301,2017,4,7,2044,20,2,1,0,8,1, , ,N,0,0,0,3,0,1,2,2,N,N,39 55:05.422,75 09:23.979,2132, ,2130, ,0, ,N, ,0, , , , , ,79877, , , ,1,1,0,0,0,0,0,0,0,0,0,1,1,0,0,0,0,0,0,0,0,0,0,1,0,0,0,0,0,0,0,0,1,0,0,4,0,39.9182,-75.1567, ,Philadelphia
 ,7823,2017093578,6,67,67301,2017,7,6,205,2,3,1,0,1,1, , ,N,1,2,0,3,0,1,3,2,N, ,39 57:12.878,75 08:23.942,209, ,206, ,0, ,N, ,3, , , , , ,79889, , , ,2,1,1,0,0,0,0,0,0,0,0,0,1,1,0,0,0,0,0,0,0,0,0,1,0,0,0,0,0,0,0,0,0,0,0,8,0,39.9535,-75.1398, ,Philadelphia
 ,7824,2017097800,6,46,46102,2017,9,3,1655,16,1,1,0,4,1, , ,N,0,0,7,3,0,0,2,2,N,N,40 04:00.855,75 08:44.331,1720, ,1707,1,1,1,N, ,0,N, , , , ,79891, , , ,2,2,0,0,0,0,0,0,0,0,0,0,0,0,0,0,1,0,0,0,1,0,0,0,0,0,0,0,0,0,0,0,0,0,0,0,0,40.0669,-75.1456, ,Montgomery
 ,7825,2017109802,6,67,67301,2017,9,5,5,0,3,1,0,6,6, , ,N,0,0,0,3,0,0,1,3,N,N,39 59:14.074,75 07:07.911,220, ,16,1,1,3,N, ,0,N, , , , ,79904, , , ,3,1,0,0,0,0,2,0,0,0,0,0,0,0,0,0,0,0,0,0,1,0,0,1,0,0,0,0,0,0,0,0,0,0,0,0,0,39.9872,-75.1189, ,Philadelphia
 ,7826,2017096445,6,67,67301,2017,9,7,1828,18,1,2,1,4,1, , ,N,2,3,0,3,0,2,4,2,N, ,40 02:20.567,75 08:47.716,1837, ,1834, ,0, , , ,3, , , , , ,79907, , , ,2,1,0,0,0,0,1,0,0,0,0,2,2,0,0,0,0,0,1,0,0,0,0,0,0,0,0,0,0,0,0,0,0,0,0,4,0,40.039,-75.1466, ,Philadelphia