wz_ln_closure,objectid_1,crn,district,county,municipality,crash_year,crash_month,day_of_week,time_of_day,hour_of_day,illumination,weather,road_condition,collision_type,relation_to_road,work_zone_type,work_zone_loc,work_zone_ind,intersect_type,tcd_type,location_type,urban_rural,fatal_count,injury_count,person_count,total_units,sch_bus_ind,sch_zone_ind,latitude,longitude,arrival_tm,cons_zone_spd_lim,dispatch_tm,est_hrs_closed,lane_closed,ln_close_dir,ntfy_hiwy_maint,spec_juris_cd,tcd_func_cd,tfc_detour_ind,workers_pres,wz_close_detour,wz_flagger,wz_law_offcr_ind,objectid,wz_moving,wz_other,wz_shlder_mdn,vehicle_count,automobile_count,motorcycle_count,bus_count,small_truck_count,heavy_truck_count,suv_count,van_count,bicycle_count,maj_inj_count,mod_inj_count,min_inj_count,tot_inj_count,unk_inj_deg_count,unk_inj_per_count,driver_count_16yr,driver_count_17yr,driver_count_18yr,driver_count_19yr,driver_count_20yr,driver_count_50_64yr,driver_count_65_74yr,driver_count_75plus,unbelted_occ_count,unb_death_count,unb_maj_inj_count,belted_death_count,belted_maj_inj_count,mcycle_death_count,mcycle_maj_inj_count,bicycle_death_count,bicycle_maj_inj_count,ped_count,ped_death_count,ped_maj_inj_count,max_severity_level,comm_veh_count,dec_lat,dec_long,rdwy_surf_type_cd,county_name
 ,7827,2017050884,6,67,67301,2017,5,3,2144,21,3,1,0,8,1, , ,N,3,0,2,3,0,1,3,2,N,N,40 00:23.687,75 11:58.117,2151, ,2147,1,2,3, , ,0,N, , , , ,79915, , , ,1,1,0,0,0,0,0,0,0,0,0,0,1,1,0,0,0,0,0,0,0,0,0,0,0,0,0,0,0,0,0,0,1,0,0,8,0,40.0066,-75.1995, ,Philadelphia
 ,7828,2017091853,6,67,67301,2017,8,7,1544,15,1,1,0,1,6, , ,N,0,0,0,3,0,1,1,2,N,Y,39 56:52.949,75 09:47.322,1553, ,1540, ,0, , , ,0, , , , , ,82742, , , ,2,1,0,0,0,0,0,0,0,0,0,0,1,1,0,0,0,0,0,0,0,0,1,1,0,0,0,0,0,0,0,0,0,0,0,8,0,39.948,-75.1631, ,Philadelphia
 ,7829,2017088848,6,67,67301,2017,8,3,1450,14,1,1,0,4,1, , ,N,1,2,0,3,0,0,5,2,N,N,39 57:40.391,75 10:30.537,1610, ,1608,3,2,1,N, ,3,N, , , , ,82745, , , ,2,1,0,0,1,0,0,0,0,0,0,0,0,0,0,0,0,0,0,0,0,0,0,1,0,0,0,0,0,0,0,0,0,0,0,0,0,39.9613,-75.175, ,Philadelphia
 ,7830,2017086908,6,67,67301,2017,6,5,305,3,3,1,0,4,1, , ,N,1,2,0,3,0,4,5,2,N,N,40 02:39.449,75 03:14.767,315, ,307,1,1,4,N, ,3,N, , , , ,82747, , , ,2,1,0,0,0,0,1,0,0,0,0,4,4,0,0,0,0,0,0,0,0,0,1,0,0,0,0,0,0,0,0,0,0,0,0,4,0,40.0443,-75.0541, ,Philadelphia
 ,7831,2017116083,6,67,67301,2017,10,6,1825,18,3,1,0,8,1, , ,N,0,0,0,3,0,1,2,2,N,N,39 55:31.299,75 14:31.581,1836, ,1830, ,0, ,N, ,0, , , , , ,82753, , , ,1,0,0,0,0,0,1,0,0,0,1,0,1,0,0,0,0,0,0,0,1,0,0,1,0,0,0,0,0,0,0,0,1,0,0,3,0,39.9254,-75.2421, ,Philadelphia
 ,7832,2017060686,6,67,67301,2017,5,3,2348,23,3,1,0,7,4, , ,N,0,0,0,3,0,0,1,1,N,N,40 04:28.880,75 03:22.060,2353, ,2349, ,0, ,N, ,0, , , , , ,82762, , , ,1,1,0,0,0,0,0,0,0,0,0,0,0,0,0,0,0,0,0,0,0,0,0,0,0,0,0,0,0,0,0,0,0,0,0,0,0,40.0747,-75.0561, ,Philadelphia
 ,7833,2017067729,6,67,67301,2017,5,5,1523,15,1,1,0,1,1, , ,N,3,2,0,3,0,5,5,3,N, ,40 02:08.089,75 04:10.167,1525, ,1523,3,2,2, , ,3,Y, , , , ,82774, , , ,3,2,0,0,0,0,1,0,0,0,0,5,5,0,0,0,0,0,0,0,0,0,0,0,0,0,0,0,0,0,0,0,0,0,0,4,0,40.0356,-75.0692, ,Philadelphia
 ,7834,2017067917,6,67,67301,2017,5,7,2015,20,4,1,0,7,4, , ,N,0,0,0,3,0,1,1,1,N, ,40 00:06.398,75 04:51.773,2030, ,2026, ,0, , , ,0, , , , , ,82792, , , ,1,0,0,0,0,0,0,1,0,0,0,0,1,1,0,0,0,0,0,0,0,0,0,0,0,0,0,0,0,0,0,0,0,0,0,8,0,40.0018,-75.081, ,Philadelphia
 ,7835,2017088759,6,67,67301,2017,8,4,2108,21,2,2,1,4,1, , ,N,2,0,0,3,1,1,3,2,N,N,39 58:32.235,75 11:31.145,9999, ,2110,3,2,1,N,0,0,Y, , , , ,82797, , , ,2,1,1,0,0,0,0,0,0,0,0,1,1,0,0,0,0,0,0,0,0,0,0,0,0,0,0,0,1,0,0,0,0,0,0,1,0,39.9755,-75.1918,2,Philadelphia
 ,7836,2017076136,6,67,67301,2017,6,4,1657,16,1,2,1,4,1, , ,N,1,3,0,3,0,0,2,2,N,N,39 57:48.747,75 14:03.753,1710, ,1657, ,0, ,N, ,3, , , , , ,82800, , , ,2,1,0,0,1,0,0,0,0,0,0,0,0,0,0,0,0,0,0,0,0,0,1,1,0,0,0,0,0,0,0,0,0,0,0,0,0,39.9635,-75.2344, ,Philadelphia
 ,7837,2017067840,6,67,67301,2017,6,5,1100,11,1,1,0,4,1, , ,N,0,0,0,3,0,1,1,2,N, ,39 55:35.544,75 10:38.956,1110, ,1108, ,0, , , ,0, , , , , ,82814, , , ,2,2,0,0,0,0,0,0,0,0,0,0,1,1,0,0,0,0,0,0,0,1,0,0,0,0,0,0,0,0,0,0,0,0,0,8,0,39.9265,-75.1775, ,Philadelphia
 ,7838,2017078816,6,67,67301,2017,7,5,1909,19,4,2,1,4,1, , ,N,1,2,0,3,0,1,3,2,N,N,40 00:03.507,75 08:53.118,1948, ,1948, ,0, ,N, ,3, , , , , ,82821, , , ,2,2,0,0,0,0,0,0,0,0,0,1,1,0,0,0,0,0,0,0,0,0,0,0,0,0,0,0,0,0,0,0,0,0,0,4,0,40.001,-75.1481, ,Philadelphia
 ,7839,2017096411,6,67,67301,2017,8,2,1135,11,1,1,0,4,1, , ,N,1,3,0,3,0,5,5,2,N,N,40 03:57.202,75 10:35.464,1205, ,1135, ,0, ,N, ,3, , , , , ,82837, , , ,2,1,0,1,0,0,0,0,0,0,1,1,5,3,0,0,0,0,0,0,0,1,0,0,0,0,0,0,0,0,0,0,0,0,0,3,1,40.0659,-75.1765, ,Philadelphia
 ,7840,2017093498,6,67,67301,2017,8,3,2046,20,3,1,0,5,6, , ,N,0,0,0,3,0,0,4,3,N, ,39 57:11.145,75 14:11.896,2054, ,2048, ,0, , , ,0, , , , , ,82850, , , ,3,3,0,0,0,0,0,0,0,0,0,0,0,0,0,0,0,0,0,0,0,0,0,0,0,0,0,0,0,0,0,0,0,0,0,0,0,39.9531,-75.2366, ,Philadelphia
 ,7841,2017068059,6,67,67301,2017,6,3,1630,16,1,1,0,4,1, , ,N,1,3,0,3,0,2,2,2,N, ,40 03:00.093,75 05:47.151,1708, ,1643,2,1,4, , ,3,N, , , , ,82855, , , ,2,1,0,0,0,0,1,0,0,0,0,2,2,0,0,0,0,0,0,0,0,1,0,1,0,0,0,0,0,0,0,0,0,0,0,4,0,40.05,-75.0964, ,Philadelphia
 ,7842,2017087777,6,67,67301,2017,8,2,1547,15,1,1,0,1,1, , ,N,0,0,0,3,0,0,2,2,N,N,39 57:30.826,75 10:05.956,1556, ,1551, ,0, , , ,0, , , , , ,82875, , , ,2,0,0,0,0,0,2,0,0,0,0,0,0,0,0,0,0,0,0,0,0,0,0,0,0,0,0,0,0,0,0,0,0,0,0,0,0,39.9586,-75.1683, ,Philadelphia
 ,7843,2017105982,6,67,67301,2017,9,4,806,8,1,1,0,8,1, , ,N,1,2,0,3,0,1,2,2,N, ,40 03:07.696,75 04:04.036,812, ,810, ,0, , , ,3, , , , , ,82891, , , ,1,1,0,0,0,0,0,0,0,0,0,1,1,0,0,0,0,0,0,0,0,0,0,0,0,0,0,0,0,0,0,0,1,0,0,4,0,40.0521,-75.0678, ,Philadelphia
 ,7844,2017067911,6,67,67301,2017,6,3,740,7,1,2,1,4,1, , ,N,2,0,0,3,0,0,3,2,N,N,40 01:32.141,75 12:08.738,750, ,745, ,0, , , ,0, , , , , ,82910, , , ,2,2,0,0,0,0,0,0,0,0,0,0,0,0,0,0,0,0,0,0,0,0,0,0,0,0,0,0,0,0,0,0,0,0,0,0,0,40.0257,-75.2025, ,Philadelphia
 ,7845,2017078770,6,67,67301,2017,6,6,1655,16,1,1,0,8,1, , ,N,1,2,0,3,0,1,2,2,N, ,40 02:22.463,75 02:44.643,1709, ,1708, ,0, , , ,3, , , , , ,82925, , , ,1,1,0,0,0,0,0,0,0,0,0,1,1,0,0,0,0,0,0,0,0,0,0,0,0,0,0,0,0,0,0,0,1,0,0,4,0,40.0395,-75.0458, ,Philadelphia
 ,7846,2017105992,6,67,67301,2017,9,4,930,9,1,1,0,5,1, , ,N,1,2,0,3,0,0,2,2,N,N,40 07:07.975,75 01:04.685,940, ,932, ,0, ,N, ,3, , , , , ,86297, , , ,2,1,0,0,0,0,1,0,0,0,0,0,0,0,0,0,0,0,0,0,2,0,0,0,0,0,0,0,0,0,0,0,0,0,0,0,0,40.1189,-75.018, ,Philadelphia
 ,7847,2017097846,6,67,67301,2017,9,6,1856,18,1,9,0,8,1, , ,N,1,0,0,3,0,1,2,2,N, ,39 59:21.487,75 07:52.507,2030, ,2000, ,0, , , ,0, , , , , ,86304, , , ,1,1,0,0,0,0,0,0,0,0,0,1,1,0,0,0,0,0,0,0,0,0,0,1,0,0,0,0,0,0,0,0,1,0,0,4,0,39.9893,-75.1313, ,Philadelphia
 ,7848,2017127365,6,67,67301,2017,11,2,1450,14,1,1,0,4,1, , ,N,1,2,0,3,0,3,3,3,N,N,40 01:44.360,75 05:21.014,1526, ,1515, ,0, ,N, ,3, , , , , ,86315, , , ,3,1,0,0,0,0,2,0,0,0,0,3,3,0,0,0,0,0,0,0,1,0,0,0,0,0,0,0,0,0,0,0,0,0,0,4,0,40.029,-75.0892, ,Philadelphia
 ,7849,2017060467,6,67,67301,2017,5,3,1837,18,1,1,0,8,1, , ,N,1,0,0,3,0,1,2,2,N,N,39 56:04.271,75 11:23.852,1837, ,1837,2,2,7,N, ,0,Y, , , , ,86323, , , ,1,0,0,0,0,0,1,0,0,0,0,1,1,0,0,0,0,0,0,0,0,0,0,1,0,0,0,0,0,0,0,0,1,0,0,4,0,39.9345,-75.19, ,Philadelphia
 ,7850,2017080316,6,67,67301,2017,8,4,1831,18,1,1,0,5,1, , ,N,0,0,0,3,0,2,4,4,N,N,39 55:42.938,75 11:47.359,1846, ,1835,2,2,4, , ,0,N, , , , ,86339, , , ,4,3,0,0,0,0,1,0,0,0,2,0,2,0,0,0,0,0,0,0,0,0,0,0,0,0,0,0,0,0,0,0,0,0,0,3,0,39.9286,-75.1965, ,Philadelphia
 ,7851,2017088851,6,67,67301,2017,8,7,1655,16,1,1,0,4,1, , ,N,1,2,0,3,0,4,8,4,N,N,40 03:04.296,75 03:58.096,1656, ,1655,2,1,6,N, ,3,N, , , , ,86361, , , ,4,4,0,0,0,0,0,0,0,0,2,2,4,0,0,0,0,0,1,0,1,0,0,0,0,0,0,0,0,0,0,0,0,0,0,3,0,40.0512,-75.0661, ,Philadelphia
 ,7852,2017075234,6,67,67301,2017,7,7,1111,11,1,1,0,1,1, , ,N,0,0,0,3,0,0,3,3,N,N,39 57:34.837,75 10:34.472,1113, ,1113, ,0, , , ,0, , , , , ,86373, , , ,3,2,0,0,0,0,1,0,0,0,0,0,0,0,0,0,0,0,0,0,1,0,0,0,0,0,0,0,0,0,0,0,0,0,0,0,0,39.9597,-75.1762, ,Philadelphia
 ,7853,2017078844,6,67,67301,2017,7,4,1225,12,1,1,0,8,1, , ,N,1,2,0,3,0,1,2,2,N,N,39 54:59.771,75 10:09.201,1250, ,1247, ,0, ,N, ,3, , , , , ,86376, , , ,1,0,0,0,0,0,0,0,0,0,1,0,1,0,0,0,0,0,0,0,0,0,0,0,0,0,0,0,0,0,0,0,1,0,0,3,0,39.9165,-75.1693, ,Philadelphia
 ,7854,2017086942,6,67,67301,2017,1,5,0,0,3,1,0,4,1, , ,N,2,3,0,3,0,1,2,2,N,N,40 02:44.717,75 08:35.375,3, ,2, ,0, ,N, ,3, , , , , ,86378, , , ,2,1,0,0,1,0,0,0,0,0,0,1,1,0,0,0,0,0,0,1,1,0,0,0,0,0,0,0,0,0,0,0,0,0,0,4,0,40.0458,-75.1432, ,Philadelphia
 ,7855,2017086642,6,67,67301,2017,2,5,635,6,1,1,0,4,1, , ,N,1,2,0,3,0,0,2,2,N,N,40 03:31.188,75 02:39.382,655, ,635,2,2,1,N, ,3,N, , , , ,86393, , , ,2,0,0,0,0,0,2,0,0,0,0,0,0,0,0,0,0,0,0,0,0,1,0,0,0,0,0,0,0,0,0,0,0,0,0,0,0,40.0587,-75.0445, ,Philadelphia
 ,7856,2017078702,6,67,67301,2017,7,7,1740,17,1,2,1,1,1, , ,N,1,2,0,3,0,2,2,2,N,N,40 01:59.302,75 06:24.748,1802, ,1749, ,0, ,N, ,3, , , , , ,86395, , , ,2,2,0,0,0,0,0,0,0,0,0,1,2,1,0,0,0,0,0,0,0,0,0,0,0,0,0,0,0,0,0,0,0,0,0,4,0,40.0329,-75.1067, ,Philadelphia
 ,7857,2017081129,6,67,67301,2017,7,5,1653,16,1,1,0,1,1, , ,N,0,8,0,3,0,1,2,2,N,N,40 02:09.407,75 00:58.157,1715, ,1657, ,0, ,N, ,3, , , , , ,86397, , , ,2,2,0,0,0,0,0,0,0,0,1,0,1,0,0,0,0,0,0,0,0,0,0,0,0,0,0,0,0,0,0,0,0,0,0,3,0,40.0359,-75.0162, ,Philadelphia
 ,7858,2017088827,6,67,67301,2017,8,6,1354,13,1,1,1,1,1, , ,N,0,2,6,3,0,0,2,2,N,N,40 06:05.072,75 00:21.434,1411, ,1400,1,1,1,N, ,3,N, , , , ,86411, , , ,2,2,0,0,0,0,0,0,0,0,0,0,0,0,0,0,0,0,0,0,1,0,0,0,0,0,0,0,0,0,0,0,0,0,0,0,0,40.1014,-75.006, ,Philadelphia
 ,7859,2017061149,6,67,67301,2017,6,5,1050,10,1,1,0,5,6, , ,N,0,0,0,3,0,0,1,3,N, ,40 02:06.083,75 01:30.028,1053, ,1053,1,1,4, , ,0,N, , , , ,86419, , , ,3,2,0,0,0,0,1,0,0,0,0,0,0,0,0,0,1,0,0,0,0,0,0,1,0,0,0,0,0,0,0,0,0,0,0,0,0,40.035,-75.025, ,Philadelphia
 ,7860,2017127669,6,67,67301,2017,11,5,907,9,1,1,0,1,1, , ,N,6,0,2,3,0,0,2,2,N,N,40 02:55.073,74 59:54.825,918, ,915, ,0, , , ,0, , , , , ,86453, , , ,2,1,0,0,0,0,1,0,0,0,0,0,0,0,0,0,0,0,0,0,1,0,0,0,0,0,0,0,0,0,0,0,0,0,0,0,0,40.0486,-74.9986, ,Philadelphia
 ,7861,2017122947,6,67,67301,2017,11,2,724,7,1,2,1,5,1, , ,N,0,0,0,3,0,0,2,2,N,N,39 58:57.161,75 12:27.826,802, ,726, ,0, , , ,0, , , , , ,86473, , , ,2,2,0,0,0,0,0,0,0,0,0,0,0,0,0,0,0,0,0,0,0,0,0,0,0,0,0,0,0,0,0,0,0,0,0,0,0,39.9825,-75.2077, ,Philadelphia
 ,7862,2017097807,6,67,67301,2017,9,5,657,6,1,1,0,5,1, , ,N,0,0,0,3,0,1,2,3,N, ,39 56:33.670,75 12:36.340,951, ,945, ,0, , , ,0, , , , , ,86475, , , ,3,3,0,0,0,0,0,0,0,0,0,0,1,1,0,0,0,0,0,0,0,0,0,0,0,0,0,0,0,0,0,0,0,0,0,8,0,39.9427,-75.2101, ,Philadelphia
 ,7863,2017086353,6,67,67301,2017,7,6,2330,23,3,1,0,8,1, , ,N,1,2,0,3,0,1,3,2,N,N,39 58:13.238,75 13:01.830,203, ,159, ,0, ,N, ,3, , , , , ,86495, , , ,1,1,0,0,0,0,0,0,0,0,0,1,1,0,0,0,0,0,0,0,0,0,0,0,0,0,0,0,0,0,0,0,1,0,0,4,0,39.9703,-75.2172, ,Philadelphia
 ,7864,2017073805,6,67,67301,2017,5,6,945,9,1,1,0,1,1, , ,N,1,2,0,3,0,2,3,2,N,N,40 01:21.893,75 05:36.685,0, ,0, ,0, ,N, ,3, , , , , ,89316, , , ,2,1,0,0,0,0,1,0,0,0,2,0,2,0,0,0,0,0,0,0,1,0,0,0,0,0,0,0,0,0,0,0,0,0,0,3,0,40.0227,-75.0935, ,Philadelphia
 ,7865,2017086288,6,67,67301,2017,7,1,616,6,1,1,0,4,1, , ,N,1,2,0,3,0,1,2,2,N,N,40 02:40.890,75 03:16.537,755, ,755,3,1,4,N, ,3,N, , , , ,89328, , , ,2,0,0,0,0,0,1,1,0,0,0,1,1,0,0,0,0,0,0,0,0,0,0,0,0,0,0,0,0,0,0,0,0,0,0,4,0,40.0446,-75.0547, ,Philadelphia
 ,7866,2017117221,6,67,67301,2017,10,6,1645,16,1,1,0,2,1, , ,N,1,2,0,3,0,0,3,3,N,N,40 00:00.792,75 08:31.786,1700, ,1648, ,0, ,N, ,3, , , , , ,89359, , , ,3,2,0,0,0,0,0,1,0,0,0,0,0,0,0,0,0,0,0,0,1,0,0,3,0,0,0,0,0,0,0,0,0,0,0,0,0,40.0002,-75.1422, ,Philadelphia
 ,7867,2017066469,6,67,67301,2017,6,2,723,7,1,1,0,1,1, , ,N,0,0,0,3,0,1,3,2,N,N,40 00:51.866,75 03:20.443,734, ,726, ,0, , , ,0, , , , , ,89366, , , ,2,1,0,0,1,0,0,0,0,0,0,1,1,0,0,0,0,0,0,0,1,0,0,0,0,0,0,0,0,0,0,0,0,0,0,4,0,40.0144,-75.0557, ,Philadelphia
 ,7868,2017072993,6,67,67301,2017,4,1,1400,14,1,1,0,1,1, , ,N,0,2,0,3,0,4,6,3,N,N,40 03:27.100,75 08:58.100,0, ,0, ,0, ,N, ,3, , , , , ,89372, , , ,3,1,0,0,0,0,1,0,0,0,4,0,4,0,0,0,0,0,0,0,1,0,0,0,0,0,0,0,0,0,0,0,0,0,0,3,0,40.0575,-75.1495, ,Philadelphia
 ,7869,2017067838,6,67,67301,2017,6,5,1905,19,1,1,0,4,1, , ,N,1,3,0,3,0,1,2,2,N,N,39 55:27.487,75 09:34.063,1909, ,1909, ,0, , , ,3, , , , , ,89375, , , ,1,0,0,0,0,0,1,0,1,0,0,1,1,0,0,0,0,0,0,0,1,0,0,0,0,0,0,0,0,0,0,0,0,0,0,4,0,39.9243,-75.1595, ,Philadelphia
 ,7870,2017060453,6,67,67301,2017,5,7,430,4,3,1,0,4,1, , ,N,1,2,0,3,0,0,4,3,N,N,40 01:49.919,75 07:05.462,454, ,436,2,1,2,N, ,3,Y, , , , ,89413, , , ,3,3,0,0,0,0,0,0,0,0,0,0,0,0,0,0,0,0,0,0,0,0,0,0,0,0,0,0,0,0,0,0,0,0,0,0,0,40.0305,-75.1182, ,Philadelphia
 ,7871,2017078778,6,67,67301,2017,6,3,1111,11,1,1,0,8,1, , ,N,0,0,0,3,0,1,2,2,N, ,39 58:06.326,75 09:44.775,1112, ,1111, ,0, , , ,0, , , , , ,89422, , , ,1,0,0,1,0,0,0,0,0,0,0,1,1,0,0,0,0,0,0,0,0,0,0,0,0,0,0,0,0,0,0,0,1,0,0,4,1,39.9684,-75.1624, ,Philadelphia
 ,7872,2017086965,6,67,67301,2017,1,2,835,8,1,1,0,7,4, , ,N,0,0,0,3,0,1,1,1,N,N,40 01:03.858,75 10:23.331,904, ,844,1,1,1,N, ,0,N, , , , ,89425, , , ,1,1,0,0,0,0,0,0,0,0,0,1,1,0,0,0,0,0,0,0,0,0,0,0,0,0,0,0,0,0,0,0,0,0,0,4,0,40.0177,-75.1731, ,Philadelphia
 ,7873,2017117235,6,67,67301,2017,10,7,2345,23,3,1,0,8,1, , ,N,0,0,0,3,0,1,2,2,N,N,40 01:34.370,75 13:31.242,2355, ,2350, ,0, ,N, ,0, , , , , ,89447, , , ,1,1,0,0,0,0,0,0,0,0,0,1,1,0,0,0,0,0,0,0,0,0,0,0,0,0,0,0,0,0,0,0,1,0,0,4,0,40.0262,-75.2253, ,Philadelphia
 ,7874,2017078723,6,67,67301,2017,6,2,1825,18,1,1,0,5,6, , ,N,0,0,0,3,0,1,1,3,N, ,39 55:39.322,75 09:20.844,1840, ,1832, ,0, , , ,0, , , , , ,89470, , , ,3,2,0,0,0,0,0,0,0,0,0,1,1,0,0,0,0,0,0,0,0,0,0,0,0,0,0,0,0,0,0,0,0,0,0,4,0,39.9276,-75.1558, ,Philadelphia
 ,7875,2017091165,6,67,67301,2017,8,4,1850,18,1,1,0,6,1, , ,N,0,0,0,3,0,1,2,2,N,N,40 03:27.321,75 05:08.317,1901, ,1856,1,1,5, , ,0,Y, , , , ,89474, , , ,2,0,0,0,0,0,2,0,0,0,0,1,1,0,0,0,0,0,0,0,0,0,0,0,0,0,0,0,0,0,0,0,0,0,0,4,0,40.0576,-75.0856, ,Philadelphia
 ,7876,2017096553,6,67,67301,2017,9,6,1545,15,1,9,8,1,1, , ,N,2,2,0,3,0,1,2,2,N,N,39 57:15.859,75 09:47.045,1140, ,1140, ,0, ,N, ,3, , , , , ,89502, , , ,2,2,0,0,0,0,0,0,0,0,0,0,1,1,0,0,0,0,0,0,0,0,0,1,0,0,0,0,0,0,0,0,0,0,0,8,0,39.9544,-75.1631, ,Philadelphia
 ,7877,2017067739,6,67,67301,2017,5,7,1730,17,1,1,0,6,1, , ,N,3,0,0,3,0,1,3,2,N,N,39 54:50.094,75 14:09.715,1735, ,1730, ,0, ,N, ,0, , , , , ,89520, , , ,2,1,0,0,0,0,0,0,0,0,0,1,1,0,0,0,0,0,0,0,0,0,0,0,0,0,0,0,0,0,0,0,0,0,0,4,0,39.9139,-75.236, ,Philadelphia
 ,7878,2017088743,6,67,67301,2017,8,4,1605,16,1,1,0,4,1, , ,N,1,2,3,3,0,1,2,2,N, ,39 57:31.268,75 10:01.921,1608, ,1606,2,2,2, , ,3,Y, , , , ,89535, , , ,1,1,0,0,0,0,0,0,1,0,0,1,1,0,0,0,0,0,0,0,0,0,0,0,0,0,0,0,0,0,0,0,0,0,0,4,0,39.9587,-75.1672, ,Philadelphia
 ,7879,2017109912,6,67,67301,2017,10,3,720,7,1,1,0,4,1, , ,N,5,2,2,3,0,1,2,2,N,N,39 57:26.357,75 08:38.887,755, ,750, ,0, ,N, ,3, , , , , ,89577, , , ,2,1,0,0,0,0,1,0,0,0,0,1,1,0,0,0,0,0,0,0,1,0,0,0,0,0,0,0,0,0,0,0,0,0,0,4,0,39.9573,-75.1441, ,Philadelphia
 ,7880,2017116097,6,67,67301,2017,10,1,246,2,3,1,0,4,1, , ,N,2,2,0,3,0,2,5,2,N, ,39 58:24.795,75 12:32.059,247, ,247, ,0, , , ,3, , , , , ,89578, , , ,2,2,0,0,0,0,0,0,0,0,0,1,2,1,1,0,0,0,0,0,0,0,0,0,0,0,0,0,0,0,0,0,0,0,0,4,0,39.9736,-75.2089, ,Philadelphia
 ,7881,2017097979,6,67,67301,2017,9,6,9999,99,5,1,0,8,1, , ,N,1,0,0,3,0,1,2,2,N,Y,40 01:13.581,75 11:32.810,1940, ,1938, ,0, ,N, ,0, , , , , ,89581, , , ,1,1,0,0,0,0,0,0,0,0,0,0,1,1,1,0,0,0,0,0,1,0,0,0,0,0,0,0,0,0,0,0,1,0,0,8,0,40.0205,-75.1924, ,Philadelphia
 ,7882,2017060688,6,67,67301,2017,5,6,355,3,3,1,0,8,1, , ,N,0,0,0,3,0,1,2,2,N,N,40 02:11.239,75 04:10.878,357, ,355, ,0, ,N, ,0, , , , , ,79917, , , ,1,1,0,0,0,0,0,0,0,0,0,0,1,1,0,0,0,0,0,0,0,0,0,1,0,0,0,0,0,0,0,0,1,0,0,8,0,40.0365,-75.0697, ,Philadelphia
 ,7883,2017052386,6,67,67301,2017,5,3,2315,23,3,1,0,4,1, , ,N,1,2,0,3,0,1,2,2,N,N,39 57:32.563,75 13:01.179,1900, ,1914, ,0, ,N, ,3, , , , , ,79921, , , ,2,2,0,0,0,0,0,0,0,0,1,0,1,0,1,0,0,0,0,0,0,1,0,0,0,0,0,0,0,0,0,0,0,0,0,3,0,39.959,-75.217, ,Philadelphia
 ,7884,2017116038,6,67,67301,2017,10,2,755,7,1,2,1,8,1, , ,N,0,0,0,3,0,1,3,2,N,Y,40 01:58.475,75 10:51.334,803, ,759, ,0, ,N, ,0, , , , , ,79944, , , ,1,0,0,0,0,0,1,0,0,0,0,0,1,1,0,0,0,0,0,0,0,1,0,0,0,0,0,0,0,0,0,0,1,0,0,8,0,40.0329,-75.1809, ,Philadelphia
 ,7885,2017093516,6,67,67301,2017,8,6,9999,99,3,1,0,6,1, , ,N,1,2,0,3,0,0,5,3,N,N,39 57:51.213,75 11:24.542,10, ,4,3,2,1,N, ,3,Y, , , , ,79980, , , ,3,1,0,0,1,0,0,1,0,0,0,0,0,0,0,0,0,0,0,0,0,0,1,1,0,0,0,0,0,0,0,0,0,0,0,0,0,39.9642,-75.1902, ,Philadelphia
 ,7886,2017116114,6,67,67301,2017,10,1,2200,22,3,1,0,4,1, , ,N,1,2,0,3,0,2,3,2,N, ,40 00:11.036,75 09:51.468,2236, ,2236,9,1,2, , ,3,N, , , , ,79997, , , ,2,1,0,0,0,0,1,0,0,0,0,0,2,2,0,0,0,0,0,0,0,0,0,0,0,0,0,0,0,0,0,0,0,0,0,8,0,40.0031,-75.1643, ,Philadelphia
 ,7887,2017104839,6,67,67301,2017,9,7,2222,22,3,1,0,0,1, , ,N,6,0,2,3,0,1,1,1,N,N,40 00:12.647,75 04:38.645,2245, ,2233,2,1,2, , ,0,N, , , , ,80004, , , ,1,0,1,0,0,0,0,0,0,0,1,0,1,0,0,0,0,0,0,0,0,0,0,0,0,0,0,0,0,0,0,0,0,0,0,3,0,40.0035,-75.0774, ,Philadelphia
 ,7888,2017067906,6,67,67301,2017,6,5,131,1,3,1,0,4,1, , ,N,2,0,0,3,0,4,4,2,N,N,39 59:15.074,75 15:20.610,147, ,132,9,1,1,N, ,0,N, , , , ,80013, , , ,2,2,0,0,0,0,0,0,0,0,0,0,4,4,0,0,0,0,0,0,0,0,0,0,0,0,0,0,0,0,0,0,0,0,0,8,0,39.9875,-75.2557, ,Philadelphia
 ,7889,2017086802,6,67,67301,2017,5,4,723,7,1,9,8,8,1, , ,N,0,0,0,3,0,1,2,2,N, ,39 53:33.783,75 14:26.918,800, ,723, ,0, , , ,0, , , , , ,80046, , , ,1,0,0,0,1,0,0,0,0,0,0,0,1,1,1,0,0,0,0,0,0,0,0,0,0,0,0,0,0,0,0,0,1,0,0,8,0,39.8927,-75.2408, ,Philadelphia
 ,7890,2017097867,6,67,67301,2017,9,4,2133,21,3,2,1,8,1, , ,N,1,2,0,3,0,1,2,2,N,N,39 56:53.473,75 14:00.333,9999, ,9999, ,0, ,N, ,3, , , , , ,80048, , , ,1,1,0,0,0,0,0,0,0,0,0,0,1,1,0,0,0,0,0,0,0,0,0,0,0,0,0,0,0,0,0,0,1,0,0,8,0,39.9482,-75.2334, ,Philadelphia