wz_ln_closure,objectid_1,crn,district,county,municipality,crash_year,crash_month,day_of_week,time_of_day,hour_of_day,illumination,weather,road_condition,collision_type,relation_to_road,work_zone_type,work_zone_loc,work_zone_ind,intersect_type,tcd_type,location_type,urban_rural,fatal_count,injury_count,person_count,total_units,sch_bus_ind,sch_zone_ind,latitude,longitude,arrival_tm,cons_zone_spd_lim,dispatch_tm,est_hrs_closed,lane_closed,ln_close_dir,ntfy_hiwy_maint,spec_juris_cd,tcd_func_cd,tfc_detour_ind,workers_pres,wz_close_detour,wz_flagger,wz_law_offcr_ind,objectid,wz_moving,wz_other,wz_shlder_mdn,vehicle_count,automobile_count,motorcycle_count,bus_count,small_truck_count,heavy_truck_count,suv_count,van_count,bicycle_count,maj_inj_count,mod_inj_count,min_inj_count,tot_inj_count,unk_inj_deg_count,unk_inj_per_count,driver_count_16yr,driver_count_17yr,driver_count_18yr,driver_count_19yr,driver_count_20yr,driver_count_50_64yr,driver_count_65_74yr,driver_count_75plus,unbelted_occ_count,unb_death_count,unb_maj_inj_count,belted_death_count,belted_maj_inj_count,mcycle_death_count,mcycle_maj_inj_count,bicycle_death_count,bicycle_maj_inj_count,ped_count,ped_death_count,ped_maj_inj_count,max_severity_level,comm_veh_count,dec_lat,dec_long,rdwy_surf_type_cd,county_name
 ,7955,2017120579,6,67,67301,2017,10,6,900,9,1,1,0,4,1, , ,N,1,2,0,3,0,0,3,2,N, ,40 05:12.438,74 58:18.635,915, ,911, ,0, , , ,2, , , , , ,80145, , , ,2,0,0,0,1,0,1,0,0,0,0,0,0,0,0,0,0,0,0,0,1,0,0,0,0,0,0,0,0,0,0,0,0,0,0,0,0,40.0868,-74.9718, ,Philadelphia
 ,7956,2017106006,6,67,67301,2017,9,4,1615,16,1,1,0,4,1, , ,N,2,0,7,3,0,0,2,2,N, ,39 56:39.357,75 08:49.145,1650, ,1622, ,0, , , ,0, , , , , ,80148, , , ,2,2,0,0,0,0,0,0,0,0,0,0,0,0,0,0,0,0,0,0,2,0,0,0,0,0,0,0,0,0,0,0,0,0,0,0,0,39.9443,-75.147, ,Philadelphia
 ,7957,2017115917,6,67,67301,2017,10,1,520,5,3,1,0,5,6, , ,N,0,0,0,3,0,0,2,4,N, ,40 01:16.193,75 06:47.402,523, ,521,2,2,1, , ,0,Y, , , , ,80149, , , ,4,2,0,0,0,0,1,0,0,0,0,0,0,0,1,0,0,0,0,0,0,0,0,0,0,0,0,0,0,0,0,0,0,0,0,9,0,40.0212,-75.1132, ,Philadelphia
 ,7958,2017103828,6,67,67301,2017,10,1,1310,13,1,2,1,7,4, , ,N,0,0,2,3,0,0,1,1,N,N,39 54:44.600,75 10:12.200,1317, ,1317, ,0, ,N, ,0, , , , , ,80151, , , ,1,1,0,0,0,0,0,0,0,0,0,0,0,0,0,0,0,0,0,0,0,0,0,0,0,0,0,0,0,0,0,0,0,0,0,0,0,39.9124,-75.1701, ,Philadelphia
 ,7959,2017086662,6,46,46102,2017,3,1,9999,99,1,1,0,4,1, , ,N,2,2,0,3,0,1,2,2,N,N,40 04:37.010,75 09:48.284,937, ,937, ,0, ,N, ,3, , , , , ,80165, , , ,2,2,0,0,0,0,0,0,0,0,0,0,1,1,1,0,0,0,0,0,0,0,1,0,0,0,0,0,0,0,0,0,0,0,0,8,0,40.0769,-75.1634, ,Montgomery
 ,7960,2017086106,6,67,67301,2017,8,3,1640,16,1,8,0,8,1, , ,N,0,0,0,3,0,1,2,2,N, ,39 59:10.060,75 14:47.548,1650, ,1646,2,2,3, , ,0,N, , , , ,80167, , , ,1,1,0,0,0,0,0,0,0,0,0,1,1,0,0,0,0,0,0,0,1,0,0,0,0,0,0,0,0,0,0,0,1,0,0,4,0,39.9861,-75.2465, ,Philadelphia
 ,7961,2017109885,6,67,67301,2017,9,7,1530,15,1,1,0,1,1, , ,N,1,2,0,3,0,0,2,2,N,N,40 01:47.643,75 05:16.067,1535, ,1533, ,0, ,N, ,3, , , , , ,80188, , , ,2,0,0,0,1,0,1,0,0,0,0,0,0,0,0,0,0,0,0,0,0,0,0,0,0,0,0,0,0,0,0,0,0,0,0,0,0,40.0298,-75.088, ,Philadelphia
 ,7962,2017101838,6,67,67301,2017,9,2,831,8,1,1,0,8,1, , ,N,0,0,0,3,0,1,3,2,N, ,40 01:49.588,75 03:16.775,834, ,832, ,0, , , ,0, , , , , ,80195, , , ,1,1,0,0,0,0,0,0,0,0,0,1,1,0,0,0,0,0,0,0,0,1,0,0,0,0,0,0,0,0,0,0,1,0,0,4,0,40.0304,-75.0547, ,Philadelphia
 ,7963,2017055562,6,67,67301,2017,4,4,1208,12,1,2,1,1,6, , ,N,0,0,0,3,0,1,2,2,N, ,40 05:50.528,75 03:04.510,1217, ,1208,1,1,6, , ,0,N, , , , ,80217, , , ,2,2,0,0,0,0,0,0,0,0,0,0,1,1,0,0,0,0,0,0,0,0,1,0,0,0,0,0,0,0,0,0,0,0,0,8,0,40.0974,-75.0513, ,Philadelphia
 ,7964,2017078743,6,67,67301,2017,6,3,731,7,1,1,0,4,1, , ,N,2,3,0,3,0,2,2,2,N, ,40 01:32.141,75 12:08.738,738, ,734, ,0, , , ,3, , , , , ,80230, , , ,2,2,0,0,0,0,0,0,0,0,0,0,2,2,0,0,0,0,0,0,0,0,0,0,0,0,0,0,0,0,0,0,0,0,0,8,0,40.0257,-75.2025, ,Philadelphia
 ,7965,2017088987,6,67,67301,2017,7,1,2135,21,3,1,0,4,1, , ,N,1,2,0,3,0,1,4,2,N, ,40 04:27.147,75 02:05.032,2204, ,2141,2,2,6, , ,3,Y, , , , ,80237, , , ,2,1,0,0,0,0,0,1,0,0,0,0,1,1,0,0,0,0,0,0,0,0,0,2,0,0,0,0,0,0,0,0,0,0,0,8,0,40.0743,-75.0348, ,Philadelphia
 ,7966,2017091737,6,67,67301,2017,8,5,2,0,3,1,0,2,6, , ,N,0,0,0,3,0,1,1,3,N,N,39 56:51.976,75 13:32.772,5, ,3,3,2,6,N, ,0,Y, , , , ,80249, , , ,2,1,0,0,0,0,1,0,0,0,0,0,1,1,0,0,0,0,0,0,0,0,0,0,0,0,0,0,0,0,0,0,0,0,0,8,0,39.9478,-75.2258, ,Philadelphia
 ,7967,2017068190,6,67,67301,2017,6,2,1117,11,1,1,0,1,1, , ,N,0,0,0,3,0,1,2,2,N,N,39 58:34.624,75 11:45.061,1144, ,1144, ,0, , , ,0, , , , , ,80253, , , ,2,1,0,0,0,0,1,0,0,0,1,0,1,0,0,0,0,0,0,0,1,0,0,0,0,0,0,0,0,0,0,0,0,0,0,3,0,39.9756,-75.1949, ,Philadelphia
 ,7968,2017067946,6,67,67301,2017,6,5,2100,21,3,1,0,4,1, , ,N,1,3,0,3,0,1,3,2,N,N,40 00:02.702,75 08:36.116,1208, ,1204,4,1,4,N, ,3,N, , , , ,80259, , , ,2,2,0,0,0,0,0,0,0,0,0,1,1,0,0,0,0,0,0,0,0,0,0,1,0,0,0,0,0,0,0,0,0,0,0,4,0,40.0008,-75.1434, ,Philadelphia
 ,7969,2017070970,6,67,67301,2017,1,2,850,8,1,1,0,3,1, , ,N,0,0,0,3,0,1,2,2,N,N,39 58:38.975,75 13:35.482,0, ,0, ,0, ,N, ,0, , , , , ,80260, , , ,2,0,0,0,0,0,2,0,0,0,0,0,1,1,0,0,0,0,0,0,2,0,0,0,0,0,0,0,0,0,0,0,0,0,0,8,0,39.9775,-75.2265, ,Philadelphia
 ,7970,2017070498,6,67,67301,2017,6,3,1600,16,1,1,0,5,1, , ,N,0,0,0,3,0,1,2,2,N,N,39 59:33.486,75 08:53.113,1625, ,1620, ,0, , , ,0, , , , , ,80270, , , ,1,1,0,0,0,0,0,0,1,0,0,1,1,0,0,0,0,0,0,0,0,1,0,1,0,0,0,0,0,0,0,0,0,0,0,4,0,39.9926,-75.1481, ,Philadelphia
 ,7971,2017078808,6,67,67301,2017,6,4,1610,16,1,1,0,4,1, , ,N,1,3,0,3,0,1,2,2,N,N,39 56:49.776,75 14:16.112,1630, ,1625, ,0, ,N, ,3, , , , , ,80279, , , ,2,1,0,0,0,0,1,0,0,0,0,1,1,0,0,0,0,0,0,0,0,0,0,1,0,0,0,0,0,0,0,0,0,0,0,4,0,39.9472,-75.2378, ,Philadelphia
 ,7972,2017088761,6,67,67301,2017,8,1,255,2,3,1,0,5,6, , ,N,0,0,0,3,0,0,1,5,N,N,39 55:41.755,75 09:39.589,321, ,323,2,2,3,N, ,0,Y, , , , ,83256, , , ,5,5,0,0,0,0,0,0,0,0,0,0,0,0,0,0,0,0,0,0,0,0,0,0,0,0,0,0,0,0,0,0,0,0,0,0,0,39.9283,-75.161, ,Philadelphia
 ,7973,2017088838,6,67,67301,2017,8,7,124,1,3,1,0,7,4, , ,N,1,2,0,3,0,1,1,1,N,N,40 03:14.144,75 09:18.797,137, ,128, ,0, ,N, ,3, , , , , ,83272, , , ,1,1,0,0,0,0,0,0,0,0,0,1,1,0,0,0,0,0,0,0,0,0,0,0,0,0,0,0,0,0,0,0,0,0,0,4,0,40.0539,-75.1552, ,Philadelphia
 ,7974,2017067782,6,67,67301,2017,5,7,1700,17,1,9,8,8,1, , ,N,1,2,0,3,0,1,2,2,N, ,40 00:46.713,75 07:09.797,1910, ,1910, ,0, , , ,3, , , , , ,83296, , , ,1,1,0,0,0,0,0,0,0,0,0,1,1,0,1,0,0,0,0,0,0,0,0,0,0,0,0,0,0,0,0,0,1,0,0,4,0,40.013,-75.1194, ,Philadelphia
 ,7975,2017068202,6,67,67301,2017,6,2,229,2,3,1,0,1,1, , ,N,0,0,0,3,0,2,3,2,N,N,39 57:34.830,75 10:34.421,236, ,231,1,1,4, , ,0,N, , , , ,83310, , , ,2,0,1,0,0,0,1,0,0,0,2,0,2,0,0,0,0,0,0,0,0,0,0,0,0,0,0,0,0,0,0,0,0,0,0,3,0,39.9597,-75.1762, ,Philadelphia
 ,7976,2017116242,6,67,67301,2017,10,2,1850,18,3,1,0,1,1, , ,N,0,2,0,3,0,0,2,2,N, ,40 03:28.507,75 10:27.901,1902, ,1902, ,0, , , ,3, , , , , ,83318, , , ,2,2,0,0,0,0,0,0,0,0,0,0,0,0,0,0,0,0,0,0,0,0,1,0,0,0,0,0,0,0,0,0,0,0,0,0,0,40.0579,-75.1744, ,Philadelphia
 ,7977,2017093583,6,67,67301,2017,8,1,1610,16,3,1,0,4,1, , ,N,1,2,0,3,0,1,2,2,N,N,40 05:07.441,75 02:14.475,1620, ,1610,1,1,6, , ,3,Y, , , , ,83325, , , ,2,1,0,0,1,0,0,0,0,0,0,1,1,0,0,0,0,0,0,0,0,0,0,0,0,0,0,0,0,0,0,0,0,0,0,4,0,40.0854,-75.0374, ,Philadelphia
 ,7978,2017091765,6,67,67301,2017,8,3,2315,23,3,1,0,7,4, , ,N,0,0,0,3,0,0,1,1,N,N,40 03:40.305,75 03:06.840,2323, ,2318, ,0, ,N, ,0, , , , , ,83326, , , ,1,1,0,0,0,0,0,0,0,0,0,0,0,0,0,0,0,0,0,0,0,0,0,0,0,0,0,0,0,0,0,0,0,0,0,0,0,40.0612,-75.0519, ,Philadelphia
 ,7979,2017116048,6,67,67301,2017,10,5,1550,15,1,1,0,8,1, , ,N,2,0,0,3,0,1,2,2,N,N,39 59:53.829,75 07:52.888,2020, ,2020, ,0, ,N, ,0, , , , , ,83348, , , ,1,1,0,0,0,0,0,0,0,0,0,1,1,0,1,0,0,0,0,0,0,0,0,0,0,0,0,0,0,0,0,0,1,0,0,4,0,39.9983,-75.1314, ,Philadelphia
 ,7980,2017067727,6,67,67301,2017,5,1,1740,17,1,1,0,8,1, , ,N,1,2,0,3,0,1,2,2,N,N,40 02:17.896,75 04:31.313,1755, ,1745, ,0, ,N, ,3, , , , , ,83349, , , ,1,1,0,0,0,0,0,0,0,0,0,1,1,0,0,0,0,0,0,0,0,0,0,1,0,0,0,0,0,0,0,0,1,0,0,4,0,40.0383,-75.0754, ,Philadelphia
 ,7981,2017076311,6,67,67301,2017,6,6,255,2,3,1,0,1,1, , ,N,1,2,0,3,0,1,3,3,N,N,39 56:13.826,75 09:41.371,255, ,255, ,0, ,N, ,3, , , , , ,83352, , , ,3,1,0,0,1,0,1,0,0,0,0,1,1,0,0,0,0,0,0,1,0,0,0,0,0,0,0,0,0,0,0,0,0,0,0,4,0,39.9372,-75.1615, ,Philadelphia
 ,7982,2017086683,6,67,67301,2017,3,1,1400,14,1,1,0,1,1, , ,N,0,0,0,3,0,1,3,3,N, ,39 59:46.529,75 10:21.048,1535, ,1530, ,0, ,N, ,0, , , , , ,83367, , , ,3,2,0,0,0,0,0,1,0,0,0,1,1,0,1,0,0,0,0,0,0,0,0,0,0,0,0,0,0,0,0,0,0,0,0,4,0,39.9963,-75.1725, ,Philadelphia
 ,7983,2017117258,6,67,67301,2017,10,1,1300,13,1,1,1,8,1, , ,N,0,0,0,3,0,1,2,2,N,N,40 00:34.083,75 11:43.482,1342, ,1325, ,0, , , ,0, , , , , ,83369, , , ,1,1,0,0,0,0,0,0,0,0,1,0,1,0,0,0,0,0,0,0,0,0,0,0,0,0,0,0,0,0,0,0,1,0,0,3,0,40.0095,-75.1954, ,Philadelphia
 ,7984,2017107355,6,67,67301,2017,10,2,1500,15,1,1,0,5,1, , ,N,2,2,0,3,0,1,3,2,N,N,39 57:11.329,75 11:41.217,1505, ,1500, ,0, ,N, ,3, , , , , ,83371, , , ,2,1,0,0,0,0,0,1,0,0,1,0,1,0,0,0,0,0,0,0,0,0,0,0,0,0,0,0,0,0,0,0,0,0,0,3,0,39.9531,-75.1947, ,Philadelphia
 ,7985,2017086735,6,67,67301,2017,3,7,1830,18,1,1,0,8,1, , ,N,0,0,0,3,0,1,2,2,N,N,39 57:49.500,75 13:22.864,1838, ,1833, ,0, ,N, ,0, , , , , ,83372, , , ,1,1,0,0,0,0,0,0,0,0,0,1,1,0,0,0,0,0,0,0,0,0,0,0,0,0,0,0,0,0,0,0,1,0,0,4,0,39.9638,-75.223, ,Philadelphia
 ,7986,2017096437,6,67,67301,2017,8,4,230,2,3,1,0,8,1, , ,N,0,0,0,3,0,1,2,2,N,N,40 01:03.288,75 08:04.333,345, ,342, ,0, ,N, ,0, , , , , ,83385, , , ,1,1,0,0,0,0,0,0,0,0,0,0,1,1,0,0,0,0,0,0,0,0,0,1,0,0,0,0,0,0,0,0,1,0,0,8,0,40.0176,-75.1345, ,Philadelphia
 ,7987,2017070412,6,67,67301,2017,6,6,1446,14,1,1,0,8,1, , ,N,0,0,0,3,0,1,2,2,N,N,40 01:31.564,75 07:36.195,1730, ,1654, ,0, ,N, ,0, , , , , ,83402, , , ,1,0,0,1,0,0,0,0,0,0,0,1,1,0,0,0,0,0,0,0,0,0,0,0,0,0,0,0,0,0,0,0,1,0,0,4,1,40.0254,-75.1267, ,Philadelphia
 ,7988,2017086242,6,67,67301,2017,7,3,730,7,1,1,0,4,1, , ,N,1,2,0,3,0,0,2,2,N,N,39 59:34.678,75 13:03.326,802, ,745, ,0, ,N, ,3, , , , , ,83403, , , ,2,1,0,0,0,0,1,0,0,0,0,0,0,0,0,0,0,0,0,0,0,0,0,0,0,0,0,0,0,0,0,0,0,0,0,0,0,39.993,-75.2176, ,Philadelphia
 ,7989,2017101854,6,67,67301,2017,9,6,1830,18,1,1,0,4,1, , ,N,1,3,0,3,0,1,2,2,N, ,39 56:29.774,75 10:21.075,1944, ,1938, ,0, , , ,3, , , , , ,83415, , , ,1,1,0,0,0,0,0,0,1,0,0,0,1,1,1,0,0,0,0,0,0,0,0,1,0,0,0,0,0,0,0,0,0,0,0,8,0,39.9416,-75.1725, ,Philadelphia
 ,7990,2017070406,6,67,67301,2017,6,6,2307,23,3,1,0,4,1, , ,N,1,2,0,3,0,2,2,2,N,N,40 04:38.684,75 10:31.865,2335, ,2319,1,1,4,N, ,3,N, , , , ,86726, , , ,2,2,0,0,0,0,0,0,0,0,0,0,2,2,0,0,0,0,0,0,0,0,0,0,0,0,0,0,0,0,0,0,0,0,0,8,0,40.0774,-75.1755, ,Philadelphia
 ,7991,2017093623,6,67,67301,2017,6,5,1618,16,3,1,0,8,1, , ,N,1,2,0,3,0,1,2,2,N, ,39 59:07.285,75 09:40.982,1202, ,1300, ,0, , , ,3, , , , , ,86734, , , ,1,1,0,0,0,0,0,0,0,1,0,0,1,0,1,0,0,0,0,0,0,0,0,0,0,0,0,0,0,0,0,0,1,0,1,2,0,39.9854,-75.1614, ,Philadelphia
 ,7992,2017105849,6,67,67301,2017,9,4,1534,15,1,1,0,8,1, , ,N,1,2,0,3,0,1,2,2,N,Y,39 58:53.173,75 14:21.677,1535, ,1535, ,0, ,N, ,3, , , , , ,86745, , , ,1,1,0,0,0,0,0,0,0,0,0,1,1,0,0,0,0,0,0,0,0,0,0,0,0,0,0,0,0,0,0,0,1,0,0,4,0,39.9814,-75.2394, ,Philadelphia
 ,7993,2017060618,6,67,67301,2017,5,4,257,2,3,1,1,7,4, , ,N,2,3,0,3,0,1,2,1,N, ,40 02:24.576,75 04:55.610,259, ,259, ,0, , , ,3, , , , , ,86760, , , ,1,0,0,0,0,0,1,0,0,0,0,0,1,1,0,0,0,0,0,0,0,0,0,1,0,0,0,0,0,0,0,0,0,0,0,8,0,40.0402,-75.0821, ,Philadelphia
 ,7994,2017073332,6,67,67301,2017,4,1,2015,20,3,1,0,1,1, , ,N,1,2,0,3,0,3,6,2,N,N,39 55:16.549,75 11:37.676,0, ,0, ,0, ,N, ,3, , , , , ,86765, , , ,2,2,0,0,0,0,0,0,0,0,2,1,3,0,2,0,0,0,0,0,1,0,0,0,0,0,0,0,0,0,0,0,0,0,0,3,0,39.9213,-75.1938, ,Philadelphia
 ,7995,2017075392,6,67,67301,2017,7,2,1725,17,1,1,0,8,1, , ,N,0,4,0,3,0,1,2,2,N,N,39 57:23.074,75 11:21.556,1735, ,1733, ,0, ,N, ,3, , , , , ,86788, , , ,1,1,0,0,0,0,0,0,0,0,1,0,1,0,0,0,0,0,0,0,0,0,0,1,0,0,0,0,0,0,0,0,1,0,0,3,0,39.9564,-75.1893, ,Philadelphia
 ,7996,2017088744,6,67,67301,2017,8,4,1220,12,1,1,0,4,1, , ,N,1,2,0,3,0,6,8,2,N,N,39 57:47.412,75 12:08.479,1225, ,1220, ,0, ,N, ,3, , , , , ,86793, , , ,2,0,0,1,0,0,0,0,0,0,0,6,6,0,0,0,0,0,0,0,1,0,0,0,0,0,0,0,0,0,0,0,0,0,0,4,1,39.9632,-75.2024, ,Philadelphia
 ,7997,2017086112,6,67,67301,2017,7,5,330,3,3,1,0,5,6, , ,N,0,0,0,3,0,0,3,4,N,N,39 58:22.775,75 14:42.122,445, ,420,4,1,1,N, ,0,N, , , , ,86794, , , ,4,2,0,0,0,0,2,0,0,0,0,0,0,0,3,0,0,0,0,0,0,0,0,0,0,0,0,0,0,0,0,0,0,0,0,9,0,39.973,-75.245, ,Philadelphia
 ,7998,2017076202,6,67,67301,2017,6,2,813,8,1,1,0,1,1, , ,N,1,2,0,3,0,1,2,2,N,N,39 55:25.636,75 14:12.789,818, ,815, ,0, ,N, ,3, , , , , ,86818, , , ,2,1,0,0,0,0,1,0,0,0,0,0,1,1,0,0,0,0,0,0,0,0,0,1,0,0,0,0,0,0,0,0,0,0,0,8,0,39.9238,-75.2369, ,Philadelphia
 ,7999,2017088861,6,67,67301,2017,8,4,850,8,1,1,0,4,1, , ,N,1,2,0,3,0,0,2,2,N,N,39 58:18.694,75 14:41.637,905, ,900, ,0, ,N, ,3, , , , , ,86828, , , ,2,2,0,0,0,0,0,0,0,0,0,0,0,0,0,0,0,0,0,0,0,0,0,0,0,0,0,0,0,0,0,0,0,0,0,0,0,39.9719,-75.2448, ,Philadelphia
 ,8000,2017101836,6,67,67301,2017,9,3,1702,17,1,1,0,5,1, , ,N,1,2,0,3,0,3,4,2,Y, ,40 01:13.197,75 04:49.613,1725, ,1715, ,0, , , ,3, , , , , ,86840, , , ,2,1,0,1,0,0,0,0,0,0,0,0,3,3,0,0,0,0,0,0,0,0,0,0,0,0,0,0,0,0,0,0,0,0,0,8,1,40.0203,-75.0804, ,Philadelphia
 ,8001,2017068007,6,67,67301,2017,6,5,2331,23,3,1,0,8,1, , ,N,1,2,0,3,0,1,2,2,N,N,40 02:09.477,75 02:33.014,2350, ,2345, ,0, ,N, ,3, , , , , ,86855, , , ,1,0,0,0,0,0,1,0,0,0,1,0,1,0,0,0,0,0,0,0,1,0,0,0,0,0,0,0,0,0,0,0,1,0,0,3,0,40.0359,-75.0424, ,Philadelphia
 ,8002,2017076204,6,67,67301,2017,6,3,1310,13,1,1,0,1,1, , ,N,0,0,0,3,0,1,2,2,N,N,40 00:37.307,75 11:51.733,1320, ,1310, ,0, ,N, ,0, , , , , ,86861, , , ,2,0,0,0,0,1,0,1,0,0,0,0,1,1,0,0,0,0,0,1,0,0,0,1,0,0,0,0,0,0,0,0,0,0,0,8,1,40.0104,-75.1977, ,Philadelphia
 ,8003,2017086667,6,67,67301,2017,3,7,1800,18,4,1,0,4,1, , ,N,2,3,2,3,0,2,2,2,N,N,39 53:34.421,75 14:07.898,1820, ,1812, ,0, ,N, ,3, , , , , ,86864, , , ,2,1,0,0,0,0,1,0,0,0,0,2,2,0,0,0,0,0,0,0,0,0,0,0,0,0,0,0,0,0,0,0,0,0,0,4,0,39.8932,-75.236, ,Philadelphia
N,8004,2017083645,6,67,67301,2017,2,1,1647,16,1,1,0,1,1,1,4,Y,0,0,0,3,0,1,6,3,N,N,39 58:01.643,75 08:01.721,1659,45,1651, ,0, , , ,0, ,N,N,N,N,86865,Y,N,Y,3,2,0,0,0,0,1,0,0,0,1,0,1,0,0,0,0,0,0,0,0,0,0,0,0,0,0,0,0,0,0,0,0,0,0,3,0,39.9671,-75.1338, ,Philadelphia
 ,8005,2017093650,6,67,67301,2017,8,4,1510,15,1,1,0,4,1, , ,N,1,2,0,3,0,5,5,2,N,N,40 01:04.807,75 08:57.222,1514, ,1513,1,1,2,N, ,3,N, , , , ,86896, , , ,2,0,0,0,0,0,2,0,0,2,0,0,5,3,0,0,0,0,0,0,1,0,0,0,0,0,0,0,0,0,0,0,0,0,0,2,0,40.0179,-75.1493, ,Philadelphia
 ,8006,2017067696,6,67,67301,2017,5,1,845,8,1,1,0,5,1, , ,N,0,2,0,3,0,1,2,2,N,N,39 56:35.066,75 09:56.447,858, ,845, ,0, ,N, ,3, , , , , ,86902, , , ,2,1,0,0,0,0,0,1,0,0,0,1,1,0,0,0,0,0,0,0,0,0,0,0,0,0,0,0,0,0,0,0,0,0,0,4,0,39.9431,-75.1657, ,Philadelphia
 ,8007,2017116055,6,67,67301,2017,10,7,30,0,3,1,0,1,1, , ,N,0,0,0,3,0,1,2,4,N,N,40 03:01.187,75 08:52.517,54, ,50, ,0, ,N, ,0, , , , , ,86920, , , ,4,1,0,0,0,0,0,3,0,0,0,0,1,1,0,0,0,0,0,0,1,0,0,1,0,0,0,0,0,0,0,0,0,0,0,8,0,40.0503,-75.1479, ,Philadelphia
 ,8008,2017086933,6,67,67301,2017,2,4,2101,21,3,1,0,1,6, , ,N,0,0,0,3,0,1,2,5,N,N,39 56:29.821,75 09:49.759,2101, ,2101, ,0, , , ,0, , , , , ,89714, , , ,5,3,0,0,0,0,2,0,0,1,0,0,1,0,0,0,0,0,0,0,0,0,0,1,0,0,0,0,0,0,0,0,0,0,0,2,0,39.9416,-75.1638, ,Philadelphia
 ,8009,2017078756,6,67,67301,2017,6,2,749,7,1,1,0,6,1, , ,N,0,0,0,3,0,1,3,3,N,N,40 01:12.155,75 07:35.791,749, ,749, ,0, ,N, ,0, , , , , ,89721, , , ,3,2,0,0,1,0,0,0,0,0,0,1,1,0,1,0,0,0,0,0,0,0,0,0,0,0,0,0,0,0,0,0,0,0,0,4,0,40.02,-75.1266, ,Philadelphia
 ,8010,2017086180,6,67,67301,2017,7,5,850,8,1,1,0,4,1, , ,N,1,3,0,3,0,1,2,2,N,N,39 58:09.267,75 12:20.905,854, ,853, ,0, , , ,3, , , , , ,89738, , , ,2,2,0,0,0,0,0,0,0,0,0,1,1,0,1,0,0,0,1,0,0,0,0,0,0,0,0,0,0,0,0,0,0,0,0,4,0,39.9692,-75.2058, ,Philadelphia
 ,8011,2017067833,6,67,67301,2017,6,1,2115,21,3,1,0,4,1, , ,N,1,2,0,3,0,1,6,2,N, ,40 05:09.739,75 12:42.976,2130, ,2120,2,2,7, , ,3,Y, , , , ,89756, , , ,2,1,0,0,0,0,1,0,0,0,0,1,1,0,5,0,0,0,0,0,0,0,0,0,0,0,0,0,0,0,0,0,0,0,0,4,0,40.0861,-75.2119, ,Philadelphia
N,8012,2017079806,6,67,67301,2017,8,4,1546,15,1,1,0,7,2,1,4,Y,7,0,2,3,0,0,1,1,N,N,39 59:50.669,75 04:55.143,1620,45,1556, ,0, , , ,0, ,N,N,N,N,89773,Y,N,Y,1,1,0,0,0,0,0,0,0,0,0,0,0,0,0,0,0,0,1,0,0,0,0,0,0,0,0,0,0,0,0,0,0,0,0,0,0,39.9974,-75.082, ,Philadelphia
 ,8013,2017079601,6,67,67301,2017,8,6,1300,13,1,1,0,8,1, , ,N,1,0,0,3,0,1,2,2,N,N,39 57:17.539,75 12:08.766,1305, ,1305, ,0, ,N, ,0, , , , , ,89779, , , ,1,0,0,0,0,0,0,1,0,0,1,0,1,0,0,0,0,0,0,0,1,0,0,1,0,0,0,0,0,0,0,0,1,0,0,3,0,39.9549,-75.2024, ,Philadelphia
 ,8014,2017088738,6,67,67301,2017,8,6,2045,20,3,1,0,3,6, , ,N,0,0,0,3,0,2,3,4,N,N,39 56:56.053,75 10:03.736,2059, ,2057,2,2,1, , ,0,Y, , , , ,89793, , , ,4,2,0,0,0,0,2,0,0,0,1,1,2,0,0,0,0,0,0,0,1,1,0,2,0,0,0,0,0,0,0,0,0,0,0,3,0,39.9489,-75.1677, ,Philadelphia
 ,8015,2017076290,6,67,67301,2017,6,2,1933,19,1,2,1,4,1, , ,N,1,2,0,3,0,1,5,2,N,N,40 03:19.147,75 04:24.059,1940, ,1935,3,2,3, , ,3,Y, , , , ,89796, , , ,2,1,0,0,0,0,1,0,0,0,0,0,1,1,0,0,0,1,0,1,0,0,0,0,0,0,0,0,0,0,0,0,0,0,0,8,0,40.0553,-75.0733, ,Philadelphia
 ,8016,2017070394,6,67,67301,2017,6,3,1226,12,1,1,0,4,1, , ,N,2,3,7,3,0,1,6,3,N, ,40 05:27.290,75 02:28.042,1232, ,1226,1,1,2, , ,3,N, , , , ,89800, , , ,3,0,0,0,0,0,2,1,0,0,1,0,1,0,0,0,0,0,0,0,0,0,1,0,0,0,0,0,0,0,0,0,0,0,0,3,0,40.0909,-75.0411, ,Philadelphia
 ,8017,2017086808,6,67,67301,2017,4,4,2125,21,2,2,1,7,4, , ,N,0,0,0,3,0,1,2,2,N, ,40 01:39.258,75 11:27.385,2134, ,2130,2,2,2, , ,0,Y, , , , ,89820, , , ,2,0,0,0,0,0,2,0,0,0,0,1,1,0,0,0,0,0,0,0,0,0,0,0,0,0,0,0,0,0,0,0,0,0,0,4,0,40.0276,-75.1909, ,Philadelphia
 ,8018,2017070487,6,67,67301,2017,6,2,2152,21,3,1,0,4,1, , ,N,1,2,0,3,0,2,3,2,N,N,40 03:06.267,75 09:10.785,2152, ,2152, ,0, ,N, ,3, , , , , ,89822, , , ,2,1,0,0,0,0,1,0,0,0,0,0,2,2,0,0,0,0,0,0,0,1,0,0,0,0,0,0,0,0,0,0,0,0,0,8,0,40.0517,-75.153, ,Philadelphia
 ,8019,2017051876,6,67,67301,2017,4,4,411,4,3,2,7,7,2, , ,N,6,0,2,3,0,1,1,1,N,N,39 56:26.994,75 08:36.622,424, ,412, ,0, , , ,0, , , , , ,89842, , , ,1,1,0,0,0,0,0,0,0,0,1,0,1,0,0,0,0,0,0,0,0,0,0,0,0,0,0,0,0,0,0,0,0,0,0,3,0,39.9408,-75.1435, ,Philadelphia