wz_ln_closure,objectid_1,crn,district,county,municipality,crash_year,crash_month,day_of_week,time_of_day,hour_of_day,illumination,weather,road_condition,collision_type,relation_to_road,work_zone_type,work_zone_loc,work_zone_ind,intersect_type,tcd_type,location_type,urban_rural,fatal_count,injury_count,person_count,total_units,sch_bus_ind,sch_zone_ind,latitude,longitude,arrival_tm,cons_zone_spd_lim,dispatch_tm,est_hrs_closed,lane_closed,ln_close_dir,ntfy_hiwy_maint,spec_juris_cd,tcd_func_cd,tfc_detour_ind,workers_pres,wz_close_detour,wz_flagger,wz_law_offcr_ind,objectid,wz_moving,wz_other,wz_shlder_mdn,vehicle_count,automobile_count,motorcycle_count,bus_count,small_truck_count,heavy_truck_count,suv_count,van_count,bicycle_count,maj_inj_count,mod_inj_count,min_inj_count,tot_inj_count,unk_inj_deg_count,unk_inj_per_count,driver_count_16yr,driver_count_17yr,driver_count_18yr,driver_count_19yr,driver_count_20yr,driver_count_50_64yr,driver_count_65_74yr,driver_count_75plus,unbelted_occ_count,unb_death_count,unb_maj_inj_count,belted_death_count,belted_maj_inj_count,mcycle_death_count,mcycle_maj_inj_count,bicycle_death_count,bicycle_maj_inj_count,ped_count,ped_death_count,ped_maj_inj_count,max_severity_level,comm_veh_count,dec_lat,dec_long,rdwy_surf_type_cd,county_name
 ,8084,2017109847,6,67,67301,2017,9,6,2255,22,3,1,0,4,1, , ,N,1,2,0,3,0,1,2,2,N,N,40 02:32.500,75 04:57.930,2325, ,2323, ,0, ,N, ,3, , , , , ,90417, , , ,2,0,0,0,0,0,1,1,0,0,0,1,1,0,0,0,0,0,0,0,1,0,1,1,0,0,0,0,0,0,0,0,0,0,0,4,0,40.0424,-75.0827, ,Philadelphia
 ,8085,2017117035,6,67,67301,2017,10,3,1657,16,1,1,0,1,1, , ,N,0,0,0,3,0,0,2,2,N,N,39 57:48.972,75 11:03.274,1707, ,1701, ,0, , , ,0, , , , , ,90418, , , ,2,1,0,0,0,0,1,0,0,0,0,0,0,0,0,0,0,0,0,0,0,0,0,1,0,0,0,0,0,0,0,0,0,0,0,0,0,39.964,-75.1846, ,Philadelphia
 ,8086,2017096548,6,67,67301,2017,8,5,1532,15,1,1,0,4,1, , ,N,1,2,0,3,0,1,3,3,N,N,39 56:41.445,75 10:01.135,1630, ,1626, ,0, ,N, ,3, , , , , ,90420, , , ,3,1,0,0,0,0,1,1,0,0,0,0,1,1,0,0,0,0,0,0,1,0,0,2,0,0,0,0,0,0,0,0,0,0,0,8,0,39.9448,-75.167, ,Philadelphia
 ,8087,2017070598,6,67,67301,2017,6,1,934,9,1,1,0,1,1, , ,N,0,0,0,3,0,0,6,4,N,N,39 58:03.515,75 11:22.801,936, ,935,1,1,3, , ,0,N, , , , ,90432, , , ,4,2,0,0,0,0,1,1,0,0,0,0,0,0,0,0,1,0,0,0,0,0,0,0,0,0,0,0,0,0,0,0,0,0,0,0,0,39.9676,-75.1896, ,Philadelphia
 ,8088,2017076229,6,67,67301,2017,6,7,1854,18,1,1,0,5,6, , ,N,0,0,0,3,0,0,3,2,N,N,39 56:36.059,75 10:02.265,1856, ,1855, ,0, ,N, ,0, , , , , ,90437, , , ,2,2,0,0,0,0,0,0,0,0,0,0,0,0,0,0,0,0,0,0,0,0,0,0,0,0,0,0,0,0,0,0,0,0,0,0,0,39.9433,-75.1673, ,Philadelphia
 ,8089,2017124738,6,67,67301,2017,11,3,1719,17,3,1,0,1,1, , ,N,0,0,0,3,0,0,3,3,N,N,39 55:35.151,75 11:40.716,1740, ,1722,2,2,3, , ,0,N, , , , ,90463, , , ,3,2,0,0,0,0,1,0,0,0,0,0,0,0,0,0,0,0,0,0,0,0,0,0,0,0,0,0,0,0,0,0,0,0,0,0,0,39.9264,-75.1946, ,Philadelphia
 ,8090,2017115926,6,67,67301,2017,10,1,1410,14,1,1,0,4,1, , ,N,0,0,0,3,0,3,4,2,N,N,39 58:20.349,75 11:38.775,1431, ,1427, ,0, ,N, ,0, , , , , ,90468, , , ,2,2,0,0,0,0,0,0,0,0,0,3,3,0,0,0,0,0,0,0,1,0,0,1,0,0,0,0,0,0,0,0,0,0,0,4,0,39.9723,-75.1941, ,Philadelphia
 ,8091,2017086056,6,67,67301,2017,7,2,1725,17,1,1,0,4,1, , ,N,0,0,0,3,0,2,3,2,N, ,39 59:57.462,75 10:00.613,1745, ,1740, ,0, , , ,0, , , , , ,90504, , , ,1,0,0,0,0,0,0,1,1,0,0,1,2,1,0,0,0,0,0,0,0,0,0,1,0,0,0,0,0,0,0,0,0,0,0,4,0,39.9993,-75.1668, ,Philadelphia
 ,8092,2017073213,6,67,67301,2017,7,7,445,4,3,1,0,5,1, , ,N,0,0,0,3,0,1,2,2,N,N,40 00:36.805,75 12:24.697,459, ,455, ,0, , , ,0, , , , , ,90509, , , ,2,2,0,0,0,0,0,0,0,0,0,0,1,1,0,0,0,0,0,0,0,0,0,0,0,0,0,0,0,0,0,0,0,0,0,8,0,40.0102,-75.2069, ,Philadelphia
 ,8093,2017086720,6,67,67301,2017,3,5,1750,17,1,1,0,4,1, , ,N,0,0,7,3,0,1,2,2,N, ,39 57:38.391,75 08:32.203,1810, ,1759, ,0, , , ,0, , , , , ,90523, , , ,1,0,0,0,0,0,1,0,1,0,0,0,1,1,0,0,0,0,0,0,0,0,0,0,0,0,0,0,0,0,0,0,0,0,0,8,0,39.9607,-75.1422, ,Philadelphia
 ,8094,2017076358,6,67,67301,2017,6,7,1610,16,1,2,1,4,1, , ,N,1,3,0,3,0,2,3,2,N, ,40 00:57.189,75 07:02.269,1618, ,1610, ,0, , , ,3, , , , , ,90531, , , ,2,1,0,0,1,0,0,0,0,0,0,0,2,2,0,0,0,0,0,0,0,0,0,1,0,0,0,0,0,0,0,0,0,0,0,8,0,40.0159,-75.1173, ,Philadelphia
 ,8095,2017098996,6,67,67301,2017,9,2,1611,16,1,1,0,7,4, , ,N,0,0,0,3,0,0,1,1,N,N,39 59:08.422,75 05:36.698,1618, ,1612,2,2,2, , ,0,N, , , , ,90551, , , ,1,1,0,0,0,0,0,0,0,0,0,0,0,0,1,0,0,0,0,0,0,0,0,0,0,0,0,0,0,0,0,0,0,0,0,9,0,39.9857,-75.0935, ,Philadelphia
 ,8096,2017093663,6,67,67301,2017,8,1,440,4,3,1,0,7,4, , ,N,0,0,0,3,0,0,1,1,N, ,40 00:17.977,75 13:05.925,448, ,444,9,2,1, , ,0,Y, , , , ,90552, , , ,1,0,0,0,0,0,1,0,0,0,0,0,0,0,0,0,0,0,0,0,1,0,0,0,0,0,0,0,0,0,0,0,0,0,0,0,0,40.005,-75.2183, ,Philadelphia
 ,8097,2017116199,6,67,67301,2017,10,1,1457,14,1,1,0,8,1, , ,N,0,0,0,3,0,1,2,2,N, ,39 55:01.588,75 09:51.652,1550, ,1549, ,0, , , ,0, , , , , ,90564, , , ,1,0,0,0,0,0,1,0,0,0,0,0,1,1,0,0,0,0,0,0,0,0,0,0,0,0,0,0,0,0,0,0,1,0,0,8,0,39.9171,-75.1643, ,Philadelphia
 ,8098,2017086964,6,67,67301,2017,1,7,1819,18,3,1,0,1,1, , ,N,6,0,2,3,0,2,6,2,N,N,40 00:49.241,75 10:46.383,1855, ,1834,1,1,2,N, ,0,N, , , , ,80472, , , ,2,1,0,0,0,0,0,1,0,0,0,2,2,0,0,0,0,0,0,0,1,0,0,0,0,0,0,0,0,0,0,0,0,0,0,4,0,40.0137,-75.1796, ,Philadelphia
 ,8099,2017105972,6,67,67301,2017,9,3,1845,18,4,1,1,4,1, , ,N,1,2,0,3,0,1,2,2,N,N,39 58:53.467,75 13:26.630,1901, ,1852, ,0, ,N, ,3, , , , , ,80482, , , ,2,2,0,0,0,0,0,0,0,0,0,1,1,0,0,0,0,0,0,0,1,0,0,0,0,0,0,0,0,0,0,0,0,0,0,4,0,39.9815,-75.2241, ,Philadelphia
 ,8100,2017097869,6,67,67301,2017,9,1,1227,12,1,1,0,1,1, , ,N,1,2,0,3,0,0,2,2,N,N,40 00:27.502,75 07:38.377,1315, ,1310, ,0, ,N, ,3, , , , , ,80490, , , ,2,1,0,0,1,0,0,0,0,0,0,0,0,0,0,0,0,0,0,0,0,0,0,2,0,0,0,0,0,0,0,0,0,0,0,0,0,40.0076,-75.1273, ,Philadelphia
 ,8101,2017076302,6,67,67301,2017,6,2,1400,14,1,1,0,4,1, , ,N,2,3,0,3,0,0,3,2,N, ,40 06:26.638,75 01:41.420,1415, ,1404, ,0, , , ,3, , , , , ,80500, , , ,2,1,0,0,0,0,1,0,0,0,0,0,0,0,0,0,0,0,0,0,0,0,0,0,0,0,0,0,0,0,0,0,0,0,0,0,0,40.1074,-75.0282, ,Philadelphia
 ,8102,2017076298,6,67,67301,2017,6,7,2350,23,3,2,1,5,6, , ,N,0,0,0,3,0,1,1,2,N, ,40 03:35.069,75 09:16.647,2357, ,2354, ,0, , , ,0, , , , , ,80506, , , ,2,0,0,0,1,0,1,0,0,0,0,1,1,0,0,0,0,0,0,0,0,0,1,0,0,0,0,0,0,0,0,0,0,0,0,4,0,40.0597,-75.1546, ,Philadelphia
 ,8103,2017067830,6,67,67301,2017,6,7,1510,15,1,1,0,4,1, , ,N,0,0,7,3,0,0,2,3,N,N,40 04:24.874,75 09:29.619,1523, ,1518,2,1,2,N, ,0,N, , , , ,80547, , , ,3,1,0,0,1,0,1,0,0,0,0,0,0,0,0,0,0,0,0,0,0,0,0,0,0,0,0,0,0,0,0,0,0,0,0,0,0,40.0736,-75.1582, ,Philadelphia
 ,8104,2017109789,6,67,67301,2017,9,1,141,1,3,1,0,4,1, , ,N,5,2,0,3,0,0,2,2,N,N,40 02:03.672,75 04:29.368,150, ,143, ,0, ,N, ,3, , , , , ,80577, , , ,2,2,0,0,0,0,0,0,0,0,0,0,0,0,1,0,0,0,0,0,0,0,0,0,0,0,0,0,0,0,0,0,0,0,0,9,0,40.0344,-75.0748, ,Philadelphia
 ,8105,2017116110,6,67,67301,2017,10,6,2100,21,3,1,0,6,1, , ,N,0,0,0,3,0,1,2,2,N,N,39 59:33.074,75 07:51.395,345, ,336, ,0, ,N, ,0, , , , , ,80585, , , ,1,0,0,0,0,0,1,0,1,0,1,0,1,0,1,0,0,0,0,0,0,0,0,0,0,0,0,0,0,0,0,0,0,0,0,3,0,39.9925,-75.1309, ,Philadelphia
 ,8106,2017111563,6,67,67301,2017,10,4,239,2,3,1,0,5,6, , ,N,0,0,0,3,0,1,1,4,N,N,40 02:55.392,75 03:07.040,300, ,254, ,0, ,N, ,0, , , , , ,80587, , , ,4,0,0,0,2,0,1,1,0,0,0,0,1,1,0,0,0,0,0,0,0,0,0,0,0,0,0,0,0,0,0,0,0,0,0,8,0,40.0487,-75.052, ,Philadelphia
 ,8107,2017083396,6,67,67301,2017,8,4,30,0,6,1,0,4,1, , ,N,1,2,0,3,0,1,2,2,N,N,40 00:27.651,75 09:05.709,44, ,42, ,0, ,N, ,3, , , , , ,80602, , , ,2,0,0,0,1,0,0,1,0,1,0,0,1,0,0,0,0,0,0,0,1,0,0,0,0,0,0,1,0,0,0,0,0,0,0,2,0,40.0077,-75.1515, ,Philadelphia
 ,8108,2017097926,6,67,67301,2017,9,3,1530,15,1,1,0,7,4, , ,N,2,2,0,3,0,1,1,1,N,N,40 04:57.039,75 02:58.768,1534, ,1533,3,2,1,Y, ,3,Y, , , , ,80607, , , ,1,0,0,0,0,0,1,0,0,0,0,0,1,1,0,0,0,0,0,0,0,1,0,0,0,0,0,0,0,0,0,0,0,0,0,8,0,40.0825,-75.0497, ,Philadelphia
 ,8109,2017086139,6,67,67301,2017,7,4,9999,99,1,1,0,1,1, , ,N,0,0,0,3,0,1,2,2,N,N,40 01:02.635,75 09:02.456,9999, ,9999, ,0, ,N, ,0, , , , , ,80611, , , ,2,1,0,0,0,0,1,0,0,0,0,0,1,1,0,0,0,0,0,0,0,0,0,1,0,0,0,0,0,0,0,0,0,0,0,8,0,40.0174,-75.1507, ,Philadelphia
 ,8110,2017105895,6,67,67301,2017,9,6,1809,18,1,1,0,4,1, , ,N,1,2,0,3,0,2,2,2,N,N,40 02:22.366,75 02:44.910,1825, ,1823, ,0, ,N, ,3, , , , , ,80615, , , ,2,1,0,0,0,0,0,1,0,0,0,2,2,0,0,0,0,0,0,0,0,0,0,0,0,0,0,0,0,0,0,0,0,0,0,4,0,40.0395,-75.0458, ,Philadelphia
 ,8111,2017120735,6,67,67301,2017,10,3,1135,11,1,2,1,1,1, , ,N,2,2,0,3,0,1,2,2,N,N,39 56:47.288,75 08:29.558,1150, ,1140,2,1,1, , ,3,N, , , , ,80619, , , ,2,2,0,0,0,0,0,0,0,0,0,1,1,0,0,0,0,0,0,0,0,0,1,1,0,0,0,0,0,0,0,0,0,0,0,4,0,39.9465,-75.1415, ,Philadelphia
 ,8112,2017105950,6,67,67301,2017,9,1,1130,11,1,1,0,4,1, , ,N,2,3,0,3,0,1,2,2,N,Y,40 06:24.814,75 01:17.176,1140, ,1133, ,0, ,N, ,3, , , , , ,80622, , , ,2,1,0,0,0,0,1,0,0,1,0,0,1,0,0,0,0,0,0,0,1,1,0,0,0,0,0,0,0,0,0,0,0,0,0,2,0,40.1069,-75.0214, ,Philadelphia
 ,8113,2017115942,6,67,67301,2017,10,3,1659,16,1,1,0,4,1, , ,N,1,3,0,3,0,0,3,3,N,N,39 55:56.690,75 11:35.149,1730, ,1659, ,0, ,N, ,3, , , , , ,80623, , , ,3,0,0,0,0,0,1,2,0,0,0,0,0,0,2,0,0,0,0,0,0,0,0,0,0,0,0,0,0,0,0,0,0,0,0,9,0,39.9324,-75.1931, ,Philadelphia
 ,8114,2017097836,6,67,67301,2017,8,5,1034,10,1,1,0,1,6, , ,N,0,0,0,3,0,1,1,2,N,N,39 58:39.095,75 14:59.718,1103, ,1102, ,0, ,N, ,0, , , , , ,80626, , , ,2,2,0,0,0,0,0,0,0,0,0,1,1,0,0,0,0,0,0,0,0,0,1,0,0,0,0,0,0,0,0,0,0,0,0,4,0,39.9775,-75.2499, ,Philadelphia
 ,8115,2017096491,6,67,67301,2017,8,2,1358,13,1,1,0,5,1, , ,N,0,0,0,3,0,1,2,2,N,N,39 57:18.682,75 12:31.305,1420, ,1400, ,0, ,N, ,0, , , , , ,80630, , , ,2,2,0,0,0,0,0,0,0,0,0,0,1,1,0,0,0,0,0,0,1,0,0,0,0,0,0,0,0,0,0,0,0,0,0,8,0,39.9552,-75.2087, ,Philadelphia
 ,8116,2017109901,6,67,67301,2017,10,7,950,9,1,1,0,4,1, , ,N,1,2,3,3,0,0,4,2,N,N,39 57:25.886,75 09:31.375,1010, ,1005,1,1,2,N, ,3,N, , , , ,83607, , , ,2,0,0,0,1,0,1,0,0,0,0,0,0,0,0,0,0,0,0,0,2,0,0,0,0,0,0,0,0,0,0,0,0,0,0,0,0,39.9572,-75.1587, ,Philadelphia
 ,8117,2017105847,6,67,67301,2017,9,6,2200,22,3,1,0,5,6, , ,N,0,0,0,3,0,0,1,5,N,N,40 03:53.584,75 09:12.003,2229, ,2222, ,0, , , ,0, , , , , ,83608, , , ,5,4,0,0,0,0,1,0,0,0,0,0,0,0,0,0,0,0,1,0,0,0,0,0,0,0,0,0,0,0,0,0,0,0,0,0,0,40.0649,-75.1533, ,Philadelphia
 ,8118,2017097828,6,67,67301,2017,9,6,9999,99,1,1,0,4,1, , ,N,1,2,0,3,0,1,2,2,N, ,39 56:43.915,75 10:50.692,1008, ,1005, ,0, , , ,3, , , , , ,83615, , , ,1,0,0,0,0,0,1,0,1,0,0,0,1,1,0,0,0,0,0,0,0,0,0,1,0,0,0,0,0,0,0,0,0,0,0,8,0,39.9455,-75.1807, ,Philadelphia
 ,8119,2017106026,6,67,67301,2017,9,6,1630,16,1,1,0,8,1, , ,N,1,2,0,3,0,1,2,2,N, ,39 57:06.123,75 14:12.685,1643, ,1641, ,0, , , ,3, , , , , ,83619, , , ,1,1,0,0,0,0,0,0,0,0,0,0,1,1,1,0,0,0,0,0,0,0,0,0,0,0,0,0,0,0,0,0,1,0,0,8,0,39.9517,-75.2369, ,Philadelphia
 ,8120,2017110130,6,67,67301,2017,10,5,1715,17,4,1,0,1,1, , ,N,0,0,0,3,0,0,2,2,N,N,39 58:45.751,75 06:28.030,1741, ,1719,1,1,1, , ,0,N, , , , ,83620, , , ,2,2,0,0,0,0,0,0,0,0,0,0,0,0,0,0,0,0,0,0,0,0,0,0,0,0,0,0,0,0,0,0,0,0,0,0,0,39.9794,-75.1078, ,Philadelphia
 ,8121,2017061708,6,67,67301,2017,6,6,259,2,3,1,0,7,3, , ,N,0,0,0,3,0,2,2,1,N,N,39 58:02.159,75 07:57.654,307, ,259,1,1,1, , ,0,N, , , , ,83626, , , ,1,0,0,0,0,0,1,0,0,0,1,0,2,1,0,0,0,0,0,0,0,0,0,2,0,0,0,0,0,0,0,0,0,0,0,3,0,39.9673,-75.1327, ,Philadelphia
 ,8122,2017067779,6,67,67301,2017,5,6,2335,23,3,1,0,5,6, , ,N,0,0,0,3,0,0,1,3,N,N,39 55:33.570,75 13:40.290,2345, ,2338,3,2,3,N, ,0,Y, , , , ,83641, , , ,3,2,0,0,0,0,1,0,0,0,0,0,0,0,1,0,0,0,0,0,0,0,0,0,0,0,0,0,0,0,0,0,0,0,0,9,0,39.926,-75.2279, ,Philadelphia
 ,8123,2017067844,6,67,67301,2017,5,3,1345,13,1,2,1,5,6, , ,N,0,0,0,3,0,0,1,2,N, ,40 00:59.515,75 08:05.428,1520, ,1516, ,0, , , ,0, , , , , ,83645, , , ,2,1,0,0,0,0,1,0,0,0,0,0,0,0,1,0,0,0,0,0,0,0,0,0,0,0,0,0,0,0,0,0,0,0,0,9,0,40.0165,-75.1348, ,Philadelphia
 ,8124,2017067957,6,67,67301,2017,6,7,1554,15,1,1,0,4,1, , ,N,1,2,0,3,0,5,5,3,N,N,40 02:52.988,75 04:08.639,1626, ,1621,2,1,2, , ,3,N, , , , ,83650, , , ,2,1,0,0,0,0,1,0,0,0,0,5,5,0,0,0,0,0,0,0,0,0,0,0,0,0,0,0,0,0,0,0,1,0,0,4,0,40.0481,-75.0691, ,Philadelphia
 ,8125,2017086952,6,67,67301,2017,1,4,1118,11,1,1,0,1,1, , ,N,3,0,2,3,0,1,2,2,N,N,40 00:47.248,75 12:17.906,1125, ,1118,1,1,1,N, ,0,N, , , , ,83657, , , ,2,2,0,0,0,0,0,0,0,0,0,1,1,0,0,0,0,0,0,1,0,0,0,1,0,0,0,0,0,0,0,0,0,0,0,4,0,40.0136,-75.2055, ,Philadelphia
 ,8126,2017089089,6,67,67301,2017,8,1,1558,15,1,1,0,1,1, , ,N,0,0,0,3,0,1,4,2,N,N,39 56:55.506,75 11:08.635,1622, ,1611,1,1,3, , ,0,N, , , , ,83667, , , ,2,1,0,0,0,0,1,0,0,0,1,0,1,0,0,0,0,0,1,0,0,0,0,0,0,0,0,0,0,0,0,0,0,0,0,3,0,39.9487,-75.1858, ,Philadelphia
 ,8127,2017061152,6,67,67301,2017,5,2,2104,21,3,1,0,5,1, , ,N,2,0,0,3,0,1,2,3,N,N,39 56:08.663,75 11:22.898,2104, ,2104, ,0, ,N, ,0, , , , , ,83674, , , ,3,1,0,0,0,0,2,0,0,0,0,0,1,1,0,0,0,0,0,0,1,0,0,0,0,0,0,0,0,0,0,0,0,0,0,8,0,39.9357,-75.1897, ,Philadelphia
 ,8128,2017067355,6,67,67301,2017,6,3,1717,17,1,1,0,1,1, , ,N,0,0,0,3,0,1,3,3,N,N,39 58:48.965,75 12:19.747,1723, ,1718,1,1,3, , ,0,N, , , , ,83678, , , ,3,3,0,0,0,0,0,0,0,0,0,0,1,1,0,0,0,0,0,0,0,0,0,0,0,0,0,0,0,0,0,0,0,0,0,8,0,39.9798,-75.2048, ,Philadelphia
 ,8129,2017086785,6,67,67301,2017,4,7,215,2,3,1,0,4,1, , ,N,0,0,0,3,0,0,2,2,N,N,39 54:45.118,75 13:19.231,217, ,215, ,0, , , ,0, , , , , ,83686, , , ,2,2,0,0,0,0,0,0,0,0,0,0,0,0,0,0,0,0,0,0,0,0,0,0,0,0,0,0,0,0,0,0,0,0,0,0,0,39.9125,-75.222, ,Philadelphia
 ,8130,2017109942,6,67,67301,2017,10,6,857,8,1,1,0,4,1, , ,N,1,3,0,3,0,2,5,3,N,N,40 04:03.837,75 10:58.767,905, ,857, ,0, ,N, ,3, , , , , ,83713, , , ,3,2,0,0,0,0,0,1,0,0,0,2,2,0,0,0,0,0,0,0,0,1,0,0,0,0,0,0,0,0,0,0,0,0,0,4,0,40.0677,-75.183, ,Philadelphia
 ,8131,2017096506,6,67,67301,2017,8,3,835,8,1,2,1,1,1, , ,N,0,0,0,3,0,1,2,2,N,N,40 07:45.767,75 01:28.020,900, ,840, ,0, , , ,0, , , , , ,83715, , , ,2,2,0,0,0,0,0,0,0,0,0,0,1,1,0,0,0,0,0,0,1,0,0,0,0,0,0,0,0,0,0,0,0,0,0,8,0,40.1294,-75.0245, ,Philadelphia
 ,8132,2017100309,6,67,67301,2017,9,5,1155,11,1,1,0,4,1, , ,N,1,2,0,3,0,2,2,2,N,N,39 55:20.644,75 13:23.395,1245, ,1230,2,1,4,N, ,3,Y, , , , ,83717, , , ,2,1,0,1,0,0,0,0,0,0,0,2,2,0,0,0,0,0,0,0,1,1,0,0,0,0,0,0,0,0,0,0,0,0,0,4,1,39.9224,-75.2232, ,Philadelphia
 ,8133,2017060610,6,67,67301,2017,5,5,710,7,1,2,1,6,1, , ,N,0,0,0,3,0,0,2,2,N, ,40 03:34.484,75 12:03.697,730, ,730,1,1,2, , ,0,N, , , , ,83721, , , ,2,2,0,0,0,0,0,0,0,0,0,0,0,0,0,0,0,0,0,0,0,0,0,0,0,0,0,0,0,0,0,0,0,0,0,0,0,40.0596,-75.201, ,Philadelphia
 ,8134,2017078714,6,67,67301,2017,7,1,1443,14,1,1,0,4,1, , ,N,1,2,0,3,0,1,2,2,N, ,40 01:53.467,75 01:56.889,1905, ,1905, ,0, , , ,3, , , , , ,87202, , , ,1,1,0,0,0,0,0,0,1,0,0,0,1,1,0,0,0,0,0,0,0,0,0,0,0,0,0,0,0,0,0,0,0,0,0,8,0,40.0315,-75.0325, ,Philadelphia
 ,8135,2017111570,6,67,67301,2017,8,3,1924,19,1,2,1,1,1, , ,N,1,2,0,3,0,2,4,4,N,N,40 04:13.892,75 12:02.251,1929, ,1927, ,0, ,N, ,3, , , , , ,87233, , , ,4,4,0,0,0,0,0,0,0,0,0,0,2,2,0,0,0,0,0,0,0,0,0,0,0,0,0,0,0,0,0,0,0,0,0,8,0,40.0705,-75.2006, ,Philadelphia
 ,8136,2017076367,6,67,67301,2017,6,3,2338,23,3,1,0,7,4, , ,N,0,0,0,3,0,1,1,2,N,N,40 00:38.494,75 11:03.857,2348, ,2340,9,1,2,N, ,0,N, , , , ,87264, , , ,1,1,0,0,0,0,0,0,0,0,0,1,1,0,0,0,0,0,0,0,0,0,0,0,0,0,0,0,0,0,0,0,0,0,0,4,0,40.0107,-75.1844, ,Philadelphia
 ,8137,2017116164,6,67,67301,2017,10,2,2252,22,3,1,0,5,1, , ,N,0,0,0,3,0,1,2,2,N,N,39 58:52.111,75 16:01.128,2334, ,2327,2,1,2,N, ,0,N, , , , ,87272, , , ,2,1,0,0,0,0,1,0,0,0,0,0,1,1,0,0,0,0,0,0,0,1,0,0,0,0,0,0,0,0,0,0,0,0,0,8,0,39.9811,-75.267, ,Philadelphia
 ,8138,2017091679,6,67,67301,2017,7,6,1325,13,1,1,0,4,1, , ,N,1,2,0,3,0,3,3,3,N,N,40 02:17.896,75 04:31.313,1332, ,1332,3,2,4,N, ,3,Y, , , , ,87282, , , ,3,3,0,0,0,0,0,0,0,0,0,0,3,3,0,0,0,0,0,0,1,0,0,0,0,0,0,0,0,0,0,0,0,0,0,8,0,40.0383,-75.0754, ,Philadelphia
 ,8139,2017116121,6,67,67301,2017,10,5,1025,10,1,1,0,4,1, , ,N,1,2,0,3,0,1,3,3,N, ,39 58:27.207,75 13:34.879,1035, ,1030,2,2,2, , ,3,Y, , , , ,87283, , , ,3,2,0,0,0,0,1,0,0,0,0,1,1,0,0,0,0,0,0,0,1,0,0,0,0,0,0,0,0,0,0,0,0,0,0,4,0,39.9743,-75.2264, ,Philadelphia
 ,8140,2017058265,6,67,67301,2017,5,4,2000,20,4,1,0,4,1, , ,N,2,2,2,3,0,1,3,2,N, ,40 00:01.143,75 05:01.112,2115, ,100, ,0, , , ,3, , , , , ,87285, , , ,2,1,1,0,0,0,0,0,0,0,0,0,1,1,0,0,0,0,0,0,0,0,0,0,0,0,0,0,0,0,0,0,0,0,0,8,0,40.0003,-75.0837, ,Philadelphia
 ,8141,2017078857,6,67,67301,2017,7,1,344,3,3,1,0,7,1,2,4,Y,1,2,0,3,0,1,1,1,N, ,39 58:17.270,75 09:34.235,345,99,344,9,2,3, , ,3,Y,U,Y, ,U,87294, , , ,1,0,0,0,0,0,1,0,0,0,0,0,1,1,0,0,0,0,0,0,0,0,0,0,0,0,0,0,0,0,0,0,0,0,0,8,0,39.9714,-75.1594, ,Philadelphia
 ,8142,2017088748,6,67,67301,2017,8,5,1730,17,1,1,0,5,6, , ,N,0,0,0,3,0,1,1,2,N,N,40 00:01.063,75 08:25.566,1755, ,1751, ,0, ,N, ,0, , , , , ,87309, , , ,2,0,0,0,1,0,1,0,0,0,0,0,1,1,0,0,0,0,0,0,0,0,0,1,0,0,0,0,0,0,0,0,0,0,0,8,0,40.0003,-75.1404, ,Philadelphia
 ,8143,2017093523,6,67,67301,2017,8,6,2017,20,3,2,1,8,1, , ,N,0,0,0,3,0,1,2,2,N, ,39 55:17.469,75 08:51.224,2030, ,2025,9,1,4, , ,0,N, , , , ,87316, , , ,1,0,0,0,0,0,1,0,0,0,0,1,1,0,0,0,0,0,0,0,0,0,0,0,0,0,0,0,0,0,0,0,1,0,0,4,0,39.9215,-75.1475, ,Philadelphia
 ,8144,2017086164,6,67,67301,2017,7,7,1215,12,1,1,0,8,1, , ,N,1,3,0,3,0,1,2,2,N,N,39 55:44.361,75 09:24.666,1225, ,1220,1,2,1,N, ,3,N, , , , ,87319, , , ,1,0,0,0,0,0,1,0,0,0,1,0,1,0,0,0,0,0,0,0,1,0,0,1,0,0,0,0,0,0,0,0,1,0,0,3,0,39.929,-75.1569, ,Philadelphia
 ,8145,2017058304,6,67,67301,2017,5,5,1529,15,1,1,0,1,1, , ,N,0,0,0,3,0,1,2,2,N,N,39 58:04.075,75 07:51.286,1534, ,1529, ,0, ,N, ,0, , , , , ,87336, , , ,2,0,0,0,1,0,1,0,0,0,0,0,1,1,0,0,0,0,0,0,2,0,0,0,0,0,0,0,0,0,0,0,0,0,0,8,0,39.9679,-75.1305, ,Philadelphia
 ,8146,2017063865,6,67,67301,2017,6,5,1238,12,1,1,0,5,1, , ,N,0,0,0,3,0,0,2,2,N,N,39 59:08.824,75 05:35.927,1248, ,1240, ,0, , , ,0, , , , , ,87338, , , ,2,1,0,0,0,1,0,0,0,0,0,0,0,0,0,0,0,0,0,0,1,0,0,0,0,0,0,0,0,0,0,0,0,0,0,0,1,39.9858,-75.0933, ,Philadelphia
 ,8147,2017076217,6,67,67301,2017,6,3,2035,20,3,1,0,8,1, , ,N,1,3,0,3,0,1,2,2,N,N,39 59:49.714,75 08:34.260,2251, ,2251, ,0, ,N, ,3, , , , , ,87341, , , ,1,1,0,0,0,0,0,0,0,0,0,1,1,0,0,0,0,0,0,0,1,0,0,0,0,0,0,0,0,0,0,0,1,0,0,4,0,39.9971,-75.1429, ,Philadelphia