wz_ln_closure,objectid_1,crn,district,county,municipality,crash_year,crash_month,day_of_week,time_of_day,hour_of_day,illumination,weather,road_condition,collision_type,relation_to_road,work_zone_type,work_zone_loc,work_zone_ind,intersect_type,tcd_type,location_type,urban_rural,fatal_count,injury_count,person_count,total_units,sch_bus_ind,sch_zone_ind,latitude,longitude,arrival_tm,cons_zone_spd_lim,dispatch_tm,est_hrs_closed,lane_closed,ln_close_dir,ntfy_hiwy_maint,spec_juris_cd,tcd_func_cd,tfc_detour_ind,workers_pres,wz_close_detour,wz_flagger,wz_law_offcr_ind,objectid,wz_moving,wz_other,wz_shlder_mdn,vehicle_count,automobile_count,motorcycle_count,bus_count,small_truck_count,heavy_truck_count,suv_count,van_count,bicycle_count,maj_inj_count,mod_inj_count,min_inj_count,tot_inj_count,unk_inj_deg_count,unk_inj_per_count,driver_count_16yr,driver_count_17yr,driver_count_18yr,driver_count_19yr,driver_count_20yr,driver_count_50_64yr,driver_count_65_74yr,driver_count_75plus,unbelted_occ_count,unb_death_count,unb_maj_inj_count,belted_death_count,belted_maj_inj_count,mcycle_death_count,mcycle_maj_inj_count,bicycle_death_count,bicycle_maj_inj_count,ped_count,ped_death_count,ped_maj_inj_count,max_severity_level,comm_veh_count,dec_lat,dec_long,rdwy_surf_type_cd,county_name
 ,8148,2017075213,6,67,67301,2017,7,2,1833,18,1,1,0,7,3, , ,N,0,0,0,3,0,0,7,1,N,N,39 58:04.097,75 11:24.132,1843, ,1833,2,2,3, , ,0,N, , , , ,87345, , , ,1,0,0,0,0,0,1,0,0,0,0,0,0,0,0,0,0,0,0,0,0,0,0,0,0,0,0,0,0,0,0,0,0,0,0,0,0,39.9678,-75.1899, ,Philadelphia
 ,8149,2017084187,6,67,67301,2017,7,4,711,7,1,1,0,1,1, , ,N,0,8,0,3,0,0,2,2,N,N,39 57:36.400,75 10:47.192,740, ,733, ,0, , , ,3, , , , , ,87348, , , ,2,2,0,0,0,0,0,0,0,0,0,0,0,0,0,0,0,0,0,0,0,0,0,0,0,0,0,0,0,0,0,0,0,0,0,0,0,39.9601,-75.1797, ,Philadelphia
 ,8150,2017087771,6,67,67301,2017,8,7,1953,19,3,1,0,5,1, , ,N,0,0,0,3,0,3,4,2,N,N,39 59:03.381,75 05:46.633,2012, ,2008,2,2,2, , ,0,N, , , , ,87350, , , ,2,2,0,0,0,0,0,0,0,0,3,0,3,0,1,0,0,0,0,0,0,0,0,0,0,0,0,0,0,0,0,0,0,0,0,3,0,39.9843,-75.0963, ,Philadelphia
 ,8151,2017086159,6,67,67301,2017,7,1,408,4,3,2,1,1,1, , ,N,0,0,0,3,0,1,2,2,N,N,39 59:35.635,75 05:49.939,413, ,408, ,0, ,N, ,0, , , , , ,87357, , , ,2,1,0,0,0,0,1,0,0,0,0,1,1,0,0,0,0,0,0,0,0,0,0,1,0,0,0,0,0,0,0,0,0,0,0,4,0,39.9932,-75.0972, ,Philadelphia
 ,8152,2017070650,6,67,67301,2017,7,6,1656,16,1,1,0,1,1, , ,N,0,0,0,3,0,0,2,2,N,N,40 01:40.862,75 01:25.314,1705, ,1659,1,1,1, , ,0,N, , , , ,91832, , , ,2,1,0,0,0,0,1,0,0,0,0,0,0,0,0,0,0,0,0,0,0,0,0,0,0,0,0,0,0,0,0,0,0,0,0,0,0,40.028,-75.0237, ,Philadelphia
 ,8153,2017070497,6,67,67301,2017,6,4,1720,17,1,1,0,5,1, , ,N,0,0,0,3,0,1,2,2,N,N,39 58:49.662,75 10:17.910,1818, ,1815, ,0, ,N, ,0, , , , , ,91839, , , ,1,1,0,0,0,0,0,0,1,0,0,0,1,1,0,0,0,0,0,0,0,0,0,0,0,0,0,0,0,0,0,0,0,0,0,8,0,39.9805,-75.1716, ,Philadelphia
 ,8154,2017070476,6,67,67301,2017,6,1,2308,23,3,1,0,8,1, , ,N,1,2,0,3,0,1,2,3,N,N,39 59:43.692,75 07:47.686,2310, ,2310, ,0, ,N, ,3, , , , , ,91870, , , ,2,2,0,0,0,0,0,0,0,0,0,0,1,1,0,0,0,0,0,0,0,0,0,1,0,0,0,0,0,0,0,0,1,0,0,8,0,39.9955,-75.1299, ,Philadelphia
 ,8155,2017076139,6,67,67301,2017,6,1,537,5,1,1,0,7,4, , ,N,0,0,0,3,0,0,1,1,N,N,40 01:16.912,75 11:36.797,552, ,538,2,1,2,N, ,0,N, , , , ,91878, , , ,1,1,0,0,0,0,0,0,0,0,0,0,0,0,0,0,0,0,0,0,0,0,0,0,0,0,0,0,0,0,0,0,0,0,0,0,0,40.0214,-75.1936, ,Philadelphia
 ,8156,2017093568,6,67,67301,2017,8,6,1440,14,1,1,0,4,1, , ,N,1,2,0,3,0,0,3,2,N, ,39 57:25.061,75 10:33.734,1504, ,1442,1,2,1, , ,3,Y, , , , ,91895, , , ,2,1,0,0,0,0,1,0,0,0,0,0,0,0,0,0,0,0,0,0,1,0,0,0,0,0,0,0,0,0,0,0,0,0,0,0,0,39.957,-75.176, ,Philadelphia
 ,8157,2017088904,6,67,67301,2017,8,3,1500,15,1,1,8,0,1, , ,N,2,2,0,3,0,1,3,1,N, ,39 54:33.655,75 10:23.826,1502, ,1500, ,0, , , ,3, , , , , ,91899, , , ,1,1,0,0,0,0,0,0,0,0,0,0,1,1,0,0,0,0,0,0,1,0,0,0,0,0,0,0,0,0,0,0,0,0,0,8,0,39.9093,-75.173, ,Philadelphia
 ,8158,2017124175,6,67,67301,2017,11,3,1626,16,6,1,0,1,1, , ,N,0,0,0,3,0,1,2,2,N,N,40 02:36.410,75 00:10.128,1704, ,1702, ,0, , , ,0, , , , , ,91901, , , ,2,1,0,0,0,0,0,0,0,0,1,0,1,0,1,0,0,0,0,0,0,0,0,0,0,0,0,0,0,0,0,0,0,0,0,3,0,40.0434,-75.0028, ,Philadelphia
 ,8159,2017076326,6,67,67301,2017,6,7,2329,23,3,1,0,5,6, , ,N,0,0,0,3,0,1,1,2,N,N,39 57:20.508,75 14:05.891,2336, ,2339,3,1,3,N, ,0,Y, , , , ,91914, , , ,2,1,0,0,1,0,0,0,0,0,0,1,1,0,0,0,0,0,0,0,0,0,0,0,0,0,0,0,0,0,0,0,0,0,0,4,0,39.9557,-75.235, ,Philadelphia
 ,8160,2017086708,6,67,67301,2017,3,4,416,4,3,1,0,7,4, , ,N,0,0,0,3,0,0,1,1,N,N,40 03:57.291,75 10:35.618,501, ,953, ,0, ,N, ,0, , , , , ,91926, , , ,1,0,0,0,0,0,1,0,0,0,0,0,0,0,1,0,0,0,0,0,0,0,0,0,0,0,0,0,0,0,0,0,0,0,0,9,0,40.0659,-75.1766, ,Philadelphia
 ,8161,2017060702,6,67,67301,2017,5,1,1508,15,1,1,0,4,1, , ,N,2,3,0,3,0,1,4,2,N,N,39 55:24.538,75 13:46.477,1516, ,1516,2,1,1,N, ,3,N, , , , ,91967, , , ,2,2,0,0,0,0,0,0,0,0,0,0,1,1,0,0,1,0,0,0,0,0,0,0,0,0,0,0,0,0,0,0,0,0,0,8,0,39.9235,-75.2296, ,Philadelphia
 ,8162,2017063279,6,67,67301,2017,6,3,1632,16,1,1,0,4,1, , ,N,1,2,0,3,0,1,2,2,N,N,40 00:16.847,75 09:07.652,1634, ,1633,1,1,3,N, ,3,Y, , , , ,91976, , , ,2,2,0,0,0,0,0,0,0,0,0,1,1,0,0,0,0,0,0,0,0,0,0,2,0,0,0,0,0,0,0,0,0,0,0,4,0,40.0047,-75.1521, ,Philadelphia
 ,8163,2017076340,6,67,67301,2017,6,5,1635,16,1,1,0,4,1, , ,N,1,2,0,3,0,1,3,2,N, ,40 02:35.284,75 04:25.695,1645, ,1640, ,0, , , ,3, , , , , ,91978, , , ,2,0,0,1,0,0,1,0,0,0,0,1,1,0,0,0,0,0,0,0,0,0,0,1,0,0,0,0,0,0,0,0,0,0,0,4,1,40.0431,-75.0738, ,Philadelphia
 ,8164,2017073128,6,67,67301,2017,7,3,1917,19,4,1,0,1,1, , ,N,0,0,0,3,0,0,3,3,N,N,39 58:03.210,75 11:22.087,1936, ,1928, ,0, , , ,0, , , , , ,91983, , , ,3,1,0,0,0,0,2,0,0,0,0,0,0,0,0,0,0,0,0,0,1,0,0,0,0,0,0,0,0,0,0,0,0,0,0,0,0,39.9675,-75.1894, ,Philadelphia
 ,8165,2017086794,6,67,67301,2017,4,5,818,8,1,1,0,1,1, , ,N,6,4,2,3,0,1,4,2,N,N,40 00:34.498,75 11:14.125,830, ,820, ,0, ,N, ,3, , , , , ,91997, , , ,2,2,0,0,0,0,0,0,0,0,0,1,1,0,0,0,0,0,0,0,1,0,0,0,0,0,0,0,0,0,0,0,0,0,0,4,0,40.0096,-75.1873, ,Philadelphia
 ,8166,2017088897,6,67,67301,2017,8,4,1045,10,1,1,0,8,1, , ,N,1,2,0,3,0,1,2,2,N,N,39 57:04.188,75 09:12.905,1053, ,1050, ,0, ,N, ,3, , , , , ,92006, , , ,1,1,0,0,0,0,0,0,0,0,0,1,1,0,0,0,0,0,0,0,0,0,0,1,0,0,0,0,0,0,0,0,1,0,0,4,0,39.9511,-75.1536, ,Philadelphia
 ,8167,2017117240,6,67,67301,2017,10,6,1522,15,1,1,0,1,1, , ,N,0,0,0,3,0,1,5,4,N, ,40 00:07.769,75 09:26.247,1541, ,1539, ,0, , , ,0, , , , , ,92026, , , ,4,1,0,0,2,0,1,0,0,0,0,1,1,0,0,0,0,0,0,0,1,0,0,0,0,0,0,0,0,0,0,0,0,0,0,4,0,40.0022,-75.1573, ,Philadelphia
 ,8168,2017120742,6,67,67301,2017,10,2,1830,18,1,1,0,7,3, , ,N,0,0,3,3,0,0,1,1,N, ,39 55:13.479,75 11:56.163,1855, ,1800,2,2,6, , ,0,Y, , , , ,92032, , , ,1,1,0,0,0,0,0,0,0,0,0,0,0,0,0,0,0,0,0,0,1,0,0,1,0,0,0,0,0,0,0,0,0,0,0,0,0,39.9204,-75.1989, ,Philadelphia
 ,8169,2018029819,6,67,67301,2017,12,6,1929,19,3,1,0,7,4, , ,N,0,0,6,3,0,1,1,1,N,N,40 02:03.800,75 01:33.600,1949, ,1929, ,0, ,N, ,0, , , , , ,92054, , , ,1,1,0,0,0,0,0,0,0,1,0,0,1,0,0,0,0,0,0,0,0,0,0,0,0,0,0,0,0,0,0,0,0,0,0,2,0,40.0344,-75.026, ,Philadelphia
 ,8170,2017060737,6,67,67301,2017,5,1,1052,10,1,1,0,4,1, , ,N,1,3,0,3,0,1,2,4,N, ,40 02:21.922,75 02:33.305,1058, ,1052, ,0, , , ,3, , , , , ,80646, , , ,4,2,0,0,1,0,1,0,0,0,0,1,1,0,0,0,0,0,0,0,0,1,0,0,0,0,0,0,0,0,0,0,0,0,0,4,0,40.0394,-75.0426, ,Philadelphia
 ,8171,2017065361,6,46,46104,2017,6,5,1108,11,1,1,0,1,1, , ,N,2,0,0,3,0,1,2,2,N,N,39 58:37.863,75 16:34.001,1110, ,1108, ,0, , , ,0, , , , , ,80650, , , ,2,1,1,0,0,0,0,0,0,0,0,1,1,0,0,0,0,0,0,0,0,0,0,0,0,0,0,0,0,0,0,0,0,0,0,4,0,39.977,-75.2763, ,Montgomery
 ,8172,2017091832,6,67,67301,2017,8,7,1806,18,1,1,0,5,6, , ,N,0,0,0,3,0,0,1,2,N,N,40 05:25.530,75 00:32.670,1810, ,1806, ,0, ,N, ,0, , , , , ,80666, , , ,2,0,0,0,0,0,2,0,0,0,0,0,0,0,1,0,0,0,0,0,0,0,0,0,0,0,0,0,0,0,0,0,0,0,0,9,0,40.0904,-75.0091, ,Philadelphia
 ,8173,2017086092,6,67,67301,2017,7,4,2006,20,4,1,0,1,1, , ,N,1,2,0,3,0,1,3,3,N,N,39 59:08.837,75 12:56.558,2016, ,2006, ,0, ,N, ,3, , , , , ,80712, , , ,3,1,1,0,0,0,0,1,0,0,0,1,1,0,0,0,0,0,0,0,2,0,0,0,0,0,0,0,0,0,0,0,0,0,0,4,0,39.9858,-75.2156, ,Philadelphia
N,8174,2017092629,6,67,67301,2017,9,4,2034,20,3,2,1,7,2,1,4,Y,0,0,0,3,0,1,1,1,N,N,39 59:49.935,75 04:55.675,2042,45,2036,1,1,2, , ,0,N,N,N,N,N,80720,N,N,Y,1,1,0,0,0,0,0,0,0,0,1,0,1,0,0,0,0,0,0,0,0,0,0,0,0,0,0,0,0,0,0,0,0,0,0,3,0,39.9972,-75.0821, ,Philadelphia
 ,8175,2017068008,6,67,67301,2017,6,6,1628,16,1,1,0,4,1, , ,N,1,2,0,3,0,1,3,2,N, ,40 02:04.988,75 02:40.725,1632, ,1630, ,0, , , ,3, , , , , ,80741, , , ,2,2,0,0,0,0,0,0,0,0,0,0,1,1,0,0,0,0,0,0,0,0,0,2,0,0,0,0,0,0,0,0,0,0,0,8,0,40.0348,-75.0447, ,Philadelphia
 ,8176,2017070464,6,67,67301,2017,6,7,15,0,3,1,0,4,1, , ,N,5,2,0,3,0,1,5,2,N,N,39 57:59.738,75 09:37.523,36, ,32, ,0, ,N, ,3, , , , , ,80742, , , ,2,1,0,0,0,0,1,0,0,0,0,0,1,1,0,0,0,0,0,0,0,0,0,0,0,0,0,0,0,0,0,0,0,0,0,8,0,39.9666,-75.1604, ,Philadelphia
 ,8177,2017060646,6,67,67301,2017,5,4,1800,18,1,1,0,1,1, , ,N,3,2,0,3,0,1,2,2,N, ,39 57:07.268,75 09:45.490,1915, ,1900, ,0, , , ,3, , , , , ,80747, , , ,2,1,0,1,0,0,0,0,0,0,0,1,1,0,0,0,0,0,0,0,0,0,0,0,0,0,0,0,0,0,0,0,0,0,0,4,1,39.952,-75.1626, ,Philadelphia
 ,8178,2017086737,6,67,67301,2017,3,3,858,8,1,2,1,4,1, , ,N,1,2,0,3,0,1,2,2,N,N,40 01:47.249,75 05:16.782,910, ,859,1,1,1,N, ,3,N, , , , ,80796, , , ,2,2,0,0,0,0,0,0,0,0,0,1,1,0,0,0,0,0,0,0,1,0,0,0,0,0,0,0,0,0,0,0,0,0,0,4,0,40.0298,-75.088, ,Philadelphia
 ,8179,2017086943,6,67,67301,2017,1,4,1330,13,1,1,0,8,1, , ,N,0,0,0,3,0,1,2,2,N, ,39 59:52.630,75 07:30.240,1346, ,1335, ,0, , , ,0, , , , , ,80800, , , ,1,1,0,0,0,0,0,0,0,0,0,1,1,0,1,0,0,0,0,0,0,0,0,0,0,0,0,0,0,0,0,0,1,0,0,4,0,39.998,-75.1251, ,Philadelphia
 ,8180,2017116214,6,67,67301,2017,10,6,2115,21,3,1,0,7,4, , ,N,0,0,0,3,0,1,1,1,N,N,40 00:55.285,75 10:10.658,2117, ,2117,1,2,3,N, ,0,Y, , , , ,80809, , , ,1,0,0,0,0,0,1,0,0,0,0,1,1,0,0,0,0,0,0,0,0,0,0,0,0,0,0,0,0,0,0,0,0,0,0,4,0,40.0154,-75.1696, ,Philadelphia
 ,8181,2017096593,6,67,67301,2017,8,4,9999,99,1,1,0,8,1, , ,N,1,2,0,3,0,1,2,2,N,N,39 57:16.621,75 09:53.479,340, ,335, ,0, ,N, ,3, , , , , ,80826, , , ,1,0,0,1,0,0,0,0,0,0,0,0,1,1,0,0,0,0,0,0,0,0,0,0,0,0,0,0,0,0,0,0,1,0,0,8,1,39.9546,-75.1648, ,Philadelphia
 ,8182,2017097920,6,67,67301,2017,9,2,1700,17,1,1,0,4,1, , ,N,1,2,0,3,0,0,2,2,N, ,39 57:21.749,75 10:34.448,1800, ,520,1,1,4, , ,3,N, , , , ,80863, , , ,2,2,0,0,0,0,0,0,0,0,0,0,0,0,0,0,0,0,0,0,0,0,0,2,0,0,0,0,0,0,0,0,0,0,0,0,0,39.956,-75.1762, ,Philadelphia
 ,8183,2017091800,6,67,67301,2017,8,2,256,2,3,1,0,5,6, , ,N,0,0,0,3,0,0,1,3,N,N,39 58:35.107,75 07:55.284,300, ,258,3,2,7,N, ,0,Y, , , , ,80865, , , ,3,2,0,0,0,0,1,0,0,0,0,0,0,0,0,0,0,0,0,0,0,0,0,0,0,0,0,0,0,0,0,0,0,0,0,0,0,39.9764,-75.132, ,Philadelphia
 ,8184,2017091711,6,67,67301,2017,8,7,1604,16,1,1,0,2,6, , ,N,0,0,0,3,0,1,1,3,N,N,40 00:39.236,75 07:38.300,1645, ,1445,2,1,4,N, ,0,Y, , , , ,80867, , , ,3,0,0,0,0,0,3,0,0,0,0,1,1,0,0,0,0,0,0,0,0,0,0,1,0,0,0,0,0,0,0,0,0,0,0,4,0,40.0109,-75.1273, ,Philadelphia
 ,8185,2017088864,6,67,67301,2017,8,2,1430,14,1,2,1,4,1, , ,N,1,2,0,3,0,0,2,2,N, ,39 59:30.408,75 11:10.966,1610, ,1603, ,0, , , ,3, , , , , ,80869, , , ,2,1,0,0,0,0,1,0,0,0,0,0,0,0,0,0,0,0,0,1,0,1,0,0,0,0,0,0,0,0,0,0,0,0,0,0,0,39.9918,-75.1864, ,Philadelphia
 ,8186,2017116057,6,67,67301,2017,10,7,2209,22,3,1,0,4,1, , ,N,1,2,0,3,0,1,2,2,N,N,39 58:23.685,75 12:43.721,2211, ,2210, ,0, , , ,3, , , , , ,80873, , , ,2,1,0,0,0,0,1,0,0,0,1,0,1,0,0,0,0,0,0,0,0,0,0,1,0,0,0,0,0,0,0,0,0,0,0,3,0,39.9732,-75.2121, ,Philadelphia
 ,8187,2017107989,6,67,67301,2017,8,6,250,2,3,1,0,1,1, , ,N,2,2,0,3,0,1,4,3,N,N,39 57:06.431,75 11:02.272,255, ,250, ,0, ,N, ,3, , , , , ,80879, , , ,3,2,0,0,0,0,0,1,0,0,1,0,1,0,0,0,0,0,0,0,0,0,0,1,0,0,0,0,0,0,0,0,0,0,0,3,0,39.9517,-75.1832, ,Philadelphia
 ,8188,2017086174,6,67,67301,2017,7,5,1525,15,1,1,0,5,1, , ,N,0,0,0,3,0,0,2,3,N, ,39 57:44.352,75 09:01.447,1525, ,1520, ,0, , , ,0, , , , , ,83736, , , ,3,3,0,0,0,0,0,0,0,0,0,0,0,0,0,0,0,0,0,0,1,0,0,0,0,0,0,0,0,0,0,0,0,0,0,0,0,39.9623,-75.1504, ,Philadelphia
 ,8189,2017116054,6,67,67301,2017,10,7,1128,11,1,1,0,4,1, , ,N,1,2,0,3,0,4,5,2,N,N,40 01:08.435,75 08:49.983,1151, ,1139,3,2,1,N, ,3,N, , , , ,83739, , , ,2,2,0,0,0,0,0,0,0,0,1,3,4,0,0,0,0,0,0,0,0,0,0,0,0,0,0,0,0,0,0,0,0,0,0,3,0,40.0189,-75.1471, ,Philadelphia
 ,8190,2017111035,6,67,67301,2017,9,7,515,5,3,1,0,5,6, , ,N,0,0,0,3,0,0,1,2,N,N,39 56:33.708,75 09:42.797,520, ,519,3,2,2,N, ,0,Y, , , , ,83744, , , ,2,2,0,0,0,0,0,0,0,0,0,0,0,0,0,0,0,0,0,0,0,0,0,0,0,0,0,0,0,0,0,0,0,0,0,0,0,39.9427,-75.1619, ,Philadelphia
 ,8191,2017096591,6,67,67301,2017,8,3,1450,14,1,2,1,8,4, , ,N,0,0,0,3,0,1,2,2,N,N,39 57:18.586,75 09:52.997,1520, ,1503, ,0, ,N, ,0, , , , , ,83747, , , ,1,1,0,0,0,0,0,0,0,0,0,0,1,1,0,0,0,0,0,0,1,0,0,0,0,0,0,0,0,0,0,0,1,0,0,8,0,39.9552,-75.1647, ,Philadelphia
 ,8192,2017078775,6,67,67301,2017,6,4,9999,99,1,1,0,4,1, , ,N,1,2,0,3,0,0,2,2,N,N,39 58:14.012,75 08:59.857,1945, ,1942, ,0, , , ,3, , , , , ,83774, , , ,2,0,0,0,0,0,2,0,0,0,0,0,0,0,0,0,0,0,0,0,1,0,0,0,0,0,0,0,0,0,0,0,0,0,0,0,0,39.9704,-75.15, ,Philadelphia
 ,8193,2017080311,6,67,67301,2017,7,2,335,3,3,2,7,4,1, , ,N,0,0,1,3,0,0,4,3,N,N,39 57:19.932,75 10:51.096,430, ,336,1,2,3, , ,0,N, , , , ,83778, , , ,3,1,0,0,1,0,1,0,0,0,0,0,0,0,0,0,0,0,0,0,1,0,0,0,0,0,0,0,0,0,0,0,0,0,0,0,0,39.9555,-75.1809, ,Philadelphia
 ,8194,2017088925,6,67,67301,2017,8,3,9999,99,1,1,0,4,1, , ,N,1,2,0,3,0,0,2,2,N,N,40 02:04.567,75 04:16.161,1240, ,1235, ,0, ,N, ,3, , , , , ,83789, , , ,2,0,0,0,0,0,0,2,0,0,0,0,0,0,0,0,0,0,0,0,1,1,0,0,0,0,0,0,0,0,0,0,0,0,0,0,0,40.0346,-75.0712, ,Philadelphia
 ,8195,2017086876,6,67,67301,2017,5,2,1858,18,1,1,0,4,1, , ,N,1,2,0,3,0,2,3,2,N,N,39 55:11.168,75 11:17.735,1913, ,1908, ,0, , , ,3, , , , , ,83792, , , ,2,2,0,0,0,0,0,0,0,0,0,0,2,2,0,0,0,0,0,0,0,0,0,0,0,0,0,0,0,0,0,0,0,0,0,8,0,39.9198,-75.1883, ,Philadelphia
 ,8196,2017068040,6,67,67301,2017,5,4,728,7,1,1,1,4,1, , ,N,1,2,0,3,0,0,2,2,N, ,40 03:33.971,75 05:09.267,734, ,733, ,0, , , ,3, , , , , ,83821, , , ,2,1,0,0,0,0,1,0,0,0,0,0,0,0,0,0,0,0,0,0,1,0,0,0,0,0,0,0,0,0,0,0,0,0,0,0,0,40.0594,-75.0859, ,Philadelphia
 ,8197,2017078705,6,67,67301,2017,6,6,1957,19,1,1,0,8,1, , ,N,0,0,0,3,0,1,2,2,N,N,40 02:08.322,75 10:23.422,2055, ,2050, ,0, ,N, ,0, , , , , ,83833, , , ,1,1,0,0,0,0,0,0,0,0,0,0,1,1,1,0,0,0,0,0,0,0,0,0,0,0,0,0,0,0,0,0,1,0,0,8,0,40.0356,-75.1732, ,Philadelphia
 ,8198,2017076236,6,67,67301,2017,6,2,910,9,1,1,0,5,1, , ,N,0,0,0,3,0,1,2,2,N, ,40 03:12.077,75 00:23.837,915, ,912, ,0, ,N, ,0, , , , , ,83836, , , ,2,2,0,0,0,0,0,0,0,0,0,0,1,1,0,0,0,0,0,0,0,0,1,0,0,0,0,0,0,0,0,0,0,0,0,8,0,40.0534,-75.0066, ,Philadelphia
 ,8199,2017097973,6,67,67301,2017,9,5,800,8,1,1,0,4,1, , ,N,1,3,0,3,0,2,3,2,N, ,40 03:15.699,75 09:18.662,915, ,810, ,0, , , ,3, , , , , ,83845, , , ,2,1,0,0,0,0,1,0,0,0,0,0,2,2,0,0,0,0,0,0,0,0,0,1,0,0,0,0,0,0,0,0,0,0,0,8,0,40.0544,-75.1552, ,Philadelphia
 ,8200,2017091718,6,67,67301,2017,8,1,1311,13,1,1,0,4,1, , ,N,2,1,7,3,0,0,3,2,N, ,39 54:26.636,75 08:21.433,1311, ,1311, ,0, , , ,3, , , , , ,83855, , , ,2,2,0,0,0,0,0,0,0,0,0,0,0,0,0,0,0,0,0,0,1,0,0,0,0,0,0,0,0,0,0,0,0,0,0,0,0,39.9074,-75.1393, ,Philadelphia
 ,8201,2017052416,6,67,67301,2017,5,4,1045,10,1,1,0,8,1, , ,N,1,2,0,3,0,1,3,2,N,N,40 02:15.589,75 02:33.074,1053, ,1053, ,0, , , ,3, , , , , ,83865, , , ,1,1,0,0,0,0,0,0,0,0,0,1,1,0,0,0,0,0,0,0,0,0,0,0,0,0,0,0,0,0,0,0,1,0,0,4,0,40.0377,-75.0425, ,Philadelphia
 ,8202,2017078836,6,67,67301,2017,7,1,9999,99,3,1,0,4,1, , ,N,1,2,0,3,0,4,13,6,N, ,40 01:41.005,75 06:36.111,2214, ,2209,3,2,2, , ,3,Y, , , , ,83877, , , ,6,4,0,0,0,0,2,0,0,0,0,4,4,0,0,0,0,1,0,0,1,0,0,0,0,0,0,0,0,0,0,0,0,0,0,4,0,40.028,-75.1101, ,Philadelphia
 ,8203,2017086790,6,67,67301,2017,4,6,9999,99,1,1,0,6,1, , ,N,2,0,0,3,0,1,2,3,N, ,40 05:56.320,74 57:53.189,1708, ,1700, ,0, , , ,0, , , , , ,83879, , , ,3,2,0,0,1,0,0,0,0,0,0,0,1,1,0,0,0,0,0,0,0,1,0,0,0,0,0,0,0,0,0,0,0,0,0,8,0,40.099,-74.9648, ,Philadelphia
 ,8204,2017100239,6,67,67301,2017,9,1,2122,21,3,1,0,1,1, , ,N,0,0,0,3,0,0,2,2,N,N,39 56:57.475,75 11:05.011,2122, ,2122,2,1,4, , ,0,N, , , , ,83892, , , ,2,1,0,0,0,0,1,0,0,0,0,0,0,0,0,0,0,0,0,0,1,0,0,0,0,0,0,0,0,0,0,0,0,0,0,0,0,39.9493,-75.1848, ,Philadelphia
 ,8205,2017109808,6,67,67301,2017,9,4,1110,11,1,1,0,1,6, , ,N,0,0,0,3,0,0,1,2,N,N,40 02:40.482,75 00:31.036,1120, ,1116, ,0, ,N, ,0, , , , , ,83904, , , ,2,1,0,0,0,0,0,1,0,0,0,0,0,0,0,0,0,0,0,0,0,0,0,1,0,0,0,0,0,0,0,0,0,0,0,0,0,40.0446,-75.0086, ,Philadelphia
 ,8206,2017105922,6,67,67301,2017,9,1,1338,13,1,1,0,8,1, , ,N,0,0,0,3,0,1,2,2,N,N,40 00:49.273,75 09:09.632,1450, ,1450, ,0, ,N, ,0, , , , , ,87371, , , ,1,1,0,0,0,0,0,0,0,0,0,0,1,1,0,0,0,0,0,0,0,0,0,0,0,0,0,0,0,0,0,0,1,0,0,8,0,40.0136,-75.1526, ,Philadelphia
 ,8207,2017108112,6,67,67301,2017,10,4,1550,15,1,1,0,5,1, , ,N,0,0,0,3,0,2,3,3,N,N,39 57:01.909,75 11:35.840,1552, ,1551,1,2,3,N, ,0,N, , , , ,87374, , , ,1,1,0,0,0,0,0,0,2,0,0,0,2,2,0,0,0,0,0,0,0,0,0,1,0,0,0,0,0,0,0,0,0,0,0,8,0,39.9505,-75.1933, ,Philadelphia
 ,8208,2017106054,6,67,67301,2017,9,5,1030,10,1,1,0,4,1, , ,N,1,3,0,3,0,1,2,2,N,N,39 59:57.689,75 07:22.311,2140, ,2139, ,0, ,N, ,3, , , , , ,87379, , , ,1,1,0,0,0,0,0,0,1,0,1,0,1,0,1,0,0,0,0,0,0,0,0,0,0,0,0,0,0,0,0,0,0,0,0,3,0,39.9994,-75.1229, ,Philadelphia
 ,8209,2017076178,6,67,67301,2017,6,6,805,8,1,2,1,8,1, , ,N,0,0,0,3,0,1,2,2,N,N,39 57:10.173,75 09:42.668,820, ,811, ,0, ,N, ,0, , , , , ,87387, , , ,1,1,0,0,0,0,0,0,0,0,0,1,1,0,0,0,0,0,0,0,0,0,0,0,0,0,0,0,0,0,0,0,1,0,0,4,0,39.9528,-75.1619, ,Philadelphia
 ,8210,2017078859,6,67,67301,2017,7,1,20,0,3,1,1,7,4, , ,N,0,0,0,3,0,1,1,1,N,N,40 02:50.042,75 08:27.140,20, ,20, ,0, ,N, ,0, , , , , ,87390, , , ,1,0,0,0,0,0,1,0,0,0,0,1,1,0,0,0,0,0,0,0,0,0,0,0,0,0,0,0,0,0,0,0,0,0,0,4,0,40.0472,-75.1409, ,Philadelphia
U,8211,2017086773,6,67,67301,2017,4,4,1120,11,1,1,0,4,1,8,8,Y,1,0,0,3,0,1,3,2,N,N,39 57:31.363,75 09:43.712,1143,99,1131, ,0, , , ,0, ,U,U,U,U,87403,U,U,U,2,2,0,0,0,0,0,0,0,0,0,1,1,0,0,0,0,0,0,0,0,0,0,0,0,0,0,0,0,0,0,0,0,0,0,4,0,39.9587,-75.1621, ,Philadelphia