wz_ln_closure,objectid_1,crn,district,county,municipality,crash_year,crash_month,day_of_week,time_of_day,hour_of_day,illumination,weather,road_condition,collision_type,relation_to_road,work_zone_type,work_zone_loc,work_zone_ind,intersect_type,tcd_type,location_type,urban_rural,fatal_count,injury_count,person_count,total_units,sch_bus_ind,sch_zone_ind,latitude,longitude,arrival_tm,cons_zone_spd_lim,dispatch_tm,est_hrs_closed,lane_closed,ln_close_dir,ntfy_hiwy_maint,spec_juris_cd,tcd_func_cd,tfc_detour_ind,workers_pres,wz_close_detour,wz_flagger,wz_law_offcr_ind,objectid,wz_moving,wz_other,wz_shlder_mdn,vehicle_count,automobile_count,motorcycle_count,bus_count,small_truck_count,heavy_truck_count,suv_count,van_count,bicycle_count,maj_inj_count,mod_inj_count,min_inj_count,tot_inj_count,unk_inj_deg_count,unk_inj_per_count,driver_count_16yr,driver_count_17yr,driver_count_18yr,driver_count_19yr,driver_count_20yr,driver_count_50_64yr,driver_count_65_74yr,driver_count_75plus,unbelted_occ_count,unb_death_count,unb_maj_inj_count,belted_death_count,belted_maj_inj_count,mcycle_death_count,mcycle_maj_inj_count,bicycle_death_count,bicycle_maj_inj_count,ped_count,ped_death_count,ped_maj_inj_count,max_severity_level,comm_veh_count,dec_lat,dec_long,rdwy_surf_type_cd,county_name
 ,8340,2017058356,6,67,67301,2017,5,4,1620,16,1,1,0,4,1, , ,N,1,2,0,3,0,1,4,2,N,N,39 55:11.874,75 13:21.866,1620, ,1620, ,0, ,N, ,3, , , , , ,84304, , , ,2,1,0,0,0,0,1,0,0,0,0,0,1,1,3,0,0,0,0,0,0,0,0,0,0,0,0,0,0,0,0,0,0,0,0,8,0,39.9199,-75.2228, ,Philadelphia
 ,8341,2017120607,6,67,67301,2017,10,3,1027,10,1,2,1,5,6, , ,N,0,0,0,3,0,0,1,2,N, ,39 56:46.392,75 13:48.940,1038, ,1036, ,0, , , ,0, , , , , ,84326, , , ,2,1,0,0,0,0,1,0,0,0,0,0,0,0,1,0,0,0,0,0,0,0,0,0,0,0,0,0,0,0,0,0,0,0,0,9,0,39.9462,-75.2303, ,Philadelphia
 ,8342,2017096565,6,67,67301,2017,9,6,115,1,2,1,0,5,6, , ,N,0,0,0,3,0,1,2,2,N, ,40 01:09.472,75 02:55.655,130, ,120, ,0, , , ,0, , , , , ,84331, , , ,2,2,0,0,0,0,0,0,0,0,0,1,1,0,0,0,0,0,0,0,0,0,0,2,0,0,0,0,0,0,0,0,0,0,0,4,0,40.0193,-75.0488, ,Philadelphia
 ,8343,2017107971,6,67,67301,2017,8,5,1200,12,1,1,0,8,1, , ,N,1,2,0,3,0,1,2,2,N, ,39 57:18.717,75 09:15.524,1218, ,1212, ,0, , , ,3, , , , , ,84372, , , ,1,0,0,0,0,0,1,0,0,0,0,0,1,1,0,0,0,0,0,0,1,0,0,1,0,0,0,0,0,0,0,0,1,0,0,8,0,39.9552,-75.1543, ,Philadelphia
 ,8344,2017091861,6,67,67301,2017,8,7,49,0,3,1,0,4,1, , ,N,1,3,0,3,0,1,2,2,N,N,39 59:03.429,75 09:41.838,50, ,50, ,0, ,N, ,3, , , , , ,84375, , , ,2,1,0,0,0,0,0,1,0,0,0,1,1,0,0,0,0,0,1,0,0,0,0,0,0,0,0,0,0,0,0,0,0,0,0,4,0,39.9843,-75.1616, ,Philadelphia
 ,8345,2017088921,6,67,67301,2017,8,2,1730,17,1,2,1,4,1, , ,N,2,3,0,3,0,0,2,2,N,N,40 03:30.131,75 12:00.550,1740, ,1736,1,1,3,N, ,3,N, , , , ,84376, , , ,2,1,0,0,0,0,1,0,0,0,0,0,0,0,0,0,0,0,0,0,0,0,0,2,0,0,0,0,0,0,0,0,0,0,0,0,0,40.0584,-75.2002, ,Philadelphia
 ,8346,2017115900,6,67,67301,2017,10,7,1320,13,1,9,8,8,1, , ,N,0,0,0,3,0,1,2,2,N,N,39 57:07.018,75 10:18.816,1345, ,1341, ,0, ,N, ,0, , , , , ,84379, , , ,1,1,0,0,0,0,0,0,0,0,0,1,1,0,0,0,0,0,0,0,0,0,0,1,0,0,0,0,0,0,0,0,1,0,0,4,0,39.9519,-75.1719, ,Philadelphia
 ,8347,2017096664,6,67,67301,2017,9,3,1539,15,1,1,0,2,1, , ,N,0,0,0,3,0,2,2,2,N,N,40 00:15.704,75 09:07.900,1546, ,1543, ,0, ,N, ,0, , , , , ,84382, , , ,2,0,0,0,0,0,2,0,0,0,2,0,2,0,0,0,0,0,0,0,0,0,0,0,0,0,0,0,0,0,0,0,0,0,0,3,0,40.0044,-75.1522, ,Philadelphia
 ,8348,2017117012,6,67,67301,2017,10,3,111,1,3,1,0,7,2, , ,N,0,0,0,3,0,0,1,1,N,N,39 56:38.443,75 11:31.175,111, ,111, ,0, , , ,0, , , , , ,84386, , , ,1,1,0,0,0,0,0,0,0,0,0,0,0,0,0,0,0,0,0,0,0,0,0,0,0,0,0,0,0,0,0,0,0,0,0,0,0,39.944,-75.192, ,Philadelphia
 ,8349,2017090420,6,67,67301,2017,8,3,2006,20,3,2,1,7,3, , ,N,0,0,0,3,0,1,1,1,N,N,40 01:49.431,75 01:19.255,2042, ,2015,2,2,2, , ,0,N, , , , ,84424, , , ,1,0,0,0,0,1,0,0,0,0,1,0,1,0,0,0,0,0,0,0,0,0,0,0,0,0,0,0,0,0,0,0,0,0,0,3,1,40.0304,-75.022, ,Philadelphia
 ,8350,2017091828,6,67,67301,2017,8,1,9,0,3,8,1,6,1, , ,N,0,0,0,3,0,1,2,2,N,N,39 58:52.375,75 11:59.608,9, ,9,1,1,2,N, ,0,N, , , , ,87669, , , ,2,1,0,0,0,0,1,0,0,0,0,1,1,0,0,0,0,0,0,0,0,0,0,0,0,0,0,0,0,0,0,0,0,0,0,4,0,39.9812,-75.1999, ,Philadelphia
Y,8351,2017096247,6,67,67301,2017,8,4,1355,13,1,1,0,1,1,2,8,Y,0,0,3,3,0,2,3,3,N,N,39 53:51.854,75 11:07.430,1417,55,1355, ,0, , , ,0, ,Y,N,N,N,87672,Y,N,N,3,2,0,0,0,0,1,0,0,0,1,1,2,0,0,0,0,0,0,0,1,0,0,0,0,0,0,0,0,0,0,0,0,0,0,3,0,39.8977,-75.1854, ,Philadelphia
 ,8352,2017072928,6,67,67301,2017,3,3,715,7,1,1,0,1,1, , ,N,0,0,0,3,0,1,2,2,N,N,39 57:37.053,75 14:46.070,0, ,0, ,0, ,N, ,0, , , , , ,87687, , , ,2,0,0,0,0,0,0,1,0,0,0,0,1,1,0,0,0,0,0,0,2,0,0,0,0,0,0,0,0,0,0,0,0,0,0,8,0,39.9603,-75.2461, ,Philadelphia
 ,8353,2017086779,6,67,67301,2017,4,1,815,8,1,1,0,7,3, , ,N,0,0,0,3,0,1,1,2,N,N,40 01:56.822,75 04:51.951,820, ,815, ,0, ,N, ,0, , , , , ,87699, , , ,1,0,0,0,0,0,1,0,0,0,0,1,1,0,0,0,0,0,0,0,1,0,0,0,0,0,0,0,0,0,0,0,0,0,0,4,0,40.0325,-75.0811, ,Philadelphia
 ,8354,2017091774,6,67,67301,2017,8,5,853,8,1,1,0,8,1, , ,N,0,0,0,3,0,1,2,2,N,N,40 01:33.617,75 08:04.691,858, ,855, ,0, ,N, ,0, , , , , ,87711, , , ,1,1,0,0,0,0,0,0,0,0,0,0,1,1,0,0,0,0,0,0,0,0,0,1,0,0,0,0,0,0,0,0,1,0,0,8,0,40.026,-75.1346, ,Philadelphia
 ,8355,2017106020,6,67,67301,2017,9,2,1850,18,1,1,0,4,1, , ,N,1,2,0,3,0,1,2,2,N, ,40 03:52.885,74 58:56.121,1856, ,1854, ,0, , , ,3, , , , , ,87720, , , ,1,1,0,0,0,0,0,0,1,0,0,1,1,0,0,0,0,0,0,0,0,0,0,1,0,0,0,0,0,0,0,0,0,0,0,4,0,40.0647,-74.9823, ,Philadelphia
 ,8356,2017068033,6,67,67301,2017,6,7,1830,18,1,1,0,7,4, , ,N,0,0,0,3,0,0,2,1,N,N,40 02:14.279,75 13:28.449,1839, ,1830, ,0, ,N, ,0, , , , , ,87726, , , ,1,1,0,0,0,0,0,0,0,0,0,0,0,0,0,0,0,0,0,0,0,0,0,0,0,0,0,0,0,0,0,0,0,0,0,0,0,40.0373,-75.2246, ,Philadelphia
 ,8357,2017086147,6,67,67301,2017,7,2,916,9,1,1,1,4,1, , ,N,1,2,0,3,0,2,2,2,N, ,39 57:44.409,75 09:40.847,924, ,921, ,0, , , ,3, , , , , ,87737, , , ,2,2,0,0,0,0,0,0,0,0,1,1,2,0,0,0,0,0,0,0,0,0,0,0,0,0,0,0,0,0,0,0,0,0,0,3,0,39.9623,-75.1613, ,Philadelphia
 ,8358,2017076308,6,67,67301,2017,6,4,1205,12,1,1,0,4,1, , ,N,2,0,0,3,0,1,3,2,N, ,39 54:53.642,75 09:24.146,1220, ,1217, ,0, , , ,0, , , , , ,87739, , , ,2,1,1,0,0,0,0,0,0,0,1,0,1,0,0,1,0,0,0,0,0,0,0,0,0,0,0,0,0,0,0,0,0,0,0,3,0,39.9149,-75.1566, ,Philadelphia
 ,8359,2017076349,6,67,67301,2017,6,2,1615,16,1,1,0,4,1, , ,N,1,2,0,3,0,0,1,2,N,N,39 58:49.320,75 10:15.311,1652, ,1650, ,0, ,N, ,3, , , , , ,87740, , , ,2,1,0,0,0,0,0,0,0,0,0,0,0,0,0,0,0,0,0,0,0,0,0,0,0,0,0,0,0,0,0,0,0,0,0,0,0,39.9804,-75.1709, ,Philadelphia
 ,8360,2017091819,6,67,67301,2017,8,3,257,2,3,2,1,0,1, , ,N,3,2,0,3,0,1,1,3,N,N,40 00:39.388,75 09:52.725,300, ,257, ,0, ,N, ,3, , , , , ,87751, , , ,3,1,0,0,0,0,2,0,0,0,0,0,1,1,0,0,0,0,0,0,0,0,0,0,0,0,0,0,0,0,0,0,0,0,0,8,0,40.0109,-75.1645, ,Philadelphia
 ,8361,2017086661,6,67,67301,2017,3,5,1755,17,3,1,0,1,1, , ,N,1,3,0,3,0,1,5,5,N,N,39 57:48.592,75 13:40.731,1802, ,1800,2,2,2,N, ,3,Y, , , , ,87789, , , ,5,3,0,0,0,0,2,0,0,0,0,0,1,1,4,0,0,1,0,0,2,0,0,0,0,0,0,0,0,0,0,0,0,0,0,8,0,39.9635,-75.228, ,Philadelphia
 ,8362,2017086151,6,67,67301,2017,7,4,641,6,1,1,0,4,1, , ,N,0,2,6,3,0,0,3,3,N,N,40 05:59.935,75 00:29.926,715, ,707, ,0, ,N, ,3, , , , , ,87796, , , ,3,1,0,0,0,0,2,0,0,0,0,0,0,0,0,0,0,0,0,0,1,0,1,0,0,0,0,0,0,0,0,0,0,0,0,0,0,40.1,-75.0083, ,Philadelphia
 ,8363,2017097124,6,67,67301,2017,8,2,850,8,1,1,0,1,1, , ,N,0,0,0,3,0,1,3,2,N,N,39 57:32.340,75 10:14.386,909, ,909, ,0, , , ,0, , , , , ,87801, , , ,2,1,0,0,0,0,1,0,0,0,1,0,1,0,0,0,0,0,0,0,1,0,0,0,0,0,0,0,0,0,0,0,0,0,0,3,0,39.959,-75.1707, ,Philadelphia
 ,8364,2017091163,6,67,67301,2017,8,1,938,9,1,1,0,4,1, , ,N,1,2,0,3,0,1,4,2,N,N,40 01:25.906,75 07:03.493,946, ,945, ,0, ,N, ,3, , , , , ,87802, , , ,2,0,0,0,1,0,0,1,0,0,0,1,1,0,0,0,0,0,0,0,1,0,0,0,0,0,0,0,0,0,0,0,0,0,0,4,0,40.0239,-75.1176, ,Philadelphia
 ,8365,2017109903,6,67,67301,2017,10,6,1223,12,1,1,0,1,1, , ,N,0,0,0,3,0,2,3,2,N,N,40 05:27.279,75 01:58.206,1226, ,1225,1,2,2,N, ,0,N, , , , ,87813, , , ,2,1,0,0,1,0,0,0,0,0,0,0,2,2,0,0,0,0,0,0,0,1,0,2,0,0,0,0,0,0,0,0,0,0,0,8,0,40.0909,-75.0328, ,Philadelphia
 ,8366,2017078530,6,67,67301,2017,7,1,2116,21,3,2,1,7,4, , ,N,0,0,0,3,0,0,1,1,N,N,39 55:24.160,75 11:32.076,2145, ,2116,2,1,3, , ,0,N, , , , ,87830, , , ,1,0,0,0,0,0,1,0,0,0,0,0,0,0,0,0,0,0,0,0,0,0,0,0,0,0,0,0,0,0,0,0,0,0,0,0,0,39.9234,-75.1922, ,Philadelphia
 ,8367,2017116131,6,67,67301,2017,10,7,1250,12,1,1,0,5,1, , ,N,0,0,0,3,0,1,2,2,N,N,40 02:29.540,75 04:43.770,1310, ,1305, ,0, ,N, ,0, , , , , ,87847, , , ,2,2,0,0,0,0,0,0,0,0,0,1,1,0,0,0,0,0,0,0,0,0,0,0,0,0,0,0,0,0,0,0,0,0,0,4,0,40.0415,-75.0788, ,Philadelphia
 ,8368,2017133944,6,67,67301,2017,11,4,1554,15,1,1,0,4,1, , ,N,0,0,7,3,0,2,2,2,N,N,40 04:08.200,75 05:12.200,1604, ,1555, ,0, ,N, ,0, , , , , ,92063, , , ,2,1,0,0,0,0,1,0,0,0,0,1,2,1,0,0,0,0,0,0,1,1,0,0,0,0,0,0,0,0,0,0,0,0,0,4,0,40.0689,-75.0867, ,Philadelphia
 ,8369,2017076226,6,67,67301,2017,6,1,830,8,1,1,0,4,1, , ,N,1,2,0,3,0,1,2,2,N, ,39 57:53.517,75 13:33.924,847, ,842, ,0, , , ,3, , , , , ,92079, , , ,2,2,0,0,0,0,0,0,0,0,0,0,1,1,0,0,0,0,0,0,0,0,0,0,0,0,0,0,0,0,0,0,0,0,0,8,0,39.9649,-75.2261, ,Philadelphia
 ,8370,2017086861,6,67,67301,2017,5,7,1232,12,1,2,1,6,1, , ,N,0,0,0,3,0,2,6,2,N,N,39 58:36.775,75 11:22.314,1240, ,1236,1,2,5,N, ,0,Y, , , , ,92090, , , ,2,1,0,0,1,0,0,0,0,0,0,2,2,0,0,0,1,0,0,0,0,1,0,1,0,0,0,0,0,0,0,0,0,0,0,4,0,39.9769,-75.1895, ,Philadelphia
 ,8371,2017078843,6,67,67301,2017,7,1,2344,23,3,1,0,4,1, , ,N,2,2,7,3,0,1,4,2,N, ,40 02:44.193,75 03:23.098,2, ,2359, ,0, , , ,3, , , , , ,92117, , , ,2,1,0,0,0,0,1,0,0,0,0,1,1,0,0,0,0,0,0,0,0,0,0,4,0,0,0,0,0,0,0,0,0,0,0,4,0,40.0456,-75.0564, ,Philadelphia
 ,8372,2017086634,6,67,67301,2017,5,2,1140,11,1,2,1,8,1, , ,N,1,2,0,3,0,1,2,2,N,N,40 04:13.892,75 12:02.251,1330, ,1317, ,0, ,N, ,3, , , , , ,92120, , , ,1,1,0,0,0,0,0,0,0,0,0,1,1,0,0,0,0,0,0,0,0,0,0,0,0,0,0,0,0,0,0,0,1,0,0,4,0,40.0705,-75.2006, ,Philadelphia
 ,8373,2017108050,6,67,67301,2017,9,1,119,1,3,1,0,5,1, , ,N,0,0,0,3,0,1,3,2,N,N,40 02:36.917,75 06:11.809,155, ,145,2,2,1,N, ,0,Y, , , , ,92129, , , ,2,1,0,0,0,0,1,0,0,0,1,0,1,0,0,0,0,0,0,0,0,0,0,0,0,0,0,0,0,0,0,0,0,0,0,3,0,40.0436,-75.1033, ,Philadelphia
 ,8374,2017111556,6,67,67301,2017,10,4,1841,18,3,1,0,8,1, , ,N,0,0,0,3,0,1,3,2,N, ,40 01:12.417,75 03:22.316,1851, ,1844, ,0, , , ,0, , , , , ,92130, , , ,1,0,0,0,0,0,1,0,0,0,0,0,1,1,0,0,0,0,1,0,0,0,0,1,0,0,0,0,0,0,0,0,1,0,0,8,0,40.0201,-75.0562, ,Philadelphia
 ,8375,2017120713,6,67,67301,2017,10,4,1630,16,1,1,0,4,1, , ,N,2,0,0,3,0,1,2,2,N,N,40 02:28.226,75 07:05.422,1638, ,1633,2,2,6,N, ,0,Y, , , , ,92131, , , ,2,1,0,0,0,0,1,0,0,1,0,0,1,0,0,0,0,0,0,0,1,0,0,1,0,1,0,0,0,0,0,0,0,0,0,2,0,40.0412,-75.1182, ,Philadelphia
 ,8376,2017101814,6,67,67301,2017,9,2,1200,12,1,1,0,1,1, , ,N,0,0,0,3,0,1,2,2,N, ,39 59:22.060,75 05:23.896,1210, ,1207, ,0, , , ,0, , , , , ,92138, , , ,2,0,1,0,0,0,0,0,0,0,0,1,1,0,0,0,0,0,0,0,1,0,0,0,0,0,0,0,0,0,0,0,0,0,0,4,0,39.9895,-75.09, ,Philadelphia
 ,8377,2017089463,6,67,67301,2017,8,7,1914,19,4,1,0,0,1, , ,N,0,0,2,3,0,0,2,1,N,N,39 57:42.501,75 10:55.362,1929, ,1916,1,2,4, , ,0,N, , , , ,92169, , , ,1,0,0,0,1,0,0,0,0,0,0,0,0,0,0,0,0,0,0,0,0,0,0,0,0,0,0,0,0,0,0,0,0,0,0,0,0,39.9617,-75.1825, ,Philadelphia
 ,8378,2017076191,6,67,67301,2017,6,1,1735,17,1,1,0,4,1, , ,N,0,0,0,3,0,1,2,2,N, ,40 00:00.912,75 08:32.681,1935, ,1917, ,0, , , ,0, , , , , ,92221, , , ,2,1,0,0,0,0,0,1,0,0,0,0,1,1,0,0,0,0,0,0,0,0,0,1,0,0,0,0,0,0,0,0,0,0,0,8,0,40.0003,-75.1424, ,Philadelphia
 ,8379,2017091009,6,67,67301,2017,8,2,210,2,3,1,0,7,5, , ,N,0,0,2,3,0,1,2,2,N,N,39 57:24.044,75 09:11.109,224, ,212, ,0, , , ,0, , , , , ,92224, , , ,2,1,1,0,0,0,0,0,0,0,0,0,1,1,0,0,0,0,0,0,0,0,0,0,0,0,0,0,0,0,0,0,0,0,0,8,0,39.9567,-75.1531, ,Philadelphia
 ,8380,2017096496,6,67,67301,2017,8,2,1700,17,1,1,0,8,1, , ,N,1,2,0,3,0,1,2,2,N,N,40 02:18.911,75 08:33.274,1700, ,1700, ,0, ,N, ,3, , , , , ,92240, , , ,1,0,0,0,0,0,1,0,0,0,0,1,1,0,0,0,0,0,0,0,0,0,0,1,0,0,0,0,0,0,0,0,1,0,0,4,0,40.0386,-75.1426, ,Philadelphia
 ,8381,2017093521,6,67,67301,2017,8,2,1439,14,1,1,0,1,1, , ,N,0,3,0,3,0,1,2,2,N, ,39 55:15.463,75 08:35.336,1529, ,1522, ,0, , , ,3, , , , , ,92243, , , ,2,1,0,0,0,0,0,1,0,0,0,1,1,0,0,0,0,0,0,0,0,0,0,1,0,0,0,0,0,0,0,0,0,0,0,4,0,39.9209,-75.1431, ,Philadelphia
 ,8382,2017055615,6,67,67301,2017,5,6,1600,16,1,1,1,4,1, , ,N,1,3,0,3,0,1,2,2,N, ,40 03:17.085,75 09:04.662,2030, ,2030, ,0, , , ,3, , , , , ,92252, , , ,2,1,0,0,0,0,1,0,0,0,0,1,1,0,1,0,0,0,0,0,1,0,0,0,0,0,0,0,0,0,0,0,0,0,0,4,0,40.0547,-75.1513, ,Philadelphia
 ,8383,2017059866,6,67,67301,2017,5,3,1206,12,1,2,1,7,4, , ,N,0,0,0,3,0,1,1,1,N,N,39 57:25.267,75 09:19.555,1207, ,1207,3,1,4, , ,0,N, , , , ,92254, , , ,1,0,0,0,0,1,0,0,0,0,1,0,1,0,0,0,0,0,0,0,1,0,0,0,0,0,0,0,0,0,0,0,0,0,0,3,1,39.957,-75.1554, ,Philadelphia
 ,8384,2017108006,6,67,67301,2017,9,7,445,4,3,1,0,5,6, , ,N,0,0,0,3,0,0,1,3,N,N,40 06:03.294,75 02:18.348,506, ,501, ,0, , , ,0, , , , , ,92274, , , ,3,1,0,0,0,0,1,1,0,0,0,0,0,0,0,0,0,1,0,0,0,0,0,0,0,0,0,0,0,0,0,0,0,0,0,0,0,40.1009,-75.0384, ,Philadelphia
 ,8385,2017117223,6,67,67301,2017,10,3,1645,16,1,1,0,1,1, , ,N,0,2,0,3,0,1,4,2,N,N,40 01:28.699,75 07:43.212,1728, ,1713, ,0, ,N, ,3, , , , , ,92279, , , ,2,0,0,0,0,0,2,0,0,0,0,1,1,0,0,0,0,0,0,0,1,0,0,0,0,0,0,0,0,0,0,0,0,0,0,4,0,40.0246,-75.1287, ,Philadelphia
 ,8386,2017096472,6,67,67301,2017,8,3,1235,12,1,2,1,4,1, , ,N,1,3,0,3,0,1,3,2,N,N,40 02:56.557,75 05:40.778,1255, ,1239,1,1,3,N, ,3,Y, , , , ,81242, , , ,2,1,0,0,0,1,0,0,0,0,0,0,1,1,0,0,0,0,0,0,0,0,0,2,0,0,0,0,0,0,0,0,0,0,0,8,1,40.049,-75.0947, ,Philadelphia
 ,8387,2017033390,6,67,67301,2017,3,2,144,1,3,2,1,7,4, , ,N,0,0,3,3,0,0,1,1,N,N,40 02:10.099,75 00:56.438,205, ,152, ,0, , , ,0, , , , , ,81265, , , ,1,1,0,0,0,0,0,0,0,0,0,0,0,0,0,0,0,0,1,0,0,0,0,0,0,0,0,0,0,0,0,0,0,0,0,0,0,40.0361,-75.0157, ,Philadelphia
 ,8388,2017058322,6,67,67301,2017,5,5,1550,15,1,1,0,5,1, , ,N,0,0,0,3,0,1,2,2,N,N,39 56:59.253,75 12:25.407,1700, ,1649, ,0, ,N, ,0, , , , , ,81277, , , ,1,1,0,0,0,0,0,0,1,0,0,1,1,0,0,0,0,0,0,0,1,0,0,1,0,0,0,0,0,0,0,0,0,0,0,4,0,39.9498,-75.207, ,Philadelphia
 ,8389,2017088912,6,67,67301,2017,8,3,9999,99,3,1,0,5,6, , ,N,0,0,0,3,0,0,2,2,N,N,39 59:45.477,75 08:14.398,2045, ,2045, ,0, ,N, ,0, , , , , ,81303, , , ,2,2,0,0,0,0,0,0,0,0,0,0,0,0,0,0,0,0,0,0,0,0,0,0,0,0,0,0,0,0,0,0,0,0,0,0,0,39.996,-75.1373, ,Philadelphia
 ,8390,2017086643,6,67,67301,2017,2,6,1644,16,1,1,0,4,1, , ,N,1,2,0,3,0,1,3,2,N, ,40 02:39.449,75 03:14.767,1654, ,1651,1,1,1, , ,3,N, , , , ,81304, , , ,2,1,0,0,0,0,1,0,0,0,0,1,1,0,0,0,0,0,0,0,0,1,0,0,0,0,0,0,0,0,0,0,0,0,0,4,0,40.0443,-75.0541, ,Philadelphia
 ,8391,2017067731,6,67,67301,2017,5,1,1934,19,1,1,0,1,1, , ,N,0,0,3,3,0,1,6,4,N,N,39 53:51.947,75 12:41.565,1939, ,1934,2,2,6,N, ,0,Y, , , , ,81334, , , ,4,4,0,0,0,0,0,0,0,0,0,1,1,0,0,0,0,0,0,0,2,0,0,0,0,0,0,0,0,0,0,0,0,0,0,4,0,39.8995,-75.2076, ,Philadelphia
 ,8392,2017106058,6,67,67301,2017,9,3,2145,21,3,2,1,4,1, , ,N,1,2,0,3,0,2,4,2,N,N,39 59:21.634,75 09:19.704,2155, ,2145, ,0, ,N, ,3, , , , , ,81358, , , ,2,1,0,1,0,0,0,0,0,0,0,2,2,0,0,0,0,0,0,1,0,0,0,1,0,0,0,0,0,0,0,0,0,0,0,4,1,39.9893,-75.1555, ,Philadelphia
 ,8393,2017078762,6,67,67301,2017,7,1,835,8,1,1,0,1,1, , ,N,0,2,0,3,0,1,3,3,N,N,40 00:04.503,75 06:00.043,850, ,840,2,2,5,N, ,3,Y, , , , ,81367, , , ,3,0,0,0,1,1,1,0,0,0,0,1,1,0,0,0,0,0,0,0,0,0,0,0,0,0,0,0,0,0,0,0,0,0,0,4,1,40.0012,-75.1, ,Philadelphia
 ,8394,2017098012,6,67,67301,2017,9,7,2130,21,3,1,0,5,6, , ,N,0,0,0,3,0,2,3,2,N,N,40 05:22.715,74 58:06.760,2135, ,2135, ,0, , , ,0, , , , , ,81380, , , ,2,2,0,0,0,0,0,0,0,0,0,2,2,0,0,0,0,0,0,0,0,0,0,1,0,0,0,0,0,0,0,0,0,0,0,4,0,40.0896,-74.9685, ,Philadelphia
 ,8395,2017091768,6,67,67301,2017,8,5,1941,19,1,1,0,5,6, , ,N,0,0,0,3,0,2,2,2,N, ,39 57:53.150,75 12:05.716,1941, ,9999,2,1,4, , ,0,N, , , , ,81384, , , ,2,2,0,0,0,0,0,0,0,0,0,2,2,0,0,0,0,0,0,0,0,0,0,0,0,0,0,0,0,0,0,0,0,0,0,4,0,39.9648,-75.2016, ,Philadelphia
 ,8396,2017125128,6,67,67301,2017,10,6,1400,14,1,1,0,8,1, , ,N,1,3,0,3,0,1,2,2,N,N,39 58:05.093,75 12:07.413,1409, ,1405, ,0, ,N, ,3, , , , , ,81388, , , ,1,1,0,0,0,0,0,0,0,0,0,1,1,0,0,0,0,0,0,0,1,0,0,0,0,0,0,0,0,0,0,0,1,0,0,4,0,39.9681,-75.2021, ,Philadelphia
 ,8397,2017116009,6,67,67301,2017,10,5,1955,19,3,1,0,5,1, , ,N,0,0,0,3,0,1,2,2,N,N,39 58:51.847,75 11:15.639,1959, ,1958, ,0, ,N, ,0, , , , , ,81389, , , ,2,0,1,0,0,0,0,1,0,1,0,0,1,0,0,0,0,0,0,0,0,0,0,0,0,0,0,0,0,1,0,0,0,0,0,2,0,39.9811,-75.1877, ,Philadelphia
 ,8398,2017115982,6,67,67301,2017,10,5,1647,16,1,1,0,4,1, , ,N,1,2,0,3,0,1,2,2,N,N,39 56:14.629,75 09:46.965,1655, ,1648, ,0, ,N, ,3, , , , , ,81391, , , ,1,1,0,0,0,0,0,0,1,0,0,1,1,0,0,0,0,0,0,0,1,0,0,1,0,0,0,0,0,0,0,0,0,0,0,4,0,39.9374,-75.163, ,Philadelphia
 ,8399,2017096588,6,67,67301,2017,8,5,1022,10,1,1,0,1,6, , ,N,0,0,0,3,0,1,1,2,N, ,40 01:42.460,75 03:45.141,1031, ,1029, ,0, , , ,0, , , , , ,81396, , , ,2,1,0,0,0,0,1,0,0,0,0,0,1,1,0,0,0,0,0,0,1,0,0,0,0,0,0,0,0,0,0,0,0,0,0,8,0,40.0284,-75.0625, ,Philadelphia
 ,8400,2017127352,6,67,67301,2017,11,1,1130,11,1,1,0,5,6, , ,N,0,0,0,3,0,1,2,2,N, ,39 54:56.573,75 10:17.860,1145, ,1140,3,1,2, , ,0,N, , , , ,81402, , , ,2,1,1,0,0,0,0,0,0,0,1,0,1,0,0,0,0,0,0,0,0,0,0,1,0,0,0,0,0,0,0,0,0,0,0,3,0,39.9157,-75.1716, ,Philadelphia
 ,8401,2017052410,6,67,67301,2017,4,1,2232,22,3,1,0,4,1, , ,N,0,0,0,3,0,0,2,2,N,N,39 59:05.300,75 12:46.800,2240, ,2233, ,0, ,N, ,0, , , , , ,81405, , , ,2,1,0,0,0,0,1,0,0,0,0,0,0,0,0,0,0,0,0,0,0,0,0,0,0,0,0,0,0,0,0,0,0,0,0,0,0,39.9848,-75.213, ,Philadelphia
 ,8402,2017060511,6,67,67301,2017,5,5,528,5,1,1,0,4,1, , ,N,1,3,0,3,0,1,3,3,N,N,40 01:27.530,75 09:40.561,537, ,530, ,0, ,N, ,3, , , , , ,81409, , , ,3,3,0,0,0,0,0,0,0,0,0,0,1,1,1,0,0,0,0,0,1,0,0,1,0,0,0,0,0,0,0,0,0,0,0,8,0,40.0243,-75.1613, ,Philadelphia
 ,8403,2017058229,6,67,67301,2017,5,1,301,3,3,1,0,5,6, , ,N,0,0,0,3,0,0,1,3,N,N,40 02:53.668,75 04:09.624,313, ,303,2,1,4,N, ,0,N, , , , ,81414, , , ,3,0,0,0,0,0,2,1,0,0,0,0,0,0,0,0,0,0,0,0,0,0,0,1,0,0,0,0,0,0,0,0,0,0,0,0,0,40.0482,-75.0693, ,Philadelphia