wz_ln_closure,objectid_1,crn,district,county,municipality,crash_year,crash_month,day_of_week,time_of_day,hour_of_day,illumination,weather,road_condition,collision_type,relation_to_road,work_zone_type,work_zone_loc,work_zone_ind,intersect_type,tcd_type,location_type,urban_rural,fatal_count,injury_count,person_count,total_units,sch_bus_ind,sch_zone_ind,latitude,longitude,arrival_tm,cons_zone_spd_lim,dispatch_tm,est_hrs_closed,lane_closed,ln_close_dir,ntfy_hiwy_maint,spec_juris_cd,tcd_func_cd,tfc_detour_ind,workers_pres,wz_close_detour,wz_flagger,wz_law_offcr_ind,objectid,wz_moving,wz_other,wz_shlder_mdn,vehicle_count,automobile_count,motorcycle_count,bus_count,small_truck_count,heavy_truck_count,suv_count,van_count,bicycle_count,maj_inj_count,mod_inj_count,min_inj_count,tot_inj_count,unk_inj_deg_count,unk_inj_per_count,driver_count_16yr,driver_count_17yr,driver_count_18yr,driver_count_19yr,driver_count_20yr,driver_count_50_64yr,driver_count_65_74yr,driver_count_75plus,unbelted_occ_count,unb_death_count,unb_maj_inj_count,belted_death_count,belted_maj_inj_count,mcycle_death_count,mcycle_maj_inj_count,bicycle_death_count,bicycle_maj_inj_count,ped_count,ped_death_count,ped_maj_inj_count,max_severity_level,comm_veh_count,dec_lat,dec_long,rdwy_surf_type_cd,county_name
 ,8468,2017116233,6,67,67301,2017,10,7,1430,14,1,1,0,1,1, , ,N,1,2,0,3,0,2,3,2,N,N,40 02:12.846,75 08:02.866,1720, ,1720, ,0, ,N, ,3, , , , , ,81527, , , ,2,1,0,0,0,0,1,0,0,0,0,1,2,1,0,0,0,0,1,0,0,0,0,1,0,0,0,0,0,0,0,0,0,0,0,4,0,40.0369,-75.1341, ,Philadelphia
 ,8469,2017106308,6,67,67301,2017,10,5,2036,20,2,1,0,1,1, , ,N,0,0,0,3,0,0,2,2,N,N,39 57:35.896,75 10:42.816,2100, ,2050, ,0, , , ,0, , , , , ,81531, , , ,2,1,0,0,0,0,1,0,0,0,0,0,0,0,0,0,0,0,0,0,1,0,0,0,0,0,0,0,0,0,0,0,0,0,0,0,0,39.96,-75.1786, ,Philadelphia
 ,8470,2017096424,6,67,67301,2017,8,3,2151,21,3,2,1,5,1, , ,N,0,0,3,3,0,1,3,3,N, ,39 53:52.438,75 12:40.519,2200, ,2151, ,0, , , ,0, , , , , ,81534, , , ,3,2,0,0,0,0,1,0,0,0,0,1,1,0,2,0,0,0,0,0,1,0,0,0,0,0,0,0,0,0,0,0,0,0,0,4,0,39.8996,-75.2074, ,Philadelphia
 ,8471,2017097498,6,67,67301,2017,9,4,1610,16,1,1,0,1,1, , ,N,0,0,0,3,0,1,2,2,N,N,39 58:53.994,75 06:07.395,1622, ,1618,2,2,2, , ,0,N, , , , ,81535, , , ,2,1,0,0,1,0,0,0,0,0,0,0,1,1,0,0,0,0,0,1,0,1,0,0,0,0,0,0,0,0,0,0,0,0,0,8,0,39.9817,-75.1021, ,Philadelphia
 ,8472,2017105908,6,67,67301,2017,9,1,1940,19,3,1,0,4,1, , ,N,1,2,0,3,0,2,3,2,N, ,39 55:26.156,75 13:19.597,1951, ,1940, ,0, , , ,3, , , , , ,81538, , , ,2,0,0,0,0,0,2,0,0,1,0,1,2,0,0,0,0,0,0,0,2,0,0,1,0,0,0,0,0,0,0,0,0,0,0,2,0,39.9239,-75.2221, ,Philadelphia
 ,8473,2017120675,6,67,67301,2017,10,6,617,6,3,1,0,4,1, , ,N,1,2,8,3,0,0,2,2,N,N,39 56:50.944,75 11:15.670,620, ,618, ,0, , , ,3, , , , , ,81545, , , ,2,1,0,0,0,0,0,0,0,0,0,0,0,0,0,0,0,0,0,0,0,0,0,0,0,0,0,0,0,0,0,0,0,0,0,0,0,39.9475,-75.1877, ,Philadelphia
 ,8474,2017105887,6,67,67301,2017,9,5,1503,15,1,1,0,8,1, , ,N,1,3,0,3,0,1,2,2,N, ,39 59:46.723,75 08:10.895,1530, ,1525, ,0, , , ,3, , , , , ,81546, , , ,1,0,0,0,0,0,0,0,0,0,1,0,1,0,0,0,0,0,0,0,0,0,0,0,0,0,0,0,0,0,0,0,1,0,0,3,0,39.9963,-75.1364, ,Philadelphia
 ,8475,2017105891,6,67,67301,2017,9,1,1815,18,1,1,0,5,1, , ,N,0,0,0,3,0,1,4,4,N, ,39 59:10.097,75 12:56.898,1900, ,1849,1,1,1, , ,0,N, , , , ,81550, , , ,4,3,0,0,1,0,0,0,0,0,0,0,1,1,0,0,0,0,0,0,1,1,0,1,0,0,0,0,0,0,0,0,0,0,0,8,0,39.9861,-75.2158, ,Philadelphia
 ,8476,2017078529,6,67,67301,2017,7,7,2138,21,3,1,7,5,1, , ,N,0,0,0,3,0,0,3,2,N,N,39 57:16.208,75 08:29.785,2157, ,2138, ,0, , , ,0, , , , , ,84592, , , ,2,1,0,0,0,0,1,0,0,0,0,0,0,0,0,0,0,0,0,0,0,0,0,0,0,0,0,0,0,0,0,0,0,0,0,0,0,39.9545,-75.1416, ,Philadelphia
 ,8477,2017070437,6,67,67301,2017,6,4,747,7,1,1,0,8,1, , ,N,2,3,0,3,0,1,2,2,N,Y,39 57:06.800,75 10:41.948,755, ,750,1,1,4,N, ,3,N, , , , ,84593, , , ,1,1,0,0,0,0,0,0,0,0,0,0,1,1,0,0,0,0,0,0,0,0,0,1,0,0,0,0,0,0,0,0,1,0,0,8,0,39.9519,-75.1783, ,Philadelphia
 ,8478,2017118614,6,67,67301,2017,11,4,1723,17,3,1,0,1,1, , ,N,0,0,0,3,0,1,2,2,N,N,40 00:20.727,75 04:30.610,1819, ,1726, ,0, , , ,0, , , , , ,84609, , , ,2,2,0,0,0,0,0,0,0,0,1,0,1,0,0,0,0,0,0,0,0,0,0,0,0,0,0,0,0,0,0,0,0,0,0,3,0,40.0058,-75.0752, ,Philadelphia
 ,8479,2017124696,6,67,67301,2017,11,2,850,8,1,1,0,7,2, , ,N,0,0,0,3,0,0,1,1,N,N,40 00:33.639,75 03:57.499,854, ,854,1,2,1, , ,0,N, , , , ,84655, , , ,1,1,0,0,0,0,0,0,0,0,0,0,0,0,0,0,0,0,0,0,0,0,0,0,0,0,0,0,0,0,0,0,0,0,0,0,0,40.0093,-75.066, ,Philadelphia
 ,8480,2017101871,6,67,67301,2017,9,3,1155,11,1,1,0,4,1, , ,N,1,2,0,3,0,3,4,3,N,N,40 05:41.151,75 00:55.209,1205, ,1157,2,1,2, , ,3,N, , , , ,84661, , , ,3,2,0,0,0,0,1,0,0,0,1,2,3,0,0,0,0,0,0,0,1,0,1,2,0,0,0,0,0,0,0,0,0,0,0,3,0,40.0948,-75.0153, ,Philadelphia
 ,8481,2017127336,6,67,67301,2017,11,1,118,1,3,1,0,5,6, , ,N,0,0,0,3,0,0,5,3,N,N,40 01:37.146,75 06:27.088,125, ,118, ,0, ,N, ,0, , , , , ,84674, , , ,3,1,0,0,0,0,1,1,0,0,0,0,0,0,0,0,0,0,0,0,0,0,0,0,0,0,0,0,0,0,0,0,0,0,0,0,0,40.0266,-75.1079, ,Philadelphia
 ,8482,2017097075,6,67,67301,2017,9,7,2026,20,3,2,7,1,1, , ,N,0,0,0,3,0,0,2,2,N,N,39 52:42.217,75 15:00.474,2037, ,2026, ,0, , , ,0, , , , , ,84697, , , ,2,2,0,0,0,0,0,0,0,0,0,0,0,0,0,0,1,0,0,0,0,0,0,0,0,0,0,0,0,0,0,0,0,0,0,0,0,39.8784,-75.2501, ,Philadelphia
 ,8483,2017109812,6,67,67301,2017,9,4,1102,11,1,1,0,8,1, , ,N,0,0,0,3,0,1,2,2,N,N,39 58:10.800,75 10:15.200,1107, ,1102, ,0, ,N, ,0, , , , , ,84710, , , ,1,1,0,0,0,0,0,0,0,0,1,0,1,0,0,0,0,0,0,0,0,0,0,1,0,0,0,0,0,0,0,0,1,0,0,3,0,39.9697,-75.1709, ,Philadelphia
 ,8484,2017133947,6,67,67301,2017,11,3,1730,17,3,1,0,8,1, , ,N,1,2,0,3,0,1,2,2,N,N,39 55:19.923,75 13:49.185,1740, ,1734, ,0, ,N, ,3, , , , , ,84722, , , ,1,1,0,0,0,0,0,0,0,0,0,1,1,0,0,0,0,0,0,0,0,0,0,0,0,0,0,0,0,0,0,0,1,0,0,4,0,39.9222,-75.2303, ,Philadelphia
 ,8485,2017055571,6,67,67301,2017,4,1,1808,18,1,1,0,8,1, , ,N,0,0,0,3,0,1,2,2,N,N,39 56:15.206,75 13:16.327,1810, ,1809, ,0, ,N, ,0, , , , , ,84734, , , ,1,0,0,0,1,0,0,0,0,0,0,1,1,0,0,0,0,0,0,1,0,0,0,0,0,0,0,0,0,0,0,0,1,0,0,4,0,39.9376,-75.2212, ,Philadelphia
 ,8486,2017067939,6,67,67301,2017,5,1,50,0,3,1,0,1,1, , ,N,1,2,0,3,0,0,6,2,N,N,39 57:14.542,75 10:35.981,103, ,102, ,0, ,N, ,3, , , , , ,84746, , , ,2,1,0,0,0,0,1,0,0,0,0,0,0,0,0,0,0,0,0,0,0,0,0,0,0,0,0,0,0,0,0,0,0,0,0,0,0,39.954,-75.1767, ,Philadelphia
 ,8487,2017117227,6,67,67301,2017,10,1,2310,23,3,1,0,1,1, , ,N,1,2,0,3,0,1,5,2,N, ,40 06:46.747,75 01:23.201,2323, ,2322, ,0, , , ,3, , , , , ,84762, , , ,2,0,0,0,0,0,2,0,0,0,1,0,1,0,0,0,0,0,0,0,0,1,0,0,0,0,0,0,0,0,0,0,0,0,0,3,0,40.113,-75.023, ,Philadelphia
 ,8488,2017093653,6,67,67301,2017,8,3,645,6,5,1,0,4,1, , ,N,1,2,0,3,0,1,2,2,N,N,39 59:14.704,75 13:56.672,710, ,650, ,0, , , ,3, , , , , ,84772, , , ,2,2,0,0,0,0,0,0,0,0,0,1,1,0,0,0,0,0,0,0,1,0,0,0,0,0,0,0,0,0,0,0,0,0,0,4,0,39.9874,-75.2324, ,Philadelphia
 ,8489,2017086886,6,67,67301,2017,5,4,1415,14,1,1,0,1,1, , ,N,0,0,0,3,0,1,5,4,N,N,39 59:22.154,75 06:25.929,1427, ,1423, ,0, ,N, ,0, , , , , ,84786, , , ,4,2,0,0,0,0,2,0,0,0,0,1,1,0,0,0,0,0,0,0,0,0,0,4,0,0,0,0,0,0,0,0,0,0,0,4,0,39.9895,-75.1072, ,Philadelphia
 ,8490,2017076293,6,67,67301,2017,6,4,235,2,3,1,0,4,1, , ,N,1,2,0,3,0,6,6,4,N,N,39 56:34.910,75 09:07.618,245, ,240,2,2,2,N, ,3,Y, , , , ,84788, , , ,4,4,0,0,0,0,0,0,0,0,0,6,6,0,0,0,0,0,0,0,0,0,0,0,0,0,0,0,0,0,0,0,0,0,0,4,0,39.943,-75.1521, ,Philadelphia
 ,8491,2017115913,6,67,67301,2017,10,4,1608,16,1,1,0,8,1, , ,N,0,0,0,3,0,1,2,2,N, ,39 58:36.055,75 14:25.076,1610, ,1610,1,2,5, , ,0,Y, , , , ,84806, , , ,1,1,0,0,0,0,0,0,0,0,1,0,1,0,0,0,0,0,0,0,0,0,0,0,0,0,0,0,0,0,0,0,1,0,0,3,0,39.9767,-75.2403, ,Philadelphia
 ,8492,2017086803,6,67,67301,2017,5,5,46,0,3,1,0,7,4, , ,N,1,2,0,3,0,1,1,1,N,N,40 01:24.650,75 04:47.895,250, ,246, ,0, ,N, ,3, , , , , ,84810, , , ,1,1,0,0,0,0,0,0,0,0,0,1,1,0,0,0,0,0,0,0,1,0,0,0,0,0,0,0,0,0,0,0,0,0,0,4,0,40.0235,-75.08, ,Philadelphia
 ,8493,2017105990,6,67,67301,2017,9,3,820,8,1,1,0,8,1, , ,N,2,2,7,3,0,1,2,2,N,Y,40 02:05.216,75 07:03.111,845, ,830, ,0, ,N, ,3, , , , , ,84861, , , ,1,0,0,0,0,0,1,0,0,0,0,1,1,0,0,0,0,0,0,0,0,0,0,0,0,0,0,0,0,0,0,0,1,0,0,4,0,40.0348,-75.1175, ,Philadelphia
 ,8494,2017086306,6,67,67301,2017,7,6,1345,13,1,1,1,5,1, , ,N,0,0,0,3,0,1,2,2,N, ,39 57:47.131,75 10:01.152,1842, ,1345, ,0, , , ,0, , , , , ,88081, , , ,2,2,0,0,0,0,0,0,0,0,0,1,1,0,0,0,0,0,0,0,0,0,0,1,0,0,0,0,0,0,0,0,0,0,0,4,0,39.9631,-75.167, ,Philadelphia
 ,8495,2017091809,6,67,67301,2017,8,6,1102,11,1,1,0,4,1, , ,N,1,2,0,3,0,1,2,2,N, ,39 56:41.422,75 10:30.250,1108, ,1102, ,0, , , ,3, , , , , ,88086, , , ,1,0,0,0,1,0,0,0,1,0,0,1,1,0,0,0,0,0,0,0,0,0,0,0,0,0,0,0,0,0,0,0,0,0,0,4,0,39.9448,-75.1751, ,Philadelphia
 ,8496,2017070493,6,67,67301,2017,6,3,504,5,3,1,0,8,1, , ,N,0,0,0,3,0,1,2,2,N,N,40 00:41.503,75 08:57.938,509, ,504, ,0, ,N, ,0, , , , , ,88111, , , ,1,0,0,0,0,0,0,0,0,0,1,0,1,0,0,0,0,0,0,0,0,0,0,0,0,0,0,0,0,0,0,0,1,0,0,3,0,40.0115,-75.1494, ,Philadelphia
 ,8497,2017086162,6,67,67301,2017,7,4,645,6,1,1,8,4,1, , ,N,3,0,0,3,0,0,2,2,N,N,39 59:45.110,75 11:28.893,816, ,750, ,0, ,N, ,0, , , , , ,88133, , , ,2,1,0,0,1,0,0,0,0,0,0,0,0,0,1,0,0,0,0,0,0,0,0,0,0,0,0,0,0,0,0,0,0,0,0,9,0,39.9959,-75.1914, ,Philadelphia
 ,8498,2017084789,6,67,67301,2017,8,3,1554,15,1,2,1,1,1, , ,N,0,0,0,3,0,2,3,3,N,N,39 55:31.339,75 08:48.937,1608, ,1602,1,1,1, , ,0,N, , , , ,88135, , , ,3,1,0,0,2,0,0,0,0,0,0,0,2,2,0,0,0,0,0,0,1,0,0,0,0,0,0,0,0,0,0,0,0,0,0,8,0,39.9254,-75.1469, ,Philadelphia
 ,8499,2017060517,6,67,67301,2017,5,5,900,9,1,1,0,7,4, , ,N,0,0,0,3,0,1,1,1,N,N,39 59:37.201,75 14:32.798,915, ,904,2,1,1,N, ,0,Y, , , , ,88155, , , ,1,0,0,0,0,0,1,0,0,0,0,1,1,0,0,0,0,0,0,0,0,0,0,0,0,0,0,0,0,0,0,0,0,0,0,4,0,39.9937,-75.2424, ,Philadelphia
 ,8500,2017059265,6,67,67301,2017,5,7,1436,14,1,1,0,7,4, , ,N,0,0,0,3,0,1,1,1,N,N,39 57:25.582,75 09:24.452,1444, ,1437,2,2,3, , ,0,N, , , , ,88159, , , ,1,0,0,0,0,0,0,1,0,0,1,0,1,0,0,0,0,0,0,0,1,0,0,0,0,0,0,0,0,0,0,0,0,0,0,3,0,39.9571,-75.1568, ,Philadelphia
 ,8501,2017068058,6,67,67301,2017,6,2,1303,13,1,2,1,8,1, , ,N,1,3,0,3,0,1,2,2,N, ,39 58:33.909,75 07:10.290,1309, ,1307,1,1,4, , ,3,Y, , , , ,88160, , , ,1,1,0,0,0,0,0,0,1,0,0,1,1,0,0,0,0,0,0,0,0,1,0,0,0,0,0,0,0,0,0,0,0,0,0,4,0,39.9761,-75.1195, ,Philadelphia
 ,8502,2017083688,6,67,67301,2017,1,3,2121,21,3,1,1,5,1, , ,N,0,0,0,3,0,1,4,3,N,N,40 01:49.419,75 01:19.260,2142, ,2130,1,2,2, , ,0,N, , , , ,88172, , , ,3,1,0,0,1,0,1,0,0,0,1,0,1,0,0,0,0,0,0,0,0,0,0,0,0,0,0,0,0,0,0,0,0,0,0,3,0,40.0304,-75.022, ,Philadelphia
 ,8503,2017086799,6,67,67301,2017,4,3,1740,17,1,1,0,6,1, , ,N,5,2,0,3,0,1,2,2,N,N,40 01:22.061,75 09:32.460,1755, ,1750, ,0, ,N, ,3, , , , , ,88174, , , ,2,0,0,1,0,1,0,0,0,0,0,1,1,0,0,0,0,0,0,0,0,0,0,0,0,0,0,0,0,0,0,0,0,0,0,4,2,40.0228,-75.159, ,Philadelphia
 ,8504,2017086831,6,67,67301,2017,5,5,745,7,1,1,0,4,1, , ,N,5,2,0,3,0,1,3,2,N,N,39 57:51.728,75 10:34.926,848, ,838, ,0, ,N, ,3, , , , , ,88178, , , ,2,2,0,0,0,0,0,0,0,0,0,1,1,0,0,0,0,0,0,0,1,0,0,1,0,0,0,0,0,0,0,0,0,0,0,4,0,39.9644,-75.1764, ,Philadelphia
 ,8505,2017086077,6,67,67301,2017,7,6,1355,13,1,1,0,4,1, , ,N,2,0,0,3,0,1,2,2,N, ,40 02:18.445,75 07:29.369,1358, ,1358,1,1,1, , ,0,N, , , , ,88179, , , ,1,0,0,0,0,0,1,0,1,1,0,0,1,0,0,0,0,0,0,0,0,0,0,1,0,0,0,0,0,0,0,1,0,0,0,2,0,40.0385,-75.1248, ,Philadelphia
 ,8506,2017096734,6,67,67301,2017,9,2,1751,17,1,1,0,1,1, , ,N,0,0,0,3,0,0,7,4,N,N,39 56:34.408,75 11:35.145,1759, ,1754,3,2,4, , ,0,Y, , , , ,88185, , , ,4,1,0,0,1,1,1,0,0,0,0,0,0,0,0,0,0,0,0,0,0,1,0,0,0,0,0,0,0,0,0,0,0,0,0,0,1,39.9429,-75.1931, ,Philadelphia
 ,8507,2017091691,6,67,67301,2017,8,2,1230,12,1,1,0,4,1, , ,N,1,2,0,3,0,1,2,2,N,N,39 58:23.685,75 12:43.721,1240, ,1235, ,0, ,N, ,3, , , , , ,88192, , , ,1,1,0,0,0,0,0,0,1,0,1,0,1,0,0,0,0,0,0,0,0,0,0,0,0,0,0,0,0,0,0,0,0,0,0,3,0,39.9732,-75.2121, ,Philadelphia
 ,8508,2017115931,6,67,67301,2017,10,4,1650,16,1,1,0,5,6, , ,N,0,0,0,3,0,1,1,2,N,N,39 59:40.045,75 06:39.297,1652, ,1650, ,0, ,N, ,0, , , , , ,88194, , , ,2,2,0,0,0,0,0,0,0,0,0,1,1,0,0,0,0,0,0,0,0,0,0,0,0,0,0,0,0,0,0,0,0,0,0,4,0,39.9945,-75.1109, ,Philadelphia
 ,8509,2017109799,6,67,67301,2017,9,5,1940,19,3,1,0,4,1, , ,N,5,2,0,3,0,3,4,2,N, ,40 01:25.942,75 07:25.737,1943, ,1943, ,0, , , ,3, , , , , ,88199, , , ,2,0,0,0,1,0,1,0,0,0,0,3,3,0,0,0,0,1,0,0,0,1,0,3,0,0,0,0,0,0,0,0,0,0,0,4,0,40.0239,-75.1238, ,Philadelphia
 ,8510,2017096465,6,67,67301,2017,9,7,1542,15,1,2,1,5,1, , ,N,2,2,0,3,0,2,3,2,N,N,39 54:04.971,75 14:21.471,1620, ,1609,1,1,1,N, ,3,N, , , , ,88202, , , ,2,1,0,0,0,0,1,0,0,0,0,0,2,2,0,0,0,0,0,0,0,0,0,1,0,0,0,0,0,0,0,0,0,0,0,8,0,39.9014,-75.2393, ,Philadelphia
 ,8511,2017078706,6,67,67301,2017,6,6,815,8,1,1,0,4,1, , ,N,2,3,0,3,0,0,2,3,N,N,39 57:17.996,75 14:46.564,830, ,827, ,0, , , ,3, , , , , ,88203, , , ,3,2,0,0,0,0,1,0,0,0,0,0,0,0,0,0,0,0,0,0,0,0,0,0,0,0,0,0,0,0,0,0,0,0,0,0,0,39.955,-75.2463, ,Philadelphia
 ,8512,2017067934,6,67,67301,2017,6,5,1405,14,1,1,0,4,1, , ,N,1,3,0,3,0,1,2,5,N,N,39 59:47.554,75 09:00.521,1410, ,1405,2,2,3,N, ,3,N, , , , ,91430, , , ,5,2,0,0,2,0,0,1,0,0,0,1,1,0,0,0,0,0,0,1,1,0,0,1,0,0,0,0,0,0,0,0,0,0,0,4,0,39.9965,-75.1501, ,Philadelphia
 ,8513,2017067931,6,67,67301,2017,6,2,1953,19,1,1,0,4,1, , ,N,5,2,2,3,0,3,7,3,N, ,39 57:16.788,75 08:58.233,1956, ,1953, ,0, , , ,3, , , , , ,91437, , , ,3,1,0,0,0,0,2,0,0,0,0,3,3,0,0,0,0,0,0,0,0,1,0,0,0,0,0,0,0,0,0,0,0,0,0,4,0,39.9547,-75.1495, ,Philadelphia
 ,8514,2017087743,6,67,67301,2017,2,4,1636,16,1,1,0,1,1, , ,N,0,0,0,3,0,0,2,2,N,N,39 53:54.770,75 10:50.758,1650, ,1643, ,0, , , ,0, , , , , ,91438, , , ,2,2,0,0,0,0,0,0,0,0,0,0,0,0,0,0,0,0,0,0,1,0,0,0,0,0,0,0,0,0,0,0,0,0,0,0,0,39.8986,-75.1807, ,Philadelphia
 ,8515,2017052414,6,67,67301,2017,5,5,2101,21,3,1,0,4,1, , ,N,1,2,0,3,0,1,2,2,N,N,39 55:47.439,75 09:48.545,2107, ,2105, ,0, ,N, ,3, , , , , ,91445, , , ,1,0,0,0,0,0,1,0,1,0,1,0,1,0,1,0,0,0,0,0,0,0,0,0,0,0,0,0,0,0,0,0,0,0,0,3,0,39.9298,-75.1635, ,Philadelphia
 ,8516,2017071520,6,67,67301,2017,7,3,2315,23,3,1,0,1,1, , ,N,9,0,2,3,0,4,5,4,N,N,39 53:56.745,75 10:42.154,2323, ,2315,1,2,2, , ,0,N, , , , ,91458, , , ,4,3,0,0,0,0,1,0,0,0,0,0,3,3,0,0,0,0,0,0,0,1,0,0,0,0,0,0,0,0,0,0,0,0,0,8,0,39.8991,-75.1783, ,Philadelphia
 ,8517,2017060551,6,67,67301,2017,5,3,1545,15,1,1,0,4,1, , ,N,1,2,0,3,0,1,2,2,N,N,40 02:25.164,75 03:30.735,1552, ,1548,2,1,1,N, ,3,N, , , , ,91489, , , ,2,0,0,0,0,0,2,0,0,0,0,0,1,1,0,0,0,0,0,0,1,0,0,0,0,0,0,0,0,0,0,0,0,0,0,8,0,40.0403,-75.0585, ,Philadelphia
 ,8518,2017060582,6,67,67301,2017,5,1,1605,16,1,1,0,1,1, , ,N,3,3,0,3,0,2,5,2,N,N,39 59:45.110,75 11:28.893,1620, ,1611,1,1,1,N, ,3,N, , , , ,91494, , , ,2,2,0,0,0,0,0,0,0,0,0,2,2,0,0,0,0,0,0,0,1,0,0,0,0,0,0,0,0,0,0,0,0,0,0,4,0,39.9959,-75.1914, ,Philadelphia
 ,8519,2017088930,6,67,67301,2017,8,3,2000,20,1,1,0,2,1, , ,N,3,3,0,3,0,2,4,2,N,N,39 58:35.233,75 11:21.692,2015, ,2006, ,0, ,N, ,3, , , , , ,91511, , , ,2,1,0,0,0,0,1,0,0,0,1,1,2,0,0,0,0,0,0,0,0,0,0,4,0,0,0,0,0,0,0,0,0,0,0,3,0,39.9765,-75.1894, ,Philadelphia
N,8520,2017081528,6,67,67301,2017,6,5,1931,19,1,1,0,5,1,1,4,Y,0,0,0,3,0,0,2,3,N,N,39 58:05.762,75 07:47.806,1946,45,1936,2,2,2, , ,0,N,N,N,N,N,91549,Y,N,Y,2,1,0,0,0,1,0,0,0,0,0,0,0,0,0,0,0,0,0,0,0,0,0,0,0,0,0,0,0,0,0,0,0,0,0,0,1,39.9683,-75.1299, ,Philadelphia
 ,8521,2017091877,6,67,67301,2017,8,2,10,0,3,9,0,8,1, , ,N,1,2,0,3,0,1,2,2,N,N,40 02:16.070,75 02:16.468,2115, ,2110, ,0, , , ,9, , , , , ,91567, , , ,1,0,0,0,0,0,0,0,0,0,0,0,1,1,0,0,0,0,0,0,0,0,0,0,0,0,0,0,0,0,0,0,1,0,0,8,0,40.0378,-75.0379, ,Philadelphia
 ,8522,2017086842,6,67,67301,2017,5,3,1550,15,1,1,0,1,1, , ,N,1,2,0,3,0,1,2,2,N, ,40 05:40.347,75 00:54.154,1645, ,1635, ,0, , , ,3, , , , , ,91568, , , ,2,1,0,0,0,0,1,0,0,0,1,0,1,0,0,0,0,0,0,0,1,0,0,0,0,0,0,0,0,0,0,0,0,0,0,3,0,40.0946,-75.0152, ,Philadelphia
 ,8523,2017115971,6,67,67301,2017,10,4,755,7,1,1,0,4,1, , ,N,1,3,0,3,0,1,2,2,N,N,40 03:57.202,75 10:35.464,851, ,838, ,0, ,N, ,3, , , , , ,91610, , , ,2,2,0,0,0,0,0,0,0,0,0,0,1,1,0,0,0,0,0,0,1,0,0,1,0,0,0,0,0,0,0,0,0,0,0,8,0,40.0659,-75.1765, ,Philadelphia
 ,8524,2017101834,6,67,67301,2017,9,1,555,5,3,1,0,7,4, , ,N,0,0,0,3,0,0,1,1,N, ,40 00:43.570,75 04:30.810,602, ,559, ,0, , , ,0, , , , , ,91617, , , ,1,1,0,0,0,0,0,0,0,0,0,0,0,0,1,0,0,0,0,0,0,0,0,0,0,0,0,0,0,0,0,0,0,0,0,9,0,40.0121,-75.0752, ,Philadelphia
 ,8525,2017110586,6,67,67301,2017,10,6,845,8,1,1,0,1,1, , ,N,0,0,0,3,0,0,2,2,N,N,39 57:22.022,75 08:29.548,900, ,845,1,1,1, , ,0,N, , , , ,91620, , , ,2,1,0,0,0,0,1,0,0,0,0,0,0,0,0,0,0,0,0,0,0,1,0,0,0,0,0,0,0,0,0,0,0,0,0,0,0,39.9561,-75.1415, ,Philadelphia
 ,8526,2017067107,6,67,67301,2017,4,6,1548,15,1,1,0,1,1, , ,N,0,0,0,3,0,2,4,3,N,N,40 02:17.508,75 00:36.614,1559, ,1548,1,1,1, , ,0,N, , , , ,91631, , , ,3,1,0,0,0,0,1,1,0,0,0,0,2,2,0,0,0,0,0,0,1,0,0,0,0,0,0,0,0,0,0,0,0,0,0,8,0,40.0382,-75.0102, ,Philadelphia
 ,8527,2017070521,6,67,67301,2017,6,2,9999,99,1,2,1,7,4, , ,N,0,0,0,3,0,0,1,2,N,N,40 01:54.093,75 10:43.691,833, ,830, ,0, ,N, ,0, , , , , ,91632, , , ,2,1,0,0,0,0,1,0,0,0,0,0,0,0,1,0,0,0,0,0,0,0,0,0,0,0,0,0,0,0,0,0,0,0,0,9,0,40.0317,-75.1788, ,Philadelphia
 ,8528,2017086682,6,67,67301,2017,3,6,2245,22,3,1,0,4,1, , ,N,1,2,0,3,0,0,2,2,N,N,39 59:46.663,75 11:07.303,56, ,55, ,0, ,N, ,3, , , , , ,91634, , , ,2,0,0,0,0,1,1,0,0,0,0,0,0,0,0,0,0,0,0,0,0,0,0,1,0,0,0,0,0,0,0,0,0,0,0,0,1,39.9963,-75.1854, ,Philadelphia
 ,8529,2017086319,6,67,67301,2017,7,5,915,9,1,1,0,1,1, , ,N,0,0,3,3,0,1,3,3,N, ,40 00:42.368,75 12:21.295,930, ,921, ,0, , , ,0, , , , , ,91641, , , ,3,2,0,0,0,0,1,0,0,0,0,0,1,1,0,0,0,0,0,0,0,0,0,0,0,0,0,0,0,0,0,0,0,0,0,8,0,40.0122,-75.2053, ,Philadelphia
 ,8530,2017088931,6,67,67301,2017,8,5,1410,14,1,1,0,4,1, , ,N,0,0,0,3,0,1,2,2,N,N,39 59:30.721,75 09:45.738,1750, ,1410, ,0, ,N, ,0, , , , , ,81569, , , ,1,0,0,0,0,0,0,1,1,0,0,1,1,0,0,0,0,0,0,0,0,0,0,1,0,0,0,0,0,0,0,0,0,0,0,4,0,39.9919,-75.1627, ,Philadelphia
 ,8531,2017106292,6,67,67301,2017,10,1,1111,11,1,2,1,1,1, , ,N,0,0,0,3,0,0,4,3,N,N,39 58:54.851,75 06:05.509,1124, ,1112, ,0, , , ,0, , , , , ,81571, , , ,3,2,0,0,0,0,1,0,0,0,0,0,0,0,0,0,0,0,0,0,0,0,0,0,0,0,0,0,0,0,0,0,0,0,0,0,0,39.9819,-75.1015, ,Philadelphia
 ,8532,2017116196,6,67,67301,2017,10,7,50,0,3,1,0,5,6, , ,N,0,0,0,3,0,0,1,4,N,N,39 57:57.870,75 09:09.788,55, ,54, ,0, ,N, ,0, , , , , ,81581, , , ,4,3,0,0,0,0,1,0,0,0,0,0,0,0,1,0,0,0,0,0,0,0,0,0,0,0,0,0,0,0,0,0,0,0,0,9,0,39.9661,-75.1527, ,Philadelphia