wz_ln_closure,objectid_1,crn,district,county,municipality,crash_year,crash_month,day_of_week,time_of_day,hour_of_day,illumination,weather,road_condition,collision_type,relation_to_road,work_zone_type,work_zone_loc,work_zone_ind,intersect_type,tcd_type,location_type,urban_rural,fatal_count,injury_count,person_count,total_units,sch_bus_ind,sch_zone_ind,latitude,longitude,arrival_tm,cons_zone_spd_lim,dispatch_tm,est_hrs_closed,lane_closed,ln_close_dir,ntfy_hiwy_maint,spec_juris_cd,tcd_func_cd,tfc_detour_ind,workers_pres,wz_close_detour,wz_flagger,wz_law_offcr_ind,objectid,wz_moving,wz_other,wz_shlder_mdn,vehicle_count,automobile_count,motorcycle_count,bus_count,small_truck_count,heavy_truck_count,suv_count,van_count,bicycle_count,maj_inj_count,mod_inj_count,min_inj_count,tot_inj_count,unk_inj_deg_count,unk_inj_per_count,driver_count_16yr,driver_count_17yr,driver_count_18yr,driver_count_19yr,driver_count_20yr,driver_count_50_64yr,driver_count_65_74yr,driver_count_75plus,unbelted_occ_count,unb_death_count,unb_maj_inj_count,belted_death_count,belted_maj_inj_count,mcycle_death_count,mcycle_maj_inj_count,bicycle_death_count,bicycle_maj_inj_count,ped_count,ped_death_count,ped_maj_inj_count,max_severity_level,comm_veh_count,dec_lat,dec_long,rdwy_surf_type_cd,county_name
 ,8533,2017067822,6,67,67301,2017,5,4,1927,19,1,1,0,7,4, , ,N,2,2,0,3,0,1,2,2,N,N,39 58:36.459,75 06:47.555,1930, ,1927, ,0, ,N, ,3, , , , , ,81611, , , ,2,0,0,0,0,0,2,0,0,0,0,0,1,1,0,0,0,0,0,0,0,0,0,1,0,0,0,0,0,0,0,0,0,0,0,8,0,39.9766,-75.1132, ,Philadelphia
 ,8534,2017086848,6,67,67301,2017,5,2,1628,16,1,1,0,4,1, , ,N,2,2,0,3,0,2,2,2,N,N,39 59:00.513,75 08:49.689,1639, ,1628, ,0, , , ,3, , , , , ,81622, , , ,2,1,0,0,0,0,1,0,0,0,1,1,2,0,0,0,0,0,0,0,0,0,0,0,0,0,0,0,0,0,0,0,0,0,0,3,0,39.9835,-75.1471, ,Philadelphia
 ,8535,2017088814,6,67,67301,2017,8,7,645,6,1,1,0,7,4, , ,N,0,0,0,3,0,0,1,1,N,N,39 59:16.407,75 14:33.522,920, ,916, ,0, ,N, ,0, , , , , ,81632, , , ,1,1,0,0,0,0,0,0,0,0,0,0,0,0,1,0,0,0,0,0,0,0,0,0,0,0,0,0,0,0,0,0,0,0,0,9,0,39.9879,-75.2426, ,Philadelphia
 ,8536,2017097801,6,67,67301,2017,9,3,1530,15,1,1,0,8,1, , ,N,1,2,0,3,0,1,2,2,N,N,40 03:02.401,75 10:23.780,1542, ,1538, ,0, ,N, ,3, , , , , ,81637, , , ,1,1,0,0,0,0,0,0,0,0,0,1,1,0,0,0,0,0,0,0,0,0,0,1,0,0,0,0,0,0,0,0,1,0,0,4,0,40.0507,-75.1733, ,Philadelphia
 ,8537,2017060614,6,67,67301,2017,5,1,2329,23,3,2,1,4,1, , ,N,5,2,0,3,0,2,5,2,N, ,40 03:18.097,75 09:27.190,2338, ,2336,1,1,5, , ,3,N, , , , ,81652, , , ,2,2,0,0,0,0,0,0,0,0,0,2,2,0,0,0,0,0,0,0,0,0,0,1,0,0,0,0,0,0,0,0,0,0,0,4,0,40.055,-75.1576, ,Philadelphia
 ,8538,2017071275,6,67,67301,2017,1,3,845,8,1,1,0,4,1, , ,N,2,3,0,3,0,2,3,2,N,N,40 00:11.825,75 03:56.360,0, ,0, ,0, ,N, ,3, , , , , ,81658, , , ,2,1,0,0,0,0,1,0,0,2,0,0,2,0,0,0,0,0,0,0,0,1,0,1,0,0,0,1,0,0,0,0,0,0,0,2,0,40.0033,-75.0657, ,Philadelphia
 ,8539,2017086975,6,67,67301,2017,2,7,215,2,3,1,0,7,4, , ,N,0,0,0,3,0,1,1,1,N,N,40 04:56.972,75 02:26.433,225, ,220, ,0, ,N, ,0, , , , , ,81659, , , ,1,1,0,0,0,0,0,0,0,0,0,1,1,0,0,0,0,0,0,0,0,0,0,0,0,0,0,0,0,0,0,0,0,0,0,4,0,40.0825,-75.0407, ,Philadelphia
 ,8540,2017086924,6,67,67301,2017,1,3,830,8,3,2,1,8,1, , ,N,1,2,0,3,0,1,2,2,N,N,40 02:13.172,75 04:47.317,946, ,941, ,0, ,N, ,3, , , , , ,81662, , , ,1,1,0,0,0,0,0,0,0,0,0,1,1,0,0,0,0,0,0,0,0,0,0,0,0,0,0,0,0,0,0,0,1,0,0,4,0,40.0369,-75.0798, ,Philadelphia
 ,8541,2017091667,6,67,67301,2017,8,1,345,3,3,1,0,8,1, , ,N,2,0,0,3,1,0,2,2,N,N,39 57:22.176,75 09:43.732,455, ,347, ,0, ,N,0,0, , , , , ,81676, , , ,1,0,0,0,0,0,1,0,0,0,0,0,0,0,1,0,0,0,0,0,0,0,0,0,0,0,0,0,0,0,0,0,1,1,0,1,0,39.9562,-75.1621,2,Philadelphia
 ,8542,2017105954,6,67,67301,2017,9,7,833,8,1,1,0,8,1, , ,N,1,2,0,3,0,1,2,2,N,N,39 56:49.740,75 09:21.892,845, ,838, ,0, ,N, ,3, , , , , ,81678, , , ,1,1,0,0,0,0,0,0,0,0,0,0,1,1,0,0,0,0,0,0,0,0,0,1,0,0,0,0,0,0,0,0,1,0,0,8,0,39.9472,-75.1561, ,Philadelphia
 ,8543,2017120695,6,67,67301,2017,10,3,735,7,1,2,1,4,1, , ,N,1,2,0,3,0,0,3,3,N,N,39 59:43.731,75 06:32.155,830, ,822,2,2,1, , ,3,Y, , , , ,81679, , , ,3,0,0,0,0,0,3,0,0,0,0,0,0,0,0,0,0,0,0,0,1,1,0,0,0,0,0,0,0,0,0,0,0,0,0,0,0,39.9955,-75.1089, ,Philadelphia
 ,8544,2017105933,6,67,67301,2017,9,5,830,8,1,1,0,8,1, , ,N,1,2,0,3,0,1,2,2,N,N,39 58:12.850,75 09:35.188,1651, ,1645, ,0, ,N, ,3, , , , , ,81680, , , ,1,1,0,0,0,0,0,0,0,0,0,0,1,1,1,0,0,0,0,0,0,0,0,0,0,0,0,0,0,0,0,0,1,0,0,8,0,39.9702,-75.1596, ,Philadelphia
 ,8545,2017110803,6,67,67301,2017,10,6,2301,23,3,1,0,1,1, , ,N,0,0,0,3,0,0,2,2,N,N,39 58:45.590,75 12:13.768,2309, ,2307,1,1,4, , ,0,N, , , , ,81692, , , ,2,1,0,0,0,0,1,0,0,0,0,0,0,0,0,0,0,1,0,0,0,0,0,0,0,0,0,0,0,0,0,0,0,0,0,0,0,39.9787,-75.2029, ,Philadelphia
 ,8546,2017058272,6,67,67301,2017,5,3,1445,14,1,1,0,1,1, , ,N,0,0,0,3,0,0,3,3,N, ,40 02:41.336,75 11:34.784,1555, ,1545, ,0, , , ,0, , , , , ,81700, , , ,3,2,0,0,0,0,1,0,0,0,0,0,0,0,0,0,0,0,0,1,1,0,0,0,0,0,0,0,0,0,0,0,0,0,0,0,0,40.0448,-75.193, ,Philadelphia
 ,8547,2017073310,6,67,67301,2017,4,1,1930,19,3,1,0,1,1, , ,N,1,2,0,3,0,1,2,2,N,N,39 57:22.730,75 14:23.657,0, ,0, ,0, ,N, ,3, , , , , ,81704, , , ,2,1,0,0,0,0,0,1,0,0,0,0,1,1,0,0,0,0,0,0,0,0,0,0,0,0,0,0,0,0,0,0,0,0,0,8,0,39.9563,-75.2399, ,Philadelphia
 ,8548,2017096442,6,67,67301,2017,8,5,915,9,1,1,0,1,1, , ,N,1,2,0,3,0,4,4,2,N,N,40 01:53.011,75 09:08.560,937, ,935,2,2,3,N, ,3,N, , , , ,84864, , , ,2,1,0,0,0,0,1,0,0,0,1,0,4,3,0,0,0,0,0,0,1,0,0,0,0,0,0,0,0,0,0,0,0,0,0,3,0,40.0314,-75.1524, ,Philadelphia
 ,8549,2017058369,6,67,67301,2017,5,7,1820,18,4,2,1,4,1, , ,N,1,2,0,3,0,0,2,2,N, ,39 57:44.547,75 09:41.289,1830, ,1823, ,0, , , ,3, , , , , ,84879, , , ,2,2,0,0,0,0,0,0,0,0,0,0,0,0,0,0,0,0,0,0,0,0,0,0,0,0,0,0,0,0,0,0,0,0,0,0,0,39.9624,-75.1615, ,Philadelphia
 ,8550,2017127543,6,67,67301,2017,11,3,830,8,1,1,0,8,1, , ,N,1,2,0,3,0,1,2,2,N, ,39 58:00.868,75 11:31.632,1430, ,1430, ,0, , , ,3, , , , , ,84886, , , ,1,1,0,0,0,0,0,0,1,0,0,0,1,1,0,0,0,0,0,0,0,0,0,0,0,0,0,0,0,0,0,0,0,0,0,8,0,39.9669,-75.1921, ,Philadelphia
 ,8551,2017070483,6,67,67301,2017,6,6,1537,15,1,1,0,8,1, , ,N,1,0,0,3,0,1,3,2,N,N,40 01:41.740,75 04:27.919,1553, ,1552, ,0, ,N, ,0, , , , , ,84894, , , ,1,0,0,0,0,0,1,0,0,0,1,0,1,0,0,0,0,0,0,0,0,0,0,0,0,0,0,0,0,0,0,0,1,0,0,3,0,40.0283,-75.0744, ,Philadelphia
 ,8552,2017078547,6,67,67301,2017,7,2,802,8,1,1,0,1,1, , ,N,0,0,0,3,0,0,2,2,N,N,40 00:03.304,75 11:42.094,809, ,802, ,0, , , ,0, , , , , ,84907, , , ,2,1,0,0,1,0,0,0,0,0,0,0,0,0,0,0,0,0,0,0,0,0,0,0,0,0,0,0,0,0,0,0,0,0,0,0,0,40.0009,-75.195, ,Philadelphia
 ,8553,2017088886,6,67,67301,2017,8,3,1550,15,1,1,0,1,1, , ,N,5,2,0,3,0,1,3,3,N,N,39 58:11.453,75 14:20.877,1600, ,1600, ,0, ,N, ,3, , , , , ,84927, , , ,3,2,0,0,0,0,1,0,0,0,0,0,1,1,2,0,0,0,0,0,1,1,0,0,0,0,0,0,0,0,0,0,0,0,0,8,0,39.9698,-75.2391, ,Philadelphia
 ,8554,2017086118,6,67,67301,2017,7,6,1408,14,1,1,0,1,1, , ,N,0,0,0,3,0,1,3,3,N,N,40 04:42.904,75 01:49.778,1426, ,1419,1,1,1,N, ,0,Y, , , , ,84933, , , ,3,2,0,0,0,0,1,0,0,0,0,1,1,0,0,0,0,0,0,0,1,0,0,0,0,0,0,0,0,0,0,0,0,0,0,4,0,40.0786,-75.0305, ,Philadelphia
 ,8555,2017080021,6,67,67301,2017,7,4,1912,19,1,1,0,1,1, , ,N,0,8,0,3,0,3,6,3,N,N,39 59:43.974,75 05:00.215,1927, ,1914,1,2,2, , ,3,N, , , , ,84937, , , ,3,3,0,0,0,0,0,0,0,0,3,0,3,0,0,0,0,0,0,0,0,0,0,0,0,0,0,0,0,0,0,0,0,0,0,3,0,39.9955,-75.0834, ,Philadelphia
 ,8556,2017088771,6,67,67301,2017,8,1,1930,19,4,1,0,4,1, , ,N,2,0,0,3,0,1,3,2,N,N,40 02:44.717,75 08:35.375,1935, ,1935,2,2,1, , ,0,Y, , , , ,84946, , , ,2,1,1,0,0,0,0,0,0,0,0,0,1,1,0,0,0,0,0,0,1,0,0,0,0,0,0,0,0,0,0,0,0,0,0,8,0,40.0458,-75.1432, ,Philadelphia
 ,8557,2017105948,6,67,67301,2017,9,7,1440,14,1,1,0,8,1, , ,N,0,0,7,3,0,1,2,2,N, ,39 56:05.781,75 09:02.400,1456, ,1451, ,0, , , ,0, , , , , ,84959, , , ,1,0,0,0,0,0,0,1,0,0,0,0,1,1,0,0,0,0,0,0,0,0,0,1,0,0,0,0,0,0,0,0,1,0,0,8,0,39.9349,-75.1507, ,Philadelphia
 ,8558,2017120711,6,67,67301,2017,10,3,1735,17,4,1,0,8,1, , ,N,2,3,0,3,0,1,2,2,N,N,40 02:16.976,75 08:37.507,1755, ,1745, ,0, , , ,3, , , , , ,84960, , , ,1,0,0,0,0,0,0,1,0,0,1,0,1,0,0,0,0,0,0,0,0,0,1,1,0,0,0,0,0,0,0,0,1,0,0,3,0,40.038,-75.1438, ,Philadelphia
 ,8559,2017116231,6,67,67301,2017,10,6,1205,12,1,1,0,4,1, , ,N,1,2,0,3,0,2,3,2,N,N,40 03:40.535,75 08:23.366,1215, ,1209, ,0, ,N, ,3, , , , , ,84962, , , ,2,2,0,0,0,0,0,0,0,0,0,2,2,0,0,0,0,0,0,0,0,0,0,1,0,0,0,0,0,0,0,0,0,0,0,4,0,40.0613,-75.1398, ,Philadelphia
 ,8560,2017096577,6,67,67301,2017,9,2,1905,19,4,1,0,4,1, , ,N,1,2,0,3,0,3,4,2,N,N,40 01:39.133,75 03:44.544,1925, ,1917, ,0, ,N, ,3, , , , , ,84967, , , ,2,2,0,0,0,0,0,0,0,0,0,0,3,3,0,0,0,0,0,0,0,0,0,0,0,0,0,0,0,0,0,0,0,0,0,8,0,40.0274,-75.0627, ,Philadelphia
 ,8561,2017093646,6,67,67301,2017,8,3,9999,99,1,1,0,4,1, , ,N,1,3,0,3,0,1,3,2,N,N,39 59:51.435,75 07:46.084,927, ,926, ,0, ,N, ,3, , , , , ,84968, , , ,2,1,0,0,0,0,1,0,0,0,0,1,1,0,2,0,0,0,0,0,0,0,0,1,0,0,0,0,0,0,0,0,0,0,0,4,0,39.9976,-75.1295, ,Philadelphia
 ,8562,2017073716,6,67,67301,2017,4,7,1225,12,1,1,0,1,1, , ,N,1,2,0,3,0,1,2,2,N,N,40 01:13.862,75 03:13.412,0, ,0, ,0, ,N, ,3, , , , , ,84986, , , ,2,2,0,0,0,0,0,0,0,0,0,0,1,1,0,0,0,0,0,0,0,0,1,0,0,0,0,0,0,0,0,0,0,0,0,8,0,40.0205,-75.0537, ,Philadelphia
 ,8563,2017097873,6,67,67301,2017,9,3,2057,20,3,2,1,8,1, , ,N,5,2,0,3,0,1,2,2,N,N,39 58:06.433,75 14:07.313,2333, ,2330, ,0, ,N, ,3, , , , , ,84999, , , ,1,0,0,0,0,0,0,0,0,1,0,0,1,0,0,0,0,0,0,0,0,0,0,0,0,0,0,0,0,0,0,0,1,0,1,2,0,39.9684,-75.2353, ,Philadelphia
 ,8564,2017088887,6,67,67301,2017,8,7,2349,23,3,1,0,7,4, , ,N,0,0,0,3,0,1,2,1,N,N,40 00:12.803,75 12:10.864,25, ,20,3,2,6,N, ,0,Y, , , , ,85006, , , ,1,1,0,0,0,0,0,0,0,0,0,0,1,1,0,0,0,0,0,0,0,0,0,0,0,0,0,0,0,0,0,0,0,0,0,8,0,40.0036,-75.203, ,Philadelphia
 ,8565,2017088913,6,67,67301,2017,8,5,2129,21,3,1,0,4,1, , ,N,1,3,0,3,0,3,5,2,N,N,40 00:29.616,75 06:24.354,2129, ,2129, ,0, , , ,3, , , , , ,85008, , , ,2,1,0,0,0,0,1,0,0,0,0,0,3,3,0,0,0,0,0,0,0,0,0,2,0,0,0,0,0,0,0,0,0,0,0,8,0,40.0082,-75.1068, ,Philadelphia
 ,8566,2017078779,6,67,67301,2017,6,6,1155,11,1,1,0,7,4, , ,N,0,0,0,3,0,1,1,1,N, ,40 04:56.276,75 03:55.715,1159, ,1155, ,0, , , ,0, , , , , ,88214, , , ,1,1,0,0,0,0,0,0,0,0,0,1,1,0,0,0,0,0,0,0,1,0,0,0,0,0,0,0,0,0,0,0,0,0,0,4,0,40.0823,-75.0655, ,Philadelphia
 ,8567,2017116216,6,67,67301,2017,10,5,1038,10,1,2,1,4,1, , ,N,1,2,0,3,0,4,4,2,N,N,40 00:57.223,75 11:13.338,1110, ,1109, ,0, ,N, ,3, , , , , ,88234, , , ,2,0,0,0,0,0,2,0,0,0,0,4,4,0,0,0,0,0,0,0,1,1,0,0,0,0,0,0,0,0,0,0,0,0,0,4,0,40.0159,-75.187, ,Philadelphia
 ,8568,2017096576,6,67,67301,2017,9,6,1317,13,1,1,0,4,1, , ,N,2,0,7,3,0,1,4,2,N,N,40 04:30.003,75 01:35.994,1340, ,1329, ,0, ,N, ,0, , , , , ,88241, , , ,2,1,1,0,0,0,0,0,0,0,0,1,1,0,0,0,0,0,0,0,0,0,0,0,0,0,0,0,0,0,0,0,0,0,0,4,0,40.075,-75.0267, ,Philadelphia
 ,8569,2017076300,6,67,67301,2017,6,5,1635,16,1,1,0,4,1, , ,N,1,0,0,3,0,1,2,2,N, ,39 56:39.127,75 13:19.952,1703, ,1654, ,0, , , ,0, , , , , ,88270, , , ,1,1,0,0,0,0,0,0,1,0,0,0,1,1,0,0,0,0,0,0,0,0,0,1,0,0,0,0,0,0,0,0,0,0,0,8,0,39.9442,-75.2222, ,Philadelphia
 ,8570,2017085863,6,67,67301,2017,8,1,613,6,1,1,0,7,3, , ,N,0,0,0,3,0,0,1,1,N,N,39 54:46.273,75 08:54.077,629, ,618,3,1,1, , ,0,N, , , , ,88280, , , ,1,0,0,0,0,0,1,0,0,0,0,0,0,0,1,0,0,0,0,0,0,0,0,1,0,0,0,0,0,0,0,0,0,0,0,9,0,39.9129,-75.1484, ,Philadelphia
 ,8571,2017086285,6,67,67301,2017,7,2,1640,16,1,1,0,7,4, , ,N,0,0,7,3,0,2,2,1,N,N,40 05:29.500,74 57:48.300,1647, ,1643,9,1,1,N, ,0,N, , , , ,88285, , , ,1,0,0,0,0,0,1,0,0,0,0,2,2,0,0,0,0,0,0,0,1,0,0,0,0,0,0,0,0,0,0,0,0,0,0,4,0,40.0915,-74.9634, ,Philadelphia
 ,8572,2017088919,6,67,67301,2017,8,4,9999,99,1,2,1,1,1, , ,N,0,0,3,3,0,4,6,3,Y, ,39 55:11.215,75 12:06.350,1702, ,1617, ,0, , , ,0, , , , , ,88286, , , ,3,1,0,1,0,0,1,0,0,0,0,0,4,4,0,0,0,0,0,0,0,0,0,0,0,0,0,0,0,0,0,0,0,0,0,8,1,39.9198,-75.2018, ,Philadelphia
 ,8573,2017116007,6,67,67301,2017,10,7,946,9,1,1,0,4,1, , ,N,1,2,0,3,0,1,2,2,N, ,39 59:16.125,75 10:50.108,955, ,951, ,0, , , ,3, , , , , ,88296, , , ,2,1,0,0,0,0,1,0,0,0,0,1,1,0,0,0,0,0,0,0,0,0,0,0,0,0,0,0,0,0,0,0,0,0,0,4,0,39.9878,-75.1806, ,Philadelphia
 ,8574,2017108039,6,67,67301,2017,9,7,9999,99,1,1,0,8,1, , ,N,1,0,0,3,0,1,3,2,N,N,39 59:13.822,75 10:31.871,1752, ,1748, ,0, ,N, ,0, , , , , ,88297, , , ,1,1,0,0,0,0,0,0,0,0,0,1,1,0,0,0,0,0,0,0,0,0,0,0,0,0,0,0,0,0,0,0,1,0,0,4,0,39.9872,-75.1755, ,Philadelphia
 ,8575,2017060717,6,67,67301,2017,5,3,1140,11,1,1,0,5,6, , ,N,0,0,0,3,0,1,1,2,N,N,39 56:06.042,75 10:02.334,1145, ,1144,2,2,1,N, ,0,Y, , , , ,88307, , , ,2,0,0,0,0,0,1,1,0,0,1,0,1,0,0,0,0,0,0,0,1,0,0,0,0,0,0,0,0,0,0,0,0,0,0,3,0,39.935,-75.1673, ,Philadelphia
 ,8576,2017086644,6,67,67301,2017,2,3,1626,16,1,1,0,7,4, , ,N,1,3,0,3,0,1,1,1,N,N,39 58:07.676,75 13:55.966,1627, ,1627, ,0, ,N, ,3, , , , , ,88324, , , ,1,1,0,0,0,0,0,0,0,0,0,0,1,1,0,0,0,0,0,0,0,0,0,0,0,0,0,0,0,0,0,0,0,0,0,8,0,39.9688,-75.2322, ,Philadelphia
 ,8577,2017080027,6,67,67301,2017,7,5,1911,19,1,1,0,1,1, , ,N,0,0,0,3,0,2,4,2,N,N,39 57:25.431,75 09:20.803,1921, ,1914,1,2,4, , ,0,Y, , , , ,88325, , , ,2,1,0,0,0,0,1,0,0,0,0,0,2,2,0,0,0,0,0,0,0,0,0,0,0,0,0,0,0,0,0,0,0,0,0,8,0,39.9571,-75.1558, ,Philadelphia
 ,8578,2017078781,6,67,67301,2017,7,1,49,0,3,1,0,2,6, , ,N,0,0,0,3,0,0,1,3,N, ,40 06:00.496,75 02:24.640,53, ,49, ,0, , , ,0, , , , , ,88329, , , ,3,2,0,0,0,0,1,0,0,0,0,0,0,0,0,0,0,0,0,0,0,0,0,0,0,0,0,0,0,0,0,0,0,0,0,0,0,40.1001,-75.0402, ,Philadelphia
 ,8579,2017088936,6,67,67301,2017,8,4,1000,10,1,1,0,0,1, , ,N,2,3,0,3,0,1,1,1,N,N,40 02:22.475,75 12:47.107,1024, ,1020, ,0, ,N, ,3, , , , , ,88338, , , ,1,0,1,0,0,0,0,0,0,0,0,1,1,0,0,0,0,0,0,0,0,0,0,0,0,0,0,0,0,0,0,0,0,0,0,4,0,40.0396,-75.2131, ,Philadelphia
 ,8580,2017107986,6,67,67301,2017,8,5,2350,23,3,1,0,8,1, , ,N,0,0,0,3,0,1,3,2,N,N,40 01:36.701,75 03:58.489,1, ,2359, ,0, ,N, ,0, , , , , ,88340, , , ,1,1,0,0,0,0,0,0,0,0,0,1,1,0,0,0,0,0,0,0,0,0,0,0,0,0,0,0,0,0,0,0,1,0,0,4,0,40.0269,-75.0662, ,Philadelphia
 ,8581,2017097974,6,67,67301,2017,9,5,1255,12,1,1,0,7,4, , ,N,2,0,0,3,0,0,1,1,N, ,40 01:04.695,75 10:22.043,1313, ,1308, ,0, , , ,0, , , , , ,88344, , , ,1,1,0,0,0,0,0,0,0,0,0,0,0,0,0,0,0,0,0,0,0,0,0,0,0,0,0,0,0,0,0,0,0,0,0,0,0,40.018,-75.1727, ,Philadelphia
 ,8582,2017068011,6,67,67301,2017,6,2,753,7,1,1,0,8,1, , ,N,0,0,0,3,0,1,3,2,N,N,40 01:51.728,75 10:00.837,758, ,755,9,1,1,N, ,0,N, , , , ,88354, , , ,1,0,0,1,0,0,0,0,0,0,0,0,1,1,0,0,0,0,0,0,1,0,0,0,0,0,0,0,0,0,0,0,1,0,0,8,1,40.031,-75.1669, ,Philadelphia
 ,8583,2017086956,6,67,67301,2017,1,3,859,8,1,1,0,4,1, , ,N,1,3,0,3,0,0,2,2,N,N,39 58:14.108,75 09:03.120,905, ,901,1,1,3,N, ,3,N, , , , ,88364, , , ,2,1,0,0,0,0,0,1,0,0,0,0,0,0,0,0,0,0,0,0,0,0,1,0,0,0,0,0,0,0,0,0,0,0,0,0,0,39.9705,-75.151, ,Philadelphia
 ,8584,2017067110,6,67,67301,2017,5,1,1525,15,1,1,0,7,4, , ,N,0,0,0,3,0,1,1,1,N,N,40 00:24.010,75 11:36.700,1526, ,1525, ,0, , , ,0, , , , , ,90575, , , ,1,1,0,0,0,0,0,0,0,0,0,0,1,1,0,0,0,0,0,0,1,0,0,1,0,0,0,0,0,0,0,0,0,0,0,8,0,40.0067,-75.1935, ,Philadelphia
 ,8585,2017068035,6,67,67301,2017,6,7,1208,12,1,1,0,4,1, , ,N,2,2,2,3,0,1,4,2,N,N,39 55:52.174,75 08:38.984,1214, ,1213, ,0, ,N, ,3, , , , , ,90578, , , ,2,1,0,0,0,0,1,0,0,0,0,1,1,0,0,0,0,0,0,0,0,0,0,0,0,0,0,0,0,0,0,0,0,0,0,4,0,39.9311,-75.1439, ,Philadelphia
 ,8586,2017086782,6,67,67301,2017,4,6,830,8,1,1,0,5,1, , ,N,0,0,0,3,0,1,2,2,N,N,40 00:00.043,75 13:16.671,845, ,840,3,2,1,N, ,0,Y, , , , ,90582, , , ,2,1,0,0,0,0,0,1,0,0,0,1,1,0,1,0,0,0,0,0,1,0,0,0,0,0,0,0,0,0,0,0,0,0,0,4,0,40,-75.2213, ,Philadelphia
 ,8587,2017088739,6,67,67301,2017,8,7,210,2,3,1,0,5,1, , ,N,0,0,0,3,0,1,4,2,N,N,39 57:28.515,75 09:50.395,223, ,223, ,0, ,N, ,0, , , , , ,90593, , , ,2,2,0,0,0,0,0,0,0,0,0,0,1,1,0,0,0,0,0,0,0,0,0,0,0,0,0,0,0,0,0,0,0,0,0,8,0,39.9579,-75.164, ,Philadelphia
 ,8588,2017096246,6,67,67301,2017,8,2,1447,14,1,1,0,1,1, , ,N,0,0,0,3,0,0,5,2,N,N,39 57:53.706,75 08:16.366,1507, ,1447, ,0, , , ,0, , , , , ,90594, , , ,2,1,0,0,0,1,0,0,0,0,0,0,0,0,2,0,0,0,0,0,0,0,0,0,0,0,0,0,0,0,0,0,0,0,0,9,1,39.9649,-75.1379, ,Philadelphia
 ,8589,2017076262,6,67,67301,2017,6,5,2130,21,3,1,0,4,1, , ,N,5,3,0,3,0,0,2,2,N,N,40 01:11.000,75 12:38.300,2144, ,2133, ,0, ,N, ,3, , , , , ,90620, , , ,2,2,0,0,0,0,0,0,0,0,0,0,0,0,0,0,0,0,0,0,0,0,0,0,0,0,0,0,0,0,0,0,0,0,0,0,0,40.0199,-75.2105, ,Philadelphia
 ,8590,2017078825,6,67,67301,2017,7,5,1900,19,4,2,1,4,1, , ,N,1,3,0,3,0,0,1,2,N,N,39 59:47.680,75 09:43.883,1930, ,1919,1,1,2,N, ,3,N, , , , ,90633, , , ,2,2,0,0,0,0,0,0,0,0,0,0,0,0,0,0,0,0,0,0,0,0,0,0,0,0,0,0,0,0,0,0,0,0,0,0,0,39.9966,-75.1622, ,Philadelphia
 ,8591,2017115945,6,67,67301,2017,10,1,1320,13,1,1,1,8,1, , ,N,1,3,0,3,0,1,2,2,N, ,39 59:46.723,75 08:10.895,1328, ,1322, ,0, , , ,3, , , , , ,90640, , , ,1,0,0,0,0,0,1,0,0,0,0,0,1,1,0,0,0,0,0,0,0,0,0,1,0,0,0,0,0,0,0,0,1,0,0,8,0,39.9963,-75.1364, ,Philadelphia
 ,8592,2017115967,6,67,67301,2017,10,3,1856,18,3,1,0,8,1, , ,N,0,0,3,3,0,1,2,2,N,N,39 57:15.749,75 10:45.431,1910, ,1905, ,0, ,N, ,0, , , , , ,90651, , , ,1,1,0,0,0,0,0,0,0,0,0,0,1,1,0,0,0,0,0,0,1,0,0,0,0,0,0,0,0,0,0,0,1,0,0,8,0,39.9544,-75.1793, ,Philadelphia
 ,8593,2017076133,6,46,46102,2017,6,5,2300,23,3,1,0,4,1, , ,N,5,2,0,3,0,0,2,2,N, ,40 04:26.918,75 09:30.203,2309, ,2301, ,0, , , ,3, , , , , ,90665, , , ,2,0,0,0,0,0,2,0,0,0,0,0,0,0,1,0,0,0,0,0,0,0,0,2,0,0,0,0,0,0,0,0,0,0,0,9,0,40.0741,-75.1584, ,Montgomery
 ,8594,2017078787,6,67,67301,2017,7,4,2105,21,3,1,0,8,1, , ,N,0,0,0,3,0,1,2,2,N, ,40 00:39.000,75 09:21.000,2123, ,2120, ,0, , , ,0, , , , , ,90669, , , ,1,1,0,0,0,0,0,0,0,0,0,1,1,0,0,0,0,0,0,0,0,0,0,0,0,0,0,0,0,0,0,0,1,0,0,4,0,40.0108,-75.1558, ,Philadelphia
 ,8595,2017078766,6,67,67301,2017,6,5,51,0,3,1,0,7,5, , ,N,0,0,0,3,0,0,1,1,N, ,39 56:17.991,75 10:06.165,1251, ,1234, ,0, , , ,0, , , , , ,90690, , , ,1,1,0,0,0,0,0,0,0,0,0,0,0,0,0,0,0,0,0,0,0,0,0,0,0,0,0,0,0,0,0,0,0,0,0,0,0,39.9383,-75.1684, ,Philadelphia
 ,8596,2017107976,6,67,67301,2017,8,1,819,8,1,1,0,6,6, , ,N,0,0,0,3,0,1,1,2,N,N,39 58:18.808,75 12:43.117,830, ,830, ,0, ,N, ,0, , , , , ,90702, , , ,2,1,0,0,0,0,1,0,0,0,0,0,1,1,0,0,0,0,0,0,0,0,0,0,0,0,0,0,0,0,0,0,0,0,0,8,0,39.9719,-75.212, ,Philadelphia