wz_ln_closure,objectid_1,crn,district,county,municipality,crash_year,crash_month,day_of_week,time_of_day,hour_of_day,illumination,weather,road_condition,collision_type,relation_to_road,work_zone_type,work_zone_loc,work_zone_ind,intersect_type,tcd_type,location_type,urban_rural,fatal_count,injury_count,person_count,total_units,sch_bus_ind,sch_zone_ind,latitude,longitude,arrival_tm,cons_zone_spd_lim,dispatch_tm,est_hrs_closed,lane_closed,ln_close_dir,ntfy_hiwy_maint,spec_juris_cd,tcd_func_cd,tfc_detour_ind,workers_pres,wz_close_detour,wz_flagger,wz_law_offcr_ind,objectid,wz_moving,wz_other,wz_shlder_mdn,vehicle_count,automobile_count,motorcycle_count,bus_count,small_truck_count,heavy_truck_count,suv_count,van_count,bicycle_count,maj_inj_count,mod_inj_count,min_inj_count,tot_inj_count,unk_inj_deg_count,unk_inj_per_count,driver_count_16yr,driver_count_17yr,driver_count_18yr,driver_count_19yr,driver_count_20yr,driver_count_50_64yr,driver_count_65_74yr,driver_count_75plus,unbelted_occ_count,unb_death_count,unb_maj_inj_count,belted_death_count,belted_maj_inj_count,mcycle_death_count,mcycle_maj_inj_count,bicycle_death_count,bicycle_maj_inj_count,ped_count,ped_death_count,ped_maj_inj_count,max_severity_level,comm_veh_count,dec_lat,dec_long,rdwy_surf_type_cd,county_name
 ,8789,2017086909,6,67,67301,2017,6,5,1127,11,1,1,0,3,6, , ,N,0,0,0,3,0,1,3,2,N, ,40 01:59.034,75 02:22.333,9999, ,1127, ,0, , , ,0, , , , , ,88812, , , ,2,1,0,0,1,0,0,0,0,0,0,1,1,0,0,0,0,0,0,0,1,0,0,0,0,0,0,0,0,0,0,0,0,0,0,4,0,40.0331,-75.0395, ,Philadelphia
 ,8790,2017063744,6,67,67301,2017,6,4,1917,19,1,1,0,7,4, , ,N,0,0,0,3,0,1,1,1,N,N,39 58:04.474,75 11:23.936,1925, ,1925,2,1,4, , ,0,N, , , , ,88830, , , ,1,1,0,0,0,0,0,0,0,0,1,0,1,0,0,0,0,0,0,0,0,0,0,0,0,0,0,0,0,0,0,0,0,0,0,3,0,39.9668,-75.1876, ,Philadelphia
 ,8791,2017060510,6,67,67301,2017,5,5,930,9,1,1,0,4,1, , ,N,0,0,0,3,0,4,4,2,N, ,40 01:09.486,75 08:56.204,947, ,944, ,0, , , ,0, , , , , ,88832, , , ,2,1,0,0,0,0,1,0,0,0,0,3,4,1,0,0,0,0,0,0,0,0,0,2,0,0,0,0,0,0,0,0,0,0,0,4,0,40.0193,-75.149, ,Philadelphia
 ,8792,2017072045,6,67,67301,2017,3,6,1445,14,1,1,0,4,1, , ,N,1,3,0,3,0,1,2,2,N,N,39 55:43.924,75 10:31.076,0, ,0, ,0, ,N, ,3, , , , , ,88839, , , ,2,1,0,0,0,0,1,0,0,0,0,0,1,1,0,0,0,0,0,0,0,0,0,0,0,0,0,0,0,0,0,0,0,0,0,8,0,39.9289,-75.1753, ,Philadelphia
 ,8793,2017071684,6,67,67301,2017,2,6,945,9,1,1,0,4,1, , ,N,1,2,0,3,0,1,2,2,N,N,39 59:25.940,75 07:06.347,0, ,0, ,0, ,N, ,3, , , , , ,88844, , , ,2,0,0,0,0,0,1,0,0,0,1,0,1,0,0,0,0,0,0,0,0,0,0,0,0,0,0,0,0,0,0,0,0,0,0,3,0,39.9905,-75.1184, ,Philadelphia
 ,8794,2017078801,6,67,67301,2017,6,5,1358,13,1,1,0,4,1, , ,N,1,3,0,3,0,0,2,2,N,N,39 57:01.814,75 13:14.826,1410, ,1402, ,0, , , ,3, , , , , ,88852, , , ,2,2,0,0,0,0,0,0,0,0,0,0,0,0,0,0,0,0,0,0,0,0,0,0,0,0,0,0,0,0,0,0,0,0,0,0,0,39.9505,-75.2208, ,Philadelphia
 ,8795,2017105897,6,67,67301,2017,9,7,1825,18,1,1,0,4,1, , ,N,0,0,0,3,0,1,2,2,N,N,39 57:40.852,75 13:28.494,1830, ,1829, ,0, ,N, ,0, , , , , ,88869, , , ,1,1,0,0,0,0,0,0,1,0,0,1,1,0,0,0,0,0,0,0,0,0,0,0,0,0,0,0,0,0,0,0,0,0,0,4,0,39.9613,-75.2246, ,Philadelphia
 ,8796,2017104014,6,67,67301,2017,9,7,810,8,1,1,0,5,1, , ,N,0,0,0,3,0,0,2,2,N,N,40 02:20.795,75 00:30.086,829, ,814, ,0, , , ,0, , , , , ,88877, , , ,2,0,0,0,0,1,1,0,0,0,0,0,0,0,0,0,0,0,0,0,1,1,0,0,0,0,0,0,0,0,0,0,0,0,0,0,1,40.0391,-75.0084, ,Philadelphia
 ,8797,2017086326,6,67,67301,2017,8,3,1113,11,1,1,0,1,1, , ,N,1,4,0,3,0,0,2,2,N,N,39 53:22.950,75 14:01.043,1130, ,1121, ,0, , , ,3, , , , , ,88893, , , ,2,1,0,0,1,0,0,0,0,0,0,0,0,0,0,0,0,0,0,0,0,0,0,0,0,0,0,0,0,0,0,0,0,0,0,0,0,39.8922,-75.2354, ,Philadelphia
 ,8798,2017097943,6,67,67301,2017,7,1,1754,17,1,1,0,1,1, , ,N,0,0,0,3,0,1,2,2,N, ,39 59:59.730,75 12:39.556,1830, ,1826,9,1,3, , ,0,N, , , , ,88898, , , ,2,2,0,0,0,0,0,0,0,0,0,1,1,0,0,0,0,0,0,0,1,0,1,0,0,0,0,0,0,0,0,0,0,0,0,4,0,39.9999,-75.211, ,Philadelphia
 ,8799,2017091807,6,67,67301,2017,8,7,430,4,3,2,1,6,6, , ,N,0,0,0,3,0,1,2,2,N,N,39 57:25.471,75 12:03.760,430, ,430, ,0, , , ,0, , , , , ,88899, , , ,2,2,0,0,0,0,0,0,0,0,0,0,1,1,0,0,0,0,0,0,1,0,0,2,0,0,0,0,0,0,0,0,0,0,0,8,0,39.9571,-75.201, ,Philadelphia
 ,8800,2017105909,6,67,67301,2017,9,1,1720,17,1,1,0,1,1, , ,N,1,2,0,3,0,1,2,2,N,N,39 56:49.195,75 09:53.382,1735, ,1725,1,1,2,N, ,3,N, , , , ,90777, , , ,1,1,0,0,0,0,0,0,1,0,0,1,1,0,0,0,0,0,0,0,1,0,0,1,0,0,0,0,0,0,0,0,0,0,0,4,0,39.947,-75.1647, ,Philadelphia
 ,8801,2017091785,6,67,67301,2017,8,5,1309,13,1,1,0,4,1, , ,N,1,3,0,3,0,0,3,2,N,N,39 59:47.349,75 13:43.633,1825, ,1319, ,0, ,N, ,3, , , , , ,90781, , , ,2,1,0,0,0,0,1,0,0,0,0,0,0,0,0,0,0,1,0,0,0,0,1,0,0,0,0,0,0,0,0,0,0,0,0,0,0,39.9965,-75.2288, ,Philadelphia
 ,8802,2017119380,6,67,67301,2017,11,4,634,6,1,1,0,1,1, , ,N,6,0,2,3,0,0,2,2,N,N,39 57:06.151,75 08:29.297,653, ,641, ,0, , , ,0, , , , , ,90791, , , ,2,1,0,0,0,0,0,1,0,0,0,0,0,0,0,0,0,0,0,0,0,0,0,0,0,0,0,0,0,0,0,0,0,0,0,0,0,39.9517,-75.1415, ,Philadelphia
 ,8803,2017083693,6,67,67301,2017,7,1,1459,14,1,1,0,5,1, , ,N,0,0,0,3,0,2,8,2,N,N,40 00:04.542,75 11:41.930,1517, ,1512, ,0, , , ,0, , , , , ,90813, , , ,2,1,0,0,0,0,1,0,0,0,0,0,2,2,2,0,0,0,0,0,1,0,0,1,0,0,0,0,0,0,0,0,0,0,0,8,0,40.0013,-75.195, ,Philadelphia
 ,8804,2017127999,6,67,67301,2017,11,7,755,7,1,1,0,1,1, , ,N,1,2,0,3,0,1,2,2,N,N,40 06:51.780,74 59:17.002,1124, ,1124, ,0, ,N, ,3, , , , , ,90844, , , ,2,1,0,0,0,0,1,0,0,0,1,0,1,0,0,0,0,0,0,0,1,0,0,1,0,0,0,0,0,0,0,0,0,0,0,3,0,40.1143,-74.9879, ,Philadelphia
 ,8805,2017068068,6,67,67301,2017,6,2,1713,17,1,1,0,4,1, , ,N,0,0,7,3,0,1,5,2,N, ,40 04:04.753,75 00:18.597,1718, ,1718, ,0, , , ,0, , , , , ,90856, , , ,2,1,0,0,0,0,0,1,0,0,0,1,1,0,0,0,0,0,0,0,1,0,0,1,0,0,0,0,0,0,0,0,0,0,0,4,0,40.068,-75.0052, ,Philadelphia
 ,8806,2017070104,6,67,67301,2017,6,5,1124,11,1,1,0,1,1, , ,N,0,0,0,3,0,1,7,3,N,N,40 00:25.193,75 11:58.830,1132, ,1124,1,2,3, , ,0,Y, , , , ,90874, , , ,3,0,0,0,1,0,1,1,0,0,0,1,1,0,0,0,0,0,0,1,1,0,0,0,0,0,0,0,0,0,0,0,0,0,0,4,0,40.007,-75.1997, ,Philadelphia
U,8807,2017086883,6,67,67301,2017,5,3,1520,15,1,1,0,5,6,8,8,Y,0,0,0,3,0,0,3,2,N,N,39 56:53.186,75 09:21.034,1600,99,1545, ,0, , , ,0, ,U,U,U,U,90884,U,U,U,2,0,0,0,0,1,0,1,0,0,0,0,0,0,0,0,0,0,0,0,0,0,1,0,0,0,0,0,0,0,0,0,0,0,0,0,1,39.9481,-75.1558, ,Philadelphia
 ,8808,2017086318,6,67,67301,2017,7,5,1929,19,1,1,0,1,1, , ,N,1,2,0,3,0,0,2,2,N, ,40 03:15.541,75 04:17.098,1935, ,1929,3,2,4, , ,3,N, , , , ,90888, , , ,2,1,0,0,1,0,0,0,0,0,0,0,0,0,0,0,0,0,0,0,0,0,0,0,0,0,0,0,0,0,0,0,0,0,0,0,0,40.0543,-75.0716, ,Philadelphia
 ,8809,2017097991,6,67,67301,2017,9,6,757,7,1,8,0,8,1, , ,N,1,2,0,3,0,1,2,2,N,Y,40 01:53.467,75 01:56.889,801, ,758, ,0, ,N, ,3, , , , , ,90895, , , ,1,1,0,0,0,0,0,0,0,0,0,0,1,1,0,0,0,0,0,0,0,0,0,0,0,0,0,0,0,0,0,0,1,0,0,8,0,40.0315,-75.0325, ,Philadelphia
 ,8810,2017060736,6,67,67301,2017,5,1,16,0,3,1,0,4,1, , ,N,1,3,0,3,0,1,3,2,N,N,40 01:38.294,75 03:18.509,37, ,34, ,0, ,N, ,3, , , , , ,90904, , , ,2,2,0,0,0,0,0,0,0,0,0,0,1,1,0,0,0,0,0,0,0,0,0,1,0,0,0,0,0,0,0,0,0,0,0,8,0,40.0273,-75.0551, ,Philadelphia
 ,8811,2017083999,6,67,67301,2017,8,5,1358,13,1,1,0,5,1, , ,N,1,2,0,3,0,1,2,2,N,N,39 57:01.203,75 11:33.320,1400, ,1358, ,0, ,N, ,3, , , , , ,90926, , , ,1,1,0,0,0,0,0,0,1,0,1,0,1,0,0,0,0,0,0,0,0,0,0,0,0,0,0,0,0,0,0,0,0,0,0,3,0,39.9503,-75.1926, ,Philadelphia
 ,8812,2017120615,6,67,67301,2017,10,4,525,5,3,1,0,8,1, , ,N,1,2,0,3,0,1,3,2,N,N,40 01:17.445,75 08:23.406,535, ,528, ,0, ,N, ,3, , , , , ,90937, , , ,1,0,0,0,0,0,1,0,0,0,1,0,1,0,0,0,0,0,0,0,0,0,0,0,0,0,0,0,0,0,0,0,1,0,0,3,0,40.0215,-75.1398, ,Philadelphia
 ,8813,2017052252,6,67,67301,2017,4,6,735,7,1,2,1,8,1, , ,N,0,0,0,3,0,1,4,2,N,N,39 59:54.934,75 10:30.817,744, ,742,2,1,1,N, ,0,N, , , , ,90965, , , ,1,0,0,0,0,0,1,0,0,0,0,1,1,0,0,0,0,0,0,0,0,0,0,0,0,0,0,0,0,0,0,0,1,0,0,4,0,39.9986,-75.1752, ,Philadelphia
 ,8814,2017082269,6,67,67301,2017,7,1,1449,14,1,1,0,1,1, , ,N,0,0,0,3,0,1,5,3,N,N,39 57:31.071,75 10:07.992,1502, ,1450,1,1,3, , ,0,N, , , , ,90967, , , ,3,2,0,0,0,0,1,0,0,0,0,0,1,1,0,0,0,0,0,0,0,0,0,0,0,0,0,0,0,0,0,0,0,0,0,8,0,39.9586,-75.1689, ,Philadelphia
 ,8815,2017088918,6,67,67301,2017,7,6,858,8,1,1,0,5,6, , ,N,0,0,0,3,0,0,1,5,N,N,39 55:38.916,75 11:37.535,902, ,901, ,0, , , ,0, , , , , ,90975, , , ,5,1,0,0,2,0,0,2,0,0,0,0,0,0,0,0,0,0,0,0,1,0,0,1,0,0,0,0,0,0,0,0,0,0,0,0,0,39.9275,-75.1938, ,Philadelphia
 ,8816,2017105916,6,67,67301,2017,9,1,200,2,3,1,0,4,1, , ,N,1,2,0,3,0,3,4,2,N, ,40 00:25.981,75 07:24.378,245, ,234, ,0, , , ,3, , , , , ,90986, , , ,2,2,0,0,0,0,0,0,0,0,0,2,3,1,0,0,0,0,0,1,0,0,0,0,0,0,0,0,0,0,0,0,0,0,0,4,0,40.0072,-75.1234, ,Philadelphia
 ,8817,2017078751,6,67,67301,2017,6,6,2230,22,3,1,0,5,6, , ,N,0,0,0,3,0,1,1,3,N, ,39 58:23.394,75 08:02.019,15, ,2230, ,0, , , ,0, , , , , ,91002, , , ,3,3,0,0,0,0,0,0,0,0,1,0,1,0,0,0,0,0,0,0,0,0,0,0,0,0,0,0,0,0,0,0,0,0,0,3,0,39.9732,-75.1339, ,Philadelphia
 ,8818,2017090493,6,67,67301,2017,7,1,934,9,1,1,0,1,1, , ,N,0,8,0,3,0,0,5,2,N,N,39 57:33.487,75 10:27.364,1004, ,944,1,1,3, , ,3,N, , , , ,82393, , , ,2,2,0,0,0,0,0,0,0,0,0,0,0,0,0,0,0,0,0,0,0,0,0,0,0,0,0,0,0,0,0,0,0,0,0,0,0,39.9593,-75.1743, ,Philadelphia
 ,8819,2017086065,6,67,67301,2017,7,7,2318,23,3,1,0,4,1, , ,N,1,2,0,3,0,1,2,2,N, ,40 00:57.144,75 09:13.828,2328, ,2325, ,0, , , ,3, , , , , ,82394, , , ,2,1,0,0,0,0,0,1,0,0,0,1,1,0,1,0,0,0,0,0,0,0,0,0,0,0,0,0,0,0,0,0,0,0,0,4,0,40.0159,-75.1538, ,Philadelphia
 ,8820,2017067988,6,67,67301,2017,6,7,9999,99,1,1,0,4,1, , ,N,1,3,0,3,0,1,4,2,N,N,39 58:01.543,75 12:23.959,1251, ,1251, ,0, ,N, ,3, , , , , ,82426, , , ,2,2,0,0,0,0,0,0,0,0,0,0,1,1,1,0,0,0,0,0,0,0,0,0,0,0,0,0,0,0,0,0,0,0,0,8,0,39.9671,-75.2067, ,Philadelphia
 ,8821,2017086843,6,67,67301,2017,5,3,2301,23,3,1,0,2,1, , ,N,0,0,0,3,0,1,2,2,N, ,40 05:34.580,75 00:16.192,2307, ,2305, ,0, , , ,0, , , , , ,82431, , , ,2,0,0,0,0,0,1,1,0,0,1,0,1,0,0,0,0,0,1,0,0,0,0,0,0,0,0,0,0,0,0,0,0,0,0,3,0,40.0929,-75.0045, ,Philadelphia
 ,8822,2017076134,6,67,67301,2017,6,6,1623,16,1,1,0,8,1, , ,N,0,0,0,3,0,1,2,2,N,N,40 02:50.792,75 09:31.149,1630, ,1625, ,0, ,N, ,0, , , , , ,82434, , , ,1,0,0,0,0,0,1,0,0,0,0,1,1,0,0,0,0,0,0,0,1,0,0,0,0,0,0,0,0,0,0,0,1,0,0,4,0,40.0474,-75.1587, ,Philadelphia
 ,8823,2017097844,6,67,67301,2017,9,2,305,3,3,1,0,7,4, , ,N,0,0,0,3,0,2,3,2,N,N,40 00:35.819,75 10:26.724,9999, ,305,9,2,1,Y, ,0,Y, , , , ,82439, , , ,2,1,0,0,0,0,1,0,0,0,0,2,2,0,0,0,0,0,0,0,1,0,0,0,0,0,0,0,0,0,0,0,0,0,0,4,0,40.0099,-75.1741, ,Philadelphia
 ,8824,2017116077,6,67,67301,2017,10,1,140,1,3,1,0,5,6, , ,N,0,0,0,3,0,0,2,4,N, ,39 59:29.571,75 07:23.936,143, ,143,9,2,4, , ,0,Y, , , , ,82450, , , ,4,2,0,0,0,0,2,0,0,0,0,0,0,0,0,0,0,0,0,0,0,0,0,2,0,0,0,0,0,0,0,0,0,0,0,0,0,39.9915,-75.1233, ,Philadelphia
 ,8825,2017120616,6,67,67301,2017,10,5,1450,14,1,1,0,4,1, , ,N,1,3,0,3,0,2,3,2,N,N,40 00:31.701,75 09:58.875,1522, ,1518, ,0, ,N, ,3, , , , , ,82453, , , ,2,2,0,0,0,0,0,0,0,0,0,0,2,2,0,0,0,0,0,0,1,0,0,1,0,0,0,0,0,0,0,0,0,0,0,8,0,40.0088,-75.1664, ,Philadelphia
 ,8826,2017109856,6,67,67301,2017,10,1,1105,11,1,1,0,4,1, , ,N,1,2,0,3,0,2,5,2,N,N,40 02:04.567,75 04:16.161,1120, ,1110,2,1,1,N, ,3,N, , , , ,82454, , , ,2,2,0,0,0,0,0,0,0,0,0,2,2,0,2,0,0,0,0,0,0,1,0,0,0,0,0,0,0,0,0,0,0,0,0,4,0,40.0348,-75.0711, ,Philadelphia
 ,8827,2017096477,6,67,67301,2017,9,1,915,9,1,7,1,8,1, , ,N,1,2,0,3,0,1,2,2,N, ,39 55:47.265,75 09:47.213,934, ,927, ,0, , , ,3, , , , , ,82462, , , ,1,1,0,0,0,0,0,0,0,0,0,1,1,0,0,0,0,0,0,0,0,0,0,0,0,0,0,0,0,0,0,0,1,0,0,4,0,39.9298,-75.1631, ,Philadelphia
 ,8828,2017086814,6,67,67301,2017,4,6,1650,16,1,1,0,7,4, , ,N,0,0,0,3,0,1,1,1,N,N,40 01:03.067,75 10:22.827,1703, ,1658,4,1,2,Y, ,0,N, , , , ,82472, , , ,1,1,0,0,0,0,0,0,0,0,0,0,1,1,0,0,0,0,0,0,0,0,0,0,0,0,0,0,0,0,0,0,0,0,0,8,0,40.0175,-75.173, ,Philadelphia
 ,8829,2017080988,6,67,67301,2017,7,2,436,4,3,2,1,1,1, , ,N,0,0,0,3,0,1,2,2,N,N,40 02:32.352,75 00:13.896,547, ,533, ,0, , , ,0, , , , , ,82475, , , ,2,1,0,0,0,0,0,0,0,0,0,1,1,0,1,0,0,0,0,0,0,0,0,0,0,0,0,0,0,0,0,0,0,0,0,4,0,40.0423,-75.0039, ,Philadelphia
 ,8830,2017088946,6,67,67301,2017,8,3,1225,12,1,1,0,1,1, , ,N,0,0,0,3,0,1,4,3,N,N,39 57:50.767,75 10:50.413,1240, ,1230, ,0, , , ,0, , , , , ,82477, , , ,3,1,0,0,0,0,1,1,0,0,0,1,1,0,0,0,0,0,0,0,1,0,0,0,0,0,0,0,0,0,0,0,0,0,0,4,0,39.9641,-75.1807, ,Philadelphia
 ,8831,2017088870,6,67,67301,2017,8,3,2015,20,4,1,0,8,1, , ,N,0,0,0,3,0,1,2,2,N,N,39 57:40.353,75 14:06.844,2020, ,2015, ,0, ,N, ,0, , , , , ,82487, , , ,1,1,0,0,0,0,0,0,0,0,0,1,1,0,0,0,0,0,0,0,0,0,0,1,0,0,0,0,0,0,0,0,1,0,0,4,0,39.9612,-75.2352, ,Philadelphia
 ,8832,2017060623,6,67,67301,2017,5,3,900,9,1,1,0,1,1, , ,N,2,2,0,3,0,1,2,2,N,N,40 00:37.132,75 11:51.283,923, ,908, ,0, ,N, ,3, , , , , ,82517, , , ,2,2,0,0,0,0,0,0,0,0,0,1,1,0,0,0,0,0,0,0,0,0,0,1,0,0,0,0,0,0,0,0,0,0,0,4,0,40.0103,-75.1976, ,Philadelphia
 ,8833,2017058368,6,67,67301,2017,5,7,1530,15,1,2,1,4,1, , ,N,1,3,0,3,0,1,3,2,N,N,39 56:48.922,75 11:00.423,1620, ,1535,1,2,1,N, ,3,N, , , , ,82518, , , ,2,1,0,0,0,0,0,1,0,0,0,1,1,0,0,0,0,0,0,0,0,0,0,0,0,0,0,0,0,0,0,0,0,0,0,4,0,39.9469,-75.1835, ,Philadelphia
 ,8834,2017107998,6,67,67301,2017,8,4,1605,16,1,1,0,5,6, , ,N,0,0,0,3,0,0,1,2,N, ,40 04:38.964,75 02:11.052,1618, ,1613, ,0, , , ,0, , , , , ,82541, , , ,2,1,0,0,0,0,1,0,0,0,0,0,0,0,0,0,0,0,0,0,1,0,0,1,0,0,0,0,0,0,0,0,0,0,0,0,0,40.0775,-75.0364, ,Philadelphia
 ,8835,2017120648,6,67,67301,2017,10,6,843,8,1,1,0,7,4, , ,N,1,2,1,3,0,2,2,1,N, ,40 00:53.302,75 05:07.958,9999, ,905,2,1,1, , ,3,N, , , , ,82557, , , ,1,0,0,0,0,0,0,1,0,0,0,2,2,0,0,0,0,0,0,0,0,0,0,0,0,0,0,0,0,0,0,0,0,0,0,4,0,40.0148,-75.0855, ,Philadelphia
 ,8836,2017091668,6,67,67301,2017,8,6,2158,21,3,1,0,4,1, , ,N,2,2,0,3,1,0,5,2,N,N,39 58:49.896,75 11:52.228,2203, ,2200, ,0, ,N,0,3, , , , , ,85633, , , ,2,0,1,0,0,0,1,0,0,0,0,0,0,0,0,0,1,0,0,0,0,0,0,0,0,0,0,0,1,0,0,0,0,0,0,1,0,39.9805,-75.1978,2,Philadelphia
 ,8837,2017109943,6,67,67301,2017,10,1,2006,20,3,1,1,4,1, , ,N,1,3,0,3,0,1,2,2,N,N,40 04:45.379,75 10:34.208,2019, ,2009,2,2,7,N, ,3,Y, , , , ,85636, , , ,2,2,0,0,0,0,0,0,0,0,0,1,1,0,0,0,0,0,0,0,1,0,0,0,0,0,0,0,0,0,0,0,0,0,0,4,0,40.0793,-75.1762, ,Philadelphia
 ,8838,2017076232,6,67,67301,2017,6,4,9999,99,1,1,0,4,1, , ,N,1,3,0,3,0,1,2,2,N, ,39 56:14.168,75 10:12.813,1635, ,1629, ,0, , , ,3, , , , , ,85655, , , ,2,1,0,0,0,0,1,0,0,0,0,0,1,1,0,0,1,0,0,0,1,0,0,0,0,0,0,0,0,0,0,0,0,0,0,8,0,39.9373,-75.1702, ,Philadelphia
 ,8839,2017069052,6,67,67301,2017,7,5,1445,14,1,2,1,7,3, , ,N,0,0,0,3,0,0,1,1,N,N,39 58:50.338,75 09:26.542,1503, ,1450, ,0, ,N, ,0, , , , , ,85659, , , ,1,1,0,0,0,0,0,0,0,0,0,0,0,0,0,0,0,0,0,0,0,0,0,0,0,0,0,0,0,0,0,0,0,0,0,0,0,39.9806,-75.1574, ,Philadelphia
 ,8840,2017086144,6,67,67301,2017,7,4,2145,21,3,1,0,8,1, , ,N,1,2,0,3,0,1,3,2,N, ,40 00:54.969,75 08:59.749,2150, ,2148, ,0, , , ,3, , , , , ,85675, , , ,1,0,0,0,0,0,1,0,0,0,0,1,1,0,0,0,0,0,0,0,0,0,0,0,0,0,0,0,0,0,0,0,1,0,0,4,0,40.0152,-75.1498, ,Philadelphia
 ,8841,2017120523,6,67,67301,2017,10,4,1355,13,1,1,0,8,1, , ,N,1,2,0,3,0,1,2,2,N,N,39 57:13.719,75 09:59.863,1410, ,1402, ,0, ,N, ,3, , , , , ,85677, , , ,1,1,0,0,0,0,0,0,0,0,0,0,1,1,0,0,0,0,0,0,0,0,0,1,0,0,0,0,0,0,0,0,1,0,0,8,0,39.9538,-75.1666, ,Philadelphia
 ,8842,2017097978,6,67,67301,2017,9,1,9999,99,1,1,0,4,1, , ,N,1,2,0,3,0,2,5,2,N,N,40 01:01.180,75 11:17.957,1115, ,1110, ,0, ,N, ,3, , , , , ,85685, , , ,2,2,0,0,0,0,0,0,0,0,0,0,2,2,3,0,0,0,0,0,0,0,0,0,0,0,0,0,0,0,0,0,0,0,0,8,0,40.017,-75.1883, ,Philadelphia
 ,8843,2017096126,6,67,67301,2017,9,5,300,3,3,1,1,7,4, , ,N,0,0,2,3,0,1,1,1,N,N,39 57:19.808,75 08:53.263,300, ,300,2,2,4,N, ,0,N, , , , ,85688, , , ,1,1,0,0,0,0,0,0,0,1,0,0,1,0,0,0,0,0,0,0,0,0,0,1,0,1,0,0,0,0,0,0,0,0,0,2,0,39.9555,-75.1481, ,Philadelphia
 ,8844,2017097162,6,67,67301,2017,9,2,2205,22,3,1,0,1,1, , ,N,0,0,0,3,0,3,5,3,N,N,39 56:28.039,75 11:41.450,2224, ,2221,2,2,4, , ,0,N, , , , ,85708, , , ,3,2,0,0,0,0,0,1,0,0,0,1,3,2,0,0,0,0,0,0,2,0,0,0,0,0,0,0,0,0,0,0,0,0,0,4,0,39.9411,-75.1948, ,Philadelphia
 ,8845,2017109784,6,67,67301,2017,9,3,1655,16,1,1,0,1,1, , ,N,0,0,0,3,0,1,2,2,N, ,40 02:41.369,75 09:18.994,1704, ,1702, ,0, , , ,0, , , , , ,85715, , , ,2,1,0,0,0,0,1,0,0,0,0,1,1,0,0,0,0,0,0,0,0,0,0,0,0,0,0,0,0,0,0,0,0,0,0,4,0,40.0448,-75.1553, ,Philadelphia
 ,8846,2017088753,6,67,67301,2017,7,7,2044,20,3,1,0,1,6, , ,N,0,0,0,3,0,1,1,4,N, ,39 57:01.087,75 14:18.132,2100, ,2054, ,0, , , ,0, , , , , ,85721, , , ,4,4,0,0,0,0,0,0,0,0,0,0,1,1,0,0,0,0,0,0,1,0,0,0,0,0,0,0,0,0,0,0,0,0,0,8,0,39.9503,-75.2384, ,Philadelphia
 ,8847,2017128097,6,67,67301,2017,11,7,1938,19,3,2,1,8,1, , ,N,0,0,0,3,0,1,2,2,N,N,40 00:39.933,75 04:39.491,2026, ,2023, ,0, ,N, ,0, , , , , ,85737, , , ,1,1,0,0,0,0,0,0,0,0,0,0,1,1,0,0,0,0,0,0,0,0,0,0,0,0,0,0,0,0,0,0,1,0,0,8,0,40.0111,-75.0776, ,Philadelphia
 ,8848,2017047648,6,67,67301,2017,5,4,100,1,3,1,0,7,2, , ,N,0,0,0,3,0,1,1,1,N,N,39 53:34.580,75 13:34.681,100, ,100,1,2,2, , ,0,N, , , , ,85742, , , ,1,1,0,0,0,0,0,0,0,0,0,1,1,0,0,0,0,0,0,0,0,0,0,0,0,0,0,0,0,0,0,0,0,0,0,4,0,39.8929,-75.2263, ,Philadelphia
 ,8849,2017086763,6,67,67301,2017,4,2,1335,13,1,1,0,1,1, , ,N,0,0,0,3,0,1,2,2,N,N,40 06:18.454,75 00:02.055,1350, ,1345,2,1,1,N, ,0,N, , , , ,85754, , , ,2,1,0,0,0,1,0,0,0,0,0,0,1,1,0,0,0,0,0,0,0,0,1,0,0,0,0,0,0,0,0,0,0,0,0,8,1,40.1051,-75.0006, ,Philadelphia
 ,8850,2017078769,6,67,67301,2017,6,1,2130,21,3,1,0,4,1, , ,N,1,2,0,3,0,2,4,2,N,N,39 58:25.791,75 12:23.252,9999, ,9999, ,0, ,N, ,3, , , , , ,85758, , , ,2,2,0,0,0,0,0,0,0,0,0,0,2,2,0,0,0,0,0,0,1,0,0,2,0,0,0,0,0,0,0,0,0,0,0,8,0,39.9738,-75.2064, ,Philadelphia
 ,8851,2017086249,6,67,67301,2017,7,6,930,9,1,1,0,4,1, , ,N,5,3,0,3,0,1,2,2,N,N,40 00:18.183,75 08:36.420,1000, ,957, ,0, ,N, ,3, , , , , ,85764, , , ,2,0,0,0,0,0,1,0,0,0,1,0,1,0,0,0,0,0,0,0,0,0,0,0,0,0,0,0,0,0,0,0,0,0,0,3,0,40.0051,-75.1435, ,Philadelphia
 ,8852,2017091817,6,67,67301,2017,8,3,928,9,1,2,1,5,6, , ,N,0,0,0,3,0,2,3,2,N,N,40 02:31.902,75 01:43.937,939, ,929, ,0, ,N, ,0, , , , , ,85768, , , ,2,1,0,0,0,0,1,0,0,0,0,2,2,0,0,0,0,0,0,0,0,0,0,0,0,0,0,0,0,0,0,0,0,0,0,4,0,40.0422,-75.0289, ,Philadelphia
 ,8853,2017115935,6,67,67301,2017,10,2,115,1,3,1,0,1,6, , ,N,0,0,0,3,0,1,1,2,N,N,39 59:12.514,75 08:28.858,128, ,123, ,0, ,N, ,0, , , , , ,85778, , , ,2,1,0,0,1,0,0,0,0,0,0,0,1,1,0,0,0,0,0,0,0,0,0,0,0,0,0,0,0,0,0,0,0,0,0,8,0,39.9868,-75.1413, ,Philadelphia