wz_ln_closure,objectid_1,crn,district,county,municipality,crash_year,crash_month,day_of_week,time_of_day,hour_of_day,illumination,weather,road_condition,collision_type,relation_to_road,work_zone_type,work_zone_loc,work_zone_ind,intersect_type,tcd_type,location_type,urban_rural,fatal_count,injury_count,person_count,total_units,sch_bus_ind,sch_zone_ind,latitude,longitude,arrival_tm,cons_zone_spd_lim,dispatch_tm,est_hrs_closed,lane_closed,ln_close_dir,ntfy_hiwy_maint,spec_juris_cd,tcd_func_cd,tfc_detour_ind,workers_pres,wz_close_detour,wz_flagger,wz_law_offcr_ind,objectid,wz_moving,wz_other,wz_shlder_mdn,vehicle_count,automobile_count,motorcycle_count,bus_count,small_truck_count,heavy_truck_count,suv_count,van_count,bicycle_count,maj_inj_count,mod_inj_count,min_inj_count,tot_inj_count,unk_inj_deg_count,unk_inj_per_count,driver_count_16yr,driver_count_17yr,driver_count_18yr,driver_count_19yr,driver_count_20yr,driver_count_50_64yr,driver_count_65_74yr,driver_count_75plus,unbelted_occ_count,unb_death_count,unb_maj_inj_count,belted_death_count,belted_maj_inj_count,mcycle_death_count,mcycle_maj_inj_count,bicycle_death_count,bicycle_maj_inj_count,ped_count,ped_death_count,ped_maj_inj_count,max_severity_level,comm_veh_count,dec_lat,dec_long,rdwy_surf_type_cd,county_name
 ,8854,2017086172,6,67,67301,2017,7,6,1110,11,1,1,0,4,1, , ,N,1,2,0,3,0,1,2,2,N,N,40 03:27.560,75 02:54.814,1115, ,1115, ,0, ,N, ,3, , , , , ,88901, , , ,2,0,0,0,0,0,2,0,0,0,0,0,1,1,0,0,0,0,0,0,1,0,0,1,0,0,0,0,0,0,0,0,0,0,0,8,0,40.0577,-75.0486, ,Philadelphia
 ,8855,2017058373,6,67,67301,2017,5,2,1843,18,1,1,0,1,1, , ,N,0,0,0,3,0,2,2,2,N, ,40 02:20.190,75 12:44.450,1900, ,1843, ,0, , , ,0, , , , , ,88931, , , ,2,1,0,0,0,0,1,0,0,0,0,0,2,2,0,0,0,0,0,0,1,0,0,0,0,0,0,0,0,0,0,0,0,0,0,8,0,40.0389,-75.2123, ,Philadelphia
 ,8856,2017097863,6,67,67301,2017,9,2,1745,17,1,1,0,1,1, , ,N,1,2,0,3,0,1,2,2,N,N,40 01:45.839,75 03:21.884,1755, ,1750,1,1,1,N, ,3,N, , , , ,88972, , , ,2,1,0,0,0,0,1,0,0,0,0,1,1,0,0,0,0,0,0,1,0,0,0,0,0,0,0,0,0,0,0,0,0,0,0,4,0,40.0294,-75.0561, ,Philadelphia
 ,8857,2017058354,6,67,67301,2017,5,7,1320,13,1,2,1,4,1, , ,N,1,2,0,3,0,1,4,2,N,N,40 01:47.643,75 05:16.067,1330, ,1322,1,1,1,N, ,3,N, , , , ,88977, , , ,2,1,0,0,1,0,0,0,0,0,0,1,1,0,0,0,0,0,0,0,0,0,0,0,0,0,0,0,0,0,0,0,0,0,0,4,0,40.0298,-75.088, ,Philadelphia
 ,8858,2017071285,6,67,67301,2017,2,4,1930,19,3,1,0,5,6, , ,N,0,0,0,3,0,3,3,2,N,N,39 56:41.500,75 13:17.100,0, ,0, ,0, ,N, ,0, , , , , ,88986, , , ,2,1,0,0,0,0,0,0,0,0,3,0,3,0,0,0,0,0,0,0,0,0,0,0,0,0,0,0,0,0,0,0,0,0,0,3,0,39.9449,-75.2214, ,Philadelphia
 ,8859,2017123751,6,67,67301,2017,10,7,1632,16,1,1,0,7,7, , ,N,7,0,2,3,0,1,5,3,N,N,40 00:36.229,75 03:50.590,1700, ,1634,2,1,2, , ,0,N, , , , ,89004, , , ,3,1,0,0,0,0,0,2,0,1,0,0,1,0,0,0,0,0,0,0,1,0,0,1,0,1,0,0,0,0,0,0,0,0,0,2,0,40.0101,-75.0641, ,Philadelphia
 ,8860,2017106857,6,67,67301,2017,9,4,1709,17,1,1,0,1,1, , ,N,0,0,0,3,0,1,5,3,N,N,40 01:52.900,75 01:17.781,1741, ,1710,2,2,2, , ,0,N, , , , ,89010, , , ,3,2,0,0,1,0,0,0,0,0,0,0,1,1,0,0,0,0,0,0,1,0,0,0,0,0,0,0,0,0,0,0,0,0,0,8,0,40.0314,-75.0216, ,Philadelphia
 ,8861,2017088884,6,67,67301,2017,8,6,2309,23,3,1,0,6,6, , ,N,0,0,0,3,0,1,1,5,N, ,39 58:16.451,75 14:53.129,2338, ,2333,3,2,2, , ,0,Y, , , , ,89015, , , ,5,4,0,0,0,0,1,0,0,0,0,0,1,1,0,0,0,0,0,0,0,0,0,0,0,0,0,0,0,0,0,0,0,0,0,8,0,39.9712,-75.2481, ,Philadelphia
 ,8862,2017088951,6,67,67301,2017,8,7,2103,21,3,1,0,4,1, , ,N,1,2,0,3,0,1,2,2,N,N,40 00:46.940,75 07:10.109,2127, ,2125, ,0, ,N, ,3, , , , , ,89019, , , ,2,1,0,0,0,0,0,1,0,0,0,1,1,0,1,0,0,0,0,0,0,0,0,0,0,0,0,0,0,0,0,0,0,0,0,4,0,40.013,-75.1194, ,Philadelphia
 ,8863,2017060495,6,67,67301,2017,5,6,1635,16,1,9,0,4,1, , ,N,1,3,0,3,0,1,2,2,N,N,40 03:54.698,75 09:28.879,1645, ,1643, ,0, ,N, ,3, , , , , ,89024, , , ,2,1,0,0,0,0,1,0,0,0,0,0,1,1,1,0,0,0,0,0,0,0,0,0,0,0,0,0,0,0,0,0,0,0,0,8,0,40.0652,-75.158, ,Philadelphia
 ,8864,2017061706,6,67,67301,2017,5,3,641,6,1,1,0,5,1, , ,N,0,0,0,3,0,1,2,2,N,N,39 57:47.997,75 11:02.437,700, ,644, ,0, , , ,0, , , , , ,89026, , , ,2,1,0,0,0,1,0,0,0,0,1,0,1,0,0,0,0,0,0,0,0,0,0,0,0,0,0,0,0,0,0,0,0,0,0,3,1,39.9637,-75.1843, ,Philadelphia
 ,8865,2017137539,6,67,67301,2017,12,2,1700,17,3,1,0,1,1, , ,N,0,0,0,3,0,0,2,2,N,N,39 55:13.826,75 14:48.050,1710, ,1703, ,0, ,N, ,0, , , , , ,89059, , , ,2,1,0,0,0,0,1,0,0,0,0,0,0,0,0,0,0,0,0,0,1,0,0,0,0,0,0,0,0,0,0,0,0,0,0,0,0,39.9205,-75.2467, ,Philadelphia
 ,8866,2017130689,6,67,67301,2017,11,4,1726,17,3,1,0,4,1, , ,N,1,3,0,3,0,1,2,2,N,N,39 57:01.479,75 14:42.730,1748, ,1945, ,0, ,N, ,3, , , , , ,89061, , , ,2,2,0,0,0,0,0,0,0,0,0,0,1,1,1,0,0,0,0,0,0,0,1,0,0,0,0,0,0,0,0,0,0,0,0,8,0,39.9504,-75.2452, ,Philadelphia
 ,8867,2017058308,6,67,67301,2017,5,5,1040,10,1,1,0,6,1, , ,N,0,0,0,3,0,0,1,2,N,N,40 01:40.517,75 12:41.957,1053, ,1050, ,0, ,N, ,0, , , , , ,89074, , , ,2,2,0,0,0,0,0,0,0,0,0,0,0,0,0,0,0,0,0,0,0,0,0,0,0,0,0,0,0,0,0,0,0,0,0,0,0,40.0279,-75.2117, ,Philadelphia
 ,8868,2017097617,6,67,67301,2017,7,7,7,0,3,1,0,1,1, , ,N,0,0,0,3,0,0,3,2,N,N,39 57:35.392,75 10:38.896,22, ,14,1,2,4, , ,0,N, , , , ,89095, , , ,2,1,1,0,0,0,0,0,0,0,0,0,0,0,0,0,0,0,0,0,0,0,0,1,0,0,0,0,0,0,0,0,0,0,0,0,0,39.9598,-75.1775, ,Philadelphia
 ,8869,2017120702,6,67,67301,2017,10,3,920,9,1,2,1,1,1, , ,N,1,2,0,3,0,1,4,4,N,N,40 00:54.831,75 08:59.392,1021, ,923, ,0, ,N, ,3, , , , , ,89099, , , ,4,1,0,0,0,0,1,0,0,0,0,1,1,0,0,0,0,0,0,0,0,0,0,0,0,0,0,0,0,0,0,0,0,0,0,4,0,40.0152,-75.1498, ,Philadelphia
 ,8870,2017109805,6,67,67301,2017,9,7,1320,13,1,1,0,4,1, , ,N,1,2,0,3,0,1,2,2,N,N,39 58:31.972,75 14:36.877,1345, ,1341, ,0, ,N, ,3, , , , , ,89102, , , ,2,1,0,0,1,0,0,0,0,0,0,1,1,0,0,0,0,0,0,0,0,0,0,0,0,0,0,0,0,0,0,0,0,0,0,4,0,39.9755,-75.2436, ,Philadelphia
 ,8871,2017122789,6,67,67301,2017,10,6,715,7,1,1,0,4,1, , ,N,2,3,0,3,0,1,5,2,N,N,39 56:40.966,75 13:06.445,753, ,728, ,0, ,N, ,3, , , , , ,89110, , , ,2,2,0,0,0,0,0,0,0,0,0,0,1,1,0,0,0,1,0,0,0,0,0,0,0,0,0,0,0,0,0,0,0,0,0,8,0,39.9447,-75.2185, ,Philadelphia
 ,8872,2017091847,6,67,67301,2017,8,1,1650,16,1,1,0,4,1, , ,N,1,2,0,3,0,1,5,2,N,N,40 01:40.986,75 06:36.078,1700, ,1655, ,0, ,N, ,3, , , , , ,79464, , , ,2,2,0,0,0,0,0,0,0,0,0,1,1,0,0,0,0,0,0,1,0,0,0,0,0,0,0,0,0,0,0,0,0,0,0,4,0,40.028,-75.1101, ,Philadelphia
 ,8873,2017116030,6,67,67301,2017,10,7,1645,16,1,1,0,4,1, , ,N,1,2,0,3,0,1,2,2,N,N,39 56:04.761,75 13:57.737,1754, ,1754, ,0, , , ,3, , , , , ,79476, , , ,2,1,0,0,0,0,1,0,0,0,0,0,1,1,0,0,0,0,0,0,0,0,0,0,0,0,0,0,0,0,0,0,0,0,0,8,0,39.9347,-75.2327, ,Philadelphia
 ,8874,2017055542,6,67,67301,2017,4,3,143,1,3,1,0,7,4, , ,N,0,0,0,3,0,0,1,1,N,N,39 57:51.530,75 14:50.334,143, ,143, ,0, , , ,0, , , , , ,79478, , , ,1,0,0,0,0,0,0,0,0,0,0,0,0,0,0,0,0,0,0,0,0,0,0,0,0,0,0,0,0,0,0,0,0,0,0,0,0,39.9643,-75.2473, ,Philadelphia
 ,8875,2017060756,6,67,67301,2017,5,5,9999,99,1,1,0,8,1, , ,N,1,3,0,3,0,1,2,2,N, ,39 55:47.598,75 10:24.442,9999, ,9999, ,0, , , ,3, , , , , ,79480, , , ,1,0,0,0,0,0,0,1,0,0,1,0,1,0,0,0,0,0,0,0,0,0,0,0,0,0,0,0,0,0,0,0,1,0,0,3,0,39.9299,-75.1735, ,Philadelphia
 ,8876,2017091705,6,67,67301,2017,8,6,700,7,1,2,1,6,1, , ,N,0,0,0,3,0,2,2,2,N,N,40 01:03.870,75 11:21.379,703, ,701,2,2,1,N, ,0,Y, , , , ,79500, , , ,2,0,0,0,0,0,2,0,0,0,0,2,2,0,0,0,0,0,0,0,1,0,0,0,0,0,0,0,0,0,0,0,0,0,0,4,0,40.0177,-75.1893, ,Philadelphia
 ,8877,2017105961,6,67,67301,2017,9,5,1725,17,1,1,0,4,1, , ,N,1,2,0,3,0,1,3,2,N, ,40 03:10.938,74 58:57.912,1740, ,1730, ,0, , , ,3, , , , , ,79509, , , ,2,1,1,0,0,0,0,0,0,0,0,0,1,1,0,0,0,0,0,0,0,0,0,0,0,0,0,0,0,0,0,0,0,0,0,8,0,40.053,-74.9827, ,Philadelphia
 ,8878,2017105937,6,67,67301,2017,9,7,231,2,3,1,0,5,6, , ,N,0,0,0,3,0,0,1,2,N,N,39 57:34.463,75 11:33.083,234, ,232, ,0, , , ,0, , , , , ,79511, , , ,2,2,0,0,0,0,0,0,0,0,0,0,0,0,0,0,0,0,0,0,0,0,0,0,0,0,0,0,0,0,0,0,0,0,0,0,0,39.9596,-75.1925, ,Philadelphia
 ,8879,2017109918,6,67,67301,2017,10,1,1745,17,1,1,0,1,1, , ,N,2,3,0,3,0,1,2,2,N,N,39 58:45.199,75 16:16.711,1805, ,1755, ,0, ,N, ,3, , , , , ,79513, , , ,2,0,0,0,0,0,2,0,0,0,0,1,1,0,0,0,0,0,0,0,1,0,0,0,0,0,0,0,0,0,0,0,0,0,0,4,0,39.9792,-75.2713, ,Philadelphia
 ,8880,2017106043,6,67,67301,2017,9,6,2225,22,3,1,0,5,1, , ,N,0,0,0,3,0,2,3,2,N,N,40 01:14.409,75 09:23.951,2235, ,2230, ,0, ,N, ,0, , , , , ,79518, , , ,2,2,0,0,0,0,0,0,0,0,0,2,2,0,0,0,0,0,0,0,1,0,0,0,0,0,0,0,0,0,0,0,0,0,0,4,0,40.0207,-75.1567, ,Philadelphia
 ,8881,2017060685,6,67,67301,2017,5,7,2115,21,3,1,0,4,1, , ,N,1,2,0,3,0,1,3,2,N,N,40 04:51.063,75 01:43.680,2135, ,2126, ,0, ,N, ,3, , , , , ,79530, , , ,2,1,0,0,0,0,0,1,0,0,0,1,1,0,0,0,0,0,0,0,0,1,1,0,0,0,0,0,0,0,0,0,0,0,0,4,0,40.0809,-75.0288, ,Philadelphia
 ,8882,2017060699,6,67,67301,2017,5,2,1043,10,1,1,0,4,1, , ,N,2,0,0,3,0,3,7,2,N, ,39 56:29.602,75 14:16.923,1100, ,1043, ,0, , , ,0, , , , , ,79533, , , ,2,1,0,1,0,0,0,0,0,0,0,0,3,3,0,0,0,0,0,0,1,0,0,5,0,0,0,0,0,0,0,0,0,0,0,8,1,39.9415,-75.238, ,Philadelphia
 ,8883,2017070468,6,67,67301,2017,6,1,420,4,3,1,0,5,6, , ,N,0,0,0,3,0,0,1,5,N,N,40 02:13.045,75 05:12.840,525, ,519,2,2,1,N, ,0,Y, , , , ,79543, , , ,5,3,0,0,0,0,1,1,0,0,0,0,0,0,0,0,0,0,0,0,0,0,0,1,0,0,0,0,0,0,0,0,0,0,0,0,0,40.037,-75.0869, ,Philadelphia
 ,8884,2017078753,6,67,67301,2017,7,7,614,6,1,1,0,5,6, , ,N,0,0,0,3,0,1,1,2,N,N,40 00:32.963,75 07:19.672,630, ,622,3,1,1,N, ,0,N, , , , ,79560, , , ,2,1,0,0,0,0,1,0,0,0,0,1,1,0,0,0,0,0,0,0,0,0,0,0,0,0,0,0,0,0,0,0,0,0,0,4,0,40.0092,-75.1221, ,Philadelphia
 ,8885,2017116093,6,67,67301,2017,10,7,2032,20,3,1,0,2,6, , ,N,0,0,0,3,0,1,1,2,N, ,39 57:14.277,75 14:32.362,2035, ,2035, ,0, , , ,0, , , , , ,79573, , , ,2,1,0,0,0,0,1,0,0,1,0,0,1,0,0,0,0,0,0,0,0,0,0,1,0,1,0,0,0,0,0,0,0,0,0,2,0,39.954,-75.2423, ,Philadelphia
 ,8886,2017105904,6,67,67301,2017,9,2,1201,12,1,1,0,1,6, , ,N,0,0,0,3,0,0,1,4,N,N,40 05:23.268,74 59:02.520,1205, ,1201, ,0, ,N, ,0, , , , , ,79607, , , ,4,2,0,0,0,0,1,0,0,0,0,0,0,0,0,0,0,0,0,1,0,0,0,1,0,0,0,0,0,0,0,0,0,0,0,0,0,40.0898,-74.984, ,Philadelphia
 ,8887,2017097817,6,67,67301,2017,7,6,1922,19,1,1,0,8,1, , ,N,0,0,0,3,0,1,2,2,N,N,40 03:37.099,75 10:02.000,1945, ,1938, ,0, ,N, ,0, , , , , ,79612, , , ,1,0,0,0,0,0,1,0,0,0,0,1,1,0,1,0,0,0,0,0,0,0,0,0,0,0,0,0,0,0,0,0,1,0,0,4,0,40.0603,-75.1672, ,Philadelphia
 ,8888,2017088894,6,67,67301,2017,8,4,9999,99,1,1,0,4,1, , ,N,1,3,0,3,0,1,3,3,N,N,40 01:08.158,75 02:58.228,1130, ,1126,1,1,4, , ,3,N, , , , ,79614, , , ,3,2,0,0,0,0,0,1,0,0,0,0,1,1,1,0,0,0,0,0,0,0,0,0,0,0,0,0,0,0,0,0,0,0,0,8,0,40.0189,-75.0495, ,Philadelphia
 ,8889,2017109945,6,67,67301,2017,10,6,123,1,3,1,0,0,1, , ,N,2,0,0,3,0,1,1,3,N,N,39 58:03.380,75 08:03.904,127, ,127, ,0, ,N, ,0, , , , , ,79619, , , ,3,1,1,0,0,0,1,0,0,0,0,0,1,1,0,0,0,0,0,0,0,0,0,0,0,0,0,0,0,0,0,0,0,0,0,8,0,39.9676,-75.1344, ,Philadelphia
 ,8890,2017105893,6,67,67301,2017,9,1,1720,17,1,1,0,7,4, , ,N,0,0,0,3,0,1,1,1,N, ,40 01:54.537,75 09:27.515,1735, ,1731, ,0, , , ,0, , , , , ,82561, , , ,1,0,0,0,1,0,0,0,0,0,0,1,1,0,0,0,0,0,0,0,0,0,0,0,0,0,0,0,0,0,0,0,0,0,0,4,0,40.0318,-75.1576, ,Philadelphia
 ,8891,2017067995,6,67,67301,2017,6,2,1130,11,1,1,0,4,1, , ,N,3,0,0,3,0,1,2,2,N, ,40 01:36.696,75 07:16.506,1145, ,1138, ,0, , , ,0, , , , , ,82566, , , ,1,1,0,0,0,0,0,0,1,0,1,0,1,0,0,0,0,0,0,0,0,0,0,0,0,0,0,0,0,0,0,0,0,0,0,3,0,40.0269,-75.1213, ,Philadelphia
 ,8892,2017081470,6,67,67301,2017,6,6,1917,19,1,1,0,7,2, , ,N,0,0,2,3,0,3,3,2,N,N,39 58:24.468,75 07:21.821,1921, ,1921,3,2,7, , ,0,Y, , , , ,82581, , , ,2,1,0,0,0,0,1,0,0,0,2,0,3,1,0,0,0,0,1,0,0,0,0,0,0,0,0,0,0,0,0,0,0,0,0,3,0,39.9732,-75.123, ,Philadelphia
 ,8893,2017083721,6,67,67301,2017,8,1,526,5,3,1,0,1,1, , ,N,0,0,0,3,0,2,3,2,N,N,39 59:18.694,75 05:18.972,546, ,535, ,0, , , ,0, , , , , ,82582, , , ,2,2,0,0,0,0,0,0,0,0,0,2,2,0,0,0,0,0,0,0,0,0,0,0,0,0,0,0,0,0,0,0,0,0,0,4,0,39.9885,-75.0886, ,Philadelphia
 ,8894,2017086303,6,67,67301,2017,7,6,2233,22,3,1,0,5,1, , ,N,0,0,0,3,0,2,4,3,N,N,40 00:44.314,75 09:41.575,2233, ,2233, ,0, ,N, ,0, , , , , ,82593, , , ,2,1,0,0,1,0,0,0,0,0,0,2,2,0,0,0,0,0,0,0,1,0,0,3,0,0,0,0,0,0,0,0,1,0,0,4,0,40.0123,-75.1616, ,Philadelphia
 ,8895,2017093504,6,67,67301,2017,8,3,1730,17,1,1,0,4,1, , ,N,1,2,0,3,0,1,3,3,N, ,40 03:28.059,75 00:31.473,1735, ,1735,2,1,2, , ,3,N, , , , ,82599, , , ,3,0,0,0,1,0,2,0,0,0,0,1,1,0,1,0,0,0,0,0,0,0,0,0,0,0,0,0,0,0,0,0,0,0,0,4,0,40.0578,-75.0087, ,Philadelphia
 ,8896,2017086061,6,67,67301,2017,7,6,826,8,1,2,1,5,1, , ,N,0,0,0,3,0,1,3,2,N,N,40 01:18.786,75 08:20.717,835, ,826,1,1,4, , ,0,N, , , , ,82604, , , ,2,2,0,0,0,0,0,0,0,0,0,0,1,1,2,0,0,0,0,1,0,0,0,0,0,0,0,0,0,0,0,0,0,0,0,8,0,40.0219,-75.1391, ,Philadelphia
 ,8897,2017109904,6,67,67301,2017,10,4,1850,18,3,1,0,6,1, , ,N,0,0,0,3,0,1,2,2,N,N,39 55:01.071,75 09:06.040,1900, ,1900, ,0, ,N, ,0, , , , , ,82608, , , ,1,1,0,0,0,0,0,0,1,0,0,1,1,0,0,0,0,0,0,0,0,0,0,1,0,0,0,0,0,0,0,0,0,0,0,4,0,39.917,-75.1517, ,Philadelphia
 ,8898,2017081128,6,67,67301,2017,7,5,1440,14,1,1,0,5,1, , ,N,0,8,0,3,0,1,2,2,N,N,40 02:28.271,75 00:16.516,1522, ,1443, ,0, , , ,3, , , , , ,82614, , , ,2,0,0,0,0,1,1,0,0,1,0,0,1,0,0,0,0,0,0,0,0,0,0,0,0,0,0,1,0,0,0,0,0,0,0,2,1,40.0412,-75.0046, ,Philadelphia
 ,8899,2017093627,6,67,67301,2017,8,2,1358,13,1,1,0,4,1, , ,N,0,0,0,3,0,2,5,2,N,N,39 58:57.372,75 12:23.784,1407, ,1402, ,0, ,N, ,0, , , , , ,82643, , , ,2,1,0,0,0,0,1,0,0,0,0,2,2,0,0,0,0,0,0,0,0,0,0,0,0,0,0,0,0,0,0,0,0,0,0,4,0,39.9826,-75.2066, ,Philadelphia
 ,8900,2017052354,6,67,67301,2017,5,3,1536,15,1,1,0,4,1, , ,N,1,2,0,3,0,3,4,3,N,N,40 02:06.735,75 08:43.670,1640, ,1637,2,2,1, , ,3,Y, , , , ,82665, , , ,3,1,0,0,0,0,2,0,0,0,0,3,3,0,0,0,0,0,0,0,2,0,0,0,0,0,0,0,0,0,0,0,0,0,0,4,0,40.0352,-75.1455, ,Philadelphia
 ,8901,2017116173,6,67,67301,2017,10,6,2200,22,3,1,0,4,1, , ,N,1,2,0,3,0,2,3,2,N,N,40 02:47.384,75 05:24.289,2255, ,2255, ,0, ,N, ,3, , , , , ,82684, , , ,2,1,0,0,0,0,1,0,0,0,0,1,2,1,1,0,0,0,0,0,0,0,0,0,0,0,0,0,0,0,0,0,0,0,0,4,0,40.0465,-75.0901, ,Philadelphia
 ,8902,2017117229,6,67,67301,2017,10,4,945,9,1,1,0,1,1, , ,N,0,0,0,3,0,1,3,3,N,N,39 54:49.163,75 09:00.351,1050, ,1045, ,0, ,N, ,0, , , , , ,82688, , , ,3,2,0,0,0,0,1,0,0,0,0,1,1,0,0,0,0,0,0,0,0,0,0,0,0,0,0,0,0,0,0,0,0,0,0,4,0,39.9137,-75.1501, ,Philadelphia
N,8903,2017107532,6,67,67301,2017,9,2,643,6,1,1,0,1,1,1,4,Y,0,0,3,3,0,1,4,4,N,N,39 58:26.165,75 07:08.622,659,45,650,2,2,1, , ,0,N,N,N,N,N,82690,N,N,Y,4,4,0,0,0,0,0,0,0,0,1,0,1,0,0,0,0,0,0,0,1,0,0,0,0,0,0,0,0,0,0,0,0,0,0,3,0,39.9739,-75.1191, ,Philadelphia
 ,8904,2017109936,6,67,67301,2017,9,6,1013,10,1,1,0,5,1, , ,N,0,0,0,3,0,1,2,2,N,N,39 59:06.818,75 06:49.443,1026, ,1023, ,0, ,N, ,0, , , , , ,82693, , , ,1,0,0,0,0,0,0,1,1,0,0,1,1,0,0,0,0,0,0,0,0,0,0,1,0,0,0,0,0,0,0,0,0,0,0,4,0,39.9852,-75.1137, ,Philadelphia
 ,8905,2017096414,6,67,67301,2017,8,5,1430,14,1,1,0,1,1, , ,N,0,0,0,3,0,3,5,4,N, ,40 01:05.979,75 10:08.212,1517, ,1515,2,2,2, , ,0,N, , , , ,82699, , , ,4,1,0,0,0,0,1,1,0,0,0,3,3,0,0,0,0,0,0,0,1,0,0,0,0,0,0,0,0,0,0,0,0,0,0,4,0,40.0183,-75.169, ,Philadelphia
 ,8906,2017096408,6,67,67301,2017,8,3,1738,17,1,1,0,8,1, , ,N,0,0,0,3,0,1,2,2,N,N,40 01:53.689,75 09:27.508,1744, ,1744, ,0, , , ,0, , , , , ,82700, , , ,1,1,0,0,0,0,0,0,0,0,0,1,1,0,1,0,0,0,0,0,0,0,0,0,0,0,0,0,0,0,0,0,1,0,0,4,0,40.0316,-75.1576, ,Philadelphia
 ,8907,2017067677,6,67,67301,2017,5,4,1947,19,1,1,0,1,1, , ,N,0,0,0,3,0,1,2,2,N, ,39 56:25.225,75 11:52.259,2020, ,2015, ,0, , , ,0, , , , , ,82708, , , ,1,1,0,0,0,0,0,0,1,0,1,0,1,0,0,0,0,0,0,0,0,0,1,0,0,0,0,0,0,0,0,0,0,0,0,3,0,39.9402,-75.1979, ,Philadelphia
 ,8908,2017060690,6,67,67301,2017,5,3,1746,17,1,1,0,1,1, , ,N,0,0,0,3,0,0,4,2,N,N,40 02:17.473,75 02:35.788,1817, ,1814, ,0, ,N, ,0, , , , , ,85792, , , ,2,1,0,0,0,0,1,0,0,0,0,0,0,0,0,0,0,0,0,0,0,0,0,0,0,0,0,0,0,0,0,0,0,0,0,0,0,40.0382,-75.0433, ,Philadelphia
 ,8909,2017063343,6,67,67301,2017,6,6,2355,23,3,1,0,7,4, , ,N,3,0,2,3,0,0,1,1,N,N,39 57:21.582,75 08:29.701,2355, ,2355,1,1,4, , ,0,Y, , , , ,85795, , , ,1,0,0,0,1,0,0,0,0,0,0,0,0,0,0,0,0,0,0,0,1,0,0,0,0,0,0,0,0,0,0,0,0,0,0,0,0,39.956,-75.1416, ,Philadelphia
 ,8910,2017070514,6,67,67301,2017,6,2,1155,11,1,1,0,1,6, , ,N,0,0,0,3,0,0,1,2,N,N,39 55:44.049,75 10:36.784,1202, ,1202, ,0, ,N, ,0, , , , , ,85817, , , ,2,1,0,0,1,0,0,0,0,0,0,0,0,0,1,0,0,0,0,0,0,0,0,0,0,0,0,0,0,0,0,0,0,0,0,9,0,39.9289,-75.1769, ,Philadelphia
 ,8911,2017086925,6,67,67301,2017,1,2,148,1,3,1,0,8,1, , ,N,0,0,0,3,0,1,2,2,N,N,39 56:28.208,75 08:45.592,155, ,152,1,2,3,N, ,0,Y, , , , ,85822, , , ,1,1,0,0,0,0,0,0,0,0,0,0,1,1,0,0,0,0,0,0,0,0,0,1,0,0,0,0,0,0,0,0,1,0,0,8,0,39.9412,-75.146, ,Philadelphia
 ,8912,2017078717,6,67,67301,2017,7,3,1925,19,1,1,0,4,1, , ,N,1,2,0,3,0,2,3,2,N,N,40 03:17.284,75 11:55.637,1934, ,1930,3,1,1, , ,3,N, , , , ,85828, , , ,2,2,0,0,0,0,0,0,0,0,0,2,2,0,0,0,0,0,0,0,0,0,0,0,0,0,0,0,0,0,0,0,0,0,0,4,0,40.0548,-75.1988, ,Philadelphia
 ,8913,2017088847,6,67,67301,2017,8,3,925,9,1,1,0,4,1, , ,N,1,3,0,3,0,1,2,2,N,N,39 57:38.167,75 10:11.971,945, ,930, ,0, ,N, ,3, , , , , ,85870, , , ,1,1,0,0,0,0,0,0,1,0,0,1,1,0,0,0,0,0,0,0,0,0,0,0,0,0,0,0,0,0,0,0,0,0,0,4,0,39.9606,-75.17, ,Philadelphia
 ,8914,2017105939,6,67,67301,2017,9,7,2315,23,3,1,0,0,1, , ,N,3,0,0,3,0,1,1,2,N,N,39 59:15.705,75 12:58.134,41, ,31, ,0, , , ,0, , , , , ,85877, , , ,1,0,1,0,0,0,0,0,0,0,1,0,1,0,0,0,0,0,0,0,1,0,0,0,0,0,0,0,0,0,0,0,0,0,0,3,0,39.9877,-75.2161, ,Philadelphia
 ,8915,2017116150,6,67,67301,2017,10,6,1730,17,1,1,0,3,1, , ,N,0,0,0,3,0,1,3,2,N,N,39 56:42.496,75 10:18.033,1745, ,1740, ,0, , , ,0, , , , , ,85879, , , ,1,0,0,0,1,0,0,0,1,0,1,0,1,0,0,0,0,0,0,0,0,0,0,2,0,0,0,0,0,0,0,0,0,0,0,3,0,39.9451,-75.1717, ,Philadelphia
 ,8916,2017108302,6,67,67301,2017,10,7,324,3,3,1,1,1,1, , ,N,0,0,0,3,0,0,3,3,N,N,39 58:29.021,75 07:04.321,327, ,327,1,2,2, , ,0,N, , , , ,85906, , , ,3,1,0,0,0,1,1,0,0,0,0,0,0,0,0,0,0,0,0,0,0,0,0,0,0,0,0,0,0,0,0,0,0,0,0,0,1,39.9747,-75.1179, ,Philadelphia
 ,8917,2017091709,6,67,67301,2017,8,1,120,1,3,1,0,4,1, , ,N,2,3,0,3,0,0,2,2,N,N,40 01:12.558,75 06:47.354,129, ,129, ,0, ,N, ,3, , , , , ,85981, , , ,2,2,0,0,0,0,0,0,0,0,0,0,0,0,0,0,0,0,0,0,1,0,0,0,0,0,0,0,0,0,0,0,0,0,0,0,0,40.0202,-75.1132, ,Philadelphia