wz_ln_closure,objectid_1,crn,district,county,municipality,crash_year,crash_month,day_of_week,time_of_day,hour_of_day,illumination,weather,road_condition,collision_type,relation_to_road,work_zone_type,work_zone_loc,work_zone_ind,intersect_type,tcd_type,location_type,urban_rural,fatal_count,injury_count,person_count,total_units,sch_bus_ind,sch_zone_ind,latitude,longitude,arrival_tm,cons_zone_spd_lim,dispatch_tm,est_hrs_closed,lane_closed,ln_close_dir,ntfy_hiwy_maint,spec_juris_cd,tcd_func_cd,tfc_detour_ind,workers_pres,wz_close_detour,wz_flagger,wz_law_offcr_ind,objectid,wz_moving,wz_other,wz_shlder_mdn,vehicle_count,automobile_count,motorcycle_count,bus_count,small_truck_count,heavy_truck_count,suv_count,van_count,bicycle_count,maj_inj_count,mod_inj_count,min_inj_count,tot_inj_count,unk_inj_deg_count,unk_inj_per_count,driver_count_16yr,driver_count_17yr,driver_count_18yr,driver_count_19yr,driver_count_20yr,driver_count_50_64yr,driver_count_65_74yr,driver_count_75plus,unbelted_occ_count,unb_death_count,unb_maj_inj_count,belted_death_count,belted_maj_inj_count,mcycle_death_count,mcycle_maj_inj_count,bicycle_death_count,bicycle_maj_inj_count,ped_count,ped_death_count,ped_maj_inj_count,max_severity_level,comm_veh_count,dec_lat,dec_long,rdwy_surf_type_cd,county_name
 ,8918,2017058251,6,67,67301,2017,5,6,2330,23,3,2,1,4,1, , ,N,2,0,0,3,0,1,4,3,N,N,40 00:56.099,75 08:59.116,2356, ,2356,3,1,1,N, ,0,N, , , , ,85987, , , ,2,2,0,0,0,0,0,0,0,0,0,1,1,0,0,0,0,0,0,0,0,0,0,0,0,0,0,0,0,0,0,0,1,0,0,4,0,40.0156,-75.1498, ,Philadelphia
 ,8919,2017058849,6,67,67301,2017,5,4,1729,17,1,1,0,1,1, , ,N,0,0,0,3,0,0,2,2,N,N,39 58:37.916,75 11:57.512,1740, ,1732,1,1,4, , ,0,N, , , , ,85989, , , ,2,2,0,0,0,0,0,0,0,0,0,0,0,0,0,0,0,0,0,0,0,0,0,0,0,0,0,0,0,0,0,0,0,0,0,0,0,39.9772,-75.1993, ,Philadelphia
 ,8920,2017058261,6,67,67301,2017,5,2,920,9,1,1,0,4,1, , ,N,1,2,0,3,0,2,2,2,N,N,39 58:15.340,75 08:21.271,935, ,930, ,0, ,N, ,3, , , , , ,85990, , , ,2,2,0,0,0,0,0,0,0,0,0,2,2,0,0,0,0,0,0,0,0,0,0,0,0,0,0,0,0,0,0,0,0,0,0,4,0,39.9709,-75.1392, ,Philadelphia
 ,8921,2017076245,6,67,67301,2017,6,6,2243,22,3,1,0,6,1, , ,N,0,0,0,3,0,2,3,3,N,N,39 56:39.606,75 09:55.069,2322, ,2319,3,2,2, , ,0,Y, , , , ,85999, , , ,3,1,2,0,0,0,0,0,0,0,1,0,2,1,0,0,0,0,0,0,0,0,0,0,0,0,0,0,0,0,0,0,0,0,0,3,0,39.9443,-75.1653, ,Philadelphia
 ,8922,2017076198,6,67,67301,2017,6,3,1745,17,1,1,0,4,1, , ,N,1,3,0,3,0,0,2,2,N,N,39 59:27.455,75 06:43.534,1750, ,1748,1,2,6, , ,3,Y, , , , ,86009, , , ,2,0,0,0,0,0,2,0,0,0,0,0,0,0,2,0,1,0,0,0,0,0,1,0,0,0,0,0,0,0,0,0,0,0,0,9,0,39.991,-75.1121, ,Philadelphia
 ,8923,2017123784,6,67,67301,2017,11,5,643,6,5,1,0,7,2, , ,N,0,0,0,3,0,0,1,1,N,N,39 58:57.706,75 12:28.099,646, ,646, ,0, , , ,0, , , , , ,86015, , , ,1,1,0,0,0,0,0,0,0,0,0,0,0,0,0,0,0,0,0,0,0,0,0,0,0,0,0,0,0,0,0,0,0,0,0,0,0,39.9827,-75.2078, ,Philadelphia
 ,8924,2017086359,6,67,67301,2017,7,5,1900,19,1,1,0,5,1, , ,N,0,0,0,3,0,0,4,2,N,N,39 58:23.613,75 12:42.501,1915, ,1908, ,0, ,N, ,0, , , , , ,86025, , , ,2,0,0,0,0,0,2,0,0,0,0,0,0,0,0,0,0,0,0,0,0,0,0,0,0,0,0,0,0,0,0,0,0,0,0,0,0,39.9732,-75.2118, ,Philadelphia
 ,8925,2017086068,6,67,67301,2017,7,4,1400,14,1,1,0,8,1, , ,N,1,2,0,3,0,1,2,2,N,N,40 03:10.189,75 09:10.268,1407, ,1405, ,0, , , ,3, , , , , ,86065, , , ,1,0,0,0,0,0,1,0,0,0,1,0,1,0,0,0,0,0,0,0,1,0,0,1,0,0,0,0,0,0,0,0,1,0,0,3,0,40.0528,-75.1529, ,Philadelphia
 ,8926,2017096460,6,67,67301,2017,9,7,1550,15,1,2,1,4,1, , ,N,1,2,0,3,0,2,5,3,N,N,39 56:15.501,75 13:22.863,1615, ,1605, ,0, ,N, ,3, , , , , ,124003, , , ,3,2,0,0,1,0,0,0,0,0,0,2,2,0,0,0,0,0,0,0,1,0,0,3,0,0,0,0,0,0,0,0,0,0,0,4,0,39.9376,-75.2231, ,Philadelphia
 ,8927,2017128523,6,67,67301,2017,12,3,1555,15,1,1,0,4,1, , ,N,0,0,0,3,0,1,3,2,N,N,40 02:54.392,75 03:05.186,1610, ,1555,2,2,2,N, ,0,N, , , , ,124022, , , ,2,0,0,0,0,1,1,0,0,0,1,0,1,0,0,0,0,0,0,0,2,0,0,0,0,0,0,0,0,0,0,0,0,0,0,3,1,40.0484,-75.0514, ,Philadelphia
 ,8928,2017116000,6,67,67301,2017,10,3,2110,21,3,1,0,4,1, , ,N,1,3,0,3,0,1,5,2,N,N,39 55:17.340,75 08:50.248,2115, ,2115, ,0, ,N, ,3, , , , , ,124042, , , ,2,2,0,0,0,0,0,0,0,0,0,0,1,1,0,0,0,0,0,0,0,0,0,0,0,0,0,0,0,0,0,0,0,0,0,8,0,39.9215,-75.1473, ,Philadelphia
 ,8929,2017115969,6,67,67301,2017,10,5,2251,22,3,1,0,5,1, , ,N,0,0,0,3,0,1,3,2,N,N,39 57:06.126,75 09:51.897,2356, ,2352, ,0, ,N, ,0, , , , , ,124044, , , ,2,2,0,0,0,0,0,0,0,0,0,1,1,0,1,0,0,0,0,0,0,0,0,0,0,0,0,0,0,0,0,0,0,0,0,4,0,39.9517,-75.1644, ,Philadelphia
 ,8930,2017108052,6,67,67301,2017,9,7,1745,17,1,1,0,8,6, , ,N,0,0,0,3,0,1,2,2,N,N,39 55:37.460,75 10:54.952,1753, ,1750, ,0, ,N, ,0, , , , , ,124052, , , ,1,1,0,0,0,0,0,0,0,0,0,1,1,0,0,0,0,0,0,0,0,0,0,0,0,0,0,0,0,0,0,0,1,0,0,4,0,39.9271,-75.1819, ,Philadelphia
 ,8931,2017101890,6,67,67301,2017,9,5,1250,12,1,1,0,8,1, , ,N,1,2,0,3,0,1,2,2,N,N,40 02:25.152,75 00:55.542,1257, ,1252, ,0, ,N, ,3, , , , , ,124053, , , ,1,0,0,0,0,0,1,0,0,0,0,0,1,1,0,0,0,0,0,0,0,0,0,1,0,0,0,0,0,0,0,0,1,0,0,8,0,40.0403,-75.0154, ,Philadelphia
 ,8932,2017133987,6,67,67301,2017,11,7,2215,22,3,1,0,8,1, , ,N,1,2,0,3,0,1,2,2,N,N,39 57:12.151,75 10:17.738,2220, ,2218, ,0, ,N, ,3, , , , , ,124056, , , ,1,1,0,0,0,0,0,0,0,0,1,0,1,0,0,0,0,0,0,0,1,0,0,0,0,0,0,0,0,0,0,0,1,0,0,3,0,39.9534,-75.1716, ,Philadelphia
 ,8933,2017125680,6,67,67301,2017,11,3,1710,17,3,1,0,1,1, , ,N,0,0,0,3,0,0,2,2,N,N,39 55:24.160,75 11:32.076,1727, ,1715,1,2,3,N, ,0,Y, , , , ,124069, , , ,2,0,0,0,1,0,0,1,0,0,0,0,0,0,0,0,0,0,0,0,0,0,0,0,0,0,0,0,0,0,0,0,0,0,0,0,0,39.9234,-75.1922, ,Philadelphia
 ,8934,2017096600,6,67,67301,2017,8,2,1750,17,1,1,0,8,1, , ,N,0,0,0,3,0,1,2,2,N,N,39 56:37.219,75 13:40.393,1048, ,1048, ,0, ,N, ,0, , , , , ,124091, , , ,1,0,0,0,0,0,0,1,0,0,0,0,1,1,0,0,0,0,0,0,0,0,0,0,0,0,0,0,0,0,0,0,1,0,0,8,0,39.9437,-75.2279, ,Philadelphia
 ,8935,2017097886,6,67,67301,2017,9,1,124,1,3,1,0,4,1, , ,N,2,0,0,3,0,1,1,2,N,N,40 02:57.627,75 10:37.297,135, ,127, ,0, ,N, ,0, , , , , ,124092, , , ,2,1,0,0,1,0,0,0,0,0,0,0,1,1,0,0,0,0,0,0,0,0,0,0,0,0,0,0,0,0,0,0,0,0,0,8,0,40.0493,-75.177, ,Philadelphia
 ,8936,2017116050,6,67,67301,2017,10,5,1549,15,1,1,0,8,1, , ,N,1,2,0,3,0,1,2,2,N,N,40 02:06.735,75 08:43.670,1600, ,1550, ,0, ,N, ,3, , , , , ,124096, , , ,1,0,0,0,0,0,1,0,0,0,0,1,1,0,0,0,0,0,0,0,0,0,0,1,0,0,0,0,0,0,0,0,1,0,0,4,0,40.0352,-75.1455, ,Philadelphia
 ,8937,2017127687,6,67,67301,2017,12,1,1732,17,3,1,0,7,3, , ,N,0,0,0,3,0,0,2,1,N,N,39 57:35.383,75 10:42.362,1757, ,1757, ,0, ,N, ,0, , , , , ,124123, , , ,1,1,0,0,0,0,0,0,0,0,0,0,0,0,0,0,0,0,0,0,0,0,0,0,0,0,0,0,0,0,0,0,0,0,0,0,0,39.9598,-75.1784, ,Philadelphia
 ,8938,2017137538,6,67,67301,2017,12,2,1702,17,3,1,0,1,1, , ,N,0,0,0,3,0,0,3,3,N,N,39 55:17.949,75 14:47.491,1712, ,1709, ,0, ,N, ,0, , , , , ,124127, , , ,3,2,0,0,0,0,1,0,0,0,0,0,0,0,0,0,0,0,0,0,3,0,0,1,0,0,0,0,0,0,0,0,0,0,0,0,0,39.9217,-75.2465, ,Philadelphia
 ,8939,2017106036,6,67,67301,2017,9,4,1220,12,1,2,1,4,1, , ,N,2,2,0,3,0,0,2,2,N,N,39 58:02.110,75 10:16.899,1300, ,1230, ,0, ,N, ,3, , , , , ,124141, , , ,2,1,0,0,0,0,1,0,0,0,0,0,0,0,0,0,0,0,0,0,1,0,1,2,0,0,0,0,0,0,0,0,0,0,0,0,0,39.9673,-75.1714, ,Philadelphia
 ,8940,2018029798,6,67,67301,2017,12,6,1430,14,1,4,3,8,1, , ,N,2,2,0,3,0,1,2,2,N, ,40 00:26.789,75 07:30.615,1514, ,1514, ,0, ,N, ,3, , , , , ,124150, , , ,1,0,0,0,0,0,0,0,0,0,0,1,1,0,1,0,0,0,0,0,0,0,0,0,0,0,0,0,0,0,0,0,1,0,0,4,0,40.0074,-75.1252, ,Philadelphia
 ,8941,2018005483,6,67,67301,2017,12,7,1555,15,1,4,3,1,6, , ,N,0,0,0,3,0,1,3,2,N,N,40 06:25.300,75 02:18.700,1610, ,1557,1,1,3,N, ,0,N, , , , ,124157, , , ,2,0,0,0,0,0,2,0,0,0,0,0,1,1,0,0,0,0,0,0,1,0,0,0,0,0,0,0,0,0,0,0,0,0,0,8,0,40.107,-75.0385, ,Philadelphia
 ,8942,2018029889,6,67,67301,2017,12,7,2218,22,3,2,1,8,1, , ,N,1,2,0,3,0,1,2,2,N,N,39 57:24.529,75 11:58.268,2225, ,2218, ,0, ,N, ,3, , , , , ,124161, , , ,1,1,0,0,0,0,0,0,0,0,0,1,1,0,0,0,0,0,0,0,0,0,0,0,0,0,0,0,0,0,0,0,1,0,0,4,0,39.9568,-75.1995, ,Philadelphia
 ,8943,2017113527,6,46,46104,2017,10,5,740,7,1,1,0,4,1, , ,N,1,2,0,3,0,1,3,3,N,N,40 00:14.125,75 13:14.515,742, ,740,2,1,3,N, ,3,Y, , , , ,124193, , , ,3,1,0,0,0,0,2,0,0,0,1,0,1,0,0,0,0,0,0,0,1,0,0,0,0,0,0,0,0,0,0,0,0,0,0,3,0,40.0039,-75.2207, ,Montgomery
 ,8944,2018020753,6,67,67301,2017,11,6,1258,12,1,1,0,4,1, , ,N,2,0,7,3,0,1,3,2,N,N,40 01:57.461,75 06:23.217,1300, ,1300, ,0, ,N, ,0, , , , , ,124196, , , ,2,0,0,0,1,0,1,0,0,0,1,0,1,0,0,0,0,0,0,1,0,1,0,0,0,0,0,0,0,0,0,0,0,0,0,3,0,40.0324,-75.1062, ,Philadelphia
 ,8945,2018030870,6,67,67301,2017,12,4,1828,18,3,1,0,8,1, , ,N,2,2,0,3,0,1,2,2,N,N,39 59:43.202,75 14:20.403,1833, ,1831, ,0, ,N, ,3, , , , , ,124222, , , ,1,0,0,0,0,0,1,0,0,1,0,0,1,0,0,0,0,0,0,0,0,0,0,0,0,0,0,0,0,0,0,0,1,0,1,2,0,39.9953,-75.239, ,Philadelphia
 ,8946,2017115997,6,67,67301,2017,10,3,2115,21,3,1,0,1,1, , ,N,0,0,0,3,0,1,2,2,N, ,39 58:43.212,75 07:07.213,2124, ,2115, ,0, , , ,0, , , , , ,124226, , , ,2,0,1,0,0,0,1,0,0,0,0,1,1,0,0,0,0,0,0,0,0,0,0,1,0,0,0,0,0,0,0,0,0,0,0,4,0,39.9786,-75.1187, ,Philadelphia
 ,8947,2017111553,6,67,67301,2017,10,4,1216,12,1,1,0,8,1, , ,N,5,2,0,3,0,1,2,2,N,N,40 03:27.557,75 09:57.853,1245, ,1228, ,0, ,N, ,3, , , , , ,124227, , , ,1,1,0,0,0,0,0,0,0,0,0,0,1,1,0,0,0,0,0,0,0,1,0,0,0,0,0,0,0,0,0,0,1,0,0,8,0,40.0577,-75.1661, ,Philadelphia
 ,8948,2018027551,6,67,67301,2017,12,5,2030,20,3,1,0,4,1, , ,N,1,3,0,3,0,1,4,2,N,N,40 03:57.202,75 10:35.464,2055, ,2051, ,0, ,N, ,3, , , , , ,124247, , , ,2,2,0,0,0,0,0,0,0,0,0,1,1,0,0,0,0,0,0,0,0,0,0,0,0,0,0,0,0,0,0,0,0,0,0,4,0,40.0659,-75.1765, ,Philadelphia
 ,8949,2018005439,6,67,67301,2017,12,2,850,8,1,1,0,8,1, , ,N,0,0,7,3,0,1,2,2,N,Y,39 58:36.391,75 12:47.624,915, ,911, ,0, ,N, ,0, , , , , ,124249, , , ,1,1,0,0,0,0,0,0,0,0,1,0,1,0,0,0,0,0,0,0,0,0,0,0,0,0,0,0,0,0,0,0,1,0,0,3,0,39.9768,-75.2132, ,Philadelphia
 ,8950,2018028936,6,67,67301,2017,12,4,1930,19,3,1,0,4,1, , ,N,1,2,0,3,0,0,2,2,N,N,39 58:28.556,75 15:06.926,1954, ,1949, ,0, ,N, ,3, , , , , ,124251, , , ,2,2,0,0,0,0,0,0,0,0,0,0,0,0,0,0,0,0,0,0,0,0,1,0,0,0,0,0,0,0,0,0,0,0,0,0,0,39.9746,-75.2519, ,Philadelphia
 ,8951,2018029743,6,67,67301,2017,12,5,1003,10,1,1,0,1,6, , ,N,0,0,0,3,0,0,1,2,N,N,40 01:10.084,75 04:52.075,1007, ,1005,3,2,5,N, ,0,Y, , , , ,124252, , , ,2,1,0,0,0,0,0,0,0,0,0,0,0,0,0,0,0,0,0,0,0,0,0,0,0,0,0,0,0,0,0,0,0,0,0,0,0,40.0195,-75.0811, ,Philadelphia
 ,8952,2017122820,6,67,67301,2017,10,2,1215,12,1,1,0,6,1, , ,N,0,0,0,3,0,1,2,2,N, ,39 58:26.463,75 10:44.949,1225, ,1220, ,0, , , ,0, , , , , ,124262, , , ,2,1,0,0,0,0,1,0,0,0,0,0,1,1,1,0,0,0,0,0,0,1,0,0,0,0,0,0,0,0,0,0,0,0,0,8,0,39.974,-75.1792, ,Philadelphia
 ,8953,2018029952,6,67,67301,2017,12,4,1350,13,1,1,0,5,1, , ,N,0,0,0,3,0,2,4,2,N,N,40 00:50.428,75 04:06.778,1405, ,1355, ,0, ,N, ,0, , , , , ,124275, , , ,2,1,0,1,0,0,0,0,0,0,0,0,2,2,0,0,0,0,0,0,1,0,0,1,0,0,0,0,0,0,0,0,0,0,0,8,1,40.014,-75.0686, ,Philadelphia
 ,8954,2017120576,6,67,67301,2017,10,3,1650,16,1,1,0,8,1, , ,N,2,0,0,3,0,1,2,2,N,N,40 02:37.705,75 09:47.163,9999, ,503, ,0, ,N, ,0, , , , , ,124306, , , ,1,0,0,0,1,0,0,0,0,0,0,0,1,1,1,0,0,0,0,0,0,0,0,0,0,0,0,0,0,0,0,0,1,0,0,8,0,40.0438,-75.1631, ,Philadelphia
 ,8955,2017137556,6,67,67301,2017,12,7,2128,21,3,1,0,4,1, , ,N,1,2,0,3,0,2,3,2,N, ,40 00:30.707,75 12:38.635,2151, ,2143,1,1,3,N, ,3,Y, , , , ,124307, , , ,2,1,0,0,0,0,1,0,0,0,1,1,2,0,0,0,0,0,0,0,0,0,1,1,0,0,0,0,0,0,0,0,0,0,0,3,0,40.0085,-75.2107, ,Philadelphia
 ,8956,2017128058,6,67,67301,2017,11,7,2100,21,3,1,0,4,1, , ,N,4,2,0,3,0,1,2,2,N, ,39 57:05.600,75 09:46.600,105, ,55, ,0, , , ,3, , , , , ,124335, , , ,1,0,0,0,0,0,0,0,1,0,0,0,1,1,0,0,0,0,0,0,0,0,0,0,0,0,0,0,0,0,0,0,0,0,0,8,0,39.9516,-75.1637, ,Philadelphia
 ,8957,2017127431,6,67,67301,2017,11,7,1845,18,3,1,0,4,1, , ,N,1,2,0,3,0,3,5,4,N,N,40 01:39.780,75 05:55.552,1848, ,1845,2,2,3, , ,3,N, , , , ,124372, , , ,4,2,0,0,0,0,1,1,0,0,2,0,3,1,0,0,0,0,0,0,1,0,0,4,0,0,0,0,0,0,0,0,0,0,0,3,0,40.0277,-75.0988, ,Philadelphia
 ,8958,2017120595,6,67,67301,2017,10,7,537,5,1,1,0,5,1, , ,N,1,2,0,3,0,1,2,2,N,N,40 01:19.466,75 03:47.720,615, ,612, ,0, ,N, ,3, , , , , ,124375, , , ,2,1,0,0,0,0,0,1,0,0,0,1,1,0,0,0,0,0,0,0,1,0,0,2,0,0,0,0,0,0,0,0,0,0,0,4,0,40.0221,-75.0631, ,Philadelphia
 ,8959,2017138163,6,67,67301,2017,12,7,1920,19,3,1,0,5,1, , ,N,0,0,0,3,0,0,7,4,N,N,39 57:33.465,75 10:23.459,1939, ,1921,1,2,4, , ,0,N, , , , ,124385, , , ,4,4,0,0,0,0,0,0,0,0,0,0,0,0,0,0,0,0,0,1,0,0,0,0,0,0,0,0,0,0,0,0,0,0,0,0,0,39.9593,-75.1732, ,Philadelphia
 ,8960,2017130704,6,67,67301,2017,11,1,1730,17,3,1,0,8,1, , ,N,0,2,0,3,1,0,3,2,N, ,40 03:22.219,75 13:57.781,1744, ,1738,9,2,5,N,0,3,Y, , , , ,124387, , , ,1,0,0,0,0,0,1,0,0,0,0,0,0,0,0,0,0,0,0,0,1,0,0,0,0,0,0,0,0,0,0,0,1,1,0,1,0,40.0562,-75.2327,2,Philadelphia
 ,8961,2017094814,6,67,67301,2017,9,5,1424,14,1,1,0,8,1, , ,N,1,2,0,3,0,1,2,2,N,N,39 59:04.850,75 09:23.377,1500, ,1445, ,0, ,N, ,3, , , , , ,124400, , , ,1,0,0,0,0,0,0,0,0,0,0,0,1,1,1,0,0,0,0,0,0,0,0,0,0,0,0,0,0,0,0,0,1,0,0,8,0,39.9847,-75.1565, ,Philadelphia
N,8962,2017110872,6,67,67301,2017,10,4,730,7,1,1,0,1,1,1,4,Y,0,0,0,3,0,2,3,2,N,N,39 58:05.009,75 07:48.174,730,45,730, ,0, , , ,0, ,Y,N,N,N,118139,N,N,Y,2,2,0,0,0,0,0,0,0,0,2,0,2,0,0,0,0,0,0,0,0,0,0,0,0,0,0,0,0,0,0,0,0,0,0,3,0,39.9681,-75.13, ,Philadelphia
 ,8963,2017127525,6,67,67301,2017,11,6,837,8,1,1,0,7,4, , ,N,0,0,0,3,0,2,2,1,N,N,39 58:45.664,75 12:50.194,842, ,837, ,0, ,N, ,0, , , , , ,118145, , , ,1,1,0,0,0,0,0,0,0,0,0,2,2,0,0,0,0,0,0,0,0,0,0,0,0,0,0,0,0,0,0,0,0,0,0,4,0,39.9793,-75.2139, ,Philadelphia
 ,8964,2017120566,6,67,67301,2017,10,1,1944,19,3,2,1,1,1, , ,N,0,0,0,3,0,1,2,2,N,N,39 54:24.774,75 11:37.580,1957, ,1945,1,1,2,N, ,0,N, , , , ,118157, , , ,2,2,0,0,0,0,0,0,0,0,0,1,1,0,0,0,0,0,0,0,0,0,0,0,0,0,0,0,0,0,0,0,0,0,0,4,0,39.907,-75.1937, ,Philadelphia
 ,8965,2018029782,6,67,67301,2017,12,1,605,6,3,1,8,8,1, , ,N,1,2,0,3,0,1,2,2,N, ,39 58:34.937,75 07:11.310,610, ,610, ,0, ,N, ,3, , , , , ,118171, , , ,1,1,0,0,0,0,0,0,0,0,0,1,1,0,0,0,0,0,0,0,0,0,0,1,0,0,0,0,0,0,0,0,1,0,0,4,0,39.9763,-75.1197, ,Philadelphia
 ,8966,2017093530,6,67,67301,2017,8,5,2138,21,3,1,0,7,5, , ,N,1,0,0,3,0,1,2,1,N, ,40 02:54.808,75 09:41.994,2212, ,2150, ,0, , , ,0, , , , , ,118173, , , ,1,1,0,0,0,0,0,0,0,0,0,0,1,1,0,0,0,0,0,1,0,0,0,0,0,0,0,0,0,0,0,0,0,0,0,8,0,40.0486,-75.1617, ,Philadelphia
 ,8967,2017123670,6,67,67301,2017,11,7,705,7,1,1,0,1,1, , ,N,6,0,2,3,0,0,3,3,N,N,39 56:56.693,75 11:06.409,714, ,707,2,1,3, , ,0,Y, , , , ,118189, , , ,3,2,0,0,0,0,0,1,0,0,0,0,0,0,0,0,0,0,0,0,0,1,0,0,0,0,0,0,0,0,0,0,0,0,0,0,0,39.949,-75.1852, ,Philadelphia
 ,8968,2018015788,6,67,67301,2017,11,4,919,9,1,1,1,8,1, , ,N,1,2,0,3,0,1,2,2,N,N,40 01:20.289,75 09:43.290,930, ,930, ,0, ,N, ,3, , , , , ,118197, , , ,1,1,0,0,0,0,0,0,0,1,0,0,1,0,0,0,0,0,0,0,0,0,0,1,0,0,0,0,0,0,0,0,1,0,1,2,0,40.0223,-75.162, ,Philadelphia
 ,8969,2017096452,6,67,67301,2017,8,1,2150,21,2,1,0,0,1, , ,N,0,0,0,3,0,1,1,1,N,N,40 00:19.305,75 11:27.297,2220, ,2154,1,1,2,N, ,0,N, , , , ,118199, , , ,1,0,1,0,0,0,0,0,0,0,0,1,1,0,0,0,0,0,0,0,0,0,0,0,0,0,0,0,0,0,0,0,0,0,0,4,0,40.0053,-75.1909, ,Philadelphia
 ,8970,2017128095,6,67,67301,2017,11,5,1916,19,3,1,0,4,1, , ,N,2,2,0,3,0,0,4,2,N,N,40 02:54.213,74 59:25.604,1933, ,1920, ,0, ,N, ,3, , , , , ,118202, , , ,2,1,0,0,0,0,1,0,0,0,0,0,0,0,0,0,0,0,0,0,0,0,0,0,0,0,0,0,0,0,0,0,0,0,0,0,0,40.0483,-74.9904, ,Philadelphia
 ,8971,2017129240,6,67,67301,2017,11,5,1552,15,1,1,0,1,1, , ,N,0,8,0,3,0,0,4,2,N,N,40 02:54.846,74 59:52.860,1608, ,1554, ,0, , , ,3, , , , , ,118203, , , ,2,1,0,0,0,0,1,0,0,0,0,0,0,0,0,0,1,0,0,0,0,0,0,0,0,0,0,0,0,0,0,0,0,0,0,0,0,40.0486,-74.998, ,Philadelphia
 ,8972,2018029797,6,67,67301,2017,12,3,1347,13,1,1,0,8,1, , ,N,1,2,0,3,0,1,2,2,N, ,39 57:25.245,75 12:47.990,1421, ,1428, ,0, ,N, ,3, , , , , ,118235, , , ,1,0,0,0,0,0,0,1,0,0,1,0,1,0,0,0,0,0,0,0,1,0,0,0,0,0,0,0,0,0,0,0,1,0,0,3,0,39.957,-75.2133, ,Philadelphia
 ,8973,2018027468,6,67,67301,2017,12,3,1940,19,3,1,0,4,1, , ,N,5,2,0,3,0,3,6,2,N,N,40 00:17.745,75 10:43.248,1943, ,1943, ,0, ,N, ,3, , , , , ,118237, , , ,2,1,0,0,0,0,1,0,0,0,0,3,3,0,1,0,0,0,0,0,0,0,0,1,0,0,0,0,0,0,0,0,0,0,0,4,0,40.0049,-75.1787, ,Philadelphia
 ,8974,2017128020,6,67,67301,2017,11,3,1158,11,1,1,0,7,3, , ,N,0,0,0,3,0,1,1,1,N,N,40 03:51.627,75 02:31.442,1208, ,1200,1,1,5,N, ,0,N, , , , ,118249, , , ,1,1,0,0,0,0,0,0,0,0,0,1,1,0,0,0,0,0,0,0,0,1,0,0,0,0,0,0,0,0,0,0,0,0,0,4,0,40.0643,-75.0421, ,Philadelphia
 ,8975,2017135086,6,67,67301,2017,11,7,1400,14,1,1,1,4,1, , ,N,1,2,0,3,0,7,9,3,N,N,39 58:49.320,75 10:15.311,1403, ,1402,1,2,7,N, ,3,Y, , , , ,118250, , , ,3,2,0,1,0,0,0,0,0,0,0,7,7,0,0,0,0,0,1,0,0,0,0,0,0,0,0,0,0,0,0,0,0,0,0,4,1,39.9804,-75.1709, ,Philadelphia
 ,8976,2018027490,6,67,67301,2017,12,1,240,2,3,4,6,7,5, , ,N,2,0,0,3,0,0,1,1,N,N,39 59:01.456,75 10:36.143,245, ,245, ,0, ,N, ,0, , , , , ,118260, , , ,1,0,0,0,0,0,1,0,0,0,0,0,0,0,0,0,0,0,0,0,0,0,0,0,0,0,0,0,0,0,0,0,0,0,0,0,0,39.9837,-75.1767, ,Philadelphia
 ,8977,2017127995,6,67,67301,2017,11,7,830,8,3,1,0,4,1, , ,N,1,2,0,3,0,2,5,2,N, ,39 55:11.168,75 11:17.735,840, ,838, ,0, , , ,3, , , , , ,118272, , , ,2,1,0,0,0,0,1,0,0,0,0,0,2,2,3,0,0,0,0,0,2,0,0,0,0,0,0,0,0,0,0,0,0,0,0,8,0,39.9198,-75.1883, ,Philadelphia
 ,8978,2018026512,6,67,67301,2017,12,7,1500,15,1,4,1,1,6, , ,N,0,0,0,3,0,0,1,2,N, ,40 02:48.507,75 11:31.730,1515, ,1509, ,0, ,N, ,0, , , , , ,118277, , , ,2,2,0,0,0,0,0,0,0,0,0,0,0,0,1,0,0,0,0,0,0,0,0,0,0,0,0,0,0,0,0,0,0,0,0,9,0,40.0468,-75.1921, ,Philadelphia
 ,8979,2018005494,6,67,67301,2017,11,5,1257,12,1,1,0,2,6, , ,N,0,0,0,3,0,1,1,2,N,N,40 03:23.468,75 02:19.435,1304, ,1259,1,1,2,N, ,0,N, , , , ,118286, , , ,2,2,0,0,0,0,0,0,0,0,0,0,1,1,0,0,0,0,0,0,0,0,1,0,0,0,0,0,0,0,0,0,0,0,0,8,0,40.0565,-75.0387, ,Philadelphia
 ,8980,2018005566,6,67,67301,2017,12,6,1600,16,1,1,0,4,1, , ,N,0,0,7,3,0,1,2,2,N,N,40 06:49.900,75 00:17.900,1611, ,1604, ,0, ,N, ,0, , , , , ,121110, , , ,2,0,1,0,0,0,1,0,0,0,0,1,1,0,0,0,0,0,0,0,1,0,0,0,0,0,0,0,0,0,0,0,0,0,0,4,0,40.1139,-75.005, ,Philadelphia