wz_ln_closure,objectid_1,crn,district,county,municipality,crash_year,crash_month,day_of_week,time_of_day,hour_of_day,illumination,weather,road_condition,collision_type,relation_to_road,work_zone_type,work_zone_loc,work_zone_ind,intersect_type,tcd_type,location_type,urban_rural,fatal_count,injury_count,person_count,total_units,sch_bus_ind,sch_zone_ind,latitude,longitude,arrival_tm,cons_zone_spd_lim,dispatch_tm,est_hrs_closed,lane_closed,ln_close_dir,ntfy_hiwy_maint,spec_juris_cd,tcd_func_cd,tfc_detour_ind,workers_pres,wz_close_detour,wz_flagger,wz_law_offcr_ind,objectid,wz_moving,wz_other,wz_shlder_mdn,vehicle_count,automobile_count,motorcycle_count,bus_count,small_truck_count,heavy_truck_count,suv_count,van_count,bicycle_count,maj_inj_count,mod_inj_count,min_inj_count,tot_inj_count,unk_inj_deg_count,unk_inj_per_count,driver_count_16yr,driver_count_17yr,driver_count_18yr,driver_count_19yr,driver_count_20yr,driver_count_50_64yr,driver_count_65_74yr,driver_count_75plus,unbelted_occ_count,unb_death_count,unb_maj_inj_count,belted_death_count,belted_maj_inj_count,mcycle_death_count,mcycle_maj_inj_count,bicycle_death_count,bicycle_maj_inj_count,ped_count,ped_death_count,ped_maj_inj_count,max_severity_level,comm_veh_count,dec_lat,dec_long,rdwy_surf_type_cd,county_name
 ,8981,2017127339,6,67,67301,2017,11,2,905,9,1,1,0,1,1, , ,N,0,2,0,3,0,0,4,3,N, ,39 54:52.248,75 09:13.565,927, ,923, ,0, , , ,3, , , , , ,121112, , , ,3,3,0,0,0,0,0,0,0,0,0,0,0,0,0,0,0,0,0,0,1,0,1,0,0,0,0,0,0,0,0,0,0,0,0,0,0,39.9145,-75.1538, ,Philadelphia
 ,8982,2018028844,6,67,67301,2017,12,5,1530,15,1,1,0,4,1, , ,N,1,2,0,3,0,3,3,2,N,N,40 01:58.220,75 08:20.331,1535, ,1531, ,0, ,N, ,3, , , , , ,121125, , , ,2,2,0,0,0,0,0,0,0,0,0,3,3,0,0,0,0,0,0,0,0,0,0,0,0,0,0,0,0,0,0,0,0,0,0,4,0,40.0328,-75.139, ,Philadelphia
 ,8983,2018015782,6,67,67301,2017,11,4,1431,14,1,1,0,4,1, , ,N,1,3,0,3,0,0,3,2,N,N,40 00:25.563,75 09:54.244,1507, ,1432,1,1,1,N, ,3,N, , , , ,121129, , , ,2,1,0,0,0,0,1,0,0,0,0,0,0,0,0,0,0,0,0,0,1,0,0,3,0,0,0,0,0,0,0,0,0,0,0,0,0,40.0071,-75.1651, ,Philadelphia
 ,8984,2017134003,6,67,67301,2017,11,4,1706,17,3,1,0,8,1, , ,N,0,0,0,3,0,1,2,2,N, ,39 59:11.500,75 09:29.000,1710, ,1709, ,0, ,N, ,0, , , , , ,121143, , , ,1,1,0,0,0,0,0,0,0,0,0,1,1,0,0,0,0,0,0,0,0,0,0,0,0,0,0,0,0,0,0,0,1,0,0,4,0,39.9865,-75.1581, ,Philadelphia
 ,8985,2017108016,6,67,67301,2017,9,6,715,7,1,1,0,8,1, , ,N,0,0,0,3,0,1,2,2,N,N,39 58:25.336,75 12:27.272,1630, ,9999, ,0, ,N, ,0, , , , , ,121151, , , ,1,0,0,0,0,0,0,0,0,0,1,0,1,0,1,0,0,0,0,0,0,0,0,0,0,0,0,0,0,0,0,0,1,0,0,3,0,39.9737,-75.2076, ,Philadelphia
 ,8986,2017093554,6,67,67301,2017,8,5,210,2,3,1,0,2,6, , ,N,0,0,0,3,0,1,1,2,N,N,40 03:55.347,75 10:37.467,235, ,230, ,0, , , ,0, , , , , ,121153, , , ,2,2,0,0,0,0,0,0,0,0,1,0,1,0,0,0,0,0,0,0,0,0,0,0,0,0,0,0,0,0,0,0,0,0,0,3,0,40.0654,-75.1771, ,Philadelphia
 ,8987,2017127491,6,67,67301,2017,11,2,400,4,3,1,0,7,3, , ,N,0,0,0,3,0,0,1,1,N,N,39 55:02.913,75 08:21.242,408, ,408, ,0, ,N, ,0, , , , , ,121163, , , ,1,0,0,0,0,0,1,0,0,0,0,0,0,0,0,0,0,0,0,0,0,0,0,0,0,0,0,0,0,0,0,0,0,0,0,0,0,39.9175,-75.1392, ,Philadelphia
 ,8988,2017131040,6,67,67301,2017,11,6,1927,19,3,1,0,1,1, , ,N,0,0,0,3,0,0,2,2,N,N,39 58:48.215,75 12:18.593,1927, ,1927,1,1,3, , ,0,N, , , , ,121167, , , ,2,1,0,0,0,0,1,0,0,0,0,0,0,0,0,0,0,0,0,0,0,0,0,0,0,0,0,0,0,0,0,0,0,0,0,0,0,39.9801,-75.2052, ,Philadelphia
 ,8989,2017133975,6,67,67301,2017,11,7,2055,20,3,1,0,4,1, , ,N,0,0,7,3,0,1,3,3,N, ,40 03:23.793,75 00:54.305,2103, ,2101,9,1,4,N, ,0,N, , , , ,121170, , , ,3,1,0,0,0,0,2,0,0,0,0,0,1,1,0,0,0,0,0,0,0,0,0,0,0,0,0,0,0,0,0,0,0,0,0,8,0,40.0566,-75.0151, ,Philadelphia
 ,8990,2017115609,6,67,67301,2017,11,1,1822,18,3,1,0,4,1, , ,N,0,0,0,3,0,0,2,2,N,N,39 58:53.777,75 09:25.792,1824, ,1823,2,1,1,N, ,0,N, , , , ,121173, , , ,2,1,0,0,0,0,1,0,0,0,0,0,0,0,0,0,0,0,0,0,0,0,0,0,0,0,0,0,0,0,0,0,0,0,0,0,0,39.9816,-75.1572, ,Philadelphia
 ,8991,2018027542,6,67,67301,2017,12,7,1544,15,1,2,1,4,1, , ,N,0,0,0,3,0,0,4,2,N,N,40 02:20.436,75 08:52.793,1550, ,1545, ,0, ,N, ,0, , , , , ,121176, , , ,2,1,0,1,0,0,0,0,0,0,0,0,0,0,3,0,0,0,0,0,0,0,0,0,0,0,0,0,0,0,0,0,0,0,0,9,1,40.039,-75.148, ,Philadelphia
 ,8992,2018029835,6,67,67301,2017,12,1,630,6,3,8,5,7,3, , ,N,0,0,0,3,0,0,1,1,N,N,40 02:52.697,75 03:04.320,650, ,638,3,2,1,N, ,0,Y, , , , ,121199, , , ,1,0,0,0,0,0,1,0,0,0,0,0,0,0,0,0,0,0,0,0,0,0,0,0,0,0,0,0,0,0,0,0,0,0,0,0,0,40.048,-75.0512, ,Philadelphia
 ,8993,2017127497,6,67,67301,2017,11,3,846,8,1,1,0,4,1, , ,N,1,3,0,3,0,0,2,2,N,N,39 55:06.839,75 13:41.777,852, ,850,2,1,1,N, ,3,N, , , , ,121204, , , ,2,1,0,0,0,0,1,0,0,0,0,0,0,0,0,0,0,0,0,0,2,0,0,0,0,0,0,0,0,0,0,0,0,0,0,0,0,39.9186,-75.2283, ,Philadelphia
 ,8994,2018027447,6,67,67301,2017,12,7,1437,14,1,4,1,4,1, , ,N,2,3,0,3,0,0,2,2,N, ,40 00:22.368,75 06:11.349,1553, ,1552, ,0, ,N, ,3, , , , , ,121214, , , ,2,2,0,0,0,0,0,0,0,0,0,0,0,0,0,0,0,0,0,0,0,0,0,0,0,0,0,0,0,0,0,0,0,0,0,0,0,40.0062,-75.1032, ,Philadelphia
 ,8995,2018005437,6,67,67301,2017,12,5,2005,20,3,1,0,5,1, , ,N,0,0,0,3,0,1,2,2,N,N,39 58:44.600,75 06:49.800,2032, ,2017, ,0, ,N, ,0, , , , , ,121215, , , ,1,0,0,1,0,0,0,0,1,0,0,1,1,0,0,0,0,0,0,0,0,0,0,0,0,0,0,0,0,0,0,0,0,0,0,4,1,39.9791,-75.1138, ,Philadelphia
 ,8996,2017097948,6,67,67301,2017,9,2,1920,19,3,1,0,6,1, , ,N,2,0,0,3,0,2,2,2,N,N,40 00:13.808,75 07:26.948,1920, ,1920,1,1,1,N, ,0,Y, , , , ,121218, , , ,2,2,0,0,0,0,0,0,0,0,0,0,2,2,0,0,0,0,0,0,0,0,0,2,0,0,0,0,0,0,0,0,0,0,0,8,0,40.0038,-75.1242, ,Philadelphia
 ,8997,2017127321,6,67,67301,2017,11,7,130,1,3,1,0,4,1, , ,N,1,2,0,3,0,2,3,2,N, ,40 03:14.351,75 02:56.006,134, ,130,1,1,1, , ,3,N, , , , ,121230, , , ,2,0,0,0,1,0,1,0,0,0,0,0,2,2,0,0,0,0,0,0,1,0,0,0,0,0,0,0,0,0,0,0,0,0,0,8,0,40.054,-75.0489, ,Philadelphia
 ,8998,2017128038,6,67,67301,2017,11,5,1827,18,3,1,0,4,1, , ,N,5,2,0,3,0,1,3,4,N, ,39 59:55.101,75 10:41.609,1831, ,1831, ,0, , , ,3, , , , , ,124407, , , ,4,2,0,0,0,0,2,0,0,0,0,1,1,0,0,0,0,0,0,0,0,0,0,2,0,0,0,0,0,0,0,0,0,0,0,4,0,39.9987,-75.1782, ,Philadelphia
 ,8999,2017127363,6,67,67301,2017,11,3,2200,22,3,2,1,4,1, , ,N,1,2,0,3,0,1,4,3,N, ,40 02:12.142,75 02:27.052,2205, ,2200, ,0, , , ,3, , , , , ,124410, , , ,3,2,0,0,0,0,1,0,0,0,0,0,1,1,0,0,0,0,0,0,0,0,0,0,0,0,0,0,0,0,0,0,0,0,0,8,0,40.0368,-75.0407, ,Philadelphia
 ,9000,2017127305,6,67,67301,2017,11,5,657,6,1,1,0,4,1, , ,N,1,3,0,3,0,0,2,2,N,N,39 58:47.053,75 14:21.299,804, ,754, ,0, ,N, ,3, , , , , ,124417, , , ,2,2,0,0,0,0,0,0,0,0,0,0,0,0,0,0,0,0,0,0,0,0,0,0,0,0,0,0,0,0,0,0,0,0,0,0,0,39.9797,-75.2392, ,Philadelphia
 ,9001,2017115943,6,67,67301,2017,10,5,1014,10,1,1,0,8,1, , ,N,1,2,0,3,0,1,2,2,N, ,39 55:49.693,75 10:06.289,1017, ,1014, ,0, , , ,3, , , , , ,124419, , , ,1,0,0,0,0,0,0,1,0,0,1,0,1,0,0,0,0,0,0,0,0,1,0,0,0,0,0,0,0,0,0,0,1,0,0,3,0,39.9305,-75.1683, ,Philadelphia
 ,9002,2018027561,6,67,67301,2017,12,7,2233,22,6,2,1,4,1, , ,N,0,0,0,3,0,1,1,2,N,N,39 59:27.900,75 05:42.600,2300, ,2244, ,0, ,N, ,0, , , , , ,124433, , , ,2,2,0,0,0,0,0,0,0,0,0,1,1,0,0,0,0,0,0,0,1,0,0,0,0,0,0,0,0,0,0,0,0,0,0,4,0,39.9911,-75.0952, ,Philadelphia
 ,9003,2018027347,6,67,67301,2017,12,6,2323,23,3,1,0,4,1, , ,N,1,2,0,3,0,1,2,2,N,N,39 57:29.061,75 09:44.627,125, ,125, ,0, ,N, ,3, , , , , ,124434, , , ,2,0,0,0,0,0,1,1,0,0,0,1,1,0,0,0,0,0,1,0,1,0,0,1,0,0,0,0,0,0,0,0,0,0,0,4,0,39.9579,-75.1623, ,Philadelphia
 ,9004,2017115941,6,67,67301,2017,10,7,1324,13,1,1,0,8,1, , ,N,1,2,0,3,0,1,2,2,N,N,39 56:22.794,75 10:53.366,1404, ,1403, ,0, ,N, ,3, , , , , ,124493, , , ,1,0,0,0,0,0,1,0,0,0,0,0,1,1,0,0,0,0,0,0,0,0,0,0,0,0,0,0,0,0,0,0,1,0,0,8,0,39.9397,-75.1815, ,Philadelphia
 ,9005,2017101840,6,67,67301,2017,9,5,58,0,3,5,1,1,1, , ,N,0,0,0,3,0,0,2,2,N,N,39 58:58.147,75 06:06.254,223, ,58, ,0, ,N, ,0, , , , , ,124506, , , ,2,0,0,0,0,0,1,0,0,0,0,0,0,0,1,0,0,0,0,0,0,0,0,0,0,0,0,0,0,0,0,0,0,0,0,9,0,39.9828,-75.1017, ,Philadelphia
 ,9006,2017108028,6,67,67301,2017,9,3,753,7,1,1,0,4,1, , ,N,1,2,0,3,0,0,3,2,N,N,40 01:44.360,75 05:21.014,800, ,753,1,1,1,N, ,3,N, , , , ,124529, , , ,2,1,0,0,0,0,0,1,0,0,0,0,0,0,0,0,0,0,0,0,0,0,0,0,0,0,0,0,0,0,0,0,0,0,0,0,0,40.029,-75.0892, ,Philadelphia
 ,9007,2017129106,6,67,67301,2017,11,6,1507,15,1,1,0,1,1, , ,N,7,0,0,3,0,4,4,3,N,N,39 59:18.693,75 12:24.853,1554, ,1528,2,2,3, , ,0,Y, , , , ,124534, , , ,3,2,0,0,0,0,1,0,0,0,0,0,4,4,0,0,0,0,0,0,1,0,0,0,0,0,0,0,0,0,0,0,0,0,0,8,0,39.9885,-75.2069, ,Philadelphia
 ,9008,2017128077,6,67,67301,2017,11,5,759,7,1,1,0,4,1, , ,N,1,2,0,3,0,1,2,2,N, ,40 02:22.366,75 02:44.910,800, ,800, ,0, ,N, ,3, , , , , ,124540, , , ,2,2,0,0,0,0,0,0,0,0,0,1,1,0,0,0,0,0,0,0,1,0,0,0,0,0,0,0,0,0,0,0,0,0,0,4,0,40.0395,-75.0458, ,Philadelphia
 ,9009,2017091860,6,67,67301,2017,8,5,953,9,1,1,0,1,1, , ,N,1,2,0,3,0,1,4,3,N,N,39 59:16.335,75 09:21.302,1000, ,957, ,0, ,N, ,3, , , , , ,124565, , , ,3,2,1,0,0,0,0,0,0,0,0,0,1,1,0,0,0,0,0,0,0,0,0,0,0,0,0,0,0,0,0,0,0,0,0,8,0,39.9879,-75.1558, ,Philadelphia
 ,9010,2017091776,6,67,67301,2017,8,7,300,3,3,9,0,8,1, , ,N,1,2,0,3,0,1,2,2,N, ,40 02:29.083,75 07:12.377,1343, ,1343, ,0, , , ,3, , , , , ,124566, , , ,1,1,0,0,0,0,0,0,0,0,0,1,1,0,0,0,0,0,0,0,0,0,0,1,0,0,0,0,0,0,0,0,1,0,0,4,0,40.0414,-75.1201, ,Philadelphia
 ,9011,2017120644,6,67,67301,2017,10,5,715,7,1,1,0,8,1, , ,N,2,2,0,3,0,1,2,2,N, ,40 00:15.419,75 04:01.886,718, ,716, ,0, , , ,3, , , , , ,124573, , , ,1,1,0,0,0,0,0,0,0,0,0,1,1,0,0,0,0,0,0,0,1,0,0,0,0,0,0,0,0,0,0,0,1,0,0,4,0,40.0043,-75.0672, ,Philadelphia
 ,9012,2018005417,6,67,67301,2017,11,4,1722,17,3,1,0,4,1, , ,N,5,2,0,3,0,2,2,2,N, ,40 01:45.685,75 03:45.831,1731, ,1722, ,0, ,N, ,3, , , , , ,124591, , , ,2,1,0,0,0,0,1,0,0,0,0,0,2,2,0,0,0,0,0,0,1,0,0,0,0,0,0,0,0,0,0,0,0,0,0,8,0,40.0294,-75.0627, ,Philadelphia
 ,9013,2018027627,6,67,67301,2017,12,5,650,6,3,1,1,5,1, , ,N,2,0,0,3,0,2,3,2,N, ,39 57:07.933,75 10:12.845,827, ,655, ,0, ,N, ,0, , , , , ,124592, , , ,2,2,0,0,0,0,0,0,0,0,0,0,2,2,0,0,0,0,0,0,2,0,0,1,0,0,0,0,0,0,0,0,0,0,0,8,0,39.9522,-75.1702, ,Philadelphia
 ,9014,2017088878,6,67,67301,2017,8,7,1745,17,1,1,0,4,1, , ,N,5,2,0,3,0,0,5,2,N, ,40 03:30.931,75 09:09.871,1759, ,1755,3,2,1, , ,3,Y, , , , ,124603, , , ,2,2,0,0,0,0,0,0,0,0,0,0,0,0,5,0,0,0,0,0,1,0,0,0,0,0,0,0,0,0,0,0,0,0,0,9,0,40.0586,-75.1527, ,Philadelphia
 ,9015,2016039656,6,67,67301,2016,3,3,855,8,1,1,0,5,1, , ,N,0,0,0,3,0,1,2,2,N,N,39 56:59.499,75 09:21.241,910, ,857, ,0, ,N, ,0, , , , , ,129701, , , ,1,1,0,0,0,0,0,0,1,0,0,0,1,1,0,0,0,0,0,0,0,0,0,0,0,0,0,0,0,0,0,0,0,0,0,8,0,39.9499,-75.1559, , 
 ,9016,2016042300,6,67,67301,2016,4,6,1849,18,1,1,0,1,1, , ,N,0,0,0,3,0,3,4,3,N,N,40 03:20.854,74 59:03.622,1849, ,1849,2,1,2, , ,0,N, , , , ,129706, , , ,3,2,0,0,0,0,0,1,0,0,0,0,3,3,0,0,0,0,0,0,0,0,0,0,0,0,0,0,0,0,0,0,0,0,0,8,0,40.0558,-74.9843, , 
 ,9017,2016044613,6,67,67301,2016,4,7,1630,16,1,2,1,4,1, , ,N,1,3,0,3,0,1,3,3,N,N,39 58:54.004,75 10:51.117,1646, ,1634, ,0, ,N, ,3, , , , , ,129708, , , ,3,2,0,0,0,0,0,1,0,0,0,0,1,1,0,0,0,0,0,0,0,0,0,0,0,0,0,0,0,0,0,0,0,0,0,8,0,39.9817,-75.1809, , 
 ,9018,2016048736,6,67,67301,2016,5,2,1845,18,1,1,0,1,1, , ,N,0,0,0,3,0,0,3,3,N,N,39 57:34.569,75 10:32.330,1859, ,1847,1,1,4, , ,0,N, , , , ,129709, , , ,3,2,0,0,0,0,1,0,0,0,0,0,0,0,0,0,0,0,0,0,0,0,0,0,0,0,0,0,0,0,0,0,0,0,0,0,0,39.9596,-75.1756, , 
 ,9020,2016029819,6,67,67301,2016,3,7,1340,13,1,1,0,4,1, , ,N,1,2,0,3,0,0,3,2,N,N,39 55:28.506,75 13:59.344,1355, ,1342,1,1,5, , ,3,Y, , , , ,129742, , , ,2,1,0,0,0,0,1,0,0,0,0,0,0,0,3,0,0,0,0,1,0,0,0,0,0,0,0,0,0,0,0,0,0,0,0,9,0,39.9246,-75.2331, , 
 ,9021,2016032039,6,67,67301,2016,3,6,1910,19,3,1,1,1,1, , ,N,0,0,0,3,0,2,3,2,N,N,39 57:35.743,75 08:48.759,1917, ,1913, ,0, ,N, ,0, , , , , ,129745, , , ,2,1,0,0,0,0,1,0,0,0,0,2,2,0,0,0,0,0,0,0,0,0,0,0,0,0,0,0,0,0,0,0,0,0,0,4,0,39.9599,-75.1469, , 
 ,9022,2016019836,6,67,67301,2016,2,6,143,1,3,2,1,1,1, , ,N,0,0,0,3,0,1,2,2,N, ,39 59:59.226,75 08:19.811,150, ,145, ,0, , , ,0, , , , , ,129780, , , ,1,1,0,0,0,0,0,0,1,0,1,0,1,0,0,0,0,0,0,0,0,0,0,1,0,0,0,0,0,0,0,0,0,0,0,3,0,39.9998,-75.1388, , 
 ,9023,2016026152,6,67,67301,2016,2,7,2007,20,3,1,0,5,1, , ,N,0,0,0,3,0,3,7,2,N, ,39 59:51.179,75 11:27.153,2014, ,2007,2,2,5, , ,0,Y, , , , ,129784, , , ,2,1,0,0,0,0,1,0,0,0,1,2,3,0,0,0,1,0,0,0,0,0,0,0,0,0,0,0,0,0,0,0,0,0,0,3,0,39.9975,-75.1909, , 
 ,9024,2016029905,6,67,67301,2016,3,5,630,6,1,1,0,4,1, , ,N,0,0,7,3,0,1,2,3,Y,N,40 03:25.379,75 02:50.785,746, ,734, ,0, ,N, ,0, , , , , ,129788, , , ,3,1,0,1,0,0,0,1,0,0,1,0,1,0,0,0,0,0,0,0,1,0,0,0,0,0,0,0,0,0,0,0,0,0,0,3,1,40.057,-75.0474, , 
 ,9025,2016048193,6,67,67301,2016,4,1,903,9,1,1,0,3,1, , ,N,0,0,0,3,0,1,2,2,N,N,40 02:04.988,75 01:34.576,909, ,904,1,2,5, , ,0,Y, , , , ,129797, , , ,2,1,0,0,0,0,0,1,0,0,0,0,1,1,0,0,0,0,0,0,0,0,0,0,0,0,0,0,0,0,0,0,0,0,0,8,0,40.0347,-75.0263, , 
 ,9026,2016053655,6,67,67301,2016,5,3,2045,20,3,1,0,4,1, , ,N,1,2,0,3,0,1,2,2,N,N,40 03:08.339,75 00:28.750,2047, ,2046,9,1,2, , ,3,N, , , , ,129800, , , ,2,2,0,0,0,0,0,0,0,0,0,0,1,1,0,0,0,0,0,0,0,0,0,0,0,0,0,0,0,0,0,0,0,0,0,8,0,40.0523,-75.008, , 
 ,9027,2016063956,6,67,67301,2016,6,3,842,8,1,1,0,4,1, , ,N,1,3,0,3,0,1,2,2,N,N,40 01:41.404,75 02:31.106,847, ,847,2,2,4,N, ,3,N, , , , ,129807, , , ,2,0,0,0,0,0,2,0,0,0,0,1,1,0,0,0,0,0,0,0,1,0,1,0,0,0,0,0,0,0,0,0,0,0,0,4,0,40.0282,-75.042, , 
 ,9028,2016032008,6,67,67301,2016,3,4,1700,17,1,1,0,4,1, , ,N,1,2,0,3,0,0,2,2,N,N,39 59:15.414,75 10:44.317,1705, ,1700, ,0, ,N, ,3, , , , , ,129835, , , ,2,1,0,0,0,1,0,0,0,0,0,0,0,0,0,0,0,0,0,0,1,0,0,0,0,0,0,0,0,0,0,0,0,0,0,0,1,39.9876,-75.179, , 
 ,9029,2016040883,6,67,67301,2016,3,4,2006,20,3,1,0,8,1, , ,N,1,3,0,3,0,1,2,2,N,N,40 04:28.747,75 12:27.925,22, ,6, ,0, ,N, ,3, , , , , ,129842, , , ,1,0,0,0,0,0,1,0,0,0,1,0,1,0,0,0,0,0,0,0,0,0,0,1,0,0,0,0,0,0,0,0,1,0,0,3,0,40.0747,-75.2078, , 
 ,9030,2016047037,6,67,67301,2016,4,2,2010,20,3,1,0,4,1, , ,N,1,3,0,3,0,3,4,2,N, ,40 01:43.522,75 02:16.058,2021, ,2018,3,2,6, , ,3,Y, , , , ,129845, , , ,2,1,0,0,0,0,0,1,0,0,0,0,3,3,0,0,0,0,0,0,0,1,0,2,0,0,0,0,0,0,0,0,0,0,0,8,0,40.0288,-75.0378, , 
 ,9031,2016053747,6,67,67301,2016,5,5,650,6,1,1,0,5,1, , ,N,0,0,0,3,0,0,2,2,N,N,39 53:37.219,75 14:09.608,740, ,737, ,0, ,N, ,0, , , , , ,129849, , , ,2,1,0,1,0,0,0,0,0,0,0,0,0,0,0,0,0,0,0,0,0,0,0,0,0,0,0,0,0,0,0,0,0,0,0,0,1,39.8937,-75.236, , 
 ,9032,2016054189,6,67,67301,2016,4,7,2326,23,3,1,0,4,1, , ,N,1,3,0,3,0,0,3,7,N,N,39 55:55.642,75 10:16.759,2342, ,2325, ,0, , , ,3, , , , , ,129850, , , ,7,5,0,0,0,0,2,0,0,0,0,0,0,0,0,0,0,0,0,0,0,0,0,2,0,0,0,0,0,0,0,0,0,0,0,0,0,39.9321,-75.1713, , 
 ,9033,2017109815,6,67,67301,2017,9,6,1230,12,1,1,0,5,1, , ,N,1,0,0,3,0,5,6,2,N, ,40 01:43.801,75 03:30.233,1455, ,1455, ,0, , , ,0, , , , , ,118303, , , ,2,0,0,0,0,0,2,0,0,0,0,0,5,5,0,0,0,0,0,0,0,0,0,0,0,0,0,0,0,0,0,0,0,0,0,8,0,40.0288,-75.0584, ,Philadelphia
 ,9034,2017128102,6,67,67301,2017,11,7,15,0,3,2,1,1,6, , ,N,0,0,0,3,0,0,1,3,N,N,40 01:10.700,75 03:30.300,110, ,108,1,2,1,N, ,0,Y, , , , ,118326, , , ,3,2,0,0,1,0,0,0,0,0,0,0,0,0,0,0,0,0,0,0,0,0,0,0,0,0,0,0,0,0,0,0,0,0,0,0,0,40.0196,-75.0584, ,Philadelphia
 ,9035,2017127293,6,67,67301,2017,10,1,1230,12,1,2,1,5,1, , ,N,0,0,0,3,0,0,2,3,N, ,39 57:13.821,75 11:16.096,1240, ,1235, ,0, , , ,0, , , , , ,118327, , , ,3,2,0,0,0,0,1,0,0,0,0,0,0,0,0,0,0,0,0,0,0,0,0,2,0,0,0,0,0,0,0,0,0,0,0,0,0,39.9538,-75.1878, ,Philadelphia
 ,9036,2017097158,6,67,67301,2017,9,1,136,1,3,1,0,7,4, , ,N,0,0,2,3,0,1,1,1,N,N,39 54:43.606,75 09:07.365,141, ,137,2,1,2, , ,0,N, , , , ,118344, , , ,1,1,0,0,0,0,0,0,0,0,0,0,1,1,0,0,0,0,0,0,0,0,0,0,0,0,0,0,0,0,0,0,0,0,0,8,0,39.9121,-75.152, ,Philadelphia
 ,9037,2017120586,6,67,67301,2017,10,3,2111,21,3,1,0,4,1, , ,N,1,3,0,3,0,1,3,2,N, ,39 58:14.108,75 09:03.120,2133, ,2123, ,0, , , ,3, , , , , ,118350, , , ,2,2,0,0,0,0,0,0,0,0,1,0,1,0,0,0,0,1,0,0,0,0,0,3,0,0,0,0,0,0,0,0,0,0,0,3,0,39.9705,-75.151, ,Philadelphia
 ,9038,2018027341,6,67,67301,2017,12,1,220,2,3,1,0,7,4, , ,N,2,2,0,3,0,2,2,1,N, ,39 54:24.119,75 11:00.207,227, ,227, ,0, ,N, ,3, , , , , ,118379, , , ,1,0,0,0,0,0,1,0,0,0,2,0,2,0,0,0,0,0,0,0,0,0,0,0,0,0,0,0,0,0,0,0,0,0,0,3,0,39.9067,-75.1834, ,Philadelphia
 ,9039,2018029831,6,67,67301,2017,12,4,1115,11,1,1,0,4,1, , ,N,1,2,0,3,0,0,2,2,N,N,39 59:43.692,75 07:47.686,1230, ,1230, ,0, ,N, ,3, , , , , ,118394, , , ,2,1,0,0,0,0,1,0,0,0,0,0,0,0,1,0,0,0,0,0,0,0,0,0,0,0,0,0,0,0,0,0,0,0,0,9,0,39.9955,-75.1299, ,Philadelphia
 ,9040,2018027497,6,67,67301,2017,12,7,1516,15,1,8,5,1,1, , ,N,0,0,3,3,0,3,4,3,N,N,39 53:58.925,75 12:25.935,1535, ,1530,1,2,3,N, ,0,N, , , , ,118397, , , ,3,1,0,0,0,0,2,0,0,0,0,3,3,0,0,0,0,0,0,0,1,0,0,0,0,0,0,0,0,0,0,0,0,0,0,4,0,39.8997,-75.2072, ,Philadelphia
 ,9041,2018005442,6,67,67301,2017,11,2,1830,18,3,1,0,4,1, , ,N,1,3,0,3,0,0,2,2,N, ,39 57:34.905,75 09:21.056,1845, ,1836, ,0, ,N, ,3, , , , , ,118422, , , ,2,1,0,0,1,0,0,0,0,0,0,0,0,0,0,0,0,0,0,0,0,1,0,0,0,0,0,0,0,0,0,0,0,0,0,0,0,39.9597,-75.1558, ,Philadelphia
 ,9042,2018027373,6,67,67301,2017,12,6,1000,10,1,1,0,1,1, , ,N,1,2,0,3,0,3,3,2,N, ,40 00:36.993,75 09:33.014,1058, ,1053, ,0, ,N, ,3, , , , , ,118423, , , ,2,1,0,0,0,0,0,1,0,0,0,3,3,0,0,0,0,0,0,0,0,0,0,0,0,0,0,0,0,0,0,0,0,0,0,4,0,40.0103,-75.1592, ,Philadelphia
 ,9043,2018027427,6,67,67301,2017,12,5,1355,13,1,1,0,4,1, , ,N,1,3,0,3,0,5,5,4,N,N,39 55:24.081,75 09:29.188,1355, ,1355,3,2,4,N, ,3,Y, , , , ,118426, , , ,4,2,0,0,0,0,2,0,0,0,0,0,5,5,0,1,0,0,0,0,0,0,0,0,0,0,0,0,0,0,0,0,0,0,0,8,0,39.9234,-75.1581, ,Philadelphia
 ,9044,2017106004,6,67,67301,2017,9,6,1438,14,1,1,0,4,1, , ,N,5,2,0,3,0,1,2,3,N,N,40 03:01.915,75 05:30.195,1443, ,1441, ,0, ,N, ,3, , , , , ,118431, , , ,3,2,0,0,0,0,1,0,0,0,0,0,1,1,0,0,0,0,0,0,0,0,0,1,0,0,0,0,0,0,0,0,0,0,0,8,0,40.0505,-75.0917, ,Philadelphia
 ,9045,2017135013,6,67,67301,2017,11,6,1033,10,1,1,0,8,1, , ,N,0,0,1,3,0,1,2,2,N, ,40 00:58.037,75 05:03.596,1042, ,1034, ,0, ,N, ,0, , , , , ,118438, , , ,1,0,0,0,1,0,0,0,0,0,0,1,1,0,0,0,0,0,0,0,0,0,0,0,0,0,0,0,0,0,0,0,1,0,0,4,0,40.0161,-75.0843, ,Philadelphia
 ,9046,2018027455,6,67,67301,2017,12,2,620,6,5,1,0,4,1, , ,N,1,2,0,3,0,1,2,2,N,N,40 03:10.720,75 08:12.051,620, ,620, ,0, ,N, ,2, , , , , ,118453, , , ,2,1,0,0,0,0,1,0,0,0,0,0,1,1,0,0,0,0,0,0,1,0,0,1,0,0,0,0,0,0,0,0,0,0,0,8,0,40.053,-75.1367, ,Philadelphia