wz_ln_closure,objectid_1,crn,district,county,municipality,crash_year,crash_month,day_of_week,time_of_day,hour_of_day,illumination,weather,road_condition,collision_type,relation_to_road,work_zone_type,work_zone_loc,work_zone_ind,intersect_type,tcd_type,location_type,urban_rural,fatal_count,injury_count,person_count,total_units,sch_bus_ind,sch_zone_ind,latitude,longitude,arrival_tm,cons_zone_spd_lim,dispatch_tm,est_hrs_closed,lane_closed,ln_close_dir,ntfy_hiwy_maint,spec_juris_cd,tcd_func_cd,tfc_detour_ind,workers_pres,wz_close_detour,wz_flagger,wz_law_offcr_ind,objectid,wz_moving,wz_other,wz_shlder_mdn,vehicle_count,automobile_count,motorcycle_count,bus_count,small_truck_count,heavy_truck_count,suv_count,van_count,bicycle_count,maj_inj_count,mod_inj_count,min_inj_count,tot_inj_count,unk_inj_deg_count,unk_inj_per_count,driver_count_16yr,driver_count_17yr,driver_count_18yr,driver_count_19yr,driver_count_20yr,driver_count_50_64yr,driver_count_65_74yr,driver_count_75plus,unbelted_occ_count,unb_death_count,unb_maj_inj_count,belted_death_count,belted_maj_inj_count,mcycle_death_count,mcycle_maj_inj_count,bicycle_death_count,bicycle_maj_inj_count,ped_count,ped_death_count,ped_maj_inj_count,max_severity_level,comm_veh_count,dec_lat,dec_long,rdwy_surf_type_cd,county_name
 ,9047,2017137531,6,67,67301,2017,12,3,555,5,3,1,0,1,1, , ,N,1,2,0,3,0,1,2,2,N,N,40 01:38.846,75 03:44.583,9999, ,612, ,0, ,N, ,3, , , , , ,118472, , , ,2,2,0,0,0,0,0,0,0,0,0,1,1,0,0,0,0,0,0,0,1,0,0,2,0,0,0,0,0,0,0,0,0,0,0,4,0,40.0275,-75.0624, ,Philadelphia
 ,9048,2018029259,6,67,67301,2017,12,4,1143,11,1,1,0,4,1, , ,N,1,2,0,3,0,2,2,2,N,N,39 57:26.640,75 09:25.508,1146, ,1146, ,0, ,N, ,3, , , , , ,118477, , , ,2,2,0,0,0,0,0,0,0,0,0,1,2,1,0,0,0,0,0,0,0,0,0,0,0,0,0,0,0,0,0,0,0,0,0,4,0,39.957,-75.1572, ,Philadelphia
 ,9049,2017096419,6,67,67301,2017,8,6,1925,19,1,1,0,4,1, , ,N,1,3,0,3,0,0,4,3,N, ,40 01:09.739,75 07:56.380,2125, ,125, ,0, , , ,3, , , , , ,118484, , , ,3,2,0,0,0,0,0,1,0,0,0,0,0,0,0,0,0,0,1,0,0,0,0,1,0,0,0,0,0,0,0,0,0,0,0,0,0,40.0194,-75.1323, ,Philadelphia
 ,9050,2017133924,6,67,67301,2017,11,2,2340,23,3,1,0,6,1, , ,N,0,0,0,3,0,0,3,7,N,N,40 00:40.100,75 08:09.600,2355, ,2345, ,0, ,N, ,0, , , , , ,121232, , , ,7,4,0,0,0,0,1,2,0,0,0,0,0,0,0,0,0,0,0,0,0,0,0,3,0,0,0,0,0,0,0,0,0,0,0,0,0,40.0111,-75.136, ,Philadelphia
 ,9051,2017128060,6,67,67301,2017,11,7,2145,21,2,1,0,1,1, , ,N,2,2,0,3,0,4,5,2,N,N,40 03:45.546,75 02:33.454,2207, ,2201,2,1,1,N, ,3,N, , , , ,121233, , , ,2,1,0,0,0,0,1,0,0,0,0,1,4,3,0,0,0,0,0,0,0,0,0,1,0,0,0,0,0,0,0,0,0,0,0,4,0,40.0627,-75.0426, ,Philadelphia
 ,9052,2017137602,6,67,67301,2017,11,2,1728,17,3,1,0,4,1, , ,N,1,3,0,3,0,2,5,2,N,N,39 59:42.613,75 09:50.773,1735, ,1730, ,0, ,N, ,3, , , , , ,121249, , , ,2,2,0,0,0,0,0,0,0,0,0,0,2,2,2,0,0,1,0,0,0,0,0,1,0,0,0,0,0,0,0,0,0,0,0,8,0,39.9952,-75.1641, ,Philadelphia
 ,9053,2018033644,6,67,67301,2017,6,7,1400,14,1,1,0,1,1, , ,N,1,2,0,3,0,1,2,2,N,N,40 02:17.228,75 03:16.682,0, ,0, ,0, ,N, ,3, , , , , ,121256, , , ,2,1,0,0,0,0,1,0,0,0,0,0,1,1,0,0,0,0,0,0,0,0,0,0,0,0,0,0,0,0,0,0,0,0,0,8,0,40.0381,-75.0546, ,Philadelphia
 ,9054,2017135191,6,67,67301,2017,11,4,113,1,3,1,0,5,1, , ,N,0,0,0,3,0,0,1,2,N,N,39 54:14.508,75 09:00.671,133, ,116, ,0, , , ,0, , , , , ,121267, , , ,2,2,0,0,0,0,0,0,0,0,0,0,0,0,0,0,0,0,0,0,1,0,0,0,0,0,0,0,0,0,0,0,0,0,0,0,0,39.904,-75.1502, ,Philadelphia
 ,9055,2018005572,6,67,67301,2017,12,3,1540,15,1,1,0,7,4, , ,N,0,0,0,3,0,0,1,1,N, ,40 03:00.345,75 05:42.410,1545, ,1544,1,2,5,N, ,0,Y, , , , ,121271, , , ,1,1,0,0,0,0,0,0,0,0,0,0,0,0,1,0,0,0,0,0,0,0,0,0,0,0,0,0,0,0,0,0,0,0,0,9,0,40.0501,-75.0951, ,Philadelphia
 ,9056,2018005554,6,67,67301,2017,12,6,1811,18,3,1,0,1,1, , ,N,1,2,0,3,0,0,2,2,N,N,40 02:06.425,75 04:10.216,1820, ,1813, ,0, ,N, ,3, , , , , ,121272, , , ,2,0,0,0,1,0,0,1,0,0,0,0,0,0,0,0,0,0,0,0,1,0,0,0,0,0,0,0,0,0,0,0,0,0,0,0,0,40.0351,-75.0695, ,Philadelphia
 ,9057,2018005476,6,67,67301,2017,12,7,1710,17,2,4,5,4,1, , ,N,0,0,7,3,0,0,2,2,N,N,40 08:01.154,75 00:35.832,1730, ,1711,2,2,1,N, ,0,N, , , , ,121317, , , ,2,1,0,0,1,0,0,0,0,0,0,0,0,0,0,0,0,0,0,0,1,0,0,0,0,0,0,0,0,0,0,0,0,0,0,0,0,40.1337,-75.01, ,Philadelphia
 ,9058,2017088829,6,67,67301,2017,8,6,1530,15,1,1,0,5,1, , ,N,1,3,0,3,0,1,2,2,N, ,39 56:07.658,75 11:50.200,1543, ,1538, ,0, , , ,3, , , , , ,121320, , , ,1,0,0,0,0,0,0,1,1,0,0,0,1,1,0,0,0,0,0,0,0,0,0,1,0,0,0,0,0,0,0,0,0,0,0,8,0,39.9355,-75.1973, ,Philadelphia
 ,9059,2017108058,6,67,67301,2017,9,1,1545,15,1,1,0,5,1, , ,N,0,0,0,3,0,1,4,2,N, ,39 56:54.412,75 10:04.056,1620, ,1604, ,0, , , ,0, , , , , ,121326, , , ,1,0,0,0,0,0,0,1,1,0,0,0,1,1,3,0,0,0,0,0,0,0,0,0,0,0,0,0,0,0,0,0,0,0,0,8,0,39.9484,-75.1678, ,Philadelphia
 ,9060,2017096478,6,67,67301,2017,8,4,1630,16,1,1,0,8,1, , ,N,1,3,0,3,0,2,3,3,N,N,39 55:16.749,75 08:45.759,1640, ,1638, ,0, ,N, ,3, , , , , ,121334, , , ,1,1,0,0,0,0,0,0,0,0,0,0,2,2,0,0,0,0,0,0,0,1,0,0,0,0,0,0,0,0,0,0,2,0,0,8,0,39.9213,-75.146, ,Philadelphia
 ,9061,2018028862,6,67,67301,2017,12,6,1345,13,1,4,1,4,1, , ,N,2,3,0,3,0,2,3,2,N,N,40 02:28.521,75 10:26.158,1345, ,1345, ,0, ,N, ,3, , , , , ,121350, , , ,2,1,0,0,0,0,1,0,0,0,0,0,2,2,0,0,0,0,0,0,0,0,0,0,0,0,0,0,0,0,0,0,0,0,0,8,0,40.0413,-75.1739, ,Philadelphia
 ,9062,2017137597,6,67,67301,2017,11,3,716,7,1,1,0,1,1, , ,N,1,2,0,3,0,3,4,2,N,N,40 04:05.531,75 09:52.639,740, ,720, ,0, ,N, ,3, , , , , ,121362, , , ,2,0,0,1,0,0,1,0,0,0,0,0,3,3,0,0,0,0,0,0,1,0,0,0,0,0,0,0,0,0,0,0,0,0,0,8,1,40.0682,-75.1646, ,Philadelphia
 ,9063,2017128099,6,67,67301,2017,11,7,340,3,2,1,0,4,1, , ,N,4,2,3,3,0,1,2,2,N,N,40 01:53.107,75 05:05.022,355, ,350,1,1,1,N, ,3,N, , , , ,121379, , , ,2,1,0,0,0,0,1,0,0,0,1,0,1,0,0,0,0,0,0,1,0,0,0,0,0,0,0,0,0,0,0,0,0,0,0,3,0,40.0314,-75.0847, ,Philadelphia
 ,9064,2017137524,6,67,67301,2017,12,2,2245,22,3,1,0,8,1, , ,N,1,2,0,3,0,1,2,2,N,N,39 55:36.652,75 10:08.678,2314, ,2312, ,0, ,N, ,3, , , , , ,121383, , , ,1,0,0,0,0,0,1,0,0,0,1,0,1,0,0,0,0,0,0,0,1,0,0,0,0,0,0,0,0,0,0,0,1,0,0,3,0,39.9268,-75.1691, ,Philadelphia
 ,9065,2017120683,6,67,67301,2017,10,1,1655,16,4,2,1,2,1, , ,N,0,0,0,3,0,4,4,2,N, ,40 03:35.000,75 12:03.600,1700, ,1655,3,2,5, , ,0,Y, , , , ,121396, , , ,2,2,0,0,0,0,0,0,0,1,0,2,4,1,0,0,0,0,0,0,0,0,0,0,0,0,0,1,0,0,0,0,0,0,0,2,0,40.0597,-75.201, ,Philadelphia
 ,9066,2018001721,6,67,67301,2017,12,4,2130,21,3,1,0,7,3, , ,N,0,8,2,3,0,1,3,1,N,N,40 00:15.567,75 11:44.528,2133, ,2131,2,1,3,N, ,3,N, , , , ,121410, , , ,1,1,0,0,0,0,0,0,0,0,0,0,1,1,0,0,0,0,0,0,0,0,0,0,0,0,0,0,0,0,0,0,0,0,0,8,0,40.0043,-75.1957, ,Philadelphia
 ,9067,2017130601,6,67,67301,2017,11,1,1000,10,1,1,1,4,1, , ,N,1,2,0,3,0,0,5,2,N,N,39 57:41.403,75 14:12.493,1020, ,1017, ,0, ,N, ,3, , , , , ,121421, , , ,2,2,0,0,0,0,0,0,0,0,0,0,0,0,2,0,0,0,0,0,1,0,0,0,0,0,0,0,0,0,0,0,0,0,0,9,0,39.9614,-75.2369, ,Philadelphia
 ,9068,2017137547,6,67,67301,2017,12,6,1300,13,1,1,0,8,1, , ,N,0,0,0,3,0,1,2,2,N,N,40 01:47.885,75 12:23.812,1305, ,1301, ,0, ,N, ,0, , , , , ,127097, , , ,1,1,0,0,0,0,0,0,0,0,0,1,1,0,0,0,0,0,0,0,0,1,0,0,0,0,0,0,0,0,0,0,1,0,0,4,0,40.03,-75.2066, ,Philadelphia
 ,9069,2017128034,6,67,67301,2017,11,1,1930,19,3,1,0,5,6, , ,N,0,0,0,3,0,0,1,3,N,N,40 00:38.700,75 09:21.000,1942, ,1939, ,0, ,N, ,0, , , , , ,127109, , , ,3,2,0,0,0,0,1,0,0,0,0,0,0,0,0,0,0,0,0,0,0,0,0,1,0,0,0,0,0,0,0,0,0,0,0,0,0,40.0108,-75.1558, ,Philadelphia
 ,9070,2017136733,6,67,67301,2017,12,6,2003,20,3,1,1,7,3, , ,N,0,0,0,3,0,1,1,1,N,N,40 01:38.024,75 01:30.140,2018, ,2010,2,2,1, , ,0,N, , , , ,127119, , , ,1,1,0,0,0,0,0,0,0,0,1,0,1,0,0,0,0,0,0,0,0,0,0,0,0,0,0,0,0,0,0,0,0,0,0,3,0,40.0272,-75.025, ,Philadelphia
 ,9071,2017135094,6,67,67301,2017,11,7,1225,12,1,1,0,4,1, , ,N,1,2,0,3,0,2,3,2,N,N,40 01:45.919,75 07:28.901,1240, ,1234, ,0, ,N, ,3, , , , , ,127130, , , ,2,1,0,0,0,0,1,0,0,0,0,2,2,0,0,0,0,0,0,0,1,0,0,1,0,0,0,0,0,0,0,0,0,0,0,4,0,40.0294,-75.1247, ,Philadelphia
 ,9072,2018005443,6,67,67301,2017,11,2,627,6,1,1,0,1,1, , ,N,0,0,0,3,0,0,10,4,N,N,39 57:51.003,75 13:27.914,9999, ,630, ,0, ,N, ,0, , , , , ,127138, , , ,4,2,0,0,0,0,2,0,0,0,0,0,0,0,1,0,0,0,0,0,0,0,0,0,0,0,0,0,0,0,0,0,0,0,0,9,0,39.9642,-75.2244, ,Philadelphia
 ,9073,2018028854,6,67,67301,2017,12,2,918,9,1,1,0,4,1, , ,N,1,2,0,3,0,1,2,2,N, ,40 03:39.269,75 09:50.875,935, ,930, ,0, ,N, ,3, , , , , ,127140, , , ,2,2,0,0,0,0,0,0,0,0,1,0,1,0,0,0,0,0,0,0,1,0,1,0,0,0,0,0,0,0,0,0,0,0,0,3,0,40.0609,-75.1641, ,Philadelphia
N,9074,2017102619,6,67,67301,2017,10,1,1737,17,1,1,0,7,2,1,4,Y,0,0,0,3,0,1,1,1,N,N,39 58:01.643,75 08:01.721,1753,45,1742,1,2,2, , ,0,N,N,N,N,N,127154,Y,N,Y,1,1,0,0,0,0,0,0,0,0,1,0,1,0,0,0,0,0,0,0,0,0,0,0,0,0,0,0,0,0,0,0,0,0,0,3,0,39.9671,-75.1338, ,Philadelphia
 ,9075,2018005428,6,67,67301,2017,10,3,1018,10,1,1,0,2,1, , ,N,0,0,0,3,0,2,6,2,N,Y,40 00:33.305,75 04:55.211,1024, ,1022, ,0, ,N, ,0, , , , , ,127171, , , ,2,0,0,0,1,0,0,1,0,0,0,2,2,0,0,0,0,0,0,0,0,0,0,0,0,0,0,0,0,0,0,0,0,0,0,4,0,40.0093,-75.082, ,Philadelphia
 ,9076,2017096423,6,67,67301,2017,8,6,2220,22,3,1,0,1,1, , ,N,0,0,0,3,0,2,4,3,N,N,40 00:29.530,75 05:41.586,2240, ,2230,9,1,3,N, ,0,N, , , , ,127180, , , ,3,0,0,0,0,0,2,1,0,0,1,1,2,0,0,0,0,0,0,0,0,1,0,4,0,0,0,0,0,0,0,0,0,0,0,3,0,40.0082,-75.0949, ,Philadelphia
 ,9077,2017130699,6,67,67301,2017,11,1,401,4,3,2,1,7,2, , ,N,0,0,0,3,0,0,1,1,N,N,40 01:18.300,75 11:59.800,418, ,414,3,2,2,N, ,0,Y, , , , ,127185, , , ,1,1,0,0,0,0,0,0,0,0,0,0,0,0,1,0,0,0,0,0,0,0,0,0,0,0,0,0,0,0,0,0,0,0,0,9,0,40.0218,-75.1999, ,Philadelphia
 ,9078,2017120916,6,67,67301,2017,11,5,2043,20,3,1,0,2,1, , ,N,1,2,0,3,0,1,3,2,N,N,39 59:04.850,75 09:23.377,2044, ,2044, ,0, ,N, ,3, , , , , ,127208, , , ,2,1,0,0,0,0,1,0,0,0,0,0,1,1,0,0,0,0,0,0,1,0,0,0,0,0,0,0,0,0,0,0,0,0,0,8,0,39.9847,-75.1565, ,Philadelphia
 ,9079,2018030839,6,67,67301,2017,12,2,1220,12,1,9,8,4,1, , ,N,2,3,0,3,0,2,4,4,N,N,39 58:00.978,75 08:03.884,1227, ,1225, ,0, ,N, ,3, , , , , ,127230, , , ,4,4,0,0,0,0,0,0,0,0,0,2,2,0,0,0,0,0,0,0,0,0,0,1,0,0,0,0,0,0,0,0,0,0,0,4,0,39.9669,-75.1344, ,Philadelphia
 ,9080,2018029834,6,67,67301,2017,12,5,1809,18,3,1,0,1,1, , ,N,2,3,0,3,0,1,2,2,N,N,39 59:35.577,75 05:35.812,1817, ,1815, ,0, ,N, ,3, , , , , ,127231, , , ,2,2,0,0,0,0,0,0,0,0,0,0,1,1,0,0,0,0,0,0,0,0,0,1,0,0,0,0,0,0,0,0,0,0,0,8,0,39.9932,-75.0933, ,Philadelphia
 ,9081,2017130634,6,67,67301,2017,11,1,1030,10,1,1,0,1,1, , ,N,1,2,0,3,0,2,5,2,N, ,39 53:40.603,75 14:12.181,1100, ,1037,1,1,2,N, ,3,N, , , , ,127248, , , ,2,1,0,0,0,0,0,1,0,0,0,0,2,2,2,0,0,0,0,0,1,0,0,1,0,0,0,0,0,0,0,0,0,0,0,8,0,39.8946,-75.2367, ,Philadelphia
 ,9082,2018005560,6,67,67301,2017,12,1,837,8,2,1,0,7,4, , ,N,0,0,0,3,0,0,1,1,N, ,40 01:23.200,75 05:50.300,920, ,914,4,2,5,N, ,0,N, , , , ,127264, , , ,1,0,0,0,0,0,1,0,0,0,0,0,0,0,0,0,0,0,0,0,0,0,0,1,0,0,0,0,0,0,0,0,0,0,0,0,0,40.0231,-75.0973, ,Philadelphia
 ,9083,2018001000,6,67,67301,2017,12,5,1952,19,6,1,0,7,2, , ,N,0,0,0,3,0,1,2,1,N,N,39 57:37.624,75 10:54.490,2005, ,1954, ,0, , , ,0, , , , , ,127270, , , ,1,1,0,0,0,0,0,0,0,0,1,0,1,0,0,0,0,0,0,0,1,0,0,0,0,0,0,0,0,0,0,0,0,0,0,3,0,39.9602,-75.1816, ,Philadelphia
 ,9084,2017134992,6,67,67301,2017,11,1,2100,21,3,1,0,6,6, , ,N,0,0,0,3,0,0,1,4,N, ,39 54:47.400,75 14:19.000,2115, ,2102,9,1,2,N, ,0,N, , , , ,127316, , , ,4,0,0,0,2,1,1,0,0,0,0,0,0,0,1,0,0,0,0,0,1,0,0,0,0,0,0,0,0,0,0,0,0,0,0,9,1,39.9132,-75.2386, ,Philadelphia
 ,9085,2018005557,6,67,67301,2017,12,2,1420,14,1,1,0,4,1, , ,N,1,3,0,3,0,1,2,2,N,N,40 04:41.113,75 10:21.360,1535, ,1531, ,0, ,N, ,3, , , , , ,127322, , , ,2,2,0,0,0,0,0,0,0,0,0,0,1,1,0,0,0,0,0,0,0,0,1,0,0,0,0,0,0,0,0,0,0,0,0,8,0,40.0781,-75.1726, ,Philadelphia
 ,9086,2017093629,6,67,67301,2017,8,1,1739,17,1,1,0,4,1, , ,N,1,2,0,3,0,2,4,2,N,N,40 03:52.342,75 14:22.961,1743, ,1740, ,0, ,N, ,3, , , , , ,124645, , , ,2,0,0,0,1,0,1,0,0,0,0,2,2,0,0,0,0,0,0,0,0,0,0,0,0,0,0,0,0,0,0,0,0,0,0,4,0,40.0645,-75.2397, ,Philadelphia
 ,9087,2017128004,6,67,67301,2017,11,5,35,0,3,1,0,4,1, , ,N,1,2,0,3,0,1,2,2,N,N,40 01:42.531,75 03:28.266,38, ,35, ,0, ,N, ,3, , , , , ,124663, , , ,2,1,0,0,0,0,1,0,0,0,0,0,1,1,0,0,0,0,0,0,1,0,0,1,0,0,0,0,0,0,0,0,0,0,0,8,0,40.0285,-75.0579, ,Philadelphia
 ,9088,2018004623,6,67,67301,2017,11,1,248,2,2,2,1,7,2, , ,N,0,0,0,3,0,0,3,1,N,N,39 53:11.357,75 14:34.862,256, ,255,2,2,1, , ,0,N, , , , ,124666, , , ,1,1,0,0,0,0,0,0,0,0,0,0,0,0,0,0,0,0,0,1,0,0,0,0,0,0,0,0,0,0,0,0,0,0,0,0,0,39.8865,-75.243, ,Philadelphia
 ,9089,2018027448,6,67,67301,2017,12,5,1550,15,1,1,0,0,1, , ,N,0,0,0,3,0,0,1,2,N, ,39 58:47.400,75 10:40.500,1627, ,1551, ,0, ,N, ,0, , , , , ,124669, , , ,2,1,0,0,0,0,1,0,0,0,0,0,0,0,0,0,0,0,0,0,0,0,0,1,0,0,0,0,0,0,0,0,0,0,0,0,0,39.9798,-75.1779, ,Philadelphia
 ,9090,2017105854,6,67,67301,2017,9,6,2005,20,2,1,0,8,1, , ,N,1,0,0,3,0,2,3,3,N,N,39 57:02.505,75 14:13.459,2025, ,2015, ,0, ,N, ,0, , , , , ,124678, , , ,1,1,0,0,0,0,0,0,0,0,0,2,2,0,1,0,0,0,0,0,0,0,0,0,0,0,0,0,0,0,0,0,2,0,0,4,0,39.9507,-75.2371, ,Philadelphia
 ,9091,2017130646,6,67,67301,2017,11,4,1400,14,1,1,0,4,1, , ,N,1,3,0,3,0,0,2,2,N, ,39 56:25.195,75 10:21.993,1534, ,1530, ,0, ,N, ,3, , , , , ,124686, , , ,2,1,0,0,0,0,1,0,0,0,0,0,0,0,0,0,0,0,0,0,0,1,0,2,0,0,0,0,0,0,0,0,0,0,0,0,0,39.9403,-75.1728, ,Philadelphia
 ,9092,2017127546,6,67,67301,2017,11,4,1615,16,1,1,0,8,1, , ,N,1,2,0,3,0,1,2,2,N,N,40 02:14.686,75 10:54.569,1635, ,1630, ,0, ,N, ,3, , , , , ,124689, , , ,1,0,0,0,0,0,1,0,0,0,0,1,1,0,1,0,0,0,0,0,0,0,0,0,0,0,0,0,0,0,0,0,1,0,0,4,0,40.0374,-75.1818, ,Philadelphia
N,9093,2017133704,6,67,67301,2017,11,1,635,6,3,1,0,7,4,1,4,Y,0,0,0,3,0,1,1,1,N,N,39 57:31.982,75 10:11.497,640,50,638,2,1,4, , ,0,N,N,N,N,N,124698,N,N,Y,1,1,0,0,0,0,0,0,0,0,0,0,1,1,0,0,0,0,0,0,0,0,0,0,0,0,0,0,0,0,0,0,0,0,0,8,0,39.9589,-75.1699, ,Philadelphia
 ,9094,2018029763,6,67,67301,2017,12,5,830,8,1,9,8,8,1, , ,N,1,2,0,3,0,1,2,2,N,N,40 02:00.204,75 07:52.244,832, ,832, ,0, ,N, ,9, , , , , ,124706, , , ,1,0,0,0,0,0,0,0,0,0,0,0,1,1,0,0,0,0,0,0,0,0,0,0,0,0,0,0,0,0,0,0,1,0,0,8,0,40.0334,-75.1312, ,Philadelphia
 ,9095,2018020701,6,67,67301,2017,10,1,1345,13,1,2,1,1,1, , ,N,0,0,7,3,0,1,2,2,N, ,40 04:44.189,74 58:40.359,1510, ,1500, ,0, ,N, ,0, , , , , ,124730, , , ,2,1,0,0,0,0,1,0,0,0,0,1,1,0,0,0,0,0,0,0,2,0,0,0,0,0,0,0,0,0,0,0,0,0,0,4,0,40.0789,-74.9779, ,Philadelphia
 ,9096,2018031025,6,67,67301,2017,11,3,2012,20,3,1,0,7,5, , ,N,1,3,0,3,0,1,1,1,N,N,40 02:29.567,75 03:13.943,2012, ,2012, ,0, ,N, ,3, , , , , ,124731, , , ,1,1,0,0,0,0,0,0,0,0,0,1,1,0,0,0,0,0,0,0,1,0,0,1,0,0,0,0,0,0,0,0,0,0,0,4,0,40.0415,-75.0539, ,Philadelphia
 ,9097,2018029823,6,67,67301,2017,12,2,1652,16,3,1,0,5,6, , ,N,0,0,0,3,0,0,1,2,N,N,40 01:40.055,75 04:29.329,1710, ,1707, ,0, ,N, ,0, , , , , ,124733, , , ,2,0,0,0,0,0,1,1,0,0,0,0,0,0,0,0,0,1,0,0,0,0,0,1,0,0,0,0,0,0,0,0,0,0,0,0,0,40.0278,-75.0748, ,Philadelphia
 ,9098,2018029780,6,67,67301,2017,12,3,2024,20,3,1,0,4,1, , ,N,2,2,0,3,0,2,4,4,N,N,40 01:44.574,75 06:01.934,2036, ,2028,1,1,2,N, ,3,N, , , , ,124734, , , ,4,0,0,0,0,0,3,1,0,0,0,2,2,0,0,0,0,0,0,0,0,2,0,0,0,0,0,0,0,0,0,0,0,0,0,4,0,40.029,-75.1005, ,Philadelphia
 ,9099,2018029921,6,67,67301,2017,12,2,1248,12,1,1,8,1,1, , ,N,0,0,0,3,0,2,3,3,N,N,40 01:32.471,75 07:29.924,1305, ,1248,1,1,2,N, ,0,N, , , , ,124735, , , ,3,1,0,0,0,0,1,1,0,0,0,2,2,0,0,0,0,0,0,0,0,1,0,0,0,0,0,0,0,0,0,0,0,0,0,4,0,40.0257,-75.125, ,Philadelphia
 ,9100,2018034756,6,67,67301,2017,6,5,2145,21,3,1,0,4,1, , ,N,1,2,0,3,0,1,2,2,N,N,39 57:26.242,75 14:52.386,0, ,0, ,0, ,N, ,3, , , , , ,124758, , , ,2,1,0,0,0,0,0,0,0,0,0,0,1,1,0,0,0,0,0,0,0,1,0,0,0,0,0,0,0,0,0,0,0,0,0,8,0,39.9573,-75.2479, ,Philadelphia
 ,9101,2018004901,6,67,67301,2017,11,1,246,2,3,2,1,7,2, , ,N,0,0,0,3,0,1,1,1,N,N,39 54:02.542,75 09:17.980,246, ,246,2,1,2, , ,0,N, , , , ,124761, , , ,1,0,0,0,0,0,1,0,0,0,0,0,1,1,0,0,0,0,0,0,0,0,0,0,0,0,0,0,0,0,0,0,0,0,0,8,0,39.9007,-75.155, ,Philadelphia
 ,9102,2018027485,6,67,67301,2017,12,6,1435,14,1,1,0,4,1, , ,N,0,0,0,3,0,0,2,2,N,N,40 01:43.100,75 06:48.300,1550, ,1440, ,0, ,N, ,0, , , , , ,124763, , , ,2,2,0,0,0,0,0,0,0,0,0,0,0,0,0,0,0,0,0,0,0,0,0,0,0,0,0,0,0,0,0,0,0,0,0,0,0,40.0286,-75.1134, ,Philadelphia
 ,9103,2018027355,6,67,67301,2017,12,2,1600,16,4,1,0,4,1, , ,N,1,3,0,3,0,1,2,2,N,N,40 01:42.690,75 08:32.387,1648, ,1640,9,9,7,N, ,2,N, , , , ,124781, , , ,2,2,0,0,0,0,0,0,0,0,0,0,1,1,0,0,0,0,0,0,2,0,0,0,0,0,0,0,0,0,0,0,0,0,0,8,0,40.0285,-75.1423, ,Philadelphia
 ,9104,2017096514,6,67,67301,2017,8,4,1345,13,1,1,0,1,1, , ,N,3,3,2,3,0,1,3,2,N,N,40 02:57.453,75 00:05.467,1353, ,1347, ,0, , , ,3, , , , , ,118485, , , ,2,1,0,0,1,0,0,0,0,0,0,1,1,0,0,0,0,0,0,0,1,0,0,0,0,0,0,0,0,0,0,0,0,0,0,4,0,40.0493,-75.0015, ,Philadelphia
 ,9105,2018005422,6,67,67301,2017,11,2,800,8,1,1,0,4,1, , ,N,5,2,0,3,0,1,3,4,N,N,40 00:13.178,75 10:08.095,820, ,812, ,0, ,N, ,3, , , , , ,118520, , , ,4,1,0,0,0,0,3,0,0,0,0,0,1,1,0,0,0,0,0,0,1,0,0,0,0,0,0,0,0,0,0,0,0,0,0,8,0,40.0037,-75.1689, ,Philadelphia
 ,9106,2018028956,6,67,67301,2017,12,7,1903,19,3,8,6,5,1, , ,N,0,0,0,3,0,0,4,2,N,N,40 02:23.041,75 02:45.655,1910, ,1905,3,1,4,N, ,0,N, , , , ,118521, , , ,2,0,0,0,0,0,1,1,0,0,0,0,0,0,0,0,0,0,0,0,0,0,0,0,0,0,0,0,0,0,0,0,0,0,0,0,0,40.0397,-75.046, ,Philadelphia
 ,9107,2017135620,6,67,67301,2017,12,6,1119,11,1,1,0,4,1, , ,N,0,0,0,3,0,0,3,2,N,N,39 58:35.461,75 11:45.105,1128, ,1122, ,0, , , ,0, , , , , ,118532, , , ,2,1,0,0,0,1,0,0,0,0,0,0,0,0,0,0,0,0,0,0,0,0,0,0,0,0,0,0,0,0,0,0,0,0,0,0,1,39.9765,-75.1959, ,Philadelphia
 ,9108,2018005430,6,67,67301,2017,12,1,427,4,3,4,1,4,1, , ,N,1,2,0,3,0,3,4,5,N,N,39 58:33.981,75 14:18.866,432, ,428,9,1,5,N, ,3,N, , , , ,118542, , , ,5,3,0,0,1,0,1,0,0,0,2,1,3,0,0,0,0,0,0,0,0,0,0,1,0,0,0,0,0,0,0,0,0,0,0,3,0,39.9761,-75.2386, ,Philadelphia
 ,9109,2017130673,6,67,67301,2017,11,4,1040,10,1,1,0,4,1, , ,N,1,2,0,3,0,1,3,2,N,N,40 02:12.235,75 03:52.193,1050, ,1045,1,1,2,N, ,3,N, , , , ,118563, , , ,2,1,0,0,0,0,1,0,0,0,1,0,1,0,0,0,0,0,0,0,0,0,0,0,0,0,0,0,0,0,0,0,0,0,0,3,0,40.0367,-75.0645, ,Philadelphia
 ,9110,2018005475,6,67,67301,2017,12,6,1104,11,1,4,1,8,1, , ,N,0,0,7,3,0,1,2,2,N,N,40 06:08.300,75 00:31.800,1108, ,1107, ,0, ,N, ,0, , , , , ,118576, , , ,1,1,0,0,0,0,0,0,0,0,0,0,1,1,0,0,0,0,0,0,0,0,1,0,0,0,0,0,0,0,0,0,1,0,0,8,0,40.1023,-75.0088, ,Philadelphia