wz_ln_closure,objectid_1,crn,district,county,municipality,crash_year,crash_month,day_of_week,time_of_day,hour_of_day,illumination,weather,road_condition,collision_type,relation_to_road,work_zone_type,work_zone_loc,work_zone_ind,intersect_type,tcd_type,location_type,urban_rural,fatal_count,injury_count,person_count,total_units,sch_bus_ind,sch_zone_ind,latitude,longitude,arrival_tm,cons_zone_spd_lim,dispatch_tm,est_hrs_closed,lane_closed,ln_close_dir,ntfy_hiwy_maint,spec_juris_cd,tcd_func_cd,tfc_detour_ind,workers_pres,wz_close_detour,wz_flagger,wz_law_offcr_ind,objectid,wz_moving,wz_other,wz_shlder_mdn,vehicle_count,automobile_count,motorcycle_count,bus_count,small_truck_count,heavy_truck_count,suv_count,van_count,bicycle_count,maj_inj_count,mod_inj_count,min_inj_count,tot_inj_count,unk_inj_deg_count,unk_inj_per_count,driver_count_16yr,driver_count_17yr,driver_count_18yr,driver_count_19yr,driver_count_20yr,driver_count_50_64yr,driver_count_65_74yr,driver_count_75plus,unbelted_occ_count,unb_death_count,unb_maj_inj_count,belted_death_count,belted_maj_inj_count,mcycle_death_count,mcycle_maj_inj_count,bicycle_death_count,bicycle_maj_inj_count,ped_count,ped_death_count,ped_maj_inj_count,max_severity_level,comm_veh_count,dec_lat,dec_long,rdwy_surf_type_cd,county_name
 ,9174,2018005498,6,67,67301,2017,11,5,1315,13,1,1,0,4,1, , ,N,1,3,0,3,0,0,6,2,N, ,40 00:46.191,75 09:16.516,1325, ,1323, ,0, ,N, ,3, , , , , ,124892, , , ,2,1,0,0,0,0,0,1,0,0,0,0,0,0,0,0,0,0,0,0,1,1,0,0,0,0,0,0,0,0,0,0,0,0,0,0,0,40.0128,-75.1546, ,Philadelphia
 ,9175,2017133925,6,67,67301,2017,11,4,1440,14,1,1,0,8,1, , ,N,0,0,0,3,0,1,2,2,N,N,39 57:58.300,75 13:44.200,1445, ,1440, ,0, ,N, ,0, , , , , ,124895, , , ,1,1,0,0,0,0,0,0,0,1,0,0,1,0,0,0,0,0,0,0,0,0,0,1,0,0,0,0,0,0,0,0,1,0,1,2,0,39.9662,-75.2289, ,Philadelphia
 ,9176,2017131969,6,67,67301,2017,12,3,1930,19,3,1,0,8,1, , ,N,5,2,0,3,0,1,2,2,N,N,39 57:30.941,75 11:37.307,1940, ,1936,1,1,4,N, ,3,Y, , , , ,118669, , , ,1,0,0,0,1,0,0,0,0,0,1,0,1,0,0,0,0,0,0,0,0,0,0,0,0,0,0,0,0,0,0,0,1,0,0,3,0,39.9586,-75.1937, ,Philadelphia
 ,9177,2017120518,6,67,67301,2017,10,2,1019,10,1,1,0,4,1, , ,N,1,2,0,3,0,3,4,2,N,N,40 01:38.846,75 03:44.583,1035, ,1027, ,0, ,N, ,3, , , , , ,118688, , , ,2,1,0,1,0,0,0,0,0,0,0,0,3,3,0,0,0,0,0,0,0,0,0,0,0,0,0,0,0,0,0,0,0,0,0,8,1,40.0275,-75.0624, ,Philadelphia
 ,9178,2017093606,6,67,67301,2017,8,7,1930,19,1,1,0,4,1, , ,N,0,0,0,3,0,1,2,2,N,N,40 01:50.988,75 04:04.634,1935, ,1930, ,0, ,N, ,0, , , , , ,118703, , , ,1,1,0,0,0,0,0,0,1,0,0,1,1,0,0,0,0,0,0,0,0,0,0,0,0,0,0,0,0,0,0,0,0,0,0,4,0,40.0308,-75.068, ,Philadelphia
 ,9179,2017101812,6,67,67301,2017,9,4,655,6,1,1,0,4,1, , ,N,3,3,0,3,0,0,2,2,N, ,40 00:42.976,75 09:22.903,742, ,732, ,0, , , ,3, , , , , ,118707, , , ,2,2,0,0,0,0,0,0,0,0,0,0,0,0,1,0,0,0,0,0,0,0,0,0,0,0,0,0,0,0,0,0,0,0,0,9,0,40.0119,-75.1564, ,Philadelphia
 ,9180,2017127193,6,67,67301,2017,11,1,1333,13,1,1,0,1,1, , ,N,0,0,3,3,0,0,4,3,N,N,39 54:46.700,75 10:36.400,1335, ,1333,1,1,4,N, ,0,N, , , , ,118723, , , ,3,3,0,0,0,0,0,0,0,0,0,0,0,0,0,0,0,0,0,0,2,0,0,0,0,0,0,0,0,0,0,0,0,0,0,0,0,39.913,-75.1768, ,Philadelphia
 ,9181,2018005480,6,67,67301,2017,12,4,1006,10,1,1,0,4,1, , ,N,5,2,2,3,0,2,4,2,N, ,39 57:27.671,75 09:44.516,1009, ,1006, ,0, ,N, ,3, , , , , ,118734, , , ,2,2,0,0,0,0,0,0,0,0,1,1,2,0,0,0,0,0,0,0,1,0,0,2,0,0,0,0,0,0,0,0,0,0,0,3,0,39.9577,-75.1624, ,Philadelphia
 ,9182,2017127348,6,67,67301,2017,10,4,1114,11,1,1,0,6,1, , ,N,1,2,0,3,0,2,3,2,N,N,39 59:50.869,75 07:16.545,1114, ,1114,2,2,7,N, ,3,Y, , , , ,118745, , , ,2,1,0,0,0,0,1,0,0,0,0,2,2,0,0,0,0,0,0,0,0,0,0,0,0,0,0,0,0,0,0,0,0,0,0,4,0,39.9975,-75.1213, ,Philadelphia
 ,9183,2017101842,6,67,67301,2017,9,7,330,3,3,1,0,1,1, , ,N,3,2,0,3,0,0,3,2,N, ,39 58:22.904,75 13:06.470,342, ,338, ,0, , , ,3, , , , , ,118818, , , ,2,1,0,0,0,0,1,0,0,0,0,0,0,0,0,0,0,0,0,0,1,0,0,0,0,0,0,0,0,0,0,0,0,0,0,0,0,39.973,-75.2185, ,Philadelphia
 ,9184,2017130616,6,67,67301,2017,11,1,1100,11,1,1,0,4,1, , ,N,1,2,0,3,0,2,2,2,N,N,40 01:50.570,75 07:20.640,1210, ,1159, ,0, ,N, ,3, , , , , ,118829, , , ,2,1,0,0,0,0,1,0,0,0,0,2,2,0,0,0,0,0,0,0,1,0,0,0,0,0,0,0,0,0,0,0,0,0,0,4,0,40.0307,-75.1224, ,Philadelphia
 ,9185,2017105951,6,67,67301,2017,9,4,1807,18,1,1,0,4,1, , ,N,1,2,0,3,0,1,3,2,N, ,40 02:20.942,75 06:36.006,1808, ,1807, ,0, , , ,3, , , , , ,118837, , , ,2,1,0,0,0,0,1,0,0,0,0,1,1,0,0,0,0,0,0,0,0,0,0,0,0,0,0,0,0,0,0,0,0,0,0,4,0,40.0392,-75.11, ,Philadelphia
 ,9186,2017097998,6,67,67301,2017,9,7,355,3,3,1,0,3,6, , ,N,0,0,0,3,0,0,1,6,N,N,39 59:19.238,75 05:21.401,403, ,355, ,0, ,N, ,0, , , , , ,118845, , , ,6,4,0,0,1,0,1,0,0,0,0,0,0,0,0,0,0,0,0,0,0,0,0,1,0,0,0,0,0,0,0,0,0,0,0,0,0,39.9887,-75.0893, ,Philadelphia
 ,9187,2018005426,6,67,67301,2017,12,1,1846,18,3,1,0,1,1, , ,N,2,2,0,3,0,1,3,3,N, ,40 06:15.568,75 03:06.824,1851, ,1848,2,2,6,N, ,3,Y, , , , ,118865, , , ,3,3,0,0,0,0,0,0,0,0,1,0,1,0,0,0,0,0,0,0,0,0,1,0,0,0,0,0,0,0,0,0,0,0,0,3,0,40.1044,-75.0518, ,Philadelphia
 ,9188,2018029809,6,67,67301,2017,12,3,2031,20,3,1,0,8,1, , ,N,1,2,0,3,0,1,2,2,N,N,40 02:43.799,75 09:53.518,2123, ,2032, ,0, ,N, ,3, , , , , ,118868, , , ,1,1,0,0,0,0,0,0,0,0,0,1,1,0,1,0,0,0,0,0,0,0,0,0,0,0,0,0,0,0,0,0,1,0,0,4,0,40.0455,-75.1649, ,Philadelphia
 ,9189,2017119363,6,67,67301,2017,10,2,757,7,1,1,0,5,1, , ,N,0,0,0,3,0,1,3,3,N,N,39 59:44.109,75 11:51.505,806, ,800, ,0, , , ,0, , , , , ,118872, , , ,3,2,0,0,0,1,0,0,0,0,0,0,1,1,0,0,0,0,0,1,1,0,0,0,0,0,0,0,0,0,0,0,0,0,0,8,1,39.9956,-75.1977, ,Philadelphia
 ,9190,2017096454,6,67,67301,2017,9,1,1750,17,1,1,0,8,1, , ,N,0,0,0,3,0,1,2,2,N, ,40 00:15.058,75 09:31.953,1759, ,1756, ,0, , , ,0, , , , , ,118877, , , ,1,0,0,0,0,0,0,1,0,0,1,0,1,0,0,0,0,0,0,0,0,0,0,1,0,0,0,0,0,0,0,0,1,0,0,3,0,40.0042,-75.1589, ,Philadelphia
 ,9191,2017097835,6,67,67301,2017,8,4,1327,13,1,1,0,4,1, , ,N,1,3,0,3,0,3,4,2,N,N,39 58:19.300,75 14:04.109,1648, ,9999, ,0, ,N, ,3, , , , , ,118878, , , ,2,1,0,0,0,0,1,0,0,0,0,2,3,1,0,0,0,0,0,0,1,0,0,0,0,0,0,0,0,0,0,0,0,0,0,4,0,39.972,-75.2345, ,Philadelphia
 ,9192,2017128467,6,67,67301,2017,11,5,2357,23,3,2,1,7,4, , ,N,7,0,2,3,0,0,1,1,N,N,40 00:36.229,75 03:50.590,10, ,3,1,1,2, , ,0,N, , , , ,118892, , , ,1,0,0,0,0,0,0,1,0,0,0,0,0,0,0,0,0,0,0,0,0,0,0,0,0,0,0,0,0,0,0,0,0,0,0,0,0,40.0101,-75.0641, ,Philadelphia
 ,9193,2018028947,6,67,67301,2017,12,5,1309,13,1,1,1,5,6, , ,N,0,0,0,3,0,1,2,2,N,N,39 58:52.500,75 07:24.200,1320, ,1318, ,0, ,N, ,0, , , , , ,118925, , , ,2,0,0,0,0,0,1,1,0,0,0,1,1,0,1,0,0,0,0,0,0,0,0,0,0,0,0,0,0,0,0,0,0,0,0,4,0,39.9813,-75.1234, ,Philadelphia
 ,9194,2017128981,6,67,67301,2017,12,7,1334,13,1,1,0,4,1, , ,N,1,3,0,3,0,1,3,2,N,N,39 59:53.103,75 13:59.683,1336, ,1334, ,0, ,N, ,3, , , , , ,121735, , , ,2,0,0,0,2,0,0,0,0,0,0,0,1,1,0,0,0,0,0,0,0,0,0,0,0,0,0,0,0,0,0,0,0,0,0,8,0,39.998,-75.2332, ,Philadelphia
 ,9195,2017133945,6,67,67301,2017,11,3,734,7,1,1,0,8,1, , ,N,2,0,0,3,0,1,2,2,N, ,40 01:46.840,75 05:27.042,745, ,734, ,0, ,N, ,0, , , , , ,121795, , , ,1,1,0,0,0,0,0,0,0,0,0,1,1,0,0,0,0,0,0,0,0,0,0,0,0,0,0,0,0,0,0,0,1,0,0,4,0,40.0297,-75.0908, ,Philadelphia
 ,9196,2017096132,6,67,67301,2017,9,3,15,0,3,1,0,8,1, , ,N,0,0,0,3,0,1,2,2,N,N,39 58:40.832,75 09:29.070,15, ,15, ,0, ,N, ,0, , , , , ,121827, , , ,1,1,0,0,0,0,0,0,0,0,1,0,1,0,0,0,0,0,0,0,0,0,0,0,0,0,0,0,0,0,0,0,1,0,0,3,0,39.978,-75.1581, ,Philadelphia
 ,9197,2017120585,6,67,67301,2017,10,2,849,8,1,1,1,5,6, , ,N,0,0,0,3,0,0,1,3,N,N,39 58:30.733,75 07:57.811,855, ,854,2,1,2,N, ,0,N, , , , ,121838, , , ,3,3,0,0,0,0,0,0,0,0,0,0,0,0,0,0,0,0,0,0,0,0,0,0,0,0,0,0,0,0,0,0,0,0,0,0,0,39.9752,-75.1327, ,Philadelphia
 ,9198,2017127302,6,67,67301,2017,11,1,244,2,3,1,0,8,1, , ,N,0,0,0,3,0,2,3,4,N,N,40 03:36.987,75 10:00.270,300, ,257,9,2,5,N, ,0,Y, , , , ,121841, , , ,2,0,0,1,0,0,0,1,0,2,0,0,2,0,1,0,0,0,0,0,0,0,0,0,0,0,0,0,0,0,0,0,2,0,2,2,1,40.0603,-75.1667, ,Philadelphia
 ,9199,2017105938,6,67,67301,2017,9,1,147,1,3,1,0,7,5, , ,N,2,0,0,3,0,0,1,1,N,N,39 58:10.415,75 13:29.639,148, ,147, ,0, , , ,0, , , , , ,121872, , , ,1,1,0,0,0,0,0,0,0,0,0,0,0,0,0,0,0,0,0,0,0,0,0,1,0,0,0,0,0,0,0,0,0,0,0,0,0,39.9696,-75.2249, ,Philadelphia
 ,9200,2017109850,6,67,67301,2017,9,6,1440,14,1,1,0,4,1, , ,N,1,2,0,3,0,0,3,3,N, ,40 02:59.413,75 04:32.606,1530, ,1518, ,0, , , ,3, , , , , ,121873, , , ,3,0,0,0,1,1,1,0,0,0,0,0,0,0,0,0,0,0,0,0,0,0,0,0,0,0,0,0,0,0,0,0,0,0,0,0,1,40.0498,-75.0757, ,Philadelphia
 ,9201,2017110807,6,67,67301,2017,10,1,614,6,3,1,0,7,2, , ,N,0,0,0,3,0,1,1,1,N,N,39 58:02.146,75 11:18.467,617, ,615,2,2,4, , ,0,N, , , , ,121881, , , ,1,0,0,0,0,0,1,0,0,0,0,0,1,1,0,0,0,0,0,0,0,0,0,0,0,0,0,0,0,0,0,0,0,0,0,8,0,39.9657,-75.1862, ,Philadelphia
 ,9202,2017135080,6,67,67301,2017,11,5,1325,13,1,1,0,4,1, , ,N,2,3,0,3,0,1,2,2,N,N,40 03:10.756,75 09:25.023,1345, ,1337, ,0, ,N, ,3, , , , , ,121891, , , ,1,0,0,0,1,0,0,0,1,0,0,1,1,0,0,0,0,0,0,0,1,0,0,0,0,0,0,0,0,0,0,0,0,0,0,4,0,40.053,-75.157, ,Philadelphia
 ,9203,2018020686,6,67,67301,2017,11,4,935,9,1,1,0,4,1, , ,N,0,0,7,3,0,0,2,2,N,N,39 56:56.200,75 08:38.300,955, ,940,3,2,2,N, ,0,Y, , , , ,121906, , , ,2,1,0,1,0,0,0,0,0,0,0,0,0,0,1,0,1,0,0,0,0,0,0,0,0,0,0,0,0,0,0,0,0,0,0,9,1,39.9489,-75.144, ,Philadelphia
 ,9204,2017137600,6,67,67301,2017,12,3,1305,13,1,8,1,4,1, , ,N,1,2,0,3,0,1,3,2,N, ,40 04:52.827,75 10:26.871,1315, ,1305, ,0, ,N, ,3, , , , , ,121930, , , ,2,2,0,0,0,0,0,0,0,0,0,1,1,0,0,0,0,0,0,0,0,0,0,0,0,0,0,0,0,0,0,0,0,0,0,4,0,40.0813,-75.1741, ,Philadelphia
 ,9205,2018015781,6,67,67301,2017,11,6,525,5,3,1,0,1,1, , ,N,0,0,0,3,0,2,4,2,N,N,40 05:36.735,75 00:58.539,546, ,535, ,0, ,N, ,0, , , , , ,121939, , , ,2,1,0,0,0,0,1,0,0,0,0,2,2,0,0,0,0,0,0,1,1,0,0,0,0,0,0,0,0,0,0,0,0,0,0,4,0,40.0935,-75.0163, ,Philadelphia
 ,9206,2018028728,6,67,67301,2017,12,7,615,6,5,2,1,4,1, , ,N,1,2,99,3,0,3,3,2,N,N,39 57:30.554,75 13:30.649,627, ,627, ,0, ,N, ,3, , , , , ,121940, , , ,2,2,0,0,0,0,0,0,0,0,0,0,3,3,0,0,0,0,0,0,2,0,0,0,0,0,0,0,0,0,0,0,0,0,0,8,0,39.9585,-75.2252, ,Philadelphia
 ,9207,2018027430,6,67,67301,2017,12,6,830,8,1,1,0,8,1, , ,N,1,2,0,3,0,1,2,2,N,N,39 59:29.818,75 08:10.215,850, ,845, ,0, ,N, ,3, , , , , ,121941, , , ,1,0,0,0,0,0,1,0,0,0,0,1,1,0,0,0,0,0,0,0,1,0,0,0,0,0,0,0,0,0,0,0,1,0,0,4,0,39.9915,-75.1361, ,Philadelphia
 ,9208,2017108051,6,67,67301,2017,9,7,2223,22,3,1,0,1,1, , ,N,0,0,0,3,0,2,3,2,N,N,39 55:15.785,75 11:41.308,1700, ,1700, ,0, , , ,0, , , , , ,121950, , , ,2,1,0,0,1,0,0,0,0,2,0,0,2,0,0,0,0,0,0,0,1,0,0,3,0,2,0,0,0,0,0,0,0,0,0,2,0,39.9204,-75.1985, ,Philadelphia
 ,9209,2017134000,6,67,67301,2017,11,4,9999,99,3,1,0,4,1, , ,N,2,3,0,3,0,2,2,2,N,N,40 03:39.283,75 08:14.216,325, ,317, ,0, ,N, ,3, , , , , ,121962, , , ,2,1,0,0,0,0,1,0,0,0,0,0,2,2,0,0,0,0,0,0,0,0,0,0,0,0,0,0,0,0,0,0,0,0,0,8,0,40.0609,-75.1373, ,Philadelphia
 ,9210,2017128017,6,67,67301,2017,11,1,1918,19,3,1,0,4,1, , ,N,1,2,0,3,0,5,6,4,N, ,40 02:17.896,75 04:31.313,1922, ,1919, ,0, , , ,3, , , , , ,121963, , , ,4,3,0,0,0,0,0,0,0,0,0,5,5,0,0,0,0,0,0,0,1,0,0,2,0,0,0,0,0,0,0,0,0,0,0,4,0,40.0383,-75.0754, ,Philadelphia
 ,9211,2018005412,6,67,67301,2017,10,1,2200,22,3,1,0,8,1, , ,N,0,0,0,3,1,0,2,2,N,N,39 55:20.400,75 14:06.600,2205, ,2202, ,0, ,N,0,0, , , , , ,121968, , , ,1,0,0,0,0,0,0,1,0,0,0,0,0,0,0,0,0,0,0,0,0,0,0,0,0,0,0,0,0,0,0,0,1,1,0,1,0,39.9223,-75.2352,2,Philadelphia
 ,9212,2017137530,6,67,67301,2017,12,3,1902,19,3,2,1,8,1, , ,N,1,2,0,3,0,1,2,2,N,N,40 01:56.357,75 01:51.292,1957, ,1953, ,0, ,N, ,3, , , , , ,127488, , , ,1,0,0,0,0,0,1,0,0,0,0,1,1,0,0,0,0,0,0,0,0,0,1,0,0,0,0,0,0,0,0,0,1,0,0,4,0,40.0323,-75.0309, ,Philadelphia
 ,9213,2017127370,6,67,67301,2017,11,2,1105,11,8,2,1,4,1, , ,N,1,2,0,3,0,2,3,2,N,N,40 02:27.297,75 11:14.370,1311, ,1246, ,0, ,N, ,3, , , , , ,127499, , , ,2,1,0,0,0,0,0,1,0,0,0,0,2,2,0,0,0,0,0,0,2,0,0,1,0,0,0,0,0,0,0,0,0,0,0,8,0,40.0409,-75.1873, ,Philadelphia
 ,9214,2017127316,6,67,67301,2017,11,6,2305,23,3,1,0,5,6, , ,N,0,0,0,3,0,0,1,3,N,N,40 02:46.936,75 10:40.409,2320, ,2318, ,0, ,N, ,0, , , , , ,127508, , , ,3,3,0,0,0,0,0,0,0,0,0,0,0,0,0,0,0,0,0,0,0,0,0,0,0,0,0,0,0,0,0,0,0,0,0,0,0,40.0464,-75.1779, ,Philadelphia
 ,9215,2017137608,6,67,67301,2017,12,4,255,2,3,2,1,7,4, , ,N,0,0,0,3,0,0,1,1,N,N,39 59:04.100,75 08:32.200,350, ,255, ,0, ,N, ,0, , , , , ,127511, , , ,1,1,0,0,0,0,0,0,0,0,0,0,0,0,1,0,0,0,0,0,0,0,0,0,0,0,0,0,0,0,0,0,0,0,0,9,0,39.9845,-75.1423, ,Philadelphia
 ,9216,2017137546,6,67,67301,2017,12,6,850,8,1,1,0,1,1, , ,N,1,2,0,3,0,0,2,2,N, ,40 04:15.122,75 14:28.540,859, ,853, ,0, ,N, ,3, , , , , ,127512, , , ,2,1,0,0,0,0,1,0,0,0,0,0,0,0,0,0,0,0,0,0,0,0,0,0,0,0,0,0,0,0,0,0,0,0,0,0,0,40.0709,-75.2413, ,Philadelphia
 ,9217,2017130587,6,67,67301,2017,11,7,555,5,3,1,0,5,6, , ,N,0,0,0,3,0,1,1,3,N,N,40 00:53.100,75 08:50.100,559, ,557,1,1,2,N, ,0,N, , , , ,127530, , , ,3,2,0,0,1,0,0,0,0,0,0,1,1,0,0,0,0,0,0,0,0,0,0,0,0,0,0,0,0,0,0,0,0,0,0,4,0,40.0148,-75.1473, ,Philadelphia
 ,9218,2017137601,6,67,67301,2017,12,3,504,5,3,1,0,7,4, , ,N,0,0,0,3,0,0,1,1,N,N,40 01:32.867,75 07:27.046,518, ,515, ,0, ,N, ,0, , , , , ,127534, , , ,1,1,0,0,0,0,0,0,0,0,0,0,0,0,0,0,0,0,0,0,0,0,0,0,0,0,0,0,0,0,0,0,0,0,0,0,0,40.0258,-75.1242, ,Philadelphia
 ,9219,2017122813,6,67,67301,2017,11,4,1329,13,1,1,0,8,1, , ,N,1,2,0,3,0,1,2,2,N,N,40 01:16.664,75 09:36.789,1347, ,1342, ,0, ,N, ,3, , , , , ,127535, , , ,1,0,0,0,1,0,0,0,0,0,0,1,1,0,0,0,0,0,0,0,1,0,0,1,0,0,0,0,0,0,0,0,1,0,0,4,0,40.0213,-75.1602, ,Philadelphia
 ,9220,2018001490,6,67,67301,2017,12,6,328,3,3,1,0,5,1, , ,N,0,0,0,3,0,1,2,2,N,N,39 58:37.155,75 06:48.769,338, ,331,1,1,2, , ,0,N, , , , ,127541, , , ,2,2,0,0,0,0,0,0,0,0,1,0,1,0,0,0,0,0,0,0,0,0,0,0,0,0,0,0,0,0,0,0,0,0,0,3,0,39.977,-75.1135, ,Philadelphia
 ,9221,2017130607,6,67,67301,2017,11,3,1050,10,1,1,0,4,1, , ,N,1,3,0,3,0,0,3,2,N,N,39 58:21.403,75 09:39.366,1122, ,1112,2,2,7,N, ,3,Y, , , , ,127542, , , ,2,1,0,0,0,0,1,0,0,0,0,0,0,0,1,0,0,0,0,0,0,0,0,0,0,0,0,0,0,0,0,0,0,0,0,9,0,39.9726,-75.1609, ,Philadelphia
 ,9222,2017130729,6,67,67301,2017,10,4,227,2,3,1,0,2,1, , ,N,0,0,0,3,0,1,3,3,N, ,39 58:35.742,75 12:44.859,227, ,213, ,0, , , ,0, , , , , ,127546, , , ,3,3,0,0,0,0,0,0,0,0,0,0,1,1,1,0,0,0,0,0,0,0,0,0,0,0,0,0,0,0,0,0,0,0,0,8,0,39.9766,-75.2125, ,Philadelphia
 ,9223,2017097858,6,67,67301,2017,9,7,1715,17,1,1,0,4,1, , ,N,1,2,0,3,0,0,2,2,N,N,40 03:52.342,75 14:22.961,2120, ,1715, ,0, ,N, ,3, , , , , ,127562, , , ,2,0,0,0,0,0,1,1,0,0,0,0,0,0,0,0,0,0,0,0,0,0,1,0,0,0,0,0,0,0,0,0,0,0,0,0,0,40.0645,-75.2397, ,Philadelphia
 ,9224,2017128089,6,67,67301,2017,11,7,1740,17,3,2,1,4,1, , ,N,1,2,0,3,0,2,7,3,N, ,40 06:13.348,74 59:00.301,1800, ,1752, ,0, , , ,3, , , , , ,127568, , , ,3,2,0,0,0,0,1,0,0,0,0,2,2,0,0,0,0,0,0,0,1,0,0,0,0,0,0,0,0,0,0,0,0,0,0,4,0,40.1037,-74.9834, ,Philadelphia
 ,9225,2017137401,6,67,67301,2017,12,7,710,7,5,2,1,7,4, , ,N,0,0,0,3,0,0,1,1,N,N,39 54:01.785,75 09:24.060,726, ,726,2,1,2, , ,0,N, , , , ,127577, , , ,1,0,0,0,0,0,0,1,0,0,0,0,0,0,0,0,0,0,0,0,0,0,0,0,0,0,0,0,0,0,0,0,0,0,0,0,0,39.9005,-75.1566, ,Philadelphia
 ,9226,2018029734,6,67,67301,2017,12,1,1530,15,1,1,0,4,1, , ,N,1,3,0,3,0,0,1,2,N, ,39 55:56.427,75 11:33.179,1602, ,1600,9,2,1,N, ,3,Y, , , , ,127583, , , ,2,2,0,0,0,0,0,0,0,0,0,0,0,0,1,0,0,0,0,0,0,0,0,0,0,0,0,0,0,0,0,0,0,0,0,9,0,39.9323,-75.1925, ,Philadelphia
 ,9227,2018029260,6,67,67301,2017,12,1,2118,21,3,1,0,8,1, , ,N,1,2,0,3,0,1,2,2,N,N,39 57:01.905,75 08:56.075,2124, ,2120, ,0, ,N, ,3, , , , , ,127584, , , ,1,1,0,0,0,0,0,0,0,0,0,0,1,1,0,0,0,0,0,0,0,0,0,0,0,0,0,0,0,0,0,0,1,0,0,8,0,39.9505,-75.1489, ,Philadelphia
 ,9228,2018027379,6,67,67301,2017,12,4,1934,19,3,1,0,4,1, , ,N,1,2,0,3,0,1,2,2,N,N,39 57:46.426,75 12:06.810,1940, ,1935, ,0, ,N, ,3, , , , , ,127586, , , ,2,0,0,0,0,0,2,0,0,0,0,0,1,1,1,0,0,0,0,1,1,0,0,0,0,0,0,0,0,0,0,0,0,0,0,8,0,39.9629,-75.2019, ,Philadelphia
 ,9229,2017128104,6,67,67301,2017,11,6,1653,16,1,1,0,4,1, , ,N,1,2,2,3,0,0,2,2,N,N,40 01:26.280,75 02:07.317,1738, ,1733, ,0, ,N, ,3, , , , , ,127593, , , ,2,1,0,0,1,0,0,0,0,0,0,0,0,0,0,0,0,0,0,0,0,0,0,0,0,0,0,0,0,0,0,0,0,0,0,0,0,40.024,-75.0354, ,Philadelphia
 ,9230,2017135085,6,67,67301,2017,11,3,740,7,1,1,0,1,1, , ,N,1,2,0,3,0,1,3,2,N,N,40 01:31.232,75 10:03.294,745, ,740, ,0, ,N, ,3, , , , , ,124902, , , ,2,0,0,1,0,0,1,0,0,0,0,0,1,1,0,0,0,0,0,0,1,0,0,1,0,0,0,0,0,0,0,0,0,0,0,8,1,40.0253,-75.1676, ,Philadelphia
 ,9231,2017128637,6,67,67301,2017,10,1,2227,22,3,2,1,1,1, , ,N,0,0,0,3,0,1,2,2,N,N,40 02:08.396,75 01:00.427,2346, ,2342, ,0, , , ,0, , , , , ,124926, , , ,2,0,0,0,0,1,1,0,0,0,0,1,1,0,0,0,0,0,0,0,0,0,0,0,0,0,0,0,0,0,0,0,0,0,0,4,1,40.0357,-75.0168, ,Philadelphia
 ,9232,2017127905,6,67,67301,2017,12,2,1622,16,4,1,0,1,1, , ,N,0,0,0,3,0,1,2,2,N,N,39 57:29.711,75 09:53.437,1635, ,1422,2,2,4,N, ,0,N, , , , ,124933, , , ,2,1,0,0,0,1,0,0,0,0,0,1,1,0,0,0,0,0,0,0,1,0,0,0,0,0,0,0,0,0,0,0,0,0,0,4,1,39.9583,-75.1648, ,Philadelphia
 ,9233,2017128062,6,67,67301,2017,11,3,1532,15,1,8,0,1,1, , ,N,3,0,2,3,0,2,4,3,N, ,39 55:42.099,75 11:45.945,1532, ,1528,2,2,4, , ,0,Y, , , , ,124940, , , ,3,1,0,0,0,0,2,0,0,0,0,2,2,0,0,0,0,0,0,0,1,1,0,4,0,0,0,0,0,0,0,0,0,0,0,4,0,39.9284,-75.1961, ,Philadelphia
 ,9234,2018020756,6,67,67301,2017,11,3,1600,16,1,1,0,8,1, , ,N,0,0,0,3,0,1,2,2,N,N,40 02:16.518,75 10:35.519,1603, ,1603, ,0, ,N, ,0, , , , , ,124985, , , ,1,0,0,0,0,0,0,1,0,0,1,0,1,0,0,0,0,0,0,0,0,0,1,0,0,0,0,0,0,0,0,0,1,0,0,3,0,40.0379,-75.1765, ,Philadelphia
 ,9235,2018029757,6,67,67301,2017,12,3,900,9,1,1,0,5,1, , ,N,0,0,0,3,0,0,2,2,N,N,39 56:54.500,75 09:59.200,910, ,905, ,0, ,N, ,0, , , , , ,124989, , , ,2,1,0,0,1,0,0,0,0,0,0,0,0,0,0,0,0,0,0,0,1,0,0,0,0,0,0,0,0,0,0,0,0,0,0,0,0,39.9485,-75.1664, ,Philadelphia
 ,9236,2017105917,6,67,67301,2017,9,2,2135,21,3,8,0,4,1, , ,N,1,2,0,3,0,1,2,2,N,N,39 59:34.678,75 13:03.326,128, ,2353, ,0, , , ,3, , , , , ,124990, , , ,2,1,0,0,0,0,1,0,0,0,1,0,1,0,0,0,0,0,0,0,0,0,0,1,0,0,0,0,0,0,0,0,0,0,0,3,0,39.993,-75.2176, ,Philadelphia
 ,9237,2017106714,6,67,67301,2017,9,7,1403,14,1,1,0,1,1, , ,N,0,0,0,3,0,0,9,3,N,N,39 57:30.407,75 10:02.439,1403, ,1403,1,2,3, , ,0,N, , , , ,124993, , , ,3,2,0,0,0,0,1,0,0,0,0,0,0,0,0,0,0,0,0,1,0,0,0,0,0,0,0,0,0,0,0,0,0,0,0,0,0,39.9584,-75.1673, ,Philadelphia