wz_ln_closure,objectid_1,crn,district,county,municipality,crash_year,crash_month,day_of_week,time_of_day,hour_of_day,illumination,weather,road_condition,collision_type,relation_to_road,work_zone_type,work_zone_loc,work_zone_ind,intersect_type,tcd_type,location_type,urban_rural,fatal_count,injury_count,person_count,total_units,sch_bus_ind,sch_zone_ind,latitude,longitude,arrival_tm,cons_zone_spd_lim,dispatch_tm,est_hrs_closed,lane_closed,ln_close_dir,ntfy_hiwy_maint,spec_juris_cd,tcd_func_cd,tfc_detour_ind,workers_pres,wz_close_detour,wz_flagger,wz_law_offcr_ind,objectid,wz_moving,wz_other,wz_shlder_mdn,vehicle_count,automobile_count,motorcycle_count,bus_count,small_truck_count,heavy_truck_count,suv_count,van_count,bicycle_count,maj_inj_count,mod_inj_count,min_inj_count,tot_inj_count,unk_inj_deg_count,unk_inj_per_count,driver_count_16yr,driver_count_17yr,driver_count_18yr,driver_count_19yr,driver_count_20yr,driver_count_50_64yr,driver_count_65_74yr,driver_count_75plus,unbelted_occ_count,unb_death_count,unb_maj_inj_count,belted_death_count,belted_maj_inj_count,mcycle_death_count,mcycle_maj_inj_count,bicycle_death_count,bicycle_maj_inj_count,ped_count,ped_death_count,ped_maj_inj_count,max_severity_level,comm_veh_count,dec_lat,dec_long,rdwy_surf_type_cd,county_name
 ,9559,2017134865,6,67,67301,2017,12,2,2015,20,3,1,0,1,1, , ,N,0,0,0,3,0,5,5,3,N,N,39 56:49.739,75 11:15.807,2040, ,2016,2,1,4, , ,0,Y, , , , ,122765, , , ,3,2,0,0,0,0,1,0,0,0,0,0,5,5,0,0,0,0,0,0,0,0,0,1,0,0,0,0,0,0,0,0,0,0,0,8,0,39.9471,-75.1877, ,Philadelphia
 ,9560,2017128030,6,67,67301,2017,11,3,918,9,1,1,0,7,4, , ,N,1,3,0,3,0,2,2,1,N, ,40 03:38.725,75 10:54.389,920, ,918, ,0, , , ,3, , , , , ,122767, , , ,1,1,0,0,0,0,0,0,0,0,0,0,2,2,0,0,0,0,0,0,0,0,0,0,0,0,0,0,0,0,0,0,0,0,0,8,0,40.0608,-75.1818, ,Philadelphia
 ,9561,2017136928,6,67,67301,2017,11,4,1908,19,3,1,0,1,1, , ,N,7,8,2,3,0,0,2,2,N,N,40 00:36.229,75 03:50.590,1908, ,1908, ,0, , , ,3, , , , , ,122799, , , ,2,2,0,0,0,0,0,0,0,0,0,0,0,0,0,0,0,0,0,0,0,0,0,0,0,0,0,0,0,0,0,0,0,0,0,0,0,40.0101,-75.0641, ,Philadelphia
 ,9562,2017097962,6,67,67301,2017,9,7,900,9,1,1,0,4,1, , ,N,2,2,0,3,0,1,2,2,N,N,40 01:11.359,75 06:37.843,930, ,928, ,0, ,N, ,3, , , , , ,122815, , , ,2,0,0,0,0,0,1,1,0,0,0,1,1,0,0,0,0,0,0,0,0,1,0,0,0,0,0,0,0,0,0,0,0,0,0,4,0,40.0198,-75.1105, ,Philadelphia
 ,9563,2017135068,6,67,67301,2017,11,1,815,8,1,1,0,4,1, , ,N,1,2,0,3,0,0,2,2,N,N,40 01:45.341,75 09:49.576,825, ,821,2,1,1,N, ,3,Y, , , , ,122830, , , ,2,0,0,0,0,0,2,0,0,0,0,0,0,0,0,0,0,0,0,0,0,0,0,0,0,0,0,0,0,0,0,0,0,0,0,0,0,40.0293,-75.1638, ,Philadelphia
 ,9564,2017135035,6,67,67301,2017,11,5,1130,11,1,1,0,4,1, , ,N,0,0,7,3,0,1,3,2,N, ,40 03:19.317,75 00:14.047,1150, ,1141, ,0, ,N, ,0, , , , , ,122838, , , ,2,1,0,0,0,0,0,1,0,0,0,1,1,0,0,0,0,0,0,0,1,0,0,0,0,0,0,0,0,0,0,0,0,0,0,4,0,40.0554,-75.0039, ,Philadelphia
 ,9565,2017127331,6,67,67301,2017,11,3,348,3,6,1,0,2,1, , ,N,0,0,0,3,0,1,2,4,N,N,40 00:04.700,75 04:24.700,424, ,356, ,0, ,N, ,0, , , , , ,122842, , , ,4,4,0,0,0,0,0,0,0,0,0,0,1,1,0,0,0,0,0,0,1,0,0,1,0,0,0,0,0,0,0,0,0,0,0,8,0,40.0013,-75.0735, ,Philadelphia
 ,9566,2018029832,6,67,67301,2017,12,4,1735,17,3,1,0,8,1, , ,N,0,0,0,3,0,1,2,2,N,N,40 00:52.200,75 08:25.200,1800, ,1750, ,0, ,N, ,0, , , , , ,122861, , , ,1,0,0,0,0,0,0,1,0,0,1,0,1,0,0,0,0,0,0,0,0,0,0,1,0,0,0,0,0,0,0,0,1,0,0,3,0,40.0145,-75.1403, ,Philadelphia
 ,9567,2018027518,6,67,67301,2017,12,1,315,3,3,1,0,2,1, , ,N,0,0,0,3,0,1,2,2,N,N,40 00:46.741,75 04:16.640,318, ,315,3,2,7,N, ,0,Y, , , , ,122862, , , ,2,1,0,0,0,0,1,0,0,1,0,0,1,0,0,0,0,0,0,0,0,0,0,0,0,0,0,1,0,0,0,0,0,0,0,2,0,40.013,-75.0713, ,Philadelphia
 ,9568,2017096550,6,67,67301,2017,8,7,443,4,3,9,0,8,1, , ,N,1,0,0,3,0,1,2,2,N, ,40 00:03.193,75 06:19.582,512, ,443, ,0, , , ,0, , , , , ,122874, , , ,1,0,0,0,1,0,0,0,0,0,0,1,1,0,0,0,0,0,0,0,0,0,0,1,0,0,0,0,0,0,0,0,1,0,0,4,0,40.0009,-75.1054, ,Philadelphia
 ,9569,2017137574,6,67,67301,2017,12,4,1743,17,3,1,0,1,1, , ,N,2,0,0,3,0,2,6,3,N,N,39 59:09.798,75 14:48.138,1802, ,1754, ,0, ,N, ,0, , , , , ,122884, , , ,3,3,0,0,0,0,0,0,0,0,0,2,2,0,2,0,0,0,0,1,0,0,0,0,0,0,0,0,0,0,0,0,0,0,0,4,0,39.9861,-75.2467, ,Philadelphia
 ,9571,2016013764,6,67,67301,2016,1,3,1643,16,1,1,0,4,1, , ,N,1,2,0,3,0,0,2,2,N,N,40 03:16.326,75 01:40.889,1650, ,1646, ,0, ,N, ,3, , , , , ,128433, , , ,2,1,0,0,0,0,1,0,0,0,0,0,0,0,0,0,0,0,0,0,0,1,1,0,0,0,0,0,0,0,0,0,0,0,0,0,0,40.0545,-75.028, , 
 ,9572,2016022899,6,67,67301,2016,1,3,2100,21,3,1,0,8,1, , ,N,2,0,0,3,0,1,2,2,N, ,40 02:46.878,75 11:19.366,9999, ,1114, ,0, , , ,0, , , , , ,128439, , , ,1,0,0,0,0,0,0,0,0,0,1,0,1,0,1,0,0,0,0,0,0,0,0,0,0,0,0,0,0,0,0,0,1,0,0,3,0,40.0464,-75.1887, , 
 ,9573,2016028327,6,67,67301,2016,1,6,1757,17,3,4,3,4,1, , ,N,1,2,0,3,0,0,3,3,N,N,40 05:41.184,75 00:55.174,1800, ,1757,1,1,1,N, ,3,N, , , , ,128445, , , ,3,2,0,0,1,0,0,0,0,0,0,0,0,0,0,0,0,0,0,0,0,1,0,1,0,0,0,0,0,0,0,0,0,0,0,0,0,40.0948,-75.0153, , 
 ,9574,2016053623,6,67,67301,2016,5,4,1703,17,1,1,0,4,1, , ,N,1,2,0,3,0,1,2,2,N,N,39 58:49.769,75 13:29.078,1708, ,1703, ,0, ,N, ,3, , , , , ,128467, , , ,2,0,0,0,0,0,0,2,0,0,0,1,1,0,1,0,0,0,0,0,0,0,0,0,0,0,0,0,0,0,0,0,0,0,0,4,0,39.9804,-75.2247, , 
 ,9575,2016033100,6,67,67301,2016,3,3,1747,17,1,1,0,6,1, , ,N,0,0,0,3,0,1,2,3,N,N,40 00:28.382,75 06:13.053,1825, ,1812, ,0, ,N, ,0, , , , , ,128491, , , ,3,2,0,0,0,0,0,1,0,0,0,1,1,0,0,0,0,0,0,0,0,0,0,1,0,0,0,0,0,0,0,0,0,0,0,4,0,40.0079,-75.1036, , 
 ,9576,2016036395,6,67,67301,2016,3,2,1240,12,1,1,0,8,1, , ,N,1,3,0,3,0,1,3,2,N,N,39 56:01.204,75 09:49.913,1306, ,1305, ,0, ,N, ,3, , , , , ,128494, , , ,1,1,0,0,0,0,0,0,0,0,0,1,1,0,2,0,0,0,0,0,0,0,0,0,0,0,0,0,0,0,0,0,1,0,0,4,0,39.9337,-75.1639, , 
 ,9577,2016007867,6,67,67301,2016,1,4,1727,17,3,1,0,1,1, , ,N,0,0,0,3,0,0,2,2,N,N,39 57:25.682,75 09:25.200,1755, ,1734,2,1,3, , ,0,N, , , , ,128522, , , ,2,1,0,0,0,0,1,0,0,0,0,0,0,0,0,0,0,0,1,0,0,0,0,0,0,0,0,0,0,0,0,0,0,0,0,0,0,39.9571,-75.157, , 
 ,9578,2016043742,6,67,67301,2016,3,5,1444,14,1,1,0,5,1, , ,N,0,0,0,3,0,0,3,3,N,N,39 53:34.132,75 13:59.848,1608, ,1522,1,2,1, , ,0,N, , , , ,128554, , , ,3,2,0,0,0,0,0,0,0,0,0,0,0,0,1,0,0,0,0,0,0,1,0,0,0,0,0,0,0,0,0,0,0,0,0,9,0,39.8928,-75.2333, , 
 ,9579,2016044539,6,67,67301,2016,4,5,1425,14,1,1,0,4,1, , ,N,3,2,0,3,0,2,2,2,N, ,40 03:14.353,75 07:35.903,1525, ,1521,2,1,4, , ,3,N, , , , ,128555, , , ,2,1,0,0,0,0,1,0,0,0,0,2,2,0,0,0,0,0,0,0,0,1,0,0,0,0,0,0,0,0,0,0,0,0,0,4,0,40.054,-75.1266, , 
 ,9580,2016048566,6,67,67301,2016,4,6,1025,10,1,1,0,1,6, , ,N,0,0,0,3,0,1,1,2,N, ,39 59:24.627,75 06:28.286,1035, ,1030, ,0, , , ,0, , , , , ,128560, , , ,2,2,0,0,0,0,0,0,0,0,0,0,1,1,0,0,0,0,0,0,0,0,0,1,0,0,0,0,0,0,0,0,0,0,0,8,0,39.9902,-75.1079, , 
 ,9581,2016013789,6,67,67301,2016,1,2,1425,14,1,1,0,4,1, , ,N,1,2,0,3,0,0,2,2,N, ,40 04:02.966,75 10:45.507,1502, ,1448, ,0, , , ,3, , , , , ,128572, , , ,2,1,0,0,0,0,0,1,0,0,0,0,0,0,0,0,0,0,0,0,1,0,1,2,0,0,0,0,0,0,0,0,0,0,0,0,0,40.0675,-75.1793, , 
 ,9582,2016028313,6,67,67301,2016,2,1,227,2,3,1,0,5,6, , ,N,0,0,0,3,0,2,3,3,N, ,39 58:06.466,75 13:17.587,315, ,232, ,0, , , ,0, , , , , ,128593, , , ,3,3,0,0,0,0,0,0,0,0,0,0,2,2,0,0,0,0,0,0,0,0,0,1,0,0,0,0,0,0,0,0,0,0,0,8,0,39.9685,-75.2216, , 
 ,9583,2016036465,6,67,67301,2016,3,3,1820,18,1,1,0,8,1, , ,N,1,0,0,3,0,1,2,2,N,N,39 58:17.457,75 10:48.712,2222, ,2214, ,0, ,N, ,0, , , , , ,128600, , , ,1,1,0,0,0,0,0,0,0,0,0,1,1,0,0,0,0,0,0,0,0,0,0,1,0,0,0,0,0,0,0,0,1,0,0,4,0,39.9715,-75.1802, , 
 ,9584,2016040963,6,67,67301,2016,3,1,1358,13,1,1,0,8,1, , ,N,1,3,0,3,0,1,2,2,N,N,39 57:18.652,75 13:33.142,1410, ,1358, ,0, , , ,3, , , , , ,128604, , , ,1,1,0,0,0,0,0,0,0,0,0,1,1,0,0,0,0,0,1,0,0,0,0,1,0,0,0,0,0,0,0,0,1,0,0,4,0,39.9552,-75.2259, , 
 ,9585,2016040575,6,67,67301,2016,3,1,1945,19,3,1,0,5,1, , ,N,7,0,2,3,0,0,4,2,N,N,39 55:34.761,75 08:49.009,2030, ,1950,1,1,1, , ,0,N, , , , ,128640, , , ,2,1,0,0,0,1,0,0,0,0,0,0,0,0,0,0,0,0,0,0,0,0,0,0,0,0,0,0,0,0,0,0,0,0,0,0,1,39.9263,-75.1469, , 
 ,9586,2016042548,6,67,67301,2016,4,6,2041,20,3,1,0,1,1, , ,N,6,0,2,3,0,1,2,2,N,N,39 56:44.167,75 11:25.033,2041, ,2041,2,1,3, , ,0,N, , , , ,128642, , , ,2,2,0,0,0,0,0,0,0,0,0,0,1,1,0,0,0,0,0,0,1,0,0,0,0,0,0,0,0,0,0,0,0,0,0,8,0,39.9456,-75.1903, , 
 ,9587,2016029912,6,67,67301,2016,2,1,1628,16,1,1,0,4,1, , ,N,1,3,0,3,0,2,4,2,N, ,40 02:39.184,75 04:07.816,1628, ,1626,2,1,1, , ,3,Y, , , , ,128681, , , ,2,0,0,0,0,0,2,0,0,0,0,2,2,0,0,0,0,0,0,0,1,0,0,2,0,0,0,0,0,0,0,0,0,0,0,4,0,40.0442,-75.0688, , 
 ,9588,2017100338,6,67,67301,2017,9,6,1055,10,1,1,0,7,4, , ,N,0,0,1,3,0,1,1,1,N,N,40 00:21.729,75 08:40.286,1115, ,1100,3,1,4,N, ,0,N, , , , ,125960, , , ,1,0,0,0,0,1,0,0,0,0,0,0,1,1,0,0,0,0,0,0,0,0,0,1,0,0,0,0,0,0,0,0,0,0,0,8,1,40.006,-75.1445, ,Philadelphia
 ,9589,2017130716,6,67,67301,2017,11,3,752,7,1,1,0,1,1, , ,N,0,0,0,3,0,0,4,2,N, ,39 56:32.100,75 13:18.600,818, ,811, ,0, , , ,0, , , , , ,125988, , , ,2,1,0,0,0,0,1,0,0,0,0,0,0,0,0,0,0,0,0,0,0,0,0,0,0,0,0,0,0,0,0,0,0,0,0,0,0,39.9423,-75.2218, ,Philadelphia
 ,9590,2018028931,6,67,67301,2017,12,7,1400,14,1,8,1,2,1, , ,N,0,0,0,3,0,1,2,2,N,N,40 04:28.028,75 12:13.654,1420, ,1403,1,1,2,N, ,0,Y, , , , ,125993, , , ,2,1,0,0,0,0,1,0,0,0,0,0,1,1,0,0,0,0,0,0,0,0,0,0,0,0,0,0,0,0,0,0,0,0,0,8,0,40.0745,-75.2038, ,Philadelphia
 ,9591,2017109839,6,67,67301,2017,10,2,1504,15,1,1,0,4,1, , ,N,0,0,0,3,0,0,6,2,N, ,40 02:30.452,75 08:38.900,1521, ,1517,2,1,2, , ,0,N, , , , ,126011, , , ,2,1,0,0,0,0,0,1,0,0,0,0,0,0,0,0,0,0,0,0,0,0,0,0,0,0,0,0,0,0,0,0,0,0,0,0,0,40.0418,-75.1441, ,Philadelphia
 ,9592,2017096484,6,67,67301,2017,8,6,2334,23,3,1,0,4,1, , ,N,1,2,0,3,0,2,5,4,N,N,39 57:48.108,75 11:14.703,33, ,17, ,0, ,N, ,3, , , , , ,126015, , , ,4,4,0,0,0,0,0,0,0,0,0,0,2,2,0,0,0,0,0,0,0,0,0,3,0,0,0,0,0,0,0,0,0,0,0,8,0,39.9634,-75.1875, ,Philadelphia
 ,9593,2018034782,6,67,67301,2017,6,2,2030,20,3,1,0,1,1, , ,N,1,2,0,3,0,3,4,2,N,N,39 57:10.730,75 10:06.316,0, ,0, ,0, ,N, ,3, , , , , ,126033, , , ,2,2,0,0,0,0,0,0,0,0,1,1,3,1,0,0,0,0,0,0,0,0,0,0,0,0,0,0,0,0,0,0,0,0,0,3,0,39.953,-75.1685, ,Philadelphia
 ,9594,2018029735,6,67,67301,2017,12,1,43,0,3,1,0,1,6, , ,N,0,0,0,3,0,2,3,2,N,N,40 05:33.513,74 58:41.483,48, ,45, ,0, ,N, ,0, , , , , ,126034, , , ,2,0,0,0,1,0,1,0,0,0,0,0,2,2,0,0,0,0,0,0,1,0,0,0,0,0,0,0,0,0,0,0,0,0,0,8,0,40.0926,-74.9782, ,Philadelphia
 ,9595,2017130635,6,67,67301,2017,11,2,710,7,1,1,0,4,1, , ,N,1,0,0,3,0,1,2,2,N, ,39 57:31.392,75 09:44.125,725, ,725, ,0, ,N, ,0, , , , , ,126045, , , ,2,1,0,0,0,0,0,1,0,0,0,1,1,0,0,0,0,0,0,0,0,0,0,0,0,0,0,0,0,0,0,0,0,0,0,4,0,39.9587,-75.1621, ,Philadelphia
 ,9596,2018031053,6,67,67301,2017,11,3,2228,22,3,1,0,6,1, , ,N,1,2,0,3,0,0,4,3,N,N,39 56:28.692,75 12:33.670,30, ,21, ,0, ,N, ,3, , , , , ,126058, , , ,3,2,0,0,0,0,0,1,0,0,0,0,0,0,0,0,0,0,0,0,0,0,0,0,0,0,0,0,0,0,0,0,0,0,0,0,0,39.9412,-75.2094, ,Philadelphia
 ,9597,2018030142,6,67,67301,2017,12,6,110,1,3,1,6,7,4, , ,N,0,0,0,3,0,2,2,1,N, ,40 07:40.200,74 59:59.700,122, ,116, ,0, ,N, ,0, , , , , ,126073, , , ,1,0,0,0,0,0,1,0,0,0,2,0,2,0,0,0,0,0,0,0,0,0,0,0,0,0,0,0,0,0,0,0,0,0,0,3,0,40.1278,-74.9999, ,Philadelphia
 ,9598,2017128082,6,67,67301,2017,11,2,755,7,3,1,0,4,1, , ,N,1,2,0,3,0,1,2,3,N,N,39 59:58.554,75 07:30.237,755, ,748, ,0, ,N, ,3, , , , , ,126076, , , ,3,2,0,0,0,0,0,1,0,0,1,0,1,0,0,0,0,0,0,0,0,0,0,1,0,0,0,0,0,0,0,0,0,0,0,3,0,39.9996,-75.1251, ,Philadelphia
 ,9599,2017109769,6,67,67301,2017,10,2,1422,14,1,1,0,4,1, , ,N,1,2,0,3,0,3,3,2,N, ,40 00:21.036,75 05:47.139,9999, ,1423,9,1,2, , ,3,Y, , , , ,126083, , , ,2,2,0,0,0,0,0,0,0,0,0,2,3,1,0,0,0,0,0,0,1,0,0,0,0,0,0,0,0,0,0,0,0,0,0,4,0,40.0058,-75.0964, ,Philadelphia
 ,9600,2017127441,6,67,67301,2017,11,4,2145,21,3,1,0,7,4, , ,N,0,0,0,3,0,0,1,1,N,N,39 56:56.700,75 08:45.300,2200, ,2153, ,0, ,N, ,0, , , , , ,126097, , , ,1,1,0,0,0,0,0,0,0,0,0,0,0,0,0,0,0,0,0,0,1,0,0,0,0,0,0,0,0,0,0,0,0,0,0,0,0,39.9491,-75.1459, ,Philadelphia
 ,9601,2017130638,6,67,67301,2017,11,7,935,9,1,1,0,4,1, , ,N,1,2,0,3,0,1,3,2,N,N,39 57:36.054,75 09:55.036,946, ,946, ,0, ,N, ,3, , , , , ,126098, , , ,2,0,0,0,0,0,2,0,0,0,0,0,1,1,0,0,0,0,0,0,0,0,0,0,0,0,0,0,0,0,0,0,0,0,0,8,0,39.96,-75.1653, ,Philadelphia
 ,9602,2018027450,6,67,67301,2017,12,5,1958,19,3,1,0,8,1, , ,N,0,0,0,3,0,1,2,2,N,N,40 02:07.100,75 02:59.400,2004, ,1959, ,0, ,N, ,0, , , , , ,126107, , , ,1,1,0,0,0,0,0,0,0,0,1,0,1,0,0,0,0,0,0,0,0,0,0,0,0,0,0,0,0,0,0,0,1,0,0,3,0,40.0353,-75.0498, ,Philadelphia
 ,9603,2017127487,6,67,67301,2017,10,6,1240,12,1,1,0,4,1, , ,N,1,2,0,3,0,0,2,2,N,N,39 57:02.487,75 14:27.938,1240, ,1230, ,0, , , ,3, , , , , ,126115, , , ,2,1,0,0,0,0,0,1,0,0,0,0,0,0,0,0,0,0,0,0,0,0,0,0,0,0,0,0,0,0,0,0,0,0,0,0,0,39.9507,-75.2411, ,Philadelphia
 ,9604,2018027361,6,67,67301,2017,12,3,1158,11,1,1,0,5,6, , ,N,0,0,0,3,0,1,2,2,N,N,40 02:13.200,75 06:35.000,9999, ,9999,2,2,1,N, ,0,Y, , , , ,126137, , , ,2,0,0,0,1,0,0,1,0,0,0,1,1,0,0,0,0,0,0,0,0,0,0,0,0,0,0,0,0,0,0,0,0,0,0,4,0,40.037,-75.1097, ,Philadelphia
 ,9605,2018027534,6,67,67301,2017,12,5,1610,16,1,1,0,8,1, , ,N,1,3,0,3,0,1,2,2,N, ,39 58:41.397,75 14:08.336,2301, ,2051, ,0, ,N, ,3, , , , , ,126138, , , ,1,0,0,0,1,0,0,0,0,0,1,0,1,0,0,0,0,0,0,0,0,0,0,1,0,0,0,0,0,0,0,0,1,0,0,3,0,39.9782,-75.2356, ,Philadelphia
 ,9606,2017120487,6,67,67301,2017,10,6,2250,22,3,1,0,4,1, , ,N,1,2,0,3,0,3,5,2,N,N,40 01:23.700,75 04:36.637,2330, ,2250, ,0, , , ,3, , , , , ,120090, , , ,2,1,0,0,0,0,1,0,0,0,1,2,3,0,0,0,0,0,0,0,0,0,0,0,0,0,0,0,0,0,0,0,0,0,0,3,0,40.0233,-75.0768, ,Philadelphia
 ,9607,2018005463,6,67,67301,2017,12,3,339,3,3,1,0,7,5, , ,N,0,0,0,3,0,0,1,1,N,N,39 58:46.965,75 06:27.437,345, ,340, ,0, ,N, ,0, , , , , ,120096, , , ,1,1,0,0,0,0,0,0,0,0,0,0,0,0,0,0,0,0,0,0,0,0,0,0,0,0,0,0,0,0,0,0,0,0,0,0,0,39.9797,-75.1077, ,Philadelphia
 ,9608,2018027438,6,67,67301,2017,12,5,130,1,3,1,0,4,1, , ,N,1,3,0,3,0,0,2,2,N,N,39 59:44.894,75 08:40.001,136, ,133, ,0, ,N, ,3, , , , , ,120099, , , ,2,2,0,0,0,0,0,0,0,0,0,0,0,0,0,0,0,0,0,0,0,0,0,0,0,0,0,0,0,0,0,0,0,0,0,0,0,39.9958,-75.1444, ,Philadelphia
 ,9609,2018008898,6,67,67301,2017,12,1,308,3,3,1,6,7,3, , ,N,0,0,0,3,0,0,1,1,N,N,39 53:29.651,75 14:13.813,311, ,308, ,0, , , ,0, , , , , ,120178, , , ,1,1,0,0,0,0,0,0,0,0,0,0,0,0,0,0,0,0,0,0,0,0,0,0,0,0,0,0,0,0,0,0,0,0,0,0,0,39.8916,-75.2372, ,Philadelphia
 ,9610,2017093638,6,67,67301,2017,8,2,920,9,1,1,0,4,1, , ,N,0,0,7,3,0,1,2,2,N,N,39 59:42.569,75 05:36.585,940, ,930, ,0, , , ,0, , , , , ,120180, , , ,2,0,0,0,1,0,1,0,0,0,0,1,1,0,0,0,0,0,0,0,0,0,1,0,0,0,0,0,0,0,0,0,0,0,0,4,0,39.9952,-75.0935, ,Philadelphia
 ,9611,2017096435,6,67,67301,2017,8,5,2347,23,3,1,0,7,4, , ,N,0,0,0,3,0,2,2,1,N, ,39 59:53.727,75 08:19.804,15, ,2356, ,0, , , ,0, , , , , ,120184, , , ,1,0,0,0,0,0,1,0,0,0,2,0,2,0,0,0,0,0,0,0,0,0,0,0,0,0,0,0,0,0,0,0,0,0,0,3,0,39.9983,-75.1388, ,Philadelphia
 ,9612,2017096405,6,67,67301,2017,9,7,1530,15,1,2,1,4,1, , ,N,1,3,0,3,0,1,4,3,N,N,40 00:03.524,75 07:25.258,1537, ,1537,9,2,2,N, ,3,N, , , , ,120185, , , ,3,3,0,0,0,0,0,0,0,0,0,1,1,0,0,0,0,0,0,0,0,0,0,0,0,0,0,0,0,0,0,0,0,0,0,4,0,40.001,-75.1237, ,Philadelphia
 ,9613,2017128380,6,67,67301,2017,11,5,1200,12,1,1,0,7,4, , ,N,7,0,2,3,0,1,1,1,N,N,39 58:59.494,75 05:55.161,1206, ,1202,1,1,2, , ,0,N, , , , ,120191, , , ,1,0,0,0,1,0,0,0,0,0,0,0,1,1,0,0,0,0,0,0,0,0,0,0,0,0,0,0,0,0,0,0,0,0,0,8,0,39.9832,-75.0987, ,Philadelphia
 ,9614,2017135019,6,67,67301,2017,11,1,953,9,1,1,0,5,1, , ,N,2,0,1,3,0,1,2,2,N,N,39 59:12.944,75 07:50.602,1345, ,1339, ,0, ,N, ,0, , , , , ,120195, , , ,1,1,0,0,0,0,0,0,1,1,0,0,1,0,0,0,0,0,0,0,0,0,0,1,0,0,0,0,0,0,0,1,0,0,0,2,0,39.9869,-75.1307, ,Philadelphia
 ,9615,2017127449,6,67,67301,2017,11,7,1306,13,1,1,0,4,1, , ,N,0,0,7,3,0,2,3,2,N, ,40 00:59.517,75 09:09.228,1332, ,1327, ,0, , , ,0, , , , , ,120196, , , ,2,1,0,0,0,0,0,1,0,2,0,0,2,0,0,0,0,0,0,0,0,0,0,1,0,0,0,0,0,0,0,0,0,0,0,2,0,40.0165,-75.1526, ,Philadelphia
 ,9616,2017127354,6,67,67301,2017,11,6,1500,15,1,1,0,4,1, , ,N,1,3,0,3,0,2,4,2,N, ,39 57:35.686,75 14:35.573,1958, ,1952, ,0, ,N, ,3, , , , , ,120198, , , ,2,1,0,0,0,0,1,0,0,0,0,2,2,0,0,0,0,0,0,0,0,0,1,1,0,0,0,0,0,0,0,0,0,0,0,4,0,39.9599,-75.2432, ,Philadelphia
 ,9617,2018027556,6,67,67301,2017,11,2,501,5,3,1,0,4,1, , ,N,5,2,1,3,0,1,2,2,N,N,39 59:42.687,75 06:56.840,502, ,502,3,2,7,N, ,3,Y, , , , ,120212, , , ,1,1,0,0,0,0,0,0,1,1,0,0,1,0,0,0,0,0,0,0,0,0,0,0,0,0,0,0,0,0,0,1,0,0,0,2,0,39.9952,-75.1158, ,Philadelphia
 ,9618,2017101856,6,67,67301,2017,9,5,1116,11,1,1,0,1,1, , ,N,0,0,0,3,0,0,2,2,N, ,40 02:44.482,75 11:33.458,1150, ,1127, ,0, , , ,0, , , , , ,120221, , , ,2,1,0,0,0,0,0,1,0,0,0,0,0,0,0,0,0,0,1,0,0,0,0,0,0,0,0,0,0,0,0,0,0,0,0,0,0,40.0457,-75.1926, ,Philadelphia
 ,9619,2017102689,6,67,67301,2017,8,5,2250,22,3,1,0,1,1, , ,N,0,0,0,3,0,0,3,3,N,N,39 57:35.490,75 10:39.655,2252, ,2252, ,0, , , ,0, , , , , ,120288, , , ,3,3,0,0,0,0,0,0,0,0,0,0,0,0,0,0,0,0,0,1,0,0,0,0,0,0,0,0,0,0,0,0,0,0,0,0,0,39.9599,-75.1777, ,Philadelphia
 ,9620,2017135905,6,67,67301,2017,12,5,1340,13,1,1,0,5,1, , ,N,0,0,2,3,0,8,34,2,Y,N,39 57:19.191,75 08:52.380,1341, ,1340, ,0, ,N, ,0, , , , , ,120300, , , ,2,1,0,1,0,0,0,0,0,0,0,0,8,8,1,0,0,0,0,0,0,0,0,0,0,0,0,0,0,0,0,0,0,0,0,8,1,39.9555,-75.1481, ,Philadelphia
 ,9621,2018005567,6,67,67301,2017,12,5,1904,19,3,1,0,1,1, , ,N,0,0,0,3,0,1,6,2,N,N,40 02:29.214,75 01:40.872,1904, ,1904,9,1,1,N, ,0,N, , , , ,120313, , , ,2,1,0,1,0,0,0,0,0,0,0,0,1,1,3,0,0,0,0,0,0,0,0,0,0,0,0,0,0,0,0,0,0,0,0,8,1,40.0414,-75.028, ,Philadelphia
 ,9622,2017127433,6,67,67301,2017,11,2,1654,16,1,1,0,8,1, , ,N,1,3,0,3,0,1,2,2,N, ,40 01:39.408,75 05:46.513,1715, ,1657,1,1,1, , ,3,N, , , , ,120320, , , ,1,0,0,0,0,0,1,0,0,0,1,0,1,0,0,0,0,0,0,0,0,0,0,0,0,0,0,0,0,0,0,0,1,0,0,3,0,40.0276,-75.0963, ,Philadelphia
 ,9623,2018028736,6,67,67301,2017,12,4,1510,15,1,1,0,4,1, , ,N,1,2,0,3,0,5,6,5,N,Y,39 59:53.463,75 06:04.518,1520, ,1512,2,1,1,N, ,3,Y, , , , ,120336, , , ,5,4,0,0,0,0,1,0,0,0,1,1,5,3,0,0,0,0,0,0,1,0,0,1,0,0,0,0,0,0,0,0,0,0,0,3,0,39.9982,-75.1013, ,Philadelphia
 ,9624,2018028848,6,67,67301,2017,12,6,1700,17,4,4,3,8,1, , ,N,0,0,0,3,0,2,3,3,N,N,39 59:57.164,75 08:04.862,1720, ,1711, ,0, ,N, ,0, , , , , ,122888, , , ,1,0,0,0,0,0,1,0,0,0,0,2,2,0,0,0,0,0,0,0,0,0,0,1,0,0,0,0,0,0,0,0,2,0,0,4,0,39.9992,-75.1347, ,Philadelphia