wz_ln_closure,objectid_1,crn,district,county,municipality,crash_year,crash_month,day_of_week,time_of_day,hour_of_day,illumination,weather,road_condition,collision_type,relation_to_road,work_zone_type,work_zone_loc,work_zone_ind,intersect_type,tcd_type,location_type,urban_rural,fatal_count,injury_count,person_count,total_units,sch_bus_ind,sch_zone_ind,latitude,longitude,arrival_tm,cons_zone_spd_lim,dispatch_tm,est_hrs_closed,lane_closed,ln_close_dir,ntfy_hiwy_maint,spec_juris_cd,tcd_func_cd,tfc_detour_ind,workers_pres,wz_close_detour,wz_flagger,wz_law_offcr_ind,objectid,wz_moving,wz_other,wz_shlder_mdn,vehicle_count,automobile_count,motorcycle_count,bus_count,small_truck_count,heavy_truck_count,suv_count,van_count,bicycle_count,maj_inj_count,mod_inj_count,min_inj_count,tot_inj_count,unk_inj_deg_count,unk_inj_per_count,driver_count_16yr,driver_count_17yr,driver_count_18yr,driver_count_19yr,driver_count_20yr,driver_count_50_64yr,driver_count_65_74yr,driver_count_75plus,unbelted_occ_count,unb_death_count,unb_maj_inj_count,belted_death_count,belted_maj_inj_count,mcycle_death_count,mcycle_maj_inj_count,bicycle_death_count,bicycle_maj_inj_count,ped_count,ped_death_count,ped_maj_inj_count,max_severity_level,comm_veh_count,dec_lat,dec_long,rdwy_surf_type_cd,county_name
 ,9625,2017135031,6,67,67301,2017,11,1,2225,22,3,1,0,1,1, , ,N,0,0,0,3,0,1,3,4,N, ,40 02:25.129,75 12:51.762,2245, ,2238, ,0, ,N, ,0, , , , , ,122900, , , ,4,4,0,0,0,0,0,0,0,0,1,0,1,0,0,0,0,0,0,0,0,1,0,1,0,0,0,0,0,0,0,0,0,0,0,3,0,40.0403,-75.2144, ,Philadelphia
 ,9626,2018027413,6,67,67301,2017,12,7,1921,19,3,2,1,7,2, , ,N,0,0,0,3,0,1,3,3,N,N,39 53:08.127,75 14:59.548,1929, ,1921, ,0, ,N, ,0, , , , , ,122905, , , ,3,3,0,0,0,0,0,0,0,0,0,1,1,0,2,0,0,0,1,0,1,0,0,0,0,0,0,0,0,0,0,0,0,0,0,4,0,39.8856,-75.2499, ,Philadelphia
 ,9627,2017135046,6,67,67301,2017,11,3,816,8,1,1,0,4,1, , ,N,2,0,0,3,0,0,2,2,N,N,40 01:38.036,75 12:16.249,830, ,820, ,0, ,N, ,0, , , , , ,122911, , , ,2,2,0,0,0,0,0,0,0,0,0,0,0,0,0,0,0,0,0,0,0,0,0,2,0,0,0,0,0,0,0,0,0,0,0,0,0,40.0272,-75.2045, ,Philadelphia
 ,9628,2018029925,6,67,67301,2017,12,6,1520,15,1,4,3,4,1, , ,N,1,3,0,3,0,1,2,2,N,N,39 57:30.671,75 08:37.986,1541, ,1527, ,0, ,N, ,3, , , , , ,122926, , , ,2,2,0,0,0,0,0,0,0,0,0,0,1,1,0,0,0,0,0,0,0,0,0,0,0,0,0,0,0,0,0,0,0,0,0,8,0,39.9585,-75.1439, ,Philadelphia
 ,9629,2018020711,6,67,67301,2017,10,3,810,8,1,2,1,1,1, , ,N,0,0,0,3,0,3,4,3,N, ,40 05:58.871,74 59:12.948,835, ,825, ,0, ,N, ,0, , , , , ,122948, , , ,3,1,0,0,0,0,1,1,0,0,0,3,3,0,0,0,0,0,0,0,1,0,0,0,0,0,0,0,0,0,0,0,0,0,0,4,0,40.0997,-74.9869, ,Philadelphia
 ,9630,2018020763,6,67,67301,2017,11,5,1013,10,1,1,0,8,1, , ,N,5,2,0,3,0,1,2,2,N,N,40 01:53.913,75 03:11.654,1020, ,1013, ,0, ,N, ,3, , , , , ,122950, , , ,1,0,0,0,1,0,0,0,0,0,1,0,1,0,0,0,0,0,0,0,0,0,0,0,0,0,0,0,0,0,0,0,1,0,0,3,0,40.0316,-75.0532, ,Philadelphia
 ,9631,2017123763,6,67,67301,2017,11,4,1758,17,3,1,0,1,1, , ,N,0,0,3,3,0,3,8,5,N,N,39 53:52.857,75 11:01.497,1814, ,1759,2,2,1, , ,0,N, , , , ,122971, , , ,5,3,0,0,1,0,1,0,0,0,3,0,3,0,0,0,0,0,0,0,0,1,0,0,0,0,0,0,0,0,0,0,0,0,0,3,0,39.898,-75.1837, ,Philadelphia
N,9632,2017110314,6,67,67301,2017,10,5,1712,17,4,1,0,1,1,1,4,Y,0,0,0,3,0,0,3,3,N,N,39 58:00.684,75 08:02.445,1747,45,1713, ,0, , , ,0, ,N,N,N,N,122999,Y,N,Y,3,3,0,0,0,0,0,0,0,0,0,0,0,0,0,0,0,0,0,0,0,0,0,0,0,0,0,0,0,0,0,0,0,0,0,0,0,39.9669,-75.134, ,Philadelphia
 ,9633,2017133943,6,67,67301,2017,11,4,905,9,1,1,0,4,1, , ,N,1,3,0,3,0,1,2,2,N, ,40 03:14.403,75 03:57.502,910, ,906, ,0, ,N, ,3, , , , , ,123004, , , ,2,2,0,0,0,0,0,0,0,0,0,0,1,1,0,0,0,0,0,0,0,0,0,1,0,0,0,0,0,0,0,0,0,0,0,8,0,40.054,-75.066, ,Philadelphia
 ,9634,2018020697,6,67,67301,2017,12,2,422,4,3,1,0,4,1, , ,N,1,3,1,3,0,1,3,3,N, ,39 59:31.264,75 07:17.641,9999, ,427, ,0, ,N, ,3, , , , , ,123026, , , ,3,0,0,0,0,0,2,1,0,0,0,1,1,0,0,0,0,0,0,0,1,1,0,1,0,0,0,0,0,0,0,0,0,0,0,4,0,39.992,-75.1216, ,Philadelphia
 ,9635,2018027529,6,67,67301,2017,12,2,1130,11,1,1,0,8,1, , ,N,0,0,0,3,0,2,3,3,N,N,40 00:44.900,75 04:41.000,1149, ,1147, ,0, ,N, ,0, , , , , ,123039, , , ,1,1,0,0,0,0,0,0,0,0,0,2,2,0,0,0,0,0,0,0,0,0,0,0,0,0,0,0,0,0,0,0,2,0,0,4,0,40.0125,-75.0781, ,Philadelphia
 ,9636,2017101883,6,67,67301,2017,9,6,1943,19,3,1,0,8,1, , ,N,1,2,0,3,0,1,2,2,N, ,39 57:05.578,75 09:24.232,2003, ,1957, ,0, , , ,3, , , , , ,123059, , , ,1,1,0,0,0,0,0,0,0,0,0,1,1,0,0,0,0,0,0,0,0,0,0,1,0,0,0,0,0,0,0,0,1,0,0,4,0,39.9515,-75.1567, ,Philadelphia
 ,9637,2017101896,6,67,67301,2017,9,5,2245,22,6,1,0,1,1, , ,N,2,3,0,3,0,3,6,2,N,N,40 01:45.231,75 08:09.016,2303, ,2303, ,0, , , ,3, , , , , ,123060, , , ,2,2,0,0,0,0,0,0,0,0,0,0,3,3,1,0,0,0,0,0,0,0,0,0,0,0,0,0,0,0,0,0,0,0,0,8,0,40.0292,-75.1358, ,Philadelphia
 ,9638,2017130655,6,67,67301,2017,11,6,1010,10,1,1,0,5,6, , ,N,0,0,0,3,0,1,2,3,N,N,40 02:08.200,75 06:54.900,1022, ,1012, ,0, ,N, ,0, , , , , ,123084, , , ,3,2,0,0,0,0,1,0,0,0,0,1,1,0,1,0,0,0,0,0,0,0,0,1,0,0,0,0,0,0,0,0,0,0,0,4,0,40.0356,-75.1153, ,Philadelphia
 ,9639,2018027386,6,67,67301,2017,12,6,2005,20,3,1,0,4,1, , ,N,5,2,0,3,0,1,2,2,N,N,40 01:54.336,75 06:32.601,2020, ,2010,9,9,7,N, ,3,Y, , , , ,123087, , , ,2,0,0,0,0,0,2,0,0,0,0,1,1,0,0,0,0,0,0,0,0,0,0,0,0,0,0,0,0,0,0,0,0,0,0,4,0,40.0318,-75.1091, ,Philadelphia
 ,9640,2017135001,6,67,67301,2017,11,1,2309,23,3,1,0,1,1, , ,N,0,0,0,3,0,2,3,2,N, ,40 00:36.700,75 06:08.600,2315, ,2309, ,0, ,N, ,0, , , , , ,123106, , , ,2,2,0,0,0,0,0,0,0,0,2,0,2,0,0,0,0,0,0,0,1,0,0,0,0,0,0,0,0,0,0,0,0,0,0,3,0,40.0102,-75.1024, ,Philadelphia
 ,9641,2017096541,6,67,67301,2017,8,1,740,7,1,1,0,4,1, , ,N,2,2,0,3,0,2,2,2,N, ,40 03:46.988,75 05:11.702,748, ,746, ,0, , , ,3, , , , , ,123124, , , ,2,0,0,0,0,0,1,1,0,0,0,2,2,0,0,0,0,0,0,0,0,0,0,2,0,0,0,0,0,0,0,0,0,0,0,4,0,40.0631,-75.0866, ,Philadelphia
 ,9643,2016046653,6,67,67301,2016,4,3,210,2,3,1,1,7,4, , ,N,0,0,0,3,0,0,1,1,N,N,39 57:35.292,75 10:41.652,215, ,213,1,1,3, , ,0,N, , , , ,128699, , , ,1,1,0,0,0,0,0,0,0,0,0,0,0,0,0,0,0,0,0,0,0,0,0,1,0,0,0,0,0,0,0,0,0,0,0,0,0,39.9598,-75.1782, , 
 ,9644,2016048590,6,67,67301,2016,4,4,822,8,1,1,0,1,1, , ,N,1,2,0,3,0,1,2,2,N,N,40 01:32.799,75 07:24.507,915, ,822, ,0, ,N, ,3, , , , , ,128702, , , ,2,1,0,0,0,0,0,1,0,0,0,1,1,0,0,0,0,0,0,0,0,0,0,0,0,0,0,0,0,0,0,0,0,0,0,4,0,40.0258,-75.1235, , 
 ,9645,2016026050,6,67,67301,2016,2,3,2100,21,3,9,1,2,1, , ,N,0,0,0,3,0,1,2,2,N, ,39 58:22.194,75 13:05.171,2105, ,2100, ,0, , , ,0, , , , , ,128726, , , ,1,1,0,0,0,0,0,0,1,0,0,1,1,0,1,0,0,0,0,0,0,0,0,0,0,0,0,0,0,0,0,0,0,0,0,4,0,39.9728,-75.2181, , 
 ,9646,2016026211,6,67,67301,2016,3,4,1510,15,1,1,0,1,1, , ,N,1,0,0,3,0,0,1,2,N,N,40 04:59.699,75 01:33.428,1535, ,1517,1,1,1,N, ,0,N, , , , ,128727, , , ,2,1,0,0,0,0,1,0,0,0,0,0,0,0,0,0,0,0,0,0,0,0,0,0,0,0,0,0,0,0,0,0,0,0,0,0,0,40.0832,-75.0262, , 
 ,9647,2016034991,6,67,67301,2016,2,7,1758,17,3,1,0,8,1, , ,N,1,2,0,3,0,1,2,2,N, ,39 55:25.338,75 09:52.068,1805, ,1759, ,0, , , ,3, , , , , ,128734, , , ,1,1,0,0,0,0,0,0,0,0,0,0,1,1,0,0,0,0,0,0,0,0,0,0,0,0,0,0,0,0,0,0,1,0,0,8,0,39.9237,-75.1643, , 
 ,9648,2016037369,6,67,67301,2016,3,6,1400,14,1,1,0,1,1, , ,N,1,2,0,3,0,1,2,2,N,N,39 57:30.397,75 14:14.901,1400, ,1400, ,0, ,N, ,3, , , , , ,128736, , , ,2,2,0,0,0,0,0,0,0,0,0,1,1,0,0,0,0,0,0,0,0,0,0,0,0,0,0,0,0,0,0,0,0,0,0,4,0,39.9584,-75.2375, , 
 ,9649,2016039988,6,67,67301,2016,4,3,944,9,1,1,0,8,1, , ,N,1,3,0,3,0,1,2,2,N,N,39 57:52.225,75 09:39.635,950, ,945, ,0, ,N, ,3, , , , , ,128741, , , ,1,1,0,0,0,0,0,0,0,1,0,0,1,0,0,0,0,0,0,0,1,0,0,0,0,0,0,0,0,0,0,0,1,0,1,2,0,39.9644,-75.1609, , 
 ,9650,2016050283,6,67,67301,2016,5,6,557,5,5,2,1,7,4, , ,N,0,0,0,3,0,0,1,1,N,Y,40 02:26.597,75 00:19.734,612, ,608, ,0, , , ,0, , , , , ,128751, , , ,1,1,0,0,0,0,0,0,0,0,0,0,0,0,0,0,0,0,0,0,0,0,0,0,0,0,0,0,0,0,0,0,0,0,0,0,0,40.0407,-75.0055, , 
 ,9651,2016053365,6,67,67301,2016,4,3,1615,16,1,1,0,1,1, , ,N,0,8,0,3,0,0,3,3,N,N,39 57:36.191,75 10:45.340,1615, ,1615,1,2,4, , ,3,N, , , , ,128754, , , ,3,1,0,0,0,0,2,0,0,0,0,0,0,0,1,0,0,0,0,0,0,0,0,0,0,0,0,0,0,0,0,0,0,0,0,9,0,39.9601,-75.1793, , 
 ,9652,2016058585,6,67,67301,2016,5,6,1759,17,1,8,1,6,1, , ,N,2,3,0,3,0,1,3,2,N, ,40 05:26.926,75 03:51.483,1810, ,1759, ,0, , , ,3, , , , , ,128756, , , ,2,1,0,0,0,0,1,0,0,0,0,0,1,1,0,0,0,0,0,0,1,0,0,0,0,0,0,0,0,0,0,0,0,0,0,8,0,40.0908,-75.0643, , 
 ,9653,2016024182,6,67,67301,2016,2,1,1211,12,1,1,0,1,1, , ,N,0,0,0,3,0,0,4,2,N,N,39 57:25.896,75 09:24.302,1225, ,1213,1,1,4, , ,0,N, , , , ,128775, , , ,2,1,0,0,0,0,1,0,0,0,0,0,0,0,0,0,0,1,0,1,0,0,0,0,0,0,0,0,0,0,0,0,0,0,0,0,0,39.9572,-75.1568, , 
 ,9654,2016025977,6,67,67301,2016,2,2,710,7,1,1,0,1,1, , ,N,0,0,0,3,0,2,3,2,N,N,39 57:14.366,75 10:05.182,722, ,720, ,0, ,N, ,0, , , , , ,128776, , , ,2,1,0,1,0,0,0,0,0,0,0,1,2,1,0,0,0,0,0,0,0,0,0,1,0,0,0,0,0,0,0,0,0,0,0,4,1,39.954,-75.1681, , 
 ,9655,2016048675,6,67,67301,2016,4,1,2200,22,3,9,0,1,1, , ,N,1,2,0,3,0,1,2,2,N, ,39 59:08.812,75 12:56.169,9999, ,1130, ,0, , , ,3, , , , , ,128794, , , ,2,2,0,0,0,0,0,0,0,0,0,0,1,1,0,0,0,0,0,0,0,0,0,1,0,0,0,0,0,0,0,0,0,0,0,8,0,39.9858,-75.2156, , 
 ,9656,2016029813,6,67,67301,2016,3,1,346,3,3,1,0,4,1, , ,N,1,2,0,3,0,0,3,2,N,N,40 01:40.752,75 03:26.701,351, ,347,9,1,2,Y, ,3,N, , , , ,128825, , , ,2,1,0,0,0,0,1,0,0,0,0,0,0,0,0,0,0,0,0,0,0,0,0,0,0,0,0,0,0,0,0,0,0,0,0,0,0,40.028,-75.0574, , 
 ,9657,2016034802,6,67,67301,2016,4,1,227,2,3,1,1,8,1, , ,N,1,2,0,3,0,2,3,3,N,N,39 58:45.509,75 09:45.755,233, ,230,1,1,7,N, ,3,Y, , , , ,128828, , , ,1,1,0,0,0,0,0,0,0,0,1,0,2,1,0,0,0,0,0,0,0,0,0,1,0,0,0,0,0,0,0,0,2,0,0,3,0,39.9793,-75.1627, , 
 ,9658,2016048708,6,67,67301,2016,4,2,1047,10,1,1,0,6,6, , ,N,0,0,0,3,0,1,1,2,N,N,40 03:12.563,75 00:00.603,1053, ,1050,1,2,7,N, ,0,N, , , , ,128839, , , ,2,1,0,0,0,0,1,0,0,0,0,0,1,1,0,0,0,0,0,0,0,0,1,0,0,0,0,0,0,0,0,0,0,0,0,8,0,40.0535,-75.0002, , 
 ,9659,2016051341,6,67,67301,2016,5,7,852,8,1,2,1,7,4, , ,N,6,0,2,3,0,0,1,1,N,N,39 57:36.094,75 10:47.782,907, ,852,2,2,3, , ,0,N, , , , ,128841, , , ,1,0,0,0,0,0,1,0,0,0,0,0,0,0,0,0,0,0,0,0,1,0,0,0,0,0,0,0,0,0,0,0,0,0,0,0,0,39.96,-75.1799, , 
 ,9660,2017106031,6,67,67301,2017,9,6,1655,16,1,1,0,8,1, , ,N,0,0,0,3,0,1,2,2,N,N,39 58:22.306,75 15:12.481,1701, ,1701, ,0, , , ,0, , , , , ,126154, , , ,1,0,0,0,0,0,1,0,0,0,0,1,1,0,0,0,0,0,0,0,1,0,0,1,0,0,0,0,0,0,0,0,1,0,0,4,0,39.9729,-75.2535, ,Philadelphia
 ,9661,2017130691,6,67,67301,2017,11,2,950,9,1,1,0,8,3, , ,N,0,0,0,3,0,1,3,2,N,N,39 57:32.894,75 13:30.198,950, ,950, ,0, ,N, ,0, , , , , ,126160, , , ,1,1,0,0,0,0,0,0,0,0,0,0,1,1,0,0,0,0,0,0,0,0,0,1,0,0,0,0,0,0,0,0,1,0,0,8,0,39.9591,-75.225, ,Philadelphia
 ,9662,2017109831,6,67,67301,2017,9,5,1755,17,1,1,0,4,1, , ,N,2,0,0,3,0,1,2,2,N,N,40 01:56.200,75 06:21.600,1800, ,1756,3,2,2,N, ,0,Y, , , , ,126180, , , ,1,0,0,0,0,0,1,0,1,0,1,0,1,0,0,0,0,0,0,0,0,0,0,0,0,0,0,0,0,0,0,0,0,0,0,3,0,40.032,-75.1058, ,Philadelphia
 ,9663,2017097927,6,67,67301,2017,8,1,2100,21,3,1,0,4,1, , ,N,5,2,0,3,0,1,2,2,N,N,39 57:17.342,75 09:58.955,2303, ,2300,9,1,3, , ,3,N, , , , ,126186, , , ,1,0,0,0,0,0,0,0,1,0,0,1,1,0,0,0,0,0,0,0,0,0,0,0,0,0,0,0,0,0,0,0,0,0,0,4,0,39.9548,-75.1664, ,Philadelphia
 ,9664,2017127471,6,67,67301,2017,11,4,1626,16,1,1,0,7,4, , ,N,2,0,0,3,0,0,2,1,N,N,39 55:52.500,75 11:37.500,1630, ,1626, ,0, ,N, ,0, , , , , ,126192, , , ,1,1,0,0,0,0,0,0,0,0,0,0,0,0,0,0,0,0,0,0,0,0,0,0,0,0,0,0,0,0,0,0,0,0,0,0,0,39.9313,-75.1938, ,Philadelphia
 ,9665,2017130719,6,67,67301,2017,11,7,1820,18,3,1,1,4,1, , ,N,1,2,0,3,0,1,2,2,N,N,39 57:42.279,75 14:19.648,1820, ,1820, ,0, ,N, ,3, , , , , ,126193, , , ,2,2,0,0,0,0,0,0,0,0,0,1,1,0,0,0,0,0,0,0,0,0,0,0,0,0,0,0,0,0,0,0,0,0,0,4,0,39.9616,-75.2388, ,Philadelphia
 ,9666,2018027393,6,67,67301,2017,12,5,1536,15,1,1,0,2,6, , ,N,0,0,0,3,0,1,1,3,N,N,40 02:14.300,75 04:34.600,1732, ,1732, ,0, ,N, ,0, , , , , ,126218, , , ,3,2,0,0,0,0,1,0,0,0,0,1,1,0,0,0,0,0,0,0,0,0,0,0,0,0,0,0,0,0,0,0,0,0,0,4,0,40.0373,-75.0763, ,Philadelphia
 ,9667,2018028727,6,67,67301,2017,12,7,200,2,3,1,0,4,1, , ,N,0,0,0,3,0,0,2,2,N,N,39 58:15.109,75 07:18.893,250, ,243,9,1,1,N, ,0,N, , , , ,126246, , , ,2,1,0,0,1,0,0,0,0,0,0,0,0,0,0,0,0,0,0,1,1,0,0,0,0,0,0,0,0,0,0,0,0,0,0,0,0,39.9708,-75.122, ,Philadelphia
 ,9668,2018028948,6,67,67301,2017,12,5,1115,11,1,1,0,4,1, , ,N,0,0,7,3,0,1,3,2,N,N,40 00:47.969,75 10:09.246,1130, ,1115, ,0, ,N, ,0, , , , , ,126264, , , ,2,1,0,0,1,0,0,0,0,0,0,0,1,1,2,0,0,0,0,0,1,0,0,0,0,0,0,0,0,0,0,0,0,0,0,8,0,40.0133,-75.1692, ,Philadelphia
 ,9669,2018026736,6,67,67301,2017,12,3,900,9,1,1,0,1,6, , ,N,0,0,0,3,0,1,1,3,N, ,40 07:33.900,75 01:11.000,940, ,926, ,0, ,N, ,0, , , , , ,126312, , , ,3,2,0,0,0,0,1,0,0,0,0,0,1,1,0,0,0,0,0,0,0,0,0,0,0,0,0,0,0,0,0,0,0,0,0,8,0,40.1261,-75.0197, ,Philadelphia
 ,9670,2018027387,6,67,67301,2017,12,5,1453,14,1,1,0,4,1, , ,N,1,2,0,3,0,0,2,2,N,N,39 56:09.016,75 09:42.382,1516, ,1516, ,0, ,N, ,3, , , , , ,126313, , , ,2,1,0,0,0,0,0,1,0,0,0,0,0,0,0,0,0,0,0,0,0,0,0,0,0,0,0,0,0,0,0,0,0,0,0,0,0,39.9358,-75.1618, ,Philadelphia
 ,9671,2017096417,6,67,67301,2017,8,4,1243,12,1,1,0,8,1, , ,N,1,2,0,3,0,1,2,2,N,N,40 05:15.136,74 58:16.105,1249, ,1244,1,1,4,N, ,3,N, , , , ,126323, , , ,1,1,0,0,0,0,0,0,0,0,1,0,1,0,0,0,0,0,0,0,1,0,0,0,0,0,0,0,0,0,0,0,1,0,0,3,0,40.0875,-74.9711, ,Philadelphia
 ,9672,2017135005,6,67,67301,2017,11,4,1420,14,1,1,0,4,1, , ,N,1,0,0,3,0,1,2,2,N,N,40 04:02.316,75 00:31.866,1427, ,1423, ,0, ,N, ,0, , , , , ,126335, , , ,2,1,0,0,0,0,1,0,0,0,0,0,1,1,0,0,0,0,1,0,0,0,0,1,0,0,0,0,0,0,0,0,0,0,0,8,0,40.0673,-75.0089, ,Philadelphia
 ,9673,2018020718,6,67,67301,2017,10,1,1249,12,1,2,1,1,1, , ,N,0,0,0,3,0,2,3,2,N,N,40 02:34.746,75 13:02.273,1255, ,1251, ,0, ,N, ,0, , , , , ,126355, , , ,2,1,0,0,0,0,1,0,0,0,0,1,2,1,1,0,0,1,0,0,1,0,0,0,0,0,0,0,0,0,0,0,0,0,0,4,0,40.043,-75.2173, ,Philadelphia
 ,9674,2018004695,6,67,67301,2017,12,5,951,9,1,1,0,5,1, , ,N,0,0,0,3,0,1,2,2,N,N,39 57:25.092,75 09:20.792,1008, ,954, ,0, ,N, ,0, , , , , ,126357, , , ,2,0,0,0,1,0,1,0,0,0,0,0,1,1,0,0,0,0,0,0,0,0,0,0,0,0,0,0,0,0,0,0,0,0,0,8,0,39.957,-75.1558, ,Philadelphia
 ,9675,2017116112,6,67,67301,2017,10,6,900,9,1,8,0,8,1, , ,N,5,2,0,3,0,1,2,2,N, ,40 00:17.636,75 10:42.522,907, ,904, ,0, , , ,3, , , , , ,126362, , , ,1,1,0,0,0,0,0,0,0,0,0,1,1,0,0,0,0,0,0,0,0,0,0,0,0,0,0,0,0,0,0,0,1,0,0,4,0,40.005,-75.1786, ,Philadelphia
 ,9676,2017120651,6,67,67301,2017,10,6,620,6,3,1,0,4,1, , ,N,1,2,0,3,0,2,2,2,N,N,39 59:45.293,75 05:31.432,625, ,622,1,1,5, , ,3,Y, , , , ,126363, , , ,2,0,0,0,0,0,2,0,0,0,0,2,2,0,0,0,0,0,0,0,1,0,0,0,0,0,0,0,0,0,0,0,0,0,0,4,0,39.9959,-75.0921, ,Philadelphia
 ,9677,2017116019,6,67,67301,2017,10,2,2050,20,3,1,0,8,1, , ,N,1,0,0,3,0,1,2,2,N, ,39 56:10.068,75 10:31.184,2057, ,2056,1,2,2, , ,0,Y, , , , ,126366, , , ,1,0,0,0,0,0,0,1,1,0,0,0,1,1,0,0,0,0,0,0,0,0,0,0,0,0,0,0,0,0,0,0,0,0,0,8,0,39.9361,-75.1753, ,Philadelphia
 ,9678,2018027429,6,67,67301,2017,12,5,1130,11,1,1,0,1,1, , ,N,0,0,0,3,0,0,2,2,N,N,39 59:55.068,75 07:48.740,1157, ,1154, ,0, ,N, ,0, , , , , ,120339, , , ,2,2,0,0,0,0,0,0,0,0,0,0,0,0,0,0,0,0,0,0,1,0,0,0,0,0,0,0,0,0,0,0,0,0,0,0,0,39.9986,-75.1302, ,Philadelphia
 ,9679,2017128109,6,67,67301,2017,11,1,130,1,3,2,1,7,4, , ,N,1,2,0,3,0,1,2,1,N, ,40 00:21.036,75 05:47.139,138, ,138, ,0, ,N, ,3, , , , , ,120365, , , ,1,0,0,0,0,0,1,0,0,0,0,0,1,1,0,0,0,0,0,0,0,0,0,1,0,0,0,0,0,0,0,0,0,0,0,8,0,40.0058,-75.0964, ,Philadelphia
 ,9680,2017120635,6,67,67301,2017,10,6,1140,11,1,1,0,1,1, , ,N,0,0,0,3,0,1,2,2,N,N,40 06:35.300,75 01:14.700,1147, ,1143, ,0, , , ,0, , , , , ,120370, , , ,2,1,0,0,0,0,0,1,0,0,0,1,1,0,0,0,0,0,0,0,1,0,0,2,0,0,0,0,0,0,0,0,0,0,0,4,0,40.1098,-75.0208, ,Philadelphia
 ,9681,2017134997,6,67,67301,2017,11,5,510,5,3,1,0,7,4, , ,N,0,0,0,3,0,1,1,1,N,N,39 57:50.940,75 08:05.422,511, ,511,2,1,2,N, ,0,N, , , , ,120393, , , ,1,1,0,0,0,0,0,0,0,0,0,1,1,0,0,0,0,0,0,0,0,0,0,1,0,0,0,0,0,0,0,0,0,0,0,4,0,39.9642,-75.1348, ,Philadelphia
 ,9682,2018029949,6,67,67301,2017,12,3,1722,17,3,1,0,8,1, , ,N,0,0,0,3,0,1,2,2,N,N,40 03:19.285,75 10:51.229,1727, ,1724,2,2,5,N, ,0,Y, , , , ,120400, , , ,1,1,0,0,0,0,0,0,0,0,1,0,1,0,0,0,0,0,0,0,0,0,0,0,0,0,0,0,0,0,0,0,1,0,0,3,0,40.0554,-75.1809, ,Philadelphia
 ,9683,2018020722,6,67,67301,2017,11,4,2215,22,3,1,0,4,1, , ,N,1,3,0,3,0,0,2,4,N,N,40 03:49.158,75 09:14.788,2215, ,2215, ,0, ,N, ,3, , , , , ,120401, , , ,4,2,0,0,1,0,1,0,0,0,0,0,0,0,1,0,1,0,0,0,1,0,0,0,0,0,0,0,0,0,0,0,0,0,0,9,0,40.0637,-75.1541, ,Philadelphia
 ,9684,2017109896,6,67,67301,2017,10,1,125,1,3,1,0,5,1, , ,N,0,0,0,3,0,0,2,2,N,N,40 06:14.740,75 01:40.993,130, ,127, ,0, ,N, ,0, , , , , ,120411, , , ,2,2,0,0,0,0,0,0,0,0,0,0,0,0,0,0,0,0,1,0,0,0,0,0,0,0,0,0,0,0,0,0,0,0,0,0,0,40.1041,-75.0281, ,Philadelphia
 ,9685,2017110877,6,67,67301,2017,10,1,821,8,1,2,1,7,2, , ,N,0,0,0,3,0,2,2,1,N,N,39 57:35.943,75 10:46.677,824, ,823,1,1,3, , ,0,N, , , , ,120416, , , ,1,1,0,0,0,0,0,0,0,0,0,0,2,2,0,0,0,0,0,0,0,0,0,2,0,0,0,0,0,0,0,0,0,0,0,8,0,39.96,-75.1796, ,Philadelphia
 ,9686,2017120588,6,67,67301,2017,10,6,1030,10,1,1,0,8,1, , ,N,1,2,0,3,0,1,2,2,N,N,39 58:13.238,75 08:47.584,9999, ,9999, ,0, , , ,3, , , , , ,120426, , , ,1,0,0,0,0,0,1,0,0,0,1,0,1,0,0,0,0,0,0,0,0,0,0,0,0,0,0,0,0,0,0,0,1,0,0,3,0,39.9703,-75.1466, ,Philadelphia
 ,9687,2018005429,6,67,67301,2017,12,1,1934,19,3,1,0,4,1, , ,N,1,3,0,3,0,1,2,2,N, ,40 04:14.487,75 09:43.335,1950, ,1948, ,0, ,N, ,3, , , , , ,120427, , , ,2,1,0,0,0,0,0,1,0,0,0,1,1,0,0,0,0,0,0,0,1,0,0,0,0,0,0,0,0,0,0,0,0,0,0,4,0,40.0707,-75.162, ,Philadelphia
 ,9688,2018027555,6,67,67301,2017,12,6,2344,23,3,1,0,4,1, , ,N,1,2,0,3,0,1,2,2,N,N,39 58:31.120,75 07:16.263,2346, ,2344,9,1,2,N, ,3,N, , , , ,120444, , , ,2,1,0,0,0,0,0,1,0,0,0,1,1,0,0,0,0,0,0,0,0,0,0,0,0,0,0,0,0,0,0,0,0,0,0,4,0,39.9751,-75.1212, ,Philadelphia
 ,9689,2018026505,6,67,67301,2017,12,5,1700,17,1,1,0,8,1, , ,N,0,0,0,3,0,1,2,2,N,N,40 02:29.626,75 13:31.613,1702, ,1701,4,2,5,N, ,0,Y, , , , ,120445, , , ,1,0,0,0,0,0,1,0,0,0,0,0,1,1,0,0,0,0,0,0,0,0,1,0,0,0,0,0,0,0,0,0,1,0,0,8,0,40.0416,-75.2254, ,Philadelphia