wz_ln_closure,objectid_1,crn,district,county,municipality,crash_year,crash_month,day_of_week,time_of_day,hour_of_day,illumination,weather,road_condition,collision_type,relation_to_road,work_zone_type,work_zone_loc,work_zone_ind,intersect_type,tcd_type,location_type,urban_rural,fatal_count,injury_count,person_count,total_units,sch_bus_ind,sch_zone_ind,latitude,longitude,arrival_tm,cons_zone_spd_lim,dispatch_tm,est_hrs_closed,lane_closed,ln_close_dir,ntfy_hiwy_maint,spec_juris_cd,tcd_func_cd,tfc_detour_ind,workers_pres,wz_close_detour,wz_flagger,wz_law_offcr_ind,objectid,wz_moving,wz_other,wz_shlder_mdn,vehicle_count,automobile_count,motorcycle_count,bus_count,small_truck_count,heavy_truck_count,suv_count,van_count,bicycle_count,maj_inj_count,mod_inj_count,min_inj_count,tot_inj_count,unk_inj_deg_count,unk_inj_per_count,driver_count_16yr,driver_count_17yr,driver_count_18yr,driver_count_19yr,driver_count_20yr,driver_count_50_64yr,driver_count_65_74yr,driver_count_75plus,unbelted_occ_count,unb_death_count,unb_maj_inj_count,belted_death_count,belted_maj_inj_count,mcycle_death_count,mcycle_maj_inj_count,bicycle_death_count,bicycle_maj_inj_count,ped_count,ped_death_count,ped_maj_inj_count,max_severity_level,comm_veh_count,dec_lat,dec_long,rdwy_surf_type_cd,county_name
 ,9821,2017130658,6,67,67301,2017,11,5,1746,17,3,1,0,4,1, , ,N,1,2,0,3,0,1,2,2,N, ,39 59:56.501,75 07:59.705,1810, ,1807, ,0, ,N, ,3, , , , , ,126752, , , ,2,1,1,0,0,0,0,0,0,0,1,0,1,0,0,0,0,0,0,1,0,0,0,0,0,0,0,0,0,0,0,0,0,0,0,3,0,39.999,-75.1332, ,Philadelphia
 ,9822,2017135120,6,67,67301,2017,11,5,115,1,3,1,0,0,4, , ,N,2,0,0,3,0,0,2,1,N,N,39 58:49.576,75 05:20.303,115, ,115, ,0, ,N, ,0, , , , , ,120766, , , ,1,0,0,0,0,0,0,1,0,0,0,0,0,0,0,0,0,0,0,0,0,0,0,0,0,0,0,0,0,0,0,0,0,0,0,0,0,39.9804,-75.089, ,Philadelphia
 ,9823,2018005452,6,67,67301,2017,12,1,43,0,3,4,5,7,4, , ,N,2,0,8,3,0,1,1,1,N, ,39 57:50.600,75 11:03.400,107, ,100,9,0, ,N, ,0,N, , , , ,120773, , , ,1,1,0,0,0,0,0,0,0,0,1,0,1,0,0,0,0,0,0,1,0,0,0,0,0,0,0,0,0,0,0,0,0,0,0,3,0,39.964,-75.1845, ,Philadelphia
 ,9824,2018029816,6,67,67301,2017,12,7,930,9,1,4,1,1,1, , ,N,0,0,0,3,0,1,2,2,N,N,39 59:03.037,75 15:38.852,1010, ,1003, ,0, ,N, ,0, , , , , ,120775, , , ,2,0,0,0,0,0,2,0,0,0,0,0,1,1,0,0,0,0,0,0,1,0,0,0,0,0,0,0,0,0,0,0,0,0,0,8,0,39.9842,-75.2608, ,Philadelphia
 ,9825,2017128094,6,67,67301,2017,11,1,1312,13,1,1,0,4,1, , ,N,1,2,0,3,0,2,3,2,N,N,40 05:41.151,75 00:55.209,1323, ,1315,1,1,1,N, ,3,N, , , , ,120778, , , ,2,0,0,0,0,0,2,0,0,0,0,0,2,2,0,0,0,0,0,0,0,1,1,0,0,0,0,0,0,0,0,0,0,0,0,8,0,40.0948,-75.0153, ,Philadelphia
 ,9826,2018004625,6,67,67301,2017,11,3,319,3,3,1,0,7,4, , ,N,0,0,0,3,0,1,1,1,N,N,39 54:11.791,75 09:02.212,325, ,320,1,1,1, , ,0,N, , , , ,120790, , , ,1,1,0,0,0,0,0,0,0,0,0,0,1,1,0,0,0,0,0,0,0,0,0,0,0,0,0,0,0,0,0,0,0,0,0,8,0,39.9033,-75.1506, ,Philadelphia
 ,9827,2018029794,6,67,67301,2017,12,2,1550,15,1,1,0,7,3, , ,N,2,0,7,3,0,3,6,4,N,N,39 54:51.400,75 09:21.900,1630, ,1621,9,1,6,N, ,0,N, , , , ,120798, , , ,4,1,0,0,1,0,2,0,0,0,0,3,3,0,1,0,0,0,0,0,2,0,0,0,0,0,0,0,0,0,0,0,0,0,0,4,0,39.9143,-75.1561, ,Philadelphia
 ,9828,2018027424,6,67,67301,2017,12,7,934,9,1,4,4,1,1, , ,N,0,0,0,3,0,1,2,2,N,N,40 04:04.011,75 02:24.566,944, ,935, ,0, ,N, ,0, , , , , ,120801, , , ,2,2,0,0,0,0,0,0,0,0,0,1,1,0,0,0,0,0,0,0,0,0,0,0,0,0,0,0,0,0,0,0,0,0,0,4,0,40.0678,-75.0402, ,Philadelphia
 ,9829,2017115959,6,67,67301,2017,10,4,905,9,1,1,0,4,1, , ,N,1,2,0,3,0,1,2,2,N, ,39 56:01.111,75 08:44.415,916, ,912, ,0, , , ,3, , , , , ,120803, , , ,2,1,1,0,0,0,0,0,0,0,1,0,1,0,0,0,0,0,0,0,0,0,0,0,0,0,0,0,0,0,0,0,0,0,0,3,0,39.9336,-75.1457, ,Philadelphia
 ,9830,2017133984,6,67,67301,2017,11,7,1237,12,1,1,0,7,5, , ,N,0,0,0,3,0,0,2,1,N,N,39 55:27.900,75 09:15.400,1238, ,1238,1,2,4,N, ,0,Y, , , , ,120810, , , ,1,1,0,0,0,0,0,0,0,0,0,0,0,0,0,0,0,0,0,0,0,1,0,2,0,0,0,0,0,0,0,0,0,0,0,0,0,39.9244,-75.1543, ,Philadelphia
 ,9831,2017120608,6,67,67301,2017,10,7,637,6,3,1,0,8,1, , ,N,1,0,0,3,0,1,2,2,N, ,40 02:38.284,75 07:25.269,642, ,641, ,0, , , ,0, , , , , ,120814, , , ,1,0,0,0,1,0,0,0,0,0,0,0,1,1,0,0,0,0,0,0,0,0,0,1,0,0,0,0,0,0,0,0,1,0,0,8,0,40.044,-75.1237, ,Philadelphia
 ,9832,2017134991,6,67,67301,2017,11,1,357,3,3,1,0,7,5, , ,N,0,0,0,3,0,1,1,2,N,N,39 54:31.099,75 14:31.086,406, ,359, ,0, ,N, ,0, , , , , ,120820, , , ,1,1,0,0,0,0,0,0,0,0,0,0,1,1,0,0,0,0,0,0,0,0,0,0,0,0,0,0,0,0,0,0,0,0,0,8,0,39.9086,-75.242, ,Philadelphia
 ,9833,2017120593,6,67,67301,2017,10,2,800,8,1,2,1,8,1, , ,N,1,3,0,3,0,1,2,2,N,N,39 59:57.076,75 10:14.224,840, ,832, ,0, ,N, ,3, , , , , ,120821, , , ,1,0,0,0,0,0,1,0,0,0,0,1,1,0,0,0,0,0,0,0,1,0,0,0,0,0,0,0,0,0,0,0,1,0,0,4,0,39.9992,-75.1706, ,Philadelphia
 ,9834,2018005676,6,67,67301,2017,12,2,1918,19,3,1,0,1,1, , ,N,0,0,0,3,0,0,2,2,N,N,39 58:05.647,75 07:48.196,1932, ,1924,1,1,2, , ,0,N, , , , ,120823, , , ,2,1,0,0,0,0,0,1,0,0,0,0,0,0,1,0,0,0,0,0,0,0,0,1,0,0,0,0,0,0,0,0,0,0,0,9,0,39.9682,-75.1301, ,Philadelphia
 ,9835,2018005471,6,67,67301,2017,11,5,931,9,1,1,0,4,1, , ,N,1,2,0,3,0,1,3,2,N, ,40 03:34.337,75 09:55.640,1018, ,950, ,0, ,N, ,3, , , , , ,120824, , , ,2,1,0,0,0,0,1,0,0,0,0,1,1,0,0,0,0,0,0,0,2,0,0,0,0,0,0,0,0,0,0,0,0,0,0,4,0,40.0595,-75.1655, ,Philadelphia
N,9836,2017133788,6,67,67301,2017,12,3,555,5,3,1,0,1,1,1,4,Y,0,0,0,3,0,0,4,4,N,N,39 58:50.860,75 06:14.321,604,45,556,3,1,2, , ,0,N,N,N,N,N,120825,N,N,Y,4,2,0,0,1,0,1,0,0,0,0,0,0,0,0,0,0,0,0,0,0,0,0,1,0,0,0,0,0,0,0,0,0,0,0,0,0,39.9808,-75.104, ,Philadelphia
 ,9837,2018020691,6,67,67301,2017,12,6,1746,17,3,1,0,4,1, , ,N,0,0,7,3,0,0,4,2,N,N,40 01:13.922,75 09:37.987,1746, ,1746, ,0, ,N, ,0, , , , , ,120834, , , ,2,2,0,0,0,0,0,0,0,0,0,0,0,0,0,0,1,0,0,0,0,0,0,0,0,0,0,0,0,0,0,0,0,0,0,0,0,40.0205,-75.1606, ,Philadelphia
 ,9838,2018027558,6,67,67301,2017,12,1,2020,20,3,2,1,8,1, , ,N,2,0,0,3,0,1,2,2,N,N,40 00:25.117,75 06:32.446,2031, ,2030, ,0, ,N, ,0, , , , , ,120835, , , ,1,0,0,0,0,0,1,0,0,0,0,1,1,0,0,0,0,0,0,0,0,1,0,0,0,0,0,0,0,0,0,0,1,0,0,4,0,40.007,-75.109, ,Philadelphia
 ,9839,2018029733,6,67,67301,2017,12,7,9999,99,1,1,0,7,4, , ,N,1,2,0,3,0,0,2,1,N,N,39 57:46.468,75 10:29.035,915, ,910,1,1,4,N, ,3,N, , , , ,120837, , , ,1,1,0,0,0,0,0,0,0,0,0,0,0,0,0,0,0,1,0,0,0,0,0,0,0,0,0,0,0,0,0,0,0,0,0,0,0,39.9629,-75.1747, ,Philadelphia
 ,9840,2017133738,6,67,67301,2017,12,6,1005,10,1,1,0,5,1, , ,N,6,0,2,3,0,1,2,2,N,N,39 57:41.763,75 10:57.486,1012, ,1007, ,0, , , ,0, , , , , ,123568, , , ,2,1,0,0,0,1,0,0,0,0,1,0,1,0,0,0,0,0,0,0,1,0,0,0,0,0,0,0,0,0,0,0,0,0,0,3,1,39.9614,-75.1825, ,Philadelphia
 ,9841,2018020735,6,67,67301,2017,11,3,856,8,1,1,0,8,1, , ,N,1,2,0,3,0,1,2,2,N,N,40 02:18.956,75 08:33.472,916, ,916, ,0, ,N, ,3, , , , , ,123578, , , ,1,1,0,0,0,0,0,0,0,0,0,0,1,1,0,0,0,0,0,0,0,0,0,1,0,0,0,0,0,0,0,0,1,0,0,8,0,40.0386,-75.1426, ,Philadelphia
 ,9842,2017137562,6,67,67301,2017,12,4,1725,17,3,1,0,1,1, , ,N,0,0,0,3,0,1,2,2,N,N,40 02:21.000,75 03:23.200,1735, ,1730, ,0, ,N, ,0, , , , , ,123587, , , ,2,2,0,0,0,0,0,0,0,0,0,0,1,1,0,0,0,0,0,0,0,1,0,1,0,0,0,0,0,0,0,0,0,0,0,8,0,40.0392,-75.0564, ,Philadelphia
 ,9843,2017122824,6,67,67301,2017,10,2,159,1,3,2,1,1,6, , ,N,0,0,0,3,0,0,1,2,N, ,39 58:54.322,75 13:48.865,200, ,159, ,0, , , ,0, , , , , ,123600, , , ,2,2,0,0,0,0,0,0,0,0,0,0,0,0,1,0,0,0,0,0,0,0,0,0,0,0,0,0,0,0,0,0,0,0,0,9,0,39.9818,-75.2302, ,Philadelphia
 ,9844,2018027396,6,67,67301,2017,12,1,2025,20,3,2,1,4,1, , ,N,1,2,0,3,0,1,4,3,N,N,40 02:04.167,75 04:55.991,2045, ,2043, ,0, ,N, ,3, , , , , ,123603, , , ,3,1,0,0,0,0,2,0,0,0,0,1,1,0,1,0,0,0,0,0,0,0,0,0,0,0,0,0,0,0,0,0,0,0,0,4,0,40.0344,-75.0822, ,Philadelphia
 ,9845,2017135082,6,67,67301,2017,11,4,1830,18,1,1,1,8,1, , ,N,1,2,0,3,0,1,2,2,N, ,40 01:55.633,75 08:46.101,1915, ,1908,1,1,1,N, ,3,Y, , , , ,123612, , , ,1,0,0,0,0,0,0,0,0,0,0,1,1,0,1,0,0,0,0,0,0,0,0,0,0,0,0,0,0,0,0,0,1,0,0,4,0,40.0321,-75.1461, ,Philadelphia
 ,9846,2017100635,6,67,67301,2017,9,7,445,4,3,1,0,2,1, , ,N,1,2,0,3,0,3,4,2,N,N,40 00:43.452,75 06:43.833,700, ,600,4,2,1,N, ,3,N, , , , ,123628, , , ,2,1,0,0,0,1,0,0,0,0,0,3,3,0,0,0,0,0,0,0,0,0,0,0,0,0,0,0,0,0,0,0,0,0,0,4,1,40.0121,-75.1122, ,Philadelphia
 ,9847,2018027470,6,67,67301,2017,12,4,1350,13,1,1,0,8,1, , ,N,1,3,0,3,0,1,2,2,N,N,39 58:20.816,75 12:22.255,1412, ,1408, ,0, ,N, ,3, , , , , ,123645, , , ,1,1,0,0,0,0,0,0,0,0,0,1,1,0,0,0,0,0,0,0,0,1,0,0,0,0,0,0,0,0,0,0,1,0,0,4,0,39.9724,-75.2062, ,Philadelphia
 ,9848,2017096494,6,67,67301,2017,8,4,1705,17,1,1,0,4,1, , ,N,1,2,0,3,0,0,2,2,N,N,39 58:14.012,75 08:59.857,1758, ,1755, ,0, , , ,3, , , , , ,123651, , , ,2,1,0,0,1,0,0,0,0,0,0,0,0,0,0,0,0,0,0,0,0,0,0,0,0,0,0,0,0,0,0,0,0,0,0,0,0,39.9704,-75.15, ,Philadelphia
 ,9849,2017127475,6,67,67301,2017,11,5,1403,14,1,1,0,4,1, , ,N,1,2,0,3,0,1,2,2,N,N,40 03:40.050,75 14:10.506,1417, ,1404, ,0, ,N, ,3, , , , , ,123656, , , ,2,0,0,0,0,0,2,0,0,0,0,1,1,0,0,0,0,0,0,0,1,0,0,2,0,0,0,0,0,0,0,0,0,0,0,4,0,40.0616,-75.2366, ,Philadelphia
 ,9850,2018027371,6,67,67301,2017,12,6,920,9,1,1,0,1,1, , ,N,0,0,0,3,0,0,6,3,N,N,40 00:57.754,75 10:33.368,937, ,935,1,2,4,N, ,0,N, , , , ,123658, , , ,3,3,0,0,0,0,0,0,0,0,0,0,0,0,3,0,0,0,0,0,0,0,0,0,0,0,0,0,0,0,0,0,0,0,0,9,0,40.016,-75.1759, ,Philadelphia
 ,9851,2018033731,6,67,67301,2017,6,6,1700,17,1,1,0,4,1, , ,N,0,0,7,3,0,1,2,2,N,N,39 59:40.212,75 05:41.928,0, ,0, ,0, ,N, ,0, , , , , ,123660, , , ,2,1,0,0,0,0,1,0,0,0,0,0,1,1,0,0,0,0,0,0,0,0,0,0,0,0,0,0,0,0,0,0,0,0,0,8,0,39.9945,-75.095, ,Philadelphia
 ,9852,2018029941,6,67,67301,2017,12,7,335,3,2,2,1,5,6, , ,N,0,0,0,3,0,1,1,2,N,N,40 06:55.656,75 01:04.372,345, ,340,1,1,3,N, ,0,N, , , , ,123673, , , ,2,1,0,0,0,0,1,0,0,0,0,0,1,1,0,0,0,0,0,0,0,0,0,0,0,0,0,0,0,0,0,0,0,0,0,8,0,40.1155,-75.0179, ,Philadelphia
 ,9853,2017110888,6,67,67301,2017,10,4,1606,16,1,1,0,1,1, , ,N,7,0,0,3,0,1,4,4,N,N,39 57:34.701,75 10:51.774,1620, ,1609, ,0, , , ,0, , , , , ,123681, , , ,4,2,0,0,0,0,2,0,0,0,0,0,1,1,2,0,0,0,0,0,0,0,0,0,0,0,0,0,0,0,0,0,0,0,0,8,0,39.9591,-75.1807, ,Philadelphia
 ,9854,2017133933,6,67,67301,2017,11,5,1500,15,1,1,0,1,1, , ,N,0,0,7,3,0,1,3,3,N,N,40 05:47.363,75 01:02.762,1516, ,1514, ,0, ,N, ,0, , , , , ,123699, , , ,3,0,0,0,0,0,1,2,0,0,0,1,1,0,0,0,0,0,0,0,0,0,1,0,0,0,0,0,0,0,0,0,0,0,0,4,0,40.0965,-75.0174, ,Philadelphia
 ,9855,2017127324,6,67,67301,2017,11,1,245,2,3,2,1,4,1, , ,N,1,3,0,3,0,2,3,3,N,N,40 04:26.082,75 04:39.292,254, ,246, ,0, ,N, ,3, , , , , ,123707, , , ,3,1,0,0,0,0,2,0,0,0,0,0,2,2,0,0,0,0,0,0,2,0,0,0,0,0,0,0,0,0,0,0,0,0,0,8,0,40.0739,-75.0776, ,Philadelphia
 ,9856,2017127413,6,67,67301,2017,11,1,1920,19,3,1,0,8,1, , ,N,0,0,0,3,0,1,3,2,N,N,40 01:14.655,75 06:48.924,2130, ,1928, ,0, ,N, ,0, , , , , ,123718, , , ,1,0,0,0,0,0,1,0,0,0,0,0,1,1,0,0,0,0,0,0,0,0,0,0,0,0,0,0,0,0,0,0,1,0,0,8,0,40.0207,-75.1136, ,Philadelphia
 ,9857,2017101822,6,67,67301,2017,9,4,1720,17,1,1,8,4,1, , ,N,1,2,0,3,0,1,2,2,N,N,39 58:02.632,75 10:43.087,1745, ,1726, ,0, ,N, ,3, , , , , ,123738, , , ,2,1,0,0,0,0,0,1,0,0,0,1,1,0,0,0,0,0,0,0,1,0,0,0,0,0,0,0,0,0,0,0,0,0,0,4,0,39.9674,-75.1786, ,Philadelphia
 ,9859,2016032055,6,67,67301,2016,3,7,220,2,3,1,0,4,1, , ,N,1,3,0,3,0,6,6,2,N,N,39 56:12.940,75 10:49.285,224, ,224, ,0, ,N, ,3, , , , , ,129160, , , ,2,2,0,0,0,0,0,0,0,0,1,5,6,0,0,0,0,0,0,0,2,0,0,0,0,0,0,0,0,0,0,0,0,0,0,3,0,39.9369,-75.1804, , 
 ,9860,2016050502,6,67,67301,2016,4,4,556,5,1,1,0,1,1, , ,N,0,0,0,3,0,0,3,3,N,N,40 01:08.783,75 02:46.392,616, ,556,2,2,2, , ,0,N, , , , ,129176, , , ,3,2,0,0,0,0,1,0,0,0,0,0,0,0,0,0,0,0,0,1,0,0,0,0,0,0,0,0,0,0,0,0,0,0,0,0,0,40.0191,-75.0462, , 
 ,9861,2016052487,6,67,67301,2016,4,7,152,1,3,1,0,7,2, , ,N,0,0,0,3,0,0,3,1,N,N,39 58:49.232,75 12:19.365,202, ,153, ,0, , , ,0, , , , , ,129179, , , ,1,1,0,0,0,0,0,0,0,0,0,0,0,0,0,0,0,0,0,1,0,0,0,0,0,0,0,0,0,0,0,0,0,0,0,0,0,39.9803,-75.2054, , 
 ,9862,2016052856,6,67,67301,2016,4,6,1325,13,1,1,0,4,1, , ,N,1,3,0,3,0,1,2,2,N,N,39 58:13.936,75 10:22.443,1328, ,1327, ,0, ,N, ,3, , , , , ,129180, , , ,2,2,0,0,0,0,0,0,0,0,0,0,1,1,0,0,0,0,0,0,0,0,0,0,0,0,0,0,0,0,0,0,0,0,0,8,0,39.9705,-75.1729, , 
 ,9863,2016054166,6,67,67301,2016,5,4,1515,15,1,1,0,4,1, , ,N,1,3,0,3,0,1,2,2,N,N,40 01:33.063,75 09:13.561,1705, ,1703, ,0, ,N, ,3, , , , , ,129183, , , ,1,1,0,0,0,0,0,0,1,0,0,1,1,0,0,0,0,0,0,0,0,0,0,0,0,0,0,0,0,0,0,0,0,0,0,4,0,40.0259,-75.1538, , 
 ,9864,2016016564,6,67,67301,2016,1,6,1302,13,1,1,0,5,6, , ,N,0,0,0,3,0,0,1,2,N, ,39 57:14.903,75 11:24.748,1304, ,1304,1,1,3, , ,0,Y, , , , ,129202, , , ,2,0,0,0,0,1,1,0,0,0,0,0,0,0,0,0,0,0,0,0,0,0,1,1,0,0,0,0,0,0,0,0,0,0,0,0,1,39.9541,-75.1902, , 
 ,9865,2016019780,6,67,67301,2016,2,5,9,0,3,1,1,1,6, , ,N,0,0,0,3,0,1,1,3,N,N,40 03:18.648,75 10:50.192,16, ,12, ,0, ,N, ,0, , , , , ,129207, , , ,3,3,0,0,0,0,0,0,0,0,0,1,1,0,0,0,0,0,0,0,0,1,0,0,0,0,0,0,0,0,0,0,0,0,0,4,0,40.0552,-75.1806, , 
 ,9866,2016023948,6,67,67301,2016,2,2,1045,10,1,1,0,1,1, , ,N,0,0,0,3,0,1,2,2,N,N,40 01:37.698,75 01:32.531,1047, ,1045,2,2,2, , ,0,N, , , , ,129212, , , ,2,1,0,0,1,0,0,0,0,0,0,1,1,0,0,0,0,0,0,0,1,0,0,0,0,0,0,0,0,0,0,0,0,0,0,4,0,40.0271,-75.0257, , 
 ,9867,2016041109,6,67,67301,2016,4,2,1528,15,1,1,0,1,2, , ,N,0,0,0,3,0,0,2,2,N,N,39 54:43.811,75 08:55.472,1539, ,1528,1,2,2, , ,0,N, , , , ,129225, , , ,2,1,0,0,0,0,1,0,0,0,0,0,0,0,1,0,0,1,0,0,0,1,0,0,0,0,0,0,0,0,0,0,0,0,0,9,0,39.9122,-75.1487, , 
 ,9868,2016043747,6,67,67301,2016,3,2,2335,23,3,1,0,5,1, , ,N,0,0,0,3,0,1,2,2,N,N,40 01:19.016,75 02:21.280,2351, ,2336,1,2,2, , ,0,N, , , , ,129228, , , ,2,1,0,0,0,1,0,0,0,1,0,0,1,0,0,0,0,0,0,0,1,0,0,0,0,0,0,0,0,0,0,0,0,0,0,2,1,40.0219,-75.0392, , 
 ,9869,2016048658,6,67,67301,2016,4,3,800,8,1,1,0,4,1, , ,N,2,3,0,3,0,1,3,2,N, ,40 01:14.581,75 08:49.603,833, ,833, ,0, , , ,3, , , , , ,129234, , , ,2,1,0,0,0,0,0,1,0,0,0,1,1,0,2,0,0,0,0,0,0,0,0,0,0,0,0,0,0,0,0,0,0,0,0,4,0,40.0207,-75.1471, , 
 ,9870,2016013952,6,67,67301,2016,1,1,20,0,3,2,1,2,1, , ,N,0,0,7,3,0,0,2,2,N,N,40 02:53.025,75 03:34.762,25, ,24, ,0, ,N, ,0, , , , , ,129247, , , ,2,2,0,0,0,0,0,0,0,0,0,0,0,0,0,0,0,1,0,0,1,0,0,1,0,0,0,0,0,0,0,0,0,0,0,0,0,40.0481,-75.0597, , 
 ,9871,2016024850,6,67,67301,2016,2,7,154,1,3,1,0,7,2, , ,N,0,0,0,3,0,0,1,1,N,N,40 03:12.180,74 59:11.927,154, ,154,2,1,2, , ,0,N, , , , ,129258, , , ,1,1,0,0,0,0,0,0,0,0,0,0,0,0,0,0,0,0,0,0,0,0,0,0,0,0,0,0,0,0,0,0,0,0,0,0,0,40.0534,-74.9866, , 
 ,9872,2016040888,6,67,67301,2016,4,3,1320,13,1,1,0,8,1, , ,N,0,0,0,3,0,1,2,2,N,N,40 01:28.596,75 08:54.452,1325, ,1320, ,0, ,N, ,0, , , , , ,129269, , , ,1,1,0,0,0,0,0,0,0,0,0,0,1,1,0,0,0,0,0,0,1,0,0,1,0,0,0,0,0,0,0,0,1,0,0,8,0,40.0246,-75.1485, , 
 ,9873,2016040962,6,67,67301,2016,3,4,1514,15,1,1,0,4,1, , ,N,1,3,0,3,0,3,5,2,N,N,39 57:32.256,75 14:07.331,1536, ,1531, ,0, ,N, ,3, , , , , ,129270, , , ,2,1,0,0,0,0,1,0,0,0,0,3,3,0,0,0,0,0,0,0,0,1,0,0,0,0,0,0,0,0,0,0,0,0,0,4,0,39.959,-75.2354, , 
 ,9874,2016048688,6,67,67301,2016,4,2,815,8,1,1,0,8,1, , ,N,3,3,0,3,0,1,2,2,N,N,40 03:25.264,75 05:35.815,820, ,815, ,0, , , ,3, , , , , ,129280, , , ,1,0,0,0,0,0,1,0,0,0,1,0,1,0,0,0,0,0,0,0,0,0,0,0,0,0,0,0,0,0,0,0,1,0,0,3,0,40.057,-75.0933, , 
 ,9875,2016013877,6,67,67301,2016,1,6,1019,10,1,1,0,4,1, , ,N,1,2,0,3,0,2,3,2,N,N,40 02:25.798,75 03:31.964,1024, ,1019,2,1,2,N, ,3,Y, , , , ,129298, , , ,2,1,0,0,0,0,1,0,0,0,0,2,2,0,0,0,0,0,0,0,1,0,0,0,0,0,0,0,0,0,0,0,0,0,0,4,0,40.0405,-75.0589, , 
 ,9876,2018027356,6,67,67301,2017,12,1,2128,21,3,4,5,4,5, , ,N,0,0,7,3,0,0,2,2,N, ,40 03:48.800,75 01:17.600,2137, ,2135, ,0, ,N, ,0, , , , , ,126772, , , ,2,1,0,0,0,0,1,0,0,0,0,0,0,0,0,0,0,0,0,0,1,0,0,0,0,0,0,0,0,0,0,0,0,0,0,0,0,40.0636,-75.0216, ,Philadelphia
 ,9877,2017110468,6,46,46104,2017,9,7,149,1,3,1,0,1,1, , ,N,2,2,0,3,0,1,3,3,N,N,40 00:14.125,75 13:14.515,154, ,149, ,0, , , ,3, , , , , ,126776, , , ,3,0,0,0,0,0,3,0,0,0,0,1,1,0,0,0,0,0,0,0,0,1,0,0,0,0,0,0,0,0,0,0,0,0,0,4,0,40.0039,-75.2207, ,Montgomery
 ,9878,2017102852,6,67,67301,2017,10,3,1311,13,1,1,0,1,1, , ,N,0,0,0,3,0,1,3,3,N,N,39 57:32.459,75 10:15.344,1339, ,1339,1,2,4, , ,0,Y, , , , ,126783, , , ,3,1,0,0,1,0,0,0,0,0,0,0,1,1,1,0,0,0,0,0,0,0,0,0,0,0,0,0,0,0,0,0,0,0,0,8,0,39.959,-75.1709, ,Philadelphia
 ,9879,2017097859,6,67,67301,2017,9,2,800,8,1,1,0,4,1, , ,N,2,2,0,3,0,0,2,2,N,N,40 02:25.153,75 12:51.058,805, ,803, ,0, ,N, ,3, , , , , ,126797, , , ,2,1,0,0,0,0,0,1,0,0,0,0,0,0,0,0,0,0,0,0,0,1,0,0,0,0,0,0,0,0,0,0,0,0,0,0,0,40.0403,-75.2142, ,Philadelphia
 ,9880,2017101843,6,67,67301,2017,9,3,1355,13,1,1,0,4,1, , ,N,1,3,0,3,0,4,6,2,N,N,39 58:21.403,75 09:39.366,1407, ,1402,1,1,2,N, ,3,N, , , , ,126802, , , ,2,2,0,0,0,0,0,0,0,0,0,0,4,4,2,0,0,0,0,0,0,1,0,0,0,0,0,0,0,0,0,0,0,0,0,8,0,39.9726,-75.1609, ,Philadelphia
 ,9881,2018020714,6,67,67301,2017,10,2,1640,16,1,1,0,6,1, , ,N,0,0,0,3,0,0,3,4,N,N,40 05:16.741,74 58:52.743,1735, ,1727, ,0, ,N, ,0, , , , , ,126822, , , ,4,0,0,0,1,0,2,1,0,0,0,0,0,0,0,0,0,0,0,0,0,1,0,0,0,0,0,0,0,0,0,0,0,0,0,0,0,40.088,-74.9813, ,Philadelphia
 ,9882,2018005529,6,67,67301,2017,11,5,915,9,1,1,0,4,1, , ,N,2,2,0,3,0,2,3,2,N,N,39 59:58.649,75 11:26.101,925, ,923,2,1,1,N, ,3,N, , , , ,126823, , , ,2,2,0,0,0,0,0,0,0,0,0,0,2,2,0,0,0,0,0,0,0,0,0,0,0,0,0,0,0,0,0,0,0,0,0,8,0,39.9996,-75.1905, ,Philadelphia
 ,9883,2017088895,6,67,67301,2017,8,4,1101,11,1,1,0,4,1, , ,N,1,3,0,3,0,2,3,2,N, ,40 04:02.287,75 03:33.217,1150, ,1148, ,0, , , ,3, , , , , ,126826, , , ,2,1,0,0,0,0,1,0,0,0,1,1,2,0,0,0,0,0,0,0,0,0,0,0,0,0,0,0,0,0,0,0,0,0,0,3,0,40.0673,-75.0592, ,Philadelphia
 ,9884,2017086832,6,67,67301,2017,5,5,9999,99,1,1,0,4,1, , ,N,3,0,0,3,0,1,2,2,N, ,39 56:46.203,75 14:19.603,745, ,741, ,0, , , ,0, , , , , ,126827, , , ,1,1,0,0,0,0,0,0,1,0,0,0,1,1,0,0,0,0,0,0,0,0,1,1,0,0,0,0,0,0,0,0,0,0,0,8,0,39.9462,-75.2388, ,Philadelphia
 ,9885,2017133968,6,67,67301,2017,11,3,45,0,3,1,0,4,1, , ,N,1,2,0,3,0,1,2,2,N, ,39 56:40.691,75 10:24.530,55, ,53,1,2,3,N, ,3,Y, , , , ,126847, , , ,1,0,0,0,0,0,1,0,1,0,0,1,1,0,0,0,0,0,0,0,0,0,0,1,0,0,0,0,0,0,0,0,0,0,0,4,0,39.9446,-75.1735, ,Philadelphia
 ,9886,2018020747,6,67,67301,2017,11,2,1515,15,1,1,1,7,4, , ,N,0,0,0,3,0,0,1,1,N,N,40 05:50.793,75 03:29.276,1556, ,1548,2,2,4,Y, ,0,N, , , , ,126850, , , ,1,1,0,0,0,0,0,0,0,0,0,0,0,0,1,0,0,0,0,0,0,0,0,1,0,0,0,0,0,0,0,0,0,0,0,9,0,40.0974,-75.0581, ,Philadelphia