wz_ln_closure,objectid_1,crn,district,county,municipality,crash_year,crash_month,day_of_week,time_of_day,hour_of_day,illumination,weather,road_condition,collision_type,relation_to_road,work_zone_type,work_zone_loc,work_zone_ind,intersect_type,tcd_type,location_type,urban_rural,fatal_count,injury_count,person_count,total_units,sch_bus_ind,sch_zone_ind,latitude,longitude,arrival_tm,cons_zone_spd_lim,dispatch_tm,est_hrs_closed,lane_closed,ln_close_dir,ntfy_hiwy_maint,spec_juris_cd,tcd_func_cd,tfc_detour_ind,workers_pres,wz_close_detour,wz_flagger,wz_law_offcr_ind,objectid,wz_moving,wz_other,wz_shlder_mdn,vehicle_count,automobile_count,motorcycle_count,bus_count,small_truck_count,heavy_truck_count,suv_count,van_count,bicycle_count,maj_inj_count,mod_inj_count,min_inj_count,tot_inj_count,unk_inj_deg_count,unk_inj_per_count,driver_count_16yr,driver_count_17yr,driver_count_18yr,driver_count_19yr,driver_count_20yr,driver_count_50_64yr,driver_count_65_74yr,driver_count_75plus,unbelted_occ_count,unb_death_count,unb_maj_inj_count,belted_death_count,belted_maj_inj_count,mcycle_death_count,mcycle_maj_inj_count,bicycle_death_count,bicycle_maj_inj_count,ped_count,ped_death_count,ped_maj_inj_count,max_severity_level,comm_veh_count,dec_lat,dec_long,rdwy_surf_type_cd,county_name
 ,9887,2017128445,6,67,67301,2017,11,7,1245,12,1,1,0,1,1, , ,N,0,0,0,3,0,0,3,2,N,N,39 57:26.232,75 09:26.830,1248, ,1248,1,1,4, , ,0,N, , , , ,126860, , , ,2,1,0,0,1,0,0,0,0,0,0,0,0,0,0,0,0,0,0,0,1,0,0,0,0,0,0,0,0,0,0,0,0,0,0,0,0,39.9573,-75.1575, ,Philadelphia
 ,9888,2018029759,6,67,67301,2017,12,7,2100,21,3,8,1,7,4, , ,N,0,0,0,3,0,4,4,1,N,N,39 59:13.255,75 05:37.086,2107, ,2103, ,0, ,N, ,0, , , , , ,126871, , , ,1,1,0,0,0,0,0,0,0,0,1,3,4,0,0,0,0,0,1,0,0,0,0,0,0,0,0,0,0,0,0,0,0,0,0,3,0,39.987,-75.0936, ,Philadelphia
 ,9889,2017127986,6,67,67301,2017,11,7,2315,23,3,1,0,5,1, , ,N,0,0,0,3,0,1,3,2,N,N,40 04:08.403,75 00:27.154,2355, ,2346, ,0, ,N, ,0, , , , , ,126882, , , ,2,0,0,0,0,0,1,1,0,0,0,1,1,0,0,0,0,0,0,0,0,0,0,0,0,0,0,0,0,0,0,0,0,0,0,4,0,40.069,-75.0076, ,Philadelphia
 ,9890,2017130663,6,67,67301,2017,11,3,808,8,1,1,0,4,1, , ,N,1,3,0,3,0,1,3,2,N, ,39 58:39.910,75 14:56.921,847, ,836, ,0, ,N, ,3, , , , , ,126888, , , ,2,2,0,0,0,0,0,0,0,0,0,1,1,0,0,0,0,0,0,0,0,0,0,2,0,0,0,0,0,0,0,0,0,0,0,4,0,39.9778,-75.2491, ,Philadelphia
 ,9891,2018020738,6,67,67301,2017,11,4,705,7,1,1,0,8,1, , ,N,1,2,0,3,0,1,2,2,N, ,39 56:57.844,75 10:26.612,725, ,715, ,0, ,N, ,3, , , , , ,126900, , , ,1,0,0,0,1,0,0,0,0,0,0,1,1,0,0,0,0,0,0,0,1,0,0,1,0,0,0,0,0,0,0,0,1,0,0,4,0,39.9494,-75.1741, ,Philadelphia
 ,9892,2018027474,6,67,67301,2017,12,6,1430,14,1,4,3,7,4, , ,N,0,0,0,3,0,0,2,1,N,N,40 01:38.600,75 11:33.700,1445, ,1435, ,0, ,N, ,0, , , , , ,126901, , , ,1,1,0,0,0,0,0,0,0,0,0,0,0,0,0,0,0,0,0,0,0,0,0,0,0,0,0,0,0,0,0,0,0,0,0,0,0,40.0274,-75.1927, ,Philadelphia
 ,9893,2018015778,6,67,67301,2017,11,3,1045,10,1,1,0,1,1, , ,N,1,2,0,3,0,2,3,2,N, ,40 02:17.526,75 04:43.122,1105, ,1101, ,0, ,N, ,3, , , , , ,126902, , , ,2,2,0,0,0,0,0,0,0,0,0,2,2,0,0,0,0,0,0,0,0,0,0,1,0,0,0,0,0,0,0,0,0,0,0,4,0,40.0382,-75.0786, ,Philadelphia
 ,9894,2017128673,6,67,67301,2017,11,6,2208,22,3,1,0,1,1, , ,N,0,0,0,3,0,0,3,3,N,N,39 58:23.970,75 07:13.849,2229, ,2221,2,1,2, , ,0,N, , , , ,120845, , , ,3,3,0,0,0,0,0,0,0,0,0,0,0,0,0,0,0,0,0,0,0,0,0,0,0,0,0,0,0,0,0,0,0,0,0,0,0,39.9733,-75.1205, ,Philadelphia
 ,9895,2017127520,6,67,67301,2017,11,1,310,3,3,2,1,5,6, , ,N,0,0,0,3,0,0,1,3,N,N,39 55:07.500,75 09:50.200,320, ,312, ,0, ,N, ,0, , , , , ,120847, , , ,3,2,0,0,1,0,0,0,0,0,0,0,0,0,1,0,0,0,0,0,0,0,0,0,0,0,0,0,0,0,0,0,0,0,0,9,0,39.9188,-75.1639, ,Philadelphia
 ,9896,2017130598,6,67,67301,2017,9,1,2230,22,3,1,0,5,6, , ,N,0,0,0,3,0,0,3,4,N,N,40 00:05.600,75 13:15.600,2334, ,2324,2,2,4,N, ,0,N, , , , ,120848, , , ,4,4,0,0,0,0,0,0,0,0,0,0,0,0,0,0,0,0,0,0,1,0,0,0,0,0,0,0,0,0,0,0,0,0,0,0,0,40.0016,-75.221, ,Philadelphia
 ,9897,2018005541,6,67,67301,2017,12,2,1214,12,1,1,0,4,1, , ,N,1,3,0,3,0,1,2,2,N,N,39 58:58.648,75 14:54.085,1224, ,1221, ,0, ,N, ,3, , , , , ,120854, , , ,2,0,0,0,0,0,1,1,0,0,0,0,1,1,0,0,0,0,0,0,0,0,2,1,0,0,0,0,0,0,0,0,0,0,0,8,0,39.983,-75.2484, ,Philadelphia
 ,9898,2017127498,6,67,67301,2017,11,4,1039,10,1,1,0,4,1, , ,N,1,3,0,3,0,4,5,2,N,N,40 02:54.711,75 11:19.561,1045, ,1041, ,0, ,N, ,3, , , , , ,120868, , , ,2,2,0,0,0,0,0,0,0,0,0,0,4,4,0,0,0,0,0,0,0,2,0,1,0,0,0,0,0,0,0,0,0,0,0,8,0,40.0485,-75.1888, ,Philadelphia
 ,9899,2017132928,6,67,67301,2017,11,3,2016,20,3,1,0,1,1, , ,N,0,0,0,3,0,2,2,2,N,N,40 01:53.612,75 01:17.490,2021, ,2018,1,2,2, , ,0,N, , , , ,120875, , , ,2,2,0,0,0,0,0,0,0,0,0,1,2,1,0,0,0,0,0,0,0,0,0,0,0,0,0,0,0,0,0,0,0,0,0,4,0,40.0316,-75.0215, ,Philadelphia
 ,9900,2018027364,6,67,67301,2017,12,5,1629,16,1,1,0,4,7, , ,N,2,2,0,3,0,0,8,3,N,N,40 00:51.800,75 12:17.500,1801, ,1625,9,2,1,N, ,9,Y, , , , ,120878, , , ,3,2,0,0,1,0,0,0,0,0,0,0,0,0,0,0,0,0,0,0,1,0,0,0,0,0,0,0,0,0,0,0,0,0,0,0,0,40.0144,-75.2049, ,Philadelphia
 ,9901,2018020692,6,67,67301,2017,12,6,801,8,1,1,0,4,1, , ,N,1,3,0,3,0,0,3,2,N, ,40 02:16.162,75 03:26.661,809, ,801, ,0, ,N, ,3, , , , , ,120897, , , ,2,2,0,0,0,0,0,0,0,0,0,0,0,0,1,0,0,0,0,0,0,0,0,0,0,0,0,0,0,0,0,0,0,0,0,9,0,40.0378,-75.0574, ,Philadelphia
 ,9902,2018027376,6,67,67301,2017,12,1,9999,99,1,4,6,5,6, , ,N,0,0,0,3,0,0,1,4,N,N,39 59:28.100,75 07:11.800,940, ,925,3,2,1,N, ,0,Y, , , , ,120898, , , ,4,2,0,0,1,0,0,1,0,0,0,0,0,0,0,0,0,0,0,0,0,0,0,0,0,0,0,0,0,0,0,0,0,0,0,0,0,39.9911,-75.1199, ,Philadelphia
 ,9903,2017128387,6,67,67301,2017,11,4,941,9,1,1,0,2,1, , ,N,0,0,0,3,0,0,2,2,N,N,39 59:32.033,75 05:08.896,943, ,942, ,0, , , ,0, , , , , ,120913, , , ,2,1,0,0,1,0,0,0,0,0,0,0,0,0,0,0,0,0,0,0,0,0,0,0,0,0,0,0,0,0,0,0,0,0,0,0,0,39.9922,-75.0858, ,Philadelphia
 ,9904,2018011150,6,67,67301,2017,11,4,844,8,1,1,0,0,1, , ,N,0,8,3,3,0,2,2,1,N,N,39 53:16.605,75 12:13.267,853, ,846,2,1,2,N, ,3,N, , , , ,120915, , , ,1,0,0,0,0,0,1,0,0,0,2,0,2,0,0,0,0,0,0,0,0,0,0,0,0,0,0,0,0,0,0,0,0,0,0,3,0,39.8879,-75.2037, ,Philadelphia
 ,9905,2018027580,6,67,67301,2017,12,2,305,3,3,2,1,7,4, , ,N,2,0,0,3,0,0,3,1,N,N,40 00:19.502,75 06:28.871,315, ,311,1,1,3,N, ,0,N, , , , ,120929, , , ,1,1,0,0,0,0,0,0,0,0,0,0,0,0,0,0,0,0,1,0,0,0,0,0,0,0,0,0,0,0,0,0,0,0,0,0,0,40.0054,-75.108, ,Philadelphia
 ,9906,2017130693,6,67,67301,2017,11,5,630,6,1,2,1,2,1, , ,N,0,0,0,3,0,3,4,4,N, ,40 00:58.700,75 12:10.300,924, ,919, ,0, ,N, ,0, , , , , ,120936, , , ,4,1,0,0,0,0,3,0,0,0,0,0,3,3,0,0,0,0,0,0,0,0,0,0,0,0,0,0,0,0,0,0,0,0,0,8,0,40.0163,-75.2029, ,Philadelphia
 ,9907,2017127983,6,67,67301,2017,10,6,645,6,1,1,0,1,1, , ,N,0,2,0,3,0,1,6,3,N,N,40 01:35.566,75 05:52.348,715, ,647,1,1,1,N, ,3,N, , , , ,120938, , , ,3,2,0,0,0,0,0,1,0,0,0,1,1,0,0,0,0,0,1,0,0,0,0,0,0,0,0,0,0,0,0,0,0,0,0,4,0,40.0264,-75.0977, ,Philadelphia
 ,9908,2017137324,6,67,67301,2017,12,7,836,8,1,1,0,1,1, , ,N,0,0,0,3,0,0,2,2,N,N,39 58:45.970,75 06:27.244,836, ,836, ,0, , , ,0, , , , , ,120942, , , ,2,0,0,0,0,0,2,0,0,0,0,0,0,0,0,0,0,0,1,0,0,0,0,0,0,0,0,0,0,0,0,0,0,0,0,0,0,39.9794,-75.1076, ,Philadelphia
 ,9909,2017130627,6,67,67301,2017,11,7,2008,20,3,2,1,4,1, , ,N,2,3,0,3,0,0,2,2,N, ,39 54:32.511,75 14:30.820,2140, ,2140, ,0, , , ,3, , , , , ,120945, , , ,2,2,0,0,0,0,0,0,0,0,0,0,0,0,0,0,0,0,0,0,0,0,0,1,0,0,0,0,0,0,0,0,0,0,0,0,0,39.909,-75.2419, ,Philadelphia
 ,9910,2017130647,6,67,67301,2017,11,4,2000,20,3,1,0,4,1, , ,N,1,2,0,3,0,2,3,2,N,N,39 56:26.293,75 10:16.028,2012, ,2008, ,0, ,N, ,3, , , , , ,120952, , , ,2,0,0,0,0,0,2,0,0,0,0,2,2,0,0,0,0,0,0,0,0,0,0,0,0,0,0,0,0,0,0,0,0,0,0,4,0,39.9406,-75.1711, ,Philadelphia
 ,9911,2018005414,6,67,67301,2017,11,3,1410,14,1,1,0,8,1, , ,N,0,0,0,3,1,0,2,2,N,N,40 02:24.845,75 03:32.986,1421, ,1414,9,1,2,N,0,0,N, , , , ,120971, , , ,1,0,0,0,1,0,0,0,0,0,0,0,0,0,0,0,0,0,0,0,0,0,0,0,0,0,0,0,0,0,0,0,1,1,0,1,0,40.0402,-75.0592,2,Philadelphia
 ,9912,2017127334,6,67,67301,2017,11,3,1841,18,3,1,0,4,1, , ,N,1,3,0,3,0,1,2,4,N,N,40 02:58.452,75 09:19.846,1850, ,1845, ,0, ,N, ,3, , , , , ,123751, , , ,4,3,0,0,0,0,0,1,0,0,0,1,1,0,0,0,0,0,0,0,1,0,0,1,0,0,0,0,0,0,0,0,0,0,0,4,0,40.0496,-75.1555, ,Philadelphia
 ,9913,2017136924,6,67,67301,2017,9,2,816,8,1,1,0,1,1, , ,N,0,8,0,3,0,2,3,2,N,N,39 56:57.100,75 08:29.376,833, ,819, ,0, , , ,3, , , , , ,123756, , , ,2,2,0,0,0,0,0,0,0,0,1,1,2,0,0,0,0,0,0,0,0,0,0,0,0,0,0,0,0,0,0,0,0,0,0,3,0,39.9492,-75.1415, ,Philadelphia
Y,9914,2017137377,6,67,67301,2017,12,4,557,5,3,1,0,7,4,1,8,Y,0,0,0,3,0,1,1,1,N,N,39 58:27.188,75 09:32.062,557,90,557,2,2,2,N, ,0,Y,N, , ,N,123768, , , ,1,1,0,0,0,0,0,0,0,0,0,0,1,1,0,0,0,0,0,0,1,0,0,0,0,0,0,0,0,0,0,0,0,0,0,8,0,39.9742,-75.1589, ,Philadelphia
 ,9915,2018020745,6,67,67301,2017,11,7,2303,23,3,2,1,4,1, , ,N,1,2,0,3,0,0,4,2,N, ,40 07:45.170,75 01:29.764,2315, ,2307,1,1,3,N, ,3,N, , , , ,123772, , , ,2,2,0,0,0,0,0,0,0,0,0,0,0,0,0,0,0,1,0,0,0,1,0,4,0,0,0,0,0,0,0,0,0,0,0,0,0,40.1292,-75.0249, ,Philadelphia
 ,9916,2018020694,6,67,67301,2017,11,5,1751,17,3,1,0,4,1, , ,N,1,2,0,3,0,1,2,2,N,N,40 04:14.015,75 11:04.774,1802, ,1801,9,1,1,N, ,3,N, , , , ,123773, , , ,2,1,0,0,0,0,1,0,0,0,0,0,1,1,1,0,0,0,0,0,0,0,0,0,0,0,0,0,0,0,0,0,0,0,0,8,0,40.0706,-75.1847, ,Philadelphia
 ,9917,2018029920,6,67,67301,2017,12,6,716,7,3,4,3,1,1, , ,N,0,0,0,3,0,0,3,3,N,N,40 01:09.735,75 11:28.552,742, ,738,1,1,2,N, ,0,N, , , , ,123774, , , ,3,2,0,0,0,0,1,0,0,0,0,0,0,0,0,0,0,0,0,0,0,0,0,0,0,0,0,0,0,0,0,0,0,0,0,0,0,40.0194,-75.1913, ,Philadelphia
 ,9918,2017109968,6,67,67301,2017,9,6,935,9,1,1,0,4,1, , ,N,0,0,7,3,0,1,2,2,N,N,40 00:45.262,75 09:01.862,1354, ,940, ,0, ,N, ,0, , , , , ,123777, , , ,2,2,0,0,0,0,0,0,0,0,0,1,1,0,0,0,0,0,0,0,1,0,0,1,0,0,0,0,0,0,0,0,0,0,0,4,0,40.0126,-75.1505, ,Philadelphia
 ,9919,2017130705,6,67,67301,2017,11,2,1850,18,3,1,0,1,1, , ,N,0,0,0,3,0,1,3,2,N,N,39 57:37.964,75 08:48.265,1858, ,1853, ,0, ,N, ,0, , , , , ,123783, , , ,2,2,0,0,0,0,0,0,0,0,0,0,1,1,0,0,0,0,0,0,1,0,0,1,0,0,0,0,0,0,0,0,0,0,0,8,0,39.9605,-75.1467, ,Philadelphia
 ,9920,2017127341,6,67,67301,2017,11,3,1836,18,3,2,1,5,1, , ,N,0,0,0,3,0,1,4,2,N,N,39 53:39.969,75 14:46.962,1856, ,1843, ,0, ,N, ,0, , , , , ,123787, , , ,2,1,0,0,0,0,0,1,0,0,0,0,1,1,0,0,0,0,0,0,2,0,0,0,0,0,0,0,0,0,0,0,0,0,0,8,0,39.8944,-75.2464, ,Philadelphia
 ,9921,2017104842,6,67,67301,2017,10,1,2245,22,3,1,0,1,1, , ,N,0,0,0,3,0,2,2,2,N,N,39 53:58.507,75 09:46.965,2307, ,2258,1,1,1, , ,0,N, , , , ,123825, , , ,2,0,0,0,0,0,2,0,0,0,2,0,2,0,0,0,0,0,0,0,0,0,0,1,0,0,0,0,0,0,0,0,0,0,0,3,0,39.8996,-75.163, ,Philadelphia
 ,9922,2017133993,6,67,67301,2017,11,2,1502,15,1,1,0,5,1, , ,N,0,0,0,3,0,2,3,2,N,N,39 56:38.500,75 13:41.200,1523, ,1516,2,1,2,N, ,0,Y, , , , ,123838, , , ,2,1,0,0,0,0,0,1,0,0,0,2,2,0,0,0,0,0,0,0,0,1,0,0,0,0,0,0,0,0,0,0,0,0,0,4,0,39.944,-75.2281, ,Philadelphia
 ,9923,2017127532,6,67,67301,2017,11,1,40,0,3,2,1,4,1, , ,N,1,2,0,3,0,1,2,2,N,N,40 02:01.052,75 02:48.431,50, ,45, ,0, ,N, ,3, , , , , ,123840, , , ,1,1,0,0,0,0,0,0,1,0,0,1,1,0,0,0,0,0,0,0,0,0,0,1,0,0,0,0,0,0,0,0,0,0,0,4,0,40.0336,-75.0468, ,Philadelphia
 ,9924,2017097209,6,67,67301,2017,9,7,542,5,3,1,0,7,4, , ,N,0,0,2,3,0,0,1,1,N,N,39 54:33.194,75 09:27.205,542, ,542, ,0, ,N, ,0, , , , , ,123868, , , ,1,1,0,0,0,0,0,0,0,0,0,0,0,0,0,0,0,0,0,0,0,0,0,0,0,0,0,0,0,0,0,0,0,0,0,0,0,39.9092,-75.1576, ,Philadelphia
 ,9925,2017122814,6,67,67301,2017,11,4,2105,21,3,1,0,7,4, , ,N,1,2,0,3,0,2,2,1,N,N,40 01:16.570,75 09:36.831,2108, ,2105, ,0, ,N, ,3, , , , , ,123880, , , ,1,0,0,0,0,0,1,0,0,0,0,1,2,1,0,0,0,0,0,0,0,0,0,0,0,0,0,0,0,0,0,0,0,0,0,4,0,40.0213,-75.1602, ,Philadelphia
 ,9926,2018029806,6,67,67301,2017,12,6,1933,19,3,1,0,2,1, , ,N,5,2,0,3,0,1,3,2,N,N,39 55:20.168,75 11:13.400,2003, ,2002, ,0, ,N, ,3, , , , , ,123889, , , ,2,1,0,0,0,0,1,0,0,0,0,1,1,0,0,0,0,0,0,0,0,0,0,0,0,0,0,0,0,0,0,0,0,0,0,4,0,39.9223,-75.1871, ,Philadelphia
 ,9927,2018027582,6,67,67301,2017,12,7,2211,22,2,2,1,7,4, , ,N,1,3,0,3,0,1,1,1,N,N,39 59:49.588,75 12:17.053,2215, ,2211, ,0, ,N, ,3, , , , , ,123893, , , ,1,0,0,0,0,0,1,0,0,1,0,0,1,0,0,0,0,0,0,0,1,0,0,0,0,0,0,0,0,0,0,0,0,0,0,2,0,39.9971,-75.2047, ,Philadelphia
 ,9928,2018027395,6,67,67301,2017,12,1,53,0,3,1,0,4,1, , ,N,2,3,0,3,0,1,3,2,N,N,40 03:01.364,75 03:05.380,59, ,55,1,1,2,N, ,3,N, , , , ,123899, , , ,2,2,0,0,0,0,0,0,0,0,0,1,1,0,0,0,0,0,0,0,0,0,0,0,0,0,0,0,0,0,0,0,0,0,0,4,0,40.0504,-75.0515, ,Philadelphia
 ,9929,2017097839,6,67,67301,2017,8,5,335,3,3,1,0,7,5, , ,N,0,0,0,3,0,0,1,1,N,N,40 01:07.400,75 08:49.800,345, ,337, ,0, ,N, ,0, , , , , ,123900, , , ,1,1,0,0,0,0,0,0,0,0,0,0,0,0,0,0,0,0,0,0,0,0,0,1,0,0,0,0,0,0,0,0,0,0,0,0,0,40.0187,-75.1472, ,Philadelphia
 ,9931,2016033742,6,67,67301,2016,3,5,1111,11,1,1,0,7,4, , ,N,0,0,2,3,0,1,1,1,N,N,39 54:44.488,75 10:26.244,1115, ,1113,1,2,2,N, ,0,N, , , , ,129318, , , ,1,1,0,0,0,0,0,0,0,0,0,1,1,0,0,0,0,0,0,0,0,0,0,0,0,0,0,0,0,0,0,0,0,0,0,4,0,39.9124,-75.174, , 
 ,9932,2016021999,6,67,67301,2016,2,7,1836,18,3,1,0,1,1, , ,N,1,2,0,3,0,1,2,2,N,N,40 01:37.269,75 04:31.638,1843, ,1837, ,0, ,N, ,3, , , , , ,129350, , , ,2,0,0,0,1,0,0,1,0,0,0,1,1,0,0,0,0,0,0,0,0,0,0,0,0,0,0,0,0,0,0,0,0,0,0,4,0,40.027,-75.0755, , 
 ,9933,2016025986,6,67,67301,2016,2,2,1400,14,1,9,0,8,1, , ,N,0,0,0,3,0,1,2,2,N, ,39 57:23.360,75 13:50.278,214, ,1212, ,0, , , ,0, , , , , ,129356, , , ,1,1,0,0,0,0,0,0,0,0,0,1,1,0,0,0,0,0,0,0,0,0,0,1,0,0,0,0,0,0,0,0,1,0,0,4,0,39.9565,-75.2306, , 
 ,9934,2016027706,6,67,67301,2016,3,7,0,0,3,1,0,4,1, , ,N,1,2,0,3,0,2,4,2,N,N,39 58:40.787,75 09:09.269,1, ,0, ,0, ,N, ,3, , , , , ,129358, , , ,2,1,0,0,0,0,1,0,0,2,0,0,2,0,0,0,0,0,1,0,0,0,0,2,0,0,0,1,0,0,0,0,0,0,0,2,0,39.9779,-75.1526, , 
 ,9935,2016036373,6,67,67301,2016,3,4,1,0,3,1,0,8,1, , ,N,1,2,0,3,0,1,2,2,N,N,39 59:48.193,75 06:55.752,43, ,43, ,0, ,N, ,3, , , , , ,129360, , , ,1,0,0,0,0,0,0,0,0,0,0,1,1,0,0,0,0,0,0,0,0,0,0,0,0,0,0,0,0,0,0,0,1,0,0,4,0,39.9967,-75.1155, , 
 ,9936,2016052134,6,67,67301,2016,3,4,1330,13,1,1,0,1,1, , ,N,1,2,0,3,0,2,3,2, , ,40 00:25.981,75 07:24.378,0, ,0, ,0, , , ,3, , , , , ,129374, , , ,2,1,0,0,1,0,0,0,0,0,2,0,2,0,1,0,0,0,0,0,0,0,0,0,0,0,0,0,0,0,0,0,0,0,0,3,0,40.0072,-75.1234, , 
 ,9937,2016052265,6,67,67301,2016,4,6,1600,16,1,2,1,8,1, , ,N,1,2,0,3,0,1,2,2,N,N,40 00:45.346,75 09:39.342,1740, ,1726, ,0, ,N, ,3, , , , , ,129375, , , ,1,1,0,0,0,0,0,0,0,0,0,1,1,0,1,0,0,0,0,0,0,0,0,0,0,0,0,0,0,0,0,0,1,0,0,4,0,40.0126,-75.1609, , 
 ,9938,2016052372,6,67,67301,2016,5,2,1038,10,1,1,0,4,1, , ,N,1,0,0,3,0,1,3,2,N,N,40 01:54.212,75 02:19.573,1105, ,1058,3,1,3,N, ,0,N, , , , ,129376, , , ,2,2,0,0,0,0,0,0,0,0,0,0,1,1,2,0,0,0,0,0,1,0,0,2,0,0,0,0,0,0,0,0,0,0,0,8,0,40.0317,-75.0388, , 
 ,9939,2016040885,6,67,67301,2016,4,7,2015,20,3,1,0,0,1, , ,N,0,0,0,3,0,1,1,2,N, ,39 58:59.127,75 10:32.977,2025, ,2023, ,0, , , ,0, , , , , ,129410, , , ,2,1,1,0,0,0,0,0,0,0,0,0,1,1,0,0,0,0,0,0,0,0,0,0,0,0,0,0,0,0,0,0,0,0,0,8,0,39.9831,-75.1758, , 
 ,9940,2016044519,6,67,67301,2016,4,6,1015,10,1,1,0,7,4, , ,N,0,0,0,3,0,0,1,1,N,N,40 04:58.003,74 58:02.257,1023, ,1018, ,0, , , ,0, , , , , ,129413, , , ,1,0,0,0,0,0,0,1,0,0,0,0,0,0,0,0,0,0,0,0,1,0,0,0,0,0,0,0,0,0,0,0,0,0,0,0,0,40.0828,-74.9673, , 
 ,9941,2016058717,6,67,67301,2016,5,2,1610,16,1,1,0,1,1, , ,N,0,0,0,3,0,1,4,3,N,N,39 58:41.891,75 12:08.860,1616, ,1612, ,0, , , ,0, , , , , ,129423, , , ,3,1,0,0,1,0,1,0,0,0,0,0,1,1,0,0,0,0,0,0,1,0,0,0,0,0,0,0,0,0,0,0,0,0,0,8,0,39.9783,-75.2025, , 
 ,9942,2016013953,6,67,67301,2016,1,1,1338,13,1,2,1,4,1, , ,N,1,2,0,3,0,2,5,2,N,N,39 56:01.291,75 08:44.379,1346, ,1344, ,0, , , ,3, , , , , ,129436, , , ,2,2,0,0,0,0,0,0,0,0,0,2,2,0,0,0,0,0,0,0,1,0,0,0,0,0,0,0,0,0,0,0,0,0,0,4,0,39.9337,-75.1457, , 
 ,9943,2016019865,6,67,67301,2016,2,3,800,8,1,1,0,8,1, , ,N,1,2,0,3,0,1,2,2,N,N,40 01:28.513,75 07:23.473,805, ,800,1,1,2,N, ,3,N, , , , ,129446, , , ,1,0,0,0,1,0,0,0,0,0,1,0,1,0,0,0,0,0,0,0,0,0,0,0,0,0,0,0,0,0,0,0,1,0,0,3,0,40.0246,-75.1232, , 
 ,9944,2016023136,6,67,67301,2016,2,3,1155,11,1,2,1,1,1, , ,N,2,2,0,3,0,1,2,2,N,N,40 05:04.061,75 01:29.192,1200, ,1158,1,1,1,N, ,3,N, , , , ,129448, , , ,2,2,0,0,0,0,0,0,0,0,1,0,1,0,0,0,0,0,0,2,0,0,0,0,0,0,0,0,0,0,0,0,0,0,0,3,0,40.0846,-75.0249, , 
 ,9945,2016041432,6,67,67301,2016,3,5,1018,10,1,1,0,7,4, , ,N,0,0,0,3,0,0,1,1,N,N,40 02:12.431,75 03:51.324,1039, ,1023,1,1,2,N, ,0,N, , , , ,129463, , , ,1,1,0,0,0,0,0,0,0,0,0,0,0,0,1,0,0,0,0,0,0,0,0,0,0,0,0,0,0,0,0,0,0,0,0,9,0,40.0368,-75.0643, , 
 ,9946,2016013717,6,67,67301,2016,1,1,9999,99,3,2,1,4,1, , ,N,1,2,0,3,0,1,3,3,N,N,39 55:20.953,75 09:18.204,9999, ,9999, ,0, , , ,3, , , , , ,129485, , , ,3,3,0,0,0,0,0,0,0,0,0,1,1,0,1,0,0,0,0,1,0,0,0,0,0,0,0,0,0,0,0,0,0,0,0,4,0,39.9225,-75.155, , 
 ,9947,2016053858,6,67,67301,2016,5,6,555,5,1,2,1,7,2, , ,N,0,0,0,3,0,0,1,1,N,N,39 53:13.986,75 12:17.313,619, ,614, ,0, , , ,0, , , , , ,129506, , , ,1,1,0,0,0,0,0,0,0,0,0,0,0,0,0,0,0,0,0,0,0,0,0,0,0,0,0,0,0,0,0,0,0,0,0,0,0,39.8872,-75.2048, , 
 ,9948,2018020703,6,67,67301,2017,10,7,9999,99,3,1,0,1,1, , ,N,2,2,0,3,0,1,4,3,N,N,39 56:42.550,75 08:30.536,325, ,255,3,2,2,N, ,3,Y, , , , ,126903, , , ,3,2,0,0,1,0,0,0,0,0,0,1,1,0,0,0,0,0,0,0,1,0,0,3,0,0,0,0,0,0,0,0,0,0,0,4,0,39.9452,-75.1418, ,Philadelphia
 ,9949,2017128063,6,67,67301,2017,11,3,1015,10,1,1,0,1,6, , ,N,0,0,0,3,0,0,1,2,N, ,39 55:32.286,75 10:46.029,1027, ,1023, ,0, , , ,0, , , , , ,126916, , , ,2,1,0,0,0,0,1,0,0,0,0,0,0,0,0,0,0,0,0,0,0,0,0,1,0,0,0,0,0,0,0,0,0,0,0,0,0,39.9256,-75.1795, ,Philadelphia
 ,9950,2018005418,6,67,67301,2017,11,4,725,7,1,2,1,4,1, , ,N,1,3,0,3,0,2,2,4,N,N,40 01:54.404,75 12:58.359,730, ,726, ,0, ,N, ,3, , , , , ,126931, , , ,4,2,0,0,0,0,1,1,0,0,0,0,2,2,0,0,0,0,0,0,1,0,0,0,0,0,0,0,0,0,0,0,0,0,0,8,0,40.0318,-75.2162, ,Philadelphia
 ,9951,2017086063,6,67,67301,2017,7,6,1038,10,1,2,1,6,1, , ,N,0,0,0,3,0,1,2,2,N,N,40 00:16.228,75 10:31.930,1113, ,1109, ,0, , , ,0, , , , , ,126936, , , ,2,0,0,1,0,0,1,0,0,0,0,1,1,0,0,0,0,0,0,0,0,0,0,0,0,0,0,0,0,0,0,0,0,0,0,4,1,40.0045,-75.1755, ,Philadelphia