wz_ln_closure,objectid_1,crn,district,county,municipality,crash_year,crash_month,day_of_week,time_of_day,hour_of_day,illumination,weather,road_condition,collision_type,relation_to_road,work_zone_type,work_zone_loc,work_zone_ind,intersect_type,tcd_type,location_type,urban_rural,fatal_count,injury_count,person_count,total_units,sch_bus_ind,sch_zone_ind,latitude,longitude,arrival_tm,cons_zone_spd_lim,dispatch_tm,est_hrs_closed,lane_closed,ln_close_dir,ntfy_hiwy_maint,spec_juris_cd,tcd_func_cd,tfc_detour_ind,workers_pres,wz_close_detour,wz_flagger,wz_law_offcr_ind,objectid,wz_moving,wz_other,wz_shlder_mdn,vehicle_count,automobile_count,motorcycle_count,bus_count,small_truck_count,heavy_truck_count,suv_count,van_count,bicycle_count,maj_inj_count,mod_inj_count,min_inj_count,tot_inj_count,unk_inj_deg_count,unk_inj_per_count,driver_count_16yr,driver_count_17yr,driver_count_18yr,driver_count_19yr,driver_count_20yr,driver_count_50_64yr,driver_count_65_74yr,driver_count_75plus,unbelted_occ_count,unb_death_count,unb_maj_inj_count,belted_death_count,belted_maj_inj_count,mcycle_death_count,mcycle_maj_inj_count,bicycle_death_count,bicycle_maj_inj_count,ped_count,ped_death_count,ped_maj_inj_count,max_severity_level,comm_veh_count,dec_lat,dec_long,rdwy_surf_type_cd,county_name
 ,9952,2017120509,6,67,67301,2017,10,7,1115,11,1,1,0,8,1, , ,N,0,0,0,3,0,1,2,2,N,N,39 58:52.017,75 08:54.870,1135, ,1120, ,0, ,N, ,0, , , , , ,126939, , , ,1,0,0,1,0,0,0,0,0,0,0,1,1,0,0,0,0,0,0,0,0,0,0,0,0,0,0,0,0,0,0,0,1,0,0,4,1,39.9811,-75.1486, ,Philadelphia
 ,9953,2018025148,6,67,67301,2017,12,4,2118,21,3,1,0,2,1, , ,N,0,0,3,3,1,6,7,2,N,N,39 58:03.500,75 11:32.000,2120, ,2120,3,2,5,N,0,0,Y, , , , ,126976, , , ,2,2,0,0,0,0,0,0,0,0,6,0,6,0,0,0,0,0,0,0,0,0,0,0,0,0,0,0,0,0,0,0,0,0,0,1,0,39.9676,-75.1922,2,Philadelphia
 ,9954,2017093622,6,67,67301,2017,8,1,9999,99,3,1,0,7,3, , ,N,0,0,0,3,0,1,1,1,N, ,40 07:05.622,74 58:56.677,358, ,351,2,1,2, , ,0,N, , , , ,126984, , , ,1,1,0,0,0,0,0,0,0,0,0,1,1,0,0,0,0,0,0,0,0,0,0,0,0,0,0,0,0,0,0,0,0,0,0,4,0,40.1182,-74.9824, ,Philadelphia
 ,9955,2018028958,6,67,67301,2017,12,5,410,4,3,4,3,4,1, , ,N,1,0,0,3,0,1,1,2,N,N,40 01:41.740,75 04:27.919,420, ,415, ,0, ,N, ,0, , , , , ,127005, , , ,2,0,0,0,0,0,1,1,0,0,0,0,1,1,0,0,0,0,0,0,0,0,0,0,0,0,0,0,0,0,0,0,0,0,0,8,0,40.0283,-75.0744, ,Philadelphia
 ,9956,2018005545,6,67,67301,2017,12,2,850,8,1,1,0,4,1, , ,N,1,2,0,3,0,2,4,2,N, ,39 59:22.398,75 10:08.055,855, ,851, ,0, ,N, ,3, , , , , ,127008, , , ,2,2,0,0,0,0,0,0,0,0,0,1,2,1,0,0,0,0,0,0,0,1,0,0,0,0,0,0,0,0,0,0,0,0,0,4,0,39.9895,-75.1689, ,Philadelphia
 ,9957,2018009814,6,67,67301,2017,12,5,1855,18,2,1,0,1,1, , ,N,0,0,0,3,0,0,3,2,N,N,39 55:00.341,75 08:51.790,1900, ,1858,2,2,2, , ,0,N, , , , ,127028, , , ,2,1,0,0,0,1,0,0,0,0,0,0,0,0,0,0,0,0,0,0,0,0,0,0,0,0,0,0,0,0,0,0,0,0,0,0,1,39.9168,-75.1477, ,Philadelphia
 ,9958,2018027592,6,67,67301,2017,12,4,335,3,3,1,0,5,6, , ,N,0,0,0,3,0,0,1,3,N,N,40 00:54.573,75 09:19.356,344, ,338, ,0, ,N, ,0, , , , , ,127031, , , ,3,2,0,0,0,0,0,0,0,0,0,0,0,0,0,0,0,0,0,0,0,0,0,0,0,0,0,0,0,0,0,0,0,0,0,0,0,40.0152,-75.1554, ,Philadelphia
 ,9959,2018029833,6,67,67301,2017,12,1,241,2,3,2,1,4,1, , ,N,0,0,0,3,0,2,6,2,N,N,39 59:51.742,75 05:19.854,2055, ,2041,2,1,2,N, ,0,N, , , , ,127032, , , ,2,1,0,0,0,0,1,0,0,0,0,2,2,0,1,0,0,0,0,0,0,0,0,1,0,0,0,0,0,0,0,0,0,0,0,4,0,39.9977,-75.0888, ,Philadelphia
 ,9960,2017116113,6,67,67301,2017,10,6,138,1,3,1,0,1,1, , ,N,1,2,0,3,0,2,2,2,N,N,40 00:16.936,75 09:08.069,205, ,200, ,0, ,N, ,3, , , , , ,127041, , , ,2,0,0,0,0,0,2,0,0,0,0,1,2,1,0,0,0,0,0,0,2,0,0,1,0,0,0,0,0,0,0,0,0,0,0,4,0,40.0047,-75.1521, ,Philadelphia
 ,9961,2017122821,6,67,67301,2017,10,2,1753,17,1,1,0,8,1, , ,N,0,0,0,3,0,2,3,3,N,N,39 59:19.383,75 09:20.200,1756, ,1755,1,1,1,N, ,0,N, , , , ,127060, , , ,1,1,0,0,0,0,0,0,0,0,0,2,2,0,0,0,0,0,0,0,0,1,0,0,0,0,0,0,0,0,0,0,2,0,0,4,0,39.9887,-75.1556, ,Philadelphia
 ,9962,2018000734,6,67,67301,2017,11,3,1123,11,1,1,0,7,5, , ,N,0,0,0,3,0,0,1,1,N,N,39 57:49.734,75 08:17.927,1129, ,1129, ,0, , , ,0, , , , , ,127061, , , ,1,1,0,0,0,0,0,0,0,0,0,0,0,0,0,0,0,0,0,0,0,0,0,0,0,0,0,0,0,0,0,0,0,0,0,0,0,39.9638,-75.1383, ,Philadelphia
 ,9963,2018005421,6,67,67301,2017,11,1,2046,20,3,1,0,1,1, , ,N,5,2,0,3,0,1,3,3,N,N,39 59:13.382,75 07:20.404,2047, ,2047,3,1,3,N, ,3,N, , , , ,127063, , , ,3,1,0,0,0,0,1,1,0,0,0,1,1,0,1,0,0,0,0,0,0,0,0,0,0,0,0,0,0,0,0,0,0,0,0,4,0,39.9871,-75.1223, ,Philadelphia
 ,9964,2018030349,6,67,67301,2017,12,2,342,3,3,2,1,7,4, , ,N,1,2,0,3,0,0,1,1,N,N,40 05:41.324,75 03:02.617,344, ,322, ,0, ,N, ,3, , , , , ,127071, , , ,1,0,0,0,1,0,0,0,0,0,0,0,0,0,0,0,0,0,0,0,0,0,0,0,0,0,0,0,0,0,0,0,0,0,0,0,0,40.0948,-75.0507, ,Philadelphia
 ,9965,2018027502,6,67,67301,2017,12,7,1430,14,1,4,1,4,1, , ,N,0,0,7,3,0,1,3,2,N,N,40 01:57.968,75 06:23.759,1456, ,1445, ,0, ,N, ,0, , , , , ,127072, , , ,2,1,0,0,0,0,0,1,0,0,0,1,1,0,1,0,0,1,0,0,0,0,0,0,0,0,0,0,0,0,0,0,0,0,0,4,0,40.0328,-75.1066, ,Philadelphia
 ,9966,2018027399,6,67,67301,2017,12,1,155,1,3,8,6,5,1, , ,N,0,0,0,3,0,0,6,2,N,N,39 54:57.691,75 09:53.086,210, ,157, ,0, ,N, ,0, , , , , ,120991, , , ,2,2,0,0,0,0,0,0,0,0,0,0,0,0,1,0,0,0,0,1,0,0,0,0,0,0,0,0,0,0,0,0,0,0,0,9,0,39.916,-75.1647, ,Philadelphia
 ,9967,2017105860,6,67,67301,2017,9,4,639,6,1,1,0,4,1, , ,N,0,0,7,3,1,0,2,2,N,Y,40 00:25.612,75 10:09.232,640, ,640,3,2,5, ,0,0,Y, , , , ,121001, , , ,2,0,1,0,0,0,1,0,0,0,0,0,0,0,1,0,0,0,0,0,0,0,0,0,0,0,0,0,1,0,0,0,0,0,0,1,0,40.0071,-75.1692,2,Philadelphia
 ,9968,2017120557,6,67,67301,2017,10,6,950,9,1,1,0,1,1, , ,N,2,2,2,3,0,1,2,2,N,N,39 55:52.174,75 08:38.984,1015, ,1003, ,0, ,N, ,3, , , , , ,121018, , , ,2,1,0,0,0,0,1,0,0,0,0,1,1,0,0,0,0,0,0,0,1,0,0,0,0,0,0,0,0,0,0,0,0,0,0,4,0,39.9311,-75.1439, ,Philadelphia
 ,9969,2018030141,6,67,67301,2017,12,6,955,9,1,1,0,4,1, , ,N,1,2,0,3,0,1,2,2,N, ,39 56:43.034,75 09:46.587,1002, ,958,3,2,3,N, ,3,Y, , , , ,121044, , , ,1,0,0,0,0,1,0,0,1,1,0,0,1,0,0,0,0,0,0,0,0,0,0,0,0,0,0,0,0,0,0,1,0,0,0,2,1,39.9453,-75.1629, ,Philadelphia
 ,9970,2017127313,6,67,67301,2017,11,4,1530,15,1,1,0,8,1, , ,N,1,2,0,3,0,1,2,2,Y,Y,39 58:37.434,75 13:47.402,1545, ,1542,1,1,3,N, ,3,Y, , , , ,121050, , , ,1,0,0,1,0,0,0,0,0,0,0,1,1,0,0,0,0,0,0,0,0,0,0,0,0,0,0,0,0,0,0,0,1,0,0,4,1,39.9771,-75.2298, ,Philadelphia
 ,9971,2017137517,6,67,67301,2017,12,1,2305,23,3,1,0,4,1, , ,N,2,3,0,3,0,1,2,3,N,N,40 00:55.112,75 08:49.930,2310, ,2305, ,0, ,N, ,3, , , , , ,121052, , , ,3,2,0,0,0,0,1,0,0,0,0,1,1,0,0,0,0,0,0,0,0,0,0,1,0,0,0,0,0,0,0,0,0,0,0,4,0,40.0153,-75.1472, ,Philadelphia
 ,9972,2018020761,6,67,67301,2017,11,7,1200,12,1,9,8,5,1, , ,N,0,0,0,3,0,1,2,2,N, ,39 57:47.372,75 10:00.134,1615, ,1608, ,0, ,N, ,0, , , , , ,121055, , , ,1,0,0,1,0,0,0,0,1,0,0,1,1,0,0,0,0,0,0,0,0,0,0,0,0,0,0,0,0,0,0,0,0,0,0,4,1,39.9632,-75.1667, ,Philadelphia
 ,9973,2018005556,6,67,67301,2017,12,5,1157,11,1,1,0,4,1, , ,N,2,2,0,3,0,2,3,2,N,N,39 58:28.003,75 12:06.390,9999, ,1239, ,0, ,N, ,3, , , , , ,121058, , , ,2,1,0,0,0,0,0,1,0,0,0,0,2,2,0,0,0,0,0,0,0,0,0,0,0,0,0,0,0,0,0,0,0,0,0,8,0,39.9744,-75.2017, ,Philadelphia
 ,9974,2017120691,6,67,67301,2017,10,5,1600,16,1,1,0,3,1, , ,N,1,0,0,3,0,1,2,2,N, ,40 00:34.869,75 08:30.911,1630, ,1615, ,0, , , ,0, , , , , ,121061, , , ,2,1,0,0,0,0,1,0,0,0,0,0,1,1,0,0,0,0,0,0,0,0,0,1,0,0,0,0,0,0,0,0,0,0,0,8,0,40.0097,-75.1419, ,Philadelphia
 ,9975,2017120620,6,67,67301,2017,10,5,1940,19,3,1,0,1,1, , ,N,0,0,0,3,0,1,2,2,N,N,40 01:01.673,75 11:18.942,1955, ,1947,2,1,2,Y, ,0,N, , , , ,121064, , , ,2,1,0,0,0,0,1,0,0,0,0,0,1,1,1,0,0,0,0,0,0,0,0,0,0,0,0,0,0,0,0,0,0,0,0,8,0,40.0171,-75.1886, ,Philadelphia
 ,9976,2017093553,6,67,67301,2017,8,3,1215,12,1,1,0,1,1, , ,N,1,2,0,3,0,2,5,3,N, ,39 55:17.939,75 14:33.701,1235, ,1224, ,0, , , ,3, , , , , ,121068, , , ,3,3,0,0,0,0,0,0,0,0,0,2,2,0,1,0,0,0,0,0,1,0,0,1,0,0,0,0,0,0,0,0,0,0,0,4,0,39.9216,-75.2427, ,Philadelphia
 ,9977,2017127332,6,67,67301,2017,11,1,1155,11,1,1,0,4,1, , ,N,1,3,0,3,0,1,4,2,N,N,39 58:18.958,75 14:06.925,1210, ,1205, ,0, ,N, ,3, , , , , ,121077, , , ,2,2,0,0,0,0,0,0,0,0,0,1,1,0,3,0,0,0,0,1,0,0,0,0,0,0,0,0,0,0,0,0,0,0,0,4,0,39.9719,-75.2353, ,Philadelphia
 ,9978,2017137551,6,67,67301,2017,12,2,1320,13,1,1,0,4,1, , ,N,0,0,7,3,0,1,2,2,N,N,40 01:00.446,75 07:00.384,1600, ,1557, ,0, ,N, ,0, , , , , ,121081, , , ,2,0,0,0,0,0,2,0,0,0,0,1,1,0,0,0,0,0,0,0,0,1,0,1,0,0,0,0,0,0,0,0,0,0,0,4,0,40.0168,-75.1168, ,Philadelphia
 ,9979,2017137552,6,67,67301,2017,11,5,1915,19,3,1,0,4,1, , ,N,1,3,0,3,0,0,4,2,N,N,40 01:26.608,75 12:34.369,1950, ,1944, ,0, ,N, ,3, , , , , ,121082, , , ,2,1,0,0,0,0,1,0,0,0,0,0,0,0,0,0,0,0,0,0,0,0,0,4,0,0,0,0,0,0,0,0,0,0,0,0,0,40.0241,-75.2095, ,Philadelphia
 ,9980,2018030138,6,67,67301,2017,12,4,1500,15,1,1,0,5,1, , ,N,0,0,0,3,0,1,2,2,N,N,39 58:44.100,75 09:40.300,1845, ,1845, ,0, ,N, ,0, , , , , ,121093, , , ,2,2,0,0,0,0,0,0,0,0,0,1,1,0,0,0,0,0,0,0,0,0,0,0,0,0,0,0,0,0,0,0,0,0,0,4,0,39.9789,-75.1612, ,Philadelphia
 ,9981,2017127443,6,67,67301,2017,11,7,1706,17,3,1,0,4,1, , ,N,1,3,0,3,0,2,3,2,N, ,39 55:42.563,75 10:42.988,1715, ,1709, ,0, , , ,3, , , , , ,121101, , , ,2,2,0,0,0,0,0,0,0,0,0,0,2,2,0,0,0,0,0,0,0,0,0,0,0,0,0,0,0,0,0,0,0,0,0,8,0,39.9285,-75.1786, ,Philadelphia
 ,9982,2018028852,6,67,67301,2017,12,7,919,9,1,8,5,4,1, , ,N,1,3,0,3,0,0,2,2,N,N,39 59:35.462,75 06:24.912,939, ,939,2,1,7,N, ,3,Y, , , , ,121107, , , ,2,0,0,0,0,1,1,0,0,0,0,0,0,0,0,0,0,0,0,0,0,0,0,0,0,0,0,0,0,0,0,0,0,0,0,0,1,39.9932,-75.1069, ,Philadelphia
 ,9983,2017105986,6,67,67301,2017,9,5,20,0,3,1,1,4,1, , ,N,1,2,0,3,0,1,3,2,N,N,40 02:40.890,75 03:16.537,103, ,20,1,1,6,N, ,3,N, , , , ,123905, , , ,2,0,0,0,0,0,2,0,0,0,0,1,1,0,0,0,0,0,0,0,0,0,0,0,0,0,0,0,0,0,0,0,0,0,0,4,0,40.0446,-75.0547, ,Philadelphia
 ,9984,2017133956,6,67,67301,2017,11,1,1124,11,1,1,0,8,1, , ,N,0,7,0,3,0,1,2,2,N,N,40 03:11.200,75 03:41.300,1124, ,1124,2,2,5,N, ,3,N, , , , ,123909, , , ,1,1,0,0,0,0,0,0,0,0,0,0,1,1,0,0,0,0,0,0,0,0,1,0,0,0,0,0,0,0,0,0,1,0,0,8,0,40.0531,-75.0615, ,Philadelphia
 ,9985,2017131107,6,67,67301,2017,11,7,1849,18,3,2,1,1,1, , ,N,0,0,0,3,0,0,3,3,N,N,39 57:30.956,75 10:07.043,1912, ,1856, ,0, , , ,0, , , , , ,123919, , , ,3,2,0,0,0,0,1,0,0,0,0,0,0,0,0,0,0,0,0,0,0,0,0,0,0,0,0,0,0,0,0,0,0,0,0,0,0,39.9586,-75.1686, ,Philadelphia
 ,9986,2017128054,6,67,67301,2017,11,2,1615,16,4,1,0,1,1, , ,N,0,0,0,3,0,0,2,2,N,N,40 06:13.000,75 01:49.300,1625, ,1621, ,0, ,N, ,0, , , , , ,123925, , , ,2,1,0,0,0,1,0,0,0,0,0,0,0,0,0,0,0,0,0,0,2,0,0,0,0,0,0,0,0,0,0,0,0,0,0,0,1,40.1036,-75.0304, ,Philadelphia
 ,9987,2018015771,6,67,67301,2017,11,2,1352,13,1,1,0,8,1, , ,N,1,2,0,3,0,1,2,2,N,N,40 02:39.090,75 09:45.870,1355, ,1352, ,0, ,N, ,3, , , , , ,123932, , , ,1,1,0,0,0,0,0,0,0,0,0,0,1,1,0,0,0,0,0,0,0,0,0,0,0,0,0,0,0,0,0,0,1,0,0,8,0,40.0442,-75.1627, ,Philadelphia
 ,9988,2017097977,6,67,67301,2017,9,1,952,9,1,1,0,4,1, , ,N,1,2,0,3,0,1,4,2,N,N,40 00:11.036,75 09:51.468,959, ,952, ,0, ,N, ,3, , , , , ,123933, , , ,2,1,0,0,0,0,1,0,0,0,0,1,1,0,0,0,0,0,0,0,0,1,0,0,0,0,0,0,0,0,0,0,0,0,0,4,0,40.0031,-75.1643, ,Philadelphia
 ,9989,2017127540,6,67,67301,2017,11,4,1141,11,1,1,0,4,1, , ,N,1,3,0,3,0,1,2,2,N,N,40 00:42.433,75 06:35.974,1149, ,1143, ,0, ,N, ,3, , , , , ,123948, , , ,2,1,0,0,1,0,0,0,0,0,0,1,1,0,0,0,0,0,0,0,0,0,0,0,0,0,0,0,0,0,0,0,0,0,0,4,0,40.0118,-75.11, ,Philadelphia
 ,9990,2018005542,6,67,67301,2017,12,6,845,8,1,1,0,4,1, , ,N,0,0,0,3,0,0,2,2,N,N,39 58:34.500,75 09:48.200,852, ,848,2,2,2,N, ,0,Y, , , , ,123952, , , ,2,2,0,0,0,0,0,0,0,0,0,0,0,0,0,0,0,1,0,0,0,0,0,0,0,0,0,0,0,0,0,0,0,0,0,0,0,39.9763,-75.1634, ,Philadelphia
 ,9991,2018028729,6,67,67301,2017,12,7,551,5,3,4,0,5,1, , ,N,2,0,0,3,0,2,3,2,N,N,39 57:05.909,75 14:56.616,552, ,551, ,0, ,N, ,0, , , , , ,123955, , , ,2,1,0,0,0,0,0,0,0,0,0,0,2,2,1,0,0,0,0,0,0,0,0,0,0,0,0,0,0,0,0,0,0,0,0,8,0,39.9516,-75.2491, ,Philadelphia
 ,9992,2017110879,6,67,67301,2017,10,1,1053,10,1,2,1,1,1, , ,N,6,0,2,3,0,0,2,2,N,N,39 56:57.647,75 11:03.883,1121, ,1102,1,1,4, , ,0,N, , , , ,123956, , , ,2,2,0,0,0,0,0,0,0,0,0,0,0,0,0,0,0,0,0,0,0,0,0,0,0,0,0,0,0,0,0,0,0,0,0,0,0,39.9487,-75.1855, ,Philadelphia
 ,9993,2017131682,6,67,67301,2017,12,3,900,9,1,1,0,4,1, , ,N,1,3,0,3,0,0,2,2,N,N,39 58:40.814,75 09:49.600,1402, ,1400, ,0, ,N, ,3, , , , , ,123967, , , ,2,2,0,0,0,0,0,0,0,0,0,0,0,0,0,0,0,0,0,0,1,0,0,0,0,0,0,0,0,0,0,0,0,0,0,0,0,39.978,-75.1638, ,Philadelphia
 ,9994,2017120516,6,67,67301,2017,11,4,1729,17,1,1,0,4,1, , ,N,2,3,0,3,0,1,2,2,N,N,39 58:39.829,75 13:35.313,1731, ,1731, ,0, ,N, ,3, , , , , ,123972, , , ,1,0,0,0,0,0,0,1,1,0,0,1,1,0,0,0,0,0,0,0,1,0,0,1,0,0,0,0,0,0,0,0,0,0,0,4,0,39.9777,-75.2264, ,Philadelphia
 ,9995,2018005535,6,67,67301,2017,12,7,2320,23,3,1,0,5,1, , ,N,0,0,0,3,0,0,3,3,N,N,39 54:12.822,75 14:23.875,2330, ,2322, ,0, ,N, ,0, , , , , ,123983, , , ,3,1,0,0,0,0,2,0,0,0,0,0,0,0,1,0,0,0,0,0,0,0,0,0,0,0,0,0,0,0,0,0,0,0,0,9,0,39.9036,-75.24, ,Philadelphia
 ,9996,2018020766,6,67,67301,2017,12,4,141,1,3,2,1,7,4, , ,N,0,0,0,3,0,0,1,1,N,N,40 04:04.400,75 09:33.900,210, ,150, ,0, ,N, ,0, , , , , ,123984, , , ,1,1,0,0,0,0,0,0,0,0,0,0,0,0,1,0,0,0,0,0,0,0,0,0,0,0,0,0,0,0,0,0,0,0,0,9,0,40.0679,-75.1594, ,Philadelphia
 ,9997,2017096474,6,67,67301,2017,8,2,2220,22,3,1,0,1,1, , ,N,1,2,0,3,0,2,3,2,N,N,40 03:40.446,75 05:00.751,1204, ,2356, ,0, ,N, ,3, , , , , ,123990, , , ,2,1,0,0,0,0,1,0,0,0,0,2,2,0,1,0,0,0,0,0,0,0,0,0,0,0,0,0,0,0,0,0,0,0,0,4,0,40.0612,-75.0835, ,Philadelphia
 ,9998,2017120542,6,67,67301,2017,10,2,845,8,1,1,0,1,1, , ,N,1,2,0,3,0,2,3,3,Y,N,39 54:14.563,75 14:24.409,855, ,850,3,1,1,N, ,3,N, , , , ,123997, , , ,3,1,0,1,0,0,1,0,0,0,0,0,2,2,0,0,0,0,0,0,2,1,0,0,0,0,0,0,0,0,0,0,0,0,0,8,1,39.904,-75.2401, ,Philadelphia
 ,9999,2017105906,6,67,67301,2017,9,3,950,9,1,1,0,5,6, , ,N,0,0,0,3,0,1,1,3,N,N,40 02:39.894,75 11:14.618,1001, ,1000,1,1,4,N, ,0,Y, , , , ,124000, , , ,3,3,0,0,0,0,0,0,0,0,0,1,1,0,0,0,0,0,0,0,0,0,0,0,0,0,0,0,0,0,0,0,0,0,0,4,0,40.0444,-75.1874, ,Philadelphia
 ,10000,2017105865,6,67,67301,2017,9,4,1018,10,1,1,0,5,1, , ,N,0,0,0,3,0,1,2,2,N,N,39 57:55.315,75 11:30.669,1035, ,1029, ,0, ,N, ,0, , , , , ,124001, , , ,1,1,0,0,0,0,0,0,1,0,0,1,1,0,0,0,0,0,0,0,0,0,0,1,0,0,0,0,0,0,0,0,0,0,0,4,0,39.9654,-75.1919, ,Philadelphia
 ,10001,2016065728,6,67,67301,2016,6,2,1430,14,1,1,0,8,1, , ,N,1,2,0,3,0,1,2,2,N, ,39 56:15.342,75 09:52.613,1448, ,9999, ,0, , , ,3, , , , , ,129513, , , ,1,1,0,0,0,0,0,0,0,0,0,1,1,0,0,0,0,0,0,0,1,0,0,0,0,0,0,0,0,0,0,0,1,0,0,4,0,39.9376,-75.1646, , 
 ,10002,2016031069,6,67,67301,2016,2,3,1855,18,4,2,1,5,1, , ,N,0,0,0,3,0,1,3,3,N,N,39 54:25.331,75 11:37.423,1905, ,1900, ,0, ,N, ,0, , , , , ,129549, , , ,3,3,0,0,0,0,0,0,0,0,0,1,1,0,0,0,0,0,0,0,0,0,0,0,0,0,0,0,0,0,0,0,0,0,0,4,0,39.907,-75.1937, , 
 ,10003,2016033770,6,67,67301,2016,2,6,2104,21,3,1,0,4,1, , ,N,1,3,0,3,0,2,2,2,N, ,40 01:26.947,75 09:25.369,2125, ,2115, ,0, , , ,3, , , , , ,129551, , , ,2,0,0,0,0,0,1,1,0,0,0,1,2,1,0,0,0,0,0,0,0,0,0,1,0,0,0,0,0,0,0,0,0,0,0,4,0,40.0242,-75.157, , 
 ,10004,2016041040,6,67,67301,2016,4,7,2310,23,3,1,0,4,1, , ,N,1,3,0,3,0,2,2,2,N,N,39 59:24.889,75 06:15.537,2344, ,2326, ,0, ,N, ,3, , , , , ,129558, , , ,2,1,0,0,0,0,1,0,0,0,0,2,2,0,0,0,0,0,0,0,0,0,0,0,0,0,0,0,0,0,0,0,0,0,0,4,0,39.9902,-75.1043, , 
 ,10005,2016047045,6,67,67301,2016,4,5,1520,15,1,1,0,4,1, , ,N,1,2,0,3,0,2,3,3,N,N,39 58:14.012,75 08:59.857,1525, ,1523,1,2,3, , ,3,Y, , , , ,129562, , , ,2,1,0,0,0,0,1,0,0,0,1,1,2,0,0,0,0,0,0,0,1,0,0,0,0,0,0,0,0,0,0,0,1,0,0,3,0,39.9704,-75.15, , 
 ,10006,2016052438,6,67,67301,2016,5,7,2247,22,3,1,0,1,1, , ,N,2,2,0,3,0,1,3,3,N,N,39 58:56.288,75 15:51.758,2250, ,2247, ,0, ,N, ,2, , , , , ,129567, , , ,3,2,0,0,0,0,1,0,0,0,1,0,1,0,0,0,0,0,0,1,0,0,0,0,0,0,0,0,0,0,0,0,0,0,0,3,0,39.9823,-75.2644, , 
 ,10007,2016007870,6,67,67301,2016,1,5,1243,12,1,1,0,1,1, , ,N,0,0,0,3,0,0,2,2,N,N,39 57:56.942,75 11:11.478,1251, ,1248, ,0, , , ,0, , , , , ,129578, , , ,2,1,0,0,0,1,0,0,0,0,0,0,0,0,0,0,0,0,0,0,0,0,0,0,0,0,0,0,0,0,0,0,0,0,0,0,1,39.9658,-75.1865, , 
 ,10008,2016014420,6,67,67301,2016,1,5,1900,19,2,1,0,1,2, , ,N,0,0,7,3,0,0,2,2,N,N,40 04:07.682,75 00:23.819,1920, ,1914, ,0, ,N, ,0, , , , , ,129584, , , ,2,1,0,0,0,0,1,0,0,0,0,0,0,0,0,0,0,0,0,0,0,0,0,0,0,0,0,0,0,0,0,0,0,0,0,0,0,40.0688,-75.0066, , 
 ,10009,2016017031,6,67,67301,2016,1,3,540,5,5,2,1,8,1, , ,N,0,0,0,3,0,1,2,2,N,N,40 03:23.251,75 08:58.097,548, ,541, ,0, ,N, ,0, , , , , ,129587, , , ,1,1,0,0,0,0,0,0,0,0,0,0,1,1,0,0,0,0,0,0,0,0,0,0,0,0,0,0,0,0,0,0,1,0,0,8,0,40.0565,-75.1495, , 
 ,10010,2016045732,6,67,67301,2016,4,7,726,7,1,1,0,7,4, , ,N,0,0,0,3,0,0,2,1,N, ,40 02:15.300,75 04:14.700,733, ,728,9,2,7, , ,0,Y, , , , ,129616, , , ,1,0,0,0,0,0,0,1,0,0,0,0,0,0,0,0,0,0,0,0,0,0,0,0,0,0,0,0,0,0,0,0,0,0,0,0,0,40.0376,-75.0708, , 
 ,10011,2016032115,6,67,67301,2016,3,5,1730,17,2,1,0,2,1, , ,N,1,3,0,3,0,1,3,3,N, ,40 02:32.251,75 04:07.849,2055, ,2047, ,0, , , ,3, , , , , ,129643, , , ,3,3,0,0,0,0,0,0,0,0,0,0,1,1,0,0,0,0,0,0,0,0,0,0,0,0,0,0,0,0,0,0,0,0,0,8,0,40.0423,-75.0688, , 
 ,10012,2016041100,6,67,67301,2016,3,4,1418,14,1,1,0,5,1, , ,N,0,0,0,3,0,1,2,2,N,N,39 59:02.721,75 05:46.603,1419, ,1418,1,1,1, , ,0,N, , , , ,129649, , , ,2,1,0,0,0,1,0,0,0,0,1,0,1,0,0,0,0,0,0,0,0,0,0,0,0,0,0,0,0,0,0,0,0,0,0,3,1,39.9841,-75.0963, , 
 ,10013,2016044505,6,67,67301,2016,4,6,2250,22,3,1,0,8,1, , ,N,1,2,0,3,0,1,2,2,N,N,40 02:39.088,75 09:45.868,2250, ,2250,1,2,2,N, ,3,Y, , , , ,129652, , , ,1,1,0,0,0,0,0,0,0,0,0,1,1,0,0,0,0,0,0,0,0,0,0,1,0,0,0,0,0,0,0,0,1,0,0,4,0,40.0442,-75.1627, , 
 ,10014,2016053691,6,67,67301,2016,5,5,1812,18,1,1,0,1,1, , ,N,1,2,0,3,0,1,2,2,N,N,40 01:32.331,75 07:20.187,1821, ,1816,1,1,3,N, ,3,N, , , , ,129661, , , ,2,1,0,0,1,0,0,0,0,0,0,0,1,1,0,0,0,0,0,0,1,0,0,0,0,0,0,0,0,0,0,0,0,0,0,8,0,40.0256,-75.1223, , 
 ,10015,2016053778,6,67,67301,2016,5,1,956,9,1,2,1,6,1, , ,N,0,0,0,3,0,0,4,2,N,N,40 03:47.387,75 12:01.580,1004, ,959,2,1,4,N, ,0,N, , , , ,129662, , , ,2,0,0,0,0,0,2,0,0,0,0,0,0,0,0,0,0,0,0,0,0,0,0,0,0,0,0,0,0,0,0,0,0,0,0,0,0,40.0632,-75.2004, , 
 ,10016,2016022047,6,67,67301,2016,2,3,832,8,3,4,1,8,1, , ,N,0,0,0,3,0,1,2,2,N, ,40 00:20.995,75 05:48.256,2034, ,2034, ,0, , , ,0, , , , , ,129683, , , ,1,0,0,0,0,0,1,0,0,0,0,1,1,0,0,0,0,0,0,0,0,0,0,1,0,0,0,0,0,0,0,0,1,0,0,4,0,40.0058,-75.0967, , 