wz_ln_closure,objectid_1,crn,district,county,municipality,crash_year,crash_month,day_of_week,time_of_day,hour_of_day,illumination,weather,road_condition,collision_type,relation_to_road,work_zone_type,work_zone_loc,work_zone_ind,intersect_type,tcd_type,location_type,urban_rural,fatal_count,injury_count,person_count,total_units,sch_bus_ind,sch_zone_ind,latitude,longitude,arrival_tm,cons_zone_spd_lim,dispatch_tm,est_hrs_closed,lane_closed,ln_close_dir,ntfy_hiwy_maint,spec_juris_cd,tcd_func_cd,tfc_detour_ind,workers_pres,wz_close_detour,wz_flagger,wz_law_offcr_ind,objectid,wz_moving,wz_other,wz_shlder_mdn,vehicle_count,automobile_count,motorcycle_count,bus_count,small_truck_count,heavy_truck_count,suv_count,van_count,bicycle_count,maj_inj_count,mod_inj_count,min_inj_count,tot_inj_count,unk_inj_deg_count,unk_inj_per_count,driver_count_16yr,driver_count_17yr,driver_count_18yr,driver_count_19yr,driver_count_20yr,driver_count_50_64yr,driver_count_65_74yr,driver_count_75plus,unbelted_occ_count,unb_death_count,unb_maj_inj_count,belted_death_count,belted_maj_inj_count,mcycle_death_count,mcycle_maj_inj_count,bicycle_death_count,bicycle_maj_inj_count,ped_count,ped_death_count,ped_maj_inj_count,max_severity_level,comm_veh_count,dec_lat,dec_long,rdwy_surf_type_cd,county_name
 ,10080,2018027443,6,67,67301,2017,12,3,1020,10,1,1,0,5,6, , ,N,0,0,0,3,0,2,3,2,N, ,40 03:03.500,75 11:00.300,1030, ,1023, ,0, ,N, ,0, , , , , ,104895, , , ,2,0,0,0,1,0,1,0,0,0,0,2,2,0,0,0,0,0,0,0,0,0,0,1,0,0,0,0,0,0,0,0,0,0,0,4,0,40.051,-75.1834, ,Philadelphia
 ,10081,2018027510,6,67,67301,2017,12,2,538,5,3,1,1,7,4, , ,N,0,0,0,3,0,1,1,1,N,N,40 00:36.300,75 10:27.200,548, ,541, ,0, ,N, ,0, , , , , ,104896, , , ,1,0,0,0,0,0,1,0,0,0,0,1,1,0,0,0,0,0,0,0,1,0,0,0,0,0,0,0,0,0,0,0,0,0,0,4,0,40.0101,-75.1742, ,Philadelphia
 ,10082,2018034726,6,67,67301,2017,6,5,1800,18,1,1,0,3,1, , ,N,1,0,0,3,0,1,2,2,N,N,40 04:13.292,75 09:48.384,0, ,0, ,0, ,N, ,0, , , , , ,104918, , , ,2,0,0,0,0,0,1,0,0,0,0,1,1,0,0,0,0,0,0,0,0,0,0,0,0,0,0,0,0,0,0,0,0,0,0,4,0,40.0704,-75.1634, ,Philadelphia
 ,10083,2017137340,6,67,67301,2017,12,1,711,7,1,1,0,1,1, , ,N,0,0,0,3,0,1,3,3,N,N,39 54:05.326,75 09:07.428,717, ,712,3,1,1, , ,0,N, , , , ,104920, , , ,3,2,0,0,0,0,1,0,0,0,0,0,1,1,0,0,0,0,1,0,1,0,0,0,0,0,0,0,0,0,0,0,0,0,0,8,0,39.9015,-75.1521, ,Philadelphia
 ,10084,2018027559,6,67,67301,2017,12,1,405,4,3,1,0,7,4, , ,N,0,0,0,3,0,1,1,1,N,N,39 58:47.106,75 06:27.172,410, ,404,1,1,1,N, ,0,N, , , , ,104932, , , ,1,1,0,0,0,0,0,0,0,0,0,1,1,0,0,0,0,0,0,0,0,0,0,0,0,0,0,0,0,0,0,0,0,0,0,4,0,39.9798,-75.1075, ,Philadelphia
 ,10085,2018020750,6,67,67301,2017,11,1,2007,20,3,1,0,8,1, , ,N,0,0,0,3,0,1,3,2,N,N,40 04:03.297,75 01:43.301,2020, ,2011,2,2,3,N, ,0,N, , , , ,104965, , , ,1,1,0,0,0,0,0,0,0,0,1,0,1,0,0,0,0,0,0,0,0,0,0,0,0,0,0,0,0,0,0,0,1,0,0,3,0,40.0675,-75.0285, ,Philadelphia
 ,10086,2018029822,6,67,67301,2017,12,5,1538,15,1,1,0,4,1, , ,N,0,0,0,3,0,0,2,2,N,N,39 54:27.456,75 09:04.432,1600, ,1542, ,0, ,N, ,0, , , , , ,104968, , , ,2,0,0,0,0,0,1,1,0,0,0,0,0,0,0,0,0,0,0,0,1,0,0,2,0,0,0,0,0,0,0,0,0,0,0,0,0,39.9076,-75.1512, ,Philadelphia
 ,10087,2018005506,6,67,67301,2017,12,6,1736,17,3,1,0,5,1, , ,N,0,0,0,3,0,1,3,2,N,N,40 02:18.324,75 02:11.131,1736, ,1736, ,0, ,N, ,0, , , , , ,104969, , , ,2,0,0,1,1,0,0,0,0,0,1,0,1,0,0,0,0,0,0,0,1,0,0,1,0,0,0,0,0,0,0,0,0,0,0,3,1,40.0384,-75.0364, ,Philadelphia
 ,10088,2017122823,6,67,67301,2017,10,3,1328,13,1,1,0,5,6, , ,N,0,0,0,3,0,0,1,3,N,N,39 58:11.100,75 13:49.500,1419, ,1408, ,0, ,N, ,0, , , , , ,104979, , , ,3,3,0,0,0,0,0,0,0,0,0,0,0,0,0,0,0,0,0,0,0,0,0,1,0,0,0,0,0,0,0,0,0,0,0,0,0,39.9698,-75.2304, ,Philadelphia
 ,10089,2017109818,6,67,67301,2017,4,1,15,0,3,1,0,1,1, , ,N,1,2,0,3,0,0,2,2,N,N,40 01:23.700,75 04:36.637,15, ,15, ,0, ,N, ,3, , , , , ,104990, , , ,2,1,0,0,0,0,0,1,0,0,0,0,0,0,0,0,0,0,0,0,0,0,0,0,0,0,0,0,0,0,0,0,0,0,0,0,0,40.0233,-75.0768, ,Philadelphia
 ,10090,2017124757,6,67,67301,2017,11,2,740,7,1,1,0,1,1, , ,N,0,0,8,3,0,0,2,2,N,N,39 57:11.584,75 08:28.183,758, ,743, ,0, ,N, ,0, , , , , ,104993, , , ,2,2,0,0,0,0,0,0,0,0,0,0,0,0,0,0,0,0,0,0,0,0,0,0,0,0,0,0,0,0,0,0,0,0,0,0,0,39.9532,-75.1412, ,Philadelphia
 ,10091,2017127985,6,67,67301,2017,11,1,225,2,3,2,1,1,6, , ,N,0,0,0,3,0,0,1,3,N,N,40 03:40.400,75 00:24.900,245, ,237,9,1,2,N, ,0,N, , , , ,108176, , , ,3,2,0,0,1,0,0,0,0,0,0,0,0,0,0,0,0,0,0,0,0,0,0,0,0,0,0,0,0,0,0,0,0,0,0,0,0,40.0612,-75.0069, ,Philadelphia
 ,10092,2017127506,6,67,67301,2017,10,3,1330,13,1,1,0,4,1, , ,N,1,2,0,3,0,0,2,2,N, ,40 01:31.746,75 07:20.688,1605, ,1552, ,0, , , ,3, , , , , ,108187, , , ,2,2,0,0,0,0,0,0,0,0,0,0,0,0,0,0,0,0,0,0,0,1,0,2,0,0,0,0,0,0,0,0,0,0,0,0,0,40.0255,-75.1224, ,Philadelphia
 ,10093,2018028735,6,67,67301,2017,12,3,738,7,1,1,0,4,1, , ,N,3,2,0,3,0,1,2,2,N, ,40 01:18.105,75 02:16.987,745, ,741,1,2,5,N, ,3,N, , , , ,108190, , , ,2,0,0,0,0,0,2,0,0,0,1,0,1,0,0,0,0,0,0,0,1,0,0,0,0,0,0,0,0,0,0,0,0,0,0,3,0,40.0217,-75.0381, ,Philadelphia
 ,10094,2018029799,6,67,67301,2017,12,4,1810,18,3,1,0,8,1, , ,N,1,2,0,3,0,1,2,2,N,N,39 59:35.083,75 08:52.393,1815, ,1815, ,0, ,N, ,3, , , , , ,108191, , , ,1,0,0,1,0,0,0,0,0,0,0,1,1,0,1,0,0,0,0,0,1,0,0,0,0,0,0,0,0,0,0,0,1,0,0,4,1,39.9931,-75.1479, ,Philadelphia
 ,10095,2018004968,6,67,67301,2017,12,7,1500,15,1,4,4,7,2, , ,N,0,0,0,3,0,0,2,2,N,N,40 01:44.822,75 01:22.244,1509, ,1502,2,2,2,N, ,0,N, , , , ,108198, , , ,2,2,0,0,0,0,0,0,0,0,0,0,0,0,0,0,0,0,0,0,0,0,0,0,0,0,0,0,0,0,0,0,0,0,0,0,0,40.0291,-75.0228, ,Philadelphia
 ,10096,2017097975,6,67,67301,2017,9,7,2139,21,3,1,0,1,1, , ,N,0,0,0,3,0,3,5,4,N,N,40 00:52.878,75 10:40.276,2343, ,2332,9,1,1,N, ,0,N, , , , ,108202, , , ,4,3,0,0,0,0,1,0,0,0,0,3,3,0,0,0,0,0,0,0,0,1,0,0,0,0,0,0,0,0,0,0,0,0,0,4,0,40.0147,-75.1779, ,Philadelphia
 ,10097,2017128053,6,67,67301,2017,11,6,1300,13,1,9,8,8,6, , ,N,0,0,0,3,0,1,2,2,N,N,39 56:44.047,75 09:17.245,1300, ,1300, ,0, ,N, ,0, , , , , ,108225, , , ,1,1,0,0,0,0,0,0,0,0,0,1,1,0,0,0,0,0,0,0,0,0,0,0,0,0,0,0,0,0,0,0,1,0,0,4,0,39.9456,-75.1548, ,Philadelphia
 ,10098,2017120591,6,67,67301,2017,10,2,1449,14,1,1,0,4,1, , ,N,1,2,0,3,0,1,2,2,N,N,40 00:38.569,75 09:04.826,1454, ,1451, ,0, , , ,3, , , , , ,108251, , , ,2,1,0,0,0,0,1,0,0,0,0,0,1,1,0,0,0,0,0,0,1,0,0,1,0,0,0,0,0,0,0,0,0,0,0,8,0,40.0107,-75.1513, ,Philadelphia
 ,10099,2018005579,6,67,67301,2017,11,3,1840,18,3,2,1,8,1, , ,N,1,2,0,3,0,2,3,3,N, ,40 04:02.989,75 10:45.548,1855, ,1845,1,2,4,N, ,3,Y, , , , ,108262, , , ,1,1,0,0,0,0,0,0,0,0,1,1,2,0,0,0,0,0,0,0,1,0,0,0,0,0,0,0,0,0,0,0,2,0,0,3,0,40.0675,-75.1793, ,Philadelphia
 ,10100,2017128560,6,67,67301,2017,12,4,1215,12,1,1,0,1,1, , ,N,2,2,0,3,0,0,4,3,N,N,39 56:45.926,75 11:54.625,1223, ,1220, ,0, ,N, ,3, , , , , ,108273, , , ,3,1,0,0,1,0,1,0,0,0,0,0,0,0,0,0,0,0,0,0,1,0,0,0,0,0,0,0,0,0,0,0,0,0,0,0,0,39.9461,-75.1985, ,Philadelphia
 ,10101,2018027352,6,67,67301,2017,12,7,1114,11,1,2,1,7,5, , ,N,0,0,0,3,0,0,3,1,N,N,40 00:57.499,75 10:07.307,1135, ,1132, ,0, ,N, ,0, , , , , ,108279, , , ,1,0,0,0,0,1,0,0,0,0,0,0,0,0,1,0,0,0,0,0,0,0,0,0,0,0,0,0,0,0,0,0,0,0,0,9,0,40.016,-75.1687, ,Philadelphia
 ,10102,2018029926,6,67,67301,2017,12,2,1536,15,1,1,0,4,1, , ,N,1,2,3,3,0,1,3,2,N, ,39 57:25.901,75 09:31.438,1542, ,1539,2,1,3,N, ,3,N, , , , ,108281, , , ,2,1,0,0,0,0,1,0,0,0,0,0,1,1,0,0,0,0,0,0,1,0,0,1,0,0,0,0,0,0,0,0,0,0,0,8,0,39.9572,-75.1587, ,Philadelphia
 ,10103,2017136734,6,67,67301,2017,12,6,2003,20,3,1,1,4,1, , ,N,0,0,0,3,0,0,4,2,N,N,40 01:38.004,75 01:30.179,2018, ,2010, ,0, , , ,0, , , , , ,108283, , , ,2,1,0,0,0,0,1,0,0,0,0,0,0,0,1,0,0,0,0,0,1,0,0,0,0,0,0,0,0,0,0,0,0,0,0,9,0,40.0272,-75.025, ,Philadelphia
 ,10104,2017090501,6,67,67301,2017,8,2,817,8,1,1,0,1,1, , ,N,6,0,0,3,0,1,3,3,N,N,39 58:56.668,75 06:03.647,834, ,822, ,0, , , ,0, , , , , ,108301, , , ,3,1,0,0,0,0,1,1,0,0,0,1,1,0,0,0,0,0,0,0,0,0,0,0,0,0,0,0,0,0,0,0,0,0,0,4,0,39.9824,-75.101, ,Philadelphia
 ,10105,2017120567,6,67,67301,2017,10,2,130,1,3,2,1,7,9, , ,N,0,0,0,3,0,0,1,1,N,N,39 56:35.155,75 09:56.428,137, ,136, ,0, ,N, ,0, , , , , ,108316, , , ,1,0,0,0,0,0,0,1,0,0,0,0,0,0,0,0,0,0,0,0,0,0,0,1,0,0,0,0,0,0,0,0,0,0,0,0,0,39.9431,-75.1657, ,Philadelphia
 ,10106,2017109876,6,67,67301,2017,8,1,1320,13,1,1,0,8,1, , ,N,1,2,0,3,0,1,2,2,N,Y,40 02:28.972,75 02:56.460,1357, ,1335, ,0, ,N, ,3, , , , , ,108326, , , ,1,0,0,1,0,0,0,0,0,0,0,0,1,1,0,0,0,0,0,0,0,0,0,0,0,0,0,0,0,0,0,0,1,0,0,8,1,40.0414,-75.049, ,Philadelphia
 ,10107,2017127512,6,67,67301,2017,10,3,808,8,1,1,0,4,1, , ,N,3,3,2,3,0,2,2,2,N,N,39 59:11.983,75 12:29.919,810, ,809, ,0, ,N, ,3, , , , , ,108329, , , ,2,0,0,0,1,0,1,0,0,0,0,2,2,0,0,0,0,0,0,0,1,0,0,0,0,0,0,0,0,0,0,0,0,0,0,4,0,39.9867,-75.2076, ,Philadelphia
 ,10108,2017109922,6,67,67301,2017,9,7,1825,18,1,1,0,4,1, , ,N,1,2,0,3,0,1,5,2,N, ,39 57:01.383,75 08:50.130,1835, ,1831, ,0, , , ,3, , , , , ,108352, , , ,2,2,0,0,0,0,0,0,0,0,1,0,1,0,0,0,0,0,0,0,1,0,0,1,0,0,0,0,0,0,0,0,0,0,0,3,0,39.9503,-75.1473, ,Philadelphia
 ,10109,2018026517,6,67,67301,2017,12,7,1311,13,1,4,1,4,1, , ,N,1,2,0,3,0,1,2,2,N, ,40 01:53.810,75 05:02.794,1459, ,1448, ,0, ,N, ,3, , , , , ,111431, , , ,2,1,0,0,0,0,0,1,0,0,0,1,1,0,0,0,0,0,0,0,0,0,0,0,0,0,0,0,0,0,0,0,0,0,0,4,0,40.0317,-75.0838, ,Philadelphia
 ,10110,2018030347,6,67,67301,2017,12,6,1730,17,3,1,0,7,4, , ,N,1,2,0,3,0,0,1,1,N,N,39 55:22.375,75 10:04.364,1747, ,1743, ,0, ,N, ,9, , , , , ,111433, , , ,1,1,0,0,0,0,0,0,0,0,0,0,0,0,0,0,0,0,0,0,0,0,0,0,0,0,0,0,0,0,0,0,0,0,0,0,0,39.9229,-75.1679, ,Philadelphia
 ,10111,2018005571,6,67,67301,2017,12,4,715,7,3,1,0,8,1, , ,N,2,2,0,3,0,1,2,2,N,N,39 54:53.182,75 09:18.130,723, ,720, ,0, ,N, ,3, , , , , ,111434, , , ,1,0,0,0,0,0,0,1,0,1,0,0,1,0,0,0,0,0,0,0,0,0,1,0,0,0,0,0,0,0,0,0,1,0,1,2,0,39.9147,-75.155, ,Philadelphia
 ,10112,2018029738,6,67,67301,2017,12,6,1740,17,3,1,0,1,1, , ,N,0,0,0,3,0,1,4,2,N,N,40 04:14.336,75 01:54.019,1755, ,1745, ,0, ,N, ,0, , , , , ,111462, , , ,2,1,0,0,0,0,0,1,0,0,0,1,1,0,0,0,0,1,0,0,0,0,0,0,0,0,0,0,0,0,0,0,0,0,0,4,0,40.0706,-75.0317, ,Philadelphia
 ,10113,2018005432,6,67,67301,2017,12,6,30,0,3,1,0,1,6, , ,N,0,0,0,3,0,0,1,3,N,N,39 58:12.800,75 12:24.900,40, ,27, ,0, ,N, ,0, , , , , ,111472, , , ,3,2,0,0,0,0,1,0,0,0,0,0,0,0,0,0,0,0,0,0,0,0,0,0,0,0,0,0,0,0,0,0,0,0,0,0,0,39.9702,-75.2069, ,Philadelphia
 ,10114,2017132890,6,67,67301,2017,12,3,1837,18,3,1,0,1,1, , ,N,0,0,0,3,0,0,2,2,N,N,40 01:16.216,75 02:29.879,1855, ,1845, ,0, , , ,0, , , , , ,111487, , , ,2,1,0,0,0,0,1,0,0,0,0,0,0,0,0,0,0,0,0,0,0,0,1,0,0,0,0,0,0,0,0,0,0,0,0,0,0,40.0212,-75.0416, ,Philadelphia
 ,10115,2017130589,6,67,67301,2017,10,3,1512,15,1,1,0,4,1, , ,N,1,3,0,3,0,1,3,2,N,N,39 59:10.256,75 08:34.112,1525, ,1520, ,0, ,N, ,3, , , , , ,111491, , , ,2,0,0,1,0,0,0,1,0,0,0,0,1,1,0,0,0,1,0,0,0,0,0,1,0,0,0,0,0,0,0,0,0,0,0,8,1,39.9862,-75.1428, ,Philadelphia
 ,10116,2018027539,6,67,67301,2017,12,5,1703,17,3,1,0,8,1, , ,N,0,0,0,3,0,1,2,2,N,N,39 57:56.213,75 07:57.363,1708, ,1707, ,0, ,N, ,0, , , , , ,111512, , , ,1,1,0,0,0,0,0,0,0,0,0,1,1,0,0,0,0,0,0,0,0,0,0,1,0,0,0,0,0,0,0,0,1,0,0,4,0,39.9656,-75.1326, ,Philadelphia
 ,10117,2018005453,6,67,67301,2017,12,6,1453,14,1,1,0,4,1, , ,N,2,0,2,3,0,2,2,2,N, ,39 59:11.940,75 12:30.186,1457, ,1454, ,0, ,N, ,0, , , , , ,111539, , , ,2,2,0,0,0,0,0,0,0,0,0,0,2,2,0,0,0,0,0,1,1,0,0,0,0,0,0,0,0,0,0,0,0,0,0,8,0,39.9867,-75.2084, ,Philadelphia
 ,10118,2018027483,6,67,67301,2017,12,5,420,4,3,1,0,8,1, , ,N,1,2,0,3,0,1,2,2,N, ,40 01:17.446,75 08:23.337,752, ,752, ,0, ,N, ,3, , , , , ,111546, , , ,1,1,0,0,0,0,0,0,0,0,0,0,1,1,0,0,0,0,0,0,0,0,0,0,0,0,0,0,0,0,0,0,1,0,0,8,0,40.0215,-75.1398, ,Philadelphia
 ,10119,2018020684,6,67,67301,2017,9,6,1000,10,1,1,0,4,1, , ,N,2,2,0,3,0,0,3,2,N,N,39 59:25.071,75 11:12.128,1013, ,1010, ,0, ,N, ,3, , , , , ,111547, , , ,2,1,0,0,0,0,1,0,0,0,0,0,0,0,0,0,0,0,0,0,0,0,0,0,0,0,0,0,0,0,0,0,0,0,0,0,0,39.9903,-75.1867, ,Philadelphia
 ,10120,2018027525,6,67,67301,2017,12,5,1552,15,1,1,0,7,3, , ,N,2,3,7,3,0,1,1,1,N,N,39 54:51.000,75 09:22.000,1620, ,1611,1,1,1,N, ,3,N, , , , ,111559, , , ,1,1,0,0,0,0,0,0,0,0,0,1,1,0,0,0,0,0,0,0,0,1,0,0,0,0,0,0,0,0,0,0,0,0,0,4,0,39.9142,-75.1561, ,Philadelphia
 ,10121,2018027596,6,67,67301,2017,12,6,2025,20,3,1,0,2,1, , ,N,1,2,0,3,0,1,3,2,N,N,40 00:07.955,75 09:27.708,2026, ,2026, ,0, ,N, ,3, , , , , ,111560, , , ,2,2,0,0,0,0,0,0,0,0,0,1,1,0,1,0,0,0,0,0,0,1,0,0,0,0,0,0,0,0,0,0,0,0,0,4,0,40.0022,-75.1576, ,Philadelphia
 ,10122,2018020757,6,67,67301,2017,11,3,845,8,3,1,0,4,1, , ,N,1,2,0,3,0,1,2,2,N, ,39 56:43.591,75 12:30.988,851, ,845, ,0, ,N, ,3, , , , , ,111566, , , ,2,1,0,0,0,0,1,0,0,0,0,1,1,0,0,0,0,0,0,0,1,0,0,1,0,0,0,0,0,0,0,0,0,0,0,4,0,39.9454,-75.2086, ,Philadelphia
 ,10123,2018027503,6,67,67301,2017,12,2,1145,11,1,1,0,1,1, , ,N,0,0,0,3,0,0,3,2,N, ,40 03:21.930,75 04:28.181,1150, ,1146,1,2,4,N, ,0,Y, , , , ,111589, , , ,2,2,0,0,0,0,0,0,0,0,0,0,0,0,0,0,0,0,0,0,0,0,0,0,0,0,0,0,0,0,0,0,0,0,0,0,0,40.0561,-75.0745, ,Philadelphia
 ,10124,2017120317,6,67,67301,2017,11,6,1505,15,1,1,0,1,1, , ,N,0,0,0,3,0,1,11,6,N,N,39 59:37.845,75 05:04.760,1527, ,1508,2,2,2, , ,0,N, , , , ,111592, , , ,6,2,0,0,0,0,4,0,0,0,0,0,1,1,0,0,0,0,0,0,3,0,0,0,0,0,0,0,0,0,0,0,0,0,0,8,0,39.9938,-75.0847, ,Philadelphia
 ,10125,2017120717,6,67,67301,2017,10,1,1830,18,1,1,0,8,1, , ,N,2,0,0,3,0,1,2,2,N,N,39 54:51.677,75 09:09.507,2135, ,2130, ,0, ,N, ,0, , , , , ,111593, , , ,1,0,0,0,0,0,0,0,0,0,0,1,1,0,0,0,0,0,0,0,0,0,0,0,0,0,0,0,0,0,0,0,1,0,0,4,0,39.9144,-75.1525, ,Philadelphia
 ,10126,2017116087,6,67,67301,2017,10,2,1719,17,4,1,0,8,1, , ,N,0,0,0,3,0,1,2,2,N, ,39 57:24.941,75 13:30.783,1740, ,1724, ,0, , , ,0, , , , , ,111596, , , ,1,1,0,0,0,0,0,0,0,0,0,1,1,0,0,0,0,0,0,0,0,0,0,1,0,0,0,0,0,0,0,0,1,0,0,4,0,39.9569,-75.2252, ,Philadelphia
 ,10127,2018027458,6,67,67301,2017,12,1,1434,14,1,1,1,4,1, , ,N,1,3,0,3,0,0,3,2,N,N,40 01:48.633,75 08:39.930,1530, ,1525, ,0, ,N, ,3, , , , , ,114666, , , ,2,1,0,0,1,0,0,0,0,0,0,0,0,0,0,0,0,0,0,1,0,1,0,0,0,0,0,0,0,0,0,0,0,0,0,0,0,40.0302,-75.1444, ,Philadelphia
 ,10128,2018020743,6,67,67301,2017,11,5,1912,19,3,1,0,5,1, , ,N,1,2,2,3,0,1,3,2,N,N,39 58:28.550,75 11:58.153,1920, ,1915, ,0, ,N, ,3, , , , , ,114671, , , ,2,1,0,0,0,1,0,0,0,0,0,0,1,1,0,0,0,0,0,0,0,1,0,0,0,0,0,0,0,0,0,0,0,0,0,8,1,39.9746,-75.1992, ,Philadelphia
 ,10129,2017133953,6,67,67301,2017,11,7,225,2,3,1,0,7,4, , ,N,0,0,0,3,0,1,1,2,N,N,40 03:59.723,75 04:56.420,241, ,225,3,1,1,N, ,0,Y, , , , ,114675, , , ,2,1,0,0,0,0,1,0,0,0,0,1,1,0,0,0,0,0,0,0,0,0,0,0,0,0,0,0,0,0,0,0,0,0,0,4,0,40.0666,-75.0823, ,Philadelphia
 ,10130,2017134840,6,67,67301,2017,12,1,719,7,1,1,0,7,2, , ,N,0,0,8,3,0,1,4,2,N,N,39 53:34.805,75 13:31.930,736, ,721, ,0, ,N, ,0, , , , , ,114708, , , ,2,2,0,0,0,0,0,0,0,0,0,0,1,1,0,0,0,0,0,0,0,1,0,0,0,0,0,0,0,0,0,0,0,0,0,8,0,39.893,-75.2255, ,Philadelphia
 ,10131,2017127325,6,67,67301,2017,11,5,830,8,1,1,0,4,1, , ,N,1,2,0,3,0,1,3,3,N,N,40 04:25.831,75 10:23.336,850, ,840, ,0, ,N, ,3, , , , , ,114710, , , ,3,3,0,0,0,0,0,0,0,0,0,0,1,1,0,0,0,0,0,0,0,0,1,0,0,0,0,0,0,0,0,0,0,0,0,8,0,40.0738,-75.1731, ,Philadelphia
 ,10132,2018027536,6,67,67301,2017,12,7,1348,13,1,2,1,4,1, , ,N,1,3,0,3,0,1,3,2,N,N,39 59:15.698,75 10:01.131,1353, ,1348, ,0, ,N, ,9, , , , , ,114732, , , ,2,2,0,0,0,0,0,0,0,0,0,0,1,1,2,0,0,0,0,0,0,0,0,1,0,0,0,0,0,0,0,0,0,0,0,8,0,39.9877,-75.167, ,Philadelphia
 ,10133,2018001665,6,67,67301,2017,12,3,547,5,3,1,0,7,2, , ,N,0,0,0,3,0,0,3,1,N,N,39 57:41.504,75 10:57.333,553, ,547, ,0, , , ,0, , , , , ,114768, , , ,1,1,0,0,0,0,0,0,0,0,0,0,0,0,0,0,0,0,0,0,0,0,0,0,0,0,0,0,0,0,0,0,0,0,0,0,0,39.9615,-75.1826, ,Philadelphia
 ,10134,2018034779,6,67,67301,2017,6,1,1430,14,1,1,0,1,1, , ,N,1,2,2,3,0,1,2,2,N,N,39 53:33.012,75 13:21.169,0, ,0, ,0, ,N, ,3, , , , , ,114769, , , ,2,2,0,0,0,0,0,0,0,0,0,0,1,1,0,0,0,0,0,0,0,0,0,0,0,0,0,0,0,0,0,0,0,0,0,8,0,39.8925,-75.2225, ,Philadelphia
 ,10135,2017115914,6,67,67301,2017,10,6,2030,20,3,1,0,8,1, , ,N,1,2,0,3,0,1,2,2,N, ,40 02:08.965,75 10:29.000,2045, ,2040, ,0, , , ,3, , , , , ,114774, , , ,1,1,0,0,0,0,0,0,0,0,0,1,1,0,0,0,0,0,0,0,0,0,0,1,0,0,0,0,0,0,0,0,1,0,0,4,0,40.0358,-75.1747, ,Philadelphia
 ,10136,2017106041,6,67,67301,2017,9,7,1825,18,4,2,1,4,1, , ,N,5,2,2,3,0,0,3,2,N,N,39 57:28.586,75 09:50.892,1840, ,1829, ,0, ,N, ,3, , , , , ,114781, , , ,2,1,0,0,0,0,1,0,0,0,0,0,0,0,0,0,0,0,0,0,0,0,0,0,0,0,0,0,0,0,0,0,0,0,0,0,0,39.9579,-75.1641, ,Philadelphia
 ,10137,2018007245,6,67,67301,2017,12,5,649,6,3,8,8,7,4, , ,N,0,0,0,3,0,0,1,1,N,N,39 56:25.284,75 08:36.917,649, ,649,1,1,2, , ,0,N, , , , ,114814, , , ,1,1,0,0,0,0,0,0,0,0,0,0,0,0,0,0,0,0,0,1,0,0,0,0,0,0,0,0,0,0,0,0,0,0,0,0,0,39.9404,-75.1436, ,Philadelphia
 ,10138,2018020713,6,67,67301,2017,10,4,806,8,1,1,0,4,1, , ,N,1,3,0,3,0,3,4,2,N,N,40 03:19.004,75 11:06.183,806, ,806, ,0, ,N, ,3, , , , , ,114816, , , ,2,2,0,0,0,0,0,0,0,0,0,2,3,1,0,0,0,0,0,0,1,0,0,2,0,0,0,0,0,0,0,0,0,0,0,4,0,40.0553,-75.1851, ,Philadelphia
 ,10139,2018029842,6,67,67301,2017,12,5,2045,20,3,1,0,2,1, , ,N,0,0,2,3,0,1,3,2,N,N,40 01:04.362,75 09:57.799,2300, ,2055,1,1,3,N, ,0,N, , , , ,114866, , , ,2,1,0,0,0,0,1,0,0,0,0,0,1,1,0,0,0,0,0,0,1,0,0,0,0,0,0,0,0,0,0,0,0,0,0,8,0,40.0179,-75.1661, ,Philadelphia
 ,10140,2017101901,6,67,67301,2017,9,4,756,7,1,1,0,8,1,8,8,Y,0,0,0,3,0,1,2,2,N,Y,40 02:20.659,75 08:43.856,1001,99,1000, ,0, ,N, ,0, ,U, , ,U,114875, , , ,1,1,0,0,0,0,0,0,0,0,0,1,1,0,0,0,0,0,0,0,0,0,0,1,0,0,0,0,0,0,0,0,1,0,0,4,0,40.0391,-75.1455, ,Philadelphia
 ,10141,2017106011,6,46,46102,2017,9,4,753,7,1,1,0,4,1, , ,N,1,2,0,3,0,1,2,2,N, ,40 04:31.053,75 09:37.536,840, ,829, ,0, , , ,3, , , , , ,114881, , , ,2,0,0,0,0,0,1,1,0,0,0,1,1,0,1,0,0,0,0,0,1,0,0,0,0,0,0,0,0,0,0,0,0,0,0,4,0,40.0753,-75.1604, ,Montgomery
 ,10142,2017116185,6,67,67301,2017,10,6,617,6,3,1,0,4,1, , ,N,1,2,0,3,0,2,3,2,N, ,39 57:05.990,75 10:13.272,630, ,625, ,0, , , ,3, , , , , ,114884, , , ,2,1,0,0,0,0,1,0,0,0,0,2,2,0,0,0,0,0,0,0,2,0,0,1,0,0,0,0,0,0,0,0,0,0,0,4,0,39.9516,-75.1702, ,Philadelphia
 ,10143,2017136929,6,67,67301,2017,11,4,701,7,1,1,0,5,1, , ,N,0,8,0,3,0,1,3,3,N,N,40 00:44.132,75 03:33.701,710, ,702,2,2,1,N, ,3,N, , , , ,114900, , , ,3,2,0,0,0,0,0,1,0,0,1,0,1,0,0,0,0,0,0,0,0,0,0,0,0,0,0,0,0,0,0,0,0,0,0,3,0,40.0123,-75.0594, ,Philadelphia