wz_ln_closure,objectid_1,crn,district,county,municipality,crash_year,crash_month,day_of_week,time_of_day,hour_of_day,illumination,weather,road_condition,collision_type,relation_to_road,work_zone_type,work_zone_loc,work_zone_ind,intersect_type,tcd_type,location_type,urban_rural,fatal_count,injury_count,person_count,total_units,sch_bus_ind,sch_zone_ind,latitude,longitude,arrival_tm,cons_zone_spd_lim,dispatch_tm,est_hrs_closed,lane_closed,ln_close_dir,ntfy_hiwy_maint,spec_juris_cd,tcd_func_cd,tfc_detour_ind,workers_pres,wz_close_detour,wz_flagger,wz_law_offcr_ind,objectid,wz_moving,wz_other,wz_shlder_mdn,vehicle_count,automobile_count,motorcycle_count,bus_count,small_truck_count,heavy_truck_count,suv_count,van_count,bicycle_count,maj_inj_count,mod_inj_count,min_inj_count,tot_inj_count,unk_inj_deg_count,unk_inj_per_count,driver_count_16yr,driver_count_17yr,driver_count_18yr,driver_count_19yr,driver_count_20yr,driver_count_50_64yr,driver_count_65_74yr,driver_count_75plus,unbelted_occ_count,unb_death_count,unb_maj_inj_count,belted_death_count,belted_maj_inj_count,mcycle_death_count,mcycle_maj_inj_count,bicycle_death_count,bicycle_maj_inj_count,ped_count,ped_death_count,ped_maj_inj_count,max_severity_level,comm_veh_count,dec_lat,dec_long,rdwy_surf_type_cd,county_name
 ,10271,2017127859,6,67,67301,2017,12,3,708,7,5,1,0,4,1, , ,N,1,2,0,3,0,1,2,2,N,N,39 57:04.866,75 11:56.817,713, ,710, ,0, ,N, ,3, , , , , ,115083, , , ,1,0,0,0,0,0,0,1,1,0,1,0,1,0,0,0,0,0,0,0,0,0,0,0,0,0,0,0,0,0,0,0,0,0,0,3,0,39.9513,-75.1991, ,Philadelphia
 ,10272,2017139178,6,67,67301,2017,12,5,1433,14,1,1,0,7,4, , ,N,7,0,2,3,0,1,1,1,N,N,39 57:06.151,75 08:29.297,1447, ,1433,1,1,4, , ,0,N, , , , ,115093, , , ,1,0,0,0,0,0,1,0,0,0,0,0,1,1,0,0,0,0,0,0,0,0,0,0,0,0,0,0,0,0,0,0,0,0,0,8,0,39.9517,-75.1415, ,Philadelphia
 ,10273,2017122808,6,67,67301,2017,10,1,1240,12,1,2,1,4,1, , ,N,1,2,0,3,0,1,2,2,N,N,40 03:17.667,75 03:14.537,1250, ,1242, ,0, ,N, ,3, , , , , ,115096, , , ,2,1,0,0,0,0,1,0,0,0,0,1,1,0,0,0,0,0,0,1,0,0,0,0,0,0,0,0,0,0,0,0,0,0,0,4,0,40.0549,-75.0539, ,Philadelphia
 ,10274,2018027410,6,67,67301,2017,12,3,1220,12,1,1,0,8,1, , ,N,1,2,0,3,0,1,2,2,N, ,39 55:32.089,75 14:03.592,1220, ,1220, ,0, ,N, ,3, , , , , ,115102, , , ,1,0,0,0,0,1,0,0,0,0,1,0,1,0,0,0,0,0,0,0,0,0,0,1,0,0,0,0,0,0,0,0,1,0,0,3,1,39.9256,-75.2343, ,Philadelphia
 ,10275,2017101849,6,67,67301,2017,9,2,1333,13,1,1,0,8,1, , ,N,1,2,0,3,0,1,2,2,N,N,40 00:04.325,75 13:34.990,1651, ,1633, ,0, , , ,3, , , , , ,115117, , , ,1,0,0,0,0,0,1,0,0,0,1,0,1,0,0,0,0,0,0,0,0,1,0,1,0,0,0,0,0,0,0,0,1,0,0,3,0,40.0012,-75.2264, ,Philadelphia
 ,10276,2017096456,6,67,67301,2017,9,1,300,3,3,2,1,2,6, , ,N,0,0,0,3,0,1,1,2,N,N,40 01:27.249,75 09:55.990,308, ,300, ,0, , , ,0, , , , , ,115119, , , ,2,1,0,0,0,0,1,0,0,0,0,1,1,0,0,0,0,0,0,0,0,0,0,0,0,0,0,0,0,0,0,0,0,0,0,4,0,40.0242,-75.1656, ,Philadelphia
 ,10277,2017133963,6,67,67301,2017,11,5,1404,14,1,1,0,1,1, , ,N,0,0,0,3,0,0,3,2,N, ,40 06:32.208,75 01:33.226,1411, ,1411, ,0, ,N, ,0, , , , , ,115126, , , ,2,1,0,0,0,0,1,0,0,0,0,0,0,0,0,0,0,0,1,0,0,0,1,0,0,0,0,0,0,0,0,0,0,0,0,0,0,40.1089,-75.0259, ,Philadelphia
 ,10278,2018005512,6,67,67301,2017,12,6,2030,20,3,1,0,8,1, , ,N,1,3,0,3,0,1,2,2,N,N,39 58:33.070,75 08:49.675,2035, ,2030, ,0, ,N, ,3, , , , , ,115137, , , ,1,1,0,0,0,0,0,0,1,0,0,1,1,0,0,0,0,0,0,0,1,0,0,1,0,0,0,0,0,0,0,0,0,0,0,4,0,39.9759,-75.1471, ,Philadelphia
 ,10279,2017110901,6,67,67301,2017,10,7,1547,15,1,1,0,1,1, , ,N,0,0,0,3,0,1,5,3,N,N,39 58:15.113,75 11:34.929,1614, ,1559, ,0, , , ,0, , , , , ,115145, , , ,3,1,0,0,1,0,1,0,0,0,1,0,1,0,0,0,0,0,0,0,1,0,0,0,0,0,0,0,0,0,0,0,0,0,0,3,0,39.9693,-75.192, ,Philadelphia
 ,10280,2017122797,6,67,67301,2017,10,3,1202,12,1,1,0,1,1, , ,N,0,0,0,3,0,1,2,2,N, ,39 57:15.476,75 09:47.580,1220, ,1217, ,0, , , ,0, , , , , ,115160, , , ,1,1,0,0,0,0,0,0,1,0,0,1,1,0,0,0,0,0,0,0,1,0,0,1,0,0,0,0,0,0,0,0,0,0,0,4,0,39.9543,-75.1632, ,Philadelphia
 ,10281,2017130700,6,67,67301,2017,11,7,2309,23,3,2,1,8,1, , ,N,0,0,0,3,0,1,2,2,N,N,40 01:05.888,75 08:57.371,2337, ,2337, ,0, ,N, ,0, , , , , ,115161, , , ,1,1,0,0,0,0,0,0,0,0,1,0,1,0,0,0,0,0,0,0,0,0,0,0,0,0,0,0,0,0,0,0,1,0,0,3,0,40.0183,-75.1493, ,Philadelphia
 ,10282,2017122819,6,67,67301,2017,11,4,1443,14,1,1,0,4,1, , ,N,1,3,0,3,0,4,5,2,N,N,39 59:19.273,75 09:00.892,1445, ,1444,1,1,1,N, ,3,N, , , , ,115163, , , ,2,1,0,0,1,0,0,0,0,0,0,0,4,4,0,0,0,0,0,0,0,0,0,0,0,0,0,0,0,0,0,0,0,0,0,8,0,39.9887,-75.1502, ,Philadelphia
 ,10283,2017132195,6,67,67301,2017,12,1,1722,17,3,1,0,5,1, , ,N,0,0,0,3,0,1,2,2,N,N,40 00:34.909,75 03:54.773,1734, ,1724,1,1,2, , ,0,N, , , , ,115173, , , ,2,1,0,0,0,0,1,0,0,0,0,0,1,1,0,0,0,0,0,0,0,0,0,2,0,0,0,0,0,0,0,0,0,0,0,8,0,40.0097,-75.0652, ,Philadelphia
 ,10284,2017109814,6,67,67301,2017,9,2,1048,10,1,1,0,4,1, , ,N,1,2,0,3,0,0,3,2,N,N,39 59:14.319,75 09:51.051,1056, ,1051, ,0, ,N, ,3, , , , , ,115177, , , ,2,1,0,0,1,0,0,0,0,0,0,0,0,0,0,0,0,0,0,0,0,0,0,0,0,0,0,0,0,0,0,0,0,0,0,0,0,39.9873,-75.1642, ,Philadelphia
 ,10285,2017109892,6,67,67301,2017,10,4,1216,12,1,1,0,5,1, , ,N,0,0,0,3,0,1,1,2,N,N,40 03:23.277,75 03:06.368,1230, ,1225, ,0, , , ,0, , , , , ,115178, , , ,2,2,0,0,0,0,0,0,0,0,0,0,1,1,0,0,0,0,0,0,0,0,0,0,0,0,0,0,0,0,0,0,0,0,0,8,0,40.0565,-75.0518, ,Philadelphia
 ,10286,2017096521,6,67,67301,2017,8,7,2100,21,3,1,0,8,1, , ,N,0,0,0,3,0,1,2,2,N,N,40 02:47.950,75 09:28.951,2152, ,2148, ,0, ,N, ,0, , , , , ,115186, , , ,1,1,0,0,0,0,0,0,0,0,0,1,1,0,0,0,0,0,0,0,0,0,0,0,0,0,0,0,0,0,0,0,1,0,0,4,0,40.0467,-75.158, ,Philadelphia
 ,10287,2017101831,6,67,67301,2017,9,5,1449,14,1,1,0,8,1, , ,N,0,0,0,3,0,1,2,2,N,Y,40 06:25.879,75 01:36.246,1449, ,1449, ,0, ,N, ,0, , , , , ,115187, , , ,1,1,0,0,0,0,0,0,0,0,0,1,1,0,1,0,0,0,0,0,0,0,0,0,0,0,0,0,0,0,0,0,1,0,0,4,0,40.1072,-75.0267, ,Philadelphia
 ,10288,2017135247,6,67,67301,2017,12,1,2227,22,3,1,0,1,1, , ,N,0,0,0,3,0,0,1,2,N,N,39 58:47.386,75 06:24.384,2250, ,2240,2,2,2, , ,0,N, , , , ,115205, , , ,2,1,0,0,0,0,0,0,0,0,0,0,0,0,0,0,0,0,0,0,0,0,0,0,0,0,0,0,0,0,0,0,0,0,0,0,0,39.9798,-75.1068, ,Philadelphia
 ,10289,2018005868,6,67,67301,2017,12,2,2215,22,3,1,0,7,2, , ,N,0,0,0,3,0,6,6,1,N,N,39 59:43.876,75 11:50.892,2226, ,2223, ,0, ,N, ,0, , , , , ,105435, , , ,1,0,0,0,0,0,0,1,0,0,4,1,6,1,0,0,0,0,1,0,0,0,0,4,0,0,0,0,0,0,0,0,0,0,0,3,0,39.9955,-75.1975, ,Philadelphia
 ,10290,2018028938,6,67,67301,2017,12,2,1855,18,3,1,0,4,1, , ,N,1,2,0,3,0,1,3,3,N,N,39 59:17.890,75 15:14.288,1900, ,1855, ,0, ,N, ,3, , , , , ,105436, , , ,3,3,0,0,0,0,0,0,0,0,0,1,1,0,0,0,0,0,0,0,0,0,0,0,0,0,0,0,0,0,0,0,0,0,0,4,0,39.9883,-75.254, ,Philadelphia
 ,10291,2017108057,6,67,67301,2017,9,2,1254,12,1,1,0,4,1, , ,N,0,0,7,3,0,2,3,2,N, ,40 06:13.910,75 01:52.028,1352, ,1336,9,1,3, , ,0,N, , , , ,105438, , , ,2,0,0,0,0,0,2,0,0,0,0,0,2,2,1,0,0,0,0,0,0,0,1,0,0,0,0,0,0,0,0,0,0,0,0,8,0,40.1039,-75.0311, ,Philadelphia
 ,10292,2018029777,6,67,67301,2017,12,7,30,0,3,2,1,5,6, , ,N,0,0,0,3,0,0,1,3,N, ,39 56:40.900,75 13:38.600,47, ,30, ,0, ,N, ,0, , , , , ,105482, , , ,3,1,0,0,0,0,2,0,0,0,0,0,0,0,1,0,0,0,0,0,1,0,0,0,0,0,0,0,0,0,0,0,0,0,0,9,0,39.9447,-75.2274, ,Philadelphia
 ,10293,2017105864,6,67,67301,2017,9,4,1920,19,3,1,0,8,1, , ,N,1,2,0,3,0,1,2,2,N,N,40 02:08.787,75 07:31.397,1925, ,1920, ,0, ,N, ,3, , , , , ,105496, , , ,1,0,0,0,0,0,0,0,0,0,1,0,1,0,1,0,0,0,0,0,0,0,0,0,0,0,0,0,0,0,0,0,1,0,0,3,0,40.0358,-75.1255, ,Philadelphia
 ,10294,2017116046,6,67,67301,2017,10,3,730,7,1,1,0,7,4, , ,N,0,0,0,3,0,0,2,1,N, ,40 01:43.598,75 08:49.137,832, ,832, ,0, , , ,0, , , , , ,105497, , , ,1,0,0,0,1,0,0,0,0,0,0,0,0,0,0,0,0,0,0,0,1,0,0,0,0,0,0,0,0,0,0,0,0,0,0,0,0,40.0288,-75.147, ,Philadelphia
 ,10295,2017135039,6,67,67301,2017,11,2,2037,20,3,1,0,4,1, , ,N,1,2,0,3,0,4,5,2,N,N,40 00:31.034,75 04:07.810,2050, ,2042,3,1,3,Y, ,3,Y, , , , ,105508, , , ,2,2,0,0,0,0,0,0,0,0,1,2,4,1,0,0,0,0,0,0,0,0,0,0,0,0,0,0,0,0,0,0,0,0,0,3,0,40.0086,-75.0688, ,Philadelphia
 ,10296,2017122811,6,67,67301,2017,10,3,2010,20,3,1,0,1,1, , ,N,0,0,0,3,0,3,4,2,N,N,40 01:16.591,75 08:55.037,2019, ,2017,9,1,2,N, ,0,N, , , , ,105513, , , ,2,0,0,0,0,0,2,0,0,0,0,3,3,0,0,0,0,0,0,0,2,0,0,0,0,0,0,0,0,0,0,0,0,0,0,4,0,40.0213,-75.1486, ,Philadelphia
 ,10297,2017137525,6,67,67301,2017,12,2,1029,10,1,1,0,4,1, , ,N,1,2,0,3,0,1,2,2,N, ,40 03:17.785,75 03:14.192,1034, ,1029,1,1,1,N, ,3,Y, , , , ,105514, , , ,2,1,0,0,0,0,0,1,0,0,0,1,1,0,0,0,0,0,0,0,0,0,1,0,0,0,0,0,0,0,0,0,0,0,0,4,0,40.0549,-75.0539, ,Philadelphia
 ,10298,2017120597,6,67,67301,2017,10,2,628,6,3,2,1,5,1, , ,N,0,0,0,3,0,2,2,2,N,N,39 56:01.964,75 08:51.108,830, ,824,3,1,3, , ,0,Y, , , , ,105519, , , ,2,1,0,0,0,0,1,0,0,0,0,2,2,0,0,0,0,0,0,0,1,0,0,0,0,0,0,0,0,0,0,0,0,0,0,4,0,39.9339,-75.1475, ,Philadelphia
 ,10299,2017128033,6,67,67301,2017,11,2,855,8,1,1,0,1,1, , ,N,0,0,0,3,0,1,2,2,N,N,40 01:13.841,75 09:19.788,910, ,857,2,1,1, , ,0,N, , , , ,105545, , , ,2,1,0,0,0,0,0,1,0,0,0,1,1,0,0,0,0,0,0,0,0,0,0,0,0,0,0,0,0,0,0,0,0,0,0,4,0,40.0205,-75.1555, ,Philadelphia
 ,10300,2017117231,6,67,67301,2017,10,6,831,8,1,1,0,4,1, , ,N,5,2,0,3,0,1,2,2,N,N,39 58:10.213,75 12:45.380,834, ,833, ,0, ,N, ,3, , , , , ,105578, , , ,2,2,0,0,0,0,0,0,0,0,0,0,1,1,0,0,0,0,0,0,0,0,0,0,0,0,0,0,0,0,0,0,0,0,0,8,0,39.9695,-75.2126, ,Philadelphia
 ,10301,2017093555,6,67,67301,2017,8,5,1042,10,1,1,0,4,1, , ,N,1,2,0,3,0,1,3,3,N,N,40 02:14.686,75 10:54.569,1046, ,1044, ,0, ,N, ,3, , , , , ,105585, , , ,2,2,0,0,0,0,0,0,0,0,0,0,1,1,0,0,1,0,0,0,0,0,0,0,0,0,0,0,0,0,0,0,1,0,0,8,0,40.0374,-75.1818, ,Philadelphia
 ,10302,2017127462,6,67,67301,2017,11,2,1815,18,3,1,0,4,1, , ,N,0,0,7,3,0,4,4,2,N,N,40 02:42.500,75 07:43.100,1830, ,1821,1,1,5,N, ,0,Y, , , , ,105592, , , ,2,2,0,0,0,0,0,0,0,0,0,4,4,0,0,0,0,0,0,1,1,0,0,3,0,0,0,0,0,0,0,0,0,0,0,4,0,40.0451,-75.1286, ,Philadelphia
 ,10303,2017137593,6,67,67301,2017,12,3,1816,18,3,2,1,5,1, , ,N,0,0,0,3,0,1,2,2,N,N,40 03:09.593,75 10:44.025,1840, ,1420, ,0, ,N, ,0, , , , , ,105598, , , ,2,2,0,0,0,0,0,0,0,0,0,1,1,0,0,0,0,0,0,0,0,0,0,0,0,0,0,0,0,0,0,0,0,0,0,4,0,40.0527,-75.1789, ,Philadelphia
 ,10304,2017120491,6,67,67301,2017,10,1,1205,12,1,2,1,4,1, , ,N,1,3,0,3,0,1,2,2,N,N,40 02:18.510,75 10:08.119,1220, ,1217, ,0, ,N, ,3, , , , , ,105603, , , ,1,0,0,0,0,0,1,0,1,0,0,1,1,0,0,0,0,0,0,0,1,0,0,0,0,0,0,0,0,0,0,0,0,0,0,4,0,40.0385,-75.1689, ,Philadelphia
 ,10305,2017097963,6,67,67301,2017,9,4,1042,10,1,2,1,8,1, , ,N,1,0,0,3,0,1,2,2,N, ,40 00:16.847,75 09:07.652,2010, ,2004, ,0, , , ,0, , , , , ,105624, , , ,1,1,0,0,0,0,0,0,0,0,1,0,1,0,1,0,0,0,0,0,0,0,0,0,0,0,0,0,0,0,0,0,1,0,0,3,0,40.0047,-75.1521, ,Philadelphia
 ,10306,2017098006,6,67,67301,2017,9,1,320,3,3,1,1,4,1, , ,N,1,2,0,3,0,0,2,2,N,N,39 56:36.294,75 09:18.968,342, ,339,2,2,2,N, ,3,Y, , , , ,105626, , , ,2,2,0,0,0,0,0,0,0,0,0,0,0,0,0,0,0,0,0,0,1,0,0,0,0,0,0,0,0,0,0,0,0,0,0,0,0,39.9434,-75.1553, ,Philadelphia
 ,10307,2017133926,6,67,67301,2017,11,5,1536,15,1,1,0,5,1, , ,N,0,0,0,3,0,0,1,3,N,N,40 03:59.424,75 09:46.369,1605, ,1558,2,1,5,Y, ,0,Y, , , , ,108694, , , ,3,3,0,0,0,0,0,0,0,0,0,0,0,0,0,0,0,0,0,0,0,0,0,0,0,0,0,0,0,0,0,0,0,0,0,0,0,40.0665,-75.1629, ,Philadelphia
 ,10308,2017130602,6,67,67301,2017,11,7,1035,10,1,1,0,4,1, , ,N,2,2,0,3,0,1,4,2,N,N,39 59:23.269,75 15:02.807,1046, ,1040, ,0, ,N, ,3, , , , , ,108703, , , ,2,1,0,0,0,0,1,0,0,0,0,1,1,0,0,0,0,0,0,0,1,0,0,1,0,0,0,0,0,0,0,0,0,0,0,4,0,39.9898,-75.2508, ,Philadelphia
 ,10309,2017133971,6,67,67301,2017,11,4,1508,15,1,1,0,1,1, , ,N,1,3,0,3,0,0,2,2,N,N,39 55:23.268,75 10:47.143,1512, ,1512,2,1,1,N, ,3,N, , , , ,108704, , , ,2,2,0,0,0,0,0,0,0,0,0,0,0,0,0,0,0,0,0,0,0,0,0,0,0,0,0,0,0,0,0,0,0,0,0,0,0,39.9231,-75.1798, ,Philadelphia
 ,10310,2017138095,6,67,67301,2017,11,4,2115,21,1,1,0,5,1, , ,N,0,0,0,3,0,1,4,2,N,N,39 56:41.425,75 11:27.952,2151, ,2121,1,1,3, , ,0,N, , , , ,108713, , , ,2,2,0,0,0,0,0,0,0,0,1,0,1,0,0,0,0,0,0,0,0,0,0,0,0,0,0,0,0,0,0,0,0,0,0,3,0,39.9448,-75.1911, ,Philadelphia
 ,10311,2017090524,6,67,67301,2017,8,5,1423,14,1,1,0,5,1, , ,N,0,0,0,3,0,1,2,2,N,N,40 02:22.887,75 00:23.915,1430, ,1425,1,1,1, , ,0,N, , , , ,108731, , , ,2,0,0,0,0,1,1,0,0,0,0,0,1,1,0,0,0,0,0,0,1,0,0,0,0,0,0,0,0,0,0,0,0,0,0,8,1,40.0397,-75.0066, ,Philadelphia
 ,10312,2017120590,6,67,67301,2017,10,2,515,5,3,2,1,7,2, , ,N,0,0,0,3,0,1,1,1,N,N,40 00:49.372,75 10:46.192,525, ,520, ,0, , , ,0, , , , , ,108739, , , ,1,1,0,0,0,0,0,0,0,0,1,0,1,0,0,0,0,0,0,0,0,0,0,0,0,0,0,0,0,0,0,0,0,0,0,3,0,40.0133,-75.1801, ,Philadelphia
 ,10313,2017120356,6,67,67301,2017,11,6,2020,20,3,1,0,7,3, , ,N,0,0,0,3,0,1,5,1,N,N,40 01:55.216,75 01:16.822,2116, ,2026,3,2,2, , ,0,N, , , , ,108751, , , ,1,1,0,0,0,0,0,0,0,0,1,0,1,0,0,0,0,1,0,0,0,0,0,0,0,0,0,0,0,0,0,0,0,0,0,3,0,40.032,-75.0213, ,Philadelphia
 ,10314,2018027378,6,67,67301,2017,12,6,1524,15,1,1,0,8,1, , ,N,2,3,0,3,0,1,2,2,N,N,39 54:26.074,75 13:40.897,1753, ,1751, ,0, ,N, ,3, , , , , ,108770, , , ,1,1,0,0,0,0,0,0,0,0,0,0,1,1,0,0,0,0,0,0,0,0,0,0,0,0,0,0,0,0,0,0,1,0,0,8,0,39.9072,-75.228, ,Philadelphia
 ,10315,2017106035,6,67,67301,2017,9,5,1007,10,1,1,0,4,1, , ,N,1,2,0,3,0,1,2,2,N, ,39 57:29.091,75 09:44.737,1008, ,1008,2,1,2, , ,3,Y, , , , ,108777, , , ,2,1,0,0,0,0,1,0,0,0,0,1,1,0,0,0,0,0,0,0,1,0,0,0,0,0,0,0,0,0,0,0,0,0,0,4,0,39.9581,-75.1624, ,Philadelphia
 ,10316,2017127415,6,67,67301,2017,11,7,2215,22,3,1,0,1,1, , ,N,0,0,0,3,0,1,2,2,N,N,40 00:49.306,75 07:33.701,2240, ,2240, ,0, ,N, ,0, , , , , ,108852, , , ,1,0,0,0,0,0,0,1,1,0,1,0,1,0,1,0,0,0,0,0,1,0,0,0,0,0,0,0,0,0,0,0,0,0,0,3,0,40.0137,-75.126, ,Philadelphia
 ,10317,2017120600,6,67,67301,2017,10,5,1105,11,1,1,0,8,6, , ,N,0,0,0,3,0,1,2,2,N,N,39 56:22.200,75 09:22.200,1116, ,1112, ,0, ,N, ,0, , , , , ,108856, , , ,1,0,0,0,0,0,0,1,0,0,1,0,1,0,0,0,0,0,0,0,1,0,0,0,0,0,0,0,0,0,0,0,1,0,0,3,0,39.9395,-75.1562, ,Philadelphia
 ,10318,2017109978,6,67,67301,2017,10,2,1649,16,1,1,0,2,1, , ,N,0,0,0,3,0,0,2,2,N, ,40 00:44.848,75 08:22.555,1649, ,1649, ,0, , , ,0, , , , , ,108866, , , ,2,0,0,0,1,0,0,0,0,0,0,0,0,0,2,0,0,1,0,0,1,0,0,0,0,0,0,0,0,0,0,0,0,0,0,9,0,40.0125,-75.1396, ,Philadelphia
 ,10319,2017096505,6,67,67301,2017,8,3,450,4,3,1,0,4,1, , ,N,1,2,0,3,0,0,2,2,N, ,40 06:46.663,75 01:22.836,504, ,459, ,0, , , ,3, , , , , ,108867, , , ,2,1,0,0,0,0,1,0,0,0,0,0,0,0,0,0,0,0,0,0,0,0,0,1,0,0,0,0,0,0,0,0,0,0,0,0,0,40.113,-75.023, ,Philadelphia
 ,10320,2017129056,6,67,67301,2017,11,4,618,6,5,1,0,7,3, , ,N,0,0,0,3,0,1,1,1,N,N,40 03:01.032,74 59:32.270,634, ,627, ,0, , , ,0, , , , , ,108889, , , ,1,1,0,0,0,0,0,0,0,0,0,1,1,0,0,0,0,0,0,0,0,0,0,0,0,0,0,0,0,0,0,0,0,0,0,4,0,40.0503,-74.9923, ,Philadelphia
 ,10321,2018028942,6,67,67301,2017,12,5,930,9,1,8,1,8,1, , ,N,5,2,0,3,0,1,2,2,N,N,40 00:11.393,75 09:08.837,935, ,931, ,0, ,N, ,3, , , , , ,108916, , , ,1,1,0,0,0,0,0,0,0,0,0,1,1,0,0,0,0,0,0,0,0,1,0,0,0,0,0,0,0,0,0,0,1,0,0,4,0,40.0032,-75.1525, ,Philadelphia
 ,10322,2018020762,6,67,67301,2017,11,5,1210,12,1,1,0,7,4, , ,N,0,0,0,3,0,1,2,1,N, ,40 01:22.100,75 01:59.100,1217, ,1212, ,0, ,N, ,0, , , , , ,108917, , , ,1,1,0,0,0,0,0,0,0,0,0,1,1,0,0,0,0,0,0,0,0,0,0,0,0,0,0,0,0,0,0,0,0,0,0,4,0,40.0228,-75.0331, ,Philadelphia
 ,10323,2017110864,6,67,67301,2017,10,4,2259,22,3,1,0,7,2, , ,N,0,0,0,3,0,1,2,2,N,N,39 58:05.290,75 07:47.242,2315, ,2311,2,2,1, , ,0,N, , , , ,108924, , , ,2,2,0,0,0,0,0,0,0,0,0,0,1,1,1,0,0,0,0,0,0,0,0,0,0,0,0,0,0,0,0,0,0,0,0,8,0,39.9681,-75.1298, ,Philadelphia
 ,10324,2017131103,6,67,67301,2017,11,6,1735,17,3,1,0,1,1, , ,N,0,0,0,3,0,0,6,2,N,N,39 58:37.487,75 11:55.107,1751, ,1738, ,0, , , ,0, , , , , ,108936, , , ,2,0,0,0,0,0,2,0,0,0,0,0,0,0,0,0,0,0,0,0,1,0,0,0,0,0,0,0,0,0,0,0,0,0,0,0,0,39.9771,-75.1986, ,Philadelphia
 ,10325,2017119401,6,67,67301,2017,11,7,1749,17,3,1,0,1,1, , ,N,0,0,0,3,0,2,4,2,N,N,39 57:33.923,75 10:30.816,1755, ,1751,3,2,3, , ,0,N, , , , ,112029, , , ,2,1,0,0,0,0,1,0,0,0,0,0,2,2,0,0,0,0,0,0,0,0,0,0,0,0,0,0,0,0,0,0,0,0,0,8,0,39.9594,-75.1752, ,Philadelphia
 ,10326,2017133952,6,67,67301,2017,11,1,1437,14,1,1,0,4,1, , ,N,1,2,0,3,0,0,2,2,N,N,40 03:42.317,75 03:21.839,1530, ,1522, ,0, ,N, ,3, , , , , ,112033, , , ,2,2,0,0,0,0,0,0,0,0,0,0,0,0,2,0,0,0,0,0,0,0,0,0,0,0,0,0,0,0,0,0,0,0,0,9,0,40.0618,-75.0561, ,Philadelphia
 ,10327,2017135618,6,67,67301,2017,11,1,2010,20,3,1,0,1,1, , ,N,0,0,0,3,0,0,5,2,N,N,39 59:24.362,75 12:20.126,2027, ,2014, ,0, , , ,0, , , , , ,112042, , , ,2,2,0,0,0,0,0,0,0,0,0,0,0,0,0,0,0,0,0,0,0,0,0,0,0,0,0,0,0,0,0,0,0,0,0,0,0,39.9901,-75.2056, ,Philadelphia
 ,10328,2017127884,6,67,67301,2017,11,5,700,7,5,1,0,7,5, , ,N,0,0,2,3,0,0,1,1,N,N,39 59:40.879,75 04:50.533,750, ,745, ,0, ,N, ,0, , , , , ,112046, , , ,1,0,0,0,0,1,0,0,0,0,0,0,0,0,0,0,0,0,0,0,0,0,0,0,0,0,0,0,0,0,0,0,0,0,0,0,1,39.9945,-75.0803, ,Philadelphia
 ,10329,2017128014,6,67,67301,2017,11,1,1850,18,3,1,0,5,1, , ,N,0,0,0,3,0,1,2,2,N,N,40 01:00.074,75 08:52.008,1858, ,1854, ,0, ,N, ,0, , , , , ,112048, , , ,2,2,0,0,0,0,0,0,0,0,0,0,1,1,0,0,0,0,0,0,0,0,0,1,0,0,0,0,0,0,0,0,0,0,0,8,0,40.0167,-75.1478, ,Philadelphia
 ,10330,2017116052,6,67,67301,2017,10,6,9999,99,3,1,0,8,1, , ,N,1,2,0,3,0,1,2,2,N,N,40 01:43.257,75 07:03.868,2250, ,2250, ,0, ,N, ,3, , , , , ,112070, , , ,1,0,0,0,0,0,1,0,0,0,0,0,1,1,0,0,0,0,0,0,0,0,0,0,0,0,0,0,0,0,0,0,1,0,0,8,0,40.0287,-75.1177, ,Philadelphia
 ,10331,2017125359,6,67,67301,2017,10,1,2005,20,3,1,0,1,1, , ,N,0,8,3,3,0,1,2,2,N,N,39 59:12.136,75 12:28.351,2015, ,2006,2,1,4, , ,3,N, , , , ,112072, , , ,2,1,0,0,0,0,1,0,0,0,0,1,1,0,0,0,0,0,0,0,2,0,0,0,0,0,0,0,0,0,0,0,0,0,0,4,0,39.9867,-75.2079, ,Philadelphia
 ,10332,2017105944,6,67,67301,2017,9,4,2125,21,3,1,0,7,5, , ,N,0,0,0,3,0,0,1,1,N,N,40 02:17.745,75 06:36.307,2133, ,2130,1,1,5, , ,0,N, , , , ,112077, , , ,1,0,0,0,0,0,1,0,0,0,0,0,0,0,0,0,0,0,0,0,0,0,0,1,0,0,0,0,0,0,0,0,0,0,0,0,0,40.0383,-75.1101, ,Philadelphia
 ,10333,2017135048,6,67,67301,2017,11,4,1738,17,2,1,0,4,1, , ,N,1,2,0,3,0,1,2,2,N, ,40 02:00.092,75 02:51.666,9999, ,9999, ,0, ,N, ,3, , , , , ,112097, , , ,2,2,0,0,0,0,0,0,0,0,0,0,1,1,0,0,0,0,0,0,0,0,0,0,0,0,0,0,0,0,0,0,0,0,0,8,0,40.0333,-75.0477, ,Philadelphia
 ,10334,2017132203,6,67,67301,2017,12,3,2118,21,3,1,0,1,1, , ,N,0,0,0,3,0,0,2,2,N,N,39 58:23.961,75 11:38.250,2127, ,2119,1,1,3, , ,0,N, , , , ,112122, , , ,2,2,0,0,0,0,0,0,0,0,0,0,0,0,0,0,0,0,1,0,0,0,0,0,0,0,0,0,0,0,0,0,0,0,0,0,0,39.9733,-75.194, ,Philadelphia