wz_ln_closure,objectid_1,crn,district,county,municipality,crash_year,crash_month,day_of_week,time_of_day,hour_of_day,illumination,weather,road_condition,collision_type,relation_to_road,work_zone_type,work_zone_loc,work_zone_ind,intersect_type,tcd_type,location_type,urban_rural,fatal_count,injury_count,person_count,total_units,sch_bus_ind,sch_zone_ind,latitude,longitude,arrival_tm,cons_zone_spd_lim,dispatch_tm,est_hrs_closed,lane_closed,ln_close_dir,ntfy_hiwy_maint,spec_juris_cd,tcd_func_cd,tfc_detour_ind,workers_pres,wz_close_detour,wz_flagger,wz_law_offcr_ind,objectid,wz_moving,wz_other,wz_shlder_mdn,vehicle_count,automobile_count,motorcycle_count,bus_count,small_truck_count,heavy_truck_count,suv_count,van_count,bicycle_count,maj_inj_count,mod_inj_count,min_inj_count,tot_inj_count,unk_inj_deg_count,unk_inj_per_count,driver_count_16yr,driver_count_17yr,driver_count_18yr,driver_count_19yr,driver_count_20yr,driver_count_50_64yr,driver_count_65_74yr,driver_count_75plus,unbelted_occ_count,unb_death_count,unb_maj_inj_count,belted_death_count,belted_maj_inj_count,mcycle_death_count,mcycle_maj_inj_count,bicycle_death_count,bicycle_maj_inj_count,ped_count,ped_death_count,ped_maj_inj_count,max_severity_level,comm_veh_count,dec_lat,dec_long,rdwy_surf_type_cd,county_name
 ,10525,2017128455,6,67,67301,2017,11,3,29,0,3,1,0,7,7, , ,N,7,0,0,3,0,1,1,1,N,N,40 01:14.607,75 02:34.181,35, ,30,1,1,2, , ,0,N, , , , ,109289, , , ,1,0,0,0,0,0,1,0,0,0,1,0,1,0,0,0,0,0,0,0,0,0,0,0,0,0,0,0,0,0,0,0,0,0,0,3,0,40.0207,-75.0428, ,Philadelphia
 ,10526,2018033422,6,67,67301,2017,7,6,433,4,3,1,0,1,1, , ,N,0,0,0,3,0,0,3,2,N,N,40 00:14.946,75 04:35.877,452, ,433,1,1,1,N, ,0,Y, , , , ,109294, , , ,2,1,0,0,0,0,0,0,0,0,0,0,0,0,1,0,0,0,0,0,0,0,0,1,0,0,0,0,0,0,0,0,0,0,0,9,0,40.0042,-75.0766, ,Philadelphia
 ,10527,2018027519,6,67,67301,2017,12,7,1943,19,3,2,1,4,1, , ,N,2,3,0,3,0,3,5,3,N,N,40 02:19.179,75 02:39.344,1945, ,1944,2,1,2,N, ,3,Y, , , , ,109296, , , ,3,2,0,0,0,0,1,0,0,0,0,3,3,0,0,0,0,1,0,0,0,0,0,0,0,0,0,0,0,0,0,0,0,0,0,4,0,40.0387,-75.0443, ,Philadelphia
 ,10528,2017136659,6,67,67301,2017,12,1,2015,20,3,2,1,7,5, , ,N,3,2,0,3,0,0,1,1,N,N,39 57:26.198,75 11:28.249,2022, ,2020, ,0, ,N, ,3, , , , , ,109306, , , ,1,1,0,0,0,0,0,0,0,0,0,0,0,0,0,0,0,0,0,0,1,0,0,1,0,0,0,0,0,0,0,0,0,0,0,0,0,39.9573,-75.1912, ,Philadelphia
 ,10529,2017093575,6,67,67301,2017,8,4,1923,19,1,1,0,4,1, , ,N,1,2,0,3,0,1,3,2,N,N,40 03:22.903,75 04:30.486,1928, ,1924, ,0, , , ,3, , , , , ,109323, , , ,2,1,0,0,0,0,1,0,0,0,0,1,1,0,0,0,0,0,0,0,0,0,0,0,0,0,0,0,0,0,0,0,0,0,0,4,0,40.0564,-75.0751, ,Philadelphia
 ,10530,2017101870,6,67,67301,2017,9,2,1230,12,1,1,0,4,1, , ,N,0,0,7,3,0,2,2,2,N, ,40 06:54.100,75 01:35.200,1252, ,1244,1,2,6, , ,0,Y, , , , ,109325, , , ,2,2,0,0,0,0,0,0,0,0,0,2,2,0,0,0,0,0,0,0,0,0,1,0,0,0,0,0,0,0,0,0,0,0,0,4,0,40.115,-75.0264, ,Philadelphia
 ,10531,2017120710,6,67,67301,2017,10,4,725,7,1,1,0,4,1, , ,N,1,0,0,3,0,0,2,2,N,N,40 04:48.627,75 12:28.637,800, ,745,3,1,3,N, ,0,N, , , , ,109345, , , ,2,1,0,0,0,0,1,0,0,0,0,0,0,0,0,1,0,0,0,0,1,0,0,0,0,0,0,0,0,0,0,0,0,0,0,0,0,40.0802,-75.208, ,Philadelphia
 ,10532,2017096501,6,67,67301,2017,8,3,2055,20,3,2,1,4,1, , ,N,1,3,0,3,0,1,2,2,N,N,40 01:16.160,75 09:07.032,2123, ,2102,1,2,4,N, ,3,N, , , , ,109352, , , ,1,0,0,0,0,0,1,0,1,0,0,1,1,0,0,0,0,0,0,0,0,0,0,0,0,0,0,0,0,0,0,0,0,0,0,4,0,40.0212,-75.152, ,Philadelphia
 ,10533,2017101735,6,46,46104,2017,9,3,1738,17,1,1,0,1,1, , ,N,0,0,0,3,0,2,5,2,N,N,40 00:25.265,75 12:50.300,1740, ,1738,1,2,2, , ,0,Y, , , , ,109353, , , ,2,2,0,0,0,0,0,0,0,0,0,2,2,0,0,0,0,0,0,0,0,0,0,0,0,0,0,0,0,0,0,0,0,0,0,4,0,40.007,-75.214, ,Montgomery
 ,10534,2017127538,6,67,67301,2017,11,4,1403,14,1,1,0,8,1, , ,N,1,2,0,3,0,1,2,2,N, ,39 59:05.418,75 06:48.150,1542, ,1536, ,0, ,N, ,3, , , , , ,109366, , , ,1,0,0,0,0,0,0,1,0,0,0,1,1,0,0,0,0,0,0,0,0,0,0,0,0,0,0,0,0,0,0,0,1,0,0,4,0,39.9848,-75.1134, ,Philadelphia
 ,10535,2017130687,6,67,67301,2017,11,4,848,8,1,1,0,8,1, , ,N,1,2,0,3,0,1,2,2,N,N,39 57:42.279,75 14:19.648,920, ,901, ,0, ,N, ,3, , , , , ,109395, , , ,1,1,0,0,0,0,0,0,0,0,0,1,1,0,0,0,0,0,0,0,0,0,0,0,0,0,0,0,0,0,0,0,1,0,0,4,0,39.9616,-75.2388, ,Philadelphia
 ,10536,2017135023,6,67,67301,2017,11,6,2110,21,3,1,0,7,4, , ,N,2,3,3,3,0,1,1,1,N, ,40 01:02.847,75 10:19.893,2118, ,2115,2,2,1,N, ,3,Y, , , , ,109396, , , ,1,1,0,0,0,0,0,0,0,1,0,0,1,0,0,0,0,0,0,0,0,0,0,0,0,0,0,0,0,0,0,0,0,0,0,2,0,40.0176,-75.1723, ,Philadelphia
 ,10537,2018027463,6,67,67301,2017,12,2,1630,16,1,1,0,8,1, , ,N,0,0,0,3,0,1,2,2,N, ,39 57:14.209,75 11:19.208,2000, ,1630, ,0, ,N, ,0, , , , , ,109408, , , ,1,1,0,0,0,0,0,0,0,0,0,1,1,0,0,0,0,0,0,0,0,0,0,0,0,0,0,0,0,0,0,0,1,0,0,4,0,39.9539,-75.1887, ,Philadelphia
 ,10538,2017130629,6,67,67301,2017,11,5,1225,12,1,1,0,6,6, , ,N,0,0,0,3,0,1,1,3,N,N,39 55:12.000,75 12:45.800,1235, ,1225, ,0, ,N, ,0, , , , , ,109421, , , ,3,1,0,0,0,0,2,0,0,0,1,0,1,0,0,0,0,0,0,0,0,0,0,0,0,0,0,0,0,0,0,0,0,0,0,3,0,39.92,-75.2127, ,Philadelphia
 ,10539,2017130584,6,67,67301,2017,11,6,1000,10,1,1,0,2,1, , ,N,0,0,0,3,0,1,3,4,N, ,40 01:30.200,75 07:01.500,1018, ,1015, ,0, ,N, ,0, , , , , ,109436, , , ,4,3,0,0,0,0,1,0,0,0,0,0,1,1,0,0,0,0,0,0,0,0,0,2,0,0,0,0,0,0,0,0,0,0,0,8,0,40.0251,-75.1171, ,Philadelphia
 ,10540,2017093489,6,67,67301,2017,8,4,1900,19,1,1,0,4,1, , ,N,1,2,0,3,0,2,5,5,N,N,39 57:35.847,75 14:13.646,1915, ,1915, ,0, ,N, ,3, , , , , ,109449, , , ,5,5,0,0,0,0,0,0,0,0,0,2,2,0,0,0,0,0,0,0,0,0,0,0,0,0,0,0,0,0,0,0,0,0,0,4,0,39.96,-75.2371, ,Philadelphia
 ,10541,2017128024,6,67,67301,2017,11,7,1923,19,3,1,0,8,1, , ,N,1,2,0,3,0,1,2,2,N, ,39 56:22.826,75 13:22.598,1925, ,1923, ,0, , , ,3, , , , , ,112668, , , ,1,0,0,0,1,0,0,0,0,0,0,0,1,1,0,0,0,0,0,0,0,0,0,1,0,0,0,0,0,0,0,0,1,0,0,8,0,39.9397,-75.2229, ,Philadelphia
 ,10542,2017132620,6,67,67301,2017,12,5,2230,22,3,1,1,5,1, , ,N,0,0,0,3,0,1,2,2,N,N,39 57:15.928,75 11:32.898,235, ,233, ,0, ,N, ,0, , , , , ,112683, , , ,1,0,0,0,0,0,1,0,1,1,0,0,1,0,1,0,0,0,0,0,0,0,0,0,0,0,0,0,0,0,0,1,0,0,0,2,0,39.9544,-75.1925, ,Philadelphia
 ,10543,2017133999,6,67,67301,2017,11,4,1600,16,3,1,0,1,1, , ,N,1,2,0,3,0,1,3,3,N, ,40 01:17.446,75 08:23.337,1800, ,1650, ,0, ,N, ,3, , , , , ,112690, , , ,3,1,0,0,0,0,1,1,0,0,0,1,1,0,0,0,0,0,0,0,1,0,0,2,0,0,0,0,0,0,0,0,0,0,0,4,0,40.0215,-75.1398, ,Philadelphia
 ,10544,2017128039,6,67,67301,2017,11,1,111,1,3,2,1,4,1, , ,N,0,0,0,3,0,0,2,2,N,N,40 00:40.474,75 09:50.375,145, ,111, ,0, ,N, ,0, , , , , ,112691, , , ,2,2,0,0,0,0,0,0,0,0,0,0,0,0,0,0,0,0,0,0,1,0,0,0,0,0,0,0,0,0,0,0,0,0,0,0,0,40.0112,-75.164, ,Philadelphia
 ,10545,2018030343,6,67,67301,2017,12,5,1030,10,1,1,0,4,1, , ,N,1,2,0,3,0,0,3,2,N,N,40 02:09.919,75 11:38.322,9999, ,0, ,0, ,N, ,3, , , , , ,112697, , , ,2,2,0,0,0,0,0,0,0,0,0,0,0,0,0,0,0,0,0,0,0,1,0,0,0,0,0,0,0,0,0,0,0,0,0,0,0,40.0361,-75.194, ,Philadelphia
 ,10546,2018029254,6,67,67301,2017,12,7,1551,15,1,4,1,4,1, , ,N,1,2,0,3,0,2,3,3,N,N,40 01:01.180,75 11:17.957,1630, ,1623, ,0, ,N, ,3, , , , , ,112699, , , ,3,3,0,0,0,0,0,0,0,0,0,1,2,1,0,0,0,0,0,0,1,0,0,0,0,0,0,0,0,0,0,0,0,0,0,4,0,40.017,-75.1883, ,Philadelphia
 ,10547,2018028856,6,67,67301,2017,12,2,628,6,5,1,1,5,6, , ,N,0,0,0,3,0,1,2,2,N, ,40 02:19.847,75 11:07.218,700, ,655, ,0, ,N, ,0, , , , , ,112717, , , ,2,2,0,0,0,0,0,0,0,0,0,0,1,1,0,0,0,0,0,0,0,0,0,0,0,0,0,0,0,0,0,0,0,0,0,8,0,40.0388,-75.1853, ,Philadelphia
 ,10548,2018020716,6,67,67301,2017,11,4,1843,18,3,1,0,4,1, , ,N,1,2,0,3,0,2,2,4,N,N,40 05:57.051,74 59:43.619,1849, ,1843,3,1,1,N, ,3,Y, , , , ,112719, , , ,4,2,0,0,0,0,2,0,0,0,0,0,2,2,0,0,0,0,0,0,1,1,0,0,0,0,0,0,0,0,0,0,0,0,0,8,0,40.0992,-74.9954, ,Philadelphia
Y,10549,2017098934,6,67,67301,2017,8,3,808,8,1,1,0,1,1,1,4,Y,0,0,3,3,0,1,6,3,N,N,39 58:44.474,75 06:32.408,830,45,810,1,2,1, , ,0,N,Y,N,N,N,112730,N,N,Y,3,1,0,0,0,0,2,0,0,0,0,0,1,1,0,0,0,0,0,0,1,0,0,0,0,0,0,0,0,0,0,0,0,0,0,8,0,39.979,-75.109, ,Philadelphia
 ,10550,2017128001,6,67,67301,2017,11,5,1338,13,1,1,0,1,1, , ,N,1,2,0,3,0,2,3,2,N,N,39 57:44.547,75 09:41.289,1401, ,1357, ,0, ,N, ,3, , , , , ,112739, , , ,2,1,0,0,0,0,1,0,0,0,0,2,2,0,0,0,0,0,0,0,1,0,0,0,0,0,0,0,0,0,0,0,0,0,0,4,0,39.9621,-75.1614, ,Philadelphia
 ,10551,2017130694,6,67,67301,2017,11,5,1530,15,1,1,0,8,1, , ,N,1,3,0,3,0,1,3,2,N,N,40 00:40.096,75 09:11.959,1551, ,1550, ,0, ,N, ,3, , , , , ,112742, , , ,1,0,0,0,0,0,1,0,0,0,0,1,1,0,0,0,0,0,0,0,0,0,0,0,0,0,0,0,0,0,0,0,1,0,0,4,0,40.0111,-75.1533, ,Philadelphia
 ,10552,2018033695,6,67,67301,2017,6,6,1800,18,1,1,0,1,1, , ,N,1,2,0,3,0,1,4,2,N,N,40 01:17.000,75 08:23.500,0, ,0, ,0, ,N, ,3, , , , , ,112750, , , ,2,1,0,0,0,0,1,0,0,0,0,0,1,1,0,0,0,0,0,0,0,0,0,0,0,0,0,0,0,0,0,0,0,0,0,8,0,40.0214,-75.1399, ,Philadelphia
 ,10553,2017101830,6,67,67301,2017,9,4,1630,16,1,2,1,8,1, , ,N,0,0,0,3,0,1,2,2,N,N,40 03:53.017,75 00:33.917,1645, ,1633,2,2,1,N, ,0,N, , , , ,112760, , , ,1,0,0,0,1,0,0,0,0,0,0,0,1,1,0,0,0,0,0,0,0,1,0,0,0,0,0,0,0,0,0,0,1,0,0,8,0,40.0647,-75.0094, ,Philadelphia
 ,10554,2017130586,6,67,67301,2017,11,7,9999,99,3,2,1,8,1, , ,N,1,2,0,3,0,1,2,2,N,N,39 58:18.694,75 14:41.637,2005, ,1959,2,2,6,N, ,3,Y, , , , ,112772, , , ,1,1,0,0,0,0,0,0,0,0,1,0,1,0,0,0,0,0,0,0,0,0,0,0,0,0,0,0,0,0,0,0,1,0,0,3,0,39.9719,-75.2448, ,Philadelphia
 ,10555,2018027530,6,67,67301,2017,12,2,1206,12,1,1,0,4,1, , ,N,1,3,0,3,0,4,6,3,N,N,40 01:43.873,75 05:09.302,1228, ,1225, ,0, ,N, ,3, , , , , ,112780, , , ,3,1,0,0,0,0,2,0,0,0,0,4,4,0,0,0,0,0,0,0,0,0,0,0,0,0,0,0,0,0,0,0,0,0,0,4,0,40.0289,-75.0859, ,Philadelphia
 ,10556,2018033648,6,67,67301,2017,6,5,1330,13,1,1,0,3,1, , ,N,0,0,0,3,0,1,2,2,N,N,40 02:57.404,75 11:02.218,0, ,0, ,0, ,N, ,0, , , , , ,112802, , , ,2,1,0,0,0,0,1,0,0,0,0,0,1,1,0,0,0,0,0,0,0,0,0,0,0,0,0,0,0,0,0,0,0,0,0,8,0,40.0493,-75.1839, ,Philadelphia
 ,10557,2017127494,6,67,67301,2017,11,7,1922,19,3,1,0,8,1, , ,N,1,2,0,3,0,1,4,2,N,N,39 57:13.719,75 09:59.863,1930, ,9999, ,0, ,N, ,3, , , , , ,112816, , , ,1,0,0,0,0,0,0,1,0,0,0,1,1,0,0,0,0,0,0,0,0,0,0,2,0,0,0,0,0,0,0,0,1,0,0,4,0,39.9538,-75.1666, ,Philadelphia
 ,10558,2018006533,6,67,67301,2017,12,4,1441,14,1,1,0,1,1, , ,N,0,0,0,3,0,0,4,4,N,N,40 02:06.602,75 01:04.122,1519, ,1441,3,1,1, , ,0,N, , , , ,112833, , , ,4,0,0,0,0,0,4,0,0,0,0,0,0,0,0,0,0,0,0,0,2,0,0,0,0,0,0,0,0,0,0,0,0,0,0,0,0,40.0352,-75.0178, ,Philadelphia
 ,10559,2017096568,6,67,67301,2017,9,7,1517,15,1,2,1,1,1, , ,N,1,2,0,3,0,4,7,2,N, ,40 04:51.806,75 01:43.881,1523, ,1520,1,1,2, , ,3,N, , , , ,116708, , , ,2,1,0,0,0,0,1,0,0,0,0,0,4,4,0,0,0,0,0,0,1,0,0,0,0,0,0,0,0,0,0,0,0,0,0,8,0,40.0811,-75.0289, ,Philadelphia
 ,10560,2017123039,6,67,67301,2017,11,3,1628,16,4,1,0,5,1, , ,N,1,2,0,3,0,6,8,2,Y,N,40 01:49.195,75 07:54.642,1725, ,1707,1,2,7,N, ,3,Y, , , , ,116712, , , ,2,0,0,1,0,1,0,0,0,0,6,0,6,0,0,0,0,0,0,0,2,0,0,0,0,0,0,0,0,0,0,0,0,0,0,3,1,40.0303,-75.1318, ,Philadelphia
 ,10561,2017100804,6,67,67301,2017,9,1,455,4,3,1,1,7,4, , ,N,0,0,0,3,0,0,1,1,N,N,39 57:16.108,75 10:51.962,504, ,459,1,1,4, , ,0,N, , , , ,116723, , , ,1,1,0,0,0,0,0,0,0,0,0,0,0,0,0,0,0,0,0,0,0,0,0,0,0,0,0,0,0,0,0,0,0,0,0,0,0,39.9545,-75.1811, ,Philadelphia
 ,10562,2017130678,6,67,67301,2017,11,6,1358,13,1,1,0,4,1, , ,N,1,2,0,3,0,1,3,2,Y, ,40 02:35.284,75 04:25.695,1425, ,1400,3,2,7, , ,3,Y, , , , ,116754, , , ,2,0,0,1,0,1,0,0,0,0,0,1,1,0,0,0,0,0,0,0,1,0,0,1,0,0,0,0,0,0,0,0,0,0,0,4,2,40.0431,-75.0738, ,Philadelphia
 ,10563,2017088899,6,67,67301,2017,8,3,1925,19,1,1,0,4,1, , ,N,1,2,0,3,0,5,7,2,N,N,40 01:48.146,75 06:11.546,1945, ,1935, ,0, ,N, ,3, , , , , ,116761, , , ,2,1,0,1,0,0,0,0,0,0,0,5,5,0,0,0,0,0,0,0,1,0,0,0,0,0,0,0,0,0,0,0,0,0,0,4,1,40.0296,-75.1039, ,Philadelphia
 ,10564,2017130664,6,67,67301,2017,11,3,2150,21,3,1,0,4,1, , ,N,0,0,0,3,0,4,5,2,N,N,39 58:37.925,75 12:48.051,2212, ,2206,2,2,5,N, ,0,Y, , , , ,116775, , , ,2,2,0,0,0,0,0,0,0,0,0,1,4,3,0,0,0,0,0,0,0,0,0,1,0,0,0,0,0,0,0,0,0,0,0,4,0,39.9772,-75.2133, ,Philadelphia
 ,10565,2018029943,6,67,67301,2017,12,6,211,2,3,1,0,7,4, , ,N,2,2,0,3,0,0,1,1,N,N,40 02:42.082,75 00:28.635,211, ,211, ,0, ,N, ,3, , , , , ,116787, , , ,1,0,0,0,0,0,1,0,0,0,0,0,0,0,1,0,0,0,0,0,0,0,0,0,0,0,0,0,0,0,0,0,0,0,0,9,0,40.045,-75.008, ,Philadelphia
 ,10566,2017093538,6,67,67301,2017,8,4,2020,20,3,1,0,5,6, , ,N,0,0,0,3,0,1,2,3,N, ,39 57:15.504,75 09:17.049,2112, ,2111, ,0, , , ,0, , , , , ,116791, , , ,2,0,0,0,0,0,1,1,0,0,0,1,1,0,0,0,0,0,0,0,0,0,0,0,0,0,0,0,0,0,0,0,0,0,0,4,0,39.9543,-75.1547, ,Philadelphia
 ,10567,2017130717,6,67,67301,2017,11,2,1840,18,3,1,0,1,1, , ,N,0,2,0,3,0,1,3,2,N, ,40 06:50.298,74 59:16.786,1846, ,1841, ,0, ,N, ,3, , , , , ,116810, , , ,2,0,0,0,1,0,1,0,0,0,0,1,1,0,0,0,0,0,0,0,1,0,0,0,0,0,0,0,0,0,0,0,0,0,0,4,0,40.114,-74.988, ,Philadelphia
 ,10568,2017127987,6,67,67301,2017,11,2,1205,12,1,1,0,4,1, , ,N,1,2,0,3,0,1,2,2,N,N,40 05:20.421,75 01:15.308,1215, ,1210, ,0, ,N, ,3, , , , , ,116815, , , ,2,1,0,0,0,0,1,0,0,0,0,1,1,0,0,0,0,0,0,0,1,0,1,0,0,0,0,0,0,0,0,0,0,0,0,4,0,40.089,-75.0209, ,Philadelphia
 ,10569,2018027425,6,67,67301,2017,12,3,2154,21,3,1,0,8,1, , ,N,0,0,0,3,0,1,2,2,N,N,39 54:25.462,75 13:24.416,2159, ,2155, ,0, ,N, ,0, , , , , ,116829, , , ,1,0,0,0,0,0,1,0,0,0,0,0,1,1,1,0,0,0,0,0,0,0,0,0,0,0,0,0,0,0,0,0,1,0,0,8,0,39.9071,-75.2234, ,Philadelphia
 ,10570,2017133928,6,67,67301,2017,11,6,344,3,3,1,0,4,1, , ,N,1,2,0,3,0,2,3,2,N,N,40 02:41.591,75 04:49.345,405, ,405, ,0, ,N, ,3, , , , , ,116871, , , ,2,1,0,0,0,0,1,0,0,0,0,0,2,2,0,0,0,0,0,0,0,0,0,1,0,0,0,0,0,0,0,0,0,0,0,8,0,40.0449,-75.0804, ,Philadelphia
 ,10571,2018026532,6,67,67301,2017,12,6,1808,18,4,1,0,6,6, , ,N,0,0,0,3,0,1,4,4,N,N,39 57:00.900,75 14:15.200,1808, ,1808,3,2,6,N, ,0,Y, , , , ,116877, , , ,4,3,0,0,0,0,1,0,0,0,1,0,1,0,2,0,0,0,0,0,0,0,0,0,0,0,0,0,0,0,0,0,0,0,0,3,0,39.9503,-75.2376, ,Philadelphia
 ,10572,2018015786,6,67,67301,2017,11,4,530,5,5,2,1,7,4, , ,N,0,0,0,3,0,1,1,1,N, ,40 02:21.380,75 11:20.429,559, ,557, ,0, ,N, ,0, , , , , ,116878, , , ,1,1,0,0,0,0,0,0,0,0,0,0,1,1,0,0,0,0,0,0,0,0,0,0,0,0,0,0,0,0,0,0,0,0,0,8,0,40.0393,-75.189, ,Philadelphia
 ,10573,2018020705,6,67,67301,2017,10,1,703,7,3,2,1,6,1, , ,N,0,0,0,3,0,0,2,2,N,N,40 00:46.700,75 12:04.600,9999, ,733, ,0, ,N, ,0, , , , , ,116915, , , ,2,2,0,0,0,0,0,0,0,0,0,0,0,0,0,0,0,0,0,0,0,0,0,1,0,0,0,0,0,0,0,0,0,0,0,0,0,40.013,-75.2013, ,Philadelphia
 ,10574,2018027598,6,67,67301,2017,12,6,2130,21,3,1,0,4,9, , ,N,1,2,0,3,0,1,3,2,N,N,40 01:00.708,75 08:58.113,2140, ,2137, ,0, ,N, ,3, , , , , ,116919, , , ,2,1,0,0,0,0,1,0,0,0,1,0,1,0,0,0,0,0,0,1,0,0,0,0,0,0,0,0,0,0,0,0,0,0,0,3,0,40.0169,-75.1495, ,Philadelphia
 ,10575,2017136751,6,67,67301,2017,12,6,1515,15,1,1,0,1,1, , ,N,0,0,0,3,0,0,2,2,N,N,39 58:49.214,75 12:20.130,1604, ,1604, ,0, , , ,0, , , , , ,116943, , , ,2,2,0,0,0,0,0,0,0,0,0,0,0,0,0,0,0,0,0,0,0,0,0,0,0,0,0,0,0,0,0,0,0,0,0,0,0,39.9803,-75.2056, ,Philadelphia
 ,10576,2018029783,6,67,67301,2017,12,1,1612,16,1,4,0,4,1, , ,N,1,2,0,3,0,3,3,2,N, ,39 58:12.569,75 08:42.214,1642, ,1642,2,1,4,N, ,3,Y, , , , ,116960, , , ,2,2,0,0,0,0,0,0,0,0,0,0,3,3,0,0,0,0,0,0,0,0,0,0,0,0,0,0,0,0,0,0,0,0,0,8,0,39.9702,-75.1451, ,Philadelphia
 ,10577,2017088984,6,67,67301,2017,8,7,1947,19,1,1,0,4,1, , ,N,1,2,0,3,0,0,3,2,N,N,40 05:12.438,74 58:18.635,1952, ,1947, ,0, ,N, ,3, , , , , ,106295, , , ,2,2,0,0,0,0,0,0,0,0,0,0,0,0,0,0,1,0,0,0,0,0,0,0,0,0,0,0,0,0,0,0,0,0,0,0,0,40.0868,-74.9718, ,Philadelphia
 ,10578,2017086221,6,67,67301,2017,7,1,1700,17,1,1,0,4,1, , ,N,1,3,0,3,0,2,3,2,N, ,40 01:46.444,75 04:51.138,1720, ,1715, ,0, , , ,3, , , , , ,106298, , , ,2,2,0,0,0,0,0,0,0,0,0,1,2,1,0,0,0,0,0,1,0,0,0,0,0,0,0,0,0,0,0,0,0,0,0,4,0,40.0296,-75.0809, ,Philadelphia
 ,10579,2017093057,6,67,67301,2017,8,2,753,7,1,1,0,1,1, , ,N,0,0,0,3,0,2,4,3,N,N,39 57:30.407,75 10:02.439,756, ,755,1,1,3, , ,0,N, , , , ,106323, , , ,3,3,0,0,0,0,0,0,0,0,0,0,2,2,0,0,0,0,0,0,1,0,0,0,0,0,0,0,0,0,0,0,0,0,0,8,0,39.9584,-75.1673, ,Philadelphia
 ,10580,2017127400,6,67,67301,2017,11,5,1545,15,1,1,0,5,1, , ,N,0,0,0,3,0,1,2,2,N, ,39 57:36.542,75 12:18.486,9999, ,0, ,0, , , ,0, , , , , ,106342, , , ,1,1,0,0,0,0,0,0,1,0,0,1,1,0,1,0,0,0,0,0,0,0,0,0,0,0,0,0,0,0,0,0,0,0,0,4,0,39.9602,-75.2051, ,Philadelphia
 ,10581,2017101877,6,67,67301,2017,9,6,2025,20,3,1,0,8,1, , ,N,0,0,0,3,0,1,3,2,N,N,40 03:11.993,75 09:23.394,2040, ,1035,3,1,1,N, ,0,N, , , , ,106343, , , ,1,1,0,0,0,0,0,0,0,0,1,0,1,0,0,0,0,0,0,0,0,0,0,2,0,0,0,0,0,0,0,0,1,0,0,3,0,40.0533,-75.1565, ,Philadelphia
 ,10582,2017121423,6,67,67301,2017,11,7,745,7,1,1,0,4,1, , ,N,1,2,0,3,0,0,2,2,N,N,40 00:16.847,75 09:07.652,755, ,745, ,0, ,N, ,3, , , , , ,106349, , , ,2,1,0,0,0,0,1,0,0,0,0,0,0,0,0,0,0,0,0,0,1,0,0,0,0,0,0,0,0,0,0,0,0,0,0,0,0,40.0047,-75.1521, ,Philadelphia
 ,10583,2017101810,6,67,67301,2017,9,1,1621,16,1,1,0,5,6, , ,N,0,0,0,3,1,1,3,6,N,N,40 01:21.606,75 02:58.455,1630, ,1626,9,2,7,N,0,0,Y, , , , ,106367, , , ,5,4,0,0,0,0,0,1,0,0,0,1,1,0,0,0,0,0,0,0,0,0,0,0,0,0,0,0,0,0,0,0,1,1,0,1,0,40.0227,-75.0496,2,Philadelphia
 ,10584,2018020715,6,67,67301,2017,10,3,1500,15,1,1,0,4,1, , ,N,1,2,0,3,0,1,2,2,N,N,40 05:41.825,75 00:55.565,1514, ,1510,1,2,2,N, ,3,N, , , , ,106392, , , ,2,1,0,0,0,0,0,1,0,0,0,1,1,0,0,0,0,0,0,0,0,0,0,0,0,0,0,0,0,0,0,0,0,0,0,4,0,40.095,-75.0154, ,Philadelphia
 ,10585,2017127398,6,67,67301,2017,11,5,1111,11,1,1,0,4,1, , ,N,1,2,0,3,0,1,3,2,N,N,39 58:01.833,75 12:20.294,1118, ,1111,1,1,4, , ,3,Y, , , , ,106415, , , ,2,2,0,0,0,0,0,0,0,0,0,1,1,0,0,0,0,0,0,0,0,0,0,1,0,0,0,0,0,0,0,0,0,0,0,4,0,39.9672,-75.2056, ,Philadelphia
 ,10586,2017135136,6,67,67301,2017,12,7,1935,19,2,1,0,7,2, , ,N,0,0,0,3,0,1,1,1,N,N,39 56:39.645,75 11:30.437,1949, ,1939, ,0, , , ,0, , , , , ,106419, , , ,1,1,0,0,0,0,0,0,0,0,0,1,1,0,0,0,0,0,0,0,0,0,0,0,0,0,0,0,0,0,0,0,0,0,0,4,0,39.9442,-75.192, ,Philadelphia
 ,10587,2018027344,6,67,67301,2017,12,5,655,6,1,1,0,4,1, , ,N,1,2,0,3,0,0,2,2,N, ,40 01:19.466,75 03:47.720,725, ,720, ,0, ,N, ,3, , , , , ,106427, , , ,2,1,0,0,0,0,1,0,0,0,0,0,0,0,0,0,0,0,0,0,0,0,0,0,0,0,0,0,0,0,0,0,0,0,0,9,0,40.0221,-75.0631, ,Philadelphia
 ,10588,2018029933,6,67,67301,2017,12,3,1438,14,1,1,0,1,6, , ,N,0,0,0,3,0,0,1,2,N,N,40 04:23.300,75 05:12.600,1540, ,1522, ,0, ,N, ,0, , , , , ,106428, , , ,2,0,0,0,0,0,2,0,0,0,0,0,0,0,0,0,0,0,0,0,0,1,0,0,0,0,0,0,0,0,0,0,0,0,0,0,0,40.0731,-75.0868, ,Philadelphia