wz_ln_closure,objectid_1,crn,district,county,municipality,crash_year,crash_month,day_of_week,time_of_day,hour_of_day,illumination,weather,road_condition,collision_type,relation_to_road,work_zone_type,work_zone_loc,work_zone_ind,intersect_type,tcd_type,location_type,urban_rural,fatal_count,injury_count,person_count,total_units,sch_bus_ind,sch_zone_ind,latitude,longitude,arrival_tm,cons_zone_spd_lim,dispatch_tm,est_hrs_closed,lane_closed,ln_close_dir,ntfy_hiwy_maint,spec_juris_cd,tcd_func_cd,tfc_detour_ind,workers_pres,wz_close_detour,wz_flagger,wz_law_offcr_ind,objectid,wz_moving,wz_other,wz_shlder_mdn,vehicle_count,automobile_count,motorcycle_count,bus_count,small_truck_count,heavy_truck_count,suv_count,van_count,bicycle_count,maj_inj_count,mod_inj_count,min_inj_count,tot_inj_count,unk_inj_deg_count,unk_inj_per_count,driver_count_16yr,driver_count_17yr,driver_count_18yr,driver_count_19yr,driver_count_20yr,driver_count_50_64yr,driver_count_65_74yr,driver_count_75plus,unbelted_occ_count,unb_death_count,unb_maj_inj_count,belted_death_count,belted_maj_inj_count,mcycle_death_count,mcycle_maj_inj_count,bicycle_death_count,bicycle_maj_inj_count,ped_count,ped_death_count,ped_maj_inj_count,max_severity_level,comm_veh_count,dec_lat,dec_long,rdwy_surf_type_cd,county_name
 ,10589,2017127446,6,67,67301,2017,11,2,850,8,1,2,1,1,1, , ,N,0,0,0,3,0,1,4,2,N,N,40 01:10.000,75 12:04.700,940, ,856, ,0, , , ,0, , , , , ,106435, , , ,2,0,0,0,0,0,2,0,0,0,0,1,1,0,3,0,0,0,0,0,1,0,0,0,0,0,0,0,0,0,0,0,0,0,0,4,0,40.0194,-75.2013, ,Philadelphia
 ,10590,2018005424,6,67,67301,2017,12,1,1705,17,3,1,0,4,1, , ,N,1,2,0,3,0,1,5,3,N,N,40 02:20.299,75 09:00.127,1724, ,1712,1,1,1,N, ,3,N, , , , ,106442, , , ,2,1,0,0,0,0,0,1,1,0,0,1,1,0,0,0,0,0,0,0,0,0,1,0,0,0,0,0,0,0,0,0,0,0,0,4,0,40.039,-75.15, ,Philadelphia
 ,10591,2017109829,6,67,67301,2017,10,3,702,7,1,1,0,8,1, , ,N,1,2,0,3,0,1,2,2,N,N,40 07:07.975,75 01:04.685,712, ,709, ,0, ,N, ,3, , , , , ,106457, , , ,1,1,0,0,0,0,0,0,0,0,0,0,1,1,0,0,0,0,0,0,0,0,0,1,0,0,0,0,0,0,0,0,1,0,0,8,0,40.1189,-75.018, ,Philadelphia
 ,10592,2017137567,6,67,67301,2017,12,4,1508,15,1,1,0,6,1, , ,N,0,0,0,3,0,1,3,2,N,N,40 07:02.349,75 01:09.028,1515, ,1511,2,1,2,N, ,0,N, , , , ,106468, , , ,2,2,0,0,0,0,0,0,0,0,0,1,1,0,1,0,0,0,0,0,0,0,0,0,0,0,0,0,0,0,0,0,0,0,0,4,0,40.1173,-75.0192, ,Philadelphia
 ,10593,2017127380,6,67,67301,2017,11,5,730,7,1,1,0,4,1, , ,N,1,3,0,3,0,1,2,2,N, ,39 58:24.933,75 13:34.453,752, ,748, ,0, , , ,3, , , , , ,106495, , , ,2,1,0,0,0,0,0,1,0,0,0,1,1,0,0,0,0,0,0,0,0,0,0,1,0,0,0,0,0,0,0,0,0,0,0,4,0,39.9737,-75.2263, ,Philadelphia
 ,10594,2018020734,6,67,67301,2017,11,7,2200,22,3,1,0,5,1, , ,N,0,0,0,3,0,2,3,3,N,N,39 55:24.639,75 11:31.196,2205, ,2201,3,2,2,N, ,0,Y, , , , ,106527, , , ,3,1,0,0,0,0,2,0,0,0,0,0,2,2,0,0,0,0,0,0,1,0,0,1,0,0,0,0,0,0,0,0,0,0,0,8,0,39.9239,-75.1923, ,Philadelphia
 ,10595,2017127300,6,67,67301,2017,11,7,2054,20,3,1,0,5,6, , ,N,0,0,0,3,0,1,1,3,N,N,40 04:35.401,75 04:56.140,2059, ,2054, ,0, ,N, ,0, , , , , ,109461, , , ,3,1,0,0,0,0,2,0,0,0,0,0,1,1,0,0,0,0,0,0,0,0,0,0,0,0,0,0,0,0,0,0,0,0,0,8,0,40.0765,-75.0823, ,Philadelphia
 ,10596,2018029739,6,67,67301,2017,12,2,1830,18,3,1,0,2,1, , ,N,0,0,0,3,0,1,2,3,N, ,40 07:25.400,75 01:37.700,1842, ,1837, ,0, ,N, ,0, , , , , ,109481, , , ,3,2,0,0,0,0,0,0,0,0,0,1,1,0,0,0,0,1,0,0,0,1,0,0,0,0,0,0,0,0,0,0,0,0,0,4,0,40.1237,-75.0271, ,Philadelphia
 ,10597,2018005508,6,67,67301,2017,12,7,1920,19,3,1,0,5,6, , ,N,0,0,0,3,0,1,1,2,N, ,39 59:11.100,75 07:43.200,1940, ,1935, ,0, ,N, ,0, , , , , ,109482, , , ,2,1,0,0,0,0,1,0,0,0,0,1,1,0,0,0,1,0,0,0,0,0,0,1,0,0,0,0,0,0,0,0,0,0,0,4,0,39.9864,-75.1287, ,Philadelphia
 ,10598,2018027401,6,67,67301,2017,12,5,1605,16,1,1,0,4,1, , ,N,1,2,0,3,0,1,2,2,N,N,39 57:22.492,75 09:45.625,1615, ,1610, ,0, ,N, ,3, , , , , ,109509, , , ,2,2,0,0,0,0,0,0,0,0,0,1,1,0,0,0,0,0,1,0,0,0,0,0,0,0,0,0,0,0,0,0,0,0,0,4,0,39.9562,-75.1627, ,Philadelphia
 ,10599,2018005449,6,67,67301,2017,12,7,332,3,3,1,0,5,1, , ,N,0,0,3,3,0,0,2,2,N, ,39 53:52.084,75 12:41.969,440, ,402,1,1,4,N, ,0,N, , , , ,109512, , , ,2,0,0,0,0,0,1,0,0,0,0,0,0,0,1,0,0,0,0,0,0,0,0,0,0,0,0,0,0,0,0,0,0,0,0,9,0,39.8978,-75.2117, ,Philadelphia
 ,10600,2017127541,6,67,67301,2017,11,4,1015,10,1,1,0,7,4, , ,N,0,0,0,3,0,0,1,1,N,N,39 59:23.036,75 05:17.929,1020, ,1015, ,0, ,N, ,0, , , , , ,109521, , , ,1,1,0,0,0,0,0,0,0,0,0,0,0,0,0,0,0,0,0,0,1,0,0,0,0,0,0,0,0,0,0,0,0,0,0,0,0,39.9897,-75.0883, ,Philadelphia
 ,10601,2017106039,6,67,67301,2017,9,5,1604,16,1,1,0,4,1, , ,N,1,2,0,3,0,0,3,2,N, ,40 01:48.346,75 05:17.332,1626, ,1620, ,0, , , ,3, , , , , ,109530, , , ,2,1,0,0,0,0,1,0,0,0,0,0,0,0,3,0,0,0,0,0,1,1,0,0,0,0,0,0,0,0,0,0,0,0,0,9,0,40.0301,-75.0881, ,Philadelphia
 ,10602,2017127333,6,67,67301,2017,11,3,1700,17,3,1,0,8,1, , ,N,1,2,0,3,0,1,2,2,N, ,39 59:27.154,75 05:28.375,1703, ,1700, ,0, , , ,3, , , , , ,109546, , , ,1,0,0,0,1,0,0,0,0,0,1,0,1,0,0,0,0,0,0,0,0,0,0,1,0,0,0,0,0,0,0,0,1,0,0,3,0,39.9909,-75.0912, ,Philadelphia
 ,10603,2018029768,6,67,67301,2017,12,6,1518,15,1,1,0,1,1, , ,N,1,2,0,3,0,0,5,2,N,N,40 00:35.524,75 09:21.688,1525, ,1526,1,1,1,N, ,3,Y, , , , ,109551, , , ,2,1,0,0,0,0,1,0,0,0,0,0,0,0,1,0,0,0,0,0,0,1,0,0,0,0,0,0,0,0,0,0,0,0,0,9,0,40.0099,-75.156, ,Philadelphia
 ,10604,2017128452,6,67,67301,2017,11,5,858,8,1,1,0,1,1, , ,N,0,0,0,3,0,1,2,2,N,N,39 58:28.009,75 07:06.209,955, ,900,1,1,2, , ,0,N, , , , ,109552, , , ,2,2,0,0,0,0,0,0,0,0,1,0,1,0,0,0,0,0,0,0,1,0,0,0,0,0,0,0,0,0,0,0,0,0,0,3,0,39.9744,-75.1184, ,Philadelphia
 ,10605,2017091835,6,67,67301,2017,8,1,450,4,3,1,0,1,1, , ,N,1,2,0,3,0,2,2,2,N, ,40 06:50.926,74 59:15.880,500, ,452,1,1,1, , ,3,N, , , , ,109575, , , ,2,1,0,0,0,0,1,0,0,0,0,0,2,2,0,0,0,0,0,0,1,0,0,0,0,0,0,0,0,0,0,0,0,0,0,8,0,40.1141,-74.9877, ,Philadelphia
 ,10606,2017133784,6,67,67301,2017,12,7,1628,16,4,4,1,4,1, , ,N,0,0,0,3,0,1,2,2,N,N,39 56:14.713,75 11:55.003,1658, ,1632, ,0, , , ,0, , , , , ,109580, , , ,2,1,0,0,0,0,1,0,0,0,1,0,1,0,1,0,0,0,0,0,0,0,0,0,0,0,0,0,0,0,0,0,0,0,0,3,0,39.9374,-75.1986, ,Philadelphia
 ,10607,2018034688,6,67,67301,2017,6,5,930,9,1,1,0,1,1, , ,N,1,2,0,3,0,1,2,2,N,N,39 54:20.725,75 11:37.765,0, ,0, ,0, ,N, ,3, , , , , ,109597, , , ,2,1,0,0,0,0,1,0,0,0,0,0,1,1,0,0,0,0,0,0,0,0,0,0,0,0,0,0,0,0,0,0,0,0,0,8,0,39.9057,-75.1939, ,Philadelphia
 ,10608,2017132454,6,67,67301,2017,11,4,938,9,1,1,1,1,1, , ,N,0,0,0,3,0,0,4,4,N,N,39 59:37.471,75 11:58.370,954, ,941, ,0, , , ,0, , , , , ,109624, , , ,4,1,0,0,0,0,2,1,0,0,0,0,0,0,0,0,0,0,0,0,1,0,0,0,0,0,0,0,0,0,0,0,0,0,0,0,0,39.9937,-75.1995, ,Philadelphia
 ,10609,2018005510,6,67,67301,2017,12,6,1530,15,1,1,0,7,4, , ,N,0,0,1,3,0,0,1,1,N, ,39 58:28.100,75 08:04.300,1540, ,1537, ,0, ,N, ,0, , , , , ,109631, , , ,1,0,0,0,0,0,1,0,0,0,0,0,0,0,0,0,0,0,0,0,0,1,0,0,0,0,0,0,0,0,0,0,0,0,0,0,0,39.9745,-75.1345, ,Philadelphia
 ,10610,2017096596,6,67,67301,2017,8,4,1220,12,1,1,0,8,1, , ,N,1,2,0,3,0,1,2,2,N, ,40 05:40.347,75 00:54.154,1227, ,1223, ,0, , , ,3, , , , , ,109636, , , ,1,0,0,0,1,0,0,0,0,0,1,0,1,0,0,0,0,0,0,0,1,0,0,0,0,0,0,0,0,0,0,0,1,0,0,3,0,40.0945,-75.015, ,Philadelphia
 ,10611,2017120492,6,67,67301,2017,10,6,1320,13,1,1,0,6,6, , ,N,0,0,0,3,0,1,2,4,N,N,40 03:58.205,75 11:04.784,1339, ,1339, ,0, ,N, ,0, , , , , ,109650, , , ,4,3,0,0,0,0,0,1,0,0,1,0,1,0,0,0,0,0,0,0,0,0,1,0,0,0,0,0,0,0,0,0,0,0,0,3,0,40.0662,-75.1847, ,Philadelphia
 ,10612,2018029942,6,67,67301,2017,12,7,950,9,1,6,1,2,1, , ,N,1,2,0,3,0,2,2,2,N,N,40 05:29.578,74 57:56.181,954, ,952,9,1,3,N, ,2,N, , , , ,109683, , , ,2,2,0,0,0,0,0,0,0,0,0,0,0,0,2,0,0,0,0,1,0,1,0,0,0,0,0,0,0,0,0,0,0,0,0,9,0,40.0915,-74.9656, ,Philadelphia
 ,10613,2018005258,6,67,67301,2017,12,4,834,8,1,1,0,0,4, , ,N,6,0,2,3,0,0,2,2,N,N,39 53:58.258,75 09:48.996,834, ,834, ,0, ,N, ,0, , , , , ,112835, , , ,2,1,0,0,0,1,0,0,0,0,0,0,0,0,0,0,0,0,0,0,0,0,0,0,0,0,0,0,0,0,0,0,0,0,0,0,1,39.8995,-75.1636, ,Philadelphia
 ,10614,2018004692,6,67,67301,2017,12,3,903,9,1,1,0,5,4, , ,N,6,0,2,3,0,0,2,2,N,N,39 53:24.415,75 13:12.026,911, ,906, ,0, , , ,0, , , , , ,112871, , , ,2,0,0,0,1,0,1,0,0,0,0,0,0,0,0,0,0,0,0,0,1,0,0,0,0,0,0,0,0,0,0,0,0,0,0,0,1,39.8901,-75.22, ,Philadelphia
 ,10615,2017127490,6,67,67301,2017,10,7,1202,12,1,1,0,4,1, , ,N,1,2,0,3,0,3,3,2,N, ,39 57:02.487,75 14:27.938,1218, ,1217,2,1,2,N, ,2,Y, , , , ,112885, , , ,2,1,0,0,0,0,0,1,0,0,0,3,3,0,0,0,0,0,0,0,1,0,0,0,0,0,0,0,0,0,0,0,0,0,0,4,0,39.9507,-75.2411, ,Philadelphia
 ,10616,2017135050,6,67,67301,2017,11,4,1743,17,3,1,0,8,1, , ,N,0,0,0,3,0,1,2,2,N, ,40 01:43.500,75 05:06.900,2300, ,1743, ,0, ,N, ,0, , , , , ,112890, , , ,1,1,0,0,0,0,0,0,0,0,0,1,1,0,0,0,0,0,0,0,0,0,0,1,0,0,0,0,0,0,0,0,1,0,0,4,0,40.0288,-75.0853, ,Philadelphia
 ,10617,2017127425,6,67,67301,2017,11,1,2130,21,3,1,0,1,1, , ,N,1,2,0,3,0,1,7,3,N,N,40 01:33.382,75 07:23.377,2145, ,2135,2,1,2,N, ,3,N, , , , ,112894, , , ,3,3,0,0,0,0,0,0,0,0,0,1,1,0,0,0,0,0,0,0,0,0,0,0,0,0,0,0,0,0,0,0,0,0,0,4,0,40.0259,-75.1232, ,Philadelphia
 ,10618,2018001099,6,67,67301,2017,12,3,2101,21,3,1,0,5,1, , ,N,0,0,0,3,0,1,2,3,N,N,39 53:55.824,75 10:44.876,2101, ,2101, ,0, , , ,0, , , , , ,112901, , , ,3,0,0,0,0,1,1,0,0,0,0,0,1,1,0,0,0,0,0,0,0,0,1,0,0,0,0,0,0,0,0,0,0,0,0,8,1,39.8988,-75.1791, ,Philadelphia
 ,10619,2018005490,6,67,67301,2017,11,2,9999,99,1,1,0,8,4, , ,N,2,2,0,3,0,1,2,2,N,N,40 01:11.588,75 10:29.885,9999, ,9999, ,0, ,N, ,3, , , , , ,112904, , , ,1,1,0,0,0,0,0,0,0,0,1,0,1,0,0,0,0,0,0,0,0,0,0,0,0,0,0,0,0,0,0,0,1,0,0,3,0,40.0199,-75.175, ,Philadelphia
 ,10620,2018029781,6,67,67301,2017,12,5,1500,15,1,1,0,4,1, , ,N,1,3,0,3,0,1,2,2,N,N,39 57:52.340,75 09:04.546,1511, ,1510, ,0, ,N, ,3, , , , , ,112907, , , ,1,0,0,0,0,0,0,1,1,0,0,1,1,0,0,0,0,0,0,0,0,0,0,0,0,0,0,0,0,0,0,0,0,0,0,4,0,39.9645,-75.1513, ,Philadelphia
 ,10621,2017101873,6,67,67301,2017,9,4,1730,17,1,2,1,4,1, , ,N,1,2,0,3,0,0,2,2,N,N,40 05:07.675,75 02:14.870,1812, ,1808, ,0, ,N, ,3, , , , , ,112911, , , ,2,1,0,0,0,0,1,0,0,0,0,0,0,0,0,0,0,0,0,0,0,1,0,0,0,0,0,0,0,0,0,0,0,0,0,0,0,40.0854,-75.0374, ,Philadelphia
 ,10622,2017122812,6,67,67301,2017,10,3,1210,12,1,1,0,1,1, , ,N,1,3,0,3,0,1,3,2,N,N,39 59:54.412,75 10:35.860,1220, ,1215, ,0, , , ,3, , , , , ,112916, , , ,2,1,0,0,0,1,0,0,0,0,0,1,1,0,0,0,0,0,1,0,0,0,0,1,0,0,0,0,0,0,0,0,0,0,0,4,1,39.9984,-75.1766, ,Philadelphia
 ,10623,2017128439,6,67,67301,2017,10,7,909,9,1,1,0,1,1, , ,N,0,8,0,3,0,2,5,3,N,N,39 58:29.541,75 07:03.325,931, ,923,1,2,2, , ,3,N, , , , ,112950, , , ,3,2,0,0,0,0,1,0,0,0,1,1,2,0,0,0,0,0,0,0,0,0,0,0,0,0,0,0,0,0,0,0,0,0,0,3,0,39.9749,-75.1176, ,Philadelphia
 ,10624,2018005788,6,67,67301,2017,12,3,643,6,1,1,0,1,1, , ,N,0,0,2,3,0,0,3,3,N,N,40 00:27.554,75 04:11.389,721, ,645, ,0, ,N, ,0, , , , , ,112962, , , ,3,2,0,0,0,0,0,1,0,0,0,0,0,0,0,0,0,0,0,0,1,0,0,0,0,0,0,0,0,0,0,0,0,0,0,0,0,40.0077,-75.0698, ,Philadelphia
 ,10625,2017093605,6,67,67301,2017,8,3,730,7,1,1,0,4,1, , ,N,1,3,0,3,0,0,3,2,N,N,40 00:48.862,75 04:59.620,1625, ,1625, ,0, ,N, ,3, , , , , ,112970, , , ,2,2,0,0,0,0,0,0,0,0,0,0,0,0,2,0,0,0,0,0,0,0,0,0,0,0,0,0,0,0,0,0,0,0,0,9,0,40.0136,-75.0832, ,Philadelphia
 ,10626,2017127422,6,67,67301,2017,11,6,1815,18,3,1,0,1,1, , ,N,1,2,0,3,0,1,2,2,N, ,40 02:09.834,75 07:39.560,2118, ,2115, ,0, , , ,3, , , , , ,112979, , , ,2,1,0,0,0,0,1,0,0,0,0,0,1,1,0,0,0,0,0,0,0,0,0,1,0,0,0,0,0,0,0,0,0,0,0,8,0,40.0361,-75.1277, ,Philadelphia
 ,10627,2017135204,6,67,67301,2017,12,1,2249,22,3,1,0,7,4, , ,N,0,0,0,3,0,2,2,1,N,N,39 54:06.525,75 09:06.553,2305, ,2258,2,2,2, , ,0,N, , , , ,112985, , , ,1,1,0,0,0,0,0,0,0,0,0,0,2,2,0,0,0,0,0,0,0,0,0,0,0,0,0,0,0,0,0,0,0,0,0,8,0,39.9018,-75.1518, ,Philadelphia
 ,10628,2017127319,6,67,67301,2017,11,7,854,8,1,1,0,4,1, , ,N,1,3,0,3,0,1,2,2,N,N,40 02:11.979,75 02:54.884,900, ,854, ,0, ,N, ,3, , , , , ,112988, , , ,2,0,0,0,0,0,2,0,0,0,0,0,1,1,0,0,0,0,0,0,0,0,0,1,0,0,0,0,0,0,0,0,0,0,0,8,0,40.0367,-75.0486, ,Philadelphia
 ,10629,2017127421,6,67,67301,2017,11,7,236,2,3,1,0,7,4, , ,N,1,3,1,3,0,1,2,1,N, ,39 58:27.336,75 08:04.239,300, ,256, ,0, , , ,3, , , , , ,112995, , , ,1,1,0,0,0,0,0,0,0,0,1,0,1,0,0,0,0,0,0,0,0,0,0,1,0,0,0,0,0,0,0,0,0,0,0,3,0,39.9743,-75.1345, ,Philadelphia
 ,10630,2017133959,6,67,67301,2017,11,7,2330,23,3,1,0,7,3, , ,N,0,0,0,3,0,0,2,2,N, ,40 01:00.325,75 08:58.196,2333, ,2330, ,0, ,N, ,0, , , , , ,113005, , , ,2,2,0,0,0,0,0,0,0,0,0,0,0,0,0,0,0,0,0,0,0,0,0,2,0,0,0,0,0,0,0,0,0,0,0,0,0,40.0168,-75.1495, ,Philadelphia
 ,10631,2018028954,6,67,67301,2017,12,1,1850,18,3,1,1,6,1, , ,N,0,0,0,3,0,1,2,3,N, ,40 01:09.400,75 03:53.700,1942, ,1937, ,0, ,N, ,0, , , , , ,117703, , , ,2,0,0,0,0,0,1,0,1,0,0,1,1,0,0,0,0,0,0,0,0,0,0,0,0,0,0,0,0,0,0,0,0,0,0,4,0,40.0193,-75.0649, ,Philadelphia
 ,10632,2018027593,6,67,67301,2017,12,1,2100,21,2,1,0,4,1, , ,N,1,2,0,3,0,1,2,2,N,N,39 58:59.767,75 07:32.979,2116, ,2114,1,1,1,N, ,1,Y, , , , ,117704, , , ,2,2,0,0,0,0,0,0,0,0,0,1,1,0,0,0,0,0,0,0,0,0,0,2,0,0,0,0,0,0,0,0,0,0,0,4,0,39.9833,-75.1258, ,Philadelphia
 ,10633,2017093570,6,67,67301,2017,8,3,1120,11,1,1,0,4,6, , ,N,0,0,7,3,0,0,4,2,N, ,39 57:47.500,75 10:22.900,1130, ,1128, ,0, , , ,0, , , , , ,117736, , , ,2,1,0,0,0,1,0,0,0,0,0,0,0,0,0,0,0,0,0,0,0,0,0,0,0,0,0,0,0,0,0,0,0,0,0,0,1,39.9632,-75.173, ,Philadelphia
 ,10634,2017135137,6,67,67301,2017,12,1,123,1,3,1,0,5,1, , ,N,0,0,0,3,0,1,2,2,N,N,39 55:51.186,75 11:56.667,141, ,133, ,0, , , ,0, , , , , ,117742, , , ,2,1,0,0,0,0,0,0,0,0,1,0,1,0,1,0,0,0,0,0,0,0,0,0,0,0,0,0,0,0,0,0,0,0,0,3,0,39.9309,-75.1991, ,Philadelphia
 ,10635,2017097952,6,67,67301,2017,9,7,1750,17,1,1,0,4,1, , ,N,1,2,0,3,0,1,2,2,N,N,39 54:27.155,75 11:24.115,1805, ,1800, ,0, ,N, ,3, , , , , ,117774, , , ,2,1,1,0,0,0,0,0,0,0,0,0,1,1,0,0,0,0,0,0,1,0,0,0,0,0,0,0,0,0,0,0,0,0,0,8,0,39.9075,-75.1901, ,Philadelphia
 ,10636,2017097993,6,67,67301,2017,9,7,1400,14,1,1,0,1,1, , ,N,0,2,0,3,0,0,3,2,N,N,40 07:01.009,75 01:10.312,1412, ,1408,1,1,1,N, ,3,N, , , , ,117779, , , ,2,0,0,0,0,0,2,0,0,0,0,0,0,0,0,0,0,0,0,0,1,0,0,0,0,0,0,0,0,0,0,0,0,0,0,0,0,40.1169,-75.0195, ,Philadelphia
 ,10637,2017135088,6,67,67301,2017,11,2,1315,13,1,1,0,4,1, , ,N,1,2,0,3,0,1,2,2,N,N,39 59:05.816,75 09:29.666,1325, ,1325, ,0, ,N, ,3, , , , , ,117781, , , ,2,1,0,0,0,0,1,0,0,0,0,1,1,0,0,0,0,0,0,1,0,1,0,2,0,0,0,0,0,0,0,0,0,0,0,4,0,39.9849,-75.1582, ,Philadelphia
 ,10638,2017130614,6,67,67301,2017,11,6,926,9,1,1,0,8,1, , ,N,1,2,0,3,0,1,2,2,N,N,39 58:53.953,75 10:26.004,931, ,926, ,0, ,N, ,3, , , , , ,117790, , , ,1,0,0,0,0,0,1,0,0,0,0,1,1,0,0,0,0,0,0,0,1,0,0,1,0,0,0,0,0,0,0,0,1,0,0,4,0,39.9816,-75.1739, ,Philadelphia
 ,10639,2017135092,6,67,67301,2017,11,1,1706,17,3,1,0,8,1, , ,N,1,2,0,3,0,1,2,2,N, ,40 01:41.935,75 07:12.129,1717, ,1707, ,0, ,N, ,3, , , , , ,117792, , , ,1,1,0,0,0,0,0,0,0,0,1,0,1,0,0,0,0,0,0,0,1,0,0,0,0,0,0,0,0,0,0,0,1,0,0,3,0,40.0283,-75.12, ,Philadelphia
 ,10640,2017127542,6,67,67301,2017,11,1,1330,13,1,1,0,4,1, , ,N,0,0,7,3,0,1,3,2,N,N,40 00:06.900,75 12:54.300,1331, ,1330, ,0, ,N, ,0, , , , , ,117795, , , ,2,1,0,0,1,0,0,0,0,0,0,0,1,1,0,0,0,0,0,0,1,0,1,0,0,0,0,0,0,0,0,0,0,0,0,8,0,40.0019,-75.2151, ,Philadelphia
 ,10641,2017128087,6,67,67301,2017,11,4,2006,20,3,1,0,4,1, , ,N,1,2,0,3,0,2,2,2,N,N,39 59:34.796,75 08:04.250,2152, ,2150, ,0, ,N, ,3, , , , , ,117796, , , ,2,0,0,0,1,0,1,0,0,0,0,2,2,0,0,0,0,0,0,0,0,0,0,0,0,0,0,0,0,0,0,0,0,0,0,4,0,39.993,-75.1345, ,Philadelphia
 ,10642,2018027411,6,67,67301,2017,12,2,120,1,3,2,1,7,5, , ,N,1,3,0,3,0,1,1,1,N,N,39 56:23.830,75 13:41.728,125, ,125, ,0, ,N, ,3, , , , , ,117806, , , ,1,0,0,0,0,0,1,0,0,0,0,1,1,0,0,0,0,0,0,0,1,0,0,0,0,0,0,0,0,0,0,0,0,0,0,4,0,39.94,-75.2283, ,Philadelphia
 ,10643,2017087865,6,67,67301,2017,8,1,222,2,3,1,0,5,6, , ,N,0,0,0,3,0,0,1,3,N,N,39 57:24.491,75 11:57.963,225, ,224, ,0, ,N, ,0, , , , , ,117814, , , ,3,2,0,0,0,0,1,0,0,0,0,0,0,0,0,0,0,0,0,0,0,0,0,0,0,0,0,0,0,0,0,0,0,0,0,0,0,39.9568,-75.1994, ,Philadelphia
 ,10644,2018032119,6,67,67301,2017,11,1,1017,10,1,1,0,4,1, , ,N,1,0,0,3,0,1,6,2,N,N,40 03:08.005,75 03:21.585,1020, ,1018,2,2,7,N, ,0,Y, , , , ,117821, , , ,2,0,1,0,0,0,1,0,0,1,0,0,1,0,0,0,0,0,0,1,1,0,0,5,0,0,0,0,0,1,0,0,0,0,0,2,0,40.0522,-75.056, ,Philadelphia
 ,10645,2018020752,6,67,67301,2017,11,5,9999,99,3,1,0,4,1, , ,N,1,2,1,3,0,1,3,3,N, ,40 00:39.342,75 05:19.369,9999, ,9999, ,0, ,N, ,3, , , , , ,117823, , , ,2,1,0,0,0,0,0,1,1,0,0,0,1,1,0,0,0,0,0,0,1,0,0,2,0,0,0,0,0,0,0,0,0,0,0,8,0,40.0109,-75.0887, ,Philadelphia
 ,10646,2018026529,6,67,67301,2017,12,4,528,5,3,1,0,7,4, , ,N,1,2,0,3,0,1,2,1,N,N,40 02:22.246,75 09:15.901,541, ,541, ,0, ,N, ,3, , , , , ,117825, , , ,1,1,0,0,0,0,0,0,0,0,1,0,1,0,0,0,0,0,0,0,0,0,0,2,0,0,0,0,0,0,0,0,0,0,0,3,0,40.0395,-75.1544, ,Philadelphia
 ,10647,2017097930,6,67,67301,2017,9,1,1840,18,1,1,0,4,1, , ,N,0,0,7,3,0,1,3,2,N,N,40 04:38.507,75 05:07.627,1900, ,1852,2,1,1,N, ,0,N, , , , ,117838, , , ,2,2,0,0,0,0,0,0,0,0,0,1,1,0,1,0,0,0,0,0,0,0,0,0,0,0,0,0,0,0,0,0,0,0,0,4,0,40.0774,-75.0855, ,Philadelphia
 ,10648,2017128066,6,67,67301,2017,11,7,1025,10,1,1,0,8,1, , ,N,1,2,0,3,0,1,3,2,N,N,39 57:05.578,75 09:24.232,1030, ,1025, ,0, , , ,3, , , , , ,117851, , , ,1,1,0,0,0,0,0,0,0,0,0,0,1,1,0,0,0,0,0,0,0,0,0,1,0,0,0,0,0,0,0,0,1,0,0,8,0,39.9515,-75.1567, ,Philadelphia
 ,10649,2017109783,6,67,67301,2017,9,1,1752,17,1,1,0,7,1, , ,N,0,0,0,3,0,1,1,1,N, ,39 59:47.122,75 08:21.291,1756, ,1755,2,2,1, , ,0,Y, , , , ,106534, , , ,1,0,1,0,0,0,0,0,0,0,0,1,1,0,0,0,0,0,0,0,0,0,0,0,0,0,0,0,0,0,0,0,0,0,0,4,0,39.9964,-75.1392, ,Philadelphia
 ,10650,2017135607,6,67,67301,2017,10,7,1536,15,1,1,0,4,1, , ,N,0,0,0,3,0,0,3,2,N,N,39 53:12.310,75 12:54.170,1555, ,1549,2,2,1,N, ,0,N, , , , ,106537, , , ,2,0,0,0,0,0,2,0,0,0,0,0,0,0,0,0,0,1,0,0,0,0,0,0,0,0,0,0,0,0,0,0,0,0,0,0,0,39.8867,-75.215, ,Philadelphia
 ,10651,2017127531,6,67,67301,2017,11,1,1750,17,1,1,0,4,1, , ,N,0,0,0,3,0,3,3,2,N, ,40 02:00.852,75 02:48.897,1752, ,1751,3,1,2, , ,0,Y, , , , ,106586, , , ,2,0,0,0,1,0,1,0,0,0,1,1,3,1,0,0,0,0,0,0,1,0,0,0,0,0,0,0,0,0,0,0,0,0,0,3,0,40.0336,-75.0469, ,Philadelphia