wz_ln_closure,objectid_1,crn,district,county,municipality,crash_year,crash_month,day_of_week,time_of_day,hour_of_day,illumination,weather,road_condition,collision_type,relation_to_road,work_zone_type,work_zone_loc,work_zone_ind,intersect_type,tcd_type,location_type,urban_rural,fatal_count,injury_count,person_count,total_units,sch_bus_ind,sch_zone_ind,latitude,longitude,arrival_tm,cons_zone_spd_lim,dispatch_tm,est_hrs_closed,lane_closed,ln_close_dir,ntfy_hiwy_maint,spec_juris_cd,tcd_func_cd,tfc_detour_ind,workers_pres,wz_close_detour,wz_flagger,wz_law_offcr_ind,objectid,wz_moving,wz_other,wz_shlder_mdn,vehicle_count,automobile_count,motorcycle_count,bus_count,small_truck_count,heavy_truck_count,suv_count,van_count,bicycle_count,maj_inj_count,mod_inj_count,min_inj_count,tot_inj_count,unk_inj_deg_count,unk_inj_per_count,driver_count_16yr,driver_count_17yr,driver_count_18yr,driver_count_19yr,driver_count_20yr,driver_count_50_64yr,driver_count_65_74yr,driver_count_75plus,unbelted_occ_count,unb_death_count,unb_maj_inj_count,belted_death_count,belted_maj_inj_count,mcycle_death_count,mcycle_maj_inj_count,bicycle_death_count,bicycle_maj_inj_count,ped_count,ped_death_count,ped_maj_inj_count,max_severity_level,comm_veh_count,dec_lat,dec_long,rdwy_surf_type_cd,county_name
 ,10652,2018005538,6,67,67301,2017,12,6,1244,12,1,1,0,1,1, , ,N,0,0,0,3,0,1,2,2,N, ,40 01:45.880,75 05:18.255,1254, ,1244, ,0, ,N, ,0, , , , , ,106606, , , ,2,1,0,0,1,0,0,0,0,0,0,1,1,0,0,0,0,0,0,0,0,0,0,0,0,0,0,0,0,0,0,0,0,0,0,4,0,40.0294,-75.0884, ,Philadelphia
 ,10653,2017102640,6,67,67301,2017,9,7,258,2,3,1,0,9,1, , ,N,0,0,0,3,0,0,1,1,N,N,39 54:24.403,75 08:59.323,321, ,310, ,0, , , ,0, , , , , ,106614, , , ,1,1,0,0,0,0,0,0,0,0,0,0,0,0,0,0,0,0,0,0,1,0,0,0,0,0,0,0,0,0,0,0,0,0,0,0,0,39.9068,-75.1498, ,Philadelphia
 ,10654,2017127511,6,67,67301,2017,11,7,2219,22,3,1,0,4,1, , ,N,1,2,0,3,0,1,2,2,N, ,39 56:40.775,75 09:55.208,2235, ,2227, ,0, , , ,3, , , , , ,106639, , , ,1,0,0,0,0,0,1,0,1,0,0,0,1,1,0,0,0,0,0,0,0,0,0,0,0,0,0,0,0,0,0,0,0,0,0,8,0,39.9447,-75.1652, ,Philadelphia
 ,10655,2018005565,6,67,67301,2017,12,3,858,8,1,1,0,1,1, , ,N,2,2,0,3,0,0,4,3,N,N,40 05:42.206,74 58:41.555,915, ,910,2,1,2,N, ,3,Y, , , , ,106670, , , ,3,2,0,1,0,0,0,0,0,0,0,0,0,0,0,0,0,0,0,0,1,0,0,0,0,0,0,0,0,0,0,0,0,0,0,0,1,40.0949,-74.9782, ,Philadelphia
 ,10656,2017135091,6,67,67301,2017,11,6,630,6,3,1,0,8,1, , ,N,1,2,0,3,0,1,2,2,N,N,39 59:49.352,75 10:42.874,830, ,826, ,0, ,N, ,3, , , , , ,106710, , , ,1,0,0,0,0,0,1,0,0,0,0,1,1,0,0,0,0,0,0,0,0,0,0,1,0,0,0,0,0,0,0,0,1,0,0,4,0,39.997,-75.1786, ,Philadelphia
 ,10657,2018006471,6,67,67301,2017,12,5,1012,10,1,1,0,1,1, , ,N,0,0,0,3,0,1,2,2,N,N,39 59:06.910,75 12:29.986,1035, ,1035, ,0, , , ,0, , , , , ,106715, , , ,2,1,0,0,0,0,1,0,0,0,0,0,1,1,0,0,0,0,0,0,0,0,0,0,0,0,0,0,0,0,0,0,0,0,0,8,0,39.9853,-75.2083, ,Philadelphia
 ,10658,2018033725,6,67,67301,2017,6,4,1330,13,1,1,0,1,1, , ,N,0,0,0,3,0,2,3,2,N,N,39 58:46.753,75 13:30.652,0, ,0, ,0, ,N, ,0, , , , , ,106718, , , ,2,1,0,0,0,0,0,0,0,0,0,0,2,2,0,0,0,0,0,0,0,0,0,0,0,0,0,0,0,0,0,0,0,0,0,8,0,39.9797,-75.2252, ,Philadelphia
 ,10659,2017135071,6,67,67301,2017,11,6,1545,15,1,1,0,4,1, , ,N,1,2,0,3,0,2,3,2,N,N,40 02:31.564,75 10:47.878,1545, ,1545, ,0, ,N, ,3, , , , , ,106723, , , ,2,2,0,0,0,0,0,0,0,0,0,0,2,2,0,0,0,0,0,0,0,0,0,0,0,0,0,0,0,0,0,0,0,0,0,8,0,40.0421,-75.18, ,Philadelphia
 ,10660,2017135037,6,67,67301,2017,11,2,1340,13,1,1,0,8,1, , ,N,2,0,0,3,0,1,2,2,N, ,40 05:20.374,74 59:47.119,1353, ,1346, ,0, ,N, ,0, , , , , ,106737, , , ,1,0,0,0,0,0,1,0,0,0,0,1,1,0,0,0,0,0,0,0,0,0,1,0,0,0,0,0,0,0,0,0,1,0,0,4,0,40.089,-74.9964, ,Philadelphia
 ,10661,2017088959,6,67,67301,2017,8,7,2022,20,3,1,0,5,6, , ,N,0,0,0,3,0,1,1,2,N,N,39 54:43.352,75 14:41.657,2026, ,2023,1,2,4, , ,0,N, , , , ,106751, , , ,2,1,0,0,0,0,1,0,0,0,0,0,1,1,0,0,0,0,0,0,1,0,0,0,0,0,0,0,0,0,0,0,0,0,0,8,0,39.912,-75.2449, ,Philadelphia
 ,10662,2017116215,6,67,67301,2017,10,5,1010,10,1,2,1,2,1, , ,N,0,0,0,3,0,1,2,2,N, ,40 01:47.108,75 11:16.716,1016, ,1016, ,0, , , ,0, , , , , ,106762, , , ,2,1,0,0,0,0,1,0,0,0,1,0,1,0,0,0,0,0,0,0,0,0,0,1,0,0,0,0,0,0,0,0,0,0,0,3,0,40.0298,-75.188, ,Philadelphia
 ,10663,2017117491,6,67,67301,2017,10,1,1812,18,3,2,7,2,1, , ,N,0,0,0,3,0,0,3,2,N,N,39 56:44.988,75 08:33.159,1825, ,1815,1,1,2, , ,0,N, , , , ,106763, , , ,2,0,0,0,0,1,1,0,0,0,0,0,0,0,0,0,0,0,0,0,1,0,0,0,0,0,0,0,0,0,0,0,0,0,0,0,1,39.9458,-75.1425, ,Philadelphia
 ,10664,2017117249,6,67,67301,2017,3,4,1849,18,8,9,0,4,1, , ,N,1,2,0,3,0,3,5,2,N,N,40 01:34.813,75 05:50.872,1620, ,1620, ,0, ,N, ,3, , , , , ,106764, , , ,2,0,0,0,0,0,2,0,0,0,0,0,3,3,2,0,0,0,0,0,1,0,0,0,0,0,0,0,0,0,0,0,0,0,0,8,0,40.0263,-75.0975, ,Philadelphia
 ,10665,2018027363,6,67,67301,2017,12,7,1215,12,1,2,1,8,1, , ,N,1,2,0,3,0,1,2,2,N,N,40 01:58.068,75 12:51.988,1223, ,1219, ,0, ,N, ,3, , , , , ,106794, , , ,1,1,0,0,0,0,0,0,0,0,0,1,1,0,0,0,0,0,0,0,1,0,0,1,0,0,0,0,0,0,0,0,1,0,0,4,0,40.0328,-75.2144, ,Philadelphia
 ,10666,2017135090,6,67,67301,2017,11,1,210,2,3,1,0,1,1, , ,N,0,0,0,3,0,1,5,3,N, ,39 58:37.181,75 09:29.404,212, ,212,3,1,2,N, ,0,N, , , , ,106808, , , ,3,2,0,0,0,0,1,0,0,0,0,0,1,1,2,0,0,0,0,0,0,0,0,0,0,0,0,0,0,0,0,0,0,0,0,8,0,39.977,-75.1582, ,Philadelphia
 ,10667,2017109880,6,67,67301,2017,10,5,1816,18,4,1,0,1,1, , ,N,0,0,0,3,0,2,4,4,N, ,40 01:55.308,75 03:47.844,1816, ,1816, ,0, , , ,0, , , , , ,109687, , , ,4,2,0,0,1,0,1,0,0,0,0,2,2,0,0,0,0,0,0,0,2,0,0,2,0,0,0,0,0,0,0,0,0,0,0,4,0,40.032,-75.0633, ,Philadelphia
 ,10668,2017132192,6,67,67301,2017,12,7,1527,15,1,4,3,4,1, , ,N,0,0,3,3,0,0,4,2,N,N,39 53:27.550,75 11:57.980,1533, ,1533,2,2,1, , ,0,N, , , , ,109711, , , ,2,1,0,0,0,0,1,0,0,0,0,0,0,0,0,0,0,0,0,0,1,0,0,0,0,0,0,0,0,0,0,0,0,0,0,0,0,39.891,-75.1994, ,Philadelphia
 ,10669,2018020736,6,67,67301,2017,10,3,925,9,1,2,1,5,1, , ,N,0,0,0,3,0,1,2,2,N,N,39 57:21.200,75 14:10.300,925, ,925, ,0, ,N, ,0, , , , , ,109724, , , ,1,0,0,0,0,0,1,0,1,0,0,1,1,0,0,0,0,0,0,0,0,0,0,0,0,0,0,0,0,0,0,0,0,0,0,4,0,39.9559,-75.2362, ,Philadelphia
 ,10670,2018027543,6,67,67301,2017,12,7,1010,10,1,2,1,4,1, , ,N,1,3,0,3,0,0,4,2,N,N,40 01:49.407,75 08:59.762,1028, ,1026, ,0, ,N, ,3, , , , , ,109725, , , ,2,1,0,0,0,0,1,0,0,0,0,0,0,0,0,0,0,0,0,0,0,0,0,0,0,0,0,0,0,0,0,0,0,0,0,0,0,40.0304,-75.1499, ,Philadelphia
 ,10671,2017130711,6,67,67301,2017,11,2,1055,10,1,1,0,1,3, , ,N,0,0,0,3,0,1,2,2,N,N,40 04:36.449,75 01:17.256,1102, ,1057,1,1,3,N, ,0,N, , , , ,109768, , , ,2,0,0,0,1,0,1,0,0,0,0,0,1,1,0,0,0,0,0,0,2,0,0,0,0,0,0,0,0,0,0,0,0,0,0,8,0,40.0768,-75.0215, ,Philadelphia
 ,10672,2017128069,6,67,67301,2017,11,5,1215,12,1,1,0,4,1, , ,N,1,3,0,3,0,2,2,2,N,N,40 03:58.690,75 10:49.864,1335, ,1330, ,0, ,N, ,3, , , , , ,109769, , , ,2,2,0,0,0,0,0,0,0,0,0,0,2,2,0,0,0,0,0,0,0,1,0,0,0,0,0,0,0,0,0,0,0,0,0,8,0,40.0663,-75.1805, ,Philadelphia
 ,10673,2017136600,6,67,67301,2017,12,7,1117,11,1,4,1,1,1, , ,N,0,0,3,3,0,1,2,2,N,N,39 57:37.064,75 10:51.223,1141, ,1120,1,2,4,N, ,0,N, , , , ,109772, , , ,2,2,0,0,0,0,0,0,0,0,1,0,1,0,0,0,0,0,0,1,1,0,0,1,0,0,0,0,0,0,0,0,0,0,0,3,0,39.9603,-75.1809, ,Philadelphia
 ,10674,2018030149,6,67,67301,2017,12,6,945,9,1,1,0,8,1, , ,N,0,0,7,3,0,1,2,2,N,N,39 57:27.800,75 10:02.600,956, ,953, ,0, ,N, ,0, , , , , ,109781, , , ,1,1,0,0,0,0,0,0,0,0,0,1,1,0,0,0,0,0,0,0,0,0,0,0,0,0,0,0,0,0,0,0,1,0,0,4,0,39.9577,-75.1674, ,Philadelphia
 ,10675,2017135132,6,67,67301,2017,12,5,2057,20,3,1,0,7,7, , ,N,0,0,0,3,0,0,1,1,N,N,39 59:45.797,75 04:57.847,2106, ,2106,2,1,1, , ,0,N, , , , ,109794, , , ,1,1,0,0,0,0,0,0,0,0,0,0,0,0,0,0,0,0,0,0,0,0,0,0,0,0,0,0,0,0,0,0,0,0,0,0,0,39.9961,-75.0827, ,Philadelphia
 ,10676,2018020728,6,67,67301,2017,11,1,144,1,3,1,0,6,1, , ,N,0,0,0,3,0,0,2,2,N, ,40 06:42.300,75 00:57.600,150, ,144,3,2,1,N, ,0,N, , , , ,109818, , , ,2,1,0,0,0,0,1,0,0,0,0,0,0,0,0,0,0,0,0,0,0,1,0,1,0,0,0,0,0,0,0,0,0,0,0,0,0,40.1118,-75.016, ,Philadelphia
 ,10677,2017128046,6,67,67301,2017,11,5,15,0,3,1,0,7,4, , ,N,0,0,0,3,0,1,1,1,N,N,40 07:27.198,75 00:54.606,30, ,22, ,0, ,N, ,0, , , , , ,109828, , , ,1,0,0,0,0,0,1,0,0,0,0,0,1,1,0,0,0,0,0,0,0,0,0,0,0,0,0,0,0,0,0,0,0,0,0,8,0,40.1242,-75.0152, ,Philadelphia
 ,10678,2017120577,6,67,67301,2017,10,3,2043,20,3,1,0,4,1, , ,N,1,2,0,3,0,0,2,2,N,N,39 57:40.391,75 10:30.537,2045, ,2043, ,0, , , ,3, , , , , ,109854, , , ,2,1,0,0,0,0,1,0,0,0,0,0,0,0,0,0,0,0,0,0,0,0,0,0,0,0,0,0,0,0,0,0,0,0,0,0,0,39.9613,-75.175, ,Philadelphia
 ,10679,2017120654,6,67,67301,2017,10,7,205,2,3,1,0,1,1, , ,N,1,2,0,3,0,0,3,2,N,N,39 57:37.020,75 13:36.682,209, ,206,1,2,4,N, ,3,Y, , , , ,109856, , , ,2,1,0,0,1,0,0,0,0,0,0,0,0,0,0,0,0,0,0,0,0,0,0,0,0,0,0,0,0,0,0,0,0,0,0,0,0,39.9602,-75.2269, ,Philadelphia
 ,10680,2018028943,6,67,67301,2017,12,7,1135,11,1,1,4,8,1, , ,N,1,2,0,3,0,1,2,2,N, ,39 58:13.346,75 08:53.302,1147, ,1141, ,0, ,N, ,3, , , , , ,109860, , , ,1,1,0,0,0,0,0,0,0,0,0,1,1,0,0,0,0,0,0,0,0,0,0,0,0,0,0,0,0,0,0,0,1,0,0,4,0,39.9704,-75.1482, ,Philadelphia
 ,10681,2018027552,6,67,67301,2017,12,3,1700,17,1,1,0,4,1, , ,N,3,0,0,3,0,1,3,2,N,N,40 00:14.608,75 10:49.249,1710, ,1710, ,0, ,N, ,0, , , , , ,109871, , , ,2,1,0,0,0,0,1,0,0,0,0,0,1,1,0,0,0,0,0,0,0,1,0,0,0,0,0,0,0,0,0,0,0,0,0,8,0,40.0041,-75.1804, ,Philadelphia
 ,10682,2017120668,6,67,67301,2017,10,2,724,7,1,1,0,4,1, , ,N,2,0,0,3,0,1,2,2,N, ,39 58:28.325,75 15:36.545,9999, ,742, ,0, , , ,0, , , , , ,109877, , , ,1,0,0,0,0,0,0,1,1,0,0,0,1,1,1,0,0,0,0,0,0,0,0,0,0,0,0,0,0,0,0,0,0,0,0,8,0,39.9745,-75.2602, ,Philadelphia
 ,10683,2017133941,6,67,67301,2017,11,2,2120,21,3,1,0,5,1, , ,N,1,2,0,3,0,1,5,2,N,N,39 58:54.836,75 10:14.109,2130, ,2130, ,0, ,N, ,3, , , , , ,109887, , , ,2,1,0,0,0,0,0,1,0,0,0,0,1,1,0,0,0,0,0,0,0,0,0,1,0,0,0,0,0,0,0,0,0,0,0,8,0,39.9819,-75.1706, ,Philadelphia
 ,10684,2017131037,6,67,67301,2017,10,6,1641,16,1,1,0,1,1, , ,N,0,0,0,3,0,0,2,2,N,N,39 58:02.103,75 07:57.834,1653, ,1644,1,1,1, , ,0,N, , , , ,109897, , , ,2,1,0,0,0,0,1,0,0,0,0,0,0,0,0,0,0,0,0,0,1,0,0,0,0,0,0,0,0,0,0,0,0,0,0,0,0,39.9673,-75.1327, ,Philadelphia
 ,10685,2018026805,6,67,67301,2017,12,5,1045,10,1,1,0,1,1, , ,N,0,0,0,3,0,1,4,4,N,N,40 00:32.606,75 11:20.251,1055, ,1050,1,2,1,N, ,0,N, , , , ,113015, , , ,4,2,0,1,0,0,1,0,0,0,1,0,1,0,0,0,0,0,0,0,0,0,0,2,0,0,0,0,0,0,0,0,0,0,0,3,1,40.0091,-75.189, ,Philadelphia
 ,10686,2017110886,6,67,67301,2017,10,4,652,6,1,1,0,5,1, , ,N,0,0,0,3,0,0,2,2,N,N,39 53:08.279,75 12:31.796,717, ,652,1,2,1, , ,0,N, , , , ,113022, , , ,2,1,0,0,0,1,0,0,0,0,0,0,0,0,0,0,0,0,0,0,0,0,0,0,0,0,0,0,0,0,0,0,0,0,0,0,1,39.8856,-75.2087, ,Philadelphia
 ,10687,2017135226,6,67,67301,2017,12,4,2230,22,3,4,3,1,1, , ,N,0,0,0,3,0,0,3,3,N,N,40 01:44.936,75 01:22.144,2300, ,2235, ,0, ,N, ,0, , , , , ,113051, , , ,3,3,0,0,0,0,0,0,0,0,0,0,0,0,0,0,0,0,1,0,0,0,0,0,0,0,0,0,0,0,0,0,0,0,0,0,0,40.0291,-75.0228, ,Philadelphia
 ,10688,2018026500,6,67,67301,2017,12,4,2320,23,3,1,0,8,1, , ,N,3,0,0,3,0,1,2,2,N,N,39 58:12.928,75 12:49.850,2337, ,2329, ,0, ,N, ,0, , , , , ,113063, , , ,1,0,0,0,0,0,0,0,0,0,0,1,1,0,0,0,0,0,0,0,0,0,0,0,0,0,0,0,0,0,0,0,1,0,0,4,0,39.9703,-75.2139, ,Philadelphia
 ,10689,2017130684,6,67,67301,2017,11,3,1641,16,3,1,0,4,1, , ,N,1,2,0,3,0,1,2,2,N,N,39 56:49.740,75 09:21.892,9999, ,1650, ,0, ,N, ,3, , , , , ,113064, , , ,2,1,0,1,0,0,0,0,0,0,0,1,1,0,0,0,0,0,0,0,1,0,1,0,0,0,0,0,0,0,0,0,0,0,0,4,1,39.9472,-75.1561, ,Philadelphia
 ,10690,2017130626,6,67,67301,2017,11,7,1813,18,3,2,1,6,1, , ,N,1,2,0,3,0,1,3,3,N, ,39 55:06.839,75 13:32.964,1815, ,1813, ,0, ,N, ,3, , , , , ,113071, , , ,3,2,0,0,0,0,1,0,0,0,0,0,1,1,2,0,0,0,0,0,2,0,0,0,0,0,0,0,0,0,0,0,0,0,0,8,0,39.9185,-75.2259, ,Philadelphia
 ,10691,2018026506,6,67,67301,2017,12,7,1810,18,3,4,4,1,1, , ,N,0,0,0,3,0,4,7,3,N,N,40 03:14.091,75 08:29.362,1818, ,1815, ,0, ,N, ,0, , , , , ,113082, , , ,3,2,0,0,0,0,1,0,0,0,0,4,4,0,0,0,0,0,0,0,0,0,1,3,0,0,0,0,0,0,0,0,0,0,0,4,0,40.0539,-75.1415, ,Philadelphia
 ,10692,2017097861,6,67,67301,2017,9,6,1610,16,1,1,0,1,1, , ,N,1,2,0,3,0,1,5,2,N,N,39 57:10.730,75 10:06.316,1625, ,1616, ,0, ,N, ,3, , , , , ,113086, , , ,2,1,0,0,0,0,1,0,0,0,0,1,1,0,0,0,0,0,0,0,1,0,0,0,0,0,0,0,0,0,0,0,0,0,0,4,0,39.953,-75.1685, ,Philadelphia
 ,10693,2017086342,6,67,67301,2017,7,1,220,2,3,1,0,5,6, , ,N,0,0,0,3,0,1,2,3,N, ,40 02:26.607,75 02:41.223,235, ,229, ,0, , , ,0, , , , , ,113088, , , ,2,0,0,0,1,0,0,1,0,0,0,1,1,0,0,0,0,1,0,0,0,0,0,0,0,0,0,0,0,0,0,0,1,0,0,4,0,40.0407,-75.0448, ,Philadelphia
 ,10694,2017127992,6,67,67301,2017,10,1,1750,17,3,2,1,4,1, , ,N,0,0,0,3,0,0,5,2,N,N,40 00:28.525,75 08:26.832,1754, ,1754,2,1,6, , ,0,N, , , , ,113101, , , ,2,1,0,0,0,0,1,0,0,0,0,0,0,0,0,0,0,0,0,0,0,0,0,0,0,0,0,0,0,0,0,0,0,0,0,0,0,40.0079,-75.1408, ,Philadelphia
 ,10695,2018027540,6,67,67301,2017,12,5,2153,21,3,1,0,4,1, , ,N,1,2,0,3,0,1,3,2,N,N,39 59:25.575,75 07:37.375,2203, ,2157, ,0, ,N, ,3, , , , , ,113120, , , ,2,2,0,0,0,0,0,0,0,0,0,0,1,1,0,0,0,0,0,0,0,0,0,1,0,0,0,0,0,0,0,0,0,0,0,8,0,39.9903,-75.127, ,Philadelphia
 ,10696,2017127452,6,67,67301,2017,11,7,7,0,3,1,0,6,1, , ,N,0,0,0,3,0,1,4,3,N,N,40 02:07.447,75 11:19.386,51, ,47,2,2,4,N, ,0,Y, , , , ,113127, , , ,3,2,0,0,0,0,1,0,0,0,0,0,1,1,0,0,0,0,0,0,0,0,0,0,0,0,0,0,0,0,0,0,0,0,0,8,0,40.0354,-75.1887, ,Philadelphia
 ,10697,2017127544,6,67,67301,2017,11,2,540,5,5,6,1,8,1, , ,N,1,2,0,3,0,1,2,2,N, ,40 01:40.344,75 03:36.560,547, ,542,1,1,2, , ,3,Y, , , , ,113132, , , ,1,1,0,0,0,0,0,0,0,0,0,0,1,1,0,0,0,0,0,0,0,0,0,1,0,0,0,0,0,0,0,0,1,0,0,8,0,40.0278,-75.0601, ,Philadelphia
 ,10698,2018027432,6,67,67301,2017,12,7,2240,22,3,1,1,4,1, , ,N,1,2,0,3,0,1,2,2,N,N,40 00:38.955,75 07:35.936,2248, ,2248, ,0, ,N, ,3, , , , , ,113140, , , ,2,2,0,0,0,0,0,0,0,0,0,1,1,0,0,0,0,0,0,0,0,0,0,0,0,0,0,0,0,0,0,0,0,0,0,4,0,40.0108,-75.1266, ,Philadelphia
 ,10699,2018033321,6,67,67301,2017,3,5,1900,19,1,1,0,5,1, , ,N,0,0,0,3,0,1,2,2,N,N,39 58:51.845,75 07:03.591,0, ,0, ,0, ,N, ,0, , , , , ,113141, , , ,2,1,0,0,0,0,1,0,0,0,0,0,1,1,0,0,0,0,0,0,0,0,0,0,0,0,0,0,0,0,0,0,0,0,0,8,0,39.9811,-75.1177, ,Philadelphia
 ,10700,2018031027,6,67,67301,2017,12,2,624,6,1,1,0,4,1, , ,N,0,0,7,3,0,1,2,2,N,N,40 02:09.304,75 13:03.691,630, ,626, ,0, ,N, ,0, , , , , ,113145, , , ,1,0,0,0,1,0,0,0,1,0,0,0,1,1,0,0,0,0,0,0,0,0,0,0,0,0,0,0,0,0,0,0,0,0,0,8,0,40.0359,-75.2177, ,Philadelphia
 ,10701,2017127548,6,67,67301,2017,11,2,1815,18,3,8,1,1,1, , ,N,0,0,3,3,0,1,3,2,N,N,39 57:48.755,75 11:09.790,1829, ,1829, ,0, ,N, ,0, , , , , ,113162, , , ,2,2,0,0,0,0,0,0,0,0,1,0,1,0,0,0,0,0,0,0,0,1,0,0,0,0,0,0,0,0,0,0,0,0,0,3,0,39.9635,-75.1861, ,Philadelphia
 ,10702,2017121228,6,67,67301,2017,11,6,1748,17,3,1,0,1,1, , ,N,0,0,0,3,0,2,4,3,N,N,39 53:26.169,75 14:20.008,1805, ,1753, ,0, , , ,0, , , , , ,113186, , , ,3,2,0,0,0,0,1,0,0,0,2,0,2,0,0,0,0,0,0,0,1,0,0,0,0,0,0,0,0,0,0,0,0,0,0,3,0,39.8906,-75.2389, ,Philadelphia
 ,10703,2017127297,6,67,67301,2017,11,6,1838,18,3,1,0,1,1, , ,N,0,0,3,3,0,0,4,4,N,N,39 56:27.847,75 12:18.519,1938, ,1928, ,0, ,N, ,0, , , , , ,115209, , , ,4,1,0,0,0,0,2,0,0,0,0,0,0,0,1,0,0,0,0,0,0,0,0,0,0,0,0,0,0,0,0,0,0,0,0,9,0,39.9411,-75.2051, ,Philadelphia
 ,10704,2018027388,6,67,67301,2017,12,3,2036,20,3,1,0,5,6, , ,N,0,0,0,3,0,1,1,2,N, ,40 02:21.700,75 04:13.800,2052, ,2040, ,0, ,N, ,0, , , , , ,115214, , , ,2,1,0,0,0,0,0,1,0,0,1,0,1,0,0,0,0,0,0,0,0,0,0,0,0,0,0,0,0,0,0,0,0,0,0,3,0,40.0394,-75.0705, ,Philadelphia
 ,10705,2017128675,6,67,67301,2017,11,1,1552,15,1,1,0,1,1, , ,N,0,0,0,3,0,0,3,2,N,N,39 57:28.104,75 09:40.901,1603, ,1554,1,2,4, , ,0,N, , , , ,115216, , , ,2,1,0,0,0,0,1,0,0,0,0,0,0,0,0,0,0,0,0,1,0,1,0,0,0,0,0,0,0,0,0,0,0,0,0,0,0,39.9578,-75.1614, ,Philadelphia
 ,10706,2018029814,6,67,67301,2017,12,2,1131,11,1,1,0,5,1, , ,N,0,0,0,3,0,1,3,2,N,N,39 57:35.100,75 11:21.600,1228, ,1224, ,0, ,N, ,0, , , , , ,115226, , , ,2,1,0,1,0,0,0,0,0,0,0,1,1,0,0,0,0,0,0,0,0,0,0,0,0,0,0,0,0,0,0,0,0,0,0,4,1,39.9598,-75.1893, ,Philadelphia
 ,10707,2017096575,6,67,67301,2017,9,1,300,3,3,2,1,4,1, , ,N,1,3,0,3,0,1,2,2,N,N,40 04:30.835,74 59:18.380,310, ,300,3,2,5,N, ,3,Y, , , , ,115230, , , ,2,1,1,0,0,0,0,0,0,0,0,1,1,0,0,0,0,0,0,0,0,0,0,0,0,0,0,0,0,0,0,0,0,0,0,4,0,40.0752,-74.9884, ,Philadelphia
 ,10708,2017137544,6,67,67301,2017,12,2,1937,19,3,1,0,8,1, , ,N,1,2,0,3,0,1,2,2,N, ,39 55:01.859,75 14:46.691,1945, ,1940,1,1,2,N, ,3,Y, , , , ,115255, , , ,1,1,0,0,0,0,0,0,0,0,0,0,1,1,0,0,0,0,0,0,1,0,0,1,0,0,0,0,0,0,0,0,1,0,0,8,0,39.9172,-75.2463, ,Philadelphia
 ,10709,2018027533,6,67,67301,2017,12,5,2039,20,3,1,0,4,1, , ,N,1,3,0,3,0,2,5,2,N,N,39 57:09.770,75 14:11.907,2050, ,2043, ,0, ,N, ,3, , , , , ,115295, , , ,2,1,0,0,0,0,1,0,0,0,0,2,2,0,0,0,0,0,0,0,1,0,0,0,0,0,0,0,0,0,0,0,0,0,0,4,0,39.9527,-75.2366, ,Philadelphia
 ,10710,2018029828,6,67,67301,2017,12,1,1932,19,3,3,1,1,1, , ,N,0,0,0,3,0,0,1,3,N,N,40 03:38.377,75 09:02.454,1957, ,1956, ,0, ,N, ,0, , , , , ,115302, , , ,3,3,0,0,0,0,0,0,0,0,0,0,0,0,0,0,0,0,0,0,0,0,0,0,0,0,0,0,0,0,0,0,0,0,0,0,0,40.0607,-75.1507, ,Philadelphia
 ,10711,2018015791,6,67,67301,2017,11,1,700,7,3,1,0,4,1, , ,N,1,3,0,3,0,1,3,3,N, ,40 01:50.040,75 04:57.502,910, ,902, ,0, ,N, ,3, , , , , ,115310, , , ,3,3,0,0,0,0,0,0,0,0,0,1,1,0,1,0,0,0,0,0,0,0,0,0,0,0,0,0,0,0,0,0,0,0,0,4,0,40.0306,-75.0826, ,Philadelphia
 ,10712,2018029754,6,67,67301,2017,12,6,2345,23,3,2,1,1,1, , ,N,1,2,0,3,0,2,4,2,N,N,40 02:44.303,75 07:42.560,2359, ,2350, ,0, ,N, ,3, , , , , ,115311, , , ,2,1,0,0,0,0,1,0,0,0,0,0,2,2,0,0,0,0,0,0,0,0,0,0,0,0,0,0,0,0,0,0,0,0,0,8,0,40.0456,-75.1285, ,Philadelphia
 ,10713,2018005526,6,67,67301,2017,12,6,1925,19,3,1,0,7,5, , ,N,1,3,0,3,0,0,1,1,N,N,40 00:15.915,75 08:18.693,1937, ,1937, ,0, ,N, ,3, , , , , ,115312, , , ,1,0,0,0,0,0,1,0,0,0,0,0,0,0,1,0,0,0,0,0,0,0,0,0,0,0,0,0,0,0,0,0,0,0,0,9,0,40.0044,-75.1385, ,Philadelphia
 ,10714,2018029731,6,67,67301,2017,12,1,1210,12,1,1,0,4,1, , ,N,0,0,7,3,0,1,3,2,N, ,40 03:59.872,75 14:24.207,1220, ,1210, ,0, ,N, ,0, , , , , ,115350, , , ,2,1,0,0,1,0,0,0,0,0,0,1,1,0,0,0,0,0,0,0,0,0,0,3,0,0,0,0,0,0,0,0,0,0,0,4,0,40.0666,-75.2401, ,Philadelphia
 ,10715,2018025211,6,67,67301,2017,12,4,30,0,3,1,0,4,1, , ,N,1,3,0,3,1,2,5,3,N,N,40 01:35.410,75 02:31.777,33, ,30, ,0, ,N,0,3, , , , , ,115352, , , ,3,2,0,0,0,0,0,1,0,0,0,2,2,0,0,0,0,0,0,0,0,0,0,0,0,0,0,0,0,0,0,0,0,0,0,1,0,40.0265,-75.0422,2,Philadelphia