wz_ln_closure,objectid_1,crn,district,county,municipality,crash_year,crash_month,day_of_week,time_of_day,hour_of_day,illumination,weather,road_condition,collision_type,relation_to_road,work_zone_type,work_zone_loc,work_zone_ind,intersect_type,tcd_type,location_type,urban_rural,fatal_count,injury_count,person_count,total_units,sch_bus_ind,sch_zone_ind,latitude,longitude,arrival_tm,cons_zone_spd_lim,dispatch_tm,est_hrs_closed,lane_closed,ln_close_dir,ntfy_hiwy_maint,spec_juris_cd,tcd_func_cd,tfc_detour_ind,workers_pres,wz_close_detour,wz_flagger,wz_law_offcr_ind,objectid,wz_moving,wz_other,wz_shlder_mdn,vehicle_count,automobile_count,motorcycle_count,bus_count,small_truck_count,heavy_truck_count,suv_count,van_count,bicycle_count,maj_inj_count,mod_inj_count,min_inj_count,tot_inj_count,unk_inj_deg_count,unk_inj_per_count,driver_count_16yr,driver_count_17yr,driver_count_18yr,driver_count_19yr,driver_count_20yr,driver_count_50_64yr,driver_count_65_74yr,driver_count_75plus,unbelted_occ_count,unb_death_count,unb_maj_inj_count,belted_death_count,belted_maj_inj_count,mcycle_death_count,mcycle_maj_inj_count,bicycle_death_count,bicycle_maj_inj_count,ped_count,ped_death_count,ped_maj_inj_count,max_severity_level,comm_veh_count,dec_lat,dec_long,rdwy_surf_type_cd,county_name
 ,10779,2017115765,6,67,67301,2017,10,1,1354,13,1,6,1,0,1, , ,N,0,0,0,3,0,0,2,2,N,N,40 01:03.160,75 02:57.747,1404, ,1355,1,2,2, , ,0,N, , , , ,117036, , , ,2,1,0,0,0,0,1,0,0,0,0,0,0,0,0,0,0,0,0,0,0,0,0,0,0,0,0,0,0,0,0,0,0,0,0,0,0,40.0175,-75.0494, ,Philadelphia
 ,10780,2017109931,6,67,67301,2017,9,7,955,9,1,1,0,1,1, , ,N,1,2,0,3,0,2,4,2,N,N,40 05:53.804,75 02:49.788,1000, ,958, ,0, ,N, ,3, , , , , ,117040, , , ,2,1,0,0,1,0,0,0,0,0,0,1,2,1,0,0,0,0,0,0,0,0,0,3,0,0,0,0,0,0,0,0,0,0,0,4,0,40.0984,-75.0471, ,Philadelphia
 ,10781,2018028949,6,67,67301,2017,12,5,521,5,3,4,6,7,3, , ,N,0,0,0,3,0,1,3,2,N,N,40 05:05.384,75 01:28.779,530, ,525, ,0, ,N, ,0, , , , , ,117072, , , ,2,0,0,0,0,0,2,0,0,0,0,0,1,1,0,0,0,0,0,0,1,0,0,0,0,0,0,0,0,0,0,0,0,0,0,8,0,40.0848,-75.0247, ,Philadelphia
 ,10782,2018029792,6,67,67301,2017,11,5,1440,14,1,1,0,4,1, , ,N,1,2,0,3,0,1,2,2,N,N,39 56:39.163,75 09:41.611,1510, ,1502,2,1,2,N, ,3,N, , , , ,117093, , , ,1,1,0,0,0,0,0,0,1,0,0,1,1,0,0,0,0,0,0,0,1,0,0,0,0,0,0,0,0,0,0,0,0,0,0,4,0,39.9442,-75.1616, ,Philadelphia
 ,10783,2017130578,6,67,67301,2017,11,2,1347,13,1,1,0,1,1, , ,N,0,0,0,3,0,1,4,3,N, ,39 57:23.500,75 14:29.300,1353, ,1347, ,0, , , ,0, , , , , ,117106, , , ,3,3,0,0,0,0,0,0,0,0,0,1,1,0,0,0,0,0,0,0,0,0,0,1,0,0,0,0,0,0,0,0,0,0,0,4,0,39.9565,-75.2415, ,Philadelphia
 ,10784,2017134784,6,67,67301,2017,11,6,1516,15,1,1,0,7,2, , ,N,0,8,0,3,0,0,2,2,N,N,39 59:44.756,75 11:50.172,1526, ,1518,1,2,3, , ,3,N, , , , ,117107, , , ,2,1,0,0,0,1,0,0,0,0,0,0,0,0,1,0,0,0,0,0,1,0,0,0,0,0,0,0,0,0,0,0,0,0,0,9,1,39.9958,-75.1973, ,Philadelphia
 ,10785,2017088879,6,67,67301,2017,7,7,2055,20,3,1,0,4,1, , ,N,5,2,2,3,0,1,2,2,N,N,39 57:11.151,75 10:54.540,2117, ,2059, ,0, ,N, ,3, , , , , ,117126, , , ,2,2,0,0,0,0,0,0,0,0,0,0,1,1,0,0,0,0,0,0,0,0,0,1,0,0,0,0,0,0,0,0,0,0,0,8,0,39.9531,-75.1819, ,Philadelphia
 ,10786,2018027526,6,67,67301,2017,12,5,1715,17,3,1,0,8,1, , ,N,1,3,0,3,0,1,2,2,N,N,39 55:39.198,75 08:45.967,1724, ,1722,1,2,3,N, ,3,N, , , , ,117141, , , ,1,1,0,0,0,0,0,0,0,0,0,1,1,0,0,0,0,0,0,0,0,0,0,0,0,0,0,0,0,0,0,0,1,0,0,4,0,39.9276,-75.1461, ,Philadelphia
 ,10787,2017137575,6,67,67301,2017,12,7,1845,18,3,1,0,8,1, , ,N,1,2,0,3,0,1,2,2,N, ,39 59:00.905,75 14:49.650,1855, ,1850, ,0, ,N, ,3, , , , , ,117148, , , ,1,0,0,1,0,0,0,0,0,0,0,1,1,0,0,0,0,0,0,0,1,0,0,0,0,0,0,0,0,0,0,0,1,0,0,4,1,39.9836,-75.247, ,Philadelphia
 ,10788,2017120682,6,67,67301,2017,10,7,1945,19,3,1,0,8,1, , ,N,2,3,0,3,0,1,2,2,N, ,39 57:52.225,75 12:16.248,1950, ,1948,1,1,6, , ,3,N, , , , ,117152, , , ,1,0,0,0,0,0,1,0,0,0,0,1,1,0,0,0,0,0,0,0,0,0,0,0,0,0,0,0,0,0,0,0,1,0,0,4,0,39.9645,-75.2045, ,Philadelphia
 ,10789,2017127387,6,67,67301,2017,11,2,1745,17,3,1,1,4,1, , ,N,1,0,0,3,0,1,2,2,N,N,40 01:23.401,75 07:27.865,1842, ,1840, ,0, ,N, ,0, , , , , ,117161, , , ,2,0,0,0,0,0,0,2,0,0,0,1,1,0,0,0,0,0,0,0,1,0,0,1,0,0,0,0,0,0,0,0,0,0,0,4,0,40.0232,-75.1244, ,Philadelphia
 ,10790,2017122805,6,67,67301,2017,10,6,1754,17,4,1,0,1,1, , ,N,0,0,0,3,0,1,2,2,N,N,40 03:56.983,75 14:23.857,1800, ,1755, ,0, ,N, ,0, , , , , ,117208, , , ,2,2,0,0,0,0,0,0,0,0,0,1,1,0,0,0,0,0,0,0,0,0,0,1,0,0,0,0,0,0,0,0,0,0,0,4,0,40.0658,-75.24, ,Philadelphia
 ,10791,2017130583,6,67,67301,2017,11,3,2120,21,3,2,1,6,1, , ,N,0,0,0,3,0,1,2,2,N, ,39 58:14.000,75 15:43.600,2129, ,2122, ,0, , , ,0, , , , , ,117217, , , ,2,2,0,0,0,0,0,0,0,0,0,0,1,1,1,0,0,0,0,0,0,0,0,0,0,0,0,0,0,0,0,0,0,0,0,8,0,39.9706,-75.2621, ,Philadelphia
 ,10792,2017120641,6,67,67301,2017,10,1,1545,15,1,2,1,5,1, , ,N,0,0,6,3,0,4,5,2,N,N,40 03:48.824,75 02:33.333,1620, ,1611, ,0, ,N, ,0, , , , , ,117244, , , ,2,1,0,0,0,0,0,1,0,0,0,4,4,0,1,0,0,0,0,0,0,0,0,0,0,0,0,0,0,0,0,0,0,0,0,4,0,40.0637,-75.0425, ,Philadelphia
 ,10793,2017129252,6,67,67301,2017,11,2,1329,13,1,1,0,9,1, , ,N,0,8,0,3,0,0,1,1,N,N,39 59:49.434,75 04:55.181,1329, ,1329, ,0, , , ,3, , , , , ,106966, , , ,1,0,0,0,0,0,1,0,0,0,0,0,0,0,0,0,0,0,0,0,1,0,0,0,0,0,0,0,0,0,0,0,0,0,0,0,0,39.9971,-75.082, ,Philadelphia
 ,10794,2018004696,6,67,67301,2017,12,7,723,7,1,2,1,4,1, , ,N,0,0,0,3,0,2,2,2,N,N,39 57:35.084,75 10:39.996,859, ,855,2,2,3, , ,0,N, , , , ,106970, , , ,2,2,0,0,0,0,0,0,0,0,0,0,2,2,0,0,0,0,0,0,0,0,0,0,0,0,0,0,0,0,0,0,0,0,0,8,0,39.9597,-75.1778, ,Philadelphia
 ,10795,2017109917,6,67,67301,2017,9,3,1415,14,1,1,0,2,1, , ,N,1,2,0,3,0,1,2,2,N, ,39 58:25.584,75 14:43.061,1645, ,1415, ,0, , , ,3, , , , , ,106978, , , ,2,1,0,0,0,0,1,0,0,0,0,1,1,0,0,0,0,0,0,0,0,2,0,0,0,0,0,0,0,0,0,0,0,0,0,4,0,39.9738,-75.2452, ,Philadelphia
 ,10796,2017127530,6,67,67301,2017,11,1,2215,22,3,1,0,1,1, , ,N,3,2,2,3,0,1,3,2,N, ,39 58:27.992,75 11:41.446,2242, ,2237, ,0, , , ,3, , , , , ,106994, , , ,2,2,0,0,0,0,0,0,0,0,0,0,1,1,2,0,0,0,0,0,1,0,0,1,0,0,0,0,0,0,0,0,0,0,0,8,0,39.9744,-75.1949, ,Philadelphia
 ,10797,2017137555,6,67,67301,2017,12,7,319,3,3,1,0,7,4, , ,N,2,2,0,3,0,2,2,1,N,N,39 58:53.173,75 14:21.677,324, ,320, ,0, ,N, ,3, , , , , ,107004, , , ,1,0,0,0,0,0,0,1,0,0,0,0,2,2,0,0,0,0,0,0,0,0,0,0,0,0,0,0,0,0,0,0,0,0,0,8,0,39.9814,-75.2394, ,Philadelphia
 ,10798,2018028860,6,67,67301,2017,12,4,1922,19,3,4,1,5,6, , ,N,0,0,0,3,0,1,1,3,N,N,39 59:41.500,75 09:32.900,1945, ,1940, ,0, ,N, ,0, , , , , ,107015, , , ,3,3,0,0,0,0,0,0,0,0,1,0,1,0,0,0,0,0,0,0,0,1,0,0,0,0,0,0,0,0,0,0,0,0,0,3,0,39.9949,-75.1591, ,Philadelphia
 ,10799,2018030135,6,67,67301,2017,12,5,143,1,3,4,1,5,6, , ,N,0,0,0,3,0,2,2,2,N,N,39 58:20.600,75 15:41.700,155, ,145,3,2,2,N, ,0,Y, , , , ,107018, , , ,2,1,0,0,0,1,0,0,0,0,0,0,2,2,0,0,0,0,0,0,0,0,0,0,0,0,0,0,0,0,0,0,0,0,0,8,1,39.9724,-75.2616, ,Philadelphia
 ,10800,2017086910,6,67,67301,2017,6,5,318,3,3,1,0,1,6, , ,N,0,0,0,3,0,2,3,2,N,N,40 07:05.081,75 00:32.010,326, ,323, ,0, , , ,0, , , , , ,107024, , , ,2,1,0,0,0,0,0,1,0,0,0,2,2,0,0,0,0,0,0,0,0,0,0,1,0,0,0,0,0,0,0,0,0,0,0,4,0,40.1181,-75.0089, ,Philadelphia
 ,10801,2017127389,6,67,67301,2017,11,2,1000,10,1,2,1,4,1, , ,N,1,2,0,3,0,2,3,2,N,N,39 58:13.238,75 08:47.584,1015, ,1010, ,0, ,N, ,3, , , , , ,107031, , , ,2,1,0,0,0,0,1,0,0,0,0,0,2,2,0,0,0,0,0,0,0,0,0,1,0,0,0,0,0,0,0,0,0,0,0,8,0,39.9703,-75.1466, ,Philadelphia
 ,10802,2017137510,6,67,67301,2017,11,6,1239,12,1,1,0,5,6, , ,N,0,0,0,3,0,0,1,4,N, ,39 57:23.999,75 12:37.985,1246, ,1244,9,1,3,N, ,0,N, , , , ,107034, , , ,3,2,0,0,0,0,0,1,0,0,0,0,0,0,0,0,0,0,0,1,0,0,0,0,0,0,0,0,0,0,0,0,0,0,0,0,0,39.9567,-75.2106, ,Philadelphia
 ,10803,2018005433,6,67,67301,2017,12,1,510,5,3,9,8,5,1, , ,N,0,0,0,3,0,3,9,6,N, ,39 53:50.229,75 14:17.350,530, ,514,2,2,2,N, ,0,Y, , , , ,107049, , , ,6,4,0,0,0,0,2,0,0,0,0,3,3,0,1,0,0,0,0,0,1,0,0,7,0,0,0,0,0,0,0,0,0,0,0,4,0,39.8973,-75.2382, ,Philadelphia
 ,10804,2017135027,6,67,67301,2017,11,1,2033,20,3,1,0,6,6, , ,N,0,0,0,3,0,0,1,2,N,N,40 01:37.300,75 10:48.700,9999, ,2036,1,1,4,N, ,0,N, , , , ,107054, , , ,2,1,0,0,1,0,0,0,0,0,0,0,0,0,0,0,0,0,0,0,0,0,0,0,0,0,0,0,0,0,0,0,0,0,0,0,0,40.027,-75.1802, ,Philadelphia
 ,10805,2018020758,6,67,67301,2017,11,2,1825,18,2,1,0,7,5, , ,N,0,0,0,3,0,0,1,1,N,N,40 02:14.000,75 13:31.200,1832, ,1828, ,0, ,N, ,0, , , , , ,107056, , , ,1,0,0,0,0,0,0,1,0,0,0,0,0,0,0,0,0,0,0,1,0,0,0,0,0,0,0,0,0,0,0,0,0,0,0,0,0,40.0372,-75.2253, ,Philadelphia
 ,10806,2017135078,6,67,67301,2017,11,4,256,2,3,1,0,7,4, , ,N,1,2,0,3,0,1,1,1,N,N,40 01:12.714,75 09:01.947,310, ,310,1,2,4,N, ,3,Y, , , , ,107066, , , ,1,0,0,0,0,0,1,0,0,0,1,0,1,0,0,0,0,0,0,0,0,1,0,0,0,0,0,0,0,0,0,0,0,0,0,3,0,40.0202,-75.1505, ,Philadelphia
 ,10807,2018027457,6,67,67301,2017,12,1,950,9,1,8,1,5,1, , ,N,0,0,0,3,0,1,3,4,N,N,40 03:33.743,75 08:24.888,1000, ,957,1,2,1,N, ,0,Y, , , , ,107070, , , ,4,2,0,0,1,0,1,0,0,0,0,0,1,1,1,0,0,0,1,0,0,0,0,1,0,0,0,0,0,0,0,0,0,0,0,8,0,40.0594,-75.1402, ,Philadelphia
 ,10808,2017129229,6,67,67301,2017,10,2,1430,14,1,1,0,9,1, , ,N,0,8,0,3,0,0,1,1,N,N,39 59:16.049,75 05:21.289,1430, ,1430, ,0, , , ,3, , , , , ,107074, , , ,1,1,0,0,0,0,0,0,0,0,0,0,0,0,0,0,0,0,0,0,0,0,1,0,0,0,0,0,0,0,0,0,0,0,0,0,0,39.9878,-75.0892, ,Philadelphia
 ,10809,2018001709,6,67,67301,2017,12,1,1651,16,3,2,1,1,1, , ,N,0,0,0,3,0,0,2,2,N,N,39 57:20.362,75 10:50.308,1703, ,1652, ,0, , , ,0, , , , , ,107106, , , ,2,1,0,0,1,0,0,0,0,0,0,0,0,0,0,0,0,0,0,1,0,0,0,0,0,0,0,0,0,0,0,0,0,0,0,0,0,39.9557,-75.1806, ,Philadelphia
 ,10810,2017117222,6,67,67301,2017,10,3,1016,10,1,1,0,6,1, , ,N,0,0,0,3,0,0,3,2,N,N,39 59:41.736,75 06:23.239,1048, ,1040,3,1,2,N, ,0,N, , , , ,107108, , , ,2,1,0,0,0,0,1,0,0,0,0,0,0,0,0,0,0,0,0,0,0,0,0,0,0,0,0,0,0,0,0,0,0,0,0,0,0,39.9949,-75.1065, ,Philadelphia
 ,10811,2017097941,6,67,67301,2017,9,1,1205,12,1,1,0,4,1, , ,N,1,3,0,3,0,1,3,2,N,N,39 56:54.661,75 12:20.448,1235, ,1232, ,0, ,N, ,3, , , , , ,110162, , , ,2,2,0,0,0,0,0,0,0,0,0,0,1,1,0,0,0,0,0,0,1,1,0,2,0,0,0,0,0,0,0,0,0,0,0,8,0,39.9485,-75.2057, ,Philadelphia
 ,10812,2017133718,6,67,67301,2017,12,2,2113,21,3,1,0,4,1, , ,N,0,0,0,3,0,0,3,3,N,N,39 58:03.921,75 11:23.738,2152, ,2130, ,0, , , ,0, , , , , ,110166, , , ,3,1,0,0,0,0,2,0,0,0,0,0,0,0,0,0,0,0,0,0,0,0,0,0,0,0,0,0,0,0,0,0,0,0,0,0,0,39.9678,-75.1899, ,Philadelphia
 ,10813,2017101882,6,67,67301,2017,9,6,1710,17,1,1,0,1,1, , ,N,0,0,0,3,0,1,2,2,N, ,39 57:00.754,75 09:31.407,1711, ,1711, ,0, , , ,0, , , , , ,110187, , , ,1,1,0,0,0,0,0,0,1,0,0,0,1,1,0,0,0,0,0,0,1,0,0,0,0,0,0,0,0,0,0,0,0,0,0,8,0,39.9502,-75.1587, ,Philadelphia
 ,10814,2017135061,6,67,67301,2017,11,5,1936,19,3,1,0,4,1, , ,N,1,0,0,3,0,2,3,2,N,N,39 57:43.581,75 13:44.011,2011, ,2000, ,0, ,N, ,0, , , , , ,110195, , , ,2,2,0,0,0,0,0,0,0,0,0,0,2,2,0,0,0,0,0,0,0,0,0,1,0,0,0,0,0,0,0,0,0,0,0,8,0,39.9621,-75.2289, ,Philadelphia
 ,10815,2017135059,6,67,67301,2017,11,3,1310,13,1,1,0,4,1, , ,N,1,2,0,3,0,0,9,2,Y,N,39 55:51.993,75 13:56.255,1320, ,1314, ,0, ,N, ,3, , , , , ,110203, , , ,2,0,0,1,0,0,0,1,0,0,0,0,0,0,0,0,0,0,0,0,0,0,0,1,0,0,0,0,0,0,0,0,0,0,0,0,1,39.9311,-75.2323, ,Philadelphia
 ,10816,2018005576,6,67,67301,2017,11,2,1952,19,3,1,0,4,1, , ,N,1,3,0,3,0,1,3,3,N,N,39 56:54.545,75 13:45.555,2032, ,2002, ,0, ,N, ,3, , , , , ,110214, , , ,3,0,0,0,1,0,2,0,0,0,0,1,1,0,0,0,0,0,0,0,0,0,0,0,0,0,0,0,0,0,0,0,0,0,0,4,0,39.9485,-75.2293, ,Philadelphia
 ,10817,2017096492,6,67,67301,2017,8,4,1930,19,1,9,8,4,1, , ,N,1,2,0,3,0,2,3,2,N, ,39 56:58.758,75 14:43.285,1305, ,1300, ,0, , , ,3, , , , , ,110232, , , ,2,1,0,0,0,0,1,0,0,0,0,0,2,2,1,0,0,0,0,0,0,1,0,0,0,0,0,0,0,0,0,0,0,0,0,8,0,39.9497,-75.2454, ,Philadelphia
 ,10818,2017132482,6,67,67301,2017,12,7,1050,10,1,4,1,1,1, , ,N,0,0,0,3,0,0,2,2,N,N,39 56:35.972,75 11:33.604,1110, ,1054,1,1,4, , ,0,Y, , , , ,110250, , , ,2,1,0,0,0,0,1,0,0,0,0,0,0,0,0,0,0,0,0,0,1,0,0,0,0,0,0,0,0,0,0,0,0,0,0,0,0,39.9433,-75.1927, ,Philadelphia
 ,10819,2017101875,6,67,67301,2017,9,5,9999,99,3,1,0,4,1, , ,N,1,2,0,3,0,0,2,2,N,N,39 58:10.213,75 12:45.380,2240, ,2240, ,0, ,N, ,3, , , , , ,110253, , , ,2,0,0,0,1,0,1,0,0,0,0,0,0,0,2,0,0,0,0,0,0,0,0,0,0,0,0,0,0,0,0,0,0,0,0,9,0,39.9695,-75.2126, ,Philadelphia
 ,10820,2017128115,6,67,67301,2017,11,2,730,7,1,2,7,8,1, , ,N,0,0,0,3,0,1,2,2,N,N,40 03:19.300,75 04:09.500,830, ,829, ,0, ,N, ,0, , , , , ,110274, , , ,1,0,0,0,0,0,0,1,0,0,1,0,1,0,0,0,0,0,0,0,0,0,0,0,0,0,0,0,0,0,0,0,1,0,0,3,0,40.0554,-75.0693, ,Philadelphia
 ,10821,2018020709,6,67,67301,2017,10,7,822,8,1,1,0,4,1, , ,N,0,3,6,3,0,1,3,3,N, ,39 58:27.045,75 07:20.310,825, ,825,2,2,2,N, ,3,Y, , , , ,110283, , , ,3,1,0,0,0,0,0,2,0,0,0,1,1,0,0,0,0,0,0,0,0,0,0,0,0,0,0,0,0,0,0,0,0,0,0,4,0,39.9741,-75.1224, ,Philadelphia
 ,10822,2017115906,6,67,67301,2017,10,6,2028,20,3,1,0,4,1, , ,N,1,2,0,3,0,1,3,3,N, ,39 57:24.951,75 13:31.831,2028, ,2028, ,0, , , ,3, , , , , ,110293, , , ,2,1,0,0,0,0,0,1,1,0,0,0,1,1,0,0,0,0,0,0,0,0,0,1,0,0,0,0,0,0,0,0,0,0,0,8,0,39.957,-75.2255, ,Philadelphia
 ,10823,2017097885,6,67,67301,2017,8,4,109,1,3,1,0,4,1, , ,N,1,2,0,3,0,2,2,3,N,N,39 57:26.746,75 13:45.376,110, ,109,9,2,7,N, ,3,Y, , , , ,110297, , , ,3,2,0,0,0,0,1,0,0,1,1,0,2,0,0,0,0,0,0,0,1,0,0,0,0,0,0,0,0,0,0,0,0,0,0,2,0,39.9574,-75.2293, ,Philadelphia
 ,10824,2018029769,6,67,67301,2017,12,7,30,0,3,1,0,5,1, , ,N,0,7,0,3,0,1,2,2,N,N,39 57:38.636,75 08:34.514,31, ,30, ,0, ,N, ,3, , , , , ,110300, , , ,2,2,0,0,0,0,0,0,0,0,0,0,1,1,0,0,0,0,0,0,0,0,0,0,0,0,0,0,0,0,0,0,0,0,0,8,0,39.9607,-75.1429, ,Philadelphia
 ,10825,2017127420,6,67,67301,2017,11,1,300,3,3,1,0,4,1, , ,N,1,3,0,3,0,1,3,5,N,N,39 59:04.357,75 07:28.695,325, ,320, ,0, ,N, ,3, , , , , ,110310, , , ,5,1,0,0,3,0,1,0,0,0,0,0,1,1,0,0,0,0,0,0,1,0,0,2,0,0,0,0,0,0,0,0,0,0,0,8,0,39.9845,-75.1246, ,Philadelphia
 ,10826,2018000989,6,67,67301,2017,10,6,633,6,1,2,1,1,1, , ,N,0,0,0,3,0,1,4,3,N,N,39 56:42.173,75 11:27.034,732, ,728, ,0, , , ,0, , , , , ,110312, , , ,3,3,0,0,0,0,0,0,0,0,0,0,1,1,0,0,0,0,0,0,0,0,0,1,0,0,0,0,0,0,0,0,0,0,0,8,0,39.945,-75.1908, ,Philadelphia
 ,10827,2018020689,6,67,67301,2017,11,5,701,7,1,1,0,5,6, , ,N,0,0,0,3,0,1,1,2,N, ,40 03:51.202,74 58:59.447,705, ,701, ,0, ,N, ,0, , , , , ,110315, , , ,2,2,0,0,0,0,0,0,0,0,0,1,1,0,0,0,0,0,0,0,1,0,0,1,0,0,0,0,0,0,0,0,0,0,0,4,0,40.0642,-74.9832, ,Philadelphia
 ,10828,2018005679,6,67,67301,2017,12,4,1720,17,3,1,0,1,1, , ,N,0,0,0,3,0,0,4,2,N,N,39 59:46.949,75 04:57.997,1754, ,1723,1,1,2, , ,0,N, , , , ,110316, , , ,2,2,0,0,0,0,0,0,0,0,0,0,0,0,0,0,0,0,0,1,1,0,0,0,0,0,0,0,0,0,0,0,0,0,0,0,0,39.9964,-75.0828, ,Philadelphia
 ,10829,2017104015,6,67,67301,2017,9,7,1034,10,1,1,0,4,1, , ,N,0,0,0,3,0,1,2,2,N,N,39 57:26.528,75 09:29.055,1124, ,1508,2,2,4, , ,0,N, , , , ,113387, , , ,2,2,0,0,0,0,0,0,0,0,0,0,1,1,0,0,0,0,0,0,1,0,0,0,0,0,0,0,0,0,0,0,0,0,0,8,0,39.9574,-75.1581, ,Philadelphia
 ,10830,2017109939,6,67,67301,2017,9,3,1830,18,1,1,0,4,1, , ,N,1,3,0,3,0,1,3,2,N,N,39 56:16.353,75 11:48.328,1850, ,1834, ,0, ,N, ,3, , , , , ,113392, , , ,1,1,0,0,0,0,0,0,1,0,0,1,1,0,1,0,0,0,0,1,0,0,0,0,0,0,0,0,0,0,0,0,0,0,0,4,0,39.9379,-75.1968, ,Philadelphia
 ,10831,2018001457,6,67,67301,2017,11,4,50,0,2,1,0,7,4, , ,N,7,0,2,3,0,3,3,1,N,N,39 53:04.770,75 14:38.828,52, ,50,2,1,1, , ,0,Y, , , , ,113415, , , ,1,1,0,0,0,0,0,0,0,0,0,0,3,3,0,0,1,0,0,0,0,0,0,0,0,0,0,0,0,0,0,0,0,0,0,8,0,39.8847,-75.2441, ,Philadelphia
 ,10832,2017134993,6,67,67301,2017,11,1,1000,10,1,1,0,1,1, , ,N,0,0,0,3,0,4,8,5,N, ,39 54:10.730,75 14:22.810,1010, ,1004, ,0, ,N, ,0, , , , , ,113423, , , ,5,3,0,0,0,0,2,0,0,0,0,0,4,4,1,0,0,0,0,0,1,0,0,2,0,0,0,0,0,0,0,0,0,0,0,8,0,39.903,-75.2397, ,Philadelphia
 ,10833,2017128050,6,67,67301,2017,11,7,2224,22,3,1,0,1,1, , ,N,0,0,0,3,0,1,4,2,N,N,39 55:53.759,75 11:58.485,2356, ,2323, ,0, ,N, ,0, , , , , ,113425, , , ,2,2,0,0,0,0,0,0,0,0,0,1,1,0,0,0,0,0,1,0,0,0,0,1,0,0,0,0,0,0,0,0,0,0,0,4,0,39.9316,-75.1996, ,Philadelphia
 ,10834,2018029824,6,67,67301,2017,12,7,1035,10,1,2,1,4,1, , ,N,0,0,0,3,0,0,2,2,N,N,40 02:30.600,75 10:06.900,1054, ,1045, ,0, ,N, ,0, , , , , ,113431, , , ,2,2,0,0,0,0,0,0,0,0,0,0,0,0,0,0,0,0,0,0,0,1,0,0,0,0,0,0,0,0,0,0,0,0,0,0,0,40.0418,-75.1686, ,Philadelphia
 ,10835,2017116187,6,67,67301,2017,10,6,509,5,3,1,0,4,1, , ,N,1,2,0,3,0,0,2,2,N, ,39 57:10.026,75 10:00.662,515, ,511, ,0, , , ,3, , , , , ,113441, , , ,2,2,0,0,0,0,0,0,0,0,0,0,0,0,0,0,0,0,0,0,1,0,0,0,0,0,0,0,0,0,0,0,0,0,0,0,0,39.9528,-75.1669, ,Philadelphia
 ,10836,2017128045,6,67,67301,2017,11,4,1256,12,1,1,0,4,1, , ,N,1,2,0,3,0,1,3,2,N, ,40 04:51.077,75 01:43.585,1309, ,1258,1,1,2,N, ,3,N, , , , ,113468, , , ,2,1,0,0,0,0,0,1,0,0,0,0,1,1,0,0,0,0,0,0,0,1,0,0,0,0,0,0,0,0,0,0,0,0,0,8,0,40.0809,-75.0288, ,Philadelphia
 ,10837,2018033367,6,67,67301,2017,3,3,34,0,3,4,4,5,1, , ,N,0,0,0,3,0,0,2,2,N,N,40 01:47.254,75 01:19.200,50, ,34, ,0, ,N, ,0, , , , , ,113474, , , ,2,2,0,0,0,0,0,0,0,0,0,0,0,0,1,0,0,0,0,0,0,0,0,0,0,0,0,0,0,0,0,0,0,0,0,9,0,40.0298,-75.022, ,Philadelphia
 ,10838,2017128110,6,67,67301,2017,11,2,2320,23,3,1,0,4,1, , ,N,1,2,0,3,0,1,2,2,N,N,40 02:08.101,75 04:13.712,2337, ,2330, ,0, ,N, ,3, , , , , ,113485, , , ,2,2,0,0,0,0,0,0,0,0,0,0,1,1,0,0,0,0,0,0,0,0,0,0,0,0,0,0,0,0,0,0,0,0,0,8,0,40.0356,-75.0705, ,Philadelphia
 ,10839,2018026800,6,67,67301,2017,12,6,1430,14,1,1,0,4,1, , ,N,1,3,0,3,0,1,2,2,N,N,40 01:37.477,75 02:33.359,1540, ,1537, ,0, ,N, ,3, , , , , ,113494, , , ,2,2,0,0,0,0,0,0,0,0,0,1,1,0,0,0,0,0,1,0,0,0,0,1,0,0,0,0,0,0,0,0,0,0,0,4,0,40.0271,-75.0426, ,Philadelphia
 ,10840,2017120572,6,67,67301,2017,10,2,807,8,1,2,1,4,1, , ,N,1,3,0,3,0,1,3,2,N,N,39 58:01.543,75 12:23.959,815, ,811, ,0, ,N, ,3, , , , , ,113500, , , ,2,2,0,0,0,0,0,0,0,0,0,0,1,1,0,0,0,0,0,1,0,0,0,0,0,0,0,0,0,0,0,0,0,0,0,8,0,39.9671,-75.2067, ,Philadelphia
 ,10841,2017130692,6,67,67301,2017,11,5,356,3,3,2,1,7,4, , ,N,2,0,0,3,0,0,1,1,N,N,40 00:52.052,75 09:18.151,400, ,357, ,0, , , ,0, , , , , ,113520, , , ,1,0,0,0,0,0,1,0,0,0,0,0,0,0,1,0,0,0,0,0,0,0,0,0,0,0,0,0,0,0,0,0,0,0,0,9,0,40.0145,-75.155, ,Philadelphia
 ,10842,2017086215,6,67,67301,2017,7,3,1730,17,1,1,0,4,1, , ,N,1,2,0,3,0,1,2,2,N,N,39 58:18.518,75 07:33.433,1745, ,1739, ,0, ,N, ,3, , , , , ,113538, , , ,2,2,0,0,0,0,0,0,0,0,0,1,1,0,0,0,0,0,0,0,2,0,0,0,0,0,0,0,0,0,0,0,0,0,0,4,0,39.9717,-75.1259, ,Philadelphia