wz_ln_closure,objectid_1,crn,district,county,municipality,crash_year,crash_month,day_of_week,time_of_day,hour_of_day,illumination,weather,road_condition,collision_type,relation_to_road,work_zone_type,work_zone_loc,work_zone_ind,intersect_type,tcd_type,location_type,urban_rural,fatal_count,injury_count,person_count,total_units,sch_bus_ind,sch_zone_ind,latitude,longitude,arrival_tm,cons_zone_spd_lim,dispatch_tm,est_hrs_closed,lane_closed,ln_close_dir,ntfy_hiwy_maint,spec_juris_cd,tcd_func_cd,tfc_detour_ind,workers_pres,wz_close_detour,wz_flagger,wz_law_offcr_ind,objectid,wz_moving,wz_other,wz_shlder_mdn,vehicle_count,automobile_count,motorcycle_count,bus_count,small_truck_count,heavy_truck_count,suv_count,van_count,bicycle_count,maj_inj_count,mod_inj_count,min_inj_count,tot_inj_count,unk_inj_deg_count,unk_inj_per_count,driver_count_16yr,driver_count_17yr,driver_count_18yr,driver_count_19yr,driver_count_20yr,driver_count_50_64yr,driver_count_65_74yr,driver_count_75plus,unbelted_occ_count,unb_death_count,unb_maj_inj_count,belted_death_count,belted_maj_inj_count,mcycle_death_count,mcycle_maj_inj_count,bicycle_death_count,bicycle_maj_inj_count,ped_count,ped_death_count,ped_maj_inj_count,max_severity_level,comm_veh_count,dec_lat,dec_long,rdwy_surf_type_cd,county_name
 ,10843,2018025487,6,67,67301,2017,12,3,2200,22,3,1,0,8,1, , ,N,1,2,0,3,1,0,2,2,N,N,39 59:49.327,75 14:06.916,2206, ,2202, ,0, ,N,0,2, , , , , ,113570, , , ,1,1,0,0,0,0,0,0,0,0,0,0,0,0,0,0,0,0,0,0,0,0,0,0,0,0,0,0,0,0,0,0,1,1,0,1,0,39.997,-75.2353,2,Philadelphia
 ,10844,2017133967,6,67,67301,2017,11,1,1657,16,3,1,0,4,1, , ,N,1,3,0,3,0,5,6,2,N,N,39 57:46.836,75 09:30.286,1659, ,1659, ,0, ,N, ,3, , , , , ,113585, , , ,2,2,0,0,0,0,0,0,0,0,0,5,5,0,0,0,0,0,0,0,0,0,0,0,0,0,0,0,0,0,0,0,0,0,0,4,0,39.963,-75.1584, ,Philadelphia
 ,10845,2017134797,6,67,67301,2017,12,7,1316,13,1,4,4,7,4, , ,N,0,0,0,3,0,0,1,1,N,N,39 53:14.010,75 12:17.270,1324, ,1319,1,2,2, , ,0,N, , , , ,113589, , , ,1,0,0,0,0,0,1,0,0,0,0,0,0,0,0,0,0,0,0,0,0,0,0,0,0,0,0,0,0,0,0,0,0,0,0,0,0,39.8872,-75.2048, ,Philadelphia
 ,10846,2017134780,6,67,67301,2017,10,7,1208,12,1,1,0,5,1, , ,N,0,0,0,3,0,0,4,4,N,N,40 00:23.026,75 04:27.689,1220, ,1216,1,2,2,N, ,0,N, , , , ,113594, , , ,4,3,0,0,0,0,1,0,0,0,0,0,0,0,0,0,0,0,0,0,1,0,1,0,0,0,0,0,0,0,0,0,0,0,0,0,0,40.0064,-75.0744, ,Philadelphia
N,10847,2018001716,6,67,67301,2017,12,3,2047,20,3,1,0,1,1,1,4,Y,0,0,0,3,0,2,6,3,N,N,39 58:01.973,75 08:00.606,2059,45,2052,2,2,2,N, ,0,N,N,N,N,N,116060,Y,N,Y,3,2,0,0,0,0,1,0,0,0,2,0,2,0,0,0,0,0,1,0,0,0,0,0,0,0,0,0,0,0,0,0,0,0,0,3,0,39.9672,-75.1335, ,Philadelphia
 ,10848,2017130722,6,67,67301,2017,11,2,1215,12,1,2,1,4,1, , ,N,2,3,0,3,0,0,2,2,N,N,39 58:58.072,75 12:22.561,1250, ,1250, ,0, ,N, ,3, , , , , ,116073, , , ,2,1,0,0,0,0,1,0,0,0,0,0,0,0,0,0,0,0,0,0,0,0,0,0,0,0,0,0,0,0,0,0,0,0,0,0,0,39.9828,-75.2063, ,Philadelphia
 ,10849,2017131639,6,67,67301,2017,11,2,1024,10,1,2,1,7,2, , ,N,0,0,0,3,0,1,3,2,N,N,39 55:44.675,75 08:46.806,1055, ,1036,2,2,2, , ,0,N, , , , ,116089, , , ,2,1,0,0,0,0,1,0,0,0,0,0,1,1,0,0,0,0,0,0,1,1,0,0,0,0,0,0,0,0,0,0,0,0,0,8,0,39.9291,-75.1463, ,Philadelphia
 ,10850,2018020746,6,67,67301,2017,11,1,2030,20,3,1,0,6,6, , ,N,0,0,0,3,0,0,1,2,N,N,39 59:58.832,75 04:07.852,2135, ,2128, ,0, ,N, ,0, , , , , ,116098, , , ,2,0,0,0,1,0,1,0,0,0,0,0,0,0,1,0,0,0,0,0,0,0,0,1,0,0,0,0,0,0,0,0,0,0,0,9,0,39.9997,-75.0689, ,Philadelphia
 ,10851,2017128388,6,67,67301,2017,11,4,1224,12,1,1,0,0,1, , ,N,0,0,0,3,0,0,2,2,N,N,39 57:53.017,75 08:14.949,1233, ,1227, ,0, , , ,0, , , , , ,116119, , , ,2,1,0,0,0,1,0,0,0,0,0,0,0,0,0,0,0,0,0,0,0,0,0,0,0,0,0,0,0,0,0,0,0,0,0,0,1,39.9647,-75.1375, ,Philadelphia
 ,10852,2017137059,6,67,67301,2017,12,3,1420,14,1,1,0,4,1, , ,N,1,3,0,3,0,1,3,2,N,N,39 57:39.027,75 11:27.578,1630, ,1625,1,1,2,N, ,3,N, , , , ,116139, , , ,2,2,0,0,0,0,0,0,0,0,0,0,1,1,0,0,0,0,1,0,0,0,0,0,0,0,0,0,0,0,0,0,0,0,0,8,0,39.9608,-75.191, ,Philadelphia
 ,10853,2017137537,6,67,67301,2017,12,2,1815,18,3,1,0,4,1, , ,N,1,3,0,3,0,2,3,2,N,N,39 55:50.974,75 13:02.509,2314, ,2312, ,0, ,N, ,3, , , , , ,116144, , , ,2,2,0,0,0,0,0,0,0,0,0,0,2,2,1,0,0,0,0,0,0,0,0,0,0,0,0,0,0,0,0,0,0,0,0,8,0,39.9308,-75.2173, ,Philadelphia
 ,10854,2018029948,6,67,67301,2017,12,3,1448,14,1,2,1,4,1, , ,N,3,3,0,3,0,1,2,2,N,N,40 04:13.704,75 09:18.759,1624, ,1611, ,0, ,N, ,3, , , , , ,116150, , , ,2,2,0,0,0,0,0,0,0,0,1,0,1,0,0,0,0,0,0,0,1,0,0,2,0,0,0,0,0,0,0,0,0,0,0,3,0,40.0705,-75.1552, ,Philadelphia
 ,10855,2017109801,6,67,67301,2017,9,3,1415,14,1,1,0,8,1, , ,N,0,0,0,3,0,1,3,3,N,N,39 56:42.663,75 14:24.623,1515, ,1510, ,0, ,N, ,0, , , , , ,116175, , , ,1,1,0,0,0,0,0,0,0,0,0,0,1,1,0,0,0,0,0,0,0,0,0,1,0,0,0,0,0,0,0,0,2,0,0,8,0,39.9452,-75.2402, ,Philadelphia
 ,10856,2018029938,6,67,67301,2017,12,5,1200,12,1,1,0,4,1, , ,N,1,0,0,3,0,0,2,2,N,N,39 55:45.058,75 09:41.882,1215, ,1215, ,0, ,N, ,0, , , , , ,116189, , , ,2,1,0,0,0,0,1,0,0,0,0,0,0,0,0,0,0,0,0,0,0,0,0,0,0,0,0,0,0,0,0,0,0,0,0,0,0,39.9292,-75.1616, ,Philadelphia
 ,10857,2018027538,6,67,67301,2017,12,5,1655,16,4,1,0,8,1, , ,N,1,2,0,3,0,1,2,2,Y,N,39 58:23.478,75 09:32.375,1700, ,1658, ,0, ,N, ,3, , , , , ,116190, , , ,1,0,0,0,0,0,0,1,0,0,0,0,1,1,0,0,0,0,0,0,1,0,0,0,0,0,0,0,0,0,0,0,1,0,0,8,0,39.9732,-75.159, ,Philadelphia
 ,10858,2017128043,6,67,67301,2017,11,5,1800,18,3,1,0,4,1, , ,N,0,0,7,3,0,0,5,3,N, ,40 04:37.199,75 05:04.348,1819, ,1804,2,1,4,N, ,0,N, , , , ,116238, , , ,3,1,0,0,0,0,2,0,0,0,0,0,0,0,0,0,0,0,0,0,1,0,0,0,0,0,0,0,0,0,0,0,0,0,0,0,0,40.077,-75.0845, ,Philadelphia
 ,10859,2017135201,6,67,67301,2017,12,7,220,2,3,1,0,7,4, , ,N,0,0,0,3,0,1,2,1,N,N,40 01:00.590,75 04:02.520,220, ,220, ,0, ,N, ,0, , , , , ,116268, , , ,1,1,0,0,0,0,0,0,0,0,1,0,1,0,0,0,0,0,0,0,0,0,0,0,0,0,0,0,0,0,0,0,0,0,0,3,0,40.0168,-75.0674, ,Philadelphia
 ,10860,2018005457,6,67,67301,2017,12,5,840,8,1,1,0,8,1, , ,N,1,2,0,3,0,1,3,2,N,N,39 56:46.759,75 14:38.536,850, ,846,1,1,3,N, ,3,Y, , , , ,116276, , , ,1,1,0,0,0,0,0,0,0,0,1,0,1,0,0,0,0,0,0,0,0,0,0,0,0,0,0,0,0,0,0,0,1,0,0,3,0,39.9463,-75.2441, ,Philadelphia
 ,10861,2018005569,6,67,67301,2017,12,3,1600,16,1,1,0,8,1, , ,N,0,0,0,3,0,1,2,2,N, ,39 55:34.400,75 13:50.900,9999, ,0, ,0, ,N, ,0, , , , , ,116277, , , ,1,1,0,0,0,0,0,0,0,0,0,0,1,1,0,0,0,0,0,0,0,0,0,1,0,0,0,0,0,0,0,0,1,0,0,8,0,39.9262,-75.2308, ,Philadelphia
 ,10862,2017128070,6,67,67301,2017,11,5,2153,21,3,1,0,4,1, , ,N,1,3,0,3,0,0,2,2,N, ,40 03:54.455,75 11:08.790,2156, ,2154, ,0, ,N, ,3, , , , , ,116297, , , ,2,2,0,0,0,0,0,0,0,0,0,0,0,0,0,0,0,0,0,0,0,0,1,0,0,0,0,0,0,0,0,0,0,0,0,0,0,40.0651,-75.1858, ,Philadelphia
 ,10863,2017129108,6,67,67301,2017,11,6,1842,18,3,1,0,4,1, , ,N,0,0,0,3,0,1,2,2,N,N,39 53:58.400,75 09:47.837,1907, ,1901, ,0, , , ,0, , , , , ,116321, , , ,2,1,0,0,0,0,1,0,0,0,0,0,1,1,0,0,0,0,0,0,0,0,0,0,0,0,0,0,0,0,0,0,0,0,0,8,0,39.8996,-75.1633, ,Philadelphia
 ,10864,2017133946,6,67,67301,2017,11,2,420,4,3,1,0,4,1, , ,N,5,1,0,3,0,0,2,2,N, ,39 56:51.955,75 13:31.072,455, ,427, ,0, ,N, ,3, , , , , ,116323, , , ,2,1,0,0,0,0,1,0,0,0,0,0,0,0,0,0,0,0,0,0,0,0,0,1,0,0,0,0,0,0,0,0,0,0,0,0,0,39.9478,-75.2254, ,Philadelphia
 ,10865,2017130683,6,67,67301,2017,11,2,658,6,1,1,0,7,2, , ,N,0,0,0,3,0,1,1,1,N, ,39 53:47.575,75 14:16.314,745, ,735, ,0, ,N, ,0, , , , , ,107118, , , ,1,1,0,0,0,0,0,0,0,0,0,0,1,1,0,0,0,0,0,0,0,0,0,0,0,0,0,0,0,0,0,0,0,0,0,8,0,39.8965,-75.2379, ,Philadelphia
 ,10866,2018026509,6,67,67301,2017,12,6,820,8,1,1,0,4,1, , ,N,1,2,0,3,0,2,2,2,N, ,40 01:32.498,75 03:19.485,850, ,846, ,0, ,N, ,3, , , , , ,107125, , , ,2,0,0,0,0,0,2,0,0,0,0,2,2,0,0,0,0,0,0,0,1,0,0,0,0,0,0,0,0,0,0,0,0,0,0,4,0,40.0257,-75.0554, ,Philadelphia
 ,10867,2018005514,6,67,67301,2017,12,1,940,9,1,1,0,4,1, , ,N,1,2,0,3,0,2,2,2,N,N,40 03:06.634,75 09:19.274,953, ,951,3,2,6,N, ,3,N, , , , ,107127, , , ,2,0,0,0,0,0,0,2,0,0,2,0,2,0,0,0,0,0,0,0,2,0,0,0,0,0,0,0,0,0,0,0,0,0,0,3,0,40.0518,-75.1554, ,Philadelphia
 ,10868,2018027416,6,67,67301,2017,12,7,2103,21,3,2,1,4,9, , ,N,2,3,0,3,0,2,3,2,N,N,39 55:22.837,75 13:52.623,2130, ,2128, ,0, ,N, ,3, , , , , ,107128, , , ,2,2,0,0,0,0,0,0,0,0,0,2,2,0,0,0,0,0,0,0,0,0,0,0,0,0,0,0,0,0,0,0,0,0,0,4,0,39.923,-75.2313, ,Philadelphia
 ,10869,2017135074,6,67,67301,2017,11,4,1739,17,3,1,0,4,1, , ,N,1,2,0,3,0,1,4,2,N,N,40 03:29.309,75 10:27.487,9999, ,1739, ,0, ,N, ,3, , , , , ,107132, , , ,2,1,0,0,0,0,1,0,0,0,0,1,1,0,0,0,0,0,0,0,0,0,0,0,0,0,0,0,0,0,0,0,0,0,0,4,0,40.0581,-75.1743, ,Philadelphia
 ,10870,2017135000,6,67,67301,2017,11,7,9999,99,3,1,0,4,1, , ,N,1,2,0,3,0,1,3,2,N,N,40 01:34.998,75 07:01.744,2127, ,2108,9,1,1,N, ,3,N, , , , ,107155, , , ,2,0,0,0,1,0,0,1,0,0,0,0,1,1,0,0,0,0,0,0,0,0,1,1,0,0,0,0,0,0,0,0,0,0,0,8,0,40.0264,-75.1172, ,Philadelphia
 ,10871,2017132187,6,67,67301,2017,12,5,2024,20,3,1,0,7,2, , ,N,0,0,0,3,0,1,1,1,N,N,39 59:07.784,75 12:29.887,2154, ,2027,1,1,3, , ,0,N, , , , ,107179, , , ,1,1,0,0,0,0,0,0,0,0,0,0,1,1,0,0,0,0,0,0,0,0,0,0,0,0,0,0,0,0,0,0,0,0,0,8,0,39.9855,-75.2083, ,Philadelphia
 ,10872,2017096579,6,67,67301,2017,8,4,2311,23,3,1,0,5,1, , ,N,0,0,0,3,0,1,3,3,N,N,39 58:24.968,75 12:44.439,2335, ,2311, ,0, ,N, ,0, , , , , ,107191, , , ,3,3,0,0,0,0,0,0,0,0,0,0,1,1,0,0,0,0,0,0,1,1,0,2,0,0,0,0,0,0,0,0,0,0,0,8,0,39.9736,-75.2123, ,Philadelphia
 ,10873,2017093585,6,67,67301,2017,8,1,2011,20,3,1,0,4,1, , ,N,1,2,0,3,0,1,2,2,N,N,39 54:57.588,75 09:52.288,2035, ,2033, ,0, ,N, ,3, , , , , ,107238, , , ,1,0,0,0,0,0,0,0,1,0,0,0,1,1,1,0,0,0,0,0,0,0,0,0,0,0,0,0,0,0,0,0,0,0,0,8,0,39.9159,-75.1645, ,Philadelphia
 ,10874,2017109961,6,67,67301,2017,9,7,905,9,1,1,0,5,6, , ,N,0,0,0,3,0,1,1,3,N,N,39 59:42.443,75 09:30.404,907, ,905,1,1,3,N, ,0,N, , , , ,107239, , , ,3,2,0,0,0,1,0,0,0,0,0,0,1,1,0,0,0,0,0,0,0,0,1,0,0,0,0,0,0,0,0,0,0,0,0,8,1,39.9951,-75.1584, ,Philadelphia
 ,10875,2017133930,6,67,67301,2017,11,4,2150,21,3,1,0,4,1, , ,N,1,2,0,3,0,1,2,2,N,N,40 02:20.972,75 11:30.209,2203, ,2200, ,0, ,N, ,3, , , , , ,107249, , , ,2,2,0,0,0,0,0,0,0,0,1,0,1,0,1,0,0,0,0,0,0,1,0,0,0,0,0,0,0,0,0,0,0,0,0,3,0,40.0392,-75.1917, ,Philadelphia
 ,10876,2018027541,6,67,67301,2017,12,6,13,0,3,1,0,4,1, , ,N,1,2,0,3,0,1,3,2,N,N,40 02:20.299,75 09:00.127,15, ,13,9,2,7,N, ,3,Y, , , , ,107280, , , ,2,2,0,0,0,0,0,0,0,0,1,0,1,0,0,0,0,0,0,0,0,0,0,0,0,0,0,0,0,0,0,0,0,0,0,3,0,40.039,-75.15, ,Philadelphia
 ,10877,2018029748,6,67,67301,2017,12,1,3,0,3,1,0,1,6, , ,N,0,0,0,3,0,0,1,2,N,N,40 00:23.000,75 09:48.900,26, ,21, ,0, ,N, ,0, , , , , ,107283, , , ,2,2,0,0,0,0,0,0,0,0,0,0,0,0,1,0,0,0,0,0,0,0,0,0,0,0,0,0,0,0,0,0,0,0,0,9,0,40.0064,-75.1636, ,Philadelphia
 ,10878,2017099434,6,67,67301,2017,9,3,2023,20,3,1,0,4,1, , ,N,1,2,0,3,0,1,2,2,N,N,39 57:18.553,75 11:53.991,2027, ,2025, ,0, ,N, ,3, , , , , ,107296, , , ,1,1,0,0,0,0,0,0,1,0,0,1,1,0,0,0,0,0,0,0,0,0,0,0,0,0,0,0,0,0,0,0,0,0,0,4,0,39.9552,-75.1983, ,Philadelphia
 ,10879,2018005477,6,67,67301,2017,12,1,935,9,1,1,0,4,1, , ,N,1,3,0,3,0,2,3,2,N,N,40 02:00.034,75 06:16.401,950, ,942,1,2,7,N, ,3,N, , , , ,107310, , , ,2,2,0,0,0,0,0,0,0,0,0,2,2,0,0,0,0,0,0,0,0,0,0,0,0,0,0,0,0,0,0,0,0,0,0,4,0,40.0333,-75.1046, ,Philadelphia
 ,10880,2017120488,6,67,67301,2017,10,3,114,1,3,9,0,5,6, , ,N,0,0,0,3,0,0,1,7,N,N,39 59:53.100,75 08:33.400,130, ,119, ,0, ,N, ,0, , , , , ,107321, , , ,7,4,0,0,0,0,2,1,0,0,0,0,0,0,0,0,0,0,0,0,0,0,0,1,0,0,0,0,0,0,0,0,0,0,0,0,0,39.9981,-75.1426, ,Philadelphia
 ,10881,2018029772,6,67,67301,2017,12,5,650,6,3,1,0,5,6, , ,N,0,0,0,3,0,0,1,2,N,N,39 55:15.700,75 14:01.000,654, ,654, ,0, ,N, ,0, , , , , ,107335, , , ,2,1,0,0,0,0,1,0,0,0,0,0,0,0,0,0,0,0,0,0,0,0,0,0,0,0,0,0,0,0,0,0,0,0,0,0,0,39.921,-75.2336, ,Philadelphia
 ,10882,2017109909,6,67,67301,2017,10,6,1809,18,1,1,0,1,1, , ,N,0,0,0,3,0,0,2,2,N, ,39 56:21.211,75 14:06.963,1833, ,1822, ,0, , , ,0, , , , , ,107359, , , ,2,1,0,0,0,0,1,0,0,0,0,0,0,0,0,0,0,0,0,0,1,0,0,0,0,0,0,0,0,0,0,0,0,0,0,0,0,39.9392,-75.2353, ,Philadelphia
 ,10883,2018005470,6,67,67301,2017,11,1,14,0,3,1,0,1,6, , ,N,0,0,0,3,0,0,1,2,N,N,39 58:37.800,75 08:58.200,20, ,15, ,0, ,N, ,0, , , , , ,110317, , , ,2,1,0,0,0,1,0,0,0,0,0,0,0,0,1,0,0,0,0,0,0,0,0,0,0,0,0,0,0,0,0,0,0,0,0,9,1,39.9772,-75.1495, ,Philadelphia
 ,10884,2018027431,6,67,67301,2017,12,1,418,4,3,1,0,9,1, , ,N,1,2,0,3,0,0,2,2,N,N,40 00:38.955,75 07:35.936,421, ,420, ,0, ,N, ,3, , , , , ,110322, , , ,2,0,0,0,0,0,2,0,0,0,0,0,0,0,1,0,0,0,0,0,0,0,0,0,0,0,0,0,0,0,0,0,0,0,0,9,0,40.0108,-75.1266, ,Philadelphia
 ,10885,2017127312,6,67,67301,2017,11,2,1510,15,1,1,0,8,1, , ,N,1,2,0,3,0,1,2,2,N, ,40 01:54.231,75 10:43.900,1525, ,1516, ,0, , , ,3, , , , , ,110345, , , ,1,1,0,0,0,0,0,0,0,0,0,1,1,0,0,0,0,0,0,0,0,0,0,0,0,0,0,0,0,0,0,0,1,0,0,4,0,40.0317,-75.1789, ,Philadelphia
 ,10886,2017130639,6,67,67301,2017,11,5,18,0,3,1,0,1,6, , ,N,0,0,0,3,0,2,3,2,N, ,39 58:20.011,75 13:01.596,106, ,57, ,0, ,N, ,0, , , , , ,110361, , , ,2,1,0,0,0,0,0,1,0,0,2,0,2,0,0,0,0,0,0,0,1,0,0,0,0,0,0,0,0,0,0,0,0,0,0,3,0,39.9722,-75.2171, ,Philadelphia
 ,10887,2018028850,6,67,67301,2017,12,5,100,1,3,4,3,1,1, , ,N,1,2,0,3,0,1,2,2,N,N,39 59:29.210,75 08:05.506,250, ,245, ,0, ,N, ,3, , , , , ,110368, , , ,2,2,0,0,0,0,0,0,0,0,0,0,1,1,1,0,0,0,0,0,0,0,0,0,0,0,0,0,0,0,0,0,0,0,0,8,0,39.9913,-75.1349, ,Philadelphia
 ,10888,2018001713,6,67,67301,2017,12,2,657,6,5,1,0,4,2, , ,N,0,0,0,3,0,1,2,2,N,N,40 01:07.871,75 02:48.233,711, ,658,1,1,2, , ,0,N, , , , ,110369, , , ,2,1,0,0,0,0,1,0,0,0,0,0,1,1,0,0,0,0,0,0,1,0,0,0,0,0,0,0,0,0,0,0,0,0,0,8,0,40.0189,-75.0467, ,Philadelphia
 ,10889,2017115991,6,67,67301,2017,10,5,833,8,1,2,1,4,1, , ,N,1,2,0,3,0,4,5,3,N,N,40 03:37.882,75 04:56.325,840, ,834, ,0, ,N, ,3, , , , , ,110371, , , ,3,1,0,0,0,0,1,1,0,0,0,4,4,0,0,0,0,0,0,0,0,0,0,0,0,0,0,0,0,0,0,0,0,0,0,4,0,40.0605,-75.0823, ,Philadelphia
 ,10890,2018001694,6,67,67301,2017,12,1,1851,18,3,1,0,9,1, , ,N,0,0,0,3,0,3,4,2,N,N,39 56:57.796,75 11:04.471,1901, ,1852,2,2,3, , ,0,N, , , , ,110397, , , ,2,1,0,0,0,1,0,0,0,3,0,0,3,0,0,0,0,0,0,0,0,0,0,0,0,0,0,3,0,0,0,0,0,0,0,2,1,39.9494,-75.1846, ,Philadelphia
 ,10891,2017112166,6,67,67301,2017,10,1,1709,17,1,1,0,1,1, , ,N,0,8,0,3,0,0,3,3,N,N,39 57:26.617,75 08:49.702,1724, ,1710,2,2,3, , ,3,N, , , , ,110400, , , ,3,2,0,0,0,0,0,1,0,0,0,0,0,0,0,0,1,0,0,0,1,0,0,0,0,0,0,0,0,0,0,0,0,0,0,0,0,39.9574,-75.1471, ,Philadelphia
 ,10892,2017125642,6,67,67301,2017,11,3,901,9,1,1,0,1,1, , ,N,0,0,0,3,0,2,2,2,N,N,40 02:39.874,75 00:08.363,901, ,901,1,2,1, , ,0,N, , , , ,110404, , , ,2,1,0,0,0,0,1,0,0,0,0,0,2,2,0,0,0,0,0,0,0,1,0,0,0,0,0,0,0,0,0,0,0,0,0,8,0,40.0444,-75.0023, ,Philadelphia
 ,10893,2017096561,6,67,67301,2017,8,3,2045,20,3,2,1,2,1, , ,N,5,2,0,3,0,1,2,2,N,N,39 55:50.051,75 08:59.989,2056, ,2055,1,1,1, , ,3,Y, , , , ,110410, , , ,1,0,0,0,0,0,1,0,1,0,0,1,1,0,0,0,0,0,0,0,0,0,0,0,0,0,0,0,0,0,0,0,0,0,0,4,0,39.9306,-75.15, ,Philadelphia
 ,10894,2017119388,6,67,67301,2017,11,5,1810,18,3,1,0,1,1, , ,N,0,0,0,3,0,1,3,2,N,N,39 59:53.183,75 11:45.525,1815, ,1813,1,1,4, , ,0,N, , , , ,110417, , , ,2,2,0,0,0,0,0,0,0,0,1,0,1,0,0,0,0,0,1,0,0,0,0,0,0,0,0,0,0,0,0,0,0,0,0,3,0,39.9981,-75.196, ,Philadelphia
 ,10895,2017127473,6,67,67301,2017,11,2,740,7,1,1,0,1,1, , ,N,0,0,0,3,0,0,5,2,N, ,40 03:33.939,75 14:05.110,747, ,742, ,0, , , ,0, , , , , ,110421, , , ,2,2,0,0,0,0,0,0,0,0,0,0,0,0,0,0,0,0,0,0,0,0,0,0,0,0,0,0,0,0,0,0,0,0,0,0,0,40.0594,-75.2348, ,Philadelphia
 ,10896,2018029939,6,67,67301,2017,12,3,1621,16,1,1,0,8,1, , ,N,1,2,0,3,0,1,2,2,N,N,40 05:41.833,75 00:55.566,1622, ,1622,1,1,2,N, ,3,N, , , , ,110433, , , ,1,1,0,0,0,0,0,0,0,0,0,1,1,0,0,0,0,0,0,0,0,0,0,0,0,0,0,0,0,0,0,0,1,0,0,4,0,40.095,-75.0154, ,Philadelphia
 ,10897,2018029946,6,67,67301,2017,12,5,48,0,3,1,0,7,2, , ,N,7,0,2,3,0,1,1,1,N,N,39 57:46.267,75 10:42.132,57, ,56, ,0, ,N, ,0, , , , , ,110455, , , ,1,1,0,0,0,0,0,0,0,0,0,1,1,0,0,0,0,0,0,0,0,0,0,0,0,0,0,0,0,0,0,0,0,0,0,4,0,39.9629,-75.1784, ,Philadelphia
 ,10898,2018020755,6,67,67301,2017,11,7,9999,99,3,1,0,1,1, , ,N,0,0,0,3,0,6,8,2,N,N,39 57:16.112,75 10:19.552,1915, ,1915, ,0, ,N, ,0, , , , , ,110469, , , ,2,1,0,0,0,0,1,0,0,0,0,6,6,0,0,0,0,0,0,0,1,0,0,5,0,0,0,0,0,0,0,0,0,0,0,4,0,39.9545,-75.1721, ,Philadelphia
 ,10899,2018030150,6,67,67301,2017,12,1,639,6,3,4,5,7,3, , ,N,0,0,0,3,0,1,1,1,N,N,40 02:57.791,75 03:03.706,650, ,639,3,2,1,N, ,0,Y, , , , ,110472, , , ,1,0,0,0,0,0,0,1,0,0,0,1,1,0,0,0,0,0,0,0,1,0,0,0,0,0,0,0,0,0,0,0,0,0,0,4,0,40.0494,-75.051, ,Philadelphia
 ,10900,2017127318,6,67,67301,2017,11,7,1931,19,3,1,0,8,1, , ,N,1,2,0,3,0,1,5,2,N,N,39 58:19.789,75 14:41.971,1935, ,1931, ,0, , , ,3, , , , , ,110484, , , ,1,0,0,0,0,0,1,0,0,0,0,0,1,1,4,0,0,0,0,0,1,0,0,0,0,0,0,0,0,0,0,0,1,0,0,8,0,39.9722,-75.2449, ,Philadelphia
 ,10901,2017086125,6,67,67301,2017,7,3,1110,11,1,1,0,8,1, , ,N,0,0,0,3,0,1,2,2,N,N,39 57:44.528,75 12:03.188,1113, ,1112,2,2,6,N, ,0,Y, , , , ,113602, , , ,1,0,0,0,1,0,0,0,0,0,0,1,1,0,0,0,0,0,0,0,0,0,0,0,0,0,0,0,0,0,0,0,1,0,0,4,0,39.9624,-75.2009, ,Philadelphia
 ,10902,2017101886,6,67,67301,2017,9,1,1717,17,1,1,0,4,1, , ,N,1,2,0,3,0,3,6,3,N,N,39 57:40.438,75 08:47.791,1722, ,1720, ,0, ,N, ,3, , , , , ,113605, , , ,3,2,0,0,0,0,1,0,0,0,0,0,3,3,0,0,0,0,0,0,1,0,0,0,0,0,0,0,0,0,0,0,0,0,0,8,0,39.9612,-75.1466, ,Philadelphia
 ,10903,2017128023,6,67,67301,2017,11,7,1614,16,1,1,0,1,1, , ,N,0,2,0,3,0,2,3,2,N,N,39 55:00.651,75 14:45.596,1624, ,1624, ,0, ,N, ,3, , , , , ,113624, , , ,2,0,0,0,0,0,1,1,0,0,0,2,2,0,0,0,0,0,0,0,0,0,0,1,0,0,0,0,0,0,0,0,0,0,0,4,0,39.9167,-75.2459, ,Philadelphia
 ,10904,2017128015,6,67,67301,2017,11,2,1126,11,1,1,0,4,1, , ,N,0,0,7,3,0,0,2,2,N,N,40 00:24.617,75 07:24.666,1135, ,1130,1,2,5,N, ,0,N, , , , ,113628, , , ,2,2,0,0,0,0,0,0,0,0,0,0,0,0,0,0,0,0,0,0,0,0,0,0,0,0,0,0,0,0,0,0,0,0,0,0,0,40.0068,-75.1235, ,Philadelphia
 ,10905,2018029793,6,67,67301,2017,11,4,1734,17,3,1,0,4,1, , ,N,1,2,0,3,0,0,2,2,N,N,39 56:35.977,75 08:49.865,1745, ,1740, ,0, ,N, ,3, , , , , ,113644, , , ,2,1,0,0,0,1,0,0,0,0,0,0,0,0,0,0,0,0,0,0,0,1,0,0,0,0,0,0,0,0,0,0,0,0,0,0,1,39.9433,-75.1472, ,Philadelphia