wz_ln_closure,objectid_1,crn,district,county,municipality,crash_year,crash_month,day_of_week,time_of_day,hour_of_day,illumination,weather,road_condition,collision_type,relation_to_road,work_zone_type,work_zone_loc,work_zone_ind,intersect_type,tcd_type,location_type,urban_rural,fatal_count,injury_count,person_count,total_units,sch_bus_ind,sch_zone_ind,latitude,longitude,arrival_tm,cons_zone_spd_lim,dispatch_tm,est_hrs_closed,lane_closed,ln_close_dir,ntfy_hiwy_maint,spec_juris_cd,tcd_func_cd,tfc_detour_ind,workers_pres,wz_close_detour,wz_flagger,wz_law_offcr_ind,objectid,wz_moving,wz_other,wz_shlder_mdn,vehicle_count,automobile_count,motorcycle_count,bus_count,small_truck_count,heavy_truck_count,suv_count,van_count,bicycle_count,maj_inj_count,mod_inj_count,min_inj_count,tot_inj_count,unk_inj_deg_count,unk_inj_per_count,driver_count_16yr,driver_count_17yr,driver_count_18yr,driver_count_19yr,driver_count_20yr,driver_count_50_64yr,driver_count_65_74yr,driver_count_75plus,unbelted_occ_count,unb_death_count,unb_maj_inj_count,belted_death_count,belted_maj_inj_count,mcycle_death_count,mcycle_maj_inj_count,bicycle_death_count,bicycle_maj_inj_count,ped_count,ped_death_count,ped_maj_inj_count,max_severity_level,comm_veh_count,dec_lat,dec_long,rdwy_surf_type_cd,county_name
 ,10970,2017106062,6,67,67301,2017,9,7,2003,20,3,2,1,8,1, , ,N,1,2,0,3,0,1,2,2,N,N,39 58:08.111,75 08:10.324,2009, ,2008, ,0, , , ,3, , , , , ,110595, , , ,1,1,0,0,0,0,0,0,0,0,0,0,1,1,0,0,0,0,0,0,0,0,0,1,0,0,0,0,0,0,0,0,1,0,0,8,0,39.9688,-75.1362, ,Philadelphia
 ,10971,2017111045,6,67,67301,2017,10,5,830,8,1,1,0,4,1, , ,N,1,3,0,3,0,1,3,2,N,N,39 58:00.012,75 09:18.143,836, ,834, ,0, ,N, ,3, , , , , ,110602, , , ,1,1,0,0,0,0,0,0,1,0,0,1,1,0,0,0,0,0,0,0,0,0,0,0,0,0,0,0,0,0,0,0,0,0,0,4,0,39.9667,-75.155, ,Philadelphia
 ,10972,2017127477,6,67,67301,2017,11,7,2110,21,3,1,0,4,1, , ,N,2,2,0,3,0,0,2,2,N, ,40 02:32.107,75 13:34.029,2117, ,2113, ,0, , , ,3, , , , , ,110616, , , ,2,2,0,0,0,0,0,0,0,0,0,0,0,0,0,0,0,0,0,0,0,0,0,1,0,0,0,0,0,0,0,0,0,0,0,0,0,40.0423,-75.2261, ,Philadelphia
 ,10973,2018029745,6,67,67301,2017,12,4,620,6,3,1,0,8,1, , ,N,0,0,0,3,0,1,2,2,N,N,40 03:26.400,75 01:44.200,910, ,900, ,0, ,N, ,0, , , , , ,113816, , , ,1,1,0,0,0,0,0,0,0,0,1,0,1,0,0,0,0,0,0,0,0,0,0,0,0,0,0,0,0,0,0,0,1,0,0,3,0,40.0573,-75.0289, ,Philadelphia
 ,10974,2017093543,6,67,67301,2017,8,4,2110,21,3,1,0,1,1, , ,N,1,2,0,3,0,1,2,2,N, ,40 05:12.438,74 58:18.635,2116, ,2114, ,0, , , ,3, , , , , ,113818, , , ,2,1,0,0,0,0,1,0,0,0,0,1,1,0,0,0,0,0,0,0,1,0,1,0,0,0,0,0,0,0,0,0,0,0,0,4,0,40.0868,-74.9718, ,Philadelphia
 ,10975,2017120517,6,67,67301,2017,11,4,1635,16,1,1,0,1,1, , ,N,0,0,0,3,0,0,4,3,N,N,40 02:42.500,75 09:36.100,1718, ,1641, ,0, ,N, ,0, , , , , ,113826, , , ,3,2,0,0,0,0,1,0,0,0,0,0,0,0,0,0,0,0,0,1,1,0,0,0,0,0,0,0,0,0,0,0,0,0,0,0,0,40.0451,-75.16, ,Philadelphia
 ,10976,2017127447,6,67,67301,2017,11,2,1105,11,1,2,1,7,4, , ,N,1,2,0,3,0,0,1,1,N,N,40 01:13.581,75 11:32.810,1109, ,1109, ,0, ,N, ,3, , , , , ,113836, , , ,1,0,0,0,0,0,1,0,0,0,0,0,0,0,0,0,0,0,0,0,1,0,0,0,0,0,0,0,0,0,0,0,0,0,0,0,0,40.0205,-75.1924, ,Philadelphia
 ,10977,2017127406,6,67,67301,2017,11,7,1851,18,2,1,0,4,1, , ,N,2,3,0,3,0,1,2,4,N, ,39 58:53.421,75 11:01.021,1959, ,1851, ,0, , , ,3, , , , , ,113870, , , ,4,2,0,0,1,0,1,0,0,0,0,1,1,0,0,0,0,0,0,0,1,0,0,1,0,0,0,0,0,0,0,0,0,0,0,4,0,39.9815,-75.1836, ,Philadelphia
 ,10978,2018008547,6,67,67301,2017,12,3,1729,17,3,1,0,1,1, , ,N,0,0,0,3,0,1,2,2,N,N,40 00:32.481,75 12:20.752,1736, ,1731, ,0, , , ,0, , , , , ,113878, , , ,2,1,0,0,0,0,1,0,0,0,0,0,1,1,1,0,0,0,0,0,1,0,0,0,0,0,0,0,0,0,0,0,0,0,0,8,0,40.009,-75.2058, ,Philadelphia
 ,10979,2018020731,6,67,67301,2017,11,5,1443,14,1,1,0,1,1, , ,N,2,2,0,3,0,1,3,2,N,N,40 00:00.307,75 10:40.475,1450, ,1443, ,0, ,N, ,3, , , , , ,113879, , , ,2,2,0,0,0,0,0,0,0,0,0,1,1,0,0,0,0,0,0,0,2,0,0,0,0,0,0,0,0,0,0,0,0,0,0,4,0,40.0001,-75.1779, ,Philadelphia
 ,10980,2018034717,6,67,67301,2017,7,6,2130,21,3,1,0,4,1, , ,N,0,0,0,3,0,1,2,2,N,N,39 59:51.157,75 07:18.781,9999, ,9999, ,0, ,N, ,0, , , , , ,113884, , , ,2,1,0,0,0,0,1,0,0,0,1,0,1,0,0,0,0,0,0,0,1,0,0,0,0,0,0,0,0,0,0,0,0,0,0,3,0,39.9975,-75.1219, ,Philadelphia
 ,10981,2017137536,6,67,67301,2017,12,7,35,0,3,1,0,5,6, , ,N,0,0,0,3,0,1,2,2,N, ,40 00:40.743,75 05:18.674,50, ,40, ,0, ,N, ,0, , , , , ,113895, , , ,2,0,0,1,1,0,0,0,0,0,0,1,1,0,0,0,0,0,0,0,1,0,0,0,0,0,0,0,0,0,0,0,0,0,0,4,1,40.0113,-75.0885, ,Philadelphia
 ,10982,2018027439,6,67,67301,2017,12,7,1600,16,1,2,1,8,1, , ,N,1,2,0,3,0,1,2,2,N,N,39 58:58.770,75 06:05.073,1842, ,1820, ,0, ,N, ,3, , , , , ,113909, , , ,1,0,0,0,0,0,0,1,0,0,0,1,1,0,1,0,0,0,0,0,0,0,0,0,0,0,0,0,0,0,0,0,1,0,0,4,0,39.983,-75.1014, ,Philadelphia
 ,10983,2017127500,6,67,67301,2017,11,3,1645,16,4,2,1,8,1, , ,N,0,0,0,3,0,1,2,2,N,N,39 58:49.244,75 10:14.724,1650, ,1648,1,2,6,N, ,0,Y, , , , ,113943, , , ,1,0,0,0,0,0,1,0,0,0,0,0,1,1,0,0,0,0,0,0,0,0,0,1,0,0,0,0,0,0,0,0,1,0,0,8,0,39.9803,-75.1708, ,Philadelphia
 ,10984,2017132191,6,67,67301,2017,12,7,1333,13,1,4,1,7,3, , ,N,0,0,0,3,0,0,1,1,N,N,39 54:01.078,75 09:29.780,1341, ,1340,2,2,2, , ,0,N, , , , ,113947, , , ,1,1,0,0,0,0,0,0,0,0,0,0,0,0,0,0,0,0,0,0,0,0,0,0,0,0,0,0,0,0,0,0,0,0,0,0,0,39.9003,-75.1582, ,Philadelphia
 ,10985,2017130723,6,67,67301,2017,10,4,800,8,1,1,0,4,1, , ,N,0,0,0,3,0,1,2,2,N,N,39 57:05.300,75 12:34.600,1911, ,1909, ,0, ,N, ,0, , , , , ,113954, , , ,1,1,0,0,0,0,0,0,1,0,0,1,1,0,0,0,0,0,0,0,0,0,0,0,0,0,0,0,0,0,0,0,0,0,0,4,0,39.9515,-75.2096, ,Philadelphia
 ,10986,2018029253,6,67,67301,2017,12,4,900,9,1,1,0,1,1, , ,N,1,2,0,3,0,3,3,2,N,N,40 02:22.249,75 09:15.913,930, ,900, ,0, ,N, ,9, , , , , ,113964, , , ,2,1,0,0,0,0,0,1,0,0,0,3,3,0,0,0,0,0,0,1,0,0,0,0,0,0,0,0,0,0,0,0,0,0,0,4,0,40.0395,-75.1544, ,Philadelphia
 ,10987,2017132184,6,67,67301,2017,12,4,1704,17,3,1,0,1,1, , ,N,0,0,3,3,0,2,3,2,N,N,39 59:00.400,75 05:51.673,1740, ,1711, ,0, ,N, ,0, , , , , ,113971, , , ,2,1,0,0,0,0,1,0,0,0,2,0,2,0,0,0,0,0,0,0,1,0,0,0,0,0,0,0,0,0,0,0,0,0,0,3,0,39.9834,-75.0977, ,Philadelphia
 ,10988,2018005459,6,67,67301,2017,12,7,2102,21,3,4,4,7,5, , ,N,0,0,0,3,0,0,2,1,N,N,39 58:10.200,75 13:32.200,2122, ,2122, ,0, ,N, ,0, , , , , ,113978, , , ,1,1,0,0,0,0,0,0,0,0,0,0,0,0,0,0,0,0,0,0,0,0,0,0,0,0,0,0,0,0,0,0,0,0,0,0,0,39.9695,-75.2256, ,Philadelphia
 ,10989,2018033734,6,67,67301,2017,6,3,1500,15,1,1,1,1,1, , ,N,0,0,0,3,0,1,2,2,N,N,40 00:59.844,75 08:58.301,0, ,0, ,0, ,N, ,0, , , , , ,113979, , , ,2,0,0,0,0,0,1,0,0,0,1,0,1,0,0,0,0,0,0,0,0,0,0,0,0,0,0,0,0,0,0,0,0,0,0,3,0,40.0166,-75.1495, ,Philadelphia
 ,10990,2018027345,6,67,67301,2017,12,3,1745,17,1,1,0,5,1, , ,N,5,2,2,3,0,0,2,2,N,N,39 57:26.554,75 09:07.974,1750, ,1747, ,0, ,N, ,3, , , , , ,113980, , , ,2,1,0,0,0,0,1,0,0,0,0,0,0,0,0,0,0,0,0,0,1,0,0,0,0,0,0,0,0,0,0,0,0,0,0,0,0,39.9574,-75.1522, ,Philadelphia
 ,10991,2017130608,6,67,67301,2017,11,4,1130,11,1,1,0,4,1, , ,N,1,3,0,3,0,1,2,2,N,N,39 58:46.587,75 09:54.116,1135, ,1134, ,0, ,N, ,3, , , , , ,117245, , , ,2,1,1,0,0,0,0,0,0,0,1,0,1,0,0,0,1,0,0,0,0,0,0,0,0,0,0,0,0,0,0,0,0,0,0,3,0,39.9796,-75.165, ,Philadelphia
 ,10992,2017135026,6,67,67301,2017,11,2,925,9,1,1,0,4,1, , ,N,1,2,8,3,0,0,2,2,N,N,40 01:13.441,75 09:07.585,941, ,934,2,1,4,Y, ,3,Y, , , , ,117292, , , ,2,0,0,0,1,0,0,1,0,0,0,0,0,0,0,0,0,0,0,0,1,1,0,0,0,0,0,0,0,0,0,0,0,0,0,0,0,40.0204,-75.1521, ,Philadelphia
 ,10993,2017135042,6,67,67301,2017,11,1,2325,23,3,1,0,7,4, , ,N,1,2,0,3,0,1,1,1,N,N,40 02:58.603,75 07:22.040,135, ,123, ,0, ,N, ,3, , , , , ,117293, , , ,1,0,0,0,0,0,1,0,0,0,0,1,1,0,0,0,0,0,0,0,1,0,0,0,0,0,0,0,0,0,0,0,0,0,0,4,0,40.0496,-75.1228, ,Philadelphia
 ,10994,2018029826,6,67,67301,2017,12,5,1430,14,1,1,0,8,1, , ,N,1,2,0,3,0,1,2,2,N,N,40 02:41.931,75 08:58.819,1436, ,1435, ,0, ,N, ,3, , , , , ,117314, , , ,1,0,0,0,0,0,1,0,0,0,1,0,1,0,1,0,0,0,0,0,0,0,0,0,0,0,0,0,0,0,0,0,1,0,0,3,0,40.045,-75.1497, ,Philadelphia
 ,10995,2018005532,6,67,67301,2017,12,1,1900,19,3,1,0,4,1, , ,N,1,2,0,3,0,4,5,2,N,N,39 55:10.448,75 14:24.792,1900, ,1900, ,0, ,N, ,3, , , , , ,117316, , , ,2,2,0,0,0,0,0,0,0,0,0,4,4,0,0,0,0,0,0,0,1,0,0,1,0,0,0,0,0,0,0,0,0,0,0,4,0,39.9196,-75.2402, ,Philadelphia
 ,10996,2018020733,6,67,67301,2017,11,1,1819,18,3,1,0,8,1, , ,N,1,2,0,3,0,1,2,2,N,N,39 56:21.771,75 09:39.664,1820, ,1820, ,0, ,N, ,3, , , , , ,117317, , , ,1,1,0,0,0,0,0,0,0,0,0,1,1,0,0,0,0,0,0,0,1,0,0,0,0,0,0,0,0,0,0,0,1,0,0,4,0,39.9394,-75.161, ,Philadelphia
 ,10997,2018033752,6,67,67301,2017,6,3,1130,11,1,1,0,5,1, , ,N,0,0,0,3,0,1,2,2,N,N,40 06:14.430,75 00:08.825,0, ,0, ,0, ,N, ,0, , , , , ,117320, , , ,2,0,0,0,0,0,2,0,0,0,1,0,1,0,0,0,0,0,1,0,0,0,1,0,0,0,0,0,0,0,0,0,0,0,0,3,0,40.104,-75.0025, ,Philadelphia
 ,10998,2018027537,6,67,67301,2017,12,6,200,2,3,1,0,1,1, , ,N,0,3,0,3,0,0,2,2,N,N,39 58:34.058,75 11:21.364,800, ,0, ,0, ,N, ,2, , , , , ,117349, , , ,2,1,0,0,0,0,0,0,0,0,0,0,0,0,1,0,0,0,0,0,0,0,0,0,0,0,0,0,0,0,0,0,0,0,0,9,0,39.9761,-75.1893, ,Philadelphia
 ,10999,2017107979,6,67,67301,2017,8,6,912,9,1,1,0,1,1, , ,N,0,0,0,3,0,0,2,2,N,N,40 04:41.275,75 12:39.824,934, ,920, ,0, ,N, ,0, , , , , ,117353, , , ,2,0,0,0,0,0,2,0,0,0,0,0,0,0,0,0,0,0,0,0,1,0,0,0,0,0,0,0,0,0,0,0,0,0,0,0,0,40.0781,-75.2111, ,Philadelphia
 ,11000,2017091159,6,67,67301,2017,8,6,1800,18,1,1,0,5,1, , ,N,0,0,0,3,0,2,2,2,N,N,40 00:34.616,75 07:02.756,1806, ,9999, ,0, , , ,0, , , , , ,117361, , , ,2,0,0,0,0,0,2,0,0,0,1,0,2,1,0,0,0,0,0,0,0,0,0,0,0,0,0,0,0,0,0,0,0,0,0,3,0,40.0096,-75.1174, ,Philadelphia
 ,11001,2017096558,6,67,67301,2017,8,4,900,9,1,1,0,4,1, , ,N,2,3,0,3,0,0,2,2,N,N,39 57:48.635,75 09:05.364,910, ,906, ,0, ,N, ,3, , , , , ,117379, , , ,2,1,0,0,0,0,1,0,0,0,0,0,0,0,0,0,0,0,0,0,0,0,0,0,0,0,0,0,0,0,0,0,0,0,0,0,0,39.9635,-75.1515, ,Philadelphia
 ,11002,2017120660,6,67,67301,2017,10,5,1210,12,1,1,1,8,1, , ,N,1,2,0,3,0,1,2,2,N, ,39 56:58.403,75 09:57.476,1220, ,1215,9,1,2, , ,3,N, , , , ,117389, , , ,1,0,0,0,0,0,0,1,0,0,0,0,1,1,0,0,0,0,0,0,0,0,0,0,0,0,0,0,0,0,0,0,1,0,0,8,0,39.9495,-75.1659, ,Philadelphia
 ,11003,2017105991,6,67,67301,2017,9,4,1130,11,1,1,0,1,1, , ,N,0,0,0,3,0,1,3,2,N,N,40 05:59.971,75 02:37.264,1335, ,1235, ,0, , , ,0, , , , , ,117391, , , ,2,1,0,0,1,0,0,0,0,0,0,1,1,0,0,0,0,0,0,0,1,0,0,0,0,0,0,0,0,0,0,0,0,0,0,4,0,40.1,-75.0437, ,Philadelphia
 ,11004,2017136735,6,67,67301,2017,12,7,2008,20,3,1,0,4,1, , ,N,0,0,0,3,0,2,5,4,N,N,40 00:51.799,75 03:20.576,2023, ,2013,2,2,2, , ,0,N, , , , ,117413, , , ,3,2,0,0,0,0,1,0,0,0,2,0,2,0,0,0,0,0,0,0,0,0,0,0,0,0,0,0,0,0,0,0,0,0,0,3,0,40.0144,-75.0557, ,Philadelphia
 ,11005,2018028846,6,67,67301,2017,12,7,800,8,1,4,3,5,1, , ,N,1,2,0,3,0,1,2,2,N,N,40 00:57.223,75 11:13.338,815, ,803, ,0, ,N, ,3, , , , , ,117425, , , ,2,1,0,0,0,0,1,0,0,0,0,1,1,0,0,0,0,0,0,1,0,0,0,0,0,0,0,0,0,0,0,0,0,0,0,4,0,40.0159,-75.187, ,Philadelphia
 ,11006,2017097898,6,67,67301,2017,9,6,1530,15,1,1,0,8,1, , ,N,0,0,0,3,0,1,2,2,N,N,39 57:48.654,75 11:23.755,9999, ,9999, ,0, ,N, ,0, , , , , ,117433, , , ,1,0,0,0,1,0,0,0,0,0,0,1,1,0,0,0,0,0,0,0,0,0,1,0,0,0,0,0,0,0,0,0,1,0,0,4,0,39.9635,-75.1899, ,Philadelphia
 ,11007,2017105925,6,67,67301,2017,9,6,1230,12,1,1,0,1,1, , ,N,0,0,0,3,0,1,2,2,N,N,40 01:01.474,75 09:04.977,1304, ,1258, ,0, , , ,0, , , , , ,117436, , , ,2,1,0,0,0,1,0,0,0,0,0,1,1,0,0,0,0,0,0,0,2,0,0,0,0,0,0,0,0,0,0,0,0,0,0,4,1,40.0171,-75.1514, ,Philadelphia
 ,11008,2017109916,6,67,67301,2017,9,6,1731,17,1,1,0,4,1, , ,N,1,3,0,3,0,1,1,3,N,N,39 58:08.378,75 13:49.076,1755, ,1748, ,0, , , ,3, , , , , ,117450, , , ,3,2,0,0,0,0,1,0,0,0,0,0,1,1,0,0,0,0,0,0,0,0,1,0,0,0,0,0,0,0,0,0,0,0,0,8,0,39.969,-75.2303, ,Philadelphia
 ,11009,2018030132,6,67,67301,2017,12,6,1513,15,1,4,3,3,1, , ,N,0,0,0,3,0,1,2,2,Y,N,40 02:31.800,75 11:21.500,1610, ,1554, ,0, ,N, ,0, , , , , ,107555, , , ,2,0,0,1,0,0,1,0,0,0,0,0,1,1,0,0,0,0,0,0,1,0,0,1,0,0,0,0,0,0,0,0,0,0,0,8,1,40.0422,-75.1893, ,Philadelphia
 ,11010,2018026502,6,67,67301,2017,12,6,1600,16,1,4,3,1,1, , ,N,1,2,0,3,0,1,2,3,N,N,39 56:47.623,75 14:45.625,1630, ,1600, ,0, ,N, ,3, , , , , ,107557, , , ,3,1,0,0,0,0,2,0,0,0,0,0,1,1,0,0,0,0,0,0,0,0,0,0,0,0,0,0,0,0,0,0,0,0,0,8,0,39.9466,-75.246, ,Philadelphia
 ,11011,2017122810,6,67,67301,2017,10,3,745,7,1,1,0,1,1, , ,N,0,0,0,3,0,1,2,2,N,N,39 55:45.500,75 09:50.900,1035, ,1030, ,0, ,N, ,0, , , , , ,107572, , , ,2,2,0,0,0,0,0,0,0,0,0,1,1,0,1,0,0,1,0,0,0,0,0,0,0,0,0,0,0,0,0,0,0,0,0,4,0,39.9293,-75.1641, ,Philadelphia
 ,11012,2017127342,6,67,67301,2017,11,6,1524,15,1,1,0,4,1, , ,N,2,0,0,3,0,1,3,2,N,N,39 59:52.533,75 06:43.156,1530, ,1524, ,0, ,N, ,0, , , , , ,107604, , , ,1,1,0,0,0,0,0,0,1,0,1,0,1,0,0,0,0,0,0,0,0,0,0,0,0,0,0,0,0,0,0,0,0,0,0,3,0,39.9979,-75.112, ,Philadelphia
 ,11013,2017130594,6,67,67301,2017,10,6,1400,14,1,1,0,4,1, , ,N,1,3,0,3,0,1,2,2,N, ,39 57:53.258,75 10:08.727,1554, ,1549, ,0, , , ,3, , , , , ,107606, , , ,1,0,0,1,0,0,0,0,1,0,0,1,1,0,0,0,0,0,0,0,0,1,0,0,0,0,0,0,0,0,0,0,0,0,0,4,1,39.9648,-75.1691, ,Philadelphia
 ,11014,2017135038,6,67,67301,2017,11,4,1042,10,1,1,0,4,1, , ,N,1,2,0,3,0,2,5,3,N,N,40 01:42.775,75 03:28.507,1043, ,1042,1,1,1,N, ,3,N, , , , ,107637, , , ,3,3,0,0,0,0,0,0,0,0,0,0,2,2,2,0,0,0,0,0,1,0,0,1,0,0,0,0,0,0,0,0,0,0,0,8,0,40.0285,-75.0579, ,Philadelphia
 ,11015,2017137527,6,67,67301,2017,12,3,1150,11,1,1,0,1,1, , ,N,0,0,0,3,0,2,3,2,N, ,39 59:11.288,75 06:16.535,1210, ,1200,1,1,3,N, ,0,Y, , , , ,107638, , , ,2,1,0,1,0,0,0,0,0,0,1,1,2,0,0,0,0,0,0,0,1,0,0,0,0,0,0,0,0,0,0,0,0,0,0,3,1,39.9865,-75.1046, ,Philadelphia
 ,11016,2018015774,6,67,67301,2017,11,2,1550,15,1,1,0,1,1, , ,N,0,0,0,3,0,0,3,2,N,N,40 06:05.127,75 02:26.438,1615, ,1559, ,0, ,N, ,0, , , , , ,107644, , , ,2,1,0,0,1,0,0,0,0,0,0,0,0,0,0,0,0,0,0,0,1,0,0,0,0,0,0,0,0,0,0,0,0,0,0,0,0,40.1014,-75.0407, ,Philadelphia
 ,11017,2017133940,6,67,67301,2017,11,4,650,6,1,2,1,8,1, , ,N,1,2,0,3,0,1,2,2,N,N,40 03:10.832,75 03:51.486,658, ,653,1,1,3,N, ,3,Y, , , , ,107667, , , ,1,0,0,0,0,0,0,0,0,0,0,1,1,0,0,0,0,0,0,0,0,0,0,0,0,0,0,0,0,0,0,0,1,0,0,4,0,40.053,-75.0643, ,Philadelphia
 ,11018,2017135072,6,67,67301,2017,11,6,1540,15,1,1,0,4,1, , ,N,1,3,0,3,0,1,2,2,N,N,40 03:44.839,75 11:19.003,1554, ,1545, ,0, ,N, ,3, , , , , ,107672, , , ,1,1,0,0,0,0,0,0,1,0,0,1,1,0,0,0,0,0,0,0,1,0,0,0,0,0,0,0,0,0,0,0,0,0,0,4,0,40.0624,-75.1886, ,Philadelphia
 ,11019,2018005481,6,67,67301,2017,12,4,1015,10,1,1,0,4,1, , ,N,1,2,0,3,0,0,2,2,N, ,39 57:28.502,75 08:55.805,1040, ,1034, ,0, ,N, ,3, , , , , ,107675, , , ,2,1,0,0,0,0,1,0,0,0,0,0,0,0,0,0,0,0,0,0,0,1,0,0,0,0,0,0,0,0,0,0,0,0,0,0,0,39.958,-75.1488, ,Philadelphia
 ,11020,2018029811,6,67,67301,2017,12,3,635,6,5,1,1,4,1, , ,N,1,3,0,3,0,1,2,2,N,N,40 04:07.190,75 09:50.773,648, ,645,2,1,1,N, ,3,N, , , , ,107686, , , ,2,1,0,0,0,0,1,0,0,0,1,0,1,0,1,0,0,0,0,0,0,0,0,0,0,0,0,0,0,0,0,0,0,0,0,3,0,40.0687,-75.1641, ,Philadelphia
 ,11021,2018028849,6,67,67301,2017,12,2,611,6,1,1,0,8,1, , ,N,1,2,0,3,0,1,2,2,N, ,40 00:46.713,75 07:09.797,830, ,823, ,0, ,N, ,3, , , , , ,107693, , , ,1,0,0,0,0,0,1,0,0,0,0,1,1,0,1,0,0,0,0,0,0,0,0,0,0,0,0,0,0,0,0,0,1,0,0,4,0,40.013,-75.1194, ,Philadelphia
 ,11022,2017109865,6,67,67301,2017,10,4,1625,16,1,1,0,8,1, , ,N,0,0,0,3,0,1,2,2,N, ,40 02:58.129,75 05:11.330,1750, ,1630, ,0, , , ,0, , , , , ,107698, , , ,1,1,0,0,0,0,0,0,0,0,0,0,1,1,0,0,0,0,0,0,1,0,0,0,0,0,0,0,0,0,0,0,1,0,0,8,0,40.0495,-75.0865, ,Philadelphia
 ,11023,2017122803,6,67,67301,2017,10,3,716,7,1,1,0,6,1, , ,N,0,0,0,3,0,3,3,4,N,N,40 02:05.900,75 13:07.100,724, ,723,2,2,3,N, ,0,Y, , , , ,107721, , , ,4,4,0,0,0,0,0,0,0,0,0,0,3,3,0,0,0,0,0,0,0,0,0,1,0,0,0,0,0,0,0,0,0,0,0,8,0,40.035,-75.2186, ,Philadelphia
 ,11024,2018005467,6,67,67301,2017,11,6,20,0,3,1,0,4,1, , ,N,2,0,0,3,0,1,2,2,N,N,39 56:39.616,75 13:08.328,49, ,20, ,0, ,N, ,0, , , , , ,107750, , , ,1,1,0,0,0,0,0,0,1,0,0,0,1,1,0,0,0,0,0,0,0,0,0,1,0,0,0,0,0,0,0,0,0,0,0,8,0,39.9443,-75.219, ,Philadelphia
 ,11025,2017125064,6,67,67301,2017,11,4,2353,23,3,1,0,1,1, , ,N,1,2,0,3,0,1,2,2,N,N,39 59:32.063,75 14:44.508,2359, ,2353,2,2,2,N, ,3,N, , , , ,107802, , , ,2,2,0,0,0,0,0,0,0,0,0,1,1,0,0,0,0,0,0,0,0,1,1,0,0,0,0,0,0,0,0,0,0,0,0,4,0,39.9922,-75.2457, ,Philadelphia
 ,11026,2017127411,6,67,67301,2017,11,6,205,2,3,2,1,7,3, , ,N,1,2,0,3,0,1,1,1,N,N,40 01:08.435,75 08:49.983,215, ,214, ,0, ,N, ,3, , , , , ,107814, , , ,1,1,0,0,0,0,0,0,0,0,1,0,1,0,0,0,0,0,0,0,0,0,0,0,0,0,0,0,0,0,0,0,0,0,0,3,0,40.0189,-75.1471, ,Philadelphia
 ,11027,2018027548,6,67,67301,2017,12,3,850,8,1,1,0,4,1, , ,N,0,0,7,3,0,2,2,2,N, ,40 00:42.313,75 04:10.638,1235, ,1230, ,0, ,N, ,0, , , , , ,110624, , , ,2,1,0,0,0,0,1,0,0,0,0,2,2,0,0,0,0,0,0,0,0,0,0,0,0,0,0,0,0,0,0,0,0,0,0,4,0,40.0118,-75.0696, ,Philadelphia
 ,11028,2018028941,6,67,67301,2017,12,5,1450,14,1,1,0,8,1, , ,N,1,2,0,3,0,1,2,2,N, ,40 00:43.452,75 06:43.833,1525, ,1505, ,0, ,N, ,3, , , , , ,110660, , , ,1,0,0,0,0,0,1,0,0,0,0,0,1,1,0,0,0,0,0,0,0,0,0,1,0,0,0,0,0,0,0,0,1,0,0,8,0,40.0121,-75.1122, ,Philadelphia
 ,11029,2018027342,6,67,67301,2017,12,5,910,9,1,1,5,4,1, , ,N,2,3,0,3,0,0,3,2,N,N,40 04:13.508,75 11:40.354,911, ,911, ,0, ,N, ,3, , , , , ,110661, , , ,2,1,0,0,0,0,1,0,0,0,0,0,0,0,0,0,0,0,0,0,1,0,0,0,0,0,0,0,0,0,0,0,0,0,0,0,0,40.0704,-75.1945, ,Philadelphia
 ,11030,2018005469,6,67,67301,2017,11,4,1600,16,1,9,8,5,6, , ,N,0,0,0,3,0,0,1,2,N,N,39 57:40.700,75 08:28.700,1740, ,1717, ,0, ,N, ,0, , , , , ,110662, , , ,2,1,0,0,0,0,0,0,0,0,0,0,0,0,1,0,0,0,0,0,0,0,0,0,0,0,0,0,0,0,0,0,0,0,0,9,0,39.9613,-75.1413, ,Philadelphia
 ,11031,2018026501,6,67,67301,2017,12,6,1915,19,3,1,0,8,1, , ,N,0,0,0,3,0,1,2,2,N,N,39 58:20.500,75 15:36.200,1940, ,1932, ,0, ,N, ,0, , , , , ,110663, , , ,1,1,0,0,0,0,0,0,0,0,0,0,1,1,0,0,0,0,0,0,0,0,0,1,0,0,0,0,0,0,0,0,1,0,0,8,0,39.9724,-75.2601, ,Philadelphia
 ,11032,2018027433,6,67,67301,2017,12,7,1625,16,3,2,1,8,1, , ,N,1,1,0,3,0,1,2,2,N,N,40 00:43.500,75 06:43.800,1635, ,1630, ,9, ,N, ,3, , , , , ,110678, , , ,1,1,0,0,0,0,0,0,0,0,0,1,1,0,1,0,0,0,0,0,0,0,0,0,0,0,0,0,0,0,0,0,1,0,0,4,0,40.0121,-75.1122, ,Philadelphia