wz_ln_closure,objectid_1,crn,district,county,municipality,crash_year,crash_month,day_of_week,time_of_day,hour_of_day,illumination,weather,road_condition,collision_type,relation_to_road,work_zone_type,work_zone_loc,work_zone_ind,intersect_type,tcd_type,location_type,urban_rural,fatal_count,injury_count,person_count,total_units,sch_bus_ind,sch_zone_ind,latitude,longitude,arrival_tm,cons_zone_spd_lim,dispatch_tm,est_hrs_closed,lane_closed,ln_close_dir,ntfy_hiwy_maint,spec_juris_cd,tcd_func_cd,tfc_detour_ind,workers_pres,wz_close_detour,wz_flagger,wz_law_offcr_ind,objectid,wz_moving,wz_other,wz_shlder_mdn,vehicle_count,automobile_count,motorcycle_count,bus_count,small_truck_count,heavy_truck_count,suv_count,van_count,bicycle_count,maj_inj_count,mod_inj_count,min_inj_count,tot_inj_count,unk_inj_deg_count,unk_inj_per_count,driver_count_16yr,driver_count_17yr,driver_count_18yr,driver_count_19yr,driver_count_20yr,driver_count_50_64yr,driver_count_65_74yr,driver_count_75plus,unbelted_occ_count,unb_death_count,unb_maj_inj_count,belted_death_count,belted_maj_inj_count,mcycle_death_count,mcycle_maj_inj_count,bicycle_death_count,bicycle_maj_inj_count,ped_count,ped_death_count,ped_maj_inj_count,max_severity_level,comm_veh_count,dec_lat,dec_long,rdwy_surf_type_cd,county_name
 ,11033,2018027595,6,67,67301,2017,12,7,2035,20,3,1,8,4,1, , ,N,1,2,0,3,0,0,3,2,N,N,39 55:05.344,75 10:15.986,2045, ,2040, ,0, ,N, ,3, , , , , ,110680, , , ,2,2,0,0,0,0,0,0,0,0,0,0,0,0,0,0,0,0,0,0,1,0,0,0,0,0,0,0,0,0,0,0,0,0,0,0,0,39.9181,-75.171, ,Philadelphia
 ,11034,2017130618,6,67,67301,2017,11,4,1125,11,1,1,0,1,1, , ,N,0,0,0,3,0,1,4,4,N,N,40 01:15.425,75 08:28.613,1137, ,1130,2,1,2,N, ,0,N, , , , ,110702, , , ,4,3,0,0,0,0,1,0,0,0,0,1,1,0,0,0,0,0,0,0,1,0,0,0,0,0,0,0,0,0,0,0,0,0,0,4,0,40.021,-75.1413, ,Philadelphia
 ,11035,2018027421,6,67,67301,2017,12,1,530,5,3,8,1,1,1, , ,N,1,2,0,3,0,0,2,2,N,N,39 58:12.478,75 07:49.489,615, ,610, ,0, ,N, ,3, , , , , ,110708, , , ,2,1,0,0,0,0,1,0,0,0,0,0,0,0,0,0,0,0,0,0,0,0,0,0,0,0,0,0,0,0,0,0,0,0,0,0,0,39.9701,-75.1304, ,Philadelphia
 ,11036,2017110899,6,67,67301,2017,10,7,1006,10,1,1,0,1,1, , ,N,0,0,0,3,0,0,3,3,N,N,39 55:56.475,75 11:59.980,1021, ,1009,1,2,4, , ,0,N, , , , ,110715, , , ,3,1,0,0,0,0,2,0,0,0,0,0,0,0,0,0,0,0,0,0,0,0,0,0,0,0,0,0,0,0,0,0,0,0,0,0,0,39.9324,-75.2, ,Philadelphia
 ,11037,2017120561,6,67,67301,2017,10,5,1945,19,3,1,0,4,1, , ,N,1,2,0,3,0,0,2,2,N,N,40 02:20.942,75 06:36.006,2000, ,1950, ,0, ,N, ,3, , , , , ,110718, , , ,2,0,0,0,0,0,1,0,0,0,0,0,0,0,1,0,0,0,0,0,0,0,0,0,0,0,0,0,0,0,0,0,0,0,0,9,0,40.0392,-75.11, ,Philadelphia
 ,11038,2017097932,6,67,67301,2017,9,6,2047,20,3,1,0,8,1, , ,N,1,2,0,3,0,1,3,2,N,N,40 02:51.581,75 03:35.828,2050, ,2048,1,2,1, , ,3,Y, , , , ,110722, , , ,1,0,0,0,0,0,1,0,0,0,0,1,1,0,0,0,0,0,0,0,0,1,0,0,0,0,0,0,0,0,0,0,1,0,0,4,0,40.0477,-75.06, ,Philadelphia
 ,11039,2017130595,6,67,67301,2017,10,1,740,7,3,1,0,3,1, , ,N,0,0,7,3,0,1,2,2,N,N,40 03:41.894,75 00:33.988,9999, ,745, ,0, , , ,0, , , , , ,110732, , , ,2,0,0,0,2,0,0,0,0,0,0,0,1,1,0,0,0,0,0,0,0,1,0,0,0,0,0,0,0,0,0,0,0,0,0,8,0,40.0616,-75.0094, ,Philadelphia
 ,11040,2018027357,6,67,67301,2017,12,5,1538,15,1,1,0,4,1, , ,N,2,3,0,3,0,1,4,2,N, ,40 05:08.045,75 02:21.757,1600, ,1539,9,1,1,N, ,3,N, , , , ,110756, , , ,2,1,0,0,1,0,0,0,0,0,1,0,1,0,0,0,0,0,0,1,0,0,0,2,0,0,0,0,0,0,0,0,0,0,0,3,0,40.0856,-75.0394, ,Philadelphia
 ,11041,2018005505,6,67,67301,2017,12,6,535,5,3,2,1,8,1, , ,N,1,2,0,3,0,1,2,2,N,N,40 01:40.042,75 03:36.277,541, ,538, ,0, ,N, ,3, , , , , ,110757, , , ,1,0,0,0,0,0,1,0,0,0,0,1,1,0,0,0,0,0,0,0,1,0,0,1,0,0,0,0,0,0,0,0,1,0,0,4,0,40.0278,-75.0601, ,Philadelphia
 ,11042,2018028934,6,67,67301,2017,12,2,1030,10,1,1,0,5,1, , ,N,0,0,0,3,0,0,3,2,N,N,39 56:31.500,75 12:42.300,1217, ,1208, ,0, ,N, ,0, , , , , ,110758, , , ,2,1,0,0,0,1,0,0,0,0,0,0,0,0,0,0,0,0,0,0,0,0,0,0,0,0,0,0,0,0,0,0,0,0,0,0,0,39.9421,-75.2118, ,Philadelphia
 ,11043,2017097841,6,67,67301,2017,9,7,1945,19,3,2,1,4,1, , ,N,1,2,0,3,0,2,3,2,N,N,40 01:18.044,75 06:45.559,1950, ,1945, ,0, ,N, ,3, , , , , ,110783, , , ,2,1,0,0,0,0,1,0,0,0,0,2,2,0,0,0,0,0,1,1,0,0,0,1,0,0,0,0,0,0,0,0,0,0,0,4,0,40.0217,-75.1127, ,Philadelphia
 ,11044,2017127496,6,67,67301,2017,11,3,1830,18,3,2,1,1,1, , ,N,0,0,0,3,0,2,2,2,N,N,39 56:30.696,75 14:18.232,1840, ,1833, ,0, ,N, ,0, , , , , ,110800, , , ,2,2,0,0,0,0,0,0,0,0,0,2,2,0,0,0,0,0,1,0,0,0,0,0,0,0,0,0,0,0,0,0,0,0,0,4,0,39.9419,-75.2384, ,Philadelphia
 ,11045,2018029742,6,67,67301,2017,11,5,1414,14,1,1,0,1,1, , ,N,0,0,0,3,0,0,5,2,N,N,39 54:27.400,75 09:07.600,1418, ,1414,2,1,4,N, ,0,N, , , , ,113990, , , ,2,1,0,0,1,0,0,0,0,0,0,0,0,0,0,0,0,0,0,0,0,0,0,0,0,0,0,0,0,0,0,0,0,0,0,0,0,39.9076,-75.1521, ,Philadelphia
Y,11046,2017110659,6,67,67301,2017,10,5,1603,16,1,1,0,4,1,1,4,Y,0,0,0,3,0,0,3,2,N,N,39 59:45.582,75 04:58.005,1603,45,1603,1,1,1, , ,0,N,N,N,N,N,113998,N,Y,Y,2,1,0,0,0,0,1,0,0,0,0,0,0,0,0,0,0,0,0,0,0,0,0,0,0,0,0,0,0,0,0,0,0,0,0,0,0,39.996,-75.0828, ,Philadelphia
 ,11047,2017128491,6,67,67301,2017,12,6,1330,13,1,1,0,5,1, , ,N,0,0,0,3,0,0,2,2,N,N,39 59:07.983,75 09:23.129,1420, ,1420, ,0, ,N, ,0, , , , , ,114001, , , ,2,1,0,0,0,1,0,0,0,0,0,0,0,0,0,0,0,0,0,0,0,0,0,0,0,0,0,0,0,0,0,0,0,0,0,0,1,39.9856,-75.1564, ,Philadelphia
 ,11048,2017120500,6,67,67301,2017,10,1,300,3,3,9,0,1,1, , ,N,0,2,0,3,0,1,2,3,N, ,39 56:48.169,75 14:16.425,1336, ,1335, ,0, , , ,3, , , , , ,114022, , , ,3,1,0,0,0,0,1,1,0,0,0,0,1,1,0,0,0,0,0,0,0,0,0,1,0,0,0,0,0,0,0,0,0,0,0,8,0,39.9467,-75.2379, ,Philadelphia
 ,11049,2017095782,6,67,67301,2017,9,1,2025,20,3,1,0,8,1, , ,N,1,2,0,3,0,1,2,2,N,N,39 57:14.855,75 12:09.299,2036, ,2033, ,0, ,N, ,3, , , , , ,114043, , , ,1,0,0,0,0,0,0,0,0,0,1,0,1,0,1,0,0,0,0,0,0,0,0,0,0,0,0,0,0,0,0,0,1,0,0,3,0,39.9541,-75.2025, ,Philadelphia
 ,11050,2018029820,6,67,67301,2017,12,1,9999,99,1,1,0,4,1, , ,N,1,2,0,3,0,0,5,2,N,N,40 00:31.197,75 04:08.216,1550, ,1541, ,0, ,N, ,3, , , , , ,114080, , , ,2,0,0,0,0,0,1,1,0,0,0,0,0,0,1,0,0,0,0,0,0,0,0,0,0,0,0,0,0,0,0,0,0,0,0,9,0,40.0086,-75.0688, ,Philadelphia
 ,11051,2017086173,6,67,67301,2017,7,7,1200,12,1,1,0,4,1, , ,N,1,2,0,3,0,0,2,2,N,N,39 57:41.041,75 08:53.361,1202, ,1200, ,0, , , ,3, , , , , ,114088, , , ,2,1,0,0,1,0,0,0,0,0,0,0,0,0,0,0,0,0,0,0,0,0,0,0,0,0,0,0,0,0,0,0,0,0,0,0,0,39.9614,-75.1482, ,Philadelphia
 ,11052,2017111319,6,67,67301,2017,10,4,1853,18,3,2,1,1,1, , ,N,0,0,0,3,0,0,2,2,N,N,40 00:28.034,75 12:04.133,1912, ,1900, ,0, , , ,0, , , , , ,114118, , , ,2,1,0,0,0,0,1,0,0,0,0,0,0,0,0,0,0,0,0,0,0,0,0,0,0,0,0,0,0,0,0,0,0,0,0,0,0,40.0078,-75.2011, ,Philadelphia
 ,11053,2017093598,6,67,67301,2017,8,6,1239,12,1,1,0,1,1, , ,N,2,2,0,3,0,2,2,2,N,N,40 01:38.500,75 05:56.827,1445, ,1445, ,0, ,N, ,3, , , , , ,114119, , , ,2,1,0,0,0,0,1,0,0,0,0,0,2,2,0,0,0,0,0,0,0,0,0,0,0,0,0,0,0,0,0,0,0,0,0,8,0,40.0274,-75.0991, ,Philadelphia
 ,11054,2018020696,6,67,67301,2017,12,7,440,4,3,1,0,1,1, , ,N,1,2,0,3,0,1,4,2,N,N,39 59:27.116,75 09:18.941,455, ,447, ,0, ,N, ,3, , , , , ,114137, , , ,2,1,0,0,0,0,0,1,0,0,0,1,1,0,0,0,0,0,0,0,1,0,0,3,0,0,0,0,0,0,0,0,0,0,0,4,0,39.9909,-75.1551, ,Philadelphia
 ,11055,2018029817,6,67,67301,2017,12,4,1045,10,1,1,0,8,1, , ,N,1,2,0,3,0,1,2,2,N,N,40 03:00.233,75 09:01.728,1046, ,1045, ,0, ,N, ,3, , , , , ,114138, , , ,1,0,0,0,0,0,1,0,0,0,0,1,1,0,0,0,0,0,0,0,1,0,0,0,0,0,0,0,0,0,0,0,1,0,0,4,0,40.0501,-75.1505, ,Philadelphia
 ,11056,2018028731,6,67,67301,2017,12,5,1710,17,3,1,0,4,1, , ,N,1,2,0,3,0,0,2,2,N,N,39 57:08.078,75 12:24.915,1820, ,1815,2,1,3,N, ,3,N, , , , ,114153, , , ,2,2,0,0,0,0,0,0,0,0,0,0,0,0,0,0,0,0,0,0,1,0,0,0,0,0,0,0,0,0,0,0,0,0,0,0,0,39.9522,-75.2069, ,Philadelphia
 ,11057,2017133978,6,67,67301,2017,11,7,2034,20,3,1,0,4,1, , ,N,2,2,7,3,0,1,2,2,N, ,40 05:29.578,74 57:56.181,2041, ,2036, ,0, ,N, ,3, , , , , ,114156, , , ,2,2,0,0,0,0,0,0,0,0,0,0,1,1,0,0,1,0,0,0,0,0,0,1,0,0,0,0,0,0,0,0,0,0,0,8,0,40.0915,-74.9656, ,Philadelphia
 ,11058,2017130654,6,67,67301,2017,11,6,1755,17,3,1,0,8,1, , ,N,1,2,0,3,0,1,2,2,N, ,40 02:20.569,75 08:40.591,1840, ,1835, ,0, ,N, ,3, , , , , ,114165, , , ,1,1,0,0,0,0,0,0,0,0,0,1,1,0,0,0,0,0,0,0,0,0,0,1,0,0,0,0,0,0,0,0,1,0,0,4,0,40.039,-75.1446, ,Philadelphia
 ,11059,2017093644,6,67,67301,2017,8,3,630,6,1,1,0,4,1, , ,N,2,3,0,3,0,2,2,2,N,N,40 03:29.509,75 08:39.033,900, ,857, ,0, ,N, ,3, , , , , ,114168, , , ,2,1,0,0,0,0,1,0,0,0,0,2,2,0,0,0,0,0,0,0,1,0,0,0,0,0,0,0,0,0,0,0,0,0,0,4,0,40.0582,-75.1442, ,Philadelphia
 ,11060,2017097968,6,67,67301,2017,9,1,420,4,6,1,0,8,1, , ,N,1,3,0,3,0,1,2,2,N, ,40 02:53.185,75 08:51.626,800, ,800, ,0, , , ,3, , , , , ,114172, , , ,1,0,0,0,0,0,0,0,0,0,0,1,1,0,0,0,0,0,0,0,0,0,0,0,0,0,0,0,0,0,0,0,1,0,0,4,0,40.0481,-75.1477, ,Philadelphia
 ,11061,2017128108,6,67,67301,2017,11,7,1800,18,4,2,1,3,1, , ,N,1,2,0,3,0,1,4,2,N, ,39 58:42.564,75 06:52.939,9999, ,9999, ,0, , , ,3, , , , , ,114182, , , ,2,0,0,0,0,0,2,0,0,0,0,0,1,1,3,0,0,0,0,0,1,0,0,2,0,0,0,0,0,0,0,0,0,0,0,8,0,39.9785,-75.1147, ,Philadelphia
 ,11062,2017132465,6,67,67301,2017,11,4,1541,15,1,1,0,1,1, , ,N,0,0,0,3,0,0,4,2,N,N,40 00:33.458,75 03:58.411,1547, ,1544,1,1,1, , ,0,N, , , , ,114187, , , ,2,1,0,0,1,0,0,0,0,0,0,0,0,0,0,0,0,0,0,1,0,0,0,0,0,0,0,0,0,0,0,0,0,0,0,0,0,40.0093,-75.0662, ,Philadelphia
 ,11063,2017134996,6,67,67301,2017,11,7,1450,14,1,1,0,8,1, , ,N,1,2,0,3,0,1,2,2,N,N,40 00:20.131,75 06:11.812,1505, ,1500, ,0, ,N, ,3, , , , , ,116337, , , ,1,0,0,0,0,0,0,0,0,0,0,1,1,0,0,0,0,0,0,0,0,0,0,0,0,0,0,0,0,0,0,0,1,0,0,4,0,40.0056,-75.1033, ,Philadelphia
 ,11064,2018027585,6,67,67301,2017,12,3,1535,15,1,1,0,4,1, , ,N,1,2,0,3,0,0,3,3,N, ,39 57:44.409,75 09:40.847,1542, ,1540, ,0, ,N, ,3, , , , , ,116340, , , ,3,3,0,0,0,0,0,0,0,0,0,0,0,0,0,0,0,0,0,1,1,0,0,2,0,0,0,0,0,0,0,0,0,0,0,0,0,39.9623,-75.1613, ,Philadelphia
 ,11065,2018004621,6,67,67301,2017,11,5,2243,22,3,1,0,1,1, , ,N,6,0,2,3,0,0,4,3,N,N,39 56:45.748,75 11:22.985,2258, ,2250,1,1,3, , ,0,N, , , , ,116342, , , ,3,2,0,0,0,0,1,0,0,0,0,0,0,0,0,0,0,0,0,0,2,0,0,0,0,0,0,0,0,0,0,0,0,0,0,0,0,39.946,-75.1897, ,Philadelphia
 ,11066,2017122791,6,67,67301,2017,11,4,1048,10,1,1,0,4,1, , ,N,2,3,0,3,0,0,2,2,N,N,39 56:29.575,75 14:16.891,1048, ,1048,3,1,1,N, ,3,Y, , , , ,116360, , , ,2,2,0,0,0,0,0,0,0,0,0,0,0,0,0,0,0,0,0,0,1,0,0,1,0,0,0,0,0,0,0,0,0,0,0,0,0,39.9415,-75.238, ,Philadelphia
 ,11067,2018005497,6,67,67301,2017,12,1,1011,10,1,1,0,2,1, , ,N,0,0,0,3,0,2,3,2,N, ,39 59:17.300,75 05:56.600,1015, ,1012,1,2,6,N, ,0,N, , , , ,116370, , , ,2,2,0,0,0,0,0,0,0,0,1,1,2,0,0,0,0,0,0,0,0,0,0,0,0,0,0,0,0,0,0,0,0,0,0,3,0,39.9881,-75.0991, ,Philadelphia
 ,11068,2018034859,6,67,67301,2017,7,1,330,3,3,1,0,1,1, , ,N,2,0,0,3,0,1,2,2,N,N,39 54:32.511,75 14:30.820,9999, ,9999, ,0, ,N, ,0, , , , , ,116372, , , ,2,1,0,0,0,0,1,0,0,0,0,0,1,1,0,0,0,0,0,0,0,0,0,0,0,0,0,0,0,0,0,0,0,0,0,8,0,39.909,-75.2419, ,Philadelphia
 ,11069,2018027467,6,67,67301,2017,12,4,2345,23,3,4,4,7,4, , ,N,0,0,0,3,0,1,1,1,N, ,40 02:54.200,75 14:48.700,0, ,2355, ,0, ,N, ,0, , , , , ,116373, , , ,1,1,0,0,0,0,0,0,0,0,0,1,1,0,0,0,0,0,0,0,0,0,0,0,0,0,0,0,0,0,0,0,0,0,0,4,0,40.0484,-75.2469, ,Philadelphia
 ,11070,2017128000,6,67,67301,2017,11,7,635,6,5,5,8,5,6, , ,N,0,0,0,3,0,0,1,3,N,N,40 05:15.625,75 01:29.457,700, ,638,1,2,2,N, ,0,N, , , , ,116381, , , ,3,3,0,0,0,0,0,0,0,0,0,0,0,0,0,0,0,0,0,0,0,0,0,0,0,0,0,0,0,0,0,0,0,0,0,0,0,40.0877,-75.0248, ,Philadelphia
 ,11071,2017120553,6,67,67301,2017,10,2,859,8,1,1,1,6,1, , ,N,0,0,0,3,0,2,2,2,N,N,40 05:06.200,75 12:56.200,930, ,904,2,1,4, , ,0,Y, , , , ,116385, , , ,2,2,0,0,0,0,0,0,0,0,0,1,2,1,0,0,0,0,0,0,0,1,0,0,0,0,0,0,0,0,0,0,0,0,0,4,0,40.0851,-75.2156, ,Philadelphia
 ,11072,2017128021,6,67,67301,2017,11,3,1715,17,3,2,1,8,1, , ,N,5,2,0,3,0,1,2,2,N, ,39 57:25.093,75 10:09.035,1730, ,1715, ,0, , , ,3, , , , , ,116389, , , ,1,1,0,0,0,0,0,0,0,0,0,0,1,1,0,0,0,0,0,0,0,0,0,0,0,0,0,0,0,0,0,0,1,0,0,8,0,39.9581,-75.1698, ,Philadelphia
 ,11073,2017130710,6,67,67301,2017,11,5,9999,99,6,1,0,7,4, , ,N,0,0,0,3,0,0,1,1,N, ,39 55:15.583,75 11:44.774,1950, ,1900, ,0, ,N, ,0, , , , , ,116413, , , ,1,1,0,0,0,0,0,0,0,0,0,0,0,0,0,0,0,0,0,0,0,0,0,0,0,0,0,0,0,0,0,0,0,0,0,0,0,39.921,-75.1958, ,Philadelphia
 ,11074,2017127360,6,67,67301,2017,11,5,724,7,1,1,0,4,1, , ,N,1,2,0,3,0,1,2,2,N, ,39 59:06.043,75 06:24.534,745, ,739, ,0, , , ,3, , , , , ,116414, , , ,2,0,0,0,0,0,2,0,0,0,0,1,1,0,0,0,0,0,0,0,1,0,0,1,0,0,0,0,0,0,0,0,0,0,0,4,0,39.985,-75.1068, ,Philadelphia
 ,11075,2018027400,6,67,67301,2017,12,2,1604,16,1,1,0,1,1, , ,N,5,2,0,3,0,2,5,3,N,N,40 00:48.913,75 04:06.725,1604, ,1604, ,0, ,N, ,3, , , , , ,116444, , , ,3,0,0,0,1,0,1,1,0,0,0,2,2,0,0,0,0,0,0,0,1,0,0,3,0,0,0,0,0,0,0,0,0,0,0,4,0,40.0136,-75.0685, ,Philadelphia
 ,11076,2017128003,6,67,67301,2017,11,1,1845,18,3,1,0,5,1, , ,N,0,2,0,3,0,0,2,2,N,N,39 57:02.558,75 09:50.417,1845, ,1845,2,2,2,N, ,3,Y, , , , ,116447, , , ,2,0,1,0,0,0,1,0,0,0,0,0,0,0,0,0,0,0,0,0,2,0,0,0,0,0,0,0,0,0,0,0,0,0,0,0,0,39.9507,-75.164, ,Philadelphia
 ,11077,2017132888,6,67,67301,2017,12,3,1545,15,1,1,0,1,1, , ,N,0,0,0,3,0,0,3,3,N,N,39 58:58.163,75 05:56.570,1554, ,1550, ,0, , , ,0, , , , , ,116456, , , ,3,3,0,0,0,0,0,0,0,0,0,0,0,0,0,0,0,0,0,0,2,0,0,0,0,0,0,0,0,0,0,0,0,0,0,0,0,39.9828,-75.099, ,Philadelphia
 ,11078,2017127396,6,67,67301,2017,11,5,800,8,1,1,0,1,6, , ,N,0,0,0,3,0,0,1,3,N,N,40 04:12.700,75 09:40.400,810, ,805, ,0, ,N, ,0, , , , , ,116462, , , ,3,2,0,0,0,0,1,0,0,0,0,0,0,0,0,0,0,0,0,0,0,0,0,0,0,0,0,0,0,0,0,0,0,0,0,0,0,40.0702,-75.1612, ,Philadelphia
 ,11079,2018005537,6,67,67301,2017,12,6,2255,22,3,1,0,4,1, , ,N,2,3,0,3,0,2,6,2,N,N,39 55:19.847,75 14:35.962,2330, ,2320, ,0, ,N, ,3, , , , , ,116473, , , ,2,2,0,0,0,0,0,0,0,0,0,2,2,0,0,0,0,0,0,0,0,0,0,0,0,0,0,0,0,0,0,0,0,0,0,4,0,39.9222,-75.2433, ,Philadelphia
 ,11080,2018005577,6,67,67301,2017,11,7,912,9,1,1,0,5,6, , ,N,0,0,0,3,0,1,1,4,N,N,39 57:04.300,75 12:39.100,912, ,912, ,0, ,N, ,0, , , , , ,116474, , , ,4,3,0,0,0,0,0,1,0,0,0,1,1,0,0,0,0,0,0,0,0,0,0,0,0,0,0,0,0,0,0,0,0,0,0,4,0,39.9512,-75.2109, ,Philadelphia
 ,11081,2017136589,6,67,67301,2017,10,3,1624,16,1,1,0,1,1, , ,N,0,0,0,3,0,0,2,2,N,N,39 59:29.255,75 05:10.706,1624, ,1624, ,0, , , ,0, , , , , ,107822, , , ,2,1,0,0,0,0,1,0,0,0,0,0,0,0,0,0,0,0,0,0,0,0,0,0,0,0,0,0,0,0,0,0,0,0,0,0,0,39.9915,-75.0863, ,Philadelphia
 ,11082,2017122827,6,67,67301,2017,10,3,2230,22,3,1,0,5,6, , ,N,0,0,0,3,0,0,2,2,N,N,40 03:49.500,75 11:30.700,2250, ,2245, ,0, ,N, ,0, , , , , ,107824, , , ,2,0,0,0,0,0,1,1,0,0,0,0,0,0,1,0,0,0,0,0,1,0,0,0,0,0,0,0,0,0,0,0,0,0,0,9,0,40.0638,-75.1919, ,Philadelphia
 ,11083,2017135055,6,67,67301,2017,11,4,145,1,3,1,0,7,4, , ,N,0,0,0,3,0,0,1,1,N, ,40 05:02.792,75 12:29.710,205, ,200,2,1,1,N, ,0,N, , , , ,107842, , , ,1,1,0,0,0,0,0,0,0,0,0,0,0,0,0,0,0,0,0,0,0,0,0,0,0,0,0,0,0,0,0,0,0,0,0,0,0,40.0841,-75.2083, ,Philadelphia
 ,11084,2018031024,6,67,67301,2017,11,4,2300,23,3,1,0,1,1, , ,N,1,2,0,3,0,1,2,2,N,N,39 57:43.998,75 14:33.705,2300, ,2300, ,0, ,N, ,3, , , , , ,107846, , , ,2,1,0,0,1,0,0,0,0,0,1,0,1,0,0,0,0,0,0,0,2,0,0,0,0,0,0,0,0,0,0,0,0,0,0,3,0,39.9621,-75.2428, ,Philadelphia
 ,11085,2017105883,6,67,67301,2017,9,5,1755,17,4,1,0,4,1, , ,N,1,2,0,3,0,2,2,2,N,N,40 02:13.610,75 08:22.736,1810, ,1800, ,0, ,N, ,3, , , , , ,107857, , , ,2,2,0,0,0,0,0,0,0,0,0,2,2,0,0,0,0,0,0,1,1,0,0,0,0,0,0,0,0,0,0,0,0,0,0,4,0,40.0371,-75.1396, ,Philadelphia
 ,11086,2017134989,6,67,67301,2017,11,6,2330,23,3,1,0,8,1, , ,N,1,2,0,3,0,1,2,2,N, ,40 03:12.464,75 03:17.783,14, ,2345, ,0, ,N, ,3, , , , , ,107884, , , ,1,1,0,0,0,0,0,0,0,0,0,1,1,0,0,0,0,0,0,0,0,0,0,1,0,0,0,0,0,0,0,0,1,0,0,4,0,40.0535,-75.0549, ,Philadelphia
 ,11087,2017127362,6,67,67301,2017,11,3,1440,14,1,1,0,8,6, , ,N,0,0,1,3,0,1,2,2,N,N,39 59:46.586,75 06:49.548,1450, ,1445, ,0, ,N, ,0, , , , , ,107892, , , ,1,1,0,0,0,0,0,0,0,0,0,0,1,1,0,0,0,0,0,0,0,1,0,0,0,0,0,0,0,0,0,0,1,0,0,8,0,39.9963,-75.1138, ,Philadelphia
 ,11088,2017127519,6,67,67301,2017,10,3,1415,14,1,1,1,8,1, , ,N,1,2,0,3,0,1,2,2,N, ,39 57:09.926,75 09:29.183,1750, ,1739, ,0, , , ,3, , , , , ,107906, , , ,1,0,0,0,0,0,0,1,0,0,0,1,1,0,0,0,0,0,0,0,0,0,0,1,0,0,0,0,0,0,0,0,1,0,0,4,0,39.9528,-75.1581, ,Philadelphia
 ,11089,2018027412,6,67,67301,2017,12,6,1736,17,3,1,0,4,1, , ,N,2,3,0,3,0,1,2,2,N,N,39 55:45.709,75 14:33.506,1751, ,1750, ,0, ,N, ,3, , , , , ,107909, , , ,2,2,0,0,0,0,0,0,0,0,0,1,1,0,0,0,0,0,0,0,0,0,0,0,0,0,0,0,0,0,0,0,0,0,0,4,0,39.9294,-75.2426, ,Philadelphia
 ,11090,2018029929,6,67,67301,2017,12,4,1005,10,1,1,0,5,6, , ,N,0,0,0,3,0,0,1,4,N,N,39 55:17.800,75 10:30.900,1018, ,1013,1,2,2,N, ,0,Y, , , , ,107911, , , ,4,1,0,0,0,0,2,1,0,0,0,0,0,0,1,0,0,0,0,0,0,0,0,0,0,0,0,0,0,0,0,0,0,0,0,9,0,39.9216,-75.1753, ,Philadelphia
 ,11091,2018029830,6,67,67301,2017,12,5,1705,17,4,1,0,8,1, , ,N,0,0,0,3,0,1,2,2,N, ,39 58:14.211,75 09:12.330,1815, ,1800, ,0, ,N, ,0, , , , , ,107942, , , ,1,0,0,0,0,0,0,0,0,0,0,1,1,0,0,0,0,0,0,0,0,0,0,0,0,0,0,0,0,0,0,0,1,0,0,4,0,39.9706,-75.1534, ,Philadelphia
 ,11092,2018026733,6,67,67301,2017,12,7,141,1,3,1,4,1,6, , ,N,0,0,0,3,0,0,2,2,N,N,40 02:13.100,75 09:43.000,145, ,142,3,1,2,N, ,0,N, , , , ,107958, , , ,2,0,0,0,0,1,1,0,0,0,0,0,0,0,0,0,0,0,0,0,0,0,0,0,0,0,0,0,0,0,0,0,0,0,0,0,1,40.037,-75.1619, ,Philadelphia
 ,11093,2017110051,6,67,67301,2017,10,2,1639,16,4,1,0,8,1, , ,N,1,0,0,3,0,1,4,2,N,N,40 00:19.371,75 04:39.784,1750, ,1738,2,2,3,N, ,0,Y, , , , ,107964, , , ,1,0,0,1,0,0,0,0,0,0,1,0,1,0,0,0,0,0,0,0,1,0,0,0,0,0,0,0,0,0,0,0,1,0,0,3,1,40.0054,-75.0777, ,Philadelphia
 ,11094,2017100792,6,67,67301,2017,9,6,1102,11,1,1,0,1,1, , ,N,0,0,2,3,0,3,4,2,N,N,39 59:03.051,75 05:47.342,1114, ,1112,1,1,2, , ,0,N, , , , ,107965, , , ,2,1,0,0,0,0,1,0,0,0,0,3,3,0,0,0,0,0,0,0,0,0,0,0,0,0,0,0,0,0,0,0,0,0,0,4,0,39.9842,-75.0965, ,Philadelphia
 ,11095,2017133938,6,67,67301,2017,11,4,1240,12,1,1,0,1,1, , ,N,1,2,0,3,0,1,3,2,N,N,39 55:04.343,75 10:08.211,1315, ,1308, ,0, ,N, ,3, , , , , ,107974, , , ,2,1,0,0,0,0,1,0,0,0,0,0,1,1,0,0,1,0,0,0,0,0,0,3,0,0,0,0,0,0,0,0,0,0,0,8,0,39.9179,-75.1689, ,Philadelphia
 ,11096,2017135033,6,67,67301,2017,11,3,804,8,1,1,0,4,1, , ,N,0,0,0,3,0,0,2,2,N,N,40 01:45.960,75 12:13.402,812, ,804, ,0, ,N, ,0, , , , , ,107977, , , ,2,2,0,0,0,0,0,0,0,0,0,0,0,0,0,0,0,0,0,0,0,0,0,0,0,0,0,0,0,0,0,0,0,0,0,0,0,40.0294,-75.2037, ,Philadelphia