wz_ln_closure,objectid_1,crn,district,county,municipality,crash_year,crash_month,day_of_week,time_of_day,hour_of_day,illumination,weather,road_condition,collision_type,relation_to_road,work_zone_type,work_zone_loc,work_zone_ind,intersect_type,tcd_type,location_type,urban_rural,fatal_count,injury_count,person_count,total_units,sch_bus_ind,sch_zone_ind,latitude,longitude,arrival_tm,cons_zone_spd_lim,dispatch_tm,est_hrs_closed,lane_closed,ln_close_dir,ntfy_hiwy_maint,spec_juris_cd,tcd_func_cd,tfc_detour_ind,workers_pres,wz_close_detour,wz_flagger,wz_law_offcr_ind,objectid,wz_moving,wz_other,wz_shlder_mdn,vehicle_count,automobile_count,motorcycle_count,bus_count,small_truck_count,heavy_truck_count,suv_count,van_count,bicycle_count,maj_inj_count,mod_inj_count,min_inj_count,tot_inj_count,unk_inj_deg_count,unk_inj_per_count,driver_count_16yr,driver_count_17yr,driver_count_18yr,driver_count_19yr,driver_count_20yr,driver_count_50_64yr,driver_count_65_74yr,driver_count_75plus,unbelted_occ_count,unb_death_count,unb_maj_inj_count,belted_death_count,belted_maj_inj_count,mcycle_death_count,mcycle_maj_inj_count,bicycle_death_count,bicycle_maj_inj_count,ped_count,ped_death_count,ped_maj_inj_count,max_severity_level,comm_veh_count,dec_lat,dec_long,rdwy_surf_type_cd,county_name
 ,11097,2017093549,6,67,67301,2017,8,1,1512,15,1,1,0,4,1, , ,N,1,2,0,3,0,3,3,2,N,N,39 56:39.841,75 09:47.288,1515, ,1513, ,0, ,N, ,3, , , , , ,107990, , , ,2,1,0,0,0,0,1,0,0,0,0,0,3,3,0,0,0,0,0,0,1,0,0,2,0,0,0,0,0,0,0,0,0,0,0,8,0,39.9444,-75.1631, ,Philadelphia
 ,11098,2018020727,6,67,67301,2017,11,2,416,4,3,2,1,7,3, , ,N,0,2,0,3,0,1,1,1,N, ,40 01:29.301,75 07:40.247,432, ,416,3,1,1,N, ,3,Y, , , , ,108014, , , ,1,0,0,0,0,0,1,0,0,0,0,1,1,0,0,0,0,0,0,0,0,0,0,0,0,0,0,0,0,0,0,0,0,0,0,4,0,40.0248,-75.1278, ,Philadelphia
 ,11099,2018005509,6,67,67301,2017,12,6,1645,16,4,1,0,4,1, , ,N,1,3,0,3,0,1,2,2,N, ,39 58:48.395,75 07:38.359,1645, ,1645, ,0, ,N, ,3, , , , , ,110811, , , ,2,1,0,0,1,0,0,0,0,0,0,1,1,0,0,0,0,0,0,0,1,0,0,1,0,0,0,0,0,0,0,0,0,0,0,4,0,39.9801,-75.1273, ,Philadelphia
 ,11100,2017089257,6,67,67301,2017,8,4,848,8,1,1,0,8,1, , ,N,1,2,0,3,0,1,2,2,N,N,39 58:59.553,75 09:24.974,1000, ,957, ,0, ,N, ,3, , , , , ,110816, , , ,1,1,0,0,0,0,0,0,0,0,0,1,1,0,0,0,0,1,0,0,0,0,0,0,0,0,0,0,0,0,0,0,1,0,0,4,0,39.9832,-75.1568, ,Philadelphia
 ,11101,2017135015,6,67,67301,2017,11,2,1950,19,3,1,0,8,1, , ,N,1,2,0,3,0,1,2,2,N,N,39 57:44.928,75 12:58.374,1510, ,1510, ,0, ,N, ,3, , , , , ,110824, , , ,1,1,0,0,0,0,0,0,0,0,1,0,1,0,0,0,0,0,0,0,0,0,0,1,0,0,0,0,0,0,0,0,1,0,0,3,0,39.9625,-75.2162, ,Philadelphia
 ,11102,2017135081,6,67,67301,2017,11,4,814,8,3,1,0,2,1, , ,N,1,2,0,3,0,1,2,2,N,N,40 01:43.257,75 07:03.868,837, ,835, ,0, ,N, ,3, , , , , ,110830, , , ,2,1,0,0,0,0,1,0,0,0,0,0,1,1,0,0,0,0,0,0,1,0,0,0,0,0,0,0,0,0,0,0,0,0,0,8,0,40.0287,-75.1177, ,Philadelphia
 ,11103,2017127351,6,67,67301,2017,11,6,1520,15,1,1,0,1,6, , ,N,0,0,0,3,0,1,1,2,N, ,40 00:04.000,75 10:25.400,1530, ,1528, ,0, , , ,0, , , , , ,110836, , , ,2,1,0,0,0,1,0,0,0,0,1,0,1,0,0,0,0,0,0,0,1,0,0,0,0,0,0,0,0,0,0,0,0,0,0,3,1,40.0011,-75.1737, ,Philadelphia
 ,11104,2017111054,6,67,67301,2017,10,4,1359,13,1,1,0,8,1, , ,N,1,2,0,3,0,1,2,2,N,N,40 03:04.174,75 07:07.232,1404, ,1359,1,2,5,N, ,3,Y, , , , ,110841, , , ,1,0,0,0,0,0,0,1,0,0,0,0,1,1,0,0,0,0,0,0,0,0,0,0,0,0,0,0,0,0,0,0,1,0,0,8,0,40.0512,-75.1187, ,Philadelphia
 ,11105,2018026796,6,67,67301,2017,12,2,20,0,3,1,0,8,1, , ,N,0,0,0,3,0,1,2,2,N,N,39 58:00.354,75 13:45.881,23, ,22,2,1,6,N, ,0,Y, , , , ,110851, , , ,1,1,0,0,0,0,0,0,0,0,0,0,1,1,1,0,0,0,0,0,0,0,0,0,0,0,0,0,0,0,0,0,1,0,0,8,0,39.9668,-75.2294, ,Philadelphia
 ,11106,2018027517,6,67,67301,2017,12,7,1928,19,3,2,1,4,1, , ,N,1,1,0,3,0,2,3,2,N, ,40 02:12.142,75 02:27.052,1928, ,1928,3,1,1,N, ,3,Y, , , , ,110854, , , ,2,1,0,0,1,0,0,0,0,0,0,0,2,2,0,0,0,0,0,0,1,0,0,0,0,0,0,0,0,0,0,0,0,0,0,8,0,40.0368,-75.0407, ,Philadelphia
 ,11107,2018005456,6,67,67301,2017,12,3,2034,20,3,2,1,1,1, , ,N,0,0,0,3,0,0,2,2,N,N,39 57:16.161,75 12:19.929,2116, ,2114,1,1,4,N, ,0,N, , , , ,110876, , , ,2,0,0,0,0,0,2,0,0,0,0,0,0,0,0,0,0,0,0,0,1,0,0,0,0,0,0,0,0,0,0,0,0,0,0,0,0,39.9545,-75.2055, ,Philadelphia
 ,11108,2017107960,6,67,67301,2017,9,7,2000,20,2,1,0,1,1, , ,N,0,0,0,3,0,0,8,3,N, ,40 05:26.793,75 01:58.045,2000, ,2000, ,0, , , ,0, , , , , ,110877, , , ,3,0,0,0,0,0,3,0,0,0,0,0,0,0,1,0,0,0,0,0,0,0,0,0,0,0,0,0,0,0,0,0,0,0,0,9,0,40.0908,-75.0328, ,Philadelphia
 ,11109,2017130631,6,67,67301,2017,11,6,1435,14,1,1,0,2,6, , ,N,0,0,0,3,0,1,1,2,N,N,39 56:05.200,75 13:26.600,1638, ,1636, ,0, ,N, ,0, , , , , ,110886, , , ,2,1,0,0,0,0,0,1,0,0,0,0,1,1,0,0,0,0,0,0,1,0,0,0,0,0,0,0,0,0,0,0,0,0,0,8,0,39.9348,-75.2241, ,Philadelphia
 ,11110,2017134799,6,67,67301,2017,12,1,843,8,1,1,1,7,3, , ,N,0,0,0,3,0,0,2,1,N,N,40 01:53.291,75 01:17.621,914, ,904,2,1,2, , ,0,N, , , , ,110889, , , ,1,1,0,0,0,0,0,0,0,0,0,0,0,0,0,0,0,0,1,0,0,0,0,0,0,0,0,0,0,0,0,0,0,0,0,0,0,40.0315,-75.0216, ,Philadelphia
 ,11111,2017137589,6,67,67301,2017,11,4,1334,13,1,1,0,1,1, , ,N,0,0,7,3,0,0,6,2,N, ,40 01:54.283,75 05:00.805,1340, ,1334, ,0, ,N, ,0, , , , , ,110890, , , ,2,2,0,0,0,0,0,0,0,0,0,0,0,0,0,0,0,0,0,0,0,0,0,1,0,0,0,0,0,0,0,0,0,0,0,0,0,40.0317,-75.0836, ,Philadelphia
 ,11112,2017127455,6,67,67301,2017,11,6,1720,17,6,1,0,8,1, , ,N,1,2,0,3,0,1,2,2,N,N,40 01:59.118,75 10:52.400,1730, ,1725, ,0, ,N, ,3, , , , , ,110904, , , ,1,0,0,0,0,0,1,0,0,0,0,1,1,0,0,0,0,0,0,0,0,0,0,0,0,0,0,0,0,0,0,0,1,0,0,4,0,40.0331,-75.1812, ,Philadelphia
 ,11113,2017130600,6,67,67301,2017,10,7,923,9,1,1,0,4,1, , ,N,1,0,0,3,0,2,3,2,N,N,40 00:59.709,75 08:48.285,927, ,925, ,0, ,N, ,0, , , , , ,110937, , , ,2,2,0,0,0,0,0,0,0,0,0,2,2,0,0,0,0,0,0,0,0,0,0,0,0,0,0,0,0,0,0,0,0,0,0,4,0,40.0166,-75.1467, ,Philadelphia
 ,11114,2017127483,6,67,67301,2017,11,4,1348,13,1,1,0,8,1, , ,N,5,2,0,3,0,1,2,2,N,N,40 00:32.104,75 04:19.231,1630, ,1618, ,0, ,N, ,3, , , , , ,110949, , , ,1,0,0,0,0,0,0,0,0,0,1,0,1,0,0,0,0,0,0,0,0,0,0,0,0,0,0,0,0,0,0,0,1,0,0,3,0,40.0089,-75.0719, ,Philadelphia
 ,11115,2018029837,6,67,67301,2017,12,5,1310,13,1,1,0,1,1, , ,N,1,2,0,3,0,2,4,3,N,N,40 01:15.523,75 08:23.479,1320, ,1315, ,0, ,N, ,3, , , , , ,110957, , , ,3,1,0,0,1,0,1,0,0,0,0,2,2,0,0,0,0,1,0,0,2,0,0,0,0,0,0,0,0,0,0,0,0,0,0,4,0,40.021,-75.1399, ,Philadelphia
 ,11116,2018020717,6,67,67301,2017,10,3,839,8,1,1,0,4,1, , ,N,0,3,6,3,0,0,3,2,N,N,40 03:23.068,75 00:51.078,847, ,845, ,0, ,N, ,3, , , , , ,110958, , , ,2,1,0,0,0,0,1,0,0,0,0,0,0,0,0,0,0,0,0,0,0,0,0,0,0,0,0,0,0,0,0,0,0,0,0,0,0,40.0564,-75.0142, ,Philadelphia
 ,11117,2017137550,6,67,67301,2017,12,2,1105,11,1,1,0,8,1, , ,N,0,0,0,3,0,1,2,2,N,N,40 01:02.315,75 06:59.039,1105, ,1100, ,0, ,N, ,0, , , , , ,114235, , , ,1,1,0,0,0,0,0,0,0,0,0,1,1,0,1,0,0,0,0,0,0,0,0,0,0,0,0,0,0,0,0,0,1,0,0,4,0,40.0173,-75.1164, ,Philadelphia
 ,11118,2017120594,6,67,67301,2017,10,1,2020,20,2,2,1,1,1, , ,N,0,0,0,3,0,1,4,3,N, ,40 00:48.292,75 12:02.102,2025, ,2020,2,2,6, , ,0,Y, , , , ,114248, , , ,3,1,0,0,0,0,1,1,0,0,1,0,1,0,0,0,0,0,0,0,1,0,1,0,0,0,0,0,0,0,0,0,0,0,0,3,0,40.0134,-75.2006, ,Philadelphia
 ,11119,2018020693,6,67,67301,2017,12,7,719,7,1,1,0,5,6, , ,N,0,0,0,3,0,0,1,3,N,N,40 01:01.100,75 04:37.900,734, ,729, ,0, ,N, ,0, , , , , ,114251, , , ,3,1,0,0,0,0,1,1,0,0,0,0,0,0,1,0,0,0,0,0,0,0,0,0,0,0,0,0,0,0,0,0,0,0,0,9,0,40.017,-75.0772, ,Philadelphia
 ,11120,2017127437,6,67,67301,2017,11,1,1029,10,1,1,0,4,1, , ,N,2,0,0,3,0,1,2,2,N,N,39 58:31.593,75 11:26.707,1040, ,1029, ,0, ,N, ,0, , , , , ,114264, , , ,1,1,0,0,0,0,0,0,1,0,1,0,1,0,0,0,0,0,0,0,0,0,0,0,0,0,0,0,0,0,0,0,0,0,0,3,0,39.9754,-75.1908, ,Philadelphia
 ,11121,2018029249,6,67,67301,2017,12,3,1400,14,1,1,0,8,9, , ,N,1,2,0,3,0,1,2,2,N,N,39 58:43.230,75 09:28.092,1620, ,1611,9,9,7,N, ,9,N, , , , ,114266, , , ,1,1,0,0,0,0,0,0,0,0,0,1,1,0,1,0,0,0,0,0,0,0,0,0,0,0,0,0,0,0,0,0,1,0,0,4,0,39.9787,-75.1578, ,Philadelphia
 ,11122,2017090251,6,67,67301,2017,9,6,2235,22,3,1,0,8,1, , ,N,0,0,0,3,0,1,2,2,N,N,39 58:57.374,75 09:37.627,2245, ,2241, ,0, ,N, ,0, , , , , ,114269, , , ,1,1,0,0,0,0,0,0,0,0,1,0,1,0,0,0,0,0,0,1,0,0,0,1,0,0,0,0,0,0,0,0,1,0,0,3,0,39.9826,-75.1605, ,Philadelphia
 ,11123,2017127412,6,67,67301,2017,11,7,40,0,3,1,0,1,1, , ,N,0,0,0,3,0,0,2,2,N,N,40 00:25.035,75 07:38.883,54, ,51, ,0, , , ,0, , , , , ,114272, , , ,2,2,0,0,0,0,0,0,0,0,0,0,0,0,0,0,0,0,0,0,0,1,0,0,0,0,0,0,0,0,0,0,0,0,0,0,0,40.007,-75.1275, ,Philadelphia
 ,11124,2017137595,6,67,67301,2017,12,2,311,3,3,1,0,7,4, , ,N,1,2,0,3,0,1,3,1,N,N,40 01:58.778,75 02:55.307,317, ,313, ,0, ,N, ,3, , , , , ,114291, , , ,1,1,0,0,0,0,0,0,0,0,0,1,1,0,0,0,0,0,0,0,1,0,0,0,0,0,0,0,0,0,0,0,0,0,0,4,0,40.0329,-75.0486, ,Philadelphia
 ,11125,2018020726,6,67,67301,2017,11,2,809,8,1,2,1,4,1, , ,N,1,3,0,3,0,2,18,2,Y,N,40 00:06.037,75 07:44.813,829, ,813,2,2,3,N, ,3,Y, , , , ,114292, , , ,2,1,0,1,0,0,0,0,0,0,0,0,2,2,0,0,0,0,0,0,0,0,0,1,0,0,0,0,0,0,0,0,0,0,0,8,1,40.0017,-75.1291, ,Philadelphia
 ,11126,2018015783,6,67,67301,2017,11,2,1219,12,1,1,0,4,1, , ,N,0,0,7,3,0,0,2,2,N,N,40 05:34.668,75 01:53.980,1309, ,1303,2,2,2,N, ,0,N, , , , ,114295, , , ,2,1,0,0,0,0,1,0,0,0,0,0,0,0,1,0,0,0,0,0,0,0,0,0,0,0,0,0,0,0,0,0,0,0,0,9,0,40.093,-75.0317, ,Philadelphia
 ,11127,2017101817,6,67,67301,2017,9,6,1530,15,1,1,0,8,1, , ,N,0,0,0,3,0,2,3,3,N,N,40 02:30.703,75 10:56.158,1540, ,1532,3,2,6, , ,0,Y, , , , ,114297, , , ,1,0,0,0,0,0,1,0,0,2,0,0,2,0,0,0,0,0,0,0,0,1,0,0,0,0,0,0,0,0,0,0,2,0,2,2,0,40.0419,-75.1823, ,Philadelphia
 ,11128,2018027514,6,67,67301,2017,12,6,1908,19,3,1,0,2,1, , ,N,5,2,0,3,0,1,2,2,N,N,40 00:53.537,75 04:05.283,1923, ,1923,1,1,1,N, ,2,N, , , , ,114323, , , ,2,2,0,0,0,0,0,0,0,0,0,0,1,1,1,0,0,0,0,0,1,0,0,0,0,0,0,0,0,0,0,0,0,0,0,8,0,40.0149,-75.0681, ,Philadelphia
 ,11129,2017105965,6,67,67301,2017,9,4,1803,18,1,1,0,8,1, , ,N,1,2,0,3,0,1,2,2,N,N,40 01:16.664,75 09:36.789,1807, ,1805, ,0, , , ,3, , , , , ,114329, , , ,1,1,0,0,0,0,0,0,0,0,0,0,1,1,0,0,0,0,0,0,0,0,0,1,0,0,0,0,0,0,0,0,1,0,0,8,0,40.0213,-75.1602, ,Philadelphia
 ,11130,2017096468,6,67,67301,2017,9,1,1649,16,1,1,0,4,1, , ,N,0,0,7,3,0,2,3,2,N,N,40 02:03.256,75 09:49.366,1724, ,1718, ,0, ,N, ,0, , , , , ,114337, , , ,2,1,1,0,0,0,0,0,0,0,1,1,2,0,0,0,0,0,0,0,0,0,0,0,0,0,0,0,0,0,0,0,0,0,0,3,0,40.0342,-75.1637, ,Philadelphia
 ,11131,2017137528,6,67,67301,2017,12,3,1826,18,3,2,1,8,1, , ,N,0,2,0,3,1,0,2,2,N,N,39 59:28.928,75 08:06.118,1827, ,1827, ,0, ,N,0,3, , , , , ,114350, , , ,1,1,0,0,0,0,0,0,0,0,0,0,0,0,0,0,0,0,0,0,0,1,0,0,0,0,0,0,0,0,0,0,1,1,0,1,0,39.9914,-75.135,2,Philadelphia
 ,11132,2018005444,6,67,67301,2017,12,2,1850,18,1,1,0,4,1, , ,N,1,3,0,3,0,1,4,2,N,N,39 56:46.960,75 13:08.878,1908, ,1857, ,0, ,N, ,3, , , , , ,114369, , , ,2,1,0,0,0,0,0,1,0,0,0,1,1,0,0,0,0,0,0,0,1,0,0,0,0,0,0,0,0,0,0,0,0,0,0,4,0,39.9464,-75.2191, ,Philadelphia
 ,11133,2018027417,6,67,67301,2017,12,1,1927,19,3,2,1,1,1, , ,N,2,2,0,3,0,1,2,2,N,N,39 56:00.517,75 12:56.036,1931, ,1929, ,0, ,N, ,3, , , , , ,114396, , , ,2,2,0,0,0,0,0,0,0,0,0,0,1,1,0,0,0,0,0,0,1,0,0,0,0,0,0,0,0,0,0,0,0,0,0,8,0,39.9335,-75.2156, ,Philadelphia
 ,11134,2018005525,6,67,67301,2017,11,5,1840,18,3,1,0,8,1, , ,N,1,2,0,3,0,1,2,2,N,N,40 01:30.637,75 07:31.531,1850, ,1840,1,1,1,N, ,3,N, , , , ,114397, , , ,1,1,0,0,0,0,0,0,0,0,0,1,1,0,0,0,0,0,0,0,0,0,0,1,0,0,0,0,0,0,0,0,1,0,0,4,0,40.0252,-75.1254, ,Philadelphia
 ,11135,2017111573,6,67,67301,2017,9,5,618,6,1,1,0,4,1, , ,N,5,2,0,3,0,1,2,2,N,N,40 02:25.631,75 03:56.177,628, ,622, ,0, ,N, ,3, , , , , ,104696, , , ,2,1,0,0,0,0,1,0,0,0,0,1,1,0,0,0,0,0,0,0,1,0,0,0,0,0,0,0,0,0,0,0,0,0,0,4,0,40.0404,-75.0655, ,Philadelphia
 ,11136,2017120712,6,67,67301,2017,10,2,1830,18,3,1,0,8,1, , ,N,0,0,0,3,0,1,2,2,N,N,40 03:16.784,75 08:59.609,2030, ,2030, ,0, ,N, ,0, , , , , ,104697, , , ,1,0,0,0,0,0,0,0,0,0,1,0,1,0,1,0,0,0,0,0,0,0,0,0,0,0,0,0,0,0,0,0,1,0,0,3,0,40.0547,-75.1499, ,Philadelphia
 ,11137,2017109958,6,67,67301,2017,10,3,1208,12,1,1,0,4,1, , ,N,1,2,0,3,0,4,4,2,N,N,40 05:40.347,75 00:54.154,1213, ,1209,1,1,1,N, ,3,N, , , , ,104704, , , ,2,1,0,0,0,0,1,0,0,0,0,0,4,4,0,0,0,0,0,0,0,1,0,0,0,0,0,0,0,0,0,0,0,0,0,8,0,40.0945,-75.015, ,Philadelphia
 ,11138,2017086138,6,67,67301,2017,7,3,1730,17,1,1,0,5,1, , ,N,0,0,0,3,0,1,7,2,N, ,40 00:41.509,75 10:05.269,0, ,1730, ,0, , , ,0, , , , , ,104717, , , ,2,0,0,0,0,0,2,0,0,0,0,1,1,0,0,0,0,0,0,0,0,0,0,1,0,0,0,0,0,0,0,0,0,0,0,4,0,40.0115,-75.1681, ,Philadelphia
 ,11139,2017105977,6,67,67301,2017,9,4,1639,16,1,1,0,4,1, , ,N,1,2,0,3,0,1,3,2,N,N,40 04:19.382,75 00:46.920,1652, ,1640,2,1,1,N, ,3,N, , , , ,104723, , , ,2,1,0,0,0,0,1,0,0,0,0,1,1,0,0,0,0,0,0,0,0,0,0,0,0,0,0,0,0,0,0,0,0,0,0,4,0,40.0721,-75.013, ,Philadelphia
 ,11140,2017135122,6,67,67301,2017,12,4,118,1,3,1,1,7,2, , ,N,0,0,0,3,0,0,2,2,N,N,39 58:52.475,75 12:24.732,118, ,118,2,1,3, , ,0,N, , , , ,104740, , , ,2,2,0,0,0,0,0,0,0,0,0,0,0,0,0,0,0,0,0,0,0,0,0,0,0,0,0,0,0,0,0,0,0,0,0,0,0,39.9812,-75.2069, ,Philadelphia
 ,11141,2017137590,6,67,67301,2017,12,4,1435,14,1,1,0,1,1, , ,N,0,2,0,3,0,0,2,2,N,N,39 58:36.000,75 14:07.300,1503, ,1503, ,0, ,N, ,3, , , , , ,104741, , , ,2,0,0,0,1,0,1,0,0,0,0,0,0,0,0,0,0,0,0,0,1,0,0,0,0,0,0,0,0,0,0,0,0,0,0,0,0,39.9767,-75.2354, ,Philadelphia
 ,11142,2018005495,6,67,67301,2017,12,7,1209,12,1,1,0,4,1, , ,N,1,2,0,3,0,0,2,2,N,N,40 02:35.358,75 10:01.956,1230, ,1216, ,0, ,N, ,3, , , , , ,104753, , , ,2,2,0,0,0,0,0,0,0,0,0,0,0,0,0,0,0,0,0,0,0,0,0,2,0,0,0,0,0,0,0,0,0,0,0,0,0,40.0432,-75.1672, ,Philadelphia
 ,11143,2018027487,6,67,67301,2017,12,6,1830,18,3,1,0,8,1, , ,N,1,0,0,3,0,1,2,2,N,N,40 02:14.784,75 07:56.283,1845, ,1840, ,0, ,N, ,0, , , , , ,104754, , , ,1,1,0,0,0,0,0,0,0,0,0,0,1,1,0,0,0,0,0,0,1,0,0,0,0,0,0,0,0,0,0,0,1,0,0,8,0,40.0374,-75.1323, ,Philadelphia
 ,11144,2018027336,6,67,67301,2017,11,4,1430,14,1,9,8,1,1, , ,N,1,2,0,3,0,1,3,2,N, ,39 59:27.011,75 07:51.262,1026, ,1025,9,0, ,N, ,3, , , , , ,104755, , , ,2,2,0,0,0,0,0,0,0,0,1,0,1,0,1,0,0,0,0,0,1,0,0,1,0,0,0,0,0,0,0,0,0,0,0,3,0,39.9908,-75.1309, ,Philadelphia
 ,11145,2018027591,6,67,67301,2017,12,3,930,9,1,1,0,4,1, , ,N,1,2,0,3,0,0,2,2,N, ,39 58:59.767,75 07:32.979,937, ,935, ,0, ,N, ,3, , , , , ,104756, , , ,2,0,0,0,0,0,1,0,0,0,0,0,0,0,0,0,0,0,0,0,1,0,0,0,0,0,0,0,0,0,0,0,0,0,0,0,0,39.9833,-75.1258, ,Philadelphia
 ,11146,2017114987,6,67,67301,2017,11,6,2203,22,3,1,0,7,1, , ,N,0,1,2,3,0,0,2,1,N,N,39 54:44.300,75 10:25.100,2203, ,2203, ,0, ,N, ,3, , , , , ,104765, , , ,1,1,0,0,0,0,0,0,0,0,0,0,0,0,0,0,0,1,0,0,0,0,0,0,0,0,0,0,0,0,0,0,0,0,0,0,0,39.9123,-75.1736, ,Philadelphia
 ,11147,2018034699,6,67,67301,2017,6,3,1520,15,1,1,0,4,1, , ,N,0,0,7,3,0,0,2,2,N,N,40 00:40.400,75 10:31.100,0, ,0, ,0, ,N, ,0, , , , , ,104797, , , ,2,2,0,0,0,0,0,0,0,0,0,0,0,0,0,0,0,0,0,0,0,1,0,0,0,0,0,0,0,0,0,0,0,0,0,0,0,40.0112,-75.1753, ,Philadelphia
 ,11148,2018032282,6,67,67301,2017,11,5,415,4,3,5,1,4,1, , ,N,1,2,0,3,0,1,5,2,N,N,39 53:22.941,75 14:01.050,432, ,423, ,0, ,N, ,3, , , , , ,104799, , , ,2,2,0,0,0,0,0,0,0,0,0,1,1,0,0,0,0,0,0,0,1,0,0,0,0,0,0,0,0,0,0,0,0,0,0,4,0,39.8897,-75.2336, ,Philadelphia
 ,11149,2018027403,6,67,67301,2017,12,6,945,9,1,1,0,4,1, , ,N,1,2,0,3,0,1,2,2,N,N,39 57:27.432,75 08:44.473,955, ,950,2,1,4,N, ,3,N, , , , ,104803, , , ,2,1,0,0,0,0,1,0,0,0,0,1,1,0,0,0,0,0,0,0,0,0,0,0,0,0,0,0,0,0,0,0,0,0,0,4,0,39.9576,-75.1457, ,Philadelphia
U,11150,2017120724,6,67,67301,2017,10,7,2035,20,3,1,0,6,1,8,8,Y,0,0,0,3,0,1,2,2,N,N,40 00:22.828,75 05:22.470,2040,99,2036,1,2,5,N, ,0,Y,U,U,U,U,104808,U,U,U,2,1,0,0,1,0,0,0,0,0,0,1,1,0,0,0,0,0,1,0,0,0,0,0,0,0,0,0,0,0,0,0,0,0,0,4,0,40.0063,-75.0896, ,Philadelphia
 ,11151,2017097882,6,67,67301,2017,9,6,1610,16,1,1,0,1,1, , ,N,0,0,0,3,0,0,2,2,N,N,39 57:12.857,75 11:08.370,1613, ,1613,1,1,3,N, ,0,N, , , , ,104817, , , ,2,2,0,0,0,0,0,0,0,0,0,0,0,0,0,0,0,0,0,0,1,0,0,2,0,0,0,0,0,0,0,0,0,0,0,0,0,39.9536,-75.1857, ,Philadelphia
 ,11152,2017130652,6,67,67301,2017,11,1,1515,15,1,1,0,4,1, , ,N,2,2,0,3,0,0,5,2,N,N,39 59:43.481,75 09:57.485,1522, ,1520,3,1,6,N, ,3,Y, , , , ,104834, , , ,2,1,0,0,0,0,1,0,0,0,0,0,0,0,5,0,0,0,0,1,0,0,0,0,0,0,0,0,0,0,0,0,0,0,0,9,0,39.9954,-75.1659, ,Philadelphia
 ,11153,2018033654,6,67,67301,2017,6,7,1400,14,1,1,0,1,1, , ,N,1,2,0,3,0,1,2,2,N,N,39 54:51.182,75 10:18.543,0, ,0, ,0, ,N, ,3, , , , , ,108015, , , ,2,1,0,0,0,0,1,0,0,0,0,0,1,1,0,0,0,0,0,0,1,0,0,0,0,0,0,0,0,0,0,0,0,0,0,8,0,39.9142,-75.1718, ,Philadelphia
 ,11154,2018010955,6,67,67301,2017,12,4,630,6,1,1,0,4,1, , ,N,1,2,0,3,0,0,2,2,N,N,40 00:31.066,75 12:38.913,635, ,630,2,1,2,N, ,3,N, , , , ,108017, , , ,2,2,0,0,0,0,0,0,0,0,0,0,0,0,0,0,0,0,0,0,0,1,0,0,0,0,0,0,0,0,0,0,0,0,0,0,0,40.0085,-75.2107, ,Philadelphia
 ,11155,2018005461,6,67,67301,2017,12,5,800,8,1,1,0,4,1, , ,N,1,3,0,3,0,1,5,2,N,N,39 58:35.256,75 14:55.968,847, ,837, ,0, ,N, ,3, , , , , ,108018, , , ,2,1,0,0,0,0,1,0,0,0,0,1,1,0,0,0,0,0,0,0,0,0,0,0,0,0,0,0,0,0,0,0,0,0,0,4,0,39.9765,-75.2489, ,Philadelphia
 ,11156,2017117010,6,67,67301,2017,10,1,401,4,3,1,0,7,4, , ,N,7,0,2,3,0,1,1,1,N,N,39 54:31.321,75 08:57.939,418, ,401,2,1,1, , ,0,N, , , , ,108032, , , ,1,1,0,0,0,0,0,0,0,0,1,0,1,0,0,0,0,0,0,0,0,0,0,0,0,0,0,0,0,0,0,0,0,0,0,3,0,39.9087,-75.1494, ,Philadelphia
 ,11157,2017093608,6,67,67301,2017,8,6,1343,13,1,1,0,4,1, , ,N,1,3,0,3,0,3,6,2,N,N,40 01:02.251,75 04:40.764,1655, ,1655,3,2,2,N, ,3,Y, , , , ,108041, , , ,2,1,0,0,0,0,1,0,0,0,1,2,3,0,0,0,0,0,0,0,0,0,0,3,0,0,0,0,0,0,0,0,0,0,0,3,0,40.0173,-75.078, ,Philadelphia
 ,11158,2018005536,6,67,67301,2017,12,7,1055,10,1,1,0,4,1, , ,N,1,2,0,3,0,0,2,2,N,N,39 55:18.098,75 13:29.758,1100, ,1100, ,0, ,N, ,3, , , , , ,108063, , , ,2,1,0,0,0,0,1,0,0,0,0,0,0,0,0,0,0,0,0,0,0,0,0,0,0,0,0,0,0,0,0,0,0,0,0,0,0,39.9217,-75.2249, ,Philadelphia
 ,11159,2018004638,6,67,67301,2017,12,5,1730,17,3,1,0,5,1, , ,N,7,0,2,3,0,0,2,2,N,N,39 53:55.828,75 10:15.552,1812, ,1733, ,0, , , ,0, , , , , ,108065, , , ,2,1,0,0,0,1,0,0,0,0,0,0,0,0,0,0,0,0,0,0,0,0,0,0,0,0,0,0,0,0,0,0,0,0,0,0,1,39.8988,-75.171, ,Philadelphia