wz_ln_closure,objectid_1,crn,district,county,municipality,crash_year,crash_month,day_of_week,time_of_day,hour_of_day,illumination,weather,road_condition,collision_type,relation_to_road,work_zone_type,work_zone_loc,work_zone_ind,intersect_type,tcd_type,location_type,urban_rural,fatal_count,injury_count,person_count,total_units,sch_bus_ind,sch_zone_ind,latitude,longitude,arrival_tm,cons_zone_spd_lim,dispatch_tm,est_hrs_closed,lane_closed,ln_close_dir,ntfy_hiwy_maint,spec_juris_cd,tcd_func_cd,tfc_detour_ind,workers_pres,wz_close_detour,wz_flagger,wz_law_offcr_ind,objectid,wz_moving,wz_other,wz_shlder_mdn,vehicle_count,automobile_count,motorcycle_count,bus_count,small_truck_count,heavy_truck_count,suv_count,van_count,bicycle_count,maj_inj_count,mod_inj_count,min_inj_count,tot_inj_count,unk_inj_deg_count,unk_inj_per_count,driver_count_16yr,driver_count_17yr,driver_count_18yr,driver_count_19yr,driver_count_20yr,driver_count_50_64yr,driver_count_65_74yr,driver_count_75plus,unbelted_occ_count,unb_death_count,unb_maj_inj_count,belted_death_count,belted_maj_inj_count,mcycle_death_count,mcycle_maj_inj_count,bicycle_death_count,bicycle_maj_inj_count,ped_count,ped_death_count,ped_maj_inj_count,max_severity_level,comm_veh_count,dec_lat,dec_long,rdwy_surf_type_cd,county_name
 ,11226,2016052311,6,67,67301,2016,5,2,1625,16,1,1,0,4,1, , ,N,0,0,7,3,0,1,2,2,N,N,40 01:15.788,75 03:09.694,1627, ,1625, ,0, ,N, ,0, , , , , ,143398, , , ,2,0,1,0,0,0,1,0,0,0,0,1,1,0,0,0,0,0,0,0,1,0,0,0,0,0,0,0,0,0,0,0,0,0,0,4,0,40.0211,-75.0527, , 
 ,11227,2016052836,6,67,67301,2016,4,1,1235,12,1,1,0,8,1, , ,N,0,0,0,3,0,1,2,2,N, ,39 57:13.715,75 12:00.096,1247, ,1242, ,0, , , ,0, , , , , ,143399, , , ,1,1,0,0,0,0,0,0,0,0,0,1,1,0,0,0,0,0,0,0,0,0,0,0,0,0,0,0,0,0,0,0,1,0,0,4,0,39.9538,-75.2, , 
 ,11228,2016008600,6,67,67301,2016,1,1,1722,17,2,1,0,7,5, , ,N,2,0,0,3,0,2,2,1,N,N,40 01:55.675,75 06:08.639,1727, ,1725, ,0, ,N, ,0, , , , , ,143408, , , ,1,1,0,0,0,0,0,0,0,0,0,2,2,0,0,0,0,0,0,0,0,0,0,0,0,0,0,0,0,0,0,0,0,0,0,4,0,40.0321,-75.1024, , 
 ,11229,2016016992,6,67,67301,2016,1,7,1740,17,3,4,1,4,1, , ,N,1,2,0,3,0,1,2,2,N, ,39 58:23.685,75 12:43.721,1816, ,1753, ,0, , , ,3, , , , , ,143414, , , ,2,1,0,0,0,0,0,1,0,0,0,1,1,0,0,0,0,0,0,0,0,0,0,0,0,0,0,0,0,0,0,0,0,0,0,4,0,39.9732,-75.2121, , 
 ,11230,2016027593,6,67,67301,2016,2,7,9999,99,3,1,0,8,1, , ,N,0,0,0,3,0,1,2,2,N,N,39 58:24.560,75 14:16.832,912, ,908, ,0, , , ,0, , , , , ,143423, , , ,1,0,0,0,0,0,0,0,0,0,0,1,1,0,0,0,0,0,0,0,0,0,0,0,0,0,0,0,0,0,0,0,1,0,0,4,0,39.9735,-75.238, , 
 ,11231,2016042867,6,67,67301,2016,3,6,306,3,3,1,0,7,5, , ,N,0,0,2,3,0,1,1,1,N,N,40 02:55.445,74 59:56.899,325, ,307, ,0, , , ,0, , , , , ,143444, , , ,1,0,0,0,1,0,0,0,0,0,0,0,1,1,0,0,0,0,0,0,0,0,0,1,0,0,0,0,0,0,0,0,0,0,0,8,0,40.0487,-74.9991, , 
 ,11232,2016048764,6,67,67301,2016,5,6,217,2,3,1,0,7,4, , ,N,0,0,2,3,0,0,1,1,N,N,40 00:19.615,75 04:34.697,227, ,217, ,0, , , ,0, , , , , ,143490, , , ,1,0,0,0,1,0,0,0,0,0,0,0,0,0,0,0,0,0,0,0,0,0,0,0,0,0,0,0,0,0,0,0,0,0,0,0,0,40.0054,-75.0763, , 
 ,11233,2016061695,6,67,67301,2016,6,7,102,1,3,1,1,7,4, , ,N,0,0,0,3,0,1,2,1,N,N,39 59:51.613,75 04:53.595,123, ,112, ,0, , , ,0, , , , , ,143497, , , ,1,0,0,0,0,0,0,1,0,0,1,0,1,0,0,0,0,0,0,0,0,0,0,1,0,0,0,0,0,0,0,0,0,0,0,3,0,39.9977,-75.0816, , 
 ,11234,2016026051,6,67,67301,2016,2,5,1801,18,1,1,0,8,1, , ,N,1,2,0,3,0,1,3,2,N,N,39 56:16.305,75 10:00.120,1807, ,1804, ,0, ,N, ,3, , , , , ,143519, , , ,1,1,0,0,0,0,0,0,0,0,0,1,1,0,0,0,0,0,0,0,0,0,1,0,0,0,0,0,0,0,0,0,1,0,0,4,0,39.9379,-75.1667, , 
 ,11235,2016040955,6,67,67301,2016,4,6,627,6,1,1,0,8,1, , ,N,5,2,0,3,0,1,2,2,N,N,40 00:48.913,75 04:06.725,628, ,627, ,0, ,N, ,3, , , , , ,143532, , , ,1,0,0,0,1,0,0,0,0,0,0,1,1,0,1,0,0,0,0,0,0,0,0,0,0,0,0,0,0,0,0,0,1,0,0,4,0,40.0136,-75.0685, , 
 ,11236,2016052333,6,67,67301,2016,4,6,2105,21,3,1,0,4,1, , ,N,0,0,0,3,0,2,4,2,N,N,40 02:32.147,75 06:50.917,1605, ,1600, ,0, ,N, ,0, , , , , ,143541, , , ,2,0,0,0,0,0,0,2,0,0,0,2,2,0,0,0,0,0,0,0,0,1,0,0,0,0,0,0,0,0,0,0,0,0,0,4,0,40.0423,-75.1141, , 
 ,11237,2016056032,6,67,67301,2016,5,6,20,0,3,1,0,7,4, , ,N,0,0,0,3,0,1,1,1,N,N,40 04:18.147,75 00:43.536,30, ,24, ,0, ,N, ,0, , , , , ,143543, , , ,1,1,0,0,0,0,0,0,0,0,1,0,1,0,0,0,0,0,0,0,0,0,0,0,0,0,0,0,0,0,0,0,0,0,0,3,0,40.0717,-75.0121, , 
 ,11238,2016013793,6,67,67301,2016,1,6,2030,20,3,1,0,4,1, , ,N,1,3,0,3,0,2,3,2,N,N,40 00:32.490,75 06:46.166,2330, ,2000, ,0, ,N, ,3, , , , , ,143559, , , ,2,1,0,0,0,0,1,0,0,0,0,0,2,2,0,0,0,0,0,0,0,0,0,1,0,0,0,0,0,0,0,0,0,0,0,8,0,40.009,-75.1128, , 
 ,11239,2016013982,6,67,67301,2016,1,3,1110,11,1,1,0,4,1, , ,N,2,2,0,3,0,1,3,2,N,N,40 00:46.755,75 12:07.063,1134, ,1128, ,0, ,N, ,3, , , , , ,143560, , , ,2,1,0,0,0,1,0,0,0,0,0,1,1,0,0,0,0,0,0,0,1,0,0,0,0,0,0,0,0,0,0,0,0,0,0,4,1,40.013,-75.202, , 
 ,11240,2016019331,6,67,67301,2016,2,4,1440,14,1,2,1,1,1, , ,N,0,0,0,3,0,2,3,3,N,N,39 56:51.034,75 08:30.873,1511, ,1445, ,0, , , ,0, , , , , ,143566, , , ,3,2,0,0,1,0,0,0,0,0,2,0,2,0,0,0,0,0,0,0,0,0,0,0,0,0,0,0,0,0,0,0,0,0,0,3,0,39.9475,-75.1419, , 
N,11241,2016019368,6,67,67301,2016,2,2,1615,16,1,4,1,7,2,1,4,Y,0,0,0,3,0,0,1,1,N,N,40 01:24.135,75 02:01.844,1648,45,1618, ,0, , , ,0, ,N,N,N,N,143567,N,N,Y,1,0,0,0,0,0,1,0,0,0,0,0,0,0,0,0,0,0,0,0,0,0,0,0,0,0,0,0,0,0,0,0,0,0,0,0,0,40.0234,-75.0338, , 
 ,11242,2016020874,6,67,67301,2016,2,1,1725,17,3,1,0,4,1, , ,N,1,2,0,3,0,0,4,2,N,N,40 03:35.236,75 08:00.273,1728, ,1725, ,0, ,N, ,3, , , , , ,143568, , , ,2,1,0,0,0,0,1,0,0,0,0,0,0,0,0,0,0,0,0,0,0,0,0,0,0,0,0,0,0,0,0,0,0,0,0,0,0,40.0598,-75.1334, , 
 ,11243,2016026092,6,67,67301,2016,2,6,2030,20,3,1,0,4,1, , ,N,1,2,2,3,0,1,2,2,N,N,40 05:58.224,74 59:10.989,2035, ,2030, ,0, ,N, ,3, , , , , ,143571, , , ,2,0,0,0,0,1,1,0,0,0,0,1,1,0,0,0,0,0,0,0,0,0,0,0,0,0,0,0,0,0,0,0,0,0,0,4,1,40.0995,-74.9864, , 
 ,11244,2016012323,6,67,67301,2016,1,6,1608,16,1,1,0,4,1, , ,N,0,0,0,3,0,1,5,2,N,N,39 59:19.182,75 05:17.297,1611, ,1608,3,1,1, , ,0,N, , , , ,146398, , , ,2,2,0,0,0,0,0,0,0,0,0,0,1,1,0,0,0,0,0,0,0,0,0,0,0,0,0,0,0,0,0,0,0,0,0,8,0,39.9887,-75.0881, , 
 ,11245,2016016884,6,67,67301,2016,2,5,833,8,1,4,3,5,1, , ,N,0,0,0,3,0,3,6,2,N,N,40 01:27.731,75 02:46.624,920, ,839,2,2,2,N, ,0,Y, , , , ,146401, , , ,2,0,0,1,0,1,0,0,0,0,0,3,3,0,0,0,0,0,0,0,0,0,0,0,0,0,0,0,0,0,0,0,0,0,0,4,2,40.0244,-75.0463, , 
 ,11246,2016022050,6,67,67301,2016,2,6,1630,16,1,1,0,1,1, , ,N,1,2,0,3,0,4,5,3,N,N,40 00:33.325,75 09:04.460,1631, ,1631, ,0, ,N, ,3, , , , , ,146408, , , ,3,1,0,0,0,0,1,1,0,0,0,0,4,4,1,0,0,0,0,0,1,0,1,0,0,0,0,0,0,0,0,0,0,0,0,8,0,40.0092,-75.1511, , 
 ,11247,2016026111,6,67,67301,2016,2,7,2205,22,3,1,0,8,1, , ,N,0,0,0,3,0,1,2,2,N,N,40 05:46.686,74 58:34.373,2209, ,2206, ,0, ,N, ,0, , , , , ,146410, , , ,1,1,0,0,0,0,0,0,0,0,1,0,1,0,0,0,0,0,0,0,0,0,0,0,0,0,0,0,0,0,0,0,1,0,0,3,0,40.0963,-74.9762, , 
 ,11248,2016041420,6,67,67301,2016,3,2,1804,18,1,2,1,8,1, , ,N,1,2,0,3,0,1,2,2,N, ,39 56:15.867,75 13:32.487,1818, ,1816, ,0, , , ,3, , , , , ,146421, , , ,1,1,0,0,0,0,0,0,0,0,0,1,1,0,0,0,0,0,0,0,0,0,0,0,0,0,0,0,0,0,0,0,1,0,0,4,0,39.9377,-75.2257, , 
 ,11249,2016044601,6,67,67301,2016,4,1,2113,21,1,1,0,1,1, , ,N,0,0,0,3,0,1,4,3,N, ,40 01:13.793,75 09:45.872,2120, ,2116, ,0, , , ,0, , , , , ,146426, , , ,3,1,0,0,0,0,2,0,0,0,0,0,1,1,0,0,0,0,0,0,1,0,0,0,0,0,0,0,0,0,0,0,0,0,0,8,0,40.0205,-75.1627, , 
 ,11250,2016029761,6,67,67301,2016,2,4,2110,21,3,2,1,7,1, , ,N,0,0,0,3,0,0,1,1,N,N,39 57:53.263,75 11:04.585,2130, ,2128, ,0, ,N, ,0, , , , , ,146461, , , ,1,1,0,0,0,0,0,0,0,0,0,0,0,0,1,0,0,0,0,0,1,0,0,0,0,0,0,0,0,0,0,0,0,0,0,9,0,39.9648,-75.1846, , 
 ,11251,2016036513,6,67,67301,2016,3,2,1030,10,1,2,1,7,2, , ,N,0,0,0,3,0,0,1,1,N,N,40 03:47.936,75 12:01.622,1045, ,1040, ,0, ,N, ,0, , , , , ,146471, , , ,1,0,0,0,0,0,0,1,0,0,0,0,0,0,0,0,0,0,0,0,0,0,0,0,0,0,0,0,0,0,0,0,0,0,0,0,0,40.0633,-75.2005, , 
 ,11252,2016036531,6,67,67301,2016,3,1,2220,22,3,1,0,1,1, , ,N,2,0,7,3,0,1,7,3,N,N,40 02:59.564,75 08:39.044,2230, ,2225, ,0, , , ,0, , , , , ,146472, , , ,3,2,0,0,1,0,0,0,0,0,0,1,1,0,0,0,0,0,0,0,1,0,0,1,0,0,0,0,0,0,0,0,0,0,0,4,0,40.0499,-75.1442, , 
 ,11253,2016038230,6,67,67301,2016,3,2,45,0,3,2,1,5,1, , ,N,0,0,0,3,0,0,2,2,N,N,40 02:29.307,75 00:16.532,127, ,114, ,0, , , ,0, , , , , ,146475, , , ,2,1,0,0,0,0,1,0,0,0,0,0,0,0,0,0,0,0,0,1,0,0,0,0,0,0,0,0,0,0,0,0,0,0,0,0,0,40.0415,-75.0046, , 
 ,11254,2016017048,6,67,67301,2016,1,7,425,4,3,4,3,4,1, , ,N,5,2,0,3,0,0,6,2,N,N,39 59:29.295,75 07:21.395,435, ,430,1,1,1,N, ,2,N, , , , ,146503, , , ,2,1,0,0,0,1,0,0,0,0,0,0,0,0,0,0,0,0,0,0,0,0,0,0,0,0,0,0,0,0,0,0,0,0,0,0,0,39.9915,-75.1226, , 
Y,11255,2016041431,6,67,67301,2016,3,4,713,7,1,1,0,5,1,1,4,Y,0,2,0,3,0,2,2,2,N,N,40 03:45.379,75 02:34.214,721,99,716,1,1,1,N, ,3,N,U, , ,U,146524, , , ,2,1,0,0,0,0,1,0,0,0,2,0,2,0,0,0,0,0,0,0,0,1,0,0,0,0,0,0,0,0,0,0,0,0,0,3,0,40.0626,-75.0428, , 
 ,11256,2016013795,6,67,67301,2016,1,7,1715,17,3,1,0,4,1, , ,N,1,3,0,3,0,0,2,2,N,N,39 59:32.200,75 07:11.866,1809, ,1809, ,0, ,N, ,3, , , , , ,146546, , , ,2,1,0,0,0,0,1,0,0,0,0,0,0,0,0,0,0,0,0,0,0,0,0,0,0,0,0,0,0,0,0,0,0,0,0,0,0,39.9923,-75.12, , 
 ,11257,2016013914,6,67,67301,2016,1,7,300,3,3,2,1,7,5, , ,N,0,0,0,3,0,1,1,1,N,N,39 58:36.472,75 13:40.875,311, ,309, ,0, , , ,0, , , , , ,146547, , , ,1,1,0,0,0,0,0,0,0,0,0,1,1,0,0,0,0,0,0,0,0,0,0,0,0,0,0,0,0,0,0,0,0,0,0,4,0,39.9768,-75.228, , 
 ,11258,2016046989,6,67,67301,2016,4,5,925,9,1,1,0,4,1, , ,N,3,3,0,3,0,3,3,2,N,N,39 58:29.201,75 13:17.575,925, ,925,2,2,6,N, ,3,Y, , , , ,146616, , , ,2,1,0,0,0,0,1,0,0,0,0,0,3,3,0,0,0,0,0,0,1,0,0,0,0,0,0,0,0,0,0,0,0,0,0,8,0,39.9748,-75.2215, , 
 ,11259,2016055415,6,67,67301,2016,5,6,448,4,3,1,0,7,3, , ,N,0,0,0,3,0,1,1,1,N,N,39 58:52.917,75 12:24.523,455, ,453,2,1,4, , ,0,N, , , , ,146620, , , ,1,1,0,0,0,0,0,0,0,0,0,1,1,0,0,0,0,0,0,0,0,0,0,0,0,0,0,0,0,0,0,0,0,0,0,4,0,39.9814,-75.2068, , 
 ,11260,2016013289,6,67,67301,2016,1,2,905,9,1,1,0,4,1, , ,N,0,0,0,3,0,1,2,2,N,N,40 07:57.790,75 00:28.901,925, ,915,1,2,5,N, ,0,N, , , , ,146635, , , ,2,2,0,0,0,0,0,0,0,0,0,0,1,1,0,0,0,0,0,0,1,0,0,0,0,0,0,0,0,0,0,0,0,0,0,8,0,40.1327,-75.008, , 
 ,11261,2016016988,6,67,67301,2016,1,6,652,6,1,1,0,4,1, , ,N,1,2,0,3,0,2,3,2,N,N,40 01:46.636,75 05:12.517,713, ,709, ,0, ,N, ,3, , , , , ,146637, , , ,2,0,0,0,1,0,0,1,0,0,0,2,2,0,0,0,0,0,0,0,0,1,0,0,0,0,0,0,0,0,0,0,0,0,0,4,0,40.0296,-75.0868, , 
 ,11262,2016040956,6,67,67301,2016,3,5,756,7,1,1,0,4,1, , ,N,1,2,0,3,0,2,3,3,N,Y,39 58:13.317,75 13:01.912,758, ,757, ,0, ,N, ,3, , , , , ,149706, , , ,2,1,1,0,0,0,0,0,0,0,0,0,2,2,1,0,0,0,0,0,0,0,0,0,0,0,0,0,0,0,0,0,1,0,0,8,0,39.9704,-75.2172, , 
 ,11263,2016033835,6,67,67301,2016,3,5,2042,20,3,1,0,8,1, , ,N,0,0,0,3,0,1,3,2,N,N,40 01:51.668,75 02:09.421,2048, ,2042,1,1,3,N, ,0,N, , , , ,149744, , , ,1,1,0,0,0,0,0,0,0,0,1,0,1,0,0,0,0,0,0,0,0,0,0,0,0,0,0,0,0,0,0,0,1,0,0,3,0,40.031,-75.036, , 
 ,11264,2016039697,6,67,67301,2016,3,4,1342,13,1,1,0,4,1, , ,N,2,3,0,3,0,1,2,2,N,N,39 56:56.313,75 13:16.017,1355, ,1352, ,0, ,N, ,3, , , , , ,149749, , , ,1,1,0,0,0,0,0,0,1,0,0,1,1,0,0,0,0,0,0,0,0,0,0,1,0,0,0,0,0,0,0,0,0,0,0,4,0,39.949,-75.2211, , 
 ,11265,2016040850,6,67,67301,2016,4,1,1120,11,1,1,0,4,1, , ,N,0,0,7,3,0,2,3,3,N, ,40 00:51.120,75 07:41.063,1130, ,1126,1,1,3, , ,0,Y, , , , ,149750, , , ,3,3,0,0,0,0,0,0,0,0,1,1,2,0,0,0,0,0,0,0,0,0,0,1,0,0,0,0,0,0,0,0,0,0,0,3,0,40.0142,-75.1281, , 
 ,11266,2016044534,6,67,67301,2016,4,3,1045,10,1,1,0,5,1, , ,N,0,0,0,3,0,1,2,2,N, ,39 59:17.573,75 09:21.031,1115, ,1108, ,0, , , ,0, , , , , ,149753, , , ,1,1,0,0,0,0,0,0,1,0,0,0,1,1,0,0,0,0,0,0,0,0,0,1,0,0,0,0,0,0,0,0,0,0,0,8,0,39.9882,-75.1558, , 
 ,11267,2016046859,6,67,67301,2016,5,6,938,9,1,2,1,7,2, , ,N,0,0,0,3,0,0,2,1,N,N,39 53:14.479,75 12:16.468,938, ,938, ,0, , , ,0, , , , , ,149755, , , ,1,0,0,0,0,0,1,0,0,0,0,0,0,0,0,0,0,0,0,0,0,0,0,0,0,0,0,0,0,0,0,0,0,0,0,0,0,39.8874,-75.2046, , 
 ,11268,2016047028,6,67,67301,2016,4,4,1417,14,1,1,0,4,1, , ,N,1,2,0,3,0,1,2,2,N,N,40 05:40.718,75 00:54.707,1444, ,1418,2,1,1,Y, ,2,N, , , , ,149794, , , ,2,1,0,0,0,0,1,0,0,0,0,1,1,0,0,0,0,0,1,0,1,0,0,0,0,0,0,0,0,0,0,0,0,0,0,4,0,40.0946,-75.0152, , 
 ,11269,2016047772,6,67,67301,2016,4,4,1616,16,1,1,0,1,1, , ,N,0,0,0,3,0,2,4,2,N,N,40 02:21.380,75 11:13.905,1710, ,1700, ,0, ,N, ,0, , , , , ,149797, , , ,2,0,0,0,0,0,1,1,0,0,0,0,2,2,2,0,0,0,0,1,0,0,0,0,0,0,0,0,0,0,0,0,0,0,0,8,0,40.0393,-75.1872, , 
 ,11270,2016065291,6,67,67301,2016,6,7,1904,19,1,1,0,1,1, , ,N,0,0,0,3,0,2,2,2,N,N,39 57:30.516,75 10:03.355,1904, ,1904, ,0, , , ,0, , , , , ,149810, , , ,2,1,0,0,0,0,0,1,0,0,1,1,2,0,0,0,0,0,0,0,1,0,0,0,0,0,0,0,0,0,0,0,0,0,0,3,0,39.9585,-75.1676, , 
N,11271,2016008022,6,67,67301,2016,1,5,613,6,3,1,0,1,1,1,4,Y,0,0,0,3,0,0,2,2,N,N,40 01:37.816,75 01:32.317,649,45,630,1,1,2, , ,0,N,N,N,N,N,149814,N,N,Y,2,1,0,0,0,0,1,0,0,0,0,0,0,0,0,0,0,0,0,0,0,0,0,0,0,0,0,0,0,0,0,0,0,0,0,0,0,40.0272,-75.0256, , 
 ,11272,2016014056,6,67,67301,2016,1,6,714,7,1,1,0,8,1, , ,N,0,0,7,3,0,1,2,2,N, ,40 03:37.348,75 14:07.880,740, ,730, ,0, , , ,0, , , , , ,149824, , , ,1,0,0,0,0,0,1,0,0,0,1,0,1,0,0,0,0,0,0,0,0,0,0,0,0,0,0,0,0,0,0,0,1,0,0,3,0,40.0604,-75.2355, , 
 ,11273,2016042888,6,67,67301,2016,4,7,132,1,3,2,1,7,5, , ,N,0,0,0,3,0,0,1,1,N,N,39 58:57.309,75 12:27.900,133, ,132,2,2,4, , ,0,N, , , , ,149851, , , ,1,1,0,0,0,0,0,0,0,0,0,0,0,0,0,0,0,0,0,0,0,0,0,0,0,0,0,0,0,0,0,0,0,0,0,0,0,39.9826,-75.2078, , 
 ,11274,2016051280,6,67,67301,2016,4,4,720,7,1,1,0,5,1, , ,N,0,0,0,3,0,1,2,4,N, ,40 01:54.899,75 04:02.349,745, ,737, ,0, , , ,0, , , , , ,149860, , , ,4,3,0,0,0,0,1,0,0,0,0,1,1,0,0,0,0,0,0,0,0,0,0,1,0,0,0,0,0,0,0,0,0,0,0,4,0,40.0319,-75.0673, , 
 ,11275,2016029898,6,67,67301,2016,2,1,707,7,1,1,0,3,1, , ,N,0,0,0,3,0,0,2,2,N,N,39 59:12.379,75 12:19.625,751, ,741,2,1,4,N, ,0,N, , , , ,149892, , , ,2,0,0,0,0,0,2,0,0,0,0,0,0,0,0,0,0,0,0,0,1,0,0,1,0,0,0,0,0,0,0,0,0,0,0,0,0,39.9868,-75.2055, , 
 ,11276,2016030704,6,67,67301,2016,2,7,1433,14,1,1,0,4,1, , ,N,1,2,0,3,0,0,3,2,N,N,40 00:46.713,75 07:09.797,1439, ,1433, ,0, ,N, ,3, , , , , ,149893, , , ,2,2,0,0,0,0,0,0,0,0,0,0,0,0,0,0,0,0,0,0,1,0,0,0,0,0,0,0,0,0,0,0,0,0,0,0,0,40.013,-75.1194, , 
 ,11277,2016052275,6,67,67301,2016,4,5,2,0,3,1,0,4,1, , ,N,1,2,0,3,0,7,7,2,N,N,39 59:23.449,75 10:25.402,2, ,2, ,0, ,N, ,3, , , , , ,149908, , , ,2,1,0,0,0,0,1,0,0,0,5,2,7,0,0,0,0,0,0,0,0,0,0,5,0,0,0,0,0,0,0,0,0,0,0,3,0,39.9898,-75.1737, , 
 ,11278,2016029793,6,67,67301,2016,2,2,1005,10,1,2,1,4,1, , ,N,1,2,0,3,0,1,2,2,N,N,40 04:46.758,75 12:01.519,1017, ,1006, ,0, , , ,3, , , , , ,149924, , , ,2,2,0,0,0,0,0,0,0,0,0,0,1,1,0,0,0,0,0,0,0,1,0,1,0,0,0,0,0,0,0,0,0,0,0,8,0,40.0795,-75.2004, , 
 ,11279,2016029913,6,67,67301,2016,2,7,1320,13,1,1,0,5,1, , ,N,0,0,0,3,0,2,3,4,N,N,39 56:12.532,75 14:02.907,1401, ,1342, ,0, ,N, ,0, , , , , ,149925, , , ,4,1,0,0,0,0,3,0,0,0,0,0,2,2,0,0,0,0,0,0,0,0,0,1,0,0,0,0,0,0,0,0,0,0,0,8,0,39.9368,-75.2341, , 
 ,11280,2016029884,6,67,67301,2016,2,7,1802,18,4,1,0,1,1, , ,N,1,2,0,3,0,1,2,2,N,N,39 54:14.563,75 14:24.409,1805, ,1803, ,0, ,N, ,3, , , , , ,155568, , , ,2,1,0,0,0,0,1,0,0,0,0,1,1,0,0,0,0,0,0,0,1,0,0,0,0,0,0,0,0,0,0,0,0,0,0,4,0,39.904,-75.2401, , 
 ,11281,2016052853,6,67,67301,2016,4,7,1158,11,1,2,1,4,1, , ,N,1,3,0,3,0,1,4,2,N,N,39 57:34.066,75 13:37.293,1227, ,1213, ,0, ,N, ,3, , , , , ,155588, , , ,2,2,0,0,0,0,0,0,0,0,0,1,1,0,0,0,0,0,0,0,1,0,0,0,0,0,0,0,0,0,0,0,0,0,0,4,0,39.9595,-75.227, , 
 ,11282,2016054156,6,67,67301,2016,5,4,2153,21,3,1,0,4,6, , ,N,0,0,0,3,0,1,4,2,N,N,39 55:33.302,75 14:05.034,2153, ,2153, ,0, ,N, ,0, , , , , ,155590, , , ,2,2,0,0,0,0,0,0,0,0,0,0,1,1,0,0,0,0,0,0,0,0,0,0,0,0,0,0,0,0,0,0,0,0,0,8,0,39.9259,-75.2347, , 
 ,11283,2016019327,6,67,67301,2016,2,3,810,8,1,1,0,5,1, , ,N,0,0,0,3,0,1,2,2,N,N,40 00:37.468,75 03:47.579,832, ,821,2,1,2, , ,0,N, , , , ,155615, , , ,2,1,0,0,0,0,1,0,0,0,0,1,1,0,0,0,0,0,0,0,0,0,0,0,0,0,0,0,0,0,0,0,0,0,0,4,0,40.0104,-75.0632, , 
 ,11284,2016019753,6,67,67301,2016,2,4,1728,17,3,2,2,8,1, , ,N,1,2,0,3,0,1,2,2,N,N,40 00:11.036,75 09:51.469,1732, ,1731, ,0, ,N, ,3, , , , , ,155617, , , ,1,1,0,0,0,0,0,0,0,0,0,1,1,0,0,0,0,0,0,0,0,0,0,0,0,0,0,0,0,0,0,0,1,0,0,4,0,40.0031,-75.1643, , 
 ,11285,2016026063,6,67,67301,2016,2,1,905,9,1,1,0,8,1, , ,N,1,3,0,3,0,1,2,2,N, ,40 02:02.472,75 02:11.018,925, ,920, ,0, , , ,3, , , , , ,155622, , , ,1,0,0,0,0,0,1,0,0,0,0,0,1,1,0,0,0,0,0,0,0,0,1,0,0,0,0,0,0,0,0,0,1,0,0,8,0,40.034,-75.0364, , 
 ,11286,2016033113,6,67,67301,2016,3,5,328,3,3,1,0,1,1, , ,N,0,0,0,3,0,2,3,3,N, ,40 00:20.737,75 06:44.106,328, ,328, ,0, , , ,0, , , , , ,155627, , , ,3,2,0,0,0,0,0,0,0,0,0,2,2,0,0,0,0,0,0,0,0,0,0,2,0,0,0,0,0,0,0,0,0,0,0,4,0,40.0058,-75.1123, , 
 ,11287,2016051148,6,67,67301,2016,1,6,2300,23,3,1,0,1,1, , ,N,2,0,0,3,0,3,3,3,N,N,39 56:29.602,75 14:16.923,0, ,0, ,0, ,N, ,0, , , , , ,155643, , , ,3,2,0,0,0,0,0,0,0,0,1,0,3,2,0,0,0,0,0,0,1,0,0,0,0,0,0,0,0,0,0,0,0,0,0,3,0,39.9416,-75.238, , 
 ,11288,2016014011,6,67,67301,2016,1,6,13,0,3,1,0,6,6, , ,N,0,0,0,3,0,0,1,3,N,N,40 03:59.115,75 05:20.828,18, ,15, ,0, ,N, ,0, , , , , ,155652, , , ,3,2,0,0,0,0,0,1,0,0,0,0,0,0,1,0,0,0,0,0,0,0,0,0,0,0,0,0,0,0,0,0,0,0,0,9,0,40.0664,-75.0891, , 
 ,11289,2016016588,6,67,67301,2016,1,1,453,4,2,1,6,1,6, , ,N,0,0,0,3,0,0,2,4,N,N,39 58:50.367,75 09:40.116,455, ,453, ,0, , , ,0, , , , , ,155655, , , ,4,4,0,0,0,0,0,0,0,0,0,0,0,0,0,0,0,0,0,0,0,0,0,0,0,0,0,0,0,0,0,0,0,0,0,0,0,39.9807,-75.1611, , 
 ,11290,2016017017,6,67,67301,2016,1,6,120,1,6,1,0,7,4, , ,N,0,0,0,3,0,1,1,1,N, ,40 01:50.930,75 05:12.572,130, ,120,1,1,2, , ,0,N, , , , ,155657, , , ,1,0,0,0,0,0,1,0,0,0,1,0,1,0,0,0,0,0,0,0,0,0,0,0,0,0,0,0,0,0,0,0,0,0,0,3,0,40.0308,-75.0868, , 
 ,11291,2016030714,6,67,67301,2016,3,6,1925,19,3,1,0,1,1, , ,N,2,2,0,3,0,2,4,2,N, ,40 04:12.683,75 01:52.611,1930, ,1930,2,1,3, , ,3,Y, , , , ,155668, , , ,2,1,0,0,0,0,1,0,0,0,0,2,2,0,0,0,0,0,0,0,0,0,0,4,0,0,0,0,0,0,0,0,0,0,0,4,0,40.0702,-75.0313, , 