wz_ln_closure,objectid_1,crn,district,county,municipality,crash_year,crash_month,day_of_week,time_of_day,hour_of_day,illumination,weather,road_condition,collision_type,relation_to_road,work_zone_type,work_zone_loc,work_zone_ind,intersect_type,tcd_type,location_type,urban_rural,fatal_count,injury_count,person_count,total_units,sch_bus_ind,sch_zone_ind,latitude,longitude,arrival_tm,cons_zone_spd_lim,dispatch_tm,est_hrs_closed,lane_closed,ln_close_dir,ntfy_hiwy_maint,spec_juris_cd,tcd_func_cd,tfc_detour_ind,workers_pres,wz_close_detour,wz_flagger,wz_law_offcr_ind,objectid,wz_moving,wz_other,wz_shlder_mdn,vehicle_count,automobile_count,motorcycle_count,bus_count,small_truck_count,heavy_truck_count,suv_count,van_count,bicycle_count,maj_inj_count,mod_inj_count,min_inj_count,tot_inj_count,unk_inj_deg_count,unk_inj_per_count,driver_count_16yr,driver_count_17yr,driver_count_18yr,driver_count_19yr,driver_count_20yr,driver_count_50_64yr,driver_count_65_74yr,driver_count_75plus,unbelted_occ_count,unb_death_count,unb_maj_inj_count,belted_death_count,belted_maj_inj_count,mcycle_death_count,mcycle_maj_inj_count,bicycle_death_count,bicycle_maj_inj_count,ped_count,ped_death_count,ped_maj_inj_count,max_severity_level,comm_veh_count,dec_lat,dec_long,rdwy_surf_type_cd,county_name
 ,11359,2016033455,6,67,67301,2016,3,3,202,2,3,1,1,5,1, , ,N,0,0,0,3,1,0,2,2,N,N,40 01:09.327,75 04:52.774,900, ,605, ,0, ,N,0,0, , , , , ,150038, , , ,1,0,0,1,0,0,0,0,1,0,0,0,0,0,0,0,0,0,0,0,0,0,0,0,0,0,0,0,0,0,1,0,0,0,0,1,1,40.0193,-75.0813,2, 
 ,11360,2016039696,6,67,67301,2016,3,1,3,0,3,1,0,4,1, , ,N,1,2,0,3,0,1,2,2,N,N,39 57:02.548,75 13:43.906,8, ,6, ,0, ,N, ,3, , , , , ,150041, , , ,2,1,0,0,0,0,1,0,0,0,0,0,1,1,0,0,0,0,0,0,0,0,0,0,0,0,0,0,0,0,0,0,0,0,0,8,0,39.9507,-75.2289, , 
 ,11361,2016051167,6,67,67301,2016,3,4,1716,17,1,1,0,1,1, , ,N,1,2,0,3,0,2,3,2, , ,39 55:40.948,75 13:09.423,0, ,0, ,0, , , ,3, , , , , ,150049, , , ,2,1,0,0,0,0,0,1,0,0,0,0,2,2,0,0,0,0,0,0,2,0,0,0,0,0,0,0,0,0,0,0,0,0,0,8,0,39.928,-75.2193, , 
 ,11362,2016033894,6,67,67301,2016,3,7,2133,21,3,1,0,3,1, , ,N,0,0,0,3,0,0,2,2,N, ,40 01:17.357,75 07:25.845,2140, ,2133, ,0, , , ,0, , , , , ,150080, , , ,2,0,0,0,1,0,1,0,0,0,0,0,0,0,0,0,0,0,0,0,1,0,0,2,0,0,0,0,0,0,0,0,0,0,0,0,0,40.0215,-75.1238, , 
 ,11363,2016034943,6,67,67301,2016,4,2,837,8,1,1,0,4,1, , ,N,1,2,0,3,0,1,2,2,N,N,40 02:06.425,75 04:10.216,910, ,850,3,2,1,Y, ,3,Y, , , , ,150082, , , ,2,1,0,0,0,1,0,0,0,0,0,0,1,1,0,0,0,0,0,0,1,0,0,1,0,0,0,0,0,0,0,0,0,0,0,8,1,40.0351,-75.0695, , 
N,11364,2016049470,6,67,67301,2016,5,1,935,9,1,2,7,7,3,1,4,Y,0,0,0,3,0,0,1,1,N,N,39 58:03.526,75 07:53.126,957,45,941,1,1,1, , ,0,N,N,N,N,N,150101,N,N,Y,1,0,0,0,0,0,1,0,0,0,0,0,0,0,0,0,0,0,0,0,0,0,0,0,0,0,0,0,0,0,0,0,0,0,0,0,0,39.9676,-75.1314, , 
 ,11365,2016019794,6,67,67301,2016,2,3,805,8,1,1,0,4,1, , ,N,1,2,0,3,0,0,4,2,N,N,39 57:53.438,75 13:34.071,845, ,805, ,0, ,N, ,3, , , , , ,150121, , , ,2,1,0,0,0,0,1,0,0,0,0,0,0,0,0,0,0,0,0,0,0,1,0,0,0,0,0,0,0,0,0,0,0,0,0,0,0,39.9648,-75.2261, , 
 ,11366,2016026055,6,67,67301,2016,2,6,2253,22,3,4,3,8,1, , ,N,1,3,0,3,0,1,2,2,N,N,39 59:05.818,75 07:59.794,2253, ,2253, ,0, ,N, ,3, , , , , ,150127, , , ,1,1,0,0,0,0,0,0,0,0,0,0,1,1,0,0,0,0,0,0,0,0,0,1,0,0,0,0,0,0,0,0,1,0,0,8,0,39.9849,-75.1333, , 
 ,11367,2016026133,6,67,67301,2016,2,4,1734,17,4,1,0,8,1, , ,N,0,0,0,3,0,1,2,2,N, ,40 02:38.288,75 04:35.727,1740, ,1737, ,0, , , ,0, , , , , ,150128, , , ,1,1,0,0,0,0,0,0,0,0,0,0,1,1,0,0,0,0,0,0,0,0,0,1,0,0,0,0,0,0,0,0,1,0,0,8,0,40.044,-75.0766, , 
 ,11368,2016029766,6,67,67301,2016,3,5,2205,22,3,1,0,4,1, , ,N,1,2,0,3,0,1,3,2,N,N,40 06:06.588,75 01:38.906,2210, ,2209, ,0, ,N, ,3, , , , , ,150131, , , ,2,2,0,0,0,0,0,0,0,0,0,1,1,0,0,0,0,0,1,0,0,1,0,0,0,0,0,0,0,0,0,0,0,0,0,4,0,40.1018,-75.0275, , 
 ,11369,2016034945,6,67,67301,2016,4,2,1258,12,1,1,0,8,1, , ,N,1,2,0,3,0,1,2,2,N,N,39 57:25.867,75 12:07.023,1301, ,1300, ,0, ,N, ,3, , , , , ,150133, , , ,1,1,0,0,0,0,0,0,0,0,0,0,1,1,0,0,0,0,0,0,0,1,0,0,0,0,0,0,0,0,0,0,1,0,0,8,0,39.9571,-75.2019, , 
 ,11370,2016040904,6,67,67301,2016,4,6,700,7,1,2,1,4,1, , ,N,2,0,0,3,0,1,2,2,N, ,39 59:34.947,75 10:05.357,715, ,700, ,0, , , ,0, , , , , ,143837, , , ,1,0,0,0,0,0,0,0,1,0,0,1,1,0,0,0,0,0,0,0,0,0,0,0,0,0,0,0,0,0,0,0,0,0,0,4,0,39.993,-75.1682, , 
 ,11371,2016029885,6,67,67301,2016,2,7,1906,19,3,1,0,7,4, , ,N,0,0,1,3,0,1,1,1,N, ,40 00:40.789,75 05:18.277,1910, ,1906,3,2,1, , ,0,N, , , , ,143859, , , ,1,1,0,0,0,0,0,0,0,0,1,0,1,0,0,0,0,0,0,0,0,0,0,0,0,0,0,0,0,0,0,0,0,0,0,3,0,40.0113,-75.0884, , 
 ,11372,2016036382,6,67,67301,2016,3,5,2340,23,3,1,0,4,1, , ,N,1,2,0,3,0,1,2,2,N,N,39 57:07.894,75 14:26.897,2, ,2,3,1,2,N, ,3,N, , , , ,143864, , , ,2,0,0,0,2,0,0,0,0,0,0,1,1,0,0,0,0,0,0,0,1,0,0,0,0,0,0,0,0,0,0,0,0,0,0,4,0,39.9522,-75.2408, , 
 ,11373,2016047007,6,67,67301,2016,4,2,1715,17,1,1,0,4,1, , ,N,2,0,0,3,0,0,2,2,N,N,40 00:46.062,75 10:28.101,1729, ,1721,9,1,1, , ,0,N, , , , ,143878, , , ,2,1,0,0,0,0,1,0,0,0,0,0,0,0,0,0,0,0,0,0,0,0,0,0,0,0,0,0,0,0,0,0,0,0,0,0,0,40.0128,-75.1745, , 
 ,11374,2016013768,6,67,67301,2016,1,6,2237,22,3,2,1,7,4, , ,N,1,2,0,3,0,1,2,1,N, ,40 01:08.216,75 08:49.391,2311, ,2301, ,0, , , ,3, , , , , ,143892, , , ,1,1,0,0,0,0,0,0,0,0,0,0,1,1,0,0,0,0,0,0,1,0,0,0,0,0,0,0,0,0,0,0,0,0,0,8,0,40.0189,-75.1471, , 
 ,11375,2016032078,6,67,67301,2016,3,3,1459,14,1,1,0,4,1, , ,N,1,3,0,3,0,1,2,2,N,N,40 01:43.190,75 02:32.729,1725, ,1719, ,0, ,N, ,3, , , , , ,143898, , , ,2,1,0,0,1,0,0,0,0,0,0,1,1,0,0,0,0,0,0,0,0,0,1,0,0,0,0,0,0,0,0,0,0,0,0,4,0,40.0287,-75.0424, , 
 ,11376,2016033121,6,67,67301,2016,3,7,5,0,3,1,0,1,6, , ,N,0,0,0,3,0,0,1,3,N, ,40 05:49.318,75 03:13.730,20, ,14, ,0, , , ,0, , , , , ,143900, , , ,3,2,0,0,1,0,0,0,0,0,0,0,0,0,0,0,0,0,0,0,0,0,0,0,0,0,0,0,0,0,0,0,0,0,0,0,0,40.097,-75.0538, , 
 ,11377,2016070537,6,67,67301,2016,7,4,805,8,1,1,0,1,1, , ,N,1,2,0,3,0,1,2,2, , ,39 57:07.498,75 12:20.102,825, ,817, ,0, , , ,3, , , , , ,143932, , , ,2,1,0,0,0,0,0,1,0,0,0,0,1,1,0,0,0,0,0,0,0,0,0,0,0,0,0,0,0,0,0,0,0,0,0,8,0,39.9521,-75.2056, , 
 ,11378,2016027532,6,67,67301,2016,2,7,126,1,3,1,0,7,4, , ,N,0,0,0,3,0,1,1,1,N,N,39 58:54.898,75 07:01.080,135, ,130,2,1,1,N, ,0,N, , , , ,143954, , , ,1,1,0,0,0,0,0,0,0,0,1,0,1,0,0,0,0,0,0,0,0,0,0,1,0,0,0,0,0,0,0,0,0,0,0,3,0,39.9819,-75.117, , 
 ,11379,2016042895,6,67,67301,2016,4,2,40,0,3,1,0,1,1, , ,N,0,0,0,3,0,3,3,2,N,N,39 53:56.300,75 10:08.639,44, ,44, ,0, , , ,0, , , , , ,143964, , , ,2,1,0,0,0,0,1,0,0,0,0,0,3,3,0,0,0,0,0,0,0,1,0,0,0,0,0,0,0,0,0,0,0,0,0,8,0,39.899,-75.1691, , 
 ,11380,2016047158,6,67,67301,2016,5,5,926,9,1,1,0,1,1, , ,N,0,0,0,3,0,0,6,5,N,N,39 57:28.662,75 09:45.127,926, ,926,2,1,4, , ,0,N, , , , ,143972, , , ,5,3,0,0,1,0,1,0,0,0,0,0,0,0,0,0,0,0,0,0,0,1,1,0,0,0,0,0,0,0,0,0,0,0,0,0,0,39.958,-75.1625, , 
 ,11381,2016056823,6,46,46102,2016,6,1,7,0,3,1,0,1,1, , ,N,0,2,0,3,0,0,2,2,N,N,40 04:00.771,75 05:35.299,11, ,7,1,1,3,N, ,3,Y, , , , ,143979, , , ,2,1,0,0,0,0,1,0,0,0,0,0,0,0,0,0,0,0,0,0,0,0,0,0,0,0,0,0,0,0,0,0,0,0,0,0,0,40.0669,-75.0931, , 
 ,11382,2016013303,6,67,67301,2016,1,7,2020,20,3,2,1,4,1, , ,N,1,3,0,3,0,1,2,2,N,N,39 59:11.993,75 15:02.259,2026, ,2023, ,0, ,N, ,3, , , , , ,143993, , , ,2,1,0,0,0,0,1,0,0,0,0,0,1,1,0,0,0,0,0,0,1,0,0,0,0,0,0,0,0,0,0,0,0,0,0,8,0,39.9867,-75.2506, , 
 ,11383,2016016689,6,67,67301,2016,2,1,2314,23,3,1,0,7,1, , ,N,0,0,2,3,0,0,2,1,N,N,39 57:19.746,75 08:53.178,2314, ,2314,1,1,4,N, ,0,N, , , , ,143995, , , ,1,1,0,0,0,0,0,0,0,0,0,0,0,0,0,0,0,0,0,0,0,0,0,0,0,0,0,0,0,0,0,0,0,0,0,0,0,39.9555,-75.1481, , 
 ,11384,2016039676,6,67,67301,2016,3,5,1710,17,1,1,0,5,1, , ,N,0,0,0,3,0,1,2,2,N, ,39 55:31.677,75 13:37.390,1735, ,1728, ,0, , , ,0, , , , , ,144016, , , ,1,1,0,0,0,0,0,0,1,0,0,0,1,1,1,0,0,0,0,0,0,0,0,0,0,0,0,0,0,0,0,0,0,0,0,8,0,39.9255,-75.2271, , 
 ,11385,2016042302,6,67,67301,2016,4,7,1824,18,1,1,0,1,1, , ,N,0,0,0,3,0,1,2,2,N,N,39 56:44.590,75 11:24.486,1828, ,1824,1,2,3, , ,0,N, , , , ,144019, , , ,2,1,1,0,0,0,0,0,0,0,0,0,1,1,0,0,0,0,0,0,0,0,0,0,0,0,0,0,0,0,0,0,0,0,0,8,0,39.9457,-75.1901, , 
 ,11386,2016052880,6,67,67301,2016,5,7,1903,19,1,1,0,1,1, , ,N,0,0,0,3,0,0,5,2,N,N,40 00:29.336,75 12:10.572,1903, ,1903, ,0, , , ,0, , , , , ,144029, , , ,2,1,0,0,0,0,1,0,0,0,0,0,0,0,0,0,0,1,0,1,0,0,0,0,0,0,0,0,0,0,0,0,0,0,0,0,0,40.0081,-75.2029, , 
 ,11387,2016019758,6,67,67301,2016,2,4,1745,17,3,2,1,8,1, , ,N,1,2,0,3,0,1,2,2,N,N,39 57:32.690,75 10:19.285,1747, ,1747, ,0, ,N, ,3, , , , , ,144039, , , ,1,0,0,0,0,0,1,0,0,0,0,1,1,0,0,0,0,0,0,0,0,0,0,1,0,0,0,0,0,0,0,0,1,0,0,4,0,39.9591,-75.172, , 
 ,11388,2016029864,6,67,67301,2016,2,7,1545,15,1,1,0,1,1, , ,N,1,2,0,3,0,1,3,3,N,N,39 59:40.373,75 09:33.635,1616, ,1613, ,0, ,N, ,3, , , , , ,144053, , , ,3,2,0,0,0,0,0,1,0,0,0,1,1,0,0,0,0,0,0,1,1,0,0,1,0,0,0,0,0,0,0,0,0,0,0,4,0,39.9945,-75.1593, , 
 ,11389,2016017026,6,67,67301,2016,1,6,1537,15,1,1,0,2,1, , ,N,0,0,0,3,0,2,2,2,N,N,40 00:11.521,75 10:58.223,1542, ,1540,2,1,3,N, ,0,Y, , , , ,146842, , , ,2,2,0,0,0,0,0,0,0,0,2,0,2,0,0,0,0,0,0,0,1,0,0,0,0,0,0,0,0,0,0,0,0,0,0,3,0,40.0032,-75.1828, , 
 ,11390,2016029760,6,67,67301,2016,2,1,1559,15,1,1,0,8,1, , ,N,0,0,0,3,0,1,2,2,N, ,40 02:08.966,75 08:03.825,1610, ,1607, ,0, , , ,0, , , , , ,146852, , , ,1,1,0,0,0,0,0,0,0,0,0,0,1,1,0,0,0,0,0,0,1,0,0,0,0,0,0,0,0,0,0,0,1,0,0,8,0,40.0358,-75.1344, , 
 ,11391,2016039671,6,67,67301,2016,3,6,1330,13,1,1,0,4,1, , ,N,1,2,0,3,0,1,2,2,N,N,39 57:20.839,75 13:32.687,1535, ,1530, ,0, ,N, ,3, , , , , ,146861, , , ,1,1,0,0,0,0,0,0,1,0,0,0,1,1,1,0,0,0,0,0,0,0,0,0,0,0,0,0,0,0,0,0,0,0,0,8,0,39.9558,-75.2257, , 
 ,11392,2016039803,6,67,67301,2016,4,6,954,9,1,1,0,1,1, , ,N,0,0,0,3,0,0,2,2,N,N,39 57:36.548,75 10:48.499,1010, ,954,1,1,4, , ,0,N, , , , ,146862, , , ,2,2,0,0,0,0,0,0,0,0,0,0,0,0,0,0,0,0,0,0,1,0,0,0,0,0,0,0,0,0,0,0,0,0,0,0,0,39.9602,-75.1801, , 
 ,11393,2016026073,6,67,67301,2016,2,2,845,8,1,1,0,4,1, , ,N,1,3,0,3,0,1,2,2,N,N,40 01:08.120,75 02:58.216,909, ,857, ,0, ,N, ,3, , , , , ,146888, , , ,2,1,0,0,0,0,1,0,0,0,0,1,1,0,0,0,0,0,0,0,0,0,0,0,0,0,0,0,0,0,0,0,0,0,0,4,0,40.0189,-75.0495, , 
 ,11394,2016028344,6,67,67301,2016,2,7,1550,15,1,1,0,2,1, , ,N,0,0,0,3,0,1,2,2,N,N,39 57:04.338,75 09:14.126,1558, ,1552, ,0, ,N, ,0, , , , , ,146891, , , ,1,1,0,0,0,0,0,0,1,0,0,1,1,0,0,0,0,0,0,0,0,1,0,0,0,0,0,0,0,0,0,0,0,0,0,4,0,39.9512,-75.1539, , 
 ,11395,2016039661,6,67,67301,2016,3,4,735,7,1,1,0,4,1, , ,N,2,0,0,3,0,3,3,2,N,N,40 06:57.440,75 01:13.751,746, ,736,2,1,2,N, ,0,N, , , , ,146900, , , ,2,2,0,0,0,0,0,0,0,0,0,0,3,3,0,0,2,0,0,0,0,0,0,0,0,0,0,0,0,0,0,0,0,0,0,8,0,40.116,-75.0205, , 
 ,11396,2016040851,6,67,67301,2016,3,1,1015,10,1,1,0,3,1, , ,N,3,0,0,3,0,1,2,2,N,N,40 02:19.417,75 08:40.892,1020, ,1020, ,0, ,N, ,0, , , , , ,146901, , , ,2,1,0,0,0,0,1,0,0,0,1,0,1,0,0,0,0,0,0,0,0,0,0,1,0,0,0,0,0,0,0,0,0,0,0,3,0,40.0387,-75.1447, , 
 ,11397,2016040947,6,67,67301,2016,4,3,1435,14,1,1,0,8,1, , ,N,1,3,0,3,0,1,2,2,N,N,40 01:33.279,75 08:01.827,1452, ,1949, ,0, ,N, ,3, , , , , ,146902, , , ,1,0,0,0,0,0,0,0,0,0,1,0,1,0,0,0,0,0,0,0,0,0,0,0,0,0,0,0,0,0,0,0,1,0,0,3,0,40.0259,-75.1338, , 
 ,11398,2016062529,6,67,67301,2016,6,4,1355,13,1,1,0,4,1, , ,N,2,0,7,3,0,1,3,2,N, ,40 01:56.924,75 03:53.757,1355, ,1355,2,2,5, , ,0,Y, , , , ,146915, , , ,2,0,0,0,0,0,1,1,0,0,0,1,1,0,0,0,0,0,0,1,0,0,0,0,0,0,0,0,0,0,0,0,0,0,0,4,0,40.0325,-75.0649, , 
 ,11399,2016062603,6,67,67301,2016,5,6,9999,99,3,1,0,4,1, , ,N,1,2,0,3,0,5,5,2,N, ,40 03:10.684,75 08:12.112,2039, ,2016,9,1,1, , ,3,N, , , , ,146916, , , ,2,0,0,0,0,0,1,1,0,0,0,5,5,0,0,0,0,0,0,0,0,0,0,0,0,0,0,0,0,0,0,0,0,0,0,4,0,40.053,-75.1367, , 
 ,11400,2016013828,6,67,67301,2016,1,2,1610,16,1,1,0,4,1, , ,N,5,2,2,3,0,2,4,2,N,N,39 57:26.413,75 09:08.132,1625, ,1615,1,1,2,N, ,3,N, , , , ,146930, , , ,2,2,0,0,0,0,0,0,0,0,0,2,2,0,1,0,0,0,0,0,0,0,0,0,0,0,0,0,0,0,0,0,0,0,0,4,0,39.9573,-75.1523, , 
 ,11401,2016028354,6,67,67301,2016,2,7,2247,22,3,1,0,7,4, , ,N,2,0,0,3,0,0,1,2,N,N,40 03:16.099,75 01:07.517,2255, ,2250,3,2,3,N, ,0,Y, , , , ,146944, , , ,2,2,0,0,0,0,0,0,0,0,0,0,0,0,1,0,0,0,0,0,0,0,0,0,0,0,0,0,0,0,0,0,0,0,0,9,0,40.0545,-75.0188, , 
 ,11402,2016025973,6,67,67301,2016,2,5,1910,19,2,1,0,8,1, , ,N,0,0,0,3,0,1,2,2,N, ,40 03:23.764,75 01:05.395,1920, ,1910, ,0, , , ,0, , , , , ,146990, , , ,1,1,0,0,0,0,0,0,0,0,0,1,1,0,0,0,0,0,0,0,0,0,0,0,0,0,0,0,0,0,0,0,1,0,0,4,0,40.0566,-75.0182, , 
 ,11403,2016027530,6,67,67301,2016,2,2,1255,12,1,1,0,8,1, , ,N,1,2,0,3,0,1,2,2,N,N,39 57:10.730,75 10:06.316,1259, ,1257, ,0, , , ,3, , , , , ,146991, , , ,1,0,0,0,0,0,1,0,0,0,1,0,1,0,0,0,0,0,1,0,0,0,0,0,0,0,0,0,0,0,0,0,1,0,0,3,0,39.953,-75.1685, , 
 ,11404,2016029854,6,67,67301,2016,3,3,1210,12,1,1,0,4,1, , ,N,1,2,0,3,0,1,2,2,N,N,39 59:30.475,75 11:10.951,1217, ,1212, ,0, ,N, ,3, , , , , ,146993, , , ,2,1,0,0,0,0,1,0,0,0,0,1,1,0,0,0,0,0,0,0,0,1,0,0,0,0,0,0,0,0,0,0,0,0,0,4,0,39.9918,-75.1864, , 
 ,11405,2016041037,6,67,67301,2016,4,1,1503,15,1,1,0,4,1, , ,N,2,3,0,3,0,1,3,2,N,N,39 58:37.753,75 08:01.871,1538, ,1537, ,0, , , ,3, , , , , ,147003, , , ,2,2,0,0,0,0,0,0,0,0,0,1,1,0,0,0,0,0,0,0,0,0,0,0,0,0,0,0,0,0,0,0,0,0,0,4,0,39.9772,-75.1339, , 
 ,11406,2016043700,6,67,67301,2016,3,4,8,0,3,1,0,8,1, , ,N,5,2,0,3,0,1,2,2,N,N,40 00:36.075,75 05:46.053,15, ,10, ,0, ,N, ,3, , , , , ,147006, , , ,1,1,0,0,0,0,0,0,0,0,0,1,1,0,0,0,0,0,0,0,0,0,0,0,0,0,0,0,0,0,0,0,1,0,0,4,0,40.01,-75.0961, , 
 ,11407,2016052412,6,67,67301,2016,4,7,1200,12,1,1,0,4,1, , ,N,1,2,0,3,0,3,4,2,N,N,40 03:17.359,75 09:09.802,1212, ,1207,3,1,5,N, ,3,N, , , , ,152789, , , ,2,0,0,0,0,0,1,1,0,0,0,3,3,0,0,0,0,0,0,0,1,0,0,0,0,0,0,0,0,0,0,0,0,0,0,4,0,40.0548,-75.1527, , 
 ,11408,2016053827,6,67,67301,2016,5,3,1315,13,1,1,0,5,1, , ,N,0,0,1,3,0,5,5,2,N,N,39 58:40.566,75 13:34.851,1315, ,1315,2,2,2,N, ,0,Y, , , , ,152792, , , ,2,2,0,0,0,0,0,0,0,0,0,5,5,0,0,0,0,0,0,0,0,1,0,0,0,0,0,0,0,0,0,0,0,0,0,4,0,39.9779,-75.2263, , 
 ,11409,2016058535,6,67,67301,2016,5,5,925,9,1,1,0,1,1, , ,N,0,0,0,3,0,1,2,2,N,N,39 59:33.193,75 08:39.205,1215, ,1207, ,0, ,N, ,0, , , , , ,152800, , , ,2,2,0,0,0,0,0,0,0,0,0,0,1,1,0,0,0,0,0,0,1,0,0,1,0,0,0,0,0,0,0,0,0,0,0,8,0,39.9926,-75.1442, , 
 ,11410,2016026068,6,67,67301,2016,2,3,1808,18,3,4,1,4,1, , ,N,1,2,0,3,0,2,4,2,N, ,40 04:51.806,75 01:43.881,1825, ,1819, ,0, , , ,3, , , , , ,152824, , , ,2,2,0,0,0,0,0,0,0,0,0,2,2,0,0,0,0,1,0,0,0,0,0,0,0,0,0,0,0,0,0,0,0,0,0,4,0,40.0809,-75.0288, , 
 ,11411,2016034248,6,67,67301,2016,3,1,1746,17,1,1,0,1,1, , ,N,0,0,0,3,0,4,7,3,N,N,39 56:31.386,75 11:38.140,1754, ,1750,2,2,4, , ,0,N, , , , ,152834, , , ,3,2,0,0,0,0,0,1,0,0,0,0,4,4,0,0,0,0,0,0,1,0,0,0,0,0,0,0,0,0,0,0,0,0,0,8,0,39.9421,-75.1939, , 
 ,11412,2016022049,6,67,67301,2016,2,2,1646,16,3,1,0,4,1, , ,N,1,3,0,3,0,1,3,2,N,N,40 02:58.996,75 10:18.239,1757, ,1748, ,0, ,N, ,3, , , , , ,152866, , , ,2,2,0,0,0,0,0,0,0,0,0,1,1,0,2,0,0,0,0,0,0,0,0,0,0,0,0,0,0,0,0,0,0,0,0,4,0,40.0497,-75.1717, , 
 ,11413,2016056031,6,67,67301,2016,5,6,2115,21,3,1,0,8,6, , ,N,0,0,0,3,0,1,2,2,N, ,40 04:16.866,75 11:09.746,1558, ,1545, ,0, , , ,0, , , , , ,152893, , , ,1,0,0,0,0,0,0,1,0,0,0,1,1,0,1,0,0,0,0,0,0,0,0,0,0,0,0,0,0,0,0,0,1,0,0,4,0,40.0714,-75.186, , 
 ,11414,2016031268,6,67,67301,2016,3,2,2129,21,3,1,0,1,3, , ,N,0,0,0,3,0,0,2,2,N,N,39 56:44.761,75 11:24.265,2237, ,2225,2,1,3, , ,0,N, , , , ,152924, , , ,2,2,0,0,0,0,0,0,0,0,0,0,0,0,0,0,0,0,0,0,0,0,0,0,0,0,0,0,0,0,0,0,0,0,0,0,0,39.9458,-75.1901, , 
 ,11415,2016013107,6,67,67301,2016,1,1,2105,21,3,4,4,1,1, , ,N,0,0,0,3,0,3,9,3,N,N,39 57:20.947,75 10:50.784,2109, ,2106,1,2,3, , ,0,N, , , , ,152953, , , ,3,2,0,0,0,0,1,0,0,0,0,2,3,1,0,0,0,0,0,0,0,0,0,1,0,0,0,0,0,0,0,0,0,0,0,4,0,39.9558,-75.1808, , 
 ,11416,2016013888,6,67,67301,2016,1,2,2002,20,3,1,0,4,1, , ,N,1,2,0,3,0,3,3,2,N,N,39 59:13.322,75 10:27.753,2030, ,2038, ,0, ,N, ,3, , , , , ,152954, , , ,2,2,0,0,0,0,0,0,0,0,3,0,3,0,0,0,0,0,1,0,0,0,0,0,0,0,0,0,0,0,0,0,0,0,0,3,0,39.987,-75.1744, , 
 ,11417,2016023684,6,67,67301,2016,2,1,2345,23,3,1,0,8,1, , ,N,2,0,0,3,0,1,2,2,N,N,39 58:33.956,75 16:14.620,2100, ,2047, ,0, ,N, ,0, , , , , ,152958, , , ,1,1,0,0,0,0,0,0,0,0,0,0,1,1,0,0,0,0,0,0,0,0,0,1,0,0,0,0,0,0,0,0,1,0,0,8,0,39.9761,-75.2707, , 
 ,11418,2016031078,6,67,67301,2016,2,1,1610,16,1,1,0,1,1, , ,N,0,2,0,3,0,0,6,4,N,N,39 58:10.345,75 11:09.541,1620, ,1612,9,1,2,N, ,3,N, , , , ,152968, , , ,4,1,0,0,1,0,2,0,0,0,0,0,0,0,0,0,0,0,0,0,1,0,0,0,0,0,0,0,0,0,0,0,0,0,0,0,0,39.9695,-75.186, , 
 ,11419,2016046134,6,67,67301,2016,4,3,1034,10,1,2,1,4,1, , ,N,1,2,0,3,0,1,3,2,N,N,40 00:06.022,75 09:58.575,1040, ,1036, ,0, ,N, ,3, , , , , ,152988, , , ,2,1,0,0,0,1,0,0,0,0,0,1,1,0,0,0,0,0,0,0,0,1,0,0,0,0,0,0,0,0,0,0,0,0,0,4,0,40.0017,-75.1663, , 
 ,11420,2016050046,6,67,67301,2016,4,7,1900,19,4,1,0,1,1, , ,N,6,4,2,3,0,2,6,2,N,N,40 00:47.499,75 12:23.255,1920, ,1908,2,1,2,N, ,3,N, , , , ,153035, , , ,2,1,0,0,0,0,1,0,0,0,0,2,2,0,0,0,0,0,0,0,0,0,0,0,0,0,0,0,0,0,0,0,0,0,0,4,0,40.0132,-75.2065, , 
 ,11421,2016032086,6,67,67301,2016,3,4,38,0,3,1,0,4,1, , ,N,1,2,0,3,0,1,2,3,N,N,39 57:29.691,75 13:23.712,39, ,39,3,2,3,N, ,3,Y, , , , ,153068, , , ,3,0,0,0,0,0,2,1,0,0,0,0,1,1,1,0,0,0,0,0,1,0,0,1,0,0,0,0,0,0,0,0,0,0,0,8,0,39.9582,-75.2232, , 
 ,11422,2016033830,6,46,46108,2016,3,5,1225,12,1,1,0,4,1, , ,N,1,2,0,3,0,0,2,2,N, ,40 05:34.368,75 13:24.847,1238, ,1230, ,0, , , ,3, , , , , ,153069, , , ,2,1,0,0,1,0,0,0,0,0,0,0,0,0,0,0,0,0,0,0,0,0,0,0,0,0,0,0,0,0,0,0,0,0,0,0,0,40.0929,-75.2236, , 
 ,11423,2016039724,6,67,67301,2016,3,3,1558,15,1,1,0,4,1, , ,N,1,2,0,3,0,1,2,2,N,N,39 59:39.085,75 06:28.154,1606, ,1601, ,0, ,N, ,3, , , , , ,153074, , , ,2,0,0,0,0,0,1,0,0,0,0,1,1,0,0,0,0,0,0,0,0,0,0,1,0,0,0,0,0,0,0,0,0,0,0,4,0,39.9942,-75.1078, , 
 ,11424,2016052406,6,67,67301,2016,4,5,1655,16,1,2,1,4,1, , ,N,2,3,0,3,0,4,5,2,N, ,39 58:58.072,75 12:22.561,1655, ,1643,3,1,4, , ,3,Y, , , , ,153086, , , ,2,2,0,0,0,0,0,0,0,0,4,0,4,0,0,0,0,0,0,0,0,0,0,0,0,0,0,0,0,0,0,0,0,0,0,3,0,39.9828,-75.2063, , 