wz_ln_closure,objectid_1,crn,district,county,municipality,crash_year,crash_month,day_of_week,time_of_day,hour_of_day,illumination,weather,road_condition,collision_type,relation_to_road,work_zone_type,work_zone_loc,work_zone_ind,intersect_type,tcd_type,location_type,urban_rural,fatal_count,injury_count,person_count,total_units,sch_bus_ind,sch_zone_ind,latitude,longitude,arrival_tm,cons_zone_spd_lim,dispatch_tm,est_hrs_closed,lane_closed,ln_close_dir,ntfy_hiwy_maint,spec_juris_cd,tcd_func_cd,tfc_detour_ind,workers_pres,wz_close_detour,wz_flagger,wz_law_offcr_ind,objectid,wz_moving,wz_other,wz_shlder_mdn,vehicle_count,automobile_count,motorcycle_count,bus_count,small_truck_count,heavy_truck_count,suv_count,van_count,bicycle_count,maj_inj_count,mod_inj_count,min_inj_count,tot_inj_count,unk_inj_deg_count,unk_inj_per_count,driver_count_16yr,driver_count_17yr,driver_count_18yr,driver_count_19yr,driver_count_20yr,driver_count_50_64yr,driver_count_65_74yr,driver_count_75plus,unbelted_occ_count,unb_death_count,unb_maj_inj_count,belted_death_count,belted_maj_inj_count,mcycle_death_count,mcycle_maj_inj_count,bicycle_death_count,bicycle_maj_inj_count,ped_count,ped_death_count,ped_maj_inj_count,max_severity_level,comm_veh_count,dec_lat,dec_long,rdwy_surf_type_cd,county_name
 ,11425,2016040929,6,67,67301,2016,4,7,1120,11,1,4,1,4,1, , ,N,2,3,0,3,0,1,3,2,N, ,40 05:15.316,75 04:26.446,1125, ,1120, ,0, , , ,3, , , , , ,150141, , , ,2,2,0,0,0,0,0,0,0,0,0,1,1,0,0,0,0,0,0,0,2,0,0,0,0,0,0,0,0,0,0,0,0,0,0,4,0,40.0876,-75.074, , 
 ,11426,2016042485,6,67,67301,2016,4,6,1540,15,1,1,0,1,1, , ,N,0,0,0,3,0,0,4,3,N,N,39 58:36.511,75 06:49.998,1601, ,1543,2,1,2, , ,0,N, , , , ,150145, , , ,3,3,0,0,0,0,0,0,0,0,0,0,0,0,0,0,0,0,0,0,1,0,0,0,0,0,0,0,0,0,0,0,0,0,0,0,0,39.9768,-75.1139, , 
 ,11427,2016044587,6,67,67301,2016,4,6,1210,12,1,2,1,4,1, , ,N,1,2,0,3,0,1,3,2,N,N,40 00:49.975,75 07:33.617,1211, ,1211, ,0, , , ,3, , , , , ,150146, , , ,2,1,0,0,0,1,0,0,0,0,0,1,1,0,0,0,0,0,0,0,0,0,0,0,0,0,0,0,0,0,0,0,0,0,0,4,0,40.0139,-75.126, , 
Y,11428,2016011634,6,67,67301,2016,1,1,1901,19,3,1,1,7,4,1,4,Y,0,0,0,3,0,0,1,1,N,N,40 01:43.578,75 01:22.066,1914,45,1904,2,1,1, , ,0,N,N,N,N,N,150158,N,N,Y,1,1,0,0,0,0,0,0,0,0,0,0,0,0,0,0,0,0,0,1,0,0,0,0,0,0,0,0,0,0,0,0,0,0,0,0,0,40.0288,-75.0228, , 
 ,11429,2016030706,6,67,67301,2016,3,1,753,7,1,1,0,4,1, , ,N,1,3,0,3,0,2,2,2,N, ,40 01:13.458,75 08:24.453,757, ,755, ,0, , , ,3, , , , , ,150169, , , ,2,1,0,0,0,0,1,0,0,0,0,2,2,0,0,0,0,0,0,0,1,0,0,0,0,0,0,0,0,0,0,0,0,0,0,4,0,40.0204,-75.1401, , 
 ,11430,2016054168,6,67,67301,2016,5,1,400,4,3,2,1,2,6, , ,N,0,0,0,3,0,0,1,3,N, ,39 59:04.731,75 05:57.735,405, ,400,9,1,3, , ,0,N, , , , ,150182, , , ,3,1,0,0,1,0,0,1,0,0,0,0,0,0,1,0,0,0,0,0,0,0,0,0,0,0,0,0,0,0,0,0,0,0,0,9,0,39.9846,-75.0994, , 
 ,11431,2016058658,6,67,67301,2016,5,7,2115,21,3,2,1,7,4, , ,N,0,0,0,3,0,1,2,1,N,N,39 58:23.679,75 12:41.918,2118, ,2118, ,0, , , ,0, , , , , ,150184, , , ,1,1,0,0,0,0,0,0,0,0,0,1,1,0,0,0,0,0,0,0,1,0,0,0,0,0,0,0,0,0,0,0,0,0,0,4,0,39.9732,-75.2116, , 
 ,11432,2016068687,6,67,67301,2016,6,7,845,8,1,1,0,4,1, , ,N,1,2,0,3,0,4,4,2,N,N,39 53:50.903,75 15:08.533,905, ,858, ,0, ,N, ,3, , , , , ,150191, , , ,2,2,0,0,0,0,0,0,0,0,4,0,4,0,0,0,0,0,0,0,1,0,0,0,0,0,0,0,0,0,0,0,0,0,0,3,0,39.8974,-75.2522, , 
 ,11433,2016007865,6,67,67301,2016,1,3,2259,22,3,1,0,5,1, , ,N,0,0,0,3,0,2,2,2,N,N,39 57:55.128,75 11:09.305,2310, ,2305,1,2,3, , ,0,N, , , , ,150201, , , ,2,1,0,0,0,0,1,0,0,0,0,0,2,2,0,0,0,0,0,0,0,0,0,0,0,0,0,0,0,0,0,0,0,0,0,8,0,39.9653,-75.1859, , 
 ,11434,2016010961,6,67,67301,2016,1,7,1255,12,1,4,3,9,5, , ,N,0,0,0,3,0,0,4,1,N,N,39 57:26.617,75 08:49.702,1300, ,1255,1,1,3, , ,0,N, , , , ,150202, , , ,1,0,0,0,0,0,1,0,0,0,0,0,0,0,0,0,0,0,0,0,0,0,0,1,0,0,0,0,0,0,0,0,0,0,0,0,0,39.9574,-75.1471, , 
 ,11435,2016014060,6,67,67301,2016,1,5,257,2,3,1,0,5,6, , ,N,0,0,0,3,0,0,1,5,N,N,40 01:22.693,75 12:39.495,259, ,258, ,0, ,N, ,0, , , , , ,150205, , , ,5,1,0,0,2,0,2,0,0,0,0,0,0,0,1,0,0,0,0,0,0,0,0,0,0,0,0,0,0,0,0,0,0,0,0,9,0,40.023,-75.211, , 
 ,11436,2016022048,6,46,46102,2016,2,2,1510,15,1,1,0,4,1, , ,N,1,2,0,3,0,1,2,2,N, ,40 04:30.988,75 09:37.550,1625, ,1513, ,0, , , ,3, , , , , ,150210, , , ,2,1,0,0,0,0,1,0,0,0,0,1,1,0,0,0,0,0,0,0,0,0,0,0,0,0,0,0,0,0,0,0,0,0,0,4,0,40.0753,-75.1604, , 
 ,11437,2016028323,6,67,67301,2016,2,4,837,8,1,1,0,1,1, , ,N,0,0,0,3,0,0,3,3,N,N,40 00:30.450,75 11:27.227,840, ,837,1,1,2,N, ,0,N, , , , ,150215, , , ,3,1,0,0,0,0,2,0,0,0,0,0,0,0,3,0,0,0,0,0,0,0,0,0,0,0,0,0,0,0,0,0,0,0,0,9,0,40.0085,-75.1909, , 
 ,11438,2016029871,6,67,67301,2016,3,3,1650,16,1,1,0,8,1, , ,N,0,0,0,3,0,1,2,2,N,N,40 06:45.196,74 59:13.323,1650, ,1650,1,1,6,N, ,0,N, , , , ,150217, , , ,1,1,0,0,0,0,0,0,0,0,0,0,1,1,0,0,0,0,0,1,0,0,0,0,0,0,0,0,0,0,0,0,1,0,0,8,0,40.1126,-74.987, , 
 ,11439,2016028316,6,67,67301,2016,2,4,1240,12,1,1,0,4,1, , ,N,0,0,7,3,0,2,3,2,N, ,40 04:39.223,75 01:26.653,1256, ,1240, ,0, , , ,0, , , , , ,150274, , , ,2,1,0,0,1,0,0,0,0,0,0,2,2,0,0,0,0,0,0,0,0,1,1,0,0,0,0,0,0,0,0,0,0,0,0,4,0,40.0776,-75.0241, , 
 ,11440,2016032005,6,67,67301,2016,3,7,500,5,5,1,0,7,4, , ,N,0,0,0,3,0,2,2,1,N, ,40 01:01.484,75 08:50.092,840, ,835, ,0, , , ,0, , , , , ,150276, , , ,1,1,0,0,0,0,0,0,0,0,0,2,2,0,0,0,0,0,0,0,0,0,0,0,0,0,0,0,0,0,0,0,0,0,0,4,0,40.0171,-75.1472, , 
 ,11441,2016040988,6,67,67301,2016,3,4,555,5,1,1,0,4,1, , ,N,2,2,0,3,0,1,3,2,N, ,40 03:35.273,75 00:33.035,604, ,601, ,0, , , ,3, , , , , ,150288, , , ,2,1,0,0,0,0,1,0,0,0,0,1,1,0,1,0,0,0,0,0,0,0,0,0,0,0,0,0,0,0,0,0,0,0,0,4,0,40.0598,-75.0092, , 
 ,11442,2016043743,6,67,67301,2016,3,1,412,4,3,1,0,0,1, , ,N,0,0,0,3,0,0,1,1,N,N,39 58:23.146,75 07:15.414,426, ,413,2,2,2, , ,0,N, , , , ,150290, , , ,1,0,0,0,0,0,0,1,0,0,0,0,0,0,0,0,0,0,0,0,0,0,0,0,0,0,0,0,0,0,0,0,0,0,0,0,0,39.9731,-75.1209, , 
 ,11443,2016044576,6,67,67301,2016,4,6,2330,23,2,1,0,1,1, , ,N,6,0,2,3,0,0,2,2,N,N,40 00:35.625,75 11:10.707,36, ,34,2,1,1,N, ,0,N, , , , ,150291, , , ,2,2,0,0,0,0,0,0,0,0,0,0,0,0,0,0,0,0,0,0,0,0,0,0,0,0,0,0,0,0,0,0,0,0,0,0,0,40.0096,-75.1873, , 
 ,11444,2016052236,6,67,67301,2016,2,3,800,8,1,1,0,1,1, , ,N,1,3,0,3,0,3,4,2,N,N,40 01:26.904,75 05:09.545,0, ,0, ,0, ,N, ,3, , , , , ,144076, , , ,2,0,0,0,0,0,0,0,0,0,0,0,3,3,0,0,0,0,0,0,0,0,0,0,0,0,0,0,0,0,0,0,0,0,0,8,0,40.0241,-75.086, , 
 ,11445,2016010959,6,67,67301,2016,1,6,732,7,1,1,0,1,1, , ,N,0,0,0,3,0,0,2,2,N,N,40 01:54.854,75 01:15.831,738, ,735,1,2,1, , ,0,N, , , , ,144088, , , ,2,1,0,0,0,0,0,1,0,0,0,0,0,0,0,0,0,0,1,0,0,0,0,0,0,0,0,0,0,0,0,0,0,0,0,0,0,40.0319,-75.0211, , 
 ,11446,2016011516,6,67,67301,2016,1,7,1235,12,1,1,0,1,1, , ,N,0,0,0,3,0,1,3,2,N,N,40 00:14.171,75 13:14.468,1235, ,1235, ,0, ,N, ,0, , , , , ,144090, , , ,2,2,0,0,0,0,0,0,0,0,0,0,1,1,0,0,0,0,0,0,0,0,0,0,0,0,0,0,0,0,0,0,0,0,0,8,0,40.0039,-75.2207, , 
 ,11447,2016019212,6,67,67301,2016,1,5,1254,12,1,1,0,1,1, , ,N,0,0,0,3,0,2,5,4,N,N,39 59:04.969,75 05:41.972,1310, ,1256,1,1,1, , ,0,N, , , , ,144095, , , ,4,3,0,0,1,0,0,0,0,0,2,0,2,0,0,0,0,0,0,0,1,0,0,0,0,0,0,0,0,0,0,0,0,0,0,3,0,39.9847,-75.095, , 
 ,11448,2016033906,6,67,67301,2016,3,2,1605,16,1,2,1,2,1, , ,N,0,0,0,3,0,0,3,2,N, ,40 03:23.675,75 12:00.752,1635, ,1635,2,2,6, , ,0,Y, , , , ,144105, , , ,2,1,0,0,0,0,1,0,0,0,0,0,0,0,0,0,0,0,0,0,0,1,0,0,0,0,0,0,0,0,0,0,0,0,0,0,0,40.0566,-75.2002, , 
 ,11449,2016046079,6,67,67301,2016,4,3,1546,15,1,1,0,4,1, , ,N,1,2,0,3,0,1,5,2,N,N,40 02:54.566,75 05:37.204,1549, ,1547, ,0, ,N, ,3, , , , , ,144113, , , ,2,2,0,0,0,0,0,0,0,0,0,0,1,1,0,0,0,0,0,0,0,0,0,0,0,0,0,0,0,0,0,0,0,0,0,8,0,40.0485,-75.0937, , 
 ,11450,2016048644,6,67,67301,2016,4,6,854,8,1,1,0,8,1, , ,N,0,0,0,3,0,1,2,2,N,N,40 01:42.027,75 08:41.614,905, ,900,1,2,1,N, ,0,N, , , , ,144114, , , ,1,1,0,0,0,0,0,0,0,0,0,1,1,0,0,0,0,0,0,0,0,0,0,0,0,0,0,0,0,0,0,0,1,0,0,4,0,40.0283,-75.1449, , 
 ,11451,2016007857,6,67,67301,2016,1,2,830,8,1,1,0,1,1, , ,N,0,0,0,3,0,0,3,3,N,N,40 01:53.948,75 01:17.352,830, ,830,2,2,2, , ,0,N, , , , ,144130, , , ,3,2,0,0,0,0,1,0,0,0,0,0,0,0,0,0,0,0,0,0,0,1,0,0,0,0,0,0,0,0,0,0,0,0,0,0,0,40.0317,-75.0215, , 
 ,11452,2016025369,6,67,67301,2016,3,3,941,9,1,1,0,5,1, , ,N,0,0,0,3,0,1,2,2,N,N,40 00:33.369,75 12:17.629,1029, ,952, ,0, , , ,0, , , , , ,144141, , , ,2,1,0,0,0,0,0,0,0,0,0,0,1,1,1,0,0,0,0,0,0,1,0,0,0,0,0,0,0,0,0,0,0,0,0,8,0,40.0093,-75.2049, , 
 ,11453,2016030700,6,67,67301,2016,3,1,215,2,3,1,0,1,6, , ,N,0,0,0,3,0,1,1,2,N,N,40 04:02.122,75 00:43.498,300, ,250, ,0, ,N, ,0, , , , , ,144144, , , ,2,2,0,0,0,0,0,0,0,0,0,1,1,0,0,0,0,0,0,1,0,0,0,0,0,0,0,0,0,0,0,0,0,0,0,4,0,40.0673,-75.0121, , 
 ,11454,2016033504,6,67,67301,2016,3,2,2129,21,3,1,0,1,1, , ,N,0,0,0,3,0,0,4,2,N,N,39 58:07.610,75 11:29.148,2138, ,2130,1,1,4, , ,0,N, , , , ,144146, , , ,2,1,0,0,0,0,1,0,0,0,0,0,0,0,0,0,0,0,0,0,1,0,0,0,0,0,0,0,0,0,0,0,0,0,0,0,0,39.9688,-75.1914, , 
 ,11455,2016033800,6,67,67301,2016,3,3,800,8,1,1,0,8,1, , ,N,0,0,0,3,0,1,2,2,N, ,40 02:10.713,75 04:11.415,810, ,800, ,0, , , ,0, , , , , ,144147, , , ,1,1,0,0,0,0,0,0,0,0,1,0,1,0,0,0,0,0,0,0,0,0,0,0,0,0,0,0,0,0,0,0,1,0,0,3,0,40.0363,-75.0698, , 
 ,11456,2016033929,6,67,67301,2016,3,5,2115,21,3,1,0,6,1, , ,N,0,0,0,3,0,1,5,3,N,N,39 58:33.534,75 10:33.695,2135, ,2134,2,2,7,N, ,0,Y, , , , ,144148, , , ,3,3,0,0,0,0,0,0,0,0,0,1,1,0,2,0,0,0,0,0,0,0,0,0,0,0,0,0,0,0,0,0,0,0,0,4,0,39.976,-75.176, , 
 ,11457,2016035364,6,67,67301,2016,3,7,9999,99,6,1,0,4,1, , ,N,1,3,0,3,0,1,2,2,N,N,39 56:07.202,75 09:54.385,0, ,9999, ,0, ,N, ,3, , , , , ,144152, , , ,1,1,0,0,0,0,0,0,1,0,1,0,1,0,1,0,0,0,0,0,0,0,0,0,0,0,0,0,0,0,0,0,0,0,0,3,0,39.9353,-75.1651, , 
 ,11458,2016041441,6,67,67301,2016,4,3,1315,13,1,1,0,5,1, , ,N,2,2,0,3,0,2,4,2,N,N,40 02:12.019,75 10:25.841,1340, ,1333, ,0, ,N, ,3, , , , , ,144157, , , ,2,1,0,1,0,0,0,0,0,0,0,2,2,0,0,0,0,0,0,0,1,0,0,1,0,0,0,0,0,0,0,0,0,0,0,4,1,40.0367,-75.1738, , 
 ,11459,2016008575,6,67,67301,2016,1,1,110,1,3,1,0,1,1, , ,N,1,0,0,3,0,3,4,4,N,N,40 00:40.035,75 06:17.351,115, ,113,3,2,7,N, ,0,Y, , , , ,144178, , , ,4,1,0,0,1,0,1,1,0,0,0,0,3,3,0,0,1,0,0,0,0,0,0,1,0,0,0,0,0,0,0,0,0,0,0,8,0,40.0111,-75.1048, , 
 ,11460,2016013757,6,67,67301,2016,1,1,1510,15,1,4,1,7,5, , ,N,0,0,0,3,0,0,1,1,N,N,40 06:17.218,75 03:33.548,1520, ,1513, ,0, ,N, ,0, , , , , ,144186, , , ,1,1,0,0,0,0,0,0,0,0,0,0,0,0,0,0,0,0,0,0,0,0,0,0,0,0,0,0,0,0,0,0,0,0,0,0,0,40.1048,-75.0593, , 
 ,11461,2016013780,6,67,67301,2016,1,1,1504,15,1,1,0,4,1, , ,N,1,2,0,3,0,0,3,3,N,N,40 03:28.059,75 00:31.473,1513, ,1507,2,2,5,N, ,3,N, , , , ,144187, , , ,3,3,0,0,0,0,0,0,0,0,0,0,0,0,0,0,0,0,0,0,1,0,0,0,0,0,0,0,0,0,0,0,0,0,0,0,0,40.0578,-75.0087, , 
 ,11462,2016048192,6,67,67301,2016,4,6,600,6,1,1,0,5,1, , ,N,1,0,0,3,0,1,4,3,N, ,39 59:36.071,75 05:49.104,630, ,615, ,0, , , ,0, , , , , ,147011, , , ,3,0,0,0,1,0,2,0,0,0,0,0,1,1,0,0,0,0,0,0,0,0,0,3,0,0,0,0,0,0,0,0,0,0,0,8,0,39.9934,-75.097, , 
 ,11463,2016048654,6,67,67301,2016,4,1,2115,21,3,1,0,1,1, , ,N,1,0,0,3,0,1,3,2,N,N,39 59:09.141,75 07:16.122,2119, ,2115, ,0, , , ,0, , , , , ,147013, , , ,2,1,1,0,0,0,0,0,0,0,0,1,1,0,0,0,0,0,0,0,1,0,0,0,0,0,0,0,0,0,0,0,0,0,0,4,0,39.9858,-75.1212, , 
 ,11464,2016008578,6,67,67301,2016,1,3,30,0,3,1,0,4,1, , ,N,1,2,0,3,0,0,3,2,N, ,40 00:46.713,75 07:09.797,30, ,30,1,1,7, , ,3,N, , , , ,147024, , , ,2,1,0,0,1,0,0,0,0,0,0,0,0,0,0,0,0,0,0,0,0,0,0,0,0,0,0,0,0,0,0,0,0,0,0,0,0,40.013,-75.1194, , 
 ,11465,2016014021,6,67,67301,2016,1,4,759,7,1,1,0,8,1, , ,N,2,3,0,3,0,1,2,2,N,Y,40 01:52.137,75 02:09.802,808, ,804, ,0, ,N, ,3, , , , , ,147028, , , ,1,1,0,0,0,0,0,0,0,0,0,1,1,0,1,0,0,0,0,0,0,0,0,0,0,0,0,0,0,0,0,0,1,0,0,4,0,40.0311,-75.0361, , 
 ,11466,2016019857,6,67,67301,2016,1,7,725,7,1,1,1,5,6, , ,N,0,0,0,3,0,1,1,2,N,N,39 57:26.913,75 13:46.721,740, ,726, ,0, ,N, ,0, , , , , ,147034, , , ,2,0,0,0,0,0,0,2,0,0,0,1,1,0,0,0,0,0,0,1,0,0,0,0,0,0,0,0,0,0,0,0,0,0,0,4,0,39.9575,-75.2296, , 
 ,11467,2016048603,6,67,67301,2016,4,2,715,7,1,1,0,4,1, , ,N,2,0,0,3,0,1,2,2,N, ,40 02:23.323,75 07:29.132,730, ,715, ,0, , , ,0, , , , , ,147062, , , ,1,1,0,0,0,0,0,0,1,0,0,1,1,0,0,0,0,0,0,0,0,0,0,0,0,0,0,0,0,0,0,0,0,0,0,4,0,40.0398,-75.1248, , 
 ,11468,2016027566,6,67,67301,2016,2,1,329,3,3,1,0,4,1, , ,N,1,2,0,3,0,1,2,2,N,N,39 59:50.885,75 07:16.672,330, ,330, ,0, ,N, ,3, , , , , ,147087, , , ,2,0,0,0,2,0,0,0,0,0,0,0,1,1,0,0,0,0,0,0,0,0,0,2,0,0,0,0,0,0,0,0,0,0,0,8,0,39.9975,-75.1213, , 
 ,11469,2016038192,6,67,67301,2016,3,5,2348,23,3,9,0,4,1, , ,N,0,0,0,3,0,1,2,2,N,N,40 01:15.082,75 07:06.668,2348, ,2348, ,0, , , ,0, , , , , ,147096, , , ,2,1,0,0,0,0,0,0,0,0,0,1,1,0,0,0,0,1,0,0,0,0,0,0,0,0,0,0,0,0,0,0,0,0,0,4,0,40.0209,-75.1185, , 
 ,11470,2016046107,6,67,67301,2016,4,1,354,3,3,1,0,4,1, , ,N,5,2,2,3,0,1,3,2,N, ,39 57:16.308,75 08:58.375,400, ,355, ,0, , , ,3, , , , , ,147105, , , ,2,2,0,0,0,0,0,0,0,0,0,1,1,0,0,0,0,0,1,0,0,0,0,0,0,0,0,0,0,0,0,0,0,0,0,4,0,39.9547,-75.1495, , 
 ,11471,2016046993,6,67,67301,2016,4,6,13,0,3,1,0,4,1, , ,N,1,2,0,3,0,2,3,2,N,N,39 58:23.617,75 11:01.532,15, ,15, ,0, ,N, ,3, , , , , ,147106, , , ,2,2,0,0,0,0,0,0,0,0,0,2,2,0,0,0,0,0,0,0,0,0,0,0,0,0,0,0,0,0,0,0,0,0,0,4,0,39.9732,-75.1838, , 
 ,11472,2016029798,6,67,67301,2016,3,4,1225,12,1,1,0,4,1, , ,N,2,0,0,3,0,2,3,2,N,N,39 56:09.391,75 13:24.538,1228, ,1226, ,0, , , ,0, , , , , ,147141, , , ,2,2,0,0,0,0,0,0,0,0,1,1,2,0,0,0,0,0,0,0,0,0,0,0,0,0,0,0,0,0,0,0,0,0,0,3,0,39.9359,-75.2235, , 
 ,11473,2016032880,6,46,46102,2016,3,2,2107,21,3,1,0,1,2, , ,N,0,0,0,3,0,0,2,3,N,N,40 03:50.641,75 05:17.788,2109, ,2107,2,2,3,N, ,0,Y, , , , ,147146, , , ,3,1,0,0,1,0,1,0,0,0,0,0,0,0,0,0,0,0,0,1,0,0,0,0,0,0,0,0,0,0,0,0,0,0,0,0,0,40.0641,-75.0883, , 
 ,11474,2016033785,6,67,67301,2016,3,4,711,7,1,4,0,4,1, , ,N,1,3,0,3,0,1,2,2,N, ,40 02:24.212,75 11:38.025,720, ,716, ,0, , , ,3, , , , , ,147149, , , ,1,1,0,0,0,0,0,0,1,0,0,1,1,0,0,0,0,0,0,0,1,0,0,1,0,0,0,0,0,0,0,0,0,0,0,4,0,40.0401,-75.1939, , 
 ,11475,2016041011,6,67,67301,2016,4,7,1850,18,3,1,0,8,1, , ,N,0,0,0,3,0,1,2,2,N,N,39 57:00.253,75 09:27.347,1944, ,1938, ,0, ,N, ,0, , , , , ,147151, , , ,1,1,0,0,0,0,0,0,0,0,0,0,1,1,0,0,0,0,0,0,0,0,0,0,0,0,0,0,0,0,0,0,1,0,0,8,0,39.9501,-75.1576, , 
 ,11476,2016016610,6,67,67301,2016,1,7,920,9,1,1,0,4,1, , ,N,1,2,0,3,0,1,2,2,N,N,40 03:28.841,75 08:20.620,945, ,923, ,0, , , ,3, , , , , ,147167, , , ,2,1,0,0,0,0,0,0,0,0,0,1,1,0,0,0,0,0,0,0,0,0,0,0,0,0,0,0,0,0,0,0,0,0,0,4,0,40.0581,-75.139, , 
 ,11477,2016026109,6,67,67301,2016,2,7,5,0,3,1,0,1,1, , ,N,1,2,0,3,0,1,3,2,N, ,40 01:30.022,75 07:32.536,15, ,12,1,1,1, , ,3,N, , , , ,147177, , , ,2,1,0,0,0,0,0,1,0,0,0,1,1,0,0,0,0,0,0,0,1,0,0,0,0,0,0,0,0,0,0,0,0,0,0,4,0,40.0252,-75.1254, , 
 ,11478,2016028821,6,67,67301,2016,3,5,1539,15,1,1,0,1,1, , ,N,0,0,0,3,0,0,6,2,N,N,39 58:37.754,75 11:56.672,1553, ,1541, ,0, , , ,0, , , , , ,147180, , , ,2,1,0,0,0,0,1,0,0,0,0,0,0,0,0,0,0,0,0,0,0,1,0,0,0,0,0,0,0,0,0,0,0,0,0,0,0,39.9772,-75.1991, , 
 ,11479,2016029934,6,67,67301,2016,3,2,445,4,3,1,0,7,4, , ,N,0,0,0,3,0,1,1,1,N,N,39 58:09.142,75 09:16.348,510, ,450,9,2,1,N, ,0,N, , , , ,147182, , , ,1,1,0,0,0,0,0,0,0,0,0,1,1,0,0,0,0,0,0,0,0,0,0,0,0,0,0,0,0,0,0,0,0,0,0,4,0,39.9692,-75.1545, , 
 ,11480,2016038193,6,67,67301,2016,3,1,207,2,3,1,0,4,1, , ,N,1,3,0,3,0,0,5,2,N,N,39 56:59.866,75 09:46.799,230, ,230, ,0, , , ,3, , , , , ,147187, , , ,2,2,0,0,0,0,0,0,0,0,0,0,0,0,0,0,0,0,0,0,0,0,0,2,0,0,0,0,0,0,0,0,0,0,0,0,0,39.95,-75.163, , 
 ,11481,2016033122,6,67,67301,2016,3,3,1523,15,1,1,0,5,6, , ,N,0,0,0,3,0,1,2,4,N,N,40 02:28.063,75 04:49.250,1709, ,1654, ,0, ,N, ,0, , , , , ,153104, , , ,4,1,0,0,1,0,1,1,0,0,1,0,1,0,0,0,0,0,1,0,0,0,0,0,0,0,0,0,0,0,0,0,0,0,0,3,0,40.0411,-75.0803, , 
 ,11482,2016047773,6,67,67301,2016,4,2,1050,10,1,1,0,0,1, , ,N,0,0,0,3,0,0,2,1,N,N,40 03:12.678,75 12:11.862,1125, ,1117, ,0, ,N, ,0, , , , , ,153114, , , ,1,1,0,0,0,0,0,0,0,0,0,0,0,0,0,0,0,0,0,0,1,0,0,0,0,0,0,0,0,0,0,0,0,0,0,0,0,40.0535,-75.2033, , 
 ,11483,2016053824,6,67,67301,2016,5,7,1745,17,1,1,0,4,1, , ,N,1,3,0,3,0,0,3,2,N,N,40 04:03.774,75 10:01.059,1810, ,1754, ,0, ,N, ,3, , , , , ,153123, , , ,2,2,0,0,0,0,0,0,0,0,0,0,0,0,1,0,0,0,0,0,0,1,0,0,0,0,0,0,0,0,0,0,0,0,0,9,0,40.0677,-75.167, , 
 ,11484,2016074379,6,67,67301,2016,7,5,1739,17,1,1,0,1,1, , ,N,6,8,2,3,0,4,6,3,N,N,39 56:44.167,75 11:25.033,1800, ,1739,1,2,3, , ,3,N, , , , ,153135, , , ,3,3,0,0,0,0,0,0,0,0,0,4,4,0,0,0,0,0,0,0,0,0,1,0,0,0,0,0,0,0,0,0,0,0,0,4,0,39.9456,-75.1903, , 
 ,11485,2016007557,6,67,67301,2016,1,6,1440,14,1,1,0,4,1, , ,N,2,1,2,3,0,2,2,2,N,N,39 58:29.370,75 11:54.251,1449, ,1442, ,0, , , ,3, , , , , ,153142, , , ,2,1,0,0,0,0,1,0,0,0,0,0,2,2,0,0,0,0,0,0,0,0,0,0,0,0,0,0,0,0,0,0,0,0,0,8,0,39.9747,-75.1983, , 
 ,11486,2016032030,6,67,67301,2016,2,2,928,9,1,2,1,1,1, , ,N,0,0,0,3,0,1,3,2,N,N,40 00:20.364,75 06:05.479,944, ,928, ,0, ,N, ,0, , , , , ,153159, , , ,2,0,0,0,0,1,1,0,0,0,0,0,1,1,0,0,0,0,0,0,1,0,0,2,0,0,0,0,0,0,0,0,0,0,0,8,1,40.0057,-75.1015, , 
 ,11487,2016032041,6,67,67301,2016,3,7,1210,12,1,1,0,8,1, , ,N,1,3,0,3,0,1,2,2,N, ,40 03:44.816,75 02:49.588,1220, ,1210, ,0, , , ,3, , , , , ,153160, , , ,1,1,0,0,0,0,0,0,0,0,1,0,1,0,0,0,0,0,0,0,0,0,0,1,0,0,0,0,0,0,0,0,1,0,0,3,0,40.0624,-75.0471, , 
 ,11488,2016044550,6,67,67301,2016,4,1,1824,18,4,1,0,5,1, , ,N,1,2,0,3,0,1,2,2,N, ,39 56:22.855,75 13:22.544,1826, ,1824, ,0, , , ,3, , , , , ,153170, , , ,1,0,0,0,0,0,0,0,1,0,0,1,1,0,0,0,0,0,0,0,0,0,0,0,0,0,0,0,0,0,0,0,0,0,0,4,0,39.9397,-75.2229, , 
 ,11489,2016052232,6,67,67301,2016,2,7,1730,17,1,1,0,1,1, , ,N,1,2,0,3,0,1,3,2, , ,39 59:37.726,75 07:05.858,0, ,0, ,0, , , ,3, , , , , ,153176, , , ,2,2,0,0,0,0,0,0,0,0,1,0,1,0,0,0,0,0,0,0,0,0,0,0,0,0,0,0,0,0,0,0,0,0,0,3,0,39.9938,-75.1183, , 
 ,11490,2016054196,6,67,67301,2016,5,3,2220,22,3,2,1,5,1, , ,N,5,0,0,3,0,0,3,2,N, ,40 01:38.028,75 06:51.904,2240, ,2220,2,1,2, , ,0,N, , , , ,153177, , , ,2,1,0,0,0,0,1,0,0,0,0,0,0,0,0,0,0,0,0,0,0,0,0,0,0,0,0,0,0,0,0,0,0,0,0,0,0,40.0272,-75.1144, , 
 ,11491,2016062533,6,67,67301,2016,5,2,340,3,3,2,1,7,3, , ,N,0,0,0,3,0,4,4,1,N, ,40 00:36.218,75 11:08.947,355, ,340,1,2,1, , ,0,N, , , , ,153183, , , ,1,1,0,0,0,0,0,0,0,0,0,4,4,0,0,0,0,0,0,1,0,0,0,0,0,0,0,0,0,0,0,0,0,0,0,4,0,40.0101,-75.1858, , 