wz_ln_closure,objectid_1,crn,district,county,municipality,crash_year,crash_month,day_of_week,time_of_day,hour_of_day,illumination,weather,road_condition,collision_type,relation_to_road,work_zone_type,work_zone_loc,work_zone_ind,intersect_type,tcd_type,location_type,urban_rural,fatal_count,injury_count,person_count,total_units,sch_bus_ind,sch_zone_ind,latitude,longitude,arrival_tm,cons_zone_spd_lim,dispatch_tm,est_hrs_closed,lane_closed,ln_close_dir,ntfy_hiwy_maint,spec_juris_cd,tcd_func_cd,tfc_detour_ind,workers_pres,wz_close_detour,wz_flagger,wz_law_offcr_ind,objectid,wz_moving,wz_other,wz_shlder_mdn,vehicle_count,automobile_count,motorcycle_count,bus_count,small_truck_count,heavy_truck_count,suv_count,van_count,bicycle_count,maj_inj_count,mod_inj_count,min_inj_count,tot_inj_count,unk_inj_deg_count,unk_inj_per_count,driver_count_16yr,driver_count_17yr,driver_count_18yr,driver_count_19yr,driver_count_20yr,driver_count_50_64yr,driver_count_65_74yr,driver_count_75plus,unbelted_occ_count,unb_death_count,unb_maj_inj_count,belted_death_count,belted_maj_inj_count,mcycle_death_count,mcycle_maj_inj_count,bicycle_death_count,bicycle_maj_inj_count,ped_count,ped_death_count,ped_maj_inj_count,max_severity_level,comm_veh_count,dec_lat,dec_long,rdwy_surf_type_cd,county_name
 ,11492,2016013926,6,67,67301,2016,1,1,230,2,3,2,1,4,1, , ,N,1,2,0,3,0,1,3,2,N, ,40 03:38.529,75 03:14.962,1845, ,1845, ,0, , , ,3, , , , , ,153194, , , ,2,0,0,0,0,0,0,1,0,0,0,1,1,0,0,0,0,0,0,0,0,0,0,0,0,0,0,0,0,0,0,0,0,0,0,4,0,40.0607,-75.0542, , 
 ,11493,2016032016,6,67,67301,2016,3,5,5,0,3,1,0,7,4, , ,N,0,0,0,3,0,1,1,1,N,N,39 58:23.444,75 10:58.191,9, ,7, ,0, ,N, ,0, , , , , ,153211, , , ,1,1,0,0,0,0,0,0,0,0,0,1,1,0,0,0,0,0,0,1,0,0,0,0,0,0,0,0,0,0,0,0,0,0,0,4,0,39.9732,-75.1828, , 
 ,11494,2016044598,6,67,67301,2016,4,5,1903,19,1,1,0,5,1, , ,N,1,2,0,3,0,1,3,2,N,N,39 57:13.719,75 09:59.863,1907, ,1904,9,1,1,N, ,3,N, , , , ,153222, , , ,2,1,0,0,0,1,0,0,0,0,0,1,1,0,0,0,0,0,0,0,0,0,0,0,0,0,0,0,0,0,0,0,0,0,0,4,1,39.9538,-75.1666, , 
 ,11495,2016048638,6,67,67301,2016,4,2,627,6,1,1,0,8,1, , ,N,1,2,0,3,0,1,2,2,N,N,40 00:32.006,75 11:38.251,643, ,628,2,1,2,N, ,3,Y, , , , ,153228, , , ,1,0,0,1,0,0,0,0,0,0,0,1,1,0,0,0,0,0,0,0,1,0,0,0,0,0,0,0,0,0,0,0,1,0,0,4,1,40.0089,-75.194, , 
 ,11496,2016058716,6,67,67301,2016,5,1,1321,13,1,1,0,1,1, , ,N,0,0,0,3,0,2,2,2,N,N,39 56:47.327,75 08:32.666,1339, ,1323, ,0, , , ,0, , , , , ,153231, , , ,2,2,0,0,0,0,0,0,0,0,2,0,2,0,0,0,0,0,0,0,0,0,1,0,0,0,0,0,0,0,0,0,0,0,0,3,0,39.9465,-75.1424, , 
 ,11497,2016033844,6,67,67301,2016,3,5,52,0,3,1,0,5,6, , ,N,0,0,0,3,0,1,2,3,N, ,39 58:25.054,75 12:29.766,110, ,102, ,0, , , ,0, , , , , ,153259, , , ,3,2,0,0,1,0,0,0,0,0,0,0,1,1,0,0,0,0,0,0,0,0,0,1,0,0,0,0,0,0,0,0,0,0,0,8,0,39.9736,-75.2083, , 
 ,11498,2016053823,6,67,67301,2016,5,4,1718,17,1,1,0,8,1, , ,N,1,2,0,3,0,1,2,2,N,N,39 55:19.114,75 09:03.895,1724, ,1722, ,0, ,N, ,3, , , , , ,153279, , , ,1,1,0,0,0,0,0,0,0,0,0,1,1,0,0,0,0,0,0,0,1,0,0,0,0,0,0,0,0,0,0,0,1,0,0,4,0,39.922,-75.1511, , 
 ,11499,2016013851,6,67,67301,2016,1,2,1125,11,1,1,0,5,1, , ,N,0,0,0,3,0,1,2,3,N, ,40 06:26.073,75 03:12.837,1130, ,1126, ,0, , , ,0, , , , , ,150305, , , ,3,0,0,0,0,0,2,1,0,0,0,0,1,1,0,0,0,0,0,0,1,1,0,0,0,0,0,0,0,0,0,0,0,0,0,8,0,40.1072,-75.0536, , 
 ,11500,2016014432,6,67,67301,2016,1,4,1010,10,1,1,0,5,1, , ,N,0,0,0,3,0,1,2,2,N,N,39 57:58.7,75 13:40.4,1020, ,1015, ,0, ,N, ,0, , , , , ,150306, , , ,2,1,0,0,1,0,0,0,0,0,0,1,1,0,0,0,0,0,0,0,0,0,0,0,0,0,0,0,0,0,0,0,0,0,0,4,1,39.9663,-75.2279, , 
 ,11501,2016021218,6,67,67301,2016,2,5,758,7,1,1,0,1,1, , ,N,0,8,0,3,0,2,4,4,N,N,39 56:45.253,75 08:32.136,813, ,758, ,0, , , ,3, , , , , ,150311, , , ,4,4,0,0,0,0,0,0,0,0,0,2,2,0,1,0,0,0,0,0,1,0,0,0,0,0,0,0,0,0,0,0,0,0,0,4,0,39.9459,-75.1423, , 
 ,11502,2016048633,6,67,67301,2016,4,2,924,9,1,1,0,4,1, , ,N,1,2,0,3,0,1,2,2,N,N,39 58:49.315,75 10:15.272,934, ,928,1,2,2,Y, ,3,Y, , , , ,150335, , , ,2,2,0,0,0,0,0,0,0,0,0,1,1,0,0,0,0,0,0,1,0,0,0,0,0,0,0,0,0,0,0,0,0,0,0,4,0,39.9804,-75.1709, , 
 ,11503,2016054149,6,67,67301,2016,4,5,1011,10,1,1,0,8,1, , ,N,1,2,0,3,0,2,3,3,N,N,40 02:18.460,75 02:10.757,1012, ,1012, ,0, ,N, ,3, , , , , ,150342, , , ,1,1,0,0,0,0,0,0,0,0,0,2,2,0,0,0,0,0,1,0,0,0,0,0,0,0,0,0,0,0,0,0,2,0,0,4,0,40.0384,-75.0362, , 
 ,11504,2016019844,6,67,67301,2016,2,5,1006,10,1,1,0,6,6, , ,N,0,0,0,3,0,1,1,2,N, ,40 00:05.796,75 07:00.706,1010, ,1007, ,0, , , ,0, , , , , ,150361, , , ,2,1,0,0,0,0,0,1,0,0,0,0,1,1,0,0,0,0,0,0,0,0,0,0,0,0,0,0,0,0,0,0,0,0,0,8,0,40.0016,-75.1169, , 
 ,11505,2016030710,6,67,67301,2016,3,1,320,3,3,1,0,6,6, , ,N,0,0,0,3,0,1,1,5,N,N,39 57:59.615,75 14:30.585,326, ,325, ,0, ,N, ,0, , , , , ,150369, , , ,5,4,0,0,0,0,1,0,0,0,0,1,1,0,0,0,0,0,0,0,0,0,0,0,0,0,0,0,0,0,0,0,0,0,0,4,0,39.9666,-75.2418, , 
 ,11506,2016034996,6,67,67301,2016,2,1,1135,11,1,2,1,4,1, , ,N,1,2,0,3,0,1,3,2,N,N,40 00:11.036,75 09:51.469,1145, ,1135,9,1,1,N, ,3,Y, , , , ,150371, , , ,2,0,0,0,0,0,2,0,0,0,0,0,1,1,0,0,0,0,0,0,0,0,0,2,0,0,0,0,0,0,0,0,0,0,0,8,0,40.0031,-75.1643, , 
 ,11507,2016041018,6,67,67301,2016,4,2,2000,20,3,1,0,4,1, , ,N,1,2,0,3,0,2,2,2,N,N,40 00:11.036,75 09:51.469,2008, ,2003, ,0, ,N, ,3, , , , , ,150381, , , ,2,2,0,0,0,0,0,0,0,0,0,0,2,2,0,0,0,0,0,0,0,0,0,0,0,0,0,0,0,0,0,0,0,0,0,8,0,40.0031,-75.1643, , 
 ,11508,2016011437,6,67,67301,2016,1,2,600,6,3,1,0,1,1, , ,N,0,0,0,3,0,1,2,2,N,N,40 02:32.444,75 00:12.744,621, ,605, ,0, , , ,0, , , , , ,150400, , , ,2,1,0,0,1,0,0,0,0,0,0,1,1,0,0,0,0,0,0,0,1,0,0,0,0,0,0,0,0,0,0,0,0,0,0,4,0,40.0423,-75.0035, , 
 ,11509,2016013817,6,67,67301,2016,1,2,845,8,1,1,0,4,1, , ,N,1,3,0,3,0,0,3,2,N,N,39 58:41.894,75 07:47.827,915, ,910, ,0, ,N, ,3, , , , , ,150404, , , ,2,2,0,0,0,0,0,0,0,0,0,0,0,0,0,0,0,0,0,0,0,0,0,0,0,0,0,0,0,0,0,0,0,0,0,0,0,39.9783,-75.13, , 
 ,11510,2016019892,6,67,67301,2016,2,2,2111,21,3,2,1,4,1, , ,N,0,0,0,3,0,0,2,2,N,N,40 02:55.947,75 03:42.823,2125, ,2115, ,0, , , ,0, , , , , ,150406, , , ,2,1,0,0,0,0,1,0,0,0,0,0,0,0,0,0,0,0,0,0,0,0,0,0,0,0,0,0,0,0,0,0,0,0,0,0,0,40.0489,-75.0619, , 
 ,11511,2016029869,6,67,67301,2016,2,5,2336,23,3,1,0,1,1, , ,N,1,2,0,3,0,1,2,2,N,N,40 00:34.091,75 09:10.460,2355, ,2352, ,0, ,N, ,2, , , , , ,150416, , , ,2,1,0,0,0,0,1,0,0,0,0,1,1,0,1,0,0,0,0,0,0,0,0,0,0,0,0,0,0,0,0,0,0,0,0,4,0,40.0095,-75.1528, , 
 ,11512,2016037373,6,67,67301,2016,3,7,2016,20,3,1,0,4,1, , ,N,1,0,0,3,0,1,4,2,N,N,40 00:33.125,75 04:55.638,2210, ,2206, ,0, ,N, ,0, , , , , ,150427, , , ,2,1,0,0,0,0,1,0,0,0,0,1,1,0,0,0,0,0,0,0,1,0,0,0,0,0,0,0,0,0,0,0,0,0,0,4,0,40.0092,-75.0821, , 
 ,11513,2016037777,6,67,67301,2016,3,4,9999,99,1,1,0,8,1, , ,N,0,0,0,3,0,2,3,3,N, ,39 57:36.875,75 13:35.494,1732, ,1731, ,0, , , ,0, , , , , ,150428, , , ,2,1,1,0,0,0,0,0,0,0,0,0,2,2,0,0,0,0,0,0,0,0,0,0,0,0,0,0,0,0,0,0,1,0,0,8,0,39.9602,-75.2265, , 
 ,11514,2016044602,6,67,67301,2016,4,7,1711,17,1,1,0,4,1, , ,N,1,3,0,3,0,2,2,2,N,N,39 59:05.614,75 09:47.123,1715, ,1712, ,0, ,N, ,3, , , , , ,150434, , , ,2,2,0,0,0,0,0,0,0,0,1,1,2,0,0,0,0,0,0,0,1,0,0,0,0,0,0,0,0,0,0,0,0,0,0,3,0,39.9849,-75.1631, , 
 ,11515,2016046140,6,67,67301,2016,4,2,9999,99,1,1,0,4,1, , ,N,2,3,0,3,0,1,3,2,N,N,40 00:06.858,75 07:06.103,1049, ,1046, ,0, ,N, ,3, , , , , ,150436, , , ,2,1,0,0,0,0,1,0,0,0,0,0,1,1,0,0,0,0,0,0,0,0,0,0,0,0,0,0,0,0,0,0,0,0,0,8,0,40.0019,-75.1184, , 
 ,11516,2016052824,6,67,67301,2016,4,6,752,7,1,1,0,4,1, , ,N,2,3,0,3,0,1,2,2,N,N,40 01:50.338,75 12:43.298,754, ,754, ,0, ,N, ,3, , , , , ,150439, , , ,2,1,0,0,1,0,0,0,0,0,0,0,1,1,0,0,0,0,0,0,2,0,0,0,0,0,0,0,0,0,0,0,0,0,0,8,0,40.0306,-75.212, , 
 ,11517,2016023683,6,67,67301,2016,2,3,9999,99,1,4,1,4,1, , ,N,5,2,0,3,0,5,9,2,N,N,39 57:16.308,75 08:58.375,605, ,603,1,1,2, , ,3,N, , , , ,144197, , , ,2,0,0,0,0,1,0,1,0,0,0,0,5,5,2,0,0,0,1,0,1,0,0,0,0,0,0,0,0,0,0,0,0,0,0,8,1,39.9547,-75.1495, , 
 ,11518,2016013721,6,67,67301,2016,1,2,1420,14,1,1,0,8,1, , ,N,1,2,0,3,0,1,2,2,N,N,40 03:22.903,75 04:30.486,1533, ,1526, ,0, ,N, ,3, , , , , ,144227, , , ,1,1,0,0,0,0,0,0,0,0,0,1,1,0,0,0,0,0,1,0,0,0,0,1,0,0,0,0,0,0,0,0,1,0,0,4,0,40.0564,-75.0751, , 
 ,11519,2016019870,6,67,67301,2016,2,6,1400,14,1,1,0,5,1, , ,N,0,0,0,3,0,1,4,3,N,N,40 00:19.386,75 04:33.050,1700, ,1400, ,0, ,N, ,0, , , , , ,144234, , , ,3,2,0,0,0,0,1,0,0,0,0,1,1,0,2,0,0,0,0,0,0,0,0,0,0,0,0,0,0,0,0,0,0,0,0,4,0,40.0054,-75.0758, , 
 ,11520,2016033107,6,67,67301,2016,3,4,952,9,1,1,0,7,4, , ,N,1,3,0,3,0,1,1,1,N,N,40 00:39.100,75 10:03.560,1011, ,1008, ,0, , , ,3, , , , , ,144246, , , ,1,0,1,0,0,0,0,0,0,0,0,1,1,0,0,0,0,0,0,0,1,0,0,0,0,0,0,0,0,0,0,0,0,0,0,4,0,40.0109,-75.1676, , 
 ,11521,2016051164,6,67,67301,2016,1,6,1922,19,3,1,0,6,1, , ,N,0,0,0,3,0,2,3,2,N,N,39 59:58.233,75 05:28.262,0, ,0, ,0, ,N, ,0, , , , , ,144255, , , ,2,1,0,0,0,0,0,0,0,1,0,0,2,1,0,0,0,0,0,0,1,0,0,0,0,0,0,1,0,0,0,0,0,0,0,2,0,39.9995,-75.0912, , 
 ,11522,2016053786,6,67,67301,2016,5,7,15,0,3,2,1,4,1, , ,N,5,2,2,3,0,0,2,2,N,N,40 00:28.561,75 11:29.319,24, ,18,2,1,1,N, ,3,N, , , , ,144258, , , ,2,2,0,0,0,0,0,0,0,0,0,0,0,0,0,0,0,0,0,0,0,0,0,0,0,0,0,0,0,0,0,0,0,0,0,0,0,40.0079,-75.1915, , 
 ,11523,2016072177,6,67,67301,2016,7,1,430,4,3,1,0,5,6, , ,N,0,0,0,3,0,0,1,4,N,N,39 58:46.963,75 09:39.276,435, ,432,2,2,1,N, ,0,Y, , , , ,144268, , , ,4,2,0,0,1,0,1,0,0,0,0,0,0,0,0,0,0,0,0,0,0,0,0,0,0,0,0,0,0,0,0,0,0,0,0,0,0,39.9797,-75.1609, , 
 ,11524,2016026046,6,67,67301,2016,2,5,720,7,1,1,0,4,1, , ,N,1,3,0,3,0,1,2,3,N,N,39 59:15.666,75 10:01.099,830, ,820, ,0, ,N, ,2, , , , , ,144286, , , ,3,2,0,0,0,0,1,0,0,0,0,0,1,1,1,0,0,0,0,0,1,0,0,0,0,0,0,0,0,0,0,0,0,0,0,8,0,39.9877,-75.167, , 
 ,11525,2016028692,6,67,67301,2016,2,2,1528,15,1,4,4,7,4, , ,N,6,0,2,3,0,0,1,1,N,N,39 54:39.103,75 08:56.529,1542, ,1538,1,1,1, , ,0,N, , , , ,144290, , , ,1,0,0,0,0,0,1,0,0,0,0,0,0,0,0,0,0,0,0,0,0,0,0,0,0,0,0,0,0,0,0,0,0,0,0,0,0,39.9109,-75.149, , 
 ,11526,2016029894,6,67,67301,2016,3,3,1444,14,1,1,0,1,1, , ,N,1,2,0,3,0,2,2,2,N,N,39 59:38.209,75 09:16.513,1451, ,1449,1,1,4,N, ,3,Y, , , , ,144293, , , ,2,1,0,0,0,0,1,0,0,0,0,1,2,1,0,0,0,0,0,0,1,0,0,2,0,0,0,0,0,0,0,0,0,0,0,4,0,39.9939,-75.1545, , 
N,11527,2016043744,6,67,67301,2016,3,6,910,9,1,1,0,1,1,1,4,Y,0,0,0,3,0,3,4,4,N,N,40 01:17.123,75 02:27.132,925,45,920,2,1,5, , ,0,N,Y,N,N,N,144301,N,N,Y,4,1,0,0,0,2,1,0,0,0,3,0,3,0,0,0,0,0,0,0,2,0,0,0,0,0,0,0,0,0,0,0,0,0,0,3,2,40.0214,-75.0409, , 
 ,11528,2016050836,6,67,67301,2016,1,4,1415,14,1,1,0,7,4, , ,N,1,0,1,3,0,0,1,2,N,N,39 55:27.289,75 11:17.739,0, ,0, ,0, ,N, ,0, , , , , ,144309, , , ,1,0,0,0,1,0,0,0,0,0,0,0,0,0,0,0,0,0,0,0,1,0,0,1,0,0,0,0,0,0,0,0,0,0,0,0,0,39.9242,-75.1883, , 
 ,11529,2016052929,6,67,67301,2016,4,7,1746,17,1,1,0,7,4, , ,N,0,0,0,3,0,0,1,1,N,N,39 52:38.365,75 15:13.250,1747, ,1747, ,0, , , ,0, , , , , ,144314, , , ,1,1,0,0,0,0,0,0,0,0,0,0,0,0,0,0,0,0,0,0,0,0,0,0,0,0,0,0,0,0,0,0,0,0,0,0,0,39.8773,-75.2537, , 
 ,11530,2016053718,6,67,67301,2016,5,5,1241,12,1,1,0,4,1, , ,N,0,0,7,3,0,0,2,2,N,N,40 01:50.718,75 10:48.086,1241, ,1241, ,0, ,N, ,0, , , , , ,144315, , , ,2,2,0,0,0,0,0,0,0,0,0,0,0,0,1,0,0,0,0,0,0,1,0,0,0,0,0,0,0,0,0,0,0,0,0,9,0,40.0308,-75.18, , 
 ,11531,2016056086,6,67,67301,2016,5,2,1000,10,1,1,0,1,1, , ,N,5,2,0,3,0,1,2,2,N, ,40 01:47.791,75 09:11.771,1200, ,1200, ,0, , , ,3, , , , , ,144317, , , ,2,1,0,0,0,0,1,0,0,0,0,0,1,1,0,0,0,0,0,0,0,0,0,1,0,0,0,0,0,0,0,0,0,0,0,8,0,40.0299,-75.1533, , 
 ,11532,2016008646,6,67,67301,2016,1,2,1115,11,1,1,0,0,1, , ,N,0,0,0,3,0,0,1,1,N, ,40 04:55.847,75 02:27.485,1116, ,1115, ,0, , , ,0, , , , , ,144324, , , ,1,0,0,0,0,0,1,0,0,0,0,0,0,0,0,0,0,0,0,0,0,0,0,1,0,0,0,0,0,0,0,0,0,0,0,0,0,40.0822,-75.041, , 
 ,11533,2016019806,6,67,67301,2016,2,3,1212,12,1,1,0,8,1, , ,N,1,2,0,3,0,1,2,2,N,N,40 02:02.652,75 10:35.500,1230, ,1212, ,0, , , ,3, , , , , ,144328, , , ,1,0,0,0,0,0,0,0,0,0,0,0,1,1,1,0,0,0,0,0,0,0,0,0,0,0,0,0,0,0,0,0,1,0,0,8,0,40.0341,-75.1765, , 
 ,11534,2016022463,6,67,67301,2016,2,2,1000,10,1,1,0,1,1, , ,N,0,0,0,3,0,1,4,2,N, ,39 57:16.928,75 09:56.411,1025, ,1016, ,0, , , ,0, , , , , ,144331, , , ,2,2,0,0,0,0,0,0,0,0,0,0,1,1,0,0,0,0,0,0,0,0,0,2,0,0,0,0,0,0,0,0,0,0,0,8,0,39.9547,-75.1657, , 
 ,11535,2016047040,6,67,67301,2016,4,5,1215,12,1,1,0,1,1, , ,N,0,0,0,3,0,1,3,2,N, ,40 02:54.537,75 00:45.920,1225, ,1219,2,1,2, , ,0,N, , , , ,147193, , , ,2,1,0,0,1,0,0,0,0,0,1,0,1,0,0,0,0,0,0,0,1,0,1,0,0,0,0,0,0,0,0,0,0,0,0,3,0,40.0485,-75.0128, , 
 ,11536,2016013727,6,67,67301,2016,1,2,1652,16,1,1,0,4,1, , ,N,1,3,0,3,0,1,2,2,N,N,39 59:42.111,75 13:39.536,1703, ,1658, ,0, ,N, ,3, , , , , ,147215, , , ,2,1,0,0,0,0,1,0,0,0,0,1,1,0,0,0,0,0,0,0,0,0,0,0,0,0,0,0,0,0,0,0,0,0,0,4,0,39.995,-75.2276, , 
 ,11537,2016019830,6,67,67301,2016,1,7,50,0,3,1,0,4,1, , ,N,0,0,99,3,0,0,3,5,N, ,39 58:44.190,75 13:49.688,59, ,50,2,2,6, , ,0,Y, , , , ,147221, , , ,5,3,0,0,1,1,0,0,0,0,0,0,0,0,0,0,0,0,0,0,0,0,0,0,0,0,0,0,0,0,0,0,0,0,0,0,1,39.9789,-75.2305, , 
 ,11538,2016020137,6,67,67301,2016,1,5,1102,11,1,1,0,1,1, , ,N,6,0,2,3,0,1,2,2,N,N,39 56:44.167,75 11:25.033,1102, ,1102,1,1,4, , ,0,N, , , , ,147222, , , ,2,2,0,0,0,0,0,0,0,0,0,0,1,1,0,0,0,0,0,0,0,0,0,0,0,0,0,0,0,0,0,0,0,0,0,8,0,39.9456,-75.1903, , 
 ,11539,2016040911,6,67,67301,2016,3,5,2032,20,3,1,0,5,6, , ,N,0,0,0,3,0,1,1,2,N,N,39 56:53.225,75 13:52.824,2037, ,2035, ,0, ,N, ,0, , , , , ,147236, , , ,2,1,0,0,0,0,1,0,0,0,0,0,1,1,0,0,0,0,0,0,1,0,0,0,0,0,0,0,0,0,0,0,0,0,0,8,0,39.9481,-75.2313, , 
 ,11540,2016043377,6,67,67301,2016,4,1,1437,14,1,1,0,8,1, , ,N,0,0,0,3,0,1,2,2,N,N,40 03:07.889,75 10:59.460,1500, ,1448, ,0, ,N, ,0, , , , , ,147242, , , ,1,1,0,0,0,0,0,0,0,0,0,1,1,0,0,0,0,0,0,0,0,1,0,1,0,0,0,0,0,0,0,0,1,0,0,4,0,40.0522,-75.1832, , 
 ,11541,2016053781,6,67,67301,2016,5,5,129,1,3,1,0,7,4, , ,N,0,0,0,3,0,3,3,4,N,N,40 00:28.842,75 11:38.003,135, ,124,3,2,1,N, ,0,N, , , , ,147252, , , ,4,3,0,0,0,0,1,0,0,0,0,3,3,0,0,0,0,0,0,1,0,0,0,0,0,0,0,0,0,0,0,0,0,0,0,4,0,40.008,-75.1939, , 
 ,11542,2016056051,6,67,67301,2016,5,4,9999,99,1,1,0,8,1, , ,N,1,2,0,3,0,1,2,2,Y,N,40 00:11.036,75 09:51.469,9999, ,9999, ,0, ,N, ,3, , , , , ,147253, , , ,1,1,0,0,0,0,0,0,0,0,0,1,1,0,0,0,0,0,0,0,0,0,0,0,0,0,0,0,0,0,0,0,1,0,0,4,0,40.0031,-75.1643, , 
 ,11543,2016022044,6,67,67301,2016,2,6,1835,18,3,1,0,1,1, , ,N,3,2,0,3,0,0,5,2,N,N,39 58:21.476,75 13:03.992,1906, ,1858, ,0, ,N, ,3, , , , , ,147269, , , ,2,1,0,0,0,0,1,0,0,0,0,0,0,0,0,0,0,0,0,0,0,1,0,0,0,0,0,0,0,0,0,0,0,0,0,0,0,39.9726,-75.2178, , 
 ,11544,2016027533,6,67,67301,2016,2,6,1907,19,3,1,0,4,1, , ,N,1,2,0,3,0,1,3,2,N, ,40 01:47.679,75 06:11.073,1907, ,1907,1,2,2, , ,3,N, , , , ,147280, , , ,2,1,0,1,0,0,0,0,0,0,0,1,1,0,0,0,0,0,0,0,0,0,0,0,0,0,0,0,0,0,0,0,0,0,0,4,1,40.0299,-75.1031, , 
 ,11545,2016027546,6,67,67301,2016,2,3,2005,20,3,2,1,5,1, , ,N,5,2,0,3,0,2,3,2,N,N,40 00:31.996,75 04:18.728,2040, ,2031, ,0, ,N, ,3, , , , , ,147281, , , ,2,2,0,0,0,0,0,0,0,0,0,0,2,2,0,0,0,1,0,0,0,0,0,2,0,0,0,0,0,0,0,0,0,0,0,8,0,40.0089,-75.0719, , 
 ,11546,2016028351,6,67,67301,2016,2,1,223,2,3,1,0,1,1, , ,N,0,0,0,3,0,1,2,2,N,N,39 59:38.752,75 06:28.776,336, ,223, ,0, , , ,0, , , , , ,147282, , , ,2,1,0,0,0,0,0,1,0,0,0,0,1,1,0,0,0,0,0,0,0,0,0,1,0,0,0,0,0,0,0,0,0,0,0,8,0,39.9941,-75.108, , 
 ,11547,2016040920,6,67,67301,2016,4,5,530,5,3,1,0,8,1, , ,N,1,2,0,3,0,1,3,2,N,N,40 01:38.846,75 03:44.583,530, ,530, ,0, ,N, ,3, , , , , ,147290, , , ,1,0,0,0,0,0,1,0,0,0,0,1,1,0,0,0,0,0,0,0,1,0,0,1,0,0,0,0,0,0,0,0,1,0,0,4,0,40.0275,-75.0624, , 
 ,11548,2016040989,6,67,67301,2016,3,4,825,8,1,1,0,8,1, , ,N,0,0,0,3,0,1,2,3,N,N,40 03:26.751,75 00:30.872,826, ,826,1,1,1,N, ,0,N, , , , ,147291, , , ,2,0,0,0,0,0,1,0,0,0,0,1,1,0,0,0,0,0,0,0,0,0,0,0,0,0,0,0,0,0,0,0,1,0,0,4,0,40.0574,-75.0086, , 
 ,11549,2016052254,6,67,67301,2016,2,5,550,5,5,1,0,5,1, , ,N,0,0,2,3,0,1,2,2,N,N,39 55:20.249,75 11:27.952,0, ,0, ,0, ,N, ,0, , , , , ,147301, , , ,2,1,0,0,0,0,1,0,0,0,1,0,1,0,0,0,0,0,0,0,0,0,0,1,0,0,0,0,0,0,0,0,0,0,0,3,0,39.9223,-75.1911, , 
 ,11550,2016022040,6,67,67301,2016,2,4,605,6,5,6,1,8,1, , ,N,0,0,0,3,0,1,3,2,N,N,39 55:06.707,75 13:09.998,645, ,610, ,0, ,N, ,0, , , , , ,147321, , , ,1,1,0,0,0,0,0,0,0,0,0,1,1,0,0,0,0,0,0,0,0,0,0,0,0,0,0,0,0,0,0,0,1,0,0,4,0,39.9185,-75.2194, , 
 ,11551,2016026060,6,67,67301,2016,2,5,800,8,1,1,0,1,1, , ,N,1,2,0,3,0,1,3,2,N,N,39 53:50.886,75 15:07.506,806, ,804, ,0, , , ,2, , , , , ,147326, , , ,2,0,0,0,0,1,1,0,0,0,0,0,1,1,0,0,0,0,0,0,0,0,0,2,0,0,0,0,0,0,0,0,0,0,0,8,1,39.8974,-75.2522, , 
N,11552,2016028812,6,67,67301,2016,2,1,1708,17,3,1,0,1,1,1,4,Y,0,8,0,3,0,1,5,4,N,N,40 01:20.516,75 02:14.570,1729,45,1712,3,2,1, , ,3,N,N,N,N,N,147329,N,N,Y,4,1,0,0,0,0,3,0,0,0,0,1,1,0,0,0,0,0,0,0,2,0,0,0,0,0,0,0,0,0,0,0,0,0,0,4,0,40.0224,-75.0374, , 
 ,11553,2016008172,6,67,67301,2016,1,1,1552,15,1,1,0,1,1, , ,N,1,2,0,3,0,1,5,3,N, ,39 58:41.837,75 14:46.077,1555, ,1552, ,0, , , ,3, , , , , ,153287, , , ,3,2,0,0,1,0,0,0,0,0,0,0,1,1,0,0,1,0,0,0,0,0,0,1,0,0,0,0,0,0,0,0,0,0,0,8,0,39.9783,-75.2461, , 
 ,11554,2016025183,6,67,67301,2016,3,6,1548,15,1,1,0,8,1, , ,N,0,0,0,3,0,1,2,2,N,N,39 58:43.508,75 09:30.245,1555, ,1554, ,0, ,N, ,0, , , , , ,153299, , , ,1,1,0,0,0,0,0,0,0,1,0,0,1,0,0,0,0,0,0,0,0,0,0,0,0,0,0,0,0,0,0,0,1,0,1,2,0,39.9788,-75.1584, , 
 ,11555,2016029362,6,67,67301,2016,3,5,905,9,1,1,0,4,1, , ,N,1,3,0,3,0,1,2,2,N,N,39 58:30.604,75 09:11.469,915, ,913, ,0, ,N, ,3, , , , , ,153305, , , ,1,1,0,0,0,0,0,0,1,0,1,0,1,0,0,0,0,0,0,0,0,0,0,0,0,0,0,0,0,0,0,0,0,0,0,3,0,39.9752,-75.1532, , 
 ,11556,2016007528,6,67,67301,2016,1,6,121,1,3,1,0,1,1, , ,N,0,0,0,3,0,0,2,6,N,N,39 58:34.900,75 08:43.600,131, ,126, ,0, ,N, ,0, , , , , ,153334, , , ,6,4,0,0,1,0,0,1,0,0,0,0,0,0,0,0,0,0,0,0,0,0,0,0,0,0,0,0,0,0,0,0,0,0,0,0,0,39.9764,-75.1454, , 
 ,11557,2016022898,6,67,67301,2016,1,4,1828,18,3,4,3,4,1, , ,N,0,0,0,3,0,1,5,3,N, ,40 03:37.822,75 10:01.736,1828, ,1828, ,0, , , ,0, , , , , ,153345, , , ,3,2,0,0,0,0,1,0,0,0,0,0,1,1,0,0,0,0,0,0,0,0,1,2,0,0,0,0,0,0,0,0,0,0,0,8,0,40.0605,-75.1671, , 
 ,11558,2016033823,6,67,67301,2016,3,3,2118,21,3,1,0,4,1, , ,N,1,2,0,3,0,2,3,4,N,N,39 56:29.947,75 13:21.989,2135, ,2122, ,0, ,N, ,3, , , , , ,153362, , , ,4,2,0,0,0,0,1,1,0,0,0,0,2,2,1,1,0,0,0,0,0,1,0,0,0,0,0,0,0,0,0,0,0,0,0,8,0,39.9417,-75.2228, , 