wz_ln_closure,objectid_1,crn,district,county,municipality,crash_year,crash_month,day_of_week,time_of_day,hour_of_day,illumination,weather,road_condition,collision_type,relation_to_road,work_zone_type,work_zone_loc,work_zone_ind,intersect_type,tcd_type,location_type,urban_rural,fatal_count,injury_count,person_count,total_units,sch_bus_ind,sch_zone_ind,latitude,longitude,arrival_tm,cons_zone_spd_lim,dispatch_tm,est_hrs_closed,lane_closed,ln_close_dir,ntfy_hiwy_maint,spec_juris_cd,tcd_func_cd,tfc_detour_ind,workers_pres,wz_close_detour,wz_flagger,wz_law_offcr_ind,objectid,wz_moving,wz_other,wz_shlder_mdn,vehicle_count,automobile_count,motorcycle_count,bus_count,small_truck_count,heavy_truck_count,suv_count,van_count,bicycle_count,maj_inj_count,mod_inj_count,min_inj_count,tot_inj_count,unk_inj_deg_count,unk_inj_per_count,driver_count_16yr,driver_count_17yr,driver_count_18yr,driver_count_19yr,driver_count_20yr,driver_count_50_64yr,driver_count_65_74yr,driver_count_75plus,unbelted_occ_count,unb_death_count,unb_maj_inj_count,belted_death_count,belted_maj_inj_count,mcycle_death_count,mcycle_maj_inj_count,bicycle_death_count,bicycle_maj_inj_count,ped_count,ped_death_count,ped_maj_inj_count,max_severity_level,comm_veh_count,dec_lat,dec_long,rdwy_surf_type_cd,county_name
 ,11559,2016046131,6,67,67301,2016,4,6,650,6,1,1,0,8,1, , ,N,1,2,0,3,0,1,2,2,N,N,40 03:02.167,75 08:31.987,750, ,745, ,0, ,N, ,3, , , , , ,153371, , , ,1,0,0,0,0,0,1,0,0,0,0,1,1,0,0,0,0,0,0,0,0,1,0,1,0,0,0,0,0,0,0,0,1,0,0,4,0,40.0506,-75.1421, , 
 ,11560,2016019858,6,67,67301,2016,2,4,1733,17,2,2,1,1,1, , ,N,0,0,0,3,0,1,2,2,N, ,40 03:24.713,75 08:23.153,1739, ,1735,2,1,2, , ,0,Y, , , , ,153391, , , ,2,2,0,0,0,0,0,0,0,0,0,0,1,1,0,0,0,0,1,0,0,0,0,0,0,0,0,0,0,0,0,0,0,0,0,8,0,40.0569,-75.1398, , 
 ,11561,2016029961,6,67,67301,2016,2,2,753,7,1,1,0,4,1, , ,N,2,0,0,3,0,0,5,3,Y,N,40 01:38.036,75 12:16.249,800, ,755,9,1,2,N, ,0,N, , , , ,153403, , , ,3,0,0,1,0,0,2,0,0,0,0,0,0,0,0,0,0,0,0,0,0,1,0,0,0,0,0,0,0,0,0,0,0,0,0,0,1,40.0272,-75.2045, , 
 ,11562,2016013725,6,67,67301,2016,1,1,1150,11,1,2,1,4,1, , ,N,0,0,7,3,0,1,5,2,N,N,40 05:05.788,74 58:23.855,1207, ,1200, ,0, ,N, ,0, , , , , ,153438, , , ,2,0,0,0,0,0,2,0,0,0,0,0,1,1,0,0,0,0,0,0,1,0,0,0,0,0,0,0,0,0,0,0,0,0,0,8,0,40.0849,-74.9733, , 
 ,11563,2016021274,6,67,67301,2016,2,2,2355,23,3,4,1,5,1, , ,N,0,0,0,3,0,1,2,2,N,N,39 52:46.554,75 14:54.800,13, ,1, ,0, , , ,0, , , , , ,153444, , , ,2,1,0,0,0,1,0,0,0,0,0,0,1,1,0,0,0,0,0,0,1,0,0,0,0,0,0,0,0,0,0,0,0,0,0,8,1,39.8796,-75.2486, , 
N,11564,2016024849,6,67,67301,2016,2,6,1427,14,1,1,0,1,1,1,4,Y,0,0,0,3,0,2,3,2,N,N,40 01:15.958,75 02:28.392,1455,45,1446, ,0, , , ,0, ,Y,N,N,N,153446,N,N,Y,2,1,0,0,1,0,0,0,0,0,0,0,2,2,0,0,0,0,0,0,1,0,0,0,0,0,0,0,0,0,0,0,0,0,0,8,0,40.0211,-75.0412, , 
 ,11565,2016044540,6,67,67301,2016,4,7,415,4,3,1,0,7,5, , ,N,1,2,0,3,0,2,2,1,N,N,40 02:19.773,75 08:37.097,429, ,425, ,0, , , ,3, , , , , ,153460, , , ,1,0,0,0,0,0,1,0,0,0,1,1,2,0,0,0,0,0,0,0,0,0,0,0,0,0,0,0,0,0,0,0,0,0,0,3,0,40.0388,-75.1436, , 
 ,11566,2016047015,6,67,67301,2016,4,2,1140,11,1,1,0,8,1, , ,N,1,3,0,3,0,1,2,2,N,N,39 55:16.608,75 09:19.151,1700, ,1647, ,0, ,N, ,3, , , , , ,153462, , , ,1,0,0,0,0,0,0,1,0,0,0,0,1,1,0,0,0,0,0,0,0,0,0,1,0,0,0,0,0,0,0,0,1,0,0,8,0,39.9213,-75.1553, , 
 ,11567,2016048669,6,67,67301,2016,4,5,1650,16,1,1,0,1,1, , ,N,0,0,0,3,0,0,4,4,N,N,39 55:24.288,75 10:11.354,1759, ,1752,2,1,1,N, ,0,N, , , , ,153463, , , ,4,1,0,0,0,0,2,0,0,0,0,0,0,0,0,0,0,0,0,0,0,0,0,0,0,0,0,0,0,0,0,0,0,0,0,0,0,39.9234,-75.1698, , 
 ,11568,2016052353,6,67,67301,2016,5,3,1120,11,1,2,1,1,1, , ,N,0,0,0,3,0,1,3,2,N,N,40 00:28.400,75 07:38.200,1126, ,1125, ,0, ,N, ,0, , , , , ,153467, , , ,2,2,0,0,0,0,0,0,0,0,0,1,1,0,0,0,0,0,0,0,1,0,0,0,0,0,0,0,0,0,0,0,0,0,0,4,0,40.0079,-75.1273, , 
 ,11569,2016022033,6,67,67301,2016,1,5,1251,12,1,1,0,1,1, , ,N,0,2,0,3,0,1,5,4,N,N,40 00:20.063,75 06:13.649,1300, ,1300, ,0, , , ,3, , , , , ,153501, , , ,4,2,0,0,0,0,2,0,0,0,0,0,1,1,0,0,0,0,0,0,0,0,0,2,0,0,0,0,0,0,0,0,0,0,0,8,0,40.0056,-75.1038, , 
 ,11570,2016029802,6,67,67301,2016,3,2,105,1,3,1,0,5,1, , ,N,0,0,0,3,0,3,4,2,N,N,39 59:09.677,75 09:22.759,106, ,105, ,0, ,N, ,0, , , , , ,153511, , , ,2,1,0,0,0,0,1,0,0,1,0,0,3,2,0,0,0,0,0,0,1,0,0,1,0,0,0,1,0,0,0,0,0,0,0,2,0,39.986,-75.1563, , 
 ,11571,2016019838,6,67,67301,2016,2,6,430,4,3,3,1,7,4, , ,N,0,0,0,3,0,0,1,1,N,N,39 56:24.870,75 14:15.354,1520, ,1515, ,0, ,N, ,0, , , , , ,150459, , , ,1,1,0,0,0,0,0,0,0,0,0,0,0,0,1,0,0,0,0,0,0,0,0,0,0,0,0,0,0,0,0,0,0,0,0,9,0,39.9402,-75.2376, , 
Y,11572,2016028810,6,67,67301,2016,2,1,1457,14,1,1,0,1,1,1,4,Y,0,0,0,3,0,3,4,2,N,N,39 58:07.993,75 07:40.910,1548,45,1521,2,2,2, , ,0,N,Y,N,N,N,150469,Y,N,Y,2,1,0,0,0,0,1,0,0,0,0,3,3,0,0,0,0,0,0,0,0,0,0,1,0,0,0,0,0,0,0,0,0,0,0,4,0,39.9689,-75.128, , 
 ,11573,2016048634,6,67,67301,2016,4,7,2100,21,3,1,0,4,1, , ,N,1,2,0,3,0,2,3,2,N,N,39 59:50.139,75 10:48.842,2100, ,2100,2,1,2, , ,3,Y, , , , ,150487, , , ,2,0,0,0,0,0,1,1,0,0,0,2,2,0,0,0,0,0,0,0,0,0,0,0,0,0,0,0,0,0,0,0,0,0,0,4,0,39.9973,-75.1803, , 
 ,11574,2016007864,6,67,67301,2016,1,3,2213,22,2,1,5,7,4, , ,N,6,0,2,3,0,1,1,1,N,N,39 57:36.094,75 10:47.782,2220, ,2213, ,0, , , ,0, , , , , ,150493, , , ,1,1,0,0,0,0,0,0,0,0,0,1,1,0,0,0,0,0,0,0,0,0,0,0,0,0,0,0,0,0,0,0,0,0,0,4,0,39.96,-75.1799, , 
 ,11575,2016041033,6,67,67301,2016,3,7,820,8,1,1,0,5,6, , ,N,0,0,0,3,0,0,2,2,N,N,39 56:10.499,75 10:01.776,835, ,830,3,1,2,N, ,0,N, , , , ,150519, , , ,2,2,0,0,0,0,0,0,0,0,0,0,0,0,1,0,0,0,0,0,0,0,0,0,0,0,0,0,0,0,0,0,0,0,0,9,0,39.9362,-75.1672, , 
Y,11576,2016043028,6,67,67301,2016,4,4,912,9,1,2,1,7,2,1,4,Y,10,0,3,3,0,0,1,2,N,N,39 59:34.242,75 04:42.934,914,35,912, ,0, ,N, ,0, ,U, , ,N,150523, , , ,2,2,0,0,0,0,0,0,0,0,0,0,0,0,0,0,0,0,0,0,0,0,0,0,0,0,0,0,0,0,0,0,0,0,0,0,0,39.9928,-75.0786, , 
 ,11577,2016053900,6,67,67301,2016,5,2,47,0,3,1,0,7,5, , ,N,0,0,0,3,0,1,1,1,N,N,39 56:33.205,75 11:36.808,56, ,48,3,2,3, , ,0,N, , , , ,150531, , , ,1,1,0,0,0,0,0,0,0,0,1,0,1,0,0,0,0,0,0,0,0,0,0,0,0,0,0,0,0,0,0,0,0,0,0,3,0,39.9426,-75.1936, , 
 ,11578,2016032059,6,67,67301,2016,3,3,1658,16,1,1,0,8,1, , ,N,1,0,0,3,0,1,4,4,N,N,40 00:51.663,75 05:14.042,1658, ,1658, ,0, , , ,0, , , , , ,150563, , , ,1,1,0,0,0,0,0,0,0,0,0,1,1,0,2,0,0,0,0,0,0,0,0,0,0,0,0,0,0,0,0,0,3,0,0,4,0,40.0144,-75.0872, , 
 ,11579,2016042908,6,67,67301,2016,4,4,204,2,3,1,0,1,1, , ,N,0,0,0,3,0,0,2,2,N,N,39 57:22.260,75 10:50.381,211, ,205,1,1,3, , ,0,N, , , , ,150568, , , ,2,2,0,0,0,0,0,0,0,0,0,0,0,0,0,0,0,0,0,0,1,0,0,0,0,0,0,0,0,0,0,0,0,0,0,0,0,39.9562,-75.1807, , 
 ,11580,2016061325,6,67,67301,2016,5,5,1513,15,1,1,0,1,1, , ,N,0,0,0,3,0,1,3,3,N,N,39 57:25.478,75 09:23.678,1555, ,1513, ,0, , , ,0, , , , , ,150578, , , ,3,1,0,0,1,1,0,0,0,0,0,0,1,1,0,0,0,0,0,0,1,0,0,0,0,0,0,0,0,0,0,0,0,0,0,8,0,39.9571,-75.1566, , 
 ,11581,2016002802,6,67,67301,2016,1,3,1804,18,3,1,0,1,1, , ,N,0,0,0,3,0,0,2,2,N,N,39 59:59.919,75 11:41.966,1813, ,1804, ,0, ,N, ,0, , , , , ,150586, , , ,2,0,0,0,0,0,2,0,0,0,0,0,0,0,0,0,0,0,0,0,0,0,0,0,0,0,0,0,0,0,0,0,0,0,0,0,0,40,-75.195, , 
 ,11582,2016082286,6,67,67301,2016,7,6,1340,13,1,1,0,1,1, , ,N,2,2,0,3,0,1,2,2,N, ,39 57:36.624,75 08:13.909,1350, ,1347, ,0, , , ,3, , , , , ,150594, , , ,2,0,1,0,0,0,1,0,0,0,0,1,1,0,0,0,0,0,0,0,0,0,0,1,0,0,0,0,0,0,0,0,0,0,0,4,0,39.9602,-75.1372, , 
 ,11583,2016105719,6,67,67301,2016,9,7,1638,16,1,1,0,1,1, , ,N,0,0,7,3,0,1,2,2,N,N,39 56:22.325,75 13:23.280,1717, ,1713, ,0, , , ,0, , , , , ,150600, , , ,2,1,0,0,0,0,0,1,0,0,0,1,1,0,0,0,0,0,0,0,1,0,0,1,0,0,0,0,0,0,0,0,0,0,0,4,0,39.9395,-75.2231, , 
 ,11584,2016105597,6,67,67301,2016,9,6,931,9,1,1,0,4,1, , ,N,1,3,0,3,0,1,3,2,N,N,39 57:24.976,75 11:38.428,938, ,936, ,0, ,N, ,3, , , , , ,150616, , , ,2,1,0,0,0,0,0,1,0,0,0,0,1,1,0,0,0,0,0,0,2,0,0,0,0,0,0,0,0,0,0,0,0,0,0,8,0,39.9569,-75.194, , 
 ,11585,2016129561,6,67,67301,2016,11,1,1150,11,1,1,0,5,1, , ,N,0,0,0,3,0,0,2,3,N,N,39 55:05.581,75 12:33.602,1158, ,1158,1,1,4,N, ,0,N, , , , ,150633, , , ,2,2,0,0,0,0,0,0,0,0,0,0,0,0,0,0,0,0,0,0,0,0,0,0,0,0,0,0,0,0,0,0,0,0,0,0,0,39.9182,-75.2093, , 
 ,11586,2016013993,6,67,67301,2016,1,5,1810,18,3,1,0,8,1, , ,N,0,0,7,3,0,1,2,2,N,N,39 54:46.721,75 09:01.041,1818, ,1818, ,0, ,N, ,0, , , , , ,150639, , , ,1,1,0,0,0,0,0,0,0,0,0,0,1,1,0,0,0,0,0,0,0,0,0,0,0,0,0,0,0,0,0,0,1,0,0,8,0,39.913,-75.1503, , 
 ,11587,2016026013,6,67,67301,2016,2,4,950,9,1,2,1,8,1, , ,N,0,0,0,3,0,1,3,3,N, ,39 56:18.386,75 10:29.479,956, ,954, ,0, , , ,0, , , , , ,150648, , , ,2,1,0,0,0,0,1,0,0,0,0,1,1,0,0,0,0,0,0,0,0,0,0,0,0,0,0,0,0,0,0,0,1,0,0,4,0,39.9384,-75.1749, , 
 ,11588,2016034250,6,67,67301,2016,3,3,1330,13,1,1,0,7,5, , ,N,0,0,0,3,0,0,1,1,N,N,40 03:05.193,74 59:21.886,1358, ,1330, ,0, , , ,0, , , , , ,150657, , , ,1,1,0,0,0,0,0,0,0,0,0,0,0,0,0,0,0,0,0,0,0,0,0,0,0,0,0,0,0,0,0,0,0,0,0,0,0,40.0514,-74.9894, , 
 ,11589,2016060519,6,67,67301,2016,6,5,843,8,1,1,0,1,1, , ,N,0,0,0,3,0,1,3,3,N,N,40 01:32.287,75 01:42.411,906, ,846,2,1,2, , ,0,N, , , , ,150679, , , ,3,3,0,0,0,0,0,0,0,0,0,0,1,1,0,0,0,0,0,0,0,0,0,0,0,0,0,0,0,0,0,0,0,0,0,8,0,40.0256,-75.0284, , 
 ,11590,2016025989,6,67,67301,2016,2,7,1400,14,1,1,0,7,5, , ,N,1,3,0,3,0,1,1,1,N,N,40 04:32.902,74 59:15.331,1405, ,1401, ,0, ,N, ,9, , , , , ,144337, , , ,1,0,1,0,0,0,0,0,0,0,0,0,1,1,0,0,0,0,0,0,1,0,0,0,0,0,0,0,0,0,0,0,0,0,0,8,0,40.0758,-74.9876, , 
 ,11591,2016029319,6,67,67301,2016,3,5,740,7,1,1,0,1,1, , ,N,0,0,0,3,0,0,3,2,N,N,40 00:49.486,75 12:23.565,754, ,754,1,1,2,N, ,0,N, , , , ,144339, , , ,2,1,0,0,0,0,1,0,0,0,0,0,0,0,1,0,0,0,0,0,2,0,0,0,0,0,0,0,0,0,0,0,0,0,0,9,0,40.0137,-75.2065, , 
 ,11592,2016036377,6,67,67301,2016,3,6,1729,17,1,1,0,4,1, , ,N,10,0,0,3,0,1,4,2,N,N,40 00:36.957,75 08:07.015,1729, ,1729,9,1,2,N, ,0,N, , , , ,144342, , , ,2,0,1,0,0,0,1,0,0,0,0,1,1,0,1,0,0,0,0,0,1,0,0,3,0,0,0,0,0,0,0,0,0,0,0,4,0,40.0103,-75.1353, , 
 ,11593,2016019812,6,67,67301,2016,2,3,820,8,1,1,0,4,1, , ,N,1,2,0,3,0,2,2,2,N,N,40 00:22.129,75 10:14.757,830, ,823, ,0, ,N, ,3, , , , , ,144372, , , ,2,1,0,0,0,0,1,0,0,0,0,0,2,2,0,0,0,0,0,0,0,0,0,0,0,0,0,0,0,0,0,0,0,0,0,8,0,40.0061,-75.1708, , 
 ,11594,2016047799,6,67,67301,2016,4,7,1549,15,1,1,0,8,1, , ,N,0,0,0,3,0,1,2,2,N,N,40 03:16.303,75 11:09.012,1552, ,1550, ,0, ,N, ,0, , , , , ,144397, , , ,1,1,0,0,0,0,0,0,0,0,0,1,1,0,0,0,0,0,0,0,0,0,0,0,0,0,0,0,0,0,0,0,1,0,0,4,0,40.0545,-75.1858, , 
 ,11595,2016054238,6,67,67301,2016,5,2,1820,18,1,1,0,7,2, , ,N,0,0,0,3,0,2,2,1,N,N,39 53:26.561,75 13:15.546,1825, ,1822, ,0, , , ,0, , , , , ,144403, , , ,1,1,0,0,0,0,0,0,0,0,0,0,2,2,0,0,0,0,0,0,1,0,0,0,0,0,0,0,0,0,0,0,0,0,0,8,0,39.8907,-75.221, , 
 ,11596,2016019774,6,67,67301,2016,1,1,358,3,3,1,1,6,1, , ,N,0,0,0,3,0,4,4,2,N,N,40 01:08.785,75 12:05.037,407, ,400, ,0, ,N, ,0, , , , , ,144428, , , ,2,2,0,0,0,0,0,0,0,0,2,2,4,0,0,0,0,0,0,0,0,0,0,0,0,0,0,0,0,0,0,0,0,0,0,3,0,40.0191,-75.2014, , 
 ,11597,2016052366,6,67,67301,2016,5,2,1558,15,1,1,0,4,1, , ,N,1,3,0,3,0,0,2,2,N,N,40 01:15.638,75 03:04.756,1603, ,1559, ,0, ,N, ,3, , , , , ,144456, , , ,2,1,0,0,0,0,1,0,0,0,0,0,0,0,0,0,0,0,0,0,0,0,0,2,0,0,0,0,0,0,0,0,0,0,0,0,0,40.021,-75.0513, , 
 ,11598,2016027583,6,67,67301,2016,2,7,9999,99,3,1,0,1,1, , ,N,0,0,0,3,0,0,3,2,N,N,39 56:01.372,75 09:16.440,214, ,214,3,2,4, , ,0,Y, , , , ,144490, , , ,2,2,0,0,0,0,0,0,0,0,0,0,0,0,0,0,0,0,0,0,0,0,0,1,0,0,0,0,0,0,0,0,0,0,0,0,0,39.9337,-75.1546, , 
 ,11599,2016032022,6,67,67301,2016,3,6,1900,19,3,1,0,8,1, , ,N,2,3,0,3,0,2,3,3,N, ,39 59:25.043,75 07:33.562,1910, ,1900, ,0, , , ,3, , , , , ,144496, , , ,1,0,0,0,0,0,0,1,0,0,2,0,2,0,0,0,0,0,0,0,1,0,0,0,0,0,0,0,0,0,0,0,2,0,0,3,0,39.9902,-75.1259, , 
 ,11600,2016037367,6,67,67301,2016,3,5,1054,10,1,1,0,4,1, , ,N,1,2,0,3,0,3,3,2,N,N,40 01:40.946,75 06:36.204,1107, ,1055, ,0, ,N, ,3, , , , , ,144504, , , ,2,1,0,0,0,0,1,0,0,0,0,3,3,0,0,0,0,0,0,0,2,0,0,1,0,0,0,0,0,0,0,0,0,0,0,4,0,40.028,-75.1101, , 
 ,11601,2016014447,6,67,67301,2016,1,4,941,9,1,1,0,4,1, , ,N,1,2,0,3,0,1,2,2,N, ,40 00:49.975,75 07:33.617,947, ,943, ,0, , , ,3, , , , , ,144527, , , ,2,0,0,0,0,0,0,2,0,0,0,1,1,0,0,0,0,0,0,0,0,0,0,0,0,0,0,0,0,0,0,0,0,0,0,4,0,40.0139,-75.126, , 
 ,11602,2016033119,6,67,67301,2016,3,2,1218,12,1,1,0,1,1, , ,N,7,0,2,3,0,2,3,2,N,N,40 00:38.272,75 11:04.414,1226, ,1221, ,0, ,N, ,0, , , , , ,144545, , , ,2,1,0,0,0,0,0,1,0,0,1,0,2,1,0,0,0,0,0,0,1,1,0,0,0,0,0,0,0,0,0,0,0,0,0,3,0,40.0106,-75.1846, , 
 ,11603,2016011638,6,67,67301,2016,1,4,1513,15,1,1,0,1,1, , ,N,0,0,0,3,0,0,3,2,N,N,39 58:41.702,75 12:07.551,1601, ,1541, ,0, , , ,0, , , , , ,144567, , , ,2,0,0,0,0,0,2,0,0,0,0,0,0,0,1,0,0,0,0,0,1,0,0,0,0,0,0,0,0,0,0,0,0,0,0,9,0,39.9783,-75.2021, , 
 ,11604,2016013693,6,67,67301,2016,1,2,800,8,1,1,0,8,1, , ,N,5,2,0,3,0,1,2,2,N,N,39 59:52.195,75 06:39.459,945, ,940, ,0, ,N, ,3, , , , , ,144570, , , ,1,1,0,0,0,0,0,0,0,1,0,0,1,0,0,0,0,0,0,0,0,0,0,1,0,0,0,0,0,0,0,0,1,0,1,2,0,39.9978,-75.111, , 
 ,11605,2016013806,6,67,67301,2016,1,2,232,2,3,1,0,7,5, , ,N,0,0,0,3,0,1,1,1,N,N,39 55:05.145,75 14:48.693,345, ,342, ,0, ,N, ,0, , , , , ,144571, , , ,1,1,0,0,0,0,0,0,0,0,1,0,1,0,0,0,0,0,0,0,0,0,0,0,0,0,0,0,0,0,0,0,0,0,0,3,0,39.9181,-75.2469, , 
 ,11606,2016014007,6,67,67301,2016,1,6,745,7,1,1,0,8,1, , ,N,2,3,0,3,0,1,2,2,N,N,39 58:00.978,75 08:03.884,754, ,753,1,1,3,N, ,3,N, , , , ,144572, , , ,1,0,0,0,0,0,1,0,0,0,0,0,1,1,0,0,0,0,0,0,1,0,0,0,0,0,0,0,0,0,0,0,1,0,0,8,0,39.9669,-75.1344, , 
 ,11607,2016026119,6,67,67301,2016,2,4,1445,14,1,1,0,1,1, , ,N,1,2,0,3,0,1,3,2,N,Y,39 58:39.875,75 12:48.192,1930, ,1925, ,0, ,N, ,3, , , , , ,144579, , , ,2,1,0,0,0,0,1,0,0,0,0,0,1,1,1,0,0,0,0,0,0,0,0,0,0,0,0,0,0,0,0,0,0,0,0,8,0,39.9777,-75.2134, , 
 ,11608,2016029593,6,67,67301,2016,3,6,348,3,3,1,0,4,1, , ,N,2,2,0,3,0,1,3,2, , ,39 57:20.290,75 12:08.212,348, ,348, ,0, , , ,3, , , , , ,147331, , , ,1,1,0,0,0,0,0,0,1,0,1,0,1,0,0,0,0,0,0,0,0,0,0,0,0,0,0,0,0,0,0,0,0,0,0,3,0,39.9556,-75.2023, , 
N,11609,2016030780,6,67,67301,2016,2,2,1936,19,3,1,0,1,1,1,4,Y,0,0,0,3,0,0,2,2,N,N,39 58:49.802,75 06:14.967,1946,45,1938,2,2,1, , ,0,N,N,N,N,N,147332,N,N,Y,2,2,0,0,0,0,0,0,0,0,0,0,0,0,0,0,0,0,0,1,0,0,0,0,0,0,0,0,0,0,0,0,0,0,0,0,0,39.9805,-75.1042, , 
 ,11610,2016032049,6,67,67301,2016,3,5,1658,16,1,1,0,4,1, , ,N,1,3,0,3,0,1,2,2,N, ,39 57:27.730,75 13:31.245,1658, ,1658, ,0, , , ,3, , , , , ,147333, , , ,2,0,0,0,0,0,0,0,0,0,0,0,1,1,1,0,0,1,0,0,0,0,0,0,0,0,0,0,0,0,0,0,0,0,0,8,0,39.9577,-75.2253, , 
 ,11611,2016032628,6,46,46102,2016,3,2,730,7,1,2,1,8,1, , ,N,1,2,0,3,0,1,2,2,N,N,40 04:18.194,75 09:14.605,735, ,733, ,0, ,N, ,3, , , , , ,147334, , , ,1,0,0,0,0,0,1,0,0,0,0,0,1,1,0,0,0,0,0,0,0,1,0,0,0,0,0,0,0,0,0,0,1,0,0,8,0,40.0717,-75.1541, , 
 ,11612,2016036433,6,67,67301,2016,3,5,1701,17,1,1,0,4,1, , ,N,2,3,0,3,0,4,4,3,N,N,40 01:17.338,75 10:36.664,1705, ,1702,1,2,5, , ,3,N, , , , ,147343, , , ,3,2,0,0,0,0,1,0,0,0,1,3,4,0,0,0,0,0,0,0,0,0,0,0,0,0,0,0,0,0,0,0,0,0,0,3,0,40.0215,-75.1769, , 
 ,11613,2016040178,6,67,67301,2016,3,7,440,4,3,1,0,7,4, , ,N,0,0,0,3,0,0,1,1,N,N,39 58:35.605,75 11:45.452,440, ,440,1,2,4, , ,0,N, , , , ,147348, , , ,1,1,0,0,0,0,0,0,0,0,0,0,0,0,0,0,0,0,0,0,0,0,0,0,0,0,0,0,0,0,0,0,0,0,0,0,0,39.9766,-75.196, , 
 ,11614,2016014026,6,67,67301,2016,1,5,1305,13,1,1,0,8,1, , ,N,0,0,0,3,0,1,2,2,N,N,39 55:19.765,75 10:21.280,1351, ,1349, ,0, , , ,0, , , , , ,147361, , , ,1,1,0,0,0,0,0,0,0,0,0,1,1,0,0,0,0,0,0,0,0,0,0,1,0,0,0,0,0,0,0,0,1,0,0,4,0,39.9222,-75.1726, , 
 ,11615,2016026126,6,67,67301,2016,2,2,1239,12,1,4,1,4,1, , ,N,2,0,0,3,0,2,2,2,N, ,40 00:30.304,75 04:12.532,1303, ,1246,9,1,4, , ,0,N, , , , ,147379, , , ,2,0,0,0,1,0,1,0,0,0,0,2,2,0,0,0,0,0,0,0,0,0,0,0,0,0,0,0,0,0,0,0,0,0,0,4,1,40.0084,-75.0701, , 
 ,11616,2016032082,6,67,67301,2016,2,2,1405,14,1,1,0,1,1, , ,N,0,0,3,3,0,1,5,4,N, ,39 53:52.055,75 12:41.326,1455, ,1450,1,2,3, , ,0,N, , , , ,147387, , , ,4,3,0,0,0,0,1,0,0,0,0,1,1,0,0,0,0,0,0,0,1,0,0,0,0,0,0,0,0,0,0,0,0,0,0,4,0,39.8978,-75.2115, , 
 ,11617,2016039708,6,67,67301,2016,3,3,1053,10,1,1,0,8,1, , ,N,1,2,0,3,0,1,2,2,N,N,40 02:40.890,75 03:16.537,1056, ,1054,3,2,2,N, ,3,N, , , , ,147392, , , ,1,0,0,0,0,0,1,0,0,1,0,0,1,0,0,0,0,0,0,0,0,0,0,0,0,0,0,0,0,0,0,0,1,0,1,2,0,40.0446,-75.0547, , 
 ,11618,2016019914,6,67,67301,2016,2,7,532,5,3,1,0,4,1, , ,N,1,2,0,3,0,2,2,2,N,N,40 03:24.250,75 02:48.711,609, ,553,1,1,2,N, ,3,N, , , , ,147417, , , ,2,1,0,0,0,0,1,0,0,0,0,2,2,0,0,0,0,0,0,0,0,1,0,0,0,0,0,0,0,0,0,0,0,0,0,4,0,40.0567,-75.0469, , 
 ,11619,2016027569,6,67,67301,2016,2,1,307,3,3,1,0,7,4, , ,N,1,2,0,3,0,1,1,1,N,N,40 00:43.542,75 06:43.855,307, ,307, ,0, ,N, ,3, , , , , ,147420, , , ,1,0,0,0,0,0,1,0,0,0,0,1,1,0,0,0,0,0,0,0,0,0,0,0,0,0,0,0,0,0,0,0,0,0,0,4,0,40.0121,-75.1122, , 
 ,11620,2016053622,6,67,67301,2016,5,6,2313,23,3,1,0,5,6, , ,N,0,0,0,3,0,0,1,2,N,N,40 01:45.544,75 03:13.464,35, ,2313, ,0, , , ,0, , , , , ,147438, , , ,2,1,0,0,0,0,1,0,0,0,0,0,0,0,0,0,0,0,0,0,0,0,0,1,0,0,0,0,0,0,0,0,0,0,0,0,0,40.0293,-75.0537, , 
 ,11621,2016013835,6,67,67301,2016,1,7,2208,22,3,1,1,4,1, , ,N,2,2,0,3,0,2,2,2,N,N,40 01:38.437,75 01:43.908,2217, ,2215,3,2,2,N, ,3,Y, , , , ,147452, , , ,2,0,0,0,1,0,1,0,0,0,0,2,2,0,0,0,0,0,0,0,1,0,0,0,0,0,0,0,0,0,0,0,0,0,0,4,0,40.0273,-75.0288, , 
 ,11622,2016033908,6,67,67301,2016,3,4,1900,19,3,1,0,4,1, , ,N,2,0,0,3,0,1,2,2,N, ,39 59:14.006,75 09:48.347,1925, ,1908, ,0, , , ,0, , , , , ,147478, , , ,1,1,0,0,0,0,0,0,1,0,0,0,1,1,0,0,0,0,0,0,0,0,0,0,0,0,0,0,0,0,0,0,0,0,0,8,0,39.9872,-75.1634, , 
 ,11623,2016036391,6,67,67301,2016,3,2,1806,18,1,1,0,4,1, , ,N,2,2,0,3,0,1,8,2,N,N,40 00:45.170,75 03:29.345,1817, ,1813,2,1,2,N, ,3,N, , , , ,147480, , , ,2,1,0,0,0,0,1,0,0,0,0,1,1,0,0,0,0,0,0,0,1,0,0,0,0,0,0,0,0,0,0,0,0,0,0,4,0,40.0125,-75.0582, , 
 ,11624,2016040918,6,67,67301,2016,3,5,716,7,1,1,0,4,1, , ,N,0,0,7,3,0,7,8,3,N, ,39 54:02.075,75 13:31.140,729, ,725, ,0, ,N, ,0, , , , , ,147484, , , ,3,2,0,0,0,0,0,1,0,0,1,2,7,4,0,0,0,0,0,0,0,0,0,2,0,0,0,0,0,0,0,0,0,0,0,3,0,39.9006,-75.2253, , 