wz_ln_closure,objectid_1,crn,district,county,municipality,crash_year,crash_month,day_of_week,time_of_day,hour_of_day,illumination,weather,road_condition,collision_type,relation_to_road,work_zone_type,work_zone_loc,work_zone_ind,intersect_type,tcd_type,location_type,urban_rural,fatal_count,injury_count,person_count,total_units,sch_bus_ind,sch_zone_ind,latitude,longitude,arrival_tm,cons_zone_spd_lim,dispatch_tm,est_hrs_closed,lane_closed,ln_close_dir,ntfy_hiwy_maint,spec_juris_cd,tcd_func_cd,tfc_detour_ind,workers_pres,wz_close_detour,wz_flagger,wz_law_offcr_ind,objectid,wz_moving,wz_other,wz_shlder_mdn,vehicle_count,automobile_count,motorcycle_count,bus_count,small_truck_count,heavy_truck_count,suv_count,van_count,bicycle_count,maj_inj_count,mod_inj_count,min_inj_count,tot_inj_count,unk_inj_deg_count,unk_inj_per_count,driver_count_16yr,driver_count_17yr,driver_count_18yr,driver_count_19yr,driver_count_20yr,driver_count_50_64yr,driver_count_65_74yr,driver_count_75plus,unbelted_occ_count,unb_death_count,unb_maj_inj_count,belted_death_count,belted_maj_inj_count,mcycle_death_count,mcycle_maj_inj_count,bicycle_death_count,bicycle_maj_inj_count,ped_count,ped_death_count,ped_maj_inj_count,max_severity_level,comm_veh_count,dec_lat,dec_long,rdwy_surf_type_cd,county_name
 ,11958,2016039660,6,67,67301,2016,3,1,745,7,1,2,1,7,4, , ,N,0,0,0,3,0,1,1,1,N,N,40 01:44.836,75 11:24.132,749, ,747,1,2,1,N, ,0,N, , , , ,145365, , , ,1,0,0,0,0,0,1,0,0,0,0,0,1,1,0,0,0,0,0,0,0,0,0,0,0,0,0,0,0,0,0,0,0,0,0,8,0,40.0291,-75.19, , 
 ,11959,2016048692,6,67,67301,2016,4,2,1615,16,1,1,0,6,1, , ,N,1,2,0,3,0,4,4,2,N, ,40 02:15.589,75 02:33.074,1630, ,1625, ,0, , , ,3, , , , , ,145372, , , ,2,2,0,0,0,0,0,0,0,0,1,3,4,0,0,0,0,0,0,0,0,0,0,0,0,0,0,0,0,0,0,0,0,0,0,3,0,40.0377,-75.0425, , 
 ,11960,2016033816,6,67,67301,2016,3,3,30,0,3,2,1,1,1, , ,N,2,2,0,3,0,0,6,4,N,N,39 57:34.816,75 14:50.653,34, ,32, ,0, ,N, ,3, , , , , ,145410, , , ,4,2,0,0,1,0,0,1,0,0,0,0,0,0,0,0,0,0,0,0,1,0,0,3,0,0,0,0,0,0,0,0,0,0,0,0,0,39.9597,-75.2474, , 
 ,11961,2016033851,6,67,67301,2016,3,7,1822,18,3,1,0,7,5, , ,N,1,2,0,3,0,3,3,1,N,N,39 56:51.284,75 10:10.599,1827, ,1826,2,2,4,N, ,3,Y, , , , ,145411, , , ,1,0,0,0,0,0,1,0,0,0,0,3,3,0,0,0,0,0,0,0,0,0,0,0,0,0,0,0,0,0,0,0,0,0,0,4,0,39.9476,-75.1696, , 
 ,11962,2016036425,6,67,67301,2016,3,7,1145,11,1,1,0,4,1, , ,N,1,2,0,3,0,1,2,2,N, ,39 58:53.926,75 10:25.967,1155, ,1152, ,0, , , ,3, , , , , ,145413, , , ,2,2,0,0,0,0,0,0,0,0,0,1,1,0,0,0,0,0,0,0,1,0,0,1,0,0,0,0,0,0,0,0,0,0,0,4,0,39.9816,-75.1739, , 
 ,11963,2016007478,6,67,67301,2016,1,7,1624,16,1,1,0,4,1, , ,N,1,2,0,3,0,1,5,2,N,N,39 59:45.293,75 05:31.432,1627, ,1624,2,2,2, , ,3,Y, , , , ,145431, , , ,2,0,0,0,0,0,2,0,0,0,0,1,1,0,0,0,0,0,0,0,0,0,0,0,0,0,0,0,0,0,0,0,0,0,0,4,0,39.9959,-75.0921, , 
 ,11964,2016017025,6,67,67301,2016,1,4,1932,19,3,1,0,8,1, , ,N,1,2,0,3,0,1,2,2,N,N,40 00:28.314,75 10:20.141,1936, ,1934, ,0, ,N, ,3, , , , , ,145438, , , ,1,0,0,0,0,0,1,0,0,0,0,1,1,0,0,0,0,0,0,0,1,0,0,0,0,0,0,0,0,0,0,0,1,0,0,4,0,40.0079,-75.1723, , 
 ,11965,2016019853,6,67,67301,2016,2,3,1450,14,1,1,0,1,1, , ,N,10,4,0,3,0,2,3,2,N, ,40 03:52.346,75 14:22.962,1455, ,1450, ,0, , , ,3, , , , , ,145439, , , ,2,2,0,0,0,0,0,0,0,0,0,2,2,0,0,0,0,0,0,0,0,0,0,0,0,0,0,0,0,0,0,0,0,0,0,4,0,40.0645,-75.2397, , 
 ,11966,2016026128,6,67,67301,2016,2,5,2120,21,3,1,0,1,1, , ,N,5,2,2,3,0,0,2,2,N, ,39 57:27.542,75 09:44.544,2135, ,2126,2,1,1, , ,3,N, , , , ,145445, , , ,2,0,0,0,1,0,0,1,0,0,0,0,0,0,0,0,0,0,0,1,1,0,0,0,0,0,0,0,0,0,0,0,0,0,0,0,0,39.9577,-75.1624, , 
 ,11967,2016029825,6,67,67301,2016,2,6,1145,11,1,1,0,4,1, , ,N,1,2,0,3,0,0,3,2,N, ,39 57:20.808,75 09:32.558,1206, ,1206, ,0, , , ,3, , , , , ,145450, , , ,2,1,0,0,0,0,1,0,0,0,0,0,0,0,0,0,0,0,0,0,0,1,0,0,0,0,0,0,0,0,0,0,0,0,0,0,0,39.9558,-75.159, , 
 ,11968,2016036369,6,67,67301,2016,3,5,1152,11,1,1,0,8,1, , ,N,0,0,0,3,0,1,2,2,N,N,39 55:36.312,75 10:44.359,1158, ,1156, ,0, ,N, ,0, , , , , ,145459, , , ,1,0,0,1,0,0,0,0,0,0,0,1,1,0,0,0,0,0,0,0,0,0,0,0,0,0,0,0,0,0,0,0,1,0,0,4,1,39.9268,-75.179, , 
 ,11969,2016053676,6,67,67301,2016,5,4,1920,19,4,2,1,4,1, , ,N,1,2,0,3,0,1,2,2,N, ,40 05:41.027,74 58:07.438,1935, ,1925, ,0, , , ,3, , , , , ,148167, , , ,2,2,0,0,0,0,0,0,0,0,0,1,1,0,1,0,0,0,0,0,1,0,0,2,0,0,0,0,0,0,0,0,0,0,0,4,0,40.0947,-74.9687, , 
 ,11970,2016013766,6,67,67301,2016,1,4,1835,18,3,1,0,4,1, , ,N,0,0,7,3,0,1,4,2,N,N,39 55:17.061,75 12:59.155,1848, ,1845,3,1,5,N, ,0,N, , , , ,148188, , , ,2,2,0,0,0,0,0,0,0,0,0,1,1,0,0,0,0,1,0,0,0,0,0,0,0,0,0,0,0,0,0,0,0,0,0,4,0,39.9214,-75.2164, , 
 ,11971,2016016618,6,67,67301,2016,1,3,850,8,1,9,1,4,1, , ,N,0,0,0,3,0,0,2,2,N, ,39 56:22.897,75 11:53.822,857, ,855,9,1,3, , ,0,N, , , , ,148192, , , ,2,2,0,0,0,0,0,0,0,0,0,0,0,0,0,0,0,0,0,0,0,0,0,0,0,0,0,0,0,0,0,0,0,0,0,0,0,39.9397,-75.1983, , 
 ,11972,2016029841,6,67,67301,2016,2,2,1410,14,1,1,1,4,1, , ,N,1,3,0,3,0,2,3,2,N,N,40 03:40.936,75 10:07.181,1523, ,1523,3,2,2, , ,3,Y, , , , ,148202, , , ,2,1,0,0,0,0,1,0,0,0,0,1,2,1,0,0,0,0,0,0,0,1,0,0,0,0,0,0,0,0,0,0,0,0,0,4,0,40.0614,-75.1687, , 
 ,11973,2016013777,6,67,67301,2016,1,3,1443,14,1,1,0,4,1, , ,N,2,2,0,3,0,1,2,2,N, ,39 58:28.920,75 11:58.250,1508, ,1443,2,1,3, , ,3,Y, , , , ,148232, , , ,2,1,0,0,0,1,0,0,0,0,1,0,1,0,0,0,0,0,0,0,1,0,0,0,0,0,0,0,0,0,0,0,0,0,0,3,0,39.9746,-75.1995, , 
 ,11974,2016017056,6,67,67301,2016,1,2,1510,15,1,4,3,2,1, , ,N,0,0,0,3,0,0,1,2,N,N,40 05:00.909,75 13:19.887,1636, ,1623, ,0, ,N, ,0, , , , , ,148234, , , ,2,1,0,0,0,0,1,0,0,0,0,0,0,0,0,0,0,0,0,0,0,0,0,0,0,0,0,0,0,0,0,0,0,0,0,0,0,40.0836,-75.2222, , 
 ,11975,2016022604,6,67,67301,2016,2,6,1248,12,1,1,0,7,2, , ,N,0,0,0,3,0,0,1,1,N,N,39 56:38.481,75 08:34.521,1255, ,1248,2,1,2, , ,0,N, , , , ,148240, , , ,1,1,0,0,0,0,0,0,0,0,0,0,0,0,0,0,0,0,0,0,1,0,0,1,0,0,0,0,0,0,0,0,0,0,0,0,0,39.944,-75.1429, , 
 ,11976,2016032012,6,67,67301,2016,3,5,2008,20,2,1,0,4,1, , ,N,1,2,0,3,0,3,4,2,N, ,39 58:36.400,75 10:35.741,2012, ,2010, ,0, , , ,3, , , , , ,148249, , , ,2,1,0,0,0,0,1,0,0,0,0,1,3,2,0,0,0,0,0,0,0,0,0,4,0,0,0,0,0,0,0,0,0,0,0,4,0,39.9768,-75.1766, , 
 ,11977,2016032108,6,67,67301,2016,3,4,2230,22,3,1,0,8,1, , ,N,1,3,0,3,0,1,2,2,N, ,40 02:31.156,75 10:36.627,1836, ,1836, ,0, , , ,3, , , , , ,148250, , , ,1,1,0,0,0,0,0,0,0,0,1,0,1,0,1,0,0,0,0,0,0,0,0,0,0,0,0,0,0,0,0,0,1,0,0,3,0,40.042,-75.1768, , 
 ,11978,2016033797,6,67,67301,2016,3,6,1310,13,1,1,0,4,1, , ,N,1,2,0,3,0,0,2,2,N, ,39 58:18.181,75 07:33.198,1310, ,1310,1,1,5, , ,3,N, , , , ,148253, , , ,2,0,0,0,0,0,1,1,0,0,0,0,0,0,0,0,0,0,0,0,1,0,0,0,0,0,0,0,0,0,0,0,0,0,0,0,0,39.9717,-75.1259, , 
 ,11979,2016040280,6,67,67301,2016,4,3,2350,23,3,1,0,4,1, , ,N,1,2,0,3,0,1,2,2,N,N,39 57:01.634,75 11:33.356,2356, ,2354, ,0, ,N, ,3, , , , , ,148260, , , ,1,1,0,0,0,0,0,0,1,0,1,0,1,0,1,0,0,0,0,0,0,0,0,0,0,0,0,0,0,0,0,0,0,0,0,3,0,39.9505,-75.1926, , 
 ,11980,2016046100,6,67,67301,2016,4,4,1634,16,1,1,0,1,1, , ,N,1,2,0,3,0,2,5,3,N,N,40 00:15.609,75 07:41.037,1634, ,1634, ,0, ,N, ,3, , , , , ,148264, , , ,3,3,0,0,0,0,0,0,0,0,0,2,2,0,0,0,0,0,0,0,0,0,0,3,0,0,0,0,0,0,0,0,0,0,0,4,0,40.0043,-75.1281, , 
 ,11981,2016051301,6,67,67301,2016,4,6,1740,17,1,1,0,4,1, , ,N,1,3,0,3,0,0,2,2,N, ,39 57:22.503,75 12:48.657,1817, ,1814, ,0, , , ,3, , , , , ,148269, , , ,2,1,0,0,0,0,0,1,0,0,0,0,0,0,0,0,0,0,0,0,0,0,0,0,0,0,0,0,0,0,0,0,0,0,0,0,0,39.9563,-75.2135, , 
 ,11982,2016029795,6,67,67301,2016,2,5,1741,17,3,1,0,4,1, , ,N,5,2,0,3,0,1,4,4,N,N,40 00:31.996,75 04:18.728,1800, ,1741, ,0, ,N, ,3, , , , , ,148292, , , ,4,3,0,0,0,0,1,0,0,0,0,0,1,1,0,0,0,0,0,0,2,0,0,0,0,0,0,0,0,0,0,0,0,0,0,8,0,40.0089,-75.0719, , 
 ,11983,2016033497,6,67,67301,2016,3,4,1330,13,1,1,0,1,1, , ,N,0,0,0,3,0,2,2,2,N,N,39 53:15.155,75 12:56.878,1334, ,1330,2,1,2, , ,0,N, , , , ,148293, , , ,2,1,0,0,0,0,1,0,0,0,0,0,2,2,0,0,0,0,0,0,0,1,0,0,0,0,0,0,0,0,0,0,0,0,0,8,0,39.8875,-75.2158, , 
 ,11984,2016013754,6,67,67301,2016,1,2,1412,14,1,1,0,4,1, , ,N,1,2,0,3,0,1,3,2,N,N,39 58:46.722,75 08:27.679,1440, ,1430, ,0, ,N, ,3, , , , , ,148331, , , ,2,0,0,1,0,0,1,0,0,0,0,1,1,0,0,0,0,0,0,0,1,0,0,1,0,0,0,0,0,0,0,0,0,0,0,4,1,39.9796,-75.141, , 
 ,11985,2016033854,6,67,67301,2016,3,6,2300,23,3,1,0,4,1, , ,N,1,2,0,3,0,1,4,2,N,N,39 56:28.421,75 12:33.849,2333, ,2320, ,0, ,N, ,3, , , , , ,148348, , , ,2,1,0,0,0,0,1,0,0,0,0,1,1,0,0,0,0,0,0,0,1,0,0,1,0,0,0,0,0,0,0,0,0,0,0,4,0,39.9412,-75.2094, , 
 ,11986,2016046108,6,67,67301,2016,4,5,845,8,1,1,0,5,1, , ,N,0,0,0,3,0,1,2,2,N,N,39 57:37.741,75 08:19.831,855, ,850, ,0, ,N, ,0, , , , , ,148359, , , ,1,0,0,0,0,0,0,0,1,0,1,0,1,0,0,0,0,0,0,0,0,0,0,0,0,0,0,0,0,0,0,0,0,0,0,3,0,39.9605,-75.1388, , 
 ,11987,2016053744,6,67,67301,2016,5,3,615,6,1,1,0,4,1, , ,N,1,2,0,3,0,1,2,2,N,N,40 02:16.393,75 08:22.102,1000, ,1000, ,0, ,N, ,3, , , , , ,154433, , , ,2,1,0,0,0,0,1,0,0,0,0,1,1,0,1,0,0,0,0,0,0,1,0,0,0,0,0,0,0,0,0,0,0,0,0,4,0,40.0379,-75.1395, , 
 ,11988,2016014050,6,67,67301,2016,1,1,501,5,3,2,1,1,1, , ,N,0,0,3,3,0,0,3,2,N, ,40 00:58.018,75 10:32.923,515, ,501,9,1,2, , ,0,N, , , , ,154447, , , ,2,1,0,0,0,0,1,0,0,0,0,0,0,0,0,0,0,0,0,0,0,0,0,0,0,0,0,0,0,0,0,0,0,0,0,0,0,40.0161,-75.1758, , 
 ,11989,2016029796,6,67,67301,2016,2,6,50,0,3,1,0,5,6, , ,N,0,0,0,3,0,0,1,2,N,N,40 02:16.863,75 02:31.616,207, ,202, ,0, ,N, ,0, , , , , ,154454, , , ,2,2,0,0,0,0,0,0,0,0,0,0,0,0,0,0,0,0,0,0,0,0,0,0,0,0,0,0,0,0,0,0,0,0,0,0,0,40.038,-75.0421, , 
 ,11990,2016060496,6,67,67301,2016,5,7,1816,18,1,2,7,5,1, , ,N,0,0,0,3,0,0,8,2,N,N,39 53:28.580,75 14:17.842,1850, ,1822, ,0, , , ,0, , , , , ,154482, , , ,2,1,0,0,0,0,1,0,0,0,0,0,0,0,1,0,0,0,0,0,0,0,0,0,0,0,0,0,0,0,0,0,0,0,0,9,0,39.8913,-75.2383, , 
 ,11991,2016013920,6,67,67301,2016,1,1,230,2,3,1,0,7,4, , ,N,0,0,0,3,0,1,1,1,N, ,40 07:00.393,75 01:11.312,234, ,230,3,1,2, , ,0,N, , , , ,154498, , , ,1,0,0,0,0,0,0,1,0,0,0,1,1,0,0,0,0,0,0,0,0,0,0,0,0,0,0,0,0,0,0,0,0,0,0,4,0,40.1168,-75.0198, , 
 ,11992,2016036509,6,67,67301,2016,3,2,47,0,3,2,1,2,6, , ,N,0,0,0,3,0,1,2,3,N, ,40 02:09.881,75 11:10.998,100, ,55, ,0, , , ,0, , , , , ,154518, , , ,3,3,0,0,0,0,0,0,0,0,0,1,1,0,0,0,0,0,0,0,0,0,0,0,0,0,0,0,0,0,0,0,0,0,0,4,0,40.0361,-75.1864, , 
 ,11993,2016040954,6,67,67301,2016,4,7,1900,19,4,1,0,4,1, , ,N,2,2,0,3,0,0,2,2,N,N,39 56:24.737,75 12:02.483,1920, ,1911, ,0, ,N, ,3, , , , , ,154524, , , ,2,2,0,0,0,0,0,0,0,0,0,0,0,0,0,0,0,0,0,0,0,0,0,0,0,0,0,0,0,0,0,0,0,0,0,0,0,39.9401,-75.2007, , 
 ,11994,2016049316,6,67,67301,2016,4,7,1625,16,1,1,0,1,1, , ,N,0,0,0,3,0,0,6,3,N,N,40 00:28.375,75 12:07.819,1633, ,1626,1,1,3, , ,0,N, , , , ,154530, , , ,3,1,0,0,0,0,2,0,0,0,0,0,0,0,0,0,0,0,0,0,1,0,0,0,0,0,0,0,0,0,0,0,0,0,0,0,0,40.0079,-75.2022, , 
 ,11995,2016007495,6,67,67301,2016,1,6,240,2,3,1,0,8,1, , ,N,2,2,0,3,0,2,3,3,N,N,40 00:48.906,75 09:32.155,243, ,242,1,1,4,N, ,3,Y, , , , ,154539, , , ,1,1,0,0,0,0,0,0,0,0,0,2,2,0,0,0,0,0,0,0,0,0,0,0,0,0,0,0,0,0,0,0,2,0,0,4,0,40.0135,-75.1589, , 
 ,11996,2016008623,6,67,67301,2016,1,2,325,3,3,1,0,7,4, , ,N,1,3,99,3,0,0,1,1,N,N,39 55:44.943,75 11:13.894,331, ,327, ,0, ,N, ,3, , , , , ,154540, , , ,1,1,0,0,0,0,0,0,0,0,0,0,0,0,1,0,0,0,0,0,0,0,0,0,0,0,0,0,0,0,0,0,0,0,0,9,0,39.9292,-75.1872, , 
 ,11997,2016019768,6,67,67301,2016,2,2,2059,20,3,1,1,1,1, , ,N,0,0,0,3,0,1,4,2,N,N,39 57:10.825,75 14:55.597,2102, ,2100, ,0, ,N, ,0, , , , , ,154553, , , ,2,1,0,0,0,0,1,0,0,0,0,0,1,1,0,0,0,0,0,0,0,0,0,0,0,0,0,0,0,0,0,0,0,0,0,8,0,39.953,-75.2488, , 
 ,11998,2016025979,6,67,67301,2016,2,1,345,3,3,1,0,5,6, , ,N,0,0,0,3,0,0,1,2,N,N,39 58:44.341,75 13:32.142,347, ,346, ,0, ,N, ,0, , , , , ,154560, , , ,2,2,0,0,0,0,0,0,0,0,0,0,0,0,0,0,0,0,0,0,0,0,0,1,0,0,0,0,0,0,0,0,0,0,0,0,0,39.979,-75.2256, , 
 ,11999,2016026130,6,67,67301,2016,2,5,2003,20,3,1,0,4,1, , ,N,1,2,0,3,0,1,2,2,N,N,39 58:09.508,75 09:21.923,2011, ,2010, ,0, ,N, ,3, , , , , ,154602, , , ,1,1,0,0,0,0,0,0,1,0,0,1,1,0,0,0,0,0,0,0,1,0,0,0,0,0,0,0,0,0,0,0,0,0,0,4,0,39.9693,-75.1561, , 
 ,12000,2016029832,6,67,67301,2016,2,3,2240,22,2,1,1,4,1, , ,N,3,0,0,3,0,0,4,2,N,N,39 56:28.490,75 12:38.577,9999, ,115, ,0, ,N, ,0, , , , , ,154604, , , ,2,1,0,0,0,0,0,1,0,0,0,0,0,0,3,0,0,0,0,0,0,0,0,0,0,0,0,0,0,0,0,0,0,0,0,9,0,39.9412,-75.2108, , 
 ,12001,2016033492,6,67,67301,2016,3,2,1453,14,1,2,1,7,2, , ,N,0,0,0,3,0,0,1,1,N,N,39 57:26.969,75 09:32.369,1510, ,1454,1,1,4, , ,0,N, , , , ,154609, , , ,1,1,0,0,0,0,0,0,0,0,0,0,0,0,0,0,0,0,0,0,0,0,0,0,0,0,0,0,0,0,0,0,0,0,0,0,0,39.9575,-75.159, , 
 ,12002,2016048640,6,67,67301,2016,4,4,725,7,1,1,0,4,1, , ,N,1,3,0,3,0,0,2,2,N,N,40 01:58.832,75 07:41.962,755, ,750, ,0, ,N, ,3, , , , , ,154619, , , ,2,1,0,0,0,0,1,0,0,0,0,0,0,0,0,0,0,0,0,0,1,0,0,0,0,0,0,0,0,0,0,0,0,0,0,0,0,40.033,-75.1283, , 
 ,12003,2016054188,6,67,67301,2016,4,5,1335,13,1,2,1,4,1, , ,N,1,3,0,3,0,3,3,4,N,N,39 57:47.437,75 08:30.893,1340, ,1335, ,0, ,N, ,3, , , , , ,154625, , , ,4,4,0,0,0,0,0,0,0,0,2,1,3,0,0,0,0,0,0,0,0,1,0,0,0,0,0,0,0,0,0,0,0,0,0,3,0,39.9632,-75.1419, , 
 ,12004,2016056049,6,67,67301,2016,5,7,938,9,1,1,0,7,4, , ,N,2,0,0,3,0,1,1,1,N,N,40 00:59.954,75 09:29.663,945, ,940, ,0, ,N, ,0, , , , , ,154671, , , ,1,0,0,0,0,0,1,0,0,0,0,0,1,1,0,0,0,0,0,0,0,0,0,0,0,0,0,0,0,0,0,0,0,0,0,8,0,40.0167,-75.1582, , 
 ,12005,2016005575,6,67,67301,2016,1,5,1450,14,1,1,0,5,1, , ,N,0,0,0,3,0,1,2,2, , ,39 57:03.787,75 11:52.756,1550, ,1526, ,0, , , ,0, , , , , ,154681, , , ,1,1,0,0,0,0,0,0,1,0,1,0,1,0,0,0,0,0,0,0,0,0,0,0,0,0,0,0,0,0,0,0,0,0,0,3,0,39.9511,-75.198, , 
 ,12006,2016014559,6,67,67301,2016,1,6,1941,19,2,1,0,7,3, , ,N,0,0,0,3,0,2,3,1,N,N,39 59:43.665,75 11:51.875,1942, ,1942,2,1,3, , ,0,N, , , , ,151804, , , ,1,1,0,0,0,0,0,0,0,0,2,0,2,0,0,0,0,0,0,0,0,0,0,0,0,0,0,0,0,0,0,0,0,0,0,3,0,39.9955,-75.1977, , 
 ,12007,2016021272,6,67,67301,2016,1,6,2015,20,3,4,3,1,1, , ,N,0,0,0,3,0,0,3,2,N,N,39 59:43.111,75 11:51.548,2022, ,2015,2,1,4, , ,0,N, , , , ,151809, , , ,2,2,0,0,0,0,0,0,0,0,0,0,0,0,0,0,0,0,0,0,0,0,0,0,0,0,0,0,0,0,0,0,0,0,0,0,0,39.9953,-75.1977, , 
 ,12008,2016026061,6,67,67301,2016,2,5,1811,18,3,1,0,8,6, , ,N,0,0,0,3,0,1,1,3,N,N,39 55:18.300,75 13:30.100,1835, ,1828, ,0, ,N, ,0, , , , , ,151815, , , ,2,2,0,0,0,0,0,0,0,1,0,0,1,0,0,0,0,0,0,0,0,0,0,0,0,0,0,0,0,0,0,0,1,0,1,2,0,39.9218,-75.225, , 
 ,12009,2016035719,6,67,67301,2016,3,7,2055,20,3,1,0,4,1, , ,N,0,0,0,3,0,1,4,3,N,N,40 07:08.074,75 01:04.628,2059, ,2059, ,0, ,N, ,0, , , , , ,151821, , , ,3,2,0,0,0,0,1,0,0,0,0,1,1,0,0,0,0,0,0,0,1,0,0,0,0,0,0,0,0,0,0,0,0,0,0,4,0,40.1189,-75.018, , 
 ,12010,2016053494,6,67,67301,2016,5,3,1621,16,1,2,1,1,1, , ,N,6,0,2,3,0,1,5,4,N,N,39 54:47.032,75 10:40.244,1622, ,1621, ,0, ,N, ,0, , , , , ,151829, , , ,4,2,0,0,0,0,2,0,0,0,0,0,1,1,0,0,0,0,0,0,1,2,0,0,0,0,0,0,0,0,0,0,0,0,0,8,0,39.9131,-75.1778, , 
 ,12011,2016012458,6,67,67301,2016,1,1,9999,99,1,1,0,4,1, , ,N,1,2,0,3,0,0,2,2,N,N,40 01:13.809,75 11:32.576,9999, ,9999, ,0, ,N, ,3, , , , , ,151846, , , ,2,2,0,0,0,0,0,0,0,0,0,0,0,0,0,0,0,0,0,0,0,0,0,2,0,0,0,0,0,0,0,0,0,0,0,0,0,40.0205,-75.1924, , 
 ,12012,2016045738,6,67,67301,2016,4,3,1105,11,1,2,1,8,1, , ,N,0,0,0,3,0,1,2,2,N,N,39 57:47.860,75 10:06.998,1113, ,1111, ,0, , , ,0, , , , , ,151877, , , ,1,1,0,0,0,0,0,0,0,0,0,0,1,1,0,0,0,0,0,0,0,0,0,0,0,0,0,0,0,0,0,0,1,0,0,8,0,39.9633,-75.1686, , 
 ,12013,2016052525,6,67,67301,2016,5,1,347,3,3,2,1,7,4, , ,N,6,0,2,3,0,0,1,1,N,N,39 57:36.094,75 10:47.782,351, ,351,1,2,3, , ,0,N, , , , ,151883, , , ,1,0,0,0,0,0,1,0,0,0,0,0,0,0,0,0,0,0,0,0,0,0,0,0,0,0,0,0,0,0,0,0,0,0,0,0,0,39.96,-75.1799, , 
 ,12014,2016056057,6,67,67301,2016,5,5,1500,15,1,1,0,1,1, , ,N,0,0,0,3,0,1,2,2,N,N,39 55:17.261,75 11:31.028,1531, ,1530, ,0, ,N, ,0, , , , , ,151886, , , ,2,1,0,0,0,0,1,0,0,0,0,1,1,0,0,0,0,0,0,0,0,1,0,1,0,0,0,0,0,0,0,0,0,0,0,4,0,39.9215,-75.192, , 
 ,12015,2016029902,6,67,67301,2016,3,5,805,8,1,1,0,4,1, , ,N,1,3,0,3,0,0,3,2,N, ,40 01:51.034,75 13:03.745,814, ,811, ,0, , , ,3, , , , , ,151906, , , ,2,1,0,0,0,0,1,0,0,0,0,0,0,0,0,0,0,0,0,0,0,0,0,1,0,0,0,0,0,0,0,0,0,0,0,0,0,40.0308,-75.2177, , 
 ,12016,2016033808,6,67,67301,2016,3,3,49,0,3,1,0,5,6, , ,N,0,0,0,3,0,0,1,3,N,N,40 01:55.250,75 08:20.637,110, ,107,2,2,5,N, ,0,N, , , , ,151908, , , ,3,1,0,0,1,0,1,0,0,0,0,0,0,0,0,0,0,0,0,0,0,0,0,0,0,0,0,0,0,0,0,0,0,0,0,0,0,40.032,-75.1391, , 
 ,12017,2016040958,6,67,67301,2016,4,3,1734,17,1,1,0,8,1, , ,N,1,2,0,3,0,1,3,2,N, ,40 00:52.463,75 09:23.952,9999, ,9999,1,1,2, , ,3,N, , , , ,151913, , , ,1,0,0,0,0,0,1,0,0,0,1,0,1,0,0,0,0,0,0,0,0,0,0,0,0,0,0,0,0,0,0,0,1,0,0,3,0,40.0146,-75.1567, , 
 ,12018,2016051299,6,67,67301,2016,4,4,1840,18,1,1,0,4,1, , ,N,1,2,0,3,0,1,2,2,N,N,40 02:50.173,75 10:03.883,1842, ,1841, ,0, ,N, ,3, , , , , ,151923, , , ,2,2,0,0,0,0,0,0,0,0,0,0,1,1,0,0,0,0,1,0,0,0,0,0,0,0,0,0,0,0,0,0,0,0,0,8,0,40.0473,-75.1677, , 
 ,12019,2016052828,6,67,67301,2016,4,3,1727,17,1,1,0,4,1, , ,N,1,3,0,3,0,1,3,2,N,N,39 57:16.045,75 12:53.647,1732, ,1729, ,0, ,N, ,3, , , , , ,151926, , , ,2,2,0,0,0,0,0,0,0,0,0,0,1,1,2,0,0,0,0,0,1,0,0,0,0,0,0,0,0,0,0,0,0,0,0,8,0,39.9545,-75.2149, , 
 ,12020,2016016611,6,67,67301,2016,1,4,937,9,1,1,0,8,1, , ,N,1,2,0,3,0,1,2,2,N, ,40 01:59.691,75 02:15.936,945, ,940,1,1,3,N, ,3,Y, , , , ,151949, , , ,1,0,0,0,1,0,0,0,0,0,0,1,1,0,0,0,0,0,0,0,0,0,0,0,0,0,0,0,0,0,0,0,1,0,0,4,0,40.0332,-75.0378, , 
 ,12021,2016029911,6,67,67301,2016,2,1,2256,22,3,2,1,4,1, , ,N,1,3,0,3,0,5,5,3,N,N,40 01:32.113,75 04:48.125,2327, ,2333, ,0, ,N, ,3, , , , , ,151955, , , ,3,2,0,0,0,0,1,0,0,0,0,5,5,0,0,0,0,0,0,0,0,0,0,0,0,0,0,0,0,0,0,0,0,0,0,4,0,40.0256,-75.08, , 
 ,12022,2016050097,6,67,67301,2016,4,1,113,1,3,1,0,7,2, , ,N,0,0,3,3,0,0,4,1,N,N,39 53:55.826,75 10:15.659,124, ,115, ,0, , , ,0, , , , , ,151972, , , ,1,1,0,0,0,0,0,0,0,0,0,0,0,0,0,0,1,0,0,0,0,0,0,0,0,0,0,0,0,0,0,0,0,0,0,0,0,39.8988,-75.171, , 
 ,12023,2016061226,6,67,67301,2016,5,7,2245,22,3,1,0,4,1, , ,N,5,2,2,3,0,2,8,3,N,N,39 57:25.688,75 09:03.847,2317, ,2254, ,0, ,N, ,3, , , , , ,151980, , , ,3,1,0,0,0,0,1,1,0,0,1,1,2,0,0,0,0,0,0,0,2,0,0,0,0,0,0,0,0,0,0,0,0,0,0,3,0,39.9571,-75.1511, , 