wz_ln_closure,objectid_1,crn,district,county,municipality,crash_year,crash_month,day_of_week,time_of_day,hour_of_day,illumination,weather,road_condition,collision_type,relation_to_road,work_zone_type,work_zone_loc,work_zone_ind,intersect_type,tcd_type,location_type,urban_rural,fatal_count,injury_count,person_count,total_units,sch_bus_ind,sch_zone_ind,latitude,longitude,arrival_tm,cons_zone_spd_lim,dispatch_tm,est_hrs_closed,lane_closed,ln_close_dir,ntfy_hiwy_maint,spec_juris_cd,tcd_func_cd,tfc_detour_ind,workers_pres,wz_close_detour,wz_flagger,wz_law_offcr_ind,objectid,wz_moving,wz_other,wz_shlder_mdn,vehicle_count,automobile_count,motorcycle_count,bus_count,small_truck_count,heavy_truck_count,suv_count,van_count,bicycle_count,maj_inj_count,mod_inj_count,min_inj_count,tot_inj_count,unk_inj_deg_count,unk_inj_per_count,driver_count_16yr,driver_count_17yr,driver_count_18yr,driver_count_19yr,driver_count_20yr,driver_count_50_64yr,driver_count_65_74yr,driver_count_75plus,unbelted_occ_count,unb_death_count,unb_maj_inj_count,belted_death_count,belted_maj_inj_count,mcycle_death_count,mcycle_maj_inj_count,bicycle_death_count,bicycle_maj_inj_count,ped_count,ped_death_count,ped_maj_inj_count,max_severity_level,comm_veh_count,dec_lat,dec_long,rdwy_surf_type_cd,county_name
 ,12024,2016041030,6,67,67301,2016,4,5,1515,15,1,1,0,4,1, , ,N,0,0,7,3,0,1,2,2,N,N,40 06:10.594,75 01:46.714,1520, ,1519,2,1,4,N, ,0,N, , , , ,145461, , , ,2,1,1,0,0,0,0,0,0,0,0,0,1,1,0,0,0,0,0,0,1,1,0,0,0,0,0,0,0,0,0,0,0,0,0,8,0,40.1029,-75.0296, , 
 ,12025,2016048652,6,67,67301,2016,4,1,410,4,3,1,0,6,6, , ,N,0,0,0,3,0,0,1,2,N,N,40 01:54.135,75 01:49.325,423, ,411, ,0, ,N, ,0, , , , , ,145467, , , ,2,1,0,0,0,0,1,0,0,0,0,0,0,0,0,0,0,0,0,0,0,0,0,1,0,0,0,0,0,0,0,0,0,0,0,0,0,40.0317,-75.0304, , 
 ,12026,2016014024,6,67,67301,2016,1,4,1204,12,1,1,0,4,1, , ,N,2,0,0,3,0,1,3,2,N,N,39 55:27.238,75 11:26.185,1208, ,1205, ,0, ,N, ,0, , , , , ,145482, , , ,2,2,0,0,0,0,0,0,0,0,0,0,1,1,0,0,0,0,0,0,0,0,0,0,0,0,0,0,0,0,0,0,0,0,0,8,0,39.9242,-75.1906, , 
 ,12027,2016032037,6,67,67301,2016,3,4,1123,11,1,1,0,4,1, , ,N,2,2,0,3,0,1,2,2,N,Y,40 00:54.752,75 09:18.971,1127, ,1123, ,0, ,N, ,3, , , , , ,145493, , , ,2,1,0,0,0,0,1,0,0,0,0,1,1,0,0,0,0,0,0,0,1,0,0,0,0,0,0,0,0,0,0,0,0,0,0,4,0,40.0152,-75.1553, , 
 ,12028,2016036383,6,67,67301,2016,3,4,655,6,1,1,0,6,1, , ,N,0,0,0,3,0,1,2,2,N,N,39 59:05.903,75 09:23.147,700, ,658, ,0, , , ,0, , , , , ,145498, , , ,2,0,1,0,0,0,1,0,0,0,1,0,1,0,0,0,0,0,0,0,1,0,0,1,0,0,0,0,0,0,0,0,0,0,0,3,0,39.985,-75.1564, , 
 ,12029,2016045729,6,67,67301,2016,4,7,1920,19,1,2,1,7,6, , ,N,0,0,0,3,0,0,1,1,N,N,39 56:16.237,75 12:40.158,1920, ,1920,1,1,3,N, ,0,N, , , , ,145506, , , ,1,1,0,0,0,0,0,0,0,0,0,0,0,0,0,0,0,0,0,0,0,0,0,0,0,0,0,0,0,0,0,0,0,0,0,0,0,39.9378,-75.2112, , 
 ,12030,2016055606,6,67,67301,2016,5,5,1500,15,1,1,0,8,1, , ,N,5,3,0,3,0,1,3,3,N, ,40 02:04.430,75 08:24.799,1501, ,1501, ,0, ,N, ,3, , , , , ,145519, , , ,1,1,0,0,0,0,0,0,0,0,0,1,1,0,0,0,0,0,0,0,0,0,0,0,0,0,0,0,0,0,0,0,2,0,0,4,0,40.0346,-75.1402, , 
 ,12031,2016058544,6,67,67301,2016,5,6,15,0,3,1,0,7,4, , ,N,2,3,0,3,0,1,1,2,N,N,39 59:59.337,75 08:20.656,55, ,53, ,0, ,N, ,3, , , , , ,145522, , , ,1,1,0,0,0,0,0,0,0,0,0,1,1,0,0,0,0,0,0,0,0,0,0,0,0,0,0,0,0,0,0,0,0,0,0,4,0,39.9998,-75.1391, , 
 ,12032,2016014551,6,67,67301,2016,1,3,1038,10,1,2,1,1,1, , ,N,0,0,0,3,0,0,2,2,N,N,39 57:28.221,75 09:41.785,1043, ,1041,1,1,4, , ,0,N, , , , ,145537, , , ,2,1,0,0,0,0,1,0,0,0,0,0,0,0,0,0,0,0,0,0,1,0,0,0,0,0,0,0,0,0,0,0,0,0,0,0,0,39.9578,-75.1616, , 
 ,12033,2016017035,6,67,67301,2016,1,6,1740,17,3,4,1,1,1, , ,N,1,3,0,3,0,1,3,2,N, ,40 02:40.383,75 04:09.980,2016, ,2006, ,0, , , ,3, , , , , ,145539, , , ,2,1,0,0,0,0,1,0,0,0,0,0,1,1,0,0,0,0,0,0,0,0,0,0,0,0,0,0,0,0,0,0,0,0,0,8,0,40.0446,-75.0694, , 
 ,12034,2016029783,6,67,67301,2016,2,7,246,2,3,1,0,7,4, , ,N,2,2,0,3,0,1,1,1,N, ,39 59:15.615,75 13:29.927,249, ,247, ,0, , , ,3, , , , , ,145550, , , ,1,0,0,0,0,0,1,0,0,0,0,0,1,1,0,0,0,0,0,0,0,0,0,0,0,0,0,0,0,0,0,0,0,0,0,8,0,39.9877,-75.225, , 
 ,12035,2016036491,6,67,67301,2016,3,5,815,8,1,1,0,1,1, , ,N,0,0,0,3,0,1,4,3,N, ,40 07:09.248,74 58:50.456,827, ,817,1,1,1, , ,0,N, , , , ,145554, , , ,3,1,0,0,0,0,1,1,0,0,0,1,1,0,0,0,0,0,0,1,1,0,0,0,0,0,0,0,0,0,0,0,0,0,0,4,0,40.1192,-74.9807, , 
 ,12036,2016037368,6,67,67301,2016,3,1,1715,17,1,2,1,4,1, , ,N,1,3,0,3,0,1,4,2,N,N,40 02:01.784,75 01:40.781,1725, ,1720, ,0, ,N, ,3, , , , , ,145557, , , ,2,2,0,0,0,0,0,0,0,0,0,1,1,0,0,0,0,0,1,0,0,0,0,0,0,0,0,0,0,0,0,0,0,0,0,4,0,40.0338,-75.028, , 
 ,12037,2016052369,6,67,67301,2016,4,6,1155,11,1,2,1,5,6, , ,N,0,0,0,3,0,2,2,4,N,N,39 56:30.406,75 10:50.737,1205, ,1200,1,2,6,N, ,0,Y, , , , ,145567, , , ,4,3,0,0,0,0,1,0,0,0,0,2,2,0,0,0,0,0,0,0,1,0,0,2,0,0,0,0,0,0,0,0,0,0,0,4,0,39.9418,-75.1808, , 
 ,12038,2016011632,6,67,67301,2016,1,1,320,3,3,6,1,7,2, , ,N,0,0,0,3,0,2,2,1,N,N,39 58:58.650,75 12:28.486,328, ,322,2,2,4, , ,0,N, , , , ,145580, , , ,1,1,0,0,0,0,0,0,0,0,0,0,2,2,0,0,0,0,0,0,0,0,0,0,0,0,0,0,0,0,0,0,0,0,0,8,0,39.983,-75.2079, , 
 ,12039,2016013783,6,67,67301,2016,1,7,2202,22,3,2,1,1,1, , ,N,5,2,0,3,0,0,8,3,N, ,39 54:19.501,75 10:24.816,2202, ,2202, ,0, , , ,3, , , , , ,145582, , , ,3,3,0,0,0,0,0,0,0,0,0,0,0,0,0,0,0,0,0,0,1,0,0,2,0,0,0,0,0,0,0,0,0,0,0,0,0,39.9054,-75.1736, , 
 ,12040,2016033795,6,67,67301,2016,3,4,1636,16,1,1,0,4,1, , ,N,1,3,0,3,0,1,2,2,N,N,40 00:34.790,75 08:30.836,1640, ,1638, ,0, , , ,3, , , , , ,145610, , , ,2,1,1,0,0,0,0,0,0,0,0,1,1,0,0,0,0,0,0,0,0,0,1,0,0,0,0,0,0,0,0,0,0,0,0,4,0,40.0097,-75.1419, , 
 ,12041,2016000226,6,67,67301,2016,1,7,20,0,3,1,0,6,1, , ,N,0,0,0,3,0,0,1,6,N,N,39 57:24.908,75 12:15.300,20, ,20, ,0, ,N, ,0, , , , , ,145619, , , ,6,5,0,0,0,0,1,0,0,0,0,0,0,0,0,0,0,0,0,0,0,0,0,0,0,0,0,0,0,0,0,0,0,0,0,0,0,39.9569,-75.2043, , 
 ,12042,2016048622,6,67,67301,2016,4,3,1310,13,1,1,0,4,1, , ,N,2,0,0,3,0,0,2,2,N,N,40 04:06.330,75 02:23.513,1320, ,1315, ,0, ,N, ,0, , , , , ,148362, , , ,2,0,0,0,0,0,2,0,0,0,0,0,0,0,0,0,0,0,0,0,1,0,0,0,0,0,0,0,0,0,0,0,0,0,0,0,0,40.0684,-75.0399, , 
 ,12043,2016017024,6,67,67301,2016,1,5,1305,13,1,1,0,4,1, , ,N,1,2,0,3,0,0,2,2,N,N,40 00:09.705,75 10:27.076,1307, ,1305, ,0, ,N, ,3, , , , , ,148382, , , ,2,1,0,0,0,0,0,1,0,0,0,0,0,0,0,0,0,0,0,0,1,0,0,0,0,0,0,0,0,0,0,0,0,0,0,0,0,40.0027,-75.1742, , 
 ,12044,2016029828,6,67,67301,2016,3,5,2025,20,3,1,0,4,1, , ,N,1,2,0,3,0,1,2,2,N,N,40 01:57.808,75 04:19.924,2032, ,2030, ,0, ,N, ,3, , , , , ,148395, , , ,2,1,1,0,0,0,0,0,0,0,0,0,1,1,0,0,0,0,0,1,0,0,0,1,0,0,0,0,0,0,0,0,0,0,0,8,0,40.0327,-75.0722, , 
 ,12045,2016032083,6,67,67301,2016,3,7,203,2,3,1,0,1,6, , ,N,0,0,0,3,0,0,3,2,N, ,40 00:51.335,75 09:26.389,206, ,206, ,0, , , ,0, , , , , ,148401, , , ,2,2,0,0,0,0,0,0,0,0,0,0,0,0,0,0,0,0,0,0,0,0,0,0,0,0,0,0,0,0,0,0,0,0,0,0,0,40.0143,-75.1573, , 
 ,12046,2016036516,6,67,67301,2016,3,5,920,9,1,1,0,4,1, , ,N,1,3,0,3,0,0,2,2,N, ,40 03:15.670,75 09:18.658,925, ,923, ,0, , , ,3, , , , , ,148410, , , ,2,1,0,0,0,0,1,0,0,0,0,0,0,0,1,0,0,0,0,0,0,0,0,0,0,0,0,0,0,0,0,0,0,0,0,9,0,40.0544,-75.1552, , 
 ,12047,2016007535,6,67,67301,2016,1,6,315,3,3,1,0,4,1, , ,N,2,3,0,3,0,2,3,3,N, ,40 02:01.849,75 07:41.314,429, ,315, ,0, , , ,3, , , , , ,148420, , , ,2,1,0,0,0,0,1,0,0,0,0,0,2,2,1,0,0,0,0,0,0,0,0,0,0,0,0,0,0,0,0,0,1,0,0,8,0,40.0338,-75.1281, , 
 ,12048,2016022052,6,67,67301,2016,1,1,1110,11,1,1,0,4,1, , ,N,1,2,0,3,0,2,4,2,N, ,39 56:54.369,75 14:07.781,1130, ,1125,1,1,4, , ,3,N, , , , ,148481, , , ,2,2,0,0,0,0,0,0,0,0,0,2,2,0,0,0,0,0,0,0,0,0,0,0,0,0,0,0,0,0,0,0,0,0,0,4,0,39.9484,-75.2355, , 
 ,12049,2016036408,6,67,67301,2016,3,6,2025,20,3,1,0,8,1, , ,N,0,0,0,3,0,2,2,2,N,N,40 03:00.402,75 03:03.509,2048, ,2044,4,2,1,N, ,0,Y, , , , ,148494, , , ,1,0,1,0,0,0,0,0,0,1,0,1,2,0,0,0,0,0,0,0,0,0,0,0,0,0,0,0,0,0,0,0,1,0,1,2,0,40.0501,-75.051, , 
 ,12050,2016036538,6,67,67301,2016,3,3,825,8,1,1,0,8,1, , ,N,0,0,0,3,0,1,2,2,N, ,39 59:08.322,75 06:38.350,833, ,827, ,0, , , ,0, , , , , ,148495, , , ,1,0,0,0,0,0,0,1,0,0,0,1,1,0,0,0,0,0,0,0,0,0,0,1,0,0,0,0,0,0,0,0,1,0,0,4,0,39.9856,-75.1107, , 
 ,12051,2016039727,6,67,67301,2016,3,3,1006,10,1,1,0,4,1, , ,N,3,3,0,3,0,1,2,2,N,N,40 04:44.742,75 02:12.368,1006, ,1006, ,0, ,N, ,3, , , , , ,148498, , , ,2,2,0,0,0,0,0,0,0,0,0,1,1,0,0,0,0,0,0,1,1,0,0,1,0,0,0,0,0,0,0,0,0,0,0,4,0,40.0791,-75.0368, , 
 ,12052,2016014428,6,67,67301,2016,1,4,1333,13,1,1,0,4,1, , ,N,1,1,0,3,0,1,3,2,N,N,40 01:07.917,75 08:25.576,1400, ,1349, ,0, ,N, ,3, , , , , ,148517, , , ,2,0,0,0,1,0,1,0,0,0,0,0,1,1,0,0,0,0,0,0,2,0,0,3,0,0,0,0,0,0,0,0,0,0,0,8,0,40.0189,-75.1404, , 
 ,12053,2016036527,6,67,67301,2016,3,7,1920,19,3,1,0,4,1, , ,N,1,3,0,3,0,0,4,2,N, ,39 58:16.129,75 10:38.017,1935, ,1929,9,2,4, , ,3,Y, , , , ,148529, , , ,2,2,0,0,0,0,0,0,0,0,0,0,0,0,0,0,0,0,0,0,0,1,0,0,0,0,0,0,0,0,0,0,0,0,0,0,0,39.9711,-75.1772, , 
 ,12054,2016041074,6,67,67301,2016,3,7,733,7,1,1,0,0,1, , ,N,6,0,2,3,0,1,1,1,N,N,39 57:27.558,75 08:55.942,743, ,735,4,2,3, , ,0,Y, , , , ,148534, , , ,1,0,0,0,0,1,0,0,0,0,0,0,1,1,0,0,0,0,0,0,0,0,0,0,0,0,0,0,0,0,0,0,0,0,0,8,1,39.9577,-75.1489, , 
 ,12055,2016052274,6,67,67301,2016,4,6,1503,15,1,2,1,8,1, , ,N,0,0,0,3,0,1,5,2,N,Y,39 55:20.140,75 10:58.086,1520, ,1517,3,2,4,N, ,0,Y, , , , ,148547, , , ,1,1,0,0,0,0,0,0,0,0,0,0,1,1,0,0,0,0,0,0,0,0,0,0,0,0,0,0,0,0,0,0,1,0,0,8,0,39.9223,-75.1828, , 
 ,12056,2016052351,6,67,67301,2016,5,1,1310,13,1,2,1,8,1, , ,N,1,2,0,3,0,1,2,2,N,N,39 55:36.567,75 10:09.135,1317, ,1315,1,1,1,N, ,3,Y, , , , ,148548, , , ,1,1,0,0,0,0,0,0,0,0,0,1,1,0,0,0,0,0,0,0,0,0,0,1,0,0,0,0,0,0,0,0,1,0,0,4,0,39.9268,-75.1691, , 
 ,12057,2016061232,6,67,67301,2016,5,2,1400,14,1,1,0,4,1, , ,N,1,3,0,3,0,1,2,2,N, ,39 59:30.226,75 08:16.178,1600, ,550, ,0, , , ,3, , , , , ,148556, , , ,1,1,0,0,0,0,0,0,1,0,1,0,1,0,0,0,0,0,0,0,0,0,0,1,0,0,0,0,0,0,0,0,0,0,0,3,0,39.9917,-75.1378, , 
 ,12058,2016013773,6,67,67301,2016,1,5,210,2,3,1,0,4,1, , ,N,5,2,0,3,0,1,3,3,N,N,40 00:01.004,75 06:23.097,238, ,233, ,0, ,N, ,3, , , , , ,148567, , , ,3,0,0,0,0,0,2,1,0,0,0,0,1,1,1,0,0,0,1,0,0,0,0,1,0,0,0,0,0,0,0,0,0,0,0,8,0,40.0003,-75.1064, , 
 ,12059,2016029028,6,67,67301,2016,3,3,550,5,3,1,0,2,1, , ,N,5,2,0,3,0,1,3,3,N,N,40 00:31.996,75 04:18.728,820, ,750,3,1,7,N, ,3,Y, , , , ,148579, , , ,3,2,0,0,0,1,0,0,0,0,1,0,1,0,0,0,0,0,0,0,0,0,0,0,0,0,0,0,0,0,0,0,0,0,0,3,1,40.0089,-75.0719, , 
 ,12060,2016023405,6,67,67301,2016,2,4,1020,10,1,2,1,7,5, , ,N,0,0,0,3,0,0,1,1,N,N,40 02:37.660,75 00:10.565,1038, ,1020,2,1,2, , ,0,N, , , , ,154694, , , ,1,1,0,0,0,0,0,0,0,0,0,0,0,0,0,0,0,0,0,0,0,0,0,0,0,0,0,0,0,0,0,0,0,0,0,0,0,40.0438,-75.0029, , 
 ,12061,2016026142,6,67,67301,2016,2,4,934,9,1,1,0,4,1, , ,N,1,3,0,3,0,1,3,3,N,N,39 57:35.042,75 11:42.755,938, ,937, ,0, ,N, ,3, , , , , ,154698, , , ,3,1,0,0,0,0,2,0,0,0,0,0,1,1,0,0,0,0,0,0,2,0,0,0,0,0,0,0,0,0,0,0,0,0,0,8,0,39.9597,-75.1952, , 
 ,12062,2016013728,6,67,67301,2016,1,5,1000,10,1,1,0,7,4, , ,N,1,3,0,3,0,1,1,2,N,N,39 57:46.836,75 09:30.286,1100, ,1059, ,0, ,N, ,3, , , , , ,154736, , , ,1,0,0,0,0,0,1,0,0,0,0,0,1,1,0,0,0,0,0,0,1,0,0,0,0,0,0,0,0,0,0,0,0,0,0,8,0,39.963,-75.1584, , 
 ,12063,2016029938,6,67,67301,2016,2,6,315,3,3,1,0,5,6, , ,N,0,0,0,3,0,0,2,3,N,N,40 02:43.391,75 04:47.570,321, ,317, ,0, ,N, ,0, , , , , ,154750, , , ,3,2,0,0,0,0,1,0,0,0,0,0,0,0,0,0,0,0,0,0,0,0,0,0,0,0,0,0,0,0,0,0,0,0,0,0,0,40.0454,-75.0799, , 
 ,12064,2016010960,6,67,67301,2016,1,7,15,0,3,4,3,5,1, , ,N,0,0,0,3,0,0,2,2,N,N,39 55:53.912,75 11:59.206,15, ,15, ,0, , , ,0, , , , , ,154784, , , ,2,2,0,0,0,0,0,0,0,0,0,0,0,0,0,0,0,0,0,0,0,0,0,0,0,0,0,0,0,0,0,0,0,0,0,0,0,39.9316,-75.1998, , 
 ,12065,2016016994,6,67,67301,2016,1,6,335,3,3,1,4,7,4, , ,N,0,0,0,3,0,1,2,2,N,N,39 59:23.487,75 07:35.022,340, ,338,9,2,1,N, ,0,N, , , , ,154791, , , ,2,0,0,0,0,0,2,0,0,0,0,0,1,1,1,0,0,0,0,0,0,0,0,0,0,0,0,0,0,0,0,0,0,0,0,8,0,39.9899,-75.1264, , 
 ,12066,2016017033,6,67,67301,2016,1,6,2220,22,3,4,3,7,4, , ,N,0,0,0,3,0,0,1,1,N, ,39 54:59.428,75 13:06.536,2222, ,2222,1,2,4, , ,0,N, , , , ,154792, , , ,1,1,0,0,0,0,0,0,0,0,0,0,0,0,0,0,0,0,0,0,0,0,0,0,0,0,0,0,0,0,0,0,0,0,0,0,0,39.9165,-75.2185, , 
 ,12067,2016022027,6,67,67301,2016,2,6,220,2,3,4,3,8,1, , ,N,1,2,0,3,0,1,2,2,N,N,40 01:34.321,75 10:08.941,340, ,329, ,0, , , ,3, , , , , ,154797, , , ,1,1,0,0,0,0,0,0,0,0,0,0,1,1,0,0,0,0,0,0,1,0,0,0,0,0,0,0,0,0,0,0,1,0,0,8,0,40.0262,-75.1692, , 
 ,12068,2016033789,6,67,67301,2016,3,4,331,3,3,1,0,4,1, , ,N,1,2,0,3,0,0,5,2,N, ,40 01:07.417,75 07:37.815,343, ,335,1,2,1, , ,3,Y, , , , ,154803, , , ,2,2,0,0,0,0,0,0,0,0,0,0,0,0,0,0,0,0,0,0,0,0,0,1,0,0,0,0,0,0,0,0,0,0,0,0,0,40.0187,-75.1272, , 
 ,12069,2016040971,6,67,67301,2016,4,6,1223,12,1,1,0,4,1, , ,N,1,2,2,3,0,1,2,2,N,N,39 54:37.249,75 09:03.078,1227, ,1223, ,0, ,N, ,3, , , , , ,154811, , , ,2,2,0,0,0,0,0,0,0,0,0,0,1,1,0,0,0,0,0,0,0,0,0,1,0,0,0,0,0,0,0,0,0,0,0,8,0,39.9103,-75.1509, , 
 ,12070,2016052303,6,67,67301,2016,4,6,950,9,1,1,0,5,1, , ,N,0,0,0,3,0,1,2,2,N,N,39 58:09.600,75 10:54.500,1045, ,1040, ,0, , , ,0, , , , , ,154818, , , ,2,1,0,0,0,0,1,0,0,0,0,1,1,0,0,0,0,0,0,0,0,0,0,2,0,0,0,0,0,0,0,0,0,0,0,4,0,39.9693,-75.1818, , 
 ,12071,2016013820,6,67,67301,2016,1,4,840,8,1,1,0,1,1, , ,N,1,2,0,3,0,1,3,3,N,N,40 02:34.004,75 06:48.689,916, ,847, ,0, ,N, ,3, , , , , ,154834, , , ,3,2,0,0,0,0,1,0,0,0,0,1,1,0,0,0,0,0,0,0,0,0,0,0,0,0,0,0,0,0,0,0,0,0,0,4,0,40.0428,-75.1135, , 
 ,12072,2016026000,6,67,67301,2016,2,7,1131,11,1,1,0,4,1, , ,N,1,0,0,3,0,1,2,2,N, ,40 01:50.084,75 04:42.776,1142, ,1142, ,0, , , ,0, , , , , ,154838, , , ,2,2,0,0,0,0,0,0,0,0,0,1,1,0,0,0,0,0,0,1,1,0,0,0,0,0,0,0,0,0,0,0,0,0,0,4,0,40.0306,-75.0785, , 
 ,12073,2016048528,6,67,67301,2016,4,2,850,8,1,1,8,0,1,1,4,Y,2,0,0,3,0,0,2,1,N,N,39 59:58.739,75 11:25.757,909,99,854, ,0, ,Y, ,0, ,U, , ,U,154850, , , ,1,1,0,0,0,0,0,0,0,0,0,0,0,0,0,0,0,0,0,0,1,0,0,1,0,0,0,0,0,0,0,0,0,0,0,0,0,39.9996,-75.1905, , 
 ,12074,2016058570,6,67,67301,2016,5,2,908,9,1,1,0,4,1, , ,N,1,3,0,3,0,0,2,2,N, ,39 56:34.202,75 13:26.903,909, ,909,2,1,1, , ,3,N, , , , ,154857, , , ,2,2,0,0,0,0,0,0,0,0,0,0,0,0,0,0,0,0,0,0,1,0,1,0,0,0,0,0,0,0,0,0,0,0,0,0,0,39.9428,-75.2241, , 
 ,12075,2016063984,6,67,67301,2016,6,3,832,8,1,1,0,4,1, , ,N,1,2,0,3,0,1,3,2,N,N,39 59:21.706,75 09:20.126,836, ,834,1,1,4,N, ,3,Y, , , , ,154864, , , ,2,2,0,0,0,0,0,0,0,0,0,1,1,0,2,0,0,0,0,0,0,0,0,0,0,0,0,0,0,0,0,0,0,0,0,4,0,39.9893,-75.1555, , 
 ,12076,2016013719,6,67,67301,2016,1,7,1033,10,1,1,0,6,6, , ,N,0,0,0,3,0,1,1,3,N,N,40 01:34.338,75 03:51.577,1145, ,1143,1,1,2, , ,0,Y, , , , ,154884, , , ,3,1,0,0,1,0,1,0,0,0,0,0,1,1,0,0,0,0,0,0,0,0,0,0,0,0,0,0,0,0,0,0,0,0,0,8,0,40.0262,-75.0643, , 
 ,12077,2016058536,6,67,67301,2016,5,2,2038,20,4,1,0,4,1, , ,N,3,3,0,3,0,2,3,2,N,N,39 58:38.391,75 13:38.956,2100, ,2038, ,0, ,N, ,3, , , , , ,154917, , , ,2,2,0,0,0,0,0,0,0,0,0,2,2,0,0,0,0,0,0,0,0,0,0,1,0,0,0,0,0,0,0,0,0,0,0,4,0,39.9773,-75.2275, , 
 ,12078,2016013886,6,67,67301,2016,1,6,1755,17,3,1,0,4,1, , ,N,1,3,0,3,0,1,2,2,N, ,39 58:03.856,75 08:58.426,2115, ,2115, ,0, , , ,3, , , , , ,154932, , , ,2,2,0,0,0,0,0,0,0,0,0,1,1,0,0,0,0,0,0,0,0,0,0,0,0,0,0,0,0,0,0,0,0,0,0,4,0,39.9677,-75.1496, , 
 ,12079,2016062790,6,67,67301,2016,6,3,1751,17,1,1,0,5,1, , ,N,0,0,0,3,0,1,2,2,N,N,39 53:48.821,75 11:22.422,1759, ,1752,2,1,2, , ,0,N, , , , ,151981, , , ,2,1,0,0,0,0,0,1,0,0,0,0,1,1,0,0,0,0,0,0,0,1,0,0,0,0,0,0,0,0,0,0,0,0,0,8,0,39.8969,-75.1896, , 
 ,12080,2016019744,6,67,67301,2016,1,7,1050,10,1,1,0,4,1, , ,N,1,2,0,3,0,0,3,2,N,N,40 01:00.965,75 09:05.545,1051, ,1050, ,0, ,N, ,3, , , , , ,151997, , , ,2,0,0,0,0,0,2,0,0,0,0,0,0,0,0,0,0,0,0,0,0,0,0,0,0,0,0,0,0,0,0,0,0,0,0,0,0,40.0169,-75.1516, , 
 ,12081,2016029800,6,67,67301,2016,2,2,1942,19,3,1,0,4,1, , ,N,1,2,0,3,0,1,3,2,N, ,40 03:58.061,75 03:46.964,1959, ,1942, ,0, , , ,3, , , , , ,152007, , , ,2,2,0,0,0,0,0,0,0,0,0,0,1,1,0,0,0,0,0,0,1,0,0,0,0,0,0,0,0,0,0,0,0,0,0,8,0,40.0661,-75.063, , 
 ,12082,2016033815,6,67,67301,2016,3,6,2007,20,3,1,0,5,6, , ,N,0,0,0,3,0,1,1,2,N, ,40 01:08.820,75 05:46.871,2015, ,2009,9,2,5, , ,0,Y, , , , ,152011, , , ,2,1,0,0,0,0,0,1,0,0,1,0,1,0,0,0,0,0,0,0,1,0,0,0,0,0,0,0,0,0,0,0,0,0,0,3,0,40.0191,-75.0964, , 
 ,12083,2016036533,6,67,67301,2016,3,7,1240,12,1,1,0,8,1, , ,N,1,2,0,3,0,1,2,2,N,N,39 55:17.779,75 08:53.544,1255, ,1245, ,0, ,N, ,3, , , , , ,152013, , , ,1,0,0,0,0,0,1,0,0,0,0,0,1,1,0,0,0,0,0,0,0,0,0,1,0,0,0,0,0,0,0,0,1,0,0,8,0,39.9216,-75.1482, , 
 ,12084,2016013729,6,67,67301,2016,1,5,1844,18,3,1,0,6,1, , ,N,0,0,0,3,0,0,2,2,N, ,40 02:36.240,75 01:47.250,1848, ,1846, ,0, , , ,0, , , , , ,152040, , , ,2,1,0,0,1,0,0,0,0,0,0,0,0,0,0,0,0,0,0,0,2,0,0,0,0,0,0,0,0,0,0,0,0,0,0,0,0,40.0434,-75.0298, , 
 ,12085,2016022016,6,67,67301,2016,1,1,1325,13,1,4,1,8,1, , ,N,0,0,0,3,0,1,2,2,N,N,39 58:06.888,75 14:34.335,1332, ,1330, ,0, ,N, ,0, , , , , ,152047, , , ,1,0,0,0,0,0,1,0,0,0,0,0,1,1,0,0,0,0,0,0,0,0,0,0,0,0,0,0,0,0,0,0,1,0,0,8,0,39.9686,-75.2429, , 
 ,12086,2016058731,6,67,67301,2016,5,2,2230,22,3,1,0,1,1, , ,N,0,0,0,3,0,1,2,2,N,N,39 55:56.058,75 11:59.856,2242, ,2241,1,1,4, , ,0,N, , , , ,152074, , , ,2,2,0,0,0,0,0,0,0,0,1,0,1,0,0,0,0,0,0,0,1,0,0,0,0,0,0,0,0,0,0,0,0,0,0,3,0,39.9322,-75.2, , 
 ,12087,2016047769,6,67,67301,2016,4,7,2245,22,3,1,0,5,6, , ,N,0,0,0,3,0,0,1,3,N, ,39 56:40.850,75 10:25.784,23, ,22,2,2,3, , ,0,Y, , , , ,152115, , , ,3,1,0,0,0,0,1,1,0,0,0,0,0,0,0,0,0,0,0,0,0,0,0,0,0,0,0,0,0,0,0,0,0,0,0,0,0,39.9447,-75.1738, , 
 ,12088,2016052844,6,67,67301,2016,5,2,230,2,3,1,0,1,1, , ,N,1,2,0,3,0,4,6,2,N, ,40 03:45.028,75 02:35.024,240, ,230,1,1,2, , ,3,N, , , , ,152119, , , ,2,1,0,0,0,0,1,0,0,0,0,4,4,0,0,0,0,0,0,1,0,0,0,2,0,0,0,0,0,0,0,0,0,0,0,4,0,40.0627,-75.0428, , 
 ,12089,2016016575,6,67,67301,2016,1,4,30,0,3,4,1,1,1, , ,N,0,0,0,3,0,0,2,2,N,N,40 00:58.122,75 03:36.077,35, ,33, ,0, ,N, ,0, , , , , ,152137, , , ,2,2,0,0,0,0,0,0,0,0,0,0,0,0,0,0,0,0,0,1,1,0,0,0,0,0,0,0,0,0,0,0,0,0,0,0,0,40.0161,-75.06, , 
 ,12090,2016033846,6,67,67301,2016,3,2,311,3,3,2,1,5,6, , ,N,0,0,0,3,0,0,1,4,N,N,39 58:23.062,75 12:00.090,314, ,312, ,0, ,N, ,0, , , , , ,152152, , , ,4,3,0,0,0,0,1,0,0,0,0,0,0,0,1,0,0,0,0,0,0,0,0,0,0,0,0,0,0,0,0,0,0,0,0,9,0,39.9731,-75.2, , 