wz_ln_closure,objectid_1,crn,district,county,municipality,crash_year,crash_month,day_of_week,time_of_day,hour_of_day,illumination,weather,road_condition,collision_type,relation_to_road,work_zone_type,work_zone_loc,work_zone_ind,intersect_type,tcd_type,location_type,urban_rural,fatal_count,injury_count,person_count,total_units,sch_bus_ind,sch_zone_ind,latitude,longitude,arrival_tm,cons_zone_spd_lim,dispatch_tm,est_hrs_closed,lane_closed,ln_close_dir,ntfy_hiwy_maint,spec_juris_cd,tcd_func_cd,tfc_detour_ind,workers_pres,wz_close_detour,wz_flagger,wz_law_offcr_ind,objectid,wz_moving,wz_other,wz_shlder_mdn,vehicle_count,automobile_count,motorcycle_count,bus_count,small_truck_count,heavy_truck_count,suv_count,van_count,bicycle_count,maj_inj_count,mod_inj_count,min_inj_count,tot_inj_count,unk_inj_deg_count,unk_inj_per_count,driver_count_16yr,driver_count_17yr,driver_count_18yr,driver_count_19yr,driver_count_20yr,driver_count_50_64yr,driver_count_65_74yr,driver_count_75plus,unbelted_occ_count,unb_death_count,unb_maj_inj_count,belted_death_count,belted_maj_inj_count,mcycle_death_count,mcycle_maj_inj_count,bicycle_death_count,bicycle_maj_inj_count,ped_count,ped_death_count,ped_maj_inj_count,max_severity_level,comm_veh_count,dec_lat,dec_long,rdwy_surf_type_cd,county_name
 ,12091,2016052382,6,67,67301,2016,4,7,1735,17,1,1,0,4,1, , ,N,1,3,0,3,0,1,3,2,N,N,40 02:17.526,75 04:43.122,1745, ,1740, ,0, ,N, ,3, , , , , ,152177, , , ,2,2,0,0,0,0,0,0,0,0,0,1,1,0,0,0,0,0,0,0,0,0,0,3,0,0,0,0,0,0,0,0,0,0,0,4,0,40.0382,-75.0786, , 
 ,12092,2016013291,6,67,67301,2016,1,5,1219,12,1,1,0,4,1, , ,N,5,2,0,3,0,1,2,2,N,N,39 54:19.501,75 10:24.816,1221, ,1219, ,0, ,N, ,3, , , , , ,152189, , , ,2,1,0,0,0,0,1,0,0,0,0,0,1,1,0,0,0,0,0,0,1,0,0,0,0,0,0,0,0,0,0,0,0,0,0,8,0,39.9054,-75.1736, , 
 ,12093,2016017053,6,67,67301,2016,1,1,2000,20,3,4,1,1,1, , ,N,2,0,0,3,0,2,3,2,N,N,40 06:01.527,75 02:54.292,2011, ,2004,9,1,2,N, ,0,N, , , , ,152190, , , ,2,1,0,0,0,0,1,0,0,0,0,0,2,2,0,0,0,0,0,0,2,0,0,0,0,0,0,0,0,0,0,0,0,0,0,8,0,40.1004,-75.0484, , 
 ,12094,2016029749,6,67,67301,2016,3,7,1100,11,1,1,0,4,1, , ,N,1,2,2,3,0,4,5,3,N, ,39 54:36.252,75 09:48.020,1115, ,1110,9,2,4, , ,1,Y, , , , ,152200, , , ,3,2,0,0,0,0,0,1,0,0,0,4,4,0,0,0,0,0,0,0,1,0,0,0,0,0,0,0,0,0,0,0,0,0,0,4,0,39.9101,-75.1633, , 
 ,12095,2016043578,6,67,67301,2016,4,2,906,9,1,1,0,1,1, , ,N,0,0,0,3,0,0,2,2,N,N,39 53:24.484,75 12:02.633,1005, ,908,2,2,2, , ,0,Y, , , , ,152210, , , ,2,2,0,0,0,0,0,0,0,0,0,0,0,0,0,0,0,0,0,0,0,0,0,0,0,0,0,0,0,0,0,0,0,0,0,0,0,39.8901,-75.2007, , 
 ,12096,2016053290,6,67,67301,2016,5,1,1228,12,1,2,1,1,1, , ,N,0,0,0,3,0,1,5,3,N,N,39 53:57.541,75 09:54.831,1256, ,1243, ,0, , , ,0, , , , , ,152216, , , ,3,2,0,0,0,0,1,0,0,0,1,0,1,0,0,0,0,0,0,0,0,0,0,0,0,0,0,0,0,0,0,0,0,0,0,3,0,39.8993,-75.1652, , 
 ,12097,2016013973,6,67,67301,2016,1,1,255,2,3,2,1,4,1, , ,N,1,2,0,3,0,1,2,2,N,N,40 01:27.084,75 07:58.797,310, ,258, ,0, ,N, ,3, , , , , ,152230, , , ,2,1,0,0,0,0,0,0,0,0,0,1,1,0,1,0,0,0,0,0,0,0,0,0,0,0,0,0,0,0,0,0,0,0,0,4,0,40.0242,-75.133, , 
 ,12098,2016019770,6,67,67301,2016,2,3,1610,16,1,1,0,8,1, , ,N,0,0,0,3,0,1,2,2,N, ,40 00:41.705,75 10:32.245,1620, ,1615, ,0, ,N, ,0, , , , , ,145631, , , ,1,0,0,0,0,0,0,1,0,0,0,0,1,1,0,0,0,0,0,0,0,0,0,1,0,0,0,0,0,0,0,0,1,0,0,8,0,40.0116,-75.1756, , 
 ,12099,2016026002,6,67,67301,2016,2,1,935,9,1,1,0,4,1, , ,N,1,3,0,3,0,0,2,2,N,N,40 00:33.984,75 06:16.225,942, ,940, ,0, ,N, ,3, , , , , ,145641, , , ,2,2,0,0,0,0,0,0,0,0,0,0,0,0,0,0,0,0,1,0,0,0,0,0,0,0,0,0,0,0,0,0,0,0,0,0,0,40.0094,-75.1045, , 
 ,12100,2016032099,6,67,67301,2016,3,4,1415,14,1,1,0,4,1, , ,N,1,2,0,3,0,1,2,2,N, ,39 56:37.828,75 14:16.183,1425, ,1417, ,0, , , ,3, , , , , ,145645, , , ,1,1,0,0,0,0,0,0,1,0,0,1,1,0,0,0,0,0,0,0,1,0,0,0,0,0,0,0,0,0,0,0,0,0,0,4,0,39.9438,-75.2378, , 
 ,12101,2016048519,6,67,67301,2016,4,3,2002,20,3,1,0,8,1, , ,N,1,2,0,3,0,1,2,2,N,N,39 58:12.616,75 09:34.731,2010, ,2002, ,0, , , ,3, , , , , ,145655, , , ,1,0,0,0,0,0,1,0,0,0,1,0,1,0,0,0,0,0,0,0,0,0,0,1,0,0,0,0,0,0,0,0,1,0,0,3,0,39.9702,-75.1596, , 
 ,12102,2016019762,6,67,67301,2016,2,3,1142,11,1,1,0,1,6, , ,N,0,0,0,3,0,0,1,2,N,N,39 59:04.171,75 08:30.955,1143, ,1142, ,0, ,N, ,0, , , , , ,145684, , , ,2,1,0,0,1,0,0,0,0,0,0,0,0,0,1,0,0,0,0,0,0,0,0,0,0,0,0,0,0,0,0,0,0,0,0,9,0,39.9845,-75.1419, , 
 ,12103,2016052839,6,67,67301,2016,5,3,545,5,5,2,1,2,1, , ,N,1,0,0,3,0,2,2,3,N,N,40 00:45.670,75 04:21.441,550, ,548,3,2,5,N, ,0,Y, , , , ,145756, , , ,3,1,0,0,0,1,0,1,0,0,0,0,2,2,0,0,0,0,0,0,0,0,0,0,0,0,0,0,0,0,0,0,0,0,0,8,1,40.0127,-75.0726, , 
 ,12104,2016007836,6,67,67301,2016,1,7,1528,15,1,1,0,1,1, , ,N,0,0,0,3,0,1,8,2,N,N,39 57:29.382,75 09:53.854,1541, ,1530, ,0, , , ,0, , , , , ,145764, , , ,2,1,0,0,0,0,0,1,0,0,0,1,1,0,0,0,0,0,0,0,0,0,0,0,0,0,0,0,0,0,0,0,0,0,0,4,0,39.9582,-75.165, , 
 ,12105,2016013870,6,67,67301,2016,1,2,2117,21,2,1,0,4,1, , ,N,1,3,0,3,0,0,2,5,N,N,40 03:17.748,75 09:18.547,2205, ,2156, ,0, ,N, ,3, , , , , ,145777, , , ,5,1,0,0,1,0,1,1,0,0,0,0,0,0,1,0,0,0,0,0,1,0,0,1,0,0,0,0,0,0,0,0,0,0,0,9,0,40.0549,-75.1552, , 
 ,12106,2016020255,6,67,67301,2016,2,6,935,9,1,1,0,5,6, , ,N,0,0,0,3,0,0,2,2,N,N,39 57:24.788,75 12:00.365,945, ,939, ,0, ,N, ,0, , , , , ,145789, , , ,2,1,0,0,1,0,0,0,0,0,0,0,0,0,0,0,0,0,0,0,0,0,0,0,0,0,0,0,0,0,0,0,0,0,0,0,0,39.9569,-75.2001, , 
 ,12107,2016036450,6,67,67301,2016,3,1,1411,14,1,1,0,4,1, , ,N,1,3,0,3,0,2,5,2,N,N,39 58:45.897,75 14:33.021,1421, ,1420, ,0, ,N, ,3, , , , , ,145797, , , ,2,2,0,0,0,0,0,0,0,0,0,2,2,0,0,0,0,0,0,0,0,0,0,0,0,0,0,0,0,0,0,0,0,0,0,4,0,39.9794,-75.2425, , 
 ,12108,2016013296,6,67,67301,2016,1,2,1700,17,1,1,0,5,1, , ,N,0,0,0,3,0,1,2,2,N,N,40 00:40.888,75 10:31.399,1830, ,1830, ,0, , , ,0, , , , , ,145823, , , ,1,1,0,0,0,0,0,0,1,0,1,0,1,0,0,0,0,0,0,0,0,0,0,0,0,0,0,0,0,0,0,0,0,0,0,3,0,40.0114,-75.1754, , 
 ,12109,2016028357,6,67,67301,2016,2,6,1830,18,3,1,0,5,1, , ,N,0,0,0,3,0,1,3,2,N,N,40 06:39.844,75 02:57.339,1840, ,1838,1,2,5,N, ,0,Y, , , , ,145839, , , ,2,1,0,0,0,0,1,0,0,0,0,1,1,0,0,0,0,0,0,0,0,0,0,0,0,0,0,0,0,0,0,0,0,0,0,4,0,40.1111,-75.0493, , 
 ,12110,2016028700,6,67,67301,2016,3,6,1748,17,1,1,0,1,1, , ,N,0,0,0,3,0,0,8,5,N,N,40 03:16.490,74 59:07.760,1806, ,1800, ,0, , , ,0, , , , , ,145840, , , ,5,3,0,0,0,0,2,0,0,0,0,0,0,0,0,0,0,0,0,0,0,1,0,0,0,0,0,0,0,0,0,0,0,0,0,0,0,40.0546,-74.9855, , 
 ,12111,2016036482,6,46,46102,2016,3,7,1445,14,1,1,0,4,1, , ,N,3,2,7,3,0,1,3,2,N,N,40 04:22.157,75 09:21.257,1505, ,1456,1,1,4, , ,3,N, , , , ,145849, , , ,2,2,0,0,0,0,0,0,0,0,0,1,1,0,0,0,0,0,0,0,0,1,0,0,0,0,0,0,0,0,0,0,0,0,0,4,0,40.0727,-75.1558, , 
 ,12112,2016017015,6,67,67301,2016,1,3,1211,12,1,4,1,1,1, , ,N,0,0,0,3,0,1,2,2,N,N,40 01:10.696,75 08:53.908,1226, ,1211,3,1,1,N, ,0,N, , , , ,145870, , , ,2,0,0,0,1,0,1,0,0,0,0,0,1,1,0,0,0,0,0,0,0,0,0,0,0,0,0,0,0,0,0,0,0,0,0,8,0,40.0196,-75.1483, , 
 ,12113,2016034030,6,67,67301,2016,3,5,1941,19,3,1,0,4,1, , ,N,1,2,0,3,0,0,2,2,N,N,39 58:15.733,75 09:20.582,1955, ,1950, ,0, ,N, ,3, , , , , ,145886, , , ,2,1,0,0,0,0,1,0,0,0,0,0,0,0,1,0,0,0,0,0,0,0,0,0,0,0,0,0,0,0,0,0,0,0,0,9,0,39.9709,-75.1557, , 
 ,12114,2016046117,6,67,67301,2016,4,2,1158,11,1,1,0,4,1, , ,N,0,0,7,3,0,2,4,2,N,N,39 59:29.656,75 08:11.763,1214, ,1159, ,0, ,N, ,0, , , , , ,145895, , , ,2,2,0,0,0,0,0,0,0,0,0,2,2,0,0,0,0,0,0,0,0,0,0,2,0,0,0,0,0,0,0,0,0,0,0,4,0,39.9916,-75.1366, , 
 ,12115,2016026127,6,67,67301,2016,2,1,700,7,1,1,0,7,4, , ,N,0,0,0,3,0,1,1,1,N, ,40 03:51.198,75 05:00.796,730, ,725, ,0, , , ,0, , , , , ,145929, , , ,1,1,0,0,0,0,0,0,0,0,0,0,1,1,0,0,0,0,0,0,0,0,0,0,0,0,0,0,0,0,0,0,0,0,0,8,0,40.0642,-75.0836, , 
 ,12116,2016032034,6,67,67301,2016,3,3,1145,11,1,1,0,4,1, , ,N,1,3,0,3,0,4,5,2,N,N,40 03:49.132,75 09:14.867,1146, ,1145,9,1,4,N, ,3,N, , , , ,148582, , , ,2,0,0,0,0,0,1,1,0,0,0,1,4,3,0,0,0,0,0,0,2,0,0,0,0,0,0,0,0,0,0,0,0,0,0,4,0,40.0636,-75.1541, , 
 ,12117,2016032047,6,67,67301,2016,3,1,1137,11,1,1,0,4,1, , ,N,0,0,7,3,0,1,3,2,N, ,39 59:30.015,75 06:01.487,1300, ,1246, ,0, , , ,0, , , , , ,148583, , , ,2,1,0,0,0,0,1,0,0,0,1,0,1,0,0,0,0,0,0,0,1,0,0,0,0,0,0,0,0,0,0,0,0,0,0,3,0,39.9917,-75.1004, , 
 ,12118,2016036510,6,67,67301,2016,3,7,1605,16,1,1,0,4,1, , ,N,1,3,0,3,0,2,4,2,N, ,40 03:10.058,75 08:06.953,1610, ,1607, ,0, , , ,3, , , , , ,148588, , , ,2,0,0,0,0,0,2,0,0,0,0,2,2,0,0,0,0,0,0,0,2,0,0,0,0,0,0,0,0,0,0,0,0,0,0,4,0,40.0528,-75.1353, , 
 ,12119,2016053807,6,67,67301,2016,5,3,2319,23,3,1,0,1,1, , ,N,1,2,0,3,0,1,2,2,N, ,39 54:50.431,75 08:59.775,2324, ,2319, ,0, , , ,3, , , , , ,148602, , , ,2,2,0,0,0,0,0,0,0,0,0,1,1,0,0,0,0,0,0,0,1,0,0,0,0,0,0,0,0,0,0,0,0,0,0,4,0,39.914,-75.1499, , 
 ,12120,2016008614,6,67,67301,2016,1,6,255,2,3,1,0,5,6, , ,N,0,0,0,3,0,1,1,3,N,N,39 56:34.543,75 12:55.828,258, ,255, ,0, ,N, ,0, , , , , ,148612, , , ,3,1,0,0,0,0,1,1,0,0,0,0,1,1,0,0,0,0,0,0,0,0,0,0,0,0,0,0,0,0,0,0,0,0,0,8,0,39.9429,-75.2155, , 
 ,12121,2016036475,6,67,67301,2016,3,2,855,8,1,1,0,4,1, , ,N,1,2,0,3,0,2,3,2,N, ,39 59:27.397,75 06:05.681,915, ,910, ,0, , , ,3, , , , , ,148633, , , ,2,0,0,0,1,0,0,1,0,0,2,0,2,0,0,0,0,0,0,0,0,1,0,3,0,0,0,0,0,0,0,0,0,0,0,3,0,39.9909,-75.1016, , 
Y,12122,2016036524,6,67,67301,2016,3,4,1140,11,1,1,0,1,1,2,4,Y,0,0,0,3,0,0,2,2,N,N,40 06:49.482,74 59:16.922,1140,99,1140,3,2,1,N, ,0,Y,Y,U,U,Y,148634,U,U,U,2,0,0,0,0,1,1,0,0,0,0,0,0,0,0,0,0,0,0,0,0,1,0,0,0,0,0,0,0,0,0,0,0,0,0,0,1,40.1137,-74.988, , 
 ,12123,2016037778,6,67,67301,2016,3,6,1511,15,1,1,0,8,1, , ,N,0,0,0,3,0,1,6,3,N,N,39 57:00.324,75 14:31.542,1540, ,1537, ,0, ,N, ,0, , , , , ,148635, , , ,2,1,0,0,0,0,1,0,0,0,0,1,1,0,0,0,0,0,0,0,1,0,0,0,0,0,0,0,0,0,0,0,1,0,0,4,0,39.9501,-75.2421, , 
 ,12124,2016038237,6,67,67301,2016,4,6,116,1,3,1,1,7,4, , ,N,0,0,0,3,0,0,1,1,N,N,39 56:39.241,75 11:30.847,122, ,116,1,1,3, , ,0,N, , , , ,148637, , , ,1,1,0,0,0,0,0,0,0,0,0,0,0,0,0,0,0,0,0,0,0,0,0,0,0,0,0,0,0,0,0,0,0,0,0,0,0,39.9442,-75.1919, , 
 ,12125,2016044057,6,67,67301,2016,4,5,736,7,1,1,0,1,1, , ,N,0,0,0,3,0,0,3,3,N,N,39 57:30.751,75 10:05.321,736, ,736, ,0, , , ,0, , , , , ,148641, , , ,3,1,0,0,1,0,1,0,0,0,0,0,0,0,0,0,0,0,0,0,0,0,0,0,0,0,0,0,0,0,0,0,0,0,0,0,0,39.9585,-75.1681, , 
 ,12126,2016045348,6,67,67301,2016,4,1,2200,22,3,1,0,5,6, , ,N,0,0,0,3,0,1,1,4,N, ,40 05:48.126,74 58:30.692,2212, ,2205, ,0, , , ,0, , , , , ,148643, , , ,4,4,0,0,0,0,0,0,0,0,0,0,1,1,0,0,0,1,0,0,0,0,0,1,0,0,0,0,0,0,0,0,0,0,0,8,0,40.0967,-74.9752, , 
 ,12127,2016046080,6,67,67301,2016,4,3,1047,10,1,2,1,6,1, , ,N,2,0,0,3,0,1,4,3,N,N,40 02:34.327,75 11:36.548,1051, ,1049, ,0, ,N, ,0, , , , , ,148644, , , ,3,2,0,0,0,0,1,0,0,0,0,0,1,1,0,0,0,0,0,0,0,0,0,0,0,0,0,0,0,0,0,0,0,0,0,8,0,40.0429,-75.1935, , 
 ,12128,2016047038,6,67,67301,2016,3,7,1010,10,1,1,0,1,1, , ,N,0,0,0,3,0,0,7,3,N, ,40 02:14.526,75 13:15.238,1025, ,1019, ,0, , , ,0, , , , , ,148645, , , ,3,2,0,0,0,0,1,0,0,0,0,0,0,0,0,0,0,1,0,0,0,1,0,3,0,0,0,0,0,0,0,0,0,0,0,0,0,40.0374,-75.2209, , 
 ,12129,2016048557,6,67,67301,2016,4,1,19,0,3,1,0,1,1, , ,N,0,0,0,3,0,3,5,2,N, ,40 00:36.836,75 03:44.293,21, ,20, ,0, , , ,0, , , , , ,148646, , , ,2,2,0,0,0,0,0,0,0,0,1,2,3,0,1,0,0,0,0,0,0,0,0,1,0,0,0,0,0,0,0,0,0,0,0,3,0,40.0102,-75.0623, , 
 ,12130,2016054159,6,67,67301,2016,5,7,1232,12,1,1,0,4,1, , ,N,2,3,0,3,0,2,4,2,N,N,40 00:32.064,75 10:08.718,1240, ,1235, ,0, ,N, ,3, , , , , ,148652, , , ,2,1,0,0,0,0,1,0,0,0,0,2,2,0,0,0,0,0,0,0,1,0,0,0,0,0,0,0,0,0,0,0,0,0,0,4,0,40.0088,-75.169, , 
 ,12131,2016046094,6,67,67301,2016,4,1,1115,11,1,1,0,1,1, , ,N,0,0,0,3,0,0,2,2,N,N,40 04:57.437,75 01:38.439,1124, ,1120,1,1,2,N, ,0,N, , , , ,148681, , , ,2,1,0,0,0,0,1,0,0,0,0,0,0,0,0,0,0,0,0,0,1,1,0,0,0,0,0,0,0,0,0,0,0,0,0,0,0,40.0826,-75.0273, , 
 ,12132,2016046980,6,67,67301,2016,4,6,1130,11,1,1,0,1,1, , ,N,1,2,0,3,0,1,3,2,N, ,39 57:32.561,75 13:01.166,1130, ,9999, ,0, , , ,3, , , , , ,148683, , , ,2,0,0,0,1,0,0,1,0,0,0,1,1,0,0,0,0,0,0,0,1,0,0,0,0,0,0,0,0,0,0,0,0,0,0,4,0,39.959,-75.217, , 
 ,12133,2016048574,6,67,67301,2016,4,3,1545,15,1,1,0,4,1, , ,N,2,0,0,3,0,3,4,2,N,N,40 00:59.954,75 09:29.663,1600, ,1554, ,0, ,N, ,0, , , , , ,148684, , , ,2,2,0,0,0,0,0,0,0,0,0,3,3,0,0,0,0,0,0,0,0,0,0,0,0,0,0,0,0,0,0,0,0,0,0,4,0,40.0167,-75.1582, , 
 ,12134,2016014014,6,67,67301,2016,1,6,855,8,1,1,0,4,1, , ,N,0,0,0,3,0,2,4,2,N, ,40 02:05.285,75 04:54.589,905, ,900, ,0, , , ,0, , , , , ,154933, , , ,2,2,0,0,0,0,0,0,0,0,0,2,2,0,0,0,0,0,0,0,0,0,0,0,0,0,0,0,0,0,0,0,0,0,0,4,0,40.0348,-75.0818, , 
 ,12135,2016019909,6,67,67301,2016,2,1,1121,11,1,1,0,4,1, , ,N,1,3,0,3,0,0,2,2,N,N,39 58:52.093,75 09:53.035,1129, ,1128,1,1,3,N, ,3,Y, , , , ,154938, , , ,2,2,0,0,0,0,0,0,0,0,0,0,0,0,0,0,0,0,0,0,1,0,0,0,0,0,0,0,0,0,0,0,0,0,0,0,0,39.9811,-75.1647, , 
 ,12136,2016025963,6,67,67301,2016,2,1,840,8,1,1,0,4,1, , ,N,3,2,0,3,0,0,2,2,N,N,40 01:48.002,75 06:15.006,903, ,842,1,1,2,N, ,3,N, , , , ,154944, , , ,2,1,0,0,0,0,1,0,0,0,0,0,0,0,0,0,0,0,0,0,0,0,0,0,0,0,0,0,0,0,0,0,0,0,0,0,0,40.03,-75.1032, , 
 ,12137,2016026071,6,67,67301,2016,2,3,1735,17,3,2,1,4,1, , ,N,1,3,0,3,0,2,3,2,N,N,39 58:33.518,75 12:23.478,1745, ,1738, ,0, ,N, ,3, , , , , ,154982, , , ,2,2,0,0,0,0,0,0,0,0,0,2,2,0,0,0,0,0,0,0,0,0,0,0,0,0,0,0,0,0,0,0,0,0,0,4,0,39.976,-75.2065, , 
 ,12138,2016053723,6,67,67301,2016,5,6,1601,16,1,2,1,8,1, , ,N,2,0,0,3,0,1,2,2,N, ,39 55:48.957,75 13:19.160,1617, ,1617,9,1,2, , ,0,N, , , , ,154998, , , ,1,1,0,0,0,0,0,0,0,0,0,1,1,0,0,0,0,0,0,0,0,0,0,1,0,0,0,0,0,0,0,0,1,0,0,4,0,39.9303,-75.222, , 
 ,12139,2016055602,6,67,67301,2016,5,5,912,9,1,1,0,1,1, , ,N,1,2,0,3,0,0,5,3,N,N,40 01:47.421,75 06:15.635,929, ,913,1,1,2, , ,3,N, , , , ,155003, , , ,3,3,0,0,0,0,0,0,0,0,0,0,0,0,0,0,0,0,0,1,1,0,0,0,0,0,0,0,0,0,0,0,0,0,0,0,0,40.0298,-75.1043, , 
 ,12140,2016013959,6,67,67301,2016,1,3,2121,21,3,1,0,5,6, , ,N,0,0,0,3,0,0,1,2,N,N,40 02:51.437,75 10:02.601,2125, ,2121, ,0, ,N, ,0, , , , , ,155031, , , ,2,2,0,0,0,0,0,0,0,0,0,0,0,0,0,0,0,0,0,0,0,0,0,1,0,0,0,0,0,0,0,0,0,0,0,0,0,40.0476,-75.1674, , 
 ,12141,2016028689,6,67,67301,2016,1,2,1930,19,2,1,0,8,1, , ,N,2,0,0,3,0,1,2,2,N,N,39 58:27.868,75 07:03.916,1930, ,1930,2,2,1, , ,0,Y, , , , ,155046, , , ,1,1,0,0,0,0,0,0,0,1,0,0,1,0,0,0,0,0,0,0,0,0,0,0,0,0,0,0,0,0,0,0,1,0,1,2,0,39.9744,-75.1178, , 
 ,12142,2016014034,6,67,67301,2016,1,3,1931,19,3,1,0,1,6, , ,N,0,0,0,3,0,2,3,3,N,N,40 03:02.819,75 10:24.459,1931, ,1931,1,1,1,N, ,0,Y, , , , ,155073, , , ,3,1,0,0,0,0,0,2,0,0,0,0,2,2,0,0,0,0,0,0,0,0,0,1,0,0,0,0,0,0,0,0,0,0,0,8,0,40.0508,-75.1735, , 
 ,12143,2016025758,6,67,67301,2016,3,1,436,4,3,1,0,1,6, , ,N,0,0,0,3,0,0,1,3,N,N,39 58:52.251,75 09:32.335,441, ,438,2,2,2,N, ,0,Y, , , , ,155085, , , ,3,3,0,0,0,0,0,0,0,0,0,0,0,0,0,0,0,0,0,0,0,0,0,0,0,0,0,0,0,0,0,0,0,0,0,0,0,39.9812,-75.159, , 
 ,12144,2016046091,6,67,67301,2016,4,3,1541,15,1,1,0,4,1, , ,N,1,2,0,3,0,1,3,2,N,N,40 02:58.479,75 05:44.227,1634, ,1631, ,0, , , ,3, , , , , ,155108, , , ,2,0,0,0,1,0,1,0,0,0,0,0,1,1,0,0,0,0,0,0,1,0,0,1,0,0,0,0,0,0,0,0,0,0,0,8,0,40.0496,-75.0956, , 
 ,12145,2016047034,6,67,67301,2016,4,1,457,4,3,1,0,6,1, , ,N,2,0,0,3,0,1,1,4,N,N,40 03:26.445,75 01:05.721,500, ,457, ,0, ,N, ,0, , , , , ,155109, , , ,4,1,0,0,0,0,3,0,0,0,0,1,1,0,0,0,0,0,0,0,0,0,0,0,0,0,0,0,0,0,0,0,0,0,0,4,0,40.0573,-75.0183, , 
 ,12146,2016050100,6,67,67301,2016,4,4,951,9,1,1,0,1,1, , ,N,0,0,2,3,0,0,2,2,N,N,40 00:31.829,75 12:12.647,951, ,951, ,0, , , ,0, , , , , ,155110, , , ,2,0,0,0,0,0,2,0,0,0,0,0,0,0,0,0,0,0,0,0,0,0,0,0,0,0,0,0,0,0,0,0,0,0,0,0,0,40.0088,-75.2035, , 
 ,12147,2016013744,6,67,67301,2016,1,4,545,5,3,1,0,8,1, , ,N,2,3,0,3,0,1,2,2,N, ,40 02:56.641,75 05:15.629,551, ,548, ,0, , , ,3, , , , , ,155119, , , ,1,0,0,0,0,0,1,0,0,0,0,1,1,0,0,0,0,0,0,0,1,0,0,0,0,0,0,0,0,0,0,0,1,0,0,4,0,40.0491,-75.0877, , 
 ,12148,2016014562,6,67,67301,2016,1,1,1339,13,1,1,0,7,3, , ,N,0,0,0,3,0,1,1,1,N,N,39 57:00.116,75 08:30.225,1347, ,1339,1,1,2, , ,0,N, , , , ,155121, , , ,1,1,0,0,0,0,0,0,0,0,0,0,1,1,0,0,0,0,0,1,0,0,0,0,0,0,0,0,0,0,0,0,0,0,0,8,0,39.95,-75.1417, , 
 ,12149,2016033903,6,67,67301,2016,3,7,200,2,3,1,0,5,6, , ,N,0,0,0,3,0,1,1,2,N,N,39 57:49.611,75 13:45.778,207, ,205,1,2,4,N, ,0,Y, , , , ,155133, , , ,2,0,0,0,1,0,1,0,0,0,0,0,1,1,0,0,0,0,0,0,0,0,0,0,0,0,0,0,0,0,0,0,0,0,0,8,0,39.9638,-75.2294, , 
 ,12150,2016037370,6,67,67301,2016,3,4,1940,19,4,1,0,4,1, , ,N,1,2,0,3,0,1,3,3,N,N,40 00:51.570,75 10:41.163,1943, ,1941,9,1,3,N, ,3,N, , , , ,155136, , , ,3,3,0,0,0,0,0,0,0,0,0,0,1,1,0,0,0,0,0,0,1,0,0,0,0,0,0,0,0,0,0,0,0,0,0,8,0,40.0143,-75.1781, , 
 ,12151,2016046084,6,67,67301,2016,4,6,333,3,6,1,1,5,1, , ,N,0,0,3,3,0,0,2,2,N, ,39 53:52.096,75 12:41.941,340, ,333,3,2,4, , ,0,Y, , , , ,155146, , , ,2,1,0,0,0,1,0,0,0,0,0,0,0,0,0,0,0,0,0,0,0,0,0,0,0,0,0,0,0,0,0,0,0,0,0,0,1,39.8978,-75.2117, , 
 ,12152,2016053825,6,67,67301,2016,5,1,225,2,3,1,0,7,4, , ,N,1,0,0,3,0,0,1,1,N,N,40 02:51.601,75 11:31.642,235, ,230, ,0, ,N, ,0, , , , , ,155156, , , ,1,1,0,0,0,0,0,0,0,0,0,0,0,0,0,0,0,0,0,0,0,0,0,0,0,0,0,0,0,0,0,0,0,0,0,0,0,40.0477,-75.1921, , 
 ,12153,2016033108,6,67,67301,2016,2,7,1406,14,1,1,0,8,1, , ,N,2,0,0,3,0,3,4,4,N, ,39 59:11.446,75 10:13.475,1441, ,1434, ,0, , , ,0, , , , , ,152250, , , ,1,1,0,0,0,0,0,0,0,0,0,0,3,3,0,0,0,0,0,0,0,0,0,1,0,0,0,0,0,0,0,0,3,0,0,8,0,39.9865,-75.1704, , 
 ,12154,2016054170,6,67,67301,2016,5,4,1440,14,1,1,0,1,1, , ,N,1,2,0,3,0,1,9,2,N, ,40 01:15.937,75 08:23.758,1510, ,1444, ,0, , , ,3, , , , , ,152268, , , ,2,1,0,0,0,0,0,1,0,0,1,0,1,0,1,0,0,0,0,0,1,0,0,6,0,0,0,0,0,0,0,0,0,0,0,3,0,40.0211,-75.1399, , 
 ,12155,2016014552,6,67,67301,2016,1,4,715,7,1,1,3,7,2, , ,N,0,0,0,3,0,0,1,1,N,N,39 59:08.866,75 05:33.568,739, ,717,3,1,1, , ,0,N, , , , ,152288, , , ,1,0,0,0,0,1,0,0,0,0,0,0,0,0,0,0,0,0,0,0,0,0,0,0,0,0,0,0,0,0,0,0,0,0,0,0,1,39.9858,-75.0927, , 
 ,12156,2016019334,6,67,67301,2016,2,6,1315,13,1,1,0,1,1, , ,N,0,0,0,3,0,3,4,3,N,N,39 57:36.310,75 10:46.393,1332, ,1329, ,0, , , ,0, , , , , ,152291, , , ,3,1,0,0,0,0,1,1,0,0,0,0,3,3,0,0,0,0,0,0,2,0,0,0,0,0,0,0,0,0,0,0,0,0,0,8,0,39.9601,-75.1796, , 