wz_ln_closure,objectid_1,crn,district,county,municipality,crash_year,crash_month,day_of_week,time_of_day,hour_of_day,illumination,weather,road_condition,collision_type,relation_to_road,work_zone_type,work_zone_loc,work_zone_ind,intersect_type,tcd_type,location_type,urban_rural,fatal_count,injury_count,person_count,total_units,sch_bus_ind,sch_zone_ind,latitude,longitude,arrival_tm,cons_zone_spd_lim,dispatch_tm,est_hrs_closed,lane_closed,ln_close_dir,ntfy_hiwy_maint,spec_juris_cd,tcd_func_cd,tfc_detour_ind,workers_pres,wz_close_detour,wz_flagger,wz_law_offcr_ind,objectid,wz_moving,wz_other,wz_shlder_mdn,vehicle_count,automobile_count,motorcycle_count,bus_count,small_truck_count,heavy_truck_count,suv_count,van_count,bicycle_count,maj_inj_count,mod_inj_count,min_inj_count,tot_inj_count,unk_inj_deg_count,unk_inj_per_count,driver_count_16yr,driver_count_17yr,driver_count_18yr,driver_count_19yr,driver_count_20yr,driver_count_50_64yr,driver_count_65_74yr,driver_count_75plus,unbelted_occ_count,unb_death_count,unb_maj_inj_count,belted_death_count,belted_maj_inj_count,mcycle_death_count,mcycle_maj_inj_count,bicycle_death_count,bicycle_maj_inj_count,ped_count,ped_death_count,ped_maj_inj_count,max_severity_level,comm_veh_count,dec_lat,dec_long,rdwy_surf_type_cd,county_name
 ,12157,2016026132,6,67,67301,2016,2,5,40,0,3,1,0,4,1, , ,N,1,2,0,3,0,0,2,2,N,N,40 01:57.808,75 04:19.924,46, ,41,1,1,2,N, ,3,N, , , , ,152296, , , ,2,2,0,0,0,0,0,0,0,0,0,0,0,0,0,0,0,0,1,0,1,0,0,0,0,0,0,0,0,0,0,0,0,0,0,0,0,40.0327,-75.0722, , 
 ,12158,2016041416,6,67,67301,2016,3,4,1636,16,1,1,0,1,1, , ,N,1,2,0,3,0,2,2,2,N,N,40 02:03.403,75 04:28.523,1640, ,1636,1,1,2,N, ,3,N, , , , ,152305, , , ,2,2,0,0,0,0,0,0,0,0,0,2,2,0,0,0,0,0,0,0,1,0,0,0,0,0,0,0,0,0,0,0,0,0,0,4,0,40.0343,-75.0746, , 
 ,12159,2016046942,6,67,67301,2016,5,2,945,9,1,1,0,1,1, , ,N,0,0,0,3,0,1,4,4,N,N,39 58:10.283,75 11:30.478,955, ,945,2,1,5,N, ,0,N, , , , ,152310, , , ,4,1,0,0,0,0,2,1,0,0,0,0,1,1,0,0,0,0,0,0,1,1,0,1,0,0,0,0,0,0,0,0,0,0,0,8,0,39.9695,-75.1918, , 
 ,12160,2016060459,6,67,67301,2016,5,7,1926,19,3,2,1,5,1, , ,N,0,0,0,3,0,0,2,2,N,N,39 56:11.473,75 08:39.472,1939, ,1926, ,0, , , ,0, , , , , ,152318, , , ,2,1,0,0,1,0,0,0,0,0,0,0,0,0,0,0,0,0,0,1,1,0,0,0,0,0,0,0,0,0,0,0,0,0,0,0,0,39.9365,-75.1443, , 
 ,12161,2016008165,6,67,67301,2016,1,1,340,3,3,1,0,7,4, , ,N,0,0,0,3,0,0,1,1,N, ,39 59:36.350,75 05:49.336,350, ,344, ,0, ,N, ,0, , , , , ,152329, , , ,1,1,0,0,0,0,0,0,0,0,0,0,0,0,1,0,0,0,0,0,0,0,0,0,0,0,0,0,0,0,0,0,0,0,0,9,0,39.9934,-75.097, , 
 ,12162,2016008581,6,67,67301,2016,1,1,207,2,3,1,0,7,4, , ,N,0,0,0,3,0,2,2,1,N,N,39 56:19.790,75 12:37.075,215, ,208,3,1,1, , ,0,N, , , , ,152330, , , ,1,1,0,0,0,0,0,0,0,0,2,0,2,0,0,0,0,0,0,0,0,0,0,2,0,0,0,0,0,0,0,0,0,0,0,3,0,39.9389,-75.2103, , 
 ,12163,2016026025,6,67,67301,2016,2,7,1520,15,1,1,0,5,1, , ,N,1,2,0,3,0,2,5,2,N,N,40 02:02.652,75 10:35.500,1539, ,1539, ,0, , , ,3, , , , , ,152342, , , ,2,2,0,0,0,0,0,0,0,0,0,1,2,1,0,0,0,0,0,0,1,0,0,0,0,0,0,0,0,0,0,0,0,0,0,4,0,40.0341,-75.1765, , 
 ,12164,2016029789,6,67,67301,2016,2,5,159,1,3,2,1,1,1, , ,N,0,0,3,3,0,1,2,2,N,N,40 01:14.043,75 09:23.601,203, ,201, ,0, ,Y, ,0, , , , , ,152346, , , ,2,2,0,0,0,0,0,0,0,0,1,0,1,0,0,0,0,1,0,1,0,0,0,0,0,0,0,0,0,0,0,0,0,0,0,3,0,40.0206,-75.1566, , 
 ,12165,2016034177,6,67,67301,2016,4,6,1110,11,1,2,1,4,1, , ,N,1,3,0,3,0,0,2,2,N,N,39 58:34.942,75 09:45.129,1112, ,1111, ,0, ,N, ,9, , , , , ,152352, , , ,2,1,0,0,0,0,1,0,0,0,0,0,0,0,0,0,0,0,1,0,0,0,0,0,0,0,0,0,0,0,0,0,0,0,0,0,0,39.9764,-75.1625, , 
 ,12166,2016049515,6,67,67301,2016,5,3,338,3,3,2,1,7,5, , ,N,0,0,0,3,0,0,1,1,N,N,39 58:57.309,75 12:27.900,402, ,339, ,0, , , ,0, , , , , ,152362, , , ,1,0,0,0,0,0,1,0,0,0,0,0,0,0,0,0,0,0,0,0,0,0,0,0,0,0,0,0,0,0,0,0,0,0,0,0,0,39.9826,-75.2078, , 
 ,12167,2016000740,6,67,67301,2016,1,7,1608,16,1,1,0,1,1, , ,N,0,0,0,3,0,0,2,2,N,N,39 58:33.181,75 06:55.062,1627, ,1610,1,2,1,N, ,0,N, , , , ,152369, , , ,2,2,0,0,0,0,0,0,0,0,0,0,0,0,0,0,0,0,0,0,0,0,0,0,0,0,0,0,0,0,0,0,0,0,0,0,0,39.9759,-75.1153, , 
 ,12168,2016027582,6,67,67301,2016,2,5,2235,22,3,1,0,4,1, , ,N,1,2,0,3,0,1,2,2,N,N,40 05:07.675,75 02:14.870,2237, ,2237,1,1,3,N, ,3,N, , , , ,152380, , , ,2,2,0,0,0,0,0,0,0,0,0,0,1,1,0,0,0,0,0,0,1,0,0,0,0,0,0,0,0,0,0,0,0,0,0,8,0,40.0854,-75.0374, , 
 ,12169,2016042488,6,67,67301,2016,4,1,618,6,1,1,0,7,3, , ,N,0,0,0,3,0,0,2,1,N,N,39 53:12.512,75 12:20.356,633, ,625, ,0, , , ,0, , , , , ,152393, , , ,1,0,0,0,1,0,0,0,0,0,0,0,0,0,0,0,0,0,0,0,0,0,0,0,0,0,0,0,0,0,0,0,0,0,0,0,0,39.8868,-75.2057, , 
 ,12170,2016047050,6,67,67301,2016,4,4,2235,22,3,1,0,4,1, , ,N,1,2,0,3,0,1,2,2,N,N,40 00:38.883,75 06:07.963,2315, ,2300,1,2,3,N, ,3,Y, , , , ,152397, , , ,2,2,0,0,0,0,0,0,0,0,0,1,1,0,1,0,0,0,0,0,1,0,0,0,0,0,0,0,0,0,0,0,0,0,0,4,0,40.0108,-75.1022, , 
 ,12171,2016029808,6,67,67301,2016,2,7,1600,16,1,1,0,4,1, , ,N,1,3,0,3,0,4,5,3,N,N,40 03:16.301,75 05:26.793,1628, ,1620,2,2,5, , ,3,Y, , , , ,145934, , , ,3,2,0,0,0,0,1,0,0,0,0,4,4,0,0,0,0,0,1,0,1,0,0,1,0,0,0,0,0,0,0,0,0,0,0,4,0,40.0545,-75.0908, , 
 ,12172,2016040534,6,67,67301,2016,3,6,2005,20,3,1,0,8,1, , ,N,0,0,0,3,1,0,6,3,N,N,39 54:24.267,75 14:05.623,2017, ,2015,3,2,6,N,0,0,Y, , , , ,145947, , , ,2,1,0,0,0,0,1,0,0,0,0,0,0,0,0,0,0,1,0,0,0,0,0,0,0,0,0,0,0,0,0,0,1,1,0,1,0,39.9067,-75.2349,2, 
 ,12173,2016046113,6,67,67301,2016,4,3,9999,99,1,1,0,1,1, , ,N,2,0,0,3,0,0,4,4,N,N,40 01:13.039,75 09:46.119,1636, ,1636,1,2,6, , ,0,Y, , , , ,145952, , , ,4,1,0,0,0,0,2,1,0,0,0,0,0,0,3,0,0,0,0,1,0,1,0,1,0,0,0,0,0,0,0,0,0,0,0,9,0,40.0203,-75.1628, , 
 ,12174,2016052234,6,67,67301,2016,2,2,1520,15,1,1,0,4,1, , ,N,1,3,0,3,0,2,3,2,N,N,40 02:37.669,75 00:45.698,0, ,0, ,0, ,N, ,3, , , , , ,145955, , , ,2,0,0,0,0,0,1,0,0,0,0,0,2,2,0,0,0,0,0,1,0,0,0,0,0,0,0,0,0,0,0,0,0,0,0,8,0,40.0438,-75.0127, , 
 ,12175,2016040636,6,67,67301,2016,3,7,1146,11,1,1,0,1,1, , ,N,0,0,0,3,0,1,2,2,N,N,40 00:23.594,75 11:51.934,1156, ,1150,3,2,4, , ,0,N, , , , ,145986, , , ,2,0,0,0,1,1,0,0,0,0,0,0,1,1,0,0,0,0,0,0,1,0,0,0,0,0,0,0,0,0,0,0,0,0,0,8,1,40.0066,-75.1978, , 
 ,12176,2016041411,6,67,67301,2016,4,2,1206,12,1,1,0,4,1, , ,N,1,2,0,3,0,2,2,2,N,N,40 01:24.687,75 08:00.078,1210, ,1207,2,2,3,N, ,3,Y, , , , ,145987, , , ,2,1,0,0,1,0,0,0,0,0,2,0,2,0,0,0,0,0,0,1,1,0,0,0,0,0,0,0,0,0,0,0,0,0,0,3,0,40.0235,-75.1334, , 
 ,12177,2016053569,6,67,67301,2016,5,3,1509,15,1,2,1,7,4, , ,N,0,0,2,3,0,0,4,1,N,N,39 54:35.720,75 09:29.703,1511, ,1511, ,0, ,N, ,0, , , , , ,145998, , , ,1,0,0,0,0,0,1,0,0,0,0,0,0,0,0,0,0,0,0,0,0,0,0,0,0,0,0,0,0,0,0,0,0,0,0,0,0,39.9099,-75.1583, , 
 ,12178,2016013984,6,67,67301,2016,1,5,745,7,1,1,0,8,1, , ,N,1,3,0,3,0,1,2,2,N,N,40 00:07.981,75 09:52.174,845, ,837, ,0, ,N, ,3, , , , , ,146019, , , ,1,0,0,0,0,0,1,0,0,0,0,1,1,0,0,0,0,0,0,0,0,0,0,0,0,0,0,0,0,0,0,0,1,0,0,4,0,40.0022,-75.1645, , 
 ,12179,2016019349,6,67,67301,2016,2,5,1440,14,1,1,0,1,1, , ,N,0,0,0,3,0,1,2,2,N,N,39 58:39.474,75 12:04.240,1447, ,1440,1,1,3, , ,0,N, , , , ,146025, , , ,2,2,0,0,0,0,0,0,0,0,0,0,1,1,0,0,0,0,0,0,0,0,0,0,0,0,0,0,0,0,0,0,0,0,0,8,0,39.9776,-75.2012, , 
 ,12180,2016026067,6,67,67301,2016,2,6,1500,15,1,1,0,1,1, , ,N,2,2,0,3,0,2,3,2,N, ,40 04:02.347,75 01:41.704,1500, ,1500, ,0, , , ,3, , , , , ,146029, , , ,2,1,0,0,0,0,1,0,0,0,0,1,2,1,0,0,0,0,0,0,0,0,0,0,0,0,0,0,0,0,0,0,0,0,0,4,0,40.0673,-75.0282, , 
 ,12181,2016032031,6,67,67301,2016,3,3,1128,11,1,1,0,5,6, , ,N,0,0,1,3,0,1,1,2,N,N,39 59:27.391,75 07:24.777,1133, ,1129, ,0, ,N, ,0, , , , , ,146038, , , ,2,0,0,0,0,0,1,1,0,0,0,1,1,0,0,0,0,0,0,0,1,0,0,0,0,0,0,0,0,0,0,0,0,0,0,4,0,39.9909,-75.1235, , 
 ,12182,2016013765,6,67,67301,2016,1,6,1138,11,1,1,0,4,1, , ,N,1,2,0,3,0,1,2,2,N,N,40 03:27.887,75 02:29.677,1140, ,1138, ,0, , , ,3, , , , , ,146063, , , ,2,1,1,0,0,0,0,0,0,0,0,0,1,1,0,0,0,0,0,0,0,1,1,0,0,0,0,0,0,0,0,0,0,0,0,8,0,40.0578,-75.0417, , 
 ,12183,2016024404,6,67,67301,2016,3,4,1514,15,1,1,0,8,1, , ,N,0,0,0,3,0,1,2,2, , ,39 57:13.233,75 11:56.201,1514, ,1514, ,0, , , ,0, , , , , ,146075, , , ,1,1,0,0,0,0,0,0,0,0,0,0,1,1,0,0,0,0,0,0,1,0,0,0,0,0,0,0,0,0,0,0,1,0,0,8,0,39.9537,-75.1989, , 
 ,12184,2016026137,6,67,67301,2016,2,3,1415,14,1,4,1,8,1, , ,N,1,2,0,3,0,1,2,2,N, ,40 00:36.243,75 09:03.825,1004, ,911, ,0, , , ,3, , , , , ,146079, , , ,1,1,0,0,0,0,0,0,0,0,1,0,1,0,1,0,0,0,0,0,0,0,0,0,0,0,0,0,0,0,0,0,1,0,0,3,0,40.0098,-75.151, , 
 ,12185,2016048620,6,67,67301,2016,4,2,825,8,1,1,0,4,1, , ,N,5,0,7,3,0,2,2,2,N,N,39 58:42.034,75 08:34.976,9999, ,847, ,0, , , ,0, , , , , ,146095, , , ,2,1,0,0,0,0,1,0,0,0,0,2,2,0,0,0,0,0,0,0,0,0,0,0,0,0,0,0,0,0,0,0,0,0,0,4,0,39.9783,-75.143, , 
 ,12186,2016053756,6,67,67301,2016,5,6,1225,12,1,2,1,8,1, , ,N,1,2,0,3,0,1,2,2,N,N,40 02:01.052,75 02:48.431,1232, ,1226, ,0, ,N, ,3, , , , , ,146100, , , ,1,0,0,0,1,0,0,0,0,0,1,0,1,0,0,0,0,0,0,0,1,0,0,0,0,0,0,0,0,0,0,0,1,0,0,3,0,40.0336,-75.0468, , 
 ,12187,2016007837,6,67,67301,2016,1,1,1657,16,3,1,0,5,1, , ,N,0,0,0,3,0,2,6,2,N,N,39 55:37.434,75 11:42.255,1722, ,1657,1,1,4, , ,0,N, , , , ,146105, , , ,2,1,0,0,0,0,1,0,0,0,0,2,2,0,0,0,0,0,0,0,1,0,0,0,0,0,0,0,0,0,0,0,0,0,0,4,0,39.9271,-75.1951, , 
 ,12188,2016026003,6,67,67301,2016,2,4,1530,15,1,1,0,8,1, , ,N,1,2,0,3,0,1,2,2,N, ,39 59:50.490,75 04:24.183,1550, ,1540, ,0, , , ,3, , , , , ,146119, , , ,1,0,0,1,0,0,0,0,0,0,0,1,1,0,0,0,0,0,0,0,0,0,0,0,0,0,0,0,0,0,0,0,1,0,0,4,1,39.9974,-75.0734, , 
 ,12189,2016058465,6,67,67301,2016,6,5,1227,12,1,1,0,4,1, , ,N,2,0,0,3,0,0,2,2,N,N,39 54:02.448,75 13:47.971,1357, ,1306,3,1,4,N, ,0,Y, , , , ,148691, , , ,2,0,0,0,0,1,1,0,0,0,0,0,0,0,0,0,0,0,0,0,0,1,0,0,0,0,0,0,0,0,0,0,0,0,0,0,1,39.9007,-75.23, , 
 ,12190,2016068705,6,67,67301,2016,6,5,842,8,1,8,1,4,1, , ,N,1,3,0,3,0,1,2,2,N, ,39 57:59.482,75 09:44.128,855, ,848, ,0, , , ,3, , , , , ,148699, , , ,2,2,0,0,0,0,0,0,0,1,0,0,1,0,0,0,0,0,0,0,1,0,0,0,0,0,0,0,0,0,0,0,0,0,0,2,0,39.9665,-75.1623, , 
 ,12191,2016033116,6,67,67301,2016,2,2,1825,18,3,1,0,1,1, , ,N,2,2,0,3,0,3,11,2,N,N,40 02:21.794,75 03:37.017,1840, ,1830,2,1,2,N, ,3,N, , , , ,148727, , , ,2,1,0,1,0,0,0,0,0,0,0,3,3,0,0,0,0,0,0,0,1,0,0,2,0,0,0,0,0,0,0,0,0,0,0,4,1,40.0394,-75.0603, , 
 ,12192,2016036415,6,67,67301,2016,3,7,1024,10,1,1,0,7,4, , ,N,0,0,0,3,0,2,2,1,N,N,40 05:39.635,75 00:55.749,1032, ,1027,1,1,1,N, ,0,N, , , , ,148730, , , ,1,0,0,0,0,0,1,0,0,0,0,1,2,1,0,0,0,0,0,0,1,0,0,0,0,0,0,0,0,0,0,0,0,0,0,4,0,40.0943,-75.0155, , 
 ,12193,2016052261,6,67,67301,2016,4,6,705,7,1,1,0,6,6, , ,N,0,0,0,3,0,0,1,2,N,N,39 58:32.525,75 13:37.395,830, ,824, ,0, ,N, ,0, , , , , ,148741, , , ,2,2,0,0,0,0,0,0,0,0,0,0,0,0,0,0,0,0,0,0,0,0,0,0,0,0,0,0,0,0,0,0,0,0,0,0,0,39.9757,-75.2271, , 
 ,12194,2016052313,6,67,67301,2016,5,3,1658,16,1,1,1,4,1, , ,N,1,2,0,3,0,6,8,2,N,Y,40 02:54.604,75 09:02.888,1715, ,1714, ,0, ,N, ,3, , , , , ,148793, , , ,2,1,0,1,0,0,0,0,0,0,0,6,6,0,0,0,0,0,0,0,1,0,0,1,0,0,0,0,0,0,0,0,0,0,0,4,1,40.0485,-75.1508, , 
 ,12195,2016052415,6,67,67301,2016,5,3,2120,21,3,1,0,7,4, , ,N,3,2,0,3,0,0,1,1,N,N,40 01:05.259,75 02:49.875,2204, ,2203, ,0, ,N, ,3, , , , , ,148794, , , ,1,1,0,0,0,0,0,0,0,0,0,0,0,0,0,0,0,0,0,0,1,0,0,0,0,0,0,0,0,0,0,0,0,0,0,0,0,40.0181,-75.0472, , 
 ,12196,2016001102,6,67,67301,2016,1,1,1214,12,1,1,0,0,1, , ,N,0,0,0,3,0,0,1,1,N,N,39 52:36.840,75 15:19.127,1230, ,1214, ,0, ,N, ,0, , , , , ,148799, , , ,1,0,0,0,0,0,0,1,0,0,0,0,0,0,0,0,0,0,0,0,0,0,0,0,0,0,0,0,0,0,0,0,0,0,0,0,0,39.8769,-75.2553, , 
 ,12197,2016016991,6,67,67301,2016,1,4,1724,17,3,4,3,4,1, , ,N,2,3,0,3,0,1,4,2,N, ,40 05:13.159,75 02:09.031,1730, ,1724, ,0, , , ,3, , , , , ,148865, , , ,2,1,0,0,0,0,1,0,0,0,0,0,1,1,1,0,0,0,0,0,1,0,0,0,0,0,0,0,0,0,0,0,0,0,0,8,0,40.087,-75.0358, , 
 ,12198,2016048714,6,67,67301,2016,4,4,2345,23,3,1,0,1,1, , ,N,1,0,0,3,0,1,2,2,N,N,39 58:59.788,75 06:06.416,2355, ,2353, ,0, ,N, ,0, , , , , ,148890, , , ,2,0,0,0,1,0,1,0,0,0,0,1,1,0,0,0,0,0,0,0,1,0,0,0,0,0,0,0,0,0,0,0,0,0,0,4,0,39.9833,-75.1018, , 
 ,12199,2016030708,6,67,67301,2016,3,6,1925,19,3,1,0,4,1, , ,N,0,0,7,3,0,3,4,2,N, ,40 02:46.000,75 03:22.000,1932, ,1931,1,1,5, , ,0,Y, , , , ,148915, , , ,2,0,0,0,0,0,2,0,0,0,0,0,3,3,0,0,0,0,0,0,0,1,0,1,0,0,0,0,0,0,0,0,0,0,0,8,0,40.0461,-75.0561, , 
 ,12200,2016008577,6,67,67301,2016,1,3,758,7,1,1,0,4,1, , ,N,1,2,0,3,0,1,2,2,N,N,39 56:34.767,75 09:36.842,820, ,801, ,0, ,N, ,3, , , , , ,148948, , , ,2,2,0,0,0,0,0,0,0,0,0,1,1,0,0,0,0,1,0,0,0,0,0,1,0,0,0,0,0,0,0,0,0,0,0,4,0,39.943,-75.1602, , 
 ,12201,2016027531,6,67,67301,2016,2,5,245,2,3,1,0,4,1, , ,N,1,2,0,3,0,1,2,2,N,N,39 59:12.447,75 10:50.908,250, ,246, ,0, ,N, ,3, , , , , ,148965, , , ,2,1,0,0,0,1,0,0,0,0,0,1,1,0,0,0,0,0,0,0,0,0,0,0,0,0,0,0,0,0,0,0,0,0,0,4,1,39.9868,-75.1808, , 
 ,12202,2016030438,6,67,67301,2016,3,5,1053,10,1,1,0,5,1, , ,N,0,8,0,3,0,0,3,2,N,N,40 00:27.901,75 12:06.463,1053, ,1053, ,0, , , ,3, , , , , ,148970, , , ,2,0,0,0,1,0,1,0,0,0,0,0,0,0,0,0,0,0,0,0,1,0,0,0,0,0,0,0,0,0,0,0,0,0,0,0,0,40.0078,-75.2018, , 
 ,12203,2016032101,6,67,67301,2016,3,5,900,9,1,1,0,4,1, , ,N,1,2,0,3,0,1,2,2,N, ,39 56:45.502,75 12:50.328,932, ,932, ,0, , , ,3, , , , , ,148973, , , ,2,2,0,0,0,0,0,0,0,0,0,0,1,1,0,0,0,0,0,0,1,0,0,0,0,0,0,0,0,0,0,0,0,0,0,8,0,39.946,-75.214, , 
N,12204,2016033488,6,67,67301,2016,3,7,1039,10,1,1,0,5,1,1,4,Y,0,8,0,3,0,2,5,3,N,N,40 00:59.498,75 03:05.109,1048,45,1039,3,2,2, , ,3,N,Y,N,N,N,148976,N,N,Y,3,2,0,0,0,1,0,0,0,0,0,2,2,0,0,0,0,0,0,0,0,0,0,0,0,0,0,0,0,0,0,0,0,0,0,4,1,40.0165,-75.0514, , 
 ,12205,2016043588,6,67,67301,2016,4,6,1722,17,1,1,0,5,1, , ,N,0,0,0,3,0,1,2,2,N,N,39 56:52.532,75 08:31.732,1750, ,1724, ,0, , , ,0, , , , , ,148987, , , ,2,1,0,0,0,1,0,0,0,0,0,0,1,1,0,0,0,0,0,1,0,0,0,0,0,0,0,0,0,0,0,0,0,0,0,8,1,39.9479,-75.1421, , 
 ,12206,2016013905,6,67,67301,2016,1,6,835,8,1,1,0,8,1, , ,N,0,0,0,3,0,1,2,2,N,Y,40 01:47.665,75 04:33.424,905, ,858, ,0, ,N, ,0, , , , , ,149001, , , ,1,1,0,0,0,0,0,0,0,0,0,0,1,1,0,0,0,0,0,0,0,0,0,1,0,0,0,0,0,0,0,0,1,0,0,8,0,40.0299,-75.076, , 
 ,12207,2016026155,6,67,67301,2016,2,2,1941,19,3,4,6,7,4, , ,N,0,0,0,3,0,4,4,1,N,N,40 02:29.491,75 03:28.772,1949, ,1949,2,1,2,Y, ,0,N, , , , ,155188, , , ,1,1,0,0,0,0,0,0,0,0,0,0,4,4,0,0,0,0,1,0,0,0,0,0,0,0,0,0,0,0,0,0,0,0,0,8,0,40.0415,-75.058, , 
 ,12208,2016036418,6,67,67301,2016,3,5,251,2,3,1,0,6,6, , ,N,0,0,0,3,0,1,1,4,N,N,39 59:42.375,75 06:22.063,255, ,251,1,1,1,N, ,0,N, , , , ,155199, , , ,4,2,0,0,1,0,1,0,0,0,0,1,1,0,0,0,0,0,0,0,0,0,0,0,0,0,0,0,0,0,0,0,0,0,0,4,0,39.9951,-75.1061, , 
 ,12209,2016007575,6,67,67301,2016,1,6,0,0,3,1,0,4,1, , ,N,2,2,0,3,0,3,6,2,N, ,40 00:11.021,75 09:51.354,0, ,0, ,0, , , ,3, , , , , ,155213, , , ,2,2,0,0,0,0,0,0,0,0,0,2,3,1,1,0,0,0,1,0,0,0,0,0,0,0,0,0,0,0,0,0,0,0,0,4,0,40.0031,-75.1643, , 
 ,12210,2016013983,6,67,67301,2016,1,3,1620,16,1,1,0,3,1, , ,N,2,0,0,3,0,0,6,2,Y,N,40 01:40.850,75 09:58.489,1650, ,1645, ,0, ,N, ,0, , , , , ,155218, , , ,2,1,0,1,0,0,0,0,0,0,0,0,0,0,0,0,0,0,0,0,0,0,0,0,0,0,0,0,0,0,0,0,0,0,0,0,1,40.028,-75.1662, , 
 ,12211,2016023949,6,67,67301,2016,2,4,2305,23,3,2,7,4,1, , ,N,0,0,0,3,0,1,2,3,N,N,39 52:48.268,75 14:50.653,2324, ,2307,3,2,1, , ,0,N, , , , ,155231, , , ,3,2,0,0,0,0,0,0,0,0,0,0,1,1,0,0,0,0,0,0,0,0,0,0,0,0,0,0,0,0,0,0,0,0,0,8,0,39.8801,-75.2474, , 
 ,12212,2016026136,6,67,67301,2016,2,4,1925,19,3,1,0,7,5, , ,N,1,3,0,3,0,0,1,2,N,N,40 04:08.738,75 10:03.928,1931, ,1928, ,0, , , ,3, , , , , ,155234, , , ,2,1,0,0,0,0,1,0,0,0,0,0,0,0,0,0,0,0,0,0,1,0,0,0,0,0,0,0,0,0,0,0,0,0,0,0,0,40.0691,-75.1678, , 
 ,12213,2016033088,6,67,67301,2016,3,5,1605,16,1,1,0,4,1, , ,N,1,3,0,3,0,3,4,2,N, ,40 01:27.483,75 09:40.489,1615, ,1606,1,1,2, , ,3,Y, , , , ,155242, , , ,2,0,0,0,1,0,0,1,0,0,1,2,3,0,1,0,0,0,0,0,0,0,0,0,0,0,0,0,0,0,0,0,0,0,0,3,0,40.0243,-75.1612, , 
 ,12214,2016046990,6,67,67301,2016,4,1,719,7,1,1,0,4,1, , ,N,1,2,0,3,0,0,2,2,N,N,39 58:23.685,75 12:43.721,746, ,746, ,0, ,N, ,3, , , , , ,155251, , , ,2,1,0,0,0,0,1,0,0,0,0,0,0,0,0,0,0,0,0,0,0,0,0,0,0,0,0,0,0,0,0,0,0,0,0,0,0,39.9732,-75.2121, , 
N,12215,2016028828,6,67,67301,2016,3,6,1855,18,3,1,0,1,1,1,4,Y,0,0,0,3,0,2,3,2,N,N,40 01:36.435,75 01:34.836,1932,45,1900,2,2,2, , ,0,N,Y,N,N,N,155291,Y,N,Y,2,1,0,0,0,0,0,1,0,0,0,2,2,0,0,0,0,0,0,0,1,0,0,0,0,0,0,0,0,0,0,0,0,0,0,4,0,40.0268,-75.0263, , 
 ,12216,2016039677,6,67,67301,2016,3,5,2155,21,3,1,0,7,4, , ,N,0,0,0,3,0,1,1,1,N,N,39 56:44.225,75 14:23.678,2200, ,2158,2,1,1,N, ,0,Y, , , , ,155302, , , ,1,1,0,0,0,0,0,0,0,0,0,1,1,0,0,0,0,0,0,0,0,0,0,1,0,0,0,0,0,0,0,0,0,0,0,4,0,39.9456,-75.2399, , 
 ,12217,2016029919,6,67,67301,2016,2,2,1250,12,1,1,0,1,1, , ,N,0,0,0,3,0,0,2,2,N,N,40 06:41.680,74 59:28.223,1310, ,1300,2,1,1,N, ,0,N, , , , ,155325, , , ,2,1,0,0,1,0,0,0,0,0,0,0,0,0,0,0,0,0,0,0,1,0,0,0,0,0,0,0,0,0,0,0,0,0,0,0,0,40.1116,-74.9912, , 
 ,12218,2016032928,6,67,67301,2016,3,6,1523,15,1,1,0,1,1, , ,N,0,0,0,3,0,4,4,2,N,N,39 56:31.536,75 11:38.431,1616, ,1538,1,2,3, , ,0,N, , , , ,155327, , , ,2,2,0,0,0,0,0,0,0,0,0,1,4,3,0,0,0,1,0,0,1,0,0,0,0,0,0,0,0,0,0,0,0,0,0,4,0,39.9421,-75.194, , 
 ,12219,2016013823,6,67,67301,2016,1,5,2230,22,3,1,0,4,1, , ,N,1,2,0,3,0,0,3,2,N,N,40 02:41.988,75 07:24.833,2238, ,2233, ,0, ,N, ,3, , , , , ,155370, , , ,2,2,0,0,0,0,0,0,0,0,0,0,0,0,3,0,0,0,0,0,0,0,0,0,0,0,0,0,0,0,0,0,0,0,0,9,0,40.045,-75.1235, , 
 ,12220,2016013845,6,67,67301,2016,1,1,1930,19,3,2,1,7,4, , ,N,0,0,0,3,0,0,2,1,N,N,40 03:20.433,75 04:22.123,1944, ,1944, ,0, ,N, ,0, , , , , ,155371, , , ,1,1,0,0,0,0,0,0,0,0,0,0,0,0,0,0,1,0,0,0,0,0,0,0,0,0,0,0,0,0,0,0,0,0,0,0,0,40.0557,-75.0728, , 
 ,12221,2016021140,6,67,67301,2016,1,6,2343,23,3,1,0,1,1, , ,N,0,0,0,3,0,0,1,3,N,N,39 57:40.104,75 13:17.637,55, ,43, ,0, ,N, ,0, , , , , ,155382, , , ,3,3,0,0,0,0,0,0,0,0,0,0,0,0,1,0,0,0,0,0,0,0,0,0,0,0,0,0,0,0,0,0,0,0,0,9,0,39.9611,-75.2216, , 
 ,12222,2016029267,6,67,67301,2016,3,5,33,0,3,1,0,7,5, , ,N,0,3,0,3,0,0,1,1,N,N,40 05:01.346,75 13:58.307,35, ,33,2,1,4,N, ,3,N, , , , ,155386, , , ,1,1,0,0,0,0,0,0,0,0,0,0,0,0,0,0,0,0,0,1,0,0,0,0,0,0,0,0,0,0,0,0,0,0,0,0,0,40.0837,-75.2329, , 
 ,12223,2016029942,6,67,67301,2016,2,2,1145,11,1,1,0,6,1, , ,N,0,0,0,3,0,0,2,2,N, ,40 07:07.636,74 59:37.690,1150, ,1149, ,0, , , ,0, , , , , ,155388, , , ,2,2,0,0,0,0,0,0,0,0,0,0,0,0,0,0,0,0,0,0,0,0,1,2,0,0,0,0,0,0,0,0,0,0,0,0,0,40.1188,-74.9938, , 