wz_ln_closure,objectid_1,crn,district,county,municipality,crash_year,crash_month,day_of_week,time_of_day,hour_of_day,illumination,weather,road_condition,collision_type,relation_to_road,work_zone_type,work_zone_loc,work_zone_ind,intersect_type,tcd_type,location_type,urban_rural,fatal_count,injury_count,person_count,total_units,sch_bus_ind,sch_zone_ind,latitude,longitude,arrival_tm,cons_zone_spd_lim,dispatch_tm,est_hrs_closed,lane_closed,ln_close_dir,ntfy_hiwy_maint,spec_juris_cd,tcd_func_cd,tfc_detour_ind,workers_pres,wz_close_detour,wz_flagger,wz_law_offcr_ind,objectid,wz_moving,wz_other,wz_shlder_mdn,vehicle_count,automobile_count,motorcycle_count,bus_count,small_truck_count,heavy_truck_count,suv_count,van_count,bicycle_count,maj_inj_count,mod_inj_count,min_inj_count,tot_inj_count,unk_inj_deg_count,unk_inj_per_count,driver_count_16yr,driver_count_17yr,driver_count_18yr,driver_count_19yr,driver_count_20yr,driver_count_50_64yr,driver_count_65_74yr,driver_count_75plus,unbelted_occ_count,unb_death_count,unb_maj_inj_count,belted_death_count,belted_maj_inj_count,mcycle_death_count,mcycle_maj_inj_count,bicycle_death_count,bicycle_maj_inj_count,ped_count,ped_death_count,ped_maj_inj_count,max_severity_level,comm_veh_count,dec_lat,dec_long,rdwy_surf_type_cd,county_name
 ,12224,2016041442,6,67,67301,2016,4,6,50,0,3,1,0,1,1, , ,N,5,2,0,3,0,1,2,2,N,N,39 55:49.947,75 08:59.099,135, ,134,1,1,2,N, ,3,N, , , , ,155396, , , ,2,2,0,0,0,0,0,0,0,0,0,0,1,1,0,0,0,0,0,0,0,0,0,1,0,0,0,0,0,0,0,0,0,0,0,8,0,39.9305,-75.1497, , 
 ,12225,2016017059,6,67,67301,2016,1,3,630,6,3,1,1,4,1, , ,N,2,2,0,3,0,0,3,2,N,N,40 02:15.016,75 12:37.445,639, ,633, ,0, ,N, ,3, , , , , ,155413, , , ,2,1,0,0,0,0,1,0,0,0,0,0,0,0,0,0,0,0,0,0,1,0,0,0,0,0,0,0,0,0,0,0,0,0,0,0,0,40.0377,-75.2104, , 
 ,12226,2016052126,6,67,67301,2016,3,5,1515,15,1,1,0,4,1, , ,N,1,2,0,3,0,1,2,2, , ,40 04:26.624,75 11:27.147,0, ,0, ,0, , , ,3, , , , , ,152402, , , ,2,2,0,0,0,0,0,0,0,1,0,0,1,0,0,0,0,0,0,0,0,0,0,0,0,0,0,0,0,0,0,0,0,0,0,2,0,40.0741,-75.1909, , 
 ,12227,2016056435,6,67,67301,2016,5,1,2305,23,3,1,0,1,1, , ,N,0,0,0,3,0,2,4,2,N,N,39 57:13.600,75 08:31.100,2315, ,2310, ,0, ,N, ,0, , , , , ,152404, , , ,2,1,0,0,1,0,0,0,0,0,0,2,2,0,0,0,0,0,0,0,0,0,0,0,0,0,0,0,0,0,0,0,0,0,0,4,0,39.9538,-75.142, , 
 ,12228,2016063489,6,67,67301,2016,6,4,117,1,3,1,0,8,1, , ,N,0,0,0,3,1,0,2,2,N,N,39 58:49.820,75 10:19.119,122, ,121,3,2,6,N,0,0,Y, , , , ,152412, , , ,1,1,0,0,0,0,0,0,0,0,0,0,0,0,0,0,0,0,0,0,0,0,0,0,0,0,0,0,0,0,0,0,1,1,0,1,0,39.9805,-75.172,2, 
 ,12229,2016063882,6,67,67301,2016,6,6,2245,22,3,1,0,4,1, , ,N,1,3,0,3,0,1,4,2,N,N,39 58:25.672,75 09:12.549,2247, ,2247, ,0, ,N, ,3, , , , , ,152413, , , ,2,2,0,0,0,0,0,0,0,0,0,1,1,0,0,0,1,0,0,0,0,0,0,0,0,0,0,0,0,0,0,0,0,0,0,4,0,39.9738,-75.1535, , 
 ,12230,2016013299,6,67,67301,2016,1,5,1745,17,1,1,0,8,1, , ,N,1,2,0,3,0,1,2,2,N,N,40 02:08.965,75 10:29.000,1745, ,1744, ,0, ,N, ,3, , , , , ,152424, , , ,1,0,0,0,0,0,0,1,0,0,0,1,1,0,0,0,0,0,0,0,1,0,0,0,0,0,0,0,0,0,0,0,1,0,0,4,0,40.0358,-75.1747, , 
 ,12231,2016028339,6,67,67301,2016,2,1,1720,17,3,1,0,5,1, , ,N,0,0,0,3,0,0,1,3,N,N,40 00:42.451,75 09:31.939,1728, ,1725,1,2,1, , ,0,Y, , , , ,152429, , , ,3,3,0,0,0,0,0,0,0,0,0,0,0,0,0,0,0,0,0,0,0,0,0,0,0,0,0,0,0,0,0,0,0,0,0,0,0,40.0118,-75.1589, , 
 ,12232,2016030116,6,67,67301,2016,3,5,2100,21,3,1,0,1,1, , ,N,0,0,0,3,0,2,2,2,N,N,39 58:38.172,75 12:00.549,2106, ,2104,1,2,3, , ,0,N, , , , ,152432, , , ,2,1,0,0,0,0,0,1,0,0,0,0,2,2,0,0,0,0,0,0,0,1,0,0,0,0,0,0,0,0,0,0,0,0,0,8,0,39.9773,-75.2002, , 
 ,12233,2016043373,6,67,67301,2016,4,2,837,8,1,1,0,1,1, , ,N,0,0,0,3,0,0,3,3,N, ,39 59:03.573,75 12:11.666,849, ,839,2,1,2,N, ,0,N, , , , ,152443, , , ,3,1,0,0,0,0,2,0,0,0,0,0,0,0,0,0,0,0,0,0,0,0,0,0,0,0,0,0,0,0,0,0,0,0,0,0,0,39.9843,-75.2032, , 
 ,12234,2016048676,6,67,67301,2016,4,3,1250,12,1,1,0,1,1, , ,N,0,0,0,3,0,1,2,2,N,N,39 58:27.557,75 12:10.351,1255, ,1250, ,0, , , ,0, , , , , ,152448, , , ,2,1,0,0,0,0,1,0,0,0,0,1,1,0,1,0,0,0,0,0,0,1,0,0,0,0,0,0,0,0,0,0,0,0,0,4,0,39.9743,-75.2029, , 
 ,12235,2016062237,6,67,67301,2016,6,1,1712,17,1,1,0,6,1, , ,N,0,2,7,3,0,2,4,2,N,N,40 06:06.520,75 00:22.762,1720, ,1714,3,2,2,N, ,3,N, , , , ,152454, , , ,2,2,0,0,0,0,0,0,0,1,1,0,2,0,0,0,0,0,0,0,0,0,2,2,0,1,0,0,0,0,0,0,0,0,0,2,0,40.1018,-75.0063, , 
 ,12236,2016036492,6,67,67301,2016,3,7,1308,13,1,1,0,4,1, , ,N,0,0,7,3,0,0,3,2,N, ,40 02:03.717,75 12:56.833,1311, ,1308, ,0, , , ,0, , , , , ,152494, , , ,2,1,0,0,0,0,1,0,0,0,0,0,0,0,1,0,0,0,0,0,0,0,0,0,0,0,0,0,0,0,0,0,0,0,0,9,0,40.0344,-75.2158, , 
 ,12237,2016048597,6,67,67301,2016,4,1,1000,10,1,1,0,4,1, , ,N,1,3,0,3,0,3,3,3,N,N,39 55:25.806,75 14:22.876,1005, ,1004, ,0, ,N, ,3, , , , , ,152507, , , ,3,3,0,0,0,0,0,0,0,0,0,1,3,2,0,0,0,0,0,0,0,0,0,1,0,0,0,0,0,0,0,0,0,0,0,4,0,39.9238,-75.2397, , 
 ,12238,2016051393,6,67,67301,2016,5,6,536,5,3,2,7,7,2, , ,N,0,0,0,3,0,1,1,1,N,N,40 02:10.501,75 00:55.423,600, ,536,4,2,1, , ,0,N, , , , ,152510, , , ,1,0,0,0,0,1,0,0,0,0,1,0,1,0,0,0,0,0,0,0,0,0,0,0,0,0,0,0,0,0,0,0,0,0,0,3,1,40.0363,-75.0154, , 
 ,12239,2016053237,6,67,67301,2016,5,4,1300,13,1,1,0,4,1, , ,N,1,2,2,3,0,4,5,2,N,N,40 00:33.068,75 04:08.444,1315, ,1300,2,1,4,N, ,3,Y, , , , ,152512, , , ,2,0,0,0,0,1,1,0,0,0,0,0,4,4,0,0,0,0,0,0,2,0,0,1,0,0,0,0,0,0,0,0,0,0,0,8,1,40.0092,-75.069, , 
 ,12240,2016029776,6,67,67301,2016,2,5,1623,16,1,1,0,4,1, , ,N,1,2,0,3,0,1,3,2,N, ,40 01:45.919,75 07:28.901,1630, ,1623, ,0, ,N, ,3, , , , , ,152536, , , ,2,2,0,0,0,0,0,0,0,0,0,1,1,0,0,0,0,0,0,0,1,0,0,0,0,0,0,0,0,0,0,0,0,0,0,4,0,40.0294,-75.1247, , 
 ,12241,2016048710,6,67,67301,2016,4,2,1533,15,1,1,0,8,1, , ,N,0,0,0,3,0,1,2,2,N,N,40 00:27.536,75 05:45.726,1615, ,1603, ,0, ,N, ,0, , , , , ,152551, , , ,1,0,0,0,0,0,1,0,0,0,0,1,1,0,0,0,0,0,0,0,0,0,0,1,0,0,0,0,0,0,0,0,1,0,0,4,0,40.0076,-75.096, , 
 ,12242,2016053341,6,67,67301,2016,4,6,1618,16,1,1,0,1,1, , ,N,0,0,0,3,0,0,3,3,N,N,39 56:01.429,75 08:42.181,1726, ,1624, ,0, , , ,0, , , , , ,152556, , , ,3,2,0,0,0,0,1,0,0,0,0,0,0,0,0,0,0,0,0,0,2,0,0,0,0,0,0,0,0,0,0,0,0,0,0,0,0,39.9337,-75.1451, , 
 ,12243,2016053707,6,67,67301,2016,5,4,230,2,3,1,0,4,1, , ,N,1,2,1,3,0,1,2,2,N,N,40 01:04.383,75 04:57.342,234, ,232,1,1,1,N, ,3,Y, , , , ,152558, , , ,2,1,0,0,0,0,1,0,0,0,0,0,1,1,0,0,0,0,0,0,1,0,0,0,0,0,0,0,0,0,0,0,0,0,0,8,0,40.0179,-75.0826, , 
 ,12244,2016042388,6,67,67301,2016,4,3,1753,17,1,1,0,7,2, , ,N,0,0,0,3,0,0,1,1,N,N,39 57:56.684,75 08:12.913,1800, ,1753, ,0, , , ,0, , , , , ,146134, , , ,1,1,0,0,0,0,0,0,0,0,0,0,0,0,0,0,0,0,0,0,0,0,0,0,0,0,0,0,0,0,0,0,0,0,0,0,0,39.9657,-75.1369, , 
 ,12245,2016035361,6,67,67301,2016,3,3,1449,14,1,1,0,1,1, , ,N,1,2,0,3,0,0,4,2,N,N,40 01:15.937,75 08:23.758,1520, ,1450,2,1,1,N, ,3,N, , , , ,146179, , , ,2,1,0,0,0,0,1,0,0,0,0,0,0,0,0,0,0,0,0,0,1,0,0,0,0,0,0,0,0,0,0,0,0,0,0,0,0,40.0211,-75.1399, , 
 ,12246,2016013692,6,67,67301,2016,1,1,259,2,3,1,0,4,1, , ,N,1,2,0,3,0,0,4,3,N,N,39 59:22.375,75 10:07.877,337, ,332,1,1,2,N, ,3,Y, , , , ,146201, , , ,3,3,0,0,0,0,0,0,0,0,0,0,0,0,2,0,0,0,0,0,0,0,0,0,0,0,0,0,0,0,0,0,0,0,0,9,0,39.9895,-75.1689, , 
 ,12247,2016014445,6,67,67301,2016,1,1,423,4,3,2,1,1,1, , ,N,2,2,0,3,0,3,4,2,N, ,39 57:36.624,75 08:13.909,9999, ,9999, ,0, , , ,3, , , , , ,146202, , , ,2,1,0,0,1,0,0,0,0,0,0,0,3,3,0,0,0,0,1,0,0,0,0,1,0,0,0,0,0,0,0,0,0,0,0,8,0,39.9602,-75.1372, , 
 ,12248,2016031443,6,67,67301,2016,3,1,530,5,3,1,0,5,2, , ,N,0,0,0,3,0,0,2,2,N,N,39 58:04.557,75 11:24.117,535, ,532, ,0, , , ,0, , , , , ,146212, , , ,2,2,0,0,0,0,0,0,0,0,0,0,0,0,0,0,0,0,0,0,0,0,0,0,0,0,0,0,0,0,0,0,0,0,0,0,0,39.9679,-75.19, , 
 ,12249,2016033928,6,67,67301,2016,3,5,1310,13,1,1,0,4,1, , ,N,1,2,0,3,0,1,2,2,N,N,39 58:27.123,75 09:23.824,1315, ,1310, ,0, ,N, ,3, , , , , ,146218, , , ,1,0,0,0,0,0,1,0,1,0,0,1,1,0,0,0,0,0,0,0,0,0,0,1,0,0,0,0,0,0,0,0,0,0,0,4,0,39.9742,-75.1566, , 
 ,12250,2016022200,6,67,67301,2016,2,2,2040,20,3,2,1,7,2, , ,N,7,0,2,3,0,1,2,2,N,N,39 54:35.875,75 09:22.640,2042, ,2040,3,1,4,N, ,0,N, , , , ,146264, , , ,2,1,0,0,0,0,1,0,0,0,0,0,1,1,0,0,0,0,0,0,0,0,0,1,0,0,0,0,0,0,0,0,0,0,0,8,0,39.91,-75.1563, , 
 ,12251,2016028332,6,67,67301,2016,2,7,1658,16,1,1,0,4,1, , ,N,1,2,0,3,0,1,4,3,N,N,39 55:05.839,75 12:32.264,1708, ,1701,9,2,2,N, ,3,Y, , , , ,146269, , , ,3,1,1,0,0,0,0,0,0,1,0,0,1,0,1,0,0,1,0,0,1,0,0,0,0,0,0,0,0,1,0,0,0,0,0,2,0,39.9182,-75.2088, , 
 ,12252,2016029786,6,67,67301,2016,3,7,1400,14,1,1,0,1,1, , ,N,1,2,0,3,0,1,3,3,N, ,40 03:02.097,75 08:31.585,1535, ,1530, ,0, , , ,3, , , , , ,146272, , , ,3,3,0,0,0,0,0,0,0,0,0,1,1,0,0,0,0,0,0,0,0,0,0,2,0,0,0,0,0,0,0,0,0,0,0,4,0,40.0506,-75.1421, , 
 ,12253,2016038181,6,67,67301,2016,3,2,9999,99,1,2,1,1,1, , ,N,0,0,0,3,0,1,4,3,N,N,40 02:09.295,75 04:04.918,437, ,430,1,2,2,N, ,0,Y, , , , ,146282, , , ,3,3,0,0,0,0,0,0,0,0,1,0,1,0,0,0,0,0,0,0,0,0,0,0,0,0,0,0,0,0,0,0,0,0,0,3,0,40.0359,-75.068, , 
 ,12254,2016039647,6,67,67301,2016,3,6,1800,18,1,1,0,1,1, , ,N,0,0,0,3,0,0,2,2,N,N,39 54:34.239,75 11:35.493,1830, ,1820, ,0, ,N, ,0, , , , , ,146283, , , ,2,2,0,0,0,0,0,0,0,0,0,0,0,0,2,0,0,0,0,0,0,0,0,0,0,0,0,0,0,0,0,0,0,0,0,9,0,39.9095,-75.1932, , 
 ,12255,2016050869,6,67,67301,2016,5,4,1223,12,1,2,1,1,1, , ,N,0,0,0,3,0,0,4,3,N, ,40 05:20.081,75 02:02.274,1230, ,1230, ,0, , , ,0, , , , , ,146292, , , ,3,1,0,0,0,0,2,0,0,0,0,0,0,0,0,0,0,0,0,0,0,0,0,1,0,0,0,0,0,0,0,0,0,0,0,0,0,40.0889,-75.034, , 
 ,12256,2016032094,6,67,67301,2016,3,6,805,8,2,4,4,4,1, , ,N,2,3,0,3,0,1,2,2,N,N,40 00:51.724,75 11:12.037,902, ,850, ,0, ,N, ,3, , , , , ,146314, , , ,2,2,0,0,0,0,0,0,0,0,0,1,1,0,1,0,0,0,0,0,0,0,0,0,0,0,0,0,0,0,0,0,0,0,0,4,0,40.0144,-75.1867, , 
 ,12257,2016036374,6,67,67301,2016,3,6,310,3,3,1,0,5,6, , ,N,0,0,0,3,0,0,1,5,N,N,39 58:25.155,75 09:08.284,400, ,400,3,2,4,N, ,0,Y, , , , ,146321, , , ,5,4,0,0,0,0,0,1,0,0,0,0,0,0,0,0,0,0,0,0,0,0,0,1,0,0,0,0,0,0,0,0,0,0,0,0,0,39.9737,-75.1523, , 
 ,12258,2016056044,6,67,67301,2016,5,5,700,7,1,1,0,1,1, , ,N,1,2,0,3,0,1,2,2,N, ,40 01:22.391,75 08:13.477,1310, ,1305, ,0, , , ,3, , , , , ,146340, , , ,2,1,0,0,0,0,1,0,0,0,0,1,1,0,1,0,0,0,0,0,0,0,0,0,0,0,0,0,0,0,0,0,0,0,0,4,0,40.0229,-75.1371, , 
 ,12259,2016028833,6,67,67301,2016,3,7,2210,22,3,1,0,1,1, , ,N,0,0,0,3,0,4,4,2,N,N,39 59:51.335,75 11:46.520,2215, ,2210,2,1,3, , ,0,N, , , , ,146361, , , ,2,2,0,0,0,0,0,0,0,0,0,0,4,4,0,0,0,0,0,0,0,0,0,2,0,0,0,0,0,0,0,0,0,0,0,8,0,39.9976,-75.1963, , 
 ,12260,2016052299,6,67,67301,2016,5,2,2120,21,3,2,1,4,1, , ,N,1,2,0,3,0,2,3,2,N, ,40 00:38.780,75 09:02.882,2130, ,2120, ,0, , , ,3, , , , , ,146378, , , ,2,2,0,0,0,0,0,0,0,0,0,2,2,0,0,0,0,0,0,0,0,0,0,0,0,0,0,0,0,0,0,0,0,0,0,4,0,40.0107,-75.1508, , 
 ,12261,2016007648,6,67,67301,2016,1,7,2016,20,6,1,0,8,1, , ,N,2,2,0,3,0,1,2,2,N,N,39 57:32.475,75 10:32.026,2020, ,2017, ,0, ,N, ,3, , , , , ,146394, , , ,1,0,0,0,0,0,1,0,0,0,0,1,1,0,0,0,0,0,0,0,0,0,0,0,0,0,0,0,0,0,0,0,1,0,0,4,0,39.959,-75.1756, , 
 ,12262,2016016604,6,67,67301,2016,1,7,400,4,3,1,0,7,1, , ,N,0,0,0,3,0,0,1,2,N,N,39 57:16.995,75 14:31.876,401, ,400, ,0, ,N, ,0, , , , , ,149002, , , ,2,1,0,0,0,0,1,0,0,0,0,0,0,0,0,0,0,0,0,0,0,0,0,1,0,0,0,0,0,0,0,0,0,0,0,0,0,39.9547,-75.2422, , 
 ,12263,2016029135,6,67,67301,2016,3,6,746,7,1,1,0,8,1, , ,N,0,0,0,3,0,1,2,2,N,N,40 03:58.595,75 09:32.207,9999, ,816,2,1,3, , ,0,N, , , , ,149012, , , ,1,1,0,0,0,0,0,0,0,0,0,0,1,1,1,0,0,0,0,0,0,0,0,0,0,0,0,0,0,0,0,0,1,0,0,8,0,40.0663,-75.1589, , 
 ,12264,2016029926,6,67,67301,2016,2,1,157,1,3,1,0,5,6, , ,N,0,0,0,3,0,0,1,4,N, ,39 58:39.950,75 09:41.425,202, ,157, ,0, ,N, ,0, , , , , ,149014, , , ,4,3,0,0,0,0,0,1,0,0,0,0,0,0,0,0,0,0,0,0,0,0,0,0,0,0,0,0,0,0,0,0,0,0,0,0,0,39.9778,-75.1615, , 
 ,12265,2016033127,6,67,67301,2016,3,4,1247,12,1,1,0,1,1, , ,N,0,0,0,3,0,1,2,3,N,N,39 55:28.358,75 10:15.441,1256, ,1251,2,2,6,N, ,0,Y, , , , ,149015, , , ,3,0,0,0,1,1,1,0,0,0,0,0,1,1,0,0,0,0,0,0,0,0,0,0,0,0,0,0,0,0,0,0,0,0,0,8,1,39.9245,-75.171, , 
 ,12266,2016058707,6,67,67301,2016,5,3,1126,11,1,1,0,1,1, , ,N,0,0,0,3,0,3,4,2,N,N,39 57:33.512,75 10:27.560,1203, ,1136, ,0, , , ,0, , , , , ,149038, , , ,2,2,0,0,0,0,0,0,0,0,0,0,3,3,0,0,1,0,0,0,0,0,0,0,0,0,0,0,0,0,0,0,0,0,0,8,0,39.9593,-75.1743, , 
 ,12267,2016039681,6,67,67301,2016,3,7,14,0,3,1,0,1,1, , ,N,2,3,0,3,0,6,6,2,N,N,40 01:07.309,75 06:05.983,157, ,156, ,0, ,N, ,3, , , , , ,149065, , , ,2,2,0,0,0,0,0,0,0,0,0,5,6,1,0,0,0,0,0,1,0,0,0,0,0,0,0,0,0,0,0,0,0,0,0,4,0,40.0187,-75.1017, , 
 ,12268,2016052269,6,67,67301,2016,5,1,419,4,3,2,1,1,6, , ,N,0,0,0,3,0,1,1,3,N,N,39 56:46.008,75 14:20.603,448, ,439, ,0, ,N, ,0, , , , , ,149075, , , ,3,2,0,0,0,0,1,0,0,0,0,1,1,0,0,0,0,0,0,0,0,0,0,0,0,0,0,0,0,0,0,0,0,0,0,4,0,39.9461,-75.2391, , 
 ,12269,2016053089,6,67,67301,2016,4,5,1510,15,1,2,1,4,1, , ,N,1,2,0,3,0,1,6,3,N,N,39 54:39.813,75 13:49.242,1522, ,1510, ,0, , , ,3, , , , , ,149076, , , ,3,2,0,0,0,0,1,0,0,0,0,0,1,1,0,0,0,0,0,0,0,0,0,0,0,0,0,0,0,0,0,0,0,0,0,8,0,39.9111,-75.2303, , 
 ,12270,2016053739,6,67,67301,2016,5,1,225,2,3,1,0,4,1, , ,N,1,3,0,3,0,0,4,2,N,N,39 56:27.488,75 10:40.342,253, ,251, ,0, ,N, ,3, , , , , ,149077, , , ,2,0,0,0,0,0,1,1,0,0,0,0,0,0,1,0,0,0,0,0,1,0,1,0,0,0,0,0,0,0,0,0,0,0,0,9,0,39.941,-75.1779, , 
 ,12271,2016053762,6,67,67301,2016,5,6,1518,15,1,2,1,4,1, , ,N,1,3,0,3,0,1,2,2,N,N,39 56:23.816,75 09:33.271,1530, ,1520, ,0, ,N, ,3, , , , , ,149078, , , ,2,2,0,0,0,0,0,0,0,0,0,1,1,0,1,0,0,0,0,0,0,0,0,0,0,0,0,0,0,0,0,0,0,0,0,4,0,39.9399,-75.1592, , 
U,12272,2016008622,6,67,67301,2016,1,2,1305,13,1,1,0,1,1,8,8,Y,0,0,0,3,0,2,2,2,N,N,39 54:15.691,75 11:36.762,1315,99,1307,1,1,3,N, ,0,Y,U,U,U,U,149093,U,U,U,2,0,0,0,0,0,1,1,0,0,0,2,2,0,0,0,0,0,0,0,1,0,0,0,0,0,0,0,0,0,0,0,0,0,0,4,0,39.9044,-75.1935, , 
 ,12273,2016032027,6,67,67301,2016,3,7,1530,15,1,1,0,1,1, , ,N,0,0,0,3,0,1,3,2,N, ,40 01:56.623,75 10:09.542,1841, ,1841, ,0, , , ,0, , , , , ,149115, , , ,2,2,0,0,0,0,0,0,0,0,0,1,1,0,0,0,0,0,0,0,0,1,0,0,0,0,0,0,0,0,0,0,0,0,0,4,0,40.0324,-75.1693, , 
 ,12274,2016047009,6,67,67301,2016,4,3,1412,14,1,1,0,4,1, , ,N,1,2,0,3,0,3,3,2,N, ,40 05:53.765,75 02:49.794,1427, ,1414,1,1,2, , ,3,N, , , , ,149129, , , ,2,1,0,0,0,0,1,0,0,0,3,0,3,0,0,0,0,0,0,0,1,0,0,2,0,0,0,0,0,0,0,0,0,0,0,3,0,40.0984,-75.0471, , 
 ,12275,2016028699,6,67,67301,2016,3,4,1200,12,1,1,0,1,1, , ,N,0,0,0,3,0,1,2,2,N,N,39 58:47.756,75 06:23.048,1201, ,1201,1,1,2, , ,0,N, , , , ,149159, , , ,2,0,0,0,0,0,1,1,0,0,0,0,1,1,0,0,0,0,0,0,1,0,0,1,0,0,0,0,0,0,0,0,0,0,0,8,0,39.9799,-75.1064, , 
 ,12276,2016041439,6,67,67301,2016,4,6,435,4,3,8,1,7,2, , ,N,0,0,0,3,0,1,1,1,N,N,40 04:02.791,75 11:42.329,9999, ,9999,1,1,6,N, ,0,Y, , , , ,149169, , , ,1,1,0,0,0,0,0,0,0,0,0,1,1,0,0,0,0,0,0,0,0,0,0,1,0,0,0,0,0,0,0,0,0,0,0,4,0,40.0674,-75.1951, , 
 ,12277,2016013960,6,67,67301,2016,1,3,1115,11,1,1,0,4,1, , ,N,1,2,0,3,0,1,2,2,N,N,40 01:30.637,75 07:31.531,1135, ,1130,2,1,2,N, ,3,N, , , , ,149191, , , ,2,2,0,0,0,0,0,0,0,0,0,0,1,1,0,0,0,0,0,0,1,0,0,0,0,0,0,0,0,0,0,0,0,0,0,8,0,40.0252,-75.1254, , 
 ,12278,2016014008,6,67,67301,2016,1,3,819,8,1,1,0,4,1, , ,N,1,2,0,3,0,1,2,2,N,N,39 59:34.547,75 13:03.608,1005, ,1001, ,0, ,N, ,3, , , , , ,149192, , , ,2,2,0,0,0,0,0,0,0,0,0,1,1,0,1,0,0,0,0,0,1,0,0,0,0,0,0,0,0,0,0,0,0,0,0,4,0,39.993,-75.2176, , 
 ,12279,2016019351,6,67,67301,2016,2,6,1021,10,1,1,0,1,1, , ,N,0,0,0,3,0,1,2,2,N,N,39 57:00.807,75 08:30.101,1042, ,1026, ,0, , , ,0, , , , , ,149194, , , ,2,1,0,0,0,0,1,0,0,0,0,1,1,0,0,0,0,0,0,0,0,0,0,0,0,0,0,0,0,0,0,0,0,0,0,4,0,39.9502,-75.1417, , 
 ,12280,2016026030,6,67,67301,2016,2,4,1726,17,4,1,0,1,1, , ,N,1,2,0,3,0,4,4,2,N,N,39 56:28.421,75 12:33.849,1726, ,1726, ,0, ,N, ,3, , , , , ,155422, , , ,2,2,0,0,0,0,0,0,0,0,1,3,4,0,0,0,0,0,0,0,1,0,0,0,0,0,0,0,0,0,0,0,0,0,0,3,0,39.9412,-75.2094, , 
 ,12281,2016036417,6,67,67301,2016,3,5,809,8,1,1,0,4,1, , ,N,1,3,0,3,0,1,4,2,N, ,39 55:09.793,75 10:50.131,809, ,806, ,0, , , ,3, , , , , ,155434, , , ,2,0,0,0,0,0,2,0,0,0,0,0,1,1,0,0,0,0,0,0,1,0,0,0,0,0,0,0,0,0,0,0,0,0,0,8,0,39.9194,-75.1806, , 
 ,12282,2016052332,6,67,67301,2016,4,5,1557,15,1,2,1,4,1, , ,N,2,2,0,3,0,0,3,2,N,N,40 02:12.961,75 08:42.306,1557, ,1557, ,0, ,N, ,3, , , , , ,155445, , , ,2,2,0,0,0,0,0,0,0,0,0,0,0,0,0,0,0,0,0,0,1,0,0,0,0,0,0,0,0,0,0,0,0,0,0,0,0,40.0369,-75.1451, , 
 ,12283,2016007480,6,67,67301,2016,1,7,1523,15,1,1,0,4,1, , ,N,1,2,0,3,0,0,4,2,N,N,39 58:14.012,75 08:59.857,1532, ,1529, ,0, ,N, ,3, , , , , ,155455, , , ,2,1,0,0,1,0,0,0,0,0,0,0,0,0,0,0,0,0,0,0,0,0,0,0,0,0,0,0,0,0,0,0,0,0,0,0,0,39.9704,-75.15, , 
 ,12284,2016013746,6,67,67301,2016,1,6,2000,20,3,1,8,8,1, , ,N,0,0,0,3,0,1,2,2,N,N,40 01:59.147,75 04:19.615,1950, ,1900, ,0, , , ,0, , , , , ,155463, , , ,1,1,0,0,0,0,0,0,0,0,0,0,1,1,1,0,0,0,0,0,0,0,0,0,0,0,0,0,0,0,0,0,1,0,0,8,0,40.0331,-75.0721, , 
 ,12285,2016014062,6,67,67301,2016,1,3,930,9,1,1,0,4,1, , ,N,0,0,7,3,0,2,2,2,N,N,40 01:01.405,75 07:31.400,952, ,948, ,0, ,N, ,0, , , , , ,155464, , , ,2,1,0,0,0,0,0,1,0,0,0,0,2,2,0,0,0,0,1,0,1,0,0,0,0,0,0,0,0,0,0,0,0,0,0,8,0,40.0171,-75.1254, , 
 ,12286,2016020452,6,67,67301,2016,2,7,143,1,3,1,0,7,4, , ,N,0,0,0,3,0,1,1,1,N,N,39 59:02.306,75 09:23.932,143, ,0,9,2,5,N, ,0,Y, , , , ,155468, , , ,1,1,0,0,0,0,0,0,0,0,0,0,1,1,0,0,0,0,0,0,0,0,0,0,0,0,0,0,0,0,0,0,0,0,0,8,0,39.984,-75.1566, , 
 ,12287,2016036398,6,67,67301,2016,3,6,1229,12,1,1,0,4,1, , ,N,0,0,7,3,0,2,5,2,N, ,39 56:15.250,75 09:51.980,1235, ,1232,2,1,3, , ,0,N, , , , ,155486, , , ,2,2,0,0,0,0,0,0,0,0,0,2,2,0,0,0,0,0,0,0,1,0,0,0,0,0,0,0,0,0,0,0,0,0,0,4,0,39.9376,-75.1644, , 
 ,12288,2016039823,6,67,67301,2016,4,6,1632,16,1,1,0,1,1, , ,N,0,0,0,3,0,1,6,4,N,N,39 57:12.279,75 10:53.644,1650, ,1633, ,0, , , ,0, , , , , ,155488, , , ,4,3,0,0,0,0,1,0,0,0,0,0,1,1,0,0,0,0,1,0,0,0,0,1,0,0,0,0,0,0,0,0,0,0,0,8,0,39.9534,-75.1816, , 
 ,12289,2016041005,6,67,67301,2016,4,6,1714,17,1,1,0,8,1, , ,N,1,2,0,3,0,1,2,2,N,N,39 57:59.738,75 09:37.523,1720, ,1714,2,2,1,N, ,3,Y, , , , ,155489, , , ,1,1,0,0,0,0,0,0,0,0,0,1,1,0,0,0,0,0,0,0,0,0,0,0,0,0,0,0,0,0,0,0,1,0,0,4,0,39.9666,-75.1604, , 