wz_ln_closure,objectid_1,crn,district,county,municipality,crash_year,crash_month,day_of_week,time_of_day,hour_of_day,illumination,weather,road_condition,collision_type,relation_to_road,work_zone_type,work_zone_loc,work_zone_ind,intersect_type,tcd_type,location_type,urban_rural,fatal_count,injury_count,person_count,total_units,sch_bus_ind,sch_zone_ind,latitude,longitude,arrival_tm,cons_zone_spd_lim,dispatch_tm,est_hrs_closed,lane_closed,ln_close_dir,ntfy_hiwy_maint,spec_juris_cd,tcd_func_cd,tfc_detour_ind,workers_pres,wz_close_detour,wz_flagger,wz_law_offcr_ind,objectid,wz_moving,wz_other,wz_shlder_mdn,vehicle_count,automobile_count,motorcycle_count,bus_count,small_truck_count,heavy_truck_count,suv_count,van_count,bicycle_count,maj_inj_count,mod_inj_count,min_inj_count,tot_inj_count,unk_inj_deg_count,unk_inj_per_count,driver_count_16yr,driver_count_17yr,driver_count_18yr,driver_count_19yr,driver_count_20yr,driver_count_50_64yr,driver_count_65_74yr,driver_count_75plus,unbelted_occ_count,unb_death_count,unb_maj_inj_count,belted_death_count,belted_maj_inj_count,mcycle_death_count,mcycle_maj_inj_count,bicycle_death_count,bicycle_maj_inj_count,ped_count,ped_death_count,ped_maj_inj_count,max_severity_level,comm_veh_count,dec_lat,dec_long,rdwy_surf_type_cd,county_name
 ,12357,2016046983,6,67,67301,2016,4,7,140,1,3,1,0,4,1, , ,N,1,2,0,3,0,1,2,2,N,N,39 58:10.310,75 13:31.350,147, ,146, ,0, ,N, ,3, , , , , ,130189, , , ,2,2,0,0,0,0,0,0,0,0,0,1,1,0,0,0,0,0,0,0,0,0,0,0,0,0,0,0,0,0,0,0,0,0,0,4,0,39.9695,-75.2254, , 
 ,12358,2016047026,6,67,67301,2016,4,3,1526,15,1,1,0,6,6, , ,N,0,0,0,3,0,1,1,2,N, ,40 01:24.078,75 12:31.845,1531, ,1527, ,0, , , ,0, , , , , ,130190, , , ,2,1,0,0,0,0,1,0,0,0,0,0,1,1,0,0,0,0,0,0,0,0,0,0,0,0,0,0,0,0,0,0,0,0,0,8,0,40.0234,-75.2088, , 
 ,12359,2016053638,6,67,67301,2016,5,6,940,9,1,2,1,1,1, , ,N,2,2,0,3,0,1,2,2,N, ,40 03:19.907,75 07:34.654,1005, ,945,2,1,3, , ,3,N, , , , ,130196, , , ,2,1,0,0,0,0,1,0,0,0,0,1,1,0,0,0,0,0,0,1,0,0,0,0,0,0,0,0,0,0,0,0,0,0,0,4,0,40.0554,-75.1263, , 
 ,12360,2016014996,6,67,67301,2016,1,2,548,5,3,1,0,7,3, , ,N,0,0,0,3,0,1,1,1,N,N,40 02:42.535,75 00:07.031,606, ,552,1,1,1, , ,0,N, , , , ,130209, , , ,1,1,0,0,0,0,0,0,0,0,0,0,1,1,0,0,0,0,0,0,1,0,0,0,0,0,0,0,0,0,0,0,0,0,0,8,0,40.0451,-75.002, , 
 ,12361,2016026874,6,67,67301,2016,2,3,2300,23,3,1,0,4,1, , ,N,2,2,0,3,0,1,2,2,N, ,40 06:28.603,75 01:35.426,2310, ,2300, ,0, , , ,3, , , , , ,130221, , , ,2,1,0,0,0,0,1,0,0,0,0,0,1,1,1,0,0,0,0,0,0,0,0,0,0,0,0,0,0,0,0,0,0,0,0,8,0,40.1079,-75.0264, , 
 ,12362,2016027576,6,67,67301,2016,2,3,1830,18,3,2,1,8,1, , ,N,1,2,0,3,0,1,2,2,N,N,40 00:05.705,75 09:10.074,1850, ,1840,2,1,5,N, ,3,N, , , , ,130222, , , ,1,1,0,0,0,0,0,0,0,1,0,0,1,0,0,0,0,0,0,0,0,0,0,1,0,0,0,0,0,0,0,0,1,0,1,2,0,40.0016,-75.1528, , 
 ,12363,2016032029,6,67,67301,2016,3,5,1148,11,1,1,0,4,1, , ,N,0,0,7,3,0,2,2,2,N,N,40 04:45.542,75 12:50.494,1156, ,1148,2,2,5,N, ,0,Y, , , , ,130226, , , ,2,1,0,0,0,0,1,0,0,0,0,1,2,1,0,0,0,0,0,0,1,0,0,0,0,0,0,0,0,0,0,0,0,0,0,4,0,40.0793,-75.214, , 
 ,12364,2016051824,6,67,67301,2016,5,1,1010,10,1,2,1,1,1, , ,N,2,2,0,3,0,3,7,2,N,N,39 56:59.748,75 12:12.369,1013, ,1010, ,0, ,N, ,3, , , , , ,130244, , , ,2,2,0,0,0,0,0,0,0,0,3,0,3,0,0,0,0,1,0,0,0,0,0,0,0,0,0,0,0,0,0,0,0,0,0,3,0,39.9499,-75.2036, , 
 ,12365,2016019350,6,67,67301,2016,2,6,205,2,3,1,0,1,1, , ,N,0,0,0,3,0,1,4,3,N,N,39 55:24.160,75 11:32.076,211, ,206,1,2,3, , ,0,N, , , , ,130258, , , ,3,1,0,0,0,0,1,1,0,0,1,0,1,0,0,0,0,0,0,0,1,0,0,0,0,0,0,0,0,0,0,0,0,0,0,3,0,39.9234,-75.1922, , 
 ,12366,2016022021,6,67,67301,2016,2,7,1205,12,1,1,0,4,1, , ,N,1,3,0,3,0,2,3,3,N,N,39 58:25.388,75 13:52.359,1205, ,1205,2,1,6,N, ,3,Y, , , , ,130261, , , ,3,1,0,0,0,0,2,0,0,0,0,2,2,0,1,0,0,0,1,0,1,0,0,0,0,0,0,0,0,0,0,0,0,0,0,4,0,39.9737,-75.2312, , 
 ,12367,2016036528,6,67,67301,2016,3,5,812,8,1,1,0,1,1, , ,N,0,0,3,3,0,1,2,2,N, ,39 59:45.506,75 11:42.444,825, ,817, ,0, , , ,0, , , , , ,130271, , , ,2,2,0,0,0,0,0,0,0,0,0,1,1,0,0,0,0,0,0,0,1,0,0,0,0,0,0,0,0,0,0,0,0,0,0,4,0,39.996,-75.1951, , 
 ,12368,2016019895,6,67,67301,2016,2,4,1930,19,2,2,1,4,1, , ,N,0,0,0,3,0,1,2,2,N,N,39 53:53.234,75 15:12.069,1944, ,1931, ,0, ,N, ,0, , , , , ,130308, , , ,1,0,0,0,0,1,0,0,1,0,0,1,1,0,0,0,0,0,0,0,1,0,0,0,0,0,0,0,0,0,0,0,0,0,0,4,1,39.8981,-75.2534, , 
 ,12369,2016025993,6,67,67301,2016,2,1,1741,17,3,1,0,7,4, , ,N,0,0,0,3,0,2,2,1,N,N,40 03:10.506,75 00:30.565,1745, ,1744, ,0, ,N, ,0, , , , , ,130312, , , ,1,0,0,0,0,0,1,0,0,1,0,1,2,0,0,0,0,0,0,0,0,0,0,0,0,0,0,0,0,0,0,0,0,0,0,2,0,40.0529,-75.0085, , 
 ,12370,2016040945,6,67,67301,2016,4,4,1354,13,1,1,0,7,6, , ,N,0,0,0,3,0,0,5,1,N,N,39 57:34.027,75 11:49.939,1354, ,1354, ,0, ,N, ,0, , , , , ,133396, , , ,1,1,0,0,0,0,0,0,0,0,0,0,0,0,0,0,0,0,0,0,0,0,0,0,0,0,0,0,0,0,0,0,0,0,0,0,0,39.9595,-75.1972, , 
 ,12371,2016013722,6,67,67301,2016,1,5,1310,13,1,1,0,8,1, , ,N,1,3,0,3,0,1,2,2,N,N,39 59:23.089,75 08:04.844,1335, ,330, ,0, ,N, ,3, , , , , ,133425, , , ,1,1,0,0,0,0,0,0,0,0,0,1,1,0,1,0,0,0,0,0,0,0,0,0,0,0,0,0,0,0,0,0,1,0,0,4,0,39.9897,-75.1347, , 
 ,12372,2016013840,6,67,67301,2016,1,1,1903,19,3,2,5,7,4, , ,N,0,0,0,3,0,0,2,1,N,N,40 05:23.446,75 01:10.462,1911, ,1904,3,1,1,Y, ,0,N, , , , ,133426, , , ,1,0,0,0,1,0,0,0,0,0,0,0,0,0,0,0,0,0,0,0,0,0,0,0,0,0,0,0,0,0,0,0,0,0,0,0,0,40.0898,-75.0196, , 
 ,12373,2016017052,6,67,67301,2016,1,6,2013,20,3,1,0,8,1, , ,N,0,0,0,3,0,1,2,2,N,N,39 59:13.647,75 05:16.452,1715, ,1710, ,0, ,N, ,0, , , , , ,133428, , , ,1,1,0,0,0,0,0,0,0,1,0,0,1,0,0,0,0,0,0,0,0,0,0,0,0,0,0,0,0,0,0,0,1,0,1,2,0,39.9871,-75.0879, , 
 ,12374,2016039716,6,67,67301,2016,3,3,1640,16,1,1,0,4,1, , ,N,1,3,0,3,0,2,3,2,N, ,40 03:07.035,75 10:46.646,2115, ,2115, ,0, , , ,3, , , , , ,133446, , , ,2,1,0,0,0,0,0,1,0,0,0,2,2,0,0,0,0,0,0,0,0,0,1,0,0,0,0,0,0,0,0,0,0,0,0,4,0,40.052,-75.1796, , 
 ,12375,2016049105,6,67,67301,2016,5,1,135,1,3,1,0,1,4, , ,N,0,0,0,3,0,2,4,5,N,N,39 57:08.419,75 11:17.556,135, ,135, ,0, ,N, ,0, , , , , ,133455, , , ,5,4,0,0,1,0,0,0,0,0,0,0,2,2,2,0,0,0,0,0,1,0,0,0,0,0,0,0,0,0,0,0,0,0,0,8,0,39.9523,-75.1882, , 
 ,12376,2016053624,6,67,67301,2016,5,4,1023,10,1,1,0,1,1, , ,N,0,0,0,3,0,1,4,2,N,N,39 57:14.626,75 10:07.327,1026, ,1024, ,0, ,N, ,0, , , , , ,133459, , , ,2,1,0,0,0,0,1,0,0,0,0,0,1,1,1,0,0,0,1,0,0,0,0,0,0,0,0,0,0,0,0,0,0,0,0,8,0,39.9541,-75.1687, , 
 ,12377,2016056077,6,67,67301,2016,5,1,122,1,3,1,0,4,1, , ,N,2,3,0,3,0,0,3,2,N, ,39 58:19.538,75 13:21.503,130, ,123, ,0, , , ,3, , , , , ,133463, , , ,2,2,0,0,0,0,0,0,0,0,0,0,0,0,0,0,0,0,0,0,0,0,0,1,0,0,0,0,0,0,0,0,0,0,0,0,0,39.9721,-75.2226, , 
 ,12378,2016013884,6,67,67301,2016,1,4,2000,20,3,1,0,1,1, , ,N,0,0,0,3,0,1,2,2,N, ,39 58:32.516,75 11:21.818,1600, ,9999, ,0, , , ,0, , , , , ,133471, , , ,1,0,0,0,1,0,0,0,1,0,0,1,1,0,1,0,0,0,0,0,0,0,0,0,0,0,0,0,0,0,0,0,0,0,0,4,0,39.9757,-75.1894, , 
 ,12379,2016013907,6,67,67301,2016,1,2,530,5,3,1,0,5,1, , ,N,0,0,0,3,0,0,1,5,N, ,40 01:15.821,75 04:43.568,740, ,735, ,0, , , ,0, , , , , ,133472, , , ,5,2,0,0,0,0,2,1,0,0,0,0,0,0,0,0,0,0,0,0,0,0,0,0,0,0,0,0,0,0,0,0,0,0,0,0,0,40.0211,-75.0788, , 
 ,12380,2016026150,6,67,67301,2016,2,1,1043,10,1,1,0,4,1, , ,N,1,2,0,3,0,1,3,2,N,N,39 56:24.149,75 09:58.815,1044, ,1043, ,0, ,N, ,3, , , , , ,133487, , , ,2,2,0,0,0,0,0,0,0,0,0,1,1,0,0,0,0,0,0,0,0,1,0,0,0,0,0,0,0,0,0,0,0,0,0,4,0,39.94,-75.1662, , 
 ,12381,2016029906,6,67,67301,2016,3,2,725,7,1,1,0,0,1, , ,N,0,0,0,3,0,1,1,1,N,N,39 59:47.143,75 11:57.108,740, ,730, ,0, ,N, ,0, , , , , ,133492, , , ,1,0,0,0,0,0,1,0,0,0,0,1,1,0,0,0,0,0,0,0,0,0,0,0,0,0,0,0,0,0,0,0,0,0,0,4,0,39.9964,-75.1992, , 
 ,12382,2016036420,6,67,67301,2016,3,4,2029,20,1,1,0,5,1, , ,N,0,0,0,3,0,0,2,2,N,N,40 00:30.820,75 04:20.209,2035, ,2030, ,0, ,N, ,0, , , , , ,133495, , , ,2,1,0,0,1,0,0,0,0,0,0,0,0,0,1,0,0,0,0,0,1,0,0,0,0,0,0,0,0,0,0,0,0,0,0,9,0,40.0086,-75.0723, , 
 ,12383,2016040863,6,67,67301,2016,4,6,1500,15,1,1,0,8,1, , ,N,0,0,0,3,0,1,2,2,N,N,40 01:55.257,75 09:46.051,1500, ,1500, ,0, ,N, ,0, , , , , ,133499, , , ,1,1,0,0,0,0,0,0,0,0,0,1,1,0,0,0,0,0,0,0,0,1,0,0,0,0,0,0,0,0,0,0,1,0,0,4,0,40.032,-75.1628, , 
 ,12384,2016027554,6,67,67301,2016,2,1,2055,20,3,2,1,8,1, , ,N,1,2,0,3,0,1,2,2,N, ,40 04:11.773,75 09:25.779,2105, ,2100, ,0, , , ,3, , , , , ,133534, , , ,1,0,0,0,0,0,0,0,0,0,0,0,1,1,0,0,0,0,0,0,0,0,0,0,0,0,0,0,0,0,0,0,1,0,0,8,0,40.0699,-75.1572, , 
 ,12385,2016039685,6,67,67301,2016,3,5,845,8,1,1,0,4,1, , ,N,1,2,0,3,0,1,2,2,N,N,39 57:13.719,75 09:59.863,915, ,900, ,0, ,N, ,3, , , , , ,133543, , , ,1,0,0,0,0,0,0,0,1,0,0,1,1,0,0,0,0,0,0,0,0,0,0,0,0,0,0,0,0,0,0,0,0,0,0,4,0,39.9538,-75.1666, , 
 ,12386,2016032063,6,67,67301,2016,3,5,1530,15,1,1,0,1,1, , ,N,2,0,0,3,0,1,3,2,N, ,39 58:24.900,75 11:13.249,1840, ,1840, ,0, , , ,0, , , , , ,133580, , , ,2,0,0,0,0,0,1,1,0,0,0,0,1,1,2,0,0,0,0,0,1,0,0,0,0,0,0,0,0,0,0,0,0,0,0,8,0,39.9736,-75.187, , 
 ,12387,2016036378,6,67,67301,2016,3,5,1300,13,1,1,0,5,1, , ,N,0,0,0,3,0,1,2,2,N, ,39 59:35.084,75 07:16.752,1305, ,1305, ,0, , , ,0, , , , , ,133584, , , ,2,0,1,0,1,0,0,0,0,0,0,0,1,1,0,0,0,0,0,0,1,0,0,1,0,0,0,0,0,0,0,0,0,0,0,8,0,39.9931,-75.1213, , 
 ,12388,2016041434,6,67,67301,2016,4,3,1147,11,1,1,0,8,6, , ,N,0,0,0,3,0,1,2,2,N,N,39 57:09.874,75 09:28.370,1155, ,1150, ,0, ,N, ,0, , , , , ,136822, , , ,1,1,0,0,0,0,0,0,0,0,0,0,1,1,0,0,0,0,0,0,1,0,0,1,0,0,0,0,0,0,0,0,1,0,0,8,0,39.9527,-75.1579, , 
 ,12389,2016044608,6,67,67301,2016,4,1,1400,14,1,1,0,8,1, , ,N,0,0,0,3,0,1,2,2,N, ,39 57:26.549,75 12:58.465,1422, ,1411, ,0, , , ,0, , , , , ,136826, , , ,1,1,0,0,0,0,0,0,0,0,0,0,1,1,0,0,0,0,0,0,0,0,0,1,0,0,0,0,0,0,0,0,1,0,0,8,0,39.9574,-75.2162, , 
 ,12390,2016047803,6,67,67301,2016,4,2,1725,17,1,1,0,8,1, , ,N,0,0,0,3,0,1,2,2,N, ,40 00:37.504,75 05:15.381,1755, ,1738, ,0, , , ,0, , , , , ,136829, , , ,1,0,0,0,0,0,0,1,0,0,0,1,1,0,0,0,0,0,0,0,0,0,0,0,0,0,0,0,0,0,0,0,1,0,0,4,0,40.0104,-75.0876, , 
 ,12391,2016052417,6,67,67301,2016,4,6,2045,20,3,1,0,8,1, , ,N,5,2,0,3,0,1,2,2,N,N,40 00:11.393,75 09:08.837,2058, ,2057, ,0, ,N, ,3, , , , , ,136833, , , ,1,0,0,0,0,0,1,0,0,0,0,1,1,0,0,0,0,0,0,0,1,0,0,1,0,0,0,0,0,0,0,0,1,0,0,4,0,40.0032,-75.1525, , 
 ,12392,2016060835,6,67,67301,2016,5,2,1419,14,1,1,0,1,1, , ,N,0,0,0,3,0,1,2,2,N,N,40 03:49.711,75 02:32.937,1428, ,1424,9,1,2,N, ,0,N, , , , ,136842, , , ,2,2,0,0,0,0,0,0,0,0,1,0,1,0,0,0,0,0,1,0,1,0,0,0,0,0,0,0,0,0,0,0,0,0,0,3,0,40.0638,-75.0425, , 
 ,12393,2016019325,6,67,67301,2016,2,2,630,6,1,1,0,4,1, , ,N,0,0,0,3,0,0,3,3,N,N,40 00:28.261,75 12:07.493,648, ,638, ,0, , , ,0, , , , , ,136860, , , ,3,1,0,0,1,0,1,0,0,0,0,0,0,0,0,0,0,0,0,0,0,0,0,0,0,0,0,0,0,0,0,0,0,0,0,0,0,40.0079,-75.2021, , 
 ,12394,2016019367,6,67,67301,2016,2,2,1347,13,1,4,1,7,5, , ,N,0,0,0,3,0,0,1,1,N,N,40 02:19.933,75 00:29.990,1352, ,1347, ,0, , , ,0, , , , , ,136861, , , ,1,0,0,0,0,0,1,0,0,0,0,0,0,0,0,0,0,0,0,0,0,0,0,0,0,0,0,0,0,0,0,0,0,0,0,0,0,40.0389,-75.0083, , 
 ,12395,2016019759,6,67,67301,2016,1,1,523,5,3,1,0,7,4, , ,N,0,0,0,3,0,0,2,1,N,N,39 57:14.252,75 11:19.549,524, ,523,2,1,3,N, ,0,N, , , , ,136863, , , ,1,0,0,0,0,0,0,1,0,0,0,0,0,0,0,0,0,0,0,0,0,0,0,1,0,0,0,0,0,0,0,0,0,0,0,0,0,39.954,-75.1888, , 
 ,12396,2016033840,6,67,67301,2016,3,5,1725,17,1,1,0,5,1, , ,N,2,0,0,3,0,1,4,2,N,N,40 01:32.361,75 02:12.084,1740, ,1735,1,1,2, , ,0,N, , , , ,136877, , , ,2,1,0,0,0,0,1,0,0,0,0,1,1,0,0,0,0,0,0,0,0,0,0,0,0,0,0,0,0,0,0,0,0,0,0,4,0,40.0257,-75.0367, , 
 ,12397,2016053710,6,67,67301,2016,5,5,205,2,3,1,0,4,1, , ,N,1,2,0,3,0,2,3,2,N,N,39 58:16.448,75 09:26.204,224, ,220, ,0, ,N, ,3, , , , , ,136890, , , ,2,2,0,0,0,0,0,0,0,0,0,1,2,1,1,0,0,0,0,0,1,0,0,0,0,0,0,0,0,0,0,0,0,0,0,4,0,39.9711,-75.1573, , 
 ,12398,2016036394,6,67,67301,2016,2,4,1310,13,1,1,0,6,6, , ,N,0,0,0,3,0,0,1,2,N, ,40 02:25.879,75 09:59.619,1447, ,1310,3,2,4, , ,0,Y, , , , ,136928, , , ,2,1,0,0,0,0,1,0,0,0,0,0,0,0,1,0,0,0,0,0,0,0,0,0,0,0,0,0,0,0,0,0,0,0,0,9,0,40.0405,-75.1666, , 
 ,12399,2016040928,6,67,67301,2016,4,6,655,6,1,1,0,1,1, , ,N,0,2,0,3,0,0,2,2,N,N,40 04:11.021,75 03:02.255,659, ,658,1,1,2,N, ,3,N, , , , ,136932, , , ,2,1,0,0,0,0,0,1,0,0,0,0,0,0,0,0,0,0,0,0,0,0,0,0,0,0,0,0,0,0,0,0,0,0,0,0,0,40.0697,-75.0506, , 
 ,12400,2016027690,6,67,67301,2016,3,6,2050,20,3,1,0,4,1, , ,N,1,2,0,3,0,1,3,2,N,N,40 03:35.459,75 07:59.829,2151, ,2050,1,2,4,N, ,3,Y, , , , ,136964, , , ,2,1,0,0,0,0,1,0,0,0,0,0,1,1,0,0,0,0,0,0,2,0,0,0,0,0,0,0,0,0,0,0,0,0,0,8,0,40.0598,-75.1334, , 
 ,12401,2016030705,6,67,67301,2016,3,6,9999,99,3,1,0,2,1, , ,N,1,2,0,3,0,1,3,2,N,N,40 00:46.713,75 07:09.797,2350, ,2344, ,0, ,N, ,3, , , , , ,136967, , , ,2,1,0,0,0,0,1,0,0,0,0,1,1,0,0,0,0,0,0,0,0,0,0,0,0,0,0,0,0,0,0,0,0,0,0,4,0,40.013,-75.1194, , 
 ,12402,2016032095,6,67,67301,2016,3,6,1948,19,3,1,0,8,1, , ,N,5,2,0,3,0,1,2,2,N,N,39 59:55.130,75 10:41.603,2012, ,1948, ,0, ,N, ,3, , , , , ,136969, , , ,1,1,0,0,0,0,0,0,0,0,1,0,1,0,0,0,0,0,0,0,0,0,0,1,0,0,0,0,0,0,0,0,1,0,0,3,0,39.9987,-75.1782, , 
 ,12403,2016046978,6,67,67301,2016,4,4,1448,14,1,1,0,5,6, , ,N,0,0,0,3,0,0,1,2,N,N,40 01:39.968,75 13:33.308,1503, ,1448, ,0, ,N, ,0, , , , , ,136983, , , ,2,2,0,0,0,0,0,0,0,0,0,0,0,0,0,0,0,0,0,0,1,0,0,0,0,0,0,0,0,0,0,0,0,0,0,0,0,40.0278,-75.2259, , 
 ,12404,2016052294,6,67,67301,2016,5,2,9999,99,1,1,0,1,7, , ,N,1,2,0,3,0,1,2,2,N, ,39 59:25.754,75 14:57.168,1051, ,1051, ,0, , , ,3, , , , , ,136988, , , ,2,0,0,0,0,0,2,0,0,0,0,1,1,0,0,0,0,0,0,0,1,0,0,0,0,0,0,0,0,0,0,0,0,0,0,4,0,39.9905,-75.2492, , 
 ,12405,2016053667,6,67,67301,2016,5,6,1206,12,1,2,1,4,1, , ,N,1,2,0,3,0,2,2,2,N,N,40 00:25.796,75 05:55.483,1215, ,1213,2,1,1,N, ,3,N, , , , ,136989, , , ,2,1,0,0,0,0,1,0,0,0,0,0,2,2,0,0,0,0,0,0,1,0,0,0,0,0,0,0,0,0,0,0,0,0,0,8,0,40.0072,-75.0987, , 
 ,12406,2016014045,6,67,67301,2016,1,4,1200,12,1,1,0,8,1, , ,N,0,0,0,3,0,1,2,2,N, ,40 00:17.340,75 10:40.361,1310, ,1310, ,0, , , ,0, , , , , ,140125, , , ,1,1,0,0,0,0,0,0,0,0,1,0,1,0,0,0,0,0,0,0,0,0,0,1,0,0,0,0,0,0,0,0,1,0,0,3,0,40.0048,-75.1779, , 
 ,12407,2016029780,6,67,67301,2016,3,1,1505,15,1,1,0,4,1, , ,N,1,2,0,3,0,4,4,2,N,N,39 59:22.394,75 10:08.017,1530, ,1525, ,0, ,N, ,3, , , , , ,140138, , , ,2,2,0,0,0,0,0,0,0,0,0,0,4,4,0,0,0,0,0,0,0,0,0,0,0,0,0,0,0,0,0,0,0,0,0,8,0,39.9895,-75.1689, , 
 ,12408,2016039690,6,67,67301,2016,3,2,1600,16,1,1,0,4,1, , ,N,1,0,0,3,0,5,6,2,N,N,40 02:00.034,75 06:16.401,1613, ,1605, ,0, , , ,0, , , , , ,140143, , , ,2,1,0,0,0,0,1,0,0,0,0,2,5,3,0,0,0,0,0,0,1,0,0,0,0,0,0,0,0,0,0,0,0,0,0,4,0,40.0333,-75.1046, , 
 ,12409,2016053289,6,67,67301,2016,4,7,1221,12,1,1,0,1,1, , ,N,0,0,0,3,0,0,2,2,N,N,39 58:36.858,75 11:51.141,1256, ,1231, ,0, , , ,0, , , , , ,140159, , , ,2,1,0,0,0,0,1,0,0,0,0,0,0,0,0,0,0,0,0,0,1,0,0,0,0,0,0,0,0,0,0,0,0,0,0,0,0,39.9769,-75.1975, , 
 ,12410,2016061241,6,67,67301,2016,5,3,2200,22,3,9,0,8,1, , ,N,5,2,0,3,0,1,2,2,N,N,40 03:51.426,75 09:12.794,2130, ,2123, ,0, , , ,3, , , , , ,140167, , , ,1,0,0,0,0,0,1,0,0,0,0,1,1,0,1,0,0,0,0,0,0,0,0,0,0,0,0,0,0,0,0,0,1,0,0,4,0,40.0643,-75.1536, , 
 ,12411,2016036525,6,67,67301,2016,3,1,1643,16,1,1,0,4,1, , ,N,1,3,0,3,0,1,3,2,N,N,40 00:20.080,75 08:50.474,1745, ,1738, ,0, , , ,3, , , , , ,140189, , , ,2,2,0,0,0,0,0,0,0,0,0,0,1,1,1,0,0,0,0,0,2,0,0,1,0,0,0,0,0,0,0,0,0,0,0,8,0,40.0056,-75.1474, , 
 ,12412,2016052847,6,67,67301,2016,4,3,1035,10,1,1,0,4,1, , ,N,2,0,0,3,0,1,2,2,N, ,40 00:52.963,75 08:46.237,1042, ,1042, ,0, , , ,0, , , , , ,140199, , , ,2,2,0,0,0,0,0,0,0,0,0,1,1,0,0,0,0,0,0,0,0,0,0,0,0,0,0,0,0,0,0,0,0,0,0,4,0,40.0147,-75.1462, , 
 ,12413,2016058602,6,67,67301,2016,5,1,1527,15,1,1,0,4,1, , ,N,2,0,0,3,0,1,2,2,N,N,40 00:24.721,75 08:44.134,1533, ,1530, ,0, ,N, ,0, , , , , ,140211, , , ,1,0,0,0,0,0,0,1,1,0,0,0,1,1,0,0,0,0,0,0,1,0,0,1,0,0,0,0,0,0,0,0,0,0,0,8,0,40.0069,-75.1456, , 
 ,12414,2016069042,6,67,67301,2016,5,4,1630,16,1,1,0,4,1, , ,N,1,3,0,3,0,4,7,3,N,N,39 58:49.566,75 07:36.357,1637, ,1635, ,0, ,N, ,3, , , , , ,140216, , , ,3,2,0,0,0,0,0,1,0,0,0,0,4,4,0,0,0,0,0,0,0,1,0,4,0,0,0,0,0,0,0,0,0,0,0,8,0,39.9804,-75.1268, , 
 ,12415,2016026038,6,67,67301,2016,2,2,9999,99,2,3,5,7,4, , ,N,0,0,0,3,0,0,1,1,N, ,40 02:15.168,75 11:26.655,2216, ,2208,1,2,6,N, ,0,Y, , , , ,140242, , , ,1,0,0,0,0,0,0,1,0,0,0,0,0,0,0,0,0,0,0,0,0,0,0,1,0,0,0,0,0,0,0,0,0,0,0,0,0,40.0375,-75.1907, , 
 ,12416,2016047012,6,67,67301,2016,4,2,54,0,3,1,0,4,1, , ,N,1,2,0,3,0,0,4,2,N,N,40 01:01.667,75 09:04.024,100, ,58,2,1,4,N, ,3,N, , , , ,140259, , , ,2,2,0,0,0,0,0,0,0,0,0,0,0,0,0,0,0,0,0,0,0,0,0,0,0,0,0,0,0,0,0,0,0,0,0,0,0,40.0171,-75.1512, , 
 ,12417,2016052987,6,67,67301,2016,3,7,1355,13,1,1,0,5,1, , ,N,0,0,0,3,0,1,8,2,N,N,39 56:35.646,75 08:35.096,1406, ,1400,2,2,2, , ,0,N, , , , ,140261, , , ,2,1,0,0,0,0,1,0,0,0,0,0,1,1,0,0,0,0,0,0,0,0,0,0,0,0,0,0,0,0,0,0,0,0,0,8,0,39.9432,-75.1431, , 
 ,12418,2016053763,6,67,67301,2016,5,1,2105,21,3,1,0,4,1, , ,N,3,0,0,3,0,1,2,2,N, ,39 56:22.606,75 11:19.381,2120, ,2120, ,0, , , ,0, , , , , ,140263, , , ,1,1,0,0,0,0,0,0,1,0,0,1,1,0,0,0,0,0,0,0,0,0,0,1,0,0,0,0,0,0,0,0,0,0,0,4,0,39.9396,-75.1887, , 
 ,12419,2016027551,6,67,67301,2016,2,7,1637,16,1,1,0,1,1, , ,N,2,2,0,3,0,2,2,2,N, ,40 00:59.828,75 08:05.348,1642, ,1639, ,0, , , ,3, , , , , ,140290, , , ,2,1,0,0,0,0,1,0,0,0,0,2,2,0,0,0,0,0,0,0,1,1,0,0,0,0,0,0,0,0,0,0,0,0,0,4,0,40.0166,-75.1348, , 
 ,12420,2016046137,6,67,67301,2016,4,4,2106,21,3,1,0,4,1, , ,N,1,2,0,3,0,0,2,2,N,N,39 57:31.834,75 12:22.607,2112, ,2109,1,2,6,N, ,3,Y, , , , ,140300, , , ,2,2,0,0,0,0,0,0,0,0,0,0,0,0,0,0,0,0,0,0,0,0,0,0,0,0,0,0,0,0,0,0,0,0,0,0,0,39.9588,-75.2063, , 
 ,12421,2016052823,6,67,67301,2016,5,1,1310,13,1,2,1,4,1, , ,N,1,3,0,3,0,0,2,2,N,N,40 03:10.886,75 11:19.982,1334, ,1330, ,0, ,N, ,3, , , , , ,140306, , , ,2,0,0,0,0,0,2,0,0,0,0,0,0,0,0,0,0,0,0,0,2,0,0,0,0,0,0,0,0,0,0,0,0,0,0,0,0,40.053,-75.1889, , 
 ,12422,2016053753,6,67,67301,2016,5,3,429,4,3,2,1,7,4, , ,N,0,0,3,3,0,1,1,1,N, ,40 00:26.680,75 11:33.268,435, ,429,1,1,2, , ,0,N, , , , ,140307, , , ,1,1,0,0,0,0,0,0,0,0,0,1,1,0,0,0,0,0,0,0,0,0,0,0,0,0,0,0,0,0,0,0,0,0,0,4,0,40.0074,-75.1926, , 