wz_ln_closure,objectid_1,crn,district,county,municipality,crash_year,crash_month,day_of_week,time_of_day,hour_of_day,illumination,weather,road_condition,collision_type,relation_to_road,work_zone_type,work_zone_loc,work_zone_ind,intersect_type,tcd_type,location_type,urban_rural,fatal_count,injury_count,person_count,total_units,sch_bus_ind,sch_zone_ind,latitude,longitude,arrival_tm,cons_zone_spd_lim,dispatch_tm,est_hrs_closed,lane_closed,ln_close_dir,ntfy_hiwy_maint,spec_juris_cd,tcd_func_cd,tfc_detour_ind,workers_pres,wz_close_detour,wz_flagger,wz_law_offcr_ind,objectid,wz_moving,wz_other,wz_shlder_mdn,vehicle_count,automobile_count,motorcycle_count,bus_count,small_truck_count,heavy_truck_count,suv_count,van_count,bicycle_count,maj_inj_count,mod_inj_count,min_inj_count,tot_inj_count,unk_inj_deg_count,unk_inj_per_count,driver_count_16yr,driver_count_17yr,driver_count_18yr,driver_count_19yr,driver_count_20yr,driver_count_50_64yr,driver_count_65_74yr,driver_count_75plus,unbelted_occ_count,unb_death_count,unb_maj_inj_count,belted_death_count,belted_maj_inj_count,mcycle_death_count,mcycle_maj_inj_count,bicycle_death_count,bicycle_maj_inj_count,ped_count,ped_death_count,ped_maj_inj_count,max_severity_level,comm_veh_count,dec_lat,dec_long,rdwy_surf_type_cd,county_name
 ,12423,2016053813,6,67,67301,2016,5,1,1147,11,1,1,0,4,1, , ,N,0,0,7,3,0,1,3,2,N,N,39 59:47.758,75 05:27.501,1400, ,1147, ,0, ,N, ,0, , , , , ,140308, , , ,2,0,0,0,0,0,1,1,0,0,0,1,1,0,0,0,0,0,0,0,0,0,0,0,0,0,0,0,0,0,0,0,0,0,0,4,0,39.9966,-75.091, , 
 ,12424,2016010862,6,67,67301,2016,1,6,846,8,1,1,0,7,2, , ,N,0,0,0,3,0,1,2,2,N,N,39 52:39.876,75 15:08.616,854, ,850, ,0, , , ,0, , , , , ,140318, , , ,2,1,0,0,0,0,0,1,0,0,0,0,1,1,0,0,0,0,0,0,0,0,0,1,0,0,0,0,0,0,0,0,0,0,0,8,0,39.8777,-75.2524, , 
 ,12425,2016029925,6,67,67301,2016,2,3,1630,16,1,2,1,4,1, , ,N,1,2,0,3,0,0,3,3,N, ,39 58:18.037,75 09:40.121,1635, ,1635, ,0, , , ,3, , , , , ,130317, , , ,3,3,0,0,0,0,0,0,0,0,0,0,0,0,2,0,0,0,0,1,0,0,0,0,0,0,0,0,0,0,0,0,0,0,0,9,0,39.9717,-75.1611, , 
 ,12426,2016033881,6,67,67301,2016,3,2,1118,11,1,2,1,4,1, , ,N,1,2,0,3,0,1,2,2,N,N,39 59:56.702,75 06:07.365,1227, ,1222, ,0, ,N, ,3, , , , , ,130321, , , ,2,2,0,0,0,0,0,0,0,0,0,1,1,0,0,0,0,0,0,0,0,0,0,1,0,0,0,0,0,0,0,0,0,0,0,4,0,39.9991,-75.102, , 
 ,12427,2016033919,6,67,67301,2016,3,1,2046,20,3,2,1,4,1, , ,N,1,3,0,3,0,1,2,2,N,N,39 58:13.350,75 12:36.993,2055, ,2051, ,0, , , ,3, , , , , ,130322, , , ,2,1,0,0,0,0,1,0,0,0,0,0,1,1,0,0,0,0,0,1,0,0,0,1,0,0,0,0,0,0,0,0,0,0,0,8,0,39.9704,-75.2103, , 
 ,12428,2016039722,6,67,67301,2016,3,3,1635,16,1,1,0,4,1, , ,N,0,0,0,3,0,1,3,2,N,N,40 01:11.337,75 10:53.191,1644, ,1642, ,0, ,N, ,0, , , , , ,130327, , , ,2,2,0,0,0,0,0,0,0,1,0,0,1,0,0,0,0,0,0,0,0,0,0,0,0,0,0,1,0,0,0,0,0,0,0,2,0,40.0198,-75.1814, , 
 ,12429,2016013894,6,67,67301,2016,1,6,1605,16,4,1,0,1,1, , ,N,0,0,0,3,0,3,5,3,N,N,39 55:17.739,75 14:47.563,1633, ,1630,1,1,1,N, ,0,N, , , , ,130351, , , ,3,2,0,0,0,0,1,0,0,0,0,2,3,1,0,0,0,0,0,0,0,0,0,0,0,0,0,0,0,0,0,0,0,0,0,4,0,39.9216,-75.2465, , 
 ,12430,2016014491,6,67,67301,2016,2,5,1730,17,3,1,0,5,4, , ,N,7,0,2,3,0,1,2,2,N,N,39 53:04.770,75 14:38.828,2030, ,2020, ,0, , , ,0, , , , , ,130352, , , ,2,2,0,0,0,0,0,0,0,0,1,0,1,0,0,0,0,0,0,0,0,0,0,0,0,0,0,0,0,0,0,0,0,0,0,3,0,39.8847,-75.2441, , 
 ,12431,2016030933,6,67,67301,2016,3,2,525,5,3,2,1,7,4, , ,N,0,0,3,3,0,0,1,1,N,N,39 53:13.854,75 12:17.554,552, ,528, ,0, , , ,0, , , , , ,130368, , , ,1,1,0,0,0,0,0,0,0,0,0,0,0,0,0,0,0,0,0,0,1,0,0,0,0,0,0,0,0,0,0,0,0,0,0,0,0,39.8872,-75.2049, , 
 ,12432,2016040882,6,67,67301,2016,3,2,2015,20,3,1,0,5,1, , ,N,0,0,3,3,0,3,5,4,N,N,39 53:52.226,75 12:41.651,2020, ,2017,1,2,6,N, ,0,Y, , , , ,130373, , , ,4,2,0,0,0,0,2,0,0,0,0,2,3,1,0,0,0,0,0,0,1,0,0,0,0,0,0,0,0,0,0,0,0,0,0,4,0,39.8978,-75.2116, , 
 ,12433,2016019841,6,67,67301,2016,2,5,1500,15,1,1,0,2,6, , ,N,0,0,0,3,0,0,1,3,N,N,39 55:59.095,75 13:46.169,1512, ,1511,2,1,3,N, ,0,N, , , , ,130400, , , ,3,2,0,0,0,0,0,1,0,0,0,0,0,0,0,0,0,0,0,0,1,0,0,0,0,0,0,0,0,0,0,0,0,0,0,0,0,39.9331,-75.2295, , 
 ,12434,2016029792,6,67,67301,2016,3,7,1626,16,1,1,0,4,1, , ,N,1,3,0,3,0,2,6,2,N, ,40 01:40.563,75 12:26.257,1633, ,1629, ,0, , , ,3, , , , , ,130413, , , ,2,2,0,0,0,0,0,0,0,0,0,0,2,2,0,0,0,0,0,0,0,1,0,0,0,0,0,0,0,0,0,0,0,0,0,8,0,40.0279,-75.2073, , 
 ,12435,2016030114,6,67,67301,2016,3,5,845,8,1,1,0,4,1, , ,N,0,0,0,3,0,0,4,3,N,N,40 00:46.139,75 03:31.582,925, ,854, ,0, , , ,0, , , , , ,130415, , , ,3,0,0,0,2,0,1,0,0,0,0,0,0,0,0,0,0,0,0,0,1,0,0,0,0,0,0,0,0,0,0,0,0,0,0,0,0,40.0128,-75.0588, , 
 ,12436,2016031707,6,67,67301,2016,3,2,840,8,1,1,0,4,1, , ,N,1,2,0,3,0,3,3,2,N,Y,40 01:40.879,75 08:18.110,940, ,940, ,0, ,N, ,3, , , , , ,130416, , , ,2,2,0,0,0,0,0,0,0,0,0,3,3,0,0,0,0,0,0,0,0,0,0,0,0,0,0,0,0,0,0,0,0,0,0,4,0,40.028,-75.1384, , 
 ,12437,2016039695,6,67,67301,2016,3,5,1720,17,1,1,0,4,1, , ,N,2,0,0,3,0,1,2,2,N, ,39 55:40.263,75 13:52.258,9999, ,9999, ,0, , , ,0, , , , , ,130424, , , ,1,1,0,0,0,0,0,0,1,0,0,1,1,0,0,0,0,0,0,0,0,0,0,1,0,0,0,0,0,0,0,0,0,0,0,4,0,39.9279,-75.2312, , 
 ,12438,2016040116,6,67,67301,2016,4,4,535,5,3,1,0,5,1, , ,N,0,0,0,3,0,0,2,2,N,N,39 56:40.423,75 11:29.610,556, ,547, ,0, , , ,0, , , , , ,130427, , , ,2,2,0,0,0,0,0,0,0,0,0,0,0,0,0,0,0,0,0,0,1,0,0,0,0,0,0,0,0,0,0,0,0,0,0,0,0,39.9446,-75.1916, , 
 ,12439,2016013875,6,67,67301,2016,1,7,2040,20,3,1,0,4,1, , ,N,1,3,0,3,0,0,2,2,N,N,40 00:17.398,75 09:56.005,2100, ,2050, ,0, ,N, ,3, , , , , ,130446, , , ,2,2,0,0,0,0,0,0,0,0,0,0,0,0,0,0,0,0,0,0,1,0,0,0,0,0,0,0,0,0,0,0,0,0,0,0,0,40.0048,-75.1656, , 
 ,12440,2016014745,6,67,67301,2016,2,7,1526,15,1,1,0,8,1, , ,N,0,0,0,3,0,1,2,2,N,N,39 57:18.869,75 11:59.877,1526, ,1526, ,0, ,N, ,0, , , , , ,130448, , , ,1,1,0,0,0,0,0,0,0,0,1,0,1,0,0,0,0,0,0,0,0,0,0,0,0,0,0,0,0,0,0,0,1,0,0,3,0,39.9552,-75.2, , 
N,12441,2016019335,6,67,67301,2016,2,6,1624,16,1,1,0,1,1,1,4,Y,0,8,0,3,0,1,3,3,N,N,39 59:13.520,75 05:25.567,1646,45,1635, ,0, , , ,3, ,N,N,N,N,130454,N,N,Y,3,2,0,0,0,0,1,0,0,0,0,1,1,0,0,0,0,0,0,0,1,1,0,0,0,0,0,0,0,0,0,0,0,0,0,4,0,39.9871,-75.0904, , 
 ,12442,2016007863,6,67,67301,2016,1,3,817,8,1,1,0,5,1, , ,N,0,0,0,3,0,1,2,2,N,N,39 53:31.006,75 14:12.992,828, ,817, ,0, , , ,0, , , , , ,130488, , , ,2,2,0,0,0,0,0,0,0,0,0,0,1,1,0,0,0,0,0,1,0,0,0,0,0,0,0,0,0,0,0,0,0,0,0,8,0,39.8919,-75.2369, , 
 ,12443,2016036444,6,67,67301,2016,3,3,838,8,1,1,0,8,1, , ,N,1,2,0,3,0,1,2,2,N, ,39 57:14.802,75 10:40.178,839, ,838, ,0, , , ,3, , , , , ,133585, , , ,1,0,0,0,0,0,0,1,0,0,1,0,1,0,0,0,0,0,0,0,0,0,0,0,0,0,0,0,0,0,0,0,1,0,0,3,0,39.9541,-75.1778, , 
 ,12444,2016039717,6,67,67301,2016,3,3,2056,20,2,1,0,4,1, , ,N,2,3,0,3,0,1,3,2,N,N,40 02:01.470,75 09:39.688,2105, ,2105, ,0, ,N, ,3, , , , , ,133591, , , ,2,0,0,0,0,0,1,1,0,0,0,1,1,0,0,0,0,0,0,0,1,1,0,0,0,0,0,0,0,0,0,0,0,0,0,4,0,40.0337,-75.161, , 
 ,12445,2016048691,6,67,67301,2016,4,6,937,9,1,1,0,4,1, , ,N,1,2,0,3,0,2,3,2,N,N,40 02:46.150,75 04:44.993,943, ,942, ,0, , , ,3, , , , , ,133598, , , ,2,1,0,0,0,0,1,0,0,0,0,1,2,1,0,0,0,0,0,0,0,0,1,0,0,0,0,0,0,0,0,0,0,0,0,4,0,40.0462,-75.0792, , 
 ,12446,2016056091,6,67,67301,2016,5,7,1305,13,1,1,0,1,1, , ,N,0,0,0,3,0,1,4,2,N,N,40 07:36.076,75 00:23.104,1342, ,1324, ,0, ,N, ,0, , , , , ,133604, , , ,2,1,0,0,0,0,1,0,0,0,0,0,1,1,0,0,0,0,0,0,1,0,0,0,0,0,0,0,0,0,0,0,0,0,0,8,0,40.1267,-75.0064, , 
 ,12447,2016017018,6,67,67301,2016,1,5,1724,17,4,1,0,1,1, , ,N,1,2,0,3,0,0,2,2,N,N,39 57:58.110,75 10:45.592,1726, ,1725,2,1,2,N, ,3,N, , , , ,133618, , , ,2,0,0,0,0,0,2,0,0,0,0,0,0,0,0,0,0,0,0,0,0,0,0,0,0,0,0,0,0,0,0,0,0,0,0,0,0,39.9663,-75.1793, , 
 ,12448,2016019309,6,67,67301,2016,1,7,330,3,3,1,0,7,5, , ,N,0,0,0,3,0,0,1,1,N,N,39 56:12.282,75 11:57.125,330, ,330,1,1,4, , ,0,N, , , , ,133622, , , ,1,1,0,0,0,0,0,0,0,0,0,0,0,0,0,0,0,0,0,0,0,0,0,0,0,0,0,0,0,0,0,0,0,0,0,0,0,39.9367,-75.1992, , 
 ,12449,2016032042,6,67,67301,2016,3,5,1628,16,1,1,0,0,1, , ,N,9,6,0,3,0,1,1,1,N,N,40 04:29.865,75 01:05.539,1628, ,1628, ,0, , , ,3, , , , , ,133630, , , ,1,0,1,0,0,0,0,0,0,0,0,0,1,1,0,0,0,0,0,0,0,1,0,0,0,0,0,0,0,0,0,0,0,0,0,8,0,40.0749,-75.0182, , 
 ,12450,2016047010,6,67,67301,2016,4,6,1721,17,1,1,0,8,1, , ,N,0,0,0,3,0,1,2,2,N, ,39 59:11.497,75 09:46.108,1728, ,1722, ,0, , , ,0, , , , , ,133645, , , ,1,0,0,0,0,0,0,1,0,0,0,0,1,1,0,0,0,0,0,0,0,0,0,0,0,0,0,0,0,0,0,0,1,0,0,8,0,39.9865,-75.1628, , 
 ,12451,2016065662,6,67,67301,2016,6,6,1820,18,1,1,0,4,1, , ,N,1,3,0,3,0,1,2,2,N,N,39 57:00.741,75 09:13.625,1837, ,1827, ,0, , , ,3, , , , , ,133657, , , ,2,1,0,0,0,0,0,1,0,0,0,0,1,1,1,0,0,0,0,0,1,0,0,0,0,0,0,0,0,0,0,0,0,0,0,8,0,39.9502,-75.1538, , 
 ,12452,2016005079,6,67,67301,2016,1,7,100,1,3,1,0,8,1, , ,N,0,0,0,3,0,1,2,2,N,N,40 03:46.724,75 08:52.738,1115, ,1115, ,0, ,N, ,0, , , , , ,133661, , , ,1,0,0,0,0,0,0,0,0,0,1,0,1,0,1,0,0,0,0,0,0,0,0,0,0,0,0,0,0,0,0,0,1,0,0,3,0,40.063,-75.148, , 
 ,12453,2016013791,6,67,67301,2016,1,2,1620,16,1,1,0,4,1, , ,N,1,2,0,3,0,0,3,2,N, ,40 02:35.284,75 04:25.695,1708, ,1708, ,0, , , ,3, , , , , ,133668, , , ,2,2,0,0,0,0,0,0,0,0,0,0,0,0,0,0,0,0,0,0,0,0,0,0,0,0,0,0,0,0,0,0,0,0,0,0,0,40.0431,-75.0738, , 
 ,12454,2016017057,6,67,67301,2016,1,2,915,9,1,4,3,7,4, , ,N,1,2,0,3,0,1,2,1,N,N,40 03:33.837,75 14:16.457,920, ,916, ,0, ,N, ,3, , , , , ,133669, , , ,1,0,0,1,0,0,0,0,0,0,0,1,1,0,0,0,0,0,0,0,0,0,0,0,0,0,0,0,0,0,0,0,0,0,0,4,1,40.0594,-75.2379, , 
 ,12455,2016022000,6,67,67301,2016,1,1,704,7,1,1,0,7,4, , ,N,0,0,0,3,0,0,1,1,N,N,40 01:56.154,75 05:01.972,712, ,706, ,0, ,N, ,0, , , , , ,133673, , , ,1,0,0,0,0,0,1,0,0,0,0,0,0,0,0,0,0,0,0,0,0,0,0,0,0,0,0,0,0,0,0,0,0,0,0,0,0,40.0323,-75.0839, , 
 ,12456,2016022081,6,46,46104,2016,2,7,243,2,3,1,0,1,1, , ,N,2,0,0,3,0,0,2,2,N,N,39 58:44.064,75 16:20.216,243, ,242, ,0, ,N, ,0, , , , , ,133674, , , ,2,2,0,0,0,0,0,0,0,0,0,0,0,0,0,0,0,0,0,1,0,0,0,0,0,0,0,0,0,0,0,0,0,0,0,0,0,39.9788,-75.2722, , 
 ,12457,2016032060,6,67,67301,2016,3,7,1355,13,1,1,0,1,1, , ,N,0,0,0,3,0,1,2,2,N, ,39 59:18.578,75 05:26.647,1410, ,1400, ,0, , , ,0, , , , , ,133683, , , ,2,2,0,0,0,0,0,0,0,0,0,0,1,1,0,0,0,0,0,0,1,0,0,0,0,0,0,0,0,0,0,0,0,0,0,8,0,39.9885,-75.0907, , 
 ,12458,2016041428,6,67,67301,2016,3,5,9999,99,1,1,0,1,6, , ,N,0,0,0,3,0,1,1,3,N,N,39 56:11.704,75 09:53.374,905, ,900, ,0, ,N, ,0, , , , , ,133688, , , ,3,2,0,0,0,0,1,0,0,0,0,1,1,0,0,0,0,0,0,0,0,0,0,1,0,0,0,0,0,0,0,0,0,0,0,4,0,39.9366,-75.1648, , 
 ,12459,2016046977,6,67,67301,2016,4,5,1700,17,1,1,0,8,1, , ,N,2,0,0,3,0,1,2,2,N,N,39 58:47.773,75 13:09.340,1709, ,1703, ,0, , , ,0, , , , , ,133696, , , ,1,0,0,0,0,0,1,0,0,0,0,1,1,0,1,0,0,0,0,0,0,0,0,0,0,0,0,0,0,0,0,0,1,0,0,4,0,39.9799,-75.2193, , 
 ,12460,2016014055,6,67,67301,2016,1,6,1305,13,1,1,0,1,1, , ,N,1,2,0,3,0,1,4,3,N,N,39 59:22.684,75 06:26.572,1327, ,1326,9,1,3,N, ,3,N, , , , ,133717, , , ,3,3,0,0,0,0,0,0,0,0,0,1,1,0,0,0,0,0,0,0,0,1,0,1,0,0,0,0,0,0,0,0,0,0,0,4,0,39.9896,-75.1074, , 
 ,12461,2016017054,6,67,67301,2016,1,3,2118,21,3,4,1,4,1, , ,N,1,2,0,3,0,0,2,2,N,N,39 58:00.292,75 12:39.920,2118, ,2116, ,0, ,N, ,3, , , , , ,133721, , , ,2,1,0,0,0,0,1,0,0,0,0,0,0,0,0,0,0,0,0,0,1,0,0,0,0,0,0,0,0,0,0,0,0,0,0,0,0,39.9667,-75.2111, , 
 ,12462,2016007835,6,67,67301,2016,1,6,530,5,3,1,0,5,1, , ,N,0,0,0,3,0,0,3,2,N,N,39 58:33.075,75 11:42.698,533, ,531,1,1,3, , ,0,N, , , , ,137001, , , ,2,1,0,0,1,0,0,0,0,0,0,0,0,0,0,0,0,0,0,0,1,0,0,0,0,0,0,0,0,0,0,0,0,0,0,0,0,39.9759,-75.1952, , 
 ,12463,2016029779,6,67,67301,2016,3,2,9999,99,1,1,0,4,1, , ,N,1,3,0,3,0,0,2,2,N, ,40 06:43.830,75 01:34.640,9999, ,9999, ,0, , , ,3, , , , , ,137026, , , ,2,2,0,0,0,0,0,0,0,0,0,0,0,0,0,0,0,0,0,0,0,0,0,0,0,0,0,0,0,0,0,0,0,0,0,0,0,40.1122,-75.0263, , 
 ,12464,2016065292,6,67,67301,2016,6,7,2154,21,3,1,0,7,4, , ,N,6,0,2,3,0,1,1,1,N,N,39 54:39.103,75 08:56.529,2159, ,2154,2,1,1, , ,0,N, , , , ,137082, , , ,1,1,0,0,0,0,0,0,0,0,0,0,1,1,0,0,0,0,0,0,0,0,0,1,0,0,0,0,0,0,0,0,0,0,0,8,0,39.9109,-75.149, , 
 ,12465,2016016003,6,67,67301,2016,2,3,1109,11,1,1,0,5,1, , ,N,0,0,0,3,0,1,2,2,N,N,39 58:43.581,75 09:30.806,1119, ,1110, ,0, ,Y, ,0, , , , , ,137096, , , ,1,1,0,0,0,0,0,0,1,0,0,1,1,0,1,0,0,0,0,0,0,0,0,0,0,0,0,0,0,0,0,0,0,0,0,4,0,39.9788,-75.1586, , 
 ,12466,2016050773,6,67,67301,2016,4,6,2129,21,3,1,0,4,1, , ,N,0,0,0,3,0,2,3,2, , ,40 01:58.558,75 06:58.210,0, ,0, ,0, , , ,0, , , , , ,137125, , , ,2,1,0,0,0,0,0,0,0,0,0,1,2,1,1,0,0,0,0,0,0,0,0,0,0,0,0,0,0,0,0,0,0,0,0,4,0,40.0329,-75.1162, , 
 ,12467,2016062623,6,67,67301,2016,5,6,1354,13,1,1,0,5,1, , ,N,0,0,0,3,0,1,2,2,N,N,39 57:05.200,75 10:13.251,1355, ,1350, ,0, ,N, ,0, , , , , ,137131, , , ,1,0,0,0,0,0,0,0,1,0,0,1,1,0,0,0,0,0,0,0,0,0,0,0,0,0,0,0,0,0,0,0,0,0,0,4,0,39.9514,-75.1703, , 
 ,12468,2016026048,6,67,67301,2016,2,3,820,8,1,4,4,1,1, , ,N,0,0,0,3,0,0,2,2,N,N,40 02:39.988,75 13:09.748,835, ,826, ,0, ,N, ,0, , , , , ,137156, , , ,2,1,0,0,0,0,1,0,0,0,0,0,0,0,0,0,0,0,0,0,1,0,0,0,0,0,0,0,0,0,0,0,0,0,0,0,0,40.0444,-75.2194, , 
 ,12469,2016028353,6,67,67301,2016,2,5,2200,22,3,1,0,5,1, , ,N,0,0,0,3,0,0,2,2,N, ,40 02:13.516,75 10:24.313,2309, ,2301, ,0, , , ,0, , , , , ,137158, , , ,2,1,0,0,0,0,1,0,0,0,0,0,0,0,1,0,0,0,0,0,0,0,0,0,0,0,0,0,0,0,0,0,0,0,0,9,0,40.0371,-75.1734, , 
 ,12470,2016032028,6,67,67301,2016,3,6,1820,18,4,1,0,8,1, , ,N,0,0,0,3,0,1,2,2,N,N,39 59:13.210,75 07:07.440,1823, ,1822, ,0, ,N, ,0, , , , , ,137160, , , ,1,0,0,0,0,0,1,0,0,0,1,0,1,0,0,0,0,0,0,0,1,0,0,1,0,0,0,0,0,0,0,0,1,0,0,3,0,39.987,-75.1187, , 
 ,12471,2016036502,6,67,67301,2016,3,4,1723,17,1,1,0,4,1, , ,N,1,2,0,3,0,2,2,2,N,N,39 56:31.419,75 12:42.235,1841, ,1837, ,0, ,N, ,3, , , , , ,137162, , , ,2,0,0,0,0,0,2,0,0,0,0,1,2,1,0,0,0,0,0,0,0,0,0,0,0,0,0,0,0,0,0,0,0,0,0,4,0,39.9421,-75.2117, , 
 ,12472,2016041050,6,67,67301,2016,4,4,1915,19,1,1,0,4,1, , ,N,1,2,0,3,0,2,4,3,N, ,40 02:35.289,75 10:02.002,1925, ,1921, ,0, , , ,3, , , , , ,137170, , , ,3,1,0,0,0,0,2,0,0,0,0,0,2,2,0,0,0,0,1,0,0,0,0,0,0,0,0,0,0,0,0,0,0,0,0,8,0,40.0431,-75.1672, , 
 ,12473,2016007499,6,67,67301,2016,1,1,1618,16,1,1,0,5,6, , ,N,0,0,0,3,0,1,2,2,N,N,39 59:50.658,75 07:38.103,1625, ,1618, ,0, ,N, ,0, , , , , ,137188, , , ,2,1,0,0,0,0,1,0,0,0,0,1,1,0,0,0,0,0,0,0,0,0,0,2,0,0,0,0,0,0,0,0,0,0,0,4,0,39.9974,-75.1273, , 
 ,12474,2016019776,6,67,67301,2016,2,2,1412,14,1,1,1,4,1, , ,N,0,0,0,3,0,2,3,2,N, ,39 59:10.843,75 10:09.424,1420, ,1415,1,1,3, , ,0,N, , , , ,137201, , , ,2,2,0,0,0,0,0,0,0,0,0,2,2,0,0,0,0,0,0,0,0,0,0,0,0,0,0,0,0,0,0,0,0,0,0,4,0,39.9863,-75.1693, , 
 ,12475,2016028328,6,67,67301,2016,2,5,936,9,1,4,3,7,3, , ,N,0,0,0,3,0,0,1,1,N,N,40 05:39.515,75 00:54.957,942, ,940,1,1,1,N, ,0,N, , , , ,137208, , , ,1,0,0,0,0,0,1,0,0,0,0,0,0,0,0,0,0,0,0,0,0,0,0,0,0,0,0,0,0,0,0,0,0,0,0,0,0,40.0943,-75.0153, , 
 ,12476,2016039657,6,67,67301,2016,3,1,1155,11,1,1,0,1,1, , ,N,1,2,0,3,0,1,4,3,N,N,39 54:51.182,75 10:18.543,1215, ,1203,1,2,4,N, ,3,Y, , , , ,137218, , , ,3,1,0,0,0,0,2,0,0,0,0,1,1,0,0,0,0,0,0,0,0,1,0,1,0,0,0,0,0,0,0,0,0,0,0,4,0,39.9142,-75.1718, , 
 ,12477,2016044532,6,67,67301,2016,4,2,1630,16,1,1,0,7,4, , ,N,0,0,0,3,0,1,2,2,Y,N,39 59:42.892,75 06:52.102,1634, ,1631, ,0, ,N, ,0, , , , , ,137224, , , ,1,0,0,1,0,0,0,0,0,0,0,1,1,0,0,0,0,0,0,0,0,0,0,0,0,0,0,0,0,0,0,0,1,0,0,4,1,39.9952,-75.1145, , 
 ,12478,2016014446,6,67,67301,2016,1,7,950,9,1,1,1,2,1, , ,N,0,0,0,3,0,2,3,2,N,N,40 03:47.197,75 12:01.563,1041, ,1036, ,0, ,N, ,0, , , , , ,137242, , , ,2,2,0,0,0,0,0,0,0,0,0,2,2,0,0,0,0,0,0,1,0,0,0,0,0,0,0,0,0,0,0,0,0,0,0,4,0,40.0631,-75.2004, , 
 ,12479,2016019364,6,67,67301,2016,2,1,1230,12,1,1,0,4,1, , ,N,0,0,0,3,0,0,3,2,N,N,39 57:35.297,75 10:41.691,1238, ,1233,1,1,3, , ,0,N, , , , ,137248, , , ,2,0,0,0,0,0,1,1,0,0,0,0,0,0,0,0,0,0,0,0,0,0,0,0,0,0,0,0,0,0,0,0,0,0,0,0,0,39.9598,-75.1782, , 
 ,12480,2016019748,6,67,67301,2016,1,7,1006,10,1,1,0,8,1, , ,N,2,2,0,3,0,2,3,3,N,N,39 57:40.266,75 14:49.451,1016, ,1011, ,0, ,N, ,3, , , , , ,137249, , , ,1,1,0,0,0,0,0,0,0,0,1,0,2,1,0,0,0,0,1,0,0,0,0,0,0,0,0,0,0,0,0,0,2,0,0,3,0,39.9612,-75.2471, , 
 ,12481,2016014555,6,67,67301,2016,1,5,1120,11,1,1,0,5,1, , ,N,0,0,0,3,0,0,2,2,N,N,39 57:25.764,75 09:23.306,1136, ,1121,1,2,4, , ,0,N, , , , ,140325, , , ,2,0,0,0,1,0,1,0,0,0,0,0,0,0,0,0,0,0,0,0,1,0,0,0,0,0,0,0,0,0,0,0,0,0,0,0,0,39.9572,-75.1565, , 
 ,12482,2016026015,6,67,67301,2016,2,3,600,6,1,2,6,4,1, , ,N,1,2,0,3,0,2,4,3,N,N,40 00:31.034,75 04:07.810,610, ,600,2,2,7, , ,3,Y, , , , ,140339, , , ,3,1,0,0,1,0,0,1,0,0,0,1,2,1,0,0,0,0,0,0,1,0,0,2,0,0,0,0,0,0,0,0,0,0,0,4,0,40.0086,-75.0688, , 
Y,12483,2016028847,6,67,67301,2016,3,3,1602,16,1,1,0,1,1,1,4,Y,0,0,0,3,0,1,3,3,N,N,40 01:23.560,75 02:06.489,1615,45,1605, ,0, , , ,0, ,N,N,N,N,140344,N,Y,Y,3,3,0,0,0,0,0,0,0,0,0,0,1,1,0,0,0,0,0,0,0,0,0,0,0,0,0,0,0,0,0,0,0,0,0,8,0,40.0232,-75.0351, , 
 ,12484,2016007558,6,67,67301,2016,1,7,2054,20,3,1,0,4,1, , ,N,1,2,0,3,0,1,5,3,N, ,40 02:04.567,75 04:16.161,2102, ,2054,2,1,1,N, ,3,N, , , , ,140367, , , ,3,2,0,0,0,0,1,0,0,0,0,1,1,0,0,0,0,0,0,0,1,0,0,1,0,0,0,0,0,0,0,0,0,0,0,4,0,40.0348,-75.0711, , 
 ,12485,2016011631,6,67,67301,2016,1,2,1009,10,1,1,0,7,4, , ,N,0,8,0,3,0,1,1,1,N,N,39 56:32.058,75 08:34.698,1013, ,1010,1,2,1, , ,3,N, , , , ,140370, , , ,1,1,0,0,0,0,0,0,0,0,0,1,1,0,0,0,0,0,0,0,0,0,0,1,0,0,0,0,0,0,0,0,0,0,0,4,0,39.9422,-75.143, , 
 ,12486,2016039689,6,67,67301,2016,3,4,2144,21,3,1,0,4,1, , ,N,1,2,0,3,0,1,2,2,N, ,39 57:40.435,75 08:47.767,2155, ,2145, ,0, , , ,3, , , , , ,140393, , , ,2,1,0,0,0,0,1,0,0,0,0,1,1,0,0,0,0,0,0,0,1,0,0,0,0,0,0,0,0,0,0,0,0,0,0,4,0,39.9612,-75.1466, , 
 ,12487,2016046106,6,67,67301,2016,4,2,435,4,3,1,0,1,1, , ,N,5,2,2,3,0,1,2,2,N,N,39 57:25.688,75 09:03.847,445, ,442, ,0, ,N, ,3, , , , , ,140400, , , ,2,1,0,0,0,0,1,0,0,0,0,0,1,1,0,0,0,1,0,0,0,0,0,0,0,0,0,0,0,0,0,0,0,0,0,8,0,39.9571,-75.1511, , 
N,12488,2016050560,6,67,67301,2016,4,6,1239,12,1,1,0,1,1,1,4,Y,0,0,0,3,0,0,3,2,N,N,39 58:52.344,75 06:09.325,1313,45,1249, ,0, , , ,0, ,N,N,N,N,140405,N,N,Y,2,0,0,0,0,2,0,0,0,0,0,0,0,0,0,0,0,0,0,0,1,0,0,0,0,0,0,0,0,0,0,0,0,0,0,0,2,39.9812,-75.1026, , 
 ,12489,2016050811,6,67,67301,2016,5,5,1120,11,1,1,0,4,1, , ,N,0,0,0,3,0,1,3,2,N,N,39 57:00.338,75 11:29.446,1135, ,1129, ,0, ,N, ,0, , , , , ,140406, , , ,2,2,0,0,0,0,0,0,0,0,0,0,1,1,0,0,0,0,0,0,0,0,0,1,0,0,0,0,0,0,0,0,0,0,0,8,0,39.9501,-75.1915, , 