wz_ln_closure,objectid_1,crn,district,county,municipality,crash_year,crash_month,day_of_week,time_of_day,hour_of_day,illumination,weather,road_condition,collision_type,relation_to_road,work_zone_type,work_zone_loc,work_zone_ind,intersect_type,tcd_type,location_type,urban_rural,fatal_count,injury_count,person_count,total_units,sch_bus_ind,sch_zone_ind,latitude,longitude,arrival_tm,cons_zone_spd_lim,dispatch_tm,est_hrs_closed,lane_closed,ln_close_dir,ntfy_hiwy_maint,spec_juris_cd,tcd_func_cd,tfc_detour_ind,workers_pres,wz_close_detour,wz_flagger,wz_law_offcr_ind,objectid,wz_moving,wz_other,wz_shlder_mdn,vehicle_count,automobile_count,motorcycle_count,bus_count,small_truck_count,heavy_truck_count,suv_count,van_count,bicycle_count,maj_inj_count,mod_inj_count,min_inj_count,tot_inj_count,unk_inj_deg_count,unk_inj_per_count,driver_count_16yr,driver_count_17yr,driver_count_18yr,driver_count_19yr,driver_count_20yr,driver_count_50_64yr,driver_count_65_74yr,driver_count_75plus,unbelted_occ_count,unb_death_count,unb_maj_inj_count,belted_death_count,belted_maj_inj_count,mcycle_death_count,mcycle_maj_inj_count,bicycle_death_count,bicycle_maj_inj_count,ped_count,ped_death_count,ped_maj_inj_count,max_severity_level,comm_veh_count,dec_lat,dec_long,rdwy_surf_type_cd,county_name
 ,12889,2016061340,6,67,67301,2016,5,5,1612,16,1,1,0,1,1, , ,N,0,0,0,3,0,0,2,2,N,N,39 57:27.436,75 09:35.881,1617, ,1615,1,1,3, , ,0,N, , , , ,134858, , , ,2,2,0,0,0,0,0,0,0,0,0,0,0,0,0,0,0,0,0,0,0,1,0,0,0,0,0,0,0,0,0,0,0,0,0,0,0,39.9576,-75.16, , 
 ,12890,2016063892,6,67,67301,2016,5,7,1301,13,1,1,0,4,1, , ,N,2,3,0,3,0,2,3,2,N,N,40 03:39.597,75 04:59.297,1303, ,1303,1,2,6,N, ,3,Y, , , , ,134861, , , ,2,0,0,0,1,0,1,0,0,0,0,2,2,0,0,0,0,0,0,0,0,0,0,0,0,0,0,0,0,0,0,0,0,0,0,4,0,40.061,-75.0831, , 
 ,12891,2016016568,6,67,67301,2016,1,3,810,8,1,1,0,4,1, , ,N,1,3,0,3,0,0,5,4,N,N,39 56:57.098,75 14:07.234,820, ,818, ,0, ,N, ,3, , , , , ,134874, , , ,4,2,0,0,1,0,1,0,0,0,0,0,0,0,0,0,0,0,0,0,0,0,0,0,0,0,0,0,0,0,0,0,0,0,0,0,0,39.9492,-75.2353, , 
 ,12892,2016026057,6,67,67301,2016,2,3,1943,19,3,1,0,8,1, , ,N,1,2,0,3,0,1,4,3,N,N,40 01:36.995,75 12:33.945,1947, ,1945, ,0, ,N, ,3, , , , , ,134888, , , ,2,1,0,0,0,0,1,0,0,0,1,0,1,0,1,0,0,0,0,0,0,0,0,0,0,0,0,0,0,0,0,0,1,0,0,3,0,40.0269,-75.2094, , 
 ,12893,2016033094,6,67,67301,2016,3,6,18,0,3,1,0,8,1, , ,N,0,0,0,3,0,1,2,2,N, ,39 57:56.100,75 08:03.843,28, ,20,3,2,5, , ,0,Y, , , , ,134929, , , ,1,1,0,0,0,0,0,0,0,0,1,0,1,0,1,0,0,0,0,0,0,0,0,0,0,0,0,0,0,0,0,0,1,0,0,3,0,39.9656,-75.1344, , 
 ,12894,2016036387,6,67,67301,2016,3,1,131,1,3,1,0,7,4, , ,N,0,0,0,3,0,1,1,1,N,N,40 06:25.182,75 02:12.240,137, ,133, ,0, ,N, ,0, , , , , ,134935, , , ,1,1,0,0,0,0,0,0,0,1,0,0,1,0,0,0,0,0,0,0,1,0,0,0,0,0,0,0,0,0,0,0,0,0,0,2,0,40.107,-75.0367, , 
 ,12895,2016037785,6,67,67301,2016,3,7,1900,19,1,1,0,4,1, , ,N,1,3,0,3,0,1,2,2,N,N,40 01:59.826,75 02:57.321,1915, ,1908, ,0, ,N, ,3, , , , , ,134938, , , ,2,2,0,0,0,0,0,0,0,0,0,0,1,1,0,0,0,0,0,0,0,0,0,0,0,0,0,0,0,0,0,0,0,0,0,8,0,40.0333,-75.0493, , 
 ,12896,2016043567,6,67,67301,2016,4,6,1103,11,1,1,0,1,1, , ,N,0,0,0,3,0,0,3,3,N,N,39 57:34.992,75 10:35.708,1159, ,1135, ,0, , , ,0, , , , , ,134940, , , ,3,0,0,0,0,0,2,0,0,0,0,0,0,0,1,0,0,0,0,0,0,1,0,0,0,0,0,0,0,0,0,0,0,0,0,9,0,39.9597,-75.1766, , 
 ,12897,2016052871,6,67,67301,2016,4,1,27,0,3,1,0,1,1, , ,N,0,0,0,3,0,2,3,2,N,N,39 59:02.329,75 05:48.907,42, ,30,2,2,2, , ,0,N, , , , ,134950, , , ,2,2,0,0,0,0,0,0,0,0,0,0,2,2,0,0,0,0,0,0,0,0,0,0,0,0,0,0,0,0,0,0,0,0,0,8,0,39.984,-75.0969, , 
 ,12898,2016014065,6,67,67301,2016,1,3,655,6,1,1,0,4,1, , ,N,2,3,0,3,0,1,1,4,N,N,39 55:23.469,75 10:35.637,712, ,710, ,0, ,N, ,3, , , , , ,134970, , , ,4,4,0,0,0,0,0,0,0,0,0,0,1,1,0,0,0,0,0,0,0,1,0,0,0,0,0,0,0,0,0,0,0,0,0,8,0,39.9232,-75.1766, , 
 ,12899,2016040967,6,67,67301,2016,4,6,610,6,1,1,0,4,1, , ,N,1,2,0,3,0,1,2,2,N, ,40 00:28.738,75 06:17.312,724, ,629, ,0, , , ,3, , , , , ,134986, , , ,2,2,0,0,0,0,0,0,0,0,0,0,1,1,0,0,0,0,0,0,0,0,0,0,0,0,0,0,0,0,0,0,0,0,0,8,0,40.008,-75.1048, , 
 ,12900,2016063931,6,67,67301,2016,6,5,1742,17,1,1,0,8,1, , ,N,0,0,0,3,0,1,2,2,N,N,39 57:05.378,75 10:08.383,1755, ,1742, ,0, ,N, ,0, , , , , ,135003, , , ,1,0,0,0,0,0,1,0,0,0,0,0,1,1,0,0,0,0,0,0,0,0,0,0,0,0,0,0,0,0,0,0,1,0,0,8,0,39.9515,-75.169, , 
 ,12901,2016028694,6,67,67301,2016,2,6,1712,17,4,1,0,1,1, , ,N,0,0,2,3,0,0,2,2,N,N,39 58:24.313,75 07:16.529,1740, ,1719,3,2,2, , ,0,Y, , , , ,138217, , , ,2,1,0,0,1,0,0,0,0,0,0,0,0,0,1,0,0,1,0,0,0,0,0,0,0,0,0,0,0,0,0,0,0,0,0,9,0,39.9734,-75.1213, , 
 ,12902,2016033128,6,67,67301,2016,3,4,1323,13,1,1,0,4,1, , ,N,1,2,0,3,0,6,6,3,N,N,40 01:45.310,75 05:23.878,1328, ,1323,3,2,2, , ,3,Y, , , , ,138222, , , ,3,2,0,0,0,0,1,0,0,0,0,6,6,0,0,0,0,0,0,0,0,1,0,0,0,0,0,0,0,0,0,0,0,0,0,4,0,40.0291,-75.0899, , 
 ,12903,2016048706,6,67,67301,2016,4,5,1245,12,1,1,0,1,1, , ,N,0,0,0,3,0,2,4,3,N,N,40 07:44.497,75 01:28.588,1333, ,1327, ,0, ,N, ,0, , , , , ,138239, , , ,2,2,0,0,0,0,0,0,0,0,0,1,2,1,0,0,0,0,0,0,1,0,1,1,0,0,0,0,0,0,0,0,1,0,0,4,0,40.129,-75.0246, , 
 ,12904,2016049462,6,67,67301,2016,4,7,1012,10,1,2,1,1,1, , ,N,0,0,0,3,0,1,4,3,N,N,39 57:38.633,75 10:53.963,1024, ,1014,1,1,4, , ,0,N, , , , ,138287, , , ,3,1,0,0,0,0,2,0,0,0,0,0,1,1,0,0,1,0,0,0,0,0,0,0,0,0,0,0,0,0,0,0,0,0,0,8,0,39.9607,-75.1817, , 
 ,12905,2016052958,6,67,67301,2016,5,3,1416,14,1,2,1,1,1, , ,N,0,0,0,3,0,2,5,3,N,N,39 56:25.711,75 08:36.843,1419, ,1419, ,0, , , ,0, , , , , ,138334, , , ,3,2,0,0,0,0,1,0,0,0,2,0,2,0,0,0,0,0,0,0,1,0,0,1,0,0,0,0,0,0,0,0,0,0,0,3,0,39.9405,-75.1436, , 
 ,12906,2016011349,6,67,67301,2016,1,4,1625,16,1,1,0,4,1, , ,N,1,2,0,3,0,0,3,3,N,N,40 06:24.441,74 59:56.742,1630, ,1630,1,1,2,N, ,2,N, , , , ,138346, , , ,3,3,0,0,0,0,0,0,0,0,0,0,0,0,0,0,0,0,0,0,1,1,0,0,0,0,0,0,0,0,0,0,0,0,0,0,0,40.1066,-74.999, , 
 ,12907,2016021998,6,67,67301,2016,1,6,1515,15,1,1,0,8,1, , ,N,0,0,0,3,0,1,2,2,N,N,39 56:57.417,75 13:01.177,1530, ,1525,1,1,1,N, ,0,N, , , , ,138360, , , ,1,1,0,0,0,0,0,0,0,0,1,0,1,0,0,0,0,0,0,0,0,0,1,0,0,0,0,0,0,0,0,0,1,0,0,3,0,39.9493,-75.217, , 
 ,12908,2016033866,6,67,67301,2016,3,4,1645,16,1,1,0,8,1, , ,N,1,3,0,3,0,1,2,2,N,N,40 00:38.602,75 04:21.421,1731, ,1711, ,0, ,N, ,3, , , , , ,138369, , , ,1,1,0,0,0,0,0,0,0,0,0,1,1,0,0,0,0,0,0,0,0,0,0,0,0,0,0,0,0,0,0,0,1,0,0,4,0,40.0107,-75.0726, , 
 ,12909,2016050864,6,67,67301,2016,1,2,1630,16,1,1,1,1,1, , ,N,2,2,0,3,0,1,2,2,N,N,39 56:58.586,75 11:58.815,0, ,0, ,0, ,N, ,3, , , , , ,138386, , , ,2,0,0,0,0,0,1,0,0,0,0,0,1,1,0,0,0,0,0,0,1,0,0,1,0,0,0,0,0,0,0,0,0,0,0,8,0,39.9496,-75.1997, , 
 ,12910,2016040944,6,67,67301,2016,4,2,1400,14,1,1,0,4,1, , ,N,1,3,0,3,0,1,2,2,N, ,39 57:45.834,75 12:13.931,1410, ,1405,1,1,6, , ,3,N, , , , ,138424, , , ,2,1,0,0,0,0,1,0,0,0,0,1,1,0,1,0,0,0,0,0,0,0,0,0,0,0,0,0,0,0,0,0,0,0,0,4,0,39.9627,-75.2039, , 
 ,12911,2016052301,6,67,67301,2016,4,4,1946,19,3,2,1,7,4, , ,N,0,0,0,3,0,0,1,1,N, ,39 56:55.936,75 10:09.592,1955, ,1950, ,0, , , ,0, , , , , ,138433, , , ,1,0,0,0,0,0,1,0,0,0,0,0,0,0,1,0,0,0,0,0,0,1,0,0,0,0,0,0,0,0,0,0,0,0,0,9,0,39.9489,-75.1693, , 
 ,12912,2016013730,6,67,67301,2016,1,2,1615,16,1,1,0,4,1, , ,N,1,3,0,3,0,0,2,2,N, ,40 02:54.589,75 05:06.313,1619, ,1619, ,0, , , ,3, , , , , ,138442, , , ,2,1,0,0,0,0,0,1,0,0,0,0,0,0,0,0,0,0,0,0,1,1,0,0,0,0,0,0,0,0,0,0,0,0,0,0,0,40.0485,-75.0851, , 
 ,12913,2016026112,6,67,67301,2016,1,6,2203,22,3,1,0,4,1, , ,N,1,2,0,3,0,1,5,2,N,N,39 56:40.775,75 09:55.208,2210, ,2205, ,0, ,N, ,3, , , , , ,138451, , , ,1,0,0,0,0,0,1,0,1,0,0,0,1,1,0,0,0,0,0,0,0,0,0,0,0,0,0,0,0,0,0,0,0,0,0,8,0,39.9447,-75.1652, , 
 ,12914,2016035358,6,67,67301,2016,3,7,1500,15,1,1,0,1,1, , ,N,2,0,0,3,0,4,6,2,N,N,40 01:47.035,75 06:18.772,1510, ,1500, ,0, ,N, ,0, , , , , ,138459, , , ,2,1,0,1,0,0,0,0,0,0,0,0,4,4,0,0,0,0,0,0,0,0,0,1,0,0,0,0,0,0,0,0,0,0,0,8,1,40.0297,-75.1052, , 
 ,12915,2016042251,6,67,67301,2016,4,2,1510,15,1,1,0,8,1, , ,N,0,0,0,3,0,1,2,2,N,N,39 57:11.423,75 11:41.955,1513, ,1511, ,0, ,N, ,0, , , , , ,138463, , , ,1,1,0,0,0,0,0,0,0,0,1,0,1,0,0,0,0,0,0,0,0,0,0,0,0,0,0,0,0,0,0,0,1,0,0,3,0,39.9532,-75.195, , 
 ,12916,2016063990,6,67,67301,2016,6,2,1300,13,1,1,0,1,1, , ,N,1,0,0,3,0,1,2,2,N,N,40 01:40.843,75 07:56.434,1302, ,1302, ,0, ,N, ,0, , , , , ,138481, , , ,2,2,0,0,0,0,0,0,0,0,0,1,1,0,0,0,0,0,0,0,0,0,0,0,0,0,0,0,0,0,0,0,0,0,0,4,0,40.028,-75.1323, , 
 ,12917,2016019345,6,67,67301,2016,2,4,1240,12,1,1,0,4,1, , ,N,0,0,0,3,0,0,2,2,N,N,39 57:33.755,75 10:29.480,1254, ,1242,1,1,3, , ,0,N, , , , ,138496, , , ,2,1,0,0,1,0,0,0,0,0,0,0,0,0,0,0,0,0,0,0,1,0,1,0,0,0,0,0,0,0,0,0,0,0,0,0,0,39.9594,-75.1749, , 
 ,12918,2016029770,6,67,67301,2016,3,7,115,1,3,1,0,1,1, , ,N,1,2,0,3,0,3,4,2,N,N,40 03:19.172,75 04:23.456,120, ,115,1,2,3,N, ,3,Y, , , , ,138501, , , ,2,0,0,0,1,0,1,0,0,0,0,3,3,0,0,0,0,0,0,0,0,0,0,0,0,0,0,0,0,0,0,0,0,0,0,4,0,40.0553,-75.0733, , 
 ,12919,2016040175,6,67,67301,2016,3,7,1344,13,1,1,0,7,4, , ,N,0,0,0,3,0,0,4,2,N,N,39 57:26.850,75 09:33.929,1354, ,1344,1,1,3, , ,0,N, , , , ,142856, , , ,2,1,0,0,0,0,0,1,0,0,0,0,0,0,0,0,0,0,0,0,1,0,0,0,0,0,0,0,0,0,0,0,0,0,0,0,0,39.9575,-75.1594, , 
 ,12920,2016050267,6,67,67301,2016,4,7,2301,23,3,1,0,1,1, , ,N,7,0,2,3,0,3,3,3,N,N,39 53:04.770,75 14:38.828,2319, ,2303,2,2,1, , ,0,N, , , , ,142863, , , ,3,1,0,0,1,0,1,0,0,0,3,0,3,0,0,0,0,0,0,0,0,0,0,0,0,0,0,0,0,0,0,0,0,0,0,3,0,39.8847,-75.2441, , 
 ,12921,2016056033,6,67,67301,2016,5,6,550,5,1,1,0,5,2, , ,N,0,0,0,3,0,1,1,3,N, ,40 04:15.949,74 59:16.098,610, ,600, ,0, , , ,0, , , , , ,142868, , , ,3,3,0,0,0,0,0,0,0,0,0,0,1,1,0,0,0,0,0,0,0,0,0,0,0,0,0,0,0,0,0,0,0,0,0,8,0,40.0711,-74.9878, , 
 ,12922,2016014052,6,67,67301,2016,1,5,1811,18,3,1,0,4,1, , ,N,3,2,0,3,0,1,2,2,N,N,40 02:16.795,75 05:19.253,1817, ,1817, ,0, ,N, ,3, , , , , ,142872, , , ,2,1,0,0,0,0,1,0,0,0,0,0,1,1,0,0,0,0,0,0,0,0,0,0,0,0,0,0,0,0,0,0,0,0,0,8,0,40.038,-75.0887, , 
 ,12923,2016024792,6,67,67301,2016,2,7,1445,14,1,1,0,4,1, , ,N,1,3,0,3,0,1,3,3,N, ,39 57:36.615,75 14:42.795,1448, ,1445, ,0, , , ,3, , , , , ,142886, , , ,3,2,0,0,0,0,1,0,0,0,0,1,1,0,0,0,0,0,0,0,0,0,0,0,0,0,0,0,0,0,0,0,0,0,0,4,0,39.9602,-75.2452, , 
 ,12924,2016029804,6,67,67301,2016,2,1,1410,14,1,1,0,4,1, , ,N,1,2,0,3,0,1,3,2,N,N,39 58:24.945,75 09:06.901,9999, ,9999, ,0, ,N, ,3, , , , , ,142892, , , ,2,2,0,0,0,0,0,0,0,0,0,0,1,1,0,0,0,0,0,0,0,0,0,0,0,0,0,0,0,0,0,0,0,0,0,8,0,39.9736,-75.1519, , 
 ,12925,2016032015,6,67,67301,2016,3,7,256,2,3,1,0,7,4, , ,N,10,0,0,3,0,1,1,1,N,N,39 58:43.342,75 05:51.613,256, ,256, ,0, ,N, ,0, , , , , ,142893, , , ,1,0,0,0,1,0,0,0,0,0,1,0,1,0,0,0,0,0,0,0,0,0,0,1,0,0,0,0,0,0,0,0,0,0,0,3,0,39.9787,-75.0977, , 
 ,12926,2016038233,6,67,67301,2016,4,2,739,7,1,1,0,1,1, , ,N,0,0,0,3,0,0,5,5,N,N,39 58:05.755,75 07:45.700,753, ,741,2,1,1, , ,0,N, , , , ,142898, , , ,5,4,0,0,0,0,1,0,0,0,0,0,0,0,0,0,0,0,0,0,2,0,0,0,0,0,0,0,0,0,0,0,0,0,0,0,0,39.9683,-75.1294, , 
 ,12927,2016054167,6,67,67301,2016,4,6,2014,20,3,1,0,4,1, , ,N,2,0,0,3,0,0,2,2,N, ,40 04:18.449,75 01:57.534,2042, ,2041, ,0, , , ,0, , , , , ,142909, , , ,2,2,0,0,0,0,0,0,0,0,0,0,0,0,0,0,0,0,0,0,0,0,0,0,0,0,0,0,0,0,0,0,0,0,0,0,0,40.0718,-75.0326, , 
 ,12928,2016058803,6,67,67301,2016,5,5,1708,17,1,1,0,1,1, , ,N,0,0,0,3,0,0,2,2,N,N,39 57:50.608,75 08:18.889,1708, ,1708, ,0, , , ,0, , , , , ,142915, , , ,2,1,0,0,0,0,1,0,0,0,0,0,0,0,0,0,0,1,0,0,1,0,0,0,0,0,0,0,0,0,0,0,0,0,0,0,0,39.9641,-75.1386, , 
 ,12929,2016029842,6,67,67301,2016,2,7,2245,22,3,1,0,4,1, , ,N,3,3,0,3,0,0,5,2,N,N,40 04:13.793,75 09:18.678,33, ,28,2,1,4,N, ,3,N, , , , ,142950, , , ,2,2,0,0,0,0,0,0,0,0,0,0,0,0,0,0,0,0,0,0,0,0,0,0,0,0,0,0,0,0,0,0,0,0,0,0,0,40.0705,-75.1552, , 
 ,12930,2016048636,6,67,67301,2016,4,7,820,8,1,2,1,4,1, , ,N,1,2,0,3,0,5,8,2,N, ,40 01:11.208,75 09:02.246,825, ,816,9,2,3, , ,3,Y, , , , ,142960, , , ,2,1,0,0,0,0,0,1,0,2,1,2,5,0,0,0,0,0,0,0,1,0,0,1,0,0,0,0,0,0,0,0,0,0,0,2,0,40.0198,-75.1506, , 
 ,12931,2016029955,6,67,67301,2016,2,7,1140,11,1,1,0,4,1, , ,N,2,2,0,3,0,0,3,2,N, ,40 04:39.117,75 02:37.534,1145, ,1140,2,1,4, , ,3,N, , , , ,143043, , , ,2,1,0,0,0,0,1,0,0,0,0,0,0,0,0,0,0,0,0,0,0,1,0,0,0,0,0,0,0,0,0,0,0,0,0,0,0,40.0775,-75.0438, , 
 ,12932,2016041031,6,67,67301,2016,4,6,2341,23,3,1,0,4,1, , ,N,2,0,0,3,0,0,1,4,N,N,40 07:28.588,75 01:29.895,2346, ,2341, ,0, ,N, ,0, , , , , ,143052, , , ,4,3,0,0,0,0,1,0,0,0,0,0,0,0,1,1,0,0,0,0,0,0,0,0,0,0,0,0,0,0,0,0,0,0,0,9,0,40.1246,-75.025, , 
 ,12933,2016013718,6,67,67301,2016,1,1,47,0,3,1,0,8,1, , ,N,1,0,0,3,0,1,2,2,N,N,39 59:28.722,75 08:01.720,130, ,123, ,0, ,N, ,0, , , , , ,143071, , , ,1,0,0,0,0,0,0,0,0,1,0,0,1,0,0,0,0,0,0,0,0,0,0,0,0,0,0,0,0,0,0,0,1,0,1,2,0,39.9912,-75.1338, , 
 ,12934,2016028806,6,67,67301,2016,2,7,903,9,1,1,0,1,1, , ,N,0,0,0,3,0,1,2,2,N,N,39 53:14.264,75 12:16.035,907, ,904,1,2,1, , ,0,N, , , , ,143080, , , ,2,2,0,0,0,0,0,0,0,0,0,0,1,1,0,0,0,0,0,0,2,0,0,0,0,0,0,0,0,0,0,0,0,0,0,8,0,39.8873,-75.2045, , 
 ,12935,2016052396,6,67,67301,2016,5,1,1010,10,1,2,1,7,4, , ,N,1,3,0,3,0,0,2,1,N,N,39 57:48.060,75 09:46.616,1030, ,1016, ,0, ,N, ,3, , , , , ,143099, , , ,1,0,0,0,0,0,1,0,0,0,0,0,0,0,0,0,0,0,0,0,0,0,0,0,0,0,0,0,0,0,0,0,0,0,0,0,0,39.9634,-75.1629, , 
 ,12936,2016014048,6,67,67301,2016,1,5,1332,13,1,1,0,1,1, , ,N,2,0,0,3,0,0,3,3,N,N,40 06:33.586,75 01:32.273,1332, ,1332, ,0, ,N, ,0, , , , , ,143116, , , ,3,2,0,0,0,0,1,0,0,0,0,0,0,0,0,0,0,0,0,0,0,0,0,0,0,0,0,0,0,0,0,0,0,0,0,0,0,40.1093,-75.0256, , 
 ,12937,2016053675,6,67,67301,2016,4,6,845,8,1,9,1,1,1, , ,N,0,0,0,3,0,1,2,2,N,N,39 59:50.743,75 05:21.767,1035, ,848,3,1,2,N, ,0,N, , , , ,143158, , , ,2,1,0,0,0,1,0,0,0,0,0,0,1,1,0,0,0,0,0,0,2,0,0,0,0,0,0,0,0,0,0,0,0,0,0,8,1,39.9974,-75.0894, , 
 ,12938,2016020300,6,67,67301,2016,1,1,1338,13,1,1,1,6,1, , ,N,0,0,0,3,0,0,3,3,N, ,40 02:32.755,75 11:35.065,1508, ,1506, ,0, , , ,0, , , , , ,131659, , , ,3,3,0,0,0,0,0,0,0,0,0,0,0,0,0,0,0,0,0,0,2,0,0,0,0,0,0,0,0,0,0,0,0,0,0,0,0,40.0424,-75.1931, , 
 ,12939,2016036404,6,67,67301,2016,3,3,1050,10,1,1,0,4,1, , ,N,2,0,7,3,0,1,3,2,N,N,40 03:26.126,75 03:11.092,1100, ,1055,1,1,1,N, ,0,N, , , , ,131675, , , ,2,1,0,0,1,0,0,0,0,0,0,1,1,0,0,0,0,0,0,0,1,0,0,0,0,0,0,0,0,0,0,0,0,0,0,4,0,40.0572,-75.053, , 
 ,12940,2016007879,6,67,67301,2016,1,7,720,7,1,2,1,7,2, , ,N,0,0,0,3,0,0,1,1,Y,N,39 57:36.375,75 10:49.794,723, ,723,1,2,3, , ,0,N, , , , ,131693, , , ,1,0,0,0,0,0,1,0,0,0,0,0,0,0,0,0,0,0,0,0,0,0,0,0,0,0,0,0,0,0,0,0,0,0,0,0,0,39.9601,-75.1805, , 
 ,12941,2016014439,6,67,67301,2016,1,1,1031,10,1,1,0,4,1, , ,N,1,2,3,3,0,0,4,2,N, ,39 57:27.359,75 09:31.193,1039, ,1035, ,0, , , ,3, , , , , ,131704, , , ,2,0,0,0,0,0,2,0,0,0,0,0,0,0,0,0,0,0,0,0,0,0,0,0,0,0,0,0,0,0,0,0,0,0,0,0,0,39.9576,-75.1586, , 
 ,12942,2016014665,6,67,67301,2016,1,7,1944,19,3,1,0,1,1, , ,N,0,0,0,3,0,3,5,2,N,N,39 55:37.188,75 11:42.030,2001, ,1947,2,2,4, , ,0,N, , , , ,131706, , , ,2,0,0,0,0,0,2,0,0,0,0,0,3,3,1,0,0,0,0,0,0,0,0,0,0,0,0,0,0,0,0,0,0,0,0,8,0,39.927,-75.195, , 
 ,12943,2016046154,6,67,67301,2016,4,2,829,8,1,2,1,8,1, , ,N,1,2,0,3,0,1,2,2,N,N,40 03:40.446,75 05:00.751,835, ,830, ,0, ,N, ,3, , , , , ,131732, , , ,1,0,0,0,0,0,1,0,0,0,0,1,1,0,0,0,0,0,0,0,1,0,0,0,0,0,0,0,0,0,0,0,1,0,0,4,0,40.0612,-75.0835, , 
 ,12944,2016014416,6,67,67301,2016,1,7,1910,19,3,2,1,4,1, , ,N,1,2,0,3,0,0,3,2,N,N,39 58:02.378,75 14:44.992,1920, ,1919, ,0, ,N, ,3, , , , , ,131742, , , ,2,1,0,0,1,0,0,0,0,0,0,0,0,0,0,0,0,0,0,1,0,0,0,2,0,0,0,0,0,0,0,0,0,0,0,0,0,39.9673,-75.2457, , 
 ,12945,2016053627,6,67,67301,2016,5,6,1105,11,1,2,1,4,1, , ,N,1,3,0,3,0,1,3,2,N,N,39 57:16.988,75 14:24.950,1109, ,1108, ,0, ,N, ,3, , , , , ,131767, , , ,2,1,0,0,0,0,1,0,0,0,0,1,1,0,0,0,0,0,0,0,1,0,0,0,0,0,0,0,0,0,0,0,0,0,0,4,0,39.9547,-75.2403, , 
 ,12946,2016016599,6,67,67301,2016,1,6,1900,19,3,1,6,8,1, , ,N,1,2,0,3,0,1,2,2,N,N,40 03:06.267,75 09:10.785,1805, ,1800, ,0, ,N, ,3, , , , , ,131797, , , ,1,0,0,0,0,0,1,0,0,0,0,1,1,0,0,0,0,0,0,0,0,0,0,0,0,0,0,0,0,0,0,0,1,0,0,4,0,40.0517,-75.153, , 
 ,12947,2016017011,6,67,67301,2016,1,5,1834,18,3,1,0,5,1, , ,N,0,0,0,3,0,0,2,2,N,N,40 01:26.389,75 13:14.516,1900, ,1834, ,0, , , ,0, , , , , ,131839, , , ,2,2,0,0,0,0,0,0,0,0,0,0,0,0,0,0,0,0,0,0,0,0,0,0,0,0,0,0,0,0,0,0,0,0,0,0,0,40.024,-75.2207, , 
 ,12948,2016026076,6,67,67301,2016,2,1,230,2,3,1,0,5,1, , ,N,0,2,0,3,0,0,2,2,N, ,40 03:13.658,75 03:17.117,235, ,231, ,0, , , ,3, , , , , ,131849, , , ,2,1,0,0,0,0,1,0,0,0,0,0,0,0,1,0,0,0,0,0,0,0,0,1,0,0,0,0,0,0,0,0,0,0,0,9,0,40.0538,-75.0548, , 
 ,12949,2016026088,6,67,67301,2016,2,5,1853,18,3,1,0,4,1, , ,N,1,2,0,3,0,3,3,2,N,N,40 02:20.942,75 06:36.006,1858, ,1853, ,0, ,N, ,3, , , , , ,131850, , , ,2,1,0,0,0,0,1,0,0,0,0,2,3,1,0,0,0,0,0,0,0,0,0,0,0,0,0,0,0,0,0,0,0,0,0,4,0,40.0392,-75.11, , 
 ,12950,2016029756,6,67,67301,2016,2,7,515,5,3,1,0,1,1, , ,N,0,2,0,3,0,1,2,2,N,N,39 52:59.311,75 15:06.882,540, ,530, ,0, ,N, ,3, , , , , ,131854, , , ,2,0,0,0,0,0,1,1,0,0,0,1,1,0,0,0,0,0,0,0,1,0,0,1,0,0,0,0,0,0,0,0,0,0,0,4,0,39.8831,-75.2519, , 
 ,12951,2016007881,6,67,67301,2016,1,1,1745,17,2,1,1,7,2, , ,N,0,0,0,3,0,0,1,1,N,N,39 56:39.076,75 11:31.015,1804, ,1751, ,0, , , ,0, , , , , ,131882, , , ,1,1,0,0,0,0,0,0,0,0,0,0,0,0,0,0,0,0,0,0,0,0,0,0,0,0,0,0,0,0,0,0,0,0,0,0,0,39.9442,-75.1919, , 
 ,12952,2016019896,6,67,67301,2016,2,5,1605,16,1,1,0,4,1, , ,N,1,3,0,3,0,0,2,2,N,N,39 56:29.911,75 09:52.437,1623, ,1616,2,1,4,N, ,3,N, , , , ,131891, , , ,2,1,0,0,0,0,1,0,0,0,0,0,0,0,1,0,0,0,0,0,0,0,0,0,0,0,0,0,0,0,0,0,0,0,0,9,0,39.9416,-75.1646, , 
 ,12953,2016028834,6,67,67301,2016,3,1,55,0,3,1,0,7,4, , ,N,0,0,0,3,0,1,1,1,N,N,39 58:52.087,75 12:23.505,100, ,56, ,0, , , ,0, , , , , ,131900, , , ,1,1,0,0,0,0,0,0,0,0,0,1,1,0,0,0,0,0,0,0,0,0,0,0,0,0,0,0,0,0,0,0,0,0,0,4,0,39.9811,-75.2065, , 
 ,12954,2016033860,6,67,67301,2016,3,1,2353,23,3,2,1,4,1, , ,N,1,2,0,3,0,1,2,2,N, ,39 57:28.613,75 12:29.280,31, ,24, ,0, , , ,3, , , , , ,131909, , , ,2,1,0,0,0,1,0,0,0,0,0,1,1,0,0,0,0,0,0,0,0,0,0,2,0,0,0,0,0,0,0,0,0,0,0,4,1,39.9579,-75.2081, , 