wz_ln_closure,objectid_1,crn,district,county,municipality,crash_year,crash_month,day_of_week,time_of_day,hour_of_day,illumination,weather,road_condition,collision_type,relation_to_road,work_zone_type,work_zone_loc,work_zone_ind,intersect_type,tcd_type,location_type,urban_rural,fatal_count,injury_count,person_count,total_units,sch_bus_ind,sch_zone_ind,latitude,longitude,arrival_tm,cons_zone_spd_lim,dispatch_tm,est_hrs_closed,lane_closed,ln_close_dir,ntfy_hiwy_maint,spec_juris_cd,tcd_func_cd,tfc_detour_ind,workers_pres,wz_close_detour,wz_flagger,wz_law_offcr_ind,objectid,wz_moving,wz_other,wz_shlder_mdn,vehicle_count,automobile_count,motorcycle_count,bus_count,small_truck_count,heavy_truck_count,suv_count,van_count,bicycle_count,maj_inj_count,mod_inj_count,min_inj_count,tot_inj_count,unk_inj_deg_count,unk_inj_per_count,driver_count_16yr,driver_count_17yr,driver_count_18yr,driver_count_19yr,driver_count_20yr,driver_count_50_64yr,driver_count_65_74yr,driver_count_75plus,unbelted_occ_count,unb_death_count,unb_maj_inj_count,belted_death_count,belted_maj_inj_count,mcycle_death_count,mcycle_maj_inj_count,bicycle_death_count,bicycle_maj_inj_count,ped_count,ped_death_count,ped_maj_inj_count,max_severity_level,comm_veh_count,dec_lat,dec_long,rdwy_surf_type_cd,county_name
 ,12955,2016052825,6,67,67301,2016,5,1,1407,14,1,2,1,4,1, , ,N,1,0,0,3,0,0,4,3,N,N,40 02:19.118,75 04:49.670,1414, ,1410,2,2,5,N, ,0,Y, , , , ,131919, , , ,3,1,0,0,0,0,1,1,0,0,0,0,0,0,2,0,0,0,0,0,0,0,0,0,0,0,0,0,0,0,0,0,0,0,0,9,0,40.0386,-75.0805, , 
 ,12956,2016002827,6,67,67301,2016,1,2,1508,15,1,1,0,1,1, , ,N,0,0,0,3,0,0,5,3,N,N,39 56:41.538,75 11:28.352,1508, ,1508, ,0, ,N, ,0, , , , , ,135009, , , ,3,1,0,0,1,0,1,0,0,0,0,0,0,0,0,0,0,0,0,0,1,0,0,0,0,0,0,0,0,0,0,0,0,0,0,0,0,39.9449,-75.1912, , 
 ,12957,2016033900,6,67,67301,2016,3,4,925,9,1,1,0,5,1, , ,N,7,0,2,3,0,0,3,2,N,N,40 00:58.180,75 12:16.051,934, ,928,2,1,2, , ,0,N, , , , ,135024, , , ,2,1,0,0,1,0,0,0,0,0,0,0,0,0,0,0,0,0,0,0,0,0,0,0,0,0,0,0,0,0,0,0,0,0,0,0,0,40.0162,-75.2045, , 
 ,12958,2016041227,6,67,67301,2016,3,2,1651,16,1,2,1,1,1, , ,N,0,0,0,3,0,1,4,4,Y,N,40 02:37.863,75 00:10.467,1654, ,1651,1,2,2, , ,0,N, , , , ,135032, , , ,4,3,0,0,0,0,1,0,0,0,0,0,1,1,0,0,0,0,1,0,0,0,0,0,0,0,0,0,0,0,0,0,0,0,0,8,0,40.0439,-75.0029, , 
 ,12959,2016058726,6,67,67301,2016,5,1,2350,23,3,2,1,7,5, , ,N,0,0,0,3,0,0,1,1,N,N,40 02:03.531,75 01:09.041,2359, ,2350, ,0, , , ,0, , , , , ,135047, , , ,1,0,0,0,0,0,1,0,0,0,0,0,0,0,0,0,0,0,0,0,0,0,0,0,0,0,0,0,0,0,0,0,0,0,0,0,0,40.0343,-75.0192, , 
 ,12960,2016063932,6,67,67301,2016,6,2,1510,15,1,1,0,8,1, , ,N,1,3,0,3,0,1,3,2,N,N,40 00:25.488,75 09:54.277,1622, ,1622, ,0, , , ,3, , , , , ,135055, , , ,1,1,0,0,0,0,0,0,0,0,0,1,1,0,0,0,0,0,0,0,0,0,1,0,0,0,0,0,0,0,0,0,1,0,0,4,0,40.0071,-75.1651, , 
 ,12961,2016033834,6,67,67301,2016,3,7,240,2,3,1,0,1,6, , ,N,0,0,0,3,0,0,1,2,N, ,40 01:07.945,75 03:58.719,259, ,256, ,0, , , ,0, , , , , ,135072, , , ,2,2,0,0,0,0,0,0,0,0,0,0,0,0,0,0,0,0,0,0,0,0,0,0,0,0,0,0,0,0,0,0,0,0,0,0,0,40.0189,-75.0663, , 
 ,12962,2016035362,6,67,67301,2016,3,2,1019,10,1,2,1,1,1, , ,N,0,0,0,3,0,0,2,2,N,N,40 00:34.967,75 11:14.315,1035, ,1021,1,1,2,N, ,0,N, , , , ,135074, , , ,2,1,0,0,0,0,1,0,0,0,0,0,0,0,0,0,0,0,0,0,0,0,0,0,0,0,0,0,0,0,0,0,0,0,0,0,0,40.0097,-75.1873, , 
 ,12963,2016070638,6,67,67301,2016,6,7,2220,22,3,1,0,4,1, , ,N,1,2,0,3,0,1,6,2,N,N,40 05:04.029,75 02:18.148,2240, ,2238, ,0, ,N, ,3, , , , , ,135102, , , ,2,1,0,0,0,0,1,0,0,0,0,0,1,1,0,0,0,0,0,0,1,0,0,1,0,0,0,0,0,0,0,0,0,0,0,8,0,40.0845,-75.0384, , 
 ,12964,2016023096,6,67,67301,2016,2,1,151,1,3,1,0,7,4, , ,N,0,0,0,3,0,0,1,1,N,N,40 00:23.354,75 11:51.353,200, ,154, ,0, , , ,0, , , , , ,135118, , , ,1,1,0,0,0,0,0,0,0,0,0,0,0,0,0,0,0,0,0,0,0,0,0,0,0,0,0,0,0,0,0,0,0,0,0,0,0,40.0065,-75.1976, , 
 ,12965,2016029765,6,67,67301,2016,2,3,1745,17,3,2,1,1,1, , ,N,2,3,0,3,0,1,3,2,N, ,39 55:46.067,75 14:35.330,1755, ,1750, ,0, , , ,3, , , , , ,135126, , , ,2,1,0,0,0,0,1,0,0,0,0,0,1,1,1,0,0,0,0,0,0,0,0,0,0,0,0,0,0,0,0,0,0,0,0,8,0,39.9295,-75.2431, , 
 ,12966,2016029857,6,67,67301,2016,3,3,1325,13,1,1,0,1,1, , ,N,1,2,0,3,0,1,3,2,N,N,40 03:06.246,75 07:37.696,1335, ,1330, ,0, ,N, ,3, , , , , ,135127, , , ,2,2,0,0,0,0,0,0,0,0,0,0,1,1,0,0,0,0,0,0,1,0,0,0,0,0,0,0,0,0,0,0,0,0,0,8,0,40.0517,-75.1271, , 
 ,12967,2016041435,6,67,67301,2016,4,1,528,5,3,1,0,7,4, , ,N,0,0,0,3,0,1,4,3,N,N,40 05:59.623,74 59:14.730,534, ,530,2,2,2, , ,0,Y, , , , ,135138, , , ,3,1,0,0,0,0,2,0,0,0,0,1,1,0,0,0,0,0,0,0,1,0,0,1,0,0,0,0,0,0,0,0,0,0,0,4,0,40.0999,-74.9874, , 
 ,12968,2016046066,6,67,67301,2016,4,6,1328,13,1,1,0,8,1, , ,N,0,0,0,3,0,1,3,2,N,N,40 02:30.177,75 08:38.545,1330, ,1330, ,0, ,N, ,0, , , , , ,135144, , , ,1,0,0,0,0,0,1,0,0,0,0,0,1,1,0,0,0,0,0,0,0,0,0,0,0,0,0,0,0,0,0,0,1,0,0,8,0,40.0417,-75.144, , 
 ,12969,2016019796,6,67,67301,2016,2,2,900,9,1,1,0,4,1, , ,N,0,0,7,3,0,1,2,2,N, ,40 02:11.742,75 01:33.668,903, ,900, ,0, , , ,0, , , , , ,135171, , , ,2,2,0,0,0,0,0,0,0,0,0,1,1,0,0,0,0,0,0,0,1,0,0,0,0,0,0,0,0,0,0,0,0,0,0,4,0,40.0366,-75.026, , 
N,12970,2016033960,6,67,67301,2016,3,2,42,0,3,4,1,5,1,1,4,Y,0,0,0,3,0,2,6,2,N,N,39 57:33.358,75 10:22.600,52,50,44, ,0, , , ,0, ,N,N,N,N,135186,N,N,Y,2,1,0,0,1,0,0,0,0,0,0,0,2,2,0,0,0,0,0,1,0,0,0,0,0,0,0,0,0,0,0,0,0,0,0,8,0,39.9593,-75.1729, , 
N,12971,2016007872,6,67,67301,2016,1,6,810,8,1,1,0,1,1,1,4,Y,0,0,0,3,0,2,3,3,N,N,40 01:44.418,75 01:22.628,845,50,810,2,1,2, , ,0,N,Y,N,N,N,135208,N,N,Y,3,1,0,0,0,0,2,0,0,0,0,0,2,2,0,0,0,0,0,0,1,1,0,0,0,0,0,0,0,0,0,0,0,0,0,8,0,40.029,-75.023, , 
 ,12972,2016019826,6,67,67301,2016,1,7,1555,15,1,1,0,4,1, , ,N,1,2,0,3,0,1,2,2,N,N,40 02:25.699,75 02:50.737,1615, ,1608, ,0, ,N, ,3, , , , , ,135214, , , ,1,0,0,0,0,0,1,0,1,0,1,0,1,0,0,0,0,0,0,0,1,0,0,1,0,0,0,0,0,0,0,0,0,0,0,3,0,40.0405,-75.0474, , 
 ,12973,2016024789,6,67,67301,2016,2,4,2116,21,3,1,0,8,1, , ,N,1,2,0,3,0,1,2,2,N,N,39 57:31.442,75 13:37.864,2120, ,2118, ,0, ,N, ,3, , , , , ,135221, , , ,1,1,0,0,0,0,0,0,0,0,0,0,1,1,0,0,0,0,0,0,0,1,0,0,0,0,0,0,0,0,0,0,1,0,0,8,0,39.9587,-75.2272, , 
 ,12974,2016029774,6,67,67301,2016,3,5,1111,11,1,1,0,4,1, , ,N,2,3,0,3,0,1,2,2,N, ,39 54:29.022,75 09:18.493,1130, ,1127,1,1,5, , ,3,N, , , , ,138502, , , ,2,0,0,0,0,1,1,0,0,0,0,0,1,1,0,0,0,0,0,0,0,0,1,1,0,0,0,0,0,0,0,0,0,0,0,8,1,39.9081,-75.1551, , 
 ,12975,2016050041,6,67,67301,2016,4,3,807,8,1,1,0,4,1, , ,N,1,3,0,3,0,0,3,2,N, ,40 01:50.207,75 12:25.116,820, ,816, ,0, , , ,3, , , , , ,138519, , , ,2,0,0,0,1,0,1,0,0,0,0,0,0,0,0,0,0,0,0,0,0,0,0,0,0,0,0,0,0,0,0,0,0,0,0,0,0,40.0306,-75.207, , 
 ,12976,2016053830,6,67,67301,2016,5,6,922,9,1,2,1,4,1, , ,N,1,3,0,3,0,0,3,2,N,N,40 04:43.856,75 01:58.245,935, ,929, ,0, ,N, ,3, , , , , ,138522, , , ,2,0,0,0,0,0,2,0,0,0,0,0,0,0,0,0,0,0,0,0,0,0,0,0,0,0,0,0,0,0,0,0,0,0,0,0,0,40.0788,-75.0328, , 
 ,12977,2016063886,6,67,67301,2016,6,6,1215,12,1,2,1,6,1, , ,N,0,0,0,3,0,1,2,2,N,N,40 03:42.861,75 12:00.014,1233, ,1229,1,1,6, , ,0,N, , , , ,138527, , , ,2,0,0,0,0,1,0,1,0,0,0,1,1,0,0,0,0,0,1,0,0,0,0,0,0,0,0,0,0,0,0,0,0,0,0,4,1,40.0619,-75.2, , 
 ,12978,2016067817,6,67,67301,2016,6,2,1915,19,1,1,0,4,1, , ,N,1,2,0,3,0,0,2,3,N,N,39 57:13.845,75 13:12.349,1919, ,1917, ,0, ,N, ,3, , , , , ,138530, , , ,3,3,0,0,0,0,0,0,0,0,0,0,0,0,0,0,0,0,0,0,0,0,0,0,0,0,0,0,0,0,0,0,0,0,0,0,0,39.9538,-75.2201, , 
 ,12979,2016007583,6,67,67301,2016,1,6,57,0,3,1,0,5,2, , ,N,0,0,0,3,0,1,1,2,N,N,39 59:50.400,75 10:25.500,101, ,100, ,0, ,N, ,0, , , , , ,138538, , , ,2,0,0,0,0,0,2,0,0,0,0,1,1,0,0,0,0,0,0,0,1,0,0,0,0,0,0,0,0,0,0,0,0,0,0,4,0,39.9973,-75.1738, , 
 ,12980,2016008608,6,67,67301,2016,1,4,1620,16,1,1,0,4,1, , ,N,0,0,7,3,0,0,3,3,N,N,39 54:29.462,75 11:20.994,1635, ,1629, ,0, ,N, ,0, , , , , ,138539, , , ,3,3,0,0,0,0,0,0,0,0,0,0,0,0,0,0,0,0,0,0,2,0,0,1,0,0,0,0,0,0,0,0,0,0,0,0,0,39.9082,-75.1892, , 
 ,12981,2016013711,6,67,67301,2016,1,7,1055,10,1,1,0,8,1, , ,N,1,2,0,3,0,1,2,2,N,N,40 01:14.970,75 07:05.771,1830, ,1800, ,0, ,N, ,3, , , , , ,138544, , , ,1,1,0,0,0,0,0,0,0,0,0,0,1,1,0,0,0,0,0,0,0,0,0,0,0,0,0,0,0,0,0,0,1,0,0,8,0,40.0208,-75.1183, , 
 ,12982,2016013966,6,67,67301,2016,1,2,1300,13,1,1,1,8,1, , ,N,0,0,0,3,0,1,2,2,N, ,39 57:40.274,75 09:10.769,1415, ,1410, ,0, , , ,0, , , , , ,138545, , , ,1,1,0,0,0,0,0,0,0,0,0,0,1,1,1,0,0,0,0,0,0,0,0,0,0,0,0,0,0,0,0,0,1,0,0,8,0,39.9612,-75.153, , 
 ,12983,2016032103,6,67,67301,2016,3,6,1645,16,4,1,0,4,1, , ,N,1,3,0,3,0,0,3,2,N,N,39 57:32.256,75 14:07.331,1651, ,1650, ,0, ,N, ,3, , , , , ,138559, , , ,2,2,0,0,0,0,0,0,0,0,0,0,0,0,0,0,0,1,0,0,1,0,0,0,0,0,0,0,0,0,0,0,0,0,0,0,0,39.959,-75.2354, , 
 ,12984,2016033090,6,67,67301,2016,3,6,625,6,1,1,0,4,1, , ,N,0,0,7,3,0,1,2,2,N,N,40 03:01.957,75 10:23.058,736, ,723, ,0, ,N, ,0, , , , , ,138562, , , ,2,1,0,0,0,0,1,0,0,0,0,1,1,0,0,0,0,0,0,0,1,0,0,0,0,0,0,0,0,0,0,0,0,0,0,4,0,40.0505,-75.1731, , 
 ,12985,2016043375,6,67,67301,2016,4,7,345,3,3,1,0,4,1, , ,N,1,2,0,3,0,3,6,5,N,N,39 57:13.102,75 11:55.145,347, ,347, ,0, ,N, ,3, , , , , ,138572, , , ,2,1,0,0,0,0,1,0,0,0,0,0,3,3,3,0,0,0,0,0,0,0,0,0,0,0,0,0,0,0,0,0,3,0,0,8,0,39.9536,-75.1986, , 
 ,12986,2016008588,6,67,67301,2016,1,4,1300,13,1,1,0,4,1, , ,N,1,2,0,3,0,0,2,2,N,N,39 58:20.238,75 09:57.031,1310, ,1307, ,0, ,N, ,3, , , , , ,138585, , , ,2,1,0,0,0,0,1,0,0,0,0,0,0,0,0,0,0,0,0,1,0,0,0,0,0,0,0,0,0,0,0,0,0,0,0,0,0,39.9723,-75.1658, , 
 ,12987,2016013900,6,67,67301,2016,1,6,742,7,1,1,0,4,1, , ,N,1,3,0,3,0,1,2,2,N, ,39 57:41.533,75 09:33.847,749, ,742, ,0, , , ,3, , , , , ,138589, , , ,1,1,0,0,0,0,0,0,1,0,0,1,1,0,0,0,0,0,0,0,0,0,0,0,0,0,0,0,0,0,0,0,0,0,0,4,0,39.9615,-75.1594, , 
 ,12988,2016029807,6,67,67301,2016,2,1,2242,22,3,1,0,7,4, , ,N,0,0,0,3,0,1,2,1,N,N,39 58:12.146,75 07:50.432,2244, ,2244, ,0, ,N, ,0, , , , , ,138599, , , ,1,1,0,0,0,0,0,0,0,1,0,0,1,0,0,0,0,0,0,0,0,0,0,0,0,0,0,1,0,0,0,0,0,0,0,2,0,39.97,-75.1307, , 
 ,12989,2016047022,6,67,67301,2016,4,1,1520,15,1,1,0,8,1, , ,N,0,0,0,3,0,1,2,2,N, ,40 02:05.788,75 02:39.966,1537, ,535, ,0, , , ,0, , , , , ,138619, , , ,1,0,0,0,0,0,1,0,0,0,0,0,1,1,0,0,0,0,0,0,0,0,0,0,0,0,0,0,0,0,0,0,1,0,0,8,0,40.0349,-75.0444, , 
 ,12990,2016048541,6,67,67301,2016,4,1,654,6,1,1,0,4,1, , ,N,2,0,0,3,0,0,3,2,N, ,39 58:32.782,75 12:15.744,846, ,840, ,0, , , ,0, , , , , ,138623, , , ,2,0,0,0,0,0,2,0,0,0,0,0,0,0,1,0,0,0,0,0,0,1,0,0,0,0,0,0,0,0,0,0,0,0,0,9,0,39.9758,-75.2044, , 
 ,12991,2016045352,6,67,67301,2016,4,6,1432,14,1,1,0,8,1, , ,N,0,0,0,3,0,1,2,2,N, ,40 03:17.934,75 11:13.362,1505, ,1458, ,0, , , ,0, , , , , ,138666, , , ,1,1,0,0,0,0,0,0,0,0,1,0,1,0,0,0,0,0,0,0,1,0,0,0,0,0,0,0,0,0,0,0,1,0,0,3,0,40.055,-75.187, , 
 ,12992,2016050289,6,67,67301,2016,5,7,558,5,5,2,1,7,4, , ,N,0,0,0,3,0,0,1,1,N,N,39 58:54.163,75 12:26.377,606, ,559, ,0, , , ,0, , , , , ,138672, , , ,1,1,0,0,0,0,0,0,0,0,0,0,0,0,0,0,0,0,0,0,0,0,0,0,0,0,0,0,0,0,0,0,0,0,0,0,0,39.9817,-75.2073, , 
 ,12993,2016039726,6,67,67301,2016,3,2,1942,19,3,1,0,8,1, , ,N,0,0,0,3,0,1,2,2,N,N,40 02:52.083,75 06:14.497,2115, ,2112, ,0, ,N, ,0, , , , , ,140683, , , ,1,0,0,0,0,0,1,0,0,0,0,1,1,0,0,0,0,0,0,0,1,0,0,1,0,0,0,0,0,0,0,0,1,0,0,4,0,40.0478,-75.104, , 
 ,12994,2016041440,6,67,67301,2016,3,6,1914,19,3,1,0,4,1, , ,N,1,2,0,3,0,1,2,2,N,Y,39 59:13.322,75 10:27.753,9999, ,1300, ,0, ,N, ,3, , , , , ,140685, , , ,2,0,1,0,1,0,0,0,0,1,0,0,1,0,0,0,0,0,0,0,0,0,0,1,0,0,0,0,0,1,0,0,0,0,0,2,0,39.987,-75.1744, , 
 ,12995,2016044600,6,67,67301,2016,4,2,916,9,1,1,0,4,1, , ,N,2,2,0,3,0,2,4,3,N,N,39 59:54.675,75 09:12.937,923, ,919,3,2,6,N, ,3,Y, , , , ,140687, , , ,3,2,0,0,0,1,0,0,0,0,0,1,2,1,0,0,0,1,0,0,1,0,0,0,0,0,0,0,0,0,0,0,0,0,0,4,1,39.9985,-75.1535, , 
 ,12996,2016052404,6,67,67301,2016,5,1,1649,16,1,2,1,7,2, , ,N,7,0,2,3,0,0,1,1,N, ,40 00:42.920,75 12:17.697,1659, ,1650,1,1,1, , ,0,N, , , , ,140692, , , ,1,1,0,0,0,0,0,0,0,0,0,0,0,0,0,0,0,0,0,0,0,0,0,0,0,0,0,0,0,0,0,0,0,0,0,0,0,40.014,-75.2046, , 
 ,12997,2016052411,6,67,67301,2016,4,7,910,9,1,1,0,7,4, , ,N,1,2,0,3,0,0,1,1,N,N,40 01:17.486,75 08:23.326,920, ,916,5,2,5,N, ,3,Y, , , , ,140693, , , ,1,1,0,0,0,0,0,0,0,0,0,0,0,0,0,0,0,0,0,0,0,0,0,1,0,0,0,0,0,0,0,0,0,0,0,0,0,40.0215,-75.1398, , 
 ,12998,2016032098,6,67,67301,2016,3,3,1728,17,1,1,0,4,1, , ,N,1,3,0,3,0,0,2,2,N,N,40 01:06.321,75 11:10.226,1755, ,1738, ,0, ,N, ,3, , , , , ,140719, , , ,2,1,0,0,0,0,1,0,0,0,0,0,0,0,0,0,0,0,1,0,0,0,0,0,0,0,0,0,0,0,0,0,0,0,0,0,0,40.0184,-75.1862, , 
 ,12999,2016039534,6,46,46102,2016,4,2,607,6,1,1,0,2,1, , ,N,1,2,0,3,0,2,2,2,N,N,40 04:18.194,75 09:14.605,610, ,607, ,0, ,N, ,3, , , , , ,140728, , , ,2,2,0,0,0,0,0,0,0,0,0,2,2,0,0,0,0,0,0,0,0,1,0,0,0,0,0,0,0,0,0,0,0,0,0,4,0,40.0717,-75.1541, , 
 ,13000,2016048516,6,67,67301,2016,4,3,2148,21,3,1,0,4,1, , ,N,2,3,0,3,0,2,3,2,N,N,39 59:45.963,75 10:16.671,2148, ,2148,2,1,4,N, ,3,N, , , , ,140735, , , ,2,1,0,0,0,0,1,0,0,0,0,2,2,0,0,0,0,0,0,0,1,0,0,1,0,0,0,0,0,0,0,0,0,0,0,4,0,39.9961,-75.1713, , 
 ,13001,2016008639,6,67,67301,2016,1,6,9999,99,3,1,0,4,1, , ,N,1,3,0,3,0,1,3,2,N,N,40 02:28.975,75 04:14.213,150, ,143, ,0, ,N, ,3, , , , , ,140749, , , ,2,1,0,0,0,0,1,0,0,0,0,1,1,0,0,0,0,0,0,1,0,0,0,2,0,0,0,0,0,0,0,0,0,0,0,4,0,40.0414,-75.0706, , 
 ,13002,2016022031,6,67,67301,2016,2,1,1655,16,1,1,0,4,1, , ,N,1,2,0,3,0,1,3,2,N,N,40 00:43.064,75 10:33.675,1705, ,1657, ,0, ,N, ,3, , , , , ,140754, , , ,2,2,0,0,0,0,0,0,0,0,0,0,1,1,0,0,0,0,0,0,0,0,0,1,0,0,0,0,0,0,0,0,0,0,0,8,0,40.012,-75.176, , 
 ,13003,2016028840,6,67,67301,2016,3,2,529,5,2,1,0,5,1, , ,N,0,0,0,3,0,2,2,2,N,N,39 58:52.505,75 12:24.765,530, ,530,1,1,3, , ,0,N, , , , ,140762, , , ,2,0,0,0,0,0,2,0,0,2,0,0,2,0,0,0,0,0,0,0,1,0,0,1,0,1,0,1,0,0,0,0,0,0,0,2,0,39.9813,-75.2069, , 
 ,13004,2016044562,6,67,67301,2016,4,7,1613,16,1,7,1,8,1, , ,N,0,0,7,3,0,1,2,2,N,N,39 57:41.304,75 14:49.075,1617, ,1615, ,0, ,N, ,0, , , , , ,140776, , , ,1,1,0,0,0,0,0,0,0,0,0,1,1,0,1,0,0,0,0,0,0,0,0,0,0,0,0,0,0,0,0,0,1,0,0,4,0,39.9615,-75.247, , 
 ,13005,2016058639,6,67,67301,2016,5,4,1153,11,1,1,0,4,1, , ,N,0,0,7,3,0,1,2,2,N,N,40 02:38.425,75 03:12.394,1329, ,1327,2,1,3, , ,0,N, , , , ,140785, , , ,2,1,0,0,0,0,1,0,0,0,0,1,1,0,0,0,0,0,0,0,1,0,0,0,0,0,0,0,0,0,0,0,0,0,0,4,0,40.044,-75.0534, , 
 ,13006,2016062570,6,67,67301,2016,5,5,2112,21,3,1,0,1,1, , ,N,0,2,0,3,0,0,2,2,N, ,40 04:03.168,75 04:52.846,2123, ,2115, ,0, , , ,3, , , , , ,140787, , , ,2,1,0,0,0,0,1,0,0,0,0,0,0,0,1,0,0,0,0,0,0,0,0,0,0,0,0,0,0,0,0,0,0,0,0,9,0,40.0675,-75.0813, , 
 ,13007,2016062600,6,67,67301,2016,5,5,1545,15,1,1,0,1,1, , ,N,1,2,0,3,0,1,3,2,N,N,40 00:36.453,75 08:10.526,1555, ,1549, ,0, ,N, ,3, , , , , ,140788, , , ,2,2,0,0,0,0,0,0,0,0,0,1,1,0,0,0,0,0,0,0,2,0,0,0,0,0,0,0,0,0,0,0,0,0,0,4,0,40.0101,-75.1363, , 
 ,13008,2016063998,6,67,67301,2016,6,1,1405,14,1,1,0,4,1, , ,N,2,2,0,3,0,1,2,2,N, ,40 02:53.161,75 00:47.627,1413, ,1411,1,1,2, , ,3,Y, , , , ,140790, , , ,2,1,1,0,0,0,0,0,0,0,0,0,1,1,0,0,0,0,0,0,1,0,0,1,0,0,0,0,0,0,0,0,0,0,0,8,0,40.0481,-75.0132, , 
 ,13009,2016013295,6,67,67301,2016,1,4,1723,17,3,1,0,4,1, , ,N,1,2,0,3,0,0,2,3,N,N,39 57:47.401,75 11:58.714,1727, ,1725, ,0, ,N, ,3, , , , , ,140804, , , ,3,1,0,0,0,0,2,0,0,0,0,0,0,0,0,0,0,0,0,0,0,0,0,1,0,0,0,0,0,0,0,0,0,0,0,0,0,39.9632,-75.1996, , 
 ,13010,2016014431,6,67,67301,2016,1,1,9999,99,3,2,1,5,6, , ,N,0,0,0,3,0,0,2,2,N,N,40 02:09.843,75 07:39.627,300, ,9999, ,0, ,N, ,0, , , , , ,140805, , , ,2,2,0,0,0,0,0,0,0,0,0,0,0,0,0,0,0,0,0,0,0,0,0,1,0,0,0,0,0,0,0,0,0,0,0,0,0,40.0361,-75.1277, , 
 ,13011,2016019832,6,67,67301,2016,2,4,1705,17,3,2,1,4,1, , ,N,2,0,0,3,0,1,2,2,N, ,40 01:35.418,75 12:14.350,1715, ,1708, ,0, , , ,0, , , , , ,131937, , , ,2,1,0,0,0,0,0,1,0,0,0,0,1,1,0,0,0,0,0,0,0,0,1,0,0,0,0,0,0,0,0,0,0,0,0,8,0,40.0265,-75.204, , 
 ,13012,2016038285,6,67,67301,2016,4,4,1022,10,1,1,0,5,7, , ,N,7,0,2,3,0,2,2,2,N,N,39 55:56.854,75 12:00.596,1042, ,1032, ,0, , , ,0, , , , , ,131949, , , ,2,1,0,0,0,1,0,0,0,0,0,0,2,2,0,0,0,0,0,0,1,0,0,0,0,0,0,0,0,0,0,0,0,0,0,8,1,39.9325,-75.2002, , 
 ,13013,2016058582,6,67,67301,2016,5,4,1524,15,1,1,0,1,1, , ,N,1,2,0,3,0,1,2,2,N, ,40 04:10.663,75 03:02.466,1604, ,1555, ,0, , , ,3, , , , , ,131969, , , ,2,1,0,0,0,0,1,0,0,0,0,0,1,1,0,0,0,0,0,0,1,1,0,0,0,0,0,0,0,0,0,0,0,0,0,8,0,40.0695,-75.0506, , 
 ,13014,2016012703,6,67,67301,2016,1,1,1950,19,3,1,0,1,1, , ,N,0,0,0,3,0,1,5,4,N,N,39 58:51.025,75 12:22.047,1955, ,1950,1,1,4, , ,0,N, , , , ,131979, , , ,4,2,0,0,0,0,2,0,0,0,0,0,1,1,0,0,0,0,0,0,0,0,1,0,0,0,0,0,0,0,0,0,0,0,0,8,0,39.9808,-75.2061, , 
 ,13015,2016019313,6,67,67301,2016,1,5,242,2,3,1,0,7,4, , ,N,0,0,0,3,0,0,1,1,N,N,40 02:19.275,75 00:34.215,301, ,243, ,0, , , ,0, , , , , ,131985, , , ,1,1,0,0,0,0,0,0,0,0,0,0,0,0,1,0,0,0,0,0,0,0,0,0,0,0,0,0,0,0,0,0,0,0,0,9,0,40.0387,-75.0095, , 
 ,13016,2016019828,6,67,67301,2016,2,4,1625,16,1,2,1,1,1, , ,N,3,3,0,3,0,1,2,2,N, ,40 03:43.175,75 05:00.400,1639, ,1637, ,0, , , ,3, , , , , ,131986, , , ,2,0,0,0,1,0,1,0,0,0,0,0,1,1,0,0,0,0,0,0,0,0,0,0,0,0,0,0,0,0,0,0,0,0,0,8,0,40.062,-75.0834, , 
 ,13017,2016026140,6,67,67301,2016,2,7,419,4,3,1,0,4,1, , ,N,1,2,0,3,0,0,2,2,N,N,40 01:20.289,75 09:43.290,420, ,420, ,0, ,N, ,3, , , , , ,131991, , , ,2,1,0,0,0,0,1,0,0,0,0,0,0,0,0,0,0,0,0,0,1,0,0,0,0,0,0,0,0,0,0,0,0,0,0,0,0,40.0223,-75.162, , 
 ,13018,2016029882,6,67,67301,2016,3,6,850,8,1,4,1,4,1, , ,N,2,0,0,3,0,0,2,2,N, ,39 56:37.828,75 14:16.183,850, ,850, ,0, , , ,0, , , , , ,131996, , , ,2,1,0,0,0,0,0,1,0,0,0,0,0,0,1,0,0,0,0,0,1,0,0,0,0,0,0,0,0,0,0,0,0,0,0,9,0,39.9438,-75.2378, , 
 ,13019,2016048679,6,67,67301,2016,4,2,1710,17,1,1,0,4,1, , ,N,5,2,3,3,0,2,2,2,N,N,40 03:33.132,75 02:38.341,1724, ,1714, ,0, ,N, ,3, , , , , ,132014, , , ,2,2,0,0,0,0,0,0,0,0,0,2,2,0,0,0,0,0,0,0,2,0,0,0,0,0,0,0,0,0,0,0,0,0,0,4,0,40.0592,-75.044, , 
 ,13020,2016051228,6,67,67301,2016,1,6,1455,14,1,1,0,7,1, , ,N,0,0,0,3,0,0,1,1,N,N,39 58:58.413,75 05:56.032,0, ,0, ,0, ,N, ,0, , , , , ,132016, , , ,1,1,0,0,0,0,0,0,0,0,0,0,0,0,0,0,0,0,0,0,1,0,0,1,0,0,0,0,0,0,0,0,0,0,0,0,0,39.9829,-75.0989, , 
 ,13021,2016054236,6,67,67301,2016,5,2,929,9,1,1,0,1,1, , ,N,0,0,0,3,0,1,2,2,N,N,39 58:02.358,75 07:59.303,1006, ,943, ,0, , , ,0, , , , , ,132019, , , ,2,0,0,0,1,0,0,1,0,0,1,0,1,0,0,0,0,0,0,0,0,0,0,0,0,0,0,0,0,0,0,0,0,0,0,3,0,39.9673,-75.1331, , 