wz_ln_closure,objectid_1,crn,district,county,municipality,crash_year,crash_month,day_of_week,time_of_day,hour_of_day,illumination,weather,road_condition,collision_type,relation_to_road,work_zone_type,work_zone_loc,work_zone_ind,intersect_type,tcd_type,location_type,urban_rural,fatal_count,injury_count,person_count,total_units,sch_bus_ind,sch_zone_ind,latitude,longitude,arrival_tm,cons_zone_spd_lim,dispatch_tm,est_hrs_closed,lane_closed,ln_close_dir,ntfy_hiwy_maint,spec_juris_cd,tcd_func_cd,tfc_detour_ind,workers_pres,wz_close_detour,wz_flagger,wz_law_offcr_ind,objectid,wz_moving,wz_other,wz_shlder_mdn,vehicle_count,automobile_count,motorcycle_count,bus_count,small_truck_count,heavy_truck_count,suv_count,van_count,bicycle_count,maj_inj_count,mod_inj_count,min_inj_count,tot_inj_count,unk_inj_deg_count,unk_inj_per_count,driver_count_16yr,driver_count_17yr,driver_count_18yr,driver_count_19yr,driver_count_20yr,driver_count_50_64yr,driver_count_65_74yr,driver_count_75plus,unbelted_occ_count,unb_death_count,unb_maj_inj_count,belted_death_count,belted_maj_inj_count,mcycle_death_count,mcycle_maj_inj_count,bicycle_death_count,bicycle_maj_inj_count,ped_count,ped_death_count,ped_maj_inj_count,max_severity_level,comm_veh_count,dec_lat,dec_long,rdwy_surf_type_cd,county_name
 ,13088,2016016602,6,67,67301,2016,1,5,215,2,3,1,6,6,4, , ,N,0,0,0,3,0,1,2,2,N,N,40 00:57.017,75 10:12.605,222, ,221,1,1,2,N, ,0,N, , , , ,132178, , , ,2,0,0,0,0,0,0,2,0,0,0,1,1,0,0,0,0,0,0,0,0,0,0,0,0,0,0,0,0,0,0,0,0,0,0,4,0,40.0158,-75.1702, , 
 ,13089,2016029137,6,67,67301,2016,2,4,1446,14,1,1,0,5,1, , ,N,2,0,0,3,0,1,1,3,N, ,39 57:04.500,75 13:36.087,1448, ,1446,1,2,2, , ,0,Y, , , , ,132191, , , ,3,2,0,0,0,0,1,0,0,0,0,1,1,0,0,0,0,0,0,0,0,0,0,0,0,0,0,0,0,0,0,0,0,0,0,4,0,39.9513,-75.2267, , 
 ,13090,2016029915,6,67,67301,2016,3,4,1130,11,1,1,0,1,1, , ,N,1,2,0,3,0,1,3,2,N,N,39 57:47.164,75 09:58.469,1145, ,1135, ,0, ,N, ,3, , , , , ,132230, , , ,2,2,0,0,0,0,0,0,0,0,0,1,1,0,0,0,0,0,0,0,0,1,0,0,0,0,0,0,0,0,0,0,0,0,0,4,0,39.963,-75.1662, , 
 ,13091,2016031080,6,67,67301,2016,3,2,1118,11,1,1,0,1,1, , ,N,0,0,0,3,0,1,3,2,N,N,39 57:00.091,75 10:02.851,1210, ,1143, ,0, ,N, ,0, , , , , ,132235, , , ,2,1,0,0,0,0,0,1,0,0,0,1,1,0,0,0,0,0,1,0,0,0,0,0,0,0,0,0,0,0,0,0,0,0,0,4,0,39.95,-75.1675, , 
 ,13092,2016037784,6,67,67301,2016,3,7,2124,21,3,1,0,4,1, , ,N,1,2,0,3,0,0,1,4,N,N,39 56:22.120,75 10:47.362,2128, ,2124, ,0, ,N, ,3, , , , , ,132240, , , ,4,1,0,0,0,0,3,0,0,0,0,0,0,0,0,0,0,0,0,0,0,0,0,0,0,0,0,0,0,0,0,0,0,0,0,0,0,39.9395,-75.1798, , 
 ,13093,2016043202,6,67,67301,2016,4,4,1454,14,1,1,0,1,1, , ,N,6,0,2,3,0,1,4,3,N,N,40 02:45.429,75 00:06.477,1527, ,1504,2,1,2, , ,0,N, , , , ,132248, , , ,3,2,0,0,1,0,0,0,0,0,0,1,1,0,0,0,0,0,1,0,0,1,0,0,0,0,0,0,0,0,0,0,0,0,0,4,0,40.046,-75.0018, , 
 ,13094,2016053682,6,67,67301,2016,5,7,115,1,3,2,1,5,6, , ,N,0,0,0,3,0,0,2,3,N,N,39 59:11.514,75 07:24.398,134, ,133, ,0, ,N, ,0, , , , , ,132258, , , ,3,2,0,0,0,0,1,0,0,0,0,0,0,0,1,0,0,0,0,0,0,0,0,1,0,0,0,0,0,0,0,0,0,0,0,9,0,39.9865,-75.1234, , 
 ,13095,2016019170,6,67,67301,2016,2,2,1700,17,4,2,1,8,1, , ,N,1,3,0,3,0,1,3,3,N,N,39 57:46.951,75 14:11.457,1727, ,1722, ,0, , , ,3, , , , , ,132272, , , ,1,1,0,0,0,0,0,0,0,0,0,0,1,1,0,0,0,0,0,0,0,0,0,1,0,0,0,0,0,0,0,0,2,0,0,8,0,39.963,-75.2365, , 
 ,13096,2016028330,6,67,67301,2016,2,7,1537,15,1,1,0,1,1, , ,N,1,2,0,3,0,2,3,2,N, ,40 03:25.064,75 05:18.129,1615, ,1611, ,0, , , ,3, , , , , ,132281, , , ,2,2,0,0,0,0,0,0,0,2,0,0,2,0,0,0,0,0,0,0,0,0,0,0,0,0,0,0,0,0,0,0,0,0,0,2,0,40.057,-75.0884, , 
 ,13097,2016033833,6,67,67301,2016,3,4,1631,16,1,1,0,4,1, , ,N,5,2,2,3,0,1,3,2,N,N,39 57:25.881,75 08:31.297,1633, ,1631, ,0, ,N, ,3, , , , , ,132286, , , ,2,1,0,0,0,0,1,0,0,0,0,1,1,0,0,0,0,0,0,0,0,0,0,2,0,0,0,0,0,0,0,0,0,0,0,4,0,39.9572,-75.142, , 
 ,13098,2016036372,6,67,67301,2016,2,1,1417,14,1,1,0,4,1, , ,N,1,2,0,3,0,1,2,2,N,N,39 59:22.684,75 06:26.572,1322, ,1320, ,0, ,N, ,3, , , , , ,132290, , , ,2,2,0,0,0,0,0,0,0,0,0,0,1,1,0,0,0,0,0,0,0,1,0,0,0,0,0,0,0,0,0,0,0,0,0,8,0,39.9896,-75.1074, , 
 ,13099,2016040996,6,67,67301,2016,3,5,1832,18,4,1,0,8,1, , ,N,0,0,0,3,0,1,2,2,N,N,40 00:19.342,75 09:26.900,1840, ,1835,9,2,6, , ,0,N, , , , ,132296, , , ,1,1,0,0,0,0,0,0,0,0,0,0,1,1,0,0,0,0,0,0,0,0,0,1,0,0,0,0,0,0,0,0,1,0,0,8,0,40.0054,-75.1575, , 
 ,13100,2016043295,6,67,67301,2016,3,4,808,8,1,1,0,5,1, , ,N,0,0,7,3,0,0,3,2,N,N,40 00:16.504,75 13:09.067,820, ,808, ,0, ,N, ,0, , , , , ,132302, , , ,2,1,0,0,0,0,1,0,0,0,0,0,0,0,0,0,0,1,0,0,0,0,0,0,0,0,0,0,0,0,0,0,0,0,0,0,0,40.0046,-75.2192, , 
 ,13101,2016044561,6,67,67301,2016,4,6,2000,20,3,1,0,8,1, , ,N,5,2,0,3,0,1,5,2,N,N,39 56:53.405,75 13:16.524,2012, ,2010, ,0, , , ,3, , , , , ,132304, , , ,1,1,0,0,0,0,0,0,0,0,0,1,1,0,0,0,0,0,0,0,0,0,0,0,0,0,0,0,0,0,0,0,1,0,0,4,0,39.9482,-75.2212, , 
 ,13102,2016013899,6,67,67301,2016,1,6,1312,13,1,1,0,5,1, , ,N,2,0,0,3,0,3,3,2,N,N,40 02:11.850,75 04:20.453,1323, ,1323, ,0, ,N, ,0, , , , , ,132321, , , ,2,1,0,0,0,0,1,0,0,0,0,3,3,0,0,0,0,0,0,0,0,0,0,0,0,0,0,0,0,0,0,0,0,0,0,4,0,40.0366,-75.0723, , 
 ,13103,2016010948,6,67,67301,2016,1,1,713,7,5,1,1,1,1, , ,N,0,0,0,3,0,0,2,2,N,N,40 01:00.789,75 03:00.878,722, ,715,1,1,1, , ,0,Y, , , , ,135449, , , ,2,2,0,0,0,0,0,0,0,0,0,0,0,0,0,0,0,0,0,0,0,0,0,0,0,0,0,0,0,0,0,0,0,0,0,0,0,40.0169,-75.0502, , 
 ,13104,2016014029,6,67,67301,2016,1,6,602,6,3,1,0,8,1, , ,N,1,3,0,3,0,1,2,2,N,N,39 58:19.167,75 08:58.689,612, ,606, ,0, ,N, ,3, , , , , ,135453, , , ,1,0,0,0,0,0,1,0,0,0,0,0,1,1,0,0,0,0,0,0,1,0,0,0,0,0,0,0,0,0,0,0,1,0,0,8,0,39.972,-75.1496, , 
 ,13105,2016019317,6,67,67301,2016,1,3,2122,21,3,1,0,7,4, , ,N,0,0,0,3,0,0,2,1,N,N,40 00:33.906,75 12:25.210,2133, ,2122,1,2,3, , ,0,N, , , , ,135457, , , ,1,1,0,0,0,0,0,0,0,0,0,0,0,0,0,0,0,0,0,0,0,0,0,0,0,0,0,0,0,0,0,0,0,0,0,0,0,40.0094,-75.207, , 
 ,13106,2016019779,6,67,67301,2016,2,4,120,1,3,1,0,2,1, , ,N,0,0,0,3,0,2,3,2,N,N,40 02:28.989,75 10:45.818,125, ,122, ,0, , , ,0, , , , , ,135458, , , ,2,1,0,0,0,0,0,1,0,0,0,2,2,0,0,0,0,0,0,0,0,0,0,0,0,0,0,0,0,0,0,0,0,0,0,4,0,40.0414,-75.1794, , 
 ,13107,2016067828,6,67,67301,2016,6,1,9999,99,1,1,0,1,1, , ,N,0,2,7,3,0,2,3,2,N,N,40 06:16.480,75 00:08.268,0, ,9999,1,1,2,N, ,3,N, , , , ,135486, , , ,2,2,0,0,0,0,0,0,0,0,0,2,2,0,0,0,0,0,0,0,1,0,0,0,0,0,0,0,0,0,0,0,0,0,0,4,0,40.1046,-75.0023, , 
 ,13108,2016007482,6,67,67301,2016,1,7,1125,11,1,1,0,4,1, , ,N,1,3,0,3,0,1,2,2,N,N,40 00:42.501,75 06:35.945,1130, ,1127,1,1,3,N, ,3,N, , , , ,135497, , , ,2,1,0,0,1,0,0,0,0,0,0,1,1,0,0,0,0,0,0,0,1,0,1,0,0,0,0,0,0,0,0,0,0,0,0,4,0,40.0118,-75.11, , 
 ,13109,2016013812,6,67,67301,2016,1,1,517,5,3,1,0,4,1, , ,N,1,2,0,3,0,1,2,2,N,N,39 59:17.836,75 09:32.867,523, ,517, ,0, ,N, ,3, , , , , ,135500, , , ,2,0,0,0,0,0,2,0,0,0,0,0,1,1,0,0,0,0,0,0,0,0,0,0,0,0,0,0,0,0,0,0,0,0,0,8,0,39.9883,-75.1591, , 
 ,13110,2016013915,6,67,67301,2016,1,1,240,2,3,1,0,4,1, , ,N,1,2,0,3,0,2,2,2,N,N,39 58:46.036,75 13:31.401,343, ,340, ,0, ,N, ,3, , , , , ,135501, , , ,2,1,0,0,0,0,1,0,0,0,0,0,2,2,0,0,0,0,0,0,0,0,0,0,0,0,0,0,0,0,0,0,0,0,0,8,0,39.9794,-75.2253, , 
 ,13111,2016013985,6,67,67301,2016,1,6,2022,20,3,1,8,8,1, , ,N,0,0,0,3,0,1,2,2,N, ,40 00:34.435,75 09:03.827,2110, ,2104, ,0, , , ,0, , , , , ,135502, , , ,1,0,0,0,0,0,0,0,0,1,0,0,1,0,0,0,0,0,0,0,0,0,0,0,0,0,0,0,0,0,0,0,1,0,1,2,0,40.0096,-75.1511, , 
 ,13112,2016044531,6,67,67301,2016,4,2,9999,99,1,1,0,5,6, , ,N,0,0,0,3,0,0,2,2,N,N,39 59:34.846,75 06:49.246,1245, ,1245, ,0, ,N, ,0, , , , , ,135525, , , ,2,0,0,0,0,0,2,0,0,0,0,0,0,0,0,0,0,0,0,0,0,0,0,2,0,0,0,0,0,0,0,0,0,0,0,0,0,39.993,-75.1137, , 
 ,13113,2016050873,6,67,67301,2016,4,2,934,9,1,1,0,4,1, , ,N,2,2,2,3,0,1,2,2,Y,N,40 00:01.112,75 05:01.173,940, ,934, ,0, ,N, ,3, , , , , ,135530, , , ,2,1,0,1,0,0,0,0,0,0,0,0,1,1,0,0,0,0,0,0,0,0,0,0,0,0,0,0,0,0,0,0,0,0,0,8,1,40.0003,-75.0837, , 
 ,13114,2016063996,6,67,67301,2016,6,1,1100,11,1,1,0,4,1, , ,N,1,2,0,3,0,2,2,2,N, ,39 58:02.378,75 14:44.992,1130, ,1130,3,1,4, , ,3,N, , , , ,135536, , , ,2,1,0,0,0,0,1,0,0,0,0,2,2,0,0,0,0,0,0,0,1,0,0,0,0,0,0,0,0,0,0,0,0,0,0,4,0,39.9673,-75.2457, , 
 ,13115,2016019213,6,67,67301,2016,1,7,757,7,1,1,0,5,1, , ,N,0,0,2,3,0,0,2,2,N,N,39 56:19.143,75 08:35.228,811, ,757,1,1,2, , ,0,N, , , , ,135555, , , ,2,1,0,0,0,1,0,0,0,0,0,0,0,0,0,0,0,0,0,0,0,0,0,0,0,0,0,0,0,0,0,0,0,0,0,0,1,39.9387,-75.1431, , 
 ,13116,2016028794,6,67,67301,2016,2,7,1525,15,1,1,0,7,5, , ,N,0,0,2,3,0,1,1,1,N,N,39 59:18.115,75 05:18.040,1546, ,1525, ,0, , , ,0, , , , , ,135569, , , ,1,1,0,0,0,0,0,0,0,0,0,0,1,1,0,0,0,0,0,0,0,0,0,0,0,0,0,0,0,0,0,0,0,0,0,8,0,39.9884,-75.0883, , 
 ,13117,2016048647,6,67,67301,2016,4,2,1640,16,1,1,0,4,1, , ,N,1,3,0,3,0,0,2,2,N, ,40 00:33.750,75 06:13.766,1730, ,1720, ,0, , , ,3, , , , , ,135582, , , ,2,1,1,0,0,0,0,0,0,0,0,0,0,0,0,0,0,0,0,1,0,0,0,1,0,0,0,0,0,0,0,0,0,0,0,0,0,40.0094,-75.1038, , 
 ,13118,2016013297,6,67,67301,2016,1,6,1904,19,3,2,1,1,1, , ,N,0,2,0,3,0,1,3,3,N,N,40 04:14.162,75 11:05.030,1958, ,1947, ,0, ,N, ,3, , , , , ,135599, , , ,3,1,0,0,0,0,2,0,0,0,0,0,1,1,0,0,0,0,0,0,0,0,0,0,0,0,0,0,0,0,0,0,0,0,0,8,0,40.0706,-75.1847, , 
 ,13119,2016036422,6,67,67301,2016,3,5,843,8,1,1,0,4,1, , ,N,1,2,0,3,0,1,2,3,N, ,39 59:00.430,75 06:19.637,853, ,843,3,2,6, , ,3,Y, , , , ,135617, , , ,3,1,0,0,0,0,1,1,0,0,0,1,1,0,1,0,0,0,0,0,0,0,0,0,0,0,0,0,0,0,0,0,0,0,0,4,0,39.9835,-75.1055, , 
 ,13120,2016052156,6,67,67301,2016,3,2,1615,16,1,1,0,1,1, , ,N,0,2,0,3,0,1,2,2, , ,40 01:32.235,75 07:20.819,0, ,0, ,0, , , ,3, , , , , ,135631, , , ,2,1,0,0,1,0,0,0,0,0,0,0,1,1,1,0,0,0,0,0,1,0,0,0,0,0,0,0,0,0,0,0,0,0,0,8,0,40.0256,-75.1224, , 
 ,13121,2016030111,6,67,67301,2016,3,7,1837,18,2,1,0,5,1, , ,N,0,0,0,3,0,4,9,3,N,N,39 53:16.598,75 12:13.276,1845, ,1821,2,1,2, , ,0,N, , , , ,138890, , , ,3,1,0,0,0,0,2,0,0,0,4,0,4,0,3,0,0,0,0,0,0,0,0,0,0,0,0,0,0,0,0,0,0,0,0,3,0,39.8879,-75.2037, , 
 ,13122,2016033911,6,67,67301,2016,3,3,1640,16,1,1,0,8,1, , ,N,0,0,0,3,0,1,2,2,N,N,39 55:30.795,75 09:33.112,1655, ,1652,1,2,2,N, ,0,Y, , , , ,138896, , , ,1,0,0,0,0,0,0,1,0,0,0,1,1,0,0,0,0,0,0,0,0,0,0,0,0,0,0,0,0,0,0,0,1,0,0,4,0,39.9252,-75.1592, , 
 ,13123,2016045741,6,67,67301,2016,5,5,1430,14,1,1,0,4,1, , ,N,1,2,0,3,0,1,2,2,N,N,39 57:20.190,75 11:22.129,1620, ,1614, ,0, ,N, ,3, , , , , ,138904, , , ,1,1,0,0,0,0,0,0,1,0,0,1,1,0,1,0,0,0,0,0,0,0,0,0,0,0,0,0,0,0,0,0,0,0,0,4,0,39.9556,-75.1895, , 
 ,13124,2016054179,6,67,67301,2016,5,4,1634,16,1,1,2,8,1, , ,N,0,0,0,3,0,1,2,2,N, ,39 59:37.976,75 06:32.148,2357, ,2351, ,0, , , ,0, , , , , ,138912, , , ,1,1,0,0,0,0,0,0,0,0,0,1,1,0,1,0,0,0,0,0,0,0,0,0,0,0,0,0,0,0,0,0,1,0,0,4,0,39.9939,-75.1089, , 
 ,13125,2016017043,6,67,67301,2016,1,3,1812,18,3,1,0,1,1, , ,N,1,2,0,3,0,1,5,2,N, ,39 57:33.918,75 14:43.386,1817, ,1815, ,0, , , ,9, , , , , ,138923, , , ,2,1,0,0,0,0,0,1,0,0,0,1,1,0,0,0,0,0,0,0,0,0,0,0,0,0,0,0,0,0,0,0,0,0,0,4,0,39.9594,-75.2453, , 
 ,13126,2016031072,6,67,67301,2016,2,2,1610,16,1,1,0,4,1, , ,N,1,3,0,3,0,0,6,3,N, ,39 56:29.551,75 09:49.528,1629, ,1621,2,1,4, , ,3,Y, , , , ,138934, , , ,3,1,0,0,0,0,1,1,0,0,0,0,0,0,0,0,0,0,0,0,0,0,0,0,0,0,0,0,0,0,0,0,0,0,0,0,0,39.9415,-75.1638, , 
 ,13127,2016038183,6,67,67301,2016,3,2,2147,21,3,2,1,7,2, , ,N,0,0,0,3,0,0,5,4,N,N,40 01:48.689,75 11:15.905,2159, ,2148,3,2,2,N, ,0,Y, , , , ,138940, , , ,4,1,0,0,0,0,3,0,0,0,0,0,0,0,0,0,0,0,0,1,1,1,0,0,0,0,0,0,0,0,0,0,0,0,0,0,0,40.0302,-75.1878, , 
 ,13128,2016041041,6,67,67301,2016,4,2,1605,16,1,2,1,4,1, , ,N,2,2,0,3,0,1,2,2,N,N,40 06:27.307,75 03:13.453,1645, ,1642, ,0, ,N, ,3, , , , , ,138943, , , ,2,2,0,0,0,0,0,0,0,0,0,1,1,0,0,0,0,0,0,0,1,0,0,0,0,0,0,0,0,0,0,0,0,0,0,4,0,40.1076,-75.0537, , 
 ,13129,2016065629,6,67,67301,2016,6,7,1800,18,1,1,0,4,1, , ,N,1,3,0,3,0,2,2,2,N, ,40 01:19.120,75 06:53.578,1815, ,1813, ,0, , , ,3, , , , , ,138957, , , ,2,2,0,0,0,0,0,0,0,0,0,2,2,0,0,0,0,0,0,0,1,0,0,0,0,0,0,0,0,0,0,0,0,0,0,4,0,40.022,-75.1149, , 
 ,13130,2016070244,6,67,67301,2016,6,6,140,1,3,1,0,2,1, , ,N,0,0,0,3,0,2,4,2,N,N,39 57:53.552,75 09:38.865,153, ,153,4,2,5,N, ,0,Y, , , , ,138959, , , ,1,1,0,0,0,0,0,0,1,1,0,1,2,0,0,0,0,0,0,0,0,0,0,0,0,0,0,0,0,0,0,1,0,0,0,2,0,39.9649,-75.1608, , 
 ,13131,2016004283,6,67,67301,2016,1,6,1426,14,1,1,0,1,1, , ,N,0,0,0,3,0,2,4,3,N,N,40 02:58.169,74 59:45.492,1442, ,1426,1,1,2,N, ,0,N, , , , ,138966, , , ,3,2,0,0,0,0,1,0,0,0,0,0,2,2,0,0,0,0,0,0,0,0,0,1,0,0,0,0,0,0,0,0,0,0,0,8,0,40.0495,-74.996, , 
 ,13132,2016014023,6,67,67301,2016,1,4,803,8,1,1,0,4,1, , ,N,2,3,0,3,0,0,2,2,N,N,39 54:35.700,75 11:05.900,805, ,803, ,0, ,N, ,3, , , , , ,138979, , , ,2,1,0,0,0,0,1,0,0,0,0,0,0,0,0,0,1,0,0,0,0,0,0,0,0,0,0,0,0,0,0,0,0,0,0,0,0,39.9099,-75.185, , 
 ,13133,2016029945,6,67,67301,2016,3,4,2120,21,3,1,0,3,1, , ,N,1,2,0,3,0,1,2,2,N, ,39 57:14.230,75 09:34.171,2138, ,2135, ,0, , , ,3, , , , , ,138999, , , ,1,1,0,0,0,0,0,0,1,0,0,1,1,0,1,0,0,0,0,0,0,0,0,0,0,0,0,0,0,0,0,0,0,0,0,4,0,39.9539,-75.1595, , 
 ,13134,2016040987,6,67,67301,2016,4,1,250,2,3,1,0,4,1, , ,N,1,3,0,3,0,1,2,2,N, ,39 59:48.062,75 08:21.127,302, ,302, ,0, , , ,3, , , , , ,139040, , , ,2,2,0,0,0,0,0,0,0,0,1,0,1,0,0,0,0,0,0,0,0,0,0,0,0,0,0,0,0,0,0,0,0,0,0,3,0,39.9967,-75.1392, , 
 ,13135,2016047029,6,67,67301,2016,4,1,320,3,3,1,0,1,1, , ,N,0,0,0,3,0,1,2,2,N,N,40 01:29.740,75 07:34.438,346, ,340,1,1,1,N, ,0,N, , , , ,139047, , , ,2,1,0,0,0,0,1,0,0,0,0,0,1,1,0,0,0,0,0,0,0,0,0,0,0,0,0,0,0,0,0,0,0,0,0,8,0,40.0249,-75.1262, , 
 ,13136,2016003718,6,46,46102,2016,1,4,20,0,3,1,0,1,1, , ,N,0,0,0,3,0,1,2,2,N,N,40 04:00.671,75 08:44.009,27, ,22,1,2,4,N, ,0,N, , , , ,139060, , , ,2,1,0,0,1,0,0,0,0,0,0,1,1,0,0,0,0,0,0,0,0,0,0,0,0,0,0,0,0,0,0,0,0,0,0,4,0,40.0669,-75.1456, , 
 ,13137,2016005584,6,67,67301,2016,1,6,25,0,3,1,0,4,1, , ,N,1,2,0,3,0,0,2,3,N,N,39 57:28.076,75 09:36.864,29, ,29,1,1,4,N, ,3,Y, , , , ,139064, , , ,3,2,0,0,1,0,0,0,0,0,0,0,0,0,0,0,0,0,0,0,1,0,0,0,0,0,0,0,0,0,0,0,0,0,0,0,0,39.9578,-75.1602, , 
 ,13138,2016019788,6,67,67301,2016,1,4,1256,12,1,1,0,4,1, , ,N,2,0,0,3,0,2,3,2,N,N,39 57:09.867,75 14:26.480,1256, ,1256, ,0, ,N, ,0, , , , , ,139076, , , ,2,1,0,0,0,0,1,0,0,0,0,0,2,2,0,0,0,0,0,0,1,0,0,0,0,0,0,0,0,0,0,0,0,0,0,8,0,39.9527,-75.2407, , 
 ,13139,2016044579,6,67,67301,2016,4,7,756,7,1,1,0,4,1, , ,N,1,2,0,3,0,0,2,2,N,N,40 04:51.101,75 01:42.607,810, ,759,1,1,1,N, ,3,N, , , , ,141364, , , ,2,1,0,0,0,0,0,1,0,0,0,0,0,0,0,0,0,0,0,0,0,0,0,0,0,0,0,0,0,0,0,0,0,0,0,0,0,40.0808,-75.0286, , 
 ,13140,2016013969,6,67,67301,2016,1,7,1723,17,4,1,0,1,1, , ,N,0,2,0,3,0,0,3,3,N,N,40 02:08.175,75 10:29.939,1740, ,1739, ,0, ,N, ,3, , , , , ,141385, , , ,3,2,0,0,0,0,0,0,0,0,0,0,0,0,0,0,0,0,0,0,0,0,0,0,0,0,0,0,0,0,0,0,0,0,0,0,0,40.0356,-75.175, , 
 ,13141,2016046143,6,67,67301,2016,4,5,1130,11,1,1,0,5,1, , ,N,0,0,0,3,0,1,2,2,N,N,40 03:22.882,75 03:12.114,1435, ,1430, ,0, ,N, ,0, , , , , ,141413, , , ,2,1,0,0,0,0,1,0,0,0,0,0,1,1,0,0,0,0,0,0,1,0,0,1,0,0,0,0,0,0,0,0,0,0,0,8,0,40.0564,-75.0534, , 
 ,13142,2016013734,6,67,67301,2016,1,5,1000,10,1,1,0,4,1, , ,N,1,3,0,3,0,1,2,2,N,N,40 00:15.800,75 09:43.491,1007, ,957,1,1,2, , ,3,N, , , , ,141435, , , ,2,1,0,0,0,0,1,0,0,0,0,1,1,0,0,0,0,0,0,0,2,0,0,0,0,0,0,0,0,0,0,0,0,0,0,4,0,40.0044,-75.1621, , 
 ,13143,2016017010,6,67,67301,2016,1,6,2050,20,3,4,3,5,6, , ,N,0,0,0,3,0,0,1,2,N, ,40 05:57.491,74 59:09.811,2054, ,2052, ,0, , , ,0, , , , , ,141440, , , ,2,2,0,0,0,0,0,0,0,0,0,0,0,0,0,0,0,0,0,0,0,0,1,0,0,0,0,0,0,0,0,0,0,0,0,0,0,40.0993,-74.9861, , 
 ,13144,2016029829,6,67,67301,2016,2,2,1639,16,1,1,0,1,1, , ,N,0,0,0,3,0,0,2,2,N,N,40 02:28.824,75 02:56.201,1649, ,1641, ,0, ,N, ,0, , , , , ,141455, , , ,2,1,0,0,0,0,1,0,0,0,0,0,0,0,1,0,0,0,0,0,2,0,0,0,0,0,0,0,0,0,0,0,0,0,0,9,0,40.0413,-75.0489, , 
 ,13145,2016040964,6,67,67301,2016,3,2,2035,20,3,1,0,8,1, , ,N,0,0,0,3,0,1,2,2,N,N,39 57:02.163,75 14:23.319,2102, ,2058, ,0, ,N, ,0, , , , , ,141463, , , ,1,0,0,0,1,0,0,0,0,0,0,0,1,1,0,0,0,0,0,0,0,1,0,0,0,0,0,0,0,0,0,0,1,0,0,8,0,39.9506,-75.2398, , 
 ,13146,2016042348,6,67,67301,2016,4,5,1639,16,1,1,0,1,1, , ,N,0,0,0,3,0,0,7,3,N,N,39 55:21.357,75 08:51.994,1654, ,1647,1,2,2, , ,0,N, , , , ,141465, , , ,3,2,0,0,0,0,1,0,0,0,0,0,0,0,0,0,0,0,0,1,0,0,0,0,0,0,0,0,0,0,0,0,0,0,0,0,0,39.9226,-75.1478, , 
 ,13147,2016022017,6,67,67301,2016,2,7,1230,12,1,1,0,4,1, , ,N,1,0,0,3,0,0,3,3,N, ,39 58:04.242,75 13:41.404,1240, ,1236,3,2,2, , ,0,Y, , , , ,141486, , , ,3,3,0,0,0,0,0,0,0,0,0,0,0,0,0,0,0,0,0,0,1,1,0,0,0,0,0,0,0,0,0,0,0,0,0,0,0,39.9678,-75.2282, , 
 ,13148,2016029937,6,67,67301,2016,2,6,2058,20,3,1,0,2,1, , ,N,3,0,0,3,0,2,2,2,N,N,39 55:37.231,75 14:36.560,2102, ,2100,3,2,6,N, ,0,Y, , , , ,141495, , , ,2,1,0,0,0,0,1,0,0,1,0,0,2,1,0,0,0,0,0,0,0,1,0,1,0,0,0,1,0,0,0,0,0,0,0,2,0,39.927,-75.2435, , 
 ,13149,2016038295,6,67,67301,2016,4,4,736,7,1,1,0,1,1, , ,N,0,0,0,3,0,0,3,3,N,N,40 00:18.503,75 04:33.074,801, ,746, ,0, , , ,0, , , , , ,141498, , , ,3,2,0,0,0,0,1,0,0,0,0,0,0,0,0,0,0,0,0,0,1,0,0,0,0,0,0,0,0,0,0,0,0,0,0,0,0,40.0051,-75.0759, , 
 ,13150,2016041000,6,67,67301,2016,4,1,1305,13,1,1,0,8,1, , ,N,1,3,0,3,0,1,2,2,N,N,39 56:27.402,75 09:03.423,1325, ,1315, ,0, ,N, ,3, , , , , ,141501, , , ,1,1,0,0,0,0,0,0,0,0,0,1,1,0,0,0,0,0,0,0,1,0,0,0,0,0,0,0,0,0,0,0,1,0,0,4,0,39.9409,-75.151, , 
 ,13151,2016053820,6,67,67301,2016,5,5,1516,15,1,1,0,4,1, , ,N,1,0,1,3,0,1,2,2,N,N,39 58:14.108,75 09:03.120,1526, ,1526,3,2,7,N, ,0,Y, , , , ,141509, , , ,2,0,0,0,0,0,1,0,0,1,0,0,1,0,0,0,0,0,0,0,1,0,0,0,0,0,0,1,0,0,0,0,0,0,0,2,0,39.9705,-75.151, , 
 ,13152,2016058676,6,67,67301,2016,5,7,820,8,1,1,0,2,6, , ,N,0,0,0,3,0,0,1,4,N,N,39 57:24.829,75 14:38.569,827, ,824,2,2,3, , ,0,Y, , , , ,141511, , , ,4,4,0,0,0,0,0,0,0,0,0,0,0,0,0,0,0,0,0,0,0,0,0,0,0,0,0,0,0,0,0,0,0,0,0,0,0,39.9569,-75.244, , 
 ,13153,2016007595,6,67,67301,2016,1,7,1242,12,1,1,0,4,1, , ,N,1,3,0,3,0,0,2,2,N,N,40 02:10.284,75 02:06.363,1252, ,1247, ,0, ,N, ,3, , , , , ,141524, , , ,2,1,0,0,0,0,0,0,0,0,0,0,0,0,0,0,0,0,0,0,0,0,0,0,0,0,0,0,0,0,0,0,0,0,0,0,0,40.0362,-75.0351, , 
 ,13154,2016013872,6,67,67301,2016,1,6,44,0,3,1,0,5,1, , ,N,2,0,0,3,0,0,1,3,N,N,40 02:22.122,75 09:54.677,48, ,45, ,0, ,N, ,0, , , , , ,141530, , , ,3,2,0,0,0,0,1,0,0,0,0,0,0,0,0,0,0,0,0,0,0,0,0,0,0,0,0,0,0,0,0,0,0,0,0,0,0,40.0395,-75.1652, , 