wz_ln_closure,objectid_1,crn,district,county,municipality,crash_year,crash_month,day_of_week,time_of_day,hour_of_day,illumination,weather,road_condition,collision_type,relation_to_road,work_zone_type,work_zone_loc,work_zone_ind,intersect_type,tcd_type,location_type,urban_rural,fatal_count,injury_count,person_count,total_units,sch_bus_ind,sch_zone_ind,latitude,longitude,arrival_tm,cons_zone_spd_lim,dispatch_tm,est_hrs_closed,lane_closed,ln_close_dir,ntfy_hiwy_maint,spec_juris_cd,tcd_func_cd,tfc_detour_ind,workers_pres,wz_close_detour,wz_flagger,wz_law_offcr_ind,objectid,wz_moving,wz_other,wz_shlder_mdn,vehicle_count,automobile_count,motorcycle_count,bus_count,small_truck_count,heavy_truck_count,suv_count,van_count,bicycle_count,maj_inj_count,mod_inj_count,min_inj_count,tot_inj_count,unk_inj_deg_count,unk_inj_per_count,driver_count_16yr,driver_count_17yr,driver_count_18yr,driver_count_19yr,driver_count_20yr,driver_count_50_64yr,driver_count_65_74yr,driver_count_75plus,unbelted_occ_count,unb_death_count,unb_maj_inj_count,belted_death_count,belted_maj_inj_count,mcycle_death_count,mcycle_maj_inj_count,bicycle_death_count,bicycle_maj_inj_count,ped_count,ped_death_count,ped_maj_inj_count,max_severity_level,comm_veh_count,dec_lat,dec_long,rdwy_surf_type_cd,county_name
 ,13488,2016051338,6,67,67301,2016,5,5,2124,21,2,1,0,4,1, , ,N,0,0,0,3,0,0,2,2,N,N,40 00:18.780,75 11:47.258,2202, ,2125,1,1,3, , ,0,N, , , , ,174490, , , ,2,1,0,0,0,1,0,0,0,0,0,0,0,0,0,0,0,0,0,0,0,0,0,0,0,0,0,0,0,0,0,0,0,0,0,0,0,40.0052,-75.1965, , 
N,13489,2016052944,6,67,67301,2016,5,5,2026,20,3,1,0,1,1,1,2,Y,0,0,0,3,0,1,2,2,N,N,40 01:56.539,75 01:16.226,2112,45,2036, ,0, , , ,0, ,N,N,N,N,174492,N,Y,N,2,2,0,0,0,0,0,0,0,0,1,0,1,0,0,0,0,0,0,0,0,0,0,0,0,0,0,0,0,0,0,0,0,0,0,3,0,40.0324,-75.0212, , 
 ,13490,2016068689,6,67,67301,2016,6,1,2010,20,4,1,0,8,1, , ,N,0,0,0,3,0,2,3,3,N,N,39 56:23.287,75 13:23.030,2012, ,2010, ,0, ,N, ,0, , , , , ,174500, , , ,1,0,0,0,0,0,1,0,0,0,0,2,2,0,0,0,0,0,0,0,0,0,0,0,0,0,0,0,0,0,0,0,2,0,0,4,0,39.9398,-75.2231, , 
 ,13491,2016031084,6,67,67301,2016,3,3,1831,18,4,1,0,8,1, , ,N,0,0,0,3,0,2,2,2,N,N,39 57:15.493,75 10:35.805,1906, ,1858, ,0, , , ,0, , , , , ,174515, , , ,1,0,1,0,0,0,0,0,0,1,0,1,2,0,0,0,0,0,0,0,0,0,0,0,0,0,0,0,0,0,0,0,1,0,1,2,0,39.9543,-75.1766, , 
 ,13492,2016032110,6,67,67301,2016,3,4,1600,16,1,1,0,7,5, , ,N,0,0,0,3,0,1,1,1,N, ,39 57:45.943,75 11:53.984,1611, ,1609, ,0, , , ,0, , , , , ,174516, , , ,1,1,0,0,0,0,0,0,0,0,0,0,1,1,0,0,0,0,0,0,0,0,0,0,0,0,0,0,0,0,0,0,0,0,0,8,0,39.9628,-75.1983, , 
 ,13493,2016044518,6,67,67301,2016,4,4,730,7,1,1,0,4,1, , ,N,1,3,0,3,0,1,3,2,N,N,40 01:44.684,75 06:54.442,745, ,730, ,0, ,N, ,3, , , , , ,174525, , , ,2,1,0,0,1,0,0,0,0,0,0,1,1,0,0,0,0,0,0,0,0,0,0,2,0,0,0,0,0,0,0,0,0,0,0,4,0,40.0291,-75.1151, , 
 ,13494,2016044530,6,67,67301,2016,4,5,1300,13,1,2,1,4,1, , ,N,1,2,0,3,0,1,4,2,N, ,40 00:20.401,75 08:53.861,1310, ,1302, ,0, , , ,3, , , , , ,174526, , , ,2,2,0,0,0,0,0,0,0,0,0,0,1,1,1,0,0,0,0,0,1,0,0,0,0,0,0,0,0,0,0,0,0,0,0,8,0,40.0057,-75.1483, , 
 ,13495,2016056022,6,67,67301,2016,5,6,1715,17,1,1,0,5,1, , ,N,1,2,0,3,0,3,4,3,N,N,39 59:11.018,75 10:10.592,1740, ,1718, ,0, , , ,3, , , , , ,174537, , , ,3,3,0,0,0,0,0,0,0,0,0,2,3,1,0,0,0,0,0,0,1,0,0,0,0,0,0,0,0,0,0,0,0,0,0,4,0,39.9864,-75.1696, , 
 ,13496,2016014541,6,67,67301,2016,1,5,210,2,3,1,0,5,1, , ,N,0,0,0,3,0,3,4,3,N,N,39 56:10.954,75 11:57.915,216, ,211,2,2,6, , ,0,N, , , , ,174554, , , ,3,0,0,0,1,0,2,0,0,0,0,1,3,2,0,0,0,0,0,0,0,0,0,0,0,0,0,0,0,0,0,0,0,0,0,4,0,39.9364,-75.1994, , 
 ,13497,2016019790,6,67,67301,2016,1,3,854,8,1,1,0,4,1, , ,N,1,2,0,3,0,0,2,2,N,N,39 57:17.622,75 12:31.637,900, ,854, ,0, ,N, ,1, , , , , ,174559, , , ,2,1,0,0,0,0,1,0,0,0,0,0,0,0,0,0,0,0,0,0,0,1,0,0,0,0,0,0,0,0,0,0,0,0,0,0,0,39.9549,-75.2087, , 
 ,13498,2016026096,6,67,67301,2016,1,7,935,9,1,4,6,4,1, , ,N,2,2,0,3,0,1,6,3,N, ,39 56:24.382,75 12:02.446,935, ,935,9,1,6, , ,3,N, , , , ,174565, , , ,3,2,0,0,0,0,0,1,0,0,0,0,1,1,2,0,0,0,0,0,1,0,0,0,0,0,0,0,0,0,0,0,0,0,0,8,0,39.9401,-75.2007, , 
 ,13499,2016042385,6,67,67301,2016,4,3,1605,16,1,1,0,1,1, , ,N,0,0,0,3,0,0,2,2,N,N,39 55:32.216,75 08:48.746,1610, ,1609, ,0, , , ,0, , , , , ,174583, , , ,2,1,0,0,0,0,1,0,0,0,0,0,0,0,0,0,0,0,0,0,0,0,0,0,0,0,0,0,0,0,0,0,0,0,0,0,0,39.9256,-75.1469, , 
 ,13500,2016013882,6,67,67301,2016,1,4,1205,12,1,1,0,5,6, , ,N,0,0,7,3,0,2,3,5,N,N,39 55:17.329,75 11:13.645,1315, ,1208, ,0, ,N, ,0, , , , , ,174603, , , ,3,2,0,0,1,0,0,0,0,0,0,2,2,0,0,0,0,0,0,0,1,0,0,0,0,0,0,0,0,0,0,0,2,0,0,4,0,39.9215,-75.1871, , 
 ,13501,2016014064,6,67,67301,2016,1,1,1330,13,1,1,0,5,6, , ,N,0,0,0,3,0,0,2,2,N,Y,39 58:50.320,75 10:15.063,1340, ,1335, ,0, ,N, ,0, , , , , ,174604, , , ,2,1,0,0,0,0,1,0,0,0,0,0,0,0,0,0,0,0,0,0,0,0,0,1,0,0,0,0,0,0,0,0,0,0,0,0,0,39.9806,-75.1709, , 
 ,13502,2016033822,6,67,67301,2016,3,2,2154,21,3,2,1,7,4, , ,N,0,0,0,3,0,0,2,1,N, ,39 55:55.544,75 14:33.370,2200, ,2157, ,0, , , ,0, , , , , ,174621, , , ,1,1,0,0,0,0,0,0,0,0,0,0,0,0,0,0,0,0,0,0,0,0,0,0,0,0,0,0,0,0,0,0,0,0,0,0,0,39.9321,-75.2426, , 
 ,13503,2016007534,6,67,67301,2016,1,6,1650,16,4,1,0,4,1, , ,N,1,2,0,3,0,0,3,2,N, ,40 01:43.284,75 07:03.795,1707, ,1702, ,0, , , ,1, , , , , ,174648, , , ,2,2,0,0,0,0,0,0,0,0,0,0,0,0,2,0,0,0,0,0,1,0,0,0,0,0,0,0,0,0,0,0,0,0,0,9,0,40.0287,-75.1177, , 
 ,13504,2016016605,6,67,67301,2016,1,1,1845,18,3,1,0,5,1, , ,N,0,0,0,3,0,1,2,2,N,N,39 59:47.085,75 09:14.585,1853, ,1847,3,2,2,N, ,0,Y, , , , ,174659, , , ,2,2,0,0,0,0,0,0,0,0,0,1,1,0,0,0,0,0,0,0,0,0,0,1,0,0,0,0,0,0,0,0,0,0,0,4,0,39.9964,-75.1541, , 
 ,13505,2016017047,6,67,67301,2016,1,5,2305,23,3,1,0,5,1, , ,N,0,0,0,3,0,4,6,2,N,N,39 55:09.643,75 12:14.806,2313, ,2311, ,0, ,N, ,0, , , , , ,174662, , , ,2,1,0,0,0,0,1,0,0,0,0,4,4,0,2,0,0,0,0,0,0,0,0,0,0,0,0,0,0,0,0,0,0,0,0,4,0,39.9193,-75.2041, , 
 ,13506,2016029781,6,67,67301,2016,2,7,400,4,3,1,0,5,6, , ,N,0,0,0,3,0,0,1,2,N,N,39 57:19.170,75 12:52.944,410, ,405, ,0, ,N, ,0, , , , , ,174673, , , ,2,0,0,0,0,0,1,1,0,0,0,0,0,0,0,0,0,0,0,0,0,0,0,0,0,0,0,0,0,0,0,0,0,0,0,0,0,39.9553,-75.2147, , 
 ,13507,2016033084,6,67,67301,2016,3,1,25,0,3,1,0,1,1, , ,N,0,0,0,3,0,1,6,2,N, ,40 05:06.869,75 02:12.644,35, ,33,1,1,4, , ,0,N, , , , ,174674, , , ,2,2,0,0,0,0,0,0,0,0,0,0,1,1,0,0,0,0,0,0,0,0,0,1,0,0,0,0,0,0,0,0,0,0,0,8,0,40.0852,-75.0368, , 
 ,13508,2016067826,6,67,67301,2016,6,1,210,2,3,1,0,4,1, , ,N,1,2,0,3,0,1,3,2,N,N,40 02:21.930,75 04:38.559,217, ,215, ,0, ,N, ,3, , , , , ,174695, , , ,2,1,1,0,0,0,0,0,0,0,0,1,1,0,0,0,0,0,0,0,0,0,0,1,0,0,0,0,0,0,0,0,0,0,0,4,0,40.0394,-75.0774, , 
 ,13509,2016108602,6,67,67301,2016,10,6,1330,13,1,1,0,4,1, , ,N,2,3,0,3,0,2,3,2,N,N,40 02:15.431,75 11:11.736,812, ,808, ,0, , , ,3, , , , , ,174721, , , ,2,1,0,0,0,0,1,0,0,0,0,2,2,0,1,0,0,0,0,1,0,0,1,2,0,0,0,0,0,0,0,0,0,0,0,4,0,40.0376,-75.1866, , 
 ,13510,2016013901,6,67,67301,2016,1,7,33,0,3,2,1,7,4, , ,N,0,0,0,3,0,0,1,1,N,N,39 57:23.713,75 09:14.541,36, ,33,1,1,3, , ,0,N, , , , ,174742, , , ,1,0,0,0,0,0,1,0,0,0,0,0,0,0,0,0,0,0,0,0,1,0,0,0,0,0,0,0,0,0,0,0,0,0,0,0,0,39.9566,-75.154, , 
 ,13511,2016024785,6,67,67301,2016,2,6,1124,11,1,1,0,8,1, , ,N,0,0,0,3,0,1,2,2,N,N,39 58:37.643,75 14:31.406,1230, ,1229, ,0, , , ,0, , , , , ,174749, , , ,1,0,0,0,0,0,1,0,0,0,0,0,1,1,0,0,0,0,0,0,0,0,0,0,0,0,0,0,0,0,0,0,1,0,0,8,0,39.9771,-75.2421, , 
 ,13512,2016052387,6,67,67301,2016,5,3,1614,16,1,1,0,1,1, , ,N,2,2,2,3,0,1,2,2,N,N,39 58:28.972,75 11:54.269,1630, ,1625,9,1,3,N, ,3,N, , , , ,174779, , , ,2,0,0,0,0,1,1,0,0,0,0,1,1,0,0,0,0,0,0,0,0,0,0,0,0,0,0,0,0,0,0,0,0,0,0,4,0,39.9747,-75.1984, , 
 ,13513,2016064143,6,67,67301,2016,6,1,803,8,1,1,0,7,4, , ,N,7,0,2,3,0,0,1,1,N,N,39 57:06.151,75 08:29.297,808, ,806,2,1,1, , ,0,N, , , , ,174803, , , ,1,1,0,0,0,0,0,0,0,0,0,0,0,0,1,0,0,0,0,0,0,0,0,0,0,0,0,0,0,0,0,0,0,0,0,9,0,39.9517,-75.1415, , 
 ,13514,2016070681,6,67,67301,2016,6,4,9,0,2,1,0,7,4, , ,N,0,0,1,3,0,0,1,1,N,N,40 00:16.833,75 09:37.364,37, ,34, ,0, ,N, ,0, , , , , ,174812, , , ,1,0,0,0,0,0,1,0,0,0,0,0,0,0,1,0,0,0,0,0,0,0,0,0,0,0,0,0,0,0,0,0,0,0,0,9,0,40.0047,-75.1604, , 
 ,13515,2016092074,6,67,67301,2016,8,1,1500,15,1,1,0,4,1, , ,N,2,2,0,3,0,2,6,2,N,N,40 00:27.734,75 06:10.133,1525, ,1520, ,0, ,N, ,3, , , , , ,174821, , , ,2,0,0,0,0,0,2,0,0,0,0,2,2,0,1,0,0,0,0,0,0,1,0,0,0,0,0,0,0,0,0,0,0,0,0,4,0,40.0077,-75.1028, , 
 ,13516,2016080789,6,67,67301,2016,6,1,235,2,3,1,0,1,1, , ,N,0,0,0,3,0,2,3,2,N,N,40 03:08.524,75 13:35.703,248, ,245, ,0, ,N, ,0, , , , , ,174847, , , ,2,0,1,0,0,0,1,0,0,0,0,2,2,0,0,0,0,0,0,0,0,0,0,0,0,0,0,0,0,0,0,0,0,0,0,4,0,40.0524,-75.2266, , 
 ,13517,2016114280,6,67,67301,2016,10,5,915,9,1,1,0,8,1, , ,N,1,2,0,3,0,1,2,2,N, ,39 58:12.895,75 07:49.748,925, ,918, ,0, , , ,3, , , , , ,174872, , , ,1,0,0,0,0,0,0,1,0,0,0,1,1,0,0,0,0,0,0,0,1,0,0,0,0,0,0,0,0,0,0,0,1,0,0,4,0,39.9701,-75.1304, , 
 ,13518,2016036453,6,67,67301,2016,3,7,50,0,3,1,0,6,1, , ,N,1,2,0,3,0,0,3,2,N,N,39 57:53.673,75 13:28.432,253, ,1053, ,0, ,N, ,3, , , , , ,174903, , , ,2,1,0,0,0,1,0,0,0,0,0,0,0,0,0,0,0,0,0,0,1,0,0,0,0,0,0,0,0,0,0,0,0,0,0,0,1,39.9649,-75.2246, , 
 ,13519,2016047020,6,67,67301,2016,4,5,1545,15,1,1,0,1,1, , ,N,2,2,0,3,0,3,4,2,N,N,39 54:50.094,75 14:00.567,2120, ,2109, ,0, ,N, ,3, , , , , ,174912, , , ,2,1,0,0,0,0,0,1,0,0,3,0,3,0,1,0,0,0,0,0,0,1,0,0,0,0,0,0,0,0,0,0,0,0,0,3,0,39.9139,-75.2335, , 
 ,13520,2016047035,6,67,67301,2016,4,3,1456,14,1,1,0,1,1, , ,N,0,0,0,3,0,1,3,3,N,N,40 03:02.448,75 02:08.424,1729, ,1724,1,1,4,N, ,0,N, , , , ,174913, , , ,3,2,0,0,0,0,1,0,0,0,0,1,1,0,0,0,0,1,0,0,0,1,0,0,0,0,0,0,0,0,0,0,0,0,0,4,0,40.0507,-75.0357, , 
 ,13521,2016050879,6,67,67301,2016,5,5,700,7,1,9,0,8,1, , ,N,1,2,0,3,0,1,2,2,N, ,40 03:20.764,75 09:31.951,1031, ,1030, ,0, , , ,9, , , , , ,174918, , , ,1,1,0,0,0,0,0,0,0,0,0,1,1,0,1,0,0,0,0,0,0,0,0,0,0,0,0,0,0,0,0,0,1,0,0,4,0,40.0558,-75.1589, , 
 ,13522,2016058560,6,67,67301,2016,5,4,2030,20,3,1,0,7,4, , ,N,1,2,0,3,0,1,1,1,N,N,39 59:53.948,75 08:59.503,2033, ,2032, ,0, ,N, ,3, , , , , ,174925, , , ,1,1,0,0,0,0,0,0,0,0,0,0,1,1,0,0,0,0,0,0,0,0,0,0,0,0,0,0,0,0,0,0,0,0,0,8,0,39.9983,-75.1499, , 
 ,13523,2016013753,6,67,67301,2016,1,1,1758,17,3,1,0,1,1, , ,N,0,0,0,3,0,1,3,2,N,N,40 03:51.979,75 09:12.577,1806, ,1804, ,0, , , ,0, , , , , ,168669, , , ,2,1,0,0,0,0,1,0,0,0,0,1,1,0,0,0,0,0,0,0,1,0,0,0,0,0,0,0,0,0,0,0,0,0,0,4,0,40.0644,-75.1535, , 
 ,13524,2016014609,6,67,67301,2016,2,6,2058,20,3,1,0,1,6, , ,N,0,0,0,3,0,1,2,2,N,N,39 58:47.849,75 09:07.808,2102, ,2101,1,1,1,N, ,0,N, , , , ,168670, , , ,2,0,0,0,0,0,2,0,0,0,0,0,1,1,0,0,0,0,0,0,0,0,0,0,0,0,0,0,0,0,0,0,0,0,0,8,0,39.98,-75.1522, , 
 ,13525,2016024459,6,67,67301,2016,1,2,46,0,3,1,0,7,4, , ,N,0,0,0,3,0,0,1,1,N,N,39 58:43.718,75 06:34.477,58, ,47,1,1,1, , ,0,N, , , , ,168677, , , ,1,1,0,0,0,0,0,0,0,0,0,0,0,0,0,0,0,0,0,0,0,0,0,0,0,0,0,0,0,0,0,0,0,0,0,0,0,39.9788,-75.1096, , 
 ,13526,2016026006,6,67,67301,2016,2,7,1520,15,1,1,0,4,1, , ,N,2,0,0,3,0,0,3,2,N,N,39 57:28.699,75 09:19.162,1550, ,1540, ,0, , , ,0, , , , , ,168681, , , ,2,2,0,0,0,0,0,0,0,0,0,0,0,0,0,0,0,0,0,0,0,0,0,0,0,0,0,0,0,0,0,0,0,0,0,0,0,39.958,-75.1553, , 
 ,13527,2016002826,6,67,67301,2016,1,2,1118,11,1,1,0,7,5, , ,N,0,0,0,3,0,1,1,1,N,N,39 56:54.955,75 11:09.712,1118, ,1118, ,0, ,N, ,0, , , , , ,168711, , , ,1,1,0,0,0,0,0,0,0,0,0,0,1,1,0,0,0,0,0,0,0,1,0,1,0,0,0,0,0,0,0,0,0,0,0,8,0,39.9486,-75.186, , 
 ,13528,2016008592,6,67,67301,2016,1,1,2150,21,3,1,0,6,6, , ,N,0,0,0,3,0,1,1,3,N,N,40 04:34.716,74 59:13.588,2155, ,2153, ,0, ,N, ,0, , , , , ,168715, , , ,3,3,0,0,0,0,0,0,0,0,0,1,1,0,0,0,1,0,0,0,0,0,0,1,0,0,0,0,0,0,0,0,0,0,0,4,0,40.0763,-74.9871, , 
 ,13529,2016014035,6,67,67301,2016,1,6,2255,22,3,1,0,1,1, , ,N,1,3,0,3,0,2,3,2,N,N,40 01:41.740,75 04:27.919,2314, ,2308, ,0, ,N, ,3, , , , , ,168725, , , ,2,1,0,0,0,0,1,0,0,0,0,0,2,2,0,0,0,0,0,0,0,0,0,0,0,0,0,0,0,0,0,0,0,0,0,8,0,40.0283,-75.0744, , 
 ,13530,2016048662,6,67,67301,2016,4,1,1110,11,1,1,0,7,4, , ,N,0,0,0,3,0,0,1,1,N,N,39 53:00.533,75 13:49.259,1124, ,1112, ,0, ,N, ,0, , , , , ,168758, , , ,1,1,0,0,0,0,0,0,0,0,0,0,0,0,0,0,0,0,0,0,0,0,0,1,0,0,0,0,0,0,0,0,0,0,0,0,0,39.8835,-75.2303, , 
 ,13531,2016016987,6,67,67301,2016,1,6,1400,14,1,1,0,3,1, , ,N,0,0,0,3,0,1,2,2,N,N,39 56:37.499,75 13:32.388,1632, ,1630, ,0, , , ,0, , , , , ,168772, , , ,2,2,0,0,0,0,0,0,0,0,0,1,1,0,1,0,0,0,0,0,0,1,0,0,0,0,0,0,0,0,0,0,0,0,0,4,0,39.9437,-75.2257, , 
 ,13532,2016034275,6,67,67301,2016,4,6,1754,17,1,1,0,1,1, , ,N,3,2,2,3,0,1,8,4,N,N,40 06:20.158,74 59:59.499,1758, ,1756,1,1,1,N, ,3,N, , , , ,168798, , , ,4,3,0,0,0,0,0,1,0,0,1,0,1,0,0,0,0,0,0,0,1,0,0,0,0,0,0,0,0,0,0,0,0,0,0,3,0,40.1065,-74.9986, , 
 ,13533,2016031711,6,67,67301,2016,3,4,2210,22,3,1,0,7,3, , ,N,0,0,0,3,0,0,3,2,N,N,40 00:33.470,75 11:17.553,2225, ,2215,2,1,1,N, ,0,N, , , , ,168826, , , ,2,1,0,0,0,0,1,0,0,0,0,0,0,0,0,0,0,0,0,0,0,0,0,1,0,0,0,0,0,0,0,0,0,0,0,0,0,40.0093,-75.1882, , 
 ,13534,2016036550,6,46,46105,2016,4,6,1522,15,1,1,0,1,1, , ,N,2,2,0,3,0,0,2,2,N,N,40 06:31.161,75 03:15.325,1522, ,1522, ,0, ,N, ,3, , , , , ,168829, , , ,2,2,0,0,0,0,0,0,0,0,0,0,0,0,0,0,0,0,0,0,0,1,0,0,0,0,0,0,0,0,0,0,0,0,0,0,0,40.1087,-75.0543, , 
 ,13535,2016038231,6,67,67301,2016,3,2,927,9,1,2,1,7,2, , ,N,0,0,0,3,0,1,1,1,N,N,39 56:42.518,75 11:27.143,939, ,929, ,0, , , ,0, , , , , ,168831, , , ,1,1,0,0,0,0,0,0,0,0,0,0,1,1,0,0,0,0,0,0,0,0,0,0,0,0,0,0,0,0,0,0,0,0,0,8,0,39.9451,-75.1909, , 
 ,13536,2016048656,6,67,67301,2016,4,6,2130,21,3,2,1,1,1, , ,N,1,3,0,3,0,1,2,2,N, ,40 00:07.027,75 08:24.226,13, ,3, ,0, , , ,3, , , , , ,168844, , , ,2,2,0,0,0,0,0,0,0,0,0,1,1,0,0,0,0,0,0,0,0,0,0,1,0,0,0,0,0,0,0,0,0,0,0,4,0,40.002,-75.1401, , 
 ,13537,2016052322,6,67,67301,2016,4,5,1805,18,1,2,1,4,1, , ,N,1,3,0,3,0,0,2,3,N, ,39 57:52.369,75 09:04.553,1829, ,1809, ,0, , , ,3, , , , , ,168849, , , ,3,1,0,0,0,0,2,0,0,0,0,0,0,0,0,0,0,0,0,0,0,0,0,1,0,0,0,0,0,0,0,0,0,0,0,0,0,39.9645,-75.1513, , 
 ,13538,2016058581,6,67,67301,2016,5,5,832,8,1,1,0,5,1, , ,N,0,2,0,3,0,1,3,2,N,N,39 57:41.507,75 08:41.579,850, ,843, ,0, ,N, ,3, , , , , ,168853, , , ,1,1,0,0,0,0,0,0,1,0,0,1,1,0,0,0,0,0,0,0,0,0,0,1,0,0,0,0,0,0,0,0,0,0,0,4,0,39.9615,-75.1449, , 
 ,13539,2016029924,6,67,67301,2016,2,6,1952,19,3,1,0,7,4, , ,N,2,2,0,3,0,0,1,1,N,N,39 56:05.393,75 08:33.250,2011, ,2011, ,0, , , ,3, , , , , ,168877, , , ,1,1,0,0,0,0,0,0,0,0,0,0,0,0,0,0,0,0,0,0,0,0,0,0,0,0,0,0,0,0,0,0,0,0,0,0,0,39.9348,-75.1426, , 
 ,13540,2016033825,6,67,67301,2016,3,2,1645,16,1,2,1,4,1, , ,N,0,0,0,3,0,1,2,2,N, ,39 55:03.117,75 12:46.638,1700, ,1653,1,1,4, , ,0,N, , , , ,168880, , , ,2,2,0,0,0,0,0,0,0,0,0,1,1,0,0,0,0,0,0,0,0,0,0,0,0,0,0,0,0,0,0,0,0,0,0,4,0,39.9175,-75.213, , 
 ,13541,2016048517,6,67,67301,2016,4,4,1416,14,1,1,0,4,1, , ,N,1,2,0,3,0,1,3,3,N, ,40 05:56.940,74 59:44.015,1422, ,1416, ,0, , , ,3, , , , , ,168893, , , ,3,2,0,0,0,0,1,0,0,0,0,1,1,0,0,0,0,0,0,0,0,1,1,0,0,0,0,0,0,0,0,0,0,0,0,4,0,40.0992,-74.9956, , 
 ,13542,2016091055,6,67,67301,2016,8,4,1405,14,1,1,0,5,6, , ,N,0,0,0,3,0,2,2,2,N,N,39 57:22.799,75 09:45.559,1409, ,1408, ,0, , , ,0, , , , , ,171691, , , ,2,1,0,0,0,0,0,1,0,0,0,2,2,0,0,0,0,1,0,0,0,0,0,1,0,0,0,0,0,0,0,0,0,0,0,4,0,39.9563,-75.1627, , 
 ,13543,2016058546,6,67,67301,2016,5,5,105,1,3,2,1,6,1, , ,N,0,0,0,3,0,2,3,2,N,N,39 58:29.083,75 07:01.602,111, ,111, ,0, , , ,0, , , , , ,171699, , , ,2,1,0,0,0,0,1,0,0,0,0,0,2,2,0,0,0,0,0,0,0,0,0,2,0,0,0,0,0,0,0,0,0,0,0,8,0,39.9747,-75.1171, , 
 ,13544,2016061238,6,67,67301,2016,5,2,1400,14,1,1,0,4,1, , ,N,1,3,0,3,0,1,2,2,N, ,39 59:30.226,75 08:16.178,1658, ,1653, ,0, , , ,3, , , , , ,171702, , , ,1,0,0,0,0,0,0,0,1,0,0,0,1,1,0,0,0,0,0,0,0,0,0,0,0,0,0,0,0,0,0,0,0,0,0,8,0,39.9917,-75.1378, , 
 ,13545,2016058711,6,67,67301,2016,5,6,639,6,1,1,0,5,1, , ,N,0,0,0,3,0,0,2,2,N,N,39 53:25.243,75 12:01.129,710, ,649,2,2,1, , ,0,N, , , , ,171704, , , ,2,0,0,0,0,0,0,2,0,0,0,0,0,0,0,0,0,0,0,0,0,0,0,0,0,0,0,0,0,0,0,0,0,0,0,0,0,39.8903,-75.2003, , 
 ,13546,2016068962,6,46,46102,2016,7,6,857,8,1,1,0,8,1, , ,N,1,2,0,3,0,1,2,2,N,N,40 04:30.988,75 09:37.550,905, ,858, ,0, ,N, ,3, , , , , ,171715, , , ,1,1,0,0,0,0,0,0,0,0,0,1,1,0,0,0,0,0,0,0,0,0,0,0,0,0,0,0,0,0,0,0,1,0,0,4,0,40.0753,-75.1604, , 
 ,13547,2016082242,6,67,67301,2016,7,2,1705,17,1,1,0,4,1, , ,N,1,0,0,3,0,1,2,2,N,N,39 58:38.276,75 10:50.228,1710, ,1705, ,0, ,N, ,0, , , , , ,171726, , , ,1,0,0,0,1,0,0,0,1,0,0,1,1,0,0,0,0,0,0,0,0,1,0,0,0,0,0,0,0,0,0,0,0,0,0,4,0,39.9773,-75.1806, , 
 ,13548,2016071093,6,67,67301,2016,6,6,1015,10,1,1,0,5,1, , ,N,0,0,0,3,0,1,2,2,N, ,39 58:29.138,75 11:41.599,1044, ,1045, ,0, , , ,0, , , , , ,171753, , , ,1,1,0,0,0,0,0,0,1,0,0,0,1,1,1,0,0,0,0,0,0,0,0,0,0,0,0,0,0,0,0,0,0,0,0,8,0,39.9748,-75.1949, , 
 ,13549,2016080753,6,67,67301,2016,6,5,1041,10,1,1,0,5,1, , ,N,0,0,0,3,0,2,3,2,N,N,39 56:30.123,75 13:30.871,1043, ,1041,2,2,5,N, ,0,Y, , , , ,171758, , , ,2,2,0,0,0,0,0,0,0,0,0,0,2,2,0,0,0,0,0,0,0,0,1,0,0,0,0,0,0,0,0,0,0,0,0,8,0,39.9417,-75.2252, , 
 ,13550,2016092039,6,67,67301,2016,8,4,2348,23,3,2,1,4,1, , ,N,1,2,0,3,0,1,3,2,N,N,40 05:15.124,74 58:16.775,2351, ,2348,2,1,5,N, ,3,Y, , , , ,171768, , , ,2,2,0,0,0,0,0,0,0,0,0,1,1,0,0,0,0,0,1,0,0,0,0,0,0,0,0,0,0,0,0,0,0,0,0,4,0,40.0875,-74.9711, , 
 ,13551,2016097587,6,67,67301,2016,9,6,1505,15,1,1,0,4,1, , ,N,5,2,0,3,0,1,4,2,N, ,40 01:27.953,75 03:46.121,1557, ,1557, ,0, , , ,3, , , , , ,171770, , , ,2,1,0,0,0,0,1,0,0,0,0,0,1,1,0,0,0,0,0,0,1,0,0,0,0,0,0,0,0,0,0,0,0,0,0,8,0,40.0244,-75.0628, , 
 ,13552,2016097169,6,67,67301,2016,9,7,1330,13,1,1,0,4,1, , ,N,1,2,0,3,0,0,2,2,N, ,40 06:46.663,75 01:22.836,1335, ,1333, ,0, , , ,3, , , , , ,171773, , , ,2,1,0,0,0,0,1,0,0,0,0,0,0,0,0,0,0,0,0,0,0,2,0,2,0,0,0,0,0,0,0,0,0,0,0,0,0,40.113,-75.023, , 
 ,13553,2016099648,6,67,67301,2016,9,5,110,1,3,1,0,2,1, , ,N,0,0,0,3,0,1,2,2,N,N,40 01:40.329,75 11:26.559,112, ,100, ,0, ,N, ,0, , , , , ,171776, , , ,2,1,0,0,0,0,1,0,0,0,1,0,1,0,0,0,0,0,0,0,0,1,0,0,0,0,0,0,0,0,0,0,0,0,0,3,0,40.0279,-75.1907, , 