wz_ln_closure,objectid_1,crn,district,county,municipality,crash_year,crash_month,day_of_week,time_of_day,hour_of_day,illumination,weather,road_condition,collision_type,relation_to_road,work_zone_type,work_zone_loc,work_zone_ind,intersect_type,tcd_type,location_type,urban_rural,fatal_count,injury_count,person_count,total_units,sch_bus_ind,sch_zone_ind,latitude,longitude,arrival_tm,cons_zone_spd_lim,dispatch_tm,est_hrs_closed,lane_closed,ln_close_dir,ntfy_hiwy_maint,spec_juris_cd,tcd_func_cd,tfc_detour_ind,workers_pres,wz_close_detour,wz_flagger,wz_law_offcr_ind,objectid,wz_moving,wz_other,wz_shlder_mdn,vehicle_count,automobile_count,motorcycle_count,bus_count,small_truck_count,heavy_truck_count,suv_count,van_count,bicycle_count,maj_inj_count,mod_inj_count,min_inj_count,tot_inj_count,unk_inj_deg_count,unk_inj_per_count,driver_count_16yr,driver_count_17yr,driver_count_18yr,driver_count_19yr,driver_count_20yr,driver_count_50_64yr,driver_count_65_74yr,driver_count_75plus,unbelted_occ_count,unb_death_count,unb_maj_inj_count,belted_death_count,belted_maj_inj_count,mcycle_death_count,mcycle_maj_inj_count,bicycle_death_count,bicycle_maj_inj_count,ped_count,ped_death_count,ped_maj_inj_count,max_severity_level,comm_veh_count,dec_lat,dec_long,rdwy_surf_type_cd,county_name
 ,13554,2016097755,6,67,67301,2016,9,4,910,9,1,1,0,4,1, , ,N,1,3,8,3,0,3,4,2,N,N,40 01:11.998,75 09:07.891,922, ,920, ,0, , , ,3, , , , , ,171780, , , ,2,1,0,0,0,0,0,1,0,0,0,3,3,0,0,0,0,0,0,0,0,1,0,3,0,0,0,0,0,0,0,0,0,0,0,4,0,40.02,-75.1522, , 
 ,13555,2016105544,6,67,67301,2016,9,7,2005,20,3,1,0,1,1, , ,N,1,2,0,3,0,0,4,4,N, ,40 01:58.442,75 06:24.270,2018, ,2010, ,0, , , ,3, , , , , ,171781, , , ,4,2,0,0,1,0,0,1,0,0,0,0,0,0,0,0,1,0,0,0,0,0,0,0,0,0,0,0,0,0,0,0,0,0,0,0,0,40.0329,-75.1067, , 
 ,13556,2016129491,6,67,67301,2016,11,4,1310,13,1,1,0,4,1, , ,N,1,3,0,3,0,0,2,2,N, ,39 57:15.401,75 09:43.410,1325, ,1320, ,0, , , ,3, , , , , ,171791, , , ,2,1,0,1,0,0,0,0,0,0,0,0,0,0,0,0,0,0,0,0,0,0,0,1,0,0,0,0,0,0,0,0,0,0,0,0,1,39.9543,-75.1621, , 
 ,13557,2016119640,6,67,67301,2016,10,3,2245,22,3,1,0,4,1, , ,N,2,0,0,3,0,0,2,2,N,N,40 02:07.746,75 06:50.477,32, ,16,2,2,2,N, ,0,N, , , , ,171792, , , ,2,2,0,0,0,0,0,0,0,0,0,0,0,0,0,0,0,0,0,0,0,0,0,0,0,0,0,0,0,0,0,0,0,0,0,0,0,40.0355,-75.114, , 
 ,13558,2016062668,6,67,67301,2016,5,4,725,7,1,1,0,1,1, , ,N,0,0,0,3,0,0,3,2,N,N,40 02:31.403,75 13:33.344,728, ,728, ,0, ,N, ,0, , , , , ,171800, , , ,2,1,0,0,0,0,1,0,0,0,0,0,0,0,0,0,0,0,0,0,0,0,0,0,0,0,0,0,0,0,0,0,0,0,0,0,0,40.0421,-75.2259, , 
 ,13559,2016064012,6,67,67301,2016,5,3,1224,12,1,1,0,4,1, , ,N,1,2,0,3,0,0,2,2,N,N,40 02:29.198,75 07:12.381,1230, ,1224, ,0, ,N, ,3, , , , , ,171801, , , ,2,1,0,0,0,0,0,1,0,0,0,0,0,0,0,0,0,0,0,0,1,0,0,0,0,0,0,0,0,0,0,0,0,0,0,0,0,40.0414,-75.1201, , 
 ,13560,2016071104,6,67,67301,2016,6,2,1611,16,1,1,0,4,1, , ,N,1,3,0,3,0,1,3,2,N, ,39 55:29.589,75 13:43.219,1640, ,1634, ,0, , , ,3, , , , , ,174942, , , ,2,2,0,0,0,0,0,0,0,0,0,1,1,0,0,0,0,0,0,0,0,0,0,1,0,0,0,0,0,0,0,0,0,0,0,4,0,39.9249,-75.2287, , 
 ,13561,2016081701,6,67,67301,2016,7,3,355,3,3,2,1,5,1, , ,N,0,0,0,3,0,0,3,3,N,N,39 56:59.150,75 08:30.411,411, ,403,2,1,2, , ,0,N, , , , ,174949, , , ,3,1,0,0,0,0,2,0,0,0,0,0,0,0,0,0,0,0,0,1,1,0,0,0,0,0,0,0,0,0,0,0,0,0,0,0,0,39.9498,-75.1418, , 
 ,13562,2016083849,6,67,67301,2016,8,7,1156,11,1,1,0,1,1, , ,N,0,0,0,3,0,0,3,2,N,N,40 01:25.623,75 01:58.305,1205, ,1156, ,0, , , ,0, , , , , ,174986, , , ,2,2,0,0,0,0,0,0,0,0,0,0,0,0,0,0,0,0,0,0,0,0,0,0,0,0,0,0,0,0,0,0,0,0,0,0,0,40.0238,-75.0329, , 
 ,13563,2016084575,6,67,67301,2016,8,7,1730,17,1,1,0,4,1, , ,N,2,3,0,3,0,1,2,2,N, ,39 55:46.196,75 13:16.013,1735, ,1734, ,0, , , ,3, , , , , ,174989, , , ,2,0,0,0,0,0,1,0,0,0,0,0,1,1,0,0,0,0,0,0,0,0,0,1,0,0,0,0,0,0,0,0,0,0,0,8,0,39.9295,-75.2211, , 
 ,13564,2016097612,6,67,67301,2016,8,5,1437,14,1,1,0,4,1, , ,N,0,0,7,3,0,1,2,2,N, ,40 03:27.050,75 04:37.594,1540, ,1533, ,0, , , ,0, , , , , ,174993, , , ,2,1,0,0,0,0,0,1,0,0,0,1,1,0,0,0,0,0,0,0,1,0,1,0,0,0,0,0,0,0,0,0,0,0,0,4,0,40.0575,-75.0771, , 
 ,13565,2016113381,6,67,67301,2016,10,6,131,1,3,1,1,7,3, , ,N,0,0,0,3,0,1,1,1,N,N,39 54:04.387,75 09:09.142,149, ,135,2,1,1, , ,0,N, , , , ,175002, , , ,1,1,0,0,0,0,0,0,0,0,1,0,1,0,0,0,0,0,0,0,0,0,0,1,0,0,0,0,0,0,0,0,0,0,0,3,0,39.9012,-75.1525, , 
 ,13566,2016116802,6,67,67301,2016,11,7,1404,14,1,1,0,5,1, , ,N,0,0,3,3,0,0,4,2,N,N,39 57:12.384,75 08:27.445,1528, ,1451, ,0, , , ,0, , , , , ,175017, , , ,2,0,0,0,0,0,2,0,0,0,0,0,0,0,0,0,0,0,0,0,0,0,0,0,0,0,0,0,0,0,0,0,0,0,0,0,0,39.9534,-75.141, , 
 ,13567,2016129546,6,67,67301,2016,11,6,1630,16,1,1,0,4,1, , ,N,2,0,0,3,0,0,2,2,N, ,39 59:47.418,75 06:49.739,1630, ,1630, ,0, , , ,0, , , , , ,175019, , , ,2,0,1,0,0,0,1,0,0,0,0,0,0,0,0,0,0,0,0,0,0,0,0,0,0,0,0,0,0,0,0,0,0,0,0,0,0,39.9965,-75.1138, , 
 ,13568,2016068983,6,67,67301,2016,7,6,930,9,1,1,0,7,9, , ,N,0,0,1,3,0,0,1,1,N,N,39 57:32.892,75 09:30.530,1030, ,1015,3,2,4,N, ,0,Y, , , , ,175030, , , ,1,0,0,0,0,1,0,0,0,0,0,0,0,0,0,0,0,0,0,0,0,0,0,0,0,0,0,0,0,0,0,0,0,0,0,0,1,39.9591,-75.1585, , 
 ,13569,2016063989,6,67,67301,2016,6,4,925,9,1,1,0,4,1, , ,N,1,3,0,3,0,0,2,2,N, ,39 58:01.531,75 12:23.921,937, ,935, ,0, , , ,3, , , , , ,175034, , , ,2,1,0,0,0,0,0,1,0,0,0,0,0,0,0,0,0,0,0,0,0,1,0,0,0,0,0,0,0,0,0,0,0,0,0,0,0,39.9671,-75.2066, , 
 ,13570,2016080657,6,67,67301,2016,7,2,150,1,3,1,0,5,1, , ,N,1,2,0,3,0,2,3,2,N,N,40 01:44.349,75 05:21.034,203, ,156, ,0, ,N, ,3, , , , , ,175043, , , ,2,2,0,0,0,0,0,0,0,0,0,2,2,0,0,0,0,0,1,0,0,0,0,1,0,0,0,0,0,0,0,0,0,0,0,4,0,40.029,-75.0892, , 
 ,13571,2016088619,6,67,67301,2016,8,7,945,9,1,1,0,4,1, , ,N,1,2,0,3,0,1,2,2,N, ,40 03:35.733,75 01:06.209,945, ,940, ,0, , , ,3, , , , , ,175056, , , ,2,1,0,0,1,0,0,0,0,0,0,1,1,0,0,0,0,0,0,0,0,0,0,0,0,0,0,0,0,0,0,0,0,0,0,4,0,40.0599,-75.0184, , 
 ,13572,2016097623,6,67,67301,2016,8,2,1607,16,1,1,0,2,1, , ,N,0,0,0,3,0,3,4,3,N,N,40 00:34.600,75 10:03.140,1610, ,1609, ,0, ,N, ,0, , , , , ,175063, , , ,3,2,0,0,0,0,1,0,0,0,0,0,3,3,0,0,0,0,0,0,1,0,0,2,0,0,0,0,0,0,0,0,0,0,0,8,0,40.0096,-75.1675, , 
 ,13573,2016105655,6,67,67301,2016,9,1,1036,10,1,1,0,1,1, , ,N,1,2,0,3,0,2,4,3,N,N,40 02:48.573,75 04:13.233,1044, ,1039, ,0, , , ,3, , , , , ,175071, , , ,3,0,0,0,0,0,1,2,0,0,0,2,2,0,1,0,0,0,0,0,0,0,0,1,0,0,0,0,0,0,0,0,0,0,0,4,0,40.0468,-75.0703, , 
 ,13574,2016105751,6,67,67301,2016,9,7,1000,10,1,1,0,4,1, , ,N,1,3,0,3,0,0,2,2,N, ,40 04:02.319,75 03:33.245,1010, ,1004, ,0, , , ,3, , , , , ,175072, , , ,2,2,0,0,0,0,0,0,0,0,0,0,0,0,0,0,0,0,0,0,1,0,0,0,0,0,0,0,0,0,0,0,0,0,0,0,0,40.0673,-75.0592, , 
 ,13575,2016082385,6,67,67301,2016,7,6,2341,23,3,1,0,5,6, , ,N,0,0,0,3,0,0,1,4,N,N,39 57:25.063,75 08:24.064,9999, ,2335, ,0, ,N, ,0, , , , , ,175091, , , ,4,1,1,0,0,0,1,1,0,0,0,0,0,0,0,0,0,0,0,1,0,0,0,0,0,0,0,0,0,0,0,0,0,0,0,0,0,39.957,-75.14, , 
 ,13576,2016084579,6,67,67301,2016,8,5,1725,17,1,1,0,8,1, , ,N,1,3,0,3,0,1,2,2,N,N,40 02:09.495,75 10:21.831,1734, ,531, ,0, , , ,3, , , , , ,175098, , , ,1,0,0,1,0,0,0,0,0,0,0,0,1,1,0,0,0,0,0,0,0,0,0,0,0,0,0,0,0,0,0,0,1,0,0,8,1,40.036,-75.1727, , 
 ,13577,2016106305,6,67,67301,2016,9,2,1057,10,1,1,0,1,1, , ,N,0,0,0,3,0,5,6,4,N,N,40 01:40.775,75 06:36.738,1112, ,1100,1,1,2,N, ,0,N, , , , ,175111, , , ,4,4,0,0,0,0,0,0,0,0,0,3,5,2,0,0,0,0,0,0,0,0,0,0,0,0,0,0,0,0,0,0,0,0,0,4,0,40.028,-75.1102, , 
 ,13578,2016058612,6,67,67301,2016,5,2,1500,15,1,1,0,4,1, , ,N,2,3,0,3,0,1,2,2,N, ,39 59:59.438,75 07:34.525,1900, ,1850, ,0, , , ,3, , , , , ,180173, , , ,1,1,0,0,0,0,0,0,1,0,1,0,1,0,1,0,0,0,0,0,0,0,0,0,0,0,0,0,0,0,0,0,0,0,0,3,0,39.9998,-75.1263, , 
 ,13579,2016079732,6,67,67301,2016,8,2,1228,12,1,1,0,4,1, , ,N,2,4,0,3,0,0,2,2,N,N,40 03:47.826,75 08:21.544,1231, ,1231, ,0, ,N, ,3, , , , , ,180202, , , ,2,0,0,0,0,1,1,0,0,0,0,0,0,0,0,0,0,0,0,0,0,0,0,0,0,0,0,0,0,0,0,0,0,0,0,0,1,40.0633,-75.1393, , 
 ,13580,2016081441,6,67,67301,2016,7,4,945,9,1,1,0,4,1, , ,N,1,3,0,3,0,1,2,2,N, ,39 55:00.037,75 09:34.383,1249, ,1252, ,0, , , ,3, , , , , ,180212, , , ,2,2,0,0,0,0,0,0,0,0,0,1,1,0,0,0,0,0,0,0,1,0,0,0,0,0,0,0,0,0,0,0,0,0,0,4,0,39.9167,-75.1596, , 
U,13581,2016097640,6,67,67301,2016,7,5,1015,10,1,8,0,1,1,8,8,Y,1,2,0,3,0,1,3,2,N,N,39 58:50.397,75 08:13.811,1042,99,1032, ,0, ,N, ,3, ,U,U,U,U,180216,U,U,U,2,0,0,0,0,0,2,0,0,0,0,1,1,0,0,0,0,0,0,0,0,0,0,0,0,0,0,0,0,0,0,0,0,0,0,4,0,39.9807,-75.1372, , 
 ,13582,2016052296,6,67,67301,2016,4,3,1415,14,1,1,0,5,6, , ,N,0,0,0,3,0,1,1,2,N,N,39 56:57.728,75 13:50.396,228, ,200, ,0, ,N, ,0, , , , , ,180217, , , ,2,1,0,0,0,0,1,0,0,0,0,1,1,0,0,0,0,0,0,0,1,0,0,1,0,0,0,0,0,0,0,0,0,0,0,4,0,39.9494,-75.2307, , 
 ,13583,2016068728,6,67,67301,2016,6,2,1432,14,1,1,0,5,6, , ,N,0,0,0,3,0,1,1,2,N,N,39 58:01.808,75 11:47.572,1438, ,1436, ,0, , , ,0, , , , , ,180239, , , ,2,1,0,0,0,0,1,0,0,0,1,0,1,0,0,0,0,0,0,0,0,0,0,0,0,0,0,0,0,0,0,0,0,0,0,3,0,39.9672,-75.1965, , 
 ,13584,2016105926,6,67,67301,2016,9,6,1301,13,1,1,0,4,1, , ,N,5,2,0,3,0,0,5,3,N,N,39 57:43.226,75 09:27.608,1310, ,1302, ,0, , , ,3, , , , , ,180277, , , ,3,1,0,0,1,0,1,0,0,0,0,0,0,0,0,0,0,0,0,0,1,0,0,3,0,0,0,0,0,0,0,0,0,0,0,0,0,39.962,-75.1576, , 
 ,13585,2016027568,6,67,67301,2016,2,4,914,9,1,2,1,7,5, , ,N,0,0,0,3,0,1,1,1,N, ,40 00:20.036,75 08:44.154,914, ,914, ,0, , , ,0, , , , , ,180304, , , ,1,0,0,0,1,0,0,0,0,0,1,0,1,0,0,0,0,1,0,0,0,0,0,0,0,0,0,0,0,0,0,0,0,0,0,3,0,40.0056,-75.1456, , 
 ,13586,2016033920,6,67,67301,2016,3,5,1117,11,1,1,0,1,1, , ,N,1,2,0,3,0,1,3,3,N, ,39 55:05.606,75 12:31.561,1138, ,1131, ,0, , , ,3, , , , , ,180312, , , ,3,1,0,0,0,1,0,0,0,0,0,0,1,1,1,0,0,0,0,0,1,0,0,0,0,0,0,0,0,0,0,0,0,0,0,8,1,39.9182,-75.2088, , 
 ,13587,2016040871,6,67,67301,2016,4,3,335,3,3,1,0,4,1, , ,N,1,2,0,3,0,0,2,2,N, ,39 56:27.099,75 12:45.290,345, ,347, ,0, , , ,3, , , , , ,180316, , , ,2,1,0,0,0,1,0,0,0,0,0,0,0,0,0,0,0,0,0,0,2,0,0,0,0,0,0,0,0,0,0,0,0,0,0,0,1,39.9409,-75.2126, , 
 ,13588,2016044533,6,67,67301,2016,4,2,1802,18,1,1,0,4,1, , ,N,1,3,0,3,0,0,2,4,N,N,40 00:03.643,75 07:25.222,1804, ,1802,3,2,2,N, ,3,Y, , , , ,180320, , , ,4,2,0,0,0,0,2,0,0,0,0,0,0,0,0,0,0,0,0,0,0,0,0,0,0,0,0,0,0,0,0,0,0,0,0,0,0,40.001,-75.1237, , 
 ,13589,2016046111,6,67,67301,2016,4,3,1115,11,1,2,1,4,1, , ,N,1,2,0,3,0,0,2,2,N, ,39 59:00.369,75 09:30.823,1120, ,1116, ,0, , , ,3, , , , , ,180322, , , ,2,1,0,0,0,0,1,0,0,0,0,0,0,0,0,0,0,0,0,0,0,0,0,0,0,0,0,0,0,0,0,0,0,0,0,0,0,39.9834,-75.1586, , 
 ,13590,2016048657,6,67,67301,2016,4,1,1438,14,1,1,0,4,1, , ,N,0,0,0,3,0,1,2,2,N,N,40 02:33.592,75 07:47.490,1550, ,1543, ,0, ,N, ,0, , , , , ,180323, , , ,1,1,0,0,0,0,0,0,1,0,0,0,1,1,0,0,0,0,0,0,0,0,0,1,0,0,0,0,0,0,0,0,0,0,0,8,0,40.0427,-75.1299, , 
 ,13591,2016058552,6,67,67301,2016,5,1,412,4,3,2,1,5,6, , ,N,0,0,0,3,0,2,3,2,N,N,39 58:36.928,75 07:54.232,414, ,413,2,2,5,N, ,0,Y, , , , ,180340, , , ,2,2,0,0,0,0,0,0,0,0,0,0,2,2,0,0,0,0,0,0,0,0,0,0,0,0,0,0,0,0,0,0,0,0,0,8,0,39.9769,-75.1317, , 
 ,13592,2016082443,6,67,67301,2016,7,6,1119,11,1,1,0,7,3, , ,N,0,0,0,3,0,1,1,1,N,N,39 58:37.928,75 11:57.578,1241, ,1153, ,0, , , ,0, , , , , ,180356, , , ,1,1,0,0,0,0,0,0,0,0,0,0,1,1,0,0,0,0,0,0,0,0,0,1,0,0,0,0,0,0,0,0,0,0,0,8,0,39.9772,-75.1993, , 
 ,13593,2016087656,6,67,67301,2016,8,4,1730,17,1,1,0,7,5, , ,N,0,0,0,3,0,1,1,1,N,N,40 02:40.786,75 05:02.724,1738, ,1730,1,2,1,N, ,0,Y, , , , ,180359, , , ,1,1,0,0,0,0,0,0,0,0,0,0,1,1,0,0,0,0,0,0,0,0,0,0,0,0,0,0,0,0,0,0,0,0,0,8,0,40.0447,-75.0841, , 
 ,13594,2016082298,6,67,67301,2016,7,4,1454,14,1,1,0,1,1, , ,N,0,0,0,3,0,2,2,2,N, ,40 01:54.874,75 03:12.800,1642, ,1642, ,0, , , ,0, , , , , ,180363, , , ,2,1,0,0,1,0,0,0,0,0,0,0,2,2,0,0,0,0,0,0,0,0,0,0,0,0,0,0,0,0,0,0,0,0,0,8,0,40.0319,-75.0536, , 
 ,13595,2016097117,6,67,67301,2016,8,2,1625,16,1,1,0,8,1, , ,N,1,3,0,3,0,1,2,2,N,N,39 57:16.480,75 12:00.413,1625, ,1625, ,0, ,N, ,3, , , , , ,180367, , , ,1,1,0,0,0,0,0,0,0,0,0,1,1,0,0,0,0,0,0,0,1,0,0,0,0,0,0,0,0,0,0,0,1,0,0,4,0,39.9546,-75.2001, , 
 ,13596,2016052289,6,67,67301,2016,4,7,1601,16,1,1,0,4,1, , ,N,1,3,0,3,0,0,2,2,N,N,39 56:24.147,75 09:36.143,1658, ,1652, ,0, ,N, ,3, , , , , ,168897, , , ,2,2,0,0,0,0,0,0,0,0,0,0,0,0,0,0,0,0,0,0,1,0,0,0,0,0,0,0,0,0,0,0,0,0,0,0,0,39.94,-75.16, , 
 ,13597,2016016134,6,67,67301,2016,1,7,1340,13,1,1,0,8,1, , ,N,1,2,0,3,0,1,2,2,N,N,39 57:29.532,75 14:07.900,1342, ,1342, ,0, ,N, ,3, , , , , ,168911, , , ,1,0,0,0,0,0,1,0,0,0,0,0,1,1,0,0,0,0,0,0,0,1,0,0,0,0,0,0,0,0,0,0,1,0,0,8,0,39.9582,-75.2355, , 
 ,13598,2016033125,6,67,67301,2016,3,1,1050,10,1,1,0,1,1, , ,N,2,2,0,3,0,1,4,2,N,N,40 06:28.498,75 01:35.131,1057, ,1853, ,0, , , ,3, , , , , ,168925, , , ,2,1,0,0,0,0,1,0,0,0,0,0,1,1,0,0,0,0,0,0,1,1,0,0,0,0,0,0,0,0,0,0,0,0,0,8,0,40.1079,-75.0264, , 
 ,13599,2016040942,6,67,67301,2016,4,1,1630,16,1,1,0,4,1, , ,N,3,0,0,3,0,1,2,2,N,N,39 57:52.193,75 10:40.224,1800, ,1800, ,0, , , ,0, , , , , ,168938, , , ,1,1,0,0,0,0,0,0,1,0,0,1,1,0,1,0,0,0,0,0,0,0,0,0,0,0,0,0,0,0,0,0,0,0,0,4,0,39.9645,-75.1779, , 
 ,13600,2016051287,6,67,67301,2016,4,4,2053,20,3,1,0,8,1, , ,N,0,0,0,3,0,1,2,2,N, ,40 02:27.591,75 09:26.818,2100, ,2055, ,0, ,N, ,0, , , , , ,168943, , , ,1,1,0,0,0,0,0,0,0,0,0,0,1,1,0,0,0,0,0,0,1,0,0,0,0,0,0,0,0,0,0,0,1,0,0,8,0,40.041,-75.1574, , 
 ,13601,2016063865,6,67,67301,2016,6,5,1827,18,1,1,0,7,4, , ,N,0,0,0,3,0,1,1,1,N,N,39 59:55.539,75 07:44.896,1827, ,1827,2,1,1,N, ,0,N, , , , ,168959, , , ,1,1,0,0,0,0,0,0,0,0,0,1,1,0,0,0,0,0,0,0,0,0,0,1,0,0,0,0,0,0,0,0,0,0,0,4,0,39.9988,-75.1291, , 
 ,13602,2016067832,6,67,67301,2016,5,7,30,0,3,1,0,5,6, , ,N,0,0,0,3,0,1,1,4,N,N,39 54:30.153,75 14:01.140,58, ,45, ,0, ,N, ,0, , , , , ,168964, , , ,4,3,0,0,1,0,0,0,0,0,1,0,1,0,0,0,0,0,0,0,0,0,0,0,0,0,0,0,0,0,0,0,0,0,0,3,0,39.9084,-75.2337, , 
 ,13603,2016091611,6,67,67301,2016,8,3,1615,16,1,1,0,7,5, , ,N,0,0,0,3,0,1,1,2,N,N,40 00:49.392,75 04:24.330,1623, ,1621, ,0, , , ,0, , , , , ,168987, , , ,2,1,0,0,1,0,0,0,0,0,0,0,1,1,0,0,0,0,0,0,0,0,0,0,0,0,0,0,0,0,0,0,0,0,0,8,0,40.0137,-75.0734, , 
 ,13604,2016091678,6,67,67301,2016,8,6,1648,16,1,1,0,1,1, , ,N,2,2,0,3,0,4,5,2,N,N,40 00:00.424,75 10:40.450,1700, ,1658, ,0, ,N, ,3, , , , , ,168990, , , ,2,0,0,0,0,0,0,2,0,0,0,0,4,4,0,0,0,0,0,0,0,0,0,0,0,0,0,0,0,0,0,0,0,0,0,8,0,40.0001,-75.1779, , 
 ,13605,2016087151,6,67,67301,2016,8,5,1315,13,1,1,0,4,1, , ,N,5,2,0,3,0,0,3,2,N,N,40 00:32.156,75 04:19.191,1428, ,1415, ,0, ,N, ,3, , , , , ,168992, , , ,2,0,0,0,0,0,2,0,0,0,0,0,0,0,0,0,0,0,0,0,0,0,0,0,0,0,0,0,0,0,0,0,0,0,0,0,0,40.0089,-75.0719, , 
 ,13606,2016031440,6,67,67301,2016,2,1,1926,19,3,1,0,1,1, , ,N,0,0,0,3,0,1,2,2,N,N,39 57:44.356,75 08:23.160,1952, ,1938, ,0, , , ,0, , , , , ,169016, , , ,2,2,0,0,0,0,0,0,0,0,0,0,1,1,0,0,0,0,0,0,0,0,0,0,0,0,0,0,0,0,0,0,0,0,0,8,0,39.9623,-75.1398, , 
 ,13607,2016033884,6,67,67301,2016,3,6,148,1,3,1,0,4,1, , ,N,1,3,0,3,0,1,2,2,N,N,39 58:33.531,75 09:34.070,150, ,150, ,0, ,N, ,3, , , , , ,169018, , , ,2,2,0,0,0,0,0,0,0,0,1,0,1,0,0,0,0,1,0,0,0,0,0,1,0,0,0,0,0,0,0,0,0,0,0,3,0,39.976,-75.1595, , 
 ,13608,2016037597,6,67,67301,2016,2,2,1406,14,1,1,0,7,1, , ,N,0,0,0,3,0,1,4,4,N,N,39 59:49.984,75 04:54.777,1411, ,1406, ,0, , , ,0, , , , , ,169021, , , ,4,0,0,0,1,1,2,0,0,0,0,1,1,0,1,0,0,0,0,0,1,0,0,0,0,0,0,0,0,0,0,0,0,0,0,4,1,39.9972,-75.0819, , 
 ,13609,2016050040,6,67,67301,2016,4,2,1930,19,4,2,1,4,1, , ,N,1,2,0,3,0,3,3,2,N,N,40 02:22.463,75 02:44.643,1934, ,1933, ,0, , , ,3, , , , , ,169034, , , ,2,1,0,0,0,0,1,0,0,0,0,2,3,1,0,0,0,0,0,0,1,0,0,0,0,0,0,0,0,0,0,0,0,0,0,4,0,40.0395,-75.0458, , 
 ,13610,2016067861,6,67,67301,2016,6,6,1843,18,1,1,0,4,1, , ,N,1,2,0,3,0,2,3,2,N, ,39 55:05.239,75 10:51.193,1846, ,1844, ,0, , , ,3, , , , , ,169046, , , ,2,1,0,0,0,0,1,0,0,0,0,2,2,0,0,0,0,1,0,0,0,0,0,0,0,0,0,0,0,0,0,0,0,0,0,4,0,39.9181,-75.1809, , 
 ,13611,2016013713,6,67,67301,2016,1,4,204,2,3,1,0,5,6, , ,N,0,0,0,3,0,1,2,2,N,N,39 54:44.587,75 14:34.774,231, ,228, ,0, ,N, ,0, , , , , ,169056, , , ,2,1,0,0,0,1,0,0,0,0,0,0,1,1,0,0,0,0,0,0,0,0,0,0,0,0,0,0,0,0,0,0,0,0,0,8,1,39.9124,-75.243, , 
 ,13612,2016019905,6,67,67301,2016,2,3,2319,23,3,1,0,4,1, , ,N,1,2,0,3,0,3,3,3,N,N,39 56:39.026,75 12:59.538,2323, ,2320, ,0, ,N, ,3, , , , , ,169058, , , ,3,3,0,0,0,0,0,0,0,0,0,3,3,0,0,0,0,0,0,0,0,0,0,0,0,0,0,0,0,0,0,0,0,0,0,4,0,39.9442,-75.2166, , 
 ,13613,2016033778,6,67,67301,2016,3,7,203,2,3,1,0,4,1, , ,N,1,2,0,3,0,2,4,3,N,N,39 54:21.113,75 11:37.838,209, ,206, ,0, ,N, ,3, , , , , ,169075, , , ,3,3,0,0,0,0,0,0,0,0,0,2,2,0,1,0,0,0,0,0,1,0,0,0,0,0,0,0,0,0,0,0,0,0,0,4,0,39.9057,-75.1938, , 
 ,13614,2016105961,6,67,67301,2016,9,7,1540,15,1,1,0,1,1, , ,N,0,2,0,3,0,1,2,2,N,N,39 55:17.293,75 11:28.435,2305, ,2305, ,0, ,N, ,3, , , , , ,171838, , , ,2,2,0,0,0,0,0,0,0,0,0,1,1,0,1,0,0,0,0,0,0,0,0,0,0,0,0,0,0,0,0,0,0,0,0,4,0,39.9215,-75.1912, , 
 ,13615,2016056020,6,67,67301,2016,5,4,1435,14,1,1,0,1,1, , ,N,2,3,0,3,0,1,2,2,N,N,39 56:43.288,75 08:37.867,1517, ,1512, ,0, ,N, ,3, , , , , ,171843, , , ,2,1,0,0,1,0,0,0,0,0,0,0,1,1,1,0,0,0,0,0,1,1,0,0,0,0,0,0,0,0,0,0,0,0,0,8,0,39.9454,-75.1439, , 
 ,13616,2016026873,6,67,67301,2016,2,3,9999,99,1,2,4,6,1, , ,N,3,2,0,3,0,0,3,2,N,N,40 05:38.581,75 01:51.296,915, ,9999, ,0, ,N, ,3, , , , , ,171866, , , ,2,1,0,0,0,0,1,0,0,0,0,0,0,0,2,0,0,0,0,0,1,0,0,0,0,0,0,0,0,0,0,0,0,0,0,9,0,40.0941,-75.0309, , 
 ,13617,2016031713,6,67,67301,2016,3,4,2101,21,3,1,0,6,6, , ,N,0,0,0,3,0,1,1,2,N,N,39 59:36.875,75 09:06.333,2101, ,2132, ,0, ,N, ,0, , , , , ,171871, , , ,2,2,0,0,0,0,0,0,0,0,0,1,1,0,0,0,0,0,0,0,1,0,0,0,0,0,0,0,0,0,0,0,0,0,0,4,0,39.9936,-75.1518, , 
 ,13618,2016052314,6,67,67301,2016,4,1,2300,23,2,1,0,5,6, , ,N,0,0,0,3,0,0,1,2,N, ,39 57:14.534,75 14:34.135,910, ,904, ,0, , , ,0, , , , , ,171888, , , ,2,2,0,0,0,0,0,0,0,0,0,0,0,0,1,0,0,0,0,0,0,0,0,0,0,0,0,0,0,0,0,0,0,0,0,9,0,39.954,-75.2428, , 
 ,13619,2016060455,6,67,67301,2016,5,1,728,7,1,1,0,7,5, , ,N,0,0,0,3,0,1,1,1,N,N,39 56:37.946,75 11:32.119,730, ,728,2,1,3, , ,0,N, , , , ,171895, , , ,1,1,0,0,0,0,0,0,0,1,0,0,1,0,0,0,0,0,0,0,0,0,1,1,0,1,0,0,0,0,0,0,0,0,0,2,0,39.9439,-75.1923, , 
 ,13620,2016008607,6,67,67301,2016,1,6,1000,10,1,1,0,1,1, , ,N,1,2,0,3,0,0,4,3,N,N,39 55:16.534,75 11:37.854,1000, ,950,1,1,3,N, ,3,N, , , , ,171900, , , ,3,2,0,0,0,0,1,0,0,0,0,0,0,0,1,0,0,0,0,0,1,1,0,0,0,0,0,0,0,0,0,0,0,0,0,9,0,39.9211,-75.1938, , 