wz_ln_closure,objectid_1,crn,district,county,municipality,crash_year,crash_month,day_of_week,time_of_day,hour_of_day,illumination,weather,road_condition,collision_type,relation_to_road,work_zone_type,work_zone_loc,work_zone_ind,intersect_type,tcd_type,location_type,urban_rural,fatal_count,injury_count,person_count,total_units,sch_bus_ind,sch_zone_ind,latitude,longitude,arrival_tm,cons_zone_spd_lim,dispatch_tm,est_hrs_closed,lane_closed,ln_close_dir,ntfy_hiwy_maint,spec_juris_cd,tcd_func_cd,tfc_detour_ind,workers_pres,wz_close_detour,wz_flagger,wz_law_offcr_ind,objectid,wz_moving,wz_other,wz_shlder_mdn,vehicle_count,automobile_count,motorcycle_count,bus_count,small_truck_count,heavy_truck_count,suv_count,van_count,bicycle_count,maj_inj_count,mod_inj_count,min_inj_count,tot_inj_count,unk_inj_deg_count,unk_inj_per_count,driver_count_16yr,driver_count_17yr,driver_count_18yr,driver_count_19yr,driver_count_20yr,driver_count_50_64yr,driver_count_65_74yr,driver_count_75plus,unbelted_occ_count,unb_death_count,unb_maj_inj_count,belted_death_count,belted_maj_inj_count,mcycle_death_count,mcycle_maj_inj_count,bicycle_death_count,bicycle_maj_inj_count,ped_count,ped_death_count,ped_maj_inj_count,max_severity_level,comm_veh_count,dec_lat,dec_long,rdwy_surf_type_cd,county_name
 ,13687,2016105884,6,67,67301,2016,9,4,1623,16,1,1,0,4,1, , ,N,1,2,0,3,0,1,3,2,N,N,39 55:38.416,75 08:41.201,1627, ,1625,3,2,1,N, ,3,Y, , , , ,171984, , , ,2,1,0,0,0,0,1,0,0,0,0,1,1,0,0,0,0,0,0,0,0,1,0,0,0,0,0,0,0,0,0,0,0,0,0,4,0,39.9273,-75.1448, , 
 ,13688,2016013874,6,67,67301,2016,1,7,2230,22,3,1,1,4,1, , ,N,1,2,0,3,0,0,2,2,N,N,40 03:57.346,75 09:33.410,2233, ,2230,2,2,5,N, ,3,Y, , , , ,172000, , , ,2,2,0,0,0,0,0,0,0,0,0,0,0,0,0,0,0,0,1,0,0,0,0,0,0,0,0,0,0,0,0,0,0,0,0,0,0,40.0659,-75.1593, , 
 ,13689,2016032010,6,67,67301,2016,3,3,1704,17,1,1,0,8,1, , ,N,1,2,0,3,0,1,2,2,N,N,39 59:59.072,75 08:18.639,1725, ,1704, ,0, ,N, ,3, , , , , ,172012, , , ,1,1,0,0,0,0,0,0,0,0,0,1,1,0,0,0,0,0,0,0,0,0,0,1,0,0,0,0,0,0,0,0,1,0,0,4,0,39.9997,-75.1385, , 
 ,13690,2016019891,6,67,67301,2016,1,6,2242,22,3,1,0,4,1, , ,N,1,2,0,3,0,2,3,3,N, ,40 02:16.088,75 04:28.064,2348, ,2331,2,1,2, , ,3,N, , , , ,172049, , , ,3,3,0,0,0,0,0,0,0,0,0,2,2,0,0,0,0,1,0,0,0,0,0,0,0,0,0,0,0,0,0,0,0,0,0,4,0,40.0378,-75.0745, , 
 ,13691,2016027493,6,67,67301,2016,3,6,1235,12,1,1,0,4,1, , ,N,2,3,0,3,0,1,4,2,N,N,39 57:33.984,75 11:55.262,1300, ,1240, ,0, ,N, ,3, , , , , ,172055, , , ,2,2,0,0,0,0,0,0,0,0,0,0,1,1,0,0,0,0,0,0,1,0,0,1,0,0,0,0,0,0,0,0,0,0,0,8,0,39.9594,-75.1987, , 
 ,13692,2016033826,6,67,67301,2016,3,3,535,5,3,1,0,5,1, , ,N,0,0,0,3,0,1,2,2,N,N,39 53:14.622,75 14:53.064,1247, ,1247, ,0, , , ,0, , , , , ,172059, , , ,2,1,0,0,0,1,0,0,0,0,0,1,1,0,0,0,0,0,0,0,0,0,0,0,0,0,0,0,0,0,0,0,0,0,0,4,1,39.8874,-75.2481, , 
 ,13693,2016040110,6,67,67301,2016,3,4,1225,12,1,1,0,4,1, , ,N,0,0,0,3,0,0,3,2,N,N,40 00:05.107,75 11:41.874,1244, ,1225,1,1,3, , ,0,N, , , , ,172064, , , ,2,1,0,0,0,0,1,0,0,0,0,0,0,0,0,0,0,0,0,0,1,0,1,0,0,0,0,0,0,0,0,0,0,0,0,0,0,40.0014,-75.195, , 
 ,13694,2016045727,6,67,67301,2016,4,2,439,4,3,2,1,1,6, , ,N,0,0,0,3,0,1,1,3,N,N,40 07:35.255,75 01:13.062,445, ,440, ,0, ,N, ,0, , , , , ,172067, , , ,3,3,0,0,0,0,0,0,0,0,0,0,1,1,0,0,0,0,0,0,0,0,0,0,0,0,0,0,0,0,0,0,0,0,0,8,0,40.1265,-75.0203, , 
 ,13695,2016049256,6,67,67301,2016,4,7,1216,12,1,1,0,1,1, , ,N,0,0,0,3,0,1,2,2,N,N,39 56:49.333,75 08:32.243,1234, ,1234, ,0, , , ,0, , , , , ,172069, , , ,2,0,0,0,0,0,2,0,0,0,1,0,1,0,0,0,0,0,0,0,0,0,1,0,0,0,0,0,0,0,0,0,0,0,0,3,0,39.947,-75.1423, , 
 ,13696,2016049325,6,67,67301,2016,5,4,1659,16,1,1,0,1,1, , ,N,0,0,0,3,0,0,2,2,N,N,39 58:39.490,75 06:44.265,1709, ,1700,1,1,2, , ,0,N, , , , ,172070, , , ,2,2,0,0,0,0,0,0,0,0,0,0,0,0,0,0,0,0,0,0,1,0,0,0,0,0,0,0,0,0,0,0,0,0,0,0,0,39.9776,-75.1123, , 
 ,13697,2016065654,6,67,67301,2016,6,6,1648,16,1,1,0,4,1, , ,N,0,0,7,3,0,1,2,2,N,N,39 56:15.759,75 09:55.724,1652, ,1650, ,0, ,N, ,0, , , , , ,172083, , , ,1,0,0,0,0,0,1,0,1,0,0,1,1,0,0,0,0,0,0,0,0,0,0,0,0,0,0,0,0,0,0,0,0,0,0,4,0,39.9377,-75.1655, , 
 ,13698,2016017003,6,67,67301,2016,1,6,742,7,1,1,0,8,1, , ,N,1,2,0,3,0,1,2,2,N,Y,40 06:46.663,75 01:22.836,755, ,747, ,0, ,N, ,3, , , , , ,172104, , , ,1,0,0,0,1,0,0,0,0,0,0,0,1,1,0,0,0,0,0,0,0,0,0,0,0,0,0,0,0,0,0,0,1,0,0,8,0,40.113,-75.023, , 
 ,13699,2016019889,6,67,67301,2016,2,7,2116,21,3,1,0,1,1, , ,N,1,2,0,3,0,1,6,2,N, ,39 55:27.728,75 10:10.600,2140, ,2136, ,0, , , ,3, , , , , ,172106, , , ,2,1,0,0,0,0,1,0,0,0,0,1,1,0,0,0,0,0,0,0,0,0,0,2,0,0,0,0,0,0,0,0,0,0,0,4,0,39.9244,-75.1696, , 
 ,13700,2016007523,6,67,67301,2016,1,1,453,4,3,1,0,7,4, , ,N,1,2,0,3,0,3,4,1,N, ,40 01:23.555,75 03:46.746,458, ,456, ,0, ,N, ,3, , , , , ,172137, , , ,1,1,0,0,0,0,0,0,0,0,1,2,3,0,1,0,0,0,0,0,0,0,0,1,0,0,0,0,0,0,0,0,0,0,0,3,0,40.0232,-75.063, , 
 ,13701,2016068729,6,67,67301,2016,6,4,1217,12,1,1,0,7,5, , ,N,1,2,0,3,0,6,6,2,N,N,40 02:01.849,75 07:41.314,1218, ,1217,3,2,7,N, ,3,Y, , , , ,172139, , , ,2,1,0,0,0,0,1,0,0,0,0,6,6,0,0,0,0,0,0,0,0,0,0,0,0,0,0,0,0,0,0,0,0,0,0,4,0,40.0338,-75.1281, , 
 ,13702,2016105506,6,67,67301,2016,9,6,1620,16,1,1,0,1,1, , ,N,1,2,0,3,0,1,3,2,N, ,40 01:40.095,75 05:55.134,1640, ,1623, ,0, , , ,3, , , , , ,172166, , , ,2,2,0,0,0,0,0,0,0,0,0,0,1,1,0,0,0,0,0,0,0,0,0,1,0,0,0,0,0,0,0,0,0,0,0,8,0,40.0278,-75.0986, , 
 ,13703,2016111145,6,67,67301,2016,10,4,1331,13,1,1,0,1,1, , ,N,0,0,0,3,0,1,2,2,N,N,39 57:57.450,75 11:11.401,1340, ,1331, ,0, , , ,0, , , , , ,172179, , , ,2,1,1,0,0,0,0,0,0,0,1,0,1,0,0,0,0,0,0,0,1,1,0,0,0,0,0,0,0,0,0,0,0,0,0,3,0,39.966,-75.1865, , 
 ,13704,2016061702,6,67,67301,2016,6,7,2010,20,2,1,0,1,1, , ,N,0,0,0,3,0,0,6,5,N,N,39 57:57.523,75 11:11.489,2054, ,2033, ,0, , , ,0, , , , , ,172184, , , ,5,3,0,0,0,0,2,0,0,0,0,0,0,0,0,0,0,0,0,0,0,0,0,0,0,0,0,0,0,0,0,0,0,0,0,0,0,39.966,-75.1865, , 
 ,13705,2016029814,6,67,67301,2016,2,1,1511,15,1,1,0,1,1, , ,N,1,2,0,3,0,2,4,2,N, ,39 56:25.327,75 14:11.791,1650, ,1649, ,0, , , ,3, , , , , ,177760, , , ,2,1,0,0,0,0,1,0,0,0,0,0,2,2,1,0,0,0,0,0,0,1,0,1,0,0,0,0,0,0,0,0,0,0,0,8,0,39.9404,-75.2366, , 
 ,13706,2016062678,6,67,67301,2016,5,2,224,2,3,2,1,5,6, , ,N,0,0,0,3,0,0,1,3,N,N,40 01:23.417,75 07:27.195,302, ,300, ,0, , , ,0, , , , , ,177779, , , ,3,2,0,0,0,0,1,0,0,0,0,0,0,0,1,0,0,0,0,0,0,0,0,0,0,0,0,0,0,0,0,0,0,0,0,9,0,40.0232,-75.1242, , 
 ,13707,2016063919,6,67,67301,2016,6,6,1010,10,1,1,0,4,1, , ,N,1,3,0,3,0,1,3,5,N,N,40 00:10.868,75 07:39.525,1016, ,1014, ,0, ,N, ,3, , , , , ,177833, , , ,5,2,0,0,0,0,1,2,0,0,0,1,1,0,1,0,0,0,0,0,1,0,0,0,0,0,0,0,0,0,0,0,0,0,0,4,0,40.003,-75.1276, , 
 ,13708,2016063934,6,67,67301,2016,6,4,1430,14,1,9,1,4,1, , ,N,1,2,0,3,0,1,2,2,N,N,40 01:50.211,75 03:17.181,146, ,142, ,0, ,N, ,3, , , , , ,177834, , , ,1,1,0,0,0,0,0,0,1,0,0,0,1,1,0,0,0,0,0,0,0,0,0,1,0,0,0,0,0,0,0,0,0,0,0,8,0,40.0306,-75.0548, , 
 ,13709,2016079029,6,67,67301,2016,8,6,1815,18,1,1,0,5,1, , ,N,0,0,0,3,0,0,2,2,N,N,40 00:16.603,75 09:07.705,1817, ,1815, ,0, ,N, ,0, , , , , ,177853, , , ,2,1,0,0,0,0,1,0,0,0,0,0,0,0,2,0,0,0,0,0,1,0,0,0,0,0,0,0,0,0,0,0,0,0,0,9,0,40.0046,-75.1521, , 
 ,13710,2016080094,6,67,67301,2016,7,1,1919,19,1,1,0,5,6, , ,N,0,2,0,3,0,0,3,4,N,N,39 56:54.935,75 13:02.265,1925, ,1919, ,0, ,N, ,3, , , , , ,177854, , , ,4,2,0,0,0,0,2,0,0,0,0,0,0,0,0,0,0,0,0,0,1,0,0,1,0,0,0,0,0,0,0,0,0,0,0,0,0,39.9486,-75.2173, , 
 ,13711,2016080527,6,67,67301,2016,7,2,645,6,1,1,0,1,1, , ,N,0,0,0,3,0,1,2,2,N, ,40 02:19.210,75 00:27.565,655, ,651, ,0, , , ,0, , , , , ,177855, , , ,2,0,1,0,0,0,1,0,0,0,0,0,1,1,0,0,0,0,0,0,2,0,0,0,0,0,0,0,0,0,0,0,0,0,0,8,0,40.0387,-75.0077, , 
 ,13712,2016080812,6,67,67301,2016,7,7,1510,15,1,1,0,1,1, , ,N,1,2,0,3,0,0,5,2,N,N,39 59:27.397,75 06:05.681,1523, ,1523, ,0, , , ,3, , , , , ,177856, , , ,2,1,0,0,0,0,1,0,0,0,0,0,0,0,0,0,0,0,0,0,0,0,0,0,0,0,0,0,0,0,0,0,0,0,0,0,0,39.9909,-75.1016, , 
 ,13713,2016008626,6,67,67301,2016,1,4,710,7,1,1,0,4,1, , ,N,2,3,7,3,0,1,2,2,N,N,40 01:35.680,75 09:33.469,727, ,727, ,0, ,N, ,3, , , , , ,177878, , , ,2,2,0,0,0,0,0,0,0,0,0,1,1,0,0,0,0,0,0,0,0,0,1,0,0,0,0,0,0,0,0,0,0,0,0,4,0,40.0266,-75.1593, , 
 ,13714,2016013301,6,67,67301,2016,1,5,1300,13,1,1,0,1,1, , ,N,2,2,0,3,0,1,3,3,N, ,39 59:38.577,75 14:29.837,1306, ,1304, ,0, , , ,3, , , , , ,177879, , , ,3,3,0,0,0,0,0,0,0,0,0,1,1,0,0,0,0,0,0,0,0,1,0,0,0,0,0,0,0,0,0,0,0,0,0,4,0,39.994,-75.2416, , 
 ,13715,2016013925,6,67,67301,2016,1,5,930,9,1,1,0,8,1, , ,N,1,2,0,3,0,1,2,2,N,N,40 01:14.970,75 07:05.771,934, ,934, ,0, ,N, ,3, , , , , ,177881, , , ,1,0,0,0,0,0,1,0,0,0,0,1,1,0,0,0,0,0,0,0,0,0,0,0,0,0,0,0,0,0,0,0,1,0,0,4,0,40.0208,-75.1183, , 
 ,13716,2016033783,6,67,67301,2016,3,1,2200,22,3,2,1,7,5, , ,N,0,0,0,3,0,1,1,1,N,N,39 56:52.554,75 13:38.573,1010, ,1007, ,0, , , ,0, , , , , ,177897, , , ,1,0,0,0,1,0,0,0,0,0,0,1,1,0,0,0,0,0,0,0,0,0,0,1,0,0,0,0,0,0,0,0,0,0,0,4,0,39.9479,-75.2274, , 
 ,13717,2016052395,6,67,67301,2016,4,7,1730,17,1,1,0,8,1, , ,N,1,2,0,3,0,1,2,2,N,N,39 57:12.850,75 10:23.484,1740, ,1734, ,0, ,N, ,3, , , , , ,177912, , , ,1,0,0,0,0,0,1,0,0,0,0,1,1,0,1,0,0,0,0,0,0,0,0,0,0,0,0,0,0,0,0,0,1,0,0,4,0,39.9536,-75.1732, , 
 ,13718,2016062645,6,67,67301,2016,5,4,204,2,3,1,0,5,6, , ,N,0,0,0,3,0,0,1,2,N,N,39 58:05.239,75 09:41.180,220, ,216, ,0, ,N, ,0, , , , , ,177929, , , ,2,1,0,0,0,0,0,0,0,0,0,0,0,0,1,0,0,0,0,0,0,0,0,0,0,0,0,0,0,0,0,0,0,0,0,9,0,39.9681,-75.1614, , 
 ,13719,2016080098,6,67,67301,2016,6,5,946,9,1,2,0,7,4, , ,N,0,0,0,3,0,1,1,1,N, ,39 56:55.126,75 13:45.567,952, ,948, ,0, , , ,0, , , , , ,177940, , , ,1,1,0,0,0,0,0,0,0,0,1,0,1,0,0,0,0,0,0,0,0,0,0,1,0,0,0,0,0,0,0,0,0,0,0,3,0,39.9486,-75.2293, , 
 ,13720,2016080263,6,67,67301,2016,6,7,250,2,3,1,0,5,6, , ,N,0,0,0,3,0,0,1,5,N,N,39 56:47.056,75 14:41.013,306, ,252, ,0, ,N, ,0, , , , , ,177941, , , ,5,4,0,0,0,0,1,0,0,0,0,0,0,0,0,0,0,0,0,0,0,0,0,0,0,0,0,0,0,0,0,0,0,0,0,0,0,39.9464,-75.2447, , 
 ,13721,2016080720,6,67,67301,2016,6,4,825,8,1,1,0,4,1, , ,N,1,2,0,3,0,0,2,2,N,N,39 56:18.900,75 11:54.432,832, ,828,1,1,3,N, ,3,N, , , , ,177942, , , ,2,1,0,0,0,0,1,0,0,0,0,0,0,0,0,0,0,0,0,0,0,0,0,0,0,0,0,0,0,0,0,0,0,0,0,0,0,39.9386,-75.1985, , 
 ,13722,2016089394,6,67,67301,2016,7,6,1727,17,1,1,0,7,5, , ,N,0,0,0,3,0,1,1,1,N,N,39 59:17.256,75 15:16.009,1733, ,1728,1,2,2, , ,0,N, , , , ,177945, , , ,1,1,0,0,0,0,0,0,0,0,1,0,1,0,0,0,0,0,0,0,1,0,0,1,0,0,0,0,0,0,0,0,0,0,0,3,0,39.9881,-75.2544, , 
 ,13723,2016047002,6,67,67301,2016,4,3,1326,13,1,1,0,5,1, , ,N,0,0,0,3,0,1,2,3,N, ,40 01:11.330,75 03:01.009,1355, ,1350, ,0, , , ,0, , , , , ,175293, , , ,3,2,0,0,0,0,0,0,0,0,0,1,1,0,0,0,0,0,0,0,1,0,0,0,0,0,0,0,0,0,0,0,0,0,0,4,0,40.0198,-75.0503, , 
 ,13724,2016056055,6,67,67301,2016,5,2,1859,18,1,8,0,4,1, , ,N,1,2,0,3,0,2,4,2,N, ,39 59:09.524,75 09:58.003,1915, ,1908, ,0, , , ,3, , , , , ,175297, , , ,2,0,0,0,0,0,2,0,0,0,0,0,2,2,1,0,0,0,0,0,0,0,0,0,0,0,0,0,0,0,0,0,0,0,0,8,0,39.986,-75.1661, , 
 ,13725,2016062517,6,67,67301,2016,5,3,1812,18,1,1,0,1,1, , ,N,0,0,0,3,0,1,1,4,N,N,40 00:59.980,75 09:07.681,1820, ,1818,1,1,4,N, ,0,N, , , , ,175308, , , ,4,1,0,0,0,0,2,1,0,0,1,0,1,0,0,0,0,0,0,0,0,0,0,0,0,0,0,0,0,0,0,0,0,0,0,3,0,40.0167,-75.1521, , 
 ,13726,2016068725,6,67,67301,2016,6,2,1202,12,1,1,0,4,1, , ,N,1,3,0,3,0,1,4,2,N,N,40 01:41.404,75 02:31.106,1212, ,1206, ,0, , , ,3, , , , , ,175312, , , ,2,1,0,0,0,0,1,0,0,0,0,0,1,1,1,0,0,0,1,0,0,0,0,0,0,0,0,0,0,0,0,0,0,0,0,8,0,40.0282,-75.042, , 
 ,13727,2016033172,6,67,67301,2016,3,1,435,4,3,1,0,1,1, , ,N,0,0,0,3,0,1,2,2,N,N,39 58:23.146,75 07:15.414,435, ,435,2,2,2, , ,0,N, , , , ,175340, , , ,2,1,0,0,0,0,1,0,0,1,0,0,1,0,0,0,0,0,0,0,0,0,0,0,0,0,0,1,0,0,0,0,0,0,0,2,0,39.9731,-75.1209, , 
 ,13728,2016053287,6,67,67301,2016,4,4,556,5,1,1,0,1,1, , ,N,0,0,0,3,0,0,2,2,N,N,40 01:08.783,75 02:46.392,615, ,556,2,2,2, , ,0,Y, , , , ,175358, , , ,2,1,0,0,1,0,0,0,0,0,0,0,0,0,0,0,0,0,0,0,0,0,0,0,0,0,0,0,0,0,0,0,0,0,0,0,0,40.0191,-75.0462, , 
 ,13729,2016080519,6,67,67301,2016,6,6,2100,21,3,1,0,6,1, , ,N,0,0,0,3,0,1,2,2,N,N,40 02:58.521,74 59:56.324,2105, ,2100, ,0, ,N, ,0, , , , , ,175375, , , ,2,1,1,0,0,0,0,0,0,0,1,0,1,0,0,0,1,0,0,0,0,0,0,0,0,0,0,0,0,0,0,0,0,0,0,3,0,40.0496,-74.999, , 
 ,13730,2016106304,6,67,67301,2016,9,3,1650,16,1,1,0,7,3, , ,N,0,0,0,3,0,1,1,1,N,N,40 03:07.127,75 03:02.609,1710, ,1659,2,1,1,N, ,0,N, , , , ,175400, , , ,1,0,0,0,0,0,1,0,0,0,0,0,1,1,0,0,0,0,0,0,1,0,0,0,0,0,0,0,0,0,0,0,0,0,0,8,0,40.052,-75.0507, , 
 ,13731,2016099487,6,67,67301,2016,9,5,1110,11,1,1,0,5,1, , ,N,0,2,0,3,0,0,5,3,N,N,40 01:30.284,75 07:33.883,1116, ,1114,1,1,3,N, ,3,N, , , , ,175405, , , ,3,0,0,0,0,0,3,0,0,0,0,0,0,0,0,0,0,0,0,0,1,0,0,0,0,0,0,0,0,0,0,0,0,0,0,0,0,40.0251,-75.1261, , 
 ,13732,2016120463,6,67,67301,2016,10,7,624,6,3,1,0,4,1, , ,N,3,2,0,3,0,3,5,2,N,N,39 58:02.906,75 10:51.624,627, ,624, ,0, ,N, ,3, , , , , ,175407, , , ,2,0,0,0,0,0,2,0,0,0,0,0,3,3,2,0,0,0,0,0,0,0,0,2,0,0,0,0,0,0,0,0,0,0,0,8,0,39.9675,-75.181, , 
 ,13733,2016013986,6,67,67301,2016,1,1,1715,17,4,1,0,8,1, , ,N,5,2,0,3,0,1,2,2,N,N,39 59:40.590,75 09:35.349,1745, ,1715, ,0, ,N, ,3, , , , , ,175419, , , ,1,1,0,0,0,0,0,0,0,0,0,1,1,0,0,0,0,0,0,0,0,0,0,0,0,0,0,0,0,0,0,0,1,0,0,4,0,39.9946,-75.1598, , 
 ,13734,2016022051,6,67,67301,2016,2,5,1710,17,3,1,0,4,1, , ,N,1,2,0,3,0,0,2,2,N,N,39 55:58.508,75 08:55.373,1750, ,1744, ,0, , , ,3, , , , , ,175427, , , ,2,2,0,0,0,0,0,0,0,0,0,0,0,0,0,0,0,0,0,0,0,0,0,0,0,0,0,0,0,0,0,0,0,0,0,0,0,39.9329,-75.1487, , 
 ,13735,2016027545,6,67,67301,2016,2,7,1825,18,3,1,0,4,1, , ,N,2,2,0,3,0,1,2,2,N, ,40 03:46.988,75 05:11.702,1853, ,1849, ,0, , , ,3, , , , , ,175432, , , ,2,0,0,0,0,0,2,0,0,0,0,1,1,0,0,0,0,0,0,0,1,0,0,0,0,0,0,0,0,0,0,0,0,0,0,4,0,40.0631,-75.0866, , 
 ,13736,2016036508,6,67,67301,2016,3,4,800,8,1,1,0,4,1, , ,N,1,3,0,3,0,1,2,2,N,N,40 01:57.187,75 01:57.341,805, ,800, ,0, , , ,3, , , , , ,175438, , , ,2,1,1,0,0,0,0,0,0,0,0,0,1,1,0,0,0,1,0,0,0,0,0,0,0,0,0,0,0,0,0,0,0,0,0,8,0,40.0326,-75.0326, , 
 ,13737,2016040181,6,67,67301,2016,4,2,1654,16,1,2,1,1,1, , ,N,0,0,0,3,0,1,2,2,N,N,39 53:54.057,75 10:54.753,1718, ,1705, ,0, , , ,0, , , , , ,175445, , , ,2,1,0,0,0,0,1,0,0,0,1,0,1,0,0,0,0,0,0,0,1,0,0,0,0,0,0,0,0,0,0,0,0,0,0,3,0,39.8983,-75.1819, , 
 ,13738,2016040859,6,67,67301,2016,4,1,940,9,1,1,0,4,1, , ,N,1,2,0,3,0,1,2,2,N,N,40 02:34.252,75 03:47.603,941, ,941, ,0, , , ,3, , , , , ,175446, , , ,2,1,0,0,0,0,1,0,0,0,0,1,1,0,0,0,0,0,0,0,2,0,0,0,0,0,0,0,0,0,0,0,0,0,0,4,0,40.0428,-75.0631, , 
 ,13739,2016046121,6,67,67301,2016,4,3,1852,18,1,1,0,4,1, , ,N,1,2,0,3,0,2,2,2,N,N,40 01:39.104,75 08:47.126,1906, ,1906, ,0, ,N, ,3, , , , , ,175449, , , ,2,1,0,0,0,0,0,1,0,0,1,1,2,0,0,0,0,0,0,0,1,0,0,0,0,0,0,0,0,0,0,0,0,0,0,3,0,40.0275,-75.1464, , 
 ,13740,2016046972,6,67,67301,2016,4,4,1530,15,1,1,0,5,1, , ,N,5,2,0,3,0,1,3,2,N,N,40 03:11.822,75 05:31.233,1645, ,1630, ,0, ,N, ,3, , , , , ,175450, , , ,2,1,0,1,0,0,0,0,0,0,0,0,1,1,0,0,0,0,0,0,0,1,0,0,0,0,0,0,0,0,0,0,0,0,0,8,1,40.0533,-75.092, , 
Y,13741,2016041106,6,67,67301,2016,4,6,39,0,3,1,0,1,1,1,4,Y,0,0,0,3,0,1,2,2,N,N,40 00:08.707,75 04:41.764,102,45,40,1,1,2, , ,0,N,N,N,N,N,169281,N,N,N,2,2,0,0,0,0,0,0,0,0,1,0,1,0,0,0,0,0,0,0,1,0,0,0,0,0,0,0,0,0,0,0,0,0,0,3,0,40.0024,-75.0783, , 
 ,13742,2016026121,6,67,67301,2016,2,5,1940,19,3,1,0,8,1, , ,N,0,0,0,3,0,1,3,2,N,N,40 02:34.393,75 03:09.698,1948, ,1946, ,0, , , ,0, , , , , ,169299, , , ,1,0,0,0,0,0,1,0,0,0,1,0,1,0,0,0,0,0,0,0,0,0,0,1,0,0,0,0,0,0,0,0,1,0,0,3,0,40.0429,-75.0527, , 
 ,13743,2016042524,6,67,67301,2016,4,7,1316,13,1,2,1,7,3, , ,N,0,0,0,3,0,0,1,1,N,N,39 55:21.237,75 08:52.020,1335, ,1326,2,1,2, , ,0,N, , , , ,169310, , , ,1,1,0,0,0,0,0,0,0,0,0,0,0,0,0,0,0,0,0,0,0,0,0,0,0,0,0,0,0,0,0,0,0,0,0,0,0,39.9226,-75.1478, , 
 ,13744,2016046099,6,67,67301,2016,4,1,9999,99,1,1,0,4,1, , ,N,1,1,0,3,0,2,4,2,N,N,39 59:05.157,75 07:00.015,1457, ,1456,1,1,4,N, ,3,N, , , , ,169313, , , ,2,0,1,0,0,0,0,1,0,0,0,0,2,2,0,1,0,0,0,0,1,0,0,2,0,0,0,0,0,0,0,0,0,0,0,8,0,39.9848,-75.1167, , 
 ,13745,2016053687,6,67,67301,2016,5,1,1739,17,1,1,0,7,3, , ,N,6,0,2,3,0,2,3,2,N, ,40 00:49.241,75 10:46.383,1746, ,1742,1,1,2, , ,0,N, , , , ,169317, , , ,1,1,0,0,0,0,0,0,0,0,0,2,2,0,0,0,0,0,0,0,0,0,0,3,0,0,0,0,0,0,0,0,0,0,0,4,0,40.0137,-75.1796, , 
 ,13746,2016064035,6,67,67301,2016,6,2,1319,13,1,1,0,1,1, , ,N,2,2,0,3,0,0,2,2,N,N,40 03:16.658,75 00:35.920,1329, ,1323, ,0, ,N, ,3, , , , , ,169331, , , ,2,1,0,0,0,0,1,0,0,0,0,0,0,0,0,0,0,0,0,0,0,0,0,0,0,0,0,0,0,0,0,0,0,0,0,0,0,40.0546,-75.01, , 
 ,13747,2016013774,6,67,67301,2016,1,1,2003,20,3,8,5,7,4, , ,N,0,0,0,3,0,2,2,1,N,N,40 03:41.236,74 59:36.074,2008, ,2005, ,0, , , ,0, , , , , ,169353, , , ,1,1,0,0,0,0,0,0,0,0,0,0,2,2,0,0,0,0,0,0,0,0,0,0,0,0,0,0,0,0,0,0,0,0,0,8,0,40.0615,-74.9934, , 
 ,13748,2016016593,6,67,67301,2016,1,5,753,7,1,1,6,1,1, , ,N,1,2,0,3,0,1,2,2,N, ,39 56:37.683,75 13:22.061,848, ,840, ,0, , , ,3, , , , , ,169354, , , ,2,2,0,0,0,0,0,0,0,0,0,1,1,0,0,0,0,0,0,0,1,0,0,0,0,0,0,0,0,0,0,0,0,0,0,4,0,39.9438,-75.2228, , 
 ,13749,2016029835,6,67,67301,2016,3,3,2210,22,3,1,0,5,6, , ,N,0,0,0,3,0,2,2,3,N, ,40 03:32.576,75 09:44.431,2227, ,2204, ,0, , , ,0, , , , , ,169367, , , ,3,1,0,0,0,0,1,0,0,0,1,1,2,0,0,0,0,0,0,0,0,0,0,0,0,0,0,0,0,0,0,0,0,0,0,3,0,40.059,-75.1623, , 
 ,13750,2016034993,6,67,67301,2016,2,7,156,1,3,1,0,7,5, , ,N,0,0,0,3,0,0,1,1,N,N,40 04:55.560,74 59:59.316,223, ,219, ,0, , , ,0, , , , , ,169374, , , ,1,1,0,0,0,0,0,0,0,0,0,0,0,0,0,0,0,0,0,0,0,0,0,0,0,0,0,0,0,0,0,0,0,0,0,0,0,40.0821,-74.9998, , 
 ,13751,2016034997,6,67,67301,2016,2,2,2107,21,3,1,0,5,6, , ,N,0,0,0,3,0,0,1,3,N, ,40 03:29.547,75 10:39.342,2204, ,2157, ,0, , , ,0, , , , , ,169375, , , ,3,2,0,0,1,0,0,0,0,0,0,0,0,0,1,0,0,0,0,0,0,0,0,0,0,0,0,0,0,0,0,0,0,0,0,9,0,40.0582,-75.1776, , 
 ,13752,2016019766,6,67,67301,2016,1,5,1622,16,1,1,0,1,1, , ,N,1,2,0,3,0,1,2,2,N, ,39 57:07.894,75 14:26.897,1700, ,1626, ,0, , , ,3, , , , , ,169398, , , ,2,1,0,0,0,0,1,0,0,0,1,0,1,0,0,0,0,0,0,0,0,0,0,0,0,0,0,0,0,0,0,0,0,0,0,3,0,39.9522,-75.2408, , 
 ,13753,2016019864,6,67,67301,2016,2,7,426,4,3,1,0,1,6, , ,N,0,0,0,3,0,0,1,3,N,N,40 02:40.384,75 03:41.070,427, ,426,1,1,1,N, ,0,Y, , , , ,169399, , , ,3,2,0,0,0,0,1,0,0,0,0,0,0,0,0,0,0,0,0,0,0,0,0,0,0,0,0,0,0,0,0,0,0,0,0,0,0,40.0446,-75.0614, , 