wz_ln_closure,objectid_1,crn,district,county,municipality,crash_year,crash_month,day_of_week,time_of_day,hour_of_day,illumination,weather,road_condition,collision_type,relation_to_road,work_zone_type,work_zone_loc,work_zone_ind,intersect_type,tcd_type,location_type,urban_rural,fatal_count,injury_count,person_count,total_units,sch_bus_ind,sch_zone_ind,latitude,longitude,arrival_tm,cons_zone_spd_lim,dispatch_tm,est_hrs_closed,lane_closed,ln_close_dir,ntfy_hiwy_maint,spec_juris_cd,tcd_func_cd,tfc_detour_ind,workers_pres,wz_close_detour,wz_flagger,wz_law_offcr_ind,objectid,wz_moving,wz_other,wz_shlder_mdn,vehicle_count,automobile_count,motorcycle_count,bus_count,small_truck_count,heavy_truck_count,suv_count,van_count,bicycle_count,maj_inj_count,mod_inj_count,min_inj_count,tot_inj_count,unk_inj_deg_count,unk_inj_per_count,driver_count_16yr,driver_count_17yr,driver_count_18yr,driver_count_19yr,driver_count_20yr,driver_count_50_64yr,driver_count_65_74yr,driver_count_75plus,unbelted_occ_count,unb_death_count,unb_maj_inj_count,belted_death_count,belted_maj_inj_count,mcycle_death_count,mcycle_maj_inj_count,bicycle_death_count,bicycle_maj_inj_count,ped_count,ped_death_count,ped_maj_inj_count,max_severity_level,comm_veh_count,dec_lat,dec_long,rdwy_surf_type_cd,county_name
 ,14219,2016022010,6,67,67301,2016,2,5,1730,17,4,1,0,8,1, , ,N,1,2,0,3,0,1,2,2,N,N,40 01:20.289,75 09:43.290,1740, ,1732, ,0, , , ,3, , , , , ,179088, , , ,1,0,0,0,0,0,0,0,0,0,0,1,1,0,0,0,0,0,0,0,0,0,0,0,0,0,0,0,0,0,0,0,1,0,0,4,0,40.0223,-75.162, , 
 ,14220,2016038188,6,67,67301,2016,3,7,9999,99,1,1,0,4,1, , ,N,1,2,0,3,0,0,2,2,N, ,39 58:11.253,75 08:29.393,0, ,9999,3,1,3, , ,3,N, , , , ,179102, , , ,2,1,0,0,1,0,0,0,0,0,0,0,0,0,0,0,0,0,0,0,0,0,0,1,0,0,0,0,0,0,0,0,0,0,0,0,0,39.9697,-75.1416, , 
 ,14221,2016040974,6,67,67301,2016,4,6,1220,12,1,1,0,4,1, , ,N,2,2,0,3,0,0,2,2,N, ,40 05:06.085,75 13:43.966,1225, ,1220, ,0, ,N, ,3, , , , , ,179104, , , ,2,1,0,0,0,0,1,0,0,0,0,0,0,0,0,1,0,0,0,0,0,0,0,0,0,0,0,0,0,0,0,0,0,0,0,0,0,40.085,-75.2289, , 
 ,14222,2016045353,6,67,67301,2016,4,6,2010,20,1,1,0,8,1, , ,N,0,0,0,3,0,1,2,2,N,N,40 02:44.041,75 10:47.226,2016, ,2012,1,2,6,N, ,0,Y, , , , ,179109, , , ,1,1,0,0,0,0,0,0,0,0,0,1,1,0,0,0,0,0,0,0,0,0,0,0,0,0,0,0,0,0,0,0,1,0,0,4,0,40.0456,-75.1798, , 
 ,14223,2016052410,6,67,67301,2016,4,1,1715,17,1,1,0,4,1, , ,N,1,2,0,3,0,1,2,2,N,N,39 57:20.669,75 12:56.254,1834, ,1832, ,0, ,N, ,3, , , , , ,179122, , , ,2,0,0,0,0,0,1,1,0,0,0,1,1,0,1,0,0,0,0,0,1,0,0,0,0,0,0,0,0,0,0,0,0,0,0,4,0,39.9557,-75.2156, , 
 ,14224,2016016557,6,67,67301,2016,1,1,1900,19,3,1,0,7,4, , ,N,1,2,0,3,0,1,1,1,N,N,40 01:23.199,75 08:12.918,1901, ,1900,2,1,2,N, ,3,N, , , , ,179139, , , ,1,0,0,0,0,0,1,0,0,0,0,0,1,1,0,0,0,0,0,0,0,0,0,0,0,0,0,0,0,0,0,0,0,0,0,8,0,40.0231,-75.1369, , 
 ,14225,2016025999,6,67,67301,2016,2,1,1310,13,1,1,0,4,1, , ,N,1,2,0,3,0,2,3,2,N, ,39 58:46.461,75 10:15.811,1542, ,1537, ,0, , , ,3, , , , , ,179147, , , ,2,1,0,0,0,0,0,1,0,0,2,0,2,0,0,0,0,0,0,0,0,0,0,1,0,0,0,0,0,0,0,0,0,0,0,3,0,39.9796,-75.1711, , 
 ,14226,2016033788,6,67,67301,2016,3,7,1140,11,1,1,0,1,1, , ,N,3,0,2,3,0,2,4,3,N,N,40 02:56.810,75 00:09.765,1200, ,1150,2,1,1,N, ,0,Y, , , , ,179154, , , ,3,2,0,0,0,0,1,0,0,0,1,1,2,0,0,0,0,0,0,0,0,0,0,0,0,0,0,0,0,0,0,0,0,0,0,3,0,40.0488,-75.0016, , 
 ,14227,2016065618,6,67,67301,2016,6,2,1625,16,1,1,0,8,1, , ,N,2,2,0,3,0,1,2,2,N,N,39 57:11.353,75 14:55.491,1756, ,1755, ,0, ,N, ,3, , , , , ,179189, , , ,1,0,0,0,0,0,1,0,0,0,0,1,1,0,0,0,0,0,0,0,0,0,0,0,0,0,0,0,0,0,0,0,1,0,0,4,0,39.9532,-75.2487, , 
 ,14228,2016088454,6,67,67301,2016,8,4,1602,16,1,1,0,7,4, , ,N,0,0,0,3,0,0,1,1,N,N,39 55:54.085,75 08:43.859,1617, ,1612, ,0, , , ,0, , , , , ,179200, , , ,1,1,0,0,0,0,0,0,0,0,0,0,0,0,0,0,0,0,1,0,0,0,0,0,0,0,0,0,0,0,0,0,0,0,0,0,0,39.9317,-75.1455, , 
 ,14229,2016080460,6,67,67301,2016,7,4,1510,15,1,1,0,4,1, , ,N,1,3,0,3,0,2,4,2,N,N,40 00:29.314,75 09:40.503,1510, ,1510, ,0, ,N, ,3, , , , , ,179202, , , ,2,1,0,0,0,0,0,1,0,0,0,0,2,2,0,0,0,0,0,0,0,0,0,0,0,0,0,0,0,0,0,0,0,0,0,8,0,40.0081,-75.1613, , 
 ,14230,2016092068,6,67,67301,2016,8,5,1610,16,1,1,0,4,1, , ,N,1,2,0,3,0,0,2,2,N,N,39 57:12.850,75 10:23.484,1645, ,1637, ,0, ,N, ,3, , , , , ,179203, , , ,2,2,0,0,0,0,0,0,0,0,0,0,0,0,0,0,0,0,0,0,2,0,0,0,0,0,0,0,0,0,0,0,0,0,0,0,0,39.9536,-75.1732, , 
 ,14231,2016087192,6,67,67301,2016,8,7,1820,18,1,1,0,5,1, , ,N,0,0,0,3,0,1,2,2,N, ,39 56:23.694,75 09:53.496,1839, ,1823, ,0, , , ,0, , , , , ,179210, , , ,2,1,0,0,0,0,0,0,0,0,0,1,1,0,0,0,0,0,0,0,0,0,0,0,0,0,0,0,0,0,0,0,0,0,0,4,0,39.9399,-75.1649, , 
 ,14232,2016097676,6,67,67301,2016,9,7,1000,10,1,1,0,5,1, , ,N,0,0,0,3,0,0,3,4,N, ,40 00:47.715,75 04:07.554,1000, ,1000, ,0, , , ,0, , , , , ,179213, , , ,3,2,0,0,0,0,0,1,0,0,0,0,0,0,0,0,0,0,0,0,1,0,0,3,0,0,0,0,0,0,0,0,0,0,0,0,0,40.0133,-75.0688, , 
 ,14233,2016016566,6,67,67301,2016,1,5,253,2,3,1,6,7,4, , ,N,0,0,0,3,0,0,2,1,N,N,39 59:12.595,75 12:24.189,253, ,253,9,2,6,N, ,0,N, , , , ,179226, , , ,1,1,0,0,0,0,0,0,0,0,0,0,0,0,0,0,0,0,0,0,0,0,0,0,0,0,0,0,0,0,0,0,0,0,0,0,0,39.9868,-75.2067, , 
 ,14234,2016044612,6,67,67301,2016,4,7,0,0,2,2,1,1,1, , ,N,0,0,0,3,0,0,4,2,N,N,39 58:46.240,75 13:05.204,2135, ,2100, ,0, ,N, ,0, , , , , ,176663, , , ,2,2,0,0,0,0,0,0,0,0,0,0,0,0,0,0,0,0,0,0,0,0,0,1,0,0,0,0,0,0,0,0,0,0,0,0,0,39.9795,-75.2181, , 
 ,14235,2016056019,6,67,67301,2016,5,7,1730,17,1,2,1,4,1, , ,N,1,2,0,3,0,0,6,2,N, ,39 59:17.101,75 09:27.205,1744, ,1744, ,0, , , ,3, , , , , ,176703, , , ,2,0,0,0,0,0,2,0,0,0,0,0,0,0,5,0,0,0,0,0,0,0,0,1,0,0,0,0,0,0,0,0,0,0,0,9,0,39.9881,-75.1575, , 
 ,14236,2016058184,6,67,67301,2016,5,4,1225,12,1,1,0,7,3, , ,N,0,0,0,3,0,1,5,2,N,N,39 56:55.252,75 08:30.708,1225, ,1225, ,0, , , ,0, , , , , ,176705, , , ,2,0,0,0,0,0,2,0,0,0,0,0,1,1,0,0,0,0,0,0,1,0,0,1,0,0,0,0,0,0,0,0,0,0,0,8,0,39.9487,-75.1419, , 
 ,14237,2016067827,6,67,67301,2016,5,1,310,3,3,1,0,7,3, , ,N,0,0,0,3,0,2,2,1,N,N,40 00:46.775,75 10:49.968,9999, ,9999, ,0, ,N, ,0, , , , , ,176708, , , ,1,1,0,0,0,0,0,0,0,0,0,2,2,0,0,0,0,0,0,0,0,0,0,0,0,0,0,0,0,0,0,0,0,0,0,4,0,40.013,-75.1805, , 
 ,14238,2016063987,6,67,67301,2016,6,5,1720,17,1,1,0,4,1, , ,N,0,0,7,3,0,2,2,2,N,N,39 59:10.877,75 12:03.498,1730, ,1722,2,1,2,N, ,0,N, , , , ,176717, , , ,2,1,0,0,0,0,1,0,0,0,2,0,2,0,0,0,0,0,0,0,0,0,0,0,0,0,0,0,0,0,0,0,0,0,0,3,0,39.9864,-75.201, , 
 ,14239,2016080102,6,67,67301,2016,6,5,9999,99,3,1,0,1,1, , ,N,1,2,0,3,0,1,3,3,N, ,39 59:07.606,75 05:48.056,2330, ,2329, ,0, , , ,3, , , , , ,176726, , , ,3,3,0,0,0,0,0,0,0,0,0,1,1,0,0,0,0,0,0,0,1,0,0,1,0,0,0,0,0,0,0,0,0,0,0,4,0,39.9854,-75.0967, , 
 ,14240,2016084618,6,67,67301,2016,8,6,5,0,3,1,0,5,1, , ,N,0,0,0,3,0,1,2,2,N, ,39 57:59.106,75 13:29.402,145, ,145, ,0, , , ,0, , , , , ,176732, , , ,2,0,0,0,0,0,1,0,0,0,0,1,1,0,0,0,0,0,0,0,1,0,0,0,0,0,0,0,0,0,0,0,0,0,0,4,0,39.9664,-75.2248, , 
 ,14241,2016105608,6,67,67301,2016,9,1,1420,14,1,1,0,5,1, , ,N,0,0,0,3,0,2,4,2,N,N,40 01:59.902,75 04:19.196,1433, ,1430, ,0, ,N, ,0, , , , , ,176752, , , ,2,0,0,1,0,0,1,0,0,0,0,2,2,0,0,0,0,0,0,0,0,0,0,0,0,0,0,0,0,0,0,0,0,0,0,4,1,40.0333,-75.072, , 
 ,14242,2016108630,6,67,67301,2016,9,5,1915,19,3,2,1,8,1, , ,N,0,0,0,3,0,1,2,2,N,N,40 00:35.888,75 09:59.719,1923, ,1921, ,0, ,N, ,0, , , , , ,176754, , , ,1,0,0,0,0,0,1,0,0,0,0,1,1,0,0,0,0,0,0,0,0,1,0,0,0,0,0,0,0,0,0,0,1,0,0,4,0,40.01,-75.1666, , 
 ,14243,2016052379,6,67,67301,2016,5,2,805,8,1,1,0,8,1, , ,N,1,2,0,3,0,1,2,2,N,N,39 56:59.326,75 09:19.840,810, ,810,1,2,1,N, ,3,Y, , , , ,176760, , , ,1,0,0,0,0,0,0,1,0,0,0,0,1,1,0,0,0,0,0,0,1,0,0,0,0,0,0,0,0,0,0,0,1,0,0,8,0,39.9498,-75.1554, , 
 ,14244,2016016594,6,67,67301,2016,1,4,1944,19,3,1,1,4,1, , ,N,2,3,0,3,0,1,6,2,N,N,39 55:46.067,75 14:35.330,2059, ,2059,1,1,2,N, ,3,N, , , , ,176767, , , ,2,1,0,0,0,0,1,0,0,0,0,0,1,1,0,0,0,0,0,0,1,0,0,0,0,0,0,0,0,0,0,0,0,0,0,8,0,39.9295,-75.2431, , 
 ,14245,2016022460,6,67,67301,2016,2,5,1620,16,1,1,0,7,4, , ,N,0,0,0,3,0,1,1,1,N, ,39 56:45.965,75 09:14.285,1625, ,1620, ,0, , , ,0, , , , , ,176772, , , ,1,1,0,0,0,0,0,0,0,0,1,0,1,0,0,0,0,0,0,0,0,1,0,0,0,0,0,0,0,0,0,0,0,0,0,3,0,39.9461,-75.154, , 
 ,14246,2016032024,6,67,67301,2016,3,5,1925,19,3,1,0,5,1, , ,N,0,0,0,3,0,2,2,3,N,N,40 00:28.154,75 09:05.193,1930, ,1927,2,2,2,N, ,0,Y, , , , ,176779, , , ,3,1,0,0,0,0,1,1,0,0,0,2,2,0,0,0,0,0,0,0,0,0,0,0,0,0,0,0,0,0,0,0,0,0,0,4,0,40.0078,-75.1514, , 
 ,14247,2016033897,6,67,67301,2016,3,6,859,8,1,1,0,8,1, , ,N,1,2,0,3,0,1,2,2,N, ,40 01:59.118,75 10:52.400,901, ,859,1,1,1, , ,3,N, , , , ,176782, , , ,1,0,0,0,0,0,1,0,0,0,0,1,1,0,0,0,0,0,0,0,0,1,0,1,0,0,0,0,0,0,0,0,1,0,0,4,0,40.0331,-75.1812, , 
 ,14248,2016040120,6,67,67301,2016,4,7,1120,11,1,2,1,1,1, , ,N,0,0,0,3,0,0,5,3,N,N,39 57:35.911,75 10:42.928,1134, ,1122,1,2,4, , ,0,N, , , , ,176787, , , ,3,0,0,0,2,0,1,0,0,0,0,0,0,0,0,0,0,0,0,0,0,0,0,0,0,0,0,0,0,0,0,0,0,0,0,0,0,39.96,-75.1786, , 
 ,14249,2016040976,6,67,67301,2016,4,6,1135,11,1,2,1,7,4, , ,N,1,2,0,3,0,1,2,1,N, ,40 02:19.838,75 10:17.839,1145, ,1142,1,1,6, , ,3,Y, , , , ,176790, , , ,1,0,0,0,1,0,0,0,0,0,0,1,1,0,0,0,0,0,0,0,0,0,0,0,0,0,0,0,0,0,0,0,0,0,0,4,0,40.0388,-75.1716, , 
 ,14250,2016060830,6,67,67301,2016,5,4,1905,19,1,1,0,8,1, , ,N,1,2,1,3,0,1,4,2,N, ,39 58:08.111,75 08:10.324,1920, ,1919,1,1,4, , ,3,N, , , , ,176805, , , ,1,1,0,0,0,0,0,0,0,0,0,1,1,0,0,0,0,0,0,0,0,0,0,0,0,0,0,0,0,0,0,0,1,0,0,4,0,39.9688,-75.1362, , 
 ,14251,2016076989,6,67,67301,2016,7,1,1340,13,1,1,0,5,6, , ,N,0,0,0,3,0,0,2,2,N,N,39 58:48.136,75 09:39.038,1400, ,1350, ,0, ,N, ,0, , , , , ,176812, , , ,2,0,0,0,1,0,0,1,0,0,0,0,0,0,0,0,0,0,0,0,0,0,0,0,0,0,0,0,0,0,0,0,0,0,0,0,0,39.98,-75.1608, , 
 ,14252,2016039652,6,67,67301,2016,3,1,1006,10,1,1,0,4,1, , ,N,1,3,0,3,0,2,3,2,N,N,39 56:56.040,75 14:44.033,1006, ,1006, ,0, ,N, ,3, , , , , ,170714, , , ,2,2,0,0,0,0,0,0,0,0,1,1,2,0,0,0,0,0,0,0,1,0,0,2,0,0,0,0,0,0,0,0,0,0,0,3,0,39.9489,-75.2456, , 
 ,14253,2016008647,6,67,67301,2016,1,2,2210,22,3,1,0,7,4, , ,N,0,0,0,3,0,1,2,1,N, ,40 01:39.516,75 05:58.346,2220, ,2213,2,1,1, , ,0,N, , , , ,170735, , , ,1,1,0,0,0,0,0,0,0,0,0,1,1,0,0,0,0,0,0,0,0,0,0,1,0,0,0,0,0,0,0,0,0,0,0,4,0,40.0276,-75.0995, , 
 ,14254,2016068732,6,67,67301,2016,6,3,1528,15,1,1,0,4,1, , ,N,0,0,7,3,0,1,2,2,N,N,40 00:37.539,75 04:10.114,1628, ,1609,2,1,3,N, ,0,N, , , , ,170740, , , ,2,1,1,0,0,0,0,0,0,0,1,0,1,0,0,0,0,0,0,0,0,0,1,0,0,0,0,0,0,0,0,0,0,0,0,3,0,40.0104,-75.0695, , 
 ,14255,2016077347,6,67,67301,2016,6,7,325,3,3,1,0,7,4, , ,N,0,0,0,3,0,1,1,1,N,N,39 59:00.886,75 05:50.602,331, ,327,2,1,1, , ,0,Y, , , , ,170749, , , ,1,1,0,0,0,0,0,0,0,0,1,0,1,0,0,0,0,0,0,0,0,0,0,0,0,0,0,0,0,0,0,0,0,0,0,3,0,39.9836,-75.0974, , 
 ,14256,2016080465,6,67,67301,2016,6,6,1830,18,4,1,0,1,1, , ,N,2,2,0,3,0,1,6,4,N,N,40 01:04.041,75 10:20.986,1900, ,1858,2,2,2, , ,2,Y, , , , ,170752, , , ,4,1,1,0,0,0,1,1,0,0,0,1,1,0,0,0,0,0,0,0,0,0,0,0,0,0,0,0,0,0,0,0,0,0,0,4,0,40.0178,-75.1725, , 
 ,14257,2016080874,6,67,67301,2016,6,4,1300,13,1,1,0,4,1, , ,N,5,2,8,3,0,0,5,2,N, ,39 57:28.586,75 09:50.892,1320, ,1304, ,0, , , ,3, , , , , ,170753, , , ,2,0,0,0,1,0,1,0,0,0,0,0,0,0,0,1,0,0,0,0,0,0,0,0,0,0,0,0,0,0,0,0,0,0,0,0,0,39.9579,-75.1641, , 
 ,14258,2016080913,6,67,67301,2016,6,7,2143,21,3,1,0,1,1, , ,N,1,2,0,3,0,1,3,2,N,N,40 05:07.441,75 02:14.475,2143, ,2143, ,0, , , ,3, , , , , ,170754, , , ,2,1,0,0,0,0,0,0,0,0,0,0,1,1,1,0,0,0,0,0,1,0,0,1,0,0,0,0,0,0,0,0,0,0,0,8,0,40.0854,-75.0374, , 
 ,14259,2016081459,6,67,67301,2016,7,2,928,9,1,1,0,5,6, , ,N,0,0,0,3,0,0,1,2,N,N,40 03:11.465,75 00:10.869,931, ,931, ,0, ,N, ,0, , , , , ,170760, , , ,2,1,0,0,1,0,0,0,0,0,0,0,0,0,0,0,0,0,0,0,0,0,0,0,0,0,0,0,0,0,0,0,0,0,0,0,0,40.0532,-75.003, , 
 ,14260,2016097741,6,67,67301,2016,9,4,1729,17,1,1,0,8,1, , ,N,1,2,0,3,0,1,2,2,N, ,39 55:35.245,75 13:49.904,1740, ,1735, ,0, , , ,3, , , , , ,170767, , , ,1,1,0,0,0,0,0,0,0,0,0,1,1,0,0,0,0,0,0,0,0,0,1,0,0,0,0,0,0,0,0,0,1,0,0,4,0,39.9265,-75.2305, , 
 ,14261,2016091652,6,67,67301,2016,8,2,1500,15,1,1,0,4,1, , ,N,1,2,0,3,0,0,3,2,N,N,39 58:18.037,75 09:40.121,1620, ,1615, ,0, ,N, ,3, , , , , ,170768, , , ,2,1,0,0,0,0,1,0,0,0,0,0,0,0,0,0,0,0,0,0,0,0,0,0,0,0,0,0,0,0,0,0,0,0,0,0,0,39.9717,-75.1611, , 
 ,14262,2016105565,6,67,67301,2016,9,6,805,8,1,2,1,7,3, , ,N,2,2,0,3,0,1,4,3,N,N,39 57:36.624,75 08:13.909,920, ,912,2,1,2,N, ,3,Y, , , , ,170778, , , ,3,1,0,0,0,0,2,0,0,0,0,1,1,0,0,0,0,0,0,0,0,0,0,0,0,0,0,0,0,0,0,0,0,0,0,4,0,39.9602,-75.1372, , 
 ,14263,2016008627,6,67,67301,2016,1,3,814,8,1,1,0,4,1, , ,N,1,3,0,3,0,1,2,2,N,N,40 03:57.202,75 10:35.464,825, ,816, ,0, ,N, ,9, , , , , ,170784, , , ,2,2,0,0,0,0,0,0,0,0,0,0,1,1,1,0,0,0,0,0,1,0,0,0,0,0,0,0,0,0,0,0,0,0,0,8,0,40.0659,-75.1765, , 
 ,14264,2016075190,6,46,46102,2016,7,2,1227,12,1,1,0,8,9, , ,N,2,0,7,3,0,1,2,2,N,N,40 04:26.865,75 09:30.131,1230, ,1227, ,0, ,N, ,0, , , , , ,170786, , , ,1,1,0,0,0,0,0,0,0,0,0,0,1,1,0,0,0,0,0,0,0,0,0,0,0,0,0,0,0,0,0,0,1,0,0,8,0,40.0741,-75.1584, , 
 ,14265,2016082329,6,67,67301,2016,7,1,942,9,1,1,0,4,1, , ,N,1,2,0,3,0,1,1,3,N,N,40 02:49.423,75 09:47.462,948, ,943,3,1,4, , ,3,Y, , , , ,170791, , , ,3,1,0,0,0,0,1,0,0,0,0,0,1,1,0,0,0,0,0,0,0,0,0,0,0,0,0,0,0,0,0,0,0,0,0,8,0,40.0471,-75.1632, , 
 ,14266,2016097060,6,67,67301,2016,8,7,918,9,1,1,0,1,1, , ,N,1,2,0,3,0,0,2,2,N,N,39 54:39.823,75 13:49.691,955, ,945,9,1,1,N, ,3,N, , , , ,170795, , , ,2,1,0,0,0,0,1,0,0,0,0,0,0,0,0,0,0,0,0,0,0,0,0,0,0,0,0,0,0,0,0,0,0,0,0,0,0,39.9111,-75.2305, , 
 ,14267,2016105626,6,67,67301,2016,9,4,1457,14,1,2,1,1,1, , ,N,0,0,0,3,0,2,5,2,N,N,40 02:00.810,75 10:55.322,1515, ,1510, ,0, ,N, ,0, , , , , ,170809, , , ,2,2,0,0,0,0,0,0,0,0,0,2,2,0,0,0,0,0,0,0,1,0,0,0,0,0,0,0,0,0,0,0,0,0,0,4,0,40.0336,-75.182, , 
 ,14268,2016106294,6,67,67301,2016,9,1,1915,19,4,1,0,1,1, , ,N,0,0,0,3,0,1,10,4,N,N,39 54:19.409,75 11:40.036,1935, ,1930, ,0, ,N, ,0, , , , , ,170810, , , ,4,2,0,0,0,0,2,0,0,0,0,1,1,0,0,0,0,1,0,0,0,1,0,0,0,0,0,0,0,0,0,0,0,0,0,4,0,39.9054,-75.1945, , 
 ,14269,2016117740,6,67,67301,2016,10,2,1500,15,1,1,0,4,1, , ,N,1,3,0,3,0,1,2,2,N,N,39 59:58.128,75 10:21.752,1508, ,1505, ,0, ,N, ,3, , , , , ,170817, , , ,2,1,0,0,0,0,1,0,0,0,0,0,1,1,0,0,0,0,0,0,0,0,0,0,0,0,0,0,0,0,0,0,0,0,0,8,0,39.9995,-75.1727, , 
 ,14270,2016053790,6,67,67301,2016,5,5,2240,22,3,1,0,4,1, , ,N,1,2,0,3,0,2,2,3,N,N,39 56:34.191,75 09:01.951,2255, ,2250, ,0, ,N, ,3, , , , , ,173478, , , ,3,3,0,0,0,0,0,0,0,0,0,0,2,2,0,0,0,0,0,0,1,0,0,0,0,0,0,0,0,0,0,0,0,0,0,8,0,39.9428,-75.1505, , 
 ,14271,2016056749,6,67,67301,2016,5,6,500,5,1,2,1,1,1, , ,N,0,0,0,3,0,0,2,2,N,N,40 04:43.364,74 57:55.029,506, ,500, ,0, , , ,0, , , , , ,173481, , , ,2,1,0,0,1,0,0,0,0,0,0,0,0,0,0,0,0,0,0,0,1,1,0,0,0,0,0,0,0,0,0,0,0,0,0,0,0,40.0787,-74.9653, , 
 ,14272,2016058601,6,67,67301,2016,5,4,1720,17,1,1,0,5,1, , ,N,0,0,0,3,0,2,3,2,N,N,39 58:39.802,75 13:40.252,1805, ,1800, ,0, ,N, ,0, , , , , ,173484, , , ,2,1,0,0,0,0,0,1,0,0,0,0,2,2,0,0,0,0,0,0,0,0,0,0,0,0,0,0,0,0,0,0,0,0,0,8,0,39.9777,-75.2278, , 
 ,14273,2016071114,6,67,67301,2016,6,3,2154,21,3,1,0,4,1, , ,N,1,2,0,3,0,0,2,2,N,N,40 01:48.388,75 05:29.702,2219, ,2203,9,1,1,N, ,3,N, , , , ,173492, , , ,2,2,0,0,0,0,0,0,0,0,0,0,0,0,0,0,0,0,0,1,0,0,0,2,0,0,0,0,0,0,0,0,0,0,0,0,0,40.0301,-75.0916, , 
 ,14274,2016080284,6,67,67301,2016,7,2,148,1,3,1,0,1,6, , ,N,0,0,0,3,0,0,1,3,N,N,40 02:57.444,75 05:17.091,155, ,150,3,2,6,N, ,0,Y, , , , ,173501, , , ,3,2,0,0,0,0,1,0,0,0,0,0,0,0,0,0,0,0,0,0,0,0,0,0,0,0,0,0,0,0,0,0,0,0,0,0,0,40.0493,-75.0881, , 
 ,14275,2016084612,6,67,67301,2016,8,1,130,1,3,1,0,1,1, , ,N,1,2,0,3,0,2,4,2,N,N,39 57:04.187,75 09:12.892,300, ,254, ,0, ,N, ,3, , , , , ,173513, , , ,2,1,0,0,0,0,0,0,0,0,1,1,2,0,0,0,0,0,0,0,0,0,0,3,0,0,0,0,0,0,0,0,0,0,0,3,0,39.9512,-75.1536, , 
 ,14276,2016092117,6,67,67301,2016,8,6,1838,18,1,1,0,7,5, , ,N,0,0,0,3,0,1,1,1,N, ,39 59:41.987,75 09:45.964,1843, ,1841, ,0, , , ,0, , , , , ,173516, , , ,1,0,0,0,0,0,1,0,0,0,1,0,1,0,0,0,0,0,0,0,0,0,0,1,0,0,0,0,0,0,0,0,0,0,0,3,0,39.995,-75.1628, , 
 ,14277,2016117664,6,67,67301,2016,10,1,1810,18,4,1,0,1,1, , ,N,0,0,0,3,0,1,3,2,N, ,39 57:22.272,75 09:08.914,2047, ,2047, ,0, , , ,0, , , , , ,173532, , , ,2,1,0,0,1,0,0,0,0,0,0,0,1,1,0,0,0,0,0,0,0,0,0,2,0,0,0,0,0,0,0,0,0,0,0,8,0,39.9562,-75.1525, , 
 ,14278,2016056071,6,67,67301,2016,5,7,1845,18,1,2,1,4,1, , ,N,1,2,0,3,0,0,3,2,N,N,40 04:50.725,75 01:42.964,1851, ,1846,1,1,1,N, ,3,N, , , , ,173533, , , ,2,1,0,0,0,0,0,1,0,0,0,0,0,0,0,0,0,0,1,0,1,0,0,0,0,0,0,0,0,0,0,0,0,0,0,0,0,40.0808,-75.0286, , 
 ,14279,2016013797,6,67,67301,2016,1,4,1327,13,1,1,0,4,1, , ,N,2,3,0,3,0,3,3,2,N,Y,40 01:12.932,75 04:20.139,1345, ,1341,2,2,3,N, ,3,N, , , , ,173543, , , ,2,2,0,0,0,0,0,0,0,0,0,3,3,0,0,0,0,0,0,0,0,0,0,1,0,0,0,0,0,0,0,0,0,0,0,4,0,40.0203,-75.0723, , 
U,14280,2016030712,6,67,67301,2016,3,5,1948,19,3,1,0,4,1,8,8,Y,0,7,0,3,0,1,1,2,N,N,40 03:39.823,75 02:36.668,2002,99,1948,3,1,1,N, ,3,N,U,U,U,U,173564,U,U,U,2,0,0,0,1,0,1,0,0,0,0,0,1,1,0,0,0,0,0,0,0,0,0,1,0,0,0,0,0,0,0,0,0,0,0,8,0,40.0611,-75.0435, , 
 ,14281,2016031071,6,67,67301,2016,3,5,341,3,3,1,0,4,1, , ,N,1,2,0,3,0,2,2,2,N,N,40 04:50.725,75 01:42.964,351, ,9999, ,0, ,N, ,3, , , , , ,173565, , , ,2,1,0,0,1,0,0,0,0,0,0,2,2,0,0,0,0,0,0,0,1,0,0,1,0,0,0,0,0,0,0,0,0,0,0,4,0,40.0808,-75.0286, , 
 ,14282,2016070683,6,67,67301,2016,6,1,1125,11,1,1,0,8,1, , ,N,0,0,0,3,0,1,2,2,N, ,40 02:25.163,75 04:01.519,1138, ,1132, ,0, , , ,0, , , , , ,173584, , , ,1,1,0,0,0,0,0,0,0,0,0,1,1,0,0,0,0,0,0,0,0,0,0,0,0,0,0,0,0,0,0,0,1,0,0,4,0,40.0403,-75.0671, , 
 ,14283,2016016591,6,67,67301,2016,1,7,723,7,1,1,0,4,1, , ,N,1,3,0,3,0,1,3,2,N,N,39 55:04.119,75 09:29.768,731, ,726,2,2,3,N, ,3,Y, , , , ,173588, , , ,2,0,0,0,0,0,2,0,0,0,0,1,1,0,0,0,0,0,0,0,0,0,0,0,0,0,0,0,0,0,0,0,0,0,0,4,0,39.9178,-75.1583, , 
 ,14284,2016036505,6,67,67301,2016,3,5,2313,23,3,1,0,4,1, , ,N,1,3,0,3,0,1,2,2,N,N,39 56:30.926,75 09:31.759,2320, ,2315, ,0, ,N, ,3, , , , , ,173604, , , ,1,1,0,0,0,0,0,0,1,0,0,0,1,1,0,0,0,0,0,0,0,0,0,0,0,0,0,0,0,0,0,0,0,0,0,8,0,39.9419,-75.1588, , 
 ,14285,2016051391,6,67,67301,2016,5,4,1607,16,1,1,0,1,1, , ,N,0,0,0,3,0,1,2,2,N,N,39 57:57.483,75 11:11.441,1609, ,1609, ,0, , , ,0, , , , , ,173620, , , ,2,2,0,0,0,0,0,0,0,0,1,0,1,0,0,0,0,0,0,0,1,0,0,0,0,0,0,0,0,0,0,0,0,0,0,3,0,39.966,-75.1865, , 