wz_ln_closure,objectid_1,crn,district,county,municipality,crash_year,crash_month,day_of_week,time_of_day,hour_of_day,illumination,weather,road_condition,collision_type,relation_to_road,work_zone_type,work_zone_loc,work_zone_ind,intersect_type,tcd_type,location_type,urban_rural,fatal_count,injury_count,person_count,total_units,sch_bus_ind,sch_zone_ind,latitude,longitude,arrival_tm,cons_zone_spd_lim,dispatch_tm,est_hrs_closed,lane_closed,ln_close_dir,ntfy_hiwy_maint,spec_juris_cd,tcd_func_cd,tfc_detour_ind,workers_pres,wz_close_detour,wz_flagger,wz_law_offcr_ind,objectid,wz_moving,wz_other,wz_shlder_mdn,vehicle_count,automobile_count,motorcycle_count,bus_count,small_truck_count,heavy_truck_count,suv_count,van_count,bicycle_count,maj_inj_count,mod_inj_count,min_inj_count,tot_inj_count,unk_inj_deg_count,unk_inj_per_count,driver_count_16yr,driver_count_17yr,driver_count_18yr,driver_count_19yr,driver_count_20yr,driver_count_50_64yr,driver_count_65_74yr,driver_count_75plus,unbelted_occ_count,unb_death_count,unb_maj_inj_count,belted_death_count,belted_maj_inj_count,mcycle_death_count,mcycle_maj_inj_count,bicycle_death_count,bicycle_maj_inj_count,ped_count,ped_death_count,ped_maj_inj_count,max_severity_level,comm_veh_count,dec_lat,dec_long,rdwy_surf_type_cd,county_name
 ,14552,2016058562,6,67,67301,2016,5,4,1851,18,1,1,0,4,1, , ,N,1,2,0,3,0,1,2,3,N, ,40 01:55.909,75 02:12.865,1953, ,1948, ,0, , , ,3, , , , , ,171499, , , ,3,2,0,0,0,0,0,1,0,0,0,1,1,0,0,0,0,0,0,0,0,0,0,1,0,0,0,0,0,0,0,0,0,0,0,4,0,40.0322,-75.0369, , 
 ,14553,2016067261,6,67,67301,2016,6,1,1732,17,1,1,0,1,1, , ,N,0,0,0,3,0,3,9,3,N,N,39 55:51.683,75 08:44.407,1738, ,1732,2,1,1, , ,0,N, , , , ,171528, , , ,3,0,0,0,0,0,2,1,0,0,0,0,3,3,0,0,0,1,0,0,0,0,0,0,0,0,0,0,0,0,0,0,0,0,0,8,0,39.931,-75.1457, , 
 ,14554,2016013106,6,67,67301,2016,1,6,1745,17,3,1,0,1,1, , ,N,0,0,0,3,0,2,5,2,N,N,39 55:32.676,75 11:38.516,1756, ,1745, ,0, , , ,0, , , , , ,171558, , , ,2,2,0,0,0,0,0,0,0,0,0,2,2,0,0,0,0,0,0,0,1,0,0,0,0,0,0,0,0,0,0,0,0,0,0,4,0,39.9257,-75.194, , 
 ,14555,2016038177,6,67,67301,2016,3,1,2201,22,3,2,1,4,1, , ,N,1,2,1,3,0,1,2,2,N,N,39 57:44.029,75 14:33.957,2357, ,2346,9,2,5,N, ,3,Y, , , , ,171587, , , ,2,2,0,0,0,0,0,0,0,0,0,1,1,0,0,0,0,1,0,0,0,0,0,1,0,0,0,0,0,0,0,0,0,0,0,4,0,39.9621,-75.2428, , 
 ,14556,2016047660,6,67,67301,2016,5,6,2259,22,3,2,1,5,1, , ,N,0,0,0,3,0,3,3,2,N,N,39 56:20.095,75 08:36.167,2326, ,2300,1,2,1, , ,0,N, , , , ,171596, , , ,2,1,0,0,0,0,1,0,0,0,0,0,3,3,0,0,0,0,0,0,0,0,0,0,0,0,0,0,0,0,0,0,0,0,0,8,0,39.9389,-75.1434, , 
 ,14557,2016054184,6,67,67301,2016,5,5,1940,19,3,1,0,4,1, , ,N,1,2,0,3,0,0,3,2,N,N,40 02:10.294,75 07:43.144,2026, ,2026, ,0, ,N, ,3, , , , , ,171598, , , ,2,1,0,0,0,0,0,1,0,0,0,0,0,0,0,0,0,0,0,0,0,0,0,0,0,0,0,0,0,0,0,0,0,0,0,0,0,40.0362,-75.1287, , 
 ,14558,2016056053,6,67,67301,2016,5,2,9999,99,1,1,0,4,1, , ,N,1,2,0,3,0,3,4,2,N,N,40 01:21.348,75 03:09.739,1815, ,1813,2,2,1,N, ,3,Y, , , , ,171608, , , ,2,1,0,0,0,0,1,0,0,0,0,2,3,1,0,0,0,0,0,0,1,0,0,0,0,0,0,0,0,0,0,0,0,0,0,4,0,40.0226,-75.0527, , 
 ,14559,2016070657,6,67,67301,2016,6,5,1600,16,1,1,1,5,1, , ,N,0,0,8,3,0,1,5,2,N,N,39 58:26.429,75 11:39.936,1633, ,1607, ,0, ,N, ,0, , , , , ,171617, , , ,2,1,0,0,0,1,0,0,0,0,0,0,1,1,0,0,0,0,0,0,1,0,0,1,0,0,0,0,0,0,0,0,0,0,0,8,0,39.974,-75.1944, , 
 ,14560,2016051291,6,67,67301,2016,4,2,1701,17,1,1,0,4,1, , ,N,1,3,0,3,0,0,2,2,N,N,40 03:31.582,75 10:57.586,1812, ,1808, ,0, ,N, ,3, , , , , ,171650, , , ,2,1,0,0,0,0,1,0,0,0,0,0,0,0,0,0,0,0,0,0,0,0,0,1,0,0,0,0,0,0,0,0,0,0,0,0,0,40.0588,-75.1827, , 
 ,14561,2016080654,6,67,67301,2016,7,3,640,6,1,1,0,1,1, , ,N,5,2,0,3,0,1,2,2,N,N,39 59:16.496,75 10:56.062,640, ,640, ,0, ,N, ,3, , , , , ,171679, , , ,2,0,0,0,0,0,1,1,0,0,0,1,1,0,0,0,0,0,0,0,2,0,0,2,0,0,0,0,0,0,0,0,0,0,0,4,0,39.9879,-75.1822, , 
 ,14562,2016027579,6,67,67301,2016,2,3,1922,19,3,2,1,8,1, , ,N,1,2,0,3,0,1,3,2,N,N,40 06:08.954,75 01:43.447,1928, ,1924,1,1,2,N, ,3,Y, , , , ,174273, , , ,1,1,0,0,0,0,0,0,0,0,0,0,1,1,0,0,0,0,0,0,0,0,0,0,0,0,0,0,0,0,0,0,1,0,0,8,0,40.1025,-75.0287, , 
 ,14563,2016033097,6,67,67301,2016,3,5,530,5,1,1,0,8,1, , ,N,0,0,0,3,0,1,6,2,N,N,40 00:03.384,75 06:41.205,536, ,536, ,0, ,N, ,0, , , , , ,174282, , , ,1,0,0,0,0,0,1,0,0,1,0,0,1,0,0,0,0,0,0,0,0,0,0,0,0,0,0,0,0,0,0,0,1,0,1,2,0,40.0009,-75.1114, , 
 ,14564,2016033782,6,67,67301,2016,3,3,2120,21,3,1,0,4,1, , ,N,3,2,0,3,0,1,3,2,N,N,40 02:49.190,75 05:53.308,2135, ,2125,2,1,2,N, ,3,Y, , , , ,174283, , , ,2,2,0,0,0,0,0,0,0,0,0,1,1,0,1,0,0,0,0,0,0,0,0,0,0,0,0,0,0,0,0,0,0,0,0,4,0,40.047,-75.0981, , 
 ,14565,2016048629,6,67,67301,2016,4,3,1658,16,1,2,1,7,3, , ,N,0,0,0,3,0,1,1,1,N,N,40 01:00.029,75 12:09.202,1715, ,1700,3,1,1,N, ,0,N, , , , ,174297, , , ,1,1,0,0,0,0,0,0,0,0,0,1,1,0,0,0,0,0,0,0,1,0,0,1,0,0,0,0,0,0,0,0,0,0,0,4,0,40.0167,-75.2026, , 
 ,14566,2016058592,6,67,67301,2016,5,6,139,1,3,1,0,5,1, , ,N,6,4,2,3,0,1,2,2,N,N,40 01:05.053,75 09:55.730,207, ,207, ,0, ,N, ,3, , , , , ,174314, , , ,2,2,0,0,0,0,0,0,0,0,0,0,1,1,0,0,0,0,0,0,0,0,0,1,0,0,0,0,0,0,0,0,0,0,0,8,0,40.0181,-75.1655, , 
 ,14567,2016099485,6,67,67301,2016,9,6,200,2,3,1,0,7,4, , ,N,0,0,0,3,0,1,1,1,N, ,40 03:52.566,75 05:00.807,205, ,205, ,0, , , ,0, , , , , ,174348, , , ,1,1,0,0,0,0,0,0,0,0,1,0,1,0,0,0,0,0,0,0,0,0,0,0,0,0,0,0,0,0,0,0,0,0,0,3,0,40.0646,-75.0836, , 
 ,14568,2016058518,6,67,67301,2016,5,5,139,1,3,2,1,7,4, , ,N,0,0,0,3,0,1,2,1,N,N,39 58:56.717,75 13:30.909,139, ,139, ,0, ,N, ,0, , , , , ,174356, , , ,1,0,0,0,0,0,1,0,0,0,1,0,1,0,0,0,0,0,0,0,0,0,0,0,0,0,0,0,0,0,0,0,0,0,0,3,0,39.9824,-75.2253, , 
 ,14569,2016028324,6,67,67301,2016,2,5,9999,99,3,1,0,4,1, , ,N,1,2,0,3,0,2,4,2,N, ,39 58:19.903,75 14:41.959,1036, ,1036,1,1,2, , ,3,N, , , , ,174373, , , ,2,2,0,0,0,0,0,0,0,0,0,2,2,0,0,0,0,0,0,0,0,1,0,0,0,0,0,0,0,0,0,0,0,0,0,4,0,39.9722,-75.2449, , 
 ,14570,2016033487,6,67,67301,2016,3,3,547,5,3,1,0,7,5, , ,N,0,0,0,3,0,1,1,1,N,N,39 53:55.415,75 10:13.797,600, ,548,2,1,1, , ,0,N, , , , ,174383, , , ,1,1,0,0,0,0,0,0,0,0,1,0,1,0,0,0,0,0,0,0,0,0,0,1,0,0,0,0,0,0,0,0,0,0,0,3,0,39.8987,-75.1705, , 
 ,14571,2016053831,6,67,67301,2016,5,7,1617,16,1,1,0,5,6, , ,N,0,0,0,3,0,0,1,4,N,N,39 54:49.734,75 10:42.895,1619, ,1619,1,2,3, , ,0,Y, , , , ,174396, , , ,4,3,0,0,0,0,0,1,0,0,0,0,0,0,0,0,0,0,0,0,1,0,0,0,0,0,0,0,0,0,0,0,0,0,0,0,0,39.9138,-75.1786, , 
U,14572,2016063885,6,67,67301,2016,6,5,124,1,3,1,0,5,1,8,8,Y,3,2,0,3,0,1,3,2,N,N,39 57:52.333,75 08:03.809,126,99,126,9,2,2,N, ,3,Y,U,U,U,U,174408,U,U,U,2,1,0,0,0,0,0,1,0,0,0,0,1,1,0,0,0,0,0,0,0,0,0,3,0,0,0,0,0,0,0,0,0,0,0,8,0,39.9644,-75.1343, , 
 ,14573,2016064028,6,67,67301,2016,6,2,1735,17,1,1,0,4,1, , ,N,0,0,7,3,0,3,4,3,N,N,40 04:12.737,75 14:27.812,1739, ,1737,2,1,1,N, ,0,N, , , , ,174409, , , ,3,2,0,0,0,0,0,1,0,0,0,2,3,1,0,0,0,1,0,0,1,0,0,1,0,0,0,0,0,0,0,0,0,0,0,4,0,40.0702,-75.2411, , 
 ,14574,2016064737,6,67,67301,2016,6,2,816,8,1,1,0,1,1, , ,N,0,0,3,3,0,0,2,2,N,N,39 57:18.166,75 08:47.459,817, ,816, ,0, ,N, ,0, , , , , ,174410, , , ,2,1,0,0,0,0,0,1,0,0,0,0,0,0,1,0,0,0,0,0,0,0,0,0,0,0,0,0,0,0,0,0,0,0,0,9,0,39.955,-75.1465, , 
 ,14575,2016080536,6,67,67301,2016,7,5,805,8,1,1,1,5,6, , ,N,0,0,0,3,0,0,1,3,N,N,40 01:26.421,75 05:26.040,810, ,807, ,0, , , ,0, , , , , ,174419, , , ,3,2,0,0,0,0,1,0,0,0,0,0,0,0,1,0,0,0,0,0,0,0,0,0,0,0,0,0,0,0,0,0,0,0,0,9,0,40.024,-75.0906, , 
 ,14576,2016092185,6,67,67301,2016,8,5,9999,99,1,1,0,4,1, , ,N,1,2,0,3,0,1,3,2,N, ,39 57:45.749,75 09:47.159,1836, ,1833, ,0, , , ,3, , , , , ,174430, , , ,1,1,0,0,0,0,0,0,1,0,0,0,1,1,0,0,0,0,0,0,0,1,0,0,0,0,0,0,0,0,0,0,0,0,0,8,0,39.9626,-75.163, , 
 ,14577,2016080570,6,67,67301,2016,6,2,1235,12,1,1,0,4,1, , ,N,1,2,0,3,0,1,3,2,N,N,40 02:32.725,75 04:57.598,1250, ,1246,1,1,2,N, ,3,N, , , , ,174450, , , ,2,2,0,0,0,0,0,0,0,0,0,1,1,0,0,0,0,0,1,0,1,0,0,0,0,0,0,0,0,0,0,0,0,0,0,4,0,40.0424,-75.0827, , 
 ,14578,2016080950,6,67,67301,2016,7,7,1908,19,1,1,0,4,1, , ,N,3,3,0,3,0,1,2,2,N,N,40 07:36.518,75 00:51.206,1940, ,1937, ,0, ,N, ,3, , , , , ,174451, , , ,1,1,0,0,0,0,0,0,1,0,0,0,1,1,0,0,0,0,0,0,1,0,0,0,0,0,0,0,0,0,0,0,0,0,0,8,0,40.1268,-75.0142, , 
 ,14579,2016019793,6,67,67301,2016,2,2,15,0,3,1,0,4,1, , ,N,1,3,0,3,0,0,4,2,N, ,39 57:53.649,75 09:33.990,19, ,17, ,0, , , ,3, , , , , ,174461, , , ,2,1,0,0,0,0,1,0,0,0,0,0,0,0,3,0,0,0,0,0,0,0,0,0,0,0,0,0,0,0,0,0,0,0,0,9,0,39.9649,-75.1594, , 
 ,14580,2016080788,6,67,67301,2016,6,7,725,7,1,1,0,1,1, , ,N,2,0,0,3,0,0,2,2,N, ,40 02:40.593,75 13:03.759,752, ,748, ,0, , , ,0, , , , , ,179949, , , ,2,1,0,0,0,0,1,0,0,0,0,0,0,0,0,0,1,0,0,0,0,0,0,0,0,0,0,0,0,0,0,0,0,0,0,0,0,40.0446,-75.2177, , 
 ,14581,2016091687,6,67,67301,2016,8,7,955,9,1,1,0,7,4, , ,N,0,0,0,3,0,1,1,1,N,N,39 59:45.938,75 12:07.477,1015, ,1010, ,0, ,N, ,0, , , , , ,179958, , , ,1,1,0,0,0,0,0,0,0,0,0,1,1,0,0,0,0,0,0,0,0,0,1,0,0,0,0,0,0,0,0,0,0,0,0,4,0,39.9961,-75.2021, , 
 ,14582,2016102146,6,67,67301,2016,9,6,1410,14,1,1,1,7,5, , ,N,7,0,2,3,0,1,1,1,N,N,39 57:06.151,75 08:29.297,1425, ,1410,2,1,1, , ,0,N, , , , ,179960, , , ,1,0,0,0,0,1,0,0,0,0,0,0,1,1,0,0,0,0,0,0,0,0,0,1,0,0,0,0,0,0,0,0,0,0,0,8,0,39.9517,-75.1415, , 
 ,14583,2016105690,6,67,67301,2016,9,4,920,9,1,1,0,8,1, , ,N,0,0,0,3,0,1,2,2,N,N,40 01:28.136,75 10:14.785,930, ,925, ,0, ,N, ,0, , , , , ,179984, , , ,1,0,0,0,0,0,0,1,0,0,0,1,1,0,0,0,0,0,0,0,0,0,0,0,0,0,0,0,0,0,0,0,1,0,0,4,0,40.0245,-75.1708, , 
 ,14584,2016120403,6,67,67301,2016,11,5,1103,11,1,1,0,5,1, , ,N,1,2,0,3,0,1,2,2,N,N,39 58:10.092,75 08:22.485,1120, ,1111,3,2,3,N, ,3,Y, , , , ,179986, , , ,2,1,0,0,0,1,0,0,0,0,1,0,1,0,0,0,0,0,0,0,1,0,0,1,0,0,0,0,0,0,0,0,0,0,0,3,1,39.9695,-75.1396, , 
 ,14585,2016060833,6,67,67301,2016,5,2,1740,17,1,1,0,4,1, , ,N,1,2,0,3,0,4,6,2,N,N,39 55:22.123,75 14:08.509,1747, ,1745, ,0, ,N, ,3, , , , , ,179988, , , ,2,2,0,0,0,0,0,0,0,0,0,4,4,0,0,0,0,0,0,0,1,0,0,0,0,0,0,0,0,0,0,0,0,0,0,4,0,39.9228,-75.2357, , 
 ,14586,2016053913,6,67,67301,2016,5,6,1528,15,1,1,0,1,1, , ,N,0,0,0,3,0,1,3,3,N,N,39 57:30.861,75 10:02.547,1539, ,1529,1,1,4, , ,0,N, , , , ,180000, , , ,3,2,0,0,0,0,1,0,0,0,1,0,1,0,0,0,0,0,0,0,1,0,0,1,0,0,0,0,0,0,0,0,0,0,0,3,0,39.9586,-75.1674, , 
 ,14587,2016056087,6,67,67301,2016,5,1,1240,12,1,1,0,4,1, , ,N,0,0,0,3,0,1,2,2,N,N,40 01:30.875,75 07:55.592,1504, ,1501, ,0, ,N, ,0, , , , , ,180004, , , ,1,1,0,0,0,0,0,0,1,0,0,1,1,0,0,0,0,0,0,0,1,0,0,0,0,0,0,0,0,0,0,0,0,0,0,4,0,40.0252,-75.1321, , 
 ,14588,2016073661,6,67,67301,2016,7,5,1843,18,1,1,0,1,1, , ,N,0,0,0,3,0,1,2,2,N,N,39 57:26.515,75 09:31.421,1856, ,1844,1,1,3, , ,0,N, , , , ,180016, , , ,2,1,1,0,0,0,0,0,0,0,0,0,1,1,0,0,0,0,0,0,2,0,0,0,0,0,0,0,0,0,0,0,0,0,0,8,0,39.9574,-75.1587, , 
 ,14589,2016063938,6,67,67301,2016,5,3,613,6,1,1,0,4,1, , ,N,1,3,0,3,0,1,2,2,N,N,39 58:56.686,75 11:12.098,640, ,637,1,1,3,N, ,3,N, , , , ,180046, , , ,2,2,0,0,0,0,0,0,0,0,0,1,1,0,1,0,0,0,0,0,0,0,0,0,0,0,0,0,0,0,0,0,0,0,0,4,0,39.9824,-75.1867, , 
 ,14590,2016071090,6,67,67301,2016,6,2,2005,20,1,1,0,5,6, , ,N,0,0,0,3,0,1,1,4,N,N,40 01:53.178,75 03:22.005,2010, ,2008, ,0, ,N, ,0, , , , , ,180052, , , ,4,1,0,0,0,0,1,2,0,0,1,0,1,0,0,0,0,0,0,0,0,0,0,0,0,0,0,0,0,0,0,0,0,0,0,3,0,40.0314,-75.0561, , 
 ,14591,2016107767,6,67,67301,2016,10,2,42,0,3,1,0,1,1, , ,N,0,0,0,3,0,1,2,2,N,N,39 56:16.658,75 11:53.484,47, ,42,4,2,3, , ,0,Y, , , , ,180079, , , ,2,1,0,0,0,1,0,0,0,0,1,0,1,0,0,0,0,0,0,0,1,0,0,1,0,0,0,0,0,0,0,0,0,0,0,3,1,39.938,-75.1982, , 
 ,14592,2016058633,6,67,67301,2016,5,6,944,9,1,1,0,8,1, , ,N,1,2,0,3,0,1,2,2,N,N,40 00:16.318,75 07:55.437,945, ,944, ,0, ,N, ,3, , , , , ,180090, , , ,1,0,0,0,0,0,1,0,0,0,0,1,1,0,0,0,0,0,0,0,0,0,0,1,0,0,0,0,0,0,0,0,1,0,0,4,0,40.0045,-75.1321, , 
 ,14593,2016063937,6,67,67301,2016,5,3,2220,22,3,1,0,8,1, , ,N,0,0,0,3,0,1,2,2,N, ,39 55:45.217,75 09:47.343,2245, ,2239, ,0, , , ,0, , , , , ,180100, , , ,1,1,0,0,0,0,0,0,0,0,0,0,1,1,0,0,0,0,0,0,0,0,0,0,0,0,0,0,0,0,0,0,1,0,0,8,0,39.9292,-75.1632, , 
 ,14594,2016092176,6,67,67301,2016,8,6,1015,10,1,1,0,8,1, , ,N,0,0,0,3,0,1,2,2,N,N,39 58:06.573,75 08:00.206,1103, ,1059, ,0, ,N, ,0, , , , , ,180116, , , ,1,0,0,0,0,0,1,0,0,0,0,1,1,0,0,0,0,0,0,1,0,0,0,0,0,0,0,0,0,0,0,0,1,0,0,4,0,39.9685,-75.1334, , 
 ,14595,2016084591,6,67,67301,2016,8,4,1700,17,1,1,0,4,1, , ,N,2,3,0,3,0,1,2,2,N,N,40 00:48.243,75 08:50.035,1720, ,1711, ,0, , , ,3, , , , , ,180119, , , ,1,1,0,0,0,0,0,0,1,1,0,0,1,0,0,0,0,0,0,0,0,0,0,1,0,0,0,0,0,0,0,1,0,0,0,2,0,40.0134,-75.1472, , 
 ,14596,2016029874,6,67,67301,2016,2,5,1809,18,3,1,0,4,1, , ,N,5,2,0,3,0,1,2,2,N,N,39 57:49.841,75 13:12.286,1910, ,1856, ,0, ,N, ,3, , , , , ,180151, , , ,1,0,0,0,0,0,0,0,1,0,0,1,1,0,0,0,0,0,0,0,0,0,0,0,0,0,0,0,0,0,0,0,0,0,0,4,0,39.9637,-75.2196, , 
 ,14597,2016053734,6,67,67301,2016,5,1,812,8,1,2,1,4,1, , ,N,1,3,0,3,0,1,2,2,N,N,40 00:48.862,75 04:59.620,818, ,815, ,0, ,N, ,3, , , , , ,180172, , , ,2,1,0,0,0,0,1,0,0,0,0,1,1,0,0,0,0,0,0,0,0,0,0,0,0,0,0,0,0,0,0,0,0,0,0,4,0,40.0136,-75.0832, , 
 ,14598,2016032089,6,67,67301,2016,3,1,249,2,3,1,0,4,1, , ,N,1,2,0,3,0,7,7,2,N,N,40 01:27.922,75 08:48.832,301, ,255, ,0, ,Y, ,3, , , , , ,168496, , , ,2,2,0,0,0,0,0,0,0,1,0,6,7,0,0,0,0,0,0,0,0,0,0,0,0,0,0,0,0,0,0,0,0,0,0,2,0,40.0244,-75.1469, , 
 ,14599,2016019757,6,67,67301,2016,2,2,503,5,2,1,1,8,1, , ,N,1,3,0,3,0,1,2,2,N,N,39 55:25.986,75 09:22.928,511, ,508, ,0, ,N, ,3, , , , , ,168532, , , ,1,1,0,0,0,0,0,0,0,0,0,1,1,0,0,0,1,0,0,0,0,0,0,1,0,0,0,0,0,0,0,0,1,0,0,4,0,39.9239,-75.1564, , 
 ,14600,2016026041,6,67,67301,2016,2,7,1314,13,1,1,0,4,1, , ,N,0,0,7,3,0,2,3,2,N, ,39 58:36.709,75 09:17.660,1315, ,1314, ,0, , , ,0, , , , , ,168542, , , ,2,2,0,0,0,0,0,0,0,0,0,2,2,0,0,0,0,0,0,0,0,0,1,1,0,0,0,0,0,0,0,0,0,0,0,4,0,39.9769,-75.1549, , 
 ,14601,2016028802,6,67,67301,2016,2,4,2305,23,3,2,1,1,1, , ,N,0,0,0,3,0,2,3,3,N,N,39 58:53.095,75 06:07.668,2350, ,2305,2,2,1, , ,0,N, , , , ,168546, , , ,3,2,0,0,0,0,1,0,0,0,0,0,2,2,0,0,0,0,0,0,1,0,0,0,0,0,0,0,0,0,0,0,0,0,0,8,0,39.9814,-75.1021, , 
 ,14602,2016029903,6,67,67301,2016,2,2,1825,18,3,1,0,8,1, , ,N,0,0,0,3,0,1,2,2,N,N,40 00:28.399,75 08:25.851,1922, ,1919, ,0, ,N, ,0, , , , , ,168547, , , ,1,1,0,0,0,0,0,0,0,0,0,1,1,0,0,0,0,0,0,0,0,0,0,0,0,0,0,0,0,0,0,0,1,0,0,4,0,40.0079,-75.1405, , 
 ,14603,2016033124,6,67,67301,2016,3,5,725,7,1,1,0,5,1, , ,N,0,0,0,3,0,1,2,2,N,N,39 57:48.923,75 10:36.975,749, ,741, ,0, ,N, ,0, , , , , ,168549, , , ,2,1,0,0,0,0,0,1,0,0,0,0,1,1,0,0,0,0,0,0,0,0,0,0,0,0,0,0,0,0,0,0,0,0,0,8,0,39.9636,-75.1769, , 
 ,14604,2016045354,6,67,67301,2016,4,7,1655,16,1,1,0,1,1, , ,N,1,2,0,3,0,6,12,6,N,N,40 04:36.380,75 01:58.776,1700, ,1659, ,0, ,N, ,3, , , , , ,168565, , , ,6,4,0,0,0,0,1,1,0,0,1,5,6,0,0,0,0,0,0,0,0,0,1,0,0,0,0,0,0,0,0,0,0,0,0,3,0,40.0768,-75.033, , 
 ,14605,2016020140,6,67,67301,2016,1,4,1810,18,2,1,0,0,1, , ,N,0,0,0,3,0,0,5,4,N,N,39 53:57.338,75 10:00.043,1820, ,1820,2,2,1, , ,0,N, , , , ,168589, , , ,4,3,0,0,0,1,0,0,0,0,0,0,0,0,0,0,0,0,0,0,1,0,0,0,0,0,0,0,0,0,0,0,0,0,0,0,1,39.8993,-75.1667, , 
 ,14606,2016039704,6,67,67301,2016,3,6,2,0,3,1,0,4,1, , ,N,1,2,0,3,0,1,3,2,N, ,40 01:44.844,75 05:23.694,9, ,4,9,1,4, , ,3,N, , , , ,168609, , , ,2,2,0,0,0,0,0,0,0,0,0,0,1,1,0,0,0,0,1,1,0,0,0,0,0,0,0,0,0,0,0,0,0,0,0,8,0,40.0291,-75.0899, , 
 ,14607,2016040919,6,67,67301,2016,4,7,1553,15,1,1,0,4,1, , ,N,2,0,0,3,0,1,3,2,N,N,39 53:36.544,75 13:33.896,1731, ,1719, ,0, ,N, ,0, , , , , ,168611, , , ,2,2,0,0,0,0,0,0,0,0,0,1,1,0,0,0,0,0,0,0,0,0,0,1,0,0,0,0,0,0,0,0,0,0,0,4,0,39.8935,-75.2261, , 
 ,14608,2016053725,6,67,67301,2016,5,1,255,2,6,1,0,7,2, , ,N,0,0,0,3,0,0,1,1,N,N,40 05:14.487,74 58:18.332,305, ,225,2,1,3,N, ,0,N, , , , ,168615, , , ,1,1,0,0,0,0,0,0,0,0,0,0,0,0,0,0,0,0,0,0,0,0,0,0,0,0,0,0,0,0,0,0,0,0,0,0,0,40.0874,-74.9718, , 
 ,14609,2016008621,6,67,67301,2016,1,7,2035,20,3,1,0,8,1, , ,N,1,2,0,3,0,1,2,2,N,N,39 55:30.716,75 10:33.742,2045, ,2039, ,0, ,N, ,3, , , , , ,168621, , , ,1,1,0,0,0,0,0,0,0,0,0,0,1,1,1,0,0,0,0,0,0,0,0,0,0,0,0,0,0,0,0,0,1,0,0,8,0,39.9252,-75.1759, , 
 ,14610,2016019365,6,67,67301,2016,2,1,1353,13,1,1,0,1,1, , ,N,0,0,0,3,0,1,8,3,N,N,39 56:34.137,75 11:35.412,1415, ,1355,1,1,4, , ,0,N, , , , ,168634, , , ,3,2,0,0,0,0,1,0,0,0,0,0,1,1,0,0,0,0,0,1,0,0,0,0,0,0,0,0,0,0,0,0,0,0,0,8,0,39.9428,-75.1932, , 
 ,14611,2016023741,6,67,67301,2016,2,6,1249,12,1,1,0,1,1, , ,N,0,0,0,3,0,0,2,2,N,N,39 57:35.911,75 10:42.928,1258, ,1250,2,1,4, , ,0,N, , , , ,168638, , , ,2,1,0,0,0,0,1,0,0,0,0,0,0,0,0,0,1,0,0,0,1,0,0,0,0,0,0,0,0,0,0,0,0,0,0,0,0,39.96,-75.1786, , 
 ,14612,2016033811,6,67,67301,2016,3,5,1545,15,1,1,0,8,1, , ,N,1,2,0,3,0,1,2,2,N,N,39 57:09.274,75 08:54.407,1651, ,1649, ,0, , , ,3, , , , , ,168649, , , ,1,0,0,1,0,0,0,0,0,0,0,1,1,0,0,0,0,0,0,0,0,0,0,0,0,0,0,0,0,0,0,0,1,0,0,4,1,39.9526,-75.1485, , 
 ,14613,2016037130,6,67,67301,2016,4,1,1848,18,1,1,0,4,1, , ,N,1,2,0,3,0,5,5,3,N,N,39 58:37.164,75 09:21.596,1851, ,1850, ,0, ,N, ,3, , , , , ,168652, , , ,3,3,0,0,0,0,0,0,0,0,2,0,5,3,0,0,0,0,0,0,1,0,0,0,0,0,0,0,0,0,0,0,0,0,0,3,0,39.977,-75.156, , 
 ,14614,2016040977,6,67,67301,2016,3,1,1502,15,1,1,0,1,1, , ,N,2,2,0,3,0,1,12,4,N,N,40 01:38.505,75 05:56.834,1510, ,1505,2,1,1,N, ,3,N, , , , ,168654, , , ,4,2,0,0,0,0,2,0,0,0,0,0,1,1,0,0,0,0,0,0,1,0,0,0,0,0,0,0,0,0,0,0,0,0,0,8,0,40.0274,-75.0991, , 
 ,14615,2016058526,6,67,67301,2016,5,2,1759,17,1,1,0,1,1, , ,N,2,0,0,3,0,1,3,3,N,N,39 58:34.062,75 13:27.977,1806, ,1800, ,0, ,N, ,0, , , , , ,168661, , , ,3,1,0,0,0,0,1,0,0,0,0,1,1,0,0,0,0,0,0,0,0,0,0,0,0,0,0,0,0,0,0,0,0,0,0,4,0,39.9761,-75.2244, , 
 ,14616,2016051293,6,67,67301,2016,4,3,1606,16,1,1,0,4,1, , ,N,1,2,0,3,0,2,3,3,N, ,40 01:53.630,75 12:46.938,1615, ,1606, ,0, , , ,9, , , , , ,162192, , , ,3,2,0,1,0,0,0,0,0,0,0,2,2,0,0,0,0,0,0,0,1,1,1,0,0,0,0,0,0,0,0,0,0,0,0,4,1,40.0316,-75.213, , 
 ,14617,2016026853,6,67,67301,2016,2,2,1835,18,3,1,0,8,1, , ,N,0,0,0,3,0,1,2,2,N,N,40 03:48.917,75 05:14.807,1846, ,1842, ,0, ,N, ,0, , , , , ,162217, , , ,1,1,0,0,0,0,0,0,0,0,0,0,1,1,0,0,0,0,0,0,0,0,0,1,0,0,0,0,0,0,0,0,1,0,0,8,0,40.0636,-75.0874, , 