wz_ln_closure,objectid_1,crn,district,county,municipality,crash_year,crash_month,day_of_week,time_of_day,hour_of_day,illumination,weather,road_condition,collision_type,relation_to_road,work_zone_type,work_zone_loc,work_zone_ind,intersect_type,tcd_type,location_type,urban_rural,fatal_count,injury_count,person_count,total_units,sch_bus_ind,sch_zone_ind,latitude,longitude,arrival_tm,cons_zone_spd_lim,dispatch_tm,est_hrs_closed,lane_closed,ln_close_dir,ntfy_hiwy_maint,spec_juris_cd,tcd_func_cd,tfc_detour_ind,workers_pres,wz_close_detour,wz_flagger,wz_law_offcr_ind,objectid,wz_moving,wz_other,wz_shlder_mdn,vehicle_count,automobile_count,motorcycle_count,bus_count,small_truck_count,heavy_truck_count,suv_count,van_count,bicycle_count,maj_inj_count,mod_inj_count,min_inj_count,tot_inj_count,unk_inj_deg_count,unk_inj_per_count,driver_count_16yr,driver_count_17yr,driver_count_18yr,driver_count_19yr,driver_count_20yr,driver_count_50_64yr,driver_count_65_74yr,driver_count_75plus,unbelted_occ_count,unb_death_count,unb_maj_inj_count,belted_death_count,belted_maj_inj_count,mcycle_death_count,mcycle_maj_inj_count,bicycle_death_count,bicycle_maj_inj_count,ped_count,ped_death_count,ped_maj_inj_count,max_severity_level,comm_veh_count,dec_lat,dec_long,rdwy_surf_type_cd,county_name
 ,14685,2016058634,6,67,67301,2016,5,1,132,1,3,2,1,4,1, , ,N,1,2,0,3,0,1,3,2,N,N,40 02:44.514,75 01:53.568,136, ,134, ,0, ,N, ,3, , , , , ,159254, , , ,2,2,0,0,0,0,0,0,0,0,0,0,1,1,2,0,0,0,1,0,0,0,0,0,0,0,0,0,0,0,0,0,0,0,0,8,0,40.0457,-75.0315, , 
 ,14686,2016058683,6,67,67301,2016,5,5,1646,16,1,1,0,4,1, , ,N,1,2,0,3,0,1,2,2,N,N,40 06:46.663,75 01:22.836,1705, ,1659, ,0, ,N, ,3, , , , , ,159255, , , ,2,1,0,0,0,0,1,0,0,0,0,0,1,1,0,0,0,0,0,0,0,0,1,0,0,0,0,0,0,0,0,0,0,0,0,8,0,40.113,-75.023, , 
 ,14687,2016064004,6,67,67301,2016,6,1,1730,17,1,9,0,8,1, , ,N,0,0,0,3,0,1,2,2,N, ,39 59:57.793,75 08:36.949,2021, ,2021, ,0, , , ,0, , , , , ,159259, , , ,1,0,0,0,0,0,0,0,0,0,0,1,1,0,1,0,0,0,0,0,0,0,0,0,0,0,0,0,0,0,0,0,1,0,0,4,0,39.9994,-75.1436, , 
 ,14688,2016052831,6,67,67301,2016,5,4,737,7,1,2,1,4,1, , ,N,1,2,0,3,0,0,2,3,N, ,40 03:17.448,75 10:08.247,800, ,737, ,0, , , ,3, , , , , ,162386, , , ,2,1,0,0,0,0,1,0,0,0,0,0,0,0,0,0,0,0,0,0,0,0,0,0,0,0,0,0,0,0,0,0,0,0,0,0,0,40.0548,-75.169, , 
 ,14689,2016013971,6,67,67301,2016,1,7,2120,21,3,1,0,4,1, , ,N,1,2,0,3,0,1,3,2,N, ,40 00:39.311,75 09:03.157,2121, ,2120, ,0, , , ,3, , , , , ,162403, , , ,2,1,0,0,0,0,1,0,0,0,0,0,1,1,2,0,0,1,0,0,0,0,0,0,0,0,0,0,0,0,0,0,0,0,0,8,0,40.0107,-75.1508, , 
 ,14690,2016019222,6,67,67301,2016,2,6,1801,18,3,1,0,4,1, , ,N,2,0,2,3,0,0,2,2,N,N,39 59:11.983,75 12:29.919,1826, ,1826, ,0, , , ,0, , , , , ,162409, , , ,2,0,0,0,2,0,0,0,0,0,0,0,0,0,0,0,0,0,0,0,0,0,0,0,0,0,0,0,0,0,0,0,0,0,0,0,0,39.9867,-75.2083, , 
 ,14691,2016062614,6,67,67301,2016,5,6,1235,12,1,1,0,7,4, , ,N,0,0,0,3,0,1,2,1,N,N,39 57:48.830,75 09:20.901,1250, ,1244, ,0, , , ,0, , , , , ,162437, , , ,1,0,0,0,0,0,1,0,0,0,0,1,1,0,0,0,0,0,0,0,0,0,0,1,0,0,0,0,0,0,0,0,0,0,0,4,0,39.9636,-75.1558, , 
 ,14692,2016043666,6,67,67301,2016,4,4,2048,20,3,1,0,4,1, , ,N,1,2,0,3,0,1,5,2,N,N,40 02:39.450,75 03:14.767,2058, ,2050,1,2,1,N, ,3,Y, , , , ,162479, , , ,2,1,0,0,0,0,1,0,0,0,1,0,1,0,0,0,0,0,0,0,0,0,0,0,0,0,0,0,0,0,0,0,0,0,0,3,0,40.0443,-75.0541, , 
 ,14693,2016044565,6,67,67301,2016,4,3,2000,20,3,1,0,5,1, , ,N,0,0,0,3,0,3,3,2,N,N,39 58:25.055,75 12:33.102,2020, ,2017,2,1,4,N, ,0,N, , , , ,162480, , , ,2,2,0,0,0,0,0,0,0,0,1,1,3,1,0,0,0,0,0,0,0,0,0,0,0,0,0,0,0,0,0,0,0,0,0,3,0,39.9736,-75.2092, , 
 ,14694,2016052264,6,67,67301,2016,5,3,551,5,3,2,1,4,1, , ,N,1,2,0,3,0,1,3,2,N,N,39 57:09.925,75 09:29.181,600, ,555, ,0, ,N, ,3, , , , , ,162485, , , ,2,2,0,0,0,0,0,0,0,0,0,1,1,0,0,0,0,0,0,0,0,1,0,0,0,0,0,0,0,0,0,0,0,0,0,4,0,39.9528,-75.1581, , 
 ,14695,2016064001,6,67,67301,2016,6,3,1150,11,1,1,0,2,1, , ,N,0,0,0,3,0,1,2,2,N,N,40 03:38.056,75 01:10.048,1200, ,1152,1,1,4,N, ,0,N, , , , ,162489, , , ,2,2,0,0,0,0,0,0,0,0,0,1,1,0,0,0,0,0,0,0,0,0,0,0,0,0,0,0,0,0,0,0,0,0,0,4,0,40.0606,-75.0195, , 
 ,14696,2016032053,6,67,67301,2016,3,5,729,7,1,8,5,6,1, , ,N,0,0,0,3,0,0,7,4,N, ,39 59:32.813,75 11:38.859,739, ,729,2,2,5, , ,0,Y, , , , ,162515, , , ,4,1,0,0,0,0,1,1,0,0,0,0,0,0,0,0,0,0,0,0,0,0,0,0,0,0,0,0,0,0,0,0,0,0,0,0,0,39.9924,-75.1941, , 
 ,14697,2016039800,6,67,67301,2016,4,2,829,8,1,1,0,1,1, , ,N,0,0,0,3,0,1,2,2,N,N,39 57:25.762,75 09:25.799,829, ,829, ,0, , , ,0, , , , , ,162521, , , ,2,2,0,0,0,0,0,0,0,0,0,0,1,1,0,0,0,0,0,0,0,0,0,0,0,0,0,0,0,0,0,0,0,0,0,8,0,39.9572,-75.1572, , 
 ,14698,2016040925,6,67,67301,2016,4,1,140,1,3,1,0,3,1, , ,N,0,0,0,3,0,1,4,2,N,N,39 57:11.260,75 10:11.843,254, ,249, ,0, , , ,0, , , , , ,162524, , , ,2,1,0,0,0,0,1,0,0,0,0,1,1,0,3,0,0,0,0,0,0,0,0,0,0,0,0,0,0,0,0,0,0,0,0,4,0,39.9531,-75.17, , 
 ,14699,2016041408,6,67,67301,2016,4,5,1200,12,1,2,1,4,1, , ,N,1,2,0,3,0,1,3,2,N,N,39 56:42.529,75 09:00.115,1250, ,1245,2,1,1,N, ,9,Y, , , , ,162525, , , ,2,0,0,0,0,0,2,0,0,0,0,0,1,1,0,0,0,0,0,0,1,0,0,2,0,0,0,0,0,0,0,0,0,0,0,8,0,39.9451,-75.15, , 
 ,14700,2016017002,6,67,67301,2016,1,6,1415,14,1,1,0,8,1, , ,N,2,2,0,3,0,1,2,2,N, ,39 57:19.007,75 11:13.487,1420, ,1415, ,0, , , ,3, , , , , ,162555, , , ,1,1,0,0,0,0,0,0,0,0,0,1,1,0,0,0,0,0,0,0,0,0,0,1,0,0,0,0,0,0,0,0,1,0,0,4,0,39.9553,-75.1871, , 
 ,14701,2016043706,6,67,67301,2016,3,4,1347,13,1,1,0,7,4, , ,N,0,0,0,3,0,1,3,3,N,N,39 57:45.223,75 12:38.154,1358, ,1353, ,0, ,N, ,0, , , , , ,162576, , , ,3,0,0,0,0,0,1,2,0,0,0,0,1,1,0,0,0,0,0,0,1,0,0,0,0,0,0,0,0,0,0,0,0,0,0,8,0,39.9626,-75.2106, , 
 ,14702,2016048632,6,67,67301,2016,4,4,720,7,1,1,0,4,1, , ,N,0,0,7,3,0,2,2,2,N, ,40 06:11.300,75 01:47.500,755, ,743, ,0, , , ,0, , , , , ,162577, , , ,2,1,0,0,1,0,0,0,0,0,0,2,2,0,0,0,0,0,0,0,1,0,0,0,0,0,0,0,0,0,0,0,0,0,0,4,0,40.1031,-75.0299, , 
 ,14703,2016048651,6,67,67301,2016,4,2,2222,22,3,1,0,1,1, , ,N,0,0,0,3,0,2,5,4,N,N,40 03:46.721,75 05:10.818,2230, ,2228, ,0, ,N, ,0, , , , , ,162578, , , ,4,3,0,0,0,0,1,0,0,0,0,2,2,0,0,0,0,0,0,0,1,0,0,2,0,0,0,0,0,0,0,0,0,0,0,4,0,40.063,-75.0863, , 
 ,14704,2016053713,6,67,67301,2016,5,6,1130,11,1,2,1,1,1, , ,N,0,2,0,3,0,1,3,2,N,N,40 01:52.300,75 11:16.100,1225, ,1216, ,0, ,N, ,3, , , , , ,162583, , , ,2,0,0,0,0,0,2,0,0,0,0,1,1,0,0,0,0,0,0,0,1,0,0,0,0,0,0,0,0,0,0,0,0,0,0,4,0,40.0312,-75.1878, , 
 ,14705,2016036859,6,67,67301,2016,4,7,1740,17,1,1,1,4,1, , ,N,1,3,0,3,0,1,2,2,N,N,39 57:19.274,75 12:22.561,1745, ,1743, ,0, ,N, ,3, , , , , ,162613, , , ,2,1,0,0,0,0,1,0,0,0,0,1,1,0,0,0,0,0,0,0,0,0,0,0,0,0,0,0,0,0,0,0,0,0,0,4,0,39.9554,-75.2063, , 
 ,14706,2016031706,6,67,67301,2016,3,4,1930,19,3,1,0,8,1, , ,N,1,2,0,3,0,1,2,2,N,N,39 59:16.284,75 09:20.883,104, ,102, ,0, ,N, ,3, , , , , ,165850, , , ,1,0,0,0,0,0,0,1,0,0,0,1,1,0,0,0,0,0,0,0,0,0,0,0,0,0,0,0,0,0,0,0,1,0,0,4,0,39.9879,-75.1558, , 
 ,14707,2016033888,6,67,67301,2016,3,6,1655,16,3,1,0,4,1, , ,N,1,2,0,3,0,0,2,2,N,N,39 55:20.731,75 13:23.335,1942, ,1938, ,0, ,N, ,3, , , , , ,165854, , , ,2,1,0,0,0,0,1,0,0,0,0,0,0,0,0,0,0,0,0,0,0,0,0,1,0,0,0,0,0,0,0,0,0,0,0,0,0,39.9224,-75.2232, , 
 ,14708,2016052952,6,67,67301,2016,5,1,1451,14,1,1,0,1,1, , ,N,0,0,0,3,0,1,2,2,N,N,39 56:59.260,75 08:28.778,1504, ,1501,1,1,1, , ,0,N, , , , ,165869, , , ,2,1,1,0,0,0,0,0,0,0,0,0,1,1,0,0,0,0,0,0,0,0,0,0,0,0,0,0,0,0,0,0,0,0,0,8,0,39.9498,-75.1413, , 
 ,14709,2016058611,6,67,67301,2016,5,7,1130,11,1,9,8,8,1, , ,N,1,2,0,3,0,1,2,2,N,N,39 54:59.554,75 10:22.844,1305, ,1243, ,0, , , ,3, , , , , ,165916, , , ,1,0,0,0,0,0,0,0,0,0,0,1,1,0,0,0,0,0,0,0,0,0,0,0,0,0,0,0,0,0,0,0,1,0,0,4,0,39.9165,-75.173, , 
 ,14710,2016021215,6,67,67301,2016,2,3,1130,11,1,2,1,1,1, , ,N,0,0,0,3,0,1,2,2,N,N,39 58:05.826,75 07:45.463,1200, ,1136, ,0, , , ,0, , , , , ,165936, , , ,2,0,0,0,0,2,0,0,0,0,0,0,1,1,0,0,0,0,0,0,1,0,0,0,0,0,0,0,0,0,0,0,0,0,0,8,2,39.9683,-75.1293, , 
 ,14711,2016022030,6,67,67301,2016,2,7,1420,14,1,1,0,1,6, , ,N,0,0,0,3,0,0,1,3,N,N,40 00:02.531,75 09:59.220,1430, ,1424, ,0, ,N, ,0, , , , , ,165937, , , ,3,2,0,0,0,0,1,0,0,0,0,0,0,0,0,0,0,0,0,0,0,0,0,0,0,0,0,0,0,0,0,0,0,0,0,0,0,40.0007,-75.1665, , 
 ,14712,2016029351,6,67,67301,2016,3,6,1345,13,1,1,0,7,4, , ,N,0,0,1,3,0,1,2,1,N,N,40 00:51.989,75 10:41.576,1412, ,1345,3,1,1,Y, ,0,N, , , , ,165944, , , ,1,0,0,0,0,1,0,0,0,0,0,0,1,1,0,0,0,0,0,0,1,0,0,2,0,0,0,0,0,0,0,0,0,0,0,8,1,40.0145,-75.1782, , 
 ,14713,2016032597,6,67,67301,2016,3,6,1118,11,1,1,0,1,1, , ,N,6,3,8,3,0,1,2,2,N,N,40 00:39.639,75 12:22.116,1118, ,1118,1,1,1, , ,3,N, , , , ,165947, , , ,2,0,0,0,1,0,1,0,0,0,1,0,1,0,0,0,0,0,0,0,2,0,0,0,0,0,0,0,0,0,0,0,0,0,0,3,0,40.011,-75.2061, , 
 ,14714,2016045347,6,67,67301,2016,4,1,1230,12,1,1,0,4,1, , ,N,1,3,0,3,1,0,2,2,N,N,39 58:39.300,75 12:39.200,1235, ,1234, ,0, ,N,0,3, , , , , ,165962, , , ,2,0,1,1,0,0,0,0,0,0,0,0,0,0,0,0,0,0,0,0,0,0,0,0,0,0,0,0,1,0,0,0,0,0,0,1,1,39.9776,-75.2109,1, 
 ,14715,2016044586,6,67,67301,2016,4,5,2357,23,3,2,1,4,1, , ,N,1,2,0,3,0,1,3,2,N, ,40 00:49.975,75 07:33.617,2359, ,2359, ,0, , , ,3, , , , , ,166001, , , ,2,2,0,0,0,0,0,0,0,0,0,1,1,0,0,0,0,0,0,1,0,0,0,2,0,0,0,0,0,0,0,0,0,0,0,4,0,40.0139,-75.126, , 
 ,14716,2016051267,6,67,67301,2016,4,7,355,3,3,1,0,5,6, , ,N,0,0,0,3,0,0,1,3,N, ,39 56:41.086,75 10:27.578,407, ,405,2,1,3, , ,0,Y, , , , ,166009, , , ,3,2,0,0,0,0,1,0,0,0,0,0,0,0,0,0,0,0,0,0,1,0,0,0,0,0,0,0,0,0,0,0,0,0,0,0,0,39.9447,-75.1743, , 
 ,14717,2016054187,6,67,67301,2016,4,3,1900,19,1,1,0,4,1, , ,N,1,2,0,3,0,1,2,2,N,N,40 01:04.608,75 08:57.650,1941, ,1939, ,0, ,N, ,3, , , , , ,166012, , , ,2,0,0,0,0,0,2,0,0,0,0,1,1,0,0,0,0,0,0,0,0,0,0,0,0,0,0,0,0,0,0,0,0,0,0,4,0,40.0179,-75.1493, , 
 ,14718,2016022009,6,67,67301,2016,1,7,840,8,1,1,0,4,1, , ,N,1,2,0,3,0,1,2,2,N,N,40 03:40.446,75 05:00.751,855, ,844,1,1,3, , ,3,N, , , , ,166025, , , ,2,0,0,0,0,1,1,0,0,0,0,1,1,0,0,0,0,0,0,0,0,0,0,1,0,0,0,0,0,0,0,0,0,0,0,4,1,40.0612,-75.0835, , 
 ,14719,2016031240,6,67,67301,2016,3,4,234,2,3,1,0,4,1, , ,N,1,2,0,3,0,0,2,2,N,N,39 57:04.584,75 11:56.878,236, ,234,1,2,2,N, ,3,Y, , , , ,166031, , , ,2,2,0,0,0,0,0,0,0,0,0,0,0,0,0,0,0,0,0,0,1,0,0,2,0,0,0,0,0,0,0,0,0,0,0,0,0,39.9513,-75.1991, , 
 ,14720,2016036460,6,67,67301,2016,3,7,1230,12,1,1,0,1,1, , ,N,0,2,0,3,0,1,3,2,N, ,40 03:05.275,75 07:37.937,1242, ,1235, ,0, , , ,3, , , , , ,166036, , , ,2,2,0,0,0,0,0,0,0,0,0,1,1,0,0,0,0,0,0,0,0,1,0,0,0,0,0,0,0,0,0,0,0,0,0,4,0,40.0515,-75.1272, , 
 ,14721,2016040946,6,67,67301,2016,3,5,1835,18,1,1,0,5,1, , ,N,1,2,0,3,0,0,2,2,N,N,40 01:50.080,75 08:47.721,1912, ,1835, ,0, ,N, ,3, , , , , ,166040, , , ,2,1,0,0,0,0,1,0,0,0,0,0,0,0,0,0,0,0,0,0,0,0,0,0,0,0,0,0,0,0,0,0,0,0,0,0,0,40.0306,-75.1465, , 
 ,14722,2016026039,6,67,67301,2016,2,5,700,7,1,4,6,7,4, , ,N,0,0,0,3,0,0,1,2,N,N,40 00:01.405,75 10:40.236,726, ,726, ,0, ,N, ,0, , , , , ,166085, , , ,1,1,0,0,0,0,0,0,0,0,0,0,0,0,0,0,0,0,0,0,0,0,0,0,0,0,0,0,0,0,0,0,0,0,0,0,0,40.0004,-75.1778, , 
 ,14723,2016026064,6,67,67301,2016,2,5,2021,20,3,1,0,1,6, , ,N,0,0,0,3,0,1,2,2,N, ,40 01:27.261,75 02:08.053,2034, ,2029, ,0, , , ,0, , , , , ,166086, , , ,2,2,0,0,0,0,0,0,0,0,0,1,1,0,0,0,0,0,1,0,0,0,0,0,0,0,0,0,0,0,0,0,0,0,0,4,0,40.0242,-75.0356, , 
 ,14724,2016052392,6,67,67301,2016,4,6,331,3,3,1,0,7,4, , ,N,1,2,0,3,0,0,2,1,N,N,40 03:34.337,75 09:55.640,352, ,348,9,1,2, , ,3,N, , , , ,156122, , , ,1,0,0,0,0,0,1,0,0,0,0,0,0,0,0,0,0,0,0,0,0,0,0,0,0,0,0,0,0,0,0,0,0,0,0,0,0,40.0595,-75.1655, , 
 ,14725,2016052848,6,67,67301,2016,4,5,708,7,5,1,0,8,1, , ,N,0,0,0,3,0,1,2,2,N, ,39 56:23.605,75 12:50.251,1235, ,1230, ,0, , , ,0, , , , , ,156123, , , ,1,0,0,0,0,0,1,0,0,0,0,1,1,0,1,0,0,0,0,0,1,0,0,0,0,0,0,0,0,0,0,0,1,0,0,4,0,39.9399,-75.214, , 
 ,14726,2016007594,6,67,67301,2016,1,7,30,0,3,1,0,4,1, , ,N,1,2,0,3,0,2,2,2,N, ,39 56:58.016,75 09:31.701,30, ,30, ,0, , , ,3, , , , , ,156133, , , ,2,2,0,0,0,0,0,0,0,0,0,2,2,0,0,0,0,0,0,0,1,0,0,1,0,0,0,0,0,0,0,0,0,0,0,4,0,39.9494,-75.1588, , 
 ,14727,2016015029,6,67,67301,2016,2,7,2219,22,3,1,0,4,4, , ,N,0,0,7,3,0,1,5,2,N,N,39 59:06.780,75 09:22.956,2220, ,2219, ,0, ,N, ,0, , , , , ,156142, , , ,1,0,0,0,0,0,1,0,1,0,0,0,1,1,3,0,1,0,0,0,0,0,0,0,0,0,0,0,0,0,0,0,0,0,0,8,0,39.9852,-75.1564, , 
 ,14728,2016027402,6,67,67301,2016,2,2,107,1,3,1,0,7,4, , ,N,2,0,0,3,0,2,2,1,N,N,40 00:29.170,75 04:42.088,130, ,107, ,0, , , ,0, , , , , ,156155, , , ,1,0,0,0,0,0,1,0,0,0,0,0,2,2,0,0,0,0,0,0,0,0,0,0,0,0,0,0,0,0,0,0,0,0,0,8,0,40.0081,-75.0784, , 
 ,14729,2016040908,6,67,67301,2016,3,4,2041,20,3,1,0,8,1, , ,N,1,3,0,3,0,1,2,2,N, ,40 02:53.185,75 08:51.626,9999, ,9999, ,0, , , ,3, , , , , ,156166, , , ,1,1,0,0,0,0,0,0,1,0,0,0,1,1,1,0,0,0,0,0,0,0,0,0,0,0,0,0,0,0,0,0,0,0,0,8,0,40.0481,-75.1477, , 
 ,14730,2016044551,6,67,67301,2016,4,7,2317,23,3,1,0,8,1, , ,N,0,0,0,3,0,1,2,2,N,N,39 54:57.538,75 14:09.514,2322, ,2319, ,0, ,N, ,0, , , , , ,156171, , , ,1,1,0,0,0,0,0,0,0,0,1,0,1,0,0,0,0,0,0,0,0,0,0,1,0,0,0,0,0,0,0,0,1,0,0,3,0,39.916,-75.236, , 
 ,14731,2016029138,6,67,67301,2016,3,3,1900,19,3,1,0,8,1, , ,N,1,2,0,3,0,1,2,2,N,N,40 03:15.666,75 11:38.176,1912, ,1901, ,0, ,N, ,3, , , , , ,156190, , , ,1,1,0,0,0,0,0,0,0,0,0,0,1,1,1,0,0,0,0,0,0,0,0,0,0,0,0,0,0,0,0,0,1,0,0,8,0,40.0544,-75.1939, , 
 ,14732,2016038172,6,67,67301,2016,3,7,1035,10,1,1,0,5,6, , ,N,0,0,0,3,0,1,1,2,N,N,39 59:50.880,75 05:59.515,1045, ,1003, ,0, ,N, ,0, , , , , ,156195, , , ,2,2,0,0,0,0,0,0,0,0,0,0,1,1,0,0,0,0,0,0,0,0,0,0,0,0,0,0,0,0,0,0,0,0,0,8,0,39.9975,-75.0999, , 
 ,14733,2016046130,6,67,67301,2016,4,1,1620,16,1,1,0,4,1, , ,N,1,2,0,3,0,2,3,2,N,N,39 56:32.336,75 14:01.801,1623, ,1621, ,0, , , ,3, , , , , ,156203, , , ,2,1,1,0,0,0,0,0,0,0,0,2,2,0,0,0,0,0,0,1,0,0,0,0,0,0,0,0,0,0,0,0,0,0,0,4,0,39.9423,-75.2338, , 
 ,14734,2016062544,6,67,67301,2016,6,5,844,8,1,1,0,4,1, , ,N,1,2,0,3,0,2,2,2,N,N,40 02:13.851,75 07:25.305,940, ,923, ,0, ,N, ,3, , , , , ,156220, , , ,2,1,0,0,0,0,0,1,0,0,0,0,2,2,0,0,0,0,0,0,0,0,0,0,0,0,0,0,0,0,0,0,0,0,0,8,0,40.0372,-75.1237, , 
 ,14735,2016019342,6,67,67301,2016,2,3,651,6,1,1,1,1,1, , ,N,0,0,0,3,0,1,2,2,N,N,39 56:17.710,75 11:51.929,706, ,652, ,0, , , ,0, , , , , ,156235, , , ,2,1,0,0,0,0,1,0,0,0,0,1,1,0,0,0,0,0,0,0,0,0,0,0,0,0,0,0,0,0,0,0,0,0,0,4,0,39.9383,-75.1978, , 
 ,14736,2016032077,6,67,67301,2016,3,3,1427,14,1,1,0,1,1, , ,N,3,2,0,3,0,0,3,2,N,N,39 54:30.639,75 14:30.875,1538, ,1538,2,2,2,N, ,3,N, , , , ,156256, , , ,2,2,0,0,0,0,0,0,0,0,0,0,0,0,0,0,0,0,0,0,0,0,0,0,0,0,0,0,0,0,0,0,0,0,0,0,0,39.9085,-75.2419, , 
 ,14737,2016052276,6,67,67301,2016,5,4,618,6,1,2,1,4,1, , ,N,2,3,0,3,0,4,4,2,N,N,40 00:13.798,75 07:26.950,719, ,718, ,0, ,N, ,3, , , , , ,156269, , , ,2,2,0,0,0,0,0,0,0,0,1,1,4,2,0,0,0,0,0,0,1,0,0,2,0,0,0,0,0,0,0,0,0,0,0,3,0,40.0038,-75.1242, , 
 ,14738,2016053861,6,67,67301,2016,5,7,1805,18,1,1,0,7,2, , ,N,0,0,0,3,0,1,2,2,N,N,39 54:04.959,75 09:09.130,1811, ,1807,3,2,2, , ,0,N, , , , ,156271, , , ,2,0,2,0,0,0,0,0,0,1,0,0,1,0,0,0,0,0,0,0,0,0,0,0,0,0,0,0,0,1,0,0,0,0,0,2,0,39.9014,-75.1525, , 
 ,14739,2016008636,6,67,67301,2016,1,7,1217,12,1,1,0,4,1, , ,N,0,0,0,3,0,2,4,4,N,N,39 59:19.026,75 09:20.713,1220, ,1217, ,0, ,N, ,0, , , , , ,156278, , , ,4,2,0,0,0,0,2,0,0,0,0,0,2,2,0,0,0,0,0,0,0,0,0,0,0,0,0,0,0,0,0,0,0,0,0,8,0,39.9886,-75.1558, , 
 ,14740,2016013763,6,67,67301,2016,1,7,1450,14,1,1,0,2,6, , ,N,0,0,0,3,0,1,1,4,N,N,40 02:36.531,75 01:10.066,1512, ,1502,1,1,6,N, ,0,Y, , , , ,156281, , , ,4,1,0,0,0,0,2,0,0,0,0,1,1,0,0,0,0,0,0,0,0,0,0,0,0,0,0,0,0,0,0,0,0,0,0,4,0,40.0435,-75.0195, , 
 ,14741,2016014058,6,67,67301,2016,1,3,1204,12,1,1,0,1,1, , ,N,0,2,0,3,0,1,4,2,N,N,40 01:53.860,75 12:47.196,1230, ,1224, ,0, ,N, ,3, , , , , ,156282, , , ,2,0,0,0,0,0,2,0,0,0,0,0,1,1,0,0,0,0,0,0,1,0,0,1,0,0,0,0,0,0,0,0,0,0,0,8,0,40.0316,-75.2131, , 
 ,14742,2016068654,6,67,67301,2016,4,3,1155,11,1,1,0,4,1, , ,N,1,3,0,3,0,1,2,2,N,N,40 00:42.501,75 06:35.945,1205, ,1200, ,0, ,N, ,3, , , , , ,159260, , , ,2,2,0,0,0,0,0,0,0,0,0,0,1,1,0,0,0,0,0,0,0,0,0,0,0,0,0,0,0,0,0,0,0,0,0,8,0,40.0118,-75.11, , 
 ,14743,2016022018,6,67,67301,2016,2,5,1129,11,1,1,0,8,1, , ,N,0,0,0,3,0,1,2,2,N,N,39 59:16.792,75 08:39.962,1135, ,1130, ,0, , , ,0, , , , , ,159276, , , ,1,0,0,0,0,0,1,0,0,0,0,1,1,0,0,0,0,0,0,0,1,0,0,0,0,0,0,0,0,0,0,0,1,0,0,4,0,39.988,-75.1444, , 
 ,14744,2016029865,6,67,67301,2016,2,7,1813,18,3,1,0,6,1, , ,N,0,0,0,3,0,1,2,4,N, ,40 01:28.678,75 09:41.653,1818, ,1815,3,2,5, , ,0,Y, , , , ,159283, , , ,4,2,0,0,0,1,1,0,0,0,0,1,1,0,1,0,0,0,0,0,0,0,0,0,0,0,0,0,0,0,0,0,0,0,0,4,1,40.0246,-75.1616, , 
 ,14745,2016033123,6,67,67301,2016,3,7,1420,14,1,1,0,4,1, , ,N,1,2,3,3,0,2,3,2,N,N,39 57:25.937,75 09:19.951,1430, ,1423, ,0, ,N, ,3, , , , , ,159285, , , ,2,2,0,0,0,0,0,0,0,0,0,0,2,2,0,0,0,0,0,0,1,0,0,0,0,0,0,0,0,0,0,0,0,0,0,8,0,39.9572,-75.1555, , 
 ,14746,2016036397,6,67,67301,2016,3,3,2241,22,3,1,0,8,1, , ,N,2,2,0,3,0,1,2,2,N, ,40 02:46.713,75 08:09.655,2326, ,2325, ,0, , , ,3, , , , , ,159288, , , ,1,1,0,0,0,0,0,0,0,0,0,0,1,1,0,0,0,0,0,0,0,0,0,0,0,0,0,0,0,0,0,0,1,0,0,8,0,40.0463,-75.136, , 
 ,14747,2016053716,6,67,67301,2016,5,2,9999,99,1,1,0,4,1, , ,N,2,3,0,3,0,1,5,2,N,N,40 00:06.206,75 09:14.000,9999, ,9999, ,0, ,N, ,3, , , , , ,159304, , , ,2,2,0,0,0,0,0,0,0,0,0,1,1,0,0,0,0,0,0,0,0,1,0,1,0,0,0,0,0,0,0,0,0,0,0,4,0,40.0017,-75.1539, , 
 ,14748,2016013290,6,67,67301,2016,1,4,1550,15,1,1,0,4,1, , ,N,1,2,0,3,0,0,5,4,N,N,40 03:00.396,75 03:51.268,1635, ,1624, ,0, ,N, ,3, , , , , ,159324, , , ,4,2,0,0,0,0,2,0,0,0,0,0,0,0,1,0,0,0,0,0,1,0,0,0,0,0,0,0,0,0,0,0,0,0,0,9,0,40.0501,-75.0642, , 
 ,14749,2016016619,6,67,67301,2016,1,6,800,8,1,1,0,4,1, , ,N,1,0,0,3,0,1,2,2,N,N,39 58:59.466,75 06:54.921,830, ,825, ,0, ,N, ,0, , , , , ,159326, , , ,2,1,0,0,0,0,1,0,0,0,0,1,1,0,0,0,0,0,0,0,0,0,0,0,0,0,0,0,0,0,0,0,0,0,0,4,0,39.9832,-75.1153, , 
 ,14750,2016019769,6,67,67301,2016,2,3,1457,14,1,1,0,4,1, , ,N,1,2,0,3,0,1,2,2,N,N,40 05:24.064,74 59:03.324,1505, ,1458, ,0, ,N, ,3, , , , , ,159332, , , ,2,0,0,0,1,0,0,1,0,0,0,1,1,0,0,0,0,0,0,0,0,0,0,0,0,0,0,0,0,0,0,0,0,0,0,4,0,40.0899,-74.9842, , 