wz_ln_closure,objectid_1,crn,district,county,municipality,crash_year,crash_month,day_of_week,time_of_day,hour_of_day,illumination,weather,road_condition,collision_type,relation_to_road,work_zone_type,work_zone_loc,work_zone_ind,intersect_type,tcd_type,location_type,urban_rural,fatal_count,injury_count,person_count,total_units,sch_bus_ind,sch_zone_ind,latitude,longitude,arrival_tm,cons_zone_spd_lim,dispatch_tm,est_hrs_closed,lane_closed,ln_close_dir,ntfy_hiwy_maint,spec_juris_cd,tcd_func_cd,tfc_detour_ind,workers_pres,wz_close_detour,wz_flagger,wz_law_offcr_ind,objectid,wz_moving,wz_other,wz_shlder_mdn,vehicle_count,automobile_count,motorcycle_count,bus_count,small_truck_count,heavy_truck_count,suv_count,van_count,bicycle_count,maj_inj_count,mod_inj_count,min_inj_count,tot_inj_count,unk_inj_deg_count,unk_inj_per_count,driver_count_16yr,driver_count_17yr,driver_count_18yr,driver_count_19yr,driver_count_20yr,driver_count_50_64yr,driver_count_65_74yr,driver_count_75plus,unbelted_occ_count,unb_death_count,unb_maj_inj_count,belted_death_count,belted_maj_inj_count,mcycle_death_count,mcycle_maj_inj_count,bicycle_death_count,bicycle_maj_inj_count,ped_count,ped_death_count,ped_maj_inj_count,max_severity_level,comm_veh_count,dec_lat,dec_long,rdwy_surf_type_cd,county_name
 ,14751,2016036473,6,67,67301,2016,3,5,2230,22,3,1,0,4,1, , ,N,2,2,0,3,0,1,2,2,N,N,39 59:53.654,75 11:15.510,2240, ,2233,3,2,7,N, ,3,Y, , , , ,159343, , , ,2,2,0,0,0,0,0,0,0,0,0,1,1,0,0,0,0,0,1,0,0,0,0,0,0,0,0,0,0,0,0,0,0,0,0,4,0,39.9982,-75.1876, , 
 ,14752,2016050819,6,67,67301,2016,4,6,1445,14,1,1,0,1,1, , ,N,0,0,2,3,0,2,3,2, , ,40 00:29.606,75 11:27.352,0, ,0, ,0, , , ,0, , , , , ,159356, , , ,2,1,0,0,0,0,1,0,0,0,0,0,2,2,0,0,0,0,0,0,0,0,0,0,0,0,0,0,0,0,0,0,0,0,0,8,0,40.0082,-75.1909, , 
 ,14753,2016050843,6,67,67301,2016,4,6,1845,18,1,1,0,1,1, , ,N,1,2,0,3,0,2,3,2, , ,40 02:49.423,75 09:47.462,0, ,0, ,0, , , ,3, , , , , ,159357, , , ,2,2,0,0,0,0,0,0,0,0,1,0,2,1,0,0,0,0,0,0,1,0,0,0,0,0,0,0,0,0,0,0,0,0,0,3,0,40.0471,-75.1632, , 
 ,14754,2016052280,6,67,67301,2016,4,4,1030,10,1,1,0,5,6, , ,N,0,0,0,3,0,1,1,3,N,N,39 57:37.166,75 14:47.140,1055, ,1049,1,2,4,N, ,0,Y, , , , ,159358, , , ,3,1,0,0,0,0,1,1,0,0,0,0,1,1,0,0,0,0,0,0,0,0,0,1,0,0,0,0,0,0,0,0,0,0,0,8,0,39.9603,-75.2464, , 
Y,14755,2016012519,6,67,67301,2016,1,6,1540,15,1,1,0,1,1,1,4,Y,0,0,0,3,0,1,2,2,N,N,39 59:28.226,75 05:10.300,1620,55,1553, ,0, , , ,0, ,N,N,N,N,159371,Y,N,Y,2,1,0,0,1,0,0,0,0,0,0,1,1,0,0,0,0,0,0,0,0,0,0,0,0,0,0,0,0,0,0,0,0,0,0,4,0,39.9912,-75.0862, , 
 ,14756,2016029963,6,67,67301,2016,2,3,2308,23,3,2,1,4,1, , ,N,1,2,0,3,0,0,2,2,N,N,39 57:29.061,75 09:44.627,2310, ,2310, ,0, , , ,3, , , , , ,159381, , , ,2,1,0,0,0,0,1,0,0,0,0,0,0,0,0,0,0,0,0,0,0,0,0,0,0,0,0,0,0,0,0,0,0,0,0,0,0,39.9579,-75.1623, , 
 ,14757,2016030719,6,67,67301,2016,3,6,1606,16,1,1,0,1,1, , ,N,1,2,0,3,0,1,2,2,N, ,39 58:42.846,75 12:49.036,1730, ,1724, ,0, , , ,3, , , , , ,159383, , , ,2,1,0,0,1,0,0,0,0,1,0,0,1,0,0,0,0,0,0,0,1,0,1,0,0,0,0,0,0,0,0,0,0,0,0,2,0,39.9786,-75.2136, , 
 ,14758,2016040873,6,67,67301,2016,4,7,535,5,5,1,0,4,1, , ,N,1,2,0,3,0,1,2,2,N, ,40 02:24.861,75 03:30.268,545, ,540, ,0, , , ,3, , , , , ,159387, , , ,2,1,0,0,0,0,0,1,0,0,0,1,1,0,0,0,0,0,0,0,0,0,0,1,0,0,0,0,0,0,0,0,0,0,0,4,0,40.0402,-75.0584, , 
 ,14759,2016047027,6,67,67301,2016,3,2,2335,23,3,1,0,1,1, , ,N,0,0,0,3,0,2,4,2,N, ,40 02:08.484,75 10:44.216,2340, ,2338, ,0, , , ,0, , , , , ,159395, , , ,2,1,0,0,0,0,1,0,0,0,0,2,2,0,0,0,0,0,0,0,0,0,0,3,0,0,0,0,0,0,0,0,0,0,0,4,0,40.0357,-75.1789, , 
 ,14760,2016048712,6,67,67301,2016,4,7,2305,23,3,1,0,1,1, , ,N,1,2,0,3,0,1,4,2,N,N,40 06:18.581,75 01:58.245,2308, ,2305, ,0, ,N, ,3, , , , , ,162621, , , ,2,1,0,1,0,0,0,0,0,0,0,1,1,0,1,0,0,0,0,0,1,0,0,0,0,0,0,0,0,0,0,0,0,0,0,4,1,40.1052,-75.0328, , 
 ,14761,2016066526,6,67,67301,2016,6,2,2146,21,2,1,0,1,1, , ,N,0,0,0,3,0,3,4,3,N,N,39 58:02.962,75 11:20.373,2146, ,2146, ,0, , , ,0, , , , , ,162642, , , ,3,2,0,0,0,1,0,0,0,0,3,0,3,0,0,0,0,0,0,0,1,0,0,0,0,0,0,0,0,0,0,0,0,0,0,3,1,39.9675,-75.189, , 
 ,14762,2016105742,6,67,67301,2016,9,1,745,7,1,1,0,4,1, , ,N,0,3,0,3,0,1,2,2,N, ,39 54:52.341,75 10:41.098,757, ,753, ,0, , , ,3, , , , , ,162679, , , ,1,1,0,0,0,0,0,0,1,0,0,1,1,0,0,0,0,0,0,0,1,0,0,0,0,0,0,0,0,0,0,0,0,0,0,4,0,39.9145,-75.1781, , 
 ,14763,2016013867,6,67,67301,2016,1,1,701,7,1,2,1,7,4, , ,N,0,0,0,3,0,1,1,1,N, ,39 54:26.886,75 13:24.468,830, ,829, ,0, , , ,0, , , , , ,162697, , , ,1,1,0,0,0,0,0,0,0,0,0,0,1,1,0,0,0,0,0,0,0,0,0,0,0,0,0,0,0,0,0,0,0,0,0,8,0,39.9075,-75.2235, , 
 ,14764,2016025978,6,67,67301,2016,2,3,320,3,3,3,6,7,2, , ,N,0,0,1,3,0,1,2,1,N, ,40 01:11.241,75 08:55.822,335, ,320, ,0, , , ,0, , , , , ,162750, , , ,1,1,0,0,0,0,0,0,0,0,0,0,1,1,1,0,0,0,0,0,0,0,0,0,0,0,0,0,0,0,0,0,0,0,0,8,0,40.0198,-75.1488, , 
 ,14765,2016027541,6,67,67301,2016,2,2,1218,12,1,1,0,4,1, , ,N,1,2,0,3,0,0,2,2,N,N,40 00:30.704,75 12:38.642,1223, ,1219, ,0, ,N, ,3, , , , , ,162753, , , ,2,1,0,0,0,0,1,0,0,0,0,0,0,0,2,0,0,0,0,0,2,0,0,0,0,0,0,0,0,0,0,0,0,0,0,9,0,40.0085,-75.2107, , 
 ,14766,2016036407,6,67,67301,2016,3,2,655,6,5,4,5,6,1, , ,N,0,0,0,3,0,1,3,2,N,N,40 05:48.219,75 01:49.712,725, ,722, ,0, ,N, ,0, , , , , ,162761, , , ,2,1,0,0,0,0,0,1,0,0,0,0,1,1,0,0,0,0,0,0,0,0,0,0,0,0,0,0,0,0,0,0,0,0,0,8,0,40.0967,-75.0305, , 
 ,14767,2016008612,6,67,67301,2016,1,6,1228,12,1,1,0,4,1, , ,N,1,2,0,3,0,1,3,2,N,N,40 01:45.310,75 05:23.878,9999, ,1229,1,1,2,N, ,3,N, , , , ,162785, , , ,2,2,0,0,0,0,0,0,0,0,0,0,1,1,0,0,0,0,0,0,0,0,0,1,0,0,0,0,0,0,0,0,0,0,0,8,0,40.0293,-75.09, , 
 ,14768,2016024516,6,67,67301,2016,3,4,1730,17,3,1,1,1,1, , ,N,5,2,0,3,0,1,2,2,N,N,39 56:45.926,75 11:54.625,1750, ,1750, ,0, ,N, ,3, , , , , ,162795, , , ,2,1,0,0,0,0,1,0,0,0,0,1,1,0,1,0,0,0,0,0,1,0,0,0,0,0,0,0,0,0,0,0,0,0,0,4,0,39.9461,-75.1985, , 
 ,14769,2016033821,6,67,67301,2016,3,2,9999,99,3,2,1,1,1, , ,N,1,2,0,3,0,1,4,5,N,N,39 55:30.950,75 13:44.824,9999, ,9999, ,0, ,N, ,3, , , , , ,162801, , , ,4,3,0,0,0,0,1,0,0,0,1,0,1,0,0,0,0,0,0,0,0,0,0,2,0,0,0,0,0,0,0,0,1,0,0,3,0,39.9253,-75.2291, , 
 ,14770,2016060488,6,67,67301,2016,5,1,341,3,3,1,0,7,3, , ,N,0,0,0,3,0,1,3,1,N,N,39 59:41.547,75 05:02.018,417, ,406,2,2,2, , ,0,Y, , , , ,162816, , , ,1,0,0,0,0,0,1,0,0,0,0,0,1,1,0,0,0,0,0,0,0,0,0,0,0,0,0,0,0,0,0,0,0,0,0,8,0,39.9949,-75.0839, , 
 ,14771,2016066687,6,67,67301,2016,6,3,40,0,3,2,1,7,4, , ,N,0,0,3,3,0,0,1,1,N,N,39 53:13.500,75 12:18.215,45, ,40, ,0, , , ,0, , , , , ,162821, , , ,1,0,0,0,1,0,0,0,0,0,0,0,0,0,0,0,0,0,0,0,1,0,0,0,0,0,0,0,0,0,0,0,0,0,0,0,0,39.8871,-75.2051, , 
 ,14772,2016068279,6,67,67301,2016,6,3,740,7,1,1,0,5,1, , ,N,2,2,0,3,0,4,5,5,N, ,39 53:40.926,75 13:46.059,813, ,810,3,1,3, , ,3,N, , , , ,162822, , , ,5,3,0,0,0,0,2,0,0,0,0,1,4,3,0,0,0,0,0,0,0,0,0,0,0,0,0,0,0,0,0,0,0,0,0,4,0,39.8946,-75.2296, , 
 ,14773,2016019743,6,67,67301,2016,2,1,1201,12,1,1,0,4,1, , ,N,1,0,0,3,0,1,2,2,N,N,40 00:29.350,75 06:21.877,1238, ,1233, ,0, ,N, ,0, , , , , ,162841, , , ,2,2,0,0,0,0,0,0,0,0,0,0,1,1,0,0,0,1,0,0,1,0,0,0,0,0,0,0,0,0,0,0,0,0,0,8,0,40.0082,-75.1061, , 
 ,14774,2016019862,6,67,67301,2016,2,3,823,8,1,1,4,1,1, , ,N,0,2,0,3,0,1,4,3,N, ,40 03:50.361,75 10:23.570,839, ,830, ,0, , , ,3, , , , , ,162842, , , ,3,1,0,0,0,0,2,0,0,0,0,1,1,0,0,0,0,0,0,0,0,0,0,0,0,0,0,0,0,0,0,0,0,0,0,4,0,40.064,-75.1732, , 
 ,14775,2016030716,6,67,67301,2016,3,1,132,1,3,1,0,4,1, , ,N,1,3,0,3,0,0,6,2,N, ,40 00:34.246,75 08:26.775,136, ,134, ,0, , , ,3, , , , , ,162849, , , ,2,2,0,0,0,0,0,0,0,0,0,0,0,0,0,1,0,0,0,1,0,0,0,0,0,0,0,0,0,0,0,0,0,0,0,0,0,40.0095,-75.1408, , 
 ,14776,2016033768,6,67,67301,2016,3,1,1955,19,3,2,1,5,1, , ,N,0,0,3,3,0,1,2,2,N,N,39 55:11.573,75 12:06.484,2010, ,2005, ,0, ,N, ,0, , , , , ,162852, , , ,2,2,0,0,0,0,0,0,0,0,0,0,1,1,0,0,0,0,0,0,0,1,0,0,0,0,0,0,0,0,0,0,0,0,0,8,0,39.9199,-75.2018, , 
 ,14777,2016033804,6,67,67301,2016,3,3,1545,15,1,2,1,1,1, , ,N,0,0,0,3,0,3,4,4,N, ,40 01:35.288,75 10:10.709,1557, ,1553,2,2,5, , ,0,Y, , , , ,162853, , , ,4,1,0,0,0,0,1,2,0,0,0,3,3,0,0,0,0,0,0,0,1,0,0,0,0,0,0,0,0,0,0,0,0,0,0,4,0,40.0265,-75.1696, , 
 ,14778,2016036498,6,67,67301,2016,3,3,1446,14,1,1,0,4,1, , ,N,5,2,0,3,0,4,4,2,N, ,39 57:49.841,75 13:12.286,1549, ,1543, ,0, , , ,3, , , , , ,166101, , , ,2,1,0,0,0,0,1,0,0,0,1,3,4,0,0,0,0,0,0,0,0,0,0,0,0,0,0,0,0,0,0,0,0,0,0,3,0,39.9637,-75.2196, , 
 ,14779,2016008582,6,67,67301,2016,1,4,238,2,3,1,0,4,1, , ,N,1,2,0,3,0,1,2,2,N,N,40 04:07.262,75 09:24.365,240, ,239, ,0, , , ,3, , , , , ,166115, , , ,2,0,0,0,0,0,2,0,0,0,0,1,1,0,0,0,0,0,0,0,1,0,0,0,0,0,0,0,0,0,0,0,0,0,0,4,0,40.0687,-75.1568, , 
 ,14780,2016029773,6,67,67301,2016,2,5,1515,15,1,1,1,8,1, , ,N,1,3,0,3,0,1,2,2,N,N,39 55:27.487,75 09:34.063,1530, ,1520, ,0, ,N, ,3, , , , , ,166129, , , ,1,0,0,0,0,0,1,0,0,0,0,0,1,1,0,0,0,0,0,0,0,0,0,0,0,0,0,0,0,0,0,0,1,0,0,8,0,39.9243,-75.1595, , 
 ,14781,2016029850,6,67,67301,2016,3,7,1500,15,1,1,0,4,1, , ,N,5,2,3,3,0,1,6,2,N, ,40 01:54.428,75 05:07.226,1544, ,1539,2,1,1, , ,3,Y, , , , ,166130, , , ,2,1,0,0,0,0,1,0,0,0,0,1,1,0,0,0,0,0,0,1,0,1,0,0,0,0,0,0,0,0,0,0,0,0,0,4,0,40.0318,-75.0853, , 
 ,14782,2016036437,6,67,67301,2016,3,7,2043,20,3,1,0,4,1, , ,N,0,0,0,3,0,1,2,2,N,N,39 55:31.457,75 14:02.842,2043, ,2043, ,0, , , ,0, , , , , ,166133, , , ,1,0,0,0,0,0,1,0,1,0,0,1,1,0,0,0,0,0,0,0,1,0,0,0,0,0,0,0,0,0,0,0,0,0,0,4,0,39.9254,-75.2341, , 
 ,14783,2016039703,6,67,67301,2016,3,2,1830,18,1,1,0,1,1, , ,N,0,0,0,3,0,1,2,2,N,N,40 04:48.907,75 01:44.726,1836, ,1834,1,1,1,N, ,0,N, , , , ,166138, , , ,2,2,0,0,0,0,0,0,0,0,0,0,1,1,0,0,0,0,0,0,0,0,0,0,0,0,0,0,0,0,0,0,0,0,0,8,0,40.0803,-75.0291, , 
 ,14784,2016046090,6,67,67301,2016,4,1,9999,99,3,1,0,6,1, , ,N,0,0,0,3,0,1,3,2,N,N,40 02:50.944,75 05:30.704,1037, ,1035, ,0, ,N, ,0, , , , , ,166147, , , ,2,2,0,0,0,0,0,0,0,0,0,0,1,1,1,0,0,0,0,0,0,0,0,0,0,0,0,0,0,0,0,0,0,0,0,8,0,40.0475,-75.0919, , 
 ,14785,2016046097,6,67,67301,2016,4,6,900,9,1,1,0,1,1, , ,N,1,2,0,3,0,1,3,2,N,N,40 00:25.981,75 07:24.378,907, ,903, ,0, ,N, ,3, , , , , ,166148, , , ,2,2,0,0,0,0,0,0,0,0,0,1,1,0,0,0,0,0,0,0,1,0,0,2,0,0,0,0,0,0,0,0,0,0,0,4,0,40.0072,-75.1234, , 
 ,14786,2016052266,6,67,67301,2016,5,3,1825,18,1,1,0,5,1, , ,N,7,0,2,3,0,0,2,2,N,N,39 57:33.444,75 10:23.293,1830, ,1827, ,0, ,N, ,0, , , , , ,166154, , , ,2,2,0,0,0,0,0,0,0,0,0,0,0,0,1,0,0,0,0,0,0,0,0,0,0,0,0,0,0,0,0,0,0,0,0,9,0,39.9595,-75.1746, , 
 ,14787,2016013981,6,67,67301,2016,1,6,1630,16,3,1,0,4,1, , ,N,1,2,0,3,0,2,3,2,N, ,40 01:06.336,75 08:56.889,1630, ,1630, ,0, , , ,3, , , , , ,166165, , , ,2,2,0,0,0,0,0,0,0,0,1,1,2,0,0,0,0,0,0,0,2,0,0,2,0,0,0,0,0,0,0,0,0,0,0,3,0,40.0184,-75.1491, , 
 ,14788,2016036541,6,67,67301,2016,3,5,2024,20,3,1,0,4,1, , ,N,0,0,7,3,0,1,5,2,N,N,40 01:37.873,75 06:35.524,2040, ,2025,1,1,2,N, ,0,N, , , , ,166186, , , ,2,0,0,0,0,0,1,1,0,0,0,1,1,0,0,0,0,0,0,0,0,0,0,0,0,0,0,0,0,0,0,0,0,0,0,4,0,40.0272,-75.1099, , 
 ,14789,2016044563,6,67,67301,2016,4,7,2315,23,3,1,0,8,1, , ,N,0,0,0,3,0,1,2,2,N,N,40 01:54.811,75 07:55.621,1035, ,1025, ,0, ,N, ,0, , , , , ,166196, , , ,1,0,0,0,0,0,1,0,0,0,0,0,1,1,0,0,0,0,0,0,0,0,0,0,0,0,0,0,0,0,0,0,1,0,0,8,0,40.0319,-75.1321, , 
 ,14790,2016013839,6,67,67301,2016,1,2,1023,10,1,1,0,5,1, , ,N,1,2,0,3,0,3,4,2,N,N,40 01:15.522,75 08:23.479,1108, ,1106, ,0, ,N, ,3, , , , , ,166214, , , ,2,0,0,0,0,1,0,1,0,0,0,0,3,3,0,0,0,0,0,0,0,0,0,0,0,0,0,0,0,0,0,0,0,0,0,8,1,40.021,-75.1399, , 
 ,14791,2016037810,6,67,67301,2016,4,6,1558,15,1,1,0,1,1, , ,N,0,0,0,3,0,1,3,2,N,N,39 59:28.066,75 14:52.972,1558, ,1558, ,0, ,N, ,0, , , , , ,166235, , , ,2,1,0,0,0,0,1,0,0,0,0,1,1,0,0,0,0,0,0,0,0,0,0,0,0,0,0,0,0,0,0,0,0,0,0,4,0,39.9911,-75.248, , 
 ,14792,2016041017,6,67,67301,2016,4,7,1035,10,1,2,1,6,1, , ,N,0,0,0,3,0,0,3,2,N, ,40 01:28.005,75 11:42.373,1050, ,1041,1,1,1, , ,0,N, , , , ,166238, , , ,2,1,0,0,1,0,0,0,0,0,0,0,0,0,0,0,0,0,0,0,0,0,0,0,0,0,0,0,0,0,0,0,0,0,0,0,0,40.0244,-75.1951, , 
 ,14793,2016029957,6,67,67301,2016,2,5,350,3,3,1,0,5,2, , ,N,0,0,0,3,0,1,2,2,N,N,40 06:09.175,74 59:25.013,356, ,354, ,0, , , ,0, , , , , ,166279, , , ,2,1,0,0,0,1,0,0,0,0,0,1,1,0,0,0,0,0,0,0,0,0,0,1,0,0,0,0,0,0,0,0,0,0,0,4,1,40.1025,-74.9903, , 
 ,14794,2016033120,6,67,67301,2016,3,6,1244,12,1,1,0,1,1, , ,N,0,0,1,3,0,1,3,2,N,N,39 59:35.420,75 07:10.226,1346, ,1244, ,0, ,N, ,0, , , , , ,166283, , , ,2,2,0,0,0,0,0,0,0,0,0,1,1,0,2,0,0,0,0,0,0,1,1,0,0,0,0,0,0,0,0,0,0,0,0,4,0,39.9932,-75.1195, , 
 ,14795,2016033774,6,67,67301,2016,3,1,1315,13,1,1,0,1,1, , ,N,1,2,0,3,0,1,7,3,N,N,39 57:47.164,75 09:58.469,1320, ,1317,1,1,3, , ,3,N, , , , ,166285, , , ,3,2,0,0,0,0,1,0,0,0,0,0,1,1,0,0,0,0,0,0,0,0,0,0,0,0,0,0,0,0,0,0,0,0,0,8,0,39.963,-75.1662, , 
 ,14796,2016040936,6,67,67301,2016,4,1,1955,19,3,1,0,4,1, , ,N,2,2,0,3,0,3,3,2,N,N,39 54:09.142,75 13:29.144,2006, ,2000,2,1,5,N, ,3,N, , , , ,156301, , , ,2,2,0,0,0,0,0,0,0,1,0,1,3,1,0,0,0,0,0,0,1,0,0,0,0,0,0,1,0,0,0,0,0,0,0,2,0,39.9025,-75.2248, , 
 ,14797,2016065709,6,67,67301,2016,6,7,710,7,1,1,0,7,4, , ,N,0,0,0,3,0,0,1,1,N,N,39 59:25.201,75 07:37.231,730, ,720, ,0, ,N, ,0, , , , , ,156319, , , ,1,1,0,0,0,0,0,0,0,0,0,0,0,0,1,0,0,0,0,0,0,0,0,0,0,0,0,0,0,0,0,0,0,0,0,9,0,39.9903,-75.127, , 
 ,14798,2016032084,6,67,67301,2016,3,4,1812,18,3,1,0,4,1, , ,N,1,2,0,3,0,3,3,2,N,N,39 56:28.421,75 12:33.849,1835, ,1812, ,0, ,N, ,3, , , , , ,156344, , , ,2,2,0,0,0,0,0,0,0,0,0,0,3,3,0,0,0,0,1,0,0,0,0,1,0,0,0,0,0,0,0,0,0,0,0,8,0,39.9412,-75.2094, , 
 ,14799,2016036462,6,67,67301,2016,3,2,2347,23,3,1,0,5,6, , ,N,0,0,0,3,0,1,1,2,N,N,39 59:42.129,75 08:59.427,10, ,0, ,0, ,N, ,0, , , , , ,156350, , , ,2,0,0,0,0,0,0,2,0,0,0,0,1,1,0,0,0,0,0,0,0,0,0,0,0,0,0,0,0,0,0,0,0,0,0,8,0,39.995,-75.1498, , 
 ,14800,2016040892,6,67,67301,2016,3,1,2350,23,3,2,1,7,4, , ,N,0,0,0,3,0,0,2,2,N,N,40 05:54.247,75 01:10.336,4, ,2359, ,0, ,N, ,0, , , , , ,156361, , , ,2,2,0,0,0,0,0,0,0,0,0,0,0,0,0,0,0,0,0,0,0,0,0,0,0,0,0,0,0,0,0,0,0,0,0,0,0,40.0984,-75.0195, , 
 ,14801,2016026026,6,67,67301,2016,1,3,1633,16,3,1,0,4,1, , ,N,0,0,0,3,0,1,2,2,N,N,39 59:42.422,75 05:36.862,1925, ,1916, ,0, ,N, ,0, , , , , ,156387, , , ,2,1,0,0,0,0,1,0,0,0,0,1,1,0,0,1,0,0,0,0,0,0,0,1,0,0,0,0,0,0,0,0,0,0,0,4,0,39.9951,-75.0936, , 
 ,14802,2016028322,6,67,67301,2016,2,5,1230,12,1,1,0,2,1, , ,N,1,3,7,3,0,2,3,3,N, ,40 04:26.076,75 05:05.049,1242, ,1236, ,0, , , ,3, , , , , ,156389, , , ,3,2,0,0,1,0,0,0,0,0,0,0,2,2,0,0,0,0,0,0,0,0,1,0,0,0,0,0,0,0,0,0,0,0,0,8,0,40.0739,-75.0847, , 
 ,14803,2016040975,6,67,67301,2016,4,1,1058,10,1,1,0,4,1, , ,N,1,3,0,3,0,2,3,3,N,N,40 03:30.646,75 09:02.627,1134, ,1132, ,0, ,N, ,3, , , , , ,156405, , , ,3,3,0,0,0,0,0,0,0,0,0,2,2,0,1,0,0,0,0,0,0,0,1,1,0,0,0,0,0,0,0,0,0,0,0,4,0,40.0585,-75.1507, , 
 ,14804,2016048609,6,67,67301,2016,4,2,1815,18,1,1,0,4,1, , ,N,1,2,0,3,0,1,3,2,N,N,40 06:18.581,75 01:58.245,1830, ,1821, ,0, ,N, ,3, , , , , ,156407, , , ,2,0,0,0,0,0,2,0,0,0,0,1,1,0,0,0,0,0,0,0,1,0,0,2,0,0,0,0,0,0,0,0,0,0,0,4,0,40.1052,-75.0328, , 
 ,14805,2016029056,6,67,67301,2016,3,2,807,8,1,1,0,8,1, , ,N,1,2,0,3,0,1,2,2,N,N,39 59:17.883,75 15:14.303,812, ,808, ,0, ,N, ,3, , , , , ,156433, , , ,1,1,0,0,0,0,0,0,0,0,0,1,1,0,0,0,0,0,0,0,0,0,1,0,0,0,0,0,0,0,0,0,1,0,0,4,0,39.9883,-75.254, , 
 ,14806,2016060848,6,67,67301,2016,5,5,1105,11,1,1,0,4,1, , ,N,2,3,0,3,0,2,3,3,N,N,40 02:12.345,75 10:32.216,1105, ,1105,9,2,7,N, ,3,Y, , , , ,156461, , , ,3,2,0,0,0,0,1,0,0,0,0,0,2,2,0,0,0,0,0,0,2,0,0,0,0,0,0,0,0,0,0,0,0,0,0,8,0,40.0368,-75.1756, , 
 ,14807,2016050877,6,67,67301,2016,4,4,840,8,1,1,0,5,1, , ,N,1,2,0,3,0,0,2,2,N,Y,39 57:44.928,75 12:58.376,845, ,843, ,0, ,N, ,3, , , , , ,156504, , , ,2,1,0,0,1,0,0,0,0,0,0,0,0,0,0,0,0,0,1,0,0,0,0,0,0,0,0,0,0,0,0,0,0,0,0,0,0,39.9624,-75.2158, , 
 ,14808,2016017029,6,67,67301,2016,1,1,1627,16,1,1,1,8,1, , ,N,0,0,0,3,0,1,2,2,N,N,39 59:54.898,75 06:20.145,1627, ,1627, ,0, ,N, ,0, , , , , ,156531, , , ,1,0,0,0,1,0,0,0,0,0,0,0,1,1,0,0,0,0,0,0,0,0,0,1,0,0,0,0,0,0,0,0,1,0,0,8,0,39.9986,-75.1056, , 
 ,14809,2016026100,6,67,67301,2016,2,5,950,9,1,1,0,1,1, , ,N,1,2,0,3,0,1,2,2,N,N,39 56:24.173,75 09:58.415,1005, ,952, ,0, ,N, ,3, , , , , ,156539, , , ,2,2,0,0,0,0,0,0,0,0,0,1,1,0,0,0,0,0,0,0,0,0,0,0,0,0,0,0,0,0,0,0,0,0,0,4,0,39.94,-75.1662, , 
 ,14810,2016041053,6,67,67301,2016,4,7,9999,99,1,1,0,4,1, , ,N,1,2,0,3,0,0,2,2,N, ,39 56:48.278,75 10:28.689,1612, ,1610, ,0, , , ,3, , , , , ,156549, , , ,2,1,0,0,0,0,1,0,0,0,0,0,0,0,0,0,0,0,0,0,1,0,0,0,0,0,0,0,0,0,0,0,0,0,0,0,0,39.9467,-75.1746, , 
 ,14811,2016045346,6,67,67301,2016,4,7,347,3,3,1,0,8,1, , ,N,2,2,0,3,1,0,2,2,N, ,39 57:29.624,75 12:39.588,354, ,349,3,2,3, ,0,3,Y, , , , ,156553, , , ,1,0,0,0,0,0,0,0,0,0,0,0,0,0,0,0,0,0,0,0,0,0,0,0,0,0,0,0,0,0,0,0,1,1,0,1,0,39.9582,-75.211,2, 
 ,14812,2016026016,6,67,67301,2016,2,4,745,7,1,2,1,8,1, , ,N,1,3,0,3,0,1,2,2,N,Y,39 59:37.989,75 06:52.901,745, ,800, ,0, ,N, ,3, , , , , ,156573, , , ,1,1,0,0,0,0,0,0,0,0,0,1,1,0,0,0,0,0,0,0,0,0,0,1,0,0,0,0,0,0,0,0,1,0,0,4,0,39.9939,-75.1147, , 
 ,14813,2016032105,6,67,67301,2016,3,4,746,7,1,1,0,8,1, , ,N,1,2,0,3,0,1,2,2,N,Y,40 00:38.808,75 07:35.921,750, ,748, ,0, ,N, ,3, , , , , ,156579, , , ,1,1,0,0,0,0,0,0,0,0,0,1,1,0,0,0,0,0,0,0,1,0,0,0,0,0,0,0,0,0,0,0,1,0,0,4,0,40.0108,-75.1266, , 
 ,14814,2016053727,6,67,67301,2016,5,5,1930,19,4,1,0,8,1, , ,N,0,0,0,3,0,1,3,2,N,N,39 58:18.540,75 12:11.532,2146, ,2139, ,0, ,N, ,0, , , , , ,159403, , , ,1,0,0,0,0,0,1,0,0,0,0,0,1,1,0,0,0,0,0,0,0,0,0,0,0,0,0,0,0,0,0,0,1,0,0,8,0,39.9718,-75.2032, , 
 ,14815,2016014053,6,67,67301,2016,1,6,1805,18,3,1,0,4,1, , ,N,1,3,0,3,0,2,2,3,N,N,40 02:45.326,75 04:25.024,1830, ,1830,9,1,1,N, ,9,N, , , , ,159416, , , ,3,2,0,0,0,0,0,1,0,0,0,2,2,0,0,0,1,0,0,0,0,0,0,0,0,0,0,0,0,0,0,0,0,0,0,4,0,40.0459,-75.0736, , 
 ,14816,2016019802,6,67,67301,2016,1,4,1600,16,1,1,0,5,6, , ,N,0,0,0,3,0,0,3,3,N,N,39 57:29.768,75 13:24.334,1701, ,1658, ,0, ,N, ,0, , , , , ,159423, , , ,3,1,0,0,1,0,1,0,0,0,0,0,0,0,0,0,0,0,0,0,0,1,0,0,0,0,0,0,0,0,0,0,0,0,0,0,0,39.9583,-75.2234, , 
 ,14817,2016019874,6,67,67301,2016,2,5,1505,15,1,1,0,1,1, , ,N,1,2,0,3,0,1,2,2,N,N,40 03:14.141,75 09:18.791,1548, ,1547, ,0, ,N, ,3, , , , , ,159424, , , ,2,1,0,0,0,0,1,0,0,0,0,1,1,0,0,0,0,0,0,0,0,0,0,0,0,0,0,0,0,0,0,0,0,0,0,4,0,40.0539,-75.1552, , 