wz_ln_closure,objectid_1,crn,district,county,municipality,crash_year,crash_month,day_of_week,time_of_day,hour_of_day,illumination,weather,road_condition,collision_type,relation_to_road,work_zone_type,work_zone_loc,work_zone_ind,intersect_type,tcd_type,location_type,urban_rural,fatal_count,injury_count,person_count,total_units,sch_bus_ind,sch_zone_ind,latitude,longitude,arrival_tm,cons_zone_spd_lim,dispatch_tm,est_hrs_closed,lane_closed,ln_close_dir,ntfy_hiwy_maint,spec_juris_cd,tcd_func_cd,tfc_detour_ind,workers_pres,wz_close_detour,wz_flagger,wz_law_offcr_ind,objectid,wz_moving,wz_other,wz_shlder_mdn,vehicle_count,automobile_count,motorcycle_count,bus_count,small_truck_count,heavy_truck_count,suv_count,van_count,bicycle_count,maj_inj_count,mod_inj_count,min_inj_count,tot_inj_count,unk_inj_deg_count,unk_inj_per_count,driver_count_16yr,driver_count_17yr,driver_count_18yr,driver_count_19yr,driver_count_20yr,driver_count_50_64yr,driver_count_65_74yr,driver_count_75plus,unbelted_occ_count,unb_death_count,unb_maj_inj_count,belted_death_count,belted_maj_inj_count,mcycle_death_count,mcycle_maj_inj_count,bicycle_death_count,bicycle_maj_inj_count,ped_count,ped_death_count,ped_maj_inj_count,max_severity_level,comm_veh_count,dec_lat,dec_long,rdwy_surf_type_cd,county_name
 ,14884,2016013733,6,67,67301,2016,1,5,1733,17,3,1,0,8,1, , ,N,1,2,0,3,1,0,2,2,N, ,39 55:38.651,75 08:42.007,1738, ,1734,9,2,2, ,0,3,Y, , , , ,156713, , , ,1,0,0,0,0,0,0,1,0,0,0,0,0,0,0,0,0,0,0,0,0,0,1,0,0,0,0,0,0,0,0,0,1,1,0,1,0,39.9273,-75.1448,2, 
 ,14885,2016052935,6,67,67301,2016,5,6,910,9,1,2,1,7,3, , ,N,0,0,0,3,0,0,1,1,N,N,39 53:49.410,75 11:20.151,932, ,911,1,1,2, , ,0,N, , , , ,156746, , , ,1,1,0,0,0,0,0,0,0,0,0,0,0,0,0,0,0,0,0,0,0,0,0,0,0,0,0,0,0,0,0,0,0,0,0,0,0,39.8971,-75.1889, , 
 ,14886,2016013714,6,67,67301,2016,1,1,1627,16,1,2,1,4,1, , ,N,1,2,0,3,0,2,5,2,N,N,40 02:08.080,75 07:25.889,1706, ,1706,3,2,2,N, ,3,N, , , , ,156762, , , ,2,0,0,0,0,0,1,1,0,0,0,2,2,0,0,0,0,0,0,0,0,0,0,0,0,0,0,0,0,0,0,0,0,0,0,4,0,40.0356,-75.1239, , 
 ,14887,2016058559,6,67,67301,2016,5,4,1715,17,1,1,0,8,1, , ,N,0,0,0,3,0,1,2,2,N,N,40 01:38.100,75 08:24.961,1800, ,1754, ,0, ,N, ,0, , , , , ,159594, , , ,1,0,0,0,0,0,1,0,0,0,1,0,1,0,0,0,0,0,0,0,0,0,0,0,0,0,0,0,0,0,0,0,1,0,0,3,0,40.0273,-75.1403, , 
 ,14888,2016019356,6,67,67301,2016,2,7,413,4,3,1,0,7,5, , ,N,0,0,0,3,0,0,1,1,N,N,39 53:55.564,75 10:48.988,425, ,414,1,2,2, , ,0,N, , , , ,159613, , , ,1,1,0,0,0,0,0,0,0,0,0,0,0,0,0,0,0,0,0,0,0,0,0,0,0,0,0,0,0,0,0,0,0,0,0,0,0,39.8988,-75.1803, , 
 ,14889,2016024797,6,67,67301,2016,2,7,1039,10,1,1,0,8,1, , ,N,1,2,0,3,0,1,2,2,N,N,39 58:17.277,75 13:33.037,1105, ,1102, ,0, ,N, ,3, , , , , ,159666, , , ,1,0,0,0,0,0,1,0,0,0,0,1,1,0,0,0,0,0,0,0,1,0,0,0,0,0,0,0,0,0,0,0,1,0,0,4,0,39.9714,-75.2258, , 
 ,14890,2016029784,6,67,67301,2016,2,1,1235,12,1,1,0,4,1, , ,N,1,3,2,3,0,2,5,2,N, ,40 01:12.005,75 09:07.946,1245, ,1242,2,1,1, , ,3,Y, , , , ,159669, , , ,2,0,0,0,0,0,2,0,0,0,0,2,2,0,0,0,0,0,0,0,1,0,0,0,0,0,0,0,0,0,0,0,0,0,0,4,0,40.02,-75.1522, , 
 ,14891,2016048612,6,67,67301,2016,1,7,950,9,1,1,0,4,1, , ,N,1,2,0,3,0,1,2,2,N, ,39 59:35.083,75 08:52.393,1020, ,1018,3,1,2, , ,3,Y, , , , ,159683, , , ,2,2,0,0,0,0,0,0,0,0,0,0,1,1,0,0,0,0,0,0,0,0,0,0,0,0,0,0,0,0,0,0,0,0,0,8,0,39.9931,-75.1479, , 
 ,14892,2016048667,6,67,67301,2016,4,3,1022,10,1,1,0,4,1, , ,N,3,2,0,3,0,0,2,2,N,N,40 00:21.955,75 10:35.772,1037, ,1027, ,0, ,N, ,3, , , , , ,159684, , , ,2,1,0,0,0,0,0,1,0,0,0,0,0,0,1,0,0,0,0,0,0,0,0,2,0,0,0,0,0,0,0,0,0,0,0,9,0,40.006,-75.1766, , 
 ,14893,2016010660,6,67,67301,2016,1,1,2018,20,2,2,1,7,4, , ,N,0,0,0,3,0,1,1,1,N,N,39 57:34.855,75 10:38.188,2032, ,2023,1,1,3, , ,0,N, , , , ,159700, , , ,1,1,0,0,0,0,0,0,0,0,1,0,1,0,0,0,0,1,0,0,0,0,0,1,0,0,0,0,0,0,0,0,0,0,0,3,0,39.9597,-75.1773, , 
 ,14894,2016014067,6,67,67301,2016,1,6,425,4,3,1,0,8,1, , ,N,0,0,0,3,0,1,2,2,N,N,39 56:21.700,75 11:13.800,431, ,429, ,0, , , ,0, , , , , ,159705, , , ,1,1,0,0,0,0,0,0,0,0,0,0,1,1,0,0,0,0,0,0,0,0,0,0,0,0,0,0,0,0,0,0,1,0,0,8,0,39.9394,-75.1872, , 
 ,14895,2016022059,6,67,67301,2016,2,4,1851,18,3,1,0,4,1, , ,N,1,2,0,3,0,1,3,3,N, ,40 01:04.608,75 08:57.650,1900, ,1851,9,1,1, , ,3,N, , , , ,159709, , , ,3,1,0,0,0,0,1,1,0,0,0,1,1,0,0,0,0,0,0,0,0,0,0,2,0,0,0,0,0,0,0,0,0,0,0,4,0,40.0179,-75.1493, , 
 ,14896,2016013922,6,67,67301,2016,1,4,741,7,1,1,0,4,1, , ,N,1,3,0,3,0,2,3,3,N, ,40 02:30.692,75 04:49.843,946, ,944, ,0, , , ,3, , , , , ,159752, , , ,3,3,0,0,0,0,0,0,0,0,2,0,2,0,0,0,0,0,0,0,1,0,0,0,0,0,0,0,0,0,0,0,0,0,0,3,0,40.0419,-75.0805, , 
 ,14897,2016017014,6,67,67301,2016,1,5,1420,14,1,1,0,4,1, , ,N,0,0,7,3,0,1,2,2,N,N,40 03:27.031,75 04:36.928,1430, ,1420,1,1,3, , ,0,N, , , , ,159755, , , ,2,1,0,0,0,0,0,1,0,0,0,1,1,0,0,0,0,0,0,0,0,1,0,0,0,0,0,0,0,0,0,0,0,0,0,4,0,40.0575,-75.0769, , 
 ,14898,2016040951,6,67,67301,2016,4,4,1550,15,1,1,0,8,1, , ,N,1,2,0,3,0,1,2,2,N, ,39 57:01.378,75 08:50.092,1604, ,1601, ,0, , , ,3, , , , , ,159775, , , ,1,1,0,0,0,0,0,0,0,0,0,0,1,1,0,0,0,0,0,0,0,0,0,1,0,0,0,0,0,0,0,0,1,0,0,8,0,39.9503,-75.1473, , 
 ,14899,2016056017,6,67,67301,2016,5,2,2252,22,3,1,0,4,1, , ,N,2,2,7,3,0,1,6,2,N, ,40 05:35.998,74 57:43.476,2259, ,2254,1,2,1, , ,3,N, , , , ,159791, , , ,2,1,0,0,0,0,1,0,0,0,0,1,1,0,0,0,0,0,0,0,1,0,0,6,0,0,0,0,0,0,0,0,0,0,0,4,0,40.0933,-74.9621, , 
 ,14900,2016019789,6,67,67301,2016,1,7,1745,17,3,4,5,8,1, , ,N,1,2,0,3,0,1,3,2,N,N,39 56:50.704,75 14:23.171,2130, ,2122, ,0, ,N, ,3, , , , , ,159812, , , ,1,0,0,0,0,0,1,0,0,0,0,1,1,0,0,0,0,0,0,0,0,0,0,1,0,0,0,0,0,0,0,0,1,0,0,4,0,39.9474,-75.2398, , 
 ,14901,2016019807,6,67,67301,2016,1,4,2330,23,3,1,0,5,1, , ,N,0,0,0,3,0,1,5,2,N, ,40 01:47.638,75 06:14.160,356, ,323, ,0, , , ,0, , , , , ,159813, , , ,2,2,0,0,0,0,0,0,0,0,0,1,1,0,4,0,0,0,0,0,0,0,0,0,0,0,0,0,0,0,0,0,0,0,0,4,0,40.0299,-75.1039, , 
 ,14902,2016020304,6,67,67301,2016,1,3,1050,10,1,1,0,8,2, , ,N,0,0,0,3,0,1,2,2,N,N,40 02:28.983,75 04:32.091,1100, ,1100, ,0, , , ,0, , , , , ,159814, , , ,1,0,0,0,1,0,0,0,0,0,0,1,1,0,0,0,0,0,0,0,1,0,0,0,0,0,0,0,0,0,0,0,1,0,0,4,0,40.0414,-75.0756, , 
 ,14903,2016022004,6,67,67301,2016,2,6,2045,20,3,1,0,5,6, , ,N,0,0,0,3,0,0,1,2,N,N,40 02:55.882,75 05:39.566,2119, ,2117,1,1,4, , ,0,Y, , , , ,159815, , , ,2,1,0,0,0,0,1,0,0,0,0,0,0,0,0,0,0,0,0,0,0,0,0,0,0,0,0,0,0,0,0,0,0,0,0,0,0,40.0489,-75.0943, , 
 ,14904,2016026099,6,67,67301,2016,2,2,28,0,3,1,0,4,1, , ,N,2,3,0,3,0,0,3,2,N, ,39 56:34.526,75 10:44.587,49, ,47, ,0, , , ,3, , , , , ,159820, , , ,2,2,0,0,0,0,0,0,0,0,0,0,0,0,0,0,0,0,0,0,1,0,0,0,0,0,0,0,0,0,0,0,0,0,0,0,0,39.9429,-75.1791, , 
 ,14905,2016033829,6,67,67301,2016,3,3,2205,22,3,1,0,4,1, , ,N,2,2,0,3,0,1,2,2,N, ,40 04:36.609,75 12:28.031,2209, ,2209, ,0, , , ,3, , , , , ,163036, , , ,2,1,0,0,0,0,0,1,0,0,0,1,1,0,0,0,0,0,0,1,0,0,0,0,0,0,0,0,0,0,0,0,0,0,0,4,0,40.0768,-75.2078, , 
 ,14906,2016039710,6,67,67301,2016,3,2,510,5,3,2,1,2,6, , ,N,0,0,0,3,0,0,1,3,N,N,40 02:43.857,75 02:43.086,520, ,515,2,1,3,N, ,0,N, , , , ,163042, , , ,3,0,0,0,0,0,1,2,0,0,0,0,0,0,0,0,0,0,0,0,0,0,0,0,0,0,0,0,0,0,0,0,0,0,0,0,0,40.0455,-75.0453, , 
 ,14907,2016039847,6,67,67301,2016,4,2,1602,16,1,1,0,1,1, , ,N,0,0,0,3,0,1,6,2,N,N,39 58:52.788,75 09:01.098,1610, ,1605, ,0, ,N, ,0, , , , , ,163043, , , ,2,2,0,0,0,0,0,0,0,0,0,0,1,1,0,0,0,0,0,0,0,0,0,1,0,0,0,0,0,0,0,0,0,0,0,8,0,39.9813,-75.1503, , 
 ,14908,2016040899,6,67,67301,2016,4,1,235,2,3,1,0,5,6, , ,N,0,0,0,3,0,0,1,4,N, ,39 58:21.935,75 08:02.893,240, ,237, ,0, , , ,0, , , , , ,163046, , , ,4,4,0,0,0,0,0,0,0,0,0,0,0,0,0,0,0,0,0,0,0,0,0,0,0,0,0,0,0,0,0,0,0,0,0,0,0,39.9728,-75.1341, , 
 ,14909,2016014049,6,67,67301,2016,1,5,1922,19,3,1,0,7,4, , ,N,2,2,0,3,0,1,1,1,N,N,40 01:28.783,75 07:40.471,1939, ,1929, ,0, , , ,3, , , , , ,163075, , , ,1,1,0,0,0,0,0,0,0,0,0,1,1,0,0,0,0,0,0,0,0,0,0,0,0,0,0,0,0,0,0,0,0,0,0,4,0,40.0247,-75.1279, , 
 ,14910,2016030115,6,67,67301,2016,3,5,1800,18,1,1,0,1,1, , ,N,0,8,0,3,0,1,3,3,N,N,39 58:38.230,75 11:58.822,1816, ,1805,1,2,4, , ,3,N, , , , ,163092, , , ,3,3,0,0,0,0,0,0,0,0,1,0,1,0,0,0,0,0,0,0,1,0,0,0,0,0,0,0,0,0,0,0,0,0,0,3,0,39.9773,-75.1997, , 
 ,14911,2016032018,6,67,67301,2016,2,4,1515,15,1,1,0,5,1, , ,N,0,0,0,3,0,1,4,4,N, ,39 59:49.588,75 07:46.489,1515, ,1515,1,1,1, , ,0,Y, , , , ,163094, , , ,4,0,0,0,2,0,2,0,0,0,0,0,1,1,1,0,0,0,0,0,1,0,0,0,0,0,0,0,0,0,0,0,0,0,0,8,0,39.9971,-75.1296, , 
 ,14912,2016033767,6,67,67301,2016,3,3,725,7,2,1,0,8,1, , ,N,2,2,0,3,0,1,2,2,N,Y,40 00:52.743,75 07:56.330,745, ,740, ,0, ,N, ,3, , , , , ,163098, , , ,1,1,0,0,0,0,0,0,0,0,0,1,1,0,0,0,0,0,0,0,0,0,0,1,0,0,0,0,0,0,0,0,1,0,0,4,0,40.0147,-75.1323, , 
 ,14913,2016014438,6,67,67301,2016,1,4,912,9,1,1,0,1,1, , ,N,0,0,0,3,0,1,2,2,N,N,40 00:42.388,75 10:56.354,924, ,912,2,1,2,N, ,0,N, , , , ,163126, , , ,2,2,0,0,0,0,0,0,0,0,0,1,1,0,0,0,0,0,0,0,0,0,0,0,0,0,0,0,0,0,0,0,0,0,0,4,0,40.0118,-75.1823, , 
 ,14914,2016028843,6,67,67301,2016,3,2,1019,10,1,1,0,1,1, , ,N,0,0,0,3,0,2,4,3,N,N,40 00:26.124,75 12:01.423,1027, ,1019,2,2,3, , ,0,N, , , , ,163141, , , ,3,2,0,0,0,0,1,0,0,0,0,0,2,2,0,0,0,0,0,0,1,0,1,0,0,0,0,0,0,0,0,0,0,0,0,8,0,40.0073,-75.2004, , 
 ,14915,2016060856,6,67,67301,2016,5,3,1732,17,1,1,0,1,1, , ,N,0,0,0,3,0,1,2,2,N,N,40 07:32.979,75 01:08.945,1745, ,1740, ,0, ,N, ,0, , , , , ,163161, , , ,2,0,0,0,0,0,1,1,0,0,0,0,1,1,1,0,0,0,0,0,1,1,0,1,0,0,0,0,0,0,0,0,0,0,0,8,0,40.1258,-75.0192, , 
 ,14916,2016042877,6,67,67301,2016,4,1,2159,21,3,1,0,4,1, , ,N,0,0,0,3,0,0,2,2,N,N,40 00:14.091,75 13:14.544,2206, ,2206, ,0, , , ,0, , , , , ,163194, , , ,2,2,0,0,0,0,0,0,0,0,0,0,0,0,0,0,0,0,0,0,1,0,0,0,0,0,0,0,0,0,0,0,0,0,0,0,0,40.0039,-75.2207, , 
 ,14917,2016053670,6,67,67301,2016,5,6,849,8,1,2,1,8,1, , ,N,0,0,0,3,0,1,2,2,N,N,40 01:19.089,75 03:45.174,900, ,855, ,0, , , ,0, , , , , ,163203, , , ,1,0,0,0,0,0,1,0,0,0,0,1,1,0,0,0,0,0,0,0,0,0,0,1,0,0,0,0,0,0,0,0,1,0,0,4,0,40.022,-75.0625, , 
 ,14918,2016011436,6,67,67301,2016,1,4,1728,17,3,1,0,1,1, , ,N,0,0,0,3,0,0,3,3,N,N,39 57:26.984,75 08:48.609,1752, ,1738,2,2,4, , ,0,N, , , , ,163218, , , ,3,2,0,0,0,0,1,0,0,0,0,0,0,0,0,0,0,0,0,0,2,0,0,0,0,0,0,0,0,0,0,0,0,0,0,0,0,39.9575,-75.1468, , 
 ,14919,2016017000,6,67,67301,2016,1,7,2144,21,3,1,0,8,1, , ,N,0,0,0,3,0,1,2,2,N,N,40 01:45.505,75 07:04.141,2146, ,2144, ,0, ,N, ,0, , , , , ,163222, , , ,1,0,0,0,0,0,1,0,0,0,0,1,1,0,0,0,0,0,0,0,1,0,0,0,0,0,0,0,0,0,0,0,1,0,0,4,0,40.0293,-75.1178, , 
 ,14920,2016031070,6,67,67301,2016,2,2,1750,17,3,1,0,8,1, , ,N,0,0,0,3,0,1,3,2,N,N,39 59:35.257,75 10:23.847,1800, ,1759,2,2,3,N, ,0,Y, , , , ,163235, , , ,1,1,0,0,0,0,0,0,0,0,1,0,1,0,0,0,0,0,0,0,0,0,0,0,0,0,0,0,0,0,0,0,1,0,0,3,0,39.9931,-75.1733, , 
 ,14921,2016032044,6,67,67301,2016,3,3,9999,99,1,1,0,4,1, , ,N,1,3,0,3,0,1,3,2,N, ,39 57:03.751,75 13:07.305,1115, ,1112, ,0, , , ,3, , , , , ,163237, , , ,2,2,0,0,0,0,0,0,0,0,0,0,1,1,1,0,0,0,0,0,2,0,0,2,0,0,0,0,0,0,0,0,0,0,0,8,0,39.951,-75.2187, , 
 ,14922,2016033868,6,67,67301,2016,3,3,1030,10,1,2,1,4,1, , ,N,2,3,0,3,0,2,3,3,N,N,39 58:03.363,75 09:43.282,1058, ,1036, ,0, ,N, ,3, , , , , ,163274, , , ,3,3,0,0,0,0,0,0,0,0,0,2,2,0,0,0,0,0,1,0,1,0,0,0,0,0,0,0,0,0,0,0,0,0,0,4,0,39.9676,-75.162, , 
 ,14923,2016022609,6,67,67301,2016,2,6,225,2,3,1,0,7,4, , ,N,0,0,0,3,0,1,1,1,N,N,39 52:36.683,75 15:19.839,255, ,228, ,0, , , ,0, , , , , ,166850, , , ,1,0,0,0,0,0,0,1,0,0,1,0,1,0,0,0,0,0,1,0,0,0,0,0,0,0,0,0,0,0,0,0,0,0,0,3,0,39.8769,-75.2555, , 
 ,14924,2016026011,6,67,67301,2016,2,2,1735,17,4,4,3,7,4, , ,N,0,0,6,3,0,1,1,1,N,N,40 02:00.162,75 04:37.363,1753, ,1743,2,1,1,N, ,0,N, , , , ,166853, , , ,1,0,0,0,0,0,1,0,0,0,0,0,1,1,0,0,0,0,0,0,0,0,0,0,0,0,0,0,0,0,0,0,0,0,0,8,0,40.0334,-75.077, , 
 ,14925,2016028347,6,67,67301,2016,2,7,1610,16,1,1,0,4,1, , ,N,1,3,0,3,0,3,3,2,N,N,39 59:11.306,75 07:58.551,1710, ,1709, ,0, ,N, ,3, , , , , ,166855, , , ,2,0,0,0,0,0,1,0,0,0,0,3,3,0,0,0,0,0,0,0,0,0,0,0,0,0,0,0,0,0,0,0,0,0,0,4,0,39.9865,-75.1329, , 
 ,14926,2016040870,6,67,67301,2016,4,5,2130,21,3,2,1,4,1, , ,N,0,0,0,3,0,1,2,2,N,N,40 01:32.639,75 02:37.140,2333, ,2333, ,0, ,N, ,0, , , , , ,166864, , , ,1,0,0,0,0,0,0,0,1,0,0,1,1,0,0,0,0,0,0,0,0,0,0,0,0,0,0,0,0,0,0,0,0,0,0,4,0,40.0257,-75.0437, , 
 ,14927,2016047813,6,67,67301,2016,4,3,144,1,3,1,1,5,6, , ,N,0,0,0,3,0,1,1,3,N,N,40 05:57.976,75 02:11.151,147, ,144, ,0, ,N, ,0, , , , , ,166872, , , ,3,1,0,0,0,0,2,0,0,0,0,1,1,0,0,0,0,0,0,1,0,0,0,0,0,0,0,0,0,0,0,0,0,0,0,4,0,40.0994,-75.0364, , 
 ,14928,2016048604,6,67,67301,2016,4,2,1355,13,1,1,0,5,1, , ,N,1,2,0,3,0,1,3,2,N,N,39 57:05.967,75 10:13.092,1420, ,1400, ,0, ,N, ,3, , , , , ,166873, , , ,2,0,0,1,0,1,0,0,0,0,0,1,1,0,0,0,0,0,0,0,0,0,0,1,0,0,0,0,0,0,0,0,0,0,0,4,2,39.9516,-75.1702, , 
 ,14929,2016053709,6,67,67301,2016,5,2,1157,11,1,1,0,1,1, , ,N,0,2,0,3,0,1,2,2,N, ,40 06:45.722,75 01:23.488,1215, ,1206, ,0, , , ,3, , , , , ,166875, , , ,2,1,0,0,0,0,0,1,0,0,0,1,1,0,0,0,0,1,0,0,0,1,0,0,0,0,0,0,0,0,0,0,0,0,0,4,0,40.1127,-75.0232, , 
 ,14930,2016019375,6,67,67301,2016,2,3,100,1,3,4,4,7,5, , ,N,0,0,0,3,0,0,1,1,N,N,39 54:49.387,75 08:53.277,100, ,100, ,0, , , ,0, , , , , ,166890, , , ,1,1,0,0,0,0,0,0,0,0,0,0,0,0,0,0,0,0,0,0,0,0,0,0,0,0,0,0,0,0,0,0,0,0,0,0,0,39.9137,-75.1481, , 
 ,14931,2016040932,6,67,67301,2016,3,5,1331,13,1,1,0,4,1, , ,N,1,2,0,3,0,2,3,2,N,N,39 55:15.755,75 13:26.897,1415, ,1405, ,0, ,N, ,3, , , , , ,166909, , , ,2,1,0,0,1,0,0,0,0,0,0,0,2,2,0,0,0,0,0,0,1,0,0,0,0,0,0,0,0,0,0,0,0,0,0,8,0,39.9211,-75.2242, , 
 ,14932,2016052327,6,67,67301,2016,5,1,2235,22,3,1,0,4,1, , ,N,2,0,0,3,0,0,1,3,N, ,40 01:13.570,75 09:24.724,2250, ,2240, ,0, , , ,0, , , , , ,166920, , , ,3,1,0,0,0,0,2,0,0,0,0,0,0,0,1,0,0,0,0,0,0,0,0,0,0,0,0,0,0,0,0,0,0,0,0,9,0,40.0204,-75.1569, , 
 ,14933,2016013811,6,67,67301,2016,1,1,9999,99,1,1,0,5,6, , ,N,0,0,0,3,0,3,3,3,N, ,39 59:38.896,75 10:45.143,1546, ,1510, ,0, , , ,0, , , , , ,166937, , , ,3,2,0,0,0,0,1,0,0,0,0,0,3,3,0,0,0,0,0,0,0,0,0,0,0,0,0,0,0,0,0,0,0,0,0,8,0,39.9941,-75.1792, , 
N,14934,2016021276,6,67,67301,2016,2,4,1230,12,1,1,0,1,1,1,8,Y,0,0,0,3,0,2,3,2,N,N,40 01:08.788,75 02:46.382,1239,45,1230,1,1,2, , ,0,N,N,N,N,N,166946,N,N,Y,2,0,0,0,1,1,0,0,0,0,1,0,2,1,0,0,0,0,0,0,0,0,0,2,0,0,0,0,0,0,0,0,0,0,0,3,1,40.0191,-75.0462, , 
 ,14935,2016033101,6,67,67301,2016,3,4,940,9,1,1,0,1,1, , ,N,1,2,0,3,0,1,2,2,Y, ,40 03:34.246,75 03:07.165,949, ,949,1,1,2, , ,3,N, , , , ,166956, , , ,2,1,0,1,0,0,0,0,0,0,0,0,1,1,0,0,0,0,0,0,0,0,0,0,0,0,0,0,0,0,0,0,0,0,0,8,1,40.0595,-75.052, , 
 ,14936,2016014510,6,67,67301,2016,2,5,31,0,3,1,1,7,4, , ,N,0,0,0,3,0,0,1,1,N,N,40 02:23.058,75 00:25.265,48, ,32, ,0, , , ,0, , , , , ,166987, , , ,1,1,0,0,0,0,0,0,0,0,0,0,0,0,0,0,0,0,0,0,0,0,0,0,0,0,0,0,0,0,0,0,0,0,0,0,0,40.0397,-75.007, , 
 ,14937,2016022042,6,67,67301,2016,1,6,640,6,1,1,0,7,4, , ,N,0,0,0,3,0,1,1,1,N,N,39 59:55.787,75 11:26.279,719, ,702, ,0, ,N, ,0, , , , , ,166999, , , ,1,1,0,0,0,0,0,0,0,0,0,0,1,1,0,0,0,0,0,0,0,0,0,0,0,0,0,0,0,0,0,0,0,0,0,8,0,39.9988,-75.1906, , 
 ,14938,2016029782,6,67,67301,2016,2,4,1530,15,1,2,1,5,6, , ,N,0,0,0,3,0,1,1,2,N,N,40 06:07.390,75 03:37.432,1544, ,1538, ,0, , , ,0, , , , , ,167003, , , ,2,2,0,0,0,0,0,0,0,0,0,1,1,0,0,0,0,0,0,0,0,0,0,0,0,0,0,0,0,0,0,0,0,0,0,4,0,40.1021,-75.0604, , 
 ,14939,2016029921,6,67,67301,2016,2,2,1600,16,1,1,0,4,1, , ,N,1,3,0,3,0,1,2,2,N,N,39 58:09.631,75 08:35.678,1805, ,1801, ,0, ,N, ,3, , , , , ,167004, , , ,1,0,0,0,0,0,0,0,1,0,0,0,1,1,1,0,0,0,0,0,0,0,0,0,0,0,0,0,0,0,0,0,0,0,0,8,0,39.9693,-75.1432, , 
 ,14940,2016031087,6,67,67301,2016,3,1,1750,17,3,1,0,1,1, , ,N,0,0,0,3,0,0,2,2,N, ,40 05:48.593,75 01:04.091,1810, ,1807, ,0, , , ,0, , , , , ,167006, , , ,2,0,0,0,0,0,2,0,0,0,0,0,0,0,0,0,0,0,0,0,1,0,0,0,0,0,0,0,0,0,0,0,0,0,0,0,0,40.0968,-75.0178, , 
 ,14941,2016051285,6,67,67301,2016,4,5,610,6,1,1,0,4,1, , ,N,1,2,0,3,0,1,3,3,N,N,39 56:12.483,75 13:47.092,725, ,715,9,2,3, , ,3,N, , , , ,167022, , , ,3,2,0,0,0,0,1,0,0,0,1,0,1,0,0,0,0,0,0,0,1,0,0,0,0,0,0,0,0,0,0,0,0,0,0,3,0,39.9368,-75.2297, , 
 ,14942,2016013739,6,67,67301,2016,1,7,9999,99,3,1,0,4,1, , ,N,1,2,0,3,0,0,2,2,N, ,39 58:17.277,75 13:33.037,132, ,130, ,0, , , ,3, , , , , ,156763, , , ,2,2,0,0,0,0,0,0,0,0,0,0,0,0,0,0,0,0,0,0,0,0,0,0,0,0,0,0,0,0,0,0,0,0,0,0,0,39.9714,-75.2258, , 
 ,14943,2016056009,6,67,67301,2016,5,5,717,7,1,1,0,4,1, , ,N,1,2,0,3,0,2,2,2,N,N,40 02:13.172,75 04:47.317,722, ,721,2,1,1,N, ,3,N, , , , ,156800, , , ,2,1,0,0,0,0,1,0,0,0,2,0,2,0,0,0,0,0,0,0,0,0,0,1,0,0,0,0,0,0,0,0,0,0,0,3,0,40.0369,-75.0798, , 
 ,14944,2016019749,6,67,67301,2016,2,4,1509,15,1,2,1,4,1, , ,N,0,0,7,3,0,2,2,3,N,N,40 07:56.070,75 00:34.359,1545, ,1535, ,0, , , ,0, , , , , ,156811, , , ,3,3,0,0,0,0,0,0,0,0,0,0,2,2,0,0,0,0,0,0,0,0,0,0,0,0,0,0,0,0,0,0,0,0,0,8,0,40.1322,-75.0095, , 
 ,14945,2016033839,6,67,67301,2016,3,6,1622,16,1,1,1,4,1, , ,N,0,0,3,3,0,1,2,2,N,N,39 56:33.840,75 11:48.552,1628, ,1626, ,0, ,N, ,0, , , , , ,156823, , , ,1,1,0,0,0,0,0,0,1,0,1,0,1,0,0,0,0,0,0,0,0,0,0,1,0,0,0,0,0,0,0,0,0,0,0,3,0,39.9427,-75.1968, , 
 ,14946,2016036388,6,67,67301,2016,3,6,939,9,1,1,0,4,1, , ,N,1,2,0,3,0,3,5,3,N,N,39 58:12.615,75 14:14.927,942, ,942, ,0, ,N, ,3, , , , , ,156826, , , ,3,2,0,0,0,0,0,0,0,0,0,3,3,0,0,0,0,0,0,0,0,0,0,0,0,0,0,0,0,0,0,0,0,0,0,4,0,39.9702,-75.2375, , 
 ,14947,2016046067,6,67,67301,2016,4,5,919,9,1,1,0,1,1, , ,N,0,0,0,3,0,1,4,2,N,N,40 06:51.268,75 00:18.677,925, ,921,2,2,3,N, ,0,Y, , , , ,156840, , , ,2,0,0,0,0,0,2,0,0,0,0,1,1,0,0,0,0,0,0,1,1,0,0,0,0,0,0,0,0,0,0,0,0,0,0,4,0,40.1142,-75.0052, , 
 ,14948,2016013850,6,67,67301,2016,1,7,2305,23,3,1,0,1,1, , ,N,1,2,0,3,0,1,2,2,N,N,39 59:55.564,75 07:52.533,2306, ,2306, ,0, ,N, ,3, , , , , ,156858, , , ,2,2,0,0,0,0,0,0,0,0,0,0,1,1,0,0,0,0,0,0,0,0,0,0,0,0,0,0,0,0,0,0,0,0,0,8,0,39.9988,-75.1313, , 
 ,14949,2016038176,6,67,67301,2016,3,3,1300,13,1,1,0,4,1, , ,N,1,2,0,3,0,1,2,2,N,N,39 56:15.867,75 13:32.487,1630, ,1619, ,0, ,N, ,3, , , , , ,156875, , , ,1,1,0,0,0,0,0,0,1,0,0,1,1,0,1,0,0,0,0,0,0,0,0,0,0,0,0,0,0,0,0,0,0,0,0,4,0,39.9377,-75.2257, , 
 ,14950,2016050149,6,67,67301,2016,5,2,1427,14,1,1,0,1,1, , ,N,0,0,0,3,0,0,2,2,N,N,40 01:34.013,75 01:37.589,1459, ,1437,2,2,1, , ,0,N, , , , ,156886, , , ,2,1,0,0,1,0,0,0,0,0,0,0,0,0,0,0,0,0,0,0,1,0,0,0,0,0,0,0,0,0,0,0,0,0,0,0,0,40.0261,-75.0271, , 