wz_ln_closure,objectid_1,crn,district,county,municipality,crash_year,crash_month,day_of_week,time_of_day,hour_of_day,illumination,weather,road_condition,collision_type,relation_to_road,work_zone_type,work_zone_loc,work_zone_ind,intersect_type,tcd_type,location_type,urban_rural,fatal_count,injury_count,person_count,total_units,sch_bus_ind,sch_zone_ind,latitude,longitude,arrival_tm,cons_zone_spd_lim,dispatch_tm,est_hrs_closed,lane_closed,ln_close_dir,ntfy_hiwy_maint,spec_juris_cd,tcd_func_cd,tfc_detour_ind,workers_pres,wz_close_detour,wz_flagger,wz_law_offcr_ind,objectid,wz_moving,wz_other,wz_shlder_mdn,vehicle_count,automobile_count,motorcycle_count,bus_count,small_truck_count,heavy_truck_count,suv_count,van_count,bicycle_count,maj_inj_count,mod_inj_count,min_inj_count,tot_inj_count,unk_inj_deg_count,unk_inj_per_count,driver_count_16yr,driver_count_17yr,driver_count_18yr,driver_count_19yr,driver_count_20yr,driver_count_50_64yr,driver_count_65_74yr,driver_count_75plus,unbelted_occ_count,unb_death_count,unb_maj_inj_count,belted_death_count,belted_maj_inj_count,mcycle_death_count,mcycle_maj_inj_count,bicycle_death_count,bicycle_maj_inj_count,ped_count,ped_death_count,ped_maj_inj_count,max_severity_level,comm_veh_count,dec_lat,dec_long,rdwy_surf_type_cd,county_name
 ,14951,2016013307,6,67,67301,2016,1,3,935,9,1,1,0,8,1, , ,N,1,2,0,3,0,1,2,2,N,N,39 55:18.762,75 10:12.564,955, ,949, ,0, ,N, ,3, , , , , ,156904, , , ,1,0,0,0,0,0,0,1,0,0,0,1,1,0,0,0,0,0,0,0,0,0,0,0,0,0,0,0,0,0,0,0,1,0,0,4,0,39.9219,-75.1702, , 
 ,14952,2016016613,6,67,67301,2016,1,6,1526,15,1,1,0,1,1, , ,N,2,0,7,3,0,2,2,2,N,N,40 06:57.453,75 01:14.116,1642, ,1638, ,0, ,N, ,0, , , , , ,156907, , , ,2,1,0,0,0,0,1,0,0,0,0,2,2,0,0,0,0,0,0,0,0,1,0,0,0,0,0,0,0,0,0,0,0,0,0,4,0,40.116,-75.0205, , 
 ,14953,2016048530,6,67,67301,2016,4,4,1530,15,1,1,0,1,1, , ,N,0,0,0,3,0,1,5,4,N, ,39 58:14.003,75 07:29.514,1620, ,1543,1,1,1, , ,0,N, , , , ,156935, , , ,4,1,0,0,1,0,2,0,0,0,0,0,1,1,0,0,0,0,0,0,3,0,0,4,0,0,0,0,0,0,0,0,0,0,0,8,0,39.9706,-75.1249, , 
 ,14954,2016026103,6,67,67301,2016,2,3,1300,13,1,2,1,4,1, , ,N,1,2,0,3,0,0,2,2,N,N,39 55:35.481,75 11:10.906,1306, ,1306, ,0, ,N, ,3, , , , , ,156965, , , ,2,1,0,0,0,0,0,1,0,0,0,0,0,0,0,0,0,0,0,0,0,0,0,2,0,0,0,0,0,0,0,0,0,0,0,0,0,39.9265,-75.1863, , 
 ,14955,2016033112,6,67,67301,2016,3,1,1012,10,1,1,0,1,1, , ,N,0,0,0,3,0,1,4,2,N, ,40 02:31.486,75 04:31.114,1018, ,1016, ,0, , , ,0, , , , , ,156970, , , ,2,1,0,0,0,0,1,0,0,0,0,0,1,1,0,0,0,0,0,0,1,1,0,0,0,0,0,0,0,0,0,0,0,0,0,8,0,40.0421,-75.0753, , 
 ,14956,2016036539,6,67,67301,2016,3,4,1420,14,1,1,0,1,1, , ,N,0,0,0,3,0,3,5,2,N,N,40 00:19.603,75 06:26.135,1440, ,1430, ,0, , , ,0, , , , , ,156972, , , ,2,0,0,1,0,0,1,0,0,0,0,0,3,3,0,0,0,0,0,0,0,0,0,1,0,0,0,0,0,0,0,0,0,0,0,8,1,40.0054,-75.1073, , 
 ,14957,2016048732,6,67,67301,2016,4,5,2122,21,3,2,1,1,1, , ,N,0,0,0,3,0,0,4,4,N,N,39 58:41.610,75 06:40.216,2143, ,2123,2,2,2, , ,0,N, , , , ,156982, , , ,4,3,0,0,0,0,1,0,0,0,0,0,0,0,0,0,0,0,0,0,0,0,0,0,0,0,0,0,0,0,0,0,0,0,0,0,0,39.9782,-75.1112, , 
 ,14958,2016037375,6,67,67301,2016,3,6,1658,16,1,1,0,8,1, , ,N,1,3,0,3,1,1,2,4,N,N,39 55:58.990,75 09:32.882,1721, ,1717,3,2,3,N,0,3,Y, , , , ,157017, , , ,3,2,0,0,0,0,1,0,0,0,0,0,1,1,0,0,0,0,0,0,0,0,0,0,0,0,0,0,0,0,0,0,1,1,0,1,0,39.9331,-75.1591,2, 
 ,14959,2016051276,6,67,67301,2016,4,7,2020,20,3,1,0,1,1, , ,N,0,0,0,3,0,2,3,2,N, ,40 01:13.916,75 09:21.007,2040, ,2030,1,1,1, , ,0,N, , , , ,157022, , , ,2,0,0,0,1,0,1,0,0,0,0,2,2,0,0,0,0,0,0,0,1,0,0,1,0,0,0,0,0,0,0,0,0,0,0,4,0,40.0205,-75.1558, , 
 ,14960,2016013881,6,67,67301,2016,1,7,1750,17,3,1,0,4,1, , ,N,1,2,0,3,0,1,2,2,N,N,39 55:28.531,75 10:16.770,1805, ,1800, ,0, ,N, ,3, , , , , ,159854, , , ,2,1,0,0,0,0,0,1,0,0,0,1,1,0,0,0,0,0,0,0,1,0,0,0,0,0,0,0,0,0,0,0,0,0,0,4,0,39.9246,-75.1712, , 
 ,14961,2016019867,6,67,67301,2016,2,6,2003,20,2,1,0,8,1, , ,N,0,0,0,3,0,1,2,2,N,N,40 00:13.719,75 08:57.530,2030, ,2027, ,0, , , ,0, , , , , ,159856, , , ,1,0,0,0,0,0,1,0,0,0,0,1,1,0,0,0,0,0,0,0,0,0,0,0,0,0,0,0,0,0,0,0,1,0,0,4,0,40.0038,-75.1493, , 
 ,14962,2016026012,6,67,67301,2016,2,2,1225,12,1,1,0,4,1, , ,N,1,2,0,3,0,6,6,3,N,N,40 02:40.890,75 03:16.537,1233, ,1230,2,2,6,N, ,3,Y, , , , ,159864, , , ,3,2,0,0,0,0,1,0,0,0,0,0,6,6,0,0,0,0,0,0,0,1,0,0,0,0,0,0,0,0,0,0,0,0,0,8,0,40.0446,-75.0547, , 
 ,14963,2016026124,6,67,67301,2016,2,5,2223,22,3,1,0,1,1, , ,N,0,0,0,3,0,1,2,3,N, ,39 58:59.404,75 13:57.241,2227, ,2225,3,1,4, , ,0,N, , , , ,159909, , , ,3,1,0,0,0,0,2,0,0,0,0,0,1,1,1,0,0,0,0,0,1,0,0,0,0,0,0,0,0,0,0,0,0,0,0,8,0,39.9832,-75.2326, , 
 ,14964,2016047807,6,67,67301,2016,4,5,1050,10,1,1,0,1,1, , ,N,2,2,0,3,0,2,3,3,N,N,39 57:45.204,75 12:37.981,1115, ,1055, ,0, ,N, ,3, , , , , ,159929, , , ,3,1,0,0,0,1,1,0,0,0,0,0,2,2,0,0,0,0,0,0,0,0,0,0,0,0,0,0,0,0,0,0,0,0,0,8,1,39.9625,-75.2103, , 
 ,14965,2016048553,6,67,67301,2016,4,3,915,9,1,1,0,4,1, , ,N,1,2,0,3,0,2,4,2,N,N,40 02:25.164,75 03:30.735,924, ,919,1,1,1,N, ,3,N, , , , ,159930, , , ,2,1,0,0,0,0,0,1,0,0,0,2,2,0,0,0,0,0,0,0,0,0,0,0,0,0,0,0,0,0,0,0,0,0,0,4,0,40.0403,-75.0585, , 
 ,14966,2016022026,6,67,67301,2016,2,2,1800,18,3,2,1,4,1, , ,N,2,3,0,3,0,0,2,2,N, ,39 55:46.067,75 14:35.330,1809, ,1804, ,0, , , ,3, , , , , ,159952, , , ,2,1,0,0,0,0,0,1,0,0,0,0,0,0,0,0,0,0,0,0,1,0,0,0,0,0,0,0,0,0,0,0,0,0,0,0,0,39.9295,-75.2431, , 
 ,14967,2016028319,6,67,67301,2016,2,2,50,0,3,2,1,1,6, , ,N,0,0,0,3,0,0,1,2,N,N,40 00:54.330,75 06:33.507,109, ,101, ,0, ,N, ,0, , , , , ,159960, , , ,2,0,0,0,0,0,0,2,0,0,0,0,0,0,1,0,0,0,0,0,0,0,0,0,0,0,0,0,0,0,0,0,0,0,0,9,0,40.0151,-75.1093, , 
 ,14968,2016029947,6,67,67301,2016,3,7,9999,99,1,1,0,6,6, , ,N,0,0,0,3,0,1,1,2,N,N,40 02:42.327,75 02:59.596,1610, ,1607,2,1,2,N, ,0,N, , , , ,159963, , , ,2,2,0,0,0,0,0,0,0,0,0,0,1,1,0,0,0,0,0,0,0,0,0,1,0,0,0,0,0,0,0,0,0,0,0,8,0,40.0451,-75.0499, , 
 ,14969,2016040970,6,67,67301,2016,3,3,1705,17,1,1,0,4,1, , ,N,1,2,0,3,0,1,3,2,N,N,39 58:17.270,75 09:34.235,1715, ,1705, ,0, ,N, ,3, , , , , ,159974, , , ,2,1,0,1,0,0,0,0,0,0,0,1,1,0,0,0,0,0,0,0,1,0,0,1,0,0,0,0,0,0,0,0,0,0,0,4,1,39.9714,-75.1594, , 
 ,14970,2016008643,6,67,67301,2016,1,5,1715,17,3,1,0,4,1, , ,N,1,2,0,3,0,1,4,2,N,N,39 57:49.280,75 10:15.428,1715, ,1715, ,0, , , ,2, , , , , ,159988, , , ,2,1,0,0,0,0,1,0,0,0,0,0,1,1,0,0,0,0,0,0,1,0,0,0,0,0,0,0,0,0,0,0,0,0,0,8,0,39.9636,-75.171, , 
 ,14971,2016020138,6,67,67301,2016,1,1,1325,13,1,1,0,7,5, , ,N,0,0,0,3,0,1,1,1,N,N,39 59:43.213,75 11:52.289,1328, ,1327,3,1,3, , ,0,N, , , , ,159996, , , ,1,0,0,0,0,0,1,0,0,0,0,0,1,1,0,0,0,0,0,0,0,0,0,1,0,0,0,0,0,0,0,0,0,0,0,8,0,39.9953,-75.1979, , 
 ,14972,2016026028,6,67,67301,2016,2,5,1845,18,4,1,0,1,1, , ,N,2,0,7,3,0,3,3,2,N,N,40 00:51.091,75 07:42.974,1900, ,1858,3,2,6,N, ,0,Y, , , , ,160004, , , ,2,2,0,0,0,0,0,0,0,0,2,1,3,0,0,0,0,0,0,0,0,1,0,1,0,0,0,0,0,0,0,0,0,0,0,3,0,40.0142,-75.1286, , 
 ,14973,2016026110,6,67,67301,2016,2,3,1425,14,1,4,1,8,1, , ,N,5,2,0,3,0,1,2,2,N,N,40 03:24.231,75 01:42.351,1631, ,1627,9,1,4,Y, ,3,N, , , , ,160005, , , ,1,1,0,0,0,0,0,0,0,0,0,0,1,1,0,0,0,0,0,1,0,0,0,1,0,0,0,0,0,0,0,0,1,0,0,8,0,40.0567,-75.0284, , 
 ,14974,2016029940,6,67,67301,2016,2,4,730,7,1,2,1,4,1, , ,N,1,3,0,3,0,1,3,3,N, ,40 02:10.662,75 04:18.319,735, ,732,2,1,4, , ,3,N, , , , ,160009, , , ,3,3,0,0,0,0,0,0,0,0,0,1,1,0,0,0,0,0,0,0,0,0,1,0,0,0,0,0,0,0,0,0,0,0,0,4,0,40.0363,-75.0718, , 
 ,14975,2016040894,6,67,67301,2016,4,7,1534,15,1,2,1,4,1, , ,N,1,2,0,3,0,0,5,2,N,N,39 58:02.431,75 10:31.324,1545, ,1541, ,0, ,N, ,3, , , , , ,160023, , , ,2,1,0,0,0,0,1,0,0,0,0,0,0,0,0,0,0,0,0,0,1,0,0,0,0,0,0,0,0,0,0,0,0,0,0,0,0,39.9673,-75.1754, , 
 ,14976,2016046985,6,67,67301,2016,4,5,1410,14,1,1,0,4,1, , ,N,1,3,0,3,0,2,3,2,N,N,39 58:25.672,75 09:12.549,1425, ,1415, ,0, ,N, ,3, , , , , ,160029, , , ,2,0,0,0,0,0,0,2,0,0,0,0,2,2,0,0,0,0,0,0,1,0,0,1,0,0,0,0,0,0,0,0,0,0,0,8,0,39.9738,-75.1535, , 
 ,14977,2016008640,6,67,67301,2016,1,4,833,8,1,1,0,8,1, , ,N,1,0,0,3,0,4,5,5,N,N,40 01:36.819,75 03:33.460,836, ,834, ,0, ,N, ,0, , , , , ,160036, , , ,1,1,0,0,0,0,0,0,0,0,0,4,4,0,0,0,0,0,0,0,1,0,0,0,0,0,0,0,0,0,0,0,4,0,0,4,0,40.0269,-75.0593, , 
 ,14978,2016044544,6,67,67301,2016,4,7,2033,20,3,2,1,4,1, , ,N,1,2,0,3,0,0,2,2,N,N,39 59:17.883,75 15:14.303,2045, ,2040, ,0, ,N, ,3, , , , , ,163286, , , ,2,2,0,0,0,0,0,0,0,0,0,0,0,0,0,0,0,0,0,0,0,0,0,0,0,0,0,0,0,0,0,0,0,0,0,0,0,39.9883,-75.254, , 
 ,14979,2016047008,6,67,67301,2016,4,2,1600,16,1,1,0,4,1, , ,N,2,3,0,3,0,0,2,2,N,N,39 57:38.825,75 08:32.608,1622, ,1618, ,0, ,N, ,3, , , , , ,163288, , , ,2,1,0,0,0,0,1,0,0,0,0,0,0,0,0,0,0,0,0,0,0,0,0,0,0,0,0,0,0,0,0,0,0,0,0,0,0,39.9607,-75.1424, , 
 ,14980,2016052840,6,67,67301,2016,5,1,2220,22,3,2,1,1,1, , ,N,0,0,0,3,0,3,5,2,N, ,40 01:08.780,75 08:56.358,2228, ,2220, ,0, , , ,0, , , , , ,163293, , , ,2,1,0,0,0,0,1,0,0,0,0,3,3,0,0,0,0,0,0,0,0,0,0,0,0,0,0,0,0,0,0,0,0,0,0,4,0,40.0191,-75.149, , 
 ,14981,2016058517,6,67,67301,2016,5,7,333,3,3,1,0,1,1, , ,N,0,0,0,3,0,0,2,3,N,N,40 01:28.246,75 12:51.022,335, ,333, ,0, ,N, ,0, , , , , ,163295, , , ,3,2,0,0,0,0,1,0,0,0,0,0,0,0,0,0,0,0,0,0,0,0,0,0,0,0,0,0,0,0,0,0,0,0,0,0,0,40.0245,-75.2142, , 
 ,14982,2016058539,6,67,67301,2016,5,1,1758,17,4,2,1,7,3, , ,N,0,0,0,3,0,1,1,1,N,N,40 04:02.755,75 03:04.212,1805, ,1800,3,2,2,N, ,0,Y, , , , ,163296, , , ,1,1,0,0,0,0,0,0,0,1,0,0,1,0,0,0,0,0,0,0,0,0,0,0,0,0,0,1,0,0,0,0,0,0,0,2,0,40.0674,-75.0512, , 
 ,14983,2016058607,6,67,67301,2016,5,6,1120,11,1,1,0,1,1, , ,N,0,0,0,3,0,1,2,2,N,N,39 55:27.091,75 10:03.336,1310, ,1300, ,0, ,N, ,0, , , , , ,163297, , , ,1,0,0,0,0,0,1,0,1,0,0,0,1,1,0,0,0,0,0,0,0,0,0,1,0,0,0,0,0,0,0,0,0,0,0,8,0,39.9242,-75.1676, , 
 ,14984,2016062530,6,67,67301,2016,5,4,2158,21,3,1,0,4,1, , ,N,1,2,0,3,0,1,3,2,N,N,40 00:47.439,75 04:13.514,2207, ,2205, ,0, ,N, ,3, , , , , ,163300, , , ,2,0,0,0,0,0,2,0,0,0,0,1,1,0,1,0,0,0,0,0,1,0,0,1,0,0,0,0,0,0,0,0,0,0,0,4,0,40.0132,-75.0704, , 
N,14985,2016064486,6,67,67301,2016,6,5,1533,15,1,1,0,5,1,1,2,Y,7,0,2,3,0,1,2,2,N,N,40 00:12.647,75 04:38.645,1608,45,1543,1,1,2, , ,0,N,N,N,N,N,163301,N,N,Y,2,0,0,0,1,0,1,0,0,0,0,0,1,1,0,0,0,0,0,0,0,0,0,0,0,0,0,0,0,0,0,0,0,0,0,8,0,40.0035,-75.0774, , 
 ,14986,2016029907,6,67,67301,2016,2,2,1503,15,1,1,0,8,1, , ,N,0,0,0,3,0,1,2,2,N,Y,40 01:10.099,75 05:41.734,1512, ,1509, ,0, ,N, ,0, , , , , ,163339, , , ,1,0,0,0,0,0,1,0,0,0,0,1,1,0,0,0,0,0,0,0,1,0,0,1,0,0,0,0,0,0,0,0,1,0,0,4,0,40.0195,-75.0949, , 
 ,14987,2016002026,6,67,67301,2016,1,6,1937,19,3,1,0,1,1, , ,N,6,0,2,3,0,5,5,2,N,N,39 59:35.013,75 05:06.819,1943, ,1937,1,1,1,N, ,0,N, , , , ,163356, , , ,2,1,0,0,1,0,0,0,0,0,0,0,5,5,0,0,0,0,0,0,1,0,0,0,0,0,0,0,0,0,0,0,0,0,0,8,0,39.9931,-75.0852, , 
 ,14988,2016008642,6,67,67301,2016,1,3,1250,12,1,1,0,1,1, , ,N,1,2,0,3,0,0,2,2,N,N,40 03:28.841,75 08:20.620,1315, ,1313, ,0, ,N, ,3, , , , , ,163367, , , ,2,2,0,0,0,0,0,0,0,0,0,0,0,0,0,0,0,0,0,0,0,0,0,0,0,0,0,0,0,0,0,0,0,0,0,0,0,40.0581,-75.139, , 
 ,14989,2016038284,6,67,67301,2016,4,1,1054,10,1,1,0,7,4, , ,N,0,0,0,3,0,2,2,1,N,N,40 00:28.177,75 04:17.764,1106, ,1054, ,0, , , ,0, , , , , ,163395, , , ,1,1,0,0,0,0,0,0,0,0,0,0,2,2,0,0,0,0,0,0,0,0,0,0,0,0,0,0,0,0,0,0,0,0,0,8,0,40.0078,-75.0716, , 
 ,14990,2016044983,6,67,67301,2016,5,3,1629,16,1,1,0,5,6, , ,N,0,0,0,3,0,0,5,2,N,N,39 58:20.703,75 09:33.483,1631, ,1630,2,1,2,N, ,0,Y, , , , ,163401, , , ,2,1,0,0,0,0,1,0,0,0,0,0,0,0,0,0,0,0,0,0,0,1,0,0,0,0,0,0,0,0,0,0,0,0,0,0,0,39.9724,-75.1593, , 
 ,14991,2016016597,6,67,67301,2016,1,6,1630,16,1,4,1,8,1, , ,N,0,0,0,3,0,1,2,2,N, ,39 56:18.614,75 13:35.821,1733, ,1728, ,0, , , ,0, , , , , ,163414, , , ,1,1,0,0,0,0,0,0,0,0,1,0,1,0,0,0,0,0,0,0,0,0,0,1,0,0,0,0,0,0,0,0,1,0,0,3,0,39.9385,-75.2266, , 
 ,14992,2016024796,6,67,67301,2016,2,5,2129,21,3,1,0,5,1, , ,N,3,0,0,3,0,1,3,4,N, ,39 58:44.653,75 13:50.684,2150, ,2140, ,0, , , ,0, , , , , ,163421, , , ,4,2,0,0,1,0,1,0,0,0,0,1,1,0,0,0,0,0,0,0,0,0,1,0,0,0,0,0,0,0,0,0,0,0,0,4,0,39.9791,-75.2307, , 
 ,14993,2016041410,6,67,67301,2016,3,6,1421,14,1,1,0,4,1, , ,N,1,2,3,3,0,3,4,2,N,N,39 57:30.652,75 09:56.236,1648, ,1630, ,0, ,N, ,3, , , , , ,163438, , , ,2,2,0,0,0,0,0,0,0,0,0,2,3,1,0,0,0,0,0,0,1,0,0,1,0,0,0,0,0,0,0,0,0,0,0,4,0,39.9585,-75.1656, , 
 ,14994,2016033904,6,67,67301,2016,3,7,1059,10,1,1,0,4,1, , ,N,1,2,0,3,0,2,2,2,N,N,40 03:15.517,75 02:58.198,1105, ,1059,1,2,2,N, ,3,Y, , , , ,163476, , , ,2,0,0,0,1,0,1,0,0,0,1,1,2,0,0,0,0,0,0,0,0,1,0,0,0,0,0,0,0,0,0,0,0,0,0,3,0,40.0542,-75.0493, , 
 ,14995,2016051290,6,67,67301,2016,4,1,120,1,3,1,0,4,1, , ,N,2,3,0,3,0,0,4,3,N, ,40 01:17.095,75 10:07.041,9999, ,125, ,0, , , ,3, , , , , ,163488, , , ,3,2,0,0,1,0,0,0,0,0,0,0,0,0,0,0,0,0,0,1,0,0,0,0,0,0,0,0,0,0,0,0,0,0,0,0,0,40.0214,-75.1686, , 
 ,14996,2016029847,6,67,67301,2016,2,1,2235,22,3,1,0,8,1, , ,N,0,0,0,3,0,1,2,2,N, ,39 57:26.310,75 14:50.832,2237, ,2236, ,0, , , ,0, , , , , ,168116, , , ,1,1,0,0,0,0,0,0,0,0,0,0,1,1,0,0,0,0,0,0,0,0,0,0,0,0,0,0,0,0,0,0,1,0,0,8,0,39.9573,-75.2475, , 
 ,14997,2016017021,6,67,67301,2016,1,7,1742,17,3,1,0,4,1, , ,N,1,2,0,3,0,2,2,2,N,N,40 00:36.531,75 07:17.602,1742, ,1742, ,0, ,N, ,3, , , , , ,168147, , , ,2,0,0,0,0,0,2,0,0,0,0,2,2,0,0,0,0,0,0,0,0,0,0,0,0,0,0,0,0,0,0,0,0,0,0,4,0,40.0101,-75.1214, , 
 ,14998,2016029949,6,67,67301,2016,2,4,1130,11,1,2,1,8,1, , ,N,1,3,0,3,0,1,2,2,N,N,39 56:12.307,75 10:24.884,1134, ,1132, ,0, ,N, ,3, , , , , ,168158, , , ,1,0,0,0,0,0,1,0,0,0,0,1,1,0,0,0,0,0,0,0,0,1,0,1,0,0,0,0,0,0,0,0,1,0,0,4,0,39.9368,-75.1736, , 
 ,14999,2016036463,6,67,67301,2016,3,5,1630,16,1,1,1,2,1, , ,N,0,0,1,3,0,1,2,2,N,N,39 59:52.418,75 06:38.837,1645, ,1645, ,0, ,N, ,0, , , , , ,168165, , , ,2,0,0,0,1,0,0,1,0,0,0,0,1,1,1,0,0,0,0,0,0,0,0,0,0,0,0,0,0,0,0,0,0,0,0,8,0,39.9979,-75.1108, , 
 ,15000,2016052403,6,67,67301,2016,5,1,1938,19,4,1,1,7,4, , ,N,1,2,0,3,0,0,1,1,N,N,39 54:15.296,75 09:52.610,1945, ,1941,2,1,2,N, ,3,N, , , , ,168178, , , ,1,1,0,0,0,0,0,0,0,0,0,0,0,0,0,0,0,0,0,0,0,0,0,0,0,0,0,0,0,0,0,0,0,0,0,0,0,39.9042,-75.1646, , 
 ,15001,2016052649,6,67,67301,2016,5,2,2037,20,2,1,0,1,1, , ,N,0,0,0,3,0,3,6,4,N,N,39 56:33.292,75 11:36.247,2057, ,2047,1,2,4, , ,0,N, , , , ,168179, , , ,4,3,0,0,0,0,1,0,0,0,2,1,3,0,0,0,0,0,0,0,2,0,0,0,0,0,0,0,0,0,0,0,0,0,0,3,0,39.9426,-75.1934, , 
 ,15002,2016052832,6,67,67301,2016,5,4,947,9,1,1,0,6,1, , ,N,0,0,0,3,0,1,2,2,N, ,39 59:24.188,75 06:11.818,1039, ,1035,2,2,2, , ,0,N, , , , ,168180, , , ,2,1,0,0,1,0,0,0,0,0,0,0,1,1,0,0,0,0,0,0,1,0,0,0,0,0,0,0,0,0,0,0,0,0,0,8,0,39.9901,-75.1033, , 
Y,15003,2016028837,6,67,67301,2016,3,1,1611,16,1,1,0,1,1,1,4,Y,0,0,0,3,0,3,6,4,N,N,39 58:04.328,75 07:50.439,1620,45,1615,2,2,1, , ,0,N,N,N,N,N,168205,Y,N,Y,4,3,0,0,1,0,0,0,0,0,1,2,3,0,0,0,0,0,0,0,2,0,0,2,0,0,0,0,0,0,0,0,0,0,0,3,0,39.9679,-75.1307, , 
 ,15004,2016034989,6,67,67301,2016,2,7,1220,12,1,1,0,4,1, , ,N,0,0,0,3,0,3,3,5,N, ,40 02:17.169,75 10:36.049,1226, ,1226, ,0, , , ,0, , , , , ,168210, , , ,5,3,0,0,0,0,2,0,0,0,0,3,3,0,0,0,0,0,0,0,0,0,0,0,0,0,0,0,0,0,0,0,0,0,0,4,0,40.0381,-75.1767, , 
 ,15005,2016036381,6,67,67301,2016,3,1,1255,12,1,1,0,4,1, , ,N,1,3,0,3,0,0,2,2,N,N,39 59:11.993,75 15:02.259,1405, ,1359, ,0, ,N, ,3, , , , , ,168215, , , ,2,1,0,0,0,0,1,0,0,0,0,0,0,0,0,0,0,0,0,0,0,1,0,2,0,0,0,0,0,0,0,0,0,0,0,0,0,39.9867,-75.2506, , 
 ,15006,2016048613,6,67,67301,2016,4,2,1423,14,1,1,0,4,1, , ,N,1,2,0,3,0,1,2,2,N,N,40 06:51.342,74 59:16.507,1505, ,1456,2,1,2,N, ,3,N, , , , ,168224, , , ,2,2,0,0,0,0,0,0,0,0,0,1,1,0,0,0,0,0,0,0,0,0,0,0,0,0,0,0,0,0,0,0,0,0,0,4,0,40.1143,-74.9879, , 
 ,15007,2016053780,6,67,67301,2016,5,3,1605,16,1,1,0,1,1, , ,N,2,2,0,3,0,1,2,2,N,N,40 00:41.287,75 10:55.656,1638, ,1630, ,0, , , ,3, , , , , ,168229, , , ,2,2,0,0,0,0,0,0,0,0,0,0,1,1,0,0,0,0,0,0,0,0,0,0,0,0,0,0,0,0,0,0,0,0,0,8,0,40.0116,-75.1821, , 
 ,15008,2016052375,6,67,67301,2016,5,4,1027,10,1,1,0,2,1, , ,N,1,2,0,3,0,1,2,2,N,N,40 03:24.250,75 02:48.711,1110, ,1103, ,0, ,N, ,3, , , , , ,168235, , , ,2,2,0,0,0,0,0,0,0,0,0,0,1,1,0,0,0,0,0,0,1,0,0,2,0,0,0,0,0,0,0,0,0,0,0,8,0,40.0567,-75.0469, , 
 ,15009,2016016576,6,67,67301,2016,1,7,1510,15,1,1,1,4,1, , ,N,1,2,0,3,0,2,2,2,N,N,39 58:12.826,75 08:42.073,1600, ,1554,2,1,4,N, ,3,N, , , , ,168241, , , ,2,2,0,0,0,0,0,0,0,0,0,2,2,0,0,0,0,0,0,0,0,0,0,1,0,0,0,0,0,0,0,0,0,0,0,4,0,39.9702,-75.1451, , 
 ,15010,2016027591,6,67,67301,2016,2,6,2045,20,3,1,0,4,1, , ,N,1,2,0,3,0,1,4,2,N, ,40 00:33.277,75 09:04.079,2046, ,2046,1,1,1, , ,3,N, , , , ,168294, , , ,2,1,0,0,0,0,1,0,0,0,0,1,1,0,1,0,0,0,0,0,0,0,0,0,0,0,0,0,0,0,0,0,0,0,0,4,0,40.0092,-75.1511, , 
 ,15011,2016036427,6,67,67301,2016,3,7,12,0,3,1,0,4,1, , ,N,2,2,0,3,0,0,2,2,N, ,39 57:34.816,75 14:50.653,22, ,17,2,1,1, , ,3,N, , , , ,168302, , , ,2,1,0,0,0,0,1,0,0,0,0,0,0,0,0,0,0,0,0,0,1,0,0,0,0,0,0,0,0,0,0,0,0,0,0,0,0,39.9597,-75.2474, , 
 ,15012,2016042481,6,67,67301,2016,4,5,1440,14,1,1,0,1,1, , ,N,0,0,0,3,0,0,4,2,Y,N,39 57:27.735,75 09:38.128,1505, ,1440,2,2,4, , ,0,N, , , , ,168308, , , ,2,0,0,1,0,0,1,0,0,0,0,0,0,0,0,0,0,0,0,0,0,0,0,0,0,0,0,0,0,0,0,0,0,0,0,0,1,39.9577,-75.1606, , 
 ,15013,2016052360,6,67,67301,2016,4,5,716,7,1,1,0,1,1, , ,N,0,2,0,3,0,1,3,3,N,N,39 56:15.868,75 08:31.536,720, ,716,2,1,1,N, ,3,N, , , , ,168320, , , ,3,2,0,0,0,0,1,0,0,0,0,1,1,0,0,0,0,0,0,0,0,0,0,0,0,0,0,0,0,0,0,0,0,0,0,4,0,39.9377,-75.1421, , 
 ,15014,2016053264,6,67,67301,2016,5,4,1430,14,1,1,0,8,1, , ,N,0,0,0,3,0,1,2,2,N,N,39 59:31.689,75 06:32.071,1440, ,1432, ,0, ,N, ,0, , , , , ,157024, , , ,1,0,0,0,0,0,1,0,0,0,0,1,1,0,0,0,0,0,0,0,0,0,0,0,0,0,0,0,0,0,0,0,1,0,0,4,0,39.9921,-75.1089, , 
 ,15015,2016063127,6,67,67301,2016,6,6,1819,18,1,1,0,1,1, , ,N,0,0,0,3,0,1,3,3,N,N,39 57:29.342,75 09:53.518,1845, ,1831,1,1,3, , ,0,N, , , , ,157033, , , ,3,1,0,0,0,0,2,0,0,0,0,0,1,1,0,0,0,0,0,0,2,0,0,0,0,0,0,0,0,0,0,0,0,0,0,8,0,39.9582,-75.1649, , 
 ,15016,2016016608,6,67,67301,2016,1,7,845,8,3,1,0,4,1, , ,N,0,0,0,3,0,0,2,2,N,N,39 57:13.567,75 08:22.777,915, ,901, ,0, ,N, ,0, , , , , ,157051, , , ,2,2,0,0,0,0,0,0,0,0,0,0,0,0,0,0,0,0,0,0,0,0,0,1,0,0,0,0,0,0,0,0,0,0,0,0,0,39.9538,-75.1397, , 