wz_ln_closure,objectid_1,crn,district,county,municipality,crash_year,crash_month,day_of_week,time_of_day,hour_of_day,illumination,weather,road_condition,collision_type,relation_to_road,work_zone_type,work_zone_loc,work_zone_ind,intersect_type,tcd_type,location_type,urban_rural,fatal_count,injury_count,person_count,total_units,sch_bus_ind,sch_zone_ind,latitude,longitude,arrival_tm,cons_zone_spd_lim,dispatch_tm,est_hrs_closed,lane_closed,ln_close_dir,ntfy_hiwy_maint,spec_juris_cd,tcd_func_cd,tfc_detour_ind,workers_pres,wz_close_detour,wz_flagger,wz_law_offcr_ind,objectid,wz_moving,wz_other,wz_shlder_mdn,vehicle_count,automobile_count,motorcycle_count,bus_count,small_truck_count,heavy_truck_count,suv_count,van_count,bicycle_count,maj_inj_count,mod_inj_count,min_inj_count,tot_inj_count,unk_inj_deg_count,unk_inj_per_count,driver_count_16yr,driver_count_17yr,driver_count_18yr,driver_count_19yr,driver_count_20yr,driver_count_50_64yr,driver_count_65_74yr,driver_count_75plus,unbelted_occ_count,unb_death_count,unb_maj_inj_count,belted_death_count,belted_maj_inj_count,mcycle_death_count,mcycle_maj_inj_count,bicycle_death_count,bicycle_maj_inj_count,ped_count,ped_death_count,ped_maj_inj_count,max_severity_level,comm_veh_count,dec_lat,dec_long,rdwy_surf_type_cd,county_name
 ,15017,2016033784,6,67,67301,2016,3,3,830,8,1,1,0,4,1, , ,N,2,0,0,3,0,1,2,2,N, ,40 01:35.673,75 13:27.706,905, ,855, ,0, , , ,0, , , , , ,157063, , , ,2,0,0,0,0,0,2,0,0,0,0,1,1,0,0,0,0,0,0,0,0,0,0,0,0,0,0,0,0,0,0,0,0,0,0,4,0,40.0266,-75.2244, , 
 ,15018,2016047661,6,67,67301,2016,5,7,54,0,3,2,1,7,4, , ,N,0,0,0,3,0,0,1,1,N,N,39 57:35.650,75 10:44.481,59, ,57,1,1,3, , ,0,N, , , , ,157071, , , ,1,1,0,0,0,0,0,0,0,0,0,0,0,0,0,0,0,0,0,0,0,0,0,0,0,0,0,0,0,0,0,0,0,0,0,0,0,39.9599,-75.179, , 
 ,15019,2016048646,6,67,67301,2016,4,3,1336,13,1,1,0,4,1, , ,N,1,2,0,3,0,1,6,2,N,N,40 00:27.630,75 04:33.776,1351, ,1351, ,0, ,N, ,3, , , , , ,157074, , , ,2,1,0,0,0,0,1,0,0,0,0,1,1,0,0,0,0,0,0,0,1,0,0,2,0,0,0,0,0,0,0,0,0,0,0,4,0,40.0077,-75.076, , 
 ,15020,2016053722,6,67,67301,2016,5,6,1700,17,1,2,1,1,1, , ,N,2,2,0,3,0,1,3,3,N,N,39 53:40.926,75 13:46.059,1709, ,1706, ,0, ,N, ,3, , , , , ,157078, , , ,3,1,0,0,2,0,0,0,0,0,0,1,1,0,0,0,0,0,0,0,1,0,0,2,0,0,0,0,0,0,0,0,0,0,0,4,0,39.8946,-75.2296, , 
 ,15021,2016053795,6,67,67301,2016,5,1,1600,16,1,1,0,1,1, , ,N,1,2,0,3,0,1,2,2,N,N,39 56:00.337,75 13:23.656,1810, ,1759, ,0, , , ,3, , , , , ,157079, , , ,2,1,0,0,1,0,0,0,0,0,0,0,1,1,0,0,0,0,0,0,0,1,0,0,0,0,0,0,0,0,0,0,0,0,0,8,0,39.9334,-75.2232, , 
N,15022,2016058133,6,67,67301,2016,5,3,1813,18,1,1,0,1,1,1,8,Y,0,0,0,3,0,1,2,2,N,N,40 01:33.255,75 01:40.640,1830,45,1815,1,1,2, , ,0,N,N,N,N,N,157082,N,N,Y,2,1,0,0,0,0,1,0,0,0,1,0,1,0,0,0,0,0,0,0,0,0,0,0,0,0,0,0,0,0,0,0,0,0,0,3,0,40.0259,-75.028, , 
 ,15023,2016062519,6,67,67301,2016,5,1,2205,22,3,2,1,4,1, , ,N,2,3,0,3,0,1,2,2,N,N,40 00:01.760,75 12:47.001,9999, ,9999,1,1,4, , ,3,N, , , , ,157087, , , ,2,1,0,0,0,0,1,0,0,0,0,0,1,1,0,0,0,0,0,0,0,0,0,1,0,0,0,0,0,0,0,0,0,0,0,8,0,40.0005,-75.2131, , 
 ,15024,2016025981,6,67,67301,2016,2,4,950,9,1,4,1,4,1, , ,N,2,0,0,3,0,1,2,2,N, ,40 06:18.209,75 01:39.508,1003, ,956, ,0, , , ,0, , , , , ,157108, , , ,2,1,0,0,0,1,0,0,0,0,0,1,1,0,0,0,0,0,0,0,0,1,0,2,0,0,0,0,0,0,0,0,0,0,0,4,1,40.1051,-75.0276, , 
 ,15025,2016046976,6,67,67301,2016,4,7,1830,18,1,1,0,4,1, , ,N,2,0,0,3,0,1,2,2,N,N,40 01:33.178,75 06:30.527,917, ,913, ,0, ,N, ,0, , , , , ,157126, , , ,2,0,0,0,1,0,1,0,0,0,0,1,1,0,1,0,0,0,0,0,0,0,0,0,0,0,0,0,0,0,0,0,0,0,0,4,0,40.0259,-75.1085, , 
 ,15026,2016065660,6,67,67301,2016,6,1,2320,23,3,1,0,1,1, , ,N,2,0,0,3,0,1,2,2,N, ,40 01:54.010,75 02:11.323,2337, ,2328,4,2,3, , ,0,Y, , , , ,157136, , , ,2,0,1,0,0,0,1,0,0,0,0,0,1,1,1,0,0,0,0,0,0,0,0,0,0,0,0,0,0,0,0,0,0,0,0,8,0,40.0317,-75.0365, , 
 ,15027,2016067830,6,67,67301,2016,5,3,2237,22,3,1,0,5,6, , ,N,0,0,0,3,0,1,1,2,N,N,40 01:35.300,75 10:10.730,2240, ,2237,2,1,2, , ,0,N, , , , ,157137, , , ,2,2,0,0,0,0,0,0,0,0,0,0,1,1,0,0,0,0,0,0,1,0,0,0,0,0,0,0,0,0,0,0,0,0,0,8,0,40.0265,-75.1696, , 
 ,15028,2016022605,6,67,67301,2016,2,4,1533,15,1,1,0,5,1, , ,N,0,0,0,3,0,1,2,2,N,N,39 57:51.941,75 11:05.277,1557, ,1549, ,0, , , ,0, , , , , ,157152, , , ,2,1,0,0,0,1,0,0,0,0,0,1,1,0,0,0,0,0,0,0,2,0,0,0,0,0,0,0,0,0,0,0,0,0,0,4,1,39.9644,-75.1848, , 
 ,15029,2016026158,6,67,67301,2016,2,4,624,6,1,1,0,8,1, , ,N,0,0,0,3,0,1,2,2,N, ,40 02:15.831,75 08:16.123,633, ,630,2,1,1, , ,0,N, , , , ,157154, , , ,1,0,0,0,0,0,1,0,0,0,1,0,1,0,0,0,0,0,0,0,0,0,0,0,0,0,0,0,0,0,0,0,1,0,0,3,0,40.0377,-75.1378, , 
 ,15030,2016029852,6,67,67301,2016,2,6,1000,10,1,1,0,5,1, , ,N,1,2,0,3,0,0,2,2,N,N,39 59:50.247,75 05:21.971,1120, ,1000, ,0, , , ,3, , , , , ,157157, , , ,2,1,0,0,0,0,1,0,0,0,0,0,0,0,0,0,0,0,0,0,1,0,0,0,0,0,0,0,0,0,0,0,0,0,0,0,0,39.9973,-75.0894, , 
 ,15031,2016044564,6,67,67301,2016,4,2,1612,16,1,1,0,8,6, , ,N,0,0,0,3,0,1,2,2,N, ,39 57:11.420,75 09:34.677,1615, ,1612, ,0, , , ,0, , , , , ,157162, , , ,1,1,0,0,0,0,0,0,0,0,0,0,1,1,0,0,0,0,0,0,0,0,0,1,0,0,0,0,0,0,0,0,1,0,0,8,0,39.9532,-75.1596, , 
 ,15032,2016014017,6,67,67301,2016,1,3,1145,11,1,1,0,7,5, , ,N,2,3,0,3,0,1,1,1,N, ,40 01:39.741,75 07:22.954,1154, ,1152, ,0, , , ,3, , , , , ,160043, , , ,1,1,0,0,0,0,0,0,0,0,0,1,1,0,0,0,0,0,1,0,0,0,0,1,0,0,0,0,0,0,0,0,0,0,0,4,0,40.0277,-75.123, , 
 ,15033,2016033806,6,67,67301,2016,3,1,1437,14,1,9,0,4,1, , ,N,1,2,0,3,0,2,2,2,N,N,40 01:42.172,75 05:16.879,1751, ,1437, ,0, ,N, ,3, , , , , ,160058, , , ,2,2,0,0,0,0,0,0,0,0,1,1,2,0,0,0,0,0,0,0,0,0,0,0,0,0,0,0,0,0,0,0,0,0,0,3,0,40.0284,-75.088, , 
 ,15034,2016058654,6,67,67301,2016,5,7,2350,23,3,1,0,5,6, , ,N,0,0,0,3,0,1,1,3,N,N,40 04:09.739,75 02:06.187,2359, ,2351, ,0, ,N, ,0, , , , , ,160072, , , ,3,1,0,0,0,0,1,1,0,0,0,1,1,0,0,0,0,0,0,0,0,0,0,0,0,0,0,0,0,0,0,0,0,0,0,4,0,40.0694,-75.0351, , 
 ,15035,2016013892,6,67,67301,2016,1,3,1953,19,6,1,0,4,1, , ,N,0,0,0,3,0,1,3,2,N,N,39 55:36.740,75 14:07.268,1958, ,1954, ,0, , , ,0, , , , , ,160090, , , ,2,1,0,0,0,0,0,1,0,0,0,0,1,1,0,0,0,0,0,0,0,0,0,1,0,0,0,0,0,0,0,0,0,0,0,8,0,39.9269,-75.2354, , 
 ,15036,2016047333,6,67,67301,2016,5,5,1330,13,1,1,0,0,3, , ,N,0,8,2,3,0,0,2,1,N,N,39 57:19.736,75 08:53.165,1400, ,1359,3,2,4,N, ,3,N, , , , ,160113, , , ,1,0,0,0,0,1,0,0,0,0,0,0,0,0,0,0,0,0,0,0,0,0,0,0,0,0,0,0,0,0,0,0,0,0,0,0,1,39.9555,-75.1481, , 
 ,15037,2016053805,6,67,67301,2016,5,6,1340,13,1,2,1,4,1, , ,N,1,2,0,3,0,2,3,2,N,N,39 55:38.874,75 13:54.199,1408, ,1401,1,1,1,N, ,3,N, , , , ,160118, , , ,2,2,0,0,0,0,0,0,0,0,0,2,2,0,0,0,0,0,0,0,1,0,0,0,0,0,0,0,0,0,0,0,0,0,0,4,0,39.9275,-75.2317, , 
 ,15038,2016054178,6,67,67301,2016,5,4,1320,13,1,1,0,1,1, , ,N,0,0,0,3,0,0,2,2,N,Y,40 02:25.020,75 03:05.903,1340, ,1331, ,0, ,N, ,0, , , , , ,160119, , , ,2,2,0,0,0,0,0,0,0,0,0,0,0,0,0,0,0,0,0,0,0,0,0,0,0,0,0,0,0,0,0,0,0,0,0,0,0,40.0403,-75.0516, , 
 ,15039,2016033110,6,67,67301,2016,3,3,1802,18,1,1,0,6,6, , ,N,0,0,0,3,0,0,3,2,N,N,40 02:13.783,75 08:57.192,1940, ,1930, ,0, ,N, ,0, , , , , ,160154, , , ,2,1,0,0,0,0,1,0,0,0,0,0,0,0,0,0,0,0,0,0,0,0,0,0,0,0,0,0,0,0,0,0,0,0,0,0,0,40.0372,-75.1492, , 
 ,15040,2016033853,6,67,67301,2016,3,5,2224,22,3,1,0,6,1, , ,N,0,0,0,3,0,0,4,2,N,N,40 03:02.437,75 02:08.403,2340, ,2340, ,0, ,N, ,0, , , , , ,160155, , , ,2,2,0,0,0,0,0,0,0,0,0,0,0,0,0,0,0,0,0,0,0,0,0,2,0,0,0,0,0,0,0,0,0,0,0,0,0,40.0507,-75.0357, , 
 ,15041,2016035718,6,67,67301,2016,2,2,0,0,6,1,0,5,6, , ,N,0,0,0,3,0,1,1,3,N, ,39 57:55.911,75 14:37.129,5, ,4, ,0, , , ,0, , , , , ,160156, , , ,3,2,0,0,0,0,1,0,0,0,1,0,1,0,0,0,0,0,0,0,0,0,0,0,0,0,0,0,0,0,0,0,0,0,0,3,0,39.9655,-75.2436, , 
 ,15042,2016045923,6,67,67301,2016,4,7,1408,14,1,1,0,1,1, , ,N,0,0,0,3,0,3,7,2,N,N,40 00:29.040,75 12:09.724,1411, ,1408, ,0, , , ,0, , , , , ,160160, , , ,2,1,0,0,1,0,0,0,0,0,0,0,3,3,0,0,0,2,0,0,0,0,0,0,0,0,0,0,0,0,0,0,0,0,0,8,0,40.0081,-75.2027, , 
 ,15043,2016046152,6,67,67301,2016,4,1,1930,19,1,1,0,7,2, , ,N,0,0,0,3,0,1,1,1,N,N,39 54:08.740,75 09:00.504,1959, ,1955, ,0, ,N, ,0, , , , , ,160161, , , ,1,0,1,0,0,0,0,0,0,0,0,0,1,1,0,0,0,0,0,0,0,0,0,0,0,0,0,0,0,0,0,0,0,0,0,8,0,39.9024,-75.1501, , 
 ,15044,2016052858,6,67,67301,2016,4,5,1915,19,1,1,0,8,1, , ,N,1,2,0,3,0,1,2,2,N,N,39 59:34.615,75 06:37.098,1935, ,1924, ,0, ,N, ,3, , , , , ,160167, , , ,1,1,0,0,0,0,0,0,0,0,0,1,1,0,0,0,0,1,0,0,0,0,0,1,0,0,0,0,0,0,0,0,1,0,0,4,0,39.9929,-75.1103, , 
 ,15045,2016019756,6,67,67301,2016,1,4,1327,13,1,1,0,4,1, , ,N,1,3,0,3,0,0,2,2,N,N,40 02:52.901,75 05:34.215,1338, ,1334,1,1,3,N, ,3,N, , , , ,160192, , , ,2,2,0,0,0,0,0,0,0,0,0,0,0,0,0,0,0,0,0,0,1,0,0,0,0,0,0,0,0,0,0,0,0,0,0,0,0,40.048,-75.0928, , 
 ,15046,2016041047,6,67,67301,2016,3,3,825,8,1,1,0,5,1, , ,N,0,0,0,3,0,1,4,2,N, ,39 59:21.123,75 14:23.492,850, ,832, ,0, , , ,0, , , , , ,160210, , , ,2,1,0,0,0,0,1,0,0,0,0,0,1,1,1,0,0,0,0,0,0,0,0,0,0,0,0,0,0,0,0,0,0,0,0,8,0,39.9892,-75.2399, , 
 ,15047,2016053681,6,67,67301,2016,5,3,931,9,1,1,0,4,1, , ,N,1,3,0,3,0,1,3,2,N,N,39 59:18.578,75 08:12.530,951, ,931, ,0, ,N, ,3, , , , , ,160217, , , ,2,2,0,0,0,0,0,0,0,0,0,0,1,1,0,0,0,0,0,0,0,0,0,0,0,0,0,0,0,0,0,0,0,0,0,8,0,39.9885,-75.1368, , 
 ,15048,2016014009,6,67,67301,2016,1,5,1800,18,3,1,0,1,1, , ,N,0,0,0,3,0,3,6,5,N,N,39 57:24.686,75 11:52.637,2010, ,2005, ,0, , , ,0, , , , , ,160233, , , ,5,4,0,0,0,0,1,0,0,0,0,3,3,0,3,0,0,0,0,0,0,0,0,0,0,0,0,0,0,0,0,0,0,0,0,4,0,39.9569,-75.198, , 
 ,15049,2016014435,6,67,67301,2016,1,4,1956,19,3,1,0,1,1, , ,N,0,0,0,3,0,0,6,2,N,N,40 00:36.722,75 11:07.461,9999, ,1956,2,1,1,N, ,0,N, , , , ,160234, , , ,2,0,0,0,0,0,1,1,0,0,0,0,0,0,0,0,0,0,0,0,0,0,0,0,0,0,0,0,0,0,0,0,0,0,0,0,0,40.0102,-75.1854, , 
 ,15050,2016019746,6,67,67301,2016,1,7,1852,18,3,1,0,5,1, , ,N,1,2,0,3,0,4,4,2,N,N,40 01:39.836,75 06:35.867,1909, ,1855,1,2,1,N, ,3,N, , , , ,160240, , , ,2,1,0,0,0,0,1,0,0,0,4,0,4,0,0,0,0,0,0,1,0,0,0,0,0,0,0,0,0,0,0,0,0,0,0,3,0,40.0277,-75.11, , 
 ,15051,2016007853,6,67,67301,2016,1,1,209,2,3,6,1,7,2, , ,N,0,0,0,3,0,0,1,1,N,N,39 58:05.507,75 11:25.984,225, ,210,1,2,4, , ,0,N, , , , ,163508, , , ,1,1,0,0,0,0,0,0,0,0,0,0,0,0,0,0,0,0,0,0,0,0,0,0,0,0,0,0,0,0,0,0,0,0,0,0,0,39.9682,-75.1906, , 
 ,15052,2016016612,6,67,67301,2016,1,6,1530,15,1,1,0,8,1, , ,N,0,0,0,3,0,1,2,2,N, ,40 07:43.611,75 01:26.590,1540, ,1533, ,0, , , ,0, , , , , ,163516, , , ,1,0,0,0,0,0,0,1,0,0,0,1,1,0,0,0,0,0,0,0,1,0,0,0,0,0,0,0,0,0,0,0,1,0,0,4,0,40.1288,-75.0241, , 
 ,15053,2016026021,6,67,67301,2016,2,6,9999,99,1,1,0,7,4, , ,N,2,3,0,3,0,0,1,1,N, ,40 02:27.792,75 10:44.829,1650, ,1643, ,0, , , ,3, , , , , ,163528, , , ,1,1,0,0,0,0,0,0,0,0,0,0,0,0,0,0,0,0,0,0,0,0,0,1,0,0,0,0,0,0,0,0,0,0,0,0,0,40.0411,-75.1791, , 
 ,15054,2016031088,6,67,67301,2016,3,6,2051,20,3,1,0,7,4, , ,N,3,0,0,3,0,1,1,1,N,N,39 55:37.231,75 14:36.560,2109, ,2107,3,2,7,N, ,0,Y, , , , ,163538, , , ,1,1,0,0,0,0,0,0,0,0,0,0,1,1,0,0,0,0,0,0,0,0,0,0,0,0,0,0,0,0,0,0,0,0,0,8,0,39.927,-75.2435, , 
 ,15055,2016033837,6,67,67301,2016,3,3,1531,15,1,1,0,4,1, , ,N,1,2,0,3,0,1,2,2,N, ,39 56:17.761,75 10:12.111,1651, ,1634, ,0, , , ,3, , , , , ,163542, , , ,1,1,0,0,0,0,0,0,1,0,0,0,1,1,0,0,0,0,0,0,0,0,0,0,0,0,0,0,0,0,0,0,0,0,0,8,0,39.9383,-75.17, , 
 ,15056,2016013979,6,67,67301,2016,1,2,1352,13,1,1,0,4,1, , ,N,1,2,0,3,0,1,4,4,N,N,40 00:54.888,75 10:11.461,1359, ,1356, ,0, ,N, ,3, , , , , ,163554, , , ,4,2,0,0,2,0,0,0,0,0,0,0,1,1,0,0,0,0,0,0,0,1,0,0,0,0,0,0,0,0,0,0,0,0,0,8,0,40.0152,-75.1699, , 
 ,15057,2016022008,6,67,67301,2016,2,1,9999,99,3,1,0,6,1, , ,N,1,2,0,3,0,2,2,2,N, ,40 02:34.433,75 08:37.617,0, ,9999,2,1,1, , ,3,Y, , , , ,163559, , , ,2,1,0,0,0,1,0,0,0,0,0,1,2,1,0,0,0,0,0,0,1,0,0,1,0,0,0,0,0,0,0,0,0,0,0,4,1,40.0429,-75.1438, , 
 ,15058,2016029142,6,67,67301,2016,2,1,2109,21,3,1,0,8,1, , ,N,1,2,0,3,0,1,2,2,N,N,39 57:03.858,75 09:56.243,2115, ,2109,9,1,3,N, ,3,N, , , , ,163564, , , ,1,1,0,0,0,0,0,0,0,0,0,1,1,0,0,0,0,0,0,0,0,0,0,0,0,0,0,0,0,0,0,0,1,0,0,4,0,39.951,-75.1654, , 
 ,15059,2016045653,6,67,67301,2016,5,5,858,8,1,1,0,5,1, , ,N,1,2,0,3,0,1,4,3,N,N,39 58:59.612,75 09:24.961,925, ,925, ,0, ,N, ,3, , , , , ,163578, , , ,3,1,0,0,0,1,1,0,0,0,0,0,1,1,1,0,0,0,0,0,1,0,0,1,0,0,0,0,0,0,0,0,0,0,0,8,1,39.9832,-75.1568, , 
 ,15060,2016041127,6,67,67301,2016,4,7,2112,21,3,1,1,7,3, , ,N,0,0,0,3,0,0,2,1,N,N,40 00:37.227,75 12:25.505,2127, ,2114,1,1,1, , ,0,N, , , , ,163627, , , ,1,1,0,0,0,0,0,0,0,0,0,0,0,0,0,0,0,0,0,1,0,0,0,0,0,0,0,0,0,0,0,0,0,0,0,0,0,40.0103,-75.2071, , 
 ,15061,2016042032,6,67,67301,2016,4,1,1829,18,1,1,0,1,1, , ,N,0,0,2,3,0,2,6,3,N,N,39 57:19.839,75 08:53.305,1832, ,1829, ,0, ,N, ,0, , , , , ,163629, , , ,3,0,0,0,0,0,2,1,0,0,0,2,2,0,0,0,0,0,0,0,2,1,0,3,0,0,0,0,0,0,0,0,0,0,0,4,0,39.9555,-75.1481, , 
 ,15062,2016050032,6,67,67301,2016,4,4,1500,15,1,1,0,8,1, , ,N,1,2,0,3,0,1,2,2,N,N,39 56:58.617,75 09:14.100,1601, ,1600, ,0, ,N, ,3, , , , , ,163632, , , ,1,1,0,0,0,0,0,0,0,0,0,0,1,1,0,0,0,0,0,0,0,0,0,0,0,0,0,0,0,0,0,0,1,0,0,8,0,39.9496,-75.1539, , 
 ,15063,2016050808,6,67,67301,2016,4,5,1600,16,1,1,0,1,1, , ,N,1,2,0,3,0,4,5,2, , ,39 58:20.609,75 13:02.568,0, ,0, ,0, , , ,3, , , , , ,163633, , , ,2,0,0,0,0,0,1,0,0,0,2,1,4,1,0,0,0,0,0,0,0,1,0,0,0,0,0,0,0,0,0,0,0,0,0,3,0,39.9724,-75.2174, , 
 ,15064,2016062769,6,67,67301,2016,5,6,852,8,1,1,0,5,1, , ,N,0,0,0,3,0,0,2,2,N,N,39 58:48.133,75 06:21.750,857, ,856,1,1,2, , ,0,N, , , , ,163643, , , ,2,1,0,0,0,1,0,0,0,0,0,0,0,0,0,0,0,0,0,0,1,1,0,0,0,0,0,0,0,0,0,0,0,0,0,0,1,39.98,-75.106, , 
 ,15065,2016036478,6,67,67301,2016,3,2,430,4,3,2,1,5,6, , ,N,0,0,0,3,0,0,1,3,N, ,40 03:35.141,75 14:17.509,450, ,444, ,0, , , ,0, , , , , ,163675, , , ,3,2,0,0,0,0,1,0,0,0,0,0,0,0,0,0,0,0,0,0,0,0,0,0,0,0,0,0,0,0,0,0,0,0,0,0,0,40.0598,-75.2382, , 
 ,15066,2016040921,6,67,67301,2016,3,5,1505,15,1,1,0,4,1, , ,N,5,2,0,3,0,1,3,2,N, ,40 01:37.193,75 03:55.299,1530, ,1520, ,0, , , ,3, , , , , ,163679, , , ,2,2,0,0,0,0,0,0,0,0,0,0,1,1,0,0,0,0,0,0,1,0,0,1,0,0,0,0,0,0,0,0,0,0,0,8,0,40.027,-75.0651, , 
 ,15067,2016007856,6,67,67301,2016,1,1,1403,14,1,1,0,7,4, , ,N,6,0,2,3,0,1,1,1,N,N,39 55:30.581,75 11:35.978,1417, ,1405,2,1,4, , ,0,N, , , , ,163697, , , ,1,1,0,0,0,0,0,0,0,0,0,1,1,0,0,0,0,0,0,0,1,0,0,0,0,0,0,0,0,0,0,0,0,0,0,4,0,39.9252,-75.1933, , 
 ,15068,2016028359,6,67,67301,2016,2,5,540,5,3,1,0,1,1, , ,N,1,2,0,3,0,2,2,2,N,N,40 02:49.639,75 05:52.794,550, ,540, ,0, ,N, ,3, , , , , ,163708, , , ,2,1,0,0,0,0,1,0,0,0,0,0,2,2,0,0,0,0,0,0,0,0,0,0,0,0,0,0,0,0,0,0,0,0,0,8,0,40.0471,-75.098, , 
 ,15069,2016030991,6,67,67301,2016,3,3,828,8,1,1,0,5,1, , ,N,0,0,0,3,0,0,2,2,N,N,40 01:26.105,75 07:59.347,835, ,833,2,1,4,N, ,0,N, , , , ,167382, , , ,2,1,0,0,0,0,1,0,0,0,0,0,0,0,0,0,0,0,0,0,0,1,0,0,0,0,0,0,0,0,0,0,0,0,0,0,0,40.0239,-75.1332, , 
 ,15070,2016033836,6,67,67301,2016,3,7,1933,19,3,1,0,1,1, , ,N,0,0,0,3,0,0,2,2,N, ,39 53:54.772,75 11:35.754,1940, ,1936,1,1,2, , ,0,N, , , , ,167384, , , ,2,2,0,0,0,0,0,0,0,0,0,0,0,0,0,0,0,0,0,0,0,0,0,1,0,0,0,0,0,0,0,0,0,0,0,0,0,39.8985,-75.1933, , 
 ,15071,2016038175,6,67,67301,2016,3,5,1320,13,1,1,0,1,1, , ,N,1,2,0,3,0,1,2,2,N, ,40 08:03.425,75 00:32.780,1700, ,1650, ,0, , , ,3, , , , , ,167390, , , ,2,1,0,0,0,0,1,0,0,0,1,0,1,0,0,0,0,0,0,0,0,0,0,0,0,0,0,0,0,0,0,0,0,0,0,3,0,40.1343,-75.0091, , 
 ,15072,2016022036,6,67,67301,2016,1,1,9999,99,1,1,0,4,1, , ,N,1,3,0,3,0,0,2,3,N, ,40 02:28.975,75 04:14.213,0, ,9999,1,1,3, , ,3,N, , , , ,167424, , , ,3,1,0,0,1,0,1,0,0,0,0,0,0,0,0,0,0,0,0,1,1,0,0,0,0,0,0,0,0,0,0,0,0,0,0,0,0,40.0414,-75.0706, , 
 ,15073,2016026056,6,67,67301,2016,2,6,1939,19,6,4,1,1,6, , ,N,0,0,0,3,0,0,2,4,N,N,39 58:51.808,75 08:13.207,1945, ,1939, ,0, ,N, ,0, , , , , ,167426, , , ,4,3,0,0,1,0,0,0,0,0,0,0,0,0,2,0,0,0,0,0,1,0,0,0,0,0,0,0,0,0,0,0,0,0,0,9,0,39.9811,-75.137, , 
 ,15074,2016027577,6,67,67301,2016,2,4,958,9,1,2,1,4,1, , ,N,1,2,0,3,0,1,2,2,N,N,40 00:46.713,75 07:09.797,1001, ,1000, ,0, ,N, ,3, , , , , ,167428, , , ,1,0,0,0,0,1,0,0,1,0,0,1,1,0,0,0,0,0,0,0,1,0,0,0,0,0,0,0,0,0,0,0,0,0,0,4,1,40.013,-75.1194, , 
 ,15075,2016033861,6,67,67301,2016,3,3,2226,22,3,1,1,4,1, , ,N,1,3,0,3,0,1,2,2,N,N,40 00:39.628,75 08:25.627,2303, ,2258,2,2,1,N, ,3,Y, , , , ,167434, , , ,2,2,0,0,0,0,0,0,0,0,0,1,1,0,0,0,0,0,0,0,0,0,0,0,0,0,0,0,0,0,0,0,0,0,0,4,0,40.011,-75.1405, , 
 ,15076,2016039701,6,67,67301,2016,2,1,145,1,3,1,0,7,4, , ,N,0,0,0,3,0,7,7,1,N,N,40 01:14.037,75 09:23.459,155, ,145,4,2,1,Y, ,0,Y, , , , ,167439, , , ,1,0,0,0,0,0,1,0,0,3,4,0,7,0,0,0,0,0,0,0,0,0,0,0,0,0,0,0,0,0,0,0,0,0,0,2,0,40.0206,-75.1565, , 
 ,15077,2016036544,6,67,67301,2016,3,4,1746,17,1,1,0,8,1, , ,N,0,0,0,3,0,1,2,2,N, ,39 59:57.643,75 07:21.509,1805, ,1754, ,0, , , ,0, , , , , ,167486, , , ,1,0,0,0,0,0,1,0,0,0,1,0,1,0,0,0,0,0,0,0,0,1,0,1,0,0,0,0,0,0,0,0,1,0,0,3,0,39.9993,-75.1226, , 
 ,15078,2016039824,6,67,67301,2016,4,7,1049,10,1,2,1,7,4, , ,N,0,0,0,3,0,0,1,1,N,N,39 57:35.547,75 10:40.102,1104, ,1059, ,0, , , ,0, , , , , ,167488, , , ,1,0,0,0,0,0,1,0,0,0,0,0,0,0,0,0,0,0,0,0,0,0,0,0,0,0,0,0,0,0,0,0,0,0,0,0,0,39.9599,-75.1778, , 
 ,15079,2016040901,6,67,67301,2016,4,1,2245,22,3,1,0,2,1, , ,N,0,0,0,3,0,0,3,3,N,N,39 59:42.689,75 06:21.486,2315, ,2245,1,2,5,N, ,0,Y, , , , ,167489, , , ,3,3,0,0,0,0,0,0,0,0,0,0,0,0,0,0,0,0,0,0,0,0,0,2,0,0,0,0,0,0,0,0,0,0,0,0,0,39.9952,-75.106, , 
 ,15080,2016052295,6,67,67301,2016,4,3,1715,17,1,1,0,8,1, , ,N,2,0,0,3,0,1,2,2,N,N,39 57:03.902,75 13:54.883,1720, ,1716, ,0, ,N, ,0, , , , , ,167498, , , ,1,0,0,0,0,0,0,1,0,0,1,0,1,0,0,0,0,0,0,0,1,0,0,1,0,0,0,0,0,0,0,0,1,0,0,3,0,39.9511,-75.2319, , 
 ,15081,2016062632,6,67,67301,2016,5,3,815,8,1,1,0,4,1, , ,N,1,2,7,3,0,1,2,2,N,N,39 57:56.904,75 14:46.137,1125, ,1118, ,0, ,N, ,3, , , , , ,167506, , , ,2,1,0,0,0,0,1,0,0,0,0,0,1,1,0,0,0,0,0,0,0,1,0,0,0,0,0,0,0,0,0,0,0,0,0,8,0,39.9658,-75.2461, , 
 ,15082,2016010492,6,67,67301,2016,1,1,1408,14,1,4,1,7,4, , ,N,0,0,0,3,0,0,1,1,N,N,39 57:36.042,75 10:47.400,1408, ,1408,1,1,3, , ,0,N, , , , ,167507, , , ,1,1,0,0,0,0,0,0,0,0,0,0,0,0,0,0,0,0,1,0,0,0,0,0,0,0,0,0,0,0,0,0,0,0,0,0,0,39.96,-75.1798, , 