wz_ln_closure,objectid_1,crn,district,county,municipality,crash_year,crash_month,day_of_week,time_of_day,hour_of_day,illumination,weather,road_condition,collision_type,relation_to_road,work_zone_type,work_zone_loc,work_zone_ind,intersect_type,tcd_type,location_type,urban_rural,fatal_count,injury_count,person_count,total_units,sch_bus_ind,sch_zone_ind,latitude,longitude,arrival_tm,cons_zone_spd_lim,dispatch_tm,est_hrs_closed,lane_closed,ln_close_dir,ntfy_hiwy_maint,spec_juris_cd,tcd_func_cd,tfc_detour_ind,workers_pres,wz_close_detour,wz_flagger,wz_law_offcr_ind,objectid,wz_moving,wz_other,wz_shlder_mdn,vehicle_count,automobile_count,motorcycle_count,bus_count,small_truck_count,heavy_truck_count,suv_count,van_count,bicycle_count,maj_inj_count,mod_inj_count,min_inj_count,tot_inj_count,unk_inj_deg_count,unk_inj_per_count,driver_count_16yr,driver_count_17yr,driver_count_18yr,driver_count_19yr,driver_count_20yr,driver_count_50_64yr,driver_count_65_74yr,driver_count_75plus,unbelted_occ_count,unb_death_count,unb_maj_inj_count,belted_death_count,belted_maj_inj_count,mcycle_death_count,mcycle_maj_inj_count,bicycle_death_count,bicycle_maj_inj_count,ped_count,ped_death_count,ped_maj_inj_count,max_severity_level,comm_veh_count,dec_lat,dec_long,rdwy_surf_type_cd,county_name
 ,15083,2016019900,6,67,67301,2016,2,7,250,2,3,8,6,6,6, , ,N,0,0,0,3,0,1,1,2,N,N,40 03:40.323,75 11:23.785,300, ,256, ,0, ,N, ,0, , , , , ,167521, , , ,2,1,0,0,1,0,0,0,0,0,0,1,1,0,0,0,0,0,0,0,0,0,0,1,0,0,0,0,0,0,0,0,0,0,0,4,0,40.0612,-75.1899, , 
 ,15084,2016022043,6,67,67301,2016,1,6,2345,23,3,1,0,1,1, , ,N,0,2,0,3,0,2,6,2,N, ,40 02:54.408,75 00:46.079,2346, ,2346,3,2,2, , ,3,N, , , , ,167522, , , ,2,0,0,0,0,0,2,0,0,0,0,2,2,0,2,0,0,0,0,0,1,0,0,4,0,0,0,0,0,0,0,0,0,0,0,4,0,40.0484,-75.0128, , 
 ,15085,2016025188,6,67,67301,2016,3,6,1641,16,1,1,0,1,1, , ,N,0,0,0,3,0,0,3,2,N,N,40 00:36.221,75 11:10.497,1648, ,1642,1,1,2,N, ,0,N, , , , ,167528, , , ,2,2,0,0,0,0,0,0,0,0,0,0,0,0,0,0,0,0,1,0,0,0,0,0,0,0,0,0,0,0,0,0,0,0,0,0,0,40.0101,-75.1862, , 
 ,15086,2016029806,6,67,67301,2016,3,7,1215,12,1,1,0,8,1, , ,N,1,3,0,3,0,1,2,2,N,N,39 59:46.723,75 08:10.895,1223, ,1220, ,0, ,N, ,3, , , , , ,167532, , , ,1,0,0,0,1,0,0,0,0,0,0,0,1,1,0,0,0,0,0,0,1,0,0,0,0,0,0,0,0,0,0,0,1,0,0,8,0,39.9963,-75.1364, , 
 ,15087,2016054180,6,67,67301,2016,5,3,1355,13,1,1,0,4,1, , ,N,2,3,0,3,0,0,3,2,N, ,39 59:35.462,75 06:24.911,1405, ,1400, ,0, , , ,3, , , , , ,157167, , , ,2,1,0,0,1,0,0,0,0,0,0,0,0,0,0,0,0,0,0,0,1,0,0,0,0,0,0,0,0,0,0,0,0,0,0,0,0,39.9932,-75.1069, , 
 ,15088,2016054234,6,67,67301,2016,5,6,1457,14,1,2,1,1,1, , ,N,0,0,0,3,0,0,2,2,N,N,40 02:30.411,75 00:15.495,1532, ,1507, ,0, , , ,0, , , , , ,157168, , , ,2,1,0,0,0,0,1,0,0,0,0,0,0,0,0,0,0,0,0,2,0,0,0,0,0,0,0,0,0,0,0,0,0,0,0,0,0,40.0418,-75.0043, , 
 ,15089,2016056008,6,67,67301,2016,5,4,1246,12,1,1,0,8,1, , ,N,1,2,0,3,0,1,2,2,N, ,39 56:40.783,75 09:54.813,1340, ,1337, ,0, , , ,3, , , , , ,157170, , , ,1,0,0,0,0,0,0,1,0,0,0,1,1,0,0,0,0,0,0,0,1,0,0,1,0,0,0,0,0,0,0,0,1,0,0,4,0,39.9447,-75.1652, , 
 ,15090,2016067498,6,67,67301,2016,6,3,1651,16,1,1,0,1,1, , ,N,0,0,0,3,0,1,4,2,N,N,39 59:58.643,75 11:42.417,1707, ,1653, ,0, , , ,0, , , , , ,157180, , , ,2,1,0,0,0,0,1,0,0,0,1,0,1,0,0,0,0,0,0,0,0,0,0,1,0,0,0,0,0,0,0,0,0,0,0,3,0,39.9996,-75.1951, , 
 ,15091,2016013876,6,67,67301,2016,1,7,2118,21,3,1,0,1,1, , ,N,0,0,0,3,0,2,3,2,N,N,40 00:11.291,75 09:53.437,2125, ,2118, ,0, , , ,0, , , , , ,157197, , , ,2,2,0,0,0,0,0,0,0,0,0,0,2,2,0,0,0,0,0,0,0,0,0,0,0,0,0,0,0,0,0,0,0,0,0,8,0,40.0031,-75.1648, , 
 ,15092,2016029812,6,67,67301,2016,2,1,235,2,3,1,0,7,5, , ,N,1,2,0,3,0,1,2,1,N, ,40 02:29.338,75 05:16.364,244, ,238, ,0, , , ,3, , , , , ,157208, , , ,1,1,0,0,0,0,0,0,0,0,0,0,1,1,0,0,0,0,0,0,0,0,0,0,0,0,0,0,0,0,0,0,0,0,0,8,0,40.0415,-75.0879, , 
 ,15093,2016033766,6,67,67301,2016,3,2,1730,17,1,2,1,7,4, , ,N,1,2,2,3,0,1,2,1,N,N,39 53:32.915,75 13:21.046,1740, ,1739, ,0, ,N, ,3, , , , , ,157216, , , ,1,0,0,0,0,0,1,0,0,0,0,1,1,0,0,0,0,0,0,0,0,0,0,0,0,0,0,0,0,0,0,0,0,0,0,4,0,39.8925,-75.2225, , 
 ,15094,2016036458,6,67,67301,2016,3,1,1810,18,4,2,1,4,1, , ,N,1,2,0,3,0,1,3,2,N,N,40 02:46.885,75 09:02.527,1825, ,1820, ,0, ,N, ,3, , , , , ,157220, , , ,2,2,0,0,0,0,0,0,0,0,0,0,1,1,0,0,0,0,0,0,0,0,0,2,0,0,0,0,0,0,0,0,0,0,0,8,0,40.0464,-75.1507, , 
 ,15095,2016040973,6,67,67301,2016,4,1,1145,11,1,1,0,4,1, , ,N,1,3,0,3,0,0,3,2,N, ,40 01:23.408,75 08:59.585,1300, ,1250,2,1,1, , ,3,Y, , , , ,157224, , , ,2,1,0,0,0,0,1,0,0,0,0,0,0,0,0,0,0,0,0,0,0,0,0,0,0,0,0,0,0,0,0,0,0,0,0,0,0,40.0232,-75.1499, , 
 ,15096,2016048543,6,67,67301,2016,4,6,1025,10,1,1,0,1,1, , ,N,0,0,0,3,0,1,3,3,N,N,39 55:22.365,75 11:16.080,1035, ,1030,1,1,4, , ,0,N, , , , ,157231, , , ,3,1,0,0,1,0,1,0,0,0,0,1,1,0,0,0,0,0,0,0,1,0,0,0,0,0,0,0,0,0,0,0,0,0,0,4,0,39.9229,-75.1878, , 
 ,15097,2016019767,6,67,67301,2016,1,3,1820,18,3,1,0,8,1, , ,N,1,2,0,3,0,1,5,2,N,N,39 57:03.394,75 14:35.134,1820, ,1820,1,1,5,N, ,3,Y, , , , ,157247, , , ,1,0,0,0,0,0,1,0,0,0,0,0,1,1,0,0,0,0,0,0,0,0,0,0,0,0,0,0,0,0,0,0,1,0,0,8,0,39.9509,-75.2431, , 
 ,15098,2016040961,6,67,67301,2016,3,2,1126,11,1,1,0,4,1, , ,N,1,3,0,3,0,0,2,2,N,N,39 57:41.137,75 14:34.569,1136, ,1126, ,0, ,N, ,3, , , , , ,157267, , , ,2,2,0,0,0,0,0,0,0,0,0,0,0,0,0,0,0,0,0,0,1,0,0,2,0,0,0,0,0,0,0,0,0,0,0,0,0,39.9614,-75.2429, , 
 ,15099,2016052358,6,67,67301,2016,5,3,9999,99,1,2,1,4,1, , ,N,1,2,0,3,0,1,2,2,N,N,39 58:43.042,75 12:49.474,1200, ,1115, ,0, ,N, ,3, , , , , ,157277, , , ,2,1,0,0,0,0,0,1,0,0,0,0,1,1,1,0,0,0,0,0,0,1,0,0,0,0,0,0,0,0,0,0,0,0,0,8,0,39.9786,-75.2136, , 
 ,15100,2016062528,6,67,67301,2016,5,6,837,8,1,1,0,4,1, , ,N,1,2,0,3,0,0,3,3,N,N,39 59:11.018,75 10:10.592,845, ,837, ,0, ,N, ,3, , , , , ,157282, , , ,3,2,0,0,0,0,1,0,0,0,0,0,0,0,0,0,0,0,0,0,0,0,0,0,0,0,0,0,0,0,0,0,0,0,0,0,0,39.9864,-75.1696, , 
 ,15101,2016033174,6,67,67301,2016,3,4,1550,15,1,1,0,1,1, , ,N,0,0,0,3,0,0,3,2,N,N,39 56:47.425,75 11:19.331,1600, ,1554,1,2,4, , ,0,N, , , , ,157317, , , ,2,2,0,0,0,0,0,0,0,0,0,0,0,0,0,0,0,0,0,0,0,1,0,0,0,0,0,0,0,0,0,0,0,0,0,0,0,39.9465,-75.1887, , 
 ,15102,2016036393,6,67,67301,2016,3,7,1519,15,1,1,0,4,5, , ,N,0,0,7,3,0,1,1,2,N, ,40 02:16.913,75 10:20.907,1525, ,1525, ,0, , , ,0, , , , , ,157320, , , ,2,1,0,0,0,0,0,1,0,0,0,1,1,0,0,0,0,0,0,0,0,0,0,0,0,0,0,0,0,0,0,0,0,0,0,4,0,40.038,-75.1725, , 
 ,15103,2016036396,6,67,67301,2016,3,2,1523,15,1,1,0,8,1, , ,N,0,0,0,3,0,1,2,2,N,N,39 57:50.150,75 12:08.773,1636, ,1636, ,0, , , ,0, , , , , ,157356, , , ,1,1,0,0,0,0,0,0,0,0,0,1,1,0,1,0,0,0,0,0,0,0,0,0,0,0,0,0,0,0,0,0,1,0,0,4,0,39.9639,-75.2024, , 
 ,15104,2016036412,6,67,67301,2016,3,5,1657,16,1,1,0,4,1, , ,N,1,2,0,3,0,0,3,3,N, ,40 03:44.969,74 59:13.463,1710, ,1700, ,0, , , ,3, , , , , ,157357, , , ,3,2,0,0,1,0,0,0,0,0,0,0,0,0,0,0,0,0,1,0,0,0,0,1,0,0,0,0,0,0,0,0,0,0,0,0,0,40.0625,-74.987, , 
 ,15105,2016023571,6,67,67301,2016,2,1,912,9,1,1,0,5,1, , ,N,0,0,0,3,0,2,3,2,N,N,39 57:03.285,75 08:27.829,919, ,913,2,2,1, , ,0,N, , , , ,160244, , , ,2,1,0,0,0,0,1,0,0,1,1,0,2,0,0,0,0,1,0,0,0,0,0,0,0,0,0,1,0,0,0,0,0,0,0,2,0,39.9509,-75.1411, , 
 ,15106,2016036511,6,67,67301,2016,3,4,1546,15,1,1,0,7,5, , ,N,0,0,0,3,0,1,1,1,N,N,39 55:37.246,75 13:46.354,1627, ,1627, ,0, ,N, ,0, , , , , ,160252, , , ,1,1,0,0,0,0,0,0,0,1,0,0,1,0,0,0,0,0,0,0,0,1,0,0,0,0,0,0,0,0,0,0,0,0,0,2,0,39.927,-75.2295, , 
 ,15107,2016040992,6,67,67301,2016,4,6,1304,13,1,1,0,4,1, , ,N,1,2,0,3,0,1,2,2,N, ,40 05:37.913,74 58:46.896,1322, ,1318,2,1,1, , ,3,Y, , , , ,160257, , , ,2,0,0,0,0,0,2,0,0,0,0,0,1,1,0,0,0,0,0,0,0,0,0,0,0,0,0,0,0,0,0,0,0,0,0,8,0,40.0939,-74.9797, , 
 ,15108,2016041032,6,67,67301,2016,4,5,738,7,1,1,0,4,1, , ,N,1,2,0,3,0,3,3,2,N, ,40 02:13.966,75 03:10.861,740, ,740,2,1,4, , ,3,N, , , , ,160258, , , ,2,2,0,0,0,0,0,0,0,0,0,0,3,3,0,0,1,0,0,0,0,0,0,0,0,0,0,0,0,0,0,0,0,0,0,8,0,40.0372,-75.053, , 
 ,15109,2016013292,6,67,67301,2016,1,4,1534,15,1,1,0,4,1, , ,N,1,2,0,3,0,0,2,2,N,N,40 05:58.224,74 59:10.989,1545, ,1537,1,1,2, , ,3,N, , , , ,160278, , , ,2,2,0,0,0,0,0,0,0,0,0,0,0,0,0,0,0,0,0,0,2,0,0,0,0,0,0,0,0,0,0,0,0,0,0,0,0,40.0995,-74.9864, , 
 ,15110,2016022001,6,67,67301,2016,2,7,1216,12,1,1,0,5,1, , ,N,0,0,0,3,0,1,2,2,N,N,40 02:06.997,75 04:05.573,1227, ,1218,1,1,1, , ,0,N, , , , ,160289, , , ,2,2,0,0,0,0,0,0,0,0,0,1,1,0,0,0,0,0,0,0,0,0,0,0,0,0,0,0,0,0,0,0,0,0,0,4,0,40.0353,-75.0682, , 
 ,15111,2016028690,6,67,67301,2016,1,7,1544,15,1,1,0,1,1, , ,N,0,0,0,3,0,1,6,4,N,N,40 01:22.447,75 02:08.361,1628, ,1555,1,1,1, , ,0,N, , , , ,160296, , , ,4,3,0,0,0,0,1,0,0,0,1,0,1,0,2,0,0,0,0,0,0,1,0,0,0,0,0,0,0,0,0,0,0,0,0,3,0,40.0229,-75.0357, , 
 ,15112,2016041036,6,67,67301,2016,4,1,1545,15,1,1,0,8,1, , ,N,0,0,0,3,0,1,2,2,N,N,40 01:43.238,75 08:36.568,1625, ,1619, ,0, , , ,0, , , , , ,160305, , , ,1,1,0,0,0,0,0,0,0,0,1,0,1,0,1,0,0,0,0,0,0,0,0,0,0,0,0,0,0,0,0,0,1,0,0,3,0,40.0287,-75.1435, , 
 ,15113,2016021721,6,46,46102,2016,2,3,1848,18,3,2,1,1,1, , ,N,5,2,0,3,0,0,2,2,N, ,40 04:26.865,75 09:30.131,1858, ,1848, ,0, , , ,3, , , , , ,160340, , , ,2,2,0,0,0,0,0,0,0,0,0,0,0,0,0,0,0,0,0,0,0,0,0,0,0,0,0,0,0,0,0,0,0,0,0,0,0,40.0741,-75.1584, , 
 ,15114,2016028345,6,67,67301,2016,2,4,812,8,1,1,0,4,1, , ,N,1,3,0,3,0,0,3,2,N, ,39 58:49.263,75 08:30.523,823, ,817, ,0, , , ,3, , , , , ,160346, , , ,2,1,0,0,0,0,0,1,0,0,0,0,0,0,1,0,0,0,0,0,0,0,0,0,0,0,0,0,0,0,0,0,0,0,0,9,0,39.9804,-75.1418, , 
 ,15115,2016028838,6,67,67301,2016,3,1,1615,16,1,1,0,1,1, , ,N,0,0,0,3,0,0,5,2,N,N,39 58:07.107,75 07:41.586,1630, ,1615,2,1,1, , ,0,N, , , , ,160347, , , ,2,0,0,0,1,0,1,0,0,0,0,0,0,0,0,0,0,0,0,0,0,0,0,0,0,0,0,0,0,0,0,0,0,0,0,0,0,39.9686,-75.1282, , 
 ,15116,2016036459,6,67,67301,2016,3,2,630,6,1,1,0,4,1, , ,N,1,2,0,3,0,2,2,2,N,N,40 01:37.801,75 09:04.478,837, ,837, ,0, , , ,3, , , , , ,160352, , , ,2,2,0,0,0,0,0,0,0,0,0,2,2,0,0,0,0,0,0,0,0,0,0,0,0,0,0,0,0,0,0,0,0,0,0,4,0,40.0272,-75.1512, , 
 ,15117,2016040889,6,67,67301,2016,4,6,1604,16,1,1,0,4,1, , ,N,1,2,0,3,0,0,3,2,N,N,39 59:33.432,75 10:05.681,1638, ,1634, ,0, , , ,3, , , , , ,160357, , , ,2,1,0,0,0,0,1,0,0,0,0,0,0,0,3,0,0,0,0,0,0,0,0,0,0,0,0,0,0,0,0,0,0,0,0,9,0,39.9926,-75.1682, , 
 ,15118,2016048628,6,67,67301,2016,4,4,812,8,1,1,0,4,1, , ,N,5,2,2,3,0,0,4,2,N, ,39 58:19.726,75 07:29.308,817, ,814, ,0, , , ,3, , , , , ,160363, , , ,2,2,0,0,0,0,0,0,0,0,0,0,0,0,0,0,0,0,0,0,0,0,0,0,0,0,0,0,0,0,0,0,0,0,0,0,0,39.9721,-75.1248, , 
 ,15119,2016009832,6,67,67301,2016,1,5,1641,16,1,1,0,5,1, , ,N,0,8,3,3,0,0,5,3,N,N,39 54:51.781,75 11:20.261,1641, ,1641,2,1,3,N, ,3,N, , , , ,160376, , , ,3,1,0,0,0,0,1,1,0,0,0,0,0,0,0,0,0,0,0,0,1,0,0,0,0,0,0,0,0,0,0,0,0,0,0,0,0,39.9144,-75.189, , 
 ,15120,2016014566,6,67,67301,2016,2,5,423,4,3,2,1,5,1, , ,N,0,0,0,3,0,0,3,2,N,N,39 57:04.238,75 08:27.699,438, ,425, ,0, , , ,0, , , , , ,160378, , , ,2,0,0,0,0,0,2,0,0,0,0,0,0,0,0,0,0,1,0,0,0,0,0,0,0,0,0,0,0,0,0,0,0,0,0,0,0,39.9512,-75.141, , 
 ,15121,2016046999,6,67,67301,2016,4,2,52,0,3,1,0,7,4, , ,N,2,2,0,3,0,1,1,1,N,N,39 57:40.266,75 14:49.451,115, ,110, ,0, ,N, ,3, , , , , ,160405, , , ,1,1,0,0,0,0,0,0,0,0,0,0,1,1,0,0,0,0,0,0,0,0,0,0,0,0,0,0,0,0,0,0,0,0,0,8,0,39.9612,-75.2471, , 
 ,15122,2016048660,6,67,67301,2016,4,3,900,9,1,1,0,4,6, , ,N,0,0,0,3,0,0,1,2,N,N,39 55:32.691,75 13:53.477,1203, ,1202, ,0, ,N, ,0, , , , , ,160407, , , ,2,0,0,0,0,0,1,0,0,0,0,0,0,0,0,0,0,0,0,0,0,0,0,0,0,0,0,0,0,0,0,0,0,0,0,0,0,39.9257,-75.2315, , 
 ,15123,2016013957,6,67,67301,2016,1,5,1511,15,1,1,0,4,1, , ,N,0,0,0,3,0,4,16,3,N,N,40 02:29.754,75 03:25.069,1520, ,1514,3,2,1,N, ,0,Y, , , , ,160426, , , ,3,2,0,1,0,0,0,0,0,0,0,4,4,0,0,1,1,0,0,0,0,0,0,0,0,0,0,0,0,0,0,0,0,0,0,4,1,40.0416,-75.057, , 
 ,15124,2016030711,6,67,67301,2016,3,1,339,3,3,1,0,1,1, , ,N,7,0,2,3,0,2,2,2,N,N,40 05:19.421,74 58:24.384,344, ,339,1,1,4,N, ,0,Y, , , , ,163710, , , ,2,1,0,0,1,0,0,0,0,0,0,0,2,2,0,0,0,0,0,0,1,0,0,0,0,0,0,0,0,0,0,0,0,0,0,8,0,40.0887,-74.9734, , 
 ,15125,2016052846,6,67,67301,2016,4,5,1655,16,1,2,1,4,1, , ,N,1,2,0,3,0,1,2,2,N,N,39 57:44.941,75 12:24.826,1701, ,1700, ,0, ,N, ,3, , , , , ,163731, , , ,2,1,0,0,0,0,1,0,0,0,0,0,1,1,0,0,0,0,0,0,0,0,0,1,0,0,0,0,0,0,0,0,0,0,0,8,0,39.9625,-75.2067, , 
 ,15126,2016057278,6,67,67301,2016,5,2,615,6,1,1,0,4,1, , ,N,1,2,0,3,0,2,3,2,N, ,40 02:01.052,75 02:48.431,624, ,619, ,0, , , ,3, , , , , ,163736, , , ,2,2,0,0,0,0,0,0,0,0,0,2,2,0,1,0,0,0,0,0,0,0,0,0,0,0,0,0,0,0,0,0,0,0,0,4,0,40.0336,-75.0468, , 
 ,15127,2016020302,6,67,67301,2016,1,5,1735,17,3,1,0,4,1, , ,N,1,2,0,3,0,1,3,2,N,N,40 01:39.133,75 03:44.544,1750, ,1745,2,2,7,N, ,3,N, , , , ,163752, , , ,2,2,0,0,0,0,0,0,0,0,0,1,1,0,0,0,0,0,0,0,0,0,0,0,0,0,0,0,0,0,0,0,0,0,0,4,0,40.0275,-75.0624, , 
 ,15128,2016029899,6,67,67301,2016,2,6,1124,11,1,1,0,4,1, , ,N,5,2,2,3,0,1,2,2,N,N,39 57:26.357,75 08:38.887,1130, ,1125, ,0, ,N, ,3, , , , , ,163763, , , ,2,1,0,0,1,0,0,0,0,0,0,1,1,0,0,0,0,0,0,0,0,2,0,0,0,0,0,0,0,0,0,0,0,0,0,4,0,39.9573,-75.1441, , 
 ,15129,2016031089,6,67,67301,2016,3,4,1425,14,1,1,0,1,1, , ,N,0,0,0,3,0,1,4,2,N,N,40 01:40.886,75 01:39.551,1445, ,1431, ,0, ,N, ,0, , , , , ,163765, , , ,2,2,0,0,0,0,0,0,0,0,0,1,1,0,0,0,0,0,0,0,0,0,0,0,0,0,0,0,0,0,0,0,0,0,0,4,0,40.028,-75.0277, , 
 ,15130,2016033855,6,67,67301,2016,3,3,1620,16,1,2,1,8,1, , ,N,1,2,0,3,0,1,2,2,N,N,39 59:36.361,75 05:49.315,1633, ,1623, ,0, ,N, ,3, , , , , ,163769, , , ,1,1,0,0,0,0,0,0,0,0,0,0,1,1,0,0,0,0,0,0,0,1,0,0,0,0,0,0,0,0,0,0,1,0,0,8,0,39.9934,-75.097, , 
 ,15131,2016036461,6,67,67301,2016,3,7,1814,18,1,1,0,5,6, , ,N,0,0,0,3,0,1,1,2,N,N,40 00:12.060,75 08:32.087,1818, ,1816, ,0, , , ,0, , , , , ,163772, , , ,2,1,0,0,0,0,1,0,0,0,0,1,1,0,0,0,0,0,0,0,0,0,0,0,0,0,0,0,0,0,0,0,0,0,0,4,0,40.0034,-75.1422, , 
 ,15132,2016039665,6,67,67301,2016,3,4,1700,17,1,1,0,4,1, , ,N,0,3,7,3,0,0,2,2,N,N,40 03:19.962,74 59:05.851,1730, ,1714,3,2,4,N, ,3,Y, , , , ,163776, , , ,2,2,0,0,0,0,0,0,0,0,0,0,0,0,0,0,0,0,1,0,0,0,0,0,0,0,0,0,0,0,0,0,0,0,0,0,0,40.0555,-74.985, , 
 ,15133,2016048699,6,67,67301,2016,4,2,2200,22,3,1,0,4,1, , ,N,2,2,0,3,0,0,3,2,N,N,39 55:47.706,75 08:39.988,2348, ,2345, ,0, ,N, ,3, , , , , ,163783, , , ,2,1,0,0,0,0,0,1,0,0,0,0,0,0,0,0,0,0,0,0,0,0,0,0,0,0,0,0,0,0,0,0,0,0,0,0,0,39.9298,-75.1442, , 
 ,15134,2016053770,6,67,67301,2016,5,5,145,1,3,1,0,5,1, , ,N,0,0,3,3,0,0,5,2,N, ,39 57:50.125,75 11:05.197,156, ,147, ,0, , , ,0, , , , , ,163788, , , ,2,2,0,0,0,0,0,0,0,0,0,0,0,0,0,0,0,0,0,0,0,0,0,1,0,0,0,0,0,0,0,0,0,0,0,0,0,39.9639,-75.1848, , 
 ,15135,2016056039,6,67,67301,2016,5,3,1920,19,1,1,1,4,1, , ,N,1,2,0,3,0,0,2,2,N,N,39 57:20.839,75 13:32.687,1940, ,1930, ,0, ,N, ,3, , , , , ,163790, , , ,2,1,0,0,0,0,1,0,0,0,0,0,0,0,0,0,0,0,0,0,1,0,0,0,0,0,0,0,0,0,0,0,0,0,0,0,0,39.9558,-75.2257, , 
 ,15136,2016010946,6,67,67301,2016,1,1,210,2,3,2,1,7,2, , ,N,0,0,0,3,0,2,4,1,N,N,39 56:47.523,75 08:32.625,225, ,212,2,2,2, , ,0,Y, , , , ,163799, , , ,1,1,0,0,0,0,0,0,0,1,0,0,2,1,0,0,0,0,0,0,0,0,0,0,0,0,0,1,0,0,0,0,0,0,0,2,0,39.9465,-75.1424, , 
 ,15137,2016019366,6,67,67301,2016,2,2,1223,12,1,4,5,6,1, , ,N,0,0,0,3,0,0,3,2,N,N,40 00:11.341,75 04:38.930,1243, ,1230, ,0, , , ,0, , , , , ,163806, , , ,2,0,0,0,1,0,1,0,0,0,0,0,0,0,0,0,0,0,0,0,1,0,0,0,0,0,0,0,0,0,0,0,0,0,0,0,0,40.0032,-75.0775, , 
 ,15138,2016029758,6,67,67301,2016,3,6,9999,99,1,1,0,8,1, , ,N,5,2,0,3,0,2,3,3,N,N,39 57:49.841,75 13:12.286,1705, ,1700, ,0, ,N, ,3, , , , , ,163863, , , ,1,0,0,0,0,0,1,0,0,0,0,0,2,2,0,0,0,0,0,0,1,0,0,0,0,0,0,0,0,0,0,0,2,0,0,8,0,39.9637,-75.2196, , 
 ,15139,2016008645,6,67,67301,2016,1,1,1355,13,1,1,0,4,1, , ,N,1,2,0,3,0,1,2,2,N,N,40 08:03.425,75 00:32.780,1415, ,1413,2,2,2, , ,3,Y, , , , ,163891, , , ,2,1,0,0,0,0,1,0,0,0,1,0,1,0,0,0,0,0,0,0,0,0,0,0,0,0,0,0,0,0,0,0,0,0,0,3,0,40.1343,-75.0091, , 
 ,15140,2016016850,6,67,67301,2016,1,5,1200,12,1,1,0,1,1, , ,N,0,0,0,3,0,1,3,2,N,N,39 59:17.835,75 12:26.064,1215, ,1206, ,0, , , ,0, , , , , ,163895, , , ,2,2,0,0,0,0,0,0,0,0,0,0,1,1,0,0,0,0,0,0,0,0,0,0,0,0,0,0,0,0,0,0,0,0,0,8,0,39.9883,-75.2072, , 
 ,15141,2016019824,6,67,67301,2016,1,6,816,8,1,1,0,8,1, , ,N,0,0,0,3,0,1,2,2,N,N,40 01:58.352,75 05:28.105,820, ,818, ,0, , , ,0, , , , , ,163902, , , ,1,1,0,0,0,0,0,0,0,0,0,1,1,0,0,0,0,0,0,0,0,0,0,1,0,0,0,0,0,0,0,0,1,0,0,4,0,40.0329,-75.0911, , 
 ,15142,2016038185,6,67,67301,2016,3,7,1718,17,1,1,0,1,1, , ,N,1,2,0,3,0,1,1,2,N,N,40 01:34.401,75 07:02.499,1728, ,1721,9,1,1,N, ,3,N, , , , ,167544, , , ,2,1,0,0,0,0,1,0,0,0,0,0,1,1,0,0,0,0,0,0,0,0,0,0,0,0,0,0,0,0,0,0,0,0,0,8,0,40.0262,-75.1174, , 
 ,15143,2016045740,6,67,67301,2016,4,2,700,7,1,1,0,4,1, , ,N,1,2,0,3,0,1,3,2,N,N,39 59:48.193,75 06:55.752,2320, ,2314, ,0, ,N, ,3, , , , , ,167549, , , ,2,1,0,0,0,0,1,0,0,0,0,1,1,0,0,0,0,0,0,0,0,0,0,1,0,0,0,0,0,0,0,0,0,0,0,4,0,39.9967,-75.1155, , 
 ,15144,2016022045,6,67,67301,2016,1,1,2215,22,3,8,1,7,4, , ,N,0,0,0,3,0,0,1,1,N,N,40 01:46.163,75 06:12.744,2245, ,2215, ,0, ,Y, ,0, , , , , ,167568, , , ,1,1,0,0,0,0,0,0,0,0,0,0,0,0,0,0,0,0,0,0,0,0,0,0,0,0,0,0,0,0,0,0,0,0,0,0,0,40.0295,-75.1035, , 
 ,15145,2016032050,6,67,67301,2016,3,6,1009,10,1,1,0,4,1, , ,N,1,2,0,3,0,0,2,2,N,N,39 56:39.490,75 09:18.158,1020, ,1014, ,0, ,N, ,3, , , , , ,167576, , , ,2,2,0,0,0,0,0,0,0,0,0,0,0,0,0,0,0,0,0,0,0,1,0,0,0,0,0,0,0,0,0,0,0,0,0,0,0,39.9443,-75.155, , 
 ,15146,2016034981,6,67,67301,2016,2,2,1910,19,3,1,0,8,1, , ,N,0,0,7,3,0,1,2,2,N,N,40 03:43.140,75 03:06.274,1913, ,1910, ,0, , , ,0, , , , , ,167577, , , ,1,0,0,0,0,0,1,0,0,0,0,0,1,1,0,0,0,0,0,0,0,0,0,0,0,0,0,0,0,0,0,0,1,0,0,8,0,40.062,-75.0517, , 
 ,15147,2016040866,6,67,67301,2016,4,3,1840,18,1,1,0,2,1, , ,N,0,0,0,3,0,1,2,2,N,N,40 03:17.527,75 09:14.803,1847, ,1845, ,0, ,N, ,0, , , , , ,167580, , , ,2,0,0,0,0,0,2,0,0,0,0,0,1,1,0,0,0,0,0,0,1,0,0,0,0,0,0,0,0,0,0,0,0,0,0,8,0,40.0549,-75.1541, , 
 ,15148,2016065678,6,67,67301,2016,6,5,1010,10,1,1,0,4,1, , ,N,5,2,0,3,0,3,4,2,N,N,40 00:07.666,75 08:38.744,9999, ,9999, ,0, ,N, ,3, , , , , ,167600, , , ,2,0,0,0,0,0,2,0,0,0,0,2,3,1,0,0,0,1,0,0,0,0,0,2,0,0,0,0,0,0,0,0,0,0,0,4,0,40.0021,-75.1442, , 
 ,15149,2016013829,6,67,67301,2016,1,4,2140,21,1,1,0,4,1, , ,N,1,2,0,3,0,1,3,2,N, ,39 57:29.061,75 09:44.627,2146, ,2143, ,0, , , ,3, , , , , ,167615, , , ,2,1,0,0,0,0,1,0,0,0,1,0,1,0,0,0,0,0,0,0,0,0,0,0,0,0,0,0,0,0,0,0,0,0,0,3,0,39.9579,-75.1623, , 