wz_ln_closure,objectid_1,crn,district,county,municipality,crash_year,crash_month,day_of_week,time_of_day,hour_of_day,illumination,weather,road_condition,collision_type,relation_to_road,work_zone_type,work_zone_loc,work_zone_ind,intersect_type,tcd_type,location_type,urban_rural,fatal_count,injury_count,person_count,total_units,sch_bus_ind,sch_zone_ind,latitude,longitude,arrival_tm,cons_zone_spd_lim,dispatch_tm,est_hrs_closed,lane_closed,ln_close_dir,ntfy_hiwy_maint,spec_juris_cd,tcd_func_cd,tfc_detour_ind,workers_pres,wz_close_detour,wz_flagger,wz_law_offcr_ind,objectid,wz_moving,wz_other,wz_shlder_mdn,vehicle_count,automobile_count,motorcycle_count,bus_count,small_truck_count,heavy_truck_count,suv_count,van_count,bicycle_count,maj_inj_count,mod_inj_count,min_inj_count,tot_inj_count,unk_inj_deg_count,unk_inj_per_count,driver_count_16yr,driver_count_17yr,driver_count_18yr,driver_count_19yr,driver_count_20yr,driver_count_50_64yr,driver_count_65_74yr,driver_count_75plus,unbelted_occ_count,unb_death_count,unb_maj_inj_count,belted_death_count,belted_maj_inj_count,mcycle_death_count,mcycle_maj_inj_count,bicycle_death_count,bicycle_maj_inj_count,ped_count,ped_death_count,ped_maj_inj_count,max_severity_level,comm_veh_count,dec_lat,dec_long,rdwy_surf_type_cd,county_name
 ,15150,2016026094,6,67,67301,2016,2,5,1857,18,3,1,0,1,1, , ,N,0,0,0,3,0,1,2,2,N,N,40 02:27.707,75 08:39.083,1902, ,1857, ,0, ,N, ,0, , , , , ,167622, , , ,2,1,0,0,0,0,1,0,0,0,0,1,1,0,0,0,0,0,0,0,1,0,1,1,0,0,0,0,0,0,0,0,0,0,0,4,0,40.041,-75.1442, , 
 ,15151,2016029769,6,67,67301,2016,2,2,1010,10,1,1,0,8,1, , ,N,2,3,0,3,0,1,2,2,N, ,40 02:17.715,75 08:41.264,1105, ,1104, ,0, , , ,3, , , , , ,167625, , , ,1,0,0,0,0,0,1,0,0,0,0,1,1,0,1,0,0,0,0,0,0,0,0,0,0,0,0,0,0,0,0,0,1,0,0,4,0,40.0383,-75.1448, , 
 ,15152,2016040979,6,67,67301,2016,3,5,1,0,3,1,0,4,1, , ,N,1,2,0,3,0,0,3,2,N,N,40 02:39.450,75 03:14.767,5, ,1,9,1,4,N, ,3,N, , , , ,167637, , , ,2,2,0,0,0,0,0,0,0,0,0,0,0,0,0,0,0,0,0,0,0,0,0,1,0,0,0,0,0,0,0,0,0,0,0,0,0,40.0443,-75.0541, , 
 ,15153,2016042299,6,67,67301,2016,4,6,708,7,1,1,0,1,1, , ,N,0,0,0,3,0,1,3,3,N,N,39 59:45.019,75 11:50.747,719, ,710, ,0, , , ,0, , , , , ,167638, , , ,3,2,0,0,0,0,1,0,0,0,1,0,1,0,0,0,0,0,0,0,0,0,0,0,0,0,0,0,0,0,0,0,0,0,0,3,0,39.9958,-75.1974, , 
 ,15154,2016047774,6,67,67301,2016,4,4,1502,15,1,1,0,8,1, , ,N,0,0,1,3,0,3,5,4,N,N,39 59:46.067,75 06:50.842,1503, ,1502, ,0, ,N, ,0, , , , , ,167642, , , ,3,2,0,0,0,0,1,0,0,1,0,2,3,0,0,0,0,0,0,0,0,0,0,2,0,0,0,0,0,0,0,0,1,0,1,2,0,39.9961,-75.1141, , 
 ,15155,2016049460,6,67,67301,2016,4,6,1704,17,1,1,0,5,1, , ,N,0,0,0,3,0,0,2,2,N,N,40 02:59.769,74 59:33.110,1722, ,1720,1,1,1, , ,0,N, , , , ,167643, , , ,2,1,0,0,0,1,0,0,0,0,0,0,0,0,0,0,0,0,0,0,0,0,0,0,0,0,0,0,0,0,0,0,0,0,0,0,1,40.0499,-74.9925, , 
 ,15156,2016065707,6,67,67301,2016,6,5,1005,10,1,1,0,4,1, , ,N,1,2,0,3,0,1,2,2,N,N,39 57:48.100,75 11:14.764,1008, ,1008,1,2,1,N, ,3,Y, , , , ,167663, , , ,2,1,0,0,0,0,0,1,0,0,0,0,1,1,0,0,0,0,0,0,1,0,0,1,0,0,0,0,0,0,0,0,0,0,0,8,0,39.9634,-75.1875, , 
 ,15157,2016080304,6,67,67301,2016,6,3,606,6,1,1,0,5,6, , ,N,0,0,0,3,0,1,1,2,N,N,39 59:20.911,75 09:44.150,615, ,613,3,2,1, , ,0,Y, , , , ,167676, , , ,2,1,0,0,0,0,1,0,0,0,0,0,1,1,0,0,0,0,0,0,0,0,0,0,0,0,0,0,0,0,0,0,0,0,0,8,0,39.9891,-75.1623, , 
 ,15158,2016080159,6,67,67301,2016,7,4,1840,18,1,1,0,4,1, , ,N,1,2,0,3,0,2,3,2,N,N,40 00:39.342,75 05:19.369,2035, ,2035, ,0, , , ,3, , , , , ,167687, , , ,2,2,0,0,0,0,0,0,0,0,0,0,2,2,1,0,0,0,0,0,0,0,0,0,0,0,0,0,0,0,0,0,0,0,0,8,0,40.0109,-75.0887, , 
 ,15159,2016082331,6,67,67301,2016,7,5,1852,18,1,1,0,4,1, , ,N,0,0,0,3,0,0,2,2,N, ,39 58:39.143,75 11:57.665,1859, ,1854, ,0, , , ,0, , , , , ,167689, , , ,2,2,0,0,0,0,0,0,0,0,0,0,0,0,0,0,0,0,0,0,0,0,0,0,0,0,0,0,0,0,0,0,0,0,0,0,0,39.9775,-75.1994, , 
 ,15160,2016091638,6,67,67301,2016,8,5,1800,18,1,1,0,4,1, , ,N,1,3,0,3,0,0,3,2,N,N,39 55:40.490,75 11:14.888,1810, ,1805, ,0, ,N, ,3, , , , , ,167691, , , ,2,2,0,0,0,0,0,0,0,0,0,0,0,0,0,0,0,0,0,0,1,0,0,0,0,0,0,0,0,0,0,0,0,0,0,0,0,39.9279,-75.1875, , 
 ,15161,2016048713,6,67,67301,2016,4,6,1539,15,1,1,0,1,1, , ,N,1,2,0,3,0,3,4,2,N, ,40 01:27.922,75 08:48.832,1605, ,1550, ,0, , , ,3, , , , , ,157369, , , ,2,1,0,1,0,0,0,0,0,0,0,0,3,3,0,0,0,0,0,0,1,0,0,0,0,0,0,0,0,0,0,0,0,0,0,8,1,40.0244,-75.1469, , 
 ,15162,2016043037,6,67,67301,2016,3,3,2150,21,2,9,8,0,1, , ,N,0,0,0,3,0,1,1,1,N,N,39 58:48.772,75 11:50.554,2200, ,2155,1,1,1,N, ,0,N, , , , ,157412, , , ,1,0,1,0,0,0,0,0,0,0,1,0,1,0,0,0,0,0,0,0,0,0,0,0,0,0,0,0,0,0,0,0,0,0,0,3,0,39.9802,-75.1974, , 
 ,15163,2016052700,6,67,67301,2016,2,2,830,8,1,1,0,4,1, , ,N,1,3,0,3,0,1,2,2, , ,39 56:11.317,75 11:43.616,0, ,0, ,0, , , ,3, , , , , ,157417, , , ,2,2,0,0,0,0,0,0,0,0,1,0,1,0,1,0,0,0,0,0,1,0,0,0,0,0,0,0,0,0,0,0,0,0,0,3,0,39.9365,-75.1954, , 
 ,15164,2016058571,6,67,67301,2016,5,2,1630,16,1,1,0,8,1, , ,N,1,2,0,3,0,1,3,2,N,N,39 56:52.000,75 13:38.791,1636, ,1632,3,2,6,N, ,3,Y, , , , ,157422, , , ,1,0,0,0,1,0,0,0,0,0,0,1,1,0,0,0,0,0,0,0,1,0,0,0,0,0,0,0,0,0,0,0,1,0,0,4,0,39.9478,-75.2274, , 
 ,15165,2016060593,6,67,67301,2016,6,3,1735,17,1,1,0,7,4, , ,N,7,0,2,3,0,1,1,1,N,N,39 54:45.320,75 10:27.896,1737, ,1737,1,2,2,N, ,0,N, , , , ,157425, , , ,1,1,0,0,0,0,0,0,0,0,1,0,1,0,0,0,0,0,0,0,0,0,0,0,0,0,0,0,0,0,0,0,0,0,0,3,0,39.9126,-75.1744, , 
 ,15166,2016061239,6,67,67301,2016,5,7,1603,16,1,1,0,8,6, , ,N,0,0,0,3,0,1,2,2,N,N,39 58:04.186,75 12:35.202,1610, ,1609, ,0, ,N, ,0, , , , , ,157427, , , ,1,0,0,0,0,0,1,0,0,0,0,1,1,0,0,0,0,0,0,0,0,0,0,0,0,0,0,0,0,0,0,0,1,0,0,4,0,39.9678,-75.2098, , 
 ,15167,2016014433,6,67,67301,2016,1,2,1040,10,1,1,0,4,1, , ,N,1,2,0,3,0,1,5,2,N,N,40 00:21.354,75 06:48.614,1040, ,1040,1,1,6,N, ,3,N, , , , ,157432, , , ,2,2,0,0,0,0,0,0,0,0,0,1,1,0,0,0,0,0,0,0,0,0,0,0,0,0,0,0,0,0,0,0,0,0,0,4,0,40.0059,-75.1135, , 
 ,15168,2016014444,6,67,67301,2016,1,6,1700,17,3,1,0,4,1, , ,N,1,2,0,3,0,1,2,2,N, ,40 01:12.877,75 06:50.707,1710, ,1708, ,0, , , ,3, , , , , ,157436, , , ,2,2,0,0,0,0,0,0,0,0,0,1,1,0,0,0,0,0,0,0,1,0,0,0,0,0,0,0,0,0,0,0,0,0,0,4,0,40.0202,-75.1141, , 
 ,15169,2016014838,6,67,67301,2016,2,7,2310,23,3,1,0,4,1, , ,N,1,3,0,3,0,1,3,2,N,N,39 59:04.959,75 09:41.497,2320, ,9999, ,0, ,N, ,3, , , , , ,157437, , , ,2,1,0,0,0,0,1,0,0,0,1,0,1,0,0,0,0,0,0,0,0,0,0,0,0,0,0,0,0,0,0,0,0,0,0,3,0,39.9847,-75.1615, , 
 ,15170,2016020143,6,67,67301,2016,2,1,23,0,3,1,0,1,1, , ,N,0,0,0,3,0,0,3,2,N,N,39 57:43.759,75 08:23.481,25, ,25,2,1,2, , ,0,N, , , , ,157441, , , ,2,2,0,0,0,0,0,0,0,0,0,0,0,0,0,0,0,0,0,0,1,0,0,0,0,0,0,0,0,0,0,0,0,0,0,0,0,39.9622,-75.1399, , 
 ,15171,2016026078,6,67,67301,2016,2,7,45,0,3,2,1,5,2, , ,N,0,0,0,3,0,0,1,2,N, ,40 05:36.617,74 58:33.832,57, ,55,3,2,5, , ,0,Y, , , , ,157444, , , ,2,0,0,0,2,0,0,0,0,0,0,0,0,0,0,0,0,0,0,0,1,0,0,0,0,0,0,0,0,0,0,0,0,0,0,0,0,40.0935,-74.9761, , 
 ,15172,2016032026,6,67,67301,2016,3,1,59,0,3,1,0,1,1, , ,N,0,0,0,3,0,3,5,3,N,N,39 56:39.447,75 08:36.304,100, ,100, ,0, , , ,0, , , , , ,157447, , , ,3,2,0,0,0,0,1,0,0,0,0,0,3,3,0,0,0,0,0,0,1,0,0,0,0,0,0,0,0,0,0,0,0,0,0,8,0,39.9443,-75.1434, , 
 ,15173,2016044581,6,67,67301,2016,4,1,400,4,3,1,0,6,1, , ,N,0,0,0,3,0,0,2,2,N,N,39 58:06.491,75 10:58.412,406, ,407,9,1,5,N, ,0,N, , , , ,157454, , , ,2,1,0,0,0,0,1,0,0,0,0,0,0,0,0,0,0,0,0,0,0,1,0,0,0,0,0,0,0,0,0,0,0,0,0,0,0,39.9685,-75.1829, , 
 ,15174,2016003877,6,67,67301,2016,1,2,1025,10,1,1,0,8,1, , ,N,1,2,99,3,0,1,2,2,N,N,39 57:10.097,75 11:31.542,1025, ,1025, ,0, ,N, ,3, , , , , ,157479, , , ,1,1,0,0,0,0,0,0,0,0,0,0,1,1,0,0,0,0,0,0,0,0,0,0,0,0,0,0,0,0,0,0,1,0,0,8,0,39.9528,-75.1921, , 
 ,15175,2016016559,6,67,67301,2016,1,1,1802,18,3,1,0,8,1, , ,N,2,2,0,3,0,1,2,2,N,N,39 57:40.266,75 14:49.451,1840, ,1826, ,0, ,N, ,3, , , , , ,157485, , , ,1,1,0,0,0,0,0,0,0,0,0,0,1,1,0,0,0,0,0,0,0,0,0,1,0,0,0,0,0,0,0,0,1,0,0,8,0,39.9612,-75.2471, , 
 ,15176,2016025985,6,67,67301,2016,2,4,920,9,1,2,1,4,1, , ,N,1,2,0,3,0,0,3,2,N,N,39 56:56.649,75 12:46.586,948, ,943, ,0, ,N, ,3, , , , , ,157496, , , ,2,1,0,0,0,0,0,1,0,0,0,0,0,0,0,0,0,0,0,0,0,0,0,0,0,0,0,0,0,0,0,0,0,0,0,0,0,39.9491,-75.2129, , 
 ,15177,2016055608,6,67,67301,2016,5,7,1035,10,1,1,1,4,1, , ,N,1,3,0,3,0,0,2,3,N, ,40 03:17.100,75 09:04.633,1042, ,1041, ,0, , , ,3, , , , , ,157517, , , ,3,2,0,0,0,0,0,0,0,0,0,0,0,0,0,0,0,0,0,0,1,0,0,2,0,0,0,0,0,0,0,0,0,0,0,0,0,40.0548,-75.1513, , 
 ,15178,2016027580,6,67,67301,2016,2,6,9999,99,1,1,0,4,1, , ,N,1,3,0,3,0,1,2,2,N,N,39 55:19.736,75 10:55.127,1310, ,1300, ,0, ,N, ,3, , , , , ,157548, , , ,2,1,0,0,0,0,1,0,0,0,0,1,1,0,0,0,0,0,0,0,0,0,1,0,0,0,0,0,0,0,0,0,0,0,0,4,0,39.9221,-75.182, , 
 ,15179,2016014063,6,67,67301,2016,1,3,850,8,1,1,0,8,1, , ,N,1,2,0,3,0,1,2,2,N,N,39 57:40.702,75 10:30.178,858, ,854, ,0, ,N, ,3, , , , , ,160427, , , ,1,1,0,0,0,0,0,0,0,0,0,0,1,1,0,0,0,0,0,0,0,0,0,0,0,0,0,0,0,0,0,0,1,0,0,8,0,39.9613,-75.175, , 
 ,15180,2016024128,6,67,67301,2016,2,1,420,4,3,1,0,5,1, , ,N,0,0,0,3,0,3,3,3,N,N,39 58:47.357,75 12:17.270,424, ,421, ,0, , , ,0, , , , , ,160438, , , ,3,3,0,0,0,0,0,0,0,0,0,0,3,3,0,0,0,0,0,0,0,0,1,0,0,0,0,0,0,0,0,0,0,0,0,8,0,39.9798,-75.2048, , 
 ,15181,2016028329,6,67,67301,2016,2,1,5,0,3,1,0,4,1, , ,N,1,2,0,3,0,1,5,2,N,N,39 56:43.627,75 10:18.076,10, ,5, ,0, ,N, ,3, , , , , ,160440, , , ,2,2,0,0,0,0,0,0,0,0,0,0,1,1,4,0,0,0,1,0,0,0,0,0,0,0,0,0,0,0,0,0,0,0,0,8,0,39.9455,-75.1717, , 
 ,15182,2016037783,6,67,67301,2016,3,4,827,8,1,1,0,8,1, , ,N,2,2,0,3,0,1,2,2,N,N,40 03:39.695,75 11:24.461,840, ,831, ,0, ,N, ,3, , , , , ,160451, , , ,1,0,0,0,0,0,1,0,0,0,0,0,1,1,0,0,0,0,0,0,0,1,0,1,0,0,0,0,0,0,0,0,1,0,0,8,0,40.061,-75.1901, , 
 ,15183,2016040177,6,67,67301,2016,3,6,1053,10,1,1,0,5,1, , ,N,0,0,0,3,0,0,4,3,N,N,40 00:23.710,75 11:55.233,1120, ,1057, ,0, , , ,0, , , , , ,160457, , , ,3,1,0,0,1,1,0,0,0,0,0,0,0,0,0,0,1,0,0,0,1,0,0,0,0,0,0,0,0,0,0,0,0,0,0,0,1,40.0066,-75.1987, , 
 ,15184,2016044031,6,67,67301,2016,4,5,647,6,1,1,0,1,1, , ,N,0,0,0,3,0,0,3,3,N,N,39 57:32.582,75 10:16.341,655, ,655,2,1,4, , ,0,N, , , , ,160459, , , ,3,0,0,0,0,0,2,1,0,0,0,0,0,0,0,0,0,0,0,0,0,1,0,0,0,0,0,0,0,0,0,0,0,0,0,0,0,39.9591,-75.1712, , 
 ,15185,2016014508,6,67,67301,2016,2,3,408,4,3,1,0,7,4, , ,N,0,0,0,3,0,0,1,1,N,N,39 58:10.599,75 11:32.832,414, ,409, ,0, , , ,0, , , , , ,160479, , , ,1,1,0,0,0,0,0,0,0,0,0,0,0,0,0,0,0,0,0,0,0,0,0,0,0,0,0,0,0,0,0,0,0,0,0,0,0,39.9696,-75.1925, , 
 ,15186,2016016579,6,67,67301,2016,1,6,1650,16,1,1,1,8,1, , ,N,2,2,0,3,0,1,2,2,N, ,39 57:42.247,75 08:12.115,1705, ,1658,2,1,2, , ,3,N, , , , ,160480, , , ,1,1,0,0,0,0,0,0,0,0,0,1,1,0,0,0,0,0,0,0,1,0,0,0,0,0,0,0,0,0,0,0,1,0,0,4,0,39.9617,-75.1365, , 
 ,15187,2016027578,6,67,67301,2016,2,4,1733,17,3,2,1,4,1, , ,N,1,3,0,3,0,1,3,2,N,N,39 59:39.274,75 07:55.977,1736, ,1733, ,0, ,N, ,3, , , , , ,160491, , , ,2,2,0,0,0,0,0,0,0,0,0,0,1,1,1,0,0,0,0,0,0,0,0,2,0,0,0,0,0,0,0,0,0,0,0,8,0,39.9942,-75.1322, , 
 ,15188,2016028809,6,67,67301,2016,2,1,1345,13,1,1,0,1,1, , ,N,0,0,0,3,0,1,9,5,N,N,39 57:25.286,75 09:10.218,1404, ,1356, ,0, , , ,0, , , , , ,160492, , , ,5,2,0,0,0,0,2,1,0,0,0,1,1,0,3,0,1,0,0,0,0,0,1,0,0,0,0,0,0,0,0,0,0,0,0,4,0,39.957,-75.1528, , 
 ,15189,2016036376,6,67,67301,2016,3,5,1957,19,3,1,0,4,1, , ,N,1,2,0,3,0,1,2,2,N,N,40 00:30.704,75 12:38.642,2145, ,2129, ,0, ,N, ,3, , , , , ,160499, , , ,2,1,0,0,0,0,1,0,0,0,0,0,1,1,0,0,0,0,0,0,0,0,0,0,0,0,0,0,0,0,0,0,0,0,0,8,0,40.0085,-75.2107, , 
 ,15190,2016033915,6,67,67301,2016,3,7,1245,12,1,1,0,4,1, , ,N,1,2,0,3,0,0,4,2,N,N,39 57:48.100,75 11:14.764,1257, ,1253, ,0, ,N, ,3, , , , , ,160528, , , ,2,1,0,0,0,0,1,0,0,0,0,0,0,0,0,0,0,0,0,0,0,0,0,0,0,0,0,0,0,0,0,0,0,0,0,0,0,39.9634,-75.1875, , 
 ,15191,2016033856,6,67,67301,2016,3,4,1445,14,1,1,0,5,6, , ,N,0,0,0,3,0,0,1,3,N,N,40 04:22.360,75 02:23.931,1510, ,1508, ,0, ,N, ,0, , , , , ,160584, , , ,3,1,0,0,1,0,1,0,0,0,0,0,0,0,0,0,0,0,0,0,0,0,0,1,0,0,0,0,0,0,0,0,0,0,0,0,0,40.0729,-75.04, , 
 ,15192,2016040890,6,67,67301,2016,4,6,730,7,1,1,0,4,1, , ,N,2,3,0,3,0,1,2,2,N,N,39 59:34.947,75 10:05.357,938, ,936, ,0, ,N, ,3, , , , , ,160590, , , ,1,0,0,0,0,0,1,0,1,0,0,1,1,0,0,0,0,0,0,1,0,0,0,0,0,0,0,0,0,0,0,0,0,0,0,4,0,39.993,-75.1682, , 
 ,15193,2016047766,6,67,67301,2016,4,7,1600,16,1,1,0,8,1, , ,N,1,2,0,3,0,1,2,2,N,N,40 00:57.199,75 09:13.857,1612, ,610,2,1,1,N, ,3,N, , , , ,160596, , , ,1,0,0,0,0,0,1,0,0,0,0,0,1,1,0,0,0,0,0,0,0,1,0,0,0,0,0,0,0,0,0,0,1,0,0,8,0,40.0159,-75.1538, , 
 ,15194,2016058642,6,67,67301,2016,5,7,1135,11,1,1,1,4,1, , ,N,1,3,0,3,0,0,2,3,N, ,40 00:39.628,75 08:25.627,1153, ,1150, ,0, , , ,3, , , , , ,160603, , , ,3,2,0,0,0,0,0,0,0,0,0,0,0,0,0,0,0,0,0,0,1,0,0,0,0,0,0,0,0,0,0,0,0,0,0,0,0,40.011,-75.1405, , 
 ,15195,2016031384,6,67,67301,2016,3,1,450,4,3,1,0,1,1, , ,N,1,2,0,3,0,3,4,3,N,N,39 57:30.563,75 13:30.647,9999, ,434, ,0, ,N, ,3, , , , , ,160636, , , ,3,1,0,0,0,0,1,1,0,0,0,0,3,3,1,0,0,0,0,0,1,0,0,1,0,0,0,0,0,0,0,0,0,0,0,8,0,39.9585,-75.2252, , 
 ,15196,2016038180,6,67,67301,2016,3,4,725,7,1,1,1,4,1, , ,N,1,2,0,3,0,1,2,2,N, ,39 56:25.327,75 14:11.791,732, ,726, ,0, , , ,3, , , , , ,160646, , , ,2,0,0,0,0,0,2,0,0,0,0,0,1,1,0,0,0,0,0,0,0,0,0,1,0,0,0,0,0,0,0,0,0,0,0,8,0,39.9404,-75.2366, , 
 ,15197,2016047014,6,67,67301,2016,4,6,705,7,1,1,0,8,1, , ,N,1,2,0,3,0,1,2,2,N, ,39 57:18.756,75 10:10.405,709, ,708, ,0, , , ,3, , , , , ,163930, , , ,1,0,0,0,0,0,1,0,0,0,0,1,1,0,0,0,0,0,0,0,0,0,0,0,0,0,0,0,0,0,0,0,1,0,0,4,0,39.9552,-75.1696, , 
 ,15198,2016010954,6,67,67301,2016,1,7,1749,17,3,1,0,1,1, , ,N,0,0,0,3,0,2,3,2,N,N,39 57:34.457,75 10:31.442,1815, ,1801, ,0, , , ,0, , , , , ,163948, , , ,2,2,0,0,0,0,0,0,0,1,0,1,2,0,0,0,0,0,0,0,0,0,0,0,0,0,0,1,0,0,0,0,0,0,0,2,0,39.9596,-75.1754, , 
 ,15199,2016029809,6,67,67301,2016,3,6,46,0,3,7,1,7,2, , ,N,0,0,0,3,0,1,1,1,N,N,39 55:24.583,75 14:44.669,48, ,46,2,1,1,N, ,0,Y, , , , ,163964, , , ,1,0,0,0,0,0,1,0,0,0,0,0,1,1,0,0,0,0,0,0,0,0,0,0,0,0,0,0,0,0,0,0,0,0,0,8,0,39.9235,-75.2457, , 
 ,15200,2016041072,6,67,67301,2016,3,1,2235,22,3,4,1,4,1, , ,N,0,0,0,3,1,4,5,5,N,N,39 53:59.752,75 09:36.828,2300, ,2238,4,2,1, ,0,0,Y, , , , ,163979, , , ,4,4,0,0,0,0,0,0,0,0,0,1,4,3,0,0,0,0,0,0,1,0,0,0,0,0,0,0,0,0,0,0,1,0,0,1,0,39.8999,-75.1602,1, 
 ,15201,2016069376,6,67,67301,2016,6,4,1618,16,1,1,0,4,1, , ,N,2,3,2,3,0,1,2,2,N,N,39 59:11.983,75 12:29.919,1618, ,1618, ,0, , , ,3, , , , , ,163990, , , ,2,2,0,0,0,0,0,0,0,0,0,0,1,1,0,0,0,0,0,0,0,0,0,0,0,0,0,0,0,0,0,0,0,0,0,8,0,39.9867,-75.2083, , 
 ,15202,2016080580,6,67,67301,2016,7,6,1550,15,1,1,0,4,1, , ,N,1,2,0,3,0,0,2,2,N,N,40 00:51.570,75 10:41.163,1558, ,1558,1,1,1,N, ,3,N, , , , ,164000, , , ,2,2,0,0,0,0,0,0,0,0,0,0,0,0,0,0,0,0,0,0,0,2,0,0,0,0,0,0,0,0,0,0,0,0,0,0,0,40.0143,-75.1781, , 
 ,15203,2016084650,6,67,67301,2016,7,7,1239,12,1,1,0,4,1, , ,N,0,0,7,3,0,4,4,2,N, ,40 02:21.396,75 04:47.703,1245, ,1242, ,0, ,N, ,0, , , , , ,164011, , , ,2,2,0,0,0,0,0,0,0,0,0,4,4,0,0,0,0,0,0,0,0,0,0,0,0,0,0,0,0,0,0,0,0,0,0,4,0,40.0393,-75.0799, , 
 ,15204,2016099533,6,67,67301,2016,9,4,1430,14,1,1,0,8,1, , ,N,1,2,0,3,0,1,2,2,N, ,40 01:52.935,75 09:08.539,1730, ,1720, ,0, , , ,3, , , , , ,164017, , , ,1,0,0,0,0,0,0,0,0,0,0,1,1,0,0,0,0,0,0,0,0,0,0,0,0,0,0,0,0,0,0,0,1,0,0,4,0,40.0314,-75.1524, , 
 ,15205,2016097593,6,67,67301,2016,8,7,1930,19,3,1,0,5,6, , ,N,0,0,0,3,0,0,1,3,N, ,39 59:02.199,75 07:35.163,2135, ,2132, ,0, , , ,0, , , , , ,164020, , , ,3,2,0,0,0,0,0,1,0,0,0,0,0,0,1,0,0,0,0,0,1,0,0,0,0,0,0,0,0,0,0,0,0,0,0,9,0,39.9839,-75.1264, , 
 ,15206,2016008166,6,67,67301,2016,1,7,205,2,3,1,0,4,1, , ,N,1,3,0,3,0,1,2,2,N,N,39 57:45.834,75 12:13.931,213, ,211,2,1,1,N, ,3,N, , , , ,164037, , , ,2,1,0,0,0,0,1,0,0,0,0,0,1,1,0,0,0,0,0,0,0,0,0,0,0,0,0,0,0,0,0,0,0,0,0,8,0,39.9627,-75.2039, , 
 ,15207,2016025972,6,67,67301,2016,2,7,2117,21,3,1,0,8,1, , ,N,2,0,0,3,0,1,2,2,N,N,39 59:57.279,75 05:58.713,2120, ,2117, ,0, ,N, ,0, , , , , ,164046, , , ,1,0,0,0,0,0,0,1,0,0,1,0,1,0,0,0,1,0,0,0,0,0,0,0,0,0,0,0,0,0,0,0,1,0,0,3,0,39.9992,-75.0996, , 
 ,15208,2016048592,6,67,67301,2016,4,1,2015,20,3,1,0,8,1, , ,N,0,0,0,3,0,1,2,2,N,N,40 00:35.431,75 09:20.960,2020, ,2016, ,0, ,N, ,0, , , , , ,164065, , , ,1,1,0,0,0,0,0,0,0,0,0,1,1,0,0,0,0,0,0,0,1,0,0,0,0,0,0,0,0,0,0,0,1,0,0,4,0,40.0098,-75.1558, , 
 ,15209,2016053265,6,67,67301,2016,5,3,1220,12,1,1,0,8,1, , ,N,0,0,0,3,0,1,2,2,N, ,40 02:56.707,75 10:29.987,1220, ,1220,1,2,5, , ,0,Y, , , , ,164069, , , ,1,1,0,0,0,0,0,0,0,0,0,1,1,0,0,0,0,0,0,0,0,0,0,0,0,0,0,0,0,0,0,0,1,0,0,4,0,40.0491,-75.175, , 
 ,15210,2016053694,6,67,67301,2016,4,5,1432,14,1,2,1,1,1, , ,N,0,0,0,3,0,1,3,2,N, ,40 05:37.424,74 59:19.366,1440, ,1435,2,2,3, , ,0,Y, , , , ,164070, , , ,2,2,0,0,0,0,0,0,0,0,0,1,1,0,0,0,0,1,0,0,0,0,0,0,0,0,0,0,0,0,0,0,0,0,0,4,0,40.0937,-74.9887, , 
 ,15211,2016046105,6,67,67301,2016,4,2,2120,21,3,1,0,1,1, , ,N,0,0,0,3,0,0,2,2,N,N,40 01:13.933,75 09:21.276,2125, ,2125,1,1,1, , ,0,N, , , , ,164110, , , ,2,1,0,0,0,0,1,0,0,0,0,0,0,0,0,0,0,0,0,0,0,0,0,0,0,0,0,0,0,0,0,0,0,0,0,0,0,40.0205,-75.1559, , 
 ,15212,2016058541,6,67,67301,2016,5,7,336,3,3,1,8,1,1, , ,N,1,2,0,3,0,3,4,2,N,N,39 57:23.640,75 12:35.107,339, ,337, ,0, ,N, ,3, , , , , ,164121, , , ,2,2,0,0,0,0,0,0,0,0,0,2,3,1,0,0,0,0,0,0,1,0,0,0,0,0,0,0,0,0,0,0,0,0,0,4,0,39.9566,-75.2098, , 
 ,15213,2016065676,6,67,67301,2016,6,2,1100,11,1,1,0,4,1, , ,N,1,2,0,3,0,1,2,2,N,N,39 57:28.502,75 08:55.805,1120, ,1113, ,0, ,N, ,3, , , , , ,164124, , , ,2,1,0,0,0,0,0,1,0,0,0,1,1,0,0,0,0,0,0,0,1,0,0,2,0,0,0,0,0,0,0,0,0,0,0,4,0,39.958,-75.1488, , 
 ,15214,2016014002,6,67,67301,2016,1,7,2055,20,2,1,0,1,1, , ,N,0,0,0,3,0,0,1,2,N,N,39 58:31.778,75 08:06.941,2132, ,2100, ,0, ,N, ,0, , , , , ,164138, , , ,2,2,0,0,0,0,0,0,0,0,0,0,0,0,0,0,0,0,0,0,0,0,0,0,0,0,0,0,0,0,0,0,0,0,0,0,0,39.9755,-75.1353, , 
 ,15215,2016053726,6,67,67301,2016,5,2,2220,22,3,1,0,1,1, , ,N,0,0,0,3,0,1,2,2,N, ,40 01:56.370,75 04:53.967,2245, ,2229,1,1,1, , ,0,N, , , , ,168322, , , ,2,2,0,0,0,0,0,0,0,0,0,1,1,0,0,0,0,0,0,0,2,0,0,0,0,0,0,0,0,0,0,0,0,0,0,4,0,40.0323,-75.0817, , 