wz_ln_closure,objectid_1,crn,district,county,municipality,crash_year,crash_month,day_of_week,time_of_day,hour_of_day,illumination,weather,road_condition,collision_type,relation_to_road,work_zone_type,work_zone_loc,work_zone_ind,intersect_type,tcd_type,location_type,urban_rural,fatal_count,injury_count,person_count,total_units,sch_bus_ind,sch_zone_ind,latitude,longitude,arrival_tm,cons_zone_spd_lim,dispatch_tm,est_hrs_closed,lane_closed,ln_close_dir,ntfy_hiwy_maint,spec_juris_cd,tcd_func_cd,tfc_detour_ind,workers_pres,wz_close_detour,wz_flagger,wz_law_offcr_ind,objectid,wz_moving,wz_other,wz_shlder_mdn,vehicle_count,automobile_count,motorcycle_count,bus_count,small_truck_count,heavy_truck_count,suv_count,van_count,bicycle_count,maj_inj_count,mod_inj_count,min_inj_count,tot_inj_count,unk_inj_deg_count,unk_inj_per_count,driver_count_16yr,driver_count_17yr,driver_count_18yr,driver_count_19yr,driver_count_20yr,driver_count_50_64yr,driver_count_65_74yr,driver_count_75plus,unbelted_occ_count,unb_death_count,unb_maj_inj_count,belted_death_count,belted_maj_inj_count,mcycle_death_count,mcycle_maj_inj_count,bicycle_death_count,bicycle_maj_inj_count,ped_count,ped_death_count,ped_maj_inj_count,max_severity_level,comm_veh_count,dec_lat,dec_long,rdwy_surf_type_cd,county_name
 ,15216,2016063880,6,67,67301,2016,6,4,1129,11,1,1,0,8,1, , ,N,1,2,0,3,0,1,2,2,N,N,39 57:11.367,75 09:11.303,1130, ,1130, ,0, , , ,3, , , , , ,168346, , , ,1,0,0,0,0,0,1,0,0,0,0,0,1,1,0,0,0,0,0,0,0,1,0,1,0,0,0,0,0,0,0,0,1,0,0,8,0,39.9532,-75.1531, , 
 ,15217,2016063983,6,67,67301,2016,6,7,1328,13,1,1,0,6,1, , ,N,0,0,0,3,0,1,2,2,N,N,40 00:46.619,75 12:04.472,1334, ,1334,2,1,6, , ,0,Y, , , , ,168347, , , ,1,1,0,0,0,0,0,0,1,1,0,0,1,0,0,0,0,0,0,0,1,0,0,0,0,0,0,0,0,0,0,1,0,0,0,2,0,40.0129,-75.2012, , 
 ,15218,2016070669,6,67,67301,2016,6,6,27,0,3,1,0,8,1, , ,N,0,0,0,3,0,1,2,2,N,Y,40 01:42.705,75 12:37.014,2338, ,2331, ,0, ,N, ,0, , , , , ,168353, , , ,1,1,0,0,0,0,0,0,0,0,0,1,1,0,0,0,0,0,0,0,0,0,0,0,0,0,0,0,0,0,0,0,1,0,0,4,0,40.0285,-75.2103, , 
 ,15219,2016080326,6,67,67301,2016,6,5,419,4,3,1,0,4,1, , ,N,1,2,0,3,0,1,2,2,N,N,39 59:22.684,75 06:26.572,9999, ,457,2,1,1, , ,3,N, , , , ,168364, , , ,2,1,0,0,0,0,0,1,0,0,0,1,1,0,0,0,0,0,0,0,1,0,0,1,0,0,0,0,0,0,0,0,0,0,0,4,0,39.9896,-75.1074, , 
 ,15220,2016083807,6,67,67301,2016,7,5,721,7,1,1,0,5,1, , ,N,0,0,0,3,0,0,2,2,N,N,39 53:57.532,75 09:54.908,721, ,721, ,0, , , ,0, , , , , ,168367, , , ,2,2,0,0,0,0,0,0,0,0,0,0,0,0,0,0,0,0,0,0,0,0,0,0,0,0,0,0,0,0,0,0,0,0,0,0,0,39.8993,-75.1653, , 
 ,15221,2016024788,6,67,67301,2016,2,4,1825,18,2,2,1,5,1, , ,N,0,0,0,3,0,1,2,2,N,N,39 57:17.109,75 10:58.362,1902, ,1900, ,0, ,N, ,0, , , , , ,168390, , , ,1,1,0,0,0,0,0,0,1,0,0,1,1,0,0,0,0,0,0,0,1,0,0,0,0,0,0,0,0,0,0,0,0,0,0,4,0,39.9548,-75.1829, , 
 ,15222,2016039669,6,67,67301,2016,3,2,900,9,1,2,1,2,1, , ,N,2,0,0,3,0,1,3,3,N,N,39 58:18.345,75 08:03.848,910, ,903, ,0, ,N, ,0, , , , , ,168401, , , ,3,2,0,0,1,0,0,0,0,0,0,0,1,1,0,0,0,0,0,0,0,1,0,0,0,0,0,0,0,0,0,0,0,0,0,8,0,39.9718,-75.1344, , 
 ,15223,2016062541,6,67,67301,2016,5,7,1809,18,1,2,1,8,1, , ,N,1,2,0,3,0,1,2,2,N,N,39 56:16.512,75 13:52.078,1817, ,1814, ,0, ,N, ,3, , , , , ,168422, , , ,1,1,0,0,0,0,0,0,0,0,1,0,1,0,0,0,0,0,0,0,0,0,0,1,0,0,0,0,0,0,0,0,1,0,0,3,0,39.9379,-75.2311, , 
 ,15224,2016013794,6,67,67301,2016,1,2,1610,16,4,1,0,8,1, , ,N,1,2,0,3,0,2,3,3,N,N,40 00:37.875,75 06:00.082,1615, ,1610, ,0, , , ,3, , , , , ,168429, , , ,1,0,0,0,0,0,1,0,0,0,0,0,2,2,0,0,0,0,0,0,0,0,0,0,0,0,0,0,0,0,0,0,2,0,0,8,0,40.0105,-75.1, , 
 ,15225,2016027528,6,67,67301,2016,2,4,1550,15,1,1,0,8,1, , ,N,1,2,0,3,0,1,2,2,N, ,39 59:49.987,75 07:09.686,1600, ,1559, ,0, , , ,3, , , , , ,168444, , , ,1,1,0,0,0,0,0,0,0,0,0,0,1,1,0,0,0,0,0,0,1,0,0,0,0,0,0,0,0,0,0,0,1,0,0,8,0,39.9972,-75.1194, , 
 ,15226,2016029856,6,67,67301,2016,3,6,1450,14,1,1,0,5,1, , ,N,0,0,0,3,0,1,2,2,N,N,39 54:28.941,75 09:16.984,1745, ,1739, ,0, ,N, ,0, , , , , ,168449, , , ,2,2,0,0,0,0,0,0,0,0,0,0,1,1,1,0,0,0,0,0,1,0,0,0,0,0,0,0,0,0,0,0,0,0,0,8,0,39.908,-75.1547, , 
 ,15227,2016033905,6,67,67301,2016,3,6,1242,12,1,1,0,4,1, , ,N,1,3,0,3,0,0,4,4,N,N,39 55:46.124,75 10:12.997,1338, ,336,2,2,3, , ,3,N, , , , ,168455, , , ,4,3,0,0,0,0,1,0,0,0,0,0,0,0,0,0,0,0,0,0,0,0,0,0,0,0,0,0,0,0,0,0,0,0,0,0,0,39.9295,-75.1703, , 
 ,15228,2016039650,6,67,67301,2016,3,2,1008,10,1,8,1,4,1, , ,N,1,2,0,3,0,2,4,3,N,N,39 55:35.245,75 13:49.904,1015, ,1015, ,0, ,N, ,3, , , , , ,168462, , , ,3,1,0,0,0,0,1,1,0,0,1,1,2,0,0,0,0,0,0,0,1,1,0,2,0,0,0,0,0,0,0,0,0,0,0,3,0,39.9265,-75.2305, , 
 ,15229,2016044529,6,67,67301,2016,4,5,1344,13,1,2,1,7,4, , ,N,0,0,0,3,0,1,2,2,N,N,40 01:16.869,75 08:24.537,1350, ,1344,1,1,2,N, ,0,N, , , , ,168465, , , ,2,2,0,0,0,0,0,0,0,0,0,0,1,1,0,0,0,0,0,0,1,0,0,0,0,0,0,0,0,0,0,0,0,0,0,8,0,40.0214,-75.1401, , 
 ,15230,2016048685,6,67,67301,2016,4,5,1028,10,1,1,0,7,4, , ,N,0,0,0,3,0,1,1,1,N,N,39 59:39.357,75 10:58.923,1034, ,1029, ,0, ,N, ,0, , , , , ,168470, , , ,1,1,0,0,0,0,0,0,0,0,0,0,1,1,0,0,0,0,0,0,0,0,0,0,0,0,0,0,0,0,0,0,0,0,0,8,0,39.9943,-75.183, , 
 ,15231,2016013869,6,67,67301,2016,1,4,1430,14,1,1,0,4,1, , ,N,2,0,0,3,0,1,2,2,N,N,40 01:12.594,75 07:35.673,1631, ,1630, ,0, ,N, ,0, , , , , ,168475, , , ,1,1,0,0,0,0,0,0,1,0,0,1,1,0,0,0,0,0,0,0,0,0,0,0,0,0,0,0,0,0,0,0,0,0,0,4,0,40.0202,-75.1266, , 
 ,15232,2016019761,6,67,67301,2016,2,4,1802,18,3,2,1,4,1, , ,N,0,0,7,3,0,1,2,2,N,N,40 05:40.590,75 01:44.746,1807, ,1802, ,0, ,N, ,0, , , , , ,168483, , , ,2,1,0,0,0,0,1,0,0,0,1,0,1,0,0,0,0,0,0,0,1,0,0,0,0,0,0,0,0,0,0,0,0,0,0,3,0,40.0946,-75.0291, , 
 ,15233,2016033087,6,67,67301,2016,3,6,1255,12,1,1,0,4,1, , ,N,1,2,0,3,0,1,2,2,N,N,39 59:31.149,75 14:15.021,1305, ,1300, ,0, ,N, ,3, , , , , ,157552, , , ,2,1,0,0,0,0,1,0,0,0,0,0,1,1,0,0,0,0,0,1,1,0,0,1,0,0,0,0,0,0,0,0,0,0,0,8,0,39.992,-75.2375, , 
 ,15234,2016052204,6,67,67301,2016,2,3,1945,19,1,1,0,1,1, , ,N,1,2,0,3,0,1,2,2, , ,39 58:06.410,75 14:07.231,0, ,0, ,0, , , ,3, , , , , ,157568, , , ,2,2,0,0,0,0,0,0,0,0,0,0,1,1,1,0,0,0,0,0,1,0,0,0,0,0,0,0,0,0,0,0,0,0,0,8,0,39.9684,-75.2353, , 
 ,15235,2016026162,6,67,67301,2016,2,5,810,8,1,1,0,4,1, , ,N,1,3,0,3,0,1,2,2,N, ,40 03:54.691,75 03:19.475,812, ,810, ,0, , , ,3, , , , , ,157596, , , ,2,1,0,0,0,0,1,0,0,0,0,1,1,0,0,0,0,0,0,0,0,0,0,1,0,0,0,0,0,0,0,0,0,0,0,4,0,40.0652,-75.0554, , 
 ,15236,2016027587,6,67,67301,2016,2,6,2146,21,3,1,0,4,1, , ,N,1,2,0,3,0,7,7,3,N,N,40 01:40.095,75 05:55.134,2157, ,2151,2,2,6,N, ,3,Y, , , , ,157599, , , ,3,1,0,0,0,0,2,0,0,0,0,5,7,2,0,0,0,0,0,0,1,0,0,0,0,0,0,0,0,0,0,0,0,0,0,4,0,40.0277,-75.0988, , 
 ,15237,2016036403,6,67,67301,2016,3,1,200,2,3,1,0,7,4, , ,N,0,0,0,3,0,1,1,1,N,N,40 04:01.894,75 13:49.155,225, ,214,3,2,4,N, ,0,Y, , , , ,157607, , , ,1,1,0,0,0,0,0,0,0,0,1,0,1,0,0,0,0,0,0,0,0,0,0,0,0,0,0,0,0,0,0,0,0,0,0,3,0,40.0672,-75.2303, , 
 ,15238,2016047005,6,67,67301,2016,4,7,2146,21,3,1,0,4,1, , ,N,1,2,0,3,0,4,5,2,N, ,39 59:34.615,75 06:37.098,2155, ,2155, ,0, , , ,3, , , , , ,157616, , , ,2,2,0,0,0,0,0,0,0,0,0,4,4,0,0,0,0,0,0,0,0,0,0,1,0,0,0,0,0,0,0,0,0,0,0,4,0,39.9929,-75.1103, , 
 ,15239,2016052408,6,67,67301,2016,5,1,549,5,3,2,1,7,4, , ,N,0,0,0,3,0,2,2,2,N,N,39 58:25.721,75 12:23.873,553, ,552,2,1,3,Y, ,0,Y, , , , ,157661, , , ,2,2,0,0,0,0,0,0,0,0,0,0,2,2,0,0,0,0,0,0,0,0,0,0,0,0,0,0,0,0,0,0,0,0,0,8,0,39.9738,-75.2066, , 
 ,15240,2016056023,6,67,67301,2016,5,1,1754,17,1,1,0,6,1, , ,N,2,0,0,3,0,0,1,2,N, ,40 02:33.126,75 05:47.626,1802, ,1756, ,0, , , ,0, , , , , ,157665, , , ,2,0,0,0,0,0,1,1,0,0,0,0,0,0,0,0,0,0,0,0,0,0,0,0,0,0,0,0,0,0,0,0,0,0,0,0,0,40.0425,-75.0966, , 
 ,15241,2016058789,6,67,67301,2016,5,4,1109,11,1,1,0,4,1, , ,N,0,0,0,3,0,0,2,2,N,N,39 57:48.270,75 08:19.107,1126, ,1118, ,0, , , ,0, , , , , ,157669, , , ,2,1,0,0,0,0,1,0,0,0,0,0,0,0,0,0,0,0,0,0,1,0,0,0,0,0,0,0,0,0,0,0,0,0,0,0,0,39.9634,-75.1386, , 
 ,15242,2016013965,6,67,67301,2016,1,3,1009,10,1,1,0,4,1, , ,N,1,2,0,3,0,1,2,2,N,N,39 57:41.996,75 09:22.102,1613, ,1010,1,1,1,N, ,3,Y, , , , ,157674, , , ,2,0,0,0,0,0,1,1,0,0,0,0,1,1,0,0,0,0,0,0,0,0,0,1,0,0,0,0,0,0,0,0,0,0,0,8,0,39.9617,-75.1561, , 
 ,15243,2016033927,6,67,67301,2016,3,2,1756,17,4,2,1,4,1, , ,N,2,3,0,3,0,3,3,2,N,N,40 03:29.509,75 08:39.033,1824, ,1821,2,1,4,N, ,3,N, , , , ,157702, , , ,2,0,0,0,0,0,2,0,0,0,0,3,3,0,0,0,0,0,0,0,1,0,0,0,0,0,0,0,0,0,0,0,0,0,0,4,0,40.0582,-75.1442, , 
 ,15244,2016036457,6,67,67301,2016,3,4,928,9,1,1,0,8,1, , ,N,1,2,0,3,0,2,2,2,N, ,40 02:07.082,75 04:14.554,935, ,930,2,2,2, , ,3,Y, , , , ,157705, , , ,1,0,1,0,0,0,0,0,0,0,0,0,2,2,0,0,0,0,0,0,0,0,0,0,0,0,0,0,0,0,0,0,1,0,0,8,0,40.0353,-75.0707, , 
 ,15245,2016051302,6,67,67301,2016,4,6,2236,22,3,2,1,4,1, , ,N,1,3,0,3,0,0,4,2,N, ,40 07:44.061,75 00:31.316,2330, ,2317, ,0, ,N, ,3, , , , , ,157717, , , ,2,0,0,0,0,0,2,0,0,0,0,0,0,0,0,0,0,0,0,0,1,0,0,0,0,0,0,0,0,0,0,0,0,0,0,0,0,40.1289,-75.0087, , 
 ,15246,2016026139,6,67,67301,2016,2,3,1650,16,3,1,1,4,1, , ,N,1,3,0,3,0,0,4,2,N,N,40 01:22.525,75 09:47.379,1717, ,1710,1,1,1,N, ,3,N, , , , ,157744, , , ,2,1,0,0,0,0,1,0,0,0,0,0,0,0,2,0,0,0,0,0,0,0,0,0,0,0,0,0,0,0,0,0,0,0,0,9,0,40.0229,-75.1632, , 
 ,15247,2016029928,6,67,67301,2016,2,2,1005,10,1,1,0,8,1, , ,N,1,2,0,3,0,1,2,2,N,N,40 06:00.676,75 01:18.249,1012, ,1009, ,0, ,N, ,3, , , , , ,157748, , , ,1,0,0,0,0,0,0,1,0,0,0,0,1,1,0,0,0,0,0,0,0,0,0,1,0,0,0,0,0,0,0,0,1,0,0,8,0,40.1002,-75.0217, , 
 ,15248,2016031387,6,67,67301,2016,3,7,1800,18,3,1,0,8,1, , ,N,0,0,0,3,0,3,4,4,N, ,39 59:55.226,75 06:19.429,1830, ,1830, ,0, , , ,0, , , , , ,157750, , , ,1,1,0,0,0,0,0,0,0,0,0,3,3,0,0,0,0,0,0,0,1,0,0,1,0,0,0,0,0,0,0,0,3,0,0,4,0,39.9987,-75.1054, , 
 ,15249,2016039673,6,67,67301,2016,3,7,836,8,1,1,0,5,1, , ,N,1,2,0,3,0,1,2,2,N, ,39 57:27.036,75 13:02.383,836, ,836, ,0, , , ,3, , , , , ,157758, , , ,2,1,0,0,0,0,1,0,0,0,0,1,1,0,1,0,0,0,0,0,0,0,0,0,0,0,0,0,0,0,0,0,0,0,0,4,0,39.9575,-75.2173, , 
 ,15250,2016048511,6,67,67301,2016,4,7,1400,14,1,1,0,1,1, , ,N,0,0,0,3,0,1,2,2,N,N,40 04:28.024,75 02:04.182,1420, ,1412,1,1,1,N, ,0,N, , , , ,157765, , , ,2,1,1,0,0,0,0,0,0,0,0,1,1,0,0,0,0,0,0,0,1,0,0,0,0,0,0,0,0,0,0,0,0,0,0,4,0,40.0745,-75.0345, , 
 ,15251,2016041522,6,67,67301,2016,4,3,1017,10,1,2,1,5,1, , ,N,0,0,3,3,0,1,2,2,N,N,39 53:13.776,75 12:17.696,1033, ,1027, ,0, , , ,0, , , , , ,160654, , , ,2,1,0,0,0,0,0,1,0,0,1,0,1,0,0,0,0,0,0,0,2,0,0,0,0,0,0,0,0,0,0,0,0,0,0,3,0,39.8872,-75.2049, , 
 ,15252,2016019754,6,67,67301,2016,1,3,1220,12,1,1,0,4,1, , ,N,0,0,7,3,0,1,3,2,N,N,40 00:54.459,75 12:27.064,1230, ,1225,1,1,1,N, ,0,N, , , , ,160667, , , ,2,0,0,0,0,0,2,0,0,0,0,1,1,0,0,0,0,0,0,0,0,0,0,1,0,0,0,0,0,0,0,0,0,0,0,4,0,40.0151,-75.2075, , 
 ,15253,2016027550,6,67,67301,2016,2,5,1640,16,4,1,0,4,1, , ,N,1,3,0,3,0,1,2,2,N,N,40 01:18.739,75 09:06.472,1720, ,1640, ,0, ,N, ,3, , , , , ,160675, , , ,2,1,0,0,1,0,0,0,0,0,0,0,1,1,1,0,0,0,0,0,0,1,0,0,0,0,0,0,0,0,0,0,0,0,0,8,0,40.0219,-75.1518, , 
 ,15254,2016029908,6,67,67301,2016,2,5,1827,18,3,1,1,4,1, , ,N,0,0,7,3,0,1,2,2,N,N,39 53:59.716,75 11:38.027,1830, ,1827, ,0, ,N, ,0, , , , , ,160679, , , ,2,1,1,0,0,0,0,0,0,0,0,1,1,0,0,0,0,0,0,0,1,0,1,0,0,0,0,0,0,0,0,0,0,0,0,4,0,39.8999,-75.1939, , 
 ,15255,2016033891,6,67,67301,2016,3,7,1634,16,1,1,0,7,4, , ,N,2,0,0,3,0,1,1,1,N, ,39 58:20.326,75 09:19.623,1645, ,1637,2,1,2, , ,0,N, , , , ,160683, , , ,1,1,0,0,0,0,0,0,0,0,1,0,1,0,0,0,0,0,0,0,0,0,0,0,0,0,0,0,0,0,0,0,0,0,0,3,0,39.9723,-75.1555, , 
 ,15256,2016039732,6,67,67301,2016,3,2,9999,99,1,2,1,1,1, , ,N,2,2,0,3,0,1,2,2,N, ,39 59:15.701,75 12:58.133,9999, ,9999, ,0, , , ,3, , , , , ,160687, , , ,2,2,0,0,0,0,0,0,0,0,0,0,1,1,0,0,0,0,0,0,0,0,0,1,0,0,0,0,0,0,0,0,0,0,0,8,0,39.9877,-75.2161, , 
 ,15257,2016040917,6,67,67301,2016,3,1,9999,99,3,1,0,7,6, , ,N,0,0,0,3,0,1,1,1,N,N,39 55:14.199,75 12:52.063,205, ,9999, ,0, ,N, ,0, , , , , ,160688, , , ,1,0,0,0,0,0,1,0,0,0,0,0,1,1,0,0,0,0,0,0,0,0,0,0,0,0,0,0,0,0,0,0,0,0,0,8,0,39.9206,-75.2145, , 
 ,15258,2016044552,6,67,67301,2016,4,2,1910,19,4,1,0,1,1, , ,N,0,0,2,3,0,1,2,2,N, ,39 55:16.758,75 11:24.532,1943, ,1940, ,0, , , ,0, , , , , ,160692, , , ,2,1,0,0,0,0,0,1,0,0,0,1,1,0,0,0,0,0,0,0,0,0,0,0,0,0,0,0,0,0,0,0,0,0,0,4,0,39.9213,-75.1901, , 
 ,15259,2016013916,6,67,67301,2016,1,3,655,6,1,1,0,5,6, , ,N,0,0,0,3,0,1,1,2,N,N,40 01:35.043,75 12:32.892,724, ,718, ,0, ,N, ,0, , , , , ,160712, , , ,2,1,0,0,0,0,1,0,0,0,0,1,1,0,0,0,0,0,0,0,0,0,0,0,0,0,0,0,0,0,0,0,0,0,0,4,0,40.0264,-75.2091, , 
 ,15260,2016017563,6,67,67301,2016,2,7,1620,16,1,1,0,7,2, , ,N,0,0,2,3,0,0,1,1,N,N,39 54:44.700,75 10:12.200,1620, ,1620,3,1,4,N, ,0,Y, , , , ,160714, , , ,1,1,0,0,0,0,0,0,0,0,0,0,0,0,0,0,0,0,0,0,0,0,0,0,0,0,0,0,0,0,0,0,0,0,0,0,0,39.9124,-75.1701, , 
 ,15261,2016029788,6,67,67301,2016,2,2,945,9,1,2,1,4,1, , ,N,5,2,0,3,0,2,3,2,N,N,39 58:03.960,75 12:35.195,954, ,947,2,1,2,N, ,3,Y, , , , ,160723, , , ,2,2,0,0,0,0,0,0,0,0,0,1,2,1,0,0,0,0,0,0,0,0,0,0,0,0,0,0,0,0,0,0,0,0,0,4,0,39.9677,-75.2097, , 
 ,15262,2016033170,6,67,67301,2016,3,3,942,9,1,1,0,1,1, , ,N,0,0,2,3,0,0,3,2,N,N,39 57:11.341,75 08:28.192,953, ,944,2,2,1, , ,0,N, , , , ,160726, , , ,2,1,0,0,0,0,1,0,0,0,0,0,0,0,0,0,0,0,0,0,0,0,0,0,0,0,0,0,0,0,0,0,0,0,0,0,0,39.9532,-75.1412, , 
 ,15263,2016039723,6,67,67301,2016,3,2,1100,11,1,1,1,1,1, , ,N,2,3,0,3,0,1,2,2,N, ,39 57:30.992,75 12:28.771,1600, ,1600, ,0, , , ,3, , , , , ,160732, , , ,2,1,0,0,0,0,1,0,0,0,0,0,1,1,0,0,0,0,0,0,0,0,0,1,0,0,0,0,0,0,0,0,0,0,0,8,0,39.9586,-75.208, , 
 ,15264,2016041427,6,67,67301,2016,4,1,1200,12,1,1,0,5,6, , ,N,0,0,0,3,0,0,1,3,N,N,40 04:15.113,75 10:52.844,1225, ,1216, ,0, ,N, ,0, , , , , ,160735, , , ,3,1,0,0,0,0,1,1,0,0,0,0,0,0,0,0,0,0,0,0,0,0,0,0,0,0,0,0,0,0,0,0,0,0,0,0,0,40.0709,-75.1813, , 
 ,15265,2016046981,6,67,67301,2016,4,3,1820,18,1,1,0,8,1, , ,N,0,0,0,3,0,1,2,2,N,N,39 57:53.794,75 12:18.781,1907, ,1900, ,0, ,N, ,0, , , , , ,160742, , , ,1,1,0,0,0,0,0,0,0,0,0,1,1,0,0,0,0,0,0,0,1,0,0,0,0,0,0,0,0,0,0,0,1,0,0,4,0,39.9649,-75.2052, , 
 ,15266,2016050444,6,67,67301,2016,4,3,1430,14,1,1,0,1,1, , ,N,0,0,0,3,0,1,2,2, , ,39 54:38.993,75 11:34.089,0, ,0, ,0, , , ,0, , , , , ,160748, , , ,2,1,0,0,0,0,0,0,0,0,1,0,1,0,0,0,0,0,0,0,0,0,0,0,0,0,0,0,0,0,0,0,0,0,0,3,0,39.9108,-75.1928, , 
 ,15267,2016052922,6,67,67301,2016,4,3,1759,17,1,1,0,4,1, , ,N,0,0,0,3,0,2,3,2,N,N,39 53:05.260,75 14:38.532,1840, ,1815, ,0, , , ,0, , , , , ,160752, , , ,2,1,0,0,0,0,1,0,0,0,2,0,2,0,0,0,0,0,0,0,2,0,0,0,0,0,0,0,0,0,0,0,0,0,0,3,0,39.8848,-75.244, , 
 ,15268,2016029775,6,67,67301,2016,2,1,200,2,3,1,0,7,3, , ,N,0,0,0,3,0,1,1,1,N,N,39 57:32.577,75 10:19.132,231, ,230, ,0, ,N, ,0, , , , , ,160775, , , ,1,1,0,0,0,0,0,0,0,0,0,0,1,1,0,0,0,0,0,0,0,0,0,0,0,0,0,0,0,0,0,0,0,0,0,8,0,39.959,-75.172, , 
 ,15269,2016025182,6,67,67301,2016,2,7,9999,99,1,8,1,7,4, , ,N,0,0,0,3,0,1,1,1,N,N,40 03:02.916,75 09:30.380,0, ,9999,1,2,2, , ,0,Y, , , , ,164152, , , ,1,1,0,0,0,0,0,0,0,0,0,1,1,0,0,0,0,0,0,0,0,0,0,0,0,0,0,0,0,0,0,0,0,0,0,4,0,40.0508,-75.1584, , 
 ,15270,2016026070,6,67,67301,2016,2,2,327,3,3,1,0,7,4, , ,N,2,2,0,3,0,1,1,2,N,N,40 01:52.459,75 01:18.271,334, ,330, ,0, ,N, ,3, , , , , ,164153, , , ,2,2,0,0,0,0,0,0,0,0,1,0,1,0,0,0,0,0,0,0,0,0,0,1,0,0,0,0,0,0,0,0,0,0,0,3,0,40.0312,-75.0217, , 
 ,15271,2016046144,6,67,67301,2016,4,3,620,6,1,1,0,7,4, , ,N,1,2,0,3,0,1,1,1,N,N,39 59:27.116,75 09:18.941,624, ,623,2,1,2, , ,3,N, , , , ,164169, , , ,1,1,0,0,0,0,0,0,0,0,0,1,1,0,0,0,0,0,0,0,0,0,0,0,0,0,0,0,0,0,0,0,0,0,0,4,0,39.9909,-75.1551, , 
 ,15272,2016020048,6,67,67301,2016,2,5,658,6,1,8,6,6,1, , ,N,0,0,0,3,0,0,2,2,N,N,39 59:32.767,75 11:39.413,700, ,658,2,1,5,N, ,0,Y, , , , ,164190, , , ,2,2,0,0,0,0,0,0,0,0,0,0,0,0,0,0,0,0,0,0,1,0,0,0,0,0,0,0,0,0,0,0,0,0,0,0,0,39.9924,-75.1943, , 
 ,15273,2016035720,6,67,67301,2016,3,2,2233,22,3,1,0,5,1, , ,N,0,2,0,3,0,3,5,3,N,N,39 57:24.904,75 13:30.483,2234, ,2234, ,0, ,N, ,3, , , , , ,164204, , , ,3,2,0,0,0,0,1,0,0,0,0,0,3,3,1,0,0,0,0,0,0,0,0,0,0,0,0,0,0,0,0,0,0,0,0,8,0,39.9569,-75.2251, , 
 ,15274,2016052335,6,67,67301,2016,5,2,745,7,6,2,1,8,1, , ,N,1,2,0,3,0,1,2,2,N,N,40 01:32.829,75 07:58.227,1120, ,1115, ,0, ,N, ,3, , , , , ,164214, , , ,1,0,0,1,0,0,0,0,0,0,0,1,1,0,0,0,0,0,0,0,0,0,0,0,0,0,0,0,0,0,0,0,1,0,0,4,1,40.0258,-75.1328, , 
 ,15275,2016053554,6,67,67301,2016,5,7,343,3,3,1,0,4,1, , ,N,1,2,0,3,0,3,4,2,N,N,39 59:17.890,75 15:14.288,345, ,343,1,1,2,N, ,3,N, , , , ,164216, , , ,2,2,0,0,0,0,0,0,0,0,0,2,3,1,0,0,0,0,0,0,1,0,0,0,0,0,0,0,0,0,0,0,0,0,0,4,0,39.9883,-75.254, , 
 ,15276,2016056036,6,67,67301,2016,5,1,1000,10,1,1,0,4,1, , ,N,1,2,0,3,0,1,5,3,N,N,39 58:15.412,75 08:21.253,1007, ,1004, ,0, ,N, ,3, , , , , ,164225, , , ,3,1,0,0,0,0,2,0,0,0,0,1,1,0,0,0,0,0,0,0,1,0,0,0,0,0,0,0,0,0,0,0,0,0,0,4,0,39.9709,-75.1392, , 
 ,15277,2016013825,6,67,67301,2016,1,3,1845,18,3,1,0,4,1, , ,N,1,2,0,3,0,2,3,2,N,N,40 02:34.004,75 06:48.689,1851, ,1849, ,0, ,N, ,3, , , , , ,164230, , , ,2,1,0,0,0,0,1,0,0,0,0,1,2,1,0,0,0,0,0,1,1,0,0,0,0,0,0,0,0,0,0,0,0,0,0,4,0,40.0428,-75.1135, , 
 ,15278,2016019811,6,67,67301,2016,2,7,1000,10,1,1,0,1,1, , ,N,1,2,0,3,0,1,2,2,N,N,40 00:16.318,75 07:55.437,1006, ,1006, ,0, , , ,3, , , , , ,164236, , , ,2,1,0,0,0,0,1,0,0,0,0,1,1,0,0,0,0,0,0,0,1,0,0,0,0,0,0,0,0,0,0,0,0,0,0,4,0,40.0045,-75.1321, , 
 ,15279,2016029936,6,67,67301,2016,2,4,1617,16,1,2,1,4,1, , ,N,1,3,0,3,0,0,2,2,N,N,39 55:02.791,75 14:02.756,1651, ,1650, ,0, ,N, ,3, , , , , ,164243, , , ,2,2,0,0,0,0,0,0,0,0,0,0,0,0,0,0,0,0,0,0,1,0,0,0,0,0,0,0,0,0,0,0,0,0,0,0,0,39.9174,-75.2341, , 
 ,15280,2016012171,6,67,67301,2016,1,4,820,8,1,1,0,1,1, , ,N,0,0,0,3,0,1,3,2,N,N,39 59:21.310,75 12:23.351,829, ,825,1,2,3, , ,0,N, , , , ,164283, , , ,2,2,0,0,0,0,0,0,0,0,0,0,1,1,0,0,0,0,0,0,0,0,0,0,0,0,0,0,0,0,0,0,0,0,0,8,0,39.9893,-75.2065, , 
 ,15281,2016013310,6,67,67301,2016,1,5,1841,18,3,1,0,7,5, , ,N,0,0,0,3,0,1,1,1,N,N,40 02:20.608,75 01:04.339,1851, ,1843, ,0, ,N, ,0, , , , , ,164328, , , ,1,1,0,0,0,0,0,0,0,0,0,1,1,0,0,0,0,0,0,0,1,0,0,0,0,0,0,0,0,0,0,0,0,0,0,4,0,40.0391,-75.0179, , 
 ,15282,2016052829,6,67,67301,2016,4,3,1358,13,1,1,0,4,1, , ,N,0,0,0,3,0,1,3,2,N,N,39 57:31.024,75 13:34.465,1402, ,1359, ,0, ,N, ,0, , , , , ,164355, , , ,2,2,0,0,0,0,0,0,0,0,0,1,1,0,1,0,0,0,0,0,0,0,0,0,0,0,0,0,0,0,0,0,0,0,0,4,0,39.9586,-75.2262, , 