wz_ln_closure,objectid_1,crn,district,county,municipality,crash_year,crash_month,day_of_week,time_of_day,hour_of_day,illumination,weather,road_condition,collision_type,relation_to_road,work_zone_type,work_zone_loc,work_zone_ind,intersect_type,tcd_type,location_type,urban_rural,fatal_count,injury_count,person_count,total_units,sch_bus_ind,sch_zone_ind,latitude,longitude,arrival_tm,cons_zone_spd_lim,dispatch_tm,est_hrs_closed,lane_closed,ln_close_dir,ntfy_hiwy_maint,spec_juris_cd,tcd_func_cd,tfc_detour_ind,workers_pres,wz_close_detour,wz_flagger,wz_law_offcr_ind,objectid,wz_moving,wz_other,wz_shlder_mdn,vehicle_count,automobile_count,motorcycle_count,bus_count,small_truck_count,heavy_truck_count,suv_count,van_count,bicycle_count,maj_inj_count,mod_inj_count,min_inj_count,tot_inj_count,unk_inj_deg_count,unk_inj_per_count,driver_count_16yr,driver_count_17yr,driver_count_18yr,driver_count_19yr,driver_count_20yr,driver_count_50_64yr,driver_count_65_74yr,driver_count_75plus,unbelted_occ_count,unb_death_count,unb_maj_inj_count,belted_death_count,belted_maj_inj_count,mcycle_death_count,mcycle_maj_inj_count,bicycle_death_count,bicycle_maj_inj_count,ped_count,ped_death_count,ped_maj_inj_count,max_severity_level,comm_veh_count,dec_lat,dec_long,rdwy_surf_type_cd,county_name
 ,15283,2016053699,6,67,67301,2016,5,7,2053,20,3,1,0,4,1, , ,N,1,2,0,3,0,0,3,2,N, ,40 03:35.733,75 01:06.209,2057, ,2054, ,0, , , ,3, , , , , ,164356, , , ,2,2,0,0,0,0,0,0,0,0,0,0,0,0,0,0,1,0,0,0,0,0,0,0,0,0,0,0,0,0,0,0,0,0,0,0,0,40.0599,-75.0184, , 
 ,15284,2016062690,6,67,67301,2016,5,4,700,7,1,1,0,7,3, , ,N,0,0,0,3,0,1,1,1,N, ,39 56:49.958,75 08:28.933,740, ,720, ,0, , , ,0, , , , , ,164362, , , ,1,0,0,0,0,0,1,0,0,0,1,0,1,0,0,0,0,0,0,0,0,0,0,0,0,0,0,0,0,0,0,0,0,0,0,3,0,39.9472,-75.1414, , 
 ,15285,2016063181,6,67,67301,2016,6,6,619,6,1,1,0,1,1, , ,N,0,0,0,3,0,0,3,3,N,N,39 58:47.681,75 12:17.770,627, ,619,1,1,3, , ,0,N, , , , ,164363, , , ,3,2,0,0,0,0,1,0,0,0,0,0,0,0,0,0,0,0,0,0,0,0,0,0,0,0,0,0,0,0,0,0,0,0,0,0,0,39.9799,-75.2049, , 
 ,15286,2016036375,6,67,67301,2016,3,2,1340,13,1,1,0,1,6, , ,N,0,0,0,3,0,2,2,2,N,Y,40 02:59.088,75 04:33.107,1423, ,1421, ,0, ,N, ,0, , , , , ,164393, , , ,2,0,0,0,1,0,1,0,0,0,0,0,2,2,0,0,0,0,0,0,0,0,0,0,0,0,0,0,0,0,0,0,0,0,0,8,0,40.0497,-75.0759, , 
 ,15287,2016062786,6,67,67301,2016,6,2,922,9,1,1,0,1,1, , ,N,0,0,0,3,0,4,4,4,N,N,39 57:29.615,75 09:52.679,956, ,929,2,2,4, , ,0,Y, , , , ,166443, , , ,4,2,0,0,0,0,1,1,0,0,0,0,4,4,0,0,0,0,0,0,1,0,0,0,0,0,0,0,0,0,0,0,0,0,0,8,0,39.9582,-75.1646, , 
 ,15288,2016026031,6,67,67301,2016,2,6,1005,10,1,1,0,7,5, , ,N,0,0,0,3,0,1,2,2,N,N,39 57:33.933,75 14:28.366,1010, ,1008, ,0, ,N, ,0, , , , , ,166465, , , ,1,0,0,0,0,0,0,1,0,0,0,1,1,0,0,0,0,0,0,0,0,0,0,0,0,0,0,0,0,0,0,0,0,0,0,4,0,39.9594,-75.2412, , 
 ,15289,2016031076,6,67,67301,2016,2,6,150,1,3,1,0,1,6, , ,N,0,0,0,3,0,0,1,2,N,N,39 56:23.510,75 09:33.091,9999, ,9999, ,0, ,N, ,0, , , , , ,166471, , , ,2,2,0,0,0,0,0,0,0,0,0,0,0,0,0,0,0,0,0,0,0,0,0,0,0,0,0,0,0,0,0,0,0,0,0,0,0,39.9399,-75.1592, , 
 ,15290,2016013832,6,67,67301,2016,1,1,132,1,3,1,0,4,1, , ,N,1,2,0,3,0,0,3,2,N,N,40 01:34.076,75 07:18.694,135, ,132, ,0, ,N, ,3, , , , , ,166507, , , ,2,0,0,0,0,0,2,0,0,0,0,0,0,0,0,0,0,0,0,0,0,0,0,0,0,0,0,0,0,0,0,0,0,0,0,0,0,40.026,-75.122, , 
 ,15291,2016013974,6,67,67301,2016,1,1,435,4,3,2,1,7,4, , ,N,0,0,0,3,0,1,1,1,N,N,40 00:57.802,75 10:33.287,500, ,440, ,0, ,N, ,0, , , , , ,166508, , , ,1,1,0,0,0,0,0,0,0,0,0,0,1,1,0,0,0,0,0,0,0,0,0,1,0,0,0,0,0,0,0,0,0,0,0,8,0,40.0161,-75.1759, , 
 ,15292,2016014443,6,67,67301,2016,1,2,1805,18,3,1,0,8,1, , ,N,1,2,0,3,0,1,2,2,N, ,40 00:45.346,75 09:39.342,1820, ,1815, ,0, , , ,3, , , , , ,166509, , , ,1,1,0,0,0,0,0,0,0,0,0,1,1,0,1,0,0,0,0,0,0,0,0,0,0,0,0,0,0,0,0,0,1,0,0,4,0,40.0126,-75.1609, , 
 ,15293,2016014499,6,67,67301,2016,1,5,629,6,1,4,5,7,2, , ,N,7,0,2,3,0,0,1,1,N,N,39 59:50.669,75 04:55.143,655, ,641,1,2,2, , ,0,Y, , , , ,166510, , , ,1,0,0,0,0,0,1,0,0,0,0,0,0,0,0,0,0,0,0,0,0,0,0,0,0,0,0,0,0,0,0,0,0,0,0,0,0,39.9974,-75.082, , 
 ,15294,2016038235,6,67,67301,2016,4,4,2223,22,3,1,0,7,2, , ,N,0,0,0,3,0,0,1,1,N,N,39 59:24.676,75 12:19.735,2231, ,2228, ,0, , , ,0, , , , , ,166520, , , ,1,1,0,0,0,0,0,0,0,0,0,0,0,0,1,0,0,0,0,0,0,0,0,0,0,0,0,0,0,0,0,0,0,0,0,9,0,39.9902,-75.2055, , 
 ,15295,2016039654,6,67,67301,2016,3,5,1600,16,1,1,0,4,1, , ,N,1,3,2,3,0,0,2,2,N, ,40 00:53.378,75 12:23.551,1605, ,1600, ,0, , , ,3, , , , , ,166522, , , ,2,1,0,0,0,0,1,0,0,0,0,0,0,0,0,0,0,0,0,0,0,0,0,1,0,0,0,0,0,0,0,0,0,0,0,0,0,40.0149,-75.2067, , 
 ,15296,2016011248,6,67,67301,2016,1,7,1735,17,3,1,0,8,1, , ,N,2,0,0,3,0,1,4,2,N, ,40 05:34.569,74 57:42.029,1745, ,1740, ,0, , , ,0, , , , , ,166549, , , ,1,1,0,0,0,0,0,0,0,0,0,1,1,0,0,0,0,0,0,0,0,0,0,0,0,0,0,0,0,0,0,0,1,0,0,4,0,40.0929,-74.9617, , 
 ,15297,2016044605,6,67,67301,2016,4,4,1851,18,1,1,0,8,1, , ,N,1,3,0,3,0,1,2,2,N, ,39 58:53.587,75 07:15.484,1852, ,1851, ,0, , , ,3, , , , , ,166581, , , ,1,1,0,0,0,0,0,0,0,0,0,0,1,1,0,0,0,0,0,0,1,0,0,1,0,0,0,0,0,0,0,0,1,0,0,8,0,39.9816,-75.121, , 
 ,15298,2016048666,6,67,67301,2016,4,7,2316,23,3,1,0,3,1, , ,N,0,0,0,3,0,1,2,2,N,N,40 01:16.129,75 08:44.199,45, ,41, ,0, ,N, ,0, , , , , ,166582, , , ,2,1,0,0,0,0,1,0,0,0,0,1,1,0,0,0,0,0,0,0,0,0,0,2,0,0,0,0,0,0,0,0,0,0,0,4,0,40.0211,-75.1456, , 
 ,15299,2016053688,6,67,67301,2016,5,5,1502,15,1,1,0,3,1, , ,N,1,0,0,3,0,1,2,2,N, ,39 55:22.227,75 09:41.119,1525, ,1519, ,0, , , ,0, , , , , ,166587, , , ,1,0,0,0,0,0,1,0,1,0,0,1,1,0,0,0,0,0,0,0,0,0,0,0,0,0,0,0,0,0,0,0,0,0,0,4,0,39.9228,-75.1614, , 
 ,15300,2016041042,6,67,67301,2016,4,3,745,7,1,1,0,1,1, , ,N,0,0,0,3,0,3,6,4,N,N,39 58:52.899,75 06:00.280,746, ,746,2,1,3,N, ,0,N, , , , ,166621, , , ,4,3,0,0,0,0,1,0,0,0,0,3,3,0,0,0,0,0,0,0,0,0,0,0,0,0,0,0,0,0,0,0,0,0,0,4,0,39.9814,-75.1001, , 
 ,15301,2016051282,6,67,67301,2016,4,5,1830,18,4,1,0,8,1, , ,N,2,3,0,3,0,1,2,2,N,N,40 01:21.313,75 09:45.162,1842, ,1940, ,0, , , ,3, , , , , ,166630, , , ,1,1,0,0,0,0,0,0,0,0,0,1,1,0,0,0,0,0,0,0,0,1,0,0,0,0,0,0,0,0,0,0,1,0,0,4,0,40.0226,-75.1625, , 
 ,15302,2016058534,6,67,67301,2016,5,7,1941,19,1,2,1,4,1, , ,N,1,2,0,3,0,1,3,2,N, ,39 55:19.114,75 09:03.895,1941, ,1941, ,0, , , ,3, , , , , ,166653, , , ,2,1,0,0,0,0,1,0,0,0,0,1,1,0,0,0,0,0,0,0,0,0,0,1,0,0,0,0,0,0,0,0,0,0,0,4,0,39.922,-75.151, , 
 ,15303,2016060058,6,67,67301,2016,5,6,1349,13,1,1,0,5,1, , ,N,6,0,0,3,0,1,3,2,N,N,40 00:11.864,75 11:42.460,1401, ,1352, ,0, , , ,0, , , , , ,166658, , , ,2,1,0,0,0,1,0,0,0,0,0,0,1,1,0,0,0,0,0,0,0,1,0,0,0,0,0,0,0,0,0,0,0,0,0,8,1,40.0033,-75.1951, , 
 ,15304,2016062633,6,67,67301,2016,5,3,1815,18,1,1,0,8,1, , ,N,0,0,0,3,0,1,2,2,N,N,39 59:04.956,75 10:08.331,1830, ,1823, ,0, ,N, ,0, , , , , ,166662, , , ,1,0,0,0,0,0,1,0,0,0,1,0,1,0,0,0,0,0,0,0,1,0,0,0,0,0,0,0,0,0,0,0,1,0,0,3,0,39.9847,-75.169, , 
 ,15305,2016062644,6,67,67301,2016,5,7,1709,17,1,1,0,4,1, , ,N,5,2,0,3,0,1,2,2,N, ,39 57:49.841,75 13:12.286,1711, ,1710, ,0, , , ,3, , , , , ,166663, , , ,2,0,0,0,0,0,0,1,0,0,0,0,1,1,0,0,0,0,0,0,0,0,0,0,0,0,0,0,0,0,0,0,0,0,0,8,0,39.9638,-75.2201, , 
 ,15306,2016013861,6,67,67301,2016,1,1,1030,10,1,1,0,7,4, , ,N,0,0,0,3,0,1,1,1,N,N,40 01:45.354,75 01:31.027,1033, ,1030, ,0, ,N, ,0, , , , , ,157779, , , ,1,1,0,0,0,0,0,0,0,0,0,1,1,0,0,0,0,0,0,0,0,0,0,0,0,0,0,0,0,0,0,0,0,0,0,4,0,40.0293,-75.0253, , 
 ,15307,2016016130,6,67,67301,2016,1,4,2346,23,3,1,0,4,1, , ,N,1,2,0,3,0,4,4,2,N, ,39 59:58.554,75 07:30.237,2347, ,2346,4,2,7, , ,3,Y, , , , ,157783, , , ,2,2,0,0,0,0,0,0,0,1,0,3,4,0,0,0,0,0,0,1,0,0,0,0,0,0,0,1,0,0,0,0,0,0,0,2,0,39.9996,-75.1251, , 
 ,15308,2016039816,6,67,67301,2016,3,5,628,6,1,1,0,1,1, , ,N,0,0,0,3,0,0,4,4,N,N,39 57:36.016,75 10:43.785,642, ,628, ,0, , , ,0, , , , , ,157795, , , ,4,3,0,0,0,0,1,0,0,0,0,0,0,0,0,0,0,0,0,0,0,2,0,0,0,0,0,0,0,0,0,0,0,0,0,0,0,39.96,-75.1788, , 
 ,15309,2016048575,6,67,67301,2016,4,6,2336,23,3,2,1,1,1, , ,N,1,2,0,3,0,2,2,2,N,N,39 54:50.789,75 08:59.633,27, ,19, ,0, ,N, ,3, , , , , ,157803, , , ,2,1,0,0,0,0,1,0,0,0,0,1,2,1,0,0,0,0,0,0,0,0,0,0,0,0,0,0,0,0,0,0,0,0,0,4,0,39.914,-75.1499, , 
 ,15310,2016059486,6,67,67301,2016,6,1,730,7,1,1,0,1,1, , ,N,1,2,0,3,0,1,2,2,N,N,39 57:24.012,75 11:52.849,730, ,730, ,0, ,N, ,3, , , , , ,157812, , , ,2,2,0,0,0,0,0,0,0,0,1,0,1,0,0,0,0,0,0,0,0,0,0,0,0,0,0,0,0,0,0,0,0,0,0,3,0,39.9567,-75.198, , 
 ,15311,2016062643,6,67,67301,2016,5,7,1620,16,1,1,0,1,1, , ,N,0,0,0,3,0,1,2,2,N,N,40 00:37.174,75 11:07.558,1640, ,1634,2,1,2,N, ,0,Y, , , , ,157814, , , ,2,2,0,0,0,0,0,0,0,0,0,1,1,0,0,0,0,0,0,0,0,0,0,0,0,0,0,0,0,0,0,0,0,0,0,4,0,40.0103,-75.1854, , 
 ,15312,2016026065,6,67,67301,2016,2,5,900,9,1,1,0,7,4, , ,N,1,2,0,3,0,0,1,1,N, ,40 04:09.505,75 00:26.083,912, ,904,1,1,2, , ,3,N, , , , ,157836, , , ,1,0,0,0,0,0,1,0,0,0,0,0,0,0,0,0,0,0,0,0,0,0,0,0,0,0,0,0,0,0,0,0,0,0,0,0,0,40.0692,-75.0073, , 
 ,15313,2016036438,6,67,67301,2016,3,7,1610,16,1,1,0,8,1, , ,N,0,0,0,3,0,1,2,2,N,N,40 01:48.738,75 04:43.690,1635, ,1633, ,0, , , ,0, , , , , ,157848, , , ,1,1,0,0,0,0,0,0,0,0,0,1,1,0,0,0,0,0,0,0,0,0,0,1,0,0,0,0,0,0,0,0,1,0,0,4,0,40.0302,-75.0788, , 
 ,15314,2016045726,6,67,67301,2016,4,4,915,9,1,1,0,4,1, , ,N,1,0,0,3,0,1,2,2,N, ,40 01:06.321,75 11:10.226,925, ,920, ,0, , , ,0, , , , , ,157857, , , ,2,1,0,0,0,0,0,0,0,0,1,0,1,0,0,0,0,0,0,1,0,0,0,0,0,0,0,0,0,0,0,0,0,0,0,3,0,40.0184,-75.1862, , 
 ,15315,2016008598,6,67,67301,2016,1,2,1550,15,1,1,0,4,1, , ,N,1,2,0,3,0,1,2,2,N, ,39 55:01.871,75 10:28.591,1555, ,1553, ,0, , , ,3, , , , , ,157869, , , ,2,2,0,0,0,0,0,0,0,0,0,1,1,0,0,0,0,0,0,1,0,0,1,1,0,0,0,0,0,0,0,0,0,0,0,4,0,39.9172,-75.1746, , 
 ,15316,2016016569,6,67,67301,2016,1,6,2242,22,3,4,3,1,1, , ,N,1,2,0,3,0,0,2,2,N, ,39 56:19.856,75 10:29.074,2255, ,2245, ,0, , , ,3, , , , , ,157875, , , ,2,1,0,0,0,0,1,0,0,0,0,0,0,0,0,0,0,0,0,0,1,0,0,0,0,0,0,0,0,0,0,0,0,0,0,0,0,39.9388,-75.1747, , 
 ,15317,2016019179,6,67,67301,2016,1,6,1740,17,3,1,0,8,1, , ,N,0,0,0,3,0,2,2,2,N,N,40 01:32.806,75 12:31.686,1753, ,1747,2,1,2,N, ,0,Y, , , , ,157878, , , ,1,0,0,0,0,0,1,0,0,0,0,0,2,2,0,0,0,0,0,0,0,0,0,0,0,0,0,0,0,0,0,0,1,0,0,8,0,40.0258,-75.2088, , 
 ,15318,2016026045,6,67,67301,2016,2,4,1235,12,1,4,1,1,1, , ,N,2,2,0,3,0,1,2,2,N, ,39 55:19.581,75 11:18.672,1235, ,1235, ,0, , , ,3, , , , , ,157881, , , ,2,1,0,0,0,0,0,0,0,0,0,0,1,1,0,0,0,0,0,0,0,0,0,1,0,0,0,0,0,0,0,0,0,0,0,8,0,39.9219,-75.1888, , 
 ,15319,2016036543,6,67,67301,2016,3,1,449,4,3,1,0,4,1, , ,N,5,2,1,3,0,0,2,2,N,N,39 59:38.223,75 07:04.994,449, ,449,2,2,2,N, ,3,Y, , , , ,157891, , , ,2,2,0,0,0,0,0,0,0,0,0,0,0,0,0,0,0,0,0,0,0,0,0,0,0,0,0,0,0,0,0,0,0,0,0,0,0,39.994,-75.1181, , 
 ,15320,2016056006,6,67,67301,2016,5,6,825,8,1,2,1,1,1, , ,N,0,0,0,3,0,1,3,3,N,N,40 02:27.595,75 00:50.807,848, ,835,2,1,1,N, ,0,N, , , , ,157906, , , ,3,1,0,0,1,0,1,0,0,0,1,0,1,0,0,0,0,0,0,0,0,0,0,0,0,0,0,0,0,0,0,0,0,0,0,3,0,40.041,-75.0141, , 
 ,15321,2016028321,6,67,67301,2016,2,1,409,4,3,1,0,5,6, , ,N,0,0,0,3,0,0,1,3,N,N,40 01:05.389,75 12:40.775,451, ,449, ,0, ,N, ,0, , , , , ,157932, , , ,3,1,0,0,0,0,2,0,0,0,0,0,0,0,0,0,0,0,0,0,0,0,0,0,0,0,0,0,0,0,0,0,0,0,0,0,0,40.0182,-75.2113, , 
 ,15322,2016033831,6,67,67301,2016,3,3,1832,18,4,1,0,4,1, , ,N,1,2,0,3,0,1,2,2,N,N,40 00:11.036,75 09:51.469,1835, ,1832,1,1,2,N, ,3,N, , , , ,157939, , , ,2,2,0,0,0,0,0,0,0,0,0,0,1,1,0,0,0,0,0,0,0,0,0,0,0,0,0,0,0,0,0,0,0,0,0,8,0,40.0031,-75.1643, , 
 ,15323,2016036489,6,67,67301,2016,3,4,800,8,1,1,0,4,1, , ,N,1,0,0,3,0,1,3,2,N,N,39 57:35.877,75 09:29.177,807, ,803, ,0, ,N, ,0, , , , , ,157941, , , ,2,1,0,0,0,0,1,0,0,0,0,1,1,0,0,0,0,0,0,0,0,0,0,0,0,0,0,0,0,0,0,0,0,0,0,4,0,39.96,-75.1581, , 
 ,15324,2016053752,6,67,67301,2016,5,6,138,1,3,1,0,4,1, , ,N,2,3,3,3,0,0,2,2,N,N,40 01:11.208,75 09:02.246,157, ,138,9,1,4, , ,3,N, , , , ,160799, , , ,2,1,0,0,0,0,1,0,0,0,0,0,0,0,0,0,0,0,0,0,0,0,0,1,0,0,0,0,0,0,0,0,0,0,0,0,0,40.0198,-75.1506, , 
Y,15325,2016029956,6,67,67301,2016,3,5,1741,17,4,1,0,1,1,1,3,Y,0,0,0,3,0,2,6,3,N,N,40 03:22.490,75 02:47.898,1748,35,1742,2,1,1,N, ,0,N,N,U,U,N,160821,U,U,U,3,1,0,0,0,0,2,0,0,0,0,2,2,0,0,0,0,0,0,0,1,0,0,0,0,0,0,0,0,0,0,0,0,0,0,4,0,40.0562,-75.0466, , 
 ,15326,2016033901,6,67,67301,2016,3,6,1415,14,1,1,0,1,1, , ,N,0,0,0,3,0,2,4,4,N,N,40 00:43.434,75 10:54.827,1425, ,1425,3,1,2, , ,0,N, , , , ,160826, , , ,4,1,0,0,1,0,1,1,0,0,0,0,2,2,0,0,0,0,0,0,1,0,0,1,0,0,0,0,0,0,0,0,0,0,0,8,0,40.0121,-75.1819, , 
N,15327,2016040576,6,67,67301,2016,3,5,819,8,1,1,0,1,1,1,4,Y,0,8,0,3,0,1,3,3,N,N,40 01:48.609,75 01:19.641,845,45,819, ,0, , , ,3, ,Y,N,N,N,160832,N,N,Y,3,3,0,0,0,0,0,0,0,0,0,1,1,0,1,0,0,0,0,0,0,0,0,0,0,0,0,0,0,0,0,0,0,0,0,4,0,40.0302,-75.0221, , 
 ,15328,2016058580,6,67,67301,2016,5,1,1707,17,1,1,0,7,4, , ,N,0,0,0,3,0,3,3,1,N,N,40 01:23.233,75 08:11.455,1714, ,1707,1,1,2,N, ,0,N, , , , ,160847, , , ,1,1,0,0,0,0,0,0,0,0,0,1,3,2,0,0,0,0,0,0,0,0,0,0,0,0,0,0,0,0,0,0,0,0,0,4,0,40.0231,-75.1365, , 
 ,15329,2016013838,6,67,67301,2016,1,5,1600,16,1,1,0,2,1, , ,N,0,0,0,3,0,4,6,4,N,N,40 00:36.206,75 11:10.544,1616, ,1601,3,2,2,N, ,0,Y, , , , ,160857, , , ,4,3,0,0,1,0,0,0,0,2,0,0,4,2,0,0,0,0,0,0,1,1,0,2,0,1,0,0,0,0,0,0,0,0,0,2,0,40.0101,-75.1863, , 
 ,15330,2016014032,6,67,67301,2016,1,3,1450,14,1,1,0,1,1, , ,N,0,0,0,3,0,1,3,4,N,Y,40 01:50.022,75 02:03.562,1513, ,1505,2,2,5,N, ,0,Y, , , , ,160858, , , ,4,2,0,0,1,0,1,0,0,0,0,0,1,1,0,0,0,0,0,0,0,0,0,0,0,0,0,0,0,0,0,0,0,0,0,8,0,40.0306,-75.0343, , 
 ,15331,2016026089,6,67,67301,2016,1,3,1050,10,1,1,0,4,1, , ,N,1,3,0,3,0,0,3,2,N, ,40 02:12.577,75 04:09.489,1116, ,1058, ,0, , , ,3, , , , , ,160868, , , ,2,2,0,0,0,0,0,0,0,0,0,0,0,0,0,0,0,0,0,0,0,0,0,0,0,0,0,0,0,0,0,0,0,0,0,0,0,40.0368,-75.0692, , 
 ,15332,2016041419,6,67,67301,2016,3,2,729,7,1,2,1,7,4, , ,N,0,0,0,3,0,1,1,1,N,N,39 59:50.256,75 10:49.735,834, ,730, ,0, , , ,0, , , , , ,160878, , , ,1,1,0,0,0,0,0,0,0,0,0,1,1,0,0,0,0,0,0,0,0,0,0,0,0,0,0,0,0,0,0,0,0,0,0,4,0,39.9973,-75.1805, , 
 ,15333,2016048665,6,67,67301,2016,4,5,1252,12,1,1,0,1,1, , ,N,1,2,0,3,0,1,2,2,N, ,39 53:40.603,75 14:12.181,1257, ,1255, ,0, , , ,2, , , , , ,160885, , , ,2,0,0,0,0,1,1,0,0,0,0,1,1,0,0,0,0,0,0,0,2,0,0,1,0,0,0,0,0,0,0,0,0,0,0,4,1,39.8946,-75.2367, , 
 ,15334,2016048678,6,67,67301,2016,4,2,1150,11,1,1,0,4,1, , ,N,1,2,0,3,0,1,3,2,N,N,40 02:06.421,75 04:15.407,1155, ,1152,2,1,2,N, ,3,N, , , , ,160886, , , ,2,2,0,0,0,0,0,0,0,0,0,0,1,1,0,0,0,0,1,0,0,0,0,0,0,0,0,0,0,0,0,0,0,0,0,8,0,40.0351,-75.0709, , 
 ,15335,2016067113,6,67,67301,2016,6,3,1803,18,1,1,0,1,1, , ,N,0,0,0,3,0,1,3,3,N,N,39 56:51.569,75 08:30.748,1830, ,1808,2,2,1, , ,0,N, , , , ,160909, , , ,3,2,0,0,0,0,1,0,0,0,1,0,1,0,0,0,0,0,0,0,0,0,0,0,0,0,0,0,0,0,0,0,0,0,0,3,0,39.9477,-75.1419, , 
 ,15336,2016080912,6,67,67301,2016,6,5,1807,18,1,1,0,8,1, , ,N,0,0,0,3,0,1,3,2,N,N,40 04:23.107,75 03:13.641,1812, ,1808,1,1,2,N, ,0,N, , , , ,160921, , , ,1,0,0,0,0,0,1,0,0,0,0,0,1,1,0,0,0,1,0,0,0,0,0,0,0,0,0,0,0,0,0,0,1,0,0,8,0,40.0731,-75.0538, , 
 ,15337,2016087200,6,67,67301,2016,8,6,259,2,3,1,0,4,1, , ,N,2,2,2,3,0,0,2,2,N,N,39 54:43.462,75 09:01.641,259, ,259, ,0, ,N, ,3, , , , , ,160930, , , ,2,1,0,0,0,0,1,0,0,0,0,0,0,0,0,0,0,0,0,0,0,0,0,0,0,0,0,0,0,0,0,0,0,0,0,0,0,39.9121,-75.1505, , 
 ,15338,2016087714,6,67,67301,2016,7,2,1130,11,1,1,0,4,1, , ,N,1,2,0,3,0,1,6,3,N,N,40 01:24.369,75 08:21.713,1209, ,1209, ,0, ,Y, ,3, , , , , ,160935, , , ,3,1,0,0,0,0,1,0,0,0,0,0,1,1,5,0,0,0,0,0,3,0,0,1,0,0,0,0,0,0,0,0,0,0,0,8,0,40.0234,-75.1394, , 
 ,15339,2016007849,6,67,67301,2016,1,5,1055,10,1,1,0,7,4, , ,N,2,0,0,3,0,0,1,1,N,N,40 01:54.969,75 01:40.713,1055, ,1055, ,0, , , ,0, , , , , ,160949, , , ,1,1,0,0,0,0,0,0,0,0,0,0,0,0,0,0,0,0,0,0,0,0,0,0,0,0,0,0,0,0,0,0,0,0,0,0,0,40.0319,-75.028, , 
 ,15340,2016016551,6,67,67301,2016,1,5,1915,19,3,1,0,4,1, , ,N,1,3,0,3,0,0,2,2,N, ,39 56:42.144,75 12:55.104,1918, ,1918, ,0, , , ,3, , , , , ,160959, , , ,2,1,0,0,0,0,1,0,0,0,0,0,0,0,0,0,0,0,0,0,1,0,0,0,0,0,0,0,0,0,0,0,0,0,0,0,0,39.945,-75.2153, , 
 ,15341,2016026875,6,67,67301,2016,2,1,252,2,3,1,0,5,6, , ,N,0,0,0,3,0,0,1,3,N, ,40 00:54.992,75 08:13.178,255, ,252, ,0, , , ,0, , , , , ,160969, , , ,3,2,0,0,0,0,1,0,0,0,0,0,0,0,1,0,0,0,0,0,0,0,0,0,0,0,0,0,0,0,0,0,0,0,0,9,0,40.0153,-75.137, , 
 ,15342,2016040968,6,67,67301,2016,4,2,1031,10,1,1,0,4,1, , ,N,0,0,7,3,0,1,2,2,Y,N,39 55:39.950,75 13:48.348,1039, ,1031,2,2,1,N, ,0,Y, , , , ,164398, , , ,2,1,0,1,0,0,0,0,0,0,0,0,1,1,0,0,0,0,0,0,0,1,0,0,0,0,0,0,0,0,0,0,0,0,0,8,1,39.9278,-75.2301, , 
 ,15343,2016063484,6,67,67301,2016,5,2,1555,15,1,1,0,8,1, , ,N,0,0,0,3,0,1,2,2,N,N,39 56:59.686,75 14:29.958,1617, ,1616, ,0, ,N, ,0, , , , , ,164409, , , ,1,1,0,0,0,0,0,0,0,0,0,1,1,0,0,0,0,0,0,0,0,0,0,0,0,0,0,0,0,0,0,0,1,0,0,4,0,39.9499,-75.2417, , 
 ,15344,2016063964,6,67,67301,2016,6,6,1747,17,1,1,0,6,1, , ,N,0,0,0,3,0,1,2,2,N, ,39 55:18.625,75 14:13.583,1750, ,1750,2,1,2, , ,0,Y, , , , ,164410, , , ,2,1,1,0,0,0,0,0,0,0,0,1,1,0,0,0,0,0,0,0,0,0,0,0,0,0,0,0,0,0,0,0,0,0,0,4,0,39.9218,-75.2371, , 
 ,15345,2016016133,6,67,67301,2016,1,5,1129,11,1,4,6,8,1, , ,N,0,0,0,3,0,1,2,2,N,N,40 02:48.040,75 10:05.527,1130, ,1129, ,0, , , ,0, , , , , ,164428, , , ,1,1,0,0,0,0,0,0,0,0,0,0,1,1,1,0,0,0,0,0,1,0,0,0,0,0,0,0,0,0,0,0,1,0,0,8,0,40.0467,-75.1682, , 
 ,15346,2016028785,6,67,67301,2016,2,2,550,5,3,1,0,7,2, , ,N,0,0,0,3,0,0,1,1,N,N,39 58:31.421,75 11:41.081,558, ,550,3,1,3, , ,0,N, , , , ,164437, , , ,1,1,0,0,0,0,0,0,0,0,0,0,0,0,0,0,0,0,0,0,0,0,0,0,0,0,0,0,0,0,0,0,0,0,0,0,0,39.9754,-75.1947, , 
 ,15347,2016033886,6,67,67301,2016,3,6,1349,13,1,1,0,4,1, , ,N,1,2,0,3,0,2,3,2,N, ,40 02:57.481,75 04:04.310,1358, ,1351, ,0, , , ,3, , , , , ,164438, , , ,2,2,0,0,0,0,0,0,0,0,0,2,2,0,0,0,0,0,0,0,0,1,0,0,0,0,0,0,0,0,0,0,0,0,0,4,0,40.0493,-75.0679, , 
 ,15348,2016068733,6,67,67301,2016,6,5,1705,17,1,1,0,1,1, , ,N,0,0,0,3,0,2,3,2,N, ,39 57:21.811,75 13:40.247,1710, ,1708, ,0, , , ,0, , , , , ,164462, , , ,2,2,0,0,0,0,0,0,0,0,1,1,2,0,0,0,0,0,0,0,1,0,0,0,0,0,0,0,0,0,0,0,0,0,0,3,0,39.9561,-75.2278, , 