wz_ln_closure,objectid_1,crn,district,county,municipality,crash_year,crash_month,day_of_week,time_of_day,hour_of_day,illumination,weather,road_condition,collision_type,relation_to_road,work_zone_type,work_zone_loc,work_zone_ind,intersect_type,tcd_type,location_type,urban_rural,fatal_count,injury_count,person_count,total_units,sch_bus_ind,sch_zone_ind,latitude,longitude,arrival_tm,cons_zone_spd_lim,dispatch_tm,est_hrs_closed,lane_closed,ln_close_dir,ntfy_hiwy_maint,spec_juris_cd,tcd_func_cd,tfc_detour_ind,workers_pres,wz_close_detour,wz_flagger,wz_law_offcr_ind,objectid,wz_moving,wz_other,wz_shlder_mdn,vehicle_count,automobile_count,motorcycle_count,bus_count,small_truck_count,heavy_truck_count,suv_count,van_count,bicycle_count,maj_inj_count,mod_inj_count,min_inj_count,tot_inj_count,unk_inj_deg_count,unk_inj_per_count,driver_count_16yr,driver_count_17yr,driver_count_18yr,driver_count_19yr,driver_count_20yr,driver_count_50_64yr,driver_count_65_74yr,driver_count_75plus,unbelted_occ_count,unb_death_count,unb_maj_inj_count,belted_death_count,belted_maj_inj_count,mcycle_death_count,mcycle_maj_inj_count,bicycle_death_count,bicycle_maj_inj_count,ped_count,ped_death_count,ped_maj_inj_count,max_severity_level,comm_veh_count,dec_lat,dec_long,rdwy_surf_type_cd,county_name
 ,15349,2016013748,6,67,67301,2016,1,5,820,8,1,1,0,4,1, , ,N,1,2,0,3,0,0,2,2,N,N,40 01:55.668,75 08:46.500,834, ,834, ,0, , , ,3, , , , , ,164472, , , ,2,2,0,0,0,0,0,0,0,0,0,0,0,0,0,0,0,0,0,1,0,0,0,0,0,0,0,0,0,0,0,0,0,0,0,0,0,40.0321,-75.1461, , 
 ,15350,2016047308,6,67,67301,2016,5,1,1235,12,1,2,1,1,1, , ,N,0,0,0,3,0,0,4,2,N,N,39 57:31.120,75 10:08.391,1254, ,1245, ,0, , , ,0, , , , , ,164505, , , ,2,0,0,0,0,1,1,0,0,0,0,0,0,0,0,0,0,0,0,0,0,0,0,0,0,0,0,0,0,0,0,0,0,0,0,0,1,39.9586,-75.169, , 
 ,15351,2016048711,6,67,67301,2016,4,2,935,9,1,1,0,1,1, , ,N,0,0,0,3,0,0,3,3,N,N,40 00:20.376,75 06:05.158,954, ,950,2,1,4,N, ,0,N, , , , ,164508, , , ,3,3,0,0,0,0,0,0,0,0,0,0,0,0,2,0,0,0,0,0,1,0,0,0,0,0,0,0,0,0,0,0,0,0,0,9,0,40.0057,-75.1014, , 
 ,15352,2016013735,6,67,67301,2016,1,3,1330,13,1,1,0,4,1, , ,N,1,2,0,3,0,2,2,2,N,N,40 00:31.034,75 04:07.810,1338, ,1331, ,0, ,N, ,3, , , , , ,164519, , , ,2,1,0,0,0,0,0,1,0,0,0,2,2,0,0,0,0,0,0,0,1,0,0,0,0,0,0,0,0,0,0,0,0,0,0,4,0,40.0086,-75.0688, , 
 ,15353,2016031710,6,67,67301,2016,2,5,145,1,3,2,1,1,6, , ,N,0,0,0,3,0,0,2,2,N,N,39 59:13.712,75 05:36.190,158, ,147, ,0, ,N, ,0, , , , , ,164533, , , ,2,1,0,0,0,0,0,1,0,0,0,0,0,0,0,0,0,0,0,0,0,0,0,0,0,0,0,0,0,0,0,0,0,0,0,0,0,39.9871,-75.0934, , 
 ,15354,2016036430,6,67,67301,2016,3,6,1200,12,1,1,0,8,1, , ,N,1,2,0,3,0,1,2,2,N,N,39 59:31.689,75 08:24.712,1216, ,1214, ,0, ,N, ,3, , , , , ,164538, , , ,1,0,0,0,0,0,0,0,0,0,0,1,1,0,1,0,0,0,0,0,0,0,0,0,0,0,0,0,0,0,0,0,1,0,0,4,0,39.992,-75.1402, , 
 ,15355,2016014051,6,67,67301,2016,1,7,1000,10,1,1,0,4,1, , ,N,1,2,0,3,0,1,3,3,N,N,39 57:31.834,75 12:22.607,1011, ,1004, ,0, ,N, ,3, , , , , ,164572, , , ,3,1,0,0,0,0,2,0,0,0,0,1,1,0,0,0,0,1,0,0,0,0,1,0,0,0,0,0,0,0,0,0,0,0,0,4,0,39.9588,-75.2063, , 
 ,15356,2016019823,6,67,67301,2016,1,4,844,8,1,1,1,8,1, , ,N,1,2,0,3,0,2,3,3,N, ,40 02:52.988,75 04:08.639,902, ,844, ,0, , , ,3, , , , , ,164575, , , ,1,1,0,0,0,0,0,0,0,0,0,2,2,0,0,0,0,0,0,0,0,0,0,1,0,0,0,0,0,0,0,0,2,0,0,4,0,40.0481,-75.0691, , 
 ,15357,2016024127,6,67,67301,2016,2,5,1458,14,1,1,0,7,2, , ,N,0,0,0,3,0,0,1,1,N,N,40 02:22.536,75 00:26.236,1537, ,1506, ,0, , , ,0, , , , , ,164582, , , ,1,1,0,0,0,0,0,0,0,0,0,0,0,0,0,0,0,0,0,0,0,0,0,0,0,0,0,0,0,0,0,0,0,0,0,0,0,40.0396,-75.0073, , 
 ,15358,2016054235,6,67,67301,2016,5,7,847,8,1,1,0,5,1, , ,N,0,0,0,3,0,1,2,2,N,N,39 54:22.289,75 08:59.741,855, ,847,1,1,2, , ,0,N, , , , ,164605, , , ,2,1,0,0,0,0,1,0,0,0,0,0,1,1,0,0,0,0,0,0,0,1,0,0,0,0,0,0,0,0,0,0,0,0,0,8,0,39.9062,-75.1499, , 
 ,15359,2016058573,6,67,67301,2016,5,6,1848,18,1,1,0,6,1, , ,N,0,0,0,3,0,0,4,3,N, ,39 53:39.571,75 13:45.535,1909, ,1907,3,1,3, , ,0,N, , , , ,164606, , , ,2,2,0,0,0,0,0,0,0,0,0,0,0,0,0,0,0,0,0,0,0,0,0,0,0,0,0,0,0,0,0,0,0,0,0,0,0,39.8943,-75.2293, , 
 ,15360,2016006513,6,46,46102,2016,1,7,1841,18,3,1,0,5,1, , ,N,0,0,0,3,0,0,2,2,N,N,40 04:38.662,75 09:51.395,1851, ,1847,3,2,4,N, ,0,N, , , , ,164612, , , ,2,2,0,0,0,0,0,0,0,0,0,0,0,0,0,0,0,0,1,0,0,0,0,0,0,0,0,0,0,0,0,0,0,0,0,0,0,40.0774,-75.1643, , 
 ,15361,2016115081,6,67,67301,2016,11,6,903,9,1,1,0,8,1, , ,N,0,0,0,3,0,1,2,2,N,N,39 57:15.933,75 11:30.385,903, ,903,1,1,2,N, ,0,N, , , , ,167698, , , ,1,1,0,0,0,0,0,0,0,0,0,0,1,1,0,0,0,0,0,0,0,0,0,0,0,0,0,0,0,0,0,0,1,0,0,8,0,39.9544,-75.1918, , 
 ,15362,2016014556,6,67,67301,2016,1,5,1122,11,1,1,0,5,1, , ,N,0,0,0,3,0,1,3,2,N,N,39 58:24.631,75 11:38.456,1143, ,1132, ,0, , , ,0, , , , , ,167709, , , ,2,1,0,0,0,1,0,0,0,0,0,1,1,0,0,0,0,0,0,0,1,0,0,0,0,0,0,0,0,0,0,0,0,0,0,4,1,39.9735,-75.194, , 
 ,15363,2016033282,6,67,67301,2016,3,3,2117,21,3,1,0,7,4, , ,N,7,0,2,3,0,1,2,1,N,N,39 54:45.413,75 10:27.805,2119, ,2117,3,2,2,N, ,0,Y, , , , ,167730, , , ,1,1,0,0,0,0,0,0,0,0,0,0,1,1,0,0,0,0,0,0,0,0,0,0,0,0,0,0,0,0,0,0,0,0,0,8,0,39.9126,-75.1744, , 
 ,15364,2016033880,6,67,67301,2016,3,7,2250,22,3,1,0,1,1, , ,N,0,0,0,3,0,0,3,2,N, ,40 04:28.469,74 58:47.691,2328, ,2325, ,0, , , ,0, , , , , ,167731, , , ,2,1,0,0,0,0,0,1,0,0,0,0,0,0,0,0,1,0,0,0,0,0,0,0,0,0,0,0,0,0,0,0,0,0,0,0,0,40.0746,-74.9799, , 
 ,15365,2016043741,6,67,67301,2016,2,7,1538,15,1,1,0,5,2, , ,N,0,0,0,3,0,0,2,2,N,N,39 53:09.758,75 14:35.825,1637, ,1607, ,0, , , ,0, , , , , ,167736, , , ,2,1,0,0,0,0,1,0,0,0,0,0,0,0,0,0,0,0,0,0,0,0,0,1,0,0,0,0,0,0,0,0,0,0,0,0,0,39.886,-75.2433, , 
 ,15366,2016050878,6,67,67301,2016,5,6,1040,10,1,8,1,8,1, , ,N,1,2,0,3,0,1,2,2,N,N,40 02:17.558,75 11:24.246,1046, ,1041, ,0, ,N, ,3, , , , , ,167743, , , ,1,1,0,0,0,0,0,0,0,0,0,0,1,1,0,0,0,0,0,0,0,0,0,0,0,0,0,0,0,0,0,0,1,0,0,8,0,40.0382,-75.1901, , 
 ,15367,2016052388,6,67,67301,2016,5,4,1950,19,2,2,1,7,4, , ,N,0,0,0,3,0,1,1,1,N,N,39 59:46.225,75 12:06.696,1951, ,1947,1,2,3,Y, ,0,Y, , , , ,167745, , , ,1,0,0,0,0,0,0,1,0,0,1,0,1,0,0,0,0,0,0,0,0,0,0,0,0,0,0,0,0,0,0,0,0,0,0,3,0,39.9962,-75.2019, , 
 ,15368,2016040874,6,67,67301,2016,4,5,1045,10,1,2,1,4,1, , ,N,1,2,0,3,0,1,3,3,N, ,39 59:57.210,75 04:30.773,1052, ,1049, ,0, , , ,3, , , , , ,167784, , , ,3,2,0,0,0,0,0,1,0,0,0,0,1,1,0,0,0,0,0,0,1,0,1,2,0,0,0,0,0,0,0,0,0,0,0,8,0,39.9992,-75.0752, , 
 ,15369,2016012463,6,67,67301,2016,1,3,1710,17,2,1,0,1,1, , ,N,0,0,0,3,0,0,6,5,N,N,40 04:36.645,75 01:16.646,1719, ,1713,3,2,4,N, ,0,N, , , , ,167807, , , ,5,3,0,0,0,0,2,0,0,0,0,0,0,0,0,0,0,0,0,0,0,1,0,0,0,0,0,0,0,0,0,0,0,0,0,0,0,40.0768,-75.0213, , 
 ,15370,2016022458,6,67,67301,2016,2,1,50,0,3,1,0,5,6, , ,N,0,0,0,3,0,0,1,3,N,N,39 56:41.998,75 09:00.167,58, ,54, ,0, ,N, ,0, , , , , ,167816, , , ,3,2,0,0,0,0,1,0,0,0,0,0,0,0,0,0,0,0,0,0,0,0,0,0,0,0,0,0,0,0,0,0,0,0,0,0,0,39.945,-75.15, , 
 ,15371,2016041407,6,67,67301,2016,4,7,2240,22,3,1,0,4,1, , ,N,1,2,0,3,0,2,2,2,N,N,39 54:19.871,75 10:26.843,2305, ,2245, ,0, ,N, ,3, , , , , ,167828, , , ,2,2,0,0,0,0,0,0,0,0,0,2,2,0,0,0,0,0,0,0,0,0,0,0,0,0,0,0,0,0,0,0,0,0,0,4,0,39.9055,-75.1741, , 
 ,15372,2016044549,6,67,67301,2016,4,7,9999,99,1,4,1,4,1, , ,N,2,3,0,3,0,2,6,2,N, ,39 55:58.300,75 13:47.298,9999, ,1634, ,0, , , ,3, , , , , ,167831, , , ,2,1,0,0,0,0,1,0,0,0,0,0,2,2,0,0,0,0,0,0,1,0,0,0,0,0,0,0,0,0,0,0,0,0,0,8,0,39.9329,-75.2298, , 
 ,15373,2016053784,6,67,67301,2016,5,5,1025,10,1,1,0,1,1, , ,N,1,2,0,3,0,1,3,3,N, ,40 01:43.697,75 05:23.235,1030, ,1025,1,1,1,N, ,3,N, , , , ,167838, , , ,3,2,0,0,0,0,1,0,0,0,0,1,1,0,0,0,0,0,0,0,0,0,0,0,0,0,0,0,0,0,0,0,0,0,0,4,0,40.0288,-75.0898, , 
 ,15374,2016013705,6,67,67301,2016,1,6,1700,17,3,1,0,4,1, , ,N,0,0,7,3,0,5,6,2,N,N,40 00:28.202,75 10:21.726,1722, ,1710, ,0, , , ,0, , , , , ,167856, , , ,2,1,0,0,0,0,0,1,0,0,0,5,5,0,0,0,0,0,0,0,0,0,0,0,0,0,0,0,0,0,0,0,0,0,0,4,0,40.0078,-75.1727, , 
 ,15375,2016029866,6,67,67301,2016,2,2,720,7,1,1,0,4,1, , ,N,0,0,7,3,0,0,3,2,N,N,40 01:36.656,75 10:49.767,740, ,730,2,2,6,N, ,0,N, , , , ,167873, , , ,2,2,0,0,0,0,0,0,0,0,0,0,0,0,0,0,0,1,0,0,0,0,0,0,0,0,0,0,0,0,0,0,0,0,0,0,0,40.0268,-75.1805, , 
 ,15376,2016036421,6,67,67301,2016,3,7,309,3,3,1,0,5,6, , ,N,0,0,0,3,0,0,1,2,N,N,39 58:36.024,75 08:37.004,335, ,331, ,0, ,N, ,0, , , , , ,167879, , , ,2,1,0,0,0,0,1,0,0,0,0,0,0,0,0,0,0,0,0,0,1,0,0,0,0,0,0,0,0,0,0,0,0,0,0,0,0,39.9767,-75.1436, , 
 ,15377,2016042339,6,67,67301,2016,4,2,1650,16,1,1,0,1,1, , ,N,1,2,0,3,0,0,3,3,N,N,40 00:33.277,75 09:04.079,1700, ,1654, ,0, ,N, ,3, , , , , ,167887, , , ,3,3,0,0,0,0,0,0,0,0,0,0,0,0,0,0,0,0,1,0,1,0,0,1,0,0,0,0,0,0,0,0,0,0,0,0,0,40.0092,-75.1511, , 
 ,15378,2016043704,6,67,67301,2016,3,4,1934,19,3,1,0,4,1, , ,N,1,2,0,3,0,1,2,2,N, ,40 01:28.408,75 07:50.218,1940, ,1934, ,0, , , ,3, , , , , ,167888, , , ,1,0,0,0,0,0,1,0,1,0,0,1,1,0,0,0,0,0,0,0,0,1,0,0,0,0,0,0,0,0,0,0,0,0,0,4,0,40.0246,-75.1306, , 
 ,15379,2016056068,6,67,67301,2016,5,7,1805,18,1,2,1,1,1, , ,N,2,2,0,3,0,1,2,2,N, ,40 02:21.794,75 03:37.017,1821, ,1813, ,0, , , ,3, , , , , ,157951, , , ,2,1,0,0,1,0,0,0,0,0,0,1,1,0,0,0,0,0,0,0,1,0,0,0,0,0,0,0,0,0,0,0,0,0,0,4,0,40.0394,-75.0603, , 
 ,15380,2016065633,6,67,67301,2016,6,1,1609,16,1,1,0,7,4, , ,N,1,2,0,3,0,1,1,1,N, ,40 00:24.065,75 07:09.565,1621, ,1611, ,0, , , ,3, , , , , ,157957, , , ,1,1,0,0,0,0,0,0,0,1,0,0,1,0,0,0,0,0,0,0,0,0,0,0,0,0,0,0,0,0,0,0,0,0,0,2,0,40.0067,-75.1193, , 
Y,15381,2016065767,6,67,67301,2016,6,4,703,7,1,1,0,7,7,1,4,Y,0,0,0,3,0,0,1,1,N,N,39 58:02.529,75 07:56.449,703,45,703,3,2,1, , ,0,Y,N,N,N,N,157958,N,N,N,1,0,0,0,0,1,0,0,0,0,0,0,0,0,0,0,0,0,0,0,0,0,0,0,0,0,0,0,0,0,0,0,0,0,0,0,1,39.9674,-75.1323, , 
 ,15382,2016019337,6,67,67301,2016,2,7,1625,16,1,1,0,1,1, , ,N,0,0,0,3,0,1,3,2,N,N,39 53:44.779,75 11:33.779,1633, ,1630, ,0, , , ,0, , , , , ,157970, , , ,2,1,0,0,0,0,1,0,0,0,0,1,1,0,0,0,1,0,0,0,0,1,0,0,0,0,0,0,0,0,0,0,0,0,0,4,0,39.8958,-75.1927, , 
 ,15383,2016031441,6,67,67301,2016,3,7,117,1,3,1,0,1,1, , ,N,0,0,0,3,0,3,5,3,N,N,40 03:10.414,74 59:13.948,123, ,118,3,1,5, , ,0,N, , , , ,157980, , , ,3,0,0,0,0,1,2,0,0,1,0,0,3,2,0,0,0,0,0,0,0,0,0,0,0,0,0,1,0,0,0,0,0,0,0,2,1,40.0529,-74.9872, , 
 ,15384,2016033843,6,67,67301,2016,3,4,1500,15,1,1,0,8,1, , ,N,0,0,0,3,0,1,2,2,N, ,39 59:43.764,75 08:29.644,1524, ,1517,2,2,2, , ,0,Y, , , , ,157983, , , ,1,1,0,0,0,0,0,0,0,0,0,1,1,0,0,0,0,0,0,0,0,0,0,0,0,0,0,0,0,0,0,0,1,0,0,4,0,39.9955,-75.1416, , 
 ,15385,2016050336,6,67,67301,2016,4,7,1403,14,1,4,1,7,4, , ,N,0,0,0,3,0,0,1,1,N,N,39 53:12.522,75 12:20.333,1440, ,1426,2,1,2, , ,0,N, , , , ,157999, , , ,1,1,0,0,0,0,0,0,0,0,0,0,0,0,0,0,0,0,0,0,1,0,0,0,0,0,0,0,0,0,0,0,0,0,0,0,0,39.8868,-75.2056, , 
 ,15386,2016065655,6,67,67301,2016,6,2,1529,15,1,1,0,4,1, , ,N,1,2,0,3,0,1,2,2,N,N,39 57:16.485,75 13:33.593,1545, ,1540,1,1,4,N, ,3,N, , , , ,158006, , , ,1,0,0,0,0,0,1,0,1,0,0,1,1,0,0,0,0,0,0,0,1,0,0,0,0,0,0,0,0,0,0,0,0,0,0,4,0,39.9546,-75.226, , 
 ,15387,2016013842,6,67,67301,2016,1,5,1140,11,1,1,0,4,1, , ,N,1,2,0,3,0,3,4,2,N,N,40 02:13.851,75 07:25.305,1246, ,1245, ,0, ,N, ,3, , , , , ,158023, , , ,2,2,0,0,0,0,0,0,0,0,0,3,3,0,0,0,0,0,0,0,0,0,1,0,0,0,0,0,0,0,0,0,0,0,0,4,0,40.0372,-75.1237, , 
 ,15388,2016029855,6,67,67301,2016,3,3,308,3,3,1,0,9,1, , ,N,0,0,7,3,0,0,1,1,N, ,39 54:21.460,75 10:39.210,310, ,310,9,1,3, , ,0,N, , , , ,158037, , , ,1,1,0,0,0,0,0,0,0,0,0,0,0,0,0,0,0,0,0,0,1,0,0,0,0,0,0,0,0,0,0,0,0,0,0,0,0,39.906,-75.1776, , 
 ,15389,2016033963,6,67,67301,2016,3,2,229,2,3,2,1,1,1, , ,N,0,0,0,3,0,0,2,2,N,N,39 57:36.781,75 10:50.191,229, ,229,1,2,4, , ,0,N, , , , ,158044, , , ,2,2,0,0,0,0,0,0,0,0,0,0,0,0,0,0,0,0,0,0,0,1,0,0,0,0,0,0,0,0,0,0,0,0,0,0,0,39.9602,-75.1806, , 
 ,15390,2016014501,6,67,67301,2016,1,5,1751,17,2,1,0,5,1, , ,N,6,0,0,3,0,0,2,2,N,N,39 57:24.872,75 09:13.565,1827, ,1754, ,0, , , ,0, , , , , ,158065, , , ,2,1,0,0,0,0,0,0,0,0,0,0,0,0,1,0,0,0,0,0,0,0,0,0,0,0,0,0,0,0,0,0,0,0,0,9,0,39.9569,-75.1538, , 
 ,15391,2016030058,6,67,67301,2016,3,6,2330,23,3,1,0,4,1, , ,N,1,2,0,3,0,1,3,3,N,N,39 57:18.608,75 11:54.435,2334, ,2334, ,0, ,N, ,3, , , , , ,158076, , , ,3,2,0,0,0,0,1,0,0,0,0,1,1,0,0,0,0,0,0,0,0,0,0,0,0,0,0,0,0,0,0,0,0,0,0,4,0,39.9552,-75.1983, , 
 ,15392,2016048554,6,67,67301,2016,4,2,1332,13,1,1,0,8,1, , ,N,1,3,0,3,0,1,2,2,N, ,40 02:35.934,75 08:49.534,1333, ,1332, ,0, ,N, ,3, , , , , ,158094, , , ,1,1,0,0,0,0,0,0,0,0,1,0,1,0,0,0,0,0,0,0,0,0,0,1,0,0,0,0,0,0,0,0,1,0,0,3,0,40.0433,-75.1471, , 
 ,15393,2016053745,6,67,67301,2016,5,2,743,7,1,1,0,8,1, , ,N,1,3,0,3,0,1,2,2,N,N,40 01:33.686,75 08:05.272,748, ,743, ,0, ,N, ,3, , , , , ,158095, , , ,1,1,0,0,0,0,0,0,0,0,0,0,1,1,0,0,0,0,0,0,1,0,0,0,0,0,0,0,0,0,0,0,1,0,0,8,0,40.026,-75.1348, , 
N,15394,2016061750,6,67,67301,2016,6,5,1417,14,1,1,0,4,1,1,4,Y,0,0,0,3,0,2,3,2,N,N,40 01:31.439,75 01:42.546,1443,45,1427,2,1,1, , ,0,N,Y,N,N,N,158119,N,N,Y,2,2,0,0,0,0,0,0,0,0,0,0,2,2,0,0,0,0,0,0,0,0,0,2,0,0,0,0,0,0,0,0,0,0,0,8,0,40.0254,-75.0285, , 
 ,15395,2016063943,6,67,67301,2016,6,3,9999,99,1,1,0,4,1, , ,N,0,0,7,3,0,1,5,2,N, ,39 54:20.194,75 10:31.085,638, ,630, ,0, , , ,0, , , , , ,158122, , , ,2,2,0,0,0,0,0,0,0,0,0,0,1,1,0,0,0,0,0,0,0,0,0,0,0,0,0,0,0,0,0,0,0,0,0,8,0,39.9056,-75.1753, , 
 ,15396,2016070635,6,67,67301,2016,6,2,230,2,3,1,0,5,6, , ,N,0,0,0,3,0,1,1,3,N,N,39 55:00.896,75 10:17.825,9999, ,9999, ,0, ,N, ,0, , , , , ,158131, , , ,3,0,0,0,0,0,2,1,0,0,0,0,1,1,0,0,0,0,0,0,0,0,0,0,0,0,0,0,0,0,0,0,0,0,0,8,0,39.9169,-75.1716, , 
 ,15397,2016040532,6,67,67301,2016,4,6,1223,12,1,1,0,8,1, , ,N,1,2,0,3,0,1,2,2,N,N,40 02:08.965,75 10:29.000,1228, ,1225, ,0, ,N, ,3, , , , , ,160982, , , ,1,0,0,0,0,0,1,0,0,0,0,0,1,1,0,0,0,0,0,0,1,0,0,0,0,0,0,0,0,0,0,0,1,0,0,8,0,40.0358,-75.1747, , 
 ,15398,2016007506,6,67,67301,2016,1,6,2048,20,3,1,0,4,1, , ,N,1,3,0,3,0,1,3,2,N,N,40 03:54.470,75 11:08.773,2055, ,2051,9,1,4,N, ,3,N, , , , ,160995, , , ,2,0,0,0,0,0,2,0,0,0,0,0,1,1,2,0,0,0,0,0,0,1,0,0,0,0,0,0,0,0,0,0,0,0,0,8,0,40.0651,-75.1858, , 
 ,15399,2016008632,6,67,67301,2016,1,5,1540,15,1,1,0,6,6, , ,N,0,0,0,3,0,0,1,3,N,N,40 02:31.913,75 10:35.935,1734, ,1544, ,0, ,N, ,0, , , , , ,160996, , , ,3,2,0,0,0,0,1,0,0,0,0,0,0,0,0,0,0,0,0,0,0,0,0,1,0,0,0,0,0,0,0,0,0,0,0,0,0,40.0422,-75.1766, , 
 ,15400,2016019843,6,67,67301,2016,2,5,2335,23,2,2,1,5,1, , ,N,0,0,0,3,0,0,2,2,N, ,39 58:50.862,75 12:26.990,2350, ,2341, ,0, , , ,0, , , , , ,161009, , , ,2,1,0,0,0,0,1,0,0,0,0,0,0,0,1,0,0,0,0,0,0,0,0,0,0,0,0,0,0,0,0,0,0,0,0,9,0,39.9808,-75.2075, , 
 ,15401,2016033832,6,67,67301,2016,3,3,356,3,3,2,1,7,4, , ,N,1,2,0,3,0,0,1,1,N, ,39 58:08.111,75 08:10.324,400, ,356,2,1,3, , ,3,N, , , , ,161023, , , ,1,1,0,0,0,0,0,0,0,0,0,0,0,0,0,0,0,0,0,0,0,0,0,0,0,0,0,0,0,0,0,0,0,0,0,0,0,39.9688,-75.1362, , 
 ,15402,2016033917,6,67,67301,2016,3,7,1355,13,1,1,0,1,1, , ,N,0,2,0,3,0,1,3,2,N, ,39 57:36.744,75 11:26.181,9999, ,9999, ,0, , , ,3, , , , , ,161024, , , ,2,1,0,0,0,0,1,0,0,0,0,1,1,0,1,0,0,0,0,0,0,0,0,0,0,0,0,0,0,0,0,0,0,0,0,4,0,39.9602,-75.1906, , 
 ,15403,2016036485,6,67,67301,2016,3,7,2258,22,3,1,0,1,1, , ,N,0,0,0,3,0,1,2,2,N,N,40 02:59.401,75 03:03.585,2337, ,2258, ,0, ,N, ,0, , , , , ,161027, , , ,2,2,0,0,0,0,0,0,0,0,0,0,1,1,0,0,0,0,0,0,0,1,0,0,0,0,0,0,0,0,0,0,0,0,0,8,0,40.0498,-75.051, , 
 ,15404,2016041426,6,67,67301,2016,3,7,840,8,1,1,0,4,1, , ,N,0,0,7,3,0,1,2,2,N, ,40 02:39.044,75 13:44.824,850, ,844,2,2,5, , ,0,Y, , , , ,161033, , , ,2,1,0,0,0,0,1,0,0,0,0,0,1,1,0,0,0,0,0,0,0,1,0,2,0,0,0,0,0,0,0,0,0,0,0,8,0,40.0442,-75.2291, , 
 ,15405,2016042484,6,67,67301,2016,4,5,2250,22,3,1,0,1,1, , ,N,0,0,2,3,0,0,2,2,N,N,40 00:06.752,75 04:44.232,2302, ,2252, ,0, , , ,0, , , , , ,161036, , , ,2,1,0,0,0,0,0,1,0,0,0,0,0,0,0,0,0,0,0,0,1,0,0,0,0,0,0,0,0,0,0,0,0,0,0,0,0,40.0019,-75.079, , 
 ,15406,2016047808,6,67,67301,2016,4,1,1633,16,1,1,0,8,1, , ,N,0,0,0,3,0,1,2,2,N,N,40 02:08.354,75 10:28.256,1715, ,1700, ,0, ,N, ,0, , , , , ,161039, , , ,1,0,0,0,0,1,0,0,0,0,0,1,1,0,1,0,0,0,0,0,0,0,0,0,0,0,0,0,0,0,0,0,1,0,0,4,1,40.0357,-75.1745, , 
 ,15407,2016016135,6,67,67301,2016,1,4,2026,20,2,1,6,6,1, , ,N,0,0,0,3,0,2,5,4,N,N,39 59:09.376,75 12:36.883,2040, ,2026,3,2,6, , ,0,Y, , , , ,161054, , , ,4,2,0,0,0,0,2,0,0,0,2,0,2,0,0,0,0,0,0,0,1,1,0,0,0,0,0,0,0,0,0,0,0,0,0,3,0,39.9859,-75.2102, , 
 ,15408,2016021273,6,67,67301,2016,2,4,720,7,1,1,0,1,1, , ,N,0,0,0,3,0,1,3,3,N,N,39 58:07.019,75 07:43.649,732, ,723,2,1,1, , ,0,N, , , , ,161060, , , ,3,1,0,0,0,0,2,0,0,0,1,0,1,0,0,0,0,0,0,0,0,0,0,0,0,0,0,0,0,0,0,0,0,0,0,3,0,39.9686,-75.1288, , 
 ,15409,2016019910,6,67,67301,2016,1,7,1111,11,1,8,8,4,1, , ,N,1,2,0,3,0,4,4,2,N,N,39 59:25.969,75 10:07.229,1123, ,1111, ,0, , , ,2, , , , , ,161115, , , ,2,2,0,0,0,0,0,0,0,0,0,0,4,4,0,0,0,0,0,0,0,0,0,0,0,0,0,0,0,0,0,0,0,0,0,8,0,39.9905,-75.1687, , 
 ,15410,2016019912,6,67,67301,2016,2,7,1226,12,1,1,0,4,1, , ,N,2,3,0,3,0,0,4,2,N,N,40 03:25.660,75 04:17.727,1240, ,1229,1,2,1,N, ,3,Y, , , , ,161116, , , ,2,1,0,0,1,0,0,0,0,0,0,0,0,0,0,0,0,0,0,1,0,0,0,2,0,0,0,0,0,0,0,0,0,0,0,0,0,40.0571,-75.0716, , 
 ,15411,2016036468,6,46,46104,2016,3,6,330,3,3,1,0,1,1, , ,N,2,2,0,3,0,0,3,3,N,N,39 59:22.038,75 15:05.086,339, ,334, ,0, ,N, ,3, , , , , ,161130, , , ,3,3,0,0,0,0,0,0,0,0,0,0,0,0,0,0,0,0,0,1,0,0,0,0,0,0,0,0,0,0,0,0,0,0,0,0,0,39.9895,-75.2514, , 
 ,15412,2016039141,6,67,67301,2016,4,7,1619,16,1,1,0,1,1, , ,N,0,0,0,3,0,0,7,3,N,N,40 05:03.620,75 12:31.326,1629, ,1623,1,1,1,N, ,0,N, , , , ,161135, , , ,3,2,0,0,0,0,1,0,0,0,0,0,0,0,0,0,0,0,0,1,0,0,0,0,0,0,0,0,0,0,0,0,0,0,0,0,0,40.0843,-75.2087, , 
 ,15413,2016044526,6,67,67301,2016,4,7,10,0,3,1,0,4,1, , ,N,1,2,0,3,0,3,5,2,N,N,40 02:35.289,75 10:02.002,30, ,26, ,0, , , ,3, , , , , ,161138, , , ,2,2,0,0,0,0,0,0,0,0,0,3,3,0,0,0,0,0,0,0,0,0,0,0,0,0,0,0,0,0,0,0,0,0,0,4,0,40.0431,-75.1672, , 
 ,15414,2016053949,6,67,67301,2016,5,5,1911,19,1,1,0,5,1, , ,N,0,0,0,3,0,1,2,2,N,N,39 57:01.527,75 11:32.197,2004, ,2003, ,0, ,N, ,0, , , , , ,161141, , , ,1,0,0,0,0,0,0,0,1,0,0,1,1,0,1,0,0,0,0,0,0,0,0,0,0,0,0,0,0,0,0,0,0,0,0,4,0,39.9504,-75.1923, , 
 ,15415,2016019893,6,67,67301,2016,2,4,925,9,1,2,1,4,1, , ,N,1,3,0,3,0,1,3,2,N,N,39 58:36.451,75 09:16.019,928, ,927,1,1,4,N, ,3,N, , , , ,164626, , , ,2,2,0,0,0,0,0,0,0,0,0,1,1,0,0,0,0,1,0,0,0,0,0,0,0,0,0,0,0,0,0,0,0,0,0,4,0,39.9768,-75.1544, , 