wz_ln_closure,objectid_1,crn,district,county,municipality,crash_year,crash_month,day_of_week,time_of_day,hour_of_day,illumination,weather,road_condition,collision_type,relation_to_road,work_zone_type,work_zone_loc,work_zone_ind,intersect_type,tcd_type,location_type,urban_rural,fatal_count,injury_count,person_count,total_units,sch_bus_ind,sch_zone_ind,latitude,longitude,arrival_tm,cons_zone_spd_lim,dispatch_tm,est_hrs_closed,lane_closed,ln_close_dir,ntfy_hiwy_maint,spec_juris_cd,tcd_func_cd,tfc_detour_ind,workers_pres,wz_close_detour,wz_flagger,wz_law_offcr_ind,objectid,wz_moving,wz_other,wz_shlder_mdn,vehicle_count,automobile_count,motorcycle_count,bus_count,small_truck_count,heavy_truck_count,suv_count,van_count,bicycle_count,maj_inj_count,mod_inj_count,min_inj_count,tot_inj_count,unk_inj_deg_count,unk_inj_per_count,driver_count_16yr,driver_count_17yr,driver_count_18yr,driver_count_19yr,driver_count_20yr,driver_count_50_64yr,driver_count_65_74yr,driver_count_75plus,unbelted_occ_count,unb_death_count,unb_maj_inj_count,belted_death_count,belted_maj_inj_count,mcycle_death_count,mcycle_maj_inj_count,bicycle_death_count,bicycle_maj_inj_count,ped_count,ped_death_count,ped_maj_inj_count,max_severity_level,comm_veh_count,dec_lat,dec_long,rdwy_surf_type_cd,county_name
 ,15482,2016052370,6,67,67301,2016,4,7,320,3,3,1,0,1,1, , ,N,0,0,0,3,0,1,4,3,N,N,39 58:37.373,75 13:35.056,327, ,325, ,0, ,N, ,0, , , , , ,161378, , , ,3,2,0,0,0,0,1,0,0,0,0,0,1,1,0,0,0,0,0,0,1,0,0,0,0,0,0,0,0,0,0,0,0,0,0,8,0,39.977,-75.2264, , 
 ,15483,2016008613,6,67,67301,2016,1,4,1545,15,1,1,0,1,1, , ,N,1,2,0,3,0,1,5,2,N,N,40 04:26.944,75 11:26.887,1551, ,1548, ,0, , , ,3, , , , , ,161384, , , ,2,0,0,0,0,0,2,0,0,0,0,1,1,0,0,0,0,0,0,0,1,1,0,0,0,0,0,0,0,0,0,0,0,0,0,4,0,40.0741,-75.1909, , 
 ,15484,2016024790,6,67,67301,2016,2,5,645,6,5,4,8,8,1, , ,N,1,2,0,3,0,1,2,2,N,N,40 03:42.905,75 09:47.363,650, ,647, ,0, ,N, ,3, , , , , ,161399, , , ,1,1,0,0,0,0,0,0,0,0,0,1,1,0,0,0,0,0,0,0,0,0,0,0,0,0,0,0,0,0,0,0,1,0,0,4,0,40.0619,-75.1632, , 
 ,15485,2016027559,6,67,67301,2016,2,5,1745,17,4,1,0,4,1, , ,N,1,3,0,3,0,1,2,2,N,N,40 01:48.252,75 13:00.782,1749, ,1747, ,0, ,N, ,3, , , , , ,161402, , , ,2,2,0,0,0,0,0,0,0,0,0,1,1,0,0,0,0,0,0,0,1,0,0,0,0,0,0,0,0,0,0,0,0,0,0,4,0,40.0301,-75.2169, , 
 ,15486,2016029823,6,67,67301,2016,2,7,520,5,5,1,0,4,1, , ,N,1,2,0,3,0,1,2,2,N,N,40 02:08.080,75 07:25.889,527, ,524,3,1,1,N, ,3,N, , , , ,161406, , , ,2,1,0,0,0,0,1,0,0,0,1,0,1,0,0,0,0,0,0,0,1,0,0,0,0,0,0,0,0,0,0,0,0,0,0,3,0,40.0356,-75.1239, , 
 ,15487,2016010958,6,67,67301,2016,1,5,845,8,1,1,0,5,1, , ,N,0,0,0,3,0,1,2,2,N,N,39 58:10.249,75 11:31.923,847, ,845, ,0, , , ,0, , , , , ,164814, , , ,2,1,0,0,0,0,1,0,0,0,0,1,1,0,0,0,0,0,0,0,1,0,0,0,0,0,0,0,0,0,0,0,0,0,0,4,0,39.9695,-75.1922, , 
 ,15488,2016013535,6,67,67301,2016,2,5,704,7,1,1,1,1,1, , ,N,0,0,0,3,0,2,2,2,Y,N,40 02:47.279,75 03:06.425,715, ,704,3,2,1,N, ,0,N, , , , ,164817, , , ,2,1,0,1,0,0,0,0,0,0,1,1,2,0,0,0,0,0,0,0,0,0,0,1,0,0,0,0,0,0,0,0,0,0,0,3,1,40.0465,-75.0518, , 
 ,15489,2016014441,6,67,67301,2016,1,1,1550,15,1,4,1,1,1, , ,N,1,2,0,3,0,1,3,3,N,N,40 00:57.350,75 09:13.935,1600, ,1556,2,1,4,N, ,3,N, , , , ,164818, , , ,3,2,0,1,0,0,0,0,0,0,0,1,1,0,0,0,0,0,0,0,1,0,0,0,0,0,0,0,0,0,0,0,0,0,0,4,1,40.0159,-75.1538, , 
 ,15490,2016022013,6,67,67301,2016,1,3,925,9,1,1,4,4,1, , ,N,0,0,7,3,0,0,2,2,N,N,40 04:04.148,75 00:16.759,935, ,926,2,2,3,N, ,0,N, , , , ,164824, , , ,2,1,0,0,1,0,0,0,0,0,0,0,0,0,0,0,0,0,0,0,1,0,1,0,0,0,0,0,0,0,0,0,0,0,0,0,0,40.0678,-75.0048, , 
 ,15491,2016022023,6,67,67301,2016,2,2,9999,99,3,1,0,8,1, , ,N,1,3,0,3,0,1,2,2,N,N,40 01:30.478,75 04:57.665,410, ,405, ,0, ,N, ,3, , , , , ,164825, , , ,1,0,0,0,0,0,0,0,0,0,0,0,1,1,0,0,0,0,0,0,0,0,0,0,0,0,0,0,0,0,0,0,1,0,0,8,0,40.0251,-75.0827, , 
 ,15492,2016029920,6,67,67301,2016,3,3,1900,19,3,1,0,8,1, , ,N,1,3,0,3,0,1,2,2,N,N,39 55:55.923,75 11:29.482,936, ,930, ,0, , , ,3, , , , , ,164832, , , ,1,0,0,0,0,0,0,0,0,0,0,1,1,0,0,0,0,0,0,0,0,0,0,0,0,0,0,0,0,0,0,0,1,0,0,4,0,39.9322,-75.1915, , 
 ,15493,2016031082,6,67,67301,2016,2,4,1703,17,3,2,1,1,1, , ,N,1,2,0,3,0,1,5,3,N,N,39 58:09.130,75 09:42.022,1717, ,1713, ,0, ,N, ,3, , , , , ,164833, , , ,3,2,0,0,0,0,1,0,0,0,0,1,1,0,0,0,0,0,0,0,1,0,0,0,0,0,0,0,0,0,0,0,0,0,0,4,0,39.9692,-75.1617, , 
 ,15494,2016040985,6,67,67301,2016,3,2,725,7,1,1,0,4,1, , ,N,3,0,0,3,0,2,3,2,N,N,40 01:14.063,75 08:26.428,740, ,730, ,0, ,N, ,0, , , , , ,164845, , , ,2,2,0,0,0,0,0,0,0,0,0,0,2,2,0,0,0,0,0,0,0,0,0,0,0,0,0,0,0,0,0,0,0,0,0,8,0,40.0206,-75.1407, , 
 ,15495,2016033814,6,67,67301,2016,3,5,1500,15,1,1,0,4,1, , ,N,1,2,0,3,0,1,3,2,N,N,40 01:47.862,75 05:14.656,1538, ,1501, ,0, ,N, ,3, , , , , ,164882, , , ,2,0,0,0,0,0,2,0,0,0,0,0,1,1,0,0,0,0,0,0,0,1,0,0,0,0,0,0,0,0,0,0,0,0,0,8,0,40.03,-75.0874, , 
 ,15496,2016034986,6,67,67301,2016,2,7,1603,16,1,1,0,4,1, , ,N,5,2,0,3,0,3,3,2,N,N,40 00:32.156,75 04:19.191,1610, ,1607, ,0, ,N, ,3, , , , , ,164883, , , ,2,2,0,0,0,0,0,0,0,0,1,2,3,0,0,0,0,0,0,0,0,0,0,0,0,0,0,0,0,0,0,0,0,0,0,3,0,40.0089,-75.0719, , 
 ,15497,2016032003,6,67,67301,2016,3,6,758,7,3,1,0,4,1, , ,N,1,2,0,3,0,0,5,4,N, ,40 02:35.289,75 10:02.002,800, ,759, ,0, , , ,3, , , , , ,164924, , , ,4,3,0,0,0,0,1,0,0,0,0,0,0,0,0,0,0,0,0,1,1,0,0,2,0,0,0,0,0,0,0,0,0,0,0,0,0,40.0431,-75.1672, , 
 ,15498,2016029838,6,67,67301,2016,2,6,2028,20,6,9,8,4,1, , ,N,1,2,0,3,0,0,2,2,N, ,40 03:17.618,75 09:16.149,2033, ,2030, ,0, , , ,3, , , , , ,164968, , , ,2,1,0,0,0,0,1,0,0,0,0,0,0,0,1,0,0,0,0,0,0,0,0,0,0,0,0,0,0,0,0,0,0,0,0,9,0,40.0549,-75.1545, , 
 ,15499,2016033096,6,67,67301,2016,3,1,1918,19,3,1,0,4,1, , ,N,3,2,0,3,0,1,2,2,N, ,39 58:21.476,75 13:03.992,1945, ,1944,1,1,1, , ,3,N, , , , ,164971, , , ,2,2,0,0,0,0,0,0,0,0,1,0,1,0,0,0,0,0,0,0,0,0,0,0,0,0,0,0,0,0,0,0,0,0,0,3,0,39.9726,-75.2178, , 
 ,15500,2016038178,6,67,67301,2016,3,7,1800,18,1,1,0,1,1, , ,N,2,2,2,3,0,1,4,2,N,N,39 54:43.600,75 09:01.800,1812, ,1806, ,0, ,N, ,3, , , , , ,164973, , , ,2,0,0,0,0,0,2,0,0,0,0,0,1,1,0,0,0,0,0,0,0,0,0,0,0,0,0,0,0,0,0,0,0,0,0,8,0,39.9121,-75.1505, , 
N,15501,2016052883,6,67,67301,2016,5,3,1548,15,1,2,1,1,1,1,4,Y,0,0,0,3,0,1,2,2,N,N,39 58:33.902,75 06:54.980,1629,45,1602,1,2,2, , ,0,N,N,N,N,N,164984,Y,N,Y,2,1,0,0,1,0,0,0,0,0,1,0,1,0,0,0,0,0,0,0,0,0,0,0,0,0,0,0,0,0,0,0,0,0,0,3,0,39.9761,-75.1153, , 
 ,15502,2016054174,6,67,67301,2016,5,7,113,1,3,2,1,4,1, , ,N,2,3,0,3,0,2,5,2,N, ,40 01:17.338,75 10:36.664,125, ,114, ,0, , , ,3, , , , , ,164987, , , ,2,2,0,0,0,0,0,0,0,0,0,0,2,2,0,0,0,0,0,1,0,0,0,0,0,0,0,0,0,0,0,0,0,0,0,8,0,40.0215,-75.1769, , 
 ,15503,2016064009,6,67,67301,2016,5,6,940,9,1,1,0,4,1, , ,N,1,2,0,3,0,0,3,2,N,N,39 58:37.995,75 13:36.385,948, ,946, ,0, ,N, ,3, , , , , ,164993, , , ,2,0,0,0,0,0,2,0,0,0,0,0,0,0,0,0,0,0,0,0,0,0,0,0,0,0,0,0,0,0,0,0,0,0,0,0,0,39.9772,-75.2268, , 
 ,15504,2016030440,6,67,67301,2016,3,4,628,6,3,1,0,1,1, , ,N,7,3,2,3,0,1,2,2,N,N,40 00:25.119,75 11:58.634,639, ,628, ,0, , , ,3, , , , , ,165018, , , ,2,0,0,0,0,0,2,0,0,0,0,0,1,1,0,0,0,0,0,0,2,0,0,0,0,0,0,0,0,0,0,0,0,0,0,8,0,40.007,-75.1996, , 
 ,15505,2016064052,6,67,67301,2016,6,7,335,3,3,1,0,4,1, , ,N,1,2,0,3,0,2,2,2,N,N,40 01:31.669,75 07:24.547,338, ,335,2,2,3,N, ,3,Y, , , , ,166665, , , ,2,1,0,0,0,0,1,0,0,0,1,0,2,1,0,0,0,0,0,0,0,0,0,0,0,0,0,0,0,0,0,0,0,0,0,3,0,40.0255,-75.1235, , 
 ,15506,2016080430,6,67,67301,2016,6,5,1913,19,1,1,0,8,1, , ,N,0,0,0,3,0,1,2,3,N,N,40 01:34.238,75 08:09.748,1915, ,1914, ,0, ,N, ,0, , , , , ,166681, , , ,2,0,0,0,0,0,1,1,0,0,0,1,1,0,0,0,0,0,0,0,0,0,0,1,0,0,0,0,0,0,0,0,1,0,0,4,0,40.0262,-75.136, , 
 ,15507,2016025186,6,67,67301,2016,3,6,816,8,1,4,1,4,1, , ,N,2,2,0,3,0,1,3,2,N,N,39 59:11.558,75 12:18.363,816, ,816,1,1,2,N, ,3,N, , , , ,166710, , , ,2,2,0,0,0,0,0,0,0,0,0,0,1,1,0,0,0,0,0,0,0,0,0,0,0,0,0,0,0,0,0,0,0,0,0,8,0,39.9865,-75.2051, , 
 ,15508,2016025995,6,67,67301,2016,2,6,1228,12,1,1,1,8,1, , ,N,1,2,0,3,0,1,2,2,N,N,40 03:08.516,75 14:10.540,1237, ,1231, ,0, , , ,3, , , , , ,166711, , , ,1,1,0,0,0,0,0,0,0,0,1,0,1,0,0,0,0,0,0,0,0,0,1,0,0,0,0,0,0,0,0,0,1,0,0,3,0,40.0524,-75.2363, , 
 ,15509,2016029872,6,67,67301,2016,2,6,1000,10,1,1,0,2,6, , ,N,0,0,0,3,0,0,1,3,N,N,40 03:06.152,75 05:14.892,1107, ,1106, ,0, ,N, ,0, , , , , ,166718, , , ,3,3,0,0,0,0,0,0,0,0,0,0,0,0,0,0,0,0,0,0,0,0,0,1,0,0,0,0,0,0,0,0,0,0,0,0,0,40.0517,-75.0875, , 
 ,15510,2016033913,6,67,67301,2016,3,2,1425,14,8,2,1,7,4, , ,N,0,0,0,3,0,1,1,1,N,N,39 56:09.571,75 11:08.675,1428, ,1425, ,0, ,N, ,0, , , , , ,166722, , , ,1,0,0,0,1,0,0,0,0,0,1,0,1,0,0,0,0,0,0,0,0,0,0,0,0,0,0,0,0,0,0,0,0,0,0,3,0,39.936,-75.1857, , 
 ,15511,2016039653,6,67,67301,2016,3,5,425,4,3,1,0,4,1, , ,N,1,2,0,3,0,0,3,2,N,N,40 04:22.410,75 04:33.193,451, ,446, ,0, ,N, ,3, , , , , ,166729, , , ,2,2,0,0,0,0,0,0,0,0,0,0,0,0,0,0,0,0,0,0,0,0,0,0,0,0,0,0,0,0,0,0,0,0,0,0,0,40.0729,-75.0759, , 
 ,15512,2016026804,6,67,67301,2016,3,4,714,7,1,1,0,8,1, , ,N,0,0,0,3,0,1,2,2,N,N,40 03:21.380,75 00:22.146,810, ,715,3,2,6,N, ,0,Y, , , , ,166748, , , ,1,1,0,0,0,0,0,0,0,0,0,1,1,0,0,0,0,0,0,0,1,0,0,0,0,0,0,0,0,0,0,0,1,0,0,4,0,40.0559,-75.0062, , 
 ,15513,2016031150,6,67,67301,2016,2,5,1227,12,1,1,0,7,2, , ,N,0,0,0,3,0,0,1,1,N,N,39 53:57.351,75 10:37.632,1308, ,1237, ,0, , , ,0, , , , , ,166753, , , ,1,1,0,0,0,0,0,0,0,0,0,0,0,0,0,0,0,0,0,0,0,0,0,0,0,0,0,0,0,0,0,0,0,0,0,0,0,39.8993,-75.1771, , 
 ,15514,2016031627,6,67,67301,2016,3,4,1239,12,1,1,0,4,1, , ,N,1,2,0,3,0,0,4,2,N,N,40 01:46.767,75 06:18.056,1254, ,1247,2,1,4,N, ,3,N, , , , ,166754, , , ,2,1,0,0,0,0,1,0,0,0,0,0,0,0,0,0,0,0,0,0,0,0,0,0,0,0,0,0,0,0,0,0,0,0,0,0,0,40.0297,-75.105, , 
 ,15515,2016033781,6,67,67301,2016,3,4,9999,99,1,1,0,8,1, , ,N,0,0,0,3,0,1,2,2,N, ,39 57:27.360,75 11:38.137,808, ,808,1,1,2, , ,0,N, , , , ,166756, , , ,1,1,0,0,0,0,0,0,0,0,0,1,1,0,0,0,0,0,1,0,0,0,0,0,0,0,0,0,0,0,0,0,1,0,0,4,0,39.9576,-75.1939, , 
 ,15516,2016040938,6,67,67301,2016,4,7,5,0,3,1,0,4,1, , ,N,3,2,0,3,0,1,2,2,N,N,39 53:40.926,75 13:46.059,12, ,5,2,1,2,N, ,3,N, , , , ,166764, , , ,2,0,0,0,0,0,2,0,0,0,0,0,1,1,0,0,0,0,0,0,1,0,0,1,0,0,0,0,0,0,0,0,0,0,0,8,0,39.8946,-75.2296, , 
 ,15517,2016008584,6,67,67301,2016,1,1,1526,15,1,1,0,4,1, , ,N,2,2,0,3,0,1,3,2,N,N,39 55:26.513,75 08:35.896,1545, ,1540, ,0, ,N, ,3, , , , , ,166783, , , ,2,1,0,0,0,0,0,1,0,0,0,0,1,1,0,0,0,0,0,0,1,0,0,1,0,0,0,0,0,0,0,0,0,0,0,8,0,39.924,-75.1433, , 
 ,15518,2016052346,6,67,67301,2016,4,5,452,4,3,1,0,4,1, , ,N,0,0,7,3,0,2,2,2,N,N,40 01:16.260,75 02:20.158,455, ,453,9,1,1,N, ,0,N, , , , ,166826, , , ,2,0,0,0,1,0,1,0,0,0,0,2,2,0,0,0,0,0,0,0,0,0,0,1,0,0,0,0,0,0,0,0,0,0,0,4,0,40.0212,-75.0389, , 
 ,15519,2016042326,6,67,67301,2016,4,2,1843,18,1,2,1,1,1, , ,N,0,0,0,3,0,1,3,2,N,N,39 57:30.189,75 10:48.967,1856, ,1846,2,2,4, , ,0,Y, , , , ,166831, , , ,2,0,0,0,1,0,1,0,0,0,0,0,1,1,0,0,0,0,0,0,0,0,0,1,0,0,0,0,0,0,0,0,0,0,0,8,0,39.9584,-75.1803, , 
 ,15520,2016043370,6,67,67301,2016,4,1,730,7,1,1,0,6,6, , ,N,0,0,0,3,0,0,1,4,N,N,39 58:14.908,75 13:51.366,750, ,740, ,0, ,N, ,0, , , , , ,166832, , , ,4,2,0,0,0,0,2,0,0,0,0,0,0,0,0,0,0,0,0,0,0,0,0,0,0,0,0,0,0,0,0,0,0,0,0,0,0,39.9708,-75.2309, , 
 ,15521,2016010619,6,67,67301,2016,1,7,1106,11,1,4,3,7,2, , ,N,6,0,2,3,0,0,1,1,N,N,39 57:06.151,75 08:29.297,1124, ,1108,1,1,1, , ,0,N, , , , ,166838, , , ,1,1,0,0,0,0,0,0,0,0,0,0,0,0,0,0,0,0,0,0,0,0,0,0,0,0,0,0,0,0,0,0,0,0,0,0,0,39.9517,-75.1415, , 
 ,15522,2016014070,6,67,67301,2016,1,7,1010,10,1,1,0,4,1, , ,N,2,2,0,3,0,1,3,2,N,N,39 56:24.382,75 12:02.446,1022, ,1015, ,0, , , ,3, , , , , ,166842, , , ,2,0,0,0,0,0,2,0,0,0,0,0,1,1,0,0,0,0,0,0,1,0,0,0,0,0,0,0,0,0,0,0,0,0,0,8,0,39.9401,-75.2007, , 
 ,15523,2016016091,6,67,67301,2016,2,4,1300,13,1,1,0,5,1, , ,N,1,3,0,3,0,1,2,2,N,N,40 01:40.919,75 02:00.658,1324, ,1301,3,2,7,N, ,3,Y, , , , ,158402, , , ,2,1,0,0,0,1,0,0,0,0,1,0,1,0,0,0,0,0,0,0,0,0,0,0,0,0,0,0,0,0,0,0,0,0,0,3,1,40.028,-75.0335, , 
 ,15524,2016019797,6,67,67301,2016,2,2,2348,23,3,1,1,2,6, , ,N,0,0,0,3,0,2,2,3,N,N,40 01:05.698,75 03:50.179,2352, ,2350,3,2,1,N, ,0,Y, , , , ,158405, , , ,3,2,0,0,0,0,0,1,0,0,0,2,2,0,0,0,0,0,0,0,0,0,0,2,0,0,0,0,0,0,0,0,0,0,0,4,0,40.0182,-75.0639, , 
 ,15525,2016027558,6,67,67301,2016,2,3,1433,14,1,2,1,1,1, , ,N,0,0,0,3,0,2,4,2,N,N,39 58:12.265,75 08:29.599,1435, ,1434, ,0, ,N, ,0, , , , , ,158408, , , ,2,2,0,0,0,0,0,0,0,0,0,2,2,0,0,0,0,0,0,0,1,0,0,0,0,0,0,0,0,0,0,0,0,0,0,4,0,39.9701,-75.1416, , 
 ,15526,2016033910,6,67,67301,2016,3,5,1040,10,1,1,0,8,1, , ,N,1,3,0,3,0,1,2,2,N, ,40 03:09.025,75 08:42.327,1630, ,1630, ,0, , , ,3, , , , , ,158415, , , ,1,1,0,0,0,0,0,0,0,0,0,1,1,0,0,0,0,0,0,0,0,0,0,1,0,0,0,0,0,0,0,0,1,0,0,4,0,40.0525,-75.1451, , 
 ,15527,2016040895,6,67,67301,2016,4,1,1819,18,3,1,0,4,1, , ,N,5,2,0,3,0,3,4,2,N,N,40 00:31.996,75 04:18.728,6, ,2358, ,0, , , ,3, , , , , ,158421, , , ,2,0,0,0,1,0,0,1,0,3,0,0,3,0,1,0,0,0,0,0,1,0,0,0,0,0,0,0,0,0,0,0,0,0,0,2,0,40.0089,-75.0719, , 
 ,15528,2016048187,6,67,67301,2016,5,5,1550,15,1,1,0,4,1, , ,N,1,3,0,3,0,1,3,2,N,N,39 58:28.588,75 09:35.171,1602, ,1600, ,0, ,N, ,3, , , , , ,158429, , , ,2,2,0,0,0,0,0,0,0,0,0,0,1,1,0,0,0,0,0,0,1,0,0,0,0,0,0,0,0,0,0,0,0,0,0,8,0,39.9746,-75.1598, , 
 ,15529,2016051265,6,67,67301,2016,4,4,315,3,3,1,0,2,1, , ,N,0,0,0,3,0,0,5,3,N, ,39 58:08.267,75 09:42.228,323, ,322, ,0, , , ,0, , , , , ,158432, , , ,3,1,0,0,0,0,1,1,0,0,0,0,0,0,1,0,0,0,0,0,0,0,0,1,0,0,0,0,0,0,0,0,0,0,0,9,0,39.969,-75.1617, , 
 ,15530,2016053711,6,67,67301,2016,5,5,2230,22,3,1,0,5,1, , ,N,0,0,0,3,0,1,2,2,N,N,40 00:41.300,75 09:29.100,2324, ,2317, ,0, ,N, ,0, , , , , ,158433, , , ,2,2,0,0,0,0,0,0,0,0,0,1,1,0,0,0,0,0,0,0,0,0,0,0,0,0,0,0,0,0,0,0,0,0,0,4,0,40.0115,-75.1581, , 
 ,15531,2016062658,6,67,67301,2016,5,3,1038,10,1,1,0,7,4, , ,N,0,0,0,3,0,1,2,1,N,N,40 03:34.265,74 59:33.687,1054, ,1052, ,0, ,N, ,0, , , , , ,158441, , , ,1,0,0,0,0,0,0,1,0,0,0,1,1,0,0,0,0,0,0,0,0,0,0,0,0,0,0,0,0,0,0,0,0,0,0,4,0,40.0595,-74.9927, , 
 ,15532,2016019835,6,67,67301,2016,2,4,1346,13,1,2,1,4,1, , ,N,1,0,0,3,0,2,6,2,N,N,39 59:57.041,75 08:03.904,1349, ,1346,1,1,4,N, ,0,Y, , , , ,158458, , , ,2,1,0,0,0,0,1,0,0,0,0,1,2,1,0,0,0,0,0,0,0,0,0,0,0,0,0,0,0,0,0,0,0,0,0,4,0,39.9992,-75.1344, , 
Y,15533,2016033959,6,67,67301,2016,3,6,2230,22,3,1,0,1,1,1,2,Y,0,0,0,3,0,2,3,2,N,N,40 01:04.734,75 02:52.951,2252,45,2233,1,1,1, , ,0,N,Y,N,N,N,158465,N,N,N,2,2,0,0,0,0,0,0,0,0,2,0,2,0,0,0,0,0,0,0,0,0,0,0,0,0,0,0,0,0,0,0,0,0,0,3,0,40.018,-75.048, , 
 ,15534,2016047051,6,67,67301,2016,4,4,1518,15,1,1,0,1,1, , ,N,2,3,0,3,0,2,3,2,N, ,40 04:37.700,75 02:35.145,1530, ,1526,2,2,2, , ,3,N, , , , ,158478, , , ,2,2,0,0,0,0,0,0,0,0,0,1,2,1,0,0,0,0,0,0,1,0,1,2,0,0,0,0,0,0,0,0,0,0,0,4,0,40.0771,-75.0431, , 
 ,15535,2016048513,6,67,67301,2016,4,5,950,9,1,1,0,8,4, , ,N,0,0,0,3,0,1,2,2,N,N,39 57:00.435,75 09:12.443,950, ,950, ,0, ,N, ,0, , , , , ,158482, , , ,1,0,0,0,1,0,0,0,0,0,1,0,1,0,0,0,0,0,0,0,1,0,0,1,0,0,0,0,0,0,0,0,1,0,0,3,0,39.9501,-75.1535, , 
 ,15536,2016048594,6,67,67301,2016,4,6,955,9,1,1,0,4,1, , ,N,1,2,0,3,0,2,2,2,N,N,40 03:21.873,75 03:50.497,1003, ,958, ,0, ,N, ,3, , , , , ,158483, , , ,2,0,0,0,0,0,1,1,0,0,0,2,2,0,0,0,0,0,0,0,0,0,0,0,0,0,0,0,0,0,0,0,0,0,0,4,0,40.0561,-75.064, , 
 ,15537,2016027537,6,67,67301,2016,2,6,1120,11,1,1,0,5,1, , ,N,0,0,6,3,0,3,3,4,N,N,39 55:41.925,75 11:45.165,1210, ,1208, ,0, ,N, ,0, , , , , ,158515, , , ,4,3,0,0,1,0,0,0,0,0,1,1,3,1,0,0,0,0,0,0,0,0,0,0,0,0,0,0,0,0,0,0,0,0,0,3,0,39.9283,-75.1959, , 
 ,15538,2016029863,6,67,67301,2016,2,4,819,8,1,2,1,1,1, , ,N,2,2,0,3,0,1,3,2,N,N,40 01:08.561,75 09:20.405,820, ,819,1,1,2,N, ,3,N, , , , ,158518, , , ,2,1,0,0,0,0,1,0,0,0,0,1,1,0,0,0,0,0,0,0,0,0,0,3,0,0,0,0,0,0,0,0,0,0,0,4,0,40.019,-75.1557, , 
 ,15539,2016029964,6,67,67301,2016,2,2,740,7,1,1,0,7,4, , ,N,1,2,0,3,0,0,1,1,N,N,39 59:41.064,75 10:09.951,1015, ,1003, ,0, ,N, ,3, , , , , ,158519, , , ,1,1,0,0,0,0,0,0,0,0,0,0,0,0,1,0,0,0,0,0,0,0,0,0,0,0,0,0,0,0,0,0,0,0,0,9,0,39.9947,-75.1694, , 
 ,15540,2016041007,6,67,67301,2016,3,5,1557,15,1,1,0,4,1, , ,N,1,2,0,3,0,0,3,3,N, ,39 58:06.999,75 13:14.343,1602, ,1600, ,0, , , ,3, , , , , ,158527, , , ,3,3,0,0,0,0,0,0,0,0,0,0,0,0,2,0,0,0,0,1,1,0,0,0,0,0,0,0,0,0,0,0,0,0,0,9,0,39.9686,-75.2207, , 
 ,15541,2016036488,6,67,67301,2016,3,7,220,2,3,1,0,7,4, , ,N,0,0,0,3,0,0,1,1,N,N,39 59:18.393,75 08:05.856,230, ,225,1,1,1,N, ,0,Y, , , , ,161409, , , ,1,1,0,0,0,0,0,0,0,0,0,0,0,0,1,0,0,0,0,0,0,0,0,0,0,0,0,0,0,0,0,0,0,0,0,9,0,39.9884,-75.135, , 
 ,15542,2016039648,6,67,67301,2016,3,2,1820,18,1,1,0,4,1, , ,N,1,2,0,3,0,1,4,2,N,N,39 55:35.296,75 11:09.463,1840, ,1836, ,0, ,N, ,3, , , , , ,161414, , , ,1,1,0,0,0,0,0,0,1,0,0,1,1,0,0,0,0,0,0,0,0,0,0,2,0,0,0,0,0,0,0,0,0,0,0,4,0,39.9265,-75.186, , 
 ,15543,2016044580,6,67,67301,2016,4,3,145,1,3,1,0,5,1, , ,N,0,2,0,3,0,0,4,2,N,N,40 01:21.504,75 08:12.580,150, ,150,9,1,1,N, ,3,N, , , , ,161417, , , ,2,1,0,0,0,0,0,1,0,0,0,0,0,0,0,0,0,0,0,0,0,0,0,0,0,0,0,0,0,0,0,0,0,0,0,0,0,40.0226,-75.1368, , 
 ,15544,2016047775,6,67,67301,2016,4,4,1655,16,1,1,0,4,1, , ,N,1,2,0,3,0,1,2,2,N,N,40 02:38.401,75 06:09.537,1655, ,1655, ,0, ,N, ,3, , , , , ,161420, , , ,2,2,0,0,0,0,0,0,0,0,0,0,1,1,0,0,0,0,0,0,1,0,0,0,0,0,0,0,0,0,0,0,0,0,0,8,0,40.044,-75.1026, , 
 ,15545,2016049263,6,67,67301,2016,5,2,1155,11,1,1,0,6,1, , ,N,0,0,0,3,0,0,2,2,N,N,39 59:07.159,75 12:44.859,1155, ,1155,1,2,5, , ,0,N, , , , ,161423, , , ,2,2,0,0,0,0,0,0,0,0,0,0,0,0,0,0,0,0,0,0,1,0,0,0,0,0,0,0,0,0,0,0,0,0,0,0,0,39.9853,-75.2125, , 
 ,15546,2016002801,6,67,67301,2016,1,3,1530,15,1,1,0,7,3, , ,N,0,0,0,3,0,0,3,3,N,N,39 58:22.712,75 07:16.241,1648, ,1500,2,1,2,N, ,0,N, , , , ,161429, , , ,3,3,0,0,0,0,0,0,0,0,0,0,0,0,0,0,0,0,0,0,0,0,0,1,0,0,0,0,0,0,0,0,0,0,0,0,0,39.973,-75.1212, , 
 ,15547,2016040535,6,67,67301,2016,3,3,55,0,3,1,0,5,6, , ,N,0,0,0,3,0,0,1,3,N,N,40 01:15.867,75 05:19.478,59, ,57, ,0, ,N, ,0, , , , , ,161457, , , ,3,2,0,0,0,0,1,0,0,0,0,0,0,0,0,0,0,0,0,0,0,0,0,0,0,0,0,0,0,0,0,0,0,0,0,0,0,40.0211,-75.0887, , 
 ,15548,2016062673,6,67,67301,2016,5,7,1958,19,1,1,0,4,1, , ,N,1,2,0,3,0,1,4,2,N, ,39 58:27.041,75 10:49.571,2008, ,2001,1,1,6, , ,3,N, , , , ,161475, , , ,2,1,0,0,0,0,1,0,0,0,0,1,1,0,0,0,0,0,0,0,0,0,0,0,0,0,0,0,0,0,0,0,0,0,0,4,0,39.9742,-75.1804, , 