wz_ln_closure,objectid_1,crn,district,county,municipality,crash_year,crash_month,day_of_week,time_of_day,hour_of_day,illumination,weather,road_condition,collision_type,relation_to_road,work_zone_type,work_zone_loc,work_zone_ind,intersect_type,tcd_type,location_type,urban_rural,fatal_count,injury_count,person_count,total_units,sch_bus_ind,sch_zone_ind,latitude,longitude,arrival_tm,cons_zone_spd_lim,dispatch_tm,est_hrs_closed,lane_closed,ln_close_dir,ntfy_hiwy_maint,spec_juris_cd,tcd_func_cd,tfc_detour_ind,workers_pres,wz_close_detour,wz_flagger,wz_law_offcr_ind,objectid,wz_moving,wz_other,wz_shlder_mdn,vehicle_count,automobile_count,motorcycle_count,bus_count,small_truck_count,heavy_truck_count,suv_count,van_count,bicycle_count,maj_inj_count,mod_inj_count,min_inj_count,tot_inj_count,unk_inj_deg_count,unk_inj_per_count,driver_count_16yr,driver_count_17yr,driver_count_18yr,driver_count_19yr,driver_count_20yr,driver_count_50_64yr,driver_count_65_74yr,driver_count_75plus,unbelted_occ_count,unb_death_count,unb_maj_inj_count,belted_death_count,belted_maj_inj_count,mcycle_death_count,mcycle_maj_inj_count,bicycle_death_count,bicycle_maj_inj_count,ped_count,ped_death_count,ped_maj_inj_count,max_severity_level,comm_veh_count,dec_lat,dec_long,rdwy_surf_type_cd,county_name
 ,15549,2016019908,6,67,67301,2016,2,3,1843,18,3,1,0,1,1, , ,N,1,2,0,3,0,3,5,3,N, ,40 02:49.411,75 05:27.941,1854, ,1853, ,0, , , ,3, , , , , ,161494, , , ,3,1,0,0,0,0,2,0,0,0,0,0,3,3,0,0,0,0,0,0,1,0,0,0,0,0,0,0,0,0,0,0,0,0,0,8,0,40.0471,-75.0911, , 
 ,15550,2016032085,6,67,67301,2016,3,7,2335,23,3,1,0,4,1, , ,N,1,2,0,3,0,2,2,6,N, ,39 56:49.135,75 12:54.644,2343, ,2340,2,2,6, , ,3,Y, , , , ,161504, , , ,6,4,0,0,0,0,2,0,0,0,0,2,2,0,0,0,0,0,0,0,0,0,0,0,0,0,0,0,0,0,0,0,0,0,0,4,0,39.947,-75.2152, , 
 ,15551,2016036469,6,67,67301,2016,3,6,100,1,3,1,0,1,6, , ,N,0,0,0,3,0,0,1,2,N,N,40 01:24.900,75 09:53.300,130, ,128,2,2,6,N, ,0,Y, , , , ,161507, , , ,2,2,0,0,0,0,0,0,0,0,0,0,0,0,1,0,0,0,0,0,0,0,0,0,0,0,0,0,0,0,0,0,0,0,0,9,0,40.0236,-75.1648, , 
 ,15552,2016046963,6,46,46102,2016,5,2,1328,13,1,1,0,4,1, , ,N,1,2,0,3,0,0,3,3,N,N,40 04:18.194,75 09:14.605,1335, ,1328,1,1,2,N, ,3,N, , , , ,161517, , , ,3,0,0,0,0,0,3,0,0,0,0,0,0,0,0,0,0,0,0,0,0,0,0,0,0,0,0,0,0,0,0,0,0,0,0,0,0,40.0717,-75.1541, , 
 ,15553,2016048127,6,67,67301,2016,4,4,1949,19,4,1,0,4,1, , ,N,1,2,0,3,0,1,3,2,N,N,39 59:17.883,75 15:14.303,1949, ,1949,2,1,2,N, ,3,Y, , , , ,161519, , , ,2,1,0,0,0,0,0,1,0,0,0,1,1,0,0,0,0,0,0,0,1,0,0,0,0,0,0,0,0,0,0,0,0,0,0,4,0,39.9883,-75.254, , 
 ,15554,2016048704,6,67,67301,2016,4,7,2300,23,3,1,0,5,1, , ,N,2,0,0,3,0,0,2,2,N,N,40 01:10.491,75 06:29.973,2340, ,2335, ,0, ,N, ,0, , , , , ,161520, , , ,2,1,0,0,0,0,1,0,0,0,0,0,0,0,0,0,0,0,1,0,0,1,0,0,0,0,0,0,0,0,0,0,0,0,0,0,0,40.0196,-75.1083, , 
 ,15555,2016013961,6,67,67301,2016,1,6,1557,15,1,1,0,1,1, , ,N,0,0,0,3,0,1,6,4,N,N,39 56:23.742,75 14:09.959,1601, ,1601, ,0, ,N, ,0, , , , , ,161530, , , ,4,2,0,0,0,0,0,0,0,0,0,0,1,1,0,0,0,0,0,1,0,0,0,0,0,0,0,0,0,0,0,0,0,0,0,8,0,39.9399,-75.2361, , 
 ,15556,2016013698,6,67,67301,2016,1,3,2040,20,3,4,1,4,1, , ,N,1,2,0,3,0,3,5,2,N,N,40 03:12.900,75 08:29.229,2050, ,2044, ,0, ,N, ,3, , , , , ,161535, , , ,2,1,0,1,0,0,0,0,0,0,0,0,3,3,0,0,0,0,0,0,2,0,0,1,0,0,0,0,0,0,0,0,0,0,0,8,1,40.0537,-75.1414, , 
 ,15557,2016019177,6,67,67301,2016,1,1,300,3,3,1,0,1,6, , ,N,0,0,0,3,0,1,1,4,N,N,39 57:06.311,75 11:00.887,312, ,304, ,0, ,N, ,0, , , , , ,161539, , , ,4,3,0,0,0,0,1,0,0,0,0,1,1,0,0,0,0,0,0,0,0,0,0,0,0,0,0,0,0,0,0,0,0,0,0,4,0,39.9518,-75.1836, , 
 ,15558,2016036424,6,67,67301,2016,3,5,310,3,3,1,0,8,1, , ,N,1,2,0,3,0,1,2,2,N,N,39 59:33.432,75 10:05.681,318, ,315, ,0, ,N, ,3, , , , , ,161550, , , ,1,1,0,0,0,0,0,0,0,0,0,1,1,0,1,0,0,0,0,0,0,0,0,0,0,0,0,0,0,0,0,0,1,0,0,4,0,39.9926,-75.1682, , 
 ,15559,2016030869,6,67,67301,2016,3,2,2154,21,3,1,0,5,1, , ,N,0,0,2,3,0,0,2,2,N,N,39 57:19.774,75 08:53.216,2154, ,2154, ,0, ,N, ,0, , , , , ,165019, , , ,2,1,0,0,0,0,1,0,0,0,0,0,0,0,0,0,0,0,0,0,1,0,0,0,0,0,0,0,0,0,0,0,0,0,0,0,0,39.9555,-75.1481, , 
 ,15560,2016033776,6,67,67301,2016,3,5,2010,20,3,1,0,4,1, , ,N,1,2,0,3,0,3,9,2,N,N,40 01:03.525,75 03:33.421,2125, ,2125, ,0, , , ,3, , , , , ,165022, , , ,2,1,0,0,0,0,1,0,0,0,0,0,3,3,0,0,0,0,0,0,0,0,0,0,0,0,0,0,0,0,0,0,0,0,0,8,0,40.0176,-75.0593, , 
 ,15561,2016026161,6,67,67301,2016,2,2,1619,16,1,4,3,7,4, , ,N,0,0,2,3,0,0,1,1,N, ,39 54:39.084,75 11:04.642,1626, ,1622, ,0, , , ,0, , , , , ,165065, , , ,1,0,0,0,0,0,1,0,0,0,0,0,0,0,0,0,0,0,0,0,0,0,0,0,0,0,0,0,0,0,0,0,0,0,0,0,0,39.9109,-75.1846, , 
 ,15562,2016033870,6,67,67301,2016,3,2,1733,17,1,2,1,3,1, , ,N,1,3,0,3,0,3,4,2,N, ,39 59:01.744,75 10:24.139,1738, ,1733, ,0, , , ,3, , , , , ,165073, , , ,2,1,0,0,1,0,0,0,0,0,1,1,3,1,0,0,0,0,0,0,1,0,0,0,0,0,0,0,0,0,0,0,0,0,0,3,0,39.9838,-75.1734, , 
 ,15563,2016014047,6,67,67301,2016,1,2,9999,99,3,1,0,5,6, , ,N,0,0,0,3,0,0,1,3,N, ,40 00:29.075,75 07:22.463,403, ,403, ,0, , , ,0, , , , , ,165102, , , ,3,1,0,0,0,0,2,0,0,0,0,0,0,0,0,0,0,0,0,0,0,0,0,0,0,0,0,0,0,0,0,0,0,0,0,0,0,40.0081,-75.1229, , 
 ,15564,2016014429,6,67,67301,2016,1,3,1424,14,1,1,0,4,1, , ,N,0,0,0,3,0,1,6,2,N,N,39 56:36.965,75 13:13.755,1521, ,1516, ,0, , , ,0, , , , , ,165103, , , ,2,2,0,0,0,0,0,0,0,0,0,0,1,1,0,0,0,0,0,0,0,0,0,0,0,0,0,0,0,0,0,0,0,0,0,8,0,39.9436,-75.2205, , 
 ,15565,2016046988,6,67,67301,2016,4,1,725,7,1,1,0,4,1, , ,N,1,3,0,3,0,0,2,2,N,N,39 58:59.005,75 10:03.752,953, ,951, ,0, ,N, ,3, , , , , ,165126, , , ,2,2,0,0,0,0,0,0,0,0,0,0,0,0,1,0,0,0,0,0,1,0,0,0,0,0,0,0,0,0,0,0,0,0,0,9,0,39.9831,-75.1677, , 
 ,15566,2016053746,6,67,67301,2016,5,4,1713,17,1,1,0,8,1, , ,N,1,0,0,3,0,1,2,2,N,N,39 55:33.679,75 10:21.611,1728, ,1420, ,0, ,N, ,0, , , , , ,165129, , , ,1,0,0,0,0,0,0,1,0,0,0,0,1,1,0,0,0,0,0,0,0,0,0,0,0,0,0,0,0,0,0,0,1,0,0,8,0,39.926,-75.1727, , 
 ,15567,2016058598,6,67,67301,2016,5,5,844,8,1,1,0,4,1, , ,N,0,0,0,3,0,0,2,2,N, ,39 55:34.557,75 13:50.109,845, ,845, ,0, , , ,0, , , , , ,165132, , , ,2,2,0,0,0,0,0,0,0,0,0,0,0,0,0,0,0,0,0,0,1,0,0,1,0,0,0,0,0,0,0,0,0,0,0,0,0,39.9263,-75.2306, , 
 ,15568,2016068281,6,67,67301,2016,6,1,211,2,3,1,0,1,1, , ,N,0,0,3,3,0,0,4,3,N, ,39 57:52.049,75 10:58.381,227, ,224, ,0, , , ,0, , , , , ,165140, , , ,3,2,0,0,0,0,0,1,0,0,0,0,0,0,2,0,0,0,0,0,0,0,0,0,0,0,0,0,0,0,0,0,0,0,0,9,0,39.9645,-75.1829, , 
 ,15569,2016041021,6,67,67301,2016,4,7,2100,21,3,1,0,1,1, , ,N,2,2,0,3,0,1,2,2,N,N,40 01:11.588,75 10:29.885,2125, ,2123, ,0, ,N, ,3, , , , , ,165143, , , ,2,1,0,0,0,0,1,0,0,0,0,0,1,1,0,0,0,0,0,0,0,0,0,1,0,0,0,0,0,0,0,0,0,0,0,8,0,40.0199,-75.175, , 
 ,15570,2016016590,6,67,67301,2016,1,5,1330,13,1,1,0,1,1, , ,N,0,0,7,3,0,1,2,2,N, ,39 59:05.070,75 09:24.809,1055, ,1044, ,0, , , ,0, , , , , ,165156, , , ,2,1,0,0,0,0,1,0,0,0,1,0,1,0,1,0,0,0,0,0,1,1,0,0,0,0,0,0,0,0,0,0,0,0,0,3,0,39.9847,-75.1569, , 
 ,15571,2016038198,6,67,67301,2016,3,7,1800,18,1,1,0,6,1, , ,N,0,0,0,3,0,1,2,2,N, ,39 59:57.941,75 08:10.669,1815, ,1801, ,0, , , ,0, , , , , ,165177, , , ,2,1,1,0,0,0,0,0,0,0,1,0,1,0,0,0,0,0,0,0,0,0,0,1,0,0,0,0,0,0,0,0,0,0,0,3,0,39.9994,-75.1363, , 
 ,15572,2016042296,6,67,67301,2016,4,7,2130,21,3,1,1,7,2, , ,N,0,0,2,3,0,0,1,1,N,N,40 00:28.635,75 04:20.678,2152, ,2137,3,1,2, , ,0,N, , , , ,165184, , , ,1,1,0,0,0,0,0,0,0,0,0,0,0,0,0,0,0,0,0,0,0,0,0,0,0,0,0,0,0,0,0,0,0,0,0,0,0,40.008,-75.0724, , 
 ,15573,2016044510,6,67,67301,2016,4,3,1154,11,1,2,1,4,1, , ,N,1,2,0,3,0,1,2,2,N,N,40 01:04.609,75 05:02.155,1155, ,1154, ,0, , , ,3, , , , , ,165188, , , ,2,1,0,0,0,1,0,0,0,0,0,1,1,0,0,0,0,0,0,0,0,0,0,1,0,0,0,0,0,0,0,0,0,0,0,4,0,40.0179,-75.0839, , 
N,15574,2016019324,6,67,67301,2016,1,1,957,9,1,1,0,7,4,1,4,Y,0,0,0,3,0,0,1,1,N,N,40 01:46.522,75 01:19.660,959,45,957,1,1,1, , ,0,N,N,N,N,N,165204,N,N,Y,1,1,0,0,0,0,0,0,0,0,0,0,0,0,0,0,0,0,0,0,0,0,0,0,0,0,0,0,0,0,0,0,0,0,0,0,0,40.0296,-75.0221, , 
 ,15575,2016022022,6,67,67301,2016,2,6,1750,17,3,1,0,4,1, , ,N,2,2,0,3,0,0,4,3,N,N,39 59:07.638,75 15:30.761,1815, ,1755,9,1,1,N, ,3,N, , , , ,165210, , , ,3,1,0,0,0,0,1,1,0,0,0,0,0,0,0,0,0,0,0,0,0,0,0,0,0,0,0,0,0,0,0,0,0,0,0,0,0,39.9855,-75.2585, , 
 ,15576,2016029133,6,67,67301,2016,3,4,1033,10,1,1,0,4,1, , ,N,1,2,0,3,0,2,6,3,N,Y,40 03:12.823,75 10:40.715,1041, ,1035,3,1,3,N, ,3,N, , , , ,165217, , , ,3,1,0,0,1,0,1,0,0,0,0,0,2,2,0,0,0,0,0,0,1,0,0,0,0,0,0,0,0,0,0,0,0,0,0,8,0,40.0536,-75.178, , 
 ,15577,2016013987,6,67,67301,2016,1,1,9999,99,1,2,1,4,1, , ,N,1,2,0,3,0,0,5,2,N,N,40 00:51.570,75 10:41.163,1207, ,1153,9,1,5,N, ,3,N, , , , ,167901, , , ,2,2,0,0,0,0,0,0,0,0,0,0,0,0,0,0,0,0,0,0,0,1,0,0,0,0,0,0,0,0,0,0,0,0,0,0,0,40.0143,-75.1781, , 
 ,15578,2016040877,6,67,67301,2016,4,2,1833,18,1,2,1,1,1, , ,N,0,0,0,3,0,1,3,4,N, ,39 59:15.544,75 07:47.964,1833, ,1833, ,0, ,N, ,0, , , , , ,167931, , , ,4,3,0,0,0,0,1,0,0,0,0,1,1,0,1,0,0,0,0,0,0,0,0,0,0,0,0,0,0,0,0,0,0,0,0,4,0,39.9877,-75.13, , 
 ,15579,2016013805,6,67,67301,2016,1,4,1700,17,1,1,0,5,1, , ,N,0,0,0,3,0,0,3,2,N,N,39 55:01.119,75 14:46.307,1712, ,1706, ,0, ,N, ,0, , , , , ,167956, , , ,2,0,0,0,0,1,1,0,0,0,0,0,0,0,0,0,0,0,0,0,0,0,0,0,0,0,0,0,0,0,0,0,0,0,0,0,1,39.917,-75.2462, , 
 ,15580,2016026079,6,67,67301,2016,2,4,1306,13,1,1,0,8,1, , ,N,1,2,0,3,0,1,2,2,N, ,39 57:05.578,75 09:24.232,1310, ,1308, ,0, , , ,3, , , , , ,167966, , , ,1,1,0,0,0,0,0,0,0,0,0,0,1,1,0,0,0,0,0,0,0,0,0,1,0,0,0,0,0,0,0,0,1,0,0,8,0,39.9515,-75.1567, , 
 ,15581,2016026090,6,67,67301,2016,2,7,1232,12,1,1,0,4,1, , ,N,2,0,7,3,0,0,3,2,N,N,40 02:18.513,75 06:34.940,1255, ,1246, ,0, ,N, ,0, , , , , ,167967, , , ,2,1,0,0,0,0,1,0,0,0,0,0,0,0,0,0,0,0,0,0,1,0,0,1,0,0,0,0,0,0,0,0,0,0,0,0,0,40.0385,-75.1097, , 
N,15582,2016031448,6,67,67301,2016,3,6,1506,15,1,1,0,1,1,1,4,Y,0,0,0,3,0,0,2,2,N,N,40 01:23.830,75 02:05.476,1537,45,1509, ,0, , , ,0, ,N,N,N,N,167974,N,N,Y,2,2,0,0,0,0,0,0,0,0,0,0,0,0,0,0,0,0,1,0,0,1,0,0,0,0,0,0,0,0,0,0,0,0,0,0,0,40.0233,-75.0349, , 
 ,15583,2016033902,6,67,67301,2016,3,6,424,4,3,1,0,4,1, , ,N,1,2,0,3,0,1,2,2,N, ,39 59:17.883,75 15:14.303,436, ,427, ,0, , , ,3, , , , , ,167979, , , ,2,1,0,0,0,1,0,0,0,0,0,1,1,0,0,0,0,0,0,0,0,0,0,1,0,0,0,0,0,0,0,0,0,0,0,4,1,39.9883,-75.254, , 
 ,15584,2016041409,6,67,67301,2016,4,2,9999,99,1,1,0,4,1, , ,N,2,3,0,3,0,0,4,2,N,N,39 59:35.577,75 05:35.812,9999, ,9999, ,0, ,N, ,3, , , , , ,168025, , , ,2,0,0,0,0,1,0,1,0,0,0,0,0,0,0,0,0,0,0,0,1,0,0,0,0,0,0,0,0,0,0,0,0,0,0,0,1,39.9932,-75.0933, , 
 ,15585,2016058619,6,67,67301,2016,5,7,104,1,3,1,0,4,1, , ,N,1,2,0,3,0,2,2,2,N,N,40 04:51.445,75 01:43.230,110, ,104,9,1,2,N, ,3,N, , , , ,168032, , , ,2,1,0,0,0,0,1,0,0,0,0,0,2,2,0,0,0,0,0,0,0,1,0,0,0,0,0,0,0,0,0,0,0,0,0,8,0,40.0809,-75.0288, , 
 ,15586,2016017044,6,67,67301,2016,1,3,1043,10,1,1,0,4,1, , ,N,1,3,0,3,0,2,6,2,N,N,39 56:54.708,75 12:20.462,1043, ,1043, ,0, ,N, ,3, , , , , ,168049, , , ,2,1,0,0,0,0,1,0,0,0,0,2,2,0,0,0,0,0,0,0,0,1,0,1,0,0,0,0,0,0,0,0,0,0,0,4,0,39.9485,-75.2057, , 
 ,15587,2016030702,6,67,67301,2016,3,7,805,8,1,1,0,4,1, , ,N,1,2,0,3,0,3,4,3,N,N,39 55:25.207,75 10:46.849,820, ,810, ,0, ,N, ,3, , , , , ,168060, , , ,3,2,0,0,0,0,1,0,0,0,0,3,3,0,0,0,0,0,0,0,0,0,0,0,0,0,0,0,0,0,0,0,0,0,0,4,0,39.9237,-75.1797, , 
 ,15588,2016046151,6,67,67301,2016,4,4,742,7,1,1,0,4,1, , ,N,1,3,0,3,0,1,2,2,N, ,39 55:42.196,75 10:17.633,831, ,831, ,0, , , ,3, , , , , ,168070, , , ,2,1,0,0,0,0,1,0,0,0,0,0,1,1,0,0,0,0,0,0,0,0,0,0,0,0,0,0,0,0,0,0,0,0,0,8,0,39.9284,-75.1716, , 
 ,15589,2016046984,6,67,67301,2016,4,5,1437,14,1,1,0,4,1, , ,N,1,2,0,3,0,4,5,3,N,N,40 02:34.252,75 03:47.603,1443, ,1448,3,2,3, , ,3,Y, , , , ,168071, , , ,3,0,0,0,1,1,0,1,0,0,0,4,4,0,0,0,0,0,0,0,0,0,0,0,0,0,0,0,0,0,0,0,0,0,0,4,1,40.0428,-75.0631, , 
 ,15590,2016053634,6,67,67301,2016,4,4,1345,13,1,1,0,1,1, , ,N,1,2,0,3,0,1,2,2,N,N,39 59:01.026,75 14:49.382,1545, ,1530, ,0, ,N, ,3, , , , , ,168075, , , ,2,0,0,0,0,0,1,1,0,0,0,0,1,1,0,0,0,0,0,0,0,1,0,0,0,0,0,0,0,0,0,0,0,0,0,8,0,39.9836,-75.247, , 
 ,15591,2016060831,6,67,67301,2016,5,7,145,1,3,1,0,5,1, , ,N,0,0,0,3,0,1,3,2,N,N,40 01:14.481,75 08:25.582,205, ,158, ,0, ,N, ,0, , , , , ,168083, , , ,2,2,0,0,0,0,0,0,0,0,0,1,1,0,0,0,0,0,0,0,0,0,0,0,0,0,0,0,0,0,0,0,0,0,0,4,0,40.0207,-75.1404, , 
 ,15592,2016005586,6,67,67301,2016,1,6,1355,13,1,1,0,8,1, , ,N,0,0,0,3,0,1,5,2,N,N,40 00:52.156,75 05:03.973,1402, ,1358, ,0, ,N, ,0, , , , , ,168092, , , ,1,1,0,0,0,0,0,0,0,0,0,1,1,0,0,0,0,0,0,0,0,0,0,0,0,0,0,0,0,0,0,0,1,0,0,4,0,40.0145,-75.0844, , 
 ,15593,2016007584,6,67,67301,2016,1,6,1257,12,1,1,0,1,1, , ,N,2,0,0,3,0,3,4,2,N,N,40 01:04.790,75 10:21.860,1300, ,1257, ,0, , , ,0, , , , , ,168096, , , ,2,2,0,0,0,0,0,0,0,0,0,3,3,0,0,0,0,0,0,0,0,0,0,0,0,0,0,0,0,0,0,0,0,0,0,4,0,40.018,-75.1727, , 
 ,15594,2016019817,6,67,67301,2016,2,3,700,7,3,1,0,1,1, , ,N,0,0,0,3,0,1,3,3,N, ,39 59:46.864,75 05:32.974,725, ,720, ,0, , , ,0, , , , , ,168110, , , ,3,0,0,1,0,0,2,0,0,0,0,1,1,0,0,0,0,0,0,0,2,0,0,0,0,0,0,0,0,0,0,0,0,0,0,4,1,39.9964,-75.0925, , 
 ,15595,2016043746,6,67,67301,2016,3,2,201,2,3,2,1,7,4, , ,N,0,0,0,3,0,0,1,1,N,N,39 57:38.501,75 10:53.782,211, ,204,1,2,4, , ,0,N, , , , ,158529, , , ,1,1,0,0,0,0,0,0,0,0,0,0,0,0,0,0,0,0,0,0,0,0,0,0,0,0,0,0,0,0,0,0,0,0,0,0,0,39.9607,-75.1816, , 
 ,15596,2016048568,6,67,67301,2016,4,4,1530,15,1,1,0,1,1, , ,N,2,2,2,3,0,1,4,2,N,N,39 56:29.692,75 08:31.694,1540, ,1535, ,0, ,N, ,3, , , , , ,158532, , , ,2,2,0,0,0,0,0,0,0,0,0,0,1,1,0,0,0,0,0,0,1,1,0,0,0,0,0,0,0,0,0,0,0,0,0,8,0,39.9416,-75.1421, , 
 ,15597,2016053640,6,67,67301,2016,5,4,1255,12,1,8,0,4,1, , ,N,1,3,0,3,0,1,2,2,N,N,40 02:33.824,75 04:22.947,1304, ,1303,2,1,3, , ,3,N, , , , ,158538, , , ,2,0,0,0,0,0,2,0,0,0,0,1,1,0,0,0,0,0,0,0,0,0,0,0,0,0,0,0,0,0,0,0,0,0,0,4,0,40.0427,-75.073, , 
 ,15598,2016013895,6,67,67301,2016,1,7,35,0,3,2,1,4,1, , ,N,1,2,0,3,0,4,4,3,N,N,39 55:33.920,75 14:32.499,44, ,42,3,2,7,N, ,3,Y, , , , ,158552, , , ,3,2,0,0,0,0,1,0,0,0,0,0,4,4,0,0,0,0,0,0,0,0,0,0,0,0,0,0,0,0,0,0,0,0,0,8,0,39.9261,-75.2424, , 
 ,15599,2016025970,6,67,67301,2016,2,2,1505,15,1,1,0,1,1, , ,N,0,0,0,3,0,1,6,2,N,N,40 02:43.361,75 03:21.658,1528, ,1524, ,0, ,N, ,0, , , , , ,158561, , , ,2,0,0,0,0,0,1,1,0,0,0,0,1,1,0,0,0,0,0,0,0,0,0,1,0,0,0,0,0,0,0,0,0,0,0,8,0,40.0454,-75.056, , 
 ,15600,2016052389,6,67,67301,2016,4,5,1240,12,1,1,0,4,1, , ,N,1,3,0,3,0,1,3,2,N,N,39 57:54.896,75 09:00.374,2255, ,1245, ,0, ,N, ,3, , , , , ,158579, , , ,2,1,0,0,0,0,1,0,0,0,0,1,1,0,0,0,0,0,0,0,0,1,0,0,0,0,0,0,0,0,0,0,0,0,0,4,0,39.9652,-75.1501, , 
 ,15601,2016052391,6,67,67301,2016,5,1,1649,16,1,2,1,7,4, , ,N,0,0,0,3,0,0,1,1,N,N,40 00:59.670,75 12:09.364,1655, ,1649,1,2,1,N, ,0,N, , , , ,158580, , , ,1,1,0,0,0,0,0,0,0,0,0,0,0,0,0,0,0,0,0,0,0,0,0,0,0,0,0,0,0,0,0,0,0,0,0,0,0,40.0166,-75.2026, , 
 ,15602,2016058550,6,67,67301,2016,5,6,1648,16,1,1,0,4,1, , ,N,1,3,0,3,0,2,4,2,N, ,39 59:18.578,75 08:12.530,1649, ,1649,2,2,3, , ,3,Y, , , , ,158586, , , ,2,1,0,0,1,0,0,0,0,0,0,2,2,0,0,0,0,0,0,0,1,0,0,0,0,0,0,0,0,0,0,0,0,0,0,4,0,39.9885,-75.1368, , 
 ,15603,2016007844,6,67,67301,2016,1,3,1340,13,1,1,0,1,1, , ,N,6,0,0,3,0,1,10,2,Y,N,39 56:55.117,75 11:09.395,1407, ,1355, ,0, , , ,0, , , , , ,158594, , , ,2,1,0,0,0,0,0,1,0,0,0,0,1,1,0,0,0,0,0,0,0,0,0,0,0,0,0,0,0,0,0,0,0,0,0,8,0,39.9486,-75.1859, , 
 ,15604,2016008020,6,67,67301,2016,1,6,747,7,1,1,0,1,1, , ,N,0,0,0,3,0,0,2,2,N,N,40 01:36.552,75 01:34.622,758, ,749,1,1,2, , ,0,N, , , , ,158595, , , ,2,1,0,0,0,0,1,0,0,0,0,0,0,0,0,0,0,0,0,0,0,0,0,0,0,0,0,0,0,0,0,0,0,0,0,0,0,40.0268,-75.0263, , 
 ,15605,2016026878,6,67,67301,2016,1,7,1720,17,1,1,0,8,1, , ,N,1,3,0,3,0,1,2,2,N,N,39 56:01.078,75 11:34.209,1732, ,1728,9,1,7,N, ,3,N, , , , ,158612, , , ,1,0,0,0,0,0,1,0,0,0,0,1,1,0,1,0,0,0,0,0,0,0,0,0,0,0,0,0,0,0,0,0,1,0,0,4,0,39.9336,-75.1928, , 
 ,15606,2016040878,6,67,67301,2016,3,5,1740,17,1,1,0,4,1, , ,N,2,2,0,3,0,1,2,2,N,N,40 02:51.416,74 59:48.864,1945, ,1941,2,2,6, , ,3,Y, , , , ,158632, , , ,2,1,0,0,0,0,0,1,0,1,0,0,1,0,0,0,0,0,0,0,0,0,0,1,0,0,0,0,0,0,0,0,0,0,0,2,0,40.0476,-74.9969, , 
 ,15607,2016025994,6,67,67301,2016,2,7,2032,20,3,1,0,7,4, , ,N,0,0,0,3,0,0,1,1,N,N,40 00:20.467,75 11:35.533,2035, ,2032, ,0, ,N, ,0, , , , , ,158650, , , ,1,1,0,0,0,0,0,0,0,0,0,0,0,0,0,0,0,0,0,0,0,0,0,0,0,0,0,0,0,0,0,0,0,0,0,0,0,40.0057,-75.1932, , 
 ,15608,2016035721,6,67,67301,2016,3,3,25,0,3,1,0,6,1, , ,N,0,0,0,3,0,0,3,5,N,N,40 02:11.040,75 11:09.668,27, ,26, ,0, ,N, ,0, , , , , ,158659, , , ,5,2,0,0,0,0,3,0,0,0,0,0,0,0,0,0,0,0,0,0,0,0,0,1,0,0,0,0,0,0,0,0,0,0,0,0,0,40.0364,-75.186, , 
 ,15609,2016048648,6,67,67301,2016,4,3,1955,19,3,1,0,4,1, , ,N,1,3,0,3,0,2,2,2,N, ,40 01:04.425,75 04:50.429,2205, ,2158, ,0, , , ,3, , , , , ,158666, , , ,2,2,0,0,0,0,0,0,0,0,0,2,2,0,0,0,0,0,0,1,0,0,0,0,0,0,0,0,0,0,0,0,0,0,0,4,0,40.0179,-75.0807, , 
 ,15610,2016049242,6,67,67301,2016,4,5,1003,10,1,1,0,1,1, , ,N,0,0,0,3,0,4,7,4,N,N,40 02:04.983,75 01:08.681,1018, ,1003,3,1,2, , ,0,N, , , , ,158667, , , ,4,2,0,0,1,0,1,0,0,1,3,0,4,0,0,0,0,0,0,1,1,1,0,1,0,0,0,1,0,0,0,0,0,0,0,2,0,40.0347,-75.0191, , 
 ,15611,2016050506,6,67,67301,2016,4,7,1000,10,1,1,0,1,1, , ,N,6,0,2,3,0,1,3,2,N,N,39 58:54.695,75 06:05.853,1033, ,1008, ,0, , , ,0, , , , , ,158669, , , ,2,2,0,0,0,0,0,0,0,0,1,0,1,0,0,0,0,0,0,0,1,0,0,0,0,0,0,0,0,0,0,0,0,0,0,3,0,39.9819,-75.1016, , 
 ,15612,2016068701,6,67,67301,2016,6,7,926,9,1,1,0,4,1, , ,N,0,0,0,3,0,2,2,2,N,N,40 02:19.446,75 14:25.983,935, ,929, ,0, ,N, ,0, , , , , ,158684, , , ,2,1,0,0,0,0,1,0,0,0,0,0,2,2,0,0,0,0,0,0,1,0,0,0,0,0,0,0,0,0,0,0,0,0,0,8,0,40.0387,-75.2406, , 
 ,15613,2016046298,6,67,67301,2016,5,2,1456,14,1,1,0,1,1, , ,N,1,2,0,3,0,2,4,3,N,N,40 02:10.346,75 03:51.114,1515, ,1456,3,2,1,N, ,3,N, , , , ,161552, , , ,3,0,0,0,0,2,1,0,0,0,0,2,2,0,0,0,0,0,0,0,0,1,0,2,0,0,0,0,0,0,0,0,0,0,0,4,2,40.0362,-75.0642, , 
 ,15614,2016068662,6,67,67301,2016,6,7,2015,20,3,1,0,1,1, , ,N,1,2,0,3,0,5,6,2,N,N,39 56:15.784,75 13:42.272,2035, ,2019, ,0, ,N, ,3, , , , , ,161570, , , ,2,2,0,0,0,0,0,0,0,0,0,4,5,1,0,0,0,0,0,0,0,0,0,0,0,0,0,0,0,0,0,0,0,0,0,4,0,39.9377,-75.2284, , 