wz_ln_closure,objectid_1,crn,district,county,municipality,crash_year,crash_month,day_of_week,time_of_day,hour_of_day,illumination,weather,road_condition,collision_type,relation_to_road,work_zone_type,work_zone_loc,work_zone_ind,intersect_type,tcd_type,location_type,urban_rural,fatal_count,injury_count,person_count,total_units,sch_bus_ind,sch_zone_ind,latitude,longitude,arrival_tm,cons_zone_spd_lim,dispatch_tm,est_hrs_closed,lane_closed,ln_close_dir,ntfy_hiwy_maint,spec_juris_cd,tcd_func_cd,tfc_detour_ind,workers_pres,wz_close_detour,wz_flagger,wz_law_offcr_ind,objectid,wz_moving,wz_other,wz_shlder_mdn,vehicle_count,automobile_count,motorcycle_count,bus_count,small_truck_count,heavy_truck_count,suv_count,van_count,bicycle_count,maj_inj_count,mod_inj_count,min_inj_count,tot_inj_count,unk_inj_deg_count,unk_inj_per_count,driver_count_16yr,driver_count_17yr,driver_count_18yr,driver_count_19yr,driver_count_20yr,driver_count_50_64yr,driver_count_65_74yr,driver_count_75plus,unbelted_occ_count,unb_death_count,unb_maj_inj_count,belted_death_count,belted_maj_inj_count,mcycle_death_count,mcycle_maj_inj_count,bicycle_death_count,bicycle_maj_inj_count,ped_count,ped_death_count,ped_maj_inj_count,max_severity_level,comm_veh_count,dec_lat,dec_long,rdwy_surf_type_cd,county_name
 ,15615,2016069544,6,67,67301,2016,6,6,1829,18,1,1,0,5,1, , ,N,7,0,2,3,0,0,45,2,N,N,40 00:25.119,75 11:58.634,1835, ,1829,1,1,3, , ,0,N, , , , ,161573, , , ,2,0,0,1,0,0,0,1,0,0,0,0,0,0,0,0,0,0,0,0,1,0,0,0,0,0,0,0,0,0,0,0,0,0,0,0,1,40.007,-75.1996, , 
 ,15616,2016013747,6,67,67301,2016,1,7,1105,11,1,2,1,4,1, , ,N,1,3,0,3,0,1,2,2,N,N,40 02:56.557,75 05:40.778,1124, ,1119, ,0, , , ,3, , , , , ,161582, , , ,2,1,0,0,1,0,0,0,0,0,0,1,1,0,0,0,0,0,0,0,0,1,0,1,0,0,0,0,0,0,0,0,0,0,0,4,0,40.049,-75.0947, , 
 ,15617,2016040923,6,67,67301,2016,4,6,800,8,1,1,1,8,1, , ,N,1,2,0,3,0,1,2,2,N,N,39 56:43.029,75 09:46.601,837, ,825, ,0, ,N, ,3, , , , , ,161615, , , ,1,1,0,0,0,0,0,0,0,0,0,1,1,0,0,0,0,0,0,0,0,0,0,0,0,0,0,0,0,0,0,0,1,0,0,4,0,39.9453,-75.1629, , 
 ,15618,2016013937,6,67,67301,2016,1,5,1019,10,1,1,0,7,4, , ,N,0,0,0,3,0,1,1,1,N,N,39 58:45.314,75 11:45.596,1027, ,1021, ,0, ,N, ,0, , , , , ,161632, , , ,1,1,0,0,0,0,0,0,0,0,0,1,1,0,0,0,0,0,0,0,1,0,0,0,0,0,0,0,0,0,0,0,0,0,0,4,0,39.9793,-75.196, , 
 ,15619,2016013943,6,67,67301,2016,1,1,909,9,1,2,1,7,4, , ,N,0,0,0,3,0,0,1,1,N,N,39 58:03.978,75 10:54.238,915, ,909, ,0, ,N, ,0, , , , , ,161633, , , ,1,0,0,0,0,0,1,0,0,0,0,0,0,0,0,0,0,0,0,0,1,0,0,0,0,0,0,0,0,0,0,0,0,0,0,0,0,39.9678,-75.1817, , 
 ,15620,2016029132,6,67,67301,2016,3,6,1308,13,1,1,0,8,1, , ,N,0,0,0,3,0,1,2,2,N,N,40 02:23.812,75 08:39.932,1311, ,1309, ,0, , , ,0, , , , , ,161642, , , ,1,0,0,0,1,0,0,0,0,0,0,0,1,1,0,0,0,0,0,0,0,0,0,0,0,0,0,0,0,0,0,0,1,0,0,8,0,40.0399,-75.1444, , 
 ,15621,2016029860,6,67,67301,2016,3,1,1113,11,1,1,0,4,1, , ,N,5,2,0,3,0,1,2,2,N,N,40 03:27.557,75 09:57.853,1120, ,1113,9,1,4, , ,3,N, , , , ,161643, , , ,2,0,0,0,0,0,2,0,0,0,0,1,1,0,0,0,0,0,0,0,0,1,0,0,0,0,0,0,0,0,0,0,0,0,0,4,0,40.0577,-75.1661, , 
 ,15622,2016032052,6,67,67301,2016,3,3,1217,12,1,1,0,7,3, , ,N,0,0,0,3,0,0,1,1,N, ,40 00:57.732,75 12:14.498,1222, ,1219,1,2,1, , ,0,N, , , , ,161646, , , ,1,1,0,0,0,0,0,0,0,0,0,0,0,0,0,0,0,0,0,0,0,0,0,0,0,0,0,0,0,0,0,0,0,0,0,0,0,40.016,-75.204, , 
 ,15623,2016034246,6,67,67301,2016,3,4,1812,18,1,1,0,1,1, , ,N,0,0,0,3,0,0,2,2,N,N,39 57:28.820,75 09:49.137,1842, ,1832, ,0, , , ,0, , , , , ,161648, , , ,2,1,0,0,0,0,0,1,0,0,0,0,0,0,0,0,0,0,0,0,0,0,0,0,0,0,0,0,0,0,0,0,0,0,0,0,0,39.958,-75.1636, , 
 ,15624,2016054165,6,67,67301,2016,4,2,1737,17,1,1,0,8,1, , ,N,0,0,0,3,0,1,2,2,N, ,40 00:14.500,75 08:25.700,1753, ,1743, ,0, , , ,0, , , , , ,161661, , , ,1,0,0,0,0,0,1,0,0,0,0,1,1,0,0,0,0,0,0,0,0,0,0,0,0,0,0,0,0,0,0,0,1,0,0,4,0,40.004,-75.1405, , 
 ,15625,2016007613,6,67,67301,2016,1,7,1723,17,1,1,0,1,1, , ,N,2,2,0,3,0,0,4,2,N,N,40 01:19.837,75 13:05.894,1728, ,1723, ,0, ,N, ,1, , , , , ,161673, , , ,2,2,0,0,0,0,0,0,0,0,0,0,0,0,0,0,0,0,0,0,0,0,0,0,0,0,0,0,0,0,0,0,0,0,0,0,0,40.0222,-75.2183, , 
 ,15626,2016048693,6,67,67301,2016,4,6,18,0,3,1,0,5,4, , ,N,0,0,0,3,0,4,5,5,N, ,40 00:59.279,75 09:09.202,18, ,20,2,2,6, , ,0,Y, , , , ,161704, , , ,3,2,0,0,0,0,1,0,0,1,0,3,4,0,0,0,0,0,0,0,0,0,0,0,0,0,0,0,0,0,0,0,2,0,1,2,0,40.0165,-75.1526, , 
 ,15627,2016053757,6,67,67301,2016,5,1,2255,22,3,1,0,2,6, , ,N,0,0,0,3,0,1,1,2,N,N,40 02:00.781,75 03:23.749,2309, ,2305,4,1,6,N, ,0,Y, , , , ,161708, , , ,2,1,1,0,0,0,0,0,0,0,0,0,1,1,0,0,0,0,0,0,0,0,0,0,0,0,0,0,0,0,0,0,0,0,0,8,0,40.0336,-75.0566, , 
 ,15628,2016054776,6,67,67301,2016,5,2,150,1,3,2,1,5,4, , ,N,0,0,0,3,0,0,2,3,N,N,39 59:00.740,75 09:48.510,150, ,150, ,0, ,N, ,0, , , , , ,161709, , , ,3,3,0,0,0,0,0,0,0,0,0,0,0,0,0,0,0,0,0,0,0,0,0,1,0,0,0,0,0,0,0,0,0,0,0,0,0,39.9835,-75.1635, , 
 ,15629,2016008634,6,67,67301,2016,1,3,1030,10,1,1,0,8,1, , ,N,1,2,0,3,0,1,2,2,N,N,39 59:49.970,75 10:02.157,1040, ,1035, ,0, ,N, ,3, , , , , ,161728, , , ,1,0,0,0,0,0,1,0,0,0,0,0,1,1,0,0,0,0,0,0,1,0,0,0,0,0,0,0,0,0,0,0,1,0,0,8,0,39.9972,-75.1673, , 
 ,15630,2016016571,6,67,67301,2016,1,1,150,1,3,1,0,4,1, , ,N,1,3,0,3,0,1,3,2,N,N,39 58:07.917,75 09:48.095,159, ,156, ,0, ,N, ,3, , , , , ,161735, , , ,2,1,0,0,0,0,1,0,0,0,0,1,1,0,0,0,0,0,0,0,1,0,0,0,0,0,0,0,0,0,0,0,0,0,0,4,0,39.9689,-75.1634, , 
 ,15631,2016029799,6,67,67301,2016,2,2,1926,19,3,1,0,6,6, , ,N,0,0,0,3,0,1,2,4,N,N,39 59:27.086,75 10:17.711,1928, ,1926, ,0, ,N, ,0, , , , , ,165218, , , ,4,3,0,0,0,0,0,1,0,0,0,0,1,1,0,0,0,0,0,0,0,0,0,0,0,0,0,0,0,0,0,0,0,0,0,8,0,39.9909,-75.1716, , 
 ,15632,2016051298,6,67,67301,2016,4,4,2150,21,3,1,0,8,1, , ,N,0,0,0,3,0,1,2,2,N,N,39 56:30.040,75 08:44.710,2210, ,2200, ,0, , , ,0, , , , , ,165279, , , ,1,1,0,0,0,0,0,0,0,0,1,0,1,0,1,0,0,0,0,0,0,0,0,0,0,0,0,0,0,0,0,0,1,0,0,3,0,39.9417,-75.1458, , 
 ,15633,2016053749,6,67,67301,2016,5,6,650,6,1,2,1,8,1, , ,N,1,2,0,3,0,1,2,2,N,N,39 54:14.619,75 14:25.049,710, ,705, ,0, ,N, ,3, , , , , ,165282, , , ,1,1,0,0,0,0,0,0,0,0,0,1,1,0,0,0,0,0,0,0,0,0,0,0,0,0,0,0,0,0,0,0,1,0,0,4,0,39.904,-75.2401, , 
 ,15634,2016058513,6,67,67301,2016,5,7,1220,12,1,2,1,4,1, , ,N,1,2,0,3,0,0,2,2,N, ,39 59:31.149,75 14:15.021,1250, ,1245, ,0, , , ,3, , , , , ,165284, , , ,2,0,0,0,1,0,1,0,0,0,0,0,0,0,0,0,0,0,0,0,1,0,0,0,0,0,0,0,0,0,0,0,0,0,0,0,0,39.992,-75.2375, , 
 ,15635,2016053703,6,67,67301,2016,5,3,9999,99,1,1,0,1,1, , ,N,0,2,0,3,0,0,2,2,N,N,39 53:39.205,75 14:10.822,1459, ,1459,9,1,1,N, ,3,N, , , , ,165335, , , ,2,0,0,0,0,1,0,1,0,0,0,0,0,0,0,0,0,0,0,0,1,0,0,2,0,0,0,0,0,0,0,0,0,0,0,0,1,39.8942,-75.2363, , 
 ,15636,2016013975,6,67,67301,2016,1,1,2220,22,3,1,1,4,1, , ,N,1,2,0,3,0,1,3,2,N,N,40 01:36.580,75 05:52.985,2228, ,2220, ,0, ,N, ,3, , , , , ,165349, , , ,2,1,0,0,0,0,1,0,0,0,0,1,1,0,0,0,0,0,0,0,1,0,0,0,0,0,0,0,0,0,0,0,0,0,0,4,0,40.0268,-75.0981, , 
 ,15637,2016017007,6,67,67301,2016,1,3,1305,13,1,4,1,1,1, , ,N,0,0,0,3,0,1,2,2,N, ,40 00:44.448,75 10:34.644,1315, ,1310, ,0, , , ,0, , , , , ,165356, , , ,2,0,0,0,0,0,1,0,0,0,0,1,1,0,0,0,0,0,0,0,1,0,0,1,0,0,0,0,0,0,0,0,0,0,0,4,0,40.0123,-75.1763, , 
 ,15638,2016019803,6,67,67301,2016,1,7,832,8,1,1,1,7,4, , ,N,1,2,0,3,0,0,1,1,N,N,39 57:31.442,75 13:37.864,923, ,921, ,0, ,N, ,3, , , , , ,165359, , , ,1,1,0,0,0,0,0,0,0,0,0,0,0,0,0,0,0,0,0,0,0,0,0,0,0,0,0,0,0,0,0,0,0,0,0,0,0,39.9587,-75.2272, , 
 ,15639,2016026052,6,67,67301,2016,2,6,307,3,3,1,0,7,4, , ,N,0,0,0,3,0,1,1,1,N,N,39 55:33.342,75 08:46.502,316, ,313, ,0, ,N, ,0, , , , , ,165365, , , ,1,0,0,0,0,0,1,0,0,0,0,0,1,1,0,0,0,0,0,0,0,0,0,0,0,0,0,0,0,0,0,0,0,0,0,8,0,39.9259,-75.1463, , 
 ,15640,2016026141,6,67,67301,2016,2,5,1900,19,3,1,0,4,1, , ,N,1,3,0,3,0,2,3,2,N, ,40 01:03.407,75 09:17.178,1201, ,1200, ,0, , , ,3, , , , , ,165366, , , ,2,2,0,0,0,0,0,0,0,0,0,0,2,2,0,0,0,0,0,0,0,0,0,1,0,0,0,0,0,0,0,0,0,0,0,8,0,40.0176,-75.1548, , 
 ,15641,2016026877,6,67,67301,2016,2,1,1400,14,1,1,0,5,6, , ,N,0,0,0,3,0,2,5,3,N,N,39 58:36.824,75 12:47.350,1425, ,1425, ,0, ,N, ,0, , , , , ,165367, , , ,3,1,0,0,0,0,2,0,0,0,0,0,2,2,1,0,0,0,0,0,0,0,1,0,0,0,0,0,0,0,0,0,0,0,0,8,0,39.9769,-75.2132, , 
 ,15642,2016028317,6,67,67301,2016,2,7,1630,16,1,1,0,4,1, , ,N,1,3,0,3,0,0,2,2,N,N,39 58:12.601,75 13:42.801,1701, ,1650, ,0, ,N, ,3, , , , , ,165368, , , ,2,2,0,0,0,0,0,0,0,0,0,0,0,0,0,0,0,0,0,0,0,0,0,0,0,0,0,0,0,0,0,0,0,0,0,0,0,39.9702,-75.2286, , 
 ,15643,2016036429,6,67,67301,2016,3,5,1500,15,1,1,0,8,1, , ,N,1,0,0,3,0,1,2,2,N,N,39 58:10.600,75 08:26.370,1623, ,1621, ,0, ,N, ,0, , , , , ,165378, , , ,1,1,0,0,0,0,0,0,0,0,0,1,1,0,1,0,0,0,0,0,0,0,0,0,0,0,0,0,0,0,0,0,1,0,0,4,0,39.9696,-75.1407, , 
 ,15644,2016036518,6,67,67301,2016,3,1,1726,17,1,2,1,4,1, , ,N,1,3,0,3,0,1,2,2,N,N,39 57:22.935,75 12:52.250,1749, ,1749, ,0, ,N, ,3, , , , , ,165379, , , ,2,2,0,0,0,0,0,0,0,0,0,1,1,0,0,0,0,0,0,0,1,0,0,0,0,0,0,0,0,0,0,0,0,0,0,4,0,39.9564,-75.2145, , 
 ,15645,2016043703,6,67,67301,2016,3,4,1920,19,1,1,0,0,1, , ,N,0,0,0,3,0,1,1,1,N,N,39 59:29.777,75 08:09.899,1920, ,1920, ,0, ,N, ,0, , , , , ,165421, , , ,1,0,1,0,0,0,0,0,0,0,0,1,1,0,0,0,0,0,0,0,0,0,0,0,0,0,0,0,0,0,0,0,0,0,0,4,0,39.9916,-75.1361, , 
 ,15646,2016011011,6,67,67301,2016,1,4,556,5,3,1,1,1,1, , ,N,1,2,0,3,0,0,2,2,N,N,39 57:18.503,75 11:54.474,559, ,559, ,0, ,N, ,3, , , , , ,165441, , , ,2,0,0,0,0,0,1,1,0,0,0,0,0,0,0,0,0,0,0,0,0,0,0,0,0,0,0,0,0,0,0,0,0,0,0,0,0,39.9552,-75.1983, , 
 ,15647,2016013958,6,67,67301,2016,1,1,300,3,3,2,1,5,6, , ,N,0,0,0,3,0,0,1,2,N,N,39 56:19.471,75 09:26.020,514, ,512, ,0, ,N, ,0, , , , , ,165445, , , ,2,1,0,0,0,0,1,0,0,0,0,0,0,0,0,0,0,0,0,0,0,0,0,0,0,0,0,0,0,0,0,0,0,0,0,0,0,39.9387,-75.1572, , 
 ,15648,2016027575,6,67,67301,2016,2,1,1415,14,1,1,0,4,1, , ,N,2,3,0,3,0,0,2,3,N, ,40 00:07.743,75 07:13.029,1425, ,1420, ,0, , , ,3, , , , , ,165458, , , ,3,1,0,0,0,0,2,0,0,0,0,0,0,0,0,0,0,0,0,0,0,0,0,0,0,0,0,0,0,0,0,0,0,0,0,0,0,40.0022,-75.1203, , 
 ,15649,2016033926,6,67,67301,2016,3,6,1659,16,1,1,0,5,1, , ,N,0,0,0,3,0,0,3,2,N,N,40 04:38.135,74 59:59.575,1705, ,1701,9,1,2,N, ,0,N, , , , ,165461, , , ,2,1,0,0,0,0,0,1,0,0,0,0,0,0,0,0,0,0,0,0,0,0,0,0,0,0,0,0,0,0,0,0,0,0,0,0,0,40.0773,-74.9999, , 
 ,15650,2016027572,6,67,67301,2016,2,4,743,7,1,2,1,4,1, , ,N,2,3,0,3,0,1,2,2,N,N,40 03:29.509,75 08:39.033,800, ,755, ,0, ,N, ,3, , , , , ,167238, , , ,2,2,0,0,0,0,0,0,0,0,0,1,1,0,0,0,0,0,0,0,0,0,0,0,0,0,0,0,0,0,0,0,0,0,0,4,0,40.0582,-75.1442, , 
 ,15651,2016013904,6,67,67301,2016,1,6,153,1,3,1,0,8,1, , ,N,0,0,0,3,0,1,2,2,N,N,40 01:18.956,75 03:03.578,156, ,153, ,0, ,N, ,0, , , , , ,167278, , , ,1,1,0,0,0,0,0,0,0,0,0,1,1,0,0,0,0,0,0,0,0,0,0,0,0,0,0,0,0,0,0,0,1,0,0,4,0,40.0219,-75.051, , 
 ,15652,2016016607,6,67,67301,2016,1,6,1545,15,1,1,0,1,1, , ,N,0,0,0,3,0,1,2,2,N, ,39 57:06.189,75 09:45.713,1635, ,1625, ,0, , , ,0, , , , , ,167282, , , ,2,2,0,0,0,0,0,0,0,0,0,1,1,0,0,0,0,0,0,0,0,1,0,0,0,0,0,0,0,0,0,0,0,0,0,4,0,39.9517,-75.1627, , 
 ,15653,2016026154,6,67,67301,2016,2,4,2248,22,3,1,0,4,1, , ,N,1,2,1,3,0,4,5,2,N,N,39 57:31.207,75 12:50.450,2250, ,2250,2,1,4,N, ,3,N, , , , ,167290, , , ,2,2,0,0,0,0,0,0,0,0,0,0,4,4,0,0,0,0,1,0,1,0,0,0,0,0,0,0,0,0,0,0,0,0,0,8,0,39.9586,-75.214, , 
 ,15654,2016029939,6,67,67301,2016,2,7,948,9,1,1,0,4,1, , ,N,1,2,0,3,0,1,4,2,N,N,40 03:21.873,75 03:50.497,950, ,948, ,0, ,N, ,3, , , , , ,167295, , , ,2,2,0,0,0,0,0,0,0,0,0,1,1,0,0,0,1,0,0,0,0,0,0,0,0,0,0,0,0,0,0,0,0,0,0,4,0,40.0561,-75.064, , 
 ,15655,2016030713,6,67,67301,2016,3,6,1110,11,1,1,0,4,1, , ,N,1,3,1,3,0,1,2,2,N,N,39 55:36.102,75 11:15.812,1116, ,1115, ,0, ,N, ,3, , , , , ,167297, , , ,2,1,0,0,0,1,0,0,0,0,1,0,1,0,0,0,0,0,0,0,1,0,0,0,0,0,0,0,0,0,0,0,0,0,0,3,1,39.9267,-75.1879, , 
 ,15656,2016041043,6,67,67301,2016,3,4,740,7,1,1,0,1,1, , ,N,0,0,0,3,0,3,4,3,N,N,40 01:23.760,75 08:15.375,820, ,816,1,1,3, , ,0,N, , , , ,167310, , , ,3,1,0,0,1,0,1,0,0,0,0,2,3,1,0,0,0,0,0,0,0,0,0,0,0,0,0,0,0,0,0,0,0,0,0,4,0,40.0233,-75.1376, , 
 ,15657,2016047042,6,67,67301,2016,4,3,1710,17,1,1,0,8,1, , ,N,1,2,0,3,0,1,2,2,N,N,39 56:44.595,75 09:17.139,1717, ,1712, ,0, , , ,3, , , , , ,167312, , , ,1,1,0,0,0,0,0,0,0,0,0,0,1,1,0,0,0,0,0,0,0,0,0,0,0,0,0,0,0,0,0,0,1,0,0,8,0,39.9457,-75.1548, , 
 ,15658,2016009768,6,67,67301,2016,1,6,1945,19,3,4,3,4,1, , ,N,1,2,0,3,0,3,6,3,N,N,40 06:24.441,74 59:56.742,2000, ,1948,1,1,2,N, ,3,N, , , , ,167317, , , ,3,1,0,0,1,0,0,1,0,0,3,0,3,0,0,0,0,0,0,0,0,0,0,0,0,0,0,0,0,0,0,0,0,0,0,3,0,40.1068,-74.9991, , 
 ,15659,2016007845,6,67,67301,2016,1,4,807,8,1,1,0,0,1, , ,N,0,8,0,3,0,0,1,1,N,N,39 55:44.476,75 08:46.850,820, ,807,2,2,2, , ,3,N, , , , ,167320, , , ,1,1,0,0,0,0,0,0,0,0,0,0,0,0,0,0,0,0,0,0,0,0,0,0,0,0,0,0,0,0,0,0,0,0,0,0,0,39.929,-75.1463, , 
 ,15660,2016013732,6,67,67301,2016,1,7,754,7,1,2,1,7,2, , ,N,0,0,0,3,0,1,1,1,N,N,40 03:25.031,75 13:58.809,802, ,800, ,0, ,N, ,0, , , , , ,167325, , , ,1,1,0,0,0,0,0,0,0,0,1,0,1,0,0,0,0,0,0,0,0,0,0,0,0,0,0,0,0,0,0,0,0,0,0,3,0,40.057,-75.233, , 
 ,15661,2016019752,6,67,67301,2016,1,6,1830,18,3,1,0,4,1, , ,N,2,2,7,3,0,1,2,2,N,N,40 03:47.137,75 05:11.534,1900, ,1857, ,0, ,N, ,3, , , , , ,167331, , , ,2,1,0,0,1,0,0,0,0,0,0,0,1,1,0,0,0,0,0,0,1,0,0,0,0,0,0,0,0,0,0,0,0,0,0,8,0,40.0631,-75.0866, , 
 ,15662,2016030718,6,67,67301,2016,3,7,1626,16,1,1,0,8,1, , ,N,1,2,0,3,0,1,2,2,N, ,40 01:55.501,75 04:03.429,1630, ,1627, ,0, , , ,3, , , , , ,167341, , , ,1,0,0,0,0,0,1,0,0,0,1,0,1,0,0,0,0,0,0,0,1,0,0,1,0,0,0,0,0,0,0,0,1,0,0,3,0,40.0321,-75.0676, , 
 ,15663,2016046077,6,67,67301,2016,4,5,1536,15,1,1,0,2,1, , ,N,0,0,0,3,0,1,2,2,N, ,40 00:51.206,75 04:45.012,1739, ,1737,1,1,4, , ,0,N, , , , ,167359, , , ,2,0,0,0,1,0,1,0,0,0,0,1,1,0,0,0,0,0,0,0,0,0,0,1,0,0,0,0,0,0,0,0,0,0,0,4,0,40.0142,-75.0792, , 
 ,15664,2016046138,6,67,67301,2016,4,4,1810,18,1,1,0,7,4, , ,N,2,3,0,3,0,0,1,2,N,N,40 05:08.045,75 02:21.757,1817, ,1815, ,0, , , ,3, , , , , ,167360, , , ,1,1,0,0,0,0,0,0,0,0,0,0,0,0,0,0,0,0,0,0,0,0,0,0,0,0,0,0,0,0,0,0,0,0,0,0,0,40.0856,-75.0394, , 
 ,15665,2016008615,6,67,67301,2016,1,7,2049,20,3,1,0,6,1, , ,N,0,0,0,3,0,1,3,2,N, ,39 55:46.234,75 14:36.179,2103, ,2101, ,0, , , ,0, , , , , ,167364, , , ,2,1,0,0,0,0,0,1,0,0,0,1,1,0,0,0,0,0,0,0,1,1,0,0,0,0,0,0,0,0,0,0,0,0,0,4,0,39.9295,-75.2434, , 
 ,15666,2016019866,6,67,67301,2016,2,3,730,7,1,1,0,4,1, , ,N,0,0,0,3,0,2,2,2,N,N,40 00:56.126,75 07:32.094,1445, ,1445, ,0, ,N, ,0, , , , , ,167373, , , ,2,1,0,0,0,0,1,0,0,0,0,1,2,1,0,0,0,0,0,0,0,1,0,1,0,0,0,0,0,0,0,0,0,0,0,4,0,40.0156,-75.1256, , 
 ,15667,2016029751,6,67,67301,2016,3,3,1900,19,1,1,0,1,1, , ,N,1,2,0,3,0,10,12,2,N,N,39 59:59.072,75 08:18.639,1910, ,1900, ,0, ,N, ,3, , , , , ,167381, , , ,2,1,0,1,0,0,0,0,0,0,0,0,10,10,0,0,0,0,0,0,0,0,0,0,0,0,0,0,0,0,0,0,0,0,0,8,1,39.9997,-75.1385, , 
 ,15668,2016001460,6,46,46102,2016,1,3,1620,16,1,1,0,5,1, , ,N,0,0,0,3,0,0,2,2,N,N,40 03:48.760,75 08:23.416,1635, ,1630,1,1,3,N, ,0,Y, , , , ,158688, , , ,2,0,0,0,0,0,1,1,0,0,0,0,0,0,0,0,0,0,0,0,1,0,0,0,0,0,0,0,0,0,0,0,0,0,0,0,0,40.0635,-75.1398, , 
 ,15669,2016014664,6,67,67301,2016,1,3,414,4,3,1,0,7,4, , ,N,0,0,2,3,0,0,1,1,N,N,39 53:28.707,75 13:17.097,439, ,415,1,1,2, , ,0,N, , , , ,158696, , , ,1,1,0,0,0,0,0,0,0,0,0,0,0,0,1,0,0,0,0,0,0,0,0,0,0,0,0,0,0,0,0,0,0,0,0,9,0,39.8913,-75.2214, , 
 ,15670,2016032017,6,67,67301,2016,3,3,1625,16,1,1,0,8,1, , ,N,0,0,0,3,0,1,3,2,N,N,39 59:11.140,75 10:12.885,1633, ,1631, ,0, , , ,0, , , , , ,158720, , , ,1,1,0,0,0,0,0,0,0,0,0,0,1,1,0,0,0,0,0,0,0,0,0,0,0,0,0,0,0,0,0,0,1,0,0,8,0,39.9864,-75.1702, , 
 ,15671,2016016999,6,67,67301,2016,1,2,1325,13,1,1,0,8,1, , ,N,0,0,0,3,0,1,3,2,N,N,39 57:26.488,75 13:23.991,1540, ,1535, ,0, ,N, ,0, , , , , ,158741, , , ,1,0,0,0,0,0,1,0,0,0,0,1,1,0,0,0,0,0,0,0,0,0,0,0,0,0,0,0,0,0,0,0,1,0,0,4,0,39.9574,-75.2233, , 
 ,15672,2016022038,6,67,67301,2016,2,2,3,0,3,1,0,5,6, , ,N,0,0,0,3,0,0,1,5,N,N,39 59:19.849,75 08:07.227,13, ,10, ,0, ,N, ,0, , , , , ,158744, , , ,5,4,0,0,0,0,1,0,0,0,0,0,0,0,0,0,0,0,0,0,0,0,0,1,0,0,0,0,0,0,0,0,0,0,0,0,0,39.9888,-75.1353, , 
 ,15673,2016025982,6,67,67301,2016,2,5,1023,10,1,4,6,1,1, , ,N,2,2,0,3,0,2,3,2,N, ,40 05:36.346,75 01:52.568,1030, ,1023, ,0, , , ,3, , , , , ,158748, , , ,2,1,0,0,0,0,1,0,0,0,0,2,2,0,0,0,0,0,0,0,0,0,0,3,0,0,0,0,0,0,0,0,0,0,0,4,0,40.0934,-75.0313, , 
 ,15674,2016029785,6,67,67301,2016,3,5,2245,22,3,1,0,2,6, , ,N,0,0,0,3,0,1,2,3,N,N,40 01:32.120,75 05:00.135,2319, ,2317,2,2,6,N, ,0,N, , , , ,158751, , , ,3,3,0,0,0,0,0,0,0,0,1,0,1,0,0,0,0,0,0,0,0,0,0,1,0,0,0,0,0,0,0,0,0,0,0,3,0,40.0256,-75.0834, , 
 ,15675,2016034987,6,67,67301,2016,2,4,1614,16,1,2,1,7,4, , ,N,0,0,0,3,0,1,2,1,N,N,40 00:31.084,75 04:07.422,1624, ,1623, ,0, ,N, ,0, , , , , ,158759, , , ,1,1,0,0,0,0,0,0,0,0,1,0,1,0,0,0,0,0,0,0,0,0,0,0,0,0,0,0,0,0,0,0,0,0,0,3,0,40.0086,-75.0687, , 
 ,15676,2016036379,6,67,67301,2016,3,5,1920,19,1,1,0,8,1, , ,N,0,0,0,3,0,1,2,2,N,N,39 59:54.495,75 10:28.678,1925, ,1921, ,0, ,N, ,0, , , , , ,158763, , , ,1,1,0,0,0,0,0,0,0,0,1,0,1,0,0,0,0,0,0,0,0,0,0,0,0,0,0,0,0,0,0,0,1,0,0,3,0,39.9985,-75.1746, , 
 ,15677,2016047046,6,67,67301,2016,4,1,9999,99,1,1,0,4,1, , ,N,5,3,0,3,0,0,2,2,N,N,39 58:35.875,75 08:30.026,125, ,121, ,0, , , ,3, , , , , ,158773, , , ,2,1,1,0,0,0,0,0,0,0,0,0,0,0,0,0,0,0,0,0,0,0,0,1,0,0,0,0,0,0,0,0,0,0,0,0,0,39.9766,-75.1417, , 
 ,15678,2016047767,6,67,67301,2016,4,2,730,7,1,1,0,5,6, , ,N,0,0,0,3,0,1,1,3,N,N,39 54:47.275,75 14:19.100,9999, ,737, ,0, ,N, ,0, , , , , ,158775, , , ,3,1,0,0,0,0,2,0,0,0,0,0,1,1,0,0,0,0,0,0,0,0,0,0,0,0,0,0,0,0,0,0,0,0,0,8,0,39.9131,-75.2386, , 
 ,15679,2016048587,6,67,67301,2016,4,2,9999,99,1,1,0,7,5, , ,N,0,0,0,3,0,0,1,1,N, ,39 58:58.430,75 14:30.498,1900, ,1850, ,0, , , ,0, , , , , ,158776, , , ,1,0,0,0,0,0,0,1,0,0,0,0,0,0,0,0,0,0,0,0,0,0,0,1,0,0,0,0,0,0,0,0,0,0,0,0,0,39.9829,-75.2418, , 
 ,15680,2016013824,6,67,67301,2016,1,1,1426,14,1,1,0,4,1, , ,N,1,2,0,3,0,2,4,2,N,N,40 01:43.550,75 07:55.833,1432, ,1431,2,1,4,N, ,3,N, , , , ,158785, , , ,2,1,0,0,0,0,1,0,0,0,1,1,2,0,0,0,0,0,0,0,0,0,0,4,0,0,0,0,0,0,0,0,0,0,0,3,0,40.0288,-75.1322, , 
 ,15681,2016014545,6,67,67301,2016,1,5,1225,12,1,1,0,1,1, , ,N,0,0,0,3,0,1,2,2,N,N,40 03:14.068,74 59:08.508,1244, ,1227,1,2,1, , ,0,N, , , , ,158786, , , ,2,1,0,0,0,0,1,0,0,0,0,0,1,1,0,0,0,0,0,1,0,0,0,0,0,0,0,0,0,0,0,0,0,0,0,8,0,40.0539,-74.9857, , 