wz_ln_closure,objectid_1,crn,district,county,municipality,crash_year,crash_month,day_of_week,time_of_day,hour_of_day,illumination,weather,road_condition,collision_type,relation_to_road,work_zone_type,work_zone_loc,work_zone_ind,intersect_type,tcd_type,location_type,urban_rural,fatal_count,injury_count,person_count,total_units,sch_bus_ind,sch_zone_ind,latitude,longitude,arrival_tm,cons_zone_spd_lim,dispatch_tm,est_hrs_closed,lane_closed,ln_close_dir,ntfy_hiwy_maint,spec_juris_cd,tcd_func_cd,tfc_detour_ind,workers_pres,wz_close_detour,wz_flagger,wz_law_offcr_ind,objectid,wz_moving,wz_other,wz_shlder_mdn,vehicle_count,automobile_count,motorcycle_count,bus_count,small_truck_count,heavy_truck_count,suv_count,van_count,bicycle_count,maj_inj_count,mod_inj_count,min_inj_count,tot_inj_count,unk_inj_deg_count,unk_inj_per_count,driver_count_16yr,driver_count_17yr,driver_count_18yr,driver_count_19yr,driver_count_20yr,driver_count_50_64yr,driver_count_65_74yr,driver_count_75plus,unbelted_occ_count,unb_death_count,unb_maj_inj_count,belted_death_count,belted_maj_inj_count,mcycle_death_count,mcycle_maj_inj_count,bicycle_death_count,bicycle_maj_inj_count,ped_count,ped_death_count,ped_maj_inj_count,max_severity_level,comm_veh_count,dec_lat,dec_long,rdwy_surf_type_cd,county_name
 ,15749,2016029834,6,67,67301,2016,3,7,1246,12,1,1,0,4,1, , ,N,1,3,0,3,0,0,2,2,N,N,39 56:56.623,75 09:20.444,1253, ,1247, ,0, ,N, ,3, , , , , ,158941, , , ,2,0,0,0,0,0,2,0,0,0,0,0,0,0,0,0,0,0,0,0,1,0,0,2,0,0,0,0,0,0,0,0,0,0,0,0,0,39.9491,-75.1557, , 
 ,15750,2016033893,6,67,67301,2016,3,6,1800,18,4,1,0,5,1, , ,N,0,0,0,3,0,2,2,2,N,N,39 59:16.811,75 10:53.852,1852, ,1800, ,0, ,N, ,0, , , , , ,158942, , , ,2,1,0,0,0,0,1,0,0,0,0,1,2,1,0,0,0,0,0,0,0,0,0,0,0,0,0,0,0,0,0,0,0,0,0,4,0,39.988,-75.1816, , 
 ,15751,2016048518,6,67,67301,2016,4,7,2003,20,3,1,0,6,6, , ,N,0,0,0,3,0,0,1,2,N,N,40 04:20.380,75 11:02.432,2120, ,2116, ,0, ,N, ,0, , , , , ,158949, , , ,2,1,0,0,0,0,1,0,0,0,0,0,0,0,0,0,0,0,0,0,1,0,0,0,0,0,0,0,0,0,0,0,0,0,0,0,0,40.0723,-75.184, , 
 ,15752,2016048637,6,67,67301,2016,4,4,2110,21,3,1,0,1,1, , ,N,1,2,0,3,0,2,5,2,N,N,40 01:00.965,75 09:05.545,2116, ,2116, ,0, ,N, ,3, , , , , ,158950, , , ,2,1,0,0,0,0,0,1,0,0,0,0,2,2,0,0,0,0,0,0,2,0,0,0,0,0,0,0,0,0,0,0,0,0,0,8,0,40.0169,-75.1516, , 
 ,15753,2016060853,6,67,67301,2016,5,7,9999,99,1,2,1,5,1, , ,N,0,0,0,3,0,0,1,2,N,N,39 59:07.526,75 06:00.496,9999, ,9999, ,0, ,N, ,0, , , , , ,158960, , , ,2,2,0,0,0,0,0,0,0,0,0,0,0,0,0,0,0,0,0,0,0,0,0,0,0,0,0,0,0,0,0,0,0,0,0,0,0,39.9854,-75.1001, , 
 ,15754,2016064021,6,67,67301,2016,5,2,1030,10,1,1,0,8,1, , ,N,2,3,0,3,0,1,2,2,N, ,39 54:55.634,75 09:37.149,1147, ,1138, ,0, , , ,3, , , , , ,158963, , , ,1,0,0,0,0,0,1,0,0,0,0,0,1,1,1,0,0,0,0,0,0,0,0,1,0,0,0,0,0,0,0,0,1,0,0,8,0,39.9154,-75.1603, , 
 ,15755,2016027555,6,67,67301,2016,2,6,738,7,1,1,0,1,1, , ,N,0,0,0,3,0,0,2,2,N,N,40 01:00.090,75 11:16.679,831, ,739, ,0, , , ,0, , , , , ,158991, , , ,2,0,0,0,0,0,1,0,0,0,0,0,0,0,1,0,0,0,0,0,0,0,0,0,0,0,0,0,0,0,0,0,0,0,0,9,0,40.0167,-75.188, , 
 ,15756,2016043376,6,67,67301,2016,4,4,840,8,1,1,0,1,1, , ,N,0,0,0,3,0,1,4,3,N,Y,39 56:46.917,75 14:39.883,845, ,842, ,0, ,N, ,0, , , , , ,159013, , , ,3,3,0,0,0,0,0,0,0,0,0,0,1,1,0,0,0,0,0,0,0,0,0,3,0,0,0,0,0,0,0,0,0,0,0,8,0,39.9464,-75.2444, , 
 ,15757,2016013819,6,67,67301,2016,1,4,1728,17,3,1,0,4,1, , ,N,1,2,0,3,0,0,2,2,N, ,39 58:35.560,75 07:11.032,1728, ,1728,2,1,1, , ,3,N, , , , ,159027, , , ,2,2,0,0,0,0,0,0,0,0,0,0,0,0,0,0,0,0,0,0,1,0,0,0,0,0,0,0,0,0,0,0,0,0,0,0,0,39.9765,-75.1197, , 
 ,15758,2016062641,6,67,67301,2016,5,6,2100,21,3,1,0,8,1, , ,N,1,2,0,3,0,1,2,2,N, ,40 03:04.368,75 03:57.572,2100, ,2100, ,0, , , ,3, , , , , ,159062, , , ,1,1,0,0,0,0,0,0,0,0,0,0,1,1,0,0,0,0,0,0,0,0,0,0,0,0,0,0,0,0,0,0,1,0,0,8,0,40.0512,-75.0661, , 
 ,15759,2016062661,6,67,67301,2016,5,5,700,7,1,1,0,4,1, , ,N,1,2,0,3,0,1,2,2,N,N,40 05:56.940,74 59:44.015,835, ,830, ,0, , , ,3, , , , , ,159063, , , ,2,0,0,0,0,0,2,0,0,0,0,1,1,0,0,0,0,0,0,0,1,0,0,1,0,0,0,0,0,0,0,0,0,0,0,4,0,40.0992,-74.9956, , 
 ,15760,2016013816,6,67,67301,2016,1,4,1130,11,1,1,0,4,1, , ,N,1,3,0,3,0,3,3,2,N, ,39 58:14.108,75 09:03.120,1140, ,1134, ,0, , , ,3, , , , , ,161969, , , ,2,1,0,0,0,0,1,0,0,0,0,3,3,0,0,0,0,0,0,1,0,0,0,0,0,0,0,0,0,0,0,0,0,0,0,4,0,39.9705,-75.151, , 
 ,15761,2016017045,6,67,67301,2016,1,5,1641,16,3,1,0,5,1, , ,N,0,0,0,3,0,0,2,2,N, ,39 57:12.185,75 09:53.399,1645, ,1642, ,0, , , ,0, , , , , ,161971, , , ,2,1,0,0,0,1,0,0,0,0,0,0,0,0,0,0,0,0,0,0,0,0,0,0,0,0,0,0,0,0,0,0,0,0,0,0,1,39.9534,-75.1648, , 
 ,15762,2016019810,6,67,67301,2016,2,4,1326,13,1,2,1,4,1, , ,N,1,0,0,3,0,2,4,2,N, ,40 00:15.152,75 08:02.475,1326, ,1326, ,0, , , ,0, , , , , ,161975, , , ,2,2,0,0,0,0,0,0,0,0,0,2,2,0,0,0,0,0,0,0,0,0,0,4,0,0,0,0,0,0,0,0,0,0,0,4,0,40.0042,-75.134, , 
 ,15763,2016040943,6,67,67301,2016,3,4,9999,99,1,1,0,8,1, , ,N,0,0,0,3,0,1,2,2,N, ,39 57:12.701,75 10:05.914,1845, ,1838, ,0, , , ,0, , , , , ,161992, , , ,1,0,0,0,0,0,1,0,0,0,0,1,1,0,0,0,0,0,0,0,0,0,0,0,0,0,0,0,0,0,0,0,1,0,0,4,0,39.9535,-75.1683, , 
 ,15764,2016046119,6,67,67301,2016,4,4,1540,15,1,1,0,4,1, , ,N,1,2,0,3,0,1,2,2,N,N,39 55:20.731,75 13:23.335,1601, ,1556,2,2,4,N, ,3,Y, , , , ,161998, , , ,2,2,0,0,0,0,0,0,0,0,0,1,1,0,0,0,0,0,0,0,0,0,0,1,0,0,0,0,0,0,0,0,0,0,0,4,0,39.9224,-75.2232, , 
 ,15765,2016013843,6,67,67301,2016,1,1,250,2,3,1,0,4,1, , ,N,1,2,0,3,0,0,2,2,N, ,39 57:04.568,75 10:01.915,305, ,255, ,0, , , ,3, , , , , ,162017, , , ,2,2,0,0,0,0,0,0,0,0,0,0,0,0,0,0,0,0,0,0,0,0,0,0,0,0,0,0,0,0,0,0,0,0,0,0,0,39.9512,-75.167, , 
 ,15766,2016033111,6,67,67301,2016,3,2,1728,17,1,1,0,4,1, , ,N,2,2,0,3,0,0,4,2,N, ,40 02:12.961,75 08:42.306,1749, ,747, ,0, , , ,3, , , , , ,162036, , , ,2,1,0,0,0,0,1,0,0,0,0,0,0,0,0,0,0,0,0,0,0,1,0,0,0,0,0,0,0,0,0,0,0,0,0,0,0,40.0369,-75.1451, , 
 ,15767,2016041423,6,67,67301,2016,3,4,733,7,1,1,0,4,1, , ,N,0,0,7,3,1,4,6,5,N,N,39 56:12.678,75 12:45.203,744, ,736, ,0, ,N,0,0, , , , , ,162044, , , ,5,3,0,0,0,1,1,0,0,0,0,0,4,4,0,0,0,0,0,0,1,0,0,0,0,0,0,0,0,0,0,0,0,0,0,1,1,39.9369,-75.2126,2, 
 ,15768,2016013723,6,67,67301,2016,1,7,150,1,3,2,1,4,1, , ,N,1,2,0,3,0,2,2,2,N,N,39 57:24.012,75 11:52.849,154, ,150, ,0, ,N, ,3, , , , , ,162059, , , ,2,1,0,0,0,0,0,1,0,0,0,2,2,0,0,0,0,0,0,0,1,0,0,0,0,0,0,0,0,0,0,0,0,0,0,4,0,39.9566,-75.198, , 
 ,15769,2016019815,6,67,67301,2016,2,5,930,9,1,1,0,4,1, , ,N,1,2,0,3,0,2,3,2,N,N,40 01:04.608,75 08:57.650,940, ,936, ,0, ,N, ,3, , , , , ,162065, , , ,2,2,0,0,0,0,0,0,0,0,0,1,2,1,0,0,0,0,0,0,0,0,0,0,0,0,0,0,0,0,0,0,0,0,0,4,0,40.0179,-75.1493, , 
N,15770,2016049318,6,67,67301,2016,5,1,1021,10,1,2,7,7,3,1,4,Y,0,0,0,3,0,0,1,1,N,N,40 01:02.552,75 02:57.329,1058,45,1037,3,2,1, , ,0,N,N,N,N,N,162091,Y,N,Y,1,1,0,0,0,0,0,0,0,0,0,0,0,0,0,0,0,0,0,0,0,0,0,0,0,0,0,0,0,0,0,0,0,0,0,0,0,40.0174,-75.0493, , 
 ,15771,2016053720,6,67,67301,2016,5,1,1415,14,1,1,0,4,1, , ,N,1,2,0,3,0,1,2,2,N, ,40 01:04.383,75 04:57.342,1720, ,1715, ,0, , , ,3, , , , , ,162095, , , ,2,1,0,0,0,0,1,0,0,0,0,1,1,0,0,0,0,0,0,0,0,0,0,1,0,0,0,0,0,0,0,0,0,0,0,4,0,40.0179,-75.0826, , 
 ,15772,2016029763,6,67,67301,2016,3,6,735,7,1,4,4,1,1, , ,N,0,0,3,3,0,0,2,2,N,N,39 57:19.693,75 10:47.147,750, ,742, ,0, ,N, ,0, , , , , ,162127, , , ,2,2,0,0,0,0,0,0,0,0,0,0,0,0,0,0,0,0,0,0,0,0,0,0,0,0,0,0,0,0,0,0,0,0,0,0,0,39.9555,-75.1798, , 
 ,15773,2016035355,6,67,67301,2016,3,7,9999,99,1,1,0,4,1, , ,N,0,0,7,3,0,1,5,2,N,N,40 05:30.501,74 58:34.006,1000, ,9999, ,0, ,N, ,0, , , , , ,162131, , , ,2,1,0,0,0,0,1,0,0,0,0,1,1,0,0,0,0,0,0,0,0,0,0,0,0,0,0,0,0,0,0,0,0,0,0,4,0,40.0918,-74.9761, , 
 ,15774,2016051330,6,67,67301,2016,5,1,1045,10,1,2,1,7,1, , ,N,0,0,0,3,0,0,1,1,N,N,39 59:01.728,75 05:48.746,1045, ,1045,3,1,1, , ,0,N, , , , ,162150, , , ,1,0,0,0,0,1,0,0,0,0,0,0,0,0,0,0,0,0,0,0,1,0,0,0,0,0,0,0,0,0,0,0,0,0,0,0,1,39.9838,-75.0969, , 
 ,15775,2016013887,6,67,67301,2016,1,2,1047,10,1,1,0,4,1, , ,N,1,2,0,3,0,0,2,2,N, ,39 59:09.524,75 09:58.003,1145, ,1141, ,0, , , ,3, , , , , ,162158, , , ,2,0,0,0,0,0,0,2,0,0,0,0,0,0,0,0,0,0,0,0,2,0,0,0,0,0,0,0,0,0,0,0,0,0,0,0,0,39.986,-75.1661, , 
 ,15776,2016033961,6,67,67301,2016,3,5,1618,16,1,1,0,2,1, , ,N,2,0,2,3,0,1,2,2,N,N,40 00:24.934,75 04:06.372,1641, ,1618,1,2,6, , ,0,N, , , , ,162170, , , ,2,0,1,0,0,0,1,0,0,0,0,0,1,1,0,0,0,0,0,0,1,0,0,0,0,0,0,0,0,0,0,0,0,0,0,8,0,40.0066,-75.0682, , 
 ,15777,2016048696,6,67,67301,2016,4,1,1755,17,1,1,0,1,1, , ,N,2,3,0,3,0,1,2,2,N,N,40 07:11.834,74 59:43.018,1805, ,1758, ,0, ,N, ,3, , , , , ,162188, , , ,2,1,0,0,0,1,0,0,0,0,0,0,1,1,0,0,0,0,0,0,1,0,0,0,0,0,0,0,0,0,0,0,0,0,0,8,1,40.12,-74.9953, , 
 ,15778,2016117744,6,67,67301,2016,10,4,1248,12,1,1,0,4,1, , ,N,2,3,0,3,0,1,2,2,N,N,40 07:04.443,75 00:24.231,1305, ,1300, ,0, , , ,3, , , , , ,197191, , , ,2,0,0,0,0,0,1,1,0,0,0,1,1,0,0,0,0,0,0,0,0,2,0,0,0,0,0,0,0,0,0,0,0,0,0,4,0,40.1179,-75.0067, , 
 ,15779,2016045725,6,67,67301,2016,4,4,1340,13,1,8,0,4,1, , ,N,1,2,0,3,0,1,4,3,N,N,39 56:12.288,75 10:00.987,1450, ,1642, ,0, ,N, ,9, , , , , ,197203, , , ,3,1,0,0,2,0,0,0,0,0,0,1,1,0,0,0,0,0,0,0,1,0,0,0,0,0,0,0,0,0,0,0,0,0,0,4,0,39.9367,-75.1669, , 
 ,15780,2016048564,6,67,67301,2016,4,5,1621,16,1,1,0,4,1, , ,N,0,0,7,3,0,2,10,2,N,N,39 58:20.181,75 13:01.858,1626, ,1623, ,0, ,N, ,0, , , , , ,197208, , , ,2,0,0,0,0,1,0,0,0,2,0,0,2,0,0,0,0,0,0,0,1,0,0,0,0,0,0,0,0,0,0,0,0,0,0,2,1,39.9723,-75.2172, , 
 ,15781,2016051156,6,67,67301,2016,1,2,2024,20,3,1,0,1,1, , ,N,1,2,2,3,0,2,2,2,N,N,40 00:28.561,75 11:29.319,0, ,0, ,0, ,N, ,3, , , , , ,197214, , , ,2,1,0,0,0,0,0,0,0,0,0,0,2,2,0,0,0,0,0,0,0,0,0,0,0,0,0,0,0,0,0,0,0,0,0,8,0,40.0079,-75.1915, , 
 ,15782,2016065679,6,67,67301,2016,6,6,1717,17,1,1,0,7,4, , ,N,0,0,0,3,0,0,1,1,N,N,40 00:42.647,75 10:56.392,1723, ,1720, ,0, ,N, ,0, , , , , ,197227, , , ,1,1,0,0,0,0,0,0,0,0,0,0,0,0,0,0,0,0,0,0,0,0,0,0,0,0,0,0,0,0,0,0,0,0,0,0,0,40.0118,-75.1823, , 
 ,15783,2016080772,6,67,67301,2016,6,1,1000,10,1,1,0,4,1, , ,N,2,3,7,3,0,7,8,2,N,N,39 54:26.334,75 13:41.041,1031, ,1031, ,0, ,N, ,3, , , , , ,197236, , , ,2,1,0,0,0,0,0,1,0,0,0,7,7,0,0,0,0,0,0,0,1,0,0,0,0,0,0,0,0,0,0,0,0,0,0,4,0,39.9073,-75.2281, , 
 ,15784,2016068676,6,67,67301,2016,6,2,118,1,3,1,0,1,1, , ,N,0,0,2,3,0,1,2,2,N,N,40 00:18.269,75 11:39.296,145, ,139,3,1,1,N, ,0,Y, , , , ,197249, , , ,2,1,0,0,0,0,0,0,0,0,0,1,1,0,0,0,0,0,0,0,0,0,0,0,0,0,0,0,0,0,0,0,0,0,0,4,0,40.0051,-75.1942, , 
 ,15785,2016087666,6,67,67301,2016,8,2,1126,11,1,1,0,4,1, , ,N,1,2,0,3,0,2,2,2,N,N,39 58:54.847,75 10:14.127,1128, ,1127, ,0, ,N, ,3, , , , , ,197251, , , ,2,1,0,0,0,0,0,1,0,0,0,2,2,0,0,0,0,0,0,0,0,0,0,0,0,0,0,0,0,0,0,0,0,0,0,4,0,39.9819,-75.1706, , 
 ,15786,2016082287,6,67,67301,2016,7,6,2000,20,1,1,0,8,1, , ,N,0,0,0,3,0,1,2,2,N, ,40 01:15.646,75 07:57.378,2013, ,2004, ,0, , , ,0, , , , , ,197256, , , ,1,1,0,0,0,0,0,0,0,0,1,0,1,0,0,0,0,0,0,1,0,0,0,0,0,0,0,0,0,0,0,0,1,0,0,3,0,40.021,-75.1326, , 
 ,15787,2016129698,6,67,67301,2016,12,2,2144,21,3,1,0,5,1, , ,N,0,0,0,3,0,2,8,4,N,N,39 59:59.651,75 11:42.062,2150, ,2144,2,1,3, , ,0,N, , , , ,197284, , , ,4,3,0,0,0,0,0,0,0,0,2,0,2,0,1,0,0,0,0,0,1,0,0,1,0,0,0,0,0,0,0,0,0,0,0,3,0,39.9999,-75.195, , 
 ,15788,2016080267,6,67,67301,2016,6,5,1329,13,1,1,0,4,1, , ,N,1,3,0,3,0,2,2,2,N,N,40 03:56.148,75 03:43.883,1353, ,1348, ,0, , , ,3, , , , , ,197301, , , ,2,2,0,0,0,0,0,0,0,0,0,2,2,0,0,0,0,0,0,0,0,1,0,0,0,0,0,0,0,0,0,0,0,0,0,4,0,40.0656,-75.0622, , 
 ,15789,2016080804,6,67,67301,2016,7,6,30,0,3,1,0,4,1, , ,N,1,3,0,3,0,1,2,2,N, ,39 56:22.758,75 08:52.735,45, ,34, ,0, , , ,3, , , , , ,197302, , , ,1,0,0,0,0,0,0,0,1,0,0,1,1,0,1,0,0,0,0,0,0,0,0,0,0,0,0,0,0,0,0,0,0,0,0,4,0,39.9397,-75.148, , 
 ,15790,2016090283,6,67,67301,2016,8,7,445,4,3,1,0,5,1, , ,N,0,0,0,3,0,0,1,3,N,N,39 59:01.114,75 11:05.377,453, ,450,3,2,6,N, ,0,Y, , , , ,197308, , , ,3,3,0,0,0,0,0,0,0,0,0,0,0,0,1,0,0,0,0,0,0,0,0,0,0,0,0,0,0,0,0,0,0,0,0,9,0,39.9836,-75.1848, , 
 ,15791,2016080923,6,67,67301,2016,7,7,1147,11,1,1,0,4,1, , ,N,1,2,0,3,0,2,2,2,N,N,40 02:02.615,75 10:58.439,1215, ,1212, ,0, ,N, ,3, , , , , ,197313, , , ,2,2,0,0,0,0,0,0,0,0,0,0,2,2,0,0,0,0,0,0,1,0,0,0,0,0,0,0,0,0,0,0,0,0,0,8,0,40.0341,-75.1829, , 
 ,15792,2016082302,6,67,67301,2016,7,6,50,0,3,1,0,7,4, , ,N,0,0,1,3,0,2,2,1,N, ,39 58:40.460,75 13:34.550,132, ,126, ,0, , , ,0, , , , , ,197314, , , ,1,1,0,0,0,0,0,0,0,0,0,1,2,1,0,0,0,0,0,0,0,0,0,0,0,0,0,0,0,0,0,0,0,0,0,4,0,39.9779,-75.2263, , 
 ,15793,2016102109,6,67,67301,2016,9,6,1554,15,1,1,1,1,1, , ,N,0,0,3,3,0,1,2,2,N,N,39 53:23.709,75 12:03.696,1556, ,1554,2,1,2, , ,0,N, , , , ,197320, , , ,2,1,0,0,0,0,0,0,0,0,0,0,1,1,1,0,0,0,0,0,0,0,0,0,0,0,0,0,0,0,0,0,0,0,0,8,0,39.8899,-75.201, , 
 ,15794,2016105730,6,67,67301,2016,9,5,2005,20,3,1,0,8,1, , ,N,2,2,0,3,0,1,2,2,N,N,40 00:49.044,75 09:31.340,2030, ,2012, ,0, ,N, ,3, , , , , ,197330, , , ,1,1,0,0,0,0,0,0,0,0,0,1,1,0,0,0,0,0,0,0,0,0,0,0,0,0,0,0,0,0,0,0,1,0,0,4,0,40.0136,-75.1587, , 
 ,15795,2016061347,6,67,67301,2016,5,2,429,4,3,2,7,7,3, , ,N,0,0,0,3,0,0,1,1,N,N,39 52:41.515,75 15:01.932,435, ,431,1,1,1, , ,0,N, , , , ,197340, , , ,1,0,0,0,0,0,1,0,0,0,0,0,0,0,0,0,0,0,0,0,0,0,0,0,0,0,0,0,0,0,0,0,0,0,0,0,0,39.8782,-75.2505, , 
 ,15796,2016063963,6,67,67301,2016,6,6,1031,10,1,2,1,1,1, , ,N,0,0,3,3,0,1,2,2,N,N,39 55:11.348,75 12:07.702,1242, ,1239, ,0, ,N, ,0, , , , , ,197345, , , ,2,0,0,0,0,0,2,0,0,0,0,1,1,0,1,0,0,1,0,0,0,0,0,1,0,0,0,0,0,0,0,0,0,0,0,4,0,39.9198,-75.2021, , 
 ,15797,2016052349,6,67,67301,2016,4,7,9999,99,3,1,0,6,6, , ,N,0,0,0,3,0,0,1,4,N, ,39 58:57.834,75 13:53.129,9999, ,9999,3,1,4, , ,0,N, , , , ,197346, , , ,4,3,0,0,0,0,1,0,0,0,0,0,0,0,0,0,0,0,0,0,0,0,0,1,0,0,0,0,0,0,0,0,0,0,0,0,0,39.9827,-75.2314, , 
 ,15798,2016058615,6,67,67301,2016,5,6,1650,16,1,2,1,4,1, , ,N,0,0,0,3,0,0,2,2,N,N,39 58:19.461,75 11:09.553,1805, ,1755, ,0, ,N, ,0, , , , , ,197354, , , ,2,1,0,0,0,0,1,0,0,0,0,0,0,0,0,0,0,0,0,0,1,0,0,0,0,0,0,0,0,0,0,0,0,0,0,0,0,39.9721,-75.186, , 
 ,15799,2016060511,6,67,67301,2016,5,6,2343,23,3,1,0,5,1, , ,N,0,0,0,3,0,1,2,2,N,N,39 57:54.000,75 11:07.972,2357, ,2347,1,2,3, , ,0,Y, , , , ,197356, , , ,2,1,0,0,0,0,1,0,0,0,0,0,1,1,0,0,0,0,0,0,0,0,0,0,0,0,0,0,0,0,0,0,0,0,0,8,0,39.965,-75.1855, , 
 ,15800,2016097126,6,67,67301,2016,8,4,2115,21,2,2,1,4,1, , ,N,1,3,0,3,0,2,4,2,N,N,39 58:17.961,75 11:08.293,2135, ,2129,1,2,5,N, ,3,Y, , , , ,197379, , , ,2,1,0,0,0,0,1,0,0,0,0,2,2,0,0,0,0,0,0,0,1,0,0,0,0,0,0,0,0,0,0,0,0,0,0,4,0,39.9717,-75.1856, , 
 ,15801,2016106393,6,67,67301,2016,10,7,1711,17,1,2,1,5,1, , ,N,0,0,0,3,0,0,5,3,N,N,39 56:41.946,75 11:27.863,1727, ,1711,1,1,3, , ,0,N, , , , ,197380, , , ,3,2,0,0,0,0,1,0,0,0,0,0,0,0,0,0,0,0,0,0,0,0,0,0,0,0,0,0,0,0,0,0,0,0,0,0,0,39.945,-75.1911, , 
 ,15802,2016080222,6,67,67301,2016,7,7,233,2,3,1,0,6,6, , ,N,0,0,0,3,0,2,2,4,N, ,39 58:03.626,75 13:57.369,234, ,233,3,2,7, , ,0,Y, , , , ,197397, , , ,4,3,0,0,0,0,1,0,0,0,0,1,2,1,0,0,0,0,0,0,0,0,0,0,0,0,0,0,0,0,0,0,0,0,0,4,0,39.9677,-75.2326, , 
 ,15803,2016080512,6,67,67301,2016,6,3,1317,13,1,1,0,4,6, , ,N,0,0,0,3,0,1,2,2,N,N,39 58:27.433,75 13:07.590,1328, ,1319, ,0, , , ,0, , , , , ,197398, , , ,2,0,0,0,0,1,0,1,0,0,0,1,1,0,0,0,0,0,0,0,0,0,0,0,0,0,0,0,0,0,0,0,0,0,0,4,1,39.9743,-75.2188, , 
 ,15804,2016080586,6,67,67301,2016,6,5,1905,19,1,1,0,5,1, , ,N,0,0,0,3,0,0,3,4,N,N,39 53:40.396,75 13:46.707,1910, ,1905,1,1,3,N, ,0,N, , , , ,197399, , , ,3,2,0,0,0,1,0,0,0,0,0,0,0,0,0,0,0,0,0,0,0,0,0,0,0,0,0,0,0,0,0,0,0,0,0,0,0,39.8946,-75.2296, , 
 ,15805,2016100208,6,67,67301,2016,9,3,827,8,1,1,0,1,1, , ,N,0,0,0,3,0,0,3,3,N,N,40 02:21.127,75 00:29.229,849, ,839, ,0, , , ,0, , , , , ,197409, , , ,3,1,0,0,1,1,0,0,0,0,0,0,0,0,0,0,0,0,0,0,0,0,0,0,0,0,0,0,0,0,0,0,0,0,0,0,1,40.0392,-75.0081, , 
 ,15806,2016119661,6,67,67301,2016,10,3,500,5,3,1,0,1,1, , ,N,0,0,0,3,0,1,2,2,N,N,40 00:49.863,75 12:18.008,530, ,515, ,0, ,N, ,0, , , , , ,197427, , , ,2,1,0,0,0,0,1,0,0,0,0,1,1,0,0,0,0,0,0,0,1,0,0,0,0,0,0,0,0,0,0,0,0,0,0,4,0,40.0139,-75.205, , 
 ,15807,2016073932,6,67,67301,2016,7,6,619,6,1,1,0,5,1, , ,N,0,0,0,3,0,2,3,3,N,N,40 05:13.555,74 58:17.087,635, ,619,3,1,3,Y, ,0,N, , , , ,197454, , , ,3,2,0,0,0,1,0,0,0,0,0,2,2,0,0,0,0,0,0,0,1,0,0,0,0,0,0,0,0,0,0,0,0,0,0,4,1,40.0871,-74.9714, , 
 ,15808,2016087191,6,67,67301,2016,8,6,2250,22,3,1,0,5,1, , ,N,0,0,0,3,0,2,3,3,N, ,39 58:14.959,75 08:41.816,25, ,24, ,0, , , ,0, , , , , ,197460, , , ,1,0,0,0,0,0,0,0,2,0,0,0,2,2,1,0,0,0,0,0,0,0,0,0,0,0,0,0,0,0,0,0,0,0,0,8,0,39.9708,-75.1449, , 
 ,15809,2016097073,6,67,67301,2016,8,1,1948,19,1,1,0,8,1, , ,N,0,0,0,3,0,1,2,2,N,N,40 00:48.256,75 04:13.820,2110, ,2102, ,0, ,N, ,0, , , , , ,197461, , , ,1,0,0,0,0,0,1,0,0,0,0,1,1,0,0,0,0,0,0,0,0,0,0,0,0,0,0,0,0,0,0,0,1,0,0,4,0,40.0134,-75.0705, , 
 ,15810,2016080598,6,67,67301,2016,6,3,1245,12,1,9,8,8,1, , ,N,0,0,0,3,0,1,2,2,N,N,40 02:05.964,75 07:46.934,9999, ,9999, ,0, , , ,0, , , , , ,197490, , , ,1,0,0,0,0,0,1,0,0,0,0,0,1,1,0,0,0,0,0,0,0,0,0,1,0,0,0,0,0,0,0,0,1,0,0,8,0,40.035,-75.1297, , 
 ,15811,2016103111,6,67,67301,2016,10,3,1547,15,1,1,0,1,1, , ,N,0,0,0,3,0,2,5,3,N,N,39 59:00.955,75 12:29.175,1601, ,1558,1,1,4, , ,0,N, , , , ,197499, , , ,3,1,0,0,0,0,2,0,0,0,1,1,2,0,2,0,0,0,0,0,2,0,0,0,0,0,0,0,0,0,0,0,0,0,0,3,0,39.9836,-75.2081, , 
 ,15812,2016089911,6,67,67301,2016,8,3,900,9,1,1,0,7,4, , ,N,0,0,0,3,0,2,2,1,N, ,40 00:03.906,75 12:55.663,908, ,903,2,2,5, , ,0,Y, , , , ,197501, , , ,1,0,0,0,0,0,1,0,0,0,0,1,2,1,0,0,0,0,0,0,0,0,0,1,0,0,0,0,0,0,0,0,0,0,0,4,0,40.0011,-75.2155, , 
 ,15813,2016064038,6,67,67301,2016,6,4,1210,12,1,2,1,6,1, , ,N,0,0,0,3,0,0,4,2,N, ,40 02:57.170,75 14:45.142,1211, ,1210, ,0, , , ,0, , , , , ,197534, , , ,2,1,0,0,1,0,0,0,0,0,0,0,0,0,1,0,0,0,0,0,1,0,0,0,0,0,0,0,0,0,0,0,0,0,0,9,0,40.0492,-75.2459, , 
 ,15814,2016070242,6,67,67301,2016,6,5,1005,10,8,2,1,5,1, , ,N,0,0,0,3,0,0,2,3,N,N,40 00:15.761,75 10:20.112,1225, ,1220, ,0, ,N, ,0, , , , , ,192196, , , ,3,1,0,0,0,1,1,0,0,0,0,0,0,0,0,0,0,0,0,0,1,0,0,0,0,0,0,0,0,0,0,0,0,0,0,0,1,40.0044,-75.1723, , 