wz_ln_closure,objectid_1,crn,district,county,municipality,crash_year,crash_month,day_of_week,time_of_day,hour_of_day,illumination,weather,road_condition,collision_type,relation_to_road,work_zone_type,work_zone_loc,work_zone_ind,intersect_type,tcd_type,location_type,urban_rural,fatal_count,injury_count,person_count,total_units,sch_bus_ind,sch_zone_ind,latitude,longitude,arrival_tm,cons_zone_spd_lim,dispatch_tm,est_hrs_closed,lane_closed,ln_close_dir,ntfy_hiwy_maint,spec_juris_cd,tcd_func_cd,tfc_detour_ind,workers_pres,wz_close_detour,wz_flagger,wz_law_offcr_ind,objectid,wz_moving,wz_other,wz_shlder_mdn,vehicle_count,automobile_count,motorcycle_count,bus_count,small_truck_count,heavy_truck_count,suv_count,van_count,bicycle_count,maj_inj_count,mod_inj_count,min_inj_count,tot_inj_count,unk_inj_deg_count,unk_inj_per_count,driver_count_16yr,driver_count_17yr,driver_count_18yr,driver_count_19yr,driver_count_20yr,driver_count_50_64yr,driver_count_65_74yr,driver_count_75plus,unbelted_occ_count,unb_death_count,unb_maj_inj_count,belted_death_count,belted_maj_inj_count,mcycle_death_count,mcycle_maj_inj_count,bicycle_death_count,bicycle_maj_inj_count,ped_count,ped_death_count,ped_maj_inj_count,max_severity_level,comm_veh_count,dec_lat,dec_long,rdwy_surf_type_cd,county_name
 ,15815,2016084419,6,67,67301,2016,8,7,416,4,3,1,0,7,2, , ,N,0,0,0,3,0,1,1,1,N,N,39 57:52.406,75 08:15.557,426, ,416,1,1,1, , ,0,N, , , , ,192204, , , ,1,1,0,0,0,0,0,0,0,0,1,0,1,0,0,0,0,0,0,0,0,0,0,0,0,0,0,0,0,0,0,0,0,0,0,3,0,39.9646,-75.1377, , 
 ,15816,2016087141,6,67,67301,2016,8,1,941,9,1,1,0,6,1, , ,N,2,0,0,3,0,0,2,2,N,N,40 03:04.395,75 11:26.851,952, ,945, ,0, ,N, ,0, , , , , ,192214, , , ,2,1,0,0,0,0,0,1,0,0,0,0,0,0,0,0,0,0,0,0,1,0,1,0,0,0,0,0,0,0,0,0,0,0,0,0,0,40.0512,-75.1908, , 
 ,15817,2016090279,6,67,67301,2016,8,2,1640,16,1,1,0,4,1, , ,N,1,2,0,3,0,1,2,2,N,N,40 04:46.540,75 02:32.251,1650, ,1648,1,1,4,N, ,3,Y, , , , ,192217, , , ,2,2,0,0,0,0,0,0,0,0,0,0,1,1,0,0,0,0,0,0,1,0,1,0,0,0,0,0,0,0,0,0,0,0,0,8,0,40.0795,-75.0422, , 
 ,15818,2016092131,6,67,67301,2016,8,3,1400,14,1,1,0,4,1, , ,N,0,0,0,3,0,1,2,2,N,N,39 58:06.071,75 12:40.683,1410, ,1406, ,0, ,N, ,0, , , , , ,192219, , , ,1,1,0,0,0,0,0,0,1,0,1,0,1,0,0,0,0,0,0,0,0,0,0,0,0,0,0,0,0,0,0,0,0,0,0,3,0,39.9684,-75.2113, , 
 ,15819,2016088459,6,67,67301,2016,8,6,1728,17,1,1,0,1,1, , ,N,0,0,0,3,0,1,5,3,N,N,40 01:35.994,75 01:35.640,1741, ,1729, ,0, , , ,0, , , , , ,192220, , , ,3,2,0,0,0,0,0,1,0,0,0,0,1,1,0,0,0,0,0,1,0,0,0,1,0,0,0,0,0,0,0,0,0,0,0,8,0,40.0267,-75.0266, , 
 ,15820,2016097142,6,67,67301,2016,9,1,1030,10,1,1,0,4,1, , ,N,2,0,0,3,0,0,2,2,N,N,40 05:54.319,74 58:40.025,1039, ,1036, ,0, ,N, ,0, , , , , ,192223, , , ,2,1,1,0,0,0,0,0,0,0,0,0,0,0,0,0,0,1,0,0,0,0,0,0,0,0,0,0,0,0,0,0,0,0,0,0,0,40.0984,-74.9778, , 
 ,15821,2016119662,6,67,67301,2016,10,3,1125,11,1,1,0,5,1, , ,N,1,2,0,3,0,1,2,2,N, ,39 57:16.399,75 10:52.674,1146, ,1131,2,1,3, , ,3,N, , , , ,192224, , , ,2,1,0,0,0,1,0,0,0,0,0,1,1,0,0,0,0,0,0,0,0,0,0,1,0,0,0,0,0,0,0,0,0,0,0,4,1,39.9546,-75.1813, , 
N,15822,2016083799,6,67,67301,2016,7,4,946,9,1,1,0,5,1,1,8,Y,0,0,0,3,0,1,2,2,Y,N,39 59:11.605,75 05:29.241,1000,45,956,1,1,1, , ,0,N,N,N,N,N,192237,N,N,Y,2,1,0,1,0,0,0,0,0,0,0,0,1,1,0,0,0,0,0,0,0,0,0,0,0,0,0,0,0,0,0,0,0,0,0,8,1,39.9866,-75.0915, , 
 ,15823,2016082312,6,67,67301,2016,7,2,1705,17,1,1,0,4,1, , ,N,2,0,0,3,0,0,3,2,N,N,39 53:10.780,75 14:56.533,1708, ,1705,2,1,3,N, ,0,N, , , , ,192243, , , ,2,1,0,0,0,0,1,0,0,0,0,0,0,0,0,0,0,0,0,0,1,0,0,0,0,0,0,0,0,0,0,0,0,0,0,0,0,39.8862,-75.2491, , 
 ,15824,2016097084,6,67,67301,2016,8,5,1405,14,1,1,0,4,1, , ,N,2,3,0,3,0,1,2,2,N,N,40 01:57.792,75 02:14.393,1416, ,1414, ,0, ,N, ,3, , , , , ,192250, , , ,2,1,1,0,0,0,0,0,0,0,1,0,1,0,0,0,0,0,0,0,0,0,1,0,0,0,0,0,0,0,0,0,0,0,0,3,0,40.0327,-75.0373, , 
 ,15825,2016068642,6,67,67301,2016,6,3,1519,15,1,1,0,5,1, , ,N,0,0,0,3,0,2,2,2,N,Y,39 56:47.362,75 14:43.503,1737, ,1736,3,1,3,N, ,0,N, , , , ,192281, , , ,2,0,0,0,1,0,1,0,0,1,1,0,2,0,0,0,0,0,0,0,1,0,0,0,0,0,0,1,0,0,0,0,0,0,0,2,0,39.9465,-75.2454, , 
 ,15826,2016070667,6,67,67301,2016,6,7,2300,23,3,1,0,4,6, , ,N,0,0,0,3,0,0,1,3,N,N,39 58:05.181,75 14:52.224,2349, ,2349,3,1,1,N, ,0,N, , , , ,192286, , , ,3,2,0,0,0,0,1,0,0,0,0,0,0,0,0,0,0,0,0,0,0,0,0,0,0,0,0,0,0,0,0,0,0,0,0,0,0,39.9681,-75.2478, , 
 ,15827,2016080894,6,67,67301,2016,7,1,20,0,3,1,0,7,4, , ,N,5,2,0,3,0,1,2,1,N,N,39 58:07.468,75 12:40.860,27, ,23, ,0, ,N, ,3, , , , , ,192300, , , ,1,1,0,0,0,0,0,0,0,0,1,0,1,0,0,0,0,0,0,0,0,0,0,1,0,0,0,0,0,0,0,0,0,0,0,3,0,39.9687,-75.2113, , 
 ,15828,2016108540,6,67,67301,2016,10,3,712,7,1,1,0,4,1, , ,N,1,3,0,3,0,1,2,2,N,N,40 00:32.493,75 06:03.887,719, ,716, ,0, ,N, ,3, , , , , ,192312, , , ,2,1,0,0,0,0,1,0,0,0,0,1,1,0,0,0,0,0,0,0,0,0,0,0,0,0,0,0,0,0,0,0,0,0,0,4,0,40.009,-75.1011, , 
 ,15829,2016112261,6,67,67301,2016,10,7,1400,14,1,2,1,7,4, , ,N,0,0,0,3,0,0,1,1,N, ,40 05:19.532,75 02:42.337,1604, ,1604, ,0, , , ,0, , , , , ,192316, , , ,1,1,0,0,0,0,0,0,0,0,0,0,0,0,0,0,0,0,0,0,0,0,0,1,0,0,0,0,0,0,0,0,0,0,0,0,0,40.0888,-75.0451, , 
 ,15830,2016130133,6,67,67301,2016,12,5,946,9,1,1,0,1,1, , ,N,7,0,2,3,0,1,2,2,N,N,40 00:26.077,75 12:01.290,1002, ,946,1,1,1, , ,0,N, , , , ,192320, , , ,2,2,0,0,0,0,0,0,0,0,0,1,1,0,0,0,0,0,0,0,0,0,0,0,0,0,0,0,0,0,0,0,0,0,0,4,0,40.0072,-75.2004, , 
 ,15831,2016053822,6,67,67301,2016,5,6,705,7,1,1,1,1,1, , ,N,0,0,0,3,0,2,3,2,N,N,40 01:55.042,75 02:35.420,720, ,714, ,0, , , ,0, , , , , ,192322, , , ,2,0,0,0,0,0,1,1,0,0,0,2,2,0,0,0,0,0,0,0,0,0,0,1,0,0,0,0,0,0,0,0,0,0,0,4,0,40.032,-75.0432, , 
 ,15832,2016015925,6,67,67301,2016,2,3,1241,12,1,1,0,1,1, , ,N,0,0,0,3,0,0,2,2,N,N,40 02:21.728,75 00:26.021,1258, ,1250, ,0, , , ,0, , , , , ,192336, , , ,2,0,0,0,0,2,0,0,0,0,0,0,0,0,0,0,0,0,0,0,1,0,0,0,0,0,0,0,0,0,0,0,0,0,0,0,2,40.0394,-75.0072, , 
 ,15833,2016097069,6,67,67301,2016,9,1,910,9,1,1,0,4,1, , ,N,1,2,0,3,0,1,2,2,N, ,40 02:20.571,75 08:40.639,915, ,915, ,0, ,N, ,3, , , , , ,194481, , , ,2,2,0,0,0,0,0,0,0,0,0,1,1,0,0,0,0,0,0,0,1,0,0,0,0,0,0,0,0,0,0,0,0,0,0,4,0,40.039,-75.1446, , 
 ,15834,2016096623,6,67,67301,2016,8,4,745,7,1,1,0,7,4, , ,N,0,0,0,3,0,0,1,1,N,N,39 55:31.353,75 11:35.222,745, ,745, ,0, ,N, ,0, , , , , ,194483, , , ,1,1,0,0,0,0,0,0,0,0,0,0,0,0,0,0,0,0,0,0,0,0,0,1,0,0,0,0,0,0,0,0,0,0,0,0,0,39.9254,-75.1931, , 
 ,15835,2016063191,6,67,67301,2016,6,1,1033,10,1,1,0,1,1, , ,N,0,0,0,3,0,1,4,4,N,N,39 58:15.104,75 11:34.926,1039, ,1039, ,0, , , ,0, , , , , ,194499, , , ,4,1,0,0,0,0,2,1,0,0,0,0,1,1,0,0,0,0,0,1,1,0,0,0,0,0,0,0,0,0,0,0,0,0,0,8,0,39.9709,-75.193, , 
 ,15836,2016080676,6,67,67301,2016,7,7,240,2,3,2,1,6,1, , ,N,0,0,0,3,0,0,4,2,N,N,39 59:52.656,75 07:30.442,250, ,240,2,1,4,N, ,0,N, , , , ,194516, , , ,2,1,0,0,0,1,0,0,0,0,0,0,0,0,0,0,0,0,0,0,0,0,0,3,0,0,0,0,0,0,0,0,0,0,0,0,0,39.998,-75.1251, , 
 ,15837,2016087219,6,67,67301,2016,8,5,1500,15,1,1,0,4,1, , ,N,2,2,0,3,0,1,3,2,N,N,40 05:53.193,75 01:49.243,1515, ,1515, ,0, ,N, ,3, , , , , ,194524, , , ,2,1,0,0,0,0,0,1,0,0,0,0,1,1,0,0,0,0,0,0,1,1,0,0,0,0,0,0,0,0,0,0,0,0,0,8,0,40.0981,-75.0303, , 
 ,15838,2016082398,6,67,67301,2016,7,7,1314,13,1,1,0,1,1, , ,N,0,0,0,3,0,2,4,3,N, ,40 01:20.423,75 04:41.343,1317, ,1315, ,0, , , ,0, , , , , ,194526, , , ,3,2,0,0,0,0,1,0,0,0,0,0,2,2,0,0,0,0,0,0,1,0,0,0,0,0,0,0,0,0,0,0,0,0,0,8,0,40.0223,-75.0782, , 
 ,15839,2016062585,6,67,67301,2016,5,1,630,6,1,2,1,7,4, , ,N,0,0,0,3,0,1,1,1,N,N,39 58:33.748,75 11:21.351,648, ,642,1,2,5,N, ,0,Y, , , , ,194536, , , ,1,1,0,0,0,0,0,0,0,0,0,1,1,0,0,0,0,0,0,1,0,0,0,0,0,0,0,0,0,0,0,0,0,0,0,4,0,39.976,-75.1893, , 
 ,15840,2016064065,6,67,67301,2016,6,5,1332,13,1,1,0,4,1, , ,N,0,0,7,3,0,0,2,2,N, ,40 05:35.284,75 01:53.161,1335, ,1335, ,0, ,N, ,0, , , , , ,194538, , , ,2,0,0,0,0,0,2,0,0,0,0,0,0,0,0,0,0,0,0,0,1,0,1,0,0,0,0,0,0,0,0,0,0,0,0,0,0,40.0931,-75.0314, , 
 ,15841,2016081582,6,67,67301,2016,8,2,1534,15,1,1,0,1,1, , ,N,0,0,0,3,0,0,3,3,N,N,39 53:31.857,75 14:10.883,1538, ,1538,1,1,2, , ,0,N, , , , ,194551, , , ,3,3,0,0,0,0,0,0,0,0,0,0,0,0,0,0,0,0,0,0,1,0,0,0,0,0,0,0,0,0,0,0,0,0,0,0,0,39.8922,-75.2364, , 
 ,15842,2016080668,6,67,67301,2016,7,3,1430,14,1,1,0,8,1, , ,N,0,0,0,3,0,1,2,2,N, ,40 07:47.933,75 00:35.651,1130, ,1116, ,0, , , ,0, , , , , ,194554, , , ,1,1,0,0,0,0,0,0,0,0,0,1,1,0,0,0,0,0,0,0,1,0,0,0,0,0,0,0,0,0,0,0,1,0,0,4,0,40.13,-75.0099, , 
 ,15843,2016092040,6,67,67301,2016,8,5,356,3,3,1,1,8,1, , ,N,0,0,0,3,0,2,2,4,N,N,39 56:37.208,75 14:15.100,359, ,357, ,0, ,N, ,0, , , , , ,194563, , , ,3,1,0,0,1,0,1,0,0,0,0,2,2,0,0,0,0,0,0,0,1,0,0,0,0,0,0,0,0,0,0,0,1,0,0,4,0,39.9437,-75.2375, , 
 ,15844,2016089950,6,67,67301,2016,8,4,1122,11,1,1,0,1,1, , ,N,3,0,0,3,0,0,2,2,N, ,40 04:13.704,75 09:18.759,1125, ,1122, ,0, , , ,0, , , , , ,194565, , , ,2,1,0,0,0,0,1,0,0,0,0,0,0,0,0,0,0,0,0,0,0,0,0,0,0,0,0,0,0,0,0,0,0,0,0,0,0,40.0705,-75.1552, , 
 ,15845,2016097114,6,67,67301,2016,8,3,1715,17,1,1,0,8,1, , ,N,1,2,0,3,0,1,2,2,N,N,39 57:03.938,75 10:19.451,1952, ,1945, ,0, ,N, ,3, , , , , ,194567, , , ,1,1,0,0,0,0,0,0,0,0,1,0,1,0,1,0,0,0,0,0,0,0,0,0,0,0,0,0,0,0,0,0,1,0,0,3,0,39.9511,-75.1721, , 
 ,15846,2016105706,6,67,67301,2016,9,3,1220,12,1,1,0,8,1, , ,N,0,0,0,3,0,1,2,2,N, ,39 59:31.171,75 07:24.617,1243, ,1235, ,0, , , ,0, , , , , ,194578, , , ,1,0,0,0,1,0,0,0,0,0,0,0,1,1,0,0,0,0,0,0,0,1,0,1,0,0,0,0,0,0,0,0,1,0,0,8,0,39.992,-75.1235, , 
 ,15847,2016105606,6,67,67301,2016,9,1,1117,11,1,1,0,4,1, , ,N,0,0,7,3,0,2,2,2,N,N,40 02:10.197,75 02:24.469,1118, ,1117, ,0, , , ,0, , , , , ,194581, , , ,2,1,0,0,0,0,1,0,0,0,1,1,2,0,0,0,0,0,0,0,1,0,0,0,0,0,0,0,0,0,0,0,0,0,0,3,0,40.0362,-75.0401, , 
 ,15848,2016065701,6,67,67301,2016,6,7,1630,16,1,1,0,4,1, , ,N,0,0,0,3,0,1,2,2,N,N,40 03:34.909,75 10:41.768,2055, ,2050, ,0, ,N, ,0, , , , , ,194596, , , ,1,1,0,0,0,0,0,0,1,0,1,0,1,0,1,0,0,0,0,0,0,0,0,0,0,0,0,0,0,0,0,0,0,0,0,3,0,40.0597,-75.1783, , 
 ,15849,2016058660,6,67,67301,2016,5,2,250,2,3,1,0,4,1, , ,N,1,2,0,3,0,0,2,2,N,N,40 01:47.862,75 05:14.656,254, ,252, ,0, ,N, ,3, , , , , ,194634, , , ,2,2,0,0,0,0,0,0,0,0,0,0,0,0,0,0,0,0,0,0,0,0,0,1,0,0,0,0,0,0,0,0,0,0,0,0,0,40.03,-75.0874, , 
 ,15850,2016058673,6,67,67301,2016,5,3,1958,19,3,9,1,4,1, , ,N,1,2,0,3,0,1,5,2,N,N,39 57:36.900,75 11:48.684,2050, ,2045, ,0, ,N, ,3, , , , , ,194648, , , ,2,1,0,0,0,0,1,0,0,0,0,1,1,0,4,0,0,0,0,0,1,0,0,0,0,0,0,0,0,0,0,0,0,0,0,4,0,39.9603,-75.1969, , 
 ,15851,2016053641,6,67,67301,2016,5,6,1247,12,1,2,1,4,1, , ,N,1,2,0,3,0,4,4,2,N,N,40 02:32.725,75 04:57.598,1308, ,1305,2,2,4,N, ,3,Y, , , , ,197538, , , ,2,0,0,1,0,0,0,1,0,0,0,4,4,0,0,0,0,0,0,0,1,0,0,0,0,0,0,0,0,0,0,0,0,0,0,4,1,40.0424,-75.0827, , 
 ,15852,2016065673,6,67,67301,2016,6,2,1530,15,1,1,0,1,1, , ,N,1,2,0,3,0,1,2,2,N,N,39 58:40.542,75 10:11.158,9999, ,9999, ,0, ,N, ,3, , , , , ,197552, , , ,2,2,0,0,0,0,0,0,0,0,0,0,1,1,1,0,0,0,0,0,0,0,0,1,0,0,0,0,0,0,0,0,0,0,0,8,0,39.978,-75.1698, , 
 ,15853,2016069047,6,67,67301,2016,6,7,1800,18,1,1,0,5,1, , ,N,0,0,0,3,0,1,2,2,N, ,39 56:40.347,75 09:26.769,1806, ,1803, ,0, , , ,0, , , , , ,197554, , , ,1,1,0,0,0,0,0,0,1,0,0,1,1,0,0,0,0,0,0,0,0,0,0,0,0,0,0,0,0,0,0,0,0,0,0,4,0,39.9445,-75.1574, , 
 ,15854,2016082236,6,67,67301,2016,7,1,655,6,1,1,0,7,4, , ,N,0,0,0,3,0,0,1,2,N,N,39 55:54.976,75 10:38.307,705, ,702, ,0, ,N, ,0, , , , , ,197566, , , ,2,2,0,0,0,0,0,0,0,0,0,0,0,0,0,0,0,0,0,0,0,0,0,0,0,0,0,0,0,0,0,0,0,0,0,0,0,39.9319,-75.1773, , 
 ,15855,2016050038,6,67,67301,2016,4,7,1230,12,1,1,0,8,1, , ,N,1,0,0,3,0,1,2,2,N, ,40 01:58.098,75 03:43.448,1242, ,1236, ,0, , , ,0, , , , , ,197580, , , ,1,0,0,0,0,0,1,0,0,0,1,0,1,0,0,0,0,0,0,0,1,0,0,0,0,0,0,0,0,0,0,0,1,0,0,3,0,40.0328,-75.0621, , 
 ,15856,2016060857,6,67,67301,2016,5,3,840,8,1,1,0,1,1, , ,N,0,0,0,3,0,1,3,3,N,N,40 05:11.177,75 02:11.218,847, ,844, ,0, , , ,0, , , , , ,197588, , , ,3,1,0,0,0,0,2,0,0,0,0,1,1,0,0,0,0,0,0,0,0,1,0,0,0,0,0,0,0,0,0,0,0,0,0,4,0,40.0864,-75.0364, , 
 ,15857,2016063491,6,67,67301,2016,5,6,1652,16,1,1,0,8,1, , ,N,1,2,0,3,1,0,2,2,N, ,40 01:38.028,75 06:51.904,1655, ,1654,3,2,2, ,0,3,Y, , , , ,197592, , , ,1,0,0,0,0,0,1,0,0,0,0,0,0,0,0,0,0,0,0,0,1,0,0,0,0,0,0,0,0,0,0,0,1,1,0,1,0,40.0272,-75.1144,2, 
 ,15858,2016066210,6,67,67301,2016,5,2,445,4,3,1,0,1,1, , ,N,0,0,0,3,0,0,3,3,N,N,39 56:30.889,75 08:35.988,456, ,448,3,2,2, , ,0,N, , , , ,197594, , , ,3,0,0,0,1,2,0,0,0,0,0,0,0,0,0,0,0,0,0,0,0,0,0,0,0,0,0,0,0,0,0,0,0,0,0,0,2,39.9419,-75.1433, , 
 ,15859,2016080915,6,67,67301,2016,7,2,1219,12,1,1,0,4,1, , ,N,1,3,0,3,0,1,4,2,N,N,39 57:50.289,75 13:05.645,1222, ,1222, ,0, , , ,3, , , , , ,197616, , , ,2,2,0,0,0,0,0,0,0,0,0,0,1,1,0,0,0,0,0,0,0,0,0,0,0,0,0,0,0,0,0,0,0,0,0,8,0,39.964,-75.2182, , 
 ,15860,2016063184,6,67,67301,2016,6,6,2245,22,3,1,0,1,1, , ,N,0,0,0,3,0,1,4,3,N,N,39 53:56.883,75 10:00.187,2255, ,2248,1,2,1, , ,0,N, , , , ,197639, , , ,3,3,0,0,0,0,0,0,0,1,0,0,1,0,0,0,0,0,0,0,1,0,0,0,0,0,0,1,0,0,0,0,0,0,0,2,0,39.8991,-75.1667, , 
 ,15861,2016063879,6,67,67301,2016,5,2,2300,23,6,1,0,8,1, , ,N,0,0,0,3,0,1,2,2,N,N,39 58:56.057,75 10:16.888,9999, ,9999, ,0, , , ,0, , , , , ,197640, , , ,1,0,0,0,0,0,0,0,0,0,0,1,1,0,0,0,0,0,0,0,0,0,0,0,0,0,0,0,0,0,0,0,1,0,0,4,0,39.9822,-75.1714, , 
 ,15862,2016065631,6,67,67301,2016,6,6,1048,10,1,1,0,4,1, , ,N,0,0,7,3,0,1,2,2,N,N,40 00:42.391,75 04:10.576,1126, ,1119, ,0, ,N, ,0, , , , , ,197643, , , ,2,1,0,0,1,0,0,0,0,0,0,1,1,0,0,0,0,0,0,0,1,0,0,0,0,0,0,0,0,0,0,0,0,0,0,4,0,40.0118,-75.0696, , 
 ,15863,2016080688,6,67,67301,2016,7,4,1659,16,1,1,0,8,1, , ,N,1,2,0,3,0,1,2,2,N,N,39 57:10.730,75 10:06.316,9999, ,9999, ,0, , , ,3, , , , , ,197655, , , ,1,0,0,0,0,0,1,0,0,0,0,0,1,1,0,0,0,0,0,0,0,0,0,1,0,0,0,0,0,0,0,0,1,0,0,8,0,39.953,-75.1685, , 
 ,15864,2016087619,6,67,67301,2016,8,7,515,5,3,1,0,5,6, , ,N,0,0,0,3,0,0,2,2,N,N,39 56:36.619,75 10:13.865,518, ,515, ,0, ,N, ,0, , , , , ,197658, , , ,2,1,0,0,0,0,0,1,0,0,0,0,0,0,0,0,0,0,0,0,0,0,0,0,0,0,0,0,0,0,0,0,0,0,0,0,0,39.9435,-75.1705, , 
 ,15865,2016080395,6,67,67301,2016,6,1,1648,16,1,1,0,5,6, , ,N,0,0,0,3,0,1,1,3,N,N,40 02:25.887,75 02:33.769,1700, ,1652, ,0, ,N, ,0, , , , , ,197691, , , ,3,1,0,0,0,1,1,0,0,0,0,1,1,0,0,0,0,0,0,0,0,0,0,0,0,0,0,0,0,0,0,0,0,0,0,4,1,40.0405,-75.0427, , 
 ,15866,2016097162,6,67,67301,2016,8,6,1950,19,3,1,0,8,4, , ,N,0,0,0,3,0,1,2,2,N,N,39 57:03.257,75 10:08.150,2000, ,1955,2,2,2,N, ,0,N, , , , ,197698, , , ,1,0,0,1,0,0,0,0,0,0,1,0,1,0,0,0,0,0,0,0,0,0,0,0,0,0,0,0,0,0,0,0,1,0,0,3,1,39.9509,-75.1689, , 
 ,15867,2016087210,6,67,67301,2016,7,6,1529,15,1,1,0,4,1, , ,N,1,2,0,3,0,3,4,2,N, ,39 56:55.287,75 14:15.021,1537, ,1529, ,0, , , ,3, , , , , ,197699, , , ,2,2,0,0,0,0,0,0,0,0,0,3,3,0,0,0,1,0,0,0,0,0,0,1,0,0,0,0,0,0,0,0,0,0,0,4,0,39.9487,-75.2375, , 
 ,15868,2016082401,6,67,67301,2016,7,6,1842,18,1,1,0,8,1, , ,N,1,3,0,3,0,1,2,2,N, ,39 58:59.563,75 10:50.033,1905, ,1857, ,0, , , ,3, , , , , ,197702, , , ,1,1,0,0,0,0,0,0,0,0,0,0,1,1,0,0,0,0,0,0,0,0,0,0,0,0,0,0,0,0,0,0,1,0,0,8,0,39.9832,-75.1806, , 
 ,15869,2016080469,6,67,67301,2016,6,4,1743,17,1,1,0,4,1, , ,N,1,2,0,3,0,3,4,2,N, ,40 01:11.208,75 09:02.246,1825, ,1817, ,0, , , ,3, , , , , ,202360, , , ,2,1,0,0,0,0,1,0,0,0,0,2,3,1,0,0,0,0,0,0,0,0,0,0,0,0,0,0,0,0,0,0,0,0,0,4,0,40.0198,-75.1506, , 
 ,15870,2016082203,6,67,67301,2016,7,7,2245,22,3,1,0,1,1, , ,N,0,0,0,3,0,2,2,2,N,N,39 54:32.702,75 14:31.672,34, ,34,3,1,2,N, ,0,N, , , , ,202364, , , ,2,2,0,0,0,0,0,0,0,0,2,0,2,0,0,0,0,0,0,0,1,0,0,0,0,0,0,0,0,0,0,0,0,0,0,3,0,39.9091,-75.2421, , 
 ,15871,2016093891,6,67,67301,2016,9,6,2225,22,3,1,0,5,1, , ,N,0,0,0,3,0,1,2,2,N,N,40 03:18.818,74 59:05.567,2239, ,2225,2,2,2, , ,0,Y, , , , ,202368, , , ,2,1,0,0,0,1,0,0,0,0,0,0,1,1,0,0,0,0,0,0,0,0,0,0,0,0,0,0,0,0,0,0,0,0,0,8,1,40.0552,-74.9849, , 
 ,15872,2016097631,6,67,67301,2016,8,2,850,8,1,1,0,4,1, , ,N,1,3,1,3,0,1,2,2,N, ,39 58:14.108,75 09:03.120,900, ,850,1,1,2, , ,3,N, , , , ,202371, , , ,2,2,0,0,0,0,0,0,0,0,0,0,1,1,0,0,0,0,0,0,1,0,0,2,0,0,0,0,0,0,0,0,0,0,0,8,0,39.9705,-75.151, , 
 ,15873,2016097119,6,67,67301,2016,9,5,1327,13,1,1,0,4,1, , ,N,1,2,0,3,0,3,5,3,N, ,39 56:25.327,75 14:11.791,1335, ,1329, ,0, , , ,3, , , , , ,202374, , , ,3,3,0,0,0,0,0,0,0,0,0,3,3,0,0,0,0,0,0,0,0,1,0,0,0,0,0,0,0,0,0,0,0,0,0,4,0,39.9404,-75.2366, , 
 ,15874,2016087216,6,67,67301,2016,8,1,1354,13,1,1,0,1,1, , ,N,0,0,0,3,0,1,2,2,N,N,39 55:13.890,75 14:29.025,1405, ,1404,1,1,4,N, ,0,N, , , , ,202377, , , ,2,1,0,0,0,0,1,0,0,0,0,1,1,0,0,0,0,0,0,0,0,1,0,0,0,0,0,0,0,0,0,0,0,0,0,4,0,39.9205,-75.2414, , 
 ,15875,2016105943,6,67,67301,2016,9,6,720,7,1,1,0,8,1, , ,N,2,0,0,3,0,1,3,2,N, ,40 07:14.487,75 00:37.526,733, ,725, ,0, , , ,0, , , , , ,202378, , , ,1,0,0,0,1,0,0,0,0,1,0,0,1,0,0,0,0,0,0,0,1,0,0,0,0,0,0,0,0,0,0,0,1,0,1,2,0,40.1207,-75.0104, , 
 ,15876,2016056048,6,67,67301,2016,5,4,1820,18,4,1,0,1,1, , ,N,0,2,0,3,0,6,9,3,N,N,40 01:18.750,75 10:44.288,1826, ,1820,2,2,3,N, ,3,N, , , , ,202400, , , ,3,1,0,0,0,0,1,1,0,0,0,4,6,2,0,0,0,0,0,0,1,0,0,0,0,0,0,0,0,0,0,0,0,0,0,4,0,40.0219,-75.179, , 
 ,15877,2016068265,6,67,67301,2016,6,6,2245,22,3,1,0,5,1, , ,N,1,0,0,3,0,1,2,2,N, ,39 57:42.806,75 14:23.958,2300, ,2300, ,0, , , ,0, , , , , ,202404, , , ,1,1,0,0,0,0,0,0,1,0,1,0,1,0,0,0,0,0,0,0,0,0,0,1,0,0,0,0,0,0,0,0,0,0,0,3,0,39.9618,-75.24, , 
 ,15878,2016071109,6,67,67301,2016,6,2,231,2,3,1,0,4,1, , ,N,1,2,0,3,0,0,5,2,N, ,39 56:18.962,75 13:17.948,245, ,231, ,0, , , ,3, , , , , ,202406, , , ,2,1,0,0,0,0,0,1,0,0,0,0,0,0,5,0,0,0,1,0,0,0,0,1,0,0,0,0,0,0,0,0,0,0,0,9,0,39.9386,-75.2217, , 
 ,15879,2016080134,6,67,67301,2016,7,3,1528,15,1,1,0,4,1, , ,N,1,3,0,3,0,4,4,2,N,N,39 59:54.405,75 09:52.768,1535, ,1528, ,0, , , ,3, , , , , ,202420, , , ,2,1,0,0,1,0,0,0,0,0,1,1,4,2,0,0,0,0,0,0,1,0,0,1,0,0,0,0,0,0,0,0,0,0,0,3,0,39.9984,-75.1647, , 
 ,15880,2016097617,6,67,67301,2016,8,7,1640,16,1,1,0,7,4, , ,N,0,0,0,3,0,1,1,1,N,N,40 01:08.962,75 11:26.846,1759, ,1751, ,0, ,N, ,0, , , , , ,202422, , , ,1,1,0,0,0,0,0,0,0,0,0,0,1,1,0,0,0,0,0,0,0,0,0,0,0,0,0,0,0,0,0,0,0,0,0,8,0,40.0192,-75.1908, , 
 ,15881,2016099142,6,67,67301,2016,8,7,2356,23,3,1,0,1,1, , ,N,0,0,0,3,0,1,2,2,N,N,40 01:40.644,75 01:25.630,7, ,2356,1,2,1, , ,0,N, , , , ,202433, , , ,2,0,0,0,0,0,1,1,0,0,1,0,1,0,0,0,0,0,0,0,0,0,0,0,0,0,0,0,0,0,0,0,0,0,0,3,0,40.028,-75.0238, , 