wz_ln_closure,objectid_1,crn,district,county,municipality,crash_year,crash_month,day_of_week,time_of_day,hour_of_day,illumination,weather,road_condition,collision_type,relation_to_road,work_zone_type,work_zone_loc,work_zone_ind,intersect_type,tcd_type,location_type,urban_rural,fatal_count,injury_count,person_count,total_units,sch_bus_ind,sch_zone_ind,latitude,longitude,arrival_tm,cons_zone_spd_lim,dispatch_tm,est_hrs_closed,lane_closed,ln_close_dir,ntfy_hiwy_maint,spec_juris_cd,tcd_func_cd,tfc_detour_ind,workers_pres,wz_close_detour,wz_flagger,wz_law_offcr_ind,objectid,wz_moving,wz_other,wz_shlder_mdn,vehicle_count,automobile_count,motorcycle_count,bus_count,small_truck_count,heavy_truck_count,suv_count,van_count,bicycle_count,maj_inj_count,mod_inj_count,min_inj_count,tot_inj_count,unk_inj_deg_count,unk_inj_per_count,driver_count_16yr,driver_count_17yr,driver_count_18yr,driver_count_19yr,driver_count_20yr,driver_count_50_64yr,driver_count_65_74yr,driver_count_75plus,unbelted_occ_count,unb_death_count,unb_maj_inj_count,belted_death_count,belted_maj_inj_count,mcycle_death_count,mcycle_maj_inj_count,bicycle_death_count,bicycle_maj_inj_count,ped_count,ped_death_count,ped_maj_inj_count,max_severity_level,comm_veh_count,dec_lat,dec_long,rdwy_surf_type_cd,county_name
 ,15882,2016108537,6,67,67301,2016,9,5,2020,20,3,2,1,4,1, , ,N,2,0,0,3,0,2,3,2,N,N,40 00:32.852,75 05:23.459,2054, ,2054, ,0, ,N, ,0, , , , , ,202438, , , ,2,1,0,0,0,0,0,1,0,0,1,1,2,0,1,0,0,0,0,0,0,0,0,0,0,0,0,0,0,0,0,0,0,0,0,3,0,40.0091,-75.0898, , 
 ,15883,2016085943,6,67,67301,2016,8,4,1126,11,1,1,0,1,1, , ,N,0,0,0,3,0,1,4,4,N, ,39 59:26.847,75 07:49.993,1126, ,1126,1,2,3, , ,0,Y, , , , ,202452, , , ,4,2,0,0,1,0,1,0,0,0,0,0,1,1,0,0,0,0,0,0,1,0,0,0,0,0,0,0,0,0,0,0,0,0,0,8,0,39.9908,-75.1306, , 
 ,15884,2016087675,6,67,67301,2016,8,7,512,5,5,1,0,5,6, , ,N,0,0,0,3,0,1,1,3,N,N,40 03:20.948,75 08:48.544,552, ,548, ,0, , , ,0, , , , , ,202454, , , ,3,2,0,0,0,0,1,0,0,0,0,1,1,0,0,0,0,0,0,0,0,0,0,0,0,0,0,0,0,0,0,0,0,0,0,4,0,40.0558,-75.1468, , 
 ,15885,2016087697,6,67,67301,2016,7,4,1630,16,1,1,0,4,1, , ,N,2,0,0,3,0,2,6,2,N,N,39 56:17.084,75 13:30.759,1643, ,1640,1,1,4,N, ,0,N, , , , ,202457, , , ,2,1,0,0,0,0,1,0,0,0,0,2,2,0,1,0,0,0,0,0,0,0,0,0,0,0,0,0,0,0,0,0,0,0,0,4,0,39.9381,-75.2252, , 
 ,15886,2016105941,6,67,67301,2016,9,3,1554,15,1,1,0,4,1, , ,N,5,2,0,3,0,2,5,2,N,N,40 00:17.761,75 10:43.245,1601, ,1556, ,0, ,N, ,3, , , , , ,202467, , , ,2,1,0,0,0,0,1,0,0,0,0,2,2,0,0,0,0,0,0,0,1,0,0,0,0,0,0,0,0,0,0,0,0,0,0,4,0,40.0049,-75.1787, , 
 ,15887,2016026001,6,67,67301,2016,2,5,1615,16,1,1,0,4,1, , ,N,1,2,0,3,0,2,3,2,N,N,40 00:19.933,75 05:48.721,1623, ,1620, ,0, , , ,3, , , , , ,192343, , , ,2,2,0,0,0,0,0,0,0,0,0,2,2,0,0,0,0,0,0,0,0,0,0,1,0,0,0,0,0,0,0,0,0,0,0,4,0,40.0055,-75.0969, , 
 ,15888,2016026146,6,67,67301,2016,2,7,1958,19,3,1,0,6,6, , ,N,0,0,0,3,0,0,1,4,N,N,40 01:37.116,75 04:28.601,2008, ,1958, ,0, ,N, ,0, , , , , ,192344, , , ,4,2,0,0,0,0,0,2,0,0,0,0,0,0,0,0,0,0,0,0,0,0,0,0,0,0,0,0,0,0,0,0,0,0,0,0,0,40.027,-75.0746, , 
 ,15889,2016051154,6,67,67301,2016,1,7,1552,15,1,1,0,4,1, , ,N,1,2,0,3,0,1,3,2,N,N,40 03:02.167,75 08:31.987,0, ,0, ,0, ,N, ,3, , , , , ,192366, , , ,2,1,0,0,0,0,1,0,0,0,0,0,1,1,0,0,0,0,0,0,0,0,0,1,0,0,0,0,0,0,0,0,0,0,0,8,0,40.0506,-75.1421, , 
 ,15890,2016053787,6,67,67301,2016,5,7,2145,21,3,1,0,1,1, , ,N,0,0,0,3,0,3,6,3,N,N,40 05:56.097,75 01:12.529,2205, ,2154,1,1,4,N, ,0,N, , , , ,192367, , , ,3,2,0,0,0,1,0,0,0,0,0,0,3,3,1,0,0,0,0,0,0,0,0,1,0,0,0,0,0,0,0,0,0,0,0,8,1,40.0989,-75.0201, , 
 ,15891,2016080507,6,67,67301,2016,7,3,9999,99,1,1,0,4,1, , ,N,0,0,7,3,0,2,4,2,N,N,39 57:34.840,75 13:00.559,1420, ,1416, ,0, , , ,0, , , , , ,192393, , , ,2,2,0,0,0,0,0,0,0,0,0,2,2,0,0,0,0,0,0,0,0,0,0,0,0,0,0,0,0,0,0,0,0,0,0,4,0,39.9597,-75.2168, , 
 ,15892,2016091609,6,67,67301,2016,8,2,2207,22,3,1,0,0,1, , ,N,0,0,0,3,0,2,2,1,N,N,39 59:46.611,75 07:32.932,113, ,111, ,0, ,N, ,0, , , , , ,192409, , , ,1,0,1,0,0,0,0,0,0,0,0,0,2,2,0,0,0,0,0,0,0,0,0,0,0,0,0,0,0,0,0,0,0,0,0,8,0,39.9963,-75.1258, , 
 ,15893,2016053650,6,67,67301,2016,5,6,1126,11,1,2,1,4,1, , ,N,2,3,0,3,0,0,2,2,N,N,40 04:44.098,75 02:33.922,1130, ,1127, ,0, ,N, ,3, , , , , ,192419, , , ,2,0,0,0,0,0,1,1,0,0,0,0,0,0,0,0,0,0,0,0,0,0,0,0,0,0,0,0,0,0,0,0,0,0,0,0,0,40.0788,-75.0427, , 
 ,15894,2016095095,6,67,67301,2016,9,2,1432,14,1,1,0,1,1, , ,N,1,2,0,3,0,0,4,3,N,N,39 57:24.012,75 11:52.849,1500, ,1432,1,1,4,N, ,3,N, , , , ,192435, , , ,3,2,0,0,0,0,1,0,0,0,0,0,0,0,1,0,0,0,0,0,1,0,0,0,0,0,0,0,0,0,0,0,0,0,0,9,0,39.9567,-75.198, , 
 ,15895,2016084478,6,67,67301,2016,8,3,750,7,1,1,0,4,1, , ,N,1,2,0,3,0,1,4,3,N,N,40 05:05.539,75 01:30.621,800, ,755,1,1,2,N, ,3,N, , , , ,192445, , , ,3,2,0,0,0,0,1,0,0,0,0,0,1,1,0,0,0,0,0,0,0,0,0,0,0,0,0,0,0,0,0,0,0,0,0,8,0,40.0847,-75.0251, , 
 ,15896,2016062537,6,67,67301,2016,5,4,1325,13,1,1,0,4,1, , ,N,1,2,0,3,0,1,2,2,N,N,39 56:30.547,75 09:57.427,1330, ,1327,2,1,1,N, ,3,N, , , , ,192482, , , ,1,1,0,0,0,0,0,0,1,0,0,1,1,0,0,0,0,0,0,0,0,0,0,0,0,0,0,0,0,0,0,0,0,0,0,4,0,39.9418,-75.1658, , 
 ,15897,2016068734,6,67,67301,2016,6,5,650,6,1,1,0,4,1, , ,N,1,2,0,3,0,0,2,2,N,N,40 05:38.461,74 58:46.899,9999, ,9999, ,0, , , ,3, , , , , ,192484, , , ,2,2,0,0,0,0,0,0,0,0,0,0,0,0,0,0,0,0,0,0,0,0,0,0,0,0,0,0,0,0,0,0,0,0,0,0,0,40.0939,-74.9797, , 
 ,15898,2016080251,6,67,67301,2016,7,7,1605,16,1,1,0,4,1, , ,N,1,3,0,3,0,1,4,4,N,N,39 57:44.246,75 14:38.681,1605, ,1605, ,0, ,N, ,3, , , , , ,192490, , , ,4,2,0,0,0,0,1,0,0,0,0,1,1,0,0,0,0,0,0,0,1,0,0,3,0,0,0,0,0,0,0,0,0,0,0,4,0,39.9623,-75.2441, , 
 ,15899,2016086756,6,67,67301,2016,7,7,1800,18,4,1,0,8,1, , ,N,1,2,0,3,0,1,2,2,N, ,39 56:27.120,75 12:45.264,1810, ,1800, ,0, , , ,3, , , , , ,192501, , , ,1,0,0,0,0,0,1,0,0,0,1,0,1,0,0,0,0,0,0,0,0,0,0,1,0,0,0,0,0,0,0,0,1,0,0,3,0,39.9409,-75.2126, , 
 ,15900,2016097715,6,67,67301,2016,9,2,130,1,3,1,0,5,6, , ,N,0,0,0,3,0,1,1,4,N, ,40 02:36.905,75 01:19.589,137, ,132, ,0, , , ,0, , , , , ,192509, , , ,4,3,0,0,0,0,1,0,0,0,1,0,1,0,0,0,0,0,0,0,0,0,0,0,0,0,0,0,0,0,0,0,0,0,0,3,0,40.0436,-75.0221, , 
 ,15901,2016107749,6,67,67301,2016,10,6,2208,22,3,1,0,1,1, , ,N,6,4,2,3,0,0,6,2,N,N,39 56:55.117,75 11:09.395,2212, ,2208,1,2,4, , ,3,N, , , , ,192510, , , ,2,2,0,0,0,0,0,0,0,0,0,0,0,0,0,0,0,0,0,0,0,0,0,0,0,0,0,0,0,0,0,0,0,0,0,0,0,39.9486,-75.1859, , 
 ,15902,2016084759,6,67,67301,2016,8,1,1213,12,1,1,0,1,1, , ,N,0,0,0,3,0,4,4,3,N,N,39 57:27.472,75 09:36.151,1226, ,1217,1,1,4, , ,0,N, , , , ,192511, , , ,3,2,0,0,0,0,1,0,0,0,0,0,4,4,0,0,0,0,0,0,0,0,0,0,0,0,0,0,0,0,0,0,0,0,0,8,0,39.9576,-75.16, , 
 ,15903,2016089965,6,67,67301,2016,8,6,948,9,1,1,0,1,1, , ,N,1,2,0,3,0,2,4,2,N,N,39 57:24.462,75 14:38.029,956, ,953, ,0, ,N, ,3, , , , , ,192512, , , ,2,1,0,0,0,0,1,0,0,0,0,2,2,0,0,0,0,0,0,0,1,0,0,1,0,0,0,0,0,0,0,0,0,0,0,4,0,39.9568,-75.2439, , 
 ,15904,2016062625,6,67,67301,2016,5,3,1505,15,1,1,1,4,1, , ,N,1,2,3,3,0,1,2,2,N, ,39 57:30.652,75 09:56.236,1535, ,9999, ,0, , , ,3, , , , , ,192518, , , ,2,1,0,0,0,0,1,0,0,0,0,1,1,0,0,0,0,0,0,0,0,0,0,1,0,0,0,0,0,0,0,0,0,0,0,4,0,39.9585,-75.1656, , 
 ,15905,2016068278,6,67,67301,2016,6,4,1445,14,1,1,0,4,1, , ,N,1,2,0,3,0,0,2,2,N,N,40 05:09.739,75 12:42.976,1800, ,1800, ,0, ,N, ,3, , , , , ,194657, , , ,2,0,0,0,1,0,0,1,0,0,0,0,0,0,0,0,0,0,0,0,0,0,0,0,0,0,0,0,0,0,0,0,0,0,0,0,0,40.0861,-75.2119, , 
 ,15906,2016070647,6,67,67301,2016,6,6,1650,16,1,1,0,4,1, , ,N,1,2,0,3,0,2,3,2,N,N,40 05:40.718,75 00:54.707,1656, ,1651,1,2,1,N, ,3,N, , , , ,194661, , , ,2,2,0,0,0,0,0,0,0,0,1,1,2,0,0,0,0,0,0,0,0,0,0,0,0,0,0,0,0,0,0,0,0,0,0,3,0,40.0946,-75.0152, , 
 ,15907,2016082213,6,67,67301,2016,7,4,1837,18,1,1,0,4,1, , ,N,2,3,0,3,0,1,2,2,N,N,39 54:50.448,75 14:20.338,1846, ,1846, ,0, ,N, ,3, , , , , ,194673, , , ,2,2,0,0,0,0,0,0,0,0,0,0,1,1,0,0,0,0,0,0,0,0,0,0,0,0,0,0,0,0,0,0,0,0,0,8,0,39.914,-75.239, , 
 ,15908,2016082347,6,67,67301,2016,7,2,1430,14,1,1,0,4,1, , ,N,0,0,0,3,0,1,2,2,N,N,40 03:47.178,75 02:42.140,9999, ,9999, ,0, ,N, ,0, , , , , ,194677, , , ,2,1,0,0,0,0,0,1,0,0,0,0,1,1,1,0,0,0,0,0,0,1,1,0,0,0,0,0,0,0,0,0,0,0,0,8,0,40.0631,-75.045, , 
 ,15909,2016091642,6,67,67301,2016,8,5,830,8,1,1,0,8,1, , ,N,1,2,0,3,0,1,2,2,N,N,39 59:34.615,75 06:37.098,845, ,837, ,0, ,N, ,3, , , , , ,194680, , , ,1,0,0,0,0,0,1,0,0,0,0,0,1,1,0,0,0,0,0,0,1,0,0,0,0,0,0,0,0,0,0,0,1,0,0,8,0,39.9929,-75.1103, , 
 ,15910,2016053678,6,67,67301,2016,5,6,2145,21,3,2,1,1,1, , ,N,0,0,0,3,0,1,3,2,N, ,40 03:13.755,75 02:56.601,2155, ,2150,9,1,1, , ,0,N, , , , ,194682, , , ,2,1,0,0,1,0,0,0,0,0,0,1,1,0,0,0,0,0,0,0,1,0,0,0,0,0,0,0,0,0,0,0,0,0,0,4,0,40.0538,-75.0491, , 
 ,15911,2016058669,6,67,67301,2016,5,2,1825,18,1,1,0,8,1, , ,N,0,0,0,3,0,1,3,3,N, ,39 58:09.792,75 09:22.847,1835, ,1830, ,0, , , ,0, , , , , ,194687, , , ,1,1,0,0,0,0,0,0,0,0,0,1,1,0,0,0,0,0,0,0,1,0,0,0,0,0,0,0,0,0,0,0,2,0,0,4,0,39.9694,-75.1563, , 
 ,15912,2016080142,6,67,67301,2016,6,5,15,0,3,1,0,8,1, , ,N,2,0,1,3,0,1,2,2,N,N,40 00:33.274,75 05:24.716,19, ,18, ,0, ,N, ,0, , , , , ,194691, , , ,1,1,0,0,0,0,0,0,0,0,0,0,1,1,0,0,0,0,0,0,0,0,0,0,0,0,0,0,0,0,0,0,1,0,0,8,0,40.0092,-75.0902, , 
 ,15913,2016065702,6,67,67301,2016,6,7,13,0,3,1,0,1,1, , ,N,0,0,0,3,0,0,3,2,N,N,39 54:56.764,75 11:30.609,13, ,12, ,0, ,N, ,0, , , , , ,194737, , , ,2,1,0,0,0,0,0,0,0,0,0,0,0,0,0,1,0,0,0,0,0,0,0,0,0,0,0,0,0,0,0,0,0,0,0,0,0,39.9158,-75.1918, , 
 ,15914,2016086410,6,67,67301,2016,8,3,1553,15,1,1,0,1,1, , ,N,0,0,0,3,0,2,5,4,N,N,40 00:36.166,75 03:48.961,1602, ,1555,1,2,1, , ,0,N, , , , ,194750, , , ,4,3,0,0,1,0,0,0,0,0,0,2,2,0,0,0,0,0,0,0,1,0,1,0,0,0,0,0,0,0,0,0,0,0,0,4,0,40.01,-75.0636, , 
 ,15915,2016050298,6,67,67301,2016,5,5,1939,19,2,1,0,5,1, , ,N,0,0,0,3,0,1,4,3,N,N,39 54:04.531,75 09:08.847,2010, ,1949,1,1,2, , ,0,N, , , , ,194777, , , ,3,0,0,0,1,1,1,0,0,0,1,0,1,0,0,0,0,0,0,0,1,0,0,0,0,0,0,0,0,0,0,0,0,0,0,3,0,39.9013,-75.1525, , 
 ,15916,2016052872,6,67,67301,2016,4,6,1343,13,1,1,0,1,1, , ,N,0,0,0,3,0,0,2,2,N,N,39 57:29.706,75 09:56.563,1355, ,1343,1,1,3, , ,0,N, , , , ,194779, , , ,2,1,0,0,0,0,1,0,0,0,0,0,0,0,0,0,0,0,0,0,1,0,0,0,0,0,0,0,0,0,0,0,0,0,0,0,0,39.9583,-75.1657, , 
 ,15917,2016053661,6,67,67301,2016,5,1,758,7,1,1,1,1,1, , ,N,0,0,0,3,0,0,1,3,N,N,40 02:55.208,75 04:24.301,819, ,817, ,0, ,N, ,0, , , , , ,194781, , , ,3,1,0,0,1,1,0,0,0,0,0,0,0,0,0,0,0,0,0,0,0,0,0,0,0,0,0,0,0,0,0,0,0,0,0,0,0,40.0487,-75.0734, , 
 ,15918,2016056027,6,67,67301,2016,5,3,826,8,1,1,1,4,1, , ,N,0,0,7,3,0,0,3,2,N, ,40 02:50.182,75 03:32.767,830, ,827,9,1,4, , ,0,N, , , , ,194785, , , ,2,1,0,0,0,0,1,0,0,0,0,0,0,0,0,0,0,0,0,0,0,0,0,0,0,0,0,0,0,0,0,0,0,0,0,0,0,40.0473,-75.0591, , 
 ,15919,2016019852,6,67,67301,2016,2,6,1715,17,1,1,0,1,1, , ,N,1,2,2,3,0,1,2,2,N,N,39 53:32.915,75 13:21.046,1730, ,1729, ,0, ,N, ,3, , , , , ,194788, , , ,2,1,0,0,0,0,1,0,0,0,0,1,1,0,0,0,0,0,0,1,1,0,0,0,0,0,0,0,0,0,0,0,0,0,0,4,0,39.8925,-75.2226, , 
 ,15920,2016028320,6,67,67301,2016,2,7,2310,23,3,1,0,6,1, , ,N,0,0,0,3,0,0,2,2,N,N,40 00:42.652,75 12:03.586,2344, ,2334,2,1,1,N, ,0,N, , , , ,194800, , , ,2,1,0,0,0,0,0,0,0,0,0,0,0,0,0,0,0,0,0,0,1,0,0,0,0,0,0,0,0,0,0,0,0,0,0,0,0,40.0118,-75.201, , 
 ,15921,2016029881,6,67,67301,2016,2,3,1259,12,1,1,1,4,1, , ,N,5,2,0,3,0,0,1,3,N, ,39 56:40.549,75 14:01.478,1319, ,1305,3,2,2, , ,3,Y, , , , ,194803, , , ,3,0,0,0,0,0,2,1,0,0,0,0,0,0,0,0,0,0,0,0,0,0,0,1,0,0,0,0,0,0,0,0,0,0,0,0,0,39.9446,-75.2337, , 
 ,15922,2016033923,6,67,67301,2016,3,7,1824,18,1,1,0,4,1, , ,N,1,2,0,3,0,1,2,2,N, ,39 56:40.971,75 14:36.309,2015, ,2010, ,0, , , ,3, , , , , ,194810, , , ,2,1,1,0,0,0,0,0,0,0,0,0,1,1,0,0,0,0,0,0,0,0,0,1,0,0,0,0,0,0,0,0,0,0,0,8,0,39.9447,-75.2434, , 
 ,15923,2016050867,6,67,67301,2016,4,1,448,4,3,1,0,5,6, , ,N,0,0,0,3,0,1,2,4,N,N,39 56:47.331,75 14:23.869,450, ,448, ,0, ,N, ,0, , , , , ,194824, , , ,4,2,0,0,0,0,1,1,0,0,0,1,1,0,0,0,0,0,0,0,1,0,0,1,0,0,0,0,0,0,0,0,0,0,0,4,0,39.9465,-75.24, , 
 ,15924,2016063974,6,67,67301,2016,6,7,1600,16,1,1,0,8,1, , ,N,0,0,0,3,0,1,2,2,N, ,40 01:29.942,75 10:27.152,1815, ,1806, ,0, , , ,0, , , , , ,200036, , , ,1,0,0,0,0,0,1,0,0,0,0,1,1,0,0,0,0,0,0,0,0,0,0,0,0,0,0,0,0,0,0,0,1,0,0,4,0,40.025,-75.1742, , 
 ,15925,2016068698,6,67,67301,2016,6,5,900,9,1,2,1,4,1, , ,N,1,3,0,3,0,3,6,2,N,N,39 57:50.770,75 12:59.018,913, ,903, ,0, , , ,3, , , , , ,200037, , , ,2,1,0,0,0,0,1,0,0,0,0,3,3,0,0,0,0,0,0,0,0,0,0,0,0,0,0,0,0,0,0,0,0,0,0,4,0,39.9641,-75.2164, , 
 ,15926,2016138261,6,67,67301,2016,12,3,1700,17,3,9,0,8,1, , ,N,1,2,0,3,0,1,2,2,N, ,40 00:08.166,75 13:12.482,2245, ,2240, ,0, , , ,3, , , , , ,200050, , , ,1,1,0,0,0,0,0,0,0,1,0,0,1,0,1,0,0,0,0,0,1,0,0,0,0,0,0,0,0,0,0,0,1,0,1,2,0,40.0023,-75.2201, , 
 ,15927,2016091623,6,67,67301,2016,8,2,1720,17,1,1,0,4,1, , ,N,1,2,0,3,0,1,2,2,N,N,39 57:20.167,75 10:21.953,1735, ,1726, ,0, ,N, ,3, , , , , ,200061, , , ,1,0,0,1,0,0,0,0,1,0,0,1,1,0,0,0,0,0,0,0,1,0,0,0,0,0,0,0,0,0,0,0,0,0,0,4,1,39.9556,-75.1728, , 
 ,15928,2016120559,6,67,67301,2016,10,1,130,1,3,1,0,4,1, , ,N,1,3,0,3,0,0,2,2,N,N,39 55:04.454,75 10:08.234,137, ,137, ,0, ,N, ,3, , , , , ,200072, , , ,2,1,0,0,0,0,1,0,0,0,0,0,0,0,0,0,0,0,0,0,0,0,0,0,0,0,0,0,0,0,0,0,0,0,0,0,0,39.9179,-75.169, , 
 ,15929,2016123754,6,67,67301,2016,11,6,653,6,1,1,0,7,2, , ,N,0,0,0,3,0,0,2,1,N,N,40 02:34.282,75 00:11.452,707, ,653,1,1,1, , ,0,N, , , , ,200081, , , ,1,1,0,0,0,0,0,0,0,0,0,0,0,0,0,0,0,0,0,0,0,0,0,0,0,0,0,0,0,0,0,0,0,0,0,0,0,40.0429,-75.0032, , 
 ,15930,2016054195,6,67,67301,2016,5,5,2050,20,3,1,0,4,1, , ,N,5,2,0,3,0,0,3,2,N,N,39 59:33.831,75 07:13.101,2100, ,2056,1,1,1,N, ,3,Y, , , , ,200090, , , ,2,2,0,0,0,0,0,0,0,0,0,0,0,0,0,0,0,0,0,0,0,0,0,0,0,0,0,0,0,0,0,0,0,0,0,0,0,39.9927,-75.1203, , 
 ,15931,2016065717,6,67,67301,2016,6,1,910,9,1,1,0,5,1, , ,N,0,0,0,3,0,1,3,2,N,N,40 00:35.599,75 11:47.360,940, ,931, ,0, ,N, ,0, , , , , ,200100, , , ,1,0,0,0,0,0,0,1,1,0,0,0,1,1,0,0,0,0,0,0,0,0,0,0,0,0,0,0,0,0,0,0,0,0,0,8,0,40.0099,-75.1965, , 
 ,15932,2016080093,6,67,67301,2016,7,6,1520,15,1,1,0,4,1, , ,N,1,3,0,3,0,2,4,2,N,N,39 57:34.066,75 13:37.293,1700, ,1651, ,0, ,N, ,3, , , , , ,200115, , , ,2,2,0,0,0,0,0,0,0,0,0,2,2,0,0,0,0,0,0,0,0,0,0,0,0,0,0,0,0,0,0,0,0,0,0,4,0,39.9595,-75.227, , 
 ,15933,2016070640,6,67,67301,2016,6,2,1618,16,1,1,0,1,1, , ,N,1,3,0,3,0,1,2,2,N, ,40 01:15.638,75 03:04.756,1630, ,1621, ,0, , , ,3, , , , , ,200140, , , ,2,1,0,0,0,0,1,0,0,0,0,1,1,0,0,0,0,0,0,0,1,0,0,0,0,0,0,0,0,0,0,0,0,0,0,4,0,40.021,-75.0513, , 
 ,15934,2016070666,6,67,67301,2016,6,6,103,1,3,1,0,4,1, , ,N,1,2,0,3,0,4,4,2,N, ,40 00:15.609,75 07:41.037,103, ,103,9,2,1, , ,3,Y, , , , ,200141, , , ,2,1,0,0,0,0,1,0,0,0,0,0,4,4,0,0,0,0,0,0,0,0,0,1,0,0,0,0,0,0,0,0,0,0,0,8,0,40.0043,-75.1281, , 
 ,15935,2016080085,6,67,67301,2016,6,2,110,1,3,1,0,5,1, , ,N,1,2,0,3,0,1,4,2,N, ,39 59:06.953,75 10:43.660,130, ,130, ,0, , , ,3, , , , , ,200146, , , ,2,1,0,0,1,0,0,0,0,0,0,1,1,0,0,0,0,0,0,0,1,0,0,1,0,0,0,0,0,0,0,0,0,0,0,4,0,39.9853,-75.1788, , 
 ,15936,2016082259,6,67,67301,2016,7,1,240,2,3,1,0,1,1, , ,N,1,2,0,3,0,0,2,2,N,N,39 59:00.690,75 07:08.664,242, ,241, ,0, , , ,3, , , , , ,200154, , , ,2,1,0,0,0,0,1,0,0,0,0,0,0,0,0,0,0,0,0,0,1,0,0,2,0,0,0,0,0,0,0,0,0,0,0,0,0,39.9834,-75.1191, , 
 ,15937,2016090280,6,67,67301,2016,8,2,1448,14,1,1,0,1,1, , ,N,0,0,0,3,0,0,2,2,N,N,40 00:21.268,75 09:06.690,1448, ,1448, ,0, ,N, ,0, , , , , ,200160, , , ,2,2,0,0,0,0,0,0,0,0,0,0,0,0,0,0,0,0,1,0,0,0,0,0,0,0,0,0,0,0,0,0,0,0,0,0,0,40.0059,-75.1519, , 
 ,15938,2016108620,6,67,67301,2016,9,5,9999,99,1,2,1,4,1, , ,N,1,2,0,3,0,1,2,2,Y,N,40 02:06.826,75 08:44.062,1239, ,1236, ,0, , , ,3, , , , , ,200169, , , ,2,0,0,0,0,0,1,1,0,0,0,1,1,0,1,0,0,0,0,0,0,0,0,0,0,0,0,0,0,0,0,0,0,0,0,4,0,40.0352,-75.1455, , 
 ,15939,2016096381,6,67,67301,2016,9,7,2346,23,3,1,0,1,1, , ,N,0,0,0,3,0,0,5,2,N,N,39 56:40.319,75 11:29.724,9, ,2358,2,1,3, , ,0,N, , , , ,200174, , , ,2,2,0,0,0,0,0,0,0,0,0,0,0,0,0,0,0,0,0,0,1,0,0,0,0,0,0,0,0,0,0,0,0,0,0,0,0,39.9445,-75.1916, , 
 ,15940,2016105731,6,67,67301,2016,9,5,2255,22,3,1,0,4,1, , ,N,1,2,0,3,0,1,4,2,N,N,40 00:35.496,75 10:00.822,2258, ,2258, ,0, ,N, ,3, , , , , ,200175, , , ,2,2,0,0,0,0,0,0,0,0,0,1,1,0,0,0,0,0,1,0,0,0,0,1,0,0,0,0,0,0,0,0,0,0,0,4,0,40.0098,-75.1669, , 
 ,15941,2016095351,6,67,67301,2016,9,1,200,2,3,1,0,5,6, , ,N,0,0,0,3,0,2,3,2,N,N,39 58:21.406,75 09:24.735,216, ,215, ,0, ,N, ,0, , , , , ,200176, , , ,2,2,0,0,0,0,0,0,0,0,0,2,2,0,0,0,0,0,1,0,0,0,0,0,0,0,0,0,0,0,0,0,0,0,0,4,0,39.9726,-75.1569, , 
 ,15942,2016080502,6,67,67301,2016,7,1,2041,20,3,1,0,8,1, , ,N,0,0,0,3,0,1,3,2,N,N,39 59:03.437,75 09:24.124,2041, ,2041,3,2,2,N, ,0,Y, , , , ,197703, , , ,1,1,0,0,0,0,0,0,0,1,0,0,1,0,0,0,0,0,0,0,0,0,1,0,0,0,0,0,0,0,0,0,1,0,1,2,0,39.9843,-75.1567, , 
N,15943,2016110247,6,67,67301,2016,10,6,1919,19,3,1,0,1,1,1,4,Y,0,0,0,3,0,0,3,3,N,N,40 01:23.040,75 02:08.390,1931,45,1919,1,1,2, , ,0,N,Y,N,N,N,197707,N,N,Y,3,3,0,0,0,0,0,0,0,0,0,0,0,0,0,0,0,0,0,0,0,0,0,0,0,0,0,0,0,0,0,0,0,0,0,0,0,40.0231,-75.0357, , 
 ,15944,2016105918,6,67,67301,2016,9,2,1540,15,1,2,1,5,1, , ,N,3,2,0,3,0,0,2,2,N,N,40 01:33.252,75 12:11.489,1606, ,1604, ,0, , , ,3, , , , , ,197719, , , ,2,1,0,0,0,0,1,0,0,0,0,0,0,0,0,0,0,0,0,0,0,0,0,0,0,0,0,0,0,0,0,0,0,0,0,0,0,40.0259,-75.2032, , 
 ,15945,2016062569,6,67,67301,2016,6,4,1615,16,1,1,0,8,1, , ,N,0,0,0,3,0,1,4,2,N, ,40 02:24.860,75 02:36.477,1621, ,1618, ,0, , , ,0, , , , , ,197722, , , ,1,0,0,0,0,1,0,0,0,0,0,1,1,0,0,0,0,0,0,0,0,0,0,3,0,0,0,0,0,0,0,0,1,0,0,4,1,40.0402,-75.0435, , 
 ,15946,2016067824,6,67,67301,2016,5,1,915,9,1,1,0,4,1, , ,N,0,0,7,3,0,1,2,2,N,N,40 02:42.778,75 05:15.985,926, ,925, ,0, ,N, ,0, , , , , ,197725, , , ,2,1,0,0,0,0,1,0,0,0,0,1,1,0,0,0,0,0,0,0,1,0,0,2,0,0,0,0,0,0,0,0,0,0,0,4,0,40.0452,-75.0878, , 
 ,15947,2016068727,6,67,67301,2016,6,3,651,6,1,1,0,4,1, , ,N,1,3,0,3,0,2,3,2,N, ,39 58:22.195,75 13:39.140,733, ,722, ,0, , , ,3, , , , , ,197731, , , ,2,2,0,0,0,0,0,0,0,0,0,2,2,0,0,0,0,0,0,0,0,0,0,1,0,0,0,0,0,0,0,0,0,0,0,4,0,39.9728,-75.2275, , 