wz_ln_closure,objectid_1,crn,district,county,municipality,crash_year,crash_month,day_of_week,time_of_day,hour_of_day,illumination,weather,road_condition,collision_type,relation_to_road,work_zone_type,work_zone_loc,work_zone_ind,intersect_type,tcd_type,location_type,urban_rural,fatal_count,injury_count,person_count,total_units,sch_bus_ind,sch_zone_ind,latitude,longitude,arrival_tm,cons_zone_spd_lim,dispatch_tm,est_hrs_closed,lane_closed,ln_close_dir,ntfy_hiwy_maint,spec_juris_cd,tcd_func_cd,tfc_detour_ind,workers_pres,wz_close_detour,wz_flagger,wz_law_offcr_ind,objectid,wz_moving,wz_other,wz_shlder_mdn,vehicle_count,automobile_count,motorcycle_count,bus_count,small_truck_count,heavy_truck_count,suv_count,van_count,bicycle_count,maj_inj_count,mod_inj_count,min_inj_count,tot_inj_count,unk_inj_deg_count,unk_inj_per_count,driver_count_16yr,driver_count_17yr,driver_count_18yr,driver_count_19yr,driver_count_20yr,driver_count_50_64yr,driver_count_65_74yr,driver_count_75plus,unbelted_occ_count,unb_death_count,unb_maj_inj_count,belted_death_count,belted_maj_inj_count,mcycle_death_count,mcycle_maj_inj_count,bicycle_death_count,bicycle_maj_inj_count,ped_count,ped_death_count,ped_maj_inj_count,max_severity_level,comm_veh_count,dec_lat,dec_long,rdwy_surf_type_cd,county_name
 ,15948,2016075637,6,67,67301,2016,7,4,1332,13,1,6,1,1,1, , ,N,1,2,0,3,0,1,3,2,N,N,39 59:49.541,75 14:07.166,1338, ,1332, ,0, , , ,3, , , , , ,197738, , , ,2,1,0,1,0,0,0,0,0,0,1,0,1,0,0,0,0,0,0,0,0,0,0,0,0,0,0,0,0,0,0,0,0,0,0,3,1,39.997,-75.2353, , 
 ,15949,2016080413,6,67,67301,2016,7,1,1515,15,1,1,0,1,1, , ,N,0,2,0,3,0,1,2,2,N,N,39 54:21.668,75 11:38.217,1525, ,1522, ,0, , , ,3, , , , , ,197742, , , ,2,0,0,0,0,0,2,0,0,0,0,1,1,0,0,0,0,0,0,0,0,0,0,0,0,0,0,0,0,0,0,0,0,0,0,4,0,39.906,-75.1939, , 
 ,15950,2016080898,6,67,67301,2016,7,5,2219,22,3,1,0,4,1, , ,N,1,2,0,3,0,5,5,2,N, ,39 55:38.874,75 13:54.199,2219, ,2219,1,1,6, , ,3,Y, , , , ,197743, , , ,2,0,0,0,0,0,2,0,0,0,0,4,5,1,0,0,1,0,0,0,0,0,0,0,0,0,0,0,0,0,0,0,0,0,0,4,0,39.9275,-75.2317, , 
 ,15951,2016052154,6,67,67301,2016,3,2,829,8,1,8,1,1,1, , ,N,0,0,0,3,0,1,2,2, , ,39 57:56.331,75 08:13.394,0, ,0, ,0, , , ,0, , , , , ,197773, , , ,2,1,0,0,0,0,1,0,0,0,0,0,1,1,1,0,0,0,0,0,1,0,0,0,0,0,0,0,0,0,0,0,0,0,0,8,0,39.9656,-75.1371, , 
 ,15952,2016053902,6,67,67301,2016,5,2,1557,15,1,1,0,1,1, , ,N,0,0,0,3,0,0,2,2,N,N,39 59:10.554,75 05:31.259,1614, ,1607,1,1,1, , ,0,N, , , , ,197774, , , ,2,1,0,0,1,0,0,0,0,0,0,0,0,0,0,0,0,0,0,0,0,0,0,0,0,0,0,0,0,0,0,0,0,0,0,0,0,39.9863,-75.092, , 
 ,15953,2016068594,6,46,46104,2016,5,3,1812,18,1,1,0,4,1, , ,N,2,3,0,3,0,1,2,2,N,N,39 58:37.863,75 16:34.001,1815, ,1812, ,0, , , ,3, , , , , ,197782, , , ,2,2,0,0,0,0,0,0,0,0,0,1,1,0,0,0,0,1,0,0,0,0,0,0,0,0,0,0,0,0,0,0,0,0,0,4,0,39.9771,-75.276, , 
 ,15954,2016080087,6,67,67301,2016,6,5,1015,10,1,2,1,4,1, , ,N,1,3,0,3,0,1,2,2,N,N,39 57:26.863,75 13:24.193,1035, ,1015, ,0, ,N, ,3, , , , , ,197786, , , ,2,1,0,0,0,0,1,0,0,0,0,0,1,1,0,0,0,0,0,0,0,0,0,0,0,0,0,0,0,0,0,0,0,0,0,8,0,39.9575,-75.2234, , 
 ,15955,2016080114,6,67,67301,2016,7,7,1930,19,1,1,0,4,1, , ,N,1,2,0,3,0,3,7,2,N,N,40 02:57.663,75 04:04.482,1937, ,1934,1,1,5,N, ,3,Y, , , , ,197787, , , ,2,0,0,0,0,0,1,1,0,0,0,2,3,1,0,0,0,0,0,0,0,0,0,0,0,0,0,0,0,0,0,0,0,0,0,4,0,40.0493,-75.0679, , 
 ,15956,2016080123,6,67,67301,2016,6,2,337,3,3,1,0,4,5, , ,N,0,0,0,3,0,1,2,4,N,N,39 55:13.663,75 12:50.738,438, ,408, ,0, ,N, ,0, , , , , ,197788, , , ,3,1,0,0,0,0,0,2,0,1,0,0,1,0,0,0,0,0,0,0,0,0,0,0,0,0,0,0,0,0,0,0,1,0,1,2,0,39.9205,-75.2141, , 
 ,15957,2016087146,6,67,67301,2016,8,6,2134,21,3,1,0,6,3, , ,N,0,0,0,3,0,1,3,2,N, ,39 54:59.747,75 10:11.885,2140, ,2136,2,2,6, , ,0,Y, , , , ,197798, , , ,2,0,0,0,0,0,2,0,0,0,0,1,1,0,0,0,0,0,0,0,1,0,0,1,0,0,0,0,0,0,0,0,0,0,0,4,0,39.9166,-75.17, , 
 ,15958,2016105604,6,67,67301,2016,9,4,1530,15,1,1,0,4,1, , ,N,2,2,0,3,0,1,2,2,N,N,40 00:34.641,75 03:50.429,1810, ,1807, ,0, , , ,3, , , , , ,197816, , , ,2,0,0,0,0,0,2,0,0,0,0,0,1,1,0,0,0,0,0,0,1,1,0,0,0,0,0,0,0,0,0,0,0,0,0,8,0,40.0096,-75.064, , 
 ,15959,2016047041,6,67,67301,2016,4,1,2216,22,3,1,0,4,1, , ,N,1,2,0,3,0,3,6,3,N,N,40 00:37.460,75 04:45.357,2251, ,2241,1,1,1,N, ,3,N, , , , ,197821, , , ,3,3,0,0,0,0,0,0,0,0,0,3,3,0,0,0,0,0,0,0,0,0,0,0,0,0,0,0,0,0,0,0,0,0,0,4,0,40.0104,-75.0793, , 
 ,15960,2016117139,6,67,67301,2016,10,6,825,8,1,1,0,4,1, , ,N,1,2,0,3,0,0,3,2,N,N,39 58:50.286,75 09:38.890,835, ,830, ,0, ,N, ,3, , , , , ,192548, , , ,2,2,0,0,0,0,0,0,0,0,0,0,0,0,0,0,0,0,0,0,0,0,0,0,0,0,0,0,0,0,0,0,0,0,0,0,0,39.9806,-75.1608, , 
 ,15961,2016112217,6,67,67301,2016,10,6,2105,21,3,1,0,5,6, , ,N,0,0,0,3,0,0,4,6,N, ,40 03:32.260,75 03:08.364,2116, ,2110,2,1,2, , ,0,N, , , , ,192549, , , ,6,2,0,0,1,0,2,1,0,0,0,0,0,0,0,0,0,0,0,0,0,0,0,0,0,0,0,0,0,0,0,0,0,0,0,0,0,40.059,-75.0523, , 
 ,15962,2016052287,6,67,67301,2016,4,7,1830,18,1,1,0,8,1, , ,N,5,2,1,3,0,1,2,2,N,N,39 58:59.552,75 07:57.021,1832, ,1831, ,0, ,N, ,3, , , , , ,192566, , , ,1,0,0,0,0,0,1,0,0,0,0,1,1,0,0,0,0,0,0,0,0,0,0,0,0,0,0,0,0,0,0,0,1,0,0,4,0,39.9832,-75.1325, , 
 ,15963,2016070688,6,67,67301,2016,5,4,1359,13,1,1,0,7,4, , ,N,0,0,0,3,0,1,1,1,N, ,40 03:20.563,75 05:22.228,1555, ,1555, ,0, , , ,0, , , , , ,192582, , , ,1,1,0,0,0,0,0,0,0,0,1,0,1,0,0,0,0,0,0,0,1,0,0,0,0,0,0,0,0,0,0,0,0,0,0,3,0,40.0557,-75.0895, , 
 ,15964,2016080287,6,67,67301,2016,6,4,2350,23,3,1,0,5,1, , ,N,0,0,0,3,0,0,3,3,N,N,40 01:13.919,75 09:21.045,25, ,21, ,0, ,N, ,0, , , , , ,192591, , , ,3,2,0,0,0,0,1,0,0,0,0,0,0,0,0,0,0,0,0,0,0,1,0,0,0,0,0,0,0,0,0,0,0,0,0,0,0,40.0205,-75.1558, , 
 ,15965,2016080316,6,67,67301,2016,6,2,1505,15,1,1,0,7,4, , ,N,1,2,0,3,0,2,2,2,N, ,40 02:44.514,75 01:53.568,1552, ,1516, ,0, , , ,3, , , , , ,192592, , , ,2,1,0,0,0,0,1,0,0,0,0,1,2,1,0,0,0,0,0,0,1,0,0,0,0,0,0,0,0,0,0,0,0,0,0,4,0,40.0457,-75.0315, , 
 ,15966,2016082350,6,67,67301,2016,7,2,1430,14,1,1,0,1,6, , ,N,0,0,0,3,0,0,1,2,N,N,39 58:28.182,75 13:28.268,1430, ,1430, ,0, ,N, ,0, , , , , ,192601, , , ,2,0,0,0,0,1,1,0,0,0,0,0,0,0,0,0,0,0,0,0,0,0,0,1,0,0,0,0,0,0,0,0,0,0,0,0,1,39.9745,-75.2245, , 
 ,15967,2016082231,6,67,67301,2016,7,4,3,0,3,1,0,2,6, , ,N,0,0,0,3,0,2,2,3,N, ,40 02:32.899,75 06:12.074,10, ,6, ,0, ,N, ,0, , , , , ,192606, , , ,3,2,0,0,0,0,1,0,0,0,1,1,2,0,0,0,0,0,0,0,0,0,0,1,0,0,0,0,0,0,0,0,0,0,0,3,0,40.0425,-75.1034, , 
 ,15968,2016061231,6,67,67301,2016,5,5,1215,12,1,1,0,8,1, , ,N,1,2,0,3,0,1,2,2,N,N,39 58:35.560,75 07:11.032,1224, ,1220, ,0, ,N, ,3, , , , , ,192611, , , ,1,1,0,0,0,0,0,0,0,0,0,1,1,0,0,0,0,0,0,0,0,0,0,1,0,0,0,0,0,0,0,0,1,0,0,4,0,39.9763,-75.1197, , 
Y,15969,2016063471,6,67,67301,2016,6,4,1042,10,1,1,0,7,3,1,4,Y,0,0,3,3,0,1,2,2,N,N,39 55:11.150,75 12:06.698,1105,30,1042,5,2,6,Y, ,0,Y,Y, , ,N,192612, , , ,2,0,0,0,0,2,0,0,0,0,0,1,1,0,0,0,0,0,0,0,2,0,0,0,0,0,0,0,0,0,0,0,0,0,0,4,2,39.9198,-75.2019, , 
 ,15970,2016053742,6,67,67301,2016,5,6,1725,17,1,2,1,8,1, , ,N,1,2,0,3,0,2,3,3,N,N,39 59:52.789,75 07:31.478,1945, ,1940, ,0, , , ,3, , , , , ,192619, , , ,1,1,0,0,0,0,0,0,0,0,2,0,2,0,0,0,0,0,0,0,0,0,0,0,0,0,0,0,0,0,0,0,2,0,0,3,0,39.998,-75.1254, , 
 ,15971,2016070663,6,67,67301,2016,6,5,1230,12,1,2,1,8,1, , ,N,1,2,0,3,0,1,2,2,N, ,39 56:22.862,75 10:53.371,1237, ,1230, ,0, , , ,3, , , , , ,192634, , , ,1,0,0,0,0,0,1,0,0,0,0,0,1,1,0,0,0,0,0,0,0,0,0,0,0,0,0,0,0,0,0,0,1,0,0,8,0,39.9397,-75.1815, , 
 ,15972,2016080819,6,67,67301,2016,7,6,1030,10,1,1,0,4,1, , ,N,1,2,0,3,0,0,3,2,N,N,39 54:42.724,75 10:21.917,1033, ,1031, ,0, ,N, ,3, , , , , ,192638, , , ,2,0,0,0,1,0,1,0,0,0,0,0,0,0,3,0,0,0,0,0,0,0,1,0,0,0,0,0,0,0,0,0,0,0,0,9,0,39.9119,-75.1728, , 
 ,15973,2016084121,6,67,67301,2016,7,5,910,9,1,1,0,4,1, , ,N,0,0,0,3,0,1,3,2,N, ,39 56:21.088,75 11:54.151,930, ,925, ,0, , , ,0, , , , , ,192646, , , ,2,1,0,0,0,0,1,0,0,0,0,1,1,0,0,0,0,0,0,0,2,0,0,3,0,0,0,0,0,0,0,0,0,0,0,4,0,39.9392,-75.1984, , 
 ,15974,2016095543,6,67,67301,2016,9,7,437,4,3,1,0,1,1, , ,N,0,2,2,3,0,1,2,2,N,N,40 04:16.622,75 02:17.817,510, ,500,3,2,2,N, ,3,Y, , , , ,192649, , , ,2,0,0,0,1,1,0,0,0,0,0,0,1,1,0,0,0,0,0,0,0,0,0,0,0,0,0,0,0,0,0,0,0,0,0,8,2,40.0713,-75.0383, , 
 ,15975,2016082248,6,67,67301,2016,7,1,221,2,3,2,1,1,1, , ,N,0,0,0,3,0,2,3,3,N, ,40 00:53.687,75 10:39.866,230, ,221,2,1,2, , ,0,N, , , , ,192651, , , ,3,2,0,0,0,0,1,0,0,0,0,0,2,2,0,0,0,0,0,0,0,0,0,1,0,0,0,0,0,0,0,0,0,0,0,8,0,40.0149,-75.1777, , 
 ,15976,2016092160,6,67,67301,2016,8,3,1500,15,1,1,0,1,1, , ,N,0,0,0,3,0,1,6,3,N,N,40 02:12.188,75 03:50.308,1545, ,1533,1,1,2,N, ,0,N, , , , ,192657, , , ,3,1,0,0,0,0,1,1,0,0,0,1,1,0,0,0,0,0,0,0,2,0,0,0,0,0,0,0,0,0,0,0,0,0,0,4,0,40.0367,-75.064, , 
 ,15977,2016056052,6,67,67301,2016,5,7,705,7,1,1,0,4,1, , ,N,1,2,0,3,0,1,3,4,N,N,40 01:50.138,75 04:57.471,712, ,711, ,0, ,N, ,3, , , , , ,192660, , , ,4,3,0,0,0,0,1,0,0,0,0,1,1,0,0,0,0,0,0,0,1,0,0,2,0,0,0,0,0,0,0,0,0,0,0,4,0,40.0306,-75.0826, , 
N,15978,2016061339,6,67,67301,2016,5,5,1255,12,1,1,0,1,1,1,8,Y,0,0,0,3,0,1,3,3,N,N,39 58:02.358,75 07:59.303,1257,45,1256,1,2,2, , ,0,N,N,N,N,N,194828,N,N,Y,3,2,0,0,0,0,0,1,0,0,1,0,1,0,0,0,0,0,0,0,1,1,0,0,0,0,0,0,0,0,0,0,0,0,0,3,0,39.9673,-75.1331, , 
 ,15979,2016065646,6,67,67301,2016,6,6,830,8,1,1,0,1,1, , ,N,1,0,0,3,0,1,3,2,N,N,39 57:21.639,75 09:20.689,840, ,838, ,0, ,N, ,0, , , , , ,194832, , , ,2,2,0,0,0,0,0,0,0,0,0,0,1,1,1,0,0,0,0,0,0,0,0,0,0,0,0,0,0,0,0,0,0,0,0,8,0,39.956,-75.1557, , 
 ,15980,2016081811,6,67,67301,2016,8,5,700,7,1,1,0,1,1, , ,N,0,0,0,3,0,0,1,2,N,N,39 59:17.498,75 09:07.401,812, ,811, ,0, ,N, ,0, , , , , ,194856, , , ,2,2,0,0,0,0,0,0,0,0,0,0,0,0,1,0,0,0,0,0,0,0,0,0,0,0,0,0,0,0,0,0,0,0,0,9,0,39.9882,-75.1521, , 
 ,15981,2016083880,6,67,67301,2016,8,3,1835,18,1,1,0,5,1, , ,N,0,0,0,3,0,2,6,2,N,N,39 57:18.685,75 11:55.069,1840, ,1837, ,0, ,N, ,0, , , , , ,194858, , , ,2,2,0,0,0,0,0,0,0,0,0,2,2,0,0,0,0,0,1,0,0,0,0,0,0,0,0,0,0,0,0,0,0,0,0,4,0,39.9552,-75.1986, , 
 ,15982,2016087159,6,67,67301,2016,8,7,105,1,3,1,0,1,1, , ,N,0,2,0,3,0,1,2,2,N,N,39 55:51.018,75 10:05.578,142, ,135, ,0, ,N, ,3, , , , , ,194859, , , ,2,2,0,0,0,0,0,0,0,0,0,0,1,1,0,0,0,0,0,0,0,0,0,0,0,0,0,0,0,0,0,0,0,0,0,8,0,39.9308,-75.1682, , 
 ,15983,2016119655,6,67,67301,2016,10,7,215,2,3,2,1,7,4, , ,N,0,0,0,3,0,0,1,1,N, ,39 58:19.629,75 07:29.417,225, ,237,1,1,3, , ,0,N, , , , ,194874, , , ,1,1,0,0,0,0,0,0,0,0,0,0,0,0,0,0,0,0,0,0,0,0,0,0,0,0,0,0,0,0,0,0,0,0,0,0,0,39.9721,-75.1248, , 
 ,15984,2016065732,6,67,67301,2016,6,4,1733,17,1,1,0,4,1, , ,N,2,0,7,3,0,1,2,2,N,N,39 55:42.820,75 08:40.147,1742, ,1739,1,1,2,N, ,0,N, , , , ,194884, , , ,2,1,1,0,0,0,0,0,0,0,0,0,1,1,0,0,0,0,0,0,0,0,0,0,0,0,0,0,0,0,0,0,0,0,0,8,0,39.9286,-75.1445, , 
 ,15985,2016067822,6,67,67301,2016,6,5,1740,17,1,1,0,4,1, , ,N,1,2,0,3,0,1,6,2,N,N,40 02:29.198,75 07:12.381,1747, ,1747, ,0, ,N, ,3, , , , , ,194889, , , ,2,2,0,0,0,0,0,0,0,0,0,1,1,0,0,0,0,0,0,0,0,0,0,0,0,0,0,0,0,0,0,0,0,0,0,4,0,40.0414,-75.1201, , 
 ,15986,2016097728,6,67,67301,2016,9,6,1230,12,1,1,0,4,1, , ,N,1,2,0,3,0,1,2,2,N, ,39 58:02.768,75 10:46.516,1246, ,1242, ,0, , , ,3, , , , , ,194915, , , ,2,1,0,0,0,0,0,1,0,0,0,1,1,0,0,0,0,0,0,1,0,0,0,1,0,0,0,0,0,0,0,0,0,0,0,4,0,39.9675,-75.1799, , 
 ,15987,2016063893,6,67,67301,2016,6,7,2149,21,3,1,0,7,4, , ,N,2,0,0,3,0,1,1,1,N,N,40 04:35.331,75 04:39.536,2155, ,2150, ,0, ,N, ,0, , , , , ,194936, , , ,1,0,0,0,1,0,0,0,0,0,0,0,1,1,0,0,0,0,0,0,0,0,0,0,0,0,0,0,0,0,0,0,0,0,0,8,0,40.0765,-75.0776, , 
 ,15988,2016068691,6,67,67301,2016,6,3,1520,15,1,1,0,4,1, , ,N,2,2,0,3,0,1,2,2,N,N,39 53:40.400,75 13:46.386,1528, ,1524, ,0, , , ,3, , , , , ,194940, , , ,2,0,0,0,0,0,1,1,0,0,0,1,1,0,0,0,0,0,0,0,0,1,0,0,0,0,0,0,0,0,0,0,0,0,0,4,0,39.8946,-75.2296, , 
 ,15989,2016080686,6,67,67301,2016,7,4,1105,11,1,1,0,4,1, , ,N,1,2,0,3,0,0,2,2,N, ,39 58:10.746,75 12:41.274,1113, ,1111, ,0, , , ,3, , , , , ,194945, , , ,2,2,0,0,0,0,0,0,0,0,0,0,0,0,0,0,0,0,0,0,0,0,0,0,0,0,0,0,0,0,0,0,0,0,0,0,0,39.9697,-75.2115, , 
 ,15990,2016080747,6,67,67301,2016,7,7,1711,17,1,1,0,4,1, , ,N,1,2,0,3,0,1,2,2,N, ,39 55:19.114,75 09:03.895,1739, ,1738, ,0, , , ,3, , , , , ,194946, , , ,2,1,0,0,0,0,1,0,0,0,0,0,1,1,0,0,0,0,0,0,0,0,0,1,0,0,0,0,0,0,0,0,0,0,0,8,0,39.922,-75.151, , 
 ,15991,2016087188,6,67,67301,2016,8,5,320,3,2,1,0,1,1, , ,N,2,2,0,3,0,1,2,3,N,N,40 01:45.514,75 06:16.619,331, ,323, ,0, ,N, ,3, , , , , ,194952, , , ,3,2,0,0,0,1,0,0,0,0,0,1,1,0,0,0,0,0,0,0,1,0,0,0,0,0,0,0,0,0,0,0,0,0,0,4,1,40.0293,-75.1046, , 
 ,15992,2016092070,6,67,67301,2016,8,3,650,6,1,1,0,1,1, , ,N,0,0,0,3,0,1,2,2,N, ,39 58:26.273,75 13:39.819,720, ,705, ,0, , , ,0, , , , , ,194957, , , ,1,0,0,0,0,0,1,0,1,0,1,0,1,0,0,0,0,0,0,0,0,0,0,0,0,0,0,0,0,0,0,0,0,0,0,3,0,39.974,-75.2277, , 
 ,15993,2016080807,6,67,67301,2016,7,2,1615,16,1,1,0,4,1, , ,N,0,0,7,3,0,1,3,2,N, ,40 03:25.897,75 03:37.802,1948, ,1947, ,0, , , ,0, , , , , ,194958, , , ,2,0,0,0,0,0,1,1,0,0,0,1,1,0,0,0,0,0,0,0,1,0,0,0,0,0,0,0,0,0,0,0,0,0,0,4,0,40.0572,-75.0605, , 
 ,15994,2016108200,6,67,67301,2016,10,7,1311,13,1,2,1,4,1, , ,N,0,0,0,3,0,1,7,2,N,N,39 56:36.435,75 08:33.871,1315, ,1311, ,0, , , ,0, , , , , ,194963, , , ,2,1,0,0,0,0,0,1,0,0,0,1,1,0,0,0,0,0,0,0,0,0,0,0,0,0,0,0,0,0,0,0,0,0,0,4,0,39.9435,-75.1427, , 
 ,15995,2016052292,6,67,67301,2016,5,3,2115,21,3,1,0,4,1, , ,N,1,2,0,3,0,1,3,2,N, ,40 00:31.197,75 04:08.216,2122, ,2120,3,1,6, , ,3,N, , , , ,194972, , , ,2,2,0,0,0,0,0,0,0,0,0,0,1,1,0,0,0,0,1,0,0,0,0,0,0,0,0,0,0,0,0,0,0,0,0,8,0,40.0086,-75.0688, , 
 ,15996,2016058586,6,67,67301,2016,5,3,305,3,3,2,1,1,6, , ,N,0,0,0,3,0,0,1,2,N, ,39 56:05.394,75 10:20.483,320, ,314, ,0, , , ,0, , , , , ,200179, , , ,2,1,0,0,0,0,1,0,0,0,0,0,0,0,0,0,0,0,0,0,0,0,0,1,0,0,0,0,0,0,0,0,0,0,0,0,0,39.9348,-75.1724, , 
 ,15997,2016063100,6,67,67301,2016,6,3,1630,16,1,1,0,5,1, , ,N,0,2,7,3,0,1,3,2,N,N,39 57:02.880,75 11:43.070,1638, ,1635, ,0, ,N, ,3, , , , , ,200182, , , ,1,1,0,0,0,0,0,0,1,0,1,0,1,0,0,0,0,0,0,0,1,0,0,0,0,0,0,0,0,0,0,0,0,0,0,3,0,39.9508,-75.1953, , 
 ,15998,2016081408,6,67,67301,2016,6,7,2042,20,3,1,0,8,1, , ,N,0,0,0,3,0,1,2,3,N, ,40 02:01.131,75 04:47.082,2058, ,2053, ,0, , , ,0, , , , , ,200186, , , ,2,0,0,0,0,0,1,0,0,0,0,1,1,0,0,0,0,0,0,0,0,0,0,0,0,0,0,0,0,0,0,0,1,0,0,4,0,40.0336,-75.0797, , 
 ,15999,2016094300,6,67,67301,2016,9,1,558,5,3,1,0,7,5, , ,N,0,0,0,3,0,0,1,1,N,N,39 54:05.345,75 09:07.398,612, ,606, ,0, , , ,0, , , , , ,200190, , , ,1,0,0,0,0,0,1,0,0,0,0,0,0,0,0,0,0,0,0,0,0,0,0,1,0,0,0,0,0,0,0,0,0,0,0,0,0,39.9015,-75.1521, , 
 ,16000,2016082389,6,67,67301,2016,7,7,819,8,1,1,0,4,1, , ,N,1,3,0,3,0,1,5,2,N, ,40 01:27.699,75 02:31.469,836, ,833, ,0, , , ,3, , , , , ,200191, , , ,2,1,0,0,0,0,1,0,0,0,0,1,1,0,0,0,0,0,0,0,0,0,0,0,0,0,0,0,0,0,0,0,0,0,0,4,0,40.0244,-75.0421, , 
Y,16001,2016094514,6,67,67301,2016,9,4,730,7,1,1,0,1,1,1,2,Y,6,3,8,3,0,1,4,2,N,N,39 59:21.587,75 04:29.030,733,35,730,9,1,3,N, ,3,N,Y, , ,N,200206,Y, ,Y,2,2,0,0,0,0,0,0,0,0,0,0,1,1,0,0,0,0,0,0,1,0,0,0,0,0,0,0,0,0,0,0,0,0,0,8,0,39.9893,-75.0747, , 
 ,16002,2016064042,6,67,67301,2016,3,6,1750,17,1,1,0,8,1, , ,N,1,2,0,3,0,1,2,2,N,N,39 56:39.490,75 09:18.158,1948, ,1940, ,0, , , ,3, , , , , ,200228, , , ,1,0,0,0,0,0,1,0,0,0,1,0,1,0,1,0,0,0,0,0,0,0,0,0,0,0,0,0,0,0,0,0,1,0,0,3,0,39.9443,-75.155, , 
 ,16003,2016070215,6,67,67301,2016,7,2,2008,20,4,1,0,5,1, , ,N,1,2,0,3,0,1,2,3,N,N,39 59:56.702,75 06:07.365,2125, ,2115, ,0, ,N, ,3, , , , , ,200244, , , ,2,0,0,0,0,1,1,0,0,0,0,0,1,1,0,0,0,0,0,0,1,0,0,0,0,0,0,0,0,0,0,0,1,0,0,8,1,39.9991,-75.102, , 
 ,16004,2016080731,6,67,67301,2016,6,7,1130,11,1,1,0,4,1, , ,N,1,2,0,3,0,3,3,3,N, ,39 57:37.796,75 13:43.015,1150, ,1140, ,0, , , ,3, , , , , ,200247, , , ,3,3,0,0,0,0,0,0,0,0,0,0,3,3,0,0,0,0,0,0,1,1,0,0,0,0,0,0,0,0,0,0,0,0,0,8,0,39.9604,-75.2287, , 
 ,16005,2016086451,6,67,67301,2016,8,7,1443,14,1,1,0,1,1, , ,N,0,0,0,3,0,0,3,3,N,N,40 00:32.962,75 12:16.676,1522, ,1501,1,1,4, , ,0,N, , , , ,200260, , , ,3,2,0,0,0,0,1,0,0,0,0,0,0,0,0,0,0,0,0,0,2,0,0,0,0,0,0,0,0,0,0,0,0,0,0,0,0,40.0092,-75.2046, , 
 ,16006,2016111553,6,67,67301,2016,10,5,1641,16,1,1,0,5,1, , ,N,0,0,2,3,0,0,3,2,N,N,39 57:18.613,75 08:53.385,1641, ,1641, ,0, ,N, ,0, , , , , ,200270, , , ,2,1,0,0,0,1,0,0,0,0,0,0,0,0,0,0,0,0,0,0,0,0,1,0,0,0,0,0,0,0,0,0,0,0,0,0,1,39.9552,-75.1482, , 
 ,16007,2016054192,6,67,67301,2016,4,4,1635,16,1,1,0,1,1, , ,N,0,0,0,3,0,0,3,3,N,N,39 57:21.274,75 10:50.285,1759, ,1755,2,1,1,N, ,0,N, , , , ,200273, , , ,3,2,0,0,0,0,1,0,0,0,0,0,0,0,0,0,0,0,0,0,1,0,0,0,0,0,0,0,0,0,0,0,0,0,0,0,0,39.9559,-75.1806, , 
 ,16008,2016056059,6,67,67301,2016,5,6,2130,21,3,1,0,4,1, , ,N,3,0,0,3,0,1,2,2,N,N,39 58:04.563,75 12:36.168,2140, ,2134, ,0, , , ,0, , , , , ,200275, , , ,1,1,0,0,0,0,0,0,1,0,0,0,1,1,0,0,0,0,0,0,0,0,0,0,0,0,0,0,0,0,0,0,0,0,0,8,0,39.9679,-75.21, , 
N,16009,2016084192,6,67,67301,2016,7,6,1809,18,1,1,0,1,1,1,4,Y,0,0,0,3,0,1,2,2,N,N,40 01:43.671,75 01:23.361,1822,45,1822,1,1,2, , ,0,N,Y,N,N,N,200290,N,N,Y,2,1,0,0,0,0,1,0,0,0,0,0,1,1,0,0,0,0,0,0,0,0,0,0,0,0,0,0,0,0,0,0,0,0,0,8,0,40.0288,-75.0232, , 
 ,16010,2016082266,6,67,67301,2016,7,1,3,0,3,2,1,4,1, , ,N,1,3,0,3,0,0,2,2,N, ,40 02:22.876,75 08:36.160,16, ,14, ,0, , , ,3, , , , , ,200293, , , ,2,2,0,0,0,0,0,0,0,0,0,0,0,0,1,0,0,0,0,0,0,0,0,0,0,0,0,0,0,0,0,0,0,0,0,9,0,40.0397,-75.1434, , 
Y,16011,2016097066,6,67,67301,2016,8,1,2023,20,3,1,0,1,1,8,4,Y,0,8,0,3,0,1,2,2,N,N,40 00:37.347,75 11:07.045,2032,99,2027,9,2,2, , ,3,N,U, , ,U,200303, , ,Y,2,2,0,0,0,0,0,0,0,0,0,0,1,1,0,0,0,0,0,0,1,0,0,0,0,0,0,0,0,0,0,0,0,0,0,8,0,40.0104,-75.1853, , 
 ,16012,2016071084,6,67,67301,2016,6,4,844,8,1,1,0,4,1, , ,N,2,3,0,3,0,1,3,2,N, ,40 02:44.714,75 03:40.859,920, ,844, ,0, , , ,3, , , , , ,200330, , , ,2,2,0,0,0,0,0,0,0,0,0,1,1,0,0,0,0,0,0,0,0,0,0,2,0,0,0,0,0,0,0,0,0,0,0,4,0,40.0458,-75.0613, , 
 ,16013,2016080691,6,67,67301,2016,7,2,2020,20,3,1,0,8,1, , ,N,1,0,0,3,0,1,2,2,N, ,39 57:14.416,75 10:05.601,2033, ,2030, ,0, , , ,0, , , , , ,200341, , , ,1,0,0,0,1,0,0,0,0,0,0,1,1,0,0,0,0,1,0,0,0,0,0,1,0,0,0,0,0,0,0,0,1,0,0,4,0,39.954,-75.1682, , 
 ,16014,2016080104,6,67,67301,2016,7,4,1434,14,1,1,0,4,1, , ,N,2,3,0,3,0,1,2,2,N, ,39 59:45.509,75 09:14.464,1505, ,1458, ,0, , , ,3, , , , , ,197828, , , ,1,1,0,0,0,0,0,0,1,0,0,1,1,0,0,0,0,0,0,0,0,0,0,1,0,0,0,0,0,0,0,0,0,0,0,4,0,39.9961,-75.154, , 