wz_ln_closure,objectid_1,crn,district,county,municipality,crash_year,crash_month,day_of_week,time_of_day,hour_of_day,illumination,weather,road_condition,collision_type,relation_to_road,work_zone_type,work_zone_loc,work_zone_ind,intersect_type,tcd_type,location_type,urban_rural,fatal_count,injury_count,person_count,total_units,sch_bus_ind,sch_zone_ind,latitude,longitude,arrival_tm,cons_zone_spd_lim,dispatch_tm,est_hrs_closed,lane_closed,ln_close_dir,ntfy_hiwy_maint,spec_juris_cd,tcd_func_cd,tfc_detour_ind,workers_pres,wz_close_detour,wz_flagger,wz_law_offcr_ind,objectid,wz_moving,wz_other,wz_shlder_mdn,vehicle_count,automobile_count,motorcycle_count,bus_count,small_truck_count,heavy_truck_count,suv_count,van_count,bicycle_count,maj_inj_count,mod_inj_count,min_inj_count,tot_inj_count,unk_inj_deg_count,unk_inj_per_count,driver_count_16yr,driver_count_17yr,driver_count_18yr,driver_count_19yr,driver_count_20yr,driver_count_50_64yr,driver_count_65_74yr,driver_count_75plus,unbelted_occ_count,unb_death_count,unb_maj_inj_count,belted_death_count,belted_maj_inj_count,mcycle_death_count,mcycle_maj_inj_count,bicycle_death_count,bicycle_maj_inj_count,ped_count,ped_death_count,ped_maj_inj_count,max_severity_level,comm_veh_count,dec_lat,dec_long,rdwy_surf_type_cd,county_name
 ,16015,2016080295,6,67,67301,2016,7,7,1030,10,1,1,0,1,1, , ,N,1,2,0,3,0,1,2,2,N,N,40 01:32.331,75 07:20.187,1035, ,1032,2,1,1,N, ,3,N, , , , ,197829, , , ,2,1,1,0,0,0,0,0,0,0,1,0,1,0,0,0,0,0,0,0,0,1,0,0,0,0,0,0,0,0,0,0,0,0,0,3,0,40.0256,-75.1223, , 
 ,16016,2016080372,6,67,67301,2016,7,6,2021,20,1,1,0,7,4, , ,N,1,2,0,3,0,1,1,1,N, ,39 57:28.949,75 08:55.728,2030, ,2024, ,0, , , ,3, , , , , ,197830, , , ,1,0,1,0,0,0,0,0,0,0,1,0,1,0,0,0,0,0,0,0,0,0,0,0,0,0,0,0,0,0,0,0,0,0,0,3,0,39.958,-75.1488, , 
 ,16017,2016091865,6,67,67301,2016,8,4,1409,14,1,1,0,1,1, , ,N,0,0,0,3,0,0,2,2,N,N,39 58:35.885,75 11:49.303,1417, ,1409,2,2,3, , ,0,N, , , , ,197835, , , ,2,1,0,0,0,0,1,0,0,0,0,0,0,0,0,0,0,0,0,0,0,0,0,0,0,0,0,0,0,0,0,0,0,0,0,0,0,39.9766,-75.197, , 
 ,16018,2016105570,6,67,67301,2016,9,3,830,8,1,1,0,7,4, , ,N,0,2,0,3,0,0,1,1,N, ,39 55:09.249,75 14:36.448,839, ,835, ,0, , , ,3, , , , , ,197855, , , ,1,0,0,0,0,0,1,0,0,0,0,0,0,0,0,0,0,0,0,0,0,0,0,0,0,0,0,0,0,0,0,0,0,0,0,0,0,39.9192,-75.2435, , 
 ,16019,2016028815,6,67,67301,2016,3,3,951,9,1,1,0,1,1, , ,N,0,0,0,3,0,0,4,2,N,N,40 00:29.869,75 12:12.066,952, ,952, ,0, , , ,0, , , , , ,197885, , , ,2,1,0,0,0,0,1,0,0,0,0,0,0,0,0,0,0,0,0,0,1,0,0,0,0,0,0,0,0,0,0,0,0,0,0,0,0,40.0083,-75.2034, , 
 ,16020,2016048573,6,67,67301,2016,4,5,1210,12,1,1,0,8,1, , ,N,1,2,0,3,0,2,3,3,N,N,39 58:07.829,75 08:10.292,1220, ,1213, ,0, ,N, ,3, , , , , ,197900, , , ,1,1,0,0,0,0,0,0,0,0,1,1,2,0,0,0,0,0,0,0,0,0,1,0,0,0,0,0,0,0,0,0,2,0,0,3,0,39.9688,-75.1362, , 
 ,16021,2016052262,6,67,67301,2016,4,6,1335,13,1,2,1,4,1, , ,N,3,2,0,3,0,0,2,2,N,N,39 59:15.755,75 12:58.458,1339, ,1339,1,1,2,N, ,3,N, , , , ,197905, , , ,2,1,0,0,0,0,1,0,0,0,0,0,0,0,0,0,0,0,0,0,0,0,0,0,0,0,0,0,0,0,0,0,0,0,0,0,0,39.9877,-75.2161, , 
 ,16022,2016069041,6,67,67301,2016,6,4,909,9,1,1,0,8,1, , ,N,0,0,0,3,0,2,3,3,N,Y,39 58:37.404,75 12:47.510,912, ,909, ,0, , , ,0, , , , , ,197915, , , ,1,1,0,0,0,0,0,0,0,0,0,2,2,0,0,0,0,0,0,0,1,0,0,1,0,0,0,0,0,0,0,0,2,0,0,4,0,39.9771,-75.2132, , 
 ,16023,2016069391,6,67,67301,2016,7,5,1543,15,1,1,0,1,1, , ,N,0,0,0,3,0,2,4,2,N,N,39 57:51.730,75 08:16.196,1628, ,1544, ,0, , , ,0, , , , , ,197916, , , ,2,2,0,0,0,0,0,0,0,0,0,2,2,0,0,0,0,0,0,0,0,0,0,0,0,0,0,0,0,0,0,0,0,0,0,4,0,39.9644,-75.1378, , 
 ,16024,2016070649,6,67,67301,2016,6,4,1204,12,1,2,1,0,1, , ,N,0,0,0,3,0,1,2,1,N, ,40 03:16.114,75 04:46.088,1209, ,1204,9,2,5, , ,0,Y, , , , ,197918, , , ,1,0,0,0,1,0,0,0,0,0,0,0,1,1,0,0,0,0,0,0,1,0,0,0,0,0,0,0,0,0,0,0,0,0,0,8,0,40.0545,-75.0795, , 
 ,16025,2016074003,6,67,67301,2016,5,6,1458,14,1,1,0,4,1, , ,N,1,2,0,3,0,0,2,2,N,N,39 59:17.890,75 15:14.288,1505, ,1459,1,1,2, , ,3,N, , , , ,197919, , , ,2,1,0,0,0,0,1,0,0,0,0,0,0,0,0,1,0,0,0,0,0,0,0,0,0,0,0,0,0,0,0,0,0,0,0,0,0,39.9883,-75.254, , 
 ,16026,2016062660,6,67,67301,2016,5,1,1545,15,1,1,0,1,1, , ,N,0,2,0,3,0,2,3,2,N, ,40 04:20.504,75 00:49.001,1550, ,1545,2,1,3, , ,3,N, , , , ,197922, , , ,2,2,0,0,0,0,0,0,0,0,1,1,2,0,0,0,0,0,0,0,1,1,0,0,0,0,0,0,0,0,0,0,0,0,0,3,0,40.0724,-75.0136, , 
 ,16027,2016090292,6,67,67301,2016,8,4,1200,12,1,1,0,8,1, , ,N,0,0,0,3,0,1,2,2,N, ,39 57:23.287,75 09:45.882,1220, ,1215, ,0, , , ,0, , , , , ,197951, , , ,1,0,0,0,1,0,0,0,0,0,0,0,1,1,0,0,0,0,0,0,1,0,0,0,0,0,0,0,0,0,0,0,1,0,0,8,0,39.9564,-75.1628, , 
 ,16028,2016080855,6,67,67301,2016,6,4,1000,10,1,1,0,4,1, , ,N,1,2,0,3,0,1,4,2,N,N,39 58:09.149,75 11:04.199,1015, ,1000,1,1,1,N, ,3,N, , , , ,197973, , , ,2,0,0,0,0,0,1,1,0,0,0,1,1,0,0,0,0,0,0,0,2,0,0,0,0,0,0,0,0,0,0,0,0,0,0,4,0,39.9693,-75.1846, , 
 ,16029,2016058502,6,67,67301,2016,5,2,624,6,1,1,0,5,6, , ,N,0,0,0,3,0,1,1,3,N,N,39 57:44.442,75 14:04.952,630, ,625, ,0, ,N, ,0, , , , , ,198017, , , ,3,2,0,0,0,0,1,0,0,0,0,0,1,1,0,0,0,0,0,0,0,1,0,1,0,0,0,0,0,0,0,0,0,0,0,8,0,39.9623,-75.2347, , 
 ,16030,2016058632,6,67,67301,2016,5,2,719,7,1,1,0,4,1, , ,N,1,3,0,3,0,0,2,2,N,N,40 00:05.127,75 09:05.620,740, ,719, ,0, ,N, ,3, , , , , ,198018, , , ,2,1,0,0,0,0,1,0,0,0,0,0,0,0,0,0,0,0,0,0,0,0,0,2,0,0,0,0,0,0,0,0,0,0,0,0,0,40.0014,-75.1516, , 
 ,16031,2016094655,6,67,67301,2016,9,4,1128,11,1,1,0,1,1, , ,N,0,0,0,3,0,1,2,2,Y,N,39 57:34.430,75 10:31.223,1133, ,1133,1,2,4, , ,0,N, , , , ,198024, , , ,2,0,0,1,0,0,1,0,0,0,1,0,1,0,1,0,0,0,0,0,1,0,0,0,0,0,0,0,0,0,0,0,0,0,0,3,1,39.9596,-75.1753, , 
 ,16032,2016061273,6,67,67301,2016,5,1,1115,11,1,1,0,1,1, , ,N,0,0,0,3,0,1,7,4,N,N,39 58:36.255,75 11:51.127,1124, ,1115, ,0, , , ,0, , , , , ,192664, , , ,4,4,0,0,0,0,0,0,0,0,0,0,1,1,0,0,0,0,0,0,0,1,0,0,0,0,0,0,0,0,0,0,0,0,0,8,0,39.9767,-75.1975, , 
 ,16033,2016083337,6,67,67301,2016,7,4,1320,13,1,1,0,8,1, , ,N,0,0,0,3,0,1,2,2,N, ,40 01:28.567,75 05:37.410,1355, ,1346, ,0, , , ,0, , , , , ,192683, , , ,1,1,0,0,0,0,0,0,0,0,0,1,1,0,0,0,0,0,0,0,0,0,0,1,0,0,0,0,0,0,0,0,1,0,0,4,0,40.0246,-75.0937, , 
 ,16034,2016082340,6,67,67301,2016,7,2,1841,18,4,2,1,8,1, , ,N,2,3,0,3,0,1,2,2,N,N,39 59:20.032,75 06:58.690,2045, ,2034, ,0, ,N, ,3, , , , , ,192684, , , ,1,0,0,0,0,0,0,1,0,0,0,1,1,0,0,0,0,0,0,0,0,0,0,1,0,0,0,0,0,0,0,0,1,0,0,4,0,39.9889,-75.1163, , 
 ,16035,2016092090,6,67,67301,2016,8,7,1801,18,1,1,0,1,1, , ,N,1,3,0,3,0,1,3,3,N,N,39 59:39.789,75 07:48.568,1836, ,1836, ,0, ,N, ,3, , , , , ,192686, , , ,3,1,0,0,0,0,1,1,0,0,0,0,1,1,0,0,0,0,0,0,0,0,0,2,0,0,0,0,0,0,0,0,0,0,0,8,0,39.9944,-75.1302, , 
 ,16036,2016099552,6,67,67301,2016,9,6,1709,17,1,1,0,4,1, , ,N,0,2,7,3,0,3,6,4,N,N,40 07:11.466,75 01:02.573,1711, ,1711,9,2,3,N, ,3,N, , , , ,192694, , , ,4,2,0,0,0,0,2,0,0,0,1,2,3,0,1,0,0,1,0,0,0,0,1,0,0,0,0,0,0,0,0,0,0,0,0,3,0,40.1199,-75.0174, , 
 ,16037,2016063480,6,67,67301,2016,5,2,11,0,3,1,0,4,1, , ,N,0,0,0,3,0,2,3,3,N,N,39 56:45.317,75 14:46.137,16, ,11, ,0, ,N, ,0, , , , , ,192709, , , ,3,3,0,0,0,0,0,0,0,0,0,0,2,2,0,0,0,0,0,1,0,0,0,1,0,0,0,0,0,0,0,0,0,0,0,8,0,39.9459,-75.2461, , 
 ,16038,2016064149,6,67,67301,2016,6,1,1918,19,1,1,0,1,1, , ,N,0,0,0,3,0,1,5,4,N,N,39 57:33.870,75 10:26.726,1923, ,1918,1,1,4, , ,0,N, , , , ,192711, , , ,4,1,3,0,0,0,0,0,0,0,0,0,1,1,0,0,0,0,0,0,0,0,0,0,0,0,0,0,0,0,0,0,0,0,0,8,0,39.9594,-75.1741, , 
 ,16039,2016064051,6,67,67301,2016,6,4,1956,19,3,1,0,6,1, , ,N,0,0,0,3,0,3,3,2,N,N,39 58:19.604,75 11:23.560,2003, ,2003,2,1,2,N, ,0,N, , , , ,192716, , , ,2,1,0,0,0,0,1,0,0,0,0,3,3,0,0,0,1,0,0,0,0,0,0,0,0,0,0,0,0,0,0,0,0,0,0,4,0,39.9721,-75.1899, , 
 ,16040,2016080443,6,67,67301,2016,7,3,9999,99,1,1,0,4,1, , ,N,0,0,7,3,0,2,2,2,N,N,40 01:50.872,75 04:23.970,9999, ,1317, ,0, ,N, ,0, , , , , ,192724, , , ,2,2,0,0,0,0,0,0,0,0,1,1,2,0,0,0,0,0,0,0,0,0,0,0,0,0,0,0,0,0,0,0,0,0,0,3,0,40.0308,-75.0733, , 
 ,16041,2016082324,6,67,67301,2016,7,7,1515,15,1,1,0,1,1, , ,N,2,0,0,3,0,4,5,4,N, ,39 56:17.084,75 13:30.759,1635, ,1628, ,0, , , ,0, , , , , ,192725, , , ,4,2,0,0,0,0,1,0,0,0,1,3,4,0,1,0,0,0,0,0,0,0,0,1,0,0,0,0,0,0,0,0,0,0,0,3,0,39.9381,-75.2252, , 
 ,16042,2016097089,6,67,67301,2016,8,1,1303,13,1,1,0,8,1, , ,N,0,0,0,3,0,1,2,2,N, ,40 00:09.910,75 07:33.704,1308, ,1303, ,0, , , ,0, , , , , ,192734, , , ,1,1,0,0,0,0,0,0,0,0,1,0,1,0,0,0,0,0,0,0,0,0,0,0,0,0,0,0,0,0,0,0,1,0,0,3,0,40.0028,-75.126, , 
 ,16043,2016091191,6,67,67301,2016,8,1,2013,20,3,1,7,7,4, , ,N,0,0,0,3,0,2,4,2,N,N,39 55:00.720,75 08:51.830,2018, ,2018,2,2,2, , ,0,N, , , , ,192735, , , ,2,1,0,0,0,0,1,0,0,0,2,0,2,0,0,0,0,0,0,0,0,0,0,0,0,0,0,0,0,0,0,0,0,0,0,3,0,39.9193,-75.1481, , 
 ,16044,2016114000,6,67,67301,2016,11,3,2015,20,3,1,0,7,4, , ,N,0,0,0,3,0,1,1,1,N,N,39 56:48.544,75 11:45.542,2025, ,2020, ,0, ,N, ,0, , , , , ,192753, , , ,1,1,0,0,0,0,0,0,0,0,1,0,1,0,0,0,0,0,0,0,0,0,0,0,0,0,0,0,0,0,0,0,0,0,0,3,0,39.9468,-75.196, , 
 ,16045,2016080385,6,67,67301,2016,7,4,1115,11,1,2,1,1,1, , ,N,0,0,0,3,0,2,4,3,N,N,39 56:20.575,75 11:26.816,1120, ,1118, ,0, ,N, ,0, , , , , ,192785, , , ,3,1,0,0,1,0,1,0,0,0,0,2,2,0,0,0,0,0,0,1,0,0,0,0,0,0,0,0,0,0,0,0,0,0,0,4,0,39.939,-75.1908, , 
 ,16046,2016080725,6,67,67301,2016,6,4,1455,14,1,1,0,4,1, , ,N,1,3,0,3,0,0,2,2,N,N,39 57:38.640,75 11:51.990,1502, ,1501,3,1,6,N, ,3,N, , , , ,192786, , , ,2,0,0,0,1,0,1,0,0,0,0,0,0,0,0,0,0,0,0,0,0,0,0,0,0,0,0,0,0,0,0,0,0,0,0,0,0,39.9607,-75.1978, , 
 ,16047,2016082197,6,67,67301,2016,7,7,1855,18,4,2,1,4,1, , ,N,1,2,0,3,0,1,3,2,N,N,40 01:57.808,75 04:19.924,1903, ,1901, ,0, , , ,3, , , , , ,192787, , , ,2,2,0,0,0,0,0,0,0,0,0,1,1,0,0,0,0,0,0,0,1,0,0,0,0,0,0,0,0,0,0,0,0,0,0,4,0,40.0327,-75.0722, , 
 ,16048,2016080645,6,67,67301,2016,7,1,200,2,3,1,0,5,6, , ,N,0,0,0,3,0,0,1,2,N, ,39 55:23.044,75 13:12.554,1654, ,1651, ,0, , , ,0, , , , , ,192794, , , ,2,0,0,0,1,0,0,0,0,0,0,0,0,0,0,0,0,0,0,0,0,0,0,0,0,0,0,0,0,0,0,0,0,0,0,0,0,39.9231,-75.2202, , 
 ,16049,2016087208,6,67,67301,2016,7,5,2104,21,3,1,0,1,1, , ,N,1,3,0,3,0,2,3,2,N, ,39 56:41.474,75 14:39.627,2110, ,2106, ,0, ,N, ,3, , , , , ,192795, , , ,2,1,0,0,0,0,0,0,0,0,0,1,2,1,0,0,0,0,0,0,0,0,0,0,0,0,0,0,0,0,0,0,0,0,0,4,0,39.9449,-75.2443, , 
 ,16050,2016058561,6,67,67301,2016,5,6,1000,10,1,1,0,1,1, , ,N,0,0,1,3,0,1,2,2,N,N,39 58:55.363,75 07:00.680,1007, ,1000, ,0, , , ,0, , , , , ,194982, , , ,1,0,0,0,1,0,0,0,1,0,1,0,1,0,0,0,0,0,0,0,0,0,1,1,0,0,0,0,0,0,0,0,0,0,0,3,0,39.982,-75.1169, , 
 ,16051,2016080699,6,67,67301,2016,7,1,102,1,3,1,0,5,6, , ,N,0,0,0,3,0,0,1,3,N, ,39 58:53.875,75 10:52.356,122, ,116, ,0, , , ,0, , , , , ,194997, , , ,3,3,0,0,0,0,0,0,0,0,0,0,0,0,1,0,0,0,0,0,0,0,0,0,0,0,0,0,0,0,0,0,0,0,0,9,0,39.9816,-75.1812, , 
 ,16052,2016091661,6,67,67301,2016,8,6,720,7,1,1,0,4,1, , ,N,1,2,0,3,0,1,2,2,N,N,39 58:10.453,75 12:41.538,758, ,256, ,0, ,N, ,3, , , , , ,195013, , , ,2,1,0,0,0,0,1,0,0,0,0,0,1,1,0,0,0,0,0,0,1,0,0,0,0,0,0,0,0,0,0,0,0,0,0,8,0,39.9697,-75.2115, , 
 ,16053,2016062781,6,67,67301,2016,6,7,1355,13,1,1,0,1,1, , ,N,0,0,0,3,0,1,5,3,N,N,40 01:38.272,75 01:31.486,1445, ,1405,2,2,2, , ,0,N, , , , ,195021, , , ,3,2,0,0,0,0,1,0,0,0,1,0,1,0,0,0,0,0,0,1,0,0,0,0,0,0,0,0,0,0,0,0,0,0,0,3,0,40.0273,-75.0254, , 
 ,16054,2016063980,6,67,67301,2016,6,3,1915,19,4,1,0,8,1, , ,N,0,0,0,3,0,1,5,2,N, ,40 01:43.114,75 09:58.698,1923, ,1920, ,0, , , ,0, , , , , ,195036, , , ,1,0,0,0,0,0,0,1,0,0,0,1,1,0,0,0,0,0,0,0,0,0,0,0,0,0,0,0,0,0,0,0,1,0,0,4,0,40.0286,-75.1663, , 
 ,16055,2016066533,6,67,67301,2016,6,4,1502,15,1,1,0,7,2, , ,N,0,0,0,3,0,0,2,2,N,N,39 58:33.691,75 06:54.081,1602, ,1554, ,0, , , ,0, , , , , ,195040, , , ,2,0,0,0,1,1,0,0,0,0,0,0,0,0,0,0,0,0,0,0,0,0,0,0,0,0,0,0,0,0,0,0,0,0,0,0,1,39.976,-75.115, , 
 ,16056,2016063995,6,67,67301,2016,5,3,1254,12,1,1,0,4,1, , ,N,2,3,7,3,0,1,2,2,N, ,39 57:58.978,75 13:54.526,1300, ,1200, ,0, , , ,3, , , , , ,195082, , , ,2,1,0,0,0,0,0,0,0,0,0,1,1,0,0,0,0,0,0,0,0,0,0,0,0,0,0,0,0,0,0,0,0,0,0,4,0,39.9664,-75.2318, , 
 ,16057,2016112114,6,67,67301,2016,10,3,2028,20,3,1,0,1,1, , ,N,0,0,0,3,0,0,3,3,N,N,40 02:39.260,75 03:13.765,2050, ,2047, ,0, ,N, ,0, , , , , ,195114, , , ,3,3,0,0,0,0,0,0,0,0,0,0,0,0,0,0,0,0,0,0,0,0,0,0,0,0,0,0,0,0,0,0,0,0,0,0,0,40.0442,-75.0538, , 
 ,16058,2016061932,6,67,67301,2016,6,7,729,7,1,1,0,4,1, , ,N,1,2,0,3,0,0,2,2,N,N,39 57:22.453,75 11:38.974,732, ,729, ,0, ,N, ,3, , , , , ,195120, , , ,2,0,0,0,0,0,1,1,0,0,0,0,0,0,0,0,0,0,0,0,0,0,0,0,0,0,0,0,0,0,0,0,0,0,0,0,0,39.9562,-75.1941, , 
 ,16059,2016099584,6,67,67301,2016,4,4,1118,11,1,1,0,4,1, , ,N,1,2,0,3,0,1,2,2,N, ,39 56:42.529,75 09:00.115,1128, ,1121, ,0, , , ,3, , , , , ,195151, , , ,2,1,0,0,1,0,0,0,0,0,0,1,1,0,0,0,0,0,0,0,1,0,0,1,0,0,0,0,0,0,0,0,0,0,0,4,0,39.9451,-75.15, , 
 ,16060,2016099661,6,67,67301,2016,9,6,1120,11,1,1,0,4,1, , ,N,1,2,0,3,0,1,4,2,N,N,40 05:40.718,75 00:54.707,1134, ,1121,1,1,1,N, ,3,N, , , , ,195159, , , ,2,2,0,0,0,0,0,0,0,0,0,0,1,1,0,0,0,0,0,1,0,0,0,0,0,0,0,0,0,0,0,0,0,0,0,8,0,40.0946,-75.0152, , 
 ,16061,2016061694,6,67,67301,2016,6,6,2245,22,3,1,0,1,1, , ,N,0,0,0,3,0,0,2,2,N,N,39 55:37.097,75 11:41.946,2259, ,2251,1,2,4, , ,0,N, , , , ,195166, , , ,2,2,0,0,0,0,0,0,0,0,0,0,0,0,0,0,0,0,0,0,0,0,0,0,0,0,0,0,0,0,0,0,0,0,0,0,0,39.927,-75.195, , 
 ,16062,2016081913,6,67,67301,2016,7,3,1959,19,1,1,0,7,3, , ,N,0,0,0,3,0,1,1,1,N,N,39 53:09.515,75 12:39.404,2010, ,1959,1,1,2, , ,0,Y, , , , ,195172, , , ,1,1,0,0,0,0,0,0,0,0,0,0,1,1,0,0,0,0,0,0,0,0,0,0,0,0,0,0,0,0,0,0,0,0,0,8,0,39.886,-75.2109, , 
 ,16063,2016082190,6,67,67301,2016,8,2,1750,17,1,1,0,1,1, , ,N,0,2,0,3,0,1,2,2,N,N,40 01:05.226,75 04:56.967,1758, ,1756, ,0, , , ,3, , , , , ,195173, , , ,2,2,0,0,0,0,0,0,0,0,1,0,1,0,0,0,0,0,0,0,1,0,0,1,0,0,0,0,0,0,0,0,0,0,0,3,0,40.0181,-75.0825, , 
 ,16064,2016097729,6,67,67301,2016,8,1,800,8,1,1,0,4,1, , ,N,1,2,0,3,0,0,2,2,N,N,39 57:22.420,75 09:45.641,828, ,826,1,2,2, , ,3,Y, , , , ,195184, , , ,2,2,0,0,0,0,0,0,0,0,0,0,0,0,0,0,0,0,0,0,1,0,0,0,0,0,0,0,0,0,0,0,0,0,0,0,0,39.9562,-75.1627, , 
 ,16065,2016108524,6,67,67301,2016,9,6,1709,17,1,2,1,5,6, , ,N,0,0,0,3,0,0,1,3,N,N,40 01:26.253,75 02:24.913,1716, ,1713, ,0, ,N, ,0, , , , , ,195194, , , ,3,1,0,0,0,0,1,1,0,0,0,0,0,0,1,0,0,0,0,0,0,0,0,0,0,0,0,0,0,0,0,0,0,0,0,9,0,40.024,-75.0403, , 
 ,16066,2016060842,6,67,67301,2016,5,6,9999,99,1,1,0,4,1, , ,N,2,2,0,3,0,1,4,2,N, ,40 00:26.790,75 07:30.627,0, ,9999, ,0, , , ,3, , , , , ,195213, , , ,2,1,1,0,0,0,0,0,0,1,0,0,1,0,0,0,0,0,0,0,0,0,0,3,0,0,0,0,0,1,0,0,0,0,0,2,0,40.0074,-75.1252, , 
 ,16067,2016084653,6,67,67301,2016,8,6,654,6,1,1,0,4,1, , ,N,0,2,7,3,0,0,2,2,N,N,40 06:05.448,75 00:21.920,703, ,655,2,1,1,N, ,3,N, , , , ,195244, , , ,2,1,0,0,0,0,1,0,0,0,0,0,0,0,0,0,0,0,0,0,1,0,0,0,0,0,0,0,0,0,0,0,0,0,0,0,0,40.1015,-75.0061, , 
 ,16068,2016087124,6,67,67301,2016,8,6,1630,16,1,1,0,8,1, , ,N,1,2,0,3,0,1,2,2,N, ,40 00:03.096,75 06:37.169,9999, ,1630, ,0, , , ,3, , , , , ,195245, , , ,1,0,0,0,1,0,0,0,0,0,0,1,1,0,0,0,0,0,0,0,0,0,0,1,0,0,0,0,0,0,0,0,1,0,0,4,0,40.0009,-75.1103, , 
 ,16069,2016099525,6,67,67301,2016,9,7,630,6,5,1,0,4,1, , ,N,1,2,0,3,0,2,3,2,N,N,40 02:19.773,75 08:37.097,735, ,730, ,0, ,N, ,3, , , , , ,200360, , , ,2,0,0,0,1,0,1,0,0,0,0,2,2,0,0,0,0,0,0,0,0,1,0,1,0,0,0,0,0,0,0,0,0,0,0,4,0,40.0388,-75.1436, , 
 ,16070,2016106339,6,67,67301,2016,9,7,2340,23,3,1,0,4,1, , ,N,1,2,0,3,0,2,3,2,N,N,39 58:30.316,75 11:41.875,116, ,109, ,0, ,N, ,3, , , , , ,200363, , , ,2,1,0,0,0,0,1,0,0,0,0,2,2,0,0,0,0,0,0,1,0,0,0,1,0,0,0,0,0,0,0,0,0,0,0,4,0,39.9751,-75.195, , 
 ,16071,2016117199,6,67,67301,2016,10,7,220,2,3,1,0,5,6, , ,N,0,0,0,3,0,0,3,3,N,N,39 58:00.473,75 11:30.004,228, ,222, ,0, ,N, ,0, , , , , ,200366, , , ,3,2,0,0,0,0,0,0,0,0,0,0,0,0,0,0,0,0,0,0,0,0,0,0,0,0,0,0,0,0,0,0,0,0,0,0,0,39.9668,-75.1917, , 
 ,16072,2016126183,6,67,67301,2016,11,1,600,6,5,1,0,8,1, , ,N,0,0,0,3,0,1,2,2,N,N,40 00:04.991,75 06:36.866,830, ,817, ,0, , , ,0, , , , , ,200368, , , ,1,0,0,0,0,0,0,0,0,0,0,1,1,0,1,0,0,0,0,0,0,0,0,0,0,0,0,0,0,0,0,0,1,0,0,4,0,40.0014,-75.1102, , 
 ,16073,2016067548,6,67,67301,2016,7,2,2035,20,3,2,1,1,1, , ,N,1,2,0,3,0,1,2,2,N,N,39 58:43.230,75 09:28.092,2040, ,2035,1,1,1,N, ,3,N, , , , ,200376, , , ,2,2,0,0,0,0,0,0,0,0,1,0,1,0,0,0,0,0,0,0,0,1,0,1,0,0,0,0,0,0,0,0,0,0,0,3,0,39.9787,-75.1578, , 
 ,16074,2016080390,6,67,67301,2016,6,1,1835,18,1,1,0,4,1, , ,N,1,3,0,3,0,1,2,2,N,N,40 00:46.191,75 09:16.516,1905, ,1905, ,0, ,N, ,3, , , , , ,200392, , , ,2,2,0,0,0,0,0,0,0,0,0,0,1,1,0,0,0,0,0,0,1,0,1,0,0,0,0,0,0,0,0,0,0,0,0,8,0,40.0128,-75.1546, , 
 ,16075,2016088642,6,67,67301,2016,8,3,1547,15,1,1,0,1,1, , ,N,0,0,0,3,0,2,2,2,N,N,39 58:58.186,75 15:48.323,1547, ,1547, ,0, , , ,0, , , , , ,200401, , , ,2,0,0,0,0,0,2,0,0,0,0,1,2,1,0,0,0,0,0,0,2,0,0,0,0,0,0,0,0,0,0,0,0,0,0,4,0,39.9828,-75.2634, , 
 ,16076,2016087184,6,67,67301,2016,8,1,2119,21,6,1,0,6,1, , ,N,1,2,0,3,0,1,2,2,N, ,39 56:20.022,75 13:47.207,9999, ,9999, ,0, , , ,3, , , , , ,200415, , , ,2,0,1,0,0,0,0,0,0,0,1,0,1,0,0,0,1,0,0,0,0,0,0,0,0,0,0,0,0,0,0,0,0,0,0,3,0,39.9389,-75.2298, , 
 ,16077,2016060953,6,67,67301,2016,6,7,255,2,3,1,0,5,1, , ,N,0,0,0,3,0,3,4,2,N,N,39 53:04.900,75 14:37.554,308, ,257, ,0, , , ,0, , , , , ,200420, , , ,2,1,0,0,0,0,1,0,0,0,3,0,3,0,0,0,0,0,0,0,0,0,0,0,0,0,0,0,0,0,0,0,0,0,0,3,0,39.8847,-75.2438, , 
 ,16078,2016064880,6,67,67301,2016,6,7,1715,17,1,1,0,0,1, , ,N,2,0,0,3,0,0,1,2,N,N,40 03:05.961,75 07:10.412,1726, ,1721, ,0, ,N, ,0, , , , , ,200425, , , ,1,0,1,0,0,0,0,0,0,0,0,0,0,0,0,0,0,0,0,0,0,0,0,0,0,0,0,0,0,0,0,0,0,0,0,0,0,40.0517,-75.1196, , 
 ,16079,2016084740,6,67,67301,2016,8,6,1748,17,1,1,0,5,1, , ,N,0,0,0,3,0,1,7,2,N,N,39 59:37.788,75 11:57.049,1759, ,1753,2,1,4, , ,0,N, , , , ,200440, , , ,2,1,0,0,0,0,1,0,0,0,0,0,1,1,0,0,0,0,0,0,1,0,0,0,0,0,0,0,0,0,0,0,0,0,0,8,0,39.9938,-75.1992, , 
 ,16080,2016091664,6,67,67301,2016,8,6,1400,14,1,1,0,4,1, , ,N,1,2,0,3,0,0,4,2,N, ,39 57:15.859,75 09:47.045,1520, ,1511, ,0, , , ,3, , , , , ,200453, , , ,2,1,0,0,0,0,1,0,0,0,0,0,0,0,0,0,0,0,0,0,1,0,0,0,0,0,0,0,0,0,0,0,0,0,0,0,0,39.9544,-75.1631, , 