wz_ln_closure,objectid_1,crn,district,county,municipality,crash_year,crash_month,day_of_week,time_of_day,hour_of_day,illumination,weather,road_condition,collision_type,relation_to_road,work_zone_type,work_zone_loc,work_zone_ind,intersect_type,tcd_type,location_type,urban_rural,fatal_count,injury_count,person_count,total_units,sch_bus_ind,sch_zone_ind,latitude,longitude,arrival_tm,cons_zone_spd_lim,dispatch_tm,est_hrs_closed,lane_closed,ln_close_dir,ntfy_hiwy_maint,spec_juris_cd,tcd_func_cd,tfc_detour_ind,workers_pres,wz_close_detour,wz_flagger,wz_law_offcr_ind,objectid,wz_moving,wz_other,wz_shlder_mdn,vehicle_count,automobile_count,motorcycle_count,bus_count,small_truck_count,heavy_truck_count,suv_count,van_count,bicycle_count,maj_inj_count,mod_inj_count,min_inj_count,tot_inj_count,unk_inj_deg_count,unk_inj_per_count,driver_count_16yr,driver_count_17yr,driver_count_18yr,driver_count_19yr,driver_count_20yr,driver_count_50_64yr,driver_count_65_74yr,driver_count_75plus,unbelted_occ_count,unb_death_count,unb_maj_inj_count,belted_death_count,belted_maj_inj_count,mcycle_death_count,mcycle_maj_inj_count,bicycle_death_count,bicycle_maj_inj_count,ped_count,ped_death_count,ped_maj_inj_count,max_severity_level,comm_veh_count,dec_lat,dec_long,rdwy_surf_type_cd,county_name
 ,16081,2016105533,6,67,67301,2016,9,5,1200,12,1,1,0,1,1, , ,N,0,0,0,3,0,2,4,3,N,N,39 58:49.400,75 10:15.922,9999, ,1210, ,0, ,N, ,0, , , , , ,200460, , , ,3,1,0,0,0,0,0,2,0,0,0,0,2,2,0,0,0,0,0,0,0,0,0,2,0,0,0,0,0,0,0,0,0,0,0,8,0,39.9804,-75.1711, , 
 ,16082,2016052328,6,67,67301,2016,5,2,28,0,3,1,1,7,2, , ,N,0,0,0,3,0,4,4,1,N, ,40 01:09.600,75 10:14.700,33, ,30,2,2,2, , ,0,Y, , , , ,200468, , , ,1,0,0,0,0,0,1,0,0,0,0,1,4,3,0,0,0,0,0,0,0,0,0,0,0,0,0,0,0,0,0,0,0,0,0,4,0,40.0193,-75.1708, , 
 ,16083,2016058540,6,67,67301,2016,5,7,1902,19,3,2,1,4,1, , ,N,2,3,0,3,0,2,4,2,N,N,39 59:49.797,75 06:25.448,1930, ,1925, ,0, ,N, ,3, , , , , ,200472, , , ,2,2,0,0,0,0,0,0,0,0,0,0,2,2,0,0,0,0,0,0,0,0,0,2,0,0,0,0,0,0,0,0,0,0,0,8,0,39.9972,-75.1071, , 
 ,16084,2016105668,6,67,67301,2016,9,4,855,8,1,1,0,1,1, , ,N,1,2,0,3,0,1,2,2,N,N,39 57:16.399,75 10:52.674,1022, ,1021, ,0, ,N, ,3, , , , , ,200479, , , ,2,2,0,0,0,0,0,0,0,0,0,0,1,1,0,0,0,0,0,1,0,0,0,0,0,0,0,0,0,0,0,0,0,0,0,8,0,39.9546,-75.1813, , 
 ,16085,2016063936,6,67,67301,2016,6,5,2230,22,3,1,0,4,1, , ,N,1,3,0,3,0,0,3,2,N, ,39 59:07.893,75 06:13.548,2240, ,2240, ,0, , , ,3, , , , , ,200516, , , ,2,1,0,0,0,0,1,0,0,0,0,0,0,0,0,0,1,0,0,0,0,0,0,0,0,0,0,0,0,0,0,0,0,0,0,0,0,39.9855,-75.1038, , 
 ,16086,2016068666,6,67,67301,2016,6,2,1421,14,1,1,0,4,1, , ,N,1,2,0,3,0,0,1,4,N,N,40 00:07.236,75 09:22.067,1430, ,1424,1,1,4,N, ,2,N, , , , ,200519, , , ,4,3,0,0,0,0,1,0,0,0,0,0,0,0,0,0,0,0,0,0,0,0,0,0,0,0,0,0,0,0,0,0,0,0,0,0,0,40.002,-75.1561, , 
 ,16087,2016088621,6,67,67301,2016,8,1,25,0,3,1,0,1,6, , ,N,0,0,0,3,0,0,1,4,N,N,40 07:18.523,75 01:45.462,30, ,30, ,0, , , ,0, , , , , ,198033, , , ,4,1,0,0,2,0,1,0,0,0,0,0,0,0,0,0,0,0,0,0,0,0,0,1,0,0,0,0,0,0,0,0,0,0,0,0,0,40.1218,-75.0293, , 
 ,16088,2016109069,6,67,67301,2016,10,7,935,9,1,1,0,1,1, , ,N,1,2,0,3,0,0,3,3,N,N,40 01:17.486,75 08:23.326,1020, ,1013, ,0, , , ,3, , , , , ,198042, , , ,3,1,0,0,0,0,2,0,0,0,0,0,0,0,0,0,0,0,0,0,2,0,0,2,0,0,0,0,0,0,0,0,0,0,0,0,0,40.0215,-75.1398, , 
 ,16089,2016053267,6,67,67301,2016,5,1,1736,17,1,1,0,8,1, , ,N,0,0,0,3,0,1,2,2,N,N,39 57:29.156,75 13:52.539,1755, ,1736,9,1,2, , ,0,N, , , , ,198060, , , ,1,1,0,0,0,0,0,0,0,0,0,1,1,0,0,0,0,1,0,0,0,0,0,0,0,0,0,0,0,0,0,0,1,0,0,4,0,39.9581,-75.2313, , 
 ,16090,2016053658,6,67,67301,2016,5,3,1742,17,1,1,0,7,4, , ,N,3,3,0,3,0,5,5,2,N,N,40 01:15.855,75 09:27.038,1946, ,1744,2,2,4, , ,3,Y, , , , ,198061, , , ,2,1,0,0,0,0,1,0,0,0,0,5,5,0,0,0,0,0,0,0,0,0,0,0,0,0,0,0,0,0,0,0,0,0,0,4,0,40.0211,-75.1575, , 
 ,16091,2016028334,6,67,67301,2016,2,7,1711,17,1,1,0,8,1, , ,N,0,0,0,3,0,1,2,2,N,N,40 02:51.719,75 05:43.771,9999, ,9999,1,1,6,N, ,0,Y, , , , ,198080, , , ,1,1,0,0,0,0,0,0,0,0,0,1,1,0,0,0,0,0,0,0,0,0,0,0,0,0,0,0,0,0,0,0,1,0,0,4,0,40.0477,-75.0955, , 
 ,16092,2016028337,6,67,67301,2016,2,7,9999,99,6,1,0,8,1, , ,N,1,0,0,3,0,1,2,2,N,N,40 03:56.998,75 09:42.220,1907, ,1902, ,0, ,N, ,0, , , , , ,198081, , , ,1,1,0,0,0,0,0,0,0,0,1,0,1,0,0,0,0,0,0,0,0,0,1,0,0,0,0,0,0,0,0,0,1,0,0,3,0,40.0658,-75.1617, , 
 ,16093,2016028842,6,67,67301,2016,3,2,940,9,1,1,0,1,1, , ,N,0,0,0,3,0,1,4,2,N,N,39 59:28.449,75 12:13.835,948, ,942, ,0, , , ,0, , , , , ,198084, , , ,2,1,0,0,0,0,1,0,0,0,0,0,1,1,0,0,0,0,0,0,0,0,1,0,0,0,0,0,0,0,0,0,0,0,0,8,0,39.9912,-75.2038, , 
 ,16094,2016050845,6,67,67301,2016,1,5,30,0,3,1,0,4,1, , ,N,1,2,0,3,0,1,2,2,N,N,39 58:17.205,75 09:33.736,0, ,0, ,0, ,N, ,3, , , , , ,198104, , , ,2,1,0,0,0,0,0,0,0,0,0,0,1,1,0,0,0,0,0,0,1,0,0,1,0,0,0,0,0,0,0,0,0,0,0,8,0,39.9714,-75.1594, , 
 ,16095,2016058556,6,67,67301,2016,5,6,1053,10,1,1,0,4,1, , ,N,5,2,1,3,0,1,3,2,N,N,39 59:15.241,75 07:46.639,1058, ,1057, ,0, ,N, ,3, , , , , ,198118, , , ,1,1,0,0,0,0,0,0,1,0,0,1,1,0,0,0,0,0,0,0,0,0,0,0,0,0,0,0,0,0,0,0,0,0,0,4,0,39.9876,-75.1296, , 
 ,16096,2016060849,6,67,67301,2016,5,1,9999,99,3,2,1,4,1, , ,N,5,2,0,3,0,1,2,2,N, ,40 01:24.135,75 05:04.142,9999, ,9999,1,2,4, , ,3,Y, , , , ,198120, , , ,2,1,1,0,0,0,0,0,0,0,0,1,1,0,0,0,0,0,0,0,0,0,0,0,0,0,0,0,0,0,0,0,0,0,0,4,0,40.0234,-75.0845, , 
 ,16097,2016062540,6,67,67301,2016,5,3,1414,14,1,1,0,1,1, , ,N,1,2,0,3,0,1,3,2,N,N,39 53:40.603,75 14:12.181,1414, ,1414, ,0, ,N, ,3, , , , , ,198122, , , ,2,2,0,0,0,0,0,0,0,0,0,0,1,1,0,0,0,0,0,0,2,0,0,0,0,0,0,0,0,0,0,0,0,0,0,8,0,39.8946,-75.2367, , 
 ,16098,2016065647,6,67,67301,2016,6,6,750,7,1,1,0,4,1, , ,N,0,0,7,3,0,1,2,2,N,N,40 03:22.608,75 09:35.169,812, ,800, ,0, ,N, ,0, , , , , ,198125, , , ,2,2,0,0,0,0,0,0,0,0,0,0,1,1,0,0,0,0,0,0,0,0,0,0,0,0,0,0,0,0,0,0,0,0,0,8,0,40.0563,-75.1598, , 
 ,16099,2016067300,6,67,67301,2016,6,1,1450,14,1,1,0,1,1, , ,N,0,0,0,3,0,2,2,2,N,N,39 59:57.687,75 11:42.760,1510, ,1500, ,0, , , ,0, , , , , ,198128, , , ,2,1,0,0,1,0,0,0,0,0,0,0,2,2,0,0,0,0,0,0,0,0,0,0,0,0,0,0,0,0,0,0,0,0,0,8,0,39.9994,-75.1952, , 
 ,16100,2016072928,6,67,67301,2016,7,3,1435,14,1,1,0,7,4, , ,N,0,0,0,3,0,0,1,1,N,N,39 56:34.499,75 08:35.337,1440, ,1437,2,2,2, , ,0,N, , , , ,198130, , , ,1,1,0,0,0,0,0,0,0,0,0,0,0,0,0,0,0,0,0,0,0,0,0,0,0,0,0,0,0,0,0,0,0,0,0,0,0,39.9429,-75.1431, , 
 ,16101,2016080589,6,67,67301,2016,7,6,955,9,1,1,0,4,1, , ,N,1,2,0,3,0,1,2,2,N, ,39 58:38.125,75 09:29.199,955, ,955, ,0, , , ,3, , , , , ,198139, , , ,2,1,0,0,0,1,0,0,0,0,0,1,1,0,0,0,0,0,0,0,2,0,0,0,0,0,0,0,0,0,0,0,0,0,0,4,1,39.9773,-75.1581, , 
 ,16102,2016097046,6,67,67301,2016,8,3,830,8,1,1,0,8,1, , ,N,0,0,0,3,0,1,2,2,N, ,39 52:54.609,75 14:25.584,831, ,830, ,0, , , ,0, , , , , ,198145, , , ,1,0,0,0,0,1,0,0,0,0,0,1,1,0,0,0,0,0,0,0,0,0,0,0,0,0,0,0,0,0,0,0,1,0,0,4,1,39.8818,-75.2404, , 
 ,16103,2016082403,6,67,67301,2016,7,7,1600,16,1,2,1,8,1, , ,N,1,3,0,3,0,1,2,2,N,N,39 58:25.032,75 13:55.919,1657, ,1653, ,0, ,N, ,3, , , , , ,198146, , , ,1,1,0,0,0,0,0,0,0,0,0,1,1,0,0,0,0,0,0,0,0,0,0,0,0,0,0,0,0,0,0,0,1,0,0,4,0,39.9736,-75.2322, , 
 ,16104,2016062596,6,67,67301,2016,5,4,530,5,1,1,0,4,1, , ,N,1,2,3,3,0,1,2,2,N,N,39 57:29.829,75 09:50.647,547, ,545, ,0, ,N, ,3, , , , , ,198160, , , ,2,0,0,0,1,0,1,0,0,0,0,1,1,0,0,0,0,0,0,0,2,0,0,1,0,0,0,0,0,0,0,0,0,0,0,4,0,39.9583,-75.1641, , 
 ,16105,2016105639,6,67,67301,2016,9,3,2238,22,3,1,0,7,3, , ,N,0,0,0,3,1,1,2,1,N,N,40 01:39.265,75 05:31.285,2250, ,2242,9,2,1,N,0,0,Y, , , , ,192797, , , ,1,1,0,0,0,0,0,0,0,0,1,0,1,0,0,0,0,0,0,0,0,0,0,2,1,0,0,0,0,0,0,0,0,0,0,1,0,40.0276,-75.092,2, 
 ,16106,2016080692,6,67,67301,2016,6,5,1857,18,1,2,1,4,1, , ,N,1,2,0,3,0,0,2,2,N,N,39 58:01.765,75 09:55.285,1914, ,1911,1,1,3,N, ,3,N, , , , ,192819, , , ,2,1,0,0,0,0,1,0,0,0,0,0,0,0,0,0,0,0,0,0,0,0,0,0,0,0,0,0,0,0,0,0,0,0,0,0,0,39.9672,-75.1654, , 
 ,16107,2016080943,6,67,67301,2016,5,3,600,6,1,1,0,2,6, , ,N,0,0,0,3,1,0,1,5,N,N,40 02:17.246,75 04:43.392,605, ,602,3,1,1,N,0,0,N, , , , ,192820, , , ,5,2,0,0,0,0,2,1,0,0,0,0,0,0,0,0,0,0,0,0,0,0,0,0,0,0,0,0,0,0,0,0,0,0,0,1,0,40.0381,-75.0787,2, 
 ,16108,2016097686,6,67,67301,2016,8,3,1500,15,1,1,0,8,6, , ,N,0,0,0,3,0,1,2,2,N, ,40 00:18.558,75 10:49.815,9999, ,9999, ,0, , , ,0, , , , , ,192839, , , ,1,0,0,0,0,0,1,0,0,0,0,1,1,0,0,0,0,0,0,0,0,0,0,1,0,0,0,0,0,0,0,0,1,0,0,4,0,40.0052,-75.1805, , 
 ,16109,2016105621,6,67,67301,2016,9,2,1405,14,1,1,0,8,1, , ,N,1,2,0,3,0,1,2,2,N,N,39 56:39.490,75 09:18.158,1610, ,1608, ,0, , , ,3, , , , , ,192841, , , ,1,1,0,0,0,0,0,0,0,0,0,1,1,0,0,0,0,0,0,0,1,0,0,0,0,0,0,0,0,0,0,0,1,0,0,4,0,39.9443,-75.155, , 
 ,16110,2016105910,6,67,67301,2016,9,3,1736,17,1,1,0,4,1, , ,N,1,2,0,3,0,1,2,2,N, ,40 02:48.951,74 59:34.049,1739, ,1736,2,1,1, , ,3,Y, , , , ,192849, , , ,2,1,0,0,0,0,0,1,0,0,0,0,1,1,0,0,0,0,0,0,1,0,1,0,0,0,0,0,0,0,0,0,0,0,0,8,0,40.0469,-74.9928, , 
 ,16111,2016108628,6,67,67301,2016,10,2,1823,18,1,1,0,3,1, , ,N,0,0,0,3,0,1,2,2,N, ,39 58:24.412,75 12:38.985,1833, ,1827,2,1,4, , ,0,N, , , , ,192851, , , ,2,2,0,0,0,0,0,0,0,0,0,0,1,1,1,0,0,0,0,0,0,0,0,0,0,0,0,0,0,0,0,0,0,0,0,8,0,39.9734,-75.2108, , 
 ,16112,2016105894,6,67,67301,2016,9,4,800,8,1,1,0,4,1, , ,N,1,2,3,3,0,0,2,2,N,N,39 57:31.990,75 10:07.611,846, ,837,2,1,4, , ,3,N, , , , ,192856, , , ,2,1,0,0,0,0,1,0,0,0,0,0,0,0,0,0,0,0,0,0,0,0,0,0,0,0,0,0,0,0,0,0,0,0,0,0,0,39.9589,-75.1688, , 
 ,16113,2016115140,6,67,67301,2016,9,6,1630,16,1,1,0,8,1, , ,N,1,2,0,3,0,1,2,2,N, ,40 00:38.544,75 09:02.934,1645, ,1640, ,0, , , ,3, , , , , ,192857, , , ,1,0,0,0,0,0,1,0,0,0,0,1,1,0,0,0,0,0,0,0,0,1,0,0,0,0,0,0,0,0,0,0,1,0,0,4,0,40.0107,-75.1508, , 
 ,16114,2016080564,6,67,67301,2016,6,3,744,7,1,2,1,8,1, , ,N,0,0,0,3,0,1,2,2,N,N,39 57:04.737,75 10:03.262,755, ,750, ,0, ,N, ,0, , , , , ,192868, , , ,1,0,0,0,1,0,0,0,0,0,0,1,1,0,0,0,0,0,0,0,0,1,0,0,0,0,0,0,0,0,0,0,1,0,0,4,0,39.9513,-75.1676, , 
 ,16115,2016080803,6,67,67301,2016,7,7,845,8,1,1,0,6,6, , ,N,0,0,0,3,0,0,1,4,N,N,40 01:20.239,75 12:50.482,854, ,848, ,0, ,N, ,0, , , , , ,192874, , , ,4,2,0,0,0,1,1,0,0,0,0,0,0,0,0,0,0,0,0,0,0,0,0,0,0,0,0,0,0,0,0,0,0,0,0,0,1,40.0223,-75.214, , 
 ,16116,2016082382,6,67,67301,2016,7,1,9999,99,3,1,0,4,1, , ,N,1,3,0,3,0,1,2,2,N, ,39 59:35.462,75 06:24.911,351, ,355, ,0, , , ,3, , , , , ,192875, , , ,2,2,0,0,0,0,0,0,0,0,0,0,1,1,0,0,0,0,0,1,0,0,0,0,0,0,0,0,0,0,0,0,0,0,0,8,0,39.9932,-75.1069, , 
 ,16117,2016082289,6,67,67301,2016,7,3,1225,12,1,1,0,4,1, , ,N,1,0,0,3,0,1,3,2,N,N,40 01:02.392,75 06:58.530,1230, ,1226, ,0, ,N, ,0, , , , , ,192877, , , ,2,2,0,0,0,0,0,0,0,0,1,0,1,0,0,0,0,0,0,0,0,0,0,1,0,0,0,0,0,0,0,0,0,0,0,3,0,40.0173,-75.1163, , 
 ,16118,2016102691,6,67,67301,2016,10,1,859,8,1,1,0,1,1, , ,N,0,0,0,3,0,5,12,5,N,N,39 53:58.803,75 09:48.193,904, ,900,2,2,2, , ,0,N, , , , ,192881, , , ,5,0,0,0,0,0,4,1,0,0,5,0,5,0,0,0,0,0,1,0,0,0,0,0,0,0,0,0,0,0,0,0,0,0,0,3,0,39.8997,-75.1634, , 
 ,16119,2016099540,6,67,67301,2016,9,4,1555,15,1,1,0,1,6, , ,N,0,0,0,3,0,1,1,3,N, ,39 59:20.774,75 06:24.887,1645, ,1630, ,0, , , ,0, , , , , ,192899, , , ,3,1,0,0,1,0,1,0,0,0,0,0,1,1,0,0,0,0,0,0,0,0,0,0,0,0,0,0,0,0,0,0,0,0,0,8,0,39.9891,-75.1069, , 
 ,16120,2016013873,6,67,67301,2016,1,5,1322,13,1,1,0,1,1, , ,N,1,2,0,3,0,0,2,2,N,N,40 04:20.456,75 09:28.385,1456, ,1456, ,0, , , ,3, , , , , ,192908, , , ,2,1,0,0,0,0,1,0,0,0,0,0,0,0,0,0,0,0,0,0,1,0,0,1,0,0,0,0,0,0,0,0,0,0,0,0,0,40.0723,-75.1579, , 
 ,16121,2016019800,6,67,67301,2016,2,2,1115,11,1,1,0,8,1, , ,N,0,0,7,3,0,1,2,2,N,N,39 57:42.472,75 09:24.404,1135, ,1129, ,0, ,N, ,0, , , , , ,192913, , , ,1,1,0,0,0,0,0,0,0,0,0,1,1,0,0,0,0,0,0,0,0,0,0,0,0,0,0,0,0,0,0,0,1,0,0,4,0,39.9618,-75.1568, , 
 ,16122,2016036501,6,67,67301,2016,3,6,17,0,3,1,0,7,4, , ,N,0,0,0,3,0,1,1,1,N, ,39 56:34.761,75 08:50.262,18, ,17, ,0, , , ,0, , , , , ,192927, , , ,1,1,0,0,0,0,0,0,0,0,0,0,1,1,0,0,0,0,0,0,0,0,0,1,0,0,0,0,0,0,0,0,0,0,0,8,0,39.943,-75.1473, , 
 ,16123,2016032064,6,67,67301,2016,2,6,9999,99,3,4,3,4,1, , ,N,2,3,0,3,0,0,1,3,N,N,39 55:41.527,75 10:47.845,2300, ,2258, ,0, , , ,3, , , , , ,195282, , , ,3,2,0,0,0,0,0,0,0,0,0,0,0,0,0,0,0,0,0,0,0,0,0,1,0,0,0,0,0,0,0,0,0,0,0,0,0,39.9282,-75.18, , 
 ,16124,2016033896,6,67,67301,2016,3,7,1920,19,3,1,0,8,1, , ,N,0,0,0,3,0,1,2,2,N,N,40 04:24.387,75 04:58.825,1935, ,1925, ,0, ,N, ,0, , , , , ,195286, , , ,1,0,0,0,0,0,0,1,0,1,0,0,1,0,0,0,0,0,0,0,0,0,1,0,0,0,0,0,0,0,0,0,1,0,1,2,0,40.0734,-75.083, , 
 ,16125,2016041433,6,67,67301,2016,4,6,845,8,1,2,1,1,1, , ,N,0,2,0,3,0,1,2,2,N, ,39 58:30.848,75 11:41.089,0, ,9999, ,0, , , ,3, , , , , ,195292, , , ,2,2,0,0,0,0,0,0,0,0,0,0,1,1,1,0,0,0,0,0,0,0,0,0,0,0,0,0,0,0,0,0,0,0,0,8,0,39.9752,-75.1947, , 
 ,16126,2016046480,6,67,67301,2016,4,3,740,7,1,1,0,1,1, , ,N,0,0,0,3,0,1,2,2,N,N,40 03:13.158,74 59:10.898,751, ,741, ,0, , , ,0, , , , , ,195296, , , ,2,1,0,0,0,0,1,0,0,0,1,0,1,0,0,0,0,0,0,0,0,0,0,1,0,0,0,0,0,0,0,0,0,0,0,3,0,40.0537,-74.9864, , 
 ,16127,2016064049,6,67,67301,2016,6,5,1420,14,1,1,0,8,1, , ,N,0,0,0,3,0,1,2,2,N,N,39 57:02.828,75 13:36.435,1428, ,1425, ,0, ,N, ,0, , , , , ,195309, , , ,1,0,0,0,1,0,0,0,0,0,0,0,1,1,0,0,0,0,0,0,0,0,0,1,0,0,0,0,0,0,0,0,1,0,0,8,0,39.9508,-75.2268, , 
 ,16128,2016063958,6,67,67301,2016,6,6,1710,17,1,1,0,4,1, , ,N,2,2,7,3,0,3,4,2,N, ,40 02:12.681,75 07:15.877,1740, ,1729, ,0, , , ,3, , , , , ,195317, , , ,2,0,0,0,0,0,2,0,0,0,0,3,3,0,0,0,0,0,0,0,0,0,0,0,0,0,0,0,0,0,0,0,0,0,0,4,0,40.0369,-75.1211, , 
 ,16129,2016080358,6,67,67301,2016,7,4,1215,12,1,2,1,1,1, , ,N,1,2,2,3,0,1,2,2,N, ,40 00:52.738,75 10:42.411,1226, ,1217, ,0, , , ,3, , , , , ,195328, , , ,2,2,0,0,0,0,0,0,0,0,0,0,1,1,0,0,0,0,0,0,0,0,0,2,0,0,0,0,0,0,0,0,0,0,0,8,0,40.0146,-75.1784, , 
 ,16130,2016084585,6,67,67301,2016,8,4,9999,99,3,1,0,4,1, , ,N,1,2,0,3,0,1,2,2,N,N,40 00:10.925,75 10:38.163,440, ,438, ,0, ,N, ,3, , , , , ,195331, , , ,2,2,0,0,0,0,0,0,0,0,0,1,1,0,0,0,0,0,0,0,0,0,0,2,0,0,0,0,0,0,0,0,0,0,0,4,0,40.0031,-75.1773, , 
 ,16131,2016093819,6,67,67301,2016,9,5,2330,23,3,1,0,7,4, , ,N,0,0,0,3,0,0,1,1,N,N,39 56:24.716,75 08:35.343,2345, ,2333, ,0, , , ,0, , , , , ,195338, , , ,1,1,0,0,0,0,0,0,0,0,0,0,0,0,0,0,0,0,0,0,0,0,0,0,0,0,0,0,0,0,0,0,0,0,0,0,0,39.9402,-75.1432, , 
 ,16132,2016097131,6,67,67301,2016,8,5,1535,15,1,1,0,4,1, , ,N,1,2,0,3,0,1,2,2,N, ,39 59:34.678,75 13:03.326,1555, ,1549, ,0, , , ,3, , , , , ,195339, , , ,2,2,0,0,0,0,0,0,0,0,0,0,1,1,0,0,0,0,0,0,1,0,0,0,0,0,0,0,0,0,0,0,0,0,0,8,0,39.993,-75.2176, , 
 ,16133,2016105588,6,67,67301,2016,9,5,845,8,1,2,1,2,1, , ,N,0,0,0,3,0,2,2,2,N,N,40 03:47.338,75 12:01.649,1002, ,958,9,2,4,N, ,0,N, , , , ,195342, , , ,2,1,0,0,0,0,1,0,0,0,0,0,2,2,0,0,0,0,0,0,1,0,0,2,0,0,0,0,0,0,0,0,0,0,0,8,0,40.0631,-75.2005, , 
 ,16134,2016066695,6,67,67301,2016,6,5,119,1,3,1,0,1,1, , ,N,0,0,0,3,0,0,2,2,N,N,39 58:09.919,75 07:35.716,123, ,120,2,2,1, , ,0,N, , , , ,195357, , , ,2,1,0,0,0,0,1,0,0,0,0,0,0,0,0,0,0,0,0,0,0,0,0,0,0,0,0,0,0,0,0,0,0,0,0,0,0,39.9694,-75.1266, , 
 ,16135,2016080655,6,67,67301,2016,7,1,2312,23,3,1,0,7,5, , ,N,2,0,0,3,0,0,1,1,N,N,39 57:44.294,75 13:49.983,2315, ,2312, ,0, , , ,0, , , , , ,195376, , , ,1,1,0,0,0,0,0,0,0,0,0,0,0,0,0,0,0,0,0,0,0,0,0,0,0,0,0,0,0,0,0,0,0,0,0,0,0,39.9623,-75.2306, , 
 ,16136,2016080730,6,67,67301,2016,6,7,9999,99,1,1,0,6,1, , ,N,2,3,0,3,0,0,3,2,N,N,39 58:47.773,75 13:09.340,2030, ,2027, ,0, ,N, ,3, , , , , ,195377, , , ,2,1,0,0,0,0,1,0,0,0,0,0,0,0,0,0,0,0,0,0,0,0,0,0,0,0,0,0,0,0,0,0,0,0,0,0,0,39.9799,-75.2193, , 
 ,16137,2016058640,6,67,67301,2016,5,3,1140,11,1,1,0,4,1, , ,N,1,3,0,3,0,2,2,2,N,N,39 59:30.359,75 08:14.406,1149, ,1144, ,0, ,N, ,3, , , , , ,195406, , , ,2,0,0,0,0,0,0,2,0,0,0,2,2,0,0,0,0,0,0,0,0,0,0,2,0,0,0,0,0,0,0,0,0,0,0,4,0,39.9917,-75.1373, , 
 ,16138,2016080234,6,67,67301,2016,7,1,1325,13,1,1,0,7,4, , ,N,0,0,0,3,0,3,3,1,N,N,39 58:51.539,75 11:57.701,1332, ,1327,1,1,2,N, ,0,N, , , , ,195415, , , ,1,1,0,0,0,0,0,0,0,0,0,3,3,0,0,0,0,0,0,0,0,0,0,0,0,0,0,0,0,0,0,0,0,0,0,4,0,39.981,-75.1994, , 
 ,16139,2016080392,6,67,67301,2016,7,7,1504,15,1,1,0,6,1, , ,N,0,0,0,3,0,1,2,2,N,N,40 01:52.366,75 07:12.562,1530, ,1525, ,0, ,N, ,0, , , , , ,195416, , , ,1,0,0,0,1,0,0,0,1,0,0,1,1,0,1,0,0,0,0,0,0,0,0,0,0,0,0,0,0,0,0,0,0,0,0,4,0,40.0312,-75.1202, , 
 ,16140,2016080695,6,67,67301,2016,6,4,1350,13,1,1,0,4,1, , ,N,1,2,0,3,0,1,2,2,N, ,40 03:07.938,75 07:50.771,1355, ,1352, ,0, , , ,3, , , , , ,195417, , , ,1,1,0,0,0,0,0,0,1,0,0,0,1,1,0,0,0,0,0,0,1,0,0,0,0,0,0,0,0,0,0,0,0,0,0,8,0,40.0522,-75.1308, , 
 ,16141,2016062622,6,67,67301,2016,5,1,2030,20,3,1,0,4,1, , ,N,1,3,0,3,0,2,4,2,N,N,39 58:09.900,75 09:47.700,1515, ,1515, ,0, ,N, ,3, , , , , ,200535, , , ,2,2,0,0,0,0,0,0,0,0,1,1,2,0,1,0,0,0,0,0,0,0,0,0,0,0,0,0,0,0,0,0,0,0,0,3,0,39.9694,-75.1633, , 
 ,16142,2016063951,6,67,67301,2016,5,4,1635,16,1,1,0,4,1, , ,N,0,3,7,3,0,0,2,2,N, ,40 04:07.865,75 05:12.158,1645, ,1640, ,0, , , ,3, , , , , ,200537, , , ,2,2,0,0,0,0,0,0,0,0,0,0,0,0,0,0,0,0,0,0,1,0,0,0,0,0,0,0,0,0,0,0,0,0,0,0,0,40.0689,-75.0867, , 
 ,16143,2016063994,6,67,67301,2016,6,4,1230,12,1,1,0,1,6, , ,N,0,0,0,3,0,0,2,2,N,N,39 58:44.856,75 09:34.242,1240, ,1230, ,0, ,N, ,0, , , , , ,200538, , , ,2,1,0,0,0,1,0,0,0,0,0,0,0,0,0,0,0,1,0,0,0,0,0,1,0,0,0,0,0,0,0,0,0,0,0,0,1,39.9791,-75.1595, , 
 ,16144,2016070239,6,67,67301,2016,6,2,140,1,3,1,0,7,4, , ,N,0,0,0,3,1,0,1,1,N,N,40 04:44.286,75 02:33.179,146, ,144,4,2,5,N,0,0,Y, , , , ,200542, , , ,1,1,0,0,0,0,0,0,0,0,0,0,0,0,0,0,0,0,0,0,0,0,0,0,0,0,0,0,0,0,0,0,0,0,0,1,0,40.079,-75.0425,2, 
 ,16145,2016089424,6,67,67301,2016,8,4,1259,12,1,1,0,4,1, , ,N,2,2,0,3,0,1,2,2,N,N,39 56:51.715,75 11:55.544,1300, ,1259,9,1,1,N, ,3,N, , , , ,200554, , , ,1,1,0,0,0,0,0,0,1,0,0,0,1,1,0,0,0,0,0,0,0,0,0,0,0,0,0,0,0,0,0,0,0,0,0,8,0,39.9477,-75.1988, , 
 ,16146,2016091672,6,67,67301,2016,8,7,916,9,1,1,0,4,1, , ,N,1,2,8,3,0,4,5,2,N,N,40 01:13.441,75 09:07.585,926, ,917, ,0, ,Y, ,3, , , , , ,200562, , , ,2,2,0,0,0,0,0,0,0,0,0,0,4,4,1,0,0,0,0,0,0,0,1,0,0,0,0,0,0,0,0,0,0,0,0,8,0,40.0204,-75.1521, , 