wz_ln_closure,objectid_1,crn,district,county,municipality,crash_year,crash_month,day_of_week,time_of_day,hour_of_day,illumination,weather,road_condition,collision_type,relation_to_road,work_zone_type,work_zone_loc,work_zone_ind,intersect_type,tcd_type,location_type,urban_rural,fatal_count,injury_count,person_count,total_units,sch_bus_ind,sch_zone_ind,latitude,longitude,arrival_tm,cons_zone_spd_lim,dispatch_tm,est_hrs_closed,lane_closed,ln_close_dir,ntfy_hiwy_maint,spec_juris_cd,tcd_func_cd,tfc_detour_ind,workers_pres,wz_close_detour,wz_flagger,wz_law_offcr_ind,objectid,wz_moving,wz_other,wz_shlder_mdn,vehicle_count,automobile_count,motorcycle_count,bus_count,small_truck_count,heavy_truck_count,suv_count,van_count,bicycle_count,maj_inj_count,mod_inj_count,min_inj_count,tot_inj_count,unk_inj_deg_count,unk_inj_per_count,driver_count_16yr,driver_count_17yr,driver_count_18yr,driver_count_19yr,driver_count_20yr,driver_count_50_64yr,driver_count_65_74yr,driver_count_75plus,unbelted_occ_count,unb_death_count,unb_maj_inj_count,belted_death_count,belted_maj_inj_count,mcycle_death_count,mcycle_maj_inj_count,bicycle_death_count,bicycle_maj_inj_count,ped_count,ped_death_count,ped_maj_inj_count,max_severity_level,comm_veh_count,dec_lat,dec_long,rdwy_surf_type_cd,county_name
 ,16147,2016073734,6,67,67301,2016,7,7,1615,16,1,2,7,7,2, , ,N,0,0,3,3,0,0,1,1,N,N,39 53:12.894,75 12:18.228,1623, ,1623, ,0, , , ,0, , , , , ,200570, , , ,1,1,0,0,0,0,0,0,0,0,0,0,0,0,0,0,0,0,0,0,0,0,0,1,0,0,0,0,0,0,0,0,0,0,0,0,0,39.8869,-75.2051, , 
 ,16148,2016114443,6,67,67301,2016,10,2,1712,17,1,1,0,1,1, , ,N,0,0,0,3,0,0,3,2,N,N,39 59:07.648,75 05:36.833,1733, ,1712, ,0, , , ,0, , , , , ,200599, , , ,2,0,0,0,0,0,1,1,0,0,0,0,0,0,0,0,0,0,0,0,0,0,0,0,0,0,0,0,0,0,0,0,0,0,0,0,0,39.9855,-75.0936, , 
 ,16149,2016119165,6,67,67301,2016,10,3,2150,21,3,1,0,4,1, , ,N,1,2,0,3,0,2,4,2,N,N,39 57:41.673,75 10:30.111,2205, ,2155, ,0, ,N, ,3, , , , , ,200603, , , ,2,1,0,0,0,0,1,0,0,0,0,2,2,0,0,0,0,0,0,0,1,0,0,0,0,0,0,0,0,0,0,0,0,0,0,4,0,39.9616,-75.175, , 
 ,16150,2016074087,6,67,67301,2016,7,2,1708,17,1,1,0,5,1, , ,N,0,0,0,3,0,1,4,3,N,N,40 02:39.819,75 00:09.534,1718, ,1711, ,0, , , ,0, , , , , ,200625, , , ,3,2,0,0,0,0,1,0,0,0,0,1,1,0,1,0,0,0,0,0,0,0,0,0,0,0,0,0,0,0,0,0,0,0,0,4,0,40.0444,-75.0026, , 
 ,16151,2016088603,6,67,67301,2016,8,4,1901,19,1,1,0,4,1, , ,N,0,0,0,3,0,1,3,2,N,N,39 56:31.045,75 09:06.111,1936, ,1934, ,0, , , ,0, , , , , ,200633, , , ,1,0,0,0,0,0,1,0,1,0,0,1,1,0,0,0,0,0,0,0,0,0,0,0,0,0,0,0,0,0,0,0,0,0,0,4,0,39.942,-75.1517, , 
 ,16152,2016089908,6,67,67301,2016,8,4,706,7,1,1,0,4,1, , ,N,1,2,0,3,0,1,2,2,N, ,40 01:47.658,75 08:45.592,730, ,724,1,1,6, , ,3,Y, , , , ,200637, , , ,2,0,0,0,0,0,1,1,0,0,1,0,1,0,0,0,0,0,0,0,0,0,0,0,0,0,0,0,0,0,0,0,0,0,0,3,0,40.0299,-75.146, , 
N,16153,2016106426,6,67,67301,2016,9,3,528,5,3,2,1,1,1,1,5,Y,0,0,0,3,0,0,1,3,N,N,40 00:08.076,75 04:42.248,545,45,535,1,1,2, , ,0,N,N,N,N,N,200639,N,Y,N,3,1,0,0,0,0,0,0,0,0,0,0,0,0,0,0,0,0,0,0,0,0,0,0,0,0,0,0,0,0,0,0,0,0,0,0,0,40.0022,-75.0784, , 
 ,16154,2016098747,6,67,67301,2016,9,6,2054,20,2,1,0,1,1, , ,N,0,0,0,3,0,0,2,2,N,N,39 59:43.355,75 11:51.332,2100, ,2056, ,0, , , ,0, , , , , ,200650, , , ,2,1,0,0,0,0,1,0,0,0,0,0,0,0,0,0,0,0,0,0,0,0,0,0,0,0,0,0,0,0,0,0,0,0,0,0,0,39.9954,-75.1976, , 
 ,16155,2016099534,6,67,67301,2016,9,4,2215,22,3,1,0,8,1, , ,N,5,2,1,3,0,1,2,2,N, ,39 59:47.157,75 06:48.512,2250, ,2215, ,0, , , ,3, , , , , ,200652, , , ,1,1,0,0,0,0,0,0,0,0,0,1,1,0,0,0,0,0,0,0,0,0,0,1,0,0,0,0,0,0,0,0,1,0,0,4,0,39.9964,-75.1135, , 
 ,16156,2016112196,6,67,67301,2016,10,4,2155,21,3,1,0,5,6, , ,N,0,0,0,3,0,0,1,8,N, ,39 55:29.727,75 10:39.823,2204, ,2204, ,0, , , ,0, , , , , ,200655, , , ,8,7,0,0,0,0,0,1,0,0,0,0,0,0,0,0,0,0,0,0,0,0,0,0,0,0,0,0,0,0,0,0,0,0,0,0,0,39.9249,-75.1777, , 
 ,16157,2016058521,6,67,67301,2016,5,4,2350,23,3,2,1,4,1, , ,N,1,3,0,3,0,0,2,3,N,N,40 00:41.961,75 09:47.160,2358, ,2355,9,1,4,N, ,3,Y, , , , ,200661, , , ,3,2,0,0,0,0,1,0,0,0,0,0,0,0,1,0,0,0,0,0,0,0,0,0,0,0,0,0,0,0,0,0,0,0,0,9,0,40.0116,-75.163, , 
 ,16158,2016068276,6,67,67301,2016,6,2,1139,11,1,1,0,2,1, , ,N,1,2,0,3,0,2,3,3,N,N,39 55:11.966,75 13:22.049,1231, ,1220, ,0, ,N, ,3, , , , , ,200666, , , ,3,1,0,0,0,1,0,1,0,0,0,0,2,2,0,0,0,0,0,0,0,0,0,1,0,0,0,0,0,0,0,0,0,0,0,8,1,39.9199,-75.2228, , 
 ,16159,2016063141,6,67,67301,2016,5,5,2312,23,3,1,0,1,1, , ,N,0,0,0,3,0,1,4,2,N,N,39 55:00.420,75 08:51.797,2335, ,2313,3,2,2, , ,0,N, , , , ,198161, , , ,2,1,0,0,0,0,1,0,0,0,0,0,1,1,1,0,0,0,0,0,0,0,0,0,0,0,0,0,0,0,0,0,0,0,0,8,0,39.9168,-75.1477, , 
 ,16160,2016097181,6,67,67301,2016,8,2,804,8,1,1,0,4,1, , ,N,1,2,0,3,0,0,5,2,Y,N,39 58:28.166,75 09:31.847,810, ,808, ,0, , , ,3, , , , , ,198193, , , ,2,1,0,1,0,0,0,0,0,0,0,0,0,0,0,0,0,0,0,0,0,0,0,0,0,0,0,0,0,0,0,0,0,0,0,0,1,39.9745,-75.1587, , 
U,16161,2016105496,6,67,67301,2016,9,2,759,7,1,1,0,1,1,8,8,Y,0,0,3,3,0,2,5,2,N,N,39 58:17.300,75 07:25.800,808,99,806, ,0, ,N, ,0, ,U,U,U,U,198195,U,U,U,2,0,0,1,0,0,0,1,0,0,0,0,2,2,0,0,0,0,0,0,1,0,0,0,0,0,0,0,0,0,0,0,0,0,0,8,1,39.9722,-75.1226, , 
 ,16162,2016068704,6,67,67301,2016,6,5,631,6,1,1,0,4,1, , ,N,1,2,0,3,0,1,3,2,N, ,39 56:20.461,75 13:56.639,815, ,807, ,0, , , ,3, , , , , ,198212, , , ,2,1,0,0,0,0,1,0,0,0,0,0,1,1,2,0,0,0,0,0,0,0,0,0,0,0,0,0,0,0,0,0,0,0,0,8,0,39.939,-75.2324, , 
 ,16163,2016087713,6,67,67301,2016,8,1,818,8,1,1,0,1,1, , ,N,0,0,0,3,0,2,3,2,N,N,40 01:10.905,75 09:45.193,833, ,820,2,1,2, , ,0,N, , , , ,198230, , , ,2,1,0,0,0,0,1,0,0,0,0,0,2,2,0,0,0,0,0,0,0,0,0,0,0,0,0,0,0,0,0,0,0,0,0,8,0,40.0197,-75.1626, , 
 ,16164,2016091628,6,67,67301,2016,8,4,2045,20,3,1,0,8,1, , ,N,0,0,0,3,0,1,2,2,N,N,39 54:39.970,75 14:41.575,2050, ,2050, ,0, ,N, ,0, , , , , ,198235, , , ,1,1,0,0,0,0,0,0,0,0,1,0,1,0,0,0,0,0,0,0,0,0,0,1,0,0,0,0,0,0,0,0,1,0,0,3,0,39.9111,-75.2449, , 
 ,16165,2016091649,6,67,67301,2016,8,2,1450,14,1,1,0,1,1, , ,N,0,0,0,3,0,1,4,3,N,N,39 59:51.815,75 07:23.898,1530, ,1515, ,0, ,N, ,0, , , , , ,198236, , , ,3,3,0,0,0,0,0,0,0,0,0,0,1,1,0,0,0,0,0,0,0,0,0,3,0,0,0,0,0,0,0,0,0,0,0,8,0,39.9977,-75.1233, , 
 ,16166,2016109062,6,67,67301,2016,9,6,1925,19,3,8,1,1,1, , ,N,1,2,0,3,0,3,3,2,N,N,39 58:17.205,75 09:33.736,1935, ,1930, ,0, ,N, ,3, , , , , ,198250, , , ,2,0,0,0,0,0,2,0,0,1,0,2,3,0,0,0,0,0,0,0,2,0,0,0,0,0,0,0,0,0,0,0,0,0,0,2,0,39.9714,-75.1594, , 
 ,16167,2016063589,6,67,67301,2016,6,5,2218,22,3,1,0,1,1, , ,N,0,0,0,3,0,1,2,2,N,N,39 55:56.058,75 11:59.856,2235, ,2230,1,2,4, , ,0,N, , , , ,198253, , , ,2,2,0,0,0,0,0,0,0,0,1,0,1,0,0,0,0,0,0,0,0,1,0,0,0,0,0,0,0,0,0,0,0,0,0,3,0,39.9322,-75.2, , 
 ,16168,2016064162,6,67,67301,2016,6,4,1728,17,1,1,0,1,1, , ,N,10,0,0,3,0,0,2,2,N,N,39 58:54.695,75 06:05.853,1728, ,1728,1,1,2, , ,0,N, , , , ,198254, , , ,2,1,0,0,0,0,1,0,0,0,0,0,0,0,0,0,0,1,0,0,1,0,0,0,0,0,0,0,0,0,0,0,0,0,0,0,0,39.9819,-75.1016, , 
 ,16169,2016069748,6,67,67301,2016,7,6,1445,14,1,1,0,1,1, , ,N,0,0,0,3,0,0,2,2,N,N,40 01:41.777,75 01:24.092,1524, ,1449, ,0, , , ,0, , , , , ,198260, , , ,2,2,0,0,0,0,0,0,0,0,0,0,0,0,0,0,0,0,0,0,0,0,0,0,0,0,0,0,0,0,0,0,0,0,0,0,0,40.0283,-75.0234, , 
 ,16170,2016013885,6,67,67301,2016,1,1,1144,11,1,1,0,8,1, , ,N,1,0,0,3,0,1,2,2,N,N,39 58:57.806,75 10:36.753,1144, ,1144, ,0, ,N, ,0, , , , , ,198263, , , ,1,0,0,0,0,0,0,0,0,0,0,1,1,0,0,0,0,0,0,0,0,0,0,0,0,0,0,0,0,0,0,0,1,0,0,4,0,39.9827,-75.1769, , 
 ,16171,2016052341,6,67,67301,2016,4,6,1535,15,1,1,0,4,1, , ,N,0,0,7,3,0,0,3,2,N,N,39 55:19.688,75 11:16.036,1552, ,1549, ,0, , , ,0, , , , , ,198289, , , ,2,2,0,0,0,0,0,0,0,0,0,0,0,0,0,0,0,0,0,0,0,0,0,0,0,0,0,0,0,0,0,0,0,0,0,0,0,39.9221,-75.1878, , 
 ,16172,2016052419,6,67,67301,2016,5,2,149,1,3,1,1,5,6, , ,N,0,0,0,3,0,0,1,6,N,N,39 55:35.767,75 10:04.368,154, ,153, ,0, ,N, ,0, , , , , ,198290, , , ,6,4,0,0,0,0,2,0,0,0,0,0,0,0,0,0,0,0,1,0,0,0,0,0,0,0,0,0,0,0,0,0,0,0,0,0,0,39.9266,-75.1679, , 
 ,16173,2016058514,6,67,67301,2016,5,6,2027,20,3,1,0,5,6, , ,N,0,0,0,3,0,1,1,2,N,N,39 57:40.993,75 11:56.460,2106, ,2106, ,0, , , ,0, , , , , ,198310, , , ,2,1,0,0,0,0,0,0,0,0,0,0,1,1,0,0,0,0,0,0,0,0,0,0,0,0,0,0,0,0,0,0,0,0,0,8,0,39.9614,-75.199, , 
 ,16174,2016063482,6,67,67301,2016,6,5,400,4,3,1,0,5,6, , ,N,0,0,0,3,0,0,1,3,N,N,40 03:05.030,75 11:07.742,1257, ,1252, ,0, ,N, ,0, , , , , ,198351, , , ,3,2,0,0,0,0,0,0,0,0,0,0,0,0,1,0,0,0,0,0,0,0,0,0,0,0,0,0,0,0,0,0,0,0,0,9,0,40.0514,-75.1855, , 
 ,16175,2016063890,6,67,67301,2016,6,1,1507,15,1,1,0,4,1, , ,N,1,3,0,3,0,2,2,2,N,N,40 04:21.003,75 11:16.958,1600, ,1550, ,0, ,N, ,3, , , , , ,198352, , , ,2,2,0,0,0,0,0,0,0,0,0,0,2,2,0,0,0,0,0,0,0,0,0,0,0,0,0,0,0,0,0,0,0,0,0,8,0,40.0725,-75.188, , 
 ,16176,2016063972,6,67,67301,2016,6,3,1720,17,1,1,0,1,1, , ,N,0,0,0,3,0,1,4,3,N, ,39 57:10.360,75 08:54.239,1730, ,1720, ,0, , , ,0, , , , , ,198353, , , ,3,2,0,0,0,0,1,0,0,0,0,0,1,1,0,0,0,0,0,0,1,0,0,0,0,0,0,0,0,0,0,0,0,0,0,8,0,39.9529,-75.1484, , 
 ,16177,2016068678,6,67,67301,2016,6,2,2300,23,3,1,0,8,1, , ,N,1,2,0,3,1,0,2,2,N,N,40 01:34.840,75 05:50.934,2358, ,2354,4,2,6,N,0,3,Y, , , , ,198357, , , ,1,1,0,0,0,0,0,0,0,0,0,0,0,0,0,0,0,0,0,0,0,0,0,0,0,0,0,0,0,0,0,0,1,1,0,1,0,40.0263,-75.0975,2, 
 ,16178,2016038236,6,67,67301,2016,4,5,653,6,1,1,0,1,1, , ,N,0,0,0,3,0,0,5,5,N,N,39 58:53.267,75 06:07.291,722, ,703,1,1,1, , ,0,N, , , , ,192929, , , ,5,2,0,0,0,0,3,0,0,0,0,0,0,0,0,0,0,0,0,0,0,0,0,0,0,0,0,0,0,0,0,0,0,0,0,0,0,39.9815,-75.102, , 
 ,16179,2016048077,6,67,67301,2016,5,5,703,7,1,1,0,1,1, , ,N,0,2,0,3,0,1,6,2,Y,N,40 03:20.110,75 07:35.001,707, ,703,1,2,4,N, ,3,N, , , , ,192940, , , ,2,0,0,1,0,0,1,0,0,0,0,0,1,1,0,0,0,0,0,0,1,0,0,0,0,0,0,0,0,0,0,0,0,0,0,8,1,40.0556,-75.1264, , 
 ,16180,2016054160,6,67,67301,2016,4,3,1920,19,3,1,0,8,1, , ,N,0,0,0,3,0,1,3,2,N,N,39 59:53.300,75 10:01.200,1943, ,1938,9,1,1,N, ,0,N, , , , ,192946, , , ,1,1,0,0,0,0,0,0,0,0,0,1,1,0,1,0,0,0,0,0,0,0,0,0,0,0,0,0,0,0,0,0,1,0,0,4,0,39.9981,-75.167, , 
 ,16181,2016047999,6,67,67301,2016,5,5,120,1,3,1,0,7,5, , ,N,0,0,0,3,0,0,1,1,N,N,39 58:48.738,75 09:26.891,122, ,120, ,0, ,N, ,0, , , , , ,192949, , , ,1,1,0,0,0,0,0,0,0,0,0,0,0,0,0,0,0,0,0,0,0,1,0,1,0,0,0,0,0,0,0,0,0,0,0,0,0,39.9802,-75.1575, , 
 ,16182,2016051270,6,67,67301,2016,4,2,1759,17,1,1,0,8,1, , ,N,0,0,0,3,0,1,2,2,N, ,40 03:58.006,75 00:12.813,1815, ,1759, ,0, , , ,0, , , , , ,192952, , , ,1,0,0,0,0,0,1,0,0,0,1,0,1,0,0,0,0,0,0,0,0,0,0,0,0,0,0,0,0,0,0,0,1,0,0,3,0,40.0661,-75.0036, , 
 ,16183,2016063944,6,67,67301,2016,6,3,20,0,3,1,0,4,1, , ,N,1,2,0,3,0,0,2,2,N,N,40 00:04.325,75 13:34.990,40, ,30, ,0, ,N, ,3, , , , , ,192958, , , ,2,1,0,0,0,0,1,0,0,0,0,0,0,0,0,0,0,0,0,0,0,1,0,0,0,0,0,0,0,0,0,0,0,0,0,0,0,40.0012,-75.2264, , 
 ,16184,2016064046,6,67,67301,2016,6,3,2135,21,3,1,0,4,1, , ,N,1,3,0,3,0,0,4,2,N, ,40 01:25.798,75 02:55.791,2149, ,2147, ,0, , , ,3, , , , , ,192959, , , ,2,2,0,0,0,0,0,0,0,0,0,0,0,0,0,0,0,0,0,0,0,0,0,0,0,0,0,0,0,0,0,0,0,0,0,0,0,40.0238,-75.0488, , 
 ,16185,2016080425,6,67,67301,2016,7,1,1710,17,1,1,0,4,1, , ,N,1,3,0,3,0,1,2,2,N,N,39 58:05.422,75 12:20.631,1716, ,1714, ,0, ,N, ,3, , , , , ,192971, , , ,1,1,0,0,0,0,0,0,1,0,0,1,1,0,0,0,0,0,0,0,0,0,0,0,0,0,0,0,0,0,0,0,0,0,0,4,0,39.9682,-75.2057, , 
 ,16186,2016080610,6,67,67301,2016,6,3,130,1,3,1,0,5,6, , ,N,0,0,0,3,0,0,2,5,N, ,40 02:48.469,75 10:05.800,140, ,137, ,0, , , ,0, , , , , ,192972, , , ,5,0,0,0,2,0,3,0,0,0,0,0,0,0,0,0,0,0,0,0,0,0,0,0,0,0,0,0,0,0,0,0,0,0,0,0,0,40.0468,-75.1683, , 
 ,16187,2016089953,6,67,67301,2016,8,2,812,8,1,1,0,3,1, , ,N,1,3,2,3,0,1,2,2,N,N,39 55:34.628,75 08:45.775,818, ,815, ,0, ,N, ,3, , , , , ,192985, , , ,2,1,0,0,0,1,0,0,0,0,0,0,1,1,0,0,0,0,0,0,1,0,0,1,0,0,0,0,0,0,0,0,0,0,0,8,1,39.9263,-75.146, , 
 ,16188,2016105709,6,67,67301,2016,9,4,608,6,5,1,0,4,1, , ,N,1,2,0,3,0,1,3,2,N,N,39 57:06.275,75 09:29.915,613, ,611, ,0, ,N, ,3, , , , , ,192989, , , ,2,0,0,0,1,0,0,1,0,0,0,1,1,0,0,0,0,0,0,0,1,0,0,0,0,0,0,0,0,0,0,0,0,0,0,4,0,39.9517,-75.1582, , 
 ,16189,2016102097,6,67,67301,2016,9,6,1651,16,1,2,1,7,2, , ,N,0,0,0,3,0,0,1,1,N,N,40 00:33.260,75 04:02.517,1657, ,1651,1,1,2, , ,0,N, , , , ,192992, , , ,1,1,0,0,0,0,0,0,0,0,0,0,0,0,0,0,0,0,0,0,0,0,0,0,0,0,0,0,0,0,0,0,0,0,0,0,0,40.0092,-75.0674, , 
 ,16190,2016080644,6,67,67301,2016,7,7,1520,15,1,2,1,2,1, , ,N,0,0,0,3,0,1,3,2,N, ,39 56:38.122,75 13:53.569,1655, ,1654, ,0, , , ,0, , , , , ,193011, , , ,2,1,0,0,0,0,1,0,0,0,0,0,1,1,0,0,0,0,0,0,1,0,0,0,0,0,0,0,0,0,0,0,0,0,0,8,0,39.9439,-75.2315, , 
 ,16191,2016092042,6,67,67301,2016,8,5,738,7,1,1,0,4,1, , ,N,1,1,0,3,0,4,4,3,N,N,39 55:20.731,75 13:23.335,745, ,741, ,0, ,N, ,2, , , , , ,193018, , , ,3,2,0,0,0,0,1,0,0,0,0,2,4,2,0,0,0,0,0,1,0,0,0,1,0,0,0,0,0,0,0,0,0,0,0,4,0,39.9224,-75.2232, , 
 ,16192,2016105507,6,67,67301,2016,9,1,1527,15,1,1,0,4,1, , ,N,1,2,0,3,0,1,2,2,N, ,39 58:07.273,75 14:01.917,1644, ,1627, ,0, , , ,3, , , , , ,193023, , , ,1,0,0,0,0,0,0,0,1,0,0,1,1,0,0,0,0,0,0,0,0,0,0,0,0,0,0,0,0,0,0,0,0,0,0,4,0,39.9687,-75.2339, , 
 ,16193,2016105817,6,67,67301,2016,9,1,1339,13,1,1,0,4,1, , ,N,1,2,0,3,0,1,2,2,N,N,39 57:18.608,75 11:54.435,1410, ,1359, ,0, ,N, ,3, , , , , ,193024, , , ,1,0,0,0,1,0,0,0,1,0,1,0,1,0,0,0,0,0,0,0,0,1,0,1,0,0,0,0,0,0,0,0,0,0,0,3,0,39.9552,-75.1983, , 
 ,16194,2016105812,6,67,67301,2016,9,1,1900,19,1,1,0,4,1, , ,N,2,3,0,3,0,0,1,2,N,N,39 59:24.468,75 11:09.542,2017, ,2013, ,0, ,N, ,3, , , , , ,193027, , , ,2,2,0,0,0,0,0,0,0,0,0,0,0,0,1,0,0,0,0,0,0,0,0,0,0,0,0,0,0,0,0,0,0,0,0,9,0,39.9901,-75.186, , 
 ,16195,2016120531,6,67,67301,2016,11,3,2205,22,3,1,0,4,1, , ,N,1,2,0,3,0,1,3,2,N, ,39 56:59.250,75 12:25.488,2213, ,2211, ,0, , , ,3, , , , , ,193041, , , ,1,0,0,0,0,0,1,0,1,0,0,1,1,0,0,0,0,0,0,0,1,0,0,0,0,0,0,0,0,0,0,0,0,0,0,4,0,39.9498,-75.2071, , 
 ,16196,2016087137,6,67,67301,2016,8,5,1425,14,1,1,0,1,1, , ,N,0,0,0,3,0,1,2,2,N, ,40 02:10.872,75 03:50.880,1435, ,1430, ,0, , , ,0, , , , , ,195423, , , ,2,1,0,0,1,0,0,0,0,0,0,1,1,0,0,0,0,0,0,0,0,0,0,1,0,0,0,0,0,0,0,0,0,0,0,4,0,40.0364,-75.0641, , 
 ,16197,2016082210,6,67,67301,2016,7,7,1214,12,1,1,0,7,4, , ,N,5,2,1,3,0,1,1,1,N, ,39 59:47.157,75 06:48.512,1217, ,1214, ,0, , , ,3, , , , , ,195426, , , ,1,1,0,0,0,0,0,0,0,0,0,0,1,1,0,0,0,0,0,0,1,0,0,0,0,0,0,0,0,0,0,0,0,0,0,8,0,39.9964,-75.1135, , 
 ,16198,2016092066,6,67,67301,2016,8,2,2013,20,3,1,0,4,1, , ,N,5,2,0,3,0,3,5,2,N,N,40 03:51.426,75 09:12.794,2019, ,2017,1,1,2, , ,3,N, , , , ,195432, , , ,2,2,0,0,0,0,0,0,0,0,0,3,3,0,0,0,0,0,0,0,0,0,0,0,0,0,0,0,0,0,0,0,0,0,0,4,0,40.0643,-75.1536, , 
 ,16199,2016097712,6,67,67301,2016,8,4,2115,21,3,2,0,2,1, , ,N,0,0,0,3,0,4,6,3,N,N,40 01:33.447,75 11:39.455,2125, ,2120,2,2,5,N, ,0,Y, , , , ,195433, , , ,3,1,0,0,0,0,2,0,0,0,0,0,4,4,0,0,0,0,0,0,1,0,0,1,0,0,0,0,0,0,0,0,0,0,0,8,0,40.026,-75.1943, , 
 ,16200,2016092093,6,67,67301,2016,8,4,1835,18,1,1,0,4,1, , ,N,1,2,0,3,0,1,2,2,N, ,39 59:22.466,75 09:25.981,1845, ,1840, ,0, , , ,3, , , , , ,195434, , , ,1,1,0,0,0,0,0,0,1,0,0,0,1,1,0,0,0,0,1,0,0,0,0,0,0,0,0,0,0,0,0,0,0,0,0,8,0,39.9896,-75.1572, , 
 ,16201,2016100077,6,67,67301,2016,9,3,1422,14,1,1,0,4,1, , ,N,1,3,0,3,0,1,3,2,N,N,39 56:58.311,75 14:16.994,1605, ,1602, ,0, ,N, ,3, , , , , ,195439, , , ,2,2,0,0,0,0,0,0,0,0,0,1,1,0,1,0,0,0,0,0,0,0,0,0,0,0,0,0,0,0,0,0,0,0,0,4,0,39.9495,-75.2381, , 
 ,16202,2016105607,6,67,67301,2016,9,7,1838,18,3,1,0,4,1, , ,N,1,2,0,3,0,0,2,2,N,N,40 02:02.039,75 04:27.141,2032, ,2022, ,0, ,N, ,3, , , , , ,195446, , , ,2,1,0,0,0,0,1,0,0,0,0,0,0,0,0,0,0,0,0,0,0,0,0,0,0,0,0,0,0,0,0,0,0,0,0,0,0,40.0339,-75.0742, , 
 ,16203,2016108662,6,67,67301,2016,10,3,1700,17,1,1,0,1,1, , ,N,1,0,0,3,0,0,4,2,N, ,39 53:50.506,75 15:07.793,1710, ,1708, ,0, , , ,0, , , , , ,195451, , , ,2,0,0,0,1,0,1,0,0,0,0,0,0,0,0,0,0,0,0,0,1,0,0,0,0,0,0,0,0,0,0,0,0,0,0,0,0,39.8974,-75.2522, , 
 ,16204,2016105125,6,67,67301,2016,10,1,305,3,3,2,1,5,1, , ,N,0,0,0,3,0,1,3,2,N,N,39 55:20.912,75 08:52.093,310, ,305, ,0, , , ,0, , , , , ,195458, , , ,2,2,0,0,0,0,0,0,0,0,1,0,1,0,0,0,0,0,0,0,0,0,0,0,0,0,0,0,0,0,0,0,0,0,0,3,0,39.9225,-75.1478, , 
 ,16205,2016066043,6,67,67301,2016,6,4,933,9,1,1,0,0,5, , ,N,1,2,0,3,0,3,3,2,N,N,40 00:38.883,75 06:07.963,945, ,937,4,2,7,N, ,3,Y, , , , ,195463, , , ,1,0,0,0,0,1,0,0,0,0,0,0,3,3,0,0,0,0,0,0,1,0,0,3,0,0,0,0,0,0,0,0,0,0,0,8,1,40.0108,-75.1022, , 
 ,16206,2016091627,6,67,67301,2016,8,6,1315,13,1,1,0,4,1, , ,N,1,3,0,3,0,0,4,2,N, ,40 03:16.301,75 05:26.793,1330, ,1330, ,0, , , ,2, , , , , ,195490, , , ,2,2,0,0,0,0,0,0,0,0,0,0,0,0,0,0,0,0,0,0,0,0,0,0,0,0,0,0,0,0,0,0,0,0,0,0,0,40.0545,-75.0908, , 
 ,16207,2016105616,6,67,67301,2016,9,6,450,4,3,1,0,7,4, , ,N,0,0,0,3,0,1,1,1,N,N,39 55:54.345,75 14:33.864,455, ,454, ,0, , , ,0, , , , , ,195492, , , ,1,0,0,0,0,0,1,0,0,0,0,1,1,0,0,0,0,0,0,0,0,0,0,0,0,0,0,0,0,0,0,0,0,0,0,4,0,39.9318,-75.2427, , 
 ,16208,2016105569,6,67,67301,2016,9,3,1050,10,1,1,0,4,1, , ,N,1,3,0,3,0,1,2,2,N, ,39 54:50.616,75 13:18.767,1110, ,1106, ,0, , , ,3, , , , , ,195494, , , ,2,1,0,0,0,0,0,1,0,0,0,0,1,1,0,0,0,0,0,0,1,0,0,0,0,0,0,0,0,0,0,0,0,0,0,8,0,39.9141,-75.2219, , 
 ,16209,2016105749,6,67,67301,2016,9,4,1400,14,1,1,0,4,1, , ,N,1,2,0,3,0,4,4,3,N, ,40 02:22.366,75 02:44.910,1410, ,1405, ,0, , , ,3, , , , , ,195497, , , ,2,2,0,0,0,0,0,0,0,0,0,4,4,0,0,0,0,0,0,0,0,0,0,0,0,0,0,0,0,0,0,0,1,0,0,4,0,40.0395,-75.0458, , 
 ,16210,2016065642,6,67,67301,2016,6,5,1306,13,1,1,0,1,6, , ,N,0,0,0,3,0,0,11,2,Y,N,40 02:59.325,75 08:32.190,1332, ,1331,3,2,2, , ,0,Y, , , , ,195503, , , ,2,0,0,1,1,0,0,0,0,0,0,0,0,0,10,0,0,0,0,0,0,0,0,0,0,0,0,0,0,0,0,0,0,0,0,9,1,40.0498,-75.1423, , 
 ,16211,2016069045,6,67,67301,2016,5,6,9999,99,1,1,0,5,6, , ,N,0,0,0,3,0,0,1,3,N,Y,40 02:14.071,75 08:42.478,1755, ,1747, ,0, ,N, ,0, , , , , ,195507, , , ,3,2,0,0,0,0,0,0,0,0,0,0,0,0,1,0,0,0,0,0,0,0,0,0,0,0,0,0,0,0,0,0,0,0,0,9,0,40.0372,-75.1451, , 
 ,16212,2016070673,6,67,67301,2016,6,2,9999,99,4,1,0,5,1, , ,N,2,0,0,3,0,1,2,2,N,N,39 56:30.643,75 10:39.636,2042, ,2037, ,0, ,N, ,0, , , , , ,195509, , , ,1,1,0,0,0,0,0,0,1,0,0,1,1,0,0,0,0,0,0,0,0,0,0,0,0,0,0,0,0,0,0,0,0,0,0,4,0,39.9418,-75.1777, , 
 ,16213,2016070665,6,67,67301,2016,6,6,9999,99,1,1,0,4,1, , ,N,1,2,0,3,0,0,2,2,N,N,40 04:07.204,75 09:50.796,1120, ,1105, ,0, , , ,3, , , , , ,195518, , , ,2,2,0,0,0,0,0,0,0,0,0,0,0,0,1,0,0,0,0,0,1,0,0,0,0,0,0,0,0,0,0,0,0,0,0,9,0,40.0687,-75.1641, , 