wz_ln_closure,objectid_1,crn,district,county,municipality,crash_year,crash_month,day_of_week,time_of_day,hour_of_day,illumination,weather,road_condition,collision_type,relation_to_road,work_zone_type,work_zone_loc,work_zone_ind,intersect_type,tcd_type,location_type,urban_rural,fatal_count,injury_count,person_count,total_units,sch_bus_ind,sch_zone_ind,latitude,longitude,arrival_tm,cons_zone_spd_lim,dispatch_tm,est_hrs_closed,lane_closed,ln_close_dir,ntfy_hiwy_maint,spec_juris_cd,tcd_func_cd,tfc_detour_ind,workers_pres,wz_close_detour,wz_flagger,wz_law_offcr_ind,objectid,wz_moving,wz_other,wz_shlder_mdn,vehicle_count,automobile_count,motorcycle_count,bus_count,small_truck_count,heavy_truck_count,suv_count,van_count,bicycle_count,maj_inj_count,mod_inj_count,min_inj_count,tot_inj_count,unk_inj_deg_count,unk_inj_per_count,driver_count_16yr,driver_count_17yr,driver_count_18yr,driver_count_19yr,driver_count_20yr,driver_count_50_64yr,driver_count_65_74yr,driver_count_75plus,unbelted_occ_count,unb_death_count,unb_maj_inj_count,belted_death_count,belted_maj_inj_count,mcycle_death_count,mcycle_maj_inj_count,bicycle_death_count,bicycle_maj_inj_count,ped_count,ped_death_count,ped_maj_inj_count,max_severity_level,comm_veh_count,dec_lat,dec_long,rdwy_surf_type_cd,county_name
 ,16214,2016080965,6,67,67301,2016,6,1,1520,15,1,1,0,2,1, , ,N,0,0,0,3,0,6,6,2,N,N,39 58:42.145,75 11:22.698,1532, ,1528,2,2,5,N, ,0,Y, , , , ,200677, , , ,2,1,0,0,0,0,1,0,0,0,4,2,6,0,0,0,0,0,0,0,0,0,0,0,0,0,0,0,0,0,0,0,0,0,0,3,0,39.9784,-75.1896, , 
 ,16215,2016092106,6,67,67301,2016,8,4,1300,13,1,1,0,1,1, , ,N,3,0,0,3,0,1,3,3,N,N,40 01:45.748,75 06:17.490,1320, ,1300, ,0, ,N, ,0, , , , , ,200693, , , ,3,1,0,0,0,0,1,1,0,0,0,1,1,0,0,0,0,0,0,0,0,0,0,0,0,0,0,0,0,0,0,0,0,0,0,4,0,40.0294,-75.1049, , 
 ,16216,2016097743,6,67,67301,2016,9,7,500,5,3,1,0,5,6, , ,N,0,0,0,3,0,1,1,2,N,N,39 57:35.110,75 08:36.762,506, ,505, ,0, ,N, ,0, , , , , ,200695, , , ,2,2,0,0,0,0,0,0,0,0,0,1,1,0,0,0,0,0,0,0,0,0,0,0,0,0,0,0,0,0,0,0,0,0,0,4,0,39.9598,-75.1435, , 
 ,16217,2016105874,6,67,67301,2016,9,2,1330,13,1,1,0,4,1, , ,N,1,2,0,3,0,1,3,2,N, ,40 02:54.852,75 09:42.008,1341, ,1322,9,1,3, , ,3,Y, , , , ,200703, , , ,2,1,0,0,0,0,1,0,0,0,0,1,1,0,0,0,0,0,0,0,0,1,1,1,0,0,0,0,0,0,0,0,0,0,0,4,0,40.0486,-75.1617, , 
 ,16218,2016080888,6,67,67301,2016,7,2,145,1,3,1,0,1,1, , ,N,1,2,0,3,0,1,2,2,N,N,40 07:24.747,75 00:55.270,200, ,150, ,0, ,N, ,3, , , , , ,200732, , , ,2,2,0,0,0,0,0,0,0,0,0,1,1,0,0,0,0,0,0,0,1,0,0,0,0,0,0,0,0,0,0,0,0,0,0,4,0,40.1235,-75.0154, , 
 ,16219,2016105815,6,67,67301,2016,9,7,1510,15,1,1,0,4,1, , ,N,0,0,7,3,0,3,5,2,N, ,40 02:50.306,75 03:32.981,1520, ,1515, ,0, , , ,0, , , , , ,200745, , , ,2,1,0,0,0,0,1,0,0,0,0,3,3,0,0,0,0,0,0,0,0,0,0,1,0,0,0,0,0,0,0,0,0,0,0,4,0,40.0473,-75.0592, , 
 ,16220,2016080829,6,67,67301,2016,6,5,1730,17,1,1,0,4,1, , ,N,1,2,0,3,0,1,6,2,N,N,39 58:47.528,75 08:34.317,1736, ,1731,1,1,1,N, ,3,N, , , , ,200778, , , ,2,2,0,0,0,0,0,0,0,0,0,1,1,0,0,0,0,0,0,0,0,0,0,1,0,0,0,0,0,0,0,0,0,0,0,4,0,39.9799,-75.1429, , 
 ,16221,2016097072,6,67,67301,2016,9,7,1945,19,3,1,0,5,1, , ,N,0,0,0,3,0,2,4,2,N,N,40 01:14.400,75 09:14.800,2005, ,2005, ,0, ,N, ,0, , , , , ,200791, , , ,2,1,0,0,0,0,1,0,0,0,0,0,2,2,0,0,0,0,0,0,0,1,0,2,0,0,0,0,0,0,0,0,0,0,0,8,0,40.0207,-75.1541, , 
 ,16222,2016087145,6,67,67301,2016,8,3,1530,15,1,1,0,1,1, , ,N,0,0,0,3,0,2,3,2,N, ,39 57:04.667,75 14:20.138,1532, ,1532, ,0, , , ,0, , , , , ,200792, , , ,2,2,0,0,0,0,0,0,0,0,0,0,2,2,1,0,0,0,0,1,0,1,0,0,0,0,0,0,0,0,0,0,0,0,0,8,0,39.9513,-75.2389, , 
 ,16223,2016092072,6,67,67301,2016,8,1,1150,11,1,1,0,5,1, , ,N,0,0,0,3,0,0,3,2,N, ,40 03:37.418,74 58:55.663,1235, ,1227, ,0, , , ,0, , , , , ,200799, , , ,2,2,0,0,0,0,0,0,0,0,0,0,0,0,0,0,0,0,0,1,0,1,0,1,0,0,0,0,0,0,0,0,0,0,0,0,0,40.0604,-74.9821, , 
 ,16224,2016062591,6,67,67301,2016,5,5,525,5,1,1,0,5,1, , ,N,0,2,0,3,0,0,2,2,N,N,40 03:01.110,75 07:01.846,535, ,529,1,1,3,N, ,2,N, , , , ,200810, , , ,2,2,0,0,0,0,0,0,0,0,0,0,0,0,0,0,0,0,0,1,0,0,0,1,0,0,0,0,0,0,0,0,0,0,0,0,0,40.0503,-75.1172, , 
 ,16225,2016080453,6,67,67301,2016,6,3,800,8,1,1,0,4,1, , ,N,1,2,0,3,0,1,3,3,N,N,39 56:53.519,75 09:51.947,803, ,803, ,0, ,N, ,3, , , , , ,200819, , , ,2,1,0,0,0,0,1,0,1,0,0,0,1,1,0,0,0,0,0,0,1,0,0,2,0,0,0,0,0,0,0,0,0,0,0,8,0,39.9482,-75.1644, , 
 ,16226,2016080479,6,67,67301,2016,6,7,2226,22,3,1,0,4,1, , ,N,1,2,0,3,0,0,4,2,N,N,39 58:11.966,75 08:35.145,2319, ,2319, ,0, ,N, ,3, , , , , ,200820, , , ,2,1,0,0,0,0,1,0,0,0,0,0,0,0,3,0,0,0,0,0,0,0,0,0,0,0,0,0,0,0,0,0,0,0,0,9,0,39.9699,-75.1431, , 
 ,16227,2016091068,6,67,67301,2016,8,1,1435,14,1,1,0,4,1, , ,N,1,2,0,3,0,3,4,2,N,N,39 58:37.470,75 13:47.492,1445, ,1440, ,0, , , ,3, , , , , ,200832, , , ,2,0,0,0,0,0,0,2,0,0,0,0,3,3,0,0,0,0,0,0,1,0,0,0,0,0,0,0,0,0,0,0,0,0,0,8,0,39.9771,-75.2299, , 
 ,16228,2016110145,6,67,67301,2016,10,2,1011,10,1,1,0,4,1, , ,N,0,0,0,3,0,1,2,2,N,N,39 57:34.100,75 10:28.584,1019, ,1018,1,1,4, , ,0,N, , , , ,200851, , , ,2,1,1,0,0,0,0,0,0,0,0,0,1,1,0,0,0,0,0,0,1,0,0,0,0,0,0,0,0,0,0,0,0,0,0,8,0,39.9595,-75.1746, , 
 ,16229,2016119148,6,67,67301,2016,10,7,240,2,3,2,1,6,1, , ,N,0,0,0,3,0,2,3,3,N,N,39 58:53.801,75 13:33.163,300, ,259,2,1,4,N, ,0,N, , , , ,200852, , , ,3,2,0,0,0,0,1,0,0,0,0,0,2,2,0,0,0,0,0,0,0,0,0,2,0,0,0,0,0,0,0,0,0,0,0,8,0,39.9816,-75.2259, , 
 ,16230,2016117130,6,67,67301,2016,10,5,1437,14,1,2,1,5,1, , ,N,0,0,0,3,0,1,2,2,N,N,39 57:05.382,75 10:13.094,1449, ,1447, ,0, ,N, ,0, , , , , ,200865, , , ,1,1,0,0,0,0,0,0,1,0,0,0,1,1,0,0,0,0,0,0,0,1,0,0,0,0,0,0,0,0,0,0,0,0,0,8,0,39.9515,-75.1703, , 
 ,16231,2016138197,6,67,67301,2016,11,4,1712,17,3,1,0,7,5, , ,N,2,2,0,3,0,0,1,1,N, ,40 02:37.394,75 13:41.844,1720, ,1717, ,0, , , ,3, , , , , ,200874, , , ,1,1,0,0,0,0,0,0,0,0,0,0,0,0,0,0,0,0,0,0,0,0,0,1,0,0,0,0,0,0,0,0,0,0,0,0,0,40.0437,-75.2283, , 
 ,16232,2016013785,6,67,67301,2016,1,2,855,8,1,1,0,4,1, , ,N,0,0,7,3,0,2,3,2,N, ,40 00:22.551,75 05:29.973,900, ,855, ,0, , , ,0, , , , , ,198358, , , ,2,2,0,0,0,0,0,0,0,0,0,0,2,2,0,0,0,0,0,0,0,0,0,2,0,0,0,0,0,0,0,0,0,0,0,8,0,40.0063,-75.0917, , 
N,16233,2016014564,6,67,67301,2016,2,3,1345,13,1,1,0,5,1,1,4,Y,0,0,0,3,0,1,4,2,N,N,40 00:57.456,75 03:09.214,1355,45,1345,2,2,2, , ,0,N,Y,N,N,N,198359,N,N,Y,2,0,0,0,0,2,0,0,0,0,0,0,1,1,0,0,0,0,0,0,1,0,0,2,0,0,0,0,0,0,0,0,0,0,0,8,2,40.016,-75.0526, , 
 ,16234,2016036479,6,67,67301,2016,3,7,1545,15,1,1,0,1,6, , ,N,0,0,0,3,0,0,4,3,N, ,40 01:48.131,75 12:23.605,1548, ,1546, ,0, , , ,0, , , , , ,198385, , , ,3,1,0,0,0,0,2,0,0,0,0,0,0,0,0,0,0,0,0,0,0,0,1,0,0,0,0,0,0,0,0,0,0,0,0,0,0,40.03,-75.2066, , 
 ,16235,2016080869,6,67,67301,2016,7,6,1315,13,1,1,0,1,1, , ,N,2,3,0,3,0,2,5,3,N,N,39 59:54.506,75 05:52.539,1600, ,1600, ,0, ,N, ,3, , , , , ,198406, , , ,3,2,0,0,0,0,0,1,0,0,0,2,2,0,0,0,0,0,0,1,0,1,0,1,0,0,0,0,0,0,0,0,0,0,0,4,0,39.9985,-75.0979, , 
 ,16236,2016091679,6,67,67301,2016,8,1,400,4,3,1,0,8,1, , ,N,0,0,0,3,0,1,2,2,N,N,40 00:38.000,75 04:44.075,410, ,400, ,0, ,N, ,0, , , , , ,198415, , , ,1,1,0,0,0,0,0,0,0,0,0,0,1,1,0,0,0,0,0,0,0,0,0,1,0,0,0,0,0,0,0,0,1,0,0,8,0,40.0106,-75.0789, , 
 ,16237,2016114406,6,67,67301,2016,10,5,1017,10,1,1,0,4,1, , ,N,0,0,0,3,0,0,2,2,N,N,39 52:54.153,75 14:44.637,1021, ,1017, ,0, , , ,0, , , , , ,198421, , , ,2,0,0,0,0,1,1,0,0,0,0,0,0,0,0,0,0,0,0,0,0,1,0,0,0,0,0,0,0,0,0,0,0,0,0,0,1,39.8817,-75.2457, , 
 ,16238,2016064016,6,67,67301,2016,6,6,2330,23,3,1,0,4,1, , ,N,1,0,0,3,0,1,2,2,N,N,40 00:32.360,75 08:56.881,2346, ,2344,2,1,4,N, ,0,N, , , , ,198452, , , ,1,1,0,0,0,0,0,0,1,0,0,1,1,0,0,0,0,0,0,0,0,0,0,0,0,0,0,0,0,0,0,0,0,0,0,4,0,40.009,-75.1491, , 
 ,16239,2016064018,6,67,67301,2016,6,1,41,0,3,1,0,4,1, , ,N,1,2,0,3,0,4,5,3,N, ,39 59:30.829,75 14:01.359,48, ,46,2,2,5, , ,3,Y, , , , ,198453, , , ,3,3,0,0,0,0,0,0,0,0,0,0,4,4,0,0,0,0,0,0,0,0,0,0,0,0,0,0,0,0,0,0,0,0,0,8,0,39.9919,-75.2337, , 
 ,16240,2016062654,6,67,67301,2016,5,1,1720,17,1,1,0,1,1, , ,N,0,0,0,3,0,1,3,2,N,N,39 59:50.319,75 10:40.767,1725, ,1723, ,0, ,N, ,0, , , , , ,198464, , , ,2,1,1,0,0,0,0,0,0,0,0,0,1,1,0,0,0,0,0,1,0,0,0,2,0,0,0,0,0,0,0,0,0,0,0,8,0,39.9973,-75.178, , 
 ,16241,2016064023,6,67,67301,2016,6,4,850,8,1,1,0,8,6, , ,N,0,0,0,3,0,1,2,2,N,N,39 58:30.043,75 12:45.854,903, ,901, ,0, ,N, ,0, , , , , ,198468, , , ,1,1,0,0,0,0,0,0,0,0,0,0,1,1,0,0,0,0,0,0,0,0,0,0,0,0,0,0,0,0,0,0,1,0,0,8,0,39.975,-75.2127, , 
 ,16242,2016072964,6,67,67301,2016,7,4,148,1,3,1,0,7,4, , ,N,0,0,0,3,0,2,2,1,N,N,39 58:23.376,75 11:38.070,210, ,152, ,0, , , ,0, , , , , ,198476, , , ,1,1,0,0,0,0,0,0,0,0,2,0,2,0,0,0,0,0,0,0,0,0,0,0,0,0,0,0,0,0,0,0,0,0,0,3,0,39.9732,-75.1939, , 
 ,16243,2016080259,6,67,67301,2016,6,7,1205,12,1,1,0,4,1, , ,N,1,0,0,3,0,1,3,2,N,N,39 57:19.616,75 13:58.461,1230, ,1223, ,0, ,N, ,0, , , , , ,198480, , , ,2,2,0,0,0,0,0,0,0,0,0,0,1,1,0,0,0,0,0,0,0,1,0,2,0,0,0,0,0,0,0,0,0,0,0,8,0,39.9554,-75.2329, , 
 ,16244,2016081444,6,67,67301,2016,7,2,2000,20,1,2,1,5,6, , ,N,0,0,0,3,0,0,2,3,N,N,39 58:10.936,75 13:27.640,2013, ,2005, ,0, ,N, ,0, , , , , ,198481, , , ,3,2,0,0,0,0,1,0,0,0,0,0,0,0,1,0,0,0,0,0,0,0,0,0,0,0,0,0,0,0,0,0,0,0,0,9,0,39.9697,-75.2243, , 
N,16245,2016084188,6,67,67301,2016,7,6,1625,16,1,1,0,1,1,1,4,Y,0,0,0,3,0,1,4,3,N,N,40 01:27.208,75 01:52.817,1708,45,1627,2,1,2, , ,0,N,Y,N,N,N,198483,N,N,Y,3,2,0,0,0,0,1,0,0,0,0,0,1,1,0,0,0,0,0,0,0,1,0,1,0,0,0,0,0,0,0,0,0,0,0,8,0,40.0242,-75.0313, , 
 ,16246,2016082201,6,67,67301,2016,7,7,1955,19,3,8,1,1,1, , ,N,0,0,7,3,0,2,3,2,N, ,39 59:31.619,75 08:24.167,2001, ,2000, ,0, , , ,0, , , , , ,198490, , , ,2,1,0,0,1,0,0,0,0,0,0,2,2,0,0,0,0,0,0,0,1,0,0,0,0,0,0,0,0,0,0,0,0,0,0,4,0,39.9921,-75.14, , 
 ,16247,2016058603,6,67,67301,2016,5,3,752,7,1,1,0,1,1, , ,N,6,4,2,3,0,3,5,2,N,N,40 00:34.498,75 11:14.124,804, ,755,9,1,1,N, ,3,N, , , , ,198496, , , ,2,2,0,0,0,0,0,0,0,0,0,0,3,3,0,0,0,0,0,0,0,0,0,0,0,0,0,0,0,0,0,0,0,0,0,8,0,40.0096,-75.1873, , 
 ,16248,2016138167,6,67,67301,2016,12,4,815,8,1,1,1,8,1, , ,N,2,0,0,3,0,1,2,2,N,Y,40 00:54.838,75 04:01.221,946, ,945, ,0, ,N, ,0, , , , , ,198502, , , ,1,1,0,0,0,0,0,0,0,0,0,1,1,0,1,0,0,0,0,0,0,0,0,0,0,0,0,0,0,0,0,0,1,0,0,4,0,40.0152,-75.067, , 
 ,16249,2017005759,6,67,67301,2016,12,4,1139,11,1,1,0,5,1,1,4,Y,0,0,0,3,0,0,4,2,N,N,39 56:56.597,75 09:42.930,1155,99,1145, ,0, ,N, ,0, ,U, , ,U,198510, , ,Y,2,1,0,0,0,1,0,0,0,0,0,0,0,0,0,0,0,0,0,0,1,0,0,0,0,0,0,0,0,0,0,0,0,0,0,0,1,39.9491,-75.1619, , 
 ,16250,2016070682,6,67,67301,2016,6,7,2305,23,3,1,0,4,1, , ,N,1,2,0,3,0,2,3,2,N,N,40 07:24.747,75 00:55.270,2316, ,2311, ,0, , , ,3, , , , , ,193050, , , ,2,1,0,0,0,0,1,0,0,0,2,0,2,0,0,0,0,0,0,0,1,0,0,1,0,0,0,0,0,0,0,0,0,0,0,3,0,40.1235,-75.0154, , 
 ,16251,2016088622,6,67,67301,2016,8,1,1350,13,1,1,0,8,2, , ,N,0,0,0,3,0,1,2,3,N,N,39 58:58.256,75 13:51.129,1400, ,1355, ,0, , , ,0, , , , , ,193070, , , ,2,1,0,0,0,0,1,0,0,0,1,0,1,0,0,0,0,0,0,0,0,0,0,1,0,0,0,0,0,0,0,0,1,0,0,3,0,39.9828,-75.2309, , 
 ,16252,2016082315,6,67,67301,2016,7,1,524,5,3,2,1,5,1, , ,N,0,0,0,3,0,1,1,4,N,N,40 02:51.939,75 01:34.453,531, ,525, ,0, ,N, ,0, , , , , ,193072, , , ,4,2,0,0,0,0,0,0,0,0,0,1,1,0,0,0,0,0,0,0,0,0,0,1,0,0,0,0,0,0,0,0,0,0,0,4,0,40.0478,-75.0262, , 
 ,16253,2016097753,6,67,67301,2016,9,2,2220,22,3,1,0,4,1, , ,N,1,3,0,3,0,2,3,2,N,N,39 58:09.900,75 09:47.700,2225, ,2220, ,0, ,N, ,3, , , , , ,193085, , , ,2,1,0,0,0,0,1,0,0,0,0,1,2,1,0,0,0,0,0,0,0,0,0,1,0,0,0,0,0,0,0,0,0,0,0,4,0,39.9694,-75.1633, , 
 ,16254,2016087197,6,67,67301,2016,8,5,1408,14,1,1,0,5,6, , ,N,0,0,0,3,0,0,1,3,N,N,40 04:51.884,74 58:12.904,1410, ,1409,1,1,4,N, ,0,Y, , , , ,193086, , , ,3,1,0,0,0,0,1,1,0,0,0,0,0,0,0,0,0,0,0,0,1,0,0,0,0,0,0,0,0,0,0,0,0,0,0,0,0,40.0811,-74.9703, , 
 ,16255,2016112151,6,67,67301,2016,10,7,1530,15,1,1,0,6,6, , ,N,0,0,0,3,0,1,1,2,N,N,39 59:24.948,75 06:28.570,1540, ,1537, ,0, ,N, ,0, , , , , ,193090, , , ,2,1,0,0,0,1,0,0,0,0,0,0,1,1,0,0,0,0,0,0,0,0,0,0,0,0,0,0,0,0,0,0,0,0,0,8,1,39.9903,-75.1079, , 
 ,16256,2016052300,6,67,67301,2016,5,2,1200,12,1,2,1,5,1, , ,N,0,0,0,3,0,1,1,4,N, ,40 00:06.500,75 06:13.400,1202, ,1202, ,0, , , ,0, , , , , ,193095, , , ,4,4,0,0,0,0,0,0,0,0,0,0,1,1,0,0,0,0,0,0,0,0,0,1,0,0,0,0,0,0,0,0,0,0,0,8,0,40.0018,-75.1037, , 
 ,16257,2016080962,6,67,67301,2016,6,7,135,1,3,1,0,5,6, , ,N,0,0,0,3,0,4,5,2,N, ,40 00:10.954,75 09:27.352,145, ,140, ,0, , , ,0, , , , , ,193106, , , ,2,1,0,1,0,0,0,0,0,0,0,1,4,3,0,0,0,0,0,0,0,0,0,0,0,0,0,0,0,0,0,0,0,0,0,4,1,40.003,-75.1576, , 
 ,16258,2016087131,6,67,67301,2016,8,7,2141,21,3,1,0,4,1, , ,N,1,2,0,3,0,2,3,2,N,N,39 59:40.673,75 05:40.311,2203, ,2202, ,0, ,N, ,3, , , , , ,193110, , , ,2,1,0,0,0,0,1,0,0,0,0,2,2,0,1,0,0,0,0,0,1,0,0,0,0,0,0,0,0,0,0,0,0,0,0,4,0,39.9946,-75.0945, , 
 ,16259,2016097186,6,67,67301,2016,8,6,1056,10,1,1,0,7,5, , ,N,1,0,0,3,0,1,1,1,N,N,39 59:35.462,75 06:24.911,1115, ,1056, ,0, ,N, ,0, , , , , ,193115, , , ,1,0,0,0,1,0,0,0,0,0,0,0,1,1,0,0,0,0,0,0,1,0,0,0,0,0,0,0,0,0,0,0,0,0,0,8,0,39.9932,-75.1069, , 
 ,16260,2016107290,6,67,67301,2016,9,2,917,9,1,2,1,1,1, , ,N,0,0,0,3,0,1,2,2,N,N,39 58:55.704,75 06:03.632,926, ,917,1,1,2, , ,0,N, , , , ,193118, , , ,2,2,0,0,0,0,0,0,0,0,0,0,1,1,0,0,0,0,0,0,0,0,0,0,0,0,0,0,0,0,0,0,0,0,0,8,0,39.9821,-75.101, , 
 ,16261,2016105893,6,67,67301,2016,9,2,2125,21,3,1,0,4,1, , ,N,1,3,0,3,0,0,2,2,N, ,39 56:18.225,75 13:07.971,2340, ,2335, ,0, , , ,3, , , , , ,193125, , , ,2,1,0,0,0,0,1,0,0,0,0,0,0,0,0,0,0,0,0,0,0,0,0,2,0,0,0,0,0,0,0,0,0,0,0,0,0,39.9384,-75.2189, , 
 ,16262,2016108111,6,67,67301,2016,9,6,802,8,1,2,1,1,1, , ,N,1,2,0,3,0,1,5,3,N, ,39 56:22.120,75 10:47.362,820, ,818, ,0, , , ,3, , , , , ,193127, , , ,3,3,0,0,0,0,0,0,0,0,0,0,1,1,0,0,0,0,0,0,0,0,0,0,0,0,0,0,0,0,0,0,0,0,0,8,0,39.9395,-75.1798, , 
 ,16263,2016099575,6,67,67301,2016,9,7,9999,99,1,1,0,4,1, , ,N,1,2,0,3,0,1,2,2,N,N,39 58:00.135,75 10:44.570,1440, ,1430, ,0, ,N, ,3, , , , , ,193134, , , ,1,1,0,0,0,0,0,0,1,0,0,1,1,0,0,0,0,0,0,0,0,0,1,0,0,0,0,0,0,0,0,0,0,0,0,4,0,39.9667,-75.179, , 
 ,16264,2016052398,6,67,67301,2016,4,4,1820,18,1,1,1,5,1, , ,N,0,0,0,3,0,1,2,2,N,N,39 56:31.909,75 09:15.595,1830, ,1830, ,0, ,N, ,0, , , , , ,193146, , , ,1,1,0,0,0,0,0,0,1,0,0,1,1,0,0,0,0,0,0,0,0,0,0,1,0,0,0,0,0,0,0,0,0,0,0,4,0,39.9422,-75.1543, , 
 ,16265,2016062561,6,67,67301,2016,5,2,1101,11,1,1,0,7,4, , ,N,1,3,0,3,0,1,1,1,N,N,40 02:41.384,75 10:54.117,1104, ,1102, ,0, ,N, ,3, , , , , ,193150, , , ,1,1,0,0,0,0,0,0,0,0,0,0,1,1,0,0,0,0,0,0,0,0,0,0,0,0,0,0,0,0,0,0,0,0,0,8,0,40.0448,-75.1817, , 
 ,16266,2016077649,6,67,67301,2016,7,7,2050,20,2,2,1,1,1, , ,N,0,0,0,3,0,1,3,2,N,N,39 56:41.103,75 11:28.862,2100, ,2055, ,0, , , ,0, , , , , ,193161, , , ,2,0,0,0,0,0,2,0,0,0,0,0,1,1,0,0,0,1,0,0,0,0,0,0,0,0,0,0,0,0,0,0,0,0,0,8,0,39.9448,-75.1914, , 
 ,16267,2016080694,6,67,67301,2016,6,3,1050,10,1,1,0,5,1, , ,N,0,0,0,3,0,1,3,2,N, ,40 02:04.716,75 06:59.136,1210, ,1200, ,0, , , ,0, , , , , ,193164, , , ,2,2,0,0,0,0,0,0,0,0,0,0,1,1,0,0,0,0,0,0,0,0,1,1,0,0,0,0,0,0,0,0,0,0,0,8,0,40.0346,-75.1164, , 
 ,16268,2016080133,6,67,67301,2016,7,1,1221,12,1,1,0,4,1, , ,N,2,3,0,3,0,0,3,2,N, ,40 00:49.874,75 11:05.159,1311, ,1251,1,1,5, , ,3,Y, , , , ,195523, , , ,2,2,0,0,0,0,0,0,0,0,0,0,0,0,3,0,0,1,0,0,0,0,0,0,0,0,0,0,0,0,0,0,0,0,0,9,0,40.0139,-75.1848, , 
 ,16269,2016105540,6,67,67301,2016,9,3,652,6,1,8,1,4,1, , ,N,1,2,0,3,0,1,2,2,N, ,39 57:30.652,75 09:56.236,708, ,706,2,1,1, , ,3,Y, , , , ,195542, , , ,2,1,0,0,1,0,0,0,0,0,0,1,1,0,0,0,0,0,0,0,0,0,0,1,0,0,0,0,0,0,0,0,0,0,0,4,0,39.9585,-75.1656, , 
 ,16270,2016070689,6,67,67301,2016,6,5,950,9,1,1,0,1,1, , ,N,0,0,0,3,0,1,2,2,N,N,40 02:19.937,75 03:23.092,1001, ,956,1,1,1,N, ,0,N, , , , ,195561, , , ,2,1,0,0,0,0,1,0,0,0,0,1,1,0,0,0,0,0,0,0,1,0,0,1,0,0,0,0,0,0,0,0,0,0,0,4,0,40.0389,-75.0564, , 
 ,16271,2016080495,6,67,67301,2016,7,6,1640,16,1,2,1,4,1, , ,N,1,2,0,3,0,1,2,2,N,N,40 02:46.150,75 04:44.993,1650, ,1642, ,0, , , ,3, , , , , ,195566, , , ,2,1,0,0,1,0,0,0,0,0,1,0,1,0,1,0,0,0,0,0,0,0,0,0,0,0,0,0,0,0,0,0,0,0,0,3,0,40.0462,-75.0792, , 
 ,16272,2016082503,6,67,67301,2016,7,7,1226,12,1,1,0,1,1, , ,N,0,0,0,3,0,0,4,2,N,N,40 00:00.071,75 11:42.787,1226, ,1226, ,0, , , ,0, , , , , ,195567, , , ,2,2,0,0,0,0,0,0,0,0,0,0,0,0,0,0,0,0,0,0,1,0,0,0,0,0,0,0,0,0,0,0,0,0,0,0,0,40,-75.1952, , 
 ,16273,2016088601,6,67,67301,2016,8,3,1745,17,1,1,0,4,1, , ,N,2,0,7,3,0,1,3,2,N,N,39 55:59.851,75 08:41.348,1752, ,1750,1,1,3,N, ,0,N, , , , ,195569, , , ,2,2,0,0,0,0,0,0,0,0,0,1,1,0,0,0,0,0,1,0,0,0,0,0,0,0,0,0,0,0,0,0,0,0,0,4,0,39.9333,-75.1448, , 
 ,16274,2016083820,6,67,67301,2016,8,3,1629,16,1,1,0,1,1, , ,N,0,0,0,3,0,0,6,3,N,N,40 01:23.320,75 02:07.376,1706, ,1629,2,1,2, , ,0,N, , , , ,195571, , , ,3,2,0,0,0,0,1,0,0,0,0,0,0,0,0,0,0,0,0,0,0,1,0,0,0,0,0,0,0,0,0,0,0,0,0,0,0,40.0231,-75.0354, , 
 ,16275,2016092134,6,67,67301,2016,8,4,1643,16,1,1,0,4,1, , ,N,0,0,0,3,0,2,2,2,N, ,40 00:57.297,75 10:13.268,1659, ,1657, ,0, , , ,0, , , , , ,195575, , , ,2,2,0,0,0,0,0,0,0,0,0,1,2,1,0,0,0,0,0,0,1,0,0,0,0,0,0,0,0,0,0,0,0,0,0,4,0,40.0159,-75.1704, , 
 ,16276,2016100602,6,67,67301,2016,9,3,43,0,3,1,0,5,1, , ,N,0,0,0,3,0,0,3,2,N,N,39 52:37.290,75 15:17.211,100, ,45, ,0, , , ,0, , , , , ,195585, , , ,2,2,0,0,0,0,0,0,0,0,0,0,0,0,1,0,0,0,0,0,0,0,0,0,0,0,0,0,0,0,0,0,0,0,0,9,0,39.877,-75.2548, , 
 ,16277,2016105568,6,67,67301,2016,10,1,605,6,3,2,1,6,6, , ,N,0,0,0,3,0,0,1,3,N,N,40 04:02.643,75 02:03.732,617, ,610, ,0, ,N, ,0, , , , , ,195591, , , ,3,1,0,0,0,0,1,1,0,0,0,0,0,0,1,0,0,0,0,0,0,0,0,0,0,0,0,0,0,0,0,0,0,0,0,9,0,40.0674,-75.0344, , 
 ,16278,2016063954,6,67,67301,2016,6,2,655,6,1,1,0,1,1, , ,N,0,2,0,3,0,1,2,2,N,N,40 04:50.103,75 01:43.566,725, ,700,2,1,1,N, ,3,N, , , , ,195616, , , ,2,2,0,0,0,0,0,0,0,0,0,0,1,1,0,0,0,0,0,0,0,0,0,0,0,0,0,0,0,0,0,0,0,0,0,8,0,40.0806,-75.0288, , 
 ,16279,2016092112,6,67,67301,2016,8,5,750,7,1,1,0,5,6, , ,N,0,0,0,3,0,1,2,3,N,N,39 55:32.831,75 10:39.174,755, ,755,1,2,2,N, ,0,N, , , , ,195637, , , ,3,3,0,0,0,0,0,0,0,0,0,1,1,0,0,0,0,0,0,0,0,0,0,1,0,0,0,0,0,0,0,0,0,0,0,4,0,39.9258,-75.1775, , 