wz_ln_closure,objectid_1,crn,district,county,municipality,crash_year,crash_month,day_of_week,time_of_day,hour_of_day,illumination,weather,road_condition,collision_type,relation_to_road,work_zone_type,work_zone_loc,work_zone_ind,intersect_type,tcd_type,location_type,urban_rural,fatal_count,injury_count,person_count,total_units,sch_bus_ind,sch_zone_ind,latitude,longitude,arrival_tm,cons_zone_spd_lim,dispatch_tm,est_hrs_closed,lane_closed,ln_close_dir,ntfy_hiwy_maint,spec_juris_cd,tcd_func_cd,tfc_detour_ind,workers_pres,wz_close_detour,wz_flagger,wz_law_offcr_ind,objectid,wz_moving,wz_other,wz_shlder_mdn,vehicle_count,automobile_count,motorcycle_count,bus_count,small_truck_count,heavy_truck_count,suv_count,van_count,bicycle_count,maj_inj_count,mod_inj_count,min_inj_count,tot_inj_count,unk_inj_deg_count,unk_inj_per_count,driver_count_16yr,driver_count_17yr,driver_count_18yr,driver_count_19yr,driver_count_20yr,driver_count_50_64yr,driver_count_65_74yr,driver_count_75plus,unbelted_occ_count,unb_death_count,unb_maj_inj_count,belted_death_count,belted_maj_inj_count,mcycle_death_count,mcycle_maj_inj_count,bicycle_death_count,bicycle_maj_inj_count,ped_count,ped_death_count,ped_maj_inj_count,max_severity_level,comm_veh_count,dec_lat,dec_long,rdwy_surf_type_cd,county_name
 ,16413,2016050284,6,67,67301,2016,5,6,955,9,1,2,7,7,4, , ,N,0,0,0,3,0,0,1,1,N,N,39 54:24.611,75 08:59.282,1013, ,955,2,1,2, , ,0,N, , , , ,193575, , , ,1,1,0,0,0,0,0,0,0,0,0,0,0,0,0,0,0,0,0,0,0,0,0,0,0,0,0,0,0,0,0,0,0,0,0,0,0,39.9068,-75.1498, , 
 ,16414,2016105576,6,67,67301,2016,9,5,1615,16,1,2,1,4,1, , ,N,1,2,0,3,0,0,6,3,N,N,40 05:49.711,75 01:05.375,1631, ,1630,1,1,1,N, ,3,N, , , , ,195875, , , ,3,0,0,0,0,0,2,1,0,0,0,0,0,0,0,0,0,0,0,0,1,0,0,0,0,0,0,0,0,0,0,0,0,0,0,0,0,40.0971,-75.0182, , 
 ,16415,2016105636,6,67,67301,2016,9,1,1826,18,1,1,0,4,1, , ,N,1,2,0,3,0,3,4,2,N,N,40 01:08.973,75 04:53.510,1830, ,1830, ,0, , , ,3, , , , , ,195884, , , ,2,1,0,0,0,0,1,0,0,0,3,0,3,0,0,0,0,0,0,0,1,0,0,0,0,0,0,0,0,0,0,0,0,0,0,3,0,40.0191,-75.0815, , 
 ,16416,2016058646,6,67,67301,2016,5,4,740,7,1,1,0,5,6, , ,N,0,0,0,3,0,0,1,2,N, ,40 03:34.823,75 10:35.028,822, ,812, ,0, , , ,0, , , , , ,195890, , , ,2,0,0,0,0,0,2,0,0,0,0,0,0,0,0,0,0,0,0,0,0,0,0,0,0,0,0,0,0,0,0,0,0,0,0,0,0,40.0597,-75.1764, , 
 ,16417,2016080409,6,67,67301,2016,7,6,1800,18,1,1,0,4,1, , ,N,2,3,0,3,0,1,2,2,N,N,40 00:09.018,75 08:08.073,1815, ,1809, ,0, ,N, ,3, , , , , ,195904, , , ,2,0,1,0,0,0,1,0,0,0,0,0,1,1,0,0,0,0,0,0,0,0,0,1,0,0,0,0,0,0,0,0,0,0,0,8,0,40.0025,-75.1356, , 
 ,16418,2016080474,6,67,67301,2016,6,1,1319,13,1,1,0,4,1, , ,N,1,2,0,3,0,1,2,2,N, ,40 01:11.208,75 09:02.246,1323, ,1320, ,0, , , ,3, , , , , ,195905, , , ,2,1,0,0,0,0,0,1,0,0,0,0,1,1,0,0,0,0,0,0,1,0,0,1,0,0,0,0,0,0,0,0,0,0,0,8,0,40.0198,-75.1506, , 
N,16419,2016084191,6,67,67301,2016,7,6,1625,16,1,1,0,1,1,1,4,Y,0,0,0,3,0,0,3,2,N,N,40 01:27.208,75 01:52.817,1708,45,1627,2,1,2, , ,0,N,Y,N,N,N,195908,N,N,Y,2,1,0,0,1,0,0,0,0,0,0,0,0,0,0,0,0,0,0,0,1,0,0,0,0,0,0,0,0,0,0,0,0,0,0,0,0,40.0242,-75.0313, , 
 ,16420,2016080946,6,67,67301,2016,7,7,1710,17,1,1,0,4,1, , ,N,2,3,0,3,0,0,4,2,N,N,40 04:59.102,75 02:34.951,1714, ,1712,1,1,1, , ,3,Y, , , , ,195914, , , ,2,1,0,0,0,0,1,0,0,0,0,0,0,0,0,0,0,0,0,0,0,0,0,1,0,0,0,0,0,0,0,0,0,0,0,0,0,40.0831,-75.043, , 
 ,16421,2016082221,6,67,67301,2016,7,1,320,3,3,1,0,2,1, , ,N,0,0,0,3,0,2,3,2,N,N,39 58:12.421,75 11:21.651,331, ,331, ,0, ,N, ,0, , , , , ,195916, , , ,2,1,0,0,0,0,1,0,0,0,1,1,2,0,0,0,0,0,0,0,0,0,0,1,0,0,0,0,0,0,0,0,0,0,0,3,0,39.9701,-75.1893, , 
 ,16422,2016097656,6,67,67301,2016,8,7,1430,14,1,1,0,4,1, , ,N,1,2,0,3,0,3,7,2,N,N,40 02:05.146,75 04:15.791,1434, ,1434,2,2,1,N, ,3,N, , , , ,195918, , , ,2,2,0,0,0,0,0,0,0,0,0,3,3,0,0,0,0,0,0,0,0,0,0,1,0,0,0,0,0,0,0,0,0,0,0,4,0,40.0348,-75.0711, , 
 ,16423,2016052377,6,67,67301,2016,4,6,1150,11,1,2,1,8,6, , ,N,0,0,0,3,0,1,2,2,N, ,39 57:11.568,75 10:13.054,1315, ,1250, ,0, , , ,0, , , , , ,195941, , , ,1,1,0,0,0,0,0,0,0,0,0,1,1,0,0,0,0,0,0,0,0,0,0,1,0,0,0,0,0,0,0,0,1,0,0,4,0,39.9532,-75.1703, , 
 ,16424,2016053664,6,67,67301,2016,5,4,1909,19,1,1,0,5,1, , ,N,1,2,0,3,0,0,2,2,N,N,39 57:16.503,75 10:22.776,1911, ,1909, ,0, ,N, ,3, , , , , ,195942, , , ,2,1,0,0,0,0,0,0,0,0,0,0,0,0,1,0,0,0,0,0,2,0,0,0,0,0,0,0,0,0,0,0,0,0,0,9,0,39.9546,-75.173, , 
 ,16425,2016082292,6,67,67301,2016,7,1,1605,16,1,1,0,5,6, , ,N,0,0,0,3,0,0,1,3,N, ,40 00:13.092,75 07:27.102,1610, ,1607, ,0, , , ,0, , , , , ,195960, , , ,3,2,0,0,1,0,0,0,0,0,0,0,0,0,0,0,0,0,0,0,0,0,0,0,0,0,0,0,0,0,0,0,0,0,0,0,0,40.0036,-75.1242, , 
 ,16426,2016097063,6,67,67301,2016,8,6,1917,19,4,1,0,5,1, , ,N,0,0,0,3,0,1,3,2,N,N,40 02:33.427,75 03:48.025,1919, ,1917,9,1,1, , ,0,N, , , , ,195961, , , ,2,1,0,0,0,0,1,0,0,0,0,0,1,1,0,0,0,0,0,0,1,0,0,1,0,0,0,0,0,0,0,0,0,0,0,8,0,40.0426,-75.0633, , 
 ,16427,2016119646,6,67,67301,2016,10,7,1119,11,1,2,1,2,1, , ,N,0,0,0,3,0,0,2,2,N, ,39 59:13.476,75 05:16.302,1126, ,1123, ,0, , , ,0, , , , , ,195973, , , ,2,0,0,0,0,1,1,0,0,0,0,0,0,0,0,0,0,0,0,0,1,0,0,1,0,0,0,0,0,0,0,0,0,0,0,0,1,39.9871,-75.0879, , 
 ,16428,2016117191,6,67,67301,2016,10,7,1129,11,1,1,0,4,1, , ,N,1,2,0,3,0,1,3,2,N,N,39 57:20.167,75 10:21.953,9999, ,1129, ,0, ,N, ,3, , , , , ,195986, , , ,1,1,0,0,0,0,0,0,1,0,0,0,1,1,0,0,0,0,0,0,1,0,0,0,0,0,0,0,0,0,0,0,0,0,0,8,0,39.9556,-75.1728, , 
 ,16429,2016105935,6,67,67301,2016,9,7,1400,14,1,1,0,7,4, , ,N,0,0,0,3,0,1,1,1,N,N,40 03:41.784,74 59:36.656,1420, ,1415, ,0, ,N, ,0, , , , , ,196021, , , ,1,1,0,0,0,0,0,0,0,0,1,0,1,0,0,0,0,0,0,0,1,0,0,0,0,0,0,0,0,0,0,0,0,0,0,3,0,40.0616,-74.9935, , 
 ,16430,2016117666,6,67,67301,2016,10,4,1545,15,1,1,0,4,1, , ,N,5,2,0,3,0,1,6,2,N,N,40 03:11.276,75 05:31.765,1617, ,1615, ,0, ,N, ,3, , , , , ,196032, , , ,2,2,0,0,0,0,0,0,0,0,0,1,1,0,0,0,0,0,0,0,0,0,0,0,0,0,0,0,0,0,0,0,0,0,0,4,0,40.0531,-75.0922, , 
 ,16431,2016050857,6,67,67301,2016,1,7,1600,16,1,1,0,1,1, , ,N,1,2,0,3,0,1,2,2,N,N,39 59:46.444,75 10:20.389,0, ,0, ,0, ,N, ,3, , , , , ,196039, , , ,2,0,0,0,0,0,1,0,0,0,0,0,1,1,0,0,0,0,0,0,1,0,0,0,0,0,0,0,0,0,0,0,0,0,0,8,0,39.9962,-75.1723, , 
 ,16432,2016048677,6,67,67301,2016,4,2,2110,21,3,1,0,4,1, , ,N,1,2,0,3,0,1,2,2,N,N,40 04:27.539,75 02:05.367,2120, ,2115, ,0, ,N, ,3, , , , , ,201186, , , ,2,2,0,0,0,0,0,0,0,0,0,0,1,1,0,0,0,0,0,0,1,1,0,0,0,0,0,0,0,0,0,0,0,0,0,8,0,40.0743,-75.0348, , 
 ,16433,2016080239,6,67,67301,2016,7,6,248,2,3,1,0,4,1, , ,N,5,2,2,3,0,1,2,2,N,N,39 57:11.151,75 10:54.540,255, ,248, ,0, ,N, ,3, , , , , ,201201, , , ,2,2,0,0,0,0,0,0,0,0,0,0,1,1,1,0,0,0,0,0,0,0,0,0,0,0,0,0,0,0,0,0,0,0,0,8,0,39.9531,-75.1819, , 
 ,16434,2016080493,6,67,67301,2016,6,1,9999,99,1,1,0,1,1, , ,N,0,2,0,3,0,2,5,4,N, ,40 02:49.934,75 05:28.883,9999, ,1526, ,0, , , ,3, , , , , ,201202, , , ,4,2,0,0,0,0,2,0,0,0,0,2,2,0,0,0,0,0,0,0,1,1,1,0,0,0,0,0,0,0,0,0,0,0,0,4,0,40.0472,-75.0914, , 
 ,16435,2016092206,6,67,67301,2016,8,7,2117,21,3,1,0,4,1, , ,N,1,2,0,3,0,0,2,2,N,N,40 04:51.445,75 01:43.230,2125, ,2120, ,0, ,N, ,3, , , , , ,201215, , , ,2,2,0,0,0,0,0,0,0,0,0,0,0,0,0,0,1,0,0,0,0,0,0,0,0,0,0,0,0,0,0,0,0,0,0,0,0,40.0809,-75.0288, , 
 ,16436,2016106344,6,67,67301,2016,9,4,820,8,1,1,0,4,1, , ,N,1,3,0,3,0,3,6,3,N,N,39 57:01.504,75 14:42.907,823, ,820, ,0, ,N, ,3, , , , , ,201221, , , ,3,0,0,0,0,0,2,1,0,0,0,3,3,0,0,0,0,0,0,0,1,0,0,1,0,0,0,0,0,0,0,0,0,0,0,4,0,39.9504,-75.2453, , 
 ,16437,2016105869,6,67,67301,2016,9,7,213,2,3,1,0,8,1, , ,N,1,2,1,3,0,1,2,2,N, ,39 57:37.796,75 13:43.015,322, ,213, ,0, , , ,3, , , , , ,201223, , , ,1,1,0,0,0,0,0,0,0,0,0,0,1,1,0,0,0,0,0,0,1,0,0,1,0,0,0,0,0,0,0,0,1,0,0,8,0,39.9604,-75.2287, , 
 ,16438,2016134644,6,67,67301,2016,12,4,1028,10,1,1,0,1,1, , ,N,0,0,0,3,0,0,2,2,N,N,39 57:28.823,75 09:49.163,1028, ,1028,2,1,3, , ,0,N, , , , ,201237, , , ,2,1,0,0,0,0,0,1,0,0,0,0,0,0,0,0,0,0,1,0,1,0,0,0,0,0,0,0,0,0,0,0,0,0,0,0,0,39.958,-75.1637, , 
 ,16439,2016063926,6,67,67301,2016,6,5,1800,18,1,1,0,4,1, , ,N,1,2,0,3,0,1,2,2,N,N,40 00:54.831,75 08:59.392,1245, ,1230, ,0, ,N, ,3, , , , , ,201243, , , ,2,1,0,0,0,0,0,1,0,0,0,0,1,1,0,0,0,0,0,0,0,0,0,1,0,0,0,0,0,0,0,0,0,0,0,8,0,40.0152,-75.1498, , 
 ,16440,2016065711,6,67,67301,2016,6,7,1800,18,1,1,0,1,6, , ,N,0,0,0,3,0,1,2,3,N,N,39 59:28.424,75 08:30.544,9999, ,9999, ,0, ,N, ,0, , , , , ,201245, , , ,2,1,0,0,0,0,1,0,0,0,1,0,1,0,0,0,0,0,0,0,0,0,0,1,0,0,0,0,0,0,0,0,1,0,0,3,0,39.9912,-75.1418, , 
 ,16441,2016087662,6,67,67301,2016,8,7,1545,15,1,9,0,4,6, , ,N,0,0,0,3,0,0,1,2,N,N,40 01:51.747,75 08:16.443,1721, ,1718, ,0, ,N, ,0, , , , , ,201251, , , ,2,1,0,0,0,0,0,0,0,0,0,0,0,0,0,0,0,0,0,0,0,0,0,0,0,0,0,0,0,0,0,0,0,0,0,0,0,40.031,-75.1379, , 
 ,16442,2016082196,6,67,67301,2016,7,4,1535,15,1,1,0,4,1, , ,N,1,3,0,3,0,1,2,2,N,N,40 00:46.903,75 04:15.914,1539, ,1539, ,0, ,N, ,3, , , , , ,201255, , , ,2,0,1,0,0,0,0,1,0,0,0,1,1,0,0,0,0,0,0,0,1,0,0,1,0,0,0,0,0,0,0,0,0,0,0,4,0,40.013,-75.0711, , 
 ,16443,2016092083,6,67,67301,2016,8,1,840,8,1,1,0,8,1, , ,N,1,0,0,3,0,1,2,2,N,N,40 03:19.004,75 11:06.183,850, ,845, ,0, ,N, ,0, , , , , ,201258, , , ,1,1,0,0,0,0,0,0,0,0,0,0,1,1,0,0,0,0,0,0,0,0,0,1,0,0,0,0,0,0,0,0,1,0,0,8,0,40.0553,-75.1851, , 
 ,16444,2016105847,6,67,67301,2016,9,2,1028,10,1,2,1,4,1, , ,N,2,2,0,3,0,2,4,2,N, ,40 00:30.383,75 10:13.649,1132, ,1131, ,0, , , ,3, , , , , ,201262, , , ,2,1,0,0,0,0,1,0,0,0,0,2,2,0,0,0,0,0,0,0,0,0,0,0,0,0,0,0,0,0,0,0,0,0,0,4,0,40.0084,-75.1704, , 
 ,16445,2016117749,6,67,67301,2016,10,7,1816,18,1,1,0,4,1, , ,N,2,0,0,3,0,1,3,2,N,N,40 01:13.039,75 09:46.119,1820, ,1817,2,1,6,N, ,0,N, , , , ,201272, , , ,2,2,0,0,0,0,0,0,0,0,0,1,1,0,0,0,0,0,0,0,0,0,0,0,0,0,0,0,0,0,0,0,0,0,0,4,0,40.0203,-75.1628, , 
 ,16446,2016082375,6,23,23103,2016,7,2,1403,14,1,1,0,1,1, , ,N,0,0,7,3,0,0,3,2,N,N,39 58:33.718,75 16:41.552,1430, ,1413, ,0, ,N, ,0, , , , , ,201302, , , ,2,0,0,0,0,0,1,1,0,0,0,0,0,0,0,0,0,0,0,0,0,0,0,0,0,0,0,0,0,0,0,0,0,0,0,0,0,39.976,-75.2782, , 
 ,16447,2016082272,6,67,67301,2016,7,7,1620,16,1,1,0,6,1, , ,N,0,0,0,3,0,1,2,2,N,N,39 59:55.893,75 07:55.054,1651, ,1650, ,0, ,N, ,0, , , , , ,201307, , , ,2,2,0,0,0,0,0,0,0,0,1,0,1,0,0,0,0,0,0,0,1,0,0,1,0,0,0,0,0,0,0,0,0,0,0,3,0,39.9989,-75.132, , 
 ,16448,2016094292,6,67,67301,2016,9,7,130,1,3,1,0,7,4, , ,N,0,0,0,3,0,1,2,1,N,N,39 53:14.883,75 12:56.392,142, ,132, ,0, , , ,0, , , , , ,201311, , , ,1,1,0,0,0,0,0,0,0,0,0,0,1,1,0,0,0,0,1,0,0,0,0,1,0,0,0,0,0,0,0,0,0,0,0,8,0,39.8875,-75.2157, , 
 ,16449,2016019180,6,67,67301,2016,2,4,1732,17,2,2,1,8,1, , ,N,1,2,0,3,0,1,2,2,N, ,39 58:37.470,75 13:47.492,1739, ,1734, ,0, , , ,3, , , , , ,201346, , , ,1,0,0,0,0,0,1,0,0,0,0,1,1,0,0,0,0,0,0,0,0,1,0,0,0,0,0,0,0,0,0,0,1,0,0,4,0,39.9771,-75.2299, , 
 ,16450,2016102538,6,67,67301,2016,9,6,216,2,3,2,7,7,4, , ,N,0,0,0,3,0,0,1,1,N,N,39 56:45.214,75 11:23.680,222, ,216, ,0, , , ,0, , , , , ,198901, , , ,1,1,0,0,0,0,0,0,0,0,0,0,0,0,0,0,0,0,0,0,0,0,0,0,0,0,0,0,0,0,0,0,0,0,0,0,0,39.9459,-75.1899, , 
 ,16451,2016105611,6,67,67301,2016,9,5,545,5,1,1,0,4,1, , ,N,5,2,0,3,0,1,2,2,N, ,39 54:47.100,75 14:35.859,555, ,555, ,0, , , ,3, , , , , ,198906, , , ,2,1,0,0,0,0,1,0,0,0,1,0,1,0,1,0,0,0,0,0,0,1,0,2,0,0,0,0,0,0,0,0,0,0,0,3,0,39.9131,-75.2433, , 
 ,16452,2016105680,6,67,67301,2016,9,7,1035,10,1,1,1,4,1, , ,N,1,2,0,3,0,2,4,2,N,N,39 59:36.433,75 09:02.956,1040, ,1038, ,0, ,N, ,3, , , , , ,198918, , , ,2,2,0,0,0,0,0,0,0,0,0,0,2,2,0,0,0,0,0,0,0,0,0,4,0,0,0,0,0,0,0,0,0,0,0,8,0,39.9934,-75.1508, , 
 ,16453,2016117747,6,67,67301,2016,10,4,1745,17,4,1,0,5,1, , ,N,0,0,0,3,0,1,2,2,N,N,39 57:01.660,75 09:56.866,1810, ,1800, ,0, ,N, ,0, , , , , ,198922, , , ,1,1,0,0,0,0,0,0,1,0,0,1,1,0,1,0,0,0,0,0,0,0,0,0,0,0,0,0,0,0,0,0,0,0,0,4,0,39.9505,-75.1658, , 
 ,16454,2016062566,6,67,67301,2016,5,4,1950,19,1,1,0,1,1, , ,N,0,0,0,3,0,0,2,2,N,N,40 00:33.260,75 11:18.259,2000, ,1952,1,1,1, , ,0,N, , , , ,198937, , , ,2,0,0,0,1,0,1,0,0,0,0,0,0,0,1,0,0,0,0,1,0,0,0,0,0,0,0,0,0,0,0,0,0,0,0,9,0,40.0092,-75.1884, , 
 ,16455,2016064469,6,67,67301,2016,6,7,1052,10,1,1,0,1,1, , ,N,0,0,4,3,0,1,2,2,N,N,39 57:29.704,75 09:56.550,1106, ,1053,1,2,3, , ,0,N, , , , ,198938, , , ,2,1,0,0,0,0,1,0,0,0,0,1,1,0,0,0,0,0,0,0,1,0,0,0,0,0,0,0,0,0,0,0,0,0,0,4,0,39.9583,-75.1657, , 
 ,16456,2016082244,6,67,67301,2016,7,7,920,9,1,1,0,5,6, , ,N,0,0,0,3,0,1,1,3,N,N,40 01:21.990,75 09:56.919,1025, ,1002,2,2,4,N, ,0,N, , , , ,198956, , , ,3,2,0,0,0,0,1,0,0,0,0,0,1,1,0,0,0,0,0,0,0,0,0,0,0,0,0,0,0,0,0,0,0,0,0,8,0,40.0228,-75.1658, , 
 ,16457,2016087674,6,67,67301,2016,8,1,1922,19,1,1,0,8,1, , ,N,0,0,0,3,0,1,2,2,N, ,40 01:21.450,75 09:13.438,1945, ,1933, ,0, , , ,0, , , , , ,198959, , , ,1,0,0,0,0,0,1,0,0,0,0,1,1,0,0,0,0,0,0,0,0,0,0,0,0,0,0,0,0,0,0,0,1,0,0,4,0,40.0226,-75.1537, , 
 ,16458,2016105628,6,67,67301,2016,9,1,400,4,3,1,0,4,1, , ,N,1,2,0,3,0,0,3,3,N,N,40 01:36.580,75 05:52.985,410, ,404, ,0, ,N, ,3, , , , , ,198962, , , ,3,1,0,0,0,0,1,0,0,0,0,0,0,0,0,0,0,0,0,0,0,0,0,0,0,0,0,0,0,0,0,0,0,0,0,0,0,40.0268,-75.0981, , 
 ,16459,2016087709,6,67,67301,2016,8,3,1830,18,4,1,0,4,1, , ,N,3,3,0,3,0,1,2,2,N,N,40 01:16.375,75 09:27.566,1845, ,1839, ,0, ,N, ,3, , , , , ,198963, , , ,2,2,0,0,0,0,0,0,0,0,0,1,1,0,1,0,0,0,0,0,0,0,1,0,0,0,0,0,0,0,0,0,0,0,0,4,0,40.0212,-75.1577, , 
 ,16460,2016056010,6,67,67301,2016,5,7,2000,20,3,2,1,4,1, , ,N,2,3,0,3,0,1,2,2,N,N,39 57:36.118,75 12:23.345,2006, ,2003, ,0, ,N, ,3, , , , , ,198984, , , ,1,1,0,0,0,0,0,0,1,0,0,0,1,1,0,0,0,0,0,0,0,0,0,1,0,0,0,0,0,0,0,0,0,0,0,8,0,39.96,-75.2065, , 
N,16461,2016064475,6,67,67301,2016,6,2,1455,14,1,1,0,1,1,1,4,Y,0,0,0,3,0,2,6,2,N,N,39 59:54.667,75 04:51.360,1608,45,1505, ,0, , , ,0, ,N,N,N,N,198993,N,N,Y,2,1,0,0,0,0,1,0,0,0,0,0,2,2,0,0,0,0,0,0,0,0,0,0,0,0,0,0,0,0,0,0,0,0,0,8,0,39.9985,-75.0809, , 
 ,16462,2016072941,6,67,67301,2016,7,4,1601,16,1,1,0,1,1, , ,N,0,8,0,3,0,1,2,2,N,N,39 59:35.183,75 12:00.423,1601, ,1601,1,2,4, , ,3,N, , , , ,198999, , , ,2,2,0,0,0,0,0,0,0,0,0,1,1,0,0,0,0,0,0,0,1,1,0,0,0,0,0,0,0,0,0,0,0,0,0,4,0,39.9931,-75.2001, , 
 ,16463,2016097658,6,67,67301,2016,9,5,2310,23,3,1,0,7,4, , ,N,0,0,0,3,0,0,1,1,N,N,40 00:00.631,75 11:57.311,2349, ,2330, ,0, ,Y, ,0, , , , , ,199017, , , ,1,1,0,0,0,0,0,0,0,0,0,0,0,0,0,0,0,0,0,0,0,0,0,0,0,0,0,0,0,0,0,0,0,0,0,0,0,40.0002,-75.1993, , 
 ,16464,2016097159,6,67,67301,2016,9,5,1320,13,1,1,0,4,1, , ,N,1,2,0,3,0,1,2,2,N,N,39 59:38.951,75 09:22.386,1324, ,1323, ,0, ,N, ,3, , , , , ,199018, , , ,1,1,0,0,0,0,0,0,1,0,0,1,1,0,0,0,0,0,0,0,0,0,0,0,0,0,0,0,0,0,0,0,0,0,0,4,0,39.9941,-75.1562, , 
 ,16465,2016106320,6,67,67301,2016,9,6,1550,15,1,1,0,4,1, , ,N,1,2,0,3,0,0,4,4,N,N,40 03:33.971,75 05:09.267,1640, ,1630, ,0, , , ,3, , , , , ,199058, , , ,4,2,0,0,0,0,2,0,0,0,0,0,0,0,0,0,0,0,0,0,1,0,0,0,0,0,0,0,0,0,0,0,0,0,0,0,0,40.0594,-75.0859, , 
 ,16466,2016117671,6,67,67301,2016,10,5,1000,10,1,1,0,8,1, , ,N,1,3,0,3,0,1,2,2,N, ,39 58:29.161,75 14:11.504,1005, ,1000, ,0, , , ,3, , , , , ,199061, , , ,1,1,0,0,0,0,0,0,0,0,0,0,1,1,0,0,0,0,0,0,0,0,0,0,0,0,0,0,0,0,0,0,1,0,0,8,0,39.9748,-75.2365, , 
 ,16467,2016062522,6,67,67301,2016,6,4,820,8,1,1,0,1,1, , ,N,1,2,0,3,0,1,3,2,N, ,40 02:13.966,75 03:10.861,1017, ,1014, ,0, , , ,3, , , , , ,199072, , , ,2,2,0,0,0,0,0,0,0,0,0,1,1,0,1,0,0,0,0,0,1,0,0,0,0,0,0,0,0,0,0,0,0,0,0,4,0,40.0372,-75.053, , 
 ,16468,2016053714,6,67,67301,2016,5,5,1335,13,1,1,0,4,1, , ,N,2,2,0,3,0,4,8,3,N,N,40 00:21.754,75 10:35.816,1341, ,1338,9,2,3,N, ,9,Y, , , , ,193581, , , ,3,1,0,0,1,0,1,0,0,0,0,0,4,4,2,0,0,0,0,0,0,0,1,0,0,0,0,0,0,0,0,0,0,0,0,8,0,40.006,-75.1766, , 
 ,16469,2016068677,6,67,67301,2016,6,3,815,8,1,1,0,4,1, , ,N,0,0,7,3,0,2,3,3,N, ,40 01:27.333,75 08:52.690,830, ,825, ,0, , , ,0, , , , , ,193586, , , ,3,0,0,0,0,0,3,0,0,0,0,1,2,1,0,0,0,0,0,0,2,0,0,0,0,0,0,0,0,0,0,0,0,0,0,4,0,40.0243,-75.148, , 
 ,16470,2016070243,6,67,67301,2016,6,7,2223,22,3,1,0,8,1, , ,N,0,0,0,3,0,1,2,2,N, ,39 55:44.317,75 13:14.489,2232, ,2224,2,1,7, , ,0,Y, , , , ,193588, , , ,1,1,0,0,0,0,0,0,0,0,0,1,1,0,0,0,0,0,0,0,0,0,0,1,0,0,0,0,0,0,0,0,1,0,0,4,0,39.929,-75.2207, , 
 ,16471,2016087625,6,67,67301,2016,8,3,750,7,1,1,0,6,6, , ,N,0,0,0,3,0,0,1,3,N, ,40 00:45.244,75 08:08.880,800, ,751,2,1,2, , ,0,N, , , , ,193606, , , ,3,2,0,0,0,0,1,0,0,0,0,0,0,0,0,0,0,0,0,0,0,0,0,1,0,0,0,0,0,0,0,0,0,0,0,0,0,40.0126,-75.1358, , 
 ,16472,2016096378,6,67,67301,2016,9,7,1906,19,1,1,0,1,1, , ,N,0,0,0,3,0,1,4,2,N,N,39 57:36.445,75 10:47.587,1928, ,1909, ,0, , , ,0, , , , , ,193607, , , ,2,1,0,0,0,0,1,0,0,0,1,0,1,0,1,0,0,0,0,0,1,0,0,1,0,0,0,0,0,0,0,0,0,0,0,3,0,39.9601,-75.1799, , 
 ,16473,2016082374,6,67,67301,2016,7,6,805,8,1,9,0,4,1, , ,N,2,3,0,3,0,0,3,2,N,N,40 02:24.532,75 07:19.927,9999, ,810, ,0, , , ,3, , , , , ,193611, , , ,2,2,0,0,0,0,0,0,0,0,0,0,0,0,0,0,0,0,0,0,0,0,0,2,0,0,0,0,0,0,0,0,0,0,0,0,0,40.0401,-75.1222, , 
 ,16474,2016080343,6,67,67301,2016,6,2,2225,22,3,2,1,8,1, , ,N,1,3,0,3,0,1,2,2,N,N,40 04:02.319,75 03:33.245,2231, ,2227, ,0, ,N, ,3, , , , , ,193634, , , ,1,1,0,0,0,0,0,0,0,0,1,0,1,0,1,0,0,0,0,0,0,0,0,0,0,0,0,0,0,0,0,0,1,0,0,3,0,40.0673,-75.0592, , 
 ,16475,2016080356,6,67,67301,2016,7,4,2155,21,2,1,0,8,1, , ,N,0,0,0,3,0,1,2,2,N, ,40 00:26.436,75 09:40.038,2225, ,2220, ,0, , , ,0, , , , , ,193635, , , ,1,1,0,0,0,0,0,0,0,0,0,0,1,1,0,0,0,0,0,0,0,0,0,1,0,0,0,0,0,0,0,0,1,0,0,8,0,40.0073,-75.1611, , 
 ,16476,2016080540,6,67,67301,2016,6,3,1340,13,1,1,0,1,1, , ,N,1,2,0,3,0,1,3,2,N,N,39 59:59.997,75 08:25.787,1356, ,1345, ,0, ,N, ,3, , , , , ,193636, , , ,2,0,0,1,0,0,0,1,0,0,0,1,1,0,0,0,0,0,0,0,0,0,0,1,0,0,0,0,0,0,0,0,0,0,0,4,1,40,-75.1405, , 
 ,16477,2016111108,6,67,67301,2016,10,1,657,6,5,6,1,4,1, , ,N,1,3,0,3,0,0,2,2,N,N,39 59:53.113,75 13:59.662,735, ,727, ,0, , , ,3, , , , , ,193647, , , ,2,2,0,0,0,0,0,0,0,0,0,0,0,0,0,0,0,0,0,0,1,0,0,0,0,0,0,0,0,0,0,0,0,0,0,0,0,39.998,-75.2332, , 
 ,16478,2016091248,6,67,67301,2016,9,5,906,9,1,2,1,4,1, , ,N,2,0,2,3,0,2,2,2,N,N,39 59:11.983,75 12:29.919,910, ,908,1,1,5, , ,0,N, , , , ,193654, , , ,2,1,0,0,0,0,0,1,0,0,0,0,2,2,0,0,0,0,0,0,0,0,0,0,0,0,0,0,0,0,0,0,0,0,0,8,0,39.9867,-75.2083, , 
 ,16479,2016129968,6,67,67301,2016,11,1,120,1,3,1,0,5,6, , ,N,0,0,0,3,0,1,2,2,N, ,39 59:38.569,75 07:00.753,135, ,130, ,0, , , ,0, , , , , ,193667, , , ,2,1,0,0,1,0,0,0,0,0,0,1,1,0,0,0,0,0,0,0,0,0,0,1,0,0,0,0,0,0,0,0,0,0,0,4,0,39.994,-75.1169, , 