wz_ln_closure,objectid_1,crn,district,county,municipality,crash_year,crash_month,day_of_week,time_of_day,hour_of_day,illumination,weather,road_condition,collision_type,relation_to_road,work_zone_type,work_zone_loc,work_zone_ind,intersect_type,tcd_type,location_type,urban_rural,fatal_count,injury_count,person_count,total_units,sch_bus_ind,sch_zone_ind,latitude,longitude,arrival_tm,cons_zone_spd_lim,dispatch_tm,est_hrs_closed,lane_closed,ln_close_dir,ntfy_hiwy_maint,spec_juris_cd,tcd_func_cd,tfc_detour_ind,workers_pres,wz_close_detour,wz_flagger,wz_law_offcr_ind,objectid,wz_moving,wz_other,wz_shlder_mdn,vehicle_count,automobile_count,motorcycle_count,bus_count,small_truck_count,heavy_truck_count,suv_count,van_count,bicycle_count,maj_inj_count,mod_inj_count,min_inj_count,tot_inj_count,unk_inj_deg_count,unk_inj_per_count,driver_count_16yr,driver_count_17yr,driver_count_18yr,driver_count_19yr,driver_count_20yr,driver_count_50_64yr,driver_count_65_74yr,driver_count_75plus,unbelted_occ_count,unb_death_count,unb_maj_inj_count,belted_death_count,belted_maj_inj_count,mcycle_death_count,mcycle_maj_inj_count,bicycle_death_count,bicycle_maj_inj_count,ped_count,ped_death_count,ped_maj_inj_count,max_severity_level,comm_veh_count,dec_lat,dec_long,rdwy_surf_type_cd,county_name
 ,16546,2016008594,6,67,67301,2016,1,2,1820,18,3,1,0,1,1, , ,N,1,2,0,3,0,2,2,2,N,N,40 00:11.036,75 09:51.469,1830, ,1825, ,0, ,N, ,3, , , , , ,193772, , , ,2,1,0,0,0,0,1,0,0,0,0,2,2,0,0,0,0,0,0,0,1,0,0,1,0,0,0,0,0,0,0,0,0,0,0,4,0,40.0031,-75.1643, , 
 ,16547,2016009103,6,67,67301,2016,1,3,757,7,1,1,0,7,2, , ,N,0,0,0,3,0,1,1,1,N,N,40 03:09.311,74 59:13.617,816, ,757,2,1,1, , ,0,N, , , , ,193773, , , ,1,1,0,0,0,0,0,0,0,0,0,1,1,0,0,0,0,1,0,0,0,0,0,1,0,0,0,0,0,0,0,0,0,0,0,4,0,40.0526,-74.9871, , 
 ,16548,2016093428,6,67,67301,2016,8,5,2332,23,3,1,0,1,1, , ,N,3,3,2,3,0,0,3,2,N,N,39 58:34.143,75 11:34.264,2346, ,2342,1,2,4, , ,3,N, , , , ,193793, , , ,2,2,0,0,0,0,0,0,0,0,0,0,0,0,0,0,0,0,0,0,1,0,0,1,0,0,0,0,0,0,0,0,0,0,0,0,0,39.9762,-75.1929, , 
N,16549,2016098779,6,67,67301,2016,9,5,1641,16,1,1,0,1,1,1,4,Y,0,0,0,3,0,1,5,5,N,N,40 01:36.552,75 01:34.622,1645,45,1645,2,2,2, , ,0,N,Y,N,N,N,193802,Y,N,Y,5,2,0,0,0,0,3,0,0,0,1,0,1,0,0,0,0,0,0,0,0,0,0,0,0,0,0,0,0,0,0,0,0,0,0,3,0,40.0268,-75.0263, , 
 ,16550,2016056090,6,67,67301,2016,5,4,1945,19,1,1,0,5,1, , ,N,0,0,0,3,0,1,4,3,N, ,39 57:51.765,75 08:26.326,2000, ,1956,1,2,1, , ,0,Y, , , , ,193815, , , ,3,3,0,0,0,0,0,0,0,0,0,1,1,0,1,0,0,0,0,0,0,0,0,0,0,0,0,0,0,0,0,0,0,0,0,4,0,39.9644,-75.1406, , 
 ,16551,2016062579,6,67,67301,2016,6,5,1335,13,1,1,0,4,1, , ,N,1,3,0,3,0,1,2,2,N, ,40 02:33.068,75 08:27.207,1445, ,1439, ,0, , , ,3, , , , , ,193823, , , ,2,2,0,0,0,0,0,0,0,0,0,1,1,0,0,0,0,1,0,0,0,0,0,0,0,0,0,0,0,0,0,0,0,0,0,4,0,40.0425,-75.1409, , 
 ,16552,2016068667,6,67,67301,2016,6,7,1410,14,1,1,0,8,1, , ,N,1,2,0,3,0,1,2,2,N,N,39 58:49.346,75 10:55.934,1415, ,1415, ,0, ,N, ,3, , , , , ,193830, , , ,1,0,0,0,0,0,0,0,0,0,0,1,1,0,0,0,0,0,0,0,0,0,0,0,0,0,0,0,0,0,0,0,1,0,0,4,0,39.9804,-75.1822, , 
 ,16553,2016080696,6,67,67301,2016,6,5,1105,11,1,1,0,4,1, , ,N,0,0,0,3,0,3,3,2,N,N,40 01:28.172,75 08:50.617,1115, ,1111, ,0, ,N, ,0, , , , , ,193837, , , ,2,2,0,0,0,0,0,0,0,0,0,2,3,1,0,0,0,0,0,0,0,0,1,1,0,0,0,0,0,0,0,0,0,0,0,4,0,40.0245,-75.1474, , 
 ,16554,2016092113,6,67,67301,2016,8,2,1048,10,1,1,0,1,1, , ,N,0,0,0,3,0,1,2,2,N,N,39 55:45.122,75 10:49.477,1100, ,1053, ,0, ,N, ,0, , , , , ,193848, , , ,1,0,0,0,0,0,0,0,1,0,0,1,1,0,0,0,0,0,0,0,0,0,0,0,0,0,0,0,0,0,0,0,0,0,0,4,0,39.9292,-75.1804, , 
 ,16555,2016086905,6,67,67301,2016,8,6,2255,22,3,1,0,1,1, , ,N,0,8,3,3,0,0,5,3,N,N,39 57:16.438,75 08:37.508,2257, ,2257,2,2,4,N, ,3,N, , , , ,193850, , , ,3,1,0,0,0,0,2,0,0,0,0,0,0,0,0,0,0,0,0,1,0,0,0,0,0,0,0,0,0,0,0,0,0,0,0,0,0,39.9546,-75.1438, , 
 ,16556,2016113385,6,67,67301,2016,10,7,225,2,3,1,0,1,1, , ,N,0,0,0,3,0,2,6,2,N,N,39 59:49.950,75 04:54.802,225, ,225, ,0, , , ,0, , , , , ,193855, , , ,2,1,0,0,1,0,0,0,0,0,0,2,2,0,0,0,0,0,0,0,0,0,0,0,0,0,0,0,0,0,0,0,0,0,0,4,0,39.9972,-75.0819, , 
 ,16557,2016056084,6,67,67301,2016,5,2,1646,16,1,1,0,4,1, , ,N,1,2,0,3,0,3,3,2,N,N,40 07:07.975,75 01:04.685,1657, ,1655, ,0, ,N, ,3, , , , , ,193863, , , ,2,1,0,0,1,0,0,0,0,0,3,0,3,0,0,0,0,0,0,0,0,1,0,0,0,0,0,0,0,0,0,0,0,0,0,3,0,40.1189,-75.018, , 
 ,16558,2016073478,6,67,67301,2016,7,5,2248,22,3,1,0,1,1, , ,N,0,0,0,3,0,0,2,2,N,N,39 57:59.480,75 11:13.916,2310, ,2303, ,0, , , ,0, , , , , ,193870, , , ,2,2,0,0,0,0,0,0,0,0,0,0,0,0,0,0,0,0,0,0,1,0,0,0,0,0,0,0,0,0,0,0,0,0,0,0,0,39.9665,-75.1872, , 
 ,16559,2016097651,6,67,67301,2016,8,6,226,2,3,1,0,7,3, , ,N,2,0,0,3,0,1,2,1,N,N,39 57:39.415,75 08:13.274,240, ,232, ,0, ,N, ,0, , , , , ,196266, , , ,1,1,0,0,0,0,0,0,0,0,0,1,1,0,0,0,0,0,0,0,0,0,0,0,0,0,0,0,0,0,0,0,0,0,0,4,0,39.961,-75.137, , 
 ,16560,2016108527,6,67,67301,2016,9,6,1330,13,1,2,1,8,1, , ,N,0,0,0,3,0,1,2,2,N,N,40 02:07.168,75 02:36.710,1352, ,1349, ,0, ,N, ,0, , , , , ,196271, , , ,1,1,0,0,0,0,0,0,0,0,0,1,1,0,0,0,0,0,0,0,0,0,0,1,0,0,0,0,0,0,0,0,1,0,0,4,0,40.0353,-75.0435, , 
 ,16561,2016105630,6,67,67301,2016,9,6,1620,16,1,1,0,4,1, , ,N,1,3,0,3,0,1,2,2,N, ,39 56:42.691,75 09:29.141,1628, ,1625,1,1,2, , ,3,N, , , , ,196275, , , ,2,0,1,0,0,0,1,0,0,0,0,1,1,0,0,0,0,0,0,0,2,0,0,0,0,0,0,0,0,0,0,0,0,0,0,4,0,39.9452,-75.1581, , 
 ,16562,2016080562,6,67,67301,2016,6,4,1420,14,1,1,0,4,1, , ,N,2,2,0,3,0,1,3,3,N,N,39 56:24.739,75 12:02.495,1430, ,1428, ,0, ,N, ,3, , , , , ,196309, , , ,3,2,0,0,1,0,0,0,0,0,0,1,1,0,1,0,0,0,0,0,0,0,1,0,0,0,0,0,0,0,0,0,0,0,0,4,0,39.9401,-75.2007, , 
 ,16563,2016062511,6,67,67301,2016,5,7,151,1,3,1,0,4,1, , ,N,2,0,0,3,0,1,2,2,N,N,39 56:19.633,75 12:56.145,152, ,152, ,0, ,N, ,0, , , , , ,196326, , , ,1,1,0,0,0,0,0,0,1,0,0,1,1,0,0,0,0,0,0,0,0,0,0,1,0,0,0,0,0,0,0,0,0,0,0,4,0,39.9388,-75.2156, , 
 ,16564,2016062556,6,67,67301,2016,5,3,2035,20,2,1,0,8,4, , ,N,1,2,0,3,0,1,2,2,N,N,39 58:07.388,75 12:40.729,2042, ,2036, ,0, ,N, ,3, , , , , ,196327, , , ,1,1,0,0,0,0,0,0,0,1,0,0,1,0,0,0,0,0,0,0,0,1,0,1,0,0,0,0,0,0,0,0,1,0,1,2,0,39.9687,-75.2113, , 
 ,16565,2016062573,6,67,67301,2016,5,5,404,4,3,1,0,6,6, , ,N,0,0,0,3,0,1,1,3,N,N,39 55:25.957,75 13:52.076,425, ,425,1,1,4,N, ,0,Y, , , , ,196328, , , ,3,2,0,0,0,0,1,0,0,0,0,0,1,1,0,0,0,0,0,0,0,0,0,0,0,0,0,0,0,0,0,0,0,0,0,8,0,39.9239,-75.2311, , 
 ,16566,2016072454,6,67,67301,2016,7,7,1200,12,1,1,0,1,1, , ,N,0,0,0,3,0,1,7,3,N,N,39 56:53.836,75 11:11.900,1205, ,1200, ,0, , , ,0, , , , , ,196332, , , ,3,2,0,0,0,0,1,0,0,0,1,0,1,0,0,0,0,0,0,0,0,1,0,0,0,0,0,0,0,0,0,0,0,0,0,3,0,39.9483,-75.1866, , 
 ,16567,2016080775,6,67,67301,2016,6,2,2344,23,3,1,0,5,6, , ,N,0,0,0,3,0,0,1,3,N,N,40 01:58.877,75 02:55.011,2356, ,2351, ,0, ,N, ,0, , , , , ,196342, , , ,3,0,0,0,1,0,1,1,0,0,0,0,0,0,0,0,0,0,0,0,0,0,0,0,0,0,0,0,0,0,0,0,0,0,0,0,0,40.033,-75.0486, , 
 ,16568,2016087127,6,67,67301,2016,8,3,1629,16,1,1,0,1,1, , ,N,1,2,0,3,0,1,2,2,N,N,39 57:20.998,75 14:09.675,1630, ,1631, ,0, ,N, ,3, , , , , ,196347, , , ,2,1,0,1,0,0,0,0,0,0,0,1,1,0,0,0,0,0,0,0,0,0,0,0,0,0,0,0,0,0,0,0,0,0,0,4,1,39.9558,-75.236, , 
 ,16569,2016097674,6,67,67301,2016,9,2,2046,20,3,1,0,1,1, , ,N,1,2,0,3,0,0,2,2,N,N,40 02:24.861,75 03:30.268,2049, ,2046, ,0, , , ,3, , , , , ,196359, , , ,2,1,0,0,0,0,1,0,0,0,0,0,0,0,2,0,0,0,0,0,0,0,0,0,0,0,0,0,0,0,0,0,0,0,0,9,0,40.0402,-75.0584, , 
 ,16570,2016097106,6,67,67301,2016,8,3,1925,19,1,1,0,8,1, , ,N,0,0,0,3,0,1,2,2,N, ,39 57:51.944,75 11:54.380,1940, ,1929, ,0, , , ,0, , , , , ,196364, , , ,1,1,0,0,0,0,0,0,0,0,0,1,1,0,0,0,0,0,0,0,0,0,0,1,0,0,0,0,0,0,0,0,1,0,0,4,0,39.9644,-75.1984, , 
 ,16571,2016105710,6,67,67301,2016,9,4,1530,15,1,1,0,1,1, , ,N,0,0,7,3,0,1,2,2,N,N,40 04:16.713,75 00:50.080,1530, ,1530, ,0, ,N, ,0, , , , , ,196369, , , ,2,2,0,0,0,0,0,0,0,0,0,0,1,1,1,0,0,0,0,0,0,0,0,0,0,0,0,0,0,0,0,0,0,0,0,8,0,40.0713,-75.0139, , 
 ,16572,2016026145,6,67,67301,2016,2,5,2054,20,3,1,0,7,4, , ,N,0,0,0,3,0,1,2,1,N,N,39 58:24.238,75 12:40.579,2106, ,2056, ,0, ,N, ,0, , , , , ,196391, , , ,1,1,0,0,0,0,0,0,0,0,0,1,1,0,0,0,0,0,0,0,0,0,0,0,0,0,0,0,0,0,0,0,0,0,0,4,0,39.9734,-75.2113, , 
 ,16573,2016040036,6,67,67301,2016,4,3,1140,11,1,1,0,4,1, , ,N,2,2,0,3,0,1,2,2,N,N,39 56:56.025,75 11:22.873,1200, ,1150, ,0, ,N, ,3, , , , , ,196402, , , ,1,1,0,0,0,0,0,0,1,0,0,1,1,0,1,0,0,0,0,0,0,0,0,0,0,0,0,0,0,0,0,0,0,0,0,4,0,39.9489,-75.1897, , 
 ,16574,2016058659,6,67,67301,2016,5,6,1444,14,1,1,0,8,1, , ,N,0,2,0,3,0,1,2,2,N,Y,39 58:26.814,75 12:16.984,1444, ,1444, ,0, ,N, ,3, , , , , ,196425, , , ,1,1,0,0,0,0,0,0,0,0,0,1,1,0,0,0,0,0,0,0,0,0,0,0,0,0,0,0,0,0,0,0,1,0,0,4,0,39.9741,-75.2047, , 
 ,16575,2016060846,6,67,67301,2016,5,1,1200,12,1,1,0,6,6, , ,N,0,0,0,3,0,0,1,3,N,N,40 01:52.374,75 12:30.762,1205, ,1202, ,0, ,N, ,0, , , , , ,196428, , , ,3,2,0,0,0,0,1,0,0,0,0,0,0,0,0,0,0,0,0,0,0,0,0,0,0,0,0,0,0,0,0,0,0,0,0,0,0,40.0312,-75.2085, , 
 ,16576,2016016584,6,67,67301,2016,1,6,1151,11,1,1,1,4,1, , ,N,1,3,0,3,0,1,3,2,N,N,40 03:31.163,75 11:10.557,1205, ,1200,1,1,1,N, ,3,Y, , , , ,196438, , , ,2,2,0,0,0,0,0,0,0,0,0,0,1,1,0,0,0,0,0,0,1,0,0,0,0,0,0,0,0,0,0,0,0,0,0,8,0,40.0587,-75.1863, , 
 ,16577,2016117731,6,67,67301,2016,10,4,1715,17,1,1,0,4,1, , ,N,2,0,0,3,0,0,2,2,N, ,40 01:55.629,75 12:27.966,1720, ,1715, ,0, , , ,0, , , , , ,201523, , , ,2,2,0,0,0,0,0,0,0,0,0,0,0,0,0,0,0,0,0,0,0,0,0,0,0,0,0,0,0,0,0,0,0,0,0,0,0,40.0321,-75.2078, , 
 ,16578,2016128392,6,67,67301,2016,12,5,325,3,3,2,1,7,4, , ,N,0,0,0,3,0,2,2,1,N,N,39 58:52.099,75 12:24.301,335, ,326,1,1,3, , ,0,N, , , , ,201571, , , ,1,1,0,0,0,0,0,0,0,0,1,0,2,1,0,0,0,0,0,0,0,0,0,0,0,0,0,0,0,0,0,0,0,0,0,3,0,39.9811,-75.2068, , 
 ,16579,2016070650,6,67,67301,2016,6,6,1334,13,1,1,0,6,1, , ,N,2,0,0,3,0,5,5,2,N, ,40 03:39.474,75 01:27.051,1336, ,1334,9,1,5, , ,0,N, , , , ,201581, , , ,2,1,0,0,0,0,1,0,0,0,0,0,5,5,0,0,1,0,0,0,0,0,0,0,0,0,0,0,0,0,0,0,0,0,0,8,0,40.061,-75.0242, , 
 ,16580,2016103248,6,67,67301,2016,9,1,840,8,1,1,0,4,1, , ,N,1,2,0,3,0,2,2,2,N, ,39 55:40.948,75 13:09.423,847, ,840, ,0, , , ,3, , , , , ,201608, , , ,2,1,0,0,0,1,0,0,0,0,0,0,2,2,0,0,0,0,0,0,0,1,1,0,0,0,0,0,0,0,0,0,0,0,0,8,1,39.928,-75.2193, , 
 ,16581,2016089915,6,67,67301,2016,8,6,1419,14,1,1,0,4,1, , ,N,1,3,0,3,0,1,3,2,N, ,40 01:12.550,75 04:42.977,1532, ,1532,1,1,3, , ,3,N, , , , ,201611, , , ,2,2,0,0,0,0,0,0,0,0,0,1,1,0,0,0,0,0,0,1,0,0,0,0,0,0,0,0,0,0,0,0,0,0,0,4,0,40.0202,-75.0786, , 
 ,16582,2016117686,6,67,67301,2016,10,1,1710,17,1,1,0,7,4, , ,N,0,0,0,3,0,1,1,1,N, ,39 57:13.013,75 08:25.363,1735, ,1712, ,0, , , ,0, , , , , ,201621, , , ,1,1,0,0,0,0,0,0,0,0,0,0,1,1,0,0,0,0,0,0,0,0,0,0,0,0,0,0,0,0,0,0,0,0,0,8,0,39.9536,-75.1404, , 
 ,16583,2016082249,6,67,67301,2016,7,6,2016,20,4,1,0,1,1, , ,N,1,2,0,3,0,1,3,3,N,N,39 54:27.155,75 11:24.115,2048, ,2044,1,1,3,N, ,3,N, , , , ,201635, , , ,3,2,0,0,0,0,1,0,0,0,0,1,1,0,0,0,0,0,0,0,0,0,0,0,0,0,0,0,0,0,0,0,0,0,0,4,0,39.9074,-75.1902, , 
 ,16584,2016112080,6,67,67301,2016,10,2,720,7,1,1,0,1,1, , ,N,1,2,0,3,0,0,2,2,N, ,40 00:37.460,75 04:45.357,735, ,723, ,0, , , ,3, , , , , ,201660, , , ,2,1,0,0,0,0,1,0,0,0,0,0,0,0,1,0,0,0,0,0,0,0,0,0,0,0,0,0,0,0,0,0,0,0,0,9,0,40.0104,-75.0793, , 
 ,16585,2016011636,6,67,67301,2016,1,3,550,5,1,1,0,1,1, , ,N,0,0,0,3,0,1,6,4,N,N,40 01:37.588,75 01:32.732,618, ,550, ,0, , , ,0, , , , , ,201678, , , ,4,2,0,0,1,0,1,0,0,0,1,0,1,0,0,0,0,0,0,0,2,0,0,0,0,0,0,0,0,0,0,0,0,0,0,3,0,40.0271,-75.0258, , 
 ,16586,2016080871,6,67,67301,2016,7,6,1739,17,1,1,1,1,1, , ,N,2,0,0,3,0,1,4,3,N, ,40 01:12.594,75 07:35.673,1744, ,1740, ,0, , , ,0, , , , , ,201689, , , ,3,1,0,0,1,0,0,1,0,0,0,1,1,0,0,0,0,0,0,0,2,0,0,2,0,0,0,0,0,0,0,0,0,0,0,4,0,40.0202,-75.1266, , 
 ,16587,2016087687,6,67,67301,2016,8,6,1035,10,1,1,0,3,1, , ,N,0,0,0,3,0,0,2,2,N, ,39 59:36.970,75 07:48.770,1150, ,1147, ,0, , , ,0, , , , , ,201693, , , ,2,2,0,0,0,0,0,0,0,0,0,0,0,0,0,0,0,0,0,0,0,0,1,0,0,0,0,0,0,0,0,0,0,0,0,0,0,39.9936,-75.1302, , 
 ,16588,2016082205,6,67,67301,2016,7,2,9999,99,1,1,0,4,1, , ,N,1,2,0,3,0,1,2,2,N,N,39 59:48.427,75 06:12.178,1631, ,1131, ,0, ,N, ,3, , , , , ,201697, , , ,2,1,0,0,1,0,0,0,0,0,1,0,1,0,0,0,0,0,0,0,0,0,0,1,0,0,0,0,0,0,0,0,0,0,0,3,1,39.9968,-75.1034, , 
 ,16589,2016092115,6,67,67301,2016,8,4,905,9,1,1,0,4,1, , ,N,1,2,0,3,0,1,2,2,N,N,39 58:11.966,75 08:35.145,1059, ,1055, ,0, , , ,3, , , , , ,201707, , , ,2,1,0,0,1,0,0,0,0,0,0,0,1,1,0,0,0,0,0,0,0,0,0,1,0,0,0,0,0,0,0,0,0,0,0,8,0,39.9699,-75.1431, , 
 ,16590,2016080383,6,67,67301,2016,7,6,905,9,1,1,0,4,1, , ,N,1,2,0,3,0,0,2,2,N,N,40 00:22.129,75 10:14.757,915, ,910, ,0, ,N, ,3, , , , , ,201730, , , ,2,1,0,0,0,0,0,1,0,0,0,0,0,0,2,0,1,0,0,0,0,0,0,0,0,0,0,0,0,0,0,0,0,0,0,9,0,40.0061,-75.1708, , 
 ,16591,2016092163,6,67,67301,2016,8,4,720,7,1,1,0,7,4, , ,N,1,2,0,3,0,1,1,1,N,N,39 58:20.364,75 14:55.913,750, ,741, ,0, ,N, ,3, , , , , ,201738, , , ,1,0,0,0,0,0,1,0,0,0,0,1,1,0,0,0,0,0,0,0,0,0,0,0,0,0,0,0,0,0,0,0,0,0,0,4,0,39.9723,-75.2488, , 
 ,16592,2016081201,6,67,67301,2016,8,4,149,1,3,1,0,1,1, , ,N,0,0,0,3,0,1,2,2,N,N,39 57:14.975,75 12:10.266,150, ,149, ,0, ,N, ,0, , , , , ,201742, , , ,2,2,0,0,0,0,0,0,0,0,0,1,1,0,0,0,0,0,0,0,0,0,0,0,0,0,0,0,0,0,0,0,0,0,0,4,0,39.9542,-75.2029, , 
 ,16593,2016089958,6,67,67301,2016,8,3,243,2,3,1,0,5,6, , ,N,0,0,0,3,0,0,1,3,N,N,40 01:44.501,75 09:48.170,320, ,317, ,0, , , ,0, , , , , ,201744, , , ,3,2,0,0,1,0,0,0,0,0,0,0,0,0,0,0,0,0,0,0,0,0,0,1,0,0,0,0,0,0,0,0,0,0,0,0,0,40.029,-75.1634, , 
 ,16594,2016108535,6,67,67301,2016,10,7,110,1,3,1,0,4,1, , ,N,2,3,0,3,0,1,2,2,N,N,39 59:35.488,75 04:53.544,122, ,112, ,0, ,N, ,3, , , , , ,201752, , , ,2,1,0,0,0,0,1,0,0,0,0,1,1,0,0,0,0,0,0,0,0,0,0,1,0,0,0,0,0,0,0,0,0,0,0,4,0,39.9932,-75.0815, , 
 ,16595,2016066490,6,67,67301,2016,6,4,432,4,3,1,0,7,4, , ,N,0,0,0,3,0,1,1,1,N,N,39 57:43.058,75 10:58.424,440, ,435, ,0, , , ,0, , , , , ,199317, , , ,1,1,0,0,0,0,0,0,0,0,1,0,1,0,0,0,0,0,0,0,0,0,0,0,0,0,0,0,0,0,0,0,0,0,0,3,0,39.962,-75.1829, , 
 ,16596,2016052242,6,67,67301,2016,2,4,1830,18,3,1,0,1,1, , ,N,3,2,0,3,0,1,2,2,N,N,40 01:18.592,75 05:38.615,0, ,0, ,0, ,N, ,3, , , , , ,199322, , , ,2,2,0,0,0,0,0,0,0,0,0,0,1,1,0,0,0,0,0,0,0,0,0,1,0,0,0,0,0,0,0,0,0,0,0,8,0,40.0218,-75.0941, , 
 ,16597,2016064034,6,67,67301,2016,6,6,2130,21,3,1,0,4,1, , ,N,1,2,0,3,0,2,6,4,N,N,40 05:40.718,75 00:54.707,2150, ,2140, ,0, ,N, ,3, , , , , ,199333, , , ,4,4,0,0,0,0,0,0,0,0,0,0,2,2,0,0,0,0,0,0,0,1,0,0,0,0,0,0,0,0,0,0,0,0,0,8,0,40.0946,-75.0152, , 
 ,16598,2016065287,6,67,67301,2016,6,7,347,3,3,1,0,1,1, , ,N,0,0,0,3,0,0,2,2,N,N,39 57:27.208,75 09:34.162,355, ,347,2,1,4, , ,0,N, , , , ,199335, , , ,2,2,0,0,0,0,0,0,0,0,0,0,0,0,0,0,0,0,0,0,0,0,0,0,0,0,0,0,0,0,0,0,0,0,0,0,0,39.9576,-75.1595, , 
 ,16599,2016082313,6,67,67301,2016,7,4,9999,99,1,1,0,4,1, , ,N,2,0,0,3,0,1,2,2,N,N,40 01:12.176,75 04:31.537,1605, ,1545, ,0, ,N, ,0, , , , , ,199353, , , ,1,1,0,0,0,0,0,0,1,0,1,0,1,0,0,0,0,0,0,0,0,1,0,0,0,0,0,0,0,0,0,0,0,0,0,3,0,40.02,-75.0754, , 
 ,16600,2016082252,6,67,67301,2016,7,5,27,0,3,1,0,4,1, , ,N,0,0,0,3,0,1,5,2,N,N,39 54:55.410,75 09:37.829,209, ,203, ,0, ,N, ,0, , , , , ,199355, , , ,2,1,0,0,0,0,1,0,0,0,0,1,1,0,3,0,0,0,0,0,0,0,0,0,0,0,0,0,0,0,0,0,0,0,0,4,0,39.9154,-75.1605, , 
 ,16601,2016026860,6,67,67301,2016,2,6,1035,10,1,1,0,4,1, , ,N,1,1,0,3,0,0,2,2,N,N,39 57:18.234,75 13:47.243,1039, ,1039, ,0, ,N, ,2, , , , , ,199377, , , ,2,1,0,0,0,0,0,1,0,0,0,0,0,0,0,0,0,0,0,0,1,0,0,0,0,0,0,0,0,0,0,0,0,0,0,0,0,39.9551,-75.2298, , 
 ,16602,2016046074,6,67,67301,2016,4,4,823,8,1,1,0,1,1, , ,N,0,0,0,3,0,1,2,2,N, ,40 01:12.692,75 11:33.885,1032, ,1023, ,0, , , ,0, , , , , ,199395, , , ,2,1,0,0,0,0,1,0,0,0,0,1,1,0,0,0,0,0,0,0,1,0,0,0,0,0,0,0,0,0,0,0,0,0,0,4,0,40.0202,-75.1927, , 
 ,16603,2016046101,6,67,67301,2016,4,5,2230,22,3,1,0,4,1, , ,N,1,2,0,3,0,0,2,2,N, ,39 57:11.721,75 14:11.587,2328, ,2323, ,0, , , ,3, , , , , ,199396, , , ,2,1,0,0,1,0,0,0,0,0,0,0,0,0,2,0,0,0,1,0,0,0,0,0,0,0,0,0,0,0,0,0,0,0,0,9,0,39.9533,-75.2366, , 
 ,16604,2016058579,6,67,67301,2016,5,4,1914,19,1,1,0,4,1, , ,N,2,3,0,3,0,1,4,2,N,N,39 56:30.087,75 13:54.173,1920, ,1916, ,0, ,N, ,3, , , , , ,199405, , , ,2,2,0,0,0,0,0,0,0,0,0,0,1,1,0,0,0,0,0,1,0,0,0,0,0,0,0,0,0,0,0,0,0,0,0,8,0,39.9417,-75.2317, , 
 ,16605,2016052936,6,67,67301,2016,5,6,2151,21,3,2,1,0,3, , ,N,0,0,0,3,0,2,3,2,N,N,40 02:20.307,75 00:31.370,2200, ,2152,1,1,2, , ,0,N, , , , ,199412, , , ,2,1,0,0,1,0,0,0,0,0,0,0,2,2,0,0,0,1,0,0,1,0,0,0,0,0,0,0,0,0,0,0,0,0,0,8,0,40.039,-75.0087, , 
 ,16606,2016082262,6,67,67301,2016,7,3,2036,20,3,1,0,7,4, , ,N,2,2,0,3,0,2,2,2,N,N,39 55:06.128,75 10:58.043,2041, ,2036,2,2,4,N, ,3,Y, , , , ,199425, , , ,1,1,0,0,0,0,0,0,0,0,0,1,2,1,0,0,0,0,0,0,0,0,0,0,0,0,0,0,0,0,0,0,1,0,0,4,0,39.9184,-75.1828, , 
 ,16607,2016097592,6,67,67301,2016,9,7,2100,21,3,1,0,4,1, , ,N,5,2,0,3,0,2,4,2,N,N,40 03:30.949,75 09:09.932,2110, ,2103, ,0, ,N, ,3, , , , , ,199431, , , ,2,2,0,0,0,0,0,0,0,0,0,1,2,1,0,0,0,0,0,0,0,0,0,0,0,0,0,0,0,0,0,0,0,0,0,4,0,40.0586,-75.1528, , 
 ,16608,2016084574,6,67,67301,2016,8,7,220,2,3,1,0,1,1, , ,N,0,0,0,3,0,2,3,3,N,N,39 55:30.777,75 14:41.604,236, ,230,3,1,1, , ,0,Y, , , , ,199469, , , ,3,1,0,0,0,0,0,1,0,0,2,0,2,0,1,0,0,0,0,0,1,0,0,0,0,0,0,0,0,0,0,0,0,0,0,3,0,39.9252,-75.2449, , 
 ,16609,2016087154,6,67,67301,2016,8,3,1638,16,1,1,0,4,1, , ,N,0,0,7,3,0,0,2,2,N, ,40 07:12.951,75 01:01.581,1640, ,1631, ,0, , , ,0, , , , , ,199479, , , ,2,1,0,0,0,0,1,0,0,0,0,0,0,0,0,0,0,0,0,0,0,0,1,1,0,0,0,0,0,0,0,0,0,0,0,0,0,40.1203,-75.0171, , 
 ,16610,2016089947,6,67,67301,2016,8,3,1436,14,1,1,0,7,4, , ,N,0,0,1,3,0,1,1,1,N, ,40 01:08.516,75 09:50.616,1440, ,1437,2,2,4, , ,0,Y, , , , ,199480, , , ,1,1,0,0,0,0,0,0,0,0,0,1,1,0,0,0,0,0,0,0,1,0,0,0,0,0,0,0,0,0,0,0,0,0,0,4,0,40.019,-75.1641, , 
 ,16611,2016108613,6,67,67301,2016,9,6,1732,17,1,2,1,4,1, , ,N,0,0,7,3,0,0,2,3,N,N,40 01:07.151,75 12:50.596,1740, ,1734,1,1,1,N, ,0,N, , , , ,199483, , , ,3,3,0,0,0,0,0,0,0,0,0,0,0,0,0,0,0,0,0,0,0,0,0,0,0,0,0,0,0,0,0,0,0,0,0,0,0,40.0187,-75.2141, , 
 ,16612,2016137781,6,67,67301,2016,12,7,1317,13,1,2,1,7,2, , ,N,0,0,0,3,0,1,2,1,N,N,39 56:39.233,75 11:30.856,1336, ,1317, ,0, , , ,0, , , , , ,199497, , , ,1,1,0,0,0,0,0,0,0,0,0,0,1,1,0,0,0,0,1,0,0,0,0,1,0,0,0,0,0,0,0,0,0,0,0,8,0,39.9442,-75.1919, , 