wz_ln_closure,objectid_1,crn,district,county,municipality,crash_year,crash_month,day_of_week,time_of_day,hour_of_day,illumination,weather,road_condition,collision_type,relation_to_road,work_zone_type,work_zone_loc,work_zone_ind,intersect_type,tcd_type,location_type,urban_rural,fatal_count,injury_count,person_count,total_units,sch_bus_ind,sch_zone_ind,latitude,longitude,arrival_tm,cons_zone_spd_lim,dispatch_tm,est_hrs_closed,lane_closed,ln_close_dir,ntfy_hiwy_maint,spec_juris_cd,tcd_func_cd,tfc_detour_ind,workers_pres,wz_close_detour,wz_flagger,wz_law_offcr_ind,objectid,wz_moving,wz_other,wz_shlder_mdn,vehicle_count,automobile_count,motorcycle_count,bus_count,small_truck_count,heavy_truck_count,suv_count,van_count,bicycle_count,maj_inj_count,mod_inj_count,min_inj_count,tot_inj_count,unk_inj_deg_count,unk_inj_per_count,driver_count_16yr,driver_count_17yr,driver_count_18yr,driver_count_19yr,driver_count_20yr,driver_count_50_64yr,driver_count_65_74yr,driver_count_75plus,unbelted_occ_count,unb_death_count,unb_maj_inj_count,belted_death_count,belted_maj_inj_count,mcycle_death_count,mcycle_maj_inj_count,bicycle_death_count,bicycle_maj_inj_count,ped_count,ped_death_count,ped_maj_inj_count,max_severity_level,comm_veh_count,dec_lat,dec_long,rdwy_surf_type_cd,county_name
 ,16613,2016105543,6,67,67301,2016,10,7,1300,13,1,1,0,8,1, , ,N,2,2,0,3,0,1,2,2,N,N,39 57:01.214,75 10:20.035,1505, ,1500, ,0, , , ,3, , , , , ,199504, , , ,1,0,0,0,0,0,0,0,0,0,0,1,1,0,0,0,0,0,0,0,0,0,0,0,0,0,0,0,0,0,0,0,1,0,0,4,0,39.9503,-75.1722, , 
 ,16614,2016080559,6,67,67301,2016,7,4,2325,23,3,1,0,1,1, , ,N,0,0,0,3,0,0,4,3,N,N,39 56:20.613,75 10:35.348,2330, ,2330, ,0, ,N, ,0, , , , , ,193874, , , ,3,3,0,0,0,0,0,0,0,0,0,0,0,0,0,0,0,0,0,0,1,0,0,0,0,0,0,0,0,0,0,0,0,0,0,0,0,39.9391,-75.1765, , 
 ,16615,2016080900,6,67,67301,2016,7,5,1600,16,1,1,0,4,1, , ,N,1,2,0,3,0,1,2,2,N, ,39 59:16.858,75 06:21.436,1640, ,1637, ,0, , , ,2, , , , , ,193875, , , ,2,1,0,0,1,0,0,0,0,0,0,0,1,1,1,0,0,0,0,0,0,0,0,0,0,0,0,0,0,0,0,0,0,0,0,8,0,39.988,-75.106, , 
 ,16616,2016082447,6,67,67301,2016,7,1,1319,13,1,1,0,1,1, , ,N,0,0,0,3,0,0,3,2,N,N,40 00:33.468,75 12:17.861,1326, ,1321,1,1,4, , ,0,N, , , , ,193882, , , ,2,2,0,0,0,0,0,0,0,0,0,0,0,0,0,0,0,0,0,0,0,0,0,0,0,0,0,0,0,0,0,0,0,0,0,0,0,40.0093,-75.205, , 
 ,16617,2016097711,6,67,67301,2016,9,3,2010,20,1,1,0,4,1, , ,N,1,3,0,3,0,1,5,2,N,N,39 55:02.312,75 09:16.203,2050, ,2050, ,0, ,N, ,3, , , , , ,193888, , , ,2,1,0,0,0,0,1,0,0,0,0,1,1,0,2,0,0,0,0,0,0,0,0,0,0,0,0,0,0,0,0,0,0,0,0,4,0,39.9173,-75.1545, , 
 ,16618,2016105493,6,67,67301,2016,9,3,1747,17,1,1,0,4,1, , ,N,1,2,0,3,0,1,2,2,N,N,39 57:20.190,75 11:22.129,1751, ,1749, ,0, ,N, ,3, , , , , ,193896, , , ,2,0,1,0,0,0,0,1,0,0,0,0,1,1,0,0,0,0,0,0,1,0,0,0,0,0,0,0,0,0,0,0,0,0,0,8,0,39.9556,-75.1895, , 
 ,16619,2016090881,6,67,67301,2016,9,2,2210,22,3,1,0,4,1, , ,N,0,0,0,3,0,1,3,2,N,N,40 00:06.379,75 09:10.393,2244, ,2243, ,0, ,N, ,0, , , , , ,193901, , , ,2,1,0,0,0,0,0,1,0,0,0,0,1,1,0,0,0,0,0,0,0,0,0,0,0,0,0,0,0,0,0,0,0,0,0,8,0,40.0018,-75.1529, , 
 ,16620,2016070627,6,67,67301,2016,6,3,850,8,1,1,0,4,1, , ,N,2,3,0,3,0,1,2,2,N, ,40 05:08.045,75 02:21.757,907, ,900, ,0, , , ,3, , , , , ,193912, , , ,2,0,0,0,0,0,1,1,0,0,0,1,1,0,0,0,0,0,0,0,0,2,0,0,0,0,0,0,0,0,0,0,0,0,0,4,0,40.0856,-75.0394, , 
 ,16621,2016060460,6,67,67301,2016,5,3,1633,16,1,1,0,1,1, , ,N,0,0,0,3,0,0,3,3,N,N,39 57:10.843,75 10:54.330,1649, ,1634, ,0, , , ,0, , , , , ,193919, , , ,3,2,0,0,0,0,1,0,0,0,0,0,0,0,1,0,0,0,0,0,2,0,0,0,0,0,0,0,0,0,0,0,0,0,0,9,0,39.953,-75.1818, , 
 ,16622,2016086750,6,67,67301,2016,7,3,2136,21,3,1,0,4,1, , ,N,1,2,0,3,0,1,3,3,N,N,39 57:06.393,75 13:28.462,2148, ,2147, ,0, , , ,3, , , , , ,193938, , , ,3,1,0,0,0,0,2,0,0,0,0,0,1,1,0,0,0,0,0,0,1,0,0,2,0,0,0,0,0,0,0,0,0,0,0,8,0,39.9518,-75.2246, , 
 ,16623,2016089624,6,46,46102,2016,8,4,2100,21,3,2,1,4,1, , ,N,0,0,0,3,0,0,2,2,N,N,40 03:48.507,75 08:22.845,2100, ,2100,1,1,4,N, ,0,Y, , , , ,193942, , , ,2,1,0,0,0,0,1,0,0,0,0,0,0,0,0,0,0,0,0,0,0,0,0,0,0,0,0,0,0,0,0,0,0,0,0,0,0,40.0635,-75.1397, , 
 ,16624,2016089904,6,67,67301,2016,8,6,1611,16,1,1,0,1,1, , ,N,0,0,0,3,0,4,8,2,N,N,39 57:04.426,75 10:38.486,1620, ,1611, ,0, ,N, ,0, , , , , ,193951, , , ,2,2,0,0,0,0,0,0,0,0,0,4,4,0,0,0,0,0,0,0,0,0,0,5,0,0,0,0,0,0,0,0,0,0,0,4,0,39.9512,-75.1774, , 
 ,16625,2016091629,6,67,67301,2016,8,7,119,1,3,1,0,4,1, , ,N,1,3,0,3,0,0,2,3,N,N,40 01:15.747,75 03:15.058,125, ,122,3,1,3,N, ,3,N, , , , ,193956, , , ,3,2,0,0,0,0,0,1,0,0,0,0,0,0,0,0,0,0,0,0,0,0,0,0,0,0,0,0,0,0,0,0,0,0,0,0,0,40.021,-75.0542, , 
 ,16626,2016056056,6,67,67301,2016,5,6,401,4,3,1,0,6,6, , ,N,0,0,0,3,0,0,1,2,N,N,40 01:18.458,75 06:50.194,427, ,425, ,0, , , ,0, , , , , ,193962, , , ,2,1,0,0,0,0,1,0,0,0,0,0,0,0,0,0,0,0,0,0,0,0,0,0,0,0,0,0,0,0,0,0,0,0,0,0,0,40.0218,-75.1139, , 
N,16627,2016060495,6,67,67301,2016,5,6,1701,17,1,1,0,1,1,1,4,Y,0,0,0,3,0,1,4,3,N,N,40 00:07.579,75 04:41.780,1717,45,1702,1,1,1, , ,0,N,N,N,N,N,193967,N,N,Y,3,2,0,0,0,0,1,0,0,0,1,0,1,0,0,0,0,0,0,0,1,0,0,0,0,0,0,0,0,0,0,0,0,0,0,3,0,40.0021,-75.0783, , 
 ,16628,2016062534,6,67,67301,2016,5,3,1,0,3,2,1,7,4, , ,N,0,0,0,3,0,1,1,1,N,N,40 02:16.151,75 03:43.093,4, ,1,1,1,2,N, ,0,N, , , , ,193970, , , ,1,1,0,0,0,0,0,0,0,0,0,0,1,1,0,0,0,0,0,0,0,0,0,0,0,0,0,0,0,0,0,0,0,0,0,8,0,40.0378,-75.062, , 
 ,16629,2016080160,6,67,67301,2016,6,5,735,7,1,1,0,1,1, , ,N,1,2,0,3,0,2,3,3,N, ,39 54:39.823,75 13:49.691,805, ,746, ,0, , , ,3, , , , , ,193982, , , ,3,2,0,0,0,0,1,0,0,0,0,2,2,0,1,0,0,0,0,0,1,0,0,2,0,0,0,0,0,0,0,0,0,0,0,4,0,39.9111,-75.2305, , 
 ,16630,2016080585,6,67,67301,2016,6,3,9999,99,3,1,0,4,1, , ,N,1,2,0,3,0,2,4,3,N,N,39 55:01.859,75 14:46.691,9999, ,9999,9,1,1,N, ,3,N, , , , ,193983, , , ,3,2,0,0,0,0,1,0,0,0,0,0,2,2,0,0,0,0,0,0,0,0,0,1,0,0,0,0,0,0,0,0,0,0,0,8,0,39.9172,-75.2463, , 
 ,16631,2016081417,6,67,67301,2016,7,7,52,0,3,1,0,5,6, , ,N,0,0,0,3,0,0,1,3,N,N,40 01:07.100,75 08:00.013,537, ,532, ,0, , , ,0, , , , , ,193984, , , ,3,2,0,0,1,0,0,0,0,0,0,0,0,0,0,0,0,0,0,0,0,0,0,1,0,0,0,0,0,0,0,0,0,0,0,0,0,40.0186,-75.1333, , 
 ,16632,2016084593,6,67,67301,2016,8,2,950,9,1,1,0,1,1, , ,N,5,2,2,3,0,1,3,2,N, ,39 55:17.968,75 11:24.723,1005, ,1000, ,0, , , ,3, , , , , ,193986, , , ,2,1,0,0,0,0,1,0,0,0,0,1,1,0,0,0,0,0,0,0,1,0,0,0,0,0,0,0,0,0,0,0,0,0,0,4,0,39.9217,-75.1902, , 
 ,16633,2016029891,6,67,67301,2016,3,4,724,7,1,1,0,4,1, , ,N,1,2,0,3,0,0,2,2,N,N,40 01:39.219,75 06:36.203,9999, ,731, ,0, ,N, ,2, , , , , ,196449, , , ,2,1,0,0,1,0,0,0,0,0,0,0,0,0,0,0,0,0,0,0,2,0,0,0,0,0,0,0,0,0,0,0,0,0,0,0,0,40.0277,-75.11, , 
 ,16634,2016042273,6,67,67301,2016,4,2,1552,15,1,1,0,2,1, , ,N,0,0,0,3,0,2,3,3,N,N,39 57:03.859,75 11:57.069,1555, ,1552,3,2,2,N, ,0,Y, , , , ,196459, , , ,3,2,0,0,1,0,0,0,0,1,0,0,2,1,0,0,0,0,1,0,0,1,0,0,0,0,0,1,0,0,0,0,0,0,0,2,0,39.9511,-75.1992, , 
 ,16635,2016048619,6,67,67301,2016,4,6,240,2,3,1,0,8,1, , ,N,0,2,0,3,0,1,2,2,N, ,39 57:06.792,75 09:55.559,246, ,241, ,0, , , ,3, , , , , ,196465, , , ,1,1,0,0,0,0,0,0,0,0,0,1,1,0,0,0,0,0,0,0,0,0,0,1,0,0,0,0,0,0,0,0,1,0,0,4,0,39.9519,-75.1654, , 
 ,16636,2016052363,6,67,67301,2016,4,5,2129,21,3,2,1,4,1, , ,N,1,3,0,3,0,1,2,2,N,N,40 01:32.689,75 10:21.050,2136, ,2136, ,0, ,N, ,3, , , , , ,196468, , , ,2,1,0,0,0,0,1,0,0,0,0,1,1,0,0,0,0,0,0,0,1,0,0,0,0,0,0,0,0,0,0,0,0,0,0,4,0,40.0257,-75.1725, , 
 ,16637,2016068661,6,67,67301,2016,6,1,1500,15,1,1,1,8,1, , ,N,1,2,0,3,0,1,2,2,N, ,39 58:17.270,75 09:34.235,1800, ,1500, ,0, , , ,3, , , , , ,196486, , , ,1,1,0,0,0,0,0,0,0,0,0,1,1,0,0,0,0,0,0,0,0,0,0,1,0,0,0,0,0,0,0,0,1,0,0,4,0,39.9714,-75.1594, , 
 ,16638,2016068683,6,67,67301,2016,6,1,750,7,1,1,0,1,1, , ,N,1,2,0,3,0,0,3,2,N,N,39 56:06.531,75 09:13.945,820, ,810,2,1,3,N, ,3,N, , , , ,196487, , , ,2,1,0,0,0,0,1,0,0,0,0,0,0,0,0,0,0,0,0,0,0,1,0,0,0,0,0,0,0,0,0,0,0,0,0,0,0,39.9351,-75.1539, , 
 ,16639,2016080643,6,67,67301,2016,7,6,2355,23,3,1,0,8,1, , ,N,1,2,0,3,0,1,2,2,N,N,39 56:08.815,75 13:42.823,5, ,5, ,0, ,N, ,3, , , , , ,196538, , , ,1,0,0,0,0,0,1,0,0,0,0,0,1,1,0,0,0,0,0,0,0,0,0,1,0,0,0,0,0,0,0,0,1,0,0,8,0,39.9358,-75.2286, , 
 ,16640,2016080724,6,67,67301,2016,6,6,2100,21,3,1,0,8,1, , ,N,2,3,0,3,0,1,2,2,N,N,39 58:22.396,75 12:31.532,1621, ,1620, ,0, ,N, ,3, , , , , ,196539, , , ,1,1,0,0,0,0,0,0,0,0,0,0,1,1,0,0,0,0,0,0,0,0,0,1,0,0,0,0,0,0,0,0,1,0,0,8,0,39.9729,-75.2088, , 
 ,16641,2016097689,6,67,67301,2016,9,1,1702,17,1,1,0,4,1, , ,N,1,2,0,3,0,1,5,2,N,N,39 58:10.746,75 12:41.274,1710, ,1705, ,0, ,N, ,3, , , , , ,196548, , , ,2,2,0,0,0,0,0,0,0,0,0,1,1,0,0,0,0,0,0,0,0,0,0,5,0,0,0,0,0,0,0,0,0,0,0,4,0,39.9697,-75.2115, , 
 ,16642,2016105702,6,67,67301,2016,9,6,2352,23,3,1,0,4,1, , ,N,1,2,0,3,0,2,4,2,N,N,40 00:30.590,75 05:01.650,1202, ,1201, ,0, ,N, ,3, , , , , ,196600, , , ,2,1,0,0,0,0,1,0,0,0,0,0,2,2,1,0,1,0,0,0,0,0,0,0,0,0,0,0,0,0,0,0,0,0,0,8,0,40.0085,-75.0838, , 
 ,16643,2016045356,6,67,67301,2016,3,5,2015,20,3,1,0,6,1, , ,N,0,0,0,3,0,2,3,3,N,N,40 06:04.171,75 01:32.488,2020, ,2020,2,1,6,N, ,0,Y, , , , ,196617, , , ,3,1,0,0,0,0,1,1,0,0,1,0,2,1,0,0,1,0,0,0,1,0,0,0,0,0,0,0,0,0,0,0,0,0,0,3,0,40.1012,-75.0257, , 
 ,16644,2016068978,6,67,67301,2016,7,6,904,9,1,1,0,1,1, , ,N,3,4,0,3,0,3,4,2,N,N,39 55:25.034,75 14:44.477,909, ,904, ,0, ,N, ,3, , , , , ,196629, , , ,2,2,0,0,0,0,0,0,0,0,0,3,3,0,0,0,0,0,0,0,0,0,0,0,0,0,0,0,0,0,0,0,0,0,0,4,0,39.9236,-75.2457, , 
 ,16645,2016072958,6,67,67301,2016,7,1,534,5,1,1,0,7,3, , ,N,0,0,0,3,0,0,1,1,N,N,39 59:20.550,75 05:15.846,548, ,534, ,0, , , ,0, , , , , ,196631, , , ,1,1,0,0,0,0,0,0,0,0,0,0,0,0,0,0,0,0,0,0,0,0,0,0,0,0,0,0,0,0,0,0,0,0,0,0,0,39.989,-75.0877, , 
 ,16646,2016080240,6,67,67301,2016,7,4,1625,16,1,1,0,4,1, , ,N,1,3,0,3,0,2,2,2,N, ,39 57:48.060,75 09:46.616,1645, ,1635, ,0, , , ,3, , , , , ,196639, , , ,2,2,0,0,0,0,0,0,0,0,0,2,2,0,0,0,0,0,0,0,0,0,0,0,0,0,0,0,0,0,0,0,0,0,0,4,0,39.9634,-75.1629, , 
 ,16647,2016082270,6,67,67301,2016,7,6,1040,10,1,1,0,1,1, , ,N,1,2,0,3,0,0,3,3,N,N,40 00:43.515,75 06:43.867,1102, ,9999, ,0, ,N, ,9, , , , , ,196642, , , ,3,2,0,0,0,0,1,0,0,0,0,0,0,0,0,0,0,0,0,0,1,0,0,0,0,0,0,0,0,0,0,0,0,0,0,0,0,40.0121,-75.1122, , 
 ,16648,2016080277,6,67,67301,2016,7,7,1636,16,1,2,1,2,1, , ,N,0,0,0,3,0,0,3,2,N,N,40 03:47.708,75 12:01.602,1945, ,1642, ,0, ,N, ,0, , , , , ,196648, , , ,2,1,0,0,1,0,0,0,0,0,0,0,0,0,1,0,0,0,1,0,0,0,0,0,0,0,0,0,0,0,0,0,0,0,0,9,0,40.0633,-75.2004, , 
 ,16649,2016091683,6,67,67301,2016,8,1,932,9,1,1,0,4,1, , ,N,2,2,6,3,0,2,4,3,N, ,40 01:44.261,75 06:02.382,942, ,932,2,2,2, , ,3,Y, , , , ,196654, , , ,3,1,0,0,0,0,1,1,0,0,0,2,2,0,0,0,0,0,0,0,0,0,0,0,0,0,0,0,0,0,0,0,0,0,0,4,0,40.029,-75.1007, , 
 ,16650,2016057277,6,67,67301,2016,4,6,1611,16,1,2,1,4,1, , ,N,1,2,0,3,0,2,2,2,N,N,39 57:00.784,75 14:13.909,1621, ,1615,1,2,2,N, ,3,Y, , , , ,196663, , , ,2,2,0,0,0,0,0,0,0,0,0,2,2,0,0,1,0,0,0,0,1,0,0,1,0,0,0,0,0,0,0,0,0,0,0,4,0,39.9502,-75.2372, , 
 ,16651,2016116532,6,46,46102,2016,11,3,642,6,1,1,0,7,2, , ,N,0,0,0,3,0,0,1,1,N,N,40 04:23.384,75 09:24.187,658, ,642,1,1,4,N, ,0,Y, , , , ,201762, , , ,1,1,0,0,0,0,0,0,0,0,0,0,0,0,0,0,0,0,0,0,1,0,0,0,0,0,0,0,0,0,0,0,0,0,0,0,0,40.0732,-75.1567, , 
 ,16652,2016080197,6,67,67301,2016,7,6,530,5,5,1,0,4,1, , ,N,1,2,0,3,0,2,2,4,N, ,40 02:20.090,75 04:59.750,533, ,533,2,1,3, , ,3,N, , , , ,201775, , , ,4,1,0,0,0,0,1,0,0,0,0,2,2,0,0,0,0,0,0,0,0,0,0,0,0,0,0,0,0,0,0,0,0,0,0,4,0,40.0389,-75.0833, , 
 ,16653,2016061668,6,67,67301,2016,5,1,1150,11,1,1,0,5,6, , ,N,0,0,0,3,0,1,2,5,N,N,39 55:57.550,75 10:46.538,1159, ,1156,3,2,2,N, ,0,Y, , , , ,201776, , , ,5,4,0,1,0,0,0,0,0,0,0,1,1,0,0,0,0,0,0,0,0,0,0,0,0,0,0,0,0,0,0,0,0,0,0,4,1,39.9327,-75.1796, , 
 ,16654,2016064050,6,67,67301,2016,5,6,2050,20,3,1,0,8,1, , ,N,0,0,0,3,0,1,2,2,N, ,40 02:56.062,75 06:07.120,2110, ,2101, ,0, , , ,0, , , , , ,201779, , , ,1,1,0,0,0,0,0,0,0,0,0,1,1,0,0,0,0,0,0,0,0,0,0,1,0,0,0,0,0,0,0,0,1,0,0,4,0,40.0489,-75.102, , 
 ,16655,2016080646,6,67,67301,2016,7,7,2000,20,3,1,0,7,4, , ,N,0,0,0,3,0,0,1,1,N, ,39 56:53.440,75 09:09.633,2005, ,2002,9,1,5, , ,0,N, , , , ,201795, , , ,1,1,0,0,0,0,0,0,0,0,0,0,0,0,0,0,0,0,0,0,0,0,0,0,0,0,0,0,0,0,0,0,0,0,0,0,0,39.9482,-75.1527, , 
 ,16656,2016093813,6,67,67301,2016,8,7,332,3,3,1,0,7,4, , ,N,0,0,0,3,0,0,1,1,N,N,40 00:02.729,75 04:46.192,338, ,333,2,2,1, , ,0,N, , , , ,201801, , , ,1,1,0,0,0,0,0,0,0,0,0,0,0,0,0,0,0,0,0,0,1,0,0,0,0,0,0,0,0,0,0,0,0,0,0,0,0,40.0008,-75.0795, , 
 ,16657,2016092061,6,67,67301,2016,8,4,810,8,1,1,0,7,4, , ,N,0,0,0,3,0,0,1,1,N, ,39 56:07.321,75 10:51.448,911, ,855, ,0, , , ,0, , , , , ,201802, , , ,1,1,0,0,0,0,0,0,0,0,0,0,0,0,0,0,0,0,0,0,0,0,0,0,0,0,0,0,0,0,0,0,0,0,0,0,0,39.9354,-75.181, , 
 ,16658,2016092052,6,67,67301,2016,8,6,1833,18,1,1,0,4,1, , ,N,2,2,0,3,0,1,2,2,N, ,39 54:09.464,75 13:29.503,1835, ,1834, ,0, , , ,3, , , , , ,201804, , , ,2,2,0,0,0,0,0,0,0,0,0,0,1,1,0,0,0,0,0,0,0,0,0,1,0,0,0,0,0,0,0,0,0,0,0,8,0,39.9025,-75.2248, , 
 ,16659,2016058566,6,67,67301,2016,5,1,2230,22,3,2,1,4,1, , ,N,1,2,0,3,0,1,2,2,N,N,39 57:31.442,75 13:37.864,2230, ,2230, ,0, , , ,3, , , , , ,201818, , , ,2,0,0,0,0,0,1,0,0,0,0,1,1,0,0,0,0,0,0,0,0,0,0,0,0,0,0,0,0,0,0,0,0,0,0,4,0,39.9587,-75.2272, , 
 ,16660,2016058635,6,67,67301,2016,5,2,2055,20,3,1,0,4,1, , ,N,1,3,0,3,0,5,5,2,N,N,39 58:01.531,75 12:23.921,2105, ,2000, ,0, ,N, ,3, , , , , ,201819, , , ,2,2,0,0,0,0,0,0,0,0,0,0,5,5,0,0,0,0,0,0,0,0,0,0,0,0,0,0,0,0,0,0,0,0,0,8,0,39.9671,-75.2066, , 
 ,16661,2016053804,6,67,67301,2016,5,7,1340,13,1,1,0,4,1, , ,N,1,2,0,3,0,1,2,2,N, ,39 57:49.280,75 10:15.428,1350, ,1345, ,0, , , ,3, , , , , ,201824, , , ,1,1,0,0,0,0,0,0,1,0,0,1,1,0,1,0,0,0,0,0,0,0,0,0,0,0,0,0,0,0,0,0,0,0,0,4,0,39.9636,-75.171, , 
 ,16662,2016070646,6,67,67301,2016,6,6,1505,15,1,1,0,4,1, , ,N,1,2,0,3,0,3,4,2,N,N,40 04:50.820,75 01:42.117,1520, ,1507,1,2,1,N, ,3,N, , , , ,201837, , , ,2,1,0,0,0,0,1,0,0,0,3,0,3,0,0,0,0,0,0,0,1,0,0,1,0,0,0,0,0,0,0,0,0,0,0,3,0,40.0808,-75.0284, , 
 ,16663,2016080337,6,67,67301,2016,6,5,1115,11,1,1,0,4,1, , ,N,1,2,0,3,1,0,3,3,N, ,40 06:51.342,74 59:16.507,1129, ,1119,3,2,2, ,0,3,Y, , , , ,201843, , , ,2,1,0,0,1,0,0,0,0,0,0,0,0,0,0,0,0,0,0,0,1,0,0,0,0,0,0,0,0,0,0,0,1,1,0,1,0,40.1143,-74.9879,2, 
 ,16664,2016084654,6,67,67301,2016,8,4,1140,11,1,1,0,4,1, , ,N,1,3,1,3,0,1,2,2,N, ,39 58:14.108,75 09:03.120,1150, ,1146,9,2,1, , ,3,Y, , , , ,201849, , , ,2,1,0,0,0,0,1,0,0,0,0,1,1,0,0,0,0,0,0,0,1,1,0,0,0,0,0,0,0,0,0,0,0,0,0,4,0,39.9705,-75.151, , 
 ,16665,2016091650,6,67,67301,2016,8,4,400,4,3,1,1,5,1, , ,N,0,0,0,3,0,1,2,2,N,N,39 58:09.600,75 07:37.438,410, ,404,2,2,2,N, ,0,N, , , , ,201858, , , ,2,0,0,0,0,0,1,1,0,0,0,1,1,0,0,0,0,0,0,0,1,0,0,0,0,0,0,0,0,0,0,0,0,0,0,4,0,39.9693,-75.1271, , 
 ,16666,2016097599,6,67,67301,2016,8,2,1750,17,1,1,0,8,1, , ,N,0,0,0,3,0,1,2,2,N,N,39 59:22.783,75 06:19.116,1915, ,1913, ,0, ,N, ,0, , , , , ,201860, , , ,1,1,0,0,0,0,0,0,0,0,0,1,1,0,0,0,0,0,0,0,0,1,0,0,0,0,0,0,0,0,0,0,1,0,0,4,0,39.9897,-75.1053, , 
 ,16667,2016080096,6,67,67301,2016,7,1,1838,18,1,1,0,4,1, , ,N,1,2,0,3,0,1,2,2,N,N,39 56:59.870,75 14:06.658,1845, ,1840, ,0, , , ,3, , , , , ,201877, , , ,1,1,0,0,0,0,0,0,1,0,0,1,1,0,0,0,0,0,0,0,0,0,0,0,0,0,0,0,0,0,0,0,0,0,0,4,0,39.95,-75.2352, , 
 ,16668,2016080525,6,67,67301,2016,7,6,2345,23,3,1,0,1,1, , ,N,0,0,0,3,0,1,2,2,N, ,40 03:23.447,75 01:49.063,2358, ,2353, ,0, , , ,0, , , , , ,201878, , , ,2,1,0,0,0,0,1,0,0,0,0,1,1,0,0,0,0,0,0,0,0,0,0,0,0,0,0,0,0,0,0,0,0,0,0,4,0,40.0565,-75.0303, , 
 ,16669,2016080854,6,67,67301,2016,7,4,448,4,3,1,0,7,4, , ,N,2,2,0,3,0,1,3,1,N,N,40 06:43.320,74 59:25.838,510, ,448,2,1,1,Y, ,3,Y, , , , ,199531, , , ,1,1,0,0,0,0,0,0,0,0,0,1,1,0,0,0,1,0,0,0,0,0,0,0,0,0,0,0,0,0,0,0,0,0,0,4,0,40.112,-74.9905, , 
 ,16670,2016085068,6,67,67301,2016,8,2,1832,18,1,1,0,5,1, , ,N,7,0,2,3,0,0,3,2,N,N,39 55:29.773,75 11:36.074,1852, ,1843,1,1,3, , ,0,N, , , , ,199533, , , ,2,1,0,0,0,0,1,0,0,0,0,0,0,0,0,0,0,0,0,0,0,0,0,0,0,0,0,0,0,0,0,0,0,0,0,0,0,39.9234,-75.1922, , 
 ,16671,2016091059,6,67,67301,2016,8,5,1415,14,1,1,0,4,1, , ,N,5,2,0,3,0,3,6,2,N,N,39 57:16.308,75 08:58.375,1421, ,1418, ,0, , , ,3, , , , , ,199537, , , ,2,2,0,0,0,0,0,0,0,0,0,3,3,0,1,0,0,0,1,0,0,0,0,2,0,0,0,0,0,0,0,0,0,0,0,4,0,39.9547,-75.1495, , 
 ,16672,2016092077,6,67,67301,2016,8,7,400,4,3,1,0,1,1, , ,N,1,2,0,3,0,2,3,2,N,N,40 00:56.894,75 08:28.039,435, ,435, ,0, ,N, ,3, , , , , ,199539, , , ,2,1,0,0,0,1,0,0,0,0,0,2,2,0,0,0,0,0,0,0,0,0,0,0,0,0,0,0,0,0,0,0,0,0,0,4,1,40.0158,-75.1411, , 
 ,16673,2016014542,6,67,67301,2016,1,7,412,4,3,2,1,1,1, , ,N,0,0,0,3,0,0,3,3,N,N,39 57:34.028,75 10:27.999,412, ,412,2,1,4, , ,0,N, , , , ,199555, , , ,3,1,0,0,0,0,1,0,0,0,0,0,0,0,1,0,0,0,0,0,0,1,0,0,0,0,0,0,0,0,0,0,0,0,0,9,0,39.9595,-75.1744, , 
 ,16674,2016070658,6,67,67301,2016,6,5,1810,18,1,1,0,5,1, , ,N,1,2,0,3,0,1,5,2,N,N,39 58:16.003,75 13:43.507,1820, ,1816, ,0, ,N, ,3, , , , , ,199571, , , ,2,0,0,0,0,1,1,0,0,0,0,0,1,1,0,0,0,0,0,0,1,0,0,0,0,0,0,0,0,0,0,0,0,0,0,8,1,39.9711,-75.2288, , 
 ,16675,2016080250,6,67,67301,2016,6,4,1450,14,1,1,0,1,1, , ,N,1,2,0,3,0,1,2,2,N,N,39 58:25.571,75 15:29.588,1740, ,1730, ,0, ,N, ,3, , , , , ,199577, , , ,2,1,0,0,0,0,0,1,0,0,0,1,1,0,0,0,0,0,0,0,1,0,0,1,0,0,0,0,0,0,0,0,0,0,0,4,0,39.9738,-75.2582, , 
 ,16676,2016080784,6,67,67301,2016,7,6,1350,13,1,1,0,4,1, , ,N,1,3,0,3,0,1,2,2,N,N,40 03:31.163,75 11:10.557,1420, ,1400, ,0, ,N, ,3, , , , , ,199578, , , ,2,1,0,0,0,0,1,0,0,0,0,1,1,0,0,0,0,0,0,0,0,0,0,1,0,0,0,0,0,0,0,0,0,0,0,4,0,40.0587,-75.1863, , 
 ,16677,2016088390,6,67,67301,2016,8,1,1841,18,1,1,0,1,1, , ,N,0,0,3,3,0,1,12,3,N,N,39 54:25.171,75 08:22.963,1842, ,1841,2,2,3,N, ,0,N, , , , ,199590, , , ,3,0,0,0,0,0,3,0,0,0,1,0,1,0,0,0,0,0,0,0,1,0,0,0,0,0,0,0,0,0,0,0,0,0,0,3,0,39.907,-75.1397, , 
 ,16678,2016094035,6,67,67301,2016,9,5,2330,23,3,1,0,5,1, , ,N,0,0,0,3,0,2,3,2,N,N,39 52:50.569,75 14:48.002,5, ,2348, ,0, , , ,0, , , , , ,199595, , , ,2,1,1,0,0,0,0,0,0,0,0,0,2,2,0,0,0,0,0,0,1,0,0,0,0,0,0,0,0,0,0,0,0,0,0,8,0,39.8807,-75.2467, , 