wz_ln_closure,objectid_1,crn,district,county,municipality,crash_year,crash_month,day_of_week,time_of_day,hour_of_day,illumination,weather,road_condition,collision_type,relation_to_road,work_zone_type,work_zone_loc,work_zone_ind,intersect_type,tcd_type,location_type,urban_rural,fatal_count,injury_count,person_count,total_units,sch_bus_ind,sch_zone_ind,latitude,longitude,arrival_tm,cons_zone_spd_lim,dispatch_tm,est_hrs_closed,lane_closed,ln_close_dir,ntfy_hiwy_maint,spec_juris_cd,tcd_func_cd,tfc_detour_ind,workers_pres,wz_close_detour,wz_flagger,wz_law_offcr_ind,objectid,wz_moving,wz_other,wz_shlder_mdn,vehicle_count,automobile_count,motorcycle_count,bus_count,small_truck_count,heavy_truck_count,suv_count,van_count,bicycle_count,maj_inj_count,mod_inj_count,min_inj_count,tot_inj_count,unk_inj_deg_count,unk_inj_per_count,driver_count_16yr,driver_count_17yr,driver_count_18yr,driver_count_19yr,driver_count_20yr,driver_count_50_64yr,driver_count_65_74yr,driver_count_75plus,unbelted_occ_count,unb_death_count,unb_maj_inj_count,belted_death_count,belted_maj_inj_count,mcycle_death_count,mcycle_maj_inj_count,bicycle_death_count,bicycle_maj_inj_count,ped_count,ped_death_count,ped_maj_inj_count,max_severity_level,comm_veh_count,dec_lat,dec_long,rdwy_surf_type_cd,county_name
 ,16746,2016112075,6,67,67301,2016,10,1,1348,13,1,1,0,4,1, , ,N,3,2,0,3,0,1,3,2,N,N,39 58:38.507,75 13:37.478,1350, ,1348,2,2,6,N, ,3,Y, , , , ,199736, , , ,2,1,0,0,0,0,1,0,0,0,0,1,1,0,0,0,0,0,0,0,0,0,0,0,0,0,0,0,0,0,0,0,0,0,0,4,0,39.9774,-75.2271, , 
 ,16747,2016122202,6,67,67301,2016,11,6,2128,21,3,1,0,1,1, , ,N,0,0,0,3,0,1,3,3,N,N,39 57:36.387,75 10:47.079,2153, ,2129, ,0, , , ,0, , , , , ,199737, , , ,3,0,0,0,0,0,1,0,0,0,0,0,1,1,2,0,0,0,0,0,0,0,0,0,0,0,0,0,0,0,0,0,0,0,0,8,0,39.9601,-75.1797, , 
U,16748,2016071097,6,67,67301,2016,6,2,1105,11,1,1,0,4,1,8,8,Y,1,2,0,3,0,1,3,3,Y,Y,40 02:04.023,75 06:53.623,1125,99,1124, ,0, ,Y, ,3, ,U,U,U,U,199753,U,U,U,3,1,0,0,0,0,2,0,0,0,0,1,1,0,0,0,0,0,0,0,2,0,0,0,0,0,0,0,0,0,0,0,0,0,0,4,0,40.0345,-75.1149, , 
 ,16749,2016080119,6,67,67301,2016,7,2,1632,16,1,1,0,1,6, , ,N,0,0,0,3,0,0,1,3,N,N,40 01:20.938,75 03:19.591,1634, ,1632, ,0, ,N, ,0, , , , , ,199757, , , ,3,1,0,0,0,0,2,0,0,0,0,0,0,0,0,0,0,0,0,0,0,0,0,1,0,0,0,0,0,0,0,0,0,0,0,0,0,40.0225,-75.0554, , 
 ,16750,2016082224,6,67,67301,2016,7,6,930,9,1,1,0,8,1, , ,N,1,2,0,3,0,1,2,2,N, ,40 01:55.668,75 08:46.500,1330, ,1330, ,0, , , ,3, , , , , ,199758, , , ,1,0,0,0,0,1,0,0,0,0,1,0,1,0,1,0,0,0,0,0,0,0,0,0,0,0,0,0,0,0,0,0,1,0,0,3,0,40.0321,-75.1461, , 
 ,16751,2016087202,6,67,67301,2016,8,2,2220,22,3,1,0,7,4, , ,N,0,0,0,3,0,2,2,5,N,N,40 03:23.041,75 01:04.512,2300, ,2248, ,0, ,N, ,0, , , , , ,199762, , , ,5,4,0,0,1,0,0,0,0,0,0,2,2,0,0,0,0,0,0,0,0,0,0,0,0,0,0,0,0,0,0,0,0,0,0,4,0,40.0564,-75.0179, , 
 ,16752,2016080810,6,67,67301,2016,7,7,618,6,1,1,0,4,1, , ,N,1,2,0,3,0,1,4,2,N,N,39 59:49.350,75 10:42.861,642, ,635,2,1,2,N, ,3,N, , , , ,199764, , , ,2,2,0,0,0,0,0,0,0,0,0,1,1,0,0,0,0,0,0,0,0,0,0,0,0,0,0,0,0,0,0,0,0,0,0,4,0,39.997,-75.1786, , 
 ,16753,2016091665,6,67,67301,2016,8,6,1240,12,1,1,0,8,1, , ,N,0,0,0,3,0,1,2,2,N,N,39 58:56.136,75 10:37.110,1249, ,1247, ,0, ,N, ,0, , , , , ,199771, , , ,1,0,0,0,1,0,0,0,0,0,0,1,1,0,0,0,0,0,0,0,0,0,0,1,0,0,0,0,0,0,0,0,1,0,0,4,0,39.9823,-75.177, , 
 ,16754,2016125095,6,67,67301,2016,11,5,1034,10,1,1,0,1,1, , ,N,0,0,0,3,0,2,2,2,N,N,39 53:17.160,75 14:31.128,1047, ,1034,2,2,2, , ,0,N, , , , ,199786, , , ,2,1,0,0,0,0,1,0,0,0,0,0,2,2,0,0,0,0,0,0,1,0,0,0,0,0,0,0,0,0,0,0,0,0,0,8,0,39.8881,-75.242, , 
 ,16755,2016120586,6,67,67301,2016,10,1,1330,13,1,1,0,6,1, , ,N,0,0,0,3,0,1,5,2,N,N,40 03:12.523,75 03:41.856,1411, ,1409, ,0, ,N, ,0, , , , , ,199789, , , ,2,2,0,0,0,0,0,0,0,0,0,1,1,0,0,0,0,0,0,1,1,0,0,0,0,0,0,0,0,0,0,0,0,0,0,4,0,40.0535,-75.0616, , 
 ,16756,2016058708,6,67,67301,2016,5,6,1813,18,1,1,0,1,1, , ,N,0,0,0,3,0,1,2,2,N,N,39 57:29.521,75 09:51.933,1828, ,1817, ,0, , , ,0, , , , , ,199790, , , ,2,1,0,0,0,0,1,0,0,0,0,0,1,1,0,0,0,0,0,0,0,0,0,0,0,0,0,0,0,0,0,0,0,0,0,8,0,39.9582,-75.1644, , 
 ,16757,2016021214,6,67,67301,2016,2,3,2210,22,3,3,5,7,4, , ,N,6,0,2,3,0,1,1,1,N,N,39 57:36.094,75 10:47.782,2221, ,2212,1,1,3, , ,0,N, , , , ,199811, , , ,1,1,0,0,0,0,0,0,0,0,1,0,1,0,0,0,0,0,0,0,0,0,0,0,0,0,0,0,0,0,0,0,0,0,0,3,0,39.96,-75.1799, , 
 ,16758,2016022456,6,67,67301,2016,2,7,1320,13,1,1,0,5,1, , ,N,3,4,2,3,0,2,2,2,N,N,39 58:21.206,75 07:24.154,1330, ,1328, ,0, , , ,3, , , , , ,199813, , , ,2,1,0,0,0,0,1,0,0,0,0,2,2,0,0,0,0,0,0,0,0,0,0,0,0,0,0,0,0,0,0,0,0,0,0,4,0,39.9726,-75.1234, , 
 ,16759,2016080181,6,67,67301,2016,6,4,1506,15,1,1,0,4,1, , ,N,1,2,0,3,0,1,2,2,N,N,40 02:44.278,75 04:17.368,1528, ,1528, ,0, , , ,3, , , , , ,194123, , , ,2,1,0,0,0,0,1,0,0,0,0,1,1,0,0,0,0,0,0,0,0,0,0,0,0,0,0,0,0,0,0,0,0,0,0,4,0,40.0456,-75.0714, , 
 ,16760,2016080198,6,67,67301,2016,7,4,836,8,1,1,0,1,1, , ,N,0,0,0,3,0,0,2,2,N,N,39 58:15.188,75 12:53.571,849, ,836, ,0, ,N, ,0, , , , , ,194124, , , ,2,2,0,0,0,0,0,0,0,0,0,0,0,0,1,0,0,0,0,0,0,1,0,0,0,0,0,0,0,0,0,0,0,0,0,9,0,39.9709,-75.2149, , 
 ,16761,2016081413,6,67,67301,2016,6,2,1005,10,1,1,0,1,1, , ,N,1,2,0,3,0,1,3,2,N, ,40 00:09.455,75 07:27.886,1017, ,1017, ,0, , , ,3, , , , , ,194125, , , ,2,0,0,0,0,0,1,1,0,0,0,1,1,0,0,0,0,0,0,0,1,0,0,1,0,0,0,0,0,0,0,0,0,0,0,4,0,40.0026,-75.1244, , 
 ,16762,2016087171,6,67,67301,2016,8,1,1205,12,1,1,0,4,1, , ,N,1,3,0,3,0,1,2,2,N,N,39 56:43.479,75 09:50.266,1210, ,1205,1,2,3, , ,3,Y, , , , ,194135, , , ,2,1,0,0,0,0,0,1,0,0,0,1,1,0,0,0,0,0,0,0,0,0,0,1,0,0,0,0,0,0,0,0,0,0,0,4,0,39.9454,-75.164, , 
 ,16763,2016091671,6,67,67301,2016,8,6,831,8,1,1,0,1,1, , ,N,0,0,0,3,0,1,2,2,N,N,40 01:30.505,75 02:41.264,845, ,843, ,0, ,N, ,0, , , , , ,194140, , , ,2,0,1,0,0,0,0,0,0,0,0,1,1,0,0,0,0,0,0,0,0,0,0,0,0,0,0,0,0,0,0,0,0,0,0,4,0,40.0251,-75.0448, , 
 ,16764,2016097193,6,67,67301,2016,8,1,1724,17,1,1,0,4,1, , ,N,1,2,0,3,0,1,5,2,N,N,39 59:24.820,75 09:43.023,1741, ,1740, ,0, ,N, ,3, , , , , ,194141, , , ,2,1,0,0,0,0,1,0,0,0,0,0,1,1,2,0,0,0,0,0,1,0,0,1,0,0,0,0,0,0,0,0,0,0,0,8,0,39.9902,-75.162, , 
 ,16765,2016097717,6,67,67301,2016,9,5,340,3,3,2,1,1,1, , ,N,0,0,0,3,0,5,6,2,N,N,39 56:54.050,75 08:31.460,352, ,341,4,1,2,Y, ,0,Y, , , , ,194143, , , ,2,0,0,0,0,2,0,0,0,0,0,5,5,0,0,0,0,0,0,0,1,0,0,0,0,0,0,0,0,0,0,0,0,0,0,4,1,39.9483,-75.1421, , 
 ,16766,2016080442,6,67,67301,2016,7,3,736,7,1,1,0,1,6, , ,N,0,0,0,3,0,2,2,2,N, ,40 00:45.414,75 04:22.586,750, ,745, ,0, , , ,0, , , , , ,194169, , , ,2,1,0,0,0,1,0,0,0,0,1,1,2,0,0,0,0,0,1,0,0,0,0,0,0,0,0,0,0,0,0,0,0,0,0,3,1,40.0126,-75.0729, , 
 ,16767,2016080927,6,67,67301,2016,7,2,2355,23,3,1,0,4,1, , ,N,2,2,0,3,0,1,5,2,N, ,39 55:26.726,75 08:37.130,4, ,2359, ,0, , , ,3, , , , , ,194170, , , ,2,1,0,0,0,0,1,0,0,0,1,0,1,0,0,0,0,0,0,0,2,0,0,0,0,0,0,0,0,0,0,0,0,0,0,3,0,39.924,-75.1433, , 
 ,16768,2016105938,6,67,67301,2016,9,7,1401,14,1,1,0,8,1, , ,N,1,2,0,3,0,2,3,3,N,N,40 00:07.962,75 09:27.759,1407, ,1401,1,1,3, , ,3,N, , , , ,194189, , , ,1,1,0,0,0,0,0,0,0,0,0,2,2,0,0,0,0,0,0,0,0,1,0,0,0,0,0,0,0,0,0,0,2,0,0,4,0,40.0022,-75.1576, , 
 ,16769,2016081428,6,67,67301,2016,7,2,215,2,3,1,0,4,1, , ,N,1,2,0,3,0,0,6,2,N,N,39 57:33.501,75 09:35.521,245, ,240,4,2,4,N, ,3,Y, , , , ,194212, , , ,2,1,0,0,0,0,1,0,0,0,0,0,0,0,0,0,0,0,0,0,0,0,0,0,0,0,0,0,0,0,0,0,0,0,0,0,0,39.9593,-75.1599, , 
 ,16770,2016084582,6,67,67301,2016,7,1,2254,22,3,1,0,8,1, , ,N,1,2,0,3,0,1,2,2,N, ,40 01:28.363,75 08:52.465,2325, ,2254, ,0, , , ,3, , , , , ,194219, , , ,1,1,0,0,0,0,0,0,0,0,0,0,1,1,0,0,0,0,0,0,1,0,0,1,0,0,0,0,0,0,0,0,1,0,0,8,0,40.0245,-75.1478, , 
 ,16771,2016099645,6,67,67301,2016,9,2,1200,12,1,1,0,8,1, , ,N,0,0,0,3,0,1,2,2,N,N,39 56:11.504,75 09:30.068,1211, ,1206,1,2,1,N, ,0,Y, , , , ,194229, , , ,1,0,0,0,0,1,0,0,0,1,0,0,1,0,0,0,0,0,0,0,0,0,0,0,0,0,0,0,0,0,0,0,1,0,1,2,1,39.9365,-75.1584, , 
 ,16772,2016120490,6,67,67301,2016,10,6,2345,23,3,1,0,1,1, , ,N,0,0,0,3,0,1,3,2,N,N,40 01:37.789,75 06:53.518,2354, ,2350,9,1,4,N, ,0,N, , , , ,194239, , , ,2,0,0,0,0,0,2,0,0,0,0,1,1,0,0,0,0,0,0,0,0,0,0,0,0,0,0,0,0,0,0,0,0,0,0,4,0,40.0272,-75.1149, , 
 ,16773,2016058822,6,67,67301,2016,6,4,1154,11,1,2,1,7,2, , ,N,0,0,0,3,0,1,1,1,N,N,39 56:49.644,75 08:32.178,1233, ,1204, ,0, , , ,0, , , , , ,194246, , , ,1,1,0,0,0,0,0,0,0,0,1,0,1,0,0,0,0,0,0,0,0,0,0,0,0,0,0,0,0,0,0,0,0,0,0,3,0,39.9471,-75.1423, , 
 ,16774,2016062639,6,67,67301,2016,5,3,1630,16,1,1,0,4,1, , ,N,1,3,0,3,0,0,2,2,N,N,39 57:46.836,75 09:30.286,1645, ,1639, ,0, , , ,3, , , , , ,194250, , , ,2,2,0,0,0,0,0,0,0,0,0,0,0,0,0,0,0,0,0,1,0,0,0,0,0,0,0,0,0,0,0,0,0,0,0,0,0,39.963,-75.1584, , 
 ,16775,2016082373,6,67,67301,2016,7,4,9999,99,1,1,0,4,1, , ,N,1,2,0,3,0,0,2,2,N, ,40 01:12.662,75 08:55.511,9999, ,9999, ,0, , , ,3, , , , , ,194263, , , ,2,1,0,0,0,0,1,0,0,0,0,0,0,0,0,0,0,0,0,0,0,1,0,0,0,0,0,0,0,0,0,0,0,0,0,0,0,40.0202,-75.1488, , 
 ,16776,2016113468,6,67,67301,2016,10,6,2001,20,3,1,0,1,1, , ,N,6,0,2,3,0,0,4,3,N,N,40 02:55.073,74 59:54.825,2014, ,2002,2,2,1, , ,0,N, , , , ,194274, , , ,3,1,0,0,0,1,0,1,0,0,0,0,0,0,0,0,0,0,0,0,0,0,0,0,0,0,0,0,0,0,0,0,0,0,0,0,1,40.0486,-74.9986, , 
 ,16777,2016105840,6,67,67301,2016,9,1,143,1,3,1,0,8,1, , ,N,1,2,0,3,0,1,3,2,N,N,39 56:57.146,75 09:47.364,149, ,148,2,2,2, , ,3,N, , , , ,196844, , , ,1,1,0,0,0,0,0,0,0,0,0,1,1,0,0,0,0,0,0,0,0,0,0,0,0,0,0,0,0,0,0,0,1,0,0,4,0,39.9492,-75.1632, , 
 ,16778,2016108565,6,67,67301,2016,9,4,1630,16,1,9,8,8,1, , ,N,1,3,0,3,0,1,2,2,N,N,40 01:48.583,75 08:39.947,1845, ,1630, ,0, ,N, ,3, , , , , ,196848, , , ,1,0,0,0,0,0,0,1,0,0,0,0,1,1,1,0,0,0,0,0,0,0,0,0,0,0,0,0,0,0,0,0,1,0,0,8,0,40.0302,-75.1444, , 
 ,16779,2016008310,6,67,67301,2016,1,4,1805,18,3,1,0,8,1, , ,N,1,2,0,3,0,1,2,2,N,N,39 58:42.242,75 09:20.526,1820, ,1810, ,0, ,N, ,3, , , , , ,196861, , , ,1,1,0,0,0,0,0,0,0,0,0,0,1,1,0,0,0,0,0,0,0,0,0,1,0,0,0,0,0,0,0,0,1,0,0,8,0,39.9783,-75.1557, , 
 ,16780,2016080827,6,67,67301,2016,7,2,1230,12,1,1,0,4,1, , ,N,5,2,0,3,0,3,4,3,N,N,40 02:03.671,75 04:29.368,1250, ,1240,2,1,2,N, ,3,N, , , , ,196869, , , ,3,2,0,0,0,0,0,1,0,0,0,0,3,3,0,0,0,0,0,0,0,0,0,0,0,0,0,0,0,0,0,0,0,0,0,8,0,40.0344,-75.0748, , 
 ,16781,2016092202,6,67,67301,2016,8,7,1900,19,1,9,8,5,6, , ,N,0,0,0,3,0,0,1,2,N,N,39 57:22.496,75 13:39.331,9999, ,1830, ,0, ,N, ,0, , , , , ,196883, , , ,2,0,0,0,0,0,1,1,0,0,0,0,0,0,1,0,0,0,0,0,0,0,0,0,0,0,0,0,0,0,0,0,0,0,0,9,0,39.9562,-75.2276, , 
 ,16782,2016108607,6,67,67301,2016,10,1,1141,11,1,2,1,4,1, , ,N,1,2,0,3,0,0,2,2,N,N,39 56:25.580,75 10:10.347,1157, ,1153, ,0, , , ,3, , , , , ,196888, , , ,2,2,0,0,0,0,0,0,0,0,0,0,0,0,0,0,0,0,0,0,0,0,0,0,0,0,0,0,0,0,0,0,0,0,0,0,0,39.9404,-75.1695, , 
 ,16783,2016080298,6,67,67301,2016,7,4,1401,14,1,2,1,7,4, , ,N,0,0,2,3,0,0,1,1,N,N,40 00:45.622,75 12:14.459,1409, ,1403,1,1,3,N, ,0,N, , , , ,196907, , , ,1,0,0,0,0,0,1,0,0,0,0,0,0,0,0,0,0,0,0,0,0,0,0,0,0,0,0,0,0,0,0,0,0,0,0,0,0,40.0127,-75.204, , 
 ,16784,2016087657,6,67,67301,2016,6,2,450,4,3,1,0,5,6, , ,N,0,0,0,3,0,1,1,4,N, ,39 57:08.899,75 13:21.000,451, ,451, ,0, , , ,0, , , , , ,196911, , , ,4,4,0,0,0,0,0,0,0,0,0,1,1,0,0,0,0,0,0,0,0,0,0,0,0,0,0,0,0,0,0,0,0,0,0,4,0,39.9525,-75.2225, , 
 ,16785,2016065271,6,67,67301,2016,6,4,1020,10,1,1,0,1,1, , ,N,0,0,0,3,0,0,3,3,N,N,39 56:40.849,75 08:34.031,1050, ,1030, ,0, , , ,0, , , , , ,196915, , , ,3,3,0,0,0,0,0,0,0,0,0,0,0,0,1,0,0,0,0,0,0,0,0,0,0,0,0,0,0,0,0,0,0,0,0,9,0,39.9447,-75.1428, , 
 ,16786,2016065826,6,67,67301,2016,6,6,1344,13,1,1,0,1,1, , ,N,0,0,0,3,0,1,4,2,N,N,39 59:43.439,75 11:52.082,1454, ,1414, ,0, , , ,0, , , , , ,196917, , , ,2,1,0,0,0,0,1,0,0,0,1,0,1,0,1,0,0,0,0,0,1,0,0,0,0,0,0,0,0,0,0,0,0,0,0,3,0,39.9954,-75.1978, , 
 ,16787,2016068674,6,67,67301,2016,6,1,1715,17,1,1,0,8,1, , ,N,1,0,0,3,0,1,2,2,N,N,39 59:27.175,75 13:19.225,1725, ,1724, ,0, ,N, ,0, , , , , ,196919, , , ,1,1,0,0,0,0,0,0,0,0,0,0,1,1,0,0,0,0,0,0,0,0,1,0,0,0,0,0,0,0,0,0,1,0,0,8,0,39.9909,-75.222, , 
 ,16788,2016080637,6,67,67301,2016,2,5,2026,20,3,2,1,4,1, , ,N,1,2,0,3,0,3,3,2,N, ,39 55:06.900,75 13:33.657,9999, ,2152, ,0, , , ,3, , , , , ,196924, , , ,2,2,0,0,0,0,0,0,0,0,3,0,3,0,0,0,0,0,0,0,1,0,0,0,0,0,0,0,0,0,0,0,0,0,0,3,0,39.9185,-75.2259, , 
 ,16789,2016080971,6,67,67301,2016,6,5,733,7,1,1,0,4,1, , ,N,1,2,0,3,0,0,2,2,N,N,39 56:18.900,75 11:54.432,835, ,834, ,0, ,N, ,3, , , , , ,196925, , , ,2,1,0,0,0,0,0,1,0,0,0,0,0,0,0,0,0,0,1,0,1,0,0,2,0,0,0,0,0,0,0,0,0,0,0,0,0,39.9386,-75.1985, , 
 ,16790,2016094649,6,67,67301,2016,9,3,608,6,1,1,0,5,1, , ,N,0,0,0,3,0,1,2,2,N,N,39 58:33.431,75 11:43.105,608, ,608,2,1,3, , ,0,N, , , , ,196932, , , ,2,1,0,0,0,1,0,0,0,0,1,0,1,0,0,0,0,0,0,0,1,0,0,0,0,0,0,0,0,0,0,0,0,0,0,3,1,39.976,-75.1953, , 
 ,16791,2016105891,6,67,67301,2016,9,3,1930,19,4,1,0,8,1, , ,N,1,2,0,3,0,1,2,2,N, ,39 57:32.247,75 13:01.165,2305, ,2300, ,0, , , ,3, , , , , ,196937, , , ,1,1,0,0,0,0,0,0,0,0,1,0,1,0,1,0,0,0,0,0,0,0,0,0,0,0,0,0,0,0,0,0,1,0,0,3,0,39.959,-75.217, , 
 ,16792,2016110249,6,67,67301,2016,10,7,257,2,3,2,7,7,4, , ,N,0,0,0,3,0,0,1,1,N,N,39 56:46.023,75 11:21.424,308, ,258,1,2,3, , ,0,N, , , , ,196950, , , ,1,1,0,0,0,0,0,0,0,0,0,0,0,0,1,0,0,0,0,0,0,0,0,0,0,0,0,0,0,0,0,0,0,0,0,9,0,39.9461,-75.1893, , 
 ,16793,2016099570,6,67,67301,2016,9,7,1315,13,1,1,0,4,1, , ,N,1,2,0,3,0,0,2,2,N,N,39 56:46.021,75 09:28.421,1332, ,1330,2,1,2,N, ,3,N, , , , ,196951, , , ,2,2,0,0,0,0,0,0,0,0,0,0,0,0,0,0,0,0,0,0,0,0,0,0,0,0,0,0,0,0,0,0,0,0,0,0,0,39.9461,-75.1579, , 
 ,16794,2016048549,6,67,67301,2016,4,6,1319,13,1,1,0,5,6, , ,N,0,0,0,3,0,1,1,4,N,N,40 04:19.275,75 09:34.776,1351, ,1341,2,2,6, , ,0,Y, , , , ,196953, , , ,4,1,0,0,0,0,3,0,0,0,0,0,1,1,0,0,0,0,0,0,1,0,0,0,0,0,0,0,0,0,0,0,0,0,0,8,0,40.072,-75.1597, , 
 ,16795,2016080510,6,67,67301,2016,6,3,1115,11,1,1,0,4,1, , ,N,1,3,0,3,0,1,2,2,N,N,39 57:58.608,75 12:10.313,1133, ,1125, ,0, ,N, ,3, , , , , ,202019, , , ,2,1,0,0,1,0,0,0,0,0,0,0,1,1,0,0,0,0,0,0,0,0,0,1,0,0,0,0,0,0,0,0,0,0,0,8,0,39.9663,-75.2029, , 
 ,16796,2016105887,6,67,67301,2016,9,5,2055,20,3,1,0,4,1, , ,N,1,3,0,3,0,1,2,2,N,N,39 56:53.332,75 14:44.566,2058, ,2056, ,0, ,N, ,3, , , , , ,202047, , , ,2,1,0,0,0,0,1,0,0,0,0,1,1,0,0,0,0,0,0,0,1,0,0,0,0,0,0,0,0,0,0,0,0,0,0,4,0,39.9481,-75.2457, , 
 ,16797,2016099518,6,67,67301,2016,9,7,1011,10,1,1,0,1,1, , ,N,0,2,0,3,0,1,3,2,N, ,40 04:02.067,75 03:03.717,1020, ,1014, ,0, , , ,3, , , , , ,202057, , , ,2,0,0,0,0,0,2,0,0,0,0,0,1,1,1,0,0,0,0,0,0,0,0,0,0,0,0,0,0,0,0,0,0,0,0,8,0,40.0672,-75.051, , 
 ,16798,2016080841,6,67,67301,2016,7,1,1849,18,1,1,0,1,1, , ,N,0,0,0,3,0,1,3,2,N,N,39 57:32.694,75 13:30.195,1916, ,1907, ,0, ,N, ,0, , , , , ,202064, , , ,2,1,0,0,0,0,1,0,0,0,0,0,1,1,0,0,0,0,0,0,0,0,0,3,0,0,0,0,0,0,0,0,0,0,0,8,0,39.9591,-75.2251, , 
 ,16799,2016080283,6,67,67301,2016,6,2,2301,23,3,1,1,4,1, , ,N,1,2,0,3,0,1,3,2,N, ,40 02:32.500,75 04:57.930,2345, ,2340, ,0, , , ,3, , , , , ,202070, , , ,2,2,0,0,0,0,0,0,0,0,0,1,1,0,0,0,0,0,0,0,0,0,0,0,0,0,0,0,0,0,0,0,0,0,0,4,0,40.0424,-75.0827, , 
 ,16800,2016080636,6,67,67301,2016,7,2,1706,17,1,1,0,8,1, , ,N,0,0,0,3,0,1,2,2,N, ,39 56:31.844,75 12:56.023,1711, ,1706, ,0, , , ,0, , , , , ,202071, , , ,1,1,0,0,0,0,0,0,0,0,1,0,1,0,0,0,0,0,0,0,0,0,0,0,0,0,0,0,0,0,0,0,1,0,0,3,0,39.9422,-75.2156, , 
 ,16801,2016099508,6,67,67301,2016,9,1,1150,11,1,1,0,5,1, , ,N,3,2,0,3,0,1,2,3,N,N,40 00:26.055,75 10:28.017,1214, ,1201, ,0, ,N, ,3, , , , , ,202083, , , ,3,1,0,0,1,0,0,1,0,0,0,1,1,0,0,0,0,0,1,0,0,0,0,0,0,0,0,0,0,0,0,0,0,0,0,4,0,40.0072,-75.1745, , 
 ,16802,2016105736,6,67,67301,2016,9,3,240,2,3,2,1,7,4, , ,N,0,0,0,3,0,0,1,1,N,N,40 04:57.451,75 02:59.813,250, ,244, ,0, ,N, ,0, , , , , ,202096, , , ,1,1,0,0,0,0,0,0,0,0,0,0,0,0,0,0,0,0,0,1,0,0,0,1,0,0,0,0,0,0,0,0,0,0,0,0,0,40.0826,-75.0499, , 
 ,16803,2016103093,6,67,67301,2016,9,5,456,4,3,2,1,7,2, , ,N,0,0,3,3,0,0,1,1,N,N,39 53:26.681,75 11:59.621,458, ,456, ,0, , , ,0, , , , , ,202115, , , ,1,1,0,0,0,0,0,0,0,0,0,0,0,0,0,0,0,0,0,0,0,0,0,0,0,0,0,0,0,0,0,0,0,0,0,0,0,39.8907,-75.1999, , 
 ,16804,2016091644,6,67,67301,2016,8,7,9999,99,1,1,0,4,1, , ,N,1,2,0,3,0,1,3,3,N,N,40 03:15.962,75 08:52.411,1250, ,1240, ,0, ,N, ,3, , , , , ,202117, , , ,3,2,0,0,0,0,0,0,0,0,0,0,1,1,1,0,0,0,0,0,1,0,0,1,0,0,0,0,0,0,0,0,0,0,0,8,0,40.0544,-75.1479, , 
 ,16805,2016087163,6,67,67301,2016,8,6,855,8,1,1,0,5,6, , ,N,0,0,0,3,0,0,1,2,N,N,40 02:59.290,75 05:52.242,915, ,907, ,0, ,N, ,0, , , , , ,202122, , , ,2,2,0,0,0,0,0,0,0,0,0,0,0,0,0,0,0,0,0,0,0,0,0,0,0,0,0,0,0,0,0,0,0,0,0,0,0,40.0498,-75.0978, , 
 ,16806,2016129682,6,67,67301,2016,12,1,1120,11,1,1,0,7,3, , ,N,0,0,0,3,0,1,1,1,N,N,40 02:16.756,75 00:38.711,1131, ,1120, ,0, , , ,0, , , , , ,202132, , , ,1,1,0,0,0,0,0,0,0,0,0,0,1,1,0,0,0,0,0,0,0,0,0,0,0,0,0,0,0,0,0,0,0,0,0,8,0,40.038,-75.0108, , 
 ,16807,2016112056,6,67,67301,2016,10,7,0,0,3,1,0,6,1, , ,N,0,0,0,3,0,0,5,3,N, ,40 02:58.952,75 14:08.869,8, ,5,2,1,5, , ,0,N, , , , ,202139, , , ,3,2,0,0,0,0,1,0,0,0,0,0,0,0,5,0,0,0,0,0,0,2,0,0,0,0,0,0,0,0,0,0,0,0,0,9,0,40.0497,-75.2358, , 
 ,16808,2016129238,6,67,67301,2016,11,1,633,6,1,1,0,5,6, , ,N,0,0,0,3,0,0,1,2,N, ,39 54:32.205,75 10:58.724,633, ,633, ,0, , , ,0, , , , , ,202141, , , ,2,0,0,0,1,0,1,0,0,0,0,0,0,0,1,0,0,0,0,0,0,0,0,0,0,0,0,0,0,0,0,0,0,0,0,9,0,39.9089,-75.183, , 
 ,16809,2016120605,6,67,67301,2016,10,7,1637,16,1,1,0,4,1, , ,N,1,2,0,3,0,1,2,2,N, ,40 01:30.637,75 07:31.531,1655, ,1650, ,0, , , ,3, , , , , ,202146, , , ,2,0,0,0,1,0,0,1,0,0,0,1,1,0,0,0,0,0,0,0,0,0,0,1,0,0,0,0,0,0,0,0,0,0,0,4,0,40.0252,-75.1254, , 
 ,16810,2016080359,6,67,67301,2016,6,5,914,9,1,2,1,4,1, , ,N,1,2,0,3,0,3,4,2,N,N,40 01:11.208,75 09:02.246,936, ,932, ,0, ,N, ,3, , , , , ,202159, , , ,2,1,0,0,0,1,0,0,0,0,0,2,3,1,0,0,0,0,0,1,1,0,0,0,0,0,0,0,0,0,0,0,0,0,0,4,1,40.0198,-75.1506, , 
 ,16811,2016088659,6,67,67301,2016,7,3,532,5,3,1,0,7,2, , ,N,7,0,0,3,0,1,1,1,N,N,39 57:27.342,75 10:48.754,538, ,532, ,0, , , ,0, , , , , ,202171, , , ,1,0,0,0,0,0,1,0,0,0,0,0,1,1,0,0,0,0,0,0,0,0,0,0,0,0,0,0,0,0,0,0,0,0,0,8,0,39.9576,-75.1802, , 