wz_ln_closure,objectid_1,crn,district,county,municipality,crash_year,crash_month,day_of_week,time_of_day,hour_of_day,illumination,weather,road_condition,collision_type,relation_to_road,work_zone_type,work_zone_loc,work_zone_ind,intersect_type,tcd_type,location_type,urban_rural,fatal_count,injury_count,person_count,total_units,sch_bus_ind,sch_zone_ind,latitude,longitude,arrival_tm,cons_zone_spd_lim,dispatch_tm,est_hrs_closed,lane_closed,ln_close_dir,ntfy_hiwy_maint,spec_juris_cd,tcd_func_cd,tfc_detour_ind,workers_pres,wz_close_detour,wz_flagger,wz_law_offcr_ind,objectid,wz_moving,wz_other,wz_shlder_mdn,vehicle_count,automobile_count,motorcycle_count,bus_count,small_truck_count,heavy_truck_count,suv_count,van_count,bicycle_count,maj_inj_count,mod_inj_count,min_inj_count,tot_inj_count,unk_inj_deg_count,unk_inj_per_count,driver_count_16yr,driver_count_17yr,driver_count_18yr,driver_count_19yr,driver_count_20yr,driver_count_50_64yr,driver_count_65_74yr,driver_count_75plus,unbelted_occ_count,unb_death_count,unb_maj_inj_count,belted_death_count,belted_maj_inj_count,mcycle_death_count,mcycle_maj_inj_count,bicycle_death_count,bicycle_maj_inj_count,ped_count,ped_death_count,ped_maj_inj_count,max_severity_level,comm_veh_count,dec_lat,dec_long,rdwy_surf_type_cd,county_name
 ,17011,2016064063,6,67,67301,2016,6,3,750,7,1,1,0,8,1, , ,N,1,2,0,3,0,1,2,2,N,N,40 05:07.441,75 02:14.475,802, ,759, ,0, ,N, ,3, , , , , ,180713, , , ,1,1,0,0,0,0,0,0,0,0,0,1,1,0,0,0,0,0,0,0,0,0,0,0,0,0,0,0,0,0,0,0,1,0,0,4,0,40.0854,-75.0374, , 
 ,17012,2016022019,6,67,67301,2016,1,5,9999,99,1,1,0,4,1, , ,N,1,3,0,3,0,2,4,2,N,N,39 57:18.241,75 13:11.438,0, ,9999, ,0, ,N, ,3, , , , , ,180730, , , ,2,1,0,0,0,0,1,0,0,0,0,2,2,0,0,0,0,0,0,0,2,0,0,0,0,0,0,0,0,0,0,0,0,0,0,4,0,39.9551,-75.2198, , 
 ,17013,2016022893,6,67,67301,2016,1,4,1935,19,3,1,0,2,1, , ,N,2,2,7,3,0,0,3,2,N,N,39 57:26.141,75 12:55.193,2008, ,2005, ,0, ,N, ,3, , , , , ,180733, , , ,2,2,0,0,0,0,0,0,0,0,0,0,0,0,1,0,0,0,0,0,0,0,0,0,0,0,0,0,0,0,0,0,0,0,0,9,0,39.9573,-75.2153, , 
 ,17014,2016048529,6,67,67301,2016,4,3,1228,12,1,1,0,1,1, , ,N,0,0,0,3,0,1,2,2,N,N,40 02:00.973,75 04:31.762,1240, ,1231, ,0, ,N, ,0, , , , , ,180759, , , ,2,0,0,0,1,0,1,0,0,0,0,0,1,1,0,0,0,0,0,0,0,1,0,1,0,0,0,0,0,0,0,0,0,0,0,8,0,40.0336,-75.0755, , 
 ,17015,2016063952,6,67,67301,2016,5,4,1906,19,1,1,0,5,1, , ,N,0,0,0,3,0,0,4,2,N,N,40 02:27.063,75 03:30.600,1912, ,1908, ,0, ,N, ,0, , , , , ,180766, , , ,2,0,0,0,0,0,2,0,0,0,0,0,0,0,0,0,0,0,0,0,0,1,1,0,0,0,0,0,0,0,0,0,0,0,0,0,0,40.0409,-75.0585, , 
 ,17016,2016019216,6,67,67301,2016,2,5,1721,17,3,1,0,1,1, , ,N,0,8,0,3,0,1,2,2,N,N,40 00:08.132,75 11:40.163,1731, ,1727, ,0, , , ,3, , , , , ,180775, , , ,2,2,0,0,0,0,0,0,0,0,0,1,1,0,0,0,1,0,0,0,0,0,0,0,0,0,0,0,0,0,0,0,0,0,0,4,0,40.0023,-75.1945, , 
 ,17017,2016040998,6,67,67301,2016,4,2,835,8,1,1,0,4,1, , ,N,1,3,0,3,0,0,2,2,N, ,39 57:26.341,75 12:34.516,900, ,853,1,1,2, , ,3,N, , , , ,180795, , , ,2,2,0,0,0,0,0,0,0,0,0,0,0,0,0,0,0,0,0,0,0,0,0,0,0,0,0,0,0,0,0,0,0,0,0,0,0,39.9573,-75.2096, , 
 ,17018,2016052852,6,67,67301,2016,4,7,1600,16,1,1,0,4,1, , ,N,1,2,0,3,0,1,2,2,N,N,40 02:24.861,75 03:30.268,1610, ,1607, ,0, , , ,3, , , , , ,180802, , , ,2,0,0,0,1,0,0,1,0,1,0,0,1,0,0,0,0,0,0,0,0,1,0,0,0,0,0,1,0,0,0,0,0,0,0,2,0,40.0403,-75.0585, , 
 ,17019,2016053684,6,67,67301,2016,5,5,2255,22,3,1,0,7,3, , ,N,0,0,0,3,0,2,3,3,N,N,40 01:44.897,75 06:20.092,2305, ,2300, ,0, ,N, ,0, , , , , ,180803, , , ,3,2,0,1,0,0,0,0,0,0,1,1,2,0,0,0,0,0,0,0,0,0,0,0,0,0,0,0,0,0,0,0,0,0,0,3,1,40.029,-75.106, , 
 ,17020,2016058799,6,67,67301,2016,5,1,1430,14,1,1,0,1,1, , ,N,0,0,0,3,0,0,3,2,N,N,39 57:25.755,75 09:23.239,1434, ,1434,2,1,4, , ,0,N, , , , ,180809, , , ,2,1,0,0,0,0,1,0,0,0,0,0,0,0,0,0,0,0,0,0,1,0,0,0,0,0,0,0,0,0,0,0,0,0,0,0,0,39.9572,-75.1565, , 
 ,17021,2016080889,6,67,67301,2016,7,2,310,3,3,1,0,4,1, , ,N,1,2,0,3,0,0,3,2,N,N,39 57:11.214,75 12:50.993,323, ,316, ,0, ,N, ,3, , , , , ,180830, , , ,2,2,0,0,0,0,0,0,0,0,0,0,0,0,0,0,0,0,0,0,0,0,0,0,0,0,0,0,0,0,0,0,0,0,0,0,0,39.9531,-75.2142, , 
 ,17022,2016089460,6,46,46102,2016,8,7,1748,17,1,1,0,4,1, , ,N,2,3,0,3,0,3,4,2,N,N,40 03:58.293,75 05:30.995,1750, ,1748,2,1,4,N, ,3,N, , , , ,180842, , , ,2,1,0,0,1,0,0,0,0,0,2,0,3,1,0,0,0,0,1,0,0,0,0,0,0,0,0,0,0,0,0,0,0,0,0,3,0,40.0662,-75.0919, , 
 ,17023,2016096631,6,67,67301,2016,9,1,9999,99,1,1,0,1,1, , ,N,0,0,0,3,0,14,15,5,N, ,39 59:16.992,75 07:25.081,1320, ,1314, ,0, , , ,0, , , , , ,180846, , , ,5,5,0,0,0,0,0,0,0,0,0,0,14,14,0,0,0,0,0,0,1,0,0,0,0,0,0,0,0,0,0,0,0,0,0,8,0,39.9881,-75.1236, , 
 ,17024,2016091054,6,67,67301,2016,8,6,622,6,5,1,0,6,6, , ,N,0,0,0,3,0,1,1,3,N,N,40 01:52.553,75 07:36.068,828, ,828, ,0, ,N, ,0, , , , , ,180852, , , ,3,1,0,0,0,0,1,1,0,0,0,1,1,0,0,0,0,0,0,0,0,0,0,0,0,0,0,0,0,0,0,0,0,0,0,4,0,40.0313,-75.1267, , 
 ,17025,2016060841,6,67,67301,2016,5,3,655,6,1,1,0,8,1, , ,N,0,0,0,3,0,1,2,2,N,N,39 57:18.345,75 09:53.043,707, ,703,9,1,2, , ,0,N, , , , ,180858, , , ,1,1,0,0,0,0,0,0,0,0,1,0,1,0,0,0,0,0,0,0,0,0,0,1,0,0,0,0,0,0,0,0,1,0,0,3,0,39.9551,-75.1647, , 
 ,17026,2016044556,6,67,67301,2016,4,6,2307,23,6,1,0,8,1, , ,N,1,2,0,3,0,1,2,2,N,N,39 55:29.721,75 13:35.237,30, ,19, ,0, ,N, ,3, , , , , ,180866, , , ,1,1,0,0,0,0,0,0,0,0,0,1,1,0,0,0,0,0,0,0,0,0,0,1,0,0,0,0,0,0,0,0,1,0,0,4,0,39.9249,-75.2265, , 
 ,17027,2016052352,6,67,67301,2016,5,3,1200,12,1,2,1,7,4, , ,N,1,3,0,3,0,0,2,1,N, ,40 00:16.736,75 08:25.220,1240, ,1235, ,0, , , ,3, , , , , ,180869, , , ,1,0,0,0,0,0,1,0,0,0,0,0,0,0,1,0,0,0,0,0,0,0,0,1,0,0,0,0,0,0,0,0,0,0,0,9,0,40.0046,-75.1403, , 
 ,17028,2016058505,6,67,67301,2016,5,1,1500,15,1,1,0,8,1, , ,N,0,0,0,3,0,1,2,2,N,N,40 02:34.657,75 02:15.216,1524, ,1519,3,2,1, , ,0,Y, , , , ,180878, , , ,1,1,0,0,0,0,0,0,0,0,0,0,1,1,0,0,0,0,0,0,0,0,0,0,0,0,0,0,0,0,0,0,1,0,0,8,0,40.043,-75.0376, , 
 ,17029,2016045671,6,67,67301,2016,4,2,1239,12,1,1,0,4,1, , ,N,2,3,0,3,0,1,2,2,N,N,39 59:05.971,75 15:34.171,1252, ,1239,2,2,2,N, ,3,N, , , , ,183449, , , ,2,1,0,0,0,0,0,1,0,1,0,0,1,0,0,0,1,0,1,0,0,0,0,0,0,0,0,1,0,0,0,0,0,0,0,2,0,39.9849,-75.2595, , 
 ,17030,2016052399,6,67,67301,2016,5,2,630,6,1,1,0,4,1, , ,N,1,2,0,3,0,0,2,2,N,N,40 02:18.542,75 03:06.508,715, ,709, ,0, , , ,3, , , , , ,183455, , , ,2,2,0,0,0,0,0,0,0,0,0,0,0,0,0,0,0,0,0,0,0,0,0,1,0,0,0,0,0,0,0,0,0,0,0,0,0,40.0385,-75.0518, , 
 ,17031,2016052413,6,67,67301,2016,5,4,9999,99,1,1,0,5,1, , ,N,0,0,0,3,0,0,3,3,N,N,40 00:19.388,75 06:32.109,9999, ,9999, ,0, ,N, ,0, , , , , ,183456, , , ,3,1,0,0,0,2,0,0,0,0,0,0,0,0,0,0,0,0,0,1,0,0,0,0,0,0,0,0,0,0,0,0,0,0,0,0,2,40.0054,-75.1089, , 
 ,17032,2016063968,6,67,67301,2016,6,3,104,1,3,1,0,7,4, , ,N,0,0,0,3,0,1,1,1,N,N,40 01:52.047,75 05:05.445,148, ,147, ,0, ,N, ,0, , , , , ,183473, , , ,1,0,1,0,0,0,0,0,0,0,0,1,1,0,0,0,0,0,0,0,1,0,0,0,0,0,0,0,0,0,0,0,0,0,0,4,0,40.0311,-75.0848, , 
 ,17033,2016091610,6,67,67301,2016,8,4,1300,13,1,1,0,8,1, , ,N,1,2,0,3,0,1,2,2,N, ,39 56:43.886,75 09:11.444,1310, ,1300, ,0, , , ,3, , , , , ,183486, , , ,1,0,0,0,0,0,1,0,0,0,1,0,1,0,0,0,0,0,0,0,1,0,0,0,0,0,0,0,0,0,0,0,1,0,0,3,0,39.9455,-75.1532, , 
 ,17034,2016092153,6,67,67301,2016,8,2,2100,21,3,1,0,1,1, , ,N,1,2,0,3,0,2,3,2,N,N,39 57:19.193,75 09:46.331,2106, ,2102, ,0, ,N, ,3, , , , , ,183492, , , ,2,1,0,0,0,0,1,0,0,0,0,2,2,0,0,0,0,0,0,0,2,0,0,0,0,0,0,0,0,0,0,0,0,0,0,4,0,39.9553,-75.1629, , 
 ,17035,2016119158,6,67,67301,2016,10,6,1510,15,1,1,0,1,1, , ,N,0,0,0,3,0,2,3,3,N,N,39 56:14.134,75 09:05.163,1710, ,1700,3,2,6,N, ,0,Y, , , , ,183496, , , ,3,1,1,0,0,0,0,1,0,0,0,1,2,1,1,0,0,0,0,0,0,0,0,0,0,0,0,0,0,0,0,0,0,0,0,4,0,39.9373,-75.1514, , 
 ,17036,2016117707,6,67,67301,2016,10,6,939,9,1,1,0,4,1, , ,N,1,3,0,3,0,1,3,2,N, ,39 55:33.546,75 13:57.057,940, ,940, ,0, , , ,3, , , , , ,183501, , , ,2,2,0,0,0,0,0,0,0,0,0,0,1,1,0,0,0,0,0,1,0,0,0,0,0,0,0,0,0,0,0,0,0,0,0,8,0,39.926,-75.2325, , 
 ,17037,2016122175,6,67,67301,2016,11,5,2202,22,3,1,0,1,1, , ,N,0,0,0,3,0,1,3,2,N,N,39 59:28.355,75 12:12.761,2215, ,2204, ,0, , , ,0, , , , , ,183506, , , ,2,2,0,0,0,0,0,0,0,0,0,1,1,0,0,0,0,0,0,0,2,0,0,0,0,0,0,0,0,0,0,0,0,0,0,4,0,39.9912,-75.2035, , 
 ,17038,2016067838,6,67,67301,2016,5,6,1230,12,1,1,0,1,1, , ,N,0,0,0,3,0,1,2,2,N,N,39 55:33.092,75 10:52.338,1242, ,1238, ,0, , , ,0, , , , , ,183513, , , ,2,1,0,0,0,0,0,1,0,0,0,1,1,0,1,0,0,0,0,0,0,1,0,0,0,0,0,0,0,0,0,0,0,0,0,4,0,39.9259,-75.1812, , 
 ,17039,2016106299,6,67,67301,2016,9,3,1005,10,1,1,0,1,1, , ,N,0,0,0,3,0,3,7,2,N,N,40 00:56.087,75 10:36.158,1013, ,1011,2,1,2, , ,0,N, , , , ,183545, , , ,2,1,0,0,0,0,0,1,0,0,0,3,3,0,0,0,0,0,0,0,0,0,0,0,0,0,0,0,0,0,0,0,0,0,0,4,0,40.0156,-75.1767, , 
 ,17040,2016063967,6,67,67301,2016,5,5,918,9,1,1,0,4,1, , ,N,1,0,0,3,0,1,2,2,N,N,40 03:29.235,75 04:24.056,923, ,920, ,0, ,N, ,0, , , , , ,183572, , , ,2,0,1,0,0,0,1,0,0,0,0,0,1,1,0,0,0,0,0,0,0,1,0,0,0,0,0,0,0,0,0,0,0,0,0,8,0,40.0581,-75.0733, , 
 ,17041,2016088599,6,67,67301,2016,8,2,230,2,3,1,0,5,6, , ,N,0,0,0,3,0,1,1,5,N, ,39 56:40.239,75 09:06.148,238, ,234,2,2,2, , ,0,Y, , , , ,183586, , , ,5,5,0,0,0,0,0,0,0,0,0,0,1,1,0,0,0,0,0,0,0,0,0,0,0,0,0,0,0,0,0,0,0,0,0,8,0,39.9445,-75.1517, , 
 ,17042,2016091615,6,67,67301,2016,8,7,2217,22,3,1,0,4,1, , ,N,1,2,0,3,0,1,3,2,N, ,39 56:30.714,75 13:31.922,2225, ,2218,1,2,1, , ,3,Y, , , , ,183589, , , ,1,1,0,0,0,0,0,0,1,0,0,1,1,0,0,0,0,0,0,0,1,0,0,0,0,0,0,0,0,0,0,0,0,0,0,4,0,39.9419,-75.2255, , 
 ,17043,2016086437,6,67,67301,2016,8,5,1055,10,1,1,0,1,1, , ,N,0,0,0,3,0,1,3,2,N,N,40 00:01.051,75 11:42.531,1056, ,1055, ,0, , , ,0, , , , , ,183600, , , ,2,1,0,0,0,0,0,1,0,0,0,1,1,0,0,0,0,0,0,0,0,0,1,0,0,0,0,0,0,0,0,0,0,0,0,4,0,40.0003,-75.1951, , 
 ,17044,2016056014,6,67,67301,2016,5,4,1415,14,1,1,0,8,1, , ,N,0,0,0,3,0,1,2,2,N,Y,39 59:22.837,75 11:02.877,1423, ,1420, ,0, ,N, ,0, , , , , ,183647, , , ,1,0,0,0,0,0,1,0,0,0,0,1,1,0,0,0,0,0,0,0,0,0,0,1,0,0,0,0,0,0,0,0,1,0,0,4,0,39.9897,-75.1841, , 
 ,17045,2016064010,6,67,67301,2016,6,5,1905,19,1,1,0,4,1, , ,N,1,0,0,3,0,1,3,2,N, ,40 01:12.208,75 03:22.150,1916, ,1908, ,0, , , ,0, , , , , ,183657, , , ,1,1,0,0,0,0,0,0,1,0,0,0,1,1,0,0,0,0,0,0,0,1,0,0,0,0,0,0,0,0,0,0,0,0,0,8,0,40.0201,-75.0562, , 
 ,17046,2016070478,6,67,67301,2016,7,2,1421,14,1,1,0,5,1, , ,N,0,0,0,3,0,1,2,2,N,N,39 59:29.818,75 12:09.699,1422, ,1421,3,1,4, , ,0,N, , , , ,183664, , , ,2,2,0,0,0,0,0,0,0,0,0,0,1,1,0,0,0,0,0,0,1,0,0,0,0,0,0,0,0,0,0,0,0,0,0,8,0,39.9916,-75.2027, , 
 ,17047,2016040909,6,67,67301,2016,4,2,230,2,3,1,0,2,1, , ,N,0,0,0,3,0,1,2,2,N, ,40 04:26.427,75 10:25.045,240, ,230, ,0, , , ,0, , , , , ,186673, , , ,2,2,0,0,0,0,0,0,0,0,0,1,1,0,0,0,0,0,0,0,0,0,0,1,0,0,0,0,0,0,0,0,0,0,0,4,0,40.074,-75.1736, , 
 ,17048,2016040960,6,67,67301,2016,4,1,1301,13,1,1,0,4,1, , ,N,1,2,0,3,0,2,4,2,N, ,40 02:06.425,75 04:10.216,1321, ,1308,1,1,1, , ,3,N, , , , ,186674, , , ,2,1,0,0,0,0,1,0,0,0,1,1,2,0,0,0,0,0,0,0,0,0,0,0,0,0,0,0,0,0,0,0,0,0,0,3,0,40.0351,-75.0695, , 
 ,17049,2016048698,6,67,67301,2016,4,6,247,2,3,1,1,7,4, , ,N,0,0,0,3,2,2,4,1,N, ,39 54:48.920,75 08:16.818,249, ,248,9,2,2, ,0,0,Y, , , , ,186682, , , ,1,1,0,0,0,0,0,0,0,0,2,0,2,0,0,0,0,0,0,0,0,0,0,4,2,0,0,0,0,0,0,0,0,0,0,1,0,39.9136,-75.138,2, 
 ,17050,2016080477,6,67,67301,2016,7,1,2100,21,3,1,0,4,1, , ,N,0,0,0,3,0,1,2,2,N,N,40 00:55.868,75 09:17.119,2150, ,2144, ,0, ,N, ,0, , , , , ,186720, , , ,2,0,1,0,0,0,0,0,0,0,1,0,1,0,1,0,0,0,0,0,0,0,0,0,0,0,0,0,0,0,0,0,0,0,0,3,0,40.0155,-75.1548, , 
 ,17051,2016097175,6,46,46102,2016,8,3,2025,20,3,1,0,4,1, , ,N,1,2,0,3,0,0,2,2,N, ,40 03:55.027,75 05:25.289,2033, ,2033,1,1,4, , ,3,N, , , , ,186727, , , ,2,1,0,0,0,0,1,0,0,0,0,0,0,0,0,0,0,0,0,0,0,1,0,2,0,0,0,0,0,0,0,0,0,0,0,0,0,40.0653,-75.0904, , 
 ,17052,2016098752,6,67,67301,2016,9,2,527,5,3,1,0,7,7, , ,N,7,0,0,3,0,1,1,1,N,N,39 58:59.494,75 05:55.161,558, ,527,1,1,2, , ,0,N, , , , ,186729, , , ,1,1,0,0,0,0,0,0,0,0,0,0,1,1,0,0,0,0,0,0,0,0,0,0,0,0,0,0,0,0,0,0,0,0,0,8,0,39.9832,-75.0987, , 
 ,17053,2016080414,6,67,67301,2016,7,2,9999,99,1,2,1,4,1, , ,N,1,2,0,3,0,0,2,3,N,N,39 55:35.296,75 11:09.463,9999, ,9999, ,0, ,N, ,3, , , , , ,186733, , , ,3,1,0,0,1,0,0,1,0,0,0,0,0,0,0,0,0,0,0,0,0,0,0,0,0,0,0,0,0,0,0,0,0,0,0,0,0,39.9265,-75.186, , 
 ,17054,2016080531,6,67,67301,2016,7,7,2210,22,3,1,0,7,5, , ,N,5,2,0,3,0,1,4,1,N,N,39 59:47.157,75 06:48.512,2217, ,2217, ,0, ,N, ,3, , , , , ,186740, , , ,1,1,0,0,0,0,0,0,0,0,0,1,1,0,0,0,0,0,0,0,0,0,0,0,0,0,0,0,0,0,0,0,0,0,0,4,0,39.9964,-75.1135, , 
 ,17055,2016079853,6,67,67301,2016,8,6,2141,21,3,1,0,1,1, , ,N,0,0,0,3,0,1,2,2,N,N,39 58:04.313,75 11:23.570,2146, ,2146,1,1,4, , ,0,N, , , , ,186756, , , ,2,1,0,0,0,0,1,0,0,0,0,0,1,1,0,0,0,0,0,0,0,0,0,0,0,0,0,0,0,0,0,0,0,0,0,8,0,39.9679,-75.1899, , 
 ,17056,2016086409,6,67,67301,2016,8,3,817,8,1,1,0,1,1, , ,N,0,0,0,3,0,3,6,4,N,N,39 57:03.830,75 08:29.570,835, ,817,2,1,1, , ,0,N, , , , ,186760, , , ,4,3,0,0,0,0,1,0,0,0,0,0,3,3,0,0,0,0,0,0,2,0,0,1,0,0,0,0,0,0,0,0,0,0,0,8,0,39.9511,-75.1415, , 
 ,17057,2016097134,6,67,67301,2016,9,5,1435,14,1,1,0,0,1, , ,N,3,0,3,3,0,0,1,1,N,N,39 59:57.152,75 09:29.944,1440, ,1440,2,2,7,N, ,0,Y, , , , ,186772, , , ,1,0,0,0,0,0,1,0,0,0,0,0,0,0,0,0,0,0,0,0,0,0,0,0,0,0,0,0,0,0,0,0,0,0,0,0,0,39.9992,-75.1583, , 
N,17058,2016128887,6,67,67301,2016,12,6,1822,18,3,1,0,5,1,1,4,Y,0,0,0,3,0,0,3,2,N,N,40 01:29.541,75 01:47.449,1850,45,1822,2,1,2, , ,0,N,N,N,N,N,186823,N,Y,N,2,1,0,0,0,0,0,1,0,0,0,0,0,0,0,0,0,0,0,0,0,1,0,0,0,0,0,0,0,0,0,0,0,0,0,0,0,40.0249,-75.0298, , 
 ,17059,2016096621,6,67,67301,2016,8,4,2315,23,3,1,0,5,6, , ,N,0,0,0,3,0,0,1,3,N, ,40 02:38.518,75 13:43.737,2345, ,2341, ,0, , , ,0, , , , , ,186857, , , ,3,1,0,0,1,0,1,0,0,0,0,0,0,0,1,0,0,0,0,0,0,0,0,0,0,0,0,0,0,0,0,0,0,0,0,9,0,40.044,-75.2288, , 
 ,17060,2016097160,6,67,67301,2016,9,5,809,8,1,1,0,8,1, , ,N,1,2,0,3,0,1,2,2,N, ,39 58:59.480,75 09:24.548,830, ,830, ,0, , , ,3, , , , , ,186861, , , ,1,1,0,0,0,0,0,0,0,0,0,0,1,1,0,0,0,0,0,0,0,0,0,1,0,0,0,0,0,0,0,0,1,0,0,8,0,39.9832,-75.1568, , 
 ,17061,2016087702,6,67,67301,2016,8,2,1041,10,1,1,0,8,1, , ,N,1,2,0,3,0,1,2,2,N, ,39 57:14.549,75 10:36.031,1041, ,1041, ,0, , , ,3, , , , , ,186898, , , ,1,0,0,0,0,0,1,0,0,0,0,0,1,1,0,0,0,0,0,0,0,0,0,0,0,0,0,0,0,0,0,0,1,0,0,8,0,39.954,-75.1767, , 
 ,17062,2016080906,6,67,67301,2016,7,1,1430,14,1,1,0,7,4, , ,N,0,0,0,3,0,1,1,1,N, ,40 06:21.402,74 59:58.720,1441, ,1435, ,0, , , ,0, , , , , ,186905, , , ,1,1,0,0,0,0,0,0,0,0,0,1,1,0,0,0,0,0,0,0,1,0,0,0,0,0,0,0,0,0,0,0,0,0,0,4,0,40.1059,-74.9996, , 
 ,17063,2016082243,6,67,67301,2016,7,4,1506,15,1,1,0,4,1, , ,N,2,0,0,3,0,1,3,2,N,N,39 59:35.469,75 09:09.003,1515, ,1505,2,2,1,N, ,0,N, , , , ,186911, , , ,2,2,0,0,0,0,0,0,0,0,0,0,1,1,0,0,0,0,0,0,0,0,0,1,0,0,0,0,0,0,0,0,0,0,0,8,0,39.9932,-75.1525, , 
 ,17064,2016058624,6,67,67301,2016,5,3,2125,21,1,2,1,8,1, , ,N,1,3,0,3,0,1,2,2,N, ,39 55:16.608,75 09:19.151,2136, ,2127, ,0, , , ,3, , , , , ,186929, , , ,1,1,0,0,0,0,0,0,0,0,0,0,1,1,1,0,0,0,0,0,0,0,0,0,0,0,0,0,0,0,0,0,1,0,0,8,0,39.9213,-75.1553, , 
 ,17065,2016080830,6,67,67301,2016,4,2,1555,15,1,1,0,2,6, , ,N,0,0,0,3,0,1,2,2,N,N,39 59:01.209,75 07:31.559,1615, ,1608,9,1,2,N, ,0,N, , , , ,189680, , , ,2,0,0,0,2,0,0,0,0,0,1,0,1,0,1,0,0,0,0,0,0,0,0,0,0,0,0,0,0,0,0,0,0,0,0,3,0,39.9837,-75.1254, , 
 ,17066,2016058679,6,67,67301,2016,5,3,200,2,3,1,0,4,1, , ,N,1,2,0,3,0,1,2,2,N, ,39 56:34.767,75 09:36.842,210, ,200,9,2,7, , ,3,Y, , , , ,189681, , , ,2,1,0,0,0,1,0,0,0,0,0,1,1,0,0,0,0,0,0,0,0,0,0,0,0,0,0,0,0,0,0,0,0,0,0,4,1,39.943,-75.1602, , 
 ,17067,2016062545,6,67,67301,2016,5,3,750,7,1,1,0,1,1, , ,N,0,0,0,3,0,2,2,2,N, ,40 04:34.284,75 04:21.096,755, ,750, ,0, , , ,0, , , , , ,189686, , , ,2,1,0,0,0,0,1,0,0,0,0,2,2,0,0,0,0,0,0,0,0,0,0,0,0,0,0,0,0,0,0,0,0,0,0,4,0,40.0762,-75.0725, , 
 ,17068,2016065688,6,67,67301,2016,6,7,2050,20,3,1,0,8,1, , ,N,0,0,0,3,0,1,2,2,N, ,40 00:11.857,75 10:09.368,2100, ,2055, ,0, , , ,0, , , , , ,189689, , , ,1,1,0,0,0,0,0,0,0,0,0,1,1,0,0,0,0,0,0,0,0,0,0,0,0,0,0,0,0,0,0,0,1,0,0,4,0,40.0033,-75.1693, , 
 ,17069,2016082253,6,67,67301,2016,7,7,217,2,3,1,0,5,6, , ,N,0,2,0,3,0,1,1,2,N, ,39 56:33.841,75 08:56.204,238, ,238, ,0, , , ,3, , , , , ,189705, , , ,2,2,0,0,0,0,0,0,0,0,0,1,1,0,0,0,0,0,0,0,0,0,0,1,0,0,0,0,0,0,0,0,0,0,0,4,0,39.9427,-75.1489, , 
 ,17070,2016092201,6,67,67301,2016,8,6,1655,16,1,1,0,1,6, , ,N,0,0,0,3,0,1,1,3,N,N,40 05:25.844,74 59:01.344,1705, ,1659, ,0, ,N, ,0, , , , , ,189710, , , ,3,3,0,0,0,0,0,0,0,0,0,0,1,1,0,0,0,0,0,0,1,0,0,0,0,0,0,0,0,0,0,0,0,0,0,8,0,40.0905,-74.9837, , 
 ,17071,2016080524,6,67,67301,2016,7,2,1015,10,1,1,0,1,1, , ,N,9,6,0,3,0,1,3,2,N, ,40 04:24.137,75 01:41.861,1018, ,1017, ,0, , , ,3, , , , , ,189744, , , ,2,0,0,1,0,0,1,0,0,0,0,1,1,0,0,0,0,0,0,0,1,0,0,0,0,0,0,0,0,0,0,0,0,0,0,4,1,40.0734,-75.0283, , 
 ,17072,2016099626,6,67,67301,2016,9,6,1925,19,3,1,0,4,1, , ,N,1,2,0,3,0,4,6,6,N, ,39 59:19.309,75 09:44.228,2000, ,2000, ,0, , , ,3, , , , , ,189760, , , ,5,2,0,0,1,0,1,1,0,0,0,4,4,0,0,0,0,0,0,0,0,0,0,0,0,0,0,0,0,0,0,0,1,0,0,4,0,39.9887,-75.1622, , 
 ,17073,2016092058,6,67,67301,2016,8,3,755,7,1,1,0,1,1, , ,N,0,0,0,3,0,1,2,2,N, ,40 05:44.102,75 01:33.297,820, ,755, ,0, ,N, ,0, , , , , ,189765, , , ,2,1,0,0,0,0,1,0,0,0,0,0,1,1,0,0,0,0,0,0,0,0,0,1,0,0,0,0,0,0,0,0,0,0,0,8,0,40.0956,-75.0259, , 
 ,17074,2016062626,6,67,67301,2016,5,3,9999,99,3,1,0,5,1, , ,N,0,0,0,3,0,0,2,2,N,N,39 57:37.987,75 10:10.463,910, ,859,3,2,6,N, ,0,Y, , , , ,189780, , , ,2,2,0,0,0,0,0,0,0,0,0,0,0,0,0,0,0,0,0,0,0,0,0,0,0,0,0,0,0,0,0,0,0,0,0,0,0,39.9606,-75.1696, , 
 ,17075,2016097079,6,67,67301,2016,8,3,1125,11,1,1,0,1,2, , ,N,1,0,0,3,0,1,2,2,N, ,39 57:43.815,75 11:28.535,1135, ,1128, ,0, , , ,0, , , , , ,189797, , , ,2,0,0,0,1,1,0,0,0,0,0,0,1,1,1,0,0,0,1,0,0,0,0,0,0,0,0,0,0,0,0,0,0,0,0,8,1,39.9622,-75.1913, , 
 ,17076,2016080517,6,67,67301,2016,7,5,1900,19,1,1,0,4,1, , ,N,0,0,0,3,0,2,3,2,N,N,40 02:29.784,75 01:39.295,1940, ,1935, ,0, ,N, ,0, , , , , ,189844, , , ,2,1,1,0,0,0,0,0,0,0,1,0,2,1,0,0,0,0,0,0,0,0,0,0,0,0,0,0,0,0,0,0,0,0,0,3,0,40.0416,-75.0276, , 
 ,17077,2016101041,6,67,67301,2016,10,7,2313,23,3,2,1,4,5, , ,N,1,2,0,3,0,1,2,2,N,N,39 56:59.026,75 11:58.534,2317, ,2313, ,0, ,N, ,2, , , , , ,189847, , , ,2,2,0,0,0,0,0,0,0,0,0,1,1,0,0,0,0,0,0,0,1,1,0,0,0,0,0,0,0,0,0,0,0,0,0,4,0,39.9497,-75.1996, , 