wz_ln_closure,objectid_1,crn,district,county,municipality,crash_year,crash_month,day_of_week,time_of_day,hour_of_day,illumination,weather,road_condition,collision_type,relation_to_road,work_zone_type,work_zone_loc,work_zone_ind,intersect_type,tcd_type,location_type,urban_rural,fatal_count,injury_count,person_count,total_units,sch_bus_ind,sch_zone_ind,latitude,longitude,arrival_tm,cons_zone_spd_lim,dispatch_tm,est_hrs_closed,lane_closed,ln_close_dir,ntfy_hiwy_maint,spec_juris_cd,tcd_func_cd,tfc_detour_ind,workers_pres,wz_close_detour,wz_flagger,wz_law_offcr_ind,objectid,wz_moving,wz_other,wz_shlder_mdn,vehicle_count,automobile_count,motorcycle_count,bus_count,small_truck_count,heavy_truck_count,suv_count,van_count,bicycle_count,maj_inj_count,mod_inj_count,min_inj_count,tot_inj_count,unk_inj_deg_count,unk_inj_per_count,driver_count_16yr,driver_count_17yr,driver_count_18yr,driver_count_19yr,driver_count_20yr,driver_count_50_64yr,driver_count_65_74yr,driver_count_75plus,unbelted_occ_count,unb_death_count,unb_maj_inj_count,belted_death_count,belted_maj_inj_count,mcycle_death_count,mcycle_maj_inj_count,bicycle_death_count,bicycle_maj_inj_count,ped_count,ped_death_count,ped_maj_inj_count,max_severity_level,comm_veh_count,dec_lat,dec_long,rdwy_surf_type_cd,county_name
 ,17078,2016065657,6,67,67301,2016,6,1,2035,20,1,1,0,1,1, , ,N,0,0,0,3,0,0,2,2,N,N,40 00:40.302,75 04:38.614,2042, ,2042, ,0, ,N, ,0, , , , , ,189875, , , ,2,2,0,0,0,0,0,0,0,0,0,0,0,0,2,0,0,0,0,0,0,1,0,0,0,0,0,0,0,0,0,0,0,0,0,9,0,40.0112,-75.0774, , 
 ,17079,2016080155,6,67,67301,2016,6,4,1655,16,1,1,1,4,1, , ,N,1,2,0,3,0,2,2,2,N,N,39 58:22.710,75 14:16.803,1705, ,1700, ,0, , , ,3, , , , , ,189889, , , ,2,2,0,0,0,0,0,0,0,0,0,0,2,2,0,0,0,0,0,0,0,0,0,0,0,0,0,0,0,0,0,0,0,0,0,8,0,39.973,-75.238, , 
 ,17080,2016105510,6,67,67301,2016,9,1,2005,20,3,1,0,8,1, , ,N,0,0,0,3,0,1,2,2,N,N,40 02:15.543,75 08:18.334,2021, ,2020, ,0, , , ,0, , , , , ,189910, , , ,1,1,0,0,0,0,0,0,0,0,0,1,1,0,0,0,0,0,0,0,0,0,0,0,0,0,0,0,0,0,0,0,1,0,0,4,0,40.0377,-75.1384, , 
 ,17081,2016063971,6,67,67301,2016,6,7,24,0,3,1,0,7,4, , ,N,0,0,0,3,0,0,7,1,N,N,39 57:08.227,75 09:35.346,24, ,24,2,2,2, , ,0,N, , , , ,189922, , , ,1,0,0,0,0,0,1,0,0,0,0,0,0,0,0,0,0,0,0,0,0,0,0,1,0,0,0,0,0,0,0,0,0,0,0,0,0,39.9523,-75.1598, , 
 ,17082,2016065617,6,67,67301,2016,6,1,1930,19,4,1,0,4,1, , ,N,1,2,0,3,0,1,2,2,N,N,39 59:54.322,75 08:27.074,2326, ,2325, ,0, ,N, ,3, , , , , ,189924, , , ,2,0,1,0,0,0,0,1,0,0,0,1,1,0,0,0,0,0,0,0,0,0,0,1,0,0,0,0,0,0,0,0,0,0,0,4,0,39.9984,-75.1409, , 
 ,17083,2016070633,6,67,67301,2016,6,1,9999,99,1,1,0,4,1, , ,N,1,2,0,3,0,3,3,2,N, ,40 02:29.198,75 07:12.381,1908, ,1908,9,2,7, , ,3,Y, , , , ,189930, , , ,2,1,0,0,0,0,1,0,0,0,0,0,3,3,0,0,0,0,0,0,0,0,0,0,0,0,0,0,0,0,0,0,0,0,0,8,0,40.0414,-75.1201, , 
 ,17084,2016060461,6,67,67301,2016,5,3,1856,18,1,1,0,1,1, , ,N,0,0,0,3,0,1,4,3,N,N,40 02:39.768,75 00:09.558,1909, ,1858,1,1,2, , ,0,N, , , , ,180880, , , ,3,2,0,0,0,0,0,1,0,0,0,0,1,1,0,0,0,0,0,0,2,0,0,0,0,0,0,0,0,0,0,0,0,0,0,8,0,40.0444,-75.0027, , 
 ,17085,2016060837,6,67,67301,2016,5,3,350,3,3,1,0,2,6, , ,N,0,0,0,3,0,0,1,3,N,N,40 04:37.073,75 02:07.329,357, ,353, ,0, ,N, ,0, , , , , ,180882, , , ,3,3,0,0,0,0,0,0,0,0,0,0,0,0,0,0,0,0,0,0,0,0,0,0,0,0,0,0,0,0,0,0,0,0,0,0,0,40.077,-75.0354, , 
 ,17086,2016076013,6,67,67301,2016,7,3,1038,10,1,1,0,1,1, , ,N,0,0,0,3,0,1,2,2,N,N,39 52:37.692,75 15:12.161,1058, ,1044, ,0, , , ,0, , , , , ,180919, , , ,2,0,0,0,0,0,2,0,0,0,0,0,1,1,0,0,0,0,0,0,1,0,0,0,0,0,0,0,0,0,0,0,0,0,0,8,0,39.8771,-75.2534, , 
 ,17087,2016080661,6,67,67301,2016,6,1,554,5,5,1,0,8,1, , ,N,1,2,0,3,0,1,2,2,N,N,40 00:13.994,75 10:14.420,600, ,558, ,0, ,N, ,3, , , , , ,180921, , , ,1,1,0,0,0,0,0,0,0,0,0,1,1,0,0,0,0,0,0,0,0,0,0,0,0,0,0,0,0,0,0,0,1,0,0,4,0,40.0039,-75.1707, , 
 ,17088,2016087199,6,67,67301,2016,8,6,2349,23,3,1,0,1,1, , ,N,1,2,0,3,0,2,3,2,N,N,39 55:23.293,75 09:02.141,2350, ,2349, ,0, , , ,3, , , , , ,180928, , , ,2,0,0,0,0,0,1,1,0,0,1,1,2,0,1,0,0,0,0,0,1,0,0,0,0,0,0,0,0,0,0,0,0,0,0,3,0,39.9231,-75.1506, , 
 ,17089,2016083741,6,67,67301,2016,8,4,900,9,1,1,0,5,6, , ,N,0,0,0,3,0,1,2,3,N, ,39 57:34.528,75 14:02.931,957, ,949,2,2,3,N, ,0,N, , , , ,180930, , , ,3,2,0,0,0,0,0,1,0,0,0,0,1,1,0,0,0,0,0,0,0,0,0,2,0,0,0,0,0,0,0,0,0,0,0,8,0,39.9596,-75.2341, , 
 ,17090,2016107760,6,67,67301,2016,10,1,1230,12,1,1,0,1,1, , ,N,0,4,2,3,0,0,5,3,N,N,39 53:17.119,75 13:02.724,1239, ,1233, ,0, , , ,3, , , , , ,180940, , , ,3,2,0,0,0,0,1,0,0,0,0,0,0,0,0,0,0,0,0,0,0,0,0,0,0,0,0,0,0,0,0,0,0,0,0,0,0,39.8881,-75.2174, , 
 ,17091,2016093127,6,67,67301,2016,9,7,706,7,1,1,0,1,2, , ,N,0,0,0,3,0,0,2,2,N,N,40 00:12.810,75 04:37.750,738, ,726, ,0, , , ,0, , , , , ,180943, , , ,2,2,0,0,0,0,0,0,0,0,0,0,0,0,0,0,0,0,0,0,0,0,0,0,0,0,0,0,0,0,0,0,0,0,0,0,0,40.0036,-75.0772, , 
 ,17092,2016065666,6,67,67301,2016,6,3,1920,19,1,1,0,8,1, , ,N,0,0,0,3,0,1,2,2,N,N,40 05:09.546,74 58:36.836,1933, ,1931, ,0, , , ,0, , , , , ,180956, , , ,1,1,0,0,0,0,0,0,0,0,0,1,1,0,0,0,0,0,0,0,1,0,0,1,0,0,0,0,0,0,0,0,1,0,0,4,0,40.086,-74.9769, , 
 ,17093,2016100616,6,67,67301,2016,9,1,318,3,3,1,0,7,2, , ,N,6,0,2,3,0,0,1,1,N,N,39 57:41.763,75 10:57.486,331, ,331,2,2,3, , ,0,Y, , , , ,180981, , , ,1,1,0,0,0,0,0,0,0,0,0,0,0,0,0,0,0,0,0,0,0,0,0,0,0,0,0,0,0,0,0,0,0,0,0,0,0,39.9614,-75.1825, , 
 ,17094,2016058677,6,67,67301,2016,5,7,1610,16,1,1,0,1,1, , ,N,0,0,0,3,0,4,5,2,N,N,40 02:29.796,75 08:38.628,1625, ,1621, ,0, ,N, ,0, , , , , ,181002, , , ,2,2,0,0,0,0,0,0,0,0,0,4,4,0,0,0,0,0,0,0,1,0,0,0,0,0,0,0,0,0,0,0,0,0,0,4,0,40.0416,-75.1441, , 
 ,17095,2016060817,6,67,67301,2016,5,6,2045,20,2,1,0,7,1, , ,N,0,0,0,3,0,1,1,1,N,N,39 54:20.584,75 11:38.928,2053, ,2051,1,2,4,N, ,0,N, , , , ,181003, , , ,1,0,1,0,0,0,0,0,0,0,1,0,1,0,0,0,0,0,0,0,0,0,0,0,0,0,0,0,0,0,0,0,0,0,0,3,0,39.9057,-75.1941, , 
 ,17096,2016063916,6,67,67301,2016,6,1,1514,15,1,1,0,4,1, , ,N,1,2,0,3,0,3,6,3,N,N,39 55:06.900,75 13:33.657,1550, ,1542, ,0, ,N, ,3, , , , , ,181016, , , ,3,2,0,0,0,0,1,0,0,0,0,0,3,3,0,0,0,1,0,0,0,0,0,0,0,0,0,0,0,0,0,0,0,0,0,8,0,39.9185,-75.2259, , 
 ,17097,2016089924,6,67,67301,2016,8,2,1941,19,1,1,0,4,1, , ,N,0,0,0,3,0,0,1,2,N,N,39 55:36.282,75 09:04.777,2201, ,1755, ,0, ,N, ,0, , , , , ,181034, , , ,2,2,0,0,0,0,0,0,0,0,0,0,0,0,0,0,0,0,0,0,0,0,0,0,0,0,0,0,0,0,0,0,0,0,0,0,0,39.9267,-75.1513, , 
 ,17098,2016082364,6,67,67301,2016,7,6,2240,22,3,1,0,1,1, , ,N,0,0,0,3,0,1,4,3,N,N,39 58:33.492,75 13:36.056,2246, ,2246, ,0, ,N, ,0, , , , , ,181042, , , ,3,2,0,0,0,0,1,0,0,0,0,1,1,0,1,0,0,0,0,0,2,0,0,0,0,0,0,0,0,0,0,0,0,0,0,4,0,39.976,-75.2267, , 
 ,17099,2016080925,6,67,67301,2016,7,1,1840,18,1,1,0,7,4, , ,N,0,0,0,3,0,2,2,1,N, ,40 02:57.033,75 00:42.809,1859, ,1852, ,0, , , ,0, , , , , ,181044, , , ,1,1,0,0,0,0,0,0,0,0,2,0,2,0,0,0,0,0,0,0,0,0,0,2,0,0,0,0,0,0,0,0,0,0,0,3,0,40.0492,-75.0119, , 
 ,17100,2016050876,6,67,67301,2016,5,2,1645,16,1,1,0,1,1, , ,N,1,2,0,3,0,1,4,3,N,N,40 02:40.301,75 11:35.235,1905, ,1900, ,0, ,N, ,3, , , , , ,181051, , , ,3,3,0,0,0,0,0,0,0,0,0,0,1,1,0,0,0,0,0,0,0,0,0,0,0,0,0,0,0,0,0,0,0,0,0,8,0,40.0445,-75.1931, , 
 ,17101,2016054200,6,67,67301,2016,5,6,1020,10,1,9,0,4,1, , ,N,1,2,0,3,0,1,4,3,N,N,40 00:26.780,75 06:02.440,1055, ,1046, ,0, ,N, ,3, , , , , ,181053, , , ,3,1,0,0,1,0,1,0,0,0,0,0,1,1,0,0,0,0,0,0,0,0,0,0,0,0,0,0,0,0,0,0,0,0,0,8,0,40.0074,-75.1007, , 
 ,17102,2016099642,6,67,67301,2016,8,2,1159,11,1,1,0,8,1, , ,N,1,2,0,3,0,1,2,2,N, ,39 57:13.704,75 09:59.736,1207, ,1205,1,1,4, , ,3,N, , , , ,181084, , , ,1,0,0,0,1,0,0,0,0,0,0,0,1,1,0,0,0,0,0,0,1,0,0,0,0,0,0,0,0,0,0,0,1,0,0,8,0,39.9538,-75.1666, , 
 ,17103,2016080542,6,67,67301,2016,6,6,400,4,3,1,0,4,1, , ,N,1,3,0,3,0,1,2,4,N, ,39 59:55.994,75 07:55.823,411, ,409, ,0, , , ,3, , , , , ,183673, , , ,4,1,0,0,0,0,2,1,0,0,0,1,1,0,0,0,0,0,0,0,0,0,0,1,0,0,0,0,0,0,0,0,0,0,0,4,0,39.9989,-75.1322, , 
 ,17104,2016084632,6,67,67301,2016,7,1,144,1,3,1,0,1,1, , ,N,0,0,0,3,0,2,5,2,N,N,40 00:37.214,75 11:07.440,154, ,144,3,2,2,N, ,0,Y, , , , ,183677, , , ,2,2,0,0,0,0,0,0,0,0,0,2,2,0,0,0,0,0,0,0,0,0,0,0,0,0,0,0,0,0,0,0,0,0,0,4,0,40.0103,-75.1854, , 
N,17105,2016109108,6,67,67301,2016,10,2,1546,15,1,1,0,1,1,1,4,Y,0,0,0,3,0,0,4,3,N,N,40 01:18.793,75 02:21.972,1558,45,1550,2,2,2, , ,0,N,Y,N,N,N,183686,N,Y,N,3,2,0,0,0,0,1,0,0,0,0,0,0,0,0,0,0,1,0,0,0,0,0,0,0,0,0,0,0,0,0,0,0,0,0,0,0,40.0219,-75.0394, , 
 ,17106,2016105807,6,67,67301,2016,9,6,1143,11,1,1,0,8,1, , ,N,1,2,0,3,0,1,2,2,N, ,39 55:14.471,75 08:27.940,1154, ,1146, ,0, , , ,3, , , , , ,183693, , , ,1,1,0,0,0,0,0,0,0,0,0,0,1,1,0,0,0,0,0,0,0,0,1,0,0,0,0,0,0,0,0,0,1,0,0,8,0,39.9207,-75.1411, , 
 ,17107,2016098406,6,67,67301,2016,9,1,2306,23,3,1,0,4,1, , ,N,0,0,0,3,0,0,2,2,N,N,39 57:04.413,75 11:56.159,2308, ,2206,1,1,4,N, ,0,N, , , , ,183694, , , ,2,0,0,0,0,0,2,0,0,0,0,0,0,0,0,0,0,0,0,0,0,0,0,0,0,0,0,0,0,0,0,0,0,0,0,0,0,39.9512,-75.1989, , 
 ,17108,2016064053,6,67,67301,2016,6,6,425,4,3,1,0,4,1, , ,N,5,2,0,3,0,0,2,2,N,N,40 01:23.199,75 08:12.918,429, ,425,3,2,4,N, ,3,Y, , , , ,183712, , , ,2,1,0,0,0,0,0,1,0,0,0,0,0,0,0,0,0,0,0,0,0,0,0,0,0,0,0,0,0,0,0,0,0,0,0,0,0,40.0231,-75.1369, , 
 ,17109,2016092179,6,67,67301,2016,8,4,1305,13,1,1,0,5,1, , ,N,0,0,0,3,0,1,2,2,N,N,39 56:59.539,75 09:37.226,1322, ,1311,1,1,2,N, ,0,N, , , , ,183725, , , ,2,1,0,0,0,1,0,0,0,0,0,0,1,1,0,0,0,0,0,0,2,0,0,0,0,0,0,0,0,0,0,0,0,0,0,8,1,39.9499,-75.1603, , 
 ,17110,2016091052,6,67,67301,2016,8,5,808,8,1,1,0,5,6, , ,N,0,0,0,3,0,0,4,4,Y,N,40 00:28.305,75 07:23.532,811, ,808, ,0, ,N, ,0, , , , , ,183735, , , ,4,3,0,1,0,0,0,0,0,0,0,0,0,0,1,0,0,0,0,0,1,0,0,0,0,0,0,0,0,0,0,0,0,0,0,9,1,40.0079,-75.1232, , 
 ,17111,2016092036,6,67,67301,2016,8,1,1550,15,1,2,1,4,1, , ,N,1,2,0,3,0,3,3,2,N,N,40 02:50.173,75 10:03.883,1555, ,1551, ,0, ,N, ,3, , , , , ,183739, , , ,2,2,0,0,0,0,0,0,0,0,0,0,3,3,0,0,0,0,0,0,0,0,0,0,0,0,0,0,0,0,0,0,0,0,0,8,0,40.0473,-75.1677, , 
 ,17112,2016099557,6,67,67301,2016,9,6,820,8,1,1,0,8,1, , ,N,0,0,0,3,0,1,2,2,N,N,40 01:09.323,75 03:09.455,829, ,826, ,0, ,N, ,0, , , , , ,183743, , , ,1,1,0,0,0,0,0,0,0,0,0,1,1,0,0,0,0,0,0,0,1,0,0,1,0,0,0,0,0,0,0,0,1,0,0,4,0,40.0193,-75.0526, , 
 ,17113,2016105896,6,67,67301,2016,9,5,750,7,1,1,0,4,1, , ,N,1,2,0,3,0,1,3,2,N, ,39 57:39.600,75 10:30.900,811, ,756, ,0, , , ,3, , , , , ,183745, , , ,1,1,0,0,0,0,0,0,1,0,0,0,1,1,0,0,0,0,0,0,0,0,0,0,0,0,0,0,0,0,0,0,0,0,0,8,0,39.961,-75.1753, , 
 ,17114,2016054155,6,67,67301,2016,5,4,730,7,1,1,0,4,1, , ,N,1,2,0,3,0,2,4,2,N,N,40 01:56.602,75 04:50.717,9999, ,9999,3,2,3,N, ,3,Y, , , , ,183749, , , ,2,2,0,0,0,0,0,0,0,0,0,0,2,2,0,0,0,0,0,0,0,0,0,1,0,0,0,0,0,0,0,0,0,0,0,8,0,40.0324,-75.0808, , 
 ,17115,2016013879,6,67,67301,2016,1,6,1723,17,3,1,0,4,1, , ,N,1,2,0,3,0,3,5,2,N,N,39 55:03.752,75 10:39.799,1736, ,1730, ,0, ,N, ,3, , , , , ,183757, , , ,2,1,0,0,0,0,1,0,0,0,0,2,3,1,2,0,0,0,0,0,0,0,0,1,0,0,0,0,0,0,0,0,0,0,0,4,0,39.9177,-75.1777, , 
 ,17116,2016026151,6,67,67301,2016,2,1,1425,14,1,1,0,4,1, , ,N,1,2,0,3,0,3,3,2,N,N,39 55:26.800,75 10:03.408,1442, ,1439, ,0, ,N, ,3, , , , , ,183766, , , ,2,1,0,0,0,0,0,1,0,0,0,0,3,3,0,0,0,0,0,0,0,0,1,2,0,0,0,0,0,0,0,0,0,0,0,8,0,39.9241,-75.1675, , 
 ,17117,2016032106,6,67,67301,2016,3,4,345,3,3,2,1,5,1, , ,N,0,0,0,3,0,1,2,2,N,N,39 53:50.222,75 15:06.260,351, ,351, ,0, , , ,0, , , , , ,183771, , , ,2,0,0,0,0,1,1,0,0,0,0,1,1,0,0,0,0,0,0,0,0,0,0,0,0,0,0,0,0,0,0,0,0,0,0,4,1,39.8973,-75.2517, , 
 ,17118,2016044554,6,67,67301,2016,4,4,1918,19,3,1,0,1,1, , ,N,1,2,0,3,0,2,3,2,N,N,39 55:05.239,75 10:51.193,1921, ,1921,1,1,3,N, ,3,N, , , , ,183782, , , ,2,1,0,0,1,0,0,0,0,0,0,1,2,1,0,0,0,0,0,0,0,0,0,0,0,0,0,0,0,0,0,0,0,0,0,4,0,39.9181,-75.1809, , 
 ,17119,2016048684,6,67,67301,2016,4,4,850,8,1,1,0,5,6, , ,N,0,0,0,3,0,1,1,2,N,N,39 57:54.000,75 12:26.400,904, ,904, ,0, ,Y, ,0, , , , , ,183783, , , ,2,2,0,0,0,0,0,0,0,0,0,1,1,0,0,0,0,0,0,0,1,0,0,0,0,0,0,0,0,0,0,0,0,0,0,4,0,39.965,-75.2073, , 
 ,17120,2016058575,6,67,67301,2016,5,3,948,9,1,1,0,4,1, , ,N,0,0,7,3,0,1,3,2,N, ,39 55:10.473,75 13:29.312,952, ,948, ,0, , , ,0, , , , , ,183801, , , ,2,2,0,0,0,0,0,0,0,0,0,1,1,0,0,0,0,0,0,0,1,0,0,2,0,0,0,0,0,0,0,0,0,0,0,4,0,39.9196,-75.2248, , 
 ,17121,2016082434,6,67,67301,2016,7,1,1209,12,1,1,0,0,1, , ,N,0,0,0,3,0,0,6,2,N,N,39 53:54.434,75 10:52.637,1227, ,1209, ,0, , , ,0, , , , , ,186956, , , ,2,1,0,0,0,0,0,1,0,0,0,0,0,0,0,0,0,0,0,0,1,0,0,0,0,0,0,0,0,0,0,0,0,0,0,0,0,39.8985,-75.1813, , 
N,17122,2016053285,6,67,67301,2016,4,6,1651,16,1,1,0,1,1,1,4,Y,0,0,0,3,0,1,3,2,N,N,40 01:24.228,75 02:03.938,1748,45,1720, ,0, , , ,0, ,Y,N,N,N,186974,N,N,Y,2,1,0,0,0,0,1,0,0,0,1,0,1,0,0,0,0,0,0,0,1,0,0,0,0,0,0,0,0,0,0,0,0,0,0,3,0,40.0234,-75.0344, , 
 ,17123,2016063917,6,67,67301,2016,6,3,2338,23,2,1,0,4,1, , ,N,1,3,0,3,0,2,3,3,N,N,39 55:08.094,75 13:55.336,2359, ,2356, ,0, ,N, ,3, , , , , ,186983, , , ,3,3,0,0,0,0,0,0,0,0,0,2,2,0,0,0,0,0,0,0,0,0,0,0,0,0,0,0,0,0,0,0,0,0,0,4,0,39.9189,-75.232, , 
 ,17124,2016082269,6,67,67301,2016,7,5,838,8,1,1,0,7,4, , ,N,0,0,0,3,0,0,3,1,N, ,40 02:41.973,75 03:39.923,852, ,845, ,0, , , ,0, , , , , ,187002, , , ,1,0,0,0,0,0,1,0,0,0,0,0,0,0,0,0,0,0,0,0,0,0,0,0,0,0,0,0,0,0,0,0,0,0,0,0,0,40.045,-75.0611, , 
 ,17125,2016093873,6,67,67301,2016,8,2,251,2,3,1,0,7,4, , ,N,0,0,0,3,0,0,1,1,N,N,39 58:41.334,75 12:07.944,302, ,253, ,0, , , ,0, , , , , ,187003, , , ,1,1,0,0,0,0,0,0,0,0,0,0,0,0,0,0,0,0,0,0,0,0,0,0,0,0,0,0,0,0,0,0,0,0,0,0,0,39.9781,-75.2022, , 
 ,17126,2016097185,6,67,67301,2016,8,3,1625,16,1,1,0,4,1, , ,N,2,3,0,3,0,0,2,3,N,N,40 03:30.380,75 00:35.884,1632, ,1630,2,2,3,N, ,3,N, , , , ,187012, , , ,3,2,0,0,0,0,0,1,0,0,0,0,0,0,0,0,0,1,1,0,0,0,0,0,0,0,0,0,0,0,0,0,0,0,0,0,0,40.0584,-75.01, , 
 ,17127,2016050880,6,67,67301,2016,5,2,930,9,1,2,1,4,1, , ,N,0,2,0,3,0,1,2,3,N,N,39 58:26.500,75 12:19.868,1010, ,940, ,0, ,N, ,3, , , , , ,187023, , , ,3,1,0,0,1,0,1,0,0,0,1,0,1,0,0,0,0,0,0,0,0,0,0,0,0,0,0,0,0,0,0,0,0,0,0,3,0,39.974,-75.2055, , 
 ,17128,2016013741,6,67,67301,2016,1,7,710,7,3,1,0,7,4, , ,N,0,0,0,3,0,1,1,1,N,N,40 04:07.215,75 02:23.078,720, ,715, ,0, ,N, ,0, , , , , ,187034, , , ,1,0,0,0,0,0,1,0,0,0,0,1,1,0,0,0,0,0,0,0,0,0,0,0,0,0,0,0,0,0,0,0,0,0,0,4,0,40.0687,-75.0397, , 
 ,17129,2016016989,6,67,67301,2016,1,4,349,3,3,1,0,7,4, , ,N,3,0,0,3,0,1,2,2,N,N,40 01:29.595,75 07:35.413,355, ,351, ,0, , , ,0, , , , , ,187035, , , ,1,0,0,0,0,0,1,0,0,0,0,1,1,0,0,0,0,0,0,0,0,0,0,0,0,0,0,0,0,0,0,0,1,0,0,4,0,40.0249,-75.1265, , 
 ,17130,2016026852,6,67,67301,2016,2,1,2100,21,3,1,0,8,1, , ,N,0,0,0,3,1,0,3,2,N,N,40 06:32.080,75 01:32.888,2103, ,2100,9,2,1,N,0,0,Y, , , , ,187042, , , ,1,0,0,0,0,0,0,1,0,0,0,0,0,0,0,0,0,0,0,0,0,1,0,0,0,0,0,0,0,0,0,0,1,1,0,1,0,40.1089,-75.0258,2, 
 ,17131,2016029748,6,67,67301,2016,2,3,2320,23,3,9,1,8,1, , ,N,1,3,0,3,0,1,2,2,N,N,40 02:31.909,75 08:18.693,104, ,104, ,0, ,N, ,3, , , , , ,187044, , , ,1,0,0,0,1,0,0,0,0,0,0,1,1,0,0,0,0,0,0,0,0,0,0,0,0,0,0,0,0,0,0,0,1,0,0,4,0,40.0422,-75.1385, , 
 ,17132,2016029868,6,67,67301,2016,2,4,733,7,1,2,1,4,1, , ,N,0,0,7,3,0,0,2,2,N,N,40 00:22.918,75 10:45.198,740, ,333,1,1,2,N, ,0,N, , , , ,187045, , , ,2,1,0,0,0,0,1,0,0,0,0,0,0,0,0,0,1,0,0,0,0,1,0,0,0,0,0,0,0,0,0,0,0,0,0,0,0,40.0064,-75.1792, , 
 ,17133,2016032114,6,67,67301,2016,3,4,843,8,1,1,0,4,1, , ,N,0,0,7,3,0,0,3,2,N,N,39 55:21.165,75 11:07.924,847, ,845,3,1,3,N, ,0,N, , , , ,187046, , , ,2,0,0,0,0,0,1,1,0,0,0,0,0,0,0,0,0,0,0,0,1,0,0,0,0,0,0,0,0,0,0,0,0,0,0,0,0,39.9225,-75.1855, , 
 ,17134,2016052308,6,67,67301,2016,4,2,1645,16,1,1,0,8,1, , ,N,1,3,0,3,0,1,2,2,N,N,40 00:25.070,75 08:46.528,1713, ,1710, ,0, , , ,3, , , , , ,187066, , , ,1,0,0,0,0,0,1,0,0,0,0,0,1,1,0,0,0,0,0,0,0,0,0,1,0,0,0,0,0,0,0,0,1,0,0,8,0,40.007,-75.1463, , 
 ,17135,2016053777,6,67,67301,2016,5,6,715,7,1,2,1,4,1, , ,N,0,0,7,3,0,2,2,2,N,N,40 03:45.543,75 09:07.793,9999, ,9999, ,0, , , ,0, , , , , ,187067, , , ,2,1,0,0,0,0,1,0,0,0,0,1,2,1,0,0,0,0,0,0,0,0,0,0,0,0,0,0,0,0,0,0,0,0,0,4,0,40.0627,-75.1522, , 
 ,17136,2016084623,6,67,67301,2016,8,6,950,9,1,1,0,5,6, , ,N,0,0,0,3,0,0,2,4,N, ,39 56:28.322,75 12:46.725,1005, ,1000,3,2,2, , ,0,Y, , , , ,187084, , , ,4,3,0,0,0,0,1,0,0,0,0,0,0,0,0,0,0,0,0,0,0,0,0,0,0,0,0,0,0,0,0,0,0,0,0,0,0,39.9412,-75.213, , 
 ,17137,2016097724,6,67,67301,2016,9,4,1210,12,1,1,0,8,1, , ,N,1,2,0,3,0,1,2,2,N,N,39 56:56.529,75 08:57.071,1225, ,1216, ,0, , , ,3, , , , , ,187103, , , ,1,0,0,0,0,0,1,0,0,0,0,1,1,0,0,0,0,0,0,0,0,0,0,1,0,0,0,0,0,0,0,0,1,0,0,4,0,39.949,-75.1492, , 
 ,17138,2016080423,6,67,67301,2016,7,1,206,2,3,1,0,5,1, , ,N,0,0,0,3,0,0,3,2,N,N,40 01:36.077,75 05:36.048,216, ,206,1,1,1,N, ,0,N, , , , ,187134, , , ,2,2,0,0,0,0,0,0,0,0,0,0,0,0,0,0,0,0,0,0,0,0,0,1,0,0,0,0,0,0,0,0,0,0,0,0,0,40.0267,-75.0933, , 
 ,17139,2016080673,6,67,67301,2016,7,5,1925,19,1,1,1,8,1, , ,N,1,3,0,3,0,1,2,2,N,N,40 00:56.113,75 08:21.944,1938, ,1935, ,0, ,N, ,3, , , , , ,187135, , , ,1,1,0,0,0,0,0,0,0,0,0,0,1,1,1,0,0,0,0,0,0,0,0,0,0,0,0,0,0,0,0,0,1,0,0,8,0,40.0156,-75.1394, , 
 ,17140,2016092098,6,67,67301,2016,8,4,1123,11,1,1,0,4,1, , ,N,0,0,0,3,0,1,2,2,N,N,39 56:50.079,75 14:02.536,1128, ,1123,1,2,6,N, ,0,N, , , , ,189947, , , ,2,1,0,0,0,0,1,0,0,0,0,0,1,1,0,0,0,0,0,0,1,0,0,0,0,0,0,0,0,0,0,0,0,0,0,8,0,39.9472,-75.234, , 
 ,17141,2016107313,6,67,67301,2016,10,4,1947,19,3,1,0,1,1, , ,N,0,0,0,3,0,0,2,2,N,N,39 56:48.037,75 11:18.414,1955, ,1947,1,2,4, , ,0,N, , , , ,189951, , , ,2,1,0,0,0,0,1,0,0,0,0,0,0,0,0,0,0,0,0,0,0,0,0,1,0,0,0,0,0,0,0,0,0,0,0,0,0,39.9467,-75.1884, , 
 ,17142,2016099478,6,67,67301,2016,9,1,5,0,3,1,0,1,1, , ,N,2,2,2,3,0,1,3,2,N,N,40 00:01.112,75 05:01.173,125, ,115, ,0, , , ,3, , , , , ,189955, , , ,2,1,0,0,0,0,1,0,0,0,0,0,1,1,1,0,0,0,0,0,0,0,0,0,0,0,0,0,0,0,0,0,0,0,0,8,0,40.0003,-75.0837, , 
 ,17143,2016062593,6,67,67301,2016,5,6,1745,17,1,1,0,8,1, , ,N,1,3,0,3,0,1,4,2,N, ,40 03:07.828,75 05:35.123,1755, ,1751, ,0, , , ,3, , , , , ,189973, , , ,1,1,0,0,0,0,0,0,0,0,0,1,1,0,0,0,0,0,0,0,0,0,0,0,0,0,0,0,0,0,0,0,1,0,0,4,0,40.0522,-75.0931, , 