wz_ln_closure,objectid_1,crn,district,county,municipality,crash_year,crash_month,day_of_week,time_of_day,hour_of_day,illumination,weather,road_condition,collision_type,relation_to_road,work_zone_type,work_zone_loc,work_zone_ind,intersect_type,tcd_type,location_type,urban_rural,fatal_count,injury_count,person_count,total_units,sch_bus_ind,sch_zone_ind,latitude,longitude,arrival_tm,cons_zone_spd_lim,dispatch_tm,est_hrs_closed,lane_closed,ln_close_dir,ntfy_hiwy_maint,spec_juris_cd,tcd_func_cd,tfc_detour_ind,workers_pres,wz_close_detour,wz_flagger,wz_law_offcr_ind,objectid,wz_moving,wz_other,wz_shlder_mdn,vehicle_count,automobile_count,motorcycle_count,bus_count,small_truck_count,heavy_truck_count,suv_count,van_count,bicycle_count,maj_inj_count,mod_inj_count,min_inj_count,tot_inj_count,unk_inj_deg_count,unk_inj_per_count,driver_count_16yr,driver_count_17yr,driver_count_18yr,driver_count_19yr,driver_count_20yr,driver_count_50_64yr,driver_count_65_74yr,driver_count_75plus,unbelted_occ_count,unb_death_count,unb_maj_inj_count,belted_death_count,belted_maj_inj_count,mcycle_death_count,mcycle_maj_inj_count,bicycle_death_count,bicycle_maj_inj_count,ped_count,ped_death_count,ped_maj_inj_count,max_severity_level,comm_veh_count,dec_lat,dec_long,rdwy_surf_type_cd,county_name
 ,17144,2016087632,6,67,67301,2016,8,5,2309,23,3,1,0,4,1, , ,N,0,0,7,3,0,0,2,2,N,N,40 03:02.890,75 00:35.649,2309, ,2309,1,2,1,N, ,0,N, , , , ,190001, , , ,2,1,0,0,0,0,1,0,0,0,0,0,0,0,1,0,0,0,0,0,0,0,0,0,0,0,0,0,0,0,0,0,0,0,0,9,0,40.0508,-75.0099, , 
 ,17145,2016108631,6,67,67301,2016,9,5,2140,21,3,2,1,8,1, , ,N,5,2,0,3,0,1,2,2,N,N,40 00:13.178,75 10:08.095,2149, ,2143, ,0, , , ,3, , , , , ,190009, , , ,1,1,0,0,0,0,0,0,0,0,0,0,1,1,0,0,0,0,0,0,0,0,0,0,0,0,0,0,0,0,0,0,1,0,0,8,0,40.0037,-75.1689, , 
 ,17146,2016087189,6,67,67301,2016,8,6,1235,12,1,1,0,2,1, , ,N,1,2,0,3,0,2,3,2,N, ,40 01:55.909,75 02:12.865,1245, ,1240, ,0, , , ,3, , , , , ,190016, , , ,2,0,0,0,0,0,1,1,0,0,0,2,2,0,0,0,0,0,0,0,0,0,0,0,0,0,0,0,0,0,0,0,0,0,0,4,0,40.0322,-75.0369, , 
 ,17147,2016089069,6,67,67301,2016,8,1,1635,16,4,2,1,1,1, , ,N,0,0,0,3,0,0,4,3,N,N,39 57:31.143,75 10:08.572,1635, ,1635, ,0, , , ,0, , , , , ,190017, , , ,3,2,0,0,0,0,0,0,0,0,0,0,0,0,1,0,0,0,0,0,0,0,0,0,0,0,0,0,0,0,0,0,0,0,0,9,0,39.9587,-75.169, , 
 ,17148,2016084603,6,67,67301,2016,8,2,1529,15,1,1,0,1,1, , ,N,1,2,0,3,0,0,3,3,N,N,40 06:50.926,74 59:15.880,1600, ,1555, ,0, , , ,3, , , , , ,190018, , , ,3,0,0,0,0,0,1,2,0,0,0,0,0,0,0,0,0,0,0,0,0,0,0,0,0,0,0,0,0,0,0,0,0,0,0,0,0,40.1141,-74.9877, , 
 ,17149,2016081433,6,67,67301,2016,7,7,2146,21,3,1,0,4,1, , ,N,1,2,0,3,0,1,3,2,N,N,39 56:08.274,75 13:33.131,2147, ,2147,1,1,2,N, ,3,N, , , , ,190020, , , ,2,2,0,0,0,0,0,0,0,0,0,0,1,1,0,0,0,0,0,0,0,0,0,0,0,0,0,0,0,0,0,0,0,0,0,8,0,39.9356,-75.2259, , 
 ,17150,2016129237,6,67,67301,2016,11,2,849,8,1,1,0,1,1, , ,N,0,0,0,3,0,3,3,2,N,N,40 01:49.303,75 07:54.908,855, ,853,1,1,5,N, ,0,Y, , , , ,190048, , , ,2,1,0,1,0,0,0,0,0,0,0,3,3,0,0,0,0,0,0,0,1,0,0,0,0,0,0,0,0,0,0,0,0,0,0,4,1,40.0304,-75.1319, , 
 ,17151,2016119641,6,67,67301,2016,10,4,1236,12,1,1,0,1,1, , ,N,0,0,7,3,0,2,2,2,N,N,40 01:43.294,75 01:34.736,1245, ,1236,1,1,1,N, ,0,Y, , , , ,190052, , , ,2,2,0,0,0,0,0,0,0,0,0,2,2,0,0,0,0,0,0,0,0,0,0,0,0,0,0,0,0,0,0,0,0,0,0,4,0,40.0287,-75.0263, , 
 ,17152,2016051294,6,67,67301,2016,4,3,1135,11,1,2,1,4,1, , ,N,1,2,0,3,0,2,3,2,N,N,40 01:44.844,75 05:23.694,1155, ,1150, ,0, ,N, ,3, , , , , ,190061, , , ,2,1,0,0,0,0,0,1,0,0,0,0,2,2,0,0,0,0,0,0,2,0,0,0,0,0,0,0,0,0,0,0,0,0,0,8,0,40.0291,-75.0899, , 
U,17153,2016052380,6,67,67301,2016,4,4,250,2,3,1,0,7,4,8,8,Y,0,0,0,3,0,0,1,1,N,N,39 57:02.502,75 08:55.989,303,99,259, ,0, ,N, ,0, ,U,U,U,U,190062,U,U,U,1,1,0,0,0,0,0,0,0,0,0,0,0,0,0,0,0,0,0,0,0,0,0,0,0,0,0,0,0,0,0,0,0,0,0,0,0,39.9507,-75.1489, , 
 ,17154,2016053801,6,67,67301,2016,5,2,945,9,1,1,0,4,1, , ,N,0,0,7,3,0,0,2,2,N,N,39 59:22.613,75 12:10.336,1000, ,945, ,0, ,N, ,0, , , , , ,190066, , , ,2,2,0,0,0,0,0,0,0,0,0,0,0,0,0,0,0,0,0,0,0,0,0,1,0,0,0,0,0,0,0,0,0,0,0,0,0,39.9896,-75.2029, , 
 ,17155,2016080498,6,67,67301,2016,7,6,845,8,1,1,0,4,1, , ,N,1,2,0,3,0,0,2,2,N, ,40 01:40.946,75 06:36.204,855, ,849, ,0, , , ,3, , , , , ,190072, , , ,2,1,0,0,0,0,1,0,0,0,0,0,0,0,0,0,0,0,0,0,1,0,0,0,0,0,0,0,0,0,0,0,0,0,0,0,0,40.028,-75.1101, , 
 ,17156,2016082326,6,67,67301,2016,7,1,1041,10,1,1,0,5,1, , ,N,0,0,0,3,0,1,2,2,N,N,40 05:06.160,75 01:30.027,1052, ,1042, ,0, ,N, ,0, , , , , ,190083, , , ,2,1,0,0,0,0,0,1,0,0,0,1,1,0,0,0,0,0,0,0,1,0,0,0,0,0,0,0,0,0,0,0,0,0,0,4,0,40.085,-75.025, , 
 ,17157,2016080530,6,67,67301,2016,7,6,2030,20,4,1,0,4,1, , ,N,0,0,7,3,0,1,2,2,N,N,40 02:54.803,74 59:24.009,2225, ,2220, ,0, , , ,0, , , , , ,190085, , , ,2,1,0,0,1,0,0,0,0,0,0,1,1,0,0,0,0,0,0,0,1,0,0,1,0,0,0,0,0,0,0,0,0,0,0,4,0,40.0486,-74.99, , 
 ,17158,2016092027,6,67,67301,2016,8,7,530,5,1,1,0,5,1, , ,N,0,0,0,3,0,1,2,2,N,N,39 55:56.999,75 10:04.287,1805, ,1800, ,0, ,N, ,0, , , , , ,190088, , , ,1,0,0,0,0,0,1,0,1,0,1,0,1,0,0,0,0,0,0,0,0,0,0,1,0,0,0,0,0,0,0,0,0,0,0,3,0,39.9325,-75.1679, , 
 ,17159,2016097649,6,67,67301,2016,8,2,1220,12,1,1,0,4,1, , ,N,1,3,0,3,0,1,2,2,N,N,39 56:56.623,75 09:20.444,1230, ,1225, ,0, ,N, ,3, , , , , ,181085, , , ,1,0,0,0,0,0,1,0,1,0,1,0,1,0,0,0,0,0,0,0,0,0,0,1,0,0,0,0,0,0,0,0,0,0,0,3,0,39.9491,-75.1557, , 
 ,17160,2016099538,6,67,67301,2016,8,5,1215,12,1,1,0,4,1, , ,N,5,2,2,3,0,2,3,2,N,N,39 57:27.542,75 09:44.544,1230, ,1221,1,1,3,N, ,3,N, , , , ,181086, , , ,2,1,0,0,0,1,0,0,0,0,0,0,2,2,0,0,0,0,0,0,1,0,0,0,0,0,0,0,0,0,0,0,0,0,0,8,1,39.9577,-75.1624, , 
 ,17161,2016091643,6,67,67301,2016,8,3,2200,22,3,1,0,4,1, , ,N,1,2,0,3,0,0,5,2,N,N,39 59:40.935,75 05:40.542,2207, ,2203, ,0, , , ,3, , , , , ,181088, , , ,2,1,0,0,0,0,1,0,0,0,0,0,0,0,0,0,0,0,1,0,0,0,0,0,0,0,0,0,0,0,0,0,0,0,0,0,0,39.9946,-75.0945, , 
 ,17162,2016062618,6,67,67301,2016,5,3,1708,17,1,1,0,1,1, , ,N,0,2,0,3,0,3,5,3,N,N,40 00:58.349,75 09:14.460,1727, ,1714, ,0, ,N, ,3, , , , , ,181099, , , ,3,1,0,0,0,0,1,1,0,0,0,0,3,3,0,0,0,0,1,0,2,0,0,0,0,0,0,0,0,0,0,0,0,0,0,8,0,40.0162,-75.154, , 
 ,17163,2016062650,6,67,67301,2016,5,3,1550,15,1,1,0,1,1, , ,N,0,0,0,3,0,0,2,2,N,N,40 03:37.085,75 10:00.446,1550, ,1550, ,0, ,N, ,0, , , , , ,181100, , , ,2,2,0,0,0,0,0,0,0,0,0,0,0,0,0,0,0,0,0,1,0,0,0,2,0,0,0,0,0,0,0,0,0,0,0,0,0,40.0603,-75.1668, , 
 ,17164,2016067304,6,67,67301,2016,6,3,1029,10,1,1,0,4,1, , ,N,0,0,0,3,0,2,3,2,N,N,39 57:29.231,75 09:52.588,1037, ,1029,1,1,3, , ,0,N, , , , ,181103, , , ,2,1,0,0,0,1,0,0,0,0,0,0,2,2,0,0,0,0,0,1,0,0,0,0,0,0,0,0,0,0,0,0,0,0,0,8,1,39.9581,-75.1646, , 
 ,17165,2016080932,6,67,67301,2016,6,3,2218,22,3,1,0,4,1, , ,N,1,3,0,3,0,4,4,2,N,N,40 00:32.490,75 06:46.166,2220, ,2219,1,1,7, , ,3,N, , , , ,181108, , , ,2,1,0,0,0,0,0,1,0,0,0,0,4,4,0,0,1,0,0,0,0,0,0,0,0,0,0,0,0,0,0,0,0,0,0,8,0,40.009,-75.1128, , 
 ,17166,2016089538,6,67,67301,2016,8,5,821,8,1,1,0,1,1, , ,N,0,0,0,3,0,0,5,4,N,N,39 57:36.007,75 10:43.710,834, ,822,1,1,4, , ,0,N, , , , ,181114, , , ,4,1,0,0,1,0,1,0,0,0,0,0,0,0,1,0,0,0,0,0,0,0,0,0,0,0,0,0,0,0,0,0,0,0,0,9,0,39.96,-75.1788, , 
 ,17167,2016112160,6,67,67301,2016,10,7,1940,19,3,2,1,1,1, , ,N,2,0,0,3,0,0,1,2,N,N,40 01:09.587,75 09:37.177,1950, ,1945, ,0, ,N, ,0, , , , , ,181129, , , ,2,0,0,0,1,1,0,0,0,0,0,0,0,0,0,0,0,0,0,0,1,0,0,0,0,0,0,0,0,0,0,0,0,0,0,0,1,40.0193,-75.1603, , 
 ,17168,2016068695,6,67,67301,2016,6,4,1422,14,1,1,0,3,1, , ,N,0,0,0,3,0,1,3,2,N,N,40 01:42.707,75 10:24.098,1502, ,1426, ,0, ,N, ,0, , , , , ,181161, , , ,2,1,0,0,1,0,0,0,0,0,0,1,1,0,0,0,0,0,0,0,1,0,0,0,0,0,0,0,0,0,0,0,0,0,0,4,0,40.0285,-75.1734, , 
 ,17169,2016087123,6,67,67301,2016,8,5,1150,11,1,1,0,5,1, , ,N,0,0,0,3,0,1,3,2,N,N,39 59:53.678,75 07:38.193,1330, ,1254, ,0, ,N, ,0, , , , , ,181170, , , ,2,1,0,0,0,1,0,0,0,0,0,1,1,0,0,0,0,0,0,0,0,0,0,3,0,0,0,0,0,0,0,0,0,0,0,4,1,39.9982,-75.1273, , 
 ,17170,2016084661,6,67,67301,2016,8,4,1700,17,1,1,0,4,1, , ,N,2,3,0,3,0,0,3,3,N,N,39 57:44.655,75 12:55.005,1712, ,1708, ,0, ,N, ,3, , , , , ,181171, , , ,3,1,0,0,0,0,1,0,0,0,0,0,0,0,0,0,0,0,0,0,1,0,0,2,0,0,0,0,0,0,0,0,0,0,0,0,0,39.9624,-75.2153, , 
 ,17171,2016061438,6,67,67301,2016,6,6,121,1,3,1,0,5,1, , ,N,1,3,0,3,0,1,2,2,N,N,39 57:15.609,75 12:50.083,125, ,121,1,1,1,N, ,3,N, , , , ,181197, , , ,2,0,0,0,1,0,0,1,0,0,0,1,1,0,0,0,0,0,0,0,1,0,0,2,0,0,0,0,0,0,0,0,0,0,0,4,0,39.9543,-75.2139, , 
 ,17172,2016058604,6,67,67301,2016,5,5,850,8,1,1,0,4,1, , ,N,1,2,0,3,0,3,4,2,N,N,40 02:02.039,75 04:27.141,910, ,901,1,1,4,N, ,3,N, , , , ,181202, , , ,2,2,0,0,0,0,0,0,0,0,0,0,3,3,0,0,0,0,1,0,0,0,0,0,0,0,0,0,0,0,0,0,0,0,0,8,0,40.0339,-75.0742, , 
 ,17173,2016062669,6,67,67301,2016,5,3,1610,16,1,1,0,1,1, , ,N,0,0,0,3,0,0,2,2,N,N,39 57:46.133,75 13:27.409,1640, ,1630, ,0, , , ,0, , , , , ,181207, , , ,2,1,0,0,0,0,0,1,0,0,0,0,0,0,0,0,0,0,0,0,1,0,0,0,0,0,0,0,0,0,0,0,0,0,0,0,0,39.9628,-75.2243, , 
 ,17174,2016082212,6,67,67301,2016,7,1,1328,13,1,1,0,4,1, , ,N,1,2,0,3,0,0,2,2,N,N,40 00:31.666,75 08:51.441,1334, ,1328, ,0, ,N, ,3, , , , , ,181223, , , ,2,1,0,0,0,0,1,0,0,0,0,0,0,0,1,0,0,0,0,0,1,0,0,0,0,0,0,0,0,0,0,0,0,0,0,9,0,40.0088,-75.1476, , 
 ,17175,2016097611,6,67,67301,2016,8,3,1236,12,1,1,1,8,1, , ,N,1,2,0,3,0,1,2,2,N,N,40 00:04.993,75 06:52.034,1240, ,1240, ,0, , , ,3, , , , , ,181228, , , ,1,1,0,0,0,0,0,0,0,0,0,0,1,1,0,0,0,0,0,0,0,0,0,0,0,0,0,0,0,0,0,0,1,0,0,8,0,40.0014,-75.1145, , 
 ,17176,2016097739,6,67,67301,2016,9,2,2202,22,3,1,0,7,4, , ,N,6,0,2,3,0,1,1,1,N,N,40 01:13.786,75 09:15.325,2203, ,2203, ,0, ,N, ,0, , , , , ,181233, , , ,1,0,1,0,0,0,0,0,0,1,0,0,1,0,0,0,0,0,0,0,0,0,0,0,0,0,0,0,0,1,0,0,0,0,0,2,0,40.0205,-75.1543, , 
 ,17177,2016097139,6,67,67301,2016,8,3,1650,16,1,1,0,4,1, , ,N,1,2,0,3,0,0,3,6,N,N,39 56:30.703,75 10:51.632,1912, ,1900, ,0, ,N, ,2, , , , , ,183822, , , ,6,3,0,0,0,0,2,1,0,0,0,0,0,0,0,0,0,0,0,0,0,0,0,0,0,0,0,0,0,0,0,0,0,0,0,0,0,39.9419,-75.181, , 
 ,17178,2016084560,6,67,67301,2016,8,4,9999,99,3,1,0,8,1, , ,N,0,0,0,3,0,1,2,2,N,N,39 55:45.310,75 09:01.003,1212, ,1211, ,0, , , ,0, , , , , ,183823, , , ,1,0,0,0,0,0,1,0,0,0,0,1,1,0,1,0,0,0,0,0,0,0,0,0,0,0,0,0,0,0,0,0,1,0,0,4,0,39.9293,-75.1503, , 
 ,17179,2016097201,6,67,67301,2016,8,7,1,0,3,1,0,4,1, , ,N,1,2,0,3,0,1,2,2,N, ,39 58:10.453,75 12:41.538,10, ,5, ,0, , , ,3, , , , , ,183829, , , ,2,2,0,0,0,0,0,0,0,0,1,0,1,0,0,0,0,0,0,0,0,0,0,1,0,0,0,0,0,0,0,0,0,0,0,3,0,39.9697,-75.2115, , 
 ,17180,2016097594,6,67,67301,2016,8,1,1633,16,1,1,2,4,4, , ,N,10,0,0,3,0,3,3,2,N, ,39 58:24.394,75 07:01.523,1644, ,1643,3,1,4, , ,0,Y, , , , ,183833, , , ,2,1,0,0,0,0,0,1,0,0,1,1,3,1,0,0,0,0,0,0,0,0,0,3,0,0,0,0,0,0,0,0,0,0,0,3,0,39.9734,-75.1171, , 
 ,17181,2016097074,6,67,67301,2016,8,4,138,1,3,1,0,1,1, , ,N,1,2,0,3,0,1,2,2,N,N,40 03:20.701,75 05:22.429,140, ,138,1,1,1,N, ,3,N, , , , ,183834, , , ,2,1,0,0,0,0,1,0,0,0,0,0,1,1,0,0,0,0,0,0,2,0,0,0,0,0,0,0,0,0,0,0,0,0,0,8,0,40.0558,-75.0896, , 
 ,17182,2016099653,6,67,67301,2016,9,6,940,9,1,1,0,4,1, , ,N,3,0,0,3,0,1,2,2,N,N,39 56:22.606,75 11:19.381,1001, ,940, ,0, ,N, ,0, , , , , ,183835, , , ,1,0,0,0,0,0,0,1,1,0,0,0,1,1,0,0,0,0,0,0,1,0,0,1,0,0,0,0,0,0,0,0,0,0,0,8,0,39.9396,-75.1887, , 
 ,17183,2016087132,6,67,67301,2016,8,5,920,9,1,1,0,4,1, , ,N,1,2,0,3,0,0,2,2,N, ,40 03:17.284,75 11:55.637,933, ,928, ,0, , , ,3, , , , , ,183837, , , ,2,1,0,0,0,0,1,0,0,0,0,0,0,0,0,0,0,0,0,0,0,0,0,0,0,0,0,0,0,0,0,0,0,0,0,0,0,40.0548,-75.1988, , 
 ,17184,2016105530,6,67,67301,2016,9,3,1507,15,1,1,0,4,1, , ,N,1,2,0,3,0,1,2,2,N,N,40 02:43.041,75 03:38.484,1533, ,1528, ,0, , , ,3, , , , , ,183841, , , ,1,1,0,0,0,0,0,0,1,0,0,1,1,0,0,0,0,0,0,0,0,0,0,1,0,0,0,0,0,0,0,0,0,0,0,4,0,40.0453,-75.0607, , 
 ,17185,2016075514,6,67,67301,2016,7,2,1514,15,1,1,0,1,1, , ,N,0,0,0,3,0,2,4,3,N,N,39 57:30.573,75 10:03.831,1554, ,1514, ,0, , , ,0, , , , , ,183856, , , ,3,3,0,0,0,0,0,0,0,0,0,0,2,2,0,0,0,0,0,0,1,0,0,0,0,0,0,0,0,0,0,0,0,0,0,8,0,39.9585,-75.1677, , 
 ,17186,2016087717,6,67,67301,2016,8,6,1950,19,4,1,0,4,1, , ,N,1,2,0,3,0,1,3,2,N,N,40 00:39.311,75 09:03.157,2100, ,2000, ,0, ,N, ,3, , , , , ,183867, , , ,2,2,0,0,0,0,0,0,0,0,0,0,1,1,0,0,0,1,0,0,1,0,0,0,0,0,0,0,0,0,0,0,0,0,0,8,0,40.0107,-75.1508, , 
 ,17187,2016096788,6,67,67301,2016,9,2,1437,14,1,2,1,5,1, , ,N,0,0,0,3,0,1,2,2,N,N,39 56:15.091,75 08:38.153,1451, ,1437, ,0, , , ,0, , , , , ,183869, , , ,2,0,0,0,0,1,1,0,0,0,1,0,1,0,0,0,0,0,0,0,1,0,0,0,0,0,0,0,0,0,0,0,0,0,0,3,1,39.9375,-75.1439, , 
 ,17188,2016099657,6,67,67301,2016,9,7,2201,22,3,1,0,4,1, , ,N,1,2,0,3,0,0,4,2,N,N,40 05:12.685,74 58:19.097,2206, ,2203,2,1,1,N, ,3,Y, , , , ,183873, , , ,2,1,0,0,0,0,1,0,0,0,0,0,0,0,1,0,0,1,0,0,0,0,0,0,0,0,0,0,0,0,0,0,0,0,0,9,0,40.0868,-74.9718, , 
 ,17189,2016080576,6,67,67301,2016,7,2,1611,16,1,1,0,0,1, , ,N,1,2,2,3,0,2,2,2,N,N,40 00:33.068,75 04:08.444,1617, ,1616,2,2,2, , ,3,Y, , , , ,183911, , , ,1,0,1,0,0,0,0,0,0,0,1,1,2,0,0,0,0,0,0,0,1,0,0,0,0,0,0,0,0,0,0,0,0,0,0,3,0,40.0092,-75.069, , 
 ,17190,2016105932,6,67,67301,2016,9,6,1140,11,1,1,0,4,1, , ,N,0,0,7,3,0,1,2,2,N, ,40 05:10.784,74 58:20.503,1150, ,1145, ,0, , , ,0, , , , , ,183936, , , ,2,2,0,0,0,0,0,0,0,0,0,0,1,1,0,0,0,0,0,0,1,1,0,1,0,0,0,0,0,0,0,0,0,0,0,8,0,40.0863,-74.9724, , 
 ,17191,2016112221,6,67,67301,2016,10,1,1227,12,1,2,1,2,1, , ,N,0,0,0,3,0,1,2,2,N, ,39 59:47.320,75 12:14.893,1310, ,1227, ,0, , , ,0, , , , , ,183939, , , ,2,0,0,0,2,0,0,0,0,0,0,1,1,0,0,0,0,0,0,0,0,0,0,0,0,0,0,0,0,0,0,0,0,0,0,4,0,39.9965,-75.2041, , 
 ,17192,2016081525,6,67,67301,2016,8,7,1530,15,1,1,0,1,1, , ,N,0,0,0,3,0,1,6,3,N,N,39 58:48.674,75 12:19.299,1544, ,1532, ,0, , , ,0, , , , , ,183947, , , ,3,1,0,0,0,0,2,0,0,0,0,1,1,0,0,0,0,0,0,0,1,0,0,0,0,0,0,0,0,0,0,0,0,0,0,4,0,39.9802,-75.2054, , 
 ,17193,2016105652,6,67,67301,2016,9,3,1330,13,1,1,1,1,1, , ,N,1,2,0,3,0,2,3,2,N, ,40 02:46.600,75 11:32.477,1345, ,1338, ,0, , , ,3, , , , , ,183965, , , ,2,1,0,0,0,0,1,0,0,0,0,0,2,2,0,0,0,0,0,0,0,0,0,0,0,0,0,0,0,0,0,0,0,0,0,8,0,40.0463,-75.1924, , 
 ,17194,2016063189,6,67,67301,2016,6,1,929,9,1,1,0,7,2, , ,N,0,0,0,3,0,0,1,1,N,N,40 00:33.540,75 03:58.001,942, ,932, ,0, , , ,0, , , , , ,183996, , , ,1,1,0,0,0,0,0,0,0,0,0,0,0,0,0,0,0,0,0,1,0,0,0,0,0,0,0,0,0,0,0,0,0,0,0,0,0,40.0093,-75.0661, , 
 ,17195,2016084620,6,67,67301,2016,8,4,1100,11,1,1,0,8,1, , ,N,0,0,0,3,0,1,2,2,N, ,39 54:57.643,75 14:20.850,1118, ,1110, ,0, , , ,0, , , , , ,187144, , , ,1,0,0,0,0,0,0,1,0,0,0,1,1,0,0,0,0,0,0,0,1,0,0,1,0,0,0,0,0,0,0,0,1,0,0,4,0,39.916,-75.2391, , 
 ,17196,2016060497,6,67,67301,2016,5,7,2015,20,3,2,7,7,2, , ,N,0,0,3,3,0,0,1,1,N,N,39 53:30.885,75 11:53.881,2024, ,2024, ,0, , , ,0, , , , , ,187177, , , ,1,1,0,0,0,0,0,0,0,0,0,0,0,0,0,0,0,0,0,0,0,0,0,1,0,0,0,0,0,0,0,0,0,0,0,0,0,39.8919,-75.1983, , 
 ,17197,2016080746,6,67,67301,2016,7,4,1545,15,1,1,0,4,1, , ,N,0,0,7,3,0,1,2,2,N,N,39 56:14.468,75 09:45.398,1605, ,1605, ,0, ,N, ,0, , , , , ,187194, , , ,2,1,0,0,1,0,0,0,0,0,0,0,1,1,0,0,0,0,0,0,0,1,0,2,0,0,0,0,0,0,0,0,0,0,0,8,0,39.9374,-75.1626, , 
 ,17198,2016083343,6,67,67301,2016,7,4,830,8,1,1,0,5,1, , ,N,5,2,2,3,0,3,4,2,N, ,39 55:18.088,75 11:24.159,905, ,843, ,0, , , ,3, , , , , ,187195, , , ,2,1,0,0,0,1,0,0,0,0,0,0,3,3,0,0,0,0,0,0,1,0,0,4,0,0,0,0,0,0,0,0,0,0,0,8,1,39.9217,-75.19, , 
 ,17199,2016062588,6,67,67301,2016,5,7,1144,11,1,1,0,1,1, , ,N,2,3,0,3,0,0,4,2,N, ,40 00:13.798,75 07:26.950,1208, ,1145, ,0, , , ,3, , , , , ,187218, , , ,2,0,0,0,0,0,2,0,0,0,0,0,0,0,0,0,0,0,0,0,0,0,0,0,0,0,0,0,0,0,0,0,0,0,0,0,0,40.0038,-75.1242, , 
 ,17200,2016080399,6,67,67301,2016,6,7,1110,11,1,1,0,4,1, , ,N,1,2,0,3,0,1,3,2,N,N,40 02:52.901,75 05:34.215,1117, ,1114, ,0, ,N, ,3, , , , , ,187238, , , ,2,1,0,0,0,0,1,0,0,0,0,1,1,0,0,0,0,0,0,0,0,0,0,3,0,0,0,0,0,0,0,0,0,0,0,4,0,40.048,-75.0928, , 
 ,17201,2016082339,6,67,67301,2016,7,1,130,1,3,1,0,8,1, , ,N,0,0,0,3,0,1,2,2,N,N,39 59:27.348,75 06:58.890,253, ,250, ,0, ,N, ,0, , , , , ,187243, , , ,1,0,0,0,0,0,0,0,0,0,1,0,1,0,1,0,0,0,0,0,0,0,0,0,0,0,0,0,0,0,0,0,1,0,0,3,0,39.9909,-75.1164, , 
 ,17202,2016092081,6,67,67301,2016,8,7,1113,11,1,1,0,4,1, , ,N,1,3,0,3,0,1,2,2,N,N,40 02:46.472,75 09:57.862,1118, ,1113, ,0, ,N, ,3, , , , , ,187253, , , ,2,2,0,0,0,0,0,0,0,0,0,1,1,0,0,0,0,0,0,0,0,1,0,2,0,0,0,0,0,0,0,0,0,0,0,4,0,40.0462,-75.1661, , 
 ,17203,2016097543,6,67,67301,2016,9,6,1105,11,1,1,0,5,1, , ,N,0,8,0,3,0,1,2,2,N,N,40 06:16.580,75 01:54.690,1250, ,1233, ,0, ,N, ,3, , , , , ,187257, , , ,2,1,0,0,0,1,0,0,0,0,0,0,1,1,0,0,0,0,0,0,2,0,0,0,0,0,0,0,0,0,0,0,0,0,0,8,1,40.1046,-75.0319, , 
 ,17204,2016091653,6,67,67301,2016,8,3,1648,16,1,1,1,8,1, , ,N,1,0,0,3,0,1,2,2,N,N,39 59:12.202,75 10:19.063,1653, ,1649, ,0, ,N, ,0, , , , , ,187258, , , ,1,1,0,0,0,0,0,0,0,0,0,1,1,0,0,0,0,0,0,0,1,0,0,1,0,0,0,0,0,0,0,0,1,0,0,4,0,39.9867,-75.172, , 
 ,17205,2016080961,6,67,67301,2016,7,2,2232,22,3,2,1,4,1, , ,N,5,2,0,3,0,4,6,2,N, ,40 00:13.178,75 10:08.095,2234, ,2234,2,2,4, , ,3,Y, , , , ,187294, , , ,2,2,0,0,0,0,0,0,0,0,0,4,4,0,0,0,0,1,1,0,0,0,0,0,0,0,0,0,0,0,0,0,0,0,0,4,0,40.0037,-75.1689, , 
 ,17206,2016063887,6,67,67301,2016,6,6,1627,16,1,1,0,1,1, , ,N,0,0,0,3,0,3,4,3,N,N,39 58:19.702,75 12:43.295,1631, ,1631,1,2,5,N, ,0,Y, , , , ,187313, , , ,3,2,0,0,0,0,1,0,0,0,0,0,3,3,0,0,0,0,0,0,2,0,0,0,0,0,0,0,0,0,0,0,0,0,0,8,0,39.9721,-75.212, , 
 ,17207,2016013947,6,67,67301,2016,1,3,1823,18,4,1,0,5,6, , ,N,0,0,0,3,0,2,2,3,N,N,40 01:41.576,75 06:28.860,1840, ,1823,1,1,1,N, ,0,N, , , , ,187326, , , ,3,3,0,0,0,0,0,0,0,0,0,2,2,0,0,0,0,0,0,0,0,0,0,0,0,0,0,0,0,0,0,0,0,0,0,4,0,40.0282,-75.108, , 
 ,17208,2016019859,6,67,67301,2016,2,1,850,8,1,1,0,4,1, , ,N,2,0,0,3,0,2,2,2,N,N,40 02:46.269,75 08:42.903,858, ,855,2,2,5,N, ,0,Y, , , , ,187331, , , ,2,2,0,0,0,0,0,0,0,0,1,1,2,0,0,0,0,0,0,0,1,0,0,0,0,0,0,0,0,0,0,0,0,0,0,3,0,40.0462,-75.1453, , 
 ,17209,2016031388,6,67,67301,2016,3,6,420,4,3,4,1,4,1, , ,N,1,3,0,3,0,2,3,3,N, ,39 56:51.590,75 14:30.328,426, ,425, ,0, , , ,3, , , , , ,187345, , , ,3,2,0,0,1,0,0,0,0,0,0,0,2,2,0,0,0,0,0,0,2,0,0,2,0,0,0,0,0,0,0,0,0,0,0,8,0,39.9477,-75.2418, , 
 ,17210,2016086457,6,67,67301,2016,8,1,15,0,3,1,0,7,5, , ,N,0,8,0,3,0,0,2,1,N,N,39 53:33.066,75 13:32.230,21, ,16,1,1,2, , ,3,N, , , , ,187385, , , ,1,1,0,0,0,0,0,0,0,0,0,0,0,0,0,0,0,0,0,0,0,0,0,0,0,0,0,0,0,0,0,0,0,0,0,0,0,39.8925,-75.2256, , 