wz_ln_closure,objectid_1,crn,district,county,municipality,crash_year,crash_month,day_of_week,time_of_day,hour_of_day,illumination,weather,road_condition,collision_type,relation_to_road,work_zone_type,work_zone_loc,work_zone_ind,intersect_type,tcd_type,location_type,urban_rural,fatal_count,injury_count,person_count,total_units,sch_bus_ind,sch_zone_ind,latitude,longitude,arrival_tm,cons_zone_spd_lim,dispatch_tm,est_hrs_closed,lane_closed,ln_close_dir,ntfy_hiwy_maint,spec_juris_cd,tcd_func_cd,tfc_detour_ind,workers_pres,wz_close_detour,wz_flagger,wz_law_offcr_ind,objectid,wz_moving,wz_other,wz_shlder_mdn,vehicle_count,automobile_count,motorcycle_count,bus_count,small_truck_count,heavy_truck_count,suv_count,van_count,bicycle_count,maj_inj_count,mod_inj_count,min_inj_count,tot_inj_count,unk_inj_deg_count,unk_inj_per_count,driver_count_16yr,driver_count_17yr,driver_count_18yr,driver_count_19yr,driver_count_20yr,driver_count_50_64yr,driver_count_65_74yr,driver_count_75plus,unbelted_occ_count,unb_death_count,unb_maj_inj_count,belted_death_count,belted_maj_inj_count,mcycle_death_count,mcycle_maj_inj_count,bicycle_death_count,bicycle_maj_inj_count,ped_count,ped_death_count,ped_maj_inj_count,max_severity_level,comm_veh_count,dec_lat,dec_long,rdwy_surf_type_cd,county_name
 ,17211,2016090979,6,67,67301,2016,5,2,1021,10,1,1,0,7,2, , ,N,0,0,0,3,0,0,1,1,N,N,39 55:31.133,75 11:36.486,1021, ,1021,2,2,4, , ,0,Y, , , , ,187392, , , ,1,1,0,0,0,0,0,0,0,0,0,0,0,0,0,0,0,0,0,0,0,0,0,0,0,0,0,0,0,0,0,0,0,0,0,0,0,39.9253,-75.1935, , 
 ,17212,2016092104,6,67,67301,2016,8,5,1255,12,1,1,0,4,1, , ,N,1,3,0,3,0,3,4,3,N,N,39 58:20.038,75 13:58.382,1307, ,1300, ,0, ,N, ,3, , , , , ,187403, , , ,3,1,0,0,0,0,2,0,0,0,0,3,3,0,0,0,0,0,0,0,1,0,0,0,0,0,0,0,0,0,0,0,0,0,0,4,0,39.9722,-75.2329, , 
 ,17213,2016062578,6,67,67301,2016,5,6,1435,14,1,1,0,5,1, , ,N,0,0,0,3,0,1,2,2,N, ,40 01:16.149,75 11:35.700,1525, ,1522, ,0, , , ,0, , , , , ,190412, , , ,2,2,0,0,0,0,0,0,0,0,0,0,1,1,1,0,0,0,0,0,1,0,0,0,0,0,0,0,0,0,0,0,0,0,0,8,0,40.0212,-75.1933, , 
 ,17214,2016067815,6,67,67301,2016,6,6,755,7,1,2,1,6,1, , ,N,0,0,0,3,0,2,2,2,N,N,40 03:38.682,75 12:01.982,815, ,809, ,0, ,N, ,0, , , , , ,190418, , , ,2,2,0,0,0,0,0,0,0,0,0,0,2,2,0,0,0,0,0,0,1,0,0,0,0,0,0,0,0,0,0,0,0,0,0,8,0,40.0607,-75.2006, , 
 ,17215,2016078040,6,67,67301,2016,7,6,2331,23,3,1,0,7,5, , ,N,0,0,0,3,0,0,1,1,N,N,39 54:07.046,75 09:05.118,2338, ,2335,2,2,1, , ,0,N, , , , ,190428, , , ,1,1,0,0,0,0,0,0,0,0,0,0,0,0,0,0,1,0,0,0,0,0,0,0,0,0,0,0,0,0,0,0,0,0,0,0,0,39.902,-75.1514, , 
 ,17216,2016080101,6,67,67301,2016,6,2,9999,99,1,1,0,4,1, , ,N,1,2,0,3,0,1,2,3,N, ,39 59:16.564,75 07:24.030,950, ,947, ,0, , , ,3, , , , , ,190431, , , ,3,3,0,0,0,0,0,0,0,0,0,1,1,0,0,0,0,0,0,0,0,0,0,0,0,0,0,0,0,0,0,0,0,0,0,4,0,39.9879,-75.1235, , 
 ,17217,2016091199,6,67,67301,2016,8,3,1728,17,1,1,0,1,1, , ,N,0,0,0,3,0,2,5,4,N,N,40 01:33.844,75 01:37.908,1744, ,1729,2,1,2, , ,0,N, , , , ,190441, , , ,4,3,0,0,0,0,0,1,0,0,2,0,2,0,0,0,0,0,0,0,1,0,0,0,0,0,0,0,0,0,0,0,0,0,0,3,0,40.0261,-75.0272, , 
 ,17218,2016097608,6,67,67301,2016,8,5,1412,14,1,1,0,1,6, , ,N,0,0,0,3,0,3,3,3,N, ,40 02:29.755,75 03:50.417,1427, ,1422,9,2,3, , ,0,Y, , , , ,190472, , , ,3,1,0,0,0,0,2,0,0,1,0,0,3,2,0,0,0,0,0,0,0,0,0,3,0,1,0,0,0,0,0,0,0,0,0,2,0,40.0416,-75.064, , 
 ,17219,2016100174,6,67,67301,2016,9,6,932,9,1,1,0,1,1, , ,N,0,0,0,3,0,1,2,2,N,N,39 58:03.854,75 11:23.590,1000, ,942,1,1,3, , ,0,N, , , , ,190476, , , ,2,1,0,0,0,0,0,1,0,0,0,0,1,1,0,0,0,0,0,0,2,0,0,0,0,0,0,0,0,0,0,0,0,0,0,8,0,39.9677,-75.1899, , 
 ,17220,2016112259,6,67,67301,2016,10,3,1448,14,1,1,0,4,1, , ,N,2,0,0,3,0,0,2,2,N,N,40 03:22.996,75 01:32.792,1503, ,1458, ,0, ,N, ,0, , , , , ,190479, , , ,2,1,0,0,0,0,0,1,0,0,0,0,0,0,2,0,0,0,0,0,0,0,0,0,0,0,0,0,0,0,0,0,0,0,0,9,0,40.0564,-75.0258, , 
 ,17221,2016122048,6,67,67301,2016,9,7,1602,16,1,1,0,5,1, , ,N,6,7,2,3,0,1,3,2,N,N,39 57:35.295,75 10:38.128,1727, ,1603, ,0, , , ,3, , , , , ,190484, , , ,2,1,0,1,0,0,0,0,0,0,0,0,1,1,0,0,0,0,0,0,0,0,0,0,0,0,0,0,0,0,0,0,0,0,0,8,1,39.9598,-75.1773, , 
 ,17222,2016080497,6,67,67301,2016,7,1,945,9,1,1,0,8,1, , ,N,1,2,0,3,0,1,2,2,N, ,40 02:20.942,75 06:36.006,1000, ,949, ,0, , , ,3, , , , , ,190516, , , ,1,1,0,0,0,0,0,0,0,0,1,0,1,0,0,0,0,0,0,0,0,0,1,1,0,0,0,0,0,0,0,0,1,0,0,3,0,40.0392,-75.11, , 
 ,17223,2016092055,6,67,67301,2016,8,4,2015,20,3,1,0,4,1, , ,N,3,8,0,3,0,3,3,2,N, ,39 59:45.110,75 11:28.893,2040, ,2035,1,1,5,N, ,3,N, , , , ,190533, , , ,2,1,0,0,0,0,1,0,0,0,0,0,3,3,0,0,0,0,0,0,1,0,0,0,0,0,0,0,0,0,0,0,0,0,0,8,0,39.9959,-75.1914, , 
 ,17224,2016061701,6,67,67301,2016,6,7,2004,20,4,1,0,7,2, , ,N,6,0,2,3,0,0,1,1,N,N,40 00:31.674,75 12:17.709,2020, ,2004,2,1,4, , ,0,N, , , , ,190543, , , ,1,1,0,0,0,0,0,0,0,0,0,0,0,0,0,0,0,0,0,0,0,0,0,0,0,0,0,0,0,0,0,0,0,0,0,0,0,40.0088,-75.2049, , 
 ,17225,2016063130,6,67,67301,2016,6,1,1953,19,1,1,0,1,1, , ,N,0,0,0,3,0,1,3,2,N,N,39 57:05.615,75 10:57.260,2004, ,1955,1,1,4, , ,0,N, , , , ,190545, , , ,2,1,0,0,0,0,1,0,0,0,1,0,1,0,0,0,0,0,0,0,0,1,0,0,0,0,0,0,0,0,0,0,0,0,0,3,0,39.9516,-75.1826, , 
 ,17226,2016105152,6,67,67301,2016,10,6,103,1,3,1,0,1,1, , ,N,0,0,0,3,0,1,2,2,N,N,39 56:16.096,75 11:53.593,118, ,106,1,2,4, , ,0,N, , , , ,190558, , , ,2,1,0,0,0,0,1,0,0,0,1,0,1,0,0,0,0,0,0,0,0,0,0,0,0,0,0,0,0,0,0,0,0,0,0,3,0,39.9378,-75.1982, , 
 ,17227,2016097153,6,67,67301,2016,8,1,1330,13,1,1,0,5,1, , ,N,0,0,0,3,0,1,2,2,N, ,40 02:11.962,75 07:56.067,1700, ,9999, ,0, , , ,0, , , , , ,190559, , , ,2,2,0,0,0,0,0,0,0,0,1,0,1,0,0,0,0,0,0,0,0,0,0,1,0,0,0,0,0,0,0,0,0,0,0,3,0,40.0367,-75.1322, , 
 ,17228,2016091061,6,67,67301,2016,8,5,1440,14,1,1,0,4,1, , ,N,2,0,0,3,0,4,4,2,N, ,39 55:56.218,75 13:08.921,1530, ,1443, ,0, , , ,0, , , , , ,190562, , , ,2,2,0,0,0,0,0,0,0,0,0,4,4,0,0,0,0,0,0,0,0,0,0,0,0,0,0,0,0,0,0,0,0,0,0,4,0,39.9323,-75.2191, , 
 ,17229,2016108596,6,67,67301,2016,9,5,1640,16,1,2,1,4,1, , ,N,1,2,0,3,0,3,4,2,N,N,39 56:23.586,75 10:59.271,1645, ,1643, ,0, ,N, ,3, , , , , ,190571, , , ,2,2,0,0,0,0,0,0,0,0,0,3,3,0,0,0,0,0,0,0,0,0,0,2,0,0,0,0,0,0,0,0,0,0,0,4,0,39.9399,-75.1831, , 
 ,17230,2016129532,6,67,67301,2016,11,1,1826,18,3,1,0,7,4, , ,N,0,0,0,3,0,1,1,1,N,N,39 58:45.861,75 07:06.295,1829, ,1826, ,0, , , ,0, , , , , ,190583, , , ,1,0,0,0,1,0,0,0,0,0,0,1,1,0,0,0,0,0,0,0,0,0,0,0,0,0,0,0,0,0,0,0,0,0,0,4,0,39.9794,-75.1184, , 
 ,17231,2016097706,6,67,67301,2016,9,4,2100,21,3,1,0,4,1, , ,N,1,2,0,3,0,0,4,2,N, ,39 55:15.755,75 13:26.897,2106, ,2105, ,0, , , ,3, , , , , ,181240, , , ,2,2,0,0,0,0,0,0,0,0,0,0,0,0,0,0,0,1,0,0,0,0,0,0,0,0,0,0,0,0,0,0,0,0,0,0,0,39.9211,-75.2242, , 
 ,17232,2016063959,6,67,67301,2016,6,1,1445,14,1,1,0,1,1, , ,N,1,2,0,3,0,1,3,2,N, ,39 59:18.584,75 06:22.955,1445, ,1445, ,0, , , ,3, , , , , ,181245, , , ,2,1,0,0,0,0,1,0,0,0,1,0,1,0,0,0,0,0,0,0,0,0,0,1,0,0,0,0,0,0,0,0,0,0,0,3,0,39.9885,-75.1064, , 
 ,17233,2016067858,6,67,67301,2016,6,7,150,1,3,1,0,6,6, , ,N,0,0,0,3,0,0,1,3,N,N,40 03:32.652,75 10:56.125,350, ,339, ,0, ,N, ,0, , , , , ,181248, , , ,3,3,0,0,0,0,0,0,0,0,0,0,0,0,0,0,0,0,0,0,0,0,0,0,0,0,0,0,0,0,0,0,0,0,0,0,0,40.0591,-75.1823, , 
 ,17234,2016053665,6,67,67301,2016,5,7,1200,12,1,1,1,4,1, , ,N,1,2,0,3,0,2,5,3,N,N,40 01:40.344,75 03:36.560,1210, ,1207, ,0, ,N, ,3, , , , , ,181250, , , ,3,1,0,0,1,0,1,0,0,0,0,0,2,2,0,0,0,0,0,0,2,0,0,0,0,0,0,0,0,0,0,0,0,0,0,8,0,40.0278,-75.0601, , 
 ,17235,2016053779,6,67,67301,2016,5,7,2300,23,3,1,0,4,1, , ,N,2,3,0,3,0,1,2,2,N,N,40 01:17.526,75 09:28.708,130, ,100, ,0, ,N, ,3, , , , , ,181251, , , ,2,1,0,0,0,0,0,1,0,0,0,1,1,0,1,0,0,0,1,0,0,0,0,0,0,0,0,0,0,0,0,0,0,0,0,4,0,40.0215,-75.158, , 
 ,17236,2016056058,6,67,67301,2016,5,1,1605,16,1,1,0,4,1, , ,N,5,2,0,3,0,1,3,2,N,N,40 03:51.426,75 09:12.794,1704, ,1659, ,0, ,N, ,3, , , , , ,181252, , , ,2,0,0,0,0,0,1,1,0,0,0,1,1,0,0,0,0,0,0,0,1,0,0,1,0,0,0,0,0,0,0,0,0,0,0,4,0,40.0643,-75.1536, , 
 ,17237,2016058671,6,67,67301,2016,5,3,145,1,3,2,1,8,1, , ,N,1,3,0,3,0,1,2,2,N,N,39 57:46.080,75 09:21.211,201, ,200, ,0, ,N, ,3, , , , , ,181256, , , ,1,1,0,0,0,0,0,0,0,0,0,1,1,0,0,0,0,0,0,0,0,0,0,1,0,0,0,0,0,0,0,0,1,0,0,4,0,39.9628,-75.1559, , 
 ,17238,2016091241,6,67,67301,2016,8,4,855,8,1,1,0,1,1, , ,N,0,0,0,3,0,2,5,4,N,N,40 00:31.758,75 04:09.543,914, ,856,2,1,2, , ,0,N, , , , ,181288, , , ,4,1,0,0,2,0,0,1,0,0,2,0,2,0,0,0,0,0,0,0,1,0,0,2,0,0,0,0,0,0,0,0,0,0,0,3,0,40.0088,-75.0693, , 
 ,17239,2016087649,6,67,67301,2016,8,6,1551,15,1,1,0,8,1, , ,N,0,0,0,3,0,1,2,2,N, ,40 00:02.512,75 07:08.428,1741, ,1741, ,0, , , ,0, , , , , ,181289, , , ,1,0,0,0,0,1,0,0,0,0,0,0,1,1,0,0,0,0,0,0,0,0,0,0,0,0,0,0,0,0,0,0,1,0,0,8,1,40.0007,-75.119, , 
 ,17240,2016064045,6,67,67301,2016,5,2,2011,20,1,1,0,4,1, , ,N,1,2,0,3,0,3,4,2,N,N,39 59:21.634,75 09:19.704,2011, ,2011,3,2,2,N, ,3,Y, , , , ,181295, , , ,2,0,0,0,0,0,1,1,0,0,1,0,3,2,0,0,0,0,0,0,0,0,0,1,0,0,0,0,0,0,0,0,0,0,0,3,0,39.9893,-75.1555, , 
Y,17241,2016063923,6,67,67301,2016,5,3,1030,10,1,1,0,1,1,2,4,Y,0,0,3,3,0,1,4,2,N,N,39 53:52.060,75 12:41.315,1110,99,1056,1,2,3,N, ,0,N,U, , ,U,181301, , , ,2,1,0,0,1,0,0,0,0,0,0,0,1,1,2,0,0,0,0,0,1,0,0,0,0,0,0,0,0,0,0,0,0,0,0,8,0,39.8978,-75.2115, , 
 ,17242,2016097681,6,67,67301,2016,9,5,835,8,1,2,1,5,6, , ,N,0,0,0,3,0,0,1,2,N, ,39 57:20.296,75 14:02.318,841, ,838,2,2,5, , ,0,Y, , , , ,181327, , , ,2,1,0,0,0,0,1,0,0,0,0,0,0,0,0,0,0,0,0,0,0,0,0,0,0,0,0,0,0,0,0,0,0,0,0,0,0,39.9556,-75.234, , 
 ,17243,2016092029,6,67,67301,2016,8,4,931,9,1,1,0,4,1, , ,N,1,2,0,3,0,1,3,2,N,N,40 00:37.875,75 06:00.082,956, ,931, ,0, , , ,3, , , , , ,181332, , , ,2,1,0,0,0,0,0,1,0,0,0,1,1,0,0,0,0,0,0,1,0,0,0,0,0,0,0,0,0,0,0,0,0,0,0,4,0,40.0105,-75.1, , 
 ,17244,2016073726,6,67,67301,2016,7,5,1342,13,1,1,0,1,1, , ,N,0,0,0,3,0,1,3,2,N,N,39 58:05.947,75 07:45.063,1359, ,1342,2,1,1, , ,0,N, , , , ,181356, , , ,2,2,0,0,0,0,0,0,0,0,0,0,1,1,0,0,0,0,0,0,1,0,0,0,0,0,0,0,0,0,0,0,0,0,0,8,0,39.9683,-75.1292, , 
 ,17245,2016080515,6,67,67301,2016,6,4,1525,15,1,1,0,8,1, , ,N,1,2,0,3,0,1,2,2,N, ,40 02:07.013,75 01:30.652,1540, ,1531, ,0, , , ,3, , , , , ,181362, , , ,1,0,0,0,0,0,1,0,0,0,0,1,1,0,0,0,0,0,0,0,0,0,0,0,0,0,0,0,0,0,0,0,1,0,0,4,0,40.0353,-75.0252, , 
 ,17246,2016080893,6,67,67301,2016,7,7,28,0,3,1,0,4,1, , ,N,1,2,0,3,0,0,3,2,N,N,39 57:34.444,75 11:49.297,35, ,31, ,0, , , ,3, , , , , ,181368, , , ,2,1,0,0,0,0,1,0,0,0,0,0,0,0,0,0,0,0,0,0,1,0,0,1,0,0,0,0,0,0,0,0,0,0,0,0,0,39.9596,-75.197, , 
 ,17247,2016080342,6,67,67301,2016,7,1,1557,15,1,1,0,1,1, , ,N,1,2,0,3,0,2,2,2,N,N,40 05:07.675,75 02:14.870,1604, ,1600, ,0, ,N, ,3, , , , , ,181371, , , ,2,1,0,0,0,0,1,0,0,0,0,0,2,2,0,0,0,0,0,0,0,0,0,0,0,0,0,0,0,0,0,0,0,0,0,8,0,40.0854,-75.0374, , 
 ,17248,2016080735,6,67,67301,2016,7,3,928,9,1,1,0,5,6, , ,N,0,0,0,3,0,1,1,4,N,N,40 01:09.199,75 12:39.335,946, ,928, ,0, ,N, ,0, , , , , ,181373, , , ,4,3,0,0,0,0,1,0,0,0,0,1,1,0,0,0,0,0,0,0,0,0,0,0,0,0,0,0,0,0,0,0,0,0,0,4,0,40.0192,-75.2109, , 
 ,17249,2016091608,6,67,67301,2016,8,7,1030,10,1,1,0,4,1, , ,N,1,2,0,3,0,1,2,2,N,N,39 56:09.409,75 09:24.814,1110, ,1105, ,0, ,N, ,3, , , , , ,184015, , , ,1,1,0,0,0,0,0,0,1,0,0,1,1,0,0,0,0,0,0,0,1,0,0,1,0,0,0,0,0,0,0,0,0,0,0,4,0,39.9359,-75.1569, , 
 ,17250,2016081450,6,67,67301,2016,7,2,1518,15,1,1,0,4,1, , ,N,1,2,0,3,0,5,5,2,N, ,40 02:44.703,75 04:05.879,1540, ,1538,1,1,2, , ,3,N, , , , ,184019, , , ,2,0,0,0,0,0,2,0,0,0,0,5,5,0,0,0,0,0,0,0,0,0,0,0,0,0,0,0,0,0,0,0,0,0,0,4,0,40.0458,-75.0683, , 
 ,17251,2016108629,6,67,67301,2016,10,2,335,3,3,1,0,6,6, , ,N,0,0,0,3,0,0,1,3,N,N,39 59:16.248,75 08:49.853,355, ,347,2,1,1,N, ,0,N, , , , ,184032, , , ,3,1,0,0,0,0,2,0,0,0,0,0,0,0,0,0,0,0,0,0,0,0,0,1,0,0,0,0,0,0,0,0,0,0,0,0,0,39.9878,-75.1472, , 
 ,17252,2016029873,6,67,67301,2016,3,6,732,7,1,4,1,4,1, , ,N,1,2,0,3,0,0,2,2,N,N,39 56:48.652,75 08:39.916,831, ,824, ,0, ,N, ,3, , , , , ,184055, , , ,2,2,0,0,0,0,0,0,0,0,0,0,0,0,2,0,0,0,0,0,1,0,0,0,0,0,0,0,0,0,0,0,0,0,0,9,0,39.9468,-75.1444, , 
 ,17253,2016048552,6,67,67301,2016,4,5,2244,22,3,1,0,5,6, , ,N,0,0,0,3,0,0,1,4,N,N,39 57:52.020,75 14:39.449,2245, ,2244,2,2,5,N, ,0,N, , , , ,184068, , , ,4,3,0,0,1,0,0,0,0,0,0,0,0,0,1,0,0,0,0,0,0,0,0,0,0,0,0,0,0,0,0,0,0,0,0,9,0,39.9645,-75.2443, , 
 ,17254,2016050498,6,67,67301,2016,4,5,2253,22,3,1,0,5,1, , ,N,0,0,0,3,0,0,3,3,N,N,39 59:45.586,75 04:59.017,2307, ,2258, ,0, , , ,0, , , , , ,184069, , , ,3,2,0,0,0,0,1,0,0,0,0,0,0,0,0,0,0,1,0,0,0,0,0,0,0,0,0,0,0,0,0,0,0,0,0,0,0,39.996,-75.0831, , 
 ,17255,2016054181,6,67,67301,2016,5,4,1355,13,1,1,0,5,6, , ,N,0,0,0,3,0,1,2,5,N, ,39 59:01.906,75 06:54.469,1415, ,1410, ,0, , , ,0, , , , , ,184072, , , ,5,3,0,0,1,0,1,0,0,0,0,0,1,1,0,0,0,0,0,0,0,0,0,0,0,0,0,0,0,0,0,0,0,0,0,8,0,39.9839,-75.1151, , 
 ,17256,2016087172,6,67,67301,2016,8,6,642,6,1,1,0,5,1, , ,N,0,0,0,3,0,0,2,3,N,N,39 55:46.254,75 11:37.687,716, ,714,1,2,2,N, ,0,Y, , , , ,184123, , , ,3,2,0,0,0,0,1,0,0,0,0,0,0,0,0,0,0,0,0,0,1,0,0,0,0,0,0,0,0,0,0,0,0,0,0,0,0,39.9295,-75.1938, , 
 ,17257,2016027562,6,67,67301,2016,2,1,1730,17,3,1,0,1,1, , ,N,1,2,2,3,0,0,2,2,N,N,39 53:32.722,75 13:22.065,1730, ,1730, ,0, ,N, ,3, , , , , ,184146, , , ,2,1,0,0,0,0,1,0,0,0,0,0,0,0,0,0,0,0,0,1,0,0,0,0,0,0,0,0,0,0,0,0,0,0,0,0,0,39.8924,-75.2228, , 
 ,17258,2016028687,6,67,67301,2016,1,2,1138,11,1,1,0,7,3, , ,N,0,0,0,3,0,1,1,1,N,N,39 59:28.226,75 05:10.300,1141, ,1141,2,2,1, , ,0,N, , , , ,184147, , , ,1,1,0,0,0,0,0,0,0,0,0,0,1,1,0,0,0,0,0,0,0,0,0,0,0,0,0,0,0,0,0,0,0,0,0,8,0,39.9912,-75.0862, , 
 ,17259,2016035353,6,67,67301,2016,3,7,1235,12,1,1,0,4,1, , ,N,1,2,0,3,0,0,2,2,N,N,39 57:21.690,75 10:34.388,1242, ,1240, ,0, ,N, ,3, , , , , ,184149, , , ,2,1,0,0,0,0,1,0,0,0,0,0,0,0,0,0,0,0,0,0,1,0,0,0,0,0,0,0,0,0,0,0,0,0,0,0,0,39.956,-75.1762, , 
 ,17260,2016037780,6,67,67301,2016,3,6,2005,20,3,1,0,8,1, , ,N,1,2,0,3,0,1,2,2,N,N,39 56:19.532,75 13:36.735,2012, ,2008,9,2,6, , ,3,Y, , , , ,184151, , , ,1,1,0,0,0,0,0,0,0,1,0,0,1,0,1,0,0,0,0,0,0,0,0,0,0,0,0,0,0,0,0,0,1,0,1,2,0,39.9388,-75.2269, , 
 ,17261,2016044506,6,67,67301,2016,4,3,2247,22,3,1,0,4,1, , ,N,1,2,0,3,0,0,2,2,N, ,40 02:43.041,75 03:38.484,9999, ,2250,9,1,2, , ,3,N, , , , ,184159, , , ,2,2,0,0,0,0,0,0,0,0,0,0,0,0,0,0,0,0,0,0,0,0,0,0,0,0,0,0,0,0,0,0,0,0,0,0,0,40.0453,-75.0607, , 
 ,17262,2016048617,6,67,67301,2016,4,5,1500,15,1,1,0,4,1, , ,N,1,2,0,3,0,2,3,2,N,N,40 02:26.384,75 04:34.268,1620, ,1503, ,0, ,N, ,3, , , , , ,184162, , , ,2,2,0,0,0,0,0,0,0,0,1,1,2,0,0,0,0,0,0,0,0,0,0,0,0,0,0,0,0,0,0,0,0,0,0,3,0,40.0407,-75.0762, , 
 ,17263,2016057270,6,67,67301,2016,5,4,735,7,1,1,1,4,1, , ,N,2,3,0,3,0,1,3,2,N, ,39 57:54.684,75 08:25.634,743, ,738,2,2,2, , ,3,N, , , , ,184173, , , ,2,2,0,0,0,0,0,0,0,0,0,1,1,0,0,0,0,0,0,0,0,0,0,0,0,0,0,0,0,0,0,0,0,0,0,4,0,39.9652,-75.1405, , 
 ,17264,2016058010,6,67,67301,2016,6,3,1230,12,1,1,0,1,1, , ,N,0,2,0,3,0,2,4,3,N,N,40 03:14.461,75 02:55.897,1255, ,1245,3,1,1,N, ,3,N, , , , ,184175, , , ,3,2,0,0,0,1,0,0,0,0,0,0,2,2,0,0,0,0,0,0,2,0,0,0,0,0,0,0,0,0,0,0,0,0,0,8,1,40.054,-75.0489, , 
N,17265,2016062784,6,67,67301,2016,6,1,1,0,3,1,0,8,1,1,2,Y,0,0,0,3,0,1,2,2,N,N,39 58:05.885,75 07:47.387,10,45,6, ,0, , , ,0, ,N,N,N,N,184177,N,Y,N,1,0,0,0,0,0,1,0,0,0,0,0,1,1,0,0,0,0,0,0,0,0,0,0,0,0,0,0,0,0,0,0,1,0,0,8,0,39.9683,-75.1298, , 
 ,17266,2016008610,6,67,67301,2016,1,4,1800,18,3,1,0,1,1, , ,N,1,2,0,3,0,2,3,3,Y,N,40 01:04.608,75 08:57.650,1805, ,1800, ,0, ,N, ,3, , , , , ,184182, , , ,3,2,0,1,0,0,0,0,0,0,0,0,2,2,0,0,0,0,0,0,1,0,1,0,0,0,0,0,0,0,0,0,0,0,0,8,1,40.0179,-75.1493, , 
 ,17267,2016061280,6,67,67301,2016,5,5,334,3,3,1,0,7,3, , ,N,0,0,0,3,0,0,1,1,N,N,39 54:06.629,75 09:06.403,344, ,335, ,0, , , ,0, , , , , ,187418, , , ,1,1,0,0,0,0,0,0,0,0,0,0,0,0,0,0,0,0,0,0,0,0,0,0,0,0,0,0,0,0,0,0,0,0,0,0,0,39.9018,-75.1518, , 
 ,17268,2016068648,6,67,67301,2016,6,7,2308,23,2,1,0,6,1, , ,N,0,0,0,3,0,2,4,2,N, ,40 03:30.692,75 04:43.320,2335, ,2330, ,0, , , ,0, , , , , ,187425, , , ,2,2,0,0,0,0,0,0,0,0,0,0,2,2,0,0,0,0,0,1,0,0,0,2,0,0,0,0,0,0,0,0,0,0,0,8,0,40.0585,-75.0787, , 
 ,17269,2016103370,6,67,67301,2016,10,5,1005,10,1,1,0,5,1, , ,N,0,0,0,3,0,0,4,2,N,N,39 56:10.944,75 11:57.920,1040, ,1006, ,0, , , ,0, , , , , ,187448, , , ,2,1,0,0,0,0,1,0,0,0,0,0,0,0,1,0,0,0,0,0,0,0,0,0,0,0,0,0,0,0,0,0,0,0,0,9,0,39.9364,-75.1994, , 
 ,17270,2016091624,6,67,67301,2016,8,6,2345,23,3,1,0,1,1, , ,N,1,2,0,3,0,4,6,4,N, ,40 03:35.455,75 07:59.822,15, ,9,3,1,3, , ,3,Y, , , , ,187449, , , ,4,3,0,0,0,0,1,0,0,0,0,4,4,0,0,0,0,0,0,0,1,1,0,0,0,0,0,0,0,0,0,0,0,0,0,4,0,40.0598,-75.1334, , 
 ,17271,2016053666,6,67,67301,2016,5,1,1100,11,1,1,0,1,1, , ,N,0,0,0,3,0,0,3,2,N,N,40 02:06.105,75 02:56.738,1115, ,1110, ,0, ,N, ,0, , , , , ,187457, , , ,2,2,0,0,0,0,0,0,0,0,0,0,0,0,0,0,0,0,0,0,2,0,0,0,0,0,0,0,0,0,0,0,0,0,0,0,0,40.035,-75.0491, , 
 ,17272,2016058599,6,67,67301,2016,5,1,1700,17,1,1,0,4,1, , ,N,1,3,0,3,0,1,3,2,N,N,39 55:44.014,75 08:48.098,1710, ,1704, ,0, ,N, ,3, , , , , ,187462, , , ,2,2,0,0,0,0,0,0,0,0,0,0,1,1,0,0,0,0,0,0,0,0,0,0,0,0,0,0,0,0,0,0,0,0,0,8,0,39.9289,-75.1467, , 
 ,17273,2016070664,6,67,67301,2016,6,2,1250,12,1,1,0,4,1, , ,N,2,2,0,3,0,0,2,2,N,N,40 05:04.541,75 01:29.594,1310, ,1250, ,0, ,N, ,3, , , , , ,187475, , , ,2,1,0,0,0,0,1,0,0,0,0,0,0,0,0,0,0,0,0,0,1,0,0,0,0,0,0,0,0,0,0,0,0,0,0,0,0,40.0846,-75.0249, , 
 ,17274,2016097094,6,67,67301,2016,9,6,2323,23,3,1,0,1,1, , ,N,1,2,0,3,0,0,3,4,N,N,40 01:21.712,75 08:00.711,2325, ,2323, ,0, ,N, ,3, , , , , ,187496, , , ,4,1,0,0,1,0,1,1,0,0,0,0,0,0,0,0,0,0,0,0,0,0,0,0,0,0,0,0,0,0,0,0,0,0,0,0,0,40.0227,-75.1335, , 
 ,17275,2016076363,6,67,67301,2016,7,5,1546,15,1,1,0,7,4, , ,N,0,0,2,3,0,0,1,1,N,N,40 00:28.668,75 04:11.277,1617, ,1556,1,1,1, , ,0,Y, , , , ,187508, , , ,1,0,0,0,0,1,0,0,0,0,0,0,0,0,0,0,0,0,0,0,0,0,0,0,0,0,0,0,0,0,0,0,0,0,0,0,1,40.008,-75.0698, , 
 ,17276,2016080817,6,67,67301,2016,7,3,641,6,1,1,0,4,1, , ,N,1,1,0,3,0,3,3,2,N,N,39 57:20.839,75 13:32.687,801, ,758, ,0, ,N, ,2, , , , , ,187518, , , ,2,2,0,0,0,0,0,0,0,0,0,0,3,3,0,0,0,0,0,0,0,0,1,0,0,0,0,0,0,0,0,0,0,0,0,8,0,39.9558,-75.2257, , 