wz_ln_closure,objectid_1,crn,district,county,municipality,crash_year,crash_month,day_of_week,time_of_day,hour_of_day,illumination,weather,road_condition,collision_type,relation_to_road,work_zone_type,work_zone_loc,work_zone_ind,intersect_type,tcd_type,location_type,urban_rural,fatal_count,injury_count,person_count,total_units,sch_bus_ind,sch_zone_ind,latitude,longitude,arrival_tm,cons_zone_spd_lim,dispatch_tm,est_hrs_closed,lane_closed,ln_close_dir,ntfy_hiwy_maint,spec_juris_cd,tcd_func_cd,tfc_detour_ind,workers_pres,wz_close_detour,wz_flagger,wz_law_offcr_ind,objectid,wz_moving,wz_other,wz_shlder_mdn,vehicle_count,automobile_count,motorcycle_count,bus_count,small_truck_count,heavy_truck_count,suv_count,van_count,bicycle_count,maj_inj_count,mod_inj_count,min_inj_count,tot_inj_count,unk_inj_deg_count,unk_inj_per_count,driver_count_16yr,driver_count_17yr,driver_count_18yr,driver_count_19yr,driver_count_20yr,driver_count_50_64yr,driver_count_65_74yr,driver_count_75plus,unbelted_occ_count,unb_death_count,unb_maj_inj_count,belted_death_count,belted_maj_inj_count,mcycle_death_count,mcycle_maj_inj_count,bicycle_death_count,bicycle_maj_inj_count,ped_count,ped_death_count,ped_maj_inj_count,max_severity_level,comm_veh_count,dec_lat,dec_long,rdwy_surf_type_cd,county_name
 ,17543,2016067834,6,67,67301,2016,6,4,1244,12,1,1,0,5,1, , ,N,0,0,0,3,0,2,4,3,N,N,40 00:13.224,75 07:57.676,1301, ,1300, ,0, ,N, ,0, , , , , ,184913, , , ,3,3,0,0,0,0,0,0,0,0,0,2,2,0,0,0,0,0,0,0,0,0,0,0,0,0,0,0,0,0,0,0,0,0,0,4,0,40.0037,-75.1327, , 
 ,17544,2016080176,6,67,67301,2016,7,4,331,3,3,1,0,7,4, , ,N,1,2,0,3,0,1,1,1,N,N,39 59:25.800,75 14:57.070,340, ,337, ,0, , , ,3, , , , , ,184921, , , ,1,1,0,0,0,0,0,0,0,0,0,0,1,1,0,0,0,0,0,0,0,0,0,1,0,0,0,0,0,0,0,0,0,0,0,8,0,39.9905,-75.2492, , 
 ,17545,2016080371,6,67,67301,2016,7,1,1536,15,1,2,0,1,1, , ,N,2,2,0,3,0,2,5,3,N,N,40 00:52.743,75 07:56.330,1545, ,1537,3,1,3, , ,3,N, , , , ,184922, , , ,3,2,0,0,0,0,1,0,0,0,0,2,2,0,0,0,0,0,0,0,2,0,0,0,0,0,0,0,0,0,0,0,0,0,0,4,0,40.0147,-75.1323, , 
 ,17546,2016080398,6,67,67301,2016,6,1,1615,16,1,1,0,4,1, , ,N,1,2,0,3,0,1,2,2,N,N,40 02:22.048,75 04:38.765,1628, ,1628, ,0, , , ,3, , , , , ,184923, , , ,1,1,0,0,0,0,0,0,1,0,0,0,1,1,0,0,0,0,0,0,0,0,0,1,0,0,0,0,0,0,0,0,0,0,0,8,0,40.0394,-75.0774, , 
 ,17547,2016084642,6,67,67301,2016,8,7,1500,15,1,1,0,4,1, , ,N,2,0,0,3,0,2,3,2,N,N,40 04:36.694,74 58:43.813,1550, ,1545, ,0, ,N, ,0, , , , , ,184933, , , ,2,0,0,0,0,0,2,0,0,0,0,2,2,0,0,0,0,0,0,0,0,0,0,0,0,0,0,0,0,0,0,0,0,0,0,4,0,40.0768,-74.9787, , 
 ,17548,2016019360,6,67,67301,2016,2,7,1634,16,1,1,0,7,3, , ,N,0,0,0,3,0,0,1,1,N,N,40 00:38.028,75 03:46.385,1634, ,1634, ,0, , , ,0, , , , , ,184959, , , ,1,1,0,0,0,0,0,0,0,0,0,0,0,0,0,0,0,0,0,0,0,0,0,0,0,0,0,0,0,0,0,0,0,0,0,0,0,40.0106,-75.0629, , 
 ,17549,2016056042,6,67,67301,2016,5,6,1730,17,1,9,1,1,1, , ,N,6,4,2,3,0,0,5,3,N,N,40 06:22.731,74 59:41.839,1735, ,1735,2,1,3,N, ,3,N, , , , ,184997, , , ,3,3,0,0,0,0,0,0,0,0,0,0,0,0,0,0,0,0,0,0,0,1,0,0,0,0,0,0,0,0,0,0,0,0,0,0,0,40.1063,-74.995, , 
 ,17550,2016067852,6,67,67301,2016,5,7,9999,99,1,1,0,7,4, , ,N,0,0,0,3,0,1,1,1,N,N,39 59:32.101,75 06:08.470,1017, ,1015, ,0, ,N, ,0, , , , , ,185005, , , ,1,0,0,0,0,0,1,0,0,0,0,0,1,1,0,0,0,0,0,0,0,0,0,0,0,0,0,0,0,0,0,0,0,0,0,8,0,39.9923,-75.1024, , 
 ,17551,2016080268,6,67,67301,2016,6,5,955,9,1,1,0,4,1, , ,N,1,2,0,3,0,1,3,2,N, ,40 02:34.113,75 03:47.339,1001, ,957, ,0, , , ,3, , , , , ,185015, , , ,2,0,0,0,0,0,2,0,0,0,0,1,1,0,0,0,0,0,0,0,1,0,0,1,0,0,0,0,0,0,0,0,0,0,0,4,0,40.0428,-75.0631, , 
 ,17552,2016080782,6,67,67301,2016,7,6,1155,11,1,1,0,4,1, , ,N,1,2,0,3,0,1,2,2,N, ,40 00:18.388,75 08:47.979,1211, ,1207,2,1,1, , ,3,Y, , , , ,185026, , , ,2,1,0,0,0,0,1,0,0,0,1,0,1,0,0,0,0,0,0,0,0,1,0,1,0,0,0,0,0,0,0,0,0,0,0,3,0,40.0051,-75.1467, , 
 ,17553,2016100606,6,67,67301,2016,9,7,1126,11,1,1,0,4,1, , ,N,0,0,0,3,0,0,2,2,N,N,39 58:05.092,75 07:47.898,1134, ,1126, ,0, , , ,0, , , , , ,185035, , , ,2,0,0,0,0,0,2,0,0,0,0,0,0,0,0,0,0,0,0,0,0,1,0,0,0,0,0,0,0,0,0,0,0,0,0,0,0,39.9681,-75.13, , 
 ,17554,2016125977,6,67,67301,2016,12,5,759,7,1,1,0,4,1, , ,N,1,2,0,3,0,4,38,2,Y,N,40 03:25.695,75 07:44.358,805, ,801,1,1,4,N, ,3,N, , , , ,185044, , , ,2,0,0,1,0,0,1,0,0,0,1,0,4,3,0,0,0,0,0,0,1,0,0,0,0,0,0,0,0,0,0,0,0,0,0,3,1,40.0571,-75.1291, , 
 ,17555,2016063881,6,67,67301,2016,6,6,845,8,1,2,1,4,1, , ,N,1,3,0,3,0,1,3,2,N, ,40 02:51.154,75 09:50.097,915, ,903,1,1,3, , ,3,N, , , , ,185052, , , ,2,2,0,0,0,0,0,0,0,0,0,1,1,0,0,0,0,0,0,0,0,0,0,0,0,0,0,0,0,0,0,0,0,0,0,4,0,40.0475,-75.1639, , 
 ,17556,2016062655,6,67,67301,2016,5,2,346,3,3,2,1,7,3, , ,N,0,0,0,3,0,2,2,1,N, ,40 00:51.198,75 10:42.732,350, ,353, ,0, , , ,0, , , , , ,185057, , , ,1,1,0,0,0,0,0,0,0,0,1,1,2,0,0,0,0,0,0,0,0,0,0,0,0,0,0,0,0,0,0,0,0,0,0,3,0,40.0142,-75.1785, , 
 ,17557,2016084615,6,67,67301,2016,8,5,735,7,1,1,0,4,1, , ,N,1,0,0,3,0,0,2,2,N, ,39 57:30.434,75 09:24.587,745, ,740, ,0, , , ,0, , , , , ,185079, , , ,2,2,0,0,0,0,0,0,0,0,0,0,0,0,0,0,0,0,1,0,0,0,0,2,0,0,0,0,0,0,0,0,0,0,0,0,0,39.9585,-75.1568, , 
 ,17558,2016082297,6,67,67301,2016,7,3,1426,14,1,1,0,1,1, , ,N,5,2,0,3,0,1,3,2,N,N,40 00:48.913,75 04:06.725,1451, ,1451,1,1,2,N, ,3,N, , , , ,185085, , , ,2,1,0,0,0,0,1,0,0,0,0,1,1,0,0,0,0,0,0,0,0,0,0,0,0,0,0,0,0,0,0,0,0,0,0,4,0,40.0136,-75.0685, , 
 ,17559,2016105713,6,67,67301,2016,9,2,1004,10,1,1,0,1,1, , ,N,1,2,0,3,0,1,2,2,N, ,39 55:15.805,75 13:44.269,1012, ,1005,1,2,4, , ,3,N, , , , ,188118, , , ,2,1,0,0,1,0,0,0,0,0,0,1,1,0,0,0,0,0,0,0,0,0,0,0,0,0,0,0,0,0,0,0,0,0,0,4,0,39.921,-75.2289, , 
 ,17560,2016113955,6,67,67301,2016,10,2,839,8,1,1,0,1,1, , ,N,0,0,0,3,0,2,4,2,N,N,39 53:00.216,75 14:40.362,841, ,839,1,1,1, , ,0,N, , , , ,188125, , , ,2,1,0,0,1,0,0,0,0,0,2,0,2,0,0,0,0,0,0,1,0,0,0,0,0,0,0,0,0,0,0,0,0,0,0,3,0,39.8834,-75.2445, , 
 ,17561,2016120471,6,67,67301,2016,10,6,9999,99,1,1,0,4,1, , ,N,2,3,0,3,0,1,2,2,N, ,39 56:23.167,75 14:09.294,1546, ,1542, ,0, , , ,3, , , , , ,188129, , , ,2,2,0,0,0,0,0,0,0,0,0,1,1,0,0,0,1,0,0,0,0,0,0,0,0,0,0,0,0,0,0,0,0,0,0,4,0,39.9398,-75.2359, , 
 ,17562,2016084413,6,67,67301,2016,8,6,1232,12,1,1,0,1,1, , ,N,0,0,0,3,0,2,4,2,N,N,39 57:47.617,75 11:01.242,1257, ,1249,3,1,4, , ,0,N, , , , ,188134, , , ,2,1,0,0,0,0,0,1,0,0,0,0,2,2,1,0,0,0,0,0,1,0,0,0,0,0,0,0,0,0,0,0,0,0,0,8,0,39.9632,-75.1837, , 
 ,17563,2016068660,6,67,67301,2016,6,7,9999,99,3,1,0,2,1, , ,N,0,0,0,3,0,1,2,2,N,N,40 02:35.323,75 04:25.657,321, ,321,2,1,2,N, ,0,N, , , , ,188146, , , ,2,2,0,0,0,0,0,0,0,0,1,0,1,0,1,0,0,0,0,0,0,0,0,0,0,0,0,0,0,0,0,0,0,0,0,3,0,40.0431,-75.0738, , 
 ,17564,2016079417,6,67,67301,2016,7,6,1527,15,1,1,0,1,1, , ,N,0,0,0,3,0,0,2,2,N,N,39 52:41.474,75 15:04.550,1600, ,1533, ,0, , , ,0, , , , , ,188155, , , ,2,1,0,0,0,0,1,0,0,0,0,0,0,0,0,0,0,1,0,0,1,0,0,0,0,0,0,0,0,0,0,0,0,0,0,0,0,39.8782,-75.2513, , 
 ,17565,2016080377,6,67,67301,2016,7,6,1600,16,1,9,0,8,1, , ,N,1,0,0,3,0,1,2,2,N, ,40 02:42.126,75 08:10.723,1736, ,1736, ,0, , , ,0, , , , , ,188158, , , ,1,1,0,0,0,0,0,0,0,0,0,1,1,0,1,0,0,0,0,0,0,0,0,0,0,0,0,0,0,0,0,0,1,0,0,4,0,40.045,-75.1363, , 
 ,17566,2016080660,6,67,67301,2016,7,6,1125,11,1,1,0,4,1, , ,N,1,2,0,3,0,0,5,3,N,N,40 01:33.385,75 07:23.355,1133, ,1126, ,0, ,N, ,3, , , , , ,188159, , , ,3,2,0,0,0,0,0,1,0,0,0,0,0,0,1,0,0,0,0,0,0,0,0,0,0,0,0,0,0,0,0,0,0,0,0,9,0,40.0259,-75.1232, , 
 ,17567,2016096377,6,67,67301,2016,9,7,1447,14,1,1,0,1,1, , ,N,0,0,0,3,0,0,4,2,N,N,40 00:24.611,75 11:57.283,1503, ,1456, ,0, , , ,0, , , , , ,188161, , , ,2,1,0,0,0,0,0,1,0,0,0,0,0,0,0,0,0,0,1,0,1,0,0,0,0,0,0,0,0,0,0,0,0,0,0,0,0,40.0068,-75.1992, , 
 ,17568,2016084640,6,67,67301,2016,8,4,9999,99,1,1,0,4,1, , ,N,5,2,0,3,0,1,2,2,N,N,40 00:06.739,75 10:04.299,1351, ,1332, ,0, , , ,3, , , , , ,188163, , , ,2,1,1,0,0,0,0,0,0,0,1,0,1,0,0,0,0,0,0,0,0,0,0,1,0,0,0,0,0,0,0,0,0,0,0,3,0,40.0019,-75.1679, , 
 ,17569,2016080426,6,67,67301,2016,7,3,855,8,1,1,0,4,1, , ,N,1,3,0,3,0,0,2,2,N,N,39 59:08.257,75 12:47.353,904, ,855, ,0, ,N, ,3, , , , , ,188165, , , ,2,1,0,0,0,0,1,0,0,0,0,0,0,0,1,0,0,0,0,0,1,0,0,0,0,0,0,0,0,0,0,0,0,0,0,9,0,39.9856,-75.2132, , 
 ,17570,2016087223,6,67,67301,2016,7,1,1530,15,1,1,0,4,1, , ,N,1,2,0,3,0,1,3,2,N,N,39 57:20.206,75 12:52.512,1600, ,1530, ,0, ,Y, ,2, , , , , ,188166, , , ,2,0,0,0,0,0,1,1,0,0,0,0,1,1,0,0,0,0,0,0,1,0,0,0,0,0,0,0,0,0,0,0,0,0,0,8,0,39.9556,-75.2146, , 
 ,17571,2016080157,6,67,67301,2016,6,4,1235,12,1,1,0,1,1, , ,N,0,0,0,3,0,0,2,2,N,N,40 00:58.533,75 10:32.055,1243, ,1237, ,0, ,N, ,0, , , , , ,188200, , , ,2,1,0,0,0,0,1,0,0,0,0,0,0,0,0,0,0,0,0,0,1,0,0,0,0,0,0,0,0,0,0,0,0,0,0,0,0,40.0163,-75.1756, , 
 ,17572,2016080614,6,67,67301,2016,7,5,1456,14,1,1,0,4,1, , ,N,2,3,0,3,0,1,2,2,N,N,40 04:23.401,75 09:29.267,1516, ,1513, ,0, ,N, ,3, , , , , ,188201, , , ,2,1,0,0,0,0,1,0,0,0,0,1,1,0,0,0,0,0,0,1,0,0,0,0,0,0,0,0,0,0,0,0,0,0,0,4,0,40.0732,-75.1581, , 
 ,17573,2016082291,6,67,67301,2016,8,2,1240,12,1,1,0,7,5, , ,N,0,0,0,3,0,1,1,1,N,N,40 04:52.662,75 10:18.555,1255, ,1250, ,0, ,N, ,0, , , , , ,188205, , , ,1,1,0,0,0,0,0,0,0,0,0,1,1,0,0,0,0,0,0,0,0,0,1,0,0,0,0,0,0,0,0,0,0,0,0,4,0,40.0813,-75.1718, , 
 ,17574,2016120642,6,67,67301,2016,11,5,1450,14,1,1,0,8,1, , ,N,0,0,0,3,0,1,2,2,N, ,39 59:50.888,75 08:22.906,1455, ,1455, ,0, , , ,0, , , , , ,188227, , , ,1,1,0,0,0,0,0,0,0,0,0,1,1,0,0,0,0,0,0,0,0,0,0,1,0,0,0,0,0,0,0,0,1,0,0,4,0,39.9975,-75.1397, , 
 ,17575,2016051116,6,46,46102,2016,5,6,624,6,1,1,0,4,1, , ,N,1,2,0,3,0,2,2,2,N,N,40 04:18.194,75 09:14.605,650, ,647,3,1,2,N, ,3,N, , , , ,188228, , , ,2,0,0,0,1,0,1,0,0,0,0,0,2,2,0,0,0,0,0,0,1,0,0,0,0,0,0,0,0,0,0,0,0,0,0,8,0,40.0717,-75.1541, , 
 ,17576,2016097671,6,67,67301,2016,8,4,2207,22,3,1,0,5,1, , ,N,0,0,0,3,0,0,2,2,N,N,39 54:09.944,75 12:01.335,2236, ,2218, ,0, ,N, ,0, , , , , ,188237, , , ,2,2,0,0,0,0,0,0,0,0,0,0,0,0,2,0,0,0,0,0,0,0,0,0,0,0,0,0,0,0,0,0,0,0,0,9,0,39.9028,-75.2004, , 
 ,17577,2016097744,6,67,67301,2016,9,7,455,4,3,1,0,4,1, , ,N,1,2,0,3,0,0,2,2,N,N,39 57:44.805,75 09:40.991,509, ,459,2,1,1, , ,3,N, , , , ,190092, , , ,2,1,0,0,1,0,0,0,0,0,0,0,0,0,0,0,0,0,0,0,1,0,0,0,0,0,0,0,0,0,0,0,0,0,0,0,0,39.9623,-75.1613, , 
 ,17578,2016117870,6,67,67301,2016,11,3,1819,18,3,1,0,1,1, , ,N,0,0,0,3,0,1,3,3,N,N,39 59:49.447,75 11:47.638,1854, ,1839,2,2,3, , ,0,Y, , , , ,190094, , , ,3,3,0,0,0,0,0,0,0,0,1,0,1,0,0,0,0,0,1,0,0,0,0,0,0,0,0,0,0,0,0,0,0,0,0,3,0,39.9971,-75.1966, , 
 ,17579,2016105531,6,67,67301,2016,10,7,28,0,3,2,1,1,1, , ,N,1,2,0,3,0,0,4,2,N, ,39 59:39.070,75 06:41.033,28, ,28,2,1,4, , ,3,N, , , , ,190096, , , ,2,0,0,0,0,0,2,0,0,0,0,0,0,0,4,0,0,0,0,0,0,0,0,1,0,0,0,0,0,0,0,0,0,0,0,9,0,39.9942,-75.1114, , 
 ,17580,2016065680,6,67,67301,2016,6,6,2120,21,3,1,0,1,1, , ,N,1,2,0,3,0,1,4,2,N,N,40 00:05.705,75 09:10.074,2120, ,2120, ,0, ,N, ,3, , , , , ,190110, , , ,2,0,0,0,0,0,2,0,0,0,0,1,1,0,0,0,0,0,0,0,0,0,0,0,0,0,0,0,0,0,0,0,0,0,0,4,0,40.0016,-75.1528, , 
 ,17581,2016105694,6,67,67301,2016,9,6,1630,16,1,1,0,4,1, , ,N,2,3,0,3,0,1,2,2,N, ,40 03:09.341,75 00:08.484,1648, ,1640, ,0, , , ,3, , , , , ,190143, , , ,1,1,0,0,0,0,0,0,1,0,0,1,1,0,0,0,0,0,0,0,1,0,0,0,0,0,0,0,0,0,0,0,0,0,0,4,0,40.0526,-75.0024, , 
 ,17582,2016052826,6,67,67301,2016,5,3,1220,12,1,2,1,5,6, , ,N,0,0,0,3,0,1,1,3,N,N,40 02:43.778,75 01:54.976,1225, ,1223, ,0, ,N, ,0, , , , , ,190157, , , ,3,2,0,0,0,0,1,0,0,0,0,1,1,0,0,0,0,0,0,0,1,0,0,0,0,0,0,0,0,0,0,0,0,0,0,4,0,40.0455,-75.0319, , 
 ,17583,2016066534,6,67,67301,2016,6,5,341,3,3,1,0,1,1, , ,N,0,0,0,3,0,2,2,2,N,N,39 52:34.909,75 15:23.971,346, ,341, ,0, , , ,0, , , , , ,190168, , , ,2,2,0,0,0,0,0,0,0,0,0,0,2,2,0,0,0,0,0,1,0,0,0,0,0,0,0,0,0,0,0,0,0,0,0,8,0,39.8764,-75.2567, , 
 ,17584,2016080229,6,67,67301,2016,7,5,1055,10,1,1,0,7,4, , ,N,0,0,0,3,0,1,1,1,N,N,40 04:03.470,75 00:31.406,1105, ,1100,3,1,1,N, ,0,N, , , , ,190181, , , ,1,1,0,0,0,0,0,0,0,1,0,0,1,0,0,0,0,0,0,0,1,0,0,0,0,0,0,0,0,0,0,0,0,0,0,2,0,40.0676,-75.0087, , 
 ,17585,2016092132,6,67,67301,2016,8,1,1447,14,1,2,1,1,1, , ,N,0,0,0,3,0,0,2,2,N, ,40 04:00.461,75 14:23.843,1500, ,1456,2,1,1, , ,0,N, , , , ,190194, , , ,2,2,0,0,0,0,0,0,0,0,0,0,0,0,0,0,0,0,0,0,2,0,0,2,0,0,0,0,0,0,0,0,0,0,0,0,0,40.0668,-75.24, , 
 ,17586,2016097647,6,67,67301,2016,8,6,2000,20,4,1,0,4,1, , ,N,1,0,7,3,0,4,4,2,N,N,39 57:15.358,75 08:22.158,2018, ,2002,1,1,1,N, ,0,N, , , , ,190195, , , ,2,1,0,0,0,0,1,0,0,0,0,0,4,4,0,0,0,0,0,0,0,1,0,0,0,0,0,0,0,0,0,0,0,0,0,8,0,39.9543,-75.1395, , 
 ,17587,2016071101,6,67,67301,2016,6,5,830,8,1,2,1,4,1, , ,N,1,2,0,3,0,0,4,2,N,N,39 55:06.954,75 13:33.265,851, ,851, ,0, ,N, ,3, , , , , ,190208, , , ,2,2,0,0,0,0,0,0,0,0,0,0,0,0,0,0,0,1,0,0,0,0,0,0,0,0,0,0,0,0,0,0,0,0,0,0,0,39.9185,-75.2259, , 
 ,17588,2016073475,6,67,67301,2016,7,5,635,6,1,1,1,1,1, , ,N,0,0,0,3,0,0,5,3,N,N,39 58:49.095,75 12:19.946,642, ,637,1,1,3, , ,0,N, , , , ,190210, , , ,3,2,0,0,0,1,0,0,0,0,0,0,0,0,0,0,0,0,0,0,2,0,0,0,0,0,0,0,0,0,0,0,0,0,0,0,1,39.9803,-75.2055, , 
 ,17589,2016071112,6,67,67301,2016,6,3,2330,23,3,1,0,4,1, , ,N,1,2,0,3,0,0,2,2,N, ,39 54:33.696,75 09:40.053,32, ,20, ,0, , , ,3, , , , , ,190217, , , ,2,2,0,0,0,0,0,0,0,0,0,0,0,0,1,0,0,0,0,0,0,0,0,1,0,0,0,0,0,0,0,0,0,0,0,9,0,39.9094,-75.1611, , 
 ,17590,2016072944,6,67,67301,2016,7,4,2127,21,3,1,0,1,1, , ,N,6,4,2,3,0,2,4,2,N,N,39 56:44.167,75 11:25.033,2138, ,2127,2,2,4, , ,3,N, , , , ,190221, , , ,2,2,0,0,0,0,0,0,0,0,0,2,2,0,0,0,0,0,0,0,0,0,0,0,0,0,0,0,0,0,0,0,0,0,0,4,0,39.9456,-75.1903, , 
 ,17591,2016097714,6,67,67301,2016,9,1,2227,22,3,1,0,4,1, , ,N,1,2,0,3,0,2,2,2,N,N,40 02:44.296,75 07:42.511,2235, ,2228,2,2,5, , ,3,Y, , , , ,190238, , , ,1,0,1,0,0,0,0,0,1,0,1,1,2,0,0,0,0,0,0,0,0,0,0,0,0,0,0,0,0,0,0,0,0,0,0,3,0,40.0456,-75.1285, , 
 ,17592,2016080111,6,67,67301,2016,6,3,1647,16,1,1,0,8,1, , ,N,0,0,0,3,0,1,2,2,N, ,39 58:27.018,75 13:45.584,9999, ,9999, ,0, , , ,0, , , , , ,190265, , , ,1,1,0,0,0,0,0,0,0,0,1,0,1,0,0,0,0,0,0,0,0,0,0,1,0,0,0,0,0,0,0,0,1,0,0,3,0,39.9742,-75.2293, , 
 ,17593,2016081722,6,67,67301,2016,7,6,240,2,3,1,1,7,4, , ,N,0,0,0,3,0,0,1,1,N,N,40 02:08.179,75 01:00.917,243, ,242, ,0, , , ,0, , , , , ,190266, , , ,1,1,0,0,0,0,0,0,0,0,0,0,0,0,0,0,0,0,0,1,0,0,0,0,0,0,0,0,0,0,0,0,0,0,0,0,0,40.0356,-75.0169, , 
 ,17594,2016096346,6,67,67301,2016,9,4,1930,19,3,1,0,5,1, , ,N,6,4,2,3,0,0,2,2,N,N,39 56:55.117,75 11:09.395,1945, ,1930,1,2,4, , ,3,N, , , , ,190273, , , ,2,0,0,0,0,1,1,0,0,0,0,0,0,0,0,0,0,0,0,0,0,0,0,0,0,0,0,0,0,0,0,0,0,0,0,0,1,39.9486,-75.1859, , 
 ,17595,2016038238,6,67,67301,2016,4,7,215,2,3,1,0,7,2, , ,N,0,0,0,3,0,0,1,1,N,N,39 57:10.357,75 08:27.541,222, ,216,2,1,1, , ,0,N, , , , ,182085, , , ,1,0,0,0,0,0,1,0,0,0,0,0,0,0,0,0,0,0,0,0,0,0,0,0,0,0,0,0,0,0,0,0,0,0,0,0,0,39.9529,-75.141, , 
 ,17596,2016048615,6,67,67301,2016,4,2,1613,16,1,1,0,1,1, , ,N,0,0,0,3,0,1,2,2,N,N,40 03:18.025,75 05:08.997,1617, ,1614,1,2,5,N, ,0,Y, , , , ,182096, , , ,2,0,1,0,0,0,1,0,0,0,1,0,1,0,0,0,0,0,0,0,1,1,0,0,0,0,0,0,0,0,0,0,0,0,0,3,0,40.055,-75.0858, , 
 ,17597,2016053761,6,67,67301,2016,5,6,255,2,3,1,0,4,1, , ,N,1,2,0,3,0,2,3,2,N,N,39 55:49.693,75 10:06.289,303, ,300, ,0, , , ,3, , , , , ,182100, , , ,2,1,0,0,0,0,1,0,0,0,0,2,2,0,0,0,0,0,0,0,1,0,0,0,0,0,0,0,0,0,0,0,0,0,0,4,0,39.9305,-75.1683, , 
 ,17598,2016062576,6,67,67301,2016,5,4,2350,23,3,1,0,5,6, , ,N,0,0,0,3,0,1,1,3,N,N,40 00:19.931,75 08:49.154,2, ,2359, ,0, ,N, ,0, , , , , ,182105, , , ,3,1,0,0,1,0,1,0,0,0,0,1,1,0,0,0,0,0,0,0,0,0,0,0,0,0,0,0,0,0,0,0,0,0,0,4,0,40.0055,-75.147, , 
 ,17599,2016084206,6,67,67301,2016,8,4,909,9,1,1,0,1,1, , ,N,0,0,0,3,0,3,4,2,N,N,39 58:59.990,75 05:54.075,932, ,909, ,0, , , ,0, , , , , ,182125, , , ,2,1,0,0,0,1,0,0,0,1,0,0,3,2,0,0,0,0,0,0,0,0,0,0,0,0,0,1,0,0,0,0,0,0,0,2,1,39.9833,-75.0984, , 
 ,17600,2016089907,6,67,67301,2016,8,2,758,7,1,1,0,4,1, , ,N,0,0,7,3,0,1,2,2,N,N,40 02:49.941,75 07:30.972,815, ,813,2,2,1,N, ,0,N, , , , ,182131, , , ,2,1,0,0,0,1,0,0,0,0,0,1,1,0,0,0,0,0,0,0,1,0,0,1,0,0,0,0,0,0,0,0,0,0,0,4,1,40.0472,-75.1253, , 
 ,17601,2016091637,6,67,67301,2016,8,7,1230,12,1,1,0,1,1, , ,N,2,2,2,3,0,1,2,2,N, ,40 00:01.228,75 05:01.679,1330, ,1320, ,0, , , ,3, , , , , ,182135, , , ,2,2,0,0,0,0,0,0,0,0,0,0,1,1,0,0,0,0,0,0,0,0,0,0,0,0,0,0,0,0,0,0,0,0,0,8,0,40.0003,-75.0837, , 
 ,17602,2016092191,6,67,67301,2016,8,3,711,7,1,1,0,4,1, , ,N,1,2,0,3,0,1,2,2,N,N,40 02:11.493,75 10:49.407,715, ,712, ,0, ,N, ,3, , , , , ,182140, , , ,2,1,0,0,1,0,0,0,0,0,0,0,1,1,0,0,0,0,0,0,0,0,0,0,0,0,0,0,0,0,0,0,0,0,0,8,0,40.0365,-75.1804, , 
 ,17603,2016097756,6,67,67301,2016,9,4,1320,13,1,1,0,8,6, , ,N,0,0,0,3,0,2,3,3,N, ,39 59:57.100,75 10:00.400,1329, ,1326, ,0, , , ,0, , , , , ,182145, , , ,2,2,0,0,0,0,0,0,0,0,1,1,2,0,0,0,0,0,0,0,0,1,0,0,0,0,0,0,0,0,0,0,1,0,0,3,0,39.9992,-75.1668, , 
 ,17604,2016058523,6,67,67301,2016,5,4,114,1,3,1,0,5,1, , ,N,0,0,0,3,0,0,2,2,N,N,40 00:37.062,75 11:07.891,125, ,117, ,0, ,N, ,0, , , , , ,182163, , , ,2,2,0,0,0,0,0,0,0,0,0,0,0,0,0,0,0,0,0,0,0,0,0,0,0,0,0,0,0,0,0,0,0,0,0,0,0,40.0103,-75.1855, , 
 ,17605,2016062513,6,67,67301,2016,5,4,2105,21,3,1,0,4,1, , ,N,0,0,7,3,0,2,3,2,N,N,39 59:31.891,75 11:41.014,2120, ,2107,2,2,2,N, ,0,Y, , , , ,182166, , , ,2,1,1,0,0,0,0,0,0,1,1,0,2,0,0,0,0,0,0,0,0,1,0,0,0,0,0,0,0,1,0,0,0,0,0,2,0,39.9922,-75.1947, , 
 ,17606,2016065681,6,67,67301,2016,6,7,1240,12,1,1,0,4,1, , ,N,1,3,0,3,0,0,6,2,N, ,40 01:06.992,75 10:59.131,1250, ,1249,2,2,4, , ,3,Y, , , , ,182170, , , ,2,2,0,0,0,0,0,0,0,0,0,0,0,0,0,0,0,0,0,0,0,0,0,1,0,0,0,0,0,0,0,0,0,0,0,0,0,40.0186,-75.1831, , 
 ,17607,2016089942,6,67,67301,2016,8,7,1305,13,1,1,0,4,1, , ,N,1,3,0,3,0,1,2,2,N,N,39 58:51.780,75 15:17.060,1308, ,1305, ,0, ,N, ,3, , , , , ,182196, , , ,2,2,0,0,0,0,0,0,0,0,0,0,1,1,0,0,0,0,0,0,1,0,0,0,0,0,0,0,0,0,0,0,0,0,0,8,0,39.9811,-75.2547, , 
 ,17608,2016105956,6,67,67301,2016,9,2,1212,12,1,2,1,1,1, , ,N,0,0,0,3,0,1,3,2,N,N,40 02:45.258,74 59:40.403,1220, ,1212, ,0, ,N, ,0, , , , , ,182200, , , ,2,1,0,0,0,0,1,0,0,0,0,1,1,0,0,0,0,0,0,0,2,0,0,0,0,0,0,0,0,0,0,0,0,0,0,4,0,40.0459,-74.9946, , 
 ,17609,2016051281,6,67,67301,2016,4,2,1900,19,1,1,0,7,4, , ,N,0,0,3,3,0,0,2,1,N,N,40 00:40.008,75 10:04.231,1925, ,1915, ,0, ,N, ,0, , , , , ,182206, , , ,1,1,0,0,0,0,0,0,0,0,0,0,0,0,0,0,0,0,0,0,0,0,0,0,0,0,0,0,0,0,0,0,0,0,0,0,0,40.0111,-75.1678, , 