wz_ln_closure,objectid_1,crn,district,county,municipality,crash_year,crash_month,day_of_week,time_of_day,hour_of_day,illumination,weather,road_condition,collision_type,relation_to_road,work_zone_type,work_zone_loc,work_zone_ind,intersect_type,tcd_type,location_type,urban_rural,fatal_count,injury_count,person_count,total_units,sch_bus_ind,sch_zone_ind,latitude,longitude,arrival_tm,cons_zone_spd_lim,dispatch_tm,est_hrs_closed,lane_closed,ln_close_dir,ntfy_hiwy_maint,spec_juris_cd,tcd_func_cd,tfc_detour_ind,workers_pres,wz_close_detour,wz_flagger,wz_law_offcr_ind,objectid,wz_moving,wz_other,wz_shlder_mdn,vehicle_count,automobile_count,motorcycle_count,bus_count,small_truck_count,heavy_truck_count,suv_count,van_count,bicycle_count,maj_inj_count,mod_inj_count,min_inj_count,tot_inj_count,unk_inj_deg_count,unk_inj_per_count,driver_count_16yr,driver_count_17yr,driver_count_18yr,driver_count_19yr,driver_count_20yr,driver_count_50_64yr,driver_count_65_74yr,driver_count_75plus,unbelted_occ_count,unb_death_count,unb_maj_inj_count,belted_death_count,belted_maj_inj_count,mcycle_death_count,mcycle_maj_inj_count,bicycle_death_count,bicycle_maj_inj_count,ped_count,ped_death_count,ped_maj_inj_count,max_severity_level,comm_veh_count,dec_lat,dec_long,rdwy_surf_type_cd,county_name
 ,17809,2016080249,6,67,67301,2016,6,1,607,6,1,1,0,2,6, , ,N,0,0,0,3,0,0,1,2,N,N,39 58:19.904,75 15:01.219,609, ,609,2,2,6, , ,0,Y, , , , ,190365, , , ,2,0,0,0,0,1,1,0,0,0,0,0,0,0,0,0,0,0,0,0,0,0,0,0,0,0,0,0,0,0,0,0,0,0,0,0,1,39.9722,-75.2503, , 
 ,17810,2016080405,6,67,67301,2016,6,6,1315,13,1,1,0,8,1, , ,N,0,0,0,3,0,1,2,2,N,N,39 59:04.010,75 09:45.969,1320, ,1320, ,0, ,N, ,0, , , , , ,190366, , , ,1,1,0,0,0,0,0,0,0,0,0,1,1,0,0,0,0,0,0,0,1,0,0,0,0,0,0,0,0,0,0,0,1,0,0,4,0,39.9844,-75.1628, , 
 ,17811,2016080793,6,67,67301,2016,7,6,306,3,3,1,0,4,1, , ,N,2,2,0,3,0,2,3,2,N, ,39 58:24.815,75 12:31.882,425, ,418, ,0, , , ,3, , , , , ,190367, , , ,2,1,0,0,0,0,0,1,0,0,0,0,2,2,0,0,0,0,0,1,0,0,0,1,0,0,0,0,0,0,0,0,0,0,0,8,0,39.9736,-75.2089, , 
 ,17812,2016084590,6,67,67301,2016,8,2,1420,14,1,1,0,4,1, , ,N,3,2,0,3,0,1,3,2,N, ,40 02:16.795,75 05:19.253,1625, ,1620,9,1,3, , ,3,N, , , , ,190374, , , ,2,2,0,0,0,0,0,0,0,0,0,1,1,0,1,0,0,0,1,0,1,0,0,1,0,0,0,0,0,0,0,0,0,0,0,4,0,40.038,-75.0887, , 
N,17813,2016061348,6,67,67301,2016,5,3,623,6,1,1,0,1,1,1,4,Y,0,0,2,3,0,1,2,2,N,N,39 59:54.201,75 04:53.150,719,45,629, ,0, , , ,0, ,Y,N,N,N,190410,N,N,Y,2,2,0,0,0,0,0,0,0,0,1,0,1,0,0,0,0,0,0,0,1,0,0,0,0,0,0,0,0,0,0,0,0,0,0,3,0,39.9984,-75.0814, , 
 ,17814,2016091910,6,67,67301,2016,9,7,1927,19,3,1,0,1,1, , ,N,0,0,0,3,0,1,2,2,N,N,39 56:44.152,75 11:24.268,1945, ,1931, ,0, , , ,0, , , , , ,182657, , , ,2,1,0,0,0,0,0,0,0,0,0,0,1,1,1,0,0,0,0,0,0,0,0,0,0,0,0,0,0,0,0,0,0,0,0,8,0,39.9456,-75.1901, , 
 ,17815,2016087166,6,67,67301,2016,8,1,324,3,3,1,0,5,1, , ,N,1,2,0,3,0,1,3,2,N,N,39 56:26.915,75 09:57.820,335, ,328,1,2,1,N, ,3,N, , , , ,182664, , , ,2,2,0,0,0,0,0,0,0,0,0,1,1,0,0,0,0,0,0,0,1,0,0,1,0,0,0,0,0,0,0,0,0,0,0,4,0,39.9408,-75.1661, , 
 ,17816,2016129267,6,67,67301,2016,11,3,2023,20,3,1,0,4,1, , ,N,1,3,0,3,0,3,5,2,N,N,40 00:25.423,75 08:49.221,2025, ,2025, ,0, , , ,3, , , , , ,182684, , , ,2,2,0,0,0,0,0,0,0,0,0,0,3,3,0,0,0,0,0,0,0,0,0,3,0,0,0,0,0,0,0,0,0,0,0,8,0,40.0071,-75.147, , 
 ,17817,2016074886,6,67,67301,2016,7,2,1620,16,1,1,0,4,1, , ,N,1,2,0,3,0,1,2,2,N,N,39 57:10.097,75 11:31.542,1624, ,1622, ,0, ,N, ,3, , , , , ,182693, , , ,2,2,0,0,0,0,0,0,0,0,0,0,1,1,0,0,0,0,0,0,1,0,0,0,0,0,0,0,0,0,0,0,0,0,0,8,0,39.9528,-75.1921, , 
 ,17818,2016080080,6,67,67301,2016,7,4,2119,21,3,1,0,4,1, , ,N,0,0,7,3,0,1,5,2,N,N,40 00:27.219,75 07:33.936,2125, ,2121, ,0, ,N, ,0, , , , , ,182703, , , ,2,0,1,0,0,0,1,0,0,0,1,0,1,0,0,0,0,0,0,0,0,0,0,4,0,0,0,0,0,0,0,0,0,0,0,3,0,40.0076,-75.1261, , 
 ,17819,2016082442,6,67,67301,2016,7,6,941,9,1,1,0,1,1, , ,N,0,0,0,3,0,0,2,2,N,N,40 00:36.811,75 12:24.710,951, ,941,1,2,4, , ,0,N, , , , ,182705, , , ,2,0,0,0,1,1,0,0,0,0,0,0,0,0,0,0,0,0,0,0,1,0,0,0,0,0,0,0,0,0,0,0,0,0,0,0,1,40.0102,-75.2069, , 
 ,17820,2016080579,6,67,67301,2016,7,2,9999,99,1,1,0,4,1, , ,N,1,2,0,3,0,1,2,2,N, ,39 59:39.070,75 06:41.033,9999, ,1938, ,0, , , ,3, , , , , ,182707, , , ,2,1,0,0,0,0,1,0,0,0,0,0,1,1,1,0,0,0,0,0,0,0,0,1,0,0,0,0,0,0,0,0,0,0,0,8,0,39.9942,-75.1114, , 
 ,17821,2016080456,6,67,67301,2016,7,2,1130,11,1,1,0,4,1, , ,N,1,2,3,3,0,2,2,2,N,N,40 01:12.586,75 09:01.958,1145, ,1139, ,0, ,N, ,3, , , , , ,182708, , , ,2,2,0,0,0,0,0,0,0,0,0,2,2,0,0,0,0,0,0,0,0,1,0,0,0,0,0,0,0,0,0,0,0,0,0,4,0,40.0202,-75.1505, , 
 ,17822,2016105554,6,67,67301,2016,9,4,120,1,3,1,0,5,6, , ,N,0,0,0,3,0,0,1,2,N,N,39 59:39.084,75 10:07.168,155, ,150, ,0, ,N, ,0, , , , , ,182720, , , ,2,1,0,0,0,0,1,0,0,0,0,0,0,0,0,0,0,0,0,0,0,0,0,0,0,0,0,0,0,0,0,0,0,0,0,0,0,39.9942,-75.1687, , 
 ,17823,2016105853,6,67,67301,2016,9,2,852,8,1,2,1,4,1, , ,N,0,0,7,3,0,0,2,2,N,N,39 54:50.840,75 09:02.882,908, ,852, ,0, ,N, ,0, , , , , ,182722, , , ,2,1,0,0,0,0,1,0,0,0,0,0,0,0,0,0,0,0,0,0,0,0,0,0,0,0,0,0,0,0,0,0,0,0,0,0,0,39.9141,-75.1508, , 
Y,17824,2016086385,6,67,67301,2016,6,1,2343,23,3,1,0,7,4,1,4,Y,0,8,0,3,0,0,2,1,N,N,39 59:42.861,75 05:00.016,2354,45,2346, ,0, , , ,3, ,N,N,N,N,182749,N,N,Y,1,0,0,0,0,0,0,1,0,0,0,0,0,0,0,0,0,0,0,0,1,0,0,0,0,0,0,0,0,0,0,0,0,0,0,0,0,39.9952,-75.0833, , 
 ,17825,2016080130,6,67,67301,2016,7,2,1440,14,1,1,0,8,1, , ,N,10,3,0,3,0,1,2,2,N,N,40 00:59.612,75 06:27.759,1720, ,1720, ,0, ,N, ,2, , , , , ,182751, , , ,1,1,0,0,0,0,0,0,0,0,1,0,1,0,1,0,0,0,0,0,0,0,0,0,0,0,0,0,0,0,0,0,1,0,0,3,0,40.0166,-75.1077, , 
 ,17826,2016097603,6,67,67301,2016,8,3,1433,14,1,1,0,4,1, , ,N,1,2,0,3,0,1,3,2,N,N,40 04:37.974,75 05:07.026,1525, ,1510,1,1,6,N, ,3,N, , , , ,182763, , , ,2,1,1,0,0,0,0,0,0,0,1,0,1,0,0,0,0,0,0,0,1,0,0,1,0,0,0,0,0,0,0,0,0,0,0,3,0,40.0772,-75.0853, , 
 ,17827,2016105494,6,67,67301,2016,9,6,1104,11,1,2,1,4,1, , ,N,1,2,0,3,0,1,4,3,N, ,40 05:18.096,75 02:38.680,1104, ,1104, ,0, , , ,3, , , , , ,182771, , , ,3,2,0,0,0,0,1,0,0,0,0,1,1,0,0,0,0,0,0,0,2,0,0,0,0,0,0,0,0,0,0,0,0,0,0,4,0,40.0884,-75.044, , 
 ,17828,2016108615,6,67,67301,2016,10,5,1725,17,1,1,0,8,1, , ,N,1,3,0,3,0,1,2,2,N,N,40 01:50.894,75 12:33.983,1742, ,1738, ,0, ,N, ,3, , , , , ,182774, , , ,1,0,0,0,0,0,1,0,0,0,0,1,1,0,0,0,0,0,0,0,0,0,0,0,0,0,0,0,0,0,0,0,1,0,0,4,0,40.0308,-75.2094, , 
 ,17829,2016105646,6,67,67301,2016,9,5,1600,16,1,1,0,8,1, , ,N,0,0,0,3,0,1,2,2,N, ,40 01:30.348,75 07:21.935,1840, ,1830, ,0, , , ,0, , , , , ,182776, , , ,1,0,0,0,0,0,0,0,0,0,0,1,1,0,0,0,0,0,0,0,0,0,0,0,0,0,0,0,0,0,0,0,1,0,0,4,0,40.0251,-75.1228, , 
 ,17830,2016097726,6,67,67301,2016,9,4,1705,17,1,1,0,4,1, , ,N,1,3,0,3,0,0,5,3,N,N,39 58:10.182,75 12:12.355,1716, ,1712, ,0, ,N, ,3, , , , , ,182778, , , ,3,3,0,0,0,0,0,0,0,0,0,0,0,0,0,0,0,0,0,0,0,0,0,0,0,0,0,0,0,0,0,0,0,0,0,0,0,39.9695,-75.2034, , 
 ,17831,2016007851,6,67,67301,2016,1,6,2313,23,3,1,0,5,1, , ,N,0,0,0,3,0,0,2,2,N,N,39 56:53.836,75 11:11.900,2342, ,2315, ,0, , , ,0, , , , , ,182787, , , ,2,0,0,0,0,1,1,0,0,0,0,0,0,0,0,0,0,0,0,0,1,0,0,0,0,0,0,0,0,0,0,0,0,0,0,0,1,39.9483,-75.1866, , 
 ,17832,2016066515,6,67,67301,2016,5,7,839,8,1,1,0,1,1, , ,N,0,0,0,3,0,0,2,2,N,N,39 59:03.209,75 05:47.004,846, ,840,1,1,2, , ,0,N, , , , ,185546, , , ,2,2,0,0,0,0,0,0,0,0,0,0,0,0,1,0,0,0,0,0,0,0,0,0,0,0,0,0,0,0,0,0,0,0,0,9,0,39.9842,-75.0964, , 
 ,17833,2016080910,6,67,67301,2016,6,1,9999,99,1,1,0,1,1, , ,N,0,0,0,3,0,4,5,2,N, ,40 07:13.202,75 00:36.043,1705, ,1657,9,1,3, , ,0,N, , , , ,185556, , , ,2,1,0,0,0,0,1,0,0,0,0,4,4,0,0,0,0,0,0,1,0,0,0,0,0,0,0,0,0,0,0,0,0,0,0,4,0,40.1203,-75.01, , 
 ,17834,2016081000,6,46,46105,2016,8,1,847,8,1,1,0,4,1, , ,N,1,2,0,3,0,0,2,2,N,N,40 07:45.170,75 01:29.764,853, ,847, ,0, , , ,3, , , , , ,185557, , , ,2,2,0,0,0,0,0,0,0,0,0,0,0,0,0,0,0,0,0,0,0,0,1,0,0,0,0,0,0,0,0,0,0,0,0,0,0,40.129,-75.0252, , 
 ,17835,2016084733,6,67,67301,2016,8,5,2321,23,3,1,0,1,1, , ,N,0,0,0,3,0,2,5,3,N,N,39 55:56.917,75 12:00.068,2321, ,2321, ,0, , , ,0, , , , , ,185558, , , ,3,1,0,0,0,0,1,0,0,0,1,0,2,1,0,0,0,0,0,1,0,0,0,0,0,0,0,0,0,0,0,0,0,0,0,3,0,39.9325,-75.2, , 
 ,17836,2016097196,6,67,67301,2016,8,1,2229,22,3,1,0,1,1, , ,N,0,0,3,3,0,1,2,2,N,N,39 54:07.805,75 12:06.106,2259, ,2247, ,0, ,N, ,0, , , , , ,185561, , , ,2,2,0,0,0,0,0,0,0,0,0,1,1,0,0,0,0,0,0,0,0,0,0,0,0,0,0,0,0,0,0,0,0,0,0,4,0,39.9022,-75.2017, , 
 ,17837,2016105575,6,67,67301,2016,9,6,1256,12,1,1,0,5,1, , ,N,0,0,0,3,0,1,2,2,N,N,39 57:11.797,75 10:14.892,1306, ,1256, ,0, , , ,0, , , , , ,185569, , , ,1,0,0,1,0,0,0,0,1,0,0,0,1,1,0,0,0,0,0,0,0,0,0,0,0,0,0,0,0,0,0,0,0,0,0,8,1,39.9533,-75.1708, , 
 ,17838,2016092065,6,67,67301,2016,8,3,1820,18,1,1,0,8,1, , ,N,0,0,7,3,1,0,2,2,N,N,39 55:17.878,75 11:13.751,1830, ,1824,2,2,5,N,0,0,Y, , , , ,185573, , , ,1,0,0,0,0,0,1,0,0,0,0,0,0,0,0,0,0,0,0,0,1,0,0,0,0,0,0,0,0,0,0,0,1,1,0,1,0,39.9216,-75.1872,2, 
 ,17839,2016097613,6,67,67301,2016,8,7,2030,20,3,1,0,8,1, , ,N,0,0,0,3,0,1,2,2,N,N,40 01:56.996,75 04:20.375,36, ,13, ,0, ,N, ,0, , , , , ,185575, , , ,1,0,0,0,0,0,0,1,0,0,0,1,1,0,0,0,0,0,0,0,0,0,0,0,0,0,0,0,0,0,0,0,1,0,0,4,0,40.0325,-75.0723, , 
 ,17840,2016016580,6,67,67301,2016,1,5,1302,13,1,1,0,4,1, , ,N,1,2,0,3,0,0,2,2,N,N,40 05:09.951,75 12:42.717,1615, ,1541, ,0, ,N, ,3, , , , , ,185586, , , ,2,0,0,0,0,0,2,0,0,0,0,0,0,0,0,0,0,0,0,0,0,0,0,0,0,0,0,0,0,0,0,0,0,0,0,0,0,40.0861,-75.2119, , 
 ,17841,2016025984,6,67,67301,2016,2,4,638,6,1,2,1,4,1, , ,N,1,3,0,3,0,1,2,2,N,N,39 57:16.045,75 12:53.647,743, ,139, ,0, ,N, ,3, , , , , ,185597, , , ,2,2,0,0,0,0,0,0,0,0,1,0,1,0,0,0,0,0,0,0,1,0,0,0,0,0,0,0,0,0,0,0,0,0,0,3,0,39.9545,-75.2149, , 
 ,17842,2016047764,6,67,67301,2016,4,7,845,8,1,1,0,4,1, , ,N,1,3,0,3,0,1,2,2,N, ,39 57:10.080,75 13:13.115,846, ,815, ,0, , , ,3, , , , , ,185612, , , ,2,2,0,0,0,0,0,0,0,0,0,1,1,0,0,0,0,0,0,0,0,0,0,1,0,0,0,0,0,0,0,0,0,0,0,4,0,39.9528,-75.2203, , 
 ,17843,2016064159,6,67,67301,2016,6,4,1114,11,1,1,0,1,1, , ,N,0,0,0,3,0,1,2,2,N,N,39 57:26.965,75 09:34.790,1146, ,1119, ,0, , , ,0, , , , , ,185621, , , ,2,1,0,0,0,1,0,0,0,0,0,0,1,1,0,0,0,0,0,0,1,0,1,0,0,0,0,0,0,0,0,0,0,0,0,8,1,39.9575,-75.1597, , 
 ,17844,2016065643,6,67,67301,2016,6,6,1750,17,1,1,0,7,4, , ,N,0,0,1,3,0,0,1,1,N,N,39 55:17.463,75 11:25.763,1800, ,1752, ,0, ,N, ,0, , , , , ,185635, , , ,1,0,0,0,0,0,1,0,0,0,0,0,0,0,0,0,0,0,0,0,0,0,0,0,0,0,0,0,0,0,0,0,0,0,0,0,0,39.9215,-75.1905, , 
 ,17845,2016105132,6,67,67301,2016,10,2,1729,17,1,1,0,1,1, , ,N,0,0,0,3,0,0,3,3,N,N,39 59:36.284,75 05:04.890,1742, ,1730,1,1,2, , ,0,N, , , , ,185654, , , ,3,2,0,0,0,0,1,0,0,0,0,0,0,0,0,0,0,0,0,0,1,0,0,0,0,0,0,0,0,0,0,0,0,0,0,0,0,39.9934,-75.0847, , 
 ,17846,2016105123,6,67,67301,2016,10,7,919,9,1,1,0,5,1, , ,N,0,0,0,3,0,1,2,2,N,N,39 58:47.655,75 06:23.412,922, ,920,1,1,2, , ,0,N, , , , ,185655, , , ,2,1,0,0,1,0,0,0,0,0,0,0,1,1,0,0,0,0,0,0,0,0,0,0,0,0,0,0,0,0,0,0,0,0,0,8,0,39.9799,-75.1065, , 
 ,17847,2016105622,6,67,67301,2016,9,4,743,7,1,1,0,4,1, , ,N,1,2,0,3,0,2,3,2,N,N,40 00:44.009,75 09:01.745,748, ,745,2,1,2,N, ,3,N, , , , ,185668, , , ,2,1,0,0,0,0,1,0,0,0,2,0,2,0,0,0,0,0,0,0,0,0,0,0,0,0,0,0,0,0,0,0,0,0,0,3,0,40.0122,-75.1505, , 
 ,17848,2016056070,6,67,67301,2016,5,2,1502,15,1,1,0,4,1, , ,N,0,0,7,3,0,2,2,2,N, ,40 03:23.843,75 11:18.894,1515, ,1506, ,0, , , ,0, , , , , ,185678, , , ,2,2,0,0,0,0,0,0,0,0,0,0,2,2,0,0,0,0,0,0,1,0,0,0,0,0,0,0,0,0,0,0,0,0,0,8,0,40.0566,-75.1886, , 
 ,17849,2016063909,6,67,67301,2016,5,7,1800,18,1,2,1,4,1, , ,N,2,2,0,3,0,0,5,2,N,N,39 54:33.655,75 10:23.826,1820, ,1813, ,0, ,N, ,3, , , , , ,185722, , , ,2,1,0,0,0,0,0,1,0,0,0,0,0,0,0,0,0,0,0,0,1,0,0,0,0,0,0,0,0,0,0,0,0,0,0,0,0,39.9093,-75.173, , 
 ,17850,2016080672,6,67,67301,2016,7,1,9999,99,1,1,0,4,1, , ,N,3,0,0,3,0,0,2,2,N, ,40 01:36.207,75 09:38.081,1619, ,1617, ,0, , , ,0, , , , , ,185734, , , ,2,2,0,0,0,0,0,0,0,0,0,0,0,0,1,0,0,0,0,0,1,0,1,0,0,0,0,0,0,0,0,0,0,0,0,9,0,40.0267,-75.1606, , 
 ,17851,2016092124,6,67,67301,2016,8,1,401,4,3,1,0,7,5, , ,N,0,0,0,3,0,0,1,1,N,N,40 00:15.979,75 12:51.371,409, ,401, ,0, , , ,0, , , , , ,188786, , , ,1,1,0,0,0,0,0,0,0,0,0,0,0,0,0,0,0,0,0,0,0,0,0,0,0,0,0,0,0,0,0,0,0,0,0,0,0,40.0044,-75.2143, , 
 ,17852,2016087712,6,67,67301,2016,8,6,1600,16,1,1,0,1,1, , ,N,1,2,3,3,0,1,2,2,N, ,40 00:33.053,75 11:48.878,1658, ,1600, ,0, , , ,3, , , , , ,188790, , , ,2,1,0,0,0,0,1,0,0,0,0,0,1,1,0,0,0,0,0,0,0,0,0,0,0,0,0,0,0,0,0,0,0,0,0,8,0,40.0083,-75.1945, , 
 ,17853,2016070637,6,67,67301,2016,6,6,1834,18,1,1,0,4,1, , ,N,1,0,0,3,0,1,2,2,N, ,39 59:33.259,75 07:51.898,1854, ,1854, ,0, , , ,0, , , , , ,188817, , , ,1,1,0,0,0,0,0,0,1,0,0,1,1,0,0,0,0,0,0,0,1,0,0,1,0,0,0,0,0,0,0,0,0,0,0,4,0,39.9926,-75.1311, , 
 ,17854,2016080321,6,67,67301,2016,7,2,1335,13,1,1,0,1,1, , ,N,0,0,0,3,0,0,4,2,N,N,40 03:31.211,74 59:45.513,1335, ,1335, ,0, , , ,0, , , , , ,188829, , , ,2,0,0,0,1,0,1,0,0,0,0,0,0,0,0,0,0,0,0,0,0,1,0,0,0,0,0,0,0,0,0,0,0,0,0,0,0,40.0587,-74.996, , 
 ,17855,2016080489,6,67,67301,2016,7,1,300,3,3,1,0,4,1, , ,N,1,2,0,3,0,0,4,2,N,N,39 56:42.255,75 10:06.725,310, ,305,2,2,1,N, ,3,Y, , , , ,188830, , , ,2,2,0,0,0,0,0,0,0,0,0,0,0,0,1,0,0,0,0,0,0,0,0,0,0,0,0,0,0,0,0,0,0,0,0,9,0,39.9451,-75.1685, , 
 ,17856,2016083819,6,67,67301,2016,8,2,2356,23,3,1,0,1,1, , ,N,0,0,2,3,0,1,3,3,N,N,39 57:30.738,75 09:52.576,9, ,2, ,0, , , ,0, , , , , ,188836, , , ,3,2,0,0,0,0,1,0,0,0,0,0,1,1,1,0,0,0,0,0,0,0,0,0,0,0,0,0,0,0,0,0,0,0,0,8,0,39.9585,-75.1646, , 
 ,17857,2016096614,6,67,67301,2016,8,1,1520,15,1,2,1,4,1, , ,N,2,3,0,3,0,2,3,2,N, ,40 00:29.508,75 04:18.071,1526, ,1526,3,2,2, , ,3,Y, , , , ,188840, , , ,2,2,0,0,0,0,0,0,0,0,1,0,2,1,0,0,0,0,0,0,0,0,0,2,0,0,0,0,0,0,0,0,0,0,0,3,0,40.0082,-75.0717, , 
 ,17858,2016092038,6,67,67301,2016,8,5,530,5,5,1,0,5,6, , ,N,0,0,0,3,0,0,1,2,N,N,39 58:27.720,75 07:38.339,624, ,619,2,2,4,N, ,0,Y, , , , ,188844, , , ,2,2,0,0,0,0,0,0,0,0,0,0,0,0,0,0,0,0,0,0,0,0,0,0,0,0,0,0,0,0,0,0,0,0,0,0,0,39.9744,-75.1273, , 
 ,17859,2016027563,6,67,67301,2016,2,5,510,5,3,1,0,8,1, , ,N,1,3,0,3,0,1,2,2,N, ,39 56:03.274,75 12:59.057,518, ,514, ,0, , , ,3, , , , , ,188874, , , ,1,0,0,0,0,0,1,0,0,0,0,1,1,0,0,0,0,0,0,0,0,0,0,1,0,0,0,0,0,0,0,0,1,0,0,4,0,39.9342,-75.2164, , 
 ,17860,2016029764,6,67,67301,2016,2,1,1505,15,1,1,0,8,1, , ,N,1,2,0,3,0,1,2,2,N,N,39 59:21.634,75 09:19.704,1515, ,1512, ,0, ,N, ,3, , , , , ,188875, , , ,1,1,0,0,0,0,0,0,0,0,0,0,1,1,0,0,0,0,0,0,0,1,0,1,0,0,0,0,0,0,0,0,1,0,0,8,0,39.9893,-75.1555, , 
 ,17861,2016051762,6,67,67301,2016,5,7,1244,12,1,2,1,7,2, , ,N,0,0,2,3,0,0,1,1,N,N,39 54:35.950,75 09:30.086,1245, ,1244, ,0, ,N, ,0, , , , , ,188890, , , ,1,1,0,0,0,0,0,0,0,0,0,0,0,0,0,0,0,0,0,0,0,0,0,0,0,0,0,0,0,0,0,0,0,0,0,0,0,39.91,-75.1584, , 
 ,17862,2016053828,6,67,67301,2016,5,3,1200,12,1,1,0,4,1, , ,N,0,0,0,3,0,2,4,2,N,N,40 06:52.275,75 01:32.847,1211, ,1204, ,0, ,N, ,0, , , , , ,188908, , , ,2,2,0,0,0,0,0,0,0,0,0,0,2,2,0,0,0,0,0,0,1,0,0,0,0,0,0,0,0,0,0,0,0,0,0,8,0,40.1145,-75.0258, , 
 ,17863,2016062532,6,67,67301,2016,5,4,1208,12,1,1,0,1,1, , ,N,0,2,0,3,0,0,2,2,N,N,40 03:02.031,75 10:23.178,1212, ,1211, ,0, ,N, ,3, , , , , ,188918, , , ,2,2,0,0,0,0,0,0,0,0,0,0,0,0,0,0,0,0,0,0,0,1,0,0,0,0,0,0,0,0,0,0,0,0,0,0,0,40.0506,-75.1731, , 
 ,17864,2016065321,6,67,67301,2016,6,6,1627,16,1,1,0,1,1, , ,N,0,0,0,3,0,0,4,2,N,N,40 02:29.098,75 00:16.755,1644, ,1628,1,1,2, , ,0,N, , , , ,188919, , , ,2,1,0,0,0,0,1,0,0,0,0,0,0,0,0,0,0,0,0,1,0,0,0,0,0,0,0,0,0,0,0,0,0,0,0,0,0,40.0414,-75.0047, , 
 ,17865,2016074047,6,67,67301,2016,7,5,1833,18,1,1,0,1,1, , ,N,0,0,0,3,0,1,3,3,N,N,40 03:19.475,74 59:04.945,1857, ,1843,1,1,2, , ,0,N, , , , ,188925, , , ,3,3,0,0,0,0,0,0,0,0,0,0,1,1,0,0,0,0,0,0,0,0,0,0,0,0,0,0,0,0,0,0,0,0,0,8,0,40.0554,-74.9847, , 
 ,17866,2016105105,6,67,67301,2016,9,7,2120,21,3,1,0,1,1, , ,N,0,0,0,3,0,0,6,3,N,N,39 57:35.642,75 10:40.842,2125, ,2124,1,2,4, , ,0,N, , , , ,188941, , , ,3,2,0,0,0,0,1,0,0,0,0,0,0,0,0,0,0,1,0,0,0,1,0,0,0,0,0,0,0,0,0,0,0,0,0,0,0,39.9599,-75.178, , 
 ,17867,2016097665,6,67,67301,2016,9,6,825,8,1,1,0,4,1, , ,N,1,3,0,3,0,1,2,2,N, ,39 58:09.900,75 09:47.700,845, ,840, ,0, , , ,3, , , , , ,188944, , , ,2,1,0,0,0,0,0,1,0,0,0,1,1,0,0,0,0,0,0,0,1,0,0,1,0,0,0,0,0,0,0,0,0,0,0,4,0,39.9694,-75.1633, , 
 ,17868,2016067825,6,67,67301,2016,6,2,1327,13,1,1,0,1,1, , ,N,0,0,0,3,0,0,8,5,N, ,40 06:52.561,74 59:13.491,1336, ,1329,3,1,1,N, ,0,N, , , , ,188957, , , ,5,3,0,0,0,0,1,1,0,0,0,0,0,0,0,0,0,0,0,0,2,1,1,0,0,0,0,0,0,0,0,0,0,0,0,0,0,40.1146,-74.9871, , 
 ,17869,2016087622,6,67,67301,2016,8,6,2209,22,3,1,0,1,1, , ,N,2,0,0,3,0,2,2,2,N,N,39 59:30.015,75 10:47.081,2210, ,2209, ,0, ,N, ,0, , , , , ,188980, , , ,2,2,0,0,0,0,0,0,0,0,0,2,2,0,0,0,0,0,0,0,0,0,0,0,0,0,0,0,0,0,0,0,0,0,0,4,0,39.9917,-75.1797, , 
 ,17870,2016063945,6,67,67301,2016,6,5,330,3,3,1,0,8,1, , ,N,0,0,0,3,0,1,2,2,N,N,39 54:50.189,75 08:57.941,343, ,342,9,1,3, , ,0,Y, , , , ,191566, , , ,1,0,0,0,0,0,1,0,0,0,1,0,1,0,1,0,0,0,0,0,0,0,0,0,0,0,0,0,0,0,0,0,1,0,0,3,0,39.9139,-75.1494, , 
 ,17871,2016080565,6,67,67301,2016,7,3,2113,21,3,1,0,4,1, , ,N,1,2,0,3,0,0,4,2,N,N,40 03:08.460,75 09:27.889,2117, ,2113,3,1,2, , ,3,Y, , , , ,191580, , , ,2,1,0,0,0,0,1,0,0,0,0,0,0,0,0,0,0,0,0,0,0,0,0,0,0,0,0,0,0,0,0,0,0,0,0,0,0,40.0524,-75.1577, , 
 ,17872,2016080769,6,67,67301,2016,6,5,1950,19,3,1,0,4,1, , ,N,1,2,0,3,0,2,2,2,N,N,40 01:44.844,75 05:23.694,2015, ,2006,1,1,2, , ,3,N, , , , ,191581, , , ,2,1,0,0,0,0,1,0,0,0,0,0,2,2,0,0,0,0,1,0,0,0,0,2,0,0,0,0,0,0,0,0,0,0,0,8,0,40.0291,-75.0899, , 
 ,17873,2016087144,6,67,67301,2016,8,2,2015,20,3,1,0,8,1, , ,N,1,0,0,3,0,1,2,3,N, ,39 59:40.160,75 08:03.091,2045, ,2030, ,0, , , ,0, , , , , ,191588, , , ,2,2,0,0,0,0,0,0,0,1,0,0,1,0,0,0,0,0,0,0,0,0,0,1,0,0,0,0,0,0,0,0,1,0,1,2,0,39.9945,-75.1342, , 
 ,17874,2016096341,6,67,67301,2016,9,7,110,1,3,1,0,5,1, , ,N,0,0,0,3,0,1,5,2,N,N,39 59:55.857,75 11:43.506,110, ,110,1,1,4, , ,0,N, , , , ,191589, , , ,2,0,0,0,1,0,1,0,0,0,1,0,1,0,0,0,0,0,0,0,0,0,0,1,0,0,0,0,0,0,0,0,0,0,0,3,0,39.9988,-75.1954, , 
 ,17875,2016097176,6,67,67301,2016,8,2,305,3,3,1,0,5,6, , ,N,0,0,0,3,0,1,1,3,N,N,40 00:26.811,75 06:47.350,307, ,305,2,1,1,N, ,0,N, , , , ,191597, , , ,3,1,0,0,0,0,2,0,0,0,1,0,1,0,0,0,0,0,0,0,0,0,0,0,0,0,0,0,0,0,0,0,0,0,0,3,0,40.0074,-75.1132, , 