wz_ln_closure,objectid_1,crn,district,county,municipality,crash_year,crash_month,day_of_week,time_of_day,hour_of_day,illumination,weather,road_condition,collision_type,relation_to_road,work_zone_type,work_zone_loc,work_zone_ind,intersect_type,tcd_type,location_type,urban_rural,fatal_count,injury_count,person_count,total_units,sch_bus_ind,sch_zone_ind,latitude,longitude,arrival_tm,cons_zone_spd_lim,dispatch_tm,est_hrs_closed,lane_closed,ln_close_dir,ntfy_hiwy_maint,spec_juris_cd,tcd_func_cd,tfc_detour_ind,workers_pres,wz_close_detour,wz_flagger,wz_law_offcr_ind,objectid,wz_moving,wz_other,wz_shlder_mdn,vehicle_count,automobile_count,motorcycle_count,bus_count,small_truck_count,heavy_truck_count,suv_count,van_count,bicycle_count,maj_inj_count,mod_inj_count,min_inj_count,tot_inj_count,unk_inj_deg_count,unk_inj_per_count,driver_count_16yr,driver_count_17yr,driver_count_18yr,driver_count_19yr,driver_count_20yr,driver_count_50_64yr,driver_count_65_74yr,driver_count_75plus,unbelted_occ_count,unb_death_count,unb_maj_inj_count,belted_death_count,belted_maj_inj_count,mcycle_death_count,mcycle_maj_inj_count,bicycle_death_count,bicycle_maj_inj_count,ped_count,ped_death_count,ped_maj_inj_count,max_severity_level,comm_veh_count,dec_lat,dec_long,rdwy_surf_type_cd,county_name
 ,18274,2016129484,6,67,67301,2016,11,4,1220,12,1,1,0,5,1, , ,N,0,0,0,3,0,2,4,2,N, ,39 57:01.031,75 09:25.217,1245, ,1240,1,1,2, , ,0,N, , , , ,218280, , , ,2,0,0,0,0,0,1,1,0,0,0,0,2,2,0,0,0,0,0,0,0,1,0,3,0,0,0,0,0,0,0,0,0,0,0,8,0,39.9503,-75.157, , 
 ,18275,2016120651,6,67,67301,2016,11,4,1401,14,1,1,0,4,1, , ,N,1,2,0,3,0,2,3,2,N, ,39 56:33.464,75 13:17.018,1410, ,1403, ,0, , , ,3, , , , , ,218310, , , ,2,1,0,0,0,0,1,0,0,0,0,2,2,0,0,0,0,0,0,0,1,1,0,0,0,0,0,0,0,0,0,0,0,0,0,4,0,39.9426,-75.2214, , 
 ,18276,2016087136,6,67,67301,2016,7,3,9999,99,1,1,0,4,1, , ,N,1,2,0,3,0,2,4,3,N,N,40 02:40.890,75 03:16.537,9999, ,9999,1,2,5,N, ,3,N, , , , ,218321, , , ,3,2,0,0,0,0,1,0,0,0,0,0,2,2,2,0,0,0,0,0,1,0,0,0,0,0,0,0,0,0,0,0,0,0,0,8,0,40.0446,-75.0547, , 
 ,18277,2016080539,6,67,67301,2016,7,6,2036,20,4,1,0,4,1, , ,N,2,3,0,3,0,1,2,2,N,N,39 59:36.836,75 07:37.339,50, ,42, ,0, ,N, ,3, , , , , ,218324, , , ,1,1,0,0,0,0,0,0,1,0,0,0,1,1,0,0,0,0,0,0,0,0,0,0,0,0,0,0,0,0,0,0,0,0,0,8,0,39.9936,-75.127, , 
 ,18278,2016080762,6,67,67301,2016,7,1,511,5,3,1,0,4,1, , ,N,1,2,0,3,0,0,3,2,N,N,39 55:26.156,75 13:19.597,512, ,511,1,1,2,N, ,3,N, , , , ,218326, , , ,2,2,0,0,0,0,0,0,0,0,0,0,0,0,0,0,0,0,0,0,0,0,0,0,0,0,0,0,0,0,0,0,0,0,0,0,0,39.9239,-75.2221, , 
 ,18279,2016080175,6,67,67301,2016,7,5,2331,23,3,1,0,1,1, , ,N,0,0,0,3,0,0,2,2,N,N,40 01:13.669,75 09:14.049,7, ,0,1,2,2,N, ,0,N, , , , ,218329, , , ,2,2,0,0,0,0,0,0,0,0,0,0,0,0,0,0,0,0,0,0,0,0,0,0,0,0,0,0,0,0,0,0,0,0,0,0,0,40.0205,-75.1539, , 
 ,18280,2016026862,6,67,67301,2016,2,7,509,5,3,1,0,7,4, , ,N,0,0,0,3,0,0,1,1,N,N,39 56:44.000,75 11:46.400,522, ,514, ,0, ,N, ,0, , , , , ,218350, , , ,1,1,0,0,0,0,0,0,0,0,0,0,0,0,0,0,0,0,0,0,1,0,0,0,0,0,0,0,0,0,0,0,0,0,0,0,0,39.9456,-75.1962, , 
 ,18281,2016080309,6,67,67301,2016,6,2,1738,17,1,1,0,4,1, , ,N,1,2,0,3,0,2,2,2,N, ,40 02:31.916,75 07:34.611,1751, ,1750, ,0, , , ,3, , , , , ,218362, , , ,2,1,0,0,0,0,0,1,0,0,0,2,2,0,0,0,0,0,0,0,0,1,0,0,0,0,0,0,0,0,0,0,0,0,0,4,0,40.0422,-75.1263, , 
 ,18282,2016087225,6,67,67301,2016,7,1,2101,21,3,1,0,5,6, , ,N,0,0,0,3,0,0,1,2,N,N,39 57:07.167,75 13:20.794,2144, ,2143, ,0, ,N, ,0, , , , , ,218366, , , ,2,2,0,0,0,0,0,0,0,0,0,0,0,0,0,0,0,0,0,0,0,0,0,0,0,0,0,0,0,0,0,0,0,0,0,0,0,39.952,-75.2224, , 
 ,18283,2016097730,6,67,67301,2016,8,7,2153,21,3,1,0,1,1, , ,N,2,2,0,3,0,1,2,2,N,N,39 54:09.142,75 13:29.144,2223, ,2223,2,1,4,N, ,3,N, , , , ,218383, , , ,2,1,0,0,0,0,0,1,0,0,0,0,1,1,0,0,0,0,0,0,0,0,0,0,0,0,0,0,0,0,0,0,0,0,0,8,0,39.9025,-75.2248, , 
 ,18284,2016050039,6,67,67301,2016,4,7,1610,16,1,1,0,4,1, , ,N,2,3,0,3,0,0,2,2,N,N,40 02:16.429,75 03:39.318,1618, ,1612, ,0, ,N, ,3, , , , , ,218403, , , ,2,2,0,0,0,0,0,0,0,0,0,0,0,0,0,0,0,0,0,0,1,0,0,0,0,0,0,0,0,0,0,0,0,0,0,0,0,40.0379,-75.0609, , 
 ,18285,2016050850,6,67,67301,2016,1,6,1515,15,1,1,0,4,1, , ,N,0,0,0,3,0,1,2,2,N,N,39 59:16.186,75 06:27.536,0, ,0, ,0, ,N, ,0, , , , , ,218406, , , ,2,0,1,0,0,0,0,0,0,0,0,0,1,1,0,0,0,0,0,0,0,0,0,0,0,0,0,0,0,0,0,0,0,0,0,8,0,39.9878,-75.1076, , 
 ,18286,2017005762,6,67,67301,2016,12,5,625,6,3,1,0,5,1, , ,N,4,4,0,3,0,0,2,2,N,N,39 58:55.900,75 13:11.500,9999, ,628, ,0, ,N, ,3, , , , , ,218408, , , ,2,1,0,0,0,0,1,0,0,0,0,0,0,0,2,0,0,0,0,0,0,0,0,0,0,0,0,0,0,0,0,0,0,0,0,9,0,39.9822,-75.2199, , 
 ,18287,2016094132,6,67,67301,2016,8,6,2245,22,3,1,0,4,1, , ,N,1,2,0,3,0,2,2,2,N,N,40 04:51.445,75 01:43.230,2300, ,2256, ,0, ,N, ,3, , , , , ,224053, , , ,2,0,0,1,0,0,1,0,0,0,0,2,2,0,0,0,0,0,0,0,0,1,0,0,0,0,0,0,0,0,0,0,0,0,0,4,1,40.0809,-75.0288, , 
 ,18288,2016080158,6,67,67301,2016,6,4,1915,19,1,1,0,8,1, , ,N,1,2,0,3,0,1,2,2,N,N,40 02:50.956,75 05:30.725,1928, ,1921, ,0, ,N, ,3, , , , , ,224077, , , ,1,1,0,0,0,0,0,0,0,0,0,1,1,0,0,0,0,0,0,0,0,0,0,1,0,0,0,0,0,0,0,0,1,0,0,4,0,40.0475,-75.0919, , 
 ,18289,2016080622,6,67,67301,2016,6,2,1850,18,1,9,0,8,1, , ,N,1,0,0,3,0,1,2,2,N, ,40 02:46.472,75 09:57.862,9999, ,1200, ,0, , , ,0, , , , , ,224078, , , ,1,0,0,0,0,0,0,0,0,0,0,0,1,1,0,0,0,0,0,0,0,0,0,0,0,0,0,0,0,0,0,0,1,0,0,8,0,40.0462,-75.1661, , 
 ,18290,2016097150,6,67,67301,2016,9,6,1837,18,1,1,0,4,1, , ,N,1,2,0,3,0,1,4,2,N,N,39 56:21.685,75 13:03.003,1843, ,1841, ,0, ,N, ,3, , , , , ,224092, , , ,2,1,0,0,0,0,0,1,0,0,0,1,1,0,1,0,0,0,0,0,0,0,0,1,0,0,0,0,0,0,0,0,0,0,0,4,0,39.9394,-75.2175, , 
 ,18291,2016076535,6,67,67301,2016,7,3,259,2,3,1,0,0,1, , ,N,0,0,0,3,0,1,1,1,N,N,40 00:06.136,75 04:42.842,308, ,302, ,0, , , ,0, , , , , ,224106, , , ,1,0,1,0,0,0,0,0,0,1,0,0,1,0,0,0,0,0,0,0,0,0,0,0,0,0,0,0,0,1,0,0,0,0,0,2,0,40.0017,-75.0786, , 
 ,18292,2016082278,6,67,67301,2016,7,6,9999,99,1,1,0,4,1, , ,N,1,3,0,3,0,1,2,2,N,N,39 59:21.811,75 08:37.251,9999, ,9999, ,0, ,N, ,3, , , , , ,224114, , , ,1,0,0,0,0,0,0,0,1,0,0,1,1,0,0,0,0,0,0,0,0,0,0,0,0,0,0,0,0,0,0,0,0,0,0,4,0,39.9894,-75.1437, , 
 ,18293,2016065671,6,67,67301,2016,6,2,1500,15,1,1,0,5,6, , ,N,0,0,0,3,0,0,1,3,N,Y,39 59:45.759,75 06:16.230,1529, ,1526, ,0, ,N, ,0, , , , , ,224138, , , ,3,2,0,0,0,0,1,0,0,0,0,0,0,0,0,0,0,0,0,0,0,0,0,0,0,0,0,0,0,0,0,0,0,0,0,0,0,39.996,-75.1045, , 
 ,18294,2016073719,6,67,67301,2016,7,3,1708,17,1,1,0,5,1, , ,N,6,0,0,3,0,0,2,2,N,N,39 55:24.160,75 11:32.076,1715, ,1708, ,0, , , ,0, , , , , ,224143, , , ,2,1,0,0,0,0,1,0,0,0,0,0,0,0,1,0,0,0,0,0,0,0,0,0,0,0,0,0,0,0,0,0,0,0,0,9,0,39.9234,-75.1922, , 
 ,18295,2016129996,6,67,67301,2016,11,3,822,8,1,1,0,4,1, , ,N,0,0,7,3,0,1,2,2,N,N,40 05:43.146,75 00:57.670,845, ,842, ,0, ,N, ,0, , , , , ,224158, , , ,2,1,0,0,0,0,1,0,0,0,0,1,1,0,0,0,0,0,0,0,0,0,0,0,0,0,0,0,0,0,0,0,0,0,0,4,0,40.0953,-75.016, , 
 ,18296,2016135844,6,67,67301,2016,11,4,1637,16,2,2,1,1,1, , ,N,0,0,0,3,0,0,2,2,N,Y,40 01:26.590,75 11:08.775,1639, ,1639, ,0, ,N, ,0, , , , , ,224165, , , ,2,1,0,0,0,0,0,0,0,0,0,0,0,0,1,0,0,0,0,0,0,0,0,0,0,0,0,0,0,0,0,0,0,0,0,9,0,40.0241,-75.1858, , 
 ,18297,2017003659,6,67,67301,2016,12,6,1943,19,3,1,0,7,3, , ,N,1,2,0,3,0,1,2,1,N, ,40 00:05.617,75 09:10.093,1943, ,1943,2,1,1, , ,3,N, , , , ,224177, , , ,1,1,0,0,0,0,0,0,0,0,0,0,1,1,1,0,0,0,0,0,1,0,0,0,0,0,0,0,0,0,0,0,0,0,0,8,0,40.0016,-75.1528, , 
 ,18298,2017003624,6,67,67301,2016,12,7,2007,20,3,2,1,4,1, , ,N,5,2,0,3,0,1,4,2,N,N,40 02:39.696,75 03:14.496,2015, ,2013,1,1,1,N, ,3,N, , , , ,224180, , , ,2,2,0,0,0,0,0,0,0,0,0,0,1,1,0,0,0,0,0,1,0,0,0,0,0,0,0,0,0,0,0,0,0,0,0,8,0,40.0443,-75.0541, , 
 ,18299,2016087631,6,67,67301,2016,8,7,1046,10,1,1,0,4,1, , ,N,1,2,0,3,0,0,3,2,N,N,40 05:29.941,74 57:56.517,1100, ,1047, ,0, ,N, ,3, , , , , ,224193, , , ,2,1,0,0,1,0,0,0,0,0,0,0,0,0,0,0,0,0,0,0,1,0,0,0,0,0,0,0,0,0,0,0,0,0,0,0,0,40.0915,-74.9656, , 
 ,18300,2016105676,6,67,67301,2016,9,6,1945,19,4,1,0,5,1, , ,N,0,0,0,3,0,1,2,2,N, ,40 02:11.837,75 14:13.648,2115, ,2110, ,0, , , ,0, , , , , ,224203, , , ,1,1,0,0,0,0,0,0,1,0,1,0,1,0,0,0,0,0,0,0,0,0,0,0,0,0,0,0,0,0,0,0,0,0,0,3,0,40.0366,-75.2371, , 
 ,18301,2016105563,6,67,67301,2016,10,1,1320,13,1,1,0,4,1, , ,N,1,2,0,3,0,1,2,2,N,N,40 02:37.075,75 11:04.361,1330, ,1330, ,0, ,N, ,3, , , , , ,224204, , , ,2,1,0,0,0,0,1,0,0,0,1,0,1,0,0,0,0,0,0,0,0,0,0,1,0,0,0,0,0,0,0,0,0,0,0,3,0,40.0436,-75.1845, , 
 ,18302,2016108548,6,67,67301,2016,10,7,2226,22,3,2,1,1,1, , ,N,0,0,0,3,0,1,3,2,N,N,39 56:21.139,75 11:53.665,2329, ,2319, ,0, ,N, ,0, , , , , ,224205, , , ,2,1,1,0,0,0,0,0,0,0,1,0,1,0,0,0,0,0,0,0,1,0,0,0,0,0,0,0,0,0,0,0,0,0,0,3,0,39.9392,-75.1982, , 
 ,18303,2016108634,6,67,67301,2016,10,5,1757,17,1,1,0,4,1, , ,N,1,3,0,3,0,2,4,2,N, ,39 59:09.340,75 09:11.779,1802, ,1800, ,0, , , ,3, , , , , ,224207, , , ,2,2,0,0,0,0,0,0,0,0,0,0,2,2,0,0,0,0,0,0,0,0,0,0,0,0,0,0,0,0,0,0,0,0,0,8,0,39.9859,-75.1533, , 
 ,18304,2016132155,6,67,67301,2016,11,3,9999,99,8,2,1,2,1, , ,N,0,0,0,3,0,2,2,2,N,N,40 04:04.893,75 11:40.449,918, ,917, ,0, , , ,0, , , , , ,224221, , , ,2,1,0,0,0,0,1,0,0,0,0,0,2,2,0,0,0,1,0,0,1,0,0,2,0,0,0,0,0,0,0,0,0,0,0,8,0,40.068,-75.1946, , 
 ,18305,2016129305,6,67,67301,2016,11,7,1637,16,1,1,0,8,1, , ,N,0,0,0,3,0,2,3,3,N,N,39 59:11.182,75 10:11.928,1638, ,1637,1,1,4,N, ,0,N, , , , ,221441, , , ,1,0,0,0,0,0,1,0,0,0,0,2,2,0,0,0,0,0,0,0,1,0,0,0,0,0,0,0,0,0,0,0,2,0,0,4,0,39.9864,-75.17, , 
 ,18306,2016080172,6,67,67301,2016,6,2,1836,18,1,1,0,4,1, , ,N,1,3,0,3,0,2,2,2,N,N,40 03:10.058,75 08:06.953,1910, ,1905, ,0, ,N, ,3, , , , , ,221448, , , ,2,0,0,0,0,0,2,0,0,0,0,2,2,0,0,0,0,0,0,0,1,0,0,0,0,0,0,0,0,0,0,0,0,0,0,4,0,40.0528,-75.1353, , 
 ,18307,2016080406,6,67,67301,2016,6,1,1202,12,1,1,0,4,1, , ,N,1,3,0,3,0,1,4,2,N,N,39 59:32.136,75 10:17.842,1222, ,1215, ,0, ,N, ,3, , , , , ,221449, , , ,2,2,0,0,0,0,0,0,0,0,0,0,1,1,0,0,0,0,0,1,0,0,0,0,0,0,0,0,0,0,0,0,0,0,0,8,0,39.9923,-75.1716, , 
 ,18308,2016081453,6,67,67301,2016,7,3,1808,18,1,1,0,5,1, , ,N,0,0,0,3,0,0,2,2,N,N,40 06:20.536,74 59:38.399,1823, ,1815,1,1,4,N, ,0,N, , , , ,221450, , , ,2,2,0,0,0,0,0,0,0,0,0,0,0,0,0,0,0,0,0,0,0,0,0,0,0,0,0,0,0,0,0,0,0,0,0,0,0,40.1057,-74.994, , 
 ,18309,2016084648,6,67,67301,2016,8,7,1432,14,1,1,0,1,6, , ,N,0,0,0,3,0,0,1,3,N, ,40 05:32.865,74 58:39.866,1510, ,1504, ,0, , , ,0, , , , , ,221454, , , ,3,3,0,0,0,0,0,0,0,0,0,0,0,0,0,0,0,0,0,0,0,0,0,0,0,0,0,0,0,0,0,0,0,0,0,0,0,40.0925,-74.9777, , 
 ,18310,2016082117,6,67,67301,2016,8,6,914,9,1,1,0,4,1, , ,N,1,2,0,3,0,0,2,2,N,N,39 57:13.102,75 11:55.145,914, ,914, ,0, ,N, ,3, , , , , ,221463, , , ,2,1,0,0,0,0,0,1,0,0,0,0,0,0,0,0,0,0,0,0,1,0,0,0,0,0,0,0,0,0,0,0,0,0,0,0,0,39.9536,-75.1986, , 
 ,18311,2016099031,6,67,67301,2016,9,3,1150,11,1,1,0,1,1, , ,N,3,4,2,3,0,0,2,2,N,N,39 57:27.234,75 08:57.622,1152, ,1150, ,0, ,Y, ,3, , , , , ,221498, , , ,2,0,0,0,0,1,1,0,0,0,0,0,0,0,0,0,0,0,0,0,0,0,0,0,0,0,0,0,0,0,0,0,0,0,0,0,1,39.9576,-75.1493, , 
 ,18312,2016096143,6,67,67301,2016,9,3,800,8,1,1,0,8,1, , ,N,0,3,0,3,0,1,2,2,N,N,39 56:53.855,75 11:49.802,805, ,803, ,0, ,N, ,3, , , , , ,221514, , , ,1,1,0,0,0,0,0,0,0,1,0,0,1,0,0,0,0,0,0,0,0,0,0,0,0,0,0,0,0,0,0,0,1,0,1,2,0,39.9483,-75.1972, , 
 ,18313,2016112147,6,67,67301,2016,10,3,2052,20,3,1,0,0,1, , ,N,0,0,0,3,0,1,1,1,N, ,39 57:03.153,75 14:07.029,2053, ,2052,3,2,4, , ,0,N, , , , ,221516, , , ,1,0,0,0,0,0,0,1,0,1,0,0,1,0,0,0,0,0,0,0,0,0,0,0,0,0,0,0,0,0,0,0,0,0,0,2,0,39.9509,-75.2353, , 
 ,18314,2016135713,6,67,67301,2016,12,5,759,7,1,1,0,5,1, , ,N,1,2,0,3,0,1,3,3,N,N,40 03:15.541,75 04:17.098,805, ,800,1,1,5, , ,3,N, , , , ,221532, , , ,3,2,0,0,0,0,0,1,0,0,0,1,1,0,0,0,0,0,0,0,0,0,0,0,0,0,0,0,0,0,0,0,0,0,0,4,0,40.0544,-75.0717, , 
 ,18315,2016099644,6,67,67301,2016,9,4,1710,17,1,1,0,5,1, , ,N,0,0,0,3,0,1,2,2,N,N,39 56:03.787,75 09:04.104,1851, ,1845, ,0, ,N, ,0, , , , , ,221544, , , ,2,1,0,0,0,0,0,1,0,0,0,1,1,0,0,0,0,0,0,0,1,0,0,0,0,0,0,0,0,0,0,0,0,0,0,4,0,39.9344,-75.1511, , 
 ,18316,2016105898,6,67,67301,2016,9,6,1729,17,1,1,0,4,1, , ,N,1,3,0,3,0,1,2,2,N,N,40 01:30.478,75 04:57.665,1731, ,1731,2,2,7,N, ,3,Y, , , , ,221548, , , ,2,1,0,1,0,0,0,0,0,0,0,1,1,0,0,0,0,0,0,0,0,0,0,0,0,0,0,0,0,0,0,0,0,0,0,4,1,40.0251,-75.0827, , 
 ,18317,2016117160,6,67,67301,2016,10,6,1736,17,1,1,0,4,1, , ,N,1,3,0,3,0,1,2,2,N,N,39 57:21.819,75 13:39.910,1736, ,1736,1,1,1,N, ,3,Y, , , , ,221567, , , ,2,1,0,0,0,0,1,0,0,0,0,1,1,0,0,0,0,0,0,0,0,0,0,2,0,0,0,0,0,0,0,0,0,0,0,4,0,39.9561,-75.2278, , 
 ,18318,2016127820,6,67,67301,2016,11,1,350,3,3,1,0,4,1, , ,N,1,2,0,3,0,2,5,2,N,N,40 01:27.398,75 07:49.414,415, ,401, ,0, ,N, ,3, , , , , ,221575, , , ,2,1,0,0,0,0,1,0,0,0,1,1,2,0,0,0,0,0,0,0,0,0,0,0,0,0,0,0,0,0,0,0,0,0,0,3,0,40.0243,-75.1304, , 
 ,18319,2016135686,6,67,67301,2016,11,4,46,0,3,1,0,4,1, , ,N,1,3,0,3,0,0,4,4,N,N,40 01:51.513,75 07:43.510,120, ,120,2,1,1,N, ,3,N, , , , ,221579, , , ,4,3,0,0,0,0,0,1,0,0,0,0,0,0,0,0,0,0,0,0,0,0,0,0,0,0,0,0,0,0,0,0,0,0,0,0,0,40.031,-75.1288, , 
 ,18320,2017003609,6,67,67301,2016,12,6,130,1,3,1,0,4,1, , ,N,1,2,0,3,0,2,3,2,N,N,39 59:10.926,75 10:48.967,138, ,135, ,0, ,N, ,3, , , , , ,221614, , , ,2,2,0,0,0,0,0,0,0,0,0,2,2,0,0,0,0,0,0,0,0,0,0,1,0,0,0,0,0,0,0,0,0,0,0,4,0,39.9864,-75.1803, , 
 ,18321,2016105614,6,67,67301,2016,9,6,523,5,3,2,1,2,6, , ,N,0,0,1,3,0,0,1,3,N,N,39 59:57.958,75 06:28.984,525, ,523, ,0, , , ,0, , , , , ,221619, , , ,3,1,0,0,1,0,1,0,0,0,0,0,0,0,0,0,0,0,0,0,0,0,0,0,0,0,0,0,0,0,0,0,0,0,0,0,0,39.9994,-75.1081, , 
 ,18322,2016108659,6,67,67301,2016,9,6,1530,15,1,2,1,4,1, , ,N,1,2,0,3,0,1,2,2,N, ,40 00:18.388,75 08:47.979,1533, ,1533, ,0, ,N, ,3, , , , , ,221620, , , ,2,2,0,0,0,0,0,0,0,0,0,1,1,0,0,0,0,0,0,0,0,0,0,0,0,0,0,0,0,0,0,0,0,0,0,4,0,40.0051,-75.1467, , 
 ,18323,2016108578,6,67,67301,2016,10,7,340,3,3,1,0,1,1, , ,N,0,0,3,3,0,1,3,2,N, ,39 53:52.264,75 12:40.858,346, ,340, ,0, , , ,0, , , , , ,215612, , , ,2,2,0,0,0,0,0,0,0,0,0,1,1,0,0,0,0,0,0,0,0,0,0,1,0,0,0,0,0,0,0,0,0,0,0,4,0,39.8979,-75.2113, , 
U,18324,2016138212,6,67,67301,2016,11,2,700,7,3,1,0,7,4,8,8,Y,0,8,0,3,0,0,3,1,N,N,40 02:56.771,74 59:50.681,700,99,700,9,1,2,N, ,3,N,U,U,U,U,215632,U,U,U,1,1,0,0,0,0,0,0,0,0,0,0,0,0,0,0,0,0,0,0,0,0,0,0,0,0,0,0,0,0,0,0,0,0,0,0,0,40.0491,-74.9974, , 
 ,18325,2016121148,6,67,67301,2016,11,6,1915,19,3,1,0,4,1, , ,N,1,2,0,3,0,0,2,2,N,N,39 58:44.043,75 09:34.387,1925, ,1921, ,0, ,N, ,3, , , , , ,215633, , , ,2,2,0,0,0,0,0,0,0,0,0,0,0,0,0,0,0,0,0,0,1,0,0,0,0,0,0,0,0,0,0,0,0,0,0,0,0,39.9789,-75.1594, , 
 ,18326,2016068707,6,67,67301,2016,6,3,150,1,3,1,0,7,4, , ,N,0,0,0,3,0,1,1,1,N,N,40 00:46.429,75 10:27.418,205, ,200, ,0, , , ,0, , , , , ,215653, , , ,1,0,0,0,0,0,1,0,0,0,1,0,1,0,0,0,0,0,0,0,0,0,0,0,0,0,0,0,0,0,0,0,0,0,0,3,0,40.0129,-75.1743, , 
 ,18327,2016070678,6,67,67301,2016,6,6,1130,11,1,1,0,1,1, , ,N,0,0,0,3,0,2,3,2,N,N,40 01:35.756,75 05:37.693,1140, ,1137,2,1,1,N, ,0,N, , , , ,215654, , , ,2,0,0,0,1,0,1,0,0,0,0,0,2,2,0,0,0,0,0,0,2,0,0,1,0,0,0,0,0,0,0,0,0,0,0,8,0,40.0266,-75.0938, , 
 ,18328,2016072935,6,67,67301,2016,7,3,2146,21,3,1,0,1,1, , ,N,0,0,0,3,0,0,2,2,N,N,39 58:09.422,75 07:37.774,2150, ,2150,2,2,2, , ,0,N, , , , ,215657, , , ,2,1,0,0,0,1,0,0,0,0,0,0,0,0,0,0,0,1,0,0,0,0,0,0,0,0,0,0,0,0,0,0,0,0,0,0,1,39.9693,-75.1272, , 
 ,18329,2016129214,6,67,67301,2016,11,6,9999,99,3,1,0,1,1, , ,N,3,2,0,3,0,1,2,2,N, ,40 01:49.470,75 04:24.166,552, ,550, ,0, , , ,3, , , , , ,215661, , , ,2,2,0,0,0,0,0,0,0,0,0,0,1,1,0,0,0,0,0,0,0,0,0,0,0,0,0,0,0,0,0,0,0,0,0,8,0,40.0304,-75.0734, , 
 ,18330,2017007874,6,67,67301,2016,12,5,426,4,3,1,0,5,6, , ,N,0,0,0,3,0,0,1,2,N, ,40 00:46.277,75 06:27.889,436, ,426,2,1,1, , ,0,N, , , , ,215675, , , ,2,0,0,0,1,0,1,0,0,0,0,0,0,0,0,0,0,0,0,0,0,0,0,0,0,0,0,0,0,0,0,0,0,0,0,0,0,40.0129,-75.1077, , 
 ,18331,2017003656,6,67,67301,2016,12,6,1345,13,1,1,0,8,1, , ,N,1,2,0,3,0,1,2,2,N,N,39 56:12.386,75 09:35.812,1407, ,1405, ,0, ,N, ,3, , , , , ,215676, , , ,1,1,0,0,0,0,0,0,0,0,0,0,1,1,0,0,0,0,0,0,0,0,0,1,0,0,0,0,0,0,0,0,1,0,0,8,0,39.9368,-75.1599, , 
 ,18332,2016084738,6,67,67301,2016,8,6,1527,15,1,1,0,5,1, , ,N,0,0,0,3,0,0,2,2,N,N,39 54:05.345,75 09:07.398,1609, ,1609, ,0, , , ,0, , , , , ,215683, , , ,2,2,0,0,0,0,0,0,0,0,0,0,0,0,1,0,0,0,0,0,0,1,0,0,0,0,0,0,0,0,0,0,0,0,0,9,0,39.9015,-75.1521, , 
 ,18333,2016091677,6,67,67301,2016,8,2,1500,15,1,1,0,8,1, , ,N,1,2,0,3,0,1,2,2,N,Y,39 54:56.457,75 09:46.050,1520, ,1512,2,1,3, , ,3,N, , , , ,215691, , , ,1,0,0,0,0,0,1,0,0,0,0,1,1,0,0,0,0,0,0,0,0,0,0,0,0,0,0,0,0,0,0,0,1,0,0,4,0,39.9157,-75.1628, , 
 ,18334,2016097703,6,67,67301,2016,9,5,725,7,1,2,1,8,1, , ,N,1,2,0,3,0,1,2,2,N, ,39 57:17.491,75 09:04.108,735, ,733, ,0, , , ,3, , , , , ,215696, , , ,1,1,0,0,0,0,0,0,0,0,0,1,1,0,0,0,0,0,0,0,0,0,0,0,0,0,0,0,0,0,0,0,1,0,0,4,0,39.9549,-75.1511, , 
 ,18335,2016102546,6,67,67301,2016,9,6,1609,16,1,2,1,7,4, , ,N,0,0,0,3,0,0,1,1,N,N,39 54:01.555,75 09:25.924,1630, ,1616, ,0, , , ,0, , , , , ,215721, , , ,1,0,0,0,0,0,1,0,0,0,0,0,0,0,0,0,0,0,0,0,0,0,0,0,0,0,0,0,0,0,0,0,0,0,0,0,0,39.9004,-75.1572, , 
 ,18336,2016092166,6,67,67301,2016,8,3,315,3,3,1,0,4,1, , ,N,0,0,7,3,0,0,1,2,N,N,39 58:45.652,75 07:08.448,321, ,320, ,0, ,N, ,0, , , , , ,215727, , , ,2,1,0,0,0,0,1,0,0,0,0,0,0,0,1,0,0,0,0,0,0,0,0,1,0,0,0,0,0,0,0,0,0,0,0,9,0,39.9793,-75.119, , 
 ,18337,2016105939,6,67,67301,2016,9,1,1300,13,1,1,0,4,1, , ,N,1,2,0,3,0,1,3,2,N,N,40 00:11.036,75 09:51.469,1312, ,1300, ,0, , , ,3, , , , , ,215736, , , ,2,1,0,0,1,0,0,0,0,0,0,1,1,0,0,0,0,0,0,0,2,0,0,0,0,0,0,0,0,0,0,0,0,0,0,4,0,40.0031,-75.1643, , 
U,18338,2016117753,6,67,67301,2016,10,1,1725,17,1,1,0,1,1,8,8,Y,0,8,0,3,0,3,7,6,N,N,40 02:02.766,75 04:26.114,1733,99,1729,2,2,1,N, ,3,Y,U,U,U,U,215739,U,U,U,6,5,0,0,0,0,0,1,0,0,0,3,3,0,1,0,0,0,1,0,2,0,0,0,0,0,0,0,0,0,0,0,0,0,0,4,0,40.034,-75.0737, , 
 ,18339,2016117699,6,67,67301,2016,10,2,2348,23,3,1,0,4,1, , ,N,1,2,0,3,0,4,4,2,N,N,40 01:26.924,75 07:59.558,2358, ,2351, ,0, ,N, ,3, , , , , ,215740, , , ,2,2,0,0,0,0,0,0,0,0,0,4,4,0,0,0,0,0,0,0,1,0,0,0,0,0,0,0,0,0,0,0,0,0,0,4,0,40.0242,-75.133, , 
 ,18340,2016117660,6,67,67301,2016,10,3,1600,16,1,1,0,1,1, , ,N,0,0,0,3,0,0,2,2,N,N,39 56:56.173,75 09:15.415,1610, ,1603,3,1,4,N, ,0,Y, , , , ,215743, , , ,2,2,0,0,0,0,0,0,0,0,0,0,0,0,0,0,0,0,0,0,0,0,0,2,0,0,0,0,0,0,0,0,0,0,0,0,0,39.9489,-75.1543, , 