wz_ln_closure,objectid_1,crn,district,county,municipality,crash_year,crash_month,day_of_week,time_of_day,hour_of_day,illumination,weather,road_condition,collision_type,relation_to_road,work_zone_type,work_zone_loc,work_zone_ind,intersect_type,tcd_type,location_type,urban_rural,fatal_count,injury_count,person_count,total_units,sch_bus_ind,sch_zone_ind,latitude,longitude,arrival_tm,cons_zone_spd_lim,dispatch_tm,est_hrs_closed,lane_closed,ln_close_dir,ntfy_hiwy_maint,spec_juris_cd,tcd_func_cd,tfc_detour_ind,workers_pres,wz_close_detour,wz_flagger,wz_law_offcr_ind,objectid,wz_moving,wz_other,wz_shlder_mdn,vehicle_count,automobile_count,motorcycle_count,bus_count,small_truck_count,heavy_truck_count,suv_count,van_count,bicycle_count,maj_inj_count,mod_inj_count,min_inj_count,tot_inj_count,unk_inj_deg_count,unk_inj_per_count,driver_count_16yr,driver_count_17yr,driver_count_18yr,driver_count_19yr,driver_count_20yr,driver_count_50_64yr,driver_count_65_74yr,driver_count_75plus,unbelted_occ_count,unb_death_count,unb_maj_inj_count,belted_death_count,belted_maj_inj_count,mcycle_death_count,mcycle_maj_inj_count,bicycle_death_count,bicycle_maj_inj_count,ped_count,ped_death_count,ped_maj_inj_count,max_severity_level,comm_veh_count,dec_lat,dec_long,rdwy_surf_type_cd,county_name
 ,18341,2017003704,6,67,67301,2016,12,5,930,9,1,1,0,5,1, , ,N,0,0,0,3,0,1,3,2,N,N,40 02:03.362,75 10:21.195,1259, ,1253, ,0, ,N, ,0, , , , , ,218409, , , ,2,1,0,0,0,0,0,1,0,0,0,0,1,1,2,0,0,0,0,0,0,1,0,0,0,0,0,0,0,0,0,0,0,0,0,8,0,40.0343,-75.1726, , 
 ,18342,2016080449,6,67,67301,2016,6,3,950,9,1,1,0,4,1, , ,N,1,2,2,3,0,0,2,2,N,N,39 57:25.688,75 09:03.847,1015, ,951, ,0, ,N, ,3, , , , , ,218425, , , ,2,2,0,0,0,0,0,0,0,0,0,0,0,0,0,0,0,0,1,0,1,0,0,0,0,0,0,0,0,0,0,0,0,0,0,0,0,39.9571,-75.1511, , 
 ,18343,2016080702,6,67,67301,2016,6,2,1635,16,1,1,0,8,1, , ,N,0,0,0,3,0,1,2,2,N, ,40 03:14.148,75 09:21.052,1659, ,1659, ,0, , , ,0, , , , , ,218426, , , ,1,0,0,0,0,0,1,0,0,0,0,1,1,0,0,0,0,0,0,0,0,0,0,0,0,0,0,0,0,0,0,0,1,0,0,4,0,40.0539,-75.1558, , 
 ,18344,2016115139,6,67,67301,2016,9,4,810,8,1,1,0,2,1, , ,N,0,0,0,3,0,2,4,2,N, ,39 55:47.875,75 13:18.034,815, ,811,2,1,2, , ,0,N, , , , ,218445, , , ,2,1,0,0,0,0,1,0,0,0,0,2,2,0,0,0,0,0,0,0,1,0,0,1,0,0,0,0,0,0,0,0,0,0,0,4,0,39.93,-75.2217, , 
 ,18345,2016117181,6,67,67301,2016,10,7,1355,13,1,1,0,8,1, , ,N,0,0,0,3,0,1,2,2,N,N,39 58:45.436,75 07:06.203,1425, ,1420, ,0, ,N, ,0, , , , , ,218452, , , ,1,0,0,0,0,0,1,0,0,0,1,0,1,0,0,0,0,0,0,0,0,0,0,0,0,0,0,0,0,0,0,0,1,0,0,3,0,39.9793,-75.1184, , 
 ,18346,2017002078,6,67,67301,2016,12,2,1235,12,1,1,0,8,1, , ,N,1,2,0,3,0,1,2,2,N,N,39 58:40.787,75 09:09.269,1345, ,1343, ,0, ,N, ,3, , , , , ,218457, , , ,1,0,0,0,0,0,0,1,0,0,0,1,1,0,0,0,0,0,0,0,0,0,0,1,0,0,0,0,0,0,0,0,1,0,0,4,0,39.9779,-75.1526, , 
 ,18347,2016126030,6,67,67301,2016,11,7,1255,12,1,1,0,4,1, , ,N,1,3,0,3,0,0,2,2,N,N,39 59:18.528,75 13:52.978,1309, ,1259,9,1,3, , ,3,N, , , , ,218466, , , ,2,1,0,0,0,0,1,0,0,0,0,0,0,0,1,0,0,0,0,0,0,1,0,0,0,0,0,0,0,0,0,0,0,0,0,9,0,39.9885,-75.2314, , 
 ,18348,2016132180,6,67,67301,2016,11,6,1020,10,1,1,0,4,1, , ,N,0,0,0,3,0,1,2,2,N,N,40 02:08.466,75 04:51.852,1023, ,1021,3,1,1,N, ,0,Y, , , , ,218471, , , ,2,1,1,0,0,0,0,0,0,0,0,0,1,1,1,0,0,0,0,0,0,0,0,1,0,0,0,0,0,0,0,0,0,0,0,8,0,40.0357,-75.0811, , 
 ,18349,2017005244,6,67,67301,2016,12,7,1212,12,1,2,1,4,1, , ,N,1,2,0,3,0,1,2,4,N,N,39 59:21.390,75 08:34.267,1230, ,1227, ,0, ,N, ,3, , , , , ,218487, , , ,4,3,0,0,0,0,1,0,0,0,0,1,1,0,1,0,0,0,0,0,0,0,0,0,0,0,0,0,0,0,0,0,0,0,0,4,0,39.9893,-75.1429, , 
 ,18350,2016080401,6,67,67301,2016,7,1,1300,13,1,1,0,1,1, , ,N,5,2,0,3,0,1,6,2,N, ,40 02:17.631,75 03:53.830,1310, ,1306, ,0, , , ,3, , , , , ,218503, , , ,2,2,0,0,0,0,0,0,0,0,0,1,1,0,0,0,0,0,0,0,1,0,0,0,0,0,0,0,0,0,0,0,0,0,0,4,0,40.0382,-75.065, , 
 ,18351,2016105724,6,67,67301,2016,9,5,1325,13,1,1,0,4,1, , ,N,1,2,0,3,0,2,4,2,N,N,39 59:03.796,75 09:15.868,1343, ,1336, ,0, , , ,3, , , , , ,218513, , , ,2,2,0,0,0,0,0,0,0,0,0,2,2,0,0,0,0,0,0,0,1,0,0,3,0,0,0,0,0,0,0,0,0,0,0,4,0,39.9844,-75.1544, , 
 ,18352,2016112145,6,67,67301,2016,10,7,1845,18,4,1,0,4,1, , ,N,1,2,0,3,0,0,2,2,N,N,39 57:29.532,75 14:07.900,2010, ,1949, ,0, ,N, ,3, , , , , ,218521, , , ,2,1,0,0,1,0,0,0,0,0,0,0,0,0,0,0,0,0,0,0,0,0,0,0,0,0,0,0,0,0,0,0,0,0,0,0,0,39.9582,-75.2355, , 
 ,18353,2016080595,6,67,67301,2016,7,7,159,1,3,1,0,5,6, , ,N,0,0,0,3,0,1,1,3,N,N,39 59:15.300,75 10:09.600,228, ,217,3,2,2,N, ,0,Y, , , , ,218530, , , ,3,2,0,0,0,0,1,0,0,0,0,1,1,0,0,0,0,0,0,0,0,0,0,0,0,0,0,0,0,0,0,0,0,0,0,4,0,39.9876,-75.1693, , 
 ,18354,2016117169,6,67,67301,2016,10,7,2215,22,3,1,0,4,1, , ,N,1,2,0,3,0,1,2,2,N, ,39 57:44.941,75 12:24.826,2330, ,2330, ,0, , , ,3, , , , , ,218549, , , ,2,2,0,0,0,0,0,0,0,0,0,1,1,0,0,0,0,0,0,0,1,0,0,0,0,0,0,0,0,0,0,0,0,0,0,4,0,39.9625,-75.2067, , 
 ,18355,2017001645,6,67,67301,2016,12,2,1753,17,3,1,0,8,1, , ,N,0,0,7,3,0,2,3,3,N,N,39 58:24.557,75 14:42.839,1755, ,1754, ,0, ,N, ,0, , , , , ,218565, , , ,1,0,0,0,1,0,0,0,0,0,2,0,2,0,0,0,0,0,0,0,1,0,0,0,0,0,0,0,0,0,0,0,2,0,0,3,0,39.9735,-75.2452, , 
 ,18356,2016067849,6,67,67301,2016,6,4,2200,22,3,1,0,1,1, , ,N,0,0,0,3,0,1,2,2,N,N,40 01:53.294,75 05:04.476,2215, ,2211, ,0, ,N, ,0, , , , , ,218568, , , ,2,1,0,0,0,0,1,0,0,0,0,0,1,1,0,0,0,0,0,0,0,0,0,1,0,0,0,0,0,0,0,0,0,0,0,8,0,40.0315,-75.0846, , 
 ,18357,2016080235,6,67,67301,2016,7,7,1220,12,1,1,0,1,1, , ,N,1,2,0,3,0,1,3,2,N, ,39 54:27.585,75 11:24.383,1235, ,1225, ,0, , , ,3, , , , , ,218575, , , ,2,1,0,0,1,0,0,0,0,0,0,1,1,0,0,0,0,0,0,0,0,1,0,0,0,0,0,0,0,0,0,0,0,0,0,4,0,39.9075,-75.19, , 
 ,18358,2016089959,6,67,67301,2016,8,2,810,8,1,1,0,1,1, , ,N,1,2,0,3,0,1,4,3,N,N,40 03:41.901,75 14:11.684,825, ,818, ,0, ,N, ,3, , , , , ,218584, , , ,3,1,0,0,1,0,1,0,0,0,0,1,1,0,0,0,0,0,0,0,0,0,0,0,0,0,0,0,0,0,0,0,0,0,0,4,0,40.0616,-75.2366, , 
 ,18359,2016132132,6,67,67301,2016,11,3,945,9,1,2,1,4,1, , ,N,1,3,0,3,0,1,2,2,N,N,39 58:01.668,75 08:49.739,1610, ,1552, ,0, ,N, ,3, , , , , ,224222, , , ,1,1,0,0,0,0,0,0,1,0,1,0,1,0,0,0,0,0,0,0,0,0,0,1,0,0,0,0,0,0,0,0,0,0,0,3,0,39.9671,-75.1471, , 
 ,18360,2016114282,6,67,67301,2016,10,3,1646,16,1,1,0,4,1, , ,N,1,2,0,3,0,2,5,2,N, ,39 59:59.964,75 09:11.322,1654, ,1651,2,1,2, , ,3,N, , , , ,224236, , , ,2,2,0,0,0,0,0,0,0,0,0,2,2,0,0,0,0,0,0,0,0,0,0,0,0,0,0,0,0,0,0,0,0,0,0,4,0,40,-75.1531, , 
 ,18361,2016080949,6,67,67301,2016,7,6,2113,21,3,1,0,1,1, , ,N,0,2,0,3,0,2,4,3,N, ,40 06:28.263,75 01:35.231,2118, ,2113, ,0, , , ,3, , , , , ,224241, , , ,3,2,0,0,0,0,1,0,0,0,0,1,2,1,1,0,0,1,0,0,0,0,0,0,0,0,0,0,0,0,0,0,0,0,0,4,0,40.1079,-75.0265, , 
 ,18362,2016082284,6,67,67301,2016,7,7,1600,16,4,1,0,8,1, , ,N,5,2,0,3,0,1,2,2,N, ,39 57:42.283,75 09:27.737,1605, ,1600, ,0, , , ,3, , , , , ,224251, , , ,1,1,0,0,0,0,0,0,0,0,0,0,1,1,0,0,0,0,0,0,0,0,0,0,0,0,0,0,0,0,0,0,1,0,0,8,0,39.9617,-75.1577, , 
 ,18363,2016082191,6,67,67301,2016,7,7,15,0,3,1,0,4,1, , ,N,1,2,0,3,0,1,2,2,N,N,39 59:53.714,75 07:38.470,22, ,21, ,0, ,N, ,3, , , , , ,224253, , , ,2,1,1,0,0,0,0,0,0,0,1,0,1,0,0,0,0,0,1,0,0,0,0,0,0,0,0,0,0,0,0,0,0,0,0,3,0,39.9983,-75.1274, , 
 ,18364,2016090876,6,67,67301,2016,9,1,1930,19,1,1,0,1,1, , ,N,0,0,0,3,0,1,2,2,N,N,40 00:14.794,75 08:57.276,1930, ,1930,1,1,1,N, ,0,Y, , , , ,224255, , , ,2,0,0,0,0,0,1,0,0,0,0,1,1,0,0,0,0,0,0,0,0,0,0,1,0,0,0,0,0,0,0,0,0,0,0,4,0,40.0041,-75.1492, , 
 ,18365,2016106318,6,67,67301,2016,9,3,1440,14,1,1,0,4,1, , ,N,0,0,0,3,0,0,2,2,N,N,39 58:01.977,75 10:19.596,1555, ,1549, ,0, ,N, ,0, , , , , ,224266, , , ,2,1,0,0,0,0,1,0,0,0,0,0,0,0,0,0,0,0,0,0,0,1,0,0,0,0,0,0,0,0,0,0,0,0,0,0,0,39.9672,-75.1721, , 
 ,18366,2016123656,6,67,67301,2016,11,5,541,5,3,1,0,7,2, , ,N,0,0,0,3,0,0,1,1,N,N,40 02:25.807,75 00:19.454,601, ,544,2,1,1, , ,0,N, , , , ,224272, , , ,1,1,0,0,0,0,0,0,0,0,0,0,0,0,0,0,0,0,0,0,0,0,0,0,0,0,0,0,0,0,0,0,0,0,0,0,0,40.0405,-75.0054, , 
 ,18367,2016119129,6,67,67301,2016,10,7,1930,19,2,1,0,8,1, , ,N,1,3,0,3,0,1,2,2,N,N,40 03:05.086,75 07:27.616,2010, ,2000, ,0, ,N, ,3, , , , , ,224275, , , ,1,0,0,0,0,0,0,1,0,0,0,0,1,1,0,0,0,0,0,0,1,0,0,1,0,0,0,0,0,0,0,0,1,0,0,8,0,40.0514,-75.1243, , 
 ,18368,2016129508,6,67,67301,2016,11,3,2250,22,3,1,0,4,1, , ,N,1,2,0,3,0,1,2,2,N,N,39 58:42.967,75 07:49.565,2304, ,2302, ,0, , , ,3, , , , , ,224307, , , ,2,1,0,0,0,0,1,0,0,0,0,0,1,1,0,0,0,0,0,0,0,0,0,0,0,0,0,0,0,0,0,0,0,0,0,8,0,39.9786,-75.1304, , 
 ,18369,2017016464,6,67,67301,2016,4,6,1500,15,1,1,0,1,1, , ,N,0,0,0,3,0,1,2,2,N,N,40 01:16.193,75 08:27.010,0, ,0, ,0, ,N, ,0, , , , , ,224323, , , ,2,2,0,0,0,0,0,0,0,0,0,0,1,1,0,0,0,0,0,1,0,0,0,0,0,0,0,0,0,0,0,0,0,0,0,8,0,40.0212,-75.1408, , 
 ,18370,2016097731,6,67,67301,2016,9,2,1658,16,1,1,0,1,1, , ,N,0,0,3,3,0,1,3,2,N,N,39 53:52.619,75 12:40.771,1702, ,1700,1,2,4,N, ,0,N, , , , ,224368, , , ,2,1,0,0,0,0,0,1,0,0,0,1,1,0,0,0,0,0,0,0,1,0,0,0,0,0,0,0,0,0,0,0,0,0,0,4,0,39.8979,-75.2113, , 
 ,18371,2016089934,6,67,67301,2016,8,7,9999,99,1,1,0,4,1, , ,N,1,2,0,3,0,2,2,2,N, ,39 59:34.792,75 08:04.235,1306, ,1259, ,0, , , ,3, , , , , ,224380, , , ,2,2,0,0,0,0,0,0,0,0,0,2,2,0,0,0,0,0,0,0,0,0,0,0,0,0,0,0,0,0,0,0,0,0,0,4,0,39.993,-75.1345, , 
 ,18372,2016080124,6,67,67301,2016,6,4,1900,19,1,1,0,4,1, , ,N,0,0,7,3,0,0,2,2,N,N,39 58:46.446,75 13:10.157,1940, ,1937, ,0, , , ,0, , , , , ,224390, , , ,2,1,0,0,0,0,0,1,0,0,0,0,0,0,0,0,0,0,0,0,1,0,0,0,0,0,0,0,0,0,0,0,0,0,0,0,0,39.9796,-75.2195, , 
 ,18373,2016080678,6,67,67301,2016,7,1,1215,12,1,1,0,4,1, , ,N,1,2,0,3,0,0,3,2,N,N,39 59:54.322,75 08:27.074,1218, ,1216,1,1,3,N, ,3,Y, , , , ,224391, , , ,2,1,0,0,0,0,1,0,0,0,0,0,0,0,0,0,0,0,0,0,1,0,0,0,0,0,0,0,0,0,0,0,0,0,0,0,0,39.9984,-75.1409, , 
 ,18374,2016089124,6,67,67301,2016,8,6,526,5,3,1,0,6,1, , ,N,0,0,0,3,0,0,2,2,N,N,39 58:00.068,75 11:15.549,533, ,532,3,1,3, , ,0,N, , , , ,224395, , , ,2,1,0,0,1,0,0,0,0,0,0,0,0,0,0,0,0,0,0,0,0,0,0,1,0,0,0,0,0,0,0,0,0,0,0,0,0,39.9667,-75.1877, , 
 ,18375,2016085938,6,67,67301,2016,8,4,955,9,1,1,0,8,1, , ,N,0,0,0,3,0,1,2,2,N,N,39 57:13.818,75 09:30.918,955, ,955, ,0, ,N, ,0, , , , , ,224402, , , ,1,0,0,0,0,0,1,0,0,0,0,0,1,1,0,0,0,0,0,0,0,0,0,0,0,0,0,0,0,0,0,0,1,0,0,8,0,39.9538,-75.1586, , 
 ,18376,2016097205,6,67,67301,2016,8,6,1755,17,1,1,0,4,1, , ,N,3,2,0,3,0,1,2,2,N,N,40 00:55.139,75 12:29.255,1810, ,1810, ,0, ,N, ,3, , , , , ,224407, , , ,1,0,0,0,0,0,1,0,1,0,0,1,1,0,0,0,0,0,0,0,0,0,0,0,0,0,0,0,0,0,0,0,0,0,0,4,0,40.0153,-75.2081, , 
 ,18377,2016105634,6,67,67301,2016,9,6,1643,16,1,1,0,1,1, , ,N,0,0,0,3,0,1,2,2,N,N,40 00:23.462,75 10:15.762,1649, ,1645, ,0, ,N, ,0, , , , , ,221624, , , ,2,1,0,0,0,0,1,0,0,0,0,0,1,1,0,0,0,0,0,0,0,0,0,0,0,0,0,0,0,0,0,0,0,0,0,8,0,40.0065,-75.171, , 
 ,18378,2016117183,6,67,67301,2016,10,1,345,3,3,1,0,4,1, , ,N,1,2,0,3,0,0,2,2,N,N,39 55:49.693,75 10:06.289,352, ,350, ,0, , , ,3, , , , , ,221625, , , ,2,1,0,0,0,0,0,1,0,0,0,0,0,0,0,0,0,0,0,0,0,0,0,0,0,0,0,0,0,0,0,0,0,0,0,0,0,39.9305,-75.1683, , 
 ,18379,2016127838,6,67,67301,2016,11,6,1510,15,1,1,0,8,1, , ,N,2,3,0,3,0,2,3,3,N,N,40 03:03.108,75 12:10.791,2020, ,2014, ,0, ,N, ,3, , , , , ,221635, , , ,1,1,0,0,0,0,0,0,0,0,0,2,2,0,0,0,0,0,0,0,0,0,0,0,0,0,0,0,0,0,0,0,2,0,0,4,0,40.0509,-75.203, , 
 ,18380,2016138256,6,67,67301,2016,12,2,1809,18,3,1,0,4,1, , ,N,0,0,0,3,0,1,2,2,N,N,40 01:44.100,75 12:21.065,1818, ,1812,1,2,5,N, ,0,Y, , , , ,221649, , , ,2,2,0,0,0,0,0,0,0,0,1,0,1,0,0,0,0,0,0,0,1,0,0,0,0,0,0,0,0,0,0,0,0,0,0,3,0,40.0289,-75.2059, , 
 ,18381,2017005272,6,67,67301,2016,12,5,1921,19,3,1,0,4,1, , ,N,1,2,0,3,0,0,4,2,N,N,40 02:43.800,75 09:53.514,9999, ,9999, ,0, ,N, ,3, , , , , ,221656, , , ,2,1,0,0,0,0,1,0,0,0,0,0,0,0,0,0,0,0,0,0,1,0,0,0,0,0,0,0,0,0,0,0,0,0,0,0,0,40.0455,-75.1649, , 
 ,18382,2017007891,6,67,67301,2016,12,7,1311,13,1,1,0,1,2, , ,N,0,0,0,3,0,0,1,3,N, ,39 58:38.120,75 07:13.710,1321, ,1313, ,0, , , ,0, , , , , ,221657, , , ,3,0,0,0,1,0,2,0,0,0,0,0,0,0,0,0,0,0,0,0,0,0,0,0,0,0,0,0,0,0,0,0,0,0,0,0,0,39.9773,-75.1205, , 
 ,18383,2017005187,6,67,67301,2016,12,2,200,2,3,1,1,4,1, , ,N,1,2,0,3,0,1,3,2,N,N,40 02:16.065,75 04:52.525,235, ,230, ,0, , , ,3, , , , , ,221658, , , ,2,2,0,0,0,0,0,0,0,0,0,1,1,0,0,0,0,0,0,0,0,0,0,1,0,0,0,0,0,0,0,0,0,0,0,4,0,40.0378,-75.0813, , 
 ,18384,2016080867,6,67,67301,2016,7,1,848,8,1,1,0,4,1, , ,N,1,2,0,3,0,1,2,3,N,N,39 59:51.790,75 07:23.708,851, ,850,2,2,2,N, ,3,Y, , , , ,221665, , , ,3,1,0,0,0,0,1,1,0,0,0,0,1,1,0,0,0,0,0,0,0,0,0,0,0,0,0,0,0,0,0,0,0,0,0,8,0,39.9977,-75.1232, , 
 ,18385,2016086375,6,67,67301,2016,8,7,13,0,3,1,0,7,5, , ,N,0,0,0,3,0,1,1,1,N,N,40 00:05.260,75 13:33.006,15, ,13,2,1,2, , ,0,N, , , , ,221668, , , ,1,0,0,0,0,0,0,1,0,0,1,0,1,0,0,0,0,0,0,0,0,0,0,0,0,0,0,0,0,0,0,0,0,0,0,3,0,40.0015,-75.2258, , 
 ,18386,2016137870,6,67,67301,2016,12,5,1251,12,1,1,0,1,1, , ,N,0,0,0,3,0,2,5,3,N,N,39 54:45.283,75 08:55.103,1311, ,1254,1,2,2, , ,0,N, , , , ,221687, , , ,3,1,0,0,1,0,1,0,0,0,2,0,2,0,0,0,0,0,0,0,3,0,0,0,0,0,0,0,0,0,0,0,0,0,0,3,0,39.9126,-75.1486, , 
N,18387,2016119354,6,67,67301,2016,11,6,1313,13,1,1,0,5,1,1,2,Y,0,0,0,3,0,1,3,2,N,N,39 59:29.871,75 05:09.297,1339,45,1315, ,0, , , ,0, ,N,N,N,N,221710,N,N,Y,2,1,0,0,0,1,0,0,0,0,1,0,1,0,0,0,0,0,0,0,1,0,0,0,0,0,0,0,0,0,0,0,0,0,0,3,1,39.9916,-75.0859, , 
 ,18388,2016135745,6,67,67301,2016,12,1,1945,19,3,1,0,5,6, , ,N,0,0,0,3,0,0,1,2,N,N,39 55:06.305,75 10:07.225,2030, ,2020, ,0, , , ,0, , , , , ,221718, , , ,2,0,0,0,0,0,2,0,0,0,0,0,0,0,0,0,0,0,0,0,0,0,0,0,0,0,0,0,0,0,0,0,0,0,0,0,0,39.9184,-75.1687, , 
 ,18389,2016105931,6,67,67301,2016,9,3,750,7,1,1,0,1,1, , ,N,1,2,0,3,0,1,3,3,N,N,40 00:52.752,75 09:24.063,835, ,824, ,0, ,N, ,3, , , , , ,221726, , , ,3,3,0,0,0,0,0,0,0,0,0,1,1,0,2,0,0,0,0,0,0,0,0,0,0,0,0,0,0,0,0,0,0,0,0,4,0,40.0146,-75.1567, , 
 ,18390,2016105518,6,67,67301,2016,9,6,1830,18,1,1,0,1,6, , ,N,0,0,0,3,0,2,3,2,N, ,40 00:55.596,75 07:03.414,1850, ,1850, ,0, , , ,0, , , , , ,221728, , , ,2,2,0,0,0,0,0,0,0,0,0,2,2,0,0,0,0,0,0,0,0,0,0,0,0,0,0,0,0,0,0,0,0,0,0,4,0,40.0154,-75.1176, , 
 ,18391,2016079405,6,67,67301,2016,7,7,642,6,1,1,0,7,5, , ,N,0,0,0,3,0,2,3,2,N,N,39 55:54.293,75 11:59.505,651, ,642,2,1,3, , ,0,N, , , , ,221742, , , ,2,0,0,0,0,0,2,0,0,0,0,1,2,1,0,0,0,0,0,1,0,0,0,0,0,0,0,0,0,0,0,0,0,0,0,4,0,39.9317,-75.1999, , 
 ,18392,2016080331,6,67,67301,2016,7,7,1247,12,1,1,0,4,1, , ,N,5,2,0,3,0,1,3,3,N,N,40 02:22.412,75 04:26.947,1250, ,1247, ,0, ,N, ,3, , , , , ,221743, , , ,3,2,0,0,0,0,1,0,0,0,0,0,1,1,0,0,0,0,0,0,1,0,0,0,0,0,0,0,0,0,0,0,0,0,0,8,0,40.0396,-75.0742, , 
 ,18393,2016097607,6,67,67301,2016,9,1,2215,22,3,1,0,5,1, , ,N,0,0,0,3,0,2,2,2,N, ,40 01:57.264,75 04:49.953,2215, ,2215,2,2,1,N, ,0,Y, , , , ,221748, , , ,2,0,2,0,0,0,0,0,0,0,2,0,2,0,0,0,0,0,0,0,0,0,0,0,0,0,0,0,0,0,0,0,0,0,0,3,0,40.0326,-75.0805, , 
 ,18394,2016099532,6,67,67301,2016,9,3,908,9,1,1,0,8,1, , ,N,0,0,0,3,0,1,2,2,N,N,40 01:37.187,75 08:50.538,912, ,911, ,0, , , ,0, , , , , ,221756, , , ,1,1,0,0,0,0,0,0,0,0,1,0,1,0,0,0,0,0,0,0,0,0,0,0,0,0,0,0,0,0,0,0,1,0,0,3,0,40.027,-75.1474, , 
 ,18395,2016133282,6,67,67301,2016,12,3,2137,21,3,2,1,7,2, , ,N,0,0,0,3,0,0,1,1,N,N,39 57:36.129,75 10:48.044,2144, ,2137,1,1,3, , ,0,N, , , , ,221767, , , ,1,1,0,0,0,0,0,0,0,0,0,0,0,0,0,0,0,0,0,0,0,0,0,0,0,0,0,0,0,0,0,0,0,0,0,0,0,39.96,-75.18, , 
 ,18396,2016129260,6,67,67301,2016,11,6,1505,15,1,1,0,4,1, , ,N,1,3,0,3,0,2,3,2,N, ,39 59:11.933,75 08:47.141,1514, ,1514, ,0, , , ,3, , , , , ,215761, , , ,2,2,0,0,0,0,0,0,0,0,0,1,2,1,0,0,0,0,0,0,1,0,0,0,0,0,0,0,0,0,0,0,0,0,0,4,0,39.9866,-75.1464, , 
 ,18397,2016135718,6,67,67301,2016,12,5,850,8,1,1,0,8,1, , ,N,1,2,0,3,0,1,2,2,N,N,39 57:39.360,75 14:42.201,852, ,852, ,0, ,N, ,3, , , , , ,215788, , , ,1,1,0,0,0,0,0,0,0,0,0,1,1,0,0,0,0,0,0,0,1,0,0,0,0,0,0,0,0,0,0,0,1,0,0,4,0,39.9609,-75.245, , 
 ,18398,2016112057,6,67,67301,2016,10,4,1745,17,1,1,0,1,1, , ,N,0,0,0,3,0,2,4,2,N, ,40 00:32.436,75 03:57.478,1752, ,1749, ,0, , , ,0, , , , , ,215849, , , ,2,2,0,0,0,0,0,0,0,0,0,0,2,2,0,0,0,0,0,0,0,0,0,0,0,0,0,0,0,0,0,0,0,0,0,8,0,40.009,-75.066, , 
 ,18399,2016111200,6,67,67301,2016,9,6,106,1,3,2,1,7,2, , ,N,0,0,0,3,0,0,1,1,N,N,39 56:04.989,75 11:59.818,109, ,109, ,0, , , ,0, , , , , ,215859, , , ,1,1,0,0,0,0,0,0,0,0,0,0,0,0,0,0,0,0,0,0,0,0,0,0,0,0,0,0,0,0,0,0,0,0,0,0,0,39.9347,-75.1999, , 
 ,18400,2016120564,6,67,67301,2016,10,6,845,8,1,1,0,4,1, , ,N,1,2,0,3,0,2,4,3,N,N,39 59:43.909,75 09:15.275,939, ,936,3,1,2,N, ,3,N, , , , ,215871, , , ,2,1,0,0,0,0,1,0,0,0,0,2,2,0,2,0,0,0,0,0,0,0,0,0,0,0,0,0,0,0,0,0,1,0,0,4,0,39.9955,-75.1541, , 
 ,18401,2016126070,6,67,67301,2016,11,1,222,2,3,1,0,8,1, , ,N,1,2,0,3,1,1,3,3,N,N,39 57:05.956,75 09:29.697,223, ,220,4,2,7,N,0,3,Y, , , , ,215876, , , ,1,0,0,0,1,0,0,0,0,1,0,0,1,0,0,0,0,0,0,0,0,0,0,0,0,0,0,0,0,0,0,0,2,1,1,1,0,39.9517,-75.1582,2, 
 ,18402,2016124414,6,67,67301,2016,10,6,652,6,3,1,0,7,5, , ,N,1,2,0,3,0,1,1,1,N,N,40 00:28.314,75 10:20.141,658, ,653, ,0, ,N, ,3, , , , , ,215895, , , ,1,0,0,0,0,0,0,1,0,0,0,1,1,0,0,0,0,0,0,0,0,0,0,0,0,0,0,0,0,0,0,0,0,0,0,4,0,40.0079,-75.1723, , 
 ,18403,2017017423,6,67,67301,2016,4,4,1300,13,1,1,0,1,1, , ,N,0,0,0,3,0,1,2,2,N,N,39 59:50.454,75 04:17.502,0, ,0, ,0, ,N, ,0, , , , , ,215902, , , ,2,2,0,0,0,0,0,0,0,0,0,0,1,1,0,0,0,0,0,0,0,0,1,0,0,0,0,0,0,0,0,0,0,0,0,8,0,39.9973,-75.0715, , 
 ,18404,2016068669,6,67,67301,2016,6,3,930,9,1,1,0,4,1, , ,N,1,2,0,3,0,1,3,2,N, ,39 58:26.116,75 12:23.386,950, ,949, ,0, , , ,3, , , , , ,215912, , , ,2,1,0,0,0,0,1,0,0,0,0,1,1,0,0,0,0,0,0,0,0,0,0,0,0,0,0,0,0,0,0,0,0,0,0,4,0,39.9738,-75.2064, , 
 ,18405,2016070676,6,67,67301,2016,6,4,2130,21,3,1,0,4,1, , ,N,5,2,0,3,0,2,4,2,N,N,40 03:20.430,75 03:32.144,2140, ,2140, ,0, , , ,3, , , , , ,215913, , , ,2,1,0,0,0,0,1,0,0,0,0,1,2,1,0,0,0,0,0,0,0,0,0,0,0,0,0,0,0,0,0,0,0,0,0,4,0,40.0557,-75.0589, , 
 ,18406,2016097118,6,67,67301,2016,8,3,1130,11,1,1,0,5,1, , ,N,0,0,0,3,0,2,3,2,N,N,39 57:19.221,75 12:44.557,1130, ,1130,1,1,4,N, ,0,N, , , , ,215923, , , ,2,2,0,0,0,0,0,0,0,0,0,2,2,0,0,0,0,0,0,0,2,0,0,0,0,0,0,0,0,0,0,0,0,0,0,4,0,39.9553,-75.2124, , 