wz_ln_closure,objectid_1,crn,district,county,municipality,crash_year,crash_month,day_of_week,time_of_day,hour_of_day,illumination,weather,road_condition,collision_type,relation_to_road,work_zone_type,work_zone_loc,work_zone_ind,intersect_type,tcd_type,location_type,urban_rural,fatal_count,injury_count,person_count,total_units,sch_bus_ind,sch_zone_ind,latitude,longitude,arrival_tm,cons_zone_spd_lim,dispatch_tm,est_hrs_closed,lane_closed,ln_close_dir,ntfy_hiwy_maint,spec_juris_cd,tcd_func_cd,tfc_detour_ind,workers_pres,wz_close_detour,wz_flagger,wz_law_offcr_ind,objectid,wz_moving,wz_other,wz_shlder_mdn,vehicle_count,automobile_count,motorcycle_count,bus_count,small_truck_count,heavy_truck_count,suv_count,van_count,bicycle_count,maj_inj_count,mod_inj_count,min_inj_count,tot_inj_count,unk_inj_deg_count,unk_inj_per_count,driver_count_16yr,driver_count_17yr,driver_count_18yr,driver_count_19yr,driver_count_20yr,driver_count_50_64yr,driver_count_65_74yr,driver_count_75plus,unbelted_occ_count,unb_death_count,unb_maj_inj_count,belted_death_count,belted_maj_inj_count,mcycle_death_count,mcycle_maj_inj_count,bicycle_death_count,bicycle_maj_inj_count,ped_count,ped_death_count,ped_maj_inj_count,max_severity_level,comm_veh_count,dec_lat,dec_long,rdwy_surf_type_cd,county_name
 ,18540,2016099563,6,67,67301,2016,9,1,918,9,1,1,0,4,1, , ,N,1,2,3,3,0,1,2,2,N, ,39 57:25.881,75 09:31.332,923, ,920, ,0, , , ,3, , , , , ,222133, , , ,2,0,0,0,0,0,1,1,0,0,0,1,1,0,0,0,0,0,0,0,0,0,0,0,0,0,0,0,0,0,0,0,0,0,0,4,0,39.9572,-75.1587, , 
 ,18541,2016105526,6,67,67301,2016,9,5,640,6,1,2,1,1,1, , ,N,0,0,0,3,0,0,2,2,N,N,40 02:20.824,75 11:20.626,820, ,813, ,0, ,N, ,0, , , , , ,222143, , , ,2,2,0,0,0,0,0,0,0,0,0,0,0,0,1,0,0,0,0,0,0,0,0,0,0,0,0,0,0,0,0,0,0,0,0,9,0,40.0391,-75.1891, , 
 ,18542,2016080880,6,67,67301,2016,7,2,1800,18,1,1,0,1,1, , ,N,5,2,0,3,0,1,2,2,N,N,40 01:45.930,75 03:46.272,2004, ,2002, ,0, ,N, ,3, , , , , ,216183, , , ,2,2,0,0,0,0,0,0,0,0,0,1,1,0,0,0,0,0,0,0,0,0,0,1,0,0,0,0,0,0,0,0,0,0,0,4,0,40.0294,-75.0627, , 
 ,18543,2016071091,6,67,67301,2016,6,7,804,8,1,1,0,4,1, , ,N,3,0,0,3,0,1,2,2,N,N,39 58:31.665,75 11:27.285,830, ,822, ,0, ,N, ,0, , , , , ,216202, , , ,1,1,0,0,0,0,0,0,1,0,0,1,1,0,0,0,0,0,0,0,0,0,0,0,0,0,0,0,0,0,0,0,0,0,0,4,0,39.9755,-75.1909, , 
 ,18544,2016081449,6,67,67301,2016,7,3,827,8,1,1,0,1,1, , ,N,0,0,0,3,0,1,2,2,N,N,40 01:35.581,75 05:41.295,847, ,831, ,0, ,N, ,0, , , , , ,216208, , , ,2,0,0,0,0,0,2,0,0,0,0,1,1,0,0,0,0,0,0,0,0,0,0,0,0,0,0,0,0,0,0,0,0,0,0,4,0,40.0266,-75.0948, , 
 ,18545,2016084578,6,67,67301,2016,8,6,9999,99,1,1,0,8,1, , ,N,2,2,0,3,0,1,2,2,N,N,39 58:37.868,75 15:55.515,1649, ,1649,1,1,4, , ,3,Y, , , , ,216213, , , ,1,1,0,0,0,0,0,0,0,0,0,0,1,1,0,0,0,0,0,0,1,0,0,1,0,0,0,0,0,0,0,0,1,0,0,8,0,39.9772,-75.2654, , 
 ,18546,2016128390,6,67,67301,2016,12,5,102,1,3,1,0,7,4, , ,N,0,0,0,3,0,0,1,1,N,N,39 57:20.238,75 10:51.002,114, ,102,3,2,3, , ,0,Y, , , , ,216247, , , ,1,1,0,0,0,0,0,0,0,0,0,0,0,0,0,0,0,0,0,0,0,0,0,0,0,0,0,0,0,0,0,0,0,0,0,0,0,39.9556,-75.1808, , 
 ,18547,2016053758,6,67,67301,2016,5,3,750,7,1,2,1,4,1, , ,N,2,3,0,3,0,3,3,2,N,N,39 54:29.779,75 09:26.596,803, ,754,1,1,3,N, ,3,Y, , , , ,216252, , , ,2,0,0,0,0,0,1,1,0,0,0,3,3,0,0,0,0,0,0,0,1,0,0,0,0,0,0,0,0,0,0,0,0,0,0,4,0,39.9083,-75.1574, , 
 ,18548,2016080173,6,67,67301,2016,7,1,1613,16,1,1,0,4,1, , ,N,1,3,0,3,0,1,3,2,N,N,40 03:26.672,75 08:50.099,1730, ,1727, ,0, ,N, ,3, , , , , ,216274, , , ,2,2,0,0,0,0,0,0,0,0,0,1,1,0,1,0,0,0,0,0,0,0,0,0,0,0,0,0,0,0,0,0,0,0,0,4,0,40.0574,-75.1472, , 
 ,18549,2016097692,6,67,67301,2016,9,5,1847,18,1,1,0,4,1, , ,N,1,3,0,3,0,1,3,3,N, ,40 03:57.202,75 10:35.464,1856, ,1851, ,0, , , ,3, , , , , ,216286, , , ,3,2,0,0,0,0,1,0,0,0,0,0,1,1,1,0,0,0,0,0,1,0,0,0,0,0,0,0,0,0,0,0,0,0,0,8,0,40.0659,-75.1765, , 
 ,18550,2016119155,6,67,67301,2016,10,5,1700,17,3,1,0,1,1, , ,N,1,2,0,3,0,3,5,2,N, ,40 02:22.366,75 02:44.910,1940, ,1937, ,0, , , ,3, , , , , ,216295, , , ,2,0,0,0,0,0,2,0,0,0,0,3,3,0,1,0,0,0,0,0,0,0,0,0,0,0,0,0,0,0,0,0,0,0,0,4,0,40.0395,-75.0458, , 
 ,18551,2016126067,6,67,67301,2016,11,6,1750,17,3,1,0,7,4, , ,N,0,0,0,3,0,1,4,1,N, ,39 55:22.125,75 08:32.995,1808, ,1805, ,0, , , ,0, , , , , ,216305, , , ,1,1,0,0,0,0,0,0,0,0,0,0,1,1,0,0,0,0,0,0,0,0,0,0,0,0,0,0,0,0,0,0,0,0,0,8,0,39.9228,-75.1425, , 
 ,18552,2016138322,6,67,67301,2016,12,7,1355,13,1,1,1,7,5, , ,N,6,0,2,3,0,1,1,1,N,N,39 55:24.160,75 11:32.076,1401, ,1355,2,1,4, , ,0,N, , , , ,216307, , , ,1,1,0,0,0,0,0,0,0,0,0,0,1,1,0,0,0,0,0,0,0,0,0,1,0,0,0,0,0,0,0,0,0,0,0,8,0,39.9234,-75.1922, , 
 ,18553,2016138195,6,67,67301,2016,12,1,220,2,3,1,0,8,1, , ,N,0,0,0,3,0,1,2,2,N,N,39 56:37.485,75 09:58.159,423, ,422, ,0, ,N, ,0, , , , , ,216319, , , ,1,1,0,0,0,0,0,0,0,0,0,1,1,0,0,0,0,0,0,0,0,0,0,1,0,0,0,0,0,0,0,0,1,0,0,4,0,39.9437,-75.1662, , 
 ,18554,2016052405,6,67,67301,2016,4,7,845,8,1,1,0,4,1, , ,N,3,3,0,3,0,1,2,2,N, ,40 04:44.742,75 02:12.368,855, ,850, ,0, , , ,3, , , , , ,216327, , , ,2,0,0,0,1,0,1,0,0,0,0,1,1,0,0,0,1,0,0,0,0,0,0,0,0,0,0,0,0,0,0,0,0,0,0,4,0,40.0791,-75.0368, , 
 ,18555,2017005201,6,67,67301,2016,12,2,135,1,3,1,0,1,6, , ,N,0,0,0,3,0,0,1,2,N, ,40 03:09.139,75 03:42.837,139, ,138, ,0, ,N, ,0, , , , , ,216338, , , ,2,0,0,0,1,0,0,1,0,0,0,0,0,0,0,0,0,0,0,0,0,0,0,0,0,0,0,0,0,0,0,0,0,0,0,0,0,40.0525,-75.0619, , 
 ,18556,2017023073,6,67,67301,2016,11,3,2200,22,3,9,1,4,1, , ,N,1,3,0,3,0,1,2,2,N,N,39 59:32.200,75 07:11.866,0, ,0, ,0, ,N, ,3, , , , , ,216341, , , ,2,1,0,0,0,0,0,0,0,1,0,0,1,0,0,0,0,0,0,0,0,0,0,0,0,0,0,1,0,0,0,0,0,0,0,2,0,39.9923,-75.12, , 
 ,18557,2016052833,6,67,67301,2016,4,6,1906,19,4,1,0,1,1, , ,N,0,0,0,3,0,1,1,2,N,N,39 58:51.520,75 06:36.169,1928, ,1924,1,2,1,N, ,0,Y, , , , ,216343, , , ,2,2,0,0,0,0,0,0,0,0,0,1,1,0,0,0,0,0,0,0,0,0,0,0,0,0,0,0,0,0,0,0,0,0,0,4,0,39.981,-75.11, , 
 ,18558,2016058504,6,67,67301,2016,5,5,2342,23,3,1,0,7,4, , ,N,0,0,0,3,0,0,1,1,N,N,40 03:40.290,75 12:37.674,2355, ,2342, ,0, ,N, ,0, , , , , ,216353, , , ,1,0,0,0,0,0,1,0,0,0,0,0,0,0,0,0,0,0,0,0,0,0,0,1,0,0,0,0,0,0,0,0,0,0,0,0,0,40.0612,-75.2105, , 
 ,18559,2016058786,6,67,67301,2016,5,6,1918,19,1,1,0,7,3, , ,N,0,0,0,3,0,1,2,1,N,N,39 53:24.998,75 13:12.979,1929, ,1921, ,0, , , ,0, , , , , ,216354, , , ,1,0,0,0,1,0,0,0,0,0,1,0,1,0,0,0,0,0,0,0,0,0,0,1,0,0,0,0,0,0,0,0,0,0,0,3,0,39.8903,-75.2203, , 
 ,18560,2016105937,6,67,67301,2016,9,6,809,8,1,1,0,4,1, , ,N,2,3,0,3,0,1,2,2,N,N,39 59:35.138,75 12:54.655,825, ,815, ,0, ,N, ,3, , , , , ,219016, , , ,2,0,1,0,0,0,1,0,0,0,0,1,1,0,0,0,0,0,0,0,0,1,0,0,0,0,0,0,0,0,0,0,0,0,0,4,0,39.9931,-75.2152, , 
 ,18561,2016080233,6,67,67301,2016,7,2,1750,17,1,1,0,4,1, , ,N,1,3,0,3,0,1,2,2,N,N,40 04:36.267,75 10:13.036,1810, ,1756, ,0, ,N, ,3, , , , , ,219047, , , ,2,2,0,0,0,0,0,0,0,0,0,1,1,0,0,0,0,0,0,0,1,0,1,0,0,0,0,0,0,0,0,0,0,0,0,4,0,40.0767,-75.1703, , 
 ,18562,2016099579,6,67,67301,2016,9,2,1635,16,1,1,0,5,6, , ,N,0,0,0,3,0,0,1,2,N, ,39 58:51.859,75 11:19.413,1730, ,1727, ,0, , , ,0, , , , , ,219048, , , ,2,1,0,0,0,0,1,0,0,0,0,0,0,0,0,0,0,0,0,0,0,0,1,0,0,0,0,0,0,0,0,0,0,0,0,0,0,39.9811,-75.1887, , 
 ,18563,2016092060,6,67,67301,2016,8,6,1905,19,3,1,0,4,1, , ,N,1,2,0,3,0,1,6,2,N,N,39 59:17.890,75 15:14.288,1917, ,1910, ,0, ,N, ,3, , , , , ,219051, , , ,2,1,0,0,0,0,1,0,0,0,0,1,1,0,0,0,0,0,0,0,1,0,0,0,0,0,0,0,0,0,0,0,0,0,0,4,0,39.9883,-75.254, , 
 ,18564,2016117881,6,67,67301,2016,11,6,1142,11,1,1,0,5,1, , ,N,0,0,0,3,0,1,4,2,N,N,39 57:24.464,75 09:15.518,1204, ,1148, ,0, , , ,0, , , , , ,219057, , , ,2,0,0,0,0,0,0,1,0,0,0,0,1,1,1,0,0,0,0,0,0,0,0,0,0,0,0,0,0,0,0,0,0,0,0,8,0,39.9568,-75.1543, , 
 ,18565,2016112077,6,67,67301,2016,10,3,1755,17,1,1,0,8,1, , ,N,1,3,0,3,0,1,2,2,N,N,39 56:39.152,75 10:37.786,1823, ,1802, ,0, , , ,3, , , , , ,219061, , , ,1,0,0,1,0,0,0,0,0,0,0,0,1,1,0,0,0,0,0,0,0,0,0,0,0,0,0,0,0,0,0,0,1,0,0,8,1,39.9442,-75.1772, , 
 ,18566,2016108606,6,67,67301,2016,10,2,2115,21,3,1,0,5,1, , ,N,0,0,0,3,0,1,3,3,N,N,39 57:26.987,75 08:38.059,2135, ,2130,2,1,4,N, ,0,N, , , , ,219062, , , ,3,3,0,0,0,0,0,0,0,0,0,0,1,1,0,0,0,0,0,0,0,0,0,1,0,0,0,0,0,0,0,0,0,0,0,8,0,39.9575,-75.1439, , 
 ,18567,2016091612,6,67,67301,2016,8,7,1559,15,1,1,0,4,1, , ,N,1,3,0,3,0,5,7,2,N,N,40 02:37.639,75 03:11.103,1605, ,1600,2,1,2, , ,3,N, , , , ,219091, , , ,2,0,0,0,0,0,2,0,0,0,0,1,5,4,0,0,0,0,0,0,0,0,0,6,0,0,0,0,0,0,0,0,0,0,0,4,0,40.0437,-75.0531, , 
 ,18568,2016103395,6,67,67301,2016,9,4,2335,23,3,2,1,7,7, , ,N,3,8,8,3,0,1,2,1,N,N,39 57:18.966,75 08:51.784,2335, ,2335,2,2,4,N, ,3,Y, , , , ,219092, , , ,1,1,0,0,0,0,0,0,0,0,0,0,1,1,0,0,0,0,0,1,0,0,0,1,0,0,0,0,0,0,0,0,0,0,0,8,0,39.9553,-75.1477, , 
 ,18569,2016138227,6,67,67301,2016,12,3,1500,15,1,2,1,8,1, , ,N,1,2,0,3,0,1,2,2,N,N,39 57:07.661,75 09:41.216,1938, ,1836, ,0, ,N, ,3, , , , , ,219116, , , ,1,1,0,0,0,0,0,0,0,0,0,1,1,0,0,0,0,0,0,0,0,0,0,0,0,0,0,0,0,0,0,0,1,0,0,4,0,39.9521,-75.1615, , 
 ,18570,2017004196,6,67,67301,2016,12,2,1105,11,1,1,0,1,1, , ,N,0,0,0,3,0,0,2,2,N, ,40 00:13.720,75 08:48.799,1112, ,1105, ,0, , , ,0, , , , , ,219119, , , ,2,1,0,0,0,0,0,1,0,0,0,0,0,0,0,0,0,0,0,0,1,0,0,0,0,0,0,0,0,0,0,0,0,0,0,0,0,40.0038,-75.1469, , 
 ,18571,2016056082,6,46,46108,2016,5,6,1707,17,1,2,1,1,1, , ,N,2,3,0,3,0,0,2,2,N,N,40 05:13.538,75 12:48.575,1729, ,1729,1,1,3,N, ,3,N, , , , ,219125, , , ,2,1,0,0,1,0,0,0,0,0,0,0,0,0,0,0,0,0,0,0,0,1,0,0,0,0,0,0,0,0,0,0,0,0,0,0,0,40.0871,-75.2135, , 
 ,18572,2016058576,6,67,67301,2016,5,5,715,7,1,1,0,4,1, , ,N,1,2,0,3,0,2,4,2,N, ,39 56:32.680,75 13:08.572,820, ,813, ,0, , , ,3, , , , , ,219126, , , ,2,2,0,0,0,0,0,0,0,0,0,1,2,1,2,0,0,0,0,0,0,0,0,0,0,0,0,0,0,0,0,0,0,0,0,4,0,39.9424,-75.2191, , 
 ,18573,2016071078,6,67,67301,2016,6,2,1430,14,1,1,0,1,1, , ,N,0,2,0,3,0,0,4,4,N, ,40 03:40.277,75 05:00.011,1555, ,1540, ,0, , , ,3, , , , , ,219137, , , ,4,0,0,0,1,0,0,1,0,0,0,0,0,0,0,0,0,0,0,0,0,1,0,1,0,0,0,0,0,0,0,0,0,0,0,0,0,40.0612,-75.0833, , 
 ,18574,2016071096,6,67,67301,2016,6,2,800,8,1,1,0,4,1, , ,N,1,3,0,3,0,0,4,2,N, ,39 56:46.600,75 13:25.096,817, ,815,3,1,2, , ,3,N, , , , ,219138, , , ,2,0,0,0,0,0,0,2,0,0,0,0,0,0,1,0,0,0,0,0,0,0,0,0,0,0,0,0,0,0,0,0,0,0,0,9,0,39.9463,-75.2236, , 
 ,18575,2016080603,6,67,67301,2016,7,1,1106,11,1,1,0,4,1, , ,N,1,2,0,3,0,1,2,2,N,N,40 02:04.999,75 07:51.139,1109, ,1107, ,0, ,N, ,3, , , , , ,219145, , , ,2,1,0,0,1,0,0,0,0,0,0,1,1,0,0,0,0,0,0,0,0,1,0,0,0,0,0,0,0,0,0,0,0,0,0,4,0,40.0347,-75.1309, , 
 ,18576,2016080120,6,67,67301,2016,7,5,2020,20,3,1,0,4,1, , ,N,1,3,0,3,0,1,2,2,N,N,40 04:39.262,75 10:40.159,2028, ,2024, ,0, ,N, ,3, , , , , ,219150, , , ,1,0,0,0,0,0,1,0,1,0,1,0,1,0,0,0,0,0,0,0,0,0,0,0,0,0,0,0,0,0,0,0,0,0,0,3,0,40.0776,-75.1778, , 
 ,18577,2016082264,6,67,67301,2016,7,1,1845,18,1,1,0,4,1, , ,N,2,0,0,3,0,1,3,2,N,N,39 55:38.879,75 14:36.471,1848, ,1845, ,0, ,N, ,0, , , , , ,219152, , , ,2,2,0,0,0,0,0,0,0,0,0,0,1,1,2,0,0,0,0,0,0,0,0,0,0,0,0,0,0,0,0,0,0,0,0,8,0,39.9275,-75.2435, , 
 ,18578,2016129557,6,67,67301,2016,11,6,1011,10,1,1,0,4,1, , ,N,1,3,0,3,0,2,3,2,N,N,39 57:28.627,75 13:38.423,1030, ,1024, ,0, , , ,3, , , , , ,224856, , , ,2,1,0,0,1,0,0,0,0,0,2,0,2,0,0,0,0,0,0,0,0,0,0,1,0,0,0,0,0,0,0,0,0,0,0,3,0,39.958,-75.2273, , 
 ,18579,2016129466,6,67,67301,2016,11,6,730,7,1,1,0,4,1, , ,N,2,0,0,3,0,1,2,2,N,N,40 01:55.410,75 12:48.966,733, ,730, ,0, ,N, ,0, , , , , ,224879, , , ,1,1,0,0,0,0,0,0,1,0,0,1,1,0,0,0,0,0,0,0,0,1,0,0,0,0,0,0,0,0,0,0,0,0,0,4,0,40.0321,-75.2136, , 
 ,18580,2016135736,6,67,67301,2016,12,7,1245,12,1,1,0,3,1, , ,N,0,0,7,3,0,1,2,2,N, ,39 55:09.386,75 12:39.135,1300, ,1253, ,0, , , ,0, , , , , ,224882, , , ,2,1,0,0,0,0,0,0,0,0,0,1,1,0,0,0,0,0,0,0,0,0,0,0,0,0,0,0,0,0,0,0,0,0,0,4,0,39.9193,-75.2109, , 
 ,18581,2016138219,6,67,67301,2016,12,1,2210,22,3,1,0,5,6, , ,N,0,0,0,3,0,0,1,3,N,N,39 58:23.199,75 08:19.856,20, ,10,3,1,2,N, ,0,N, , , , ,224889, , , ,3,3,0,0,0,0,0,0,0,0,0,0,0,0,0,0,0,0,0,0,0,0,0,0,0,0,0,0,0,0,0,0,0,0,0,0,0,39.9731,-75.1388, , 
 ,18582,2016105605,6,67,67301,2016,9,1,1008,10,1,1,0,4,1, , ,N,1,3,0,3,0,1,5,2,N, ,40 00:46.291,75 04:18.659,1010, ,1010, ,0, , , ,3, , , , , ,224900, , , ,2,1,0,0,0,0,1,0,0,0,1,0,1,0,0,0,0,0,0,0,0,1,0,3,0,0,0,0,0,0,0,0,0,0,0,3,0,40.0129,-75.0718, , 
 ,18583,2016134678,6,67,67301,2016,12,7,613,6,3,4,4,4,1, , ,N,0,0,0,3,0,0,2,2,N,N,40 01:14.907,75 02:33.430,647, ,615, ,0, , , ,0, , , , , ,224972, , , ,2,1,0,0,0,0,1,0,0,0,0,0,0,0,0,0,0,0,0,0,0,0,0,0,0,0,0,0,0,0,0,0,0,0,0,0,0,40.0208,-75.0426, , 
 ,18584,2017005192,6,67,67301,2016,12,1,148,1,3,1,1,7,4, , ,N,2,0,0,3,0,0,1,1,N,N,40 03:55.530,75 11:52.187,155, ,148,4,2,5,N, ,0,Y, , , , ,224985, , , ,1,1,0,0,0,0,0,0,0,0,0,0,0,0,1,0,0,0,0,0,0,0,0,0,0,0,0,0,0,0,0,0,0,0,0,9,0,40.0654,-75.1978, , 
 ,18585,2016108526,6,67,67301,2016,9,6,9999,99,1,1,0,1,1, , ,N,0,0,0,3,0,0,2,2,N,N,40 00:58.816,75 10:30.730,1751, ,1749,2,1,3,N, ,0,N, , , , ,225003, , , ,2,1,0,0,0,0,1,0,0,0,0,0,0,0,0,0,0,0,0,0,0,0,0,0,0,0,0,0,0,0,0,0,0,0,0,0,0,40.0163,-75.1752, , 
 ,18586,2016087679,6,67,67301,2016,8,7,9999,99,1,1,0,4,1, , ,N,2,3,0,3,0,1,2,2,N,N,40 04:37.016,75 09:48.203,1756, ,1754,2,1,2,N, ,3,Y, , , , ,225017, , , ,2,1,0,1,0,0,0,0,0,0,0,0,1,1,0,0,0,0,0,0,0,0,1,0,0,0,0,0,0,0,0,0,0,0,0,8,1,40.0769,-75.1634, , 
 ,18587,2016077545,6,67,67301,2016,8,2,1907,19,1,1,0,5,4, , ,N,0,0,3,3,0,0,1,4,N,N,39 57:18.324,75 08:48.474,1907, ,1907, ,0, ,N, ,0, , , , , ,225038, , , ,4,4,0,0,0,0,0,0,0,0,0,0,0,0,0,0,0,0,0,0,0,0,0,0,0,0,0,0,0,0,0,0,0,0,0,0,0,39.9551,-75.1468, , 
 ,18588,2016080633,6,67,67301,2016,7,1,203,2,3,1,0,1,1, , ,N,1,2,0,3,0,5,5,2,N,N,39 56:00.337,75 13:23.656,217, ,217, ,0, ,N, ,3, , , , , ,225039, , , ,2,0,0,0,0,0,1,1,0,0,0,0,5,5,0,0,0,0,0,0,0,0,0,0,0,0,0,0,0,0,0,0,0,0,0,8,0,39.9334,-75.2232, , 
 ,18589,2016093874,6,67,67301,2016,8,2,1155,11,1,1,0,7,2, , ,N,0,0,0,3,0,0,1,1,N,N,39 55:24.160,75 11:32.076,1206, ,1158,2,1,3, , ,0,Y, , , , ,225044, , , ,1,1,0,0,0,0,0,0,0,0,0,0,0,0,0,0,0,0,0,0,0,0,0,0,0,0,0,0,0,0,0,0,0,0,0,0,0,39.9234,-75.1922, , 
 ,18590,2016129539,6,67,67301,2016,11,7,112,1,3,1,0,4,1, , ,N,1,2,0,3,0,1,2,2,N,N,40 00:11.036,75 09:51.469,125, ,120,2,1,2,N, ,3,N, , , , ,225065, , , ,2,0,0,0,1,0,1,0,0,0,0,0,1,1,0,0,0,1,0,0,0,1,0,0,0,0,0,0,0,0,0,0,0,0,0,8,0,40.0031,-75.1643, , 
 ,18591,2016126132,6,67,67301,2016,11,7,1537,15,1,1,0,1,1, , ,N,1,2,0,3,0,0,2,2,N, ,40 06:40.143,75 01:27.353,1550, ,1547, ,0, , , ,3, , , , , ,225067, , , ,2,1,0,0,0,0,1,0,0,0,0,0,0,0,0,0,0,0,0,0,0,0,0,1,0,0,0,0,0,0,0,0,0,0,0,0,0,40.1112,-75.0243, , 
 ,18592,2016137815,6,67,67301,2016,12,6,507,5,3,1,0,7,4, , ,N,0,0,0,3,0,0,1,1,N,N,39 58:59.687,75 12:29.412,511, ,510,2,1,3, , ,0,N, , , , ,225072, , , ,1,1,0,0,0,0,0,0,0,0,0,0,0,0,1,0,0,0,0,0,0,0,0,0,0,0,0,0,0,0,0,0,0,0,0,9,0,39.9832,-75.2082, , 
 ,18593,2016138272,6,67,67301,2016,12,6,1905,19,3,1,0,4,1, , ,N,1,2,0,3,0,1,2,2,N,N,40 00:54.748,75 08:49.919,1935, ,1912, ,0, ,N, ,3, , , , , ,225085, , , ,2,2,0,0,0,0,0,0,0,0,0,0,1,1,0,0,0,0,0,0,1,1,0,0,0,0,0,0,0,0,0,0,0,0,0,8,0,40.0152,-75.1472, , 
 ,18594,2016105810,6,67,67301,2016,9,4,1600,16,1,1,0,1,1, , ,N,1,2,0,3,0,0,2,2,N,N,40 03:13.667,75 13:52.026,1623, ,1619, ,0, ,N, ,3, , , , , ,225095, , , ,2,1,0,0,0,0,1,0,0,0,0,0,0,0,0,0,0,0,1,0,0,0,0,0,0,0,0,0,0,0,0,0,0,0,0,0,0,40.0541,-75.2315, , 
 ,18595,2017003577,6,67,67301,2016,12,2,53,0,3,2,1,4,1, , ,N,1,3,0,3,0,2,2,2,N, ,40 02:47.547,75 04:22.886,104, ,101, ,0, , , ,3, , , , , ,225113, , , ,2,1,0,0,0,0,1,0,0,0,0,0,2,2,0,0,0,0,0,0,0,0,0,1,0,0,0,0,0,0,0,0,0,0,0,8,0,40.0465,-75.073, , 
 ,18596,2016129507,6,67,67301,2016,11,3,9999,99,1,1,0,4,1, , ,N,0,0,0,3,0,0,3,2,N,N,39 58:09.017,75 08:15.164,9999, ,9999, ,0, ,N, ,0, , , , , ,225116, , , ,2,2,0,0,0,0,0,0,0,0,0,0,0,0,0,0,0,0,0,0,0,0,0,0,0,0,0,0,0,0,0,0,0,0,0,0,0,39.9692,-75.1375, , 
 ,18597,2016117134,6,67,67301,2016,10,7,2318,23,3,1,0,4,1, , ,N,1,2,0,3,0,1,2,2,N,N,40 02:07.087,75 06:30.627,30, ,25,9,1,3,N, ,3,N, , , , ,222147, , , ,2,1,0,0,0,0,1,0,0,0,0,0,1,1,1,0,0,0,0,0,0,0,0,0,0,0,0,0,0,0,0,0,0,0,0,8,0,40.0353,-75.1085, , 
 ,18598,2016117684,6,67,67301,2016,10,5,1814,18,1,1,0,8,1, , ,N,1,2,0,3,0,1,2,2,N,N,40 03:19.147,75 04:24.059,1814, ,1814,1,2,6,N, ,3,Y, , , , ,222152, , , ,1,0,0,0,0,0,1,0,0,0,1,0,1,0,0,0,0,0,0,0,1,0,0,0,0,0,0,0,0,0,0,0,1,0,0,3,0,40.0553,-75.0733, , 
 ,18599,2016126096,6,67,67301,2016,11,1,307,3,3,1,0,1,1, , ,N,1,2,0,3,0,1,2,2,N,N,40 03:14.662,75 09:19.914,315, ,308, ,0, ,N, ,3, , , , , ,222163, , , ,2,1,0,0,0,0,1,0,0,0,0,1,1,0,0,0,0,0,0,0,0,1,0,1,0,0,0,0,0,0,0,0,0,0,0,4,0,40.0541,-75.1555, , 
 ,18600,2016068723,6,67,67301,2016,6,4,9999,99,1,1,0,8,1, , ,N,1,3,0,3,0,1,2,2,N,N,39 55:12.050,75 09:20.170,9999, ,9999, ,0, ,N, ,3, , , , , ,222166, , , ,1,1,0,0,0,0,0,0,0,0,0,1,1,0,0,0,0,0,0,0,0,0,0,0,0,0,0,0,0,0,0,0,1,0,0,4,0,39.92,-75.1556, , 
 ,18601,2016079396,6,67,67301,2016,7,5,1308,13,1,1,0,1,1, , ,N,6,0,2,3,0,0,2,2,N,N,39 56:44.167,75 11:25.033,1421, ,1421, ,0, , , ,0, , , , , ,222172, , , ,2,2,0,0,0,0,0,0,0,0,0,0,0,0,0,0,0,0,0,0,0,0,0,0,0,0,0,0,0,0,0,0,0,0,0,0,0,39.9456,-75.1903, , 
 ,18602,2016096645,6,67,67301,2016,8,6,800,8,1,1,0,4,1, , ,N,1,3,0,3,0,1,3,2,N,N,39 59:14.679,75 11:08.185,815, ,810, ,0, ,N, ,3, , , , , ,222181, , , ,2,2,0,0,0,0,0,0,0,0,0,0,1,1,1,0,0,0,0,0,0,0,0,0,0,0,0,0,0,0,0,0,0,0,0,8,0,39.9874,-75.1856, , 
 ,18603,2016112165,6,67,67301,2016,9,4,900,9,1,1,0,4,1, , ,N,2,3,0,3,0,1,3,2,N,N,40 02:06.975,75 07:17.098,900, ,900, ,0, ,N, ,3, , , , , ,222183, , , ,2,1,0,1,0,0,0,0,0,0,0,0,1,1,0,0,0,0,1,0,1,0,0,1,0,0,0,0,0,0,0,0,0,0,0,8,1,40.0353,-75.1214, , 
 ,18604,2016105572,6,67,67301,2016,9,4,745,7,1,1,0,4,1, , ,N,2,3,0,3,0,1,2,2,N, ,40 01:49.767,75 06:55.609,1010, ,959, ,0, , , ,3, , , , , ,222191, , , ,2,1,0,0,0,0,0,1,0,0,0,0,1,1,0,0,0,0,0,0,1,0,0,0,0,0,0,0,0,0,0,0,0,0,0,8,0,40.0305,-75.1154, , 
 ,18605,2016117714,6,67,67301,2016,10,7,957,9,1,2,1,1,1, , ,N,0,0,0,3,0,2,4,2,N,N,40 02:41.193,75 02:01.226,1003, ,1002, ,0, , , ,0, , , , , ,222198, , , ,2,1,0,1,0,0,0,0,0,0,0,2,2,0,0,0,0,0,0,0,1,0,0,0,0,0,0,0,0,0,0,0,0,0,0,4,1,40.0448,-75.0337, , 