wz_ln_closure,objectid_1,crn,district,county,municipality,crash_year,crash_month,day_of_week,time_of_day,hour_of_day,illumination,weather,road_condition,collision_type,relation_to_road,work_zone_type,work_zone_loc,work_zone_ind,intersect_type,tcd_type,location_type,urban_rural,fatal_count,injury_count,person_count,total_units,sch_bus_ind,sch_zone_ind,latitude,longitude,arrival_tm,cons_zone_spd_lim,dispatch_tm,est_hrs_closed,lane_closed,ln_close_dir,ntfy_hiwy_maint,spec_juris_cd,tcd_func_cd,tfc_detour_ind,workers_pres,wz_close_detour,wz_flagger,wz_law_offcr_ind,objectid,wz_moving,wz_other,wz_shlder_mdn,vehicle_count,automobile_count,motorcycle_count,bus_count,small_truck_count,heavy_truck_count,suv_count,van_count,bicycle_count,maj_inj_count,mod_inj_count,min_inj_count,tot_inj_count,unk_inj_deg_count,unk_inj_per_count,driver_count_16yr,driver_count_17yr,driver_count_18yr,driver_count_19yr,driver_count_20yr,driver_count_50_64yr,driver_count_65_74yr,driver_count_75plus,unbelted_occ_count,unb_death_count,unb_maj_inj_count,belted_death_count,belted_maj_inj_count,mcycle_death_count,mcycle_maj_inj_count,bicycle_death_count,bicycle_maj_inj_count,ped_count,ped_death_count,ped_maj_inj_count,max_severity_level,comm_veh_count,dec_lat,dec_long,rdwy_surf_type_cd,county_name
 ,18606,2016132200,6,67,67301,2016,11,3,9999,99,3,2,1,8,1, , ,N,1,2,0,3,0,1,2,2,N, ,39 59:23.298,75 07:31.934,1945, ,1930, ,0, , , ,3, , , , , ,222202, , , ,1,0,0,0,0,0,0,0,0,0,0,0,1,1,1,0,0,0,0,0,0,0,0,0,0,0,0,0,0,0,0,0,1,0,0,8,0,39.9898,-75.1255, , 
 ,18607,2016112248,6,67,67301,2016,10,6,1925,19,3,1,0,8,1, , ,N,1,2,0,3,0,1,2,2,N, ,39 59:15.183,75 08:28.377,1927, ,1926, ,0, , , ,3, , , , , ,222227, , , ,1,1,0,0,0,0,0,0,0,0,0,1,1,0,1,0,0,0,0,0,0,0,0,0,0,0,0,0,0,0,0,0,1,0,0,4,0,39.9876,-75.1412, , 
 ,18608,2016127797,6,67,67301,2016,11,7,1710,17,3,1,0,9,1, , ,N,0,0,0,3,0,1,1,1,N,N,40 06:19.426,74 59:07.110,1720, ,1715,1,1,4,N, ,0,N, , , , ,222229, , , ,1,0,1,0,0,0,0,0,0,0,0,1,1,0,0,0,0,0,0,0,0,0,0,0,0,0,0,0,0,0,0,0,0,0,0,4,0,40.1054,-74.9853, , 
 ,18609,2016105825,6,67,67301,2016,9,7,327,3,3,1,0,4,1, , ,N,1,2,0,3,0,1,4,2,N,N,39 57:17.161,75 14:10.471,328, ,328, ,0, ,N, ,3, , , , , ,222272, , , ,2,2,0,0,0,0,0,0,0,0,0,0,1,1,0,0,0,0,0,0,0,0,0,0,0,0,0,0,0,0,0,0,0,0,0,8,0,39.9548,-75.2362, , 
 ,18610,2016120575,6,67,67301,2016,10,5,1633,16,1,2,1,4,1, , ,N,1,3,0,3,0,1,2,2,N, ,40 03:06.062,75 05:26.325,1639, ,1638, ,0, , , ,3, , , , , ,222279, , , ,2,1,0,0,0,0,0,1,0,0,0,1,1,0,0,0,0,0,0,0,1,0,0,1,0,0,0,0,0,0,0,0,0,0,0,4,0,40.0517,-75.0906, , 
 ,18611,2016126178,6,67,67301,2016,11,5,1425,14,1,1,0,4,1, , ,N,0,0,0,3,0,1,3,2,N,N,39 55:31.199,75 10:13.384,1440, ,1430,1,1,4,N, ,0,Y, , , , ,222290, , , ,2,2,0,0,0,0,0,0,0,0,0,1,1,0,0,0,0,0,0,0,1,0,0,0,0,0,0,0,0,0,0,0,0,0,0,4,0,39.9253,-75.1704, , 
 ,18612,2016135232,6,67,67301,2016,12,7,320,3,3,1,0,7,4, , ,N,0,0,0,3,0,0,1,1,N,N,39 58:05.290,75 07:47.242,353, ,343, ,0, , , ,0, , , , , ,222294, , , ,1,1,0,0,0,0,0,0,0,0,0,0,0,0,0,0,0,0,0,0,0,0,0,0,0,0,0,0,0,0,0,0,0,0,0,0,0,39.9681,-75.1298, , 
 ,18613,2017003592,6,67,67301,2016,12,4,1137,11,1,1,0,7,4, , ,N,0,0,0,3,0,1,1,1,N,N,40 05:50.334,75 03:19.591,1146, ,1140,2,1,4, , ,0,N, , , , ,222300, , , ,1,0,0,0,0,0,1,0,0,0,1,0,1,0,0,0,0,0,0,0,1,0,0,0,0,0,0,0,0,0,0,0,0,0,0,3,0,40.0973,-75.0554, , 
 ,18614,2016114273,6,67,67301,2016,10,7,2300,23,2,1,0,2,6, , ,N,0,0,0,3,0,0,1,4,N, ,40 02:37.953,75 07:37.605,2335, ,2330, ,0, , , ,0, , , , , ,222313, , , ,4,4,0,0,0,0,0,0,0,0,0,0,0,0,1,0,0,0,0,0,0,0,0,0,0,0,0,0,0,0,0,0,0,0,0,9,0,40.0439,-75.1271, , 
 ,18615,2016061227,6,67,67301,2016,5,7,1020,10,1,1,0,4,1, , ,N,1,3,0,3,0,1,2,2,N,N,39 57:51.811,75 09:57.437,1040, ,1030, ,0, ,N, ,3, , , , , ,216356, , , ,1,0,0,0,0,0,0,0,1,0,1,0,1,0,0,0,0,0,0,0,0,0,0,0,0,0,0,0,0,0,0,0,0,0,0,3,0,39.9644,-75.166, , 
 ,18616,2016094299,6,67,67301,2016,9,1,417,4,3,1,0,7,2, , ,N,0,0,0,3,0,0,1,1,N,N,39 59:26.781,75 05:12.285,427, ,419, ,0, , , ,0, , , , , ,216371, , , ,1,0,0,0,0,0,1,0,0,0,0,0,0,0,0,0,0,0,0,0,0,0,0,0,0,0,0,0,0,0,0,0,0,0,0,0,0,39.9908,-75.0867, , 
 ,18617,2016082207,6,67,67301,2016,7,4,1516,15,1,1,0,4,1, , ,N,1,2,0,3,0,2,2,4,N, ,39 57:59.949,75 13:29.552,1539, ,1532, ,0, , , ,3, , , , , ,216375, , , ,4,4,0,0,0,0,0,0,0,0,0,1,2,1,0,0,0,0,1,0,0,0,0,2,0,0,0,0,0,0,0,0,0,0,0,4,0,39.9666,-75.2249, , 
 ,18618,2016099555,6,67,67301,2016,9,1,1000,10,1,1,0,4,1, , ,N,1,3,0,3,0,3,3,2,N,N,39 55:48.619,75 09:35.189,1021, ,1013, ,0, , , ,3, , , , , ,216376, , , ,2,2,0,0,0,0,0,0,0,0,0,3,3,0,0,0,0,0,0,0,0,1,0,0,0,0,0,0,0,0,0,0,0,0,0,4,0,39.9302,-75.1598, , 
 ,18619,2016126068,6,67,67301,2016,11,1,2300,23,3,1,0,4,1, , ,N,2,2,2,3,0,3,3,2,N,N,39 52:54.011,75 15:12.300,35, ,27, ,0, ,N, ,3, , , , , ,216381, , , ,2,2,0,0,0,0,0,0,0,0,0,3,3,0,0,0,0,0,0,0,1,0,0,0,0,0,0,0,0,0,0,0,0,0,0,4,0,39.8814,-75.2535, , 
 ,18620,2016097164,6,67,67301,2016,9,1,2033,20,3,1,0,4,1, , ,N,0,0,0,3,0,1,3,2,N, ,39 55:24.087,75 13:14.825,2035, ,2033, ,0, , , ,0, , , , , ,216396, , , ,2,1,0,0,0,0,1,0,0,0,0,0,1,1,0,0,0,0,0,0,1,0,0,0,0,0,0,0,0,0,0,0,0,0,0,8,0,39.9234,-75.2208, , 
 ,18621,2016106328,6,67,67301,2016,9,6,2040,20,3,1,0,1,1, , ,N,0,2,0,3,0,1,3,2,N, ,40 05:30.517,74 57:55.471,2050, ,2045, ,0, , , ,3, , , , , ,216401, , , ,2,0,0,0,1,0,1,0,0,0,0,1,1,0,0,0,0,0,0,0,0,0,0,0,0,0,0,0,0,0,0,0,0,0,0,4,0,40.0918,-74.9654, , 
 ,18622,2016099583,6,67,67301,2016,9,3,1318,13,1,1,0,1,1, , ,N,0,0,0,3,0,0,6,5,N,N,40 01:32.771,75 07:17.149,1335, ,1322, ,0, , , ,0, , , , , ,216408, , , ,5,5,0,0,0,0,0,0,0,0,0,0,0,0,3,0,0,0,0,0,0,0,1,0,0,0,0,0,0,0,0,0,0,0,0,9,0,40.0258,-75.1214, , 
 ,18623,2016117704,6,67,67301,2016,10,7,400,4,3,1,0,5,6, , ,N,0,0,0,3,0,0,1,3,N,N,39 59:12.097,75 15:02.471,413, ,405, ,0, ,N, ,0, , , , , ,216417, , , ,3,3,0,0,0,0,0,0,0,0,0,0,0,0,0,0,0,0,0,0,0,0,0,1,0,0,0,0,0,0,0,0,0,0,0,0,0,39.9867,-75.2507, , 
 ,18624,2016120497,6,67,67301,2016,10,2,955,9,1,1,0,4,1, , ,N,1,2,1,3,0,1,2,2,N,N,39 57:32.247,75 13:01.165,1010, ,1004,3,2,4, , ,3,Y, , , , ,216418, , , ,2,2,0,0,0,0,0,0,0,0,0,1,1,0,0,0,0,0,0,0,1,0,1,0,0,0,0,0,0,0,0,0,0,0,0,4,0,39.959,-75.217, , 
 ,18625,2016129476,6,67,67301,2016,11,6,1225,12,1,1,0,4,1, , ,N,1,2,0,3,0,3,3,2,N,N,40 05:41.184,75 00:55.174,1240, ,1229,1,2,2,N, ,3,Y, , , , ,216427, , , ,2,1,0,0,0,0,1,0,0,0,0,1,3,2,0,0,0,0,0,0,0,1,0,0,0,0,0,0,0,0,0,0,0,0,0,4,0,40.0948,-75.0153, , 
 ,18626,2016060049,6,67,67301,2016,5,5,2118,21,3,1,0,4,1, , ,N,0,0,0,3,0,2,3,3,N,N,39 54:04.715,75 09:08.493,2135, ,2131,1,2,1, , ,0,N, , , , ,216431, , , ,3,1,1,0,0,0,1,0,0,1,0,0,2,1,0,0,0,1,0,0,1,0,0,0,0,0,0,0,0,1,0,0,0,0,0,2,0,39.9013,-75.1524, , 
 ,18627,2016080708,6,67,67301,2016,7,3,1237,12,1,1,0,4,1, , ,N,1,2,0,3,0,1,2,2,N,N,39 57:27.432,75 08:44.473,1239, ,1237, ,0, ,N, ,3, , , , , ,216444, , , ,2,2,0,0,0,0,0,0,0,0,0,1,1,0,0,0,0,0,0,0,0,1,0,0,0,0,0,0,0,0,0,0,0,0,0,4,0,39.9576,-75.1457, , 
 ,18628,2016087162,6,67,67301,2016,8,5,1120,11,1,1,0,4,1, , ,N,1,3,0,3,0,2,2,2,N,N,40 03:07.828,75 05:35.123,1205, ,1140, ,0, ,N, ,3, , , , , ,216449, , , ,2,0,0,0,0,1,0,1,0,0,2,0,2,0,0,0,0,0,0,0,0,0,0,0,0,0,0,0,0,0,0,0,0,0,0,3,1,40.0522,-75.0931, , 
 ,18629,2016092086,6,67,67301,2016,8,7,721,7,1,1,0,1,1, , ,N,0,0,0,3,0,0,2,2,N,N,40 02:45.163,75 03:24.776,744, ,742, ,0, ,N, ,0, , , , , ,216459, , , ,2,1,0,0,0,0,1,0,0,0,0,0,0,0,1,1,0,0,0,0,0,0,0,0,0,0,0,0,0,0,0,0,0,0,0,9,0,40.0459,-75.0569, , 
 ,18630,2016105733,6,67,67301,2016,9,1,1320,13,1,1,0,5,1, , ,N,0,0,0,3,0,0,3,3,N, ,40 01:04.263,75 08:58.921,1340, ,1336, ,0, , , ,0, , , , , ,216470, , , ,3,1,0,0,2,0,0,0,0,0,0,0,0,0,0,0,0,0,0,0,0,0,0,0,0,0,0,0,0,0,0,0,0,0,0,0,0,40.0179,-75.1497, , 
 ,18631,2016105850,6,67,67301,2016,9,6,1148,11,1,1,0,1,1, , ,N,2,2,0,3,0,0,2,2,N,N,39 54:53.180,75 09:18.118,1205, ,1200, ,0, ,N, ,3, , , , , ,216473, , , ,2,1,0,0,0,0,1,0,0,0,0,0,0,0,0,0,0,0,0,0,1,0,0,0,0,0,0,0,0,0,0,0,0,0,0,0,0,39.9147,-75.155, , 
 ,18632,2016105863,6,67,67301,2016,9,3,1600,16,1,1,0,1,1, , ,N,1,2,0,3,0,1,2,2,N,N,40 03:59.874,75 03:04.532,1935, ,1921, ,0, ,N, ,3, , , , , ,216474, , , ,2,1,0,0,0,0,1,0,0,0,0,1,1,0,0,0,0,0,0,0,1,0,0,1,0,0,0,0,0,0,0,0,0,0,0,4,0,40.0666,-75.0511, , 
 ,18633,2016099649,6,67,67301,2016,9,2,800,8,1,1,0,4,1, , ,N,1,2,0,3,0,1,2,2,N, ,40 02:06.425,75 04:10.216,830, ,9999, ,0, , , ,3, , , , , ,219167, , , ,2,2,0,0,0,0,0,0,0,0,0,0,1,1,0,0,0,0,0,0,0,0,0,0,0,0,0,0,0,0,0,0,0,0,0,8,0,40.0351,-75.0695, , 
 ,18634,2016112138,6,67,67301,2016,10,4,1010,10,1,1,0,5,1, , ,N,0,0,0,3,0,1,2,2,N, ,39 56:39.759,75 09:46.560,1105, ,1103, ,0, , , ,0, , , , , ,219174, , , ,1,0,0,0,0,0,1,0,1,0,1,0,1,0,0,0,0,0,0,0,0,0,0,1,0,0,0,0,0,0,0,0,0,0,0,3,0,39.9444,-75.1629, , 
 ,18635,2016126725,6,67,67301,2016,11,7,1158,11,1,1,0,1,1, , ,N,0,0,0,3,0,0,2,2,N,N,39 57:35.631,75 10:40.750,1158, ,1158, ,0, , , ,0, , , , , ,219195, , , ,2,1,0,0,0,0,1,0,0,0,0,0,0,0,0,0,0,0,0,0,0,0,0,0,0,0,0,0,0,0,0,0,0,0,0,0,0,39.9599,-75.178, , 
 ,18636,2016117135,6,67,67301,2016,10,5,2100,21,1,1,0,4,1, , ,N,1,2,0,3,0,1,2,2,N, ,39 58:17.270,75 09:34.235,2315, ,2310, ,0, , , ,3, , , , , ,219196, , , ,1,1,0,0,0,0,0,0,1,1,0,0,1,0,0,0,0,0,0,0,0,0,0,1,0,0,0,0,0,0,0,1,0,0,0,2,0,39.9714,-75.1594, , 
 ,18637,2016100573,6,67,67301,2016,9,5,456,4,3,2,1,7,2, , ,N,0,0,3,3,0,0,1,1,N,N,39 53:13.800,75 12:17.652,458, ,456,2,2,2, , ,0,Y, , , , ,219200, , , ,1,1,0,0,0,0,0,0,0,0,0,0,0,0,0,0,0,0,0,0,0,0,0,0,0,0,0,0,0,0,0,0,0,0,0,0,0,39.8872,-75.2049, , 
 ,18638,2016105842,6,67,67301,2016,9,1,2020,20,3,1,0,4,1, , ,N,0,0,7,3,0,2,3,2,N,N,39 59:16.549,75 13:28.688,2025, ,2025, ,0, ,N, ,0, , , , , ,219214, , , ,2,1,0,0,0,0,1,0,0,0,0,0,2,2,0,0,0,0,0,0,0,0,0,0,0,0,0,0,0,0,0,0,0,0,0,8,0,39.9879,-75.2246, , 
 ,18639,2016116804,6,67,67301,2016,11,7,1623,16,1,1,0,1,1, , ,N,0,0,0,3,0,1,2,2,N,N,40 02:58.188,74 59:45.408,1632, ,1632, ,0, , , ,0, , , , , ,219215, , , ,2,0,0,0,0,0,2,0,0,0,0,0,1,1,0,0,0,0,0,1,0,0,0,0,0,0,0,0,0,0,0,0,0,0,0,8,0,40.0495,-74.9959, , 
 ,18640,2016117144,6,67,67301,2016,10,4,1022,10,1,1,0,1,1, , ,N,1,2,0,3,0,1,2,2,N,N,39 59:13.650,75 09:45.421,9999, ,9999, ,0, ,N, ,3, , , , , ,219220, , , ,2,1,0,0,0,0,1,0,0,0,0,0,1,1,0,0,0,0,0,0,1,0,0,0,0,0,0,0,0,0,0,0,0,0,0,8,0,39.9871,-75.1626, , 
 ,18641,2016112130,6,67,67301,2016,10,3,1002,10,1,1,0,6,1, , ,N,0,0,0,3,0,2,2,3,N,N,39 55:02.868,75 12:46.204,1128, ,1126,3,1,4,N, ,0,N, , , , ,219231, , , ,3,1,0,0,0,0,2,0,0,0,0,0,2,2,0,0,0,0,0,0,1,0,0,0,0,0,0,0,0,0,0,0,0,0,0,8,0,39.9175,-75.2128, , 
 ,18642,2016129560,6,67,67301,2016,11,2,1500,15,1,8,0,4,1, , ,N,1,2,0,3,0,1,3,2,N, ,40 06:46.663,75 01:22.836,1510, ,1501,1,1,2, , ,3,N, , , , ,219235, , , ,2,0,0,0,0,1,1,0,0,0,0,0,1,1,0,0,0,0,0,0,2,0,0,1,0,0,0,0,0,0,0,0,0,0,0,8,1,40.113,-75.023, , 
 ,18643,2016123772,6,67,67301,2016,11,6,2048,20,3,1,0,1,1, , ,N,0,0,0,3,0,1,7,5,N,N,40 05:42.547,75 00:54.877,2108, ,2108,3,1,2,N, ,0,N, , , , ,219238, , , ,5,3,0,0,0,0,1,1,0,0,1,0,1,0,0,0,0,0,0,1,2,0,0,0,0,0,0,0,0,0,0,0,0,0,0,3,0,40.0952,-75.0152, , 
 ,18644,2016112245,6,67,67301,2016,10,7,1830,18,1,2,1,8,1, , ,N,1,2,0,3,0,1,2,2,N,N,39 57:10.616,75 09:34.855,2135, ,2116, ,0, ,N, ,3, , , , , ,219261, , , ,1,0,0,0,0,0,0,1,0,0,0,1,1,0,0,0,0,0,0,0,0,0,0,1,0,0,0,0,0,0,0,0,1,0,0,4,0,39.9529,-75.1597, , 
 ,18645,2016135750,6,67,67301,2016,12,2,1725,17,3,1,0,8,1, , ,N,1,2,0,3,0,2,3,3,N,N,40 02:06.568,75 08:41.251,1735, ,1730, ,0, ,N, ,3, , , , , ,219280, , , ,1,1,0,0,0,0,0,0,0,0,0,2,2,0,0,0,0,0,0,0,0,1,0,1,0,0,0,0,0,0,0,0,2,0,0,4,0,40.0352,-75.1448, , 
 ,18646,2016065687,6,67,67301,2016,6,6,730,7,1,1,0,4,1, , ,N,1,3,0,3,0,0,2,2,N, ,39 55:58.969,75 10:07.499,820, ,740, ,0, , , ,3, , , , , ,219296, , , ,2,2,0,0,0,0,0,0,0,0,0,0,0,0,0,0,0,0,0,0,0,0,0,0,0,0,0,0,0,0,0,0,0,0,0,0,0,39.933,-75.1687, , 
 ,18647,2016079416,6,67,67301,2016,7,6,1406,14,1,1,0,1,1, , ,N,0,0,0,3,0,0,2,2,N,N,40 00:10.052,75 11:42.158,1416, ,1407,1,1,3, , ,0,N, , , , ,219311, , , ,2,1,0,0,0,0,1,0,0,0,0,0,0,0,0,0,0,0,0,0,0,0,0,0,0,0,0,0,0,0,0,0,0,0,0,0,0,40.0028,-75.195, , 
 ,18648,2016062304,6,67,67301,2016,6,1,1736,17,1,1,0,1,1, , ,N,0,0,0,3,0,0,1,2,N,N,39 57:20.448,75 12:09.480,1739, ,1739, ,0, ,N, ,0, , , , , ,219340, , , ,2,1,0,0,0,0,1,0,0,0,0,0,0,0,0,0,0,0,0,0,0,0,0,0,0,0,0,0,0,0,0,0,0,0,0,0,0,39.9557,-75.2026, , 
Y,18649,2016080237,6,67,67301,2016,6,6,1206,12,1,1,0,5,1,1,4,Y,0,0,0,3,0,0,2,2,N, ,39 55:07.888,75 12:24.098,1212,99,1210,2,2,3, , ,0,Y,U, , ,U,219350, , , ,2,1,0,0,0,1,0,0,0,0,0,0,0,0,0,0,0,0,0,0,0,0,0,0,0,0,0,0,0,0,0,0,0,0,0,0,1,39.9189,-75.2067, , 
 ,18650,2016080852,6,67,67301,2016,6,2,234,2,3,1,0,4,1, , ,N,1,2,0,3,0,2,3,2,N,N,40 01:56.965,75 04:51.304,234, ,226,1,1,1,N, ,3,N, , , , ,219351, , , ,2,2,0,0,0,0,0,0,0,0,1,0,2,1,1,0,0,0,0,0,0,0,0,0,0,0,0,0,0,0,0,0,0,0,0,3,0,40.0325,-75.0809, , 
 ,18651,2016126189,6,67,67301,2016,11,4,956,9,1,2,1,4,1, , ,N,0,0,7,3,0,4,5,2,N,N,40 00:39.274,75 07:38.501,1000, ,956, ,0, ,N, ,0, , , , , ,225118, , , ,2,0,0,0,0,0,2,0,0,0,1,3,4,0,0,0,0,0,0,0,0,0,0,0,0,0,0,0,0,0,0,0,0,0,0,3,0,40.0109,-75.1274, , 
 ,18652,2016138293,6,67,67301,2016,11,3,1058,10,1,2,1,5,6, , ,N,0,0,0,3,0,0,2,2,N, ,40 02:35.199,75 01:46.453,1100, ,1058,9,2,3, , ,0,Y, , , , ,225123, , , ,2,0,0,1,1,0,0,0,0,0,0,0,0,0,0,0,0,0,0,0,0,0,0,0,0,0,0,0,0,0,0,0,0,0,0,0,1,40.0431,-75.0296, , 
 ,18653,2016132120,6,67,67301,2016,11,3,9999,99,1,2,1,8,1, , ,N,1,0,0,3,0,1,2,2,N, ,39 59:46.183,75 07:24.887,1145, ,1130, ,0, , , ,0, , , , , ,225126, , , ,1,0,0,0,0,0,0,1,0,0,0,1,1,0,0,0,0,0,0,0,0,0,0,0,0,0,0,0,0,0,0,0,1,0,0,4,0,39.9962,-75.1236, , 
 ,18654,2017003691,6,67,67301,2016,12,4,2,0,3,2,1,5,6, , ,N,0,0,0,3,0,0,1,2,N, ,40 02:56.852,75 10:20.256,19, ,17, ,0, , , ,0, , , , , ,225137, , , ,2,0,0,0,0,0,0,2,0,0,0,0,0,0,0,0,0,0,0,0,0,0,0,0,0,0,0,0,0,0,0,0,0,0,0,0,0,40.0491,-75.1723, , 
 ,18655,2017007757,6,67,67301,2016,12,3,1940,19,3,1,0,4,1, , ,N,0,0,0,3,0,1,3,2,N,N,40 03:41.168,75 03:23.394,1946, ,1942,3,1,1,N, ,0,Y, , , , ,225138, , , ,2,2,0,0,0,0,0,0,0,0,0,0,1,1,0,0,0,1,0,0,0,1,0,0,0,0,0,0,0,0,0,0,0,0,0,8,0,40.0614,-75.0565, , 
 ,18656,2016107647,6,67,67301,2016,10,3,1530,15,1,1,0,1,1, , ,N,3,0,0,3,0,3,3,2,N,N,39 59:38.412,75 11:50.520,1608, ,1541,1,1,1,N, ,0,N, , , , ,225143, , , ,2,2,0,0,0,0,0,0,0,0,0,0,3,3,0,0,0,0,0,0,0,0,0,0,0,0,0,0,0,0,0,0,0,0,0,8,0,39.994,-75.1974, , 
 ,18657,2016129341,6,67,67301,2016,11,3,600,6,3,1,0,7,4, , ,N,0,0,0,3,0,1,1,1,N, ,39 56:44.959,75 13:27.796,803, ,803,4,2,3, , ,0,Y, , , , ,225152, , , ,1,0,0,0,0,0,1,0,0,0,0,0,1,1,0,0,0,0,0,0,0,0,0,0,0,0,0,0,0,0,0,0,0,0,0,8,0,39.9458,-75.2244, , 
 ,18658,2016089932,6,67,67301,2016,8,3,1016,10,1,1,0,4,1, , ,N,0,0,7,3,0,1,2,2,N,N,40 02:44.733,75 05:17.501,1019, ,1017, ,0, ,N, ,0, , , , , ,225179, , , ,1,1,0,0,0,0,0,0,1,0,0,0,1,1,0,0,0,0,0,0,0,0,1,0,0,0,0,0,0,0,0,0,0,0,0,8,0,40.0458,-75.0882, , 
 ,18659,2016112229,6,67,67301,2016,10,5,512,5,3,1,0,4,1, , ,N,1,2,0,3,0,3,3,2,N,N,39 53:50.506,75 15:07.793,521, ,513,2,2,5,N, ,3,N, , , , ,225192, , , ,2,1,0,0,0,0,0,1,0,0,0,3,3,0,0,0,0,0,0,0,0,0,0,0,0,0,0,0,0,0,0,0,0,0,0,4,0,39.8974,-75.2522, , 
 ,18660,2016122023,6,67,67301,2016,11,4,940,9,1,2,1,4,1, , ,N,1,2,0,3,0,1,3,2,N,N,40 00:31.066,75 12:38.913,944, ,940, ,0, , , ,3, , , , , ,225206, , , ,2,2,0,0,0,0,0,0,0,0,0,0,1,1,0,0,0,0,0,0,1,0,0,0,0,0,0,0,0,0,0,0,0,0,0,8,0,40.0085,-75.2107, , 
 ,18661,2016117207,6,67,67301,2016,10,1,2230,22,3,1,0,0,1, , ,N,0,0,0,3,0,1,1,1,N,N,39 57:49.329,75 10:47.637,2240, ,2235, ,0, ,N, ,0, , , , , ,225214, , , ,1,0,1,0,0,0,0,0,0,0,0,0,1,1,0,0,0,0,0,0,0,0,0,0,0,0,0,0,0,0,0,0,0,0,0,8,0,39.9637,-75.1799, , 
 ,18662,2016120621,6,67,67301,2016,11,3,1930,19,3,1,0,1,1, , ,N,0,0,0,3,0,1,3,2,N,N,40 00:59.480,75 10:29.587,1938, ,1936,2,1,1, , ,0,Y, , , , ,225218, , , ,2,0,1,0,1,0,0,0,0,0,0,1,1,0,0,0,0,0,0,0,1,0,0,2,0,0,0,0,0,0,0,0,0,0,0,4,0,40.0165,-75.1749, , 
 ,18663,2016064017,6,67,67301,2016,6,4,1200,12,1,1,0,8,1, , ,N,1,3,0,3,0,1,2,2,N,N,39 55:08.590,75 09:28.749,1239, ,1208, ,0, ,N, ,3, , , , , ,225230, , , ,1,1,0,0,0,0,0,0,0,0,0,1,1,0,0,0,0,0,0,0,0,0,0,0,0,0,0,0,0,0,0,0,1,0,0,4,0,39.9191,-75.158, , 
 ,18664,2016080280,6,67,67301,2016,7,2,400,4,3,1,0,1,4, , ,N,0,0,0,3,0,1,1,2,N,N,40 00:47.381,75 07:34.383,423, ,419, ,0, ,N, ,0, , , , , ,225241, , , ,2,1,0,0,0,1,0,0,0,0,1,0,1,0,0,0,0,0,0,0,0,0,0,1,0,0,0,0,0,0,0,0,0,0,0,3,1,40.0132,-75.1262, , 
 ,18665,2016132880,6,67,67301,2016,12,5,1901,19,3,1,0,7,5, , ,N,0,0,0,3,0,2,3,1,N,N,39 55:51.402,75 11:56.237,1914, ,1901,2,1,4, , ,0,N, , , , ,225265, , , ,1,1,0,0,0,0,0,0,0,1,0,1,2,0,0,0,0,0,0,0,0,0,0,3,0,1,0,0,0,0,0,0,0,0,0,2,0,39.9309,-75.199, , 
 ,18666,2016129403,6,67,67301,2016,11,7,910,9,1,1,0,4,1, , ,N,1,1,0,3,0,0,4,2,N, ,39 55:27.786,75 10:11.056,920, ,912, ,0, , , ,2, , , , , ,225273, , , ,2,2,0,0,0,0,0,0,0,0,0,0,0,0,0,0,0,0,0,0,0,0,0,0,0,0,0,0,0,0,0,0,0,0,0,0,0,39.9244,-75.1696, , 
U,18667,2017003626,6,67,67301,2016,12,3,1105,11,1,1,0,1,1,8,8,Y,0,0,0,3,0,0,2,5,N,N,39 55:19.915,75 13:05.217,1250,99,1246, ,0, ,N, ,0, ,U,U,U,U,225286,U,U,U,5,1,0,0,1,0,3,0,0,0,0,0,0,0,0,0,0,0,0,0,0,0,0,0,0,0,0,0,0,0,0,0,0,0,0,0,0,39.9222,-75.2181, , 
 ,18668,2016126101,6,67,67301,2016,11,7,2035,20,3,1,0,8,1, , ,N,2,2,0,3,0,1,2,2,N,N,39 58:17.238,75 12:42.807,2243, ,2243, ,0, ,N, ,3, , , , , ,225288, , , ,1,1,0,0,0,0,0,0,0,0,0,1,1,0,0,0,0,0,0,0,0,0,0,0,0,0,0,0,0,0,0,0,1,0,0,4,0,39.9715,-75.2118, , 
 ,18669,2016136806,6,67,67301,2016,12,2,1352,13,1,1,0,5,1, , ,N,0,0,0,3,0,1,3,2,N,N,39 53:08.126,75 12:40.214,1409, ,1352,2,1,1, , ,0,N, , , , ,225297, , , ,2,2,0,0,0,0,0,0,0,0,1,0,1,0,0,0,0,0,0,0,0,0,0,0,0,0,0,0,0,0,0,0,0,0,0,3,0,39.8856,-75.2112, , 
 ,18670,2016065285,6,67,67301,2016,6,5,1830,18,1,2,1,0,1, , ,N,0,0,0,3,0,1,1,1,N,N,39 56:52.893,75 11:13.531,1848, ,1840, ,0, , , ,0, , , , , ,222325, , , ,1,0,1,0,0,0,0,0,0,0,1,0,1,0,0,0,0,0,0,0,0,0,0,0,0,0,0,0,0,0,0,0,0,0,0,3,0,39.948,-75.1871, , 
 ,18671,2016080763,6,67,67301,2016,6,4,1550,15,1,1,0,4,1, , ,N,3,2,0,3,0,0,3,2,N, ,40 01:05.259,75 02:49.875,1618, ,1612, ,0, , , ,3, , , , , ,222332, , , ,2,2,0,0,0,0,0,0,0,0,0,0,0,0,0,0,0,0,0,0,0,0,0,0,0,0,0,0,0,0,0,0,0,0,0,0,0,40.0181,-75.0472, , 