wz_ln_closure,objectid_1,crn,district,county,municipality,crash_year,crash_month,day_of_week,time_of_day,hour_of_day,illumination,weather,road_condition,collision_type,relation_to_road,work_zone_type,work_zone_loc,work_zone_ind,intersect_type,tcd_type,location_type,urban_rural,fatal_count,injury_count,person_count,total_units,sch_bus_ind,sch_zone_ind,latitude,longitude,arrival_tm,cons_zone_spd_lim,dispatch_tm,est_hrs_closed,lane_closed,ln_close_dir,ntfy_hiwy_maint,spec_juris_cd,tcd_func_cd,tfc_detour_ind,workers_pres,wz_close_detour,wz_flagger,wz_law_offcr_ind,objectid,wz_moving,wz_other,wz_shlder_mdn,vehicle_count,automobile_count,motorcycle_count,bus_count,small_truck_count,heavy_truck_count,suv_count,van_count,bicycle_count,maj_inj_count,mod_inj_count,min_inj_count,tot_inj_count,unk_inj_deg_count,unk_inj_per_count,driver_count_16yr,driver_count_17yr,driver_count_18yr,driver_count_19yr,driver_count_20yr,driver_count_50_64yr,driver_count_65_74yr,driver_count_75plus,unbelted_occ_count,unb_death_count,unb_maj_inj_count,belted_death_count,belted_maj_inj_count,mcycle_death_count,mcycle_maj_inj_count,bicycle_death_count,bicycle_maj_inj_count,ped_count,ped_death_count,ped_maj_inj_count,max_severity_level,comm_veh_count,dec_lat,dec_long,rdwy_surf_type_cd,county_name
 ,18872,2017003559,6,67,67301,2016,12,4,1648,16,4,1,0,0,1, , ,N,0,0,0,3,0,3,4,1,N,N,39 58:56.880,75 11:37.398,1651, ,1651,3,2,6,N, ,0,Y, , , , ,225831, , , ,1,0,0,0,0,0,1,0,0,0,0,1,3,2,0,0,0,0,0,0,0,0,0,2,0,0,0,0,0,0,0,0,0,0,0,4,0,39.9825,-75.1937, , 
 ,18873,2016129290,6,67,67301,2016,1,6,1649,16,1,1,0,1,1, , ,N,1,2,0,3,0,0,2,2,N, ,40 03:30.195,75 14:02.108,1219, ,1700, ,0, , , ,3, , , , , ,225833, , , ,2,1,0,0,0,0,1,0,0,0,0,0,0,0,0,0,0,0,0,0,1,0,0,0,0,0,0,0,0,0,0,0,0,0,0,0,0,40.0584,-75.2339, , 
 ,18874,2016138254,6,67,67301,2016,12,1,645,6,5,1,0,7,4, , ,N,0,0,0,3,0,0,1,1,N, ,40 03:27.256,75 13:59.760,646, ,645, ,0, , , ,0, , , , , ,225845, , , ,1,1,0,0,0,0,0,0,0,0,0,0,0,0,1,0,0,0,0,0,0,0,0,0,0,0,0,0,0,0,0,0,0,0,0,9,0,40.0576,-75.2333, , 
 ,18875,2016138209,6,67,67301,2016,12,5,1631,16,1,1,0,1,1, , ,N,0,0,0,3,0,2,3,2,N,N,40 01:32.616,75 07:25.770,1652, ,1632,1,1,2,N, ,0,N, , , , ,225861, , , ,2,2,0,0,0,0,0,0,0,0,0,2,2,0,0,0,0,0,0,1,0,0,0,0,0,0,0,0,0,0,0,0,0,0,0,4,0,40.0257,-75.1238, , 
 ,18876,2017007937,6,67,67301,2016,12,3,710,7,1,1,0,5,6, , ,N,0,0,0,3,0,0,1,4,N,N,39 57:36.243,75 14:16.866,722, ,719, ,0, ,N, ,0, , , , , ,225864, , , ,4,3,0,0,0,0,1,0,0,0,0,0,0,0,0,0,0,0,0,0,1,0,0,0,0,0,0,0,0,0,0,0,0,0,0,0,0,39.9601,-75.238, , 
 ,18877,2017018048,6,67,67301,2016,5,6,800,8,1,1,0,1,1, , ,N,0,2,0,3,0,2,4,2,N,N,39 56:59.668,75 08:37.603,0, ,0, ,0, ,N, ,3, , , , , ,225865, , , ,2,2,0,0,0,0,0,0,0,0,0,0,2,2,0,0,0,0,0,0,1,0,0,0,0,0,0,0,0,0,0,0,0,0,0,8,0,39.9499,-75.1438, , 
 ,18878,2016120609,6,67,67301,2016,11,3,1104,11,1,1,0,8,1, , ,N,5,2,0,3,0,2,3,3,N, ,39 58:10.092,75 08:22.485,1106, ,1105, ,0, , , ,3, , , , , ,225868, , , ,1,1,0,0,0,0,0,0,0,0,0,2,2,0,0,0,0,0,0,0,0,0,0,1,0,0,0,0,0,0,0,0,2,0,0,4,0,39.9695,-75.1395, , 
 ,18879,2017022753,6,67,67301,2016,10,2,740,7,1,1,0,1,1, , ,N,0,2,0,3,0,1,2,2,N,N,39 57:10.688,75 14:55.625,0, ,0, ,0, ,N, ,3, , , , , ,225887, , , ,2,1,0,0,0,0,1,0,0,0,0,0,1,1,0,0,0,0,0,0,2,0,0,1,0,0,0,0,0,0,0,0,0,0,0,8,0,39.953,-75.2488, , 
 ,18880,2016128890,6,67,67301,2016,12,6,2139,21,3,1,0,7,2, , ,N,0,0,0,3,0,0,1,1,N,N,39 58:36.354,75 11:48.194,2151, ,2139, ,0, , , ,0, , , , , ,225895, , , ,1,1,0,0,0,0,0,0,0,0,0,0,0,0,0,0,0,1,0,0,0,0,0,1,0,0,0,0,0,0,0,0,0,0,0,0,0,39.9768,-75.1967, , 
 ,18881,2016126027,6,67,67301,2016,11,4,1400,14,1,2,1,1,1, , ,N,0,0,0,3,0,3,4,3,N, ,40 01:32.844,75 07:24.191,1410, ,1400,2,1,2, , ,0,N, , , , ,225901, , , ,3,2,0,0,0,0,0,1,0,0,1,2,3,0,0,0,0,0,0,0,0,0,0,4,0,0,0,0,0,0,0,0,0,0,0,3,0,40.0258,-75.1234, , 
 ,18882,2016131819,6,67,67301,2016,12,4,27,0,3,1,0,5,6, , ,N,0,0,0,3,0,0,1,3,N,N,39 57:31.834,75 11:33.122,30, ,28,2,1,1,N, ,0,Y, , , , ,225910, , , ,3,1,0,0,0,0,2,0,0,0,0,0,0,0,0,0,0,0,0,0,0,0,0,0,0,0,0,0,0,0,0,0,0,0,0,0,0,39.9588,-75.1925, , 
 ,18883,2016129252,6,67,67301,2016,11,7,106,1,3,1,0,5,6, , ,N,0,0,0,3,0,1,1,2,N,N,39 57:46.414,75 11:30.106,111, ,106, ,0, ,N, ,0, , , , , ,225924, , , ,2,2,0,0,0,0,0,0,0,0,0,0,1,1,0,0,0,0,0,0,0,0,0,1,0,0,0,0,0,0,0,0,0,0,0,8,0,39.9629,-75.1917, , 
 ,18884,2016087653,6,67,67301,2016,8,2,426,4,3,1,0,7,4, , ,N,1,2,0,3,0,0,1,1,N, ,39 58:07.419,75 08:03.924,435, ,426,4,2,3, , ,3,Y, , , , ,225930, , , ,1,0,0,0,0,1,0,0,0,0,0,0,0,0,0,0,0,0,0,0,0,0,0,0,0,0,0,0,0,0,0,0,0,0,0,0,1,39.9689,-75.1344, , 
 ,18885,2016082400,6,67,67301,2016,7,4,1540,15,1,1,0,4,1, , ,N,1,2,0,3,0,2,3,2,N,N,40 02:34.113,75 03:47.339,1610, ,1600,3,1,1, , ,3,Y, , , , ,225935, , , ,2,1,0,0,0,0,1,0,0,0,1,1,2,0,1,0,0,0,0,0,0,0,0,0,0,0,0,0,0,0,0,0,0,0,0,3,0,40.0428,-75.0631, , 
 ,18886,2016092186,6,67,67301,2016,8,4,1400,14,1,9,8,4,1, , ,N,1,3,0,3,0,1,4,3,N,N,40 03:17.748,75 09:18.547,1023, ,1020, ,0, ,N, ,3, , , , , ,225947, , , ,3,1,0,0,0,0,0,0,0,0,1,0,1,0,0,0,0,0,0,0,0,0,0,1,0,0,0,0,0,0,0,0,0,0,0,3,0,40.0549,-75.1552, , 
 ,18887,2016099624,6,67,67301,2016,8,2,2159,21,3,1,0,1,1, , ,N,2,2,2,3,0,2,6,2,N,N,39 56:29.561,75 08:32.555,2203, ,2200, ,0, ,N, ,3, , , , , ,225950, , , ,2,1,0,0,0,0,1,0,0,0,0,0,2,2,0,0,0,0,0,0,0,0,0,0,0,0,0,0,0,0,0,0,0,0,0,8,0,39.9416,-75.1421, , 
 ,18888,2016122140,6,67,67301,2016,11,3,746,7,1,1,0,1,1, , ,N,0,0,0,3,0,0,3,2,N,N,39 58:48.260,75 12:17.909,801, ,746, ,0, , , ,0, , , , , ,225963, , , ,2,1,0,0,0,0,1,0,0,0,0,0,0,0,0,0,0,0,0,0,2,0,0,0,0,0,0,0,0,0,0,0,0,0,0,0,0,39.9801,-75.205, , 
 ,18889,2016058510,6,67,67301,2016,5,2,1805,18,1,2,1,4,1, , ,N,1,2,0,3,0,0,2,2,N,N,39 55:00.228,75 10:52.435,1814, ,1811,2,1,2,N, ,3,N, , , , ,222833, , , ,2,1,0,0,0,0,1,0,0,0,0,0,0,0,0,0,0,0,0,0,0,0,0,0,0,0,0,0,0,0,0,0,0,0,0,0,0,39.9167,-75.1812, , 
 ,18890,2016138245,6,67,67301,2016,12,1,1914,19,3,1,0,7,4, , ,N,0,0,0,3,0,1,1,1,N,N,39 57:30.611,75 09:07.236,1919, ,1917, ,0, ,N, ,0, , , , , ,222858, , , ,1,1,0,0,0,0,0,0,0,0,1,0,1,0,0,0,0,0,0,0,0,0,0,0,0,0,0,0,0,0,0,0,0,0,0,3,0,39.9585,-75.152, , 
 ,18891,2017003622,6,67,67301,2016,12,2,1200,12,1,1,0,8,1, , ,N,1,2,0,3,0,1,2,2,N,N,39 54:57.588,75 09:52.288,1225, ,1215, ,0, , , ,3, , , , , ,222862, , , ,1,0,0,0,1,0,0,0,0,0,0,1,1,0,0,0,0,0,0,0,0,0,0,0,0,0,0,0,0,0,0,0,1,0,0,4,0,39.9159,-75.1645, , 
 ,18892,2017005752,6,67,67301,2016,12,2,1518,15,1,1,0,8,1, , ,N,1,2,0,3,0,1,2,2,Y,N,40 02:37.429,75 05:06.333,1554, ,1552, ,0, ,N, ,3, , , , , ,222874, , , ,1,0,0,1,0,0,0,0,0,0,0,0,1,1,0,0,0,0,0,0,1,0,0,0,0,0,0,0,0,0,0,0,1,0,0,8,1,40.0437,-75.0851, , 
 ,18893,2017003604,6,67,67301,2016,12,5,1550,15,1,1,0,4,1, , ,N,2,3,0,3,0,0,3,2,N,N,40 07:34.842,75 01:12.201,1610, ,1554, ,0, ,N, ,3, , , , , ,222893, , , ,2,1,0,0,0,0,1,0,0,0,0,0,0,0,0,0,0,0,0,0,0,0,0,0,0,0,0,0,0,0,0,0,0,0,0,0,0,40.1263,-75.0201, , 
 ,18894,2017005223,6,67,67301,2016,12,2,933,9,1,1,0,7,4, , ,N,0,0,0,3,0,1,1,1,N, ,40 03:03.603,75 03:56.231,935, ,934, ,0, , , ,0, , , , , ,222894, , , ,1,0,0,0,0,0,1,0,0,0,0,0,1,1,0,0,0,0,0,0,0,0,0,0,0,0,0,0,0,0,0,0,0,0,0,8,0,40.051,-75.0656, , 
 ,18895,2016058663,6,67,67301,2016,5,6,1020,10,1,1,0,8,1, , ,N,1,2,0,3,0,1,2,2,N,N,39 57:25.027,75 10:33.549,1035, ,1023,1,1,1, , ,3,N, , , , ,222901, , , ,1,1,0,0,0,0,0,0,0,0,0,0,1,1,0,0,0,0,0,0,0,0,0,0,0,0,0,0,0,0,0,0,1,0,0,8,0,39.957,-75.176, , 
 ,18896,2016105753,6,67,67301,2016,9,4,1520,15,1,1,0,8,1, , ,N,0,0,0,3,0,1,2,2,N,Y,40 02:13.953,75 04:15.543,1556, ,1553, ,0, ,N, ,0, , , , , ,222932, , , ,1,0,0,0,0,0,0,1,0,0,1,0,1,0,0,0,0,0,0,0,0,0,0,1,0,0,0,0,0,0,0,0,1,0,0,3,0,40.0372,-75.071, , 
 ,18897,2016135839,6,67,67301,2016,12,6,1950,19,3,1,0,4,1, , ,N,1,3,0,3,0,0,3,2,N,N,40 07:44.061,75 00:31.316,2007, ,1957, ,0, ,N, ,3, , , , , ,222936, , , ,2,0,0,0,0,0,2,0,0,0,0,0,0,0,0,0,0,0,0,0,0,0,0,0,0,0,0,0,0,0,0,0,0,0,0,0,0,40.1289,-75.0087, , 
 ,18898,2017021433,6,67,67301,2016,8,6,1500,15,1,1,0,1,1, , ,N,3,2,0,3,0,1,2,2,N,N,40 04:24.158,75 05:04.743,0, ,0, ,0, ,N, ,3, , , , , ,222947, , , ,2,1,0,0,0,0,1,0,0,0,0,0,1,1,0,0,0,0,1,0,1,0,0,1,0,0,0,0,0,0,0,0,0,0,0,8,0,40.0734,-75.0847, , 
 ,18899,2016128280,6,67,67301,2016,11,6,1738,17,3,1,0,1,1, , ,N,0,0,0,3,0,0,2,2,N,N,39 57:25.515,75 09:23.954,1812, ,1742,2,2,3, , ,0,N, , , , ,222972, , , ,2,1,0,0,1,0,0,0,0,0,0,0,0,0,0,0,0,0,0,0,0,0,0,0,0,0,0,0,0,0,0,0,0,0,0,0,0,39.9571,-75.1567, , 
 ,18900,2016080587,6,67,67301,2016,7,4,1245,12,1,2,1,2,1, , ,N,0,0,0,3,0,0,2,2,N, ,39 55:20.877,75 14:46.653,1300, ,1256, ,0, , , ,0, , , , , ,222997, , , ,2,2,0,0,0,0,0,0,0,0,0,0,0,0,0,0,0,0,0,0,1,0,0,1,0,0,0,0,0,0,0,0,0,0,0,0,0,39.9225,-75.2463, , 
 ,18901,2016110241,6,67,67301,2016,10,6,635,6,3,1,0,6,1, , ,N,0,0,0,3,0,1,6,2,N,N,39 58:01.212,75 08:00.728,643, ,640,1,1,1, , ,0,N, , , , ,223015, , , ,2,2,0,0,0,0,0,0,0,0,0,0,1,1,0,0,0,0,0,0,0,0,0,1,0,0,0,0,0,0,0,0,0,0,0,8,0,39.967,-75.1335, , 
 ,18902,2017003680,6,67,67301,2016,2,4,300,3,3,4,1,5,6, , ,N,0,0,0,3,0,0,1,3,N, ,40 00:39.154,75 09:26.736,310, ,300,2,2,2, , ,0,Y, , , , ,223073, , , ,3,2,0,0,0,0,1,0,0,0,0,0,0,0,0,0,0,0,0,0,0,0,0,0,0,0,0,0,0,0,0,0,0,0,0,0,0,40.0109,-75.1574, , 
 ,18903,2017010650,6,67,67301,2016,12,6,1806,18,3,1,0,6,1, , ,N,0,0,0,3,0,1,4,4,N, ,40 03:54.842,75 09:25.747,9999, ,1808,2,1,5, , ,0,N, , , , ,223076, , , ,4,3,0,0,0,0,1,0,0,0,0,0,1,1,0,0,0,0,0,0,0,1,0,0,0,0,0,0,0,0,0,0,0,0,0,8,0,40.0652,-75.1572, , 
 ,18904,2017022698,6,67,67301,2016,12,1,2145,21,3,1,0,4,1, , ,N,1,2,0,3,0,0,2,2,N,N,39 57:03.940,75 09:12.848,2145, ,2145, ,0, ,N, ,3, , , , , ,223077, , , ,2,2,0,0,0,0,0,0,0,0,0,0,0,0,0,0,0,0,0,0,0,0,0,0,0,0,0,0,0,0,0,0,0,0,0,0,0,39.9511,-75.1536, , 
 ,18905,2017003702,6,67,67301,2016,12,3,1728,17,1,1,0,4,1, , ,N,2,2,0,3,0,1,2,2,N,N,39 56:56.025,75 11:22.873,1731, ,1728, ,0, ,N, ,3, , , , , ,223086, , , ,1,1,0,0,0,0,0,0,1,0,0,0,1,1,0,0,0,0,0,0,0,0,0,1,0,0,0,0,0,0,0,0,0,0,0,8,0,39.9489,-75.1897, , 
 ,18906,2016087701,6,67,67301,2016,8,4,9999,99,1,1,0,1,1, , ,N,0,0,0,3,0,2,3,3,N, ,40 00:55.596,75 07:03.414,1744, ,1740, ,0, , , ,0, , , , , ,223096, , , ,2,1,0,0,0,0,1,0,0,0,0,2,2,0,0,0,0,0,0,0,0,0,0,1,0,0,0,0,0,0,0,0,0,0,0,4,0,40.0154,-75.1176, , 
 ,18907,2017001784,6,67,67301,2016,12,4,1614,16,1,1,0,5,1, , ,N,0,0,0,3,0,0,3,3,N,N,39 56:09.037,75 08:41.201,1620, ,1614, ,0, , , ,0, , , , , ,223113, , , ,3,1,0,0,1,0,0,0,0,0,0,0,0,0,1,0,0,0,0,0,1,0,0,0,0,0,0,0,0,0,0,0,0,0,0,9,0,39.9358,-75.1448, , 
N,18908,2016100207,6,67,67301,2016,9,3,825,8,1,1,0,1,1,1,8,Y,6,0,2,3,0,1,4,2,N,N,40 01:40.323,75 01:27.827,937,25,825, ,0, , , ,0, ,N,N,N,N,217009,N,Y,N,2,2,0,0,0,0,0,0,0,0,0,0,1,1,0,0,0,0,0,0,1,0,0,0,0,0,0,0,0,0,0,0,0,0,0,8,0,40.0279,-75.0244, , 
 ,18909,2016106437,6,67,67301,2016,10,1,834,8,1,2,7,7,3, , ,N,0,0,0,3,0,1,2,2,N,N,39 58:02.632,75 07:56.117,839, ,834, ,0, , , ,0, , , , , ,217011, , , ,2,1,0,0,0,0,0,1,0,0,0,0,1,1,0,0,0,0,0,0,0,0,0,1,0,0,0,0,0,0,0,0,0,0,0,8,0,39.9674,-75.1323, , 
 ,18910,2016105644,6,67,67301,2016,9,4,1730,17,1,1,0,4,1, , ,N,1,0,0,3,0,2,3,2,N,N,40 04:26.082,75 04:39.292,1800, ,1755, ,0, ,N, ,0, , , , , ,217022, , , ,2,2,0,0,0,0,0,0,0,0,0,2,2,0,0,0,1,0,0,0,1,0,0,0,0,0,0,0,0,0,0,0,0,0,0,4,0,40.0739,-75.0776, , 
 ,18911,2016105512,6,67,67301,2016,10,7,713,7,3,2,1,2,1, , ,N,1,2,0,3,0,1,2,2,N, ,40 06:50.926,74 59:15.880,725, ,713,1,1,1, , ,3,N, , , , ,217025, , , ,2,1,0,0,0,0,1,0,0,0,1,0,1,0,0,0,0,0,0,0,0,0,0,0,0,0,0,0,0,0,0,0,0,0,0,3,0,40.1141,-74.9877, , 
 ,18912,2016112066,6,67,67301,2016,10,6,755,7,1,1,0,5,6, , ,N,0,0,0,3,0,0,1,3,N, ,40 02:11.463,75 07:35.166,805, ,759, ,0, , , ,0, , , , , ,217044, , , ,3,3,0,0,0,0,0,0,0,0,0,0,0,0,0,0,0,0,0,0,0,0,0,0,0,0,0,0,0,0,0,0,0,0,0,0,0,40.0365,-75.1264, , 
 ,18913,2016129446,6,67,67301,2016,11,5,711,7,1,1,0,5,1, , ,N,0,0,0,3,0,0,3,3,N, ,40 00:28.388,75 07:38.224,730, ,713,1,1,2, , ,0,N, , , , ,217047, , , ,3,1,0,0,0,0,1,1,0,0,0,0,0,0,1,0,0,0,0,0,0,0,0,2,0,0,0,0,0,0,0,0,0,0,0,9,0,40.0079,-75.1273, , 
 ,18914,2017023689,6,67,67301,2016,12,7,200,2,3,1,0,4,1, , ,N,1,2,0,3,0,3,4,2,N,N,40 01:50.746,75 11:15.959,0, ,0, ,0, ,N, ,3, , , , , ,217059, , , ,2,1,0,0,0,0,1,0,0,0,1,2,3,0,0,0,0,0,0,0,1,0,0,1,0,0,0,0,0,0,0,0,0,0,0,3,0,40.0308,-75.1878, , 
 ,18915,2016117750,6,67,67301,2016,10,4,1945,19,3,1,0,4,1, , ,N,1,2,0,3,0,1,3,2,N,N,40 05:57.235,74 59:43.576,2000, ,1954, ,0, ,N, ,3, , , , , ,217075, , , ,2,1,0,0,0,0,1,0,0,0,0,1,1,0,0,0,0,0,0,0,0,0,0,0,0,0,0,0,0,0,0,0,0,0,0,4,0,40.0992,-74.9954, , 
 ,18916,2017003580,6,67,67301,2016,12,1,235,2,3,5,4,7,4, , ,N,0,0,0,3,0,1,1,1,N,N,40 02:11.288,75 01:22.378,245, ,240, ,0, ,N, ,0, , , , , ,217098, , , ,1,1,0,0,0,0,0,0,0,0,0,0,1,1,0,0,0,0,0,0,0,1,0,1,0,0,0,0,0,0,0,0,0,0,0,8,0,40.0365,-75.0229, , 
 ,18917,2016052401,6,67,67301,2016,4,3,700,7,1,1,0,7,5, , ,N,2,3,0,3,0,1,2,2,N,N,39 59:23.568,75 09:33.652,805, ,756, ,0, ,N, ,3, , , , , ,217118, , , ,2,0,0,0,1,0,1,0,0,0,0,0,1,1,0,0,0,0,0,0,0,0,0,0,0,0,0,0,0,0,0,0,0,0,0,8,0,39.9899,-75.1593, , 
 ,18918,2016065623,6,67,67301,2016,6,7,355,3,3,1,0,7,4, , ,N,0,0,0,3,0,0,1,1,N,N,40 02:36.662,75 01:13.006,410, ,400, ,0, ,N, ,0, , , , , ,217125, , , ,1,0,0,0,0,0,0,1,0,0,0,0,0,0,0,0,0,0,0,0,0,0,0,0,0,0,0,0,0,0,0,0,0,0,0,0,0,40.0435,-75.0203, , 
 ,18919,2016080455,6,67,67301,2016,6,3,613,6,1,2,1,7,4, , ,N,2,2,0,3,0,1,1,1,N,N,39 55:59.902,75 08:36.154,614, ,614, ,0, ,N, ,3, , , , , ,217159, , , ,1,1,0,0,0,0,0,0,0,0,0,0,1,1,0,0,0,0,0,0,0,0,0,0,0,0,0,0,0,0,0,0,0,0,0,8,0,39.9333,-75.1434, , 
 ,18920,2016087207,6,67,67301,2016,7,2,1945,19,1,1,0,7,5, , ,N,0,0,0,3,0,2,2,2,N,N,39 57:30.587,75 14:16.435,2007, ,2007, ,0, ,N, ,0, , , , , ,217170, , , ,1,1,0,0,0,0,0,0,0,0,0,2,2,0,0,0,0,0,0,0,0,0,0,0,0,0,0,0,0,0,0,0,0,0,0,4,0,39.9585,-75.2379, , 
 ,18921,2016108609,6,67,67301,2016,10,2,627,6,3,1,0,8,1, , ,N,0,0,0,3,1,0,2,2,N,N,40 04:44.621,75 01:48.119,642, ,629,3,1,1,N,0,0,N, , , , ,217185, , , ,1,0,0,0,0,0,1,0,0,0,0,0,0,0,0,0,0,0,0,0,1,0,0,0,0,0,0,0,0,0,0,0,1,1,0,1,0,40.0791,-75.03,2, 
 ,18922,2016135784,6,67,67301,2016,12,2,109,1,3,2,1,5,6, , ,N,0,0,0,3,0,0,1,2,N,N,39 58:16.118,75 13:50.428,112, ,109, ,0, , , ,0, , , , , ,217197, , , ,2,2,0,0,0,0,0,0,0,0,0,0,0,0,1,0,0,0,0,0,0,0,0,0,0,0,0,0,0,0,0,0,0,0,0,9,0,39.9711,-75.2307, , 
 ,18923,2016105685,6,67,67301,2016,9,1,1738,17,1,1,0,4,1, , ,N,0,0,7,3,0,1,2,2,N, ,39 58:14.620,75 15:40.224,1847, ,1842, ,0, , , ,0, , , , , ,217201, , , ,2,1,0,0,0,0,0,0,0,0,0,1,1,0,0,0,0,0,0,0,0,0,0,1,0,0,0,0,0,0,0,0,0,0,0,4,0,39.9707,-75.2612, , 
 ,18924,2016129478,6,67,67301,2016,11,3,843,8,1,2,1,4,1, , ,N,2,0,0,3,0,0,2,2,N,N,40 03:48.906,75 05:14.771,850, ,848, ,0, , , ,0, , , , , ,217216, , , ,2,1,0,0,0,0,1,0,0,0,0,0,0,0,0,0,0,0,0,0,0,1,0,0,0,0,0,0,0,0,0,0,0,0,0,0,0,40.0636,-75.0874, , 
 ,18925,2016126716,6,67,67301,2016,11,5,1524,15,1,1,0,1,1, , ,N,0,0,0,3,0,1,6,2,N,N,39 56:41.123,75 11:28.294,1532, ,1624, ,0, , , ,0, , , , , ,217217, , , ,2,0,0,0,0,0,2,0,0,0,0,0,1,1,0,0,0,0,0,1,0,0,0,0,0,0,0,0,0,0,0,0,0,0,0,8,0,39.9448,-75.1912, , 
 ,18926,2016129535,6,67,67301,2016,11,2,550,5,5,1,0,4,1, , ,N,1,3,0,3,0,2,2,2,N, ,40 04:10.070,75 09:35.945,610, ,602,2,1,1, , ,3,N, , , , ,217222, , , ,2,2,0,0,0,0,0,0,0,0,0,2,2,0,0,0,0,0,0,0,1,0,0,0,0,0,0,0,0,0,0,0,0,0,0,4,0,40.0695,-75.16, , 
 ,18927,2016080742,6,67,67301,2016,7,2,1630,16,1,1,0,5,1, , ,N,0,0,0,3,0,1,2,2,N,N,39 56:46.120,75 11:06.144,9999, ,9999, ,0, , , ,0, , , , , ,219997, , , ,1,1,0,0,0,0,0,0,1,0,1,0,1,0,1,0,0,0,0,0,1,0,0,1,0,0,0,0,0,0,0,0,0,0,0,3,0,39.9461,-75.185, , 
 ,18928,2016082453,6,67,67301,2016,7,3,1702,17,1,1,0,1,1, , ,N,0,0,0,3,0,0,2,2,N,N,40 00:03.570,75 04:45.569,1717, ,1702, ,0, , , ,0, , , , , ,219998, , , ,2,0,0,0,0,0,1,1,0,0,0,0,0,0,0,0,0,0,0,0,2,0,0,0,0,0,0,0,0,0,0,0,0,0,0,0,0,40.001,-75.0793, , 
 ,18929,2016105829,6,67,67301,2016,9,5,1728,17,1,1,0,8,1, , ,N,1,3,0,3,0,1,2,2,N, ,39 59:56.299,75 07:11.942,1744, ,1740, ,0, , , ,3, , , , , ,220015, , , ,1,1,0,0,0,0,0,0,0,0,0,1,1,0,0,0,0,0,0,0,1,0,0,1,0,0,0,0,0,0,0,0,1,0,0,4,0,39.999,-75.12, , 
 ,18930,2016112161,6,67,67301,2016,10,7,1920,19,3,2,1,5,1, , ,N,0,0,0,3,0,2,3,2,N,N,40 01:29.086,75 09:38.123,1925, ,1924, ,0, ,N, ,0, , , , , ,220026, , , ,2,2,0,0,0,0,0,0,0,0,0,2,2,0,0,0,0,0,0,0,1,0,0,0,0,0,0,0,0,0,0,0,0,0,0,4,0,40.0247,-75.1606, , 
 ,18931,2016129486,6,67,67301,2016,11,2,1840,18,4,1,0,8,1, , ,N,0,0,0,3,0,1,2,2,N,N,40 02:46.082,75 10:38.660,2125, ,2122, ,0, ,N, ,0, , , , , ,220047, , , ,1,1,0,0,0,0,0,0,0,0,0,1,1,0,0,0,0,0,0,0,0,0,0,1,0,0,0,0,0,0,0,0,1,0,0,4,0,40.0461,-75.1774, , 
 ,18932,2016132196,6,67,67301,2016,11,7,9999,99,3,1,0,7,4, , ,N,1,2,0,3,0,0,1,1,N,N,40 03:35.442,75 09:00.370,9999, ,9999, ,0, ,N, ,3, , , , , ,220058, , , ,1,1,0,0,0,0,0,0,0,0,0,0,0,0,1,0,0,0,0,0,0,0,0,0,0,0,0,0,0,0,0,0,0,0,0,9,0,40.0598,-75.1501, , 
 ,18933,2017005773,6,67,67301,2016,12,2,1300,13,1,1,0,5,1, , ,N,2,2,2,3,0,2,4,2,N, ,39 56:29.692,75 08:31.694,1425, ,1305, ,0, , , ,3, , , , , ,220065, , , ,2,2,0,0,0,0,0,0,0,0,0,2,2,0,0,0,0,0,0,0,0,1,0,0,0,0,0,0,0,0,0,0,0,0,0,4,0,39.9416,-75.1421, , 
 ,18934,2017021376,6,67,67301,2016,8,4,1800,18,1,1,0,1,1, , ,N,0,0,0,3,0,1,3,2,N,N,40 00:08.186,75 09:09.996,0, ,0, ,0, ,N, ,0, , , , , ,220067, , , ,2,0,0,0,0,0,1,1,0,0,0,0,1,1,0,0,0,0,0,0,2,0,0,0,0,0,0,0,0,0,0,0,0,0,0,8,0,40.0023,-75.1528, , 
 ,18935,2016052873,6,67,67301,2016,5,6,340,3,3,2,1,7,7, , ,N,7,0,2,3,0,1,2,1,N,N,39 57:36.094,75 10:47.782,341, ,341,1,2,4, , ,0,Y, , , , ,220068, , , ,1,1,0,0,0,0,0,0,0,0,1,0,1,0,0,0,0,0,0,0,0,0,0,0,0,0,0,0,0,0,0,0,0,0,0,3,0,39.96,-75.1799, , 
 ,18936,2016053708,6,67,67301,2016,5,3,1645,16,1,1,0,8,1, , ,N,0,0,0,3,0,2,2,2,N,N,39 57:39.380,75 08:37.830,1653, ,1649, ,0, ,N, ,0, , , , , ,220070, , , ,1,0,1,0,0,0,0,0,0,0,0,2,2,0,0,0,0,0,0,0,0,0,0,0,0,0,0,0,0,0,0,0,1,0,0,4,0,39.9609,-75.1438, , 
 ,18937,2016099592,6,67,67301,2016,9,2,9999,99,3,1,0,8,1, , ,N,1,2,0,3,1,0,2,2,N,N,40 02:07.261,75 02:22.084,2041, ,2029,3,1,3, ,0,3,N, , , , ,220096, , , ,1,0,0,0,1,0,0,0,0,0,0,0,0,0,0,0,0,0,0,0,0,1,0,1,0,0,0,0,0,0,0,0,1,1,0,1,0,40.0354,-75.0395,2, 