wz_ln_closure,objectid_1,crn,district,county,municipality,crash_year,crash_month,day_of_week,time_of_day,hour_of_day,illumination,weather,road_condition,collision_type,relation_to_road,work_zone_type,work_zone_loc,work_zone_ind,intersect_type,tcd_type,location_type,urban_rural,fatal_count,injury_count,person_count,total_units,sch_bus_ind,sch_zone_ind,latitude,longitude,arrival_tm,cons_zone_spd_lim,dispatch_tm,est_hrs_closed,lane_closed,ln_close_dir,ntfy_hiwy_maint,spec_juris_cd,tcd_func_cd,tfc_detour_ind,workers_pres,wz_close_detour,wz_flagger,wz_law_offcr_ind,objectid,wz_moving,wz_other,wz_shlder_mdn,vehicle_count,automobile_count,motorcycle_count,bus_count,small_truck_count,heavy_truck_count,suv_count,van_count,bicycle_count,maj_inj_count,mod_inj_count,min_inj_count,tot_inj_count,unk_inj_deg_count,unk_inj_per_count,driver_count_16yr,driver_count_17yr,driver_count_18yr,driver_count_19yr,driver_count_20yr,driver_count_50_64yr,driver_count_65_74yr,driver_count_75plus,unbelted_occ_count,unb_death_count,unb_maj_inj_count,belted_death_count,belted_maj_inj_count,mcycle_death_count,mcycle_maj_inj_count,bicycle_death_count,bicycle_maj_inj_count,ped_count,ped_death_count,ped_maj_inj_count,max_severity_level,comm_veh_count,dec_lat,dec_long,rdwy_surf_type_cd,county_name
 ,19005,2016084416,6,67,67301,2016,8,6,1845,18,1,1,0,1,1, , ,N,0,0,0,3,0,0,3,3,N,N,39 54:57.023,75 08:52.092,1845, ,1845,1,2,2, , ,0,N, , , , ,220210, , , ,3,1,0,0,1,0,0,1,0,0,0,0,0,0,1,0,0,0,0,0,1,0,0,0,0,0,0,0,0,0,0,0,0,0,0,9,0,39.9158,-75.1478, , 
 ,19006,2016082281,6,67,67301,2016,7,6,2150,21,1,1,0,1,1, , ,N,1,2,0,3,0,0,3,3,N, ,40 02:39.088,75 09:45.868,18, ,14, ,0, , , ,3, , , , , ,220217, , , ,3,2,0,0,0,0,0,0,0,0,0,0,0,0,0,0,0,0,0,0,0,0,0,1,0,0,0,0,0,0,0,0,0,0,0,0,0,40.0442,-75.1627, , 
 ,19007,2016092043,6,67,67301,2016,8,1,1338,13,1,1,0,4,1, , ,N,0,0,7,3,0,1,4,2,N,N,39 56:38.980,75 13:09.429,1345, ,1340,3,1,4,N, ,0,Y, , , , ,220249, , , ,2,2,0,0,0,0,0,0,0,0,0,1,1,0,0,0,0,0,0,0,0,0,0,2,0,0,0,0,0,0,0,0,0,0,0,4,0,39.9442,-75.2193, , 
 ,19008,2016099488,6,67,67301,2016,9,6,1215,12,1,1,0,8,1, , ,N,0,0,0,3,0,1,2,2,N,N,40 01:36.024,75 12:33.421,1234, ,1228, ,0, , , ,0, , , , , ,220269, , , ,1,1,0,0,0,0,0,0,0,0,0,1,1,0,0,0,0,0,0,0,0,0,0,0,0,0,0,0,0,0,0,0,1,0,0,4,0,40.0267,-75.2093, , 
 ,19009,2016058678,6,67,67301,2016,5,5,1630,16,1,1,0,8,4, , ,N,1,0,0,3,0,1,2,2,N,N,39 58:58.476,75 08:33.817,1650, ,1635, ,0, ,N, ,0, , , , , ,220290, , , ,1,1,0,0,0,0,0,0,0,0,0,1,1,0,0,0,0,0,0,0,0,0,0,1,0,0,0,0,0,0,0,0,1,0,0,4,0,39.9829,-75.1427, , 
 ,19010,2016065696,6,67,67301,2016,6,7,2320,23,3,1,0,8,1, , ,N,1,2,0,3,0,1,2,2,N,N,39 57:51.288,75 13:19.081,2326, ,2326, ,0, ,N, ,3, , , , , ,220295, , , ,1,1,0,0,0,0,0,0,0,0,0,0,1,1,0,0,0,0,0,0,0,0,0,1,0,0,0,0,0,0,0,0,1,0,0,8,0,39.9641,-75.2214, , 
 ,19011,2016080487,6,67,67301,2016,7,7,1710,17,1,1,0,4,1, , ,N,1,2,0,3,0,0,4,2,N, ,39 57:19.443,75 10:16.111,1725, ,1718, ,0, , , ,3, , , , , ,220304, , , ,2,1,0,0,0,0,1,0,0,0,0,0,0,0,0,0,0,0,0,0,0,0,0,0,0,0,0,0,0,0,0,0,0,0,0,0,0,39.9554,-75.1711, , 
 ,19012,2016080522,6,67,67301,2016,6,2,1800,18,1,1,0,4,1, , ,N,2,3,0,3,0,0,2,2,N, ,40 05:30.066,74 58:56.782,1808, ,1804,1,1,3, , ,3,N, , , , ,220305, , , ,2,1,0,0,0,0,1,0,0,0,0,0,0,0,2,0,0,0,0,0,0,0,0,0,0,0,0,0,0,0,0,0,0,0,0,9,0,40.0917,-74.9824, , 
 ,19013,2016080545,6,67,67301,2016,6,6,1845,18,1,1,0,8,1, , ,N,0,0,0,3,0,1,2,2,N,N,40 01:45.937,75 09:00.588,1905, ,1900, ,0, ,N, ,0, , , , , ,220306, , , ,1,1,0,0,0,0,0,0,0,0,0,0,1,1,0,0,0,0,0,0,0,0,0,0,0,0,0,0,0,0,0,0,1,0,0,8,0,40.0294,-75.1502, , 
 ,19014,2016109054,6,67,67301,2016,9,5,925,9,1,2,1,1,1, , ,N,0,0,6,3,0,2,3,2,N,N,40 01:20.324,75 08:17.631,940, ,926,1,1,2,N, ,0,N, , , , ,220323, , , ,2,1,0,0,0,0,0,1,0,0,0,2,2,0,0,0,0,0,0,0,1,0,0,0,0,0,0,0,0,0,0,0,0,0,0,4,0,40.0223,-75.1382, , 
 ,19015,2016135777,6,67,67301,2016,11,3,1735,17,3,1,0,8,1, , ,N,1,3,0,3,0,1,2,2,N, ,39 57:14.502,75 13:34.006,1740, ,1737, ,0, , , ,3, , , , , ,220351, , , ,1,0,0,0,0,0,1,0,0,0,0,0,1,1,1,0,0,0,0,0,0,0,0,0,0,0,0,0,0,0,0,0,1,0,0,8,0,39.954,-75.2261, , 
 ,19016,2016138207,6,67,67301,2016,12,7,216,2,3,1,0,7,4, , ,N,0,0,0,3,0,1,1,1,N,N,40 01:40.764,75 05:27.540,235, ,216,2,1,1,N, ,0,N, , , , ,220357, , , ,1,1,0,0,0,0,0,0,0,0,0,0,1,1,0,0,0,0,0,0,0,0,0,0,0,0,0,0,0,0,0,0,0,0,0,8,0,40.028,-75.091, , 
 ,19017,2016135650,6,67,67301,2016,12,2,124,1,3,1,0,2,1, , ,N,0,0,0,3,0,2,3,2,N,N,40 00:21.451,75 05:35.737,130, ,126,2,1,2,N, ,0,Y, , , , ,220359, , , ,2,2,0,0,0,0,0,0,0,0,2,0,2,0,0,0,0,0,0,0,0,0,0,0,0,0,0,0,0,0,0,0,0,0,0,3,0,40.006,-75.0933, , 
 ,19018,2016128446,6,67,67301,2016,12,2,714,7,1,2,1,7,4, , ,N,0,0,0,3,0,3,3,2,N,N,39 56:58.226,75 11:03.806,750, ,714, ,0, , , ,0, , , , , ,220360, , , ,2,0,0,0,0,0,2,0,0,0,0,0,3,3,0,0,0,0,0,0,1,0,0,0,0,0,0,0,0,0,0,0,0,0,0,8,0,39.9495,-75.1844, , 
 ,19019,2016093099,6,67,67301,2016,8,3,1928,19,3,1,0,7,2, , ,N,0,0,2,3,0,1,1,1,N,N,39 57:42.426,75 10:56.844,1933, ,1930,1,2,4, , ,0,N, , , , ,220384, , , ,1,0,1,0,0,0,0,0,0,0,1,0,1,0,0,0,0,0,0,0,0,0,0,0,0,0,0,0,0,0,0,0,0,0,0,3,0,39.9618,-75.1825, , 
 ,19020,2016087696,6,67,67301,2016,7,4,1347,13,1,1,0,4,1, , ,N,1,2,0,3,0,0,2,2,N,N,39 55:12.734,75 13:48.680,1415, ,1402,2,2,3, , ,3,Y, , , , ,226183, , , ,2,0,0,0,0,0,1,1,0,0,0,0,0,0,0,0,0,0,1,0,0,0,0,0,0,0,0,0,0,0,0,0,0,0,0,0,0,39.9202,-75.2302, , 
 ,19021,2016082308,6,67,67301,2016,7,6,28,0,3,1,1,7,4, , ,N,0,0,0,3,0,1,1,1,N,N,39 56:33.180,75 14:21.003,35, ,28, ,0, ,N, ,0, , , , , ,226191, , , ,1,1,0,0,0,0,0,0,0,0,0,0,1,1,0,0,0,0,0,0,0,0,0,0,0,0,0,0,0,0,0,0,0,0,0,8,0,39.9426,-75.2392, , 
 ,19022,2016092146,6,67,67301,2016,8,3,1430,14,1,1,0,4,1, , ,N,0,0,0,3,0,1,2,2,N,N,40 01:19.970,75 07:45.354,1430, ,1430, ,0, ,N, ,0, , , , , ,226195, , , ,2,1,0,0,0,0,1,0,0,0,0,1,1,0,0,0,0,0,0,0,0,0,0,1,0,0,0,0,0,0,0,0,0,0,0,4,0,40.0222,-75.1293, , 
 ,19023,2016096774,6,67,67301,2016,9,7,1453,14,1,1,0,1,1, , ,N,0,0,0,3,0,0,2,2,N,N,39 56:55.484,75 11:07.180,1508, ,1453,1,1,4, , ,0,N, , , , ,226197, , , ,2,2,0,0,0,0,0,0,0,0,0,0,0,0,0,0,0,0,0,0,1,0,0,0,0,0,0,0,0,0,0,0,0,0,0,0,0,39.9487,-75.1853, , 
 ,19024,2016099628,6,67,67301,2016,8,7,2354,23,3,1,0,1,1, , ,N,5,2,0,3,0,3,6,3,N, ,40 02:25.526,75 03:55.923,1203, ,2359,3,1,1, , ,3,N, , , , ,226201, , , ,3,3,0,0,0,0,0,0,0,0,1,2,3,0,0,0,0,0,0,0,0,0,0,0,0,0,0,0,0,0,0,0,0,0,0,3,0,40.0404,-75.0655, , 
 ,19025,2016126207,6,67,67301,2016,11,7,825,8,1,1,0,7,4, , ,N,0,0,0,3,0,1,1,1,N,N,39 54:24.604,75 11:04.875,837, ,830, ,0, , , ,0, , , , , ,226223, , , ,1,0,0,0,1,0,0,0,0,0,0,0,1,1,0,0,0,0,0,0,1,0,0,0,0,0,0,0,0,0,0,0,0,0,0,8,0,39.9068,-75.1847, , 
 ,19026,2016135690,6,67,67301,2016,11,3,1812,18,3,2,1,8,1, , ,N,0,0,0,3,0,1,3,2,N, ,40 02:11.707,75 02:25.595,1812, ,1812, ,0, , , ,0, , , , , ,226252, , , ,1,1,0,0,0,0,0,0,0,1,0,0,1,0,0,0,0,0,0,0,0,0,0,0,0,0,0,0,0,0,0,0,1,0,1,2,0,40.0366,-75.0404, , 
 ,19027,2016126610,6,67,67301,2016,11,5,920,9,1,1,0,4,1, , ,N,2,3,0,3,0,0,2,2,N,N,39 58:38.783,75 14:01.857,1000, ,938, ,0, , , ,3, , , , , ,226258, , , ,2,2,0,0,0,0,0,0,0,0,0,0,0,0,1,0,0,0,0,0,0,0,0,0,0,0,0,0,0,0,0,0,0,0,0,9,0,39.9774,-75.2338, , 
 ,19028,2016126129,6,67,67301,2016,11,7,1930,19,3,1,0,4,1, , ,N,1,2,0,3,0,2,3,2,N, ,40 04:51.101,75 01:42.607,1945, ,1942,2,1,1, , ,3,N, , , , ,226260, , , ,2,2,0,0,0,0,0,0,0,0,1,1,2,0,0,0,0,1,0,0,0,0,0,0,0,0,0,0,0,0,0,0,0,0,0,3,0,40.0808,-75.0286, , 
 ,19029,2016130295,6,67,67301,2016,12,7,1200,12,1,9,0,5,6, , ,N,0,0,0,3,0,0,2,3,N,N,39 59:09.823,75 09:40.132,1217, ,1215, ,0, ,N, ,0, , , , , ,226265, , , ,3,1,0,0,0,0,1,0,0,0,0,0,0,0,0,0,0,0,0,0,0,0,0,0,0,0,0,0,0,0,0,0,0,0,0,0,0,39.9861,-75.1611, , 
 ,19030,2016117789,6,67,67301,2016,10,5,815,8,1,1,0,8,1, , ,N,5,2,0,3,0,1,2,2,N,N,39 59:55.130,75 10:41.603,830, ,820, ,0, , , ,3, , , , , ,226276, , , ,1,0,0,0,0,0,1,0,0,0,0,0,1,1,0,0,0,0,0,0,0,0,0,1,0,0,0,0,0,0,0,0,1,0,0,8,0,39.9987,-75.1782, , 
 ,19031,2016135836,6,67,67301,2016,12,1,1415,14,1,1,0,4,1, , ,N,1,2,0,3,0,0,2,2,N,N,39 56:48.541,75 14:08.759,1427, ,1423, ,0, ,N, ,3, , , , , ,226291, , , ,2,2,0,0,0,0,0,0,0,0,0,0,0,0,0,0,0,0,0,0,0,0,1,0,0,0,0,0,0,0,0,0,0,0,0,0,0,39.9468,-75.2358, , 
 ,19032,2017003578,6,67,67301,2016,12,2,828,8,1,2,1,1,1, , ,N,0,0,0,3,0,0,11,4,N,N,40 03:10.578,75 02:23.452,858, ,849, ,0, ,N, ,0, , , , , ,226308, , , ,4,1,0,1,1,0,1,0,0,0,0,0,0,0,6,0,0,0,0,0,1,0,0,3,0,0,0,0,0,0,0,0,0,0,0,9,1,40.0529,-75.0398, , 
 ,19033,2016129384,6,67,67301,2016,11,5,1435,14,1,1,0,1,6, , ,N,0,0,0,3,0,1,1,2,N,N,39 58:52.586,75 13:39.705,1445, ,1440,1,1,1,N, ,0,N, , , , ,226331, , , ,2,1,0,0,0,0,0,1,0,0,0,1,1,0,0,0,0,0,0,0,0,0,0,0,0,0,0,0,0,0,0,0,0,0,0,4,0,39.9813,-75.2277, , 
 ,19034,2017003681,6,67,67301,2016,12,4,1619,16,1,1,0,4,1, , ,N,1,2,0,3,0,2,4,2,N, ,40 00:44.009,75 09:01.745,1630, ,1624, ,0, , , ,3, , , , , ,226345, , , ,2,1,0,0,0,0,1,0,0,0,0,2,2,0,0,0,0,0,0,0,0,0,0,0,0,0,0,0,0,0,0,0,0,0,0,4,0,40.0122,-75.1505, , 
 ,19035,2017007830,6,67,67301,2016,12,3,628,6,5,1,0,8,1, , ,N,1,2,0,3,0,1,2,3,N, ,40 02:29.185,75 02:56.396,701, ,654, ,0, , , ,3, , , , , ,226348, , , ,2,2,0,0,0,0,0,0,0,0,0,1,1,0,0,0,0,0,0,0,0,0,0,0,0,0,0,0,0,0,0,0,1,0,0,4,0,40.0414,-75.049, , 
 ,19036,2017008754,6,67,67301,2016,12,4,105,1,3,1,0,5,1, , ,N,0,0,0,3,0,1,3,2,N,N,39 58:09.485,75 09:35.914,115, ,110, ,0, ,N, ,0, , , , , ,226349, , , ,2,2,0,0,0,0,0,0,0,0,0,1,1,0,0,0,0,0,0,0,0,0,0,3,0,0,0,0,0,0,0,0,0,0,0,4,0,39.9693,-75.16, , 
 ,19037,2016111082,6,67,67301,2016,10,6,2205,22,3,1,0,4,1, , ,N,1,2,0,3,0,1,2,2,N,N,40 01:23.671,75 12:32.119,2220, ,2209, ,0, ,N, ,3, , , , , ,226352, , , ,1,1,0,0,0,0,0,0,1,0,0,1,1,0,0,0,0,0,0,0,0,0,0,0,0,0,0,0,0,0,0,0,0,0,0,4,0,40.0232,-75.2089, , 
 ,19038,2016120616,6,67,67301,2016,10,7,1425,14,1,1,0,5,6, , ,N,0,0,0,3,0,1,1,2,N,N,39 58:33.808,75 15:48.864,1431, ,1428,1,1,4,N, ,0,Y, , , , ,223388, , , ,2,2,0,0,0,0,0,0,0,0,0,1,1,0,0,0,0,0,0,0,0,0,0,0,0,0,0,0,0,0,0,0,0,0,0,4,0,39.9761,-75.2636, , 
 ,19039,2016129673,6,67,67301,2016,12,7,728,7,1,1,0,7,3, , ,N,0,0,0,3,0,0,1,1,N,N,39 58:32.091,75 11:41.664,733, ,728,1,1,3, , ,0,N, , , , ,223392, , , ,1,1,0,0,0,0,0,0,0,0,0,0,0,0,0,0,0,0,0,0,0,0,0,0,0,0,0,0,0,0,0,0,0,0,0,0,0,39.9756,-75.1949, , 
 ,19040,2016135799,6,67,67301,2016,11,6,2335,23,3,1,0,1,1, , ,N,0,0,0,3,0,3,3,2,Y, ,40 02:07.157,75 04:14.506,10, ,2345,2,1,3, , ,0,Y, , , , ,223397, , , ,2,1,0,1,0,0,0,0,0,0,1,2,3,0,0,0,0,0,0,0,1,0,0,0,0,0,0,0,0,0,0,0,0,0,0,3,1,40.0353,-75.0707, , 
 ,19041,2016129327,6,67,67301,2016,11,1,1325,13,1,1,0,1,1, , ,N,0,2,0,3,0,0,3,2,N,N,39 55:27.539,75 08:35.327,1515, ,1510,1,1,3,N, ,3,N, , , , ,223398, , , ,2,1,1,0,0,0,0,0,0,0,0,0,0,0,1,0,0,0,0,0,1,0,0,0,0,0,0,0,0,0,0,0,0,0,0,9,0,39.9243,-75.1431, , 
 ,19042,2016046072,6,67,67301,2016,4,6,1804,18,1,1,0,6,1, , ,N,0,0,0,3,0,1,2,2,N,N,39 56:23.706,75 11:05.987,1805, ,1805, ,0, ,N, ,0, , , , , ,223410, , , ,2,2,0,0,0,0,0,0,0,0,0,0,1,1,0,0,0,0,0,0,2,0,0,0,0,0,0,0,0,0,0,0,0,0,0,8,0,39.9399,-75.185, , 
 ,19043,2016053799,6,67,67301,2016,5,2,1937,19,4,1,0,5,1, , ,N,0,0,0,3,0,1,2,2,N, ,39 58:19.096,75 09:58.342,1944, ,1942, ,0, , , ,0, , , , , ,223415, , , ,2,1,0,0,0,0,1,0,0,0,1,0,1,0,1,0,0,0,0,0,0,0,0,1,0,0,0,0,0,0,0,0,0,0,0,3,0,39.972,-75.1662, , 
 ,19044,2016087719,6,67,67301,2016,7,1,1848,18,4,1,0,4,1, , ,N,1,2,0,3,0,1,2,2,N,N,39 56:23.459,75 12:41.033,1904, ,1857, ,0, ,N, ,3, , , , , ,223419, , , ,2,1,0,0,0,0,0,0,0,1,0,0,1,0,0,0,0,0,0,0,1,0,0,0,0,0,0,1,0,0,0,0,0,0,0,2,0,39.9399,-75.2114, , 
 ,19045,2016057272,6,67,67301,2016,5,5,2238,22,3,1,0,5,1, , ,N,0,0,0,3,0,0,4,3,N,N,39 56:08.872,75 10:50.862,2238, ,2238, ,0, , , ,0, , , , , ,223495, , , ,3,1,0,0,0,0,2,0,0,0,0,0,0,0,0,0,0,0,0,0,0,0,0,3,0,0,0,0,0,0,0,0,0,0,0,0,0,39.9358,-75.1808, , 
 ,19046,2016070691,6,67,67301,2016,6,3,1100,11,1,1,0,1,1, , ,N,0,0,0,3,0,2,4,3,N,N,40 02:49.123,75 00:52.774,1115, ,1110, ,0, ,N, ,0, , , , , ,223530, , , ,3,1,0,0,1,1,0,0,0,0,0,1,2,1,0,0,0,0,0,0,0,1,0,0,0,0,0,0,0,0,0,0,0,0,0,4,1,40.047,-75.0147, , 
N,19047,2016077592,6,67,67301,2016,6,5,1515,15,1,1,0,1,1,1,4,Y,0,8,0,3,0,0,3,3,N,N,39 58:02.421,75 07:56.800,1541,45,1519, ,0, , , ,3, ,N,N,N,N,223538,N,N,Y,3,2,0,0,0,0,1,0,0,0,0,0,0,0,1,0,0,0,0,0,1,0,0,0,0,0,0,0,0,0,0,0,0,0,0,9,0,39.9673,-75.1324, , 
 ,19048,2016129371,6,67,67301,2016,11,6,1720,17,3,1,0,4,1, , ,N,1,2,0,3,0,1,2,2,N,N,39 56:18.900,75 11:54.432,2200, ,1720, ,0, ,N, ,3, , , , , ,223569, , , ,2,2,0,0,0,0,0,0,0,0,0,1,1,0,0,0,0,0,0,0,0,0,0,0,0,0,0,0,0,0,0,0,0,0,0,4,0,39.9386,-75.1985, , 
 ,19049,2017007876,6,67,67301,2016,12,5,1145,11,1,2,1,1,1, , ,N,1,2,0,3,0,1,3,2,N,N,40 01:07.679,75 06:55.176,1153, ,1147,9,1,2, , ,3,N, , , , ,223584, , , ,2,0,0,0,0,1,1,0,0,0,0,0,1,1,0,0,0,0,0,0,0,1,0,3,0,0,0,0,0,0,0,0,0,0,0,8,1,40.0187,-75.1152, , 
 ,19050,2017005200,6,67,67301,2016,12,6,1245,12,1,1,0,7,4, , ,N,0,0,0,3,0,1,1,1,N,N,40 04:42.636,75 02:19.597,1255, ,1247, ,0, , , ,0, , , , , ,223588, , , ,1,1,0,0,0,0,0,0,0,0,0,1,1,0,0,1,0,0,0,0,0,0,0,0,0,0,0,0,0,0,0,0,0,0,0,4,0,40.0785,-75.0388, , 
 ,19051,2016112074,6,67,67301,2016,10,7,1254,12,1,2,1,6,1, , ,N,3,2,0,3,0,2,2,2,N,N,39 58:57.691,75 13:37.585,1258, ,1256, ,0, ,N, ,3, , , , , ,223598, , , ,2,2,0,0,0,0,0,0,0,0,0,0,2,2,0,0,0,0,0,0,1,0,0,0,0,0,0,0,0,0,0,0,0,0,0,8,0,39.9827,-75.2271, , 
 ,19052,2016127811,6,67,67301,2016,11,6,2300,23,3,1,0,5,1, , ,N,2,2,0,3,0,0,3,2,N, ,40 06:01.721,75 01:46.861,2315, ,2310,9,1,1, , ,3,N, , , , ,223599, , , ,2,1,0,0,0,0,1,0,0,0,0,0,0,0,0,0,0,0,0,0,0,0,0,0,0,0,0,0,0,0,0,0,0,0,0,0,0,40.1005,-75.0297, , 
 ,19053,2016065625,6,67,67301,2016,6,4,1455,14,1,1,0,4,1, , ,N,1,2,3,3,0,1,3,2,N, ,39 57:25.881,75 09:31.332,1455, ,1455,1,2,2, , ,3,Y, , , , ,223622, , , ,2,2,0,0,0,0,0,0,0,0,0,1,1,0,0,0,0,0,0,0,1,0,0,0,0,0,0,0,0,0,0,0,0,0,0,4,0,39.9572,-75.1587, , 
 ,19054,2016065668,6,67,67301,2016,6,2,1640,16,1,1,0,4,1, , ,N,1,2,0,3,0,0,2,2,N,N,39 56:36.006,75 12:39.070,1640, ,1640, ,0, , , ,3, , , , , ,223623, , , ,2,0,0,0,0,0,1,0,0,0,0,0,0,0,0,0,0,0,0,0,0,0,0,1,0,0,0,0,0,0,0,0,0,0,0,0,0,39.9433,-75.2109, , 
 ,19055,2016112206,6,67,67301,2016,10,2,855,8,1,1,0,4,1, , ,N,1,2,0,3,0,2,3,2,N,N,40 03:21.116,75 03:42.312,903, ,901, ,0, ,N, ,3, , , , , ,223652, , , ,2,1,0,0,0,0,1,0,0,0,2,0,2,0,0,0,0,0,0,0,1,0,0,1,0,0,0,0,0,0,0,0,0,0,0,3,0,40.0559,-75.0616, , 
 ,19056,2016122208,6,67,67301,2016,11,7,1058,10,1,1,0,1,1, , ,N,0,0,0,3,0,0,3,2,N,N,40 00:28.171,75 12:07.236,1104, ,1100, ,0, , , ,0, , , , , ,217445, , , ,2,1,0,0,0,0,1,0,0,0,0,0,0,0,0,0,0,0,0,0,1,0,0,0,0,0,0,0,0,0,0,0,0,0,0,0,0,40.0078,-75.202, , 
 ,19057,2016060821,6,67,67301,2016,5,1,1748,17,1,1,0,5,1, , ,N,2,0,0,3,0,3,5,4,N,N,39 56:53.376,75 12:59.687,1756, ,1748, ,0, , , ,0, , , , , ,217451, , , ,4,2,0,0,0,0,2,0,0,0,0,2,3,1,1,0,0,0,0,0,0,0,0,1,0,0,0,0,0,0,0,0,0,0,0,4,0,39.9482,-75.2166, , 
 ,19058,2016080617,6,67,67301,2016,7,3,9999,99,3,1,0,7,4, , ,N,1,2,0,3,0,0,1,1,N,N,40 03:27.548,75 09:43.791,500, ,455, ,0, ,N, ,3, , , , , ,217464, , , ,1,1,0,0,0,0,0,0,0,0,0,0,0,0,0,0,0,0,0,0,0,0,0,0,0,0,0,0,0,0,0,0,0,0,0,0,0,40.0577,-75.1622, , 
 ,19059,2016082254,6,67,67301,2016,7,5,1112,11,1,1,0,6,1, , ,N,0,2,0,3,0,2,4,2,N,N,40 00:00.787,75 08:31.749,1115, ,1112, ,0, ,N, ,3, , , , , ,217471, , , ,2,2,0,0,0,0,0,0,0,0,1,1,2,0,0,0,0,0,0,0,0,0,0,0,0,0,0,0,0,0,0,0,0,0,0,3,0,40.0002,-75.1419, , 
 ,19060,2016097678,6,67,67301,2016,9,4,1705,17,1,1,0,1,1, , ,N,2,2,0,3,0,1,2,2,N,N,40 05:04.061,75 01:29.192,1720, ,1710, ,0, , , ,3, , , , , ,217478, , , ,2,0,0,0,0,0,2,0,0,0,0,1,1,0,0,0,0,0,0,0,2,0,0,0,0,0,0,0,0,0,0,0,0,0,0,4,0,40.0846,-75.0249, , 
 ,19061,2016114798,6,67,67301,2016,10,1,900,9,1,1,0,1,1, , ,N,0,0,0,3,0,1,2,2,N,N,40 00:36.055,75 12:23.262,908, ,902,2,1,4, , ,0,N, , , , ,217494, , , ,2,1,0,0,0,0,1,0,0,0,0,0,1,1,0,0,0,0,0,0,1,0,0,0,0,0,0,0,0,0,0,0,0,0,0,8,0,40.01,-75.2065, , 
 ,19062,2016120630,6,67,67301,2016,10,2,1025,10,1,1,0,4,1, , ,N,1,2,0,3,0,1,2,3,N,N,39 59:22.466,75 09:25.981,1042, ,1040, ,0, ,N, ,3, , , , , ,217500, , , ,3,1,0,0,0,0,1,1,0,0,1,0,1,0,0,0,1,0,0,0,0,0,0,1,0,0,0,0,0,0,0,0,0,0,0,3,0,39.9896,-75.1572, , 
 ,19063,2016125482,6,67,67301,2016,10,7,226,2,3,1,0,1,1, , ,N,0,0,2,3,0,1,3,3,N,N,40 00:21.599,75 04:33.878,241, ,226,1,2,2, , ,0,N, , , , ,217544, , , ,3,2,0,0,0,0,1,0,0,0,1,0,1,0,0,0,0,0,0,0,0,0,0,0,0,0,0,0,0,0,0,0,0,0,0,3,0,40.006,-75.0761, , 
 ,19064,2016063918,6,67,67301,2016,6,2,1312,13,1,1,0,4,1, , ,N,0,0,7,3,0,0,2,3,N, ,40 02:22.597,75 01:00.488,1337, ,1329, ,0, , , ,0, , , , , ,217558, , , ,3,2,0,0,0,0,0,1,0,0,0,0,0,0,0,0,0,1,0,0,0,0,0,0,0,0,0,0,0,0,0,0,0,0,0,0,0,40.0396,-75.0168, , 
 ,19065,2016070644,6,67,67301,2016,6,5,1117,11,1,1,1,4,1, , ,N,1,2,0,3,0,2,3,2,N, ,40 00:27.630,75 04:33.776,1120, ,1117, ,0, , , ,3, , , , , ,217563, , , ,2,1,0,0,1,0,0,0,0,0,1,1,2,0,0,0,0,0,0,1,0,0,0,0,0,0,0,0,0,0,0,0,0,0,0,3,0,40.0077,-75.076, , 
 ,19066,2016083157,6,67,67301,2016,8,5,2257,22,3,1,0,1,1, , ,N,0,0,0,3,0,0,2,2,N,N,39 57:35.794,75 10:42.023,2316, ,2310,2,2,4, , ,0,N, , , , ,217573, , , ,2,1,0,0,0,0,1,0,0,0,0,0,0,0,0,0,0,0,0,0,0,0,0,0,0,0,0,0,0,0,0,0,0,0,0,0,0,39.9599,-75.1783, , 
 ,19067,2016082379,6,67,67301,2016,7,5,1306,13,1,1,0,4,1, , ,N,1,2,0,3,0,2,3,2,N,N,40 02:24.861,75 03:30.268,1325, ,1318,1,1,1,N, ,3,N, , , , ,217581, , , ,2,1,0,0,0,0,1,0,0,0,0,0,2,2,0,0,0,0,0,0,0,0,0,0,0,0,0,0,0,0,0,0,0,0,0,8,0,40.0402,-75.0584, , 
 ,19068,2016080220,6,67,67301,2016,7,4,1638,16,1,1,0,4,1, , ,N,1,3,0,3,0,2,3,3,N, ,40 02:38.392,75 04:18.739,1647, ,1642, ,0, , , ,3, , , , , ,217616, , , ,3,2,0,0,0,0,0,1,0,0,0,2,2,0,0,0,0,0,0,0,1,0,0,0,0,0,0,0,0,0,0,0,0,0,0,4,0,40.044,-75.0719, , 
 ,19069,2016097113,6,67,67301,2016,9,6,1730,17,1,1,0,1,1, , ,N,1,3,0,3,0,1,3,2,N,N,39 58:09.037,75 09:47.830,1840, ,1837, ,0, ,N, ,3, , , , , ,217629, , , ,2,1,0,0,0,0,1,0,0,0,0,1,1,0,1,0,0,0,0,0,1,0,0,1,0,0,0,0,0,0,0,0,0,0,0,4,0,39.9691,-75.1632, , 
 ,19070,2016108624,6,67,67301,2016,10,3,1635,16,1,1,0,4,1, , ,N,1,2,0,3,0,1,2,2,N,N,39 59:26.084,75 10:36.726,1639, ,1637, ,0, ,N, ,3, , , , , ,217642, , , ,1,1,0,0,0,0,0,0,1,0,0,1,1,0,0,0,0,0,0,0,0,0,0,0,0,0,0,0,0,0,0,0,0,0,0,4,0,39.9906,-75.1769, , 