wz_ln_closure,objectid_1,crn,district,county,municipality,crash_year,crash_month,day_of_week,time_of_day,hour_of_day,illumination,weather,road_condition,collision_type,relation_to_road,work_zone_type,work_zone_loc,work_zone_ind,intersect_type,tcd_type,location_type,urban_rural,fatal_count,injury_count,person_count,total_units,sch_bus_ind,sch_zone_ind,latitude,longitude,arrival_tm,cons_zone_spd_lim,dispatch_tm,est_hrs_closed,lane_closed,ln_close_dir,ntfy_hiwy_maint,spec_juris_cd,tcd_func_cd,tfc_detour_ind,workers_pres,wz_close_detour,wz_flagger,wz_law_offcr_ind,objectid,wz_moving,wz_other,wz_shlder_mdn,vehicle_count,automobile_count,motorcycle_count,bus_count,small_truck_count,heavy_truck_count,suv_count,van_count,bicycle_count,maj_inj_count,mod_inj_count,min_inj_count,tot_inj_count,unk_inj_deg_count,unk_inj_per_count,driver_count_16yr,driver_count_17yr,driver_count_18yr,driver_count_19yr,driver_count_20yr,driver_count_50_64yr,driver_count_65_74yr,driver_count_75plus,unbelted_occ_count,unb_death_count,unb_maj_inj_count,belted_death_count,belted_maj_inj_count,mcycle_death_count,mcycle_maj_inj_count,bicycle_death_count,bicycle_maj_inj_count,ped_count,ped_death_count,ped_maj_inj_count,max_severity_level,comm_veh_count,dec_lat,dec_long,rdwy_surf_type_cd,county_name
 ,19137,2016112249,6,67,67301,2016,10,6,1125,11,1,1,0,8,1, , ,N,0,0,0,3,0,1,3,2,N,N,39 58:13.363,75 08:46.500,1136, ,1131, ,0, ,N, ,0, , , , , ,217727, , , ,1,1,0,0,0,0,0,0,0,0,0,1,1,0,0,0,0,0,0,0,0,0,0,1,0,0,0,0,0,0,0,0,1,0,0,4,0,39.9704,-75.1463, , 
 ,19138,2016080213,6,67,67301,2016,7,7,9999,99,1,1,0,8,1, , ,N,2,0,0,3,0,1,2,2,N,N,39 57:43.056,75 13:39.640,1903, ,1859, ,0, ,N, ,0, , , , , ,217749, , , ,1,1,0,0,0,0,0,0,0,0,0,1,1,0,0,0,0,0,0,0,0,0,0,1,0,0,0,0,0,0,0,0,1,0,0,4,0,39.962,-75.2277, , 
 ,19139,2016105934,6,67,67301,2016,9,6,2045,20,3,1,0,7,4, , ,N,0,0,0,3,0,0,1,1,N,N,40 02:06.512,75 01:30.316,2055, ,2050, ,0, , , ,0, , , , , ,217768, , , ,1,0,0,0,0,0,1,0,0,0,0,0,0,0,0,0,0,0,0,0,0,0,0,0,0,0,0,0,0,0,0,0,0,0,0,0,0,40.0351,-75.0251, , 
 ,19140,2016073663,6,67,67301,2016,7,6,1528,15,1,1,0,1,1, , ,N,0,0,0,3,0,0,4,3,N,N,39 54:01.441,75 09:23.079,1617, ,1617, ,0, , , ,0, , , , , ,217800, , , ,3,2,0,0,0,0,1,0,0,0,0,0,0,0,0,0,0,0,0,1,0,1,0,0,0,0,0,0,0,0,0,0,0,0,0,0,0,39.9004,-75.1564, , 
 ,19141,2016080446,6,67,67301,2016,7,3,1738,17,1,1,0,1,1, , ,N,0,2,0,3,0,1,9,3,N,N,39 55:20.237,75 09:12.635,1756, ,1739, ,0, ,N, ,3, , , , , ,217802, , , ,3,2,0,0,0,0,0,1,0,0,0,1,1,0,0,0,0,0,0,0,0,0,0,0,0,0,0,0,0,0,0,0,0,0,0,4,0,39.9223,-75.1535, , 
 ,19142,2016087093,6,67,67301,2016,8,5,1110,11,1,1,0,1,1, , ,N,0,0,0,3,0,1,2,4,N,N,40 03:56.196,75 09:20.343,1145, ,1116,3,1,2,N, ,0,N, , , , ,217805, , , ,4,2,0,0,1,0,1,0,0,0,0,0,1,1,0,0,0,0,0,0,0,0,0,0,0,0,0,0,0,0,0,0,0,0,0,8,1,40.0656,-75.1557, , 
 ,19143,2016082336,6,67,67301,2016,7,1,730,7,1,1,0,4,1, , ,N,5,2,0,3,0,1,5,2,N, ,39 57:27.542,75 09:44.544,733, ,730, ,0, , , ,3, , , , , ,217808, , , ,2,0,0,0,1,0,0,1,0,0,0,0,1,1,0,0,0,0,0,0,1,0,0,0,0,0,0,0,0,0,0,0,0,0,0,8,0,39.9577,-75.1624, , 
 ,19144,2016099590,6,67,67301,2016,9,7,1420,14,1,1,0,4,1, , ,N,1,3,0,3,0,0,2,2,N,N,39 58:18.127,75 10:54.134,1500, ,1430,1,2,4, , ,3,Y, , , , ,217817, , , ,2,2,0,0,0,0,0,0,0,0,0,0,0,0,0,0,0,0,0,0,0,0,0,2,0,0,0,0,0,0,0,0,0,0,0,0,0,39.9717,-75.1817, , 
 ,19145,2016112232,6,67,67301,2016,10,6,730,7,1,1,0,4,1, , ,N,0,0,0,3,0,6,7,2,N,N,39 55:18.912,75 14:22.969,737, ,735,2,2,6,N, ,0,Y, , , , ,217819, , , ,2,0,0,0,0,0,1,0,0,0,0,6,6,0,0,0,0,0,0,0,0,0,0,1,0,0,0,0,0,0,0,0,0,0,0,4,0,39.9219,-75.2397, , 
 ,19146,2016112254,6,67,67301,2016,10,1,1835,18,3,1,0,8,1, , ,N,1,2,0,3,0,1,2,2,N,N,39 59:25.210,75 07:37.294,1842, ,1840,9,2,7, , ,3,Y, , , , ,220598, , , ,1,1,0,0,0,0,0,0,0,0,0,1,1,0,1,0,0,0,0,0,0,0,0,0,0,0,0,0,0,0,0,0,1,0,0,4,0,39.9903,-75.127, , 
 ,19147,2016129482,6,67,67301,2016,11,4,1705,17,4,1,0,8,1, , ,N,5,2,8,3,0,1,2,2,N, ,39 57:28.586,75 09:50.892,1715, ,1714, ,0, , , ,3, , , , , ,220604, , , ,1,0,0,0,0,0,1,0,0,0,0,1,1,0,0,0,0,0,0,0,1,0,0,0,0,0,0,0,0,0,0,0,1,0,0,4,0,39.9579,-75.1641, , 
 ,19148,2016071110,6,67,67301,2016,6,6,1835,18,1,1,0,4,1, , ,N,1,2,0,3,0,1,2,2,N,N,39 55:10.650,75 14:24.889,1843, ,1842, ,0, ,N, ,3, , , , , ,220622, , , ,2,1,0,0,0,0,1,0,0,0,0,1,1,0,0,0,0,0,0,0,0,0,0,0,0,0,0,0,0,0,0,0,0,0,0,4,0,39.9196,-75.2402, , 
 ,19149,2016065780,6,67,67301,2016,6,5,2051,20,2,2,1,1,1, , ,N,0,0,0,3,0,1,5,3,N,N,39 57:35.844,75 10:45.960,2057, ,2052,1,1,4, , ,0,N, , , , ,220625, , , ,3,2,0,0,0,0,1,0,0,0,1,0,1,0,0,0,0,0,0,0,0,0,0,0,0,0,0,0,0,0,0,0,0,0,0,3,0,39.96,-75.1794, , 
 ,19150,2016068693,6,67,67301,2016,6,3,2030,20,1,1,0,4,1, , ,N,1,2,0,3,0,1,3,3,N,N,40 01:32.390,75 07:30.507,2040, ,2035, ,0, ,N, ,3, , , , , ,220629, , , ,3,2,0,0,0,0,0,1,0,0,0,0,1,1,0,0,0,0,0,0,0,0,0,0,0,0,0,0,0,0,0,0,0,0,0,8,0,40.0257,-75.1251, , 
 ,19151,2016069040,6,67,67301,2016,6,2,2100,21,2,1,0,4,1, , ,N,0,0,7,3,1,0,2,2,N,Y,40 06:25.238,75 01:36.899,2106, ,2104,3,2,5,N,0,0,Y, , , , ,220631, , , ,2,0,1,0,0,0,1,0,0,0,0,0,0,0,0,0,0,0,0,0,0,0,0,0,0,0,0,0,1,0,0,0,0,0,0,1,0,40.107,-75.0269,2, 
 ,19152,2016105578,6,67,67301,2016,9,4,1730,17,3,2,1,5,6, , ,N,0,0,0,3,0,0,1,3,N,N,39 58:07.922,75 13:04.945,1758, ,1755, ,0, ,N, ,0, , , , , ,220660, , , ,3,2,0,0,0,0,1,0,0,0,0,0,0,0,0,0,0,0,0,0,0,0,0,1,0,0,0,0,0,0,0,0,0,0,0,0,0,39.9689,-75.218, , 
 ,19153,2016105734,6,67,67301,2016,9,1,1745,17,1,1,0,5,1, , ,N,3,0,0,3,0,1,4,2,N,N,40 01:54.772,75 11:15.813,1812, ,1801,2,1,4,N, ,0,N, , , , ,220676, , , ,2,2,0,0,0,0,0,0,0,0,0,0,1,1,0,0,0,0,0,0,0,0,0,0,0,0,0,0,0,0,0,0,0,0,0,8,0,40.0319,-75.1877, , 
 ,19154,2016110559,6,67,67301,2016,10,3,1326,13,1,1,0,5,1, , ,N,1,0,0,3,0,1,2,2,N,N,39 57:10.097,75 11:31.542,1327, ,1326, ,0, ,N, ,0, , , , , ,220686, , , ,2,1,0,0,0,0,0,1,0,0,0,1,1,0,0,0,0,0,0,0,0,0,1,1,0,0,0,0,0,0,0,0,0,0,0,4,0,39.9528,-75.1921, , 
 ,19155,2016129254,6,67,67301,2016,11,7,1130,11,1,1,0,8,1, , ,N,1,0,0,3,0,1,2,2,N,N,39 57:44.445,75 08:58.754,1135, ,1130, ,0, ,N, ,0, , , , , ,220696, , , ,1,1,0,0,0,0,0,0,0,0,0,1,1,0,0,0,0,0,0,0,0,0,0,1,0,0,0,0,0,0,0,0,1,0,0,4,0,39.9623,-75.1497, , 
 ,19156,2016126111,6,67,67301,2016,11,3,1607,16,2,1,0,1,1, , ,N,2,3,0,3,0,0,2,2,N,N,40 03:09.341,75 00:08.484,1646, ,1638, ,0, ,N, ,3, , , , , ,220710, , , ,2,1,0,0,0,0,1,0,0,0,0,0,0,0,0,0,0,0,0,0,0,0,0,0,0,0,0,0,0,0,0,0,0,0,0,0,0,40.0526,-75.0024, , 
 ,19157,2016135827,6,67,67301,2016,12,1,258,2,3,1,0,4,1, , ,N,1,3,0,3,0,1,2,3,N,N,39 55:06.837,75 09:15.339,346, ,341,1,1,4,N, ,3,N, , , , ,220720, , , ,3,2,0,0,0,0,1,0,0,0,0,1,1,0,0,0,0,0,0,0,0,0,0,0,0,0,0,0,0,0,0,0,0,0,0,4,0,39.9186,-75.1543, , 
 ,19158,2016127800,6,67,67301,2016,11,6,1720,17,3,1,0,8,1, , ,N,2,2,0,3,1,0,2,2,N,N,39 59:26.114,75 07:44.310,1726, ,1722,9,2,3,N,0,3,Y, , , , ,220725, , , ,1,1,0,0,0,0,0,0,0,0,0,0,0,0,0,0,0,0,0,0,0,0,0,0,0,0,0,0,0,0,0,0,1,1,0,1,0,39.9906,-75.129,2, 
 ,19159,2016126134,6,67,67301,2016,11,2,257,2,2,9,0,5,6, , ,N,0,0,0,3,0,0,4,3,N, ,39 57:52.612,75 14:34.536,315, ,300,3,2,3, , ,0,Y, , , , ,220734, , , ,3,2,0,0,0,0,0,1,0,0,0,0,0,0,4,0,0,0,0,0,0,0,0,0,0,0,0,0,0,0,0,0,0,0,0,9,0,39.9646,-75.2429, , 
 ,19160,2016052381,6,67,67301,2016,5,1,1238,12,1,2,1,5,1, , ,N,0,0,0,3,0,1,2,3,N, ,39 57:02.334,75 08:36.851,1245, ,1242, ,0, , , ,0, , , , , ,220740, , , ,3,2,0,0,0,0,1,0,0,0,1,0,1,0,0,0,0,0,0,0,0,1,0,0,0,0,0,0,0,0,0,0,0,0,0,3,0,39.9506,-75.1436, , 
 ,19161,2016059762,6,67,67301,2016,6,1,2312,23,3,1,0,5,1, , ,N,7,0,2,3,0,1,4,2,N,N,39 54:39.224,75 09:39.800,2312, ,2312,2,1,4,N, ,0,N, , , , ,220749, , , ,2,0,0,0,1,0,1,0,0,0,0,0,1,1,0,0,0,0,0,0,0,0,0,0,0,0,0,0,0,0,0,0,0,0,0,8,0,39.9109,-75.1611, , 
 ,19162,2016062526,6,67,67301,2016,5,7,820,8,1,1,0,4,1, , ,N,1,2,0,3,0,1,2,2,N, ,39 54:14.563,75 14:24.409,829, ,827, ,0, , , ,3, , , , , ,220751, , , ,2,2,0,0,0,0,0,0,0,0,0,0,1,1,1,0,0,0,0,0,0,1,0,0,0,0,0,0,0,0,0,0,0,0,0,8,0,39.904,-75.2401, , 
 ,19163,2016071085,6,67,67301,2016,6,2,40,0,3,1,0,4,1, , ,N,1,2,0,3,0,0,6,2,N, ,40 02:40.636,75 03:16.819,53, ,53, ,0, , , ,3, , , , , ,220761, , , ,2,0,0,0,0,0,2,0,0,0,0,0,0,0,0,0,0,0,0,0,0,0,0,1,0,0,0,0,0,0,0,0,0,0,0,0,0,40.0446,-75.0547, , 
 ,19164,2017005774,6,67,67301,2016,12,7,456,4,3,4,3,1,6, , ,N,0,0,0,3,0,2,2,2,N,N,40 05:52.357,74 59:04.057,508, ,508, ,0, , , ,0, , , , , ,226521, , , ,2,1,0,0,0,1,0,0,0,0,0,2,2,0,0,0,0,0,0,0,0,0,0,0,0,0,0,0,0,0,0,0,0,0,0,4,1,40.0979,-74.9845, , 
 ,19165,2016121121,6,67,67301,2016,11,6,543,5,3,1,0,7,4, , ,N,0,0,0,3,0,0,1,1,N,N,39 53:18.828,75 14:28.487,607, ,543, ,0, , , ,0, , , , , ,226526, , , ,1,1,0,0,0,0,0,0,0,0,0,0,0,0,0,0,0,0,0,0,0,0,0,0,0,0,0,0,0,0,0,0,0,0,0,0,0,39.8886,-75.2412, , 
 ,19166,2016124411,6,67,67301,2016,11,4,2132,21,3,1,0,8,1, , ,N,0,0,0,3,0,1,2,2,N,N,40 03:01.920,75 10:22.998,2133, ,2133, ,0, ,N, ,0, , , , , ,226532, , , ,1,0,0,0,0,0,1,0,0,0,0,0,1,1,0,0,0,0,0,0,1,0,0,0,0,0,0,0,0,0,0,0,1,0,0,8,0,40.0505,-75.1731, , 
 ,19167,2016126110,6,67,67301,2016,11,5,1920,19,3,1,0,0,1, , ,N,0,0,0,3,0,0,1,1,N,N,40 00:47.469,75 10:25.483,9999, ,1922, ,0, ,N, ,0, , , , , ,226533, , , ,1,0,0,0,0,0,1,0,0,0,0,0,0,0,0,0,0,0,0,0,0,0,0,0,0,0,0,0,0,0,0,0,0,0,0,0,0,40.0132,-75.1737, , 
 ,19168,2016112124,6,67,67301,2016,10,6,2030,20,3,1,0,4,1, , ,N,1,2,0,3,0,1,2,2,N, ,40 01:48.583,75 08:39.947,2102, ,2102, ,0, , , ,3, , , , , ,226537, , , ,2,1,0,0,0,0,0,0,0,0,0,1,1,0,0,0,0,0,0,0,0,0,0,0,0,0,0,0,0,0,0,0,0,0,0,4,0,40.0302,-75.1444, , 
 ,19169,2017021930,6,67,67301,2016,9,3,1525,15,1,1,0,1,1, , ,N,3,3,2,3,0,1,2,2,N,N,40 00:39.685,75 12:22.055,0, ,0, ,0, ,N, ,3, , , , , ,226553, , , ,2,1,0,0,0,0,0,0,0,0,0,0,1,1,0,0,0,0,0,0,0,0,0,0,0,0,0,0,0,0,0,0,0,0,0,8,0,40.011,-75.2061, , 
 ,19170,2016129313,6,67,67301,2016,11,7,1444,14,1,1,0,1,1, , ,N,1,2,0,3,0,1,3,2,N,N,39 59:49.087,75 07:02.700,1444, ,1444, ,0, ,N, ,3, , , , , ,226571, , , ,2,2,0,0,0,0,0,0,0,0,0,0,1,1,0,0,0,0,0,0,1,0,0,2,0,0,0,0,0,0,0,0,0,0,0,8,0,39.997,-75.1174, , 
 ,19171,2016138163,6,67,67301,2016,12,5,2157,21,3,1,0,4,1, , ,N,1,2,0,3,0,2,2,2,N,N,39 58:12.615,75 14:14.927,2204, ,2157,2,1,3,N, ,3,N, , , , ,226573, , , ,2,2,0,0,0,0,0,0,0,0,0,2,2,0,0,0,0,0,0,0,0,1,0,0,0,0,0,0,0,0,0,0,0,0,0,4,0,39.9702,-75.2375, , 
 ,19172,2016138472,6,67,67301,2016,12,4,1947,19,3,1,0,4,1, , ,N,3,0,0,3,0,0,2,2,N,N,39 59:09.693,75 12:51.191,1947, ,1947,2,1,2, , ,0,N, , , , ,226577, , , ,2,2,0,0,0,0,0,0,0,0,0,0,0,0,0,0,0,0,0,0,0,0,0,0,0,0,0,0,0,0,0,0,0,0,0,0,0,39.986,-75.2142, , 
 ,19173,2016117791,6,67,67301,2016,10,6,730,7,3,1,0,5,1, , ,N,0,0,0,3,0,1,2,2,N,N,39 59:12.534,75 10:20.384,850, ,830, ,0, ,N, ,0, , , , , ,226604, , , ,2,0,1,0,0,0,0,0,0,0,0,1,1,0,0,0,0,0,0,0,0,0,0,0,0,0,0,0,0,0,0,0,0,0,0,4,0,39.9868,-75.1723, , 
 ,19174,2016135748,6,67,67301,2016,12,5,1742,17,3,1,0,4,1, , ,N,2,2,0,3,0,1,2,2,N, ,39 57:19.502,75 11:17.600,1747, ,1745, ,0, , , ,3, , , , , ,226614, , , ,2,2,0,0,0,0,0,0,0,0,0,0,1,1,0,0,0,0,0,0,1,0,0,1,0,0,0,0,0,0,0,0,0,0,0,8,0,39.9554,-75.1882, , 
 ,19175,2017005761,6,67,67301,2016,12,1,2330,23,3,1,0,4,1, , ,N,1,2,0,3,0,1,2,2,N,N,39 58:08.526,75 09:36.120,2345, ,2337, ,0, ,N, ,3, , , , , ,226622, , , ,2,1,0,0,0,0,1,0,0,0,0,1,1,0,0,0,0,0,0,0,0,0,0,1,0,0,0,0,0,0,0,0,0,0,0,4,0,39.9689,-75.1599, , 
 ,19176,2016099480,6,67,67301,2016,9,6,650,6,1,1,0,4,1, , ,N,1,2,0,3,0,2,4,2,N, ,40 00:15.259,75 04:38.425,850, ,810, ,0, , , ,3, , , , , ,226625, , , ,2,1,0,0,1,0,0,0,0,0,0,1,2,1,2,0,0,0,0,0,0,0,0,1,0,0,0,0,0,0,0,0,0,0,0,4,0,40.0042,-75.0773, , 
 ,19177,2016138145,6,67,67301,2016,12,1,1715,17,3,1,0,5,6, , ,N,0,0,0,3,0,0,2,3,N,N,40 00:27.609,75 09:05.312,1730, ,1719, ,0, ,N, ,0, , , , , ,226654, , , ,3,3,0,0,0,0,0,0,0,0,0,0,0,0,2,0,0,0,0,0,0,0,0,0,0,0,0,0,0,0,0,0,0,0,0,9,0,40.0077,-75.1515, , 
 ,19178,2017005206,6,67,67301,2016,12,4,9999,99,1,1,0,4,1, , ,N,1,3,0,3,0,0,5,2,Y,N,40 04:07.759,75 10:40.807,9999, ,9999, ,0, ,N, ,3, , , , , ,226658, , , ,2,1,0,1,0,0,0,0,0,0,0,0,0,0,0,0,0,0,0,0,0,0,1,0,0,0,0,0,0,0,0,0,0,0,0,0,1,40.0688,-75.178, , 
 ,19179,2016105718,6,67,67301,2016,9,6,2040,20,3,1,0,7,3, , ,N,3,0,0,3,0,0,4,2,N,N,39 54:37.174,75 14:33.060,2143, ,2140, ,0, ,N, ,0, , , , , ,226663, , , ,2,2,0,0,0,0,0,0,0,0,0,0,0,0,0,0,0,0,0,0,0,0,0,0,0,0,0,0,0,0,0,0,0,0,0,0,0,39.9103,-75.2425, , 
 ,19180,2017003695,6,67,67301,2016,12,7,1230,12,1,3,1,4,1, , ,N,3,4,2,3,0,0,3,2,N, ,39 55:51.495,75 08:39.138,1235, ,1230, ,0, , , ,3, , , , , ,226691, , , ,2,0,0,0,0,0,2,0,0,0,0,0,0,0,0,0,0,0,0,0,0,0,0,0,0,0,0,0,0,0,0,0,0,0,0,0,0,39.931,-75.1442, , 
 ,19181,2016115143,6,67,67301,2016,9,5,945,9,8,2,1,4,1, , ,N,1,2,0,3,0,1,2,2,N,N,40 03:20.842,75 10:34.267,952, ,948, ,0, , , ,3, , , , , ,226708, , , ,2,1,0,0,0,0,0,1,0,0,0,0,1,1,0,0,0,0,0,0,0,0,0,1,0,0,0,0,0,0,0,0,0,0,0,8,0,40.0558,-75.1762, , 
 ,19182,2016094590,6,67,67301,2016,9,4,1655,16,1,1,0,8,1, , ,N,0,0,0,3,0,2,2,7,N,N,39 58:59.840,75 09:28.641,1710, ,1700, ,0, ,N, ,0, , , , , ,214922, , , ,6,4,0,0,0,0,2,0,0,0,1,1,2,0,0,0,0,0,0,0,1,0,0,1,0,0,0,0,0,0,0,0,1,0,0,3,0,39.9833,-75.158, , 
 ,19183,2016092194,6,67,67301,2016,8,3,1715,17,1,1,0,8,1, , ,N,0,0,0,3,0,1,4,2,N, ,39 55:30.860,75 13:40.641,1727, ,1722,9,2,3, , ,0,N, , , , ,214943, , , ,1,0,0,0,0,0,0,1,0,0,0,1,1,0,0,0,0,0,0,0,0,0,0,0,0,0,0,0,0,0,0,0,1,0,0,4,0,39.9252,-75.228, , 
 ,19184,2016099521,6,67,67301,2016,9,7,1341,13,1,1,0,8,1, , ,N,1,2,0,3,0,1,2,2,N, ,39 58:14.012,75 08:59.857,1343, ,1342, ,0, , , ,3, , , , , ,214944, , , ,1,1,0,0,0,0,0,0,0,0,1,0,1,0,1,0,0,0,0,0,0,0,0,0,0,0,0,0,0,0,0,0,1,0,0,3,0,39.9704,-75.15, , 
 ,19185,2016108573,6,67,67301,2016,10,7,1840,18,3,2,1,1,1, , ,N,3,2,0,3,0,2,4,2,N, ,40 02:16.795,75 05:19.253,1843, ,1843, ,0, , , ,3, , , , , ,214953, , , ,2,1,0,0,0,0,1,0,0,0,0,1,2,1,0,0,0,0,0,0,1,0,0,3,0,0,0,0,0,0,0,0,0,0,0,4,0,40.038,-75.0887, , 
 ,19186,2016110754,6,67,67301,2016,10,1,2345,23,2,1,0,1,1, , ,N,0,0,0,3,0,0,5,2,N,N,39 58:55.818,75 12:26.974,6, ,2359,2,1,4, , ,0,N, , , , ,214963, , , ,2,1,0,0,0,0,1,0,0,0,0,0,0,0,0,0,0,0,0,0,0,0,0,0,0,0,0,0,0,0,0,0,0,0,0,0,0,39.9822,-75.2075, , 
 ,19187,2016119362,6,67,67301,2016,11,6,1838,18,3,1,0,1,1, , ,N,0,0,0,3,0,4,5,4,N,N,40 02:13.704,75 00:46.907,1844, ,1842,1,1,1, , ,0,N, , , , ,214976, , , ,4,4,0,0,0,0,0,0,0,0,0,0,4,4,0,0,0,0,1,0,0,0,1,0,0,0,0,0,0,0,0,0,0,0,0,8,0,40.0371,-75.013, , 
 ,19188,2016108668,6,67,67301,2016,10,3,1330,13,1,1,0,4,1, , ,N,2,3,0,3,0,2,3,2,N, ,39 58:13.051,75 12:12.956,1342, ,1340, ,0, , , ,3, , , , , ,214977, , , ,2,1,0,0,0,0,1,0,0,0,0,0,2,2,0,0,0,0,1,0,0,0,0,0,0,0,0,0,0,0,0,0,0,0,0,8,0,39.9703,-75.2036, , 
 ,19189,2016127839,6,67,67301,2016,11,2,220,2,3,1,0,4,1, , ,N,2,2,0,3,0,1,2,2,N,N,39 57:49.599,75 09:40.200,229, ,226, ,0, ,N, ,3, , , , , ,215016, , , ,1,1,0,0,0,0,0,0,1,0,0,0,1,1,0,0,0,0,0,0,0,0,0,1,0,0,0,0,0,0,0,0,0,0,0,8,0,39.9637,-75.161, , 
 ,19190,2016126098,6,67,67301,2016,11,1,1052,10,1,1,0,4,1, , ,N,1,2,0,3,0,0,4,2,N,N,39 57:20.134,75 09:26.942,9999, ,9999, ,0, ,N, ,3, , , , , ,215018, , , ,2,2,0,0,0,0,0,0,0,0,0,0,0,0,0,0,0,0,0,0,0,0,0,0,0,0,0,0,0,0,0,0,0,0,0,0,0,39.9556,-75.1575, , 
 ,19191,2016137731,6,67,67301,2016,12,6,939,9,1,1,0,1,1, , ,N,0,0,0,3,0,4,7,2,N,N,39 57:52.624,75 11:06.498,954, ,943, ,0, , , ,0, , , , , ,215024, , , ,2,0,0,0,1,0,0,1,0,0,0,4,4,0,0,0,0,0,0,0,1,0,0,3,0,0,0,0,0,0,0,0,0,0,0,4,0,39.9646,-75.1851, , 
 ,19192,2016099625,6,67,67301,2016,8,6,2000,20,2,1,0,4,1, , ,N,1,3,0,3,0,1,2,3,N, ,40 02:24.144,75 01:39.268,1030, ,1026,9,1,2, , ,3,N, , , , ,215051, , , ,3,3,0,0,0,0,0,0,0,0,0,1,1,0,0,0,1,0,0,0,1,0,0,0,0,0,0,0,0,0,0,0,0,0,0,4,0,40.04,-75.0276, , 
 ,19193,2016099573,6,67,67301,2016,9,5,1900,19,4,1,0,5,6, , ,N,0,0,0,3,0,1,2,2,N, ,40 01:10.714,75 11:03.476,1918, ,1910, ,0, , , ,0, , , , , ,215057, , , ,2,2,0,0,0,0,0,0,0,0,1,0,1,0,0,0,0,0,0,0,0,0,0,0,0,0,0,0,0,0,0,0,0,0,0,3,0,40.0196,-75.1843, , 
 ,19194,2016108584,6,67,67301,2016,10,3,1608,16,1,1,0,1,1, , ,N,0,0,0,3,0,3,5,3,N,N,39 59:14.126,75 06:31.472,1615, ,1608, ,0, ,N, ,0, , , , , ,215068, , , ,3,0,0,0,0,0,1,2,0,0,0,0,3,3,0,0,0,0,0,0,0,0,1,0,0,0,0,0,0,0,0,0,0,0,0,8,0,39.9873,-75.1087, , 
 ,19195,2016117728,6,67,67301,2016,10,4,1348,13,1,1,0,4,1, , ,N,1,2,0,3,0,1,3,2,N,N,40 03:41.901,75 14:11.684,1410, ,1407, ,0, , , ,3, , , , , ,215073, , , ,2,2,0,0,0,0,0,0,0,0,0,1,1,0,0,0,0,0,0,0,0,1,1,0,0,0,0,0,0,0,0,0,0,0,0,4,0,40.0616,-75.2366, , 
 ,19196,2016087173,6,67,67301,2016,8,4,1300,13,1,1,0,1,1, , ,N,0,0,0,3,0,7,8,3,N, ,40 01:34.765,75 06:29.437,1305, ,1302, ,0, , , ,0, , , , , ,215087, , , ,3,2,0,0,0,0,1,0,0,0,6,1,7,0,0,0,0,0,0,0,0,0,0,1,0,0,0,0,0,0,0,0,0,0,0,3,0,40.0263,-75.1082, , 
 ,19197,2016082294,6,67,67301,2016,7,1,500,5,3,2,1,7,4, , ,N,0,0,0,3,0,1,1,1,N,N,39 59:40.797,75 08:51.190,507, ,506, ,0, ,N, ,0, , , , , ,215092, , , ,1,1,0,0,0,0,0,0,0,0,0,1,1,0,0,0,0,0,0,0,0,0,0,0,0,0,0,0,0,0,0,0,0,0,0,4,0,39.9947,-75.1476, , 
 ,19198,2016097615,6,67,67301,2016,8,3,1955,19,3,1,0,4,1, , ,N,1,2,0,3,0,0,2,2,N, ,40 03:19.147,75 04:24.059,2013, ,2008,2,1,3, , ,3,N, , , , ,215095, , , ,2,2,0,0,0,0,0,0,0,0,0,0,0,0,0,0,0,0,0,0,0,0,0,0,0,0,0,0,0,0,0,0,0,0,0,0,0,40.0553,-75.0733, , 
 ,19199,2016099663,6,67,67301,2016,9,7,840,8,3,1,0,4,1, , ,N,1,2,0,3,0,2,3,2,N, ,39 59:07.606,75 05:48.056,855, ,847,3,2,5, , ,3,Y, , , , ,215097, , , ,2,1,1,0,0,0,0,0,0,2,0,0,2,0,0,0,0,0,0,0,0,0,0,1,0,0,0,0,0,2,0,0,0,0,0,2,0,39.9854,-75.0967, , 
 ,19200,2016087711,6,67,67301,2016,8,6,605,6,1,1,0,4,1, , ,N,1,2,0,3,0,1,2,2,N, ,40 01:24.018,75 10:44.495,831, ,828, ,0, , , ,3, , , , , ,209297, , , ,2,0,0,0,0,0,2,0,0,0,0,0,1,1,0,0,0,0,0,0,2,0,0,0,0,0,0,0,0,0,0,0,0,0,0,8,0,40.0233,-75.179, , 
 ,19201,2016105677,6,67,67301,2016,9,4,9999,99,1,1,0,1,1, , ,N,0,0,0,3,0,0,2,2,N,N,39 56:29.455,75 14:16.746,650, ,628, ,0, , , ,0, , , , , ,209310, , , ,2,2,0,0,0,0,0,0,0,0,0,0,0,0,0,0,0,0,0,0,0,0,0,1,0,0,0,0,0,0,0,0,0,0,0,0,0,39.9415,-75.238, , 
 ,19202,2016105959,6,67,67301,2016,9,6,1609,16,1,1,0,4,1, , ,N,1,2,0,3,0,1,3,3,N,N,40 03:13.772,75 05:10.794,1615, ,1612, ,0, , , ,3, , , , , ,209311, , , ,3,1,0,0,0,0,2,0,0,0,0,1,1,0,0,0,0,0,0,0,0,0,0,0,0,0,0,0,0,0,0,0,0,0,0,4,0,40.0538,-75.0863, , 
 ,19203,2016108667,6,67,67301,2016,9,6,1550,15,1,2,1,1,1, , ,N,0,2,0,3,0,4,4,2,N,N,40 02:35.536,75 10:01.806,1605, ,1553, ,0, ,N, ,3, , , , , ,209313, , , ,2,0,0,1,1,0,0,0,0,0,0,1,4,3,0,0,0,0,0,0,1,0,0,2,0,0,0,0,0,0,0,0,0,0,0,4,1,40.0432,-75.1672, , 