wz_ln_closure,objectid_1,crn,district,county,municipality,crash_year,crash_month,day_of_week,time_of_day,hour_of_day,illumination,weather,road_condition,collision_type,relation_to_road,work_zone_type,work_zone_loc,work_zone_ind,intersect_type,tcd_type,location_type,urban_rural,fatal_count,injury_count,person_count,total_units,sch_bus_ind,sch_zone_ind,latitude,longitude,arrival_tm,cons_zone_spd_lim,dispatch_tm,est_hrs_closed,lane_closed,ln_close_dir,ntfy_hiwy_maint,spec_juris_cd,tcd_func_cd,tfc_detour_ind,workers_pres,wz_close_detour,wz_flagger,wz_law_offcr_ind,objectid,wz_moving,wz_other,wz_shlder_mdn,vehicle_count,automobile_count,motorcycle_count,bus_count,small_truck_count,heavy_truck_count,suv_count,van_count,bicycle_count,maj_inj_count,mod_inj_count,min_inj_count,tot_inj_count,unk_inj_deg_count,unk_inj_per_count,driver_count_16yr,driver_count_17yr,driver_count_18yr,driver_count_19yr,driver_count_20yr,driver_count_50_64yr,driver_count_65_74yr,driver_count_75plus,unbelted_occ_count,unb_death_count,unb_maj_inj_count,belted_death_count,belted_maj_inj_count,mcycle_death_count,mcycle_maj_inj_count,bicycle_death_count,bicycle_maj_inj_count,ped_count,ped_death_count,ped_maj_inj_count,max_severity_level,comm_veh_count,dec_lat,dec_long,rdwy_surf_type_cd,county_name
 ,19204,2016056024,6,67,67301,2016,5,1,1952,19,1,1,0,4,1, , ,N,1,3,0,3,0,1,3,2,N, ,40 03:07.828,75 05:35.123,2028, ,2028, ,0, , , ,3, , , , , ,209326, , , ,2,1,0,0,0,0,1,0,0,0,0,0,1,1,0,0,0,0,0,0,1,0,0,0,0,0,0,0,0,0,0,0,0,0,0,8,0,40.0522,-75.0931, , 
 ,19205,2016056376,6,67,67301,2016,5,5,533,5,1,1,0,8,1, , ,N,1,2,0,3,0,1,2,2,N,N,39 59:17.890,75 15:14.288,539, ,533, ,0, ,N, ,3, , , , , ,209327, , , ,1,0,0,0,0,0,1,0,0,0,0,1,1,0,0,0,0,0,0,0,1,0,0,0,0,0,0,0,0,0,0,0,1,0,0,4,0,39.9883,-75.254, , 
 ,19206,2016014425,6,67,67301,2016,1,1,634,6,1,1,0,6,6, , ,N,0,0,0,3,0,1,1,4,N,N,40 03:50.586,75 01:45.245,9999, ,9999, ,0, ,N, ,0, , , , , ,209344, , , ,4,2,0,0,0,0,2,0,0,0,0,1,1,0,0,0,0,1,0,0,0,0,0,0,0,0,0,0,0,0,0,0,0,0,0,4,0,40.0641,-75.0292, , 
 ,19207,2016033916,6,67,67301,2016,3,1,525,5,3,1,0,5,6, , ,N,0,0,0,3,0,1,2,4,N, ,39 59:37.640,75 07:40.951,533, ,525, ,0, , , ,0, , , , , ,209359, , , ,4,4,0,0,0,0,0,0,0,0,0,1,1,0,0,0,0,0,0,0,0,0,0,1,0,0,0,0,0,0,0,0,0,0,0,4,0,39.9938,-75.128, , 
 ,19208,2016058558,6,67,67301,2016,4,3,28,0,3,1,0,0,1, , ,N,0,0,0,3,0,3,3,3,N,N,40 00:53.291,75 10:40.450,30, ,23,1,1,2, , ,0,N, , , , ,209391, , , ,3,1,0,0,0,0,2,0,0,0,0,0,3,3,0,0,0,0,0,0,1,0,0,0,0,0,0,0,0,0,0,0,0,0,0,8,0,40.0148,-75.1779, , 
 ,19209,2016080608,6,67,67301,2016,7,1,9999,99,3,1,0,4,1, , ,N,1,2,0,3,0,3,5,2,N,N,40 01:38.028,75 06:51.904,228, ,228, ,0, ,N, ,3, , , , , ,209394, , , ,2,2,0,0,0,0,0,0,0,0,0,3,3,0,0,0,0,0,0,0,0,0,0,2,0,0,0,0,0,0,0,0,0,0,0,4,0,40.0272,-75.1144, , 
 ,19210,2016117878,6,67,67301,2016,11,4,815,8,1,1,0,1,1, , ,N,0,0,0,3,0,2,4,2,N,N,40 01:08.341,75 02:45.688,1729, ,1729, ,0, , , ,0, , , , , ,209404, , , ,2,2,0,0,0,0,0,0,0,0,2,0,2,0,0,0,0,0,0,0,0,0,0,0,0,0,0,0,0,0,0,0,0,0,0,3,0,40.019,-75.046, , 
 ,19211,2016109055,6,67,67301,2016,10,7,2135,21,3,2,1,8,1, , ,N,2,0,0,3,0,1,2,2,N, ,40 01:11.784,75 07:36.001,50, ,44, ,0, , , ,0, , , , , ,209405, , , ,1,1,0,0,0,0,0,0,0,0,0,0,1,1,0,0,0,0,0,0,0,0,0,1,0,0,0,0,0,0,0,0,1,0,0,8,0,40.0199,-75.1267, , 
 ,19212,2016108654,6,67,67301,2016,10,4,2153,21,3,1,0,5,4, , ,N,1,3,0,3,0,1,1,2,N, ,39 59:38.230,75 08:56.680,2153, ,2152, ,0, , , ,3, , , , , ,209406, , , ,2,2,0,0,0,0,0,0,0,0,0,0,1,1,0,0,0,0,0,0,0,0,0,1,0,0,0,0,0,0,0,0,0,0,0,8,0,39.994,-75.1491, , 
 ,19213,2016129427,6,67,67301,2016,11,7,1630,16,1,1,0,8,1, , ,N,0,0,0,3,0,1,2,2,N,N,40 01:09.610,75 04:00.211,1805, ,1752, ,0, ,N, ,0, , , , , ,209426, , , ,1,1,0,0,0,0,0,0,0,0,0,0,1,1,0,0,0,0,0,0,0,0,1,0,0,0,0,0,0,0,0,0,1,0,0,8,0,40.0193,-75.0667, , 
 ,19214,2016112255,6,67,67301,2016,10,5,1913,19,3,1,0,5,1, , ,N,0,0,0,3,0,1,2,2,N, ,40 03:01.893,75 04:30.558,1920, ,1918,2,2,5, , ,0,Y, , , , ,209433, , , ,1,0,0,0,0,0,0,1,1,0,1,0,1,0,0,0,0,0,0,0,1,0,0,0,0,0,0,0,0,0,0,0,0,0,0,3,0,40.0505,-75.0752, , 
 ,19215,2016065720,6,67,67301,2016,6,7,417,4,3,1,0,4,1, , ,N,1,2,0,3,0,1,3,3,N,N,40 01:48.790,75 05:17.559,423, ,417,2,1,2,N, ,3,N, , , , ,209479, , , ,3,3,0,0,0,0,0,0,0,0,1,0,1,0,0,0,0,0,0,1,0,0,0,0,0,0,0,0,0,0,0,0,0,0,0,3,0,40.0302,-75.0882, , 
 ,19216,2016070625,6,46,46104,2016,6,6,843,8,1,1,0,4,1, , ,N,0,0,0,3,0,1,2,2,N,N,39 58:47.963,75 16:10.518,855, ,847, ,0, , , ,0, , , , , ,209483, , , ,2,1,0,0,0,0,1,0,0,0,0,1,1,0,0,0,0,0,0,0,1,0,0,0,0,0,0,0,0,0,0,0,0,0,0,4,0,39.98,-75.2696, , 
 ,19217,2016080623,6,67,67301,2016,6,5,2050,20,4,1,0,4,1, , ,N,2,3,0,3,0,1,2,2,N, ,40 03:53.485,75 11:42.112,1741, ,1737, ,0, , , ,3, , , , , ,209488, , , ,1,1,0,0,0,0,0,0,1,0,0,1,1,0,1,0,0,0,0,0,0,0,0,0,0,0,0,0,0,0,0,0,0,0,0,4,0,40.0649,-75.195, , 
 ,19218,2016132140,6,67,67301,2016,11,2,1145,11,1,1,0,1,1, , ,N,1,2,0,3,0,1,2,2,N, ,40 01:06.336,75 08:56.889,1152, ,1147, ,0, , , ,3, , , , , ,212128, , , ,2,1,0,0,1,0,0,0,0,0,0,0,1,1,0,0,0,0,0,0,0,1,0,1,0,0,0,0,0,0,0,0,0,0,0,8,0,40.0184,-75.1491, , 
 ,19219,2016120570,6,67,67301,2016,10,6,9999,99,3,1,0,5,6, , ,N,0,0,0,3,0,1,1,2,N, ,40 01:00.455,75 03:59.536,9999, ,9999, ,0, , , ,0, , , , , ,212130, , , ,2,0,1,0,0,0,0,1,0,0,0,1,1,0,0,0,0,0,0,0,0,0,0,0,0,0,0,0,0,0,0,0,0,0,0,4,0,40.0168,-75.0665, , 
 ,19220,2016135770,6,67,67301,2016,12,3,1905,19,3,2,3,8,1, , ,N,1,2,0,3,0,1,2,2,N,N,39 57:22.420,75 09:45.641,1933, ,1928, ,0, ,N, ,3, , , , , ,212133, , , ,1,1,0,0,0,0,0,0,0,0,0,0,1,1,1,0,0,0,0,0,0,0,0,1,0,0,0,0,0,0,0,0,1,0,0,8,0,39.9562,-75.1627, , 
 ,19221,2017003661,6,67,67301,2016,12,3,2255,22,3,1,0,1,1, , ,N,0,0,0,3,0,2,3,2,N,N,39 56:40.695,75 13:43.589,2340, ,2324, ,0, ,N, ,0, , , , , ,212139, , , ,2,1,0,0,0,0,1,0,0,0,0,0,2,2,0,0,0,0,0,0,0,0,0,0,0,0,0,0,0,0,0,0,0,0,0,8,0,39.9446,-75.2288, , 
 ,19222,2016136754,6,67,67301,2016,12,5,17,0,3,1,0,7,4, , ,N,0,0,0,3,0,1,1,1,N,N,40 02:13.935,75 00:46.294,18, ,18, ,0, , , ,0, , , , , ,212165, , , ,1,1,0,0,0,0,0,0,0,0,0,0,1,1,0,0,0,0,0,0,1,0,0,0,0,0,0,0,0,0,0,0,0,0,0,8,0,40.0372,-75.0129, , 
 ,19223,2016085022,6,67,67301,2016,8,6,1515,15,1,1,0,4,1, , ,N,2,3,0,3,0,0,2,2,N,N,39 59:11.166,75 09:25.667,1530, ,1525, ,0, ,N, ,3, , , , , ,212201, , , ,2,1,1,0,0,0,0,0,0,0,0,0,0,0,0,0,0,0,0,0,0,0,0,0,0,0,0,0,0,0,0,0,0,0,0,0,0,39.9864,-75.1571, , 
 ,19224,2016124799,6,67,67301,2016,11,2,1050,10,1,1,0,4,1, , ,N,1,2,0,3,0,1,2,2,N,N,40 06:13.309,74 59:00.376,1110, ,1050,2,1,7,N, ,3,N, , , , ,212242, , , ,2,1,0,0,0,1,0,0,0,0,1,0,1,0,0,0,0,1,0,0,0,0,0,0,0,0,0,0,0,0,0,0,0,0,0,3,1,40.1037,-74.9834, , 
 ,19225,2016112168,6,67,67301,2016,10,6,1240,12,1,1,0,4,1, , ,N,1,2,0,3,0,1,3,3,N,N,39 59:30.475,75 11:10.951,9999, ,9999, ,0, ,N, ,3, , , , , ,212249, , , ,3,1,0,0,0,1,1,0,0,0,0,0,1,1,0,0,0,0,0,0,0,0,0,0,0,0,0,0,0,0,0,0,0,0,0,8,0,39.9918,-75.1864, , 
 ,19226,2016138185,6,67,67301,2016,12,4,2352,23,3,1,0,4,1, , ,N,1,3,0,3,0,1,2,2,N,N,40 03:50.306,75 03:34.568,18, ,2, ,0, ,N, ,3, , , , , ,212252, , , ,2,0,0,0,0,0,1,1,0,0,0,1,1,0,0,0,0,0,0,0,0,0,0,0,0,0,0,0,0,0,0,0,0,0,0,4,0,40.064,-75.0596, , 
 ,19227,2017021959,6,67,67301,2016,10,3,850,8,1,1,0,1,1, , ,N,1,3,0,3,0,1,2,2,N,N,40 01:06.992,75 10:59.131,0, ,0, ,0, ,N, ,3, , , , , ,212266, , , ,2,1,0,0,0,0,0,0,0,0,0,0,1,1,0,0,0,0,0,0,0,0,0,0,0,0,0,0,0,0,0,0,0,0,0,8,0,40.0186,-75.1831, , 
 ,19228,2016126033,6,67,67301,2016,11,7,9999,99,1,1,0,7,4, , ,N,2,3,0,3,0,0,1,1,N, ,39 59:32.636,75 08:34.878,850, ,820, ,0, , , ,3, , , , , ,212279, , , ,1,1,0,0,0,0,0,0,0,0,0,0,0,0,0,0,0,0,0,0,0,0,0,1,0,0,0,0,0,0,0,0,0,0,0,0,0,39.9924,-75.143, , 
 ,19229,2016132363,6,67,67301,2016,12,1,2130,21,3,1,0,4,1, , ,N,1,2,0,3,0,0,3,2,N,N,39 58:49.315,75 10:15.272,2206, ,2151, ,0, , , ,3, , , , , ,212284, , , ,2,1,0,0,0,0,1,0,0,0,0,0,0,0,0,0,0,0,0,0,0,0,0,0,0,0,0,0,0,0,0,0,0,0,0,0,0,39.9804,-75.1709, , 
 ,19230,2016136317,6,67,67301,2016,11,4,900,9,8,2,1,4,1, , ,N,1,2,0,3,0,2,3,2,N,N,39 55:13.464,75 13:58.368,914, ,907, ,0, ,N, ,3, , , , , ,212299, , , ,2,2,0,0,0,0,0,0,0,0,0,2,2,0,0,0,0,0,0,0,0,0,0,0,0,0,0,0,0,0,0,0,0,0,0,4,0,39.9204,-75.2329, , 
 ,19231,2017021440,6,67,67301,2016,8,2,30,0,3,1,0,4,1, , ,N,1,3,0,3,0,1,2,2,N,N,40 00:40.654,75 08:33.485,0, ,0, ,0, ,N, ,3, , , , , ,212328, , , ,2,1,0,0,0,0,0,0,0,0,0,0,1,1,0,0,0,0,0,0,0,0,0,1,0,0,0,0,0,0,0,0,0,0,0,8,0,40.0113,-75.1426, , 
 ,19232,2017007930,6,67,67301,2016,12,7,200,2,3,1,0,4,1, , ,N,1,2,0,3,0,2,3,2,N,N,39 55:05.606,75 12:31.561,230, ,225, ,0, ,N, ,3, , , , , ,212341, , , ,2,1,0,0,0,0,1,0,0,0,0,2,2,0,1,0,0,0,0,0,0,0,0,0,0,0,0,0,0,0,0,0,0,0,0,4,0,39.9182,-75.2088, , 
 ,19233,2017020742,6,67,67301,2016,7,3,1545,15,1,1,0,4,1, , ,N,2,3,0,3,0,2,3,2,N,N,39 55:37.063,75 13:52.168,0, ,0, ,0, ,N, ,3, , , , , ,212345, , , ,2,2,0,0,0,0,0,0,0,0,0,0,2,2,0,0,0,0,0,0,0,0,0,0,0,0,0,0,0,0,0,0,0,0,0,8,0,39.927,-75.2312, , 
 ,19234,2017021123,6,67,67301,2016,8,6,2130,21,3,1,0,4,1, , ,N,1,2,0,3,0,2,3,2,N,N,39 55:01.859,75 14:46.691,0, ,0, ,0, ,N, ,3, , , , , ,212346, , , ,2,1,0,0,0,0,0,0,0,0,1,0,2,1,0,0,0,0,0,0,0,0,0,1,0,0,0,0,0,0,0,0,0,0,0,3,0,39.9172,-75.2463, , 
 ,19235,2016112148,6,67,67301,2016,10,4,1600,16,1,1,0,4,1, , ,N,1,3,0,3,0,1,3,2,N,N,39 56:50.128,75 14:18.769,1645, ,1645, ,0, ,N, ,3, , , , , ,212356, , , ,2,2,0,0,0,0,0,0,0,0,0,1,1,0,0,0,0,0,0,0,1,0,0,0,0,0,0,0,0,0,0,0,0,0,0,4,0,39.9473,-75.2385, , 
 ,19236,2016132242,6,67,67301,2016,11,3,1156,11,1,2,1,7,4, , ,N,0,0,0,3,0,0,1,1,N,N,39 53:55.728,75 14:20.847,1200, ,1157,2,2,2, , ,0,Y, , , , ,212365, , , ,1,1,0,0,0,0,0,0,0,0,0,0,0,0,0,0,0,0,0,1,0,0,0,0,0,0,0,0,0,0,0,0,0,0,0,0,0,39.8988,-75.2391, , 
 ,19237,2016120595,6,67,67301,2016,11,3,2110,21,3,1,0,4,1, , ,N,1,3,0,3,0,1,2,2,N,N,39 57:38.541,75 14:13.174,2120, ,2114, ,0, ,N, ,3, , , , , ,202723, , , ,2,0,0,0,0,0,1,1,0,0,0,1,1,0,0,0,0,0,0,0,0,0,0,1,0,0,0,0,0,0,0,0,0,0,0,4,0,39.9607,-75.237, , 
 ,19238,2016056094,6,67,67301,2016,5,1,930,9,1,1,0,4,1, , ,N,1,2,0,3,0,0,2,2,N,N,39 57:34.444,75 11:49.297,1005, ,948, ,0, , , ,3, , , , , ,202731, , , ,2,2,0,0,0,0,0,0,0,0,0,0,0,0,0,0,0,0,0,0,0,0,0,0,0,0,0,0,0,0,0,0,0,0,0,0,0,39.9596,-75.197, , 
 ,19239,2016067845,6,67,67301,2016,6,3,1610,16,1,2,1,4,1, , ,N,1,2,0,3,0,1,5,2,N,N,39 56:29.947,75 13:21.989,1613, ,1612, ,0, ,N, ,3, , , , , ,202744, , , ,2,0,0,0,0,0,0,2,0,0,0,0,1,1,0,0,0,0,0,0,0,0,0,1,0,0,0,0,0,0,0,0,0,0,0,8,0,39.9417,-75.2228, , 
 ,19240,2016085945,6,67,67301,2016,8,5,1939,19,1,1,0,4,1, , ,N,2,3,0,3,0,2,3,2,N,N,39 56:20.734,75 13:35.029,1945, ,1944, ,0, ,N, ,3, , , , , ,202754, , , ,2,2,0,0,0,0,0,0,0,0,0,0,2,2,0,0,0,0,1,0,0,0,0,0,0,0,0,0,0,0,0,0,0,0,0,8,0,39.9391,-75.2264, , 
 ,19241,2016082222,6,67,67301,2016,7,6,426,4,3,2,1,4,1, , ,N,1,2,0,3,0,0,5,2,N,N,39 57:10.730,75 10:06.316,430, ,428,9,1,3,N, ,3,N, , , , ,202757, , , ,2,2,0,0,0,0,0,0,0,0,0,0,0,0,0,0,0,0,0,0,0,1,0,1,0,0,0,0,0,0,0,0,0,0,0,0,0,39.953,-75.1685, , 
 ,19242,2016097061,6,67,67301,2016,8,4,1613,16,1,1,0,8,1, , ,N,5,2,2,3,0,1,2,2,N, ,39 57:28.586,75 09:50.892,1705, ,1658, ,0, , , ,3, , , , , ,202762, , , ,1,1,0,0,0,0,0,0,0,0,1,0,1,0,0,0,0,0,0,0,0,0,0,0,0,0,0,0,0,0,0,0,1,0,0,3,0,39.9583,-75.1641, , 
 ,19243,2016097085,6,67,67301,2016,8,3,1230,12,1,1,0,5,1, , ,N,0,0,0,3,0,1,4,2,N, ,39 56:15.119,75 13:02.676,1320, ,1307, ,0, , , ,0, , , , , ,202766, , , ,2,0,0,0,0,0,0,2,0,0,0,0,1,1,3,0,0,0,0,0,0,0,0,0,0,0,0,0,0,0,0,0,0,0,0,8,0,39.9375,-75.2174, , 
 ,19244,2016105866,6,67,67301,2016,9,1,107,1,3,1,0,4,1, , ,N,1,2,0,3,0,1,2,2,N,N,39 56:18.452,75 10:17.734,110, ,107, ,0, ,N, ,3, , , , , ,202769, , , ,2,1,1,0,0,0,0,0,0,0,1,0,1,0,0,0,0,0,0,0,0,0,0,1,0,0,0,0,0,0,0,0,0,0,0,3,0,39.9385,-75.1716, , 
 ,19245,2016099554,6,67,67301,2016,9,7,913,9,1,1,0,4,1, , ,N,4,2,0,3,0,1,3,2,N,N,40 03:06.841,75 11:38.076,950, ,946,1,1,5,N, ,3,N, , , , ,202773, , , ,2,2,0,0,0,0,0,0,0,0,0,0,1,1,2,0,0,0,0,0,0,0,1,0,0,0,0,0,0,0,0,0,0,0,0,8,0,40.0519,-75.1939, , 
 ,19246,2016112159,6,67,67301,2016,10,4,2150,21,3,1,0,8,1, , ,N,1,2,0,3,0,1,2,3,N, ,40 00:33.277,75 09:04.079,2205, ,2200,1,1,2, , ,3,N, , , , ,202776, , , ,2,2,0,0,0,0,0,0,0,0,0,1,1,0,0,0,0,0,0,0,0,0,0,0,0,0,0,0,0,0,0,0,1,0,0,4,0,40.0092,-75.1511, , 
 ,19247,2016108589,6,67,67301,2016,10,7,1806,18,3,2,1,1,1, , ,N,3,3,0,3,0,0,2,2,N, ,39 59:45.110,75 11:28.893,9999, ,1905,3,1,2, , ,3,N, , , , ,202778, , , ,2,2,0,0,0,0,0,0,0,0,0,0,0,0,0,0,0,0,0,0,0,0,0,0,0,0,0,0,0,0,0,0,0,0,0,0,0,39.9959,-75.1914, , 
 ,19248,2016062564,6,67,67301,2016,5,1,1215,12,1,1,0,1,1, , ,N,0,3,0,3,0,1,2,2,N,N,39 58:04.351,75 14:15.439,1627, ,1627, ,0, ,N, ,3, , , , , ,202782, , , ,1,1,0,0,0,0,0,0,1,0,0,1,1,0,1,0,0,0,0,0,0,0,0,0,0,0,0,0,0,0,0,0,0,0,0,4,0,39.9679,-75.2376, , 
 ,19249,2016041013,6,67,67301,2016,4,3,935,9,1,1,0,8,1, , ,N,1,2,0,3,0,1,3,2,N, ,39 57:06.693,75 10:18.893,945, ,938, ,0, , , ,3, , , , , ,202805, , , ,1,0,0,0,0,0,0,1,0,0,0,1,1,0,0,0,0,0,0,0,0,0,0,0,0,0,0,0,0,0,0,0,1,0,0,4,0,39.9518,-75.1718, , 
N,19250,2016093123,6,67,67301,2016,9,6,1633,16,1,1,0,5,1,1,2,Y,7,0,2,3,0,0,2,2,N,N,40 00:12.647,75 04:38.645,1737,40,1634, ,0, , , ,0, ,N,N,N,N,202843,N,N,Y,2,2,0,0,0,0,0,0,0,0,0,0,0,0,0,0,0,0,0,0,0,0,0,0,0,0,0,0,0,0,0,0,0,0,0,0,0,40.0035,-75.0774, , 
 ,19251,2016097195,6,67,67301,2016,8,6,1611,16,1,1,0,1,1, , ,N,0,0,0,3,0,2,3,2,N,N,39 53:37.761,75 14:10.853,2019, ,2011, ,0, ,N, ,0, , , , , ,202849, , , ,2,1,0,0,0,0,1,0,0,0,0,2,2,0,0,0,0,0,0,0,0,0,0,0,0,0,0,0,0,0,0,0,0,0,0,4,0,39.8938,-75.2363, , 
 ,19252,2016108625,6,67,67301,2016,9,4,1027,10,1,1,0,4,1, , ,N,1,3,0,3,0,1,2,2,N, ,40 02:49.617,75 11:36.470,9999, ,1027, ,0, , , ,3, , , , , ,202860, , , ,2,1,0,1,0,0,0,0,0,0,0,0,1,1,0,0,0,0,0,0,0,0,0,0,0,0,0,0,0,0,0,0,0,0,0,8,1,40.0471,-75.1935, , 
 ,19253,2016103104,6,67,67301,2016,10,1,305,3,3,2,1,1,1, , ,N,0,0,0,3,0,1,2,2,N,N,39 58:50.839,75 12:22.615,305, ,305,1,2,3, , ,0,N, , , , ,202864, , , ,2,1,0,0,0,0,1,0,0,0,1,0,1,0,0,0,0,0,0,0,1,0,0,0,0,0,0,0,0,0,0,0,0,0,0,3,0,39.9808,-75.2063, , 
 ,19254,2016009054,6,67,67301,2016,1,6,1158,11,1,8,0,4,1, , ,N,1,2,0,3,0,3,3,2,N,N,39 58:22.710,75 14:16.803,1206, ,1200,1,2,7, , ,3,Y, , , , ,202882, , , ,2,2,0,0,0,0,0,0,0,0,0,3,3,0,0,0,0,0,0,0,1,0,1,0,0,0,0,0,0,0,0,0,0,0,0,4,0,39.973,-75.238, , 
 ,19255,2016080752,6,67,67301,2016,6,5,619,6,1,1,0,4,1, , ,N,1,3,0,3,0,2,2,2,N, ,39 56:43.724,75 13:13.472,840, ,831, ,0, , , ,3, , , , , ,205883, , , ,2,2,0,0,0,0,0,0,0,0,0,0,2,2,0,0,0,0,0,0,1,0,0,2,0,0,0,0,0,0,0,0,0,0,0,8,0,39.9455,-75.2204, , 
 ,19256,2016105148,6,67,67301,2016,10,5,911,9,1,1,0,1,1, , ,N,0,8,0,3,0,1,2,2,N,N,39 56:50.327,75 08:31.038,918, ,911, ,0, , , ,3, , , , , ,205896, , , ,2,2,0,0,0,0,0,0,0,0,0,1,1,0,0,0,0,0,0,0,0,0,0,0,0,0,0,0,0,0,0,0,0,0,0,4,0,39.9473,-75.142, , 
 ,19257,2016105234,6,67,67301,2016,10,4,2153,21,3,1,0,4,1, , ,N,1,2,0,3,0,5,5,3,N,N,40 03:15.244,75 02:57.569,2159, ,2155,3,2,6,N, ,3,Y, , , , ,205910, , , ,3,0,0,0,0,0,2,1,0,0,1,4,5,0,0,0,0,0,0,0,0,1,0,1,0,0,0,0,0,0,0,0,0,0,0,3,0,40.0542,-75.0493, , 
 ,19258,2016108554,6,67,67301,2016,10,5,1947,19,3,1,1,8,1, , ,N,1,2,0,3,0,1,2,2,N,N,39 57:15.080,75 10:11.059,1953, ,1952,2,1,4, , ,3,N, , , , ,205916, , , ,1,0,0,0,0,0,1,0,0,0,0,0,1,1,0,0,0,0,0,0,0,0,0,1,0,0,0,0,0,0,0,0,1,0,0,8,0,39.9542,-75.1698, , 
 ,19259,2016029858,6,67,67301,2016,3,5,830,8,1,1,0,5,1, , ,N,0,0,0,3,0,0,2,2,N,N,40 02:52.634,75 09:03.400,1000, ,1000, ,0, ,N, ,0, , , , , ,205926, , , ,2,2,0,0,0,0,0,0,0,0,0,0,0,0,0,0,0,0,0,0,1,0,0,0,0,0,0,0,0,0,0,0,0,0,0,0,0,40.048,-75.1509, , 
 ,19260,2016038187,6,67,67301,2016,3,6,9999,99,1,1,0,4,1, , ,N,1,2,0,3,0,0,2,2,N,Y,39 58:12.826,75 08:42.073,0, ,9999,2,1,3,N, ,2,N, , , , ,205941, , , ,2,2,0,0,0,0,0,0,0,0,0,0,0,0,0,0,0,0,0,0,1,0,0,0,0,0,0,0,0,0,0,0,0,0,0,0,0,39.9702,-75.1451, , 
 ,19261,2016040111,6,67,67301,2016,3,2,2231,22,3,1,0,1,1, , ,N,0,0,0,3,0,0,3,3,N,N,39 55:57.631,75 12:00.133,2242, ,2235,1,2,4, , ,0,N, , , , ,205945, , , ,3,3,0,0,0,0,0,0,0,0,0,0,0,0,0,0,0,1,0,1,0,0,0,0,0,0,0,0,0,0,0,0,0,0,0,0,0,39.9327,-75.2, , 
 ,19262,2016097675,6,67,67301,2016,8,6,1800,18,1,1,0,4,1, , ,N,1,2,0,3,0,2,3,2,N,N,40 00:11.036,75 09:51.469,1802, ,1801, ,0, ,N, ,3, , , , , ,205983, , , ,2,2,0,0,0,0,0,0,0,0,0,2,2,0,0,0,0,0,0,0,0,0,0,0,0,0,0,0,0,0,0,0,0,0,0,4,0,40.0031,-75.1643, , 
 ,19263,2016092175,6,67,67301,2016,8,1,1427,14,1,1,0,1,6, , ,N,0,0,0,3,0,2,2,3,N,N,40 00:11.736,75 08:10.928,1543, ,1527, ,0, ,N, ,0, , , , , ,205984, , , ,3,1,0,0,0,0,2,0,0,0,0,2,2,0,0,0,0,0,0,0,0,0,0,0,0,0,0,0,0,0,0,0,0,0,0,4,0,40.0033,-75.1364, , 
 ,19264,2016049254,6,67,67301,2016,4,6,2338,23,3,1,0,1,1, , ,N,0,0,0,3,0,1,2,2,N,N,40 02:15.860,75 00:41.144,2358, ,2339,1,1,1, , ,0,N, , , , ,205994, , , ,2,2,0,0,0,0,0,0,0,0,1,0,1,0,0,0,1,0,0,0,1,0,0,0,0,0,0,0,0,0,0,0,0,0,0,3,0,40.0377,-75.0114, , 
 ,19265,2016063183,6,67,67301,2016,6,6,2014,20,1,1,0,1,1, , ,N,0,0,0,3,0,0,2,2,N,N,39 57:31.226,75 10:09.236,2024, ,2015,1,1,3, , ,0,N, , , , ,205996, , , ,2,1,0,0,0,0,1,0,0,0,0,0,0,0,0,0,0,0,0,0,0,0,1,0,0,0,0,0,0,0,0,0,0,0,0,0,0,39.9587,-75.1692, , 
 ,19266,2016082345,6,67,67301,2016,7,6,840,8,1,1,0,4,1, , ,N,1,2,0,3,0,1,3,3,N,N,40 02:39.816,75 04:21.663,840, ,840,2,2,1,N, ,3,Y, , , , ,206014, , , ,3,1,0,0,0,0,1,1,0,0,0,1,1,0,0,0,0,0,0,0,0,1,0,0,0,0,0,0,0,0,0,0,0,0,0,4,0,40.0444,-75.0726, , 
 ,19267,2016066513,6,67,67301,2016,5,1,155,1,3,1,0,1,2, , ,N,0,0,0,3,0,0,2,2,N,N,39 58:05.059,75 11:25.161,204, ,156,1,2,4, , ,0,N, , , , ,206030, , , ,2,2,0,0,0,0,0,0,0,0,0,0,0,0,1,0,0,0,0,0,0,0,0,0,0,0,0,0,0,0,0,0,0,0,0,9,0,39.9681,-75.1903, , 
 ,19268,2016067829,6,67,67301,2016,6,6,1017,10,1,2,1,8,1, , ,N,1,2,0,3,0,1,2,2,N,N,39 56:16.512,75 13:52.078,1025, ,1022, ,0, ,N, ,3, , , , , ,206032, , , ,1,1,0,0,0,0,0,0,0,0,0,0,1,1,0,0,0,0,0,0,0,0,0,1,0,0,0,0,0,0,0,0,1,0,0,8,0,39.9379,-75.2311, , 
 ,19269,2016080291,6,67,67301,2016,7,1,1015,10,1,1,0,4,1, , ,N,1,2,0,3,0,2,6,2,N,N,40 03:15.517,75 02:58.198,1021, ,1017,2,1,2,N, ,3,N, , , , ,206044, , , ,2,1,0,0,0,0,0,1,0,0,0,0,2,2,0,0,0,0,0,1,1,0,0,0,0,0,0,0,0,0,0,0,0,0,0,8,0,40.0543,-75.0495, , 