wz_ln_closure,objectid_1,crn,district,county,municipality,crash_year,crash_month,day_of_week,time_of_day,hour_of_day,illumination,weather,road_condition,collision_type,relation_to_road,work_zone_type,work_zone_loc,work_zone_ind,intersect_type,tcd_type,location_type,urban_rural,fatal_count,injury_count,person_count,total_units,sch_bus_ind,sch_zone_ind,latitude,longitude,arrival_tm,cons_zone_spd_lim,dispatch_tm,est_hrs_closed,lane_closed,ln_close_dir,ntfy_hiwy_maint,spec_juris_cd,tcd_func_cd,tfc_detour_ind,workers_pres,wz_close_detour,wz_flagger,wz_law_offcr_ind,objectid,wz_moving,wz_other,wz_shlder_mdn,vehicle_count,automobile_count,motorcycle_count,bus_count,small_truck_count,heavy_truck_count,suv_count,van_count,bicycle_count,maj_inj_count,mod_inj_count,min_inj_count,tot_inj_count,unk_inj_deg_count,unk_inj_per_count,driver_count_16yr,driver_count_17yr,driver_count_18yr,driver_count_19yr,driver_count_20yr,driver_count_50_64yr,driver_count_65_74yr,driver_count_75plus,unbelted_occ_count,unb_death_count,unb_maj_inj_count,belted_death_count,belted_maj_inj_count,mcycle_death_count,mcycle_maj_inj_count,bicycle_death_count,bicycle_maj_inj_count,ped_count,ped_death_count,ped_maj_inj_count,max_severity_level,comm_veh_count,dec_lat,dec_long,rdwy_surf_type_cd,county_name
 ,19270,2016058858,6,67,67301,2016,6,5,1610,16,1,1,0,8,1, , ,N,1,2,0,3,1,1,18,3,N,N,40 04:30.310,75 12:17.630,1950, ,1910,4,2,3,N,0,3,Y, , , , ,206062, , , ,1,0,0,1,0,0,0,0,0,0,0,0,1,1,0,0,0,0,0,0,0,0,0,0,0,0,0,0,0,0,0,0,2,1,0,1,1,40.0749,-75.2046,1, 
 ,19271,2016080109,6,67,67301,2016,7,7,136,1,3,2,1,7,4, , ,N,1,2,0,3,0,0,1,1,N,N,40 06:00.676,75 01:18.249,140, ,139,9,1,4,N, ,3,N, , , , ,206083, , , ,1,0,0,0,0,0,1,0,0,0,0,0,0,0,0,0,0,0,0,0,0,0,0,0,0,0,0,0,0,0,0,0,0,0,0,0,0,40.1002,-75.0217, , 
 ,19272,2016080557,6,67,67301,2016,7,4,2016,20,1,1,0,1,1, , ,N,0,0,0,3,0,1,1,2,N, ,40 01:37.639,75 08:36.109,2016, ,2016, ,0, , , ,0, , , , , ,206084, , , ,2,1,0,0,1,0,0,0,0,0,0,0,1,1,0,0,0,0,0,0,0,0,0,0,0,0,0,0,0,0,0,0,0,0,0,8,0,40.0271,-75.1434, , 
 ,19273,2016080751,6,67,67301,2016,6,3,1850,18,1,1,0,1,1, , ,N,1,2,0,3,0,1,3,3,N,N,39 56:23.917,75 12:49.859,1908, ,1907, ,0, ,N, ,3, , , , , ,209505, , , ,3,1,0,0,0,0,2,0,0,0,0,1,1,0,0,0,0,0,0,0,1,0,0,0,0,0,0,0,0,0,0,0,0,0,0,4,0,39.94,-75.2138, , 
 ,19274,2016080809,6,67,67301,2016,6,4,1749,17,1,1,0,8,1, , ,N,0,0,0,3,0,1,2,2,N, ,40 00:52.394,75 04:39.180,1755, ,1749, ,0, , , ,0, , , , , ,209506, , , ,1,1,0,0,0,0,0,0,0,0,0,1,1,0,0,0,0,0,0,0,0,0,0,1,0,0,0,0,0,0,0,0,1,0,0,4,0,40.0146,-75.0776, , 
 ,19275,2016080112,6,67,67301,2016,7,1,300,3,3,1,0,5,6, , ,N,0,0,0,3,0,2,2,4,N,N,39 56:32.748,75 09:44.611,310, ,305,2,2,3, , ,0,Y, , , , ,209511, , , ,4,3,1,0,0,0,0,0,0,0,0,2,2,0,0,0,0,0,0,0,1,0,0,0,0,0,0,0,0,0,0,0,0,0,0,4,0,39.9424,-75.1624, , 
 ,19276,2016096752,6,67,67301,2016,9,1,1225,12,1,1,0,1,1, , ,N,0,0,0,3,0,2,3,2,N,N,39 56:34.925,75 08:35.247,1250, ,1241, ,0, , , ,0, , , , , ,209513, , , ,2,2,0,0,0,0,0,0,0,0,0,2,2,0,0,0,0,0,0,0,0,0,0,0,0,0,0,0,0,0,0,0,0,0,0,4,0,39.943,-75.1431, , 
 ,19277,2016080885,6,67,67301,2016,7,3,1145,11,1,1,0,5,1, , ,N,0,0,0,3,0,1,2,2,N, ,39 56:58.534,75 10:32.011,1205, ,1153, ,0, , , ,0, , , , , ,209531, , , ,1,1,0,0,0,0,0,0,1,0,0,1,1,0,0,0,0,0,0,0,0,0,0,0,0,0,0,0,0,0,0,0,0,0,0,4,0,39.9496,-75.1756, , 
 ,19278,2016080834,6,67,67301,2016,7,2,2315,23,3,2,1,6,1, , ,N,0,0,0,3,0,1,4,4,N,N,39 57:54.150,75 08:03.826,2322, ,2320, ,0, , , ,0, , , , , ,209542, , , ,4,3,0,0,0,0,0,1,0,0,0,0,1,1,0,0,0,0,0,0,0,0,0,0,0,0,0,0,0,0,0,0,0,0,0,8,0,39.965,-75.1344, , 
 ,19279,2016081423,6,67,67301,2016,7,6,1710,17,1,1,0,4,1, , ,N,0,0,7,3,0,1,2,2,N,N,39 54:50.892,75 09:03.276,1735, ,1730, ,0, ,N, ,0, , , , , ,209543, , , ,2,2,0,0,0,0,0,0,0,0,0,1,1,0,0,0,0,0,0,0,0,0,0,1,0,0,0,0,0,0,0,0,0,0,0,4,0,39.9141,-75.1509, , 
 ,19280,2016116771,6,67,67301,2016,11,4,2230,22,3,1,0,7,4, , ,N,0,0,0,3,0,1,1,1,N,N,39 53:23.702,75 12:03.706,2242, ,2234,2,1,2, , ,0,N, , , , ,209561, , , ,1,1,0,0,0,0,0,0,0,0,0,0,1,1,0,0,0,0,0,0,0,0,0,0,0,0,0,0,0,0,0,0,0,0,0,8,0,39.8899,-75.201, , 
 ,19281,2016097747,6,67,67301,2016,9,3,1000,10,1,1,0,4,1, , ,N,1,3,0,3,0,2,2,2,N,N,39 57:46.836,75 09:30.286,1004, ,1002, ,0, ,N, ,3, , , , , ,209567, , , ,2,2,0,0,0,0,0,0,0,0,0,0,2,2,0,0,0,0,0,0,0,0,0,0,0,0,0,0,0,0,0,0,0,0,0,8,0,39.963,-75.1584, , 
 ,19282,2016108664,6,67,67301,2016,9,6,820,8,1,2,1,7,4, , ,N,0,0,0,3,0,1,4,1,N,N,39 55:45.503,75 13:12.808,824, ,822, ,0, ,N, ,0, , , , , ,209568, , , ,1,1,0,0,0,0,0,0,0,0,0,1,1,0,0,0,0,0,0,0,1,0,0,0,0,0,0,0,0,0,0,0,0,0,0,4,0,39.9293,-75.2202, , 
 ,19283,2016058568,6,67,67301,2016,5,7,1501,15,1,1,0,1,1, , ,N,1,2,0,3,0,1,3,2,N, ,39 55:26.880,75 14:43.716,1512, ,1507,1,1,1, , ,3,N, , , , ,209579, , , ,2,1,0,0,0,0,0,1,0,0,0,0,1,1,0,0,0,0,0,0,1,0,0,0,0,0,0,0,0,0,0,0,0,0,0,8,0,39.9241,-75.2455, , 
 ,19284,2016080728,6,67,67301,2016,6,5,1041,10,1,1,0,4,1, , ,N,2,3,0,3,0,0,2,3,N,N,39 57:51.627,75 13:12.410,1045, ,1042, ,0, , , ,3, , , , , ,209585, , , ,3,3,0,0,0,0,0,0,0,0,0,0,0,0,0,0,0,0,0,0,0,0,0,0,0,0,0,0,0,0,0,0,0,0,0,0,0,39.9643,-75.2201, , 
 ,19285,2016081412,6,67,67301,2016,6,7,2315,23,3,1,0,4,1, , ,N,1,3,0,3,0,6,7,4,N,N,39 57:50.673,75 13:56.071,2334, ,2332,2,2,4,N, ,3,Y, , , , ,209586, , , ,4,3,0,0,0,0,1,0,0,0,0,0,6,6,0,0,0,0,0,0,0,0,0,1,0,0,0,0,0,0,0,0,0,0,0,8,0,39.9641,-75.2322, , 
 ,19286,2016088615,6,67,67301,2016,8,3,12,0,3,1,0,5,6, , ,N,0,0,0,3,0,0,1,3,N,N,39 59:30.537,75 14:04.668,16, ,12, ,0, ,N, ,0, , , , , ,209591, , , ,3,3,0,0,0,0,0,0,0,0,0,0,0,0,0,0,0,0,0,0,0,0,0,0,0,0,0,0,0,0,0,0,0,0,0,0,0,39.9918,-75.2346, , 
 ,19287,2016116800,6,67,67301,2016,11,7,1156,11,1,1,0,1,1, , ,N,0,0,0,3,0,0,9,4,N,N,39 57:27.665,75 09:37.600,1206, ,1202,2,2,4, , ,0,N, , , , ,209604, , , ,4,2,0,0,0,0,2,0,0,0,0,0,0,0,0,0,0,0,0,0,1,0,0,0,0,0,0,0,0,0,0,0,0,0,0,0,0,39.9577,-75.1604, , 
 ,19288,2016108644,6,67,67301,2016,9,4,1407,14,1,1,0,1,1, , ,N,1,2,0,3,0,1,3,2,N,N,39 57:53.673,75 13:28.432,1410, ,1409, ,0, ,N, ,3, , , , , ,209628, , , ,2,1,0,0,1,0,0,0,0,0,0,1,1,0,1,0,0,0,0,0,1,0,0,1,0,0,0,0,0,0,0,0,0,0,0,4,0,39.9649,-75.2246, , 
 ,19289,2016072461,6,67,67301,2016,7,2,2105,21,3,1,0,7,3, , ,N,0,0,0,3,0,0,1,1,N,N,39 56:36.909,75 08:33.781,2124, ,2113,1,2,1, , ,0,N, , , , ,209634, , , ,1,1,0,0,0,0,0,0,0,0,0,0,0,0,0,0,0,0,0,0,0,0,0,0,0,0,0,0,0,0,0,0,0,0,0,0,0,39.9436,-75.1427, , 
 ,19290,2016080238,6,67,67301,2016,6,7,628,6,1,1,0,5,6, , ,N,0,0,0,3,0,0,1,3,N,N,39 56:06.050,75 13:30.133,822, ,822,2,1,1, , ,0,N, , , , ,209638, , , ,3,2,0,0,0,0,1,0,0,0,0,0,0,0,1,0,0,0,0,0,0,0,0,0,0,0,0,0,0,0,0,0,0,0,0,9,0,39.935,-75.225, , 
 ,19291,2016080544,6,67,67301,2016,6,6,1747,17,1,1,0,4,1, , ,N,1,3,0,3,0,1,3,2,N,N,39 56:53.332,75 14:44.566,1801, ,1800, ,0, ,N, ,3, , , , , ,209639, , , ,2,2,0,0,0,0,0,0,0,0,0,0,1,1,0,0,0,0,0,0,2,0,0,0,0,0,0,0,0,0,0,0,0,0,0,8,0,39.9481,-75.2457, , 
 ,19292,2017018463,6,67,67301,2016,6,5,1720,17,1,1,0,1,1, , ,N,0,0,0,3,0,1,2,2,N,N,40 01:18.055,75 07:29.532,0, ,0, ,0, ,N, ,0, , , , , ,212379, , , ,2,1,0,0,0,0,0,0,0,0,0,0,1,1,0,0,0,0,0,0,1,0,0,0,0,0,0,0,0,0,0,0,0,0,0,8,0,40.0217,-75.1249, , 
 ,19293,2017003660,6,67,67301,2016,12,6,1500,15,1,1,0,1,1, , ,N,3,3,3,3,0,1,2,2,N,N,39 59:40.348,75 11:30.855,2045, ,2041, ,0, ,N, ,3, , , , , ,212381, , , ,2,1,0,0,1,0,0,0,0,0,0,1,1,0,1,0,0,0,0,0,0,0,0,0,0,0,0,0,0,0,0,0,0,0,0,4,0,39.9945,-75.1919, , 
Y,19294,2016097071,6,67,67301,2016,8,4,1210,12,1,1,0,8,1,2,4,Y,0,7,0,3,0,1,2,2,N,N,40 00:19.498,75 09:55.600,9999,99,9999,9,1,2,N, ,3,N,Y, , ,U,212426, , , ,1,1,0,0,0,0,0,0,0,0,0,0,1,1,1,0,0,0,0,0,0,0,0,0,0,0,0,0,0,0,0,0,1,0,0,8,0,40.0054,-75.1654, , 
 ,19295,2016087646,6,67,67301,2016,7,3,141,1,3,1,0,4,1, , ,N,1,3,0,3,0,1,3,4,N,N,40 01:06.438,75 04:36.865,145, ,141, ,0, ,N, ,3, , , , , ,212439, , , ,4,2,0,0,0,0,1,1,0,0,0,0,1,1,0,0,0,0,0,0,0,0,0,2,0,0,0,0,0,0,0,0,0,0,0,8,0,40.0185,-75.0769, , 
 ,19296,2016084649,6,67,67301,2016,8,4,915,9,1,1,0,1,1, , ,N,2,2,0,3,0,0,2,2,N, ,40 05:04.061,75 01:29.192,928, ,926,2,1,1, , ,3,N, , , , ,212446, , , ,2,1,0,0,0,0,0,1,0,0,0,0,0,0,0,0,0,0,0,0,1,0,0,0,0,0,0,0,0,0,0,0,0,0,0,0,0,40.0845,-75.0248, , 
 ,19297,2016082295,6,67,67301,2016,7,7,2232,22,3,1,0,5,6, , ,N,0,0,0,3,0,0,2,2,N,N,40 01:10.575,75 04:50.086,2254, ,2254,1,1,1, , ,0,N, , , , ,212451, , , ,2,1,0,0,0,0,1,0,0,0,0,0,0,0,0,0,0,0,0,0,0,0,1,0,0,0,0,0,0,0,0,0,0,0,0,0,0,40.0196,-75.0806, , 
 ,19298,2016128168,6,67,67301,2016,12,2,242,2,2,2,1,7,4, , ,N,0,0,0,3,0,0,1,1,N,N,39 57:35.642,75 10:40.842,258, ,242, ,0, , , ,0, , , , , ,212465, , , ,1,1,0,0,0,0,0,0,0,0,0,0,0,0,0,0,0,0,0,0,0,0,0,0,0,0,0,0,0,0,0,0,0,0,0,0,0,39.9599,-75.178, , 
 ,19299,2016120618,6,67,67301,2016,10,7,1421,14,1,1,0,8,1, , ,N,0,0,0,3,0,1,2,2,N,N,39 57:13.132,75 09:47.629,1300, ,1330, ,0, , , ,0, , , , , ,212466, , , ,1,0,0,0,0,0,0,0,0,0,0,1,1,0,0,0,0,0,0,0,0,0,0,0,0,0,0,0,0,0,0,0,1,0,0,4,0,39.9536,-75.1632, , 
 ,19300,2016062524,6,67,67301,2016,5,7,835,8,1,1,0,5,6, , ,N,0,0,0,3,0,0,1,2,N,N,39 55:27.119,75 13:19.460,837, ,836, ,0, ,N, ,0, , , , , ,212469, , , ,2,0,0,0,0,0,2,0,0,0,0,0,0,0,0,0,0,0,0,1,0,0,0,1,0,0,0,0,0,0,0,0,0,0,0,0,0,39.9242,-75.2221, , 
 ,19301,2016135763,6,67,67301,2016,12,6,1540,15,1,1,0,4,1, , ,N,0,0,7,3,0,0,3,2,N, ,40 05:26.689,75 02:48.640,1755, ,1747, ,0, , , ,0, , , , , ,212478, , , ,2,1,0,0,0,0,1,0,0,0,0,0,0,0,0,0,0,0,1,0,0,0,0,0,0,0,0,0,0,0,0,0,0,0,0,0,0,40.0907,-75.0468, , 
 ,19302,2017001642,6,67,67301,2016,12,1,1502,15,1,2,1,3,1, , ,N,1,2,0,3,0,0,3,2,N,N,39 57:36.000,75 10:25.900,1602, ,1602,9,1,3,N, ,3,N, , , , ,212489, , , ,2,1,0,1,0,0,0,0,0,0,0,0,0,0,0,0,0,0,0,0,1,0,0,0,0,0,0,0,0,0,0,0,0,0,0,0,1,39.96,-75.1739, , 
 ,19303,2016068269,6,67,67301,2016,6,7,1029,10,1,1,0,8,1, , ,N,1,2,0,3,0,1,2,2,N,N,39 56:41.578,75 10:01.077,1044, ,1039, ,0, ,N, ,3, , , , , ,212497, , , ,1,1,0,0,0,0,0,0,0,0,0,1,1,0,0,0,0,0,0,0,1,0,0,1,0,0,0,0,0,0,0,0,1,0,0,4,0,39.9449,-75.167, , 
 ,19304,2016068647,6,67,67301,2016,6,7,2021,20,3,1,0,8,1, , ,N,1,0,0,3,0,1,3,2,N, ,39 58:43.978,75 14:26.933,2026, ,2022, ,0, , , ,0, , , , , ,212500, , , ,1,1,0,0,0,0,0,0,0,0,0,1,1,0,0,0,0,0,0,0,1,0,0,0,0,0,0,0,0,0,0,0,1,0,0,4,0,39.9789,-75.2408, , 
 ,19305,2016080294,6,67,67301,2016,7,1,1615,16,1,1,0,1,1, , ,N,0,2,0,3,0,1,2,2,N,N,40 01:36.700,75 05:52.100,1620, ,1616, ,0, ,N, ,3, , , , , ,212504, , , ,2,2,0,0,0,0,0,0,0,0,0,0,1,1,0,0,0,0,0,0,0,0,0,0,0,0,0,0,0,0,0,0,0,0,0,8,0,40.0269,-75.0982, , 
 ,19306,2016080402,6,67,67301,2016,6,4,1958,19,1,1,0,4,1, , ,N,1,2,0,3,0,2,3,3,N, ,40 01:50.359,75 03:41.998,2015, ,2010, ,0, , , ,3, , , , , ,212505, , , ,2,1,0,0,0,0,0,1,0,0,1,1,2,0,1,0,0,0,0,0,1,0,0,1,0,0,0,0,0,0,0,0,1,0,0,3,0,40.0307,-75.0617, , 
 ,19307,2016105648,6,67,67301,2016,9,7,2200,22,3,1,0,5,6, , ,N,0,0,0,3,0,0,1,4,N,N,39 55:48.273,75 10:40.314,2206, ,2206,2,2,4,N, ,0,Y, , , , ,212519, , , ,4,3,0,0,1,0,0,0,0,0,0,0,0,0,0,0,0,0,0,0,0,0,0,1,0,0,0,0,0,0,0,0,0,0,0,0,0,39.9301,-75.1779, , 
 ,19308,2016106310,6,67,67301,2016,9,6,715,7,1,2,1,3,1, , ,N,0,0,7,3,0,1,2,2,N,N,40 07:18.804,75 00:45.590,844, ,721,3,2,4, , ,0,Y, , , , ,212520, , , ,2,1,0,0,0,0,1,0,0,0,0,0,1,1,0,0,0,0,0,0,2,0,0,2,0,0,0,0,0,0,0,0,0,0,0,8,0,40.1219,-75.0127, , 
 ,19309,2016108670,6,67,67301,2016,10,7,2045,20,4,2,1,5,6, , ,N,0,0,0,3,0,1,4,2,N,N,40 01:13.550,75 09:08.699,9999, ,2102, ,0, ,N, ,0, , , , , ,212521, , , ,2,1,0,0,0,0,0,0,0,0,0,0,1,1,0,0,0,0,0,0,0,0,0,0,0,0,0,0,0,0,0,0,0,0,0,8,0,40.0204,-75.1524, , 
 ,19310,2016105535,6,67,67301,2016,9,4,2344,23,3,2,1,6,1, , ,N,0,0,0,3,0,1,3,2,N, ,39 59:07.046,75 12:43.521,33, ,33, ,0, , , ,0, , , , , ,212522, , , ,2,2,0,0,0,0,0,0,0,0,1,0,1,0,0,0,0,0,0,0,0,0,0,0,0,0,0,0,0,0,0,0,0,0,0,3,0,39.9853,-75.2121, , 
 ,19311,2016068325,6,67,67301,2016,6,6,1734,17,1,1,0,1,1, , ,N,0,0,0,3,0,1,2,2,N,N,40 02:49.745,75 00:02.731,1818, ,1744, ,0, , , ,0, , , , , ,202897, , , ,2,1,0,0,0,0,1,0,0,0,0,0,1,1,0,0,0,0,0,0,0,0,0,0,0,0,0,0,0,0,0,0,0,0,0,8,0,40.0472,-75.0008, , 
 ,19312,2016080389,6,67,67301,2016,6,3,1748,17,1,1,0,4,1, , ,N,1,2,0,3,0,1,2,2,N,N,40 00:09.705,75 10:27.076,1802, ,1756, ,0, ,N, ,3, , , , , ,202904, , , ,1,0,0,0,0,0,1,0,1,0,0,1,1,0,0,0,0,0,0,0,0,0,0,0,0,0,0,0,0,0,0,0,0,0,0,4,0,40.0027,-75.1742, , 
 ,19313,2016105625,6,67,67301,2016,9,5,2300,23,3,1,0,7,4, , ,N,1,2,0,3,0,0,1,1,N,N,40 00:07.592,75 07:57.262,0, ,40, ,0, ,N, ,1, , , , , ,202925, , , ,1,1,0,0,0,0,0,0,0,0,0,0,0,0,0,0,0,0,0,0,0,0,0,1,0,0,0,0,0,0,0,0,0,0,0,0,0,40.0021,-75.1326, , 
 ,19314,2016117687,6,67,67301,2016,10,4,849,8,1,1,0,4,1, , ,N,1,3,0,3,0,1,2,2,N,N,39 59:38.230,75 08:56.680,852, ,850, ,0, ,N, ,3, , , , , ,202931, , , ,2,2,0,0,0,0,0,0,0,0,0,1,1,0,0,0,0,0,0,0,0,0,0,1,0,0,0,0,0,0,0,0,0,0,0,4,0,39.994,-75.1491, , 
 ,19315,2016080674,6,67,67301,2016,7,5,1425,14,1,1,0,8,1, , ,N,0,0,0,3,0,1,2,2,N,N,40 01:30.268,75 07:01.959,1700, ,1650, ,0, ,N, ,0, , , , , ,202946, , , ,1,1,0,0,0,0,0,0,0,0,1,0,1,0,0,0,0,0,0,0,1,0,0,1,0,0,0,0,0,0,0,0,1,0,0,3,0,40.0251,-75.1172, , 
 ,19316,2016084610,6,67,67301,2016,5,3,2110,21,3,1,0,4,1, , ,N,1,3,0,3,0,1,2,2,N, ,40 01:20.398,75 07:50.350,2120, ,2115, ,0, , , ,3, , , , , ,202950, , , ,2,0,1,0,1,0,0,0,0,0,1,0,1,0,0,0,0,0,0,0,1,0,0,0,0,0,0,0,0,0,0,0,0,0,0,3,0,40.0223,-75.1307, , 
 ,19317,2016097655,6,67,67301,2016,8,7,1436,14,1,1,0,5,6, , ,N,0,0,0,3,0,0,1,3,N,N,40 03:45.129,75 04:19.750,1440, ,1436,1,1,2,N, ,0,N, , , , ,202963, , , ,3,2,0,0,1,0,0,0,0,0,0,0,0,0,0,0,0,0,0,0,1,0,0,0,0,0,0,0,0,0,0,0,0,0,0,0,0,40.0625,-75.0722, , 
 ,19318,2016097135,6,67,67301,2016,8,2,2110,21,3,1,0,7,4, , ,N,1,2,0,3,0,1,3,2,N,N,39 55:02.019,75 14:14.620,2124, ,2112, ,0, ,Y, ,3, , , , , ,202968, , , ,1,1,0,0,0,0,0,0,0,0,0,0,1,1,1,0,0,0,0,0,0,0,0,2,0,0,0,0,0,0,0,0,1,0,0,8,0,39.9172,-75.2374, , 
 ,19319,2016105516,6,67,67301,2016,9,2,1845,18,4,1,0,4,1, , ,N,1,3,0,3,0,2,3,2,N,N,39 54:49.968,75 09:32.129,1856, ,1851, ,0, ,N, ,3, , , , , ,203013, , , ,2,1,0,0,0,0,1,0,0,0,1,1,2,0,1,0,1,0,0,0,0,0,0,0,0,0,0,0,0,0,0,0,0,0,0,3,0,39.9139,-75.1589, , 
 ,19320,2016113892,6,67,67301,2016,10,2,2335,23,3,1,0,0,4, , ,N,0,0,0,3,1,0,2,2,N,N,39 58:50.347,75 12:21.875,2340, ,2335,3,2,3,N,0,0,Y, , , , ,203016, , , ,2,1,0,0,0,1,0,0,0,0,0,0,0,0,0,0,0,0,0,0,0,0,0,1,1,0,0,0,0,0,0,0,0,0,0,1,1,39.9807,-75.2061,2, 
 ,19321,2016082506,6,67,67301,2016,7,7,1820,18,1,1,1,1,1, , ,N,0,0,0,3,0,1,7,4,N,N,39 57:30.378,75 09:58.560,1840, ,1825,1,1,4, , ,0,N, , , , ,203035, , , ,4,2,0,0,0,0,2,0,0,0,0,0,1,1,0,0,0,0,0,0,0,0,0,0,0,0,0,0,0,0,0,0,0,0,0,8,0,39.9584,-75.1663, , 
 ,19322,2016085942,6,67,67301,2016,8,4,1035,10,1,1,0,5,6, , ,N,0,0,0,3,0,0,1,4,N,N,39 59:26.520,75 07:47.456,1102, ,1053,2,1,3, , ,0,N, , , , ,203042, , , ,4,2,0,0,0,0,1,1,0,0,0,0,0,0,0,0,0,0,0,0,0,0,0,0,0,0,0,0,0,0,0,0,0,0,0,0,0,39.9907,-75.1298, , 
 ,19323,2016082392,6,67,67301,2016,7,1,1430,14,1,1,0,8,1, , ,N,1,2,0,3,0,1,2,2,N,N,39 57:15.859,75 09:47.045,1440, ,1436, ,0, ,N, ,3, , , , , ,203047, , , ,1,0,0,0,0,0,1,0,0,0,0,0,1,1,0,0,0,0,0,0,1,0,0,1,0,0,0,0,0,0,0,0,1,0,0,8,0,39.9544,-75.1631, , 
 ,19324,2016097705,6,67,67301,2016,8,4,600,6,1,1,0,4,1, , ,N,2,2,0,3,0,1,2,2,N, ,39 58:36.459,75 06:47.555,930, ,600, ,0, , , ,3, , , , , ,203055, , , ,2,1,0,0,1,0,0,0,0,0,0,1,1,0,1,0,0,0,0,0,0,0,0,0,0,0,0,0,0,0,0,0,0,0,0,4,0,39.9768,-75.1132, , 
 ,19325,2016100079,6,67,67301,2016,9,5,1536,15,1,1,0,4,1, , ,N,2,2,0,3,0,1,5,2,Y,N,39 58:25.156,75 12:32.179,1629, ,1626, ,0, ,N, ,3, , , , , ,203062, , , ,2,1,0,1,0,0,0,0,0,0,0,0,1,1,0,0,0,0,0,0,1,0,0,0,0,0,0,0,0,0,0,0,0,0,0,8,1,39.9736,-75.2089, , 
 ,19326,2016089905,6,67,67301,2016,8,7,1730,17,1,1,0,5,1, , ,N,0,0,0,3,0,1,2,2,N, ,40 02:28.222,75 01:43.196,1735, ,1732, ,0, , , ,0, , , , , ,203063, , , ,2,0,0,0,0,0,2,0,0,0,0,1,1,0,0,0,0,0,0,0,0,0,0,1,0,0,0,0,0,0,0,0,0,0,0,4,0,40.0412,-75.0287, , 
 ,19327,2016079978,6,67,67301,2016,6,4,2233,22,3,1,0,1,1, , ,N,0,0,0,3,0,0,2,2,N,N,39 54:59.935,75 08:50.931,2233, ,2233,1,2,1, , ,0,N, , , , ,203082, , , ,2,0,0,0,0,1,1,0,0,0,0,0,0,0,0,0,0,0,0,0,0,0,0,0,0,0,0,0,0,0,0,0,0,0,0,0,0,39.9166,-75.1475, , 
 ,19328,2016083340,6,67,67301,2016,7,1,2015,20,1,1,0,5,6, , ,N,0,0,0,3,0,3,3,2,N,N,40 02:53.369,75 13:05.910,2020, ,2018,2,2,2,N, ,0,Y, , , , ,203092, , , ,2,2,0,0,0,0,0,0,0,0,0,0,3,3,0,0,0,0,0,0,0,0,0,0,0,0,0,0,0,0,0,0,0,0,0,8,0,40.0482,-75.2183, , 
 ,19329,2016087203,6,67,67301,2016,8,5,2315,23,3,1,0,1,1, , ,N,2,0,0,3,0,1,5,2,N,N,40 02:27.002,75 00:51.956,2350, ,2348, ,0, ,N, ,0, , , , , ,206098, , , ,2,2,0,0,0,0,0,0,0,0,0,1,1,0,0,0,1,0,1,0,0,0,0,3,0,0,0,0,0,0,0,0,0,0,0,4,0,40.0408,-75.0144, , 
 ,19330,2016099596,6,67,67301,2016,9,1,8,0,3,1,0,8,1, , ,N,0,0,0,3,0,1,2,2,N,N,40 06:44.820,75 01:31.411,9, ,8, ,0, ,N, ,0, , , , , ,206101, , , ,1,0,0,0,0,0,0,1,0,0,0,0,1,1,0,0,0,0,0,0,0,0,0,1,0,0,0,0,0,0,0,0,1,0,0,8,0,40.1125,-75.0254, , 
 ,19331,2016105744,6,67,67301,2016,9,6,1645,16,1,1,0,4,1, , ,N,1,2,0,3,0,1,2,2,N,N,39 59:29.209,75 08:05.493,1743, ,1738, ,0, ,N, ,3, , , , , ,206103, , , ,1,1,0,0,0,0,0,0,1,0,0,1,1,0,0,0,0,0,0,0,0,0,0,0,0,0,0,0,0,0,0,0,0,0,0,4,0,39.9913,-75.1349, , 
 ,19332,2016125618,6,67,67301,2016,11,1,2045,20,2,1,0,1,1, , ,N,10,0,0,3,0,0,4,4,N,N,40 00:18.868,75 11:43.710,2053, ,2048,2,2,4, , ,0,N, , , , ,206138, , , ,4,2,0,0,0,0,2,0,0,0,0,0,0,0,0,0,0,0,1,0,1,0,0,0,0,0,0,0,0,0,0,0,0,0,0,0,0,40.0052,-75.1955, , 
 ,19333,2016080847,6,67,67301,2016,7,2,2010,20,3,1,0,8,1, , ,N,1,3,0,3,0,1,2,2,N,N,39 59:01.330,75 07:34.456,2230, ,2210, ,0, ,N, ,3, , , , , ,206178, , , ,1,0,0,0,0,0,0,1,0,0,0,0,1,1,0,0,0,0,0,0,0,1,0,0,0,0,0,0,0,0,0,0,1,0,0,8,0,39.9837,-75.1262, , 
 ,19334,2016080931,6,67,67301,2016,6,3,2036,20,3,1,0,4,1, , ,N,2,3,0,3,0,1,5,2,N,N,40 00:00.000,75 06:01.105,2039, ,2038,1,1,7, , ,3,N, , , , ,206179, , , ,2,2,0,0,0,0,0,0,0,0,0,0,1,1,3,0,0,0,0,1,0,0,0,0,0,0,0,0,0,0,0,0,0,0,0,8,0,40,-75.1003, , 
 ,19335,2016087678,6,67,67301,2016,8,2,1930,19,1,1,0,8,3, , ,N,1,2,0,3,0,1,2,2,N,N,39 54:20.727,75 11:38.377,1115, ,1111, ,0, , , ,3, , , , , ,206186, , , ,1,1,0,0,0,0,0,0,0,1,0,0,1,0,0,0,0,0,0,0,0,0,0,0,0,0,0,0,0,0,0,0,1,0,1,2,0,39.9057,-75.1938, , 
 ,19336,2016048680,6,67,67301,2016,4,3,1526,15,1,1,0,8,1, , ,N,1,2,0,3,0,1,2,2,N,N,39 55:47.706,75 08:39.988,1546, ,1538, ,0, ,N, ,3, , , , , ,206203, , , ,1,1,0,0,0,0,0,0,0,0,0,1,1,0,0,0,0,0,0,0,0,0,0,1,0,0,0,0,0,0,0,0,1,0,0,4,0,39.9298,-75.1442, , 