wz_ln_closure,objectid_1,crn,district,county,municipality,crash_year,crash_month,day_of_week,time_of_day,hour_of_day,illumination,weather,road_condition,collision_type,relation_to_road,work_zone_type,work_zone_loc,work_zone_ind,intersect_type,tcd_type,location_type,urban_rural,fatal_count,injury_count,person_count,total_units,sch_bus_ind,sch_zone_ind,latitude,longitude,arrival_tm,cons_zone_spd_lim,dispatch_tm,est_hrs_closed,lane_closed,ln_close_dir,ntfy_hiwy_maint,spec_juris_cd,tcd_func_cd,tfc_detour_ind,workers_pres,wz_close_detour,wz_flagger,wz_law_offcr_ind,objectid,wz_moving,wz_other,wz_shlder_mdn,vehicle_count,automobile_count,motorcycle_count,bus_count,small_truck_count,heavy_truck_count,suv_count,van_count,bicycle_count,maj_inj_count,mod_inj_count,min_inj_count,tot_inj_count,unk_inj_deg_count,unk_inj_per_count,driver_count_16yr,driver_count_17yr,driver_count_18yr,driver_count_19yr,driver_count_20yr,driver_count_50_64yr,driver_count_65_74yr,driver_count_75plus,unbelted_occ_count,unb_death_count,unb_maj_inj_count,belted_death_count,belted_maj_inj_count,mcycle_death_count,mcycle_maj_inj_count,bicycle_death_count,bicycle_maj_inj_count,ped_count,ped_death_count,ped_maj_inj_count,max_severity_level,comm_veh_count,dec_lat,dec_long,rdwy_surf_type_cd,county_name
 ,19403,2016090270,6,67,67301,2016,8,3,1600,16,1,1,0,5,1, , ,N,0,0,0,3,0,1,3,2,N, ,39 55:35.659,75 13:30.990,1612, ,1609, ,0, , , ,0, , , , , ,206363, , , ,2,1,0,0,0,0,0,1,0,0,0,1,1,0,0,0,0,0,0,0,0,0,0,0,0,0,0,0,0,0,0,0,0,0,0,4,0,39.9266,-75.2253, , 
 ,19404,2016099504,6,67,67301,2016,9,1,318,3,3,1,0,4,1, , ,N,5,2,2,3,0,0,5,2,N,N,39 57:27.542,75 09:44.544,323, ,321, ,0, ,N, ,3, , , , , ,206434, , , ,2,2,0,0,0,0,0,0,0,0,0,0,0,0,0,0,0,0,0,0,0,0,0,0,0,0,0,0,0,0,0,0,0,0,0,0,0,39.9577,-75.1624, , 
 ,19405,2016062589,6,67,67301,2016,5,3,9999,99,1,1,0,4,6, , ,N,0,0,7,3,0,1,1,3,N,N,39 59:27.124,75 07:52.137,1219, ,1153, ,0, , , ,0, , , , , ,206447, , , ,3,1,0,0,0,0,1,1,0,0,0,1,1,0,0,0,0,0,0,0,0,0,0,0,0,0,0,0,0,0,0,0,0,0,0,4,0,39.9909,-75.1311, , 
 ,19406,2016080732,6,67,67301,2016,7,3,2125,21,3,1,0,1,1, , ,N,2,2,0,3,0,1,5,5,N, ,39 59:23.096,75 15:02.818,2207, ,2203,2,1,1, , ,3,N, , , , ,206466, , , ,5,4,0,0,0,0,1,0,0,0,0,1,1,0,0,0,0,0,0,0,0,0,0,4,0,0,0,0,0,0,0,0,0,0,0,4,0,39.9897,-75.2508, , 
 ,19407,2016082257,6,67,67301,2016,7,7,9999,99,3,1,0,4,1, , ,N,1,2,0,3,0,2,2,2,N, ,39 59:20.627,75 05:22.626,413, ,411, ,0, , , ,3, , , , , ,206468, , , ,2,1,0,1,0,0,0,0,0,0,0,1,2,1,0,0,0,0,0,0,1,0,0,1,0,0,0,0,0,0,0,0,0,0,0,4,1,39.9891,-75.0896, , 
 ,19408,2016093902,6,67,67301,2016,9,4,1709,17,1,1,0,5,1, , ,N,7,3,0,3,0,0,2,2,N,N,39 55:15.640,75 11:21.963,1753, ,1718,2,1,3, , ,3,N, , , , ,206475, , , ,2,0,0,0,0,0,2,0,0,0,0,0,0,0,1,0,0,0,0,0,0,0,0,0,0,0,0,0,0,0,0,0,0,0,0,9,0,39.921,-75.1894, , 
 ,19409,2016091654,6,67,67301,2016,8,4,1405,14,1,1,0,4,1, , ,N,1,2,0,3,0,5,6,4,N, ,39 59:39.085,75 06:28.154,1410, ,1405,2,2,5, , ,3,Y, , , , ,206481, , , ,4,3,0,0,0,1,0,0,0,0,0,5,5,0,0,0,0,0,0,0,0,0,0,1,0,0,0,0,0,0,0,0,0,0,0,4,1,39.9942,-75.1078, , 
 ,19410,2016087167,6,67,67301,2016,8,2,1600,16,1,1,0,4,1, , ,N,2,3,0,3,0,2,4,2,N,N,40 07:34.842,75 01:12.201,1623, ,1620, ,0, ,N, ,3, , , , , ,206503, , , ,2,1,0,0,1,0,0,0,0,0,0,1,2,1,0,0,0,1,0,0,1,0,0,0,0,0,0,0,0,0,0,0,0,0,0,4,0,40.1263,-75.0201, , 
 ,19411,2016097641,6,67,67301,2016,8,2,1021,10,1,1,0,5,6, , ,N,0,0,0,3,0,0,1,2,N,N,40 00:17.515,75 08:12.851,1040, ,1035, ,0, ,N, ,0, , , , , ,206511, , , ,2,1,0,0,1,0,0,0,0,0,0,0,0,0,0,0,0,0,0,0,0,0,0,0,0,0,0,0,0,0,0,0,0,0,0,0,0,40.0049,-75.1369, , 
 ,19412,2016058533,6,67,67301,2016,5,7,2338,23,3,2,1,7,5, , ,N,0,0,0,3,0,0,3,1,N,N,40 00:22.752,75 12:36.318,2350, ,2340, ,0, ,N, ,0, , , , , ,206541, , , ,1,1,0,0,0,0,0,0,0,0,0,0,0,0,0,0,0,0,0,0,0,0,0,0,0,0,0,0,0,0,0,0,0,0,0,0,0,40.0063,-75.2101, , 
 ,19413,2016129547,6,67,67301,2016,11,4,1918,19,3,1,0,1,1, , ,N,0,0,0,3,0,1,3,2,N, ,40 04:11.918,75 02:20.428,1925, ,1925,1,1,1, , ,0,N, , , , ,206580, , , ,2,1,0,0,0,0,1,0,0,0,0,1,1,0,0,0,0,0,0,0,1,0,0,0,0,0,0,0,0,0,0,0,0,0,0,4,0,40.07,-75.039, , 
 ,19414,2016083795,6,67,67301,2016,7,3,644,6,1,2,1,1,1, , ,N,0,0,0,3,0,1,3,3,N,N,39 56:47.258,75 08:32.680,719, ,644,2,1,2, , ,0,N, , , , ,206610, , , ,3,1,0,0,0,1,1,0,0,0,0,0,1,1,0,0,0,0,0,0,2,0,0,0,0,0,0,0,0,0,0,0,0,0,0,8,1,39.9465,-75.1424, , 
 ,19415,2016086754,6,67,67301,2016,7,3,902,9,1,1,0,1,1, , ,N,7,0,2,3,0,0,3,3,N,N,39 56:40.392,75 11:52.814,922, ,917, ,0, ,N, ,0, , , , , ,206614, , , ,3,3,0,0,0,0,0,0,0,0,0,0,0,0,0,0,0,0,0,0,0,0,0,0,0,0,0,0,0,0,0,0,0,0,0,0,0,39.9446,-75.198, , 
 ,19416,2016123748,6,67,67301,2016,11,4,1554,15,1,1,0,1,1, , ,N,0,0,0,3,0,1,2,2,N,N,39 56:44.798,75 11:24.217,1558, ,1554,1,1,3, , ,0,N, , , , ,206633, , , ,2,1,0,0,1,0,0,0,0,0,0,0,1,1,0,0,0,0,0,0,0,0,0,0,0,0,0,0,0,0,0,0,0,0,0,8,0,39.9458,-75.1901, , 
 ,19417,2016132224,6,67,67301,2016,11,5,1045,10,1,1,0,4,1, , ,N,1,2,0,3,0,1,2,2,N,N,39 56:06.468,75 09:13.917,1054, ,1051, ,0, , , ,3, , , , , ,206643, , , ,2,1,0,0,0,0,1,0,0,0,0,1,1,0,0,0,0,0,0,0,0,0,0,0,0,0,0,0,0,0,0,0,0,0,0,4,0,39.9351,-75.1539, , 
 ,19418,2016080451,6,67,67301,2016,6,5,705,7,1,8,0,0,1, , ,N,0,0,0,3,0,1,1,1,N,N,39 56:45.682,75 09:34.102,715, ,706, ,0, ,N, ,0, , , , , ,206652, , , ,1,0,1,0,0,0,0,0,0,0,0,0,1,1,0,0,0,0,0,0,0,0,0,0,0,0,0,0,0,0,0,0,0,0,0,8,0,39.946,-75.1595, , 
 ,19419,2016080494,6,67,67301,2016,6,1,2032,20,3,1,0,4,1, , ,N,0,0,0,3,0,2,4,4,N,N,40 02:57.600,75 04:04.196,2037, ,2034, ,0, , , ,0, , , , , ,206653, , , ,4,0,0,0,0,1,2,1,0,0,1,1,2,0,0,0,1,0,0,0,0,0,0,1,0,0,0,0,0,0,0,0,0,0,0,3,1,40.0493,-75.0678, , 
 ,19420,2016082321,6,67,67301,2016,7,5,1229,12,1,1,0,6,1, , ,N,0,0,0,3,0,1,2,2,N,N,40 03:19.053,75 03:43.746,1252, ,1250, ,0, ,N, ,0, , , , , ,206655, , , ,2,1,0,0,0,1,0,0,0,0,0,1,1,0,0,0,0,0,0,0,1,0,0,0,0,0,0,0,0,0,0,0,0,0,0,4,1,40.0553,-75.0622, , 
 ,19421,2016097629,6,67,67301,2016,9,3,845,8,1,1,0,4,1, , ,N,1,3,0,3,0,1,2,2,N, ,39 57:22.741,75 10:15.056,855, ,846, ,0, , , ,3, , , , , ,209857, , , ,1,0,0,0,0,0,1,0,1,0,0,1,1,0,0,0,0,0,0,0,0,0,0,0,0,0,0,0,0,0,0,0,0,0,0,4,0,39.9563,-75.1708, , 
 ,19422,2016105822,6,67,67301,2016,9,2,1045,10,1,2,1,7,5, , ,N,0,0,0,3,0,1,3,1,N,N,39 58:10.298,75 09:25.111,1102, ,1100, ,0, ,N, ,0, , , , , ,209860, , , ,1,0,0,0,0,0,1,0,0,0,0,1,1,0,0,0,0,0,0,0,0,0,0,0,0,0,0,0,0,0,0,0,0,0,0,4,0,39.9695,-75.157, , 
 ,19423,2016119121,6,67,67301,2016,10,5,632,6,5,1,0,4,1, , ,N,5,2,0,3,0,1,2,2,N, ,39 57:51.728,75 10:34.926,639, ,637, ,0, , , ,3, , , , , ,209864, , , ,1,0,0,0,0,0,1,0,1,0,0,1,1,0,0,0,0,0,0,0,1,0,0,1,0,0,0,0,0,0,0,0,0,0,0,4,0,39.9644,-75.1764, , 
 ,19424,2016129269,6,67,67301,2016,11,5,1730,17,4,1,0,4,1, , ,N,2,2,2,3,0,1,2,2,N,N,39 56:18.521,75 08:32.410,1811, ,1808,9,1,2, , ,3,N, , , , ,209866, , , ,2,1,0,0,0,1,0,0,0,0,1,0,1,0,0,0,0,0,0,0,0,0,0,0,0,0,0,0,0,0,0,0,0,0,0,3,1,39.9385,-75.1421, , 
 ,19425,2016117152,6,67,67301,2016,10,7,1800,18,1,1,0,8,1, , ,N,0,0,0,3,0,1,3,2,N,N,40 06:19.768,75 01:55.788,1806, ,1804, ,0, ,N, ,0, , , , , ,209888, , , ,1,1,0,0,0,0,0,0,0,0,0,1,1,0,0,0,0,0,0,1,0,0,0,2,0,0,0,0,0,0,0,0,1,0,0,4,0,40.1055,-75.0322, , 
 ,19426,2016112090,6,67,67301,2016,10,1,1319,13,1,1,1,4,1, , ,N,1,2,0,3,0,5,5,3,N, ,40 02:24.861,75 03:30.268,1334, ,1320, ,0, , , ,3, , , , , ,209891, , , ,2,1,0,0,0,0,1,0,1,1,0,4,5,0,0,0,0,0,0,0,1,0,1,0,0,0,0,0,0,0,0,1,0,0,0,2,0,40.0402,-75.0584, , 
 ,19427,2016103121,6,67,67301,2016,10,4,1717,17,1,1,0,1,1, , ,N,0,0,0,3,0,1,3,2,N,N,40 03:16.474,74 59:07.775,1726, ,1717,1,1,2, , ,0,N, , , , ,209893, , , ,2,0,0,0,1,0,1,0,0,0,1,0,1,0,0,0,0,0,0,0,1,0,0,0,0,0,0,0,0,0,0,0,0,0,0,3,0,40.0546,-74.9855, , 
 ,19428,2016063961,6,67,67301,2016,6,5,1740,17,1,1,0,4,1, , ,N,1,2,0,3,0,4,5,2,N,N,39 55:06.900,75 13:33.657,1748, ,1744, ,0, ,N, ,3, , , , , ,209906, , , ,2,0,0,0,0,0,2,0,0,0,0,0,4,4,0,0,0,0,0,0,0,0,0,0,0,0,0,0,0,0,0,0,0,0,0,8,0,39.9185,-75.2259, , 
 ,19429,2016065656,6,67,67301,2016,6,4,855,8,1,1,0,3,1, , ,N,1,2,0,3,0,1,3,2,N,N,39 56:50.704,75 14:23.171,930, ,928, ,0, ,N, ,3, , , , , ,209908, , , ,2,1,0,0,1,0,0,0,0,0,0,1,1,0,0,0,0,0,0,0,0,0,0,2,0,0,0,0,0,0,0,0,0,0,0,4,0,39.9474,-75.2398, , 
 ,19430,2016080584,6,67,67301,2016,6,7,1513,15,1,1,0,4,1, , ,N,2,0,0,3,0,1,2,2,N,N,40 01:53.447,75 10:03.977,1520, ,1515,2,2,7,N, ,0,Y, , , , ,209914, , , ,2,0,1,0,1,0,0,0,0,1,0,0,1,0,0,0,0,0,0,0,0,1,0,0,0,0,0,0,0,1,0,0,0,0,0,2,0,40.0315,-75.1678, , 
 ,19431,2016080693,6,67,67301,2016,7,1,311,3,3,1,0,4,1, , ,N,1,2,0,3,0,4,4,2,N,N,39 57:40.697,75 10:30.951,318, ,312,2,1,1,N, ,3,N, , , , ,209935, , , ,2,1,0,0,0,0,1,0,0,0,2,2,4,0,0,0,0,0,0,0,0,0,0,0,0,0,0,0,0,0,0,0,0,0,0,3,0,39.9613,-75.175, , 
 ,19432,2016087614,6,67,67301,2016,8,4,1214,12,1,1,1,8,1, , ,N,0,0,0,3,0,1,2,2,N, ,39 57:33.638,75 14:28.831,1217, ,1216, ,0, , , ,0, , , , , ,209951, , , ,1,1,0,0,0,0,0,0,0,0,1,0,1,0,0,0,0,0,0,0,0,0,0,1,0,0,0,0,0,0,0,0,1,0,0,3,0,39.9593,-75.2413, , 
 ,19433,2016111637,6,67,67301,2016,10,2,1950,19,3,1,0,7,5, , ,N,0,0,0,3,0,1,1,1,N,N,39 58:46.534,75 12:16.000,1953, ,1950, ,0, , , ,0, , , , , ,209954, , , ,1,1,0,0,0,0,0,0,0,0,0,0,1,1,0,0,0,0,0,0,0,0,0,0,0,0,0,0,0,0,0,0,0,0,0,8,0,39.9796,-75.2044, , 
 ,19434,2016129785,6,67,67301,2016,12,6,155,1,3,1,0,1,1, , ,N,1,2,0,3,0,0,2,2,N,N,40 00:16.847,75 09:07.652,204, ,201, ,0, ,N, ,3, , , , , ,209963, , , ,2,1,0,0,0,0,1,0,0,0,0,0,0,0,0,0,0,0,0,0,0,1,0,0,0,0,0,0,0,0,0,0,0,0,0,0,0,40.0047,-75.1521, , 
 ,19435,2017004008,6,67,67301,2016,11,4,2050,20,3,1,0,7,4, , ,N,0,0,0,3,0,1,1,1,N,N,39 59:23.090,75 12:20.816,2054, ,2050,2,1,4, , ,0,N, , , , ,209969, , , ,1,1,0,0,0,0,0,0,0,0,0,0,1,1,0,0,0,0,0,0,0,0,0,0,0,0,0,0,0,0,0,0,0,0,0,8,0,39.9897,-75.2058, , 
 ,19436,2017018949,6,67,67301,2016,6,4,2148,21,3,1,0,4,1, , ,N,2,3,0,3,0,1,2,2,N,N,40 00:51.091,75 07:42.974,0, ,0, ,0, ,N, ,3, , , , , ,209975, , , ,2,2,0,0,0,0,0,0,0,0,0,0,1,1,0,0,0,0,0,0,0,0,0,0,0,0,0,0,0,0,0,0,0,0,0,8,0,40.0142,-75.1286, , 
 ,19437,2016067648,6,67,67301,2016,6,5,740,7,1,1,0,5,1, , ,N,0,0,0,3,0,3,4,2,N,N,40 03:11.159,74 59:11.426,755, ,750,2,1,1, , ,0,N, , , , ,209985, , , ,2,2,0,0,0,0,0,0,0,0,0,0,3,3,0,0,0,0,0,0,1,0,0,0,0,0,0,0,0,0,0,0,0,0,0,8,0,40.0531,-74.9865, , 
 ,19438,2016084625,6,67,67301,2016,8,4,1225,12,1,1,0,3,1, , ,N,2,0,0,3,0,1,3,2,N, ,39 59:08.721,75 09:34.891,1245, ,1230, ,0, , , ,0, , , , , ,209998, , , ,2,1,0,0,0,0,1,0,0,0,0,1,1,0,0,0,0,0,0,0,0,0,0,2,0,0,0,0,0,0,0,0,0,0,0,4,0,39.9858,-75.1597, , 
 ,19439,2016080373,6,67,67301,2016,6,6,822,8,1,1,0,4,1, , ,N,0,0,7,3,0,1,2,2,N,N,39 56:58.383,75 09:26.089,826, ,826, ,0, , , ,0, , , , , ,212716, , , ,1,1,0,0,0,0,0,0,1,0,0,0,1,1,0,0,0,0,0,0,0,1,0,0,0,0,0,0,0,0,0,0,0,0,0,8,0,39.9496,-75.1572, , 
 ,19440,2016084123,6,67,67301,2016,8,2,930,9,1,9,0,8,1, , ,N,2,0,0,3,0,1,2,2,N, ,40 04:35.073,75 12:25.468,1601, ,1600, ,0, , , ,0, , , , , ,212725, , , ,1,1,0,0,0,0,0,0,0,0,0,1,1,0,1,0,0,0,0,0,1,0,0,0,0,0,0,0,0,0,0,0,1,0,0,4,0,40.0764,-75.2071, , 
 ,19441,2016090285,6,67,67301,2016,8,7,1512,15,1,1,1,1,1, , ,N,1,2,0,3,0,1,2,2,N,N,40 00:27.560,75 09:05.322,1518, ,1512,3,1,1,N, ,2,N, , , , ,212736, , , ,2,2,0,0,0,0,0,0,0,0,1,0,1,0,0,0,0,0,0,0,0,0,0,1,0,0,0,0,0,0,0,0,0,0,0,3,0,40.0077,-75.1515, , 
 ,19442,2016106335,6,67,67301,2016,9,2,809,8,1,1,0,1,1, , ,N,0,0,0,3,0,0,6,4,N, ,40 01:07.157,75 09:58.887,835, ,810,2,2,2, , ,0,N, , , , ,212742, , , ,4,4,0,0,0,0,0,0,0,0,0,0,0,0,0,0,0,0,0,0,0,0,0,0,0,0,0,0,0,0,0,0,0,0,0,0,0,40.0187,-75.1664, , 
 ,19443,2016119146,6,67,67301,2016,10,4,710,7,3,1,0,4,1, , ,N,1,3,0,3,0,3,3,2,N,N,39 59:42.730,75 07:40.893,725, ,713, ,0, ,N, ,3, , , , , ,212744, , , ,2,1,1,0,0,0,0,0,0,0,0,0,3,3,0,0,0,0,0,0,0,0,0,0,0,0,0,0,0,0,0,0,0,0,0,8,0,39.9952,-75.128, , 
 ,19444,2016119145,6,67,67301,2016,10,4,1850,18,3,1,0,8,1, , ,N,0,0,0,3,0,1,2,2,N, ,39 59:48.321,75 06:23.839,2000, ,1741, ,0, , , ,0, , , , , ,212749, , , ,1,0,0,0,0,0,1,0,0,0,0,0,1,1,0,0,0,0,0,0,0,0,0,0,0,0,0,0,0,0,0,0,1,0,0,8,0,39.9968,-75.1066, , 
 ,19445,2016120525,6,67,67301,2016,10,4,1655,16,1,1,0,4,1, , ,N,0,0,7,3,0,1,4,2,N, ,40 04:16.078,75 00:14.902,1703, ,1655, ,0, , , ,0, , , , , ,212750, , , ,2,2,0,0,0,0,0,0,0,0,0,1,1,0,0,0,0,0,0,0,1,0,0,0,0,0,0,0,0,0,0,0,0,0,0,4,0,40.0711,-75.0041, , 
 ,19446,2016112133,6,67,67301,2016,10,5,1015,10,1,1,0,4,1, , ,N,1,2,0,3,0,1,2,2,N,N,39 55:40.948,75 13:09.423,1036, ,1031, ,0, ,N, ,3, , , , , ,212752, , , ,2,1,0,0,0,1,0,0,0,0,0,0,1,1,0,0,0,0,0,0,1,0,0,1,0,0,0,0,0,0,0,0,0,0,0,8,0,39.928,-75.2193, , 
 ,19447,2016089928,6,67,67301,2016,8,3,1200,12,1,1,0,4,1, , ,N,0,3,7,3,0,2,2,2,N,N,40 04:45.408,75 12:50.237,1216, ,1206, ,0, ,N, ,3, , , , , ,212773, , , ,2,1,0,0,0,0,1,0,0,0,1,0,2,1,0,0,0,1,0,0,0,0,0,0,0,0,0,0,0,0,0,0,0,0,0,3,0,40.0793,-75.214, , 
 ,19448,2016097163,6,67,67301,2016,8,2,1910,19,1,1,0,4,1, , ,N,1,2,7,3,0,0,2,2,N, ,39 55:18.249,75 13:29.902,1915, ,1915, ,0, , , ,3, , , , , ,212783, , , ,2,1,0,0,0,0,1,0,0,0,0,0,0,0,1,0,0,0,0,0,0,0,0,0,0,0,0,0,0,0,0,0,0,0,0,9,0,39.9217,-75.225, , 
 ,19449,2016090271,6,67,67301,2016,8,1,1303,13,1,1,0,1,1, , ,N,0,0,0,3,0,1,4,3,N,N,40 02:48.470,75 05:26.246,1315, ,1310,1,2,3,N, ,0,N, , , , ,212785, , , ,3,2,0,0,0,0,1,0,0,0,0,1,1,0,0,0,0,0,0,0,1,0,0,1,0,0,0,0,0,0,0,0,0,0,0,4,0,40.0468,-75.0906, , 
 ,19450,2016105873,6,67,67301,2016,9,3,735,7,1,1,0,4,1, , ,N,1,2,0,3,0,0,2,2,N,N,39 57:24.362,75 12:40.902,812, ,812, ,0, ,N, ,3, , , , , ,212791, , , ,2,2,0,0,0,0,0,0,0,0,0,0,0,0,0,0,0,0,0,0,0,1,0,0,0,0,0,0,0,0,0,0,0,0,0,0,0,39.9568,-75.2114, , 
 ,19451,2016108593,6,67,67301,2016,9,4,1205,12,1,2,1,4,1, , ,N,3,0,2,3,0,2,3,2,N,N,39 54:29.188,75 09:21.587,1215, ,1207,2,1,3,N, ,0,N, , , , ,212794, , , ,2,1,0,0,0,0,1,0,0,0,0,2,2,0,1,0,0,0,0,0,1,0,0,0,0,0,0,0,0,0,0,0,0,0,0,4,0,39.9081,-75.156, , 
 ,19452,2016068272,6,67,67301,2016,5,1,500,5,5,1,0,5,6, , ,N,0,0,0,3,0,0,1,6,N,N,39 56:58.380,75 13:56.737,516, ,514,9,1,6,N, ,0,N, , , , ,212800, , , ,6,3,0,0,0,0,3,0,0,0,0,0,0,0,1,0,0,0,0,0,0,0,0,0,0,0,0,0,0,0,0,0,0,0,0,9,0,39.9496,-75.2324, , 
 ,19453,2016073656,6,67,67301,2016,7,2,2229,22,3,1,0,0,1, , ,N,0,0,0,3,0,1,1,1,N,N,39 55:54.186,75 11:58.846,2245, ,2229,3,1,4, , ,0,N, , , , ,212803, , , ,1,0,0,0,0,1,0,0,0,0,1,0,1,0,0,0,0,0,0,0,0,0,0,0,0,0,0,0,0,0,0,0,0,0,0,3,1,39.9317,-75.1997, , 
 ,19454,2016103120,6,67,67301,2016,10,4,1717,17,1,1,0,1,1, , ,N,0,0,0,3,0,1,4,4,N,N,40 03:15.658,74 59:06.990,1726, ,1717,1,1,2, , ,0,N, , , , ,212830, , , ,4,2,0,0,1,0,0,1,0,0,1,0,1,0,0,0,0,0,0,0,2,0,0,0,0,0,0,0,0,0,0,0,0,0,0,3,0,40.0543,-74.9853, , 
 ,19455,2016116571,6,67,67301,2016,11,3,813,8,1,1,0,2,1, , ,N,1,2,0,3,0,1,2,2, , ,39 57:13.102,75 11:55.145,820, ,818, ,0, , , ,3, , , , , ,212854, , , ,1,0,0,0,0,0,1,0,1,0,1,0,1,0,0,0,0,0,0,0,0,0,0,0,0,0,0,0,0,0,0,0,0,0,0,3,0,39.9536,-75.1986, , 
 ,19456,2016081422,6,67,67301,2016,7,1,1951,19,1,1,0,1,1, , ,N,0,0,0,3,0,2,9,3,N,N,40 01:47.733,75 05:14.890,1956, ,1953,1,1,6,N, ,0,N, , , , ,212883, , , ,3,2,0,0,1,0,0,0,0,0,0,2,2,0,1,0,0,1,0,0,1,0,0,0,0,0,0,0,0,0,0,0,0,0,0,4,0,40.0299,-75.0875, , 
N,19457,2016111215,6,67,67301,2016,10,6,1009,10,1,1,0,1,1,1,4,Y,0,0,0,3,0,0,2,2,N,N,40 01:41.790,75 01:24.075,1017,45,1009, ,0, , , ,0, ,Y,N,N,N,203245,N,N,Y,2,2,0,0,0,0,0,0,0,0,0,0,0,0,0,0,0,0,0,0,0,0,0,0,0,0,0,0,0,0,0,0,0,0,0,0,0,40.0283,-75.0234, , 
Y,19458,2016096764,6,67,67301,2016,9,5,2136,21,6,1,0,1,1,1,4,Y,0,0,0,3,0,1,2,2,N,N,40 01:40.644,75 01:25.630,2141,50,2137,3,1,1, , ,0,N,N,N,N,N,203253,N,N,Y,2,1,1,0,0,0,0,0,0,0,0,0,1,1,0,0,0,0,0,0,1,0,0,0,0,0,0,0,0,0,0,0,0,0,0,8,0,40.028,-75.0238, , 
 ,19459,2016122106,6,67,67301,2016,11,3,1903,19,3,1,0,1,1, , ,N,6,0,2,3,0,1,2,2,N,N,39 57:26.946,75 08:48.339,1924, ,1903, ,0, , , ,0, , , , , ,203256, , , ,2,2,0,0,0,0,0,0,0,0,0,1,1,0,0,0,0,0,0,0,0,0,0,0,0,0,0,0,0,0,0,0,0,0,0,4,0,39.9575,-75.1468, , 
 ,19460,2016066482,6,67,67301,2016,6,5,1224,12,1,2,1,1,1, , ,N,0,0,0,3,0,4,8,4,N,N,40 00:26.733,75 12:00.502,1228, ,1224, ,0, , , ,0, , , , , ,203270, , , ,4,0,0,0,1,0,2,1,0,0,0,4,4,0,0,0,0,0,0,0,1,0,0,0,0,0,0,0,0,0,0,0,0,0,0,4,0,40.0074,-75.2001, , 
 ,19461,2016087176,6,67,67301,2016,8,2,53,0,3,1,0,5,1, , ,N,1,2,0,3,0,1,2,2,N,N,39 59:07.606,75 05:48.056,9999, ,58, ,0, ,N, ,3, , , , , ,203274, , , ,1,0,0,0,0,0,0,0,1,0,0,1,1,0,0,0,0,0,0,0,0,0,0,0,0,0,0,0,0,0,0,0,0,0,0,4,0,39.9854,-75.0967, , 
 ,19462,2016087205,6,67,67301,2016,8,6,1417,14,1,1,0,4,1, , ,N,1,2,0,3,0,2,3,3,N,N,40 05:41.833,75 00:55.566,1445, ,1438,3,2,3,N, ,3,Y, , , , ,203292, , , ,3,0,0,0,1,1,0,1,0,0,0,1,2,1,0,0,0,1,0,0,1,0,0,0,0,0,0,0,0,0,0,0,0,0,0,4,1,40.095,-75.0154, , 
 ,19463,2016112203,6,67,67301,2016,10,3,943,9,1,1,0,4,1, , ,N,1,3,0,3,0,1,2,2,N,N,40 02:57.112,75 11:47.381,947, ,944, ,0, ,N, ,3, , , , , ,203303, , , ,2,1,0,0,0,0,1,0,0,0,0,1,1,0,0,0,0,0,0,0,0,1,0,2,0,0,0,0,0,0,0,0,0,0,0,4,0,40.0492,-75.1965, , 
 ,19464,2016048664,6,67,67301,2016,4,1,2256,22,3,1,0,4,1, , ,N,1,2,0,3,0,2,2,2,N,N,39 56:45.165,75 14:24.752,2325, ,2316, ,0, ,N, ,3, , , , , ,203313, , , ,2,2,0,0,0,0,0,0,0,0,2,0,2,0,0,0,0,0,0,1,0,0,0,0,0,0,0,0,0,0,0,0,0,0,0,3,0,39.9459,-75.2403, , 
 ,19465,2016063490,6,67,67301,2016,5,7,38,0,3,1,0,0,1, , ,N,1,2,0,3,1,0,2,2,N,N,40 01:34.430,75 07:01.760,44, ,39,3,2,6,N,0,3,Y, , , , ,203322, , , ,2,1,1,0,0,0,0,0,0,0,0,0,0,0,0,0,0,0,0,0,0,0,0,0,0,0,0,0,1,0,0,0,0,0,0,1,0,40.0262,-75.1174,2, 
 ,19466,2016106301,6,67,67301,2016,9,4,1715,17,1,1,0,8,1, , ,N,0,0,0,3,0,1,2,2,N,N,39 57:19.067,75 09:52.892,1725, ,1721, ,0, ,N, ,0, , , , , ,203350, , , ,1,1,0,0,0,0,0,0,0,0,0,1,1,0,0,0,0,0,0,0,1,0,0,1,0,0,0,0,0,0,0,0,1,0,0,4,0,39.9553,-75.1647, , 
 ,19467,2016103103,6,67,67301,2016,10,1,154,1,3,2,1,7,2, , ,N,0,0,0,3,0,1,3,1,N,N,39 57:43.737,75 10:57.516,205, ,154,2,2,4, , ,0,N, , , , ,203352, , , ,1,0,0,0,0,0,1,0,0,0,1,0,1,0,0,0,0,0,0,0,0,0,0,0,0,0,0,0,0,0,0,0,0,0,0,3,0,39.9621,-75.1826, , 
 ,19468,2016120598,6,67,67301,2016,10,5,609,6,1,1,0,4,1, , ,N,1,2,0,3,0,1,2,2,N, ,40 02:10.346,75 03:51.114,617, ,616, ,0, , , ,3, , , , , ,203359, , , ,2,1,0,0,1,0,0,0,0,0,0,1,1,0,0,0,0,0,0,0,2,0,0,2,0,0,0,0,0,0,0,0,0,0,0,4,0,40.0363,-75.0643, , 
 ,19469,2016062587,6,67,67301,2016,5,6,1020,10,1,1,0,1,1, , ,N,0,0,0,3,0,3,4,3,N,N,40 00:26.327,75 07:27.053,1031, ,1031, ,0, , , ,0, , , , , ,203361, , , ,3,1,0,0,0,0,2,0,0,1,0,0,3,2,0,0,0,0,0,0,0,0,0,0,0,0,0,0,0,0,0,0,0,0,0,2,0,40.0073,-75.1242, , 