wz_ln_closure,objectid_1,crn,district,county,municipality,crash_year,crash_month,day_of_week,time_of_day,hour_of_day,illumination,weather,road_condition,collision_type,relation_to_road,work_zone_type,work_zone_loc,work_zone_ind,intersect_type,tcd_type,location_type,urban_rural,fatal_count,injury_count,person_count,total_units,sch_bus_ind,sch_zone_ind,latitude,longitude,arrival_tm,cons_zone_spd_lim,dispatch_tm,est_hrs_closed,lane_closed,ln_close_dir,ntfy_hiwy_maint,spec_juris_cd,tcd_func_cd,tfc_detour_ind,workers_pres,wz_close_detour,wz_flagger,wz_law_offcr_ind,objectid,wz_moving,wz_other,wz_shlder_mdn,vehicle_count,automobile_count,motorcycle_count,bus_count,small_truck_count,heavy_truck_count,suv_count,van_count,bicycle_count,maj_inj_count,mod_inj_count,min_inj_count,tot_inj_count,unk_inj_deg_count,unk_inj_per_count,driver_count_16yr,driver_count_17yr,driver_count_18yr,driver_count_19yr,driver_count_20yr,driver_count_50_64yr,driver_count_65_74yr,driver_count_75plus,unbelted_occ_count,unb_death_count,unb_maj_inj_count,belted_death_count,belted_maj_inj_count,mcycle_death_count,mcycle_maj_inj_count,bicycle_death_count,bicycle_maj_inj_count,ped_count,ped_death_count,ped_maj_inj_count,max_severity_level,comm_veh_count,dec_lat,dec_long,rdwy_surf_type_cd,county_name
 ,19536,2016052321,6,67,67301,2016,5,2,7,0,3,2,1,1,6, , ,N,0,0,0,3,0,3,3,2,N,N,40 01:14.054,75 03:48.099,11, ,9, ,0, ,N, ,0, , , , , ,203556, , , ,2,1,0,0,0,0,1,0,0,0,0,0,3,3,0,0,0,0,0,0,0,0,0,3,0,0,0,0,0,0,0,0,0,0,0,8,0,40.0206,-75.0634, , 
 ,19537,2016093098,6,67,67301,2016,8,3,1449,14,1,1,0,1,1, , ,N,0,0,0,3,0,0,5,3,N,N,39 58:42.391,75 12:09.638,1455, ,1452, ,0, , , ,0, , , , , ,203567, , , ,3,2,0,0,0,0,1,0,0,0,0,0,0,0,0,0,0,0,0,0,1,0,0,0,0,0,0,0,0,0,0,0,0,0,0,0,0,39.9784,-75.2027, , 
 ,19538,2016105653,6,67,67301,2016,9,7,1508,15,1,1,0,8,1, , ,N,1,2,0,3,0,1,2,2,N,N,40 03:00.190,75 09:01.655,1516, ,1513, ,0, , , ,3, , , , , ,203580, , , ,1,1,0,0,0,0,0,0,0,0,0,1,1,0,0,0,0,0,0,0,1,0,0,0,0,0,0,0,0,0,0,0,1,0,0,4,0,40.0501,-75.1505, , 
 ,19539,2016129519,6,67,67301,2016,11,6,1230,12,1,1,0,8,1, , ,N,0,0,0,3,0,1,2,2,N, ,39 59:11.104,75 07:18.398,9999, ,9999, ,0, , , ,0, , , , , ,203598, , , ,1,1,0,0,0,0,0,0,0,0,0,1,1,0,0,0,0,0,0,0,0,0,0,0,0,0,0,0,0,0,0,0,1,0,0,4,0,39.9864,-75.1218, , 
 ,19540,2016079283,6,67,67301,2016,8,7,2025,20,3,1,0,7,4, , ,N,0,0,3,3,0,0,1,1,N,N,39 57:32.428,75 09:28.440,2055, ,2034,3,2,4,N, ,0,Y, , , , ,203617, , , ,1,0,0,0,0,1,0,0,0,0,0,0,0,0,0,0,0,0,0,0,0,0,0,0,0,0,0,0,0,0,0,0,0,0,0,0,1,39.959,-75.1579, , 
 ,19541,2016080308,6,67,67301,2016,6,6,2008,20,4,1,0,5,1, , ,N,1,2,0,3,0,1,2,2,N, ,40 02:12.109,75 09:30.211,900, ,855, ,0, , , ,3, , , , , ,203618, , , ,2,0,0,0,0,0,2,0,0,0,0,1,1,0,0,0,0,1,0,0,0,0,0,0,0,0,0,0,0,0,0,0,0,0,0,4,0,40.0367,-75.1584, , 
 ,19542,2016108576,6,67,67301,2016,9,6,1640,16,1,2,1,4,1, , ,N,1,3,0,3,0,3,6,2,N, ,39 59:51.332,75 07:20.146,1700, ,1647, ,0, ,N, ,3, , , , , ,203632, , , ,2,1,0,0,0,0,0,1,0,0,2,0,3,1,0,0,0,0,0,0,0,0,0,1,0,0,0,0,0,0,0,0,0,0,0,3,0,39.9976,-75.1223, , 
 ,19543,2016105664,6,67,67301,2016,9,4,104,1,3,1,0,4,1, , ,N,1,2,0,3,0,1,2,2,N,N,39 58:10.251,75 13:31.337,109, ,109, ,0, ,N, ,3, , , , , ,203656, , , ,1,1,0,0,0,0,0,0,1,0,1,0,1,0,0,0,0,0,0,0,0,0,0,0,0,0,0,0,0,0,0,0,0,0,0,3,0,39.9695,-75.2254, , 
 ,19544,2016087175,6,67,67301,2016,8,7,159,1,3,1,0,4,1, , ,N,1,2,0,3,0,4,4,2,N, ,39 56:31.419,75 12:42.235,230, ,226, ,0, , , ,3, , , , , ,203662, , , ,2,0,0,0,0,0,2,0,0,1,3,0,4,0,0,0,0,1,0,0,1,0,0,0,0,0,0,0,0,0,0,0,0,0,0,2,0,39.9421,-75.2117, , 
 ,19545,2016093864,6,67,67301,2016,8,2,1349,13,1,1,0,1,1, , ,N,0,0,0,3,0,0,2,2,Y,N,39 57:42.448,75 10:57.982,1443, ,1359, ,0, , , ,0, , , , , ,203664, , , ,2,1,0,0,0,0,0,0,0,0,0,0,0,0,1,0,0,0,0,0,0,0,0,0,0,0,0,0,0,0,0,0,0,0,0,9,0,39.9618,-75.1828, , 
 ,19546,2016082317,6,67,67301,2016,7,7,1550,15,1,1,0,1,1, , ,N,0,0,7,3,0,0,2,2,N,N,40 00:54.463,75 12:27.076,1605, ,1557, ,0, ,N, ,0, , , , , ,203666, , , ,2,1,0,0,0,0,1,0,0,0,0,0,0,0,0,0,0,0,0,0,0,0,0,2,0,0,0,0,0,0,0,0,0,0,0,0,0,40.0151,-75.2075, , 
 ,19547,2016082267,6,67,67301,2016,7,4,1415,14,1,1,0,4,1, , ,N,1,3,0,3,0,1,2,2,N,N,40 03:41.788,75 09:56.959,1505, ,1449, ,0, ,N, ,3, , , , , ,203667, , , ,2,0,0,0,0,0,2,0,0,0,0,0,1,1,0,0,0,0,0,0,2,0,0,0,0,0,0,0,0,0,0,0,0,0,0,8,0,40.0616,-75.1658, , 
 ,19548,2016080301,6,67,67301,2016,6,5,1220,12,1,1,0,4,1, , ,N,1,3,0,3,0,1,2,2,N,N,40 00:15.087,75 05:48.465,1250, ,1248, ,0, ,N, ,3, , , , , ,206844, , , ,2,2,0,0,0,0,0,0,0,0,0,0,1,1,0,0,0,0,0,0,0,0,0,0,0,0,0,0,0,0,0,0,0,0,0,8,0,40.0042,-75.0968, , 
 ,19549,2016098775,6,67,67301,2016,9,5,834,8,1,1,0,1,1, , ,N,0,0,2,3,0,0,3,3,N,N,40 00:23.248,75 04:31.287,911, ,844, ,0, , , ,0, , , , , ,206860, , , ,3,1,0,0,0,0,2,0,0,0,0,0,0,0,0,0,0,0,0,0,0,0,0,0,0,0,0,0,0,0,0,0,0,0,0,0,0,40.0065,-75.0754, , 
 ,19550,2016117885,6,67,67301,2016,11,6,2255,22,3,1,0,1,1, , ,N,0,0,0,3,0,0,3,3,N,N,39 57:36.408,75 10:47.264,2302, ,2302, ,0, , , ,0, , , , , ,206864, , , ,3,2,0,0,0,0,0,0,0,0,0,0,0,0,1,0,0,0,0,0,0,0,0,0,0,0,0,0,0,0,0,0,0,0,0,9,0,39.9601,-75.1798, , 
 ,19551,2016080210,6,67,67301,2016,7,1,630,6,1,1,0,5,6, , ,N,0,0,0,3,0,1,1,3,N, ,40 00:02.433,75 08:23.614,720, ,630, ,0, , , ,0, , , , , ,206895, , , ,3,3,0,0,0,0,0,0,0,0,1,0,1,0,0,0,0,0,0,0,0,0,0,0,0,0,0,0,0,0,0,0,0,0,0,3,0,40.0007,-75.1399, , 
 ,19552,2016087126,6,67,67301,2016,8,7,657,6,1,1,0,1,6, , ,N,0,0,0,3,0,1,1,2,N,N,39 59:08.672,75 05:12.035,858, ,853, ,0, ,N, ,0, , , , , ,206900, , , ,2,2,0,0,0,0,0,0,0,0,0,1,1,0,0,0,0,0,0,0,1,0,0,0,0,0,0,0,0,0,0,0,0,0,0,4,0,39.9857,-75.0867, , 
 ,19553,2016100080,6,67,67301,2016,9,7,659,6,1,1,0,5,6, , ,N,0,0,0,3,0,0,1,2,N,N,40 02:34.889,75 01:25.168,737, ,729, ,0, ,N, ,0, , , , , ,206906, , , ,2,1,0,0,0,0,1,0,0,0,0,0,0,0,0,0,0,0,0,0,0,0,0,0,0,0,0,0,0,0,0,0,0,0,0,0,0,40.043,-75.0237, , 
 ,19554,2016103311,6,67,67301,2016,9,4,749,7,1,1,0,1,1, , ,N,0,0,0,3,0,1,4,3,N,N,39 57:34.972,75 10:35.550,810, ,749, ,0, , , ,0, , , , , ,206911, , , ,3,3,0,0,0,0,0,0,0,0,0,0,1,1,0,0,0,1,0,0,2,0,0,1,0,0,0,0,0,0,0,0,0,0,0,8,0,39.9597,-75.1765, , 
 ,19555,2016062612,6,67,67301,2016,5,2,1206,12,1,1,0,4,1, , ,N,1,2,0,3,0,2,3,2,N,N,40 02:39.682,75 04:21.458,1215, ,1209,1,1,1,N, ,3,N, , , , ,206927, , , ,2,2,0,0,0,0,0,0,0,0,0,2,2,0,0,0,0,0,0,0,0,0,0,0,0,0,0,0,0,0,0,0,0,0,0,4,0,40.0444,-75.0726, , 
 ,19556,2016105915,6,67,67301,2016,9,5,1533,15,1,1,0,1,1, , ,N,0,2,0,3,0,1,4,3,N, ,40 04:08.338,75 03:37.245,1604, ,1549,2,1,2, , ,3,N, , , , ,206942, , , ,3,2,0,0,0,0,1,0,0,0,0,0,1,1,0,0,0,0,0,0,1,0,0,0,0,0,0,0,0,0,0,0,0,0,0,8,0,40.069,-75.0603, , 
 ,19557,2016117758,6,67,67301,2016,10,1,151,1,3,1,0,2,4, , ,N,1,0,0,3,0,1,1,2,N, ,39 59:25.969,75 10:07.229,200, ,151, ,0, , , ,0, , , , , ,206944, , , ,2,2,0,0,0,0,0,0,0,0,0,0,1,1,0,0,0,0,0,0,0,0,0,0,0,0,0,0,0,0,0,0,0,0,0,8,0,39.9905,-75.1687, , 
 ,19558,2016112097,6,67,67301,2016,10,5,1905,19,3,1,0,1,1, , ,N,0,0,0,3,0,1,2,2,N,N,40 01:39.697,75 03:25.779,1911, ,1909,3,2,4,N, ,0,Y, , , , ,206951, , , ,2,1,0,0,1,0,0,0,0,1,0,0,1,0,0,0,0,0,0,0,0,0,0,0,0,0,0,0,0,0,0,0,0,0,0,2,0,40.0277,-75.0572, , 
 ,19559,2016112105,6,67,67301,2016,10,7,2220,22,3,1,0,1,1, , ,N,0,0,0,3,0,0,2,2,N,N,40 00:44.108,75 06:47.263,2251, ,2251, ,0, ,N, ,0, , , , , ,206952, , , ,2,2,0,0,0,0,0,0,0,0,0,0,0,0,1,0,0,1,0,0,0,0,0,0,0,0,0,0,0,0,0,0,0,0,0,9,0,40.0123,-75.1131, , 
 ,19560,2016129982,6,67,67301,2016,11,2,2039,20,3,1,0,1,1, , ,N,2,0,0,3,0,2,4,4,N, ,39 55:21.777,75 10:47.661,2051, ,2041, ,0, , , ,0, , , , , ,207000, , , ,4,2,0,0,0,0,1,1,0,0,0,1,2,1,0,0,0,0,0,0,0,0,0,0,0,0,0,0,0,0,0,0,0,0,0,4,0,39.9227,-75.1799, , 
 ,19561,2016065705,6,67,67301,2016,6,4,1223,12,1,2,1,8,1, , ,N,1,2,0,3,0,1,2,2,N,N,39 55:18.577,75 08:59.721,1328, ,1321, ,0, ,N, ,3, , , , , ,207021, , , ,1,0,0,0,0,0,1,0,0,0,1,0,1,0,0,0,0,0,0,0,0,0,1,1,0,0,0,0,0,0,0,0,1,0,0,3,0,39.9218,-75.1498, , 
 ,19562,2016126139,6,67,67301,2016,11,6,2020,20,3,1,0,1,1, , ,N,0,2,0,3,0,1,4,2,N, ,39 58:02.534,75 10:32.118,2045, ,2035, ,0, , , ,3, , , , , ,207032, , , ,2,0,0,0,1,0,0,1,0,0,0,0,1,1,2,0,0,0,0,0,0,0,0,0,0,0,0,0,0,0,0,0,0,0,0,8,0,39.9674,-75.1756, , 
 ,19563,2017003712,6,67,67301,2016,12,3,1758,17,4,1,0,8,1, , ,N,1,2,0,3,0,1,2,2,N,N,40 05:04.180,74 58:25.617,1805, ,1759, ,0, ,N, ,3, , , , , ,207045, , , ,1,1,0,0,0,0,0,0,0,0,0,1,1,0,0,0,0,0,0,0,0,0,0,1,0,0,0,0,0,0,0,0,1,0,0,4,0,40.0845,-74.9737, , 
 ,19564,2016062671,6,67,67301,2016,5,5,14,0,3,1,0,4,1, , ,N,1,2,0,3,0,0,2,2,N,N,39 58:58.770,75 06:05.073,41, ,14, ,0, ,N, ,3, , , , , ,207056, , , ,2,1,0,0,0,0,1,0,0,0,0,0,0,0,0,1,0,0,0,0,1,0,0,0,0,0,0,0,0,0,0,0,0,0,0,0,0,39.983,-75.1014, , 
 ,19565,2016087193,6,67,67301,2016,8,5,1156,11,1,1,0,4,1, , ,N,1,3,0,3,0,1,6,3,N,N,40 01:15.575,75 10:56.764,1804, ,1501, ,0, ,N, ,3, , , , , ,207071, , , ,3,0,0,0,1,0,2,0,0,0,0,1,1,0,0,0,0,0,0,0,0,0,0,0,0,0,0,0,0,0,0,0,0,0,0,4,0,40.021,-75.1824, , 
 ,19566,2017010594,6,67,67301,2016,12,6,1330,13,1,1,0,1,1, , ,N,1,2,0,3,0,1,2,2,N,N,39 58:54.974,75 14:20.357,1338, ,1337, ,0, ,N, ,3, , , , , ,210186, , , ,2,1,0,0,0,0,1,0,0,0,0,0,1,1,1,0,0,0,0,0,0,1,0,0,0,0,0,0,0,0,0,0,0,0,0,8,0,39.9819,-75.239, , 
 ,19567,2016080400,6,67,67301,2016,6,4,1740,17,1,1,0,5,1, , ,N,0,0,0,3,0,1,2,2,N,N,40 03:04.871,75 05:30.388,9999, ,1950, ,0, , , ,0, , , , , ,210198, , , ,1,0,0,0,0,0,1,0,1,0,0,1,1,0,0,0,0,0,0,0,0,0,0,1,0,0,0,0,0,0,0,0,0,0,0,4,0,40.0514,-75.0918, , 
 ,19568,2016080754,6,67,67301,2016,6,5,1140,11,1,1,0,7,4, , ,N,0,0,0,3,0,1,1,1,N, ,39 55:24.151,75 13:14.926,1145, ,1142, ,0, , , ,0, , , , , ,210199, , , ,1,1,0,0,0,0,0,0,0,0,0,0,1,1,0,0,0,0,0,0,0,0,0,0,0,0,0,0,0,0,0,0,0,0,0,8,0,39.9234,-75.2208, , 
 ,19569,2016099623,6,67,67301,2016,9,6,1045,10,1,1,0,4,1, , ,N,1,3,0,3,0,0,2,2,N,N,39 57:58.759,75 14:16.205,1159, ,1159, ,0, , , ,3, , , , , ,210201, , , ,2,1,0,0,0,0,1,0,0,0,0,0,0,0,0,0,0,0,0,0,1,1,0,0,0,0,0,0,0,0,0,0,0,0,0,0,0,39.9663,-75.2378, , 
 ,19570,2016087128,6,67,67301,2016,8,4,2345,23,3,1,0,4,1, , ,N,2,0,0,3,0,1,2,2,N,N,40 00:56.660,75 03:06.628,42, ,34, ,0, , , ,0, , , , , ,210218, , , ,2,1,0,0,0,0,1,0,0,0,0,0,1,1,0,0,0,0,0,0,1,0,0,1,0,0,0,0,0,0,0,0,0,0,0,8,0,40.0157,-75.0518, , 
 ,19571,2016080665,6,67,67301,2016,7,3,1640,16,1,1,0,4,1, , ,N,1,2,0,3,0,1,2,2,N,N,39 58:39.875,75 12:48.192,1700, ,1650,1,1,2,N, ,3,N, , , , ,210220, , , ,2,1,1,0,0,0,0,0,0,0,1,0,1,0,0,0,0,0,0,0,0,0,0,0,0,0,0,0,0,0,0,0,0,0,0,3,0,39.9777,-75.2134, , 
 ,19572,2016082273,6,67,67301,2016,7,1,549,5,3,1,0,8,1, , ,N,0,0,0,3,0,1,2,2,N,N,40 00:09.185,75 08:16.367,610, ,550, ,0, ,N, ,0, , , , , ,210221, , , ,1,1,0,0,0,0,0,0,0,1,0,0,1,0,0,0,0,0,0,0,0,0,0,1,0,0,0,0,0,0,0,0,1,0,1,2,0,40.0026,-75.1379, , 
 ,19573,2016081431,6,67,67301,2016,7,4,1850,18,1,1,0,1,1, , ,N,1,2,0,3,0,1,3,3,N,N,39 58:52.612,75 11:19.251,1901, ,1900,9,2,2,N, ,3,N, , , , ,210222, , , ,3,2,0,0,0,0,1,0,0,0,0,1,1,0,0,0,0,0,0,0,0,0,0,2,0,0,0,0,0,0,0,0,0,0,0,4,0,39.9814,-75.1887, , 
 ,19574,2016097133,6,67,67301,2016,9,6,803,8,1,1,0,1,1, , ,N,2,2,0,3,0,1,2,2,N, ,39 54:32.712,75 14:31.675,811, ,809,1,1,2, , ,3,N, , , , ,210232, , , ,2,2,0,0,0,0,0,0,0,0,0,1,1,0,0,0,0,0,0,0,0,0,0,1,0,0,0,0,0,0,0,0,0,0,0,4,0,39.909,-75.2419, , 
 ,19575,2016052394,6,67,67301,2016,5,1,820,8,1,2,1,1,6, , ,N,0,0,0,3,0,1,1,2,N, ,40 00:21.582,75 08:13.462,830, ,825, ,0, , , ,0, , , , , ,210248, , , ,2,1,0,0,0,0,1,0,0,0,0,1,1,0,0,0,0,0,0,0,0,0,0,0,0,0,0,0,0,0,0,0,0,0,0,4,0,40.006,-75.1371, , 
 ,19576,2016068720,6,67,67301,2016,6,3,736,7,1,1,0,4,1, , ,N,1,2,0,3,0,1,2,2,N,N,39 58:07.843,75 14:43.849,800, ,757, ,0, , , ,3, , , , , ,210261, , , ,2,1,0,0,0,0,0,1,0,0,0,1,1,0,0,0,0,0,0,0,1,0,0,0,0,0,0,0,0,0,0,0,0,0,0,4,0,39.9688,-75.2454, , 
 ,19577,2016108603,6,67,67301,2016,10,1,2038,20,3,2,1,4,1, , ,N,2,3,0,3,0,2,2,2,N, ,40 01:47.599,75 12:23.218,2115, ,2112, ,0, , , ,3, , , , , ,210275, , , ,2,1,0,0,0,0,1,0,0,0,0,0,2,2,0,0,0,0,0,0,0,0,0,0,0,0,0,0,0,0,0,0,0,0,0,8,0,40.0299,-75.2064, , 
 ,19578,2016112197,6,67,67301,2016,10,5,1750,17,1,1,0,5,1, , ,N,0,0,0,3,0,0,2,3,N, ,39 55:26.522,75 10:35.187,1830, ,1830, ,0, , , ,0, , , , , ,210287, , , ,3,1,0,0,1,0,1,0,0,0,0,0,0,0,0,0,0,0,0,0,0,0,0,1,0,0,0,0,0,0,0,0,0,0,0,0,0,39.924,-75.1764, , 
 ,19579,2016105845,6,67,67301,2016,9,2,1135,11,1,2,1,7,4, , ,N,0,0,0,3,0,1,1,1,N,Y,40 00:59.585,75 12:09.609,1137, ,1135, ,0, ,N, ,0, , , , , ,210290, , , ,1,1,0,0,0,0,0,0,0,0,0,1,1,0,0,0,0,0,0,0,0,0,0,0,0,0,0,0,0,0,0,0,0,0,0,4,0,40.0166,-75.2027, , 
 ,19580,2016126061,6,67,67301,2016,11,4,1453,14,1,2,1,4,1, , ,N,2,3,0,3,0,0,3,2,N,N,39 57:18.136,75 14:02.842,1515, ,1453, ,0, ,N, ,3, , , , , ,210297, , , ,2,2,0,0,0,0,0,0,0,0,0,0,0,0,0,0,0,0,0,0,0,0,0,0,0,0,0,0,0,0,0,0,0,0,0,0,0,39.955,-75.2341, , 
 ,19581,2016080228,6,67,67301,2016,6,1,1129,11,1,1,0,1,1, , ,N,0,0,0,3,0,1,2,2,N,N,40 04:05.106,75 00:31.093,1129, ,1129,3,1,2,N, ,0,Y, , , , ,210315, , , ,2,1,0,0,0,0,1,0,0,0,0,0,1,1,0,0,0,0,0,0,0,0,0,0,0,0,0,0,0,0,0,0,0,0,0,8,0,40.0681,-75.0086, , 
 ,19582,2016087129,6,67,67301,2016,8,7,1910,19,1,9,1,6,1, , ,N,0,0,0,3,0,3,4,2,N,N,40 01:35.420,75 09:37.447,1945, ,1925, ,0, ,N, ,0, , , , , ,210323, , , ,2,1,0,0,0,0,0,1,0,0,0,0,3,3,0,0,0,1,0,0,0,0,0,0,0,0,0,0,0,0,0,0,0,0,0,8,0,40.0265,-75.1604, , 
 ,19583,2016094263,6,67,67301,2016,8,1,424,4,3,1,0,7,5, , ,N,7,0,2,3,0,0,1,1,N,N,39 57:36.086,75 10:47.722,436, ,429,2,2,3, , ,0,Y, , , , ,210324, , , ,1,1,0,0,0,0,0,0,0,0,0,0,0,0,1,0,0,0,0,0,0,0,0,0,0,0,0,0,0,0,0,0,0,0,0,9,0,39.96,-75.1799, , 
 ,19584,2016100544,6,67,67301,2016,8,1,1405,14,1,1,0,4,1, , ,N,1,2,0,3,0,1,3,2,N,N,40 00:30.707,75 12:38.635,1510, ,1510,2,1,3, , ,3,N, , , , ,214590, , , ,2,1,0,0,0,0,1,0,0,0,1,0,1,0,0,0,0,0,0,0,1,1,0,0,0,0,0,0,0,0,0,0,0,0,0,3,0,40.0085,-75.2107, , 
 ,19585,2016096617,6,67,67301,2016,8,7,1235,12,1,1,0,4,1, , ,N,1,3,0,3,0,1,2,2,N, ,39 55:12.482,75 14:27.117,1236, ,1235, ,0, , , ,3, , , , , ,214596, , , ,2,1,0,0,1,0,0,0,0,0,0,1,1,0,0,0,0,0,0,0,0,0,0,1,0,0,0,0,0,0,0,0,0,0,0,4,0,39.9201,-75.2409, , 
 ,19586,2016097190,6,67,67301,2016,8,1,15,0,3,1,0,4,1, , ,N,1,2,2,3,0,0,2,2,N,N,39 58:28.663,75 11:57.118,48, ,42, ,0, ,N, ,3, , , , , ,214597, , , ,2,2,0,0,0,0,0,0,0,0,0,0,0,0,0,0,0,0,0,0,0,0,0,0,0,0,0,0,0,0,0,0,0,0,0,0,0,39.9746,-75.1992, , 
 ,19587,2016082216,6,67,67301,2016,7,6,521,5,3,2,1,7,1, , ,N,2,2,0,3,0,1,1,1,N,N,39 54:23.986,75 11:00.103,527, ,523,9,1,6,N, ,3,Y, , , , ,214619, , , ,1,0,0,0,0,0,1,0,0,0,1,0,1,0,0,0,0,0,0,0,0,0,0,1,0,0,0,0,0,0,0,0,0,0,0,3,0,39.9067,-75.1834, , 
 ,19588,2016112082,6,67,67301,2016,10,4,1620,16,1,1,0,5,1, , ,N,1,2,0,3,0,1,3,2,N, ,39 55:20.218,75 09:12.483,1630, ,1622, ,0, , , ,3, , , , , ,214637, , , ,1,1,0,0,0,0,0,0,1,0,0,1,1,0,0,0,0,0,0,0,0,0,0,0,0,0,0,0,0,0,0,0,0,0,0,4,0,39.9223,-75.1534, , 
 ,19589,2016105954,6,67,67301,2016,9,7,1430,14,1,1,0,8,1, , ,N,1,3,0,3,0,1,2,2,N,N,39 55:10.502,75 09:43.653,1612, ,1610, ,0, ,N, ,3, , , , , ,214639, , , ,1,1,0,0,0,0,0,0,0,0,0,0,1,1,0,0,0,0,0,0,1,0,0,0,0,0,0,0,0,0,0,0,1,0,0,8,0,39.9196,-75.1621, , 
 ,19590,2016105860,6,67,67301,2016,9,2,630,6,1,2,1,8,1, , ,N,2,2,0,3,0,1,2,2,N,N,40 05:36.478,75 01:52.944,9999, ,1240, ,0, , , ,3, , , , , ,214640, , , ,1,1,0,0,0,0,0,0,0,0,0,1,1,0,0,0,0,0,0,0,0,0,0,1,0,0,0,0,0,0,0,0,1,0,0,4,0,40.0934,-75.0313, , 
 ,19591,2016108581,6,67,67301,2016,10,7,2328,23,3,8,1,7,4, , ,N,0,0,0,3,0,1,1,1,N,N,40 00:48.124,75 11:32.636,56, ,49,6,2,6,N, ,0,Y, , , , ,214646, , , ,1,0,0,0,0,0,0,1,0,0,0,1,1,0,0,0,0,0,0,0,0,0,0,0,0,0,0,0,0,0,0,0,0,0,0,4,0,40.0134,-75.1924, , 
 ,19592,2016124431,6,67,67301,2016,11,5,1600,16,1,1,0,4,1, , ,N,1,0,0,3,0,0,2,2,N,N,39 57:09.817,75 10:18.152,1630, ,1620, ,0, ,N, ,0, , , , , ,214653, , , ,2,0,0,0,0,1,1,0,0,0,0,0,0,0,0,0,0,0,0,0,0,0,0,0,0,0,0,0,0,0,0,0,0,0,0,0,1,39.9527,-75.1717, , 
 ,19593,2016089900,6,67,67301,2016,8,1,1507,15,1,1,1,1,1, , ,N,2,2,6,3,0,1,2,2,N,N,40 01:47.421,75 06:15.635,1507, ,1507,1,1,2,N, ,3,N, , , , ,214677, , , ,2,1,0,0,1,0,0,0,0,0,0,1,1,0,0,0,0,0,0,0,1,1,0,0,0,0,0,0,0,0,0,0,0,0,0,4,0,40.0298,-75.1043, , 
 ,19594,2016097183,6,67,67301,2016,8,7,1140,11,1,1,0,1,6, , ,N,0,0,0,3,0,1,1,2,N,N,39 58:51.859,75 11:19.413,1203, ,1200, ,0, ,N, ,0, , , , , ,214679, , , ,2,1,0,0,1,0,0,0,0,0,0,0,1,1,0,0,0,0,0,0,1,0,0,0,0,0,0,0,0,0,0,0,0,0,0,8,0,39.9811,-75.1887, , 
 ,19595,2016135659,6,67,67301,2016,12,6,1135,11,1,1,0,1,1, , ,N,1,2,0,3,0,1,2,2,N, ,40 00:35.522,75 09:21.676,1142, ,1140, ,0, , , ,3, , , , , ,214695, , , ,2,1,0,0,0,0,0,1,0,0,1,0,1,0,0,0,0,0,0,0,1,0,0,1,0,0,0,0,0,0,0,0,0,0,0,3,0,40.0099,-75.156, , 
 ,19596,2016053635,6,67,67301,2016,5,1,1149,11,1,1,0,5,1, , ,N,0,0,0,3,0,0,2,2,N,N,40 02:27.671,75 13:29.974,1151, ,1149, ,0, ,N, ,0, , , , , ,214708, , , ,2,2,0,0,0,0,0,0,0,0,0,0,0,0,0,0,0,0,0,0,0,0,0,0,0,0,0,0,0,0,0,0,0,0,0,0,0,40.041,-75.225, , 
 ,19597,2016068684,6,67,67301,2016,6,1,1415,14,1,1,0,4,1, , ,N,2,0,7,3,0,0,2,2,N,N,39 56:00.901,75 08:41.008,1425, ,1420, ,0, , , ,0, , , , , ,214719, , , ,2,2,0,0,0,0,0,0,0,0,0,0,0,0,0,0,0,0,0,0,0,0,1,0,0,0,0,0,0,0,0,0,0,0,0,0,0,39.9336,-75.1447, , 
 ,19598,2016083345,6,67,67301,2016,7,1,930,9,1,1,0,1,1, , ,N,1,2,0,3,0,2,3,2,N,N,39 56:22.379,75 11:53.331,940, ,934, ,0, ,N, ,3, , , , , ,214751, , , ,2,2,0,0,0,0,0,0,0,0,0,2,2,0,1,0,0,0,0,0,0,0,0,0,0,0,0,0,0,0,0,0,0,0,0,4,0,39.9396,-75.1982, , 
 ,19599,2016103067,6,67,67301,2016,9,6,1215,12,1,1,0,0,1, , ,N,2,3,2,3,0,1,1,2,N,N,39 59:11.983,75 12:29.919,1217, ,1216,1,1,3, , ,3,N, , , , ,214772, , , ,1,0,1,0,0,0,0,0,0,0,1,0,1,0,0,0,0,0,0,0,0,1,0,0,0,0,0,0,0,0,0,0,0,0,0,3,0,39.9867,-75.2083, , 
 ,19600,2016099495,6,67,67301,2016,9,4,1141,11,1,1,0,3,1, , ,N,1,2,0,3,0,0,2,2,N, ,39 59:56.501,75 07:59.705,1141, ,1141, ,0, , , ,3, , , , , ,214776, , , ,2,1,0,0,0,0,1,0,0,0,0,0,0,0,0,0,0,0,0,1,0,0,0,1,0,0,0,0,0,0,0,0,0,0,0,0,0,39.999,-75.1332, , 
 ,19601,2016110758,6,67,67301,2016,10,2,1023,10,1,1,0,1,1, , ,N,0,0,0,3,0,0,2,2,N,N,40 01:33.950,75 01:37.709,1023, ,1023, ,0, , , ,0, , , , , ,214777, , , ,2,2,0,0,0,0,0,0,0,0,0,0,0,0,0,0,0,0,0,0,0,0,0,0,0,0,0,0,0,0,0,0,0,0,0,0,0,40.0261,-75.0271, , 
 ,19602,2016105740,6,67,67301,2016,9,2,1751,17,1,1,0,1,1, , ,N,0,0,0,3,0,1,7,4,N,N,40 05:32.975,75 01:02.157,1810, ,1754,1,2,1,N, ,0,N, , , , ,203682, , , ,4,3,0,0,0,0,1,0,0,0,0,0,1,1,0,0,0,0,0,0,1,0,0,1,0,0,0,0,0,0,0,0,0,0,0,8,0,40.0925,-75.0173, , 