wz_ln_closure,objectid_1,crn,district,county,municipality,crash_year,crash_month,day_of_week,time_of_day,hour_of_day,illumination,weather,road_condition,collision_type,relation_to_road,work_zone_type,work_zone_loc,work_zone_ind,intersect_type,tcd_type,location_type,urban_rural,fatal_count,injury_count,person_count,total_units,sch_bus_ind,sch_zone_ind,latitude,longitude,arrival_tm,cons_zone_spd_lim,dispatch_tm,est_hrs_closed,lane_closed,ln_close_dir,ntfy_hiwy_maint,spec_juris_cd,tcd_func_cd,tfc_detour_ind,workers_pres,wz_close_detour,wz_flagger,wz_law_offcr_ind,objectid,wz_moving,wz_other,wz_shlder_mdn,vehicle_count,automobile_count,motorcycle_count,bus_count,small_truck_count,heavy_truck_count,suv_count,van_count,bicycle_count,maj_inj_count,mod_inj_count,min_inj_count,tot_inj_count,unk_inj_deg_count,unk_inj_per_count,driver_count_16yr,driver_count_17yr,driver_count_18yr,driver_count_19yr,driver_count_20yr,driver_count_50_64yr,driver_count_65_74yr,driver_count_75plus,unbelted_occ_count,unb_death_count,unb_maj_inj_count,belted_death_count,belted_maj_inj_count,mcycle_death_count,mcycle_maj_inj_count,bicycle_death_count,bicycle_maj_inj_count,ped_count,ped_death_count,ped_maj_inj_count,max_severity_level,comm_veh_count,dec_lat,dec_long,rdwy_surf_type_cd,county_name
 ,19669,2016117790,6,67,67301,2016,10,5,1213,12,1,1,0,4,1, , ,N,1,2,0,3,0,0,3,2,N,N,39 58:48.983,75 12:50.722,1304, ,1222, ,0, ,N, ,3, , , , , ,213918, , , ,2,0,0,0,0,0,2,0,0,0,0,0,0,0,0,0,0,0,0,1,0,0,0,2,0,0,0,0,0,0,0,0,0,0,0,0,0,39.9803,-75.2141, , 
 ,19670,2016129319,6,67,67301,2016,11,6,1814,18,3,1,0,4,1, , ,N,1,2,0,3,0,1,2,2,N, ,39 53:30.990,75 14:30.862,1929, ,1814, ,0, , , ,3, , , , , ,213939, , , ,2,2,0,0,0,0,0,0,0,0,0,1,1,0,0,0,1,0,0,0,0,0,0,0,0,0,0,0,0,0,0,0,0,0,0,4,0,39.8919,-75.2419, , 
 ,19671,2016068645,6,67,67301,2016,6,4,2140,21,3,1,0,4,1, , ,N,1,2,0,3,0,2,3,2,N,N,39 57:50.770,75 12:59.018,2146, ,2142,2,1,6,N, ,3,Y, , , , ,213958, , , ,2,1,0,0,1,0,0,0,0,0,0,0,2,2,0,0,0,0,0,0,1,0,0,0,0,0,0,0,0,0,0,0,0,0,0,8,0,39.9641,-75.2164, , 
 ,19672,2016077606,6,67,67301,2016,7,3,2242,22,3,1,0,1,1, , ,N,6,4,2,3,0,0,3,2,N,N,39 56:57.647,75 11:03.883,2301, ,2300,2,1,4, , ,3,N, , , , ,213965, , , ,2,0,0,0,0,0,2,0,0,0,0,0,0,0,0,0,0,0,0,0,0,1,0,0,0,0,0,0,0,0,0,0,0,0,0,0,0,39.9487,-75.1855, , 
 ,19673,2016080299,6,67,67301,2016,6,2,1840,18,1,1,0,1,1, , ,N,0,0,0,3,0,1,6,2,N,N,40 01:35.653,75 05:43.866,1850, ,1843, ,0, ,N, ,0, , , , , ,213976, , , ,2,1,0,0,1,0,0,0,0,0,0,1,1,0,0,0,0,0,0,0,1,0,0,0,0,0,0,0,0,0,0,0,0,0,0,4,0,40.0266,-75.0955, , 
 ,19674,2016106329,6,67,67301,2016,9,6,920,9,1,1,0,5,6, , ,N,0,0,0,3,0,1,1,2,N, ,40 05:57.933,74 58:04.347,945, ,936, ,0, , , ,0, , , , , ,213996, , , ,2,1,0,0,0,0,1,0,0,0,0,0,1,1,0,0,0,1,0,0,0,0,0,0,0,0,0,0,0,0,0,0,0,0,0,8,0,40.0994,-74.9679, , 
 ,19675,2017028776,6,67,67301,2016,4,7,150,1,3,1,0,7,4, , ,N,1,0,0,3,0,0,1,1,N,N,40 02:11.152,75 07:49.835,150, ,150,1,1,2,N, ,0,N, , , , ,203875, , , ,1,1,0,0,0,0,0,0,0,0,0,0,0,0,1,0,0,0,0,0,0,0,0,0,0,0,0,0,0,0,0,0,0,0,0,9,0,40.0364,-75.1305, , 
 ,19676,2016062687,6,67,67301,2016,5,6,820,8,1,1,0,8,1, , ,N,0,0,0,3,0,1,2,2,N,N,39 57:17.373,75 09:53.247,837, ,827, ,0, ,N, ,0, , , , , ,203885, , , ,1,1,0,0,0,0,0,0,0,0,0,1,1,0,0,0,0,0,0,0,0,0,0,0,0,0,0,0,0,0,0,0,1,0,0,4,0,39.9548,-75.1648, , 
 ,19677,2016058653,6,67,67301,2016,5,6,909,9,1,1,0,4,1, , ,N,1,2,3,3,0,1,2,2,N, ,39 57:26.638,75 09:25.497,910, ,910,2,2,1, , ,3,Y, , , , ,203901, , , ,2,2,0,0,0,0,0,0,0,0,0,0,1,1,0,0,0,0,0,0,0,0,0,0,0,0,0,0,0,0,0,0,0,0,0,8,0,39.9574,-75.1571, , 
 ,19678,2016064058,6,67,67301,2016,6,5,1713,17,1,1,0,1,1, , ,N,0,0,0,3,0,2,4,2,N, ,39 57:38.863,75 14:27.911,1713, ,1713, ,0, , , ,0, , , , , ,203906, , , ,2,0,0,1,0,0,0,1,0,0,0,1,2,1,0,0,0,0,0,0,2,0,0,1,0,0,0,0,0,0,0,0,0,0,0,4,1,39.9608,-75.2411, , 
 ,19679,2016071113,6,67,67301,2016,6,1,645,6,1,1,0,4,1, , ,N,5,2,2,3,0,1,3,2,N,N,39 57:28.586,75 09:50.892,718, ,715,1,2,2,N, ,3,Y, , , , ,203912, , , ,2,1,0,0,0,0,1,0,0,0,0,1,1,0,2,0,0,0,0,0,0,0,0,0,0,0,0,0,0,0,0,0,0,0,0,4,0,39.9579,-75.1641, , 
U,19680,2016080922,6,67,67301,2016,7,5,1257,12,1,1,0,4,1,8,8,Y,1,3,0,3,0,1,2,2,N,N,40 04:27.566,75 09:57.844,1300,99,1300,9,1,4,N, ,3,N,U,U,U,U,203916,U,U,U,2,0,0,0,1,0,0,1,0,0,1,0,1,0,0,0,0,0,0,0,1,0,0,0,0,0,0,0,0,0,0,0,0,0,0,3,0,40.0743,-75.1661, , 
 ,19681,2016083344,6,67,67301,2016,7,6,1819,18,1,1,0,1,1, , ,N,0,2,0,3,0,3,5,2,N,N,40 01:51.746,75 05:12.191,1830, ,1820,1,1,2,N, ,3,N, , , , ,203927, , , ,2,1,0,0,0,0,0,1,0,0,0,3,3,0,0,0,0,0,0,0,0,1,0,0,0,0,0,0,0,0,0,0,0,0,0,4,0,40.031,-75.0867, , 
 ,19682,2016064020,6,67,67301,2016,5,1,2330,23,6,1,0,8,1, , ,N,1,2,0,3,0,1,2,2,N,N,40 00:33.277,75 09:04.079,1235, ,1230, ,0, ,N, ,3, , , , , ,203948, , , ,1,0,0,0,0,0,0,0,0,0,0,1,1,0,1,0,0,0,0,0,0,0,0,0,0,0,0,0,0,0,0,0,1,0,0,4,0,40.0092,-75.1511, , 
 ,19683,2016082349,6,67,67301,2016,8,3,905,9,1,1,0,1,1, , ,N,0,2,0,3,0,1,2,2,N,N,40 06:01.204,75 01:20.874,925, ,915, ,0, , , ,3, , , , , ,203960, , , ,2,1,0,0,0,0,0,1,0,0,0,1,1,0,0,0,0,0,0,0,0,0,1,0,0,0,0,0,0,0,0,0,0,0,0,4,0,40.1003,-75.0225, , 
Y,19684,2016080659,6,67,67301,2016,7,7,1206,12,1,1,0,1,1,1,4,Y,0,0,0,3,0,0,3,3,N,N,40 01:15.560,75 08:28.264,1213,99,1208,9,1,2,N, ,0,N,U, , ,U,203961, , , ,3,2,0,0,0,0,1,0,0,0,0,0,0,0,0,0,0,0,0,0,0,0,0,0,0,0,0,0,0,0,0,0,0,0,0,0,0,40.021,-75.1412, , 
 ,19685,2016082363,6,67,67301,2016,7,1,119,1,3,1,0,5,6, , ,N,0,0,0,3,0,1,3,4,N, ,39 57:58.413,75 14:57.916,127, ,123, ,0, , , ,0, , , , , ,203963, , , ,4,2,0,0,0,0,1,1,0,0,0,0,1,1,0,0,0,0,1,0,0,0,0,0,0,0,0,0,0,0,0,0,0,0,0,8,0,39.9662,-75.2494, , 
 ,19686,2016087221,6,67,67301,2016,7,1,938,9,1,1,0,1,1, , ,N,2,2,0,3,0,1,3,2,N,N,39 56:59.748,75 12:12.369,1258, ,1248, ,0, ,N, ,3, , , , , ,203965, , , ,2,2,0,0,0,0,0,0,0,0,0,0,1,1,0,0,0,0,0,0,0,0,0,0,0,0,0,0,0,0,0,0,0,0,0,8,0,39.9499,-75.2036, , 
 ,19687,2016105881,6,67,67301,2016,9,1,2057,20,3,1,0,4,1, , ,N,5,2,0,3,0,1,2,2,N, ,39 56:53.405,75 13:16.524,2100, ,2057, ,0, , , ,3, , , , , ,203967, , , ,1,1,0,0,0,0,0,0,1,0,1,0,1,0,0,0,0,0,0,0,0,0,0,0,0,0,0,0,0,0,0,0,0,0,0,3,0,39.9482,-75.2212, , 
 ,19688,2016092154,6,67,67301,2016,8,4,1707,17,1,1,0,4,1, , ,N,0,0,0,3,0,1,3,3,N,N,39 56:51.989,75 13:36.851,1724, ,1717, ,0, ,N, ,0, , , , , ,203975, , , ,3,2,0,0,0,0,0,1,0,0,0,1,1,0,0,0,0,0,0,0,0,0,0,1,0,0,0,0,0,0,0,0,0,0,0,4,0,39.9478,-75.2269, , 
 ,19689,2016105557,6,67,67301,2016,9,4,2025,20,3,1,0,4,1,8,8,Y,1,2,0,3,0,2,3,2,N,N,39 56:49.195,75 09:53.382,2040,99,2030,1,1,2,N, ,3,Y,U, , ,U,203983, , , ,2,1,1,0,0,0,0,0,0,0,0,1,2,1,0,0,0,0,0,0,0,0,1,1,0,0,0,0,0,0,0,0,0,0,0,4,0,39.947,-75.1647, , 
 ,19690,2016086748,6,67,67301,2016,7,6,1550,15,1,1,0,8,1, , ,N,1,2,0,3,0,1,4,2,N,N,39 57:23.616,75 14:30.901,1605, ,1600, ,0, ,N, ,3, , , , , ,204011, , , ,1,0,0,0,0,0,0,1,0,0,0,0,1,1,0,0,0,0,0,0,0,0,0,0,0,0,0,0,0,0,0,0,1,0,0,8,0,39.9566,-75.2419, , 
 ,19691,2016084566,6,67,67301,2016,8,3,1815,18,1,1,0,0,1, , ,N,0,0,0,3,0,1,1,1,N,N,40 00:38.808,75 06:07.480,1816, ,1815, ,0, ,N, ,0, , , , , ,204015, , , ,1,0,1,0,0,0,0,0,0,0,0,1,1,0,0,0,0,0,0,0,0,0,0,0,0,0,0,0,0,0,0,0,0,0,0,4,0,40.0108,-75.1021, , 
N,19692,2016102072,6,67,67301,2016,9,7,2344,23,3,1,0,5,1,1,8,Y,0,0,0,3,0,2,5,2,N,N,39 57:32.684,75 10:17.159,2359,50,2351, ,0, , , ,0, ,N,N,N,N,204017,N,N,Y,2,1,0,0,0,0,1,0,0,0,2,0,2,0,0,0,0,0,0,0,0,0,0,0,0,0,0,0,0,0,0,0,0,0,0,3,0,39.9591,-75.1714, , 
 ,19693,2016108657,6,67,67301,2016,10,1,8,0,3,1,1,4,1, , ,N,1,2,0,3,0,0,3,2,N,N,40 02:50.173,75 10:03.883,15, ,10, ,0, ,N, ,3, , , , , ,207287, , , ,2,0,0,0,0,0,2,0,0,0,0,0,0,0,2,0,0,1,0,0,0,0,0,0,0,0,0,0,0,0,0,0,0,0,0,9,0,40.0473,-75.1677, , 
 ,19694,2016120601,6,67,67301,2016,11,3,850,8,1,1,0,4,1, , ,N,1,3,0,3,0,0,2,2,N,N,39 58:05.019,75 12:24.436,918, ,915,2,1,4, , ,3,Y, , , , ,207301, , , ,2,2,0,0,0,0,0,0,0,0,0,0,0,0,0,0,0,0,0,0,1,0,0,0,0,0,0,0,0,0,0,0,0,0,0,0,0,39.9681,-75.2068, , 
 ,19695,2016080164,6,67,67301,2016,7,5,1740,17,1,1,0,5,6, , ,N,0,0,0,3,0,0,1,2,N,N,40 02:50.942,75 10:05.135,1800, ,1748, ,0, ,N, ,0, , , , , ,207316, , , ,2,2,0,0,0,0,0,0,0,0,0,0,0,0,0,0,0,0,0,0,0,0,0,1,0,0,0,0,0,0,0,0,0,0,0,0,0,40.0475,-75.1681, , 
 ,19696,2016099660,6,67,67301,2016,9,3,1729,17,1,1,0,5,1, , ,N,0,0,0,3,0,1,7,3,N,N,40 00:38.881,75 11:02.933,1738, ,1731,1,2,2,N, ,0,N, , , , ,207338, , , ,3,2,0,0,0,0,1,0,0,0,0,1,1,0,0,0,0,0,0,0,1,0,0,0,0,0,0,0,0,0,0,0,0,0,0,4,0,40.0108,-75.1841, , 
 ,19697,2016092157,6,67,67301,2016,8,5,800,8,1,8,1,7,4, , ,N,0,0,0,3,0,1,1,1,N, ,40 02:43.635,75 14:54.326,817, ,811, ,0, , , ,0, , , , , ,207343, , , ,1,0,0,0,0,0,1,0,0,0,0,0,1,1,0,0,0,0,0,0,0,0,0,0,0,0,0,0,0,0,0,0,0,0,0,8,0,40.0455,-75.2484, , 
 ,19698,2016099545,6,67,67301,2016,9,6,942,9,1,1,0,4,1, , ,N,1,2,0,3,0,1,2,2,N, ,39 55:26.156,75 13:19.597,946, ,945, ,0, , , ,3, , , , , ,207347, , , ,1,0,0,0,0,0,1,0,1,0,0,0,1,1,0,0,0,0,0,0,0,0,0,1,0,0,0,0,0,0,0,0,0,0,0,8,0,39.9239,-75.2221, , 
 ,19699,2016105658,6,67,67301,2016,9,4,1400,14,1,1,0,4,1, , ,N,1,3,0,3,0,1,2,3,N,N,40 00:07.027,75 08:24.226,1426, ,1426, ,0, ,N, ,3, , , , , ,207353, , , ,3,2,1,0,0,0,0,0,0,0,0,1,1,0,0,0,0,0,0,1,0,0,0,0,0,0,0,0,0,0,0,0,0,0,0,4,0,40.002,-75.1401, , 
 ,19700,2016097124,6,67,67301,2016,9,5,2000,20,3,1,0,8,1, , ,N,1,2,0,3,0,1,2,2,N,N,40 00:38.544,75 09:02.934,2006, ,2002, ,0, ,N, ,3, , , , , ,207368, , , ,1,0,0,0,0,0,1,0,0,0,0,0,1,1,0,0,0,0,0,0,0,0,0,0,0,0,0,0,0,0,0,0,1,0,0,8,0,40.0107,-75.1508, , 
 ,19701,2016105624,6,67,67301,2016,9,2,429,4,3,1,0,1,1, , ,N,1,2,0,3,0,2,3,2,N,N,40 01:56.965,75 04:51.304,435, ,429,1,1,1,N, ,3,N, , , , ,207378, , , ,2,0,0,0,0,0,2,0,0,0,0,0,2,2,0,0,0,0,0,0,0,0,0,0,0,0,0,0,0,0,0,0,0,0,0,8,0,40.0325,-75.0809, , 
 ,19702,2016105927,6,67,67301,2016,9,6,950,9,1,1,0,8,1, , ,N,0,0,0,3,0,1,2,2,N,N,40 01:39.166,75 09:40.428,1024, ,1012, ,0, ,N, ,0, , , , , ,207398, , , ,1,0,0,0,0,1,0,0,0,0,0,0,1,1,1,0,0,0,0,0,0,0,0,0,0,0,0,0,0,0,0,0,1,0,0,8,1,40.0275,-75.1612, , 
 ,19703,2016092147,6,67,67301,2016,8,1,1549,15,1,2,0,1,1, , ,N,0,2,0,3,0,4,5,2,N, ,40 06:01.222,75 01:20.816,1555, ,1551, ,0, , , ,3, , , , , ,207451, , , ,2,1,0,0,0,0,1,0,0,0,0,4,4,0,0,0,0,0,0,0,0,1,0,4,0,0,0,0,0,0,0,0,0,0,0,4,0,40.1003,-75.0224, , 
 ,19704,2016092203,6,67,67301,2016,8,2,348,3,3,1,0,7,4, , ,N,2,2,0,3,0,1,1,1,N,N,39 54:53.180,75 09:18.118,349, ,348, ,0, ,N, ,3, , , , , ,207454, , , ,1,1,0,0,0,0,0,0,0,0,0,1,1,0,0,0,0,0,1,0,0,0,0,0,0,0,0,0,0,0,0,0,0,0,0,4,0,39.9147,-75.155, , 
 ,19705,2016097619,6,67,67301,2016,9,1,1435,14,1,1,0,4,1, , ,N,2,0,0,3,0,4,4,2,N,N,39 58:24.898,75 15:47.105,1445, ,1440, ,0, ,N, ,0, , , , , ,207457, , , ,2,1,0,0,0,0,1,0,0,0,1,3,4,0,0,0,0,0,0,0,0,0,0,0,0,0,0,0,0,0,0,0,0,0,0,3,0,39.9736,-75.2631, , 
 ,19706,2016053697,6,67,67301,2016,5,7,320,3,3,2,1,5,6, , ,N,0,0,0,3,0,0,1,3,N,N,40 03:06.864,75 00:05.664,340, ,325, ,0, ,N, ,0, , , , , ,207481, , , ,3,3,0,0,0,0,0,0,0,0,0,0,0,0,0,0,0,0,0,0,0,0,0,0,0,0,0,0,0,0,0,0,0,0,0,0,0,40.0519,-75.0016, , 
 ,19707,2016060839,6,67,67301,2016,5,7,9999,99,1,1,0,1,1, , ,N,6,4,2,3,0,0,3,2,N,N,40 01:06.762,75 10:01.463,843, ,842, ,0, ,N, ,3, , , , , ,207488, , , ,2,0,0,0,0,0,1,1,0,0,0,0,0,0,0,0,0,0,0,0,2,0,0,0,0,0,0,0,0,0,0,0,0,0,0,0,0,40.0185,-75.1671, , 
 ,19708,2016071111,6,67,67301,2016,6,7,1645,16,1,1,0,4,1, , ,N,5,2,0,3,0,0,2,2,N,N,40 01:21.651,75 08:53.543,9999, ,1645, ,0, ,N, ,3, , , , , ,207494, , , ,2,1,0,0,0,0,0,1,0,0,0,0,0,0,0,0,0,0,0,0,0,0,0,0,0,0,0,0,0,0,0,0,0,0,0,0,0,40.0227,-75.1482, , 
 ,19709,2016088827,6,67,67301,2016,8,7,31,0,3,1,0,5,1, , ,N,0,0,0,3,0,1,2,2,N,N,39 58:51.738,75 12:23.842,42, ,35,1,2,3, , ,0,N, , , , ,207506, , , ,2,2,0,0,0,0,0,0,0,0,0,0,1,1,0,0,0,0,0,0,0,0,0,0,0,0,0,0,0,0,0,0,0,0,0,8,0,39.981,-75.2066, , 
 ,19710,2016097087,6,67,67301,2016,9,6,1325,13,1,1,1,4,1, , ,N,1,3,0,3,0,1,2,2,N,N,40 04:02.319,75 03:33.245,1335, ,1328, ,0, , , ,3, , , , , ,207517, , , ,2,1,0,0,0,0,1,0,0,0,1,0,1,0,0,0,0,0,0,0,1,0,1,0,0,0,0,0,0,0,0,0,0,0,0,3,0,40.0673,-75.0592, , 
 ,19711,2016097602,6,67,67301,2016,8,1,9999,99,3,1,0,5,6, , ,N,0,0,0,3,0,0,3,2,N,N,39 57:14.396,75 09:16.722,415, ,412, ,0, , , ,0, , , , , ,207524, , , ,2,1,0,0,0,0,1,0,0,0,0,0,0,0,0,0,0,0,0,0,0,0,0,0,0,0,0,0,0,0,0,0,0,0,0,0,0,39.954,-75.1546, , 
 ,19712,2016089955,6,67,67301,2016,8,3,734,7,1,1,0,4,1, , ,N,1,2,0,3,0,2,2,2,N,N,40 01:56.185,75 03:03.545,736, ,734, ,0, ,N, ,3, , , , , ,210470, , , ,2,1,0,0,0,0,1,0,0,0,0,2,2,0,0,0,0,0,0,0,1,0,0,0,0,0,0,0,0,0,0,0,0,0,0,4,0,40.0323,-75.051, , 
 ,19713,2016108112,6,67,67301,2016,10,4,2005,20,3,1,0,8,1, , ,N,0,0,0,3,0,1,2,2,N, ,40 06:43.795,75 01:31.332,2118, ,2005, ,0, , , ,0, , , , , ,210474, , , ,1,1,0,0,0,0,0,0,0,0,0,0,1,1,0,0,0,0,0,0,0,0,0,1,0,0,0,0,0,0,0,0,1,0,0,8,0,40.1122,-75.0254, , 
 ,19714,2016105532,6,67,67301,2016,9,6,1730,17,1,2,1,8,1, , ,N,5,2,1,3,0,1,2,2,N,N,39 59:37.726,75 07:05.858,1000, ,1000, ,0, ,N, ,3, , , , , ,210476, , , ,1,1,0,0,0,0,0,0,0,0,0,1,1,0,0,0,0,0,0,0,0,0,0,1,0,0,0,0,0,0,0,0,1,0,0,4,0,39.9938,-75.1183, , 
 ,19715,2016099517,6,67,67301,2016,9,1,1630,16,1,1,0,5,1, , ,N,0,0,0,3,0,1,2,2,N,N,39 56:18.325,75 08:31.573,1700, ,1656, ,0, ,N, ,0, , , , , ,210477, , , ,2,1,1,0,0,0,0,0,0,0,1,0,1,0,0,0,0,0,0,0,1,0,0,1,0,0,0,0,0,0,0,0,0,0,0,3,0,39.9384,-75.1421, , 
 ,19716,2016062629,6,67,67301,2016,5,4,1155,11,1,1,0,3,1, , ,N,1,3,0,3,0,1,2,2,Y, ,40 01:50.664,75 07:20.636,1305, ,1255, ,0, , , ,3, , , , , ,210482, , , ,2,1,0,1,0,0,0,0,0,0,0,0,1,1,0,0,0,0,0,0,0,0,0,0,0,0,0,0,0,0,0,0,0,0,0,8,1,40.0307,-75.1224, , 
 ,19717,2016070679,6,67,67301,2016,6,1,19,0,3,1,0,4,1, , ,N,1,2,1,3,0,2,3,2,N,N,40 01:08.973,75 04:53.510,19, ,19,1,2,5,N, ,3,Y, , , , ,210489, , , ,2,1,0,0,0,0,1,0,0,0,2,0,2,0,0,0,0,0,0,0,0,0,0,1,0,0,0,0,0,0,0,0,0,0,0,3,0,40.0191,-75.0815, , 
 ,19718,2016084659,6,67,67301,2016,8,1,1932,19,1,1,0,3,1, , ,N,0,0,0,3,0,1,3,2,N,N,39 56:38.148,75 13:22.767,1938, ,1936,1,1,1,N, ,0,N, , , , ,210502, , , ,1,1,0,0,0,0,0,0,1,0,0,1,1,0,0,0,0,0,0,0,0,0,0,2,0,0,0,0,0,0,0,0,0,0,0,4,0,39.9439,-75.223, , 
 ,19719,2016080718,6,67,67301,2016,7,3,912,9,1,1,0,4,1, , ,N,0,0,7,3,0,1,5,2,N,N,40 06:01.312,75 01:47.050,915, ,913, ,0, ,N, ,0, , , , , ,210512, , , ,2,1,0,0,0,0,1,0,0,0,0,0,1,1,0,0,0,0,0,0,0,0,0,0,0,0,0,0,0,0,0,0,0,0,0,8,0,40.1004,-75.0297, , 
 ,19720,2016097167,6,67,67301,2016,9,1,3,0,3,1,0,4,1, , ,N,1,2,0,3,0,0,2,2,N,N,40 04:46.310,75 02:31.846,10, ,3, ,0, ,N, ,3, , , , , ,210520, , , ,2,1,0,0,0,0,1,0,0,0,0,0,0,0,0,0,0,0,1,0,0,0,0,0,0,0,0,0,0,0,0,0,0,0,0,0,0,40.0795,-75.0422, , 
 ,19721,2016105682,6,67,67301,2016,9,2,1648,16,1,1,0,8,1, , ,N,0,0,0,3,0,1,2,2,N,N,39 59:48.467,75 14:08.760,1701, ,1657, ,0, ,N, ,0, , , , , ,210523, , , ,1,1,0,0,0,0,0,0,0,0,0,1,1,0,0,0,0,0,0,0,0,0,0,0,0,0,0,0,0,0,0,0,1,0,0,4,0,39.9968,-75.2358, , 
 ,19722,2016105886,6,67,67301,2016,9,4,1945,19,3,1,0,8,1, , ,N,1,2,0,3,0,1,2,2,N,N,39 57:21.859,75 14:16.659,1954, ,1949, ,0, ,N, ,3, , , , , ,210525, , , ,1,1,0,0,0,0,0,0,0,0,0,1,1,0,0,0,0,0,0,0,0,0,0,0,0,0,0,0,0,0,0,0,1,0,0,4,0,39.9561,-75.238, , 
 ,19723,2016115146,6,67,67301,2016,9,6,155,1,3,2,1,4,1, , ,N,1,2,0,3,0,2,4,2,N,N,40 01:58.974,75 06:57.861,209, ,203,2,1,1,N, ,3,N, , , , ,210532, , , ,2,0,0,0,0,0,2,0,0,0,1,1,2,0,0,0,0,0,0,0,0,0,0,2,0,0,0,0,0,0,0,0,0,0,0,3,0,40.033,-75.1161, , 
 ,19724,2016129591,6,67,67301,2016,10,4,1302,13,1,1,0,8,4, , ,N,5,2,0,3,0,2,4,3,N,N,39 59:33.831,75 07:13.101,1302, ,1302,3,2,3, , ,3,Y, , , , ,210537, , , ,1,0,0,0,0,0,0,1,0,0,2,0,2,0,0,0,0,0,0,0,0,0,0,0,0,0,0,0,0,0,0,0,2,0,0,3,0,39.9927,-75.1203, , 
 ,19725,2016135792,6,67,67301,2016,12,3,1557,15,1,2,1,0,4, , ,N,0,0,0,3,0,0,3,1,N, ,40 01:11.578,75 06:38.597,1600, ,1558, ,0, , , ,0, , , , , ,210538, , , ,1,0,0,0,0,0,1,0,0,0,0,0,0,0,0,0,0,0,0,0,0,0,0,0,0,0,0,0,0,0,0,0,0,0,0,0,0,40.0199,-75.1107, , 
 ,19726,2016056081,6,67,67301,2016,5,2,805,8,1,1,0,4,1, , ,N,1,3,0,3,0,1,3,2,N,N,40 03:21.830,75 10:41.433,815, ,809, ,0, ,N, ,3, , , , , ,210564, , , ,2,0,0,0,0,0,2,0,0,0,0,0,1,1,2,0,0,0,0,0,0,0,0,0,0,0,0,0,0,0,0,0,0,0,0,8,0,40.0561,-75.1782, , 
 ,19727,2016080136,6,67,67301,2016,7,5,1702,17,1,1,0,1,6, , ,N,0,0,0,3,0,1,1,2,N,N,40 04:38.313,75 10:24.363,1704, ,1704, ,0, ,N, ,0, , , , , ,210580, , , ,2,1,0,0,0,0,0,1,0,0,0,0,1,1,0,0,0,0,0,0,0,0,0,1,0,0,0,0,0,0,0,0,0,0,0,8,0,40.0773,-75.1734, , 
 ,19728,2016096375,6,67,67301,2016,9,7,1133,11,1,1,0,1,1, , ,N,0,0,0,3,0,1,2,2,N,N,39 57:27.059,75 09:33.044,1152, ,1133,1,1,4, , ,0,N, , , , ,210582, , , ,2,1,0,0,0,0,1,0,0,0,1,0,1,0,0,0,0,0,0,0,2,0,0,1,0,0,0,0,0,0,0,0,0,0,0,3,0,39.9575,-75.1592, , 
 ,19729,2016138265,6,67,67301,2016,12,5,1910,19,3,1,0,5,6, , ,N,0,0,0,3,0,0,1,2,N,N,39 55:10.252,75 09:20.498,9999, ,9999, ,0, ,N, ,0, , , , , ,210605, , , ,2,1,0,0,0,0,1,0,0,0,0,0,0,0,1,0,0,0,0,0,0,0,0,0,0,0,0,0,0,0,0,0,0,0,0,9,0,39.9195,-75.1557, , 
 ,19730,2016108587,6,67,67301,2016,10,2,5,0,3,1,0,7,4, , ,N,0,0,0,3,0,0,1,1,N,N,39 59:05.319,75 10:41.414,8, ,5, ,0, ,N, ,0, , , , , ,214000, , , ,1,0,0,0,0,0,1,0,0,0,0,0,0,0,0,0,0,0,0,0,0,0,0,1,0,0,0,0,0,0,0,0,0,0,0,0,0,39.9848,-75.1782, , 
 ,19731,2016045731,6,67,67301,2016,4,6,1850,18,1,1,0,4,1, , ,N,0,0,0,3,0,0,4,2,N,Y,40 02:13.783,75 08:57.192,1900, ,1858, ,0, ,N, ,0, , , , , ,214009, , , ,2,1,0,0,0,0,1,0,0,0,0,0,0,0,0,0,0,0,0,0,0,0,0,0,0,0,0,0,0,0,0,0,0,0,0,0,0,40.0372,-75.1492, , 
N,19732,2016110153,6,67,67301,2016,10,6,1256,12,1,1,0,7,2,1,4,Y,0,0,0,3,0,1,1,1,N,N,39 59:54.428,75 04:51.539,1305,45,1256, ,0, , , ,0, ,Y,N,N,N,214026,N,N,Y,1,1,0,0,0,0,0,0,0,0,0,0,1,1,0,0,0,0,0,0,0,0,0,0,0,0,0,0,0,0,0,0,0,0,0,8,0,39.9985,-75.081, , 
 ,19733,2016117155,6,67,67301,2016,10,2,1700,17,1,1,0,4,1, , ,N,1,2,0,3,0,1,2,2,N, ,40 00:03.985,75 07:29.066,1808, ,1802, ,0, , , ,3, , , , , ,214028, , , ,1,1,0,0,0,0,0,0,1,0,0,1,1,0,0,0,0,0,0,0,0,0,0,1,0,0,0,0,0,0,0,0,0,0,0,4,0,40.0011,-75.1247, , 
 ,19734,2016126116,6,67,67301,2016,11,4,1035,10,1,2,1,4,1, , ,N,1,2,1,3,0,2,3,2,N,N,40 00:31.034,75 04:07.810,1040, ,1039, ,0, ,N, ,3, , , , , ,214031, , , ,2,1,0,0,0,0,0,1,0,0,0,0,2,2,0,0,0,0,0,0,1,0,0,0,0,0,0,0,0,0,0,0,0,0,0,8,0,40.0086,-75.0688, , 