wz_ln_closure,objectid_1,crn,district,county,municipality,crash_year,crash_month,day_of_week,time_of_day,hour_of_day,illumination,weather,road_condition,collision_type,relation_to_road,work_zone_type,work_zone_loc,work_zone_ind,intersect_type,tcd_type,location_type,urban_rural,fatal_count,injury_count,person_count,total_units,sch_bus_ind,sch_zone_ind,latitude,longitude,arrival_tm,cons_zone_spd_lim,dispatch_tm,est_hrs_closed,lane_closed,ln_close_dir,ntfy_hiwy_maint,spec_juris_cd,tcd_func_cd,tfc_detour_ind,workers_pres,wz_close_detour,wz_flagger,wz_law_offcr_ind,objectid,wz_moving,wz_other,wz_shlder_mdn,vehicle_count,automobile_count,motorcycle_count,bus_count,small_truck_count,heavy_truck_count,suv_count,van_count,bicycle_count,maj_inj_count,mod_inj_count,min_inj_count,tot_inj_count,unk_inj_deg_count,unk_inj_per_count,driver_count_16yr,driver_count_17yr,driver_count_18yr,driver_count_19yr,driver_count_20yr,driver_count_50_64yr,driver_count_65_74yr,driver_count_75plus,unbelted_occ_count,unb_death_count,unb_maj_inj_count,belted_death_count,belted_maj_inj_count,mcycle_death_count,mcycle_maj_inj_count,bicycle_death_count,bicycle_maj_inj_count,ped_count,ped_death_count,ped_maj_inj_count,max_severity_level,comm_veh_count,dec_lat,dec_long,rdwy_surf_type_cd,county_name
 ,19735,2016058648,6,67,67301,2016,5,2,1630,16,1,1,0,1,1, , ,N,1,2,0,3,0,1,5,4,N,N,40 02:12.109,75 09:30.211,1659, ,1642, ,0, ,N, ,3, , , , , ,214038, , , ,4,1,0,0,2,0,1,0,0,0,1,0,1,0,3,0,0,0,1,0,0,0,0,2,0,0,0,0,0,0,0,0,0,0,0,3,0,40.0367,-75.1584, , 
 ,19736,2016058674,6,67,67301,2016,5,6,1848,18,1,1,0,8,1, , ,N,0,2,0,3,0,1,2,2,N,N,39 56:34.395,75 13:36.292,1857, ,1854, ,0, ,N, ,3, , , , , ,214039, , , ,1,1,0,0,0,0,0,0,0,0,0,0,1,1,0,0,0,0,0,0,0,0,0,0,0,0,0,0,0,0,0,0,1,0,0,8,0,39.9429,-75.2267, , 
 ,19737,2016064054,6,67,67301,2016,6,4,1945,19,4,1,0,4,1, , ,N,3,3,0,3,0,0,2,2,N, ,40 00:18.478,75 05:34.115,1953, ,1948, ,0, , , ,3, , , , , ,214044, , , ,2,1,0,0,0,0,1,0,0,0,0,0,0,0,0,0,0,0,0,0,1,0,0,0,0,0,0,0,0,0,0,0,0,0,0,0,0,40.0051,-75.0928, , 
 ,19738,2016080190,6,67,67301,2016,7,4,1536,15,1,2,1,1,1, , ,N,2,2,0,3,0,1,3,3,N,N,39 58:31.854,75 15:19.407,1708, ,1702, ,0, ,N, ,3, , , , , ,214060, , , ,3,2,0,0,0,0,1,0,0,0,0,1,1,0,0,0,0,0,1,0,0,0,0,0,0,0,0,0,0,0,0,0,0,0,0,4,0,39.9755,-75.2554, , 
 ,19739,2016091065,6,67,67301,2016,8,2,1720,17,1,1,0,4,1, , ,N,1,2,0,3,0,3,3,2,N, ,40 05:16.778,74 57:52.318,1745, ,1738, ,0, , , ,3, , , , , ,214082, , , ,2,2,0,0,0,0,0,0,0,0,0,3,3,0,0,0,0,0,0,0,0,0,0,0,0,0,0,0,0,0,0,0,0,0,0,4,0,40.088,-74.9645, , 
 ,19740,2016071128,6,46,46105,2016,7,1,1549,15,1,1,0,4,1, , ,N,1,2,0,3,0,0,4,2,N,N,40 07:45.170,75 01:29.764,1551, ,1549,1,1,7, , ,3,N, , , , ,214093, , , ,2,2,0,0,0,0,0,0,0,0,0,0,0,0,0,0,0,0,0,0,2,0,0,0,0,0,0,0,0,0,0,0,0,0,0,0,0,40.129,-75.0252, , 
 ,19741,2016080282,6,67,67301,2016,6,2,9999,99,4,1,0,4,1, , ,N,1,3,0,3,0,1,2,3,N,N,39 58:37.556,75 07:48.201,2017, ,1945, ,0, ,N, ,3, , , , , ,214104, , , ,3,3,0,0,0,0,0,0,0,0,0,1,1,0,1,0,0,0,0,0,1,0,0,0,0,0,0,0,0,0,0,0,0,0,0,4,0,39.9771,-75.1301, , 
 ,19742,2016080780,6,67,67301,2016,6,2,1035,10,1,1,0,4,1, , ,N,1,2,0,3,0,0,2,3,N,N,40 02:32.725,75 04:57.598,1041, ,1039, ,0, ,N, ,3, , , , , ,214105, , , ,3,3,0,0,0,0,0,0,0,0,0,0,0,0,2,0,0,0,0,0,0,0,0,0,0,0,0,0,0,0,0,0,0,0,0,9,0,40.0424,-75.0827, , 
 ,19743,2016087194,6,67,67301,2016,8,5,730,7,1,1,0,6,1, , ,N,1,2,0,3,0,0,2,2,N,N,40 00:44.009,75 09:01.745,831, ,826, ,0, ,N, ,3, , , , , ,214107, , , ,2,1,0,0,0,0,1,0,0,0,0,0,0,0,0,0,0,0,0,0,0,1,0,2,0,0,0,0,0,0,0,0,0,0,0,0,0,40.0122,-75.1505, , 
 ,19744,2016085940,6,67,67301,2016,8,4,2330,23,3,1,0,5,6, , ,N,0,0,0,3,0,0,1,2,N,N,39 58:04.310,75 13:37.275,3, ,1,9,2,6, , ,0,Y, , , , ,214128, , , ,2,2,0,0,0,0,0,0,0,0,0,0,0,0,0,0,0,0,0,0,0,0,0,0,0,0,0,0,0,0,0,0,0,0,0,0,0,39.9679,-75.227, , 
 ,19745,2016120475,6,67,67301,2016,10,5,931,9,1,1,0,4,1, , ,N,1,3,0,3,0,1,2,2,N, ,39 55:38.431,75 10:58.990,937, ,932, ,0, , , ,3, , , , , ,214143, , , ,2,1,0,0,0,0,1,0,0,0,0,1,1,0,0,0,0,0,0,0,0,0,0,2,0,0,0,0,0,0,0,0,0,0,0,4,0,39.9273,-75.1831, , 
 ,19746,2016123709,6,67,67301,2016,11,4,1409,14,1,1,0,1,1, , ,N,0,0,0,3,0,0,2,2,N,N,40 01:23.609,75 02:06.304,1434, ,1409,1,1,2, , ,0,N, , , , ,214155, , , ,2,1,0,0,0,0,0,1,0,0,0,0,0,0,0,0,0,0,0,0,0,0,0,0,0,0,0,0,0,0,0,0,0,0,0,0,0,40.0232,-75.0351, , 
 ,19747,2016129239,6,67,67301,2016,11,4,2005,20,1,1,0,5,1, , ,N,0,0,0,3,0,1,2,2,N, ,39 56:32.064,75 10:11.388,2020, ,2005, ,0, , , ,0, , , , , ,214161, , , ,2,0,0,0,0,0,1,0,0,0,1,0,1,0,0,0,0,0,0,0,0,0,0,0,0,0,0,0,0,0,0,0,0,0,0,3,0,39.9422,-75.1698, , 
 ,19748,2016092084,6,67,67301,2016,8,1,1147,11,1,1,0,4,1, , ,N,1,2,0,3,0,2,3,2,N,N,40 02:15.144,75 08:16.569,1155, ,1151, ,0, ,N, ,3, , , , , ,204021, , , ,2,1,1,0,0,0,0,0,0,0,0,2,2,0,0,0,0,0,0,0,0,0,0,1,0,0,0,0,0,0,0,0,0,0,0,4,0,40.0376,-75.138, , 
 ,19749,2016091635,6,67,67301,2016,8,5,1855,18,1,1,0,1,1, , ,N,0,0,0,3,0,1,3,2,N, ,40 04:32.128,75 00:04.566,1902, ,1901, ,0, , , ,0, , , , , ,204022, , , ,2,1,0,0,0,0,1,0,0,0,0,0,1,1,0,0,0,0,0,0,0,1,0,0,0,0,0,0,0,0,0,0,0,0,0,8,0,40.0756,-75.0013, , 
 ,19750,2016120470,6,67,67301,2016,10,4,9999,99,4,1,0,4,1, , ,N,1,2,0,3,0,0,5,2,N,N,40 01:39.836,75 06:35.867,655, ,635,9,1,4,N, ,3,N, , , , ,204026, , , ,2,2,0,0,0,0,0,0,0,0,0,0,0,0,1,0,0,0,0,0,0,0,0,0,0,0,0,0,0,0,0,0,0,0,0,9,0,40.0277,-75.11, , 
 ,19751,2016068646,6,67,67301,2016,6,1,1627,16,1,1,0,1,1, , ,N,2,2,2,3,0,2,2,2,N,N,39 56:29.561,75 08:32.555,1708, ,1705,3,2,2, , ,3,Y, , , , ,204084, , , ,2,2,0,0,0,0,0,0,0,0,0,0,2,2,0,0,0,0,0,0,1,0,0,0,0,0,0,0,0,0,0,0,0,0,0,8,0,39.9416,-75.1421, , 
 ,19752,2016053672,6,67,67301,2016,5,3,2215,22,3,1,0,4,1, , ,N,1,3,0,3,0,1,2,2,N,N,39 56:57.195,75 13:45.112,2215, ,2215,9,1,4,N, ,3,Y, , , , ,204125, , , ,2,2,0,0,0,0,0,0,0,0,0,1,1,0,1,0,0,0,0,0,0,0,0,0,0,0,0,0,0,0,0,0,0,0,0,4,0,39.9492,-75.2292, , 
 ,19753,2016053693,6,67,67301,2016,5,6,1927,19,3,2,1,1,1, , ,N,0,0,0,3,0,1,4,2,N,N,40 04:18.029,75 02:14.540,1940, ,1937, ,0, , , ,0, , , , , ,204126, , , ,2,0,0,0,1,0,0,1,0,0,0,0,1,1,0,0,0,0,0,0,0,0,0,0,0,0,0,0,0,0,0,0,0,0,0,8,0,40.0717,-75.0374, , 
 ,19754,2016053794,6,67,67301,2016,5,3,2247,22,3,1,0,1,1, , ,N,1,2,0,3,0,3,4,2,N,N,40 01:39.788,75 05:55.565,2308, ,2254,1,1,2,N, ,3,N, , , , ,204127, , , ,2,1,0,0,1,0,0,0,0,0,0,0,3,3,0,0,0,0,0,0,1,1,0,0,0,0,0,0,0,0,0,0,0,0,0,8,0,40.0277,-75.0988, , 
 ,19755,2016063487,6,67,67301,2016,6,4,2235,22,3,1,0,4,1, , ,N,2,3,0,3,0,2,2,2,N,N,40 03:23.515,75 10:58.111,2245, ,2245, ,0, , , ,3, , , , , ,204132, , , ,2,2,0,0,0,0,0,0,0,0,0,0,2,2,0,0,0,0,0,0,1,0,0,0,0,0,0,0,0,0,0,0,0,0,0,8,0,40.0565,-75.1828, , 
 ,19756,2016135301,6,67,67301,2016,12,2,1847,18,3,1,0,1,1, , ,N,0,0,0,3,0,1,2,2,N,N,40 00:30.040,75 12:09.510,1856, ,1847, ,0, , , ,0, , , , , ,204158, , , ,2,0,0,0,0,1,1,0,0,0,0,0,1,1,0,0,0,0,0,0,1,0,0,0,0,0,0,0,0,0,0,0,0,0,0,8,1,40.0083,-75.2026, , 
 ,19757,2016025969,6,67,67301,2016,2,2,2120,21,3,3,5,7,4, , ,N,0,0,0,3,0,1,1,1,N, ,40 06:25.182,75 02:18.467,2125, ,2120, ,0, , , ,0, , , , , ,204165, , , ,1,0,0,0,0,0,0,1,0,0,0,0,1,1,0,0,0,0,0,0,0,0,0,0,0,0,0,0,0,0,0,0,0,0,0,8,0,40.107,-75.0385, , 
N,19758,2016072942,6,67,67301,2016,7,4,1817,18,1,1,0,1,1,1,4,Y,0,0,0,3,0,0,3,3,N,N,40 00:19.697,75 04:30.927,1825,45,1818,1,1,1, , ,0,N,N,N,N,N,204182,N,N,Y,3,2,0,0,0,0,1,0,0,0,0,0,0,0,0,0,0,0,1,1,0,1,0,0,0,0,0,0,0,0,0,0,0,0,0,0,0,40.0055,-75.0753, , 
 ,19759,2016080315,6,67,67301,2016,6,2,800,8,1,1,0,0,1, , ,N,0,0,0,3,0,1,1,1,N,N,40 01:45.824,75 11:21.520,805, ,800,1,2,1,N, ,0,N, , , , ,204187, , , ,1,0,0,0,1,0,0,0,0,0,0,0,1,1,0,0,0,0,0,0,0,0,0,0,0,0,0,0,0,0,0,0,0,0,0,8,0,40.0294,-75.1893, , 
 ,19760,2016097137,6,67,67301,2016,8,6,1639,16,1,1,0,4,1, , ,N,1,3,0,3,0,2,7,2,N, ,39 57:18.640,75 12:17.812,1643, ,1641, ,0, , , ,3, , , , , ,204214, , , ,2,2,0,0,0,0,0,0,0,0,0,2,2,0,0,0,0,0,0,0,0,0,0,1,0,0,0,0,0,0,0,0,0,0,0,4,0,39.9552,-75.2049, , 
 ,19761,2016097748,6,67,67301,2016,9,3,1117,11,1,1,0,4,1, , ,N,1,2,0,3,0,3,4,2,N, ,39 57:47.866,75 10:04.092,1139, ,1129,2,1,4, , ,3,N, , , , ,204225, , , ,2,1,0,0,0,0,0,1,0,0,0,3,3,0,0,0,0,0,0,0,0,1,0,4,0,0,0,0,0,0,0,0,0,0,0,4,0,39.9632,-75.1678, , 
 ,19762,2016080226,6,67,67301,2016,6,1,230,2,3,1,0,7,4, , ,N,0,0,0,3,0,1,1,1,N,N,39 59:06.583,75 09:03.600,305, ,255,3,2,1,N, ,0,Y, , , , ,204240, , , ,1,1,0,0,0,0,0,0,0,0,0,0,1,1,0,0,0,0,0,0,0,0,0,0,0,0,0,0,0,0,0,0,0,0,0,8,0,39.9852,-75.151, , 
 ,19763,2016080335,6,67,67301,2016,6,6,2357,23,3,1,0,7,4, , ,N,0,0,0,3,0,1,1,1,N,N,40 00:24.014,75 11:30.144,19, ,2359, ,0, ,N, ,0, , , , , ,204241, , , ,1,0,1,0,0,0,0,0,0,0,1,0,1,0,0,0,0,0,0,0,0,0,0,0,0,0,0,0,0,0,0,0,0,0,0,3,0,40.0067,-75.1917, , 
 ,19764,2016080697,6,67,67301,2016,6,5,1225,12,1,1,0,8,1, , ,N,1,2,0,3,0,1,2,2,N,N,40 01:39.104,75 08:47.126,1245, ,1242, ,0, ,N, ,3, , , , , ,204242, , , ,1,1,0,0,0,0,0,0,1,0,0,1,1,0,0,0,0,0,0,0,0,0,0,1,0,0,0,0,0,0,0,0,0,0,0,4,0,40.0275,-75.1464, , 
 ,19765,2016080908,6,67,67301,2016,7,1,126,1,3,1,0,7,4, , ,N,0,0,0,3,0,0,1,1,N,N,40 06:08.595,75 03:00.367,130, ,127, ,0, ,N, ,0, , , , , ,204243, , , ,1,1,0,0,0,0,0,0,0,0,0,0,0,0,0,0,0,0,0,0,0,0,0,1,0,0,0,0,0,0,0,0,0,0,0,0,0,40.1024,-75.0501, , 
 ,19766,2016105720,6,67,67301,2016,9,1,1758,17,1,8,0,8,1, , ,N,5,2,0,3,0,1,2,2,N,N,40 01:10.721,75 12:38.417,1803, ,1800, ,0, ,N, ,3, , , , , ,207527, , , ,1,1,0,0,0,0,0,0,0,0,0,0,1,1,0,0,0,0,0,0,0,0,0,0,0,0,0,0,0,0,0,0,1,0,0,8,0,40.0196,-75.2107, , 
 ,19767,2016129311,6,67,67301,2016,11,4,727,7,1,8,0,1,1, , ,N,2,2,0,3,0,1,2,2,N,N,40 02:56.727,75 13:11.195,756, ,753, ,0, , , ,3, , , , , ,207537, , , ,2,0,0,0,0,0,2,0,0,0,0,1,1,0,0,0,0,0,0,0,1,1,0,0,0,0,0,0,0,0,0,0,0,0,0,4,0,40.0494,-75.2201, , 
 ,19768,2017005260,6,67,67301,2016,12,6,27,0,3,1,0,8,1, , ,N,1,2,0,3,0,1,3,2,N,N,40 02:20.571,75 08:40.639,131, ,129, ,0, ,N, ,3, , , , , ,207546, , , ,1,1,0,0,0,0,0,0,0,0,0,0,1,1,0,0,0,0,0,0,0,0,0,0,0,0,0,0,0,0,0,0,1,0,0,8,0,40.039,-75.1446, , 
 ,19769,2016097132,6,67,67301,2016,8,7,416,4,3,1,0,7,4, , ,N,1,0,0,3,0,1,1,2,N, ,39 57:48.780,75 14:25.609,425, ,416, ,0, , , ,0, , , , , ,207583, , , ,2,2,0,0,0,0,0,0,0,0,0,0,1,1,0,0,0,0,0,0,0,1,0,0,0,0,0,0,0,0,0,0,0,0,0,8,0,39.9636,-75.2404, , 
 ,19770,2016091686,6,67,67301,2016,8,6,1337,13,1,1,0,1,1, , ,N,0,2,0,3,0,1,3,3,N,N,39 56:00.241,75 08:38.970,1525, ,1516, ,0, ,N, ,3, , , , , ,207584, , , ,3,3,0,0,0,0,0,0,0,0,0,1,1,0,0,0,0,0,0,0,0,0,0,2,0,0,0,0,0,0,0,0,0,0,0,4,0,39.9334,-75.1442, , 
 ,19771,2016058661,6,67,67301,2016,5,7,217,2,3,1,0,1,1, , ,N,1,2,0,3,0,0,3,3,N,N,40 01:39.456,75 05:57.322,225, ,218,1,2,1,N, ,3,Y, , , , ,207599, , , ,3,2,0,0,0,0,1,0,0,0,0,0,0,0,0,0,0,0,0,0,0,0,0,2,0,0,0,0,0,0,0,0,0,0,0,0,0,40.0276,-75.0993, , 
 ,19772,2016062599,6,67,67301,2016,5,4,1919,19,1,1,0,4,1, , ,N,1,2,0,3,0,1,3,2,N,N,40 03:23.636,75 02:47.581,1931, ,1920,1,1,1,N, ,3,N, , , , ,207602, , , ,2,1,0,0,0,0,1,0,0,0,0,0,1,1,0,0,0,0,0,1,0,0,0,0,0,0,0,0,0,0,0,0,0,0,0,8,0,40.0566,-75.0466, , 
 ,19773,2016067844,6,67,67301,2016,5,7,1806,18,1,1,0,4,1, , ,N,0,0,0,3,0,1,2,2,N, ,40 02:20.488,75 08:50.992,1812, ,1809, ,0, , , ,0, , , , , ,207608, , , ,1,1,0,0,0,0,0,0,1,0,1,0,1,0,0,0,0,0,0,0,1,0,0,0,0,0,0,0,0,0,0,0,0,0,0,3,0,40.039,-75.1475, , 
 ,19774,2016108544,6,67,67301,2016,9,5,9999,99,1,2,1,4,1, , ,N,1,3,0,3,0,2,2,2,N,N,39 56:26.314,75 13:17.605,1815, ,1809,3,1,1,Y, ,3,N, , , , ,207630, , , ,2,2,0,0,0,0,0,0,0,0,0,2,2,0,0,0,0,0,0,0,0,0,0,0,0,0,0,0,0,0,0,0,0,0,0,4,0,39.9406,-75.2216, , 
 ,19775,2016105697,6,67,67301,2016,9,2,215,2,3,1,0,4,1, , ,N,1,2,0,3,0,3,4,2,N,N,39 58:14.458,75 13:57.305,220, ,218,9,1,2,N, ,3,N, , , , ,207646, , , ,2,0,0,0,0,1,0,1,0,0,0,3,3,0,0,0,0,0,0,0,0,0,0,0,0,0,0,0,0,0,0,0,0,0,0,4,1,39.9707,-75.2326, , 
 ,19776,2016067818,6,67,67301,2016,5,1,2315,23,3,2,1,4,1, , ,N,1,3,0,3,0,0,6,2,N,N,39 57:43.642,75 08:31.667,25, ,23, ,0, ,N, ,3, , , , , ,207658, , , ,2,1,0,0,0,0,1,0,0,0,0,0,0,0,3,0,0,0,0,0,0,0,0,0,0,0,0,0,0,0,0,0,0,0,0,9,0,39.9621,-75.1421, , 
 ,19777,2016056555,6,46,46102,2016,6,6,2023,20,3,1,0,4,1, , ,N,0,0,0,3,0,2,3,3,N,N,40 03:48.039,75 08:22.188,2026, ,2024,2,2,3,N, ,0,Y, , , , ,207710, , , ,3,2,0,0,0,0,1,0,0,0,0,0,2,2,0,0,0,0,0,0,0,0,0,0,0,0,0,0,0,0,0,0,0,0,0,8,0,40.0633,-75.1395, , 
 ,19778,2016063955,6,67,67301,2016,6,5,814,8,1,1,0,1,1, , ,N,0,0,0,3,0,1,5,3,N, ,40 02:08.791,75 04:07.112,827, ,817,2,1,2, , ,0,N, , , , ,207716, , , ,3,2,0,0,0,0,1,0,0,0,0,1,1,0,0,0,0,0,0,0,0,0,0,0,0,0,0,0,0,0,0,0,0,0,0,4,0,40.0358,-75.0686, , 
 ,19779,2016064002,6,67,67301,2016,6,3,1100,11,1,1,0,4,1, , ,N,1,2,1,3,0,2,3,2,N, ,39 59:47.157,75 06:48.512,1103, ,1103, ,0, , , ,3, , , , , ,207717, , , ,2,0,2,0,0,0,0,0,0,0,0,2,2,0,1,0,0,0,0,0,0,0,0,0,0,0,0,0,0,0,0,0,0,0,0,4,0,39.9964,-75.1135, , 
 ,19780,2016070905,6,67,67301,2016,6,5,1234,12,1,1,0,1,1, , ,N,0,0,0,3,0,0,3,3,N,N,39 59:03.017,75 12:29.997,1234, ,1234, ,0, , , ,0, , , , , ,207725, , , ,3,1,0,0,0,0,2,0,0,0,0,0,0,0,0,0,0,0,0,0,1,1,0,0,0,0,0,0,0,0,0,0,0,0,0,0,0,39.9842,-75.2083, , 
 ,19781,2016080141,6,67,67301,2016,7,4,1242,12,1,2,1,5,1, , ,N,0,0,0,3,0,1,2,3,N,N,39 53:15.230,75 14:53.142,1313, ,1311, ,0, , , ,0, , , , , ,207733, , , ,2,1,0,0,0,1,0,0,0,0,0,1,1,0,0,0,0,0,0,0,0,0,0,0,0,0,0,0,0,0,0,0,0,0,0,4,1,39.8876,-75.2481, , 
 ,19782,2016082217,6,67,67301,2016,7,3,2110,21,3,1,0,4,1, , ,N,2,3,6,3,0,1,2,2,N,N,40 01:38.526,75 03:46.663,2111, ,2110, ,0, ,N, ,3, , , , , ,207737, , , ,1,1,0,0,0,0,0,0,1,0,0,1,1,0,0,0,0,0,0,0,1,0,0,1,0,0,0,0,0,0,0,0,0,0,0,4,0,40.0274,-75.063, , 
 ,19783,2016058588,6,67,67301,2016,5,4,1250,12,1,1,0,4,1, , ,N,2,3,0,3,0,2,2,2,N,N,40 01:13.039,75 09:46.119,1342, ,1330,2,2,6,N, ,3,Y, , , , ,207745, , , ,2,1,0,0,0,0,0,1,0,0,0,2,2,0,0,0,0,0,0,0,1,0,0,0,0,0,0,0,0,0,0,0,0,0,0,4,0,40.0203,-75.1628, , 
 ,19784,2016080411,6,67,67301,2016,7,3,1110,11,1,1,0,5,6, , ,N,0,0,0,3,0,0,3,6,N,N,39 57:42.056,75 14:17.827,1117, ,1115,3,2,4, , ,0,Y, , , , ,210622, , , ,6,2,0,0,1,0,2,0,0,0,0,0,0,0,0,0,0,0,0,0,0,0,0,1,0,0,0,0,0,0,0,0,0,0,0,0,0,39.9617,-75.2383, , 
 ,19785,2016081014,6,67,67301,2016,8,3,1143,11,1,1,0,1,1, , ,N,1,2,0,3,0,2,2,2,N,N,40 01:46.545,75 06:13.959,1220, ,1145, ,0, ,N, ,3, , , , , ,210623, , , ,2,1,0,0,0,1,0,0,0,0,0,0,2,2,0,0,0,0,0,0,0,0,0,0,0,0,0,0,0,0,0,0,0,0,0,8,1,40.0296,-75.1039, , 
 ,19786,2016099493,6,67,67301,2016,9,6,1928,19,3,1,0,4,1, , ,N,2,3,0,3,0,0,5,3,N,N,40 01:57.792,75 02:14.393,1935, ,1933,9,1,1,N, ,3,N, , , , ,210642, , , ,3,1,0,0,0,0,1,1,0,0,0,0,0,0,0,0,0,1,1,0,0,0,0,2,0,0,0,0,0,0,0,0,0,0,0,0,0,40.0327,-75.0373, , 
 ,19787,2016080118,6,67,67301,2016,7,2,1655,16,1,9,0,1,1, , ,N,1,2,0,3,0,1,2,2,N, ,40 02:12.310,75 02:26.659,2340, ,2340, ,0, , , ,3, , , , , ,210667, , , ,2,2,0,0,0,0,0,0,0,0,0,0,1,1,0,0,0,0,0,0,0,0,0,0,0,0,0,0,0,0,0,0,0,0,0,8,0,40.0368,-75.0407, , 
 ,19788,2016090277,6,67,67301,2016,8,4,450,4,3,1,0,5,6, , ,N,0,0,0,3,0,0,1,3,N,N,40 00:43.423,75 08:11.865,506, ,451, ,0, ,N, ,0, , , , , ,210681, , , ,3,3,0,0,0,0,0,0,0,0,0,0,0,0,0,0,0,0,0,0,1,0,0,1,0,0,0,0,0,0,0,0,0,0,0,0,0,40.0121,-75.1366, , 
 ,19789,2016080433,6,67,67301,2016,7,1,200,2,3,1,0,4,1, , ,N,1,2,0,3,0,4,4,3,N,N,40 01:50.025,75 08:47.329,211, ,208,3,2,2,N, ,3,N, , , , ,210691, , , ,3,0,0,0,0,0,3,0,0,1,1,1,4,1,0,0,0,0,0,0,0,0,0,0,0,0,0,0,0,0,0,0,0,0,0,2,0,40.0306,-75.1465, , 
 ,19790,2016087963,6,67,67301,2016,8,3,1306,13,1,1,0,7,4, , ,N,0,0,0,3,0,1,1,1,N,N,39 53:35.239,75 13:38.347,1310, ,1306, ,0, , , ,0, , , , , ,210695, , , ,1,1,0,0,0,0,0,0,0,0,1,0,1,0,0,0,0,0,0,0,0,0,0,0,0,0,0,0,0,0,0,0,0,0,0,3,0,39.8931,-75.2273, , 
 ,19791,2017023515,6,67,67301,2016,12,7,2200,22,3,1,0,1,1, , ,N,1,2,0,3,0,1,3,2,N,N,40 00:07.236,75 09:22.067,0, ,0, ,0, ,N, ,3, , , , , ,210696, , , ,2,2,0,0,0,0,0,0,0,0,0,0,1,1,0,0,0,0,0,0,0,0,0,1,0,0,0,0,0,0,0,0,0,0,0,8,0,40.002,-75.1561, , 
 ,19792,2016120588,6,67,67301,2016,10,2,1348,13,1,1,0,8,1, , ,N,0,0,0,3,0,1,2,2,N, ,40 01:40.695,75 07:07.093,1350, ,1348,1,2,6, , ,0,N, , , , ,210698, , , ,1,1,0,0,0,0,0,0,0,0,0,1,1,0,0,0,0,0,0,0,0,0,0,0,0,0,0,0,0,0,0,0,1,0,0,4,0,40.028,-75.1186, , 
 ,19793,2016117124,6,67,67301,2016,10,2,2025,20,3,1,0,6,6, , ,N,0,0,0,3,0,1,1,2,N,N,40 01:31.580,75 03:28.885,2034, ,2029, ,0, ,N, ,0, , , , , ,210708, , , ,2,1,0,0,0,0,1,0,0,0,0,0,1,1,0,0,0,0,0,0,1,0,0,0,0,0,0,0,0,0,0,0,0,0,0,8,0,40.0254,-75.058, , 
 ,19794,2016135569,6,67,67301,2016,12,4,800,8,1,1,0,5,1, , ,N,0,2,0,3,0,1,4,2,N,N,40 00:53.010,75 03:14.695,915, ,900,3,1,1,N, ,3,N, , , , ,210715, , , ,2,1,0,0,0,1,0,0,0,0,0,0,1,1,0,0,0,0,0,1,0,0,0,0,0,0,0,0,0,0,0,0,0,0,0,8,1,40.0147,-75.0541, , 
 ,19795,2017022766,6,67,67301,2016,3,3,1000,10,1,1,0,1,1, , ,N,5,2,0,3,0,2,3,2,N,N,39 57:49.671,75 09:31.990,0, ,0, ,0, ,N, ,3, , , , , ,210731, , , ,2,0,0,0,0,0,1,1,0,0,2,0,2,0,0,0,0,0,0,0,1,0,0,1,0,0,0,0,0,0,0,0,0,0,0,3,0,39.9637,-75.1588, , 
 ,19796,2016129231,6,67,67301,2016,11,5,2335,23,3,1,0,7,4, , ,N,0,0,0,3,0,1,1,1,N, ,40 03:30.351,75 02:42.259,2345, ,2335, ,0, , , ,0, , , , , ,210747, , , ,1,1,0,0,0,0,0,0,0,0,0,0,1,1,0,0,0,0,1,0,0,0,0,0,0,0,0,0,0,0,0,0,0,0,0,8,0,40.0584,-75.0451, , 
 ,19797,2016126161,6,67,67301,2016,11,6,1135,11,1,1,0,4,1, , ,N,1,3,0,3,0,1,3,2,N,N,39 58:17.961,75 11:08.293,1152, ,1144,9,1,1,N, ,3,N, , , , ,210748, , , ,1,1,0,0,0,0,0,0,1,0,0,1,1,0,0,0,0,0,0,0,0,0,0,0,0,0,0,0,0,0,0,0,0,0,0,4,0,39.9717,-75.1856, , 
 ,19798,2016129506,6,67,67301,2016,11,3,725,7,1,1,0,8,1, , ,N,1,3,0,3,0,1,2,2,N, ,39 58:24.304,75 08:12.706,855, ,848, ,0, , , ,3, , , , , ,210758, , , ,1,1,0,0,0,0,0,0,0,0,0,1,1,0,1,0,0,0,0,0,0,0,0,0,0,0,0,0,0,0,0,0,1,0,0,4,0,39.9734,-75.1369, , 
 ,19799,2016108550,6,67,67301,2016,9,6,1555,15,1,2,1,8,1, , ,N,2,0,0,3,0,1,2,2,N, ,39 59:32.449,75 09:17.320,1605, ,1601, ,0, , , ,0, , , , , ,210780, , , ,1,0,0,0,0,0,1,0,0,0,0,1,1,0,0,0,0,0,0,0,0,1,0,0,0,0,0,0,0,0,0,0,1,0,0,4,0,39.9923,-75.1548, , 
 ,19800,2016081418,6,67,67301,2016,7,5,1950,19,4,1,0,4,1, , ,N,0,0,0,3,0,1,3,4,N, ,40 01:06.808,75 08:56.787,2010, ,2004,3,1,2, , ,0,Y, , , , ,210802, , , ,4,4,0,0,0,0,0,0,0,0,0,1,1,0,0,0,0,0,0,0,0,0,0,0,0,0,0,0,0,0,0,0,0,0,0,4,0,40.0186,-75.1491, , 
 ,19801,2016092125,6,67,67301,2016,8,2,717,7,1,8,0,8,1, , ,N,1,2,0,3,0,1,2,2,N,N,39 58:46.036,75 13:31.401,730, ,719,1,1,2,N, ,3,N, , , , ,210814, , , ,1,1,0,0,0,0,0,0,0,0,0,1,1,0,0,0,0,0,0,0,1,0,0,0,0,0,0,0,0,0,0,0,1,0,0,4,0,39.9794,-75.2253, , 