wz_ln_closure,objectid_1,crn,district,county,municipality,crash_year,crash_month,day_of_week,time_of_day,hour_of_day,illumination,weather,road_condition,collision_type,relation_to_road,work_zone_type,work_zone_loc,work_zone_ind,intersect_type,tcd_type,location_type,urban_rural,fatal_count,injury_count,person_count,total_units,sch_bus_ind,sch_zone_ind,latitude,longitude,arrival_tm,cons_zone_spd_lim,dispatch_tm,est_hrs_closed,lane_closed,ln_close_dir,ntfy_hiwy_maint,spec_juris_cd,tcd_func_cd,tfc_detour_ind,workers_pres,wz_close_detour,wz_flagger,wz_law_offcr_ind,objectid,wz_moving,wz_other,wz_shlder_mdn,vehicle_count,automobile_count,motorcycle_count,bus_count,small_truck_count,heavy_truck_count,suv_count,van_count,bicycle_count,maj_inj_count,mod_inj_count,min_inj_count,tot_inj_count,unk_inj_deg_count,unk_inj_per_count,driver_count_16yr,driver_count_17yr,driver_count_18yr,driver_count_19yr,driver_count_20yr,driver_count_50_64yr,driver_count_65_74yr,driver_count_75plus,unbelted_occ_count,unb_death_count,unb_maj_inj_count,belted_death_count,belted_maj_inj_count,mcycle_death_count,mcycle_maj_inj_count,bicycle_death_count,bicycle_maj_inj_count,ped_count,ped_death_count,ped_maj_inj_count,max_severity_level,comm_veh_count,dec_lat,dec_long,rdwy_surf_type_cd,county_name
 ,19802,2016119164,6,67,67301,2016,10,4,1303,13,1,1,0,4,1, , ,N,1,3,0,3,0,0,13,2,Y, ,39 59:23.884,75 08:11.425,1304, ,1303,2,1,2, , ,3,N, , , , ,214780, , , ,2,0,0,1,0,0,1,0,0,0,0,0,0,0,0,0,0,0,0,0,1,0,0,0,0,0,0,0,0,0,0,0,0,0,0,0,1,39.99,-75.1365, , 
 ,19803,2016108536,6,67,67301,2016,10,1,9999,99,3,1,0,4,1, , ,N,1,2,0,3,0,0,3,2,N,N,40 03:08.049,75 10:32.957,2352, ,2337, ,0, ,Y, ,3, , , , , ,214784, , , ,2,1,0,0,0,0,1,0,0,0,0,0,0,0,1,0,0,0,1,0,0,0,0,0,0,0,0,0,0,0,0,0,0,0,0,9,0,40.0522,-75.1758, , 
 ,19804,2016127788,6,67,67301,2016,11,7,620,6,1,1,0,4,1, , ,N,2,3,0,3,0,1,2,2,N, ,40 01:12.762,75 04:25.893,628, ,624, ,0, , , ,3, , , , , ,214823, , , ,1,1,0,0,0,0,0,0,1,0,0,1,1,0,0,0,0,0,0,0,1,0,0,0,0,0,0,0,0,0,0,0,0,0,0,4,0,40.0202,-75.0739, , 
 ,19805,2016097716,6,67,67301,2016,9,4,9999,99,1,1,0,7,4, , ,N,0,2,0,3,0,1,1,1,N,N,39 59:41.875,75 09:45.115,1705, ,1650,3,1,4, , ,3,N, , , , ,214833, , , ,1,0,0,0,1,0,0,0,0,0,0,0,1,1,0,0,0,0,0,0,0,0,0,1,0,0,0,0,0,0,0,0,0,0,0,8,0,39.995,-75.1625, , 
 ,19806,2016120934,6,46,46102,2016,11,6,928,9,1,1,0,4,1, , ,N,1,2,0,3,0,0,2,2,N,N,40 03:16.716,75 07:29.987,931, ,928,1,2,4,N, ,3,Y, , , , ,214834, , , ,2,1,0,0,0,0,1,0,0,0,0,0,0,0,0,0,0,0,0,0,0,0,0,0,0,0,0,0,0,0,0,0,0,0,0,0,0,40.0546,-75.125, , 
 ,19807,2016135753,6,67,67301,2016,12,2,1648,16,4,1,0,4,1, , ,N,2,3,0,3,0,1,2,2,N,N,39 57:49.006,75 13:19.556,1648, ,1648, ,0, ,N, ,3, , , , , ,214835, , , ,2,2,0,0,0,0,0,0,0,0,1,0,1,0,0,0,0,0,0,0,1,0,0,0,0,0,0,0,0,0,0,0,0,0,0,3,0,39.9636,-75.2221, , 
 ,19808,2016129986,6,67,67301,2016,10,2,1805,18,3,1,0,1,1, , ,N,0,0,0,3,0,1,6,4,N, ,40 01:32.777,75 04:17.670,9999, ,9999,1,1,1, , ,0,Y, , , , ,214841, , , ,4,2,0,0,1,0,1,0,0,0,0,0,1,1,1,0,0,0,0,0,0,0,0,0,0,0,0,0,0,0,0,0,0,0,0,8,0,40.0258,-75.0716, , 
 ,19809,2016117748,6,67,67301,2016,10,6,1236,12,1,1,0,4,1, , ,N,1,0,0,3,0,0,2,2,N,N,39 57:06.746,75 10:41.980,1250, ,1245, ,0, ,N, ,0, , , , , ,214843, , , ,2,2,0,0,0,0,0,0,0,0,0,0,0,0,0,0,0,0,0,1,0,0,0,0,0,0,0,0,0,0,0,0,0,0,0,0,0,39.9519,-75.1783, , 
 ,19810,2016108564,6,67,67301,2016,10,5,2050,20,3,1,0,4,1, , ,N,1,2,0,3,0,1,5,2,N,N,40 04:33.431,75 10:36.656,2054, ,2050, ,0, ,N, ,3, , , , , ,214846, , , ,2,2,0,0,0,0,0,0,0,0,0,0,1,1,1,0,1,0,0,0,0,1,0,0,0,0,0,0,0,0,0,0,0,0,0,8,0,40.076,-75.1768, , 
 ,19811,2016105654,6,67,67301,2016,9,2,2130,21,3,1,0,1,1, , ,N,1,2,0,3,0,0,2,2,N, ,40 02:19.838,75 10:17.839,2146, ,2146, ,0, , , ,3, , , , , ,214855, , , ,2,1,0,0,0,0,1,0,0,0,0,0,0,0,0,0,0,0,0,0,1,0,0,2,0,0,0,0,0,0,0,0,0,0,0,0,0,40.0388,-75.1716, , 
 ,19812,2016087133,6,67,67301,2016,8,2,2147,21,3,1,0,8,1, , ,N,0,0,0,3,0,1,5,2,N,N,39 58:56.313,75 11:07.941,2156, ,2153, ,0, ,N, ,0, , , , , ,214859, , , ,1,0,0,0,0,0,1,0,0,0,0,0,1,1,0,0,0,0,0,0,0,0,0,0,0,0,0,0,0,0,0,0,1,0,0,8,0,39.9823,-75.1855, , 
 ,19813,2016110744,6,67,67301,2016,10,7,423,4,3,2,1,7,4, , ,N,0,0,0,3,0,0,1,1,N,N,39 54:54.839,75 08:52.620,430, ,425,1,2,2, , ,0,N, , , , ,214860, , , ,1,1,0,0,0,0,0,0,0,0,0,0,0,0,0,0,0,0,0,0,0,0,0,0,0,0,0,0,0,0,0,0,0,0,0,0,0,39.9152,-75.148, , 
 ,19814,2016106316,6,67,67301,2016,9,4,2139,21,3,1,0,4,1, , ,N,1,2,0,3,0,2,2,4,N,N,40 01:13.222,75 06:50.843,2141, ,2139, ,0, ,N, ,3, , , , , ,214864, , , ,4,2,0,0,1,0,1,0,0,0,0,0,2,2,0,0,0,0,0,0,0,0,0,0,0,0,0,0,0,0,0,0,0,0,0,8,0,40.0202,-75.1141, , 
 ,19815,2016120543,6,67,67301,2016,10,5,1946,19,3,2,1,4,1, , ,N,2,2,0,3,0,1,3,2,N, ,40 07:06.945,75 00:25.153,1955, ,1950,1,1,4, , ,3,N, , , , ,214873, , , ,2,1,0,0,0,0,0,1,0,0,0,0,1,1,0,0,0,0,0,0,0,0,0,0,0,0,0,0,0,0,0,0,0,0,0,8,0,40.1186,-75.007, , 
N,19816,2016117851,6,67,67301,2016,10,2,1446,14,1,1,0,1,1,1,4,Y,0,0,0,3,0,4,6,3,N,N,40 01:06.458,75 02:49.491,1453,50,1446, ,0, , , ,0, ,Y,N,N,N,214874,N,N,Y,3,1,0,0,2,0,0,0,0,0,0,0,4,4,0,0,0,0,0,0,2,0,0,0,0,0,0,0,0,0,0,0,0,0,0,8,0,40.0185,-75.0471, , 
 ,19817,2016126171,6,67,67301,2016,11,3,1710,17,4,1,0,8,1, , ,N,0,0,0,3,0,1,2,2,N,N,40 00:37.693,75 09:38.421,1755, ,1753, ,0, ,N, ,0, , , , , ,214884, , , ,1,1,0,0,0,0,0,0,0,0,1,0,1,0,0,0,0,0,0,0,0,0,0,0,0,0,0,0,0,0,0,0,1,0,0,3,0,40.0105,-75.1607, , 
 ,19818,2016082399,6,67,67301,2016,7,5,1703,17,1,2,1,4,1, , ,N,1,3,0,3,0,2,2,2,N, ,39 58:59.466,75 06:54.921,1710, ,1706,2,2,6, , ,3,N, , , , ,214905, , , ,2,2,0,0,0,0,0,0,0,0,0,2,2,0,0,0,0,0,0,0,0,0,0,0,0,0,0,0,0,0,0,0,0,0,0,4,0,39.9832,-75.1153, , 
 ,19819,2016092079,6,67,67301,2016,8,6,850,8,1,1,0,4,1, , ,N,1,3,0,3,0,3,5,2,N, ,39 55:35.068,75 10:32.933,855, ,853,1,2,4, , ,3,Y, , , , ,214907, , , ,2,2,0,0,0,0,0,0,0,0,0,3,3,0,0,0,0,0,0,0,0,0,1,2,0,0,0,0,0,0,0,0,0,0,0,4,0,39.9264,-75.1758, , 
 ,19820,2016091291,6,67,67301,2016,9,1,229,2,3,1,0,7,3, , ,N,0,0,0,3,0,0,1,1,N,N,39 58:08.541,75 11:30.944,242, ,232,2,1,3, , ,0,N, , , , ,204251, , , ,1,1,0,0,0,0,0,0,0,0,0,0,0,0,0,0,0,0,0,0,0,0,0,0,0,0,0,0,0,0,0,0,0,0,0,0,0,39.969,-75.1919, , 
 ,19821,2016092135,6,67,67301,2016,8,7,1152,11,1,1,0,4,1, , ,N,2,0,2,3,0,1,2,2,N, ,40 05:23.592,74 58:32.232,1200, ,1154, ,0, ,N, ,0, , , , , ,204262, , , ,2,1,0,0,0,0,0,1,0,0,0,1,1,0,0,0,0,1,0,0,0,0,0,1,0,0,0,0,0,0,0,0,0,0,0,4,0,40.0906,-74.9765, , 
 ,19822,2016080578,6,67,67301,2016,7,1,1400,14,1,1,0,4,1, , ,N,2,3,2,3,0,0,3,2,N,N,39 59:11.983,75 12:29.919,9999, ,1400, ,0, ,N, ,3, , , , , ,204291, , , ,2,2,0,0,0,0,0,0,0,0,0,0,0,0,0,0,0,0,0,0,1,0,0,0,0,0,0,0,0,0,0,0,0,0,0,0,0,39.9867,-75.2083, , 
 ,19823,2016105913,6,67,67301,2016,9,7,19,0,3,1,0,4,1, , ,N,1,2,2,3,0,1,3,3,N,N,40 00:28.839,75 11:30.581,142, ,136,3,1,2,N, ,3,N, , , , ,204324, , , ,3,3,0,0,0,0,0,0,0,0,0,0,1,1,1,0,0,0,0,0,2,0,0,0,0,0,0,0,0,0,0,0,0,0,0,8,0,40.008,-75.1916, , 
 ,19824,2016016600,6,67,67301,2016,1,4,15,0,3,4,4,5,6, , ,N,0,0,0,3,0,0,1,2,N, ,39 57:45.012,75 12:58.913,1150, ,1141, ,0, , , ,0, , , , , ,204335, , , ,2,0,0,0,0,0,1,1,0,0,0,0,0,0,1,0,0,0,0,0,0,0,0,0,0,0,0,0,0,0,0,0,0,0,0,9,0,39.9625,-75.2164, , 
 ,19825,2016040875,6,67,67301,2016,4,7,215,2,3,1,0,4,1, , ,N,5,2,0,3,0,2,3,2,N,N,40 01:47.791,75 09:11.771,230, ,222, ,0, ,N, ,3, , , , , ,204348, , , ,2,2,0,0,0,0,0,0,0,0,0,0,2,2,1,0,0,0,0,1,0,0,0,0,0,0,0,0,0,0,0,0,0,0,0,8,0,40.0299,-75.1533, , 
 ,19826,2016060836,6,67,67301,2016,5,6,712,7,1,1,0,4,1, , ,N,1,2,0,3,0,2,2,2,N, ,39 58:34.718,75 10:59.115,730, ,712,1,1,1, , ,3,N, , , , ,204366, , , ,2,2,0,0,0,0,0,0,0,0,0,1,2,1,0,0,0,0,0,0,0,0,0,2,0,0,0,0,0,0,0,0,0,0,0,4,0,39.9763,-75.1831, , 
 ,19827,2016129245,6,67,67301,2016,11,5,1710,17,1,1,0,4,1, , ,N,1,3,0,3,0,0,4,2,N,N,39 57:25.981,75 13:17.079,9999, ,9999, ,0, , , ,3, , , , , ,204375, , , ,2,2,0,0,0,0,0,0,0,0,0,0,0,0,0,0,0,0,0,0,0,0,0,4,0,0,0,0,0,0,0,0,0,0,0,0,0,39.9572,-75.2214, , 
 ,19828,2016029896,6,67,67301,2016,3,1,146,1,3,1,0,2,6, , ,N,0,0,0,3,0,0,1,2,N, ,40 00:52.599,75 08:28.658,148, ,146,1,1,1, , ,0,N, , , , ,204396, , , ,2,2,0,0,0,0,0,0,0,0,0,0,0,0,1,0,0,0,0,0,0,0,0,0,0,0,0,0,0,0,0,0,0,0,0,9,0,40.0146,-75.1413, , 
 ,19829,2016032096,6,67,67301,2016,3,7,15,0,3,1,0,4,1, , ,N,1,2,0,3,0,2,3,2,N,N,39 59:40.590,75 09:35.349,18, ,16,2,1,6,N, ,3,N, , , , ,204397, , , ,2,2,0,0,0,0,0,0,0,0,0,2,2,0,0,0,0,0,0,0,0,0,0,1,0,0,0,0,0,0,0,0,0,0,0,4,0,39.9946,-75.1598, , 
 ,19830,2016048623,6,67,67301,2016,4,5,1645,16,1,1,0,4,1, , ,N,5,2,0,3,0,2,3,2,N,N,40 00:28.388,75 08:25.762,1649, ,1645, ,0, , , ,3, , , , , ,204415, , , ,2,2,0,0,0,0,0,0,0,0,0,0,2,2,1,0,0,0,0,0,0,0,0,0,0,0,0,0,0,0,0,0,0,0,0,8,0,40.0079,-75.1404, , 
 ,19831,2016028331,6,67,67301,2016,2,1,314,3,3,1,0,4,1, , ,N,1,2,0,3,0,0,3,3,N,N,39 56:37.906,75 10:01.891,320, ,316, ,0, ,N, ,3, , , , , ,204430, , , ,3,2,0,0,0,0,1,0,0,0,0,0,0,0,0,0,0,0,0,0,0,0,0,0,0,0,0,0,0,0,0,0,0,0,0,0,0,39.9439,-75.1672, , 
 ,19832,2016125603,6,67,67301,2016,11,7,2318,23,3,1,0,7,4, , ,N,0,0,0,3,0,0,2,1,N,N,39 55:56.561,75 12:00.000,2347, ,2319,1,1,4, , ,0,Y, , , , ,204434, , , ,1,1,0,0,0,0,0,0,0,0,0,0,0,0,0,0,0,0,0,1,0,0,0,0,0,0,0,0,0,0,0,0,0,0,0,0,0,39.9324,-75.2, , 
 ,19833,2016135802,6,67,67301,2016,12,6,1559,15,1,1,0,1,1, , ,N,1,2,0,3,0,1,2,2,N,N,40 04:28.594,75 02:06.267,1614, ,1604,1,1,3,N, ,3,N, , , , ,204447, , , ,2,2,0,0,0,0,0,0,0,0,0,1,1,0,0,0,0,0,0,0,0,1,0,0,0,0,0,0,0,0,0,0,0,0,0,4,0,40.0746,-75.0351, , 
 ,19834,2016052868,6,67,67301,2016,4,3,1800,18,1,1,0,1,1, , ,N,0,0,0,3,0,0,3,2,N,N,39 57:28.131,75 09:43.500,1835, ,1814, ,0, , , ,0, , , , , ,204454, , , ,2,2,0,0,0,0,0,0,0,0,0,0,0,0,0,0,0,0,0,0,0,0,0,0,0,0,0,0,0,0,0,0,0,0,0,0,0,39.9578,-75.1621, , 
 ,19835,2016058511,6,67,67301,2016,5,2,835,8,1,1,0,4,1, , ,N,1,3,0,3,0,1,3,2,N,N,39 55:56.100,75 10:20.380,839, ,835, ,0, , , ,3, , , , , ,204460, , , ,2,2,0,0,0,0,0,0,0,0,0,1,1,0,0,0,0,0,0,0,1,0,0,0,0,0,0,0,0,0,0,0,0,0,0,4,0,39.9323,-75.1723, , 
 ,19836,2016068664,6,67,67301,2016,6,3,645,6,1,1,0,4,1, , ,N,2,2,0,3,0,1,2,2,N,N,39 57:42.244,75 08:11.376,750, ,740, ,0, ,N, ,3, , , , , ,204465, , , ,1,0,0,0,0,0,1,0,1,0,0,1,1,0,0,0,0,0,0,0,0,0,0,0,0,0,0,0,0,0,0,0,0,0,0,4,0,39.9617,-75.1365, , 
 ,19837,2016081410,6,67,67301,2016,6,6,530,5,3,1,0,5,1, , ,N,0,0,0,3,0,1,2,2,N,N,39 56:55.656,75 09:51.467,600, ,550, ,0, ,N, ,0, , , , , ,204473, , , ,1,1,0,0,0,0,0,0,1,0,1,0,1,0,0,0,0,0,0,0,0,0,0,1,0,0,0,0,0,0,0,0,0,0,0,3,0,39.9488,-75.1643, , 
 ,19838,2016082999,6,67,67301,2016,8,1,328,3,3,1,0,7,5, , ,N,1,2,0,3,0,1,1,1,N,N,39 58:59.480,75 09:24.548,330, ,328,2,2,5,N, ,3,Y, , , , ,204474, , , ,1,1,0,0,0,0,0,0,0,1,0,0,1,0,0,0,0,0,0,0,0,0,0,1,0,1,0,0,0,0,0,0,0,0,0,2,0,39.9832,-75.1568, , 
 ,19839,2016064478,6,67,67301,2016,6,2,2118,21,3,1,0,7,2, , ,N,0,0,0,3,0,2,4,1,N,N,39 56:09.076,75 11:59.127,2140, ,2121,1,1,3, , ,0,N, , , , ,207751, , , ,1,1,0,0,0,0,0,0,0,0,1,0,2,1,0,0,0,0,0,0,0,0,0,1,0,0,0,0,0,0,0,0,0,0,0,3,0,39.9359,-75.1998, , 
 ,19840,2016067820,6,67,67301,2016,5,3,2148,21,3,1,0,5,6, , ,N,0,0,0,3,0,1,1,2,N,N,40 02:45.302,75 11:23.351,2205, ,2202,2,1,7,N, ,0,N, , , , ,207789, , , ,2,2,0,0,0,0,0,0,0,0,0,0,1,1,0,0,0,0,0,0,1,0,0,0,0,0,0,0,0,0,0,0,0,0,0,8,0,40.0459,-75.1898, , 
 ,19841,2016070628,6,67,67301,2016,6,7,1102,11,1,1,0,4,1, , ,N,1,3,0,3,0,1,2,2,N, ,40 03:13.258,75 02:41.679,1107, ,1102,9,1,1, , ,3,N, , , , ,207790, , , ,2,1,0,0,0,0,1,0,0,0,0,1,1,0,0,0,0,0,0,0,0,0,0,0,0,0,0,0,0,0,0,0,0,0,0,4,0,40.0537,-75.0449, , 
 ,19842,2016075822,6,67,67301,2016,7,7,1706,17,1,2,1,4,1, , ,N,0,0,0,3,0,0,4,2,N,N,40 00:25.745,75 11:34.470,1726, ,1721, ,0, , , ,0, , , , , ,207794, , , ,2,1,0,0,0,0,0,1,0,0,0,0,0,0,0,0,0,0,0,0,0,0,0,0,0,0,0,0,0,0,0,0,0,0,0,0,0,40.0072,-75.1929, , 
 ,19843,2016080496,6,67,67301,2016,7,6,1713,17,1,1,0,4,1, , ,N,1,3,0,3,0,1,2,2,N,N,40 03:16.301,75 05:26.793,1721, ,1714,2,2,5,N, ,3,Y, , , , ,207814, , , ,2,1,0,0,0,0,1,0,0,0,0,0,1,1,0,0,0,0,0,0,0,0,0,0,0,0,0,0,0,0,0,0,0,0,0,8,0,40.0545,-75.0908, , 
 ,19844,2016089946,6,67,67301,2016,8,4,1740,17,1,1,0,4,1, , ,N,1,2,0,3,0,3,5,2,N, ,39 58:36.786,75 09:59.317,1810, ,9999,2,1,3, , ,3,Y, , , , ,207831, , , ,2,1,0,0,0,0,1,0,0,0,0,3,3,0,0,0,0,0,0,0,0,0,0,1,0,0,0,0,0,0,0,0,0,0,0,4,0,39.9769,-75.1665, , 
 ,19845,2016105164,6,67,67301,2016,10,7,2024,20,3,2,1,5,1, , ,N,0,0,0,3,0,0,4,2,N,N,39 58:12.902,75 11:34.397,2029, ,2024,1,2,3, , ,0,N, , , , ,207832, , , ,2,2,0,0,0,0,0,0,0,0,0,0,0,0,0,0,0,0,0,0,0,0,0,0,0,0,0,0,0,0,0,0,0,0,0,0,0,39.9703,-75.1929, , 
 ,19846,2016115138,6,67,67301,2016,10,5,540,5,3,1,0,4,1, , ,N,1,2,0,3,0,0,4,3,N,N,40 00:31.034,75 04:07.810,540, ,540, ,0, ,N, ,3, , , , , ,207839, , , ,3,1,0,0,0,0,2,0,0,0,0,0,0,0,0,0,0,0,0,0,0,0,0,0,0,0,0,0,0,0,0,0,0,0,0,0,0,40.0086,-75.0688, , 
 ,19847,2016105708,6,67,67301,2016,9,2,1550,15,1,1,0,5,1, , ,N,0,0,0,3,0,1,2,2,N,N,39 57:15.278,75 09:42.444,1600, ,1555, ,0, ,N, ,0, , , , , ,207879, , , ,2,2,0,0,0,0,0,0,0,0,0,0,1,1,0,0,0,0,0,0,1,0,0,1,0,0,0,0,0,0,0,0,0,0,0,8,0,39.9542,-75.1618, , 
 ,19848,2016080864,6,67,67301,2016,7,1,910,9,1,1,0,8,1, , ,N,1,3,0,3,0,1,2,2,N, ,39 57:51.382,75 09:20.051,920, ,915, ,0, , , ,3, , , , , ,207891, , , ,1,1,0,0,0,0,0,0,0,0,0,0,1,1,0,0,0,0,0,0,0,0,0,1,0,0,0,0,0,0,0,0,1,0,0,8,0,39.9643,-75.1556, , 
 ,19849,2016080837,6,67,67301,2016,7,3,1506,15,1,1,0,4,1, , ,N,1,2,0,3,0,0,2,2,N,N,40 01:32.799,75 07:24.507,1514, ,1507,1,1,2,N, ,3,N, , , , ,207907, , , ,2,2,0,0,0,0,0,0,0,0,0,0,0,0,0,0,0,0,0,0,0,1,0,0,0,0,0,0,0,0,0,0,0,0,0,0,0,40.0258,-75.1235, , 
 ,19850,2016097115,6,67,67301,2016,8,3,1330,13,1,1,0,5,1, , ,N,0,0,0,3,0,1,2,2,N, ,39 57:06.002,75 10:13.375,1334, ,1330, ,0, , , ,0, , , , , ,207918, , , ,1,0,0,0,0,0,1,0,1,0,0,1,1,0,0,0,0,0,0,0,0,0,0,1,0,0,0,0,0,0,0,0,0,0,0,4,0,39.9517,-75.1704, , 
 ,19851,2016096639,6,67,67301,2016,8,3,2000,20,3,1,0,5,1, , ,N,0,0,0,3,0,1,3,3,N,N,39 59:28.364,75 10:47.441,9999, ,9999, ,0, ,N, ,0, , , , , ,207924, , , ,3,0,1,0,1,0,1,0,0,0,0,0,1,1,0,0,0,0,0,0,1,0,0,0,0,0,0,0,0,0,0,0,0,0,0,8,0,39.9912,-75.1798, , 
 ,19852,2016120117,6,67,67301,2016,11,3,2101,21,3,1,0,1,4, , ,N,10,0,0,3,0,0,2,2,N,N,39 57:06.151,75 08:29.297,2106, ,2101,1,2,2, , ,0,N, , , , ,207932, , , ,2,2,0,0,0,0,0,0,0,0,0,0,0,0,0,0,0,0,0,0,0,0,0,0,0,0,0,0,0,0,0,0,0,0,0,0,0,39.9517,-75.1415, , 
 ,19853,2016080090,6,67,67301,2016,6,3,1017,10,1,2,1,7,2, , ,N,0,0,0,3,0,0,4,1,N,N,39 56:50.698,75 14:57.666,1023, ,1021, ,0, ,N, ,0, , , , , ,207943, , , ,1,1,0,0,0,0,0,0,0,0,0,0,0,0,4,0,0,0,0,0,0,0,0,0,0,0,0,0,0,0,0,0,0,0,0,9,0,39.9474,-75.2494, , 
 ,19854,2016080319,6,67,67301,2016,7,7,1218,12,1,1,0,4,1, , ,N,0,0,0,3,0,1,2,2,N, ,40 03:16.889,75 00:17.082,1225, ,1220, ,0, , , ,0, , , , , ,207955, , , ,1,1,0,0,0,0,0,0,1,0,0,1,1,0,0,0,0,0,0,0,0,1,0,0,0,0,0,0,0,0,0,0,0,0,0,4,0,40.0547,-75.0047, , 
 ,19855,2016087685,6,67,67301,2016,8,2,1640,16,1,1,0,1,1, , ,N,0,0,0,3,0,2,3,2,N,N,39 54:58.694,75 14:44.356,1809, ,1809, ,0, ,N, ,0, , , , , ,207960, , , ,2,1,0,0,0,0,0,1,0,0,0,2,2,0,1,0,0,0,0,0,1,1,0,0,0,0,0,0,0,0,0,0,0,0,0,4,0,39.9163,-75.2457, , 
 ,19856,2016097345,6,67,67301,2016,9,4,912,9,1,1,0,1,1, , ,N,0,0,0,3,0,0,4,3,N,N,39 59:41.038,75 05:02.397,912, ,912,1,1,2, , ,0,N, , , , ,208004, , , ,3,1,0,0,0,0,0,2,0,0,0,0,0,0,0,0,0,0,0,0,0,0,0,0,0,0,0,0,0,0,0,0,0,0,0,0,0,39.9947,-75.084, , 
 ,19857,2016105696,6,67,67301,2016,9,7,130,1,3,1,0,7,4, , ,N,4,0,0,3,0,1,1,1,N,N,39 58:56.069,75 13:09.603,150, ,143, ,0, ,N, ,0, , , , , ,208022, , , ,1,1,0,0,0,0,0,0,0,0,0,0,1,1,0,0,0,0,0,0,0,0,0,0,0,0,0,0,0,0,0,0,0,0,0,8,0,39.9822,-75.2193, , 
 ,19858,2016099569,6,67,67301,2016,9,6,1727,17,1,1,0,4,1, , ,N,1,2,0,3,0,1,2,2,N, ,39 56:39.490,75 09:18.158,1740, ,1727, ,0, , , ,3, , , , , ,210824, , , ,1,1,0,0,0,0,0,0,1,0,0,1,1,0,0,0,0,0,0,0,0,0,0,0,0,0,0,0,0,0,0,0,0,0,0,4,0,39.9443,-75.155, , 
 ,19859,2016117159,6,67,67301,2016,10,7,9999,99,1,1,0,1,1, , ,N,0,2,0,3,0,1,2,2,N,N,39 59:19.355,75 05:25.122,1146, ,1120, ,0, ,N, ,3, , , , , ,210826, , , ,2,1,0,0,0,0,1,0,0,0,0,0,1,1,0,0,0,0,0,0,0,1,0,1,0,0,0,0,0,0,0,0,0,0,0,8,0,39.9887,-75.0903, , 
 ,19860,2016119302,6,67,67301,2016,11,3,838,8,1,1,0,1,1, , ,N,0,0,0,3,0,1,5,4,N,N,40 02:00.517,75 01:12.249,857, ,840,2,1,2, , ,0,N, , , , ,210830, , , ,4,2,0,0,0,0,2,0,0,0,0,1,1,0,0,0,0,0,0,0,0,0,0,0,0,0,0,0,0,0,0,0,0,0,0,4,0,40.0335,-75.0201, , 
 ,19861,2016125497,6,67,67301,2016,11,4,848,8,1,1,0,4,1, , ,N,0,0,0,3,0,0,5,5,N,N,39 57:25.779,75 10:48.962,851, ,848, ,0, , , ,0, , , , , ,210837, , , ,5,4,0,0,0,0,1,0,0,0,0,0,0,0,0,0,0,0,0,0,0,0,0,0,0,0,0,0,0,0,0,0,0,0,0,0,0,39.9572,-75.1803, , 
 ,19862,2016080288,6,67,67301,2016,6,5,815,8,1,1,0,4,1, , ,N,1,2,0,3,0,1,5,2,N, ,40 04:50.725,75 01:42.964,823, ,823,9,2,3, , ,3,Y, , , , ,210850, , , ,2,1,0,0,0,0,1,0,0,0,0,1,1,0,0,0,0,0,0,0,1,0,0,0,0,0,0,0,0,0,0,0,0,0,0,4,0,40.0809,-75.0288, , 
 ,19863,2016080551,6,67,67301,2016,7,5,805,8,1,1,0,8,1, , ,N,1,3,0,3,0,1,2,2,N, ,40 01:18.818,75 04:08.687,838, ,816, ,0, , , ,3, , , , , ,210851, , , ,1,0,0,0,0,0,1,0,0,0,0,0,1,1,0,0,0,0,0,0,0,0,0,0,0,0,0,0,0,0,0,0,1,0,0,8,0,40.0219,-75.0691, , 
 ,19864,2016066022,6,46,46102,2016,6,4,736,7,1,1,0,1,1, , ,N,0,0,0,3,0,0,2,2,N,N,40 04:00.107,75 05:34.146,743, ,736, ,0, ,N, ,0, , , , , ,210876, , , ,2,0,0,0,1,0,1,0,0,0,0,0,0,0,0,0,0,0,0,0,1,0,0,0,0,0,0,0,0,0,0,0,0,0,0,0,0,40.0667,-75.0928, , 
 ,19865,2016068261,6,67,67301,2016,6,4,1340,13,1,1,0,4,1, , ,N,2,3,0,3,0,1,2,2,N,N,39 56:55.129,75 14:29.533,1346, ,1346, ,0, ,N, ,3, , , , , ,210879, , , ,1,1,0,0,0,0,0,0,1,0,0,1,1,0,0,0,0,0,0,0,0,0,0,0,0,0,0,0,0,0,0,0,0,0,0,4,0,39.9486,-75.2415, , 
 ,19866,2016069724,6,67,67301,2016,6,7,1903,19,1,1,0,5,1, , ,N,0,0,0,3,0,2,12,2,N,N,40 01:59.075,75 01:13.390,1919, ,1903,2,2,2, , ,0,N, , , , ,210881, , , ,2,0,0,0,0,0,1,1,0,0,2,0,2,0,0,0,0,0,0,0,0,0,0,0,0,0,0,0,0,0,0,0,0,0,0,3,0,40.0331,-75.0204, , 
 ,19867,2016062565,6,67,67301,2016,5,3,245,2,3,1,0,5,6, , ,N,0,0,0,3,0,1,4,2,N,N,39 56:33.900,75 09:28.108,249, ,245, ,0, ,N, ,0, , , , , ,210893, , , ,2,2,0,0,0,0,0,0,0,0,0,1,1,0,0,0,0,0,0,0,0,0,0,0,0,0,0,0,0,0,0,0,0,0,0,4,0,39.9428,-75.1578, , 