wz_ln_closure,objectid_1,crn,district,county,municipality,crash_year,crash_month,day_of_week,time_of_day,hour_of_day,illumination,weather,road_condition,collision_type,relation_to_road,work_zone_type,work_zone_loc,work_zone_ind,intersect_type,tcd_type,location_type,urban_rural,fatal_count,injury_count,person_count,total_units,sch_bus_ind,sch_zone_ind,latitude,longitude,arrival_tm,cons_zone_spd_lim,dispatch_tm,est_hrs_closed,lane_closed,ln_close_dir,ntfy_hiwy_maint,spec_juris_cd,tcd_func_cd,tfc_detour_ind,workers_pres,wz_close_detour,wz_flagger,wz_law_offcr_ind,objectid,wz_moving,wz_other,wz_shlder_mdn,vehicle_count,automobile_count,motorcycle_count,bus_count,small_truck_count,heavy_truck_count,suv_count,van_count,bicycle_count,maj_inj_count,mod_inj_count,min_inj_count,tot_inj_count,unk_inj_deg_count,unk_inj_per_count,driver_count_16yr,driver_count_17yr,driver_count_18yr,driver_count_19yr,driver_count_20yr,driver_count_50_64yr,driver_count_65_74yr,driver_count_75plus,unbelted_occ_count,unb_death_count,unb_maj_inj_count,belted_death_count,belted_maj_inj_count,mcycle_death_count,mcycle_maj_inj_count,bicycle_death_count,bicycle_maj_inj_count,ped_count,ped_death_count,ped_maj_inj_count,max_severity_level,comm_veh_count,dec_lat,dec_long,rdwy_surf_type_cd,county_name
 ,19935,2016105890,6,67,67301,2016,9,4,417,4,3,1,0,5,6, , ,N,0,0,0,3,0,0,1,6,N,N,40 01:49.306,75 06:34.675,425, ,417, ,0, , , ,0, , , , , ,211006, , , ,6,4,0,0,0,0,1,1,0,0,0,0,0,0,1,0,0,0,0,0,0,0,0,0,0,0,0,0,0,0,0,0,0,0,0,9,0,40.0304,-75.1096, , 
 ,19936,2016108623,6,67,67301,2016,10,7,400,4,3,1,0,1,6, , ,N,0,0,0,3,0,1,2,3,N,N,40 02:11.169,75 08:14.902,425, ,405,1,1,6,N, ,0,N, , , , ,211011, , , ,3,2,0,0,1,0,0,0,0,0,0,1,1,0,0,0,0,0,0,0,0,0,0,0,0,0,0,0,0,0,0,0,0,0,0,4,0,40.0364,-75.1375, , 
 ,19937,2016082370,6,67,67301,2016,7,7,218,2,3,1,0,1,1, , ,N,0,0,0,3,0,4,4,2,N, ,40 00:19.498,75 13:02.679,229, ,218,2,1,6, , ,0,Y, , , , ,211040, , , ,2,2,0,0,0,0,0,0,0,0,2,2,4,0,0,0,0,0,0,0,0,0,0,0,0,0,0,0,0,0,0,0,0,0,0,3,0,40.0054,-75.2174, , 
 ,19938,2016097198,6,67,67301,2016,8,6,1215,12,1,1,0,5,6, , ,N,0,0,0,3,0,0,1,2,N,N,39 58:10.840,75 13:23.250,1645, ,1620, ,0, ,N, ,0, , , , , ,211043, , , ,2,2,0,0,0,0,0,0,0,0,0,0,0,0,0,0,0,0,0,0,0,0,0,1,0,0,0,0,0,0,0,0,0,0,0,0,0,39.9697,-75.2231, , 
 ,19939,2016108525,6,67,67301,2016,10,2,700,7,1,9,8,4,1, , ,N,1,2,0,3,0,1,3,2,N, ,40 00:31.034,75 04:07.810,720, ,712, ,0, , , ,3, , , , , ,211066, , , ,2,1,0,0,0,0,1,0,0,0,0,0,1,1,1,0,0,0,0,0,0,0,0,0,0,0,0,0,0,0,0,0,0,0,0,8,0,40.0086,-75.0688, , 
 ,19940,2016080209,6,67,67301,2016,6,5,2155,21,3,1,0,8,1, , ,N,2,0,0,3,0,1,2,2,N,N,40 04:40.758,75 05:10.164,2213, ,2157, ,0, , , ,0, , , , , ,211072, , , ,1,0,0,0,1,0,0,0,0,0,0,1,1,0,0,0,0,0,0,0,0,1,0,0,0,0,0,0,0,0,0,0,1,0,0,4,0,40.078,-75.0862, , 
 ,19941,2016087641,6,67,67301,2016,6,3,23,0,3,1,0,1,1, , ,N,1,2,0,3,0,2,4,3,N, ,39 57:27.036,75 13:02.383,40, ,36, ,0, , , ,3, , , , , ,211075, , , ,3,2,0,0,0,0,0,0,0,0,0,2,2,0,0,0,0,0,0,0,0,0,0,0,0,0,0,0,0,0,0,0,0,0,0,4,0,39.9575,-75.2173, , 
 ,19942,2016087140,6,67,67301,2016,8,1,900,9,1,1,0,7,4, , ,N,0,0,0,3,0,0,1,1,N, ,40 03:32.407,75 12:01.810,920, ,900, ,0, , , ,0, , , , , ,211077, , , ,1,1,0,0,0,0,0,0,0,0,0,0,0,0,0,0,0,0,1,0,0,0,0,0,0,0,0,0,0,0,0,0,0,0,0,0,0,40.059,-75.2005, , 
 ,19943,2016080317,6,67,67301,2016,7,6,1505,15,1,9,1,7,4, , ,N,0,0,0,3,0,1,1,2,N, ,40 03:52.043,74 58:58.892,1557, ,1547,2,1,1, , ,0,Y, , , , ,211092, , , ,1,1,0,0,0,0,0,0,0,0,1,0,1,0,0,0,0,0,0,0,0,0,0,0,0,0,0,0,0,0,0,0,0,0,0,3,0,40.0645,-74.983, , 
 ,19944,2016080473,6,67,67301,2016,7,7,9999,99,1,1,0,8,1, , ,N,1,3,0,3,0,1,2,2,N, ,39 57:08.535,75 09:17.776,9999, ,9999, ,0, , , ,3, , , , , ,211093, , , ,1,0,0,0,0,0,1,0,0,0,0,1,1,0,0,0,0,0,0,0,0,0,0,1,0,0,0,0,0,0,0,0,1,0,0,4,0,39.9524,-75.1549, , 
 ,19945,2016087143,6,67,67301,2016,8,7,1855,18,1,1,0,1,1, , ,N,0,0,0,3,0,1,2,2,N,N,40 00:59.680,75 08:35.675,1859, ,1858, ,0, ,N, ,0, , , , , ,211100, , , ,2,0,1,0,0,1,0,0,0,0,0,1,1,0,0,0,0,0,0,0,1,0,0,1,0,0,0,0,0,0,0,0,0,0,0,4,0,40.0166,-75.1432, , 
 ,19946,2016095707,6,67,67301,2016,9,2,849,8,1,1,0,5,1, , ,N,0,0,0,3,0,1,2,2,N,N,39 57:26.617,75 08:49.702,906, ,854, ,0, , , ,0, , , , , ,211102, , , ,2,1,0,0,0,0,1,0,0,0,1,0,1,0,0,0,0,0,0,0,0,0,0,0,0,0,0,0,0,0,0,0,0,0,0,3,0,39.9574,-75.1471, , 
 ,19947,2016082241,6,67,67301,2016,7,7,255,2,3,1,0,7,5, , ,N,2,2,0,3,0,1,1,1,N,N,39 56:25.699,75 11:14.495,255, ,255, ,0, ,N, ,3, , , , , ,211103, , , ,1,1,0,0,0,0,0,0,0,0,0,0,1,1,0,0,0,0,0,0,0,0,0,1,0,0,0,0,0,0,0,0,0,0,0,8,0,39.9405,-75.1874, , 
 ,19948,2016089957,6,67,67301,2016,8,7,35,0,3,1,0,1,6, , ,N,0,0,0,3,0,1,1,3,N, ,40 01:15.286,75 07:05.562,117, ,36, ,0, , , ,0, , , , , ,211113, , , ,3,1,0,0,0,0,0,2,0,0,0,1,1,0,0,0,0,0,0,0,1,0,0,1,0,0,0,0,0,0,0,0,0,0,0,4,0,40.0209,-75.1182, , 
 ,19949,2016060827,6,67,67301,2016,5,2,1006,10,1,1,0,5,2, , ,N,0,0,0,3,0,1,1,2,N,N,39 55:31.602,75 13:15.775,1010, ,1006, ,0, ,N, ,0, , , , , ,211122, , , ,2,0,0,0,0,1,1,0,0,0,0,1,1,0,0,0,0,0,0,0,1,0,0,0,0,0,0,0,0,0,0,0,0,0,0,4,1,39.9254,-75.221, , 
 ,19950,2016126081,6,67,67301,2016,11,5,1640,16,1,1,0,5,6, , ,N,0,0,0,3,0,1,2,2,N,N,39 58:31.741,75 10:06.199,1655, ,1654, ,0, ,N, ,0, , , , , ,211151, , , ,2,2,0,0,0,0,0,0,0,0,0,0,1,1,0,0,0,0,0,0,1,0,0,0,0,0,0,0,0,0,0,0,0,0,0,8,0,39.9755,-75.1684, , 
 ,19951,2016097189,6,67,67301,2016,8,1,317,3,3,1,0,1,1, , ,N,0,0,0,3,0,1,3,2,N,N,39 57:06.515,75 12:12.722,326, ,317, ,0, , , ,0, , , , , ,214167, , , ,2,1,0,0,0,1,0,0,0,0,0,1,1,0,0,0,0,0,0,1,0,0,0,0,0,0,0,0,0,0,0,0,0,0,0,4,0,39.9518,-75.2035, , 
 ,19952,2016106302,6,67,67301,2016,4,6,532,5,3,1,0,8,1, , ,N,1,2,0,3,0,1,2,2,N,N,40 07:53.956,75 00:43.926,538, ,533,1,1,2,N, ,3,Y, , , , ,214174, , , ,1,0,0,0,1,0,0,0,0,0,0,1,1,0,0,0,0,0,0,0,0,0,0,0,0,0,0,0,0,0,0,0,1,0,0,4,0,40.1317,-75.0122, , 
 ,19953,2016083234,6,67,67301,2016,8,2,1100,11,1,1,0,1,1, , ,N,2,3,0,3,0,1,2,2,N,N,39 54:09.142,75 13:29.144,1115, ,1110, ,0, ,N, ,3, , , , , ,214179, , , ,2,0,0,0,1,0,1,0,0,0,0,0,1,1,0,0,0,0,0,0,0,0,0,0,0,0,0,0,0,0,0,0,0,0,0,8,0,39.9025,-75.2248, , 
 ,19954,2016105700,6,67,67301,2016,9,5,1248,12,1,1,0,4,1, , ,N,1,2,0,3,0,4,4,2,N, ,40 01:31.355,75 04:23.942,1248, ,1248,3,2,7, , ,3,Y, , , , ,214184, , , ,2,0,0,0,0,0,2,0,0,0,0,0,4,4,0,0,0,0,0,0,1,0,0,0,0,0,0,0,0,0,0,0,0,0,0,8,0,40.0254,-75.0733, , 
 ,19955,2016064166,6,67,67301,2016,6,5,1334,13,1,2,1,1,1, , ,N,0,0,0,3,0,2,4,2,N,N,39 57:29.626,75 09:55.893,1445, ,1438, ,0, , , ,0, , , , , ,214205, , , ,2,0,0,0,0,0,1,1,0,0,2,0,2,0,0,0,0,0,0,0,1,0,0,0,0,0,0,0,0,0,0,0,0,0,0,3,0,39.9582,-75.1655, , 
 ,19956,2016080933,6,67,67301,2016,7,4,1430,14,1,1,0,7,4, , ,N,1,2,0,3,0,0,1,1,N,N,39 59:36.071,75 05:49.104,1515, ,1500, ,0, , , ,3, , , , , ,214212, , , ,1,1,0,0,0,0,0,0,0,0,0,0,0,0,1,0,0,0,0,0,0,0,0,0,0,0,0,0,0,0,0,0,0,0,0,9,0,39.9934,-75.097, , 
 ,19957,2016082230,6,67,67301,2016,7,4,1211,12,1,1,0,4,1, , ,N,1,2,0,3,0,2,4,2,N, ,39 58:15.733,75 09:20.582,1240, ,1234, ,0, , , ,3, , , , , ,214218, , , ,2,2,0,0,0,0,0,0,0,0,0,2,2,0,2,0,0,0,0,0,0,0,0,0,0,0,0,0,0,0,0,0,0,0,0,4,0,39.9709,-75.1557, , 
 ,19958,2016126105,6,67,67301,2016,11,5,1515,15,1,1,0,5,1, , ,N,0,0,0,3,0,1,2,2,N,N,39 59:30.511,75 08:05.393,1602, ,1535, ,0, ,N, ,0, , , , , ,214243, , , ,2,1,0,0,0,1,0,0,0,0,0,1,1,0,0,0,0,0,0,0,0,0,0,1,0,0,0,0,0,0,0,0,0,0,0,4,1,39.9918,-75.1348, , 
 ,19959,2016134687,6,67,67301,2016,12,7,934,9,1,4,3,7,3, , ,N,0,0,0,3,0,0,1,1,N,N,39 53:22.434,75 14:24.915,1036, ,1036, ,0, , , ,0, , , , , ,214247, , , ,1,0,0,0,0,0,1,0,0,0,0,0,0,0,0,0,0,0,0,0,1,0,0,0,0,0,0,0,0,0,0,0,0,0,0,0,0,39.8896,-75.2403, , 
 ,19960,2016129333,6,67,67301,2016,11,1,1540,15,1,1,0,1,1, , ,N,0,0,0,3,0,4,4,3,N, ,40 03:40.973,74 59:19.547,1545, ,1544,1,2,1, , ,0,Y, , , , ,214257, , , ,3,2,0,0,0,0,1,0,0,0,0,0,4,4,0,0,0,0,0,0,0,1,0,0,0,0,0,0,0,0,0,0,0,0,0,8,0,40.0614,-74.9888, , 
 ,19961,2016096795,6,67,67301,2016,9,3,818,8,1,1,0,1,1, , ,N,0,0,0,3,0,0,3,2,N,N,39 53:22.069,75 13:10.053,840, ,823, ,0, , , ,0, , , , , ,214267, , , ,2,2,0,0,0,0,0,0,0,0,0,0,0,0,0,0,0,0,0,0,0,0,0,0,0,0,0,0,0,0,0,0,0,0,0,0,0,39.8895,-75.2195, , 
 ,19962,2016108585,6,67,67301,2016,10,7,1802,18,3,2,1,1,1, , ,N,1,2,0,3,0,1,3,2,N,N,40 00:40.651,75 06:21.920,1905, ,1905, ,0, ,N, ,3, , , , , ,214297, , , ,2,1,0,0,1,0,0,0,0,0,0,0,1,1,0,0,0,0,0,0,0,0,0,2,0,0,0,0,0,0,0,0,0,0,0,8,0,40.0113,-75.1061, , 
 ,19963,2016082240,6,67,67301,2016,7,3,1920,19,4,1,0,4,1, , ,N,2,2,0,3,0,1,2,2,N,N,39 56:24.382,75 12:02.446,1940, ,1938, ,0, , , ,3, , , , , ,214312, , , ,2,0,0,0,0,0,2,0,0,0,1,0,1,0,0,0,0,0,0,0,0,1,0,0,0,0,0,0,0,0,0,0,0,0,0,3,0,39.9401,-75.2007, , 
 ,19964,2016132220,6,67,67301,2016,11,2,1705,17,3,1,0,8,1, , ,N,1,2,0,3,1,0,2,2,N,N,39 57:09.508,75 10:41.402,1720, ,1705, ,0, ,N,0,3, , , , , ,214327, , , ,1,0,0,1,0,0,0,0,0,0,0,0,0,0,0,0,0,0,0,0,0,0,0,0,0,0,0,0,0,0,0,0,1,1,0,1,1,39.9526,-75.1781,2, 
 ,19965,2016080462,6,67,67301,2016,6,7,9999,99,1,1,0,8,1, , ,N,0,2,0,3,0,1,3,2,N, ,40 00:25.219,75 09:23.963,1900, ,1856, ,0, , , ,3, , , , , ,214345, , , ,1,1,0,0,0,0,0,0,0,0,0,1,1,0,0,0,0,0,0,0,0,0,1,0,0,0,0,0,0,0,0,0,1,0,0,4,0,40.007,-75.1567, , 
 ,19966,2016080121,6,67,67301,2016,7,1,1958,19,3,1,1,4,1, , ,N,1,2,0,3,0,1,2,2,N,N,40 05:09.739,75 12:42.976,2039, ,2033, ,0, , , ,3, , , , , ,214350, , , ,2,1,0,0,0,0,1,0,0,0,0,1,1,0,0,0,0,0,0,0,0,0,0,0,0,0,0,0,0,0,0,0,0,0,0,4,0,40.0861,-75.2119, , 
 ,19967,2016086463,6,67,67301,2016,8,2,628,6,1,1,0,1,1, , ,N,0,0,0,3,0,1,3,3,N,N,39 57:36.380,75 10:47.017,639, ,637,2,1,4, , ,0,N, , , , ,214358, , , ,3,2,0,0,1,0,0,0,0,0,1,0,1,0,0,0,0,0,0,0,0,0,0,0,0,0,0,0,0,0,0,0,0,0,0,3,0,39.9601,-75.1797, , 
 ,19968,2016120520,6,67,67301,2016,11,3,1140,11,1,1,0,1,6, , ,N,0,0,0,3,0,1,1,2,N, ,39 56:25.982,75 14:12.577,1306, ,1145, ,0, , , ,0, , , , , ,214381, , , ,2,1,0,0,1,0,0,0,0,0,1,0,1,0,0,0,0,0,0,0,0,1,0,0,0,0,0,0,0,0,0,0,0,0,0,3,0,39.9406,-75.2368, , 
 ,19969,2016052827,6,67,67301,2016,4,3,1835,18,1,1,0,4,1, , ,N,1,3,0,3,0,0,6,2,N,N,39 57:11.858,75 13:56.517,1840, ,1837, ,0, ,N, ,2, , , , , ,204666, , , ,2,2,0,0,0,0,0,0,0,0,0,0,0,0,0,0,0,0,0,0,0,0,0,0,0,0,0,0,0,0,0,0,0,0,0,0,0,39.9533,-75.2324, , 
 ,19970,2016120163,6,67,67301,2016,11,3,2155,21,2,1,0,7,4, , ,N,0,0,0,3,0,1,2,1,N,N,39 59:55.978,75 11:43.450,2210, ,2210,1,2,4, , ,0,N, , , , ,204682, , , ,1,1,0,0,0,0,0,0,0,0,0,0,1,1,0,0,1,0,0,0,0,0,0,0,0,0,0,0,0,0,0,0,0,0,0,8,0,39.9989,-75.1954, , 
 ,19971,2016099542,6,67,67301,2016,9,1,2326,23,3,1,0,1,1, , ,N,2,2,7,3,0,0,6,2,N, ,39 59:23.348,75 15:03.040,0, ,2356,2,1,1, , ,3,Y, , , , ,204683, , , ,2,1,0,0,0,0,1,0,0,0,0,0,0,0,0,0,0,0,0,0,1,0,0,0,0,0,0,0,0,0,0,0,0,0,0,0,0,39.9897,-75.2508, , 
 ,19972,2016019352,6,67,67301,2016,2,6,1940,19,3,4,3,7,3, , ,N,0,0,0,3,0,0,1,1,N,N,39 53:55.275,75 10:50.656,1950, ,1942,2,1,2, , ,0,N, , , , ,204702, , , ,1,0,0,0,0,0,1,0,0,0,0,0,0,0,0,0,0,0,0,0,0,0,0,0,0,0,0,0,0,0,0,0,0,0,0,0,0,39.8987,-75.1807, , 
Y,19973,2016019906,6,67,67301,2016,2,6,2327,23,3,1,0,7,4,1,4,Y,1,2,0,3,0,1,2,1,N, ,39 59:59.072,75 08:18.639,2327,99,2327,9,1,1, , ,3,N,U, , ,U,204704, , , ,1,1,0,0,0,0,0,0,0,0,0,0,1,1,0,0,0,0,0,0,0,0,0,1,0,0,0,0,0,0,0,0,0,0,0,8,0,39.9997,-75.1385, , 
 ,19974,2016026104,6,67,67301,2016,2,4,830,8,1,1,3,4,1, , ,N,1,0,0,3,0,3,3,2,N,N,40 02:58.278,75 08:47.343,1011, ,1010, ,0, ,N, ,0, , , , , ,204707, , , ,2,1,0,0,0,0,1,0,0,1,2,0,3,0,0,0,0,0,0,0,1,0,0,0,0,0,0,0,0,0,0,0,0,0,0,2,0,40.0495,-75.1465, , 
 ,19975,2016097136,6,67,67301,2016,9,5,1056,10,1,1,0,4,1, , ,N,1,2,0,3,0,1,3,2,N, ,40 03:17.072,75 00:17.300,1056, ,1056, ,0, , , ,3, , , , , ,204737, , , ,2,1,0,0,0,0,1,0,0,0,0,0,1,1,0,0,0,0,0,0,1,0,0,1,0,0,0,0,0,0,0,0,0,0,0,8,0,40.0547,-75.0048, , 
 ,19976,2016050037,6,67,67301,2016,4,2,9999,99,1,1,0,8,1, , ,N,0,0,0,3,0,1,3,2,N,N,39 59:26.356,75 09:19.108,910, ,900,2,1,2,N, ,0,N, , , , ,204759, , , ,1,1,0,0,0,0,0,0,0,0,0,1,1,0,0,0,0,0,0,0,0,0,0,0,0,0,0,0,0,0,0,0,1,0,0,4,0,39.9907,-75.1553, , 
 ,19977,2016060503,6,67,67301,2016,5,2,800,8,1,1,0,1,1, , ,N,0,0,0,3,0,0,2,2,N,N,39 59:43.160,75 11:51.505,824, ,809,1,1,4, , ,0,N, , , , ,204767, , , ,2,1,0,0,0,0,1,0,0,0,0,0,0,0,0,0,0,0,0,0,0,0,0,0,0,0,0,0,0,0,0,0,0,0,0,0,0,39.9953,-75.1976, , 
 ,19978,2016080481,6,67,67301,2016,6,4,1722,17,1,1,0,1,1, , ,N,1,2,0,3,0,1,3,3,N,N,40 00:27.502,75 07:38.377,1736, ,1736, ,0, , , ,3, , , , , ,204772, , , ,3,2,0,0,1,0,0,0,0,0,0,0,1,1,2,0,0,0,0,0,0,0,0,3,0,0,0,0,0,0,0,0,0,0,0,8,0,40.0076,-75.1273, , 
 ,19979,2016094283,6,67,67301,2016,9,5,1053,10,1,1,0,1,1, , ,N,10,0,0,3,0,5,5,2,N,N,40 00:33.381,75 12:17.656,1053, ,1053, ,0, , , ,0, , , , , ,204781, , , ,2,2,0,0,0,0,0,0,0,0,1,0,5,4,0,0,0,0,0,0,1,1,0,0,0,0,0,0,0,0,0,0,0,0,0,3,0,40.0093,-75.2049, , 
 ,19980,2016117133,6,67,67301,2016,10,2,2130,21,1,1,0,4,1, , ,N,1,2,0,3,0,1,2,2,N,N,40 01:32.257,75 09:15.145,2140, ,2130, ,0, , , ,3, , , , , ,204802, , , ,2,0,1,0,0,0,1,0,0,0,0,0,1,1,1,0,0,0,0,0,1,0,0,0,0,0,0,0,0,0,0,0,0,0,0,8,0,40.0256,-75.1542, , 
 ,19981,2016125082,6,67,67301,2016,11,3,530,5,3,1,0,7,2, , ,N,0,0,0,3,0,0,5,1,N,N,39 56:53.321,75 08:31.609,537, ,530, ,0, , , ,0, , , , , ,204803, , , ,1,0,0,0,0,0,1,0,0,0,0,0,0,0,0,0,0,0,0,0,0,0,0,0,0,0,0,0,0,0,0,0,0,0,0,0,0,39.9481,-75.1421, , 
 ,19982,2016053683,6,67,67301,2016,5,1,107,1,3,1,0,7,7, , ,N,7,4,2,3,0,1,1,1,N,N,39 58:19.618,75 07:24.750,120, ,107, ,0, ,Y, ,9, , , , , ,204808, , , ,1,0,0,0,0,0,1,0,0,0,0,1,1,0,0,0,0,0,0,0,1,0,0,0,0,0,0,0,0,0,0,0,0,0,0,4,0,39.9721,-75.1235, , 
 ,19983,2016056012,6,67,67301,2016,5,2,2258,22,3,1,0,7,4, , ,N,0,0,0,3,0,1,1,1,N,N,40 06:18.054,75 00:02.656,2308, ,2305,1,1,1,N, ,0,N, , , , ,204810, , , ,1,0,0,0,0,0,1,0,0,0,0,1,1,0,0,0,0,0,0,0,0,0,0,0,0,0,0,0,0,0,0,0,0,0,0,4,0,40.105,-75.0007, , 
 ,19984,2016083803,6,67,67301,2016,7,6,2228,22,3,1,0,7,2, , ,N,0,0,0,3,0,1,1,1,N,N,39 56:26.780,75 08:35.204,2309, ,2308,2,1,1, , ,0,N, , , , ,204841, , , ,1,1,0,0,0,0,0,0,0,0,0,0,1,1,0,0,0,0,0,0,0,0,0,0,0,0,0,0,0,0,0,0,0,0,0,8,0,39.9408,-75.1431, , 
 ,19985,2016080243,6,67,67301,2016,6,1,1522,15,1,1,0,5,1, , ,N,0,0,0,3,0,5,6,3,N, ,40 03:12.018,75 04:11.584,1527, ,1523,2,2,3, , ,0,Y, , , , ,204855, , , ,3,1,0,0,0,0,2,0,0,0,4,1,5,0,0,0,0,0,0,0,1,0,0,1,0,0,0,0,0,0,0,0,0,0,0,3,0,40.0533,-75.0699, , 
 ,19986,2016080861,6,67,67301,2016,7,5,9999,99,1,1,0,8,1, , ,N,3,3,0,3,1,0,2,2,N,N,39 59:36.053,75 11:11.148,1400, ,1352, ,0, ,N,0,3, , , , , ,204870, , , ,1,0,0,0,0,0,0,0,0,0,0,0,0,0,0,0,0,0,0,0,0,0,0,0,0,0,0,0,0,0,0,0,1,1,0,1,0,39.9933,-75.1864,2, 
 ,19987,2016080682,6,67,67301,2016,7,7,1330,13,1,1,0,1,1, , ,N,1,2,0,3,0,1,3,3,N,N,40 01:36.580,75 05:52.985,2020, ,2015, ,0, , , ,3, , , , , ,208249, , , ,3,2,0,0,0,0,1,0,0,0,0,1,1,0,2,0,0,0,0,0,1,0,0,0,0,0,0,0,0,0,0,0,0,0,0,4,0,40.0268,-75.0981, , 
 ,19988,2016080969,6,67,67301,2016,6,4,1350,13,1,1,0,1,1, , ,N,1,2,0,3,0,1,2,2,N,N,39 57:34.089,75 09:43.114,1405, ,1400, ,0, , , ,3, , , , , ,208250, , , ,2,2,0,0,0,0,0,0,0,0,0,1,1,0,0,0,0,0,0,0,0,0,0,0,0,0,0,0,0,0,0,0,0,0,0,4,0,39.9595,-75.162, , 
 ,19989,2016058665,6,67,67301,2016,5,6,1530,15,1,2,1,4,1, , ,N,2,2,0,3,0,1,2,2,N,N,39 58:21.061,75 10:41.105,1540, ,1539,3,2,3, , ,3,N, , , , ,208279, , , ,2,1,0,0,0,0,1,0,0,0,1,0,1,0,0,0,0,0,0,0,0,0,0,0,0,0,0,0,0,0,0,0,0,0,0,3,0,39.9725,-75.1781, , 
 ,19990,2016065721,6,67,67301,2016,6,2,1236,12,1,1,0,4,1, , ,N,1,3,0,3,0,2,3,2,N,N,40 00:42.501,75 06:35.945,1236, ,1236, ,0, ,N, ,3, , , , , ,208284, , , ,2,1,0,0,0,0,1,0,0,0,0,2,2,0,1,0,0,0,0,0,1,0,0,0,0,0,0,0,0,0,0,0,0,0,0,4,0,40.0118,-75.11, , 
 ,19991,2016070632,6,67,67301,2016,6,6,1903,19,1,1,0,8,1, , ,N,0,0,0,3,0,1,3,2,N, ,40 01:40.422,75 03:17.242,1924, ,1914, ,0, , , ,0, , , , , ,208291, , , ,1,1,0,0,0,0,0,0,0,0,1,0,1,0,0,0,0,0,0,0,1,0,0,0,0,0,0,0,0,0,0,0,1,0,0,3,0,40.0279,-75.0548, , 
 ,19992,2016089899,6,67,67301,2016,8,7,2202,22,3,1,0,4,1, , ,N,1,3,0,3,0,0,3,2,N, ,39 57:16.398,75 08:41.020,2233, ,2229, ,0, , , ,3, , , , , ,208312, , , ,2,2,0,0,0,0,0,0,0,0,0,0,0,0,0,0,0,0,0,0,0,1,0,0,0,0,0,0,0,0,0,0,0,0,0,0,0,39.9546,-75.1447, , 
 ,19993,2016105714,6,67,67301,2016,9,2,1135,11,1,1,0,4,1, , ,N,2,0,7,3,0,1,2,2,N, ,39 54:44.981,75 14:34.897,1149, ,1149, ,0, , , ,0, , , , , ,208318, , , ,2,1,0,0,0,0,1,0,0,0,0,1,1,0,1,0,0,0,0,0,0,1,0,0,0,0,0,0,0,0,0,0,0,0,0,4,0,39.9125,-75.243, , 
 ,19994,2016079823,6,67,67301,2016,7,3,2120,21,3,1,0,0,1, , ,N,0,0,0,3,0,1,2,2,N,N,39 57:59.894,75 08:07.082,2152, ,2131, ,0, , , ,0, , , , , ,208334, , , ,2,1,0,0,1,0,0,0,0,0,1,0,1,0,0,0,0,0,0,0,1,0,0,0,0,0,0,0,0,0,0,0,0,0,0,3,0,39.9666,-75.1353, , 
 ,19995,2016080205,6,67,67301,2016,7,3,2250,22,3,1,0,1,1, , ,N,2,2,0,3,0,1,5,3,N,N,39 57:18.598,75 11:08.021,2255, ,2253,1,1,4,N, ,3,N, , , , ,208335, , , ,3,0,0,0,0,0,3,0,0,0,1,0,1,0,0,0,0,0,0,1,1,0,0,0,0,0,0,0,0,0,0,0,0,0,0,3,0,39.9551,-75.1856, , 
 ,19996,2016084756,6,67,67301,2016,8,1,338,3,3,1,0,1,1, , ,N,0,0,0,3,0,0,2,2,N,N,39 58:37.558,75 11:55.563,341, ,340,2,1,3, , ,0,N, , , , ,208336, , , ,2,2,0,0,0,0,0,0,0,0,0,0,0,0,0,0,0,0,0,0,1,0,0,0,0,0,0,0,0,0,0,0,0,0,0,0,0,39.9771,-75.1988, , 
 ,19997,2016099505,6,67,67301,2016,9,4,2320,23,3,1,0,8,1, , ,N,0,0,0,3,0,1,2,2,N,N,40 03:11.006,75 03:39.329,554, ,553, ,0, ,N, ,0, , , , , ,208351, , , ,1,1,0,0,0,0,0,0,0,0,0,0,1,1,0,0,0,0,0,0,0,0,0,0,0,0,0,0,0,0,0,0,1,0,0,8,0,40.0531,-75.0609, , 
 ,19998,2016067854,6,67,67301,2016,6,1,540,5,5,1,0,7,4, , ,N,5,2,0,3,0,0,1,1,N,N,39 55:37.088,75 10:01.048,546, ,546, ,0, ,N, ,3, , , , , ,208360, , , ,1,1,0,0,0,0,0,0,0,0,0,0,0,0,0,0,0,0,0,0,0,0,0,0,0,0,0,0,0,0,0,0,0,0,0,0,0,39.927,-75.167, , 
 ,19999,2016080944,6,67,67301,2016,6,3,1521,15,1,1,0,1,1, , ,N,0,0,0,3,0,0,4,2,N,N,40 05:57.101,75 01:13.831,1530, ,1523,1,2,4, , ,0,N, , , , ,208366, , , ,2,1,0,0,0,0,1,0,0,0,0,0,0,0,1,0,0,0,0,0,0,1,0,0,0,0,0,0,0,0,0,0,0,0,0,9,0,40.0992,-75.0205, , 
 ,20000,2016080844,6,67,67301,2016,7,6,1214,12,1,1,0,8,1, , ,N,0,2,0,3,0,1,2,2,N,N,39 58:53.137,75 07:02.237,1220, ,1216,1,1,4,N, ,3,N, , , , ,208383, , , ,1,1,0,0,0,0,0,0,0,0,0,1,1,0,0,0,0,0,0,0,0,0,0,0,0,0,0,0,0,0,0,0,1,0,0,4,0,39.9814,-75.1173, , 