wz_ln_closure,objectid_1,crn,district,county,municipality,crash_year,crash_month,day_of_week,time_of_day,hour_of_day,illumination,weather,road_condition,collision_type,relation_to_road,work_zone_type,work_zone_loc,work_zone_ind,intersect_type,tcd_type,location_type,urban_rural,fatal_count,injury_count,person_count,total_units,sch_bus_ind,sch_zone_ind,latitude,longitude,arrival_tm,cons_zone_spd_lim,dispatch_tm,est_hrs_closed,lane_closed,ln_close_dir,ntfy_hiwy_maint,spec_juris_cd,tcd_func_cd,tfc_detour_ind,workers_pres,wz_close_detour,wz_flagger,wz_law_offcr_ind,objectid,wz_moving,wz_other,wz_shlder_mdn,vehicle_count,automobile_count,motorcycle_count,bus_count,small_truck_count,heavy_truck_count,suv_count,van_count,bicycle_count,maj_inj_count,mod_inj_count,min_inj_count,tot_inj_count,unk_inj_deg_count,unk_inj_per_count,driver_count_16yr,driver_count_17yr,driver_count_18yr,driver_count_19yr,driver_count_20yr,driver_count_50_64yr,driver_count_65_74yr,driver_count_75plus,unbelted_occ_count,unb_death_count,unb_maj_inj_count,belted_death_count,belted_maj_inj_count,mcycle_death_count,mcycle_maj_inj_count,bicycle_death_count,bicycle_maj_inj_count,ped_count,ped_death_count,ped_maj_inj_count,max_severity_level,comm_veh_count,dec_lat,dec_long,rdwy_surf_type_cd,county_name
 ,20001,2016097128,6,67,67301,2016,8,5,709,7,1,1,0,5,1, , ,N,0,0,0,3,0,0,3,2,N,N,40 00:53.538,75 10:40.086,720, ,709,1,1,2, , ,0,N, , , , ,208390, , , ,2,1,0,0,0,0,0,1,0,0,0,0,0,0,0,0,0,0,0,0,0,0,0,0,0,0,0,0,0,0,0,0,0,0,0,0,0,40.0149,-75.1778, , 
 ,20002,2016105524,6,67,67301,2016,9,7,411,4,3,1,0,5,6, , ,N,0,0,0,3,0,0,1,3,N,N,40 00:52.074,75 08:25.287,416, ,412,3,2,2,N, ,0,Y, , , , ,208405, , , ,3,2,0,0,1,0,0,0,0,0,0,0,0,0,0,0,0,0,0,1,0,0,0,0,0,0,0,0,0,0,0,0,0,0,0,0,0,40.0145,-75.1404, , 
 ,20003,2016105743,6,67,67301,2016,9,4,620,6,5,1,0,4,1, , ,N,5,2,1,3,0,1,2,2,N,N,39 59:47.157,75 06:48.512,620, ,620, ,0, ,N, ,3, , , , , ,208410, , , ,1,0,0,0,0,0,1,0,1,0,0,0,1,1,0,0,0,0,0,0,0,0,1,1,0,0,0,0,0,0,0,0,0,0,0,8,0,39.9964,-75.1135, , 
 ,20004,2016117158,6,67,67301,2016,10,3,1127,11,1,1,0,8,4, , ,N,1,2,0,3,0,1,2,2,N,N,39 59:56.501,75 07:59.705,1129, ,1127, ,0, , , ,3, , , , , ,208417, , , ,1,1,0,0,0,0,0,0,0,0,1,0,1,0,0,0,0,0,0,0,0,0,0,0,0,0,0,0,0,0,0,0,1,0,0,3,0,39.999,-75.1332, , 
 ,20005,2016104684,6,67,67301,2016,10,6,45,0,3,1,0,7,2, , ,N,6,0,2,3,0,0,1,1,N,N,39 57:06.151,75 08:29.297,100, ,48, ,0, , , ,0, , , , , ,211169, , , ,1,1,0,0,0,0,0,0,0,0,0,0,0,0,1,0,0,0,0,0,0,0,0,0,0,0,0,0,0,0,0,0,0,0,0,9,0,39.9517,-75.1415, , 
 ,20006,2016105613,6,67,67301,2016,9,2,1703,17,1,1,0,4,1, , ,N,1,3,0,3,0,1,2,3,N,N,39 55:18.854,75 10:48.248,1712, ,1710, ,0, ,N, ,3, , , , , ,211173, , , ,3,2,0,0,0,0,1,0,0,0,1,0,1,0,0,0,0,0,0,0,0,0,1,1,0,0,0,0,0,0,0,0,0,0,0,3,0,39.9219,-75.1801, , 
 ,20007,2016082293,6,67,67301,2016,7,4,1512,15,1,1,0,6,1, , ,N,1,3,0,3,0,0,2,2,N,N,40 00:16.686,75 08:14.798,1559, ,1554, ,0, , , ,3, , , , , ,211190, , , ,2,1,0,0,1,0,0,0,0,0,0,0,0,0,0,0,0,0,0,0,0,0,0,0,0,0,0,0,0,0,0,0,0,0,0,0,0,40.0046,-75.1374, , 
 ,20008,2016092145,6,67,67301,2016,8,6,1920,19,3,1,0,4,1, , ,N,1,2,0,3,0,2,6,3,N,N,39 56:43.175,75 14:30.351,1925, ,1920, ,0, ,N, ,3, , , , , ,211191, , , ,3,3,0,0,0,0,0,0,0,0,0,0,2,2,0,0,0,0,0,0,2,0,0,2,0,0,0,0,0,0,0,0,0,0,0,8,0,39.9453,-75.2418, , 
 ,20009,2016106306,6,67,67301,2016,9,5,641,6,1,1,0,1,1, , ,N,0,2,0,3,0,1,2,2,N,N,40 01:11.115,75 08:54.843,700, ,644,1,1,2,N, ,3,N, , , , ,211194, , , ,2,1,0,0,0,0,1,0,0,0,0,1,1,0,0,0,0,0,0,0,0,0,0,0,0,0,0,0,0,0,0,0,0,0,0,4,0,40.0198,-75.1486, , 
 ,20010,2016066349,6,67,67301,2016,6,5,651,6,1,1,0,6,1, , ,N,0,0,0,3,0,0,2,2,N,N,40 06:46.569,74 58:14.120,702, ,651,3,1,1,N, ,0,N, , , , ,211216, , , ,2,1,0,0,0,1,0,0,0,0,0,0,0,0,0,0,0,0,0,0,0,0,0,0,0,0,0,0,0,0,0,0,0,0,0,0,1,40.1129,-74.9706, , 
 ,20011,2016070671,6,67,67301,2016,6,5,1713,17,1,1,0,1,1, , ,N,0,2,0,3,0,2,3,3,N,N,40 02:19.904,75 03:35.587,1715, ,1713,2,2,1,N, ,3,Y, , , , ,211228, , , ,3,1,0,0,1,0,1,0,0,0,1,1,2,0,0,0,0,0,0,0,1,1,0,0,0,0,0,0,0,0,0,0,0,0,0,3,0,40.0389,-75.0599, , 
 ,20012,2016080161,6,67,67301,2016,7,4,5,0,3,1,0,6,1, , ,N,0,0,0,3,0,1,2,2,N, ,39 58:48.901,75 05:22.711,106, ,5, ,0, , , ,0, , , , , ,211245, , , ,2,1,0,0,0,0,1,0,0,0,0,1,1,0,0,0,0,0,0,0,0,0,0,1,0,0,0,0,0,0,0,0,0,0,0,4,0,39.9803,-75.0896, , 
 ,20013,2016064104,6,67,67301,2016,6,6,1427,14,1,1,0,1,1, , ,N,0,0,0,3,0,0,4,4,N,N,40 01:32.030,75 01:42.880,1444, ,1432,3,1,2, , ,0,N, , , , ,211254, , , ,4,0,0,0,1,0,3,0,0,0,0,0,0,0,0,0,0,0,0,1,2,0,0,0,0,0,0,0,0,0,0,0,0,0,0,0,0,40.0256,-75.0286, , 
 ,20014,2016069608,6,67,67301,2016,6,3,1119,11,1,1,0,5,1, , ,N,0,0,3,3,0,2,2,2,N,N,39 53:33.205,75 11:50.252,1120, ,1120,3,2,1, , ,0,N, , , , ,211258, , , ,2,1,0,0,0,1,0,0,0,1,1,0,2,0,0,0,0,0,0,0,0,0,0,1,0,1,0,0,0,0,0,0,0,0,0,2,1,39.8926,-75.1973, , 
 ,20015,2016080244,6,67,67301,2016,6,6,1931,19,1,1,0,5,1, , ,N,0,0,0,3,0,1,2,2,N,N,40 00:49.054,75 04:14.120,1932, ,1932, ,0, ,N, ,0, , , , , ,211269, , , ,1,1,0,0,0,0,0,0,1,0,0,1,1,0,0,0,0,0,0,0,0,0,0,1,0,0,0,0,0,0,0,0,0,0,0,4,0,40.0136,-75.0706, , 
 ,20016,2016080378,6,67,67301,2016,7,5,1530,15,1,1,0,8,1, , ,N,1,2,0,3,0,1,2,2,N, ,40 01:46.123,75 08:48.184,1930, ,9999, ,0, , , ,3, , , , , ,211270, , , ,1,1,0,0,0,0,0,0,0,0,1,0,1,0,1,0,0,0,0,0,0,0,0,0,0,0,0,0,0,0,0,0,1,0,0,3,0,40.0295,-75.1467, , 
 ,20017,2016112166,6,67,67301,2016,10,2,1015,10,1,1,0,6,1, , ,N,0,0,0,3,0,0,2,2,N,N,40 00:27.034,75 11:55.016,1024, ,1020, ,0, ,N, ,0, , , , , ,211282, , , ,2,1,0,0,0,0,1,0,0,0,0,0,0,0,0,0,0,0,0,0,0,0,1,0,0,0,0,0,0,0,0,0,0,0,0,0,0,40.0075,-75.1986, , 
 ,20018,2016120538,6,67,67301,2016,10,7,1150,11,1,1,0,4,1, , ,N,0,0,7,3,0,1,2,2,N,N,40 07:29.300,75 00:53.800,1200, ,1150, ,0, ,N, ,0, , , , , ,211291, , , ,2,1,0,0,0,0,1,0,0,0,0,1,1,0,0,0,0,0,0,0,0,1,0,0,0,0,0,0,0,0,0,0,0,0,0,4,0,40.1247,-75.015, , 
 ,20019,2016063978,6,67,67301,2016,6,7,1910,19,1,1,0,5,6, , ,N,0,0,0,3,0,1,1,3,N,N,40 00:51.259,75 09:26.553,1920, ,1920, ,0, ,N, ,0, , , , , ,211316, , , ,3,3,0,0,0,0,0,0,0,0,0,0,1,1,0,0,0,0,0,0,0,0,0,0,0,0,0,0,0,0,0,0,0,0,0,8,0,40.0142,-75.1574, , 
 ,20020,2016063988,6,67,67301,2016,6,5,955,9,1,1,0,8,1, , ,N,1,2,0,3,0,1,2,2,N, ,39 57:20.167,75 10:21.953,1000, ,959, ,0, , , ,3, , , , , ,211323, , , ,1,0,0,0,0,0,1,0,0,0,0,1,1,0,0,0,0,0,0,0,0,0,0,1,0,0,0,0,0,0,0,0,1,0,0,4,0,39.9556,-75.1728, , 
 ,20021,2016080375,6,67,67301,2016,7,2,1745,17,1,1,0,1,1, , ,N,0,2,0,3,0,1,3,2,N,N,39 57:40.395,75 08:47.394,1756, ,1751, ,0, , , ,3, , , , , ,211333, , , ,2,0,0,0,1,0,1,0,0,0,0,0,1,1,0,0,0,0,0,0,0,0,0,0,0,0,0,0,0,0,0,0,0,0,0,8,0,39.9612,-75.1465, , 
 ,20022,2016080736,6,67,67301,2016,6,2,1800,18,1,1,0,1,6, , ,N,0,0,0,3,0,0,1,2,N,N,39 59:45.971,75 10:16.734,1811, ,1800, ,0, ,N, ,0, , , , , ,211334, , , ,2,0,0,0,2,0,0,0,0,0,0,0,0,0,1,0,0,0,0,0,0,0,0,0,0,0,0,0,0,0,0,0,0,0,0,9,0,39.9961,-75.1713, , 
 ,20023,2016097668,6,67,67301,2016,9,6,9999,99,3,1,0,1,6, , ,N,0,0,0,3,0,1,1,2,N,N,40 02:01.636,75 10:18.218,6, ,4, ,0, ,N, ,0, , , , , ,213447, , , ,2,2,0,0,0,0,0,0,0,0,0,1,1,0,0,0,0,0,0,0,0,0,0,1,0,0,0,0,0,0,0,0,0,0,0,4,0,40.0338,-75.1717, , 
 ,20024,2016105729,6,67,67301,2016,9,5,1545,15,1,1,0,6,1, , ,N,0,0,0,3,0,1,2,2,N,N,40 00:25.132,75 10:29.338,1552, ,1550, ,0, ,N, ,0, , , , , ,213449, , , ,2,0,0,0,1,0,0,1,0,0,1,0,1,0,0,0,0,0,0,0,1,0,0,0,0,0,0,0,0,0,0,0,0,0,0,3,0,40.007,-75.1748, , 
 ,20025,2016105539,6,67,67301,2016,9,5,750,7,1,2,1,4,1, , ,N,1,3,0,3,0,2,5,2,N,N,40 00:45.361,75 08:26.675,825, ,820, ,0, ,N, ,3, , , , , ,213455, , , ,2,2,0,0,0,0,0,0,0,0,0,2,2,0,0,0,0,0,0,0,0,0,0,0,0,0,0,0,0,0,0,0,0,0,0,4,0,40.0126,-75.1407, , 
 ,20026,2016119173,6,67,67301,2016,10,3,1720,17,1,1,0,4,1, , ,N,3,3,0,3,0,1,2,2,Y,N,39 58:35.233,75 11:21.692,1814, ,1732, ,0, ,N, ,3, , , , , ,213456, , , ,2,1,0,1,0,0,0,0,0,0,0,1,1,0,0,0,0,0,0,0,2,0,0,0,0,0,0,0,0,0,0,0,0,0,0,4,1,39.9765,-75.1894, , 
 ,20027,2016112129,6,67,67301,2016,10,3,750,7,1,1,0,4,1, , ,N,1,3,0,3,0,0,4,2,N, ,40 02:17.472,75 04:42.853,755, ,751,3,1,1, , ,3,N, , , , ,213475, , , ,2,2,0,0,0,0,0,0,0,0,0,0,0,0,0,0,0,0,0,0,0,0,0,0,0,0,0,0,0,0,0,0,0,0,0,0,0,40.0382,-75.0786, , 
 ,20028,2016132240,6,67,67301,2016,11,4,2345,23,3,1,0,6,6, , ,N,0,0,0,3,0,0,1,4,N,N,39 55:29.182,75 13:33.254,1202, ,1200, ,0, ,N, ,0, , , , , ,213480, , , ,4,4,0,0,0,0,0,0,0,0,0,0,0,0,1,0,0,0,0,0,0,0,0,0,0,0,0,0,0,0,0,0,0,0,0,9,0,39.9248,-75.2259, , 
 ,20029,2016138285,6,67,67301,2016,12,1,9999,99,3,1,0,4,1, , ,N,1,2,0,3,0,4,4,2,N,N,39 58:10.453,75 12:41.538,2111, ,2009, ,0, ,N, ,3, , , , , ,213484, , , ,2,2,0,0,0,0,0,0,0,0,0,4,4,0,0,0,0,0,0,1,0,0,0,0,0,0,0,0,0,0,0,0,0,0,0,4,0,39.9697,-75.2115, , 
 ,20030,2016087626,6,67,67301,2016,8,5,9999,99,1,1,0,8,1, , ,N,0,0,0,3,0,1,2,2,N, ,39 59:42.185,75 11:18.803,1911, ,1911, ,0, , , ,0, , , , , ,213496, , , ,1,1,0,0,0,0,0,0,0,0,0,1,1,0,0,0,0,0,0,0,0,0,0,1,0,0,0,0,0,0,0,0,1,0,0,4,0,39.9951,-75.1886, , 
 ,20031,2016094124,6,67,67301,2016,8,2,813,8,1,1,0,5,6, , ,N,0,0,0,3,0,0,1,3,N,N,40 03:43.196,75 08:52.225,820, ,813, ,0, ,N, ,0, , , , , ,213499, , , ,3,2,0,0,1,0,0,0,0,0,0,0,0,0,0,0,0,0,0,0,0,1,0,0,0,0,0,0,0,0,0,0,0,0,0,0,0,40.062,-75.1478, , 
 ,20032,2016105514,6,67,67301,2016,9,5,1900,19,3,2,1,8,1, , ,N,1,2,0,3,0,1,2,2,N,N,39 57:15.789,75 10:16.899,1921, ,1911, ,0, ,N, ,3, , , , , ,213503, , , ,1,1,0,0,0,0,0,0,0,0,0,1,1,0,0,0,0,0,0,0,1,0,0,0,0,0,0,0,0,0,0,0,1,0,0,4,0,39.9544,-75.1714, , 
 ,20033,2016117722,6,67,67301,2016,10,3,1036,10,1,1,0,8,1, , ,N,1,2,0,3,0,1,2,2,N,N,39 57:16.495,75 12:57.142,1045, ,1036, ,0, , , ,3, , , , , ,213524, , , ,1,1,0,0,0,0,0,0,0,0,0,1,1,0,0,0,0,0,0,0,0,1,0,1,0,0,0,0,0,0,0,0,1,0,0,4,0,39.9546,-75.2159, , 
 ,20034,2016058528,6,67,67301,2016,5,6,1610,16,1,1,0,4,1, , ,N,0,0,7,3,0,1,2,2,N, ,39 58:50.763,75 13:40.930,1719, ,1710, ,0, , , ,0, , , , , ,213531, , , ,2,2,0,0,0,0,0,0,0,0,0,0,1,1,0,0,0,0,0,0,1,0,0,0,0,0,0,0,0,0,0,0,0,0,0,8,0,39.9808,-75.228, , 
 ,20035,2016117161,6,67,67301,2016,10,6,2239,22,3,1,0,8,1, , ,N,0,0,0,3,0,1,2,2,N,N,40 02:07.869,75 04:11.124,9999, ,9999, ,0, , , ,0, , , , , ,213549, , , ,1,0,0,1,0,0,0,0,0,0,0,0,1,1,0,0,0,0,0,0,0,0,0,0,0,0,0,0,0,0,0,0,1,0,0,8,0,40.0355,-75.0698, , 
 ,20036,2016120118,6,67,67301,2016,11,3,2101,21,6,1,0,7,4, , ,N,10,0,0,3,0,0,1,1,N,N,39 57:06.151,75 08:29.297,2106, ,2101,2,2,2, , ,0,N, , , , ,213553, , , ,1,1,0,0,0,0,0,0,0,0,0,0,0,0,0,0,0,0,0,0,0,0,0,0,0,0,0,0,0,0,0,0,0,0,0,0,0,39.9517,-75.1415, , 
 ,20037,2016053717,6,67,67301,2016,5,4,2303,23,3,1,0,8,1, , ,N,1,3,0,3,0,1,2,2,N, ,40 00:24.400,75 09:24.191,2328, ,2322, ,0, , , ,3, , , , , ,213565, , , ,1,1,0,0,0,0,0,0,0,0,0,1,1,0,1,0,0,0,0,0,0,0,0,0,0,0,0,0,0,0,0,0,1,0,0,4,0,40.0068,-75.1567, , 
 ,20038,2016058584,6,67,67301,2016,5,1,845,8,1,2,1,4,1, , ,N,2,2,0,3,0,1,2,2,N,N,40 07:11.596,75 00:32.741,855, ,850, ,0, ,N, ,3, , , , , ,213570, , , ,2,2,0,0,0,0,0,0,0,0,0,1,1,0,0,0,0,0,0,0,1,0,0,1,0,0,0,0,0,0,0,0,0,0,0,4,0,40.1199,-75.0091, , 
 ,20039,2016127834,6,67,67301,2016,11,1,640,6,1,1,0,5,6, , ,N,0,0,0,3,0,0,1,2,N,N,40 04:34.615,74 59:27.938,652, ,647, ,0, ,N, ,0, , , , , ,213587, , , ,2,1,0,0,1,0,0,0,0,0,0,0,0,0,0,0,1,0,0,0,0,0,0,0,0,0,0,0,0,0,0,0,0,0,0,0,0,40.0763,-74.9911, , 
 ,20040,2017005277,6,67,67301,2016,12,2,644,6,1,1,0,8,1, , ,N,1,2,0,3,0,1,2,2,N,N,39 58:25.816,75 13:11.147,841, ,840, ,0, ,N, ,3, , , , , ,213603, , , ,1,1,0,0,0,0,0,0,0,0,0,0,1,1,0,0,0,0,0,0,0,0,0,1,0,0,0,0,0,0,0,0,1,0,0,8,0,39.9738,-75.2197, , 
 ,20041,2016108563,6,67,67301,2016,10,5,643,6,1,1,0,4,1, , ,N,5,2,0,3,0,4,6,2,N, ,40 01:53.383,75 03:47.425,705, ,700,1,1,2, , ,3,N, , , , ,204894, , , ,2,1,0,0,0,0,1,0,0,0,0,4,4,0,0,0,0,0,0,0,0,0,0,0,0,0,0,0,0,0,0,0,0,0,0,4,0,40.0316,-75.0633, , 
 ,20042,2016120505,6,67,67301,2016,10,1,2125,21,3,1,0,4,1, , ,N,1,2,0,3,0,1,3,2,N,N,39 58:48.567,75 10:09.473,2135, ,2126, ,0, , , ,3, , , , , ,204898, , , ,2,1,0,0,0,0,1,0,0,0,0,1,1,0,0,0,0,0,0,0,0,0,0,0,0,0,0,0,0,0,0,0,0,0,0,4,0,39.9802,-75.1693, , 
 ,20043,2016080169,6,67,67301,2016,6,6,2341,23,3,1,0,7,4, , ,N,2,0,0,3,0,1,1,1,N,N,39 56:46.746,75 14:16.817,156, ,2341, ,0, ,N, ,0, , , , , ,204910, , , ,1,1,0,0,0,0,0,0,0,0,0,0,1,1,0,0,0,0,0,0,0,0,0,0,0,0,0,0,0,0,0,0,0,0,0,8,0,39.9463,-75.238, , 
 ,20044,2016080609,6,67,67301,2016,7,3,2237,22,3,1,0,4,1, , ,N,1,3,0,3,0,2,4,2,N, ,40 01:24.139,75 09:05.306,2304, ,2300,2,2,7, , ,3,Y, , , , ,204913, , , ,2,1,0,0,0,0,1,0,0,0,2,0,2,0,0,0,0,0,0,0,0,0,0,1,0,0,0,0,0,0,0,0,0,0,0,3,0,40.0234,-75.1515, , 
 ,20045,2016081460,6,67,67301,2016,7,7,451,4,3,1,0,6,6, , ,N,0,0,0,3,0,0,1,3,N, ,40 06:48.461,75 01:25.748,457, ,451, ,0, , , ,0, , , , , ,204914, , , ,3,2,0,0,0,0,1,0,0,0,0,0,0,0,0,0,0,0,0,0,0,0,0,0,0,0,0,0,0,0,0,0,0,0,0,0,0,40.1135,-75.0238, , 
 ,20046,2016085944,6,67,67301,2016,8,7,9999,99,3,1,0,4,1, , ,N,1,0,0,3,0,0,2,2,N, ,39 58:06.913,75 12:07.693,2149, ,2149, ,0, , , ,0, , , , , ,204916, , , ,2,0,0,0,0,1,0,1,0,0,0,0,0,0,2,0,0,0,0,0,0,0,0,0,0,0,0,0,0,0,0,0,0,0,0,9,1,39.9686,-75.2021, , 
 ,20047,2016092142,6,67,67301,2016,8,7,1340,13,1,1,0,4,1, , ,N,1,2,0,3,0,1,2,2,N, ,39 59:06.953,75 10:43.660,1755, ,1550, ,0, , , ,3, , , , , ,204924, , , ,2,1,0,0,1,0,0,0,0,0,0,1,1,0,0,0,0,0,0,0,1,0,0,0,0,0,0,0,0,0,0,0,0,0,0,4,0,39.9853,-75.1788, , 
 ,20048,2016091641,6,67,67301,2016,8,6,2108,21,3,1,0,4,1, , ,N,1,2,0,3,0,1,2,2,N,N,39 59:20.627,75 05:22.626,132, ,130, ,0, ,N, ,3, , , , , ,204932, , , ,1,0,0,0,0,0,0,1,1,0,0,1,1,0,1,0,0,0,0,0,0,0,0,0,0,0,0,0,0,0,0,0,0,0,0,4,0,39.9891,-75.0896, , 
 ,20049,2016058595,6,67,67301,2016,5,6,1619,16,1,1,0,3,1, , ,N,0,0,0,3,0,0,2,2,N, ,39 59:21.488,75 11:26.983,1625, ,1619, ,0, , , ,0, , , , , ,204955, , , ,2,0,1,0,0,1,0,0,0,0,0,0,0,0,0,0,0,0,0,0,1,0,0,1,0,0,0,0,0,0,0,0,0,0,0,0,1,39.9893,-75.1908, , 
 ,20050,2016058628,6,67,67301,2016,5,7,1400,14,1,1,0,4,1, , ,N,1,3,0,3,0,1,3,2,N,N,39 58:09.458,75 12:49.863,9999, ,1400, ,0, ,N, ,3, , , , , ,204956, , , ,2,2,0,0,0,0,0,0,0,0,0,1,1,0,1,0,0,0,0,0,1,0,0,0,0,0,0,0,0,0,0,0,0,0,0,4,0,39.9693,-75.2139, , 
 ,20051,2016092178,6,67,67301,2016,8,4,1053,10,1,1,0,5,1, , ,N,0,0,0,3,0,0,2,2,N,N,39 56:47.178,75 08:59.046,1116, ,1100,1,1,1, , ,0,N, , , , ,204989, , , ,2,2,0,0,0,0,0,0,0,0,0,0,0,0,0,0,0,0,0,0,0,0,0,0,0,0,0,0,0,0,0,0,0,0,0,0,0,39.9464,-75.1497, , 
 ,20052,2016112127,6,67,67301,2016,10,5,1147,11,1,1,0,4,1, , ,N,1,2,0,3,0,2,6,4,N,N,40 00:31.034,75 04:07.810,1150, ,1148, ,0, ,N, ,3, , , , , ,205020, , , ,4,1,0,0,1,0,1,1,0,0,0,2,2,0,0,0,0,0,0,0,0,0,0,0,0,0,0,0,0,0,0,0,0,0,0,4,0,40.0086,-75.0688, , 
 ,20053,2016129323,6,67,67301,2016,11,2,1915,19,3,1,0,4,1, , ,N,1,2,0,3,0,0,2,2,N,N,40 03:54.737,75 10:31.167,1920, ,1918, ,0, ,N, ,3, , , , , ,205038, , , ,2,0,0,0,0,0,2,0,0,0,0,0,0,0,0,0,0,0,0,0,0,2,0,0,0,0,0,0,0,0,0,0,0,0,0,0,0,40.0652,-75.1753, , 
 ,20054,2016063192,6,67,67301,2016,6,1,1043,10,1,1,0,1,1, , ,N,0,0,0,3,0,0,5,3,N,N,39 57:35.800,75 10:42.069,1106, ,1049, ,0, , , ,0, , , , , ,205048, , , ,3,1,0,0,0,0,2,0,0,0,0,0,0,0,0,0,0,0,0,0,0,0,1,0,0,0,0,0,0,0,0,0,0,0,0,0,0,39.9599,-75.1784, , 
 ,20055,2016063888,6,67,67301,2016,6,6,1800,18,1,1,0,1,1, , ,N,0,0,0,3,0,0,3,3,N, ,40 03:28.995,75 07:50.192,1808, ,1806, ,0, , , ,0, , , , , ,205051, , , ,3,1,0,0,0,0,0,1,0,0,0,0,0,0,1,0,0,1,0,0,0,0,0,0,0,0,0,0,0,0,0,0,0,0,0,9,0,40.0581,-75.1306, , 
 ,20056,2016065674,6,67,67301,2016,6,7,1218,12,1,1,0,4,1, , ,N,1,2,0,3,0,0,2,2,N,N,39 58:51.085,75 09:44.603,1225, ,1218, ,0, ,N, ,3, , , , , ,205052, , , ,2,2,0,0,0,0,0,0,0,0,0,0,0,0,0,0,0,0,0,1,0,0,0,0,0,0,0,0,0,0,0,0,0,0,0,0,0,39.9809,-75.1624, , 
 ,20057,2016063940,6,67,67301,2016,6,5,2,0,3,1,0,7,4, , ,N,0,0,0,3,0,1,1,1,N, ,40 04:19.074,75 14:22.790,16, ,6, ,0, , , ,0, , , , , ,205059, , , ,1,1,0,0,0,0,0,0,0,0,1,0,1,0,0,0,0,0,0,0,0,0,0,0,0,0,0,0,0,0,0,0,0,0,0,3,0,40.072,-75.2397, , 
 ,20058,2016067855,6,67,67301,2016,6,3,900,9,1,1,0,3,1, , ,N,0,0,0,3,0,1,3,3,N,N,40 00:21.754,75 06:51.124,1049, ,1045, ,0, ,N, ,0, , , , , ,205062, , , ,3,1,0,0,1,1,0,0,0,0,0,1,1,0,0,0,0,0,0,0,0,0,0,0,0,0,0,0,0,0,0,0,0,0,0,4,1,40.006,-75.1142, , 
 ,20059,2016058530,6,67,67301,2016,5,1,1415,14,1,1,0,4,1, , ,N,1,2,3,3,0,2,2,2,N, ,40 01:12.586,75 09:01.958,1645, ,1630, ,0, , , ,3, , , , , ,205095, , , ,2,2,0,0,0,0,0,0,0,0,2,0,2,0,0,0,0,0,0,0,1,0,0,0,0,0,0,0,0,0,0,0,0,0,0,3,0,40.0202,-75.1505, , 
 ,20060,2016067833,6,67,67301,2016,5,5,1539,15,1,1,0,1,6, , ,N,0,0,0,3,0,1,1,2,N, ,40 04:35.796,75 02:53.226,1542, ,1540, ,0, , , ,0, , , , , ,208430, , , ,2,1,0,0,0,0,1,0,0,0,0,1,1,0,0,0,0,0,0,0,1,0,0,0,0,0,0,0,0,0,0,0,0,0,0,4,0,40.0766,-75.0481, , 
 ,20061,2016073390,6,67,67301,2016,6,6,2231,22,3,1,0,1,1, , ,N,0,0,0,3,0,1,2,2,N,N,39 57:34.142,75 08:27.378,2249, ,2238,3,2,2, , ,0,N, , , , ,208432, , , ,2,2,0,0,0,0,0,0,0,0,0,0,1,1,0,0,0,0,1,0,0,0,0,0,0,0,0,0,0,0,0,0,0,0,0,8,0,39.9595,-75.1409, , 
 ,20062,2016080099,6,67,67301,2016,6,3,1455,14,1,1,0,1,1, , ,N,1,2,0,3,0,0,2,2,N,N,39 55:20.168,75 11:13.400,1534, ,1533, ,0, ,N, ,3, , , , , ,208438, , , ,2,1,0,0,0,0,1,0,0,0,0,0,0,0,1,0,0,0,0,0,0,0,0,1,0,0,0,0,0,0,0,0,0,0,0,9,0,39.9223,-75.1871, , 
 ,20063,2016080482,6,67,67301,2016,6,2,1815,18,1,1,0,5,6, , ,N,0,0,0,3,0,0,1,2,N, ,39 57:03.493,75 10:46.363,1824, ,1821, ,0, , , ,0, , , , , ,208439, , , ,2,2,0,0,0,0,0,0,0,0,0,0,0,0,0,0,0,0,0,0,0,0,0,0,0,0,0,0,0,0,0,0,0,0,0,0,0,39.951,-75.1795, , 
 ,20064,2016087672,6,67,67301,2016,8,7,1750,17,1,1,0,4,1, , ,N,1,0,0,3,0,0,3,2,N,N,39 58:52.612,75 11:19.251,1901, ,1854, ,0, ,N, ,0, , , , , ,208447, , , ,2,1,0,0,0,0,0,1,0,0,0,0,0,0,0,0,0,0,0,0,0,0,0,0,0,0,0,0,0,0,0,0,0,0,0,0,0,39.9814,-75.1887, , 
 ,20065,2016089941,6,67,67301,2016,8,1,900,9,1,1,0,7,4, , ,N,0,0,0,3,0,0,1,1,N, ,39 57:18.979,75 13:15.614,1934, ,1930, ,0, , , ,0, , , , , ,208449, , , ,1,1,0,0,0,0,0,0,0,0,0,0,0,0,0,0,0,0,0,0,0,0,0,1,0,0,0,0,0,0,0,0,0,0,0,0,0,39.9553,-75.221, , 
 ,20066,2016091651,6,67,67301,2016,8,2,923,9,1,1,0,4,1, , ,N,1,3,1,3,0,3,3,2,N,N,39 58:14.108,75 09:03.120,925, ,923,2,2,7,N, ,3,Y, , , , ,208454, , , ,2,1,0,0,0,0,1,0,0,0,1,1,3,1,0,0,0,0,0,0,0,0,0,0,0,0,0,0,0,0,0,0,0,0,0,3,0,39.9705,-75.151, , 
 ,20067,2016129469,6,67,67301,2016,11,4,1144,11,1,1,0,4,1, , ,N,1,2,0,3,0,2,4,2,N, ,40 02:17.896,75 04:31.313,1200, ,1155,2,2,5, , ,3,Y, , , , ,208471, , , ,2,1,0,0,0,0,1,0,0,0,0,2,2,0,0,0,0,0,0,0,0,0,1,0,0,0,0,0,0,0,0,0,0,0,0,4,0,40.0383,-75.0754, , 