wz_ln_closure,objectid_1,crn,district,county,municipality,crash_year,crash_month,day_of_week,time_of_day,hour_of_day,illumination,weather,road_condition,collision_type,relation_to_road,work_zone_type,work_zone_loc,work_zone_ind,intersect_type,tcd_type,location_type,urban_rural,fatal_count,injury_count,person_count,total_units,sch_bus_ind,sch_zone_ind,latitude,longitude,arrival_tm,cons_zone_spd_lim,dispatch_tm,est_hrs_closed,lane_closed,ln_close_dir,ntfy_hiwy_maint,spec_juris_cd,tcd_func_cd,tfc_detour_ind,workers_pres,wz_close_detour,wz_flagger,wz_law_offcr_ind,objectid,wz_moving,wz_other,wz_shlder_mdn,vehicle_count,automobile_count,motorcycle_count,bus_count,small_truck_count,heavy_truck_count,suv_count,van_count,bicycle_count,maj_inj_count,mod_inj_count,min_inj_count,tot_inj_count,unk_inj_deg_count,unk_inj_per_count,driver_count_16yr,driver_count_17yr,driver_count_18yr,driver_count_19yr,driver_count_20yr,driver_count_50_64yr,driver_count_65_74yr,driver_count_75plus,unbelted_occ_count,unb_death_count,unb_maj_inj_count,belted_death_count,belted_maj_inj_count,mcycle_death_count,mcycle_maj_inj_count,bicycle_death_count,bicycle_maj_inj_count,ped_count,ped_death_count,ped_maj_inj_count,max_severity_level,comm_veh_count,dec_lat,dec_long,rdwy_surf_type_cd,county_name
 ,20068,2016080709,6,67,67301,2016,7,2,1230,12,1,1,0,4,1, , ,N,1,2,0,3,0,0,2,2,N,N,39 57:28.162,75 08:50.070,1245, ,1236, ,0, ,N, ,3, , , , , ,208478, , , ,2,1,0,0,0,0,1,0,0,0,0,0,0,0,0,0,0,0,0,0,0,1,0,0,0,0,0,0,0,0,0,0,0,0,0,0,0,39.9578,-75.1472, , 
 ,20069,2016080887,6,67,67301,2016,7,1,1839,18,1,1,0,4,1, , ,N,0,0,7,3,0,1,2,2,N,N,40 00:13.361,75 10:09.518,1844, ,1841, ,0, ,N, ,0, , , , , ,208479, , , ,2,0,1,0,0,0,1,0,0,0,0,1,1,0,0,0,0,0,0,0,0,0,0,1,0,0,0,0,0,0,0,0,0,0,0,4,0,40.0037,-75.1693, , 
 ,20070,2016086752,6,67,67301,2016,8,2,1736,17,1,1,0,8,1, , ,N,0,0,0,3,0,1,2,2,N, ,40 05:52.303,74 58:39.471,1745, ,1741, ,0, , , ,0, , , , , ,208484, , , ,1,1,0,0,0,0,0,0,0,0,0,1,1,0,0,0,0,0,0,0,0,0,0,0,0,0,0,0,0,0,0,0,1,0,0,4,0,40.0979,-74.9776, , 
 ,20071,2016082368,6,67,67301,2016,7,3,15,0,6,1,1,7,4, , ,N,0,0,0,3,0,1,1,1,N,N,40 03:38.352,75 12:01.893,53, ,36, ,0, ,N, ,0, , , , , ,208487, , , ,1,1,0,0,0,0,0,0,0,0,0,1,1,0,0,0,0,0,0,0,0,0,0,0,0,0,0,0,0,0,0,0,0,0,0,4,0,40.0607,-75.2005, , 
 ,20072,2016064036,6,67,67301,2016,6,5,1113,11,1,1,0,4,1, , ,N,1,2,0,3,0,1,3,3,N,N,40 00:49.835,75 03:21.481,1123, ,1114, ,0, ,N, ,3, , , , , ,208501, , , ,3,1,0,0,2,0,0,0,0,0,0,1,1,0,0,0,0,0,0,0,0,0,0,3,0,0,0,0,0,0,0,0,0,0,0,4,0,40.0139,-75.0556, , 
 ,20073,2016072498,6,67,67301,2016,7,2,1622,16,1,2,1,8,1, , ,N,1,2,0,3,0,1,2,2,N,N,39 57:25.867,75 12:07.023,1625, ,1622,2,1,4,N, ,3,N, , , , ,208507, , , ,1,1,0,0,0,0,0,0,0,0,1,0,1,0,0,0,0,1,0,0,0,0,0,1,0,0,0,0,0,0,0,0,1,0,0,3,0,39.9571,-75.2019, , 
 ,20074,2016082337,6,67,67301,2016,7,1,2114,21,3,1,0,4,1, , ,N,1,2,0,3,0,0,2,2,N,N,40 03:02.401,75 10:23.780,2215, ,2211, ,0, ,N, ,3, , , , , ,208532, , , ,2,1,0,0,0,0,1,0,0,0,0,0,0,0,1,0,0,0,0,0,0,0,0,0,0,0,0,0,0,0,0,0,0,0,0,9,0,40.0507,-75.1733, , 
 ,20075,2016096625,6,67,67301,2016,8,1,9999,99,3,1,0,5,1, , ,N,0,0,0,3,0,4,12,7,N, ,40 01:10.330,75 08:50.939,252, ,248,2,2,1, , ,0,Y, , , , ,208533, , , ,7,4,0,0,1,0,2,0,0,0,0,3,4,1,0,0,0,0,0,0,0,0,0,2,0,0,0,0,0,0,0,0,0,0,0,4,0,40.0195,-75.1475, , 
 ,20076,2016097075,6,67,67301,2016,9,6,1256,12,1,1,0,4,1, , ,N,1,2,0,3,0,4,6,3,N, ,40 01:08.216,75 08:49.391,1310, ,1300, ,0, , , ,3, , , , , ,208539, , , ,3,2,0,0,0,0,0,1,0,0,0,4,4,0,0,0,0,0,0,0,0,0,0,2,0,0,0,0,0,0,0,0,0,0,0,4,0,40.0189,-75.1471, , 
 ,20077,2016099559,6,67,67301,2016,9,7,21,0,3,1,0,5,1, , ,N,0,0,0,3,0,1,3,2,N,N,40 01:25.301,75 06:38.352,48, ,45,9,1,3,N, ,0,N, , , , ,208543, , , ,2,1,0,0,0,0,1,0,0,0,0,1,1,0,0,0,0,0,0,0,0,0,0,0,0,0,0,0,0,0,0,0,0,0,0,4,0,40.0237,-75.1107, , 
 ,20078,2016091058,6,67,67301,2016,8,4,115,1,3,2,1,1,6, , ,N,0,0,0,3,0,1,1,3,N, ,40 00:26.996,75 08:15.000,135, ,124, ,0, , , ,0, , , , , ,211348, , , ,3,1,0,0,0,0,2,0,0,0,0,1,1,0,0,0,0,0,0,0,0,0,0,1,0,0,0,0,0,0,0,0,0,0,0,4,0,40.0075,-75.1375, , 
 ,20079,2017002074,6,67,67301,2016,12,4,1525,15,1,1,0,8,1, , ,N,1,2,0,3,0,1,2,2,N,N,40 05:41.833,75 00:55.566,1532, ,1528,1,1,2,N, ,3,N, , , , ,211378, , , ,1,1,0,0,0,0,0,0,0,0,1,0,1,0,0,0,0,0,0,0,0,0,1,0,0,0,0,0,0,0,0,0,1,0,0,3,0,40.095,-75.0154, , 
 ,20080,2016064067,6,67,67301,2016,6,3,1800,18,1,1,0,4,1, , ,N,2,2,0,3,0,0,3,2,N, ,40 05:27.543,75 01:57.617,1815, ,1804, ,0, , , ,3, , , , , ,211384, , , ,2,2,0,0,0,0,0,0,0,0,0,0,0,0,0,0,0,0,0,0,1,0,0,0,0,0,0,0,0,0,0,0,0,0,0,0,0,40.091,-75.0327, , 
 ,20081,2016084651,6,67,67301,2016,7,7,330,3,3,1,0,2,1, , ,N,0,0,0,3,0,1,2,2,N, ,40 02:17.301,75 06:06.238,350, ,347,3,1,2, , ,0,N, , , , ,211391, , , ,2,2,0,0,0,0,0,0,0,0,0,1,1,0,0,0,0,0,0,0,0,0,0,1,0,0,0,0,0,0,0,0,0,0,0,4,0,40.0381,-75.1017, , 
 ,20082,2016087152,6,67,67301,2016,8,4,1812,18,1,1,0,4,1, , ,N,2,3,0,3,0,0,5,2,N,N,40 05:08.045,75 02:21.757,1825, ,1812, ,0, , , ,3, , , , , ,211425, , , ,2,1,0,0,0,0,1,0,0,0,0,0,0,0,0,0,0,0,0,0,0,0,0,1,0,0,0,0,0,0,0,0,0,0,0,0,0,40.0856,-75.0394, , 
 ,20083,2016093190,6,67,67301,2016,9,1,2254,22,3,1,0,4,1, , ,N,1,2,0,3,0,3,4,2,N,N,40 00:22.203,75 09:06.487,2256, ,2255, ,0, ,N, ,3, , , , , ,211431, , , ,2,2,0,0,0,0,0,0,0,0,0,3,3,0,0,0,0,0,0,0,0,0,0,1,0,0,0,0,0,0,0,0,0,0,0,4,0,40.0062,-75.1518, , 
 ,20084,2016097100,6,67,67301,2016,9,6,1145,11,1,1,0,5,1, , ,N,0,0,0,3,0,1,1,2,N, ,39 58:09.084,75 08:43.177,1220, ,1217, ,0, , , ,0, , , , , ,211454, , , ,2,0,0,0,0,1,0,1,0,0,0,0,1,1,0,0,0,0,0,0,0,0,0,0,0,0,0,0,0,0,0,0,0,0,0,8,1,39.9692,-75.1453, , 
 ,20085,2016097687,6,67,67301,2016,8,7,1230,12,1,1,0,4,1, , ,N,5,2,0,3,0,2,3,3,N,N,40 00:13.178,75 10:08.095,1245, ,1237,3,1,3,N, ,3,N, , , , ,211462, , , ,3,3,0,0,0,0,0,0,0,0,1,1,2,0,0,0,0,0,0,0,0,0,0,0,0,0,0,0,0,0,0,0,0,0,0,3,0,40.0037,-75.1689, , 
 ,20086,2016097097,6,67,67301,2016,8,3,910,9,1,1,0,4,1, , ,N,0,0,0,3,0,1,5,2,N, ,40 00:48.637,75 07:24.054,915, ,915,2,1,4, , ,0,N, , , , ,211463, , , ,2,2,0,0,0,0,0,0,0,0,0,0,1,1,0,0,0,0,0,0,0,0,0,4,0,0,0,0,0,0,0,0,0,0,0,8,0,40.0135,-75.1233, , 
 ,20087,2017003644,6,67,67301,2016,12,3,1500,15,1,9,0,1,1, , ,N,0,0,0,3,0,1,4,2,N,N,39 55:16.496,75 14:23.032,1640, ,1632, ,0, ,N, ,0, , , , , ,211482, , , ,2,1,0,0,0,0,1,0,0,0,0,0,1,1,3,0,0,0,0,0,1,0,0,0,0,0,0,0,0,0,0,0,0,0,0,8,0,39.9212,-75.2397, , 
 ,20088,2016080419,6,67,67301,2016,7,5,0,0,3,1,1,4,1, , ,N,2,3,0,3,0,2,3,2,N, ,40 03:13.687,75 09:39.250,12, ,9,1,1,6, , ,3,N, , , , ,211501, , , ,2,1,0,0,0,0,1,0,0,0,0,2,2,0,0,0,0,0,0,1,0,0,0,1,0,0,0,0,0,0,0,0,0,0,0,4,0,40.0538,-75.1609, , 
 ,20089,2016080601,6,67,67301,2016,7,1,1815,18,1,1,0,8,1, , ,N,0,0,0,3,0,1,2,2,N,N,40 01:33.560,75 08:37.290,1930, ,1930, ,0, , , ,0, , , , , ,211508, , , ,1,0,0,0,0,0,1,0,0,0,0,0,1,1,0,0,0,0,0,0,1,0,0,0,0,0,0,0,0,0,0,0,1,0,0,8,0,40.026,-75.1437, , 
 ,20090,2016097053,6,67,67301,2016,9,5,1845,18,1,1,0,8,1, , ,N,0,0,0,3,0,1,2,2,N, ,40 00:41.612,75 06:07.664,1911, ,1847,9,2,5, , ,0,Y, , , , ,211513, , , ,1,1,0,0,0,0,0,0,0,1,0,0,1,0,0,0,0,0,0,0,0,0,0,0,0,0,0,0,0,0,0,0,1,0,1,2,0,40.0116,-75.1021, , 
 ,20091,2016064509,6,67,67301,2016,6,3,1624,16,1,1,0,1,1, , ,N,0,0,0,3,0,0,2,2,N,N,39 54:47.615,75 08:54.520,1640, ,1626, ,0, , , ,0, , , , , ,211525, , , ,2,1,0,0,1,0,0,0,0,0,0,0,0,0,0,0,0,0,0,0,1,0,0,0,0,0,0,0,0,0,0,0,0,0,0,0,0,39.9132,-75.1485, , 
 ,20092,2016129335,6,67,67301,2016,11,4,1918,19,2,1,0,8,1, , ,N,1,3,0,3,0,1,2,2,N,N,40 00:00.180,75 06:10.443,1935, ,1929,1,1,4,N, ,3,N, , , , ,211562, , , ,1,1,0,0,0,0,0,0,0,0,0,1,1,0,0,0,0,0,0,0,0,0,0,0,0,0,0,0,0,0,0,0,1,0,0,4,0,40.0001,-75.1029, , 
 ,20093,2016062559,6,67,67301,2016,5,7,2210,22,3,2,1,4,1, , ,N,1,3,0,3,0,0,2,2,N,N,39 57:25.867,75 12:07.023,2210, ,2210, ,0, ,N, ,3, , , , , ,211627, , , ,2,0,0,0,0,0,1,1,0,0,0,0,0,0,1,0,0,0,0,0,1,0,0,0,0,0,0,0,0,0,0,0,0,0,0,9,0,39.9571,-75.2019, , 
 ,20094,2016068697,6,67,67301,2016,6,4,1715,17,1,1,0,4,1, , ,N,2,0,0,3,0,2,2,2,N, ,40 01:11.632,75 10:52.208,1730, ,1726, ,0, , , ,0, , , , , ,211634, , , ,2,1,0,0,0,0,1,0,0,0,0,0,2,2,0,0,0,0,0,0,0,0,0,0,0,0,0,0,0,0,0,0,0,0,0,8,0,40.0199,-75.1812, , 
 ,20095,2016077421,6,67,67301,2016,7,2,818,8,1,1,0,7,2, , ,N,0,0,0,3,0,0,2,1,N,N,39 56:55.763,75 08:31.109,841, ,841, ,0, , , ,0, , , , , ,211641, , , ,1,1,0,0,0,0,0,0,0,0,0,0,0,0,0,0,0,0,0,1,0,0,0,0,0,0,0,0,0,0,0,0,0,0,0,0,0,39.9488,-75.142, , 
 ,20096,2016063872,6,67,67301,2016,6,7,510,5,5,1,0,5,6, , ,N,0,0,0,3,0,1,1,2,N, ,39 58:03.637,75 12:53.233,525, ,514, ,0, , , ,0, , , , , ,213078, , , ,2,1,0,0,0,0,1,0,0,0,0,1,1,0,0,0,0,0,0,0,0,0,0,0,0,0,0,0,0,0,0,0,0,0,0,4,0,39.9677,-75.2148, , 
 ,20097,2016064006,6,67,67301,2016,6,5,1633,16,1,1,0,8,1, , ,N,1,2,0,3,0,1,2,2,N, ,39 56:57.098,75 14:07.234,1633, ,1633, ,0, , , ,3, , , , , ,213079, , , ,1,0,0,0,0,0,0,1,0,0,0,1,1,0,0,0,0,0,0,0,0,0,0,1,0,0,0,0,0,0,0,0,1,0,0,4,0,39.9492,-75.2353, , 
 ,20098,2016080374,6,67,67301,2016,7,5,1635,16,1,1,0,4,1, , ,N,1,2,0,3,0,1,4,2,N,N,39 56:48.652,75 08:39.916,1644, ,1644, ,0, , , ,3, , , , , ,213088, , , ,2,2,0,0,0,0,0,0,0,0,0,0,1,1,0,0,0,0,0,0,0,1,0,0,0,0,0,0,0,0,0,0,0,0,0,8,0,39.9468,-75.1444, , 
 ,20099,2016092182,6,67,67301,2016,8,7,444,4,3,1,0,7,4, , ,N,0,0,2,3,0,1,1,1,N,N,40 00:20.787,75 11:38.836,450, ,446, ,0, ,N, ,0, , , , , ,213097, , , ,1,1,0,0,0,0,0,0,0,0,0,0,1,1,0,0,0,0,0,0,0,0,0,0,0,0,0,0,0,0,0,0,0,0,0,8,0,40.0058,-75.1941, , 
 ,20100,2017007845,6,67,67301,2016,12,6,1748,17,3,1,0,4,1, , ,N,0,0,7,3,0,1,3,3,N,N,39 57:22.344,75 12:24.696,1752, ,1748, ,0, ,N, ,0, , , , , ,213107, , , ,3,2,0,0,1,0,0,0,0,0,0,1,1,0,0,0,0,0,0,0,1,0,0,0,0,0,0,0,0,0,0,0,0,0,0,4,0,39.9562,-75.2069, , 
 ,20101,2017021931,6,67,67301,2016,9,1,200,2,3,1,0,4,4, , ,N,0,0,0,3,0,1,1,3,N,N,39 56:16.119,75 13:05.865,0, ,0, ,0, ,N, ,0, , , , , ,213113, , , ,2,0,0,0,2,0,0,0,0,0,0,0,1,1,0,0,0,0,0,0,0,0,0,0,0,0,0,0,0,0,0,0,0,0,0,8,0,39.9378,-75.2183, , 
 ,20102,2016058657,6,67,67301,2016,5,7,1800,18,1,1,1,7,4, , ,N,0,0,0,3,0,1,1,1,N,N,39 59:26.164,75 13:12.790,1816, ,1816, ,0, ,N, ,0, , , , , ,213116, , , ,1,0,0,0,0,0,1,0,0,0,1,0,1,0,0,0,0,0,0,0,0,0,0,0,0,0,0,0,0,0,0,0,0,0,0,3,0,39.9906,-75.2202, , 
 ,20103,2016065722,6,67,67301,2016,6,3,1535,15,1,1,0,8,1, , ,N,0,0,0,3,0,1,2,2,N,N,39 59:47.504,75 07:12.086,1550, ,1346, ,0, ,N, ,0, , , , , ,213123, , , ,1,0,0,0,1,0,0,0,0,0,0,0,1,1,0,0,0,0,0,0,1,0,0,1,0,0,0,0,0,0,0,0,1,0,0,8,0,39.9965,-75.12, , 
 ,20104,2016080813,6,67,67301,2016,7,1,637,6,1,1,0,4,1, , ,N,2,3,0,3,1,2,3,2,N,N,39 59:25.467,75 06:29.027,641, ,639, ,0, , ,0,3, , , , , ,213131, , , ,2,1,0,1,0,0,0,0,0,0,0,1,2,1,0,0,0,0,0,0,0,0,0,0,0,0,0,0,0,0,0,0,0,0,0,1,1,39.9904,-75.1081,2, 
 ,20105,2016082511,6,67,67301,2016,7,3,1748,17,1,1,0,1,1, , ,N,0,0,0,3,0,3,8,3,N,N,39 57:35.774,75 10:41.870,1753, ,1750,1,1,4, , ,0,N, , , , ,213132, , , ,3,2,0,0,0,0,1,0,0,0,3,0,3,0,0,0,0,0,0,0,1,0,0,1,0,0,0,0,0,0,0,0,0,0,0,3,0,39.9599,-75.1783, , 
 ,20106,2016091619,6,67,67301,2016,8,4,2348,23,3,2,1,5,1, , ,N,5,2,0,3,0,0,3,5,N, ,40 02:03.671,75 04:29.368,2353, ,2351,1,2,4, , ,3,Y, , , , ,213155, , , ,5,5,0,0,0,0,0,0,0,0,0,0,0,0,0,0,0,0,0,0,0,0,0,0,0,0,0,0,0,0,0,0,0,0,0,0,0,40.0344,-75.0748, , 
 ,20107,2016092198,6,67,67301,2016,8,7,2208,22,3,1,0,7,4, , ,N,2,2,0,3,0,1,1,1,N, ,40 00:46.755,75 12:07.063,2218, ,2212, ,0, , , ,3, , , , , ,213157, , , ,1,1,0,0,0,0,0,0,0,0,0,0,1,1,0,0,0,0,0,0,0,0,0,0,0,0,0,0,0,0,0,0,0,0,0,8,0,40.013,-75.202, , 
 ,20108,2016132232,6,67,67301,2016,11,3,2100,21,3,1,0,5,6, , ,N,0,0,0,3,0,1,1,2,N,N,39 59:41.913,75 08:07.879,2120, ,2100, ,0, ,N, ,0, , , , , ,213200, , , ,2,2,0,0,0,0,0,0,0,0,0,1,1,0,0,0,0,0,0,0,0,1,0,1,0,0,0,0,0,0,0,0,0,0,0,4,0,39.995,-75.1355, , 
 ,20109,2016080572,6,67,67301,2016,7,2,2215,22,3,2,1,1,1, , ,N,0,0,0,3,0,1,3,2,N,N,39 59:34.750,75 06:36.828,2332, ,2216, ,0, ,N, ,0, , , , , ,213208, , , ,2,1,0,0,0,0,1,0,0,0,0,0,1,1,0,0,0,0,0,0,0,0,0,2,0,0,0,0,0,0,0,0,0,0,0,8,0,39.993,-75.1102, , 
 ,20110,2016082251,6,67,67301,2016,7,3,1840,18,1,1,0,8,1, , ,N,0,0,0,3,0,1,2,2,N,N,39 55:06.575,75 10:39.155,1855, ,1850, ,0, ,N, ,0, , , , , ,213209, , , ,1,0,0,0,0,0,1,0,0,0,1,0,1,0,0,0,0,0,0,0,0,0,0,0,0,0,0,0,0,0,0,0,1,0,0,3,0,39.9185,-75.1775, , 
 ,20111,2016116671,6,67,67301,2016,11,6,529,5,3,1,0,1,1, , ,N,0,0,0,3,0,0,3,2,N,N,39 56:55.506,75 11:08.635,536, ,529, ,0, , , ,0, , , , , ,213225, , , ,2,2,0,0,0,0,0,0,0,0,0,0,0,0,0,0,0,0,0,0,1,0,0,0,0,0,0,0,0,0,0,0,0,0,0,0,0,39.9488,-75.1857, , 
 ,20112,2016135698,6,67,67301,2016,12,5,9999,99,3,1,0,8,1, , ,N,0,0,0,3,0,1,2,2,N, ,39 58:52.233,75 10:39.709,1946, ,1942, ,0, , , ,0, , , , , ,213234, , , ,1,1,0,0,0,0,0,0,0,0,0,1,1,0,0,0,0,0,0,0,1,0,0,1,0,0,0,0,0,0,0,0,1,0,0,4,0,39.9812,-75.1777, , 
 ,20113,2016105858,6,67,67301,2016,9,6,2050,20,3,1,0,4,1, , ,N,1,2,0,3,0,0,2,2,N, ,39 54:20.727,75 11:38.377,2110, ,2100, ,0, , , ,3, , , , , ,213261, , , ,2,2,0,0,0,0,0,0,0,0,0,0,0,0,0,0,0,0,0,0,1,0,0,2,0,0,0,0,0,0,0,0,0,0,0,0,0,39.9057,-75.1938, , 
 ,20114,2016087688,6,67,67301,2016,8,6,1828,18,1,1,0,4,1, , ,N,1,2,0,3,0,3,4,3,N,N,40 01:04.807,75 08:57.222,1830, ,1828, ,0, ,N, ,3, , , , , ,205110, , , ,3,2,0,0,0,0,1,0,0,0,0,3,3,0,0,0,0,0,0,0,1,0,0,1,0,0,0,0,0,0,0,0,0,0,0,4,0,40.0179,-75.1493, , 
 ,20115,2016087718,6,67,67301,2016,8,7,1714,17,1,1,0,8,4, , ,N,3,0,0,3,0,2,2,2,N,N,40 02:59.838,75 08:50.129,1722, ,1721, ,0, ,N, ,0, , , , , ,205111, , , ,1,0,1,0,0,0,0,0,0,0,2,0,2,0,0,0,0,0,0,0,0,0,0,0,0,0,0,0,0,0,0,0,1,0,0,3,0,40.0499,-75.1472, , 
 ,20116,2016117781,6,67,67301,2016,10,2,800,8,1,1,0,2,1, , ,N,0,0,0,3,0,1,2,2,N,N,39 58:44.181,75 06:32.691,955, ,944, ,0, ,N, ,0, , , , , ,205131, , , ,2,1,0,0,0,0,1,0,0,0,0,1,1,0,0,0,0,0,0,0,0,0,0,0,0,0,0,0,0,0,0,0,0,0,0,4,0,39.9789,-75.1091, , 
 ,20117,2016117358,6,67,67301,2016,11,4,1716,17,3,2,1,8,1, , ,N,2,3,0,3,0,1,2,2,N,N,39 56:55.674,75 11:45.578,1716, ,1716, ,0, ,N, ,3, , , , , ,205138, , , ,1,0,0,0,0,0,1,0,0,0,0,0,1,1,0,0,0,0,0,0,0,0,0,0,0,0,0,0,0,0,0,0,1,0,0,8,0,39.9488,-75.196, , 
 ,20118,2016126613,6,67,67301,2016,11,2,1750,17,3,1,0,8,1, , ,N,1,2,0,3,0,1,2,2,N,N,39 57:26.251,75 14:52.347,1800, ,1755, ,0, ,N, ,3, , , , , ,205142, , , ,1,1,0,0,0,0,0,0,0,0,0,0,1,1,0,0,0,0,0,0,0,0,0,1,0,0,0,0,0,0,0,0,1,0,0,8,0,39.9573,-75.2479, , 
 ,20119,2016052837,6,67,67301,2016,5,1,46,0,3,1,0,4,1, , ,N,1,2,0,3,0,3,5,2,N,N,39 59:02.961,75 06:09.208,108, ,105, ,0, ,N, ,3, , , , , ,205145, , , ,2,1,0,0,0,0,1,0,0,1,1,1,3,0,0,0,0,0,0,0,0,0,0,0,0,0,0,0,0,0,0,0,0,0,0,2,0,39.9842,-75.1026, , 
 ,20120,2016058537,6,67,67301,2016,5,3,735,7,1,1,0,4,1, , ,N,1,2,0,3,0,6,6,3,N,N,40 02:02.039,75 04:27.141,755, ,740,2,2,1, , ,3,Y, , , , ,205148, , , ,3,1,0,0,0,0,1,1,0,0,0,6,6,0,0,0,0,0,0,1,0,0,0,0,0,0,0,0,0,0,0,0,0,0,0,4,0,40.0339,-75.0742, , 
 ,20121,2016111614,6,67,67301,2016,10,1,215,2,3,1,0,1,1, , ,N,0,0,0,3,0,0,5,5,N,N,39 59:47.880,75 11:48.611,228, ,215,2,1,3, , ,0,N, , , , ,205158, , , ,5,4,0,0,0,0,1,0,0,0,0,0,0,0,0,0,0,0,0,0,0,0,0,0,0,0,0,0,0,0,0,0,0,0,0,0,0,39.9966,-75.1968, , 
 ,20122,2016112205,6,67,67301,2016,10,1,2010,20,3,1,0,4,1, , ,N,3,0,0,3,0,1,2,3,N,N,39 58:30.064,75 10:13.475,2014, ,2012,2,2,6,N, ,0,Y, , , , ,205166, , , ,3,1,1,0,1,0,0,0,0,0,1,0,1,0,0,0,0,0,0,0,1,0,0,1,0,0,0,0,0,0,0,0,0,0,0,3,0,39.975,-75.1704, , 
 ,20123,2016128444,6,67,67301,2016,12,2,605,6,3,2,1,7,4, , ,N,0,0,0,3,0,0,1,1,N,N,39 57:36.600,75 10:48.924,616, ,605, ,0, , , ,0, , , , , ,205172, , , ,1,0,0,0,1,0,0,0,0,0,0,0,0,0,0,0,0,0,0,0,1,0,0,0,0,0,0,0,0,0,0,0,0,0,0,0,0,39.9602,-75.1803, , 
 ,20124,2016132126,6,67,67301,2016,11,4,147,1,3,2,1,7,5, , ,N,0,0,0,3,0,2,2,1,N,N,39 57:45.496,75 10:36.673,159, ,156, ,0, , , ,0, , , , , ,205185, , , ,1,1,0,0,0,0,0,0,0,0,2,0,2,0,0,0,0,0,0,0,0,0,0,0,0,0,0,0,0,0,0,0,0,0,0,3,0,39.9626,-75.1769, , 
 ,20125,2016057282,6,67,67301,2016,4,2,1157,11,1,1,0,4,1, , ,N,0,0,7,3,0,0,3,2,N,N,40 00:21.695,75 05:29.392,1205, ,1158, ,0, ,N, ,0, , , , , ,205193, , , ,2,2,0,0,0,0,0,0,0,0,0,0,0,0,0,0,0,0,0,0,1,0,0,0,0,0,0,0,0,0,0,0,0,0,0,0,0,40.006,-75.0915, , 
 ,20126,2016080421,6,67,67301,2016,6,4,1815,18,1,1,0,8,1, , ,N,1,2,0,3,0,1,2,2,N,N,40 01:30.643,75 02:40.998,1819, ,1816, ,0, , , ,3, , , , , ,205206, , , ,1,1,0,0,0,0,0,0,0,0,0,1,1,0,0,0,0,0,0,0,0,0,0,0,0,0,0,0,0,0,0,0,1,0,0,4,0,40.0252,-75.0447, , 
 ,20127,2016084611,6,67,67301,2016,8,4,2025,20,1,1,0,5,1, , ,N,4,0,0,3,0,1,2,2,N,N,40 01:00.855,75 08:39.335,2030, ,2030, ,0, , , ,0, , , , , ,205221, , , ,2,1,0,0,0,1,0,0,0,0,0,1,1,0,0,0,0,0,0,0,0,0,0,0,0,0,0,0,0,0,0,0,0,0,0,4,1,40.0169,-75.1443, , 
 ,20128,2016092170,6,67,67301,2016,8,5,1840,18,1,1,0,5,6, , ,N,0,0,0,3,0,0,1,3,N,N,39 55:27.347,75 10:42.918,1856, ,1855, ,0, ,N, ,0, , , , , ,205232, , , ,3,1,0,0,1,0,1,0,0,0,0,0,0,0,0,0,0,0,0,1,0,0,0,0,0,0,0,0,0,0,0,0,0,0,0,0,0,39.9243,-75.1786, , 
 ,20129,2016112230,6,67,67301,2016,10,4,1924,19,6,1,0,4,1, , ,N,1,1,0,3,0,1,2,2,N,N,39 56:11.083,75 13:08.439,1930, ,1924, ,0, ,N, ,3, , , , , ,205261, , , ,2,1,1,0,0,0,0,0,0,0,0,0,1,1,1,0,0,0,0,0,0,0,0,0,0,0,0,0,0,0,0,0,0,0,0,8,0,39.9364,-75.219, , 
 ,20130,2016063875,6,67,67301,2016,6,4,805,8,1,1,0,8,1, , ,N,1,3,0,3,0,1,2,2,N,N,39 55:54.487,75 11:18.153,818, ,811, ,0, ,N, ,3, , , , , ,205276, , , ,1,0,0,0,0,0,1,0,0,0,0,1,1,0,0,0,0,0,0,0,1,0,0,1,0,0,0,0,0,0,0,0,1,0,0,4,0,39.9318,-75.1884, , 
 ,20131,2016080110,6,67,67301,2016,6,2,211,2,3,1,0,4,1, , ,N,1,2,0,3,0,2,5,2,N,N,40 01:32.799,75 07:24.507,223, ,211,2,2,3,N, ,3,Y, , , , ,205281, , , ,2,0,0,0,0,0,1,1,0,0,0,2,2,0,1,0,0,0,0,0,0,0,0,1,0,0,0,0,0,0,0,0,0,0,0,4,0,40.0258,-75.1235, , 
 ,20132,2016108534,6,67,67301,2016,10,4,1606,16,1,1,0,4,1, , ,N,2,0,0,3,0,1,3,3,N,N,40 00:18.770,75 05:33.796,1645, ,1644, ,0, ,N, ,0, , , , , ,208547, , , ,3,1,0,0,0,0,1,1,0,0,0,1,1,0,0,0,0,0,0,0,0,0,0,1,0,0,0,0,0,0,0,0,0,0,0,4,0,40.0052,-75.0927, , 
 ,20133,2016129321,6,67,67301,2016,11,5,828,8,1,1,0,9,1, , ,N,0,0,0,3,0,0,2,1,N,N,39 58:09.560,75 15:42.676,852, ,840, ,0, ,N, ,0, , , , , ,208566, , , ,1,1,0,0,0,0,0,0,0,0,0,0,0,0,0,0,0,0,0,0,0,0,0,0,0,0,0,0,0,0,0,0,0,0,0,0,0,39.9693,-75.2619, , 