wz_ln_closure,objectid_1,crn,district,county,municipality,crash_year,crash_month,day_of_week,time_of_day,hour_of_day,illumination,weather,road_condition,collision_type,relation_to_road,work_zone_type,work_zone_loc,work_zone_ind,intersect_type,tcd_type,location_type,urban_rural,fatal_count,injury_count,person_count,total_units,sch_bus_ind,sch_zone_ind,latitude,longitude,arrival_tm,cons_zone_spd_lim,dispatch_tm,est_hrs_closed,lane_closed,ln_close_dir,ntfy_hiwy_maint,spec_juris_cd,tcd_func_cd,tfc_detour_ind,workers_pres,wz_close_detour,wz_flagger,wz_law_offcr_ind,objectid,wz_moving,wz_other,wz_shlder_mdn,vehicle_count,automobile_count,motorcycle_count,bus_count,small_truck_count,heavy_truck_count,suv_count,van_count,bicycle_count,maj_inj_count,mod_inj_count,min_inj_count,tot_inj_count,unk_inj_deg_count,unk_inj_per_count,driver_count_16yr,driver_count_17yr,driver_count_18yr,driver_count_19yr,driver_count_20yr,driver_count_50_64yr,driver_count_65_74yr,driver_count_75plus,unbelted_occ_count,unb_death_count,unb_maj_inj_count,belted_death_count,belted_maj_inj_count,mcycle_death_count,mcycle_maj_inj_count,bicycle_death_count,bicycle_maj_inj_count,ped_count,ped_death_count,ped_maj_inj_count,max_severity_level,comm_veh_count,dec_lat,dec_long,rdwy_surf_type_cd,county_name
 ,20134,2016080420,6,67,67301,2016,7,1,2230,22,3,1,0,8,1, , ,N,1,2,0,3,0,1,2,2,N,N,40 02:35.289,75 10:02.002,128, ,115, ,0, ,N, ,3, , , , , ,208574, , , ,1,0,0,0,0,0,0,0,0,0,0,0,1,1,1,0,0,0,0,0,0,0,0,0,0,0,0,0,0,0,0,0,1,0,0,8,0,40.0431,-75.1672, , 
 ,20135,2016102540,6,67,67301,2016,9,6,552,5,5,2,1,9,1, , ,N,0,0,0,3,0,0,2,2,N,N,40 02:26.448,75 00:19.937,642, ,638, ,0, , , ,0, , , , , ,208575, , , ,2,1,0,0,1,0,0,0,0,0,0,0,0,0,0,0,0,0,0,0,0,0,0,0,0,0,0,0,0,0,0,0,0,0,0,0,0,40.0407,-75.0055, , 
 ,20136,2016092143,6,67,67301,2016,8,4,1830,18,1,1,0,2,1, , ,N,0,0,0,3,0,1,2,2,N, ,39 59:03.513,75 13:29.328,1835, ,1830,1,1,2, , ,0,Y, , , , ,208576, , , ,1,1,0,0,0,0,0,0,1,0,0,1,1,0,0,0,0,0,0,0,1,0,0,0,0,0,0,0,0,0,0,0,0,0,0,4,0,39.9843,-75.2248, , 
 ,20137,2016117867,6,67,67301,2016,10,2,1459,14,1,1,0,1,1, , ,N,0,0,0,3,0,2,4,3,N,N,39 57:28.424,75 09:43.307,1524, ,1507, ,0, , , ,0, , , , , ,208587, , , ,3,3,0,0,0,0,0,0,0,0,2,0,2,0,0,0,0,0,0,0,0,0,0,0,0,0,0,0,0,0,0,0,0,0,0,3,0,39.9579,-75.162, , 
 ,20138,2016080166,6,67,67301,2016,7,4,1850,18,1,1,0,4,1, , ,N,1,2,0,3,0,1,3,3,N, ,40 03:28.431,75 14:01.168,1905, ,1852, ,0, ,N, ,3, , , , , ,208603, , , ,3,1,0,0,0,0,2,0,0,0,0,0,1,1,0,0,0,0,0,0,2,0,0,2,0,0,0,0,0,0,0,0,0,0,0,8,0,40.0584,-75.2339, , 
 ,20139,2016082290,6,67,67301,2016,7,2,746,7,1,8,1,6,1, , ,N,2,0,0,3,0,0,3,2,N, ,40 03:48.970,75 12:00.871,752, ,746, ,0, , , ,0, , , , , ,208610, , , ,2,2,0,0,0,0,0,0,0,0,0,0,0,0,0,0,0,0,0,0,0,0,0,0,0,0,0,0,0,0,0,0,0,0,0,0,0,40.0636,-75.2002, , 
 ,20140,2016097604,6,67,67301,2016,9,2,1308,13,1,1,0,4,1, , ,N,2,0,0,3,0,1,5,2,N, ,39 58:24.898,75 15:47.105,1319, ,1313, ,0, , , ,0, , , , , ,208612, , , ,2,2,0,0,0,0,0,0,0,0,0,1,1,0,0,0,0,0,0,0,0,0,0,4,0,0,0,0,0,0,0,0,0,0,0,4,0,39.9736,-75.2631, , 
 ,20141,2016105789,6,67,67301,2016,10,7,2337,23,3,2,1,1,1, , ,N,0,0,0,3,0,2,2,2,N,N,39 54:17.664,75 09:00.656,2347, ,2342, ,0, , , ,0, , , , , ,208626, , , ,2,1,0,0,0,0,1,0,0,0,0,2,2,0,0,0,0,0,0,0,0,0,0,0,0,0,0,0,0,0,0,0,0,0,0,4,0,39.9049,-75.1502, , 
 ,20142,2016099578,6,67,67301,2016,9,6,2125,21,3,1,0,4,1, , ,N,1,3,0,3,0,0,2,2,N,N,39 58:29.586,75 10:00.922,2203, ,2203, ,0, ,N, ,3, , , , , ,208635, , , ,2,2,0,0,0,0,0,0,0,0,0,0,0,0,0,0,0,0,0,0,0,0,0,0,0,0,0,0,0,0,0,0,0,0,0,0,0,39.9749,-75.1669, , 
 ,20143,2016089918,6,67,67301,2016,8,2,1807,18,1,1,0,4,1, , ,N,1,2,0,3,0,1,2,2,N,N,40 03:10.684,75 08:12.112,1934, ,1930, ,0, , , ,3, , , , , ,208651, , , ,2,1,0,0,0,0,1,0,0,0,0,1,1,0,0,0,0,0,0,0,0,0,0,0,0,0,0,0,0,0,0,0,0,0,0,4,0,40.053,-75.1367, , 
 ,20144,2016105615,6,67,67301,2016,9,2,1955,19,2,1,0,8,1, , ,N,1,2,0,3,0,1,2,2,N, ,39 54:48.175,75 14:26.825,2000, ,2000, ,0, , , ,3, , , , , ,208658, , , ,1,0,0,0,1,0,0,0,0,0,0,1,1,0,0,0,0,0,0,0,0,0,0,0,0,0,0,0,0,0,0,0,1,0,0,4,0,39.9134,-75.2408, , 
 ,20145,2016080815,6,67,67301,2016,7,2,843,8,1,1,0,8,1, , ,N,1,0,0,3,0,1,2,2,N,N,39 57:27.885,75 12:47.494,900, ,843, ,0, , , ,0, , , , , ,208674, , , ,1,0,0,0,1,0,0,0,0,0,0,0,1,1,1,0,0,0,0,0,0,0,0,0,0,0,0,0,0,0,0,0,1,0,0,8,0,39.9577,-75.2132, , 
 ,20146,2016097650,6,67,67301,2016,8,2,1430,14,1,1,0,1,1, , ,N,1,3,0,3,0,1,4,2,N, ,39 57:15.426,75 09:16.196,1430, ,1430, ,0, , , ,3, , , , , ,208683, , , ,2,0,0,0,0,0,2,0,0,0,0,0,1,1,0,0,0,0,0,0,1,0,0,0,0,0,0,0,0,0,0,0,0,0,0,8,0,39.9543,-75.1545, , 
 ,20147,2016092032,6,67,67301,2016,8,1,1140,11,1,1,0,5,1, , ,N,0,0,0,3,0,1,2,2,N, ,40 01:26.389,75 13:14.516,1650, ,1144, ,0, , , ,0, , , , , ,208685, , , ,1,0,0,1,0,0,0,0,1,0,0,0,1,1,0,0,0,0,0,0,1,0,0,0,0,0,0,0,0,0,0,0,0,0,0,8,1,40.024,-75.2207, , 
 ,20148,2016105637,6,67,67301,2016,9,2,930,9,1,1,0,4,1, , ,N,1,3,0,3,0,0,2,2,N,N,40 02:02.731,75 07:26.425,1132, ,1123, ,0, ,N, ,3, , , , , ,208688, , , ,2,2,0,0,0,0,0,0,0,0,0,0,0,0,0,0,0,0,0,0,1,0,0,0,0,0,0,0,0,0,0,0,0,0,0,0,0,40.0341,-75.124, , 
 ,20149,2016105587,6,67,67301,2016,9,6,650,6,5,2,1,8,1, , ,N,1,2,0,3,0,1,2,2,N,N,39 57:20.167,75 10:21.953,710, ,655,1,1,4,N, ,3,Y, , , , ,208692, , , ,1,0,0,0,1,0,0,0,0,0,0,1,1,0,0,0,0,0,0,0,0,0,0,1,0,0,0,0,0,0,0,0,1,0,0,4,0,39.9556,-75.1728, , 
 ,20150,2016108618,6,67,67301,2016,10,4,1420,14,1,1,0,4,1, , ,N,1,2,0,3,0,4,5,3,N, ,39 57:36.054,75 09:55.036,1507, ,1504,3,2,1, , ,3,Y, , , , ,208693, , , ,3,2,0,0,0,0,0,1,0,0,0,0,4,4,0,0,1,0,0,0,0,0,0,1,0,0,0,0,0,0,0,0,0,0,0,8,0,39.96,-75.1653, , 
 ,20151,2016080424,6,67,67301,2016,7,6,9999,99,3,1,0,8,1, , ,N,1,2,0,3,0,2,3,3,N,N,40 02:02.039,75 04:27.141,331, ,329,9,2,1, , ,3,Y, , , , ,211642, , , ,2,1,1,0,0,0,0,0,0,0,0,0,2,2,0,0,0,0,0,0,0,0,0,0,0,0,0,0,0,0,0,0,1,0,0,8,0,40.0339,-75.0742, , 
 ,20152,2016080607,6,67,67301,2016,7,3,30,0,3,2,1,1,1, , ,N,0,0,0,3,0,3,4,3,N,N,40 03:05.153,75 07:08.945,33, ,30,4,2,6,N, ,0,Y, , , , ,211643, , , ,3,2,0,0,0,0,1,0,0,2,0,0,3,1,0,0,0,0,0,0,0,0,0,1,0,0,0,0,0,0,0,0,0,0,0,2,0,40.0514,-75.1192, , 
 ,20153,2016082250,6,67,67301,2016,7,1,1350,13,1,1,0,4,1, , ,N,1,2,0,3,0,1,2,2,N,N,39 55:49.821,75 10:05.836,1423, ,1420, ,0, ,N, ,3, , , , , ,211647, , , ,1,1,0,0,0,0,0,0,1,0,0,1,1,0,0,0,0,0,0,0,0,0,0,1,0,0,0,0,0,0,0,0,0,0,0,4,0,39.9305,-75.1683, , 
 ,20154,2016080388,6,67,67301,2016,7,2,9999,99,1,1,0,1,1, , ,N,1,2,0,3,0,1,2,2,N, ,39 59:27.769,75 10:06.848,852, ,852, ,0, ,N, ,3, , , , , ,211648, , , ,2,2,0,0,0,0,0,0,0,0,0,0,1,1,0,0,0,0,0,0,0,0,0,1,0,0,0,0,0,0,0,0,0,0,0,8,0,39.991,-75.1686, , 
 ,20155,2016084604,6,67,67301,2016,8,4,1505,15,1,1,0,1,1, , ,N,2,2,0,3,0,0,4,2,N,N,40 05:41.818,74 58:41.600,1520, ,1517, ,0, ,N, ,3, , , , , ,211649, , , ,2,1,0,0,0,0,1,0,0,0,0,0,0,0,0,0,0,0,0,0,0,0,0,0,0,0,0,0,0,0,0,0,0,0,0,0,0,40.0949,-74.9782, , 
 ,20156,2016105747,6,67,67301,2016,9,3,1200,12,1,1,0,8,1, , ,N,1,2,0,3,0,1,2,2,N,N,40 02:58.479,75 05:44.227,1330, ,1320,9,1,4,N, ,3,Y, , , , ,211659, , , ,1,0,0,0,0,1,0,0,0,0,0,0,1,1,0,0,0,0,0,0,1,0,0,1,0,0,0,0,0,0,0,0,1,0,0,8,1,40.0496,-75.0956, , 
 ,20157,2016099612,6,67,67301,2016,9,3,2144,21,3,1,0,5,6, , ,N,0,0,0,3,0,0,2,2,N,N,40 01:21.802,75 04:03.066,145, ,137, ,0, , , ,0, , , , , ,211663, , , ,2,2,0,0,0,0,0,0,0,0,0,0,0,0,1,0,0,0,0,0,0,0,0,0,0,0,0,0,0,0,0,0,0,0,0,9,0,40.0227,-75.0675, , 
 ,20158,2016108643,6,67,67301,2016,10,2,2200,22,3,1,0,7,4, , ,N,0,0,0,3,0,1,1,1,N,N,39 59:54.077,75 09:31.068,945, ,930, ,0, , , ,0, , , , , ,211672, , , ,1,1,0,0,0,0,0,0,0,0,1,0,1,0,0,0,0,0,0,0,0,0,0,1,0,0,0,0,0,0,0,0,0,0,0,3,0,39.9984,-75.1586, , 
 ,20159,2016117701,6,67,67301,2016,10,4,850,8,1,1,0,1,1, , ,N,0,0,7,3,0,1,3,3,N,N,39 59:32.298,75 11:39.810,908, ,851, ,0, , , ,0, , , , , ,211677, , , ,3,2,0,0,0,0,1,0,0,0,0,0,1,1,2,0,0,0,0,0,0,0,0,0,0,0,0,0,0,0,0,0,0,0,0,8,0,39.9923,-75.1944, , 
 ,20160,2016114267,6,67,67301,2016,10,5,1035,10,1,1,0,4,1, , ,N,0,0,0,3,0,0,3,2,N,N,39 54:44.022,75 09:37.911,1048, ,1041, ,0, ,N, ,0, , , , , ,211683, , , ,2,1,0,0,0,0,1,0,0,0,0,0,0,0,0,0,0,0,0,0,0,0,0,0,0,0,0,0,0,0,0,0,0,0,0,0,0,39.9122,-75.1605, , 
 ,20161,2017007829,6,67,67301,2016,12,7,106,1,3,1,0,4,1, , ,N,1,3,0,3,0,1,2,4,N,N,39 57:27.061,75 12:40.366,118, ,116,2,2,1,N, ,3,Y, , , , ,211699, , , ,4,3,0,0,0,0,1,0,0,0,1,0,1,0,0,0,0,0,0,0,0,0,0,0,0,0,0,0,0,0,0,0,0,0,0,3,0,39.9575,-75.2112, , 
 ,20162,2016080821,6,67,67301,2016,7,6,1340,13,1,1,0,1,1, , ,N,1,2,0,3,0,1,3,2,N, ,40 00:13.581,75 05:39.507,1500, ,1453,2,1,1, , ,3,N, , , , ,211705, , , ,2,0,0,0,0,0,1,1,0,0,0,0,1,1,0,0,0,0,0,0,1,0,0,0,0,0,0,0,0,0,0,0,0,0,0,8,0,40.0038,-75.0943, , 
 ,20163,2016105846,6,67,67301,2016,9,1,1626,16,1,1,0,8,1, , ,N,0,0,0,3,0,1,4,2,N,N,39 55:51.285,75 10:17.184,1638, ,1629, ,0, ,N, ,0, , , , , ,211707, , , ,1,0,0,0,0,0,0,1,0,0,0,1,1,0,0,0,0,0,0,0,0,0,0,0,0,0,0,0,0,0,0,0,1,0,0,4,0,39.9309,-75.1714, , 
 ,20164,2016112167,6,67,67301,2016,10,5,1258,12,1,1,0,1,1, , ,N,3,2,0,3,0,0,3,2,N,N,39 58:27.800,75 11:41.368,1303, ,1303, ,0, ,N, ,3, , , , , ,211710, , , ,2,1,0,0,0,0,1,0,0,0,0,0,0,0,0,0,0,0,0,0,1,0,0,0,0,0,0,0,0,0,0,0,0,0,0,0,0,39.9744,-75.1949, , 
 ,20165,2016112220,6,67,67301,2016,10,1,1650,16,1,2,1,1,1, , ,N,0,0,0,3,0,0,5,2,N,N,40 03:34.229,75 04:49.496,1708, ,1700, ,0, ,N, ,0, , , , , ,211711, , , ,2,2,0,0,0,0,0,0,0,0,0,0,0,0,0,0,1,0,0,0,0,0,0,0,0,0,0,0,0,0,0,0,0,0,0,0,0,40.0595,-75.0804, , 
 ,20166,2016138196,6,67,67301,2016,12,2,1927,19,3,1,0,7,3, , ,N,5,0,2,3,0,0,4,1,N,N,39 56:08.529,75 11:57.339,1931, ,1931, ,0, ,N, ,0, , , , , ,211727, , , ,1,0,0,0,0,0,1,0,0,0,0,0,0,0,0,0,0,0,0,0,0,0,0,0,0,0,0,0,0,0,0,0,0,0,0,0,0,39.9357,-75.1993, , 
 ,20167,2016080749,6,67,67301,2016,6,3,815,8,1,1,0,8,1, , ,N,0,0,0,3,0,1,2,2,N, ,39 54:31.353,75 14:54.931,830, ,825, ,0, , , ,0, , , , , ,211738, , , ,1,1,0,0,0,0,0,0,0,0,0,1,1,0,1,0,0,0,0,0,0,0,0,0,0,0,0,0,0,0,0,0,1,0,0,4,0,39.9087,-75.2486, , 
 ,20168,2016095061,6,67,67301,2016,8,7,244,2,3,1,0,7,4, , ,N,0,0,0,3,0,0,1,1,N,N,39 57:35.542,75 10:43.629,249, ,245,1,2,3, , ,0,N, , , , ,211744, , , ,1,1,0,0,0,0,0,0,0,0,0,0,0,0,0,0,0,0,0,0,0,0,0,0,0,0,0,0,0,0,0,0,0,0,0,0,0,39.9599,-75.1788, , 
 ,20169,2016138248,6,67,67301,2016,12,1,935,9,1,1,0,1,1, , ,N,0,2,0,3,0,0,3,3,N, ,40 01:20.896,75 10:40.916,945, ,940, ,0, , , ,3, , , , , ,214401, , , ,3,2,0,0,0,0,1,0,0,0,0,0,0,0,0,0,0,0,0,0,2,0,0,0,0,0,0,0,0,0,0,0,0,0,0,0,0,40.0225,-75.178, , 
 ,20170,2016088602,6,67,67301,2016,8,1,1503,15,1,1,0,1,1, , ,N,0,0,0,3,0,1,2,2,N,N,39 58:02.395,75 14:44.672,1535, ,1530, ,0, ,N, ,0, , , , , ,214419, , , ,2,1,0,0,0,0,0,0,0,0,0,0,1,1,0,0,0,1,0,0,0,0,0,0,0,0,0,0,0,0,0,0,0,0,0,8,0,39.9673,-75.2457, , 
 ,20171,2016082283,6,67,67301,2016,7,4,1103,11,1,1,0,4,1, , ,N,1,1,0,3,0,2,2,2,N,N,39 56:50.431,75 14:01.113,1120, ,1106, ,0, ,N, ,3, , , , , ,214422, , , ,2,0,0,0,0,0,1,1,0,0,0,2,2,0,0,0,0,0,0,0,0,0,0,0,0,0,0,0,0,0,0,0,0,0,0,4,0,39.9473,-75.2336, , 
 ,20172,2016091903,6,67,67301,2016,9,4,1232,12,1,1,0,1,1, , ,N,7,2,2,3,0,3,3,2,N,N,39 57:24.872,75 09:13.565,1237, ,1235, ,0, , , ,3, , , , , ,214426, , , ,2,1,0,0,0,0,1,0,0,0,0,0,3,3,0,0,0,0,0,1,1,0,0,0,0,0,0,0,0,0,0,0,0,0,0,8,0,39.9569,-75.1538, , 
 ,20173,2016114281,6,67,67301,2016,10,4,1800,18,1,1,0,1,1, , ,N,0,0,0,3,0,0,2,2,N,N,39 58:18.788,75 07:14.726,1820, ,1816,1,1,1,N, ,0,N, , , , ,214489, , , ,2,1,0,0,0,0,0,1,0,0,0,0,0,0,0,0,0,0,0,0,0,0,0,0,0,0,0,0,0,0,0,0,0,0,0,0,0,39.9719,-75.1208, , 
 ,20174,2016136747,6,67,67301,2016,12,2,1249,12,1,1,0,1,1, , ,N,6,4,0,3,0,0,2,2,N,N,39 58:54.695,75 06:05.853,1300, ,1252,1,1,2, , ,3,Y, , , , ,214497, , , ,2,1,0,0,0,0,1,0,0,0,0,0,0,0,0,0,0,0,0,0,0,1,0,0,0,0,0,0,0,0,0,0,0,0,0,0,0,39.9819,-75.1016, , 
 ,20175,2016087684,6,67,67301,2016,8,4,2345,23,3,1,0,4,1, , ,N,2,0,0,3,0,0,2,2,N,N,39 58:28.009,75 12:06.339,1227, ,1226, ,0, ,N, ,0, , , , , ,214506, , , ,2,0,0,0,0,0,2,0,0,0,0,0,0,0,0,0,0,0,0,0,0,0,0,1,0,0,0,0,0,0,0,0,0,0,0,0,0,39.9744,-75.2017, , 
 ,20176,2016102323,6,67,67301,2016,10,4,907,9,1,1,0,5,1, , ,N,0,0,0,3,0,1,3,2,N,N,39 57:02.886,75 11:43.463,908, ,907, ,0, ,N, ,0, , , , , ,214513, , , ,1,0,0,0,0,0,1,0,1,0,0,1,1,0,0,0,0,0,0,0,0,0,0,1,0,0,0,0,0,0,0,0,0,0,0,4,0,39.9508,-75.1954, , 
 ,20177,2016105165,6,67,67301,2016,10,7,2054,20,2,2,1,1,1, , ,N,0,0,0,3,0,0,4,2,N,N,39 58:48.502,75 12:18.273,2101, ,2054, ,0, , , ,0, , , , , ,214518, , , ,2,1,0,0,0,0,1,0,0,0,0,0,0,0,0,0,0,0,0,0,0,0,0,0,0,0,0,0,0,0,0,0,0,0,0,0,0,39.9801,-75.2051, , 
 ,20178,2016117127,6,67,67301,2016,10,1,1421,14,1,1,0,4,1, , ,N,1,3,0,3,0,2,6,2,N,N,40 02:00.799,75 01:42.689,1634, ,1634,3,1,1, , ,3,N, , , , ,214524, , , ,2,2,0,0,0,0,0,0,0,0,0,1,2,1,3,0,0,1,0,0,0,0,0,0,0,0,0,0,0,0,0,0,0,0,0,4,0,40.0336,-75.0285, , 
 ,20179,2016080602,6,67,67301,2016,7,6,9999,99,1,1,0,1,1, , ,N,1,2,0,3,0,4,5,2,N, ,40 02:04.999,75 07:51.139,1440, ,1440, ,0, , , ,3, , , , , ,214539, , , ,2,1,0,0,1,0,0,0,0,0,0,0,4,4,0,0,0,0,0,0,0,0,0,0,0,0,0,0,0,0,0,0,0,0,0,8,0,40.0347,-75.1309, , 
 ,20180,2016082322,6,67,67301,2016,7,1,1925,19,1,1,0,4,1, , ,N,2,3,0,3,0,1,2,2,N,N,39 58:51.718,75 11:13.340,1933, ,1930, ,0, ,N, ,3, , , , , ,214545, , , ,2,0,1,0,0,0,0,1,0,0,0,0,1,1,0,0,0,0,0,0,0,0,0,1,0,0,0,0,0,0,0,0,0,0,0,8,0,39.981,-75.187, , 
 ,20181,2016099655,6,67,67301,2016,9,1,9999,99,1,1,0,1,1, , ,N,1,2,0,3,0,1,2,2,N, ,40 06:50.926,74 59:15.880,1245, ,1140, ,0, ,N, ,3, , , , , ,214548, , , ,2,0,0,0,0,1,1,0,0,0,0,0,1,1,0,0,0,0,0,0,1,1,0,1,0,0,0,0,0,0,0,0,0,0,0,8,1,40.114,-74.9876, , 
 ,20182,2016106453,6,67,67301,2016,10,6,607,6,3,1,0,7,4, , ,N,0,0,0,3,0,1,1,1,N,N,39 56:43.512,75 11:25.202,607, ,607,1,1,4, , ,0,N, , , , ,214551, , , ,1,1,0,0,0,0,0,0,0,0,0,0,1,1,0,0,0,0,0,0,0,0,0,0,0,0,0,0,0,0,0,0,0,0,0,8,0,39.9454,-75.1903, , 
 ,20183,2016105877,6,67,67301,2016,9,2,1457,14,1,1,1,4,1, , ,N,0,0,0,3,0,1,2,3,N,N,40 03:24.094,75 08:28.608,1535, ,1529, ,0, ,N, ,0, , , , , ,214565, , , ,3,2,0,0,1,0,0,0,0,0,0,1,1,0,0,0,0,0,0,0,0,0,1,0,0,0,0,0,0,0,0,0,0,0,0,4,0,40.0567,-75.1413, , 
 ,20184,2016080292,6,67,67301,2016,7,4,1130,11,1,2,1,7,4, , ,N,3,0,2,3,0,1,3,1,N,N,40 01:04.470,75 10:18.117,1142, ,1134,1,1,2,N, ,0,N, , , , ,214577, , , ,1,0,0,0,0,0,1,0,0,0,0,0,1,1,0,0,0,0,0,1,0,0,0,0,0,0,0,0,0,0,0,0,0,0,0,8,0,40.0179,-75.1717, , 
 ,20185,2016080791,6,67,67301,2016,7,5,846,8,1,1,0,4,1, , ,N,1,2,0,3,0,3,4,3,N,N,40 01:17.486,75 08:23.326,920, ,846,2,1,2, , ,3,N, , , , ,214586, , , ,3,1,0,0,0,0,2,0,0,0,0,2,3,1,0,0,0,0,0,0,0,0,0,3,0,0,0,0,0,0,0,0,0,0,0,4,0,40.0215,-75.1398, , 
 ,20186,2016080427,6,67,67301,2016,7,7,1632,16,1,1,0,6,1, , ,N,1,2,0,3,0,2,2,2,N,N,40 01:41.935,75 07:12.129,1712, ,1711,2,2,1, , ,3,N, , , , ,214589, , , ,2,1,0,0,0,0,1,0,0,0,1,1,2,0,0,0,0,0,0,0,0,0,0,0,0,0,0,0,0,0,0,0,0,0,0,3,0,40.0283,-75.12, , 
 ,20187,2016080278,6,67,67301,2016,7,2,2215,22,3,2,1,4,1, , ,N,2,0,0,3,0,3,5,2,N, ,40 03:51.439,75 12:02.250,1824, ,1818, ,0, , , ,0, , , , , ,205282, , , ,2,1,0,0,0,0,1,0,0,0,0,3,3,0,1,0,0,0,0,0,0,0,0,0,0,0,0,0,0,0,0,0,0,0,0,4,0,40.0643,-75.2006, , 
 ,20188,2016080685,6,67,67301,2016,7,7,33,0,3,1,0,7,4, , ,N,0,0,0,3,0,1,1,1,N,N,39 59:58.075,75 08:11.611,49, ,49, ,0, ,N, ,0, , , , , ,205290, , , ,1,1,0,0,0,0,0,0,0,0,0,1,1,0,0,0,0,0,0,0,0,0,0,0,0,0,0,0,0,0,0,0,0,0,0,4,0,39.9995,-75.1366, , 
 ,20189,2016082395,6,67,67301,2016,7,6,2324,23,3,1,0,8,1, , ,N,1,3,0,3,0,1,2,2,N,N,39 59:51.932,75 07:49.947,8, ,3, ,0, ,N, ,3, , , , , ,205302, , , ,1,1,0,0,0,0,0,0,0,0,1,0,1,0,0,0,0,0,0,0,0,0,0,0,0,0,0,0,0,0,0,0,1,0,0,3,0,39.9978,-75.1305, , 
 ,20190,2016087196,6,67,67301,2016,7,4,1224,12,1,1,0,1,6, , ,N,0,0,0,3,0,0,1,3,N, ,39 57:21.771,75 13:05.165,1233, ,1231, ,0, , , ,0, , , , , ,205305, , , ,3,2,0,0,0,0,1,0,0,0,0,0,0,0,0,0,0,0,0,0,0,0,0,1,0,0,0,0,0,0,0,0,0,0,0,0,0,39.956,-75.2181, , 
N,20191,2016072396,6,67,67301,2016,6,3,1738,17,1,1,0,1,1,1,2,Y,0,0,0,3,0,1,4,4,N,N,39 59:40.334,75 05:01.896,1750,45,1739,2,2,1, , ,0,N,U,N,N,N,205343,N,N,Y,4,3,0,0,0,0,0,0,0,0,0,0,1,1,1,0,0,0,0,0,0,0,0,1,0,0,0,0,0,0,0,0,0,0,0,8,0,39.9945,-75.0839, , 
 ,20192,2016103220,6,46,46102,2016,10,6,1325,13,1,1,0,4,1, , ,N,0,0,0,3,0,0,2,2,N,N,40 03:48.205,75 08:22.338,1325, ,1325,1,1,4,N, ,0,N, , , , ,205361, , , ,2,2,0,0,0,0,0,0,0,0,0,0,0,0,0,0,0,0,0,0,1,0,0,0,0,0,0,0,0,0,0,0,0,0,0,0,0,40.0634,-75.1395, , 
 ,20193,2016067497,6,67,67301,2016,6,3,1521,15,1,1,0,5,1, , ,N,0,0,0,3,0,1,3,2,N,N,39 57:28.910,75 09:47.092,1541, ,1521, ,0, , , ,0, , , , , ,205391, , , ,2,2,0,0,0,0,0,0,0,0,1,0,1,0,0,0,0,0,0,0,0,0,0,0,0,0,0,0,0,0,0,0,0,0,0,3,0,39.958,-75.1631, , 
 ,20194,2016080086,6,67,67301,2016,6,4,1730,17,1,1,0,1,1, , ,N,0,2,0,3,0,0,2,2,N,N,39 58:18.112,75 09:34.051,1811, ,1810, ,0, ,N, ,3, , , , , ,205393, , , ,2,1,0,0,0,0,1,0,0,0,0,0,0,0,0,0,0,0,0,0,1,0,0,0,0,0,0,0,0,0,0,0,0,0,0,0,0,39.9717,-75.1595, , 
 ,20195,2016084599,6,67,67301,2016,8,3,1200,12,1,1,0,1,6, , ,N,0,0,0,3,0,1,3,3,N,N,39 58:28.751,75 13:35.168,1217, ,1211, ,0, , , ,0, , , , , ,205407, , , ,3,2,0,0,0,0,1,0,0,0,1,0,1,0,0,0,0,0,0,0,1,0,0,0,0,0,0,0,0,0,0,0,0,0,0,3,0,39.9747,-75.2264, , 
 ,20196,2016080360,6,67,67301,2016,6,6,5,0,3,1,0,4,1, , ,N,1,2,0,3,0,0,2,2,N,N,40 00:57.144,75 09:13.828,22, ,20, ,0, , , ,3, , , , , ,205423, , , ,2,0,0,0,0,0,2,0,0,0,0,0,0,0,1,0,0,0,0,0,0,0,0,0,0,0,0,0,0,0,0,0,0,0,0,9,0,40.0159,-75.1538, , 
 ,20197,2016080858,6,67,67301,2016,6,1,1437,14,1,1,0,8,1, , ,N,1,0,0,3,0,1,2,2,N,N,39 57:42.022,75 14:41.618,1437, ,1434, ,0, , , ,0, , , , , ,205424, , , ,1,1,0,0,0,0,0,0,0,0,1,0,1,0,0,0,0,0,0,0,0,0,0,0,0,0,0,0,0,0,0,0,1,0,0,3,0,39.9617,-75.2449, , 
 ,20198,2016087703,6,67,67301,2016,7,5,1430,14,1,1,0,1,1, , ,N,1,2,0,3,0,1,3,2,N, ,40 01:06.336,75 08:56.889,1500, ,9999, ,0, , , ,3, , , , , ,205428, , , ,2,2,0,0,0,0,0,0,0,0,0,0,1,1,0,0,0,0,0,0,1,0,0,2,0,0,0,0,0,0,0,0,0,0,0,8,0,40.0184,-75.1491, , 
 ,20199,2016087616,6,67,67301,2016,8,7,157,1,3,1,0,5,6, , ,N,0,2,0,3,0,0,1,4,N,N,39 56:06.960,75 09:13.743,342, ,332, ,0, ,N, ,3, , , , , ,205434, , , ,4,3,0,0,0,0,1,0,0,0,0,0,0,0,0,0,0,0,1,0,0,0,0,1,0,0,0,0,0,0,0,0,0,0,0,0,0,39.9353,-75.1538, , 
 ,20200,2016076354,6,67,67301,2016,7,2,854,8,1,1,0,1,1, , ,N,0,0,0,3,0,5,10,5,N,N,39 57:55.617,75 11:09.885,854, ,854,2,2,3, , ,0,N, , , , ,205443, , , ,5,1,0,0,0,1,3,0,0,3,2,0,5,0,0,0,0,0,0,0,3,0,0,0,0,0,0,3,0,0,0,0,0,0,0,2,1,39.9654,-75.1861, , 