wz_ln_closure,objectid_1,crn,district,county,municipality,crash_year,crash_month,day_of_week,time_of_day,hour_of_day,illumination,weather,road_condition,collision_type,relation_to_road,work_zone_type,work_zone_loc,work_zone_ind,intersect_type,tcd_type,location_type,urban_rural,fatal_count,injury_count,person_count,total_units,sch_bus_ind,sch_zone_ind,latitude,longitude,arrival_tm,cons_zone_spd_lim,dispatch_tm,est_hrs_closed,lane_closed,ln_close_dir,ntfy_hiwy_maint,spec_juris_cd,tcd_func_cd,tfc_detour_ind,workers_pres,wz_close_detour,wz_flagger,wz_law_offcr_ind,objectid,wz_moving,wz_other,wz_shlder_mdn,vehicle_count,automobile_count,motorcycle_count,bus_count,small_truck_count,heavy_truck_count,suv_count,van_count,bicycle_count,maj_inj_count,mod_inj_count,min_inj_count,tot_inj_count,unk_inj_deg_count,unk_inj_per_count,driver_count_16yr,driver_count_17yr,driver_count_18yr,driver_count_19yr,driver_count_20yr,driver_count_50_64yr,driver_count_65_74yr,driver_count_75plus,unbelted_occ_count,unb_death_count,unb_maj_inj_count,belted_death_count,belted_maj_inj_count,mcycle_death_count,mcycle_maj_inj_count,bicycle_death_count,bicycle_maj_inj_count,ped_count,ped_death_count,ped_maj_inj_count,max_severity_level,comm_veh_count,dec_lat,dec_long,rdwy_surf_type_cd,county_name
 ,20201,2016082390,6,67,67301,2016,7,7,1849,18,1,1,0,4,1, , ,N,2,2,0,3,0,1,2,2,N,N,40 01:52.459,75 01:18.271,1855, ,1849, ,0, ,N, ,3, , , , , ,205452, , , ,2,2,0,0,0,0,0,0,0,0,0,0,1,1,0,0,0,0,0,0,0,0,0,0,0,0,0,0,0,0,0,0,0,0,0,8,0,40.0312,-75.0217, , 
 ,20202,2016117668,6,67,67301,2016,10,1,9999,99,3,1,0,8,1, , ,N,2,0,0,3,0,2,3,3,N, ,40 00:05.310,75 06:54.518,1915, ,1902, ,0, , , ,0, , , , , ,205469, , , ,1,1,0,0,0,0,0,0,0,0,1,1,2,0,0,0,0,0,0,0,0,0,0,1,0,0,0,0,0,0,0,0,2,0,0,3,0,40.0015,-75.1151, , 
 ,20203,2016117725,6,67,67301,2016,10,7,200,2,3,2,1,4,1, , ,N,1,2,0,3,0,2,3,2,N, ,39 57:30.563,75 13:30.647,202, ,200,2,1,3, , ,3,N, , , , ,205470, , , ,2,2,0,0,0,0,0,0,0,0,0,0,2,2,1,0,0,0,0,0,0,0,0,0,0,0,0,0,0,0,0,0,0,0,0,8,0,39.9585,-75.2252, , 
 ,20204,2016099562,6,67,67301,2016,9,1,345,3,3,1,0,7,3, , ,N,0,0,0,3,0,0,1,1,N, ,40 04:39.475,75 01:21.888,355, ,348, ,0, , , ,0, , , , , ,205484, , , ,1,0,0,0,0,0,1,0,0,0,0,0,0,0,0,0,0,0,0,0,0,0,0,1,0,0,0,0,0,0,0,0,0,0,0,0,0,40.0776,-75.0227, , 
 ,20205,2016099576,6,67,67301,2016,9,6,2230,22,3,1,0,4,1, , ,N,2,3,2,3,0,1,5,2,N,N,39 59:11.983,75 12:29.919,1600, ,1550, ,0, ,N, ,3, , , , , ,205485, , , ,2,2,0,0,0,0,0,0,0,0,0,1,1,0,0,0,0,0,0,1,0,0,0,0,0,0,0,0,0,0,0,0,0,0,0,4,0,39.9867,-75.2083, , 
 ,20206,2016114272,6,67,67301,2016,10,6,1500,15,1,1,0,4,1, , ,N,1,2,0,3,0,0,4,4,N, ,39 57:45.942,75 14:48.128,1720, ,1715, ,0, , , ,3, , , , , ,208697, , , ,4,0,1,1,0,0,2,0,0,0,0,0,0,0,0,0,0,0,0,0,2,0,0,0,0,0,0,0,0,0,0,0,0,0,0,0,1,39.9627,-75.2467, , 
 ,20207,2016062683,6,67,67301,2016,5,2,2209,22,3,1,0,4,1, , ,N,1,2,0,3,0,1,2,2,N,N,40 02:09.477,75 02:33.014,2211, ,2209,1,1,2,N, ,3,N, , , , ,208701, , , ,2,0,0,0,0,0,2,0,0,0,1,0,1,0,0,0,0,0,0,0,0,0,0,0,0,0,0,0,0,0,0,0,0,0,0,3,0,40.0359,-75.0424, , 
 ,20208,2016090273,6,67,67301,2016,8,6,749,7,1,1,0,8,1, , ,N,0,0,0,3,0,1,2,2,N, ,40 00:28.132,75 04:29.940,930, ,925, ,0, , , ,0, , , , , ,208729, , , ,1,1,0,0,0,0,0,0,0,0,1,0,1,0,0,0,0,0,0,0,0,0,0,1,0,0,0,0,0,0,0,0,1,0,0,3,0,40.0078,-75.075, , 
 ,20209,2016092156,6,67,67301,2016,8,1,1500,15,1,2,1,4,1, , ,N,1,3,0,3,0,1,2,2,N, ,40 01:03.926,75 12:40.942,1550, ,1505, ,0, , , ,3, , , , , ,208735, , , ,2,0,0,0,0,0,2,0,0,0,0,0,1,1,0,0,0,0,0,0,1,0,0,0,0,0,0,0,0,0,0,0,0,0,0,8,0,40.0178,-75.2114, , 
 ,20210,2016108547,6,67,67301,2016,10,3,1750,17,1,1,0,4,1, , ,N,1,3,0,3,0,1,3,2,N, ,39 59:11.992,75 15:02.255,1758, ,1754, ,0, , , ,3, , , , , ,208742, , , ,2,1,0,0,0,0,0,1,0,0,0,0,1,1,0,0,0,0,0,0,0,0,0,0,0,0,0,0,0,0,0,0,0,0,0,8,0,39.9867,-75.2506, , 
 ,20211,2016080117,6,67,67301,2016,7,6,1021,10,1,1,0,8,1, , ,N,1,2,0,3,0,1,2,2,N,N,39 58:09.149,75 11:04.199,1041, ,1021, ,0, ,N, ,3, , , , , ,208754, , , ,1,0,0,0,0,0,1,0,0,0,0,0,1,1,0,0,0,0,0,0,0,0,0,1,0,0,0,0,0,0,0,0,1,0,0,8,0,39.9693,-75.1846, , 
 ,20212,2016084658,6,67,67301,2016,8,3,2353,23,3,1,0,1,1, , ,N,0,0,0,3,0,1,4,2,N,N,39 59:07.051,75 12:44.387,633, ,633, ,0, ,N, ,0, , , , , ,208760, , , ,2,2,0,0,0,0,0,0,0,0,1,0,1,0,0,0,0,0,0,0,0,0,0,1,0,0,0,0,0,0,0,0,0,0,0,3,0,39.9853,-75.2123, , 
 ,20213,2016102098,6,67,67301,2016,9,5,1745,17,1,2,1,5,1, , ,N,0,0,0,3,0,0,3,3,N,N,39 59:44.560,75 04:58.760,1755, ,1745,2,1,1, , ,0,N, , , , ,208765, , , ,3,1,0,0,0,0,2,0,0,0,0,0,0,0,0,0,0,0,0,0,3,0,0,0,0,0,0,0,0,0,0,0,0,0,0,0,0,39.9957,-75.083, , 
Y,20214,2016084716,6,67,67301,2016,8,3,759,7,1,1,0,7,2,1,4,Y,0,0,0,3,0,1,1,1,N,N,39 58:24.628,75 07:11.524,820,45,800,1,2,1, , ,0,Y,N,N,N,N,208772,N,N,N,1,1,0,0,0,0,0,0,0,0,0,0,1,1,0,0,0,0,0,0,0,0,0,0,0,0,0,0,0,0,0,0,0,0,0,8,0,39.9735,-75.1199, , 
 ,20215,2016093879,6,67,67301,2016,9,5,303,3,3,2,1,5,1, , ,N,0,0,0,3,0,1,2,2,N,N,39 56:50.247,75 08:32.078,321, ,304,1,1,2, , ,0,N, , , , ,208776, , , ,2,2,0,0,0,0,0,0,0,0,1,0,1,0,0,0,0,0,0,0,1,0,0,0,0,0,0,0,0,0,0,0,0,0,0,3,0,39.9473,-75.1422, , 
 ,20216,2016082351,6,67,67301,2016,7,6,1050,10,1,1,0,8,1, , ,N,1,2,0,3,0,1,2,2,N,N,39 57:14.416,75 10:05.601,9999, ,9999, ,0, ,N, ,3, , , , , ,208777, , , ,1,0,0,0,0,0,1,0,0,0,0,1,1,0,0,0,0,0,0,0,1,0,0,0,0,0,0,0,0,0,0,0,1,0,0,4,0,39.954,-75.1682, , 
 ,20217,2016084595,6,67,67301,2016,8,2,1300,13,1,1,0,1,1, , ,N,0,0,7,3,0,1,4,4,N, ,40 01:43.294,75 01:34.736,1310, ,1308, ,0, , , ,0, , , , , ,208780, , , ,4,2,0,0,0,0,2,0,0,0,0,1,1,0,0,0,0,0,0,0,0,1,0,0,0,0,0,0,0,0,0,0,0,0,0,4,0,40.0287,-75.0263, , 
 ,20218,2016064019,6,67,67301,2016,6,1,151,1,3,1,0,8,1, , ,N,0,0,0,3,0,1,2,2,N,N,40 01:21.180,75 09:42.030,151, ,151,2,1,6, , ,0,N, , , , ,208810, , , ,1,1,0,0,0,0,0,0,0,0,0,0,1,1,0,0,0,0,0,0,0,0,0,0,0,0,0,0,0,0,0,0,1,0,0,8,0,40.0226,-75.1617, , 
 ,20219,2016094627,6,67,67301,2016,8,2,1809,18,1,1,0,1,1, , ,N,6,0,2,3,0,1,2,2,N,N,39 57:27.558,75 08:55.942,1819, ,1810, ,0, , , ,0, , , , , ,208823, , , ,2,1,0,0,0,0,1,0,0,0,1,0,1,0,0,0,0,0,0,0,1,0,0,0,0,0,0,0,0,0,0,0,0,0,0,3,0,39.9577,-75.1489, , 
 ,20220,2016112126,6,67,67301,2016,10,4,1730,17,1,1,0,5,6, , ,N,0,0,0,3,0,3,3,4,N, ,39 56:28.919,75 13:29.933,1741, ,1737,9,2,1, , ,0,Y, , , , ,208843, , , ,4,3,0,0,0,0,1,0,0,0,0,3,3,0,0,0,0,0,0,1,1,0,0,0,0,0,0,0,0,0,0,0,0,0,0,4,0,39.9414,-75.225, , 
 ,20221,2016135797,6,67,67301,2016,11,4,819,8,1,2,1,4,1, , ,N,1,2,0,3,0,3,4,2,N,N,40 02:29.185,75 02:56.396,910, ,900, ,0, ,N, ,2, , , , , ,208854, , , ,2,1,0,1,0,0,0,0,0,0,0,3,3,0,0,0,0,0,0,0,0,0,0,1,0,0,0,0,0,0,0,0,0,0,0,4,1,40.0414,-75.049, , 
 ,20222,2016061248,6,67,67301,2016,5,3,19,0,3,1,0,7,5, , ,N,0,0,0,3,0,1,1,1,N,N,40 05:47.878,75 01:21.391,30, ,26, ,0, ,N, ,0, , , , , ,208863, , , ,1,1,0,0,0,0,0,0,0,0,1,0,1,0,0,0,0,0,0,0,0,0,0,0,0,0,0,0,0,0,0,0,0,0,0,3,0,40.0966,-75.0226, , 
 ,20223,2016063993,6,67,67301,2016,6,6,1245,12,1,1,0,1,1, , ,N,1,2,0,3,0,0,2,2,N, ,39 59:27.769,75 10:06.848,1325, ,1322, ,0, , , ,3, , , , , ,208867, , , ,2,1,0,0,0,0,0,1,0,0,0,0,0,0,0,0,0,0,0,0,1,0,0,0,0,0,0,0,0,0,0,0,0,0,0,0,0,39.991,-75.1686, , 
 ,20224,2016071075,6,67,67301,2016,6,5,935,9,1,2,1,8,1, , ,N,1,3,0,3,0,1,2,2,N,N,39 55:40.256,75 10:37.527,945, ,940, ,0, ,N, ,3, , , , , ,211756, , , ,1,1,0,0,0,0,0,0,0,0,0,1,1,0,0,0,0,0,0,0,0,0,0,0,0,0,0,0,0,0,0,0,1,0,0,4,0,39.9278,-75.1771, , 
 ,20225,2016080271,6,67,67301,2016,7,6,1535,15,1,1,0,5,1, , ,N,0,0,0,3,0,1,3,2,N,N,40 03:37.481,75 05:12.560,1611, ,1606, ,0, ,N, ,0, , , , , ,211763, , , ,2,1,0,0,0,0,1,0,0,0,0,1,1,0,0,0,0,0,0,0,1,0,0,0,0,0,0,0,0,0,0,0,0,0,0,4,0,40.0604,-75.0868, , 
 ,20226,2016086400,6,67,67301,2016,8,4,2339,23,3,1,0,5,1, , ,N,0,0,0,3,0,1,3,2,N,N,39 58:13.272,75 11:34.036,2350, ,2340,2,1,4, , ,0,N, , , , ,211765, , , ,2,1,0,0,0,0,1,0,0,0,0,1,1,0,0,0,0,0,0,0,0,0,0,1,0,0,0,0,0,0,0,0,0,0,0,4,0,39.9704,-75.1928, , 
 ,20227,2016097151,6,67,67301,2016,9,7,1025,10,1,1,0,1,1, , ,N,0,0,0,3,0,0,2,2,N,N,39 55:28.649,75 14:42.944,1036, ,1031, ,0, ,N, ,0, , , , , ,211774, , , ,2,0,0,0,0,0,1,1,0,0,0,0,0,0,0,0,0,0,0,0,0,0,0,0,0,0,0,0,0,0,0,0,0,0,0,0,0,39.9246,-75.2453, , 
 ,20228,2016099651,6,67,67301,2016,9,4,1849,18,1,1,0,4,1, , ,N,2,3,0,3,0,0,2,2,N,N,39 59:08.275,75 14:13.437,1849, ,1849, ,0, ,N, ,3, , , , , ,211777, , , ,2,0,0,0,0,0,2,0,0,0,0,0,0,0,0,0,0,0,0,0,0,0,0,0,0,0,0,0,0,0,0,0,0,0,0,0,0,39.9856,-75.2371, , 
 ,20229,2016108591,6,67,67301,2016,9,6,1543,15,1,2,1,7,3, , ,N,0,0,0,3,0,1,1,1,N,N,40 01:05.723,75 12:06.735,1607, ,1543,9,1,2,Y, ,0,N, , , , ,211780, , , ,1,1,0,0,0,0,0,0,0,0,0,0,1,1,0,0,0,0,0,0,1,0,0,0,0,0,0,0,0,0,0,0,0,0,0,8,0,40.0183,-75.2019, , 
 ,20230,2016129459,6,67,67301,2016,11,2,1505,15,1,1,0,4,1, , ,N,1,3,0,3,0,1,4,2,N,N,39 57:49.088,75 14:28.052,1623, ,1618, ,0, ,N, ,3, , , , , ,211796, , , ,2,2,0,0,0,0,0,0,0,0,0,1,1,0,0,0,0,0,0,0,0,0,0,1,0,0,0,0,0,0,0,0,0,0,0,4,0,39.9636,-75.2411, , 
 ,20231,2016080968,6,67,67301,2016,7,2,35,0,3,1,0,3,1, , ,N,1,2,0,3,0,1,5,2,N, ,39 55:03.039,75 10:34.125,55, ,51, ,0, , , ,3, , , , , ,211813, , , ,2,1,0,0,1,0,0,0,0,0,0,0,1,1,0,0,0,0,0,0,0,0,0,0,0,0,0,0,0,0,0,0,0,0,0,8,0,39.9175,-75.1761, , 
 ,20232,2016082452,6,67,67301,2016,7,3,1419,14,1,1,0,1,1, , ,N,0,0,0,3,0,2,8,5,N,N,40 00:02.916,75 04:46.053,1437, ,1422,2,1,1, , ,0,N, , , , ,211815, , , ,5,2,0,0,0,2,1,0,0,0,1,0,2,1,1,0,0,0,0,0,0,1,0,1,0,0,0,0,0,0,0,0,0,0,0,3,2,40.0008,-75.0795, , 
 ,20233,2016087721,6,67,67301,2016,8,2,115,1,3,1,0,4,1, , ,N,1,2,0,3,0,2,4,2,N, ,39 58:18.644,75 14:41.701,138, ,135,2,1,4,N, ,3,N, , , , ,211823, , , ,2,1,0,0,0,0,1,0,0,0,0,2,2,0,0,0,0,0,0,0,0,0,0,0,0,0,0,0,0,0,0,0,0,0,0,4,0,39.9719,-75.2448, , 
 ,20234,2016105955,6,67,67301,2016,9,1,1350,13,1,1,0,4,1, , ,N,1,2,0,3,0,2,6,2,N, ,40 02:25.817,75 03:32.713,1414, ,1413, ,0, , , ,3, , , , , ,211839, , , ,2,0,0,0,0,0,1,1,0,0,0,2,2,0,1,0,0,0,0,0,0,0,0,0,0,0,0,0,0,0,0,0,0,0,0,4,0,40.0405,-75.0591, , 
 ,20235,2016112425,6,67,67301,2016,10,6,1940,19,3,1,0,1,1, , ,N,0,2,0,3,0,1,2,2,N,N,40 00:17.234,75 09:10.679,1950, ,1945, ,0, ,N, ,3, , , , , ,211849, , , ,2,0,0,0,0,1,1,0,0,0,1,0,1,0,0,0,0,0,0,0,1,0,0,1,0,0,0,0,0,0,0,0,0,0,0,3,0,40.0048,-75.153, , 
 ,20236,2016084421,6,67,67301,2016,8,1,1603,16,1,1,0,1,1, , ,N,0,0,0,3,0,2,6,3,N,N,39 57:28.098,75 09:43.256,1616, ,1603,2,1,3, , ,0,N, , , , ,211858, , , ,3,1,0,0,0,0,2,0,0,0,0,0,2,2,0,0,0,0,1,0,0,0,0,0,0,0,0,0,0,0,0,0,0,0,0,8,0,39.9578,-75.162, , 
 ,20237,2016091051,6,67,67301,2016,8,5,1605,16,1,1,0,4,1, , ,N,1,2,0,3,0,1,3,3,N, ,40 05:56.940,74 59:44.015,1606, ,1605, ,0, , , ,3, , , , , ,211873, , , ,3,2,0,0,0,1,0,0,0,0,0,1,1,0,0,0,0,0,1,0,0,0,0,0,0,0,0,0,0,0,0,0,0,0,0,4,1,40.0992,-74.9956, , 
 ,20238,2016077599,6,67,67301,2016,7,6,2314,23,3,1,0,1,1, , ,N,0,0,0,3,0,2,3,2,N,N,40 03:09.242,74 59:13.705,2336, ,2322,2,1,2, , ,0,N, , , , ,211900, , , ,2,2,0,0,0,0,0,0,0,0,0,0,2,2,0,0,0,0,0,0,0,1,0,0,0,0,0,0,0,0,0,0,0,0,0,8,0,40.0526,-74.9871, , 
 ,20239,2016089930,6,67,67301,2016,7,6,930,9,1,9,8,8,1, , ,N,1,2,0,3,0,1,2,2,N,N,40 01:55.630,75 08:46.102,1215, ,1215, ,0, , , ,3, , , , , ,211908, , , ,1,0,0,0,0,0,0,0,0,0,0,0,1,1,1,0,0,0,0,0,0,0,0,0,0,0,0,0,0,0,0,0,1,0,0,8,0,40.0321,-75.1461, , 
 ,20240,2016102075,6,67,67301,2016,9,1,1958,19,3,1,0,4,7, , ,N,0,0,0,3,0,4,9,2,N,N,39 52:50.491,75 14:49.639,2032, ,1959, ,0, , , ,0, , , , , ,211914, , , ,2,0,0,0,0,0,1,1,0,0,0,0,4,4,0,0,0,1,0,0,0,0,0,0,0,0,0,0,0,0,0,0,0,0,0,8,0,39.8807,-75.2471, , 
 ,20241,2016097736,6,67,67301,2016,9,3,1534,15,1,1,0,4,1, , ,N,2,0,0,3,0,0,3,2,N,N,39 55:43.052,75 08:41.020,1552, ,1542,2,1,2,N, ,0,N, , , , ,211919, , , ,2,1,0,0,0,0,1,0,0,0,0,0,0,0,0,0,0,0,0,0,0,2,0,0,0,0,0,0,0,0,0,0,0,0,0,0,0,39.9286,-75.1445, , 
 ,20242,2016105602,6,67,67301,2016,9,3,816,8,1,1,0,8,1, , ,N,1,2,0,3,0,1,3,2,N,Y,40 02:25.098,75 02:36.070,821, ,816, ,0, ,N, ,3, , , , , ,213613, , , ,1,0,0,0,0,0,1,0,0,0,0,1,1,0,0,0,0,0,0,0,0,0,0,0,0,0,0,0,0,0,0,0,1,0,0,4,0,40.0403,-75.0434, , 
 ,20243,2016092130,6,67,67301,2016,8,7,100,1,3,1,0,5,1, , ,N,0,0,0,3,0,1,2,2,N, ,39 59:38.310,75 11:50.371,106, ,101, ,0, , , ,0, , , , , ,213616, , , ,2,0,1,0,0,0,1,0,0,0,1,0,1,0,0,0,0,0,0,0,1,0,0,1,0,0,0,0,0,0,0,0,0,0,0,3,0,39.994,-75.1973, , 
 ,20244,2016129504,6,67,67301,2016,11,6,930,9,1,1,0,8,1, , ,N,0,0,0,3,0,1,2,2,N,N,39 58:15.532,75 08:59.463,946, ,946, ,0, ,N, ,0, , , , , ,213635, , , ,1,0,0,0,0,0,1,0,0,0,0,0,1,1,0,0,0,0,0,0,1,0,0,0,0,0,0,0,0,0,0,0,1,0,0,8,0,39.971,-75.1499, , 
 ,20245,2016099498,6,67,67301,2016,9,2,1140,11,1,1,0,8,1, , ,N,1,0,0,3,0,1,2,2,N, ,40 01:47.384,75 08:25.573,1800, ,1800, ,0, , , ,0, , , , , ,213647, , , ,1,0,0,0,0,0,0,0,0,0,0,1,1,0,0,0,0,0,0,0,0,0,0,0,0,0,0,0,0,0,0,0,1,0,0,4,0,40.0298,-75.1404, , 
 ,20246,2016112094,6,67,67301,2016,10,4,1920,19,3,1,0,8,1, , ,N,0,0,0,3,0,1,2,2,N, ,40 02:24.510,75 09:30.616,9999, ,1930, ,0, , , ,0, , , , , ,213658, , , ,1,0,0,0,0,0,0,0,0,0,0,1,1,0,0,0,0,0,0,0,0,0,0,0,0,0,0,0,0,0,0,0,1,0,0,4,0,40.0401,-75.1585, , 
 ,20247,2016058097,6,67,67301,2016,5,1,1553,15,1,2,1,2,1, , ,N,0,0,0,3,3,6,9,2,N,N,40 01:33.489,75 11:53.447,1600, ,1557,4,2,5,N,0,0,Y, , , , ,213679, , , ,2,2,0,0,0,0,0,0,0,3,0,0,6,3,0,0,0,0,0,0,0,0,0,0,0,0,0,0,0,0,0,0,0,0,0,1,0,40.026,-75.1982,2, 
 ,20248,2016099610,6,67,67301,2016,9,5,2345,23,3,1,0,5,6, , ,N,0,0,0,3,0,1,1,2,N,N,40 01:21.479,75 03:47.042,2, ,0, ,0, ,N, ,0, , , , , ,213685, , , ,2,2,0,0,0,0,0,0,0,0,0,1,1,0,0,0,0,0,0,0,0,0,0,0,0,0,0,0,0,0,0,0,0,0,0,4,0,40.0226,-75.0631, , 
 ,20249,2016094144,6,67,67301,2016,9,2,824,8,1,1,0,4,1, , ,N,1,2,0,3,1,0,2,2,Y,N,40 03:25.695,75 07:44.358,828, ,824,4,2,4,N,0,3,Y, , , , ,213689, , , ,2,1,0,1,0,0,0,0,0,0,0,0,0,0,0,0,0,0,0,0,1,0,0,0,0,0,1,0,0,0,0,0,0,0,0,1,1,40.0571,-75.1291,2, 
 ,20250,2016099431,6,46,46104,2016,9,1,301,3,3,1,0,1,1, , ,N,2,2,0,3,0,1,2,2,N,N,39 58:43.988,75 16:20.174,301, ,301, ,0, , , ,3, , , , , ,213690, , , ,2,1,1,0,0,0,0,0,0,0,0,1,1,0,0,0,0,0,0,0,1,0,0,0,0,0,0,0,0,0,0,0,0,0,0,4,0,39.9788,-75.2722, , 
 ,20251,2016133327,6,67,67301,2016,12,5,838,8,1,1,0,5,1, , ,N,0,0,0,3,0,0,2,2,N,N,40 00:11.477,75 04:38.826,859, ,838,1,1,1, , ,0,N, , , , ,213702, , , ,2,2,0,0,0,0,0,0,0,0,0,0,0,0,0,0,0,0,0,0,0,0,0,0,0,0,0,0,0,0,0,0,0,0,0,0,0,40.0032,-75.0775, , 
 ,20252,2016058524,6,67,67301,2016,5,1,330,3,3,1,0,2,6, , ,N,0,0,0,3,0,2,2,3,N, ,39 58:47.789,75 13:57.981,525, ,509,9,1,3, , ,0,N, , , , ,213736, , , ,3,1,0,0,1,0,0,0,0,0,0,0,2,2,0,0,0,0,0,0,0,0,0,0,0,0,0,0,0,0,0,0,0,0,0,8,0,39.9799,-75.2328, , 
 ,20253,2016058652,6,67,67301,2016,5,4,1830,18,1,1,0,4,1, , ,N,1,3,0,3,0,1,2,2,N,N,39 58:00.970,75 12:30.366,1851, ,1848, ,0, , , ,3, , , , , ,213737, , , ,2,1,0,0,0,0,1,0,0,0,0,1,1,0,1,0,0,0,0,0,0,0,0,0,0,0,0,0,0,0,0,0,0,0,0,4,0,39.9669,-75.2084, , 
 ,20254,2016070631,6,67,67301,2016,6,6,1737,17,1,1,0,4,1, , ,N,1,2,0,3,0,1,6,2,N, ,40 03:26.473,75 04:36.598,1739, ,1737, ,0, , , ,3, , , , , ,213755, , , ,2,0,0,1,0,0,0,1,0,0,0,0,1,1,0,0,0,0,0,0,1,0,0,0,0,0,0,0,0,0,0,0,0,0,0,8,1,40.0574,-75.0768, , 
 ,20255,2016080605,6,67,67301,2016,7,7,953,9,1,1,0,7,5, , ,N,0,0,0,3,0,0,2,1,N, ,40 03:09.973,75 07:17.464,954, ,954,4,2,3, , ,0,Y, , , , ,213764, , , ,1,0,0,0,0,0,0,1,0,0,0,0,0,0,1,0,0,0,0,0,0,0,0,0,0,0,0,0,0,0,0,0,0,0,0,9,0,40.0528,-75.1215, , 
 ,20256,2016080832,6,67,67301,2016,7,4,9999,99,1,1,0,6,1, , ,N,0,0,1,3,0,1,2,2,N, ,39 59:22.876,75 07:33.241,1235, ,1232, ,0, , , ,0, , , , , ,213765, , , ,2,2,0,0,0,0,0,0,0,0,0,1,1,0,0,0,0,0,0,0,0,0,0,0,0,0,0,0,0,0,0,0,0,0,0,4,0,39.9897,-75.1259, , 
 ,20257,2016058547,6,67,67301,2016,5,5,1800,18,1,1,0,0,1, , ,N,0,0,0,3,0,1,1,1,N,N,39 58:06.740,75 07:31.974,1850, ,1840, ,0, ,N, ,0, , , , , ,213793, , , ,1,0,1,0,0,0,0,0,0,0,0,1,1,0,0,0,0,0,0,0,0,0,0,0,0,0,0,0,0,0,0,0,0,0,0,4,0,39.9685,-75.1255, , 
 ,20258,2016096615,6,67,67301,2016,8,1,1110,11,1,1,0,4,1, , ,N,2,0,0,3,1,2,4,2,N, ,40 01:33.200,75 06:30.900,1120, ,1115, ,0, , ,0,0, , , , , ,213821, , , ,2,0,1,0,0,0,1,0,0,0,0,0,2,2,0,0,0,0,0,0,0,0,0,0,0,0,0,0,1,0,0,0,0,0,0,1,0,40.0259,-75.1085,2, 
 ,20259,2016099652,6,67,67301,2016,9,4,1620,16,1,1,0,1,1, , ,N,0,0,0,3,0,0,2,2,N,N,40 01:52.625,75 12:45.825,1620, ,1620, ,0, ,N, ,0, , , , , ,213826, , , ,2,1,0,0,0,0,1,0,0,0,0,0,0,0,0,0,0,0,0,0,1,0,0,0,0,0,0,0,0,0,0,0,0,0,0,0,0,40.0313,-75.2127, , 
 ,20260,2016109066,6,67,67301,2016,10,2,1723,17,1,1,0,7,3, , ,N,0,0,0,3,0,1,1,1,N,N,39 59:41.824,75 09:15.728,1741, ,1731,2,1,2,N, ,0,N, , , , ,205488, , , ,1,1,0,0,0,0,0,0,0,0,0,0,1,1,0,0,0,0,0,0,1,0,0,0,0,0,0,0,0,0,0,0,0,0,0,8,0,39.995,-75.1544, , 
 ,20261,2016080364,6,67,67301,2016,6,4,1400,14,1,1,0,4,1, , ,N,1,2,0,3,0,1,6,2,N, ,40 00:49.975,75 07:33.617,1410, ,1400, ,0, , , ,3, , , , , ,205498, , , ,2,1,0,0,0,0,1,0,0,0,0,1,1,0,0,0,0,0,0,0,0,0,0,0,0,0,0,0,0,0,0,0,0,0,0,4,0,40.0139,-75.126, , 
 ,20262,2016102920,6,67,67301,2016,10,3,1936,19,3,1,0,1,1, , ,N,6,0,2,3,0,3,4,2,N,N,39 56:44.167,75 11:25.033,1945, ,1936,1,1,3, , ,0,N, , , , ,205514, , , ,2,0,0,0,0,0,2,0,0,0,3,0,3,0,0,0,0,0,0,0,0,0,0,0,0,0,0,0,0,0,0,0,0,0,0,3,0,39.9456,-75.1903, , 
 ,20263,2016120526,6,67,67301,2016,10,1,1820,18,3,2,1,1,1, , ,N,0,0,0,3,0,0,2,2,N,N,39 58:34.536,75 15:50.058,1920, ,1913,2,1,2,N, ,0,N, , , , ,205543, , , ,2,0,0,0,0,0,2,0,0,0,0,0,0,0,0,0,0,0,0,0,0,0,0,0,0,0,0,0,0,0,0,0,0,0,0,0,0,39.9763,-75.2639, , 
 ,20264,2016130002,6,67,67301,2016,11,1,731,7,1,1,0,7,4, , ,N,0,0,0,3,0,1,1,1,N,N,40 04:46.200,75 10:54.000,744, ,741,1,1,3, , ,0,N, , , , ,205549, , , ,1,1,0,0,0,0,0,0,0,0,0,0,1,1,0,0,0,0,0,0,0,0,0,0,0,0,0,0,0,0,0,0,0,0,0,8,0,40.0795,-75.1817, , 
 ,20265,2016072853,6,67,67301,2016,6,3,1334,13,1,1,0,1,1, , ,N,0,0,0,3,0,2,4,4,N,N,39 56:41.840,75 11:27.460,1404, ,1344, ,0, , , ,0, , , , , ,205578, , , ,4,2,0,0,1,0,1,0,0,0,1,1,2,0,0,0,0,0,0,0,1,1,0,0,0,0,0,0,0,0,0,0,0,0,0,3,0,39.945,-75.191, , 
 ,20266,2016080771,6,67,67301,2016,7,3,2205,22,3,1,0,4,1, , ,N,1,2,0,3,0,0,4,3,N,N,40 02:06.425,75 04:10.216,9999, ,9999,1,1,1,N, ,3,N, , , , ,205589, , , ,3,3,0,0,0,0,0,0,0,0,0,0,0,0,0,0,0,0,0,0,1,1,0,0,0,0,0,0,0,0,0,0,0,0,0,0,0,40.0351,-75.0695, , 