wz_ln_closure,objectid_1,crn,district,county,municipality,crash_year,crash_month,day_of_week,time_of_day,hour_of_day,illumination,weather,road_condition,collision_type,relation_to_road,work_zone_type,work_zone_loc,work_zone_ind,intersect_type,tcd_type,location_type,urban_rural,fatal_count,injury_count,person_count,total_units,sch_bus_ind,sch_zone_ind,latitude,longitude,arrival_tm,cons_zone_spd_lim,dispatch_tm,est_hrs_closed,lane_closed,ln_close_dir,ntfy_hiwy_maint,spec_juris_cd,tcd_func_cd,tfc_detour_ind,workers_pres,wz_close_detour,wz_flagger,wz_law_offcr_ind,objectid,wz_moving,wz_other,wz_shlder_mdn,vehicle_count,automobile_count,motorcycle_count,bus_count,small_truck_count,heavy_truck_count,suv_count,van_count,bicycle_count,maj_inj_count,mod_inj_count,min_inj_count,tot_inj_count,unk_inj_deg_count,unk_inj_per_count,driver_count_16yr,driver_count_17yr,driver_count_18yr,driver_count_19yr,driver_count_20yr,driver_count_50_64yr,driver_count_65_74yr,driver_count_75plus,unbelted_occ_count,unb_death_count,unb_maj_inj_count,belted_death_count,belted_maj_inj_count,mcycle_death_count,mcycle_maj_inj_count,bicycle_death_count,bicycle_maj_inj_count,ped_count,ped_death_count,ped_maj_inj_count,max_severity_level,comm_veh_count,dec_lat,dec_long,rdwy_surf_type_cd,county_name
 ,20333,2016080627,6,67,67301,2016,6,4,1147,11,1,1,0,8,1, , ,N,1,3,0,3,0,1,2,2,N,N,40 03:33.019,75 09:30.261,1154, ,1148, ,0, , , ,3, , , , , ,205745, , , ,1,1,0,0,0,0,0,0,0,0,0,1,1,0,0,0,0,0,0,0,0,1,0,0,0,0,0,0,0,0,0,0,1,0,0,4,0,40.0592,-75.1584, , 
 ,20334,2016087647,6,67,67301,2016,6,7,1245,12,1,1,0,4,1, , ,N,1,2,0,3,0,0,4,3,N, ,40 04:16.614,75 02:17.825,1310, ,1308, ,0, , , ,3, , , , , ,205748, , , ,3,2,0,0,0,0,1,0,0,0,0,0,0,0,1,0,0,0,0,0,0,0,1,1,0,0,0,0,0,0,0,0,0,0,0,9,0,40.0713,-75.0383, , 
 ,20335,2016084559,6,67,67301,2016,8,4,9999,99,1,1,0,4,1, , ,N,2,2,0,3,0,1,3,2,N,N,39 57:24.697,75 08:19.705,9999, ,448, ,0, ,N, ,3, , , , , ,205751, , , ,2,1,0,0,1,0,0,0,0,0,0,1,1,0,0,0,0,0,0,0,0,0,0,3,0,0,0,0,0,0,0,0,0,0,0,4,0,39.9568,-75.1386, , 
 ,20336,2016093905,6,67,67301,2016,9,5,923,9,1,1,0,7,4, , ,N,0,0,0,3,0,2,2,1,N,N,39 56:39.697,75 11:29.881,929, ,923,1,1,4, , ,0,N, , , , ,205754, , , ,1,1,0,0,0,0,0,0,0,0,0,0,2,2,0,0,0,0,0,0,0,0,0,0,0,0,0,0,0,0,0,0,0,0,0,8,0,39.9444,-75.1916, , 
 ,20337,2016108560,6,67,67301,2016,10,7,1630,16,1,2,1,0,1, , ,N,0,0,0,3,0,2,2,1,N, ,40 00:45.605,75 04:12.824,1640, ,1637, ,0, , , ,0, , , , , ,205776, , , ,1,1,0,0,0,0,0,0,0,0,1,1,2,0,0,0,0,0,0,0,0,0,0,0,0,0,0,0,0,0,0,0,0,0,0,3,0,40.0127,-75.0702, , 
 ,20338,2016082304,6,67,67301,2016,7,7,2150,21,3,1,0,4,1, , ,N,1,2,0,3,0,1,5,2,N,N,39 55:34.561,75 11:03.741,2156, ,2154,1,1,3,N, ,3,N, , , , ,205789, , , ,2,1,1,0,0,0,0,0,0,0,0,1,1,0,1,0,0,0,0,0,0,1,0,0,0,0,0,0,0,0,0,0,0,0,0,4,0,39.9263,-75.1843, , 
 ,20339,2016080768,6,67,67301,2016,7,6,1625,16,1,1,0,4,1, , ,N,1,2,0,3,0,2,3,2,N,N,39 59:55.345,75 10:00.947,1631, ,1630,2,2,4,N, ,3,Y, , , , ,205790, , , ,2,2,0,0,0,0,0,0,0,0,0,0,2,2,0,0,0,0,0,0,0,0,0,1,0,0,0,0,0,0,0,0,0,0,0,8,0,39.9987,-75.1669, , 
 ,20340,2016092190,6,67,67301,2016,8,3,1529,15,1,1,0,1,1, , ,N,1,2,0,3,0,1,3,2,N, ,39 55:10.650,75 14:24.889,1545, ,1529, ,0, , , ,3, , , , , ,205797, , , ,2,0,0,0,0,0,1,0,0,0,0,1,1,0,0,0,0,0,0,0,0,0,0,0,0,0,0,0,0,0,0,0,0,0,0,4,0,39.9196,-75.2402, , 
 ,20341,2016105555,6,67,67301,2016,9,4,115,1,3,1,0,4,1, , ,N,1,2,0,3,0,0,3,2,N, ,39 58:28.117,75 09:31.858,126, ,124, ,0, , , ,3, , , , , ,205812, , , ,2,1,0,0,0,0,1,0,0,0,0,0,0,0,0,0,0,0,1,1,0,0,0,0,0,0,0,0,0,0,0,0,0,0,0,0,0,39.9745,-75.1587, , 
 ,20342,2016127818,6,67,67301,2016,11,5,2140,21,3,1,0,6,6, , ,N,0,0,0,3,0,1,2,2,N,N,39 55:50.178,75 10:29.996,2150, ,2148, ,0, ,N, ,0, , , , , ,205813, , , ,2,0,0,0,0,1,0,1,0,0,0,1,1,0,0,0,0,0,0,0,0,0,0,0,0,0,0,0,0,0,0,0,0,0,0,4,1,39.9306,-75.175, , 
 ,20343,2016062652,6,67,67301,2016,5,3,1420,14,1,1,0,1,1, , ,N,0,0,3,3,0,1,2,2,N, ,40 00:25.326,75 11:34.997,1440, ,1431,1,2,2, , ,0,N, , , , ,205821, , , ,2,1,0,0,1,0,0,0,0,0,0,1,1,0,0,0,0,0,0,0,1,0,0,1,0,0,0,0,0,0,0,0,0,0,0,4,0,40.007,-75.1931, , 
 ,20344,2016126091,6,67,67301,2016,11,1,2145,21,3,1,0,4,1, , ,N,2,0,0,3,0,2,3,2,N,N,40 01:51.203,75 09:59.936,2158, ,2153, ,0, ,N, ,0, , , , , ,205831, , , ,2,2,0,0,0,0,0,0,0,0,0,2,2,0,0,0,0,0,0,0,0,0,0,1,0,0,0,0,0,0,0,0,0,0,0,4,0,40.0308,-75.1665, , 
 ,20345,2016129361,6,67,67301,2016,11,4,730,7,1,1,0,8,1, , ,N,2,3,0,3,0,1,2,2,N,N,40 03:51.357,75 03:53.323,743, ,738, ,0, ,N, ,3, , , , , ,205839, , , ,1,0,0,0,0,0,0,1,0,0,0,0,1,1,0,0,0,0,0,0,1,0,0,0,0,0,0,0,0,0,0,0,1,0,0,8,0,40.0643,-75.0648, , 
 ,20346,2016080077,6,67,67301,2016,6,4,2125,21,3,1,0,1,1, , ,N,0,0,0,3,0,0,2,2,N,N,39 57:10.100,75 08:23.927,2137, ,2129, ,0, , , ,0, , , , , ,205860, , , ,2,1,0,0,0,0,1,0,0,0,0,0,0,0,0,0,0,0,0,0,0,0,0,0,0,0,0,0,0,0,0,0,0,0,0,0,0,39.9528,-75.14, , 
 ,20347,2016023267,6,46,46102,2016,2,7,510,5,3,1,0,7,4, , ,N,0,2,0,3,0,2,2,1,N,N,40 04:13.022,75 09:05.745,515, ,510,2,1,6,N, ,3,Y, , , , ,205867, , , ,1,1,0,0,0,0,0,0,0,0,2,0,2,0,0,0,0,0,0,0,0,0,0,0,0,0,0,0,0,0,0,0,0,0,0,3,0,40.0703,-75.1516, , 
 ,20348,2016099560,6,67,67301,2016,9,2,1737,17,3,1,0,8,6, , ,N,0,0,0,3,0,1,2,2,N, ,40 01:57.324,75 13:46.585,1943, ,1940, ,0, , , ,0, , , , , ,205869, , , ,1,1,0,0,0,0,0,0,0,0,0,1,1,0,0,0,0,0,0,0,0,0,0,1,0,0,0,0,0,0,0,0,1,0,0,4,0,40.0326,-75.2296, , 
 ,20349,2016099509,6,67,67301,2016,9,1,800,8,1,1,0,1,1, , ,N,2,2,0,3,0,1,2,2,N,N,40 00:41.017,75 11:34.650,840, ,834, ,0, ,N, ,3, , , , , ,205870, , , ,2,2,0,0,0,0,0,0,0,0,0,1,1,0,0,0,0,0,0,0,1,0,0,0,0,0,0,0,0,0,0,0,0,0,0,4,0,40.0114,-75.193, , 
 ,20350,2017021961,6,67,67301,2016,10,7,1330,13,1,1,0,1,1, , ,N,0,0,0,3,0,1,2,2,N,N,40 00:34.561,75 10:25.013,0, ,0, ,0, ,N, ,0, , , , , ,209086, , , ,2,1,0,0,0,0,1,0,0,0,0,0,1,1,0,0,0,0,0,0,0,0,0,1,0,0,0,0,0,0,0,0,0,0,0,8,0,40.0096,-75.1736, , 
 ,20351,2016080758,6,67,67301,2016,6,7,210,2,3,1,0,1,1, , ,N,2,0,0,3,0,0,1,3,N,N,39 56:44.826,75 14:13.477,212, ,210, ,0, ,N, ,0, , , , , ,209112, , , ,3,1,0,0,0,0,1,1,0,0,0,0,0,0,1,0,0,0,0,0,0,0,0,1,0,0,0,0,0,0,0,0,0,0,0,9,0,39.9458,-75.2371, , 
 ,20352,2016084608,6,67,67301,2016,7,4,2215,22,3,1,0,8,1, , ,N,1,0,0,3,0,1,2,2,N,N,40 02:39.264,75 09:57.884,2230, ,2220, ,0, ,N, ,0, , , , , ,209121, , , ,1,0,0,1,0,0,0,0,0,0,0,0,1,1,0,0,0,0,0,0,1,0,0,0,0,0,0,0,0,0,0,0,1,0,0,8,1,40.0442,-75.1661, , 
 ,20353,2016112180,6,67,67301,2016,10,5,45,0,3,1,0,1,1, , ,N,5,2,0,3,0,0,2,2,N,N,39 54:19.501,75 10:24.816,57, ,57, ,0, , , ,3, , , , , ,209136, , , ,2,2,0,0,0,0,0,0,0,0,0,0,0,0,0,0,0,0,0,0,0,0,0,0,0,0,0,0,0,0,0,0,0,0,0,0,0,39.9054,-75.1736, , 
 ,20354,2016106331,6,67,67301,2016,9,3,903,9,1,1,0,4,1, , ,N,1,3,0,3,0,1,2,2,N, ,40 00:01.684,75 07:10.714,940, ,903, ,0, , , ,3, , , , , ,209138, , , ,1,1,0,0,0,0,0,0,1,0,0,1,1,0,0,0,0,0,0,0,0,0,0,1,0,0,0,0,0,0,0,0,0,0,0,4,0,40.0005,-75.1196, , 
 ,20355,2016062631,6,67,67301,2016,5,5,1937,19,1,1,0,7,5, , ,N,1,2,0,3,0,1,1,1,N,N,39 58:37.502,75 10:04.972,1948, ,1935,2,2,7,N, ,3,Y, , , , ,209144, , , ,1,1,0,0,0,0,0,0,0,0,0,0,1,1,0,0,0,0,0,0,0,0,0,1,0,0,0,0,0,0,0,0,0,0,0,8,0,39.9771,-75.168, , 
 ,20356,2017007905,6,67,67301,2016,12,4,122,1,3,1,0,7,4, , ,N,0,0,0,3,0,2,2,1,N,N,39 56:57.062,75 10:39.478,145, ,144,2,2,1,N, ,0,Y, , , , ,209162, , , ,1,1,0,0,0,0,0,0,0,0,0,2,2,0,0,0,0,0,0,0,0,0,0,0,0,0,0,0,0,0,0,0,0,0,0,4,0,39.9492,-75.1776, , 
 ,20357,2016080307,6,67,67301,2016,6,1,2357,23,3,1,0,8,1, , ,N,0,0,0,3,0,2,3,3,N,N,40 01:36.157,75 08:23.914,13, ,12,2,2,6,N, ,0,N, , , , ,209205, , , ,2,1,0,0,0,0,1,0,0,0,2,0,2,0,0,0,0,0,0,0,0,0,0,0,0,0,0,0,0,0,0,0,1,0,0,3,0,40.0267,-75.14, , 
 ,20358,2016100968,6,67,67301,2016,9,6,1640,16,1,2,1,4,1, , ,N,0,0,0,3,0,0,2,2,N,N,40 02:20.524,75 00:30.784,1728, ,1643, ,0, , , ,0, , , , , ,209218, , , ,2,1,0,0,0,0,1,0,0,0,0,0,0,0,0,0,0,1,0,0,0,1,0,0,0,0,0,0,0,0,0,0,0,0,0,0,0,40.039,-75.0086, , 
N,20359,2016116790,6,67,67301,2016,11,6,1902,19,3,1,0,1,1,1,4,Y,0,8,0,3,0,0,2,2,N,N,39 59:36.525,75 05:05.727,1904,45,1904, ,0, , , ,3, ,N,N,N,N,209225,N,N,Y,2,1,0,0,1,0,0,0,0,0,0,0,0,0,0,0,0,0,1,0,0,0,0,0,0,0,0,0,0,0,0,0,0,0,0,0,0,39.9935,-75.0849, , 
 ,20360,2016070680,6,67,67301,2016,6,3,150,1,3,1,0,7,4, , ,N,0,0,0,3,0,1,1,1,N,N,40 02:03.602,75 10:36.995,155, ,154, ,0, ,N, ,0, , , , , ,209246, , , ,1,1,0,0,0,0,0,0,0,0,0,1,1,0,0,0,0,0,0,0,0,0,0,0,0,0,0,0,0,0,0,0,0,0,0,4,0,40.0343,-75.1769, , 
 ,20361,2016080272,6,67,67301,2016,6,7,1255,12,1,1,0,4,1, , ,N,0,0,0,3,0,1,5,2,N,N,40 02:16.952,75 06:42.201,1310, ,1303,2,1,1,N, ,0,N, , , , ,209251, , , ,2,1,0,0,0,0,1,0,0,0,0,1,1,0,0,0,0,0,0,0,1,0,0,0,0,0,0,0,0,0,0,0,0,0,0,4,0,40.038,-75.1117, , 
 ,20362,2016080795,6,67,67301,2016,7,6,1752,17,1,1,0,8,1, , ,N,0,0,0,3,0,1,2,2,N, ,39 57:07.501,75 11:10.236,1832, ,1831, ,0, , , ,0, , , , , ,209252, , , ,1,0,0,0,0,0,1,0,0,0,0,0,1,1,0,0,0,0,0,0,0,0,0,0,0,0,0,0,0,0,0,0,1,0,0,8,0,39.9521,-75.1862, , 
 ,20363,2016080876,6,67,67301,2016,6,7,9999,99,4,1,0,5,6, , ,N,0,0,0,3,0,0,1,3,N,N,39 59:47.185,75 09:14.100,1910, ,1908, ,0, ,N, ,0, , , , , ,209253, , , ,3,2,0,0,0,0,1,0,0,0,0,0,0,0,0,0,0,0,0,0,0,0,0,1,0,0,0,0,0,0,0,0,0,0,0,0,0,39.9964,-75.1539, , 
 ,20364,2016081437,6,67,67301,2016,6,6,2115,21,3,1,0,1,1, , ,N,0,2,0,3,0,0,6,3,N,N,39 58:16.869,75 07:16.806,2128, ,2127,1,1,1,N, ,3,N, , , , ,209254, , , ,3,1,0,0,0,0,2,0,0,0,0,0,0,0,0,0,0,0,0,0,1,0,0,0,0,0,0,0,0,0,0,0,0,0,0,0,0,39.9714,-75.1213, , 
 ,20365,2016087660,6,67,67301,2016,8,6,1443,14,1,1,0,1,1, , ,N,0,0,0,3,0,1,2,2,N, ,40 03:50.863,75 03:53.785,1443, ,1443, ,0, , , ,0, , , , , ,209263, , , ,2,1,0,0,0,0,0,1,0,0,0,1,1,0,0,0,0,0,0,0,0,0,0,0,0,0,0,0,0,0,0,0,0,0,0,4,0,40.0641,-75.0649, , 
 ,20366,2016087168,6,67,67301,2016,8,6,1706,17,1,1,0,4,1, , ,N,1,3,0,3,0,2,4,4,N,N,40 00:59.313,75 03:21.221,1728, ,1727,2,2,7,N, ,3,Y, , , , ,209264, , , ,4,1,0,0,0,0,3,0,0,0,0,2,2,0,0,0,0,0,0,0,0,0,0,0,0,0,0,0,0,0,0,0,0,0,0,4,0,40.0165,-75.0559, , 
 ,20367,2016092033,6,67,67301,2016,8,4,1910,19,4,1,0,8,1, , ,N,1,3,0,3,0,1,2,2,N,N,39 59:39.019,75 08:36.603,1510, ,1500, ,0, , , ,3, , , , , ,209267, , , ,1,1,0,0,0,0,0,0,0,0,0,1,1,0,0,0,0,0,0,0,0,0,0,1,0,0,0,0,0,0,0,0,1,0,0,4,0,39.9942,-75.1435, , 
 ,20368,2016065665,6,67,67301,2016,6,6,1819,18,1,1,0,8,1, , ,N,0,0,0,3,0,1,2,2,N, ,40 02:11.806,75 04:28.970,1824, ,1821, ,0, , , ,0, , , , , ,209288, , , ,1,1,0,0,0,0,0,0,0,0,0,1,1,0,0,0,0,0,0,0,0,0,0,0,0,0,0,0,0,0,0,0,1,0,0,4,0,40.0366,-75.0747, , 
 ,20369,2016117763,6,67,67301,2016,10,2,1157,11,1,1,0,8,1, , ,N,1,2,0,3,0,1,2,2,N,N,40 03:16.700,75 08:58.941,1159, ,1158,3,2,2,N, ,3,Y, , , , ,245697, , , ,1,0,0,0,0,0,1,0,0,0,1,0,1,0,0,0,0,0,0,0,0,0,0,0,0,0,0,0,0,0,0,0,1,0,0,3,0,40.0546,-75.1497, , 
 ,20370,2016124433,6,67,67301,2016,10,1,43,0,3,1,6,7,4, , ,N,0,0,0,3,0,0,1,1,N, ,40 07:41.300,75 00:50.025,49, ,46,4,2,5, , ,0,Y, , , , ,245702, , , ,1,0,0,0,0,1,0,0,0,0,0,0,0,0,0,0,0,0,0,0,0,0,0,0,0,0,0,0,0,0,0,0,0,0,0,0,0,40.1281,-75.0139, , 
 ,20371,2016120648,6,67,67301,2016,10,1,1710,17,1,1,0,8,1, , ,N,1,3,0,3,0,1,2,2,N, ,40 02:38.562,75 01:41.084,1738, ,1730,1,2,3, , ,3,Y, , , , ,245714, , , ,1,1,0,0,0,0,0,0,0,0,0,0,1,1,0,0,0,0,0,0,1,0,0,0,0,0,0,0,0,0,0,0,1,0,0,8,0,40.044,-75.0281, , 
 ,20372,2016120655,6,67,67301,2016,10,7,1250,12,1,1,0,5,1, , ,N,0,0,0,3,0,0,2,2,N, ,39 57:11.738,75 10:14.414,1258, ,1258,1,1,3, , ,0,N, , , , ,245715, , , ,2,2,0,0,0,0,0,0,0,0,0,0,0,0,0,0,0,0,0,0,0,0,0,0,0,0,0,0,0,0,0,0,0,0,0,0,0,39.9533,-75.1707, , 
 ,20373,2017001639,6,67,67301,2016,12,2,820,8,1,1,0,5,1, , ,N,0,0,0,3,0,2,3,3,N,N,40 05:05.949,75 02:16.487,823, ,820, ,0, ,N, ,0, , , , , ,245729, , , ,3,2,0,0,0,0,0,1,0,0,0,0,2,2,0,0,0,0,0,0,1,0,1,0,0,0,0,0,0,0,0,0,0,0,0,8,0,40.085,-75.0379, , 
 ,20374,2016129681,6,67,67301,2016,12,1,911,9,1,1,0,7,2, , ,N,0,0,0,3,0,1,1,1,N,N,39 55:06.755,75 08:51.822,912, ,911, ,0, , , ,0, , , , , ,245733, , , ,1,0,0,0,0,0,1,0,0,0,0,0,1,1,0,0,0,0,0,0,0,1,0,0,0,0,0,0,0,0,0,0,0,0,0,8,0,39.9185,-75.1477, , 
 ,20375,2017020704,6,67,67301,2016,7,4,1339,13,1,1,0,1,1, , ,N,0,0,1,3,0,2,3,2,N,N,39 58:31.468,75 11:30.184,0, ,0, ,0, ,N, ,0, , , , , ,245748, , , ,2,0,0,0,0,0,0,1,0,0,2,0,2,0,0,0,0,0,0,0,1,0,0,0,0,0,0,0,0,0,0,0,0,0,0,3,0,39.9753,-75.1917, , 
 ,20376,2016135765,6,67,67301,2016,11,4,1021,10,1,2,1,4,1, , ,N,2,2,0,3,0,2,3,3,N, ,40 00:04.006,75 06:44.139,1110, ,1100, ,0, , , ,3, , , , , ,245757, , , ,3,1,0,0,1,0,1,0,0,0,2,0,2,0,0,0,0,0,0,0,1,0,0,0,0,0,0,0,0,0,0,0,0,0,0,3,0,40.0011,-75.1123, , 
 ,20377,2016120483,6,67,67301,2016,10,4,9999,99,3,9,8,8,1, , ,N,0,0,0,3,0,1,2,2,N, ,40 02:31.217,75 08:12.672,2330, ,2330, ,0, , , ,0, , , , , ,245778, , , ,1,1,0,0,0,0,0,0,0,0,0,1,1,0,1,0,0,0,0,0,0,0,0,0,0,0,0,0,0,0,0,0,1,0,0,4,0,40.042,-75.1369, , 
 ,20378,2016129428,6,67,67301,2016,11,3,1156,11,1,1,0,4,1, , ,N,1,2,0,3,0,2,2,2,N,N,40 00:04.325,75 13:34.990,1219, ,1259, ,0, ,N, ,3, , , , , ,245780, , , ,2,1,0,0,0,0,1,0,0,0,0,0,2,2,0,0,0,0,0,0,2,0,0,0,0,0,0,0,0,0,0,0,0,0,0,8,0,40.0012,-75.2264, , 
 ,20379,2016132144,6,67,67301,2016,11,2,9999,99,1,1,0,4,1, , ,N,1,3,0,3,0,1,2,3,N,N,40 02:03.606,75 09:37.515,912, ,911, ,0, , , ,3, , , , , ,245782, , , ,3,3,0,0,0,0,0,0,0,0,0,0,1,1,0,0,0,0,0,0,0,0,0,1,0,0,0,0,0,0,0,0,0,0,0,8,0,40.0343,-75.1604, , 
 ,20380,2017002075,6,67,67301,2016,12,6,1755,17,3,1,0,8,1, , ,N,2,3,0,3,0,2,3,3,N, ,40 02:37.035,75 09:07.477,1931, ,1931, ,0, , , ,3, , , , , ,245801, , , ,1,1,0,0,0,0,0,0,0,0,0,2,2,0,0,0,0,0,0,0,0,0,0,1,0,0,0,0,0,0,0,0,2,0,0,4,0,40.0436,-75.1521, , 
 ,20381,2016111649,6,67,67301,2016,10,5,1545,15,1,2,1,7,4, , ,N,0,0,0,3,0,1,1,1,N,N,39 59:53.739,75 09:00.074,1553, ,1553, ,0, ,N, ,0, , , , , ,245814, , , ,1,1,0,0,0,0,0,0,0,0,0,0,1,1,0,0,0,0,0,0,0,0,0,0,0,0,0,0,0,0,0,0,0,0,0,8,0,39.9983,-75.15, , 
 ,20382,2017003675,6,67,67301,2016,12,6,1547,15,1,1,0,5,1, , ,N,0,0,0,3,0,1,2,2,N,N,39 56:58.671,75 09:25.569,9999, ,9999, ,0, ,N, ,0, , , , , ,245829, , , ,2,2,0,0,0,0,0,0,0,0,0,1,1,0,0,0,0,0,0,0,1,0,0,0,0,0,0,0,0,0,0,0,0,0,0,4,0,39.9496,-75.1571, , 
 ,20383,2017005262,6,67,67301,2016,12,7,1920,19,3,1,1,5,1, , ,N,0,0,0,3,0,1,5,2,N, ,40 01:36.085,75 03:22.621,1926, ,1926, ,0, , , ,0, , , , , ,245842, , , ,2,1,0,0,0,0,1,0,0,0,0,0,1,1,1,0,0,0,0,0,0,0,0,4,0,0,0,0,0,0,0,0,0,0,0,8,0,40.0267,-75.0563, , 
 ,20384,2017007842,6,67,67301,2016,12,6,2214,22,3,1,0,4,1, , ,N,2,0,0,3,0,1,2,2,N,N,39 54:16.002,75 14:18.945,2216, ,2214, ,0, ,N, ,0, , , , , ,245854, , , ,2,1,0,0,0,0,1,0,0,0,0,1,1,0,0,0,0,1,0,0,0,0,0,1,0,0,0,0,0,0,0,0,0,0,0,4,0,39.9044,-75.2386, , 
 ,20385,2017018051,6,67,67301,2016,5,7,1225,12,1,1,0,3,1, , ,N,0,0,0,3,0,1,2,2,N,N,39 58:18.973,75 08:55.113,0, ,0, ,0, ,N, ,0, , , , , ,245855, , , ,2,1,0,0,0,0,1,0,0,0,0,0,1,1,0,0,0,0,0,0,1,0,0,0,0,0,0,0,0,0,0,0,0,0,0,8,0,39.9719,-75.1486, , 
 ,20386,2016105820,6,67,67301,2016,9,7,2207,22,3,1,0,4,1, , ,N,5,2,0,3,0,1,4,2,N,N,40 02:22.412,75 04:26.947,300, ,249, ,0, ,N, ,3, , , , , ,245860, , , ,1,1,0,0,0,0,0,0,1,0,0,1,1,0,0,0,0,0,0,0,0,1,0,0,0,0,0,0,0,0,0,0,0,0,0,4,0,40.0396,-75.0742, , 
 ,20387,2016138252,6,67,67301,2016,12,1,1340,13,1,1,0,4,1, , ,N,2,3,0,3,0,1,3,2,N, ,40 03:25.246,75 08:22.826,1348, ,1346,1,1,2, , ,3,Y, , , , ,245877, , , ,2,2,0,0,0,0,0,0,0,0,0,0,1,1,0,0,0,1,0,0,0,0,0,0,0,0,0,0,0,0,0,0,0,0,0,8,0,40.057,-75.1397, , 
 ,20388,2016105528,6,67,67301,2016,9,6,1510,15,1,2,1,4,1, , ,N,0,0,0,3,0,1,3,3,N, ,40 01:58.820,75 10:29.347,1545, ,1540,2,1,1, , ,0,N, , , , ,245890, , , ,3,3,0,0,0,0,0,0,0,0,0,0,1,1,0,0,0,0,0,0,0,0,0,0,0,0,0,0,0,0,0,0,0,0,0,8,0,40.033,-75.1748, , 
 ,20389,2016120473,6,67,67301,2016,10,1,411,4,3,1,0,4,1, , ,N,1,2,0,3,0,2,2,2,N, ,39 58:10.310,75 13:31.350,9999, ,9999,3,2,7, , ,3,Y, , , , ,245905, , , ,2,1,0,0,0,0,1,0,0,0,0,0,2,2,0,0,0,0,0,0,0,0,0,0,0,0,0,0,0,0,0,0,0,0,0,8,0,39.9695,-75.2254, , 
 ,20390,2016138423,6,67,67301,2016,12,7,427,4,3,1,0,7,2, , ,N,0,0,0,3,0,1,1,1,N,N,39 54:04.656,75 09:08.606,439, ,428,1,1,1, , ,0,N, , , , ,245922, , , ,1,1,0,0,0,0,0,0,0,0,0,0,1,1,0,0,0,0,0,0,0,0,0,1,0,0,0,0,0,0,0,0,0,0,0,8,0,39.9013,-75.1524, , 
 ,20391,2017002070,6,67,67301,2016,12,4,1847,18,3,1,0,1,1, , ,N,0,0,0,3,0,0,3,3,N,N,39 57:14.318,75 10:23.346,1850, ,1849,1,1,1,N, ,0,N, , , , ,245932, , , ,3,2,0,0,0,0,1,0,0,0,0,0,0,0,0,0,0,0,0,0,0,0,0,0,0,0,0,0,0,0,0,0,0,0,0,0,0,39.954,-75.1732, , 
 ,20392,2016129984,6,67,67301,2016,11,2,1800,18,3,1,0,4,1, , ,N,1,2,0,3,0,1,2,2,N,N,40 06:50.926,74 59:15.880,1805, ,1800, ,0, , , ,3, , , , , ,245952, , , ,2,1,0,0,0,1,0,0,0,0,0,0,1,1,1,0,0,0,0,0,0,0,0,0,0,0,0,0,0,0,0,0,0,0,0,8,1,40.1141,-74.9877, , 
 ,20393,2016119288,6,67,67301,2016,11,7,906,9,1,1,0,1,1, , ,N,0,0,0,3,0,2,5,3,N,N,39 58:47.859,75 12:18.044,926, ,908, ,0, , , ,0, , , , , ,245959, , , ,3,1,0,0,1,0,1,0,0,0,0,0,2,2,0,0,0,0,0,0,1,0,0,0,0,0,0,0,0,0,0,0,0,0,0,8,0,39.98,-75.205, , 
 ,20394,2016120480,6,67,67301,2016,10,6,539,5,6,2,1,1,1, , ,N,5,2,0,3,0,1,2,2,N,N,39 58:03.960,75 12:35.195,720, ,714,2,1,4, , ,3,N, , , , ,245982, , , ,2,1,0,1,0,0,0,0,0,0,0,1,1,0,0,0,0,0,0,0,2,0,0,0,0,0,0,0,0,0,0,0,0,0,0,4,1,39.9677,-75.2097, , 
 ,20395,2016126063,6,67,67301,2016,11,3,1328,13,1,1,0,4,1, , ,N,1,3,0,3,0,1,6,2,N,N,40 01:40.563,75 12:26.257,1334, ,1330, ,0, ,N, ,3, , , , , ,245996, , , ,2,0,0,0,0,0,1,1,0,0,1,0,1,0,0,0,0,0,0,0,0,0,0,0,0,0,0,0,0,0,0,0,0,0,0,3,0,40.0279,-75.2073, , 
 ,20396,2017012825,6,67,67301,2016,11,7,108,1,3,1,0,1,1, , ,N,0,0,0,3,0,0,2,2,N,N,39 58:20.426,75 11:37.187,113, ,108,1,2,3, , ,0,N, , , , ,246011, , , ,2,1,0,0,0,0,1,0,0,0,0,0,0,0,0,0,0,0,0,1,0,0,0,0,0,0,0,0,0,0,0,0,0,0,0,0,0,39.9723,-75.1937, , 
 ,20397,2016120585,6,67,67301,2016,11,4,2019,20,3,1,0,4,1, , ,N,1,2,0,3,0,1,2,2,N,N,40 02:39.682,75 04:21.458,2243, ,2042, ,0, , , ,3, , , , , ,246016, , , ,2,1,0,0,0,0,1,0,0,0,0,0,1,1,0,0,0,0,0,0,1,0,0,0,0,0,0,0,0,0,0,0,0,0,0,8,0,40.0444,-75.0726, , 
 ,20398,2016129990,6,67,67301,2016,11,6,815,8,1,1,0,4,1, , ,N,1,2,0,3,0,0,3,2,N, ,40 03:34.246,75 03:07.165,820, ,818, ,0, , , ,3, , , , , ,246028, , , ,2,1,0,0,0,0,1,0,0,0,0,0,0,0,0,0,0,0,0,0,0,0,0,0,0,0,0,0,0,0,0,0,0,0,0,0,0,40.0595,-75.052, , 
 ,20399,2016112072,6,67,67301,2016,10,2,1403,14,1,1,0,1,1, , ,N,1,2,0,3,0,3,6,4,N,N,40 01:34.998,75 07:01.744,1435, ,1418,1,1,1,N, ,3,N, , , , ,246036, , , ,4,2,0,0,1,0,1,0,0,0,0,3,3,0,0,0,0,0,0,0,2,0,0,1,0,0,0,0,0,0,0,0,0,0,0,4,0,40.0264,-75.1172, , 