wz_ln_closure,objectid_1,crn,district,county,municipality,crash_year,crash_month,day_of_week,time_of_day,hour_of_day,illumination,weather,road_condition,collision_type,relation_to_road,work_zone_type,work_zone_loc,work_zone_ind,intersect_type,tcd_type,location_type,urban_rural,fatal_count,injury_count,person_count,total_units,sch_bus_ind,sch_zone_ind,latitude,longitude,arrival_tm,cons_zone_spd_lim,dispatch_tm,est_hrs_closed,lane_closed,ln_close_dir,ntfy_hiwy_maint,spec_juris_cd,tcd_func_cd,tfc_detour_ind,workers_pres,wz_close_detour,wz_flagger,wz_law_offcr_ind,objectid,wz_moving,wz_other,wz_shlder_mdn,vehicle_count,automobile_count,motorcycle_count,bus_count,small_truck_count,heavy_truck_count,suv_count,van_count,bicycle_count,maj_inj_count,mod_inj_count,min_inj_count,tot_inj_count,unk_inj_deg_count,unk_inj_per_count,driver_count_16yr,driver_count_17yr,driver_count_18yr,driver_count_19yr,driver_count_20yr,driver_count_50_64yr,driver_count_65_74yr,driver_count_75plus,unbelted_occ_count,unb_death_count,unb_maj_inj_count,belted_death_count,belted_maj_inj_count,mcycle_death_count,mcycle_maj_inj_count,bicycle_death_count,bicycle_maj_inj_count,ped_count,ped_death_count,ped_maj_inj_count,max_severity_level,comm_veh_count,dec_lat,dec_long,rdwy_surf_type_cd,county_name
 ,20466,2016131060,6,67,67301,2016,9,2,930,9,1,1,0,8,1, , ,N,1,1,0,3,0,1,2,2,N,N,40 00:49.975,75 07:33.617,955, ,940,2,1,3,N, ,3,N, , , , ,251996, , , ,1,0,0,1,0,0,0,0,0,0,0,1,1,0,0,0,0,0,0,0,0,0,0,0,0,0,0,0,0,0,0,0,1,0,0,4,1,40.0139,-75.126, , 
 ,20467,2016129338,6,67,67301,2016,11,1,11,0,3,1,0,4,1, , ,N,5,2,0,3,0,2,2,2,N,N,40 00:17.776,75 10:43.375,21, ,16,2,1,1,N, ,3,N, , , , ,252039, , , ,2,2,0,0,0,0,0,0,0,0,0,1,2,1,0,0,0,0,0,0,0,0,0,0,0,0,0,0,0,0,0,0,0,0,0,4,0,40.005,-75.1786, , 
 ,20468,2016129277,6,67,67301,2016,11,1,330,3,3,1,0,5,6, , ,N,0,0,0,3,0,0,1,3,N,N,39 57:20.743,75 09:15.364,406, ,340, ,0, ,N, ,0, , , , , ,252040, , , ,3,1,0,0,0,0,2,0,0,0,0,0,0,0,1,0,0,0,0,0,0,0,0,0,0,0,0,0,0,0,0,0,0,0,0,9,0,39.9558,-75.1543, , 
 ,20469,2016138280,6,67,67301,2016,12,6,9999,99,1,1,0,4,1, , ,N,1,2,0,3,0,3,3,2,N,N,39 59:14.319,75 09:51.051,910, ,907, ,0, , , ,3, , , , , ,252050, , , ,2,1,0,0,0,0,0,1,0,0,0,3,3,0,0,0,0,0,0,0,0,0,0,0,0,0,0,0,0,0,0,0,0,0,0,4,0,39.9873,-75.1642, , 
 ,20470,2016129348,6,67,67301,2016,11,7,1000,10,1,1,0,4,1, , ,N,1,3,0,3,0,1,2,2,N,N,39 55:34.831,75 09:55.717,1015, ,1013, ,0, ,N, ,3, , , , , ,252066, , , ,1,1,0,0,0,0,0,0,1,0,0,1,1,0,0,0,0,0,0,0,1,0,0,0,0,0,0,0,0,0,0,0,0,0,0,4,0,39.9263,-75.1655, , 
 ,20471,2016119134,6,67,67301,2016,10,3,1900,19,3,1,0,4,1, , ,N,0,0,7,3,0,1,3,2,N,N,40 07:42.603,74 59:56.947,1955, ,1947, ,0, ,N, ,0, , , , , ,252082, , , ,2,1,0,0,0,0,1,0,0,0,0,0,1,1,0,0,0,0,0,0,1,0,0,0,0,0,0,0,0,0,0,0,0,0,0,8,0,40.1285,-74.9992, , 
 ,20472,2016124432,6,67,67301,2016,11,4,1445,14,1,1,0,8,1, , ,N,0,0,0,3,0,1,2,2,N,Y,40 06:25.716,75 01:36.690,1445, ,1445,9,1,2,N, ,0,Y, , , , ,252087, , , ,1,0,0,0,0,0,0,1,0,0,0,1,1,0,0,0,0,0,0,0,0,0,0,1,0,0,0,0,0,0,0,0,1,0,0,4,0,40.1071,-75.0269, , 
 ,20473,2016129228,6,67,67301,2016,11,6,530,5,3,1,0,1,1, , ,N,2,2,0,3,0,1,2,2,N, ,40 02:25.008,75 01:52.825,540, ,534, ,0, , , ,3, , , , , ,252088, , , ,2,2,0,0,0,0,0,0,0,0,0,1,1,0,0,0,0,0,0,0,1,0,0,1,0,0,0,0,0,0,0,0,0,0,0,4,0,40.0402,-75.0313, , 
 ,20474,2017005740,6,67,67301,2016,12,1,1510,15,1,1,0,4,1, , ,N,1,3,0,3,0,1,3,2,N,N,40 01:12.125,75 03:48.374,1619, ,1617, ,0, ,N, ,3, , , , , ,252116, , , ,2,1,0,0,1,0,0,0,0,0,0,0,1,1,0,0,0,0,0,0,0,0,0,0,0,0,0,0,0,0,0,0,0,0,0,8,0,40.02,-75.0634, , 
 ,20475,2016129312,6,67,67301,2016,10,2,1315,13,1,1,0,8,1, , ,N,0,0,0,3,0,1,2,2,N,N,39 59:15.318,75 07:07.697,1325, ,1315, ,0, ,N, ,0, , , , , ,252125, , , ,1,1,0,0,0,0,0,0,0,0,0,0,1,1,0,0,0,0,0,0,0,0,0,0,0,0,0,0,0,0,0,0,1,0,0,8,0,39.9876,-75.1188, , 
N,20476,2016117889,6,67,67301,2016,11,1,414,4,3,1,0,7,4,1,8,Y,0,0,0,3,0,0,1,1,N,N,39 59:20.903,75 05:15.507,420,45,415,1,1,1, , ,0,N,N,N,N,N,252135,N,N,Y,1,1,0,0,0,0,0,0,0,0,0,0,0,0,0,0,0,0,0,1,0,0,0,0,0,0,0,0,0,0,0,0,0,0,0,0,0,39.9891,-75.0876, , 
 ,20477,2017007936,6,67,67301,2016,12,5,630,6,5,1,0,8,1, , ,N,1,2,0,3,0,1,2,2,N,N,39 57:15.642,75 13:26.511,835, ,830, ,0, ,N, ,3, , , , , ,252147, , , ,1,1,0,0,0,0,0,0,0,0,0,1,1,0,0,0,0,0,0,0,0,0,0,1,0,0,0,0,0,0,0,0,1,0,0,4,0,39.9543,-75.224, , 
 ,20478,2016108621,6,67,67301,2016,10,7,738,7,3,1,0,7,5, , ,N,2,3,0,3,0,1,2,2,N, ,40 02:09.168,75 08:03.699,1800, ,1758, ,0, , , ,3, , , , , ,239928, , , ,1,1,0,0,0,0,0,0,0,0,0,1,1,0,0,0,0,0,0,0,0,0,0,0,0,0,0,0,0,0,0,0,0,0,0,4,0,40.0359,-75.1344, , 
 ,20479,2016135772,6,67,67301,2016,12,7,110,1,3,1,0,4,1, , ,N,1,2,0,3,0,1,3,2,N,N,39 57:41.633,75 09:06.417,112, ,110, ,0, ,N, ,3, , , , , ,239931, , , ,2,1,0,0,0,0,1,0,0,0,0,0,1,1,0,0,0,0,0,0,0,0,0,1,0,0,0,0,0,0,0,0,0,0,0,8,0,39.9615,-75.1517, , 
 ,20480,2016126205,6,67,67301,2016,11,3,1709,17,4,1,0,4,1, , ,N,1,0,0,3,0,0,2,2,N,N,39 56:00.971,75 08:41.062,1714, ,1714, ,0, ,N, ,0, , , , , ,239932, , , ,2,1,0,0,0,0,1,0,0,0,0,0,0,0,0,0,0,0,0,0,0,0,0,0,0,0,0,0,0,0,0,0,0,0,0,0,0,39.9336,-75.1447, , 
 ,20481,2016112238,6,67,67301,2016,10,7,1858,18,3,2,1,7,3, , ,N,5,2,0,3,0,1,1,1,N, ,39 54:40.772,75 14:34.179,1935, ,1932, ,0, , , ,3, , , , , ,239952, , , ,1,1,0,0,0,0,0,0,0,0,1,0,1,0,0,0,0,0,0,0,0,0,1,0,0,0,0,0,0,0,0,0,0,0,0,3,0,39.9113,-75.2427, , 
 ,20482,2017001647,6,67,67301,2016,11,6,1610,16,1,1,0,8,3, , ,N,1,2,0,3,1,0,5,2,N,N,39 54:14.563,75 14:24.409,1622, ,1616,2,2,1,N,0,3,N, , , , ,239973, , , ,1,0,0,0,0,0,0,0,0,0,0,0,0,0,0,0,0,0,0,0,1,0,0,0,0,0,0,0,0,0,0,0,1,1,0,1,0,39.904,-75.2401,2, 
 ,20483,2016112241,6,67,67301,2016,10,7,530,5,3,1,0,4,1, , ,N,1,2,0,3,0,2,2,6,N,N,39 55:25.207,75 10:46.849,536, ,534,3,2,7,N, ,3,Y, , , , ,240008, , , ,6,3,0,0,0,0,2,1,0,0,0,0,2,2,0,0,0,0,0,0,0,1,0,0,0,0,0,0,0,0,0,0,0,0,0,8,0,39.9237,-75.1797, , 
 ,20484,2016117772,6,67,67301,2016,10,4,1056,10,1,1,0,4,1, , ,N,0,0,0,3,0,4,5,2,N,Y,39 55:26.805,75 10:03.446,1103, ,1059, ,0, , , ,0, , , , , ,240013, , , ,2,2,0,0,0,0,0,0,0,1,1,2,4,0,0,0,0,0,0,0,0,0,0,2,0,1,0,0,0,0,0,0,0,0,0,2,0,39.9241,-75.1676, , 
 ,20485,2017007797,6,67,67301,2016,12,7,643,6,5,1,0,7,5, , ,N,0,0,0,3,0,0,1,1,N,N,39 58:43.642,75 12:49.254,759, ,753, ,0, ,N, ,0, , , , , ,240035, , , ,1,1,0,0,0,0,0,0,0,0,0,0,0,0,0,0,0,0,0,0,0,0,0,0,0,0,0,0,0,0,0,0,0,0,0,0,0,39.9788,-75.2137, , 
 ,20486,2016061270,6,67,67301,2016,5,1,150,1,3,1,0,7,4, , ,N,0,0,0,3,0,0,1,1,N,N,39 58:36.760,75 11:50.528,204, ,156, ,0, , , ,0, , , , , ,240046, , , ,1,1,0,0,0,0,0,0,0,0,0,0,0,0,0,0,0,0,0,0,0,0,0,0,0,0,0,0,0,0,0,0,0,0,0,0,0,39.9769,-75.1974, , 
 ,20487,2016063171,6,67,67301,2016,6,3,841,8,1,1,0,1,1, , ,N,0,0,0,3,0,0,2,2,N,N,39 53:56.100,75 10:25.724,914, ,848,1,1,1, , ,0,Y, , , , ,240050, , , ,2,1,0,0,0,0,1,0,0,0,0,0,0,0,0,0,0,0,0,0,0,0,0,0,0,0,0,0,0,0,0,0,0,0,0,0,0,39.8989,-75.1738, , 
 ,20488,2016082235,6,67,67301,2016,7,1,9999,99,1,1,0,4,1, , ,N,1,2,0,3,0,1,3,3,N,N,40 02:34.612,75 07:11.211,1121, ,1115, ,0, , , ,3, , , , , ,240072, , , ,3,1,0,0,0,1,1,0,0,0,0,0,1,1,0,0,0,0,0,0,1,0,0,2,0,0,0,0,0,0,0,0,0,0,0,8,1,40.0429,-75.1198, , 
 ,20489,2016082438,6,67,67301,2016,7,3,1526,15,1,1,0,7,4, , ,N,0,0,0,3,0,0,1,1,N,N,39 59:00.961,75 05:50.436,1541, ,1526, ,0, , , ,0, , , , , ,240073, , , ,1,1,0,0,0,0,0,0,0,0,0,0,0,0,0,0,0,0,0,0,1,0,0,0,0,0,0,0,0,0,0,0,0,0,0,0,0,39.9836,-75.0973, , 
 ,20490,2016087182,6,67,67301,2016,8,4,1924,19,1,1,0,1,1, , ,N,0,0,0,3,0,1,3,2,N,N,39 53:40.847,75 14:12.233,2005, ,1947, ,0, ,N, ,0, , , , , ,240091, , , ,2,1,0,0,0,0,1,0,0,0,0,1,1,0,0,0,0,0,0,0,0,0,0,0,0,0,0,0,0,0,0,0,0,0,0,4,0,39.8947,-75.2367, , 
 ,20491,2016112260,6,67,67301,2016,10,7,1913,19,1,9,1,1,1, , ,N,1,2,0,3,0,4,5,2,N,N,40 02:34.484,75 06:15.533,1015, ,1015, ,0, ,N, ,2, , , , , ,240102, , , ,2,2,0,0,0,0,0,0,0,0,0,0,4,4,1,0,0,0,0,0,1,0,0,0,0,0,0,0,0,0,0,0,0,0,0,8,0,40.0429,-75.1043, , 
 ,20492,2016105750,6,67,67301,2016,9,7,1033,10,1,2,1,5,1, , ,N,1,2,0,3,0,1,2,2,N, ,40 02:25.164,75 03:30.735,1303, ,1034, ,0, , , ,3, , , , , ,240104, , , ,2,1,0,0,0,0,1,0,0,0,0,1,1,0,0,0,0,0,0,0,0,0,0,2,0,0,0,0,0,0,0,0,0,0,0,4,0,40.0403,-75.0585, , 
 ,20493,2016048700,6,67,67301,2016,4,4,2142,21,3,1,0,4,1, , ,N,1,2,0,3,0,1,5,2,N,N,40 00:13.298,75 05:39.820,2152, ,2151, ,0, ,N, ,3, , , , , ,240109, , , ,2,1,0,0,0,0,1,0,0,0,0,0,1,1,0,0,0,0,0,0,0,0,0,0,0,0,0,0,0,0,0,0,0,0,0,8,0,40.0037,-75.0944, , 
 ,20494,2016053669,6,67,67301,2016,5,1,2312,23,3,1,0,8,1, , ,N,2,2,7,3,0,2,3,3,N,N,39 56:29.561,75 08:32.555,2320, ,2315,1,2,2,N, ,3,Y, , , , ,240113, , , ,1,1,0,0,0,0,0,0,0,0,2,0,2,0,0,0,0,1,0,0,0,0,0,0,0,0,0,0,0,0,0,0,2,0,0,3,0,39.9416,-75.1421, , 
 ,20495,2016058650,6,67,67301,2016,5,1,14,0,3,2,1,7,4, , ,N,0,0,0,3,0,0,1,1,N, ,40 00:51.835,75 11:29.523,24, ,16, ,0, , , ,0, , , , , ,240119, , , ,1,1,0,0,0,0,0,0,0,0,0,0,0,0,0,0,0,0,0,0,1,0,0,0,0,0,0,0,0,0,0,0,0,0,0,0,0,40.0144,-75.1915, , 
 ,20496,2017003627,6,67,67301,2016,12,4,1730,17,3,1,0,4,1, , ,N,1,2,0,3,0,1,2,2,N,N,39 56:27.718,75 12:54.489,1737, ,1735, ,0, ,N, ,3, , , , , ,242858, , , ,2,1,0,0,0,0,1,0,0,0,0,0,1,1,0,0,0,0,0,0,0,1,0,1,0,0,0,0,0,0,0,0,0,0,0,8,0,39.941,-75.2151, , 
 ,20497,2016129523,6,67,67301,2016,11,2,1340,13,1,1,0,4,1, , ,N,1,3,0,3,0,1,2,2,N,N,39 57:16.988,75 14:24.950,1718, ,1718, ,0, ,N, ,3, , , , , ,242861, , , ,2,1,0,0,0,0,1,0,0,0,0,0,1,1,0,0,0,0,0,0,1,1,0,1,0,0,0,0,0,0,0,0,0,0,0,8,0,39.9547,-75.2403, , 
 ,20498,2016129533,6,67,67301,2016,11,6,1621,16,1,1,0,4,1, , ,N,2,3,0,3,0,2,2,2,N,N,39 59:30.084,75 07:37.574,1621, ,1621, ,0, ,N, ,3, , , , , ,242867, , , ,2,0,0,0,0,0,2,0,0,0,0,0,2,2,0,0,0,0,0,0,0,0,0,0,0,0,0,0,0,0,0,0,0,0,0,8,0,39.9917,-75.1271, , 
 ,20499,2016138152,6,67,67301,2016,12,1,40,0,3,1,0,4,1, , ,N,1,2,0,3,0,1,2,2,N,N,39 56:53.589,75 09:52.428,52, ,49, ,0, ,N, ,3, , , , , ,242874, , , ,1,1,0,0,0,0,0,0,1,0,1,0,1,0,0,0,0,0,0,0,1,0,0,0,0,0,0,0,0,0,0,0,0,0,0,3,0,39.9482,-75.1644, , 
 ,20500,2017023722,6,67,67301,2016,12,7,2040,20,3,1,0,1,1, , ,N,1,2,0,3,0,1,3,3,N,N,39 59:50.892,75 07:16.722,0, ,0, ,0, ,N, ,3, , , , , ,242880, , , ,3,0,0,0,0,0,2,0,0,0,1,0,1,0,0,0,0,0,0,0,1,0,0,1,0,0,0,0,0,0,0,0,0,0,0,3,0,39.9975,-75.1213, , 
 ,20501,2016105849,6,67,67301,2016,9,2,1650,16,1,1,0,5,6, , ,N,0,0,0,3,0,0,2,2,N, ,39 55:01.517,75 14:33.335,1655, ,1650, ,0, ,N, ,0, , , , , ,242902, , , ,2,2,0,0,0,0,0,0,0,0,0,0,0,0,0,0,0,0,0,0,0,0,0,1,0,0,0,0,0,0,0,0,0,0,0,0,0,39.9171,-75.2426, , 
 ,20502,2016068658,6,67,67301,2016,6,3,1420,14,1,1,0,8,1, , ,N,1,2,0,3,0,1,2,2,N,N,39 57:30.563,75 13:30.647,1428, ,1424, ,0, ,N, ,3, , , , , ,242940, , , ,1,1,0,0,0,0,0,0,0,0,0,1,1,0,0,0,0,0,0,0,0,0,1,0,0,0,0,0,0,0,0,0,1,0,0,4,0,39.9585,-75.2252, , 
 ,20503,2017005241,6,67,67301,2016,12,4,1625,16,4,1,0,4,1, , ,N,1,2,0,3,0,5,6,3,N, ,40 00:52.463,75 09:23.952,1640, ,1627,2,2,5, , ,3,Y, , , , ,242947, , , ,3,2,0,0,0,0,1,0,0,0,0,5,5,0,1,0,0,0,0,1,0,0,0,0,0,0,0,0,0,0,0,0,0,0,0,4,0,40.0146,-75.1567, , 
 ,20504,2016105716,6,67,67301,2016,9,5,1733,17,1,1,0,4,1, , ,N,1,2,0,3,0,3,3,2,N,N,39 55:30.950,75 13:44.824,1819, ,1817,3,1,4,N, ,3,Y, , , , ,242953, , , ,2,1,0,0,0,0,0,1,0,0,0,0,3,3,0,0,0,0,0,0,0,0,0,0,0,0,0,0,0,0,0,0,0,0,0,8,0,39.9253,-75.2291, , 
 ,20505,2016108521,6,67,67301,2016,10,6,1450,14,1,1,0,4,1, , ,N,1,3,0,3,0,1,3,2,N,N,39 56:32.352,75 09:43.091,1528, ,1526,2,2,2,N, ,3,N, , , , ,242955, , , ,2,2,0,0,0,0,0,0,0,0,0,1,1,0,0,0,0,0,0,0,0,0,0,0,0,0,0,0,0,0,0,0,0,0,0,4,0,39.9423,-75.162, , 
 ,20506,2017008757,6,67,67301,2016,12,5,1745,17,3,1,0,1,1, , ,N,0,2,0,3,0,1,3,3,N,N,40 01:39.646,75 06:36.459,1750, ,1747,1,1,1,N, ,3,N, , , , ,242995, , , ,3,3,0,0,0,0,0,0,0,0,0,1,1,0,1,0,0,0,0,1,0,0,0,0,0,0,0,0,0,0,0,0,0,0,0,4,0,40.0277,-75.1101, , 
 ,20507,2017000622,6,67,67301,2016,12,7,1519,15,1,1,0,1,1, , ,N,0,0,0,3,0,0,2,3,N,N,40 02:36.156,75 04:35.127,1539, ,1531,3,2,3,N, ,0,Y, , , , ,242999, , , ,3,1,0,0,1,0,1,0,0,0,0,0,0,0,0,0,0,0,0,0,1,0,0,0,0,0,0,0,0,0,0,0,0,0,0,0,0,40.0434,-75.0764, , 
 ,20508,2017020758,6,67,67301,2016,7,7,1430,14,1,1,0,1,1, , ,N,0,2,0,3,0,3,4,2,N,N,39 57:10.678,75 09:35.594,0, ,0, ,0, ,N, ,3, , , , , ,243001, , , ,2,1,0,0,0,0,0,1,0,0,2,0,3,1,0,0,0,0,0,0,2,0,0,1,0,0,0,0,0,0,0,0,0,0,0,3,0,39.953,-75.1599, , 
 ,20509,2016124482,6,67,67301,2016,10,7,1729,17,1,1,0,1,1, , ,N,0,0,0,3,0,0,3,2,N,N,39 57:28.997,75 09:50.623,1752, ,1729,2,1,3, , ,0,N, , , , ,243002, , , ,2,1,0,0,0,0,1,0,0,0,0,0,0,0,0,0,0,0,0,0,0,0,0,0,0,0,0,0,0,0,0,0,0,0,0,0,0,39.9581,-75.1641, , 
 ,20510,2016129974,6,67,67301,2016,11,1,1609,16,1,1,0,5,1, , ,N,0,0,0,3,0,3,4,2,N, ,40 03:05.818,75 09:00.867,1613, ,1611,2,2,6, , ,0,Y, , , , ,243017, , , ,2,0,0,0,0,0,0,2,0,0,0,0,3,3,1,0,0,0,0,0,0,0,0,0,0,0,0,0,0,0,0,0,0,0,0,8,0,40.0516,-75.1502, , 
 ,20511,2016138258,6,67,67301,2016,12,5,751,7,1,1,0,1,6, , ,N,0,0,0,3,0,1,1,3,N,N,39 59:57.541,75 07:15.549,805, ,804,1,2,1, , ,0,Y, , , , ,243019, , , ,3,1,0,0,0,0,2,0,0,0,0,0,1,1,0,0,0,0,0,0,1,0,0,1,0,0,0,0,0,0,0,0,0,0,0,8,0,39.9993,-75.121, , 
 ,20512,2016106298,6,67,67301,2016,10,1,9999,99,1,1,0,8,1, , ,N,1,2,0,3,0,1,2,2,N,N,40 02:11.152,75 07:49.835,1047, ,1047, ,0, ,N, ,3, , , , , ,243077, , , ,1,0,0,0,1,0,0,0,0,0,0,0,1,1,0,0,0,0,0,0,0,0,0,0,0,0,0,0,0,0,0,0,1,0,0,8,0,40.0364,-75.1305, , 
 ,20513,2016120652,6,67,67301,2016,10,2,1255,12,1,1,0,4,1, , ,N,1,3,0,3,0,1,3,2,N, ,39 55:34.831,75 09:55.717,1259, ,1258, ,0, , , ,3, , , , , ,243083, , , ,2,1,1,0,0,0,0,0,0,0,1,0,1,0,0,0,0,0,0,0,1,1,0,0,0,0,0,0,0,0,0,0,0,0,0,3,0,39.9263,-75.1655, , 
 ,20514,2016112062,6,67,67301,2016,10,3,1522,15,1,1,0,4,1, , ,N,1,2,0,3,0,1,7,2,Y, ,40 01:05.185,75 08:04.246,1555, ,1542, ,0, , , ,3, , , , , ,248949, , , ,2,0,0,1,0,0,0,1,0,0,0,1,1,0,0,0,0,0,0,0,1,0,0,0,0,0,0,0,0,0,0,0,0,0,0,4,1,40.0181,-75.1345, , 
 ,20515,2016123710,6,67,67301,2016,11,5,654,6,1,1,0,1,1, , ,N,0,0,3,3,0,1,3,3,N,N,39 53:48.669,75 11:22.995,708, ,654,2,2,1, , ,0,N, , , , ,248950, , , ,3,1,0,0,1,1,0,0,0,0,0,0,1,1,0,0,0,0,0,0,0,0,0,0,0,0,0,0,0,0,0,0,0,0,0,8,1,39.8969,-75.1897, , 
 ,20516,2016120610,6,67,67301,2016,10,7,945,9,1,1,0,6,1, , ,N,0,0,0,3,0,2,2,3,N,N,39 58:39.614,75 07:52.689,950, ,947, ,0, ,N, ,0, , , , , ,248952, , , ,3,2,0,0,0,0,0,0,0,0,0,1,2,1,0,0,0,0,0,0,0,0,0,0,0,0,0,0,0,0,0,0,0,0,0,4,0,39.9777,-75.1313, , 
 ,20517,2016134675,6,67,67301,2016,12,7,458,4,3,4,3,7,4, , ,N,0,0,0,3,0,0,1,1,N,N,39 57:26.153,75 08:59.930,529, ,459, ,0, , , ,0, , , , , ,248965, , , ,1,0,0,0,0,0,1,0,0,0,0,0,0,0,0,0,0,0,0,0,0,0,0,0,0,0,0,0,0,0,0,0,0,0,0,0,0,39.9573,-75.15, , 
 ,20518,2016126186,6,67,67301,2016,11,1,1340,13,1,1,0,8,1, , ,N,1,2,0,3,0,1,2,2,N,N,39 59:36.071,75 05:49.104,1345, ,1345,1,1,5, , ,3,N, , , , ,248980, , , ,1,0,0,0,0,0,1,0,0,0,0,0,1,1,0,0,0,0,0,0,1,0,0,0,0,0,0,0,0,0,0,0,1,0,0,8,0,39.9934,-75.097, , 
 ,20519,2016126119,6,67,67301,2016,11,7,249,2,3,1,0,6,1, , ,N,0,0,0,3,0,0,2,2,N,N,39 58:44.181,75 06:32.691,300, ,249, ,0, , , ,0, , , , , ,249034, , , ,2,1,0,0,0,0,1,0,0,0,0,0,0,0,0,0,0,0,0,0,0,0,0,1,0,0,0,0,0,0,0,0,0,0,0,0,0,39.9789,-75.1091, , 
 ,20520,2017010609,6,67,67301,2016,11,6,100,1,3,1,0,4,1, , ,N,0,0,7,3,0,4,5,2,N,N,40 00:29.142,75 12:41.784,114, ,112,2,2,1,N, ,0,Y, , , , ,249045, , , ,2,2,0,0,0,0,0,0,0,0,0,0,4,4,0,0,0,0,0,1,0,0,0,0,0,0,0,0,0,0,0,0,0,0,0,8,0,40.0081,-75.2116, , 
 ,20521,2016126089,6,67,67301,2016,11,1,1100,11,1,1,0,4,1, , ,N,1,3,0,3,0,1,2,2,N,N,39 59:51.241,75 10:11.593,1118, ,1110, ,0, ,N, ,3, , , , , ,249057, , , ,2,2,0,0,0,0,0,0,0,0,0,0,1,1,0,0,0,0,0,0,0,0,0,1,0,0,0,0,0,0,0,0,0,0,0,8,0,39.9976,-75.1699, , 
 ,20522,2017007927,6,67,67301,2016,12,7,430,4,3,4,3,7,4, , ,N,0,0,0,3,0,0,1,1,N,N,39 56:56.018,75 11:57.721,510, ,505, ,0, ,N, ,0, , , , , ,249080, , , ,1,1,0,0,0,0,0,0,0,0,0,0,0,0,1,0,0,0,0,0,0,0,0,0,0,0,0,0,0,0,0,0,0,0,0,9,0,39.9489,-75.1994, , 
 ,20523,2016099664,6,67,67301,2016,9,5,1215,12,1,1,0,5,1, , ,N,0,0,0,3,0,1,2,2,N, ,40 00:40.118,75 09:02.982,1216, ,1213, ,0, , , ,0, , , , , ,249083, , , ,2,2,0,0,0,0,0,0,0,0,1,0,1,0,1,0,0,0,0,0,0,0,0,0,0,0,0,0,0,0,0,0,0,0,0,3,0,40.0111,-75.1508, , 
 ,20524,2016132211,6,67,67301,2016,11,3,1510,15,1,1,0,2,1, , ,N,3,3,0,3,0,3,3,2,N,N,39 58:30.545,75 11:17.083,1630, ,1551, ,0, ,N, ,3, , , , , ,249097, , , ,2,2,0,0,0,0,0,0,0,0,0,0,3,3,0,0,0,0,0,0,0,0,0,0,0,0,0,0,0,0,0,0,0,0,0,8,0,39.9752,-75.1882, , 
 ,20525,2016135695,6,67,67301,2016,12,3,1601,16,3,2,1,8,1, , ,N,1,2,0,3,0,1,2,2,N,N,39 58:20.708,75 15:11.732,1606, ,1604, ,0, ,N, ,3, , , , , ,249100, , , ,1,0,0,0,0,0,1,0,0,0,0,1,1,0,0,0,0,0,0,0,1,0,0,0,0,0,0,0,0,0,0,0,1,0,0,4,0,39.9724,-75.2533, , 
 ,20526,2016135684,6,67,67301,2016,12,3,1443,14,1,2,1,4,1, , ,N,1,3,0,3,0,3,3,3,N, ,40 00:41.580,75 04:19.945,1730, ,1711, ,0, , , ,3, , , , , ,249101, , , ,3,2,0,0,0,0,1,0,0,0,0,3,3,0,0,0,1,0,0,0,0,0,0,0,0,0,0,0,0,0,0,0,0,0,0,4,0,40.0116,-75.0722, , 
 ,20527,2016134612,6,67,67301,2016,12,4,532,5,3,2,1,0,1, , ,N,0,0,0,3,0,2,3,3,N,N,39 58:59.687,75 12:29.412,532, ,532,1,1,3, , ,0,N, , , , ,249106, , , ,3,2,0,0,0,0,1,0,0,0,0,0,2,2,0,0,0,0,0,0,1,0,0,0,0,0,0,0,0,0,0,0,0,0,0,8,0,39.9832,-75.2082, , 
 ,20528,2016112086,6,67,67301,2016,10,4,2035,20,3,1,0,8,1, , ,N,0,0,0,3,0,1,2,2,N,N,39 56:21.884,75 09:40.389,2043, ,2035, ,0, ,N, ,0, , , , , ,249127, , , ,1,1,0,0,0,0,0,0,0,0,0,1,1,0,0,0,0,0,0,0,0,0,0,0,0,0,0,0,0,0,0,0,1,0,0,4,0,39.9394,-75.1612, , 
 ,20529,2016117746,6,67,67301,2016,10,2,819,8,1,1,0,8,1, , ,N,1,3,0,3,0,1,2,2,N,N,39 56:24.885,75 10:04.702,838, ,829, ,0, ,N, ,3, , , , , ,249135, , , ,1,0,0,0,1,0,0,0,0,0,1,0,1,0,1,0,0,0,0,0,0,0,0,0,0,0,0,0,0,0,0,0,1,0,0,3,0,39.9402,-75.168, , 
 ,20530,2016132127,6,67,67301,2016,11,5,2330,23,3,1,0,1,1, , ,N,0,0,0,3,0,1,3,2,N, ,40 01:41.022,75 06:00.600,2350, ,2330, ,0, , , ,0, , , , , ,249164, , , ,2,1,0,0,0,0,1,0,0,0,0,1,1,0,1,0,0,0,0,0,1,0,0,0,0,0,0,0,0,0,0,0,0,0,0,4,0,40.0281,-75.1002, , 
 ,20531,2016105641,6,67,67301,2016,9,6,1,0,3,1,0,4,1, , ,N,1,2,0,3,0,2,2,2,N,N,39 55:40.913,75 10:08.193,8, ,5,1,2,5,N, ,3,Y, , , , ,249187, , , ,2,2,0,0,0,0,0,0,0,0,0,2,2,0,0,0,0,0,0,0,0,0,0,0,0,0,0,0,0,0,0,0,0,0,0,4,0,39.9281,-75.1688, , 