wz_ln_closure,objectid_1,crn,district,county,municipality,crash_year,crash_month,day_of_week,time_of_day,hour_of_day,illumination,weather,road_condition,collision_type,relation_to_road,work_zone_type,work_zone_loc,work_zone_ind,intersect_type,tcd_type,location_type,urban_rural,fatal_count,injury_count,person_count,total_units,sch_bus_ind,sch_zone_ind,latitude,longitude,arrival_tm,cons_zone_spd_lim,dispatch_tm,est_hrs_closed,lane_closed,ln_close_dir,ntfy_hiwy_maint,spec_juris_cd,tcd_func_cd,tfc_detour_ind,workers_pres,wz_close_detour,wz_flagger,wz_law_offcr_ind,objectid,wz_moving,wz_other,wz_shlder_mdn,vehicle_count,automobile_count,motorcycle_count,bus_count,small_truck_count,heavy_truck_count,suv_count,van_count,bicycle_count,maj_inj_count,mod_inj_count,min_inj_count,tot_inj_count,unk_inj_deg_count,unk_inj_per_count,driver_count_16yr,driver_count_17yr,driver_count_18yr,driver_count_19yr,driver_count_20yr,driver_count_50_64yr,driver_count_65_74yr,driver_count_75plus,unbelted_occ_count,unb_death_count,unb_maj_inj_count,belted_death_count,belted_maj_inj_count,mcycle_death_count,mcycle_maj_inj_count,bicycle_death_count,bicycle_maj_inj_count,ped_count,ped_death_count,ped_maj_inj_count,max_severity_level,comm_veh_count,dec_lat,dec_long,rdwy_surf_type_cd,county_name
 ,20532,2016053730,6,67,67301,2016,5,3,1445,14,1,1,0,5,6, , ,N,0,0,0,3,0,0,1,4,N,N,39 57:01.263,75 14:16.072,1450, ,1445, ,0, ,N, ,0, , , , , ,246284, , , ,4,3,1,0,0,0,0,0,0,0,0,0,0,0,0,0,0,0,0,0,0,0,0,1,0,0,0,0,0,0,0,0,0,0,0,0,0,39.9504,-75.2378, , 
 ,20533,2016073729,6,67,67301,2016,7,6,640,6,1,1,0,5,1, , ,N,0,0,0,3,0,0,2,2,N,N,39 57:09.052,75 10:55.294,818, ,730, ,0, , , ,0, , , , , ,246294, , , ,2,1,0,0,1,0,0,0,0,0,0,0,0,0,1,0,0,0,0,0,1,0,0,0,0,0,0,0,0,0,0,0,0,0,0,9,0,39.9525,-75.182, , 
 ,20534,2016080547,6,67,67301,2016,7,1,210,2,3,1,0,1,1, , ,N,0,0,0,3,0,1,3,2,N,N,39 57:41.719,75 09:16.010,230, ,224,9,1,3,N, ,0,N, , , , ,246298, , , ,2,1,0,0,0,0,0,1,0,0,0,0,1,1,0,0,0,0,0,0,1,0,0,0,0,0,0,0,0,0,0,0,0,0,0,8,0,39.9616,-75.1544, , 
 ,20535,2016092085,6,67,67301,2016,8,1,2254,22,3,1,0,4,1, , ,N,3,3,0,3,0,1,2,2,N, ,40 01:25.441,75 08:06.417,2304, ,2255, ,0, , , ,3, , , , , ,246309, , , ,1,0,0,0,0,0,0,0,1,0,0,1,1,0,0,0,0,0,0,0,0,0,0,0,0,0,0,0,0,0,0,0,0,0,0,4,0,40.0237,-75.1351, , 
 ,20536,2016097580,6,67,67301,2016,9,5,1545,15,1,1,0,4,1, , ,N,2,0,2,3,0,2,2,2,N, ,39 57:15.535,75 08:23.018,1558, ,1552, ,0, , , ,0, , , , , ,246312, , , ,2,2,0,0,0,0,0,0,0,0,1,1,2,0,0,0,0,0,0,0,0,0,1,0,0,0,0,0,0,0,0,0,0,0,0,3,0,39.9542,-75.1395, , 
 ,20537,2016105953,6,67,67301,2016,9,4,1012,10,1,1,0,8,1, , ,N,1,2,0,3,0,1,2,2,N,N,39 57:24.200,75 13:24.793,2015, ,2015,1,1,1,N, ,3,N, , , , ,246316, , , ,1,0,0,0,1,0,0,0,0,0,0,0,1,1,0,0,0,0,0,0,1,0,0,1,0,0,0,0,0,0,0,0,1,0,0,8,0,39.9567,-75.2235, , 
 ,20538,2016056074,6,67,67301,2016,5,1,415,4,3,1,0,5,6, , ,N,0,0,0,3,0,1,1,3,N,N,39 56:33.400,75 10:50.500,419, ,417, ,0, ,N, ,0, , , , , ,246328, , , ,3,1,0,0,0,0,2,0,0,0,0,1,1,0,0,0,0,0,0,0,0,0,0,0,0,0,0,0,0,0,0,0,0,0,0,4,0,39.9426,-75.1807, , 
 ,20539,2016058668,6,67,67301,2016,5,5,2023,20,3,1,0,2,1, , ,N,0,0,0,3,0,1,2,2,N,N,39 59:38.480,75 05:38.375,2100, ,2053, ,0, , , ,0, , , , , ,246332, , , ,2,1,0,0,0,0,0,1,0,0,0,1,1,0,1,0,0,0,0,0,0,0,0,0,0,0,0,0,0,0,0,0,0,0,0,4,0,39.994,-75.094, , 
 ,20540,2016084629,6,67,67301,2016,8,3,1708,17,1,1,0,4,1, , ,N,1,3,0,3,0,1,2,2,N, ,39 58:00.026,75 09:18.169,1715, ,1709, ,0, , , ,3, , , , , ,246357, , , ,1,1,0,0,0,0,0,0,1,0,0,1,1,0,0,0,0,0,0,0,0,1,0,0,0,0,0,0,0,0,0,0,0,0,0,4,0,39.9667,-75.155, , 
 ,20541,2016097708,6,67,67301,2016,7,7,9999,99,1,1,0,1,1, , ,N,0,0,0,3,0,1,2,2,N,N,39 59:48.598,75 09:13.825,1935, ,1905, ,0, , , ,0, , , , , ,246381, , , ,1,1,0,0,0,0,0,0,1,0,1,0,1,0,0,0,0,0,0,0,0,0,0,1,0,0,0,0,0,0,0,0,0,0,0,3,0,39.9968,-75.1538, , 
 ,20542,2016092091,6,67,67301,2016,8,3,1705,17,1,1,0,4,1, , ,N,5,3,0,3,0,1,4,2,N, ,39 58:35.875,75 08:30.026,1715, ,1709, ,0, , , ,3, , , , , ,246382, , , ,2,2,0,0,0,0,0,0,0,0,0,1,1,0,0,0,0,0,0,0,0,0,0,0,0,0,0,0,0,0,0,0,0,0,0,4,0,39.9766,-75.1417, , 
 ,20543,2016120599,6,67,67301,2016,10,5,825,8,1,2,1,8,1, , ,N,0,0,0,3,0,1,2,2,N,Y,40 02:57.969,75 04:42.373,900, ,850, ,0, , , ,0, , , , , ,246409, , , ,1,1,0,0,0,0,0,0,0,0,0,1,1,0,0,0,0,0,0,0,0,0,0,1,0,0,0,0,0,0,0,0,1,0,0,4,0,40.0494,-75.0784, , 
 ,20544,2016138172,6,67,67301,2016,12,1,1155,11,1,1,0,4,1, , ,N,0,0,7,3,0,1,2,2,N,N,39 56:24.727,75 08:48.832,1207, ,1203,2,1,1, , ,0,N, , , , ,246440, , , ,2,1,0,0,0,0,0,1,0,0,0,1,1,0,0,0,0,0,0,0,0,0,0,0,0,0,0,0,0,0,0,0,0,0,0,4,0,39.9402,-75.1469, , 
 ,20545,2016132179,6,67,67301,2016,11,3,1720,17,3,1,0,4,1, , ,N,1,2,0,3,0,1,3,2,N,N,40 00:38.544,75 09:02.934,1731, ,1726, ,0, ,N, ,3, , , , , ,246446, , , ,2,2,0,0,0,0,0,0,0,0,0,1,1,0,0,0,0,0,0,0,1,0,0,0,0,0,0,0,0,0,0,0,0,0,0,4,0,40.0107,-75.1508, , 
 ,20546,2016013893,6,67,67301,2016,1,4,1414,14,1,1,0,4,1, , ,N,1,2,0,3,0,3,3,2,N,N,39 53:59.888,75 15:00.262,1430, ,1430,9,1,1,N, ,3,N, , , , ,246448, , , ,2,0,0,0,0,0,2,0,0,0,0,3,3,0,0,0,0,0,0,0,1,0,0,1,0,0,0,0,0,0,0,0,0,0,0,4,0,39.9,-75.2501, , 
 ,20547,2016132118,6,67,67301,2016,11,4,1907,19,3,2,1,2,1, , ,N,1,2,0,3,0,0,2,2,N,N,39 59:53.415,75 08:19.870,1910, ,1907, ,0, ,N, ,3, , , , , ,246449, , , ,2,1,0,0,1,0,0,0,0,0,0,0,0,0,0,0,0,0,0,0,0,1,0,0,0,0,0,0,0,0,0,0,0,0,0,0,0,39.9982,-75.1389, , 
 ,20548,2016138139,6,67,67301,2016,12,4,1040,10,1,1,0,6,1, , ,N,0,0,0,3,0,1,3,3,N,N,39 58:54.480,75 13:38.870,1055, ,1045, ,0, ,N, ,0, , , , , ,246450, , , ,3,3,0,0,0,0,0,0,0,0,0,1,1,0,0,0,0,0,0,0,0,1,0,2,0,0,0,0,0,0,0,0,0,0,0,4,0,39.9818,-75.2275, , 
 ,20549,2017007944,6,67,67301,2016,12,4,1957,19,3,1,0,5,1, , ,N,0,0,0,3,0,1,3,2,N,N,39 58:26.493,75 12:17.043,2013, ,2013,1,1,3,N, ,0,Y, , , , ,246456, , , ,2,1,0,0,0,1,0,0,0,0,0,0,1,1,0,0,0,0,0,0,0,0,0,0,0,0,0,0,0,0,0,0,0,0,0,8,1,39.974,-75.2047, , 
 ,20550,2016091868,6,67,67301,2016,8,6,609,6,1,1,0,5,1, , ,N,0,0,0,3,0,0,2,2,N,N,39 53:10.025,75 12:24.404,620, ,612,1,1,1, , ,0,N, , , , ,240135, , , ,2,1,0,0,0,0,1,0,0,0,0,0,0,0,0,0,0,0,0,0,1,0,0,0,0,0,0,0,0,0,0,0,0,0,0,0,0,39.8861,-75.2068, , 
 ,20551,2016082274,6,67,67301,2016,7,6,1822,18,1,1,0,5,1, , ,N,0,0,0,3,0,1,2,3,N, ,40 03:01.015,75 06:01.335,1840, ,1835,1,1,3, , ,0,N, , , , ,240139, , , ,3,1,0,0,0,0,2,0,0,0,0,1,1,0,0,0,0,0,0,0,0,0,0,1,0,0,0,0,0,0,0,0,0,0,0,4,0,40.0503,-75.1004, , 
 ,20552,2016099507,6,67,67301,2016,9,3,2114,21,3,1,0,4,1, , ,N,1,2,0,3,0,0,2,2,N,N,39 59:01.026,75 14:49.382,2115, ,2115, ,0, ,N, ,3, , , , , ,240146, , , ,2,2,0,0,0,0,0,0,0,0,0,0,0,0,0,0,0,0,0,0,0,0,0,0,0,0,0,0,0,0,0,0,0,0,0,0,0,39.9836,-75.247, , 
 ,20553,2016097633,6,67,67301,2016,8,3,1325,13,1,1,0,8,1, , ,N,2,2,0,3,0,1,2,2,N,N,39 57:42.474,75 08:12.027,1333, ,1326,1,1,2,N, ,3,N, , , , ,240162, , , ,1,1,0,0,0,0,0,0,0,0,0,0,1,1,1,0,0,0,0,0,0,0,0,0,0,0,0,0,0,0,0,0,1,0,0,8,0,39.9617,-75.1365, , 
 ,20554,2016112081,6,67,67301,2016,10,2,1100,11,1,1,0,5,1, , ,N,0,2,6,3,0,0,2,2,N,N,39 57:47.565,75 10:37.662,1125, ,1115, ,0, ,N, ,3, , , , , ,240171, , , ,2,2,0,0,0,0,0,0,0,0,0,0,0,0,0,0,0,0,0,0,1,0,0,0,0,0,0,0,0,0,0,0,0,0,0,0,0,39.9632,-75.1771, , 
 ,20555,2016108636,6,67,67301,2016,9,6,742,7,3,2,1,8,1, , ,N,0,0,0,3,0,1,2,2,N, ,40 01:17.855,75 07:28.716,743, ,743,9,1,3, , ,0,Y, , , , ,240176, , , ,1,1,0,0,0,0,0,0,0,0,0,1,1,0,0,0,0,0,0,0,0,0,0,0,0,0,0,0,0,0,0,0,1,0,0,4,0,40.0216,-75.1246, , 
 ,20556,2017007917,6,67,67301,2016,12,1,1022,10,1,1,0,4,1, , ,N,3,3,0,3,0,1,2,2,N, ,39 56:54.805,75 12:17.974,1238, ,1228, ,0, , , ,3, , , , , ,240203, , , ,2,2,0,0,0,0,0,0,0,0,0,0,1,1,0,0,0,0,0,0,0,0,0,1,0,0,0,0,0,0,0,0,0,0,0,8,0,39.9486,-75.205, , 
 ,20557,2017007821,6,67,67301,2016,12,4,855,8,1,1,0,4,1, , ,N,1,2,0,3,0,0,2,2,N,N,40 03:19.755,75 05:08.882,910, ,903, ,0, ,N, ,3, , , , , ,240204, , , ,2,1,0,0,0,0,1,0,0,0,0,0,0,0,0,0,0,0,0,0,0,0,0,0,0,0,0,0,0,0,0,0,0,0,0,0,0,40.0555,-75.0858, , 
 ,20558,2017000626,6,67,67301,2016,12,5,812,8,1,1,0,1,1, , ,N,0,0,0,3,0,3,3,4,N, ,40 00:40.931,75 09:49.386,815, ,813,2,2,6, , ,0,Y, , , , ,240236, , , ,4,1,0,0,0,0,3,0,0,0,0,3,3,0,0,0,0,0,0,0,2,0,0,2,0,0,0,0,0,0,0,0,0,0,0,4,0,40.0114,-75.1637, , 
 ,20559,2017003566,6,67,67301,2016,12,5,1835,18,3,1,0,1,1, , ,N,1,2,0,3,0,3,6,3,N,N,39 53:40.603,75 14:12.181,1920, ,1919,9,1,1,N, ,3,N, , , , ,240239, , , ,3,1,0,0,1,0,0,1,0,0,0,2,3,1,0,0,0,0,0,0,2,0,0,0,0,0,0,0,0,0,0,0,0,0,0,4,0,39.8946,-75.2367, , 
 ,20560,2016117163,6,67,67301,2016,10,5,718,7,1,1,0,4,1, , ,N,1,3,0,3,0,1,18,2,Y,N,40 03:08.005,75 03:21.585,815, ,811, ,0, ,N, ,3, , , , , ,240251, , , ,2,0,0,1,0,0,0,1,0,0,0,0,1,1,0,0,0,0,0,0,0,0,0,2,0,0,0,0,0,0,0,0,0,0,0,8,1,40.0522,-75.056, , 
 ,20561,2016129414,6,67,67301,2016,11,6,1455,14,1,1,0,1,1, , ,N,0,0,0,3,0,1,2,2,N,N,40 03:46.924,75 02:33.525,1520, ,1505,1,1,2,N, ,0,N, , , , ,240270, , , ,2,2,0,0,0,0,0,0,0,0,0,1,1,0,0,0,0,0,0,0,0,0,0,0,0,0,0,0,0,0,0,0,0,0,0,4,0,40.063,-75.0426, , 
 ,20562,2017003713,6,67,67301,2016,12,6,1459,14,1,1,0,1,1, , ,N,1,2,0,3,0,1,3,2,N,N,39 58:39.875,75 12:48.192,1501, ,1501,9,1,1,N, ,3,N, , , , ,240298, , , ,2,0,0,0,1,0,0,1,0,0,0,0,1,1,0,0,0,0,0,0,2,0,0,3,0,0,0,0,0,0,0,0,0,0,0,8,0,39.9777,-75.2134, , 
 ,20563,2016113485,6,67,67301,2016,10,1,1546,15,1,2,1,1,1, , ,N,0,0,0,3,0,1,4,2,N,N,39 57:42.091,75 10:56.115,1840, ,1829, ,0, , , ,0, , , , , ,240313, , , ,2,1,0,0,0,0,1,0,0,0,0,0,1,1,0,0,0,0,0,0,0,1,0,0,0,0,0,0,0,0,0,0,0,0,0,8,0,39.9617,-75.1823, , 
 ,20564,2016132218,6,67,67301,2016,11,7,1245,12,1,1,0,4,1, , ,N,1,2,0,3,0,0,2,2,N, ,39 58:22.278,75 10:50.613,1255, ,1250,1,2,1, , ,3,Y, , , , ,240329, , , ,2,0,0,0,0,0,2,0,0,0,0,0,0,0,0,0,0,0,0,0,1,0,0,2,0,0,0,0,0,0,0,0,0,0,0,0,0,39.9729,-75.1807, , 
 ,20565,2017005243,6,67,67301,2016,12,2,1330,13,1,1,0,4,1, , ,N,0,0,7,3,0,0,2,2,N,N,39 59:31.798,75 08:25.560,1430, ,1430, ,0, ,N, ,0, , , , , ,240357, , , ,2,1,0,0,0,0,1,0,0,0,0,0,0,0,1,0,0,0,0,0,1,0,0,0,0,0,0,0,0,0,0,0,0,0,0,9,0,39.9922,-75.1404, , 
 ,20566,2017003606,6,67,67301,2016,12,3,1800,18,3,1,0,5,1, , ,N,0,0,0,3,0,1,2,2,N,N,40 03:25.010,75 03:02.778,9999, ,9999, ,0, ,N, ,0, , , , , ,240358, , , ,2,1,0,0,0,0,0,1,0,0,0,0,1,1,0,0,0,0,0,0,0,0,0,0,0,0,0,0,0,0,0,0,0,0,0,8,0,40.0569,-75.0508, , 
 ,20567,2016080113,6,67,67301,2016,7,4,1804,18,1,2,1,7,4, , ,N,0,0,0,3,0,1,1,1,N, ,40 01:50.386,75 13:20.474,1815, ,1806, ,0, , , ,0, , , , , ,240372, , , ,1,1,0,0,0,0,0,0,0,0,0,1,1,0,0,0,0,0,0,0,0,0,0,1,0,0,0,0,0,0,0,0,0,0,0,4,0,40.0307,-75.2224, , 
 ,20568,2017003572,6,67,67301,2016,12,7,330,3,3,4,3,6,6, , ,N,0,0,0,3,0,0,1,3,N, ,39 56:34.485,75 10:08.410,410, ,407,2,2,1, , ,0,Y, , , , ,243094, , , ,3,2,0,0,0,0,1,0,0,0,0,0,0,0,0,0,0,0,0,0,0,0,0,1,0,0,0,0,0,0,0,0,0,0,0,0,0,39.9429,-75.169, , 
 ,20569,2016084086,6,67,67301,2016,8,4,1218,12,1,1,0,6,1, , ,N,0,2,0,3,0,1,2,2,N,N,40 00:54.047,75 12:25.694,1235, ,1222,3,1,2,N, ,3,N, , , , ,243106, , , ,1,0,0,0,0,1,0,0,1,0,0,0,1,1,0,0,0,0,0,0,0,0,0,0,0,0,0,0,0,0,0,0,0,0,0,8,1,40.015,-75.2071, , 
 ,20570,2016087477,6,67,67301,2016,8,4,637,6,1,1,0,1,1, , ,N,0,0,0,3,0,1,2,2,N,N,40 00:43.269,75 03:36.761,656, ,637, ,0, , , ,0, , , , , ,243108, , , ,2,1,0,0,1,0,0,0,0,0,1,0,1,0,0,0,0,0,0,0,1,0,0,0,0,0,0,0,0,0,0,0,0,0,0,3,0,40.012,-75.0602, , 
 ,20571,2016088607,6,67,67301,2016,8,3,1240,12,1,1,0,1,1, , ,N,0,0,0,3,0,1,2,2,N, ,40 02:24.919,75 11:30.277,1255, ,1248, ,0, , , ,0, , , , , ,243112, , , ,2,1,0,0,1,0,0,0,0,0,1,0,1,0,0,0,0,0,0,0,1,0,0,0,0,0,0,0,0,0,0,0,0,0,0,3,0,40.0403,-75.1917, , 
 ,20572,2016099523,6,67,67301,2016,9,3,1045,10,1,1,0,4,1, , ,N,1,3,0,3,0,1,2,2,N,N,39 55:07.431,75 09:55.897,1105, ,1100,1,1,3,N, ,3,Y, , , , ,243124, , , ,1,0,0,0,1,0,0,0,1,0,0,1,1,0,0,0,0,0,0,0,0,0,0,0,0,0,0,0,0,0,0,0,0,0,0,4,0,39.9187,-75.1655, , 
 ,20573,2016087061,6,67,67301,2016,8,5,710,7,1,1,0,1,1, , ,N,1,2,0,3,0,3,4,4,N,N,39 57:16.822,75 11:40.080,713, ,712, ,0, ,N, ,3, , , , , ,243127, , , ,4,4,0,0,0,0,0,0,0,0,0,1,3,2,1,0,0,0,0,0,1,0,0,0,0,0,0,0,0,0,0,0,0,0,0,4,0,39.9547,-75.1944, , 
 ,20574,2016091606,6,67,67301,2016,8,6,1820,18,4,8,0,4,1, , ,N,1,2,0,3,0,0,2,3,N,N,39 56:34.767,75 09:36.842,1902, ,1825, ,0, ,N, ,3, , , , , ,243128, , , ,3,2,0,0,0,0,1,0,0,0,0,0,0,0,0,0,0,0,0,0,0,0,0,0,0,0,0,0,0,0,0,0,0,0,0,0,0,39.943,-75.1602, , 
 ,20575,2016119160,6,67,67301,2016,10,6,1000,10,1,1,0,8,1, , ,N,0,0,0,3,0,1,2,2,N,N,39 58:10.991,75 08:29.516,1003, ,1000, ,0, , , ,0, , , , , ,243144, , , ,1,0,0,0,0,0,0,0,0,0,1,0,1,0,0,0,0,0,0,0,0,0,0,0,0,0,0,0,0,0,0,0,1,0,0,3,0,39.9697,-75.1415, , 
 ,20576,2016058613,6,67,67301,2016,5,5,1300,13,1,1,0,8,1, , ,N,1,2,0,3,0,1,2,2,N,N,39 57:16.503,75 10:22.776,1300, ,1300, ,0, ,N, ,3, , , , , ,243148, , , ,1,1,0,0,0,0,0,0,0,0,0,1,1,0,0,0,0,0,0,0,0,0,0,0,0,0,0,0,0,0,0,0,1,0,0,4,0,39.9546,-75.173, , 
 ,20577,2016058651,6,67,67301,2016,5,4,126,1,3,1,0,1,6, , ,N,0,0,0,3,0,0,2,2,N,N,40 01:06.590,75 08:53.296,130, ,126,2,2,2,N, ,0,N, , , , ,243149, , , ,2,2,0,0,0,0,0,0,0,0,0,0,0,0,0,0,0,0,0,0,0,0,0,0,0,0,0,0,0,0,0,0,0,0,0,0,0,40.0185,-75.1481, , 
 ,20578,2016097670,6,67,67301,2016,9,4,1640,16,1,1,0,8,1, , ,N,0,0,0,3,0,1,2,2,N,N,40 01:22.726,75 04:38.335,1640, ,1640,9,1,2,N, ,0,N, , , , ,243182, , , ,1,1,0,0,0,0,0,0,0,0,0,0,1,1,0,0,0,0,0,0,0,1,0,0,0,0,0,0,0,0,0,0,1,0,0,8,0,40.023,-75.0773, , 
 ,20579,2016126206,6,67,67301,2016,11,7,1010,10,1,1,0,6,1, , ,N,0,0,0,3,0,1,2,2,N,N,40 02:56.664,75 01:57.726,1020, ,1014, ,0, ,N, ,0, , , , , ,243187, , , ,2,1,0,0,0,0,1,0,0,0,0,1,1,0,0,0,0,0,0,0,1,0,0,0,0,0,0,0,0,0,0,0,0,0,0,4,0,40.0491,-75.0327, , 
 ,20580,2016063864,6,67,67301,2016,6,6,1106,11,1,2,1,4,1, , ,N,1,2,0,3,0,0,2,2,N,N,39 58:10.453,75 12:41.538,1114, ,1107, ,0, ,N, ,3, , , , , ,243207, , , ,2,2,0,0,0,0,0,0,0,0,0,0,0,0,0,0,0,0,0,0,0,0,0,2,0,0,0,0,0,0,0,0,0,0,0,0,0,39.9697,-75.2115, , 
 ,20581,2016080862,6,67,67301,2016,6,2,845,8,1,1,0,5,1, , ,N,3,0,0,3,0,0,3,3,N,N,40 02:24.568,75 10:08.705,855, ,852, ,0, ,N, ,0, , , , , ,243216, , , ,3,3,0,0,0,0,0,0,0,0,0,0,0,0,3,0,0,0,0,0,0,0,0,0,0,0,0,0,0,0,0,0,0,0,0,9,0,40.0402,-75.1691, , 
 ,20582,2016089463,6,67,67301,2016,8,4,1550,15,1,1,0,4,1, , ,N,1,2,0,3,0,7,7,2,N,N,39 58:40.027,75 09:03.591,1554, ,1553, ,0, ,N, ,3, , , , , ,243230, , , ,2,2,0,0,0,0,0,0,0,0,0,0,7,7,0,0,0,0,0,0,0,0,0,4,0,0,0,0,0,0,0,0,0,0,0,8,0,39.9778,-75.151, , 
 ,20583,2016097595,6,67,67301,2016,8,2,2000,20,3,1,0,4,1, , ,N,1,0,0,3,0,1,2,2,N,N,40 01:10.588,75 08:03.098,2026, ,2023, ,0, ,N, ,0, , , , , ,243246, , , ,2,1,1,0,0,0,0,0,0,0,1,0,1,0,0,0,0,0,0,1,0,0,0,1,0,0,0,0,0,0,0,0,0,0,0,3,0,40.0196,-75.1342, , 
 ,20584,2016103112,6,67,67301,2016,10,3,1645,16,1,1,0,1,1, , ,N,0,0,0,3,0,0,5,3,N,N,39 57:33.994,75 10:27.724,1658, ,1645, ,0, , , ,0, , , , , ,243262, , , ,3,3,0,0,0,0,0,0,0,0,0,0,0,0,0,0,0,0,0,0,2,1,0,0,0,0,0,0,0,0,0,0,0,0,0,0,0,39.9594,-75.1744, , 
 ,20585,2016120628,6,67,67301,2016,10,6,1800,18,1,1,0,4,1, , ,N,1,2,0,3,0,0,2,2,N, ,40 00:00.102,75 09:11.758,9999, ,9999, ,0, , , ,3, , , , , ,243272, , , ,2,2,0,0,0,0,0,0,0,0,0,0,0,0,0,0,0,0,0,1,0,0,0,2,0,0,0,0,0,0,0,0,0,0,0,0,0,40,-75.1531, , 
 ,20586,2016129275,6,67,67301,2016,11,6,1956,19,3,1,0,8,1, , ,N,1,2,0,3,0,1,2,2,N, ,39 56:43.175,75 14:30.351,2011, ,2007, ,0, , , ,3, , , , , ,243278, , , ,1,1,0,0,0,0,0,0,0,0,1,0,1,0,0,0,0,0,0,0,0,0,0,0,0,0,0,0,0,0,0,0,1,0,0,3,0,39.9453,-75.2418, , 
 ,20587,2016131511,6,67,67301,2016,12,7,1415,14,1,1,0,1,1, , ,N,0,0,0,3,0,1,3,3,N,N,39 57:33.923,75 10:30.816,1429, ,1428,1,1,3, , ,0,N, , , , ,249190, , , ,3,2,0,0,0,0,1,0,0,0,0,1,1,0,0,0,0,0,0,1,1,0,0,0,0,0,0,0,0,0,0,0,0,0,0,4,0,39.9594,-75.1752, , 
 ,20588,2016112253,6,67,67301,2016,10,1,255,2,3,2,1,4,1, , ,N,1,2,0,3,0,0,2,2,N,N,39 59:20.443,75 08:27.250,320, ,315, ,0, ,N, ,3, , , , , ,249231, , , ,2,2,0,0,0,0,0,0,0,0,0,0,0,0,0,0,0,0,0,0,0,0,0,0,0,0,0,0,0,0,0,0,0,0,0,0,0,39.989,-75.1409, , 
 ,20589,2016129983,6,67,67301,2016,11,2,842,8,1,1,0,4,1, , ,N,1,2,0,3,0,4,5,2,N, ,40 05:36.611,74 58:48.599,847, ,842, ,0, , , ,3, , , , , ,249233, , , ,2,0,0,0,0,0,2,0,0,0,0,2,4,2,0,0,0,0,0,0,0,0,0,2,0,0,0,0,0,0,0,0,0,0,0,4,0,40.0935,-74.9802, , 
 ,20590,2017013645,6,67,67301,2016,12,1,400,4,3,6,1,7,4, , ,N,0,0,0,3,0,1,1,1,N,N,39 53:24.066,75 13:13.383,440, ,408, ,0, , , ,0, , , , , ,249253, , , ,1,0,0,0,0,0,1,0,0,0,0,0,1,1,0,0,0,0,0,0,0,0,0,0,0,0,0,0,0,0,0,0,0,0,0,8,0,39.89,-75.2204, , 
 ,20591,2016126084,6,67,67301,2016,11,2,1600,16,1,1,0,4,1, , ,N,1,2,0,3,0,1,2,2,N, ,39 59:09.067,75 10:51.642,1644, ,1559, ,0, , , ,3, , , , , ,249256, , , ,1,1,0,0,0,0,0,0,1,0,0,0,1,1,1,0,0,0,0,0,0,0,0,0,0,0,0,0,0,0,0,0,0,0,0,8,0,39.9858,-75.181, , 
 ,20592,2016138827,6,67,67301,2016,12,4,236,2,3,1,0,7,5, , ,N,6,0,2,3,0,0,1,1,N,N,39 54:39.103,75 08:56.529,236, ,236, ,0, , , ,0, , , , , ,249257, , , ,1,1,0,0,0,0,0,0,0,0,0,0,0,0,0,0,0,0,0,0,0,0,0,0,0,0,0,0,0,0,0,0,0,0,0,0,0,39.9109,-75.149, , 
 ,20593,2016129416,6,67,67301,2016,11,4,1423,14,1,1,0,4,1, , ,N,5,2,0,3,0,1,2,2,N, ,39 56:45.089,75 14:25.018,1430, ,1427, ,0, , , ,3, , , , , ,249260, , , ,1,0,0,0,0,0,1,0,1,0,0,0,1,1,0,0,0,0,0,0,0,1,0,1,0,0,0,0,0,0,0,0,0,0,0,8,0,39.9459,-75.2403, , 
 ,20594,2016091646,6,67,67301,2016,8,7,2029,20,3,1,0,1,1, , ,N,1,2,0,3,0,1,2,2,N,N,40 03:35.006,75 08:24.305,2052, ,2051, ,0, ,N, ,3, , , , , ,249304, , , ,2,1,0,0,0,0,1,0,0,0,0,0,1,1,0,0,0,0,0,0,1,0,0,0,0,0,0,0,0,0,0,0,0,0,0,8,0,40.0597,-75.1401, , 
 ,20595,2016126071,6,67,67301,2016,11,7,1330,13,1,1,0,1,1, , ,N,5,2,0,3,0,2,3,2,N,N,40 02:22.412,75 04:26.947,1951, ,1949, ,0, , , ,3, , , , , ,249358, , , ,2,2,0,0,0,0,0,0,0,0,0,2,2,0,0,0,0,0,0,0,0,0,0,0,0,0,0,0,0,0,0,0,0,0,0,4,0,40.0396,-75.0742, , 
 ,20596,2016127025,6,46,46102,2016,12,7,2048,20,3,1,0,4,1, , ,N,1,2,0,3,0,2,3,2,N,N,40 03:16.716,75 07:29.987,2049, ,2048,2,2,2,N, ,3,Y, , , , ,249369, , , ,2,1,0,0,0,0,0,1,0,0,2,0,2,0,0,0,0,0,0,0,0,0,0,0,0,0,0,0,0,0,0,0,0,0,0,3,0,40.0546,-75.125, , 
 ,20597,2017023685,6,67,67301,2016,12,5,945,9,1,1,0,5,1, , ,N,0,0,0,3,0,1,2,2,N,N,40 00:36.071,75 11:10.956,0, ,0, ,0, ,N, ,0, , , , , ,249384, , , ,2,1,0,0,0,0,1,0,0,0,0,0,1,1,0,0,0,0,0,0,1,0,0,1,0,0,0,0,0,0,0,0,0,0,0,8,0,40.01,-75.1864, , 
 ,20598,2016117659,6,67,67301,2016,10,6,104,1,3,1,0,5,6, , ,N,0,0,0,3,0,0,1,3,N, ,39 58:06.394,75 10:30.579,109, ,106, ,0, , , ,0, , , , , ,249391, , , ,3,2,0,0,0,0,1,0,0,0,0,0,0,0,0,0,0,0,0,0,0,0,0,0,0,0,0,0,0,0,0,0,0,0,0,0,0,39.9684,-75.1752, , 