wz_ln_closure,objectid_1,crn,district,county,municipality,crash_year,crash_month,day_of_week,time_of_day,hour_of_day,illumination,weather,road_condition,collision_type,relation_to_road,work_zone_type,work_zone_loc,work_zone_ind,intersect_type,tcd_type,location_type,urban_rural,fatal_count,injury_count,person_count,total_units,sch_bus_ind,sch_zone_ind,latitude,longitude,arrival_tm,cons_zone_spd_lim,dispatch_tm,est_hrs_closed,lane_closed,ln_close_dir,ntfy_hiwy_maint,spec_juris_cd,tcd_func_cd,tfc_detour_ind,workers_pres,wz_close_detour,wz_flagger,wz_law_offcr_ind,objectid,wz_moving,wz_other,wz_shlder_mdn,vehicle_count,automobile_count,motorcycle_count,bus_count,small_truck_count,heavy_truck_count,suv_count,van_count,bicycle_count,maj_inj_count,mod_inj_count,min_inj_count,tot_inj_count,unk_inj_deg_count,unk_inj_per_count,driver_count_16yr,driver_count_17yr,driver_count_18yr,driver_count_19yr,driver_count_20yr,driver_count_50_64yr,driver_count_65_74yr,driver_count_75plus,unbelted_occ_count,unb_death_count,unb_maj_inj_count,belted_death_count,belted_maj_inj_count,mcycle_death_count,mcycle_maj_inj_count,bicycle_death_count,bicycle_maj_inj_count,ped_count,ped_death_count,ped_maj_inj_count,max_severity_level,comm_veh_count,dec_lat,dec_long,rdwy_surf_type_cd,county_name
 ,20599,2016129349,6,67,67301,2016,11,2,659,6,1,2,1,4,1, , ,N,0,0,7,3,0,1,3,2,N,N,40 01:53.384,75 02:04.480,742, ,726, ,0, ,N, ,0, , , , , ,249400, , , ,2,2,0,0,0,0,0,0,0,0,0,1,1,0,1,0,0,0,0,0,0,0,0,0,0,0,0,0,0,0,0,0,0,0,0,4,0,40.0315,-75.0346, , 
 ,20600,2016120619,6,67,67301,2016,11,4,705,7,1,1,0,4,1, , ,N,1,3,0,3,0,1,4,2,N,N,39 57:04.183,75 12:25.660,805, ,803,2,1,4,N, ,3,N, , , , ,249402, , , ,2,1,0,0,0,0,1,0,0,0,0,1,1,0,0,0,0,0,0,0,1,0,0,0,0,0,0,0,0,0,0,0,0,0,0,4,0,39.9512,-75.2071, , 
 ,20601,2016132185,6,67,67301,2016,11,7,1240,12,1,1,0,1,1, , ,N,0,0,0,3,0,0,2,2,N, ,40 07:01.898,75 00:23.122,1250, ,1244, ,0, , , ,0, , , , , ,249404, , , ,2,1,0,0,0,0,1,0,0,0,0,0,0,0,0,0,0,0,0,0,2,0,0,0,0,0,0,0,0,0,0,0,0,0,0,0,0,40.1172,-75.0064, , 
 ,20602,2016087673,6,67,67301,2016,8,1,1310,13,1,1,0,4,1, , ,N,1,0,0,3,0,1,5,2,N,N,40 02:44.732,75 08:35.371,1315, ,1315, ,0, ,N, ,0, , , , , ,249420, , , ,1,1,0,0,0,0,0,0,1,0,0,0,1,1,0,0,0,0,0,0,0,0,0,0,0,0,0,0,0,0,0,0,0,0,0,8,0,40.0458,-75.1432, , 
 ,20603,2016097104,6,67,67301,2016,8,1,220,2,3,1,0,6,6, , ,N,0,0,0,3,0,0,2,3,N,N,40 02:02.802,75 01:27.824,445, ,440, ,0, ,N, ,0, , , , , ,249422, , , ,3,3,0,0,0,0,0,0,0,0,0,0,0,0,0,0,0,0,0,0,0,0,0,1,0,0,0,0,0,0,0,0,0,0,0,0,0,40.0341,-75.0244, , 
 ,20604,2016096618,6,67,67301,2016,8,7,755,7,1,1,0,4,1, , ,N,1,2,0,3,0,1,2,2,N,N,39 58:53.480,75 13:26.612,825, ,820, ,0, ,N, ,3, , , , , ,249428, , , ,1,0,0,0,0,0,1,0,1,0,0,1,1,0,0,0,0,0,0,0,0,1,0,0,0,0,0,0,0,0,0,0,0,0,0,4,0,39.9815,-75.2241, , 
 ,20605,2016099482,6,67,67301,2016,9,6,710,7,1,1,0,8,1, , ,N,0,0,0,3,0,1,3,2,N,N,40 01:59.966,75 06:57.029,715, ,714, ,0, ,N, ,0, , , , , ,249431, , , ,1,0,0,0,0,0,1,0,0,0,0,0,1,1,0,0,0,0,0,0,0,0,0,0,0,0,0,0,0,0,0,0,1,0,0,8,0,40.0333,-75.1158, , 
 ,20606,2017008752,6,67,67301,2016,12,3,849,8,1,2,1,1,1, , ,N,0,0,0,3,0,0,2,2,N, ,39 59:17.154,75 10:56.842,900, ,850,2,1,3, , ,0,N, , , , ,246460, , , ,2,1,0,0,0,0,0,1,0,0,0,0,0,0,0,0,0,0,0,0,1,0,0,0,0,0,0,0,0,0,0,0,0,0,0,0,0,39.9881,-75.1825, , 
 ,20607,2016117190,6,67,67301,2016,10,7,1530,15,1,1,0,1,1, , ,N,1,2,0,3,0,1,4,2,N,N,39 57:27.036,75 13:02.383,1540, ,1536, ,0, , , ,3, , , , , ,246469, , , ,2,1,0,0,0,0,1,0,0,0,0,1,1,0,0,0,0,0,0,0,0,0,0,1,0,0,0,0,0,0,0,0,0,0,0,4,0,39.9575,-75.2173, , 
 ,20608,2016132139,6,67,67301,2016,11,7,1506,15,1,1,0,4,1, , ,N,5,2,1,3,0,1,2,2,N,N,39 54:46.915,75 10:54.880,1512, ,1502,1,1,2,N, ,3,N, , , , ,246475, , , ,2,1,0,0,0,0,1,0,0,0,0,1,1,0,0,0,0,0,0,0,0,0,2,0,0,0,0,0,0,0,0,0,0,0,0,4,0,39.913,-75.1819, , 
 ,20609,2016132210,6,67,67301,2016,11,4,2030,20,3,1,1,8,1, , ,N,0,0,0,3,0,1,4,2,N,N,40 00:28.559,75 06:16.010,2130, ,2030, ,0, ,N, ,0, , , , , ,246476, , , ,1,1,0,0,0,0,0,0,0,0,0,0,1,1,0,0,0,0,0,0,0,0,0,1,0,0,0,0,0,0,0,0,1,0,0,8,0,40.0079,-75.1044, , 
 ,20610,2016126615,6,67,67301,2016,11,2,1738,17,6,1,1,8,1, , ,N,1,2,0,3,0,1,2,2,N, ,40 03:26.532,75 04:36.059,1800, ,1755, ,0, , , ,3, , , , , ,246479, , , ,1,1,0,0,0,0,0,0,0,0,0,1,1,0,0,0,0,0,0,0,0,1,0,0,0,0,0,0,0,0,0,0,1,0,0,4,0,40.0574,-75.0768, , 
 ,20611,2016126203,6,67,67301,2016,11,3,9999,99,3,1,0,4,1, , ,N,0,0,7,3,0,1,2,2,N,N,39 58:37.105,75 07:09.969,2036, ,2035, ,0, ,N, ,0, , , , , ,246480, , , ,2,0,1,0,0,0,0,1,0,0,0,0,1,1,0,0,0,0,0,0,0,0,0,0,0,0,0,0,0,0,0,0,0,0,0,8,0,39.977,-75.1194, , 
 ,20612,2016112122,6,67,67301,2016,10,4,20,0,3,1,0,4,1, , ,N,2,2,6,3,0,1,2,2,N,N,40 01:44.261,75 06:02.382,35, ,29, ,0, ,N, ,3, , , , , ,246514, , , ,2,2,0,0,0,0,0,0,0,0,1,0,1,0,0,0,0,0,0,0,0,0,0,0,0,0,0,0,0,0,0,0,0,0,0,3,0,40.029,-75.1007, , 
 ,20613,2016120580,6,67,67301,2016,11,4,810,8,1,1,0,4,1, , ,N,3,3,0,3,0,1,3,2,N, ,40 01:36.174,75 09:07.480,830, ,816, ,0, , , ,3, , , , , ,246517, , , ,2,2,0,0,0,0,0,0,0,0,0,1,1,0,0,0,0,0,0,0,1,0,0,0,0,0,0,0,0,0,0,0,0,0,0,4,0,40.0267,-75.1521, , 
 ,20614,2016127816,6,67,67301,2016,11,6,1648,16,1,1,0,4,1, , ,N,1,2,0,3,0,1,4,2,N, ,39 58:40.027,75 09:03.591,1701, ,1648, ,0, , , ,3, , , , , ,246519, , , ,1,0,0,0,0,0,1,0,1,0,1,0,1,0,0,0,0,0,0,0,0,0,0,2,0,0,0,0,0,0,0,0,0,0,0,3,0,39.9778,-75.151, , 
 ,20615,2017002072,6,67,67301,2016,12,2,2310,23,3,1,0,4,1, , ,N,1,2,0,3,0,1,3,2,N, ,39 55:42.600,75 10:55.919,2312, ,2311, ,0, , , ,3, , , , , ,246565, , , ,1,1,0,0,0,0,0,0,1,0,0,0,1,1,0,0,0,0,0,1,0,0,0,0,0,0,0,0,0,0,0,0,0,0,0,8,0,39.9285,-75.1822, , 
 ,20616,2016135703,6,67,67301,2016,12,6,30,0,3,1,0,5,6, , ,N,0,0,0,3,0,0,1,4,N,N,39 59:58.642,75 06:49.294,1246, ,1244, ,0, ,N, ,0, , , , , ,246567, , , ,4,4,0,0,0,0,0,0,0,0,0,0,0,0,0,0,0,0,0,0,1,0,0,1,0,0,0,0,0,0,0,0,0,0,0,0,0,39.9996,-75.1137, , 
 ,20617,2016129998,6,67,67301,2016,11,6,500,5,3,2,1,8,1, , ,N,1,2,0,3,0,1,2,2,N, ,39 59:28.846,75 08:05.483,500, ,500, ,0, , , ,3, , , , , ,246593, , , ,1,0,0,0,0,0,1,0,0,0,0,0,1,1,0,0,0,0,0,0,1,0,0,1,0,0,0,0,0,0,0,0,1,0,0,8,0,39.9913,-75.1349, , 
 ,20618,2016135653,6,67,67301,2016,12,6,1700,17,3,1,0,8,1, , ,N,2,2,0,3,0,1,2,2,N,N,40 00:17.997,75 13:05.881,1710, ,1701, ,0, ,N, ,3, , , , , ,246596, , , ,1,1,0,0,0,0,0,0,0,0,0,1,1,0,0,0,0,0,0,0,0,0,0,0,0,0,0,0,0,0,0,0,1,0,0,4,0,40.005,-75.2183, , 
 ,20619,2017005753,6,67,67301,2016,12,3,1010,10,1,1,0,4,1, , ,N,0,0,0,3,0,2,2,2,N, ,40 02:23.667,75 07:27.357,1035, ,1023,9,1,1, , ,0,N, , , , ,246609, , , ,2,1,0,0,0,0,1,0,0,0,0,0,2,2,0,0,0,0,0,0,1,0,0,0,0,0,0,0,0,0,0,0,0,0,0,8,0,40.0399,-75.1243, , 
 ,20620,2016135779,6,67,67301,2016,12,1,1049,10,1,1,0,4,1, , ,N,1,3,0,3,0,1,2,2,N, ,39 57:12.484,75 14:40.527,1056, ,1051, ,0, , , ,3, , , , , ,246618, , , ,2,1,0,0,0,0,1,0,0,0,0,1,1,0,0,0,0,0,0,0,0,0,2,0,0,0,0,0,0,0,0,0,0,0,0,4,0,39.9535,-75.2446, , 
 ,20621,2017007853,6,67,67301,2016,12,6,355,3,3,1,0,7,4, , ,N,0,0,0,3,0,0,2,1,N,N,40 01:39.532,75 11:30.639,420, ,410,2,1,2,N, ,0,N, , , , ,246625, , , ,1,1,0,0,0,0,0,0,0,0,0,0,0,0,0,0,0,0,0,1,0,0,0,0,0,0,0,0,0,0,0,0,0,0,0,0,0,40.0276,-75.1918, , 
 ,20622,2016099553,6,67,67301,2016,9,6,115,1,3,1,0,4,1, , ,N,1,2,0,3,0,0,6,2,N,N,40 01:24.687,75 08:00.078,125, ,119, ,0, ,N, ,3, , , , , ,246634, , , ,2,1,0,0,0,0,0,1,0,0,0,0,0,0,1,0,0,0,0,0,0,0,0,0,0,0,0,0,0,0,0,0,0,0,0,9,0,40.0235,-75.1334, , 
 ,20623,2016111612,6,67,67301,2016,9,5,2127,21,3,2,1,7,4, , ,N,0,0,0,3,0,0,1,1,N,N,39 57:36.372,75 10:49.772,2132, ,2127,1,1,3, , ,0,N, , , , ,246635, , , ,1,1,0,0,0,0,0,0,0,0,0,0,0,0,0,0,0,0,0,0,0,0,0,0,0,0,0,0,0,0,0,0,0,0,0,0,0,39.9601,-75.1805, , 
 ,20624,2016082232,6,67,67301,2016,7,3,9999,99,1,1,0,4,1, , ,N,1,2,0,3,0,6,7,3,N,N,40 01:24.369,75 08:21.713,1448, ,1427, ,0, ,N, ,3, , , , , ,240373, , , ,3,1,0,1,0,0,0,1,0,1,1,4,6,0,1,0,0,0,0,0,1,0,0,3,0,1,0,0,0,0,0,0,0,0,0,2,1,40.0234,-75.1394, , 
 ,20625,2016082396,6,67,67301,2016,7,5,2045,20,3,2,1,8,1, , ,N,1,2,0,3,0,1,2,2,N, ,40 00:27.560,75 09:05.322,2049, ,2046,1,1,1, , ,3,N, , , , ,240379, , , ,1,1,0,0,0,0,0,0,0,0,0,1,1,0,0,0,0,0,0,0,1,0,0,1,0,0,0,0,0,0,0,0,1,0,0,4,0,40.0077,-75.1515, , 
 ,20626,2016097068,6,67,67301,2016,8,3,30,0,3,1,0,0,1, , ,N,2,0,0,3,0,1,1,2,N, ,40 01:14.653,75 08:02.151,30, ,30, ,0, , , ,0, , , , , ,240387, , , ,2,0,1,0,0,0,0,1,0,0,0,1,1,0,0,0,0,0,0,0,0,0,0,0,0,0,0,0,0,0,0,0,0,0,0,4,0,40.0207,-75.1339, , 
 ,20627,2016096628,6,67,67301,2016,8,4,1311,13,1,1,0,1,1, , ,N,0,2,0,3,0,1,3,3,N,N,40 00:10.136,75 09:09.110,1320, ,1310,2,1,1,N, ,3,N, , , , ,240388, , , ,3,1,0,0,0,0,1,1,0,0,0,1,1,0,0,0,0,0,0,0,0,0,0,3,0,0,0,0,0,0,0,0,0,0,0,4,0,40.0028,-75.1525, , 
 ,20628,2016097127,6,67,67301,2016,8,1,624,6,1,1,0,1,1, , ,N,0,0,3,3,0,1,2,2,N,N,39 54:07.351,75 12:07.118,2130, ,1629,1,2,3,N, ,0,N, , , , ,240389, , , ,2,1,1,0,0,0,0,0,0,0,0,1,1,0,0,0,0,0,0,1,1,0,0,0,0,0,0,0,0,0,0,0,0,0,0,4,0,39.902,-75.202, , 
 ,20629,2016138143,6,67,67301,2016,11,4,1421,14,1,2,1,1,1, , ,N,0,0,0,3,0,6,10,7,N, ,40 01:12.269,75 09:03.438,1435, ,1421,2,2,2, , ,0,N, , , , ,240404, , , ,7,3,0,0,1,0,2,1,0,0,0,0,6,6,0,0,0,0,0,0,2,0,0,4,0,0,0,0,0,0,0,0,0,0,0,8,0,40.0201,-75.151, , 
 ,20630,2016120573,6,67,67301,2016,11,3,820,8,1,1,0,4,1, , ,N,1,3,0,3,0,0,2,2,N,N,40 00:29.073,75 06:19.709,826, ,824, ,0, ,N, ,3, , , , , ,240424, , , ,2,1,0,0,0,0,1,0,0,0,0,0,0,0,0,0,0,0,0,0,0,0,0,0,0,0,0,0,0,0,0,0,0,0,0,0,0,40.0081,-75.1055, , 
 ,20631,2016132168,6,67,67301,2016,11,5,1525,15,1,1,0,4,1, , ,N,1,2,0,3,0,1,3,2,N,N,40 03:07.696,75 04:04.036,1535, ,1528,1,1,5,N, ,3,Y, , , , ,240432, , , ,2,0,0,0,0,0,1,1,0,0,0,0,1,1,0,0,0,0,0,0,1,0,0,0,0,0,0,0,0,0,0,0,0,0,0,8,0,40.0521,-75.0678, , 
 ,20632,2016135724,6,67,67301,2016,10,2,2015,20,3,1,0,8,1, , ,N,2,2,0,3,1,0,3,2,N,N,39 59:26.114,75 07:44.310,2036, ,2034, ,0, ,N,0,3, , , , , ,240445, , , ,1,1,0,0,0,0,0,0,0,0,0,0,0,0,0,0,0,0,0,0,0,1,0,0,0,0,0,0,0,0,0,0,1,1,0,1,0,39.9906,-75.129,2, 
 ,20633,2017003671,6,67,67301,2016,12,5,743,7,1,1,1,4,1, , ,N,1,2,0,3,0,0,2,3,N, ,39 56:38.115,75 09:06.879,748, ,746,1,2,3, , ,3,Y, , , , ,240452, , , ,3,2,0,0,0,0,1,0,0,0,0,0,0,0,0,0,0,0,0,0,0,0,0,0,0,0,0,0,0,0,0,0,0,0,0,0,0,39.9439,-75.1519, , 
 ,20634,2017005195,6,67,67301,2016,12,3,2330,23,3,1,0,4,1, , ,N,5,2,2,3,0,1,2,2,N,N,39 57:26.413,75 09:08.132,2355, ,2350,1,1,2,N, ,3,N, , , , ,240454, , , ,2,1,0,0,0,0,1,0,0,0,0,1,1,0,0,0,0,0,0,0,1,0,0,0,0,0,0,0,0,0,0,0,0,0,0,4,0,39.9573,-75.1523, , 
 ,20635,2017003641,6,67,67301,2016,12,2,1613,16,1,1,0,4,1, , ,N,1,2,0,3,0,1,2,2,N,N,39 55:33.889,75 13:29.313,1655, ,1648, ,0, , , ,3, , , , , ,240469, , , ,2,0,0,0,0,0,1,0,0,0,0,0,1,1,0,0,0,0,0,0,0,0,0,0,0,0,0,0,0,0,0,0,0,0,0,8,0,39.9261,-75.2248, , 
 ,20636,2017008755,6,67,67301,2016,12,6,345,3,3,1,0,1,1, , ,N,1,2,0,3,0,1,2,2,N,N,39 57:12.850,75 10:23.497,355, ,353, ,0, ,N, ,3, , , , , ,240474, , , ,2,1,0,0,0,0,1,0,0,0,0,1,1,0,1,0,0,0,0,0,1,0,0,0,0,0,0,0,0,0,0,0,0,0,0,4,0,39.9536,-75.1732, , 
 ,20637,2016080349,6,67,67301,2016,6,2,345,3,3,1,0,5,6, , ,N,0,0,0,3,0,0,1,3,N,N,40 02:57.325,75 05:17.257,351, ,349,3,2,6,N, ,0,Y, , , , ,240495, , , ,3,1,0,0,1,0,1,0,0,0,0,0,0,0,0,0,0,0,0,0,0,0,0,0,0,0,0,0,0,0,0,0,0,0,0,0,0,40.0493,-75.0881, , 
 ,20638,2016087710,6,67,67301,2016,8,6,2059,20,3,1,0,6,6, , ,N,0,0,0,3,0,1,1,3,N, ,39 59:43.962,75 09:26.443,2117, ,2110, ,0, , , ,0, , , , , ,240511, , , ,3,2,0,0,0,0,1,0,0,0,0,0,1,1,0,0,0,0,0,0,0,0,0,0,0,0,0,0,0,0,0,0,0,0,0,8,0,39.9955,-75.1573, , 
 ,20639,2016097609,6,67,67301,2016,8,4,1515,15,1,1,8,5,6, , ,N,0,0,0,3,0,0,3,5,N,N,39 59:48.385,75 07:41.698,1540, ,1525,2,2,3,N, ,0,Y, , , , ,240515, , , ,5,3,1,0,0,0,1,0,0,0,0,0,0,0,0,0,0,0,0,0,0,0,0,1,0,0,0,0,0,0,0,0,0,0,0,0,0,39.9968,-75.1282, , 
 ,20640,2016099544,6,67,67301,2016,9,1,2020,20,3,1,0,1,1, , ,N,3,2,0,3,0,1,2,2,N, ,40 02:39.405,75 05:20.426,2030, ,2025, ,0, , , ,3, , , , , ,240520, , , ,2,0,0,0,0,0,2,0,0,0,0,1,1,0,0,0,0,0,0,0,2,0,0,0,0,0,0,0,0,0,0,0,0,0,0,4,0,40.0443,-75.089, , 
 ,20641,2017001635,6,67,67301,2016,12,7,1400,14,1,9,8,8,1, , ,N,0,0,0,3,0,1,2,2,N, ,39 59:53.127,75 08:42.212,1247, ,1237, ,0, , , ,0, , , , , ,240543, , , ,1,0,0,0,0,0,1,0,0,1,0,0,1,0,0,0,0,0,0,0,1,0,0,1,0,0,0,0,0,0,0,0,1,0,1,2,0,39.9981,-75.1451, , 
 ,20642,2016097078,6,67,67301,2016,8,3,150,1,3,1,0,0,1, , ,N,0,0,0,3,0,0,1,1,N,N,39 58:14.707,75 09:12.509,242, ,239, ,0, ,N, ,0, , , , , ,243287, , , ,1,1,0,0,0,0,0,0,0,0,0,0,0,0,1,0,0,0,0,0,0,0,0,0,0,0,0,0,0,0,0,0,0,0,0,9,0,39.9708,-75.1535, , 
 ,20643,2016097596,6,67,67301,2016,8,2,1245,12,1,1,0,1,1, , ,N,0,0,0,3,0,1,3,2,N, ,39 59:52.653,75 07:30.416,1315, ,1300, ,0, , , ,0, , , , , ,243288, , , ,2,2,0,0,0,0,0,0,0,0,0,0,1,1,0,0,0,0,0,0,0,1,0,2,0,0,0,0,0,0,0,0,0,0,0,8,0,39.998,-75.1251, , 
 ,20644,2016122838,6,67,67301,2016,11,3,1810,18,4,1,0,1,1, , ,N,1,2,0,3,0,2,6,5,N,N,40 01:15.937,75 08:23.758,1830, ,1813,2,2,1,N, ,3,N, , , , ,243317, , , ,5,4,0,0,0,0,0,1,0,0,2,0,2,0,0,0,0,0,0,0,1,0,0,0,0,0,0,0,0,0,0,0,0,0,0,3,0,40.0211,-75.1399, , 
 ,20645,2016138234,6,67,67301,2016,12,7,1128,11,1,1,0,4,1, , ,N,1,2,0,3,0,3,4,2,N,N,39 59:25.569,75 09:48.661,1134, ,1130, ,0, , , ,3, , , , , ,243323, , , ,2,1,0,0,0,0,1,0,0,0,0,3,3,0,0,0,0,0,0,0,0,0,0,0,0,0,0,0,0,0,0,0,0,0,0,4,0,39.9904,-75.1635, , 
 ,20646,2017007934,6,67,67301,2016,12,2,1629,16,3,1,1,4,1, , ,N,5,2,2,3,0,2,3,2,N, ,39 57:11.151,75 10:54.540,1809, ,1804, ,0, , , ,3, , , , , ,243326, , , ,2,1,0,0,0,0,1,0,0,0,0,2,2,0,0,0,0,0,0,0,0,0,0,3,0,0,0,0,0,0,0,0,0,0,0,4,0,39.9531,-75.1819, , 
 ,20647,2017007814,6,67,67301,2016,12,4,1623,16,1,1,0,4,1, , ,N,1,2,0,3,0,2,2,2,N, ,39 57:27.908,75 13:09.383,1640, ,1631, ,0, , , ,3, , , , , ,243327, , , ,2,1,0,0,0,0,1,0,0,0,0,2,2,0,0,0,0,0,0,0,2,0,0,0,0,0,0,0,0,0,0,0,0,0,0,4,0,39.9578,-75.2193, , 
 ,20648,2016129474,6,67,67301,2016,11,6,2041,20,3,1,0,6,1, , ,N,0,0,0,3,0,3,4,2,N, ,39 56:54.611,75 13:05.292,2044, ,2043,2,2,4, , ,0,Y, , , , ,243329, , , ,2,1,0,0,0,0,1,0,0,0,0,3,3,0,0,0,0,0,0,0,1,0,0,0,0,0,0,0,0,0,0,0,0,0,0,4,0,39.9485,-75.2181, , 
 ,20649,2016138236,6,67,67301,2016,12,4,450,4,3,2,1,1,1, , ,N,0,0,0,3,0,0,3,2,N,N,40 01:36.516,75 05:38.825,459, ,451, ,0, ,N, ,0, , , , , ,243337, , , ,2,1,0,0,0,0,1,0,0,0,0,0,0,0,0,0,0,0,0,0,0,0,0,0,0,0,0,0,0,0,0,0,0,0,0,0,0,40.0268,-75.0941, , 
 ,20650,2017017511,6,67,67301,2016,5,2,1930,19,1,1,0,4,1, , ,N,2,3,0,3,0,1,2,2,N,N,40 04:29.152,75 10:39.398,0, ,0, ,0, ,N, ,3, , , , , ,243339, , , ,2,0,0,0,0,0,1,0,0,0,0,0,1,1,0,0,0,0,0,1,1,0,0,0,0,0,0,0,0,0,0,0,0,0,0,8,0,40.0748,-75.1776, , 
 ,20651,2016120025,6,67,67301,2016,10,6,2256,22,3,1,0,2,1, , ,N,0,0,0,3,0,3,3,2,N, ,39 57:02.750,75 13:07.183,2256, ,2256,3,2,5, , ,0,Y, , , , ,243349, , , ,2,1,0,0,0,0,1,0,0,0,0,0,3,3,0,0,0,0,0,0,0,0,0,0,0,0,0,0,0,0,0,0,0,0,0,8,0,39.9508,-75.2187, , 
 ,20652,2016129447,6,67,67301,2016,11,7,1555,15,1,1,0,1,1, , ,N,2,0,0,3,0,1,2,2,N, ,40 01:32.141,75 12:08.737,1609, ,1555, ,0, , , ,0, , , , , ,243351, , , ,2,2,0,0,0,0,0,0,0,0,0,0,1,1,0,0,0,0,0,0,0,0,0,0,0,0,0,0,0,0,0,0,0,0,0,8,0,40.0257,-75.2025, , 
 ,20653,2016112199,6,67,67301,2016,10,1,1233,12,1,1,1,2,1, , ,N,1,0,0,3,0,0,2,2,N,N,40 04:19.941,75 05:06.057,1250, ,1243, ,0, , , ,0, , , , , ,243399, , , ,2,2,0,0,0,0,0,0,0,0,0,0,0,0,1,0,0,0,0,0,0,0,0,0,0,0,0,0,0,0,0,0,0,0,0,9,0,40.0722,-75.085, , 
 ,20654,2016135747,6,67,67301,2016,11,4,2022,20,3,2,1,8,1, , ,N,1,2,0,3,0,1,2,2,N,N,39 57:24.202,75 11:53.285,2025, ,2023, ,0, ,N, ,3, , , , , ,243401, , , ,1,0,0,0,0,0,1,0,0,0,0,0,1,1,0,0,0,0,0,0,1,0,0,0,0,0,0,0,0,0,0,0,1,0,0,8,0,39.9566,-75.198, , 
 ,20655,2016105580,6,67,67301,2016,9,1,950,9,1,1,0,8,1, , ,N,2,2,0,3,0,1,2,2,N,N,39 56:05.393,75 08:33.250,1004, ,1000, ,0, ,N, ,3, , , , , ,243437, , , ,1,1,0,0,0,0,0,0,0,0,0,0,1,1,0,0,0,0,0,0,0,0,0,0,0,0,0,0,0,0,0,0,1,0,0,8,0,39.9348,-75.1426, , 
 ,20656,2016126106,6,67,67301,2016,11,4,222,2,3,1,0,7,4, , ,N,5,2,0,3,0,0,1,1,N,N,39 59:57.271,75 08:50.495,225, ,224, ,0, ,N, ,3, , , , , ,243455, , , ,1,1,0,0,0,0,0,0,0,0,0,0,0,0,1,0,0,0,0,0,0,0,0,0,0,0,0,0,0,0,0,0,0,0,0,9,0,39.9992,-75.1474, , 
 ,20657,2016120631,6,67,67301,2016,11,5,1543,15,1,1,0,4,1, , ,N,1,2,0,3,0,1,2,2,N, ,39 59:53.948,75 08:59.503,1555, ,1543, ,0, , , ,3, , , , , ,243458, , , ,2,0,1,0,0,0,1,0,0,0,0,0,1,1,0,0,0,0,0,0,0,1,0,1,0,0,0,0,0,0,0,0,0,0,0,8,0,39.9983,-75.1499, , 
 ,20658,2016120510,6,67,67301,2016,10,1,1612,16,1,1,0,8,1, , ,N,0,0,0,3,0,1,2,2,N,N,40 01:38.027,75 02:01.377,1615, ,1614,2,2,2,N, ,0,Y, , , , ,243460, , , ,1,0,0,0,0,0,1,0,0,0,0,0,1,1,0,0,0,0,0,0,1,0,0,0,0,0,0,0,0,0,0,0,1,0,0,8,0,40.0272,-75.0337, , 
 ,20659,2016088613,6,67,67301,2016,8,6,1705,17,1,2,1,4,1, , ,N,1,2,0,3,0,1,2,2,N,N,40 01:13.809,75 11:32.576,1731, ,1714,2,1,1, , ,3,N, , , , ,243479, , , ,2,1,0,0,0,0,1,0,0,0,0,1,1,0,0,0,0,0,0,0,0,0,0,0,0,0,0,0,0,0,0,0,0,0,0,4,0,40.0205,-75.1924, , 
 ,20660,2016120521,6,67,67301,2016,10,4,1919,19,3,1,0,4,1, , ,N,1,2,0,3,0,0,3,2,N,N,39 55:16.123,75 11:37.638,2021, ,2019,1,1,3,N, ,3,Y, , , , ,249446, , , ,2,1,0,0,0,0,1,0,0,0,0,0,0,0,0,0,0,0,0,0,0,0,0,0,0,0,0,0,0,0,0,0,0,0,0,0,0,39.9211,-75.1938, , 
 ,20661,2016117149,6,67,67301,2016,10,7,1909,19,3,1,0,4,1, , ,N,1,2,3,3,0,2,2,2,N,N,39 57:29.693,75 10:01.822,1928, ,925,1,1,3,N, ,3,N, , , , ,249449, , , ,2,1,0,0,0,0,1,0,0,0,0,2,2,0,0,0,0,0,0,0,1,0,0,0,0,0,0,0,0,0,0,0,0,0,0,4,0,39.9583,-75.1673, , 
 ,20662,2016129325,6,67,67301,2016,11,6,1912,19,3,2,1,4,1, , ,N,1,2,0,3,0,1,7,2,N, ,39 57:23.851,75 09:57.547,1921, ,1918, ,0, , , ,3, , , , , ,249461, , , ,2,2,0,0,0,0,0,0,0,0,0,1,1,0,0,0,0,0,0,0,1,0,0,0,0,0,0,0,0,0,0,0,0,0,0,4,0,39.9566,-75.166, , 
 ,20663,2017005766,6,67,67301,2016,12,6,2000,20,3,9,0,5,6, , ,N,0,0,0,3,0,0,1,2,N, ,40 01:26.605,75 07:08.997,9999, ,9999, ,0, , , ,0, , , , , ,249471, , , ,2,1,0,0,0,0,0,0,0,0,0,0,0,0,0,0,0,0,0,0,0,0,0,0,0,0,0,0,0,0,0,0,0,0,0,0,0,40.0241,-75.1192, , 
 ,20664,2016092076,6,67,67301,2016,8,3,1850,18,1,1,0,8,1, , ,N,1,2,0,3,0,1,2,2,N, ,39 55:05.344,75 10:15.986,1858, ,1856, ,0, , , ,3, , , , , ,249477, , , ,1,1,0,0,0,0,0,0,0,0,0,1,1,0,0,0,0,0,0,0,1,0,0,0,0,0,0,0,0,0,0,0,1,0,0,4,0,39.9181,-75.171, , 