wz_ln_closure,objectid_1,crn,district,county,municipality,crash_year,crash_month,day_of_week,time_of_day,hour_of_day,illumination,weather,road_condition,collision_type,relation_to_road,work_zone_type,work_zone_loc,work_zone_ind,intersect_type,tcd_type,location_type,urban_rural,fatal_count,injury_count,person_count,total_units,sch_bus_ind,sch_zone_ind,latitude,longitude,arrival_tm,cons_zone_spd_lim,dispatch_tm,est_hrs_closed,lane_closed,ln_close_dir,ntfy_hiwy_maint,spec_juris_cd,tcd_func_cd,tfc_detour_ind,workers_pres,wz_close_detour,wz_flagger,wz_law_offcr_ind,objectid,wz_moving,wz_other,wz_shlder_mdn,vehicle_count,automobile_count,motorcycle_count,bus_count,small_truck_count,heavy_truck_count,suv_count,van_count,bicycle_count,maj_inj_count,mod_inj_count,min_inj_count,tot_inj_count,unk_inj_deg_count,unk_inj_per_count,driver_count_16yr,driver_count_17yr,driver_count_18yr,driver_count_19yr,driver_count_20yr,driver_count_50_64yr,driver_count_65_74yr,driver_count_75plus,unbelted_occ_count,unb_death_count,unb_maj_inj_count,belted_death_count,belted_maj_inj_count,mcycle_death_count,mcycle_maj_inj_count,bicycle_death_count,bicycle_maj_inj_count,ped_count,ped_death_count,ped_maj_inj_count,max_severity_level,comm_veh_count,dec_lat,dec_long,rdwy_surf_type_cd,county_name
 ,20665,2016105897,6,67,67301,2016,9,5,820,8,1,1,0,1,1, , ,N,0,0,0,3,0,1,3,2,N,N,39 57:58.966,75 14:17.704,830, ,820, ,0, , , ,0, , , , , ,249492, , , ,2,1,0,0,0,0,1,0,0,0,0,0,1,1,1,0,0,0,0,0,0,0,0,2,0,0,0,0,0,0,0,0,0,0,0,8,0,39.9664,-75.2383, , 
 ,20666,2016138165,6,67,67301,2016,12,4,2210,22,3,1,0,7,4, , ,N,0,0,0,3,0,0,1,1,N, ,40 03:57.922,74 58:56.447,2215, ,2212,1,1,2, , ,0,Y, , , , ,249524, , , ,1,1,0,0,0,0,0,0,0,0,0,0,0,0,0,0,0,0,0,1,0,0,0,0,0,0,0,0,0,0,0,0,0,0,0,0,0,40.0661,-74.9823, , 
 ,20667,2017005225,6,67,67301,2016,12,4,1930,19,3,1,0,8,1, , ,N,5,3,0,3,0,1,2,2,N,N,39 56:14.190,75 10:36.127,1945, ,1943, ,0, ,N, ,2, , , , , ,249529, , , ,1,1,0,0,0,0,0,0,0,0,0,1,1,0,0,0,0,0,0,0,0,0,0,0,0,0,0,0,0,0,0,0,1,0,0,4,0,39.9373,-75.1767, , 
 ,20668,2016129299,6,67,67301,2016,11,3,1530,15,1,1,0,4,1, , ,N,5,2,0,3,0,0,2,2,N,N,40 03:30.268,75 08:57.263,1540, ,1530, ,0, , , ,3, , , , , ,249542, , , ,2,2,0,0,0,0,0,0,0,0,0,0,0,0,2,0,0,0,0,0,1,0,0,1,0,0,0,0,0,0,0,0,0,0,0,9,0,40.0584,-75.1492, , 
 ,20669,2016114806,6,67,67301,2016,11,4,1716,17,1,1,0,1,1, , ,N,0,0,0,3,0,1,4,2,N,N,40 00:32.622,75 04:03.089,1734, ,1724, ,0, , , ,0, , , , , ,249558, , , ,2,0,0,0,1,0,1,0,0,0,1,0,1,0,1,0,0,0,0,0,1,0,0,0,0,0,0,0,0,0,0,0,0,0,0,3,0,40.0091,-75.0675, , 
 ,20670,2016120576,6,67,67301,2016,10,2,550,5,3,1,0,4,1, , ,N,2,2,2,3,0,0,2,2,N, ,39 54:43.500,75 09:01.900,605, ,554,1,2,2, , ,3,N, , , , ,249575, , , ,2,1,0,0,0,0,1,0,0,0,0,0,0,0,0,0,0,0,0,0,1,0,0,0,0,0,0,0,0,0,0,0,0,0,0,0,0,39.9121,-75.1505, , 
 ,20671,2016129430,6,67,67301,2016,11,3,125,1,3,1,0,1,1, , ,N,1,2,0,3,0,2,2,2,N,N,39 56:54.150,75 08:38.536,132, ,129,1,2,3,N, ,3,Y, , , , ,249576, , , ,2,2,0,0,0,0,0,0,0,0,0,0,2,2,0,0,0,0,0,0,0,0,0,0,0,0,0,0,0,0,0,0,0,0,0,8,0,39.9484,-75.1441, , 
 ,20672,2016135676,6,67,67301,2016,12,2,1800,18,3,1,0,4,1, , ,N,1,2,0,3,0,0,3,2,N, ,40 02:17.896,75 04:31.313,1810, ,1804, ,0, , , ,3, , , , , ,249581, , , ,2,1,0,0,0,0,0,1,0,0,0,0,0,0,0,0,0,0,0,0,0,0,0,0,0,0,0,0,0,0,0,0,0,0,0,0,0,40.0383,-75.0754, , 
 ,20673,2016134187,6,67,67301,2016,12,1,2056,20,3,1,0,1,1, , ,N,1,2,0,3,2,0,3,2,Y,N,40 04:15.522,75 02:16.209,2100, ,2057,3,2,1,N,0,3,Y, , , , ,249605, , , ,2,1,0,1,0,0,0,0,0,0,0,0,0,0,0,0,0,0,0,0,0,0,0,2,2,0,0,0,0,0,0,0,0,0,0,1,1,40.071,-75.0378,2, 
 ,20674,2016132154,6,67,67301,2016,11,4,1525,15,1,2,1,4,1, , ,N,1,2,0,3,0,1,2,2,N,N,39 58:02.632,75 10:43.087,1532, ,1528, ,0, , , ,3, , , , , ,249610, , , ,2,2,0,0,0,0,0,0,0,0,0,0,1,1,0,0,0,0,0,0,0,0,0,0,0,0,0,0,0,0,0,0,0,0,0,8,0,39.9674,-75.1786, , 
 ,20675,2016122182,6,67,67301,2016,11,6,1152,11,1,1,0,1,1, , ,N,0,0,0,3,0,0,3,3,N,N,39 52:35.966,75 15:23.655,1202, ,1152,2,2,2, , ,0,N, , , , ,249631, , , ,3,0,0,0,0,0,3,0,0,0,0,0,0,0,0,0,0,0,0,0,0,1,0,0,0,0,0,0,0,0,0,0,0,0,0,0,0,39.8767,-75.2566, , 
 ,20676,2017020687,6,67,67301,2016,7,3,1700,17,1,1,0,4,1, , ,N,0,0,7,3,0,1,2,3,N,N,40 04:15.744,75 09:42.046,0, ,0, ,0, ,N, ,0, , , , , ,249647, , , ,3,1,0,0,0,0,1,0,0,0,0,0,1,1,0,0,0,0,0,0,1,0,1,1,0,0,0,0,0,0,0,0,0,0,0,8,0,40.071,-75.1617, , 
 ,20677,2016099591,6,67,67301,2016,9,7,1730,17,1,1,0,0,1, , ,N,0,0,0,3,0,1,1,1,N,N,40 02:59.018,75 03:03.614,1115, ,1108, ,0, ,N, ,0, , , , , ,249651, , , ,1,0,1,0,0,0,0,0,0,0,0,0,1,1,0,0,0,0,0,0,0,0,0,0,0,0,0,0,0,0,0,0,0,0,0,8,0,40.0497,-75.051, , 
 ,20678,2016119167,6,67,67301,2016,10,4,1509,15,1,1,0,5,1, , ,N,0,0,0,3,0,1,2,3,N, ,40 01:42.446,75 09:13.288,1612, ,1603, ,0, , , ,0, , , , , ,246640, , , ,3,2,0,0,0,1,0,0,0,0,0,1,1,0,0,0,0,0,0,0,1,0,0,1,0,0,0,0,0,0,0,0,0,0,0,4,1,40.0285,-75.1537, , 
 ,20679,2016132879,6,67,67301,2016,12,5,1227,12,1,1,0,5,1, , ,N,0,0,0,3,0,0,4,2,N,N,39 59:48.177,75 04:57.050,1240, ,1240, ,0, , , ,0, , , , , ,246653, , , ,2,1,0,0,0,1,0,0,0,0,0,0,0,0,0,0,0,0,0,0,1,0,0,0,0,0,0,0,0,0,0,0,0,0,0,0,1,39.9967,-75.0825, , 
 ,20680,2016135751,6,67,67301,2016,12,3,1600,16,4,2,1,8,1, , ,N,1,2,0,3,0,1,2,2,N,N,40 02:34.692,75 08:39.933,1635, ,1623, ,0, ,N, ,3, , , , , ,246663, , , ,1,1,0,0,0,0,0,0,0,0,0,1,1,0,0,0,0,0,0,0,0,1,0,0,0,0,0,0,0,0,0,0,1,0,0,4,0,40.043,-75.1444, , 
 ,20681,2017021957,6,67,67301,2016,9,4,2054,20,3,1,0,1,6, , ,N,0,0,0,3,0,1,2,2,N,Y,40 01:07.382,75 09:03.965,0, ,0, ,0, ,N, ,0, , , , , ,246674, , , ,2,1,0,0,0,0,0,0,0,0,0,0,1,1,0,0,0,0,0,0,0,0,0,0,0,0,0,0,0,0,0,0,0,0,0,8,0,40.0187,-75.1511, , 
 ,20682,2017023436,6,67,67301,2016,11,6,2045,20,3,1,0,4,1, , ,N,1,2,0,3,0,1,2,2,N,N,40 02:02.615,75 10:58.439,0, ,0, ,0, ,N, ,3, , , , , ,246676, , , ,2,2,0,0,0,0,0,0,0,0,1,0,1,0,0,0,0,0,0,0,1,0,0,0,0,0,0,0,0,0,0,0,0,0,0,3,0,40.0341,-75.1829, , 
 ,20683,2017003654,6,67,67301,2016,12,2,9999,99,3,1,0,6,6, , ,N,0,0,0,3,0,1,1,5,N, ,40 01:34.436,75 10:09.151,9999, ,9999,2,2,5, , ,0,Y, , , , ,246679, , , ,5,2,0,0,0,0,3,0,0,0,0,0,1,1,0,0,0,0,0,0,1,0,0,0,0,0,0,0,0,0,0,0,0,0,0,8,0,40.0262,-75.1692, , 
 ,20684,2017003603,6,67,67301,2016,12,6,155,1,3,1,0,4,1, , ,N,1,2,0,3,0,1,3,2,N,N,39 55:27.728,75 10:10.600,200, ,156,3,2,7,N, ,3,Y, , , , ,246680, , , ,2,2,0,0,0,0,0,0,0,0,0,1,1,0,1,0,0,0,0,0,0,0,0,2,0,0,0,0,0,0,0,0,0,0,0,4,0,39.9244,-75.1696, , 
 ,20685,2016105118,6,67,67301,2016,9,6,18,0,3,2,1,1,1, , ,N,0,0,0,3,0,0,2,2,N,N,39 57:25.304,75 10:49.515,34, ,34,2,1,3, , ,0,N, , , , ,246683, , , ,2,1,0,0,0,1,0,0,0,0,0,0,0,0,0,0,0,0,0,0,1,0,0,0,0,0,0,0,0,0,0,0,0,0,0,0,1,39.957,-75.1804, , 
 ,20686,2016126100,6,67,67301,2016,11,5,2134,21,3,1,0,1,1, , ,N,1,2,0,3,0,1,6,3,N, ,39 57:41.520,75 13:28.357,2136, ,2136, ,0, , , ,3, , , , , ,246724, , , ,3,1,0,0,0,0,1,1,0,1,0,0,1,0,2,0,0,0,0,1,0,0,0,0,0,0,0,0,0,0,0,0,0,0,0,2,0,39.9615,-75.2245, , 
 ,20687,2016068275,6,67,67301,2016,6,6,1205,12,1,1,0,4,1, , ,N,1,2,0,3,0,3,3,3,N, ,39 55:18.066,75 14:33.727,1217, ,1211, ,0, , , ,3, , , , , ,246755, , , ,3,2,0,0,0,0,1,0,0,0,0,3,3,0,0,0,0,0,0,0,0,0,0,0,0,0,0,0,0,0,0,0,0,0,0,4,0,39.9217,-75.2427, , 
 ,20688,2017005883,6,67,67301,2016,12,2,822,8,1,2,1,1,1, , ,N,0,0,0,3,0,0,3,3,N,N,39 59:41.555,75 11:52.985,828, ,824, ,0, , , ,0, , , , , ,246780, , , ,3,2,0,0,0,0,1,0,0,0,0,0,0,0,0,0,0,0,0,0,0,0,0,0,0,0,0,0,0,0,0,0,0,0,0,0,0,39.9949,-75.1981, , 
 ,20689,2016132158,6,67,67301,2016,11,4,830,8,1,1,0,1,1, , ,N,1,2,0,3,0,1,2,2,N,N,40 04:27.147,75 02:05.032,855, ,847,3,1,1, , ,3,Y, , , , ,246783, , , ,2,1,0,0,0,0,1,0,0,0,0,0,1,1,0,0,0,0,0,0,0,0,0,0,0,0,0,0,0,0,0,0,0,0,0,8,0,40.0743,-75.0348, , 
 ,20690,2016135830,6,67,67301,2016,12,2,1033,10,1,1,1,1,1, , ,N,0,0,0,3,0,1,2,2,N, ,39 57:05.918,75 14:12.861,1044, ,1033, ,0, , , ,0, , , , , ,246792, , , ,2,1,0,0,0,0,1,0,0,0,0,0,1,1,0,0,0,0,0,0,0,0,0,0,0,0,0,0,0,0,0,0,0,0,0,8,0,39.9516,-75.2369, , 
 ,20691,2016061332,6,67,67301,2016,5,2,2142,21,3,1,0,4,1, , ,N,5,2,0,3,0,2,6,5,N,N,40 01:18.102,75 08:23.227,2158, ,2144,3,2,7, , ,3,Y, , , , ,246798, , , ,5,5,0,0,0,0,0,0,0,1,1,0,2,0,0,0,0,1,0,0,1,0,0,2,0,1,0,0,0,0,0,0,0,0,0,2,0,40.0217,-75.1398, , 
N,20692,2016072856,6,67,67301,2016,7,3,306,3,3,2,1,7,3,1,4,Y,0,0,0,3,0,4,4,1,N,N,39 58:55.211,75 06:03.022,320,45,306,1,1,1, , ,0,N,N,N,N,N,246804,N,N,Y,1,1,0,0,0,0,0,0,0,0,4,0,4,0,0,0,0,0,0,0,0,0,0,0,0,0,0,0,0,0,0,0,0,0,0,3,0,39.982,-75.1008, , 
Y,20693,2016072901,6,67,67301,2016,6,3,13,0,3,2,1,7,5,1,4,Y,0,0,0,3,0,1,1,1,N,N,40 01:39.827,75 05:55.623,17,30,14, ,0, , , ,0, ,Y,N,N,Y,246805,N,N,N,1,0,0,0,0,0,0,1,0,0,0,1,1,0,0,0,0,0,0,0,0,0,0,0,0,0,0,0,0,0,0,0,0,0,0,4,0,40.0277,-75.0988, , 
 ,20694,2016132116,6,67,67301,2016,11,3,1910,19,2,2,1,4,1, , ,N,2,0,0,3,0,0,2,2,N,N,39 53:36.121,75 13:33.938,1925, ,1921,9,1,4, , ,0,N, , , , ,246809, , , ,2,1,0,0,1,0,0,0,0,0,0,0,0,0,0,0,0,0,0,0,1,0,0,0,0,0,0,0,0,0,0,0,0,0,0,0,0,39.8934,-75.2261, , 
 ,20695,2016129966,6,67,67301,2016,11,5,1545,15,1,1,0,4,1, , ,N,2,3,0,3,0,1,2,2,N, ,40 01:07.309,75 06:05.983,1640, ,1626,3,1,1, , ,3,N, , , , ,246812, , , ,2,1,0,0,1,0,0,0,0,0,0,1,1,0,0,0,0,0,0,0,0,0,0,0,0,0,0,0,0,0,0,0,0,0,0,4,0,40.0187,-75.1017, , 
 ,20696,2017005221,6,67,67301,2016,12,6,1715,17,3,1,0,4,1, , ,N,0,0,7,3,0,1,3,2,N,N,39 56:13.120,75 09:37.663,1729, ,1721, ,0, ,N, ,0, , , , , ,240545, , , ,2,2,0,0,0,0,0,0,0,0,0,0,1,1,0,0,0,0,0,1,0,0,0,0,0,0,0,0,0,0,0,0,0,0,0,8,0,39.937,-75.1605, , 
 ,20697,2016120759,6,67,67301,2016,11,5,1735,17,4,1,0,4,1, , ,N,1,3,0,3,0,1,2,2,N,N,39 57:24.976,75 11:38.428,1737, ,1737,2,1,1,N, ,3,N, , , , ,240552, , , ,2,0,0,0,0,0,2,0,0,0,0,1,1,0,0,0,0,0,0,0,2,0,0,0,0,0,0,0,0,0,0,0,0,0,0,4,0,39.9569,-75.194, , 
 ,20698,2016126373,6,67,67301,2016,12,5,1845,18,3,1,0,8,1, , ,N,1,0,0,3,0,1,2,2,N,N,39 59:04.959,75 09:41.497,2107, ,2106, ,0, ,N, ,0, , , , , ,240566, , , ,1,1,0,0,0,0,0,0,0,0,0,0,1,1,1,0,0,0,0,0,0,0,0,0,0,0,0,0,0,0,0,0,1,0,0,8,0,39.9847,-75.1615, , 
 ,20699,2016135731,6,67,67301,2016,12,5,2315,23,3,1,0,5,6, , ,N,0,0,0,3,0,0,1,4,N,N,39 55:52.918,75 10:47.893,2357, ,2355,2,2,2,N, ,0,Y, , , , ,240570, , , ,4,3,0,0,0,0,1,0,0,0,0,0,0,0,0,0,0,0,0,0,0,0,0,1,0,0,0,0,0,0,0,0,0,0,0,0,0,39.9314,-75.18, , 
 ,20700,2016129213,6,67,67301,2016,11,1,826,8,1,1,0,4,1, , ,N,1,2,0,3,0,1,2,2,N,N,40 02:13.966,75 03:10.861,828, ,828, ,0, ,N, ,3, , , , , ,240580, , , ,2,1,0,0,0,0,1,0,0,0,0,1,1,0,0,0,0,0,0,0,0,1,0,1,0,0,0,0,0,0,0,0,0,0,0,4,0,40.0372,-75.053, , 
 ,20701,2016097614,6,67,67301,2016,8,2,900,9,1,1,0,4,1, , ,N,0,0,0,3,0,0,2,2,N,N,39 57:08.591,75 08:24.418,935, ,927, ,0, ,N, ,0, , , , , ,240587, , , ,2,2,0,0,0,0,0,0,0,0,0,0,0,0,0,0,0,0,0,0,1,0,0,0,0,0,0,0,0,0,0,0,0,0,0,0,0,39.9524,-75.1401, , 
 ,20702,2016120523,6,67,67301,2016,10,4,200,2,3,1,0,5,6, , ,N,0,0,0,3,0,0,1,3,N,N,39 56:42.483,75 14:32.220,9999, ,201,3,2,6,N, ,0,Y, , , , ,240598, , , ,3,2,0,0,0,0,1,0,0,0,0,0,0,0,0,0,0,0,0,0,0,0,0,0,0,0,0,0,0,0,0,0,0,0,0,0,0,39.9451,-75.2423, , 
 ,20703,2016129394,6,67,67301,2016,11,1,920,9,1,1,0,4,1, , ,N,1,3,0,3,0,1,3,2,N,N,39 59:27.189,75 07:19.509,928, ,927, ,0, ,N, ,3, , , , , ,240612, , , ,2,1,0,0,0,0,0,1,0,0,0,1,1,0,0,0,0,0,0,0,0,0,0,0,0,0,0,0,0,0,0,0,0,0,0,4,0,39.9909,-75.1221, , 
 ,20704,2016106296,6,67,67301,2016,9,5,1925,19,3,1,0,1,1, , ,N,0,0,0,3,0,0,2,2,N,N,39 54:17.130,75 11:45.103,1935, ,1928, ,0, ,N, ,0, , , , , ,240641, , , ,2,2,0,0,0,0,0,0,0,0,0,0,0,0,0,0,0,0,0,0,0,0,0,0,0,0,0,0,0,0,0,0,0,0,0,0,0,39.9048,-75.1958, , 
 ,20705,2016129280,6,67,67301,2016,11,7,359,3,3,1,0,5,6, , ,N,0,0,0,3,0,1,1,4,N,N,39 55:59.804,75 10:04.096,405, ,400, ,0, ,N, ,0, , , , , ,240652, , , ,4,3,0,0,0,0,1,0,0,0,1,0,1,0,0,0,0,0,0,0,1,0,0,0,0,0,0,0,0,0,0,0,0,0,0,3,0,39.9333,-75.1678, , 
N,20706,2016132822,6,67,67301,2016,12,5,1900,19,3,1,0,5,1,1,4,Y,0,0,0,3,0,0,2,2,N,N,40 01:37.674,75 01:30.781,1914,45,1903, ,0, , , ,0, ,Y,N,N,N,240692,N,N,Y,2,2,0,0,0,0,0,0,0,0,0,0,0,0,0,0,0,0,0,1,0,0,0,0,0,0,0,0,0,0,0,0,0,0,0,0,0,40.0271,-75.0252, , 
 ,20707,2016111223,6,67,67301,2016,10,1,2345,23,2,1,0,1,1, , ,N,0,0,0,3,0,0,3,3,N,N,39 58:57.386,75 12:27.938,6, ,2359,2,2,4, , ,0,N, , , , ,240713, , , ,3,3,0,0,0,0,0,0,0,0,0,0,0,0,0,0,0,1,0,0,0,0,0,0,0,0,0,0,0,0,0,0,0,0,0,0,0,39.9826,-75.2078, , 
 ,20708,2016138278,6,67,67301,2016,11,3,1245,12,1,2,1,5,1, , ,N,0,0,0,3,0,1,2,2,N,N,39 59:42.419,75 08:22.477,1305, ,1251, ,0, ,N, ,0, , , , , ,240733, , , ,2,1,0,1,0,0,0,0,0,0,0,0,1,1,0,0,0,0,0,0,0,0,0,1,0,0,0,0,0,0,0,0,0,0,0,8,1,39.9951,-75.1396, , 
 ,20709,2016138146,6,67,67301,2016,12,7,859,8,1,1,0,1,1, , ,N,1,2,0,3,0,1,2,2,N,N,39 56:43.472,75 10:47.006,9999, ,9999, ,0, ,N, ,3, , , , , ,240742, , , ,2,1,0,0,0,0,1,0,0,0,0,1,1,0,1,0,0,0,0,0,0,0,0,0,0,0,0,0,0,0,0,0,0,0,0,4,0,39.9454,-75.1797, , 
 ,20710,2017017497,6,67,67301,2016,5,1,1810,18,1,1,0,1,1, , ,N,0,2,0,3,0,1,2,2,N,N,40 06:44.900,74 59:27.065,0, ,0, ,0, ,N, ,3, , , , , ,240748, , , ,2,0,0,0,0,0,2,0,0,0,0,0,1,1,0,0,0,0,0,0,0,0,0,0,0,0,0,0,0,0,0,0,0,0,0,8,0,40.1125,-74.9909, , 
 ,20711,2016130006,6,67,67301,2016,11,6,507,5,3,1,0,4,1, , ,N,1,2,0,3,0,1,2,5,N, ,39 59:49.084,75 07:02.675,507, ,507,3,2,7, , ,3,Y, , , , ,240756, , , ,5,3,0,0,1,0,1,0,0,0,0,1,1,0,0,0,0,0,0,0,0,0,0,2,0,0,0,0,0,0,0,0,0,0,0,4,0,39.997,-75.1174, , 
 ,20712,2016120498,6,67,67301,2016,10,2,1555,15,1,1,0,4,1, , ,N,1,2,0,3,0,1,2,2,N,N,40 04:48.600,75 04:06.600,1604, ,1539, ,0, ,N, ,3, , , , , ,240758, , , ,2,1,0,0,1,0,0,0,0,0,0,1,1,0,0,0,0,0,0,1,0,0,0,1,0,0,0,0,0,0,0,0,0,0,0,4,0,40.0913,-75.0548, , 
 ,20713,2016115752,6,67,67301,2016,11,1,1104,11,1,1,0,5,1, , ,N,0,0,3,3,0,1,6,2,N,N,39 54:20.457,75 07:51.869,1104, ,1104,1,1,3,N, ,0,N, , , , ,240759, , , ,2,0,0,0,1,0,0,1,0,0,1,0,1,0,0,0,0,0,0,0,0,0,0,0,0,0,0,0,0,0,0,0,0,0,0,3,0,39.9057,-75.1311, , 
 ,20714,2016126075,6,67,67301,2016,11,1,2300,23,3,1,0,7,4, , ,N,0,0,0,3,0,1,1,1,N,N,40 01:36.380,75 05:52.683,2318, ,2308, ,0, ,N, ,0, , , , , ,240766, , , ,1,1,0,0,0,0,0,0,0,0,0,1,1,0,0,0,0,0,0,0,0,0,0,0,0,0,0,0,0,0,0,0,0,0,0,4,0,40.0268,-75.098, , 
 ,20715,2016097048,6,67,67301,2016,8,7,1715,17,1,1,0,6,1, , ,N,0,0,0,3,0,1,2,2,N,N,40 01:10.300,75 04:30.101,1715, ,1713, ,0, , , ,0, , , , , ,243483, , , ,2,0,1,0,0,0,1,0,0,0,1,0,1,0,0,0,0,0,0,0,1,0,0,1,0,0,0,0,0,0,0,0,0,0,0,3,0,40.0195,-75.075, , 
 ,20716,2016105520,6,67,67301,2016,9,4,824,8,1,1,0,4,1, , ,N,2,0,0,3,0,4,15,2,Y, ,39 59:04.426,75 05:57.454,829, ,826, ,0, ,N, ,0, , , , , ,243489, , , ,2,1,0,1,0,0,0,0,0,0,0,4,4,0,0,0,0,0,0,0,0,0,0,0,0,0,0,0,0,0,0,0,0,0,0,4,1,39.9846,-75.0993, , 
 ,20717,2016129479,6,67,67301,2016,11,7,1415,14,1,1,0,3,1, , ,N,0,0,7,3,0,1,2,2,N,N,39 56:11.987,75 09:58.889,1427, ,1425, ,0, ,N, ,0, , , , , ,243498, , , ,2,1,0,0,0,0,1,0,0,0,0,1,1,0,0,0,0,0,0,0,1,0,0,0,0,0,0,0,0,0,0,0,0,0,0,4,0,39.9367,-75.1664, , 
 ,20718,2016126041,6,67,67301,2016,11,7,30,0,3,1,0,5,6, , ,N,0,0,0,3,0,0,2,2,N, ,39 57:08.419,75 11:17.556,120, ,116, ,0, , , ,0, , , , , ,243515, , , ,2,2,0,0,0,0,0,0,0,0,0,0,0,0,0,0,0,0,0,0,0,0,0,0,0,0,0,0,0,0,0,0,0,0,0,0,0,39.9523,-75.1882, , 
 ,20719,2016135721,6,67,67301,2016,11,7,245,2,3,1,0,1,6, , ,N,0,0,0,3,0,0,1,4,N,N,39 57:10.225,75 13:34.896,255, ,253, ,0, , , ,0, , , , , ,243519, , , ,4,2,0,0,0,0,2,0,0,0,0,0,0,0,0,0,0,0,0,0,0,0,0,0,0,0,0,0,0,0,0,0,0,0,0,0,0,39.9528,-75.2264, , 
 ,20720,2016132233,6,67,67301,2016,11,3,443,4,3,1,0,7,4, , ,N,0,0,0,3,0,1,1,1,N,N,40 05:29.814,75 04:01.311,452, ,444, ,0, ,N, ,0, , , , , ,243530, , , ,1,0,0,0,1,0,0,0,0,0,1,0,1,0,0,0,0,0,0,0,0,0,0,1,0,0,0,0,0,0,0,0,0,0,0,3,0,40.0916,-75.067, , 
 ,20721,2016129240,6,67,67301,2016,11,6,859,8,1,1,0,5,6, , ,N,0,0,0,3,0,1,2,2,N,N,40 00:41.475,75 05:27.114,911, ,900, ,0, ,N, ,0, , , , , ,243569, , , ,2,2,0,0,0,0,0,0,0,0,0,1,1,0,0,0,0,0,0,0,0,0,0,1,0,0,0,0,0,0,0,0,0,0,0,4,0,40.0115,-75.0909, , 
 ,20722,2016134692,6,67,67301,2016,12,7,954,9,1,2,4,7,4, , ,N,7,0,2,3,0,0,1,1,N,N,39 53:09.576,75 12:40.033,1005, ,955,2,2,2, , ,0,Y, , , , ,243575, , , ,1,1,0,0,0,0,0,0,0,0,0,0,0,0,0,0,0,0,0,0,0,0,0,0,0,0,0,0,0,0,0,0,0,0,0,0,0,39.886,-75.2111, , 
 ,20723,2017003588,6,67,67301,2016,12,2,1906,19,3,1,0,4,1, , ,N,1,2,0,3,0,3,4,2,N, ,40 01:54.735,75 07:53.327,1907, ,1906,3,2,5, , ,3,Y, , , , ,243585, , , ,2,0,0,0,1,0,1,0,0,0,0,3,3,0,0,0,0,0,0,0,0,0,0,0,0,0,0,0,0,0,0,0,0,0,0,4,0,40.0319,-75.1315, , 
 ,20724,2017003682,6,67,67301,2016,12,5,916,9,1,1,0,4,1, , ,N,1,3,0,3,0,0,2,2,N, ,40 00:29.401,75 09:20.113,932, ,916, ,0, , , ,3, , , , , ,243587, , , ,2,2,0,0,0,0,0,0,0,0,0,0,0,0,0,0,0,0,0,0,0,0,0,0,0,0,0,0,0,0,0,0,0,0,0,0,0,40.0082,-75.1556, , 
 ,20725,2016126031,6,67,67301,2016,11,7,1630,16,3,1,0,4,1, , ,N,0,0,0,3,0,0,2,2,N, ,40 03:46.166,75 14:01.108,1705, ,1700, ,0, , , ,0, , , , , ,243596, , , ,2,1,0,0,0,0,1,0,0,0,0,0,0,0,0,0,0,0,0,0,0,0,0,0,0,0,0,0,0,0,0,0,0,0,0,0,0,40.0628,-75.2336, , 
 ,20726,2017003718,6,67,67301,2016,12,7,825,8,1,2,6,5,1, , ,N,0,0,0,3,0,1,3,2,N,N,40 01:29.488,75 12:29.896,842, ,842, ,0, ,N, ,0, , , , , ,243629, , , ,2,2,0,0,0,0,0,0,0,0,0,1,1,0,0,0,0,0,0,0,0,0,0,0,0,0,0,0,0,0,0,0,0,0,0,4,0,40.0249,-75.2083, , 
 ,20727,2016132137,6,67,67301,2016,9,7,2000,20,3,9,0,5,1, , ,N,0,0,0,3,0,1,2,2,N,N,39 59:17.921,75 13:57.897,9999, ,2000, ,0, ,N, ,0, , , , , ,243630, , , ,1,0,0,0,0,0,0,0,1,0,0,0,1,1,0,0,0,0,0,0,0,0,0,0,0,0,0,0,0,0,0,0,0,0,0,8,0,39.9883,-75.2327, , 
 ,20728,2016126156,6,67,67301,2016,11,5,1640,16,1,1,0,8,1, , ,N,1,3,0,3,0,1,2,2,N,N,39 58:53.587,75 07:15.484,1720, ,1715, ,0, ,N, ,3, , , , , ,243654, , , ,1,1,0,0,0,0,0,0,0,0,0,1,1,0,0,0,0,0,0,0,0,0,0,1,0,0,0,0,0,0,0,0,1,0,0,4,0,39.9816,-75.121, , 
 ,20729,2016135810,6,67,67301,2016,12,3,1300,13,1,2,1,1,1, , ,N,0,2,7,3,0,1,6,5,N,N,40 05:19.875,74 58:09.971,1300, ,1300, ,0, ,N, ,3, , , , , ,243662, , , ,5,2,0,0,0,0,3,0,0,0,0,1,1,0,0,0,0,0,0,1,0,2,2,1,0,0,0,0,0,0,0,0,0,0,0,4,0,40.0889,-74.9696, , 
 ,20730,2016138220,6,67,67301,2016,12,2,20,0,3,1,0,8,1, , ,N,1,2,0,3,0,1,2,2,N,N,39 59:29.209,75 08:05.493,45, ,35, ,0, ,N, ,3, , , , , ,243685, , , ,1,0,0,0,0,0,1,0,0,0,1,0,1,0,0,0,0,0,0,0,0,0,0,1,0,0,0,0,0,0,0,0,1,0,0,3,0,39.9913,-75.1349, , 
 ,20731,2016120516,6,67,67301,2016,10,7,1250,12,1,1,0,8,1, , ,N,1,2,0,3,0,1,3,2,N, ,40 02:01.460,75 02:48.262,1253, ,1253, ,0, , , ,3, , , , , ,243717, , , ,1,0,0,0,0,0,1,0,0,0,0,1,1,0,0,0,0,0,0,0,0,0,0,2,0,0,0,0,0,0,0,0,1,0,0,4,0,40.0336,-75.0468, , 