wz_ln_closure,objectid_1,crn,district,county,municipality,crash_year,crash_month,day_of_week,time_of_day,hour_of_day,illumination,weather,road_condition,collision_type,relation_to_road,work_zone_type,work_zone_loc,work_zone_ind,intersect_type,tcd_type,location_type,urban_rural,fatal_count,injury_count,person_count,total_units,sch_bus_ind,sch_zone_ind,latitude,longitude,arrival_tm,cons_zone_spd_lim,dispatch_tm,est_hrs_closed,lane_closed,ln_close_dir,ntfy_hiwy_maint,spec_juris_cd,tcd_func_cd,tfc_detour_ind,workers_pres,wz_close_detour,wz_flagger,wz_law_offcr_ind,objectid,wz_moving,wz_other,wz_shlder_mdn,vehicle_count,automobile_count,motorcycle_count,bus_count,small_truck_count,heavy_truck_count,suv_count,van_count,bicycle_count,maj_inj_count,mod_inj_count,min_inj_count,tot_inj_count,unk_inj_deg_count,unk_inj_per_count,driver_count_16yr,driver_count_17yr,driver_count_18yr,driver_count_19yr,driver_count_20yr,driver_count_50_64yr,driver_count_65_74yr,driver_count_75plus,unbelted_occ_count,unb_death_count,unb_maj_inj_count,belted_death_count,belted_maj_inj_count,mcycle_death_count,mcycle_maj_inj_count,bicycle_death_count,bicycle_maj_inj_count,ped_count,ped_death_count,ped_maj_inj_count,max_severity_level,comm_veh_count,dec_lat,dec_long,rdwy_surf_type_cd,county_name
 ,20798,2016117186,6,67,67301,2016,10,5,1215,12,1,1,0,4,1, , ,N,1,2,0,3,0,2,3,2,N,N,40 01:48.790,75 05:17.559,1250, ,1248,1,1,2,N, ,3,N, , , , ,243856, , , ,2,0,0,0,0,0,1,1,0,0,0,1,2,1,0,0,0,0,0,0,0,0,0,0,0,0,0,0,0,0,0,0,0,0,0,4,0,40.0301,-75.0882, , 
 ,20799,2016120604,6,67,67301,2016,11,4,904,9,1,1,0,5,1, , ,N,2,0,0,3,0,1,2,2,N,N,39 57:56.508,75 09:38.224,923, ,904, ,0, , , ,0, , , , , ,243857, , , ,2,2,0,0,0,0,0,0,0,0,0,0,1,1,0,0,0,0,0,0,0,0,0,1,0,0,0,0,0,0,0,0,0,0,0,8,0,39.9657,-75.1606, , 
 ,20800,2016111085,6,67,67301,2016,10,6,1450,14,1,1,0,8,1, , ,N,1,3,0,3,0,1,2,2,N, ,40 02:40.383,75 04:09.980,1705, ,1700, ,0, ,N, ,3, , , , , ,243868, , , ,1,1,0,0,0,0,0,0,0,0,0,1,1,0,0,0,0,0,0,0,0,0,0,0,0,0,0,0,0,0,0,0,1,0,0,4,0,40.0446,-75.0694, , 
 ,20801,2016117539,6,67,67301,2016,11,5,750,7,1,1,0,4,1, , ,N,0,0,7,3,0,0,2,2,N,N,39 59:05.537,75 09:35.602,802, ,800, ,0, ,N, ,0, , , , , ,243916, , , ,2,2,0,0,0,0,0,0,0,0,0,0,0,0,0,0,0,0,0,0,1,0,0,0,0,0,0,0,0,0,0,0,0,0,0,0,0,39.9849,-75.1599, , 
 ,20802,2016126074,6,67,67301,2016,11,1,1350,13,1,1,0,6,1, , ,N,0,0,0,3,0,4,4,2,N, ,40 02:07.335,75 06:17.208,1405, ,1402, ,0, , , ,0, , , , , ,243924, , , ,2,2,0,0,0,0,0,0,0,0,0,3,4,1,0,0,0,0,0,0,0,0,0,0,0,0,0,0,0,0,0,0,0,0,0,4,0,40.0354,-75.1048, , 
 ,20803,2016129467,6,67,67301,2016,11,6,1255,12,1,1,0,1,1, , ,N,0,0,0,3,0,1,2,2,N,N,40 00:59.964,75 12:44.361,1304, ,1300, ,0, ,N, ,0, , , , , ,243940, , , ,1,0,0,0,0,0,0,0,1,0,0,1,1,0,0,0,0,0,0,0,0,0,0,0,0,0,0,0,0,0,0,0,0,0,0,4,0,40.0167,-75.2123, , 
 ,20804,2016099650,6,67,67301,2016,9,2,625,6,5,1,0,4,1, , ,N,1,2,0,3,0,3,4,2,N,N,39 59:01.460,75 08:11.468,636, ,633,3,2,2,N, ,3,Y, , , , ,243960, , , ,2,1,0,0,0,0,1,0,0,0,3,0,3,0,1,0,0,0,0,0,0,0,0,4,0,0,0,0,0,0,0,0,0,0,0,3,0,39.9837,-75.1365, , 
 ,20805,2016116748,6,67,67301,2016,10,1,1933,19,3,2,1,7,3, , ,N,0,0,0,3,0,1,2,2,N,N,39 53:14.607,75 12:16.257,1938, ,1933, ,0, , , ,0, , , , , ,243963, , , ,2,2,0,0,0,0,0,0,0,0,0,0,1,1,0,0,0,0,0,0,0,0,0,0,0,0,0,0,0,0,0,0,0,0,0,8,0,39.8874,-75.2045, , 
 ,20806,2016129283,6,67,67301,2016,11,2,845,8,1,1,0,1,1, , ,N,0,0,0,3,0,1,2,2,N,N,40 03:31.413,74 59:44.719,850, ,845, ,0, ,N, ,0, , , , , ,243976, , , ,2,1,0,0,0,0,1,0,0,0,0,1,1,0,0,0,0,0,0,0,0,0,0,1,0,0,0,0,0,0,0,0,0,0,0,4,0,40.0587,-74.9958, , 
 ,20807,2016127836,6,67,67301,2016,11,1,315,3,3,1,0,5,6, , ,N,0,0,0,3,0,0,1,2,N, ,40 07:16.278,75 01:52.950,335, ,325, ,0, , , ,0, , , , , ,249850, , , ,2,1,0,0,0,0,1,0,0,0,0,0,0,0,0,0,0,0,0,0,0,0,0,1,0,0,0,0,0,0,0,0,0,0,0,0,0,40.1212,-75.0314, , 
 ,20808,2016117195,6,67,67301,2016,10,2,53,0,3,1,0,4,1, , ,N,2,2,0,3,0,1,2,2,N,N,39 59:47.690,75 11:15.203,57, ,55,3,2,5,N, ,3,Y, , , , ,249877, , , ,2,0,1,0,0,0,1,0,0,0,1,0,1,0,0,0,0,0,0,1,0,0,0,0,0,0,0,0,0,0,0,0,0,0,0,3,0,39.9966,-75.1876, , 
 ,20809,2016112153,6,67,67301,2016,10,6,1805,18,1,1,0,8,1, , ,N,2,2,0,3,0,1,2,2,N,N,40 01:58.068,75 12:51.988,1820, ,1812, ,0, , , ,3, , , , , ,249879, , , ,1,0,0,0,0,0,1,0,0,0,0,0,1,1,0,0,0,0,0,0,0,0,0,0,0,0,0,0,0,0,0,0,1,0,0,8,0,40.0328,-75.2144, , 
 ,20810,2016132174,6,67,67301,2016,11,2,1900,19,3,1,0,8,1, , ,N,1,3,0,3,0,1,2,2,N, ,39 56:05.150,75 10:20.539,1920, ,1909, ,0, , , ,3, , , , , ,249884, , , ,1,1,0,0,0,0,0,0,0,0,0,1,1,0,0,0,0,0,0,0,0,0,0,1,0,0,0,0,0,0,0,0,1,0,0,4,0,39.9348,-75.1724, , 
 ,20811,2016099634,6,67,67301,2016,9,5,1855,18,4,1,0,7,4, , ,N,0,0,0,3,0,0,1,1,N,N,40 01:35.755,75 05:46.457,1910, ,1859, ,0, ,N, ,0, , , , , ,249892, , , ,1,1,0,0,0,0,0,0,0,0,0,0,0,0,0,0,0,0,0,0,0,0,0,0,0,0,0,0,0,0,0,0,0,0,0,0,0,40.0266,-75.0962, , 
 ,20812,2016117136,6,67,67301,2016,10,2,1457,14,1,1,0,4,1, , ,N,1,2,0,3,0,2,3,2,N,N,39 58:36.732,75 08:36.697,1647, ,1645, ,0, ,N, ,3, , , , , ,249895, , , ,2,1,0,0,0,0,1,0,0,0,0,2,2,0,0,0,0,0,0,0,0,1,0,0,0,0,0,0,0,0,0,0,0,0,0,4,0,39.9769,-75.1435, , 
 ,20813,2016117733,6,67,67301,2016,10,1,30,0,2,1,0,8,1, , ,N,1,2,0,3,0,1,2,2,N, ,39 57:17.840,75 11:01.951,35, ,32,3,2,7, , ,1,Y, , , , ,249896, , , ,1,0,0,0,0,0,1,0,0,0,1,0,1,0,0,0,0,0,0,0,0,0,0,0,0,0,0,0,0,0,0,0,1,0,0,3,0,39.955,-75.1838, , 
 ,20814,2016130827,6,67,67301,2016,11,1,153,1,3,1,0,1,1, , ,N,0,8,0,3,0,2,2,2,N,N,40 01:20.776,75 02:13.766,202, ,153,2,2,1, , ,3,Y, , , , ,249900, , , ,2,0,0,0,0,0,2,0,0,0,0,0,2,2,0,0,0,0,0,0,1,0,0,0,0,0,0,0,0,0,0,0,0,0,0,8,0,40.0224,-75.0372, , 
 ,20815,2016132145,6,67,67301,2016,11,3,1015,10,1,2,1,7,4, , ,N,0,0,0,3,0,1,1,1,N,N,40 04:50.560,75 13:21.012,1032, ,1029, ,0, ,N, ,0, , , , , ,249908, , , ,1,0,0,0,0,0,1,0,0,0,0,1,1,0,0,0,0,0,0,0,1,0,0,0,0,0,0,0,0,0,0,0,0,0,0,4,0,40.0807,-75.2225, , 
 ,20816,2016126025,6,67,67301,2016,11,7,627,6,1,1,0,7,4, , ,N,0,0,0,3,0,1,1,1,N,N,40 00:51.035,75 10:40.918,631, ,628, ,0, ,N, ,0, , , , , ,249911, , , ,1,1,0,0,0,0,0,0,0,0,0,1,1,0,0,0,0,0,0,0,0,0,0,0,0,0,0,0,0,0,0,0,0,0,0,4,0,40.0142,-75.178, , 
 ,20817,2017003652,6,67,67301,2016,12,2,1250,12,1,9,8,8,1, , ,N,1,2,0,3,0,1,2,2,N,N,40 00:38.569,75 09:04.826,9999, ,1630, ,0, ,N, ,3, , , , , ,249924, , , ,1,1,0,0,0,0,0,0,0,0,0,0,1,1,0,0,0,0,0,0,0,0,0,1,0,0,0,0,0,0,0,0,1,0,0,8,0,40.0107,-75.1513, , 
 ,20818,2017007211,6,67,67301,2016,12,1,135,1,3,1,0,4,1, , ,N,1,2,0,3,1,1,2,2,N,N,39 56:16.313,75 10:00.515,138, ,137, ,0, ,N,0,3, , , , , ,249925, , , ,2,2,0,0,0,0,0,0,0,0,1,0,1,0,0,0,0,0,0,0,0,0,0,0,0,0,0,0,0,0,0,0,0,0,0,1,0,39.9379,-75.1667,2, 
 ,20819,2016066209,6,67,67301,2016,5,6,256,2,3,1,0,7,4, , ,N,0,0,2,3,0,1,1,1,N,N,40 02:45.241,75 00:01.990,306, ,256, ,0, , , ,0, , , , , ,249946, , , ,1,0,0,0,0,0,1,0,0,0,1,0,1,0,0,0,0,0,0,0,0,0,0,0,0,0,0,0,0,0,0,0,0,0,0,3,0,40.0459,-75.0006, , 
 ,20820,2016106397,6,67,67301,2016,10,3,937,9,1,1,0,1,1, , ,N,0,0,0,3,0,2,3,3,N,N,40 00:05.092,75 11:41.875,944, ,937,1,1,3, , ,0,N, , , , ,249974, , , ,3,0,0,0,1,0,2,0,0,0,0,0,2,2,0,0,0,0,0,0,0,0,0,0,0,0,0,0,0,0,0,0,0,0,0,8,0,40.0014,-75.195, , 
 ,20821,2016120550,6,67,67301,2016,10,5,1925,19,3,2,1,4,1, , ,N,1,3,0,3,0,0,2,3,N,N,39 58:12.028,75 09:47.185,1930, ,1925,1,2,1,N, ,3,Y, , , , ,249989, , , ,3,3,0,0,0,0,0,0,0,0,0,0,0,0,0,0,0,0,0,0,0,0,0,2,0,0,0,0,0,0,0,0,0,0,0,0,0,39.97,-75.1631, , 
 ,20822,2016127837,6,67,67301,2016,11,1,1410,14,1,1,0,1,1, , ,N,0,0,0,3,0,0,3,3,N,N,40 00:59.218,75 10:30.052,1424, ,1410,1,2,1,N, ,0,Y, , , , ,249995, , , ,3,0,0,0,0,0,3,0,0,0,0,0,0,0,0,0,0,0,0,1,0,0,0,0,0,0,0,0,0,0,0,0,0,0,0,0,0,40.0164,-75.175, , 
 ,20823,2016126125,6,67,67301,2016,11,2,2213,22,3,2,1,4,1, , ,N,3,2,0,3,0,2,4,2,N,N,40 02:08.293,75 08:17.987,2309, ,2308, ,0, ,N, ,3, , , , , ,249997, , , ,2,2,0,0,0,0,0,0,0,0,0,2,2,0,0,0,0,0,0,0,1,0,0,4,0,0,0,0,0,0,0,0,0,0,0,4,0,40.0356,-75.1383, , 
 ,20824,2016126157,6,67,67301,2016,11,1,2346,23,3,1,0,4,1, , ,N,1,2,0,3,0,0,1,5,N,N,39 59:13.650,75 09:45.421,2347, ,2346,2,2,1,N, ,3,Y, , , , ,249998, , , ,5,4,0,0,1,0,0,0,0,0,0,0,0,0,1,0,0,0,0,0,0,0,0,0,0,0,0,0,0,0,0,0,0,0,0,9,0,39.9871,-75.1626, , 
 ,20825,2016129505,6,67,67301,2016,11,1,1945,19,3,9,0,8,1, , ,N,1,0,0,3,0,1,2,2,N, ,39 58:10.883,75 08:26.410,1309, ,1304, ,0, , , ,0, , , , , ,247046, , , ,1,1,0,0,0,0,0,0,0,0,0,1,1,0,0,0,0,0,0,0,0,0,0,1,0,0,0,0,0,0,0,0,1,0,0,4,0,39.9696,-75.1407, , 
 ,20826,2016129249,6,67,67301,2016,11,3,1646,16,1,1,0,5,1, , ,N,0,0,0,3,0,1,2,2,N,N,40 01:38.650,75 06:37.975,1656, ,1648, ,0, ,N, ,0, , , , , ,247069, , , ,2,2,0,0,0,0,0,0,0,0,1,0,1,0,1,0,0,0,1,0,0,0,0,0,0,0,0,0,0,0,0,0,0,0,0,3,0,40.0274,-75.1105, , 
 ,20827,2017005202,6,67,67301,2016,12,7,1424,14,1,1,0,4,1, , ,N,2,3,0,3,0,2,2,2,N,N,39 58:39.691,75 13:35.033,1434, ,1432, ,0, ,N, ,3, , , , , ,247090, , , ,2,1,0,0,0,0,1,0,0,0,2,0,2,0,0,0,0,0,0,0,0,0,0,1,0,0,0,0,0,0,0,0,0,0,0,3,0,39.9777,-75.2264, , 
 ,20828,2016126145,6,67,67301,2016,11,7,40,0,3,1,0,4,1, , ,N,1,2,0,3,0,2,2,2,N,N,39 59:23.560,75 08:50.719,102, ,100, ,0, , , ,3, , , , , ,247094, , , ,2,1,0,0,0,0,1,0,0,0,2,0,2,0,0,0,0,0,0,0,0,0,0,0,0,0,0,0,0,0,0,0,0,0,0,3,0,39.9899,-75.1474, , 
 ,20829,2016135803,6,67,67301,2016,12,2,740,7,1,2,1,7,4, , ,N,0,0,0,3,0,1,1,1,N, ,39 53:34.940,75 13:27.850,745, ,740, ,0, , , ,0, , , , , ,247098, , , ,1,1,0,0,0,0,0,0,0,0,0,1,1,0,0,0,0,0,0,0,0,0,0,0,0,0,0,0,0,0,0,0,0,0,0,4,0,39.893,-75.2244, , 
 ,20830,2016135759,6,67,67301,2016,12,6,1320,13,1,1,0,8,1,1,4,Y,0,0,0,3,0,1,2,2,N,N,39 57:23.216,75 08:40.999,1335,99,1330, ,0, , , ,0, ,U, , ,U,247105, , ,Y,1,0,0,0,0,0,1,0,0,0,0,1,1,0,1,0,0,0,0,0,0,0,0,0,0,0,0,0,0,0,0,0,1,0,0,4,0,39.9564,-75.1447, , 
 ,20831,2017007871,6,67,67301,2016,12,4,1258,12,1,1,0,4,1, , ,N,2,3,0,3,0,0,3,2,N,N,40 02:22.063,75 13:47.243,1259, ,1258,1,1,3,N, ,3,Y, , , , ,247109, , , ,2,0,0,0,1,0,1,0,0,0,0,0,0,0,0,0,0,0,0,0,0,0,0,0,0,0,0,0,0,0,0,0,0,0,0,0,0,40.0395,-75.2298, , 
 ,20832,2016112252,6,67,67301,2016,10,5,1930,19,6,1,0,8,1, , ,N,3,2,0,3,0,1,2,2,N,N,40 02:16.795,75 05:19.253,2310, ,2255, ,0, ,N, ,3, , , , , ,247113, , , ,1,1,0,0,0,0,0,0,0,0,0,1,1,0,0,0,0,0,0,0,0,0,0,1,0,0,0,0,0,0,0,0,1,0,0,4,0,40.038,-75.0887, , 
 ,20833,2016126680,6,67,67301,2016,11,3,1833,18,3,1,0,1,1, , ,N,0,0,3,3,0,3,4,2,N,N,40 02:34.637,75 00:12.223,1845, ,1833, ,0, , , ,0, , , , , ,247118, , , ,2,1,0,0,0,0,1,0,0,0,0,0,3,3,0,0,0,0,0,0,0,0,0,0,0,0,0,0,0,0,0,0,0,0,0,8,0,40.043,-75.0034, , 
 ,20834,2016112063,6,67,67301,2016,10,1,425,4,3,1,0,7,2, , ,N,0,0,3,3,0,0,1,1,N, ,40 05:57.892,74 59:11.781,432, ,430, ,0, , , ,0, , , , , ,247119, , , ,1,1,0,0,0,0,0,0,0,0,0,0,0,0,0,0,0,0,0,0,0,0,0,1,0,0,0,0,0,0,0,0,0,0,0,0,0,40.0994,-74.9866, , 
 ,20835,2016138239,6,67,67301,2016,12,6,1253,12,1,1,0,4,1, , ,N,1,3,0,3,0,1,3,2,N,N,40 03:56.012,75 10:45.123,1255, ,1253, ,0, ,N, ,3, , , , , ,247131, , , ,2,1,0,0,0,0,1,0,0,0,0,1,1,0,0,0,0,0,0,0,0,1,0,1,0,0,0,0,0,0,0,0,0,0,0,4,0,40.0656,-75.1792, , 
 ,20836,2016119648,6,67,67301,2016,10,5,2210,22,3,1,0,8,1, , ,N,4,2,0,3,0,1,2,2,N, ,39 57:07.268,75 09:45.490,2215, ,2215, ,0, , , ,3, , , , , ,247138, , , ,1,1,0,0,0,0,0,0,0,0,0,0,1,1,0,0,0,0,0,0,0,0,0,1,0,0,0,0,0,0,0,0,1,0,0,8,0,39.952,-75.1626, , 
 ,20837,2016120491,6,67,67301,2016,10,6,2315,23,3,1,0,5,1, , ,N,0,0,0,3,0,0,2,2,N,N,40 01:33.704,75 05:46.834,2320, ,2315,9,1,1,N, ,0,N, , , , ,247150, , , ,2,1,0,0,0,0,0,1,0,0,0,0,0,0,0,0,0,0,0,0,1,0,0,0,0,0,0,0,0,0,0,0,0,0,0,0,0,40.026,-75.0963, , 
 ,20838,2016120536,6,67,67301,2016,10,5,2226,22,3,2,1,4,1, , ,N,1,0,0,3,0,1,2,3,N,N,39 58:26.450,75 09:44.053,2254, ,2247, ,0, ,N, ,0, , , , , ,247151, , , ,3,2,0,0,0,0,0,0,0,0,1,0,1,0,0,0,0,0,0,1,0,0,0,0,0,0,0,0,0,0,0,0,0,0,0,3,0,39.974,-75.1622, , 
 ,20839,2016129462,6,67,67301,2016,11,5,1627,16,1,1,0,8,1, , ,N,0,0,0,3,0,1,3,2,N,N,39 59:19.694,75 07:12.415,1710, ,1702, ,0, ,N, ,0, , , , , ,247197, , , ,1,0,0,0,0,0,1,0,0,0,0,0,1,1,0,0,0,0,0,0,0,0,0,0,0,0,0,0,0,0,0,0,1,0,0,8,0,39.9888,-75.1201, , 
 ,20840,2016138249,6,67,67301,2016,12,4,901,9,1,1,1,4,1, , ,N,1,3,0,3,0,2,2,2,N, ,40 00:50.922,75 04:40.900,940, ,901,1,1,4, , ,3,N, , , , ,247210, , , ,2,0,0,0,0,0,1,1,0,0,0,2,2,0,0,0,0,0,0,0,0,0,0,0,0,0,0,0,0,0,0,0,0,0,0,4,0,40.0141,-75.078, , 
 ,20841,2017007912,6,67,67301,2016,12,6,2310,23,3,1,0,4,1, , ,N,1,3,0,3,0,1,2,2,N, ,39 57:25.138,75 13:09.994,2326, ,2320,9,1,3, , ,3,N, , , , ,247216, , , ,2,1,0,0,0,0,0,1,0,0,0,1,1,0,0,0,0,0,0,0,0,0,0,1,0,0,0,0,0,0,0,0,0,0,0,4,0,39.957,-75.2194, , 
 ,20842,2016135669,6,67,67301,2016,11,1,9999,99,1,1,0,4,1, , ,N,1,2,0,3,0,3,4,2,N,N,39 56:17.059,75 10:06.455,1551, ,1542,3,1,4,N, ,3,N, , , , ,247224, , , ,2,2,0,0,0,0,0,0,0,0,0,2,3,1,0,0,0,0,0,0,1,1,0,1,0,0,0,0,0,0,0,0,0,0,0,4,0,39.9381,-75.1685, , 
 ,20843,2016106694,6,67,67301,2016,10,6,1600,16,1,1,0,5,2, , ,N,0,0,3,3,0,1,3,2,N,N,39 53:33.557,75 11:49.770,1606, ,1600, ,0, , , ,0, , , , , ,240972, , , ,2,2,0,0,0,0,0,0,0,0,1,0,1,0,0,0,0,0,0,0,0,0,0,0,0,0,0,0,0,0,0,0,0,0,0,3,0,39.8927,-75.1972, , 
 ,20844,2016129500,6,67,67301,2016,11,4,9999,99,3,2,1,4,1, , ,N,1,2,0,3,0,1,3,2,N,N,39 58:13.818,75 08:53.306,1915, ,1905, ,0, ,N, ,3, , , , , ,240974, , , ,2,1,0,0,0,0,0,1,0,0,1,0,1,0,0,0,0,0,0,0,1,0,0,0,0,0,0,0,0,0,0,0,0,0,0,3,0,39.9704,-75.1483, , 
N,20845,2016134618,6,67,67301,2016,12,5,1211,12,1,1,0,7,1,1,4,Y,0,8,0,3,0,0,4,2,N,N,39 58:43.081,75 06:35.966,1233,45,1213, ,0, , , ,3, ,Y,N,N,N,240976,N,N,Y,2,2,0,0,0,0,0,0,0,0,0,0,0,0,0,0,0,0,0,0,0,1,0,0,0,0,0,0,0,0,0,0,0,0,0,0,0,39.9786,-75.11, , 
 ,20846,2017005239,6,67,67301,2016,12,2,1755,17,3,1,0,8,1, , ,N,1,2,0,3,0,1,2,2,N,N,40 06:46.663,75 01:22.836,1810, ,1759, ,0, ,N, ,3, , , , , ,240981, , , ,1,0,0,0,0,0,1,0,0,0,0,0,1,1,0,0,0,0,0,0,0,0,0,0,0,0,0,0,0,0,0,0,1,0,0,8,0,40.113,-75.023, , 
 ,20847,2016138268,6,67,67301,2016,12,1,1745,17,3,1,0,4,1, , ,N,2,0,0,3,0,1,2,2,N, ,39 58:06.370,75 10:48.128,1755, ,1755, ,0, ,N, ,0, , , , , ,241013, , , ,1,1,0,0,0,0,0,0,1,0,0,1,1,0,0,0,0,0,0,0,0,0,0,1,0,0,0,0,0,0,0,0,0,0,0,4,0,39.9685,-75.18, , 
 ,20848,2017021398,6,67,67301,2016,8,5,2030,20,3,1,0,1,1, , ,N,0,0,0,3,0,1,2,2,N,N,39 57:00.373,75 09:28.319,0, ,0, ,0, ,N, ,0, , , , , ,241020, , , ,2,2,0,0,0,0,0,0,0,0,1,0,1,0,0,0,0,0,0,0,0,0,0,1,0,0,0,0,0,0,0,0,0,0,0,3,0,39.9501,-75.1579, , 
 ,20849,2016117677,6,67,67301,2016,10,5,1930,19,3,1,0,7,4, , ,N,0,0,0,3,0,1,2,1,N,N,40 07:38.096,75 00:14.284,1940, ,1931, ,0, ,N, ,0, , , , , ,241022, , , ,1,0,0,0,0,0,1,0,0,0,0,1,1,0,0,0,0,0,0,0,0,0,0,0,0,0,0,0,0,0,0,0,0,0,0,4,0,40.1272,-75.004, , 
 ,20850,2016128691,6,67,67301,2016,12,6,1638,16,4,1,0,1,1, , ,N,0,0,0,3,0,0,2,2,N,N,39 54:02.047,75 09:21.939,1650, ,1644, ,0, , , ,0, , , , , ,241034, , , ,2,1,0,0,1,0,0,0,0,0,0,0,0,0,0,0,0,0,0,0,1,0,0,0,0,0,0,0,0,0,0,0,0,0,0,0,0,39.9006,-75.1561, , 
 ,20851,2016132121,6,67,67301,2016,11,3,1744,17,1,2,1,4,1, , ,N,1,3,0,3,0,1,2,2,N,N,40 04:27.566,75 09:57.844,1745, ,1745, ,0, ,N, ,3, , , , , ,241043, , , ,2,0,0,0,0,0,2,0,0,0,0,0,1,1,0,0,0,0,0,0,0,0,0,0,0,0,0,0,0,0,0,0,0,0,0,8,0,40.0743,-75.1661, , 
 ,20852,2016132146,6,67,67301,2016,11,3,1600,16,1,2,1,8,1, , ,N,5,2,0,3,0,1,2,2,N, ,40 03:51.426,75 09:12.794,1857, ,1826, ,0, , , ,3, , , , , ,241054, , , ,1,0,0,0,0,0,1,0,0,0,0,1,1,0,0,0,0,0,0,0,1,0,0,0,0,0,0,0,0,0,0,0,1,0,0,4,0,40.0643,-75.1536, , 
 ,20853,2016120545,6,67,67301,2016,10,2,1510,15,1,1,0,4,1, , ,N,1,2,0,3,0,1,2,2,N,N,39 59:20.627,75 05:22.626,1520, ,1515, ,0, ,N, ,3, , , , , ,241094, , , ,2,1,0,0,0,1,0,0,0,0,0,0,1,1,0,0,0,0,0,0,1,0,0,0,0,0,0,0,0,0,0,0,0,0,0,8,1,39.9891,-75.0896, , 
 ,20854,2016112178,6,67,67301,2016,10,6,1119,11,1,1,0,8,4, , ,N,0,0,7,3,0,1,2,2,N,N,39 57:36.701,75 13:29.348,1120, ,1120, ,0, ,N, ,0, , , , , ,241096, , , ,1,1,0,0,0,0,0,0,0,0,0,1,1,0,0,0,0,0,0,0,1,0,0,0,0,0,0,0,0,0,0,0,1,0,0,4,0,39.9602,-75.2248, , 
 ,20855,2016119184,6,67,67301,2016,10,4,1055,10,1,1,0,8,1, , ,N,1,3,0,3,0,1,2,2,N,N,40 01:36.282,75 08:25.094,1153, ,1143, ,0, ,N, ,3, , , , , ,241114, , , ,1,0,0,1,0,0,0,0,0,0,1,0,1,0,0,0,0,0,0,0,0,0,0,0,0,0,0,0,0,0,0,0,1,0,0,3,1,40.0267,-75.1403, , 
 ,20856,2016099654,6,67,67301,2016,9,2,1845,18,1,1,0,4,1, , ,N,5,2,0,3,0,1,2,2,N, ,40 00:17.776,75 10:43.375,1855, ,1853,2,1,6, , ,3,Y, , , , ,241133, , , ,2,2,0,0,0,0,0,0,0,0,0,1,1,0,0,0,0,0,0,0,0,0,0,0,0,0,0,0,0,0,0,0,0,0,0,4,0,40.0049,-75.1787, , 
 ,20857,2016105848,6,67,67301,2016,9,3,835,8,1,1,0,5,1, , ,N,0,0,0,3,0,2,4,2,N, ,40 02:27.452,75 03:36.057,845, ,837, ,0, , , ,0, , , , , ,241136, , , ,2,1,0,0,0,0,1,0,0,0,0,1,2,1,0,0,0,0,0,0,1,0,0,0,0,0,0,0,0,0,0,0,0,0,0,4,0,40.041,-75.06, , 
 ,20858,2016138194,6,67,67301,2016,12,6,2034,20,3,1,0,4,1, , ,N,1,2,0,3,0,1,4,2,N, ,40 02:43.859,75 05:17.937,2039, ,2036, ,0, , , ,3, , , , , ,241162, , , ,2,1,0,0,1,0,0,0,0,0,0,1,1,0,0,0,0,0,0,0,0,0,0,0,0,0,0,0,0,0,0,0,0,0,0,4,0,40.0455,-75.0883, , 
 ,20859,2016084636,6,67,67301,2016,8,2,1112,11,1,1,0,5,1, , ,N,1,2,3,3,0,1,2,2,N,N,39 57:30.449,75 10:07.568,1125, ,1112, ,0, ,N, ,3, , , , , ,241167, , , ,1,1,0,0,0,0,0,0,1,0,0,1,1,0,0,0,0,0,0,0,0,0,0,0,0,0,0,0,0,0,0,0,0,0,0,4,0,39.9585,-75.1688, , 
 ,20860,2016089956,6,67,67301,2016,8,2,1215,12,1,1,0,4,1, , ,N,1,3,0,3,0,0,2,2,N,N,40 00:29.401,75 09:20.113,1322, ,1314, ,0, , , ,3, , , , , ,241171, , , ,2,2,0,0,0,0,0,0,0,0,0,0,0,0,0,0,0,0,0,0,1,0,0,0,0,0,0,0,0,0,0,0,0,0,0,0,0,40.0082,-75.1556, , 
 ,20861,2016126179,6,67,67301,2016,11,7,133,1,3,1,0,7,4, , ,N,0,0,0,3,0,0,1,1,N,N,39 55:28.600,75 10:17.294,138, ,135, ,0, ,N, ,0, , , , , ,243977, , , ,1,0,0,0,0,0,1,0,0,0,0,0,0,0,1,0,0,0,0,0,0,0,0,1,0,0,0,0,0,0,0,0,0,0,0,9,0,39.9246,-75.1715, , 
 ,20862,2017000998,6,67,67301,2016,12,6,1655,16,3,1,0,7,4, , ,N,0,0,0,3,0,0,1,1,N,N,39 53:18.896,75 13:05.001,1701, ,1701, ,0, , , ,0, , , , , ,243992, , , ,1,1,0,0,0,0,0,0,0,0,0,0,0,0,0,0,0,0,0,0,0,0,0,0,0,0,0,0,0,0,0,0,0,0,0,0,0,39.8886,-75.2181, , 
 ,20863,2016097690,6,67,67301,2016,9,5,2045,20,3,1,0,4,1, , ,N,1,2,0,3,0,0,5,2,N, ,40 05:40.718,75 00:54.707,2050, ,2045,9,1,4, , ,3,N, , , , ,243994, , , ,2,1,0,0,0,0,1,0,0,0,0,0,0,0,0,0,0,0,0,0,2,0,0,0,0,0,0,0,0,0,0,0,0,0,0,0,0,40.0946,-75.0152, , 