wz_ln_closure,objectid_1,crn,district,county,municipality,crash_year,crash_month,day_of_week,time_of_day,hour_of_day,illumination,weather,road_condition,collision_type,relation_to_road,work_zone_type,work_zone_loc,work_zone_ind,intersect_type,tcd_type,location_type,urban_rural,fatal_count,injury_count,person_count,total_units,sch_bus_ind,sch_zone_ind,latitude,longitude,arrival_tm,cons_zone_spd_lim,dispatch_tm,est_hrs_closed,lane_closed,ln_close_dir,ntfy_hiwy_maint,spec_juris_cd,tcd_func_cd,tfc_detour_ind,workers_pres,wz_close_detour,wz_flagger,wz_law_offcr_ind,objectid,wz_moving,wz_other,wz_shlder_mdn,vehicle_count,automobile_count,motorcycle_count,bus_count,small_truck_count,heavy_truck_count,suv_count,van_count,bicycle_count,maj_inj_count,mod_inj_count,min_inj_count,tot_inj_count,unk_inj_deg_count,unk_inj_per_count,driver_count_16yr,driver_count_17yr,driver_count_18yr,driver_count_19yr,driver_count_20yr,driver_count_50_64yr,driver_count_65_74yr,driver_count_75plus,unbelted_occ_count,unb_death_count,unb_maj_inj_count,belted_death_count,belted_maj_inj_count,mcycle_death_count,mcycle_maj_inj_count,bicycle_death_count,bicycle_maj_inj_count,ped_count,ped_death_count,ped_maj_inj_count,max_severity_level,comm_veh_count,dec_lat,dec_long,rdwy_surf_type_cd,county_name
 ,20864,2017012369,6,67,67301,2016,12,7,915,9,1,4,4,7,4, , ,N,7,0,0,3,0,1,1,1,N,N,39 53:35.807,75 13:53.874,942, ,915,1,1,2, , ,0,N, , , , ,244005, , , ,1,1,0,0,0,0,0,0,0,0,0,0,1,1,0,0,0,0,0,0,0,0,0,0,0,0,0,0,0,0,0,0,0,0,0,8,0,39.8933,-75.2316, , 
 ,20865,2016136081,6,67,67301,2016,11,6,1418,14,1,1,0,1,1, , ,N,0,0,0,3,0,2,4,2,N,N,39 56:15.991,75 11:53.700,1434, ,1418,2,1,4, , ,0,N, , , , ,244014, , , ,2,1,0,0,0,1,0,0,0,0,2,0,2,0,0,0,0,0,0,0,0,0,0,1,0,0,0,0,0,0,0,0,0,0,0,3,1,39.9378,-75.1983, , 
 ,20866,2017016399,6,67,67301,2016,3,6,1330,13,1,1,0,1,1, , ,N,1,2,0,3,0,1,3,3,N,N,39 55:20.731,75 13:23.335,0, ,0, ,0, ,N, ,3, , , , , ,244029, , , ,3,0,0,0,0,0,0,0,0,0,0,0,1,1,2,0,0,0,0,0,0,0,0,0,0,0,0,0,0,0,0,0,0,0,0,8,0,39.9224,-75.2232, , 
N,20867,2017001769,6,67,67301,2016,12,2,831,8,1,2,1,1,1,1,4,Y,0,0,0,3,0,1,3,3,N,N,39 58:02.966,75 07:57.247,903,45,849, ,0, , , ,0, ,N,N,N,N,244031,N,N,Y,3,2,0,0,0,0,1,0,0,0,1,0,1,0,1,0,0,0,0,0,2,0,0,0,0,0,0,0,0,0,0,0,0,0,0,3,0,39.9675,-75.1326, , 
 ,20868,2017005772,6,67,67301,2016,12,3,730,7,3,1,0,5,6, , ,N,0,0,0,3,0,0,1,2,N,N,40 01:49.144,75 08:27.852,730, ,730, ,0, , , ,0, , , , , ,244033, , , ,2,0,0,0,0,0,1,1,0,0,0,0,0,0,0,0,0,0,0,0,0,0,0,0,0,0,0,0,0,0,0,0,0,0,0,0,0,40.0303,-75.1411, , 
 ,20869,2017019528,6,67,67301,2016,6,3,825,8,1,1,0,4,1, , ,N,1,2,0,3,0,1,2,2,N,N,39 59:31.730,75 05:57.398,0, ,0, ,0, ,N, ,3, , , , , ,244035, , , ,2,1,0,0,0,0,0,0,0,0,1,0,1,0,0,0,1,0,0,0,0,0,0,0,0,0,0,0,0,0,0,0,0,0,0,3,0,39.9921,-75.0993, , 
 ,20870,2016124427,6,67,67301,2016,10,4,1047,10,1,1,0,1,1, , ,N,0,0,0,3,0,0,4,3,N,N,40 03:27.436,75 13:59.901,1050, ,1047, ,0, ,N, ,0, , , , , ,244038, , , ,3,1,0,0,0,0,2,0,0,0,0,0,0,0,3,0,0,0,0,0,0,2,0,0,0,0,0,0,0,0,0,0,0,0,0,9,0,40.0576,-75.2333, , 
 ,20871,2016138168,6,67,67301,2016,11,3,1355,13,8,2,1,8,1, , ,N,0,0,0,3,0,1,2,2,N, ,39 59:47.839,75 08:21.220,1515, ,1458, ,0, , , ,0, , , , , ,244042, , , ,1,1,0,0,0,0,0,0,0,0,1,0,1,0,1,0,0,0,0,0,0,0,0,0,0,0,0,0,0,0,0,0,1,0,0,3,0,39.9966,-75.1392, , 
 ,20872,2016126073,6,67,67301,2016,11,3,657,6,1,1,0,4,1, , ,N,2,3,0,3,0,2,3,2,N,N,40 03:25.660,75 04:17.727,705, ,657,1,2,5,N, ,3,Y, , , , ,244048, , , ,2,1,0,0,0,0,1,0,0,0,0,2,2,0,0,0,0,0,0,0,0,0,0,0,0,0,0,0,0,0,0,0,0,0,0,4,0,40.0571,-75.0716, , 
 ,20873,2017005750,6,67,67301,2016,12,2,857,8,1,1,0,5,1, , ,N,0,0,0,3,0,1,2,2,N,N,39 56:10.651,75 09:29.681,930, ,921, ,0, ,N, ,0, , , , , ,244055, , , ,1,0,0,1,0,0,0,0,1,0,1,0,1,0,0,0,0,0,0,0,1,0,0,0,0,0,0,0,0,0,0,0,0,0,0,3,1,39.9363,-75.1582, , 
 ,20874,2017007938,6,67,67301,2016,12,4,1755,17,3,1,0,4,1, , ,N,1,0,0,3,0,1,3,2,N,N,39 57:01.659,75 14:20.864,1806, ,1802,1,1,1,N, ,0,N, , , , ,244119, , , ,2,2,0,0,0,0,0,0,0,0,0,1,1,0,0,0,0,0,0,0,0,0,0,0,0,0,0,0,0,0,0,0,0,0,0,4,0,39.9505,-75.2391, , 
 ,20875,2017021946,6,67,67301,2016,9,5,200,2,3,1,0,4,1, , ,N,3,3,0,3,0,2,3,2,N,N,39 58:25.000,75 11:13.000,0, ,0, ,0, ,N, ,3, , , , , ,244121, , , ,2,1,0,0,0,0,0,0,0,0,0,0,2,2,0,0,0,0,0,0,0,0,0,0,0,0,0,0,0,0,0,0,0,0,0,8,0,39.9736,-75.1869, , 
 ,20876,2016124416,6,67,67301,2016,10,1,2315,23,3,1,0,8,1, , ,N,0,0,0,3,0,1,2,2,N,N,39 56:54.470,75 09:43.830,2330, ,2327, ,0, ,N, ,0, , , , , ,244136, , , ,1,1,0,0,0,0,0,0,0,0,0,1,1,0,0,0,0,0,0,0,1,0,0,0,0,0,0,0,0,0,0,0,1,0,0,4,0,39.9485,-75.1622, , 
 ,20877,2016129976,6,67,67301,2016,1,2,1355,13,1,1,0,5,1, , ,N,0,0,0,3,0,1,2,2,N,N,40 03:31.057,75 02:39.475,1500, ,1450,1,1,1,N, ,0,N, , , , ,244138, , , ,2,2,0,0,0,0,0,0,0,0,1,0,1,0,0,0,0,0,0,0,0,1,0,1,0,0,0,0,0,0,0,0,0,0,0,3,0,40.0586,-75.0443, , 
 ,20878,2016126195,6,67,67301,2016,11,6,2055,20,3,1,0,8,1, , ,N,1,3,0,3,0,1,2,2,N,N,39 58:43.978,75 14:26.933,2100, ,2058, ,0, , , ,3, , , , , ,244140, , , ,1,1,0,0,0,0,0,0,0,0,1,0,1,0,0,0,0,0,0,0,0,1,0,1,0,0,0,0,0,0,0,0,1,0,0,3,0,39.9789,-75.2408, , 
 ,20879,2016129292,6,67,67301,2016,11,5,920,9,1,1,0,5,1, , ,N,0,0,0,3,0,2,5,2,N, ,40 03:46.156,75 02:33.867,924, ,924,1,1,2, , ,0,N, , , , ,244145, , , ,2,1,0,0,1,0,0,0,0,0,0,1,2,1,0,0,1,0,0,0,1,0,0,0,0,0,0,0,0,0,0,0,0,0,0,4,0,40.0628,-75.0427, , 
 ,20880,2016113670,6,67,67301,2016,11,3,740,7,1,1,0,8,1, , ,N,2,2,0,3,0,1,2,2,N,N,39 56:51.950,75 11:38.020,740, ,740, ,0, ,N, ,3, , , , , ,250024, , , ,1,1,0,0,0,0,0,0,0,0,0,0,1,1,0,0,0,0,0,0,0,0,0,0,0,0,0,0,0,0,0,0,1,0,0,8,0,39.9478,-75.1939, , 
 ,20881,2016112110,6,67,67301,2016,10,4,1953,19,3,1,0,4,1, , ,N,1,2,0,3,0,0,2,2,N, ,39 58:52.612,75 11:19.251,2002, ,1959,1,2,7, , ,3,N, , , , ,250042, , , ,2,1,0,0,0,0,0,1,0,0,0,0,0,0,0,0,0,0,0,0,0,0,1,1,0,0,0,0,0,0,0,0,0,0,0,0,0,39.9814,-75.1887, , 
 ,20882,2016126109,6,67,67301,2016,11,4,1203,12,1,2,1,8,1, , ,N,1,2,0,3,0,1,2,2,N,N,39 56:54.247,75 09:58.366,1206, ,1203, ,0, ,N, ,3, , , , , ,250047, , , ,1,1,0,0,0,0,0,0,0,0,1,0,1,0,0,0,0,0,0,0,1,0,0,0,0,0,0,0,0,0,0,0,1,0,0,3,0,39.9484,-75.1662, , 
 ,20883,2016117777,6,67,67301,2016,10,7,1115,11,1,2,1,6,6, , ,N,0,0,0,3,0,0,1,2,N,N,40 00:42.597,75 05:51.897,1118, ,1116,3,2,5, , ,0,Y, , , , ,250090, , , ,2,0,0,0,0,0,1,1,0,0,0,0,0,0,1,0,0,0,0,0,0,0,0,0,0,0,0,0,0,0,0,0,0,0,0,9,0,40.0118,-75.0977, , 
 ,20884,2016129511,6,67,67301,2016,11,5,1221,12,1,1,0,4,1, , ,N,5,3,0,3,0,2,2,2,N,N,40 00:19.389,75 08:45.272,1307, ,1236,2,1,4, , ,3,N, , , , ,250092, , , ,2,0,0,0,0,0,2,0,0,0,1,1,2,0,0,0,0,0,0,0,0,0,0,0,0,0,0,0,0,0,0,0,0,0,0,3,0,40.0054,-75.1459, , 
 ,20885,2016135712,6,67,67301,2016,12,3,914,9,1,1,0,8,1, , ,N,2,0,0,3,0,1,2,2,N,N,40 02:12.345,75 10:32.216,930, ,922, ,0, ,N, ,0, , , , , ,250103, , , ,1,0,0,0,1,0,0,0,0,0,0,0,1,1,1,0,0,0,0,0,0,0,0,0,0,0,0,0,0,0,0,0,1,0,0,8,0,40.0368,-75.1756, , 
 ,20886,2017005185,6,67,67301,2016,12,7,700,7,1,1,0,6,1, , ,N,0,0,0,3,0,1,2,3,N,N,39 59:48.678,75 06:11.797,826, ,821, ,0, ,N, ,0, , , , , ,250105, , , ,3,0,0,0,0,1,2,0,0,0,0,1,1,0,0,0,0,0,0,0,0,0,0,0,0,0,0,0,0,0,0,0,0,0,0,4,1,39.9969,-75.1033, , 
 ,20887,2016126078,6,67,67301,2016,11,4,850,8,1,2,1,1,1, , ,N,0,0,0,3,0,1,3,2,N,N,40 01:31.575,75 07:25.180,858, ,855,1,1,1,N, ,0,N, , , , ,250111, , , ,2,1,0,0,0,0,1,0,0,0,0,0,1,1,0,0,0,0,0,0,0,1,0,0,0,0,0,0,0,0,0,0,0,0,0,8,0,40.0254,-75.1237, , 
 ,20888,2017007948,6,67,67301,2016,12,3,1800,18,3,1,0,4,1, , ,N,1,2,0,3,0,1,2,2,N, ,39 59:17.890,75 15:14.288,1840, ,1835, ,0, ,N, ,3, , , , , ,250120, , , ,2,1,0,0,0,0,1,0,0,0,0,0,1,1,0,0,0,0,0,0,2,0,0,0,0,0,0,0,0,0,0,0,0,0,0,8,0,39.9883,-75.254, , 
 ,20889,2017016488,6,67,67301,2016,4,7,1745,17,1,1,0,1,1, , ,N,1,2,0,3,0,1,3,3,N,N,39 58:57.266,75 13:50.685,0, ,0, ,0, ,N, ,3, , , , , ,250121, , , ,3,0,0,0,0,0,1,0,0,0,1,0,1,0,0,0,0,0,0,0,0,0,0,0,0,0,0,0,0,0,0,0,0,0,0,3,0,39.9826,-75.2307, , 
 ,20890,2016062635,6,67,67301,2016,5,5,716,7,1,1,0,6,1, , ,N,0,0,0,3,0,0,2,3,N,N,40 02:07.419,75 07:20.630,835, ,828, ,0, ,N, ,0, , , , , ,250124, , , ,3,1,0,0,0,0,2,0,0,0,0,0,0,0,0,0,0,0,0,0,0,0,0,0,0,0,0,0,0,0,0,0,0,0,0,0,0,40.0354,-75.1224, , 
 ,20891,2016132138,6,67,67301,2016,11,2,810,8,1,1,0,4,1, , ,N,1,2,0,3,0,0,2,2,N,N,39 56:18.900,75 11:54.432,940, ,904, ,0, ,N, ,3, , , , , ,250132, , , ,2,2,0,0,0,0,0,0,0,0,0,0,0,0,1,0,0,0,0,0,0,0,0,0,0,0,0,0,0,0,0,0,0,0,0,9,0,39.9386,-75.1985, , 
 ,20892,2016137928,6,67,67301,2016,12,4,44,0,3,1,0,4,6, , ,N,0,0,0,3,0,1,1,3,N,N,39 57:15.576,75 12:15.116,45, ,44,1,2,4,N, ,0,N, , , , ,250143, , , ,3,3,0,0,0,0,0,0,0,0,0,0,1,1,0,0,0,0,0,0,1,0,0,1,0,0,0,0,0,0,0,0,0,0,0,8,0,39.9543,-75.2042, , 
 ,20893,2016097638,6,67,67301,2016,8,7,1512,15,1,1,0,1,1, , ,N,1,2,0,3,0,2,4,2,N,N,40 01:41.801,75 07:12.241,1623, ,1610, ,0, ,N, ,3, , , , , ,250172, , , ,2,1,0,0,0,0,1,0,0,0,0,2,2,0,0,0,0,0,0,0,1,0,0,3,0,0,0,0,0,0,0,0,0,0,0,4,0,40.0283,-75.1201, , 
 ,20894,2016097178,6,67,67301,2016,8,6,1720,17,1,1,0,1,1, , ,N,0,2,0,3,0,1,3,3,N,N,40 03:02.459,74 59:11.886,1753, ,1743,1,1,2,N, ,3,N, , , , ,250174, , , ,3,2,0,0,0,0,1,0,0,0,0,1,1,0,0,0,0,1,0,0,0,0,0,0,0,0,0,0,0,0,0,0,0,0,0,4,0,40.0507,-74.9866, , 
 ,20895,2016132213,6,67,67301,2016,11,4,1245,12,1,1,0,8,1, , ,N,0,0,0,3,0,1,3,2,N, ,39 59:07.898,75 09:45.717,1355, ,1355, ,0, , , ,0, , , , , ,250211, , , ,1,0,0,0,0,0,1,0,0,0,0,1,1,0,0,0,0,0,0,0,0,0,0,0,0,0,0,0,0,0,0,0,1,0,0,4,0,39.9855,-75.1627, , 
 ,20896,2016135687,6,67,67301,2016,12,4,720,7,1,8,1,8,1, , ,N,0,0,0,3,0,1,2,2,N,N,40 01:53.914,75 07:48.482,940, ,933, ,0, , , ,0, , , , , ,250222, , , ,1,1,0,0,0,0,0,0,0,0,1,0,1,0,1,0,0,0,0,0,0,0,0,0,0,0,0,0,0,0,0,0,1,0,0,3,0,40.0316,-75.1301, , 
 ,20897,2017003655,6,67,67301,2016,12,6,1218,12,1,1,0,5,1, , ,N,0,0,0,3,0,0,2,2,N,N,39 59:55.932,75 10:00.361,1225, ,1220, ,0, ,N, ,0, , , , , ,250243, , , ,2,1,0,0,0,0,1,0,0,0,0,0,0,0,0,0,0,0,0,0,1,0,0,0,0,0,0,0,0,0,0,0,0,0,0,0,0,39.9989,-75.1668, , 
 ,20898,2016117148,6,67,67301,2016,10,7,1700,17,1,1,0,5,6, , ,N,0,0,0,3,0,1,1,3,N,N,39 58:11.326,75 10:04.533,1725, ,1718, ,0, ,N, ,0, , , , , ,247260, , , ,3,1,0,0,0,1,1,0,0,0,1,0,1,0,0,0,0,0,0,0,0,0,0,0,0,0,0,0,0,0,0,0,0,0,0,3,1,39.9698,-75.1679, , 
 ,20899,2016133060,6,67,67301,2016,12,5,1323,13,1,1,0,4,1, , ,N,1,2,0,3,0,1,3,3,N,N,40 01:43.905,75 06:21.601,1332, ,1325,2,1,1,N, ,3,N, , , , ,247267, , , ,3,1,0,0,0,1,1,0,0,0,1,0,1,0,0,0,0,0,0,0,0,0,0,0,0,0,0,0,0,0,0,0,0,0,0,3,1,40.0289,-75.106, , 
 ,20900,2016135804,6,67,67301,2016,11,3,1907,19,3,2,1,4,1, , ,N,1,3,0,3,0,1,2,2,N,N,40 02:05.654,75 03:44.679,2003, ,2003, ,0, ,N, ,3, , , , , ,247271, , , ,2,1,0,0,0,0,1,0,0,0,0,0,1,1,0,0,0,0,0,0,0,0,0,0,0,0,0,0,0,0,0,0,0,0,0,8,0,40.0349,-75.0624, , 
 ,20901,2016129273,6,67,67301,2016,11,4,1508,15,1,1,0,7,4, , ,N,0,0,0,3,0,1,1,1,N, ,39 53:03.293,75 13:20.343,1605, ,1558, ,0, , , ,0, , , , , ,247272, , , ,1,1,0,0,0,0,0,0,0,0,0,0,1,1,0,0,0,0,0,0,0,0,0,0,0,0,0,0,0,0,0,0,0,0,0,8,0,39.8842,-75.2223, , 
 ,20902,2016129432,6,67,67301,2016,11,1,0,0,3,1,0,4,1, , ,N,1,3,0,3,0,0,5,5,N,N,39 57:03.654,75 13:29.060,40, ,20, ,0, ,N, ,3, , , , , ,247275, , , ,5,4,0,0,0,0,1,0,0,0,0,0,0,0,1,0,0,0,0,0,0,0,0,1,0,0,0,0,0,0,0,0,0,0,0,9,0,39.951,-75.2247, , 
 ,20903,2017001636,6,67,67301,2016,12,7,1112,11,1,4,4,8,1, , ,N,0,0,0,3,0,1,2,2,N,N,40 03:06.827,75 10:46.408,1118, ,1113, ,0, ,N, ,0, , , , , ,247282, , , ,1,0,0,0,0,0,1,0,0,0,0,0,1,1,0,0,0,0,0,0,0,0,0,0,0,0,0,0,0,0,0,0,1,0,0,8,0,40.0519,-75.1796, , 
 ,20904,2017003701,6,67,67301,2016,12,4,655,6,5,1,0,4,1, , ,N,1,2,0,3,0,2,5,2,N, ,40 03:34.205,75 04:49.964,715, ,703, ,0, , , ,3, , , , , ,247284, , , ,2,1,0,1,0,0,0,0,0,0,0,0,2,2,0,0,0,0,0,0,0,0,0,0,0,0,0,0,0,0,0,0,0,0,0,8,1,40.0595,-75.0805, , 
 ,20905,2017007846,6,67,67301,2016,12,5,1705,17,3,1,0,1,1, , ,N,1,2,0,3,0,1,2,2,N,N,39 57:08.787,75 14:34.029,1740, ,1735, ,0, ,N, ,3, , , , , ,247286, , , ,2,0,0,0,0,0,1,1,0,0,0,0,1,1,0,0,0,0,0,0,0,0,0,1,0,0,0,0,0,0,0,0,0,0,0,8,0,39.9524,-75.2428, , 
 ,20906,2016120571,6,67,67301,2016,10,5,843,8,1,2,1,4,1, , ,N,1,2,0,3,0,2,2,2,N,N,40 01:50.524,75 03:42.293,900, ,854, ,0, ,N, ,3, , , , , ,247288, , , ,2,2,0,0,0,0,0,0,0,0,1,0,2,1,0,0,0,0,0,0,0,0,0,0,0,0,0,0,0,0,0,0,0,0,0,3,0,40.0307,-75.0617, , 
 ,20907,2016129559,6,67,67301,2016,11,2,730,7,1,1,0,4,1, , ,N,2,3,0,3,0,1,2,3,N, ,40 02:29.954,75 07:35.057,830, ,823,3,2,7,N, ,3,Y, , , , ,247309, , , ,3,2,0,0,0,0,0,1,0,0,0,0,1,1,0,0,0,0,0,0,0,0,0,0,0,0,0,0,0,0,0,0,0,0,0,8,0,40.0417,-75.1264, , 
 ,20908,2016129492,6,67,67301,2016,11,5,915,9,1,1,0,8,1, , ,N,1,2,0,3,0,1,2,2,N, ,39 57:20.808,75 09:32.558,924, ,919, ,0, , , ,3, , , , , ,247358, , , ,1,1,0,0,0,0,0,0,0,0,0,0,1,1,0,0,0,0,0,0,0,0,0,0,0,0,0,0,0,0,0,0,1,0,0,8,0,39.9558,-75.159, , 
 ,20909,2016105601,6,67,67301,2016,9,6,111,1,3,1,0,1,1, , ,N,0,0,0,3,0,1,2,2,N,N,40 01:10.763,75 08:52.091,121, ,116,1,1,2,N, ,0,N, , , , ,247373, , , ,2,2,0,0,0,0,0,0,0,0,1,0,1,0,0,0,0,0,0,0,0,0,0,0,0,0,0,0,0,0,0,0,0,0,0,3,0,40.0197,-75.1478, , 
 ,20910,2016129314,6,67,67301,2016,11,5,2136,21,3,1,0,4,1, , ,N,1,2,0,3,0,1,3,2,N,N,39 59:39.070,75 06:41.033,2138, ,2136, ,0, ,N, ,3, , , , , ,247400, , , ,2,2,0,0,0,0,0,0,0,0,0,0,1,1,0,0,0,0,0,1,0,0,0,0,0,0,0,0,0,0,0,0,0,0,0,8,0,39.9942,-75.1114, , 
 ,20911,2017003623,6,67,67301,2016,12,3,635,6,1,1,0,4,1, , ,N,0,0,7,3,0,1,2,2,N, ,39 56:21.434,75 11:53.564,642, ,637, ,0, , , ,0, , , , , ,247419, , , ,2,1,0,0,1,0,0,0,0,0,1,0,1,0,0,0,0,0,0,0,0,0,0,0,0,0,0,0,0,0,0,0,0,0,0,3,0,39.9393,-75.1982, , 
 ,20912,2017005217,6,67,67301,2016,12,6,1003,10,1,1,0,4,1, , ,N,1,2,0,3,0,1,2,2,N,N,40 05:41.833,75 00:55.566,1007, ,1004,1,1,2,N, ,3,N, , , , ,247421, , , ,2,1,0,0,0,0,1,0,0,0,1,0,1,0,0,0,0,0,0,1,0,0,0,0,0,0,0,0,0,0,0,0,0,0,0,3,0,40.095,-75.0154, , 
 ,20913,2016126136,6,67,67301,2016,11,5,811,8,1,1,0,4,1, , ,N,1,3,0,3,0,2,4,2,N,N,40 00:59.839,75 05:10.881,822, ,820, ,0, ,N, ,3, , , , , ,247435, , , ,2,2,0,0,0,0,0,0,0,0,0,2,2,0,1,0,0,0,0,0,1,0,0,0,0,0,0,0,0,0,0,0,0,0,0,4,0,40.0166,-75.0864, , 
 ,20914,2017002076,6,67,67301,2016,12,6,845,8,1,1,0,4,1, , ,N,1,3,0,3,0,1,2,2,N,N,39 55:58.990,75 09:32.882,852, ,850, ,0, ,N, ,3, , , , , ,247466, , , ,1,0,0,0,0,0,1,0,1,0,0,1,1,0,0,0,0,0,0,0,0,0,0,0,0,0,0,0,0,0,0,0,0,0,0,4,0,39.9331,-75.1591, , 
 ,20915,2016129437,6,67,67301,2016,11,3,2115,21,3,1,0,1,1, , ,N,0,0,0,3,0,0,3,2,N,N,40 03:47.809,75 02:32.444,2128, ,2121,3,2,1,N, ,0,N, , , , ,247489, , , ,2,2,0,0,0,0,0,0,0,0,0,0,0,0,0,0,0,0,0,0,0,0,0,0,0,0,0,0,0,0,0,0,0,0,0,0,0,40.0633,-75.0423, , 
 ,20916,2016129542,6,67,67301,2016,11,1,1105,11,1,1,0,8,6, , ,N,0,0,0,3,0,1,2,2,N, ,40 02:41.218,75 05:19.280,9999, ,1215, ,0, , , ,0, , , , , ,241192, , , ,1,1,0,0,0,0,0,0,0,0,0,1,1,0,0,0,0,0,0,0,0,0,0,1,0,0,0,0,0,0,0,0,1,0,0,4,0,40.0448,-75.0887, , 
 ,20917,2016135847,6,67,67301,2016,11,3,625,6,5,2,1,4,1, , ,N,3,3,0,3,0,0,2,2,N, ,40 01:56.755,75 11:15.640,9999, ,9999, ,0, , , ,3, , , , , ,241196, , , ,2,2,0,0,0,0,0,0,0,0,0,0,0,0,1,0,0,0,0,0,0,0,0,0,0,0,0,0,0,0,0,0,0,0,0,9,0,40.0324,-75.1877, , 
 ,20918,2016120603,6,67,67301,2016,10,5,9999,99,2,2,1,6,1, , ,N,0,0,0,3,0,0,2,2,N,N,39 58:52.590,75 12:30.281,1827, ,1807, ,0, ,N, ,0, , , , , ,241211, , , ,2,1,0,0,0,0,1,0,0,0,0,0,0,0,0,0,0,0,0,0,1,0,0,0,0,0,0,0,0,0,0,0,0,0,0,0,0,39.9813,-75.2084, , 
 ,20919,2017002081,6,67,67301,2016,12,3,1653,16,3,1,0,4,1, , ,N,1,2,0,3,0,2,6,2,N,N,39 57:12.138,75 10:17.638,1700, ,1655,9,1,2,N, ,3,N, , , , ,241214, , , ,2,0,0,1,0,0,1,0,0,0,2,0,2,0,0,0,0,0,0,0,0,0,0,0,0,0,0,0,0,0,0,0,0,0,0,3,1,39.9534,-75.1716, , 
 ,20920,2017000623,6,67,67301,2016,12,6,1655,16,3,1,0,4,1, , ,N,2,2,0,3,0,0,2,2,N,N,40 06:15.684,75 03:06.570,1700, ,1655, ,0, , , ,3, , , , , ,241215, , , ,2,2,0,0,0,0,0,0,0,0,0,0,0,0,0,0,0,0,0,0,0,1,0,1,0,0,0,0,0,0,0,0,0,0,0,0,0,40.1044,-75.0518, , 
 ,20921,2016105599,6,67,67301,2016,9,5,1340,13,1,1,0,1,1, , ,N,0,0,0,3,2,1,3,2,N, ,40 02:35.967,75 06:47.581,1357, ,1352,9,2,5, ,0,0,Y, , , , ,241225, , , ,2,0,0,0,0,0,2,0,0,0,0,0,1,1,0,0,1,0,0,0,0,0,0,0,0,0,0,0,0,0,0,0,0,0,0,1,0,40.0433,-75.1132,2, 
 ,20922,2016136054,6,67,67301,2016,10,4,917,9,1,1,0,0,1, , ,N,0,0,0,3,0,1,1,1,N,N,39 55:47.065,75 08:45.462,928, ,919, ,0, , , ,0, , , , , ,241246, , , ,1,0,1,0,0,0,0,0,0,0,1,0,1,0,0,0,0,0,0,0,0,0,0,0,0,0,0,0,0,0,0,0,0,0,0,3,0,39.9297,-75.146, , 
 ,20923,2016135666,6,67,67301,2016,12,2,700,7,5,2,1,4,1, , ,N,2,3,0,3,0,1,2,2,N,N,39 59:35.577,75 05:35.812,721, ,718, ,0, ,N, ,3, , , , , ,241251, , , ,2,2,0,0,0,0,0,0,0,0,0,1,1,0,0,0,0,0,0,0,0,0,0,0,0,0,0,0,0,0,0,0,0,0,0,4,0,39.9932,-75.0933, , 
 ,20924,2016114268,6,67,67301,2016,10,5,2119,21,3,1,0,8,1, , ,N,0,0,0,3,0,1,2,2,N,N,40 04:27.758,75 04:27.745,2124, ,2119, ,0, ,N, ,0, , , , , ,241262, , , ,1,1,0,0,0,0,0,0,0,0,0,0,1,1,0,0,0,0,0,0,0,0,0,1,0,0,0,0,0,0,0,0,1,0,0,8,0,40.0744,-75.0744, , 
 ,20925,2016092171,6,67,67301,2016,8,5,9999,99,1,1,0,4,1, , ,N,1,2,0,3,0,1,3,2,N,N,40 01:12.877,75 06:50.707,1919, ,1918, ,0, ,N, ,3, , , , , ,241271, , , ,2,1,0,0,0,0,1,0,0,0,0,1,1,0,1,0,0,0,0,1,0,0,0,0,0,0,0,0,0,0,0,0,0,0,0,4,0,40.0202,-75.1141, , 
 ,20926,2016126115,6,67,67301,2016,11,1,1149,11,1,1,0,1,1, , ,N,1,2,0,3,0,4,8,3,N, ,40 00:30.567,75 05:29.407,1155, ,1155, ,0, , , ,3, , , , , ,241272, , , ,3,2,0,0,0,0,1,0,0,0,0,0,4,4,0,0,0,0,0,0,1,0,0,0,0,0,0,0,0,0,0,0,0,0,0,8,0,40.0085,-75.0915, , 
 ,20927,2016119152,6,67,67301,2016,10,5,1750,17,1,1,0,8,1, , ,N,2,0,0,3,0,1,2,2,N,N,40 02:26.426,75 02:32.809,1901, ,1852, ,0, ,N, ,0, , , , , ,241307, , , ,1,0,0,0,0,0,1,0,0,0,0,1,1,0,0,0,0,0,0,0,0,1,0,1,0,0,0,0,0,0,0,0,1,0,0,4,0,40.0407,-75.0424, , 
 ,20928,2016099189,6,67,67301,2016,9,5,1430,14,1,1,0,1,1, , ,N,0,0,0,3,0,3,5,2,N,N,40 00:21.344,75 04:29.868,1508, ,1430, ,0, , , ,0, , , , , ,241327, , , ,2,1,0,0,0,0,1,0,0,0,3,0,3,0,0,0,0,0,0,0,0,0,0,0,0,0,0,0,0,0,0,0,0,0,0,3,0,40.0059,-75.075, , 
 ,20929,2016117702,6,67,67301,2016,10,6,1620,16,1,1,0,4,1, , ,N,0,0,7,3,0,0,2,2,N,N,39 57:09.753,75 09:23.245,1630, ,1620, ,0, ,N, ,0, , , , , ,241337, , , ,2,1,0,1,0,0,0,0,0,0,0,0,0,0,0,0,0,0,0,0,1,0,0,1,0,0,0,0,0,0,0,0,0,0,0,0,1,39.9527,-75.1565, , 
 ,20930,2016124082,6,67,67301,2016,11,7,2110,21,3,1,0,1,1, , ,N,0,0,0,3,0,3,5,2,N,N,40 03:49.468,75 02:32.397,2120, ,2114,1,2,2,N, ,0,N, , , , ,241353, , , ,2,0,0,0,0,0,2,0,0,0,3,0,3,0,0,0,0,0,0,0,0,0,0,0,0,0,0,0,0,0,0,0,0,0,0,3,0,40.0637,-75.0423, , 