wz_ln_closure,objectid_1,crn,district,county,municipality,crash_year,crash_month,day_of_week,time_of_day,hour_of_day,illumination,weather,road_condition,collision_type,relation_to_road,work_zone_type,work_zone_loc,work_zone_ind,intersect_type,tcd_type,location_type,urban_rural,fatal_count,injury_count,person_count,total_units,sch_bus_ind,sch_zone_ind,latitude,longitude,arrival_tm,cons_zone_spd_lim,dispatch_tm,est_hrs_closed,lane_closed,ln_close_dir,ntfy_hiwy_maint,spec_juris_cd,tcd_func_cd,tfc_detour_ind,workers_pres,wz_close_detour,wz_flagger,wz_law_offcr_ind,objectid,wz_moving,wz_other,wz_shlder_mdn,vehicle_count,automobile_count,motorcycle_count,bus_count,small_truck_count,heavy_truck_count,suv_count,van_count,bicycle_count,maj_inj_count,mod_inj_count,min_inj_count,tot_inj_count,unk_inj_deg_count,unk_inj_per_count,driver_count_16yr,driver_count_17yr,driver_count_18yr,driver_count_19yr,driver_count_20yr,driver_count_50_64yr,driver_count_65_74yr,driver_count_75plus,unbelted_occ_count,unb_death_count,unb_maj_inj_count,belted_death_count,belted_maj_inj_count,mcycle_death_count,mcycle_maj_inj_count,bicycle_death_count,bicycle_maj_inj_count,ped_count,ped_death_count,ped_maj_inj_count,max_severity_level,comm_veh_count,dec_lat,dec_long,rdwy_surf_type_cd,county_name
 ,20931,2016135767,6,67,67301,2016,11,4,1430,14,1,2,1,1,1, , ,N,1,2,0,3,0,0,3,3,N,N,40 00:20.692,75 05:56.577,1430, ,1430, ,0, ,N, ,3, , , , , ,241356, , , ,3,2,0,0,0,0,1,0,0,0,0,0,0,0,0,0,0,0,0,0,0,0,0,0,0,0,0,0,0,0,0,0,0,0,0,0,0,40.0057,-75.099, , 
 ,20932,2016096642,6,67,67301,2016,8,3,755,7,1,7,0,1,1, , ,N,1,2,3,3,0,1,2,2,Y,N,40 01:11.208,75 09:02.246,820, ,759, ,0, ,N, ,3, , , , , ,241386, , , ,2,1,0,1,0,0,0,0,0,0,0,1,1,0,0,0,0,0,0,0,2,0,0,0,0,0,0,0,0,0,0,0,0,0,0,4,1,40.0198,-75.1506, , 
 ,20933,2016112155,6,67,67301,2016,10,6,2200,22,3,1,0,5,6, , ,N,0,0,0,3,0,0,4,3,N,N,40 03:00.601,75 09:01.678,2305, ,2255, ,0, ,N, ,0, , , , , ,241398, , , ,3,1,0,0,0,0,1,1,0,0,0,0,0,0,4,0,0,0,0,0,0,0,0,0,0,0,0,0,0,0,0,0,0,0,0,9,0,40.0502,-75.1505, , 
 ,20934,2016126127,6,67,67301,2016,11,2,1040,10,1,1,0,1,1, , ,N,1,2,0,3,0,0,2,2,N, ,40 01:49.610,75 10:35.990,1050, ,1045,1,1,1, , ,3,Y, , , , ,244147, , , ,2,1,0,0,0,0,1,0,0,0,0,0,0,0,1,0,0,0,0,0,0,0,2,0,0,0,0,0,0,0,0,0,0,0,0,9,0,40.0304,-75.1767, , 
 ,20935,2017020764,6,67,67301,2016,7,3,1740,17,1,1,0,1,1, , ,N,2,2,0,3,0,2,4,3,N,N,39 53:40.400,75 13:46.386,0, ,0, ,0, ,N, ,3, , , , , ,244165, , , ,3,2,0,0,0,0,0,0,0,0,1,0,2,1,0,0,0,0,0,0,0,0,0,1,0,0,0,0,0,0,0,0,0,0,0,3,0,39.8946,-75.2296, , 
 ,20936,2016129258,6,67,67301,2016,11,6,1834,18,3,1,0,4,1, , ,N,1,3,0,3,0,1,2,2,N,N,39 57:20.455,75 13:46.801,2013, ,2010, ,0, ,N, ,3, , , , , ,244175, , , ,2,2,0,0,0,0,0,0,0,0,0,1,1,0,0,0,0,0,1,0,0,0,0,0,0,0,0,0,0,0,0,0,0,0,0,4,0,39.9557,-75.2297, , 
 ,20937,2016106325,6,67,67301,2016,9,2,815,8,1,2,1,5,6, , ,N,0,0,0,3,0,0,1,2,N,N,40 00:26.953,75 08:46.363,900, ,820,4,2,1,N, ,0,Y, , , , ,244189, , , ,2,1,0,0,0,0,1,0,0,0,0,0,0,0,0,0,0,0,0,0,0,0,0,1,0,0,0,0,0,0,0,0,0,0,0,0,0,40.0075,-75.1462, , 
 ,20938,2016106314,6,67,67301,2016,9,2,1158,11,1,2,8,7,4, , ,N,0,0,0,3,0,0,1,1,N,N,40 04:53.555,75 13:14.163,1205, ,1205,3,2,6,N, ,0,Y, , , , ,244191, , , ,1,1,0,0,0,0,0,0,0,0,0,0,0,0,0,0,0,0,0,0,0,0,0,0,0,0,0,0,0,0,0,0,0,0,0,0,0,40.0815,-75.2206, , 
 ,20939,2017001450,6,67,67301,2016,12,5,728,7,5,2,1,7,1, , ,N,7,0,3,3,0,0,2,2,N,N,40 02:55.073,74 59:54.825,737, ,728, ,0, , , ,0, , , , , ,244200, , , ,2,0,0,0,0,0,1,0,0,0,0,0,0,0,1,0,0,0,0,0,1,0,0,0,0,0,0,0,0,0,0,0,0,0,0,9,0,40.0486,-74.9986, , 
 ,20940,2016105519,6,67,67301,2016,9,2,1037,10,1,1,0,8,1, , ,N,1,3,0,3,0,1,2,2,N, ,39 55:26.745,75 09:28.537,1130, ,1127, ,0, , , ,3, , , , , ,244202, , , ,1,1,0,0,0,0,0,0,0,0,0,1,1,0,0,0,0,0,0,0,0,0,1,0,0,0,0,0,0,0,0,0,1,0,0,4,0,39.9241,-75.1579, , 
 ,20941,2016125136,6,67,67301,2016,11,3,1728,17,3,2,1,8,7, , ,N,1,3,0,3,0,1,2,2,N,N,39 58:47.812,75 09:19.414,1731, ,1730, ,0, ,N, ,3, , , , , ,244215, , , ,1,1,0,0,0,0,0,0,0,0,0,1,1,0,0,0,0,0,0,0,0,0,0,1,0,0,0,0,0,0,0,0,1,0,0,4,0,39.9799,-75.1554, , 
 ,20942,2016129419,6,67,67301,2016,11,1,1342,13,1,1,0,4,1, , ,N,0,0,0,3,0,0,3,2,N, ,39 58:43.448,75 12:35.012,1455, ,1453, ,0, , , ,0, , , , , ,244216, , , ,2,1,0,0,0,0,0,1,0,0,0,0,0,0,0,0,0,0,0,0,0,0,0,0,0,0,0,0,0,0,0,0,0,0,0,0,0,39.9787,-75.2097, , 
 ,20943,2016132226,6,67,67301,2016,11,2,945,9,1,1,0,8,1, , ,N,1,2,0,3,0,1,2,2,N,N,39 57:25.867,75 12:07.023,1002, ,953, ,0, , , ,3, , , , , ,244230, , , ,1,1,0,0,0,0,0,0,0,0,1,0,1,0,0,0,0,0,0,0,1,0,0,1,0,0,0,0,0,0,0,0,1,0,0,3,0,39.9571,-75.2019, , 
 ,20944,2016120583,6,67,67301,2016,10,1,307,3,3,1,0,4,1, , ,N,1,2,0,3,0,4,4,2,N,N,40 03:24.532,75 02:49.228,317, ,307,1,2,2,N, ,3,Y, , , , ,244235, , , ,2,2,0,0,0,0,0,0,0,0,0,0,4,4,0,0,0,1,0,0,0,0,0,1,0,0,0,0,0,0,0,0,0,0,0,8,0,40.0568,-75.047, , 
 ,20945,2017005767,6,67,67301,2016,12,2,1431,14,1,1,0,7,4, , ,N,0,0,0,3,0,0,1,1,N,N,39 59:41.504,75 05:38.703,1442, ,1438,1,2,1, , ,0,N, , , , ,244242, , , ,1,1,0,0,0,0,0,0,0,0,0,0,0,0,0,0,0,0,0,0,0,0,0,0,0,0,0,0,0,0,0,0,0,0,0,0,0,39.9949,-75.0941, , 
 ,20946,2017007772,6,67,67301,2016,12,7,1705,17,2,1,2,1,1, , ,N,1,2,0,3,0,0,3,3,N,N,39 56:45.089,75 14:25.018,1713, ,1712, ,0, ,N, ,3, , , , , ,244243, , , ,3,2,0,0,0,0,1,0,0,0,0,0,0,0,0,0,0,0,0,0,2,0,0,0,0,0,0,0,0,0,0,0,0,0,0,0,0,39.9459,-75.2403, , 
 ,20947,2016126185,6,67,67301,2016,10,2,1508,15,1,1,0,4,1, , ,N,1,2,0,3,0,1,5,2,N, ,40 00:19.858,75 06:19.198,1510, ,1510, ,0, , , ,3, , , , , ,244287, , , ,2,0,0,0,0,0,0,1,0,0,0,1,1,0,0,0,0,0,0,0,0,0,0,0,0,0,0,0,0,0,0,0,0,0,0,4,0,40.0055,-75.1053, , 
 ,20948,2016129315,6,67,67301,2016,11,6,1720,17,4,9,0,4,1, , ,N,1,2,0,3,0,1,2,2,N, ,39 59:27.061,75 09:18.508,1850, ,1120, ,0, , , ,3, , , , , ,244288, , , ,2,2,0,0,0,0,0,0,0,0,0,1,1,0,1,0,0,0,0,0,0,0,0,0,0,0,0,0,0,0,0,0,0,0,0,4,0,39.9909,-75.1551, , 
 ,20949,2016132243,6,67,67301,2016,11,3,2040,20,3,2,1,4,1, , ,N,1,2,0,3,0,1,2,2,N, ,39 55:38.874,75 13:54.199,2051, ,2048, ,0, ,N, ,3, , , , , ,244290, , , ,1,1,0,0,0,0,0,0,1,0,0,0,1,1,0,0,0,0,0,0,0,1,0,1,0,0,0,0,0,0,0,0,0,0,0,8,0,39.9275,-75.2317, , 
 ,20950,2016132135,6,67,67301,2016,11,3,1730,17,3,2,1,4,1, , ,N,1,3,0,3,0,1,3,2,N,N,39 55:35.547,75 09:26.589,1744, ,1743, ,0, ,N, ,3, , , , , ,244291, , , ,1,0,0,0,0,0,0,1,1,0,0,1,1,0,0,0,0,0,0,0,1,0,0,0,0,0,0,0,0,0,0,0,0,0,0,4,0,39.9265,-75.1574, , 
 ,20951,2016129975,6,67,67301,2016,11,2,755,7,1,1,0,1,6, , ,N,0,0,0,3,0,1,1,2,N,N,39 57:56.037,75 13:34.369,855, ,850, ,0, ,N, ,0, , , , , ,244301, , , ,2,1,0,0,1,0,0,0,0,0,0,0,1,1,0,0,0,0,0,0,0,0,0,1,0,0,0,0,0,0,0,0,0,0,0,8,0,39.9656,-75.2262, , 
 ,20952,2017003663,6,67,67301,2016,12,7,1434,14,1,8,4,8,1, , ,N,1,2,0,3,0,1,2,2,N,N,39 56:52.000,75 13:38.688,1434, ,1434, ,0, ,N, ,3, , , , , ,250244, , , ,1,1,0,0,0,0,0,0,0,0,0,0,1,1,0,0,0,0,0,0,0,0,0,1,0,0,0,0,0,0,0,0,1,0,0,8,0,39.9478,-75.2274, , 
 ,20953,2016129381,6,67,67301,2016,11,1,245,2,3,1,1,4,1, , ,N,1,2,0,3,0,3,4,2,N,N,40 00:52.752,75 09:24.063,252, ,246,2,1,2,N, ,3,Y, , , , ,250256, , , ,2,1,0,0,0,0,1,0,0,0,0,3,3,0,1,0,0,1,0,0,0,0,0,2,0,0,0,0,0,0,0,0,0,0,0,4,0,40.0146,-75.1567, , 
 ,20954,2016120495,6,67,67301,2016,10,1,1713,17,1,1,0,4,1, , ,N,2,3,0,3,0,1,2,3,N,N,39 58:20.294,75 12:40.528,1713, ,1713, ,0, , , ,3, , , , , ,250265, , , ,3,2,0,0,0,0,1,0,0,0,1,0,1,0,0,0,0,0,0,0,1,0,0,0,0,0,0,0,0,0,0,0,0,0,0,3,0,39.9723,-75.2113, , 
 ,20955,2016136793,6,67,67301,2016,12,6,1130,11,1,1,2,1,1, , ,N,0,0,0,3,0,0,2,2,N,N,39 57:29.892,75 09:58.126,1130, ,1130, ,0, , , ,0, , , , , ,250269, , , ,2,0,0,0,0,0,2,0,0,0,0,0,0,0,0,0,0,0,0,1,1,0,0,0,0,0,0,0,0,0,0,0,0,0,0,0,0,39.9583,-75.1661, , 
 ,20956,2016126151,6,67,67301,2016,11,4,746,7,1,2,1,4,1, , ,N,2,0,0,3,0,1,2,2,N, ,39 56:21.829,75 13:33.481,811, ,804, ,0, , , ,0, , , , , ,250287, , , ,2,2,0,0,0,0,0,0,0,0,0,1,1,0,0,0,0,0,0,0,0,0,0,0,0,0,0,0,0,0,0,0,0,0,0,4,0,39.9394,-75.226, , 
 ,20957,2017005746,6,67,67301,2016,12,6,1516,15,1,1,0,4,1, , ,N,1,3,0,3,0,1,2,2,N,N,40 03:35.662,75 03:28.106,1525, ,1519, ,0, , , ,3, , , , , ,250297, , , ,2,1,0,0,0,0,1,0,0,0,0,1,1,0,0,0,1,0,0,0,0,1,0,0,0,0,0,0,0,0,0,0,0,0,0,4,0,40.0599,-75.0578, , 
 ,20958,2017007952,6,67,67301,2016,12,7,9999,99,3,1,0,5,1, , ,N,0,0,0,3,0,1,3,3,N,N,39 58:00.760,75 08:24.540,2140, ,2136,9,1,2,N, ,0,N, , , , ,250299, , , ,3,3,0,0,0,0,0,0,0,0,0,1,1,0,0,0,0,0,0,0,0,0,0,0,0,0,0,0,0,0,0,0,0,0,0,4,0,39.9669,-75.1402, , 
 ,20959,2016134726,6,67,67301,2016,12,1,1412,14,1,2,1,7,2, , ,N,0,0,0,3,0,1,1,1,N,N,39 56:35.783,75 08:33.997,1421, ,1412, ,0, , , ,0, , , , , ,250329, , , ,1,0,0,0,1,0,0,0,0,0,0,1,1,0,0,0,0,0,0,0,0,0,0,0,0,0,0,0,0,0,0,0,0,0,0,4,0,39.9433,-75.1428, , 
 ,20960,2016138216,6,67,67301,2016,12,6,1130,11,1,1,0,1,1, , ,N,1,2,0,3,0,1,3,3,N,N,40 04:51.445,75 01:43.230,1155, ,1152, ,0, ,N, ,3, , , , , ,250332, , , ,3,1,0,0,1,0,1,0,0,0,0,1,1,0,0,0,0,0,0,1,1,0,0,0,0,0,0,0,0,0,0,0,0,0,0,4,0,40.0809,-75.0288, , 
 ,20961,2016108590,6,67,67301,2016,10,5,1530,15,1,1,0,4,1, , ,N,1,0,0,3,0,2,4,2,N,N,39 57:52.225,75 09:39.635,1555, ,1549, ,0, ,N, ,0, , , , , ,250342, , , ,1,0,0,0,0,0,0,1,1,0,0,1,2,1,0,0,0,0,0,0,0,0,0,0,0,0,0,0,0,0,0,0,0,0,0,4,0,39.9644,-75.1609, , 
 ,20962,2017007795,6,67,67301,2016,12,6,154,1,3,1,0,7,5, , ,N,0,0,0,3,0,4,4,1,N,N,40 01:31.280,75 04:24.247,206, ,204,2,2,5,N, ,0,Y, , , , ,250381, , , ,1,1,0,0,0,0,0,0,0,0,4,0,4,0,0,0,0,0,0,0,0,0,0,4,0,0,0,0,0,0,0,0,0,0,0,3,0,40.0254,-75.0734, , 
 ,20963,2017005232,6,67,67301,2016,12,5,2205,22,3,1,0,1,1, , ,N,0,2,0,3,0,4,5,3,N,N,40 01:43.156,75 05:24.218,2229, ,2217, ,0, ,N, ,3, , , , , ,250382, , , ,3,1,0,0,0,0,2,0,0,0,1,3,4,0,0,0,0,0,0,0,1,0,0,3,0,0,0,0,0,0,0,0,0,0,0,3,0,40.0287,-75.0901, , 
 ,20964,2016092080,6,67,67301,2016,8,7,2305,23,3,1,0,4,1, , ,N,1,2,0,3,0,0,4,2,N,N,39 55:30.716,75 10:33.742,2333, ,2333, ,0, ,N, ,3, , , , , ,250385, , , ,2,1,0,0,0,0,1,0,0,0,0,0,0,0,0,0,1,0,0,0,1,0,0,0,0,0,0,0,0,0,0,0,0,0,0,0,0,39.9252,-75.1759, , 
 ,20965,2016129465,6,67,67301,2016,11,1,1401,14,1,1,0,4,1, , ,N,1,2,0,3,0,1,2,2,N,N,39 58:07.803,75 14:43.549,1436, ,1432,2,1,2,N, ,3,N, , , , ,250398, , , ,2,2,0,0,0,0,0,0,0,0,1,0,1,0,0,0,0,0,0,0,0,0,0,1,0,0,0,0,0,0,0,0,0,0,0,3,0,39.9688,-75.2454, , 
 ,20966,2016132205,6,67,67301,2016,11,4,830,8,1,2,1,4,1, , ,N,1,3,0,3,0,0,2,2,N, ,40 00:12.358,75 09:04.348,840, ,833, ,0, , , ,3, , , , , ,250455, , , ,2,2,0,0,0,0,0,0,0,0,0,0,0,0,0,0,0,0,0,0,1,0,0,0,0,0,0,0,0,0,0,0,0,0,0,0,0,40.0034,-75.1512, , 
 ,20967,2017017540,6,67,67301,2016,5,7,1930,19,1,1,0,1,1, , ,N,0,0,0,3,0,1,2,2,N,N,40 03:07.200,75 09:00.400,0, ,0, ,0, ,N, ,0, , , , , ,250460, , , ,2,0,0,0,0,0,1,0,0,0,0,0,1,1,0,0,0,0,0,0,0,1,0,0,0,0,0,0,0,0,0,0,0,0,0,8,0,40.052,-75.1501, , 
 ,20968,2017023155,6,67,67301,2016,11,2,1550,15,1,1,0,4,1, , ,N,1,3,0,3,0,1,6,2,N,N,40 00:49.006,75 08:12.569,0, ,0, ,0, ,N, ,3, , , , , ,250462, , , ,2,2,0,0,0,0,0,0,0,0,1,0,1,0,0,0,0,0,0,0,0,0,0,1,0,0,0,0,0,0,0,0,0,0,0,3,0,40.0136,-75.1368, , 
 ,20969,2016099549,6,67,67301,2016,9,6,730,7,1,1,0,8,1, , ,N,0,0,7,3,0,1,2,2,N, ,39 55:22.287,75 11:06.818,730, ,730, ,0, , , ,0, , , , , ,250477, , , ,1,1,0,0,0,0,0,0,0,0,0,1,1,0,0,0,0,0,0,0,0,0,0,0,0,0,0,0,0,0,0,0,1,0,0,4,0,39.9229,-75.1852, , 
 ,20970,2016136191,6,67,67301,2016,12,6,337,3,3,1,0,7,4, , ,N,7,0,2,3,0,3,3,2,N,N,39 58:38.515,75 12:01.729,346, ,339,2,2,3, , ,0,Y, , , , ,247494, , , ,1,1,0,0,0,0,0,0,0,0,3,0,3,0,0,0,0,0,0,0,0,0,0,1,0,0,0,0,0,0,0,0,0,0,0,3,0,39.9774,-75.2005, , 
 ,20971,2017008027,6,67,67301,2016,11,7,102,1,3,1,0,5,1, , ,N,0,0,0,3,0,0,4,3,N,N,39 55:47.819,75 11:53.420,110, ,102,2,1,3, , ,0,N, , , , ,247504, , , ,3,2,0,0,0,0,1,0,0,0,0,0,0,0,0,0,0,1,0,0,1,0,0,0,0,0,0,0,0,0,0,0,0,0,0,0,0,39.9299,-75.1982, , 
 ,20972,2016120528,6,67,67301,2016,10,2,303,3,3,1,0,7,4, , ,N,1,2,0,3,0,1,1,1,N,N,40 01:34.840,75 05:50.934,310, ,305,9,1,1,N, ,3,N, , , , ,247540, , , ,1,1,0,0,0,0,0,0,0,0,0,1,1,0,0,0,0,0,0,0,0,0,0,0,0,0,0,0,0,0,0,0,0,0,0,4,0,40.0263,-75.0975, , 
 ,20973,2017005769,6,67,67301,2016,11,4,850,8,1,1,0,8,1, , ,N,1,2,0,3,0,1,2,2,N,N,40 01:39.836,75 06:35.867,1055, ,1050, ,0, ,N, ,3, , , , , ,247561, , , ,1,0,0,0,0,0,1,0,0,0,0,0,1,1,0,0,0,0,0,0,0,0,0,1,0,0,0,0,0,0,0,0,1,0,0,8,0,40.0277,-75.11, , 
 ,20974,2016132194,6,67,67301,2016,11,3,645,6,1,2,1,1,1, , ,N,2,2,0,3,0,0,2,2,N,N,40 07:06.945,75 00:25.153,703, ,651, ,0, ,N, ,3, , , , , ,247565, , , ,2,1,0,0,0,0,1,0,0,0,0,0,0,0,0,0,0,0,0,0,1,0,0,0,0,0,0,0,0,0,0,0,0,0,0,0,0,40.1186,-75.007, , 
 ,20975,2016126122,6,67,67301,2016,11,7,852,8,1,1,0,4,1, , ,N,1,2,0,3,0,3,4,2,N,N,40 05:41.184,75 00:55.174,907, ,857,2,1,2,N, ,3,N, , , , ,247570, , , ,2,2,0,0,0,0,0,0,0,0,3,0,3,0,0,0,0,0,0,0,0,0,0,0,0,0,0,0,0,0,0,0,0,0,0,3,0,40.0948,-75.0153, , 
 ,20976,2016135793,6,67,67301,2016,12,3,1654,16,3,2,1,1,1, , ,N,0,0,0,3,0,1,2,2,N,N,40 00:45.226,75 08:27.621,1655, ,1654, ,0, ,N, ,0, , , , , ,247577, , , ,2,2,0,0,0,0,0,0,0,0,0,1,1,0,0,0,0,0,0,0,1,0,0,0,0,0,0,0,0,0,0,0,0,0,0,4,0,40.0126,-75.141, , 
 ,20977,2017005264,6,67,67301,2016,12,7,1256,12,1,2,1,4,1, , ,N,2,3,0,3,0,0,3,3,N,N,40 01:47.599,75 12:23.218,1305, ,1258,2,1,2,N, ,3,N, , , , ,247590, , , ,3,2,0,0,0,0,1,0,0,0,0,0,0,0,0,0,0,0,0,0,1,0,0,0,0,0,0,0,0,0,0,0,0,0,0,0,0,40.0299,-75.2064, , 
 ,20978,2016126170,6,67,67301,2016,11,3,920,9,1,1,0,4,1, , ,N,1,3,0,3,0,1,4,2,N,N,40 00:29.401,75 09:20.113,924, ,921,2,2,7,N, ,3,Y, , , , ,247593, , , ,2,1,0,0,0,0,1,0,0,0,0,1,1,0,0,0,0,0,0,0,1,0,0,0,0,0,0,0,0,0,0,0,0,0,0,4,0,40.0082,-75.1556, , 
 ,20979,2016126200,6,67,67301,2016,11,7,1113,11,1,1,0,9,1, , ,N,0,0,0,3,0,0,1,1,N,N,40 05:34.552,75 02:49.988,1118, ,1115, ,0, , , ,0, , , , , ,247594, , , ,1,0,0,0,0,0,1,0,0,0,0,0,0,0,0,0,0,0,0,0,0,0,0,0,0,0,0,0,0,0,0,0,0,0,0,0,0,40.0929,-75.0472, , 
 ,20980,2016096648,6,67,67301,2016,8,1,2001,20,2,1,0,4,1, , ,N,0,0,7,3,0,1,3,2,N,N,39 55:08.807,75 14:48.614,2003, ,2002,3,2,6,N, ,0,Y, , , , ,247616, , , ,2,0,1,0,0,0,1,0,0,1,0,0,1,0,0,0,0,0,0,1,0,0,0,0,0,0,0,0,0,1,0,0,0,0,0,2,0,39.9191,-75.2468, , 
 ,20981,2016117674,6,67,67301,2016,10,6,1022,10,1,1,0,4,1, , ,N,1,2,0,3,0,1,2,2,N,N,39 58:30.316,75 11:41.875,1030, ,1022, ,0, , , ,3, , , , , ,247637, , , ,1,0,0,0,0,0,1,0,1,0,0,1,1,0,0,0,0,0,0,0,0,0,1,0,0,0,0,0,0,0,0,0,0,0,0,4,0,39.9751,-75.195, , 
 ,20982,2016138158,6,67,67301,2016,12,1,1315,13,1,1,0,1,1, , ,N,1,2,0,3,0,3,5,3,N,N,40 01:17.486,75 08:23.326,1322, ,1318,1,1,2,N, ,3,N, , , , ,247651, , , ,3,3,0,0,0,0,0,0,0,0,0,3,3,0,1,0,0,0,0,0,1,0,0,0,0,0,0,0,0,0,0,0,0,0,0,4,0,40.0215,-75.1398, , 
 ,20983,2017003564,6,67,67301,2016,12,7,2047,20,3,1,0,8,1, , ,N,0,0,0,3,0,1,2,2,N,N,40 00:49.053,75 04:06.112,2053, ,2050, ,0, ,N, ,0, , , , , ,247657, , , ,1,0,0,0,1,0,0,0,0,0,0,1,1,0,0,0,0,0,0,0,0,0,0,0,0,0,0,0,0,0,0,0,1,0,0,4,0,40.0136,-75.0684, , 
 ,20984,2016106345,6,67,67301,2016,9,4,900,9,1,1,0,8,1, , ,N,1,3,0,3,0,1,2,2,N,N,40 01:16.838,75 07:20.708,1652, ,1650, ,0, , , ,3, , , , , ,247674, , , ,1,0,0,0,0,0,0,1,0,0,0,1,1,0,0,0,0,0,0,0,0,0,0,0,0,0,0,0,0,0,0,0,1,0,0,4,0,40.0213,-75.1224, , 
 ,20985,2017004186,6,67,67301,2016,12,3,1330,13,1,1,0,7,4, , ,N,0,0,0,3,0,0,2,1,N,N,40 05:33.222,75 02:54.550,1335, ,1332,3,1,4,N, ,0,Y, , , , ,247677, , , ,1,1,0,0,0,0,0,0,0,0,0,0,0,0,0,0,0,0,0,0,0,1,0,0,0,0,0,0,0,0,0,0,0,0,0,0,0,40.0926,-75.0485, , 
 ,20986,2017005237,6,67,67301,2016,12,1,1704,17,4,1,0,4,1, , ,N,1,3,0,3,0,1,2,2,N,N,40 02:32.132,75 10:16.291,1707, ,1705, ,0, ,N, ,3, , , , , ,247678, , , ,2,1,0,0,0,0,0,1,0,0,0,1,1,0,0,0,0,0,0,0,1,0,0,0,0,0,0,0,0,0,0,0,0,0,0,4,0,40.0423,-75.1712, , 
 ,20987,2017003658,6,67,67301,2016,12,1,1345,13,1,1,0,1,1, , ,N,0,0,0,3,0,1,7,3,N,N,40 02:31.313,75 06:45.561,1348, ,1348, ,0, , , ,0, , , , , ,247707, , , ,3,1,0,0,0,0,1,1,0,0,0,1,1,0,0,0,0,0,0,0,0,0,0,1,0,0,0,0,0,0,0,0,0,0,0,4,0,40.042,-75.1127, , 
 ,20988,2016132231,6,67,67301,2016,11,6,2025,20,3,1,0,1,1, , ,N,1,2,0,3,0,0,2,2,N,N,39 58:25.604,75 14:43.036,2025, ,2025, ,0, ,N, ,3, , , , , ,241402, , , ,2,1,0,0,0,0,1,0,0,0,0,0,0,0,0,0,0,0,0,0,0,0,0,0,0,0,0,0,0,0,0,0,0,0,0,0,0,39.9738,-75.2452, , 
 ,20989,2017005758,6,67,67301,2016,12,4,1506,15,1,1,0,4,1, , ,N,1,3,0,3,0,1,2,2,N,N,39 55:58.569,75 10:39.525,1651, ,1649, ,0, ,N, ,3, , , , , ,241412, , , ,2,2,0,0,0,0,0,0,0,0,0,0,1,1,0,0,0,0,0,0,2,0,0,0,0,0,0,0,0,0,0,0,0,0,0,8,0,39.9329,-75.1776, , 
 ,20990,2017017996,6,67,67301,2016,5,2,1004,10,1,1,0,1,1, , ,N,5,2,0,3,0,1,2,2,N,N,40 01:47.791,75 09:11.771,0, ,0, ,0, ,N, ,3, , , , , ,241434, , , ,2,1,0,0,0,0,1,0,0,0,1,0,1,0,0,0,0,0,0,0,0,0,0,0,0,0,0,0,0,0,0,0,0,0,0,3,0,40.0299,-75.1533, , 
 ,20991,2017019584,6,67,67301,2016,7,1,9999,99,1,1,0,4,1, , ,N,2,3,0,3,0,1,2,2,N,N,40 00:02.181,75 09:29.033,0, ,0, ,0, ,N, ,3, , , , , ,241435, , , ,2,2,0,0,0,0,0,0,0,0,0,0,1,1,0,0,0,0,0,0,1,0,1,0,0,0,0,0,0,0,0,0,0,0,0,8,0,40.0006,-75.1581, , 
 ,20992,2016119151,6,67,67301,2016,10,6,2157,21,3,2,1,8,1, , ,N,0,0,0,3,0,1,2,2,N,N,39 58:02.079,75 08:03.890,2157, ,2156, ,0, ,N, ,0, , , , , ,241437, , , ,1,1,0,0,0,0,0,0,0,0,0,1,1,0,0,0,0,0,0,0,0,0,0,0,0,0,0,0,0,0,0,0,1,0,0,4,0,39.9672,-75.1344, , 
 ,20993,2016126190,6,67,67301,2016,11,7,950,9,1,1,0,4,1, , ,N,1,3,0,3,0,0,2,2,N, ,39 59:30.359,75 08:14.406,954, ,953, ,0, , , ,3, , , , , ,241443, , , ,2,2,0,0,0,0,0,0,0,0,0,0,0,0,0,0,0,0,0,0,0,0,0,2,0,0,0,0,0,0,0,0,0,0,0,0,0,39.9917,-75.1373, , 
 ,20994,2016135706,6,67,67301,2016,12,5,100,1,3,2,1,7,2, , ,N,0,0,1,3,0,0,1,1,N, ,39 55:17.777,75 11:25.705,127, ,123,2,2,4, , ,0,Y, , , , ,241464, , , ,1,1,0,0,0,0,0,0,0,0,0,0,0,0,0,0,0,0,0,0,0,0,0,0,0,0,0,0,0,0,0,0,0,0,0,0,0,39.9216,-75.1905, , 
 ,20995,2017007939,6,67,67301,2016,12,5,920,9,1,1,0,8,1, , ,N,1,2,0,3,0,1,4,2,N,N,39 56:38.959,75 12:59.633,933, ,926, ,0, , , ,3, , , , , ,241475, , , ,1,0,0,0,0,0,1,0,0,0,0,1,1,0,0,0,0,0,0,0,0,1,0,0,0,0,0,0,0,0,0,0,1,0,0,4,0,39.9442,-75.2166, , 
 ,20996,2017002603,6,67,67301,2016,12,7,2051,20,3,1,0,1,1, , ,N,6,0,0,3,0,1,3,2,N,N,39 58:56.987,75 12:28.299,2059, ,2053, ,0, , , ,0, , , , , ,241478, , , ,2,2,0,0,0,0,0,0,0,0,0,1,1,0,0,0,0,0,0,0,0,0,0,0,0,0,0,0,0,0,0,0,0,0,0,4,0,39.9825,-75.2079, , 