wz_ln_closure,objectid_1,crn,district,county,municipality,crash_year,crash_month,day_of_week,time_of_day,hour_of_day,illumination,weather,road_condition,collision_type,relation_to_road,work_zone_type,work_zone_loc,work_zone_ind,intersect_type,tcd_type,location_type,urban_rural,fatal_count,injury_count,person_count,total_units,sch_bus_ind,sch_zone_ind,latitude,longitude,arrival_tm,cons_zone_spd_lim,dispatch_tm,est_hrs_closed,lane_closed,ln_close_dir,ntfy_hiwy_maint,spec_juris_cd,tcd_func_cd,tfc_detour_ind,workers_pres,wz_close_detour,wz_flagger,wz_law_offcr_ind,objectid,wz_moving,wz_other,wz_shlder_mdn,vehicle_count,automobile_count,motorcycle_count,bus_count,small_truck_count,heavy_truck_count,suv_count,van_count,bicycle_count,maj_inj_count,mod_inj_count,min_inj_count,tot_inj_count,unk_inj_deg_count,unk_inj_per_count,driver_count_16yr,driver_count_17yr,driver_count_18yr,driver_count_19yr,driver_count_20yr,driver_count_50_64yr,driver_count_65_74yr,driver_count_75plus,unbelted_occ_count,unb_death_count,unb_maj_inj_count,belted_death_count,belted_maj_inj_count,mcycle_death_count,mcycle_maj_inj_count,bicycle_death_count,bicycle_maj_inj_count,ped_count,ped_death_count,ped_maj_inj_count,max_severity_level,comm_veh_count,dec_lat,dec_long,rdwy_surf_type_cd,county_name
 ,20997,2017003672,6,67,67301,2016,12,4,750,7,3,1,0,4,1, , ,N,1,3,0,3,0,1,2,2,N,N,39 57:59.526,75 09:29.818,2010, ,1953, ,0, ,N, ,3, , , , , ,241479, , , ,1,0,0,0,0,0,1,0,1,0,0,1,1,0,0,0,0,0,0,0,0,0,0,1,0,0,0,0,0,0,0,0,0,0,0,4,0,39.9665,-75.1583, , 
 ,20998,2016126133,6,67,67301,2016,11,7,225,2,3,1,0,4,1, , ,N,1,2,0,3,0,2,3,2,N,N,40 01:47.421,75 06:15.635,225, ,225,9,1,3,N, ,3,N, , , , ,241498, , , ,2,1,0,0,0,0,0,1,0,0,0,2,2,0,0,0,0,0,0,0,0,0,0,0,0,0,0,0,0,0,0,0,0,0,0,4,0,40.0298,-75.1043, , 
 ,20999,2016120459,6,67,67301,2016,10,6,1535,15,1,1,0,6,1, , ,N,0,0,0,3,0,3,4,3,N,N,39 58:25.887,75 11:26.665,1547, ,1537,3,2,5,N, ,0,Y, , , , ,241507, , , ,3,1,0,0,1,0,1,0,0,1,0,2,3,0,0,0,0,0,0,0,0,0,0,1,0,0,0,0,0,0,0,0,0,0,0,2,0,39.9739,-75.1907, , 
 ,21000,2016120614,6,67,67301,2016,10,1,840,8,1,1,0,4,1, , ,N,1,2,0,3,0,1,2,2,N,N,39 57:20.808,75 09:32.558,901, ,845, ,0, ,N, ,3, , , , , ,241508, , , ,2,1,0,0,0,0,1,0,0,0,0,0,1,1,0,0,0,0,0,0,0,0,0,1,0,0,0,0,0,0,0,0,0,0,0,8,0,39.9558,-75.159, , 
 ,21001,2016117692,6,67,67301,2016,10,3,1229,12,1,1,0,7,5, , ,N,1,0,0,3,0,1,1,1,N, ,39 58:28.135,75 14:20.889,1236, ,1229, ,0, , , ,0, , , , , ,241546, , , ,1,0,0,0,0,0,1,0,0,0,0,0,1,1,0,0,0,0,0,0,0,0,1,1,0,0,0,0,0,0,0,0,0,0,0,8,0,39.9745,-75.2391, , 
 ,21002,2016081421,6,67,67301,2016,6,2,2041,20,3,9,8,1,1, , ,N,0,0,0,3,0,1,2,2,N, ,40 01:44.949,75 06:05.705,930, ,9999, ,0, , , ,0, , , , , ,241553, , , ,2,2,0,0,0,0,0,0,0,0,0,0,1,1,0,0,0,0,0,0,0,0,0,0,0,0,0,0,0,0,0,0,0,0,0,8,0,40.0292,-75.1016, , 
 ,21003,2016092662,6,67,67301,2016,9,4,741,7,1,1,0,1,1, , ,N,6,4,2,3,0,0,2,2,N,N,39 56:55.117,75 11:09.395,819, ,743, ,0, , , ,3, , , , , ,241560, , , ,2,1,0,0,0,0,1,0,0,0,0,0,0,0,1,0,0,0,0,0,0,0,0,0,0,0,0,0,0,0,0,0,0,0,0,9,0,39.9486,-75.1859, , 
 ,21004,2016082305,6,67,67301,2016,7,7,1150,11,1,1,0,4,1, , ,N,1,3,2,3,0,1,2,2,N,N,40 00:53.565,75 12:23.985,1159, ,1150, ,0, ,N, ,3, , , , , ,241563, , , ,2,2,0,0,0,0,0,0,0,0,0,0,1,1,0,0,0,0,0,1,0,1,0,0,0,0,0,0,0,0,0,0,0,0,0,8,0,40.0149,-75.2066, , 
 ,21005,2016096770,6,67,67301,2016,9,6,1755,17,1,1,0,1,1, , ,N,0,0,0,3,0,1,5,2,N,N,39 54:17.215,75 09:00.061,1813, ,1759,1,1,1, , ,0,N, , , , ,241564, , , ,2,1,0,0,0,0,1,0,0,0,1,0,1,0,0,0,0,0,0,0,0,0,1,0,0,0,0,0,0,0,0,0,0,0,0,3,0,39.9048,-75.15, , 
 ,21006,2016138160,6,67,67301,2016,12,3,1740,17,3,2,1,8,1, , ,N,1,2,0,3,0,1,2,2,N,N,40 01:42.775,75 03:28.507,1745, ,1742, ,0, ,N, ,3, , , , , ,244310, , , ,1,1,0,0,0,0,0,0,0,0,0,0,1,1,0,0,0,0,0,0,0,0,0,1,0,0,0,0,0,0,0,0,1,0,0,8,0,40.0285,-75.0579, , 
 ,21007,2017017534,6,67,67301,2016,5,7,0,0,3,1,0,4,1, , ,N,1,2,0,3,0,1,2,2,N,N,40 02:53.203,75 09:03.247,0, ,0, ,0, ,N, ,3, , , , , ,244313, , , ,2,1,0,0,0,0,0,0,0,0,0,0,1,1,0,0,0,0,0,0,0,0,0,0,0,0,0,0,0,0,0,0,0,0,0,8,0,40.0481,-75.1509, , 
 ,21008,2016096643,6,67,67301,2016,8,6,315,3,3,1,0,5,6, , ,N,0,0,0,3,0,1,2,2,N,N,40 00:31.964,75 04:42.362,342, ,342, ,0, , , ,0, , , , , ,244321, , , ,2,2,0,0,0,0,0,0,0,0,0,0,1,1,0,0,0,0,0,0,0,0,0,1,0,0,0,0,0,0,0,0,0,0,0,8,0,40.0089,-75.0784, , 
 ,21009,2017000629,6,67,67301,2016,12,5,357,3,3,1,0,3,6, , ,N,0,0,0,3,0,1,1,4,N,N,39 59:58.270,75 07:05.040,9999, ,357, ,0, ,N, ,0, , , , , ,244344, , , ,4,2,0,0,0,0,2,0,0,0,0,1,1,0,0,0,0,0,0,0,0,0,0,0,0,0,0,0,0,0,0,0,0,0,0,4,0,39.9995,-75.1181, , 
 ,21010,2016124428,6,67,67301,2016,11,3,138,1,3,1,0,4,1, , ,N,2,0,0,3,0,2,3,2,N, ,39 59:25.238,75 09:25.401,150, ,149,3,2,2, , ,0,Y, , , , ,244359, , , ,2,2,0,0,0,0,0,0,0,0,1,1,2,0,0,0,0,0,0,0,0,0,0,1,0,0,0,0,0,0,0,0,0,0,0,3,0,39.9903,-75.1571, , 
 ,21011,2016126199,6,67,67301,2016,11,6,1235,12,1,1,0,8,1, , ,N,0,0,0,3,0,1,2,2,N,N,39 57:41.544,75 10:23.872,1238, ,1237, ,0, ,N, ,0, , , , , ,244361, , , ,1,0,0,0,0,0,1,0,0,0,0,0,1,1,0,0,0,0,0,0,0,0,0,0,0,0,0,0,0,0,0,0,1,0,0,8,0,39.9615,-75.1733, , 
 ,21012,2017005269,6,67,67301,2016,12,4,1700,17,1,1,0,5,1, , ,N,0,0,3,3,0,0,2,2,N,N,39 54:05.560,75 12:11.110,1718, ,1700,1,2,4,N, ,0,N, , , , ,244382, , , ,2,1,0,0,0,1,0,0,0,0,0,0,0,0,0,0,0,0,0,0,0,0,0,0,0,0,0,0,0,0,0,0,0,0,0,0,1,39.9015,-75.2031, , 
 ,21013,2016105498,6,67,67301,2016,9,6,1735,17,1,2,1,4,1, , ,N,5,2,0,3,0,2,3,2,N, ,39 57:31.066,75 11:37.545,1741, ,1737,2,2,6, , ,3,Y, , , , ,244386, , , ,2,1,0,0,0,0,1,0,0,0,0,0,2,2,0,0,0,0,0,0,0,0,0,0,0,0,0,0,0,0,0,0,0,0,0,8,0,39.9586,-75.1936, , 
 ,21014,2016117168,6,67,67301,2016,10,1,2004,20,3,1,0,7,3, , ,N,1,2,0,3,0,0,1,1,N, ,39 57:34.444,75 11:49.297,2010, ,2004, ,0, , , ,3, , , , , ,244392, , , ,1,1,0,0,0,0,0,0,0,0,0,0,0,0,0,0,0,0,0,0,0,1,0,0,0,0,0,0,0,0,0,0,0,0,0,0,0,39.9596,-75.197, , 
 ,21015,2016120477,6,67,67301,2016,10,1,415,4,3,1,0,7,4, , ,N,0,0,0,3,0,0,1,1,N,N,40 02:50.807,75 03:33.846,841, ,840, ,0, ,N, ,0, , , , , ,244411, , , ,1,1,0,0,0,0,0,0,0,0,0,0,0,0,0,0,0,0,0,0,0,0,0,0,0,0,0,0,0,0,0,0,0,0,0,0,0,40.0474,-75.0594, , 
 ,21016,2016097646,6,67,67301,2016,8,6,1708,17,1,1,0,4,1, , ,N,5,2,2,3,0,1,2,2,N,N,39 57:25.688,75 09:03.847,1715, ,1711, ,0, ,N, ,3, , , , , ,244461, , , ,1,1,0,0,0,0,0,0,1,0,1,0,1,0,0,0,0,0,0,0,0,0,0,1,0,0,0,0,0,0,0,0,0,0,0,3,0,39.9571,-75.1511, , 
 ,21017,2016129411,6,67,67301,2016,11,6,2059,20,3,1,0,4,1, , ,N,1,2,0,3,0,1,5,2,N,N,40 04:27.539,75 02:05.367,2111, ,2102,2,2,6,N, ,3,Y, , , , ,244475, , , ,2,2,0,0,0,0,0,0,0,0,0,1,1,0,1,0,0,0,0,0,1,0,0,1,0,0,0,0,0,0,0,0,0,0,0,4,0,40.0743,-75.0348, , 
 ,21018,2016092133,6,67,67301,2016,8,6,1700,17,1,1,0,4,1, , ,N,1,2,0,3,0,0,3,3,N, ,40 01:03.702,75 11:21.201,1750, ,1734, ,0, , , ,3, , , , , ,244501, , , ,3,2,0,0,0,0,1,0,0,0,0,0,0,0,0,0,0,0,0,0,1,1,0,3,0,0,0,0,0,0,0,0,0,0,0,0,0,40.0177,-75.1892, , 
 ,21019,2016112251,6,67,67301,2016,10,4,902,9,1,1,0,1,1, , ,N,0,2,0,3,0,1,2,2,N, ,40 01:39.192,75 05:53.778,930, ,923, ,0, , , ,3, , , , , ,244506, , , ,2,0,0,0,0,0,1,1,0,0,0,1,1,0,0,0,0,0,0,0,0,0,0,0,0,0,0,0,0,0,0,0,0,0,0,4,0,40.0276,-75.0983, , 
 ,21020,2016136716,6,67,67301,2016,12,6,601,6,3,1,0,1,1, , ,N,0,0,0,3,0,2,2,2,N,N,40 01:43.877,75 01:21.777,634, ,623,2,2,1, , ,0,N, , , , ,244537, , , ,2,2,0,0,0,0,0,0,0,0,2,0,2,0,0,0,0,0,0,1,1,0,0,0,0,0,0,0,0,0,0,0,0,0,0,3,0,40.0289,-75.0227, , 
 ,21021,2016120508,6,67,67301,2016,10,6,1852,18,4,1,0,4,1, , ,N,2,3,0,3,0,1,2,2,N,N,40 00:28.443,75 05:06.740,1858, ,1854, ,0, ,N, ,3, , , , , ,244543, , , ,2,1,1,0,0,0,0,0,0,0,0,0,1,1,0,0,0,0,0,0,0,0,0,0,0,0,0,0,0,0,0,0,0,0,0,8,0,40.0079,-75.0852, , 
 ,21022,2017004187,6,67,67301,2016,12,1,1919,19,3,1,0,8,1, , ,N,2,0,0,3,0,1,2,2,N,N,39 55:42.820,75 08:40.147,1921, ,1919,2,1,1, , ,0,N, , , , ,244553, , , ,1,0,0,0,0,0,1,0,0,0,0,0,1,1,0,0,0,0,0,0,1,0,0,0,0,0,0,0,0,0,0,0,1,0,0,8,0,39.9286,-75.1445, , 
 ,21023,2016138187,6,67,67301,2016,11,4,1525,15,1,1,0,4,1, , ,N,1,2,0,3,0,1,3,2,N,N,40 00:31.034,75 04:07.810,1543, ,1534,1,1,3,N, ,3,N, , , , ,244586, , , ,2,0,0,0,1,0,1,0,0,0,0,1,1,0,0,0,0,0,0,0,1,0,0,0,0,0,0,0,0,0,0,0,0,0,0,4,0,40.0086,-75.0688, , 
 ,21024,2016128859,6,67,67301,2016,11,3,1005,10,1,2,1,7,2, , ,N,0,0,0,3,0,1,1,1,N,N,40 02:10.693,75 00:54.928,1035, ,1022, ,0, , , ,0, , , , , ,250485, , , ,1,0,0,0,0,0,0,1,0,0,1,0,1,0,0,0,0,0,0,0,0,0,0,0,0,0,0,0,0,0,0,0,0,0,0,3,0,40.0363,-75.0153, , 
 ,21025,2016135667,6,67,67301,2016,12,2,1110,11,1,1,0,4,1, , ,N,1,2,0,3,0,0,2,2,N,N,40 02:39.088,75 09:45.868,1123, ,1115, ,0, ,N, ,3, , , , , ,250490, , , ,2,2,0,0,0,0,0,0,0,0,0,0,0,0,2,0,0,0,0,0,0,2,0,0,0,0,0,0,0,0,0,0,0,0,0,9,0,40.0442,-75.1627, , 
 ,21026,2016080273,6,67,67301,2016,6,5,9999,99,1,1,0,4,1, , ,N,1,3,0,3,0,1,2,2,N,N,40 03:16.301,75 05:26.793,930, ,928, ,0, ,N, ,3, , , , , ,250494, , , ,2,1,0,0,1,0,0,0,0,0,0,1,1,0,0,0,0,0,0,0,1,0,0,0,0,0,0,0,0,0,0,0,0,0,0,4,0,40.0545,-75.0908, , 
 ,21027,2017022760,6,67,67301,2016,8,1,1015,10,1,1,0,4,1, , ,N,1,2,0,3,0,1,2,2,N,N,39 58:23.685,75 12:43.721,0, ,0, ,0, ,N, ,3, , , , , ,250503, , , ,2,0,0,0,0,0,0,0,0,0,0,0,1,1,0,0,0,0,0,0,0,0,0,0,0,0,0,0,0,0,0,0,0,0,0,8,0,39.9732,-75.2121, , 
 ,21028,2016086416,6,67,67301,2016,8,6,1200,12,1,1,0,5,1, , ,N,0,0,0,3,0,2,5,2,N,N,39 59:56.514,75 11:44.001,1205, ,1200, ,0, , , ,0, , , , , ,250513, , , ,2,1,0,0,0,0,1,0,0,0,2,0,2,0,0,0,0,0,0,0,0,1,0,0,0,0,0,0,0,0,0,0,0,0,0,3,0,39.999,-75.1956, , 
 ,21029,2016130998,6,67,67301,2016,12,1,1947,19,3,1,0,1,1, , ,N,1,0,0,3,0,1,2,2,N,N,40 00:05.127,75 09:05.620,1950, ,1948,1,1,1,N, ,0,N, , , , ,250566, , , ,2,1,0,0,0,0,1,0,0,0,0,1,1,0,0,0,0,0,0,0,1,0,0,2,0,0,0,0,0,0,0,0,0,0,0,4,0,40.0014,-75.1516, , 
 ,21030,2016129221,6,67,67301,2016,11,2,1400,14,1,1,0,8,1, , ,N,0,2,0,3,0,1,3,3,N,N,39 59:45.694,75 05:31.754,9999, ,9999,3,1,3,N, ,3,N, , , , ,250589, , , ,1,0,0,0,0,0,1,0,0,0,0,1,1,0,0,0,0,0,0,0,0,0,0,1,0,0,0,0,0,0,0,0,2,0,0,4,0,39.996,-75.0922, , 
 ,21031,2016138214,6,67,67301,2016,12,2,110,1,3,2,1,5,1, , ,N,0,0,0,3,0,1,2,2,N,N,39 56:52.198,75 12:21.592,127, ,125, ,0, ,N, ,0, , , , , ,250600, , , ,1,0,0,0,0,0,0,1,1,0,0,1,1,0,1,0,0,0,0,0,0,0,0,0,0,0,0,0,0,0,0,0,0,0,0,4,0,39.9478,-75.206, , 
 ,21032,2017004013,6,67,67301,2016,12,3,824,8,1,1,0,1,1, , ,N,0,0,0,3,0,1,2,2,N,N,39 59:48.151,75 04:57.070,859, ,826, ,0, , , ,0, , , , , ,250602, , , ,2,1,0,0,0,0,1,0,0,0,0,1,1,0,1,0,0,0,0,0,0,0,0,0,0,0,0,0,0,0,0,0,0,0,0,4,0,39.9967,-75.0825, , 
 ,21033,2016126054,6,67,67301,2016,11,1,2042,20,3,1,0,1,1, , ,N,1,2,0,3,0,1,2,2,N,N,39 55:24.611,75 09:46.436,2117, ,2117, ,0, ,N, ,3, , , , , ,250627, , , ,2,1,0,0,0,0,0,1,0,0,0,1,1,0,1,0,0,0,0,0,0,0,0,0,0,0,0,0,0,0,0,0,0,0,0,4,0,39.9235,-75.1628, , 
 ,21034,2017003697,6,67,67301,2016,12,3,1746,17,3,1,0,1,1, , ,N,0,2,0,3,0,1,2,2,N, ,40 01:53.042,75 09:17.721,1810, ,1758, ,0, , , ,3, , , , , ,250633, , , ,2,1,0,0,0,0,1,0,0,0,0,1,1,0,0,0,0,0,0,0,1,0,0,1,0,0,0,0,0,0,0,0,0,0,0,4,0,40.0314,-75.1549, , 
 ,21035,2017023478,6,67,67301,2016,11,5,2215,22,3,1,0,4,1, , ,N,3,3,0,3,0,1,3,2,N,N,39 56:52.270,75 14:58.699,0, ,0, ,0, ,N, ,3, , , , , ,250634, , , ,2,1,0,0,0,0,1,0,0,0,0,1,1,0,0,0,0,0,0,0,0,1,0,1,0,0,0,0,0,0,0,0,0,0,0,4,0,39.9479,-75.2496, , 
 ,21036,2016129425,6,67,67301,2016,11,5,1255,12,1,1,0,4,1, , ,N,1,2,0,3,0,1,2,2,N,N,40 01:04.383,75 04:57.342,1307, ,1300, ,0, ,N, ,3, , , , , ,250664, , , ,2,0,0,0,0,0,0,0,0,0,0,0,1,1,0,0,0,0,0,0,0,0,0,0,0,0,0,0,0,0,0,0,0,0,0,8,0,40.0179,-75.0826, , 
 ,21037,2016112737,6,67,67301,2016,10,7,2155,21,3,1,0,4,1, , ,N,1,2,0,3,0,1,2,2,N,N,39 58:50.962,75 09:01.180,2200, ,2157, ,0, ,N, ,3, , , , , ,250687, , , ,2,1,0,0,0,0,1,0,0,0,0,1,1,0,0,0,0,0,0,0,0,0,0,1,0,0,0,0,0,0,0,0,0,0,0,4,0,39.9808,-75.1503, , 
 ,21038,2016135756,6,67,67301,2016,12,3,1715,17,4,2,1,4,1, , ,N,5,2,0,3,0,0,3,3,N,N,39 57:16.781,75 08:58.276,1915, ,1908, ,0, ,N, ,3, , , , , ,250696, , , ,3,1,0,0,1,0,1,0,0,0,0,0,0,0,0,0,0,1,0,0,0,0,0,0,0,0,0,0,0,0,0,0,0,0,0,0,0,39.9547,-75.1495, , 
 ,21039,2016126609,6,67,67301,2016,11,2,2353,23,3,1,0,4,1, , ,N,0,0,0,3,0,2,3,2,N, ,40 03:00.102,75 03:50.100,2355, ,2355, ,0, , , ,0, , , , , ,250697, , , ,1,1,0,0,0,0,0,0,1,0,0,0,2,2,0,0,0,0,0,0,0,0,0,0,0,0,0,0,0,0,0,0,0,0,0,8,0,40.05,-75.0639, , 
 ,21040,2016099616,6,67,67301,2016,9,1,1915,19,1,1,0,4,1, , ,N,0,0,0,3,0,1,2,2,N,N,39 59:43.028,75 07:00.029,1923, ,1920, ,0, , , ,0, , , , , ,250728, , , ,1,0,0,0,0,0,1,0,1,0,0,0,1,1,0,0,0,0,0,0,0,0,0,1,0,0,0,0,0,0,0,0,0,0,0,8,0,39.9953,-75.1167, , 
 ,21041,2016129509,6,67,67301,2016,11,1,1430,14,1,1,0,4,1, , ,N,1,3,0,3,0,3,4,2,N, ,40 00:59.704,75 08:48.264,1632, ,1630, ,0, , , ,3, , , , , ,250758, , , ,2,1,0,0,0,0,1,0,0,0,0,1,3,2,1,0,0,0,0,0,0,1,0,0,0,0,0,0,0,0,0,0,0,0,0,4,0,40.0166,-75.1467, , 
 ,21042,2016126043,6,67,67301,2016,11,3,1718,17,3,1,0,1,1, , ,N,1,2,0,3,0,1,4,2,N, ,40 01:24.736,75 04:47.909,1739, ,1722, ,0, , , ,3, , , , , ,247712, , , ,2,1,0,0,0,0,1,0,0,0,0,0,1,1,0,0,1,0,0,0,0,0,0,0,0,0,0,0,0,0,0,0,0,0,0,8,0,40.0235,-75.08, , 
 ,21043,2016112061,6,67,67301,2016,10,5,1021,10,1,1,0,4,1, , ,N,1,2,0,3,0,0,3,2,N,N,40 00:16.889,75 10:36.864,1034, ,1026, ,0, ,N, ,3, , , , , ,247754, , , ,2,1,0,0,0,1,0,0,0,0,0,0,0,0,0,0,0,0,0,0,1,0,0,0,0,0,0,0,0,0,0,0,0,0,0,0,1,40.0047,-75.1769, , 
 ,21044,2016138157,6,67,67301,2016,12,4,25,0,3,2,1,8,1, , ,N,1,2,0,3,0,1,2,2,N,N,39 59:35.083,75 08:52.393,33, ,30, ,0, ,N, ,3, , , , , ,247775, , , ,1,1,0,0,0,0,0,0,0,0,0,0,1,1,0,0,0,0,0,0,1,0,0,1,0,0,0,0,0,0,0,0,1,0,0,8,0,39.9931,-75.1479, , 
 ,21045,2016126152,6,67,67301,2016,11,4,2353,23,3,1,0,4,1, , ,N,2,3,0,3,0,1,2,2,N, ,39 55:24.502,75 13:37.214,2359, ,2354,1,1,1, , ,3,Y, , , , ,247790, , , ,2,1,0,0,0,0,0,1,0,0,0,1,1,0,0,0,0,0,0,1,0,0,0,1,0,0,0,0,0,0,0,0,0,0,0,4,0,39.9235,-75.227, , 
 ,21046,2016092123,6,67,67301,2016,8,7,1241,12,1,1,0,4,1, , ,N,2,0,2,3,0,1,2,2,N, ,39 59:11.983,75 12:29.919,1249, ,1243, ,0, , , ,0, , , , , ,247811, , , ,2,1,1,0,0,0,0,0,0,0,0,0,1,1,0,0,0,0,0,0,0,0,0,0,0,0,0,0,0,0,0,0,0,0,0,8,0,39.9867,-75.2083, , 
 ,21047,2016097691,6,67,67301,2016,8,4,1422,14,1,1,0,4,1, , ,N,1,2,0,3,0,2,2,2,N,N,40 01:40.946,75 06:36.204,1442, ,1424,1,1,6, , ,3,N, , , , ,247815, , , ,2,1,0,0,0,0,1,0,0,0,0,0,2,2,0,0,0,0,0,0,0,0,0,0,0,0,0,0,0,0,0,0,0,0,0,8,0,40.028,-75.1101, , 
 ,21048,2016097172,6,67,67301,2016,8,2,1610,16,1,1,0,1,1, , ,N,0,0,0,3,0,0,2,2,N,N,39 54:21.536,75 10:41.333,1618, ,1612, ,0, ,N, ,0, , , , , ,247817, , , ,2,2,0,0,0,0,0,0,0,0,0,0,0,0,0,0,0,0,0,0,0,0,1,0,0,0,0,0,0,0,0,0,0,0,0,0,0,39.906,-75.1781, , 
 ,21049,2016135668,6,67,67301,2016,11,4,711,7,1,1,0,1,1, , ,N,0,2,0,3,0,0,3,3,N,N,39 57:11.001,75 14:55.562,752, ,748, ,0, ,N, ,3, , , , , ,247831, , , ,3,2,0,0,0,0,1,0,0,0,0,0,0,0,1,0,0,0,0,0,0,0,1,0,0,0,0,0,0,0,0,0,0,0,0,9,0,39.9531,-75.2488, , 
 ,21050,2016135726,6,67,67301,2016,12,6,1047,10,1,1,0,7,4, , ,N,1,2,0,3,0,1,1,1,N,N,39 58:31.677,75 07:15.443,1052, ,1047, ,0, ,N, ,3, , , , , ,247835, , , ,1,0,0,0,1,0,0,0,0,0,0,1,1,0,0,0,0,0,0,0,0,0,0,0,0,0,0,0,0,0,0,0,0,0,0,4,0,39.9752,-75.1211, , 
 ,21051,2016113664,6,46,46102,2016,11,3,652,6,5,1,0,1,1, , ,N,0,0,0,3,0,4,6,4,N,N,40 03:50.828,75 08:26.857,659, ,654,2,1,4,N, ,0,N, , , , ,247862, , , ,4,4,0,0,0,0,0,0,0,0,0,0,4,4,1,0,0,0,0,1,1,0,0,0,0,0,0,0,0,0,0,0,0,0,0,8,0,40.0641,-75.1408, , 
 ,21052,2016120468,6,67,67301,2016,10,5,2115,21,3,2,1,1,1, , ,N,0,0,3,3,0,0,2,2,N,N,39 53:52.040,75 12:41.359,2123, ,2115,1,2,3,N, ,0,N, , , , ,247869, , , ,2,2,0,0,0,0,0,0,0,0,0,0,0,0,0,0,0,0,0,0,1,0,0,0,0,0,0,0,0,0,0,0,0,0,0,0,0,39.8978,-75.2115, , 
 ,21053,2016112052,6,67,67301,2016,10,4,1859,18,3,1,0,4,1, , ,N,5,2,1,3,0,0,3,2,N,N,40 00:10.274,75 06:06.094,1905, ,1859,2,2,5,N, ,3,Y, , , , ,247875, , , ,2,2,0,0,0,0,0,0,0,0,0,0,0,0,0,0,0,0,0,0,0,0,0,0,0,0,0,0,0,0,0,0,0,0,0,0,0,40.0029,-75.1017, , 
 ,21054,2016135813,6,67,67301,2016,12,1,340,3,3,1,0,4,1, , ,N,1,2,0,3,0,2,3,2,N,N,39 55:15.755,75 13:26.897,352, ,340, ,0, ,N, ,3, , , , , ,247893, , , ,2,2,0,0,0,0,0,0,0,0,1,1,2,0,0,0,0,0,0,0,0,0,0,1,0,0,0,0,0,0,0,0,0,0,0,3,0,39.9211,-75.2242, , 
 ,21055,2017005258,6,67,67301,2016,12,1,33,0,3,1,0,4,1, , ,N,1,2,0,3,0,2,2,2,N, ,39 55:21.701,75 09:23.883,45, ,35, ,0, , , ,3, , , , , ,247901, , , ,2,2,0,0,0,0,0,0,0,0,0,2,2,0,0,0,0,0,0,0,2,0,0,0,0,0,0,0,0,0,0,0,0,0,0,4,0,39.9227,-75.1565, , 
 ,21056,2016069452,6,67,67301,2016,7,3,1127,11,1,1,0,4,1, , ,N,3,0,2,3,0,0,5,2,N,N,39 57:18.966,75 08:51.784,1127, ,1127, ,0, ,Y, ,0, , , , , ,247907, , , ,2,0,0,0,0,0,2,0,0,0,0,0,0,0,0,0,0,0,0,0,0,0,0,0,0,0,0,0,0,0,0,0,0,0,0,0,0,39.9554,-75.1479, , 
 ,21057,2016081401,6,67,67301,2016,7,5,815,8,1,1,0,5,1, , ,N,1,2,0,3,0,0,3,2,N, ,40 05:40.718,75 00:54.707,825, ,815, ,0, , , ,3, , , , , ,247914, , , ,2,2,0,0,0,0,0,0,0,0,0,0,0,0,1,0,0,0,0,0,0,0,0,0,0,0,0,0,0,0,0,0,0,0,0,9,0,40.0946,-75.0152, , 
 ,21058,2016129418,6,67,67301,2016,11,6,2025,20,3,1,0,4,1, , ,N,0,0,0,3,0,1,3,2,N,N,39 57:42.655,75 13:31.040,2025, ,2021, ,0, ,N, ,0, , , , , ,247916, , , ,1,0,0,0,0,0,1,0,1,0,1,0,1,0,0,0,0,0,0,0,0,0,0,0,0,0,0,0,0,0,0,0,0,0,0,3,0,39.9618,-75.2253, , 
 ,21059,2016129413,6,67,67301,2016,11,6,848,8,1,1,0,4,1, , ,N,1,3,0,3,0,2,3,2,N,N,39 59:42.603,75 09:50.696,855, ,851, ,0, ,N, ,3, , , , , ,247927, , , ,2,2,0,0,0,0,0,0,0,0,0,0,2,2,1,0,0,0,0,0,0,0,0,2,0,0,0,0,0,0,0,0,0,0,0,8,0,39.9952,-75.1641, , 
 ,21060,2016077033,6,67,67301,2016,7,1,2130,21,3,1,0,1,1, , ,N,1,2,0,3,0,1,3,2,N,N,39 57:18.553,75 11:53.991,2155, ,2148, ,0, ,N, ,3, , , , , ,241569, , , ,2,2,0,0,0,0,0,0,0,0,0,1,1,0,0,0,0,0,0,0,1,0,0,0,0,0,0,0,0,0,0,0,0,0,0,4,0,39.9552,-75.1983, , 
 ,21061,2016099512,6,67,67301,2016,9,3,1400,14,1,1,0,1,1, , ,N,0,0,0,3,0,1,4,3,N,N,39 55:39.006,75 13:54.014,1520, ,1518, ,0, ,N, ,0, , , , , ,241578, , , ,3,3,0,0,0,0,0,0,0,0,1,0,1,0,3,0,0,0,0,0,0,0,0,0,0,0,0,0,0,0,0,0,0,0,0,3,0,39.9275,-75.2317, , 
 ,21062,2016106313,6,67,67301,2016,9,6,908,9,1,1,0,4,1, , ,N,1,2,0,3,0,1,2,2,N,N,40 04:17.608,75 09:27.532,913, ,910, ,0, ,N, ,3, , , , , ,241579, , , ,2,2,0,0,0,0,0,0,0,0,0,1,1,0,0,0,0,0,0,0,0,0,1,0,0,0,0,0,0,0,0,0,0,0,0,4,0,40.0716,-75.1576, , 