wz_ln_closure,objectid_1,crn,district,county,municipality,crash_year,crash_month,day_of_week,time_of_day,hour_of_day,illumination,weather,road_condition,collision_type,relation_to_road,work_zone_type,work_zone_loc,work_zone_ind,intersect_type,tcd_type,location_type,urban_rural,fatal_count,injury_count,person_count,total_units,sch_bus_ind,sch_zone_ind,latitude,longitude,arrival_tm,cons_zone_spd_lim,dispatch_tm,est_hrs_closed,lane_closed,ln_close_dir,ntfy_hiwy_maint,spec_juris_cd,tcd_func_cd,tfc_detour_ind,workers_pres,wz_close_detour,wz_flagger,wz_law_offcr_ind,objectid,wz_moving,wz_other,wz_shlder_mdn,vehicle_count,automobile_count,motorcycle_count,bus_count,small_truck_count,heavy_truck_count,suv_count,van_count,bicycle_count,maj_inj_count,mod_inj_count,min_inj_count,tot_inj_count,unk_inj_deg_count,unk_inj_per_count,driver_count_16yr,driver_count_17yr,driver_count_18yr,driver_count_19yr,driver_count_20yr,driver_count_50_64yr,driver_count_65_74yr,driver_count_75plus,unbelted_occ_count,unb_death_count,unb_maj_inj_count,belted_death_count,belted_maj_inj_count,mcycle_death_count,mcycle_maj_inj_count,bicycle_death_count,bicycle_maj_inj_count,ped_count,ped_death_count,ped_maj_inj_count,max_severity_level,comm_veh_count,dec_lat,dec_long,rdwy_surf_type_cd,county_name
 ,21063,2016112247,6,67,67301,2016,10,2,712,7,1,1,0,1,6, , ,N,0,0,0,3,0,0,1,2,N,N,39 55:13.816,75 08:57.259,718, ,713, ,0, ,N, ,0, , , , , ,241586, , , ,2,1,0,0,0,0,1,0,0,0,0,0,0,0,0,0,0,0,0,0,1,0,0,0,0,0,0,0,0,0,0,0,0,0,0,0,0,39.9205,-75.1492, , 
 ,21064,2016120624,6,67,67301,2016,10,2,44,0,3,1,0,8,1, , ,N,0,0,0,3,0,1,2,2,N,N,39 56:40.958,75 14:19.811,48, ,46, ,0, ,N, ,0, , , , , ,241590, , , ,1,0,0,0,0,0,1,0,0,0,1,0,1,0,0,0,0,0,0,0,1,0,0,1,0,0,0,0,0,0,0,0,1,0,0,3,0,39.9447,-75.2388, , 
 ,21065,2016129243,6,67,67301,2016,11,6,9999,99,4,1,0,5,1, , ,N,0,0,0,3,0,1,2,2,N,N,40 04:57.866,75 10:41.945,1809, ,1819, ,0, ,N, ,0, , , , , ,241592, , , ,2,1,0,0,0,0,1,0,0,0,0,1,1,0,0,0,0,0,0,0,1,0,0,0,0,0,0,0,0,0,0,0,0,0,0,4,0,40.0827,-75.1783, , 
 ,21066,2016129393,6,67,67301,2016,11,3,2230,22,3,1,0,7,4, , ,N,0,0,6,3,0,1,1,1,N,N,40 04:05.221,75 02:24.662,2240, ,2236, ,0, ,N, ,0, , , , , ,241599, , , ,1,0,0,0,0,0,1,0,0,0,0,0,1,1,0,0,0,0,0,0,1,0,0,0,0,0,0,0,0,0,0,0,0,0,0,8,0,40.0681,-75.0402, , 
 ,21067,2016112112,6,67,67301,2016,10,6,1224,12,1,1,0,1,1, , ,N,1,2,2,3,0,0,2,2,N, ,39 54:37.249,75 09:03.078,1230, ,1228, ,0, , , ,3, , , , , ,241600, , , ,2,1,0,0,0,0,1,0,0,0,0,0,0,0,0,0,0,0,0,0,0,0,0,0,0,0,0,0,0,0,0,0,0,0,0,0,0,39.9103,-75.1509, , 
 ,21068,2017007825,6,67,67301,2016,12,3,136,1,3,1,0,4,1, , ,N,1,2,0,3,0,1,2,2,N,N,40 03:14.662,75 09:19.914,145, ,136, ,0, ,N, ,3, , , , , ,241604, , , ,2,1,0,0,0,0,1,0,0,0,0,0,1,1,1,0,0,0,0,0,0,0,0,0,0,0,0,0,0,0,0,0,0,0,0,8,0,40.0541,-75.1555, , 
 ,21069,2017002083,6,67,67301,2016,11,4,1728,17,3,9,0,8,1, , ,N,1,3,0,3,0,1,2,2,N,N,40 00:43.642,75 08:13.671,1816, ,1815, ,0, , , ,3, , , , , ,241606, , , ,1,0,0,0,0,0,1,0,0,0,0,1,1,0,0,0,0,0,0,0,0,0,1,1,0,0,0,0,0,0,0,0,1,0,0,4,0,40.0121,-75.1371, , 
 ,21070,2017005771,6,67,67301,2016,12,4,516,5,3,1,0,8,1, , ,N,0,0,0,3,0,1,2,2,N, ,40 01:41.183,75 08:49.266,530, ,516, ,0, , , ,0, , , , , ,241607, , , ,1,1,0,0,0,0,0,0,0,0,0,0,1,1,0,0,0,0,0,0,1,0,0,0,0,0,0,0,0,0,0,0,1,0,0,8,0,40.0281,-75.147, , 
 ,21071,2016053754,6,67,67301,2016,5,2,9999,99,3,1,0,1,6, , ,N,0,0,0,3,0,2,2,2,N, ,40 01:35.502,75 07:09.020,139, ,736,9,1,3, , ,0,N, , , , ,241616, , , ,2,1,0,0,1,0,0,0,0,0,0,0,2,2,0,0,0,0,0,0,0,0,0,0,0,0,0,0,0,0,0,0,0,0,0,8,0,40.0265,-75.1192, , 
 ,21072,2016080269,6,67,67301,2016,7,3,1900,19,1,1,0,4,1, , ,N,1,2,0,3,0,1,2,2,N,N,40 03:45.914,75 03:27.576,9999, ,1909,9,1,3,N, ,3,N, , , , ,241634, , , ,2,1,1,0,0,0,0,0,0,0,1,0,1,0,0,0,0,0,0,0,0,0,0,0,0,0,0,0,0,0,0,0,0,0,0,3,0,40.0628,-75.0577, , 
 ,21073,2016112222,6,67,67301,2016,10,6,744,7,1,1,0,8,1, , ,N,1,2,0,3,0,1,2,2,N,N,39 58:44.043,75 09:34.387,831, ,829, ,0, ,N, ,3, , , , , ,241653, , , ,1,1,0,0,0,0,0,0,0,0,1,0,1,0,0,0,0,0,0,0,0,0,0,0,0,0,0,0,0,0,0,0,1,0,0,3,0,39.9789,-75.1594, , 
 ,21074,2016127835,6,67,67301,2016,11,2,9999,99,1,1,0,4,1, , ,N,1,2,0,3,0,1,2,2,N,N,39 57:53.673,75 13:28.432,850, ,830, ,0, ,N, ,3, , , , , ,241655, , , ,1,0,0,0,0,0,1,0,1,0,0,1,1,0,0,0,0,0,0,0,0,1,0,0,0,0,0,0,0,0,0,0,0,0,0,4,0,39.9649,-75.2246, , 
 ,21075,2016135841,6,67,67301,2016,11,4,2200,22,3,2,1,7,4, , ,N,1,2,0,3,0,0,1,1,N, ,39 59:11.018,75 10:10.592,2200, ,2200, ,0, ,N, ,3, , , , , ,241669, , , ,1,1,0,0,0,0,0,0,0,0,0,0,0,0,0,0,0,0,0,0,0,0,0,0,0,0,0,0,0,0,0,0,0,0,0,0,0,39.9864,-75.1696, , 
 ,21076,2017019611,6,67,67301,2016,12,7,620,6,5,1,0,5,1, , ,N,0,0,6,3,0,1,3,2,N,N,40 02:48.623,75 03:07.389,620, ,620, ,0, ,N, ,0, , , , , ,241680, , , ,2,2,0,0,0,0,0,0,0,0,0,1,1,0,0,0,0,0,1,0,0,0,0,0,0,0,0,0,0,0,0,0,0,0,0,4,0,40.0468,-75.0521, , 
 ,21077,2016117773,6,67,67301,2016,10,2,1915,19,3,1,0,1,1, , ,N,0,2,0,3,0,0,2,3,N,N,40 03:16.647,75 08:57.824,1935, ,1930, ,0, , , ,3, , , , , ,241684, , , ,3,0,0,0,1,0,2,0,0,0,0,0,0,0,0,0,0,0,0,0,1,1,0,0,0,0,0,0,0,0,0,0,0,0,0,0,0,40.0546,-75.1494, , 
 ,21078,2017005311,6,67,67301,2016,12,5,1053,10,1,1,0,5,1, , ,N,0,0,0,3,0,0,3,3,N,N,39 55:37.335,75 11:42.753,1056, ,1053,1,1,3, , ,0,N, , , , ,244609, , , ,3,3,0,0,0,0,0,0,0,0,0,0,0,0,0,0,0,0,0,0,0,0,0,0,0,0,0,0,0,0,0,0,0,0,0,0,0,39.927,-75.1952, , 
 ,21079,2017018514,6,67,67301,2016,6,5,9999,99,1,1,0,7,4, , ,N,0,0,0,3,0,2,2,1,N,N,39 56:16.300,75 11:07.200,0, ,0, ,0, ,N, ,0, , , , , ,244610, , , ,1,1,0,0,0,0,0,0,0,0,2,0,2,0,0,0,0,0,0,0,0,0,0,0,0,0,0,0,0,0,0,0,0,0,0,3,0,39.9379,-75.1853, , 
 ,21080,2017007787,6,67,67301,2016,12,2,1920,19,3,1,0,4,1, , ,N,1,2,0,3,0,0,2,2,N,N,39 56:22.681,75 11:53.378,1928, ,1921, ,0, ,N, ,3, , , , , ,244612, , , ,2,2,0,0,0,0,0,0,0,0,0,0,0,0,0,0,0,0,0,0,0,0,0,0,0,0,0,0,0,0,0,0,0,0,0,0,0,39.9396,-75.1982, , 
 ,21081,2017016587,6,67,67301,2016,11,1,631,6,3,1,0,7,5, , ,N,0,0,0,3,0,1,1,1,N,N,39 59:33.671,75 12:02.674,637, ,631,3,1,4, , ,0,N, , , , ,244613, , , ,1,1,0,0,0,0,0,0,0,0,0,0,1,1,0,0,0,0,0,0,0,0,0,1,0,0,0,0,0,0,0,0,0,0,0,8,0,39.9927,-75.2007, , 
 ,21082,2016084637,6,67,67301,2016,8,3,27,0,3,1,0,7,4, , ,N,0,0,0,3,0,0,1,1,N, ,39 54:17.496,75 10:09.843,33, ,29, ,0, , , ,0, , , , , ,244616, , , ,1,1,0,0,0,0,0,0,0,0,0,0,0,0,0,0,0,0,0,0,0,0,0,0,0,0,0,0,0,0,0,0,0,0,0,0,0,39.9049,-75.1694, , 
 ,21083,2016084613,6,67,67301,2016,8,5,9999,99,1,1,0,5,1, , ,N,0,0,0,3,0,1,2,2,N,N,39 57:49.420,75 08:47.356,1530, ,1522, ,0, ,N, ,0, , , , , ,244623, , , ,1,1,0,0,0,0,0,0,1,0,0,0,1,1,0,0,0,0,0,0,0,0,0,1,0,0,0,0,0,0,0,0,0,0,0,8,0,39.9637,-75.1465, , 
 ,21084,2016102728,6,67,67301,2016,10,4,1010,10,1,1,0,8,1, , ,N,1,2,0,3,0,1,2,2,N,N,40 03:25.695,75 07:44.358,1023, ,1017, ,0, ,N, ,3, , , , , ,244624, , , ,1,1,0,0,0,0,0,0,0,0,1,0,1,0,0,0,0,0,0,0,0,0,0,0,0,0,0,0,0,0,0,0,1,0,0,3,0,40.0571,-75.1291, , 
 ,21085,2016117762,6,67,67301,2016,10,6,1701,17,1,1,0,8,1, , ,N,1,2,0,3,0,1,2,2,N,N,40 00:36.265,75 09:27.402,1708, ,1708, ,0, ,N, ,3, , , , , ,244639, , , ,1,1,0,0,0,0,0,0,0,0,0,0,1,1,0,0,0,0,0,0,0,0,0,1,0,0,0,0,0,0,0,0,1,0,0,8,0,40.0101,-75.1576, , 
 ,21086,2016126042,6,67,67301,2016,11,4,1642,16,3,2,1,8,1, , ,N,1,2,0,3,0,1,2,2,N,N,40 03:00.190,75 09:01.655,1715, ,1713, ,0, ,N, ,3, , , , , ,244652, , , ,1,0,0,0,0,0,1,0,0,0,0,1,1,0,0,0,0,0,0,0,0,0,0,0,0,0,0,0,0,0,0,0,1,0,0,4,0,40.0501,-75.1505, , 
 ,21087,2017001637,6,67,67301,2016,12,5,556,5,5,1,0,6,1, , ,N,1,2,0,3,0,0,3,3,N,N,40 01:29.110,75 08:58.358,620, ,616, ,0, , , ,3, , , , , ,244663, , , ,3,2,0,0,0,0,0,1,0,0,0,0,0,0,0,0,0,0,0,0,1,0,0,1,0,0,0,0,0,0,0,0,0,0,0,0,0,40.0248,-75.1495, , 
 ,21088,2016120506,6,67,67301,2016,10,5,2100,21,2,2,1,1,1, , ,N,0,0,0,3,0,1,3,3,N, ,40 01:45.530,75 11:22.891,2105, ,2100, ,0, , , ,0, , , , , ,244672, , , ,3,2,0,0,0,0,1,0,0,0,0,1,1,0,2,0,0,1,0,0,0,0,0,0,0,0,0,0,0,0,0,0,0,0,0,4,0,40.0293,-75.1897, , 
 ,21089,2016134635,6,67,67301,2016,12,2,1721,17,3,1,0,1,1, , ,N,0,0,0,3,0,2,3,3,N,N,39 54:29.018,75 08:58.403,1727, ,1721, ,0, , , ,0, , , , , ,244677, , , ,3,3,0,0,0,0,0,0,0,0,0,0,2,2,0,0,0,0,0,0,1,0,0,0,0,0,0,0,0,0,0,0,0,0,0,8,0,39.9081,-75.1496, , 
 ,21090,2016131510,6,67,67301,2016,12,7,1338,13,1,1,0,1,1, , ,N,0,0,0,3,0,2,4,3,N,N,40 01:35.102,75 01:37.267,1350, ,1340,1,1,2, , ,0,N, , , , ,244682, , , ,3,2,0,0,0,0,0,1,0,0,0,0,2,2,0,0,0,0,0,0,1,1,0,1,0,0,0,0,0,0,0,0,0,0,0,8,0,40.0264,-75.027, , 
 ,21091,2016135645,6,67,67301,2016,12,1,603,6,5,1,0,8,6, , ,N,0,0,0,3,0,1,2,2,N,N,39 52:54.609,75 14:25.584,607, ,605, ,0, ,N, ,0, , , , , ,244696, , , ,1,0,0,0,0,0,0,1,0,0,0,0,1,1,0,0,0,0,0,0,1,0,0,1,0,0,0,0,0,0,0,0,1,0,0,8,0,39.8818,-75.2404, , 
 ,21092,2017007880,6,67,67301,2016,12,6,200,2,3,1,0,7,4, , ,N,0,0,0,3,0,1,1,3,N,N,39 56:22.331,75 14:08.298,220, ,212, ,0, ,N, ,0, , , , , ,244704, , , ,3,2,0,0,0,0,0,1,0,0,0,1,1,0,0,0,0,0,0,0,0,0,0,0,0,0,0,0,0,0,0,0,0,0,0,4,0,39.9395,-75.2356, , 
 ,21093,2016120561,6,67,67301,2016,10,3,2010,20,3,1,0,4,1, , ,N,1,3,0,3,0,3,3,2,N,N,40 00:33.940,75 08:24.511,2016, ,2014, ,0, ,N, ,3, , , , , ,244716, , , ,2,2,0,0,0,0,0,0,0,0,0,3,3,0,0,0,0,0,0,0,2,0,0,0,0,0,0,0,0,0,0,0,0,0,0,4,0,40.0094,-75.1401, , 
 ,21094,2016126079,6,67,67301,2016,11,3,1004,10,1,1,0,4,1, , ,N,1,3,0,3,0,1,2,2,N,N,39 58:48.867,75 10:52.035,1038, ,1034, ,0, ,N, ,3, , , , , ,244721, , , ,2,2,0,0,0,0,0,0,0,0,0,1,1,0,0,0,0,0,0,0,0,0,0,1,0,0,0,0,0,0,0,0,0,0,0,4,0,39.9802,-75.1811, , 
 ,21095,2016122629,6,67,67301,2016,10,1,805,8,1,1,0,7,4, , ,N,2,0,0,3,0,0,1,1,N,N,39 58:30.789,75 13:20.973,825, ,810, ,0, ,N, ,0, , , , , ,244742, , , ,1,1,0,0,0,0,0,0,0,0,0,0,0,0,0,0,0,0,0,0,1,0,0,1,0,0,0,0,0,0,0,0,0,0,0,0,0,39.9752,-75.2225, , 
 ,21096,2016112067,6,67,67301,2016,10,5,1130,11,1,1,0,4,1, , ,N,1,3,0,3,0,0,2,2,N,N,39 59:15.679,75 09:16.209,1142, ,1140, ,0, ,N, ,3, , , , , ,244745, , , ,2,2,0,0,0,0,0,0,0,0,0,0,0,0,0,0,0,0,0,0,0,0,0,0,0,0,0,0,0,0,0,0,0,0,0,0,0,39.9877,-75.1545, , 
 ,21097,2016126022,6,67,67301,2016,11,4,1500,15,1,2,1,8,1, , ,N,2,0,0,3,0,1,2,2,N, ,40 02:19.971,75 04:22.591,1512, ,1504, ,0, , , ,0, , , , , ,250775, , , ,1,0,0,0,0,0,0,1,0,0,0,0,1,1,0,0,0,0,0,0,0,0,0,1,0,0,0,0,0,0,0,0,1,0,0,8,0,40.0389,-75.0729, , 
 ,21098,2016129395,6,67,67301,2016,11,1,1240,12,1,1,0,4,1, , ,N,1,2,0,3,0,3,3,2,N, ,40 02:20.475,75 03:22.611,1306, ,1245, ,0, , , ,3, , , , , ,250777, , , ,2,2,0,0,0,0,0,0,0,0,0,3,3,0,0,0,0,0,0,0,0,0,0,0,0,0,0,0,0,0,0,0,0,0,0,4,0,40.039,-75.0563, , 
 ,21099,2016135656,6,67,67301,2016,12,7,1950,19,2,1,0,1,1, , ,N,2,0,0,3,0,0,3,2,N,N,39 53:36.121,75 13:33.938,1959, ,1952,3,1,4, , ,0,N, , , , ,250783, , , ,2,1,0,0,1,0,0,0,0,0,0,0,0,0,0,0,0,1,0,0,0,0,0,0,0,0,0,0,0,0,0,0,0,0,0,0,0,39.8934,-75.2261, , 
 ,21100,2016138151,6,67,67301,2016,12,7,2321,23,3,1,0,5,6, , ,N,0,0,0,3,0,1,1,2,N, ,40 01:38.987,75 05:47.032,2326, ,2321,2,1,1, , ,0,Y, , , , ,250786, , , ,2,1,0,0,0,0,1,0,0,0,0,0,1,1,0,0,0,0,0,0,1,0,0,0,0,0,0,0,0,0,0,0,0,0,0,8,0,40.0275,-75.0964, , 
 ,21101,2016062672,6,67,67301,2016,5,7,2354,23,3,2,1,4,1, , ,N,1,2,0,3,0,0,2,2,N,N,40 03:41.185,75 05:01.882,10, ,5, ,0, ,N, ,3, , , , , ,250822, , , ,2,2,0,0,0,0,0,0,0,0,0,0,0,0,0,0,0,0,0,0,0,0,0,0,0,0,0,0,0,0,0,0,0,0,0,0,0,40.0614,-75.0839, , 
 ,21102,2016120594,6,67,67301,2016,10,5,1053,10,1,1,0,4,1, , ,N,1,2,0,3,0,2,3,2,N, ,40 00:25.796,75 05:55.483,1057, ,1055, ,0, , , ,3, , , , , ,250864, , , ,2,1,0,0,0,0,0,1,0,0,0,2,2,0,0,0,0,0,0,0,0,1,0,0,0,0,0,0,0,0,0,0,0,0,0,4,0,40.0072,-75.0987, , 
 ,21103,2017017523,6,67,67301,2016,5,6,1700,17,1,1,0,4,1, , ,N,0,0,7,3,0,2,3,2,N,N,40 00:34.041,75 10:48.617,0, ,0, ,0, ,N, ,0, , , , , ,250883, , , ,2,2,0,0,0,0,0,0,0,0,1,0,2,1,0,0,0,0,0,0,0,0,0,0,0,0,0,0,0,0,0,0,0,0,0,3,0,40.0095,-75.1802, , 
 ,21104,2017004182,6,67,67301,2016,12,6,1837,18,3,1,0,4,1, , ,N,1,3,0,3,0,0,3,2,N,N,40 03:35.406,75 03:58.499,1845, ,1838, ,0, ,N, ,3, , , , , ,250917, , , ,2,2,0,0,0,0,0,0,0,0,0,0,0,0,0,0,0,0,0,0,0,1,0,0,0,0,0,0,0,0,0,0,0,0,0,0,0,40.0598,-75.0662, , 
 ,21105,2017007827,6,67,67301,2016,12,7,430,4,3,3,5,1,1, , ,N,1,2,0,3,0,1,3,4,N,N,40 01:15.522,75 08:23.479,440, ,436,1,1,1, , ,3,Y, , , , ,250918, , , ,4,1,0,0,0,0,1,0,0,0,0,1,1,0,0,0,0,0,0,0,0,0,0,0,0,0,0,0,0,0,0,0,0,0,0,4,0,40.021,-75.1399, , 
 ,21106,2016120488,6,67,67301,2016,10,5,1423,14,1,2,1,1,1, , ,N,0,0,0,3,0,1,2,2,N, ,40 01:01.930,75 08:50.082,1425, ,1423, ,0, , , ,0, , , , , ,250921, , , ,2,2,0,0,0,0,0,0,0,0,0,1,1,0,0,0,0,0,0,0,0,0,0,1,0,0,0,0,0,0,0,0,0,0,0,4,0,40.0172,-75.1472, , 
 ,21107,2016117787,6,67,67301,2016,10,7,1645,16,1,1,0,6,1, , ,N,0,0,0,3,0,0,2,2,N,N,40 01:28.174,75 12:51.688,1658, ,1654, ,0, ,N, ,0, , , , , ,250924, , , ,2,1,0,0,1,0,0,0,0,0,0,0,0,0,1,0,0,0,0,0,0,0,0,0,0,0,0,0,0,0,0,0,0,0,0,9,0,40.0245,-75.2144, , 
 ,21108,2016112210,6,67,67301,2016,10,7,1615,16,1,2,1,1,1, , ,N,1,2,0,3,0,0,3,2,N,N,40 04:22.410,75 04:33.193,1625, ,1623, ,0, ,N, ,3, , , , , ,250929, , , ,2,2,0,0,0,0,0,0,0,0,0,0,0,0,0,0,0,1,0,0,0,0,0,0,0,0,0,0,0,0,0,0,0,0,0,0,0,40.0729,-75.0759, , 
 ,21109,2016129530,6,67,67301,2016,11,3,1023,10,1,1,0,4,1, , ,N,2,3,0,3,0,1,3,3,N, ,40 02:29.954,75 07:35.057,1028, ,1025,2,2,1, , ,3,Y, , , , ,250936, , , ,3,2,0,0,0,0,1,0,0,0,0,0,1,1,0,0,0,0,0,0,0,0,0,2,0,0,0,0,0,0,0,0,0,0,0,8,0,40.0417,-75.1264, , 
 ,21110,2017003662,6,67,67301,2016,12,6,1155,11,1,1,0,4,1, , ,N,0,0,7,3,0,1,3,2,N, ,39 56:44.422,75 14:23.911,1210, ,1202, ,0, , , ,0, , , , , ,250948, , , ,2,2,0,0,0,0,0,0,0,0,0,1,1,0,0,0,0,0,0,0,0,0,1,1,0,0,0,0,0,0,0,0,0,0,0,4,0,39.9457,-75.24, , 
 ,21111,2016124576,6,67,67301,2016,10,2,1804,18,3,1,0,1,1, , ,N,0,0,0,3,0,1,4,3,N,N,39 59:32.181,75 12:05.138,1811, ,1804,1,1,4, , ,0,N, , , , ,250955, , , ,3,1,0,0,0,0,2,0,0,0,0,0,1,1,0,0,0,0,0,0,2,0,0,0,0,0,0,0,0,0,0,0,0,0,0,8,0,39.9923,-75.2014, , 
 ,21112,2016117679,6,67,67301,2016,10,7,2230,22,3,1,0,4,1, , ,N,1,3,0,3,0,0,2,2,N, ,40 00:43.977,75 08:16.141,2025, ,2020, ,0, , , ,3, , , , , ,250958, , , ,2,0,0,0,0,0,2,0,0,0,0,0,0,0,0,0,0,0,0,0,0,0,0,1,0,0,0,0,0,0,0,0,0,0,0,0,0,40.0122,-75.1378, , 
 ,21113,2016138159,6,67,67301,2016,11,2,814,8,1,1,0,7,4,1,4,Y,0,0,0,3,0,0,1,1,N,N,40 01:00.004,75 10:29.567,922,99,817,9,1,2,Y, ,0,N,U, , ,U,250961, , ,Y,1,1,0,0,0,0,0,0,0,0,0,0,0,0,0,0,0,0,0,0,0,0,0,0,0,0,0,0,0,0,0,0,0,0,0,0,0,40.0167,-75.1749, , 
 ,21114,2016132123,6,67,67301,2016,11,6,1904,19,3,2,1,1,1, , ,N,2,3,0,3,0,1,3,2,N,N,39 54:51.897,75 13:25.003,1911, ,1906, ,0, , , ,3, , , , , ,250962, , , ,2,0,0,0,0,0,2,0,0,0,0,1,1,0,0,0,0,0,0,0,1,0,0,0,0,0,0,0,0,0,0,0,0,0,0,4,0,39.9144,-75.2236, , 
 ,21115,2016096634,6,67,67301,2016,9,1,1530,15,1,1,0,2,6, , ,N,0,0,0,3,0,0,1,3,N, ,39 57:11.574,75 13:26.590,9999, ,9999,9,1,3, , ,0,N, , , , ,247936, , , ,3,1,0,0,0,0,0,1,0,0,0,0,0,0,1,0,0,0,0,0,0,0,0,0,0,0,0,0,0,0,0,0,0,0,0,9,0,39.9532,-75.2241, , 
 ,21116,2016119643,6,67,67301,2016,10,6,1800,18,3,1,0,5,1, , ,N,0,0,0,3,0,1,3,2,N,N,39 58:51.761,75 14:10.994,9999, ,9999, ,0, ,N, ,0, , , , , ,247956, , , ,2,1,0,0,0,0,1,0,0,0,0,0,1,1,0,0,0,0,0,0,0,0,0,0,0,0,0,0,0,0,0,0,0,0,0,8,0,39.981,-75.2364, , 
 ,21117,2016120522,6,67,67301,2016,10,6,2010,20,3,1,0,2,1, , ,N,0,2,0,3,0,0,3,3,N,N,40 01:47.890,75 02:06.129,2015, ,2014,1,2,6,N, ,3,Y, , , , ,247970, , , ,3,1,0,0,0,0,2,0,0,0,0,0,0,0,0,0,0,0,0,0,0,0,0,0,0,0,0,0,0,0,0,0,0,0,0,0,0,40.03,-75.035, , 
 ,21118,2017007950,6,67,67301,2016,12,5,1921,19,3,1,0,8,1, , ,N,1,2,0,3,0,1,2,2,N,N,40 02:44.293,75 07:42.485,2000, ,1958, ,0, , , ,3, , , , , ,248000, , , ,1,1,0,0,0,0,0,0,0,0,0,1,1,0,0,0,0,0,0,0,0,1,0,0,0,0,0,0,0,0,0,0,1,0,0,4,0,40.0456,-75.1285, , 
 ,21119,2016132160,6,67,67301,2016,11,3,1601,16,4,2,1,6,6, , ,N,0,0,0,3,0,1,1,3,N,N,40 03:14.886,74 59:01.435,1606, ,1603, ,0, ,N, ,0, , , , , ,248014, , , ,3,1,0,0,0,0,2,0,0,0,1,0,1,0,0,0,0,0,0,0,0,0,0,0,0,0,0,0,0,0,0,0,0,0,0,3,0,40.0541,-74.9837, , 
 ,21120,2016135845,6,67,67301,2016,12,5,1750,17,3,1,0,4,1, , ,N,1,2,2,3,0,1,8,4,N,N,40 00:28.561,75 11:29.319,1801, ,1757,2,1,2,N, ,3,Y, , , , ,248022, , , ,4,3,0,0,0,0,1,0,0,0,1,0,1,0,0,0,0,0,0,0,1,1,0,0,0,0,0,0,0,0,0,0,0,0,0,3,0,40.0079,-75.1915, , 
 ,21121,2017021103,6,67,67301,2016,8,2,1430,14,1,1,0,1,1, , ,N,1,2,0,3,0,2,2,2,N,N,39 55:05.239,75 10:51.193,0, ,0, ,0, ,N, ,3, , , , , ,248049, , , ,2,0,0,0,0,0,0,0,0,0,0,0,2,2,0,0,0,0,0,0,0,0,0,0,0,0,0,0,0,0,0,0,0,0,0,8,0,39.9181,-75.1809, , 
 ,21122,2016117794,6,67,67301,2016,10,1,530,5,3,1,0,2,6, , ,N,0,0,0,3,0,0,1,2,N,N,39 59:27.608,75 06:30.916,545, ,538, ,0, ,N, ,0, , , , , ,248105, , , ,2,2,0,0,0,0,0,0,0,0,0,0,0,0,0,0,0,0,0,0,0,0,0,0,0,0,0,0,0,0,0,0,0,0,0,0,0,39.991,-75.1086, , 
 ,21123,2016138147,6,67,67301,2016,12,1,1110,11,1,1,0,4,1, , ,N,1,3,0,3,0,0,2,2,N,N,40 03:57.202,75 10:35.464,1200, ,1155, ,0, ,N, ,3, , , , , ,248127, , , ,2,2,0,0,0,0,0,0,0,0,0,0,0,0,0,0,0,0,0,0,0,0,0,0,0,0,0,0,0,0,0,0,0,0,0,0,0,40.0659,-75.1765, , 
 ,21124,2017005248,6,67,67301,2016,12,4,9999,99,1,1,0,8,1, , ,N,0,0,0,3,0,1,2,2,N,N,39 54:55.746,75 14:06.982,741, ,734, ,0, , , ,0, , , , , ,248132, , , ,1,0,0,0,0,0,0,1,0,0,0,0,1,1,0,0,0,0,0,0,0,0,0,1,0,0,0,0,0,0,0,0,1,0,0,8,0,39.9155,-75.2353, , 
 ,21125,2016080648,6,67,67301,2016,7,6,645,6,1,1,0,4,1, , ,N,1,2,0,3,0,0,3,2,N,N,39 57:06.275,75 09:29.915,710, ,9999, ,0, ,N, ,3, , , , , ,248144, , , ,2,0,0,0,1,0,1,0,0,0,0,0,0,0,0,0,0,0,0,0,1,0,0,0,0,0,0,0,0,0,0,0,0,0,0,0,0,39.9517,-75.1582, , 
 ,21126,2016135691,6,67,67301,2016,12,3,1600,16,1,2,1,4,1, , ,N,0,0,7,3,0,0,2,2,N, ,40 04:55.086,74 57:50.636,1605, ,1600, ,0, , , ,0, , , , , ,248159, , , ,2,0,0,0,0,0,1,1,0,0,0,0,0,0,0,0,0,0,0,0,1,0,0,0,0,0,0,0,0,0,0,0,0,0,0,0,0,40.082,-74.9641, , 
 ,21127,2017007809,6,67,67301,2016,12,7,1055,10,1,1,0,1,1, , ,N,0,0,0,3,0,1,3,3,N,N,39 55:50.096,75 08:39.452,1106, ,1103, ,0, ,N, ,0, , , , , ,248162, , , ,3,2,0,0,0,0,1,0,0,0,0,0,1,1,0,0,0,0,0,0,0,0,0,0,0,0,0,0,0,0,0,0,0,0,0,8,0,39.9306,-75.1443, , 
 ,21128,2016102542,6,67,67301,2016,9,6,807,8,1,2,1,7,2, , ,N,0,0,0,3,0,0,3,1,N,N,40 02:12.947,75 00:48.895,816, ,807,1,1,1, , ,0,N, , , , ,248164, , , ,1,1,0,0,0,0,0,0,0,0,0,0,0,0,0,0,0,0,0,0,0,0,0,0,0,0,0,0,0,0,0,0,0,0,0,0,0,40.0369,-75.0136, , 
 ,21129,2016138255,6,67,67301,2016,12,1,515,5,3,1,0,5,6, , ,N,0,0,0,3,0,0,2,2,N,N,40 02:18.502,75 09:45.795,520, ,519,3,2,5,N, ,0,Y, , , , ,248205, , , ,2,2,0,0,0,0,0,0,0,0,0,0,0,0,0,0,0,0,0,0,0,0,0,1,0,0,0,0,0,0,0,0,0,0,0,0,0,40.0385,-75.1627, , 