wz_ln_closure,objectid_1,crn,district,county,municipality,crash_year,crash_month,day_of_week,time_of_day,hour_of_day,illumination,weather,road_condition,collision_type,relation_to_road,work_zone_type,work_zone_loc,work_zone_ind,intersect_type,tcd_type,location_type,urban_rural,fatal_count,injury_count,person_count,total_units,sch_bus_ind,sch_zone_ind,latitude,longitude,arrival_tm,cons_zone_spd_lim,dispatch_tm,est_hrs_closed,lane_closed,ln_close_dir,ntfy_hiwy_maint,spec_juris_cd,tcd_func_cd,tfc_detour_ind,workers_pres,wz_close_detour,wz_flagger,wz_law_offcr_ind,objectid,wz_moving,wz_other,wz_shlder_mdn,vehicle_count,automobile_count,motorcycle_count,bus_count,small_truck_count,heavy_truck_count,suv_count,van_count,bicycle_count,maj_inj_count,mod_inj_count,min_inj_count,tot_inj_count,unk_inj_deg_count,unk_inj_per_count,driver_count_16yr,driver_count_17yr,driver_count_18yr,driver_count_19yr,driver_count_20yr,driver_count_50_64yr,driver_count_65_74yr,driver_count_75plus,unbelted_occ_count,unb_death_count,unb_maj_inj_count,belted_death_count,belted_maj_inj_count,mcycle_death_count,mcycle_maj_inj_count,bicycle_death_count,bicycle_maj_inj_count,ped_count,ped_death_count,ped_maj_inj_count,max_severity_level,comm_veh_count,dec_lat,dec_long,rdwy_surf_type_cd,county_name
 ,21130,2017001632,6,67,67301,2016,12,1,250,2,3,1,0,7,4, , ,N,0,0,0,3,0,0,1,1,N, ,40 03:01.665,75 05:09.808,345, ,305,2,1,1, , ,0,N, , , , ,248211, , , ,1,1,0,0,0,0,0,0,0,0,0,0,0,0,0,0,0,0,0,0,0,0,0,1,0,0,0,0,0,0,0,0,0,0,0,0,0,40.0505,-75.0861, , 
 ,21131,2016132143,6,67,67301,2016,11,3,1920,19,3,1,0,1,1, , ,N,0,0,0,3,0,2,3,2,N, ,39 54:24.013,75 11:37.709,1940, ,1937,4,1,1, , ,0,Y, , , , ,248226, , , ,2,2,0,0,0,0,0,0,0,0,0,2,2,0,0,0,0,0,0,0,1,0,0,1,0,0,0,0,0,0,0,0,0,0,0,4,0,39.9067,-75.1938, , 
 ,21132,2016127803,6,67,67301,2016,11,2,1105,11,1,1,0,5,6, , ,N,0,0,0,3,0,0,1,3,N,N,40 03:56.660,75 12:12.279,1130, ,1107, ,0, ,N, ,0, , , , , ,248233, , , ,3,1,0,0,0,0,2,0,0,0,0,0,0,0,0,0,0,0,0,0,1,0,0,0,0,0,0,0,0,0,0,0,0,0,0,0,0,40.0657,-75.2034, , 
 ,21133,2016084750,6,67,67301,2016,8,7,1643,16,1,1,0,5,1, , ,N,0,0,0,3,0,0,4,2,N,N,39 57:39.189,75 08:25.683,1700, ,1645, ,0, , , ,0, , , , , ,248256, , , ,2,1,0,0,1,0,0,0,0,0,0,0,0,0,1,0,0,0,0,0,1,0,0,0,0,0,0,0,0,0,0,0,0,0,0,9,0,39.9609,-75.1405, , 
 ,21134,2016138203,6,67,67301,2016,12,6,1556,15,1,1,0,8,1, , ,N,1,3,0,3,0,1,2,2,N,N,39 55:24.272,75 09:09.287,1559, ,1557, ,0, , , ,3, , , , , ,241710, , , ,1,0,0,0,0,0,1,0,0,0,1,0,1,0,0,0,0,0,0,0,0,1,0,0,0,0,0,0,0,0,0,0,1,0,0,3,0,39.9234,-75.1526, , 
 ,21135,2016060823,6,67,67301,2016,5,2,1710,17,1,1,0,4,1, , ,N,1,2,0,3,0,1,2,2,N, ,40 03:45.914,75 03:27.576,1732, ,1715, ,0, , , ,3, , , , , ,241720, , , ,2,2,0,0,0,0,0,0,0,0,0,0,1,1,1,0,0,0,0,0,1,0,0,0,0,0,0,0,0,0,0,0,0,0,0,8,0,40.0628,-75.0577, , 
 ,21136,2016126158,6,67,67301,2016,11,7,1959,19,3,1,0,8,1, , ,N,1,2,0,3,0,1,2,2,N,N,39 59:40.673,75 05:40.311,9999, ,1959, ,0, ,N, ,3, , , , , ,241757, , , ,1,0,0,0,0,0,1,0,0,0,1,0,1,0,0,0,0,0,0,0,0,1,0,1,0,0,0,0,0,0,0,0,1,0,0,3,0,39.9946,-75.0945, , 
 ,21137,2017005257,6,67,67301,2016,12,1,1826,18,3,1,0,4,1, , ,N,1,2,0,3,0,2,4,2,N,N,39 55:31.400,75 10:39.093,1835, ,1827,1,2,6, , ,3,Y, , , , ,241765, , , ,2,1,0,1,0,0,0,0,0,0,0,1,2,1,0,0,0,0,0,0,2,0,0,0,0,0,0,0,0,0,0,0,0,0,0,4,1,39.9254,-75.1775, , 
 ,21138,2016063877,6,67,67301,2016,6,7,1850,18,1,1,0,8,1, , ,N,1,3,0,3,0,1,2,2,N,N,40 02:19.640,75 07:25.924,1918, ,1857, ,0, , , ,3, , , , , ,241779, , , ,1,1,0,0,0,0,0,0,0,0,0,1,1,0,0,0,0,0,0,1,0,0,0,0,0,0,0,0,0,0,0,0,1,0,0,4,0,40.0388,-75.1239, , 
 ,21139,2016064168,6,67,67301,2016,6,5,1551,15,1,1,0,1,1, , ,N,0,0,0,3,0,2,6,2,N,N,39 56:44.672,75 11:24.381,1608, ,1555,2,1,3, , ,0,N, , , , ,241780, , , ,2,0,0,0,1,0,1,0,0,0,0,0,2,2,0,0,0,0,0,0,2,0,0,0,0,0,0,0,0,0,0,0,0,0,0,8,0,39.9457,-75.1901, , 
 ,21140,2017021395,6,67,67301,2016,8,4,1730,17,1,1,0,1,1, , ,N,0,0,0,3,0,1,3,2,N,N,39 59:59.921,75 05:03.464,0, ,0, ,0, ,N, ,0, , , , , ,241795, , , ,2,2,0,0,0,0,0,0,0,1,0,0,1,0,0,0,0,0,0,0,0,0,0,1,0,0,0,1,0,0,0,0,0,0,0,2,0,40,-75.0843, , 
 ,21141,2016105737,6,67,67301,2016,9,2,15,0,3,1,0,1,1, , ,N,1,2,0,3,0,2,2,2,N,N,40 01:56.965,75 04:51.304,30, ,24,9,1,1,N, ,3,N, , , , ,241798, , , ,2,1,0,0,1,0,0,0,0,0,0,1,2,1,0,0,0,0,0,0,0,0,0,0,0,0,0,0,0,0,0,0,0,0,0,4,0,40.0325,-75.0809, , 
 ,21142,2016119124,6,67,67301,2016,10,5,1725,17,1,1,0,5,1, , ,N,0,0,0,3,0,1,2,2,N,N,40 00:19.564,75 09:07.061,1746, ,1732, ,0, ,N, ,0, , , , , ,241804, , , ,2,2,0,0,0,0,0,0,0,0,1,0,1,0,0,0,0,0,0,1,0,0,0,1,0,0,0,0,0,0,0,0,0,0,0,3,0,40.0054,-75.152, , 
 ,21143,2016129345,6,67,67301,2016,11,3,1808,18,3,1,0,5,6, , ,N,0,0,0,3,0,1,1,2,N, ,40 01:48.932,75 12:39.016,1818, ,1814, ,0, , , ,0, , , , , ,241821, , , ,2,1,0,0,0,0,1,0,0,0,0,1,1,0,0,0,0,0,0,0,0,0,1,0,0,0,0,0,0,0,0,0,0,0,0,4,0,40.0303,-75.2108, , 
 ,21144,2016135649,6,67,67301,2016,12,1,555,5,3,1,0,2,1, , ,N,2,2,0,3,0,2,3,2,N,N,40 01:04.614,75 03:04.995,602, ,558,2,1,2, , ,3,N, , , , ,241823, , , ,2,2,0,0,0,0,0,0,0,0,0,2,2,0,0,0,0,0,0,0,0,0,0,0,0,0,0,0,0,0,0,0,0,0,0,4,0,40.0179,-75.0514, , 
 ,21145,2017004189,6,67,67301,2016,12,6,1638,16,4,1,0,8,1, , ,N,1,2,0,3,0,1,2,2,N,N,40 02:21.129,75 04:00.301,1642, ,1640, ,0, ,N, ,3, , , , , ,241830, , , ,1,1,0,0,0,0,0,0,0,0,1,0,1,0,0,0,0,0,0,0,0,0,0,1,0,0,0,0,0,0,0,0,1,0,0,3,0,40.0392,-75.0668, , 
 ,21146,2016112078,6,67,67301,2016,10,7,1528,15,1,1,0,4,1, , ,N,1,2,0,3,0,1,2,2,N,N,40 02:01.215,75 08:44.879,1535, ,1534, ,0, ,N, ,3, , , , , ,241834, , , ,2,0,1,0,1,0,0,0,0,0,0,1,1,0,0,0,0,0,0,0,1,0,0,0,0,0,0,0,0,0,0,0,0,0,0,4,0,40.0337,-75.1458, , 
 ,21147,2016135843,6,67,67301,2016,11,3,1346,13,1,2,1,4,1, , ,N,1,2,0,3,0,1,3,2,N, ,40 03:47.120,75 03:05.897,1350, ,1349, ,0, , , ,3, , , , , ,241855, , , ,2,0,0,0,1,0,1,0,0,0,0,1,1,0,0,0,0,0,0,0,0,1,0,1,0,0,0,0,0,0,0,0,0,0,0,4,0,40.0631,-75.0516, , 
 ,21148,2016129470,6,67,67301,2016,11,7,2214,22,3,1,0,5,1, , ,N,0,0,1,3,0,3,4,2,N, ,40 01:52.002,75 05:10.445,2218, ,2216,1,2,2,N, ,0,Y, , , , ,241859, , , ,2,1,0,0,0,0,1,0,0,0,0,1,3,2,0,0,0,0,0,0,0,0,0,1,0,0,0,0,0,0,0,0,0,0,0,4,0,40.0311,-75.0863, , 
 ,21149,2016105838,6,67,67301,2016,9,3,1800,18,3,1,0,4,1, , ,N,1,2,0,3,0,2,2,4,N,N,40 01:32.829,75 07:58.227,2000, ,1943, ,0, ,N, ,3, , , , , ,241880, , , ,4,4,0,0,0,0,0,0,0,0,0,2,2,0,0,0,0,1,0,0,0,1,0,0,0,0,0,0,0,0,0,0,0,0,0,4,0,40.0258,-75.1328, , 
Y,21150,2016123129,6,67,67301,2016,11,2,1711,17,3,1,0,5,1,1,4,Y,0,0,0,3,0,0,3,3,N,N,40 00:48.916,75 03:26.362,1757,45,1757, ,0, , , ,0, ,Y,N,N,N,241902,Y,N,Y,3,2,0,0,1,0,0,0,0,0,0,0,0,0,0,0,0,0,0,0,0,0,0,0,0,0,0,0,0,0,0,0,0,0,0,0,0,40.0136,-75.0573, , 
 ,21151,2016129250,6,67,67301,2016,11,6,149,1,3,1,0,3,6, , ,N,0,0,0,3,0,0,1,3,N,N,40 01:18.795,75 09:53.203,154, ,152,2,2,3,N, ,0,Y, , , , ,241909, , , ,3,2,0,0,0,0,1,0,0,0,0,0,0,0,0,0,0,0,0,0,0,0,0,0,0,0,0,0,0,0,0,0,0,0,0,0,0,40.0219,-75.1648, , 
 ,21152,2016129294,6,67,67301,2016,11,6,1931,19,3,2,1,4,1, , ,N,1,2,0,3,0,3,3,3,N, ,39 59:15.414,75 10:44.317,1935, ,1932,2,2,7, , ,3,Y, , , , ,244783, , , ,3,2,0,0,0,0,1,0,0,0,0,2,3,1,0,0,0,0,0,0,1,0,0,0,0,0,0,0,0,0,0,0,0,0,0,4,0,39.9876,-75.179, , 
 ,21153,2016138190,6,67,67301,2016,12,1,1558,15,1,1,0,7,4, , ,N,0,0,0,3,0,2,2,1,N,N,39 59:14.410,75 13:31.208,1607, ,1604,4,1,4,N, ,0,N, , , , ,244786, , , ,1,0,0,0,0,0,1,0,0,0,0,1,2,1,0,0,0,0,0,0,0,0,0,0,0,0,0,0,0,0,0,0,0,0,0,4,0,39.9873,-75.2253, , 
 ,21154,2016089935,6,67,67301,2016,8,2,1427,14,1,1,0,8,1, , ,N,1,2,0,3,1,0,2,2,N,N,39 56:54.247,75 09:58.366,1428, ,1427,3,2,3,N,0,3,Y, , , , ,244787, , , ,1,0,0,0,0,0,0,1,0,0,0,0,0,0,0,0,0,0,0,0,0,0,0,0,0,0,0,0,0,0,0,0,1,1,0,1,0,39.9484,-75.1662,2, 
 ,21155,2016138223,6,67,67301,2016,12,5,1906,19,3,1,0,8,1, , ,N,1,2,0,3,0,1,2,2,N,N,39 56:25.327,75 14:11.791,1911, ,1906,9,1,4,N, ,3,Y, , , , ,244791, , , ,1,1,0,0,0,0,0,0,0,0,0,1,1,0,0,0,0,0,0,0,0,1,0,0,0,0,0,0,0,0,0,0,1,0,0,4,0,39.9404,-75.2366, , 
 ,21156,2017015647,6,67,67301,2016,12,5,627,6,5,1,0,8,1, , ,N,0,0,0,3,0,1,2,2,N,N,40 02:38.510,75 10:07.360,706, ,704, ,0, ,N, ,0, , , , , ,244796, , , ,1,0,0,0,0,0,1,0,0,0,1,0,1,0,0,0,0,0,0,0,1,0,0,0,0,0,0,0,0,0,0,0,1,0,0,3,0,40.044,-75.1687, , 
 ,21157,2017003705,6,67,67301,2016,12,7,1938,19,3,9,4,7,4, , ,N,0,0,0,3,0,0,3,1,N, ,40 02:15.644,75 10:03.465,2113, ,2113, ,0, , , ,0, , , , , ,244825, , , ,1,1,0,0,0,0,0,0,0,0,0,0,0,0,3,0,0,0,0,0,0,0,0,0,0,0,0,0,0,0,0,0,0,0,0,9,0,40.0377,-75.1676, , 
 ,21158,2016105944,6,67,67301,2016,9,3,2050,20,3,1,0,5,6, , ,N,0,0,0,3,0,1,1,2,N, ,40 03:30.891,75 02:51.668,2055, ,2051, ,0, , , ,0, , , , , ,244830, , , ,2,1,0,0,0,0,1,0,0,0,0,0,1,1,0,0,0,0,0,0,1,0,0,0,0,0,0,0,0,0,0,0,0,0,0,8,0,40.0586,-75.0477, , 
 ,21159,2016126092,6,67,67301,2016,11,7,555,5,5,1,0,4,1, , ,N,5,1,2,3,0,0,2,2,N,N,39 57:28.586,75 09:50.892,600, ,555, ,0, , , ,3, , , , , ,244849, , , ,2,1,0,0,1,0,0,0,0,0,0,0,0,0,0,0,0,0,0,0,0,0,0,0,0,0,0,0,0,0,0,0,0,0,0,0,0,39.9578,-75.1632, , 
 ,21160,2016071080,6,67,67301,2016,6,5,1547,15,1,1,0,4,1, , ,N,5,2,0,3,0,1,4,2,N,N,40 02:39.510,75 05:20.462,1814, ,1805, ,0, ,N, ,3, , , , , ,244867, , , ,2,2,0,0,0,0,0,0,0,0,1,0,1,0,3,0,0,0,0,0,0,0,0,0,0,0,0,0,0,0,0,0,0,0,0,3,0,40.0443,-75.089, , 
N,21161,2016084408,6,67,67301,2016,8,5,1208,12,1,1,0,1,1,1,4,Y,0,8,0,3,0,0,5,2,N,N,40 01:34.576,75 01:38.227,1221,45,1208,1,2,2, , ,3,N,Y,N,N,N,244873,N,N,Y,2,1,0,0,1,0,0,0,0,0,0,0,0,0,0,0,0,0,0,0,0,0,0,0,0,0,0,0,0,0,0,0,0,0,0,0,0,40.0263,-75.0273, , 
 ,21162,2017005194,6,67,67301,2016,12,7,511,5,3,2,1,1,1, , ,N,1,2,0,3,0,1,2,2,N,N,39 57:51.613,75 14:03.292,520, ,511, ,0, , , ,3, , , , , ,244893, , , ,2,1,0,0,0,0,1,0,0,0,0,1,1,0,0,0,0,0,0,0,0,0,0,2,0,0,0,0,0,0,0,0,0,0,0,4,0,39.9643,-75.2342, , 
 ,21163,2016112211,6,67,67301,2016,10,7,1425,14,1,2,1,4,1, , ,N,1,2,0,3,0,3,4,2,N,N,40 02:08.790,75 07:31.425,1435, ,1430, ,0, , , ,3, , , , , ,244901, , , ,2,2,0,0,0,0,0,0,0,0,0,0,3,3,0,0,0,0,0,0,1,0,0,0,0,0,0,0,0,0,0,0,0,0,0,8,0,40.0358,-75.1255, , 
 ,21164,2016132153,6,67,67301,2016,11,5,338,3,3,1,0,5,1, , ,N,0,0,0,3,0,0,4,2,N,N,40 01:49.486,75 06:13.272,345, ,338, ,0, , , ,0, , , , , ,244909, , , ,2,2,0,0,0,0,0,0,0,0,0,0,0,0,0,0,0,0,0,0,0,0,0,1,0,0,0,0,0,0,0,0,0,0,0,0,0,40.0304,-75.1037, , 
 ,21165,2017003579,6,67,67301,2016,12,7,1226,12,1,7,4,6,1, , ,N,0,0,0,3,0,1,4,2,N, ,40 03:02.664,75 02:29.766,1234, ,1229, ,0, , , ,0, , , , , ,244921, , , ,2,2,0,0,0,0,0,0,0,0,0,0,1,1,0,0,0,0,0,0,1,1,0,1,0,0,0,0,0,0,0,0,0,0,0,8,0,40.0507,-75.0416, , 
 ,21166,2017021912,6,67,67301,2016,9,4,800,8,1,1,0,4,1, , ,N,1,3,0,3,0,1,7,2,N,N,40 01:23.210,75 07:26.428,0, ,0, ,0, ,N, ,3, , , , , ,244943, , , ,2,1,0,0,0,0,0,0,0,0,1,0,1,0,0,0,0,0,0,0,0,0,0,0,0,0,0,0,0,0,0,0,0,0,0,3,0,40.0231,-75.124, , 
 ,21167,2017022751,6,67,67301,2016,10,2,1330,13,1,1,0,1,1, , ,N,1,2,0,3,0,1,2,2,N,N,40 01:20.289,75 09:43.290,0, ,0, ,0, ,N, ,3, , , , , ,244966, , , ,2,1,0,0,0,0,0,0,0,0,0,0,1,1,0,0,0,0,0,0,1,0,0,1,0,0,0,0,0,0,0,0,0,0,0,8,0,40.0223,-75.162, , 
 ,21168,2017023428,6,67,67301,2016,11,2,1025,10,1,1,0,1,1, , ,N,3,3,2,3,0,0,2,2,N,N,40 00:39.685,75 12:22.055,0, ,0, ,0, ,N, ,3, , , , , ,245001, , , ,2,1,0,0,0,0,1,0,0,0,0,0,0,0,0,0,0,0,0,0,0,1,0,2,0,0,0,0,0,0,0,0,0,0,0,0,0,40.011,-75.2061, , 
 ,21169,2017021869,6,67,67301,2016,9,7,2000,20,3,1,0,0,1, , ,N,1,2,1,3,0,1,1,2,N,N,40 00:19.933,75 05:48.721,0, ,0, ,0, ,N, ,3, , , , , ,245002, , , ,1,0,1,0,0,0,0,0,0,0,1,0,1,0,0,0,0,0,0,0,0,0,0,0,0,0,0,0,0,0,0,0,0,0,0,3,0,40.0055,-75.0969, , 
 ,21170,2016129574,6,46,46104,2016,12,7,1515,15,1,1,0,4,1, , ,N,2,3,0,3,0,0,6,2,N,N,39 58:42.797,75 16:22.891,1534, ,1530, ,0, , , ,3, , , , , ,250974, , , ,2,1,0,0,1,0,0,0,0,0,0,0,0,0,0,0,0,0,0,0,0,1,1,0,0,0,0,0,0,0,0,0,0,0,0,0,0,39.9785,-75.273, , 
 ,21171,2016126138,6,67,67301,2016,11,6,1520,15,1,1,0,4,1, , ,N,1,0,0,3,0,1,2,2,N,N,39 57:56.508,75 09:38.224,1535, ,1522, ,0, ,N, ,0, , , , , ,250979, , , ,1,1,0,0,0,0,0,0,1,0,0,1,1,0,0,0,0,0,0,0,0,0,0,0,0,0,0,0,0,0,0,0,0,0,0,4,0,39.9657,-75.1606, , 
 ,21172,2016120608,6,67,67301,2016,11,4,907,9,1,1,0,4,1, , ,N,1,2,0,3,0,2,3,3,N,N,40 02:34.113,75 03:47.339,909, ,907,2,2,7,N, ,1,N, , , , ,250988, , , ,3,2,0,0,0,0,1,0,0,0,0,2,2,0,0,0,0,0,0,0,0,1,0,0,0,0,0,0,0,0,0,0,0,0,0,4,0,40.0428,-75.0631, , 
 ,21173,2016136732,6,67,67301,2016,12,4,1302,13,1,1,0,5,1, , ,N,0,0,0,3,0,1,2,2,N,N,39 56:17.079,75 11:52.586,1313, ,1302,2,1,1, , ,0,N, , , , ,251012, , , ,2,1,1,0,0,0,0,0,0,0,0,0,1,1,0,0,0,0,0,0,0,0,0,0,0,0,0,0,0,0,0,0,0,0,0,8,0,39.9381,-75.1979, , 
 ,21174,2016129455,6,67,67301,2016,11,3,1500,15,1,1,0,4,1, , ,N,1,3,0,3,0,3,4,2,N, ,40 03:57.202,75 10:35.464,1715, ,1657, ,0, , , ,3, , , , , ,251025, , , ,2,1,0,0,0,0,1,0,0,0,0,2,3,1,0,0,0,0,0,0,1,1,0,4,0,0,0,0,0,0,0,0,0,0,0,4,0,40.0659,-75.1765, , 
 ,21175,2016126175,6,67,67301,2016,11,2,1150,11,1,1,0,4,1, , ,N,1,3,0,3,0,5,5,2,N,N,39 59:06.324,75 09:52.851,1200, ,1156, ,0, , , ,3, , , , , ,251026, , , ,2,1,0,0,0,0,1,0,0,0,0,5,5,0,0,0,0,0,0,0,1,0,0,0,0,0,0,0,0,0,0,0,0,0,0,4,0,39.9851,-75.1647, , 
 ,21176,2017005271,6,67,67301,2016,12,5,1100,11,1,1,0,1,1, , ,N,1,2,0,3,0,2,3,2,N,N,39 56:24.381,75 11:05.801,9999, ,9999, ,0, , , ,3, , , , , ,251040, , , ,2,0,0,0,2,0,0,0,0,0,0,2,2,0,0,0,0,0,0,0,1,0,0,0,0,0,0,0,0,0,0,0,0,0,0,4,0,39.9401,-75.1849, , 
 ,21177,2016102539,6,67,67301,2016,9,6,650,6,3,2,1,7,3, , ,N,0,0,0,3,0,0,1,1,N,N,40 02:08.379,75 01:00.464,710, ,650,2,2,1, , ,0,N, , , , ,251048, , , ,1,1,0,0,0,0,0,0,0,0,0,0,0,0,0,0,0,0,0,0,0,0,0,0,0,0,0,0,0,0,0,0,0,0,0,0,0,40.0357,-75.0168, , 
 ,21178,2016124426,6,67,67301,2016,11,4,700,7,1,1,0,4,1, , ,N,0,0,7,3,0,1,3,2,N, ,40 02:41.714,75 05:14.065,735, ,730, ,0, , , ,0, , , , , ,251054, , , ,2,2,0,0,0,0,0,0,0,0,0,1,1,0,0,0,0,0,0,0,0,0,0,1,0,0,0,0,0,0,0,0,0,0,0,4,0,40.0449,-75.0872, , 
 ,21179,2016138277,6,67,67301,2016,12,4,1602,16,1,1,0,4,1, , ,N,1,2,0,3,0,2,3,3,N,N,40 01:48.790,75 05:17.559,1614, ,1605,2,1,2,N, ,3,N, , , , ,251080, , , ,3,2,0,0,1,0,0,0,0,0,0,0,2,2,0,0,0,0,0,0,0,0,0,0,0,0,0,0,0,0,0,0,0,0,0,8,0,40.0302,-75.0882, , 
 ,21180,2016130001,6,67,67301,2016,11,4,1315,13,1,2,1,5,1, , ,N,0,0,0,3,0,1,2,4,N,N,39 58:31.178,75 15:43.594,1338, ,1330, ,0, ,N, ,0, , , , , ,251089, , , ,4,3,0,0,0,0,0,0,0,0,0,0,1,1,1,0,0,0,0,0,0,0,0,0,0,0,0,0,0,0,0,0,0,0,0,8,0,39.9753,-75.2621, , 
 ,21181,2016123139,6,67,67301,2016,11,4,1755,17,3,1,0,4,1, , ,N,1,3,0,3,0,1,2,2,N,N,39 57:21.945,75 11:59.211,1800, ,1757, ,0, ,N, ,3, , , , , ,251094, , , ,1,1,0,0,0,0,0,0,1,0,1,0,1,0,0,0,0,0,0,0,1,0,0,0,0,0,0,0,0,0,0,0,0,0,0,3,0,39.9561,-75.1998, , 
 ,21182,2016099599,6,67,67301,2016,9,6,1200,12,1,1,0,1,1, , ,N,1,2,0,3,0,1,2,2,N,N,39 56:58.617,75 09:14.100,820, ,815, ,0, , , ,3, , , , , ,251102, , , ,2,1,0,0,0,0,1,0,0,0,0,1,1,0,0,0,0,0,0,0,0,1,0,1,0,0,0,0,0,0,0,0,0,0,0,4,0,39.9496,-75.1539, , 
 ,21183,2016105905,6,67,67301,2016,9,4,954,9,1,1,0,8,1, , ,N,0,0,0,3,0,1,2,2,N,N,40 00:49.600,75 03:56.800,954, ,949, ,0, , , ,0, , , , , ,251107, , , ,1,1,0,0,0,0,0,0,0,0,0,1,1,0,0,0,0,0,0,0,0,0,0,0,0,0,0,0,0,0,0,0,1,0,0,4,0,40.0138,-75.0658, , 
 ,21184,2016119664,6,67,67301,2016,10,2,529,5,1,1,0,1,1, , ,N,0,0,0,3,0,1,2,2,N,N,39 56:53.303,75 13:17.452,9999, ,9999, ,0, ,N, ,0, , , , , ,251112, , , ,1,1,0,0,0,0,0,0,1,0,0,1,1,0,0,0,0,0,0,0,0,0,0,0,0,0,0,0,0,0,0,0,0,0,0,4,0,39.9481,-75.2215, , 
 ,21185,2017007899,6,67,67301,2016,12,4,925,9,1,1,0,4,1, , ,N,1,2,0,3,0,0,2,2,N,N,39 57:48.100,75 11:14.764,932, ,932, ,0, ,N, ,3, , , , , ,251129, , , ,2,1,0,0,0,1,0,0,0,0,0,0,0,0,0,0,0,0,1,0,0,0,0,0,0,0,0,0,0,0,0,0,0,0,0,0,1,39.9634,-75.1875, , 
 ,21186,2016105791,6,67,67301,2016,10,1,448,4,3,2,1,7,5, , ,N,0,0,0,3,0,0,1,1,N,N,39 59:04.071,75 12:29.538,454, ,449,2,2,4, , ,0,N, , , , ,251150, , , ,1,0,0,0,1,0,0,0,0,0,0,0,0,0,0,0,0,0,0,0,0,0,0,0,0,0,0,0,0,0,0,0,0,0,0,0,0,39.9845,-75.2082, , 
 ,21187,2016097758,6,67,67301,2016,9,7,1045,10,1,1,0,4,1, , ,N,1,3,0,3,0,1,2,2,N, ,40 01:32.304,75 08:37.597,1056, ,1055, ,0, , , ,3, , , , , ,251151, , , ,1,1,0,0,0,0,0,0,1,0,0,1,1,0,0,0,0,0,0,0,0,0,0,0,0,0,0,0,0,0,0,0,0,0,0,4,0,40.0256,-75.1438, , 
 ,21188,2016084598,6,67,67301,2016,7,1,1900,19,1,1,0,4,1, , ,N,1,2,0,3,0,0,6,2,N,N,39 57:14.802,75 10:40.178,1904, ,1901,3,2,4,N, ,3,Y, , , , ,248264, , , ,2,0,0,0,0,1,1,0,0,0,0,0,0,0,0,0,0,0,0,0,1,0,0,0,0,0,0,0,0,0,0,0,0,0,0,0,0,39.9541,-75.1778, , 
 ,21189,2016080195,6,67,67301,2016,7,1,1515,15,1,1,0,4,1, , ,N,2,0,7,3,0,1,3,2,N,N,40 00:20.327,75 06:06.507,1557, ,1538, ,0, ,N, ,0, , , , , ,248265, , , ,2,2,0,0,0,0,0,0,0,0,0,0,1,1,0,0,1,0,0,0,0,0,0,0,0,0,0,0,0,0,0,0,0,0,0,8,0,40.0056,-75.1018, , 
 ,21190,2016089914,6,67,67301,2016,8,7,239,2,3,1,0,4,1, , ,N,1,2,0,3,0,3,8,2,N,N,40 00:41.506,75 04:11.278,240, ,239, ,0, , , ,3, , , , , ,248269, , , ,2,1,0,0,0,0,1,0,0,0,0,1,3,2,0,0,0,1,0,0,0,0,0,0,0,0,0,0,0,0,0,0,0,0,0,4,0,40.0115,-75.0698, , 
 ,21191,2016120557,6,67,67301,2016,10,6,1822,18,4,1,0,8,1, , ,N,2,2,0,3,0,2,4,2,N, ,39 57:21.268,75 12:16.061,1840, ,1823, ,0, , , ,3, , , , , ,248282, , , ,1,0,0,1,0,0,0,0,0,0,0,2,2,0,0,0,0,0,0,0,0,0,0,0,0,0,0,0,0,0,0,0,1,0,0,4,1,39.9559,-75.2045, , 
 ,21192,2016097723,6,67,67301,2016,9,3,802,8,1,1,0,8,1, , ,N,0,0,0,3,0,1,2,2,N,N,39 58:13.730,75 08:03.883,802, ,802, ,0, ,N, ,0, , , , , ,248285, , , ,1,1,0,0,0,0,0,0,0,0,0,1,1,0,0,0,0,0,0,0,0,0,0,0,0,0,0,0,0,0,0,0,1,0,0,4,0,39.9705,-75.1344, , 
 ,21193,2016087161,6,67,67301,2016,8,2,1509,15,1,1,0,4,1, , ,N,1,3,0,3,0,2,3,2,N,N,40 04:01.347,75 10:24.416,1522, ,1522, ,0, ,N, ,3, , , , , ,248309, , , ,2,1,0,0,0,0,1,0,0,0,0,0,2,2,0,0,0,0,0,0,1,0,0,0,0,0,0,0,0,0,0,0,0,0,0,8,0,40.067,-75.1734, , 
 ,21194,2016087694,6,67,67301,2016,8,3,1317,13,1,1,0,8,1, , ,N,0,0,0,3,0,1,2,2,N,N,39 56:10.474,75 13:36.177,1317, ,1317,9,2,5, , ,0,Y, , , , ,248311, , , ,1,0,0,0,0,0,1,0,0,0,0,0,1,1,0,0,0,0,0,0,0,0,0,1,0,0,0,0,0,0,0,0,1,0,0,8,0,39.9362,-75.2267, , 
 ,21195,2016122210,6,67,67301,2016,11,7,1248,12,1,1,0,1,1, , ,N,0,0,0,3,0,1,4,3,N,N,40 00:11.987,75 04:38.435,1321, ,1306, ,0, , , ,0, , , , , ,248328, , , ,3,2,0,0,0,0,1,0,0,0,0,0,1,1,0,0,0,0,0,0,1,1,0,0,0,0,0,0,0,0,0,0,0,0,0,8,0,40.0033,-75.0773, , 