wz_ln_closure,objectid_1,crn,district,county,municipality,crash_year,crash_month,day_of_week,time_of_day,hour_of_day,illumination,weather,road_condition,collision_type,relation_to_road,work_zone_type,work_zone_loc,work_zone_ind,intersect_type,tcd_type,location_type,urban_rural,fatal_count,injury_count,person_count,total_units,sch_bus_ind,sch_zone_ind,latitude,longitude,arrival_tm,cons_zone_spd_lim,dispatch_tm,est_hrs_closed,lane_closed,ln_close_dir,ntfy_hiwy_maint,spec_juris_cd,tcd_func_cd,tfc_detour_ind,workers_pres,wz_close_detour,wz_flagger,wz_law_offcr_ind,objectid,wz_moving,wz_other,wz_shlder_mdn,vehicle_count,automobile_count,motorcycle_count,bus_count,small_truck_count,heavy_truck_count,suv_count,van_count,bicycle_count,maj_inj_count,mod_inj_count,min_inj_count,tot_inj_count,unk_inj_deg_count,unk_inj_per_count,driver_count_16yr,driver_count_17yr,driver_count_18yr,driver_count_19yr,driver_count_20yr,driver_count_50_64yr,driver_count_65_74yr,driver_count_75plus,unbelted_occ_count,unb_death_count,unb_maj_inj_count,belted_death_count,belted_maj_inj_count,mcycle_death_count,mcycle_maj_inj_count,bicycle_death_count,bicycle_maj_inj_count,ped_count,ped_death_count,ped_maj_inj_count,max_severity_level,comm_veh_count,dec_lat,dec_long,rdwy_surf_type_cd,county_name
 ,21196,2016111146,6,67,67301,2016,10,4,2159,21,3,1,0,1,1, , ,N,0,0,0,3,0,0,3,3,N,N,39 54:11.859,75 09:01.529,2224, ,2217,1,1,1, , ,0,N, , , , ,248332, , , ,3,3,0,0,0,0,0,0,0,0,0,0,0,0,0,0,0,0,0,0,1,0,0,0,0,0,0,0,0,0,0,0,0,0,0,0,0,39.9033,-75.1504, , 
 ,21197,2016129538,6,67,67301,2016,11,5,1100,11,1,1,0,5,6, , ,N,0,0,0,3,0,0,2,2,N,N,40 01:41.291,75 08:49.242,1125, ,1124, ,0, ,N, ,0, , , , , ,248336, , , ,2,1,0,0,0,0,1,0,0,0,0,0,0,0,0,0,0,0,0,0,0,0,0,0,0,0,0,0,0,0,0,0,0,0,0,0,0,40.0281,-75.147, , 
 ,21198,2016126616,6,67,67301,2016,11,7,409,4,3,1,0,7,4, , ,N,7,0,2,3,0,0,1,1,N,N,40 00:42.920,75 12:17.697,415, ,409, ,0, ,N, ,0, , , , , ,248337, , , ,1,1,0,0,0,0,0,0,0,0,0,0,0,0,0,0,0,0,0,0,0,0,0,0,0,0,0,0,0,0,0,0,0,0,0,0,0,40.0119,-75.2049, , 
 ,21199,2016129522,6,67,67301,2016,11,2,428,4,3,1,0,4,1, , ,N,1,2,0,3,0,0,2,2,N,N,39 58:41.837,75 14:46.077,436, ,431, ,0, ,N, ,3, , , , , ,248346, , , ,2,2,0,0,0,0,0,0,0,0,0,0,0,0,0,0,0,0,0,0,0,0,0,0,0,0,0,0,0,0,0,0,0,0,0,0,0,39.9783,-75.2461, , 
 ,21200,2017005276,6,67,67301,2016,12,7,1617,16,1,2,1,4,1, , ,N,1,2,0,3,0,1,3,2,N,N,39 57:50.569,75 11:29.777,1622, ,1617, ,0, ,N, ,3, , , , , ,248360, , , ,2,0,0,0,1,0,0,1,0,0,0,1,1,0,0,0,0,0,0,0,0,0,0,0,0,0,0,0,0,0,0,0,0,0,0,4,0,39.964,-75.1916, , 
 ,21201,2016127821,6,67,67301,2016,11,7,452,4,3,1,0,5,1, , ,N,0,0,3,3,0,0,3,2,N,N,39 54:07.306,75 12:07.218,503, ,452,2,2,3,N, ,0,N, , , , ,248373, , , ,2,2,0,0,0,0,0,0,0,0,0,0,0,0,0,0,1,0,1,0,0,0,0,1,0,0,0,0,0,0,0,0,0,0,0,0,0,39.902,-75.202, , 
 ,21202,2016129376,6,67,67301,2016,11,2,2026,20,3,2,1,4,1, , ,N,1,2,0,3,0,0,2,2,N,N,40 04:50.725,75 01:42.964,2030, ,2028,1,1,1,N, ,3,N, , , , ,248385, , , ,2,2,0,0,0,0,0,0,0,0,0,0,0,0,0,0,0,0,0,0,1,0,0,0,0,0,0,0,0,0,0,0,0,0,0,0,0,40.0808,-75.0286, , 
 ,21203,2017003687,6,67,67301,2016,12,4,1723,17,3,1,0,8,1, , ,N,1,3,0,3,0,1,2,2,N, ,40 02:02.889,75 07:44.763,1830, ,1723, ,0, , , ,3, , , , , ,248395, , , ,1,0,0,0,0,0,1,0,0,0,0,0,1,1,0,0,0,0,0,0,1,0,0,1,0,0,0,0,0,0,0,0,1,0,0,8,0,40.0341,-75.1291, , 
 ,21204,2016126561,6,46,46104,2016,11,5,949,9,1,9,0,4,1, , ,N,2,2,0,3,0,0,2,2,N,N,39 59:22.029,75 15:05.097,950, ,949,1,1,2, , ,3,N, , , , ,248397, , , ,2,2,0,0,0,0,0,0,0,0,0,0,0,0,0,0,0,0,0,0,1,0,0,0,0,0,0,0,0,0,0,0,0,0,0,0,0,39.9895,-75.2514, , 
 ,21205,2016120634,6,67,67301,2016,11,3,1214,12,1,1,0,1,1, , ,N,0,2,0,3,0,1,2,2,N,N,40 05:07.870,75 02:14.672,1220, ,1215, ,0, ,N, ,3, , , , , ,248407, , , ,2,1,0,0,0,0,0,1,0,0,0,0,1,1,0,0,0,0,0,0,0,0,0,0,0,0,0,0,0,0,0,0,0,0,0,8,0,40.0855,-75.0374, , 
 ,21206,2016126141,6,67,67301,2016,11,1,630,6,1,1,0,4,1, , ,N,1,3,0,3,0,1,2,2,N,N,39 58:09.900,75 09:47.700,722, ,716, ,0, ,N, ,3, , , , , ,241914, , , ,2,1,0,0,0,0,0,0,0,0,0,0,1,1,0,0,0,0,0,0,0,1,0,0,0,0,0,0,0,0,0,0,0,0,0,8,0,39.9694,-75.1633, , 
 ,21207,2017023452,6,67,67301,2016,11,3,1135,11,1,1,0,1,1, , ,N,0,0,0,3,0,1,2,2,N,N,39 57:35.678,75 10:41.118,0, ,0, ,0, ,N, ,0, , , , , ,241928, , , ,2,2,0,0,0,0,0,0,0,0,1,0,1,0,0,0,0,0,0,0,0,0,0,0,0,0,0,0,0,0,0,0,0,0,0,3,0,39.9599,-75.1781, , 
 ,21208,2017001274,6,67,67301,2016,11,4,1642,16,1,1,0,5,1, , ,N,0,0,0,3,0,2,5,3,N,N,39 55:53.491,75 11:58.849,1751, ,1642,1,2,3, , ,0,N, , , , ,241948, , , ,3,2,0,0,1,0,0,0,0,0,0,0,2,2,1,0,0,0,0,0,0,0,0,0,0,0,0,0,0,0,0,0,0,0,0,8,0,39.9315,-75.1997, , 
 ,21209,2017021475,6,67,67301,2016,9,5,1400,14,1,1,0,1,1, , ,N,3,3,0,3,0,2,3,2,N,N,40 00:53.537,75 04:05.283,0, ,0, ,0, ,N, ,3, , , , , ,241950, , , ,2,1,0,0,0,0,0,0,0,0,2,0,2,0,0,0,0,0,0,0,0,0,0,0,0,0,0,0,0,0,0,0,0,0,0,3,0,40.0149,-75.0681, , 
 ,21210,2016112091,6,67,67301,2016,10,7,615,6,3,1,0,7,3, , ,N,0,0,0,3,0,1,1,1,N, ,40 02:41.172,75 03:14.189,630, ,622,3,2,5, , ,0,N, , , , ,241953, , , ,1,1,0,0,0,0,0,0,0,1,0,0,1,0,0,0,0,0,0,0,0,0,0,0,0,0,0,0,0,0,0,0,0,0,0,2,0,40.0448,-75.0539, , 
 ,21211,2017005236,6,67,67301,2016,12,2,9999,99,3,1,0,4,1, , ,N,0,0,7,3,0,0,4,3,N,N,40 04:25.765,75 11:28.016,1640, ,1629, ,0, ,N, ,0, , , , , ,241968, , , ,3,2,0,0,0,0,1,0,0,0,0,0,0,0,0,0,0,0,0,0,1,0,0,0,0,0,0,0,0,0,0,0,0,0,0,0,0,40.0738,-75.1911, , 
 ,21212,2016080103,6,67,67301,2016,6,5,735,7,1,1,0,4,1, , ,N,1,0,0,3,0,1,2,2,N,N,40 01:27.854,75 07:18.339,800, ,744, ,0, ,N, ,0, , , , , ,241980, , , ,2,1,0,0,0,0,0,0,0,0,0,0,1,1,0,0,0,0,0,0,1,0,0,0,0,0,0,0,0,0,0,0,0,0,0,8,0,40.0244,-75.1218, , 
 ,21213,2017021950,6,67,67301,2016,9,2,1430,14,1,1,0,1,1, , ,N,3,2,0,3,0,2,3,2,N,N,40 00:25.755,75 10:28.143,0, ,0, ,0, ,N, ,3, , , , , ,242000, , , ,2,1,0,0,0,0,0,0,0,0,2,0,2,0,0,0,0,0,0,0,0,0,0,0,0,0,0,0,0,0,0,0,0,0,0,3,0,40.0072,-75.1745, , 
 ,21214,2016131683,6,67,67301,2016,11,3,746,7,1,2,1,8,1, , ,N,1,3,0,3,0,1,2,2,N,N,39 58:22.710,75 14:16.803,900, ,855, ,0, ,N, ,3, , , , , ,242016, , , ,1,1,0,0,0,0,0,0,0,0,0,0,1,1,0,0,0,0,0,0,0,0,0,1,0,0,0,0,0,0,0,0,1,0,0,8,0,39.973,-75.238, , 
 ,21215,2016135651,6,67,67301,2016,12,6,2147,21,3,1,0,1,6, , ,N,0,0,0,3,0,0,1,2,N,N,40 01:09.800,75 04:00.037,2153, ,2148, ,0, ,N, ,0, , , , , ,242018, , , ,2,0,0,0,0,0,2,0,0,0,0,0,0,0,0,0,0,0,0,0,0,0,0,1,0,0,0,0,0,0,0,0,0,0,0,0,0,40.0194,-75.0667, , 
 ,21216,2016122127,6,67,67301,2016,11,1,1634,16,1,1,0,7,3, , ,N,0,0,0,3,0,0,1,1,N,N,40 01:14.955,75 02:33.310,1640, ,1634, ,0, , , ,0, , , , , ,242029, , , ,1,1,0,0,0,0,0,0,0,0,0,0,0,0,0,0,0,0,0,0,0,1,0,0,0,0,0,0,0,0,0,0,0,0,0,0,0,40.0208,-75.0426, , 
 ,21217,2016132193,6,67,67301,2016,11,3,645,6,1,2,1,1,1, , ,N,2,2,0,3,0,0,2,2,N,N,40 07:06.945,75 00:25.153,703, ,651, ,0, ,N, ,3, , , , , ,242032, , , ,2,2,0,0,0,0,0,0,0,0,0,0,0,0,0,0,0,0,0,0,0,0,1,0,0,0,0,0,0,0,0,0,0,0,0,0,0,40.1186,-75.007, , 
 ,21218,2016117138,6,67,67301,2016,10,2,1250,12,1,1,0,8,1, , ,N,0,0,0,3,0,1,2,2,N,N,40 00:54.463,75 12:27.076,1310, ,1302, ,0, ,N, ,0, , , , , ,242069, , , ,1,0,0,0,0,0,0,1,0,0,1,0,1,0,0,0,0,0,0,0,0,0,0,0,0,0,0,0,0,0,0,0,1,0,0,3,0,40.0151,-75.2075, , 
 ,21219,2016112162,6,67,67301,2016,10,6,1719,17,1,1,0,8,1, , ,N,0,0,7,3,0,1,2,2,N, ,40 00:36.292,75 09:59.487,1730, ,1726, ,0, ,N, ,0, , , , , ,242073, , , ,1,1,0,0,0,0,0,0,0,0,0,1,1,0,0,0,0,0,0,0,0,0,0,1,0,0,0,0,0,0,0,0,1,0,0,4,0,40.0101,-75.1665, , 
 ,21220,2016123682,6,67,67301,2016,10,1,103,1,3,1,0,7,5, , ,N,0,0,0,3,0,1,1,1,N,N,39 58:49.979,75 12:21.307,104, ,104,3,2,3, , ,0,N, , , , ,242074, , , ,1,0,0,0,0,0,1,0,0,0,0,0,1,1,0,0,0,0,0,0,0,0,0,0,0,0,0,0,0,0,0,0,0,0,0,8,0,39.9805,-75.2059, , 
 ,21221,2016132236,6,67,67301,2016,11,7,1243,12,1,1,0,0,3, , ,N,0,0,0,3,0,1,1,1,N,N,39 52:59.168,75 15:07.011,1248, ,1244, ,0, ,N, ,0, , , , , ,242079, , , ,1,0,0,0,0,0,1,0,0,0,0,1,1,0,0,0,0,0,0,0,0,0,0,0,0,0,0,0,0,0,0,0,0,0,0,4,0,39.8831,-75.2519, , 
 ,21222,2017002167,6,67,67301,2016,12,4,1302,13,1,1,0,1,1, , ,N,0,0,0,3,0,0,3,3,N,N,39 58:01.093,75 11:16.394,1518, ,1514, ,0, , , ,0, , , , , ,242082, , , ,3,2,0,0,0,0,1,0,0,0,0,0,0,0,0,0,0,0,0,0,2,0,0,0,0,0,0,0,0,0,0,0,0,0,0,0,0,39.967,-75.1879, , 
 ,21223,2017020690,6,67,67301,2016,7,2,830,8,1,1,0,1,1, , ,N,1,2,0,3,0,2,3,2,N,N,39 58:53.344,75 07:02.419,0, ,0, ,0, ,N, ,3, , , , , ,242083, , , ,2,1,0,0,0,0,0,0,0,0,2,0,2,0,0,0,0,0,0,0,0,0,0,0,0,0,0,0,0,0,0,0,0,0,0,3,0,39.9815,-75.1173, , 
 ,21224,2016138244,6,67,67301,2016,12,1,1035,10,1,1,0,4,1, , ,N,5,2,2,3,0,1,3,2,N,N,39 57:23.708,75 09:08.591,1055, ,1050,1,1,3,N, ,3,Y, , , , ,242097, , , ,2,1,0,0,1,0,0,0,0,0,0,1,1,0,0,0,0,0,0,0,0,0,0,0,0,0,0,0,0,0,0,0,0,0,0,4,0,39.9566,-75.1524, , 
 ,21225,2016119136,6,67,67301,2016,10,7,345,3,3,2,1,1,1, , ,N,0,0,0,3,0,0,3,2,N,N,40 01:17.688,75 07:27.933,355, ,347, ,0, ,N, ,0, , , , , ,245008, , , ,2,2,0,0,0,0,0,0,0,0,0,0,0,0,0,0,0,0,0,0,0,0,0,2,0,0,0,0,0,0,0,0,0,0,0,0,0,40.0216,-75.1244, , 
 ,21226,2016110147,6,67,67301,2016,10,4,1138,11,1,1,0,1,1, , ,N,0,0,0,3,0,0,3,2,N,N,39 56:05.406,75 11:59.774,1138, ,1138, ,0, , , ,0, , , , , ,245011, , , ,2,2,0,0,0,0,0,0,0,0,0,0,0,0,0,0,0,0,0,0,1,0,0,0,0,0,0,0,0,0,0,0,0,0,0,0,0,39.9348,-75.1999, , 
 ,21227,2016117145,6,67,67301,2016,10,7,1055,10,1,1,0,5,1, , ,N,0,0,0,3,0,4,5,2,N,N,40 01:57.833,75 04:52.584,1114, ,1109, ,0, ,N, ,0, , , , , ,245014, , , ,2,2,0,0,0,0,0,0,0,0,0,4,4,0,0,0,0,0,0,1,0,0,0,1,0,0,0,0,0,0,0,0,0,0,0,4,0,40.0327,-75.0813, , 
 ,21228,2016129364,6,67,67301,2016,11,3,1717,17,3,2,0,4,1, , ,N,1,3,1,3,0,1,2,2,N,N,40 00:17.398,75 09:56.005,1746, ,1745,2,1,4,N, ,3,N, , , , ,245064, , , ,2,2,0,0,0,0,0,0,0,0,0,1,1,0,0,0,0,0,0,0,2,0,0,0,0,0,0,0,0,0,0,0,0,0,0,4,0,40.0048,-75.1656, , 
 ,21229,2016132207,6,67,67301,2016,11,7,1620,16,3,1,0,4,1, , ,N,1,2,0,3,0,1,2,2,N,N,40 04:35.601,75 04:57.015,1759, ,1750, ,0, ,N, ,3, , , , , ,245069, , , ,2,2,0,0,0,0,0,0,0,0,0,1,1,0,0,0,0,0,0,0,0,0,0,1,0,0,0,0,0,0,0,0,0,0,0,4,0,40.0766,-75.0825, , 
 ,21230,2016129407,6,67,67301,2016,11,7,235,2,3,1,1,7,4, , ,N,1,2,0,3,0,0,1,1,N,N,40 00:24.350,75 07:53.666,242, ,241, ,0, ,N, ,3, , , , , ,245070, , , ,1,1,0,0,0,0,0,0,0,0,0,0,0,0,0,0,0,0,0,0,0,0,0,0,0,0,0,0,0,0,0,0,0,0,0,0,0,40.0068,-75.1316, , 
 ,21231,2016123233,6,67,67301,2016,11,1,1955,19,3,1,0,7,4, , ,N,0,8,2,3,0,1,1,1,N,N,39 57:19.680,75 08:53.089,2139, ,2139, ,0, ,N, ,3, , , , , ,245073, , , ,1,0,0,0,0,0,0,1,0,0,0,1,1,0,0,0,0,0,0,0,0,0,0,0,0,0,0,0,0,0,0,0,0,0,0,4,0,39.9555,-75.1481, , 
 ,21232,2016137836,6,67,67301,2016,12,6,1344,13,1,1,0,1,1, , ,N,0,0,0,3,0,0,3,2,N,N,40 02:45.557,75 00:06.390,1426, ,1402,1,1,1, , ,0,N, , , , ,245074, , , ,2,0,0,0,0,1,0,1,0,0,0,0,0,0,0,0,0,0,0,0,1,0,0,0,0,0,0,0,0,0,0,0,0,0,0,0,1,40.046,-75.0018, , 
 ,21233,2016099585,6,67,67301,2016,9,7,320,3,3,1,0,1,1, , ,N,0,0,0,3,0,6,6,2,N,N,40 00:30.573,75 12:38.904,340, ,330,9,2,1,N, ,0,Y, , , , ,245088, , , ,2,2,0,0,0,0,0,0,0,1,0,0,6,5,0,0,0,1,0,0,0,0,0,0,0,0,0,0,0,0,0,0,0,0,0,2,0,40.0085,-75.2108, , 
 ,21234,2016129274,6,67,67301,2016,11,1,1200,12,1,1,0,4,1, , ,N,1,3,0,3,0,0,3,2,N, ,39 56:05.842,75 13:36.585,1201, ,1200, ,0, , , ,3, , , , , ,245101, , , ,2,2,0,0,0,0,0,0,0,0,0,0,0,0,1,0,0,0,0,0,1,0,0,1,0,0,0,0,0,0,0,0,0,0,0,9,0,39.935,-75.2268, , 
 ,21235,2016129441,6,67,67301,2016,11,2,530,5,3,1,0,5,6, , ,N,0,0,0,3,0,0,1,2,N,N,39 56:29.628,75 09:50.024,532, ,530, ,0, ,N, ,0, , , , , ,245120, , , ,2,2,0,0,0,0,0,0,0,0,0,0,0,0,0,0,0,0,0,0,0,0,0,1,0,0,0,0,0,0,0,0,0,0,0,0,0,39.9416,-75.1639, , 
 ,21236,2017008741,6,67,67301,2016,12,1,257,2,3,2,1,1,1, , ,N,1,2,0,3,0,1,6,2,N,N,39 57:28.635,75 14:00.646,315, ,303, ,0, ,N, ,3, , , , , ,245122, , , ,2,2,0,0,0,0,0,0,0,0,0,1,1,0,0,0,0,1,0,0,0,0,0,0,0,0,0,0,0,0,0,0,0,0,0,4,0,39.958,-75.2335, , 
 ,21237,2016120548,6,67,67301,2016,10,1,1831,18,3,2,1,4,1, , ,N,1,3,0,3,0,1,2,4,N,N,40 04:37.318,75 10:25.186,1835, ,1833,3,2,7,N, ,3,Y, , , , ,245130, , , ,4,2,0,0,0,0,0,0,0,0,1,0,1,0,0,0,0,0,0,0,0,0,0,1,0,0,0,0,0,0,0,0,0,0,0,3,0,40.077,-75.1737, , 
 ,21238,2017005274,6,67,67301,2016,12,4,1200,12,1,1,0,8,1, , ,N,1,2,0,3,0,1,2,2,N, ,39 59:34.615,75 06:37.098,1310, ,1300, ,0, , , ,3, , , , , ,245142, , , ,1,0,0,0,0,0,1,0,0,0,0,0,1,1,1,0,0,0,0,0,0,0,0,0,0,0,0,0,0,0,0,0,1,0,0,8,0,39.9929,-75.1103, , 
N,21239,2016138404,6,67,67301,2016,11,4,2321,23,3,1,0,7,3,1,4,Y,0,0,0,3,0,0,3,2,N,N,40 01:24.914,75 02:01.130,2330,45,2324,1,1,2, , ,0,N,N,N,N,N,245160,N,N,Y,2,2,0,0,0,0,0,0,0,0,0,0,0,0,0,0,0,0,0,0,0,0,0,0,0,0,0,0,0,0,0,0,0,0,0,0,0,40.0236,-75.0336, , 
 ,21240,2017007743,6,67,67301,2016,12,3,1035,10,1,1,1,7,3, , ,N,0,0,0,3,0,2,2,1,N,N,40 01:00.896,75 12:08.982,1050, ,1043,1,1,1,N, ,0,N, , , , ,245172, , , ,1,0,0,0,0,0,1,0,0,0,0,0,2,2,0,0,0,0,0,0,0,0,0,0,0,0,0,0,0,0,0,0,0,0,0,8,0,40.0169,-75.2025, , 
 ,21241,2016122186,6,67,67301,2016,11,6,1428,14,1,1,0,1,1, , ,N,0,0,0,3,0,0,2,2,N,N,40 00:23.928,75 04:25.403,1452, ,1428, ,0, , , ,0, , , , , ,245178, , , ,2,1,0,0,1,0,0,0,0,0,0,0,0,0,0,0,0,0,0,0,1,0,0,0,0,0,0,0,0,0,0,0,0,0,0,0,0,40.0066,-75.0737, , 
 ,21242,2016129223,6,67,67301,2016,11,2,814,8,1,1,0,8,1, , ,N,1,2,0,3,0,1,2,2,N,N,39 59:27.061,75 09:18.508,840, ,836, ,0, ,N, ,3, , , , , ,245186, , , ,1,0,0,0,0,0,0,1,0,0,0,0,1,1,0,0,0,0,0,0,0,0,0,1,0,0,0,0,0,0,0,0,1,0,0,8,0,39.9909,-75.1551, , 
 ,21243,2016097699,6,67,67301,2016,9,6,1520,15,1,1,0,4,1, , ,N,1,0,2,3,0,1,2,2,N,N,39 56:08.529,75 11:57.339,1600, ,1600, ,0, ,N, ,0, , , , , ,251154, , , ,2,2,0,0,0,0,0,0,0,0,0,0,1,1,0,0,0,0,0,0,1,0,0,1,0,0,0,0,0,0,0,0,0,0,0,8,0,39.9333,-75.1998, , 
 ,21244,2016129659,6,67,67301,2016,11,4,1442,14,1,2,1,1,1, , ,N,0,0,0,3,0,1,2,2,N,N,40 02:59.225,74 59:40.278,1520, ,1459, ,0, , , ,0, , , , , ,251175, , , ,2,2,0,0,0,0,0,0,0,0,0,0,1,1,0,0,0,0,0,0,0,0,0,0,0,0,0,0,0,0,0,0,0,0,0,8,0,40.0498,-74.9945, , 
 ,21245,2017007221,6,67,67301,2016,12,4,10,0,3,1,0,6,6, , ,N,0,0,0,3,1,0,1,2,N,N,39 56:45.167,75 14:25.653,17, ,13, ,0, ,N,0,0, , , , , ,251189, , , ,2,2,0,0,0,0,0,0,0,0,0,0,0,0,0,0,0,0,0,0,1,0,0,1,1,0,0,0,0,0,0,0,0,0,0,1,0,39.9459,-75.2405,2, 
 ,21246,2016108592,6,67,67301,2016,9,5,2158,21,3,2,1,8,1, , ,N,1,2,0,3,0,1,2,2,N,N,40 03:24.827,75 11:17.044,2205, ,2200, ,0, ,N, ,3, , , , , ,251192, , , ,1,0,0,0,0,0,1,0,0,0,1,0,1,0,1,0,0,0,0,0,0,1,0,0,0,0,0,0,0,0,0,0,1,0,0,3,0,40.0569,-75.1881, , 
 ,21247,2016113835,6,67,67301,2016,10,7,544,5,3,1,0,7,5, , ,N,0,0,0,3,0,0,1,1,N,N,39 57:37.838,75 10:52.852,557, ,548,1,1,4, , ,0,N, , , , ,251193, , , ,1,1,0,0,0,0,0,0,0,0,0,0,0,0,0,0,0,0,0,0,0,0,0,1,0,0,0,0,0,0,0,0,0,0,0,0,0,39.9605,-75.1813, , 
 ,21248,2016105907,6,67,67301,2016,9,7,425,4,3,1,0,5,6, , ,N,0,0,0,3,0,0,2,3,N, ,39 56:13.513,75 11:31.837,431, ,429, ,0, , , ,0, , , , , ,251194, , , ,3,0,0,0,0,0,3,0,0,0,0,0,0,0,0,0,0,0,0,0,0,0,0,0,0,0,0,0,0,0,0,0,0,0,0,0,0,39.9371,-75.1922, , 
 ,21249,2016108604,6,67,67301,2016,9,5,1230,12,1,2,1,5,1, , ,N,0,0,0,3,0,2,4,3,N,N,39 55:00.147,75 11:29.875,1250, ,1245, ,0, ,N, ,0, , , , , ,251197, , , ,3,2,0,0,0,0,1,0,0,0,0,2,2,0,0,0,0,0,0,0,0,0,0,0,0,0,0,0,0,0,0,0,0,0,0,4,0,39.9167,-75.1916, , 
 ,21250,2016114919,6,67,67301,2016,11,5,2032,20,2,1,0,7,5, , ,N,1,3,0,3,0,2,2,1,N,N,39 58:57.856,75 09:11.217,2040, ,2037, ,0, ,N, ,3, , , , , ,251201, , , ,1,1,0,0,0,0,0,0,0,0,0,0,2,2,0,0,0,0,0,0,0,0,0,0,0,0,0,0,0,0,0,0,0,0,0,8,0,39.9827,-75.1531, , 
 ,21251,2016126150,6,67,67301,2016,11,3,1930,19,2,1,0,8,1, , ,N,1,2,0,3,0,1,2,2,N,N,39 55:51.993,75 13:56.255,1940, ,1935, ,0, ,N, ,3, , , , , ,251210, , , ,1,0,0,0,0,0,0,0,0,0,0,0,1,1,0,0,0,0,0,0,0,0,0,0,0,0,0,0,0,0,0,0,1,0,0,8,0,39.9311,-75.2323, , 
 ,21252,2016117755,6,67,67301,2016,10,5,1335,13,1,2,1,4,1, , ,N,1,3,0,3,0,2,3,2,N,N,39 55:25.806,75 14:22.876,1340, ,1335,1,1,4,N, ,3,N, , , , ,251229, , , ,2,1,0,0,0,0,0,0,0,0,0,0,2,2,0,0,0,0,0,0,0,0,0,0,0,0,0,0,0,0,0,0,0,0,0,8,0,39.9238,-75.2397, , 
 ,21253,2016126163,6,67,67301,2016,11,6,2010,20,3,1,0,1,1, , ,N,1,2,0,3,0,1,3,2,N, ,39 59:27.769,75 10:06.848,2041, ,2037, ,0, , , ,3, , , , , ,251266, , , ,2,1,0,0,0,0,1,0,0,0,1,0,1,0,0,0,0,0,0,0,0,0,0,2,0,0,0,0,0,0,0,0,0,0,0,3,0,39.991,-75.1686, , 
 ,21254,2017010648,6,67,67301,2016,12,5,1945,19,3,1,0,2,1, , ,N,2,0,0,3,0,2,5,3,N,N,39 57:55.227,75 14:09.697,2025, ,2022, ,0, , , ,0, , , , , ,251287, , , ,3,2,0,0,1,0,0,0,0,0,0,2,2,0,0,0,0,0,0,0,1,0,0,0,0,0,0,0,0,0,0,0,0,0,0,4,0,39.9653,-75.236, , 
 ,21255,2016108556,6,67,67301,2016,9,6,1705,17,1,2,1,8,1, , ,N,1,3,0,3,0,1,2,2,Y,N,39 56:10.978,75 09:12.916,1710, ,1708, ,0, ,N, ,3, , , , , ,251292, , , ,1,0,0,1,0,0,0,0,0,0,0,1,1,0,0,0,0,0,0,0,1,0,0,0,0,0,0,0,0,0,0,0,1,0,0,4,1,39.9364,-75.1536, , 
 ,21256,2016064033,6,67,67301,2016,6,6,2036,20,3,1,0,4,1, , ,N,5,2,0,3,0,1,2,2,N,N,40 01:24.135,75 05:04.142,2042, ,2036, ,0, ,N, ,3, , , , , ,251300, , , ,2,1,1,0,0,0,0,0,0,0,0,0,1,1,0,0,0,0,0,0,0,0,0,0,0,0,0,0,0,0,0,0,0,0,0,8,0,40.0234,-75.0845, , 
 ,21257,2016087650,6,67,67301,2016,7,1,340,3,3,1,0,4,1, , ,N,1,3,0,3,0,0,3,4,N,N,39 58:30.969,75 10:59.930,355, ,352, ,0, ,N, ,3, , , , , ,251315, , , ,4,3,0,0,0,0,1,0,0,0,0,0,0,0,0,0,0,0,0,0,1,0,0,0,0,0,0,0,0,0,0,0,0,0,0,0,0,39.9753,-75.1833, , 
 ,21258,2016080683,6,67,67301,2016,7,3,1545,15,1,1,0,6,6, , ,N,0,0,0,3,0,1,1,3,N,N,40 02:20.760,75 02:41.627,1550, ,1545, ,0, ,N, ,0, , , , , ,251320, , , ,3,1,0,0,0,0,1,1,0,0,0,1,1,0,0,0,0,0,0,0,1,0,0,1,0,0,0,0,0,0,0,0,0,0,0,4,0,40.0391,-75.0449, , 
 ,21259,2016087715,6,67,67301,2016,8,4,1445,14,1,1,0,1,1, , ,N,0,0,0,3,0,1,2,2,N,N,40 04:45.456,75 10:25.421,1512, ,1512,1,1,3,N, ,0,N, , , , ,251325, , , ,2,1,0,0,1,0,0,0,0,0,0,0,1,1,0,0,0,0,0,0,1,0,0,0,0,0,0,0,0,0,0,0,0,0,0,8,0,40.0793,-75.1737, , 
 ,21260,2016105559,6,67,67301,2016,9,3,2254,22,3,1,0,5,1, , ,N,0,0,3,3,0,0,5,3,N,N,39 53:52.075,75 12:41.281,2256, ,2254,1,1,3,N, ,0,N, , , , ,251329, , , ,3,0,0,0,0,0,1,2,0,0,0,0,0,0,0,0,0,0,0,0,0,1,0,0,0,0,0,0,0,0,0,0,0,0,0,0,0,39.8978,-75.2115, , 
 ,21261,2016106454,6,67,67301,2016,10,6,635,6,3,1,0,1,1, , ,N,0,0,0,3,0,1,3,3,N,N,39 58:01.735,75 07:59.029,651, ,640,1,1,1, , ,0,N, , , , ,248412, , , ,3,2,0,0,1,0,0,0,0,0,1,0,1,0,0,0,0,0,0,1,0,0,0,0,0,0,0,0,0,0,0,0,0,0,0,3,0,39.9671,-75.1331, , 