wz_ln_closure,objectid_1,crn,district,county,municipality,crash_year,crash_month,day_of_week,time_of_day,hour_of_day,illumination,weather,road_condition,collision_type,relation_to_road,work_zone_type,work_zone_loc,work_zone_ind,intersect_type,tcd_type,location_type,urban_rural,fatal_count,injury_count,person_count,total_units,sch_bus_ind,sch_zone_ind,latitude,longitude,arrival_tm,cons_zone_spd_lim,dispatch_tm,est_hrs_closed,lane_closed,ln_close_dir,ntfy_hiwy_maint,spec_juris_cd,tcd_func_cd,tfc_detour_ind,workers_pres,wz_close_detour,wz_flagger,wz_law_offcr_ind,objectid,wz_moving,wz_other,wz_shlder_mdn,vehicle_count,automobile_count,motorcycle_count,bus_count,small_truck_count,heavy_truck_count,suv_count,van_count,bicycle_count,maj_inj_count,mod_inj_count,min_inj_count,tot_inj_count,unk_inj_deg_count,unk_inj_per_count,driver_count_16yr,driver_count_17yr,driver_count_18yr,driver_count_19yr,driver_count_20yr,driver_count_50_64yr,driver_count_65_74yr,driver_count_75plus,unbelted_occ_count,unb_death_count,unb_maj_inj_count,belted_death_count,belted_maj_inj_count,mcycle_death_count,mcycle_maj_inj_count,bicycle_death_count,bicycle_maj_inj_count,ped_count,ped_death_count,ped_maj_inj_count,max_severity_level,comm_veh_count,dec_lat,dec_long,rdwy_surf_type_cd,county_name
 ,21262,2016132169,6,67,67301,2016,11,1,306,3,3,1,0,5,6, , ,N,0,0,0,3,0,0,2,5,N,N,39 54:10.243,75 14:47.708,328, ,306, ,0, ,N, ,0, , , , , ,248415, , , ,5,3,0,0,0,0,2,0,0,0,0,0,0,0,1,0,0,0,0,0,0,0,0,0,0,0,0,0,0,0,0,0,0,0,0,9,0,39.9028,-75.2466, , 
 ,21263,2016132202,6,67,67301,2016,11,2,9999,99,3,1,0,4,1, , ,N,1,0,0,3,0,0,3,2,N,N,39 59:48.459,75 09:14.287,1700, ,1700,2,1,1,N, ,0,N, , , , ,248438, , , ,2,2,0,0,0,0,0,0,0,0,0,0,0,0,3,0,0,0,0,0,0,0,0,0,0,0,0,0,0,0,0,0,0,0,0,9,0,39.9968,-75.1538, , 
 ,21264,2016120625,6,67,67301,2016,10,4,846,8,1,1,0,1,6, , ,N,0,0,0,3,0,1,1,3,N,N,39 55:14.987,75 14:47.915,852, ,846,3,1,1, , ,0,Y, , , , ,248452, , , ,3,2,0,0,0,0,1,0,0,0,0,0,1,1,0,0,0,0,0,0,1,0,0,0,0,0,0,0,0,0,0,0,0,0,0,8,0,39.9208,-75.2466, , 
 ,21265,2016138183,6,67,67301,2016,12,3,1645,16,3,2,1,8,1, , ,N,1,2,0,3,0,1,2,2,N,N,40 02:02.039,75 04:27.141,1650, ,1646,2,1,1,N, ,3,Y, , , , ,248470, , , ,1,1,0,0,0,0,0,0,0,0,1,0,1,0,0,0,0,0,0,0,0,0,0,1,0,0,0,0,0,0,0,0,1,0,0,3,0,40.034,-75.0744, , 
 ,21266,2016120509,6,67,67301,2016,10,7,1920,19,3,1,0,6,1, , ,N,0,0,0,3,0,3,3,2,N, ,40 01:05.184,75 03:51.094,2110, ,1922, ,0, , , ,0, , , , , ,248493, , , ,2,1,0,0,0,0,1,0,0,0,0,0,3,3,0,0,0,1,0,0,0,0,0,0,0,0,0,0,0,0,0,0,0,0,0,8,0,40.0181,-75.0642, , 
 ,21267,2016112212,6,67,67301,2016,10,6,317,3,3,1,0,4,1, , ,N,1,3,0,3,0,0,2,2,N, ,40 02:47.547,75 04:22.886,321, ,319, ,0, , , ,3, , , , , ,248509, , , ,2,2,0,0,0,0,0,0,0,0,0,0,0,0,0,0,0,0,0,0,0,0,0,0,0,0,0,0,0,0,0,0,0,0,0,0,0,40.0465,-75.073, , 
 ,21268,2016129402,6,67,67301,2016,11,4,30,0,3,1,0,5,6, , ,N,0,0,0,3,0,1,1,3,N,N,40 02:56.829,75 04:34.939,34, ,32,1,1,1,N, ,0,N, , , , ,248514, , , ,3,2,0,0,0,0,1,0,0,0,1,0,1,0,0,0,0,0,0,0,0,0,0,0,0,0,0,0,0,0,0,0,0,0,0,3,0,40.0491,-75.0764, , 
 ,21269,2016116838,6,67,67301,2016,11,7,1124,11,1,1,0,0,1, , ,N,0,0,0,3,0,0,3,2,N,N,39 58:01.587,75 11:18.290,1135, ,1126,2,1,3, , ,0,N, , , , ,248515, , , ,2,0,0,0,0,0,1,1,0,0,0,0,0,0,0,0,0,0,0,0,2,0,0,0,0,0,0,0,0,0,0,0,0,0,0,0,0,39.9671,-75.1884, , 
 ,21270,2017005240,6,67,67301,2016,12,2,9999,99,1,1,0,5,1, , ,N,0,0,0,3,0,1,2,5,N,N,40 01:32.730,75 07:13.949,1225, ,1220,3,2,1,Y, ,0,Y, , , , ,248538, , , ,5,3,0,0,0,0,2,0,0,0,0,0,1,1,0,0,0,0,0,0,0,0,0,0,0,0,0,0,0,0,0,0,0,0,0,8,0,40.0258,-75.1205, , 
 ,21271,2016129515,6,67,67301,2016,11,3,1155,11,1,1,0,8,1, , ,N,0,0,0,3,0,1,3,2,N,N,40 01:45.949,75 02:04.606,1200, ,1200, ,0, , , ,0, , , , , ,248544, , , ,1,0,0,0,0,0,1,0,0,0,0,0,1,1,0,0,0,0,0,0,0,0,0,0,0,0,0,0,0,0,0,0,1,0,0,8,0,40.0294,-75.0346, , 
 ,21272,2017003618,6,67,67301,2016,12,3,715,7,1,1,0,1,1, , ,N,3,0,0,3,0,1,2,2,N,N,40 00:05.253,75 08:44.923,743, ,728, ,0, ,N, ,0, , , , , ,248560, , , ,2,2,0,0,0,0,0,0,0,0,1,0,1,0,0,0,0,0,0,0,0,0,0,0,0,0,0,0,0,0,0,0,0,0,0,3,0,40.0015,-75.1458, , 
 ,21273,2017003621,6,67,67301,2016,12,1,1535,15,1,1,1,4,1, , ,N,1,2,0,3,0,1,2,2,N,N,39 56:53.175,75 09:15.257,1536, ,1535, ,0, ,N, ,3, , , , , ,248561, , , ,1,1,0,0,0,0,0,0,1,0,0,0,1,1,0,0,0,0,0,0,0,0,1,0,0,0,0,0,0,0,0,0,0,0,0,8,0,39.9481,-75.1542, , 
 ,21274,2016117185,6,67,67301,2016,10,5,1612,16,1,1,0,1,1, , ,N,0,0,0,3,0,2,4,3,N, ,40 02:32.200,75 04:58.200,1646, ,1629, ,0, , , ,0, , , , , ,248589, , , ,3,2,0,0,0,0,0,0,0,0,0,2,2,0,2,0,0,0,0,0,0,0,0,0,0,0,0,0,0,0,0,0,0,0,0,4,0,40.0423,-75.0828, , 
 ,21275,2017005263,6,67,67301,2016,12,6,2330,23,3,1,0,4,1, , ,N,1,2,2,3,0,0,4,2,N,N,39 59:12.112,75 12:27.590,2346, ,2344, ,0, ,N, ,3, , , , , ,248614, , , ,2,1,0,0,1,0,0,0,0,0,0,0,0,0,0,0,0,0,0,0,1,1,0,0,0,0,0,0,0,0,0,0,0,0,0,0,0,39.9867,-75.2076, , 
 ,21276,2017007756,6,67,67301,2016,12,3,1921,19,3,1,0,4,1, , ,N,1,2,7,3,0,2,3,2,N,N,40 02:07.087,75 06:30.627,2001, ,1948, ,0, ,N, ,3, , , , , ,248617, , , ,2,1,0,0,0,0,1,0,0,0,0,0,2,2,0,0,0,0,1,0,0,1,0,0,0,0,0,0,0,0,0,0,0,0,0,8,0,40.0353,-75.1085, , 
 ,21277,2017005229,6,67,67301,2016,12,5,1125,11,1,1,0,4,1, , ,N,2,3,2,3,0,1,2,2,N,N,39 54:42.579,75 09:38.137,1134, ,1128, ,0, ,N, ,3, , , , , ,248620, , , ,2,0,0,0,1,0,1,0,0,0,0,1,1,0,0,0,0,0,0,0,0,1,0,0,0,0,0,0,0,0,0,0,0,0,0,4,0,39.9118,-75.1606, , 
 ,21278,2016130141,6,67,67301,2016,12,6,1800,18,3,1,0,1,1, , ,N,0,0,0,3,0,1,3,3,N,N,40 01:00.701,75 10:27.190,1815, ,1805,1,1,2,N, ,0,N, , , , ,248629, , , ,3,3,0,0,0,0,0,0,0,0,0,1,1,0,0,0,0,0,0,0,0,0,0,0,0,0,0,0,0,0,0,0,0,0,0,4,0,40.0169,-75.1742, , 
 ,21279,2017000625,6,67,67301,2016,11,4,605,6,3,2,1,8,1, , ,N,1,2,0,3,0,1,2,2,N, ,39 54:59.773,75 10:09.214,615, ,605, ,0, , , ,3, , , , , ,242106, , , ,1,1,0,0,0,0,0,0,0,0,1,0,1,0,0,0,0,0,0,0,0,0,0,0,0,0,0,0,0,0,0,0,1,0,0,3,0,39.9165,-75.1693, , 
 ,21280,2016117735,6,67,67301,2016,10,6,2235,22,3,1,1,8,1, , ,N,1,3,0,3,0,1,2,2,N, ,39 58:33.459,75 10:12.730,133, ,116, ,0, , , ,3, , , , , ,242113, , , ,1,1,0,0,0,0,0,0,0,0,0,1,1,0,0,0,0,0,0,0,0,0,0,1,0,0,0,0,0,0,0,0,1,0,0,4,0,39.976,-75.1702, , 
 ,21281,2016117178,6,67,67301,2016,10,1,1416,14,1,1,0,5,6, , ,N,0,0,0,3,0,1,1,2,N, ,39 56:24.192,75 14:10.478,1730, ,1419, ,0, , , ,0, , , , , ,242117, , , ,2,1,0,0,0,0,1,0,0,0,0,0,1,1,0,0,0,0,0,0,0,0,0,0,0,0,0,0,0,0,0,0,0,0,0,8,0,39.9401,-75.2362, , 
 ,21282,2016120597,6,67,67301,2016,10,3,39,0,3,1,0,7,4, , ,N,0,0,0,3,0,0,1,1,N, ,39 59:35.968,75 11:34.792,46, ,40,9,1,1, , ,0,N, , , , ,242128, , , ,1,1,0,0,0,0,0,0,0,0,0,0,0,0,0,0,0,0,0,0,0,0,0,1,0,0,0,0,0,0,0,0,0,0,0,0,0,39.9933,-75.193, , 
 ,21283,2016112202,6,67,67301,2016,10,7,1244,12,1,2,1,5,6, , ,N,0,0,0,3,0,0,1,2,N, ,39 55:41.725,75 11:32.280,1245, ,1245, ,0, , , ,0, , , , , ,242132, , , ,2,1,0,0,0,0,1,0,0,0,0,0,0,0,0,0,0,0,0,0,0,0,1,0,0,0,0,0,0,0,0,0,0,0,0,0,0,39.9283,-75.1923, , 
 ,21284,2017016474,6,67,67301,2016,4,6,2300,23,3,1,0,5,1, , ,N,0,0,0,3,0,2,3,2,N,N,39 59:50.000,75 12:15.800,0, ,0, ,0, ,N, ,0, , , , , ,242151, , , ,2,1,0,0,0,0,0,0,0,0,0,0,2,2,0,0,0,0,0,0,0,0,0,0,0,0,0,0,0,0,0,0,0,0,0,8,0,39.9972,-75.2044, , 
 ,21285,2016126144,6,67,67301,2016,11,1,250,2,3,1,0,5,6, , ,N,0,0,0,3,0,1,1,2,N,N,40 01:09.489,75 05:46.243,254, ,251, ,0, ,N, ,0, , , , , ,242171, , , ,2,1,0,0,0,1,0,0,0,0,0,1,1,0,0,0,0,0,0,0,0,0,0,1,0,0,0,0,0,0,0,0,0,0,0,4,1,40.0193,-75.0962, , 
 ,21286,2016106443,6,67,67301,2016,10,2,1410,14,1,1,0,1,1, , ,N,0,8,0,3,0,0,2,2,N,N,40 00:13.609,75 11:40.468,1415, ,1410, ,0, , , ,3, , , , , ,242175, , , ,2,1,0,0,0,0,0,1,0,0,0,0,0,0,0,0,0,0,0,0,0,0,0,0,0,0,0,0,0,0,0,0,0,0,0,0,0,40.0038,-75.1946, , 
 ,21287,2016129412,6,67,67301,2016,11,3,1502,15,1,1,0,4,1, , ,N,2,3,0,3,0,2,2,2,N,N,40 00:14.774,75 04:56.222,1510, ,1504,2,1,3,N, ,3,N, , , , ,242218, , , ,2,2,0,0,0,0,0,0,0,0,0,2,2,0,0,0,0,0,1,0,0,0,0,0,0,0,0,0,0,0,0,0,0,0,0,4,0,40.0041,-75.0823, , 
 ,21288,2016110240,6,67,67301,2016,10,5,2050,20,3,1,0,7,3, , ,N,0,0,0,3,0,2,2,1,N,N,40 02:31.436,75 00:13.498,2104, ,2052, ,0, , , ,0, , , , , ,242226, , , ,1,0,0,0,0,0,1,0,0,0,0,0,2,2,0,0,0,0,0,0,0,0,0,0,0,0,0,0,0,0,0,0,0,0,0,8,0,40.0421,-75.0037, , 
 ,21289,2016105537,6,67,67301,2016,9,6,1320,13,1,1,0,8,1, , ,N,0,0,0,3,0,1,2,2,N,N,40 02:44.169,75 05:52.813,1331, ,1330, ,0, , , ,0, , , , , ,242248, , , ,1,1,0,0,0,0,0,0,0,0,0,0,1,1,1,0,0,0,0,0,0,0,0,0,0,0,0,0,0,0,0,0,1,0,0,8,0,40.0456,-75.098, , 
 ,21290,2016107196,6,67,67301,2016,10,2,1226,12,1,1,0,1,1, , ,N,0,0,0,3,0,1,2,2,N,N,39 57:09.170,75 11:23.817,1335, ,1332, ,0, ,N, ,0, , , , , ,242258, , , ,2,1,0,0,1,0,0,0,0,0,1,0,1,0,0,0,0,0,0,0,0,0,0,0,0,0,0,0,0,0,0,0,0,0,0,3,0,39.9525,-75.1899, , 
 ,21291,2016092087,6,67,67301,2016,8,6,1605,16,1,1,0,2,1, , ,N,1,2,0,3,0,3,4,2,N, ,40 00:54.748,75 08:49.919,1618, ,1618, ,0, , , ,3, , , , , ,242274, , , ,2,0,0,0,0,0,0,1,0,0,0,3,3,0,0,0,0,0,0,0,0,0,0,0,0,0,0,0,0,0,0,0,0,0,0,4,0,40.0152,-75.1472, , 
 ,21292,2016097338,6,67,67301,2016,9,2,944,9,1,2,1,0,4, , ,N,0,0,3,3,0,1,1,1,N,N,39 53:13.668,75 12:17.893,1002, ,945,2,1,2, , ,0,N, , , , ,242278, , , ,1,0,0,0,0,0,1,0,0,0,0,0,1,1,0,0,0,0,0,0,0,0,0,0,0,0,0,0,0,0,0,0,0,0,0,8,0,39.8871,-75.205, , 
 ,21293,2016119290,6,67,67301,2016,11,7,1704,17,1,1,0,1,1, , ,N,0,0,0,3,0,0,6,2,N,N,39 58:47.590,75 06:23.647,1727, ,1727,1,2,2, , ,0,N, , , , ,242282, , , ,2,1,0,0,0,0,1,0,0,0,0,0,0,0,0,0,0,0,0,0,0,1,0,0,0,0,0,0,0,0,0,0,0,0,0,0,0,39.9799,-75.1066, , 
 ,21294,2016129218,6,67,67301,2016,11,7,204,2,3,1,0,5,1, , ,N,0,0,0,3,1,2,3,2,N,N,40 05:12.202,75 02:23.056,231, ,231, ,0, ,N,0,0, , , , , ,242297, , , ,2,2,0,0,0,0,0,0,0,1,1,0,2,0,0,0,0,0,0,0,0,0,0,0,0,0,0,0,0,0,0,0,0,0,0,1,0,40.0867,-75.0397,2, 
 ,21295,2016108626,6,67,67301,2016,10,7,803,8,1,8,0,4,1, , ,N,1,2,0,3,0,1,2,2,N,N,40 04:05.340,75 01:46.740,838, ,806,2,1,3,N, ,3,N, , , , ,242299, , , ,2,0,0,0,0,0,1,1,0,0,1,0,1,0,0,0,0,0,0,0,0,0,0,0,0,0,0,0,0,0,0,0,0,0,0,3,0,40.0682,-75.0297, , 
 ,21296,2016135787,6,67,67301,2016,12,2,2149,21,3,1,0,4,1, , ,N,1,2,0,3,0,1,3,3,N,N,40 01:25.906,75 07:03.493,2302, ,2256, ,0, ,N, ,3, , , , , ,242308, , , ,3,1,0,0,1,0,0,1,0,0,0,0,1,1,0,0,0,1,0,0,0,0,0,3,0,0,0,0,0,0,0,0,0,0,0,8,0,40.0239,-75.1176, , 
 ,21297,2016129350,6,67,67301,2016,11,2,1647,16,1,1,0,4,1, , ,N,1,2,0,3,0,2,3,2,N,N,40 01:00.988,75 03:38.322,1655, ,1648,3,2,7,N, ,3,Y, , , , ,245191, , , ,2,0,1,0,0,0,1,0,0,1,0,1,2,0,0,0,0,1,0,0,0,0,0,0,0,0,0,0,0,1,0,0,0,0,0,2,0,40.0169,-75.0606, , 
 ,21298,2016132115,6,67,67301,2016,11,6,2228,22,3,1,0,0,1, , ,N,3,0,2,3,0,0,1,1,N, ,39 53:24.476,75 13:49.252,2230, ,2228,3,2,2, , ,0,Y, , , , ,245193, , , ,1,0,0,0,0,1,0,0,0,0,0,0,0,0,0,0,0,0,0,0,0,0,0,1,0,0,0,0,0,0,0,0,0,0,0,0,1,39.8901,-75.2303, , 
 ,21299,2016120587,6,67,67301,2016,11,5,1750,17,3,1,0,4,1, , ,N,1,2,0,3,0,1,3,2,N,N,40 04:51.448,75 01:44.242,1815, ,1803,9,1,3,N, ,3,N, , , , ,245196, , , ,2,2,0,0,0,0,0,0,0,0,0,1,1,0,0,0,0,0,0,0,0,0,0,0,0,0,0,0,0,0,0,0,0,0,0,4,0,40.0809,-75.0288, , 
 ,21300,2017003590,6,67,67301,2016,12,4,1620,16,3,1,0,1,1, , ,N,0,0,0,3,0,1,4,3,N,N,40 04:02.474,75 05:03.136,1645, ,1632, ,0, ,N, ,0, , , , , ,245250, , , ,3,2,0,0,0,0,0,1,0,0,0,1,1,0,0,0,0,0,0,0,1,1,0,0,0,0,0,0,0,0,0,0,0,0,0,4,0,40.0674,-75.0842, , 
 ,21301,2017005875,6,67,67301,2016,12,7,2337,23,3,1,0,1,1, , ,N,0,0,0,3,0,1,4,3,N,N,39 58:49.653,75 12:19.996,2348, ,2344,2,2,4, , ,0,N, , , , ,245251, , , ,3,2,0,0,0,0,1,0,0,0,1,0,1,0,0,0,0,1,0,0,0,0,0,0,0,0,0,0,0,0,0,0,0,0,0,3,0,39.9805,-75.2056, , 
 ,21302,2016110749,6,67,67301,2016,10,7,1906,19,3,1,0,5,1, , ,N,0,0,0,3,0,1,2,2,N,N,40 00:05.152,75 11:41.871,1909, ,1906,1,1,3, , ,0,N, , , , ,245268, , , ,2,0,1,0,0,0,1,0,0,0,0,0,1,1,0,0,0,0,0,0,1,0,0,0,0,0,0,0,0,0,0,0,0,0,0,8,0,40.0014,-75.195, , 
 ,21303,2016129503,6,67,67301,2016,11,4,1100,11,1,1,0,4,1, , ,N,1,3,0,3,0,1,3,2,N, ,39 58:03.856,75 08:58.426,1110, ,1103,1,1,3, , ,3,N, , , , ,245269, , , ,2,1,0,0,0,0,1,0,0,0,0,1,1,0,0,0,0,0,0,0,1,0,0,0,0,0,0,0,0,0,0,0,0,0,0,4,0,39.9677,-75.1496, , 
 ,21304,2016129340,6,67,67301,2016,11,3,9999,99,3,1,0,7,4, , ,N,0,0,0,3,0,1,1,1,N,N,39 55:02.665,75 12:49.032,514, ,510, ,0, ,N, ,0, , , , , ,245270, , , ,1,0,0,0,0,0,1,0,0,1,0,0,1,0,0,0,0,0,1,0,0,0,0,0,0,0,0,0,0,0,0,0,0,0,0,2,0,39.9174,-75.2136, , 
 ,21305,2016129550,6,67,67301,2016,11,5,2000,20,3,1,0,4,1, , ,N,1,3,0,3,0,0,2,2,N,N,39 58:17.414,75 14:21.944,2015, ,2004,1,1,5, , ,3,N, , , , ,245275, , , ,2,1,0,0,0,0,1,0,0,0,0,0,0,0,0,0,0,1,0,0,0,0,0,0,0,0,0,0,0,0,0,0,0,0,0,0,0,39.9715,-75.2394, , 
 ,21306,2016138175,6,67,67301,2016,12,4,454,4,3,1,0,5,6, , ,N,0,0,0,3,0,0,1,3,N,N,40 01:41.917,75 08:49.105,507, ,458,2,1,1,N, ,0,N, , , , ,245280, , , ,3,1,0,0,1,0,1,0,0,0,0,0,0,0,0,0,0,0,0,0,0,0,0,0,0,0,0,0,0,0,0,0,0,0,0,0,0,40.0283,-75.147, , 
 ,21307,2017007217,6,67,67301,2016,12,6,1725,17,3,1,0,4,1, , ,N,1,2,0,3,1,0,2,2,N,N,40 01:29.863,75 04:44.439,1742, ,1732, ,0, ,N,0,3, , , , , ,245283, , , ,2,0,1,1,0,0,0,0,0,0,0,0,0,0,0,0,0,0,0,0,0,0,0,0,0,0,0,0,1,0,0,0,0,0,0,1,1,40.025,-75.079,2, 
 ,21308,2016105571,6,67,67301,2016,9,3,1316,13,1,1,0,4,1, , ,N,1,2,0,3,0,5,5,2,N,N,39 56:16.512,75 13:52.078,1319, ,1316, ,0, ,N, ,3, , , , , ,245287, , , ,2,1,0,0,0,0,1,0,0,0,0,0,5,5,0,0,0,0,0,0,0,0,0,0,0,0,0,0,0,0,0,0,0,0,0,8,0,39.9379,-75.2311, , 
 ,21309,2016112084,6,67,67301,2016,10,5,2051,20,3,1,0,4,1, , ,N,1,2,0,3,0,0,2,2,N,N,39 57:20.190,75 11:22.129,2110, ,2104, ,0, ,N, ,3, , , , , ,245289, , , ,2,1,0,0,0,0,0,1,0,0,0,0,0,0,0,0,0,0,0,0,0,1,0,0,0,0,0,0,0,0,0,0,0,0,0,0,0,39.9556,-75.1895, , 
 ,21310,2016120469,6,67,67301,2016,10,6,1620,16,1,1,0,1,1, , ,N,2,0,0,3,0,0,5,3,N, ,40 01:41.820,75 11:05.134,1657, ,1657, ,0, , , ,0, , , , , ,245294, , , ,3,2,0,0,0,0,1,0,0,0,0,0,0,0,2,0,0,0,0,1,1,0,0,0,0,0,0,0,0,0,0,0,0,0,0,9,0,40.0283,-75.1848, , 
 ,21311,2016106343,6,67,67301,2016,9,4,1737,17,1,1,0,1,1, , ,N,1,2,0,3,0,1,2,2,N, ,40 01:39.836,75 06:35.867,9999, ,1739,9,1,1, , ,3,N, , , , ,245298, , , ,2,0,0,0,0,1,0,1,0,0,0,0,1,1,0,0,0,0,0,0,1,0,0,1,0,0,0,0,0,0,0,0,0,0,0,8,1,40.0277,-75.11, , 
 ,21312,2016129972,6,67,67301,2016,11,6,9999,99,5,1,0,4,1, , ,N,1,3,0,3,0,1,2,3,N, ,40 00:54.597,75 04:21.716,2015, ,2011, ,0, , , ,3, , , , , ,245341, , , ,3,2,0,0,0,0,0,1,0,0,0,0,1,1,1,0,0,0,0,0,0,1,0,1,0,0,0,0,0,0,0,0,0,0,0,8,0,40.0152,-75.0727, , 
 ,21313,2016105906,6,67,67301,2016,9,4,9999,99,1,1,0,4,1, , ,N,2,3,0,3,0,1,3,2,N,N,39 56:25.771,75 10:52.730,1045, ,1001, ,0, , , ,3, , , , , ,245346, , , ,2,2,0,0,0,0,0,0,0,0,0,1,1,0,0,0,0,0,0,0,0,0,0,2,0,0,0,0,0,0,0,0,0,0,0,4,0,39.9405,-75.1813, , 
 ,21314,2016135761,6,67,67301,2016,11,4,1645,16,3,2,1,6,1, , ,N,0,3,0,3,0,0,6,3,N, ,40 05:26.764,75 03:51.071,1648, ,1647, ,0, , , ,3, , , , , ,245354, , , ,3,0,0,0,2,0,1,0,0,0,0,0,0,0,0,0,0,0,0,0,0,0,0,0,0,0,0,0,0,0,0,0,0,0,0,0,0,40.0908,-75.0642, , 
 ,21315,2016111081,6,67,67301,2016,10,6,1530,15,1,1,0,4,1, , ,N,0,0,7,3,0,2,5,3,N,N,40 04:20.062,75 09:30.647,1610, ,1549, ,0, ,N, ,0, , , , , ,251330, , , ,3,1,0,0,0,0,0,2,0,0,0,2,2,0,1,0,0,0,0,0,0,0,1,0,0,0,0,0,0,0,0,0,0,0,0,4,0,40.0722,-75.1585, , 
 ,21316,2017007788,6,67,67301,2016,12,6,533,5,2,1,0,1,1, , ,N,0,0,0,3,0,1,1,2,N,N,39 56:24.033,75 11:05.833,533, ,533,9,1,5,N, ,0,N, , , , ,251357, , , ,2,1,0,0,1,0,0,0,0,0,0,1,1,0,0,0,0,0,0,0,0,0,0,0,0,0,0,0,0,0,0,0,0,0,0,4,0,39.94,-75.185, , 
 ,21317,2017003585,6,67,67301,2016,12,1,1205,12,1,1,0,2,1, , ,N,0,0,0,3,0,2,3,2,N,N,40 00:54.365,75 11:54.734,1214, ,1208, ,0, ,N, ,0, , , , , ,251358, , , ,2,2,0,0,0,0,0,0,0,0,0,2,2,0,0,0,0,0,0,0,0,1,0,0,0,0,0,0,0,0,0,0,0,0,0,4,0,40.0151,-75.1985, , 
 ,21318,2017003673,6,67,67301,2016,12,4,2000,20,3,1,0,8,1, , ,N,0,0,0,3,0,1,2,2,N,N,39 57:00.834,75 08:44.409,2045, ,2035, ,0, ,N, ,0, , , , , ,251360, , , ,1,1,0,0,0,0,0,0,0,0,0,1,1,0,0,0,0,0,0,0,1,0,0,0,0,0,0,0,0,0,0,0,1,0,0,4,0,39.9502,-75.1457, , 
 ,21319,2016128671,6,67,67301,2016,12,5,200,2,3,6,1,1,1, , ,N,0,0,0,3,0,1,3,2,N,N,39 56:53.367,75 11:12.752,201, ,200,3,2,3, , ,0,Y, , , , ,251366, , , ,2,1,0,0,0,0,1,0,0,0,0,0,1,1,0,0,0,0,0,0,1,0,0,0,0,0,0,0,0,0,0,0,0,0,0,8,0,39.9482,-75.1869, , 
 ,21320,2017005252,6,67,67301,2016,12,7,30,0,3,1,0,5,6, , ,N,0,0,0,3,0,1,1,2,N,N,39 59:38.956,75 09:22.424,42, ,40, ,0, ,N, ,0, , , , , ,251371, , , ,2,1,0,0,0,0,1,0,0,0,0,1,1,0,0,0,0,0,0,0,0,0,0,0,0,0,0,0,0,0,0,0,0,0,0,4,0,39.9942,-75.1562, , 
 ,21321,2017003594,6,67,67301,2016,12,5,1255,12,1,1,1,8,1, , ,N,2,3,0,3,0,1,2,2,N,N,40 03:37.519,75 09:48.628,1307, ,1307, ,0, ,N, ,3, , , , , ,251372, , , ,1,1,0,0,0,0,0,0,0,0,0,0,1,1,0,0,0,0,0,0,1,0,0,0,0,0,0,0,0,0,0,0,1,0,0,8,0,40.0604,-75.1635, , 
 ,21322,2017019578,6,67,67301,2016,6,3,1600,16,1,1,0,1,1, , ,N,3,3,2,3,0,1,2,2,N,N,40 00:39.685,75 12:22.055,0, ,0, ,0, ,N, ,3, , , , , ,251373, , , ,2,1,0,0,1,0,0,0,0,0,0,0,1,1,0,0,0,0,0,0,0,0,0,1,0,0,0,0,0,0,0,0,0,0,0,8,0,40.011,-75.2061, , 
 ,21323,2017019608,6,67,67301,2016,7,3,1050,10,1,1,0,4,1, , ,N,1,2,0,3,0,1,2,2,N,N,40 02:02.039,75 04:27.141,0, ,0, ,0, ,N, ,3, , , , , ,251384, , , ,2,1,0,0,0,0,0,0,0,0,1,0,1,0,0,0,0,0,0,0,0,1,0,0,0,0,0,0,0,0,0,0,0,0,0,3,0,40.034,-75.0744, , 
 ,21324,2017003670,6,67,67301,2016,12,4,915,9,1,1,0,7,4, , ,N,0,0,0,3,0,1,1,1,N,N,39 57:04.064,75 09:13.866,930, ,918, ,0, ,N, ,0, , , , , ,251386, , , ,1,1,0,0,0,0,0,0,0,0,0,1,1,0,0,0,0,0,0,0,0,1,0,0,0,0,0,0,0,0,0,0,0,0,0,4,0,39.9511,-75.1539, , 
 ,21325,2016126131,6,67,67301,2016,11,7,2200,22,3,1,0,1,1, , ,N,1,0,0,3,0,0,2,2,N,N,40 00:54.612,75 06:41.439,2257, ,2257, ,0, ,N, ,0, , , , , ,251396, , , ,2,1,0,0,0,0,1,0,0,0,0,0,0,0,0,0,0,0,0,0,0,0,0,0,0,0,0,0,0,0,0,0,0,0,0,0,0,40.0152,-75.1115, , 
 ,21326,2017005748,6,67,67301,2016,12,7,900,9,1,2,4,7,4, , ,N,0,0,0,3,0,1,1,1,N, ,40 06:06.947,75 02:58.233,909, ,906, ,0, , , ,0, , , , , ,251410, , , ,1,1,0,0,0,0,0,0,0,0,0,0,1,1,0,0,0,0,0,0,0,0,0,0,0,0,0,0,0,0,0,0,0,0,0,8,0,40.1019,-75.0495, , 
 ,21327,2017000619,6,67,67301,2016,12,4,1937,19,3,1,0,4,1, , ,N,5,2,8,3,0,0,2,2,N,N,39 57:28.586,75 09:50.892,2018, ,1937, ,0, , , ,3, , , , , ,251414, , , ,2,2,0,0,0,0,0,0,0,0,0,0,0,0,0,0,0,0,0,0,0,0,0,0,0,0,0,0,0,0,0,0,0,0,0,0,0,39.9579,-75.1641, , 
 ,21328,2016105832,6,67,67301,2016,9,5,2310,23,3,1,0,4,1, , ,N,2,3,0,3,0,1,3,2,N, ,40 03:22.348,75 11:11.579,2320, ,2320, ,0, , , ,3, , , , , ,251419, , , ,2,2,0,0,0,0,0,0,0,0,0,1,1,0,0,0,0,0,0,0,0,0,0,0,0,0,0,0,0,0,0,0,0,0,0,4,0,40.0562,-75.1865, , 