wz_ln_closure,objectid_1,crn,district,county,municipality,crash_year,crash_month,day_of_week,time_of_day,hour_of_day,illumination,weather,road_condition,collision_type,relation_to_road,work_zone_type,work_zone_loc,work_zone_ind,intersect_type,tcd_type,location_type,urban_rural,fatal_count,injury_count,person_count,total_units,sch_bus_ind,sch_zone_ind,latitude,longitude,arrival_tm,cons_zone_spd_lim,dispatch_tm,est_hrs_closed,lane_closed,ln_close_dir,ntfy_hiwy_maint,spec_juris_cd,tcd_func_cd,tfc_detour_ind,workers_pres,wz_close_detour,wz_flagger,wz_law_offcr_ind,objectid,wz_moving,wz_other,wz_shlder_mdn,vehicle_count,automobile_count,motorcycle_count,bus_count,small_truck_count,heavy_truck_count,suv_count,van_count,bicycle_count,maj_inj_count,mod_inj_count,min_inj_count,tot_inj_count,unk_inj_deg_count,unk_inj_per_count,driver_count_16yr,driver_count_17yr,driver_count_18yr,driver_count_19yr,driver_count_20yr,driver_count_50_64yr,driver_count_65_74yr,driver_count_75plus,unbelted_occ_count,unb_death_count,unb_maj_inj_count,belted_death_count,belted_maj_inj_count,mcycle_death_count,mcycle_maj_inj_count,bicycle_death_count,bicycle_maj_inj_count,ped_count,ped_death_count,ped_maj_inj_count,max_severity_level,comm_veh_count,dec_lat,dec_long,rdwy_surf_type_cd,county_name
 ,21329,2016129610,6,67,67301,2016,11,4,735,7,1,1,0,1,1, , ,N,0,0,0,3,0,0,2,2,N,N,39 59:34.267,75 05:07.350,750, ,739, ,0, , , ,0, , , , , ,251420, , , ,2,1,0,0,0,0,1,0,0,0,0,0,0,0,0,0,0,0,0,0,0,0,0,1,0,0,0,0,0,0,0,0,0,0,0,0,0,39.9929,-75.0854, , 
 ,21330,2016125423,6,67,67301,2016,10,7,1943,19,3,1,0,8,1, , ,N,0,0,0,3,1,0,5,2,N,N,40 03:00.075,75 03:04.755,1949, ,1945,9,2,2,N,0,0,Y, , , , ,251428, , , ,1,1,0,0,0,0,0,0,0,0,0,0,0,0,0,0,0,0,0,0,0,0,0,0,0,0,0,0,0,0,0,0,1,1,0,1,0,40.05,-75.0513,2, 
 ,21331,2016124419,6,67,67301,2016,10,5,900,9,1,1,0,6,1, , ,N,0,0,0,3,0,0,3,2,N,N,40 00:10.868,75 06:51.098,954, ,952,1,2,2,N, ,0,N, , , , ,251442, , , ,2,1,0,0,0,0,0,1,0,0,0,0,0,0,0,0,0,0,0,0,0,0,0,0,0,0,0,0,0,0,0,0,0,0,0,0,0,40.003,-75.1142, , 
 ,21332,2016129331,6,67,67301,2016,11,1,1042,10,1,1,0,7,4, , ,N,0,0,7,3,0,0,2,1,N,N,40 05:39.138,75 00:58.175,1050, ,1045, ,0, ,N, ,0, , , , , ,251447, , , ,1,1,0,0,0,0,0,0,0,0,0,0,0,0,0,0,0,0,0,0,0,0,0,0,0,0,0,0,0,0,0,0,0,0,0,0,0,40.0942,-75.0162, , 
 ,21333,2017005265,6,67,67301,2016,12,3,1804,18,3,1,0,8,1, , ,N,1,2,0,3,0,1,2,2,N,N,39 59:34.615,75 06:37.098,1804, ,1804, ,0, ,N, ,3, , , , , ,251459, , , ,1,0,0,0,0,0,1,0,0,0,0,0,1,1,0,0,0,0,0,0,1,0,0,1,0,0,0,0,0,0,0,0,1,0,0,8,0,39.9929,-75.1103, , 
 ,21334,2016120461,6,67,67301,2016,10,1,1941,19,3,2,1,8,1, , ,N,1,2,0,3,0,1,3,3,N, ,40 02:07.432,75 02:59.146,2000, ,1942, ,0, , , ,3, , , , , ,248630, , , ,1,0,0,0,0,0,1,0,0,0,0,1,1,0,0,0,0,0,0,0,0,0,0,0,0,0,0,0,0,0,0,0,2,0,0,4,0,40.0354,-75.0498, , 
 ,21335,2016124430,6,67,67301,2016,11,5,125,1,3,1,0,7,4, , ,N,0,0,0,3,0,0,1,1,N,N,40 06:03.288,74 59:03.429,135, ,130, ,0, ,N, ,0, , , , , ,248631, , , ,1,0,0,0,0,0,1,0,0,0,0,0,0,0,1,0,0,0,0,0,0,0,0,0,0,0,0,0,0,0,0,0,0,0,0,9,0,40.1009,-74.9843, , 
 ,21336,2016120654,6,67,67301,2016,10,5,1039,10,1,1,1,1,1, , ,N,1,2,0,3,0,4,5,2,N,N,40 04:26.624,75 11:27.147,1045, ,1039, ,0, ,N, ,3, , , , , ,248653, , , ,2,2,0,0,0,0,0,0,0,0,0,0,4,4,0,0,0,0,0,0,1,0,0,0,0,0,0,0,0,0,0,0,0,0,0,8,0,40.0741,-75.1909, , 
 ,21337,2016129495,6,67,67301,2016,11,6,1410,14,1,1,0,8,1, , ,N,1,2,0,3,0,1,2,2,N, ,39 57:17.491,75 09:04.108,1428, ,1424, ,0, , , ,3, , , , , ,248669, , , ,1,1,0,0,0,0,0,0,0,0,0,1,1,0,0,0,0,0,0,0,0,0,0,1,0,0,0,0,0,0,0,0,1,0,0,4,0,39.9549,-75.1511, , 
 ,21338,2016126130,6,67,67301,2016,11,1,1630,16,4,1,0,5,6, , ,N,0,0,0,3,0,0,1,5,N,N,39 56:08.815,75 10:50.397,1633, ,1632, ,0, ,N, ,0, , , , , ,248673, , , ,5,3,0,0,0,0,1,1,0,0,0,0,0,0,0,0,0,0,0,0,0,1,0,0,0,0,0,0,0,0,0,0,0,0,0,0,0,39.9358,-75.1807, , 
 ,21339,2016129454,6,67,67301,2016,11,2,1825,18,3,1,0,8,1, , ,N,1,2,0,3,0,1,2,2,N,N,40 03:02.401,75 10:23.780,1830, ,1830,1,2,1,N, ,3,Y, , , , ,248674, , , ,1,0,0,0,0,0,1,0,0,0,0,1,1,0,0,0,0,0,0,0,1,0,0,1,0,0,0,0,0,0,0,0,1,0,0,4,0,40.0507,-75.1733, , 
 ,21340,2017005216,6,67,67301,2016,12,4,2330,23,3,1,0,4,1, , ,N,2,2,0,3,0,3,3,2,N,N,39 58:27.676,75 12:06.216,2339, ,2338,3,1,3,N, ,3,Y, , , , ,248679, , , ,2,2,0,0,0,0,0,0,0,0,0,1,3,2,0,0,0,0,0,0,0,0,0,0,0,0,0,0,0,0,0,0,0,0,0,4,0,39.9744,-75.2017, , 
 ,21341,2016132157,6,67,67301,2016,11,4,146,1,3,2,1,7,5, , ,N,0,0,0,3,0,1,1,1,N, ,40 00:47.908,75 07:16.762,204, ,159, ,0, , , ,0, , , , , ,248690, , , ,1,1,0,0,0,0,0,0,0,0,0,0,1,1,0,0,0,0,0,0,0,0,0,0,0,0,0,0,0,0,0,0,0,0,0,8,0,40.0133,-75.1213, , 
 ,21342,2016105635,6,67,67301,2016,9,4,1654,16,1,1,0,4,1, , ,N,1,3,0,3,0,1,2,2,N,N,40 02:31.891,75 04:43.971,1657, ,1656,3,1,1,N, ,3,Y, , , , ,248703, , , ,2,1,0,0,0,0,1,0,0,0,0,0,1,1,0,0,0,0,0,0,0,0,0,0,0,0,0,0,0,0,0,0,0,0,0,8,0,40.0422,-75.0789, , 
 ,21343,2016117711,6,67,67301,2016,10,4,48,0,3,1,0,4,1, , ,N,1,3,0,3,0,1,2,2,N, ,39 55:43.384,75 11:01.928,48, ,48, ,0, , , ,3, , , , , ,248709, , , ,1,1,0,0,0,0,0,0,1,0,1,0,1,0,0,0,0,0,0,0,0,0,0,1,0,0,0,0,0,0,0,0,0,0,0,3,0,39.9287,-75.1839, , 
 ,21344,2016112226,6,67,67301,2016,10,3,1159,11,1,1,0,8,1, , ,N,1,2,0,3,0,1,3,2,N,N,39 57:09.508,75 10:41.402,1215, ,1203, ,0, ,N, ,3, , , , , ,248713, , , ,1,1,0,0,0,0,0,0,0,0,0,1,1,0,0,0,0,0,0,0,0,0,0,0,0,0,0,0,0,0,0,0,1,0,0,4,0,39.9526,-75.1781, , 
 ,21345,2016135237,6,67,67301,2016,12,1,17,0,3,1,0,1,1, , ,N,0,0,0,3,0,2,4,2,N,N,40 00:20.914,75 04:30.385,40, ,19, ,0, , , ,0, , , , , ,248714, , , ,2,2,0,0,0,0,0,0,0,0,0,0,2,2,0,0,0,0,0,0,0,0,0,0,0,0,0,0,0,0,0,0,0,0,0,8,0,40.0058,-75.0751, , 
 ,21346,2016138257,6,67,67301,2016,12,2,1845,18,3,1,0,4,1, , ,N,0,0,0,3,0,1,4,2,N, ,40 01:53.878,75 12:26.715,1900, ,1900, ,0, , , ,0, , , , , ,248721, , , ,2,1,0,0,0,0,1,0,0,0,0,1,1,0,0,0,0,0,1,0,0,0,0,0,0,0,0,0,0,0,0,0,0,0,0,4,0,40.0316,-75.2074, , 
 ,21347,2017003583,6,67,67301,2016,12,7,232,2,3,4,1,4,1, , ,N,1,2,0,3,0,0,2,2,N,N,40 07:07.975,75 01:04.685,246, ,237, ,0, , , ,3, , , , , ,248728, , , ,2,2,0,0,0,0,0,0,0,0,0,0,0,0,0,0,0,0,0,0,0,0,0,0,0,0,0,0,0,0,0,0,0,0,0,0,0,40.1189,-75.018, , 
 ,21348,2017023507,6,67,67301,2016,11,4,9999,99,1,1,0,1,1, , ,N,1,2,0,3,0,1,3,3,N,N,39 59:03.987,75 08:30.724,0, ,0, ,0, ,N, ,3, , , , , ,248735, , , ,3,2,0,0,0,0,1,0,0,0,0,0,1,1,0,0,0,0,0,0,0,1,0,2,0,0,0,0,0,0,0,0,0,0,0,8,0,39.9844,-75.1419, , 
 ,21349,2016120478,6,67,67301,2016,10,7,1700,17,1,1,0,5,1, , ,N,0,0,0,3,0,1,2,2,N, ,39 56:12.404,75 09:06.851,1708, ,1704, ,0, , , ,0, , , , , ,248741, , , ,1,0,0,0,0,0,0,1,1,0,0,1,1,0,0,0,0,0,0,0,1,0,0,1,0,0,0,0,0,0,0,0,0,0,0,4,0,39.9368,-75.1519, , 
 ,21350,2016129965,6,67,67301,2016,11,3,836,8,1,1,0,4,1, , ,N,1,3,0,3,0,3,9,2,Y,N,40 01:01.866,75 04:52.773,842, ,842,3,2,3,N, ,3,Y, , , , ,248742, , , ,2,1,0,1,0,0,0,0,0,0,1,2,3,0,0,0,0,0,0,0,0,0,0,3,0,0,0,0,0,0,0,0,0,0,0,3,1,40.0172,-75.0813, , 
 ,21351,2016132188,6,67,67301,2016,11,4,1129,11,1,2,1,8,1, , ,N,1,2,0,3,0,1,2,2,N,N,39 57:09.921,75 08:59.708,1150, ,1129, ,0, ,N, ,3, , , , , ,248756, , , ,1,0,0,0,0,0,1,0,0,0,0,0,1,1,1,0,0,0,0,0,0,0,0,0,0,0,0,0,0,0,0,0,1,0,0,8,0,39.9528,-75.1499, , 
 ,21352,2016138202,6,67,67301,2016,12,7,545,5,3,1,0,4,1, , ,N,2,3,0,3,0,1,3,2,N, ,40 01:19.290,75 07:41.854,548, ,546, ,0, , , ,3, , , , , ,242314, , , ,2,1,0,0,1,0,0,0,0,0,0,1,1,0,0,0,0,0,0,0,0,0,0,0,0,0,0,0,0,0,0,0,0,0,0,4,0,40.022,-75.1283, , 
 ,21353,2017003640,6,67,67301,2016,12,2,1317,13,1,1,0,1,6, , ,N,0,0,0,3,0,2,2,2,N, ,39 56:18.942,75 12:57.065,1321, ,1320, ,0, , , ,0, , , , , ,242335, , , ,2,1,0,0,0,0,1,0,0,0,0,0,2,2,0,0,0,0,0,0,1,0,0,1,0,0,0,0,0,0,0,0,0,0,0,8,0,39.9386,-75.2159, , 
 ,21354,2017001631,6,67,67301,2016,12,6,2342,23,3,1,0,1,1, , ,N,0,0,0,3,0,1,8,3,N, ,40 01:10.028,75 02:59.876,5, ,3,3,1,4, , ,0,Y, , , , ,242341, , , ,3,2,0,0,0,0,1,0,0,0,0,0,1,1,0,0,0,0,0,0,2,0,0,0,0,0,0,0,0,0,0,0,0,0,0,8,0,40.0195,-75.05, , 
 ,21355,2016135760,6,67,67301,2016,11,3,1051,10,1,2,1,4,1, , ,N,1,2,0,3,0,2,4,3,N,N,40 00:02.469,75 08:52.972,1156, ,1051, ,0, ,N, ,3, , , , , ,242352, , , ,3,2,0,0,0,0,1,0,0,0,0,2,2,0,2,0,0,0,0,0,0,0,0,0,0,0,0,0,0,0,0,0,0,0,0,4,0,40.0007,-75.148, , 
 ,21356,2016132225,6,67,67301,2016,11,3,1235,12,1,1,0,5,1, , ,N,0,0,0,3,0,0,2,2,N,N,40 04:48.413,75 01:44.455,1249, ,1245,1,1,1,N, ,0,N, , , , ,242353, , , ,2,1,0,0,0,1,0,0,0,0,0,0,0,0,0,0,0,0,0,0,0,0,0,0,0,0,0,0,0,0,0,0,0,0,0,0,1,40.0801,-75.029, , 
 ,21357,2017007931,6,67,67301,2016,12,1,1135,11,1,1,0,2,1, , ,N,5,3,0,3,0,2,3,2,N, ,39 56:52.017,75 13:52.855,1140, ,1140, ,0, , , ,3, , , , , ,242361, , , ,2,1,0,0,0,0,1,0,0,0,2,0,2,0,1,0,0,0,0,0,0,0,0,0,0,0,0,0,0,0,0,0,0,0,0,3,0,39.9478,-75.2313, , 
 ,21358,2017003692,6,67,67301,2016,12,6,2130,21,3,1,0,5,6, , ,N,0,0,0,3,0,0,1,3,N,N,39 58:12.650,75 14:50.323,2147, ,2141,9,1,2,N, ,0,N, , , , ,242364, , , ,3,3,0,0,0,0,0,0,0,0,0,0,0,0,0,0,0,0,0,0,1,0,0,0,0,0,0,0,0,0,0,0,0,0,0,0,0,39.9702,-75.2473, , 
 ,21359,2016135806,6,67,67301,2016,11,6,1515,15,1,1,0,8,1, , ,N,1,2,0,3,1,0,2,2,N,N,39 58:31.121,75 14:44.055,1530, ,1515, ,0, ,N,0,3, , , , , ,242383, , , ,1,1,0,0,0,0,0,0,0,0,0,0,0,0,0,0,0,0,0,0,0,0,0,0,0,0,0,0,0,0,0,0,1,1,0,1,0,39.9753,-75.2455,2, 
 ,21360,2016135800,6,67,67301,2016,12,2,935,9,1,2,1,6,1, , ,N,0,0,0,3,0,1,3,3,N,N,40 01:37.796,75 11:34.219,940, ,935,1,2,5,N, ,0,N, , , , ,242401, , , ,3,3,0,0,0,0,0,0,0,1,0,0,1,0,0,0,0,0,0,0,0,0,0,0,0,0,0,1,0,0,0,0,0,0,0,2,0,40.0272,-75.1928, , 
 ,21361,2016138153,6,67,67301,2016,12,2,110,1,3,2,1,1,6, , ,N,0,0,0,3,0,1,2,5,N,N,39 59:25.803,75 05:39.843,119, ,116, ,0, ,N, ,0, , , , , ,242404, , , ,5,2,0,0,0,0,3,0,0,0,0,1,1,0,0,0,0,0,0,1,0,0,0,0,0,0,0,0,0,0,0,0,0,0,0,4,0,39.9905,-75.0944, , 
 ,21362,2017003668,6,67,67301,2016,12,1,611,6,3,6,1,4,1, , ,N,1,2,0,3,0,1,3,2,N, ,39 59:23.298,75 07:31.934,614, ,611, ,0, , , ,3, , , , , ,242411, , , ,2,2,0,0,0,0,0,0,0,0,0,0,1,1,0,0,0,0,0,0,0,0,0,0,0,0,0,0,0,0,0,0,0,0,0,8,0,39.9898,-75.1255, , 
 ,21363,2016105603,6,67,67301,2016,9,1,900,9,1,1,0,4,1, , ,N,2,0,0,3,0,2,2,2,N,N,39 54:57.347,75 14:42.963,908, ,906,3,1,1, , ,0,N, , , , ,242414, , , ,2,1,0,0,1,0,0,0,0,0,0,0,2,2,0,0,0,0,0,0,1,1,0,2,0,0,0,0,0,0,0,0,0,0,0,8,0,39.9159,-75.2453, , 
 ,21364,2017003586,6,67,67301,2016,12,1,1127,11,1,2,1,7,4, , ,N,1,2,0,3,0,0,1,1,N,N,39 53:40.603,75 14:12.181,1133, ,1130, ,0, ,N, ,3, , , , , ,242437, , , ,1,1,0,0,0,0,0,0,0,0,0,0,0,0,0,0,0,0,0,0,0,0,0,1,0,0,0,0,0,0,0,0,0,0,0,0,0,39.8946,-75.2367, , 
 ,21365,2017007922,6,67,67301,2016,12,6,1500,15,1,1,0,4,1, , ,N,2,2,0,3,0,0,2,2,N,N,39 56:51.748,75 11:55.037,1655, ,1646, ,0, ,N, ,3, , , , , ,242438, , , ,2,0,0,0,0,1,1,0,0,0,0,0,0,0,0,0,0,0,0,0,0,0,0,2,0,0,0,0,0,0,0,0,0,0,0,0,1,39.9477,-75.1986, , 
 ,21366,2016110136,6,67,67301,2016,9,5,1025,10,1,2,1,1,1, , ,N,0,0,0,3,0,0,5,4,N,N,39 56:39.167,75 11:30.923,1037, ,1025,2,1,3, , ,0,N, , , , ,242440, , , ,4,2,0,0,0,0,2,0,0,0,0,0,0,0,0,0,0,0,0,0,1,0,1,0,0,0,0,0,0,0,0,0,0,0,0,0,0,39.9442,-75.1919, , 
 ,21367,2016117194,6,67,67301,2016,10,7,1040,10,1,1,0,4,1, , ,N,1,3,0,3,0,1,4,2,N,N,39 58:39.345,75 09:38.332,1046, ,1044, ,0, ,N, ,3, , , , , ,242446, , , ,2,1,0,0,1,0,0,0,0,0,0,1,1,0,0,0,0,0,0,0,0,0,0,0,0,0,0,0,0,0,0,0,0,0,0,4,0,39.9776,-75.1606, , 
 ,21368,2016119131,6,67,67301,2016,10,3,732,7,1,1,0,1,1, , ,N,0,0,0,3,0,0,4,2,N,N,39 54:47.295,75 11:32.662,752, ,742, ,0, , , ,0, , , , , ,242448, , , ,2,2,0,0,0,0,0,0,0,0,0,0,0,0,0,0,0,0,0,0,0,0,1,0,0,0,0,0,0,0,0,0,0,0,0,0,0,39.9131,-75.1924, , 
 ,21369,2016129540,6,67,67301,2016,11,4,2355,23,3,1,1,7,4, , ,N,0,0,0,3,0,1,1,1,N,N,40 05:25.987,75 04:08.364,2, ,1, ,0, ,N, ,0, , , , , ,242454, , , ,1,0,0,0,0,0,1,0,0,0,0,1,1,0,0,0,0,0,0,0,0,0,0,0,0,0,0,0,0,0,0,0,0,0,0,4,0,40.0906,-75.069, , 
 ,21370,2016135798,6,67,67301,2016,12,5,9999,99,1,1,0,1,1, , ,N,1,2,0,3,0,2,2,2,N,N,40 02:15.589,75 02:33.074,817, ,814, ,0, , , ,3, , , , , ,245367, , , ,2,1,0,1,0,0,0,0,0,0,0,1,2,1,0,0,0,0,0,0,1,0,0,0,0,0,0,0,0,0,0,0,0,0,0,4,1,40.0377,-75.0425, , 
 ,21371,2017000624,6,67,67301,2016,12,4,1912,19,3,1,0,1,1, , ,N,1,3,0,3,0,2,5,2,N,N,39 56:28.212,75 13:56.931,1919, ,1916, ,0, ,N, ,3, , , , , ,245383, , , ,2,2,0,0,0,0,0,0,0,0,0,0,2,2,0,0,0,0,0,0,1,0,0,0,0,0,0,0,0,0,0,0,0,0,0,8,0,39.9412,-75.2325, , 
 ,21372,2016097693,6,67,67301,2016,9,6,1325,13,1,1,0,4,1, , ,N,1,3,0,3,0,1,2,2,N,N,40 04:24.736,75 10:37.721,1615, ,1605, ,0, ,N, ,3, , , , , ,245384, , , ,2,1,0,0,0,0,1,0,0,0,0,0,1,1,0,0,0,0,0,0,0,1,0,0,0,0,0,0,0,0,0,0,0,0,0,8,0,40.0735,-75.1771, , 
 ,21373,2016117153,6,67,67301,2016,10,7,1513,15,1,1,0,4,1, , ,N,1,2,0,3,0,2,3,2,N,N,40 02:25.164,75 03:30.735,1519, ,1515,1,1,1,N, ,3,N, , , , ,245403, , , ,2,1,0,0,0,0,1,0,0,0,0,0,2,2,0,0,0,2,0,0,0,0,0,1,0,0,0,0,0,0,0,0,0,0,0,8,0,40.0403,-75.0585, , 
 ,21374,2016138372,6,67,67301,2016,12,1,1741,17,3,1,0,7,5, , ,N,6,0,2,3,0,0,1,1,N,N,40 00:24.934,75 04:06.372,1759, ,1750,2,1,2, , ,0,N, , , , ,245410, , , ,1,1,0,0,0,0,0,0,0,0,0,0,0,0,0,0,0,0,0,0,1,0,0,0,0,0,0,0,0,0,0,0,0,0,0,0,0,40.0066,-75.0682, , 
 ,21375,2016119647,6,67,67301,2016,10,5,730,7,1,9,8,8,1, , ,N,1,2,0,3,0,1,2,2,N,N,39 59:32.607,75 08:31.827,331, ,330, ,0, ,N, ,3, , , , , ,245412, , , ,1,1,0,0,0,0,0,0,0,0,0,0,1,1,0,0,0,0,0,0,0,0,0,1,0,0,0,0,0,0,0,0,1,0,0,8,0,39.9923,-75.1422, , 
 ,21376,2016129256,6,67,67301,2016,11,4,2246,22,3,1,0,5,1, , ,N,0,0,0,3,0,1,2,2,N,N,40 01:39.236,75 06:37.737,2301, ,2250, ,0, ,N, ,0, , , , , ,245420, , , ,2,1,0,0,0,0,0,1,0,0,1,0,1,0,0,0,0,0,0,0,0,0,0,1,0,0,0,0,0,0,0,0,0,0,0,3,0,40.0276,-75.1105, , 
 ,21377,2016135732,6,67,67301,2016,11,3,2204,22,2,2,1,8,1, , ,N,2,3,0,3,0,1,2,2,N, ,40 02:13.596,75 02:23.226,2204, ,2204, ,0, , , ,3, , , , , ,245422, , , ,1,1,0,0,0,0,0,0,0,0,0,1,1,0,0,0,0,0,0,0,1,0,0,0,0,0,0,0,0,0,0,0,1,0,0,4,0,40.0371,-75.0398, , 
 ,21378,2017003665,6,67,67301,2016,12,1,400,4,3,8,1,1,1, , ,N,0,0,0,3,0,2,3,2,N,N,40 01:42.543,75 06:25.846,409, ,405, ,0, ,N, ,0, , , , , ,245490, , , ,2,2,0,0,0,0,0,0,0,0,2,0,2,0,0,0,0,0,0,0,0,0,0,1,0,0,0,0,0,0,0,0,0,0,0,3,0,40.0285,-75.1072, , 
 ,21379,2016129405,6,67,67301,2016,11,7,452,4,3,1,0,1,1, , ,N,0,0,3,3,0,0,2,2,N,N,39 54:07.306,75 12:07.218,515, ,452,2,2,3,N, ,0,N, , , , ,245509, , , ,2,1,0,0,1,0,0,0,0,0,0,0,0,0,0,0,0,0,0,0,0,0,0,0,0,0,0,0,0,0,0,0,0,0,0,0,0,39.902,-75.202, , 
 ,21380,2016111084,6,67,67301,2016,10,6,25,0,3,1,0,4,1, , ,N,1,2,0,3,2,2,4,2,N,N,40 01:33.385,75 07:23.355,35, ,29,9,1,2,N,0,3,Y, , , , ,245530, , , ,2,1,0,0,0,0,1,0,0,0,1,1,2,0,0,0,0,1,0,0,1,0,0,0,0,0,0,0,0,0,0,0,0,0,0,1,0,40.0259,-75.1232,2, 
N,21381,2016110704,6,67,67301,2016,10,2,408,4,3,1,0,7,4,1,8,Y,0,0,0,3,0,0,1,1,N,N,39 58:36.144,75 06:49.371,412,45,410,1,2,1, , ,0,N,N,N,N,N,245531,N,N,Y,1,1,0,0,0,0,0,0,0,0,0,0,0,0,0,0,0,0,0,0,0,0,0,0,0,0,0,0,0,0,0,0,0,0,0,0,0,39.9767,-75.1137, , 
 ,21382,2016105541,6,67,67301,2016,9,1,210,2,3,1,0,8,1, , ,N,0,0,0,3,0,1,2,2,N,N,39 56:53.962,75 09:58.422,215, ,212, ,0, ,N, ,0, , , , , ,245536, , , ,1,0,0,0,0,0,1,0,0,0,1,0,1,0,0,0,0,0,0,0,0,0,0,0,0,0,0,0,0,0,0,0,1,0,0,3,0,39.9483,-75.1662, , 
 ,21383,2016105923,6,67,67301,2016,9,5,825,8,1,1,0,4,1, , ,N,2,2,0,3,0,2,2,2,N,N,40 01:19.837,75 13:05.894,835, ,830, ,0, , , ,3, , , , , ,245544, , , ,2,1,0,0,0,0,1,0,0,0,0,2,2,0,0,0,0,0,0,0,0,0,0,0,0,0,0,0,0,0,0,0,0,0,0,4,0,40.0222,-75.2183, , 
 ,21384,2016130240,6,67,67301,2016,12,3,1726,17,3,2,1,7,3, , ,N,0,0,3,3,0,0,1,1,N,N,39 59:26.700,75 04:34.700,1734, ,1726,1,2,4,N, ,0,Y, , , , ,245558, , , ,1,1,0,0,0,0,0,0,0,0,0,0,0,0,0,0,0,0,0,0,0,0,0,0,0,0,0,0,0,0,0,0,0,0,0,0,0,39.9908,-75.0763, , 
 ,21385,2016108528,6,67,67301,2016,10,7,1000,10,1,1,0,4,1, , ,N,1,3,0,3,0,1,2,3,N,N,40 02:22.927,75 02:18.128,1020, ,1009, ,0, ,N, ,3, , , , , ,245569, , , ,3,1,0,0,0,0,1,1,0,0,0,1,1,0,0,0,0,0,0,0,1,0,0,0,0,0,0,0,0,0,0,0,0,0,0,4,0,40.0397,-75.0384, , 
 ,21386,2016108635,6,67,67301,2016,9,4,2335,23,3,2,1,7,4, , ,N,2,0,0,3,0,2,2,1,N, ,40 02:34.600,75 03:23.294,2348, ,2344, ,0, , , ,0, , , , , ,245572, , , ,1,0,0,0,0,0,0,1,0,0,0,2,2,0,0,0,0,0,0,0,0,0,0,1,0,0,0,0,0,0,0,0,0,0,0,4,0,40.0429,-75.0565, , 
 ,21387,2016120464,6,67,67301,2016,10,4,1718,17,3,1,0,4,1, , ,N,0,0,7,3,0,1,2,2,N,N,40 01:47.671,75 02:05.957,1719, ,1718, ,0, ,N, ,0, , , , , ,245579, , , ,2,0,0,0,0,0,2,0,0,1,0,0,1,0,0,0,0,0,0,0,0,0,0,0,0,0,0,0,0,0,0,0,0,0,0,2,0,40.0299,-75.035, , 
 ,21388,2016117706,6,67,67301,2016,10,2,1100,11,1,1,0,4,1, , ,N,1,2,0,3,0,1,3,2,N, ,40 01:51.812,75 05:23.405,9999, ,9999, ,0, , , ,3, , , , , ,251470, , , ,2,2,0,0,0,0,0,0,0,0,1,0,1,0,0,0,0,0,1,0,0,0,0,0,0,0,0,0,0,0,0,0,0,0,0,3,0,40.0311,-75.0898, , 
 ,21389,2016129353,6,67,67301,2016,11,4,1725,17,3,1,0,8,1, , ,N,1,2,0,3,0,1,2,2,N,N,39 58:41.837,75 14:46.077,1735, ,1730, ,0, ,N, ,3, , , , , ,251473, , , ,1,1,0,0,0,0,0,0,0,0,0,0,1,1,0,0,0,0,0,0,0,0,0,0,0,0,0,0,0,0,0,0,1,0,0,8,0,39.9783,-75.2461, , 
 ,21390,2016082333,6,67,67301,2016,7,5,9999,99,1,1,0,5,6, , ,N,0,0,0,3,0,0,1,2,N,N,39 58:33.718,75 08:12.832,245, ,238,1,2,4, , ,0,Y, , , , ,251477, , , ,2,0,0,0,0,0,1,1,0,0,0,0,0,0,1,0,0,0,0,0,0,0,0,0,0,0,0,0,0,0,0,0,0,0,0,9,0,39.976,-75.1369, , 
 ,21391,2016138275,6,67,67301,2016,12,3,1710,17,3,2,1,4,1, , ,N,1,3,0,3,0,2,3,2,N,N,40 01:38.071,75 10:30.338,1724, ,1720, ,0, ,N, ,3, , , , , ,251495, , , ,2,1,0,0,0,0,0,0,0,0,0,0,2,2,0,0,0,0,0,0,0,1,0,0,0,0,0,0,0,0,0,0,0,0,0,8,0,40.0272,-75.1751, , 
 ,21392,2016129346,6,67,67301,2016,11,2,1715,17,1,1,0,1,1, , ,N,0,0,0,3,0,2,3,2,N,N,39 54:28.089,75 09:15.415,1855, ,1844, ,0, , , ,0, , , , , ,251504, , , ,2,1,0,0,0,1,0,0,0,0,0,2,2,0,0,0,0,0,0,0,0,0,0,0,0,0,0,0,0,0,0,0,0,0,0,4,1,39.9078,-75.1543, , 
 ,21393,2016058583,6,67,67301,2016,5,6,830,8,1,1,0,4,1, , ,N,1,3,0,3,0,1,4,2,N, ,40 03:30.297,75 02:48.137,840, ,834, ,0, , , ,3, , , , , ,251507, , , ,2,2,0,0,0,0,0,0,0,0,0,0,1,1,0,0,0,0,0,0,0,0,0,1,0,0,0,0,0,0,0,0,0,0,0,8,0,40.0584,-75.0467, , 
 ,21394,2016135680,6,67,67301,2016,12,5,1405,14,1,1,0,4,1, , ,N,1,3,0,3,0,1,2,2,N,N,40 03:03.355,75 04:58.004,1414, ,1414, ,0, ,N, ,3, , , , , ,251524, , , ,2,1,0,0,0,0,0,1,0,0,0,1,1,0,0,0,0,0,1,0,0,0,0,0,0,0,0,0,0,0,0,0,0,0,0,4,0,40.0509,-75.0828, , 