wz_ln_closure,objectid_1,crn,district,county,municipality,crash_year,crash_month,day_of_week,time_of_day,hour_of_day,illumination,weather,road_condition,collision_type,relation_to_road,work_zone_type,work_zone_loc,work_zone_ind,intersect_type,tcd_type,location_type,urban_rural,fatal_count,injury_count,person_count,total_units,sch_bus_ind,sch_zone_ind,latitude,longitude,arrival_tm,cons_zone_spd_lim,dispatch_tm,est_hrs_closed,lane_closed,ln_close_dir,ntfy_hiwy_maint,spec_juris_cd,tcd_func_cd,tfc_detour_ind,workers_pres,wz_close_detour,wz_flagger,wz_law_offcr_ind,objectid,wz_moving,wz_other,wz_shlder_mdn,vehicle_count,automobile_count,motorcycle_count,bus_count,small_truck_count,heavy_truck_count,suv_count,van_count,bicycle_count,maj_inj_count,mod_inj_count,min_inj_count,tot_inj_count,unk_inj_deg_count,unk_inj_per_count,driver_count_16yr,driver_count_17yr,driver_count_18yr,driver_count_19yr,driver_count_20yr,driver_count_50_64yr,driver_count_65_74yr,driver_count_75plus,unbelted_occ_count,unb_death_count,unb_maj_inj_count,belted_death_count,belted_maj_inj_count,mcycle_death_count,mcycle_maj_inj_count,bicycle_death_count,bicycle_maj_inj_count,ped_count,ped_death_count,ped_maj_inj_count,max_severity_level,comm_veh_count,dec_lat,dec_long,rdwy_surf_type_cd,county_name
 ,21395,2017005246,6,67,67301,2016,12,4,635,6,5,1,0,4,1, , ,N,1,2,0,3,0,2,3,2,N,N,39 55:01.859,75 14:46.691,635, ,635, ,0, ,N, ,3, , , , , ,251535, , , ,2,1,0,0,0,0,1,0,0,0,0,1,2,1,0,0,0,0,0,0,0,0,0,0,0,0,0,0,0,0,0,0,0,0,0,4,0,39.9172,-75.2463, , 
 ,21396,2016101545,6,67,67301,2016,8,4,1209,12,1,1,0,1,1, , ,N,1,2,0,3,0,2,3,2,N,N,39 59:08.056,75 15:30.794,1211, ,1209,1,1,2, , ,3,N, , , , ,251540, , , ,2,2,0,0,0,0,0,0,0,0,0,0,2,2,0,0,0,0,0,0,1,0,0,0,0,0,0,0,0,0,0,0,0,0,0,8,0,39.9855,-75.2585, , 
 ,21397,2016131526,6,67,67301,2016,12,2,1045,10,1,2,1,7,5, , ,N,0,0,0,3,0,0,1,1,N,N,39 57:35.943,75 10:46.677,1052, ,1045,2,2,3, , ,0,N, , , , ,251581, , , ,1,0,0,0,0,0,1,0,0,0,0,0,0,0,0,0,0,0,0,0,0,0,0,0,0,0,0,0,0,0,0,0,0,0,0,0,0,39.96,-75.1796, , 
 ,21398,2016080833,6,67,67301,2016,7,3,845,8,1,1,0,1,1, , ,N,0,2,0,3,0,1,3,2,N,N,39 58:39.629,75 07:09.121,845, ,845, ,0, ,N, ,3, , , , , ,251592, , , ,2,1,0,0,0,0,1,0,0,0,0,0,1,1,2,0,0,0,0,0,1,0,0,0,0,0,0,0,0,0,0,0,0,0,0,8,0,39.9777,-75.1192, , 
 ,21399,2016092559,6,67,67301,2016,8,4,2030,20,3,1,0,4,1, , ,N,1,2,2,3,0,0,3,2,N,N,40 00:33.168,75 04:08.863,2035, ,2030, ,0, ,N, ,3, , , , , ,251606, , , ,2,1,0,0,0,0,1,0,0,0,0,0,0,0,3,0,0,0,0,0,1,0,0,0,0,0,0,0,0,0,0,0,0,0,0,9,0,40.0092,-75.069, , 
 ,21400,2016097088,6,67,67301,2016,8,3,1618,16,1,1,0,8,1, , ,N,0,0,0,3,0,1,2,2,N,N,39 56:07.731,75 10:51.240,1624, ,1620, ,0, , , ,0, , , , , ,251607, , , ,1,1,0,0,0,0,0,0,0,0,0,0,1,1,0,0,0,0,0,0,0,0,0,0,0,0,0,0,0,0,0,0,1,0,0,8,0,39.9355,-75.1809, , 
N,21401,2016107363,6,67,67301,2016,10,6,1705,17,1,1,0,1,1,1,4,Y,0,0,0,3,0,1,3,2,N,N,40 01:49.384,75 01:19.277,1540,45,1540, ,0, , , ,0, ,Y,N,N,N,251614,Y,N,Y,2,2,0,0,0,0,0,0,0,0,1,0,1,0,0,0,0,0,0,1,0,0,0,0,0,0,0,0,0,0,0,0,0,0,0,3,0,40.0304,-75.022, , 
 ,21402,2016120539,6,67,67301,2016,10,1,200,2,3,1,0,4,1, , ,N,2,3,0,3,0,1,2,2,N,N,40 03:53.508,75 00:33.914,210, ,208,2,1,1,N, ,3,Y, , , , ,251618, , , ,2,0,1,0,0,0,1,0,0,0,1,0,1,0,0,0,0,0,0,0,0,0,0,0,0,0,0,0,0,0,0,0,0,0,0,3,0,40.0649,-75.0094, , 
 ,21403,2017005412,6,67,67301,2016,12,7,600,6,3,4,3,7,4, , ,N,0,0,0,3,0,0,1,1,N,N,39 56:38.722,75 11:30.896,604, ,604,1,2,4, , ,0,N, , , , ,251664, , , ,1,1,0,0,0,0,0,0,0,0,0,0,0,0,0,0,0,0,0,0,0,0,0,0,0,0,0,0,0,0,0,0,0,0,0,0,0,39.9441,-75.1919, , 
 ,21404,2017003633,6,67,67301,2016,12,2,1130,11,1,2,1,4,1, , ,N,2,0,0,3,0,2,3,2,N,N,40 02:05.924,75 11:18.304,1140, ,1134,9,1,5, , ,0,N, , , , ,251667, , , ,2,1,0,0,0,0,1,0,0,0,0,1,2,1,0,0,0,0,0,0,1,0,0,0,0,0,0,0,0,0,0,0,0,0,0,4,0,40.035,-75.1884, , 
 ,21405,2016080520,6,67,67301,2016,6,1,345,3,3,1,0,7,3, , ,N,0,0,0,3,0,1,1,1,N, ,40 03:40.481,74 59:30.494,350, ,350,3,2,3, , ,0,Y, , , , ,251669, , , ,1,1,0,0,0,0,0,0,0,0,0,1,1,0,0,0,0,0,0,0,0,0,0,1,0,0,0,0,0,0,0,0,0,0,0,4,0,40.0612,-74.9918, , 
 ,21406,2017003679,6,67,67301,2016,12,4,830,8,1,1,0,5,1, , ,N,0,0,7,3,0,0,3,2,N, ,40 00:45.948,75 09:01.713,851, ,845, ,0, , , ,0, , , , , ,248767, , , ,2,1,0,0,0,0,0,1,0,0,0,0,0,0,0,0,0,0,0,0,0,0,0,0,0,0,0,0,0,0,0,0,0,0,0,0,0,40.0128,-75.1505, , 
 ,21407,2017005261,6,67,67301,2016,12,6,1046,10,1,1,0,1,1, , ,N,2,2,0,3,0,1,2,2,N,N,40 04:57.003,75 02:25.844,1110, ,1103, ,0, ,N, ,3, , , , , ,248769, , , ,2,1,0,0,0,0,1,0,0,0,0,1,1,0,0,0,0,0,0,0,1,0,0,0,0,0,0,0,0,0,0,0,0,0,0,4,0,40.0825,-75.0405, , 
 ,21408,2016117736,6,67,67301,2016,10,4,1302,13,1,1,0,7,3, , ,N,1,2,0,3,0,0,1,1,N,N,39 58:33.009,75 09:30.309,1327, ,1327, ,0, ,N, ,3, , , , , ,248779, , , ,1,0,0,0,0,0,1,0,0,0,0,0,0,0,0,0,0,0,0,0,0,0,0,1,0,0,0,0,0,0,0,0,0,0,0,0,0,39.9758,-75.1584, , 
 ,21409,2016109542,6,67,67301,2016,10,7,2047,20,2,1,0,4,1, , ,N,1,1,0,3,0,1,5,2,N,N,39 57:17.536,75 11:01.771,2048, ,2047, ,0, ,N, ,2, , , , , ,248782, , , ,2,2,0,0,0,0,0,0,0,0,0,1,1,0,0,0,0,0,0,0,0,0,0,4,0,0,0,0,0,0,0,0,0,0,0,4,0,39.9549,-75.1838, , 
 ,21410,2016127810,6,67,67301,2016,11,4,1500,15,1,2,1,4,1, , ,N,1,3,0,3,0,1,4,4,N,N,40 07:30.036,75 01:03.799,1512, ,1505, ,0, , , ,3, , , , , ,248792, , , ,4,4,0,0,0,0,0,0,0,0,0,1,1,0,0,0,0,0,0,0,2,0,1,0,0,0,0,0,0,0,0,0,0,0,0,4,0,40.125,-75.0177, , 
 ,21411,2016127791,6,67,67301,2016,11,7,940,9,1,1,0,2,1, , ,N,0,0,0,3,0,0,2,2,N,N,39 57:55.903,75 13:52.572,955, ,950, ,0, ,N, ,0, , , , , ,248794, , , ,2,1,0,0,0,0,1,0,0,0,0,0,0,0,2,0,0,0,0,0,1,0,1,0,0,0,0,0,0,0,0,0,0,0,0,9,0,39.9655,-75.2313, , 
 ,21412,2016126085,6,67,67301,2016,11,3,1311,13,1,1,0,4,1, , ,N,1,2,0,3,0,2,3,2,N,N,39 58:29.877,75 09:05.813,1320, ,1315, ,0, ,N, ,3, , , , , ,248814, , , ,2,1,0,0,0,0,1,0,0,0,0,0,2,2,0,0,0,0,0,0,0,0,0,0,0,0,0,0,0,0,0,0,0,0,0,8,0,39.975,-75.1516, , 
 ,21413,2016135652,6,67,67301,2016,11,4,9999,99,3,2,1,8,1, , ,N,1,2,0,3,0,1,2,2,N,N,39 58:55.079,75 14:20.664,1905, ,1900, ,0, ,N, ,3, , , , , ,248836, , , ,1,1,0,0,0,0,0,0,0,0,0,0,1,1,0,0,0,0,0,0,0,0,0,0,0,0,0,0,0,0,0,0,1,0,0,8,0,39.9819,-75.239, , 
 ,21414,2017003638,6,67,67301,2016,12,3,1050,10,1,1,0,4,1, , ,N,2,3,0,3,0,0,5,2,N,N,40 00:32.738,75 06:05.835,1200, ,1200, ,0, ,N, ,3, , , , , ,248847, , , ,2,2,0,0,0,0,0,0,0,0,0,0,0,0,1,0,0,0,0,0,0,0,0,3,0,0,0,0,0,0,0,0,0,0,0,9,0,40.0091,-75.1016, , 
 ,21415,2016117734,6,67,67301,2016,10,4,1633,16,1,1,0,8,1, , ,N,0,0,0,3,0,1,2,2,N,N,39 58:04.390,75 09:51.980,1638, ,1635, ,0, ,N, ,0, , , , , ,248863, , , ,1,0,0,0,0,0,0,1,0,0,1,0,1,0,0,0,0,0,0,0,0,0,0,0,0,0,0,0,0,0,0,0,1,0,0,3,0,39.9679,-75.1644, , 
 ,21416,2016120467,6,67,67301,2016,10,7,1341,13,1,1,0,1,1, , ,N,1,2,0,3,0,1,3,2,N,N,39 56:37.139,75 09:55.997,1408, ,1404, ,0, , , ,3, , , , , ,248871, , , ,2,2,0,0,0,0,0,0,0,0,0,1,1,0,0,0,0,0,0,0,1,0,0,0,0,0,0,0,0,0,0,0,0,0,0,4,0,39.9437,-75.1654, , 
 ,21417,2016118185,6,67,67301,2016,11,3,34,0,3,1,0,1,1, , ,N,0,0,0,3,0,2,2,2,N,N,39 54:44.385,75 08:55.328,34, ,34,1,1,2, , ,0,Y, , , , ,248872, , , ,2,2,0,0,0,0,0,0,0,0,0,0,2,2,0,0,0,0,0,0,0,0,0,1,0,0,0,0,0,0,0,0,0,0,0,8,0,39.9123,-75.1487, , 
 ,21418,2016129281,6,67,67301,2016,11,4,840,8,1,1,0,4,1, , ,N,1,3,0,3,0,1,3,2,N, ,39 56:21.361,75 10:05.476,912, ,912, ,0, , , ,3, , , , , ,248885, , , ,1,0,0,0,0,0,1,0,1,0,0,1,1,0,0,0,0,0,0,0,0,0,0,1,0,0,0,0,0,0,0,0,0,0,0,4,0,39.9393,-75.1682, , 
 ,21419,2016135818,6,67,67301,2016,12,7,1906,19,3,1,0,7,9, , ,N,0,0,0,3,0,1,1,1,N, ,39 57:15.004,75 14:10.986,1907, ,1907, ,0, , , ,0, , , , , ,248890, , , ,1,1,0,0,0,0,0,0,0,0,0,1,1,0,0,0,0,0,0,0,0,0,0,1,0,0,0,0,0,0,0,0,0,0,0,4,0,39.9542,-75.2364, , 
 ,21420,2017003619,6,67,67301,2016,12,7,1105,11,1,1,0,3,1, , ,N,0,0,0,3,0,2,6,2,N,N,39 59:41.751,75 04:26.054,1133, ,1128, ,0, ,N, ,0, , , , , ,248898, , , ,2,0,0,0,0,1,1,0,0,0,0,2,2,0,0,0,0,0,0,0,0,0,0,1,0,0,0,0,0,0,0,0,0,0,0,4,1,39.9949,-75.0739, , 
 ,21421,2016119653,6,67,67301,2016,10,1,435,4,3,1,0,4,1, , ,N,1,2,0,3,0,1,2,2,N,N,40 01:34.401,75 07:02.499,448, ,443, ,0, ,N, ,3, , , , , ,248907, , , ,2,2,0,0,0,0,0,0,0,0,0,1,1,0,0,0,0,0,0,0,0,0,0,1,0,0,0,0,0,0,0,0,0,0,0,4,0,40.0264,-75.1172, , 
 ,21422,2017005795,6,67,67301,2016,12,7,2056,20,3,1,0,5,1, , ,N,0,0,0,3,0,1,2,2,N,N,39 56:39.125,75 11:30.965,2101, ,2056,1,1,3, , ,0,N, , , , ,248934, , , ,2,2,0,0,0,0,0,0,0,0,0,0,1,1,0,0,0,0,0,0,0,0,0,0,0,0,0,0,0,0,0,0,0,0,0,8,0,39.9442,-75.1919, , 
 ,21423,2017017474,6,67,67301,2016,4,1,1730,17,1,1,0,1,1, , ,N,1,2,0,3,0,1,2,2,N,N,39 55:26.800,75 10:03.408,0, ,0, ,0, ,N, ,3, , , , , ,248935, , , ,2,1,0,0,0,0,0,0,0,0,0,0,1,1,0,0,0,0,0,0,0,0,0,0,0,0,0,0,0,0,0,0,0,0,0,8,0,39.9241,-75.1675, , 
 ,21424,2017004710,6,67,67301,2016,12,7,2217,22,3,1,0,4,1, , ,N,0,0,7,3,0,0,2,2,N,N,40 02:52.533,75 08:33.671,2226, ,2226,2,2,2,N, ,0,Y, , , , ,242463, , , ,2,1,0,0,0,0,1,0,0,0,0,0,0,0,0,0,0,0,0,0,1,0,0,0,0,0,0,0,0,0,0,0,0,0,0,0,0,40.0479,-75.1427, , 
 ,21425,2016124406,6,67,67301,2016,11,2,1602,16,1,1,0,4,1, , ,N,1,3,0,3,0,1,2,3,N,N,40 00:10.828,75 09:04.647,1605, ,1603, ,0, ,N, ,3, , , , , ,242474, , , ,3,3,0,0,0,0,0,0,0,0,1,0,1,0,0,0,0,0,0,0,0,0,0,0,0,0,0,0,0,0,0,0,0,0,0,3,0,40.003,-75.1513, , 
 ,21426,2016120512,6,67,67301,2016,10,1,1500,15,1,1,0,8,1, , ,N,0,0,0,3,0,1,2,2,N,N,39 58:10.075,75 11:07.847,1500, ,1500, ,0, ,N, ,0, , , , , ,242495, , , ,1,1,0,0,0,0,0,0,0,1,0,0,1,0,0,0,0,0,0,0,0,0,0,1,0,0,0,0,0,0,0,0,1,0,1,2,0,39.9695,-75.1855, , 
 ,21427,2017004194,6,67,67301,2016,12,2,1740,17,3,1,0,8,6, , ,N,0,0,0,3,0,1,2,2,N,N,40 02:11.585,75 04:10.119,1753, ,1749, ,0, ,N, ,0, , , , , ,242512, , , ,1,1,0,0,0,0,0,0,0,1,0,0,1,0,0,0,0,0,0,0,0,0,0,0,0,0,0,0,0,0,0,0,1,0,1,2,0,40.0366,-75.0695, , 
 ,21428,2016065718,6,67,67301,2016,6,7,2230,22,3,1,0,4,1, , ,N,1,2,0,3,0,1,2,2,N,N,39 56:21.084,75 11:29.990,2245, ,2244, ,0, ,N, ,3, , , , , ,242519, , , ,1,1,0,0,0,0,0,0,1,0,0,1,1,0,0,0,0,0,0,0,0,0,0,1,0,0,0,0,0,0,0,0,0,0,0,4,0,39.9392,-75.1917, , 
 ,21429,2016068644,6,67,67301,2016,6,2,725,7,1,1,0,8,1, , ,N,1,2,0,3,0,2,3,3,N,Y,39 58:49.602,75 14:21.875,750, ,745, ,0, ,N, ,3, , , , , ,242523, , , ,1,1,0,0,0,0,0,0,0,0,0,1,2,1,0,0,0,0,0,0,0,0,0,0,0,0,0,0,0,0,0,0,2,0,0,4,0,39.9804,-75.2394, , 
 ,21430,2016080934,6,67,67301,2016,7,6,1925,19,1,1,0,8,1, , ,N,1,3,0,3,0,1,2,2,N,N,39 59:41.150,75 07:28.628,1955, ,1952, ,0, , , ,3, , , , , ,242537, , , ,1,1,0,0,0,0,0,0,0,0,0,0,1,1,0,0,0,1,0,0,0,0,0,0,0,0,0,0,0,0,0,0,1,0,0,8,0,39.9948,-75.1246, , 
 ,21431,2016105582,6,67,67301,2016,9,5,730,7,1,1,0,4,1, , ,N,1,2,0,3,0,3,5,2,N,N,40 00:21.354,75 06:48.614,755, ,735, ,0, ,N, ,3, , , , , ,242543, , , ,2,0,0,1,0,0,1,0,0,0,0,3,3,0,0,0,0,0,0,0,1,0,0,1,0,0,0,0,0,0,0,0,0,0,0,4,1,40.0059,-75.1135, , 
 ,21432,2016097754,6,67,67301,2016,9,3,1049,10,1,1,0,4,1, , ,N,1,2,0,3,0,0,2,2,N,N,40 01:37.983,75 10:15.634,1053, ,1050, ,0, ,N, ,3, , , , , ,242548, , , ,2,1,0,0,0,0,1,0,0,0,0,0,0,0,0,0,0,0,0,0,0,1,0,1,0,0,0,0,0,0,0,0,0,0,0,0,0,40.0272,-75.171, , 
 ,21433,2016108530,6,67,67301,2016,9,5,1450,14,1,2,1,6,1, , ,N,0,0,2,3,0,1,2,2,N, ,39 53:32.031,75 13:20.097,1550, ,1453, ,0, , , ,0, , , , , ,242562, , , ,2,1,0,0,1,0,0,0,0,0,0,1,1,0,0,0,0,0,0,0,1,0,0,2,0,0,0,0,0,0,0,0,0,0,0,4,0,39.8922,-75.2222, , 
 ,21434,2016117739,6,67,67301,2016,10,1,7,0,3,1,0,4,1, , ,N,1,2,0,3,0,0,2,2,N,N,40 01:32.335,75 10:54.005,50, ,42, ,0, ,N, ,3, , , , , ,242595, , , ,2,1,0,0,0,0,0,0,0,0,0,0,0,0,0,0,0,0,0,0,0,0,0,0,0,0,0,0,0,0,0,0,0,0,0,0,0,40.0256,-75.1817, , 
 ,21435,2016120527,6,67,67301,2016,10,5,1340,13,1,2,1,1,1, , ,N,1,2,0,3,0,1,2,2,N,N,40 02:39.450,75 03:14.767,1350, ,1340, ,0, ,N, ,3, , , , , ,242596, , , ,2,1,0,0,0,0,1,0,0,0,0,0,1,1,0,0,0,0,0,0,1,0,0,0,0,0,0,0,0,0,0,0,0,0,0,8,0,40.0443,-75.0541, , 
 ,21436,2016124417,6,67,67301,2016,10,7,630,6,5,2,1,2,1, , ,N,1,3,0,3,0,0,2,2,N, ,40 01:57.777,75 10:27.832,648, ,641, ,0, , , ,3, , , , , ,242597, , , ,2,1,0,0,0,0,1,0,0,0,0,0,0,0,0,0,0,0,0,0,1,0,0,2,0,0,0,0,0,0,0,0,0,0,0,0,0,40.0327,-75.1744, , 
 ,21437,2016117752,6,67,67301,2016,10,1,1235,12,1,1,0,4,1, , ,N,1,2,0,3,0,0,4,2,N,N,40 02:40.636,75 03:16.819,1245, ,1236,1,1,2,N, ,3,N, , , , ,242598, , , ,2,2,0,0,0,0,0,0,0,0,0,0,0,0,0,0,0,0,0,0,1,0,0,0,0,0,0,0,0,0,0,0,0,0,0,0,0,40.0446,-75.0547, , 
 ,21438,2016114277,6,67,67301,2016,10,2,135,1,3,1,0,1,6, , ,N,0,0,0,3,0,0,1,3,N,N,40 02:53.290,75 08:33.506,144, ,144, ,0, ,N, ,0, , , , , ,242610, , , ,3,3,0,0,0,0,0,0,0,0,0,0,0,0,0,0,0,0,0,0,0,0,0,0,0,0,0,0,0,0,0,0,0,0,0,0,0,40.0481,-75.1426, , 
 ,21439,2016127794,6,67,67301,2016,11,7,430,4,3,1,0,7,4, , ,N,0,0,0,3,0,0,2,1,N,N,40 02:04.567,75 10:00.734,445, ,440, ,0, , , ,0, , , , , ,242614, , , ,1,1,0,0,0,0,0,0,0,0,0,0,0,0,0,0,0,0,0,0,0,0,0,2,0,0,0,0,0,0,0,0,0,0,0,0,0,40.0346,-75.1669, , 
 ,21440,2016138295,6,67,67301,2016,11,4,325,3,3,1,0,4,1, , ,N,5,2,8,3,0,1,2,2,N,N,39 57:28.586,75 09:50.892,335, ,329, ,0, ,N, ,3, , , , , ,242648, , , ,2,1,0,0,0,0,0,1,0,0,0,1,1,0,0,0,0,0,0,1,0,0,0,0,0,0,0,0,0,0,0,0,0,0,0,4,0,39.9579,-75.1641, , 
 ,21441,2016105629,6,67,67301,2016,9,1,9999,99,1,1,0,1,1, , ,N,1,2,0,3,0,0,5,3,N, ,39 59:50.003,75 07:09.812,1345, ,1338,1,1,3, , ,3,N, , , , ,242651, , , ,3,3,0,0,0,0,0,0,0,0,0,0,0,0,0,0,0,0,0,0,0,0,0,1,0,0,0,0,0,0,0,0,0,0,0,0,0,39.9972,-75.1194, , 
 ,21442,2016127698,6,67,67301,2016,12,4,853,8,1,8,1,0,1, , ,N,0,0,0,3,0,3,3,1,N,N,40 01:41.319,75 11:26.024,920, ,856,3,1,1,N, ,0,N, , , , ,245588, , , ,1,0,0,0,0,0,1,0,0,0,0,0,3,3,0,0,0,0,0,0,0,0,0,1,0,0,0,0,0,0,0,0,0,0,0,8,0,40.0281,-75.1906, , 
 ,21443,2017005230,6,67,67301,2016,12,2,9999,99,3,1,0,4,1, , ,N,5,2,2,3,0,0,2,2,N, ,39 57:25.688,75 09:03.847,1809, ,1803, ,0, ,N, ,3, , , , , ,245600, , , ,2,1,0,0,0,0,1,0,0,0,0,0,0,0,0,0,0,0,0,0,1,0,0,1,0,0,0,0,0,0,0,0,0,0,0,0,0,39.9571,-75.1511, , 
 ,21444,2017023829,6,67,67301,2016,12,7,1935,19,3,1,0,1,1, , ,N,5,2,0,3,0,1,2,2,N,N,40 02:26.242,75 10:11.315,0, ,0, ,0, ,N, ,3, , , , , ,245605, , , ,2,1,0,0,0,0,1,0,0,0,0,0,1,1,0,0,0,0,0,0,0,1,0,0,0,0,0,0,0,0,0,0,0,0,0,8,0,40.0406,-75.1698, , 
 ,21445,2016097598,6,67,67301,2016,8,7,9999,99,2,1,0,5,6, , ,N,0,0,0,3,0,1,1,5,N, ,39 59:58.610,75 06:20.782,2020, ,2020, ,0, , , ,0, , , , , ,245617, , , ,5,4,0,0,0,0,0,1,0,0,0,0,1,1,0,0,0,0,0,0,0,0,0,1,0,0,0,0,0,0,0,0,0,0,0,8,0,39.9996,-75.1058, , 
 ,21446,2016126154,6,67,67301,2016,11,5,1703,17,4,1,0,4,1, , ,N,1,2,0,3,0,1,2,2,N, ,39 57:39.360,75 14:42.201,1705, ,1705, ,0, , , ,3, , , , , ,245622, , , ,2,2,0,0,0,0,0,0,0,0,0,1,1,0,0,0,0,0,0,0,2,0,0,0,0,0,0,0,0,0,0,0,0,0,0,4,0,39.9609,-75.245, , 
 ,21447,2016138164,6,67,67301,2016,12,6,1820,18,3,1,0,4,1, , ,N,1,2,0,3,0,2,2,2,N,N,39 59:20.173,75 13:58.609,1945, ,1940,2,1,2,N, ,3,N, , , , ,245627, , , ,2,2,0,0,0,0,0,0,0,0,0,2,2,0,0,0,0,0,0,0,0,0,0,0,0,0,0,0,0,0,0,0,0,0,0,4,0,39.9889,-75.2329, , 
 ,21448,2017023522,6,67,67301,2016,12,4,9999,99,1,1,0,1,1, , ,N,0,0,0,3,0,1,3,2,N,N,40 02:38.662,75 04:22.441,0, ,0, ,0, ,N, ,0, , , , , ,245634, , , ,2,1,0,0,0,0,0,0,0,0,1,0,1,0,0,0,0,0,0,0,1,0,0,0,0,0,0,0,0,0,0,0,0,0,0,3,0,40.0441,-75.0729, , 
 ,21449,2017023440,6,67,67301,2016,11,6,850,8,1,1,0,5,1, , ,N,3,0,0,3,0,1,2,2,N,N,39 55:25.034,75 14:44.477,0, ,0, ,0, ,N, ,0, , , , , ,245635, , , ,2,1,0,0,0,0,0,0,0,0,0,0,1,1,0,0,0,0,0,0,0,0,0,0,0,0,0,0,0,0,0,0,0,0,0,8,0,39.9236,-75.2457, , 
 ,21450,2017007928,6,67,67301,2016,12,4,645,6,1,1,0,1,1, , ,N,1,2,0,3,0,1,2,2,N,N,40 00:04.702,75 09:02.340,705, ,650, ,0, ,N, ,3, , , , , ,245636, , , ,2,1,0,1,0,0,0,0,0,0,0,0,1,1,1,0,0,0,0,0,1,0,0,0,0,0,0,0,0,0,0,0,0,0,0,8,1,40.0013,-75.1507, , 
 ,21451,2016138253,6,67,67301,2016,12,1,1445,14,1,1,0,4,1, , ,N,1,3,0,3,0,1,2,2,N,N,40 02:39.300,75 07:17.576,1640, ,1635, ,0, ,N, ,3, , , , , ,245648, , , ,2,2,0,0,0,0,0,0,0,0,0,1,1,0,0,0,0,0,0,0,1,0,0,1,0,0,0,0,0,0,0,0,0,0,0,4,0,40.0443,-75.1215, , 
 ,21452,2017003635,6,67,67301,2016,12,5,1442,14,1,1,0,7,4, , ,N,0,0,0,3,0,1,1,1,N, ,40 01:26.863,75 07:52.134,1446, ,1442,2,2,1, , ,0,Y, , , , ,245659, , , ,1,1,0,0,0,0,0,0,0,1,0,0,1,0,0,0,0,0,0,1,0,0,0,0,0,0,0,0,0,0,0,0,0,0,0,2,0,40.0241,-75.1311, , 
 ,21453,2016119181,6,67,67301,2016,10,6,1757,17,3,1,0,4,1, , ,N,1,2,0,3,0,1,2,2,N,N,39 57:37.886,75 10:24.974,1835, ,1821, ,0, , , ,3, , , , , ,245669, , , ,1,1,0,0,0,0,0,0,1,0,0,1,1,0,0,0,0,0,0,0,0,0,1,1,0,0,0,0,0,0,0,0,0,0,0,4,0,39.9605,-75.1736, , 
 ,21454,2016126674,6,67,67301,2016,10,3,1429,14,1,1,0,1,1, , ,N,0,0,0,3,0,1,3,3,N,N,40 01:55.945,75 01:15.336,1446, ,1429,1,1,1, , ,0,N, , , , ,245670, , , ,3,2,0,0,0,1,0,0,0,0,0,1,1,0,0,0,0,0,0,0,1,0,0,0,0,0,0,0,0,0,0,0,0,0,0,4,0,40.0322,-75.0209, , 
 ,21455,2016138371,6,67,67301,2016,12,1,1503,15,1,1,0,5,1, , ,N,0,0,0,3,0,1,3,2,N,N,39 54:40.379,75 08:56.291,1515, ,1503, ,0, , , ,0, , , , , ,245676, , , ,2,0,0,0,0,1,1,0,0,0,0,1,1,0,0,0,0,0,0,0,0,0,0,0,0,0,0,0,0,0,0,0,0,0,0,4,0,39.9112,-75.149, , 
 ,21456,2016132113,6,67,67301,2016,11,3,1700,17,2,1,0,4,1, , ,N,2,2,0,3,0,1,2,2,N, ,40 01:54.004,75 02:42.197,1710, ,1700,2,1,4, , ,3,N, , , , ,245678, , , ,1,0,0,0,0,0,1,0,1,0,0,1,1,0,0,0,0,0,0,0,0,0,0,0,0,0,0,0,0,0,0,0,0,0,0,4,0,40.0317,-75.0451, , 
 ,21457,2017007929,6,67,67301,2016,12,4,730,7,1,1,0,1,6, , ,N,0,0,0,3,0,0,1,2,N,N,40 03:48.600,75 03:25.300,745, ,735,1,1,2,N, ,0,N, , , , ,245688, , , ,2,2,0,0,0,0,0,0,0,0,0,0,0,0,0,0,0,0,0,0,0,0,0,0,0,0,0,0,0,0,0,0,0,0,0,0,0,40.0635,-75.057, , 
 ,21458,2017005228,6,67,67301,2016,12,4,1145,11,1,1,0,4,1, , ,N,1,3,0,3,0,1,2,2,N,N,40 01:15.528,75 03:21.182,1206, ,1158, ,0, ,N, ,3, , , , , ,245689, , , ,2,2,0,0,0,0,0,0,0,0,0,0,1,1,0,0,0,0,0,0,2,0,0,0,0,0,0,0,0,0,0,0,0,0,0,8,0,40.021,-75.0559, , 
 ,21459,2017000967,6,67,67301,2016,12,5,1144,11,1,2,1,1,1, , ,N,6,4,2,3,0,1,2,2,N,N,39 57:26.946,75 08:48.339,1156, ,1146, ,0, , , ,3, , , , , ,245690, , , ,2,1,0,0,0,1,0,0,0,0,0,1,1,0,0,0,0,0,0,0,0,1,0,0,0,0,0,0,0,0,0,0,0,0,0,4,1,39.9575,-75.1468, , 
 ,21460,2016084422,6,67,67301,2016,8,2,856,8,1,1,0,1,1, , ,N,0,0,0,3,0,3,10,5,N,N,39 57:36.434,75 10:47.494,901, ,856, ,0, , , ,0, , , , , ,251674, , , ,5,2,0,0,0,0,1,2,0,0,0,0,3,3,0,0,0,0,0,0,1,0,1,0,0,0,0,0,0,0,0,0,0,0,0,8,0,39.9601,-75.1799, , 