wz_ln_closure,objectid_1,crn,district,county,municipality,crash_year,crash_month,day_of_week,time_of_day,hour_of_day,illumination,weather,road_condition,collision_type,relation_to_road,work_zone_type,work_zone_loc,work_zone_ind,intersect_type,tcd_type,location_type,urban_rural,fatal_count,injury_count,person_count,total_units,sch_bus_ind,sch_zone_ind,latitude,longitude,arrival_tm,cons_zone_spd_lim,dispatch_tm,est_hrs_closed,lane_closed,ln_close_dir,ntfy_hiwy_maint,spec_juris_cd,tcd_func_cd,tfc_detour_ind,workers_pres,wz_close_detour,wz_flagger,wz_law_offcr_ind,objectid,wz_moving,wz_other,wz_shlder_mdn,vehicle_count,automobile_count,motorcycle_count,bus_count,small_truck_count,heavy_truck_count,suv_count,van_count,bicycle_count,maj_inj_count,mod_inj_count,min_inj_count,tot_inj_count,unk_inj_deg_count,unk_inj_per_count,driver_count_16yr,driver_count_17yr,driver_count_18yr,driver_count_19yr,driver_count_20yr,driver_count_50_64yr,driver_count_65_74yr,driver_count_75plus,unbelted_occ_count,unb_death_count,unb_maj_inj_count,belted_death_count,belted_maj_inj_count,mcycle_death_count,mcycle_maj_inj_count,bicycle_death_count,bicycle_maj_inj_count,ped_count,ped_death_count,ped_maj_inj_count,max_severity_level,comm_veh_count,dec_lat,dec_long,rdwy_surf_type_cd,county_name
 ,21461,2017005245,6,67,67301,2016,12,3,1512,15,1,1,0,4,1, , ,N,1,2,0,3,0,2,2,2,N, ,39 55:05.527,75 13:58.911,1534, ,1531, ,0, , , ,3, , , , , ,251690, , , ,2,0,0,0,0,0,2,0,0,0,1,1,2,0,0,0,0,0,0,0,2,0,0,0,0,0,0,0,0,0,0,0,0,0,0,3,0,39.9182,-75.233, , 
 ,21462,2017023676,6,67,67301,2016,11,1,9999,99,1,1,0,5,1, , ,N,0,0,0,3,0,1,2,2,N,N,39 52:52.302,75 15:13.209,0, ,0, ,0, ,N, ,0, , , , , ,251692, , , ,2,1,0,0,0,0,1,0,0,0,0,0,1,1,0,0,0,0,0,0,0,0,0,1,0,0,0,0,0,0,0,0,0,0,0,8,0,39.8812,-75.2537, , 
 ,21463,2016129392,6,67,67301,2016,11,2,919,9,1,1,0,4,1, , ,N,1,3,0,3,0,3,5,2,N,N,39 58:44.180,75 13:56.038,925, ,920, ,0, ,N, ,3, , , , , ,251713, , , ,2,0,0,0,0,0,1,1,0,0,0,0,3,3,0,0,0,0,0,0,0,0,0,0,0,0,0,0,0,0,0,0,0,0,0,8,0,39.9789,-75.2322, , 
 ,21464,2016129264,6,67,67301,2016,11,6,1802,18,1,1,0,4,1, , ,N,5,2,0,3,0,0,4,2,N,N,39 59:13.382,75 07:20.404,1802, ,1802, ,0, ,N, ,3, , , , , ,251716, , , ,2,0,0,0,0,0,1,1,0,0,0,0,0,0,0,0,0,0,0,0,0,0,0,0,0,0,0,0,0,0,0,0,0,0,0,0,0,39.9871,-75.1223, , 
 ,21465,2016132133,6,67,67301,2016,11,3,9999,99,1,2,1,7,4, , ,N,0,0,0,3,0,0,1,1,N,N,39 59:07.047,75 12:43.722,9999, ,148,9,1,6,N, ,0,N, , , , ,251719, , , ,1,0,0,0,0,0,1,0,0,0,0,0,0,0,0,0,0,0,0,0,0,0,0,0,0,0,0,0,0,0,0,0,0,0,0,0,0,39.9853,-75.2121, , 
Y,21466,2016061230,6,67,67301,2016,5,3,1010,10,1,1,0,1,1,2,4,Y,0,0,0,3,0,2,3,2,N,N,40 04:58.561,74 58:02.750,1025,99,1018,2,2,3,N, ,0,Y,Y, , ,N,251756, , , ,2,0,0,0,0,0,1,1,0,0,0,2,2,0,0,0,1,0,0,0,0,0,0,0,0,0,0,0,0,0,0,0,0,0,0,4,0,40.0829,-74.9674, , 
 ,21467,2016126360,6,67,67301,2016,12,5,1840,18,3,1,0,5,1, , ,N,0,0,0,3,0,2,4,2,N,N,39 56:56.448,75 11:34.950,1929, ,1929, ,0, ,N, ,0, , , , , ,251784, , , ,1,1,0,0,0,0,0,0,1,0,1,0,2,1,0,0,0,0,0,0,0,0,0,0,0,0,0,0,0,0,0,0,0,0,0,3,0,39.949,-75.193, , 
 ,21468,2016135737,6,67,67301,2016,12,1,9999,99,3,1,0,4,1, , ,N,1,2,0,3,0,1,3,2,N,N,40 02:16.088,75 04:28.064,1702, ,1659, ,0, ,N, ,3, , , , , ,251809, , , ,2,1,0,0,0,0,1,0,0,0,0,0,1,1,0,0,0,0,0,0,0,0,0,0,0,0,0,0,0,0,0,0,0,0,0,8,0,40.0378,-75.0745, , 
 ,21469,2016129408,6,67,67301,2016,11,3,754,7,1,1,0,1,1, , ,N,2,0,0,3,0,0,3,3,N,N,40 04:16.503,75 11:09.112,828, ,824, ,0, , , ,0, , , , , ,251856, , , ,3,3,0,0,0,0,0,0,0,0,0,0,0,0,0,0,0,0,0,0,1,1,0,0,0,0,0,0,0,0,0,0,0,0,0,0,0,40.0713,-75.1859, , 
 ,21470,2016132136,6,67,67301,2016,11,5,2210,22,3,1,0,4,1, , ,N,0,0,7,3,0,1,2,2,N,N,39 55:25.174,75 09:50.799,2219, ,2217, ,0, ,N, ,0, , , , , ,251869, , , ,1,1,0,0,0,0,0,0,1,0,0,1,1,0,0,0,0,0,0,0,1,0,0,0,0,0,0,0,0,0,0,0,0,0,0,4,0,39.9237,-75.1641, , 
 ,21471,2016124252,6,67,67301,2016,11,1,1739,17,3,1,0,5,1, , ,N,0,8,3,3,0,11,11,3,N,N,39 59:12.100,75 04:13.800,1745, ,1742, ,0, ,N, ,3, , , , , ,251872, , , ,3,1,0,0,0,0,1,1,0,0,10,1,11,0,0,0,0,0,0,0,0,0,0,0,0,0,0,0,0,0,0,0,0,0,0,3,0,39.9867,-75.0705, , 
 ,21472,2016126677,6,67,67301,2016,10,7,2034,20,3,1,0,1,1, , ,N,0,0,0,3,0,0,7,4,N,N,39 57:26.475,75 09:28.656,2048, ,2034,2,2,4, , ,0,Y, , , , ,251882, , , ,4,3,0,0,0,0,1,0,0,0,0,0,0,0,2,0,0,0,0,0,0,1,0,0,0,0,0,0,0,0,0,0,0,0,0,9,0,39.9574,-75.158, , 
 ,21473,2016138230,6,67,67301,2016,12,4,1339,13,1,1,0,8,1, , ,N,1,3,0,3,0,1,2,2,N, ,40 01:40.105,75 10:33.790,1350, ,1341, ,0, , , ,3, , , , , ,251900, , , ,1,0,0,0,1,0,0,0,0,0,0,1,1,0,0,0,0,0,0,0,1,0,0,0,0,0,0,0,0,0,0,0,1,0,0,4,0,40.0278,-75.1761, , 
 ,21474,2016135774,6,67,67301,2016,12,2,1725,17,1,1,0,1,1, , ,N,0,0,0,3,0,0,3,2,N,N,40 00:03.270,75 04:57.768,1730, ,1726, ,0, , , ,0, , , , , ,251905, , , ,2,0,0,0,0,1,1,0,0,0,0,0,0,0,0,0,0,0,0,0,0,0,0,0,0,0,0,0,0,0,0,0,0,0,0,0,1,40.0009,-75.0827, , 
 ,21475,2016105617,6,67,67301,2016,9,5,1710,17,1,1,0,1,1, , ,N,0,0,0,3,0,2,3,3,N, ,39 56:39.402,75 09:17.133,1824, ,1816, ,0, , , ,0, , , , , ,251914, , , ,3,2,0,0,0,0,1,0,0,0,0,1,2,1,0,0,0,0,0,0,1,0,0,0,0,0,0,0,0,0,0,0,0,0,0,4,0,39.9443,-75.1548, , 
 ,21476,2016105933,6,67,67301,2016,9,6,1245,12,1,1,0,4,1, , ,N,1,2,2,3,0,1,2,2,N, ,39 53:33.035,75 13:21.198,1500, ,1500, ,0, , , ,3, , , , , ,251923, , , ,2,1,0,0,0,0,1,0,0,0,0,0,1,1,1,0,0,0,0,0,0,0,0,0,0,0,0,0,0,0,0,0,0,0,0,8,0,39.8925,-75.2226, , 
 ,21477,2016112173,6,67,67301,2016,10,5,1700,17,1,1,1,4,1, , ,N,2,2,7,3,0,0,2,2,N,N,40 05:40.605,74 57:31.493,1715, ,1711, ,0, ,N, ,3, , , , , ,251927, , , ,2,1,0,0,0,0,1,0,0,0,0,0,0,0,0,0,0,0,0,0,0,0,0,2,0,0,0,0,0,0,0,0,0,0,0,0,0,40.0946,-74.9587, , 
 ,21478,2017021118,6,67,67301,2016,8,4,1300,13,1,1,0,4,1, , ,N,2,3,0,3,0,1,2,2,N,N,40 03:03.759,75 10:50.003,0, ,0, ,0, ,N, ,3, , , , , ,239572, , , ,2,2,0,0,0,0,0,0,0,0,1,0,1,0,0,0,0,0,0,0,0,0,1,1,0,0,0,0,0,0,0,0,0,0,0,3,0,40.051,-75.1806, , 
 ,21479,2016097673,6,67,67301,2016,8,6,105,1,3,1,0,5,6, , ,N,0,0,0,3,0,0,1,4,N, ,39 58:08.908,75 07:59.657,118, ,116, ,0, , , ,0, , , , , ,239579, , , ,4,3,0,0,0,0,0,1,0,0,0,0,0,0,1,0,0,0,0,0,0,0,0,0,0,0,0,0,0,0,0,0,0,0,0,9,0,39.9691,-75.1332, , 
 ,21480,2016092082,6,67,67301,2016,8,4,930,9,1,1,0,7,4, , ,N,0,0,0,3,0,1,1,1,N,N,40 04:58.385,75 12:32.772,941, ,941, ,0, ,N, ,0, , , , , ,239582, , , ,1,0,0,0,0,0,1,0,0,0,1,0,1,0,0,0,0,0,0,0,0,0,1,0,0,0,0,0,0,0,0,0,0,0,0,3,0,40.0829,-75.2091, , 
 ,21481,2016099582,6,67,67301,2016,9,1,1055,10,1,1,1,4,1, , ,N,0,0,7,3,0,1,2,4,N,N,39 58:22.295,75 10:18.475,1225, ,1217, ,0, ,N, ,0, , , , , ,239584, , , ,4,3,0,0,0,0,1,0,0,0,0,1,1,0,0,0,0,0,0,0,1,0,1,1,0,0,0,0,0,0,0,0,0,0,0,4,0,39.9729,-75.1718, , 
 ,21482,2016119156,6,67,67301,2016,10,3,1540,15,1,1,0,8,1, , ,N,1,2,0,3,0,1,2,2,N,N,39 55:17.779,75 08:53.544,1540, ,1534, ,0, , , ,3, , , , , ,239598, , , ,1,0,0,0,0,1,0,0,0,0,0,1,1,0,0,0,0,0,0,0,0,1,0,1,0,0,0,0,0,0,0,0,1,0,0,4,1,39.9216,-75.1482, , 
 ,21483,2016129468,6,67,67301,2016,11,7,1405,14,1,1,0,1,1, , ,N,0,0,0,3,0,0,4,2,N, ,40 03:21.255,75 13:57.449,1508, ,1503,3,1,2, , ,0,N, , , , ,239607, , , ,2,0,0,0,0,0,2,0,0,0,0,0,0,0,2,0,0,0,0,0,0,0,0,2,0,0,0,0,0,0,0,0,0,0,0,9,0,40.0559,-75.2326, , 
 ,21484,2016126168,6,67,67301,2016,11,4,1750,17,3,2,1,5,1, , ,N,0,0,0,3,0,0,2,2,N,N,39 56:04.512,75 08:33.735,1820, ,1801,9,1,1,N, ,0,N, , , , ,239608, , , ,2,1,0,0,1,0,0,0,0,0,0,0,0,0,0,0,0,0,0,0,1,0,0,0,0,0,0,0,0,0,0,0,0,0,0,0,0,39.9346,-75.1427, , 
 ,21485,2016129461,6,67,67301,2016,11,4,900,9,1,1,0,4,1, , ,N,2,3,0,3,0,0,2,3,N,N,40 00:49.284,75 06:42.613,1305, ,1300, ,0, ,N, ,3, , , , , ,239681, , , ,3,1,0,0,0,0,2,0,0,0,0,0,0,0,0,0,0,0,0,1,0,0,0,1,0,0,0,0,0,0,0,0,0,0,0,0,0,40.0137,-75.1118, , 
 ,21486,2016117710,6,67,67301,2016,10,1,1858,18,4,1,0,8,1, , ,N,1,2,0,3,0,1,2,2,N, ,39 55:11.587,75 13:39.266,1953, ,1952, ,0, , , ,3, , , , , ,239690, , , ,1,0,0,0,0,0,0,0,0,0,0,1,1,0,1,0,0,0,0,0,0,0,0,0,0,0,0,0,0,0,0,0,1,0,0,4,0,39.9198,-75.2275, , 
 ,21487,2016122201,6,67,67301,2016,11,6,2111,21,3,1,0,1,1, , ,N,0,0,0,3,0,1,2,2,N,N,39 57:35.903,75 10:42.866,2121, ,2111,2,2,4, , ,0,N, , , , ,239700, , , ,2,0,0,0,0,0,2,0,0,0,0,0,1,1,0,0,0,0,0,0,0,0,0,0,0,0,0,0,0,0,0,0,0,0,0,8,0,39.96,-75.1786, , 
 ,21488,2016132195,6,67,67301,2016,11,7,539,5,3,1,0,5,6, , ,N,0,0,0,3,0,0,1,3,N,N,40 03:18.234,75 09:34.326,552, ,545, ,0, ,N, ,0, , , , , ,239705, , , ,3,1,0,0,0,0,2,0,0,0,0,0,0,0,1,0,0,0,0,0,0,0,0,0,0,0,0,0,0,0,0,0,0,0,0,9,0,40.0551,-75.1595, , 
 ,21489,2016129440,6,67,67301,2016,11,4,951,9,1,1,0,5,1, , ,N,0,0,0,3,0,2,4,2,N,N,39 59:32.932,75 08:37.175,1000, ,957, ,0, ,N, ,0, , , , , ,239706, , , ,2,1,0,0,0,0,1,0,0,0,0,2,2,0,0,0,0,0,0,0,1,0,0,0,0,0,0,0,0,0,0,0,0,0,0,4,0,39.9925,-75.1437, , 
 ,21490,2017007881,6,67,67301,2016,12,1,1528,15,1,1,0,4,1, , ,N,1,2,0,3,0,1,2,2,N,N,40 01:42.499,75 03:40.120,1530, ,1530, ,0, , , ,3, , , , , ,239718, , , ,2,1,1,0,0,0,0,0,0,0,0,0,1,1,0,0,0,0,0,0,0,0,0,0,0,0,0,0,0,0,0,0,0,0,0,8,0,40.0285,-75.0611, , 
 ,21491,2017005209,6,67,67301,2016,12,7,1825,18,2,2,1,8,1, , ,N,1,0,0,3,0,2,3,3,N, ,40 00:42.501,75 06:35.945,1833, ,1830, ,0, , , ,0, , , , , ,239719, , , ,1,1,0,0,0,0,0,0,0,0,0,2,2,0,0,0,0,0,0,0,0,0,0,0,0,0,0,0,0,0,0,0,2,0,0,4,0,40.0118,-75.11, , 
 ,21492,2016129285,6,67,67301,2016,11,4,1435,14,1,1,0,4,1, , ,N,5,2,0,3,0,1,3,2,N, ,40 00:48.913,75 04:06.725,1445, ,1442, ,0, , , ,3, , , , , ,239723, , , ,2,1,0,0,0,0,1,0,0,0,0,1,1,0,0,0,0,0,0,0,0,0,0,0,0,0,0,0,0,0,0,0,0,0,0,4,0,40.0136,-75.0685, , 
 ,21493,2016138224,6,67,67301,2016,12,6,740,7,1,1,0,4,1, , ,N,1,2,0,3,0,2,4,2,N,N,39 55:33.889,75 13:29.313,816, ,755, ,0, ,N, ,3, , , , , ,239745, , , ,2,2,0,0,0,0,0,0,0,0,0,0,2,2,0,0,0,0,0,0,0,0,0,2,0,0,0,0,0,0,0,0,0,0,0,8,0,39.9261,-75.2248, , 
 ,21494,2017007863,6,67,67301,2016,12,5,2155,21,3,1,0,7,4, , ,N,0,0,3,3,0,1,1,1,N,N,39 58:30.473,75 11:40.417,2247, ,2156, ,0, , , ,0, , , , , ,239749, , , ,1,0,0,0,0,0,1,0,0,0,0,1,1,0,0,0,0,0,0,0,0,0,0,0,0,0,0,0,0,0,0,0,0,0,0,4,0,39.9751,-75.1946, , 
 ,21495,2017007892,6,67,67301,2016,12,5,1225,12,1,2,1,1,6, , ,N,0,0,0,3,0,0,1,3,N,N,39 58:49.644,75 07:42.947,1235, ,1230, ,0, ,N, ,0, , , , , ,239752, , , ,3,1,0,0,0,0,1,1,0,0,0,0,0,0,0,0,0,0,0,0,0,0,0,0,0,0,0,0,0,0,0,0,0,0,0,0,0,39.9805,-75.1286, , 
 ,21496,2016129985,6,67,67301,2016,10,1,1318,13,1,1,0,5,4, , ,N,0,0,0,3,0,0,1,3,N,N,39 55:43.005,75 13:12.015,1510, ,1509, ,0, ,N, ,0, , , , , ,233404, , , ,3,2,0,0,0,0,1,0,0,0,0,0,0,0,0,0,0,0,0,0,0,1,0,0,0,0,0,0,0,0,0,0,0,0,0,0,0,39.9286,-75.22, , 
 ,21497,2016064027,6,67,67301,2016,6,5,1659,16,1,1,0,4,1, , ,N,1,2,0,3,0,2,5,2,N,N,40 05:41.833,75 00:55.566,1705, ,1700,1,2,2, , ,3,Y, , , , ,233435, , , ,2,2,0,0,0,0,0,0,0,0,1,1,2,0,1,0,0,0,1,0,1,0,0,2,0,0,0,0,0,0,0,0,0,0,0,3,0,40.095,-75.0154, , 
 ,21498,2016111087,6,67,67301,2016,10,4,1610,16,1,1,1,8,1, , ,N,1,2,0,3,0,1,2,2,N,N,40 01:39.188,75 08:49.702,1920, ,1916, ,0, , , ,3, , , , , ,233484, , , ,1,0,0,0,0,0,0,1,0,0,0,1,1,0,0,0,0,0,0,0,0,0,1,0,0,0,0,0,0,0,0,0,1,0,0,4,0,40.0276,-75.1471, , 
 ,21499,2016119169,6,67,67301,2016,10,3,1750,17,4,1,0,8,6, , ,N,0,0,0,3,0,1,2,2,N,N,40 00:57.681,75 09:12.664,1802, ,1757, ,0, ,N, ,0, , , , , ,233485, , , ,1,0,0,0,0,0,1,0,0,0,0,0,1,1,0,0,0,0,0,0,0,0,0,1,0,0,0,0,0,0,0,0,1,0,0,8,0,40.016,-75.1535, , 
 ,21500,2016062657,6,67,67301,2016,5,7,2233,22,3,2,1,4,1, , ,N,1,3,0,3,0,0,2,2,N, ,39 55:20.172,75 09:47.408,2245, ,2242, ,0, , , ,3, , , , , ,233490, , , ,2,0,0,0,0,0,2,0,0,0,0,0,0,0,1,0,0,0,0,0,0,0,0,1,0,0,0,0,0,0,0,0,0,0,0,9,0,39.9223,-75.1632, , 
 ,21501,2016065621,6,67,67301,2016,6,3,1658,16,1,1,0,1,1, , ,N,3,3,0,3,0,0,2,2,N,N,40 01:34.328,75 05:39.761,1706, ,1700, ,0, ,N, ,3, , , , , ,233492, , , ,2,0,0,0,0,0,2,0,0,0,0,0,0,0,0,0,0,0,0,0,0,0,0,0,0,0,0,0,0,0,0,0,0,0,0,0,0,40.0262,-75.0944, , 
 ,21502,2016066475,6,67,67301,2016,5,6,1220,12,1,2,1,1,1, , ,N,0,0,0,3,0,1,3,3,N,N,39 54:47.373,75 08:54.580,1223, ,1222,1,1,2, , ,0,N, , , , ,233494, , , ,3,1,0,0,0,2,0,0,0,0,1,0,1,0,1,0,0,0,0,0,1,0,0,0,0,0,0,0,0,0,0,0,0,0,0,3,0,39.9132,-75.1485, , 
 ,21503,2016087224,6,67,67301,2016,7,5,1332,13,1,1,0,4,1, , ,N,1,2,0,3,0,1,3,2,N,N,39 57:19.191,75 13:55.012,1346, ,1332, ,0, , , ,3, , , , , ,233499, , , ,2,1,0,0,0,0,0,1,0,0,0,1,1,0,0,0,0,0,0,0,1,0,0,1,0,0,0,0,0,0,0,0,0,0,0,4,0,39.9553,-75.2319, , 
N,21504,2016109112,6,67,67301,2016,10,5,901,9,1,1,0,1,1,1,2,Y,0,0,0,3,0,2,3,3,N,N,40 02:07.054,75 01:05.290,913,45,902, ,0, , , ,0, ,Y,N,N,N,233509,N,N,Y,3,1,0,0,0,0,0,2,0,0,0,0,2,2,0,0,0,0,0,0,1,0,0,0,0,0,0,0,0,0,0,0,0,0,0,8,0,40.0353,-75.0181, , 
 ,21505,2016135705,6,67,67301,2016,12,6,2100,21,3,1,0,7,5, , ,N,0,0,0,3,0,3,4,1,N,Y,39 57:44.704,75 12:54.246,2105, ,2101, ,0, ,N, ,0, , , , , ,233528, , , ,1,0,0,0,0,0,1,0,0,0,0,0,3,3,0,0,0,0,0,0,0,0,0,0,0,0,0,0,0,0,0,0,0,0,0,8,0,39.9624,-75.2151, , 
 ,21506,2016135655,6,67,67301,2016,12,5,800,8,3,1,0,1,1, , ,N,0,0,0,3,0,2,3,2,N,N,40 04:45.471,74 59:29.572,149, ,143, ,0, ,N, ,0, , , , , ,233529, , , ,2,0,0,0,0,0,2,0,0,0,0,2,2,0,0,0,0,0,0,0,1,0,0,1,0,0,0,0,0,0,0,0,0,0,0,4,0,40.0793,-74.9915, , 
 ,21507,2017018973,6,67,67301,2016,6,2,2345,23,3,1,0,4,1, , ,N,1,2,0,3,0,1,2,2,N,N,39 58:26.830,75 12:15.528,0, ,0, ,0, ,N, ,3, , , , , ,233541, , , ,2,1,0,0,0,0,1,0,0,0,1,0,1,0,0,0,0,0,0,0,2,0,0,0,0,0,0,0,0,0,0,0,0,0,0,3,0,39.9741,-75.2043, , 
 ,21508,2016117221,6,67,67301,2016,11,4,1535,15,1,2,1,5,1, , ,N,0,0,0,3,0,2,4,4,N,N,40 05:39.773,75 00:56.559,1545, ,1539,2,2,1,N, ,0,N, , , , ,233544, , , ,4,1,0,0,0,0,2,1,0,0,2,0,2,0,0,0,0,0,0,0,1,1,0,1,0,0,0,0,0,0,0,0,0,0,0,3,0,40.0944,-75.0157, , 
N,21509,2016091178,6,67,67301,2016,8,6,1019,10,1,1,0,1,1,1,4,Y,0,0,0,3,0,1,3,3,N,N,40 01:14.794,75 02:33.714,1051,45,1020,1,2,2, , ,0,N,Y,N,N,N,233556,N,N,Y,3,1,0,0,0,0,1,1,0,0,0,1,1,0,0,0,0,0,0,0,0,1,0,0,0,0,0,0,0,0,0,0,0,0,0,4,0,40.0208,-75.0427, , 
 ,21510,2016105692,6,67,67301,2016,9,4,820,8,1,1,0,1,1, , ,N,0,0,0,3,0,1,2,2,N, ,39 58:45.140,75 07:06.622,835, ,825, ,0, , , ,0, , , , , ,233566, , , ,2,1,0,0,1,0,0,0,0,0,0,1,1,0,0,0,0,0,0,0,1,0,0,0,0,0,0,0,0,0,0,0,0,0,0,4,0,39.9792,-75.1185, , 
 ,21511,2016090223,6,46,46102,2016,9,6,1120,11,1,1,0,1,1, , ,N,0,0,0,3,0,2,4,3,N,N,40 03:58.886,75 05:32.025,1122, ,1121,1,2,3,N, ,0,Y, , , , ,233594, , , ,3,2,0,0,0,0,1,0,0,0,0,0,2,2,0,0,0,0,0,0,0,0,0,0,0,0,0,0,0,0,0,0,0,0,0,8,0,40.0664,-75.0922, , 
 ,21512,2016133616,6,67,67301,2016,12,7,900,9,1,2,4,7,2, , ,N,0,8,3,3,0,0,2,1,N,N,39 55:13.500,75 11:23.800,909, ,909, ,0, ,N, ,3, , , , , ,233599, , , ,1,1,0,0,0,0,0,0,0,0,0,0,0,0,0,0,0,0,0,0,1,0,0,0,0,0,0,0,0,0,0,0,0,0,0,0,0,39.9204,-75.1899, , 
 ,21513,2016120680,6,46,46104,2016,10,6,1434,14,1,1,0,7,5, , ,N,1,2,0,3,0,0,1,2,N,N,39 58:43.988,75 16:20.174,1438, ,1434, ,0, , , ,3, , , , , ,233602, , , ,1,1,0,0,0,0,0,0,0,0,0,0,0,0,0,0,1,0,0,0,0,0,0,0,0,0,0,0,0,0,0,0,0,0,0,0,0,39.9788,-75.2722, , 
 ,21514,2016129449,6,67,67301,2016,11,5,850,8,1,1,0,5,1, , ,N,0,0,7,3,0,1,3,3,N,N,39 55:04.829,75 12:35.699,854, ,852,1,1,3, , ,0,N, , , , ,236546, , , ,3,1,0,0,0,1,0,1,0,0,0,1,1,0,0,0,0,0,0,0,0,0,1,0,0,0,0,0,0,0,0,0,0,0,0,4,1,39.918,-75.2099, , 
 ,21515,2016117780,6,67,67301,2016,10,1,815,8,1,1,0,4,1, , ,N,1,2,0,3,0,1,3,2,N, ,39 58:58.770,75 06:05.073,818, ,815, ,0, , , ,3, , , , , ,236548, , , ,2,1,0,0,0,0,1,0,0,0,0,1,1,0,0,0,0,0,0,0,1,0,0,2,0,0,0,0,0,0,0,0,0,0,0,4,0,39.983,-75.1014, , 
 ,21516,2016138228,6,67,67301,2016,12,6,820,8,1,1,0,4,1, , ,N,1,3,0,3,0,0,4,2,N, ,39 57:44.821,75 11:44.667,822, ,821, ,0, , , ,3, , , , , ,236565, , , ,2,0,0,0,0,0,0,2,0,0,0,0,0,0,0,0,0,0,0,0,1,0,0,0,0,0,0,0,0,0,0,0,0,0,0,0,0,39.9625,-75.1957, , 
 ,21517,2016080886,6,67,67301,2016,6,2,126,1,3,1,0,4,1, , ,N,1,2,0,3,0,5,5,2,N,N,39 56:36.006,75 12:39.070,130, ,127,3,2,7, , ,3,Y, , , , ,236585, , , ,2,1,0,0,0,0,1,0,0,0,0,5,5,0,0,0,0,0,0,0,0,0,0,0,0,0,0,0,0,0,0,0,0,0,0,4,0,39.9433,-75.2109, , 
 ,21518,2016089938,6,67,67301,2016,8,2,1016,10,1,1,0,4,1, , ,N,1,2,0,3,0,0,2,2,N, ,40 00:31.034,75 04:07.810,1023, ,1016,9,1,1, , ,3,N, , , , ,236596, , , ,2,1,0,0,0,0,1,0,0,0,0,0,0,0,0,0,0,0,0,0,1,0,0,0,0,0,0,0,0,0,0,0,0,0,0,0,0,40.0086,-75.0688, , 
 ,21519,2016105721,6,67,67301,2016,9,3,1135,11,1,1,0,1,1, , ,N,1,2,0,3,0,1,2,2,N,N,40 01:58.442,75 06:24.270,1400, ,1358,9,1,2,N, ,3,N, , , , ,236600, , , ,2,1,0,0,0,0,1,0,0,0,1,0,1,0,0,0,0,0,0,0,1,0,0,0,0,0,0,0,0,0,0,0,0,0,0,3,0,40.0329,-75.1067, , 
 ,21520,2016105726,6,67,67301,2016,9,4,1810,18,1,1,0,5,4, , ,N,0,0,0,3,0,2,2,3,N, ,39 57:58.713,75 08:19.897,1815, ,1811, ,0, , , ,0, , , , , ,236601, , , ,2,1,0,0,0,0,1,0,0,0,0,2,2,0,0,0,0,0,0,0,0,0,0,1,0,0,0,0,0,0,0,0,1,0,0,4,0,39.9663,-75.1389, , 
 ,21521,2016117876,6,67,67301,2016,11,4,1438,14,1,1,0,1,1, , ,N,0,0,0,3,0,1,3,3,N,N,39 57:27.874,75 09:39.171,1449, ,1438,1,1,4, , ,0,N, , , , ,236608, , , ,3,3,0,0,0,0,0,0,0,0,0,1,1,0,0,0,0,0,0,0,0,0,0,1,0,0,0,0,0,0,0,0,0,0,0,4,0,39.9577,-75.1609, , 
 ,21522,2016126146,6,67,67301,2016,11,5,9999,99,3,1,0,7,4, , ,N,0,0,0,3,0,0,1,1,N,N,39 58:44.063,75 16:05.545,259, ,259, ,0, ,N, ,0, , , , , ,236619, , , ,1,1,0,0,0,0,0,0,0,0,0,0,0,0,1,0,0,0,0,0,0,0,0,0,0,0,0,0,0,0,0,0,0,0,0,9,0,39.9789,-75.2682, , 
 ,21523,2016135805,6,67,67301,2016,11,4,1926,19,3,2,1,8,1, , ,N,2,0,0,3,0,1,2,2,N,N,40 02:19.570,75 02:06.909,1930, ,1928, ,0, ,N, ,0, , , , , ,236629, , , ,1,0,0,0,0,0,1,0,0,0,0,0,1,1,0,0,0,0,0,0,0,0,0,0,0,0,0,0,0,0,0,0,1,0,0,8,0,40.0388,-75.0353, , 
 ,21524,2016126039,6,67,67301,2016,11,7,1037,10,1,1,0,4,1, , ,N,1,2,0,3,0,2,2,2,N,N,40 01:41.801,75 07:12.241,1115, ,1055, ,0, ,N, ,3, , , , , ,236642, , , ,2,1,0,0,0,0,1,0,0,0,0,2,2,0,0,0,0,0,0,0,0,0,0,0,0,0,0,0,0,0,0,0,0,0,0,4,0,40.0283,-75.1201, , 
 ,21525,2016138264,6,67,67301,2016,11,7,1134,11,1,1,0,1,6, , ,N,0,0,0,3,0,2,2,6,N,N,40 04:38.839,75 12:33.014,1135, ,1135,2,1,5,N, ,0,Y, , , , ,236649, , , ,6,2,0,0,0,0,4,0,0,0,0,0,2,2,0,0,0,0,0,0,0,1,0,0,0,0,0,0,0,0,0,0,0,0,0,8,0,40.0775,-75.2092, , 
 ,21526,2016129993,6,67,67301,2016,11,5,1739,17,3,1,0,5,1, , ,N,0,0,0,3,0,1,2,2,N,N,39 56:45.644,75 11:03.779,1739, ,1739, ,0, ,N, ,0, , , , , ,236653, , , ,1,0,0,0,0,0,0,1,1,0,0,1,1,0,0,0,0,0,0,0,0,1,0,0,0,0,0,0,0,0,0,0,0,0,0,4,0,39.946,-75.1844, , 
 ,21527,2016135829,6,67,67301,2016,12,5,1840,18,3,1,0,2,1, , ,N,0,0,0,3,0,3,3,3,N,N,39 59:43.090,75 04:42.447,1915, ,1854, ,0, ,N, ,0, , , , , ,236670, , , ,3,2,0,0,0,0,1,0,0,0,0,3,3,0,0,0,0,0,0,0,2,0,0,0,0,0,0,0,0,0,0,0,0,0,0,4,0,39.9953,-75.0785, , 