wz_ln_closure,objectid_1,crn,district,county,municipality,crash_year,crash_month,day_of_week,time_of_day,hour_of_day,illumination,weather,road_condition,collision_type,relation_to_road,work_zone_type,work_zone_loc,work_zone_ind,intersect_type,tcd_type,location_type,urban_rural,fatal_count,injury_count,person_count,total_units,sch_bus_ind,sch_zone_ind,latitude,longitude,arrival_tm,cons_zone_spd_lim,dispatch_tm,est_hrs_closed,lane_closed,ln_close_dir,ntfy_hiwy_maint,spec_juris_cd,tcd_func_cd,tfc_detour_ind,workers_pres,wz_close_detour,wz_flagger,wz_law_offcr_ind,objectid,wz_moving,wz_other,wz_shlder_mdn,vehicle_count,automobile_count,motorcycle_count,bus_count,small_truck_count,heavy_truck_count,suv_count,van_count,bicycle_count,maj_inj_count,mod_inj_count,min_inj_count,tot_inj_count,unk_inj_deg_count,unk_inj_per_count,driver_count_16yr,driver_count_17yr,driver_count_18yr,driver_count_19yr,driver_count_20yr,driver_count_50_64yr,driver_count_65_74yr,driver_count_75plus,unbelted_occ_count,unb_death_count,unb_maj_inj_count,belted_death_count,belted_maj_inj_count,mcycle_death_count,mcycle_maj_inj_count,bicycle_death_count,bicycle_maj_inj_count,ped_count,ped_death_count,ped_maj_inj_count,max_severity_level,comm_veh_count,dec_lat,dec_long,rdwy_surf_type_cd,county_name
 ,21594,2016087217,6,67,67301,2016,8,7,1304,13,1,1,0,1,1, , ,N,2,3,0,3,0,1,2,2,N,N,39 54:38.457,75 11:08.380,1323, ,1318, ,0, ,N, ,3, , , , , ,236875, , , ,2,1,0,0,0,0,1,0,0,0,0,0,1,1,0,0,0,0,0,1,1,0,0,0,0,0,0,0,0,0,0,0,0,0,0,8,0,39.9106,-75.1856, , 
 ,21595,2016087627,6,67,67301,2016,8,3,2320,23,3,1,0,5,1, , ,N,0,0,0,3,0,2,3,2,N,N,39 59:11.130,75 10:10.873,2320, ,2300, ,0, ,N, ,0, , , , , ,236878, , , ,2,2,0,0,0,0,0,0,0,0,0,0,2,2,1,0,0,0,0,0,0,0,0,0,0,0,0,0,0,0,0,0,0,0,0,8,0,39.9864,-75.1697, , 
 ,21596,2016099637,6,67,67301,2016,8,3,2324,23,3,1,0,4,1, , ,N,1,2,0,3,1,0,2,2,N,N,40 01:18.154,75 06:45.449,2328, ,2328,9,1,2, ,0,3,N, , , , ,236885, , , ,2,0,1,0,0,0,1,0,0,0,0,0,0,0,1,0,0,0,0,0,1,0,0,0,0,0,0,0,1,0,0,0,0,0,0,1,0,40.0217,-75.1127,2, 
 ,21597,2016132219,6,67,67301,2016,11,4,1605,16,1,1,0,8,1, , ,N,1,2,0,3,0,1,2,2,N,N,39 57:09.004,75 10:37.057,1615, ,1610, ,0, ,N, ,3, , , , , ,236910, , , ,1,1,0,0,0,0,0,0,0,0,0,0,1,1,0,0,0,0,0,0,0,0,0,1,0,0,0,0,0,0,0,0,1,0,0,8,0,39.9525,-75.177, , 
 ,21598,2016135709,6,67,67301,2016,12,5,1740,17,3,1,0,1,1, , ,N,2,2,2,3,0,1,2,2,N,N,39 56:19.142,75 08:32.414,1755, ,1747,2,1,2,N, ,3,N, , , , ,236933, , , ,2,0,1,0,0,0,1,0,0,0,0,1,1,0,0,0,0,0,0,0,0,0,0,0,0,0,0,0,0,0,0,0,0,0,0,4,0,39.9386,-75.1421, , 
 ,21599,2017021943,6,67,67301,2016,9,4,1145,11,1,1,0,4,1, , ,N,1,3,0,3,0,2,3,2,N,N,39 59:30.602,75 07:07.017,0, ,0, ,0, ,N, ,3, , , , , ,236941, , , ,2,2,0,0,0,0,0,0,0,0,2,0,2,0,0,0,0,0,0,0,0,0,0,1,0,0,0,0,0,0,0,0,0,0,0,3,0,39.9918,-75.1186, , 
 ,21600,2016138218,6,67,67301,2016,12,6,1230,12,1,1,0,8,1, , ,N,2,3,0,3,0,1,2,2,N, ,39 58:08.870,75 08:15.890,1305, ,1303, ,0, , , ,3, , , , , ,236947, , , ,1,1,0,0,0,0,0,0,0,0,0,1,1,0,0,0,0,0,1,0,0,0,0,0,0,0,0,0,0,0,0,0,1,0,0,4,0,39.9691,-75.1377, , 
 ,21601,2016062782,6,67,67301,2016,6,7,1831,18,1,1,0,4,1, , ,N,1,2,0,3,0,0,2,2,N,N,40 00:14.125,75 13:14.515,1831, ,1831,2,1,3, , ,3,N, , , , ,236959, , , ,2,1,0,0,0,0,1,0,0,0,0,0,0,0,0,0,0,0,0,0,1,0,0,0,0,0,0,0,0,0,0,0,0,0,0,0,0,40.0039,-75.2207, , 
 ,21602,2016062642,6,67,67301,2016,5,1,1818,18,1,1,0,8,1, , ,N,0,0,0,3,0,1,2,2,N,N,40 04:29.064,75 09:54.662,1822, ,1820, ,0, ,N, ,0, , , , , ,236973, , , ,1,0,0,0,0,0,1,0,0,0,0,1,1,0,0,0,0,0,0,0,0,0,0,0,0,0,0,0,0,0,0,0,1,0,0,4,0,40.0747,-75.1652, , 
 ,21603,2016063941,6,67,67301,2016,6,6,2120,21,3,1,0,1,1, , ,N,1,2,0,3,0,1,2,2,N,N,39 56:15.342,75 09:52.613,50, ,46, ,0, ,N, ,3, , , , , ,236974, , , ,2,2,0,0,0,0,0,0,0,0,0,1,1,0,0,0,0,0,0,0,0,0,0,0,0,0,0,0,0,0,0,0,0,0,0,4,0,39.9376,-75.1646, , 
 ,21604,2017007890,6,67,67301,2016,12,5,1706,17,3,2,1,1,1, , ,N,1,2,0,3,0,1,4,2,N,N,39 59:30.821,75 08:17.989,1710, ,1708, ,0, ,N, ,3, , , , , ,227283, , , ,2,1,0,0,0,0,0,1,0,0,0,0,1,1,2,0,0,0,0,0,0,0,1,0,0,0,0,0,0,0,0,0,0,0,0,8,0,39.9918,-75.1383, , 
 ,21605,2017007758,6,67,67301,2016,12,4,1336,13,1,2,1,8,1, , ,N,0,0,0,3,0,1,2,2,N, ,40 01:30.235,75 07:01.723,1337, ,1337, ,0, , , ,0, , , , , ,227285, , , ,1,0,0,0,0,0,1,0,0,0,0,0,1,1,0,0,0,0,0,0,0,0,0,0,0,0,0,0,0,0,0,0,1,0,0,8,0,40.0251,-75.1171, , 
 ,21606,2016138142,6,67,67301,2016,12,5,459,4,3,1,0,7,4, , ,N,0,0,1,3,0,0,1,1,N,N,40 00:18.314,75 05:51.628,505, ,459, ,0, ,N, ,0, , , , , ,227294, , , ,1,0,0,0,0,0,0,1,0,0,0,0,0,0,0,0,0,0,0,0,0,0,0,0,0,0,0,0,0,0,0,0,0,0,0,0,0,40.0051,-75.0977, , 
 ,21607,2017021456,6,67,67301,2016,8,5,30,0,3,1,0,1,1, , ,N,0,0,0,3,0,1,2,2,N,N,39 59:59.587,75 11:42.085,0, ,0, ,0, ,N, ,0, , , , , ,227322, , , ,2,0,0,0,0,0,1,0,0,0,0,0,1,1,0,0,0,0,0,0,0,0,0,0,0,0,0,0,0,0,0,0,0,0,0,8,0,39.9999,-75.195, , 
 ,21608,2016126321,6,67,67301,2016,11,4,2015,20,3,1,1,7,4, , ,N,0,0,0,3,0,0,1,1,N,N,39 57:36.372,75 10:49.772,2021, ,2015,2,2,3, , ,0,N, , , , ,227327, , , ,1,1,0,0,0,0,0,0,0,0,0,0,0,0,0,0,0,0,0,0,0,0,0,0,0,0,0,0,0,0,0,0,0,0,0,0,0,39.9601,-75.1805, , 
 ,21609,2016127823,6,67,67301,2016,11,3,846,8,1,1,0,1,1, , ,N,1,2,0,3,0,1,2,3,N, ,40 01:47.231,75 05:16.817,858, ,846,2,1,1, , ,3,N, , , , ,227333, , , ,2,2,0,0,0,0,0,0,0,0,0,1,1,0,0,0,0,0,0,0,0,0,0,0,0,0,0,0,0,0,0,0,0,0,0,4,0,40.0298,-75.088, , 
 ,21610,2016135832,6,67,67301,2016,12,5,20,0,3,2,1,6,1, , ,N,2,0,0,3,0,0,2,2,N,N,40 01:15.679,75 06:02.289,100, ,45, ,0, ,N, ,0, , , , , ,227341, , , ,2,1,0,0,1,0,0,0,0,0,0,0,0,0,1,0,0,0,0,0,0,0,0,0,0,0,0,0,0,0,0,0,0,0,0,9,0,40.021,-75.1006, , 
 ,21611,2017003694,6,67,67301,2016,12,3,1858,18,2,1,0,8,1, , ,N,0,0,0,3,0,1,2,2,N,N,39 58:27.529,75 13:33.812,1859, ,1858, ,0, ,N, ,0, , , , , ,227346, , , ,1,1,0,0,0,0,0,0,0,0,0,1,1,0,0,0,0,0,0,0,0,0,0,0,0,0,0,0,0,0,0,0,1,0,0,4,0,39.9743,-75.2261, , 
 ,21612,2017003678,6,67,67301,2016,12,4,930,9,1,1,0,4,1, , ,N,1,2,0,3,0,1,2,2,N,N,40 00:35.506,75 10:00.508,935, ,935, ,0, ,N, ,3, , , , , ,227347, , , ,2,1,0,0,0,0,0,1,0,0,0,1,1,0,0,0,0,0,0,0,1,0,0,0,0,0,0,0,0,0,0,0,0,0,0,4,0,40.0098,-75.1669, , 
 ,21613,2017003636,6,67,67301,2016,12,5,259,2,3,8,1,4,1, , ,N,1,3,0,3,0,0,1,2,N,N,39 58:52.460,75 07:17.583,310, ,306, ,0, ,N, ,3, , , , , ,227348, , , ,2,2,0,0,0,0,0,0,0,0,0,0,0,0,0,0,0,0,0,0,0,0,0,0,0,0,0,0,0,0,0,0,0,0,0,0,0,39.9812,-75.1216, , 
 ,21614,2017017526,6,67,67301,2016,5,6,1815,18,1,1,0,1,1, , ,N,0,0,0,3,0,1,2,2,N,N,40 01:06.572,75 08:56.838,0, ,0, ,0, ,N, ,0, , , , , ,227352, , , ,2,0,0,0,0,0,1,0,0,0,0,0,1,1,0,0,0,0,0,0,0,0,0,0,0,0,0,0,0,0,0,0,0,0,0,8,0,40.0185,-75.1491, , 
 ,21615,2017007956,6,67,67301,2016,12,1,300,3,3,1,0,5,6, , ,N,0,0,0,3,0,0,1,3,N,N,39 55:09.616,75 13:41.336,1550, ,1546, ,0, ,N, ,0, , , , , ,227356, , , ,3,1,0,0,0,0,1,1,0,0,0,0,0,0,0,0,0,0,0,0,0,0,0,1,0,0,0,0,0,0,0,0,0,0,0,0,0,39.9193,-75.2281, , 
 ,21616,2016139072,6,67,67301,2016,12,2,1515,15,1,1,0,7,5, , ,N,3,3,2,3,0,0,1,1,N,N,39 59:40.264,75 04:44.091,1515, ,1515, ,0, ,N, ,3, , , , , ,227386, , , ,1,1,0,0,0,0,0,0,0,0,0,0,0,0,0,0,0,0,0,0,0,0,0,0,0,0,0,0,0,0,0,0,0,0,0,0,0,39.9947,-75.0786, , 
 ,21617,2016138241,6,67,67301,2016,12,2,1614,16,1,1,0,1,1, , ,N,0,0,0,3,0,0,5,4,N, ,40 00:19.731,75 07:39.838,1620, ,1614, ,0, , , ,0, , , , , ,227388, , , ,4,2,0,0,0,0,2,0,0,0,0,0,0,0,3,0,1,1,0,0,0,0,0,0,0,0,0,0,0,0,0,0,0,0,0,9,0,40.0055,-75.1277, , 
 ,21618,2017007780,6,67,67301,2016,12,2,1757,17,6,1,0,4,1, , ,N,1,2,0,3,0,1,2,2,N, ,39 56:22.681,75 11:53.378,2311, ,2311, ,0, , , ,3, , , , , ,227392, , , ,2,2,0,0,0,0,0,0,0,0,0,1,1,0,1,0,1,0,0,0,0,0,0,0,0,0,0,0,0,0,0,0,0,0,0,4,0,39.9396,-75.1982, , 
 ,21619,2016105805,6,67,67301,2016,9,6,1253,12,1,1,0,1,1, , ,N,1,2,0,3,0,2,4,2,N, ,39 57:41.043,75 08:53.373,1335, ,1334, ,0, , , ,3, , , , , ,227397, , , ,2,0,0,0,0,0,2,0,0,0,0,2,2,0,0,0,0,0,0,0,0,1,0,0,0,0,0,0,0,0,0,0,0,0,0,4,0,39.9614,-75.1482, , 
 ,21620,2016112158,6,67,67301,2016,10,6,1427,14,1,1,0,4,1, , ,N,1,3,0,3,0,1,3,2,N,N,40 01:17.500,75 10:05.491,1453, ,1448, ,0, ,N, ,3, , , , , ,227399, , , ,2,2,0,0,0,0,0,0,0,0,0,1,1,0,0,0,0,0,0,0,0,1,0,0,0,0,0,0,0,0,0,0,0,0,0,4,0,40.0215,-75.1682, , 
 ,21621,2016120569,6,67,67301,2016,10,5,800,8,1,1,0,4,1, , ,N,1,2,0,3,0,2,3,2,N, ,40 00:25.549,75 05:38.543,824, ,816, ,0, , , ,3, , , , , ,227411, , , ,2,0,0,0,0,1,1,0,0,0,0,2,2,0,0,0,0,0,0,0,2,0,0,0,0,0,0,0,0,0,0,0,0,0,0,4,1,40.0071,-75.094, , 
 ,21622,2016129490,6,67,67301,2016,11,1,2005,20,3,1,0,4,1, , ,N,0,0,7,3,0,1,3,2,N,N,39 56:58.098,75 09:37.494,2011, ,2010,1,2,2,N, ,0,Y, , , , ,227426, , , ,2,1,0,0,1,0,0,0,0,0,0,0,1,1,1,0,0,0,0,0,0,0,0,0,0,0,0,0,0,0,0,0,0,0,0,8,0,39.9495,-75.1604, , 
 ,21623,2016129527,6,67,67301,2016,11,6,2041,20,3,2,1,5,1, , ,N,0,0,0,3,0,0,1,2,N,N,40 03:15.753,75 08:35.300,2120, ,2108, ,0, ,N, ,0, , , , , ,230561, , , ,2,2,0,0,0,0,0,0,0,0,0,0,0,0,0,0,0,0,0,0,0,0,0,0,0,0,0,0,0,0,0,0,0,0,0,0,0,40.0544,-75.1431, , 
 ,21624,2017007759,6,67,67301,2016,12,6,148,1,3,1,0,8,1, , ,N,0,0,0,3,0,1,2,2,N,N,39 59:09.933,75 10:01.321,148, ,148, ,0, ,N, ,0, , , , , ,230578, , , ,1,0,0,0,0,0,1,0,0,0,0,1,1,0,0,0,0,0,1,0,0,0,0,1,0,0,0,0,0,0,0,0,1,0,0,4,0,39.9861,-75.167, , 
 ,21625,2017007784,6,67,67301,2016,12,6,1545,15,1,1,0,2,1, , ,N,0,0,0,3,0,2,3,2,N, ,40 01:55.808,75 09:48.510,1555, ,1545, ,0, , , ,0, , , , , ,230579, , , ,2,1,0,0,0,0,1,0,0,0,0,1,2,1,1,0,0,0,0,0,1,0,0,0,0,0,0,0,0,0,0,0,0,0,0,4,0,40.0322,-75.1635, , 
 ,21626,2016080955,6,67,67301,2016,7,3,1731,17,1,1,0,1,6, , ,N,0,0,0,3,0,0,2,2,N,N,40 05:04.632,75 02:31.952,1732, ,1735,1,2,4,N, ,0,Y, , , , ,230597, , , ,2,0,0,0,0,0,2,0,0,0,0,0,0,0,0,0,0,0,0,0,0,0,0,1,0,0,0,0,0,0,0,0,0,0,0,0,0,40.0846,-75.0422, , 
 ,21627,2016080958,6,67,67301,2016,6,1,2029,20,3,1,0,1,1, , ,N,0,0,0,3,0,0,4,4,N,N,40 02:27.889,75 04:48.939,2040, ,2033,9,1,4,N, ,0,Y, , , , ,230598, , , ,4,4,0,0,0,0,0,0,0,0,0,0,0,0,1,0,0,0,1,0,0,0,0,0,0,0,0,0,0,0,0,0,0,0,0,9,0,40.0411,-75.0803, , 
 ,21628,2016080966,6,67,67301,2016,6,2,515,5,1,1,0,4,1, , ,N,1,3,0,3,0,0,2,2,N, ,39 58:34.118,75 10:42.124,559, ,558,1,2,2, , ,3,N, , , , ,230599, , , ,2,1,0,0,0,0,1,0,0,0,0,0,0,0,0,0,0,0,0,0,1,0,0,0,0,0,0,0,0,0,0,0,0,0,0,0,0,39.9761,-75.1784, , 
 ,21629,2016060855,6,67,67301,2016,5,3,500,5,1,2,1,1,1, , ,N,0,0,0,3,0,1,2,2,N,N,40 06:02.569,75 01:24.154,1509, ,1502,1,2,3,N, ,0,N, , , , ,230609, , , ,2,1,0,0,0,0,1,0,0,0,0,0,1,1,0,0,0,0,0,0,0,0,0,0,0,0,0,0,0,0,0,0,0,0,0,8,0,40.1007,-75.0234, , 
 ,21630,2016080314,6,67,67301,2016,6,3,157,1,3,1,0,7,5, , ,N,0,0,0,3,0,1,1,1,N, ,39 56:29.848,75 12:40.031,200, ,157, ,0, , , ,0, , , , , ,230621, , , ,1,1,0,0,0,0,0,0,0,0,0,0,1,1,0,0,0,0,0,0,0,0,0,0,0,0,0,0,0,0,0,0,0,0,0,8,0,39.9416,-75.2111, , 
 ,21631,2016084745,6,67,67301,2016,8,7,411,4,3,1,0,7,4, , ,N,0,0,0,3,0,1,2,1,N,N,39 57:25.864,75 09:24.060,434, ,418, ,0, , , ,0, , , , , ,230623, , , ,1,1,0,0,0,0,0,0,0,0,0,0,1,1,0,0,0,0,0,0,0,0,0,0,0,0,0,0,0,0,0,0,0,0,0,8,0,39.9572,-75.1567, , 
 ,21632,2016097654,6,67,67301,2016,8,2,231,2,3,1,0,7,4, , ,N,0,0,0,3,0,0,1,1,N,N,40 00:24.393,75 04:58.646,237, ,233,3,2,2,N, ,0,N, , , , ,230632, , , ,1,0,0,0,0,0,0,0,0,0,0,0,0,0,0,0,0,0,0,0,0,0,0,0,0,0,0,0,0,0,0,0,0,0,0,0,0,40.0068,-75.083, , 
 ,21633,2016092078,6,67,67301,2016,8,1,1330,13,1,1,0,4,1, , ,N,1,3,0,3,0,1,3,2,N,N,40 00:03.643,75 07:25.222,1554, ,1537, ,0, , , ,3, , , , , ,230633, , , ,2,2,0,0,0,0,0,0,0,0,0,0,1,1,0,0,0,0,0,1,0,0,0,2,0,0,0,0,0,0,0,0,0,0,0,8,0,40.001,-75.1237, , 
 ,21634,2016105940,6,67,67301,2016,9,1,1645,16,1,1,0,4,1, , ,N,1,2,0,3,0,1,3,2,N,N,40 01:59.130,75 10:52.421,1656, ,1651, ,0, ,N, ,3, , , , , ,230656, , , ,2,1,0,0,0,0,1,0,0,0,0,1,1,0,0,0,0,0,0,0,2,0,0,0,0,0,0,0,0,0,0,0,0,0,0,4,0,40.0331,-75.1812, , 
 ,21635,2016112076,6,67,67301,2016,10,6,1801,18,1,1,0,8,1, , ,N,0,0,0,3,0,1,2,2,N, ,39 57:20.133,75 09:25.997,1813, ,1807, ,0, , , ,0, , , , , ,230674, , , ,1,1,0,0,0,0,0,0,0,0,0,1,1,0,0,0,0,0,0,0,0,0,0,0,0,0,0,0,0,0,0,0,1,0,0,4,0,39.9556,-75.1572, , 
 ,21636,2017001633,6,67,67301,2016,12,1,828,8,1,1,0,8,1, , ,N,0,0,0,3,0,1,2,2,N, ,40 02:56.064,75 09:33.448,840, ,836, ,0, , , ,0, , , , , ,230691, , , ,1,1,0,0,0,0,0,0,0,0,0,1,1,0,0,0,0,0,0,0,0,0,0,1,0,0,0,0,0,0,0,0,1,0,0,4,0,40.0489,-75.1593, , 
 ,21637,2017020739,6,67,67301,2016,7,6,1300,13,1,1,0,5,1, , ,N,0,0,0,3,0,2,3,2,N,N,39 56:41.460,75 14:20.411,0, ,0, ,0, ,N, ,0, , , , , ,230693, , , ,2,1,0,0,0,0,1,0,0,0,0,0,2,2,0,0,0,1,0,0,1,0,0,0,0,0,0,0,0,0,0,0,0,0,0,8,0,39.9449,-75.239, , 
 ,21638,2016135758,6,67,67301,2016,12,2,1715,17,3,1,0,8,1, , ,N,1,2,0,3,0,1,2,2,N, ,39 56:55.065,75 08:45.625,1715, ,1715, ,0, , , ,3, , , , , ,230713, , , ,1,0,0,0,0,0,1,0,0,0,0,1,1,0,0,0,0,0,0,0,1,0,0,0,0,0,0,0,0,0,0,0,1,0,0,4,0,39.9486,-75.146, , 
 ,21639,2016099571,6,67,67301,2016,9,1,1115,11,1,1,0,5,6, , ,N,0,0,0,3,0,1,1,3,N,N,39 59:46.561,75 10:03.061,1122, ,1120, ,0, ,N, ,0, , , , , ,230723, , , ,3,2,0,0,0,0,1,0,0,0,0,1,1,0,0,0,0,0,0,0,0,1,0,0,0,0,0,0,0,0,0,0,0,0,0,4,0,39.9963,-75.1675, , 
 ,21640,2016097750,6,67,67301,2016,9,4,912,9,1,1,0,4,1, , ,N,1,2,0,3,0,0,4,2,N,N,40 05:40.718,75 00:54.707,923, ,920,1,1,3,N, ,3,N, , , , ,230726, , , ,2,2,0,0,0,0,0,0,0,0,0,0,0,0,0,0,0,0,0,0,0,0,0,0,0,0,0,0,0,0,0,0,0,0,0,0,0,40.0946,-75.0152, , 
 ,21641,2016117697,6,67,67301,2016,10,2,1830,18,3,1,0,8,1, , ,N,0,0,0,3,0,1,2,2,N,N,39 59:19.442,75 11:07.368,1836, ,1836, ,0, ,N, ,0, , , , , ,230739, , , ,1,1,0,0,0,0,0,0,0,0,0,1,1,0,0,0,0,0,0,0,0,0,0,0,0,0,0,0,0,0,0,0,1,0,0,4,0,39.9887,-75.1854, , 
 ,21642,2016117783,6,46,46102,2016,10,7,1645,16,3,1,0,4,1, , ,N,1,2,0,3,0,1,2,2,N,N,40 04:31.053,75 09:37.536,2020, ,2017, ,0, , , ,3, , , , , ,233830, , , ,2,2,0,0,0,0,0,0,0,0,0,1,1,0,1,0,0,0,0,0,1,0,0,0,0,0,0,0,0,0,0,0,0,0,0,4,0,40.0753,-75.1604, , 
 ,21643,2016138235,6,67,67301,2016,12,3,2343,23,3,2,1,4,1, , ,N,1,2,0,3,0,4,4,3,N,N,40 04:28.071,75 02:05.821,2350, ,2346, ,0, ,N, ,3, , , , , ,233839, , , ,3,3,0,0,0,0,0,0,0,0,0,4,4,0,0,0,0,0,0,0,2,0,0,0,0,0,0,0,0,0,0,0,0,0,0,4,0,40.0745,-75.035, , 
 ,21644,2017007951,6,67,67301,2016,12,6,1509,15,1,1,0,2,1, , ,N,0,0,0,3,0,3,5,3,N, ,39 58:17.820,75 07:34.237,1511, ,1510,2,1,2, , ,0,Y, , , , ,233844, , , ,3,1,0,0,0,0,2,0,0,0,0,0,3,3,0,0,0,0,0,0,0,0,0,2,0,0,0,0,0,0,0,0,0,0,0,8,0,39.9716,-75.1262, , 
 ,21645,2017003575,6,67,67301,2016,12,5,1330,13,1,1,0,6,6, , ,N,0,0,0,3,0,0,2,3,N,N,40 01:21.567,75 05:23.870,1340, ,1335, ,0, , , ,0, , , , , ,233847, , , ,3,2,0,0,1,0,0,0,0,0,0,0,0,0,2,0,0,0,0,0,0,0,0,0,0,0,0,0,0,0,0,0,0,0,0,9,0,40.0227,-75.09, , 
 ,21646,2016137598,6,67,67301,2016,12,3,620,6,3,2,1,4,1, , ,N,1,2,0,3,0,2,2,2,N,N,40 02:43.859,75 05:17.937,645, ,620,5,1,7,N, ,3,Y, , , , ,233869, , , ,2,0,0,0,0,1,1,0,0,0,1,1,2,0,0,0,0,0,0,0,1,0,0,0,0,0,0,0,0,0,0,0,0,0,0,3,1,40.0455,-75.0883, , 
 ,21647,2016135780,6,67,67301,2016,11,4,1730,17,4,2,1,8,1, , ,N,1,3,0,3,0,1,2,2,N,N,40 01:02.251,75 04:40.763,2205, ,2201, ,0, ,N, ,3, , , , , ,233879, , , ,1,0,0,0,0,0,0,1,0,0,0,1,1,0,0,0,0,0,0,0,0,0,0,1,0,0,0,0,0,0,0,0,1,0,0,4,0,40.0173,-75.078, , 
 ,21648,2017005278,6,67,67301,2016,12,5,1030,10,1,1,0,4,1, , ,N,1,2,0,3,0,0,4,2,N,N,39 57:48.100,75 11:14.764,1047, ,1037,2,1,1, , ,3,Y, , , , ,233891, , , ,2,2,0,0,0,0,0,0,0,0,0,0,0,0,0,0,0,0,0,0,1,0,0,0,0,0,0,0,0,0,0,0,0,0,0,0,0,39.9634,-75.1875, , 
 ,21649,2016132204,6,67,67301,2016,11,3,1400,14,1,2,1,4,1, , ,N,2,0,0,3,0,1,2,2,N, ,39 59:56.094,75 09:12.163,1430, ,1430, ,0, , , ,0, , , , , ,233894, , , ,2,1,0,0,0,0,1,0,0,0,0,0,1,1,0,0,0,0,0,0,1,0,0,1,0,0,0,0,0,0,0,0,0,0,0,8,0,39.9989,-75.1534, , 
 ,21650,2016129488,6,67,67301,2016,11,1,2101,21,3,1,0,4,1, , ,N,1,2,0,3,0,1,1,2,N,N,40 03:52.100,75 09:38.478,2102, ,2101, ,0, ,N, ,3, , , , , ,233896, , , ,2,2,0,0,0,0,0,0,0,0,0,0,1,1,0,0,0,0,0,0,1,0,0,0,0,0,0,0,0,0,0,0,0,0,0,8,0,40.0645,-75.1607, , 
 ,21651,2016124489,6,67,67301,2016,11,4,319,3,3,1,0,2,1, , ,N,0,0,3,3,0,0,4,3,N,N,39 53:19.370,75 12:09.566,327, ,321,3,1,2, , ,0,N, , , , ,233898, , , ,3,3,0,0,0,0,0,0,0,0,0,0,0,0,0,0,0,0,0,0,0,0,0,0,0,0,0,0,0,0,0,0,0,0,0,0,0,39.8887,-75.2027, , 
 ,21652,2016135648,6,67,67301,2016,12,2,537,5,3,2,1,4,1, , ,N,1,2,0,3,0,1,2,2,N,N,40 01:17.591,75 03:16.669,541, ,539,2,2,3,N, ,3,Y, , , , ,233899, , , ,2,0,0,0,0,0,2,0,0,0,1,0,1,0,0,0,0,0,0,0,0,0,0,0,0,0,0,0,0,0,0,0,0,0,0,3,0,40.0216,-75.0546, , 
 ,21653,2016092100,6,67,67301,2016,8,6,2100,21,1,1,0,4,1, , ,N,1,2,0,3,0,3,4,2,N, ,39 59:08.815,75 12:56.170,0, ,1350, ,0, , , ,3, , , , , ,233945, , , ,2,1,0,0,0,0,0,0,0,0,3,0,3,0,0,0,0,0,0,0,0,1,0,0,0,0,0,0,0,0,0,0,0,0,0,3,0,39.9858,-75.2156, , 
 ,21654,2016119149,6,67,67301,2016,10,7,244,2,3,2,1,5,1, , ,N,0,0,0,3,0,3,6,2,N,N,40 02:19.229,75 10:37.732,245, ,244,3,2,1,N, ,0,Y, , , , ,233962, , , ,2,2,0,0,0,0,0,0,0,1,0,2,3,0,0,0,0,0,0,0,0,0,0,2,0,1,0,0,0,0,0,0,0,0,0,2,0,40.0387,-75.1771, , 
 ,21655,2016119080,6,67,67301,2016,11,2,1218,12,1,1,0,5,1, , ,N,0,0,0,3,0,1,4,2,N,N,39 57:22.385,75 11:40.834,1220, ,1218, ,0, ,N, ,0, , , , , ,233994, , , ,2,2,0,0,0,0,0,0,0,0,0,1,1,0,0,0,0,0,0,0,0,0,0,0,0,0,0,0,0,0,0,0,0,0,0,4,0,39.9562,-75.1947, , 
 ,21656,2016129382,6,67,67301,2016,11,3,145,1,3,1,0,5,6, , ,N,0,0,0,3,0,0,1,2,N,N,40 00:25.657,75 09:35.647,155, ,154,9,1,3,N, ,0,Y, , , , ,233997, , , ,2,2,0,0,0,0,0,0,0,0,0,0,0,0,1,0,0,0,0,0,0,0,0,0,0,0,0,0,0,0,0,0,0,0,0,9,0,40.0071,-75.1599, , 
 ,21657,2016080186,6,67,67301,2016,7,3,956,9,1,1,0,5,1, , ,N,0,0,0,3,0,2,4,2,N,N,39 57:27.390,75 08:43.864,1016, ,1016,1,1,4,N, ,0,N, , , , ,234015, , , ,2,0,0,0,0,0,1,1,0,0,1,0,2,1,0,0,0,0,0,0,1,0,0,0,0,0,0,0,0,0,0,0,0,0,0,3,0,39.9576,-75.1455, , 
 ,21658,2016080757,6,67,67301,2016,6,6,810,8,1,1,0,1,1, , ,N,1,2,0,3,0,1,2,2,N,N,39 55:14.271,75 14:29.219,825, ,824, ,0, ,N, ,3, , , , , ,234016, , , ,2,1,0,0,0,0,0,0,0,0,0,1,1,0,0,0,0,0,0,0,1,0,0,0,0,0,0,0,0,0,0,0,0,0,0,4,0,39.9206,-75.2414, , 
 ,21659,2016084581,6,67,67301,2016,8,3,1645,16,1,1,0,4,1, , ,N,0,0,7,3,0,1,2,2,N, ,40 01:17.971,75 05:22.123,1658, ,1653, ,0, , , ,0, , , , , ,234026, , , ,2,1,0,0,0,0,0,1,0,0,0,1,1,0,0,0,0,0,0,0,0,0,0,1,0,0,0,0,0,0,0,0,0,0,0,4,0,40.0217,-75.0895, , 