wz_ln_closure,objectid_1,crn,district,county,municipality,crash_year,crash_month,day_of_week,time_of_day,hour_of_day,illumination,weather,road_condition,collision_type,relation_to_road,work_zone_type,work_zone_loc,work_zone_ind,intersect_type,tcd_type,location_type,urban_rural,fatal_count,injury_count,person_count,total_units,sch_bus_ind,sch_zone_ind,latitude,longitude,arrival_tm,cons_zone_spd_lim,dispatch_tm,est_hrs_closed,lane_closed,ln_close_dir,ntfy_hiwy_maint,spec_juris_cd,tcd_func_cd,tfc_detour_ind,workers_pres,wz_close_detour,wz_flagger,wz_law_offcr_ind,objectid,wz_moving,wz_other,wz_shlder_mdn,vehicle_count,automobile_count,motorcycle_count,bus_count,small_truck_count,heavy_truck_count,suv_count,van_count,bicycle_count,maj_inj_count,mod_inj_count,min_inj_count,tot_inj_count,unk_inj_deg_count,unk_inj_per_count,driver_count_16yr,driver_count_17yr,driver_count_18yr,driver_count_19yr,driver_count_20yr,driver_count_50_64yr,driver_count_65_74yr,driver_count_75plus,unbelted_occ_count,unb_death_count,unb_maj_inj_count,belted_death_count,belted_maj_inj_count,mcycle_death_count,mcycle_maj_inj_count,bicycle_death_count,bicycle_maj_inj_count,ped_count,ped_death_count,ped_maj_inj_count,max_severity_level,comm_veh_count,dec_lat,dec_long,rdwy_surf_type_cd,county_name
N,21727,2017005874,6,67,67301,2016,12,7,2020,20,3,1,0,7,7,1,4,Y,6,0,2,3,0,0,1,1,N,N,40 00:14.567,75 04:36.225,2031,45,2021, ,0, , , ,0, ,N,N,N,N,234156,N,N,Y,1,1,0,0,0,0,0,0,0,0,0,0,0,0,1,0,0,0,0,0,0,0,0,0,0,0,0,0,0,0,0,0,0,0,0,9,0,40.004,-75.0767, , 
 ,21728,2017013181,6,67,67301,2016,12,6,1500,15,1,1,0,4,6, , ,N,0,0,0,3,0,0,1,2,N,N,39 58:39.230,75 14:02.050,1545, ,1535, ,0, ,N, ,0, , , , , ,234198, , , ,2,2,0,0,0,0,0,0,0,0,0,0,0,0,0,0,0,0,0,0,0,0,0,0,0,0,0,0,0,0,0,0,0,0,0,0,0,39.9776,-75.2339, , 
 ,21729,2016065686,6,67,67301,2016,6,5,740,7,1,1,0,8,1, , ,N,1,3,0,3,0,1,2,2,N,N,39 56:30.469,75 10:26.774,855, ,846, ,0, ,N, ,3, , , , , ,234208, , , ,1,0,0,0,0,0,1,0,0,0,0,0,1,1,0,0,0,0,0,0,0,0,0,0,0,0,0,0,0,0,0,0,1,0,0,8,0,39.9418,-75.1741, , 
 ,21730,2016075721,6,67,67301,2016,7,7,1315,13,1,1,0,4,1, , ,N,2,2,7,3,0,1,2,2,N,N,40 00:09.360,75 13:25.119,1320, ,1315, ,0, , , ,3, , , , , ,234215, , , ,2,2,0,0,0,0,0,0,0,0,0,0,1,1,0,0,0,0,0,0,0,0,0,0,0,0,0,0,0,0,0,0,0,0,0,8,0,40.0025,-75.2236, , 
 ,21731,2016129282,6,67,67301,2016,11,3,1115,11,1,1,0,4,1, , ,N,1,2,0,3,0,1,4,3,N,N,40 06:13.309,74 59:00.376,1124, ,1119,2,1,1,N, ,3,Y, , , , ,234244, , , ,3,1,0,0,0,1,1,0,0,0,0,1,1,0,0,0,0,0,0,0,0,0,0,0,0,0,0,0,0,0,0,0,0,0,0,4,1,40.1037,-74.9834, , 
 ,21732,2016097624,6,67,67301,2016,8,7,1146,11,1,1,0,1,1, , ,N,2,3,0,3,0,1,5,2,N,N,40 01:30.938,75 01:52.751,1156, ,1146, ,0, ,N, ,3, , , , , ,237119, , , ,2,0,0,0,0,0,2,0,0,0,0,0,1,1,0,0,0,0,0,0,1,0,0,0,0,0,0,0,0,0,0,0,0,0,0,8,0,40.0253,-75.0313, , 
 ,21733,2016103363,6,67,67301,2016,9,6,1112,11,1,2,1,9,1, , ,N,0,0,0,3,0,1,2,1,N,N,39 53:31.121,75 14:12.718,1116, ,1112, ,0, , , ,0, , , , , ,237123, , , ,1,1,0,0,0,0,0,0,0,0,0,0,1,1,0,0,0,0,0,0,0,0,0,0,0,0,0,0,0,0,0,0,0,0,0,8,0,39.892,-75.2369, , 
 ,21734,2016087178,6,67,67301,2016,8,1,9999,99,1,1,0,4,1, , ,N,2,0,0,3,0,1,2,2,N,N,40 03:09.906,75 10:31.109,1758, ,1758, ,0, ,N, ,0, , , , , ,237138, , , ,2,2,0,0,0,0,0,0,0,0,0,1,1,0,0,0,0,0,0,0,0,0,0,1,0,0,0,0,0,0,0,0,0,0,0,4,0,40.0528,-75.1753, , 
 ,21735,2016105831,6,67,67301,2016,9,2,1215,12,1,2,1,6,1, , ,N,0,0,0,3,0,0,2,2,N, ,40 03:47.499,75 12:01.639,1225, ,1220, ,0, , , ,0, , , , , ,237141, , , ,2,1,0,0,0,0,1,0,0,0,0,0,0,0,0,0,0,0,0,0,1,0,0,0,0,0,0,0,0,0,0,0,0,0,0,0,0,40.0632,-75.2005, , 
 ,21736,2017001646,6,67,67301,2016,12,2,145,1,3,1,0,6,6, , ,N,0,0,0,3,0,0,1,3,N,N,40 01:54.500,75 08:32.702,256, ,255, ,0, ,N, ,0, , , , , ,237205, , , ,3,3,0,0,0,0,0,0,0,0,0,0,0,0,0,0,0,0,0,0,0,0,0,0,0,0,0,0,0,0,0,0,0,0,0,0,0,40.0318,-75.1424, , 
 ,21737,2017022692,6,67,67301,2016,10,7,1123,11,1,1,0,1,1, , ,N,2,2,0,3,0,1,2,2,N,N,40 07:14.487,75 00:37.526,0, ,0, ,0, ,N, ,3, , , , , ,237207, , , ,2,1,0,0,0,0,1,0,0,0,1,0,1,0,0,0,0,0,0,0,0,0,0,1,0,0,0,0,0,0,0,0,0,0,0,3,0,40.1207,-75.0104, , 
 ,21738,2016097077,6,67,67301,2016,8,4,1420,14,1,1,0,5,6, , ,N,0,0,0,3,0,2,2,2,N,N,40 03:20.419,75 02:41.641,1519, ,1515, ,0, ,N, ,0, , , , , ,237217, , , ,2,0,0,0,0,0,2,0,0,0,1,1,2,0,0,0,0,0,0,0,0,0,0,0,0,0,0,0,0,0,0,0,0,0,0,3,0,40.0557,-75.0449, , 
 ,21739,2016097589,6,67,67301,2016,9,2,1517,15,1,1,0,1,1, , ,N,0,0,0,3,0,0,3,3,N, ,39 54:49.763,75 14:36.850,1524, ,1517, ,0, , , ,0, , , , , ,237219, , , ,3,1,0,0,0,0,0,0,0,0,0,0,0,0,0,0,0,0,0,0,0,0,0,0,0,0,0,0,0,0,0,0,0,0,0,0,0,39.9138,-75.2436, , 
 ,21740,2016105683,6,67,67301,2016,9,2,1955,19,3,1,0,7,3, , ,N,0,0,0,3,0,0,2,1,N, ,40 06:58.927,74 59:05.465,2012, ,2007,1,1,2, , ,0,N, , , , ,237231, , , ,1,1,0,0,0,0,0,0,0,0,0,0,0,0,0,0,0,1,0,0,0,0,0,0,0,0,0,0,0,0,0,0,0,0,0,0,0,40.1164,-74.9849, , 
 ,21741,2016112231,6,67,67301,2016,10,5,1957,19,3,1,0,4,1, , ,N,1,2,0,3,0,2,2,2,N,N,39 55:40.948,75 13:09.423,2030, ,2021,2,1,1,N, ,3,Y, , , , ,237232, , , ,2,2,0,0,0,0,0,0,0,0,0,0,2,2,0,0,0,0,0,0,1,0,0,1,0,0,0,0,0,0,0,0,0,0,0,8,0,39.928,-75.2193, , 
 ,21742,2016112242,6,67,67301,2016,10,1,545,5,2,2,1,7,3, , ,N,0,0,0,3,0,0,2,1,N,N,39 54:33.444,75 11:35.665,553, ,550, ,0, ,N, ,0, , , , , ,237234, , , ,1,1,0,0,0,0,0,0,0,0,0,0,0,0,1,0,0,0,0,0,0,0,0,2,0,0,0,0,0,0,0,0,0,0,0,9,0,39.9093,-75.1932, , 
 ,21743,2016117156,6,67,67301,2016,10,3,507,5,3,1,0,4,1, , ,N,1,2,0,3,0,1,2,2,N,N,40 00:43.066,75 08:09.135,515, ,509, ,0, ,N, ,3, , , , , ,237240, , , ,2,0,0,0,0,0,2,0,0,0,0,0,1,1,0,0,0,0,0,0,0,0,0,0,0,0,0,0,0,0,0,0,0,0,0,8,0,40.012,-75.1359, , 
 ,21744,2017016413,6,67,67301,2016,3,7,1820,18,1,1,0,4,1, , ,N,1,2,0,3,0,1,5,2,N,N,39 55:38.874,75 13:54.199,0, ,0, ,0, ,N, ,3, , , , , ,237255, , , ,2,1,0,0,0,0,1,0,0,0,0,0,1,1,3,0,0,0,0,0,1,0,0,1,0,0,0,0,0,0,0,0,0,0,0,8,0,39.9275,-75.2317, , 
 ,21745,2016087220,6,67,67301,2016,8,6,557,5,1,1,0,4,1, , ,N,1,2,0,3,0,2,2,2,N, ,40 03:42.317,75 03:21.839,612, ,605, ,0, , , ,3, , , , , ,237262, , , ,2,1,0,0,0,0,1,0,0,0,0,2,2,0,0,0,0,0,0,0,0,0,0,0,0,0,0,0,0,0,0,0,0,0,0,4,0,40.0618,-75.0561, , 
 ,21746,2016096768,6,67,67301,2016,9,6,1606,16,1,1,0,5,1, , ,N,0,0,0,3,0,0,2,2,N,N,40 02:12.018,75 00:51.367,1641, ,1609, ,0, , , ,0, , , , , ,237263, , , ,2,2,0,0,0,0,0,0,0,0,0,0,0,0,1,0,0,0,0,0,0,0,0,0,0,0,0,0,0,0,0,0,0,0,0,9,0,40.0367,-75.0143, , 
 ,21747,2016089575,6,67,67301,2016,8,1,516,5,3,1,0,7,3, , ,N,0,0,0,3,0,1,1,1,N,N,39 55:53.491,75 11:58.849,532, ,532, ,0, , , ,0, , , , , ,237307, , , ,1,1,0,0,0,0,0,0,0,0,1,0,1,0,0,0,0,0,0,0,0,0,0,0,0,0,0,0,0,0,0,0,0,0,0,3,0,39.9315,-75.1997, , 
 ,21748,2016097684,6,67,67301,2016,9,5,0,0,3,1,0,6,6, , ,N,0,0,0,3,0,0,1,2,N, ,39 57:03.301,75 14:06.111,130, ,0, ,0, , , ,0, , , , , ,237311, , , ,2,2,0,0,0,0,0,0,0,0,0,0,0,0,0,0,0,0,0,0,0,0,0,0,0,0,0,0,0,0,0,0,0,0,0,0,0,39.9509,-75.235, , 
 ,21749,2016063949,6,67,67301,2016,5,1,340,3,6,1,0,8,5, , ,N,0,0,7,3,0,1,2,2,N,N,40 00:04.831,75 08:53.570,343, ,340, ,0, ,N, ,0, , , , , ,237334, , , ,1,0,0,0,0,1,0,0,0,0,0,0,1,1,0,0,0,0,0,0,0,0,0,0,0,0,0,0,0,0,0,0,1,0,0,8,1,40.0013,-75.1482, , 
 ,21750,2016063982,6,67,67301,2016,6,6,2332,23,3,1,0,4,1, , ,N,1,3,0,3,0,1,2,2,N,N,40 01:35.662,75 10:26.500,2334, ,2332,2,2,7, , ,3,Y, , , , ,237335, , , ,2,1,0,0,0,0,1,0,0,0,0,0,1,1,0,0,0,0,0,0,0,0,0,0,0,0,0,0,0,0,0,0,0,0,0,8,0,40.0266,-75.174, , 
 ,21751,2016126693,6,67,67301,2016,11,1,1816,18,3,1,0,4,1, , ,N,0,0,0,3,0,1,3,2,N,N,39 55:31.623,75 11:37.620,1827, ,1818,1,2,3, , ,0,Y, , , , ,227571, , , ,2,0,1,0,0,0,1,0,0,0,1,0,1,0,0,0,0,0,0,0,0,0,0,0,0,0,0,0,0,0,0,0,0,0,0,3,0,39.9255,-75.1938, , 
 ,21752,2016135263,6,67,67301,2016,12,7,50,0,3,1,0,7,4, , ,N,0,0,0,3,0,1,1,1,N,N,39 58:34.241,75 11:42.894,52, ,51, ,0, , , ,0, , , , , ,227578, , , ,1,1,0,0,0,0,0,0,0,0,0,0,1,1,0,0,0,0,0,0,0,0,0,0,0,0,0,0,0,0,0,0,0,0,0,8,0,39.9762,-75.1952, , 
 ,21753,2016135741,6,67,67301,2016,12,5,420,4,3,1,0,7,4, , ,N,0,0,0,3,0,0,1,1,N,N,39 57:44.841,75 10:34.153,435, ,430, ,0, ,N, ,0, , , , , ,227614, , , ,1,1,0,0,0,0,0,0,0,0,0,0,0,0,1,0,0,0,0,0,0,0,0,0,0,0,0,0,0,0,0,0,0,0,0,9,0,39.9625,-75.1762, , 
 ,21754,2016131056,6,67,67301,2016,10,6,1000,10,1,1,0,5,1, , ,N,2,0,0,3,0,1,2,2,N,N,40 04:06.330,75 02:23.513,1230, ,9999, ,0, ,N, ,0, , , , , ,227631, , , ,2,2,0,0,0,0,0,0,0,0,0,1,1,0,0,0,0,0,0,0,1,0,0,1,0,0,0,0,0,0,0,0,0,0,0,4,0,40.0684,-75.0399, , 
 ,21755,2016128767,6,67,67301,2016,10,5,1308,13,1,1,0,2,1, , ,N,6,0,8,3,0,0,2,2,N,N,39 54:39.103,75 08:56.529,1330, ,1308,2,1,1, , ,0,N, , , , ,227637, , , ,2,2,0,0,0,0,0,0,0,0,0,0,0,0,0,0,0,0,0,0,0,0,0,0,0,0,0,0,0,0,0,0,0,0,0,0,0,39.9109,-75.149, , 
 ,21756,2016132229,6,67,67301,2016,11,5,2054,20,3,1,0,1,1, , ,N,0,0,0,3,0,1,4,3,N,N,40 03:11.465,75 00:30.867,2126, ,2116, ,0, ,N, ,0, , , , , ,227646, , , ,3,1,0,0,1,0,0,1,0,0,0,0,1,1,2,0,0,0,0,0,1,0,0,0,0,0,0,0,0,0,0,0,0,0,0,8,0,40.0532,-75.0086, , 
 ,21757,2016138221,6,67,67301,2016,12,2,1712,17,3,1,0,4,1, , ,N,5,2,0,3,0,3,4,2,N, ,39 59:13.382,75 07:20.404,1715, ,1712, ,0, , , ,3, , , , , ,227650, , , ,2,2,0,0,0,0,0,0,0,0,0,0,3,3,0,0,0,0,0,0,0,0,0,1,0,0,0,0,0,0,0,0,0,0,0,8,0,39.9871,-75.1223, , 
 ,21758,2017007766,6,67,67301,2016,12,5,2348,23,3,1,0,7,4, , ,N,0,0,0,3,0,0,1,1,N,N,39 56:54.326,75 14:25.443,4, ,0, ,0, , , ,0, , , , , ,227683, , , ,1,0,0,0,0,0,1,0,0,0,0,0,0,0,1,0,0,0,0,0,0,0,0,0,0,0,0,0,0,0,0,0,0,0,0,9,0,39.9484,-75.2404, , 
 ,21759,2016126097,6,67,67301,2016,11,7,110,1,3,1,0,4,1, , ,N,5,2,2,3,0,1,2,2,N,N,39 57:26.413,75 09:08.132,115, ,110, ,0, ,N, ,3, , , , , ,227712, , , ,2,1,0,0,1,0,0,0,0,0,0,1,1,0,0,0,0,0,0,0,1,0,0,0,0,0,0,0,0,0,0,0,0,0,0,4,0,39.9573,-75.1523, , 
 ,21760,2016120633,6,67,67301,2016,11,3,700,7,1,1,0,1,1, , ,N,2,0,0,3,0,0,2,2,N, ,40 07:20.334,75 00:47.260,720, ,710, ,0, , , ,0, , , , , ,227722, , , ,2,2,0,0,0,0,0,0,0,0,0,0,0,0,0,0,0,0,0,0,1,0,0,0,0,0,0,0,0,0,0,0,0,0,0,0,0,40.1223,-75.0131, , 
 ,21761,2016126045,6,67,67301,2016,11,7,32,0,3,1,0,4,1, , ,N,0,0,0,3,0,0,2,3,N,N,40 01:33.324,75 07:58.221,100, ,58,1,1,2,N, ,0,N, , , , ,227751, , , ,3,1,0,0,0,0,1,1,0,0,0,0,0,0,1,0,0,0,0,0,0,1,0,0,0,0,0,0,0,0,0,0,0,0,0,9,0,40.0259,-75.1328, , 
 ,21762,2016126077,6,67,67301,2016,11,6,930,9,1,1,0,4,1, , ,N,1,3,0,3,0,1,5,2,N,Y,39 57:48.060,75 09:46.616,953, ,940, ,0, ,N, ,3, , , , , ,227752, , , ,2,2,0,0,0,0,0,0,0,0,1,0,1,0,0,0,0,0,0,0,0,0,0,0,0,0,0,0,0,0,0,0,0,0,0,3,0,39.9634,-75.1629, , 
 ,21763,2017007935,6,67,67301,2016,12,5,2000,20,3,1,0,8,6, , ,N,0,0,0,3,0,1,2,2,N,N,39 57:53.032,75 13:26.533,9999, ,9999, ,0, , , ,0, , , , , ,227770, , , ,1,0,0,0,0,0,1,0,0,0,0,0,1,1,0,0,0,0,0,0,0,0,0,1,0,0,0,0,0,0,0,0,1,0,0,8,0,39.9647,-75.224, , 
 ,21764,2017003568,6,67,67301,2016,12,1,435,4,3,1,0,7,5, , ,N,0,0,0,3,0,0,1,1,N,N,40 01:26.401,75 02:07.054,455, ,450, ,0, ,N, ,0, , , , , ,227772, , , ,1,1,0,0,0,0,0,0,0,0,0,0,0,0,0,0,0,0,0,0,0,0,0,1,0,0,0,0,0,0,0,0,0,0,0,0,0,40.024,-75.0353, , 
 ,21765,2016116786,6,67,67301,2016,11,6,1345,13,1,1,0,1,1, , ,N,0,0,0,3,0,1,3,3,N,N,40 01:26.571,75 01:54.739,1501, ,1411, ,0, , , ,0, , , , , ,227799, , , ,3,2,0,0,0,0,1,0,0,0,0,0,1,1,0,0,0,0,0,0,0,0,0,0,0,0,0,0,0,0,0,0,0,0,0,8,0,40.024,-75.0319, , 
 ,21766,2016112099,6,67,67301,2016,10,7,100,1,3,1,0,8,1, , ,N,0,0,0,3,0,1,2,2,N, ,39 59:40.343,75 07:49.309,105, ,103, ,0, , , ,0, , , , , ,227805, , , ,1,0,0,0,0,0,0,0,0,0,1,0,1,0,1,0,0,0,0,0,0,0,0,0,0,0,0,0,0,0,0,0,1,0,0,3,0,39.9945,-75.1304, , 
 ,21767,2016053651,6,67,67301,2016,4,4,1700,17,1,1,0,8,1, , ,N,2,0,0,3,0,1,2,2,N,N,40 01:47.920,75 09:34.682,2140, ,2140, ,0, ,N, ,0, , , , , ,227806, , , ,1,1,0,0,0,0,0,0,0,0,0,0,1,1,0,0,0,0,0,0,0,0,0,1,0,0,0,0,0,0,0,0,1,0,0,8,0,40.03,-75.1596, , 
 ,21768,2016058687,6,67,67301,2016,5,7,9,0,3,1,0,7,4, , ,N,0,0,0,3,0,1,1,1,N,N,39 57:53.387,75 10:42.817,9, ,9, ,0, , , ,0, , , , , ,227808, , , ,1,0,1,0,0,0,0,0,0,0,1,0,1,0,0,0,0,0,0,0,0,0,0,0,0,0,0,0,0,0,0,0,0,0,0,3,0,39.9648,-75.1786, , 
 ,21769,2016061705,6,67,67301,2016,6,1,1306,13,1,1,0,1,1, , ,N,0,0,0,3,0,4,6,3,N,N,39 58:43.572,75 12:11.448,1316, ,1309,1,1,3, , ,0,N, , , , ,227810, , , ,3,1,0,0,0,1,0,1,0,0,0,0,4,4,0,0,0,0,0,0,0,1,0,3,0,0,0,0,0,0,0,0,0,0,0,8,1,39.9788,-75.2032, , 
 ,21770,2016117143,6,67,67301,2016,10,6,1334,13,1,1,0,4,1, , ,N,0,0,0,3,0,1,2,2,N,N,40 05:15.342,75 02:41.719,1340, ,1334, ,0, ,N, ,0, , , , , ,230919, , , ,2,1,0,0,0,0,1,0,0,0,0,1,1,0,0,0,0,0,0,0,0,0,1,0,0,0,0,0,0,0,0,0,0,0,0,4,0,40.0876,-75.0449, , 
 ,21771,2016138178,6,67,67301,2016,12,2,713,7,1,2,1,4,1, , ,N,1,3,0,3,0,0,5,3,N,N,40 02:34.620,75 04:12.043,749, ,747,1,1,4, , ,3,Y, , , , ,230937, , , ,3,3,0,0,0,0,0,0,0,0,0,0,0,0,0,0,0,0,0,0,1,0,0,0,0,0,0,0,0,0,0,0,0,0,0,0,0,40.043,-75.07, , 
Y,21772,2016128093,6,67,67301,2016,11,5,2356,23,3,1,0,1,1,2,4,Y,0,2,0,3,0,0,5,2,N,N,39 56:45.059,75 08:32.177,2359,55,2358, ,0, , , ,3, ,Y,N,N,N,230940,N,N,N,2,2,0,0,0,0,0,0,0,0,0,0,0,0,0,0,0,0,0,0,0,0,0,0,0,0,0,0,0,0,0,0,0,0,0,0,0,39.9458,-75.1423, , 
 ,21773,2016135791,6,67,67301,2016,12,2,815,8,1,2,1,4,1, , ,N,1,2,0,3,0,1,2,2,N, ,40 00:20.401,75 08:53.861,829, ,819, ,0, , , ,3, , , , , ,230945, , , ,2,2,0,0,0,0,0,0,0,0,1,0,1,0,0,0,0,0,0,0,0,0,0,1,0,0,0,0,0,0,0,0,0,0,0,3,0,40.0057,-75.1483, , 
 ,21774,2016128450,6,67,67301,2016,12,2,1320,13,1,1,0,1,1, , ,N,0,0,3,3,0,1,2,2,N,N,39 57:36.085,75 10:44.403,1338, ,1328,1,2,4, , ,0,N, , , , ,230954, , , ,2,1,0,0,0,0,1,0,0,0,1,0,1,0,0,0,0,0,0,0,0,0,0,0,0,0,0,0,0,0,0,0,0,0,0,3,0,39.96,-75.179, , 
 ,21775,2017015650,6,67,67301,2016,12,5,1648,16,3,1,0,8,1, , ,N,1,2,0,3,0,1,2,2,N, ,39 56:24.173,75 09:58.415,1700, ,1653, ,0, , , ,3, , , , , ,230963, , , ,1,1,0,0,0,0,0,0,0,0,0,1,1,0,0,0,0,0,0,0,0,1,0,0,0,0,0,0,0,0,0,0,1,0,0,4,0,39.94,-75.1662, , 
 ,21776,2017003614,6,67,67301,2016,12,3,1611,16,1,1,0,5,6, , ,N,0,0,0,3,0,1,2,2,N,N,39 59:24.876,75 07:51.636,1617, ,1611, ,0, ,N, ,0, , , , , ,230964, , , ,2,2,0,0,0,0,0,0,0,0,0,0,1,1,0,0,0,0,0,0,0,0,0,0,0,0,0,0,0,0,0,0,0,0,0,8,0,39.9902,-75.131, , 
 ,21777,2017021100,6,67,67301,2016,8,2,9999,99,1,1,0,5,1, , ,N,0,0,0,3,0,1,2,2,N,N,39 57:25.794,75 13:02.956,0, ,0, ,0, ,N, ,0, , , , , ,230967, , , ,2,2,0,0,0,0,0,0,0,0,0,0,1,1,0,0,0,0,0,0,1,0,0,2,0,0,0,0,0,0,0,0,0,0,0,8,0,39.9572,-75.2175, , 
 ,21778,2016089912,6,67,67301,2016,8,3,1955,19,3,1,0,5,6, , ,N,0,0,0,3,0,3,3,5,N,N,40 01:05.322,75 08:04.462,2001, ,2000, ,0, ,N, ,0, , , , , ,230991, , , ,3,1,0,0,0,0,1,1,0,0,0,2,3,1,0,0,0,0,0,0,0,0,0,0,0,0,0,0,0,0,0,0,2,0,0,4,0,40.0181,-75.1346, , 
 ,21779,2016091614,6,67,67301,2016,8,6,900,9,1,1,0,4,1, , ,N,2,2,0,3,0,1,3,2,N, ,40 00:26.790,75 07:30.627,915, ,908, ,0, , , ,3, , , , , ,230993, , , ,2,0,0,0,0,0,1,1,0,0,1,0,1,0,0,0,0,0,0,0,2,0,0,3,0,0,0,0,0,0,0,0,0,0,0,3,0,40.0074,-75.1252, , 
 ,21780,2016049320,6,67,67301,2016,5,1,1332,13,1,2,1,7,2, , ,N,0,0,0,3,0,1,1,1,N,N,39 56:43.164,75 11:26.328,1355, ,1342,1,1,3, , ,0,N, , , , ,231013, , , ,1,1,0,0,0,0,0,0,0,0,1,0,1,0,0,0,0,0,0,0,0,0,0,0,0,0,0,0,0,0,0,0,0,0,0,3,0,39.9453,-75.1906, , 
 ,21781,2016050765,6,67,67301,2016,4,5,1510,15,1,1,0,4,1, , ,N,1,7,0,3,0,2,3,2, , ,39 58:09.638,75 14:58.210,0, ,0, ,0, , , ,3, , , , , ,231015, , , ,2,1,0,0,0,0,1,0,0,0,1,1,2,0,0,0,0,0,0,0,0,0,0,0,0,0,0,0,0,0,0,0,0,0,0,3,0,39.9693,-75.2495, , 
 ,21782,2016052267,6,67,67301,2016,5,4,1225,12,1,2,0,4,1, , ,N,2,0,0,3,0,0,1,3,N,N,39 58:03.345,75 13:50.707,1225, ,1221, ,0, ,N, ,0, , , , , ,231017, , , ,3,3,0,0,0,0,0,0,0,0,0,0,0,0,0,0,0,0,0,0,0,0,0,0,0,0,0,0,0,0,0,0,0,0,0,0,0,39.9676,-75.2308, , 
 ,21783,2016129219,6,67,67301,2016,11,5,318,3,3,1,0,1,1, , ,N,1,2,0,3,0,0,2,2,N, ,40 01:36.505,75 05:50.523,323, ,322, ,0, , , ,3, , , , , ,231037, , , ,2,0,0,0,0,0,2,0,0,0,0,0,0,0,0,0,0,0,0,0,0,0,0,1,0,0,0,0,0,0,0,0,0,0,0,0,0,40.0268,-75.0974, , 
 ,21784,2016137775,6,67,67301,2016,12,7,316,3,3,1,0,7,4, , ,N,0,0,0,3,0,1,1,1,N,N,39 57:36.121,75 10:51.842,320, ,316,1,1,4, , ,0,N, , , , ,231042, , , ,1,1,0,0,0,0,0,0,0,0,1,0,1,0,0,0,0,0,0,0,0,0,0,0,0,0,0,0,0,0,0,0,0,0,0,3,0,39.96,-75.1811, , 
 ,21785,2016126060,6,67,67301,2016,11,3,1940,19,3,1,0,1,1, , ,N,1,2,0,3,0,2,3,2,N,N,39 58:01.120,75 09:37.224,1957, ,1953, ,0, , , ,3, , , , , ,231046, , , ,2,1,0,0,0,0,1,0,0,0,0,0,2,2,0,0,0,0,0,0,1,0,0,0,0,0,0,0,0,0,0,0,0,0,0,8,0,39.967,-75.1603, , 
 ,21786,2016111079,6,67,67301,2016,9,1,136,1,3,1,0,8,1, , ,N,1,2,0,3,1,0,2,2,N,N,40 03:10.832,75 03:51.486,144, ,136,4,2,5,N,0,3,Y, , , , ,231059, , , ,1,1,0,0,0,0,0,0,0,0,0,0,0,0,0,0,0,0,0,0,0,0,0,0,0,0,0,0,0,0,0,0,1,1,0,1,0,40.053,-75.0643,2, 
 ,21787,2016125581,6,67,67301,2016,11,5,443,4,3,1,0,1,1, , ,N,0,0,0,3,0,4,5,2,N,N,39 59:50.507,75 04:55.260,455, ,443,1,2,2, , ,0,N, , , , ,231067, , , ,2,1,0,0,0,0,0,1,0,0,1,3,4,0,0,0,0,0,0,0,0,0,0,0,0,0,0,0,0,0,0,0,0,0,0,3,0,39.9974,-75.082, , 
 ,21788,2016117689,6,67,67301,2016,10,5,1758,17,1,1,0,1,1, , ,N,0,0,0,3,0,0,3,2,Y,N,39 56:00.356,75 08:39.399,1759, ,1758, ,0, ,N, ,0, , , , , ,234267, , , ,2,1,0,1,0,0,0,0,0,0,0,0,0,0,1,0,0,0,0,0,0,0,0,2,0,0,0,0,0,0,0,0,0,0,0,9,1,39.9334,-75.1443, , 
 ,21789,2016135151,6,46,46104,2016,12,6,2141,21,3,1,0,1,1, , ,N,2,2,0,3,0,2,4,4,N,N,40 00:00.365,75 13:43.330,2144, ,2141,2,2,2, , ,3,Y, , , , ,234278, , , ,4,4,0,0,0,0,0,0,0,0,0,2,2,0,0,0,0,0,0,0,1,1,0,0,0,0,0,0,0,0,0,0,0,0,0,4,0,40.0001,-75.2287, , 
 ,21790,2016054190,6,67,67301,2016,5,4,2013,20,4,1,0,8,1, , ,N,1,2,0,3,0,1,2,2,N,N,39 57:37.353,75 11:22.005,2017, ,2015,1,1,1,N, ,3,Y, , , , ,234288, , , ,1,0,0,0,0,0,0,1,1,0,0,1,1,0,1,0,0,0,0,0,0,0,0,0,0,0,0,0,0,0,0,0,0,0,0,4,0,39.9604,-75.1894, , 
 ,21791,2016081426,6,67,67301,2016,7,1,1955,19,4,1,0,8,1, , ,N,1,2,0,3,0,2,3,2,N,N,39 57:06.275,75 09:29.915,2005, ,1959, ,0, ,N, ,3, , , , , ,234308, , , ,1,1,0,0,0,0,0,0,0,0,0,0,2,2,0,0,0,0,0,0,0,0,0,2,0,0,0,0,0,0,0,0,1,0,0,8,0,39.9517,-75.1582, , 
 ,21792,2017020750,6,67,67301,2016,7,4,1100,11,1,1,0,1,1, , ,N,0,0,0,3,0,2,3,2,N,N,40 00:17.382,75 09:07.535,0, ,0, ,0, ,N, ,0, , , , , ,234317, , , ,2,0,0,0,0,0,1,0,0,0,0,0,2,2,0,0,0,0,0,0,0,0,0,0,0,0,0,0,0,0,0,0,0,0,0,8,0,40.0048,-75.1521, , 