wz_ln_closure,objectid_1,crn,district,county,municipality,crash_year,crash_month,day_of_week,time_of_day,hour_of_day,illumination,weather,road_condition,collision_type,relation_to_road,work_zone_type,work_zone_loc,work_zone_ind,intersect_type,tcd_type,location_type,urban_rural,fatal_count,injury_count,person_count,total_units,sch_bus_ind,sch_zone_ind,latitude,longitude,arrival_tm,cons_zone_spd_lim,dispatch_tm,est_hrs_closed,lane_closed,ln_close_dir,ntfy_hiwy_maint,spec_juris_cd,tcd_func_cd,tfc_detour_ind,workers_pres,wz_close_detour,wz_flagger,wz_law_offcr_ind,objectid,wz_moving,wz_other,wz_shlder_mdn,vehicle_count,automobile_count,motorcycle_count,bus_count,small_truck_count,heavy_truck_count,suv_count,van_count,bicycle_count,maj_inj_count,mod_inj_count,min_inj_count,tot_inj_count,unk_inj_deg_count,unk_inj_per_count,driver_count_16yr,driver_count_17yr,driver_count_18yr,driver_count_19yr,driver_count_20yr,driver_count_50_64yr,driver_count_65_74yr,driver_count_75plus,unbelted_occ_count,unb_death_count,unb_maj_inj_count,belted_death_count,belted_maj_inj_count,mcycle_death_count,mcycle_maj_inj_count,bicycle_death_count,bicycle_maj_inj_count,ped_count,ped_death_count,ped_maj_inj_count,max_severity_level,comm_veh_count,dec_lat,dec_long,rdwy_surf_type_cd,county_name
 ,21793,2016062792,6,67,67301,2016,6,3,2118,21,3,1,0,1,1, , ,N,0,0,0,3,0,0,2,2,N,N,39 58:01.604,75 07:59.456,2132, ,2121,1,1,1, , ,0,N, , , , ,234329, , , ,2,2,0,0,0,0,0,0,0,0,0,0,0,0,0,0,0,0,0,0,0,0,0,0,0,0,0,0,0,0,0,0,0,0,0,0,0,39.9671,-75.1332, , 
 ,21794,2016082228,6,67,67301,2016,7,7,2200,22,3,1,0,5,1, , ,N,1,2,0,3,0,1,4,2,N,N,40 01:48.790,75 05:17.559,215, ,215, ,0, ,N, ,3, , , , , ,234345, , , ,2,1,0,0,0,0,1,0,0,0,0,1,1,0,0,0,0,0,0,0,1,0,0,0,0,0,0,0,0,0,0,0,0,0,0,4,0,40.0302,-75.0882, , 
 ,21795,2016097618,6,67,67301,2016,9,5,9999,99,1,9,0,8,1, , ,N,2,0,0,3,0,1,2,2,N, ,39 58:55.621,75 15:20.293,9999, ,930, ,0, , , ,0, , , , , ,234352, , , ,1,1,0,0,0,0,0,0,0,0,0,1,1,0,0,0,0,0,0,0,0,1,0,0,0,0,0,0,0,0,0,0,1,0,0,4,0,39.9821,-75.2556, , 
 ,21796,2016091060,6,67,67301,2016,8,2,2005,20,3,1,1,4,1, , ,N,1,2,0,3,0,0,2,2,N,N,39 57:48.100,75 11:14.764,2325, ,2315, ,0, ,N, ,3, , , , , ,234357, , , ,2,2,0,0,0,0,0,0,0,0,0,0,0,0,0,0,0,0,1,0,0,0,0,0,0,0,0,0,0,0,0,0,0,0,0,0,0,39.9634,-75.1875, , 
 ,21797,2016097058,6,67,67301,2016,8,7,1254,12,1,1,0,8,1, , ,N,1,2,0,3,0,1,2,2,N, ,40 02:07.762,75 13:02.189,1320, ,1320, ,0, , , ,3, , , , , ,234363, , , ,1,0,0,0,0,0,1,0,0,0,0,1,1,0,0,0,0,0,0,0,0,0,0,1,0,0,0,0,0,0,0,0,1,0,0,4,0,40.0355,-75.2173, , 
 ,21798,2016105705,6,67,67301,2016,9,1,2013,20,3,1,0,4,1, , ,N,1,3,0,3,0,2,2,2,N,N,40 04:09.667,75 09:55.263,2025, ,2020, ,0, , , ,3, , , , , ,234382, , , ,2,1,0,0,0,0,0,1,0,0,0,2,2,0,0,0,0,0,0,0,0,0,0,0,0,0,0,0,0,0,0,0,0,0,0,4,0,40.0694,-75.1654, , 
 ,21799,2016099500,6,67,67301,2016,9,6,1620,16,1,1,0,4,1, , ,N,1,3,0,3,0,0,2,2,N,N,40 02:02.889,75 07:44.763,1641, ,1638, ,0, ,N, ,3, , , , , ,234384, , , ,2,1,0,0,0,0,1,0,0,0,0,0,0,0,0,0,0,0,0,0,1,0,0,0,0,0,0,0,0,0,0,0,0,0,0,0,0,40.0341,-75.1291, , 
 ,21800,2016099577,6,67,67301,2016,9,2,950,9,1,1,0,4,1, , ,N,1,3,0,3,0,2,2,2,N,N,39 59:15.312,75 09:13.374,958, ,955, ,0, ,N, ,3, , , , , ,234386, , , ,2,1,0,0,0,0,1,0,0,0,1,1,2,0,0,0,0,0,0,0,1,1,0,0,0,0,0,0,0,0,0,0,0,0,0,3,0,39.9876,-75.1537, , 
 ,21801,2016108520,6,67,67301,2016,10,4,705,7,1,1,0,2,1, , ,N,1,2,0,3,0,1,2,2,N,N,40 01:06.232,75 08:12.411,725, ,720, ,0, ,N, ,3, , , , , ,234395, , , ,2,1,0,0,1,0,0,0,0,0,0,0,1,1,0,0,0,0,0,0,0,0,0,1,0,0,0,0,0,0,0,0,0,0,0,8,0,40.0184,-75.1368, , 
 ,21802,2016129390,6,67,67301,2016,11,6,2210,22,3,1,0,4,1, , ,N,0,0,0,3,0,1,2,2,N,N,39 58:27.318,75 12:12.473,2237, ,2227, ,0, ,N, ,0, , , , , ,234423, , , ,1,1,0,0,0,0,0,0,1,0,0,1,1,0,0,0,0,0,0,0,0,0,0,0,0,0,0,0,0,0,0,0,0,0,0,4,0,39.9743,-75.2035, , 
 ,21803,2016132166,6,67,67301,2016,11,1,1200,12,1,1,0,4,1, , ,N,1,2,0,3,0,1,2,2,N,N,40 02:09.822,75 05:16.321,1208, ,1200,1,2,1,N, ,3,Y, , , , ,234424, , , ,2,2,0,0,0,0,0,0,0,0,0,0,1,1,0,0,0,0,0,0,0,0,0,1,0,0,0,0,0,0,0,0,0,0,0,8,0,40.0361,-75.0879, , 
 ,21804,2017003565,6,67,67301,2016,12,3,926,9,1,1,0,1,1, , ,N,1,2,0,3,0,1,2,2,N,N,40 01:13.862,75 03:13.412,933, ,933, ,0, ,N, ,3, , , , , ,234440, , , ,2,1,0,0,0,0,1,0,0,0,0,1,1,0,0,0,0,0,0,0,1,0,0,0,0,0,0,0,0,0,0,0,0,0,0,4,0,40.0205,-75.0537, , 
 ,21805,2016063889,6,67,67301,2016,6,7,245,2,3,1,0,1,6, , ,N,0,0,0,3,0,1,2,3,N,N,40 02:47.097,75 09:49.543,247, ,245, ,0, ,N, ,0, , , , , ,234445, , , ,3,2,0,0,0,0,1,0,0,0,0,1,1,0,0,0,0,0,0,0,0,0,0,1,0,0,0,0,0,0,0,0,0,0,0,4,0,40.0464,-75.1638, , 
 ,21806,2017005747,6,67,67301,2016,12,3,1225,12,1,1,1,5,6, , ,N,0,0,0,3,0,1,1,2,N,N,40 03:50.047,75 01:10.930,1228, ,1225, ,0, ,N, ,0, , , , , ,237817, , , ,2,1,0,0,0,0,1,0,0,0,0,1,1,0,0,0,0,0,0,0,0,0,0,1,0,0,0,0,0,0,0,0,0,0,0,4,0,40.0639,-75.0197, , 
 ,21807,2017005238,6,67,67301,2016,12,1,2150,21,3,1,0,7,4, , ,N,0,0,0,3,0,2,4,1,N,N,40 06:13.831,75 01:41.891,2202, ,2155, ,0, ,N, ,0, , , , , ,237820, , , ,1,1,0,0,0,0,0,0,0,0,2,0,2,0,0,0,0,0,0,0,0,0,0,3,0,0,0,0,0,0,0,0,0,0,0,3,0,40.1038,-75.0283, , 
 ,21808,2016129279,6,67,67301,2016,11,5,2015,20,3,1,0,6,1, , ,N,2,0,0,3,0,0,2,2,N,N,40 02:49.226,75 10:37.217,2027, ,2023, ,0, , , ,0, , , , , ,237827, , , ,2,0,0,0,0,0,2,0,0,0,0,0,0,0,0,0,0,0,0,0,1,0,0,0,0,0,0,0,0,0,0,0,0,0,0,0,0,40.047,-75.177, , 
 ,21809,2017018029,6,67,67301,2016,5,7,1700,17,1,1,0,4,1, , ,N,1,2,0,3,0,0,3,2,N,N,39 56:48.468,75 14:09.053,0, ,0, ,0, ,N, ,3, , , , , ,237837, , , ,2,1,0,0,0,0,0,0,0,0,0,0,0,0,0,0,0,0,0,0,0,0,0,0,0,0,0,0,0,0,0,0,0,0,0,0,0,39.9468,-75.2358, , 
 ,21810,2016080892,6,67,67301,2016,7,7,2250,22,3,1,0,4,1, , ,N,2,3,2,3,0,2,4,2,N, ,39 59:11.983,75 12:29.919,24, ,22, ,0, , , ,3, , , , , ,237860, , , ,2,0,0,0,0,0,2,0,0,0,0,0,2,2,0,0,0,0,1,0,0,0,0,0,0,0,0,0,0,0,0,0,0,0,0,8,0,39.9867,-75.2083, , 
 ,21811,2016097941,6,67,67301,2016,9,7,335,3,3,1,0,5,6, , ,N,0,0,0,3,0,0,1,4,N,N,39 58:59.304,75 09:37.180,341, ,340,2,2,1,N, ,0,Y, , , , ,237886, , , ,4,4,0,0,0,0,0,0,0,0,0,0,0,0,0,0,0,0,1,0,0,0,0,0,0,0,0,0,0,0,0,0,0,0,0,0,0,39.9831,-75.1603, , 
 ,21812,2016132815,6,67,67301,2016,11,3,1353,13,1,1,0,1,1, , ,N,0,0,0,3,0,0,2,2,N,N,39 57:31.483,75 10:07.479,1408, ,1353, ,0, , , ,0, , , , , ,237896, , , ,2,0,0,0,0,0,2,0,0,0,0,0,0,0,0,0,0,0,0,0,1,0,0,0,0,0,0,0,0,0,0,0,0,0,0,0,0,39.9587,-75.1687, , 
 ,21813,2016137844,6,67,67301,2016,12,7,1130,11,1,4,1,7,4, , ,N,7,0,0,3,0,0,1,1,N,N,39 53:55.755,75 10:09.552,1130, ,1130,1,1,1, , ,0,N, , , , ,237904, , , ,1,1,0,0,0,0,0,0,0,0,0,0,0,0,0,0,0,0,0,0,0,0,0,0,0,0,0,0,0,0,0,0,0,0,0,0,0,39.8988,-75.1693, , 
 ,21814,2017003708,6,67,67301,2016,12,7,435,4,2,4,3,7,4, , ,N,0,0,1,3,0,1,1,1,N, ,40 00:30.342,75 04:12.286,448, ,444, ,0, , , ,0, , , , , ,237917, , , ,1,0,0,0,0,0,1,0,0,0,0,1,1,0,0,0,0,0,0,0,1,0,0,0,0,0,0,0,0,0,0,0,0,0,0,4,0,40.0084,-75.0701, , 
 ,21815,2016105689,6,67,67301,2016,9,5,2330,23,3,1,0,7,4, , ,N,0,0,0,3,0,1,1,1,N, ,40 00:45.703,75 10:08.471,2355, ,2350,3,1,2, , ,0,N, , , , ,237934, , , ,1,0,0,0,0,0,1,0,0,0,0,1,1,0,0,0,0,0,0,0,0,0,0,0,0,0,0,0,0,0,0,0,0,0,0,4,0,40.0127,-75.169, , 
 ,21816,2016063973,6,67,67301,2016,6,3,1540,15,1,2,1,3,1, , ,N,0,0,0,3,0,0,2,2,N,N,39 57:02.382,75 09:36.715,1600, ,1545, ,0, ,N, ,0, , , , , ,237943, , , ,2,1,0,0,0,0,1,0,0,0,0,0,0,0,0,0,0,0,0,0,1,0,0,0,0,0,0,0,0,0,0,0,0,0,0,0,0,39.9507,-75.1602, , 
 ,21817,2016071081,6,67,67301,2016,6,2,2200,22,8,1,0,5,6, , ,N,0,0,0,3,0,0,1,2,N,N,40 03:47.062,75 09:00.655,830, ,830, ,0, ,N, ,0, , , , , ,237947, , , ,2,1,0,0,0,0,0,0,0,0,0,0,0,0,1,0,0,0,0,0,0,0,0,0,0,0,0,0,0,0,0,0,0,0,0,9,0,40.0631,-75.1502, , 
 ,21818,2016085450,6,67,67301,2016,8,7,2244,22,3,1,0,5,6, , ,N,0,0,0,3,0,0,1,3,N,N,40 02:58.309,75 06:56.751,2249, ,2246,1,2,4,N, ,0,N, , , , ,237959, , , ,2,2,0,0,0,0,0,0,0,0,0,0,0,0,0,0,0,0,0,0,0,0,0,0,0,0,0,0,0,0,0,0,0,0,0,0,0,40.0495,-75.1158, , 
 ,21819,2016097070,6,67,67301,2016,8,1,2230,22,3,1,0,4,1, , ,N,1,2,0,3,0,1,2,2,N, ,40 00:07.962,75 09:27.759,2238, ,2235, ,0, , , ,3, , , , , ,237966, , , ,2,1,0,0,0,0,1,0,0,0,0,1,1,0,0,0,0,0,0,0,1,0,0,1,0,0,0,0,0,0,0,0,0,0,0,4,0,40.0022,-75.1576, , 
 ,21820,2016108665,6,67,67301,2016,10,2,1630,16,1,1,0,1,1, , ,N,0,2,0,3,0,1,2,2,N,N,40 01:35.408,75 12:36.817,1643, ,1640, ,0, , , ,3, , , , , ,237978, , , ,2,2,0,0,0,0,0,0,0,0,0,0,1,1,0,0,0,0,0,0,0,0,0,1,0,0,0,0,0,0,0,0,0,0,0,8,0,40.0265,-75.2102, , 
 ,21821,2016135683,6,67,67301,2016,12,5,1630,16,3,1,0,5,6, , ,N,0,0,0,3,0,1,4,2,N,N,39 56:37.398,75 09:57.868,1735, ,1730, ,0, ,N, ,0, , , , , ,238003, , , ,2,1,0,0,0,0,1,0,0,0,0,0,1,1,0,0,0,0,0,0,0,0,0,0,0,0,0,0,0,0,0,0,0,0,0,8,0,39.9437,-75.1661, , 
 ,21822,2017003574,6,67,67301,2016,12,6,2130,21,3,1,0,4,1, , ,N,1,3,0,3,0,0,2,2,N,N,40 04:11.413,75 10:37.221,2309, ,2304, ,0, ,N, ,3, , , , , ,238014, , , ,2,2,0,0,0,0,0,0,0,0,0,0,0,0,0,0,0,0,0,0,2,0,0,0,0,0,0,0,0,0,0,0,0,0,0,0,0,40.0698,-75.177, , 
 ,21823,2016138189,6,67,67301,2016,12,4,1500,15,1,1,0,4,1, , ,N,1,2,0,3,0,0,2,2,N, ,39 57:10.730,75 10:06.316,1515, ,1505, ,0, , , ,3, , , , , ,238041, , , ,2,1,0,0,0,0,1,0,0,0,0,0,0,0,0,0,0,0,0,0,0,0,0,0,0,0,0,0,0,0,0,0,0,0,0,0,0,39.953,-75.1685, , 
 ,21824,2017007796,6,67,67301,2016,12,5,1551,15,1,8,1,4,1, , ,N,1,2,0,3,0,1,3,3,N, ,39 55:21.701,75 09:23.883,1552, ,1552,1,1,3, , ,3,N, , , , ,238048, , , ,3,2,0,0,0,0,1,0,0,0,0,1,1,0,0,0,0,0,0,0,1,0,0,1,0,0,0,0,0,0,0,0,0,0,0,4,0,39.9227,-75.1565, , 
 ,21825,2016087633,6,67,67301,2016,8,4,1638,16,1,1,0,4,1, , ,N,1,3,1,3,0,0,5,4,N,N,39 57:42.472,75 14:24.168,1645, ,1638, ,0, ,N, ,3, , , , , ,227842, , , ,4,2,0,0,0,0,0,2,0,0,0,0,0,0,4,0,0,0,0,0,0,0,0,1,0,0,0,0,0,0,0,0,0,0,0,9,0,39.9618,-75.24, , 
 ,21826,2016097666,6,67,67301,2016,9,4,1749,17,1,1,0,8,1, , ,N,1,3,0,3,0,1,2,2,N,N,39 55:28.999,75 09:45.464,1951, ,1951, ,0, ,N, ,3, , , , , ,227844, , , ,1,1,0,0,0,0,0,0,0,0,0,1,1,0,0,0,0,0,0,0,0,0,0,0,0,0,0,0,0,0,0,0,1,0,0,4,0,39.9247,-75.1626, , 
 ,21827,2016135689,6,67,67301,2016,12,5,820,8,1,1,0,8,1, , ,N,0,0,0,3,0,1,2,2,N, ,40 02:39.327,75 06:22.793,840, ,829, ,0, , , ,0, , , , , ,227861, , , ,1,1,0,0,0,0,0,0,0,0,0,1,1,0,0,0,0,0,0,0,0,0,0,1,0,0,0,0,0,0,0,0,1,0,0,4,0,40.0443,-75.1063, , 
 ,21828,2017003715,6,67,67301,2016,12,1,1345,13,8,2,1,4,1, , ,N,1,2,0,3,0,2,2,2,N,N,40 01:59.289,75 10:14.197,1400, ,1357, ,0, ,N, ,3, , , , , ,227869, , , ,2,2,0,0,0,0,0,0,0,0,0,0,2,2,0,0,0,0,0,0,0,0,0,0,0,0,0,0,0,0,0,0,0,0,0,8,0,40.0331,-75.1706, , 
 ,21829,2016120504,6,67,67301,2016,10,5,1600,16,1,2,1,4,1, , ,N,2,2,0,3,0,1,3,2,N, ,39 54:23.986,75 11:00.103,1605, ,1600,1,1,2, , ,3,N, , , , ,227875, , , ,2,2,0,0,0,0,0,0,0,0,0,0,1,1,0,0,0,0,0,1,0,0,0,2,0,0,0,0,0,0,0,0,0,0,0,8,0,39.9067,-75.1834, , 
 ,21830,2016119172,6,67,67301,2016,10,4,1845,18,3,1,0,8,1, , ,N,0,0,0,3,0,1,2,2,N, ,39 59:25.278,75 09:03.578,2100, ,2050, ,0, , , ,0, , , , , ,227876, , , ,1,1,0,0,0,0,0,0,0,0,0,1,1,0,1,0,0,0,0,0,0,0,0,0,0,0,0,0,0,0,0,0,1,0,0,4,0,39.9904,-75.151, , 
 ,21831,2016120537,6,67,67301,2016,10,5,424,4,3,1,0,4,1, , ,N,1,2,0,3,0,2,2,2,N, ,40 00:44.009,75 09:01.745,425, ,424,3,2,2, , ,3,Y, , , , ,227877, , , ,2,1,0,0,1,0,0,0,0,0,0,0,2,2,0,0,0,0,0,0,1,0,0,0,0,0,0,0,0,0,0,0,0,0,0,8,0,40.0122,-75.1505, , 
 ,21832,2017008760,6,67,67301,2016,12,7,1245,12,1,1,0,4,1, , ,N,1,3,0,3,0,3,3,2,N,N,40 00:03.643,75 07:25.222,1305, ,1255, ,0, ,N, ,3, , , , , ,227904, , , ,2,1,0,0,0,0,1,0,0,0,1,2,3,0,0,0,0,0,0,0,0,0,0,0,0,0,0,0,0,0,0,0,0,0,0,3,0,40.001,-75.1237, , 
 ,21833,2016129451,6,67,67301,2016,11,6,1955,19,1,1,1,1,2, , ,N,0,2,0,3,0,2,2,2,N, ,39 52:59.932,75 15:06.320,9999, ,2000, ,0, , , ,3, , , , , ,227908, , , ,2,1,0,0,0,0,1,0,0,1,1,0,2,0,0,0,0,0,0,0,0,0,0,1,0,0,0,0,0,0,0,0,0,0,0,2,0,39.8833,-75.2518, , 
 ,21834,2016132187,6,67,67301,2016,11,2,1118,11,1,1,0,1,1, , ,N,0,0,0,3,0,1,2,2,N,N,40 03:34.513,75 03:32.227,1123, ,1121,1,1,3,N, ,0,Y, , , , ,227913, , , ,2,0,0,0,0,0,0,2,0,0,0,1,1,0,0,0,0,0,0,0,1,0,0,0,0,0,0,0,0,0,0,0,0,0,0,4,0,40.0596,-75.059, , 
 ,21835,2016135256,6,67,67301,2016,12,5,1955,19,6,1,0,1,1, , ,N,0,0,0,3,0,0,4,3,N,N,39 58:19.222,75 11:36.230,2001, ,1955,1,2,4, , ,0,N, , , , ,227918, , , ,3,2,0,0,0,0,1,0,0,0,0,0,0,0,0,0,0,0,0,0,1,0,0,1,0,0,0,0,0,0,0,0,0,0,0,0,0,39.972,-75.1934, , 
 ,21836,2017003676,6,67,67301,2016,12,7,2035,20,3,8,4,1,1, , ,N,5,2,2,3,0,1,5,3,N,N,39 57:24.276,75 09:08.534,2050, ,2042,1,2,3,N, ,3,N, , , , ,227924, , , ,3,2,0,0,0,0,0,1,0,0,0,1,1,0,1,0,0,1,0,0,0,1,0,0,0,0,0,0,0,0,0,0,0,0,0,4,0,39.9566,-75.1524, , 
 ,21837,2016119147,6,67,67301,2016,10,4,1125,11,1,1,0,2,1, , ,N,0,0,0,3,0,3,3,2,N,N,40 00:17.699,75 12:06.960,1205, ,1130, ,0, ,N, ,0, , , , , ,227932, , , ,2,0,0,0,1,0,1,0,0,0,3,0,3,0,0,0,0,0,0,0,1,0,0,0,0,0,0,0,0,0,0,0,0,0,0,3,0,40.0049,-75.2019, , 
 ,21838,2016130004,6,67,67301,2016,11,5,2140,21,3,1,0,4,1, , ,N,1,2,0,3,0,1,2,3,N,N,40 00:27.630,75 04:33.776,2155, ,2148, ,0, , , ,3, , , , , ,227953, , , ,3,2,0,0,0,0,0,0,0,0,0,1,1,0,0,0,0,0,0,0,1,0,0,1,0,0,0,0,0,0,0,0,0,0,0,4,0,40.0077,-75.076, , 
 ,21839,2016108660,6,67,67301,2016,9,6,9999,99,3,2,1,4,1, , ,N,1,3,0,3,0,3,4,2,N,N,39 59:42.111,75 13:39.536,1600, ,1552, ,0, , , ,3, , , , , ,227967, , , ,2,0,0,0,0,0,2,0,0,0,0,3,3,0,0,0,0,0,0,0,0,0,0,1,0,0,0,0,0,0,0,0,0,0,0,4,0,39.995,-75.2276, , 
 ,21840,2016105499,6,67,67301,2016,9,5,1900,19,3,2,1,4,1, , ,N,1,2,0,3,0,1,2,2,N, ,40 01:13.809,75 11:32.576,1910, ,1905,2,2,2, , ,3,Y, , , , ,227968, , , ,2,2,0,0,0,0,0,0,0,0,0,1,1,0,1,0,0,0,0,1,0,0,0,0,0,0,0,0,0,0,0,0,0,0,0,4,0,40.0205,-75.1924, , 
 ,21841,2016129226,6,67,67301,2016,11,5,1657,16,1,1,0,4,1, , ,N,1,3,0,3,0,1,4,2,N, ,39 55:44.346,75 09:13.013,1710, ,1701, ,0, , , ,3, , , , , ,227978, , , ,2,2,0,0,0,0,0,0,0,0,0,1,1,0,0,0,0,0,0,0,1,0,0,0,0,0,0,0,0,0,0,0,0,0,0,4,0,39.929,-75.1536, , 
 ,21842,2016126121,6,67,67301,2016,11,6,911,9,1,1,0,1,1, , ,N,0,0,0,3,0,1,4,3,N, ,39 59:30.949,75 14:02.417,927, ,923, ,0, , , ,0, , , , , ,228028, , , ,3,2,0,0,0,0,1,0,0,0,0,1,1,0,0,0,0,0,0,0,2,0,0,0,0,0,0,0,0,0,0,0,0,0,0,4,0,39.9919,-75.234, , 
 ,21843,2016129317,6,67,67301,2016,11,5,1010,10,1,1,0,7,4, , ,N,0,0,0,3,0,1,1,1,N,N,39 55:08.905,75 14:48.603,1015, ,1014, ,0, , , ,0, , , , , ,231077, , , ,1,0,0,0,0,0,0,1,0,0,0,1,1,0,0,0,0,0,0,0,0,0,0,0,0,0,0,0,0,0,0,0,0,0,0,4,0,39.9191,-75.2468, , 
 ,21844,2017023681,6,67,67301,2016,12,6,1600,16,1,1,0,4,1, , ,N,2,0,0,3,0,1,5,2,N,N,40 01:13.039,75 09:46.119,0, ,0, ,0, ,N, ,0, , , , , ,231099, , , ,2,2,0,0,0,0,0,0,0,0,0,0,1,1,0,0,0,0,0,0,1,0,0,0,0,0,0,0,0,0,0,0,0,0,0,8,0,40.0203,-75.1628, , 
 ,21845,2016126107,6,67,67301,2016,11,7,9999,99,1,1,0,8,1, , ,N,1,2,0,3,0,2,3,3,N, ,40 00:14.047,75 08:57.044,1254, ,1247, ,0, , , ,3, , , , , ,231158, , , ,1,1,0,0,0,0,0,0,0,0,0,1,2,1,0,0,0,0,0,0,0,0,0,1,0,0,0,0,0,0,0,0,2,0,0,4,0,40.0039,-75.1492, , 
 ,21846,2016129551,6,46,46108,2016,11,6,1737,17,3,1,0,1,1, , ,N,0,2,0,3,0,1,6,2,N,N,40 05:12.348,75 12:47.191,1739, ,1737, ,0, ,N, ,3, , , , , ,231163, , , ,2,2,0,0,0,0,0,0,0,0,0,0,1,1,0,0,0,0,1,0,0,0,0,0,0,0,0,0,0,0,0,0,0,0,0,8,0,40.0868,-75.2131, , 
 ,21847,2016135714,6,67,67301,2016,12,2,1231,12,1,1,0,5,1, , ,N,0,0,0,3,0,1,3,2,N,N,40 02:57.600,75 04:04.196,1237, ,1235,1,1,1,N, ,0,N, , , , ,231170, , , ,2,2,0,0,0,0,0,0,0,0,0,1,1,0,0,0,0,0,0,0,1,0,0,1,0,0,0,0,0,0,0,0,0,0,0,4,0,40.0493,-75.0678, , 
 ,21848,2016135790,6,67,67301,2016,12,5,2002,20,3,1,0,8,1, , ,N,0,0,0,3,0,1,2,2,N,N,40 02:10.114,75 03:52.112,2017, ,2017, ,0, ,N, ,0, , , , , ,231183, , , ,1,1,0,0,0,0,0,0,0,0,1,0,1,0,1,0,0,0,0,0,0,0,0,0,0,0,0,0,0,0,0,0,1,0,0,3,0,40.0361,-75.0645, , 
 ,21849,2016100631,6,67,67301,2016,9,4,1550,15,1,2,1,1,1, , ,N,7,0,2,3,0,3,4,2,N,N,39 55:56.854,75 12:00.596,1610, ,1550, ,0, , , ,0, , , , , ,231191, , , ,2,2,0,0,0,0,0,0,0,0,0,2,3,1,0,0,0,0,0,0,1,0,0,0,0,0,0,0,0,0,0,0,0,0,0,4,0,39.9325,-75.2002, , 
 ,21850,2016105517,6,67,67301,2016,9,3,1650,16,1,1,0,8,1, , ,N,5,2,0,3,0,1,2,2,N, ,39 57:31.435,75 09:18.489,1705, ,1700, ,0, , , ,3, , , , , ,231205, , , ,1,1,0,0,0,0,0,0,0,0,0,1,1,0,0,0,0,0,0,0,0,0,0,1,0,0,0,0,0,0,0,0,1,0,0,4,0,39.9587,-75.1551, , 
 ,21851,2016138266,6,67,67301,2016,12,3,1134,11,1,1,0,4,1, , ,N,1,3,0,3,0,1,2,2,N,N,39 56:23.452,75 09:30.455,1148, ,1148, ,0, ,N, ,3, , , , , ,231219, , , ,2,2,0,0,0,0,0,0,0,0,0,1,1,0,0,0,0,0,0,0,0,1,0,0,0,0,0,0,0,0,0,0,0,0,0,4,0,39.9398,-75.1585, , 
 ,21852,2016112219,6,67,67301,2016,10,6,810,8,1,1,0,8,1, , ,N,1,2,0,3,0,2,3,3,N,N,40 04:13.595,75 04:42.196,2030, ,2100, ,0, ,N, ,3, , , , , ,231259, , , ,1,0,0,0,0,0,0,1,0,1,1,0,2,0,0,0,0,1,0,0,0,0,0,0,0,0,0,0,0,0,0,0,2,0,1,2,0,40.0704,-75.0784, , 
 ,21853,2016120503,6,67,67301,2016,10,7,258,2,3,1,0,5,6, , ,N,0,0,0,3,0,0,1,4,N,N,39 55:55.840,75 08:51.255,301, ,300, ,0, ,N, ,0, , , , , ,231267, , , ,4,4,0,0,0,0,0,0,0,0,0,0,0,0,0,0,0,0,0,0,0,0,0,0,0,0,0,0,0,0,0,0,0,0,0,0,0,39.9322,-75.1476, , 
 ,21854,2016136745,6,67,67301,2016,12,1,545,5,3,2,1,7,5, , ,N,0,0,0,3,0,1,1,1,N,N,39 58:36.358,75 11:51.677,550, ,545,1,1,3, , ,0,N, , , , ,231276, , , ,1,1,0,0,0,0,0,0,0,0,0,0,1,1,0,0,0,0,0,0,0,0,0,0,0,0,0,0,0,0,0,0,0,0,0,8,0,39.9768,-75.1977, , 
 ,21855,2016087663,6,67,67301,2016,8,7,1820,18,1,1,0,8,1, , ,N,3,0,0,3,0,1,2,2,N,N,40 01:38.773,75 07:14.771,1846, ,1820, ,0, ,N, ,0, , , , , ,231280, , , ,1,1,0,0,0,0,0,0,0,0,0,1,1,0,0,0,0,0,0,0,0,0,0,1,0,0,0,0,0,0,0,0,1,0,0,4,0,40.0274,-75.1208, , 
 ,21856,2016096638,6,67,67301,2016,9,7,1310,13,1,1,0,1,1, , ,N,0,0,0,3,0,1,6,4,N,N,40 03:18.762,75 05:08.948,1320, ,1315,2,2,2,N, ,0,Y, , , , ,231283, , , ,4,4,0,0,0,0,0,0,0,0,0,1,1,0,0,0,0,0,0,0,1,0,0,0,0,0,0,0,0,0,0,0,0,0,0,4,0,40.0552,-75.0858, , 
 ,21857,2016092103,6,67,67301,2016,8,3,1000,10,1,1,0,4,1, , ,N,1,2,0,3,0,1,2,2,N,N,39 57:58.791,75 13:00.094,1000, ,1000, ,0, ,N, ,3, , , , , ,231287, , , ,2,0,0,0,0,0,2,0,0,0,0,0,1,1,0,0,0,0,0,0,0,0,0,2,0,0,0,0,0,0,0,0,0,0,0,8,0,39.9663,-75.2167, , 
 ,21858,2017018933,6,67,67301,2016,6,4,1530,15,1,1,0,4,1, , ,N,1,2,0,3,0,1,2,2,N,N,40 01:50.664,75 07:20.636,0, ,0, ,0, ,N, ,3, , , , , ,231332, , , ,2,1,0,0,0,0,0,1,0,0,0,0,1,1,0,0,0,0,0,0,0,0,0,0,0,0,0,0,0,0,0,0,0,0,0,8,0,40.0307,-75.1224, , 
 ,21859,2017021863,6,67,67301,2016,6,6,1945,19,3,1,0,5,1, , ,N,0,0,0,3,0,1,2,2,N,N,39 56:47.038,75 14:15.317,0, ,0, ,0, ,N, ,0, , , , , ,231335, , , ,2,0,0,0,0,0,1,1,0,0,0,0,1,1,0,0,0,0,0,0,1,0,0,2,0,0,0,0,0,0,0,0,0,0,0,8,0,39.9464,-75.2376, , 