wz_ln_closure,objectid_1,crn,district,county,municipality,crash_year,crash_month,day_of_week,time_of_day,hour_of_day,illumination,weather,road_condition,collision_type,relation_to_road,work_zone_type,work_zone_loc,work_zone_ind,intersect_type,tcd_type,location_type,urban_rural,fatal_count,injury_count,person_count,total_units,sch_bus_ind,sch_zone_ind,latitude,longitude,arrival_tm,cons_zone_spd_lim,dispatch_tm,est_hrs_closed,lane_closed,ln_close_dir,ntfy_hiwy_maint,spec_juris_cd,tcd_func_cd,tfc_detour_ind,workers_pres,wz_close_detour,wz_flagger,wz_law_offcr_ind,objectid,wz_moving,wz_other,wz_shlder_mdn,vehicle_count,automobile_count,motorcycle_count,bus_count,small_truck_count,heavy_truck_count,suv_count,van_count,bicycle_count,maj_inj_count,mod_inj_count,min_inj_count,tot_inj_count,unk_inj_deg_count,unk_inj_per_count,driver_count_16yr,driver_count_17yr,driver_count_18yr,driver_count_19yr,driver_count_20yr,driver_count_50_64yr,driver_count_65_74yr,driver_count_75plus,unbelted_occ_count,unb_death_count,unb_maj_inj_count,belted_death_count,belted_maj_inj_count,mcycle_death_count,mcycle_maj_inj_count,bicycle_death_count,bicycle_maj_inj_count,ped_count,ped_death_count,ped_maj_inj_count,max_severity_level,comm_veh_count,dec_lat,dec_long,rdwy_surf_type_cd,county_name
 ,21860,2016133266,6,67,67301,2016,11,7,1609,16,1,1,0,1,1, , ,N,0,0,0,3,0,1,6,3,N,N,39 57:26.650,75 09:29.968,1619, ,1609,1,1,4, , ,0,N, , , , ,231353, , , ,3,3,0,0,0,0,0,0,0,0,0,0,1,1,0,0,0,0,0,0,0,0,0,0,0,0,0,0,0,0,0,0,0,0,0,8,0,39.9574,-75.1583, , 
 ,21861,2016069104,6,67,67301,2016,7,1,950,9,1,1,0,7,2, , ,N,0,0,0,3,0,0,2,1,N,N,39 59:56.140,75 11:43.385,1013, ,1000, ,0, , , ,0, , , , , ,234450, , , ,1,0,0,0,0,0,0,1,0,0,0,0,0,0,0,0,0,0,0,0,0,0,0,0,0,0,0,0,0,0,0,0,0,0,0,0,0,39.9989,-75.1954, , 
 ,21862,2016084210,6,67,67301,2016,8,5,649,6,1,1,0,1,3, , ,N,0,0,0,3,0,0,2,2,N,N,40 00:33.519,75 03:58.104,710, ,649,2,1,1, , ,0,N, , , , ,234460, , , ,2,1,0,0,1,0,0,0,0,0,0,0,0,0,0,0,0,0,0,0,0,0,0,0,0,0,0,0,0,0,0,0,0,0,0,0,0,40.0093,-75.0661, , 
 ,21863,2017005219,6,67,67301,2016,12,5,210,2,3,1,0,4,1, , ,N,3,3,0,3,0,0,1,3,N,N,39 58:16.683,75 11:03.080,813, ,803, ,0, , , ,3, , , , , ,234462, , , ,3,3,0,0,0,0,0,0,0,0,0,0,0,0,0,0,0,0,0,0,0,0,0,0,0,0,0,0,0,0,0,0,0,0,0,0,0,39.9713,-75.1842, , 
 ,21864,2016045728,6,67,67301,2016,4,7,9999,99,3,1,0,1,6, , ,N,0,0,0,3,0,0,1,2,N,N,39 58:58.965,75 07:38.852,324, ,324, ,0, ,N, ,0, , , , , ,234468, , , ,2,1,0,0,0,0,1,0,0,0,0,0,0,0,0,0,0,0,0,0,1,0,0,0,0,0,0,0,0,0,0,0,0,0,0,0,0,39.983,-75.1275, , 
N,21865,2016069887,6,67,67301,2016,6,5,605,6,1,1,0,1,1,1,4,Y,0,0,0,3,0,0,3,3,N,N,40 01:53.397,75 01:17.578,627,55,607,1,1,2, , ,0,N,Y,N,N,N,234485,N,N,Y,3,0,0,0,2,0,1,0,0,0,0,0,0,0,0,0,0,0,0,0,0,0,0,1,0,0,0,0,0,0,0,0,0,0,0,0,0,40.0315,-75.0215, , 
 ,21866,2016078964,6,67,67301,2016,7,7,625,6,1,1,0,0,1, , ,N,0,0,0,3,0,2,2,1,N,N,40 02:16.907,75 00:40.743,645, ,629, ,0, , , ,0, , , , , ,234491, , , ,1,1,0,0,0,0,0,0,0,0,0,1,2,1,0,0,0,0,0,0,1,0,0,0,0,0,0,0,0,0,0,0,0,0,0,4,0,40.038,-75.0113, , 
 ,21867,2016080417,6,67,67301,2016,6,5,2120,21,3,2,1,7,4, , ,N,0,0,0,3,0,2,4,1,N,N,40 03:18.382,75 09:34.716,2123, ,2121, ,0, ,N, ,0, , , , , ,234493, , , ,1,1,0,0,0,0,0,0,0,0,0,0,2,2,0,0,0,0,0,1,0,0,0,0,0,0,0,0,0,0,0,0,0,0,0,8,0,40.0551,-75.1596, , 
 ,21868,2016096633,6,67,67301,2016,9,7,2045,20,2,1,0,5,6, , ,N,0,0,0,3,0,0,1,3,N,N,39 56:54.971,75 14:00.162,2105, ,2045,2,2,5,N, ,0,Y, , , , ,234507, , , ,3,3,0,0,0,0,0,0,0,0,0,0,0,0,0,0,0,0,0,0,0,0,0,0,0,0,0,0,0,0,0,0,0,0,0,0,0,39.9486,-75.2334, , 
 ,21869,2016062636,6,67,67301,2016,5,1,1542,15,1,1,0,4,1, , ,N,1,3,0,3,0,1,2,2,N,N,39 59:33.021,75 07:50.005,1600, ,1542, ,0, ,N, ,3, , , , , ,234513, , , ,1,1,0,0,0,0,0,0,1,0,0,1,1,0,0,0,0,0,0,0,0,0,1,1,0,0,0,0,0,0,0,0,0,0,0,4,0,39.9925,-75.1306, , 
 ,21870,2016080853,6,67,67301,2016,7,6,2318,23,3,1,0,4,1, , ,N,1,2,0,3,0,1,2,2,N,N,40 01:36.832,75 05:50.065,2335, ,2318, ,0, ,N, ,3, , , , , ,234522, , , ,1,1,0,0,0,0,0,0,1,0,0,1,1,0,0,0,0,0,0,0,0,0,0,0,0,0,0,0,0,0,0,0,0,0,0,4,0,40.0269,-75.0972, , 
 ,21871,2016120500,6,67,67301,2016,10,4,1615,16,1,1,0,4,1, , ,N,1,2,0,3,0,1,3,2,N, ,39 59:56.692,75 13:51.077,1715, ,1715, ,0, , , ,3, , , , , ,234545, , , ,2,1,0,0,0,0,1,0,0,0,0,1,1,0,0,0,0,0,0,0,0,0,0,0,0,0,0,0,0,0,0,0,0,0,0,4,0,39.9991,-75.2309, , 
 ,21872,2016082223,6,67,67301,2016,7,3,655,6,1,1,0,4,1, , ,N,1,2,0,3,0,2,5,2,N,N,40 02:05.146,75 04:15.791,710, ,700,1,2,1,N, ,3,Y, , , , ,234563, , , ,2,1,0,0,0,0,0,1,0,0,0,2,2,0,0,0,0,0,0,0,0,0,0,0,0,0,0,0,0,0,0,0,0,0,0,4,0,40.0348,-75.0711, , 
 ,21873,2016106315,6,67,67301,2016,9,7,206,2,3,1,0,5,6, , ,N,0,0,0,3,0,1,1,2,N,N,39 59:12.374,75 08:33.794,209, ,207,2,2,1,N, ,0,Y, , , , ,234572, , , ,2,0,0,0,0,0,2,0,0,1,0,0,1,0,0,0,0,0,0,0,0,0,0,0,0,0,0,0,0,0,0,0,0,0,0,2,0,39.9868,-75.1427, , 
 ,21874,2016117128,6,67,67301,2016,10,1,1640,16,1,1,0,4,1, , ,N,0,0,0,3,0,1,2,2,N,N,40 02:20.710,75 02:42.018,1705, ,1700,1,1,3,N, ,0,N, , , , ,234585, , , ,2,1,0,0,1,0,0,0,0,0,0,1,1,0,0,0,0,0,0,0,1,0,0,0,0,0,0,0,0,0,0,0,0,0,0,4,0,40.0391,-75.045, , 
 ,21875,2016135654,6,67,67301,2016,11,7,2312,23,6,1,0,4,1, , ,N,1,3,0,3,0,1,3,2,N,N,39 56:53.332,75 14:44.566,2337, ,2332, ,0, ,N, ,3, , , , , ,234588, , , ,2,2,0,0,0,0,0,0,0,0,0,0,1,1,0,0,0,1,0,0,0,1,0,0,0,0,0,0,0,0,0,0,0,0,0,8,0,39.9481,-75.2457, , 
 ,21876,2017016411,6,67,67301,2016,3,4,700,7,1,1,0,4,1, , ,N,2,3,0,3,0,2,3,2,N,N,40 03:03.142,75 08:40.487,0, ,0, ,0, ,N, ,3, , , , , ,234600, , , ,2,0,0,0,1,0,0,0,0,0,2,0,2,0,0,0,0,0,0,0,1,0,0,0,0,0,0,0,0,0,0,0,0,0,0,3,0,40.0509,-75.1446, , 
 ,21877,2016062580,6,67,67301,2016,5,2,1350,13,1,1,0,4,1, , ,N,1,2,0,3,0,1,3,2,N,N,39 57:13.719,75 09:59.863,1400, ,1347,4,2,3,N, ,3,Y, , , , ,234607, , , ,2,0,0,0,0,0,2,0,0,0,0,0,1,1,0,0,0,0,0,0,1,0,0,2,0,0,0,0,0,0,0,0,0,0,0,8,0,39.9538,-75.1666, , 
 ,21878,2016080470,6,67,67301,2016,7,6,1047,10,1,1,0,4,1, , ,N,1,2,0,3,0,3,3,2,N,N,40 00:11.788,75 09:57.272,1053, ,1051, ,0, ,N, ,3, , , , , ,234624, , , ,2,2,0,0,0,0,0,0,0,0,0,0,3,3,0,0,0,0,0,0,0,0,0,1,0,0,0,0,0,0,0,0,0,0,0,8,0,40.0033,-75.1659, , 
 ,21879,2016085981,6,67,67301,2016,7,1,2349,23,3,1,0,7,4, , ,N,0,0,0,3,0,3,3,1,N,N,39 56:55.036,75 11:09.553,2358, ,2350,1,1,3, , ,0,N, , , , ,234630, , , ,1,1,0,0,0,0,0,0,0,0,0,0,3,3,0,0,0,0,0,0,0,0,0,1,0,0,0,0,0,0,0,0,0,0,0,8,0,39.9486,-75.186, , 
 ,21880,2016120484,6,67,67301,2016,10,6,1820,18,4,1,0,5,1, , ,N,0,0,0,3,0,1,2,2,N,N,40 02:07.955,75 06:50.301,1951, ,1950, ,0, ,N, ,0, , , , , ,239203, , , ,2,2,0,0,0,0,0,0,0,0,0,0,1,1,0,0,0,0,0,0,0,0,0,0,0,0,0,0,0,0,0,0,0,0,0,8,0,40.0355,-75.114, , 
 ,21881,2016132119,6,67,67301,2016,11,5,1923,19,3,1,0,4,1, , ,N,1,2,0,3,0,2,3,2,N,N,40 00:57.319,75 07:46.466,2026, ,2020, ,0, , , ,3, , , , , ,239204, , , ,2,1,0,0,0,0,0,1,0,0,0,2,2,0,0,0,0,0,0,0,0,0,0,0,0,0,0,0,0,0,0,0,0,0,0,4,0,40.0159,-75.1296, , 
 ,21882,2016131055,6,67,67301,2016,11,3,750,7,1,1,0,6,1, , ,N,1,9,0,3,0,1,2,2,N, ,40 01:41.728,75 06:35.304,829, ,753, ,0, , , ,9, , , , , ,239212, , , ,1,1,0,0,0,0,0,0,1,0,0,1,1,0,1,0,0,0,0,0,0,1,0,0,0,0,0,0,0,0,0,0,0,0,0,4,0,40.0283,-75.1098, , 
 ,21883,2017003634,6,67,67301,2016,12,3,9999,99,1,1,0,4,1, , ,N,1,2,0,3,0,2,2,2,N,Y,40 00:20.131,75 06:11.812,817, ,817,9,1,1,N, ,3,N, , , , ,239229, , , ,2,1,0,0,0,0,0,1,0,0,0,0,2,2,0,0,0,0,0,0,1,1,0,1,0,0,0,0,0,0,0,0,0,0,0,8,0,40.0056,-75.1033, , 
 ,21884,2016058597,6,67,67301,2016,5,2,1944,19,1,1,0,4,1, , ,N,1,3,0,3,0,2,2,2,N,N,39 55:29.650,75 14:17.483,1945, ,1944,2,2,6, , ,3,Y, , , , ,239240, , , ,2,2,0,0,0,0,0,0,0,1,0,1,2,0,0,0,0,0,0,0,1,0,0,1,0,0,0,1,0,0,0,0,0,0,0,2,0,39.9249,-75.2382, , 
 ,21885,2016075412,6,67,67301,2016,7,6,2316,23,3,1,0,1,1, , ,N,0,0,0,3,0,3,4,3,N,N,39 58:48.872,75 12:19.603,2317, ,2317, ,0, , , ,0, , , , , ,239251, , , ,3,0,0,0,2,0,0,0,0,0,3,0,3,0,1,0,0,0,0,0,1,0,0,0,0,0,0,0,0,0,0,0,0,0,0,3,0,39.9802,-75.2054, , 
 ,21886,2016080538,6,67,67301,2016,6,4,244,2,3,1,0,4,1, , ,N,1,2,0,3,0,1,2,2,N,N,39 56:40.686,75 10:24.538,245, ,244, ,0, ,N, ,3, , , , , ,239252, , , ,1,1,0,0,0,0,0,0,1,0,0,1,1,0,0,0,0,0,0,0,1,0,0,0,0,0,0,0,0,0,0,0,0,0,0,4,0,39.9446,-75.1735, , 
 ,21887,2016108222,6,67,67301,2016,10,3,1524,15,1,1,0,1,1, , ,N,0,0,0,3,0,0,2,2,N,N,40 01:10.383,75 02:43.165,1639, ,1527, ,0, , , ,0, , , , , ,239266, , , ,2,1,0,0,0,0,1,0,0,0,0,0,0,0,0,0,0,0,0,0,1,0,0,0,0,0,0,0,0,0,0,0,0,0,0,0,0,40.0196,-75.0453, , 
 ,21888,2016063922,6,67,67301,2016,6,3,2019,20,3,1,0,5,6, , ,N,0,0,0,3,0,1,3,2,N,N,39 59:55.814,75 07:45.186,2021, ,2019,1,1,1,N, ,0,Y, , , , ,239285, , , ,2,1,0,0,0,0,1,0,0,0,1,0,1,0,0,0,0,0,0,0,0,0,0,0,0,0,0,0,0,0,0,0,0,0,0,3,0,39.9988,-75.1292, , 
 ,21889,2016064037,6,67,67301,2016,6,2,1155,11,1,1,0,4,1, , ,N,1,2,0,3,0,1,4,2,N,N,40 02:34.512,75 10:19.919,1255, ,1250,2,2,4,N, ,3,Y, , , , ,239286, , , ,2,0,0,0,0,0,2,0,0,0,0,0,1,1,0,0,0,0,0,0,0,0,0,0,0,0,0,0,0,0,0,0,0,0,0,8,0,40.0429,-75.1722, , 
 ,21890,2016070643,6,67,67301,2016,6,6,1725,17,1,1,0,4,1, , ,N,2,0,0,3,0,5,5,2,N,N,39 57:52.225,75 09:39.635,1732, ,1730, ,0, ,N, ,0, , , , , ,239290, , , ,2,1,0,0,0,0,1,0,0,0,0,5,5,0,0,0,0,0,0,0,0,0,0,3,0,0,0,0,0,0,0,0,0,0,0,4,0,39.9644,-75.1609, , 
 ,21891,2016082388,6,67,67301,2016,7,1,9999,99,3,9,1,1,1, , ,N,0,0,0,3,0,0,2,2,N, ,40 00:36.314,75 11:10.208,150, ,146, ,0, , , ,0, , , , , ,239300, , , ,2,2,0,0,0,0,0,0,0,0,0,0,0,0,0,0,0,0,0,0,1,0,0,0,0,0,0,0,0,0,0,0,0,0,0,0,0,40.0101,-75.1862, , 
 ,21892,2016100549,6,67,67301,2016,9,4,1853,18,1,1,0,1,1, , ,N,7,3,2,3,0,1,2,2,N,N,39 57:34.049,75 10:28.169,1905, ,1853, ,0, , , ,3, , , , , ,239305, , , ,2,1,0,0,0,0,1,0,0,0,1,0,1,0,0,0,0,0,0,0,1,0,0,0,0,0,0,0,0,0,0,0,0,0,0,3,0,39.9595,-75.1745, , 
 ,21893,2016099609,6,67,67301,2016,9,5,1106,11,1,1,0,1,1, , ,N,0,0,0,3,0,1,3,2,N, ,39 57:12.622,75 09:11.044,1117, ,1110, ,0, , , ,0, , , , , ,239307, , , ,2,0,0,0,0,1,1,0,0,0,0,1,1,0,0,0,0,0,0,0,2,0,0,0,0,0,0,0,0,0,0,0,0,0,0,4,1,39.9535,-75.1531, , 
 ,21894,2016099535,6,67,67301,2016,9,6,1515,15,1,1,0,8,1, , ,N,1,3,0,3,0,1,2,2,N, ,39 58:24.024,75 14:05.125,1850, ,1844, ,0, , , ,3, , , , , ,239308, , , ,1,0,0,0,0,0,1,0,0,0,0,1,1,0,0,0,0,0,0,0,0,0,0,0,0,0,0,0,0,0,0,0,1,0,0,4,0,39.9733,-75.2348, , 
 ,21895,2016109051,6,67,67301,2016,10,3,603,6,5,1,0,1,6, , ,N,0,0,0,3,0,0,1,2,N,N,39 57:30.621,75 14:16.714,614, ,607, ,0, ,N, ,0, , , , , ,239313, , , ,2,1,0,0,0,0,0,1,0,0,0,0,0,0,0,0,0,0,0,0,0,1,0,0,0,0,0,0,0,0,0,0,0,0,0,0,0,39.9585,-75.238, , 
 ,21896,2016111999,6,67,67301,2016,10,2,1407,14,1,1,0,7,2, , ,N,0,0,2,3,0,0,1,1,N,N,39 54:29.800,75 09:12.700,1407, ,1407,1,1,3,N, ,0,N, , , , ,239317, , , ,1,1,0,0,0,0,0,0,0,0,0,0,0,0,0,0,0,0,0,0,0,0,0,0,0,0,0,0,0,0,0,0,0,0,0,0,0,39.9083,-75.1535, , 
 ,21897,2016129355,6,67,67301,2016,11,5,1223,12,1,1,0,8,1, , ,N,1,2,0,3,0,1,2,2,N,N,39 57:10.730,75 10:06.316,1226, ,1223, ,0, ,N, ,3, , , , , ,239324, , , ,1,1,0,0,0,0,0,0,0,0,1,0,1,0,0,0,0,0,0,0,0,0,0,1,0,0,0,0,0,0,0,0,1,0,0,3,0,39.953,-75.1685, , 
 ,21898,2017001735,6,67,67301,2016,12,2,1424,14,1,1,0,1,1, , ,N,0,0,0,3,0,2,4,2,N,N,39 58:48.191,75 12:18.555,1424, ,1424, ,0, , , ,0, , , , , ,228065, , , ,2,1,0,0,0,0,1,0,0,0,2,0,2,0,0,0,1,0,0,0,0,1,0,0,0,0,0,0,0,0,0,0,0,0,0,3,0,39.9801,-75.2052, , 
 ,21899,2016117754,6,67,67301,2016,10,1,1542,15,1,1,0,8,1, , ,N,0,0,0,3,0,2,3,3,N,N,39 57:48.310,75 10:47.894,1550, ,1549, ,0, ,N, ,0, , , , , ,228085, , , ,1,1,0,0,0,0,0,0,0,0,0,2,2,0,0,0,0,0,0,0,1,0,0,0,0,0,0,0,0,0,0,0,2,0,0,4,0,39.9634,-75.18, , 
 ,21900,2016108600,6,67,67301,2016,10,2,200,2,3,1,0,5,6, , ,N,0,0,0,3,0,1,1,3,N,N,40 06:02.890,74 58:04.720,215, ,205,3,2,5,N, ,0,Y, , , , ,228096, , , ,3,1,0,0,1,0,1,0,0,0,0,1,1,0,0,0,0,0,0,0,0,0,0,0,0,0,0,0,0,0,0,0,0,0,0,4,0,40.1008,-74.968, , 
 ,21901,2016131058,6,67,67301,2016,10,5,1910,19,3,1,0,8,1, , ,N,1,1,0,3,0,1,6,2,N, ,39 57:00.665,75 08:44.454,2045, ,2015,9,1,3, , ,3,N, , , , ,228110, , , ,1,0,0,0,0,0,0,1,0,0,0,0,1,1,0,0,0,0,0,0,0,0,0,0,0,0,0,0,0,0,0,0,1,0,0,8,0,39.9501,-75.1457, , 
 ,21902,2016126149,6,67,67301,2016,11,3,1549,15,1,1,0,8,1, , ,N,0,0,0,3,0,1,2,2,N,N,40 00:05.510,75 10:24.337,1848, ,1758, ,0, , , ,0, , , , , ,228139, , , ,1,1,0,0,0,0,0,0,0,0,0,0,1,1,0,0,0,0,0,0,0,0,0,1,0,0,0,0,0,0,0,0,1,0,0,8,0,40.0015,-75.1734, , 
 ,21903,2016112059,6,67,67301,2016,10,7,1947,19,3,1,0,4,1, , ,N,1,3,0,3,0,1,2,2,N,N,40 01:54.915,75 09:46.429,2154, ,2154, ,0, ,N, ,3, , , , , ,228153, , , ,2,0,0,0,0,0,2,0,0,0,0,1,1,0,0,0,0,0,0,0,1,0,0,1,0,0,0,0,0,0,0,0,0,0,0,4,0,40.0319,-75.1629, , 
 ,21904,2016112123,6,67,67301,2016,10,5,1750,17,1,1,0,7,4, , ,N,1,0,0,3,0,1,1,1,N,N,40 00:32.335,75 08:11.486,1750, ,1750, ,0, , , ,0, , , , , ,228154, , , ,1,0,0,0,0,0,1,0,0,0,0,0,1,1,0,0,0,0,0,0,0,0,0,0,0,0,0,0,0,0,0,0,0,0,0,8,0,40.009,-75.1365, , 
 ,21905,2016126749,6,67,67301,2016,12,5,1452,14,1,1,0,7,4, , ,N,0,0,0,3,0,0,1,1,N,N,39 57:53.595,75 08:16.463,1506, ,1452,2,2,2, , ,0,N, , , , ,228156, , , ,1,1,0,0,0,0,0,0,0,0,0,0,0,0,0,0,0,0,0,0,0,0,0,0,0,0,0,0,0,0,0,0,0,0,0,0,0,39.9649,-75.1379, , 
 ,21906,2016117146,6,67,67301,2016,10,7,240,2,3,1,0,4,1, , ,N,1,2,0,3,0,2,3,2,N,N,40 03:24.532,75 02:49.228,243, ,240, ,0, ,N, ,3, , , , , ,228157, , , ,2,2,0,0,0,0,0,0,0,0,0,0,2,2,0,0,0,0,0,0,1,0,0,0,0,0,0,0,0,0,0,0,0,0,0,8,0,40.0567,-75.0469, , 
 ,21907,2016132234,6,67,67301,2016,11,2,1910,19,3,8,0,4,1, , ,N,1,2,0,3,0,1,4,2,N, ,40 06:18.581,75 01:58.245,1920, ,1913,1,1,3, , ,3,N, , , , ,228161, , , ,2,1,0,0,0,0,1,0,0,0,0,1,1,0,0,0,1,0,0,0,1,0,0,0,0,0,0,0,0,0,0,0,0,0,0,4,0,40.1052,-75.0328, , 
 ,21908,2017005234,6,67,67301,2016,12,3,1740,17,3,1,0,5,1, , ,N,0,0,0,3,0,1,3,2,N,N,39 57:19.531,75 09:27.073,1759, ,1744, ,0, ,N, ,0, , , , , ,228178, , , ,2,1,0,0,0,1,0,0,0,0,0,0,1,1,0,0,0,0,0,0,0,0,0,0,0,0,0,0,0,0,0,0,0,0,0,8,1,39.9554,-75.1575, , 
 ,21909,2017023512,6,67,67301,2016,11,6,2230,22,3,1,0,4,1, , ,N,1,2,3,3,0,1,2,2,N,N,40 01:11.208,75 09:02.246,0, ,0, ,0, ,N, ,3, , , , , ,228180, , , ,2,1,0,0,0,0,1,0,0,0,1,0,1,0,1,0,0,0,0,0,1,0,0,0,0,0,0,0,0,0,0,0,0,0,0,3,0,40.0198,-75.1506, , 
 ,21910,2016117685,6,67,67301,2016,10,2,732,7,1,1,0,4,1, , ,N,1,2,0,3,0,1,2,2,N,N,39 57:25.376,75 14:45.124,733, ,733, ,0, ,N, ,3, , , , , ,228188, , , ,2,2,0,0,0,0,0,0,0,0,0,1,1,0,0,0,0,0,0,0,0,0,0,0,0,0,0,0,0,0,0,0,0,0,0,4,0,39.957,-75.2459, , 
 ,21911,2016138188,6,67,67301,2016,12,6,232,2,3,1,0,7,4, , ,N,0,0,0,3,0,1,1,1,N,N,40 00:20.735,75 05:55.408,236, ,232, ,0, ,N, ,0, , , , , ,228197, , , ,1,1,0,0,0,0,0,0,0,0,0,0,1,1,0,0,0,0,0,0,0,0,0,0,0,0,0,0,0,0,0,0,0,0,0,8,0,40.0058,-75.0987, , 
 ,21912,2016119143,6,67,67301,2016,10,3,1911,19,3,1,0,5,6, , ,N,0,0,0,3,0,0,1,4,N,N,39 55:07.592,75 09:21.939,1926, ,1926,3,2,4,N, ,0,Y, , , , ,228216, , , ,4,1,0,0,0,0,2,1,0,0,0,0,0,0,1,0,0,0,0,0,1,0,0,1,0,0,0,0,0,0,0,0,0,0,0,9,0,39.9188,-75.1561, , 
 ,21913,2016105377,6,67,67301,2016,10,4,930,9,1,1,0,0,1, , ,N,0,0,3,3,0,0,2,1,N,N,39 54:32.341,75 09:04.761,931, ,930,2,2,4,N, ,0,N, , , , ,228218, , , ,1,1,0,0,0,0,0,0,0,0,0,0,0,0,0,0,0,0,0,0,0,1,0,2,0,0,0,0,0,0,0,0,0,0,0,0,0,39.909,-75.1513, , 
 ,21914,2016131483,6,67,67301,2016,11,2,759,7,1,1,0,1,1, , ,N,0,0,0,3,0,0,2,2,N,N,39 57:27.582,75 09:01.230,818, ,810,1,1,3, , ,0,N, , , , ,228219, , , ,2,1,0,0,0,0,1,0,0,0,0,0,0,0,0,0,0,0,0,0,0,0,0,0,0,0,0,0,0,0,0,0,0,0,0,0,0,39.9577,-75.1503, , 
 ,21915,2016120048,6,67,67301,2016,10,6,8,0,3,1,1,7,4, , ,N,0,0,3,3,0,0,1,1,N,N,39 57:36.372,75 10:49.772,8, ,8, ,0, , , ,0, , , , , ,228243, , , ,1,1,0,0,0,0,0,0,0,0,0,0,0,0,0,0,0,0,0,0,0,0,0,0,0,0,0,0,0,0,0,0,0,0,0,0,0,39.9601,-75.1805, , 
 ,21916,2016120653,6,67,67301,2016,11,3,838,8,1,1,0,8,1, , ,N,1,1,0,3,0,1,2,2,N,N,40 00:55.051,75 08:13.761,850, ,849, ,0, ,N, ,3, , , , , ,228244, , , ,1,0,0,0,0,0,0,1,0,0,0,1,1,0,0,0,0,0,0,0,0,0,0,1,0,0,0,0,0,0,0,0,1,0,0,4,0,40.0153,-75.1372, , 
 ,21917,2016135700,6,67,67301,2016,11,4,1730,17,3,2,1,8,1, , ,N,1,3,0,3,0,1,2,2,N,N,39 55:03.072,75 09:56.897,1740, ,1739, ,0, ,N, ,3, , , , , ,231371, , , ,1,1,0,0,0,0,0,0,0,0,0,0,1,1,0,0,0,0,0,0,0,0,0,1,0,0,0,0,0,0,0,0,1,0,0,8,0,39.9175,-75.1658, , 
 ,21918,2016138181,6,67,67301,2016,12,2,1835,18,3,1,0,5,1, , ,N,4,2,0,3,0,1,3,2,N,N,40 03:23.087,75 01:44.916,1855, ,1850, ,0, ,N, ,3, , , , , ,231374, , , ,2,1,0,0,0,0,1,0,0,0,1,0,1,0,0,0,0,0,0,0,0,0,0,1,0,0,0,0,0,0,0,0,0,0,0,3,0,40.0564,-75.0291, , 
 ,21919,2016122569,6,67,67301,2016,11,2,1657,16,4,1,0,5,1, , ,N,0,0,3,3,0,5,6,2,N,N,39 54:52.300,75 11:21.100,1706, ,1657, ,0, ,N, ,0, , , , , ,231382, , , ,2,0,0,0,0,0,2,0,0,0,0,5,5,0,0,0,0,0,0,0,1,0,0,0,0,0,0,0,0,0,0,0,0,0,0,4,0,39.9145,-75.1892, , 
 ,21920,2016126049,6,67,67301,2016,11,6,432,4,3,1,0,5,1, , ,N,0,0,0,3,0,1,3,3,N,N,40 01:49.965,75 06:56.628,654, ,650,1,1,4,N, ,0,N, , , , ,231384, , , ,3,1,0,0,0,0,2,0,0,0,1,0,1,0,1,0,0,0,0,0,0,0,0,0,0,0,0,0,0,0,0,0,0,0,0,3,0,40.0305,-75.1157, , 
 ,21921,2016126093,6,67,67301,2016,11,2,2330,23,3,1,0,7,4, , ,N,0,0,0,3,0,1,1,1,N,N,39 57:53.504,75 10:42.851,2345, ,2335, ,0, ,N, ,0, , , , , ,231387, , , ,1,1,0,0,0,0,0,0,0,0,1,0,1,0,0,0,0,0,0,0,1,0,0,0,0,0,0,0,0,0,0,0,0,0,0,3,0,39.9649,-75.1786, , 
 ,21922,2016129220,6,67,67301,2016,11,3,1530,15,1,1,0,4,1, , ,N,1,2,0,3,0,1,2,2,N,N,39 59:22.684,75 06:26.572,1935, ,1924, ,0, ,N, ,9, , , , , ,231415, , , ,1,0,0,0,1,0,0,0,1,0,0,0,1,1,1,0,0,0,0,0,0,0,0,0,0,0,0,0,0,0,0,0,0,0,0,8,0,39.9896,-75.1074, , 
 ,21923,2016126104,6,67,67301,2016,11,5,2015,20,3,1,0,1,1, , ,N,0,0,0,3,0,1,3,2,N, ,40 00:44.748,75 08:21.941,2030, ,2030, ,0, , , ,0, , , , , ,231425, , , ,2,2,0,0,0,0,0,0,0,0,0,1,1,0,0,0,0,0,0,0,0,0,0,0,0,0,0,0,0,0,0,0,0,0,0,4,0,40.0124,-75.1394, , 
 ,21924,2016117123,6,67,67301,2016,10,5,1000,10,1,1,0,4,1, , ,N,0,0,7,3,0,0,2,2,N, ,40 02:38.421,75 14:07.004,1011, ,1005, ,0, , , ,0, , , , , ,231441, , , ,2,1,0,0,0,0,1,0,0,0,0,0,0,0,0,0,0,0,0,0,0,0,0,0,0,0,0,0,0,0,0,0,0,0,0,0,0,40.044,-75.2353, , 
 ,21925,2016132183,6,67,67301,2016,11,6,1745,17,1,1,0,1,1, , ,N,0,0,0,3,0,0,2,2,N,N,40 00:35.404,75 11:56.326,1800, ,1800,1,2,2,N, ,0,N, , , , ,231451, , , ,2,2,0,0,0,0,0,0,0,0,0,0,0,0,0,0,0,0,0,0,0,0,0,0,0,0,0,0,0,0,0,0,0,0,0,0,0,40.0098,-75.199, , 