wz_ln_closure,objectid_1,crn,district,county,municipality,crash_year,crash_month,day_of_week,time_of_day,hour_of_day,illumination,weather,road_condition,collision_type,relation_to_road,work_zone_type,work_zone_loc,work_zone_ind,intersect_type,tcd_type,location_type,urban_rural,fatal_count,injury_count,person_count,total_units,sch_bus_ind,sch_zone_ind,latitude,longitude,arrival_tm,cons_zone_spd_lim,dispatch_tm,est_hrs_closed,lane_closed,ln_close_dir,ntfy_hiwy_maint,spec_juris_cd,tcd_func_cd,tfc_detour_ind,workers_pres,wz_close_detour,wz_flagger,wz_law_offcr_ind,objectid,wz_moving,wz_other,wz_shlder_mdn,vehicle_count,automobile_count,motorcycle_count,bus_count,small_truck_count,heavy_truck_count,suv_count,van_count,bicycle_count,maj_inj_count,mod_inj_count,min_inj_count,tot_inj_count,unk_inj_deg_count,unk_inj_per_count,driver_count_16yr,driver_count_17yr,driver_count_18yr,driver_count_19yr,driver_count_20yr,driver_count_50_64yr,driver_count_65_74yr,driver_count_75plus,unbelted_occ_count,unb_death_count,unb_maj_inj_count,belted_death_count,belted_maj_inj_count,mcycle_death_count,mcycle_maj_inj_count,bicycle_death_count,bicycle_maj_inj_count,ped_count,ped_death_count,ped_maj_inj_count,max_severity_level,comm_veh_count,dec_lat,dec_long,rdwy_surf_type_cd,county_name
 ,22059,2017003706,6,67,67301,2016,12,4,1626,16,4,1,0,4,1, , ,N,0,2,7,3,0,2,3,2,N,N,40 06:05.448,75 00:21.920,1642, ,1630,2,2,2,N, ,3,Y, , , , ,228605, , , ,2,1,0,0,0,0,1,0,0,0,0,2,2,0,1,0,0,0,0,0,1,1,0,0,0,0,0,0,0,0,0,0,0,0,0,4,0,40.1015,-75.0061, , 
 ,22060,2016114274,6,67,67301,2016,10,7,800,8,2,1,0,1,1, , ,N,0,0,0,3,0,1,2,2,N,N,40 01:41.566,75 08:11.806,244, ,240, ,0, ,N, ,0, , , , , ,228627, , , ,2,1,0,0,0,0,0,0,0,0,1,0,1,0,0,0,0,0,0,0,0,0,0,0,0,0,0,0,0,0,0,0,0,0,0,3,0,40.0282,-75.1366, , 
 ,22061,2016138176,6,67,67301,2016,11,3,9999,99,1,2,1,6,1, , ,N,0,0,0,3,0,0,2,2,N,N,40 04:50.207,75 13:24.002,1031, ,1029,2,1,4,N, ,0,Y, , , , ,228640, , , ,2,1,0,0,0,0,1,0,0,0,0,0,0,0,0,0,0,0,0,0,1,0,1,0,0,0,0,0,0,0,0,0,0,0,0,0,0,40.0806,-75.2233, , 
 ,22062,2016083920,6,67,67301,2016,8,5,1847,18,1,1,0,1,1, , ,N,0,8,3,3,0,0,6,4,N,N,39 57:14.800,75 08:27.000,1848, ,1847,1,2,4,N, ,3,N, , , , ,228657, , , ,4,1,0,0,0,0,3,0,0,0,0,0,0,0,0,0,0,0,0,0,1,0,0,0,0,0,0,0,0,0,0,0,0,0,0,0,0,39.9541,-75.1408, , 
 ,22063,2016135740,6,67,67301,2016,11,4,1810,18,3,2,1,8,1, , ,N,1,2,0,3,0,1,2,2,N,N,40 01:01.180,75 11:17.957,2013, ,2010, ,0, , , ,3, , , , , ,231829, , , ,1,1,0,0,0,0,0,0,0,0,0,0,1,1,0,0,0,0,0,0,0,0,0,0,0,0,0,0,0,0,0,0,1,0,0,8,0,40.017,-75.1883, , 
 ,22064,2016117204,6,67,67301,2016,10,1,1100,11,1,1,0,4,1, , ,N,1,3,0,3,0,2,3,2,N, ,39 56:36.621,75 14:06.917,1205, ,1150, ,0, , , ,3, , , , , ,231841, , , ,2,2,0,0,0,0,0,0,0,0,0,0,2,2,1,0,0,0,0,0,0,0,1,0,0,0,0,0,0,0,0,0,0,0,0,8,0,39.9435,-75.2353, , 
 ,22065,2016132206,6,67,67301,2016,11,6,1900,19,2,2,1,8,1, , ,N,0,0,0,3,0,1,2,2,N,N,40 05:14.604,75 02:42.424,1925, ,1916, ,0, , , ,0, , , , , ,231850, , , ,1,1,0,0,0,0,0,0,0,0,0,1,1,0,0,0,0,0,0,0,0,1,0,1,0,0,0,0,0,0,0,0,1,0,0,4,0,40.0874,-75.0451, , 
 ,22066,2016132164,6,67,67301,2016,11,4,930,9,1,1,0,4,1, , ,N,1,3,0,3,0,2,3,2,N,N,40 02:45.250,75 06:21.711,936, ,933, ,0, ,N, ,3, , , , , ,231854, , , ,2,1,0,0,0,0,0,1,0,0,0,2,2,0,0,0,0,0,0,1,0,0,0,0,0,0,0,0,0,0,0,0,0,0,0,4,0,40.0459,-75.106, , 
 ,22067,2016123655,6,67,67301,2016,11,4,1643,16,3,1,0,1,1, , ,N,0,0,0,3,0,0,3,3,N,N,39 53:57.423,75 10:33.685,1706, ,1643,1,2,2, , ,0,N, , , , ,231863, , , ,3,2,0,0,0,0,1,0,0,0,0,0,0,0,0,0,0,0,0,0,0,0,0,0,0,0,0,0,0,0,0,0,0,0,0,0,0,39.8993,-75.176, , 
 ,22068,2016108655,6,67,67301,2016,10,1,1235,12,1,1,1,8,1, , ,N,0,0,0,3,0,1,2,2,N,N,40 02:09.653,75 10:29.825,1250, ,1240, ,0, ,N, ,0, , , , , ,231864, , , ,1,1,0,0,0,0,0,0,0,0,1,0,1,0,0,0,0,0,0,0,0,0,1,0,0,0,0,0,0,0,0,0,1,0,0,3,0,40.036,-75.175, , 
 ,22069,2016117712,6,67,67301,2016,10,6,1715,17,1,1,0,1,1, , ,N,1,3,0,3,0,1,5,2,N,N,39 55:06.949,75 10:27.519,1825, ,1820, ,0, ,N, ,3, , , , , ,231867, , , ,2,1,0,0,1,0,0,0,0,0,0,1,1,0,0,0,0,0,0,0,0,0,0,2,0,0,0,0,0,0,0,0,0,0,0,4,0,39.9186,-75.1743, , 
 ,22070,2016129259,6,67,67301,2016,11,7,126,1,3,1,0,4,1, , ,N,2,3,0,3,0,0,1,2,N,N,40 02:56.432,75 09:44.654,131, ,127,2,2,2,N, ,3,Y, , , , ,231871, , , ,2,2,0,0,0,0,0,0,0,0,0,0,0,0,1,0,0,0,0,0,0,0,0,1,0,0,0,0,0,0,0,0,0,0,0,9,0,40.049,-75.1624, , 
 ,22071,2016126086,6,67,67301,2016,11,2,622,6,5,1,0,4,1, , ,N,2,3,0,3,0,2,2,2,N,N,40 00:10.162,75 10:30.539,622, ,622,2,2,6,N, ,3,Y, , , , ,231878, , , ,2,2,0,0,0,0,0,0,0,0,0,1,2,1,0,0,0,0,0,0,0,0,0,0,0,0,0,0,0,0,0,0,0,0,0,4,0,40.0028,-75.1751, , 
 ,22072,2017007828,6,67,67301,2016,12,1,406,4,3,2,1,5,6, , ,N,0,0,0,3,0,0,1,4,N,N,39 57:32.221,75 14:29.650,430, ,429,2,1,4,N, ,0,N, , , , ,231883, , , ,4,3,0,0,0,0,0,1,0,0,0,0,0,0,0,0,0,0,0,0,0,0,0,0,0,0,0,0,0,0,0,0,0,0,0,0,0,39.959,-75.2416, , 
 ,22073,2016108588,6,67,67301,2016,10,3,1201,12,1,2,1,4,1, , ,N,1,2,0,3,0,1,2,2,N,N,39 59:02.306,75 11:10.881,1201, ,1201, ,0, ,N, ,3, , , , , ,231888, , , ,2,1,0,0,1,0,0,0,0,0,0,0,1,1,0,0,0,0,0,0,1,0,0,0,0,0,0,0,0,0,0,0,0,0,0,8,0,39.984,-75.1864, , 
 ,22074,2016089948,6,67,67301,2016,8,2,1720,17,4,1,0,8,1, , ,N,1,0,0,3,0,1,2,2,N,N,39 57:38.923,75 10:17.716,1941, ,720, ,0, , , ,0, , , , , ,231935, , , ,1,0,0,0,0,0,1,0,0,0,0,1,1,0,0,0,0,0,0,0,1,0,0,1,0,0,0,0,0,0,0,0,1,0,0,4,0,39.9608,-75.1716, , 
 ,22075,2016087677,6,67,67301,2016,8,4,1851,18,1,1,0,1,1, , ,N,0,0,0,3,0,1,2,2,N,N,40 01:12.461,75 09:04.852,1859, ,1851,1,1,2,N, ,0,N, , , , ,231936, , , ,2,1,0,0,0,0,0,1,0,0,0,1,1,0,0,0,0,0,0,0,0,0,1,0,0,0,0,0,0,0,0,0,0,0,0,4,0,40.0201,-75.1513, , 
 ,22076,2016105527,6,67,67301,2016,9,1,1605,16,1,1,0,4,1, , ,N,1,2,0,3,1,2,3,2,N,N,40 01:36.153,75 07:02.268,1620, ,1613,9,2,2,N,0,3,Y, , , , ,231939, , , ,2,1,1,0,0,0,0,0,0,0,0,2,2,0,0,0,0,0,0,0,0,0,0,0,0,0,0,0,1,0,0,0,0,0,0,1,0,40.0267,-75.1173,2, 
 ,22077,2016070903,6,67,67301,2016,6,3,838,8,1,1,0,1,1, , ,N,0,0,0,3,0,1,3,3,N,N,39 57:28.493,75 08:26.704,919, ,847, ,0, , , ,0, , , , , ,231953, , , ,3,1,0,0,0,0,1,1,0,0,0,0,1,1,0,0,0,0,0,0,0,0,0,0,0,0,0,0,0,0,0,0,0,0,0,8,0,39.9579,-75.1408, , 
 ,22078,2016126184,6,67,67301,2016,11,5,514,5,3,1,0,5,6, , ,N,0,0,0,3,0,1,1,2,N,N,40 00:27.180,75 05:55.187,520, ,516, ,0, ,N, ,0, , , , , ,231965, , , ,2,2,0,0,0,0,0,0,0,0,0,1,1,0,0,0,0,0,0,0,0,0,0,0,0,0,0,0,0,0,0,0,0,0,0,4,0,40.0076,-75.0987, , 
 ,22079,2017003628,6,67,67301,2016,12,2,123,1,3,2,1,1,1, , ,N,0,0,3,3,0,0,4,3,N,N,40 00:27.043,75 11:30.639,139, ,123,2,1,1,N, ,0,N, , , , ,231978, , , ,3,1,0,0,0,1,1,0,0,0,0,0,0,0,0,0,0,0,0,0,0,1,0,2,0,0,0,0,0,0,0,0,0,0,0,0,1,40.0075,-75.1918, , 
 ,22080,2017005197,6,67,67301,2016,12,1,1101,11,1,1,0,4,1, , ,N,0,0,7,3,0,1,7,3,N,N,40 06:43.686,75 01:36.969,1108, ,1105,1,1,2, , ,0,N, , , , ,231979, , , ,3,3,0,0,0,0,0,0,0,0,0,0,1,1,0,0,0,0,0,0,0,0,0,0,0,0,0,0,0,0,0,0,0,0,0,8,0,40.1121,-75.0269, , 
 ,22081,2016099658,6,67,67301,2016,7,6,9999,99,1,1,0,8,1, , ,N,1,3,0,3,0,1,2,2,N, ,39 59:03.285,75 09:53.474,1845, ,9999, ,0, , , ,3, , , , , ,234953, , , ,1,1,0,0,0,0,0,0,0,0,0,0,1,1,1,0,0,0,0,0,0,0,0,0,0,0,0,0,0,0,0,0,1,0,0,8,0,39.9842,-75.1649, , 
 ,22082,2016089943,6,67,67301,2016,8,2,1228,12,1,1,0,7,4, , ,N,0,0,0,3,0,0,1,1,N,N,40 04:29.680,75 03:22.107,1240, ,1231,1,1,1,N, ,0,N, , , , ,234955, , , ,1,0,0,0,0,0,1,0,0,0,0,0,0,0,0,0,0,0,0,0,0,0,0,0,0,0,0,0,0,0,0,0,0,0,0,0,0,40.0749,-75.0561, , 
 ,22083,2016097188,6,67,67301,2016,8,6,1237,12,1,1,0,4,1, , ,N,2,2,0,3,0,3,3,3,N,N,39 58:24.815,75 12:31.882,1345, ,1237, ,0, ,N, ,3, , , , , ,234956, , , ,3,2,0,0,0,0,0,1,0,0,0,0,3,3,0,0,0,0,0,0,2,0,0,0,0,0,0,0,0,0,0,0,0,0,0,8,0,39.9736,-75.2089, , 
 ,22084,2016085524,6,67,67301,2016,8,1,1245,12,1,1,0,4,1, , ,N,1,2,0,3,0,2,5,2,N,N,39 59:02.342,75 09:04.582,1251, ,1250,1,2,1,N, ,3,Y, , , , ,234958, , , ,2,0,0,0,0,0,2,0,0,0,0,0,2,2,0,0,0,0,0,0,0,1,0,0,0,0,0,0,0,0,0,0,0,0,0,8,0,39.984,-75.1513, , 
 ,22085,2016087165,6,67,67301,2016,8,1,1355,13,1,1,0,6,1, , ,N,0,0,0,3,2,0,3,3,N,N,40 01:18.513,75 11:58.954,1430, ,1359,3,2,7,N,0,0,Y, , , , ,234979, , , ,3,1,0,0,0,0,2,0,0,0,0,0,0,0,0,0,0,0,0,0,0,1,0,1,1,0,1,0,0,0,0,0,0,0,0,1,0,40.0218,-75.1997,2, 
 ,22086,2016080466,6,67,67301,2016,6,1,157,1,3,1,0,1,6, , ,N,0,0,0,3,0,0,1,3,N,N,40 00:34.793,75 11:35.651,207, ,203, ,0, ,N, ,0, , , , , ,234993, , , ,3,2,0,0,0,0,1,0,0,0,0,0,0,0,0,0,0,0,0,0,1,0,0,0,0,0,0,0,0,0,0,0,0,0,0,0,0,40.0097,-75.1932, , 
 ,22087,2016092088,6,67,67301,2016,8,1,1700,17,1,2,1,4,1, , ,N,1,2,0,3,0,1,2,2,N,N,40 00:16.318,75 07:55.437,1708, ,1705, ,0, , , ,3, , , , , ,235011, , , ,2,1,0,0,0,0,0,1,0,0,0,1,1,0,1,0,0,0,0,0,1,0,0,0,0,0,0,0,0,0,0,0,0,0,0,4,0,40.0045,-75.1321, , 
 ,22088,2016119285,6,67,67301,2016,11,6,1151,11,1,1,0,1,1, , ,N,0,0,0,3,0,0,3,3,N,N,39 57:36.066,75 10:44.233,1200, ,1151, ,0, , , ,0, , , , , ,235015, , , ,3,2,0,0,0,0,1,0,0,0,0,0,0,0,0,0,0,0,0,0,1,0,0,0,0,0,0,0,0,0,0,0,0,0,0,0,0,39.96,-75.179, , 
 ,22089,2016082335,6,67,67301,2016,7,2,23,0,3,1,0,7,5, , ,N,0,0,0,3,0,1,1,1,N,N,39 58:11.818,75 12:53.612,41, ,23,2,2,5,N, ,0,Y, , , , ,235017, , , ,1,0,0,0,0,0,1,0,0,0,0,0,1,1,0,0,0,0,0,0,0,0,0,1,0,0,0,0,0,0,0,0,0,0,0,8,0,39.9699,-75.2149, , 
 ,22090,2016129289,6,67,67301,2016,11,2,1417,14,1,1,0,5,1, , ,N,0,0,0,3,0,1,2,2,N, ,40 00:17.704,75 09:59.626,1420, ,1417, ,0, , , ,0, , , , , ,235021, , , ,2,1,0,0,0,1,0,0,0,0,0,1,1,0,0,0,0,0,0,0,1,0,0,0,0,0,0,0,0,0,0,0,0,0,0,4,1,40.0049,-75.1666, , 
 ,22091,2016106451,6,67,67301,2016,10,5,1611,16,1,1,0,1,1, , ,N,0,0,0,3,0,1,3,2,N,N,39 57:27.720,75 09:38.017,1630, ,1619, ,0, , , ,0, , , , , ,235027, , , ,2,1,0,0,0,0,0,1,0,0,1,0,1,0,1,0,0,0,0,0,1,0,0,0,0,0,0,0,0,0,0,0,0,0,0,3,0,39.9577,-75.1606, , 
 ,22092,2016110725,6,67,67301,2016,10,3,910,9,1,1,0,5,1, , ,N,0,0,0,3,0,1,2,2,N,N,39 57:36.517,75 10:48.233,917, ,913, ,0, , , ,0, , , , , ,235032, , , ,2,1,0,0,1,0,0,0,0,0,1,0,1,0,0,0,0,0,0,0,0,0,0,0,0,0,0,0,0,0,0,0,0,0,0,3,0,39.9601,-75.1801, , 
 ,22093,2017003700,6,67,67301,2016,12,4,1315,13,1,1,0,1,1, , ,N,1,2,0,3,0,0,2,2,N,N,39 54:20.727,75 11:38.377,1320, ,1319, ,0, ,N, ,3, , , , , ,235051, , , ,2,0,0,0,0,0,1,1,0,0,0,0,0,0,0,0,0,0,0,0,0,0,0,0,0,0,0,0,0,0,0,0,0,0,0,0,0,39.9057,-75.1938, , 
 ,22094,2016131053,6,67,67301,2016,11,1,2016,20,3,1,0,8,1, , ,N,0,0,0,3,0,1,5,3,N,N,39 58:30.788,75 15:38.088,2030, ,2020, ,0, ,N, ,0, , , , , ,235058, , , ,2,1,0,0,0,1,0,0,0,0,0,0,1,1,0,0,0,0,0,0,1,0,0,0,0,0,0,0,0,0,0,0,1,0,0,8,0,39.9752,-75.2606, , 
 ,22095,2016099511,6,67,67301,2016,9,6,932,9,1,1,0,4,1, , ,N,1,3,0,3,0,1,2,2,N,Y,40 01:27.084,75 05:04.199,1008, ,1002, ,0, , , ,3, , , , , ,235097, , , ,2,1,0,0,0,0,0,1,0,0,1,0,1,0,0,0,0,0,0,1,1,0,0,0,0,0,0,0,0,0,0,0,0,0,0,3,0,40.0242,-75.0845, , 
 ,22096,2016105904,6,67,67301,2016,9,5,1851,18,3,1,0,4,1, , ,N,2,2,0,3,0,0,2,2,N, ,40 02:25.153,75 12:51.058,1905, ,1859, ,0, , , ,3, , , , , ,235102, , , ,2,2,0,0,0,0,0,0,0,0,0,0,0,0,0,0,0,0,0,0,0,1,0,0,0,0,0,0,0,0,0,0,0,0,0,0,0,40.0403,-75.2142, , 
 ,22097,2016117708,6,67,67301,2016,10,6,1937,19,3,1,0,5,6, , ,N,0,0,0,3,0,1,1,4,N, ,39 56:11.515,75 13:09.382,1937, ,1937, ,0, , , ,0, , , , , ,235109, , , ,4,2,0,0,0,0,2,0,0,0,0,1,1,0,0,0,0,0,0,0,0,0,0,0,0,0,0,0,0,0,0,0,0,0,0,4,0,39.9365,-75.2193, , 
 ,22098,2016134664,6,67,67301,2016,12,6,1105,11,1,8,6,7,3, , ,N,0,0,0,3,0,0,1,1,N,N,39 57:24.616,75 09:17.356,1120, ,1120,2,1,3, , ,0,N, , , , ,235127, , , ,1,1,0,0,0,0,0,0,0,0,0,0,0,0,0,0,0,0,0,0,0,0,0,0,0,0,0,0,0,0,0,0,0,0,0,0,0,39.9568,-75.1548, , 
 ,22099,2016108118,6,67,67301,2016,10,4,1648,16,1,1,0,8,1, , ,N,1,3,0,3,0,1,3,2,N,N,39 58:35.025,75 09:04.697,1653, ,1650, ,0, ,N, ,3, , , , , ,235138, , , ,1,0,0,1,0,0,0,0,0,0,0,0,1,1,0,0,0,0,0,0,0,0,0,0,0,0,0,0,0,0,0,0,1,0,0,8,1,39.9764,-75.1513, , 
 ,22100,2016129537,6,67,67301,2016,11,4,650,6,1,1,0,8,1, , ,N,1,2,0,3,0,1,2,2,N, ,39 57:15.080,75 10:11.059,842, ,838, ,0, , , ,3, , , , , ,239341, , , ,1,0,0,0,0,0,1,0,0,0,1,0,1,0,1,0,0,0,0,0,0,0,0,0,0,0,0,0,0,0,0,0,1,0,0,3,0,39.9542,-75.1697, , 
 ,22101,2016114284,6,67,67301,2016,10,7,1725,17,1,2,1,4,1, , ,N,1,3,0,3,0,0,2,2,N, ,39 55:25.914,75 11:07.915,1732, ,1727, ,0, , , ,3, , , , , ,239364, , , ,2,2,0,0,0,0,0,0,0,0,0,0,0,0,0,0,0,0,0,1,1,0,0,0,0,0,0,0,0,0,0,0,0,0,0,0,0,39.9239,-75.1855, , 
 ,22102,2016120602,6,67,67301,2016,11,3,1855,18,3,1,0,8,1, , ,N,1,2,0,3,0,1,2,2,N,N,39 57:56.462,75 13:20.110,1859, ,1857, ,0, ,N, ,3, , , , , ,239365, , , ,1,1,0,0,0,0,0,0,0,0,1,0,1,0,0,0,0,0,0,0,0,0,1,0,0,0,0,0,0,0,0,0,1,0,0,3,0,39.9657,-75.2223, , 
 ,22103,2016119178,6,67,67301,2016,10,7,1120,11,1,1,0,4,1, , ,N,1,2,0,3,0,0,3,2,N,N,40 04:50.820,75 01:42.117,1135, ,1123,2,1,1,N, ,3,Y, , , , ,239387, , , ,2,2,0,0,0,0,0,0,0,0,0,0,0,0,0,0,0,0,0,0,0,0,1,0,0,0,0,0,0,0,0,0,0,0,0,0,0,40.0808,-75.0284, , 
 ,22104,2016080738,6,67,67301,2016,6,5,45,0,3,1,0,7,4, , ,N,0,0,0,3,0,1,1,3,N,N,39 55:56.563,75 10:07.941,100, ,55,9,2,2,N, ,0,Y, , , , ,239398, , , ,3,1,0,0,0,0,2,0,0,0,0,0,1,1,0,0,0,0,0,0,1,0,0,0,0,0,0,0,0,0,0,0,0,0,0,8,0,39.9324,-75.1689, , 
 ,22105,2016080340,6,67,67301,2016,7,1,1630,16,1,1,0,8,1, , ,N,1,2,0,3,0,2,3,3,N,N,39 56:43.252,75 09:05.795,1642, ,1638,1,1,2,N, ,3,N, , , , ,239406, , , ,1,0,0,0,0,0,0,1,0,0,1,1,2,0,0,0,0,0,0,0,0,0,0,1,0,0,0,0,0,0,0,0,2,0,0,3,0,39.9453,-75.1516, , 
 ,22106,2016080723,6,67,67301,2016,7,6,1145,11,1,1,0,1,1, , ,N,0,0,0,3,0,1,3,2,N,N,40 05:23.965,74 59:02.839,1152, ,1152, ,0, ,N, ,0, , , , , ,239410, , , ,2,0,0,1,1,0,0,0,0,0,0,1,1,0,0,0,0,0,0,0,0,0,0,1,0,0,0,0,0,0,0,0,0,0,0,4,1,40.09,-74.9841, , 
N,22107,2016123739,6,67,67301,2016,11,3,1035,10,1,1,0,1,1,1,8,Y,0,0,0,3,0,2,3,2,N,N,40 00:41.001,75 03:40.841,1055,50,1036,2,2,2, , ,0,N,N,N,N,N,239441,N,Y,N,2,0,0,0,1,0,1,0,0,0,2,0,2,0,0,0,0,0,0,0,1,0,0,0,0,0,0,0,0,0,0,0,0,0,0,3,0,40.0114,-75.0613, , 
 ,22108,2016112154,6,67,67301,2016,10,3,815,8,1,1,0,8,1, , ,N,2,3,0,3,0,1,2,2,N,N,40 02:05.895,75 08:36.074,840, ,833, ,0, ,N, ,3, , , , , ,239469, , , ,1,1,0,0,0,0,0,0,0,0,0,0,1,1,0,0,0,0,0,0,0,0,0,0,0,0,0,0,0,0,0,0,1,0,0,8,0,40.035,-75.1434, , 
 ,22109,2016129301,6,67,67301,2016,11,1,940,9,1,1,0,4,1, , ,N,1,2,0,3,0,0,3,3,N,N,39 58:42.967,75 07:49.565,1010, ,1003,1,1,1,N, ,3,N, , , , ,239477, , , ,3,1,0,0,0,0,1,1,0,0,0,0,0,0,0,0,0,0,0,0,0,0,0,0,0,0,0,0,0,0,0,0,0,0,0,0,0,39.9786,-75.1304, , 
 ,22110,2016129272,6,67,67301,2016,11,5,1734,17,1,1,0,1,1, , ,N,1,2,0,3,0,1,2,2,N,N,40 00:00.790,75 08:31.774,1748, ,1745, ,0, ,N, ,3, , , , , ,239490, , , ,2,1,0,0,0,0,0,1,0,0,0,1,1,0,0,0,0,0,0,0,0,1,0,1,0,0,0,0,0,0,0,0,0,0,0,4,0,40.0002,-75.1422, , 
 ,22111,2017007852,6,67,67301,2016,12,2,1735,17,3,1,0,4,1, , ,N,0,0,0,3,0,1,3,2,N,N,40 04:54.771,74 59:38.520,1737, ,1737,1,1,1,N, ,0,N, , , , ,239521, , , ,2,1,0,0,0,0,1,0,0,0,0,1,1,0,0,0,0,0,0,0,1,0,0,0,0,0,0,0,0,0,0,0,0,0,0,4,0,40.0819,-74.994, , 
 ,22112,2016132212,6,67,67301,2016,11,5,1720,17,3,1,0,4,1, , ,N,1,2,0,3,0,1,5,2,N, ,39 58:49.315,75 10:15.272,1741, ,1138,9,1,4, , ,3,N, , , , ,239528, , , ,2,0,0,0,0,0,1,1,0,0,1,0,1,0,0,0,0,0,0,0,0,0,0,0,0,0,0,0,0,0,0,0,0,0,0,3,0,39.9804,-75.1709, , 
 ,22113,2016129456,6,67,67301,2016,11,2,2224,22,3,1,0,8,1, , ,N,1,2,0,3,0,1,2,2,N,N,39 56:29.972,75 10:45.670,110, ,104, ,0, ,N, ,3, , , , , ,239531, , , ,1,1,0,0,0,0,0,0,0,0,0,1,1,0,0,0,0,0,0,0,0,0,0,0,0,0,0,0,0,0,0,0,1,0,0,4,0,39.9417,-75.1794, , 
 ,22114,2016105722,6,67,67301,2016,9,3,250,2,3,2,1,1,6, , ,N,0,0,0,3,0,1,1,2,N,N,40 01:58.285,75 08:43.797,255, ,255,1,1,1,N, ,0,N, , , , ,239543, , , ,2,1,0,0,1,0,0,0,0,0,0,0,1,1,0,0,0,0,0,0,0,0,0,0,0,0,0,0,0,0,0,0,0,0,0,8,0,40.0329,-75.1455, , 
 ,22115,2016117774,6,67,67301,2016,10,2,1105,11,1,1,0,4,1, , ,N,0,0,7,3,0,0,8,3,N,N,39 59:41.754,75 05:38.145,1135, ,1130,1,1,1,N, ,0,N, , , , ,239548, , , ,3,1,0,1,0,0,1,0,0,0,0,0,0,0,0,0,0,0,0,0,0,0,0,0,0,0,0,0,0,0,0,0,0,0,0,0,1,39.9949,-75.0939, , 
 ,22116,2016046992,6,67,67301,2016,4,3,1150,11,1,2,1,6,1, , ,N,0,0,0,3,0,0,2,2,N,N,39 59:37.114,75 11:33.957,1150, ,1150, ,0, ,N, ,0, , , , , ,239556, , , ,2,1,0,0,0,0,1,0,0,0,0,0,0,0,1,0,0,1,0,0,0,0,0,1,0,0,0,0,0,0,0,0,0,0,0,9,0,39.9936,-75.1928, , 
 ,22117,2017005220,6,67,67301,2016,12,2,1815,18,3,1,0,4,1, , ,N,2,3,0,3,0,2,3,4,N,N,40 01:12.594,75 07:35.673,1820, ,1817, ,0, , , ,3, , , , , ,239571, , , ,4,2,0,0,0,0,2,0,0,0,0,0,2,2,0,0,0,0,0,0,1,0,0,1,0,0,0,0,0,0,0,0,0,0,0,8,0,40.0202,-75.1266, , 
 ,22118,2016138229,6,67,67301,2016,12,1,230,2,3,1,0,5,6, , ,N,0,0,0,3,0,0,1,4,N, ,40 02:28.032,75 08:25.101,410, ,356, ,0, , , ,0, , , , , ,228684, , , ,4,2,0,0,0,0,2,0,0,0,0,0,0,0,1,0,0,0,0,0,0,0,0,0,0,0,0,0,0,0,0,0,0,0,0,9,0,40.0411,-75.1403, , 
 ,22119,2017004180,6,67,67301,2016,12,6,1828,18,3,1,0,4,1, , ,N,1,2,0,3,0,4,5,3,N, ,40 01:53.151,75 09:17.114,1832, ,1832,3,1,3, , ,3,Y, , , , ,228691, , , ,3,2,0,0,0,0,1,0,0,0,1,3,4,0,0,0,0,0,0,0,0,0,0,4,0,0,0,0,0,0,0,0,0,0,0,3,0,40.0314,-75.1548, , 
 ,22120,2016112236,6,67,67301,2016,10,7,830,8,1,1,0,1,1, , ,N,2,3,0,3,0,1,2,2,N,N,39 54:26.334,75 13:41.041,836, ,835, ,0, ,N, ,3, , , , , ,228699, , , ,2,0,0,0,1,0,0,1,0,0,0,0,1,1,0,0,0,0,0,0,0,0,1,0,0,0,0,0,0,0,0,0,0,0,0,8,0,39.9073,-75.2281, , 
 ,22121,2016129439,6,67,67301,2016,11,5,1142,11,1,1,0,5,6, , ,N,0,0,0,3,0,0,1,2,N,N,40 05:44.677,74 58:37.652,1218, ,1211,1,2,1,N, ,0,Y, , , , ,228702, , , ,2,2,0,0,0,0,0,0,0,0,0,0,0,0,0,0,0,0,0,0,0,0,0,0,0,0,0,0,0,0,0,0,0,0,0,0,0,40.0957,-74.9771, , 
 ,22122,2017005268,6,67,67301,2016,12,5,538,5,3,1,0,8,1, , ,N,0,0,0,3,0,1,2,2,N, ,40 00:12.591,75 09:08.577,546, ,540, ,0, , , ,0, , , , , ,228718, , , ,1,0,0,0,0,0,0,0,0,0,1,0,1,0,1,0,0,0,0,0,0,0,0,0,0,0,0,0,0,0,0,0,1,0,0,3,0,40.0035,-75.1524, , 
 ,22123,2017007942,6,67,67301,2016,12,6,1805,18,3,1,0,1,1, , ,N,1,2,0,3,0,1,4,3,N,N,40 00:28.314,75 10:20.141,1813, ,1811,2,1,4, , ,3,N, , , , ,228722, , , ,3,1,0,0,0,0,2,0,0,0,0,1,1,0,0,0,0,0,0,0,1,0,0,0,0,0,0,0,0,0,0,0,0,0,0,4,0,40.0079,-75.1723, , 
 ,22124,2016089962,6,67,67301,2016,8,1,734,7,1,1,0,4,1, , ,N,1,2,0,3,0,2,6,2,N,N,40 02:11.893,75 03:51.603,741, ,737, ,0, ,N, ,3, , , , , ,228737, , , ,2,0,0,0,0,0,1,1,0,0,0,0,2,2,0,0,0,0,0,0,1,1,0,0,0,0,0,0,0,0,0,0,0,0,0,8,0,40.0366,-75.0645, , 