wz_ln_closure,objectid_1,crn,district,county,municipality,crash_year,crash_month,day_of_week,time_of_day,hour_of_day,illumination,weather,road_condition,collision_type,relation_to_road,work_zone_type,work_zone_loc,work_zone_ind,intersect_type,tcd_type,location_type,urban_rural,fatal_count,injury_count,person_count,total_units,sch_bus_ind,sch_zone_ind,latitude,longitude,arrival_tm,cons_zone_spd_lim,dispatch_tm,est_hrs_closed,lane_closed,ln_close_dir,ntfy_hiwy_maint,spec_juris_cd,tcd_func_cd,tfc_detour_ind,workers_pres,wz_close_detour,wz_flagger,wz_law_offcr_ind,objectid,wz_moving,wz_other,wz_shlder_mdn,vehicle_count,automobile_count,motorcycle_count,bus_count,small_truck_count,heavy_truck_count,suv_count,van_count,bicycle_count,maj_inj_count,mod_inj_count,min_inj_count,tot_inj_count,unk_inj_deg_count,unk_inj_per_count,driver_count_16yr,driver_count_17yr,driver_count_18yr,driver_count_19yr,driver_count_20yr,driver_count_50_64yr,driver_count_65_74yr,driver_count_75plus,unbelted_occ_count,unb_death_count,unb_maj_inj_count,belted_death_count,belted_maj_inj_count,mcycle_death_count,mcycle_maj_inj_count,bicycle_death_count,bicycle_maj_inj_count,ped_count,ped_death_count,ped_maj_inj_count,max_severity_level,comm_veh_count,dec_lat,dec_long,rdwy_surf_type_cd,county_name
 ,22191,2016082296,6,67,67301,2016,7,1,1540,15,1,1,0,8,1, , ,N,0,0,0,3,0,1,2,2,N,N,40 01:07.426,75 05:29.868,1555, ,1555, ,0, ,N, ,0, , , , , ,237557, , , ,1,1,0,0,0,0,0,0,0,0,0,1,1,0,0,0,0,0,0,0,0,0,0,0,0,0,0,0,0,0,0,0,1,0,0,4,0,40.0187,-75.0916, , 
 ,22192,2016117732,6,67,67301,2016,10,2,1320,13,1,1,0,1,1, , ,N,0,0,0,3,0,1,4,4,N,N,40 01:10.987,75 08:53.840,1410, ,1335,3,1,2,N, ,0,N, , , , ,228796, , , ,4,1,0,1,0,2,0,0,0,0,0,0,1,1,1,0,0,0,0,0,1,1,0,0,0,0,0,0,0,0,0,0,0,0,0,8,3,40.0197,-75.1483, , 
 ,22193,2016105687,6,67,67301,2016,9,2,1100,11,1,1,0,5,1, , ,N,1,2,0,3,0,1,2,2,N,N,39 58:30.584,75 11:17.385,1115, ,1105, ,0, ,N, ,3, , , , , ,228820, , , ,1,0,0,0,1,0,0,0,1,0,0,1,1,0,0,0,0,0,0,0,0,0,0,1,0,0,0,0,0,0,0,0,0,0,0,4,0,39.9752,-75.1882, , 
 ,22194,2016126026,6,67,67301,2016,11,6,1043,10,1,1,0,7,4, , ,N,0,0,0,3,0,0,1,1,N,N,40 04:22.640,75 14:17.384,1114, ,1103, ,0, ,N, ,0, , , , , ,228838, , , ,1,1,0,0,0,0,0,0,0,0,0,0,0,0,0,0,0,0,0,0,0,0,1,0,0,0,0,0,0,0,0,0,0,0,0,0,0,40.073,-75.2382, , 
 ,22195,2016127807,6,67,67301,2016,11,1,245,2,3,1,0,7,5, , ,N,1,3,0,3,0,1,1,1,N,N,39 59:40.012,75 08:44.642,315, ,303, ,0, ,N, ,3, , , , , ,228840, , , ,1,1,0,0,0,0,0,0,0,0,0,1,1,0,0,0,0,0,0,0,0,0,0,0,0,0,0,0,0,0,0,0,0,0,0,4,0,39.9944,-75.1457, , 
 ,22196,2016135782,6,67,67301,2016,11,3,2215,22,2,2,1,7,2, , ,N,0,0,0,3,0,0,1,1,N,N,40 01:37.630,75 11:33.974,2245, ,2233, ,0, , , ,0, , , , , ,228858, , , ,1,1,0,0,0,0,0,0,0,0,0,0,0,0,0,0,0,0,0,0,1,0,0,1,0,0,0,0,0,0,0,0,0,0,0,0,0,40.0271,-75.1928, , 
 ,22197,2016112194,6,67,67301,2016,10,6,2200,22,3,1,0,4,1, , ,N,1,2,0,3,0,2,2,2,N,N,40 00:14.125,75 13:14.515,2204, ,2203, ,0, ,N, ,3, , , , , ,228870, , , ,2,2,0,0,0,0,0,0,0,0,0,2,2,0,0,0,0,0,0,0,0,0,0,0,0,0,0,0,0,0,0,0,0,0,0,4,0,40.0039,-75.2207, , 
 ,22198,2017018066,6,67,67301,2016,5,3,1320,13,1,1,0,4,1, , ,N,0,0,7,3,0,1,2,2,N,N,40 02:20.532,75 06:35.588,0, ,0, ,0, ,N, ,0, , , , , ,228892, , , ,2,1,0,0,0,0,0,0,0,0,0,0,1,1,0,0,0,0,0,0,0,0,0,0,0,0,0,0,0,0,0,0,0,0,0,8,0,40.039,-75.1099, , 
 ,22199,2016119175,6,67,67301,2016,10,4,1910,19,3,1,0,1,1, , ,N,1,2,0,3,0,1,7,2,N, ,40 00:43.064,75 10:33.675,1915, ,1912, ,0, , , ,3, , , , , ,228907, , , ,2,1,0,0,0,0,1,0,0,0,0,1,1,0,0,0,0,0,0,0,1,0,0,0,0,0,0,0,0,0,0,0,0,0,0,4,0,40.012,-75.176, , 
 ,22200,2016129415,6,67,67301,2016,11,5,9999,99,3,1,0,7,1, , ,N,0,0,0,3,0,0,1,1,N, ,40 05:21.632,75 03:26.245,1005, ,1000,1,1,5, , ,0,Y, , , , ,228912, , , ,1,1,0,0,0,0,0,0,0,0,0,0,0,0,0,0,0,0,0,0,0,0,0,0,0,0,0,0,0,0,0,0,0,0,0,0,0,40.0893,-75.0573, , 
 ,22201,2016129553,6,67,67301,2016,11,2,2249,22,3,1,0,7,2, , ,N,0,0,0,3,0,1,2,1,N,N,40 01:10.673,75 08:51.393,2310, ,2249,1,1,2,Y, ,0,N, , , , ,228914, , , ,1,1,0,0,0,0,0,0,0,0,0,1,1,0,0,0,0,0,0,0,0,0,0,0,0,0,0,0,0,0,0,0,0,0,0,4,0,40.0196,-75.1476, , 
N,22202,2016126489,6,67,67301,2016,11,1,2121,21,3,1,0,9,1,1,4,Y,0,0,0,3,0,1,2,1,N,N,40 00:36.706,75 03:47.642,2141,45,2130, ,0, , , ,0, ,N,N,N,N,228929,Y,N,Y,1,0,0,0,0,0,1,0,0,0,0,1,1,0,0,0,0,0,0,0,0,0,0,0,0,0,0,0,0,0,0,0,0,0,0,4,0,40.0102,-75.0632, , 
 ,22203,2016115600,6,67,67301,2016,11,7,1623,16,1,1,0,4,1, , ,N,1,2,0,3,0,1,2,2,N,Y,39 57:05.180,75 12:33.602,1624, ,1624, ,0, ,N, ,3, , , , , ,228932, , , ,1,0,0,0,0,0,1,0,1,0,1,0,1,0,0,0,0,0,0,0,0,0,0,0,0,0,0,0,0,0,0,0,0,0,0,3,0,39.9514,-75.2093, , 
 ,22204,2016138455,6,67,67301,2016,12,1,1926,19,6,1,0,1,1, , ,N,0,0,0,3,0,0,3,2,N,N,39 58:06.276,75 07:44.002,1939, ,1928,1,2,1, , ,0,N, , , , ,228947, , , ,2,2,0,0,0,0,0,0,0,0,0,0,0,0,0,0,0,0,0,0,0,1,0,0,0,0,0,0,0,0,0,0,0,0,0,0,0,39.9684,-75.1289, , 
 ,22205,2017003599,6,67,67301,2016,12,5,530,5,3,1,0,1,1, , ,N,1,2,0,3,0,2,2,2,N, ,40 03:08.339,75 00:28.750,545, ,540, ,0, , , ,3, , , , , ,228969, , , ,2,0,0,0,1,0,1,0,0,0,0,2,2,0,0,0,0,0,0,0,0,0,0,0,0,0,0,0,0,0,0,0,0,0,0,4,0,40.0523,-75.008, , 
 ,22206,2016105895,6,67,67301,2016,9,4,1100,11,1,1,0,7,4, , ,N,0,0,0,3,0,1,1,1,N, ,39 57:49.858,75 10:47.786,1106, ,1104,2,1,3, , ,0,N, , , , ,228975, , , ,1,1,0,0,0,0,0,0,0,0,0,1,1,0,0,0,0,0,0,0,0,1,0,0,0,0,0,0,0,0,0,0,0,0,0,4,0,39.9638,-75.1799, , 
 ,22207,2016101009,6,67,67301,2016,10,7,2137,21,3,2,1,1,2, , ,N,0,2,0,3,0,0,2,2,N,N,39 57:19.272,75 11:59.877,2137, ,2137, ,0, ,N, ,3, , , , , ,228979, , , ,2,1,0,0,0,0,0,1,0,0,0,0,0,0,0,0,0,0,0,0,0,0,0,0,0,0,0,0,0,0,0,0,0,0,0,0,0,39.9554,-75.2, , 
 ,22208,2016117126,6,67,67301,2016,10,7,1421,14,1,1,0,4,1, , ,N,2,3,0,3,0,1,2,2,N, ,39 55:16.503,75 13:18.926,1428, ,1428,3,1,4, , ,3,Y, , , , ,228994, , , ,2,1,1,0,0,0,0,0,0,0,1,0,1,0,0,0,0,0,0,0,0,0,0,0,0,0,0,0,0,0,0,0,0,0,0,3,0,39.9213,-75.2219, , 
 ,22209,2016138140,6,67,67301,2016,11,3,2030,20,3,2,1,4,1, , ,N,1,3,0,3,0,1,2,3,N, ,39 56:45.772,75 12:59.363,2045, ,2040, ,0, , , ,3, , , , , ,229005, , , ,3,1,0,0,0,0,1,1,0,0,0,0,1,1,0,0,0,0,0,0,1,0,0,0,0,0,0,0,0,0,0,0,0,0,0,8,0,39.946,-75.2165, , 
 ,22210,2016105523,6,67,67301,2016,9,1,500,5,3,1,0,5,6, , ,N,0,0,0,3,0,1,1,3,N, ,40 02:19.267,75 03:53.671,517, ,507, ,0, , , ,0, , , , , ,232229, , , ,3,2,0,0,0,0,0,1,0,0,0,1,1,0,0,0,0,0,0,1,0,0,0,0,0,0,0,0,0,0,0,0,0,0,0,4,0,40.0387,-75.0649, , 
N,22211,2016123650,6,67,67301,2016,11,2,1611,16,1,1,0,1,1,1,4,Y,0,0,0,3,0,0,2,2,N,N,40 01:33.269,75 01:40.614,1656,45,1618,2,1,2, , ,0,N,Y,N,N,N,232231,N,N,Y,2,1,0,0,0,0,1,0,0,0,0,0,0,0,0,0,0,0,0,0,0,0,0,0,0,0,0,0,0,0,0,0,0,0,0,0,0,40.0259,-75.0279, , 
 ,22212,2016112095,6,67,67301,2016,10,4,2225,22,3,1,0,4,1, , ,N,1,3,0,3,0,1,2,2,N,N,40 02:26.426,75 07:35.867,2235, ,2230, ,0, ,N, ,3, , , , , ,232235, , , ,2,1,0,0,0,0,1,0,0,0,0,1,1,0,0,0,0,0,0,1,1,0,0,1,0,0,0,0,0,0,0,0,0,0,0,4,0,40.0407,-75.1266, , 
 ,22213,2016135838,6,67,67301,2016,12,5,9999,99,1,1,0,2,1, , ,N,0,0,1,3,0,4,7,5,N, ,39 59:16.452,75 07:44.540,1602, ,1537,2,2,5, , ,0,Y, , , , ,232238, , , ,5,2,0,0,2,0,0,1,0,0,0,1,4,3,0,0,0,0,0,0,0,0,0,1,0,0,0,0,0,0,0,0,0,0,0,4,0,39.9879,-75.129, , 
 ,22214,2016127802,6,67,67301,2016,11,4,1700,17,3,2,1,8,1, , ,N,1,2,0,3,0,1,2,2,N,N,40 02:53.743,75 11:00.264,1710, ,1700, ,0, ,N, ,3, , , , , ,232239, , , ,1,0,0,0,0,0,1,0,0,0,0,1,1,0,0,0,0,0,0,0,0,0,0,1,0,0,0,0,0,0,0,0,1,0,0,4,0,40.0483,-75.1834, , 
 ,22215,2016129524,6,67,67301,2016,11,4,1900,19,2,1,0,8,1, , ,N,1,2,0,3,0,1,2,2,N, ,39 59:29.209,75 08:05.493,1907, ,1905, ,0, , , ,3, , , , , ,232242, , , ,1,0,0,0,0,0,0,0,0,0,0,0,1,1,0,0,0,0,0,0,0,0,0,0,0,0,0,0,0,0,0,0,1,0,0,8,0,39.9913,-75.1349, , 
 ,22216,2017016417,6,67,67301,2016,3,6,1550,15,1,1,0,1,1, , ,N,0,0,0,3,0,1,2,2,N,N,39 57:59.172,75 11:14.225,0, ,0, ,0, ,N, ,0, , , , , ,232246, , , ,2,0,0,0,0,0,0,0,0,0,0,0,1,1,0,0,0,0,0,0,0,0,0,0,0,0,0,0,0,0,0,0,0,0,0,8,0,39.9664,-75.1873, , 
 ,22217,2016092048,6,67,67301,2016,8,4,526,5,1,9,8,5,1, , ,N,0,0,0,3,0,3,3,3,N,N,40 01:49.004,75 05:13.663,557, ,537,2,1,1,N, ,0,Y, , , , ,232255, , , ,3,1,0,0,0,0,1,1,0,0,0,0,3,3,0,0,0,0,0,0,2,0,0,0,0,0,0,0,0,0,0,0,0,0,0,8,0,40.0303,-75.0871, , 
 ,22218,2016105561,6,67,67301,2016,9,1,1140,11,1,1,0,1,1, , ,N,0,2,0,3,0,1,3,3,N,N,40 03:35.252,75 10:24.516,1214, ,1210, ,0, , , ,3, , , , , ,232262, , , ,3,2,0,0,0,0,0,1,0,0,1,0,1,0,0,0,0,0,0,0,1,1,0,2,0,0,0,0,0,0,0,0,0,0,0,3,0,40.0598,-75.1735, , 
 ,22219,2016099280,6,67,67301,2016,9,4,145,1,3,1,0,1,1, , ,N,1,2,0,3,0,1,3,2,N,N,39 58:33.009,75 09:30.309,210, ,210, ,0, ,N, ,3, , , , , ,232267, , , ,2,1,0,0,0,0,1,0,0,0,0,0,1,1,1,0,0,0,0,0,0,0,0,1,0,0,0,0,0,0,0,0,0,0,0,8,0,39.9758,-75.1584, , 
 ,22220,2016105515,6,67,67301,2016,9,1,1610,16,1,1,0,4,1, , ,N,0,0,0,3,0,1,3,2,N,N,39 54:12.869,75 09:30.243,1700, ,1616, ,0, ,N, ,0, , , , , ,232269, , , ,2,1,0,0,0,0,1,0,0,0,0,1,1,0,0,0,0,0,0,0,0,0,0,0,0,0,0,0,0,0,0,0,0,0,0,4,0,39.9036,-75.1584, , 
 ,22221,2016132221,6,67,67301,2016,11,3,1730,17,3,2,1,8,1, , ,N,0,0,0,3,0,1,2,2,N, ,39 57:13.033,75 10:26.271,1742, ,1731, ,0, , , ,0, , , , , ,232284, , , ,1,1,0,0,0,0,0,0,0,0,0,0,1,1,0,0,0,0,0,0,1,0,0,1,0,0,0,0,0,0,0,0,1,0,0,8,0,39.9536,-75.174, , 
 ,22222,2017003677,6,67,67301,2016,12,4,2028,20,3,1,0,1,1, , ,N,0,0,0,3,0,2,3,2,N,N,39 57:07.775,75 10:27.543,2030, ,2030, ,0, ,N, ,0, , , , , ,232320, , , ,2,2,0,0,0,0,0,0,0,0,0,0,2,2,0,0,0,0,0,0,1,0,0,1,0,0,0,0,0,0,0,0,0,0,0,8,0,39.9522,-75.1743, , 
 ,22223,2016126080,6,67,67301,2016,10,1,1552,15,1,1,0,8,1, , ,N,1,2,0,3,0,1,3,2,N,N,40 01:04.807,75 08:57.222,1603, ,1559, ,0, , , ,3, , , , , ,232333, , , ,1,1,0,0,0,0,0,0,0,0,1,0,1,0,0,0,0,0,0,0,0,1,0,0,0,0,0,0,0,0,0,0,1,0,0,3,0,40.0179,-75.1493, , 
 ,22224,2016119183,6,67,67301,2016,10,7,1300,13,1,1,0,1,1, , ,N,0,0,0,3,0,1,4,2,N,N,39 58:21.668,75 13:02.226,1305, ,1302, ,0, ,N, ,0, , , , , ,232334, , , ,2,1,0,0,0,0,1,0,0,0,0,0,1,1,0,0,0,0,0,0,0,0,0,0,0,0,0,0,0,0,0,0,0,0,0,8,0,39.9727,-75.2173, , 
 ,22225,2016132199,6,67,67301,2016,11,2,736,7,1,1,0,4,1, , ,N,0,0,7,3,0,1,5,2,N,N,39 59:01.146,75 07:31.621,9999, ,815, ,0, ,N, ,0, , , , , ,232336, , , ,2,1,0,0,0,0,0,1,0,0,0,1,1,0,1,0,0,0,0,0,0,0,0,0,0,0,0,0,0,0,0,0,0,0,0,4,0,39.9837,-75.1255, , 
 ,22226,2016129979,6,67,67301,2016,11,5,1525,15,1,1,0,8,1, , ,N,1,2,0,3,0,1,2,2,N, ,39 56:47.632,75 14:45.701,1545, ,9999, ,0, , , ,3, , , , , ,232337, , , ,1,0,0,0,0,0,1,0,0,0,0,1,1,0,0,0,0,0,0,0,1,0,0,1,0,0,0,0,0,0,0,0,1,0,0,4,0,39.9466,-75.246, , 
 ,22227,2016137733,6,67,67301,2016,12,6,1010,10,1,1,0,1,1, , ,N,0,0,0,3,0,0,2,2,N,N,39 57:36.469,75 10:47.802,1021, ,1010, ,0, , , ,0, , , , , ,232341, , , ,2,1,0,0,1,0,0,0,0,0,0,0,0,0,0,0,0,0,0,0,1,0,0,0,0,0,0,0,0,0,0,0,0,0,0,0,0,39.9601,-75.1799, , 
 ,22228,2016129244,6,67,67301,2016,11,1,105,1,3,1,0,4,1, , ,N,1,2,0,3,0,2,2,3,N,N,40 01:42.531,75 03:28.266,115, ,113,1,1,2,N, ,3,N, , , , ,235370, , , ,3,0,0,0,0,0,2,1,0,0,0,2,2,0,0,0,0,0,0,0,0,0,0,0,0,0,0,0,0,0,0,0,0,0,0,4,0,40.0285,-75.0579, , 
 ,22229,2017007909,6,67,67301,2016,12,2,255,2,3,1,0,5,6, , ,N,0,0,0,3,0,0,1,2,N,N,40 01:57.505,75 02:58.729,259, ,259, ,0, ,N, ,0, , , , , ,235376, , , ,2,0,0,0,0,1,1,0,0,0,0,0,0,0,0,0,0,0,0,0,0,0,0,0,0,0,0,0,0,0,0,0,0,0,0,0,1,40.0326,-75.0496, , 
 ,22230,2016070655,6,67,67301,2016,6,6,135,1,3,1,0,4,1, , ,N,1,3,0,3,0,0,3,2,N,N,40 02:20.277,75 02:47.065,143, ,138, ,0, ,N, ,3, , , , , ,235383, , , ,2,2,0,0,0,0,0,0,0,0,0,0,0,0,0,0,0,0,0,0,0,0,0,0,0,0,0,0,0,0,0,0,0,0,0,0,0,40.039,-75.0464, , 
 ,22231,2016080846,6,67,67301,2016,7,2,1935,19,3,1,0,5,1, , ,N,0,0,0,3,0,1,2,2,N, ,39 58:24.162,75 08:19.376,2101, ,2100,2,1,2, , ,0,N, , , , ,235392, , , ,2,0,0,0,0,0,2,0,0,0,0,1,1,0,0,0,0,0,0,0,0,0,0,0,0,0,0,0,0,0,0,0,0,0,0,4,0,39.9734,-75.1387, , 
 ,22232,2016107769,6,67,67301,2016,10,2,627,6,5,1,0,7,2, , ,N,0,0,3,3,0,1,1,1,N,N,39 57:36.600,75 10:48.924,640, ,633,1,1,4, , ,0,N, , , , ,235399, , , ,1,0,0,0,0,0,1,0,0,0,0,0,1,1,0,0,0,0,0,0,0,0,0,1,0,0,0,0,0,0,0,0,0,0,0,8,0,39.9602,-75.1803, , 
 ,22233,2016105581,6,67,67301,2016,9,5,2248,22,3,2,1,4,1, , ,N,2,3,0,3,0,0,3,2,N,N,40 00:10.153,75 09:44.662,9999, ,9999, ,0, ,N, ,3, , , , , ,235414, , , ,2,1,0,0,0,0,1,0,0,0,0,0,0,0,0,0,0,0,0,0,1,0,0,0,0,0,0,0,0,0,0,0,0,0,0,0,0,40.0028,-75.1624, , 
 ,22234,2016129271,6,67,67301,2016,11,4,545,5,5,1,0,6,1, , ,N,0,0,0,3,0,1,3,2,N,N,40 00:27.802,75 04:07.238,550, ,547,3,1,2,N, ,0,N, , , , ,235421, , , ,2,1,0,0,0,0,1,0,0,0,0,0,1,1,0,0,0,0,0,0,0,1,0,0,0,0,0,0,0,0,0,0,0,0,0,8,0,40.0077,-75.0687, , 
 ,22235,2016132189,6,67,67301,2016,11,4,520,5,3,1,1,5,1, , ,N,0,0,0,3,0,0,2,2,N,Y,40 04:59.073,74 58:29.063,527, ,522, ,0, , , ,0, , , , , ,235433, , , ,2,1,0,0,1,0,0,0,0,0,0,0,0,0,0,0,0,0,0,0,0,0,0,0,0,0,0,0,0,0,0,0,0,0,0,0,0,40.0831,-74.9747, , 
 ,22236,2017018080,6,67,67301,2016,5,6,820,8,1,1,0,1,1, , ,N,0,0,0,3,0,1,2,2,N,N,40 01:23.630,75 02:03.870,0, ,0, ,0, ,N, ,0, , , , , ,235463, , , ,2,1,0,0,0,0,1,0,0,0,0,1,1,0,0,0,0,0,0,0,0,0,0,0,0,0,0,0,0,0,0,0,0,0,0,4,0,40.0232,-75.0344, , 
 ,22237,2016053735,6,67,67301,2016,5,7,2011,20,3,1,0,4,1, , ,N,1,2,0,3,0,1,3,3,N, ,39 59:33.987,75 08:42.421,2243, ,2016, ,0, , , ,3, , , , , ,235469, , , ,3,2,0,0,0,0,1,0,0,0,0,0,1,1,0,0,0,0,0,0,1,0,0,0,0,0,0,0,0,0,0,0,0,0,0,8,0,39.9927,-75.1451, , 
 ,22238,2016138186,6,67,67301,2016,12,3,9999,99,3,2,1,8,1, , ,N,1,3,0,3,0,1,2,2,N,N,39 56:03.274,75 12:59.057,2134, ,2129, ,0, ,N, ,3, , , , , ,235495, , , ,1,0,0,0,0,0,1,0,0,0,0,1,1,0,0,0,0,0,0,0,0,0,0,1,0,0,0,0,0,0,0,0,1,0,0,4,0,39.9342,-75.2164, , 
 ,22239,2016105839,6,67,67301,2016,9,6,936,9,1,1,0,4,1, , ,N,1,2,0,3,0,1,3,3,N, ,40 05:57.037,74 59:12.925,945, ,936, ,0, , , ,3, , , , , ,235527, , , ,3,0,0,0,0,0,2,1,0,0,0,1,1,0,0,0,0,1,0,0,0,1,0,1,0,0,0,0,0,0,0,0,0,0,0,4,0,40.0992,-74.9869, , 
 ,22240,2017019600,6,67,67301,2016,7,3,1630,16,1,1,0,1,1, , ,N,5,2,0,3,0,1,2,2,N,N,39 56:54.189,75 13:09.223,0, ,0, ,0, ,N, ,3, , , , , ,235582, , , ,2,1,0,0,1,0,0,0,0,0,0,0,1,1,1,0,0,0,0,0,0,1,0,0,0,0,0,0,0,0,0,0,0,0,0,8,0,39.9484,-75.2193, , 
 ,22241,2016079332,6,67,67301,2016,8,1,941,9,1,1,0,8,1, , ,N,5,2,0,3,0,1,3,2,N,N,40 00:11.393,75 09:08.837,944, ,943, ,0, ,N, ,3, , , , , ,235604, , , ,1,1,0,0,0,0,0,0,0,0,1,0,1,0,0,0,0,0,0,0,0,1,0,1,0,0,0,0,0,0,0,0,1,0,0,3,0,40.0032,-75.1525, , 
 ,22242,2016084583,6,67,67301,2016,7,1,2014,20,1,1,0,4,1, , ,N,1,0,0,3,0,1,2,2,N,N,40 01:55.246,75 05:17.095,2105, ,2057, ,0, ,N, ,0, , , , , ,235609, , , ,1,1,0,0,0,0,0,0,1,0,0,1,1,0,0,0,0,0,0,0,0,0,1,1,0,0,0,0,0,0,0,0,0,0,0,4,0,40.032,-75.0881, , 
 ,22243,2016080700,6,67,67301,2016,7,2,930,9,1,1,0,8,1,8,8,Y,1,2,0,3,0,1,2,2,N,N,40 03:20.764,75 09:31.951,950,99,932, ,0, ,N, ,3, ,N, , ,N,235614, ,Y, ,1,1,0,0,0,0,0,0,0,0,0,1,1,0,0,0,0,0,0,0,0,0,0,0,0,0,0,0,0,0,0,0,1,0,0,4,0,40.0558,-75.1589, , 
 ,22244,2016080860,6,67,67301,2016,6,5,1000,10,1,1,0,4,1, , ,N,1,2,0,3,0,1,3,2,N,N,39 55:12.734,75 13:48.680,1005, ,1000, ,0, , , ,3, , , , , ,235641, , , ,2,1,0,0,0,0,1,0,0,0,0,0,1,1,0,0,0,0,0,0,1,0,0,0,0,0,0,0,0,0,0,0,0,0,0,8,0,39.9202,-75.2302, , 
 ,22245,2016084605,6,67,67301,2016,8,4,2038,20,3,1,0,8,1, , ,N,0,0,0,3,0,1,2,2,N,N,40 05:57.850,74 58:48.993,2044, ,2039, ,0, , , ,0, , , , , ,235652, , , ,1,1,0,0,0,0,0,0,0,0,0,1,1,0,0,0,0,0,0,0,0,0,0,0,0,0,0,0,0,0,0,0,1,0,0,4,0,40.0994,-74.9803, , 
 ,22246,2016129989,6,67,67301,2016,11,2,420,4,3,1,0,7,4, , ,N,6,0,2,3,0,1,1,1,N,N,40 01:11.152,75 08:36.668,435, ,428, ,0, ,N, ,0, , , , , ,238789, , , ,1,0,0,0,0,0,1,0,0,0,0,1,1,0,0,0,0,0,0,0,0,0,0,0,0,0,0,0,0,0,0,0,0,0,0,4,0,40.0198,-75.1435, , 
 ,22247,2016135819,6,67,67301,2016,12,2,200,2,3,2,1,4,1, , ,N,2,2,0,3,0,0,2,2,N,N,39 57:17.840,75 11:01.951,215, ,210, ,0, ,N, ,3, , , , , ,238797, , , ,2,0,0,0,0,0,1,1,0,0,0,0,0,0,1,0,0,0,0,0,0,0,0,0,0,0,0,0,0,0,0,0,0,0,0,9,0,39.955,-75.1838, , 
 ,22248,2016119137,6,67,67301,2016,10,3,817,8,1,1,0,1,1, , ,N,0,0,0,3,0,2,4,3,N,N,40 00:30.582,75 06:31.590,826, ,817, ,0, ,N, ,0, , , , , ,238806, , , ,3,2,0,0,0,0,1,0,0,0,0,0,2,2,0,0,0,0,0,0,1,0,0,0,0,0,0,0,0,0,0,0,0,0,0,8,0,40.0085,-75.1088, , 
 ,22249,2016132152,6,67,67301,2016,11,7,1325,13,1,1,0,3,1, , ,N,0,0,0,3,0,0,2,3,N,N,39 57:27.823,75 11:27.940,1333, ,1326, ,0, , , ,0, , , , , ,238816, , , ,3,2,0,0,0,0,1,0,0,0,0,0,0,0,0,0,0,0,0,0,1,0,1,0,0,0,0,0,0,0,0,0,0,0,0,0,0,39.9577,-75.1911, , 
 ,22250,2016132201,6,67,67301,2016,11,4,1108,11,1,2,1,4,1, , ,N,2,0,7,3,0,2,2,3,N,N,39 59:33.319,75 08:40.182,1116, ,1109,2,1,3,N, ,0,N, , , , ,238820, , , ,3,1,0,0,1,0,1,0,0,0,0,2,2,0,0,0,0,0,0,0,1,0,0,0,0,0,0,0,0,0,0,0,0,0,0,4,0,39.9926,-75.1445, , 
 ,22251,2017003716,6,67,67301,2016,12,5,235,2,3,8,1,4,1, , ,N,1,2,0,3,0,0,2,2,N,N,39 58:44.958,75 08:14.888,250, ,246, ,0, ,N, ,3, , , , , ,238830, , , ,2,2,0,0,0,0,0,0,0,0,0,0,0,0,0,0,0,0,0,0,0,0,0,0,0,0,0,0,0,0,0,0,0,0,0,0,0,39.9792,-75.1375, , 
 ,22252,2016117167,6,67,67301,2016,10,7,545,5,1,1,0,5,1, , ,N,1,2,0,3,0,1,3,3,N,N,40 02:06.022,75 04:09.823,550, ,545, ,0, ,N, ,2, , , , , ,238839, , , ,3,2,1,0,0,0,0,0,0,0,1,0,1,0,0,0,0,0,0,0,0,0,0,2,0,0,0,0,0,0,0,0,0,0,0,3,0,40.035,-75.0694, , 
 ,22253,2016120358,6,67,67301,2016,11,2,1525,15,1,1,0,4,1, , ,N,0,0,7,3,0,1,29,2,Y,N,39 59:19.249,75 07:27.544,1540, ,1530, ,0, ,N, ,0, , , , , ,238847, , , ,2,1,0,1,0,0,0,0,0,0,0,0,1,1,27,0,0,0,0,0,1,0,0,0,0,0,0,0,0,0,0,0,0,0,0,8,1,39.9887,-75.1243, , 
 ,22254,2016105917,6,67,67301,2016,9,2,835,8,1,2,1,8,1, , ,N,1,2,0,3,0,1,2,2,N, ,39 56:18.962,75 13:17.948,841, ,839, ,0, , , ,3, , , , , ,238878, , , ,1,0,0,0,0,0,0,1,0,0,0,0,1,1,0,0,0,0,0,1,0,0,0,0,0,0,0,0,0,0,0,0,1,0,0,8,0,39.9386,-75.2217, , 
 ,22255,2016117205,6,67,67301,2016,10,1,1911,19,3,1,0,8,1, , ,N,1,3,0,3,0,1,2,2,N,N,40 01:21.712,75 08:00.711,1525, ,1525, ,0, ,N, ,3, , , , , ,238892, , , ,1,0,0,0,0,0,1,0,0,0,1,0,1,0,0,0,0,0,0,0,0,0,0,1,0,0,0,0,0,0,0,0,1,0,0,3,0,40.0227,-75.1335, , 
 ,22256,2016117198,6,67,67301,2016,10,3,850,8,1,1,0,4,1, , ,N,2,3,0,3,0,1,2,2,N, ,39 56:15.471,75 11:40.750,909, ,909, ,0, , , ,3, , , , , ,238893, , , ,2,1,0,0,0,0,1,0,0,0,0,0,1,1,0,0,0,0,0,0,0,0,0,0,0,0,0,0,0,0,0,0,0,0,0,8,0,39.9376,-75.1947, , 
 ,22257,2016099497,6,67,67301,2016,9,5,740,7,1,1,0,8,1, , ,N,0,0,0,3,0,1,3,3,N, ,40 01:16.176,75 07:15.101,830, ,808, ,0, , , ,0, , , , , ,238958, , , ,1,0,0,0,0,0,1,0,0,0,0,1,1,0,0,0,0,0,0,1,0,0,0,0,0,0,0,0,0,0,0,0,2,0,0,4,0,40.0212,-75.1209, , 