wz_ln_closure,objectid_1,crn,district,county,municipality,crash_year,crash_month,day_of_week,time_of_day,hour_of_day,illumination,weather,road_condition,collision_type,relation_to_road,work_zone_type,work_zone_loc,work_zone_ind,intersect_type,tcd_type,location_type,urban_rural,fatal_count,injury_count,person_count,total_units,sch_bus_ind,sch_zone_ind,latitude,longitude,arrival_tm,cons_zone_spd_lim,dispatch_tm,est_hrs_closed,lane_closed,ln_close_dir,ntfy_hiwy_maint,spec_juris_cd,tcd_func_cd,tfc_detour_ind,workers_pres,wz_close_detour,wz_flagger,wz_law_offcr_ind,objectid,wz_moving,wz_other,wz_shlder_mdn,vehicle_count,automobile_count,motorcycle_count,bus_count,small_truck_count,heavy_truck_count,suv_count,van_count,bicycle_count,maj_inj_count,mod_inj_count,min_inj_count,tot_inj_count,unk_inj_deg_count,unk_inj_per_count,driver_count_16yr,driver_count_17yr,driver_count_18yr,driver_count_19yr,driver_count_20yr,driver_count_50_64yr,driver_count_65_74yr,driver_count_75plus,unbelted_occ_count,unb_death_count,unb_maj_inj_count,belted_death_count,belted_maj_inj_count,mcycle_death_count,mcycle_maj_inj_count,bicycle_death_count,bicycle_maj_inj_count,ped_count,ped_death_count,ped_maj_inj_count,max_severity_level,comm_veh_count,dec_lat,dec_long,rdwy_surf_type_cd,county_name
 ,22457,2016105651,6,67,67301,2016,9,5,1630,16,1,1,0,4,1, , ,N,1,2,0,3,0,1,2,2,N, ,40 01:17.655,75 07:27.663,1640, ,1635,1,1,4, , ,3,N, , , , ,236125, , , ,2,2,0,0,0,0,0,0,0,0,1,0,1,0,0,0,0,0,0,0,0,0,0,1,0,0,0,0,0,0,0,0,0,0,0,3,0,40.0216,-75.1244, , 
 ,22458,2016120558,6,67,67301,2016,10,7,1931,19,3,1,0,8,1, , ,N,2,0,0,3,0,1,2,2,N,N,40 04:26.696,75 10:40.894,2053, ,2053, ,0, ,N, ,0, , , , , ,236142, , , ,1,1,0,0,0,0,0,0,0,0,0,0,1,1,0,0,0,0,0,0,0,0,0,0,0,0,0,0,0,0,0,0,1,0,0,8,0,40.0741,-75.178, , 
 ,22459,2016110229,6,67,67301,2016,10,3,1241,12,1,1,0,7,2, , ,N,0,0,0,3,0,1,2,1,N,N,39 54:28.323,75 08:58.543,1252, ,1241,1,2,2, , ,0,Y, , , , ,236147, , , ,1,1,0,0,0,0,0,0,0,0,1,0,1,0,0,0,0,0,0,0,0,0,0,0,0,0,0,0,0,0,0,0,0,0,0,3,0,39.9079,-75.1496, , 
 ,22460,2016114262,6,67,67301,2016,10,1,1445,14,1,9,8,4,1, , ,N,0,0,7,3,0,1,2,2,N, ,39 55:41.171,75 09:45.417,1138, ,1138, ,0, , , ,0, , , , , ,236181, , , ,1,1,0,0,0,0,0,0,1,0,0,1,1,0,0,0,0,0,0,0,0,0,0,1,0,0,0,0,0,0,0,0,0,0,0,4,0,39.9281,-75.1626, , 
 ,22461,2016109068,6,67,67301,2016,10,5,939,9,1,1,0,8,1, , ,N,0,0,1,3,1,0,2,2,N,N,39 58:31.122,75 11:30.231,941, ,940,3,2,5,N,0,0,Y, , , , ,236188, , , ,1,0,0,0,0,0,1,0,0,0,0,0,0,0,0,0,0,0,0,0,0,1,0,0,0,0,0,0,0,0,0,0,1,1,0,1,0,39.9753,-75.1917,2, 
 ,22462,2016112193,6,67,67301,2016,10,2,1635,16,1,1,0,4,1, , ,N,1,2,3,3,0,1,3,2,N, ,39 57:25.881,75 09:31.332,1638, ,1636,1,1,3, , ,3,N, , , , ,236217, , , ,2,1,0,0,0,0,1,0,0,0,0,0,1,1,0,0,0,0,0,0,0,0,0,0,0,0,0,0,0,0,0,0,0,0,0,8,0,39.9572,-75.1587, , 
 ,22463,2016105827,6,67,67301,2016,9,3,8,0,3,1,0,4,1, , ,N,1,2,0,3,0,1,2,2,N, ,39 57:19.443,75 10:16.111,21, ,19, ,0, , , ,3, , , , , ,239005, , , ,2,1,0,0,0,0,1,0,0,0,0,1,1,0,0,0,0,0,1,0,0,0,0,0,0,0,0,0,0,0,0,0,0,0,0,4,0,39.9554,-75.1711, , 
 ,22464,2016131984,6,67,67301,2016,12,4,700,7,1,1,0,1,1, , ,N,0,0,0,3,0,0,2,2,N,N,40 05:07.594,75 12:38.367,705, ,700,1,1,1,N, ,0,N, , , , ,239037, , , ,2,1,0,0,1,0,0,0,0,0,0,0,0,0,0,0,0,0,0,0,1,0,0,0,0,0,0,0,0,0,0,0,0,0,0,0,0,40.0854,-75.2107, , 
 ,22465,2016065664,6,67,67301,2016,6,7,2340,23,3,1,0,5,6, , ,N,0,0,0,3,0,1,3,3,N,N,40 01:09.764,75 10:19.988,30, ,25, ,0, ,N, ,0, , , , , ,239044, , , ,3,2,0,0,0,0,0,1,0,0,0,0,1,1,0,0,0,0,0,0,0,0,0,3,0,0,0,0,0,0,0,0,0,0,0,8,0,40.0194,-75.1722, , 
 ,22466,2016073665,6,67,67301,2016,7,6,2358,23,3,1,0,1,1, , ,N,0,0,0,3,0,0,4,2,N,N,39 56:54.764,75 11:08.271,4, ,2358, ,0, , , ,0, , , , , ,239051, , , ,2,1,0,0,0,0,1,0,0,0,0,0,0,0,0,0,0,0,0,0,0,0,0,0,0,0,0,0,0,0,0,0,0,0,0,0,0,39.9485,-75.1856, , 
 ,22467,2016099593,6,67,67301,2016,9,1,1729,17,1,1,0,4,1, , ,N,1,2,0,3,0,3,6,3,N,N,39 58:15.733,75 09:20.582,1742, ,1734,2,2,4,N, ,3,N, , , , ,239068, , , ,3,1,0,0,0,0,1,0,0,0,0,3,3,0,0,0,0,0,0,0,0,0,0,2,0,0,0,0,0,0,0,0,0,0,0,4,0,39.9709,-75.1557, , 
 ,22468,2016114283,6,67,67301,2016,9,6,1925,19,4,1,1,1,1, , ,N,0,0,0,3,0,4,5,2,N,N,39 59:46.444,75 11:07.443,1940, ,1927,3,1,1,N, ,0,N, , , , ,239078, , , ,2,1,0,1,0,0,0,0,0,0,0,1,4,3,0,0,0,0,0,0,1,0,0,0,0,0,0,0,0,0,0,0,0,0,0,4,1,39.9962,-75.1854, , 
 ,22469,2016130000,6,67,67301,2016,11,1,9999,99,1,1,0,4,1, , ,N,1,2,0,3,0,0,2,2,N, ,40 01:13.249,75 08:02.518,925, ,900, ,0, , , ,3, , , , , ,239102, , , ,2,2,0,0,0,0,0,0,0,0,0,0,0,0,0,0,0,0,0,0,0,0,0,0,0,0,0,0,0,0,0,0,0,0,0,0,0,40.0203,-75.134, , 
 ,22470,2016138199,6,67,67301,2016,12,2,2000,20,6,9,0,4,1, , ,N,2,2,0,3,0,1,2,2,N, ,39 55:14.800,75 14:47.937,1430, ,1430, ,0, , , ,3, , , , , ,239106, , , ,2,1,0,1,0,0,0,0,0,0,0,0,1,1,1,0,0,0,0,0,0,0,0,0,0,0,0,0,0,0,0,0,0,0,0,8,1,39.9208,-75.2466, , 
 ,22471,2016068692,6,67,67301,2016,6,4,2331,23,3,1,0,8,1, , ,N,1,2,0,3,0,1,2,2,N,N,39 55:36.045,75 14:08.296,2343, ,2334, ,0, ,N, ,3, , , , , ,239122, , , ,1,1,0,0,0,0,0,0,0,0,0,0,1,1,0,0,0,0,0,0,0,0,0,1,0,0,0,0,0,0,0,0,1,0,0,8,0,39.9266,-75.2356, , 
 ,22472,2016080100,6,67,67301,2016,7,7,2050,20,4,2,1,8,1, , ,N,0,0,0,3,0,1,2,2,N,N,39 55:11.404,75 11:08.882,2104, ,2059, ,0, , , ,0, , , , , ,239131, , , ,1,0,0,0,0,0,1,0,0,0,0,1,1,0,0,0,0,0,0,0,0,0,0,0,0,0,0,0,0,0,0,0,1,0,0,4,0,39.9198,-75.1858, , 
 ,22473,2016129265,6,67,67301,2016,11,6,1928,19,3,1,0,4,1, , ,N,1,0,0,3,0,1,2,2,N,N,39 56:42.691,75 09:29.141,1940, ,1935, ,0, , , ,0, , , , , ,239154, , , ,1,1,0,0,0,0,0,0,1,0,1,0,1,0,1,0,0,0,0,0,0,0,0,0,0,0,0,0,0,0,0,0,0,0,0,3,0,39.9452,-75.1581, , 
 ,22474,2016129388,6,67,67301,2016,11,1,152,1,3,1,0,5,1, , ,N,0,0,0,3,0,1,4,3,N, ,39 56:51.993,75 09:41.670,153, ,152,9,2,6, , ,0,Y, , , , ,239160, , , ,2,0,0,0,0,0,2,0,0,0,0,0,1,1,2,0,0,0,0,0,0,0,0,1,0,0,0,0,0,0,0,0,1,0,0,8,0,39.9478,-75.1616, , 
 ,22475,2017007932,6,67,67301,2016,12,3,1101,11,1,2,1,6,1, , ,N,0,0,0,3,0,1,2,2,N, ,39 54:11.853,75 13:28.817,1109, ,1105, ,0, , , ,0, , , , , ,239178, , , ,2,2,0,0,0,0,0,0,0,0,0,1,1,0,1,0,0,0,0,0,0,0,1,0,0,0,0,0,0,0,0,0,0,0,0,4,0,39.9033,-75.2247, , 
 ,22476,2016117206,6,67,67301,2016,10,6,1300,13,1,1,0,5,6, , ,N,0,0,0,3,0,1,2,2,N,N,39 57:06.500,75 10:13.200,1315, ,1310, ,0, ,N, ,0, , , , , ,239185, , , ,2,0,0,0,1,1,0,0,0,0,0,1,1,0,0,0,0,0,0,0,0,0,0,1,0,0,0,0,0,0,0,0,0,0,0,4,1,39.9518,-75.1703, , 
 ,22477,2016120493,6,67,67301,2016,10,6,1410,14,1,1,0,1,1, , ,N,2,2,2,3,0,1,3,2,N,N,39 56:18.521,75 08:32.410,1628, ,1614, ,0, ,N, ,3, , , , , ,239187, , , ,2,0,0,0,1,0,0,1,0,0,0,1,1,0,0,0,0,0,0,0,1,0,0,1,0,0,0,0,0,0,0,0,0,0,0,4,0,39.9385,-75.1421, , 
 ,22478,2016105638,6,67,67301,2016,9,7,1325,13,1,1,0,5,1, , ,N,0,0,0,3,0,1,4,2,N,N,40 00:50.603,75 07:33.598,1345, ,1330, ,0, ,N, ,0, , , , , ,239188, , , ,2,1,0,0,0,0,1,0,0,0,0,0,1,1,0,0,0,0,0,0,1,0,0,2,0,0,0,0,0,0,0,0,0,0,0,8,0,40.0141,-75.126, , 
 ,22479,2016119657,6,67,67301,2016,10,6,1850,18,3,1,0,4,1, , ,N,2,3,0,3,0,2,4,2,N,N,39 54:57.347,75 14:42.963,1924, ,1924, ,0, ,N, ,3, , , , , ,239190, , , ,2,2,0,0,0,0,0,0,0,0,0,0,2,2,0,0,0,0,0,0,0,0,0,0,0,0,0,0,0,0,0,0,0,0,0,8,0,39.9159,-75.2453, , 
 ,22480,2016105157,6,67,67301,2016,10,6,928,9,1,1,0,1,1, , ,N,0,0,0,3,0,4,7,4,N,N,39 58:45.027,75 12:13.669,938, ,931,1,1,3, , ,0,N, , , , ,239197, , , ,4,0,0,0,0,0,4,0,0,0,0,0,4,4,0,0,0,0,0,0,1,0,0,0,0,0,0,0,0,0,0,0,0,0,0,8,0,39.9792,-75.2038, , 
 ,22481,2017005254,6,67,67301,2016,12,1,2025,20,3,1,0,8,1, , ,N,1,3,0,3,0,1,2,2,N, ,40 02:44.966,75 01:35.637,2055, ,2051, ,0, , , ,3, , , , , ,229652, , , ,1,1,0,0,0,0,0,0,0,0,0,1,1,0,0,0,0,0,0,0,0,0,0,1,0,0,0,0,0,0,0,0,1,0,0,4,0,40.0458,-75.0266, , 
 ,22482,2016126208,6,67,67301,2016,11,6,947,9,1,1,0,4,1, , ,N,0,0,7,3,0,2,2,2,N,N,40 05:41.100,75 00:59.800,1019, ,1007,1,1,1, , ,0,N, , , , ,229661, , , ,2,2,0,0,0,0,0,0,0,0,0,0,2,2,0,0,0,0,0,0,0,0,0,0,0,0,0,0,0,0,0,0,0,0,0,8,0,40.0948,-75.0166, , 
 ,22483,2016129233,6,67,67301,2016,11,4,1714,17,3,1,0,5,1, , ,N,0,0,0,3,0,1,2,2,N,N,40 02:16.456,75 02:16.247,1717, ,1715, ,0, ,N, ,0, , , , , ,229662, , , ,2,1,0,0,0,0,1,0,0,0,0,0,1,1,0,0,0,0,0,0,1,0,0,0,0,0,0,0,0,0,0,0,0,0,0,8,0,40.0379,-75.0378, , 
 ,22484,2016129229,6,67,67301,2016,11,2,2120,21,3,1,0,4,1, , ,N,1,3,0,3,0,0,2,2,N,N,40 03:10.058,75 08:06.953,2134, ,2134, ,0, ,N, ,3, , , , , ,229695, , , ,2,1,0,0,0,0,1,0,0,0,0,0,0,0,0,0,0,0,0,0,0,0,0,0,0,0,0,0,0,0,0,0,0,0,0,0,0,40.0528,-75.1353, , 
 ,22485,2016105665,6,67,67301,2016,9,3,2025,20,1,1,0,5,1, , ,N,3,0,0,3,0,1,2,2,N,N,39 58:35.233,75 11:21.692,2040, ,2039, ,0, ,N, ,0, , , , , ,229716, , , ,1,1,0,0,0,0,0,0,1,0,0,1,1,0,0,0,0,0,0,0,0,0,0,0,0,0,0,0,0,0,0,0,0,0,0,4,0,39.9765,-75.1894, , 
 ,22486,2016129536,6,67,67301,2016,11,6,1600,16,3,1,0,4,1, , ,N,2,0,0,3,0,2,2,2,N, ,39 58:02.404,75 10:26.332,1805, ,1800,2,2,6, , ,0,Y, , , , ,229732, , , ,2,0,0,0,0,0,1,1,0,0,1,0,2,1,0,0,0,0,0,0,1,0,0,1,0,0,0,0,0,0,0,0,0,0,0,3,0,39.9673,-75.174, , 
 ,22487,2016132163,6,67,67301,2016,11,3,1100,11,1,1,0,4,1, , ,N,1,2,0,3,0,0,4,2,N,N,40 02:17.754,75 06:05.767,1104, ,1101, ,0, , , ,1, , , , , ,229734, , , ,2,2,0,0,0,0,0,0,0,0,0,0,0,0,0,0,0,0,0,0,0,0,1,1,0,0,0,0,0,0,0,0,0,0,0,0,0,40.0383,-75.1016, , 
 ,22488,2017001476,6,67,67301,2016,12,6,1119,11,1,1,0,5,1, , ,N,0,0,0,3,0,1,3,2,N,N,39 56:59.871,75 08:28.608,1204, ,1152, ,0, , , ,0, , , , , ,229748, , , ,2,2,0,0,0,0,0,0,0,0,0,0,1,1,0,0,0,0,1,0,0,0,0,1,0,0,0,0,0,0,0,0,0,0,0,8,0,39.95,-75.1413, , 
 ,22489,2016138177,6,67,67301,2016,11,3,1424,14,1,1,0,3,1, , ,N,0,0,0,3,0,2,5,2,N,N,40 02:47.448,75 04:33.967,1734, ,1731, ,0, ,N, ,0, , , , , ,229786, , , ,2,0,0,0,0,1,1,0,0,0,0,2,2,0,0,0,0,0,0,0,0,0,0,0,0,0,0,0,0,0,0,0,0,0,0,4,1,40.0465,-75.0761, , 
 ,22490,2016135743,6,67,67301,2016,11,6,2326,23,3,1,0,8,1, , ,N,1,2,0,3,1,0,2,2,N,N,40 02:04.453,75 04:16.657,2331, ,2326,3,2,3,N,0,3,Y, , , , ,229790, , , ,1,0,0,0,0,0,1,0,0,0,0,0,0,0,0,0,0,0,0,0,1,0,0,0,0,0,0,0,0,0,0,0,1,1,0,1,0,40.0346,-75.0712,2, 
 ,22491,2016129531,6,67,67301,2016,11,7,450,4,3,1,0,5,6, , ,N,0,0,0,3,0,0,1,2,N,N,40 03:05.980,75 09:07.520,500, ,450, ,0, , , ,0, , , , , ,229797, , , ,2,1,0,0,0,0,1,0,0,0,0,0,0,0,1,0,0,0,0,0,0,0,0,0,0,0,0,0,0,0,0,0,0,0,0,9,0,40.0517,-75.1521, , 
 ,22492,2016132222,6,67,67301,2016,11,4,1805,18,2,2,1,8,1, , ,N,1,2,0,3,0,1,2,2,N, ,39 57:13.704,75 09:59.736,1813, ,1807, ,0, , , ,3, , , , , ,229801, , , ,1,0,0,0,0,0,1,0,0,0,0,0,1,1,0,0,0,0,0,0,1,0,0,1,0,0,0,0,0,0,0,0,1,0,0,8,0,39.9538,-75.1666, , 
 ,22493,2016117786,6,67,67301,2016,10,7,300,3,3,1,0,5,6, , ,N,0,0,0,3,0,0,2,3,N,N,39 58:02.360,75 07:52.403,310, ,305,3,2,5,N, ,0,Y, , , , ,229844, , , ,3,2,0,0,0,0,1,0,0,0,0,0,0,0,0,0,0,0,0,0,0,0,0,0,0,0,0,0,0,0,0,0,0,0,0,0,0,39.9673,-75.1312, , 
 ,22494,2016129541,6,67,67301,2016,11,5,1955,19,3,1,0,4,1, , ,N,1,2,0,3,0,0,3,2,N,N,40 05:20.314,75 01:15.336,2005, ,2005, ,0, ,N, ,3, , , , , ,229850, , , ,2,0,0,0,0,0,1,1,0,0,0,0,0,0,0,0,0,0,0,0,0,0,0,0,0,0,0,0,0,0,0,0,0,0,0,0,0,40.089,-75.0209, , 
 ,22495,2016124423,6,67,67301,2016,11,4,839,8,3,1,0,8,1, , ,N,1,3,0,3,0,1,2,2,N, ,39 58:30.313,75 07:35.032,847, ,844, ,0, , , ,3, , , , , ,229872, , , ,1,0,0,0,0,0,1,0,0,0,1,0,1,0,0,0,0,0,0,0,0,0,0,0,0,0,0,0,0,0,0,0,1,0,0,3,0,39.9751,-75.1264, , 
 ,22496,2016105492,6,67,67301,2016,10,5,420,4,3,1,0,4,1, , ,N,5,2,0,3,0,1,2,2,N,N,40 02:03.671,75 04:29.368,420, ,420,3,2,6,N, ,3,Y, , , , ,229879, , , ,2,0,0,0,0,0,2,0,0,0,0,1,1,0,0,0,0,0,0,0,1,1,0,0,0,0,0,0,0,0,0,0,0,0,0,4,0,40.0344,-75.0748, , 
 ,22497,2017022782,6,67,67301,2016,10,7,1745,17,1,1,0,5,1, , ,N,0,0,0,3,0,1,2,2,N,N,39 58:49.424,75 14:47.212,0, ,0, ,0, ,N, ,0, , , , , ,229885, , , ,2,1,0,0,0,0,1,0,0,0,1,0,1,0,0,0,0,0,0,0,1,0,0,1,0,0,0,0,0,0,0,0,0,0,0,3,0,39.9804,-75.2464, , 
 ,22498,2017007855,6,67,67301,2016,12,7,245,2,3,1,0,7,4, , ,N,0,0,0,3,0,2,2,1,N,N,40 01:37.890,75 11:33.580,248, ,242,2,2,3,N, ,0,N, , , , ,229916, , , ,1,1,0,0,0,0,0,0,0,0,0,0,2,2,0,0,0,0,0,0,0,0,0,0,0,0,0,0,0,0,0,0,0,0,0,8,0,40.0272,-75.1927, , 
 ,22499,2016105011,6,67,67301,2016,9,7,915,9,1,1,0,4,1, , ,N,1,3,1,3,0,0,2,2,N,N,39 58:14.108,75 09:03.120,934, ,933, ,0, ,N, ,3, , , , , ,232848, , , ,2,2,0,0,0,0,0,0,0,0,0,0,0,0,0,0,0,0,0,0,0,0,0,0,0,0,0,0,0,0,0,0,0,0,0,0,0,39.9705,-75.151, , 
 ,22500,2016058610,6,67,67301,2016,5,3,2015,20,3,2,1,4,1, , ,N,1,2,0,3,0,1,3,2,N,N,39 58:04.432,75 09:42.614,2023, ,2021, ,0, ,N, ,3, , , , , ,232856, , , ,2,2,0,0,0,0,0,0,0,0,0,1,1,0,0,0,0,0,0,0,0,0,0,1,0,0,0,0,0,0,0,0,0,0,0,4,0,39.9679,-75.1618, , 
 ,22501,2016064048,6,67,67301,2016,5,3,2130,21,3,1,0,8,1, , ,N,0,0,0,3,0,1,2,2,N, ,40 00:21.628,75 06:33.490,2308, ,2308, ,0, , , ,0, , , , , ,232860, , , ,1,0,0,0,0,0,1,0,0,0,0,1,1,0,0,0,0,0,0,0,0,0,0,1,0,0,0,0,0,0,0,0,1,0,0,4,0,40.006,-75.1093, , 
 ,22502,2016070496,6,67,67301,2016,7,1,2000,20,4,1,0,1,1, , ,N,0,0,2,3,0,1,2,2,N,N,39 57:24.220,75 09:09.800,2015, ,2006,2,2,3, , ,0,N, , , , ,232866, , , ,2,0,1,0,0,0,1,0,0,0,1,0,1,0,0,0,0,0,0,0,0,0,0,0,0,0,0,0,0,0,0,0,0,0,0,3,0,39.9567,-75.1527, , 
 ,22503,2017003605,6,67,67301,2016,12,4,1455,14,1,1,0,1,1, , ,N,0,0,2,3,0,1,2,2,N,N,39 58:32.310,75 11:58.111,1608, ,1602, ,0, ,N, ,0, , , , , ,232873, , , ,2,1,0,0,0,0,1,0,0,0,0,1,1,0,1,0,0,0,0,0,0,0,0,0,0,0,0,0,0,0,0,0,0,0,0,4,0,39.9756,-75.1995, , 
 ,22504,2017005204,6,67,67301,2016,12,1,1955,19,3,1,0,4,1, , ,N,1,2,0,3,0,2,6,2,N,N,40 02:19.773,75 08:37.097,2103, ,2102,2,1,3,N, ,3,Y, , , , ,232911, , , ,2,1,0,0,0,0,1,0,0,0,1,1,2,0,0,0,0,0,0,1,0,0,0,0,0,0,0,0,0,0,0,0,0,0,0,3,0,40.0388,-75.1436, , 
 ,22505,2016124987,6,67,67301,2016,11,3,1036,10,1,2,1,7,3, , ,N,0,0,0,3,0,0,1,1,N,N,39 55:24.419,75 08:50.443,1037, ,1036,1,1,1, , ,0,N, , , , ,232917, , , ,1,1,0,0,0,0,0,0,0,0,0,0,0,0,0,0,0,0,0,0,0,0,0,0,0,0,0,0,0,0,0,0,0,0,0,0,0,39.9234,-75.1473, , 
 ,22506,2016117665,6,67,67301,2016,10,4,1245,12,1,1,0,1,1, , ,N,2,2,0,3,0,0,3,3,N,N,39 59:13.712,75 11:14.608,1253, ,1250, ,0, ,N, ,3, , , , , ,232918, , , ,3,1,0,0,1,0,0,0,0,0,0,0,0,0,0,0,0,0,0,0,1,0,0,0,0,0,0,0,0,0,0,0,0,0,0,0,0,39.9872,-75.1874, , 
 ,22507,2017007877,6,67,67301,2016,12,6,1034,10,1,1,0,8,1, , ,N,1,2,0,3,0,1,2,2,N, ,40 05:36.005,74 57:43.465,1040, ,1038, ,0, , , ,3, , , , , ,232933, , , ,1,0,0,0,0,0,1,0,0,0,0,1,1,0,0,0,0,0,0,0,0,0,0,0,0,0,0,0,0,0,0,0,1,0,0,4,0,40.0933,-74.9621, , 
 ,22508,2017021477,6,67,67301,2016,9,5,2030,20,4,1,0,1,1, , ,N,0,0,0,3,0,3,6,2,N,N,40 00:40.900,75 08:27.800,0, ,0, ,0, ,N, ,0, , , , , ,232936, , , ,2,2,0,0,0,0,0,0,0,0,2,0,3,1,0,0,0,0,0,0,0,0,0,2,0,0,0,0,0,0,0,0,0,0,0,3,0,40.0114,-75.1411, , 
 ,22509,2016129293,6,67,67301,2016,11,3,1312,13,1,1,0,5,1, , ,N,0,0,0,3,0,2,3,2,N, ,39 59:11.322,75 09:22.399,9999, ,9999, ,0, , , ,0, , , , , ,232947, , , ,2,2,0,0,0,0,0,0,0,0,0,2,2,0,0,0,0,0,0,0,1,0,0,1,0,0,0,0,0,0,0,0,0,0,0,4,0,39.9865,-75.1562, , 
 ,22510,2016110553,6,67,67301,2016,10,5,1545,15,1,1,0,7,4, , ,N,0,0,3,3,0,0,1,1,N,N,39 54:40.120,75 09:46.119,1553, ,1547, ,0, ,N, ,0, , , , , ,232949, , , ,1,1,0,0,0,0,0,0,0,0,0,0,0,0,0,0,0,0,0,0,0,0,0,0,0,0,0,0,0,0,0,0,0,0,0,0,0,39.9111,-75.1628, , 
 ,22511,2016132235,6,67,67301,2016,11,2,1952,19,3,1,0,4,1, , ,N,1,2,0,3,0,1,3,2,N,N,40 01:55.826,75 05:30.584,1957, ,1955, ,0, ,N, ,3, , , , , ,232952, , , ,2,2,0,0,0,0,0,0,0,0,0,1,1,0,0,0,0,0,0,0,0,0,0,2,0,0,0,0,0,0,0,0,0,0,0,4,0,40.0322,-75.0918, , 
 ,22512,2016091636,6,67,67301,2016,8,5,920,9,1,1,0,4,1, , ,N,3,3,0,3,0,1,3,2,N,N,39 59:20.108,75 10:32.055,941, ,933, ,0, ,N, ,3, , , , , ,232975, , , ,2,1,0,0,1,0,0,0,0,0,0,0,1,1,0,0,0,0,0,0,1,0,0,0,0,0,0,0,0,0,0,0,0,0,0,8,0,39.9889,-75.1756, , 
 ,22513,2016087658,6,67,67301,2016,8,6,2142,21,3,1,0,4,1, , ,N,1,2,0,3,0,1,4,2,N,N,40 01:22.391,75 08:13.477,2150, ,2142,1,1,2,N, ,3,N, , , , ,232982, , , ,2,1,0,0,0,0,0,1,0,0,0,1,1,0,3,0,1,0,0,0,0,0,0,0,0,0,0,0,0,0,0,0,0,0,0,4,0,40.0229,-75.1371, , 
 ,22514,2016105867,6,67,67301,2016,9,7,2325,23,3,1,0,4,1, , ,N,1,2,0,3,0,1,2,2,N,N,39 56:16.305,75 10:00.120,1700, ,1652, ,0, , , ,3, , , , , ,232999, , , ,1,1,0,0,0,0,0,0,1,0,0,1,1,0,1,0,0,0,0,0,0,0,0,0,0,0,0,0,0,0,0,0,0,0,0,4,0,39.9379,-75.1667, , 
 ,22515,2016106307,6,67,67301,2016,10,7,2240,22,2,2,1,2,1, , ,N,0,0,3,3,0,3,5,2,N,N,40 02:49.491,74 59:45.960,2255, ,2250,2,2,6,N, ,0,Y, , , , ,233003, , , ,2,0,0,0,0,0,2,0,0,0,0,3,3,0,0,0,0,0,0,0,0,0,0,0,0,0,0,0,0,0,0,0,0,0,0,4,0,40.0471,-74.9961, , 
 ,22516,2016108538,6,67,67301,2016,10,1,1000,10,1,2,1,1,1, , ,N,1,3,0,3,0,0,2,2,N,N,40 04:44.683,75 13:33.589,1007, ,1004, ,0, ,N, ,3, , , , , ,233009, , , ,2,1,0,0,0,0,1,0,0,0,0,0,0,0,0,0,0,0,0,0,0,0,0,1,0,0,0,0,0,0,0,0,0,0,0,0,0,40.0791,-75.226, , 
 ,22517,2016080346,6,67,67301,2016,6,7,1135,11,1,1,0,4,1, , ,N,1,3,0,3,0,1,5,2,N,N,40 03:17.866,75 05:05.373,1148, ,1147,2,2,4,N, ,3,Y, , , , ,236247, , , ,2,1,0,0,0,0,1,0,0,0,0,1,1,0,0,0,0,0,0,0,1,0,0,0,0,0,0,0,0,0,0,0,0,0,0,4,0,40.055,-75.0848, , 
 ,22518,2016117914,6,67,67301,2016,11,4,2000,20,3,2,1,4,1, , ,N,0,0,0,3,0,0,2,2,N,N,39 57:03.400,75 10:58.979,2012, ,2000, ,0, , , ,0, , , , , ,236279, , , ,2,2,0,0,0,0,0,0,0,0,0,0,0,0,0,0,0,0,1,0,0,0,0,0,0,0,0,0,0,0,0,0,0,0,0,0,0,39.9509,-75.183, , 
 ,22519,2016112131,6,67,67301,2016,10,4,2044,20,3,1,0,4,1, , ,N,0,0,0,3,0,0,2,2,N,N,39 56:26.300,75 13:07.700,2044, ,2044, ,0, ,N, ,0, , , , , ,236287, , , ,2,2,0,0,0,0,0,0,0,0,0,0,0,0,0,0,0,0,0,0,0,0,0,0,0,0,0,0,0,0,0,0,0,0,0,0,0,39.9406,-75.2188, , 
 ,22520,2016119323,6,67,67301,2016,11,4,2110,21,3,1,1,7,2, , ,N,7,0,2,3,0,0,1,1,N,N,39 56:21.493,75 08:37.679,2123, ,2118,2,2,2, , ,0,N, , , , ,236297, , , ,1,1,0,0,0,0,0,0,0,0,0,0,0,0,0,0,0,0,0,0,0,0,0,1,0,0,0,0,0,0,0,0,0,0,0,0,0,39.9407,-75.1435, , 
 ,22521,2016063946,6,67,67301,2016,6,4,2222,22,3,1,0,6,1, , ,N,0,0,0,3,0,1,2,2,N,N,40 02:03.152,75 10:36.548,2232, ,2222, ,0, ,N, ,0, , , , , ,236305, , , ,2,1,0,0,1,0,0,0,0,0,0,0,1,1,0,0,0,0,0,0,0,0,0,1,0,0,0,0,0,0,0,0,0,0,0,8,0,40.0342,-75.1768, , 
 ,22522,2016080767,6,67,67301,2016,7,6,1642,16,1,1,0,6,1, , ,N,0,0,0,3,0,1,2,2,N,N,39 59:53.224,75 09:55.260,1802, ,1734, ,0, , , ,0, , , , , ,236319, , , ,1,1,0,0,0,0,0,0,1,0,0,1,1,0,0,0,0,0,0,0,0,0,0,0,0,0,0,0,0,0,0,0,0,0,0,4,0,39.9981,-75.1654, , 
 ,22523,2016105902,6,67,67301,2016,9,7,249,2,3,1,0,1,6, , ,N,0,0,0,3,0,0,1,3,N,N,40 00:06.447,75 03:54.078,255, ,249, ,0, ,N, ,0, , , , , ,236335, , , ,3,0,0,0,0,0,3,0,0,0,0,0,0,0,0,0,0,0,0,0,0,0,0,0,0,0,0,0,0,0,0,0,0,0,0,0,0,40.0018,-75.065, , 