wz_ln_closure,objectid_1,crn,district,county,municipality,crash_year,crash_month,day_of_week,time_of_day,hour_of_day,illumination,weather,road_condition,collision_type,relation_to_road,work_zone_type,work_zone_loc,work_zone_ind,intersect_type,tcd_type,location_type,urban_rural,fatal_count,injury_count,person_count,total_units,sch_bus_ind,sch_zone_ind,latitude,longitude,arrival_tm,cons_zone_spd_lim,dispatch_tm,est_hrs_closed,lane_closed,ln_close_dir,ntfy_hiwy_maint,spec_juris_cd,tcd_func_cd,tfc_detour_ind,workers_pres,wz_close_detour,wz_flagger,wz_law_offcr_ind,objectid,wz_moving,wz_other,wz_shlder_mdn,vehicle_count,automobile_count,motorcycle_count,bus_count,small_truck_count,heavy_truck_count,suv_count,van_count,bicycle_count,maj_inj_count,mod_inj_count,min_inj_count,tot_inj_count,unk_inj_deg_count,unk_inj_per_count,driver_count_16yr,driver_count_17yr,driver_count_18yr,driver_count_19yr,driver_count_20yr,driver_count_50_64yr,driver_count_65_74yr,driver_count_75plus,unbelted_occ_count,unb_death_count,unb_maj_inj_count,belted_death_count,belted_maj_inj_count,mcycle_death_count,mcycle_maj_inj_count,bicycle_death_count,bicycle_maj_inj_count,ped_count,ped_death_count,ped_maj_inj_count,max_severity_level,comm_veh_count,dec_lat,dec_long,rdwy_surf_type_cd,county_name
 ,22524,2016109053,6,67,67301,2016,10,7,1949,19,3,2,1,5,1, , ,N,0,0,0,3,0,2,3,3,N,N,40 02:08.510,75 04:38.752,1954, ,1949,2,2,6,N, ,0,Y, , , , ,236337, , , ,3,3,0,0,0,0,0,0,0,0,1,1,2,0,0,0,0,0,1,0,0,0,0,1,0,0,0,0,0,0,0,0,0,0,0,3,0,40.0357,-75.0774, , 
 ,22525,2016056041,6,67,67301,2016,5,3,1841,18,1,1,0,4,1, , ,N,1,3,0,3,0,1,2,2,N,N,40 02:56.557,75 05:40.778,1855, ,1847, ,0, ,N, ,3, , , , , ,236339, , , ,2,2,0,0,0,0,0,0,0,0,0,0,1,1,0,0,0,0,0,0,0,0,0,0,0,0,0,0,0,0,0,0,0,0,0,8,0,40.049,-75.0947, , 
 ,22526,2016057271,6,67,67301,2016,5,2,1112,11,1,1,1,4,1, , ,N,1,2,3,3,0,1,2,2,N,N,39 57:26.638,75 09:25.497,1113, ,112,1,2,1, , ,3,Y, , , , ,236342, , , ,2,2,0,0,0,0,0,0,0,0,0,1,1,0,0,0,0,0,1,0,0,0,0,0,0,0,0,0,0,0,0,0,0,0,0,4,0,39.9574,-75.1571, , 
 ,22527,2016071098,6,67,67301,2016,6,5,2200,22,3,1,0,8,1, , ,N,1,2,0,3,0,1,2,2,N, ,39 56:50.107,75 13:36.654,308, ,302, ,0, , , ,3, , , , , ,236351, , , ,1,1,0,0,0,0,0,0,0,0,1,0,1,0,0,0,0,0,0,0,0,0,0,1,0,0,0,0,0,0,0,0,1,0,0,3,0,39.9473,-75.2269, , 
 ,22528,2016080532,6,67,67301,2016,6,4,843,8,1,1,0,8,1, , ,N,1,2,0,3,0,1,2,2,N,N,39 59:27.397,75 06:05.681,855, ,845, ,0, ,N, ,3, , , , , ,236354, , , ,1,0,0,0,0,0,1,0,0,0,1,0,1,0,0,0,0,0,0,0,0,0,0,0,0,0,0,0,0,0,0,0,1,0,0,3,0,39.9909,-75.1016, , 
 ,22529,2016084589,6,67,67301,2016,8,3,230,2,3,1,0,4,1, , ,N,1,3,0,3,0,2,6,2,N,N,40 02:37.064,75 08:14.625,307, ,303, ,0, ,N, ,3, , , , , ,236355, , , ,2,1,0,1,0,0,0,0,0,0,2,0,2,0,0,0,0,0,0,0,0,0,0,2,0,0,0,0,0,0,0,0,0,0,0,3,1,40.0436,-75.1374, , 
 ,22530,2016087142,6,67,67301,2016,8,6,1540,15,1,1,0,4,1, , ,N,1,3,0,3,0,1,2,3,N,N,39 57:34.009,75 14:21.443,1547, ,1545, ,0, ,N, ,3, , , , , ,236358, , , ,3,1,1,0,0,0,1,0,0,0,0,0,1,1,0,0,0,0,0,0,0,0,0,1,0,0,0,0,0,0,0,0,0,0,0,8,0,39.9594,-75.2393, , 
 ,22531,2016097095,6,67,67301,2016,9,7,119,1,3,1,0,1,1, , ,N,2,0,0,3,0,1,2,4,N, ,40 01:14.653,75 08:02.151,139, ,125, ,0, , , ,0, , , , , ,236364, , , ,4,4,0,0,0,0,0,0,0,0,0,1,1,0,0,0,0,0,0,0,0,0,0,1,0,0,0,0,0,0,0,0,0,0,0,4,0,40.0207,-75.1339, , 
 ,22532,2016090282,6,67,67301,2016,8,2,1055,10,1,1,0,1,1, , ,N,0,0,0,3,0,1,5,3,N, ,39 58:54.583,75 10:26.861,1109, ,1109, ,0, , , ,0, , , , , ,236366, , , ,3,2,0,0,0,0,1,0,0,0,0,1,1,0,0,0,0,0,0,0,1,0,0,2,0,0,0,0,0,0,0,0,0,0,0,4,0,39.9818,-75.1741, , 
 ,22533,2016108574,6,67,67301,2016,9,6,1530,15,1,2,1,4,1, , ,N,1,2,0,3,0,3,4,3,N,N,39 59:30.177,75 13:47.387,1550, ,1540, ,0, ,N, ,3, , , , , ,236379, , , ,3,2,0,0,1,0,0,0,0,0,0,0,3,3,0,0,0,0,0,0,1,0,1,1,0,0,0,0,0,0,0,0,0,0,0,8,0,39.9917,-75.2298, , 
 ,22534,2016119267,6,67,67301,2016,10,2,2316,23,3,2,0,7,7, , ,N,7,0,2,3,0,0,1,1,N,N,39 58:35.544,75 06:51.844,2336, ,2332,1,1,2, , ,0,N, , , , ,236380, , , ,1,0,0,0,0,0,1,0,0,0,0,0,0,0,0,0,0,0,0,0,1,0,0,0,0,0,0,0,0,0,0,0,0,0,0,0,0,39.9765,-75.1144, , 
 ,22535,2016120579,6,67,67301,2016,10,6,1806,18,8,1,0,4,1, , ,N,1,0,7,3,0,1,3,2,N,N,40 05:39.200,75 01:01.800,1810, ,1806, ,0, ,N, ,0, , , , , ,238222, , , ,2,2,0,0,0,0,0,0,0,0,0,1,1,0,0,0,0,0,0,0,1,0,0,0,0,0,0,0,0,0,0,0,0,0,0,4,0,40.0942,-75.0172, , 
 ,22536,2016112120,6,67,67301,2016,10,4,1657,16,1,1,0,8,1, , ,N,2,3,0,3,0,1,2,2,N,N,39 56:46.003,75 09:05.205,1712, ,1209, ,0, ,N, ,3, , , , , ,238229, , , ,1,0,0,1,0,0,0,0,0,0,0,0,1,1,0,0,0,0,0,0,0,0,1,0,0,0,0,0,0,0,0,0,1,0,0,8,1,39.9461,-75.1514, , 
 ,22537,2016108567,6,67,67301,2016,9,7,1430,14,1,1,0,8,1, , ,N,1,2,0,3,0,1,2,2,N,N,39 57:12.030,75 11:01.741,940, ,940, ,0, , , ,3, , , , , ,238231, , , ,1,0,0,1,0,0,0,0,0,0,0,0,1,1,1,0,0,0,0,0,0,0,0,0,0,0,0,0,0,0,0,0,1,0,0,8,1,39.9533,-75.1838, , 
 ,22538,2016126056,6,67,67301,2016,11,2,1418,14,1,9,0,4,1, , ,N,1,3,0,3,0,1,2,2,N,N,39 57:59.061,75 12:06.314,1436, ,1417, ,0, , , ,3, , , , , ,238239, , , ,1,0,0,0,0,0,1,0,1,0,0,0,1,1,0,0,0,0,0,0,0,0,0,1,0,0,0,0,0,0,0,0,0,0,0,8,0,39.9664,-75.2018, , 
 ,22539,2016135704,6,67,67301,2016,12,2,9999,99,3,1,0,4,1, , ,N,1,2,0,3,0,2,3,2,N,N,39 59:34.565,75 13:03.613,1705, ,1700,1,1,5, , ,3,N, , , , ,238244, , , ,2,1,0,0,0,0,1,0,0,0,1,0,2,1,0,0,0,0,0,0,0,0,0,1,0,0,0,0,0,0,0,0,0,0,0,3,0,39.993,-75.2176, , 
 ,22540,2016135677,6,67,67301,2016,11,4,9999,99,1,1,1,5,1, , ,N,0,0,0,3,0,1,2,2,N,N,40 05:52.773,75 00:42.701,659, ,653, ,0, , , ,0, , , , , ,238248, , , ,2,2,0,0,0,0,0,0,0,0,0,0,1,1,0,0,0,0,1,0,0,0,0,0,0,0,0,0,0,0,0,0,0,0,0,8,0,40.098,-75.0119, , 
 ,22541,2017005250,6,67,67301,2016,12,3,1106,11,1,1,0,1,1, , ,N,1,2,1,3,0,2,6,2,N,N,39 57:33.256,75 13:09.246,1126, ,1123, ,0, ,N, ,3, , , , , ,238256, , , ,2,0,0,0,0,0,0,2,0,0,0,0,2,2,0,0,0,0,0,0,0,0,0,2,0,0,0,0,0,0,0,0,0,0,0,8,0,39.9592,-75.2192, , 
 ,22542,2016127828,6,67,67301,2016,11,5,1850,18,3,1,0,4,1, , ,N,0,0,7,3,0,1,2,2,N,N,40 04:31.357,75 11:35.387,1902, ,1857, ,0, ,N, ,0, , , , , ,238260, , , ,2,1,0,0,0,0,1,0,0,0,0,0,1,1,0,0,0,0,0,0,0,0,1,0,0,0,0,0,0,0,0,0,0,0,0,8,0,40.0754,-75.1932, , 
 ,22543,2016129977,6,67,67301,2016,11,7,240,2,3,1,8,2,1, , ,N,0,0,0,3,0,1,2,2,N, ,40 07:06.653,75 00:25.049,246, ,241,3,2,6, , ,0,Y, , , , ,238262, , , ,2,2,0,0,0,0,0,0,0,0,0,0,1,1,1,0,0,0,0,0,0,0,0,0,0,0,0,0,0,0,0,0,0,0,0,8,0,40.1185,-75.007, , 
 ,22544,2016137871,6,67,67301,2016,12,5,1401,14,1,1,0,1,1, , ,N,0,0,0,3,0,0,5,2,N,N,39 58:33.669,75 11:42.156,1411, ,1401,1,1,4, , ,0,N, , , , ,238282, , , ,2,0,0,0,0,0,2,0,0,0,0,0,0,0,0,0,0,0,0,0,1,0,0,0,0,0,0,0,0,0,0,0,0,0,0,0,0,39.976,-75.195, , 
 ,22545,2016138162,6,67,67301,2016,12,1,522,5,3,1,0,4,1, , ,N,1,2,0,3,0,3,4,3,N,N,40 01:28.740,75 07:25.247,538, ,522,3,1,2,N, ,3,N, , , , ,238311, , , ,3,2,0,0,0,0,0,0,0,0,1,2,3,0,0,0,0,0,0,0,0,0,0,0,0,0,0,0,0,0,0,0,0,0,0,3,0,40.0247,-75.1237, , 
 ,22546,2016117122,6,67,67301,2016,10,3,1055,10,1,1,0,5,1, , ,N,0,0,0,3,0,1,2,3,N,N,40 02:06.829,75 11:02.695,1215, ,1209,2,1,3,N, ,0,N, , , , ,238327, , , ,3,3,0,0,0,0,0,0,0,0,0,0,1,1,1,0,0,0,0,0,0,0,0,0,0,0,0,0,0,0,0,0,0,0,0,8,0,40.0352,-75.1841, , 
 ,22547,2016086751,6,67,67301,2016,8,7,1700,17,1,1,0,8,1, , ,N,0,0,0,3,0,1,2,2,N, ,39 58:59.812,75 10:19.087,1705, ,1700, ,0, , , ,0, , , , , ,238335, , , ,1,0,0,0,1,0,0,0,0,0,1,0,1,0,0,0,0,0,0,0,0,1,0,1,0,0,0,0,0,0,0,0,1,0,0,3,0,39.9833,-75.172, , 
 ,22548,2016091620,6,67,67301,2016,8,7,1450,14,1,1,0,4,1, , ,N,0,0,7,3,0,1,2,2,N, ,39 58:01.346,75 14:45.208,1455, ,1455,2,1,2, , ,0,N, , , , ,238346, , , ,2,1,1,0,0,0,0,0,0,0,0,0,1,1,0,0,0,0,0,0,0,0,0,0,0,0,0,0,0,0,0,0,0,0,0,8,0,39.967,-75.2459, , 
 ,22549,2016108551,6,67,67301,2016,10,7,40,0,3,2,1,4,1, , ,N,3,2,0,3,0,0,4,2,N,N,40 03:14.353,75 07:35.903,111, ,59, ,0, ,N, ,3, , , , , ,238350, , , ,2,2,0,0,0,0,0,0,0,0,0,0,0,0,4,0,0,0,0,0,0,0,0,0,0,0,0,0,0,0,0,0,0,0,0,9,0,40.054,-75.1266, , 
 ,22550,2016126202,6,67,67301,2016,11,7,1100,11,1,1,0,4,1, , ,N,1,2,0,3,0,2,3,2,N,N,40 03:15.244,75 02:57.569,1120, ,1108,1,1,3,N, ,3,Y, , , , ,238359, , , ,2,1,0,0,0,0,1,0,0,0,0,0,2,2,0,0,0,0,0,0,1,1,0,0,0,0,0,0,0,0,0,0,0,0,0,8,0,40.0542,-75.0493, , 
 ,22551,2016117173,6,67,67301,2016,10,6,1810,18,1,1,0,5,6, , ,N,0,0,0,3,0,2,2,2,N, ,40 01:54.374,75 02:02.628,1812, ,1811, ,0, , , ,0, , , , , ,238370, , , ,2,1,0,0,1,0,0,0,0,0,0,0,2,2,0,0,0,0,0,0,0,0,0,0,0,0,0,0,0,0,0,0,0,0,0,8,0,40.0318,-75.0341, , 
 ,22552,2016117716,6,67,67301,2016,10,3,2200,22,3,1,0,5,6, , ,N,0,0,0,3,0,0,2,3,N,N,40 03:33.019,75 10:33.668,2206, ,2204, ,0, ,N, ,0, , , , , ,238371, , , ,3,1,0,0,0,0,2,0,0,0,0,0,0,0,1,0,0,0,0,0,0,0,0,0,0,0,0,0,0,0,0,0,0,0,0,9,0,40.0592,-75.176, , 
 ,22553,2016126117,6,67,67301,2016,11,7,1531,15,1,1,0,5,6, , ,N,0,0,0,3,0,0,1,2,N, ,40 01:51.039,75 03:16.562,1553, ,1550,3,1,2, , ,0,N, , , , ,229928, , , ,2,0,0,0,0,1,1,0,0,0,0,0,0,0,0,0,0,0,0,0,0,0,0,0,0,0,0,0,0,0,0,0,0,0,0,0,1,40.0308,-75.0546, , 
 ,22554,2016097616,6,67,67301,2016,8,6,1925,19,1,1,0,4,1, , ,N,2,3,0,3,0,0,2,2,N, ,40 00:33.166,75 09:28.054,1945, ,1939, ,0, , , ,3, , , , , ,229935, , , ,2,1,0,0,0,0,1,0,0,0,0,0,0,0,0,0,0,0,0,0,0,0,0,0,0,0,0,0,0,0,0,0,0,0,0,0,0,40.0092,-75.1578, , 
 ,22555,2016119350,6,67,67301,2016,11,6,1116,11,1,1,0,1,1, , ,N,0,0,0,3,0,0,2,2,N,N,39 55:45.066,75 08:46.719,1127, ,1118,2,1,2, , ,0,N, , , , ,229953, , , ,2,2,0,0,0,0,0,0,0,0,0,0,0,0,0,0,0,0,0,0,0,0,0,0,0,0,0,0,0,0,0,0,0,0,0,0,0,39.9292,-75.1463, , 
 ,22556,2016097710,6,67,67301,2016,9,3,2300,23,3,1,0,6,1, , ,N,2,0,0,3,0,0,3,2,N, ,40 03:24.343,75 10:19.527,2330, ,2307, ,0, , , ,0, , , , , ,229955, , , ,2,1,0,0,0,0,1,0,0,0,0,0,0,0,0,0,0,0,0,0,1,0,0,2,0,0,0,0,0,0,0,0,0,0,0,0,0,40.0568,-75.1721, , 
 ,22557,2016103014,6,67,67301,2016,10,1,438,4,3,1,0,1,1, , ,N,0,8,2,3,0,0,2,2,N,N,39 57:19.962,75 08:53.441,446, ,438, ,0, ,N, ,2, , , , , ,229959, , , ,2,1,0,0,0,0,1,0,0,0,0,0,0,0,0,0,0,0,0,0,2,0,0,0,0,0,0,0,0,0,0,0,0,0,0,0,0,39.9555,-75.1482, , 
 ,22558,2016135781,6,67,67301,2016,11,4,235,2,3,2,1,7,4, , ,N,0,0,0,3,0,1,1,1,N,N,40 02:59.539,75 14:38.925,248, ,242, ,0, ,N, ,0, , , , , ,229973, , , ,1,1,0,0,0,0,0,0,0,0,1,0,1,0,0,0,0,0,0,1,0,0,0,0,0,0,0,0,0,0,0,0,0,0,0,3,0,40.0499,-75.2441, , 
 ,22559,2016129369,6,67,67301,2016,11,7,221,2,3,1,0,4,1, , ,N,5,3,0,3,0,0,2,5,N,N,39 56:14.190,75 10:36.127,221, ,221, ,0, ,N, ,3, , , , , ,229998, , , ,5,3,0,0,0,0,2,0,0,0,0,0,0,0,0,0,0,0,0,0,0,0,0,0,0,0,0,0,0,0,0,0,0,0,0,0,0,39.9373,-75.1767, , 
 ,22560,2017003653,6,67,67301,2016,12,1,1935,19,3,1,0,4,1, , ,N,1,2,0,3,0,3,3,2,N,N,40 00:57.350,75 09:13.935,2014, ,2007, ,0, , , ,3, , , , , ,230018, , , ,2,1,0,0,0,0,1,0,0,0,0,3,3,0,0,0,0,0,0,0,1,0,0,0,0,0,0,0,0,0,0,0,0,0,0,4,0,40.0159,-75.1538, , 
 ,22561,2016129967,6,67,67301,2016,11,6,1835,18,3,1,0,7,3, , ,N,1,2,0,3,0,0,2,2,N, ,40 02:25.164,75 03:30.735,1845, ,1843, ,0, , , ,3, , , , , ,230023, , , ,1,1,0,0,0,0,0,0,0,0,0,0,0,0,0,0,0,0,0,0,1,0,0,0,0,0,0,0,0,0,0,0,0,0,0,0,0,40.0403,-75.0585, , 
 ,22562,2016129554,6,67,67301,2016,11,5,1540,15,1,1,0,4,1, , ,N,2,3,0,3,0,3,3,2,N, ,39 55:06.855,75 11:03.803,1549, ,1548,1,1,4,N, ,3,Y, , , , ,230024, , , ,2,2,0,0,0,0,0,0,0,0,0,0,3,3,0,0,0,0,0,0,0,1,0,1,0,0,0,0,0,0,0,0,0,0,0,8,0,39.9186,-75.1844, , 
 ,22563,2016135702,6,67,67301,2016,12,2,1130,11,1,1,0,4,1, , ,N,2,0,0,3,0,1,6,2,N,N,39 59:43.104,75 04:38.629,1140, ,1136,1,1,5,N, ,0,Y, , , , ,230027, , , ,2,1,0,0,0,0,0,1,0,0,1,0,1,0,0,0,0,0,0,0,0,0,0,3,0,0,0,0,0,0,0,0,0,0,0,3,0,39.9953,-75.0774, , 
 ,22564,2016126028,6,67,67301,2016,11,1,955,9,1,1,0,3,1, , ,N,0,0,0,3,0,1,1,2,N, ,40 00:40.237,75 08:31.678,1006, ,1001, ,0, , , ,0, , , , , ,230045, , , ,2,2,0,0,0,0,0,0,0,0,0,0,1,1,0,0,0,0,0,0,0,0,0,0,0,0,0,0,0,0,0,0,0,0,0,8,0,40.0112,-75.1421, , 
 ,22565,2016054202,6,67,67301,2016,4,3,1145,11,1,1,0,1,6, , ,N,0,0,0,3,0,1,3,2,N,N,40 00:45.716,75 08:30.443,1222, ,1215, ,0, ,N, ,0, , , , , ,230086, , , ,2,0,0,1,0,0,0,1,0,0,0,1,1,0,0,0,0,0,0,0,1,0,0,0,0,0,0,0,0,0,0,0,0,0,0,4,1,40.0127,-75.1418, , 
 ,22566,2016056015,6,67,67301,2016,5,2,440,4,3,1,0,4,1, , ,N,1,2,0,3,0,1,2,2,N,N,40 01:42.775,75 03:28.507,444, ,442, ,0, , , ,3, , , , , ,230089, , , ,2,0,0,0,0,0,1,1,0,0,0,0,1,1,0,0,0,0,0,0,2,0,0,0,0,0,0,0,0,0,0,0,0,0,0,8,0,40.0285,-75.0579, , 
 ,22567,2016129514,6,67,67301,2016,11,3,1425,14,1,1,0,4,1, , ,N,1,2,0,3,0,1,2,2,N,N,40 02:09.477,75 02:33.014,1504, ,1500, ,0, ,N, ,3, , , , , ,230124, , , ,2,2,0,0,0,0,0,0,0,0,0,1,1,0,0,0,0,0,0,0,1,0,0,0,0,0,0,0,0,0,0,0,0,0,0,4,0,40.0359,-75.0424, , 
 ,22568,2017006788,6,67,67301,2016,12,7,1425,14,1,1,1,7,4, , ,N,7,0,0,3,0,1,4,1,N,N,39 55:24.160,75 11:32.076,1435, ,1426,2,2,3, , ,0,N, , , , ,230134, , , ,1,0,0,0,0,0,1,0,0,0,1,0,1,0,0,0,0,0,0,0,0,0,0,0,0,0,0,0,0,0,0,0,0,0,0,3,0,39.9234,-75.1922, , 
 ,22569,2017001640,6,67,67301,2016,12,2,1604,16,1,1,0,8,1, , ,N,1,2,0,3,0,1,2,2,N,N,40 03:58.061,75 03:46.964,1626, ,1624, ,0, ,N, ,3, , , , , ,230137, , , ,1,0,0,0,0,0,1,0,0,0,0,1,1,0,0,0,0,0,0,0,1,0,0,1,0,0,0,0,0,0,0,0,1,0,0,4,0,40.0661,-75.063, , 
 ,22570,2016097083,6,67,67301,2016,9,6,1354,13,1,1,0,4,1, , ,N,1,0,0,3,0,0,2,2,N,N,39 58:13.707,75 08:50.134,1541, ,1536, ,0, ,N, ,0, , , , , ,230139, , , ,2,1,0,0,0,0,1,0,0,0,0,0,0,0,0,0,0,0,0,0,0,0,0,0,0,0,0,0,0,0,0,0,0,0,0,0,0,39.9704,-75.1474, , 
 ,22571,2016058554,6,67,67301,2016,5,3,1515,15,1,1,0,8,1, , ,N,0,0,0,3,0,1,2,2,N, ,39 59:14.868,75 08:21.540,1105, ,1100, ,0, , , ,0, , , , , ,233011, , , ,1,1,0,0,0,0,0,0,0,0,0,1,1,0,0,0,0,0,0,0,0,0,0,1,0,0,0,0,0,0,0,0,1,0,0,4,0,39.9875,-75.1393, , 
 ,22572,2016059805,6,67,67301,2016,5,1,147,1,3,2,1,7,2, , ,N,7,0,2,3,0,0,1,1,N,N,39 57:35.399,75 10:42.496,203, ,147,1,1,3, , ,0,N, , , , ,233013, , , ,1,1,0,0,0,0,0,0,0,0,0,0,0,0,0,0,0,0,0,0,0,0,0,0,0,0,0,0,0,0,0,0,0,0,0,0,0,39.9598,-75.1785, , 
 ,22573,2016097637,6,67,67301,2016,8,1,9999,99,3,1,0,4,1, , ,N,1,2,0,3,0,3,4,2,N, ,40 03:06.267,75 09:10.785,100, ,55,9,1,4, , ,3,N, , , , ,233028, , , ,2,1,0,0,0,0,1,0,0,1,2,0,3,0,0,0,0,0,0,0,0,0,0,0,0,0,0,1,0,0,0,0,0,0,0,2,0,40.0517,-75.153, , 
 ,22574,2016105760,6,67,67301,2016,9,5,1545,15,1,1,0,4,1, , ,N,5,2,2,3,0,0,3,2,N,N,39 57:27.000,75 08:38.800,1635, ,1630, ,0, ,N, ,3, , , , , ,233036, , , ,2,1,0,0,0,0,1,0,0,0,0,0,0,0,0,0,0,0,0,0,1,1,0,1,0,0,0,0,0,0,0,0,0,0,0,0,0,39.9573,-75.1441, , 
 ,22575,2016105888,6,67,67301,2016,9,6,625,6,1,1,0,1,1, , ,N,2,2,0,3,0,2,5,2,N,N,39 56:50.333,75 11:41.630,629, ,629, ,0, , , ,3, , , , , ,233037, , , ,2,0,0,0,0,0,1,1,0,0,0,2,2,0,0,0,0,0,0,0,0,0,0,1,0,0,0,0,0,0,0,0,0,0,0,4,0,39.9473,-75.1949, , 
 ,22576,2016108572,6,67,67301,2016,9,6,1842,18,3,2,1,4,1, , ,N,2,2,0,3,0,2,3,2,N,N,40 03:46.988,75 05:11.702,1849, ,1842, ,0, ,N, ,3, , , , , ,233040, , , ,2,2,0,0,0,0,0,0,0,0,0,2,2,0,1,0,0,0,0,0,0,0,0,0,0,0,0,0,0,0,0,0,0,0,0,4,0,40.0631,-75.0866, , 
 ,22577,2016117147,6,67,67301,2016,10,2,544,5,3,1,0,5,1, , ,N,0,0,0,3,0,1,2,2,N,N,40 01:35.230,75 05:38.785,547, ,544, ,0, ,N, ,0, , , , , ,233052, , , ,2,2,0,0,0,0,0,0,0,0,0,0,1,1,0,0,0,0,0,0,0,0,0,0,0,0,0,0,0,0,0,0,0,0,0,8,0,40.0265,-75.0941, , 
 ,22578,2016080488,6,67,67301,2016,7,1,1859,18,1,1,0,1,1, , ,N,0,0,7,3,0,1,2,2,N,N,39 56:52.598,75 09:52.643,1905, ,1900, ,0, ,N, ,0, , , , , ,233058, , , ,2,1,1,0,0,0,0,0,0,0,0,0,1,1,0,0,0,0,0,0,0,1,0,0,0,0,0,0,0,0,0,0,0,0,0,8,0,39.9479,-75.1646, , 
 ,22579,2016084414,6,67,67301,2016,8,6,1239,12,1,1,0,0,2, , ,N,0,0,0,3,0,1,1,1,N,N,39 59:28.226,75 05:10.300,1243, ,1241,2,1,1, , ,0,N, , , , ,233063, , , ,1,0,0,0,0,0,0,1,0,0,0,0,1,1,0,0,0,0,0,0,1,0,0,0,0,0,0,0,0,0,0,0,0,0,0,8,0,39.9912,-75.0862, , 
 ,22580,2016135757,6,67,67301,2016,12,6,600,6,1,1,0,4,1, , ,N,1,3,0,3,0,1,2,2,N,N,39 57:30.295,75 08:55.469,655, ,651,3,1,2,N, ,3,N, , , , ,233069, , , ,2,1,0,0,0,0,1,0,0,0,0,1,1,0,0,0,0,0,0,0,1,0,0,0,0,0,0,0,0,0,0,0,0,0,0,4,0,39.9585,-75.1487, , 
 ,22581,2016129374,6,67,67301,2016,11,2,1850,18,4,1,0,1,1, , ,N,1,2,0,3,0,1,2,2,N,N,39 57:25.140,75 09:25.661,9999, ,1850, ,0, ,N, ,3, , , , , ,233089, , , ,2,2,0,0,0,0,0,0,0,0,0,0,1,1,1,0,0,0,0,0,0,0,0,0,0,0,0,0,0,0,0,0,0,0,0,8,0,39.957,-75.1571, , 
 ,22582,2016080719,6,67,67301,2016,7,6,9999,99,1,1,0,4,1, , ,N,2,2,0,3,0,1,2,2,N,N,40 06:25.084,75 02:13.815,834, ,829, ,0, ,N, ,3, , , , , ,233134, , , ,2,2,0,0,0,0,0,0,0,0,0,0,1,1,0,0,0,0,0,0,2,0,0,0,0,0,0,0,0,0,0,0,0,0,0,8,0,40.107,-75.0372, , 
 ,22583,2016080919,6,67,67301,2016,6,2,655,6,1,1,0,4,1, , ,N,1,2,0,3,0,1,2,2,N,N,40 02:46.150,75 04:44.993,721, ,714,3,1,6,N, ,3,N, , , , ,233135, , , ,2,1,0,0,0,0,1,0,0,0,1,0,1,0,0,0,0,0,0,0,0,0,0,0,0,0,0,0,0,0,0,0,0,0,0,3,0,40.0462,-75.0792, , 
 ,22584,2016082429,6,67,67301,2016,7,5,512,5,1,2,1,7,2, , ,N,0,0,0,3,0,0,1,1,N,N,39 59:00.747,75 05:52.419,535, ,526, ,0, , , ,0, , , , , ,233138, , , ,1,0,0,0,0,0,1,0,0,0,0,0,0,0,0,0,0,0,0,0,0,0,0,0,0,0,0,0,0,0,0,0,0,0,0,0,0,39.9835,-75.0979, , 
 ,22585,2016084751,6,67,67301,2016,8,7,1804,18,1,1,0,5,1, , ,N,0,0,0,3,0,0,2,2,N,N,39 59:43.213,75 11:52.289,1813, ,1804,1,1,3, , ,0,N, , , , ,233139, , , ,2,0,0,0,0,0,2,0,0,0,0,0,0,0,0,0,0,0,0,0,0,0,0,0,0,0,0,0,0,0,0,0,0,0,0,0,0,39.9953,-75.1979, , 
 ,22586,2017007941,6,67,67301,2016,12,5,1150,11,1,2,1,5,1, , ,N,0,0,0,3,0,1,3,4,N,N,40 01:22.072,75 10:42.265,1155, ,1152, ,0, ,N, ,0, , , , , ,233173, , , ,4,2,0,0,0,0,1,1,0,0,0,0,1,1,0,0,0,0,0,0,1,0,0,0,0,0,0,0,0,0,0,0,0,0,0,8,0,40.0228,-75.1784, , 
 ,22587,2017008362,6,67,67301,2016,1,4,2159,21,3,1,0,1,1, , ,N,2,0,0,3,0,2,2,2,N,N,39 59:28.233,75 14:52.722,2202, ,2159,1,1,2, , ,0,Y, , , , ,233175, , , ,2,1,0,0,0,0,1,0,0,0,2,0,2,0,0,0,0,0,0,0,2,0,0,0,0,0,0,0,0,0,0,0,0,0,0,3,0,39.9911,-75.2479, , 
 ,22588,2017003629,6,67,67301,2016,12,2,917,9,1,2,1,7,4, , ,N,0,0,0,3,0,0,1,1,N,N,40 00:59.812,75 12:09.343,929, ,918,1,2,1,N, ,0,Y, , , , ,233178, , , ,1,1,0,0,0,0,0,0,0,0,0,0,0,0,0,0,0,0,0,0,1,0,0,1,0,0,0,0,0,0,0,0,0,0,0,0,0,40.0166,-75.2026, , 
 ,22589,2017005741,6,67,67301,2016,12,1,1135,11,1,1,0,5,1, , ,N,0,0,0,3,0,1,3,2,N,N,40 01:13.547,75 09:16.452,1143, ,1143,9,1,1,N, ,0,N, , , , ,236390, , , ,2,2,0,0,0,0,0,0,0,0,0,0,1,1,0,0,0,0,0,0,1,0,0,2,0,0,0,0,0,0,0,0,0,0,0,8,0,40.0204,-75.1546, , 