wz_ln_closure,objectid_1,crn,district,county,municipality,crash_year,crash_month,day_of_week,time_of_day,hour_of_day,illumination,weather,road_condition,collision_type,relation_to_road,work_zone_type,work_zone_loc,work_zone_ind,intersect_type,tcd_type,location_type,urban_rural,fatal_count,injury_count,person_count,total_units,sch_bus_ind,sch_zone_ind,latitude,longitude,arrival_tm,cons_zone_spd_lim,dispatch_tm,est_hrs_closed,lane_closed,ln_close_dir,ntfy_hiwy_maint,spec_juris_cd,tcd_func_cd,tfc_detour_ind,workers_pres,wz_close_detour,wz_flagger,wz_law_offcr_ind,objectid,wz_moving,wz_other,wz_shlder_mdn,vehicle_count,automobile_count,motorcycle_count,bus_count,small_truck_count,heavy_truck_count,suv_count,van_count,bicycle_count,maj_inj_count,mod_inj_count,min_inj_count,tot_inj_count,unk_inj_deg_count,unk_inj_per_count,driver_count_16yr,driver_count_17yr,driver_count_18yr,driver_count_19yr,driver_count_20yr,driver_count_50_64yr,driver_count_65_74yr,driver_count_75plus,unbelted_occ_count,unb_death_count,unb_maj_inj_count,belted_death_count,belted_maj_inj_count,mcycle_death_count,mcycle_maj_inj_count,bicycle_death_count,bicycle_maj_inj_count,ped_count,ped_death_count,ped_maj_inj_count,max_severity_level,comm_veh_count,dec_lat,dec_long,rdwy_surf_type_cd,county_name
 ,22789,2015036688,6,67,67301,2015,3,5,1334,13,1,4,3,5,1, , ,N,0,0,0,3,0,0,2,2,N,N,40 01:39.120,75 11:33.125,1341, ,1334,2,1,2,N, ,0,N, , , , ,267817, , , ,2,1,0,0,0,0,1,0,0,0,0,0,0,0,1,0,0,0,0,0,0,0,0,0,0,0,0,0,0,0,0,0,0,0,0,9,0,40.0275,-75.1925, , 
 ,22790,2015039529,6,67,67301,2015,3,6,727,7,1,1,0,4,1, , ,N,1,2,0,3,0,2,4,2,N,N,40 02:07.432,75 02:59.146,731, ,728,2,1,3,N, ,3,Y, , , , ,271678, , , ,2,1,0,0,0,0,1,0,0,0,0,0,2,2,0,0,0,0,1,0,0,0,0,0,0,0,0,0,0,0,0,0,0,0,0,8,0,40.0354,-75.0498, , 
 ,22791,2015043252,6,67,67301,2015,3,3,1900,19,1,1,0,8,1, , ,N,0,0,0,3,0,1,2,2,N,N,39 56:26.980,75 10:21.896,1910, ,1900, ,0, ,N, ,0, , , , , ,271680, , , ,1,0,0,0,0,0,0,1,0,0,0,1,1,0,0,0,0,0,0,0,1,0,0,0,0,0,0,0,0,0,0,0,1,0,0,4,0,39.9408,-75.1727, , 
 ,22792,2015020710,6,67,67301,2015,1,6,1746,17,2,1,0,1,1, , ,N,0,2,0,3,0,1,2,2,N,N,39 56:19.763,75 10:28.404,1755, ,1746, ,0, , , ,3, , , , , ,271715, , , ,2,1,0,1,0,0,0,0,0,0,0,1,1,0,0,0,0,0,0,0,0,0,0,0,0,0,0,0,0,0,0,0,0,0,0,4,1,39.9388,-75.1746, , 
 ,22793,2015031046,6,67,67301,2015,3,1,9999,99,1,4,1,4,1, , ,N,1,2,0,3,0,0,2,2,N,N,40 02:18.188,75 10:36.876,1245, ,1245, ,0, , , ,3, , , , , ,271718, , , ,2,2,0,0,0,0,0,0,0,0,0,0,0,0,0,0,0,0,0,0,0,1,0,0,0,0,0,0,0,0,0,0,0,0,0,0,0,40.0384,-75.1769, , 
 ,22794,2015033726,6,67,67301,2015,2,6,1650,16,4,1,0,1,1, , ,N,0,0,0,3,0,0,7,5,N,N,40 01:07.482,75 09:57.205,1657, ,1652,2,2,2, , ,0,Y, , , , ,271721, , , ,5,3,0,0,1,0,1,0,0,0,0,0,0,0,0,0,0,0,0,0,0,0,0,0,0,0,0,0,0,0,0,0,0,0,0,0,0,40.0187,-75.1659, , 
 ,22795,2015036645,6,67,67301,2015,3,6,800,8,1,1,0,8,1, , ,N,0,0,0,3,0,1,2,2,N,Y,40 00:52.034,75 07:50.948,808, ,805, ,0, ,N, ,0, , , , , ,271729, , , ,1,0,0,0,0,0,0,1,0,0,1,0,1,0,0,0,0,0,0,0,0,0,0,0,0,0,0,0,0,0,0,0,1,0,0,3,0,40.0145,-75.1308, , 
 ,22796,2015042698,6,67,67301,2015,4,6,1400,14,1,9,0,8,1, , ,N,2,0,0,3,0,1,2,2,N,N,39 57:12.067,75 09:34.559,1400, ,1400, ,0, ,N, ,0, , , , , ,271735, , , ,1,1,0,0,0,0,0,0,0,0,0,1,1,0,0,0,0,0,0,0,0,0,0,0,0,0,0,0,0,0,0,0,1,0,0,4,0,39.9534,-75.1596, , 
 ,22797,2015012096,6,67,67301,2015,1,1,1106,11,1,7,5,5,1, , ,N,0,0,0,3,0,1,2,2,N,N,39 52:49.640,75 14:49.012,1205, ,1149, ,0, ,N, ,0, , , , , ,271751, , , ,2,1,0,0,1,0,0,0,0,0,0,1,1,0,0,0,0,0,0,0,0,0,0,0,0,0,0,0,0,0,0,0,0,0,0,4,0,39.8805,-75.2469, , 
 ,22798,2015015652,6,67,67301,2015,1,5,1750,17,3,1,0,4,1, , ,N,1,3,0,3,0,1,2,2,N, ,39 58:26.709,75 08:00.139,1755, ,1751, ,0, , , ,3, , , , , ,271756, , , ,2,0,1,0,0,0,1,0,0,0,0,0,1,1,0,0,0,0,0,0,0,0,0,0,0,0,0,0,0,0,0,0,0,0,0,8,0,39.9742,-75.1333, , 
 ,22799,2015035303,6,67,67301,2015,3,6,1755,17,1,3,4,5,1, , ,N,0,0,0,3,0,0,4,2,N,N,39 57:03.434,75 08:29.637,1804, ,1755, ,0, ,N, ,0, , , , , ,271774, , , ,2,2,0,0,0,0,0,0,0,0,0,0,0,0,0,0,0,0,0,1,0,0,0,0,0,0,0,0,0,0,0,0,0,0,0,0,0,39.951,-75.1416, , 
 ,22800,2015044581,6,67,67301,2015,4,6,2352,23,3,1,0,7,5, , ,N,0,0,0,3,0,0,1,1,N,N,39 59:43.331,75 11:51.354,1, ,2353,3,2,3,N, ,0,N, , , , ,271780, , , ,1,0,0,0,0,0,1,0,0,0,0,0,0,0,0,0,0,0,0,0,1,0,0,0,0,0,0,0,0,0,0,0,0,0,0,0,0,39.9954,-75.1976, , 
 ,22801,2015045447,6,67,67301,2015,4,2,709,7,1,1,0,4,1, , ,N,1,3,0,3,0,1,2,2,N,N,39 58:08.689,75 10:47.652,716, ,711, ,0, , , ,3, , , , , ,271781, , , ,1,1,0,0,0,0,0,0,1,0,0,0,1,1,0,0,0,0,0,0,1,0,0,0,0,0,0,0,0,0,0,0,0,0,0,8,0,39.9691,-75.1799, , 
 ,22802,2015050725,6,67,67301,2015,5,3,930,9,1,1,0,1,1, , ,N,1,2,0,3,0,1,2,2,N,N,40 00:31.061,75 12:38.922,934, ,930, ,0, ,N, ,3, , , , , ,271785, , , ,2,2,0,0,0,0,0,0,0,0,0,0,1,1,0,0,0,0,0,0,1,0,0,0,0,0,0,0,0,0,0,0,0,0,0,8,0,40.0085,-75.2107, , 
 ,22803,2015051636,6,67,67301,2015,4,6,807,8,1,1,0,1,1, , ,N,0,0,0,3,0,1,3,2,N,N,40 00:34.321,75 03:57.171,825, ,808, ,0, ,N, ,0, , , , , ,271786, , , ,2,2,0,0,0,0,0,0,0,0,0,1,1,0,0,0,0,0,0,0,0,0,0,0,0,0,0,0,0,0,0,0,0,0,0,4,0,40.0095,-75.0659, , 
 ,22804,2015025015,6,67,67301,2015,2,1,300,3,3,4,5,7,4, , ,N,2,2,0,3,0,0,2,1,N,N,39 58:28.009,75 12:06.339,311, ,301, ,0, ,Y, ,3, , , , , ,271815, , , ,1,1,0,0,0,0,0,0,0,0,0,0,0,0,0,0,0,0,0,0,0,0,0,0,0,0,0,0,0,0,0,0,0,0,0,0,0,39.9744,-75.2017, , 
 ,22805,2015034132,6,67,67301,2015,3,3,1250,12,1,1,0,4,1, , ,N,1,2,0,3,0,0,5,2,N, ,39 56:39.026,75 12:59.537,1311, ,1251, ,0, , , ,3, , , , , ,271822, , , ,2,1,0,0,0,0,0,1,0,0,0,0,0,0,0,0,0,0,0,0,1,0,0,0,0,0,0,0,0,0,0,0,0,0,0,0,0,39.9442,-75.2166, , 
 ,22806,2015036677,6,67,67301,2015,3,5,809,8,1,4,4,4,1, , ,N,0,0,0,3,0,1,3,3,N,N,39 56:25.602,75 12:37.537,809, ,809, ,0, ,N, ,0, , , , , ,271824, , , ,3,1,0,0,0,0,2,0,0,0,0,1,1,0,0,0,0,0,0,0,1,0,0,0,0,0,0,0,0,0,0,0,0,0,0,4,0,39.9404,-75.2104, , 
 ,22807,2015042726,6,67,67301,2015,3,6,1100,11,1,1,5,5,6, , ,N,0,0,0,3,0,1,2,4,N,N,39 59:59.309,75 07:59.084,1105, ,1100, ,0, ,N, ,0, , , , , ,271830, , , ,3,2,0,0,0,0,0,1,0,0,0,1,1,0,0,0,0,0,0,0,0,0,0,0,0,0,0,0,0,0,0,0,0,0,0,4,0,39.9998,-75.1331, , 
 ,22808,2015047606,6,67,67301,2015,3,5,830,8,1,4,3,8,1, , ,N,1,2,0,3,0,1,2,2,N,N,39 59:02.961,75 06:09.208,845, ,830, ,0, ,N, ,3, , , , , ,271833, , , ,1,1,0,0,0,0,0,0,0,0,0,0,1,1,0,0,0,0,0,0,0,0,0,0,0,0,0,0,0,0,0,0,1,0,0,8,0,39.9842,-75.1026, , 
 ,22809,2015012307,6,67,67301,2015,1,1,800,8,1,8,5,7,4, , ,N,0,0,0,3,0,1,1,1,N,N,39 56:36.977,75 11:47.023,825, ,811, ,0, , , ,0, , , , , ,278744, , , ,1,1,0,0,0,0,0,0,0,0,0,1,1,0,0,0,0,0,0,0,1,0,0,0,0,0,0,0,0,0,0,0,0,0,0,4,0,39.9436,-75.1964, , 
 ,22810,2015020721,6,67,67301,2015,1,4,135,1,3,2,1,7,4, , ,N,0,0,0,3,1,2,3,1,N,N,40 01:27.860,75 01:43.670,148, ,138,4,2,5,N,0,0,Y, , , , ,278756, , , ,1,0,0,0,0,0,1,0,0,0,0,1,2,1,0,0,0,0,0,0,0,0,0,0,0,0,0,0,0,0,0,0,0,0,0,1,0,40.0244,-75.0288,2, 
 ,22811,2015042812,6,67,67301,2015,4,2,1000,10,1,1,0,5,1, , ,N,0,0,0,3,0,1,2,2,N,N,40 00:11.633,75 06:03.666,1030, ,1030, ,0, ,N, ,0, , , , , ,278772, , , ,2,1,1,0,0,0,0,0,0,0,1,0,1,0,0,0,0,0,0,0,0,0,0,1,0,0,0,0,0,0,0,0,0,0,0,3,0,40.0032,-75.101, , 
 ,22812,2015047543,6,67,67301,2015,4,3,735,7,1,2,1,4,1, , ,N,1,2,0,3,0,4,4,2,N,N,40 03:07.938,75 07:50.771,755, ,741, ,0, ,N, ,3, , , , , ,278777, , , ,2,1,0,0,0,0,0,1,0,0,4,0,4,0,0,0,0,0,0,0,1,0,1,0,0,0,0,0,0,0,0,0,0,0,0,3,0,40.0522,-75.1308, , 
 ,22813,2015052359,6,67,67301,2015,4,5,653,6,1,1,0,5,1, , ,N,0,0,0,3,0,1,5,2,Y,N,39 57:48.255,75 11:01.826,700, ,653,2,2,4,N, ,0,Y, , , , ,278780, , , ,2,1,0,1,0,0,0,0,0,0,1,0,1,0,0,0,0,0,0,0,0,1,0,0,0,0,0,0,0,0,0,0,0,0,0,3,1,39.9634,-75.1838, , 
 ,22814,2015018215,6,67,67301,2015,2,3,955,9,1,1,0,4,1, , ,N,1,2,0,3,0,1,3,3,N,N,40 03:24.735,75 11:16.996,1045, ,1000,3,2,6,N, ,3,Y, , , , ,278802, , , ,3,1,0,0,0,2,0,0,0,0,0,1,1,0,0,0,0,0,0,0,2,1,0,0,0,0,0,0,0,0,0,0,0,0,0,4,2,40.0569,-75.1881, , 
 ,22815,2015036678,6,67,67301,2015,3,5,1350,13,1,1,0,1,6, , ,N,0,0,0,3,0,1,1,3,N,N,39 55:13.188,75 10:11.240,1615, ,1608, ,0, ,N, ,0, , , , , ,278818, , , ,3,1,0,0,0,0,1,1,0,0,0,1,1,0,0,0,0,0,0,0,1,0,0,0,0,0,0,0,0,0,0,0,0,0,0,4,0,39.9203,-75.1698, , 
 ,22816,2015038656,6,67,67301,2015,3,6,1720,17,1,4,1,0,1, , ,N,0,0,0,3,0,1,1,1,N,N,40 02:28.827,75 06:42.824,1733, ,1729,1,1,3, , ,0,N, , , , ,278819, , , ,1,1,0,0,0,0,0,0,0,0,0,0,1,1,0,0,0,0,0,0,0,0,0,0,0,0,0,0,0,0,0,0,0,0,0,8,0,40.0413,-75.1119, , 
 ,22817,2015045401,6,67,67301,2015,4,5,523,5,3,2,1,7,4, , ,N,0,0,0,3,0,0,1,1,N,N,40 00:37.323,75 07:22.442,543, ,540, ,0, ,N, ,0, , , , , ,278827, , , ,1,0,0,0,0,0,1,0,0,0,0,0,0,0,1,0,0,0,0,0,0,0,0,0,0,0,0,0,0,0,0,0,0,0,0,9,0,40.0104,-75.1229, , 
 ,22818,2015049187,6,67,67301,2015,4,2,1310,13,1,1,0,8,1, , ,N,0,0,0,3,0,1,2,2,N, ,39 58:01.718,75 10:03.399,1324, ,1317, ,0, , , ,0, , , , , ,278832, , , ,1,0,0,0,0,0,1,0,0,0,0,1,1,0,0,0,0,0,0,0,0,0,0,1,0,0,0,0,0,0,0,0,1,0,0,4,0,39.9671,-75.1676, , 
 ,22819,2015003960,6,67,67301,2015,1,4,927,9,1,1,0,5,1, , ,N,0,0,0,3,0,1,3,3,N,N,39 53:58.376,75 09:48.038,934, ,927,1,1,1,N, ,0,N, , , , ,278835, , , ,3,1,0,0,0,2,0,0,0,0,0,0,1,1,0,0,0,0,0,0,2,0,0,0,0,0,0,0,0,0,0,0,0,0,0,8,1,39.8995,-75.1633, , 
 ,22820,2015020883,6,67,67301,2015,1,6,150,1,3,1,0,7,4, , ,N,0,0,0,3,0,1,1,1,N, ,40 01:34.020,75 05:48.431,200, ,150,1,1,1, , ,0,Y, , , , ,278844, , , ,1,1,0,0,0,0,0,0,0,0,0,1,1,0,0,0,0,0,0,1,0,0,0,0,0,0,0,0,0,0,0,0,0,0,0,4,0,40.0261,-75.0968, , 
 ,22821,2015031584,6,67,67301,2015,3,1,1630,16,1,4,4,7,4, , ,N,0,0,0,3,0,1,1,1,N,N,39 56:00.326,75 08:43.314,1630, ,1630,1,1,2,N, ,0,N, , , , ,278855, , , ,1,1,0,0,0,0,0,0,0,0,0,1,1,0,0,0,0,0,0,0,0,0,0,0,0,0,0,0,0,0,0,0,0,0,0,4,0,39.9334,-75.1454, , 
 ,22822,2015038572,6,67,67301,2015,3,2,1223,12,1,1,0,2,1, , ,N,1,2,0,3,1,0,2,2,N,N,39 59:23.298,75 07:31.934,1224, ,1224,3,2,7,N,0,3,Y, , , , ,278862, , , ,1,0,0,0,1,0,0,0,1,0,0,0,0,0,0,0,0,0,0,0,0,0,0,0,0,0,0,0,0,0,1,0,0,0,0,1,0,39.9898,-75.1255,2, 
 ,22823,2015059130,6,67,67301,2015,5,4,2206,22,3,1,0,4,1, , ,N,2,3,0,3,0,2,3,2,N,N,39 56:18.930,75 14:04.240,2216, ,2206, ,0, ,N, ,3, , , , , ,278880, , , ,2,2,0,0,0,0,0,0,0,0,0,2,2,0,0,0,0,1,0,0,0,0,0,0,0,0,0,0,0,0,0,0,0,0,0,4,0,39.9386,-75.2345, , 
 ,22824,2015018970,6,67,67301,2015,1,3,1730,17,4,4,5,7,4, , ,N,0,0,0,3,0,0,1,1,N, ,39 56:55.469,75 12:45.575,1805, ,1800,6,1,3, , ,0,Y, , , , ,278894, , , ,1,1,0,0,0,0,0,0,0,0,0,0,0,0,0,0,0,0,0,0,0,0,0,0,0,0,0,0,0,0,0,0,0,0,0,0,0,39.9487,-75.2127, , 
 ,22825,2015024980,6,67,67301,2015,2,6,1607,16,1,1,0,4,1, , ,N,3,3,0,3,0,2,3,4,N,N,40 00:20.962,75 08:03.253,1831, ,1825, ,0, ,N, ,3, , , , , ,278901, , , ,4,3,0,0,0,0,1,0,0,0,0,0,2,2,0,0,0,0,0,1,0,0,0,0,0,0,0,0,0,0,0,0,0,0,0,8,0,40.0058,-75.1342, , 
 ,22826,2015027345,6,67,67301,2015,3,1,1327,13,1,3,3,1,1, , ,N,0,0,0,3,0,5,8,3,N,N,39 56:56.807,75 08:30.895,1330, ,1330,3,1,2,N, ,0,N, , , , ,278904, , , ,3,0,0,0,2,0,1,0,0,0,0,5,5,0,0,0,0,0,0,0,0,0,0,0,0,0,0,0,0,0,0,0,0,0,0,4,0,39.9491,-75.1419, , 
 ,22827,2015017946,6,67,67301,2015,1,7,1130,11,1,2,1,1,1, , ,N,1,2,0,3,0,2,4,2,N, ,39 59:46.647,75 11:07.346,1810, ,1809, ,0, , , ,3, , , , , ,275512, , , ,2,2,0,0,0,0,0,0,0,0,0,0,2,2,1,0,0,0,0,0,1,0,0,0,0,0,0,0,0,0,0,0,0,0,0,8,0,39.9963,-75.1854, , 
 ,22828,2015038560,6,67,67301,2015,3,4,643,6,5,1,0,8,1, , ,N,1,2,0,3,0,1,2,2,N,N,40 00:08.156,75 13:12.479,646, ,644, ,0, , , ,3, , , , , ,275529, , , ,1,1,0,0,0,0,0,0,0,0,1,0,1,0,0,0,0,0,0,0,0,0,0,0,0,0,0,0,0,0,0,0,1,0,0,3,0,40.0023,-75.2201, , 
 ,22829,2015069712,6,67,67301,2015,6,2,1842,18,1,1,0,5,6, , ,N,0,0,0,3,0,0,3,3,N, ,40 02:14.941,75 04:45.291,1855, ,1848, ,0, , , ,0, , , , , ,275545, , , ,3,1,0,0,0,0,0,2,0,0,0,0,0,0,0,0,0,0,1,0,0,0,0,0,0,0,0,0,0,0,0,0,0,0,0,0,0,40.0375,-75.0792, , 
 ,22830,2015073260,6,67,67301,2015,7,4,630,6,1,1,0,1,1, , ,N,1,2,0,3,0,0,2,2,N, ,39 55:16.123,75 11:37.638,646, ,643, ,0, , , ,3, , , , , ,275548, , , ,2,1,0,0,1,0,0,0,0,0,0,0,0,0,0,0,0,0,1,0,1,0,0,0,0,0,0,0,0,0,0,0,0,0,0,0,0,39.9211,-75.1938, , 
 ,22831,2015030567,6,67,67301,2015,2,6,2311,23,3,1,0,0,1, , ,N,0,0,0,3,1,0,2,1,N,N,40 01:51.111,75 03:43.346,330, ,245, ,0, ,N,0,0, , , , , ,275579, , , ,1,1,0,0,0,0,0,0,0,0,0,0,0,0,0,0,0,0,0,0,0,0,0,1,1,0,0,0,0,0,0,0,0,0,0,1,0,40.0309,-75.062,2, 
 ,22832,2015042728,6,67,67301,2015,4,1,2100,21,3,1,0,4,1, , ,N,1,2,0,3,0,1,2,2,N,N,40 01:50.743,75 05:35.516,2112, ,2110,1,1,1,N, ,3,N, , , , ,275588, , , ,2,2,0,0,0,0,0,0,0,0,0,1,1,0,0,0,0,0,0,0,0,0,0,0,0,0,0,0,0,0,0,0,0,0,0,4,0,40.0308,-75.0932, , 
 ,22833,2015051917,6,67,67301,2015,4,3,1458,14,1,1,0,4,1, , ,N,2,3,0,3,0,1,2,2,N,Y,39 55:24.502,75 13:37.214,1532, ,1521, ,0, , , ,3, , , , , ,275592, , , ,1,0,0,0,0,0,1,0,1,0,0,1,1,0,0,0,0,0,0,0,1,0,0,0,0,0,0,0,0,0,0,0,0,0,0,4,0,39.9235,-75.227, , 
 ,22834,2015053957,6,67,67301,2015,5,6,2343,23,3,1,0,5,1, , ,N,1,0,0,3,0,1,2,2,N,N,39 57:16.988,75 14:24.950,144, ,140, ,0, ,N, ,0, , , , , ,275593, , , ,2,1,0,0,0,0,0,0,0,0,0,1,1,0,0,0,0,0,0,0,0,0,0,0,0,0,0,0,0,0,0,0,0,0,0,4,0,39.9547,-75.2403, , 
 ,22835,2015054360,6,67,67301,2015,5,6,1725,17,1,1,0,8,1, , ,N,1,2,0,3,1,0,22,2,N,N,39 57:13.359,75 09:27.283,1725, ,1725,9,2,1,N,0,3,Y, , , , ,275594, , , ,1,0,0,1,0,0,0,0,0,0,0,0,0,0,0,0,0,0,0,0,0,1,0,0,0,0,0,0,0,0,0,0,1,1,0,1,1,39.9537,-75.1579,2, 
 ,22836,2015006767,6,67,67301,2015,1,7,1120,11,1,1,0,1,1, , ,N,0,0,0,3,0,1,5,3,N,N,39 58:45.742,75 12:14.776,1130, ,1120,1,1,3,N, ,0,N, , , , ,275603, , , ,3,0,0,0,0,1,2,0,0,0,0,0,1,1,0,0,0,0,0,0,2,0,0,0,0,0,0,0,0,0,0,0,0,0,0,8,1,39.9794,-75.2041, , 
 ,22837,2015021897,6,67,67301,2015,2,3,1047,10,1,1,0,4,1, , ,N,1,2,0,3,0,1,3,2,N, ,39 57:04.796,75 11:57.319,1048, ,1047, ,0, , , ,3, , , , , ,275620, , , ,2,0,0,0,1,0,1,0,0,0,0,0,1,1,0,0,0,0,0,0,0,0,0,0,0,0,0,0,0,0,0,0,0,0,0,8,0,39.9513,-75.1991, , 
 ,22838,2015036556,6,67,67301,2015,3,2,1354,13,1,1,0,4,1, , ,N,1,2,0,3,0,1,4,2,N, ,39 55:23.077,75 13:44.693,1355, ,1354,1,1,3, , ,3,N, , , , ,275626, , , ,2,1,0,0,1,0,0,0,0,0,0,1,1,0,0,0,0,0,0,0,0,0,0,0,0,0,0,0,0,0,0,0,0,0,0,4,0,39.9231,-75.2291, , 
 ,22839,2015040935,6,67,67301,2015,3,1,1140,11,1,1,0,4,1, , ,N,1,2,0,3,0,1,3,2,N, ,39 56:50.467,75 09:27.482,1145, ,1140,2,2,3, , ,3,Y, , , , ,275629, , , ,2,1,0,0,0,0,1,0,0,0,0,1,1,0,0,0,0,0,0,0,0,0,0,0,0,0,0,0,0,0,0,0,0,0,0,4,0,39.9474,-75.1576, , 
 ,22840,2015051939,6,67,67301,2015,5,6,1407,14,1,1,0,8,1, , ,N,0,0,0,3,0,1,2,2,N, ,39 59:33.406,75 08:53.131,1412, ,1410,1,2,5, , ,0,Y, , , , ,275637, , , ,1,1,0,0,0,0,0,0,0,0,0,0,1,1,0,0,0,0,0,0,1,0,0,0,0,0,0,0,0,0,0,0,1,0,0,8,0,39.9926,-75.1481, , 
 ,22841,2015061785,6,67,67301,2015,5,4,1406,14,1,1,0,1,1, , ,N,1,3,0,3,0,0,3,3,N,N,40 00:32.490,75 06:46.166,1414, ,1410, ,0, , , ,3, , , , , ,275695, , , ,3,2,0,0,0,0,0,0,0,0,0,0,0,0,0,0,0,0,0,0,0,1,0,0,0,0,0,0,0,0,0,0,0,0,0,0,0,40.009,-75.1128, , 
 ,22842,2015015559,6,67,67301,2015,1,4,1433,14,1,4,1,5,1, , ,N,0,0,0,3,0,2,5,2,N,N,40 01:37.961,75 03:50.324,1448, ,1443,2,1,4,N, ,0,N, , , , ,275711, , , ,2,1,0,0,0,0,1,0,0,0,0,2,2,0,1,0,0,0,0,0,1,0,0,0,0,0,0,0,0,0,0,0,0,0,0,4,0,40.0272,-75.064, , 
 ,22843,2015022393,6,67,67301,2015,2,6,1601,16,1,1,0,8,1, , ,N,0,0,0,3,0,1,2,2,N,N,39 55:58.305,75 13:06.164,1627, ,1617, ,0, , , ,0, , , , , ,275716, , , ,1,1,0,0,0,0,0,0,0,0,0,1,1,0,0,0,0,0,0,0,0,0,0,0,0,0,0,0,0,0,0,0,1,0,0,4,0,39.9329,-75.2184, , 
 ,22844,2015010700,6,67,67301,2015,1,5,803,8,1,1,0,1,1, , ,N,1,2,0,3,0,2,9,2,Y,N,40 05:07.441,75 02:14.475,804, ,803,3,2,1,N, ,3,Y, , , , ,275804, , , ,2,0,0,1,0,0,1,0,0,0,0,0,2,2,0,0,0,0,0,0,1,0,0,0,0,0,0,0,0,0,0,0,0,0,0,8,1,40.0854,-75.0374, , 
 ,22845,2015042850,6,67,67301,2015,4,4,1120,11,1,1,0,4,1, , ,N,1,2,0,3,0,2,4,2,N,N,40 03:47.030,75 09:43.378,1126, ,1120, ,0, , , ,3, , , , , ,267827, , , ,2,1,0,0,0,0,0,1,0,0,0,2,2,0,0,0,0,0,0,0,2,0,0,0,0,0,0,0,0,0,0,0,0,0,0,4,0,40.0631,-75.162, , 
 ,22846,2015042873,6,67,67301,2015,4,7,812,8,1,1,0,4,1, , ,N,1,3,0,3,0,1,2,2,N, ,39 57:21.639,75 09:20.689,821, ,820, ,0, , , ,3, , , , , ,267828, , , ,2,1,0,0,0,0,1,0,0,0,0,0,1,1,0,0,0,0,0,0,0,0,0,0,0,0,0,0,0,0,0,0,0,0,0,8,0,39.956,-75.1557, , 
 ,22847,2015045444,6,67,67301,2015,4,7,2330,23,3,1,0,5,1, , ,N,0,0,0,3,0,1,2,2,N,N,40 00:00.456,75 05:57.787,9999, ,9999, ,0, ,N, ,0, , , , , ,267832, , , ,1,1,0,0,0,0,0,0,1,0,1,0,1,0,0,0,0,0,0,0,0,0,0,0,0,0,0,0,0,0,0,0,0,0,0,3,0,40.0001,-75.0994, , 
 ,22848,2015003958,6,67,67301,2015,1,2,651,6,3,1,0,1,1, , ,N,0,0,0,3,0,0,3,3,N,N,40 00:32.483,75 04:03.869,658, ,653,2,2,1,N, ,0,Y, , , , ,267840, , , ,3,2,0,0,1,0,0,0,0,0,0,0,0,0,0,0,0,0,0,0,0,0,0,0,0,0,0,0,0,0,0,0,0,0,0,0,0,40.009,-75.0677, , 
 ,22849,2015015601,6,67,67301,2015,1,3,732,7,1,1,0,4,1, , ,N,2,2,0,3,0,0,2,2,N,N,40 04:23.306,75 11:21.255,740, ,734,2,1,2,N, ,3,N, , , , ,267850, , , ,2,1,0,0,1,0,0,0,0,0,0,0,0,0,0,0,0,0,0,0,2,0,0,0,0,0,0,0,0,0,0,0,0,0,0,0,0,40.0731,-75.1892, , 
 ,22850,2015045420,6,67,67301,2015,4,5,615,6,1,2,1,7,4, , ,N,0,0,0,3,0,2,2,1,N, ,40 03:10.722,75 05:12.425,623, ,620, ,0, , , ,0, , , , , ,267919, , , ,1,1,0,0,0,0,0,0,0,0,0,2,2,0,0,0,0,0,0,1,0,0,0,1,0,0,0,0,0,0,0,0,0,0,0,4,0,40.053,-75.0868, , 
 ,22851,2015047630,6,67,67301,2015,4,4,1800,18,1,1,0,8,1, , ,N,1,0,0,3,0,1,2,2,N, ,40 01:05.185,75 08:04.246,2000, ,1954, ,0, , , ,0, , , , , ,267923, , , ,1,1,0,0,0,0,0,0,0,0,0,1,1,0,0,0,0,0,0,0,0,0,0,0,0,0,0,0,0,0,0,0,1,0,0,4,0,40.0181,-75.1345, , 
 ,22852,2015056519,6,67,67301,2015,5,4,1100,11,1,1,0,4,1, , ,N,1,2,0,3,0,3,5,2,N,N,40 02:02.039,75 04:27.141,1132, ,1118,1,1,1,N, ,3,N, , , , ,267930, , , ,2,2,0,0,0,0,0,0,0,0,0,3,3,0,0,0,0,0,0,0,1,0,0,0,0,0,0,0,0,0,0,0,0,0,0,4,0,40.0339,-75.0742, , 
 ,22853,2015042712,6,67,67301,2015,3,5,1232,12,1,1,0,7,4, , ,N,0,0,0,3,0,0,1,1,N,N,39 55:34.568,75 13:58.158,1232, ,1232, ,0, ,N, ,0, , , , , ,268016, , , ,1,0,0,0,0,0,1,0,0,0,0,0,0,0,1,0,0,0,0,0,0,0,1,0,0,0,0,0,0,0,0,0,0,0,0,9,0,39.9263,-75.2328, , 
 ,22854,2015047538,6,67,67301,2015,4,3,1927,19,3,2,1,1,1, , ,N,0,0,3,3,0,0,2,2,N, ,39 55:09.643,75 12:14.806,1930, ,1928, ,0, , , ,0, , , , , ,268022, , , ,2,0,0,0,0,0,2,0,0,0,0,0,0,0,0,0,1,0,0,0,0,0,1,0,0,0,0,0,0,0,0,0,0,0,0,0,0,39.9193,-75.2041, , 
 ,22855,2015004251,6,46,46102,2015,1,7,849,8,1,1,0,4,1, , ,N,1,2,0,3,0,1,3,2,N,N,40 04:21.788,75 09:21.425,850, ,850, ,0, ,N, ,3, , , , , ,268080, , , ,2,1,0,0,0,0,1,0,0,0,0,0,1,1,0,0,0,0,0,0,1,0,0,1,0,0,0,0,0,0,0,0,0,0,0,8,0,40.0727,-75.1558, , 