wz_ln_closure,objectid_1,crn,district,county,municipality,crash_year,crash_month,day_of_week,time_of_day,hour_of_day,illumination,weather,road_condition,collision_type,relation_to_road,work_zone_type,work_zone_loc,work_zone_ind,intersect_type,tcd_type,location_type,urban_rural,fatal_count,injury_count,person_count,total_units,sch_bus_ind,sch_zone_ind,latitude,longitude,arrival_tm,cons_zone_spd_lim,dispatch_tm,est_hrs_closed,lane_closed,ln_close_dir,ntfy_hiwy_maint,spec_juris_cd,tcd_func_cd,tfc_detour_ind,workers_pres,wz_close_detour,wz_flagger,wz_law_offcr_ind,objectid,wz_moving,wz_other,wz_shlder_mdn,vehicle_count,automobile_count,motorcycle_count,bus_count,small_truck_count,heavy_truck_count,suv_count,van_count,bicycle_count,maj_inj_count,mod_inj_count,min_inj_count,tot_inj_count,unk_inj_deg_count,unk_inj_per_count,driver_count_16yr,driver_count_17yr,driver_count_18yr,driver_count_19yr,driver_count_20yr,driver_count_50_64yr,driver_count_65_74yr,driver_count_75plus,unbelted_occ_count,unb_death_count,unb_maj_inj_count,belted_death_count,belted_maj_inj_count,mcycle_death_count,mcycle_maj_inj_count,bicycle_death_count,bicycle_maj_inj_count,ped_count,ped_death_count,ped_maj_inj_count,max_severity_level,comm_veh_count,dec_lat,dec_long,rdwy_surf_type_cd,county_name
 ,23588,2015025028,6,67,67301,2015,2,1,225,2,3,4,5,2,1, , ,N,0,0,0,3,0,1,2,5,N,N,40 02:27.186,75 03:58.528,237, ,230, ,0, ,N, ,0, , , , , ,270802, , , ,5,1,0,0,0,1,2,1,0,0,0,1,1,0,0,0,0,0,0,0,0,0,0,0,0,0,0,0,0,0,0,0,0,0,0,4,1,40.0409,-75.0663, , 
 ,23589,2015031865,6,67,67301,2015,2,3,1500,15,1,1,0,1,1, , ,N,0,0,0,3,0,0,3,2,N, ,40 05:43.241,74 57:34.970,1550, ,1540, ,0, , , ,0, , , , , ,270812, , , ,2,2,0,0,0,0,0,0,0,0,0,0,0,0,0,0,0,0,0,0,0,0,0,0,0,0,0,0,0,0,0,0,0,0,0,0,0,40.0953,-74.9597, , 
 ,23590,2015036626,6,67,67301,2015,3,7,114,1,3,2,1,8,1, , ,N,0,0,0,3,0,1,2,2,N, ,40 00:03.765,75 10:11.078,122, ,117, ,0, , , ,0, , , , , ,270816, , , ,1,0,0,0,0,0,0,1,0,1,0,0,1,0,0,0,0,0,0,0,1,0,0,0,0,0,0,0,0,0,0,0,1,0,1,2,0,40.001,-75.1697, , 
 ,23591,2015038596,6,67,67301,2015,3,2,730,7,1,1,0,5,6, , ,N,0,0,0,3,0,1,2,2,N,N,40 01:33.851,75 08:11.229,730, ,730, ,0, ,N, ,0, , , , , ,270818, , , ,2,1,0,0,0,1,0,0,0,0,0,1,1,0,0,0,0,0,0,0,0,0,0,0,0,0,0,0,0,0,0,0,0,0,0,4,0,40.0261,-75.1365, , 
 ,23592,2015038687,6,67,67301,2015,3,5,1715,17,1,1,0,7,4, , ,N,0,0,0,3,0,0,1,2,N, ,40 07:01.334,75 01:10.416,1728, ,1728,3,2,5, , ,0,Y, , , , ,270819, , , ,1,0,0,0,1,0,0,0,0,0,0,0,0,0,0,0,0,0,0,0,0,0,0,0,0,0,0,0,0,0,0,0,0,0,0,0,0,40.117,-75.0196, , 
 ,23593,2015017942,6,67,67301,2015,1,7,407,4,3,1,0,5,6, , ,N,0,0,0,3,0,2,2,3,N,N,39 56:41.081,75 13:26.060,410, ,408, ,0, ,N, ,0, , , , , ,270841, , , ,3,2,0,0,0,0,1,0,0,0,0,1,2,1,0,0,0,0,0,0,0,0,0,2,0,0,0,0,0,0,0,0,0,0,0,4,0,39.9447,-75.2239, , 
 ,23594,2015053939,6,67,67301,2015,5,2,2303,23,3,1,0,5,6, , ,N,0,0,0,3,0,1,1,2,N,N,39 59:39.351,75 10:04.271,10, ,2303, ,0, ,N, ,0, , , , , ,270908, , , ,2,1,0,0,0,0,1,0,0,0,0,1,1,0,0,0,0,0,0,0,1,0,0,0,0,0,0,0,0,0,0,0,0,0,0,4,0,39.9943,-75.1679, , 
 ,23595,2015038620,6,67,67301,2015,3,4,1038,10,1,1,0,1,1, , ,N,1,2,0,3,0,1,2,2,N, ,39 58:14.108,75 09:03.120,1042, ,1040, ,0, ,N, ,3, , , , , ,274036, , , ,2,1,0,0,0,0,1,0,0,0,0,0,1,1,0,0,0,0,0,0,0,0,0,0,0,0,0,0,0,0,0,0,0,0,0,8,0,39.9705,-75.151, , 
 ,23596,2015045463,6,67,67301,2015,4,6,1229,12,1,2,1,4,1, , ,N,0,0,7,3,0,0,5,3,N, ,39 55:06.820,75 13:09.636,1249, ,1234,1,1,1, , ,0,Y, , , , ,274040, , , ,3,2,0,0,0,1,0,0,0,0,0,0,0,0,0,0,0,0,0,0,2,0,0,0,0,0,0,0,0,0,0,0,0,0,0,0,1,39.9186,-75.2193, , 
 ,23597,2015049197,6,67,67301,2015,4,1,1157,11,1,1,0,5,1, , ,N,1,2,0,3,0,1,2,2,N,N,39 57:04.665,75 10:25.093,1210, ,1158, ,0, ,N, ,3, , , , , ,274043, , , ,1,1,0,0,0,0,0,0,1,0,0,1,1,0,0,0,0,0,0,0,1,0,0,0,0,0,0,0,0,0,0,0,0,0,0,4,0,39.9513,-75.1736, , 
 ,23598,2015031602,6,67,67301,2015,3,4,233,2,3,2,1,5,1, , ,N,0,0,0,3,0,1,2,2,N,N,39 58:12.781,75 07:31.356,244, ,235,1,1,1,N, ,0,N, , , , ,274088, , , ,2,2,0,0,0,0,0,0,0,0,0,1,1,0,0,0,0,0,0,0,1,0,0,0,0,0,0,0,0,0,0,0,0,0,0,4,0,39.9702,-75.1254, , 
 ,23599,2015020837,6,67,67301,2015,1,1,1925,19,6,1,1,8,1, , ,N,2,0,0,3,0,1,2,2,N, ,40 02:19.618,75 13:23.904,1945, ,1930, ,0, , , ,0, , , , , ,274121, , , ,1,0,0,0,1,0,0,0,0,0,0,0,1,1,0,0,0,0,0,0,1,0,0,0,0,0,0,0,0,0,0,0,1,0,0,8,0,40.0388,-75.2233, , 
 ,23600,2015042868,6,67,67301,2015,4,7,2030,20,3,1,0,4,1, , ,N,1,0,0,3,0,1,2,2,N,N,40 02:24.144,75 01:39.268,2040, ,2031, ,0, ,N, ,0, , , , , ,274135, , , ,1,0,0,0,1,0,0,0,1,0,1,0,1,0,0,0,0,0,0,0,1,0,0,0,0,0,0,0,0,0,0,0,0,0,0,3,0,40.04,-75.0276, , 
 ,23601,2015012663,6,67,67301,2015,1,6,722,7,1,1,6,7,2, , ,N,0,0,0,3,0,0,1,1,N,N,39 57:19.770,75 08:53.211,722, ,717, ,0, ,N, ,0, , , , , ,274171, , , ,1,0,0,0,1,0,0,0,0,0,0,0,0,0,0,0,0,0,0,0,0,0,0,0,0,0,0,0,0,0,0,0,0,0,0,0,0,39.9555,-75.1481, , 
 ,23602,2015028837,6,67,67301,2015,2,6,252,2,3,1,0,2,1, , ,N,0,0,0,3,0,2,2,2,N, ,39 57:41.282,75 14:49.444,258, ,255,4,2,5, , ,0,Y, , , , ,274190, , , ,2,1,0,0,0,0,1,0,0,1,0,0,2,1,0,0,0,0,0,0,0,0,0,0,0,0,0,0,0,0,0,0,0,0,0,2,0,39.9615,-75.2471, , 
 ,23603,2015036671,6,67,67301,2015,3,3,643,6,3,1,5,5,6, , ,N,0,0,0,3,0,1,1,4,N, ,39 57:45.802,75 09:16.696,643, ,643, ,0, , , ,0, , , , , ,274199, , , ,4,2,0,0,0,0,2,0,0,0,0,1,1,0,0,0,0,0,0,0,0,0,0,0,0,0,0,0,0,0,0,0,0,0,0,4,0,39.9627,-75.1546, , 
 ,23604,2015036694,6,67,67301,2015,3,3,1858,18,3,2,1,8,1, , ,N,1,2,0,3,0,1,2,2,N,N,40 03:49.505,75 05:00.516,1902, ,1859,1,2,2,N, ,3,Y, , , , ,274200, , , ,1,0,0,0,1,0,0,0,0,0,1,0,1,0,0,0,0,0,0,0,0,0,0,0,0,0,0,0,0,0,0,0,1,0,0,3,0,40.0638,-75.0835, , 
 ,23605,2015038680,6,67,67301,2015,3,7,915,9,1,1,1,4,1, , ,N,1,2,0,3,0,1,2,2,N, ,39 57:40.697,75 10:30.951,920, ,915,1,1,3, , ,3,Y, , , , ,274202, , , ,1,1,0,0,0,0,0,0,1,0,0,0,1,1,0,0,0,0,0,0,0,0,0,0,0,0,0,0,0,0,0,0,0,0,0,8,0,39.9613,-75.175, , 
 ,23606,2015006055,6,67,67301,2015,1,6,1245,12,1,1,0,4,1, , ,N,1,2,0,3,0,0,3,2,N,N,39 54:42.724,75 10:21.917,1250, ,1250, ,0, ,N, ,3, , , , , ,274207, , , ,2,1,0,0,0,0,1,0,0,0,0,0,0,0,0,0,0,0,0,0,1,0,0,0,0,0,0,0,0,0,0,0,0,0,0,0,0,39.9119,-75.1728, , 
 ,23607,2015036567,6,67,67301,2015,3,5,735,7,1,1,0,8,1, , ,N,1,0,0,3,0,1,2,2,N,N,40 02:22.927,75 02:18.128,743, ,738,9,2,1,N, ,0,Y, , , , ,274281, , , ,1,1,0,0,0,0,0,0,0,0,0,1,1,0,0,0,0,1,0,0,0,0,0,0,0,0,0,0,0,0,0,0,1,0,0,4,0,40.0397,-75.0384, , 
 ,23608,2015040237,6,67,67301,2015,3,7,1756,17,1,1,0,1,1, , ,N,0,0,0,3,0,0,3,2,N,N,39 57:33.998,75 10:27.757,1820, ,1809,1,1,4,N, ,0,N, , , , ,274284, , , ,2,2,0,0,0,0,0,0,0,0,0,0,0,0,0,0,0,0,0,0,1,0,0,0,0,0,0,0,0,0,0,0,0,0,0,0,0,39.9594,-75.1744, , 
 ,23609,2015045449,6,67,67301,2015,4,1,2020,20,3,1,0,4,1, , ,N,1,3,0,3,0,1,2,2,N, ,39 59:15.312,75 09:13.374,2047, ,2041, ,0, , , ,3, , , , , ,274293, , , ,2,2,0,0,0,0,0,0,0,0,0,0,1,1,0,0,0,0,1,0,0,0,0,0,0,0,0,0,0,0,0,0,0,0,0,8,0,39.9876,-75.1537, , 
 ,23610,2015028846,6,67,67301,2015,2,2,1435,14,1,9,1,6,1, , ,N,0,0,0,3,0,0,3,2,N,N,39 59:42.736,75 06:44.270,1443, ,1440, ,0, ,N, ,0, , , , , ,274320, , , ,2,0,0,0,1,0,1,0,0,0,0,0,0,0,3,0,0,0,0,0,0,0,0,0,0,0,0,0,0,0,0,0,0,0,0,9,0,39.9952,-75.1123, , 
 ,23611,2015042860,6,67,67301,2015,4,5,2315,23,3,1,0,5,6, , ,N,0,0,0,3,0,0,1,3,N,N,39 55:38.380,75 09:15.303,2324, ,2317,3,2,3, , ,0,Y, , , , ,274338, , , ,3,3,0,0,0,0,0,0,0,0,0,0,0,0,0,0,0,0,0,0,0,0,0,0,0,0,0,0,0,0,0,0,0,0,0,0,0,39.9273,-75.1543, , 
 ,23612,2015038984,6,67,67301,2015,3,7,2000,20,4,1,0,8,1, , ,N,1,3,0,3,0,1,2,2,N,N,39 56:53.041,75 09:48.203,2004, ,2004, ,0, ,N, ,3, , , , , ,274373, , , ,1,0,0,0,0,0,1,0,0,0,0,0,1,1,0,0,0,0,0,0,1,0,0,0,0,0,0,0,0,0,0,0,1,0,0,8,0,39.9481,-75.1634, , 
 ,23613,2015012413,6,67,67301,2015,1,5,128,1,3,1,0,7,4, , ,N,0,0,0,3,0,2,2,1,N,N,40 00:27.255,75 07:53.472,133, ,130,2,2,5,N, ,0,N, , , , ,281589, , , ,1,1,0,0,0,0,0,0,0,0,0,0,2,2,0,0,0,0,0,1,0,0,0,0,0,0,0,0,0,0,0,0,0,0,0,8,0,40.0076,-75.1315, , 
 ,23614,2015035186,6,67,67301,2015,3,1,1655,16,1,1,0,4,1, , ,N,1,2,0,3,0,2,4,2,N,N,39 56:39.490,75 09:18.158,1715, ,1712,1,2,3, , ,3,Y, , , , ,281604, , , ,2,2,0,0,0,0,0,0,0,0,0,2,2,0,0,0,0,0,0,0,0,0,0,0,0,0,0,0,0,0,0,0,0,0,0,4,0,39.9443,-75.155, , 
 ,23615,2015036579,6,67,67301,2015,3,7,1435,14,1,1,0,4,1, , ,N,1,3,0,3,0,1,2,3,N, ,40 01:35.756,75 07:23.800,9999, ,1445, ,0, , , ,3, , , , , ,281607, , , ,3,3,0,0,0,0,0,0,0,0,0,1,1,0,0,0,0,0,0,0,0,0,0,0,0,0,0,0,0,0,0,0,0,0,0,4,0,40.0266,-75.1233, , 
 ,23616,2015038618,6,67,67301,2015,3,3,2210,22,3,1,0,5,6, , ,N,0,0,0,3,0,0,1,3,N, ,40 01:06.477,75 12:29.880,2222, ,2215,1,2,5, , ,0,N, , , , ,281609, , , ,3,2,0,0,0,0,1,0,0,0,0,0,0,0,0,0,0,0,0,0,0,0,0,1,0,0,0,0,0,0,0,0,0,0,0,0,0,40.0185,-75.2083, , 
 ,23617,2015056880,6,67,67301,2015,5,7,1247,12,1,1,0,8,5, , ,N,2,0,7,3,0,1,2,2,N,N,39 59:15.208,75 15:20.389,1247, ,1247, ,0, ,N, ,0, , , , , ,281619, , , ,1,0,0,0,0,0,1,0,0,0,0,1,1,0,0,0,0,0,0,0,0,0,0,0,0,0,0,0,0,0,0,0,1,0,0,4,0,39.9875,-75.2557, , 
Y,23618,2015070263,6,67,67301,2015,6,5,4,0,3,1,0,7,4,1,4,Y,0,8,0,3,0,1,1,1,N,N,39 58:18.889,75 07:22.988,9,55,6,2,1,2,Y, ,3,N,N,N,N,N,281626,N,N,N,1,0,1,0,0,0,0,0,0,0,1,0,1,0,0,0,0,0,0,0,0,0,0,0,0,0,0,0,0,0,0,0,0,0,0,3,0,39.9719,-75.1231, , 
 ,23619,2015020858,6,67,67301,2015,1,6,2115,21,2,1,0,1,1, , ,N,0,0,2,3,0,0,6,3,N, ,40 05:33.236,74 58:41.953,2140, ,2115, ,0, , , ,0, , , , , ,281637, , , ,3,2,0,0,0,0,1,0,0,0,0,0,0,0,0,0,0,0,0,0,0,0,0,0,0,0,0,0,0,0,0,0,0,0,0,0,0,40.0926,-74.9783, , 
 ,23620,2015049015,6,67,67301,2015,4,4,9999,99,1,1,1,4,1, , ,N,2,2,0,3,0,1,3,2,N,N,40 07:10.776,75 00:31.301,2005, ,1950,1,1,4,N, ,3,N, , , , ,281655, , , ,2,1,0,0,0,0,1,0,0,0,0,0,1,1,0,1,0,0,0,0,0,1,0,0,0,0,0,0,0,0,0,0,0,0,0,8,0,40.1197,-75.0087, , 
 ,23621,2015049577,6,67,67301,2015,4,5,1604,16,1,1,0,4,1, , ,N,1,2,0,3,0,0,2,2,N,N,39 58:10.746,75 12:41.274,1750, ,1750, ,0, , , ,3, , , , , ,281657, , , ,2,2,0,0,0,0,0,0,0,0,0,0,0,0,0,0,0,0,0,0,1,0,0,0,0,0,0,0,0,0,0,0,0,0,0,0,0,39.9697,-75.2115, , 
 ,23622,2015017948,6,67,67301,2015,1,2,615,6,5,1,0,5,6, , ,N,0,0,0,3,0,1,1,4,N, ,40 01:06.776,75 07:29.658,652, ,623, ,0, , , ,0, , , , , ,281688, , , ,4,4,0,0,0,0,0,0,0,0,0,1,1,0,0,0,0,0,0,0,0,0,0,0,0,0,0,0,0,0,0,0,0,0,0,4,0,40.0185,-75.1249, , 
 ,23623,2015020748,6,67,67301,2015,1,6,2000,20,3,1,8,8,1, , ,N,0,0,0,3,0,1,2,2,N, ,39 57:10.075,75 10:01.053,2012, ,2006, ,0, , , ,0, , , , , ,281693, , , ,1,1,0,0,0,0,0,0,0,0,0,1,1,0,0,0,0,0,0,0,0,0,0,0,0,0,0,0,0,0,0,0,1,0,0,4,0,39.9528,-75.167, , 
 ,23624,2015045418,6,67,67301,2015,4,6,837,8,1,2,1,4,1, , ,N,5,2,0,3,0,0,2,2,N,N,40 00:31.996,75 04:18.728,843, ,837, ,0, ,N, ,3, , , , , ,281721, , , ,2,2,0,0,0,0,0,0,0,0,0,0,0,0,0,0,0,0,0,0,0,0,0,0,0,0,0,0,0,0,0,0,0,0,0,0,0,40.0089,-75.0719, , 
 ,23625,2015047618,6,67,67301,2015,3,6,517,5,1,4,4,2,1, , ,N,0,0,0,3,0,1,2,2,N,N,40 00:46.678,75 12:04.121,519, ,517, ,0, ,N, ,0, , , , , ,281722, , , ,2,2,0,0,0,0,0,0,0,0,0,0,1,1,0,0,0,0,0,0,0,0,0,0,0,0,0,0,0,0,0,0,0,0,0,8,0,40.013,-75.2011, , 
 ,23626,2015020832,6,67,67301,2015,1,3,1047,10,1,4,5,5,6, , ,N,0,0,0,3,0,0,2,2,N, ,39 54:59.680,75 09:19.231,1115, ,1105,9,2,4, , ,0,Y, , , , ,281786, , , ,2,1,0,0,0,0,1,0,0,0,0,0,0,0,0,0,0,1,0,0,0,0,0,0,0,0,0,0,0,0,0,0,0,0,0,0,0,39.9166,-75.1553, , 
 ,23627,2015022107,6,67,67301,2015,2,5,1825,18,3,1,0,1,1, , ,N,0,0,0,3,0,1,2,2,N,N,39 53:55.192,75 10:48.407,1825, ,1825,2,2,1,N, ,0,N, , , , ,281787, , , ,2,0,0,0,0,0,2,0,0,0,0,1,1,0,0,0,0,0,0,0,0,0,0,0,0,0,0,0,0,0,0,0,0,0,0,4,0,39.8987,-75.1801, , 
 ,23628,2015036572,6,67,67301,2015,3,5,741,7,1,1,0,1,1, , ,N,0,0,0,3,0,1,3,3,N,N,39 56:04.663,75 08:43.737,900, ,854,2,2,1,N, ,0,Y, , , , ,281801, , , ,2,1,0,0,0,0,1,0,0,0,0,0,1,1,1,0,0,0,0,0,0,0,0,0,0,0,0,0,0,0,0,0,0,0,0,8,0,39.9346,-75.1455, , 
 ,23629,2015040571,6,67,67301,2015,1,6,900,9,1,1,0,1,1, , ,N,0,0,0,3,0,1,3,3,N,N,39 59:32.619,75 04:59.180,905, ,900, ,0, ,N, ,0, , , , , ,281806, , , ,3,1,0,0,0,0,2,0,0,0,0,1,1,0,0,0,0,0,0,0,1,0,0,0,0,0,0,0,0,0,0,0,0,0,0,4,0,39.9924,-75.0831, , 
 ,23630,2015051922,6,67,67301,2015,5,1,1545,15,1,1,0,4,1, , ,N,1,2,0,3,0,1,2,2,N,N,40 01:35.925,75 08:22.207,1631, ,1630, ,0, , , ,3, , , , , ,281819, , , ,2,1,0,0,0,0,0,0,0,0,0,1,1,0,0,0,0,0,0,0,1,0,0,0,0,0,0,0,0,0,0,0,0,0,0,4,0,40.0266,-75.1395, , 
 ,23631,2015012317,6,67,67301,2015,1,7,830,8,3,1,0,4,1, , ,N,1,2,0,3,0,1,2,2,N, ,40 01:53.675,75 12:27.912,841, ,837, ,0, , , ,3, , , , , ,281831, , , ,2,1,0,0,0,0,1,0,0,0,0,0,1,1,0,0,0,0,0,1,0,0,0,0,0,0,0,0,0,0,0,0,0,0,0,8,0,40.0316,-75.2076, , 
 ,23632,2015044697,6,67,67301,2015,4,3,1252,12,1,1,0,4,1, , ,N,1,3,0,3,0,2,5,4,N,N,39 57:52.750,75 11:30.181,1303, ,1259, ,0, ,N, ,3, , , , , ,278153, , , ,4,3,0,0,0,0,1,0,0,0,0,2,2,0,0,0,0,0,0,0,0,1,0,0,0,0,0,0,0,0,0,0,0,0,0,4,0,39.9647,-75.1917, , 
 ,23633,2015011234,6,67,67301,2015,1,5,835,8,1,1,0,1,1, , ,N,1,2,0,3,0,2,3,2,N,N,39 59:17.883,75 15:14.303,836, ,835,1,2,2,N, ,3,N, , , , ,278167, , , ,2,1,0,0,0,0,1,0,0,0,0,0,2,2,0,0,0,0,0,0,0,0,0,1,0,0,0,0,0,0,0,0,0,0,0,8,0,39.9883,-75.254, , 
N,23634,2015026472,6,67,67301,2015,2,1,1540,15,1,1,1,7,3,1,4,Y,0,0,0,3,0,0,4,2,N,N,40 01:13.862,75 02:35.965,1628,55,1627, ,0, ,N, ,0, ,N,N,N,N,278174,N,N,Y,2,1,0,0,0,0,1,0,0,0,0,0,0,0,0,0,0,0,0,0,0,0,0,0,0,0,0,0,0,0,0,0,0,0,0,0,0,40.0205,-75.0433, , 
 ,23635,2015033716,6,67,67301,2015,3,2,1630,16,1,9,1,4,1, , ,N,1,2,0,3,0,1,2,2,N,N,39 58:30.781,75 11:41.713,1139, ,1137, ,0, ,N, ,3, , , , , ,278179, , , ,2,1,0,0,0,0,1,0,0,0,0,0,1,1,0,0,0,0,0,0,0,0,0,0,0,0,0,0,0,0,0,0,0,0,0,8,0,39.9751,-75.195, , 
 ,23636,2015060561,6,67,67301,2015,5,4,1457,14,1,1,0,1,1, , ,N,2,2,0,3,0,1,3,2,N,N,39 59:23.350,75 15:03.019,1457, ,1457, ,0, ,N, ,3, , , , , ,278255, , , ,2,1,0,0,1,0,0,0,0,0,0,1,1,0,0,0,0,0,0,0,0,0,0,0,0,0,0,0,0,0,0,0,0,0,0,4,0,39.9897,-75.2508, , 
 ,23637,2015021384,6,67,67301,2015,1,1,711,7,1,3,5,7,4, , ,N,0,0,0,3,0,0,1,1,N, ,40 06:24.781,75 02:15.886,711, ,711, ,0, , , ,0, , , , , ,278270, , , ,1,0,0,0,0,0,1,0,0,0,0,0,0,0,0,0,0,0,0,0,0,0,0,0,0,0,0,0,0,0,0,0,0,0,0,0,0,40.1069,-75.0377, , 
 ,23638,2015040405,6,67,67301,2015,3,4,1012,10,1,1,0,5,1, , ,N,0,0,0,3,0,1,3,2,N,N,39 59:43.103,75 11:51.555,1022, ,1022, ,0, ,N, ,0, , , , , ,278285, , , ,2,0,0,0,0,1,0,1,0,0,0,0,1,1,0,0,0,0,0,0,1,0,0,0,0,0,0,0,0,0,0,0,0,0,0,8,1,39.9953,-75.1977, , 
 ,23639,2015040928,6,67,67301,2015,3,5,1654,16,1,1,0,1,1, , ,N,2,2,2,3,0,1,2,2,N,N,39 53:01.171,75 15:05.812,1808, ,1805, ,0, ,N, ,3, , , , , ,278287, , , ,2,0,0,0,0,1,1,0,0,0,1,0,1,0,0,0,0,0,0,0,0,0,0,0,0,0,0,0,0,0,0,0,0,0,0,3,1,39.8836,-75.2515, , 
 ,23640,2015049195,6,67,67301,2015,4,6,1109,11,1,1,0,4,1, , ,N,1,3,0,3,0,2,2,2,N, ,40 03:46.831,75 03:17.585,1113, ,1111, ,0, , , ,3, , , , , ,278296, , , ,2,2,0,0,0,0,0,0,0,0,1,1,2,0,0,0,0,0,0,0,0,0,0,0,0,0,0,0,0,0,0,0,0,0,0,3,0,40.063,-75.0549, , 
 ,23641,2015012393,6,67,67301,2015,1,6,730,7,1,1,1,8,1, , ,N,1,2,0,3,0,1,2,2,N,N,39 57:23.109,75 09:52.045,805, ,800, ,0, ,N, ,3, , , , , ,278317, , , ,1,1,0,0,0,0,0,0,0,0,0,0,1,1,1,0,0,0,0,0,0,0,0,0,0,0,0,0,0,0,0,0,1,0,0,8,0,39.9564,-75.1645, , 
 ,23642,2015012711,6,67,67301,2015,1,2,2130,21,3,1,0,7,4, , ,N,0,0,1,3,0,0,1,1,N, ,39 57:32.487,75 09:27.104,115, ,58, ,0, , , ,0, , , , , ,278319, , , ,1,0,0,0,0,1,0,0,0,0,0,0,0,0,0,0,0,0,0,0,1,0,0,0,0,0,0,0,0,0,0,0,0,0,0,0,1,39.959,-75.1575, , 
 ,23643,2015035172,6,67,67301,2015,3,6,29,0,3,4,3,2,1, , ,N,0,0,0,3,0,0,2,2,N, ,39 57:46.505,75 13:03.181,33, ,30, ,0, , , ,0, , , , , ,278339, , , ,2,1,0,0,0,0,1,0,0,0,0,0,0,0,0,0,0,0,0,0,0,0,0,0,0,0,0,0,0,0,0,0,0,0,0,0,0,39.9629,-75.2176, , 
 ,23644,2015043224,6,67,67301,2015,4,4,1715,17,1,1,0,4,1, , ,N,0,0,0,3,0,1,2,2,N,N,40 02:02.974,75 08:23.736,1717, ,1715, ,0, ,N, ,0, , , , , ,278388, , , ,2,1,1,0,0,0,0,0,0,0,0,1,1,0,0,0,0,0,0,0,0,1,0,0,0,0,0,0,0,0,0,0,0,0,0,4,0,40.0342,-75.1399, , 
 ,23645,2015054398,6,67,67301,2015,5,1,2030,20,3,1,0,4,1, , ,N,2,2,0,3,0,0,3,2,N, ,39 57:23.622,75 09:04.685,2216, ,2216, ,0, , , ,3, , , , , ,278395, , , ,2,1,0,0,0,0,0,0,0,0,0,0,0,0,0,0,0,0,0,0,0,1,0,1,0,0,0,0,0,0,0,0,0,0,0,0,0,39.9566,-75.1513, , 
 ,23646,2015012401,6,67,67301,2015,1,7,1250,12,1,1,0,8,1, , ,N,1,2,0,3,0,1,2,2,N,N,39 59:30.821,75 08:17.989,1250, ,1250, ,0, ,N, ,3, , , , , ,278413, , , ,1,1,0,0,0,0,0,0,0,0,0,1,1,0,0,0,0,0,0,0,0,0,0,0,0,0,0,0,0,0,0,0,1,0,0,4,0,39.9918,-75.1383, , 
 ,23647,2015015648,6,67,67301,2015,1,7,1049,10,1,2,4,4,1, , ,N,1,3,0,3,0,0,2,3,N,N,39 58:05.980,75 12:15.721,1057, ,1053, ,0, ,N, ,3, , , , , ,278417, , , ,3,3,0,0,0,0,0,0,0,0,0,0,0,0,0,0,0,0,0,0,1,0,0,0,0,0,0,0,0,0,0,0,0,0,0,0,0,39.9683,-75.2044, , 
 ,23648,2015020783,6,67,67301,2015,1,2,5,0,3,1,5,5,6, , ,N,0,0,0,3,0,0,2,3,N,N,40 06:27.432,75 01:53.054,15, ,5, ,0, ,N, ,0, , , , , ,278424, , , ,3,2,0,0,0,0,0,1,0,0,0,0,0,0,0,0,0,0,0,0,0,0,0,0,0,0,0,0,0,0,0,0,0,0,0,0,0,40.1076,-75.0314, , 
 ,23649,2015020855,6,67,67301,2015,1,4,1828,18,3,1,0,8,1, , ,N,1,2,0,3,0,1,2,2,N,N,40 00:57.350,75 09:13.935,1836, ,1831,1,2,1, , ,3,Y, , , , ,278425, , , ,1,0,0,0,0,0,0,1,0,0,0,1,1,0,0,0,0,0,0,0,1,0,0,1,0,0,0,0,0,0,0,0,1,0,0,4,0,40.0159,-75.1538, , 
 ,23650,2015061934,6,67,67301,2015,5,3,220,2,3,1,0,5,6, , ,N,0,0,0,3,0,0,1,6,N,N,40 02:05.093,75 06:29.226,230, ,225,4,1,5,N, ,0,N, , , , ,270917, , , ,6,4,0,0,0,0,2,0,0,0,0,0,0,0,1,0,0,0,0,0,0,0,0,0,0,0,0,0,0,0,0,0,0,0,0,9,0,40.0347,-75.1081, , 
 ,23651,2015020873,6,67,67301,2015,1,1,723,7,5,2,5,7,3, , ,N,0,0,0,3,0,0,1,1,N,N,40 02:57.242,75 03:03.748,724, ,724, ,0, ,Y, ,0, , , , , ,270934, , , ,1,1,0,0,0,0,0,0,0,0,0,0,0,0,0,0,0,0,0,0,0,0,0,0,0,0,0,0,0,0,0,0,0,0,0,0,0,40.0492,-75.051, , 
 ,23652,2015025129,6,67,67301,2015,2,2,1730,17,3,9,8,1,1, , ,N,0,0,0,3,0,1,5,2,N,N,40 02:47.906,75 11:31.919,1205, ,1202, ,0, , , ,0, , , , , ,270935, , , ,2,2,0,0,0,0,0,0,0,0,0,0,1,1,4,0,0,0,0,0,0,0,0,0,0,0,0,0,0,0,0,0,0,0,0,8,0,40.0466,-75.1922, , 
 ,23653,2015027339,6,67,67301,2015,2,5,1014,10,1,1,0,5,1, , ,N,0,0,0,3,0,0,3,2,N,N,39 57:34.981,75 10:35.627,1014, ,1014,1,1,2,N, ,0,N, , , , ,270938, , , ,2,2,0,0,0,0,0,0,0,0,0,0,0,0,0,0,0,0,0,0,0,1,0,0,0,0,0,0,0,0,0,0,0,0,0,0,0,39.9597,-75.1766, , 