wz_ln_closure,objectid_1,crn,district,county,municipality,crash_year,crash_month,day_of_week,time_of_day,hour_of_day,illumination,weather,road_condition,collision_type,relation_to_road,work_zone_type,work_zone_loc,work_zone_ind,intersect_type,tcd_type,location_type,urban_rural,fatal_count,injury_count,person_count,total_units,sch_bus_ind,sch_zone_ind,latitude,longitude,arrival_tm,cons_zone_spd_lim,dispatch_tm,est_hrs_closed,lane_closed,ln_close_dir,ntfy_hiwy_maint,spec_juris_cd,tcd_func_cd,tfc_detour_ind,workers_pres,wz_close_detour,wz_flagger,wz_law_offcr_ind,objectid,wz_moving,wz_other,wz_shlder_mdn,vehicle_count,automobile_count,motorcycle_count,bus_count,small_truck_count,heavy_truck_count,suv_count,van_count,bicycle_count,maj_inj_count,mod_inj_count,min_inj_count,tot_inj_count,unk_inj_deg_count,unk_inj_per_count,driver_count_16yr,driver_count_17yr,driver_count_18yr,driver_count_19yr,driver_count_20yr,driver_count_50_64yr,driver_count_65_74yr,driver_count_75plus,unbelted_occ_count,unb_death_count,unb_maj_inj_count,belted_death_count,belted_maj_inj_count,mcycle_death_count,mcycle_maj_inj_count,bicycle_death_count,bicycle_maj_inj_count,ped_count,ped_death_count,ped_maj_inj_count,max_severity_level,comm_veh_count,dec_lat,dec_long,rdwy_surf_type_cd,county_name
 ,23787,2015020694,6,67,67301,2015,2,1,234,2,3,1,0,1,1, , ,N,0,0,0,3,0,0,1,5,N,N,40 02:40.825,75 07:15.753,302, ,300,3,1,3,N, ,0,N, , , , ,267220, , , ,5,3,0,0,0,0,1,1,0,0,0,0,0,0,1,0,0,0,0,0,0,0,0,0,0,0,0,0,0,0,0,0,0,0,0,9,0,40.0447,-75.121, , 
 ,23788,2015020822,6,67,67301,2015,1,7,1642,16,1,1,0,4,1, , ,N,0,0,0,3,0,1,2,2,N,N,40 02:46.171,75 08:07.195,1655, ,1651, ,0, ,N, ,0, , , , , ,267221, , , ,2,2,0,0,0,0,0,0,0,0,1,0,1,0,0,0,0,0,0,0,1,0,0,0,0,0,0,0,0,0,0,0,0,0,0,3,0,40.0462,-75.1353, , 
 ,23789,2015056473,6,67,67301,2015,5,3,1715,17,1,1,0,1,6, , ,N,0,0,0,3,0,1,1,2,N,N,40 01:24.259,75 09:50.547,1745, ,1740, ,0, ,N, ,0, , , , , ,267241, , , ,2,0,0,0,0,0,1,1,0,0,0,0,1,1,0,0,0,0,0,0,1,0,0,0,0,0,0,0,0,0,0,0,0,0,0,8,0,40.0234,-75.164, , 
 ,23790,2015006038,6,67,67301,2015,1,1,35,0,3,2,1,4,1, , ,N,1,2,0,3,0,0,5,2,N,N,39 59:34.672,75 13:03.324,40, ,38,3,2,5,N, ,3,Y, , , , ,267258, , , ,2,1,0,0,0,0,1,0,0,0,0,0,0,0,1,0,0,0,0,0,0,0,0,0,0,0,0,0,0,0,0,0,0,0,0,9,0,39.993,-75.2176, , 
 ,23791,2015028795,6,67,67301,2015,2,1,9999,99,3,1,0,5,1, , ,N,0,0,0,3,0,2,2,2,N, ,40 02:33.437,75 08:37.834,1930, ,1921,1,1,1, , ,0,Y, , , , ,267278, , , ,2,0,0,0,0,0,2,0,0,0,0,2,2,0,0,0,0,0,0,0,1,0,0,0,0,0,0,0,0,0,0,0,0,0,0,4,0,40.0426,-75.1438, , 
 ,23792,2015047600,6,67,67301,2015,4,3,2140,21,3,2,1,4,1, , ,N,1,3,0,3,0,0,10,2,N, ,39 58:18.717,75 08:55.168,2155, ,2144, ,0, , , ,3, , , , , ,267295, , , ,2,1,0,0,0,0,0,1,0,0,0,0,0,0,10,0,0,0,0,0,0,0,0,0,0,0,0,0,0,0,0,0,0,0,0,9,0,39.9719,-75.1487, , 
 ,23793,2015021916,6,67,67301,2015,1,3,857,8,1,1,0,7,4, , ,N,0,0,0,3,0,1,1,1,N, ,39 58:29.677,75 10:16.677,900, ,858, ,0, , , ,0, , , , , ,267317, , , ,1,0,0,0,0,1,0,0,0,0,0,0,1,1,0,0,0,0,0,0,0,0,0,0,0,0,0,0,0,0,0,0,0,0,0,8,1,39.9749,-75.1713, , 
 ,23794,2015025061,6,67,67301,2015,2,1,327,3,3,4,5,7,4, , ,N,0,4,6,3,0,1,1,1,N,N,39 54:09.801,75 14:44.120,340, ,334, ,0, ,N, ,3, , , , , ,267320, , , ,1,1,0,0,0,0,0,0,0,0,0,1,1,0,0,0,0,0,0,0,0,0,0,0,0,0,0,0,0,0,0,0,0,0,0,4,0,39.9027,-75.2456, , 
 ,23795,2015033337,6,67,67301,2015,3,2,948,9,1,1,1,4,1, , ,N,0,0,0,3,0,0,2,2,N,N,39 52:38.390,75 15:13.165,955, ,949,2,1,2,N, ,0,Y, , , , ,267325, , , ,2,1,0,0,0,1,0,0,0,0,0,0,0,0,0,0,0,0,0,0,0,0,0,1,0,0,0,0,0,0,0,0,0,0,0,0,0,39.8773,-75.2537, , 
 ,23796,2015063913,6,67,67301,2015,6,7,25,0,3,2,0,5,1, , ,N,0,0,0,3,0,1,2,2,N, ,39 57:41.451,75 09:02.476,840, ,832, ,0, , , ,0, , , , , ,267349, , , ,1,0,0,0,1,0,0,0,1,0,0,0,1,1,0,0,0,0,0,0,0,0,0,0,0,0,0,0,0,0,0,0,0,0,0,8,0,39.9615,-75.1507, , 
 ,23797,2015047454,6,67,67301,2015,5,6,1035,10,1,1,0,1,1, , ,N,0,0,0,3,0,1,4,3,N,N,40 00:12.893,75 09:08.959,1040, ,1035, ,0, ,N, ,0, , , , , ,267384, , , ,3,3,0,0,0,0,0,0,0,0,0,0,1,1,1,0,0,0,0,0,1,0,0,0,0,0,0,0,0,0,0,0,0,0,0,8,0,40.0036,-75.1525, , 
 ,23798,2015034186,6,67,67301,2015,3,5,1736,17,4,4,3,4,1, , ,N,1,3,0,3,0,0,2,2,N,N,40 01:25.197,75 03:43.714,1751, ,1744, ,0, ,N, ,3, , , , , ,259384, , , ,2,0,0,0,0,0,2,0,0,0,0,0,0,0,0,0,0,0,0,0,0,0,0,0,0,0,0,0,0,0,0,0,0,0,0,0,0,40.0237,-75.0621, , 
 ,23799,2015042902,6,67,67301,2015,4,1,1348,13,1,1,0,4,1, , ,N,1,2,0,3,0,0,3,2,N, ,40 00:54.079,75 08:06.611,1358, ,1353, ,0, , , ,3, , , , , ,259392, , , ,2,0,0,0,0,0,2,0,0,0,0,0,0,0,1,0,0,0,0,0,1,0,0,0,0,0,0,0,0,0,0,0,0,0,0,9,0,40.015,-75.1352, , 
 ,23800,2015020797,6,67,67301,2015,1,4,1500,15,1,1,0,8,1, , ,N,0,0,0,3,0,1,2,2,N,Y,40 05:28.397,75 03:17.427,1539, ,1534, ,0, ,N, ,0, , , , , ,259416, , , ,1,1,0,0,0,0,0,0,0,0,0,0,1,1,0,0,0,0,0,0,0,0,0,0,0,0,0,0,0,0,0,0,1,0,0,8,0,40.0912,-75.0548, , 
 ,23801,2015038559,6,67,67301,2015,3,6,9999,99,3,2,1,8,1, , ,N,1,2,0,3,0,1,2,2,N, ,39 58:37.995,75 13:36.385,2312, ,2312,9,1,4,N, ,3,N, , , , ,259435, , , ,1,1,0,0,0,0,0,0,0,0,0,1,1,0,0,0,0,0,0,0,0,0,0,0,0,0,0,0,0,0,0,0,1,0,0,4,0,39.9772,-75.2268, , 
 ,23802,2015029980,6,67,67301,2015,2,4,800,8,1,1,0,1,1, , ,N,1,2,0,3,0,1,3,3,N,N,39 55:00.583,75 10:16.768,820, ,810,3,1,4,N, ,3,N, , , , ,259475, , , ,3,1,0,0,0,0,2,0,0,0,0,1,1,0,0,0,0,1,0,0,1,0,0,0,0,0,0,0,0,0,0,0,0,0,0,4,0,39.9168,-75.1713, , 
N,23803,2015052351,6,67,67301,2015,4,1,240,2,3,1,0,7,3,1,4,Y,0,0,0,3,0,0,3,1,N,N,40 01:34.310,75 01:37.031,250,45,243,1,1,1,N, ,0,N,N,N,N,N,259494,N,N,Y,1,1,0,0,0,0,0,0,0,0,0,0,0,0,0,0,0,0,0,1,0,0,0,0,0,0,0,0,0,0,0,0,0,0,0,0,0,40.0262,-75.027, , 
 ,23804,2015035156,6,67,67301,2015,3,1,1457,14,1,3,1,8,1, , ,N,1,2,0,3,0,1,2,2,N, ,39 59:32.825,75 10:46.468,1547, ,1545, ,0, , , ,3, , , , , ,259523, , , ,1,0,0,0,0,0,1,0,0,0,0,1,1,0,0,0,0,0,0,0,0,0,0,0,0,0,0,0,0,0,0,0,1,0,0,4,0,39.9925,-75.1796, , 
 ,23805,2015038658,6,67,67301,2015,1,7,135,1,3,1,0,4,1, , ,N,1,2,0,3,0,3,5,2,N,N,40 06:51.780,74 59:17.002,139, ,135,1,1,3, , ,3,N, , , , ,259526, , , ,2,1,0,0,0,0,1,0,0,1,2,0,3,0,0,0,0,0,0,1,0,0,0,0,0,0,0,0,0,0,0,0,0,0,0,2,0,40.1143,-74.9879, , 
 ,23806,2015040910,6,67,67301,2015,3,2,1330,13,1,1,0,4,1, , ,N,1,2,0,3,0,3,5,3,N,N,39 59:42.230,75 09:01.789,1505, ,1330, ,0, ,N, ,3, , , , , ,259527, , , ,3,2,0,0,0,0,1,0,0,0,0,3,3,0,0,0,0,0,0,0,0,0,1,1,0,0,0,0,0,0,0,0,0,0,0,4,0,39.9951,-75.1505, , 
 ,23807,2015045438,6,67,67301,2015,4,2,1650,16,1,1,0,5,1, , ,N,0,0,0,3,0,1,2,2,N,N,39 58:43.878,75 06:51.131,1658, ,1651, ,0, ,N, ,0, , , , , ,259530, , , ,1,0,0,0,0,0,0,1,1,0,0,1,1,0,0,0,0,0,0,0,0,0,0,0,0,0,0,0,0,0,0,0,0,0,0,4,0,39.9789,-75.1142, , 
 ,23808,2015006080,6,67,67301,2015,1,5,316,3,3,1,0,4,1, , ,N,0,0,7,3,0,1,4,2,N, ,40 00:40.460,75 06:21.160,442, ,442, ,0, , , ,0, , , , , ,259552, , , ,2,0,0,0,0,0,2,0,0,0,0,1,1,0,1,0,0,0,0,0,1,0,0,0,0,0,0,0,0,0,0,0,0,0,0,4,0,40.0112,-75.1059, , 
 ,23809,2015009169,6,67,67301,2015,1,1,754,7,1,2,5,6,2, , ,N,0,0,0,3,0,0,1,2,N,N,40 00:07.958,75 04:42.338,754, ,754, ,0, ,N, ,0, , , , , ,259555, , , ,2,1,0,0,0,0,0,1,0,0,0,0,0,0,0,0,0,0,0,0,1,0,0,0,0,0,0,0,0,0,0,0,0,0,0,0,0,40.0022,-75.0784, , 
 ,23810,2015024249,6,67,67301,2015,2,5,1016,10,1,1,0,1,1, , ,N,0,0,0,3,0,2,2,2,N,N,40 01:59.096,75 01:13.374,1029, ,1018,2,1,1,N, ,0,N, , , , ,259570, , , ,2,1,0,0,1,0,0,0,0,0,0,2,2,0,0,0,0,0,0,0,0,0,0,0,0,0,0,0,0,0,0,0,0,0,0,4,0,40.0331,-75.0204, , 
 ,23811,2015024255,6,67,67301,2015,2,6,1550,15,1,1,0,7,3, , ,N,0,0,0,3,0,1,3,2,N,N,39 53:22.814,75 13:11.281,1609, ,1550,2,2,1,N, ,0,N, , , , ,259571, , , ,1,1,0,0,0,0,0,0,0,0,0,1,1,0,0,0,0,1,0,0,0,0,0,0,0,0,0,0,0,0,0,0,0,0,0,4,0,39.8897,-75.2198, , 
 ,23812,2015029996,6,67,67301,2015,2,4,1240,12,1,1,0,4,1, , ,N,1,2,0,3,0,3,5,3,N,N,40 01:27.084,75 07:58.797,1250, ,1245, ,0, ,N, ,3, , , , , ,259577, , , ,3,1,0,0,0,0,2,0,0,0,0,3,3,0,0,0,0,0,0,0,2,0,0,0,0,0,0,0,0,0,0,0,0,0,0,4,0,40.0242,-75.133, , 
 ,23813,2015033744,6,67,67301,2015,2,7,300,3,3,1,0,6,6, , ,N,0,0,0,3,0,1,2,3,N,N,39 57:42.528,75 11:15.708,307, ,305, ,0, , , ,0, , , , , ,259582, , , ,3,3,0,0,0,0,0,0,0,0,0,1,1,0,0,0,0,0,0,0,0,0,0,2,0,0,0,0,0,0,0,0,0,0,0,4,0,39.9618,-75.1877, , 
 ,23814,2015006078,6,67,67301,2015,1,6,1520,15,1,1,0,7,4, , ,N,0,0,0,3,0,1,1,1,N,N,40 03:33.428,75 07:57.440,1532, ,1524,2,1,3,N, ,0,Y, , , , ,259597, , , ,1,1,0,0,0,0,0,0,0,0,0,1,1,0,0,0,0,0,0,0,0,0,0,0,0,0,0,0,0,0,0,0,0,0,0,4,0,40.0593,-75.1326, , 
 ,23815,2015020693,6,67,67301,2015,2,4,954,9,1,1,0,4,1, , ,N,1,2,0,3,0,1,3,2,N,N,40 01:33.654,75 08:48.101,958, ,955, ,0, ,N, ,3, , , , , ,259608, , , ,2,1,0,0,0,1,0,0,0,0,0,1,1,0,0,0,0,0,0,0,1,0,0,0,0,0,0,0,0,0,0,0,0,0,0,4,0,40.026,-75.1467, , 
 ,23816,2015061788,6,67,67301,2015,5,4,2128,21,3,1,0,8,1, , ,N,2,0,1,3,0,1,3,2,N,N,39 59:17.419,75 07:42.725,2129, ,2129,9,1,1,N, ,0,N, , , , ,263149, , , ,1,1,0,0,0,0,0,0,0,1,0,0,1,0,0,0,0,0,0,0,0,0,0,0,0,0,0,0,0,0,0,0,1,0,1,2,0,39.9882,-75.1285, , 
 ,23817,2015006096,6,67,67301,2015,1,2,1455,14,1,1,0,4,1, , ,N,1,3,0,3,0,0,2,2,N,N,39 57:54.806,75 11:30.562,1520, ,1518, ,0, ,N, ,3, , , , , ,263155, , , ,2,1,0,0,0,0,1,0,0,0,0,0,0,0,1,0,0,0,0,0,0,2,0,0,0,0,0,0,0,0,0,0,0,0,0,9,0,39.9652,-75.1918, , 
 ,23818,2015006121,6,67,67301,2015,1,7,1000,10,1,1,0,4,1, , ,N,1,3,0,3,0,0,2,2,N,N,40 01:49.256,75 08:56.781,1001, ,1000, ,0, ,N, ,3, , , , , ,263156, , , ,2,2,0,0,0,0,0,0,0,0,0,0,0,0,0,0,0,0,0,0,0,0,0,2,0,0,0,0,0,0,0,0,0,0,0,0,0,40.0303,-75.1491, , 
 ,23819,2015009625,6,67,67301,2015,1,5,210,2,3,1,0,1,1, , ,N,0,0,0,3,0,2,5,4,N,N,39 56:53.792,75 08:28.930,9999, ,218, ,0, ,N, ,0, , , , , ,263160, , , ,4,2,0,0,1,0,1,0,0,0,0,0,2,2,0,0,0,0,0,0,0,0,0,5,0,0,0,0,0,0,0,0,0,0,0,8,0,39.9483,-75.1414, , 
 ,23820,2015049196,6,67,67301,2015,4,7,1732,17,1,1,0,4,1, , ,N,5,2,3,3,0,3,4,2,N,N,40 01:53.078,75 05:05.038,1738, ,1733,1,1,1,N, ,3,N, , , , ,263201, , , ,2,2,0,0,0,0,0,0,0,1,2,0,3,0,0,0,0,0,0,0,0,0,1,0,0,0,0,1,0,0,0,0,0,0,0,2,0,40.0314,-75.0847, , 
 ,23821,2015056438,6,67,67301,2015,5,4,1052,10,1,1,0,8,1, , ,N,1,0,0,3,0,1,2,2,N,N,40 00:00.676,75 07:45.940,1054, ,1052, ,0, ,N, ,0, , , , , ,263210, , , ,1,0,0,0,0,0,0,1,0,0,0,1,1,0,0,0,0,0,0,0,0,0,0,0,0,0,0,0,0,0,0,0,1,0,0,4,0,40.0002,-75.1294, , 
 ,23822,2015069668,6,67,67301,2015,6,1,2056,20,3,1,0,4,1, , ,N,1,2,0,3,0,1,4,2,N, ,39 59:46.100,75 08:49.451,2110, ,2101, ,0, , , ,3, , , , , ,263219, , , ,2,1,0,0,0,0,1,0,0,0,0,0,1,1,0,0,0,0,0,0,2,0,0,0,0,0,0,0,0,0,0,0,0,0,0,8,0,39.9961,-75.1471, , 
 ,23823,2015070202,6,67,67301,2015,6,5,2035,20,4,1,0,8,1, , ,N,0,0,0,3,0,1,2,2,N, ,39 59:25.187,75 10:05.300,2050, ,2039, ,0, , , ,0, , , , , ,263220, , , ,1,0,0,0,0,0,1,0,0,0,1,0,1,0,0,0,0,0,0,0,1,0,0,0,0,0,0,0,0,0,0,0,1,0,0,3,0,39.9903,-75.1681, , 
 ,23824,2015070601,6,67,67301,2015,6,5,725,7,1,2,0,7,2, , ,N,0,0,2,3,0,1,1,1,N,N,40 00:45.859,75 12:16.623,735, ,730,1,2,1,N, ,0,Y, , , , ,263221, , , ,1,1,0,0,0,0,0,0,0,0,0,1,1,0,0,0,0,1,0,0,0,0,0,0,0,0,0,0,0,0,0,0,0,0,0,4,0,40.0127,-75.2046, , 
 ,23825,2015070618,6,67,67301,2015,6,2,1245,12,1,1,0,1,1, , ,N,0,0,0,3,0,1,2,2,N,N,39 55:04.379,75 09:27.627,1340, ,1330, ,0, ,N, ,0, , , , , ,263222, , , ,1,1,0,0,0,0,0,0,1,0,0,1,1,0,1,0,0,0,0,0,0,0,0,0,0,0,0,0,0,0,0,0,0,0,0,4,0,39.9179,-75.1577, , 
 ,23826,2015081055,6,67,67301,2015,7,6,127,1,3,1,0,0,1, , ,N,3,0,2,3,0,0,1,1,N,N,40 01:05.337,75 09:55.292,130, ,127,2,2,3,N, ,0,Y, , , , ,263227, , , ,1,0,0,0,0,0,1,0,0,0,0,0,0,0,0,0,0,0,0,0,0,0,0,0,0,0,0,0,0,0,0,0,0,0,0,0,0,40.0181,-75.1655, , 
 ,23827,2015085230,6,67,67301,2015,8,7,1340,13,1,1,1,5,1, , ,N,0,0,0,3,0,1,2,2,N,N,40 00:53.120,75 10:39.922,1346, ,1345,1,2,3,N, ,0,Y, , , , ,263229, , , ,2,1,1,0,0,0,0,0,0,0,0,0,1,1,0,0,0,0,0,0,1,0,0,0,0,0,0,0,0,0,0,0,0,0,0,8,0,40.0148,-75.1778, , 
 ,23828,2015087381,6,67,67301,2015,4,7,300,3,3,1,0,1,1, , ,N,1,2,0,3,0,1,2,2,N,N,40 02:37.146,75 01:18.710,0, ,0, ,0, ,N, ,3, , , , , ,263231, , , ,2,1,0,0,0,0,1,0,0,0,0,0,1,1,0,0,0,0,0,0,0,0,0,0,0,0,0,0,0,0,0,0,0,0,0,8,0,40.0437,-75.0219, , 
 ,23829,2015091039,6,67,67301,2015,8,1,15,0,3,1,0,4,1, , ,N,2,2,2,3,0,0,2,2,N,N,39 58:28.698,75 11:56.790,35, ,22,2,1,4,N, ,3,N, , , , ,263234, , , ,2,2,0,0,0,0,0,0,0,0,0,0,0,0,0,0,0,0,0,0,0,0,0,0,0,0,0,0,0,0,0,0,0,0,0,0,0,39.9746,-75.1992, , 
 ,23830,2015031864,6,67,67301,2015,2,3,1125,11,1,1,1,1,1, , ,N,0,2,0,3,0,3,10,6,N, ,40 05:58.921,75 00:31.365,1132, ,1127,3,1,1, , ,3,N, , , , ,263272, , , ,6,3,0,0,0,0,3,0,0,0,2,0,3,1,1,0,0,0,0,0,2,1,0,0,0,0,0,0,0,0,0,0,0,0,0,3,0,40.0997,-75.0087, , 
 ,23831,2015047234,6,67,67301,2015,4,3,2029,20,3,2,1,5,6, , ,N,0,0,0,3,0,1,3,3,N,N,39 57:27.979,75 13:55.345,2040, ,2031, ,0, ,N, ,0, , , , , ,263286, , , ,3,2,1,0,0,0,0,0,0,0,0,1,1,0,0,0,0,0,1,0,0,0,0,0,0,0,0,0,0,0,0,0,0,0,0,4,0,39.9578,-75.232, , 
 ,23832,2015049171,6,67,67301,2015,4,3,808,8,1,2,1,8,1, , ,N,1,2,0,3,0,1,5,2,N,N,39 58:13.307,75 14:42.706,815, ,812, ,0, ,N, ,3, , , , , ,263287, , , ,1,1,0,0,0,0,0,0,0,0,0,1,1,0,0,0,0,0,0,0,0,0,0,0,0,0,0,0,0,0,0,0,1,0,0,4,0,39.9704,-75.2451, , 
 ,23833,2015056099,6,67,67301,2015,5,7,2344,23,3,1,0,4,1, , ,N,1,2,0,3,1,1,2,3,N,N,39 58:20.544,75 09:59.380,5, ,2358, ,0, ,N,0,3, , , , , ,263294, , , ,2,2,0,0,0,0,0,0,1,0,0,1,1,0,0,0,0,0,0,0,0,0,0,0,0,0,0,0,0,0,1,0,0,0,0,1,0,39.9724,-75.1665,2, 
 ,23834,2016135820,6,67,67301,2016,11,2,325,3,3,1,0,5,1, , ,N,0,0,0,3,0,0,1,3,N,N,39 57:20.963,75 12:58.635,331, ,325, ,0, , , ,0, , , , , ,252322, , , ,3,1,0,0,0,0,2,0,0,0,0,0,0,0,0,0,0,0,0,0,0,0,0,0,0,0,0,0,0,0,0,0,0,0,0,0,0,39.9558,-75.2163, , 
 ,23835,2016129417,6,67,67301,2016,11,4,1545,15,1,1,0,8,1, , ,N,0,0,0,3,0,1,2,2,N,N,39 57:13.513,75 13:41.012,9999, ,9999, ,0, ,N, ,0, , , , , ,252326, , , ,1,0,0,0,0,0,1,0,0,0,0,1,1,0,1,0,0,0,0,0,0,0,0,0,0,0,0,0,0,0,0,0,1,0,0,4,0,39.9538,-75.2281, , 
 ,23836,2017000633,6,67,67301,2016,12,3,1640,16,3,2,1,8,1, , ,N,1,2,0,3,0,1,2,2,N,N,39 57:04.497,75 10:01.350,1655, ,1654, ,0, ,N, ,3, , , , , ,252341, , , ,1,0,0,0,1,0,0,0,0,0,0,1,1,0,0,0,0,0,0,0,0,0,0,1,0,0,0,0,0,0,0,0,1,0,0,4,0,39.9512,-75.167, , 
 ,23837,2016106324,6,67,67301,2016,9,7,1945,19,3,1,0,1,1, , ,N,0,0,0,3,0,2,3,2,N,N,39 58:12.242,75 11:05.136,1955, ,1950, ,0, ,N, ,0, , , , , ,252350, , , ,2,1,0,0,0,0,1,0,0,0,0,0,2,2,0,0,0,0,0,0,0,0,0,0,0,0,0,0,0,0,0,0,0,0,0,8,0,39.9701,-75.1848, , 
 ,23838,2016117775,6,67,67301,2016,10,6,430,4,3,1,0,8,1, , ,N,0,0,0,3,0,1,2,2,N,N,40 00:42.597,75 05:51.897,440, ,438, ,0, , , ,0, , , , , ,252360, , , ,1,0,0,0,0,0,0,0,0,0,0,0,1,1,0,0,0,0,0,0,0,0,0,0,0,0,0,0,0,0,0,0,1,0,0,8,0,40.0118,-75.0977, , 
 ,23839,2016108557,6,67,67301,2016,10,2,2053,20,3,1,0,1,6, , ,N,0,0,0,3,0,4,4,2,N,N,40 02:20.426,75 01:13.159,2059, ,2055, ,0, , , ,0, , , , , ,252362, , , ,2,1,0,0,1,0,0,0,0,0,0,4,4,0,0,0,0,0,0,0,0,0,0,2,0,0,0,0,0,0,0,0,0,0,0,4,0,40.039,-75.0203, , 
 ,23840,2016134671,6,67,67301,2016,12,6,2335,23,3,1,0,7,4, , ,N,0,0,0,3,0,0,2,2,N,N,40 03:19.475,74 59:04.945,2338, ,2336,1,2,2, , ,0,N, , , , ,252365, , , ,2,2,0,0,0,0,0,0,0,0,0,0,0,0,0,0,0,0,0,0,0,0,1,0,0,0,0,0,0,0,0,0,0,0,0,0,0,40.0554,-74.9847, , 
 ,23841,2016126088,6,67,67301,2016,11,6,800,8,1,1,0,4,1, , ,N,1,2,0,3,0,2,3,3,N, ,40 00:54.831,75 08:59.392,839, ,830, ,0, , , ,3, , , , , ,252367, , , ,3,3,0,0,0,0,0,0,0,0,0,0,2,2,0,0,0,0,0,0,0,0,0,0,0,0,0,0,0,0,0,0,0,0,0,8,0,40.0152,-75.1498, , 
N,23842,2016128120,6,67,67301,2016,11,2,303,3,3,1,0,1,1,1,8,Y,0,0,0,3,0,2,3,2,N,N,39 58:36.024,75 06:50.929,315,45,306,1,1,2, , ,0,N,N,N,N,N,252390,N,N,Y,2,1,0,0,0,1,0,0,0,0,0,0,2,2,0,0,0,0,0,0,0,0,0,0,0,0,0,0,0,0,0,0,0,0,0,8,1,39.9767,-75.1141, , 
 ,23843,2016126153,6,67,67301,2016,11,6,912,9,1,1,0,5,2, , ,N,0,0,0,3,0,1,1,2,N,N,39 55:38.719,75 13:11.512,926, ,912, ,0, ,N, ,0, , , , , ,252393, , , ,2,1,0,0,0,1,0,0,0,0,1,0,1,0,0,0,0,0,0,0,1,0,0,0,0,0,0,0,0,0,0,0,0,0,0,3,1,39.9274,-75.2199, , 
 ,23844,2016120546,6,67,67301,2016,10,6,910,9,1,1,0,4,1, , ,N,0,0,7,3,0,1,2,2,N, ,40 00:26.247,75 07:38.705,955, ,942, ,0, ,N, ,0, , , , , ,252397, , , ,2,2,0,0,0,0,0,0,0,0,0,0,1,1,0,0,0,0,0,0,1,0,0,0,0,0,0,0,0,0,0,0,0,0,0,8,0,40.0073,-75.1274, , 
 ,23845,2017003685,6,67,67301,2016,12,3,1140,11,1,1,0,4,1, , ,N,1,3,0,3,0,1,4,2,N,N,40 02:21.289,75 08:23.931,1152, ,1144, ,0, ,N, ,3, , , , , ,252435, , , ,2,1,0,0,0,0,1,0,0,0,0,1,1,0,0,0,0,0,0,0,0,0,0,0,0,0,0,0,0,0,0,0,0,0,0,4,0,40.0392,-75.14, , 
 ,23846,2016119388,6,67,67301,2016,11,1,1722,17,4,1,0,7,2, , ,N,0,0,0,3,0,0,2,1,N,N,39 54:41.308,75 08:56.099,1742, ,1729, ,0, , , ,0, , , , , ,252437, , , ,1,1,0,0,0,0,0,0,0,0,0,0,0,0,0,0,0,0,0,0,0,0,0,0,0,0,0,0,0,0,0,0,0,0,0,0,0,39.9115,-75.1489, , 
 ,23847,2016126174,6,67,67301,2016,11,6,820,8,1,1,0,8,1, , ,N,5,2,0,3,0,1,2,2,N, ,39 57:51.703,75 10:34.870,820, ,820, ,0, , , ,3, , , , , ,252443, , , ,1,0,0,0,0,0,1,0,0,0,0,1,1,0,0,0,0,0,0,0,0,0,0,0,0,0,0,0,0,0,0,0,1,0,0,4,0,39.9644,-75.1764, , 
 ,23848,2016138226,6,67,67301,2016,12,6,1338,13,1,1,0,4,1, , ,N,1,2,0,3,0,7,10,4,N,N,39 57:29.532,75 14:07.900,1344, ,1343, ,0, , , ,3, , , , , ,252451, , , ,3,2,0,0,0,0,1,0,0,2,2,2,7,1,2,0,0,0,0,0,2,0,0,1,0,0,0,0,0,0,0,0,1,0,0,2,0,39.9582,-75.2355, , 
 ,23849,2016135725,6,67,67301,2016,12,5,944,9,1,1,0,8,1, , ,N,1,3,0,3,0,1,2,4,N,Y,39 58:22.152,75 07:40.465,949, ,949, ,0, ,N, ,3, , , , , ,252455, , , ,3,2,0,0,0,0,1,0,0,0,0,0,1,1,1,0,0,0,0,0,0,0,1,0,0,0,0,0,0,0,0,0,1,0,0,8,0,39.9728,-75.1279, , 
 ,23850,2017007806,6,67,67301,2016,12,1,1740,17,3,1,0,4,1, , ,N,1,2,0,3,0,2,3,5,N,N,39 57:24.362,75 12:40.902,1750, ,1745, ,0, ,N, ,3, , , , , ,252467, , , ,5,3,0,0,0,0,0,0,0,0,0,2,2,0,0,0,1,0,0,0,1,0,0,0,0,0,0,0,0,0,0,0,0,0,0,4,0,39.9568,-75.2114, , 
 ,23851,2016105828,6,67,67301,2016,9,2,410,4,3,1,0,5,3, , ,N,0,0,0,3,0,0,1,2,N,N,39 55:37.605,75 10:08.473,417, ,414,2,2,1,N, ,0,N, , , , ,252486, , , ,2,1,0,0,0,0,1,0,0,0,0,0,0,0,0,0,0,0,0,0,0,0,0,1,0,0,0,0,0,0,0,0,0,0,0,0,0,39.9271,-75.169, , 
 ,23852,2017005770,6,67,67301,2016,12,5,9999,99,1,1,0,4,1, , ,N,1,2,0,3,0,0,3,2,N,N,40 03:01.144,75 07:01.549,838, ,838, ,0, , , ,3, , , , , ,255438, , , ,2,0,0,0,0,0,1,1,0,0,0,0,0,0,0,0,0,0,0,1,0,0,0,0,0,0,0,0,0,0,0,0,0,0,0,0,0,40.0503,-75.1171, , 
 ,23853,2016062563,6,67,67301,2016,5,1,1345,13,1,1,0,4,1, , ,N,3,2,6,3,0,0,2,2,N,N,39 58:38.507,75 13:37.478,1352, ,1352,1,1,3,N, ,3,N, , , , ,255443, , , ,2,2,0,0,0,0,0,0,0,0,0,0,0,0,0,0,0,0,0,0,1,0,0,0,0,0,0,0,0,0,0,0,0,0,0,0,0,39.9774,-75.2271, , 