wz_ln_closure,objectid_1,crn,district,county,municipality,crash_year,crash_month,day_of_week,time_of_day,hour_of_day,illumination,weather,road_condition,collision_type,relation_to_road,work_zone_type,work_zone_loc,work_zone_ind,intersect_type,tcd_type,location_type,urban_rural,fatal_count,injury_count,person_count,total_units,sch_bus_ind,sch_zone_ind,latitude,longitude,arrival_tm,cons_zone_spd_lim,dispatch_tm,est_hrs_closed,lane_closed,ln_close_dir,ntfy_hiwy_maint,spec_juris_cd,tcd_func_cd,tfc_detour_ind,workers_pres,wz_close_detour,wz_flagger,wz_law_offcr_ind,objectid,wz_moving,wz_other,wz_shlder_mdn,vehicle_count,automobile_count,motorcycle_count,bus_count,small_truck_count,heavy_truck_count,suv_count,van_count,bicycle_count,maj_inj_count,mod_inj_count,min_inj_count,tot_inj_count,unk_inj_deg_count,unk_inj_per_count,driver_count_16yr,driver_count_17yr,driver_count_18yr,driver_count_19yr,driver_count_20yr,driver_count_50_64yr,driver_count_65_74yr,driver_count_75plus,unbelted_occ_count,unb_death_count,unb_maj_inj_count,belted_death_count,belted_maj_inj_count,mcycle_death_count,mcycle_maj_inj_count,bicycle_death_count,bicycle_maj_inj_count,ped_count,ped_death_count,ped_maj_inj_count,max_severity_level,comm_veh_count,dec_lat,dec_long,rdwy_surf_type_cd,county_name
 ,24053,2016119118,6,67,67301,2016,10,3,1616,16,1,1,0,4,1, , ,N,1,3,0,3,0,0,2,2,N,N,40 01:59.826,75 02:57.321,1625, ,1617, ,0, ,N, ,3, , , , , ,252879, , , ,2,2,0,0,0,0,0,0,0,0,0,0,0,0,0,0,0,0,0,0,0,0,0,0,0,0,0,0,0,0,0,0,0,0,0,0,0,40.0333,-75.0493, , 
 ,24054,2016126029,6,67,67301,2016,11,5,1645,16,1,1,0,4,1, , ,N,1,3,0,3,0,1,2,2,N, ,39 58:30.604,75 09:11.469,1656, ,1652, ,0, , , ,3, , , , , ,252888, , , ,1,0,0,0,0,0,1,0,1,0,0,0,1,1,0,0,0,0,0,0,0,0,0,1,0,0,0,0,0,0,0,0,0,0,0,8,0,39.9752,-75.1532, , 
 ,24055,2017007898,6,67,67301,2016,12,5,1140,11,1,2,1,8,1, , ,N,1,2,0,3,0,1,2,2,N,N,39 54:59.773,75 10:09.214,1203, ,1152, ,0, ,N, ,3, , , , , ,252899, , , ,1,0,0,0,0,0,0,1,0,0,0,1,1,0,0,0,0,0,0,0,1,0,0,0,0,0,0,0,0,0,0,0,1,0,0,4,0,39.9165,-75.1693, , 
 ,24056,2017002073,6,67,67301,2016,12,3,1730,17,4,1,0,4,1, , ,N,1,3,0,3,0,0,2,4,N, ,40 03:49.744,75 08:50.931,1755, ,1736, ,0, , , ,3, , , , , ,252914, , , ,4,3,0,0,0,0,1,0,0,0,0,0,0,0,0,0,0,0,0,0,0,0,0,0,0,0,0,0,0,0,0,0,0,0,0,0,0,40.0638,-75.1475, , 
 ,24057,2016080957,6,67,67301,2016,7,2,2016,20,3,2,1,4,1, , ,N,5,2,2,3,0,1,13,3,N,N,39 57:25.688,75 09:03.847,2025, ,2019,9,1,4, , ,3,N, , , , ,252931, , , ,3,1,0,0,0,0,0,2,0,0,0,1,1,0,1,0,0,1,0,0,1,0,0,0,0,0,0,0,0,0,0,0,0,0,0,4,0,39.9571,-75.1511, , 
 ,24058,2016092126,6,67,67301,2016,8,3,1519,15,1,1,0,1,1, , ,N,2,0,0,3,0,2,4,4,N, ,40 01:32.141,75 12:08.737,1603, ,1551, ,0, , , ,0, , , , , ,252954, , , ,4,2,0,0,1,0,1,0,0,0,1,1,2,0,0,0,0,0,0,0,0,0,0,0,0,0,0,0,0,0,0,0,0,0,0,3,0,40.0257,-75.2025, , 
 ,24059,2016068699,6,67,67301,2016,6,4,1051,10,1,1,0,4,1, , ,N,1,3,0,3,0,0,6,2,N,N,40 00:32.490,75 06:46.166,1053, ,1052, ,0, , , ,3, , , , , ,252972, , , ,2,2,0,0,0,0,0,0,0,0,0,0,0,0,0,0,0,0,0,1,0,0,0,0,0,0,0,0,0,0,0,0,0,0,0,0,0,40.009,-75.1128, , 
 ,24060,2016072916,6,67,67301,2016,7,2,545,5,1,1,0,7,2, , ,N,0,0,2,3,0,0,1,1,N,N,39 54:40.944,75 08:57.951,605, ,550,3,1,2, , ,0,N, , , , ,252974, , , ,1,0,0,0,0,1,0,0,0,0,0,0,0,0,0,0,0,0,0,0,1,0,0,0,0,0,0,0,0,0,0,0,0,0,0,0,1,39.9114,-75.1494, , 
 ,24061,2016077523,6,67,67301,2016,8,2,1520,15,1,1,0,1,1, , ,N,0,2,0,3,0,0,4,2,N,N,40 00:10.370,75 09:09.060,1535, ,1525, ,0, ,N, ,3, , , , , ,252978, , , ,2,2,0,0,0,0,0,0,0,0,0,0,0,0,0,0,0,0,0,0,1,0,0,0,0,0,0,0,0,0,0,0,0,0,0,0,0,40.0029,-75.1525, , 
 ,24062,2016080357,6,67,67301,2016,7,3,356,3,2,1,0,7,4, , ,N,0,0,0,3,0,0,1,1,N,N,40 00:30.306,75 10:21.647,403, ,401, ,0, ,N, ,0, , , , , ,252980, , , ,1,1,0,0,0,0,0,0,0,0,0,0,0,0,0,0,0,0,0,0,0,0,0,1,0,0,0,0,0,0,0,0,0,0,0,0,0,40.0084,-75.1727, , 
 ,24063,2016097597,6,67,67301,2016,9,2,1853,18,1,1,0,4,1, , ,N,1,3,0,3,0,3,4,2,N,N,40 04:49.213,75 10:40.915,1925, ,1919, ,0, ,N, ,3, , , , , ,252986, , , ,2,0,1,0,0,0,1,0,0,1,0,0,3,2,1,0,0,0,0,0,0,0,0,0,0,0,0,0,0,1,0,0,0,0,0,2,0,40.0803,-75.178, , 
 ,24064,2016100167,6,67,67301,2016,8,5,2125,21,3,1,0,0,1, , ,N,0,0,0,3,0,1,1,2,N,N,39 57:50.158,75 08:19.238,2138, ,2127, ,0, , , ,0, , , , , ,252993, , , ,1,0,1,0,0,0,0,0,0,0,0,0,1,1,0,0,0,0,0,0,0,0,0,0,0,0,0,0,0,0,0,0,0,0,0,8,0,39.9639,-75.1387, , 
 ,24065,2016097179,6,67,67301,2016,8,1,2117,21,3,1,0,4,1, , ,N,1,3,0,3,0,1,3,2,N, ,40 03:43.830,75 00:45.917,2135, ,2136, ,0, , , ,3, , , , , ,252996, , , ,2,1,0,0,0,0,1,0,0,0,0,0,1,1,0,0,0,1,0,0,1,0,0,0,0,0,0,0,0,0,0,0,0,0,0,8,0,40.0622,-75.0128, , 
 ,24066,2016120026,6,67,67301,2016,10,5,1903,19,3,2,1,8,1, , ,N,1,2,0,3,0,1,2,2,N,N,40 01:53.675,75 12:27.912,1916, ,1908, ,0, ,N, ,3, , , , , ,253007, , , ,1,1,0,0,0,0,0,0,0,0,0,0,1,1,0,0,0,0,0,0,0,1,0,1,0,0,0,0,0,0,0,0,1,0,0,8,0,40.0316,-75.2076, , 
 ,24067,2016132227,6,67,67301,2016,11,1,1339,13,1,1,0,1,1, , ,N,1,2,0,3,0,2,3,2,N,N,40 03:01.720,75 05:29.705,1345, ,1341, ,0, ,N, ,3, , , , , ,253042, , , ,2,1,0,1,0,0,0,0,0,0,0,0,2,2,0,0,0,0,0,0,1,0,0,0,0,0,0,0,0,0,0,0,0,0,0,8,1,40.0505,-75.0916, , 
 ,24068,2016120555,6,67,67301,2016,10,1,2012,20,3,2,1,8,1, , ,N,0,0,0,3,0,1,2,2,N,N,40 05:17.458,75 03:11.311,2014, ,2012, ,0, ,N, ,0, , , , , ,253043, , , ,1,0,0,0,0,0,0,0,0,0,0,1,1,0,0,0,0,0,0,0,0,0,0,0,0,0,0,0,0,0,0,0,1,0,0,4,0,40.0882,-75.0531, , 
 ,24069,2017021849,6,67,67301,2016,9,7,1435,14,1,1,0,8,1, , ,N,1,2,0,3,0,1,2,2,N,N,39 57:12.030,75 11:01.741,0, ,0, ,0, ,N, ,3, , , , , ,253060, , , ,1,0,0,1,0,0,0,0,0,0,0,0,1,1,0,0,0,0,0,0,1,0,0,0,0,0,0,0,0,0,0,0,1,0,0,8,1,39.9533,-75.1838, , 
 ,24070,2016096385,6,67,67301,2016,9,1,1643,16,1,1,0,7,4, , ,N,0,0,8,3,0,1,1,1,N,N,39 54:38.472,75 08:55.847,1658, ,1647, ,0, , , ,0, , , , , ,256158, , , ,1,0,1,0,0,0,0,0,0,1,0,0,1,0,0,0,0,0,0,0,0,0,0,0,0,0,0,0,0,1,0,0,0,0,0,2,0,39.9107,-75.1488, , 
 ,24071,2016113380,6,67,67301,2016,10,5,2342,23,3,2,1,7,9, , ,N,0,0,0,3,0,0,1,1,N,N,39 57:36.254,75 10:45.895,2344, ,2342,1,1,4, , ,0,N, , , , ,256159, , , ,1,1,0,0,0,0,0,0,0,0,0,0,0,0,0,0,0,0,0,0,0,0,0,0,0,0,0,0,0,0,0,0,0,0,0,0,0,39.9601,-75.1794, , 
 ,24072,2016117723,6,67,67301,2016,10,5,1947,19,1,1,0,1,6, , ,N,0,0,0,3,0,0,1,3,N,N,39 57:29.901,75 14:51.790,1954, ,1947, ,0, ,N, ,0, , , , , ,256167, , , ,3,2,0,0,0,0,0,0,0,0,0,0,0,0,0,0,0,0,0,0,1,0,0,0,0,0,0,0,0,0,0,0,0,0,0,0,0,39.9583,-75.2477, , 
 ,24073,2016092111,6,67,67301,2016,8,3,1715,17,1,1,0,4,1, , ,N,5,2,0,3,0,1,2,2,N,N,39 55:29.311,75 10:22.745,1726, ,1721, ,0, ,N, ,3, , , , , ,256178, , , ,1,1,0,0,0,0,0,0,1,0,1,0,1,0,0,0,0,0,0,0,0,0,0,0,0,0,0,0,0,0,0,0,0,0,0,3,0,39.9248,-75.173, , 
 ,24074,2016092064,6,67,67301,2016,8,4,745,7,3,1,0,7,4, , ,N,0,0,0,3,0,0,1,1,N,N,40 00:27.370,75 07:35.102,758, ,749, ,0, ,N, ,0, , , , , ,256180, , , ,1,1,0,0,0,0,0,0,0,0,0,0,0,0,0,0,0,0,0,0,0,0,0,0,0,0,0,0,0,0,0,0,0,0,0,0,0,40.0076,-75.1264, , 
 ,24075,2016105914,6,67,67301,2016,9,2,2330,23,3,1,0,5,1, , ,N,0,0,0,3,0,0,2,3,N, ,39 57:38.097,75 14:13.289,0, ,2330,9,2,1, , ,0,N, , , , ,256181, , , ,3,2,0,0,0,0,1,0,0,0,0,0,0,0,0,0,0,0,0,1,0,0,0,1,0,0,0,0,0,0,0,0,0,0,0,0,0,39.9606,-75.237, , 
 ,24076,2017003696,6,67,67301,2016,12,2,1830,18,3,1,0,8,1, , ,N,1,3,0,3,0,1,2,2,N,N,39 59:58.390,75 10:23.833,200, ,156, ,0, ,N, ,3, , , , , ,256222, , , ,1,1,0,0,0,0,0,0,0,0,1,0,1,0,0,0,0,0,0,0,0,0,0,1,0,0,0,0,0,0,0,0,1,0,0,3,0,39.9996,-75.1733, , 
 ,24077,2017002082,6,67,67301,2016,12,4,9999,99,5,1,0,8,1, , ,N,1,2,0,3,0,1,2,2,N,N,39 57:01.144,75 09:56.951,1800, ,1809, ,0, ,N, ,3, , , , , ,256224, , , ,1,0,0,0,0,0,1,0,0,0,0,0,1,1,0,0,0,0,0,0,1,0,0,1,0,0,0,0,0,0,0,0,1,0,0,8,0,39.9503,-75.1658, , 
 ,24078,2016053690,6,67,67301,2016,5,4,1903,19,1,1,0,8,1, , ,N,1,2,0,3,0,1,2,2,N, ,40 02:42.273,75 09:29.620,1921, ,1919, ,0, , , ,3, , , , , ,256229, , , ,1,1,0,0,0,0,0,0,0,0,0,0,1,1,1,0,0,0,0,0,0,0,0,0,0,0,0,0,0,0,0,0,1,0,0,8,0,40.0451,-75.1582, , 
 ,24079,2016062514,6,67,67301,2016,5,3,1407,14,1,1,0,8,1, , ,N,2,0,0,3,0,1,2,2,N,N,40 06:23.326,75 01:48.353,1413, ,1412, ,0, ,N, ,0, , , , , ,256238, , , ,1,0,0,0,0,0,1,0,0,0,0,1,1,0,0,0,0,0,0,0,0,0,0,0,0,0,0,0,0,0,0,0,1,0,0,4,0,40.1065,-75.0301, , 
 ,24080,2016065669,6,67,67301,2016,6,7,1153,11,1,1,0,4,1, , ,N,0,0,6,3,0,1,4,2,N, ,40 03:19.380,75 02:54.353,9999, ,1153, ,0, , , ,0, , , , , ,256241, , , ,2,1,0,0,0,0,1,0,0,0,0,0,1,1,0,0,0,0,0,0,0,0,0,0,0,0,0,0,0,0,0,0,0,0,0,8,0,40.0554,-75.0484, , 
 ,24081,2016070653,6,67,67301,2016,6,6,1332,13,1,1,0,4,1, , ,N,2,3,0,3,0,0,2,2,N, ,40 00:18.687,75 09:22.478,1340, ,1334,1,1,2, , ,3,N, , , , ,256243, , , ,2,2,0,0,0,0,0,0,0,0,0,0,0,0,0,0,0,0,0,0,0,0,0,2,0,0,0,0,0,0,0,0,0,0,0,0,0,40.0052,-75.1562, , 
 ,24082,2016080554,6,67,67301,2016,7,2,1025,10,1,1,0,5,6, , ,N,0,0,0,3,0,1,2,3,N,N,39 59:38.292,75 07:41.401,1039, ,1039, ,0, ,N, ,0, , , , , ,256255, , , ,3,2,0,0,0,0,1,0,0,0,0,0,1,1,0,0,0,0,0,0,0,0,0,0,0,0,0,0,0,0,0,0,0,0,0,8,0,39.994,-75.1282, , 
 ,24083,2016082229,6,67,67301,2016,7,2,2050,20,3,1,0,1,1, , ,N,1,3,0,3,0,1,3,3,N,N,40 03:08.005,75 03:21.585,2058, ,2055, ,0, ,N, ,3, , , , , ,256258, , , ,3,3,0,0,0,0,0,0,0,0,0,0,1,1,0,0,0,0,0,0,0,0,0,0,0,0,0,0,0,0,0,0,0,0,0,8,0,40.0522,-75.056, , 
 ,24084,2016084562,6,67,67301,2016,8,3,9999,99,4,1,0,8,1, , ,N,2,0,0,3,0,1,2,2,N,N,39 55:30.943,75 11:12.024,2120, ,2148, ,0, ,N, ,0, , , , , ,256259, , , ,1,1,0,0,0,0,0,0,0,0,0,0,1,1,0,0,0,0,0,0,0,0,0,1,0,0,0,0,0,0,0,0,1,0,0,8,0,39.9253,-75.1867, , 
 ,24085,2016097621,6,67,67301,2016,8,6,1400,14,1,1,0,4,1, , ,N,1,0,0,3,0,0,1,2,N, ,39 56:44.905,75 10:42.419,1425, ,1418,1,2,4, , ,0,Y, , , , ,256263, , , ,2,2,0,0,0,0,0,0,0,0,0,0,0,0,0,0,0,0,0,0,0,0,0,1,0,0,0,0,0,0,0,0,0,0,0,0,0,39.9458,-75.1784, , 
 ,24086,2016080348,6,67,67301,2016,7,6,1900,19,3,1,0,4,1, , ,N,0,0,0,3,0,1,2,2,N,N,40 02:51.698,75 06:17.366,1913, ,1909, ,0, ,N, ,0, , , , , ,256289, , , ,1,0,0,0,1,0,0,0,1,0,0,1,1,0,0,0,0,0,0,0,0,0,0,0,0,0,0,0,0,0,0,0,0,0,0,4,0,40.0477,-75.1048, , 
 ,24087,2016080558,6,67,67301,2016,7,1,1509,15,1,1,0,8,1, , ,N,0,0,0,3,0,1,2,2,N,N,39 56:14.013,75 11:28.536,1521, ,1519, ,0, ,N, ,0, , , , , ,256290, , , ,1,1,0,0,0,0,0,0,0,0,0,1,1,0,0,0,0,0,0,0,0,0,0,0,0,0,0,0,0,0,0,0,1,0,0,4,0,39.9372,-75.1913, , 
 ,24088,2016080936,6,67,67301,2016,7,6,1545,15,1,1,0,1,1, , ,N,2,2,0,3,0,1,2,2,N,N,40 06:39.135,75 00:12.689,9999, ,9999, ,0, ,N, ,3, , , , , ,256291, , , ,2,1,0,0,0,0,1,0,0,0,1,0,1,0,1,0,0,0,1,0,0,0,0,0,0,0,0,0,0,0,0,0,0,0,0,3,0,40.1109,-75.0035, , 
 ,24089,2015070614,6,67,67301,2015,6,4,1215,12,1,1,0,4,1, , ,N,1,2,0,3,0,1,2,2,N, ,39 58:17.779,75 14:34.145,1345, ,1345, ,0, , , ,3, , , , , ,260404, , , ,1,1,0,0,0,0,0,0,1,0,0,1,1,0,0,0,0,0,0,0,1,0,0,0,0,0,0,0,0,0,0,0,0,0,0,4,0,39.9716,-75.2428, , 
 ,24090,2015071468,6,67,67301,2015,6,6,1916,19,1,1,0,1,1, , ,N,0,0,0,3,0,5,8,3,N,N,39 58:45.291,75 12:14.078,1917, ,1916,1,1,3,N, ,0,N, , , , ,260406, , , ,3,0,0,0,0,0,3,0,0,0,0,0,5,5,0,0,0,1,0,0,0,1,0,0,0,0,0,0,0,0,0,0,0,0,0,8,0,39.9792,-75.2039, , 
 ,24091,2015028875,6,67,67301,2015,2,5,1051,10,1,1,0,4,1, , ,N,1,2,0,3,0,1,2,2,N, ,39 57:07.822,75 08:42.804,1053, ,1051, ,0, , , ,2, , , , , ,260427, , , ,2,2,0,0,0,0,0,0,0,0,0,0,1,1,0,0,0,0,0,0,0,0,0,0,0,0,0,0,0,0,0,0,0,0,0,8,0,39.9522,-75.1452, , 
 ,24092,2015056563,6,67,67301,2015,5,5,1321,13,1,1,0,5,1, , ,N,0,0,0,3,0,1,2,2,N,N,40 01:47.730,75 11:16.593,1334, ,1321,2,2,1,N, ,0,Y, , , , ,260453, , , ,2,2,0,0,0,0,0,0,0,0,0,1,1,0,0,0,0,0,0,0,0,1,0,0,0,0,0,0,0,0,0,0,0,0,0,4,0,40.0299,-75.1879, , 
 ,24093,2015036551,6,67,67301,2015,3,5,2330,23,3,1,0,4,6, , ,N,1,3,0,3,0,0,1,4,N,N,39 57:47.635,75 09:15.040,2348, ,2334,3,2,2,N, ,3,Y, , , , ,260483, , , ,4,3,0,0,0,0,1,0,0,0,0,0,0,0,0,0,0,0,0,0,1,0,0,0,0,0,0,0,0,0,0,0,0,0,0,0,0,39.9632,-75.1542, , 
 ,24094,2015036747,6,67,67301,2015,3,3,1123,11,1,1,0,1,1, , ,N,0,0,0,3,0,0,2,2,N,N,39 57:33.653,75 10:28.676,1123, ,1123,1,1,3,N, ,0,N, , , , ,260484, , , ,2,0,0,0,0,1,0,1,0,0,0,0,0,0,0,0,0,0,0,0,1,0,0,0,0,0,0,0,0,0,0,0,0,0,0,0,1,39.9593,-75.1746, , 
 ,24095,2015040937,6,67,67301,2015,3,5,1050,10,1,9,1,7,2, , ,N,0,0,2,3,0,1,1,1,N,N,40 00:19.715,75 11:38.409,1051, ,1051,2,2,1,Y, ,0,Y, , , , ,260488, , , ,1,1,0,0,0,0,0,0,0,0,0,1,1,0,0,0,0,0,0,0,0,0,0,1,0,0,0,0,0,0,0,0,0,0,0,4,0,40.0055,-75.194, , 
 ,24096,2015043341,6,67,67301,2015,4,3,214,2,3,1,0,5,2, , ,N,0,0,0,3,0,0,3,3,N,N,39 57:27.073,75 08:52.023,223, ,216, ,0, ,N, ,0, , , , , ,260492, , , ,3,1,0,0,1,0,1,0,0,0,0,0,0,0,0,0,0,0,0,0,0,0,0,0,0,0,0,0,0,0,0,0,0,0,0,0,0,39.9575,-75.1478, , 
 ,24097,2015045407,6,67,67301,2015,4,6,1945,19,3,1,0,8,1, , ,N,0,0,0,3,0,1,2,2,N,N,40 02:00.207,75 04:08.760,1955, ,1949,3,2,6, , ,0,Y, , , , ,260495, , , ,1,0,0,0,0,0,1,0,0,0,0,1,1,0,0,0,0,0,0,0,0,0,0,0,0,0,0,0,0,0,0,0,1,0,0,4,0,40.0334,-75.0691, , 
 ,24098,2015062748,6,67,67301,2015,5,7,416,4,3,1,0,2,1, , ,N,0,0,0,3,0,1,2,3,N,N,39 57:08.460,75 10:09.807,420, ,416, ,0, ,N, ,0, , , , , ,260551, , , ,3,3,0,0,0,0,0,0,0,1,0,0,1,0,0,0,0,0,0,0,0,0,0,0,0,0,0,0,0,0,0,0,0,0,0,2,0,39.9524,-75.1694, , 
 ,24099,2015031018,6,67,67301,2015,2,3,1605,16,1,1,0,4,1, , ,N,1,2,0,3,0,3,3,2,N, ,40 05:24.064,74 59:03.324,1611, ,1608, ,0, , , ,3, , , , , ,260569, , , ,2,2,0,0,0,0,0,0,0,0,0,0,3,3,0,0,0,1,0,0,0,0,0,0,0,0,0,0,0,0,0,0,0,0,0,8,0,40.0899,-74.9842, , 
 ,24100,2015038225,6,67,67301,2015,3,6,247,2,3,1,0,7,2, , ,N,0,0,0,3,0,1,2,1,N,N,39 58:24.187,75 07:13.436,247, ,247,1,2,2,N, ,0,N, , , , ,260574, , , ,1,1,0,0,0,0,0,0,0,0,0,1,1,0,0,0,0,0,0,0,0,0,0,1,0,0,0,0,0,0,0,0,0,0,0,4,0,39.9734,-75.1204, , 
 ,24101,2015042885,6,67,67301,2015,4,6,1035,10,1,2,1,4,1, , ,N,3,0,2,3,0,0,2,2,N,N,39 54:29.188,75 09:21.587,1100, ,1056,2,2,4,N, ,0,N, , , , ,260584, , , ,2,0,0,0,1,0,1,0,0,0,0,0,0,0,0,0,0,0,0,0,0,0,0,0,0,0,0,0,0,0,0,0,0,0,0,0,0,39.9081,-75.156, , 
 ,24102,2015047552,6,67,67301,2015,4,6,315,3,3,1,0,1,1, , ,N,1,2,0,3,0,0,4,2,N,N,40 03:02.097,75 08:31.585,317, ,317,2,1,1,N, ,3,N, , , , ,260587, , , ,2,0,0,0,0,0,2,0,0,0,0,0,0,0,1,0,0,0,0,0,1,0,0,0,0,0,0,0,0,0,0,0,0,0,0,9,0,40.0506,-75.1421, , 
 ,24103,2015018949,6,67,67301,2015,1,6,1831,18,3,1,0,8,1, , ,N,1,2,0,3,0,2,3,3,N,N,39 57:04.915,75 11:56.807,1840, ,1834, ,0, , , ,3, , , , , ,260616, , , ,1,1,0,0,0,0,0,0,0,0,0,0,2,2,0,0,0,0,0,0,0,0,0,0,0,0,0,0,0,0,0,0,2,0,0,8,0,39.9513,-75.1991, , 
 ,24104,2015026465,6,67,67301,2015,2,7,1605,16,1,4,3,7,5, , ,N,0,0,0,3,0,0,2,1,N,N,39 53:55.896,75 10:08.285,1626, ,1611,2,1,1,N, ,0,N, , , , ,260621, , , ,1,0,0,0,0,0,1,0,0,0,0,0,0,0,0,0,0,0,0,0,0,0,0,0,0,0,0,0,0,0,0,0,0,0,0,0,0,39.8989,-75.169, , 
 ,24105,2015049130,6,67,67301,2015,4,6,1050,10,1,1,0,8,1, , ,N,1,2,0,3,0,1,2,2,N,N,40 07:24.747,75 00:55.270,1105, ,1100, ,0, , , ,3, , , , , ,260633, , , ,1,1,0,0,0,0,0,0,0,0,0,1,1,0,1,0,0,0,0,0,0,0,0,0,0,0,0,0,0,0,0,0,1,0,0,4,0,40.1235,-75.0154, , 
 ,24106,2015049149,6,67,67301,2015,4,5,1710,17,1,1,0,8,1, , ,N,0,0,0,3,0,1,2,2,N,N,40 03:46.024,75 09:27.755,1720, ,1715,1,1,2, , ,0,Y, , , , ,260634, , , ,1,1,0,0,0,0,0,0,0,0,1,0,1,0,0,0,0,0,0,0,0,0,0,0,0,0,0,0,0,0,0,0,1,0,0,3,0,40.0628,-75.1577, , 
 ,24107,2015054391,6,67,67301,2015,5,6,1325,13,1,1,0,4,1, , ,N,2,3,0,3,0,0,3,2,N,N,40 06:24.778,75 01:17.277,1345, ,1339, ,0, ,N, ,3, , , , , ,260640, , , ,2,2,0,0,0,0,0,0,0,0,0,0,0,0,0,0,0,0,0,0,1,0,0,0,0,0,0,0,0,0,0,0,0,0,0,0,0,40.1069,-75.0215, , 
 ,24108,2015006147,6,67,67301,2015,1,6,1513,15,1,1,0,7,4, , ,N,2,3,0,3,0,1,1,1,N,N,40 05:26.613,75 03:20.265,1519, ,1813,3,1,5,N, ,3,Y, , , , ,264652, , , ,1,0,0,0,1,0,0,0,0,0,1,0,1,0,0,0,0,0,0,0,1,0,0,0,0,0,0,0,0,0,0,0,0,0,0,3,0,40.0907,-75.0556, , 
 ,24109,2015012820,6,67,67301,2015,1,4,1559,15,1,1,0,1,1, , ,N,0,0,0,3,0,0,2,2,N,N,39 57:25.953,75 09:24.733,1616, ,1607, ,0, ,N, ,0, , , , , ,264658, , , ,2,0,0,0,0,1,1,0,0,0,0,0,0,0,0,0,0,0,0,0,0,0,0,0,0,0,0,0,0,0,0,0,0,0,0,0,1,39.9572,-75.1569, , 
 ,24110,2015033127,6,67,67301,2015,3,5,1442,14,1,4,3,4,1, , ,N,0,0,0,3,0,0,3,2,N,N,39 55:56.208,75 12:00.440,1503, ,1442, ,0, ,N, ,0, , , , , ,264683, , , ,2,2,0,0,0,0,0,0,0,0,0,0,0,0,0,0,0,0,1,0,0,0,0,0,0,0,0,0,0,0,0,0,0,0,0,0,0,39.9323,-75.2001, , 
 ,24111,2015042741,6,67,67301,2015,4,7,1632,16,1,1,0,4,1, , ,N,0,0,0,3,0,1,2,2,N,N,40 00:35.191,75 08:50.770,1632, ,1632,2,2,1, , ,0,Y, , , , ,264693, , , ,1,0,0,0,0,0,1,0,1,0,0,1,1,0,0,0,0,0,0,0,0,1,0,0,0,0,0,0,0,0,0,0,0,0,0,4,0,40.0098,-75.1474, , 
 ,24112,2015043333,6,67,67301,2015,3,7,1635,16,1,1,0,1,1, , ,N,0,0,0,3,0,0,2,2,N,N,40 00:32.937,75 04:04.217,1656, ,1636, ,0, ,N, ,0, , , , , ,264694, , , ,2,1,0,0,0,0,1,0,0,0,0,0,0,0,0,0,0,1,0,0,0,0,0,0,0,0,0,0,0,0,0,0,0,0,0,0,0,40.0091,-75.0678, , 
 ,24113,2015006238,6,67,67301,2015,1,2,1906,19,3,1,0,1,1, , ,N,0,0,0,3,0,1,6,4,N,N,39 54:00.157,75 09:37.234,1917, ,1907, ,0, ,N, ,0, , , , , ,264702, , , ,4,2,0,0,0,0,1,0,0,0,0,1,1,0,1,0,0,0,0,0,0,1,0,0,0,0,0,0,0,0,0,0,0,0,0,4,0,39.9,-75.1603, , 
 ,24114,2015020756,6,67,67301,2015,1,4,1354,13,1,1,4,4,1, , ,N,1,2,0,3,0,1,3,2,N,N,40 01:44.597,75 08:48.518,1356, ,1355, ,0, ,N, ,3, , , , , ,264710, , , ,2,1,0,0,0,1,0,0,0,0,0,1,1,0,0,0,0,0,0,0,0,1,0,0,0,0,0,0,0,0,0,0,0,0,0,4,1,40.0291,-75.1468, , 
 ,24115,2015045342,6,67,67301,2015,4,4,1615,16,1,2,1,8,1, , ,N,1,0,0,3,0,1,2,2,N,N,39 58:08.209,75 09:16.358,1640, ,1615, ,0, ,N, ,0, , , , , ,264733, , , ,1,1,0,0,0,0,0,0,0,0,0,1,1,0,0,0,0,0,0,0,0,0,0,0,0,0,0,0,0,0,0,0,1,0,0,4,0,39.9689,-75.1545, , 
 ,24116,2015051937,6,67,67301,2015,4,2,1415,14,1,1,0,5,1, , ,N,0,0,0,3,0,1,3,2,N,N,40 01:11.281,75 08:56.132,1425, ,1419, ,0, , , ,0, , , , , ,264738, , , ,2,2,0,0,0,0,0,0,0,0,0,0,1,1,0,0,0,0,0,0,0,0,0,0,0,0,0,0,0,0,0,0,0,0,0,8,0,40.0198,-75.1489, , 
 ,24117,2015009056,6,67,67301,2015,1,1,1400,14,1,1,2,5,1, , ,N,0,0,0,3,0,0,2,2,N,N,39 55:51.007,75 11:55.862,1410, ,1404, ,0, ,Y, ,0, , , , , ,264751, , , ,2,2,0,0,0,0,0,0,0,0,0,0,0,0,0,0,0,0,0,0,0,0,0,0,0,0,0,0,0,0,0,0,0,0,0,0,0,39.9308,-75.1989, , 
 ,24118,2015025034,6,67,67301,2015,2,5,116,1,3,1,0,4,1, , ,N,1,3,0,3,0,1,2,2,N,N,39 56:10.042,75 09:47.955,302, ,116,9,1,2,N, ,3,N, , , , ,264761, , , ,2,1,0,0,0,0,0,1,0,0,0,1,1,0,0,0,0,0,0,0,0,0,0,0,0,0,0,0,0,0,0,0,0,0,0,4,0,39.9361,-75.1633, , 