wz_ln_closure,objectid_1,crn,district,county,municipality,crash_year,crash_month,day_of_week,time_of_day,hour_of_day,illumination,weather,road_condition,collision_type,relation_to_road,work_zone_type,work_zone_loc,work_zone_ind,intersect_type,tcd_type,location_type,urban_rural,fatal_count,injury_count,person_count,total_units,sch_bus_ind,sch_zone_ind,latitude,longitude,arrival_tm,cons_zone_spd_lim,dispatch_tm,est_hrs_closed,lane_closed,ln_close_dir,ntfy_hiwy_maint,spec_juris_cd,tcd_func_cd,tfc_detour_ind,workers_pres,wz_close_detour,wz_flagger,wz_law_offcr_ind,objectid,wz_moving,wz_other,wz_shlder_mdn,vehicle_count,automobile_count,motorcycle_count,bus_count,small_truck_count,heavy_truck_count,suv_count,van_count,bicycle_count,maj_inj_count,mod_inj_count,min_inj_count,tot_inj_count,unk_inj_deg_count,unk_inj_per_count,driver_count_16yr,driver_count_17yr,driver_count_18yr,driver_count_19yr,driver_count_20yr,driver_count_50_64yr,driver_count_65_74yr,driver_count_75plus,unbelted_occ_count,unb_death_count,unb_maj_inj_count,belted_death_count,belted_maj_inj_count,mcycle_death_count,mcycle_maj_inj_count,bicycle_death_count,bicycle_maj_inj_count,ped_count,ped_death_count,ped_maj_inj_count,max_severity_level,comm_veh_count,dec_lat,dec_long,rdwy_surf_type_cd,county_name
 ,24119,2015049105,6,67,67301,2015,4,2,1350,13,1,1,0,8,1, , ,N,0,0,0,3,0,1,2,2,N,N,40 00:31.848,75 09:28.286,1358, ,1355, ,0, ,N, ,0, , , , , ,264787, , , ,1,0,0,0,0,0,0,0,0,0,0,1,1,0,0,0,0,0,0,0,0,0,0,0,0,0,0,0,0,0,0,0,1,0,0,4,0,40.0088,-75.1579, , 
 ,24120,2015051629,6,67,67301,2015,4,3,900,9,1,1,0,4,1, , ,N,0,0,0,3,0,1,2,2,N,N,40 02:02.594,75 01:10.171,925, ,908,2,2,1,N, ,0,N, , , , ,264829, , , ,2,2,0,0,0,0,0,0,0,0,0,0,1,1,0,0,0,0,0,0,0,0,0,1,0,0,0,0,0,0,0,0,0,0,0,8,0,40.0341,-75.0195, , 
 ,24121,2015056663,6,67,67301,2015,5,1,1600,16,1,1,0,1,1, , ,N,0,0,0,3,0,0,7,4,N,N,39 59:47.613,75 11:48.788,1605, ,1603,1,2,3,N, ,0,N, , , , ,264834, , , ,4,3,0,0,0,0,1,0,0,0,0,0,0,0,0,0,0,0,0,0,0,0,1,0,0,0,0,0,0,0,0,0,0,0,0,0,0,39.9966,-75.1969, , 
N,24122,2015008687,6,67,67301,2015,1,5,1542,15,1,1,0,1,1,1,4,Y,0,0,0,3,0,0,2,2,N,N,40 01:21.487,75 02:11.567,1622,45,1543,1,1,1,N, ,0,N,N,N,N,N,264845,N,Y,N,2,2,0,0,0,0,0,0,0,0,0,0,0,0,0,0,0,0,0,0,0,0,0,0,0,0,0,0,0,0,0,0,0,0,0,0,0,40.0226,-75.0365, , 
 ,24123,2015040911,6,67,67301,2015,3,1,1545,15,1,1,0,4,1, , ,N,1,2,0,3,0,2,4,2,N,N,40 01:28.740,75 07:25.247,1627, ,1620, ,0, ,N, ,2, , , , , ,264879, , , ,2,2,0,0,0,0,0,0,0,0,0,2,2,0,0,0,0,0,0,0,0,0,0,0,0,0,0,0,0,0,0,0,0,0,0,4,0,40.0247,-75.1237, , 
 ,24124,2015028762,6,67,67301,2015,2,7,620,6,1,1,6,4,1, , ,N,1,2,0,3,0,0,2,2,N, ,40 03:05.090,75 09:48.178,630, ,623,9,2,4, , ,3,Y, , , , ,264907, , , ,2,2,0,0,0,0,0,0,0,0,0,0,0,0,0,0,0,0,0,0,1,0,0,0,0,0,0,0,0,0,0,0,0,0,0,0,0,40.0514,-75.1634, , 
 ,24125,2015056925,6,67,67301,2015,5,6,1258,12,1,1,0,4,1, , ,N,1,2,0,3,0,1,3,2,N,N,40 04:14.728,75 14:28.850,1320, ,1315,1,1,1,N, ,3,Y, , , , ,264935, , , ,2,1,0,0,0,0,1,0,0,0,0,0,1,1,0,0,0,0,0,0,1,0,0,0,0,0,0,0,0,0,0,0,0,0,0,8,0,40.0709,-75.2413, , 
 ,24126,2015056949,6,67,67301,2015,5,4,952,9,1,1,1,8,1, , ,N,0,0,0,3,0,1,2,2,N,N,39 57:00.878,75 08:48.018,957, ,954,1,1,3,N, ,0,Y, , , , ,264936, , , ,1,0,0,0,1,0,0,0,0,0,0,1,1,0,0,0,0,0,0,0,0,0,0,0,0,0,0,0,0,0,0,0,1,0,0,4,0,39.9502,-75.1467, , 
 ,24127,2017019587,6,67,67301,2016,7,2,1000,10,1,1,0,4,1, , ,N,1,3,0,3,0,1,2,2,N,N,40 02:24.799,75 07:22.061,0, ,0, ,0, ,N, ,3, , , , , ,253061, , , ,2,1,0,0,0,0,0,0,0,0,0,0,1,1,0,0,0,0,0,0,1,0,0,0,0,0,0,0,0,0,0,0,0,0,0,8,0,40.0402,-75.1228, , 
 ,24128,2016108529,6,67,67301,2016,10,3,1211,12,1,1,0,4,1, , ,N,1,2,0,3,0,0,3,2,N,N,39 56:55.507,75 10:44.381,1216, ,1216, ,0, ,N, ,3, , , , , ,253068, , , ,2,1,0,0,0,0,1,0,0,0,0,0,0,0,3,0,0,0,0,0,0,0,0,1,0,0,0,0,0,0,0,0,0,0,0,9,0,39.9488,-75.179, , 
 ,24129,2016084663,6,67,67301,2016,8,2,2104,21,2,1,0,4,1, , ,N,1,2,0,3,0,2,3,2,N, ,39 58:20.364,75 14:55.913,9999, ,2201, ,0, , , ,3, , , , , ,253100, , , ,2,1,0,0,0,0,1,0,0,0,0,0,2,2,0,0,0,0,0,0,0,0,0,1,0,0,0,0,0,0,0,0,0,0,0,8,0,39.9723,-75.2488, , 
 ,24130,2016087628,6,67,67301,2016,8,4,930,9,1,1,0,4,6, , ,N,0,0,0,3,0,0,1,2,N,N,39 58:51.693,75 11:16.206,1110, ,1100,9,1,3,N, ,0,N, , , , ,253103, , , ,2,2,0,0,0,0,0,0,0,0,0,0,0,0,0,0,0,0,0,0,0,0,0,0,0,0,0,0,0,0,0,0,0,0,0,0,0,39.981,-75.1878, , 
 ,24131,2016097585,6,67,67301,2016,9,5,930,9,1,2,1,8,1, , ,N,0,0,7,3,0,1,2,2,N, ,39 57:15.441,75 09:43.728,945, ,938, ,0, , , ,0, , , , , ,253107, , , ,1,1,0,0,0,0,0,0,0,0,0,0,1,1,0,0,0,0,0,0,0,0,0,0,0,0,0,0,0,0,0,0,1,0,0,8,0,39.9543,-75.1621, , 
 ,24132,2016105670,6,67,67301,2016,9,1,2230,22,6,9,0,1,1, , ,N,1,2,0,3,0,1,6,2,N,N,40 01:30.022,75 07:32.536,0, ,9999, ,0, ,N, ,3, , , , , ,253113, , , ,2,0,0,0,0,0,2,0,0,0,1,0,1,0,1,0,0,0,0,0,1,0,0,0,0,0,0,0,0,0,0,0,0,0,0,3,0,40.0252,-75.1254, , 
 ,24133,2016105546,6,67,67301,2016,9,4,1313,13,1,1,0,5,1, , ,N,0,0,0,3,0,1,3,2,N, ,40 01:36.085,75 03:22.621,1320, ,1313,3,2,6, , ,0,N, , , , ,253121, , , ,2,1,0,0,0,0,0,1,0,0,0,1,1,0,0,0,0,0,0,0,0,0,0,2,0,0,0,0,0,0,0,0,0,0,0,4,0,40.0267,-75.0563, , 
 ,24134,2016129251,6,67,67301,2016,11,1,2155,21,3,1,0,4,1, , ,N,1,3,0,3,0,1,2,2,N, ,40 01:33.441,75 04:50.476,2205, ,2200, ,0, , , ,3, , , , , ,253140, , , ,2,2,0,0,0,0,0,0,0,0,0,0,1,1,0,0,0,0,0,0,0,0,0,1,0,0,0,0,0,0,0,0,0,0,0,8,0,40.026,-75.0807, , 
 ,24135,2017001355,6,67,67301,2016,12,5,1007,10,1,1,0,1,1, , ,N,0,0,0,3,0,3,5,4,N,N,39 55:22.205,75 08:51.804,1015, ,1007,3,2,2, , ,0,N, , , , ,253151, , , ,4,2,0,0,0,0,2,0,0,0,0,0,3,3,0,0,0,0,0,0,0,1,1,1,0,0,0,0,0,0,0,0,0,0,0,8,0,39.9228,-75.1477, , 
 ,24136,2016138169,6,67,67301,2016,12,3,1740,17,3,2,1,4,1, , ,N,1,2,0,3,0,0,2,2,N, ,40 03:33.971,75 05:09.267,1748, ,1746, ,0, , , ,3, , , , , ,253177, , , ,2,2,0,0,0,0,0,0,0,0,0,0,0,0,0,0,0,0,1,1,0,0,0,0,0,0,0,0,0,0,0,0,0,0,0,0,0,40.0594,-75.0859, , 
 ,24137,2016106322,6,67,67301,2016,9,5,810,8,1,1,0,8,1, , ,N,1,2,0,3,0,1,2,2,N,N,39 57:11.413,75 10:11.807,1310, ,1300, ,0, ,N, ,3, , , , , ,253206, , , ,1,0,0,0,0,0,1,0,0,0,0,1,1,0,0,0,0,0,0,0,0,0,0,1,0,0,0,0,0,0,0,0,1,0,0,4,0,39.9532,-75.17, , 
 ,24138,2016107222,6,67,67301,2016,9,2,925,9,1,2,1,6,1, , ,N,0,0,0,3,0,2,2,2,N, ,39 54:17.303,75 13:26.756,953, ,952, ,0, , , ,0, , , , , ,253207, , , ,2,2,0,0,0,0,0,0,0,0,1,1,2,0,0,0,0,0,0,0,0,0,0,0,0,0,0,0,0,0,0,0,0,0,0,3,0,39.9048,-75.2241, , 
 ,24139,2016114026,6,67,67301,2016,11,3,645,6,5,1,0,4,1, , ,N,1,2,0,3,0,2,3,2,N,N,39 58:44.043,75 09:34.387,653, ,650,2,2,6,N, ,3,Y, , , , ,253214, , , ,2,2,0,0,0,0,0,0,0,0,0,0,2,2,0,0,0,0,0,0,1,0,0,0,0,0,0,0,0,0,0,0,0,0,0,8,0,39.9789,-75.1594, , 
 ,24140,2016105883,6,67,67301,2016,9,7,2038,20,3,1,0,6,1, , ,N,0,0,0,3,0,7,7,2,N, ,40 01:05.624,75 12:06.829,2041, ,2038, ,0, , , ,0, , , , , ,253230, , , ,2,1,0,0,0,0,1,0,0,0,4,2,7,1,0,0,0,0,0,0,1,0,0,0,0,0,0,0,0,0,0,0,0,0,0,3,0,40.0182,-75.2019, , 
 ,24141,2016125643,6,67,67301,2016,11,3,645,6,2,2,1,1,1, , ,N,0,0,0,3,0,1,2,2,N,N,40 00:48.979,75 03:26.241,721, ,645, ,0, , , ,0, , , , , ,253237, , , ,2,0,0,0,0,0,2,0,0,0,1,0,1,0,0,0,0,0,0,0,1,0,0,0,0,0,0,0,0,0,0,0,0,0,0,3,0,40.0136,-75.0573, , 
 ,24142,2016126059,6,67,67301,2016,11,5,726,7,1,1,0,4,1, , ,N,1,2,0,3,0,1,3,2,N, ,40 07:43.924,75 00:49.810,757, ,726, ,0, , , ,3, , , , , ,253250, , , ,2,2,0,0,0,0,0,0,0,0,0,1,1,0,0,0,1,0,0,0,0,0,0,0,0,0,0,0,0,0,0,0,0,0,0,4,0,40.1288,-75.0137, , 
 ,24143,2017007940,6,67,67301,2016,12,3,1400,14,1,1,0,1,1, , ,N,0,0,0,3,0,1,2,2,N, ,40 00:51.693,75 11:07.271,1405, ,1402, ,0, , , ,0, , , , , ,253259, , , ,2,2,0,0,0,0,0,0,0,0,1,0,1,0,0,0,0,0,0,0,1,0,0,0,0,0,0,0,0,0,0,0,0,0,0,3,0,40.0144,-75.1854, , 
 ,24144,2016103095,6,67,67301,2016,9,5,1411,14,1,2,1,0,1, , ,N,0,0,0,3,0,0,5,4,N,N,39 58:36.169,75 06:49.323,1458, ,1411, ,0, , , ,0, , , , , ,253263, , , ,4,2,0,0,0,0,1,1,0,0,0,0,0,0,0,0,0,0,0,0,0,0,1,1,0,0,0,0,0,0,0,0,0,0,0,0,0,39.9767,-75.1137, , 
 ,24145,2016082307,6,67,67301,2016,7,7,1839,18,1,2,1,2,1, , ,N,1,2,0,3,0,3,3,2,N,N,40 04:15.122,75 14:28.540,1847, ,1840, ,0, , , ,3, , , , , ,256294, , , ,2,2,0,0,0,0,0,0,0,0,1,2,3,0,0,0,0,0,0,0,0,1,0,0,0,0,0,0,0,0,0,0,0,0,0,3,0,40.0709,-75.2413, , 
 ,24146,2016105057,6,67,67301,2016,10,1,201,2,3,2,1,7,3, , ,N,0,0,0,3,0,1,1,1,N,N,40 02:48.393,75 00:02.652,203, ,203, ,0, , , ,0, , , , , ,256299, , , ,1,1,0,0,0,0,0,0,0,0,1,0,1,0,0,0,0,0,0,0,0,0,0,0,0,0,0,0,0,0,0,0,0,0,0,3,0,40.0468,-75.0007, , 
 ,24147,2016099491,6,67,67301,2016,9,6,1540,15,1,1,0,4,1, , ,N,1,3,0,3,0,3,3,2,N,N,40 02:29.734,75 02:02.806,1638, ,1632, ,0, ,N, ,3, , , , , ,256305, , , ,2,1,0,0,0,0,0,1,0,0,0,3,3,0,0,0,0,0,0,0,0,0,1,0,0,0,0,0,0,0,0,0,0,0,0,4,0,40.0416,-75.0341, , 
 ,24148,2016105695,6,67,67301,2016,9,6,1910,19,3,1,0,4,1, , ,N,0,0,0,3,0,0,3,2,N,N,40 05:44.254,74 59:27.848,1925, ,1917,2,1,4,N, ,0,N, , , , ,256312, , , ,2,0,0,0,0,0,1,1,0,0,0,0,0,0,0,0,0,0,0,0,0,0,0,0,0,0,0,0,0,0,0,0,0,0,0,0,0,40.0956,-74.9911, , 
 ,24149,2017023712,6,67,67301,2016,12,6,1125,11,1,1,0,5,1, , ,N,0,0,0,3,0,1,2,2,N,N,39 57:20.651,75 09:46.019,0, ,0, ,0, ,N, ,0, , , , , ,256330, , , ,2,1,0,1,0,0,0,0,0,0,1,0,1,0,0,0,0,0,0,0,1,0,0,1,0,0,0,0,0,0,0,0,0,0,0,3,1,39.9557,-75.1628, , 
 ,24150,2016061703,6,67,67301,2016,6,1,605,6,1,1,0,7,3, , ,N,0,0,0,3,0,1,1,1,N,N,39 55:14.818,75 08:53.380,614, ,605,1,1,2, , ,0,N, , , , ,256339, , , ,1,1,0,0,0,0,0,0,0,0,1,0,1,0,0,0,0,0,0,0,0,0,0,0,0,0,0,0,0,0,0,0,0,0,0,3,0,39.9208,-75.1482, , 
 ,24151,2016065704,6,67,67301,2016,6,1,134,1,3,1,0,1,1, , ,N,0,0,0,3,0,0,2,2,N,N,40 01:14.093,75 04:48.786,134, ,134, ,0, ,N, ,0, , , , , ,256344, , , ,2,2,0,0,0,0,0,0,0,0,0,0,0,0,1,0,0,0,0,0,0,0,0,0,0,0,0,0,0,0,0,0,0,0,0,9,0,40.0206,-75.0802, , 
 ,24152,2016068323,6,67,67301,2016,6,3,252,2,2,1,0,5,1, , ,N,0,0,0,3,0,1,3,2,N,N,40 03:00.676,74 59:33.536,307, ,253, ,0, , , ,0, , , , , ,256345, , , ,2,1,0,0,1,0,0,0,0,0,0,0,1,1,0,0,0,0,0,0,0,0,0,0,0,0,0,0,0,0,0,0,0,0,0,8,0,40.0502,-74.9926, , 
 ,24153,2016081403,6,67,67301,2016,7,3,1800,18,1,1,0,1,1, , ,N,0,0,0,3,0,3,6,4,N,N,40 01:33.133,75 07:11.189,1815, ,1807, ,0, ,N, ,0, , , , , ,256356, , , ,4,3,0,0,0,0,0,0,0,0,0,0,3,3,0,0,0,0,0,0,0,0,0,0,0,0,0,0,0,0,0,0,0,0,0,8,0,40.0259,-75.1198, , 
 ,24154,2016096724,6,67,67301,2016,8,1,38,0,3,1,0,7,4, , ,N,0,0,0,3,0,0,1,1,N,N,39 54:07.715,75 09:04.419,45, ,45,1,1,1, , ,0,N, , , , ,256361, , , ,1,0,0,0,1,0,0,0,0,0,0,0,0,0,0,0,0,0,0,0,0,0,0,0,0,0,0,0,0,0,0,0,0,0,0,0,0,39.9021,-75.1512, , 
 ,24155,2017007915,6,67,67301,2016,12,5,1715,17,3,1,0,2,1, , ,N,1,2,0,3,0,0,2,2,N,N,39 57:18.043,75 14:17.451,1720, ,1720, ,0, ,N, ,3, , , , , ,256377, , , ,2,1,0,0,0,0,1,0,0,0,0,0,0,0,0,0,0,0,0,0,0,1,0,1,0,0,0,0,0,0,0,0,0,0,0,0,0,39.955,-75.2382, , 
 ,24156,2016110743,6,67,67301,2016,10,7,319,3,3,2,1,5,1, , ,N,0,0,0,3,0,3,4,2,N,N,39 56:46.656,75 11:21.800,404, ,404,2,2,3, , ,0,N, , , , ,256385, , , ,2,1,0,0,0,0,1,0,0,0,0,0,3,3,0,0,0,0,0,0,1,0,0,0,0,0,0,0,0,0,0,0,0,0,0,8,0,39.9463,-75.1894, , 
 ,24157,2016112117,6,67,67301,2016,10,4,1900,19,3,1,0,5,6, , ,N,0,0,0,3,0,2,2,2,N,N,40 01:59.438,75 02:53.424,1910, ,1907, ,0, ,N, ,0, , , , , ,256390, , , ,2,0,0,0,0,1,0,1,0,0,0,2,2,0,0,0,0,0,0,0,0,0,0,0,0,0,0,0,0,0,0,0,0,0,0,4,1,40.0332,-75.0482, , 
 ,24158,2016132167,6,67,67301,2016,11,3,9999,99,1,1,0,4,1, , ,N,1,2,0,3,0,4,7,6,N, ,40 02:10.675,75 03:51.729,9999, ,1351,2,1,2, , ,3,N, , , , ,256405, , , ,6,5,0,0,0,0,1,0,0,0,2,2,4,0,0,0,0,0,0,0,3,0,0,2,0,0,0,0,0,0,0,0,0,0,0,3,0,40.0363,-75.0643, , 
 ,24159,2016129970,6,67,67301,2016,11,2,9999,99,1,1,0,6,1, , ,N,0,0,0,3,0,2,3,2,N, ,40 02:17.408,75 04:42.914,408, ,401, ,9, , , ,0, , , , , ,256412, , , ,2,2,0,0,0,0,0,0,0,1,0,1,2,0,0,0,0,0,0,0,0,1,0,0,0,0,0,0,0,0,0,0,0,0,0,2,0,40.0382,-75.0786, , 
 ,24160,2016132969,6,67,67301,2016,12,4,1919,19,3,1,0,1,1, , ,N,0,0,3,3,0,0,2,2,N,N,39 57:11.900,75 08:13.800,1926, ,1919,1,2,3,N, ,0,Y, , , , ,256413, , , ,2,2,0,0,0,0,0,0,0,0,0,0,0,0,0,0,0,0,0,0,2,0,0,0,0,0,0,0,0,0,0,0,0,0,0,0,0,39.9533,-75.1372, , 
 ,24161,2017007859,6,67,67301,2016,12,5,1130,11,1,2,1,7,4, , ,N,0,0,0,3,0,2,2,1,N,N,40 01:09.174,75 09:49.638,1140, ,1135, ,0, ,N, ,0, , , , , ,256417, , , ,1,0,0,0,0,0,1,0,0,0,0,2,2,0,0,0,0,0,0,0,0,0,0,0,0,0,0,0,0,0,0,0,0,0,0,4,0,40.0192,-75.1638, , 
 ,24162,2016080839,6,67,67301,2016,7,3,1206,12,1,1,0,5,1, , ,N,0,0,0,3,0,3,4,2,N,N,39 57:26.128,75 13:40.380,1209, ,1209, ,0, ,N, ,0, , , , , ,256428, , , ,2,1,0,0,0,1,0,0,0,0,0,3,3,0,0,0,0,0,0,0,1,0,0,0,0,0,0,0,0,0,0,0,0,0,0,4,1,39.9573,-75.2279, , 
 ,24163,2016087420,6,67,67301,2016,8,6,141,1,3,1,0,8,1, , ,N,1,2,0,3,0,2,3,3,N,N,39 57:08.078,75 12:24.915,143, ,141, ,0, ,N, ,3, , , , , ,256433, , , ,1,0,0,0,0,0,0,0,0,0,0,2,2,0,1,0,0,0,0,0,0,0,0,0,0,0,0,0,0,0,0,0,2,0,0,4,0,39.9522,-75.2069, , 
Y,24164,2015054799,6,67,67301,2015,5,6,15,0,3,1,0,1,1,2,4,Y,0,8,0,3,0,1,3,2,N,N,39 57:33.201,75 10:25.068,15,45,15,2,1,3,N, ,3,N,N,N,N,Y,260641,N,N,Y,2,1,0,0,0,0,1,0,0,0,0,1,1,0,0,0,0,0,0,0,0,0,0,0,0,0,0,0,0,0,0,0,0,0,0,4,0,39.9592,-75.1736, , 
 ,24165,2015009604,6,67,67301,2015,1,3,1940,19,3,4,3,4,1, , ,N,1,2,0,3,0,1,7,2,N,N,39 56:50.107,75 13:36.654,2013, ,2013, ,0, ,N, ,3, , , , , ,260655, , , ,2,0,0,0,0,0,0,2,0,0,0,1,1,0,0,0,0,0,0,0,1,0,0,0,0,0,0,0,0,0,0,0,0,0,0,4,0,39.9473,-75.2269, , 
 ,24166,2015015584,6,67,67301,2015,1,7,1901,19,3,1,5,5,6, , ,N,0,0,0,3,0,1,1,2,N,N,40 01:24.866,75 06:35.112,1915, ,1912, ,0, ,N, ,0, , , , , ,260662, , , ,2,1,0,0,1,0,0,0,0,0,0,1,1,0,0,0,0,0,0,0,0,0,0,0,0,0,0,0,0,0,0,0,0,0,0,4,0,40.0236,-75.1098, , 
 ,24167,2015021981,6,67,67301,2015,2,7,1836,18,3,1,0,1,1, , ,N,0,2,0,3,0,3,3,2,N,N,40 05:39.515,75 00:54.957,1838, ,1836,1,1,1,N, ,3,N, , , , ,260664, , , ,2,2,0,0,0,0,0,0,0,0,0,0,3,3,0,0,0,0,0,0,1,0,0,0,0,0,0,0,0,0,0,0,0,0,0,8,0,40.0943,-75.0153, , 
 ,24168,2015025257,6,67,67301,2015,2,1,120,1,3,4,4,5,1, , ,N,0,0,0,3,0,1,2,2,N,N,39 56:31.392,75 08:34.786,137, ,125, ,0, ,N, ,0, , , , , ,260670, , , ,2,1,0,0,1,0,0,0,0,0,0,0,1,1,0,0,0,0,0,0,0,0,0,0,0,0,0,0,0,0,0,0,0,0,0,8,0,39.9421,-75.143, , 
 ,24169,2015053949,6,67,67301,2015,5,2,1138,11,1,1,0,5,1, , ,N,0,0,0,3,0,1,2,2,N,N,39 57:45.335,75 10:37.314,1139, ,1138, ,0, ,N, ,0, , , , , ,260693, , , ,2,0,1,0,0,0,0,1,0,0,1,0,1,0,0,0,0,0,0,0,2,0,0,0,0,0,0,0,0,0,0,0,0,0,0,3,0,39.9626,-75.177, , 
 ,24170,2015028811,6,67,67301,2015,2,4,9999,99,1,1,5,5,1, , ,N,0,0,0,3,0,2,4,4,N, ,40 03:23.684,75 11:04.257,835, ,821, ,0, , , ,0, , , , , ,260718, , , ,4,2,0,0,0,0,2,0,0,0,0,2,2,0,0,0,0,0,1,0,0,0,0,0,0,0,0,0,0,0,0,0,0,0,0,4,0,40.0566,-75.1845, , 
 ,24171,2015047537,6,67,67301,2015,4,2,2115,21,3,1,0,1,1, , ,N,0,2,0,3,0,1,6,3,N,N,40 02:28.095,75 06:25.193,2138, ,2133, ,0, , , ,3, , , , , ,260733, , , ,3,3,0,0,0,0,0,0,0,0,0,1,1,0,0,0,0,0,0,0,1,0,0,0,0,0,0,0,0,0,0,0,0,0,0,4,0,40.0411,-75.107, , 
 ,24172,2015025096,6,67,67301,2015,2,7,448,4,3,1,0,7,4, , ,N,1,2,0,3,0,0,1,1,N,N,40 00:16.318,75 07:55.437,9999, ,448, ,0, , , ,3, , , , , ,260755, , , ,1,0,0,0,0,0,1,0,0,0,0,0,0,0,0,0,0,0,0,0,1,0,0,0,0,0,0,0,0,0,0,0,0,0,0,0,0,40.0045,-75.1321, , 
 ,24173,2015025165,6,67,67301,2015,2,5,640,6,1,1,0,1,1, , ,N,5,2,0,3,0,1,3,2,N,N,40 00:15.188,75 08:55.136,705, ,646, ,0, , , ,3, , , , , ,260756, , , ,2,1,0,0,0,0,1,0,0,0,0,1,1,0,0,0,0,0,0,0,0,0,0,0,0,0,0,0,0,0,0,0,0,0,0,4,0,40.0042,-75.1486, , 
 ,24174,2015054784,6,67,67301,2015,4,1,1731,17,1,1,0,7,4, , ,N,7,0,2,3,0,0,1,1,N,N,39 54:39.103,75 08:56.529,1740, ,1740,1,1,2,N, ,0,N, , , , ,260784, , , ,1,0,0,0,0,0,1,0,0,0,0,0,0,0,0,0,0,0,0,0,1,0,0,0,0,0,0,0,0,0,0,0,0,0,0,0,0,39.9109,-75.149, , 
 ,24175,2015012329,6,67,67301,2015,1,7,2054,20,3,1,0,4,1, , ,N,1,2,0,3,0,1,4,4,N, ,40 03:20.701,75 05:22.429,2054, ,2054,2,1,1, , ,3,N, , , , ,260796, , , ,4,2,0,0,1,0,1,0,0,0,0,1,1,0,0,0,0,0,0,0,1,0,0,0,0,0,0,0,0,0,0,0,0,0,0,4,0,40.0558,-75.0896, , 
 ,24176,2015017551,6,67,67301,2015,2,7,730,7,1,1,0,7,3, , ,N,0,0,0,3,0,0,1,1,N,N,39 59:27.057,75 12:16.310,735, ,730,1,1,3,N, ,0,N, , , , ,260800, , , ,1,1,0,0,0,0,0,0,0,0,0,0,0,0,0,0,0,0,0,0,0,0,0,0,0,0,0,0,0,0,0,0,0,0,0,0,0,39.9908,-75.2045, , 
 ,24177,2015023656,6,67,67301,2015,2,5,2300,23,3,2,0,1,1, , ,N,0,0,0,3,0,1,2,3,N,N,40 00:42.352,75 06:33.780,2322, ,2320,3,2,4,N, ,0,Y, , , , ,260805, , , ,3,1,0,0,0,0,2,0,0,0,0,1,1,0,0,0,0,0,0,1,0,0,0,0,0,0,0,0,0,0,0,0,0,0,0,4,0,40.0118,-75.1094, , 
 ,24178,2015061252,6,67,67301,2015,6,2,1652,16,1,1,0,1,1, , ,N,6,0,2,3,0,0,5,4,N,N,39 53:55.824,75 10:15.766,1700, ,1655,1,1,1,N, ,0,N, , , , ,260832, , , ,4,3,0,0,0,0,1,0,0,0,0,0,0,0,0,0,0,0,0,1,1,0,0,0,0,0,0,0,0,0,0,0,0,0,0,0,0,39.8988,-75.171, , 
 ,24179,2015061883,6,67,67301,2015,5,1,35,0,3,1,0,1,1, , ,N,1,2,0,3,0,0,4,3,N,N,40 04:10.107,75 03:02.148,42, ,39,2,2,1, , ,3,N, , , , ,260833, , , ,3,3,0,0,0,0,0,0,0,0,0,0,0,0,0,0,0,0,0,0,0,0,1,0,0,0,0,0,0,0,0,0,0,0,0,0,0,40.0695,-75.0506, , 
 ,24180,2015065451,6,67,67301,2015,5,6,2340,23,3,1,0,5,6, , ,N,0,0,0,3,0,0,1,3,N,N,40 03:23.058,75 00:56.062,2345, ,2343, ,0, ,N, ,0, , , , , ,260837, , , ,3,2,0,0,0,1,0,0,0,0,0,0,0,0,0,0,0,0,0,0,0,0,0,0,0,0,0,0,0,0,0,0,0,0,0,0,0,40.0564,-75.0156, , 
 ,24181,2015015658,6,67,67301,2015,1,2,1311,13,1,1,0,5,1, , ,N,1,0,0,3,0,4,7,4,N,N,40 02:12.577,75 04:09.489,1320, ,1312, ,0, ,N, ,0, , , , , ,260850, , , ,4,2,0,1,0,0,1,0,0,0,0,4,4,0,0,0,0,0,0,0,1,0,0,0,0,0,0,0,0,0,0,0,0,0,0,4,1,40.0368,-75.0692, , 
 ,24182,2015040880,6,67,67301,2015,3,3,828,8,1,1,0,8,1, , ,N,1,2,0,3,0,1,2,2,N,N,39 58:25.573,75 15:29.593,829, ,828, ,0, ,N, ,3, , , , , ,266598, , , ,1,0,0,0,0,0,1,0,0,0,0,0,1,1,0,0,0,0,0,0,0,0,0,0,0,0,0,0,0,0,0,0,1,0,0,8,0,39.9738,-75.2582, , 
 ,24183,2015040894,6,67,67301,2015,3,5,2255,22,3,1,1,4,1, , ,N,1,3,0,3,0,2,3,2,N, ,39 58:44.972,75 11:02.831,2305, ,2300,1,2,1, , ,3,N, , , , ,266599, , , ,2,2,0,0,0,0,0,0,0,0,0,2,2,0,0,0,0,0,0,0,0,0,0,0,0,0,0,0,0,0,0,0,0,0,0,4,0,39.9792,-75.1841, , 
 ,24184,2015042772,6,67,67301,2015,3,2,1545,15,1,1,0,1,1, , ,N,0,2,7,3,0,1,2,2,N,N,40 05:32.694,75 00:45.363,1625, ,1620, ,0, ,N, ,3, , , , , ,266601, , , ,2,2,0,0,0,0,0,0,0,0,0,1,1,0,0,0,0,0,0,0,0,1,0,0,0,0,0,0,0,0,0,0,0,0,0,4,0,40.0924,-75.0126, , 
 ,24185,2015049096,6,67,67301,2015,4,6,1200,12,1,1,0,4,1, , ,N,1,2,0,3,0,3,4,2,N,N,39 59:43.634,75 08:29.417,1904, ,1903, ,0, , , ,3, , , , , ,266606, , , ,2,2,0,0,0,0,0,0,0,0,3,0,3,0,0,0,0,0,0,0,0,0,0,1,0,0,0,0,0,0,0,0,0,0,0,3,0,39.9955,-75.1415, , 