wz_ln_closure,objectid_1,crn,district,county,municipality,crash_year,crash_month,day_of_week,time_of_day,hour_of_day,illumination,weather,road_condition,collision_type,relation_to_road,work_zone_type,work_zone_loc,work_zone_ind,intersect_type,tcd_type,location_type,urban_rural,fatal_count,injury_count,person_count,total_units,sch_bus_ind,sch_zone_ind,latitude,longitude,arrival_tm,cons_zone_spd_lim,dispatch_tm,est_hrs_closed,lane_closed,ln_close_dir,ntfy_hiwy_maint,spec_juris_cd,tcd_func_cd,tfc_detour_ind,workers_pres,wz_close_detour,wz_flagger,wz_law_offcr_ind,objectid,wz_moving,wz_other,wz_shlder_mdn,vehicle_count,automobile_count,motorcycle_count,bus_count,small_truck_count,heavy_truck_count,suv_count,van_count,bicycle_count,maj_inj_count,mod_inj_count,min_inj_count,tot_inj_count,unk_inj_deg_count,unk_inj_per_count,driver_count_16yr,driver_count_17yr,driver_count_18yr,driver_count_19yr,driver_count_20yr,driver_count_50_64yr,driver_count_65_74yr,driver_count_75plus,unbelted_occ_count,unb_death_count,unb_maj_inj_count,belted_death_count,belted_maj_inj_count,mcycle_death_count,mcycle_maj_inj_count,bicycle_death_count,bicycle_maj_inj_count,ped_count,ped_death_count,ped_maj_inj_count,max_severity_level,comm_veh_count,dec_lat,dec_long,rdwy_surf_type_cd,county_name
 ,24252,2015022391,6,67,67301,2015,1,2,134,1,3,8,5,1,1, , ,N,2,2,0,3,0,2,6,4,N,N,40 02:37.146,75 01:18.710,144, ,135, ,0, , , ,3, , , , , ,261046, , , ,4,2,0,0,0,0,2,0,0,0,0,0,2,2,0,0,0,0,0,1,0,0,0,0,0,0,0,0,0,0,0,0,0,0,0,8,0,40.0437,-75.0219, , 
 ,24253,2015033346,6,67,67301,2015,3,2,808,8,1,1,0,5,1, , ,N,0,0,0,3,0,0,2,2,N,N,39 58:27.644,75 07:05.775,829, ,810,1,1,1,N, ,0,N, , , , ,261057, , , ,2,2,0,0,0,0,0,0,0,0,0,0,0,0,0,0,0,0,0,0,0,0,0,0,0,0,0,0,0,0,0,0,0,0,0,0,0,39.9743,-75.1183, , 
 ,24254,2015015147,6,67,67301,2015,1,6,2359,23,3,4,3,7,2, , ,N,0,0,0,3,0,0,1,1,N,N,39 57:33.086,75 08:27.646,20, ,2,1,2,2,N, ,0,N, , , , ,261086, , , ,1,1,0,0,0,0,0,0,0,0,0,0,0,0,0,0,0,0,0,0,0,0,0,0,0,0,0,0,0,0,0,0,0,0,0,0,0,39.9592,-75.141, , 
 ,24255,2015040934,6,67,67301,2015,3,4,2056,20,3,1,1,4,1, , ,N,1,2,0,3,0,1,2,2,N,N,40 02:41.686,75 04:49.238,2102, ,2100,1,2,2,N, ,3,Y, , , , ,261119, , , ,2,2,0,0,0,0,0,0,0,0,0,0,1,1,0,0,0,0,0,0,0,0,0,0,0,0,0,0,0,0,0,0,0,0,0,8,0,40.0449,-75.0803, , 
 ,24256,2015026471,6,67,67301,2015,2,1,751,7,1,2,1,7,3, , ,N,0,0,0,3,0,0,1,1,N,N,39 57:22.439,75 08:29.495,751, ,751, ,0, ,N, ,0, , , , , ,265586, , , ,1,0,0,0,0,0,1,0,0,0,0,0,0,0,0,0,0,0,0,0,0,0,0,1,0,0,0,0,0,0,0,0,0,0,0,0,0,39.9562,-75.1415, , 
 ,24257,2015033746,6,67,67301,2015,2,6,1853,18,3,1,6,8,1, , ,N,2,0,0,3,0,1,2,2,N,N,39 55:55.534,75 08:45.632,1902, ,1902, ,0, ,N, ,0, , , , , ,265594, , , ,1,1,0,0,0,0,0,0,0,0,0,0,1,1,0,0,0,0,0,0,1,0,0,0,0,0,0,0,0,0,0,0,1,0,0,8,0,39.9321,-75.146, , 
 ,24258,2015036639,6,67,67301,2015,3,2,649,6,3,1,0,8,1, , ,N,1,2,0,3,0,1,2,2,N,N,40 01:14.970,75 07:05.771,720, ,714, ,0, ,N, ,3, , , , , ,265598, , , ,1,0,0,0,0,0,1,0,0,0,0,1,1,0,0,0,0,0,0,0,1,0,0,0,0,0,0,0,0,0,0,0,1,0,0,4,0,40.0208,-75.1183, , 
 ,24259,2015051416,6,67,67301,2015,4,1,1200,12,1,1,0,4,1, , ,N,1,3,0,3,0,1,4,2,N,N,40 01:42.690,75 08:32.387,1318, ,1304, ,0, ,N, ,3, , , , , ,265608, , , ,2,2,0,0,0,0,0,0,0,0,0,0,1,1,1,0,0,0,0,1,0,1,0,0,0,0,0,0,0,0,0,0,0,0,0,8,0,40.0285,-75.1423, , 
 ,24260,2015059194,6,67,67301,2015,6,2,844,8,1,1,0,1,1, , ,N,0,0,3,3,0,2,3,3,N,N,40 00:32.863,75 04:04.607,917, ,846,2,1,2,N, ,0,N, , , , ,265616, , , ,3,1,0,0,0,0,0,1,0,0,1,1,2,0,1,0,0,0,0,0,0,0,0,0,0,0,0,0,0,0,0,0,0,0,0,3,0,40.0091,-75.0679, , 
 ,24261,2015009571,6,67,67301,2015,1,5,1007,10,1,1,0,8,1, , ,N,1,2,0,3,0,1,2,2,N,N,39 57:06.984,75 09:35.699,1010, ,1007,9,1,3,N, ,3,N, , , , ,265629, , , ,1,1,0,0,0,0,0,0,0,0,1,0,1,0,0,0,0,0,0,0,1,0,0,0,0,0,0,0,0,0,0,0,1,0,0,3,0,39.9519,-75.1598, , 
 ,24262,2015012321,6,67,67301,2015,1,4,1710,17,3,1,0,4,1, , ,N,1,2,0,3,0,0,2,2,N, ,40 01:47.816,75 12:40.562,1715, ,1715, ,0, , , ,3, , , , , ,265630, , , ,2,1,0,0,0,0,1,0,0,0,0,0,0,0,0,0,0,0,0,0,1,0,0,0,0,0,0,0,0,0,0,0,0,0,0,0,0,40.0299,-75.2113, , 
 ,24263,2015035176,6,67,67301,2015,3,4,1855,18,3,2,1,4,1, , ,N,1,3,0,3,0,0,2,3,N,N,40 02:56.557,75 05:40.778,1904, ,1858, ,0, ,N, ,3, , , , , ,265649, , , ,3,0,0,0,0,0,3,0,0,0,0,0,0,0,0,0,0,0,0,0,1,0,0,0,0,0,0,0,0,0,0,0,0,0,0,0,0,40.049,-75.0947, , 
 ,24264,2015036617,6,67,67301,2015,3,3,1923,19,3,2,1,4,1, , ,N,1,2,0,3,0,0,3,4,N,N,40 01:18.154,75 06:45.449,1938, ,1932, ,0, ,N, ,3, , , , , ,265650, , , ,4,3,0,0,0,0,1,0,0,0,0,0,0,0,0,0,0,0,0,0,0,0,0,0,0,0,0,0,0,0,0,0,0,0,0,0,0,40.0217,-75.1126, , 
 ,24265,2015040947,6,67,67301,2015,3,5,1306,13,1,2,1,4,1, , ,N,1,2,0,3,0,0,6,4,N,N,39 56:47.632,75 14:45.701,1326, ,1324, ,0, , , ,3, , , , , ,265660, , , ,4,2,0,0,0,0,2,0,0,0,0,0,0,0,0,0,0,0,0,0,1,0,0,0,0,0,0,0,0,0,0,0,0,0,0,0,0,39.9466,-75.246, , 
 ,24266,2015041497,6,67,67301,2015,4,7,1853,18,1,1,0,1,1, , ,N,0,8,5,3,0,0,2,2,N,N,39 54:37.225,75 09:29.348,1854, ,1853, ,0, ,N, ,3, , , , , ,265663, , , ,2,1,0,0,0,0,0,1,0,0,0,0,0,0,0,0,0,0,0,0,0,0,0,1,0,0,0,0,0,0,0,0,0,0,0,0,0,39.9103,-75.1582, , 
 ,24267,2015013053,6,67,67301,2015,1,4,824,8,1,1,0,5,1, , ,N,0,0,0,3,0,1,15,2,N,N,39 59:56.034,75 11:43.428,843, ,826, ,0, ,N, ,0, , , , , ,265678, , , ,2,1,0,1,0,0,0,0,0,0,0,0,1,1,0,0,0,0,0,0,0,0,0,0,0,0,0,0,0,0,0,0,0,0,0,8,1,39.9989,-75.1954, , 
 ,24268,2015051942,6,67,67301,2015,4,1,9999,99,3,1,0,4,1, , ,N,1,2,0,3,1,1,2,2,N,N,39 57:25.085,75 13:31.946,518, ,516,9,2,5,Y,0,3,Y, , , , ,265713, , , ,2,1,0,0,0,0,0,1,0,1,0,0,1,0,0,0,0,0,0,0,0,0,0,1,1,0,0,0,0,0,0,0,0,0,0,1,0,39.957,-75.2255,2, 
 ,24269,2015051982,6,67,67301,2015,4,4,441,4,3,1,0,7,4, , ,N,0,0,0,3,0,1,1,1,N, ,40 04:39.644,75 03:14.010,448, ,441, ,0, , , ,0, , , , , ,265758, , , ,1,1,0,0,0,0,0,0,0,0,0,0,1,1,0,0,0,0,0,0,0,0,0,0,0,0,0,0,0,0,0,0,0,0,0,8,0,40.0777,-75.0539, , 
 ,24270,2015017926,6,67,67301,2015,1,1,530,5,3,1,1,7,4, , ,N,1,2,0,3,0,0,1,1,N,N,39 57:01.634,75 11:33.356,538, ,538, ,0, ,N, ,3, , , , , ,265777, , , ,1,0,0,0,0,0,1,0,0,0,0,0,0,0,0,0,0,0,0,0,0,0,0,0,0,0,0,0,0,0,0,0,0,0,0,0,0,39.9505,-75.1926, , 
 ,24271,2015047602,6,67,67301,2015,4,7,1900,19,1,1,0,4,1, , ,N,1,2,0,3,0,0,5,3,N, ,39 55:58.508,75 08:55.373,1910, ,1906,9,1,1, , ,3,N, , , , ,265802, , , ,3,1,0,0,0,0,2,0,0,0,0,0,0,0,0,0,0,0,0,0,1,1,0,0,0,0,0,0,0,0,0,0,0,0,0,0,0,39.9329,-75.1487, , 
 ,24272,2015056542,6,67,67301,2015,5,5,2000,20,4,1,0,8,1, , ,N,1,3,0,3,0,1,2,2,N,N,39 58:43.460,75 10:51.211,100, ,111, ,0, , , ,3, , , , , ,265809, , , ,1,0,0,0,0,0,0,0,0,0,0,0,1,1,0,0,0,0,0,0,0,0,0,0,0,0,0,0,0,0,0,0,1,0,0,8,0,39.9787,-75.1809, , 
 ,24273,2015021954,6,67,67301,2015,2,4,750,7,1,8,6,7,4, , ,N,0,0,0,3,0,1,1,1,N,N,40 01:16.994,75 12:00.445,753, ,752,3,2,5,N, ,0,Y, , , , ,265835, , , ,1,1,0,0,0,0,0,0,0,0,0,1,1,0,0,0,0,0,1,0,0,0,0,0,0,0,0,0,0,0,0,0,0,0,0,4,0,40.0214,-75.2001, , 
 ,24274,2016087620,6,67,67301,2016,8,3,2030,20,3,1,0,1,1, , ,N,1,2,0,3,0,2,4,2,N,N,40 00:02.469,75 08:52.972,2045, ,2039, ,0, ,N, ,3, , , , , ,253478, , , ,2,0,0,0,1,0,1,0,0,0,0,2,2,0,0,0,0,0,0,0,0,0,0,0,0,0,0,0,0,0,0,0,0,0,0,4,0,40.0007,-75.148, , 
 ,24275,2016135821,6,67,67301,2016,12,6,50,0,3,1,0,5,6, , ,N,0,0,0,3,0,0,1,3,N,N,40 00:07.980,75 13:20.285,102, ,100, ,0, ,N, ,0, , , , , ,253500, , , ,3,2,0,0,0,0,1,0,0,0,0,0,0,0,0,0,0,0,0,0,0,0,0,1,0,0,0,0,0,0,0,0,0,0,0,0,0,40.0022,-75.2223, , 
 ,24276,2016101514,6,67,67301,2016,9,6,1421,14,1,1,0,4,1, , ,N,1,2,0,3,0,0,3,2,N,N,39 59:56.692,75 13:51.077,1425, ,1421, ,0, , , ,3, , , , , ,253539, , , ,2,1,0,0,0,0,1,0,0,0,0,0,0,0,0,0,0,0,0,0,1,0,1,0,0,0,0,0,0,0,0,0,0,0,0,0,0,39.9991,-75.2309, , 
 ,24277,2016105811,6,67,67301,2016,9,3,1824,18,4,1,0,4,1, , ,N,1,3,0,3,0,3,4,2,N,N,40 03:52.387,75 12:17.060,1933, ,1916, ,0, ,N, ,3, , , , , ,253542, , , ,2,2,0,0,0,0,0,0,0,0,0,1,3,2,0,0,0,0,0,0,1,0,0,0,0,0,0,0,0,0,0,0,0,0,0,4,0,40.0646,-75.2047, , 
 ,24278,2016113453,6,67,67301,2016,10,5,834,8,1,1,0,5,1, , ,N,0,0,0,3,0,1,2,2,N,N,40 02:21.000,75 00:29.557,859, ,834, ,0, , , ,0, , , , , ,253544, , , ,2,0,0,0,0,1,1,0,0,0,1,0,1,0,0,0,0,0,0,0,0,0,0,0,0,0,0,0,0,0,0,0,0,0,0,3,0,40.0392,-75.0082, , 
 ,24279,2016105666,6,67,67301,2016,9,7,1354,13,1,1,0,8,1, , ,N,1,2,0,3,0,1,2,2,N, ,40 03:12.186,75 04:30.284,1400, ,1356, ,0, , , ,3, , , , , ,253547, , , ,1,1,0,0,0,0,0,0,0,0,0,1,1,0,0,0,0,0,0,0,1,0,0,0,0,0,0,0,0,0,0,0,1,0,0,4,0,40.0534,-75.0751, , 
 ,24280,2016108107,6,67,67301,2016,10,7,1312,13,1,2,1,5,1, , ,N,2,2,3,3,0,0,2,2,N,N,40 01:10.158,75 08:56.058,1314, ,1313, ,0, ,N, ,3, , , , , ,253548, , , ,2,1,0,0,0,1,0,0,0,0,0,0,0,0,0,0,0,0,0,0,1,0,0,0,0,0,0,0,0,0,0,0,0,0,0,0,1,40.0195,-75.1489, , 
 ,24281,2016120656,6,67,67301,2016,11,3,1933,19,3,1,0,8,1, , ,N,1,2,0,3,0,1,2,2,N,N,40 03:40.656,75 03:06.510,1940, ,1933,1,1,1,N, ,3,N, , , , ,253555, , , ,1,1,0,0,0,0,0,0,0,0,0,0,1,1,0,0,0,0,0,0,1,0,0,0,0,0,0,0,0,0,0,0,1,0,0,8,0,40.0613,-75.0518, , 
 ,24282,2016126148,6,67,67301,2016,11,4,2337,23,3,2,1,7,5, , ,N,0,0,0,3,0,1,3,1,N,N,40 00:41.304,75 09:06.005,7, ,2359, ,0, ,N, ,0, , , , , ,253566, , , ,1,1,0,0,0,0,0,0,0,0,0,0,1,1,0,0,0,0,0,0,0,0,0,3,0,0,0,0,0,0,0,0,0,0,0,8,0,40.0115,-75.1517, , 
 ,24283,2016084609,6,67,67301,2016,7,7,2300,23,3,2,1,4,1, , ,N,1,3,0,3,0,1,2,2,N,N,40 01:48.784,75 10:13.040,2315, ,2305, ,0, ,N, ,3, , , , , ,253583, , , ,2,1,0,1,0,0,0,0,0,0,0,0,1,1,0,0,0,0,0,0,0,0,0,0,0,0,0,0,0,0,0,0,0,0,0,8,1,40.0302,-75.1703, , 
 ,24284,2016105147,6,67,67301,2016,10,5,906,9,1,1,0,1,1, , ,N,0,0,0,3,0,1,2,2,N,N,40 00:00.872,75 11:42.567,927, ,908, ,0, , , ,0, , , , , ,253594, , , ,2,0,0,0,0,0,2,0,0,0,0,0,1,1,0,0,0,0,0,0,0,0,1,0,0,0,0,0,0,0,0,0,0,0,0,8,0,40.0002,-75.1952, , 
 ,24285,2016117132,6,67,67301,2016,10,6,9999,99,1,1,0,1,1, , ,N,0,0,0,3,0,1,3,3,N, ,39 56:10.294,75 12:48.604,1322, ,1320, ,0, , , ,0, , , , , ,253613, , , ,3,1,0,0,0,0,2,0,0,0,0,1,1,0,0,0,0,0,0,0,3,0,0,0,0,0,0,0,0,0,0,0,0,0,0,4,0,39.9362,-75.2135, , 
 ,24286,2016132874,6,67,67301,2016,12,3,2054,20,3,2,1,7,2, , ,N,7,0,2,3,0,0,2,1,N,N,39 57:06.151,75 08:29.297,2109, ,2054,2,1,2, , ,0,N, , , , ,253623, , , ,1,0,0,0,0,0,1,0,0,0,0,0,0,0,0,0,0,0,0,0,0,0,0,0,0,0,0,0,0,0,0,0,0,0,0,0,0,39.9517,-75.1415, , 
 ,24287,2017003683,6,67,67301,2016,12,6,2100,21,3,1,0,7,4, , ,N,0,0,1,3,0,3,3,1,N,N,40 00:10.478,75 09:47.163,2107, ,2104, ,0, ,N, ,0, , , , , ,253637, , , ,1,0,0,0,0,0,0,1,0,0,0,3,3,0,0,0,0,0,0,0,0,0,0,3,0,0,0,0,0,0,0,0,0,0,0,4,0,40.0029,-75.163, , 
 ,24288,2017016403,6,67,67301,2016,3,6,1100,11,1,1,0,1,1, , ,N,1,3,0,3,0,1,2,2,N,N,39 59:19.266,75 09:00.878,0, ,0, ,0, ,N, ,3, , , , , ,253638, , , ,2,1,0,0,0,0,0,0,0,0,0,0,1,1,1,0,0,0,0,0,0,0,0,0,0,0,0,0,0,0,0,0,0,0,0,8,0,39.9887,-75.1502, , 
 ,24289,2016120515,6,67,67301,2016,10,6,815,8,1,1,0,4,1, , ,N,1,3,0,3,0,3,5,2,Y,Y,39 58:13.069,75 12:21.092,910, ,900, ,0, , , ,3, , , , , ,253646, , , ,2,1,0,1,0,0,0,0,0,0,0,3,3,0,0,0,0,0,0,0,0,0,0,1,0,0,0,0,0,0,0,0,0,0,0,4,1,39.9703,-75.2059, , 
 ,24290,2016129526,6,67,67301,2016,11,3,2016,20,3,1,0,4,1, , ,N,1,2,0,3,0,3,5,2,N, ,40 02:34.433,75 08:37.617,2040, ,2038, ,0, , , ,3, , , , , ,253648, , , ,2,1,0,0,0,0,1,0,0,0,1,2,3,0,0,0,0,0,0,0,1,0,0,2,0,0,0,0,0,0,0,0,0,0,0,3,0,40.0429,-75.1438, , 
 ,24291,2016108108,6,67,67301,2016,10,7,9999,99,1,1,0,4,1, , ,N,1,2,0,3,0,2,3,3,N,N,39 58:25.604,75 14:43.036,1407, ,1404,3,2,7,N, ,3,Y, , , , ,253674, , , ,3,3,0,0,0,0,0,0,0,0,0,0,2,2,0,0,0,0,0,0,2,0,0,0,0,0,0,0,0,0,0,0,0,0,0,8,0,39.9738,-75.2452, , 
 ,24292,2016129528,6,67,67301,2016,11,6,1228,12,1,1,0,7,4, , ,N,0,0,0,3,0,1,1,1,N,N,40 01:22.418,75 08:14.569,1642, ,1640, ,0, ,N, ,0, , , , , ,256656, , , ,1,0,0,0,0,0,0,1,0,0,0,0,1,1,0,0,0,0,0,0,0,0,0,0,0,0,0,0,0,0,0,0,0,0,0,8,0,40.0229,-75.1374, , 
 ,24293,2017019526,6,67,67301,2016,6,5,1800,18,1,1,0,1,1, , ,N,0,0,0,3,0,1,2,2,N,N,39 55:09.202,75 14:04.420,0, ,0, ,0, ,N, ,0, , , , , ,256681, , , ,2,0,0,0,1,0,0,1,0,0,0,0,1,1,0,0,0,0,0,0,1,0,0,2,0,0,0,0,0,0,0,0,0,0,0,8,0,39.9192,-75.2346, , 
 ,24294,2017001480,6,67,67301,2016,12,6,1748,17,3,1,0,1,1, , ,N,0,0,0,3,0,1,4,3,N,N,39 57:57.957,75 08:08.916,1805, ,1748, ,0, , , ,0, , , , , ,256696, , , ,3,2,0,0,0,0,1,0,0,0,0,0,1,1,0,0,0,0,0,0,0,0,0,0,0,0,0,0,0,0,0,0,0,0,0,8,0,39.9661,-75.1358, , 
 ,24295,2017007818,6,67,67301,2016,12,6,2120,21,3,1,0,1,1, , ,N,1,2,0,3,0,3,5,5,N,N,40 01:59.258,75 04:48.508,2139, ,2137,2,2,2, , ,3,Y, , , , ,256702, , , ,5,0,0,0,1,0,4,0,0,0,0,0,3,3,0,0,0,0,1,0,1,0,0,0,0,0,0,0,0,0,0,0,0,0,0,8,0,40.0331,-75.0801, , 
 ,24296,2017008756,6,67,67301,2016,12,6,947,9,1,1,0,1,1, , ,N,1,2,0,3,0,1,2,2,N, ,39 59:59.072,75 08:18.639,950, ,947, ,0, , , ,3, , , , , ,256703, , , ,2,0,0,0,0,0,1,0,0,0,0,1,1,0,0,0,0,0,0,0,0,0,0,0,0,0,0,0,0,0,0,0,0,0,0,4,0,39.9997,-75.1385, , 
 ,24297,2017005207,6,67,67301,2016,12,5,1210,12,1,1,0,1,1, , ,N,0,0,0,3,0,0,5,2,N, ,39 54:44.881,75 11:33.186,1230, ,1222, ,0, , , ,0, , , , , ,256704, , , ,2,1,0,0,0,1,0,0,0,0,0,0,0,0,0,0,0,0,0,0,0,0,0,2,0,0,0,0,0,0,0,0,0,0,0,0,1,39.9125,-75.1926, , 
 ,24298,2016119649,6,67,67301,2016,10,3,1145,11,1,1,0,4,1, , ,N,1,2,0,3,0,1,2,2,N, ,40 05:40.718,75 00:54.707,1155, ,1150, ,0, , , ,3, , , , , ,256712, , , ,2,1,0,0,0,0,1,0,0,0,1,0,1,0,0,0,0,0,0,0,0,0,0,0,0,0,0,0,0,0,0,0,0,0,0,3,0,40.0946,-75.0152, , 
 ,24299,2016132824,6,67,67301,2016,12,6,840,8,1,1,0,1,1, , ,N,0,0,0,3,0,1,2,2,N,N,39 58:01.136,75 11:17.386,911, ,900, ,0, , , ,0, , , , , ,256716, , , ,2,2,0,0,0,0,0,0,0,0,0,0,1,1,1,0,0,0,0,0,0,0,0,0,0,0,0,0,0,0,0,0,0,0,0,8,0,39.967,-75.1882, , 
 ,24300,2016129365,6,67,67301,2016,11,5,1500,15,1,1,0,1,1, , ,N,0,0,0,3,0,0,2,2,N,N,40 00:00.500,75 09:11.205,9999, ,9999, ,0, ,N, ,0, , , , , ,256719, , , ,2,0,0,0,0,0,2,0,0,0,0,0,0,0,0,0,0,0,0,0,0,0,0,0,0,0,0,0,0,0,0,0,0,0,0,0,0,40.0001,-75.1531, , 
 ,24301,2016135849,6,67,67301,2016,11,4,2102,21,3,2,1,4,1, , ,N,1,2,0,3,0,1,2,2,N,N,39 53:40.603,75 14:12.181,2105, ,2105,2,1,2, , ,3,Y, , , , ,256727, , , ,2,1,0,0,0,0,1,0,0,0,0,1,1,0,0,0,0,0,0,0,0,0,0,0,0,0,0,0,0,0,0,0,0,0,0,4,0,39.8946,-75.2367, , 
 ,24302,2016058574,6,67,67301,2016,5,7,1529,15,1,1,0,4,1, , ,N,1,2,0,3,0,1,2,2,N,N,39 54:57.913,75 14:09.812,1530, ,1525, ,0, ,N, ,3, , , , , ,256735, , , ,2,2,0,0,0,0,0,0,0,0,0,0,1,1,0,0,0,0,0,1,0,0,0,1,0,0,0,0,0,0,0,0,0,0,0,8,0,39.9161,-75.2361, , 
 ,24303,2016067836,6,67,67301,2016,5,4,1825,18,1,1,0,1,1, , ,N,0,0,0,3,0,1,2,3,N,N,40 02:01.333,75 05:08.079,1840, ,1832, ,0, ,N, ,0, , , , , ,256747, , , ,3,3,0,0,0,0,0,0,0,0,0,0,1,1,0,0,0,0,0,0,0,0,0,0,0,0,0,0,0,0,0,0,0,0,0,8,0,40.0337,-75.0856, , 
 ,24304,2016135647,6,67,67301,2016,12,6,451,4,3,1,0,4,1, , ,N,3,0,0,3,0,2,4,4,N,N,40 02:07.108,75 04:05.092,458, ,457, ,0, , , ,0, , , , , ,256761, , , ,4,3,0,0,0,0,1,0,0,0,0,2,2,0,1,0,0,0,0,0,1,0,0,0,0,0,0,0,0,0,0,0,0,0,0,4,0,40.0353,-75.0681, , 
 ,24305,2016105567,6,67,67301,2016,10,7,2200,22,3,2,1,4,1, , ,N,1,0,0,3,0,0,3,3,N,N,40 03:57.202,75 10:35.464,2207, ,2207, ,0, ,N, ,0, , , , , ,256784, , , ,3,3,0,0,0,0,0,0,0,0,0,0,0,0,0,0,0,0,0,0,1,0,0,2,0,0,0,0,0,0,0,0,0,0,0,0,0,40.0659,-75.1765, , 
 ,24306,2016122220,6,67,67301,2016,11,1,943,9,1,1,0,1,1, , ,N,0,0,0,3,0,0,2,2,N,N,39 56:55.488,75 11:08.669,956, ,943,1,1,4, , ,0,N, , , , ,256792, , , ,2,2,0,0,0,0,0,0,0,0,0,0,0,0,0,0,0,0,0,0,0,0,0,0,0,0,0,0,0,0,0,0,0,0,0,0,0,39.9487,-75.1857, , 
 ,24307,2016135694,6,67,67301,2016,12,2,15,0,3,2,1,1,1, , ,N,1,2,0,3,0,0,2,2,N, ,39 58:30.316,75 11:41.875,25, ,25,9,1,3, , ,3,N, , , , ,256806, , , ,2,2,0,0,0,0,0,0,0,0,0,0,0,0,0,0,0,0,0,0,0,0,0,0,0,0,0,0,0,0,0,0,0,0,0,0,0,39.9751,-75.195, , 
 ,24308,2016135662,6,67,67301,2016,11,3,2313,23,3,9,0,4,1, , ,N,1,3,0,3,0,1,2,2,N,N,39 55:41.872,75 10:50.188,2330, ,2313, ,0, ,N, ,3, , , , , ,256842, , , ,1,0,0,0,1,0,0,0,1,0,1,0,1,0,0,0,0,0,0,0,0,0,0,1,0,0,0,0,0,0,0,0,0,0,0,3,0,39.9283,-75.1806, , 
 ,24309,2016135809,6,67,67301,2016,12,1,50,0,3,1,0,5,6, , ,N,0,0,0,3,0,2,2,3,N, ,39 57:26.679,75 08:35.942,210, ,206,9,1,4, , ,0,N, , , , ,256856, , , ,3,3,0,0,0,0,0,0,0,0,0,2,2,0,0,0,0,0,0,0,0,0,0,0,0,0,0,0,0,0,0,0,0,0,0,4,0,39.9574,-75.1433, , 
 ,24310,2017018952,6,67,67301,2016,6,5,1000,10,1,2,1,3,1, , ,N,0,0,0,3,0,1,2,2,N,N,40 00:38.984,75 09:48.405,0, ,0, ,0, ,N, ,0, , , , , ,256860, , , ,2,0,0,0,0,0,1,0,0,0,0,0,1,1,0,0,0,0,0,0,1,0,0,0,0,0,0,0,0,0,0,0,0,0,0,8,0,40.0108,-75.1634, , 
 ,24311,2015020665,6,46,46108,2015,1,6,1945,19,3,1,0,4,1, , ,N,1,2,0,3,0,4,4,2,N, ,40 05:15.200,75 12:51.480,1955, ,1945, ,0, , , ,3, , , , , ,261139, , , ,2,1,0,0,0,0,1,0,0,0,0,4,4,0,0,0,0,0,0,0,0,0,1,0,0,0,0,0,0,0,0,0,0,0,0,4,0,40.0876,-75.2143, , 
 ,24312,2015021386,6,67,67301,2015,1,6,930,9,1,9,0,8,1, , ,N,0,0,0,3,0,1,2,2,N,N,40 03:45.446,75 04:22.976,1140, ,1135, ,0, ,N, ,0, , , , , ,261140, , , ,1,1,0,0,0,0,0,0,0,0,1,0,1,0,0,0,0,0,0,0,0,0,0,0,0,0,0,0,0,0,0,0,1,0,0,3,0,40.0626,-75.073, , 
 ,24313,2015034154,6,67,67301,2015,2,6,1445,14,1,1,0,8,1, , ,N,0,0,0,3,0,1,2,2,N,Y,39 58:51.685,75 14:22.243,1445, ,1445,1,1,2,N, ,0,Y, , , , ,261154, , , ,1,0,0,0,1,0,0,0,0,0,0,0,1,1,0,0,0,0,0,0,0,0,0,0,0,0,0,0,0,0,0,0,1,0,0,8,0,39.981,-75.2395, , 
 ,24314,2015040881,6,67,67301,2015,3,2,1716,17,1,1,0,4,1, , ,N,2,3,0,3,0,0,3,2,N,N,40 01:19.743,75 09:14.003,1720, ,1716, ,0, ,N, ,3, , , , , ,261156, , , ,2,2,0,0,0,0,0,0,0,0,0,0,0,0,0,0,0,0,0,0,0,0,1,0,0,0,0,0,0,0,0,0,0,0,0,0,0,40.0222,-75.1539, , 
 ,24315,2015006043,6,67,67301,2015,1,2,835,8,1,1,0,4,1, , ,N,2,2,0,3,0,1,2,2,N, ,40 01:11.588,75 10:29.885,836, ,836, ,0, , , ,3, , , , , ,261185, , , ,2,2,0,0,0,0,0,0,0,0,0,1,1,0,0,0,0,0,0,0,0,1,0,0,0,0,0,0,0,0,0,0,0,0,0,4,0,40.0199,-75.175, , 
 ,24316,2015028779,6,67,67301,2015,2,5,1615,16,1,1,0,4,1, , ,N,1,2,0,3,0,1,8,3,N, ,40 00:25.981,75 07:24.378,1630, ,1615, ,0, , , ,3, , , , , ,261204, , , ,3,2,0,0,0,0,1,0,0,0,0,1,1,0,2,0,0,0,0,0,0,0,0,0,0,0,0,0,0,0,0,0,0,0,0,4,0,40.0072,-75.1234, , 
 ,24317,2015056269,6,67,67301,2015,5,1,1429,14,1,1,0,1,1, , ,N,0,0,2,3,0,3,5,2,N,N,40 00:31.188,75 12:11.212,1436, ,1430, ,0, ,N, ,0, , , , , ,261222, , , ,2,1,0,0,0,0,0,1,0,0,0,0,3,3,0,0,0,0,0,0,0,0,0,0,0,0,0,0,0,0,0,0,0,0,0,8,0,40.0087,-75.2031, , 
 ,24318,2015015613,6,67,67301,2015,1,7,9,0,3,4,3,7,2, , ,N,0,0,0,3,0,1,1,1,N, ,40 02:47.521,75 03:07.436,24, ,20,2,1,1, , ,0,Y, , , , ,261235, , , ,1,0,0,0,0,0,1,0,0,0,0,1,1,0,0,0,0,0,0,0,0,0,0,0,0,0,0,0,0,0,0,0,0,0,0,4,0,40.0465,-75.0521, , 