wz_ln_closure,objectid_1,crn,district,county,municipality,crash_year,crash_month,day_of_week,time_of_day,hour_of_day,illumination,weather,road_condition,collision_type,relation_to_road,work_zone_type,work_zone_loc,work_zone_ind,intersect_type,tcd_type,location_type,urban_rural,fatal_count,injury_count,person_count,total_units,sch_bus_ind,sch_zone_ind,latitude,longitude,arrival_tm,cons_zone_spd_lim,dispatch_tm,est_hrs_closed,lane_closed,ln_close_dir,ntfy_hiwy_maint,spec_juris_cd,tcd_func_cd,tfc_detour_ind,workers_pres,wz_close_detour,wz_flagger,wz_law_offcr_ind,objectid,wz_moving,wz_other,wz_shlder_mdn,vehicle_count,automobile_count,motorcycle_count,bus_count,small_truck_count,heavy_truck_count,suv_count,van_count,bicycle_count,maj_inj_count,mod_inj_count,min_inj_count,tot_inj_count,unk_inj_deg_count,unk_inj_per_count,driver_count_16yr,driver_count_17yr,driver_count_18yr,driver_count_19yr,driver_count_20yr,driver_count_50_64yr,driver_count_65_74yr,driver_count_75plus,unbelted_occ_count,unb_death_count,unb_maj_inj_count,belted_death_count,belted_maj_inj_count,mcycle_death_count,mcycle_maj_inj_count,bicycle_death_count,bicycle_maj_inj_count,ped_count,ped_death_count,ped_maj_inj_count,max_severity_level,comm_veh_count,dec_lat,dec_long,rdwy_surf_type_cd,county_name
 ,24319,2015040939,6,67,67301,2015,3,5,2157,21,3,2,1,8,1, , ,N,0,0,0,3,0,1,2,2,N,N,40 01:36.151,75 04:01.834,2218, ,2205, ,0, ,N, ,0, , , , , ,261262, , , ,1,1,0,0,0,0,0,0,0,0,0,1,1,0,0,0,0,0,0,0,1,0,0,0,0,0,0,0,0,0,0,0,1,0,0,4,0,40.0267,-75.0672, , 
 ,24320,2015042047,6,67,67301,2015,3,7,1120,11,1,1,1,4,1, , ,N,2,3,0,3,0,1,6,2,N,N,39 57:24.288,75 14:52.761,1135, ,1126, ,0, ,N, ,3, , , , , ,261266, , , ,2,1,0,0,0,0,1,0,0,0,0,0,1,1,3,0,0,0,0,0,1,0,0,0,0,0,0,0,0,0,0,0,0,0,0,8,0,39.9567,-75.248, , 
 ,24321,2015047622,6,67,67301,2015,4,5,1050,10,1,1,0,1,1, , ,N,0,0,7,3,0,1,3,2,N,N,39 59:25.139,75 05:26.600,1051, ,1051, ,0, ,N, ,0, , , , , ,261271, , , ,2,1,0,0,1,0,0,0,0,0,0,0,1,1,0,0,0,0,0,0,0,0,0,0,0,0,0,0,0,0,0,0,0,0,0,8,0,39.9903,-75.0907, , 
 ,24322,2015026476,6,67,67301,2015,2,4,1644,16,1,1,0,1,1, , ,N,0,0,0,3,0,2,4,3,N,N,39 59:44.560,75 04:58.760,1710, ,1645,1,2,1,N, ,0,N, , , , ,261291, , , ,3,1,0,0,0,0,2,0,0,0,0,0,2,2,0,0,0,0,1,0,2,0,0,0,0,0,0,0,0,0,0,0,0,0,0,8,0,39.9957,-75.083, , 
 ,24323,2015036655,6,67,67301,2015,3,7,2350,23,3,1,0,4,1, , ,N,1,2,0,3,0,0,7,2,N,N,39 56:51.042,75 08:58.320,17, ,14,2,2,1,N, ,3,Y, , , , ,261303, , , ,2,2,0,0,0,0,0,0,0,0,0,0,0,0,0,0,0,0,0,0,0,0,0,1,0,0,0,0,0,0,0,0,0,0,0,0,0,39.9475,-75.1495, , 
 ,24324,2015040876,6,67,67301,2015,3,5,1100,11,1,2,1,1,1, , ,N,1,2,0,3,0,1,5,2,N,N,39 54:57.913,75 14:09.812,1100, ,1100,9,1,4, , ,3,N, , , , ,261306, , , ,2,1,0,0,0,0,1,0,0,0,0,1,1,0,0,0,0,0,0,0,0,0,0,0,0,0,0,0,0,0,0,0,0,0,0,4,0,39.9161,-75.2361, , 
 ,24325,2015001665,6,67,67301,2015,1,6,1829,18,3,1,0,1,1, , ,N,0,0,0,3,0,1,2,2,N,N,40 01:14.438,75 02:32.637,1939, ,1830, ,0, ,N, ,0, , , , , ,261320, , , ,2,0,0,0,0,0,2,0,0,0,0,0,1,1,0,0,0,0,0,0,0,0,0,0,0,0,0,0,0,0,0,0,0,0,0,8,0,40.0207,-75.0424, , 
 ,24326,2015012314,6,67,67301,2015,1,3,943,9,1,4,3,4,1, , ,N,1,2,0,3,0,0,2,2,N,N,39 56:41.578,75 10:01.077,955, ,945, ,0, ,N, ,3, , , , , ,261334, , , ,2,0,0,0,0,0,2,0,0,0,0,0,0,0,0,0,0,0,0,0,0,0,0,0,0,0,0,0,0,0,0,0,0,0,0,0,0,39.9449,-75.167, , 
 ,24327,2015036682,6,67,67301,2015,3,3,1450,14,1,2,1,5,1, , ,N,0,0,0,3,0,1,2,2,N,Y,40 01:52.454,75 09:05.388,1456, ,1456, ,0, , , ,0, , , , , ,261398, , , ,2,1,0,0,0,0,1,0,0,0,0,0,1,1,0,0,0,0,0,0,0,0,1,0,0,0,0,0,0,0,0,0,0,0,0,8,0,40.0312,-75.1515, , 
 ,24328,2015035301,6,67,67301,2015,3,4,1115,11,1,1,0,1,1, , ,N,0,0,0,3,0,0,2,2,N,N,40 01:06.731,75 02:48.940,1151, ,1145, ,0, ,N, ,0, , , , , ,261441, , , ,2,1,0,0,0,0,1,0,0,0,0,0,0,0,0,0,0,0,0,0,1,0,1,0,0,0,0,0,0,0,0,0,0,0,0,0,0,40.0185,-75.0469, , 
 ,24329,2015025049,6,67,67301,2015,2,4,752,7,1,1,0,4,1, , ,N,1,2,0,3,0,3,4,3,N, ,39 57:16.538,75 12:23.154,753, ,752, ,0, , , ,3, , , , , ,265840, , , ,3,2,0,0,0,0,1,0,0,0,1,2,3,0,0,0,0,0,0,1,0,1,0,0,0,0,0,0,0,0,0,0,0,0,0,3,0,39.9546,-75.2064, , 
 ,24330,2015009617,6,67,67301,2015,1,1,1845,18,3,2,1,7,4, , ,N,0,0,3,3,0,1,4,1,N,N,39 55:11.129,75 12:06.810,1850, ,1847,1,1,3,N, ,0,N, , , , ,265872, , , ,1,0,0,0,0,0,1,0,0,0,0,1,1,0,0,0,0,0,0,0,0,0,0,1,0,0,0,0,0,0,0,0,0,0,0,4,0,39.9198,-75.2019, , 
 ,24331,2015045354,6,67,67301,2015,4,1,2245,22,3,1,0,5,6, , ,N,0,0,0,3,0,0,1,3,N,N,40 00:47.866,75 07:09.443,2247, ,2247, ,0, ,N, ,0, , , , , ,265898, , , ,3,3,0,0,0,0,0,0,0,0,0,0,0,0,0,0,0,0,0,0,0,0,0,0,0,0,0,0,0,0,0,0,0,0,0,0,0,40.0133,-75.1193, , 
 ,24332,2015056413,6,67,67301,2015,5,3,1932,19,1,1,0,2,1, , ,N,1,2,0,3,0,1,2,2,N,N,39 56:19.388,75 13:27.483,1945, ,1935, ,0, ,N, ,3, , , , , ,265908, , , ,1,1,0,0,0,0,0,0,1,0,0,0,1,1,0,0,0,0,0,0,1,0,0,0,0,0,0,0,0,0,0,0,0,0,0,8,0,39.9387,-75.2243, , 
 ,24333,2015036598,6,67,67301,2015,3,1,2344,23,3,1,0,8,6, , ,N,0,0,0,3,0,1,2,2,N,N,40 01:25.582,75 04:36.445,2356, ,2355, ,0, ,N, ,0, , , , , ,265941, , , ,1,1,0,0,0,0,0,0,0,0,0,0,1,1,0,0,0,0,0,0,0,0,0,0,0,0,0,0,0,0,0,0,1,0,0,8,0,40.0238,-75.0768, , 
 ,24334,2015024995,6,67,67301,2015,2,3,235,2,3,4,3,1,6, , ,N,0,0,0,3,0,1,1,2,N,N,40 01:07.809,75 05:03.001,250, ,244, ,0, ,N, ,0, , , , , ,265981, , , ,2,2,0,0,0,0,0,0,0,0,0,0,1,1,0,0,0,0,0,1,0,0,0,0,0,0,0,0,0,0,0,0,0,0,0,8,0,40.0188,-75.0842, , 
 ,24335,2015051958,6,67,67301,2015,3,1,100,1,3,1,6,4,1, , ,N,1,3,0,3,0,1,2,2,N,N,40 02:09.349,75 07:35.780,129, ,125, ,0, , , ,3, , , , , ,266001, , , ,2,1,0,0,0,0,0,1,0,0,0,0,1,1,0,0,0,0,0,0,0,0,0,0,0,0,0,0,0,0,0,0,0,0,0,8,0,40.0359,-75.1266, , 
 ,24336,2015038668,6,67,67301,2015,3,2,1724,17,1,1,0,4,1, , ,N,1,3,0,3,0,1,4,2,N,N,40 00:22.795,75 09:54.820,1732, ,1724,2,2,7, , ,3,Y, , , , ,266043, , , ,2,0,0,0,0,0,1,1,0,0,0,0,1,1,0,0,0,0,0,0,1,0,0,0,0,0,0,0,0,0,0,0,0,0,0,8,0,40.0063,-75.1652, , 
 ,24337,2015045360,6,67,67301,2015,4,4,1730,17,1,1,0,1,1, , ,N,1,2,0,3,0,1,2,2,N,N,40 01:12.877,75 06:50.707,1005, ,1000, ,0, , , ,3, , , , , ,266050, , , ,2,1,0,0,0,0,0,1,0,0,0,1,1,0,0,0,0,0,0,0,0,0,0,1,0,0,0,0,0,0,0,0,0,0,0,4,0,40.0202,-75.1141, , 
 ,24338,2015045379,6,67,67301,2015,4,4,1542,15,1,2,1,4,1, , ,N,0,0,7,3,0,2,2,2,N,N,40 04:20.362,75 01:44.887,1552, ,1545, ,0, ,N, ,0, , , , , ,266051, , , ,2,2,0,0,0,0,0,0,0,0,1,1,2,0,0,0,0,0,0,1,0,0,0,0,0,0,0,0,0,0,0,0,0,0,0,3,0,40.0723,-75.0291, , 
 ,24339,2015003959,6,67,67301,2015,1,2,819,8,1,1,0,7,4, , ,N,0,0,2,3,0,0,1,1,N,N,39 57:33.731,75 10:51.038,829, ,824, ,0, ,Y, ,0, , , , , ,266056, , , ,1,0,0,0,1,0,0,0,0,0,0,0,0,0,0,0,0,0,0,0,0,0,0,0,0,0,0,0,0,0,0,0,0,0,0,0,0,39.9594,-75.1808, , 
 ,24340,2015043337,6,67,67301,2015,3,3,625,6,1,1,0,5,1, , ,N,0,0,3,3,0,0,2,2,N,N,39 53:33.587,75 11:49.730,655, ,626,1,1,1,N, ,0,N, , , , ,266094, , , ,2,1,0,0,0,0,1,0,0,0,0,0,0,0,0,0,0,0,0,0,1,0,0,0,0,0,0,0,0,0,0,0,0,0,0,0,0,39.8927,-75.1971, , 
 ,24341,2015045352,6,67,67301,2015,4,6,2030,20,3,1,0,4,1, , ,N,1,2,0,3,0,1,2,2,N,N,39 56:03.465,75 09:02.912,2039, ,2038, ,0, ,N, ,3, , , , , ,266097, , , ,1,1,0,0,0,0,0,0,1,0,1,0,1,0,0,0,0,0,0,0,0,0,0,0,0,0,0,0,0,0,0,0,0,0,0,3,0,39.9343,-75.1508, , 
 ,24342,2015047612,6,67,67301,2015,4,6,2028,20,3,1,0,2,1, , ,N,0,0,0,3,0,3,3,2,N,N,40 02:24.047,75 10:41.746,2028, ,2028,9,2,5, , ,0,Y, , , , ,266099, , , ,2,0,0,0,1,0,1,0,0,0,1,2,3,0,0,0,0,0,0,0,1,1,0,2,0,0,0,0,0,0,0,0,0,0,0,3,0,40.04,-75.1783, , 
 ,24343,2015012318,6,67,67301,2015,1,7,216,2,3,1,0,1,6, , ,N,0,0,0,3,0,2,2,3,N,N,39 59:02.810,75 10:37.990,257, ,255, ,0, ,N, ,0, , , , , ,266111, , , ,3,3,0,0,0,0,0,0,0,0,0,2,2,0,0,0,0,0,0,0,0,0,0,0,0,0,0,0,0,0,0,0,0,0,0,4,0,39.9841,-75.1772, , 
 ,24344,2015006118,6,67,67301,2015,1,7,1716,17,2,2,1,7,4, , ,N,0,0,0,3,0,1,2,1,N,N,40 01:38.742,75 11:33.672,1720, ,1716,1,1,5,N, ,0,N, , , , ,266152, , , ,1,1,0,0,0,0,0,0,0,0,0,1,1,0,0,0,0,0,0,0,1,0,0,0,0,0,0,0,0,0,0,0,0,0,0,4,0,40.0274,-75.1927, , 
 ,24345,2015020889,6,67,67301,2015,1,7,1140,11,1,1,0,2,6, , ,N,0,0,0,3,0,1,1,2,N,N,39 59:26.689,75 07:48.763,1222, ,1220, ,0, , , ,0, , , , , ,266165, , , ,2,1,0,0,0,0,0,1,0,0,0,0,1,1,0,0,0,0,0,0,0,0,0,0,0,0,0,0,0,0,0,0,0,0,0,8,0,39.9907,-75.1302, , 
 ,24346,2015025133,6,67,67301,2015,2,3,1744,17,4,1,0,4,1, , ,N,1,0,0,3,0,0,2,2,N, ,39 57:46.836,75 09:30.286,1750, ,1744, ,0, , , ,0, , , , , ,266168, , , ,2,1,0,0,0,0,0,1,0,0,0,0,0,0,2,0,0,0,0,0,0,1,0,0,0,0,0,0,0,0,0,0,0,0,0,9,0,39.963,-75.1584, , 
 ,24347,2016108539,6,67,67301,2016,10,7,2345,23,3,2,1,4,1, , ,N,1,2,0,3,0,1,3,2,N,N,40 02:04.567,75 04:16.161,2350, ,2345,2,1,1,N, ,3,N, , , , ,253677, , , ,2,2,0,0,0,0,0,0,0,0,0,1,1,0,0,0,0,0,0,0,1,0,0,0,0,0,0,0,0,0,0,0,0,0,0,4,0,40.0346,-75.0712, , 
 ,24348,2016099547,6,67,67301,2016,9,1,1445,14,1,1,0,4,1, , ,N,0,0,7,3,0,0,2,2,N,N,39 55:56.480,75 13:28.077,1600, ,1543, ,0, ,N, ,0, , , , , ,253683, , , ,2,1,0,0,0,0,1,0,0,0,0,0,0,0,0,0,0,0,0,0,0,0,0,1,0,0,0,0,0,0,0,0,0,0,0,0,0,39.9324,-75.2245, , 
 ,24349,2016135716,6,67,67301,2016,12,6,725,7,1,1,1,4,1, , ,N,1,2,0,3,0,2,3,2,N, ,40 03:00.396,75 03:51.268,730, ,728, ,0, , , ,3, , , , , ,253716, , , ,2,1,0,0,1,0,0,0,0,0,0,0,2,2,0,0,0,0,0,0,0,0,0,1,0,0,0,0,0,0,0,0,0,0,0,8,0,40.0501,-75.0642, , 
 ,24350,2017003610,6,67,67301,2016,12,7,2030,20,3,2,1,4,1, , ,N,5,2,0,3,0,0,3,2,N,N,39 57:49.841,75 13:12.286,2036, ,2034, ,0, ,N, ,3, , , , , ,253719, , , ,2,1,0,0,0,0,0,1,0,0,0,0,0,0,0,0,0,0,0,0,0,0,0,0,0,0,0,0,0,0,0,0,0,0,0,0,0,39.9636,-75.2194, , 
 ,24351,2017003607,6,67,67301,2016,12,1,2200,22,3,1,0,4,1, , ,N,1,2,0,3,0,0,3,4,N, ,40 02:54.566,75 05:37.204,2214, ,2207, ,0, , , ,3, , , , , ,253720, , , ,4,2,0,0,1,0,1,0,0,0,0,0,0,0,0,0,0,0,0,0,1,0,0,3,0,0,0,0,0,0,0,0,0,0,0,0,0,40.0485,-75.0937, , 
 ,24352,2016080217,6,67,67301,2016,6,2,1045,10,1,1,0,8,1, , ,N,1,2,0,3,0,1,2,2,N, ,39 56:29.130,75 08:51.356,1100, ,1053, ,0, , , ,3, , , , , ,253727, , , ,1,1,0,0,0,0,0,0,0,0,0,0,1,1,0,0,0,0,0,0,0,1,0,0,0,0,0,0,0,0,0,0,1,0,0,8,0,39.9414,-75.1476, , 
 ,24353,2016080845,6,67,67301,2016,6,4,1130,11,1,1,0,5,1, , ,N,0,2,0,3,0,0,2,2,N,N,39 58:32.169,75 07:14.496,1130, ,1117,1,1,2,N, ,3,N, , , , ,253728, , , ,2,2,0,0,0,0,0,0,0,0,0,0,0,0,0,0,0,0,0,0,0,0,0,0,0,0,0,0,0,0,0,0,0,0,0,0,0,39.9756,-75.1207, , 
 ,24354,2016087686,6,67,67301,2016,8,6,1955,19,2,1,0,4,1, , ,N,2,3,0,3,0,1,2,2,N,N,39 58:09.537,75 12:18.417,2015, ,2002, ,0, ,N, ,3, , , , , ,253741, , , ,1,1,0,0,0,0,0,0,1,0,1,0,1,0,0,0,0,0,0,0,0,0,0,1,0,0,0,0,0,0,0,0,0,0,0,3,0,39.9693,-75.2051, , 
 ,24355,2016129255,6,67,67301,2016,11,5,1845,18,3,1,0,4,1, , ,N,1,0,0,3,0,1,2,2,N, ,39 57:45.834,75 12:13.931,2215, ,9999, ,0, , , ,0, , , , , ,253755, , , ,1,0,0,0,0,0,0,1,1,0,0,1,1,0,0,0,0,0,0,0,0,0,0,1,0,0,0,0,0,0,0,0,0,0,0,4,0,39.9627,-75.2039, , 
 ,24356,2016120606,6,67,67301,2016,11,5,1525,15,1,1,0,1,1, , ,N,0,0,0,3,0,2,3,2,N,N,40 06:59.517,75 01:12.149,1534, ,1528,9,1,2,N, ,0,N, , , , ,253757, , , ,2,2,0,0,0,0,0,0,0,0,0,2,2,0,0,0,0,0,0,0,0,0,0,0,0,0,0,0,0,0,0,0,0,0,0,4,0,40.1165,-75.02, , 
 ,24357,2016127814,6,67,67301,2016,11,3,1135,11,1,1,0,8,1, , ,N,1,2,0,3,0,1,2,2,N,N,39 56:50.704,75 14:23.171,1135, ,1134, ,0, ,N, ,3, , , , , ,253769, , , ,1,0,0,0,1,0,0,0,0,0,1,0,1,0,0,0,0,0,0,0,0,0,0,1,0,0,0,0,0,0,0,0,1,0,0,3,0,39.9474,-75.2398, , 
 ,24358,2016126094,6,67,67301,2016,11,2,2200,22,3,1,8,8,1, , ,N,0,0,0,3,0,2,3,3,N,N,39 57:48.956,75 09:01.706,25, ,15, ,0, , , ,0, , , , , ,253772, , , ,1,0,0,0,1,0,0,0,0,0,0,0,2,2,1,0,0,0,0,0,0,0,0,0,0,0,0,0,0,0,0,0,2,0,0,8,0,39.9636,-75.1505, , 
 ,24359,2017007882,6,67,67301,2016,12,5,2123,21,3,1,0,4,1, , ,N,1,2,0,3,0,0,1,3,N, ,39 58:05.274,75 13:30.499,2124, ,2124,2,1,3, , ,3,N, , , , ,253784, , , ,3,1,0,0,0,0,0,2,0,0,0,0,0,0,0,0,0,0,0,0,0,0,0,1,0,0,0,0,0,0,0,0,0,0,0,0,0,39.9681,-75.2251, , 
 ,24360,2017007949,6,67,67301,2016,12,6,49,0,3,1,0,7,4, , ,N,0,0,0,3,0,0,3,1,N, ,40 01:19.819,75 06:57.664,57, ,49, ,0, , , ,0, , , , , ,253785, , , ,1,1,0,0,0,0,0,0,0,0,0,0,0,0,0,0,0,0,0,0,0,0,0,2,0,0,0,0,0,0,0,0,0,0,0,0,0,40.0222,-75.116, , 
 ,24361,2017005768,6,67,67301,2016,12,7,250,2,3,4,1,4,1, , ,N,1,2,0,3,0,2,3,2,N,N,39 57:40.697,75 10:30.951,305, ,300, ,0, ,N, ,3, , , , , ,253786, , , ,2,1,0,0,0,0,1,0,0,0,1,1,2,0,0,0,0,0,0,0,0,0,0,0,0,0,0,0,0,0,0,0,0,0,0,3,0,39.9613,-75.175, , 
 ,24362,2016065683,6,67,67301,2016,6,6,1940,19,1,1,0,4,1, , ,N,2,3,0,3,0,0,2,2,N,N,40 01:23.939,75 09:49.962,1945, ,1940, ,0, ,N, ,3, , , , , ,253788, , , ,2,2,0,0,0,0,0,0,0,0,0,0,0,0,1,0,0,1,0,0,0,0,0,0,0,0,0,0,0,0,0,0,0,0,0,9,0,40.0233,-75.1639, , 
 ,24363,2016067847,6,67,67301,2016,6,5,2130,21,3,1,0,4,1, , ,N,0,0,7,3,0,1,3,2,N,N,39 58:37.854,75 07:09.646,9999, ,9999, ,0, , , ,0, , , , , ,253790, , , ,2,1,0,0,0,0,0,1,0,0,0,0,1,1,0,0,0,0,0,0,1,0,0,1,0,0,0,0,0,0,0,0,0,0,0,8,0,39.9772,-75.1193, , 
 ,24364,2016086449,6,67,67301,2016,8,6,1917,19,1,1,0,1,1, , ,N,0,0,0,3,0,0,3,2,N,N,39 57:30.775,75 10:05.529,1917, ,1917, ,0, , , ,0, , , , , ,253805, , , ,2,1,0,0,0,0,1,0,0,0,0,0,0,0,0,0,0,0,0,0,1,0,0,0,0,0,0,0,0,0,0,0,0,0,0,0,0,39.9585,-75.1682, , 
 ,24365,2017003615,6,67,67301,2016,12,2,1625,16,3,1,0,4,1, , ,N,1,3,0,3,0,1,2,3,N, ,40 03:30.710,75 04:43.351,1844, ,1842, ,0, , , ,3, , , , , ,256863, , , ,3,2,0,0,0,0,1,0,0,0,0,0,1,1,0,0,0,0,0,0,0,0,0,1,0,0,0,0,0,0,0,0,0,0,0,8,0,40.0585,-75.0788, , 
 ,24366,2016119088,6,67,67301,2016,11,2,1215,12,1,1,0,4,1, , ,N,2,3,0,3,0,0,2,2,N,N,39 56:59.578,75 12:16.853,1216, ,1215, ,0, ,N, ,3, , , , , ,256869, , , ,2,1,0,0,0,0,1,0,0,0,0,0,0,0,0,0,0,0,0,0,1,0,0,0,0,0,0,0,0,0,0,0,0,0,0,0,0,39.9499,-75.2047, , 
 ,24367,2016129378,6,67,67301,2016,11,7,423,4,3,1,0,4,1, , ,N,1,3,0,3,0,0,1,2,N, ,39 57:06.454,75 12:44.668,423, ,423, ,0, , , ,3, , , , , ,256870, , , ,2,0,0,0,0,0,1,0,0,0,0,0,0,0,0,0,0,0,0,0,0,0,0,0,0,0,0,0,0,0,0,0,0,0,0,0,0,39.9518,-75.2124, , 
 ,24368,2016132190,6,67,67301,2016,11,6,1900,19,3,2,1,1,1, , ,N,1,2,1,3,0,2,3,2,N, ,40 05:40.347,75 00:54.154,2032, ,2026, ,0, , , ,3, , , , , ,256879, , , ,2,2,0,0,0,0,0,0,0,0,0,2,2,0,0,0,0,0,0,0,1,0,0,0,0,0,0,0,0,0,0,0,0,0,0,4,0,40.0946,-75.0152, , 
 ,24369,2016119663,6,67,67301,2016,10,1,835,8,1,1,0,4,1, , ,N,1,2,0,3,0,1,2,2,N,N,39 56:41.420,75 10:30.111,830, ,846, ,0, ,N, ,3, , , , , ,256889, , , ,1,0,0,0,0,1,0,0,1,0,0,1,1,0,0,0,0,0,0,0,0,0,0,0,0,0,0,0,0,0,0,0,0,0,0,4,1,39.9448,-75.175, , 
 ,24370,2016128695,6,67,67301,2016,12,6,1827,18,3,1,0,1,1, , ,N,0,0,0,3,0,1,3,2,N,N,40 03:00.487,74 59:34.224,1834, ,1834, ,0, , , ,0, , , , , ,256900, , , ,2,2,0,0,0,0,0,0,0,0,1,0,1,0,0,0,0,0,0,0,0,0,0,0,0,0,0,0,0,0,0,0,0,0,0,3,0,40.0501,-74.9928, , 
 ,24371,2017003570,6,67,67301,2016,12,5,1750,17,3,1,0,4,1, , ,N,0,3,7,3,0,0,2,2,N,N,40 04:06.802,75 00:22.225,1805, ,1758,1,1,3,N, ,3,N, , , , ,256920, , , ,2,2,0,0,0,0,0,0,0,0,0,0,0,0,0,0,0,0,0,0,0,0,0,1,0,0,0,0,0,0,0,0,0,0,0,0,0,40.0686,-75.0062, , 
 ,24372,2017022776,6,67,67301,2016,10,6,1707,17,1,1,0,1,1, , ,N,0,0,0,3,0,0,2,2,N,N,39 55:06.594,75 08:51.795,0, ,0, ,0, ,N, ,0, , , , , ,256921, , , ,2,2,0,0,0,0,0,0,0,0,0,0,0,0,0,0,0,0,0,0,0,0,0,1,0,0,0,0,0,0,0,0,0,0,0,0,0,39.9185,-75.1477, , 
 ,24373,2016129324,6,67,67301,2016,11,3,257,2,2,1,1,7,4, , ,N,2,0,0,3,0,3,3,1,N, ,40 02:16.173,75 09:41.713,337, ,335, ,0, , , ,0, , , , , ,256935, , , ,1,1,0,0,0,0,0,0,0,0,0,3,3,0,0,0,0,0,0,0,0,0,0,1,0,0,0,0,0,0,0,0,0,0,0,4,0,40.0378,-75.1616, , 
N,24374,2016098777,6,67,67301,2016,9,5,1538,15,1,1,0,1,1,1,4,Y,0,0,0,3,0,1,5,4,N,N,40 01:32.336,75 01:42.321,1607,45,1547,2,2,2, , ,0,N,Y,N,N,N,256942,Y,N,Y,4,2,0,0,1,0,1,0,0,0,1,0,1,0,0,0,0,0,0,0,1,0,0,0,0,0,0,0,0,0,0,0,0,0,0,3,0,40.0256,-75.0284, , 
 ,24375,2016105686,6,67,67301,2016,9,5,1924,19,1,1,0,8,1, , ,N,0,0,0,3,0,1,2,2,N,N,40 01:20.712,75 04:26.562,1925, ,1924, ,0, ,N, ,0, , , , , ,256944, , , ,1,1,0,0,0,0,0,0,0,0,1,0,1,0,0,0,0,0,0,0,1,0,0,0,0,0,0,0,0,0,0,0,1,0,0,3,0,40.0224,-75.074, , 
 ,24376,2016105909,6,67,67301,2016,9,5,1634,16,1,1,0,1,1, , ,N,0,0,0,3,0,0,3,5,N, ,40 02:45.587,74 59:39.837,1634, ,1634, ,0, , , ,0, , , , , ,256945, , , ,5,5,0,0,0,0,0,0,0,0,0,0,0,0,0,0,0,0,0,0,0,0,0,0,0,0,0,0,0,0,0,0,0,0,0,0,0,40.046,-74.9944, , 
 ,24377,2016114719,6,67,67301,2016,11,5,1225,12,1,2,1,7,4, , ,N,0,0,0,3,0,1,2,1,N,N,40 03:23.011,75 01:16.228,1300, ,1247,3,1,1,N, ,0,N, , , , ,256949, , , ,1,0,0,0,0,1,0,0,0,0,1,0,1,0,0,0,0,0,0,0,0,0,0,0,0,0,0,0,0,0,0,0,0,0,0,3,1,40.0564,-75.0212, , 
 ,24378,2016138206,6,67,67301,2016,12,1,1425,14,1,1,0,1,1, , ,N,0,0,0,3,0,1,3,2,N,N,39 56:13.861,75 13:04.674,1455, ,1450, ,0, ,N, ,0, , , , , ,256977, , , ,2,2,0,0,0,0,0,0,0,0,0,0,1,1,0,0,0,0,0,0,0,0,0,0,0,0,0,0,0,0,0,0,0,0,0,8,0,39.9372,-75.218, , 
 ,24379,2016138292,6,67,67301,2016,12,5,1538,15,1,1,0,7,5, , ,N,2,0,0,3,0,0,1,1,N,N,40 02:28.507,75 09:21.621,1538, ,1537,1,1,2,N, ,0,Y, , , , ,256980, , , ,1,1,0,0,0,0,0,0,0,0,0,0,0,0,0,0,0,0,0,0,0,0,0,1,0,0,0,0,0,0,0,0,0,0,0,0,0,40.0413,-75.156, , 
 ,24380,2017005249,6,67,67301,2016,12,3,1009,10,1,1,0,1,1, , ,N,1,2,0,3,0,2,3,2,N, ,39 55:01.859,75 14:46.691,1655, ,1844, ,0, , , ,3, , , , , ,256988, , , ,2,1,0,0,0,0,0,0,0,0,2,0,2,0,0,0,0,0,0,0,0,0,0,0,0,0,0,0,0,0,0,0,0,0,0,3,0,39.9172,-75.2463, , 
 ,24381,2017021462,6,67,67301,2016,8,3,2045,20,3,1,0,4,1, , ,N,1,2,0,3,0,1,2,2,N,N,39 59:45.293,75 05:31.432,0, ,0, ,0, ,N, ,3, , , , , ,257016, , , ,2,2,0,0,0,0,0,0,0,0,1,0,1,0,0,0,0,0,0,0,0,0,0,0,0,0,0,0,0,0,0,0,0,0,0,3,0,39.9959,-75.0921, , 
 ,24382,2016135670,6,67,67301,2016,11,2,1921,19,3,1,0,4,1, , ,N,1,2,0,3,0,0,3,2,N,N,39 57:45.766,75 14:48.166,1928, ,1928, ,0, ,N, ,3, , , , , ,257035, , , ,2,1,0,0,0,0,0,1,0,0,0,0,0,0,0,0,0,0,0,0,1,0,0,2,0,0,0,0,0,0,0,0,0,0,0,0,0,39.9626,-75.247, , 
 ,24383,2016130249,6,67,67301,2016,12,6,1658,16,4,1,0,7,2, , ,N,0,1,2,3,0,1,1,1,N,N,39 57:17.822,75 08:56.800,1703, ,1658,2,1,3,Y, ,3,N, , , , ,257045, , , ,1,0,0,0,1,0,0,0,0,0,0,1,1,0,0,0,0,0,0,0,0,0,0,0,0,0,0,0,0,0,0,0,0,0,0,4,0,39.955,-75.1491, , 
 ,24384,2015036660,6,67,67301,2015,3,3,1658,16,1,2,1,1,6, , ,N,0,0,0,3,0,1,1,2,N, ,40 00:38.796,75 09:01.445,1700, ,1700, ,0, , , ,0, , , , , ,261442, , , ,2,2,0,0,0,0,0,0,0,0,0,0,1,1,0,0,0,0,0,0,0,0,0,1,0,0,0,0,0,0,0,0,0,0,0,8,0,40.0108,-75.1504, , 