wz_ln_closure,objectid_1,crn,district,county,municipality,crash_year,crash_month,day_of_week,time_of_day,hour_of_day,illumination,weather,road_condition,collision_type,relation_to_road,work_zone_type,work_zone_loc,work_zone_ind,intersect_type,tcd_type,location_type,urban_rural,fatal_count,injury_count,person_count,total_units,sch_bus_ind,sch_zone_ind,latitude,longitude,arrival_tm,cons_zone_spd_lim,dispatch_tm,est_hrs_closed,lane_closed,ln_close_dir,ntfy_hiwy_maint,spec_juris_cd,tcd_func_cd,tfc_detour_ind,workers_pres,wz_close_detour,wz_flagger,wz_law_offcr_ind,objectid,wz_moving,wz_other,wz_shlder_mdn,vehicle_count,automobile_count,motorcycle_count,bus_count,small_truck_count,heavy_truck_count,suv_count,van_count,bicycle_count,maj_inj_count,mod_inj_count,min_inj_count,tot_inj_count,unk_inj_deg_count,unk_inj_per_count,driver_count_16yr,driver_count_17yr,driver_count_18yr,driver_count_19yr,driver_count_20yr,driver_count_50_64yr,driver_count_65_74yr,driver_count_75plus,unbelted_occ_count,unb_death_count,unb_maj_inj_count,belted_death_count,belted_maj_inj_count,mcycle_death_count,mcycle_maj_inj_count,bicycle_death_count,bicycle_maj_inj_count,ped_count,ped_death_count,ped_maj_inj_count,max_severity_level,comm_veh_count,dec_lat,dec_long,rdwy_surf_type_cd,county_name
 ,24452,2016105833,6,67,67301,2016,9,2,1120,11,1,2,1,6,1, , ,N,2,0,0,3,0,0,2,2,N, ,40 03:48.970,75 12:00.871,1150, ,1142, ,0, , , ,0, , , , , ,257218, , , ,2,1,0,0,0,0,1,0,0,0,0,0,0,0,0,0,0,0,0,0,0,0,0,0,0,0,0,0,0,0,0,0,0,0,0,0,0,40.0636,-75.2002, , 
 ,24453,2016111077,6,67,67301,2016,9,6,923,9,1,1,0,1,1, , ,N,0,0,0,3,0,1,2,2,N, ,40 02:17.070,75 09:17.251,925, ,922, ,0, , , ,0, , , , , ,257222, , , ,2,2,0,0,0,0,0,0,0,0,0,1,1,0,0,0,0,0,0,0,1,1,0,0,0,0,0,0,0,0,0,0,0,0,0,4,0,40.0381,-75.1548, , 
 ,24454,2016129981,6,67,67301,2016,11,5,359,3,3,1,0,8,1, , ,N,0,0,0,3,0,1,2,2,N,N,39 54:53.519,75 09:20.742,403, ,400, ,0, ,N, ,0, , , , , ,257226, , , ,1,0,0,0,0,0,1,0,0,1,0,0,1,0,0,0,0,0,0,0,0,0,0,0,0,0,0,0,0,0,0,0,1,0,1,2,0,39.9149,-75.1558, , 
 ,24455,2016120613,6,67,67301,2016,10,2,1205,12,1,1,0,4,1, , ,N,1,2,0,3,0,0,2,2,N,N,39 57:47.556,75 08:48.037,1217, ,1209, ,0, , , ,3, , , , , ,257230, , , ,2,1,0,0,0,0,1,0,0,0,0,0,0,0,0,0,0,0,0,0,1,0,0,2,0,0,0,0,0,0,0,0,0,0,0,0,0,39.9632,-75.1467, , 
 ,24456,2016112100,6,67,67301,2016,10,7,212,2,3,1,0,2,1, , ,N,1,2,0,3,0,0,2,3,N, ,39 59:39.085,75 06:28.154,212, ,212, ,0, , , ,3, , , , , ,257233, , , ,3,1,0,0,1,0,1,0,0,0,0,0,0,0,0,0,0,0,0,0,0,0,0,2,0,0,0,0,0,0,0,0,0,0,0,0,0,39.9942,-75.1078, , 
 ,24457,2015037852,6,67,67301,2015,3,4,829,8,1,1,0,5,1, , ,N,0,0,0,3,0,0,2,2,N,N,39 57:54.277,75 08:13.658,841, ,831,2,1,1,N, ,0,N, , , , ,261687, , , ,2,1,0,0,0,1,0,0,0,0,0,0,0,0,0,0,0,0,0,0,0,0,0,0,0,0,0,0,0,0,0,0,0,0,0,0,1,39.9651,-75.1371, , 
 ,24458,2015049026,6,67,67301,2015,4,5,1430,14,1,1,0,4,1, , ,N,1,2,0,3,0,1,2,2,N,Y,39 58:48.597,75 10:50.073,1440, ,1435, ,0, ,N, ,3, , , , , ,261697, , , ,1,1,0,0,0,0,0,0,1,0,0,0,1,1,0,0,0,0,0,0,0,0,0,0,0,0,0,0,0,0,0,0,0,0,0,8,0,39.9802,-75.1806, , 
 ,24459,2015052399,6,67,67301,2015,5,3,2310,23,3,2,1,1,1, , ,N,0,0,0,3,0,0,2,2,N,N,39 59:06.115,75 05:39.774,2341, ,2317, ,0, ,N, ,0, , , , , ,261701, , , ,2,1,0,0,0,0,1,0,0,0,0,0,0,0,0,0,0,0,0,0,0,0,0,0,0,0,0,0,0,0,0,0,0,0,0,0,0,39.985,-75.0944, , 
 ,24460,2015017952,6,67,67301,2015,1,7,2033,20,3,1,0,8,1, , ,N,2,0,0,3,0,1,2,2,N,N,39 59:38.652,75 08:51.442,2049, ,2041, ,0, ,N, ,0, , , , , ,261719, , , ,1,1,0,0,0,0,0,0,0,0,0,0,1,1,0,0,0,0,0,0,0,0,0,0,0,0,0,0,0,0,0,0,1,0,0,8,0,39.9941,-75.1476, , 
 ,24461,2015021939,6,67,67301,2015,2,6,1438,14,1,1,0,1,1, , ,N,1,3,0,3,0,2,3,2,N,N,40 03:05.950,74 59:53.199,1645, ,1639,9,1,1,N, ,3,N, , , , ,261723, , , ,2,1,0,0,0,0,1,0,0,0,0,0,2,2,0,0,0,0,0,0,0,0,0,0,0,0,0,0,0,0,0,0,0,0,0,8,0,40.0517,-74.9981, , 
 ,24462,2015021969,6,67,67301,2015,2,3,845,8,1,8,6,7,4, , ,N,0,0,0,3,0,1,1,1,N,N,40 01:46.241,75 11:18.177,855, ,850, ,0, ,N, ,0, , , , , ,261724, , , ,1,1,0,0,0,0,0,0,0,0,0,0,1,1,0,0,0,0,0,0,0,0,0,0,0,0,0,0,0,0,0,0,0,0,0,8,0,40.0295,-75.1884, , 
 ,24463,2015031021,6,67,67301,2015,2,4,1308,13,1,1,0,7,3, , ,N,0,0,2,3,0,0,1,1,N, ,39 55:23.672,75 11:31.090,1314, ,1309, ,0, , , ,0, , , , , ,261734, , , ,1,0,0,0,0,0,0,1,0,0,0,0,0,0,0,0,0,0,0,0,0,0,0,0,0,0,0,0,0,0,0,0,0,0,0,0,0,39.9232,-75.192, , 
 ,24464,2015034184,6,67,67301,2015,3,1,1049,10,1,4,1,4,1, , ,N,1,2,0,3,0,10,11,2,N, ,39 58:34.248,75 08:17.221,1056, ,1053, ,0, , , ,3, , , , , ,261736, , , ,2,1,0,1,0,0,0,0,0,0,0,10,10,0,0,0,0,0,0,0,0,0,0,0,0,0,0,0,0,0,0,0,0,0,0,4,1,39.9762,-75.1381, , 
 ,24465,2015035190,6,67,67301,2015,3,1,322,3,3,1,1,4,1, , ,N,1,2,0,3,0,0,3,2,N,N,39 57:38.428,75 08:28.873,325, ,325, ,0, , , ,3, , , , , ,261737, , , ,2,2,0,0,0,0,0,0,0,0,0,0,0,0,0,0,0,0,0,0,0,0,0,3,0,0,0,0,0,0,0,0,0,0,0,0,0,39.9606,-75.1414, , 
 ,24466,2015049165,6,67,67301,2015,4,2,1801,18,1,1,0,4,1, , ,N,1,3,0,3,0,1,2,2,N, ,39 59:02.047,75 08:16.069,1801, ,1800, ,0, , , ,3, , , , , ,261753, , , ,1,1,0,0,0,0,0,0,1,0,0,1,1,0,0,0,0,0,0,0,0,1,0,1,0,0,0,0,0,0,0,0,0,0,0,4,0,39.9839,-75.1378, , 
 ,24467,2015012819,6,67,67301,2015,1,4,1058,10,1,1,0,1,1, , ,N,0,0,0,3,0,1,2,2,N,N,39 56:18.739,75 08:38.278,1110, ,1058,1,1,2,N, ,0,N, , , , ,261771, , , ,2,1,0,0,0,0,0,1,0,0,0,0,1,1,0,0,0,0,0,0,0,0,0,0,0,0,0,0,0,0,0,0,0,0,0,8,0,39.9385,-75.144, , 
 ,24468,2015025048,6,67,67301,2015,2,6,1930,19,3,1,0,7,5, , ,N,0,0,0,3,0,0,1,1,N,N,39 57:17.247,75 11:43.494,1940, ,1932, ,0, ,N, ,0, , , , , ,261780, , , ,1,0,0,0,0,0,1,0,0,0,0,0,0,0,0,0,0,0,0,0,0,0,0,0,0,0,0,0,0,0,0,0,0,0,0,0,0,39.9548,-75.1954, , 
 ,24469,2015031050,6,67,67301,2015,2,5,1840,18,3,1,0,2,1, , ,N,0,0,0,3,0,1,4,4,N,N,39 59:09.721,75 06:39.913,1844, ,840, ,0, ,N, ,0, , , , , ,261785, , , ,4,1,0,0,0,0,2,1,0,0,0,1,1,0,0,0,0,0,0,0,0,0,0,2,0,0,0,0,0,0,0,0,0,0,0,4,0,39.986,-75.1111, , 
 ,24470,2015035189,6,67,67301,2015,3,6,825,8,1,4,5,4,1, , ,N,1,2,0,3,0,0,2,2,N,N,39 57:28.162,75 08:50.070,840, ,834,1,1,4,N, ,3,N, , , , ,261787, , , ,2,1,0,1,0,0,0,0,0,0,0,0,0,0,0,0,0,0,0,0,1,0,0,0,0,0,0,0,0,0,0,0,0,0,0,0,1,39.9578,-75.1472, , 
 ,24471,2015036602,6,67,67301,2015,3,7,43,0,3,2,1,4,1, , ,N,1,3,0,3,0,2,3,4,N,N,39 59:03.490,75 09:41.824,44, ,44, ,0, ,N, ,3, , , , , ,261789, , , ,4,2,0,0,0,0,0,0,0,0,0,2,2,0,1,0,0,0,0,0,0,0,0,0,0,0,0,0,0,0,0,0,0,0,0,4,0,39.9843,-75.1616, , 
 ,24472,2015040878,6,67,67301,2015,3,5,1424,14,1,1,0,4,1, , ,N,3,0,0,3,0,1,2,2,N,N,39 59:00.223,75 14:35.758,1200, ,1200, ,0, ,N, ,0, , , , , ,261794, , , ,2,2,0,0,0,0,0,0,0,0,0,0,1,1,1,0,0,0,0,0,1,0,0,0,0,0,0,0,0,0,0,0,0,0,0,8,0,39.9834,-75.2432, , 
 ,24473,2015051530,6,67,67301,2015,5,2,1615,16,1,1,0,1,1, , ,N,1,2,0,3,0,1,2,2,N, ,39 56:47.580,75 10:23.051,1740, ,1730, ,0, , , ,3, , , , , ,261803, , , ,1,1,0,0,0,0,0,0,1,0,0,1,1,0,0,0,0,0,0,0,0,0,0,0,0,0,0,0,0,0,0,0,0,0,0,4,0,39.9466,-75.1731, , 
 ,24474,2015028882,6,67,67301,2015,2,7,305,3,3,1,0,2,1, , ,N,1,2,0,3,0,2,3,2,N,N,40 02:04.999,75 07:51.139,315, ,312,9,2,6,N, ,3,Y, , , , ,261827, , , ,2,2,0,0,0,0,0,0,0,0,0,1,2,1,1,0,0,0,0,0,1,0,0,1,0,0,0,0,0,0,0,0,0,0,0,4,0,40.0347,-75.1309, , 
 ,24475,2015038981,6,67,67301,2015,3,2,200,2,3,8,0,5,6, , ,N,0,0,0,3,0,0,1,4,N, ,39 57:46.854,75 14:28.633,220, ,207,2,2,1, , ,0,Y, , , , ,264053, , , ,4,1,0,0,0,0,2,1,0,0,0,0,0,0,0,0,0,0,0,0,0,0,0,0,0,0,0,0,0,0,0,0,0,0,0,0,0,39.963,-75.2413, , 
 ,24476,2015051493,6,67,67301,2015,4,7,1509,15,1,1,0,4,1, , ,N,2,0,0,3,0,2,2,2,N, ,39 57:34.816,75 14:50.653,1530, ,1528, ,0, , , ,0, , , , , ,264063, , , ,2,1,0,0,0,0,1,0,0,0,0,1,2,1,0,0,0,0,0,0,1,0,0,0,0,0,0,0,0,0,0,0,0,0,0,4,0,39.9597,-75.2474, , 
 ,24477,2015054407,6,67,67301,2015,5,1,2310,23,3,1,0,5,6, , ,N,2,2,0,3,0,1,2,3,N,N,39 55:57.172,75 08:45.247,2311, ,2310,9,2,5,N, ,3,Y, , , , ,264066, , , ,3,1,0,0,0,0,2,0,0,0,1,0,1,0,0,0,0,0,0,0,0,0,0,0,0,0,0,0,0,0,0,0,0,0,0,3,0,39.9325,-75.1459, , 
 ,24478,2015061910,6,67,67301,2015,5,5,1745,17,1,1,0,4,1, , ,N,1,3,0,3,0,2,7,3,N, ,39 57:55.040,75 12:05.565,1808, ,1805, ,0, , , ,3, , , , , ,264074, , , ,3,1,0,0,0,0,1,1,0,1,1,0,2,0,0,0,0,0,0,0,0,0,0,1,0,0,0,0,0,0,0,0,0,0,0,2,0,39.9653,-75.2015, , 
 ,24479,2015043239,6,67,67301,2015,4,6,2346,23,3,2,1,1,1, , ,N,2,2,0,3,0,1,3,2,N,N,40 01:47.862,75 05:14.656,2355, ,2346,2,2,1,N, ,3,Y, , , , ,264112, , , ,2,2,0,0,0,0,0,0,0,0,0,0,1,1,0,0,0,0,0,0,0,0,0,0,0,0,0,0,0,0,0,0,0,0,0,8,0,40.03,-75.0874, , 
 ,24480,2015045469,6,67,67301,2015,4,4,1017,10,1,1,0,9,1, , ,N,0,0,0,3,0,0,3,1,N,N,39 59:14.300,75 15:21.560,1045, ,1040,2,1,3,N, ,0,Y, , , , ,264116, , , ,1,0,0,0,0,0,0,1,0,0,0,0,0,0,1,0,0,0,0,0,1,0,0,0,0,0,0,0,0,0,0,0,0,0,0,9,0,39.9873,-75.256, , 
 ,24481,2015031598,6,67,67301,2015,3,7,321,3,3,1,6,7,4, , ,N,0,0,2,3,0,0,2,1,N,N,39 57:35.985,75 10:49.114,321, ,321, ,0, ,N, ,0, , , , , ,264148, , , ,1,1,0,0,0,0,0,0,0,0,0,0,0,0,0,0,0,0,0,0,0,0,0,0,0,0,0,0,0,0,0,0,0,0,0,0,0,39.96,-75.1803, , 
 ,24482,2015036596,6,67,67301,2015,3,7,1555,15,1,1,0,4,1, , ,N,1,2,0,3,0,3,7,2,N,N,40 01:53.078,75 05:05.038,1615, ,1559, ,0, ,N, ,3, , , , , ,264154, , , ,2,1,0,0,0,0,1,0,0,0,0,0,3,3,1,0,0,0,0,0,0,0,0,0,0,0,0,0,0,0,0,0,0,0,0,8,0,40.0314,-75.0847, , 
 ,24483,2015051930,6,67,67301,2015,5,7,221,2,3,1,0,1,1, , ,N,0,0,0,3,0,0,2,2,N,N,40 04:16.622,75 02:17.817,244, ,221, ,0, ,N, ,0, , , , , ,264170, , , ,2,1,0,0,0,1,0,0,0,0,0,0,0,0,0,0,0,0,0,0,0,0,0,0,0,0,0,0,0,0,0,0,0,0,0,0,1,40.0713,-75.0383, , 
 ,24484,2015018950,6,67,67301,2015,1,3,1441,14,1,4,3,4,1, , ,N,1,3,0,3,0,0,2,2,N,N,39 56:47.954,75 13:01.930,1450, ,1447, ,0, , , ,3, , , , , ,264182, , , ,2,2,0,0,0,0,0,0,0,0,0,0,0,0,0,0,0,0,0,0,1,1,0,0,0,0,0,0,0,0,0,0,0,0,0,0,0,39.9467,-75.2172, , 
 ,24485,2015025137,6,67,67301,2015,2,5,1210,12,1,1,0,1,1, , ,N,0,2,6,3,0,1,2,2,N,N,39 57:47.584,75 10:37.667,1235, ,1230, ,0, , , ,3, , , , , ,264185, , , ,2,2,0,0,0,0,0,0,0,0,0,1,1,0,0,0,0,0,0,0,1,0,0,0,0,0,0,0,0,0,0,0,0,0,0,4,0,39.9632,-75.1771, , 
 ,24486,2015032960,6,67,67301,2015,3,3,754,7,1,1,0,7,2, , ,N,0,8,3,3,0,1,1,1,N,N,39 54:56.397,75 11:24.388,754, ,754,1,1,4,N, ,3,N, , , , ,264191, , , ,1,1,0,0,0,0,0,0,0,0,1,0,1,0,0,0,0,0,0,0,0,0,0,0,0,0,0,0,0,0,0,0,0,0,0,3,0,39.9157,-75.1901, , 
 ,24487,2015035183,6,67,67301,2015,3,1,425,4,3,1,0,5,6, , ,N,0,0,0,3,0,0,1,4,N,N,40 00:54.908,75 08:12.713,445, ,435, ,0, , , ,0, , , , , ,264193, , , ,4,3,0,0,0,0,1,0,0,0,0,0,0,0,0,0,0,0,0,0,0,0,0,0,0,0,0,0,0,0,0,0,0,0,0,0,0,40.0153,-75.1369, , 
 ,24488,2015038388,6,67,67301,2015,3,3,823,8,1,1,0,1,1, , ,N,0,0,0,3,0,1,2,2,N,N,39 56:28.115,75 11:41.374,851, ,823,1,1,4,N, ,0,N, , , , ,264200, , , ,2,0,0,0,0,0,1,1,0,0,0,1,1,0,0,0,0,0,0,0,0,0,0,0,0,0,0,0,0,0,0,0,0,0,0,4,0,39.9411,-75.1948, , 
 ,24489,2015042831,6,67,67301,2015,3,6,2141,21,3,1,0,4,1, , ,N,1,2,0,3,0,1,3,2,N,N,39 58:07.843,75 14:43.849,2144, ,2144, ,0, ,N, ,3, , , , , ,264203, , , ,2,0,0,0,0,0,1,1,0,0,0,1,1,0,0,0,0,0,0,0,0,0,0,0,0,0,0,0,0,0,0,0,0,0,0,4,0,39.9688,-75.2455, , 
 ,24490,2015033143,6,67,67301,2015,3,1,1354,13,1,1,1,7,3, , ,N,0,0,0,3,0,0,1,1,N,N,39 53:55.523,75 10:12.008,1403, ,1354,1,1,1,N, ,0,N, , , , ,264253, , , ,1,1,0,0,0,0,0,0,0,0,0,0,0,0,0,0,0,0,0,0,0,0,0,0,0,0,0,0,0,0,0,0,0,0,0,0,0,39.8988,-75.17, , 
 ,24491,2015021921,6,67,67301,2015,1,2,1400,14,1,4,1,4,1, , ,N,1,2,0,3,0,0,2,2,N, ,40 03:42.905,75 09:47.363,1400, ,1400, ,0, , , ,3, , , , , ,264280, , , ,2,2,0,0,0,0,0,0,0,0,0,0,0,0,2,0,0,0,0,0,0,0,0,0,0,0,0,0,0,0,0,0,0,0,0,9,0,40.0619,-75.1632, , 
 ,24492,2015045365,6,67,67301,2015,4,4,1215,12,1,2,1,8,1, , ,N,1,3,0,3,0,1,2,2,N,N,40 02:55.125,75 08:22.387,2024, ,2022, ,0, ,N, ,3, , , , , ,264291, , , ,1,1,0,0,0,0,0,0,0,0,0,1,1,0,0,0,0,0,0,0,0,0,0,0,0,0,0,0,0,0,0,0,1,0,0,4,0,40.0486,-75.1396, , 
 ,24493,2015066323,6,67,67301,2015,6,6,2200,22,3,1,0,7,2, , ,N,0,0,0,3,0,2,2,1,N, ,40 00:57.250,75 10:34.215,2229, ,2205,2,1,2, , ,0,N, , , , ,264304, , , ,1,0,0,0,0,0,1,0,0,0,0,2,2,0,0,0,0,0,0,0,0,0,0,0,0,0,0,0,0,0,0,0,0,0,0,4,0,40.0159,-75.1762, , 
 ,24494,2016108531,6,67,67301,2016,9,3,1850,18,3,1,0,4,1, , ,N,1,2,0,3,0,0,2,2,N,N,40 01:43.107,75 12:20.348,1900, ,1854, ,0, ,N, ,9, , , , , ,253966, , , ,2,0,0,0,0,0,2,0,0,0,0,0,0,0,0,0,0,0,0,0,1,0,0,0,0,0,0,0,0,0,0,0,0,0,0,0,0,40.0287,-75.2055, , 
 ,24495,2016117201,6,67,67301,2016,10,2,835,8,1,1,0,8,1, , ,N,2,0,0,3,0,1,2,2,N, ,39 58:57.396,75 10:33.290,840, ,838,1,2,4, , ,0,Y, , , , ,253975, , , ,1,0,0,0,0,0,1,0,0,0,0,1,1,0,0,0,0,0,0,0,1,0,0,0,0,0,0,0,0,0,0,0,1,0,0,4,0,39.9826,-75.1759, , 
 ,24496,2016135730,6,67,67301,2016,12,1,1259,12,1,1,0,2,6, , ,N,0,0,0,3,0,1,1,3,N,N,39 55:49.936,75 08:46.453,1305, ,1300, ,0, ,N, ,0, , , , , ,253998, , , ,3,1,0,0,0,0,2,0,0,0,1,0,1,0,0,0,0,0,0,0,0,0,0,1,0,0,0,0,0,0,0,0,0,0,0,3,0,39.9305,-75.1462, , 
 ,24497,2017003576,6,67,67301,2016,12,1,225,2,3,2,1,1,6, , ,N,0,0,0,3,0,0,1,4,N,N,39 57:06.843,75 10:37.365,228, ,227, ,0, ,N, ,0, , , , , ,254012, , , ,4,2,0,0,0,0,2,0,0,0,0,0,0,0,0,0,0,0,0,0,0,0,0,0,0,0,0,0,0,0,0,0,0,0,0,0,0,39.9519,-75.177, , 
 ,24498,2016120578,6,67,67301,2016,10,5,2021,20,3,2,1,5,1, , ,N,1,2,0,3,0,2,2,2,N,N,40 02:25.167,75 04:44.065,9999, ,9999,3,1,4,N, ,3,Y, , , , ,254016, , , ,2,2,0,0,0,0,0,0,0,0,0,2,2,0,0,0,0,0,0,0,0,0,0,1,0,0,0,0,0,0,0,0,0,0,0,4,0,40.0403,-75.0789, , 
 ,24499,2017005764,6,67,67301,2016,12,7,9999,99,1,2,1,4,1, , ,N,1,3,0,3,0,1,2,2,N,N,40 01:33.697,75 10:01.167,9999, ,9999, ,0, ,N, ,3, , , , , ,254035, , , ,2,1,0,0,0,0,1,0,0,0,0,1,1,0,0,0,0,0,0,0,0,0,0,0,0,0,0,0,0,0,0,0,0,0,0,4,0,40.026,-75.167, , 
 ,24500,2017005275,6,67,67301,2016,12,6,1809,18,3,1,0,4,1, , ,N,5,2,8,3,0,0,2,2,N,N,39 57:28.586,75 09:50.892,1817, ,1812, ,0, ,N, ,3, , , , , ,254036, , , ,2,1,0,0,0,0,1,0,0,0,0,0,0,0,0,0,0,0,0,0,0,1,0,0,0,0,0,0,0,0,0,0,0,0,0,0,0,39.9578,-75.1632, , 
 ,24501,2017007820,6,67,67301,2016,12,3,1052,10,1,1,0,5,6, , ,N,0,0,0,3,0,1,2,2,N, ,39 57:16.858,75 11:40.370,1058, ,1054, ,0, , , ,0, , , , , ,254038, , , ,2,0,0,1,0,1,0,0,0,0,0,1,1,0,0,0,0,0,0,0,0,0,0,1,0,0,0,0,0,0,0,0,0,0,0,4,2,39.9547,-75.1945, , 
 ,24502,2017007804,6,67,67301,2016,12,7,2330,23,3,1,0,4,1, , ,N,1,3,0,3,0,2,3,2,N, ,39 55:43.431,75 10:49.857,2347, ,2336, ,0, , , ,3, , , , , ,254039, , , ,2,1,0,0,0,0,1,0,0,0,0,2,2,0,0,0,0,0,0,0,0,0,0,1,0,0,0,0,0,0,0,0,0,0,0,4,0,39.9287,-75.1805, , 
 ,24503,2017023820,6,67,67301,2016,12,3,1800,18,3,2,1,1,1, , ,N,0,0,0,3,0,1,4,2,N,N,40 02:17.704,75 10:36.483,0, ,0, ,0, ,N, ,0, , , , , ,254041, , , ,2,1,0,0,0,0,1,0,0,0,0,0,1,1,0,0,0,0,0,0,0,0,0,1,0,0,0,0,0,0,0,0,0,0,0,8,0,40.0383,-75.1768, , 
 ,24504,2016105885,6,67,67301,2016,9,5,800,8,1,1,0,5,1, , ,N,0,0,0,3,0,1,2,2,N, ,39 56:59.469,75 12:03.100,9999, ,9999, ,0, , , ,0, , , , , ,254058, , , ,2,2,0,0,0,0,0,0,0,0,0,1,1,0,0,0,0,0,0,0,1,0,0,0,0,0,0,0,0,0,0,0,0,0,0,4,0,39.9499,-75.2009, , 
 ,24505,2017018513,6,67,67301,2016,6,3,2330,23,3,1,0,4,1, , ,N,1,3,0,3,0,2,3,2,N,N,40 02:41.737,75 10:12.385,0, ,0, ,0, ,N, ,3, , , , , ,254071, , , ,2,1,0,0,0,0,0,0,0,2,0,0,2,0,0,0,0,0,0,0,0,0,0,0,0,0,0,1,0,0,0,0,0,0,0,2,0,40.0449,-75.1701, , 
 ,24506,2016120529,6,67,67301,2016,10,7,1845,18,3,1,0,8,1, , ,N,0,0,0,3,0,1,2,2,N, ,39 56:22.545,75 13:23.027,1850, ,1845, ,0, , , ,0, , , , , ,254075, , , ,1,1,0,0,0,0,0,0,0,0,0,1,1,0,0,0,0,0,0,0,0,0,0,0,0,0,0,0,0,0,0,0,1,0,0,4,0,39.9396,-75.2231, , 
 ,24507,2016126044,6,67,67301,2016,11,4,1400,14,1,1,0,4,1, , ,N,1,2,1,3,0,1,2,2,N,N,39 58:48.450,75 07:59.483,1905, ,1900, ,0, , , ,3, , , , , ,254078, , , ,1,1,0,0,0,0,0,0,1,0,0,1,1,0,1,0,0,0,0,0,0,0,0,0,0,0,0,0,0,0,0,0,0,0,0,4,0,39.9801,-75.1332, , 
 ,24508,2016135286,6,67,67301,2016,12,7,2331,23,3,1,1,1,1, , ,N,0,0,0,3,0,1,3,2,N,N,39 55:18.330,75 11:25.718,0, ,2340,1,2,4, , ,0,N, , , , ,254099, , , ,2,2,0,0,0,0,0,0,0,0,0,0,1,1,0,0,0,0,0,0,0,0,0,0,0,0,0,0,0,0,0,0,0,0,0,8,0,39.9218,-75.1905, , 
 ,24509,2017005224,6,67,67301,2016,12,5,1500,15,1,1,0,4,1, , ,N,2,2,0,3,0,1,4,2,N,N,39 56:45.344,75 09:22.870,1528, ,1519,2,1,4, , ,3,N, , , , ,254102, , , ,2,1,0,0,0,0,0,1,0,0,0,1,1,0,0,0,0,0,0,0,0,0,0,0,0,0,0,0,0,0,0,0,0,0,0,4,0,39.9459,-75.1564, , 
 ,24510,2016126135,6,67,67301,2016,11,6,1200,12,1,1,0,4,1, , ,N,1,2,0,3,0,1,3,2,N,N,39 58:01.549,75 09:43.675,1220, ,1212, ,0, ,N, ,3, , , , , ,254108, , , ,2,1,0,0,0,0,1,0,0,0,0,1,1,0,0,0,0,0,0,0,0,0,0,0,0,0,0,0,0,0,0,0,0,0,0,4,0,39.9671,-75.1621, , 
 ,24511,2016128732,6,67,67301,2016,12,2,706,7,1,2,1,1,1, , ,N,0,0,0,3,0,3,5,2,Y,N,39 56:53.836,75 11:11.900,750, ,709, ,0, , , ,0, , , , , ,254122, , , ,2,0,0,2,0,0,0,0,0,0,0,0,3,3,0,0,0,0,0,0,1,0,0,0,0,0,0,0,0,0,0,0,0,0,0,8,2,39.9483,-75.1866, , 
 ,24512,2016097051,6,67,67301,2016,8,7,1810,18,1,1,0,4,1, , ,N,1,2,0,3,0,3,4,2,N,N,40 02:00.085,75 03:59.408,1822, ,1817, ,0, , , ,3, , , , , ,257267, , , ,2,0,0,0,0,0,2,0,0,2,0,0,3,1,0,0,0,0,0,0,0,0,0,0,0,0,0,1,0,0,0,0,0,0,0,2,0,40.0334,-75.0665, , 
 ,24513,2016112195,6,67,67301,2016,10,1,2045,20,3,1,0,4,1, , ,N,1,2,0,3,0,1,2,2,N,N,39 59:45.571,75 05:31.702,2055, ,2052,2,1,5, , ,3,Y, , , , ,257283, , , ,2,1,1,0,0,0,0,0,0,0,1,0,1,0,0,0,0,0,0,0,1,0,0,0,0,0,0,0,0,0,0,0,0,0,0,3,0,39.9959,-75.0921, , 
 ,24514,2016135715,6,67,67301,2016,12,5,2205,22,3,1,0,4,1, , ,N,1,2,0,3,0,1,2,2,N,N,40 04:40.775,75 01:25.271,2213, ,2205, ,0, ,N, ,3, , , , , ,257293, , , ,2,2,0,0,0,0,0,0,0,0,0,0,1,1,1,0,0,0,0,0,1,0,0,0,0,0,0,0,0,0,0,0,0,0,0,8,0,40.078,-75.0237, , 
 ,24515,2016082435,6,67,67301,2016,7,1,1944,19,1,1,0,1,1, , ,N,0,0,0,3,0,1,3,2,N,N,39 56:54.063,75 11:09.318,1953, ,1947,1,2,4, , ,0,N, , , , ,257298, , , ,2,2,0,0,0,0,0,0,0,0,1,0,1,0,0,0,0,0,0,0,0,0,0,0,0,0,0,0,0,0,0,0,0,0,0,3,0,39.9484,-75.1859, , 
 ,24516,2016086401,6,67,67301,2016,8,5,1459,14,1,1,0,5,2, , ,N,0,0,0,3,0,1,6,4,N,N,39 53:55.628,75 10:21.774,1515, ,1500,2,1,1, , ,0,N, , , , ,257300, , , ,4,2,0,0,1,0,1,0,0,0,1,0,1,0,0,0,0,0,0,0,0,0,0,0,0,0,0,0,0,0,0,0,0,0,0,3,0,39.8988,-75.1727, , 
 ,24517,2016091929,6,67,67301,2016,9,7,545,5,3,1,0,1,1, , ,N,6,0,8,3,0,0,2,2,N,N,39 54:43.840,75 10:15.787,548, ,545,2,2,4,N, ,0,N, , , , ,257307, , , ,2,2,0,0,0,0,0,0,0,0,0,0,0,0,0,0,0,0,0,0,0,0,0,0,0,0,0,0,0,0,0,0,0,0,0,0,0,39.9122,-75.1711, , 