wz_ln_closure,objectid_1,crn,district,county,municipality,crash_year,crash_month,day_of_week,time_of_day,hour_of_day,illumination,weather,road_condition,collision_type,relation_to_road,work_zone_type,work_zone_loc,work_zone_ind,intersect_type,tcd_type,location_type,urban_rural,fatal_count,injury_count,person_count,total_units,sch_bus_ind,sch_zone_ind,latitude,longitude,arrival_tm,cons_zone_spd_lim,dispatch_tm,est_hrs_closed,lane_closed,ln_close_dir,ntfy_hiwy_maint,spec_juris_cd,tcd_func_cd,tfc_detour_ind,workers_pres,wz_close_detour,wz_flagger,wz_law_offcr_ind,objectid,wz_moving,wz_other,wz_shlder_mdn,vehicle_count,automobile_count,motorcycle_count,bus_count,small_truck_count,heavy_truck_count,suv_count,van_count,bicycle_count,maj_inj_count,mod_inj_count,min_inj_count,tot_inj_count,unk_inj_deg_count,unk_inj_per_count,driver_count_16yr,driver_count_17yr,driver_count_18yr,driver_count_19yr,driver_count_20yr,driver_count_50_64yr,driver_count_65_74yr,driver_count_75plus,unbelted_occ_count,unb_death_count,unb_maj_inj_count,belted_death_count,belted_maj_inj_count,mcycle_death_count,mcycle_maj_inj_count,bicycle_death_count,bicycle_maj_inj_count,ped_count,ped_death_count,ped_maj_inj_count,max_severity_level,comm_veh_count,dec_lat,dec_long,rdwy_surf_type_cd,county_name
 ,24584,2017003651,6,67,67301,2016,12,6,2220,22,3,1,0,5,6, , ,N,0,0,0,3,0,0,1,3,N,N,40 01:37.430,75 13:38.947,2323, ,2323, ,0, ,N, ,0, , , , , ,254372, , , ,3,2,0,0,0,0,1,0,0,0,0,0,0,0,0,0,0,0,0,0,0,0,0,1,0,0,0,0,0,0,0,0,0,0,0,0,0,40.0271,-75.2275, , 
 ,24585,2017007924,6,67,67301,2016,12,5,1942,19,3,1,0,4,1, , ,N,1,3,0,3,0,1,2,2,N,N,40 02:33.439,75 08:30.062,2023, ,2022, ,0, , , ,3, , , , , ,254386, , , ,2,1,0,0,0,0,1,0,0,0,0,1,1,0,1,0,0,0,0,0,0,0,0,2,0,0,0,0,0,0,0,0,0,0,0,4,0,40.0426,-75.1417, , 
 ,24586,2015044460,6,67,67301,2015,4,4,319,3,3,1,0,7,4, , ,N,0,0,0,3,0,1,1,1,N,N,39 58:49.617,75 12:20.750,325, ,320,1,2,3,N, ,0,N, , , , ,257469, , , ,1,0,0,0,0,0,1,0,0,0,0,0,1,1,0,0,0,0,0,0,0,0,0,0,0,0,0,0,0,0,0,0,0,0,0,8,0,39.9804,-75.2058, , 
 ,24587,2015056495,6,67,67301,2015,5,4,20,0,3,1,0,1,1, , ,N,1,2,0,3,0,0,3,2,N, ,40 01:16.956,75 08:54.571,210, ,200, ,0, , , ,3, , , , , ,257478, , , ,2,1,0,0,0,0,0,0,0,0,0,0,0,0,0,0,0,0,0,1,0,0,0,0,0,0,0,0,0,0,0,0,0,0,0,0,0,40.0214,-75.1485, , 
 ,24588,2015026463,6,67,67301,2015,2,5,1838,18,3,1,0,1,1, , ,N,0,0,0,3,0,0,6,2,N,N,39 57:09.320,75 08:29.363,1838, ,1838, ,0, ,N, ,0, , , , , ,257495, , , ,2,1,0,0,0,0,0,1,0,0,0,0,0,0,1,0,0,0,0,0,1,0,0,0,0,0,0,0,0,0,0,0,0,0,0,9,0,39.9526,-75.1415, , 
 ,24589,2015036605,6,67,67301,2015,3,5,1452,14,1,1,0,8,1, , ,N,0,2,0,3,0,2,2,2,N, ,40 00:46.517,75 08:08.408,1514, ,1510, ,0, , , ,3, , , , , ,257506, , , ,1,0,1,0,0,0,0,0,0,0,0,2,2,0,0,0,0,0,0,0,0,0,0,0,0,0,0,0,0,0,0,0,1,0,0,4,0,40.0129,-75.1357, , 
 ,24590,2015042777,6,67,67301,2015,4,7,1610,16,1,1,0,8,1, , ,N,1,2,0,3,0,1,2,2,N,N,39 57:13.102,75 11:55.145,1610, ,1610, ,0, , , ,3, , , , , ,257511, , , ,1,1,0,0,0,0,0,0,0,0,0,1,1,0,0,0,0,0,0,0,0,0,0,0,0,0,0,0,0,0,0,0,1,0,0,4,0,39.9536,-75.1986, , 
 ,24591,2015043217,6,67,67301,2015,4,4,410,4,3,1,0,1,6, , ,N,0,0,0,3,0,0,1,2,N,N,39 58:23.077,75 15:44.964,426, ,421, ,0, ,N, ,0, , , , , ,257512, , , ,2,1,0,0,1,0,0,0,0,0,0,0,0,0,1,0,0,0,0,0,0,0,0,0,0,0,0,0,0,0,0,0,0,0,0,9,0,39.9731,-75.2625, , 
 ,24592,2015047541,6,67,67301,2015,4,4,1545,15,1,1,0,1,1, , ,N,0,0,0,3,0,2,5,4,N, ,40 06:15.966,75 01:53.731,1556, ,1552, ,0, , , ,0, , , , , ,257515, , , ,4,2,0,0,0,0,2,0,0,0,0,0,2,2,0,0,0,0,0,0,1,0,0,0,0,0,0,0,0,0,0,0,0,0,0,8,0,40.1044,-75.0316, , 
 ,24593,2015020720,6,67,67301,2015,2,1,1304,13,1,1,0,5,6, , ,N,3,0,0,3,0,0,1,2,N,N,39 59:04.357,75 07:28.695,1306, ,1304, ,0, , , ,0, , , , , ,257544, , , ,2,2,0,0,0,0,0,0,0,0,0,0,0,0,0,0,0,0,0,0,0,0,0,0,0,0,0,0,0,0,0,0,0,0,0,0,0,39.9845,-75.1246, , 
 ,24594,2015021889,6,67,67301,2015,1,4,1740,17,3,1,1,8,1, , ,N,1,2,0,3,0,1,2,2,N,N,39 59:25.750,75 14:57.164,1752, ,1743, ,0, ,N, ,3, , , , , ,257547, , , ,1,1,0,0,0,0,0,0,0,0,0,0,1,1,0,0,0,0,0,0,0,0,0,0,0,0,0,0,0,0,0,0,1,0,0,8,0,39.9905,-75.2492, , 
 ,24595,2015027417,6,67,67301,2015,3,3,1742,17,1,3,1,5,1, , ,N,0,0,3,3,0,0,2,2,N,N,39 54:55.661,75 11:24.456,1746, ,1742, ,0, ,N, ,0, , , , , ,257551, , , ,2,1,0,0,0,1,0,0,0,0,0,0,0,0,0,0,0,0,0,0,1,0,0,0,0,0,0,0,0,0,0,0,0,0,0,0,1,39.9155,-75.1901, , 
 ,24596,2015028868,6,67,67301,2015,2,3,1615,16,1,1,0,8,1, , ,N,1,3,0,3,0,1,2,2,N,N,40 01:51.186,75 06:23.493,852, ,852, ,0, , , ,3, , , , , ,257600, , , ,1,0,0,0,0,0,1,0,0,0,1,0,1,0,0,0,0,0,0,0,0,0,0,0,0,0,0,0,0,0,0,0,1,0,0,3,0,40.0309,-75.1065, , 
 ,24597,2015031047,6,67,67301,2015,2,6,1730,17,1,8,0,8,1, , ,N,0,0,0,3,0,1,2,2,N,N,39 56:20.725,75 11:32.995,1800, ,1730, ,0, ,N, ,0, , , , , ,257605, , , ,1,0,0,0,0,0,1,0,0,0,0,1,1,0,0,0,0,0,0,0,0,0,0,0,0,0,0,0,0,0,0,0,1,0,0,4,0,39.9391,-75.1925, , 
 ,24598,2015038226,6,67,67301,2015,3,4,227,2,3,1,0,1,1, , ,N,0,0,0,3,0,1,1,2,N,N,39 55:54.991,75 11:59.930,227, ,227,2,2,3,N, ,0,N, , , , ,257613, , , ,2,2,0,0,0,0,0,0,0,0,0,0,1,1,0,0,0,0,0,0,1,0,0,1,0,0,0,0,0,0,0,0,0,0,0,8,0,39.9319,-75.2, , 
 ,24599,2015042859,6,67,67301,2015,3,2,745,7,1,1,0,4,1, , ,N,1,2,0,3,0,1,2,2,N,N,40 01:43.284,75 07:03.795,948, ,942, ,0, ,N, ,3, , , , , ,257618, , , ,2,1,0,0,0,0,1,0,0,0,0,1,1,0,0,0,0,0,0,0,1,0,0,0,0,0,0,0,0,0,0,0,0,0,0,4,0,40.0287,-75.1177, , 
 ,24600,2015049161,6,67,67301,2015,4,7,1949,19,3,1,0,4,1, , ,N,1,2,0,3,0,1,2,2,N,N,39 58:13.464,75 08:47.335,1959, ,1955, ,0, ,N, ,3, , , , , ,257662, , , ,2,1,0,0,0,0,1,0,0,0,1,0,1,0,0,0,0,0,0,0,0,0,0,0,0,0,0,0,0,0,0,0,0,0,0,3,0,39.9703,-75.1466, , 
 ,24601,2015040942,6,67,67301,2015,3,7,1255,12,1,1,0,4,1, , ,N,1,2,0,3,0,2,4,2,N,N,39 57:06.275,75 09:29.915,1330, ,1328, ,0, ,N, ,3, , , , , ,257699, , , ,2,0,0,1,0,0,0,0,0,0,0,1,2,1,0,0,0,0,0,0,0,0,0,0,0,0,0,0,0,0,0,0,0,0,0,4,1,39.9517,-75.1582, , 
 ,24602,2015045551,6,67,67301,2015,4,6,2232,22,2,1,0,0,4, , ,N,0,0,0,3,0,1,1,1,N,N,39 53:09.434,75 12:36.535,2301, ,2253, ,0, ,N, ,0, , , , , ,257704, , , ,1,1,0,0,0,0,0,0,0,0,1,0,1,0,0,0,0,0,0,0,0,0,0,1,0,0,0,0,0,0,0,0,0,0,0,3,0,39.886,-75.2101, , 
 ,24603,2015047558,6,67,67301,2015,4,2,300,3,3,1,0,1,1, , ,N,1,2,0,3,0,6,15,2,N,N,39 58:33.009,75 09:30.309,304, ,304,1,1,1,N, ,3,N, , , , ,257707, , , ,2,1,0,1,0,0,0,0,0,0,0,0,6,6,0,0,0,0,0,1,1,0,0,0,0,0,0,0,0,0,0,0,0,0,0,8,1,39.9758,-75.1584, , 
 ,24604,2015032724,6,67,67301,2015,3,1,217,2,3,1,1,7,2, , ,N,0,0,0,3,0,0,2,1,N,N,39 55:55.935,75 12:00.343,227, ,219,3,2,3,N, ,0,N, , , , ,262074, , , ,1,1,0,0,0,0,0,0,0,0,0,0,0,0,0,0,0,0,0,0,0,0,0,0,0,0,0,0,0,0,0,0,0,0,0,0,0,39.9322,-75.2001, , 
 ,24605,2015033749,6,67,67301,2015,2,7,1534,15,1,1,0,1,1, , ,N,0,2,0,3,0,4,8,4,N, ,39 57:24.981,75 14:41.832,1549, ,1539, ,0, , , ,3, , , , , ,262076, , , ,4,4,0,0,0,0,0,0,0,0,0,1,4,3,0,0,0,0,0,0,0,0,0,1,0,0,0,0,0,0,0,0,0,0,0,4,0,39.9569,-75.245, , 
 ,24606,2015053963,6,67,67301,2015,5,3,1430,14,1,1,0,1,1, , ,N,5,2,1,3,0,1,2,2,N,N,39 59:52.195,75 06:39.459,857, ,857, ,0, ,N, ,3, , , , , ,262091, , , ,2,0,0,0,0,0,0,2,0,0,0,0,1,1,0,0,0,0,0,0,0,0,0,0,0,0,0,0,0,0,0,0,0,0,0,8,0,39.9978,-75.111, , 
 ,24607,2015054822,6,67,67301,2015,5,4,1340,13,1,1,0,0,1, , ,N,0,0,0,3,0,0,1,1,N,N,39 54:43.811,75 08:55.472,1457, ,1343, ,0, ,N, ,0, , , , , ,262095, , , ,1,0,0,0,0,0,0,1,0,0,0,0,0,0,0,0,0,0,0,0,1,0,0,0,0,0,0,0,0,0,0,0,0,0,0,0,0,39.9122,-75.1487, , 
 ,24608,2015056649,6,67,67301,2015,5,6,1506,15,1,1,0,1,1, , ,N,0,0,0,3,0,0,2,2,N,N,39 57:34.366,75 10:34.321,1537, ,1510, ,0, ,Y, ,0, , , , , ,262097, , , ,2,1,0,0,0,0,1,0,0,0,0,0,0,0,0,0,0,0,0,0,1,0,0,0,0,0,0,0,0,0,0,0,0,0,0,0,0,39.9595,-75.1762, , 
 ,24609,2015083378,6,67,67301,2015,7,4,135,1,3,1,0,5,6, , ,N,0,3,0,3,0,0,1,3,N,N,39 57:38.198,75 10:13.069,137, ,137, ,0, , , ,3, , , , , ,262123, , , ,3,3,0,0,0,0,0,0,0,0,0,0,0,0,0,0,0,0,0,0,0,0,0,0,0,0,0,0,0,0,0,0,0,0,0,0,0,39.9606,-75.1703, , 
 ,24610,2015085254,6,67,67301,2015,8,5,1900,19,1,1,0,4,1, , ,N,1,3,0,3,0,0,4,2,N,N,39 58:09.631,75 08:35.678,2018, ,2013, ,0, ,N, ,3, , , , , ,262127, , , ,2,2,0,0,0,0,0,0,0,0,0,0,0,0,0,0,0,1,0,0,0,0,0,0,0,0,0,0,0,0,0,0,0,0,0,0,0,39.9693,-75.1432, , 
 ,24611,2015092946,6,67,67301,2015,8,2,1245,12,1,1,0,3,6, , ,N,0,0,0,3,0,1,2,2,N, ,39 58:02.106,75 07:47.061,1253, ,1250, ,0, , , ,0, , , , , ,262137, , , ,2,1,0,0,0,0,1,0,0,0,0,1,1,0,0,0,0,0,0,0,0,0,1,0,0,0,0,0,0,0,0,0,0,0,0,4,0,39.9673,-75.1297, , 
 ,24612,2015025040,6,67,67301,2015,2,3,2357,23,3,1,0,7,4, , ,N,1,2,0,3,0,1,1,1,N, ,40 03:20.842,75 10:34.267,2359, ,2359, ,0, ,Y, ,3, , , , , ,262164, , , ,1,1,0,0,0,0,0,0,0,0,0,1,1,0,0,0,0,0,0,0,1,0,0,0,0,0,0,0,0,0,0,0,0,0,0,4,0,40.0558,-75.1762, , 
U,24613,2015036584,6,67,67301,2015,3,6,400,4,3,1,0,7,2,8,8,Y,0,0,0,3,0,1,2,1,N,N,40 03:31.195,75 02:41.412,410,99,405,1,1,2,N, ,0,N,U,U,U,U,262174,U,U,U,1,1,0,0,0,0,0,0,0,0,0,1,1,0,1,0,0,0,0,0,0,0,0,0,0,0,0,0,0,0,0,0,0,0,0,4,0,40.0587,-75.0448, , 
 ,24614,2015042903,6,67,67301,2015,3,6,1425,14,1,1,0,1,1, , ,N,1,2,0,3,0,1,2,2,N, ,39 57:17.840,75 11:01.951,1435, ,1425, ,0, , , ,3, , , , , ,262177, , , ,2,2,0,0,0,0,0,0,0,0,0,1,1,0,0,0,0,0,0,0,1,0,0,0,0,0,0,0,0,0,0,0,0,0,0,4,0,39.955,-75.1838, , 
 ,24615,2015021887,6,67,67301,2015,2,2,1425,14,1,1,0,5,1, , ,N,0,0,0,3,0,3,5,2,N,N,39 57:03.442,75 09:52.919,1500, ,1450, ,0, ,N, ,0, , , , , ,262208, , , ,2,2,0,0,0,0,0,0,0,0,0,0,3,3,0,0,0,0,0,0,1,0,0,0,0,0,0,0,0,0,0,0,0,0,0,8,0,39.951,-75.1647, , 
 ,24616,2015025104,6,67,67301,2015,2,4,1520,15,1,1,0,4,1, , ,N,0,0,7,3,0,2,3,2,N,N,40 00:43.754,75 06:35.900,1623, ,1620, ,0, ,N, ,0, , , , , ,262211, , , ,2,1,0,0,0,0,1,0,0,0,0,0,2,2,0,0,0,0,0,0,0,0,0,0,0,0,0,0,0,0,0,0,0,0,0,8,0,40.0122,-75.11, , 
 ,24617,2015025151,6,67,67301,2015,1,5,2154,21,3,4,1,7,4, , ,N,0,0,0,3,0,1,1,1,N,N,39 58:11.818,75 08:53.709,2220, ,2204, ,0, ,N, ,0, , , , , ,262212, , , ,1,1,0,0,0,0,0,0,0,0,0,1,1,0,0,0,0,0,0,0,0,0,0,0,0,0,0,0,0,0,0,0,0,0,0,4,0,39.9699,-75.1483, , 
 ,24618,2015035178,6,67,67301,2015,3,3,835,8,1,1,0,1,6, , ,N,0,0,0,3,0,1,2,2,N,Y,40 03:31.119,75 03:32.385,846, ,837, ,0, ,N, ,0, , , , , ,262218, , , ,2,2,0,0,0,0,0,0,0,0,0,1,1,0,0,0,0,0,0,0,0,0,0,1,0,0,0,0,0,0,0,0,0,0,0,4,0,40.0586,-75.059, , 
 ,24619,2015036565,6,67,67301,2015,3,2,1400,14,1,1,0,4,1, , ,N,1,2,0,3,0,2,3,2,N,N,39 55:40.913,75 10:08.193,1405, ,1401,1,1,2, , ,3,N, , , , ,262219, , , ,2,2,0,0,0,0,0,0,0,0,0,2,2,0,0,0,0,0,0,0,0,0,0,0,0,0,0,0,0,0,0,0,0,0,0,4,0,39.9281,-75.1688, , 
 ,24620,2015042787,6,67,67301,2015,3,7,153,1,3,1,0,4,1, , ,N,5,2,2,3,0,1,2,2,N, ,39 57:27.542,75 09:44.544,205, ,202,3,2,1, , ,3,Y, , , , ,262224, , , ,2,1,1,0,0,0,0,0,0,1,0,0,1,0,0,0,0,0,0,0,0,0,0,0,0,0,0,0,0,1,0,0,0,0,0,2,0,39.9577,-75.1624, , 
 ,24621,2015052292,6,67,67301,2015,4,5,1030,10,1,1,0,8,4, , ,N,2,3,0,3,0,1,2,2,N,N,39 57:28.302,75 09:19.224,1105, ,1055, ,0, ,N, ,3, , , , , ,262231, , , ,1,1,0,0,0,0,0,0,0,0,0,1,1,0,0,0,0,0,0,0,0,0,0,0,0,0,0,0,0,0,0,0,1,0,0,4,0,39.9579,-75.1553, , 
 ,24622,2015009667,6,67,67301,2015,1,5,700,7,1,1,0,7,4, , ,N,0,0,0,3,0,0,1,1,N,N,39 55:04.849,75 12:37.458,830, ,828, ,0, ,N, ,0, , , , , ,262246, , , ,1,1,0,0,0,0,0,0,0,0,0,0,0,0,0,0,0,0,0,0,0,0,0,0,0,0,0,0,0,0,0,0,0,0,0,0,0,39.918,-75.2104, , 
 ,24623,2015045410,6,67,67301,2015,4,6,826,8,1,2,1,2,1, , ,N,0,0,0,3,0,0,4,4,N,N,39 59:31.816,75 11:41.151,829, ,826,3,2,5,N, ,0,Y, , , , ,264938, , , ,4,2,0,0,0,0,2,0,0,0,0,0,0,0,0,0,0,0,0,0,0,0,0,0,0,0,0,0,0,0,0,0,0,0,0,0,0,39.9922,-75.1948, , 
 ,24624,2015035304,6,67,67301,2015,3,7,349,3,3,2,6,1,1, , ,N,0,0,0,3,0,2,2,2,N,N,40 01:35.995,75 01:33.864,352, ,349,1,2,1,N, ,0,Y, , , , ,264972, , , ,2,2,0,0,0,0,0,0,0,0,1,1,2,0,0,0,0,0,0,0,0,0,0,0,0,0,0,0,0,0,0,0,0,0,0,3,0,40.0267,-75.0261, , 
 ,24625,2015020751,6,67,67301,2015,2,4,820,8,1,1,0,8,1, , ,N,1,0,0,3,0,1,2,2,N,N,40 02:04.999,75 07:51.139,825, ,820, ,0, ,N, ,0, , , , , ,264999, , , ,1,0,0,0,0,0,1,0,0,0,0,1,1,0,0,0,0,0,0,0,1,0,0,0,0,0,0,0,0,0,0,0,1,0,0,4,0,40.0347,-75.1309, , 
 ,24626,2015031045,6,67,67301,2015,3,1,310,3,3,1,0,1,6, , ,N,0,0,0,3,0,1,1,4,N,N,40 03:09.802,75 10:43.811,320, ,314,2,1,4,N, ,0,N, , , , ,265010, , , ,4,4,0,0,0,0,0,0,0,0,0,1,1,0,0,0,0,0,0,0,0,0,0,0,0,0,0,0,0,0,0,0,0,0,0,4,0,40.0527,-75.1788, , 
 ,24627,2015043210,6,67,67301,2015,3,4,1458,14,1,1,1,1,1, , ,N,0,0,0,3,0,2,4,3,N,N,40 01:41.835,75 06:33.430,1505, ,1459,1,1,2,N, ,0,N, , , , ,265022, , , ,3,1,0,0,0,0,2,0,0,0,0,2,2,0,0,0,0,0,0,0,0,1,1,0,0,0,0,0,0,0,0,0,0,0,0,4,0,40.0283,-75.1093, , 
 ,24628,2015044448,6,67,67301,2015,3,1,1313,13,1,1,0,1,1, , ,N,0,0,0,3,0,0,5,2,N,N,39 57:10.581,75 08:23.771,1336, ,1325, ,0, ,N, ,0, , , , , ,265024, , , ,2,0,0,0,0,0,2,0,0,0,0,0,0,0,0,0,0,0,0,0,0,0,0,0,0,0,0,0,0,0,0,0,0,0,0,0,0,39.9529,-75.1399, , 
 ,24629,2015049021,6,67,67301,2015,4,7,612,6,3,1,0,5,6, , ,N,0,0,0,3,0,0,1,2,N,N,40 00:33.068,75 10:05.837,640, ,638, ,0, , , ,0, , , , , ,265033, , , ,2,2,0,0,0,0,0,0,0,0,0,0,0,0,0,0,0,0,0,0,0,0,0,0,0,0,0,0,0,0,0,0,0,0,0,0,0,40.0092,-75.1683, , 
 ,24630,2015020688,6,67,67301,2015,1,3,1348,13,1,4,3,8,1, , ,N,1,2,0,3,0,1,2,2,N, ,39 56:08.275,75 13:33.130,1916, ,1909, ,0, , , ,3, , , , , ,265050, , , ,1,1,0,0,0,0,0,0,0,0,1,0,1,0,0,0,0,0,0,0,0,0,0,0,0,0,0,0,0,0,0,0,1,0,0,3,0,39.9356,-75.2259, , 
 ,24631,2015049016,6,67,67301,2015,4,1,1444,14,1,1,0,8,1, , ,N,0,0,0,3,0,1,2,2,N,N,40 00:41.013,75 09:49.209,1447, ,1446,9,1,3,N, ,0,N, , , , ,265071, , , ,1,1,0,0,0,0,0,0,0,0,0,1,1,0,0,0,0,0,0,0,0,0,0,0,0,0,0,0,0,0,0,0,1,0,0,4,0,40.0114,-75.1637, , 
 ,24632,2015021923,6,67,67301,2015,2,5,1625,16,1,1,0,4,1, , ,N,1,2,0,3,0,2,3,2,N, ,40 03:54.737,75 10:31.167,1635, ,1632, ,0, , , ,3, , , , , ,265097, , , ,2,2,0,0,0,0,0,0,0,0,0,0,2,2,0,0,0,0,0,0,0,0,1,0,0,0,0,0,0,0,0,0,0,0,0,8,0,40.0652,-75.1753, , 
 ,24633,2015031011,6,67,67301,2015,2,1,507,5,3,4,5,1,1, , ,N,0,0,0,3,0,1,3,2,N, ,39 56:46.867,75 14:04.423,542, ,540, ,0, , , ,0, , , , , ,265105, , , ,2,2,0,0,0,0,0,0,0,0,0,0,1,1,0,0,0,0,0,0,0,0,0,0,0,0,0,0,0,0,0,0,0,0,0,8,0,39.9464,-75.2346, , 
 ,24634,2015042853,6,67,67301,2015,4,7,1600,16,1,1,0,5,1, , ,N,0,0,0,3,0,2,5,2,N, ,39 56:16.296,75 11:48.620,9999, ,9999, ,0, , , ,0, , , , , ,265113, , , ,2,1,0,0,0,0,0,1,0,0,0,2,2,0,0,0,0,0,0,0,0,0,0,0,0,0,0,0,0,0,0,0,0,0,0,4,0,39.9379,-75.1968, , 
 ,24635,2015054361,6,67,67301,2015,5,7,400,4,3,1,0,4,1, , ,N,5,2,0,3,0,3,5,2,N,N,39 57:42.623,75 09:27.136,405, ,400,2,2,5,N, ,3,Y, , , , ,265118, , , ,2,2,0,0,0,0,0,0,0,0,0,3,3,0,0,0,0,0,0,0,0,0,0,0,0,0,0,0,0,0,0,0,0,0,0,4,0,39.9617,-75.1575, , 
 ,24636,2015063853,6,67,67301,2015,6,4,2208,22,3,1,0,8,1, , ,N,1,3,0,3,0,1,2,2,N,N,40 01:08.104,75 06:59.115,2213, ,2210, ,0, ,N, ,3, , , , , ,265129, , , ,1,0,0,0,0,0,1,0,0,0,0,0,1,1,0,0,0,0,0,0,0,0,0,0,0,0,0,0,0,0,0,0,1,0,0,8,0,40.0189,-75.1164, , 
 ,24637,2015006093,6,67,67301,2015,1,1,1820,18,2,1,1,1,1, , ,N,0,0,0,3,0,2,4,2,N,N,40 05:21.577,75 01:14.125,1821, ,1821,2,1,2,N, ,0,N, , , , ,265134, , , ,2,0,0,0,0,0,2,0,0,0,0,0,2,2,0,0,0,0,0,0,0,1,0,0,0,0,0,0,0,0,0,0,0,0,0,8,0,40.0892,-75.0207, , 
 ,24638,2015020847,6,67,67301,2015,1,7,856,8,1,1,0,8,1, , ,N,1,2,0,3,0,1,2,2,N,N,40 01:32.829,75 07:58.227,920, ,856, ,0, ,N, ,3, , , , , ,265151, , , ,1,0,0,0,0,0,1,0,0,0,0,0,1,1,0,0,0,0,0,0,0,0,0,0,0,0,0,0,0,0,0,0,1,0,0,8,0,40.0258,-75.1328, , 
 ,24639,2015032714,6,67,67301,2015,2,1,635,6,1,1,4,7,4, , ,N,0,0,0,3,0,0,1,1,N,N,40 02:58.225,74 59:40.166,648, ,640, ,0, ,Y, ,0, , , , , ,265159, , , ,1,0,0,0,0,0,1,0,0,0,0,0,0,0,0,0,0,0,0,0,0,0,0,0,0,0,0,0,0,0,0,0,0,0,0,0,0,40.0495,-74.9945, , 
 ,24640,2015047607,6,67,67301,2015,4,7,1400,14,1,1,0,1,6, , ,N,0,0,0,3,0,2,4,2,N, ,40 03:24.352,75 10:01.147,1555, ,1550, ,0, , , ,0, , , , , ,265166, , , ,2,1,0,0,0,0,1,0,0,0,0,2,2,0,0,0,0,0,0,0,0,0,0,0,0,0,0,0,0,0,0,0,0,0,0,4,0,40.0568,-75.167, , 
 ,24641,2015049656,6,67,67301,2015,4,7,30,0,3,1,0,5,1, , ,N,0,0,0,3,0,0,3,2,N,N,39 56:53.836,75 11:11.900,49, ,32, ,0, ,N, ,0, , , , , ,265170, , , ,2,2,0,0,0,0,0,0,0,0,0,0,0,0,1,0,0,0,0,0,0,0,0,0,0,0,0,0,0,0,0,0,0,0,0,9,0,39.9483,-75.1866, , 
 ,24642,2016080146,6,67,67301,2016,7,7,109,1,3,2,1,6,1, , ,N,0,0,0,3,0,0,2,3,N,N,40 01:41.797,75 07:56.503,200, ,153, ,0, , , ,0, , , , , ,254401, , , ,3,2,0,0,0,0,1,0,0,0,0,0,0,0,0,0,0,0,0,0,0,0,0,1,0,0,0,0,0,0,0,0,0,0,0,0,0,40.0283,-75.1324, , 
 ,24643,2016080154,6,67,67301,2016,7,4,1319,13,1,2,1,4,1, , ,N,1,2,0,3,0,0,3,2,N,N,39 59:18.582,75 09:38.617,1320, ,1319, ,0, ,N, ,3, , , , , ,254402, , , ,2,2,0,0,0,0,0,0,0,0,0,0,0,0,0,0,0,0,0,0,0,0,0,0,0,0,0,0,0,0,0,0,0,0,0,0,0,39.9885,-75.1607, , 
 ,24644,2016051897,6,67,67301,2016,5,2,533,5,5,1,0,1,1, , ,N,0,0,0,3,0,0,2,2,N,N,40 01:12.269,75 02:39.351,545, ,543,1,1,2, , ,0,N, , , , ,254426, , , ,2,2,0,0,0,0,0,0,0,0,0,0,0,0,0,0,0,0,0,0,1,0,0,0,0,0,0,0,0,0,0,0,0,0,0,0,0,40.0201,-75.0443, , 
 ,24645,2016088616,6,67,67301,2016,8,5,1910,19,1,1,2,0,1, , ,N,0,0,2,3,0,1,1,1,N,N,40 06:25.378,74 59:41.741,1918, ,1916, ,0, ,N, ,0, , , , , ,254462, , , ,1,0,1,0,0,0,0,0,0,0,0,0,1,1,0,0,0,0,0,0,1,0,0,0,0,0,0,0,0,0,0,0,0,0,0,8,0,40.107,-74.9949, , 
 ,24646,2016099527,6,67,67301,2016,9,7,400,4,3,1,0,8,1, , ,N,1,2,0,3,0,1,2,2,N,N,40 00:29.434,75 08:33.954,425, ,407, ,0, , , ,3, , , , , ,254466, , , ,1,1,0,0,0,0,0,0,0,0,0,1,1,0,0,0,0,0,0,0,0,0,0,1,0,0,0,0,0,0,0,0,1,0,0,4,0,40.0082,-75.1427, , 
 ,24647,2016135775,6,67,67301,2016,12,2,925,9,1,2,1,4,1, , ,N,2,3,0,3,0,3,7,3,N, ,40 01:33.535,75 03:17.341,927, ,925,2,2,1, , ,3,Y, , , , ,254512, , , ,3,1,0,0,0,0,2,0,0,0,0,3,3,0,0,0,0,0,0,0,1,0,0,0,0,0,0,0,0,0,0,0,0,0,0,4,0,40.026,-75.0548, , 
 ,24648,2016099561,6,67,67301,2016,9,6,1430,14,1,1,0,5,6, , ,N,0,0,0,3,0,1,1,4,N,N,39 59:48.801,75 09:00.138,1655, ,1625, ,0, ,N, ,0, , , , , ,254521, , , ,4,3,0,0,0,0,1,0,0,0,0,1,1,0,0,0,0,0,0,0,0,0,0,0,0,0,0,0,0,0,0,0,0,0,0,4,0,39.9969,-75.15, , 
 ,24649,2017007854,6,67,67301,2016,12,6,2253,22,3,1,0,1,1, , ,N,0,0,0,3,0,2,2,2,N, ,40 01:13.248,75 09:10.541,2257, ,2254, ,0, ,N, ,0, , , , , ,254584, , , ,2,1,0,0,0,0,1,0,0,0,0,0,2,2,0,0,0,0,0,0,1,0,0,0,0,0,0,0,0,0,0,0,0,0,0,8,0,40.0203,-75.1529, , 
 ,24650,2017023521,6,67,67301,2016,12,7,200,2,3,1,0,1,1, , ,N,3,2,0,3,0,1,2,2,N,N,39 58:21.476,75 13:03.992,0, ,0, ,0, ,N, ,3, , , , , ,254589, , , ,2,0,0,0,1,0,1,0,0,0,1,0,1,0,0,0,0,0,0,0,0,0,0,1,0,0,0,0,0,0,0,0,0,0,0,3,0,39.9726,-75.2178, , 