wz_ln_closure,objectid_1,crn,district,county,municipality,crash_year,crash_month,day_of_week,time_of_day,hour_of_day,illumination,weather,road_condition,collision_type,relation_to_road,work_zone_type,work_zone_loc,work_zone_ind,intersect_type,tcd_type,location_type,urban_rural,fatal_count,injury_count,person_count,total_units,sch_bus_ind,sch_zone_ind,latitude,longitude,arrival_tm,cons_zone_spd_lim,dispatch_tm,est_hrs_closed,lane_closed,ln_close_dir,ntfy_hiwy_maint,spec_juris_cd,tcd_func_cd,tfc_detour_ind,workers_pres,wz_close_detour,wz_flagger,wz_law_offcr_ind,objectid,wz_moving,wz_other,wz_shlder_mdn,vehicle_count,automobile_count,motorcycle_count,bus_count,small_truck_count,heavy_truck_count,suv_count,van_count,bicycle_count,maj_inj_count,mod_inj_count,min_inj_count,tot_inj_count,unk_inj_deg_count,unk_inj_per_count,driver_count_16yr,driver_count_17yr,driver_count_18yr,driver_count_19yr,driver_count_20yr,driver_count_50_64yr,driver_count_65_74yr,driver_count_75plus,unbelted_occ_count,unb_death_count,unb_maj_inj_count,belted_death_count,belted_maj_inj_count,mcycle_death_count,mcycle_maj_inj_count,bicycle_death_count,bicycle_maj_inj_count,ped_count,ped_death_count,ped_maj_inj_count,max_severity_level,comm_veh_count,dec_lat,dec_long,rdwy_surf_type_cd,county_name
 ,24651,2016041058,6,67,67301,2016,4,5,1450,14,1,1,0,1,1, , ,N,0,0,0,3,0,1,2,2,N,N,40 06:21.988,74 59:40.096,1457, ,1455,1,1,4,N, ,0,N, , , , ,254592, , , ,2,2,0,0,0,0,0,0,0,0,1,0,1,0,0,0,0,0,0,0,2,0,0,0,0,0,0,0,0,0,0,0,0,0,0,3,0,40.1061,-74.9945, , 
 ,24652,2016046986,6,67,67301,2016,4,3,1730,17,1,1,0,4,1, , ,N,1,0,0,3,0,1,2,2,N,N,39 57:31.363,75 09:43.712,1745, ,1745,3,2,2,N, ,0,N, , , , ,254596, , , ,2,2,0,0,0,0,0,0,0,0,0,0,1,1,0,0,0,0,0,0,0,0,0,1,0,0,0,0,0,0,0,0,0,0,0,8,0,39.9587,-75.1621, , 
 ,24653,2016052148,6,67,67301,2016,2,4,850,8,1,1,0,5,1, , ,N,0,0,0,3,0,1,2,2,N,N,39 59:28.091,75 09:18.728,0, ,0, ,0, ,N, ,0, , , , , ,254599, , , ,2,0,0,0,0,0,0,2,0,1,0,0,1,0,0,0,0,0,0,0,1,0,0,1,0,0,0,1,0,0,0,0,0,0,0,2,0,39.9911,-75.1552, , 
 ,24654,2016063992,6,67,67301,2016,6,4,1300,13,1,1,0,1,1, , ,N,1,2,0,3,0,0,4,4,N,N,39 59:18.582,75 09:38.617,1310, ,1305, ,0, , , ,3, , , , , ,254609, , , ,4,3,0,0,0,0,1,0,0,0,0,0,0,0,0,0,0,0,0,0,1,0,0,2,0,0,0,0,0,0,0,0,0,0,0,0,0,39.9885,-75.1607, , 
 ,24655,2017001407,6,67,67301,2016,12,2,1433,14,1,1,0,1,1, , ,N,0,0,0,3,0,0,22,6,N,N,39 59:01.466,75 05:50.823,1445, ,1436,1,1,2, , ,0,N, , , , ,254618, , , ,6,3,0,0,0,0,1,2,0,0,0,0,0,0,0,0,0,0,0,0,0,1,0,0,0,0,0,0,0,0,0,0,0,0,0,0,0,39.9837,-75.0975, , 
 ,24656,2016080816,6,67,67301,2016,7,3,1126,11,1,1,0,4,1, , ,N,1,2,0,3,0,1,3,2,N,N,39 58:20.220,75 09:56.891,1156, ,1156, ,0, ,N, ,3, , , , , ,254623, , , ,2,2,0,0,0,0,0,0,0,0,0,0,1,1,0,0,0,0,0,0,0,1,0,0,0,0,0,0,0,0,0,0,0,0,0,8,0,39.9723,-75.1658, , 
 ,24657,2016080435,6,67,67301,2016,7,2,1420,14,1,1,0,4,1, , ,N,1,2,0,3,0,6,6,2,N, ,40 03:02.097,75 08:31.585,1630, ,1619, ,0, , , ,3, , , , , ,254625, , , ,2,1,0,0,0,0,1,0,0,0,0,0,6,6,0,0,0,1,0,0,0,0,0,0,0,0,0,0,0,0,0,0,0,0,0,8,0,40.0506,-75.1421, , 
 ,24658,2016105119,6,67,67301,2016,9,6,133,1,3,2,1,7,4, , ,N,0,0,3,3,0,0,1,1,N,N,39 53:13.788,75 12:17.674,153, ,138, ,0, , , ,0, , , , , ,254632, , , ,1,1,0,0,0,0,0,0,0,0,0,0,0,0,0,0,0,0,0,0,0,0,0,0,0,0,0,0,0,0,0,0,0,0,0,0,0,39.8872,-75.2049, , 
 ,24659,2017002071,6,67,67301,2016,12,4,2300,23,3,4,1,8,1, , ,N,0,0,0,3,0,1,3,2,N, ,39 59:52.661,75 07:30.480,2355, ,2352, ,0, , , ,0, , , , , ,254671, , , ,1,0,0,1,0,0,0,0,0,0,0,1,1,0,0,0,0,0,0,0,0,0,0,0,0,0,0,0,0,0,0,0,1,0,0,4,1,39.998,-75.1251, , 
 ,24660,2017005213,6,67,67301,2016,12,1,1556,15,1,1,0,4,1, , ,N,1,2,0,3,0,1,2,2,N,N,40 01:06.336,75 08:56.889,1620, ,1614, ,0, ,N, ,3, , , , , ,254672, , , ,2,2,0,0,0,0,0,0,0,0,0,1,1,0,0,0,0,0,0,0,0,0,0,0,0,0,0,0,0,0,0,0,0,0,0,4,0,40.0184,-75.1491, , 
 ,24661,2015022410,6,67,67301,2015,2,6,1200,12,1,1,0,4,1, , ,N,1,2,0,3,0,0,2,2,N, ,39 59:50.139,75 10:48.842,1220, ,1214, ,0, , , ,3, , , , , ,257737, , , ,2,1,0,0,0,0,0,1,0,0,0,0,0,0,0,0,0,0,0,0,1,0,0,0,0,0,0,0,0,0,0,0,0,0,0,0,0,39.9973,-75.1803, , 
 ,24662,2015038647,6,67,67301,2015,3,6,957,9,1,7,4,1,1, , ,N,1,2,0,3,0,1,2,2,N,N,40 00:25.981,75 07:24.378,9999, ,9999, ,0, ,N, ,3, , , , , ,257753, , , ,2,1,0,0,1,0,0,0,0,0,0,1,1,0,0,0,0,0,0,0,1,0,0,0,0,0,0,0,0,0,0,0,0,0,0,4,0,40.0072,-75.1234, , 
 ,24663,2015051993,6,67,67301,2015,4,1,200,2,3,1,0,1,1, , ,N,1,2,0,3,0,1,3,2,N,N,40 02:06.731,75 08:43.670,235, ,230,2,1,1,N, ,3,N, , , , ,257765, , , ,2,2,0,0,0,0,0,0,0,0,1,0,1,0,0,0,0,0,0,0,0,0,0,0,0,0,0,0,0,0,0,0,0,0,0,3,0,40.0352,-75.1455, , 
 ,24664,2015053951,6,67,67301,2015,5,5,1430,14,1,1,0,7,4, , ,N,1,2,0,3,0,1,1,1,N,N,39 59:46.100,75 08:49.451,1431, ,1430, ,0, ,N, ,3, , , , , ,257766, , , ,1,1,0,0,0,0,0,0,0,0,0,1,1,0,0,0,0,0,0,0,0,0,0,1,0,0,0,0,0,0,0,0,0,0,0,4,0,39.9961,-75.1471, , 
 ,24665,2015012324,6,67,67301,2015,1,1,1311,13,1,1,0,4,1, , ,N,1,2,0,3,0,0,4,2,N,N,39 57:30.652,75 09:56.236,1333, ,1331, ,0, ,N, ,1, , , , , ,257777, , , ,2,0,0,0,1,0,1,0,0,0,0,0,0,0,0,0,0,0,1,0,1,0,0,0,0,0,0,0,0,0,0,0,0,0,0,0,0,39.9585,-75.1656, , 
 ,24666,2015015645,6,67,67301,2015,1,7,346,3,3,4,3,1,6, , ,N,0,0,0,3,0,1,3,2,N, ,40 05:49.061,75 01:17.614,359, ,351, ,0, , , ,0, , , , , ,257781, , , ,2,2,0,0,0,0,0,0,0,0,0,1,1,0,0,0,0,0,0,0,0,0,0,0,0,0,0,0,0,0,0,0,0,0,0,4,0,40.097,-75.0216, , 
 ,24667,2015031178,6,67,67301,2015,2,1,2019,20,3,1,0,5,1, , ,N,0,0,0,3,0,0,4,2,N,N,39 57:35.530,75 10:43.534,2021, ,2020,2,1,3,Y, ,0,N, , , , ,257798, , , ,2,1,0,0,0,0,1,0,0,0,0,0,0,0,0,0,0,0,0,0,0,0,0,1,0,0,0,0,0,0,0,0,0,0,0,0,0,39.9599,-75.1788, , 
 ,24668,2015038627,6,67,67301,2015,3,4,1330,13,1,1,0,8,1, , ,N,0,0,0,3,0,1,2,2,N, ,40 01:51.319,75 06:16.192,1344, ,1333,1,1,4, , ,0,N, , , , ,257806, , , ,1,1,0,0,0,0,0,0,0,0,0,1,1,0,0,0,0,0,0,0,0,0,0,0,0,0,0,0,0,0,0,0,1,0,0,4,0,40.0309,-75.1045, , 
 ,24669,2015040952,6,67,67301,2015,3,6,1200,12,1,1,0,8,1, , ,N,2,3,0,3,0,1,2,2,N, ,39 57:09.342,75 10:24.113,1242, ,1233, ,0, , , ,3, , , , , ,257811, , , ,1,0,0,0,1,0,0,0,0,0,0,0,1,1,0,0,0,0,0,0,0,0,0,1,0,0,0,0,0,0,0,0,1,0,0,8,0,39.9526,-75.1734, , 
 ,24670,2015043222,6,67,67301,2015,3,3,2349,23,3,1,0,4,1, , ,N,1,2,0,3,0,1,4,2,N,N,39 58:20.706,75 13:02.730,2358, ,2354, ,0, ,N, ,3, , , , , ,257813, , , ,2,1,0,0,0,0,1,0,0,0,1,0,1,0,1,0,0,0,0,0,1,0,0,0,0,0,0,0,0,0,0,0,0,0,0,3,0,39.9724,-75.2174, , 
 ,24671,2015025089,6,67,67301,2015,2,6,9999,99,1,1,0,8,1, , ,N,1,2,0,3,0,1,2,2,N,N,40 01:20.660,75 04:41.477,9999, ,9999, ,0, , , ,3, , , , , ,257834, , , ,1,0,0,0,0,0,0,1,0,0,0,1,1,0,0,0,0,0,0,0,0,0,0,0,0,0,0,0,0,0,0,0,1,0,0,4,0,40.0224,-75.0781, , 
 ,24672,2015042888,6,67,67301,2015,3,1,1502,15,1,1,0,8,1, , ,N,1,2,0,3,0,1,2,2,N, ,39 57:01.379,75 08:50.098,1505, ,1502, ,0, , , ,3, , , , , ,257858, , , ,1,1,0,0,0,0,0,0,0,0,1,0,1,0,0,0,0,0,0,0,1,0,0,0,0,0,0,0,0,0,0,0,1,0,0,3,0,39.9503,-75.1468, , 
 ,24673,2015045388,6,67,67301,2015,4,4,341,3,3,1,1,7,4, , ,N,0,0,0,3,0,0,2,1,N, ,40 01:28.020,75 04:29.996,400, ,349, ,0, , , ,0, , , , , ,257860, , , ,1,1,0,0,0,0,0,0,0,0,0,0,0,0,2,0,0,0,1,0,0,0,0,0,0,0,0,0,0,0,0,0,0,0,0,9,0,40.0245,-75.075, , 
 ,24674,2015048174,6,67,67301,2015,5,1,347,3,3,1,0,7,2, , ,N,0,0,8,3,0,1,1,1,N,N,39 59:41.074,75 04:49.049,401, ,347,2,2,2,N, ,0,Y, , , , ,257863, , , ,1,0,0,0,0,0,1,0,0,0,0,1,1,0,0,0,0,0,0,0,0,1,0,1,0,0,0,0,0,0,0,0,0,0,0,4,0,39.9947,-75.0803, , 
 ,24675,2015045453,6,67,67301,2015,4,1,800,8,1,1,0,2,1, , ,N,0,0,0,3,0,3,3,2,N,N,40 01:40.836,75 07:38.990,805, ,800, ,0, ,N, ,0, , , , , ,257898, , , ,2,1,0,0,0,0,0,1,0,1,1,1,3,0,0,0,0,0,0,0,0,0,0,1,0,1,0,0,0,0,0,0,0,0,0,2,0,40.028,-75.1275, , 
 ,24676,2015047628,6,67,67301,2015,4,1,1425,14,1,1,0,1,1, , ,N,5,2,0,3,0,1,3,2,N, ,40 04:01.087,75 09:29.811,1545, ,1535, ,0, , , ,3, , , , , ,257949, , , ,2,2,0,0,0,0,0,0,0,0,0,1,1,0,1,0,0,0,0,0,1,0,0,0,0,0,0,0,0,0,0,0,0,0,0,4,0,40.067,-75.1583, , 
 ,24677,2015019001,6,67,67301,2015,2,1,245,2,3,1,0,7,4, , ,N,2,2,2,3,0,0,1,1,N, ,40 00:01.112,75 05:01.173,255, ,251, ,0, , , ,3, , , , , ,257983, , , ,1,0,0,0,0,0,1,0,0,0,0,0,0,0,1,0,0,0,0,0,0,0,0,0,0,0,0,0,0,0,0,0,0,0,0,9,0,40.0003,-75.0837, , 
 ,24678,2015028793,6,67,67301,2015,2,4,830,8,1,1,0,7,4, , ,N,0,0,0,3,0,1,2,1,N,N,40 00:59.631,75 12:09.573,850, ,849, ,0, ,N, ,0, , , , , ,257991, , , ,1,1,0,0,0,0,0,0,0,0,0,1,1,0,0,0,0,0,0,0,0,0,0,0,0,0,0,0,0,0,0,0,0,0,0,4,0,40.0166,-75.2027, , 
 ,24679,2015012700,6,67,67301,2015,1,6,1355,13,1,1,1,4,1, , ,N,1,2,0,3,0,1,3,2,N, ,40 05:57.051,75 00:44.384,1355, ,1355, ,0, , , ,3, , , , , ,262249, , , ,2,0,0,0,0,0,1,1,0,0,0,1,1,0,0,0,0,0,0,0,0,1,0,0,0,0,0,0,0,0,0,0,0,0,0,4,0,40.0992,-75.0123, , 
 ,24680,2015051621,6,67,67301,2015,4,2,546,5,3,2,1,7,5, , ,N,0,0,0,3,0,0,1,1,N,N,39 59:01.415,75 12:29.263,550, ,547, ,0, ,N, ,0, , , , , ,262276, , , ,1,0,0,0,0,0,1,0,0,0,0,0,0,0,0,0,0,0,0,0,0,0,0,0,0,0,0,0,0,0,0,0,0,0,0,0,0,39.9837,-75.2081, , 
 ,24681,2015009662,6,67,67301,2015,1,1,1350,13,1,2,1,6,1, , ,N,0,0,0,3,0,2,3,3,N,N,39 58:13.229,75 11:23.434,1410, ,1358,2,2,5,N, ,0,Y, , , , ,262292, , , ,3,3,0,0,0,0,0,0,0,0,0,2,2,0,0,0,0,0,0,0,0,2,0,0,0,0,0,0,0,0,0,0,0,0,0,4,0,39.9703,-75.1898, , 
 ,24682,2015028804,6,67,67301,2015,2,5,755,7,1,1,0,1,1, , ,N,1,2,0,3,0,1,3,2,N,N,40 02:07.202,75 06:16.934,835, ,832, ,0, ,N, ,3, , , , , ,262313, , , ,2,2,0,0,0,0,0,0,0,0,0,1,1,0,0,0,0,0,0,0,0,0,0,0,0,0,0,0,0,0,0,0,0,0,0,4,0,40.0353,-75.1047, , 
 ,24683,2015038986,6,67,67301,2015,3,7,1410,14,1,1,0,4,1, , ,N,2,2,2,3,0,1,6,4,N,N,40 00:01.143,75 05:01.112,1450, ,1442, ,0, ,N, ,3, , , , , ,262324, , , ,4,1,0,0,0,0,2,1,0,0,0,0,1,1,0,0,0,0,0,0,0,0,0,0,0,0,0,0,0,0,0,0,0,0,0,8,0,40.0003,-75.0837, , 
 ,24684,2015053938,6,67,67301,2015,5,7,1657,16,1,1,0,5,6, , ,N,0,0,0,3,0,3,3,2,N,N,40 00:53.495,75 10:14.285,1701, ,1700,2,2,6,N, ,0,Y, , , , ,262334, , , ,2,2,0,0,0,0,0,0,0,0,0,3,3,0,0,0,0,0,1,0,0,0,0,0,0,0,0,0,0,0,0,0,0,0,0,4,0,40.0149,-75.1706, , 
 ,24685,2015045350,6,67,67301,2015,4,5,2322,23,3,1,0,8,1, , ,N,0,0,0,3,0,1,4,2,N,N,39 59:46.481,75 09:14.717,2340, ,2338, ,0, ,N, ,0, , , , , ,262371, , , ,1,0,0,0,0,0,1,0,0,0,0,0,1,1,0,0,0,0,1,0,0,0,0,0,0,0,0,0,0,0,0,0,1,0,0,8,0,39.9962,-75.1541, , 
 ,24686,2015045549,6,67,67301,2015,4,5,1132,11,1,1,0,7,2, , ,N,0,0,0,3,0,1,2,2,N,N,40 02:12.349,75 00:53.362,1211, ,1132,2,2,2,N, ,0,N, , , , ,262372, , , ,2,0,0,0,0,1,1,0,0,0,0,1,1,0,0,0,0,0,0,0,0,1,0,0,0,0,0,0,0,0,0,0,0,0,0,4,0,40.0368,-75.0148, , 
 ,24687,2015049576,6,67,67301,2015,4,2,1528,15,1,1,0,1,1, , ,N,0,2,0,3,0,1,6,3,N, ,39 59:41.838,75 05:38.824,1542, ,1537, ,0, , , ,3, , , , , ,262377, , , ,3,2,0,0,1,0,0,0,0,0,0,1,1,0,3,0,0,0,0,0,1,0,0,0,0,0,0,0,0,0,0,0,0,0,0,4,0,39.995,-75.0941, , 
 ,24688,2015007134,6,67,67301,2015,1,5,913,9,1,1,0,1,1, , ,N,0,0,0,3,0,1,2,2,N,N,39 58:08.773,75 11:30.516,928, ,917, ,0, ,N, ,0, , , , , ,262388, , , ,2,2,0,0,0,0,0,0,0,0,0,1,1,0,0,0,0,0,0,0,0,1,0,0,0,0,0,0,0,0,0,0,0,0,0,4,0,39.9691,-75.1918, , 
 ,24689,2015025124,6,67,67301,2015,2,5,1235,12,1,1,0,7,2, , ,N,0,0,0,3,0,0,1,1,N,N,39 55:56.775,75 14:32.131,1238, ,1238, ,0, ,N, ,0, , , , , ,262405, , , ,1,1,0,0,0,0,0,0,0,0,0,0,0,0,0,0,0,0,0,0,0,0,0,0,0,0,0,0,0,0,0,0,0,0,0,0,0,39.9324,-75.2423, , 
 ,24690,2015034170,6,67,67301,2015,2,6,819,8,1,1,0,8,1, , ,N,1,2,0,3,0,1,2,2,N,Y,40 02:34.612,75 07:11.211,921, ,921, ,0, ,N, ,3, , , , , ,262419, , , ,1,0,0,0,0,0,1,0,0,0,0,1,1,0,0,0,0,0,0,0,0,0,0,0,0,0,0,0,0,0,0,0,1,0,0,4,0,40.0429,-75.1198, , 
 ,24691,2015028851,6,67,67301,2015,2,2,2001,20,3,1,0,4,1, , ,N,1,3,0,3,0,3,6,2,N,N,39 58:28.228,75 08:53.098,2001, ,2001, ,0, ,N, ,3, , , , , ,262454, , , ,2,2,0,0,0,0,0,0,0,0,0,0,3,3,0,0,0,0,0,1,0,0,0,0,0,0,0,0,0,0,0,0,0,0,0,8,0,39.9745,-75.1481, , 
 ,24692,2015031044,6,67,67301,2015,2,7,1600,16,1,1,0,4,1, , ,N,1,2,0,3,0,4,4,2,N,N,40 03:24.735,75 11:16.996,1610, ,1605, ,0, , , ,3, , , , , ,262456, , , ,2,2,0,0,0,0,0,0,0,0,0,0,4,4,0,0,0,0,0,0,1,0,0,3,0,0,0,0,0,0,0,0,0,0,0,8,0,40.0569,-75.1881, , 
 ,24693,2015049584,6,67,67301,2015,4,3,950,9,1,1,0,4,1, , ,N,1,2,0,3,0,1,2,2,N,N,40 03:23.345,75 02:47.046,1000, ,955, ,0, ,N, ,3, , , , , ,262472, , , ,2,2,0,0,0,0,0,0,0,0,0,0,1,1,0,0,0,0,0,0,0,0,0,0,0,0,0,0,0,0,0,0,0,0,0,8,0,40.0565,-75.0464, , 
 ,24694,2015051504,6,67,67301,2015,4,5,700,7,1,1,0,1,1, , ,N,1,2,3,3,0,1,3,3,N,N,39 57:25.937,75 09:19.951,924, ,736, ,0, ,N, ,3, , , , , ,262474, , , ,3,0,0,0,0,0,2,1,0,0,0,0,1,1,0,0,0,0,0,0,1,0,0,0,0,0,0,0,0,0,0,0,0,0,0,8,0,39.9572,-75.1555, , 
 ,24695,2015020698,6,67,67301,2015,1,6,9999,99,3,1,1,4,1, , ,N,1,2,0,3,0,3,4,2,N,N,39 58:15.186,75 09:54.831,906, ,901, ,0, ,N, ,3, , , , , ,262497, , , ,2,2,0,0,0,0,0,0,0,0,0,3,3,0,1,0,0,0,0,0,0,0,0,0,0,0,0,0,0,0,0,0,0,0,0,4,0,39.9709,-75.1652, , 
 ,24696,2015020719,6,67,67301,2015,1,4,2304,23,3,1,0,4,1, , ,N,1,3,0,3,0,0,2,2,N,N,39 57:25.542,75 10:37.743,2350, ,2335, ,0, ,N, ,3, , , , , ,262498, , , ,2,2,0,0,0,0,0,0,0,0,0,0,0,0,0,0,0,0,0,0,0,0,0,0,0,0,0,0,0,0,0,0,0,0,0,0,0,39.9571,-75.1772, , 
 ,24697,2015025242,6,67,67301,2015,2,1,1909,19,3,1,0,1,1, , ,N,0,0,0,3,0,1,3,3,N,N,39 58:00.257,75 08:06.131,1920, ,1916,2,2,2,N, ,0,N, , , , ,264340, , , ,3,2,0,0,0,0,1,0,0,0,0,1,1,0,0,0,0,0,0,0,0,0,0,0,0,0,0,0,0,0,0,0,0,0,0,4,0,39.9667,-75.135, , 
 ,24698,2015024142,6,67,67301,2015,2,2,1530,15,1,2,1,1,1, , ,N,0,0,0,3,0,5,7,2,Y,Y,39 57:35.596,75 11:37.672,1541, ,1539, ,0, ,N, ,0, , , , , ,264372, , , ,2,1,0,1,0,0,0,0,0,0,0,0,5,5,0,0,0,0,0,1,0,0,0,0,0,0,0,0,0,0,0,0,0,0,0,8,1,39.9599,-75.1938, , 
 ,24699,2015035195,6,67,67301,2015,3,5,1455,14,1,4,3,8,1, , ,N,0,0,0,3,0,1,2,2,N, ,40 01:53.119,75 07:27.597,1515, ,1515, ,0, , , ,0, , , , , ,264386, , , ,1,0,0,1,0,0,0,0,0,0,0,1,1,0,0,0,0,0,0,0,0,0,0,0,0,0,0,0,0,0,0,0,1,0,0,4,1,40.0314,-75.1243, , 
 ,24700,2015045358,6,67,67301,2015,4,3,1652,16,1,1,0,6,6, , ,N,0,0,0,3,0,1,1,2,N,N,40 03:28.303,75 03:01.954,1658, ,1652, ,0, , , ,0, , , , , ,264398, , , ,2,2,0,0,0,0,0,0,0,0,1,0,1,0,0,0,0,0,0,0,1,0,0,0,0,0,0,0,0,0,0,0,0,0,0,3,0,40.0579,-75.0505, , 
 ,24701,2015006128,6,67,67301,2015,1,3,2025,20,3,4,4,8,1, , ,N,1,2,0,3,0,1,2,2,N,N,40 02:01.052,75 02:48.431,2027, ,2027,9,1,1,N, ,3,N, , , , ,264416, , , ,1,0,0,0,0,0,1,0,0,0,0,0,1,1,0,0,0,0,0,0,1,0,0,0,0,0,0,0,0,0,0,0,1,0,0,8,0,40.0336,-75.0468, , 
 ,24702,2015009643,6,67,67301,2015,1,4,1300,13,1,1,5,8,1, , ,N,1,3,0,3,0,1,2,2,N, ,39 55:12.050,75 09:20.170,2305, ,2301, ,0, , , ,3, , , , , ,264467, , , ,1,1,0,0,0,0,0,0,0,0,0,1,1,0,0,0,0,0,0,0,0,0,0,0,0,0,0,0,0,0,0,0,1,0,0,4,0,39.92,-75.1556, , 
 ,24703,2015013357,6,67,67301,2015,1,3,1120,11,1,1,1,1,1, , ,N,0,0,0,3,0,2,2,2,N,N,39 55:24.001,75 08:51.402,1125, ,1120,1,2,2,N, ,0,N, , , , ,264470, , , ,2,1,0,0,0,0,1,0,0,0,2,0,2,0,0,0,0,0,0,0,0,0,0,0,0,0,0,0,0,0,0,0,0,0,0,3,0,39.9233,-75.1476, , 
 ,24704,2015029997,6,67,67301,2015,2,6,550,5,1,1,0,4,1, , ,N,5,2,2,3,0,1,2,2,N,N,39 57:25.688,75 09:03.847,557, ,555,1,1,1,N, ,3,Y, , , , ,264485, , , ,2,1,0,0,1,0,0,0,0,0,0,0,1,1,0,0,0,0,0,0,1,0,0,0,0,0,0,0,0,0,0,0,0,0,0,8,0,39.9571,-75.1511, , 
 ,24705,2015018968,6,67,67301,2015,1,5,323,3,3,1,0,1,1, , ,N,1,2,0,3,0,1,2,2,N, ,39 57:09.914,75 09:29.177,328, ,328,2,1,1, , ,3,N, , , , ,264517, , , ,2,2,0,0,0,0,0,0,0,0,1,0,1,0,0,0,0,0,0,0,1,0,0,0,0,0,0,0,0,0,0,0,0,0,0,3,0,39.9528,-75.1581, , 
 ,24706,2015021970,6,67,67301,2015,2,5,1115,11,1,1,0,4,1, , ,N,1,2,1,3,0,1,4,2,N,N,39 57:36.149,75 13:29.566,1115, ,1115, ,0, ,N, ,3, , , , , ,264521, , , ,2,0,0,0,1,0,1,0,0,0,0,0,1,1,0,0,0,0,0,0,0,0,0,0,0,0,0,0,0,0,0,0,0,0,0,8,0,39.9599,-75.2249, , 
 ,24707,2015054011,6,67,67301,2015,5,3,1612,16,1,1,0,5,1, , ,N,0,0,0,3,0,0,2,3,Y,N,40 00:16.167,75 07:55.484,1617, ,1612, ,0, ,N, ,0, , , , , ,264552, , , ,3,2,0,1,0,0,0,0,0,0,0,0,0,0,0,0,0,0,0,0,0,0,0,0,0,0,0,0,0,0,0,0,0,0,0,0,1,40.0045,-75.1321, , 
 ,24708,2015007746,6,46,46108,2015,1,1,734,7,1,2,5,7,5, , ,N,0,0,0,3,0,0,2,1,N,N,40 05:17.936,75 12:56.302,830, ,734,3,2,5,N, ,0,Y, , , , ,264558, , , ,1,1,0,0,0,0,0,0,0,0,0,0,0,0,0,0,0,0,0,0,1,0,0,0,0,0,0,0,0,0,0,0,0,0,0,0,0,40.0883,-75.2156, , 
 ,24709,2015028782,6,67,67301,2015,2,1,2300,23,3,4,4,4,1, , ,N,1,2,0,3,0,0,3,2,N, ,39 56:51.042,75 08:58.320,2333, ,2330, ,0, , , ,3, , , , , ,264571, , , ,2,1,0,0,0,0,1,0,0,0,0,0,0,0,0,0,0,0,0,0,0,0,0,0,0,0,0,0,0,0,0,0,0,0,0,0,0,39.9475,-75.1495, , 
 ,24710,2015031036,6,67,67301,2015,2,6,120,1,3,1,0,1,1, , ,N,1,2,0,3,0,1,2,2,N,N,39 56:24.382,75 12:02.446,200, ,148, ,0, ,N, ,3, , , , , ,264574, , , ,2,1,0,0,0,0,0,1,0,0,0,0,1,1,0,0,0,0,0,0,1,0,0,0,0,0,0,0,0,0,0,0,0,0,0,8,0,39.9401,-75.2007, , 
 ,24711,2015045371,6,67,67301,2015,4,4,630,6,1,1,0,1,1, , ,N,0,0,0,3,0,1,2,2,N,N,39 59:17.697,75 12:58.990,645, ,635,2,1,2,N, ,0,Y, , , , ,264591, , , ,2,1,0,0,0,0,1,0,0,0,0,0,1,1,0,0,0,0,0,0,1,0,0,0,0,0,0,0,0,0,0,0,0,0,0,8,0,39.9882,-75.2164, , 
 ,24712,2015047527,6,67,67301,2015,4,7,2330,23,3,1,0,3,1, , ,N,2,2,0,3,0,1,4,2,N,N,40 02:53.161,75 00:47.627,2338, ,2333, ,0, ,N, ,3, , , , , ,264593, , , ,2,1,0,0,0,0,1,0,0,0,0,1,1,0,1,0,0,0,0,0,1,0,0,0,0,0,0,0,0,0,0,0,0,0,0,4,0,40.0481,-75.0132, , 
 ,24713,2015022397,6,67,67301,2015,2,2,9999,99,1,1,0,1,1, , ,N,3,0,0,3,0,1,1,3,N, ,39 55:37.231,75 14:36.560,835, ,830, ,0, , , ,0, , , , , ,264621, , , ,3,2,0,0,0,0,1,0,0,0,0,0,1,1,0,0,0,0,0,0,0,0,0,0,0,0,0,0,0,0,0,0,0,0,0,8,0,39.927,-75.2435, , 
 ,24714,2015048178,6,67,67301,2015,5,1,219,2,3,1,0,1,1, , ,N,1,2,0,3,0,0,2,2,N,N,40 00:16.936,75 09:08.069,221, ,219,3,2,2,Y, ,3,Y, , , , ,264641, , , ,2,2,0,0,0,0,0,0,0,0,0,0,0,0,0,0,0,0,0,0,0,0,0,0,0,0,0,0,0,0,0,0,0,0,0,0,0,40.0047,-75.1521, , 
 ,24715,2016016574,6,67,67301,2016,1,3,1407,14,1,1,1,8,1, , ,N,1,2,0,3,0,1,2,2,N, ,40 01:28.097,75 08:52.131,1710, ,1658, ,0, , , ,3, , , , , ,254684, , , ,1,0,0,0,0,0,0,1,0,0,0,1,1,0,0,0,0,0,0,0,0,0,0,1,0,0,0,0,0,0,0,0,1,0,0,4,0,40.0245,-75.1478, , 
 ,24716,2016029818,6,67,67301,2016,3,6,1304,13,1,1,0,4,1, , ,N,1,2,0,3,0,0,2,2,N,N,39 53:32.915,75 13:21.046,1327, ,1327, ,0, ,N, ,3, , , , , ,254694, , , ,2,1,0,0,0,0,1,0,0,0,0,0,0,0,0,0,0,0,0,0,1,0,0,0,0,0,0,0,0,0,0,0,0,0,0,0,0,39.8925,-75.2226, , 
 ,24717,2016058618,6,67,67301,2016,5,4,1815,18,1,1,0,1,1, , ,N,0,0,0,3,0,2,4,3,N,N,40 02:42.274,75 11:34.372,1825, ,1817, ,0, ,N, ,0, , , , , ,254715, , , ,3,1,0,0,0,0,1,1,0,0,0,0,2,2,0,0,0,0,0,0,0,0,0,1,0,0,0,0,0,0,0,0,0,0,0,8,0,40.0451,-75.1929, , 