wz_ln_closure,objectid_1,crn,district,county,municipality,crash_year,crash_month,day_of_week,time_of_day,hour_of_day,illumination,weather,road_condition,collision_type,relation_to_road,work_zone_type,work_zone_loc,work_zone_ind,intersect_type,tcd_type,location_type,urban_rural,fatal_count,injury_count,person_count,total_units,sch_bus_ind,sch_zone_ind,latitude,longitude,arrival_tm,cons_zone_spd_lim,dispatch_tm,est_hrs_closed,lane_closed,ln_close_dir,ntfy_hiwy_maint,spec_juris_cd,tcd_func_cd,tfc_detour_ind,workers_pres,wz_close_detour,wz_flagger,wz_law_offcr_ind,objectid,wz_moving,wz_other,wz_shlder_mdn,vehicle_count,automobile_count,motorcycle_count,bus_count,small_truck_count,heavy_truck_count,suv_count,van_count,bicycle_count,maj_inj_count,mod_inj_count,min_inj_count,tot_inj_count,unk_inj_deg_count,unk_inj_per_count,driver_count_16yr,driver_count_17yr,driver_count_18yr,driver_count_19yr,driver_count_20yr,driver_count_50_64yr,driver_count_65_74yr,driver_count_75plus,unbelted_occ_count,unb_death_count,unb_maj_inj_count,belted_death_count,belted_maj_inj_count,mcycle_death_count,mcycle_maj_inj_count,bicycle_death_count,bicycle_maj_inj_count,ped_count,ped_death_count,ped_maj_inj_count,max_severity_level,comm_veh_count,dec_lat,dec_long,rdwy_surf_type_cd,county_name
 ,24718,2016080651,6,67,67301,2016,7,7,1650,16,1,2,1,1,1, , ,N,1,3,0,3,0,1,5,2,N, ,39 58:14.412,75 12:57.506,1745, ,1735, ,0, , , ,3, , , , , ,254738, , , ,2,1,0,0,0,1,0,0,0,0,0,0,1,1,1,0,0,0,0,0,1,0,0,0,0,0,0,0,0,0,0,0,0,0,0,8,1,39.9707,-75.216, , 
 ,24719,2016096748,6,67,67301,2016,9,6,1621,16,1,1,0,1,1, , ,N,0,0,0,3,0,0,3,2,N,N,39 55:47.845,75 08:45.284,1644, ,1625, ,0, , , ,0, , , , , ,254742, , , ,2,2,0,0,0,0,0,0,0,0,0,0,0,0,0,0,0,0,0,0,0,0,0,0,0,0,0,0,0,0,0,0,0,0,0,0,0,39.93,-75.1459, , 
 ,24720,2016099179,6,67,67301,2016,9,2,1441,14,1,2,1,1,1, , ,N,0,0,0,3,0,1,2,2,N,N,39 53:54.434,75 10:52.637,1503, ,1441, ,0, , , ,0, , , , , ,254745, , , ,2,1,0,0,0,0,1,0,0,0,0,0,1,1,0,0,0,0,0,0,0,0,0,0,0,0,0,0,0,0,0,0,0,0,0,8,0,39.8985,-75.1813, , 
 ,24721,2016105871,6,67,67301,2016,9,1,1644,16,3,1,0,4,1, , ,N,1,1,0,3,0,1,2,2,N, ,39 56:23.459,75 12:41.033,1650, ,1645, ,0, , , ,3, , , , , ,254753, , , ,2,2,0,0,0,0,0,0,0,0,0,0,1,1,0,0,0,0,0,0,1,0,0,0,0,0,0,0,0,0,0,0,0,0,0,8,0,39.9399,-75.2114, , 
 ,24722,2016083575,6,67,67301,2016,7,7,1012,10,1,1,0,5,1, , ,N,0,0,0,3,0,0,4,2,N,N,40 03:06.946,74 59:16.874,1020, ,1012,1,1,1, , ,0,N, , , , ,254762, , , ,2,2,0,0,0,0,0,0,0,0,0,0,0,0,0,0,0,0,0,0,0,0,0,1,0,0,0,0,0,0,0,0,0,0,0,0,0,40.0519,-74.988, , 
 ,24723,2016080329,6,67,67301,2016,7,7,1401,14,1,1,0,4,1, , ,N,1,2,0,3,0,1,3,2,N,N,39 56:36.621,75 14:06.917,1403, ,1407, ,0, ,N, ,3, , , , , ,254768, , , ,2,1,0,0,1,0,0,0,0,0,0,1,1,0,0,0,0,0,0,0,2,0,0,1,0,0,0,0,0,0,0,0,0,0,0,4,0,39.9435,-75.2353, , 
 ,24724,2016106317,6,67,67301,2016,9,2,2000,20,3,1,0,0,1, , ,N,0,0,0,3,0,0,1,1,N,N,39 59:27.764,75 06:59.039,2015, ,2015,1,1,4,N, ,0,N, , , , ,254786, , , ,1,1,0,0,0,0,0,0,0,0,0,0,0,0,0,0,0,0,0,0,1,0,0,0,0,0,0,0,0,0,0,0,0,0,0,0,0,39.991,-75.1164, , 
 ,24725,2016105633,6,67,67301,2016,9,6,835,8,1,1,0,8,1, , ,N,2,0,0,3,0,1,2,3,Y,N,40 01:19.099,75 10:23.037,837, ,837, ,0, ,N, ,0, , , , , ,254789, , , ,2,0,0,1,0,0,0,0,0,0,0,0,1,1,0,0,0,0,0,0,0,0,0,0,0,0,0,0,0,0,0,0,1,0,0,8,1,40.022,-75.1731, , 
 ,24726,2016127792,6,67,67301,2016,11,7,939,9,1,1,0,4,1, , ,N,3,2,0,3,0,0,2,2,N,N,40 05:38.581,75 01:51.296,944, ,939,2,1,1,N, ,3,Y, , , , ,254814, , , ,2,0,0,0,0,0,2,0,0,0,0,0,0,0,0,0,0,0,0,0,0,1,1,0,0,0,0,0,0,0,0,0,0,0,0,0,0,40.0941,-75.0309, , 
 ,24727,2016132171,6,67,67301,2016,11,3,1700,17,3,2,1,8,1, , ,N,1,2,0,3,0,1,2,2,N,N,39 54:59.773,75 10:09.214,1730, ,1719,2,1,2, , ,3,N, , , , ,254820, , , ,1,1,0,0,0,0,0,0,0,0,0,0,1,1,0,0,1,0,0,0,0,0,0,0,0,0,0,0,0,0,0,0,1,0,0,8,0,39.9165,-75.1693, , 
 ,24728,2016138213,6,67,67301,2016,12,5,1310,13,1,1,0,1,1, , ,N,1,3,0,3,0,1,3,2,N,N,39 57:28.886,75 14:37.150,1318, ,1315, ,0, ,N, ,3, , , , , ,254834, , , ,2,1,0,0,0,0,0,1,0,0,0,0,1,1,0,0,0,0,0,0,0,1,0,0,0,0,0,0,0,0,0,0,0,0,0,8,0,39.958,-75.2437, , 
 ,24729,2017005765,6,67,67301,2016,12,5,850,8,1,1,0,4,1, , ,N,1,2,0,3,0,0,2,2,N, ,40 01:13.034,75 08:55.429,857, ,853, ,0, , , ,3, , , , , ,254836, , , ,2,2,0,0,0,0,0,0,0,0,0,0,0,0,0,0,0,0,0,0,0,0,0,0,0,0,0,0,0,0,0,0,0,0,0,0,0,40.0202,-75.1488, , 
 ,24730,2017007904,6,67,67301,2016,12,5,1737,17,3,1,0,4,1, , ,N,1,3,0,3,0,2,2,2,N,N,39 57:20.944,75 12:35.661,1754, ,1754,1,1,2,N, ,3,Y, , , , ,254837, , , ,2,2,0,0,0,0,0,0,0,0,0,2,2,0,0,0,0,0,0,0,0,0,1,0,0,0,0,0,0,0,0,0,0,0,0,4,0,39.9558,-75.2099, , 
 ,24731,2016047044,6,67,67301,2016,4,5,745,7,1,1,0,8,1, , ,N,1,2,0,3,0,1,2,2,N,N,39 58:33.078,75 07:12.081,805, ,800, ,0, ,N, ,3, , , , , ,254861, , , ,1,1,0,0,0,0,0,0,0,0,1,0,1,0,0,0,0,0,0,0,0,0,0,0,0,0,0,0,0,0,0,0,1,0,0,3,0,39.9759,-75.12, , 
 ,24732,2016048687,6,67,67301,2016,4,4,1508,15,1,1,0,1,1, , ,N,0,0,0,3,0,1,2,2,N, ,39 59:06.049,75 09:23.115,1556, ,1546,3,1,1, , ,0,Y, , , , ,254862, , , ,2,1,0,0,0,0,1,0,0,0,0,1,1,0,0,0,0,0,0,0,1,0,0,0,0,0,0,0,0,0,0,0,0,0,0,4,0,39.985,-75.1564, , 
 ,24733,2015042734,6,67,67301,2015,4,1,1702,17,1,1,0,4,1, , ,N,1,2,0,3,0,1,5,2,N, ,39 56:50.306,75 08:52.654,1708, ,1703, ,0, , , ,3, , , , , ,258001, , , ,2,1,0,0,0,0,1,0,0,0,0,1,1,0,0,0,0,0,0,1,0,0,0,0,0,0,0,0,0,0,0,0,0,0,0,4,0,39.9473,-75.1479, , 
 ,24734,2015045375,6,67,67301,2015,4,4,1843,18,4,2,1,5,1, , ,N,0,0,7,3,0,2,5,3,N,N,39 59:20.932,75 09:13.213,1843, ,1843, ,0, ,N, ,0, , , , , ,258007, , , ,3,2,0,0,1,0,0,0,0,0,0,1,2,1,0,0,0,0,0,0,0,0,0,0,0,0,0,0,0,0,0,0,0,0,0,4,0,39.9891,-75.1537, , 
 ,24735,2015036646,6,67,67301,2015,3,4,820,8,3,1,0,5,1, , ,N,1,2,0,3,0,1,2,2,N,N,40 00:57.967,75 07:50.861,2041, ,2036, ,0, ,N, ,3, , , , , ,258041, , , ,2,2,0,0,0,0,0,0,0,0,0,0,1,1,1,0,0,0,0,0,0,0,0,0,0,0,0,0,0,0,0,0,0,0,0,8,0,40.0161,-75.1308, , 
 ,24736,2015045465,6,67,67301,2015,4,7,1635,16,1,1,0,5,1, , ,N,3,0,2,3,0,1,3,2,N,N,39 58:05.519,75 07:39.820,1643, ,1639, ,0, , , ,0, , , , , ,258047, , , ,2,0,1,0,0,0,1,0,0,0,0,1,1,0,0,0,0,0,0,0,0,0,0,0,0,0,0,0,0,0,0,0,0,0,0,4,0,39.9684,-75.1274, , 
 ,24737,2015047569,6,67,67301,2015,4,4,1708,17,1,1,0,4,1, , ,N,2,0,0,3,0,1,2,2,N, ,39 58:00.116,75 12:42.587,1720, ,1708, ,0, , , ,0, , , , , ,258049, , , ,2,1,0,0,1,0,0,0,0,0,0,0,1,1,0,0,0,0,0,0,0,0,0,0,0,0,0,0,0,0,0,0,0,0,0,8,0,39.9667,-75.2118, , 
 ,24738,2015012389,6,67,67301,2015,1,1,638,6,1,2,5,7,4, , ,N,0,0,0,3,0,0,1,1,N,N,40 00:50.960,75 10:43.882,652, ,640,1,1,2,N, ,0,N, , , , ,258067, , , ,1,1,0,0,0,0,0,0,0,0,0,0,0,0,0,0,0,0,1,0,0,0,0,0,0,0,0,0,0,0,0,0,0,0,0,0,0,40.0142,-75.1789, , 
 ,24739,2015015654,6,67,67301,2015,1,5,100,1,3,4,6,1,6, , ,N,0,0,0,3,0,0,1,4,N,N,40 01:54.948,75 09:32.140,103, ,101, ,0, ,N, ,0, , , , , ,258068, , , ,4,3,0,0,0,0,1,0,0,0,0,0,0,0,0,0,0,0,0,1,0,0,0,0,0,0,0,0,0,0,0,0,0,0,0,0,0,40.0319,-75.1589, , 
 ,24740,2015042889,6,67,67301,2015,3,3,2115,21,3,2,1,4,1, , ,N,1,2,0,3,0,0,3,2,N, ,39 57:07.402,75 10:24.565,2135, ,2125,1,1,2, , ,3,Y, , , , ,258085, , , ,2,1,0,0,0,0,1,0,0,0,0,0,0,0,0,0,0,0,0,0,1,0,0,0,0,0,0,0,0,0,0,0,0,0,0,0,0,39.952,-75.1734, , 
 ,24741,2015053914,6,67,67301,2015,5,4,2230,22,3,1,0,1,1, , ,N,1,2,0,3,0,1,2,2,N,N,40 01:10.215,75 03:20.471,2321, ,2321, ,0, , , ,3, , , , , ,258095, , , ,2,1,0,0,1,0,0,0,0,0,0,1,1,0,0,0,0,0,0,0,0,0,0,0,0,0,0,0,0,0,0,0,0,0,0,4,0,40.0195,-75.0557, , 
 ,24742,2015054384,6,67,67301,2015,5,1,1805,18,1,1,0,4,1, , ,N,1,2,0,3,0,2,6,2,N,N,40 06:06.588,75 01:38.906,1806, ,1806, ,0, ,N, ,3, , , , , ,258096, , , ,2,0,0,0,0,0,1,1,0,0,0,2,2,0,0,0,0,0,0,0,0,0,0,0,0,0,0,0,0,0,0,0,0,0,0,4,0,40.1018,-75.0275, , 
 ,24743,2015014109,6,67,67301,2015,1,5,1147,11,1,1,0,7,2, , ,N,0,0,0,3,0,0,1,1,Y,N,39 58:04.335,75 11:23.620,1159, ,1151,1,1,4,N, ,0,N, , , , ,258110, , , ,1,1,0,0,0,0,0,0,0,0,0,0,0,0,0,0,0,0,0,0,0,0,1,0,0,0,0,0,0,0,0,0,0,0,0,0,0,39.9679,-75.1899, , 
 ,24744,2015031066,6,67,67301,2015,2,5,1120,11,1,1,0,8,1, , ,N,0,0,0,3,0,1,2,2,N,N,39 57:16.473,75 13:35.187,1130, ,1120, ,0, ,N, ,0, , , , , ,258121, , , ,1,0,0,0,0,0,0,1,0,0,0,0,1,1,0,0,0,0,0,0,0,0,0,0,0,0,0,0,0,0,0,0,1,0,0,8,0,39.9546,-75.2264, , 
 ,24745,2015051506,6,67,67301,2015,4,4,625,6,3,1,0,5,6, , ,N,0,0,0,3,0,0,1,2,N,Y,40 00:32.990,75 06:06.098,646, ,644, ,0, ,N, ,0, , , , , ,258141, , , ,2,0,0,0,0,0,1,0,0,0,0,0,0,0,0,0,0,0,0,0,0,0,0,0,0,0,0,0,0,0,0,0,0,0,0,0,0,40.0092,-75.1017, , 
 ,24746,2015053996,6,67,67301,2015,5,5,1320,13,1,1,0,4,1, , ,N,0,2,0,3,0,3,6,2,N, ,40 02:20.702,75 08:41.348,1435, ,1435, ,0, , , ,3, , , , , ,258145, , , ,2,1,0,0,0,0,1,0,0,0,0,0,3,3,0,0,0,0,0,0,0,0,0,0,0,0,0,0,0,0,0,0,0,0,0,8,0,40.0391,-75.1448, , 
 ,24747,2015054406,6,67,67301,2015,4,7,1430,14,1,1,0,1,1, , ,N,2,2,0,3,0,0,2,2,N, ,40 01:46.337,75 12:12.519,1514, ,307, ,0, , , ,3, , , , , ,258194, , , ,2,1,0,0,0,0,1,0,0,0,0,0,0,0,0,0,0,0,0,0,0,0,0,0,0,0,0,0,0,0,0,0,0,0,0,0,0,40.0295,-75.2035, , 
 ,24748,2015051964,6,67,67301,2015,4,3,1905,19,1,1,0,5,1, , ,N,0,0,0,3,0,1,3,3,N, ,39 57:18.349,75 10:07.097,1915, ,1910,1,1,4, , ,0,N, , , , ,258243, , , ,2,2,0,0,0,0,0,0,1,0,0,1,1,0,0,0,0,0,0,1,0,0,0,0,0,0,0,0,0,0,0,0,0,0,0,4,0,39.9551,-75.1686, , 
 ,24749,2015035159,6,67,67301,2015,3,5,635,6,1,4,3,6,1, , ,N,2,0,0,3,0,1,3,3,N, ,40 06:09.273,75 03:01.335,700, ,649, ,0, , , ,0, , , , , ,258267, , , ,3,0,0,0,2,0,1,0,0,0,0,1,1,0,0,0,0,0,0,0,2,0,0,0,0,0,0,0,0,0,0,0,0,0,0,4,0,40.1026,-75.0504, , 
 ,24750,2015040853,6,67,67301,2015,3,7,1048,10,1,1,0,4,1, , ,N,1,2,0,3,0,1,3,3,N, ,40 01:40.095,75 05:55.134,1054, ,1048,1,2,3, , ,3,N, , , , ,258275, , , ,3,1,0,0,0,0,1,1,0,0,0,0,1,1,0,0,0,0,0,0,1,0,0,0,0,0,0,0,0,0,0,0,0,0,0,8,0,40.0277,-75.0988, , 
 ,24751,2015012387,6,67,67301,2015,1,2,710,7,3,2,1,7,4, , ,N,3,3,0,3,0,0,1,2,N,N,40 01:25.255,75 08:07.141,720, ,715, ,0, ,N, ,3, , , , , ,258306, , , ,1,1,0,0,0,0,0,0,0,0,0,0,0,0,0,0,0,0,0,0,0,0,0,0,0,0,0,0,0,0,0,0,0,0,0,0,0,40.0237,-75.1351, , 
 ,24752,2015033722,6,67,67301,2015,2,7,40,0,3,1,0,1,1, , ,N,1,2,0,3,0,1,4,2,N,N,39 59:32.825,75 10:46.468,118, ,111, ,0, ,N, ,3, , , , , ,262510, , , ,2,2,0,0,0,0,0,0,0,0,0,1,1,0,2,0,0,0,0,0,1,0,0,2,0,0,0,0,0,0,0,0,0,0,0,4,0,39.9925,-75.1796, , 
 ,24753,2015040576,6,67,67301,2015,1,7,1215,12,1,1,0,4,1, , ,N,1,2,0,3,0,1,3,2,N, ,40 00:13.581,75 05:39.507,1240, ,1238, ,0, , , ,3, , , , , ,262516, , , ,2,1,0,0,0,0,1,0,0,0,0,1,1,0,0,0,0,0,0,0,0,0,0,0,0,0,0,0,0,0,0,0,0,0,0,4,0,40.0038,-75.0943, , 
 ,24754,2015040866,6,67,67301,2015,3,4,1808,18,1,2,1,1,1, , ,N,1,2,0,3,0,0,7,3,N, ,40 05:29.578,74 57:56.181,1823, ,1808,1,1,1, , ,3,N, , , , ,262517, , , ,3,2,0,0,0,0,1,0,0,0,0,0,0,0,0,0,0,0,0,0,1,0,0,0,0,0,0,0,0,0,0,0,0,0,0,0,0,40.0915,-74.9656, , 
 ,24755,2015021883,6,67,67301,2015,2,5,2145,21,3,1,0,8,1, , ,N,1,2,0,3,0,1,2,2,N,N,39 58:39.126,75 10:17.443,2200, ,2157, ,0, ,N, ,3, , , , , ,262541, , , ,1,1,0,0,0,0,0,0,0,0,0,0,1,1,0,0,0,0,0,0,0,0,0,0,0,0,0,0,0,0,0,0,1,0,0,8,0,39.9775,-75.1715, , 
 ,24756,2015038623,6,67,67301,2015,3,3,1730,17,1,1,0,4,1, , ,N,2,3,0,3,0,2,2,2,N,N,40 02:15.473,75 01:56.347,1738, ,1732,1,1,6,N, ,3,N, , , , ,262554, , , ,2,1,0,0,0,0,0,1,0,0,0,2,2,0,0,0,0,0,0,0,0,1,0,2,0,0,0,0,0,0,0,0,0,0,0,4,0,40.0376,-75.0323, , 
 ,24757,2015038665,6,67,67301,2015,3,3,648,6,1,1,0,4,1, , ,N,1,3,0,3,0,2,3,3,N, ,40 02:09.349,75 07:35.780,700, ,653, ,0, , , ,3, , , , , ,262555, , , ,3,1,0,1,1,0,0,0,0,0,0,1,2,1,0,0,0,0,0,0,0,0,0,0,0,0,0,0,0,0,0,0,0,0,0,4,1,40.0359,-75.1266, , 
 ,24758,2015040959,6,67,67301,2015,3,7,2154,21,3,1,0,4,1, , ,N,1,2,0,3,0,1,2,2,N, ,40 03:40.446,75 05:00.751,2200, ,2157,2,1,4, , ,3,N, , , , ,262558, , , ,2,1,0,0,0,0,1,0,0,0,0,1,1,0,0,0,0,0,0,1,0,0,0,0,0,0,0,0,0,0,0,0,0,0,0,4,0,40.0612,-75.0835, , 
 ,24759,2015042839,6,67,67301,2015,3,1,1500,15,1,9,7,8,1, , ,N,1,3,0,3,0,1,2,2,N,N,40 00:16.686,75 08:14.798,958, ,958, ,0, ,N, ,3, , , , , ,262561, , , ,1,0,0,0,0,0,0,0,0,0,0,0,1,1,0,0,0,0,0,0,0,0,0,0,0,0,0,0,0,0,0,0,1,0,0,8,0,40.0046,-75.1374, , 
 ,24760,2015053908,6,67,67301,2015,5,3,1520,15,1,1,0,4,6, , ,N,1,2,0,3,0,1,1,2,N, ,39 57:12.069,75 09:16.935,1526, ,1524, ,0, , , ,3, , , , , ,262573, , , ,2,1,1,0,0,0,0,0,0,0,0,1,1,0,0,0,0,0,0,0,0,0,0,0,0,0,0,0,0,0,0,0,0,0,0,4,0,39.9534,-75.1547, , 
 ,24761,2015028802,6,67,67301,2015,2,6,646,6,1,1,0,7,4, , ,N,1,2,0,3,0,0,1,2,N, ,40 02:27.721,75 05:17.442,845, ,829, ,0, , , ,3, , , , , ,262589, , , ,1,0,0,0,0,0,1,0,0,0,0,0,0,0,0,0,0,0,0,0,0,0,0,0,0,0,0,0,0,0,0,0,0,0,0,0,0,40.041,-75.0882, , 
 ,24762,2015035140,6,67,67301,2015,3,4,1850,18,3,6,1,4,1, , ,N,1,2,0,3,0,1,3,2,N,N,39 56:23.042,75 13:31.760,1904, ,1858,1,1,3,N, ,3,N, , , , ,262594, , , ,2,1,0,0,0,0,1,0,0,0,0,0,1,1,0,0,0,0,0,0,0,0,0,0,0,0,0,0,0,0,0,0,0,0,0,8,0,39.9397,-75.2255, , 
 ,24763,2015042754,6,46,46102,2015,4,1,1310,13,1,1,0,4,1, , ,N,2,3,0,3,0,1,3,2,N,N,40 04:32.687,75 09:40.548,1342, ,1337, ,0, ,N, ,3, , , , , ,262604, , , ,2,2,0,0,0,0,0,0,0,0,0,1,1,0,0,0,0,0,0,0,0,0,1,0,0,0,0,0,0,0,0,0,0,0,0,4,0,40.0757,-75.1613, , 
U,24764,2015051468,6,67,67301,2015,3,2,1115,11,1,1,0,2,1,8,8,Y,1,2,0,3,0,1,2,2,N, ,40 01:50.746,75 11:15.959,1125,99,1120, ,0, , , ,3, ,U,U,U,U,262611,U,U,U,2,2,0,0,0,0,0,0,0,0,0,0,1,1,0,0,0,0,0,0,0,1,1,0,0,0,0,0,0,0,0,0,0,0,0,8,0,40.0308,-75.1878, , 
 ,24765,2015061766,6,67,67301,2015,5,3,1520,15,1,1,0,8,1, , ,N,1,3,0,3,0,1,2,2,N,N,39 57:38.167,75 10:11.971,1545, ,1545, ,0, ,N, ,3, , , , , ,262622, , , ,1,1,0,0,0,0,0,0,0,0,1,0,1,0,0,0,0,0,0,0,0,0,0,0,0,0,0,0,0,0,0,0,1,0,0,3,0,39.9606,-75.17, , 
 ,24766,2015070182,6,67,67301,2015,6,5,853,8,1,2,1,6,1, , ,N,0,0,0,3,0,1,6,2,N,N,40 00:47.314,75 12:06.155,1910, ,854, ,0, ,N, ,0, , , , , ,262644, , , ,2,1,0,1,0,0,0,0,0,0,0,0,1,1,0,0,0,0,0,0,1,0,0,1,0,0,0,0,0,0,0,0,0,0,0,8,1,40.0131,-75.2017, , 
 ,24767,2015033419,6,67,67301,2015,3,4,2316,23,3,1,0,1,1, , ,N,1,2,0,3,0,0,2,2,N,N,39 59:31.996,75 14:44.598,2316, ,2316,2,1,2,N, ,3,N, , , , ,262695, , , ,2,2,0,0,0,0,0,0,0,0,0,0,0,0,0,0,0,0,0,0,1,0,0,0,0,0,0,0,0,0,0,0,0,0,0,0,0,39.9922,-75.2457, , 
 ,24768,2015043342,6,67,67301,2015,4,3,1854,18,4,2,1,5,1, , ,N,0,0,0,3,0,1,2,2,N,N,40 00:26.950,75 12:03.767,1907, ,1856, ,0, ,N, ,0, , , , , ,262707, , , ,2,1,0,0,0,0,0,0,0,0,0,1,1,0,1,0,0,0,0,0,0,0,0,0,0,0,0,0,0,0,0,0,0,0,0,4,0,40.0075,-75.201, , 
 ,24769,2015047577,6,67,67301,2015,4,6,657,6,1,2,1,2,1, , ,N,0,0,0,3,0,1,2,2,N,N,40 03:48.469,75 12:01.494,710, ,659, ,0, ,N, ,0, , , , , ,262710, , , ,2,2,0,0,0,0,0,0,0,0,0,0,1,1,0,0,0,0,0,0,2,0,0,0,0,0,0,0,0,0,0,0,0,0,0,8,0,40.0635,-75.2004, , 
 ,24770,2015046302,6,67,67301,2015,3,1,424,4,3,1,0,5,1, , ,N,0,0,0,3,0,1,3,2,N,N,40 00:00.610,75 11:41.725,424, ,424, ,0, ,N, ,0, , , , , ,266433, , , ,2,1,0,0,0,0,1,0,0,0,0,0,1,1,0,0,0,0,0,0,0,0,0,0,0,0,0,0,0,0,0,0,0,0,0,8,0,40.0002,-75.1949, , 
 ,24771,2015049057,6,67,67301,2015,4,7,140,1,3,1,0,5,6, , ,N,0,0,0,3,0,1,1,2,N, ,39 58:33.952,75 13:40.530,150, ,145, ,0, , , ,0, , , , , ,266437, , , ,2,2,0,0,0,0,0,0,0,0,0,0,1,1,0,0,0,0,0,0,0,0,0,0,0,0,0,0,0,0,0,0,0,0,0,8,0,39.9761,-75.2279, , 
 ,24772,2015049140,6,67,67301,2015,4,2,2032,20,3,1,0,4,1, , ,N,1,3,0,3,0,1,2,2,N, ,39 57:48.790,75 13:40.864,2038, ,2034, ,0, , , ,3, , , , , ,266438, , , ,1,1,0,0,0,0,0,0,1,0,0,1,1,0,0,0,0,0,0,0,1,0,0,0,0,0,0,0,0,0,0,0,0,0,0,4,0,39.9636,-75.228, , 
 ,24773,2015049172,6,67,67301,2015,4,3,42,0,3,2,1,4,1, , ,N,0,0,7,3,0,1,1,3,N, ,39 55:53.547,75 09:40.701,44, ,44, ,0, , , ,0, , , , , ,266443, , , ,3,0,0,0,1,0,2,0,0,0,0,1,1,0,0,0,0,0,0,0,0,0,0,0,0,0,0,0,0,0,0,0,0,0,0,4,0,39.9315,-75.1613, , 
 ,24774,2015052376,6,67,67301,2015,4,3,1459,14,1,1,0,1,1, , ,N,0,0,0,3,0,2,5,4,N,N,39 57:30.047,75 09:56.098,1539, ,1505, ,0, ,N, ,0, , , , , ,266447, , , ,4,1,0,0,1,0,2,0,0,0,0,2,2,0,0,0,0,0,0,0,0,0,0,0,0,0,0,0,0,0,0,0,0,0,0,4,0,39.9583,-75.1656, , 
 ,24775,2015054812,6,67,67301,2015,5,2,734,7,1,1,0,5,3, , ,N,0,0,0,3,0,2,4,3,N,N,39 59:52.489,75 11:45.131,744, ,738,1,2,4,N, ,0,N, , , , ,266448, , , ,3,2,0,0,0,0,1,0,0,0,0,2,2,0,0,0,0,0,0,1,0,0,0,0,0,0,0,0,0,0,0,0,0,0,0,4,0,39.9979,-75.1959, , 
N,24776,2015084044,6,67,67301,2015,8,7,50,0,3,1,0,1,1,1,4,Y,0,0,0,3,0,2,4,2,N,N,39 59:51.786,75 04:53.470,56,45,52,1,1,1,N, ,0,N,Y,N,N,N,266473,N,N,Y,2,0,0,0,0,0,2,0,0,0,0,2,2,0,0,0,0,0,0,0,1,0,0,0,0,0,0,0,0,0,0,0,0,0,0,4,0,39.9977,-75.0815, , 
 ,24777,2015092556,6,67,67301,2015,8,3,359,3,3,2,1,7,3, , ,N,0,0,0,3,0,1,1,1,N,N,39 56:24.828,75 11:44.641,411, ,400,3,2,4,Y, ,0,Y, , , , ,266480, , , ,1,0,0,0,0,1,0,0,0,0,0,0,1,1,0,0,0,0,0,0,1,0,0,0,0,0,0,0,0,0,0,0,0,0,0,8,1,39.9402,-75.1957, , 
 ,24778,2015092967,6,67,67301,2015,8,3,1250,12,1,1,0,4,1, , ,N,2,3,0,3,0,1,2,2,N,N,40 00:33.863,75 11:42.920,1320, ,1310, ,0, , , ,3, , , , , ,266481, , , ,1,0,0,0,0,0,1,0,1,0,0,1,1,0,0,0,0,0,0,0,1,0,0,0,0,0,0,0,0,0,0,0,0,0,0,4,0,40.0094,-75.1953, , 
 ,24779,2015017938,6,67,67301,2015,1,5,1010,10,1,1,0,1,1, , ,N,0,0,0,3,0,1,3,3,N,N,40 00:50.457,75 10:44.614,1025, ,1015, ,0, ,N, ,0, , , , , ,266501, , , ,3,2,0,0,0,0,1,0,0,0,0,1,1,0,0,0,0,0,0,0,1,0,0,0,0,0,0,0,0,0,0,0,0,0,0,4,0,40.014,-75.1791, , 
 ,24780,2015036692,6,67,67301,2015,3,6,155,1,3,1,0,1,1, , ,N,1,2,0,3,0,3,4,2,N,N,40 01:37.983,75 10:15.634,158, ,157, ,0, ,N, ,3, , , , , ,266518, , , ,2,1,0,0,0,0,1,0,0,0,0,0,3,3,0,0,0,0,0,0,1,0,0,1,0,0,0,0,0,0,0,0,0,0,0,8,0,40.0272,-75.171, , 
 ,24781,2015009590,6,67,67301,2015,1,1,900,9,1,4,5,5,1, , ,N,0,0,0,3,0,1,3,3,N, ,40 01:09.215,75 04:00.034,915, ,900, ,0, , , ,0, , , , , ,266544, , , ,3,2,0,0,0,0,1,0,0,0,0,1,1,0,0,0,0,0,0,0,0,0,0,1,0,0,0,0,0,0,0,0,0,0,0,4,0,40.0192,-75.0667, , 
 ,24782,2015012709,6,67,67301,2015,1,1,323,3,3,1,0,8,1, , ,N,0,0,0,3,0,1,4,2,N, ,39 54:45.623,75 14:35.732,323, ,323,3,1,2, , ,0,N, , , , ,266546, , , ,1,1,0,0,0,0,0,0,0,0,1,0,1,0,0,0,0,0,0,0,0,0,0,0,0,0,0,0,0,0,0,0,1,0,0,3,0,39.9127,-75.2433, , 
 ,24783,2015015630,6,67,67301,2015,1,1,1740,17,3,4,1,4,1, , ,N,2,0,0,3,0,1,4,2,N, ,40 00:18.770,75 05:33.796,1805, ,1800, ,0, , , ,0, , , , , ,266552, , , ,2,1,0,0,1,0,0,0,0,0,0,0,1,1,0,0,0,0,0,0,0,0,1,0,0,0,0,0,0,0,0,0,0,0,0,8,0,40.0052,-75.0927, , 