wz_ln_closure,objectid_1,crn,district,county,municipality,crash_year,crash_month,day_of_week,time_of_day,hour_of_day,illumination,weather,road_condition,collision_type,relation_to_road,work_zone_type,work_zone_loc,work_zone_ind,intersect_type,tcd_type,location_type,urban_rural,fatal_count,injury_count,person_count,total_units,sch_bus_ind,sch_zone_ind,latitude,longitude,arrival_tm,cons_zone_spd_lim,dispatch_tm,est_hrs_closed,lane_closed,ln_close_dir,ntfy_hiwy_maint,spec_juris_cd,tcd_func_cd,tfc_detour_ind,workers_pres,wz_close_detour,wz_flagger,wz_law_offcr_ind,objectid,wz_moving,wz_other,wz_shlder_mdn,vehicle_count,automobile_count,motorcycle_count,bus_count,small_truck_count,heavy_truck_count,suv_count,van_count,bicycle_count,maj_inj_count,mod_inj_count,min_inj_count,tot_inj_count,unk_inj_deg_count,unk_inj_per_count,driver_count_16yr,driver_count_17yr,driver_count_18yr,driver_count_19yr,driver_count_20yr,driver_count_50_64yr,driver_count_65_74yr,driver_count_75plus,unbelted_occ_count,unb_death_count,unb_maj_inj_count,belted_death_count,belted_maj_inj_count,mcycle_death_count,mcycle_maj_inj_count,bicycle_death_count,bicycle_maj_inj_count,ped_count,ped_death_count,ped_maj_inj_count,max_severity_level,comm_veh_count,dec_lat,dec_long,rdwy_surf_type_cd,county_name
 ,24784,2015022396,6,67,67301,2015,2,1,2023,20,3,1,0,4,1, , ,N,1,2,0,3,0,2,3,2,N, ,39 56:37.717,75 14:16.351,2034, ,2028, ,0, , , ,3, , , , , ,266558, , , ,2,1,0,0,0,0,0,0,0,0,0,0,2,2,0,0,0,0,0,0,0,0,0,0,0,0,0,0,0,0,0,0,0,0,0,8,0,39.9438,-75.2379, , 
 ,24785,2015044456,6,67,67301,2015,4,1,138,1,3,1,0,7,7, , ,N,6,0,2,3,0,5,5,1,N,N,39 57:36.094,75 10:47.782,140, ,138,2,2,3,Y, ,0,Y, , , , ,266575, , , ,1,1,0,0,0,0,0,0,0,0,0,0,5,5,0,0,0,0,0,0,0,0,0,0,0,0,0,0,0,0,0,0,0,0,0,8,0,39.96,-75.1799, , 
 ,24786,2015049109,6,67,67301,2015,4,2,2010,20,3,1,0,5,6, , ,N,0,2,0,3,0,0,2,2,N,N,39 57:58.114,75 14:10.189,2031, ,2030, ,0, ,N, ,3, , , , , ,266579, , , ,2,1,0,0,0,0,0,0,0,0,0,0,0,0,0,0,0,0,0,0,0,0,0,0,0,0,0,0,0,0,0,0,0,0,0,0,0,39.9661,-75.2362, , 
 ,24787,2015028774,6,67,67301,2015,2,1,1243,12,1,1,4,8,1, , ,N,1,2,0,3,0,1,2,2,N, ,39 56:04.178,75 13:18.249,1247, ,1245,1,1,4, , ,3,Y, , , , ,266592, , , ,1,0,0,0,1,0,0,0,0,0,0,0,1,1,0,0,0,0,0,0,1,0,0,0,0,0,0,0,0,0,0,0,1,0,0,8,0,39.9345,-75.2217, , 
 ,24788,2016052320,6,67,67301,2016,5,1,1442,14,1,2,1,1,1, , ,N,2,2,0,3,0,5,7,2,N, ,39 53:39.858,75 14:47.934,1517, ,1458,9,1,3, , ,3,N, , , , ,254864, , , ,2,0,0,0,0,0,2,0,0,0,0,0,5,5,0,0,0,0,0,0,0,0,0,2,0,0,0,0,0,0,0,0,0,0,0,8,0,39.8944,-75.2466, , 
 ,24789,2016062527,6,67,67301,2016,5,6,1635,16,1,1,0,2,1, , ,N,3,2,0,3,0,1,2,2,N,N,40 05:30.700,75 02:50.637,1647, ,1644,1,1,4,N, ,3,Y, , , , ,254872, , , ,2,2,0,0,0,0,0,0,0,0,0,0,1,1,0,0,0,0,0,0,1,0,0,0,0,0,0,0,0,0,0,0,0,0,0,8,0,40.0919,-75.0474, , 
 ,24790,2016068641,6,67,67301,2016,6,3,1535,15,1,1,0,8,1, , ,N,1,3,0,3,0,1,3,2,N,N,39 57:12.592,75 14:18.596,1540, ,1539, ,0, ,N, ,3, , , , , ,254880, , , ,1,1,0,0,0,0,0,0,0,0,0,1,1,0,0,0,0,0,0,0,0,0,0,0,0,0,0,0,0,0,0,0,1,0,0,4,0,39.9535,-75.2385, , 
 ,24791,2017018501,6,67,67301,2016,6,2,1100,11,1,1,0,4,1, , ,N,1,2,0,3,0,1,2,2,N,N,39 59:40.673,75 05:40.311,0, ,0, ,0, ,N, ,3, , , , , ,254887, , , ,2,1,0,0,1,0,0,0,0,0,0,0,1,1,0,0,0,0,0,0,1,0,0,0,0,0,0,0,0,0,0,0,0,0,0,8,0,39.9946,-75.0945, , 
 ,24792,2016105844,6,67,67301,2016,9,1,1930,19,3,1,0,4,1, , ,N,1,2,0,3,0,0,2,2,N,N,39 57:42.114,75 09:16.198,1950, ,1941, ,0, ,N, ,3, , , , , ,254921, , , ,2,2,0,0,0,0,0,0,0,0,0,0,0,0,0,0,0,0,0,0,0,0,0,0,0,0,0,0,0,0,0,0,0,0,0,0,0,39.9616,-75.1545, , 
 ,24793,2016105875,6,67,67301,2016,9,2,2035,20,3,1,0,4,1, , ,N,5,2,0,3,0,2,4,2,N,N,40 02:30.909,75 04:29.910,2045, ,2038, ,0, ,N, ,3, , , , , ,254939, , , ,2,2,0,0,0,0,0,0,0,0,0,0,2,2,0,0,0,2,0,0,0,0,0,0,0,0,0,0,0,0,0,0,0,0,0,8,0,40.0419,-75.075, , 
 ,24794,2016127822,6,67,67301,2016,11,3,2050,20,3,1,0,7,1, , ,N,0,0,2,3,0,0,2,1,N,N,40 00:32.265,75 11:19.982,2105, ,2053,2,1,3, , ,0,Y, , , , ,254950, , , ,1,1,0,0,0,0,0,0,0,0,0,0,0,0,2,0,0,0,0,0,0,0,0,0,0,0,0,0,0,0,0,0,0,0,0,9,0,40.009,-75.1889, , 
 ,24795,2016123881,6,67,67301,2016,11,7,1315,13,1,1,0,4,1, , ,N,1,2,0,3,0,0,3,2,N,N,39 58:59.553,75 09:24.974,1315, ,0,1,1,2,N, ,3,N, , , , ,254952, , , ,2,1,0,0,0,0,1,0,0,0,0,0,0,0,0,0,0,0,0,0,1,0,0,0,0,0,0,0,0,0,0,0,0,0,0,0,0,39.9832,-75.1568, , 
 ,24796,2016135831,6,67,67301,2016,12,7,1610,16,2,1,0,5,1, , ,N,0,0,0,3,0,0,2,2,N,N,40 07:27.807,75 00:59.760,1625, ,1621, ,0, , , ,0, , , , , ,254961, , , ,2,1,0,0,1,0,0,0,0,0,0,0,0,0,0,0,0,0,0,0,1,0,0,0,0,0,0,0,0,0,0,0,0,0,0,0,0,40.1244,-75.0166, , 
 ,24797,2017017470,6,67,67301,2016,4,4,9999,99,1,1,0,4,1, , ,N,2,3,1,3,0,2,3,2,N,N,39 59:25.838,75 07:27.472,0, ,0, ,0, ,N, ,3, , , , , ,254975, , , ,2,0,0,0,0,0,0,0,0,0,0,0,2,2,0,0,0,0,0,0,0,0,0,0,0,0,0,0,0,0,0,0,0,0,0,8,0,39.9905,-75.1243, , 
 ,24798,2016082263,6,67,67301,2016,7,7,2002,20,3,2,1,2,1, , ,N,0,0,0,3,0,3,3,2,N,N,40 00:16.164,75 04:37.173,2020, ,2014, ,0, , , ,0, , , , , ,254991, , , ,2,0,0,0,1,0,1,0,0,0,2,1,3,0,0,0,0,0,0,0,0,0,0,0,0,0,0,0,0,0,0,0,0,0,0,3,0,40.0045,-75.077, , 
 ,24799,2016105619,6,67,67301,2016,9,7,535,5,5,1,0,6,6, , ,N,0,0,0,3,0,1,1,2,N, ,39 58:18.213,75 15:04.824,553, ,548, ,0, , , ,0, , , , , ,254993, , , ,2,1,0,0,0,1,0,0,0,0,0,0,1,1,0,0,0,0,0,0,1,0,0,0,0,0,0,0,0,0,0,0,0,0,0,8,1,39.9717,-75.2513, , 
 ,24800,2016124557,6,67,67301,2016,11,5,2046,20,3,1,0,5,1, , ,N,0,0,0,3,0,0,6,3,N,N,39 57:32.124,75 10:12.648,2105, ,2049,2,1,4, , ,0,N, , , , ,254999, , , ,3,2,0,0,1,0,0,0,0,0,0,0,0,0,0,0,0,0,0,0,2,0,0,0,0,0,0,0,0,0,0,0,0,0,0,0,0,39.9589,-75.1702, , 
 ,24801,2016129329,6,67,67301,2016,11,6,1047,10,1,1,0,8,1, , ,N,1,2,0,3,0,1,2,2,N,N,40 00:00.687,75 09:59.702,1055, ,1052, ,0, ,N, ,3, , , , , ,255000, , , ,1,0,0,0,0,0,1,0,0,0,0,0,1,1,1,0,0,0,0,0,0,0,0,0,0,0,0,0,0,0,0,0,1,0,0,8,0,40.0002,-75.1666, , 
 ,24802,2016114266,6,67,67301,2016,10,6,2240,22,3,1,0,4,1, , ,N,1,2,0,3,0,1,2,2,N,N,39 56:34.034,75 09:56.277,2243, ,2242, ,0, ,N, ,3, , , , , ,255053, , , ,1,1,0,0,0,0,0,0,1,0,1,0,1,0,0,0,0,0,0,0,0,0,0,1,0,0,0,0,0,0,0,0,0,0,0,3,0,39.9428,-75.1656, , 
 ,24803,2016119162,6,67,67301,2016,10,3,645,6,1,1,0,4,1, , ,N,0,0,0,3,0,1,2,2,N, ,39 59:48.476,75 05:21.159,745, ,730, ,0, , , ,0, , , , , ,255057, , , ,2,0,0,0,0,0,1,0,0,0,0,0,1,1,0,0,0,0,0,0,2,0,0,0,0,0,0,0,0,0,0,0,0,0,0,8,0,39.9968,-75.0892, , 
 ,24804,2016112103,6,67,67301,2016,10,2,1340,13,1,1,0,4,1, , ,N,1,2,0,3,0,4,5,4,N,N,40 00:02.271,75 07:58.407,1350, ,1343, ,0, ,N, ,3, , , , , ,255063, , , ,4,3,0,0,0,0,0,1,0,0,0,1,4,3,0,0,0,0,0,0,1,0,0,1,0,0,0,0,0,0,0,0,0,0,0,4,0,40.0006,-75.1329, , 
 ,24805,2016112146,6,67,67301,2016,10,2,1830,18,3,1,0,4,1, , ,N,1,2,0,3,0,2,3,2,N,N,39 57:02.548,75 14:27.995,1850, ,1843, ,0, ,N, ,3, , , , , ,255090, , , ,2,2,0,0,0,0,0,0,0,0,0,2,2,0,0,0,0,0,0,0,1,0,0,0,0,0,0,0,0,0,0,0,0,0,0,4,0,39.9507,-75.2411, , 
 ,24806,2015047596,6,67,67301,2015,4,3,654,6,1,1,1,1,1, , ,N,0,0,0,3,0,1,2,2,N, ,40 03:25.175,75 04:18.080,700, ,654,1,1,1, , ,0,N, , , , ,258336, , , ,2,1,0,0,0,0,1,0,0,0,0,1,1,0,0,0,0,0,0,0,0,0,0,0,0,0,0,0,0,0,0,0,0,0,0,4,0,40.057,-75.0717, , 
 ,24807,2015056423,6,67,67301,2015,5,4,800,8,1,1,0,4,1, , ,N,1,2,0,3,0,1,2,5,N,N,40 00:36.435,75 07:17.178,855, ,845, ,0, ,N, ,3, , , , , ,258342, , , ,5,1,0,0,1,0,2,0,0,0,0,1,1,0,0,0,0,0,0,0,0,1,0,0,0,0,0,0,0,0,0,0,0,0,0,4,0,40.0101,-75.1214, , 
 ,24808,2015028796,6,67,67301,2015,2,2,1040,10,1,8,6,8,1, , ,N,1,2,0,3,0,1,2,2,N,N,40 03:15.962,75 08:52.411,1600, ,1600, ,0, ,N, ,3, , , , , ,258364, , , ,1,1,0,0,0,0,0,0,0,0,0,0,1,1,0,0,0,0,0,0,0,0,0,0,0,0,0,0,0,0,0,0,1,0,0,8,0,40.0544,-75.1479, , 
 ,24809,2015035166,6,67,67301,2015,3,2,1540,15,1,9,8,8,1, , ,N,1,3,0,3,0,1,2,2,N,Y,39 56:03.246,75 11:51.158,2125, ,2120, ,0, ,N, ,3, , , , , ,258371, , , ,1,0,0,0,0,0,1,0,0,0,0,0,1,1,0,0,0,0,0,0,0,0,0,0,0,0,0,0,0,0,0,0,1,0,0,8,0,39.9342,-75.1975, , 
 ,24810,2015045437,6,67,67301,2015,4,3,2210,22,3,2,1,7,4, , ,N,0,0,0,3,0,1,2,1,N, ,40 00:03.821,75 11:10.320,2215, ,2214, ,0, , , ,0, , , , , ,258382, , , ,1,1,0,0,0,0,0,0,0,0,0,1,1,0,0,0,0,0,0,0,0,0,0,0,0,0,0,0,0,0,0,0,0,0,0,4,0,40.0011,-75.1862, , 
 ,24811,2015034162,6,67,67301,2015,3,6,1200,12,1,1,4,7,4, , ,N,2,0,0,3,0,2,2,1,N,N,40 00:04.157,75 05:49.913,1215, ,1200, ,0, ,N, ,0, , , , , ,258425, , , ,1,0,0,0,0,0,1,0,0,0,0,2,2,0,0,0,0,0,0,0,1,0,0,0,0,0,0,0,0,0,0,0,0,0,0,4,0,40.0012,-75.0972, , 
 ,24812,2015033141,6,67,67301,2015,3,7,1407,14,1,1,0,1,1, , ,N,0,0,0,3,0,2,6,3,N,N,39 53:49.544,75 11:19.616,1437, ,1407,2,1,1,N, ,0,N, , , , ,258518, , , ,3,2,0,0,0,0,1,0,0,0,0,2,2,0,0,0,0,0,0,0,0,0,0,0,0,0,0,0,0,0,0,0,0,0,0,4,0,39.8971,-75.1888, , 
 ,24813,2015025128,6,67,67301,2015,2,3,745,7,1,8,5,7,4, , ,N,10,0,0,3,0,0,1,1,N,N,40 04:19.963,75 12:40.733,926, ,926,1,2,4,N, ,0,Y, , , , ,258551, , , ,1,1,0,0,0,0,0,0,0,0,0,0,0,0,0,0,1,0,0,0,0,0,0,0,0,0,0,0,0,0,0,0,0,0,0,0,0,40.0722,-75.2113, , 
 ,24814,2015053893,6,67,67301,2015,5,1,2030,20,3,1,0,4,1, , ,N,1,3,0,3,0,1,2,2,N,N,40 00:34.790,75 08:30.836,2038, ,2034, ,0, ,N, ,3, , , , , ,258577, , , ,1,1,0,0,0,0,0,0,1,0,0,1,1,0,0,0,0,0,0,0,0,0,0,0,0,0,0,0,0,0,0,0,0,0,0,4,0,40.0097,-75.1419, , 
 ,24815,2015063910,6,67,67301,2015,5,5,1338,13,1,1,0,4,1, , ,N,1,2,0,3,0,0,2,2,N,N,40 03:40.446,75 05:00.751,1424, ,1422, ,0, ,N, ,3, , , , , ,258583, , , ,2,2,0,0,0,0,0,0,0,0,0,0,0,0,0,0,0,0,0,0,1,0,0,1,0,0,0,0,0,0,0,0,0,0,0,0,0,40.0612,-75.0835, , 
 ,24816,2015047635,6,67,67301,2015,4,7,210,2,3,1,0,5,6, , ,N,0,0,0,3,0,0,1,4,N,N,39 58:07.986,75 13:50.664,225, ,220, ,0, ,N, ,0, , , , , ,258615, , , ,4,3,0,0,0,0,1,0,0,0,0,0,0,0,1,0,0,0,0,0,0,0,0,0,0,0,0,0,0,0,0,0,0,0,0,9,0,39.9689,-75.2307, , 
 ,24817,2015051482,6,67,67301,2015,5,2,1230,12,1,1,0,8,1, , ,N,3,2,0,3,0,1,2,2,N,N,40 02:59.838,75 08:50.129,1720, ,1720, ,0, ,N, ,3, , , , , ,258619, , , ,1,1,0,0,0,0,0,0,0,0,0,1,1,0,0,0,0,0,0,0,0,0,0,1,0,0,0,0,0,0,0,0,1,0,0,4,0,40.0499,-75.1472, , 
 ,24818,2015040852,6,67,67301,2015,3,6,2253,22,3,1,0,4,1, , ,N,1,2,0,3,0,1,3,3,N,N,39 58:24.945,75 09:06.901,2254, ,2254, ,0, ,N, ,3, , , , , ,258665, , , ,3,1,0,0,0,0,2,0,0,0,0,1,1,0,1,0,0,0,0,0,0,0,0,0,0,0,0,0,0,0,0,0,0,0,0,4,0,39.9736,-75.1519, , 
 ,24819,2015043248,6,67,67301,2015,3,3,820,8,2,2,1,4,1, , ,N,1,3,0,3,0,0,2,2,N, ,39 56:00.816,75 11:32.211,842, ,842, ,0, , , ,3, , , , , ,258667, , , ,2,2,0,0,0,0,0,0,0,0,0,0,0,0,0,0,0,0,0,0,0,0,0,0,0,0,0,0,0,0,0,0,0,0,0,0,0,39.9336,-75.1923, , 
 ,24820,2015049009,6,67,67301,2015,4,4,1446,14,1,2,1,4,1, , ,N,0,0,7,3,0,0,3,2,N,N,40 06:11.158,74 59:58.473,1510, ,1501, ,0, , , ,0, , , , , ,258671, , , ,2,1,0,0,0,0,1,0,0,0,0,0,0,0,0,0,0,0,0,0,1,0,0,0,0,0,0,0,0,0,0,0,0,0,0,0,0,40.1031,-74.9996, , 
 ,24821,2015020739,6,67,67301,2015,1,1,2230,22,3,1,0,8,1, , ,N,2,3,0,3,0,1,2,2,N,N,39 55:02.880,75 10:37.088,9999, ,9999, ,0, ,N, ,3, , , , , ,258691, , , ,1,1,0,0,0,0,0,0,0,0,1,0,1,0,0,0,0,0,0,0,0,0,0,0,0,0,0,0,0,0,0,0,1,0,0,3,0,39.9175,-75.177, , 
 ,24822,2015021942,6,67,67301,2015,2,6,2313,23,3,1,0,8,1, , ,N,0,0,0,3,0,1,2,2,N,N,39 55:22.674,75 14:16.526,2317, ,2317,9,2,6,N, ,0,N, , , , ,258692, , , ,1,1,0,0,0,0,0,0,0,1,0,0,1,0,0,0,0,0,0,0,0,0,0,0,0,0,0,0,0,0,0,0,1,0,1,2,0,39.923,-75.2379, , 
 ,24823,2015040568,6,67,67301,2015,2,7,240,2,3,1,0,2,1, , ,N,0,0,0,3,0,3,3,3,N,N,40 00:44.088,75 10:53.876,253, ,246,3,2,2,N, ,0,Y, , , , ,258713, , , ,3,2,0,0,0,0,0,1,0,3,0,0,3,0,0,0,0,0,0,0,0,0,0,0,0,0,0,2,0,0,0,0,0,0,0,2,0,40.0122,-75.1816, , 
 ,24824,2015056633,6,67,67301,2015,5,7,2010,20,3,1,0,1,1, , ,N,0,0,0,3,0,1,2,2,N,N,39 59:49.279,75 04:55.294,2022, ,2017,2,1,1,N, ,0,N, , , , ,262715, , , ,2,2,0,0,0,0,0,0,0,0,1,0,1,0,0,0,0,0,0,0,0,0,0,0,0,0,0,0,0,0,0,0,0,0,0,3,0,39.997,-75.082, , 
 ,24825,2015059116,6,67,67301,2015,5,4,1503,15,1,1,0,4,1, , ,N,2,3,0,3,0,1,2,2,N, ,39 58:30.464,75 10:54.062,1535, ,1532, ,0, , , ,3, , , , , ,262717, , , ,1,1,0,0,0,0,0,0,1,0,0,0,1,1,0,0,0,0,0,0,0,0,0,0,0,0,0,0,0,0,0,0,0,0,0,8,0,39.9751,-75.1817, , 
 ,24826,2015018420,6,67,67301,2015,2,3,952,9,1,1,0,7,4, , ,N,0,0,2,3,0,0,1,1,N,N,39 57:24.125,75 08:30.583,1009, ,955,1,1,3,N, ,0,N, , , , ,262734, , , ,1,1,0,0,0,0,0,0,0,0,0,0,0,0,0,0,0,0,0,0,0,0,0,0,0,0,0,0,0,0,0,0,0,0,0,0,0,39.9567,-75.1418, , 
 ,24827,2015018990,6,67,67301,2015,1,5,949,9,1,1,0,4,1, , ,N,0,0,0,3,0,0,2,2,N,N,39 56:53.040,75 09:14.161,1005, ,959, ,0, ,N, ,0, , , , , ,262735, , , ,2,2,0,0,0,0,0,0,0,0,0,0,0,0,0,0,0,0,0,0,1,0,0,0,0,0,0,0,0,0,0,0,0,0,0,0,0,39.9481,-75.1539, , 
 ,24828,2015028866,6,67,67301,2015,2,5,755,7,1,1,0,4,1, , ,N,0,0,7,3,0,1,2,2,N,N,39 59:51.902,75 07:24.580,759, ,758, ,0, ,N, ,0, , , , , ,262742, , , ,1,0,0,0,0,0,1,0,1,0,0,1,1,0,0,0,0,0,0,0,0,0,0,0,0,0,0,0,0,0,0,0,0,0,0,4,0,39.9978,-75.1235, , 
 ,24829,2015042877,6,67,67301,2015,4,1,2143,21,3,1,0,5,6, , ,N,0,0,0,3,0,0,1,4,N,N,40 03:50.123,75 09:34.995,2231, ,2207, ,0, ,N, ,0, , , , , ,262750, , , ,4,2,0,0,0,0,2,0,0,0,0,0,0,0,0,0,0,0,0,0,0,0,0,0,0,0,0,0,0,0,0,0,0,0,0,0,0,40.0639,-75.1597, , 
 ,24830,2015051980,6,67,67301,2015,5,7,844,8,1,1,0,4,1, , ,N,0,0,0,3,0,2,2,2,N, ,39 58:24.665,75 09:32.118,845, ,845, ,0, , , ,0, , , , , ,262756, , , ,2,2,0,0,0,0,0,0,0,0,0,2,2,0,0,0,0,0,0,0,0,0,0,0,0,0,0,0,0,0,0,0,0,0,0,4,0,39.9735,-75.1589, , 
 ,24831,2015012136,6,67,67301,2015,1,5,851,8,1,1,0,1,1, , ,N,0,0,0,3,0,1,2,2,N,N,39 58:47.582,75 12:16.857,851, ,851,1,2,4,N, ,0,N, , , , ,262775, , , ,2,1,0,0,0,0,1,0,0,0,0,0,1,1,0,0,0,0,0,0,0,0,0,0,0,0,0,0,0,0,0,0,0,0,0,8,0,39.9799,-75.2047, , 
 ,24832,2015036589,6,67,67301,2015,3,2,1200,12,1,1,0,4,1, , ,N,1,3,0,3,0,1,2,2,N, ,39 56:07.519,75 13:04.141,1306, ,1226, ,0, , , ,3, , , , , ,262790, , , ,2,1,0,0,0,1,0,0,0,0,0,1,1,0,0,0,0,0,0,0,1,1,0,0,0,0,0,0,0,0,0,0,0,0,0,4,1,39.9354,-75.2178, , 
 ,24833,2015049162,6,67,67301,2015,4,1,1325,13,1,1,0,5,6, , ,N,0,0,0,3,0,1,1,4,N, ,39 58:37.423,75 07:47.222,1334, ,1334, ,0, , , ,0, , , , , ,262803, , , ,4,2,0,0,0,0,2,0,0,0,0,1,1,0,0,0,0,0,0,0,0,0,0,0,0,0,0,0,0,0,0,0,0,0,0,4,0,39.9771,-75.1298, , 
 ,24834,2015001668,6,67,67301,2015,1,7,2200,22,3,2,1,7,2, , ,N,0,0,0,3,0,3,3,2,N,N,39 58:51.992,75 12:24.165,2207, ,2201,2,1,3,N, ,0,N, , , , ,262815, , , ,2,1,0,0,0,1,0,0,0,0,0,3,3,0,0,0,0,0,0,1,0,0,0,2,0,0,0,0,0,0,0,0,0,0,0,4,1,39.9811,-75.2067, , 
 ,24835,2015006110,6,67,67301,2015,1,7,1210,12,1,2,1,1,1, , ,N,0,0,0,3,0,0,2,2,N,N,40 01:02.288,75 12:08.268,1215, ,1211,1,2,1,N, ,0,N, , , , ,262819, , , ,2,1,0,0,0,0,1,0,0,0,0,0,0,0,0,0,0,0,0,0,0,0,0,0,0,0,0,0,0,0,0,0,0,0,0,0,0,40.0173,-75.2023, , 
 ,24836,2015012325,6,67,67301,2015,1,5,1333,13,1,1,0,8,1, , ,N,1,2,0,3,0,1,2,2,N, ,39 57:15.080,75 10:11.059,1338, ,1335, ,0, , , ,3, , , , , ,262823, , , ,1,0,0,0,0,0,1,0,0,0,0,0,1,1,0,0,0,0,0,0,0,0,0,0,0,0,0,0,0,0,0,0,1,0,0,8,0,39.9542,-75.1698, , 
 ,24837,2015012342,6,67,67301,2015,1,5,201,2,3,1,0,5,6, , ,N,0,0,0,3,0,1,1,3,N,N,39 58:39.439,75 09:37.314,206, ,202,3,2,4,N, ,0,Y, , , , ,262824, , , ,3,3,0,0,0,0,0,0,0,0,0,0,1,1,0,0,0,0,0,0,0,0,0,0,0,0,0,0,0,0,0,0,0,0,0,8,0,39.9776,-75.1604, , 
 ,24838,2015012367,6,67,67301,2015,1,1,702,7,5,3,5,1,1, , ,N,0,0,0,3,0,0,2,2,N,N,39 57:18.345,75 11:08.217,709, ,704,3,1,3,N, ,0,Y, , , , ,262825, , , ,2,1,0,0,0,0,0,1,0,0,0,0,0,0,0,0,0,0,0,0,1,0,0,0,0,0,0,0,0,0,0,0,0,0,0,0,0,39.9551,-75.1856, , 
 ,24839,2015025016,6,67,67301,2015,2,7,25,0,3,1,0,5,6, , ,N,0,0,0,3,0,0,1,4,N,N,39 55:15.218,75 10:21.723,30, ,25,1,2,4,N, ,0,Y, , , , ,262835, , , ,4,1,0,0,2,0,1,0,0,0,0,0,0,0,0,0,0,0,0,0,0,0,0,0,0,0,0,0,0,0,0,0,0,0,0,0,0,39.9209,-75.1727, , 
 ,24840,2015038570,6,67,67301,2015,3,4,1015,10,1,1,0,1,1, , ,N,0,2,0,3,0,2,3,2,N,N,39 57:07.423,75 10:24.732,1025, ,1016, ,0, ,N, ,3, , , , , ,262846, , , ,2,2,0,0,0,0,0,0,0,0,0,2,2,0,0,0,0,0,0,0,0,0,0,0,0,0,0,0,0,0,0,0,0,0,0,4,0,39.9521,-75.1735, , 
 ,24841,2015040906,6,67,67301,2015,3,5,1430,14,1,1,0,4,1,3,4,Y,1,3,0,3,0,0,2,2,N,N,39 58:54.156,75 08:42.853,1538,99,1532, ,0, ,N, ,3, ,Y, , ,N,262849, , , ,2,1,0,0,0,0,1,0,0,0,0,0,0,0,1,0,0,0,0,0,0,0,0,0,0,0,0,0,0,0,0,0,0,0,0,9,0,39.9817,-75.1452, , 
 ,24842,2015040931,6,67,67301,2015,3,5,2330,23,3,2,1,1,1, , ,N,2,3,0,3,0,2,3,4,N,N,40 01:35.466,75 06:55.207,2340, ,2337, ,0, ,N, ,3, , , , , ,262850, , , ,4,3,0,0,0,0,0,1,0,0,0,2,2,0,0,0,0,0,0,0,0,0,0,0,0,0,0,0,0,0,0,0,0,0,0,4,0,40.0265,-75.1153, , 
 ,24843,2015014862,6,67,67301,2015,1,6,2215,22,3,1,0,1,1, , ,N,0,0,0,3,0,0,8,4,N,N,39 58:15.104,75 11:34.926,2224, ,2219,1,2,4,N, ,0,N, , , , ,265195, , , ,4,4,0,0,0,0,0,0,0,0,0,0,0,0,0,0,0,0,0,0,0,0,0,0,0,0,0,0,0,0,0,0,0,0,0,0,0,39.9709,-75.193, , 
 ,24844,2015035133,6,67,67301,2015,3,3,403,4,3,4,6,5,1, , ,N,1,2,0,3,0,2,3,2,N,N,40 00:49.975,75 07:33.617,403, ,403,3,2,7,N, ,3,N, , , , ,265208, , , ,2,1,0,0,0,0,1,0,0,0,1,1,2,0,0,0,0,0,0,0,0,0,0,0,0,0,0,0,0,0,0,0,0,0,0,3,0,40.0139,-75.126, , 
 ,24845,2015061807,6,67,67301,2015,5,3,1645,16,1,1,0,4,1, , ,N,2,2,7,3,0,0,2,2,N, ,40 03:47.137,75 05:11.534,1705, ,1700, ,0, , , ,3, , , , , ,265227, , , ,2,2,0,0,0,0,0,0,0,0,0,0,0,0,0,0,0,0,0,0,0,0,1,0,0,0,0,0,0,0,0,0,0,0,0,0,0,40.0631,-75.0866, , 
 ,24846,2015009805,6,67,67301,2015,1,3,2024,20,3,1,1,7,2, , ,N,0,0,0,3,0,0,1,1,N,N,39 59:06.209,75 05:40.944,2107, ,2030,2,2,2,N, ,0,N, , , , ,265234, , , ,1,1,0,0,0,0,0,0,0,0,0,0,0,0,0,0,0,0,0,0,0,0,0,0,0,0,0,0,0,0,0,0,0,0,0,0,0,39.9851,-75.0947, , 
 ,24847,2015021952,6,67,67301,2015,1,4,1840,18,3,4,1,8,1, , ,N,2,2,7,3,0,1,2,2,N,N,40 02:24.310,75 13:27.374,1840, ,1840, ,0, ,N, ,3, , , , , ,265249, , , ,1,1,0,0,0,0,0,0,0,0,0,0,1,1,0,0,0,0,0,0,0,0,0,0,0,0,0,0,0,0,0,0,1,0,0,8,0,40.0401,-75.2243, , 
 ,24848,2015001666,6,67,67301,2015,1,7,217,2,3,1,0,7,4, , ,N,0,0,0,3,0,1,2,1,N,N,39 58:29.882,75 07:02.672,223, ,219,1,1,2,N, ,0,N, , , , ,265279, , , ,1,1,0,0,0,0,0,0,0,0,0,0,1,1,0,0,0,0,0,0,0,0,0,0,0,0,0,0,0,0,0,0,0,0,0,8,0,39.975,-75.1174, , 
 ,24849,2015045455,6,67,67301,2015,4,4,1805,18,1,2,1,4,1, , ,N,0,0,7,3,0,0,2,2,N,N,40 05:48.971,75 01:04.638,1815, ,1810, ,0, , , ,0, , , , , ,265317, , , ,2,2,0,0,0,0,0,0,0,0,0,0,0,0,0,1,0,0,0,0,0,0,0,0,0,0,0,0,0,0,0,0,0,0,0,0,0,40.0969,-75.018, , 
 ,24850,2015035137,6,67,67301,2015,3,2,1835,18,1,1,0,8,1, , ,N,1,2,0,3,0,1,2,2,N,N,39 55:20.168,75 11:13.400,1840, ,1837, ,0, ,N, ,3, , , , , ,265342, , , ,1,1,0,0,0,0,0,0,0,0,0,1,1,0,0,0,0,0,0,0,0,0,0,0,0,0,0,0,0,0,0,0,1,0,0,4,0,39.9223,-75.1871, , 