wz_ln_closure,objectid_1,crn,district,county,municipality,crash_year,crash_month,day_of_week,time_of_day,hour_of_day,illumination,weather,road_condition,collision_type,relation_to_road,work_zone_type,work_zone_loc,work_zone_ind,intersect_type,tcd_type,location_type,urban_rural,fatal_count,injury_count,person_count,total_units,sch_bus_ind,sch_zone_ind,latitude,longitude,arrival_tm,cons_zone_spd_lim,dispatch_tm,est_hrs_closed,lane_closed,ln_close_dir,ntfy_hiwy_maint,spec_juris_cd,tcd_func_cd,tfc_detour_ind,workers_pres,wz_close_detour,wz_flagger,wz_law_offcr_ind,objectid,wz_moving,wz_other,wz_shlder_mdn,vehicle_count,automobile_count,motorcycle_count,bus_count,small_truck_count,heavy_truck_count,suv_count,van_count,bicycle_count,maj_inj_count,mod_inj_count,min_inj_count,tot_inj_count,unk_inj_deg_count,unk_inj_per_count,driver_count_16yr,driver_count_17yr,driver_count_18yr,driver_count_19yr,driver_count_20yr,driver_count_50_64yr,driver_count_65_74yr,driver_count_75plus,unbelted_occ_count,unb_death_count,unb_maj_inj_count,belted_death_count,belted_maj_inj_count,mcycle_death_count,mcycle_maj_inj_count,bicycle_death_count,bicycle_maj_inj_count,ped_count,ped_death_count,ped_maj_inj_count,max_severity_level,comm_veh_count,dec_lat,dec_long,rdwy_surf_type_cd,county_name
 ,24851,2015049119,6,67,67301,2015,4,7,1419,14,1,1,0,4,1, , ,N,0,0,0,3,0,1,8,2,N,N,39 58:25.191,75 11:40.844,1449, ,1449, ,0, ,N, ,0, , , , , ,265357, , , ,2,1,0,0,0,0,1,0,0,0,0,0,1,1,0,0,0,0,0,0,0,0,0,0,0,0,0,0,0,0,0,0,0,0,0,8,0,39.9737,-75.1947, , 
 ,24852,2015061894,6,67,67301,2015,5,7,1932,19,1,1,0,8,1, , ,N,0,0,0,3,0,1,2,2,N,N,40 01:59.759,75 07:49.139,1939, ,1932, ,0, , , ,0, , , , , ,265371, , , ,1,0,0,0,0,0,1,0,0,0,0,1,1,0,0,0,0,0,0,0,1,0,0,0,0,0,0,0,0,0,0,0,1,0,0,4,0,40.0333,-75.1303, , 
 ,24853,2015025155,6,67,67301,2015,2,4,1813,18,3,1,0,1,1, , ,N,0,0,6,3,0,2,3,2,N,N,40 04:58.264,75 01:36.548,1815, ,1814,1,1,2,N, ,0,N, , , , ,265390, , , ,2,2,0,0,0,0,0,0,0,0,0,0,2,2,0,0,0,0,0,0,0,0,0,0,0,0,0,0,0,0,0,0,0,0,0,8,0,40.0829,-75.0268, , 
 ,24854,2015038619,6,67,67301,2015,3,3,1602,16,1,1,0,4,1, , ,N,2,0,0,3,0,2,4,2,N,N,40 01:08.034,75 04:21.383,1708, ,1704,3,2,2,N, ,0,N, , , , ,265403, , , ,2,1,0,0,0,0,1,0,0,0,0,0,2,2,1,0,0,0,0,0,1,0,0,0,0,0,0,0,0,0,0,0,0,0,0,8,0,40.0189,-75.0726, , 
 ,24855,2015038678,6,67,67301,2015,3,1,1430,14,1,1,0,4,1, , ,N,2,2,0,3,0,0,2,2,N, ,40 02:02.390,75 12:56.882,1435, ,1430, ,0, , , ,3, , , , , ,265404, , , ,2,1,0,0,0,0,1,0,0,0,0,0,0,0,1,0,0,0,0,0,0,0,1,0,0,0,0,0,0,0,0,0,0,0,0,9,0,40.034,-75.2158, , 
 ,24856,2015012412,6,67,67301,2015,1,6,430,4,3,1,0,4,1, , ,N,0,0,0,3,0,1,2,3,N, ,39 54:29.908,75 13:37.063,605, ,603, ,0, , , ,0, , , , , ,265433, , , ,3,3,0,0,0,0,0,0,0,0,0,0,1,1,0,0,0,0,0,0,0,0,0,0,0,0,0,0,0,0,0,0,0,0,0,8,0,39.9083,-75.227, , 
 ,24857,2015020652,6,67,67301,2015,1,1,150,1,3,1,0,5,6, , ,N,0,0,0,3,0,2,2,2,N,N,39 57:37.682,75 13:29.147,200, ,157,9,2,5,N, ,0,Y, , , , ,265488, , , ,2,1,0,0,0,0,1,0,0,0,0,1,2,1,0,0,0,0,0,0,0,0,0,0,0,0,0,0,0,0,0,0,0,0,0,4,0,39.9605,-75.2248, , 
 ,24858,2015049106,6,67,67301,2015,4,3,1155,11,1,1,0,4,1, , ,N,1,2,0,3,0,1,2,2,N,N,40 07:24.747,75 00:55.270,1201, ,1155, ,0, , , ,3, , , , , ,265516, , , ,2,1,0,0,0,0,1,0,0,0,0,1,1,0,0,0,0,0,0,0,1,0,0,0,0,0,0,0,0,0,0,0,0,0,0,4,0,40.1235,-75.0154, , 
 ,24859,2015021517,6,67,67301,2015,2,6,1648,16,4,1,0,1,1, , ,N,0,0,0,3,0,0,4,2,N,N,40 02:22.975,75 00:25.419,1712, ,1655, ,0, ,N, ,0, , , , , ,265531, , , ,2,1,0,0,0,0,1,0,0,0,0,0,0,0,0,0,0,0,0,0,1,0,0,0,0,0,0,0,0,0,0,0,0,0,0,0,0,40.0397,-75.0071, , 
 ,24860,2015025158,6,67,67301,2015,2,6,9999,99,1,1,0,1,1, , ,N,1,2,0,3,0,0,2,2,N, ,39 56:22.379,75 11:53.331,9999, ,200, ,0, , , ,3, , , , , ,265536, , , ,2,0,0,0,0,0,1,1,0,0,0,0,0,0,0,0,0,0,1,0,1,0,0,0,0,0,0,0,0,0,0,0,0,0,0,0,0,39.9396,-75.1982, , 
 ,24861,2015031031,6,67,67301,2015,3,1,300,3,3,8,6,5,6, , ,N,0,0,0,3,0,0,1,2,N, ,39 59:53.350,75 06:50.932,305, ,300, ,0, , , ,0, , , , , ,265546, , , ,2,1,0,0,0,0,1,0,0,0,0,0,0,0,0,0,0,0,0,0,0,0,0,0,0,0,0,0,0,0,0,0,0,0,0,0,0,39.9982,-75.1141, , 
 ,24862,2016117189,6,67,67301,2016,10,2,1310,13,1,1,0,7,4, , ,N,0,0,0,3,0,1,1,1,N,N,39 58:23.732,75 08:57.373,1317, ,1310, ,0, , , ,0, , , , , ,255094, , , ,1,1,0,0,0,0,0,0,0,0,0,1,1,0,0,0,0,0,0,0,0,0,0,0,0,0,0,0,0,0,0,0,0,0,0,4,0,39.9733,-75.1493, , 
 ,24863,2016117703,6,67,67301,2016,10,5,650,6,3,1,0,4,1, , ,N,1,2,0,3,0,1,2,2,N,N,39 57:41.729,75 09:16.202,653, ,651, ,0, ,N, ,3, , , , , ,255102, , , ,2,2,0,0,0,0,0,0,0,0,0,1,1,0,0,0,0,0,0,0,0,0,0,0,0,0,0,0,0,0,0,0,0,0,0,4,0,39.9616,-75.1545, , 
 ,24864,2016126057,6,67,67301,2016,11,4,1515,15,1,2,1,1,1, , ,N,4,2,0,3,0,1,2,2,N,N,39 57:08.768,75 09:45.156,1805, ,1800, ,0, ,N, ,3, , , , , ,255106, , , ,1,0,0,0,0,0,1,0,1,0,0,1,1,0,0,0,0,0,0,0,0,0,0,1,0,0,0,0,0,0,0,0,0,0,0,4,0,39.9524,-75.1625, , 
 ,24865,2016135773,6,67,67301,2016,12,1,1805,18,3,1,0,4,1, , ,N,5,2,0,3,0,0,2,2,N,N,40 00:18.026,75 10:42.917,1814, ,1808, ,0, ,N, ,3, , , , , ,255114, , , ,2,1,0,0,0,0,0,1,0,0,0,0,0,0,0,0,0,0,0,0,0,0,0,0,0,0,0,0,0,0,0,0,0,0,0,0,0,40.005,-75.1786, , 
 ,24866,2017023445,6,67,67301,2016,11,3,1745,17,3,1,0,1,1, , ,N,1,2,0,3,0,1,2,2,N,N,40 01:43.905,75 06:21.601,0, ,0, ,0, ,N, ,3, , , , , ,255122, , , ,2,0,0,0,0,0,2,0,0,1,0,0,1,0,0,0,0,0,0,0,1,1,0,1,0,0,0,1,0,0,0,0,0,0,0,2,0,40.029,-75.1061, , 
 ,24867,2016138233,6,67,67301,2016,12,3,1922,19,3,2,1,4,1, , ,N,1,3,0,3,0,1,2,2,N,N,39 57:54.590,75 12:09.575,1953, ,1922, ,0, ,N, ,3, , , , , ,255151, , , ,2,1,0,0,0,0,1,0,0,0,0,1,1,0,0,0,0,0,0,0,0,1,0,0,0,0,0,0,0,0,0,0,0,0,0,4,0,39.9652,-75.2027, , 
 ,24868,2016080438,6,67,67301,2016,7,7,2000,20,1,1,0,6,1, , ,N,0,2,0,3,0,2,4,2,N,N,40 01:48.738,75 07:06.214,2010, ,2004, ,0, ,N, ,3, , , , , ,255168, , , ,2,2,0,0,0,0,0,0,0,0,0,2,2,0,1,0,0,0,0,0,0,0,0,1,0,0,0,0,0,0,0,0,0,0,0,4,0,40.0302,-75.1184, , 
 ,24869,2016081442,6,67,67301,2016,7,4,858,8,1,1,0,4,1, , ,N,2,0,0,3,0,1,4,2,N,N,40 05:17.591,75 02:37.411,900, ,858, ,0, ,N, ,0, , , , , ,255172, , , ,1,0,0,0,0,0,1,0,1,0,0,1,1,0,0,0,0,0,0,0,0,0,0,0,0,0,0,0,0,0,0,0,0,0,0,4,0,40.0883,-75.0436, , 
 ,24870,2016082303,6,67,67301,2016,7,1,232,2,3,1,0,1,6, , ,N,0,0,0,3,0,0,1,2,N,N,39 55:24.157,75 11:36.448,240, ,232, ,0, , , ,0, , , , , ,255178, , , ,2,1,0,0,0,0,0,0,0,0,0,0,0,0,0,0,0,0,0,0,0,0,0,0,0,0,0,0,0,0,0,0,0,0,0,0,0,39.9234,-75.1935, , 
 ,24871,2016097047,6,67,67301,2016,9,1,2230,22,3,1,0,5,6, , ,N,0,0,0,3,0,1,2,2,N,N,40 02:04.336,75 07:26.590,2359, ,2350,3,2,2,N, ,0,N, , , , ,255182, , , ,2,0,0,0,0,0,1,1,0,0,0,0,1,1,0,0,0,0,0,0,0,0,0,0,0,0,0,0,0,0,0,0,0,0,0,8,0,40.0345,-75.1241, , 
 ,24872,2017019595,6,67,67301,2016,7,6,9999,99,1,1,0,1,1, , ,N,0,2,0,3,0,2,3,2,N,N,40 06:18.975,75 01:57.429,0, ,0, ,0, ,N, ,3, , , , , ,255194, , , ,2,1,0,0,0,0,0,0,0,0,0,0,2,2,0,0,0,0,0,0,0,0,0,0,0,0,0,0,0,0,0,0,0,0,0,8,0,40.1053,-75.0326, , 
 ,24873,2016105727,6,67,67301,2016,9,4,2007,20,3,1,0,8,1, , ,N,1,2,0,3,0,1,2,2,N,N,39 59:00.564,75 08:49.689,2031, ,2015, ,0, ,N, ,3, , , , , ,255198, , , ,1,1,0,0,0,0,0,0,0,0,0,0,1,1,0,0,0,0,0,0,0,0,0,1,0,0,0,0,0,0,0,0,1,0,0,8,0,39.9835,-75.1471, , 
 ,24874,2016105707,6,67,67301,2016,9,7,24,0,3,1,0,4,1, , ,N,1,3,0,3,0,1,2,3,N,N,39 57:49.636,75 11:59.103,53, ,45, ,0, , , ,3, , , , , ,255203, , , ,3,2,1,0,0,0,0,0,0,0,0,0,1,1,0,0,0,0,0,0,0,0,0,1,0,0,0,0,0,0,0,0,0,0,0,8,0,39.9638,-75.1998, , 
 ,24875,2016138263,6,67,67301,2016,12,7,340,3,3,1,0,4,1, , ,N,1,2,0,3,0,2,3,2,N,N,39 57:40.557,75 14:05.578,359, ,356, ,0, , , ,3, , , , , ,255233, , , ,2,2,0,0,0,0,0,0,0,0,0,2,2,0,1,0,0,0,0,0,1,0,0,0,0,0,0,0,0,0,0,0,0,0,0,4,0,39.9612,-75.2349, , 
 ,24876,2017003573,6,67,67301,2016,12,7,1925,19,3,5,0,1,1, , ,N,0,0,0,3,0,2,2,2,N, ,39 56:17.026,75 10:08.104,1930, ,1925, ,0, , , ,0, , , , , ,255234, , , ,2,1,0,0,0,0,1,0,0,0,0,2,2,0,0,0,0,0,0,0,0,0,0,2,0,0,0,0,0,0,0,0,0,0,0,4,0,39.9381,-75.1689, , 
 ,24877,2017007923,6,67,67301,2016,12,7,1439,14,1,2,1,1,6, , ,N,0,0,0,3,0,0,1,2,N,N,39 57:23.387,75 13:18.225,1447, ,1443, ,0, , , ,0, , , , , ,255235, , , ,2,1,0,0,0,0,1,0,0,0,0,0,0,0,0,0,0,0,0,0,0,0,0,1,0,0,0,0,0,0,0,0,0,0,0,0,0,39.9565,-75.2217, , 
 ,24878,2016113460,6,67,67301,2016,10,5,2239,22,3,2,1,7,2, , ,N,0,0,1,3,0,0,1,1,N,N,39 55:18.611,75 11:26.160,2306, ,2242,2,2,4, , ,0,Y, , , , ,255251, , , ,1,1,0,0,0,0,0,0,0,0,0,0,0,0,0,0,0,0,0,0,0,0,0,0,0,0,0,0,0,0,0,0,0,0,0,0,0,39.9218,-75.1906, , 
 ,24879,2016132177,6,67,67301,2016,11,2,1423,14,1,1,0,4,1, , ,N,1,2,0,3,0,0,2,2,N, ,39 56:21.084,75 11:29.990,1533, ,1530, ,0, , , ,3, , , , , ,255260, , , ,2,1,0,0,1,0,0,0,0,0,0,0,0,0,0,0,0,0,0,0,0,0,0,0,0,0,0,0,0,0,0,0,0,0,0,0,0,39.9392,-75.1917, , 
 ,24880,2015045364,6,67,67301,2015,4,5,1335,13,1,2,1,1,1, , ,N,0,0,3,3,0,4,4,3,N, ,39 55:11.217,75 12:06.338,1338, ,1335,2,2,3, , ,0,Y, , , , ,258718, , , ,3,1,0,0,1,0,1,0,0,0,0,0,4,4,0,0,0,0,1,0,1,0,0,0,0,0,0,0,0,0,0,0,0,0,0,8,0,39.9198,-75.2018, , 
 ,24881,2015015628,6,67,67301,2015,1,1,1229,12,1,2,1,1,1, , ,N,1,2,0,3,0,2,6,2,N,N,40 02:25.798,75 03:31.964,1233, ,1229, ,0, ,N, ,3, , , , , ,258738, , , ,2,0,0,0,0,0,2,0,0,0,0,0,2,2,0,0,0,0,0,0,0,0,0,0,0,0,0,0,0,0,0,0,0,0,0,8,0,40.0405,-75.0589, , 
 ,24882,2015021893,6,67,67301,2015,2,1,1123,11,1,1,0,1,1, , ,N,1,2,0,3,0,1,3,2,N,N,40 01:54.735,75 07:53.327,1140, ,1124, ,0, ,N, ,3, , , , , ,258744, , , ,2,2,0,0,0,0,0,0,0,0,0,1,1,0,0,0,0,0,0,0,0,0,1,0,0,0,0,0,0,0,0,0,0,0,0,4,0,40.0319,-75.1315, , 
 ,24883,2015031056,6,67,67301,2015,2,3,1928,19,3,1,0,6,1, , ,N,1,2,0,3,0,1,3,2,N,N,40 00:29.747,75 11:40.309,1930, ,1930,1,1,1,N, ,3,N, , , , ,258753, , , ,2,1,0,0,0,1,0,0,0,0,0,1,1,0,0,0,0,0,0,0,0,0,0,0,0,0,0,0,0,0,0,0,0,0,0,4,1,40.0083,-75.1945, , 
 ,24884,2015038683,6,67,67301,2015,3,1,245,2,3,1,0,1,6, , ,N,0,0,0,3,0,1,1,3,N,N,39 59:41.484,75 09:32.902,820, ,814, ,0, , , ,0, , , , , ,258760, , , ,3,2,0,0,1,0,0,0,0,0,0,1,1,0,0,0,0,0,0,0,0,0,0,0,0,0,0,0,0,0,0,0,0,0,0,4,0,39.9949,-75.1591, , 
 ,24885,2015035828,6,67,67301,2015,3,5,740,7,1,1,0,4,1, , ,N,1,2,0,3,0,0,2,2, , ,40 00:14.047,75 08:57.044,740, ,730, ,0, , , ,3, , , , , ,258800, , , ,2,1,0,0,1,0,0,0,0,0,0,0,0,0,0,0,0,0,0,0,0,0,0,0,0,0,0,0,0,0,0,0,0,0,0,0,0,40.0039,-75.1492, , 
 ,24886,2015052360,6,67,67301,2015,4,5,809,8,1,1,0,1,1, , ,N,0,0,0,3,0,2,3,2,N,N,39 55:33.992,75 08:48.359,822, ,811, ,0, ,N, ,0, , , , , ,258862, , , ,2,2,0,0,0,0,0,0,0,0,0,0,2,2,0,0,0,0,0,0,1,0,0,0,0,0,0,0,0,0,0,0,0,0,0,8,0,39.9261,-75.1468, , 
 ,24887,2015056424,6,67,67301,2015,5,4,1325,13,1,1,0,8,1, , ,N,0,0,0,3,0,1,2,2,N, ,40 01:17.752,75 07:30.644,1355, ,1325, ,0, , , ,0, , , , , ,258868, , , ,1,1,0,0,0,0,0,0,0,0,0,1,1,0,0,0,0,0,0,0,0,0,0,0,0,0,0,0,0,0,0,0,1,0,0,4,0,40.0216,-75.1252, , 
 ,24888,2015056641,6,67,67301,2015,5,3,1221,12,1,1,0,1,1, , ,N,5,2,2,3,0,3,4,2,N,N,39 57:25.881,75 08:31.297,1221, ,1221, ,0, ,N, ,3, , , , , ,258869, , , ,2,0,0,0,0,0,1,1,0,0,0,0,3,3,0,0,0,0,0,0,1,0,1,0,0,0,0,0,0,0,0,0,0,0,0,8,0,39.9567,-75.1423, , 
 ,24889,2015022406,6,67,67301,2015,2,7,730,7,1,1,0,4,1, , ,N,1,2,0,3,0,0,2,2,N,N,40 03:44.577,75 02:33.887,739, ,732,1,1,2,N, ,3,N, , , , ,258892, , , ,2,1,0,0,0,0,1,0,0,0,0,0,0,0,0,0,0,0,0,0,0,0,0,0,0,0,0,0,0,0,0,0,0,0,0,0,0,40.0624,-75.0429, , 
 ,24890,2015022413,6,67,67301,2015,2,2,1545,15,1,8,1,4,1, , ,N,1,2,0,3,0,1,3,2,N,N,39 59:45.293,75 05:31.432,1559, ,1554,1,1,1, , ,3,N, , , , ,258893, , , ,2,2,0,0,0,0,0,0,0,0,0,0,1,1,0,0,0,0,0,0,0,0,0,0,0,0,0,0,0,0,0,0,0,0,0,8,0,39.9959,-75.0921, , 
 ,24891,2015033329,6,67,67301,2015,2,1,1356,13,1,1,0,1,1, , ,N,0,0,0,3,0,1,4,2,N,N,39 56:50.121,75 08:31.085,1412, ,1401, ,0, ,N, ,0, , , , , ,258904, , , ,2,1,0,0,1,0,0,0,0,0,0,0,1,1,0,0,0,0,0,0,1,0,0,0,0,0,0,0,0,0,0,0,0,0,0,8,0,39.9473,-75.142, , 
 ,24892,2015033342,6,67,67301,2015,3,7,933,9,1,2,1,1,1, , ,N,0,0,2,3,0,0,2,2,N,N,39 56:45.055,75 11:23.426,945, ,937,1,2,3,N, ,0,N, , , , ,258905, , , ,2,2,0,0,0,0,0,0,0,0,0,0,0,0,0,0,0,0,0,0,0,0,0,0,0,0,0,0,0,0,0,0,0,0,0,0,0,39.9458,-75.1898, , 
 ,24893,2015043254,6,67,67301,2015,2,7,1045,10,1,1,0,4,1, , ,N,2,3,0,3,0,1,3,3,N,N,40 00:24.409,75 07:55.714,1857, ,1045,1,1,1,N, ,3,Y, , , , ,258918, , , ,3,2,0,0,0,0,1,0,0,0,1,0,1,0,0,0,0,0,0,0,1,0,0,0,0,0,0,0,0,0,0,0,0,0,0,3,0,40.0068,-75.1321, , 
 ,24894,2015006149,6,67,67301,2015,1,1,1310,13,1,1,1,4,1, , ,N,2,0,0,3,0,0,3,2,N,N,40 07:22.609,75 00:51.321,1318, ,1314,1,1,4,N, ,0,N, , , , ,258923, , , ,2,2,0,0,0,0,0,0,0,0,0,0,0,0,0,0,0,0,0,0,0,0,0,0,0,0,0,0,0,0,0,0,0,0,0,0,0,40.1229,-75.0143, , 
 ,24895,2015025047,6,67,67301,2015,2,5,1640,16,4,1,0,4,1, , ,N,0,0,7,3,0,0,2,2,N,N,39 57:09.953,75 11:15.768,1646, ,1641,3,1,2,N, ,0,N, , , , ,258944, , , ,2,0,0,0,1,0,1,0,0,0,0,0,0,0,0,0,0,0,0,0,0,0,0,0,0,0,0,0,0,0,0,0,0,0,0,0,0,39.9528,-75.1877, , 
 ,24896,2015033724,6,67,67301,2015,2,6,1405,14,1,1,0,5,6, , ,N,0,0,0,3,0,0,2,4,N,N,39 56:09.092,75 09:01.382,1413, ,1410, ,0, ,N, ,0, , , , , ,258953, , , ,4,2,0,0,0,0,2,0,0,0,0,0,0,0,0,0,0,0,0,0,0,0,0,1,0,0,0,0,0,0,0,0,0,0,0,0,0,39.9359,-75.1504, , 
 ,24897,2015006137,6,67,67301,2015,1,5,205,2,3,1,0,5,1, , ,N,0,0,1,3,0,0,7,5,N,N,39 58:46.042,75 08:00.203,211, ,211,3,2,5,N, ,0,Y, , , , ,258973, , , ,5,4,0,0,0,0,1,0,0,0,0,0,0,0,0,0,0,0,0,0,0,0,0,0,0,0,0,0,0,0,0,0,0,0,0,0,0,39.9795,-75.1334, , 
 ,24898,2015015578,6,67,67301,2015,1,3,739,7,1,1,0,8,1, , ,N,0,0,0,3,0,1,2,2,N, ,39 57:39.341,75 14:35.032,847, ,841, ,0, , , ,0, , , , , ,258983, , , ,1,0,0,0,0,0,1,0,0,0,0,1,1,0,0,0,0,0,0,0,0,0,0,0,0,0,0,0,0,0,0,0,1,0,0,4,0,39.9609,-75.2431, , 
 ,24899,2015049144,6,67,67301,2015,4,7,2322,23,3,1,0,4,1, , ,N,2,2,0,3,0,0,2,2,N,N,40 02:06.022,75 04:09.823,2331, ,2322,1,1,1,N, ,3,N, , , , ,262861, , , ,2,2,0,0,0,0,0,0,0,0,0,0,0,0,1,0,0,0,0,0,0,0,0,0,0,0,0,0,0,0,0,0,0,0,0,9,0,40.0351,-75.0695, , 
 ,24900,2015034183,6,67,67301,2015,2,6,1346,13,1,1,0,4,1, , ,N,2,3,0,3,0,0,2,3,N,N,39 59:51.280,75 07:02.132,1350, ,1347, ,0, ,N, ,3, , , , , ,262888, , , ,3,2,0,0,0,0,0,1,0,0,0,0,0,0,0,0,0,0,0,0,0,0,0,0,0,0,0,0,0,0,0,0,0,0,0,0,0,39.9976,-75.1173, , 
 ,24901,2015051508,6,67,67301,2015,5,6,2012,20,2,1,0,1,1, , ,N,0,0,0,3,0,3,4,3,N,N,39 57:22.833,75 11:42.084,2016, ,2014, ,0, ,N, ,0, , , , , ,262949, , , ,3,0,0,0,0,0,2,1,0,0,0,1,3,2,1,0,0,0,0,0,2,0,0,0,0,0,0,0,0,0,0,0,0,0,0,4,0,39.9563,-75.195, , 
 ,24902,2015051520,6,67,67301,2015,4,4,2030,20,3,1,0,4,1, , ,N,1,2,0,3,0,1,3,2,N, ,40 03:01.444,74 59:59.580,2100, ,2057,1,1,2, , ,3,N, , , , ,262950, , , ,2,2,0,0,0,0,0,0,0,0,0,0,1,1,2,0,0,0,1,0,0,0,0,2,0,0,0,0,0,0,0,0,0,0,0,8,0,40.0504,-74.9999, , 
 ,24903,2015062728,6,67,67301,2015,5,5,2,0,3,1,0,1,1, , ,N,1,2,1,3,0,1,2,2,N,N,39 57:32.561,75 13:01.166,10, ,2, ,0, , , ,3, , , , , ,262957, , , ,2,2,0,0,0,0,0,0,0,0,0,1,1,0,0,0,0,0,0,0,0,0,0,0,0,0,0,0,0,0,0,0,0,0,0,4,0,39.959,-75.217, , 
 ,24904,2015042732,6,67,67301,2015,4,1,2105,21,3,1,0,8,1, , ,N,1,3,0,3,0,1,2,2,N,N,39 58:00.026,75 09:18.169,2132, ,2130, ,0, ,N, ,3, , , , , ,262994, , , ,1,0,0,0,0,0,1,0,0,0,0,1,1,0,0,0,0,0,0,0,1,0,0,0,0,0,0,0,0,0,0,0,1,0,0,4,0,39.9667,-75.155, , 
 ,24905,2015042883,6,67,67301,2015,3,7,1628,16,1,2,1,8,1, , ,N,1,2,0,3,0,1,3,2,N,N,39 57:37.886,75 10:24.974,1639, ,1628, ,0, ,N, ,3, , , , , ,262995, , , ,1,0,0,0,1,0,0,0,0,0,0,0,1,1,0,0,0,0,0,0,0,1,0,0,0,0,0,0,0,0,0,0,1,0,0,8,0,39.9605,-75.1736, , 
 ,24906,2015020869,6,67,67301,2015,2,3,600,6,1,1,0,5,6, , ,N,0,0,0,3,0,0,1,2,N,N,39 59:22.091,75 08:39.089,610, ,605,3,2,3,N, ,0,Y, , , , ,263026, , , ,2,1,0,0,0,0,1,0,0,0,0,0,0,0,1,0,0,0,0,0,0,0,0,0,0,0,0,0,0,0,0,0,0,0,0,9,0,39.9895,-75.1442, , 
 ,24907,2015042836,6,67,67301,2015,4,5,2340,23,3,1,0,8,1, , ,N,1,2,0,3,0,1,2,2,N,N,39 58:08.111,75 08:10.324,8, ,5, ,0, ,N, ,3, , , , , ,263041, , , ,1,0,0,0,1,0,0,0,0,0,0,1,1,0,0,0,0,0,0,0,0,0,0,0,0,0,0,0,0,0,0,0,1,0,0,4,0,39.9688,-75.1362, , 
 ,24908,2015056428,6,67,67301,2015,5,4,1230,12,1,1,0,4,1, , ,N,1,2,0,3,0,1,2,2,N, ,39 57:37.003,75 10:25.149,1230, ,1220, ,0, , , ,3, , , , , ,263051, , , ,2,1,0,0,0,0,1,0,0,0,0,1,1,0,0,0,0,0,0,0,0,0,0,1,0,0,0,0,0,0,0,0,0,0,0,4,0,39.9603,-75.1737, , 
 ,24909,2015038692,6,67,67301,2015,2,4,1805,18,3,1,0,5,1, , ,N,1,2,0,3,0,0,2,2,N, ,40 01:12.877,75 06:50.707,1901, ,1858, ,0, , , ,3, , , , , ,263081, , , ,2,1,0,0,0,0,1,0,0,0,0,0,0,0,0,0,0,0,0,0,0,0,0,0,0,0,0,0,0,0,0,0,0,0,0,0,0,40.0202,-75.1141, , 
 ,24910,2015051522,6,67,67301,2015,5,7,2233,22,3,1,0,8,1, , ,N,0,0,0,3,0,1,2,2,N,N,40 03:32.799,75 08:58.311,2327, ,2307, ,0, ,N, ,0, , , , , ,263093, , , ,1,1,0,0,0,0,0,0,0,0,0,0,1,1,0,0,0,0,0,0,0,0,1,0,0,0,0,0,0,0,0,0,1,0,0,8,0,40.0591,-75.1495, , 
 ,24911,2015056507,6,67,67301,2015,5,6,1649,16,1,1,0,4,1, , ,N,0,3,6,3,0,1,2,2,N,N,39 54:46.796,75 13:18.301,1800, ,1726, ,0, ,N, ,3, , , , , ,263096, , , ,2,2,0,0,0,0,0,0,0,0,0,0,1,1,1,0,0,0,0,0,1,0,0,0,0,0,0,0,0,0,0,0,0,0,0,8,0,39.913,-75.2218, , 
 ,24912,2015020788,6,67,67301,2015,1,7,606,6,3,4,3,5,6, , ,N,0,0,0,3,0,0,1,3,N,N,40 02:23.061,75 13:46.047,612, ,608, ,0, ,N, ,0, , , , , ,263117, , , ,3,3,0,0,0,0,0,0,0,0,0,0,0,0,0,0,0,0,0,0,0,0,0,0,0,0,0,0,0,0,0,0,0,0,0,0,0,40.0397,-75.2295, , 
 ,24913,2015042821,6,67,67301,2015,3,6,54,0,3,2,1,7,2, , ,N,0,0,0,3,0,1,1,1,N,N,39 58:49.700,75 10:44.600,200, ,54, ,0, ,N, ,0, , , , , ,263134, , , ,1,1,0,0,0,0,0,0,0,0,0,1,1,0,0,0,0,0,0,0,0,0,0,1,0,0,0,0,0,0,0,0,0,0,0,4,0,39.9805,-75.1791, , 
 ,24914,2015049006,6,67,67301,2015,4,6,2125,21,3,1,0,4,1, , ,N,1,2,0,3,0,0,3,2,N,N,40 00:31.996,75 04:18.728,2135, ,2128, ,0, , , ,3, , , , , ,263138, , , ,2,1,0,0,0,0,1,0,0,0,0,0,0,0,0,0,0,0,0,0,1,0,0,0,0,0,0,0,0,0,0,0,0,0,0,0,0,40.0089,-75.0719, , 
 ,24915,2015053724,6,67,67301,2015,4,6,2018,20,3,1,0,7,2, , ,N,0,8,0,3,0,0,1,1,N,N,39 54:05.837,75 09:07.569,2030, ,2022,2,1,2,N, ,3,N, , , , ,263141, , , ,1,1,0,0,0,0,0,0,0,0,0,0,0,0,1,0,0,0,0,0,0,0,0,0,0,0,0,0,0,0,0,0,0,0,0,9,0,39.9016,-75.1521, , 
 ,24916,2015059187,6,67,67301,2015,5,2,2230,22,3,1,0,1,1, , ,N,0,0,0,3,0,0,2,3,N,N,39 56:15.223,75 11:54.483,2250, ,2230,1,2,4,N, ,0,N, , , , ,263147, , , ,3,0,0,0,0,0,3,0,0,0,0,0,0,0,0,0,0,0,0,1,1,0,0,0,0,0,0,0,0,0,0,0,0,0,0,0,0,39.9376,-75.1985, , 