wz_ln_closure,objectid_1,crn,district,county,municipality,crash_year,crash_month,day_of_week,time_of_day,hour_of_day,illumination,weather,road_condition,collision_type,relation_to_road,work_zone_type,work_zone_loc,work_zone_ind,intersect_type,tcd_type,location_type,urban_rural,fatal_count,injury_count,person_count,total_units,sch_bus_ind,sch_zone_ind,latitude,longitude,arrival_tm,cons_zone_spd_lim,dispatch_tm,est_hrs_closed,lane_closed,ln_close_dir,ntfy_hiwy_maint,spec_juris_cd,tcd_func_cd,tfc_detour_ind,workers_pres,wz_close_detour,wz_flagger,wz_law_offcr_ind,objectid,wz_moving,wz_other,wz_shlder_mdn,vehicle_count,automobile_count,motorcycle_count,bus_count,small_truck_count,heavy_truck_count,suv_count,van_count,bicycle_count,maj_inj_count,mod_inj_count,min_inj_count,tot_inj_count,unk_inj_deg_count,unk_inj_per_count,driver_count_16yr,driver_count_17yr,driver_count_18yr,driver_count_19yr,driver_count_20yr,driver_count_50_64yr,driver_count_65_74yr,driver_count_75plus,unbelted_occ_count,unb_death_count,unb_maj_inj_count,belted_death_count,belted_maj_inj_count,mcycle_death_count,mcycle_maj_inj_count,bicycle_death_count,bicycle_maj_inj_count,ped_count,ped_death_count,ped_maj_inj_count,max_severity_level,comm_veh_count,dec_lat,dec_long,rdwy_surf_type_cd,county_name
 ,24917,2017004181,6,67,67301,2016,12,3,845,8,1,1,0,8,1, , ,N,1,2,0,3,0,1,2,2,N,N,40 02:12.310,75 02:26.659,858, ,854, ,0, , , ,3, , , , , ,252149, , , ,1,0,0,0,0,0,0,1,0,0,0,0,1,1,0,0,0,0,0,0,0,0,0,1,0,0,0,0,0,0,0,0,1,0,0,8,0,40.0368,-75.0407, , 
 ,24918,2017003600,6,67,67301,2016,12,5,9999,99,3,1,0,8,1, , ,N,2,2,7,3,0,1,2,2,N,N,40 05:36.005,74 57:43.465,1825, ,1825, ,0, ,N, ,3, , , , , ,252162, , , ,1,0,0,0,1,0,0,0,0,0,0,1,1,0,0,0,0,0,0,0,0,1,0,0,0,0,0,0,0,0,0,0,1,0,0,4,0,40.0933,-74.9621, , 
N,24919,2016125647,6,67,67301,2016,11,3,1017,10,1,2,1,1,1,1,4,Y,0,0,0,3,0,0,2,2,N,N,39 57:29.503,75 09:51.792,1043,45,1026, ,0, , , ,0, ,Y,N,N,N,252170,N,N,Y,2,2,0,0,0,0,0,0,0,0,0,0,0,0,0,0,0,0,0,0,0,0,0,0,0,0,0,0,0,0,0,0,0,0,0,0,0,39.9582,-75.1644, , 
 ,24920,2017021458,6,67,67301,2016,8,1,640,6,1,1,0,1,1, , ,N,0,0,0,3,0,1,2,2,N,N,39 59:58.381,75 08:13.774,0, ,0, ,0, ,N, ,0, , , , , ,252181, , , ,2,1,0,0,0,0,0,0,0,0,0,0,1,1,0,0,0,0,0,0,0,0,0,0,0,0,0,0,0,0,0,0,0,0,0,8,0,39.9996,-75.1372, , 
 ,24921,2017003571,6,67,67301,2016,12,4,1605,16,4,1,0,4,1, , ,N,2,3,0,3,0,1,3,2,N,N,39 56:13.887,75 10:43.240,1630, ,1125, ,0, , , ,3, , , , , ,252189, , , ,2,1,0,0,0,0,1,0,0,0,0,0,1,1,0,0,0,0,0,0,0,1,1,3,0,0,0,0,0,0,0,0,0,0,0,8,0,39.9372,-75.1787, , 
 ,24922,2016112256,6,67,67301,2016,10,1,1106,11,1,2,1,8,1, , ,N,0,0,0,3,0,1,2,2,N,N,39 57:25.735,75 12:05.933,1110, ,1106, ,0, , , ,0, , , , , ,252191, , , ,1,1,0,0,0,0,0,0,0,0,0,1,1,0,0,0,0,0,0,0,0,1,0,0,0,0,0,0,0,0,0,0,1,0,0,4,0,39.9571,-75.2016, , 
 ,24923,2016135699,6,67,67301,2016,12,6,1830,18,3,1,0,4,1, , ,N,1,3,0,3,0,0,5,4,N,N,39 58:47.413,75 10:27.321,1849, ,1848,2,2,2,N, ,3,Y, , , , ,252206, , , ,4,2,0,0,2,0,0,0,0,0,0,0,0,0,0,0,0,0,0,0,1,0,1,0,0,0,0,0,0,0,0,0,0,0,0,0,0,39.9798,-75.1743, , 
 ,24924,2016138246,6,67,67301,2016,12,3,1900,19,3,2,1,8,1, , ,N,0,0,0,3,0,1,2,2,N,N,39 59:47.789,75 10:30.794,1940, ,1940, ,0, ,N, ,0, , , , , ,252209, , , ,1,0,0,0,0,0,1,0,0,0,0,0,1,1,0,0,0,0,0,0,0,1,0,0,0,0,0,0,0,0,0,0,1,0,0,8,0,39.9966,-75.1752, , 
 ,24925,2017003693,6,67,67301,2016,12,2,1930,19,3,1,0,4,1, , ,N,2,3,0,3,0,2,4,2,N,N,39 58:46.759,75 14:46.711,9999, ,1930, ,0, ,N, ,3, , , , , ,252223, , , ,2,1,0,0,0,0,1,0,0,0,0,2,2,0,0,0,0,0,1,0,0,0,0,2,0,0,0,0,0,0,0,0,0,0,0,4,0,39.9797,-75.2463, , 
 ,24926,2017020771,6,67,67301,2016,7,6,1930,19,3,1,0,4,1, , ,N,2,2,0,3,0,1,2,2,N,N,39 54:49.096,75 13:17.644,0, ,0, ,0, ,N, ,2, , , , , ,252229, , , ,2,2,0,0,0,0,0,0,0,0,0,0,1,1,0,0,0,0,0,0,0,1,0,1,0,0,0,0,0,0,0,0,0,0,0,8,0,39.9136,-75.2216, , 
 ,24927,2017005398,6,67,67301,2016,12,7,1417,14,1,1,0,1,1, , ,N,0,0,0,3,0,1,7,3,N,N,39 57:55.518,75 11:09.767,1417, ,1417, ,0, , , ,0, , , , , ,252238, , , ,3,1,0,0,0,0,2,0,0,0,0,1,1,0,0,0,0,0,0,0,0,0,1,0,0,0,0,0,0,0,0,0,0,0,0,4,0,39.9654,-75.186, , 
 ,24928,2017003689,6,67,67301,2016,12,1,2100,21,3,1,0,5,6, , ,N,0,0,0,3,0,0,1,3,N, ,40 02:41.856,75 13:16.482,2110, ,2104, ,0, , , ,0, , , , , ,252250, , , ,3,2,0,0,0,0,1,0,0,0,0,0,0,0,1,0,0,0,0,0,0,0,0,0,0,0,0,0,0,0,0,0,0,0,0,9,0,40.045,-75.2212, , 
 ,24929,2016105640,6,67,67301,2016,9,6,1605,16,1,1,0,4,1, , ,N,1,3,0,3,0,1,3,2,N, ,39 59:43.404,75 09:10.605,1613, ,1610,1,1,7, , ,3,Y, , , , ,252259, , , ,2,1,0,0,0,0,1,0,0,0,0,1,1,0,0,0,0,0,0,0,0,1,0,0,0,0,0,0,0,0,0,0,0,0,0,4,0,39.9954,-75.1529, , 
 ,24930,2016131013,6,46,46108,2016,11,5,1332,13,1,1,0,4,1, , ,N,1,2,0,3,0,0,2,2,N,N,40 05:15.217,75 12:51.464,1335, ,1332,1,1,2,N, ,3,N, , , , ,252262, , , ,2,2,0,0,0,0,0,0,0,0,0,0,0,0,0,0,0,0,0,0,0,0,1,0,0,0,0,0,0,0,0,0,0,0,0,0,0,40.0876,-75.2143, , 
 ,24931,2016135835,6,67,67301,2016,11,4,1918,19,3,2,1,4,1, , ,N,1,2,0,3,1,2,4,4,N,N,39 57:20.946,75 13:32.664,1923, ,1922, ,0, ,N,0,3, , , , , ,252267, , , ,4,1,0,0,0,0,3,0,0,0,0,1,2,1,0,0,0,0,0,0,1,0,0,2,0,0,0,0,0,0,0,0,0,0,0,1,0,39.9558,-75.2257,2, 
 ,24932,2017008740,6,67,67301,2016,12,6,2304,23,3,1,0,8,1, , ,N,0,0,0,3,0,1,2,2,N, ,40 05:05.068,74 58:24.416,2306, ,2305, ,0, , , ,0, , , , , ,252281, , , ,1,1,0,0,0,0,0,0,0,1,0,0,1,0,0,0,0,0,0,0,0,0,0,0,0,0,0,0,0,0,0,0,1,0,1,2,0,40.0847,-74.9734, , 
 ,24933,2016052272,6,67,67301,2016,5,2,723,7,1,6,1,6,1, , ,N,0,0,0,3,0,2,2,2,N,N,39 58:56.779,75 12:24.759,735, ,731, ,0, ,N, ,0, , , , , ,252283, , , ,2,2,0,0,0,0,0,0,0,0,0,2,2,0,0,0,0,0,0,0,0,0,0,0,0,0,0,0,0,0,0,0,0,0,0,4,0,39.9824,-75.2069, , 
 ,24934,2016053792,6,67,67301,2016,4,2,1615,16,1,1,0,4,1, , ,N,1,2,0,3,0,1,3,2,N,N,40 02:32.725,75 04:57.598,1630, ,1624, ,0, ,N, ,3, , , , , ,252286, , , ,2,1,0,0,0,0,1,0,0,0,0,1,1,0,0,0,0,0,0,0,0,0,0,2,0,0,0,0,0,0,0,0,0,0,0,4,0,40.0424,-75.0827, , 
 ,24935,2016129386,6,67,67301,2016,11,2,705,7,1,1,0,4,1, , ,N,1,3,0,3,0,1,3,2,N, ,39 54:38.448,75 14:28.503,709, ,706,9,2,3, , ,3,N, , , , ,255261, , , ,2,2,0,0,0,0,0,0,0,0,0,0,1,1,2,0,0,0,1,0,0,0,0,2,0,0,0,0,0,0,0,0,0,0,0,8,0,39.9107,-75.2413, , 
 ,24936,2016137734,6,67,67301,2016,12,6,1127,11,1,1,0,1,1, , ,N,0,0,0,3,0,0,6,4,N,N,39 58:41.704,75 12:08.568,1133, ,1130, ,0, , , ,0, , , , , ,255264, , , ,4,1,0,0,0,0,3,0,0,0,0,0,0,0,0,0,0,0,0,0,1,0,0,0,0,0,0,0,0,0,0,0,0,0,0,0,0,39.9783,-75.2024, , 
 ,24937,2016135788,6,67,67301,2016,12,3,1845,18,3,2,1,8,1, , ,N,1,2,0,3,0,1,2,2,N,N,40 00:15.609,75 07:41.037,2305, ,2249, ,0, ,N, ,3, , , , , ,255269, , , ,1,0,0,0,1,0,0,0,0,0,1,0,1,0,0,0,0,0,0,0,0,0,0,1,0,0,0,0,0,0,0,0,1,0,0,3,0,40.0043,-75.1281, , 
 ,24938,2016120592,6,67,67301,2016,11,4,1000,10,1,1,0,4,1, , ,N,1,3,0,3,0,0,5,5,N, ,40 02:06.568,75 08:41.251,1058, ,1051, ,0, ,N, ,3, , , , , ,255318, , , ,5,3,0,0,1,0,1,0,0,0,0,0,0,0,0,0,0,0,0,0,1,1,1,0,0,0,0,0,0,0,0,0,0,0,0,0,0,40.0352,-75.1448, , 
 ,24939,2016117759,6,67,67301,2016,10,3,1645,16,1,1,0,4,1, , ,N,1,3,0,3,0,2,4,2,N,N,39 58:09.584,75 09:48.450,1655, ,1645,1,2,1,N, ,3,Y, , , , ,255321, , , ,2,1,0,0,0,0,0,1,0,0,0,0,2,2,0,0,0,0,0,0,0,0,0,2,0,0,0,0,0,0,0,0,0,0,0,8,0,39.9693,-75.1635, , 
 ,24940,2016112033,6,67,67301,2016,10,5,2315,23,3,2,1,7,3, , ,N,0,0,0,3,0,0,3,1,N,N,39 56:58.752,75 12:01.827,2322, ,2322,2,2,1,N, ,0,N, , , , ,255326, , , ,1,1,0,0,0,0,0,0,0,0,0,0,0,0,0,0,0,0,0,1,0,0,0,0,0,0,0,0,0,0,0,0,0,0,0,0,0,39.9497,-75.2005, , 
 ,24941,2016129409,6,67,67301,2016,11,4,1556,15,1,1,0,4,1, , ,N,1,2,0,3,0,1,2,2,N,N,40 02:13.610,75 08:22.736,1700, ,1700, ,0, ,N, ,3, , , , , ,255336, , , ,1,0,0,0,0,0,1,0,1,0,0,0,1,1,0,0,0,0,0,0,1,0,0,1,0,0,0,0,0,0,0,0,0,0,0,8,0,40.0371,-75.1396, , 
 ,24942,2017023497,6,67,67301,2016,11,4,1425,14,1,2,1,1,1, , ,N,0,0,0,3,0,1,2,2,N,N,40 00:33.321,75 11:19.879,0, ,0, ,0, ,N, ,0, , , , , ,255355, , , ,2,2,0,0,0,0,0,0,0,0,0,0,1,1,0,0,0,0,0,0,0,0,0,1,0,0,0,0,0,0,0,0,0,0,0,8,0,40.0093,-75.1889, , 
 ,24943,2016126126,6,67,67301,2016,11,7,1835,18,3,1,0,1,6, , ,N,0,0,0,3,0,0,1,4,N,N,40 00:26.934,75 04:39.051,1850, ,1840, ,0, ,N, ,0, , , , , ,255372, , , ,4,3,0,0,1,0,0,0,0,0,0,0,0,0,0,0,0,0,0,0,1,0,0,1,0,0,0,0,0,0,0,0,0,0,0,0,0,40.0075,-75.0775, , 
 ,24944,2016135663,6,67,67301,2016,12,1,1902,19,3,1,0,8,1, , ,N,1,2,0,3,0,1,2,2,N, ,39 56:59.250,75 12:25.488,1909, ,1905, ,0, , , ,3, , , , , ,255377, , , ,1,1,0,0,0,0,0,0,0,0,0,0,1,1,0,0,0,0,0,0,0,0,0,1,0,0,0,0,0,0,0,0,1,0,0,8,0,39.9498,-75.2071, , 
 ,24945,2016108601,6,67,67301,2016,10,7,1850,18,3,2,1,8,6, , ,N,0,0,0,3,0,1,2,2,N,N,39 59:41.250,75 08:50.902,1915, ,1908, ,0, ,N, ,0, , , , , ,255380, , , ,1,0,0,0,0,0,1,0,0,0,0,1,1,0,0,0,0,0,0,0,1,0,0,0,0,0,0,0,0,0,0,0,1,0,0,4,0,39.9948,-75.1475, , 
 ,24946,2016119679,6,67,67301,2016,11,3,1602,16,1,1,0,4,1, , ,N,1,3,0,3,0,1,2,2,N,N,39 59:53.113,75 13:59.662,1602, ,1602, ,0, , , ,3, , , , , ,255385, , , ,2,2,0,0,0,0,0,0,0,0,0,1,1,0,0,0,0,0,0,0,1,1,0,0,0,0,0,0,0,0,0,0,0,0,0,4,0,39.998,-75.2332, , 
 ,24947,2016135660,6,67,67301,2016,12,3,1456,14,1,2,1,1,1, , ,N,1,2,0,3,0,2,5,2,N, ,39 58:30.510,75 11:16.819,9999, ,1605, ,0, , , ,3, , , , , ,255398, , , ,2,1,0,0,0,1,0,0,0,0,0,0,2,2,0,0,0,0,0,0,0,0,0,2,0,0,0,0,0,0,0,0,0,0,0,8,1,39.9751,-75.188, , 
 ,24948,2016130003,6,67,67301,2016,11,7,2120,21,2,1,0,5,6, , ,N,0,0,0,3,0,0,2,2,N,N,40 04:22.985,75 12:56.151,1238, ,1233, ,0, ,N, ,0, , , , , ,255400, , , ,2,2,0,0,0,0,0,0,0,0,0,0,0,0,0,0,0,0,0,0,1,0,0,0,0,0,0,0,0,0,0,0,0,0,0,0,0,40.0731,-75.2156, , 
 ,24949,2016126182,6,67,67301,2016,11,7,1537,15,1,1,0,4,1, , ,N,5,2,0,3,0,0,5,2,N,N,40 00:05.418,75 06:14.947,1556, ,1553,1,1,4,N, ,3,N, , , , ,255403, , , ,2,2,0,0,0,0,0,0,0,0,0,0,0,0,1,0,0,0,0,0,1,0,0,0,0,0,0,0,0,0,0,0,0,0,0,9,0,40.0015,-75.1042, , 
 ,24950,2016126095,6,67,67301,2016,11,3,450,4,3,1,0,8,1, , ,N,1,2,0,3,0,1,2,2,N, ,39 58:12.716,75 09:35.217,505, ,500, ,0, , , ,3, , , , , ,255407, , , ,1,0,0,0,0,0,1,0,0,0,0,1,1,0,0,0,0,0,0,0,0,0,0,1,0,0,0,0,0,0,0,0,1,0,0,4,0,39.9702,-75.1596, , 
 ,24951,2016129742,6,67,67301,2016,12,5,1935,19,3,1,0,4,1, , ,N,1,3,0,3,0,0,2,2,N,N,39 58:35.738,75 09:10.357,1941, ,1941,2,1,4,N, ,3,N, , , , ,255430, , , ,2,2,0,0,0,0,0,0,0,0,0,0,0,0,0,1,0,0,0,0,0,0,0,1,0,0,0,0,0,0,0,0,0,0,0,0,0,39.9766,-75.1529, , 
 ,24952,2016135786,6,67,67301,2016,12,6,1916,19,2,1,0,1,1, , ,N,2,2,0,3,0,1,2,2,N, ,39 54:54.664,75 09:29.630,2015, ,2003, ,0, , , ,3, , , , , ,255433, , , ,2,2,0,0,0,0,0,0,0,0,0,1,1,0,0,0,0,0,0,0,0,1,0,1,0,0,0,0,0,0,0,0,0,0,0,4,0,39.9151,-75.1582, , 
 ,24953,2015029352,6,67,67301,2015,3,7,1725,17,1,1,6,4,1, , ,N,1,3,0,3,0,0,2,2,N,N,39 58:39.345,75 09:38.332,1730, ,1730, ,0, ,N, ,3, , , , , ,258993, , , ,2,2,0,0,0,0,0,0,0,0,0,0,0,0,0,0,0,0,0,0,1,0,0,0,0,0,0,0,0,0,0,0,0,0,0,0,0,39.9776,-75.1606, , 
 ,24954,2015042880,6,67,67301,2015,4,7,30,0,3,8,1,1,1, , ,N,1,2,0,3,0,2,3,2,N,N,39 53:39.858,75 14:47.934,59, ,55, ,0, , , ,3, , , , , ,259006, , , ,2,0,0,0,1,0,1,0,0,0,0,0,2,2,0,0,0,0,0,0,0,0,0,0,0,0,0,0,0,0,0,0,0,0,0,8,0,39.8944,-75.2466, , 
 ,24955,2015021973,6,67,67301,2015,2,7,2036,20,3,1,0,1,1, , ,N,0,0,0,3,0,4,7,4,N,N,40 02:36.884,75 06:47.379,2044, ,2041,3,2,5,N, ,0,Y, , , , ,259035, , , ,4,4,0,0,0,0,0,0,0,0,0,1,4,3,2,0,0,0,0,0,2,0,0,0,0,0,0,0,0,0,0,0,0,0,0,4,0,40.0436,-75.1132, , 
 ,24956,2015049011,6,67,67301,2015,4,5,1818,18,1,1,0,4,1, , ,N,3,0,0,3,0,2,3,2,N, ,39 59:45.390,75 11:15.366,1911, ,1901, ,0, , , ,0, , , , , ,259058, , , ,2,1,0,0,1,0,0,0,0,0,0,0,2,2,0,0,0,0,0,0,0,0,0,2,0,0,0,0,0,0,0,0,0,0,0,8,0,39.9959,-75.1875, , 
 ,24957,2015034129,6,67,67301,2015,3,4,1549,15,1,1,0,4,1, , ,N,1,3,0,3,0,2,2,2,N, ,40 03:43.832,75 10:12.245,1604, ,1603,1,2,6, , ,3,N, , , , ,259087, , , ,2,1,0,0,0,0,1,0,0,0,0,0,2,2,0,0,0,0,0,0,0,0,1,0,0,0,0,0,0,0,0,0,0,0,0,8,0,40.0622,-75.1701, , 
 ,24958,2015043215,6,67,67301,2015,3,3,730,7,1,1,0,4,1, , ,N,1,3,0,3,0,0,4,2,N,N,39 59:07.598,75 06:00.284,842, ,832, ,0, , , ,3, , , , , ,259096, , , ,2,2,0,0,0,0,0,0,0,0,0,0,0,0,0,0,0,0,0,0,0,0,0,0,0,0,0,0,0,0,0,0,0,0,0,0,0,39.9854,-75.1001, , 
 ,24959,2015020764,6,67,67301,2015,1,3,716,7,1,1,0,1,1, , ,N,0,0,0,3,0,1,3,2,N,N,40 00:05.941,75 07:09.744,819, ,816, ,0, , , ,0, , , , , ,259137, , , ,2,1,0,0,0,0,1,0,0,0,0,0,1,1,0,0,0,0,0,0,0,0,0,0,0,0,0,0,0,0,0,0,0,0,0,8,0,40.0017,-75.1194, , 
 ,24960,2015033338,6,67,67301,2015,3,6,2345,23,3,2,1,1,1, , ,N,0,0,0,3,0,0,5,3,N,N,39 57:28.132,75 10:49.234,2349, ,2346,2,1,3,N, ,0,N, , , , ,259187, , , ,3,2,0,0,0,0,1,0,0,0,0,0,0,0,0,0,0,0,0,0,1,0,0,0,0,0,0,0,0,0,0,0,0,0,0,0,0,39.9578,-75.1803, , 
 ,24961,2015036357,6,67,67301,2015,3,2,2045,20,3,1,0,1,1, , ,N,0,0,0,3,0,0,2,2,N,N,39 56:59.052,75 11:02.725,2059, ,2047,2,1,3,N, ,0,N, , , , ,259192, , , ,2,0,0,0,0,0,2,0,0,0,0,0,0,0,0,0,0,0,0,0,0,0,0,0,0,0,0,0,0,0,0,0,0,0,0,0,0,39.9497,-75.1841, , 
 ,24962,2015024982,6,67,67301,2015,2,4,707,7,1,1,6,4,1, , ,N,1,2,0,3,0,1,2,2,N, ,40 01:18.310,75 07:33.794,711, ,707, ,0, , , ,3, , , , , ,259227, , , ,2,2,0,0,0,0,0,0,0,0,0,0,1,1,0,0,0,0,0,0,0,0,0,0,0,0,0,0,0,0,0,0,0,0,0,8,0,40.0218,-75.1261, , 
 ,24963,2015045386,6,67,67301,2015,4,4,1330,13,1,1,0,4,1, , ,N,1,2,0,3,0,1,2,2,N, ,39 59:10.276,75 10:04.717,1335, ,1334, ,0, , , ,3, , , , , ,259285, , , ,2,1,0,0,0,0,1,0,0,0,0,1,1,0,0,0,0,0,0,0,1,0,0,0,0,0,0,0,0,0,0,0,0,0,0,4,0,39.9862,-75.168, , 
 ,24964,2015054366,6,67,67301,2015,4,5,1012,10,1,1,0,1,1, , ,N,0,0,0,3,0,2,3,3,N,N,40 01:46.323,75 06:04.688,1045, ,1016,2,1,2,N, ,0,N, , , , ,259296, , , ,3,0,0,1,0,0,0,2,0,0,0,2,2,0,0,0,0,0,1,0,0,0,0,0,0,0,0,0,0,0,0,0,0,0,0,4,1,40.0294,-75.1011, , 
 ,24965,2015056523,6,67,67301,2015,5,2,1000,10,1,1,0,1,1, , ,N,5,2,0,3,0,1,3,3,N,N,39 57:16.308,75 08:58.375,1200, ,1156, ,0, ,N, ,3, , , , , ,259298, , , ,3,1,0,0,0,0,2,0,0,0,0,0,1,1,1,0,0,0,0,0,1,0,0,0,0,0,0,0,0,0,0,0,0,0,0,8,0,39.9547,-75.1495, , 
 ,24966,2015059120,6,67,67301,2015,5,1,1010,10,1,1,0,4,1, , ,N,1,2,0,3,0,1,3,2,N, ,39 53:40.603,75 14:12.181,1018, ,1015, ,0, , , ,3, , , , , ,259301, , , ,2,1,0,0,0,0,1,0,0,0,0,0,1,1,0,0,0,0,0,0,2,0,0,0,0,0,0,0,0,0,0,0,0,0,0,8,0,39.8946,-75.2367, , 
 ,24967,2015028836,6,67,67301,2015,2,4,155,1,3,1,0,4,1, , ,N,1,2,0,3,0,3,3,2,N,N,39 57:28.076,75 09:36.864,205, ,159, ,0, ,N, ,3, , , , , ,259329, , , ,2,2,0,0,0,0,0,0,0,0,0,2,3,1,0,0,0,0,0,0,0,0,0,0,0,0,0,0,0,0,0,0,0,0,0,4,0,39.9578,-75.1602, , 
 ,24968,2015042784,6,67,67301,2015,3,7,452,4,3,1,5,1,1, , ,N,2,2,0,3,0,1,2,2,N,N,39 57:18.519,75 11:07.387,500, ,452, ,0, ,N, ,3, , , , , ,259342, , , ,2,1,0,0,1,0,0,0,0,1,0,0,1,0,0,0,0,0,0,0,0,0,0,0,0,0,0,0,0,0,0,0,0,0,0,2,0,39.9551,-75.1856, , 
 ,24969,2015051931,6,67,67301,2015,4,2,1030,10,1,1,0,8,1, , ,N,1,3,0,3,0,1,2,2,N,N,40 02:27.211,75 08:25.573,1132, ,1132, ,0, ,N, ,3, , , , , ,259349, , , ,1,0,0,0,0,0,1,0,0,0,0,1,1,0,1,0,0,0,0,0,0,0,0,0,0,0,0,0,0,0,0,0,1,0,0,4,0,40.0409,-75.1404, , 
 ,24970,2015020757,6,67,67301,2015,1,1,1930,19,3,1,1,4,1, , ,N,1,2,0,3,0,2,3,2,N,N,40 03:12.900,75 08:29.229,2100, ,1935, ,0, ,N, ,3, , , , , ,259373, , , ,2,1,0,0,0,0,1,0,0,0,0,0,2,2,0,0,0,0,0,0,1,0,0,0,0,0,0,0,0,0,0,0,0,0,0,8,0,40.0536,-75.1415, , 
 ,24971,2015103358,6,67,67301,2015,9,3,1510,15,1,1,0,5,2, , ,N,0,0,0,3,0,1,2,2,N,N,40 00:32.766,75 11:19.789,1515, ,1515,2,1,1,N, ,0,N, , , , ,305242, , , ,2,1,0,0,0,0,0,1,0,0,0,1,1,0,0,0,0,0,0,0,0,0,0,0,0,0,0,0,0,0,0,0,0,0,0,4,0,40.0091,-75.1888, , 
 ,24972,2015106426,6,67,67301,2015,9,7,1926,19,3,1,0,4,1, , ,N,2,2,7,3,0,1,3,2,N,N,39 56:42.547,75 08:31.306,1927, ,1926, ,0, ,N, ,3, , , , , ,305247, , , ,1,1,0,0,0,0,0,0,1,0,0,1,1,0,0,0,0,0,0,0,0,1,0,0,0,0,0,0,0,0,0,0,0,0,0,4,0,39.9452,-75.1418, , 
 ,24973,2015108791,6,67,67301,2015,10,6,505,5,3,2,7,7,3, , ,N,0,0,0,3,0,1,1,3,N,N,39 54:06.397,75 13:44.065,516, ,514, ,0, ,N, ,0, , , , , ,305251, , , ,3,1,0,0,0,1,1,0,0,0,0,0,1,1,0,0,0,0,0,0,0,0,0,0,0,0,0,0,0,0,0,0,0,0,0,8,1,39.9018,-75.2289, , 
 ,24974,2015056955,6,67,67301,2015,5,5,830,8,1,1,0,5,1, , ,N,0,0,0,3,0,1,2,2,N,N,39 57:36.547,75 10:50.725,842, ,835,3,2,3,N, ,0,N, , , , ,305257, , , ,2,2,0,0,0,0,0,0,0,0,0,1,1,0,0,0,0,0,0,0,0,0,0,0,0,0,0,0,0,0,0,0,0,0,0,4,0,39.9602,-75.1808, , 
N,24975,2015073083,6,67,67301,2015,6,3,831,8,1,1,0,1,1,1,4,Y,0,0,0,3,0,2,2,2,N,N,40 01:16.604,75 02:28.718,831,45,831, ,0, ,N, ,0, ,Y,N,N,N,305272,N,Y,N,2,1,0,0,0,0,1,0,0,0,0,0,2,2,0,0,0,0,0,0,1,0,0,0,0,0,0,0,0,0,0,0,0,0,0,8,0,40.0213,-75.0413, , 
 ,24976,2015078630,6,67,67301,2015,7,6,1245,12,1,1,0,4,1, , ,N,1,3,0,3,0,0,2,2,N,N,40 00:19.378,75 09:49.669,1255, ,1255,1,2,3,N, ,3,Y, , , , ,305280, , , ,2,2,0,0,0,0,0,0,0,0,0,0,0,0,0,0,0,0,0,0,1,1,0,0,0,0,0,0,0,0,0,0,0,0,0,0,0,40.0054,-75.1638, , 
 ,24977,2015079381,6,67,67301,2015,7,4,1330,13,1,1,0,7,2, , ,N,0,0,0,3,0,1,1,1,N,N,39 53:55.522,75 10:49.231,1344, ,1330,1,1,2,N, ,0,N, , , , ,305282, , , ,1,1,0,0,0,0,0,0,0,0,0,0,1,1,0,0,0,0,0,0,0,0,0,0,0,0,0,0,0,0,0,0,0,0,0,8,0,39.8988,-75.1803, , 
 ,24978,2015088661,6,67,67301,2015,8,5,145,1,3,1,0,4,1, , ,N,3,2,0,3,0,1,2,2,N,N,39 57:58.957,75 09:38.183,202, ,200, ,0, ,N, ,3, , , , , ,305295, , , ,1,1,0,0,0,0,0,0,1,0,0,1,1,0,0,0,0,0,0,0,0,0,0,0,0,0,0,0,0,0,0,0,0,0,0,4,0,39.9662,-75.1601, , 
 ,24979,2015069702,6,67,67301,2015,6,2,1539,15,1,1,0,1,1, , ,N,1,2,0,3,0,2,4,2,N,N,40 03:33.971,75 05:09.267,1630, ,1610, ,0, ,N, ,3, , , , , ,305323, , , ,2,1,0,0,0,0,1,0,0,0,0,2,2,0,0,0,0,0,0,0,0,1,0,0,0,0,0,0,0,0,0,0,0,0,0,4,0,40.0594,-75.0859, , 
 ,24980,2015072873,6,67,67301,2015,6,6,100,1,3,1,1,8,1, , ,N,1,2,0,3,0,1,2,2,N,N,40 01:33.385,75 07:23.355,108, ,102, ,0, ,N, ,3, , , , , ,305324, , , ,1,1,0,0,0,0,0,0,0,0,0,1,1,0,0,0,0,0,0,0,0,0,0,0,0,0,0,0,0,0,0,0,1,0,0,4,0,40.0259,-75.1232, , 
 ,24981,2015078652,6,67,67301,2015,7,4,1802,18,1,2,1,7,2, , ,N,0,0,0,3,0,0,1,1,N,N,40 01:38.185,75 11:34.116,1810, ,1802,1,2,2,N, ,0,Y, , , , ,305329, , , ,1,1,0,0,0,0,0,0,0,0,0,0,0,0,0,0,0,0,0,0,0,0,0,0,0,0,0,0,0,0,0,0,0,0,0,0,0,40.0273,-75.1928, , 
 ,24982,2015091154,6,67,67301,2015,8,1,1630,16,1,1,0,4,1, , ,N,1,2,1,3,0,1,2,2,N, ,39 58:08.111,75 08:10.324,9999, ,9999, ,0, ,N, ,3, , , , , ,305342, , , ,1,1,0,0,0,0,0,0,1,0,1,0,1,0,0,0,0,0,0,0,0,0,0,0,0,0,0,0,0,0,0,0,0,0,0,3,0,39.9688,-75.1362, , 