wz_ln_closure,objectid_1,crn,district,county,municipality,crash_year,crash_month,day_of_week,time_of_day,hour_of_day,illumination,weather,road_condition,collision_type,relation_to_road,work_zone_type,work_zone_loc,work_zone_ind,intersect_type,tcd_type,location_type,urban_rural,fatal_count,injury_count,person_count,total_units,sch_bus_ind,sch_zone_ind,latitude,longitude,arrival_tm,cons_zone_spd_lim,dispatch_tm,est_hrs_closed,lane_closed,ln_close_dir,ntfy_hiwy_maint,spec_juris_cd,tcd_func_cd,tfc_detour_ind,workers_pres,wz_close_detour,wz_flagger,wz_law_offcr_ind,objectid,wz_moving,wz_other,wz_shlder_mdn,vehicle_count,automobile_count,motorcycle_count,bus_count,small_truck_count,heavy_truck_count,suv_count,van_count,bicycle_count,maj_inj_count,mod_inj_count,min_inj_count,tot_inj_count,unk_inj_deg_count,unk_inj_per_count,driver_count_16yr,driver_count_17yr,driver_count_18yr,driver_count_19yr,driver_count_20yr,driver_count_50_64yr,driver_count_65_74yr,driver_count_75plus,unbelted_occ_count,unb_death_count,unb_maj_inj_count,belted_death_count,belted_maj_inj_count,mcycle_death_count,mcycle_maj_inj_count,bicycle_death_count,bicycle_maj_inj_count,ped_count,ped_death_count,ped_maj_inj_count,max_severity_level,comm_veh_count,dec_lat,dec_long,rdwy_surf_type_cd,county_name
 ,25050,2015063905,6,67,67301,2015,5,6,750,7,1,1,0,4,1, , ,N,1,2,0,3,0,1,4,2,N, ,40 00:36.531,75 07:17.602,810, ,800, ,0, , , ,3, , , , , ,305739, , , ,2,1,0,0,0,0,1,0,0,0,0,1,1,0,0,0,0,0,0,0,0,0,0,0,0,0,0,0,0,0,0,0,0,0,0,4,0,40.0101,-75.1214, , 
 ,25051,2015054396,6,67,67301,2015,5,6,1025,10,1,1,0,5,1, , ,N,0,0,0,3,0,1,2,2,N,N,39 57:06.471,75 09:33.802,1035, ,1030, ,0, ,N, ,0, , , , , ,305744, , , ,1,1,0,0,0,0,0,0,1,0,1,0,1,0,0,0,0,0,0,0,0,0,0,0,0,0,0,0,0,0,0,0,0,0,0,3,0,39.9518,-75.1594, , 
 ,25052,2015084875,6,67,67301,2015,7,5,1857,18,1,8,1,4,1, , ,N,2,3,0,3,0,2,4,3,N,N,39 58:03.388,75 14:07.832,1904, ,1901, ,0, , , ,3, , , , , ,305772, , , ,3,2,0,0,0,0,1,0,0,0,0,1,2,1,0,0,0,0,0,0,0,0,0,0,0,0,0,0,0,0,0,0,0,0,0,4,0,39.9676,-75.2355, , 
 ,25053,2015091127,6,67,67301,2015,3,1,49,0,3,1,0,4,1, , ,N,1,3,0,3,0,1,2,2,N,N,39 58:13.918,75 08:12.469,49, ,49, ,0, ,N, ,3, , , , , ,305780, , , ,2,1,0,0,0,0,1,0,0,0,0,0,1,1,0,0,0,0,0,0,1,0,0,0,0,0,0,0,0,0,0,0,0,0,0,8,0,39.9705,-75.1368, , 
 ,25054,2015092980,6,67,67301,2015,8,2,1430,14,1,1,0,1,1, , ,N,5,2,0,3,0,3,5,2,N,N,39 54:41.358,75 14:33.765,1548, ,1536, ,0, ,N, ,3, , , , , ,305784, , , ,2,2,0,0,0,0,0,0,0,0,0,0,3,3,2,0,0,0,0,0,0,0,0,0,0,0,0,0,0,0,0,0,0,0,0,8,0,39.9113,-75.2427, , 
 ,25055,2015093106,6,67,67301,2015,8,6,1734,17,1,1,0,1,1, , ,N,0,0,0,3,0,0,3,2,N,N,39 57:30.781,75 10:05.577,1800, ,1737, ,0, ,N, ,0, , , , , ,305831, , , ,2,2,0,0,0,0,0,0,0,0,0,0,0,0,0,0,0,0,0,0,0,0,0,0,0,0,0,0,0,0,0,0,0,0,0,0,0,39.9586,-75.1682, , 
 ,25056,2015073633,6,67,67301,2015,7,7,915,9,1,1,0,4,1, , ,N,1,2,0,3,0,3,4,2,N,N,39 59:12.570,75 10:21.975,920, ,918, ,0, ,N, ,3, , , , , ,305848, , , ,2,1,0,0,0,0,1,0,0,0,0,3,3,0,0,0,0,0,0,1,0,0,0,0,0,0,0,0,0,0,0,0,0,0,0,4,0,39.9868,-75.1728, , 
 ,25057,2015095205,6,67,67301,2015,9,3,9999,99,1,1,0,4,1, , ,N,1,0,0,3,0,1,2,2,N,N,39 54:50.440,75 14:20.320,1515, ,1318, ,0, ,N, ,0, , , , , ,305874, , , ,2,1,0,0,0,0,1,0,0,0,0,1,1,0,0,0,0,0,0,0,1,0,1,0,0,0,0,0,0,0,0,0,0,0,0,4,0,39.914,-75.239, , 
 ,25058,2015102067,6,67,67301,2015,9,3,2350,23,3,2,1,0,1, , ,N,0,0,0,3,0,1,1,1,N,N,39 57:00.807,75 08:30.101,2356, ,2351,1,1,2,N, ,0,N, , , , ,305880, , , ,1,0,0,0,0,1,0,0,0,0,0,1,1,0,0,0,0,0,0,0,0,0,0,0,0,0,0,0,0,0,0,0,0,0,0,4,1,39.9502,-75.1417, , 
 ,25059,2015036610,6,67,67301,2015,3,3,1210,12,1,1,0,4,1, , ,N,1,2,0,3,0,1,2,2,N,N,40 00:25.549,75 05:38.543,1236, ,1226, ,0, ,N, ,3, , , , , ,305920, , , ,2,0,0,0,0,0,2,0,0,0,0,1,1,0,0,0,0,0,0,0,1,0,0,0,0,0,0,0,0,0,0,0,0,0,0,4,0,40.0071,-75.094, , 
 ,25060,2015065452,6,67,67301,2015,6,6,9999,99,3,2,1,4,1, , ,N,1,3,0,3,0,0,1,2,N,N,39 57:54.259,75 09:56.926,9999, ,9999, ,0, , , ,3, , , , , ,305953, , , ,2,1,0,0,0,0,1,0,0,0,0,0,0,0,0,0,0,0,0,0,0,0,0,0,0,0,0,0,0,0,0,0,0,0,0,0,0,39.9651,-75.1658, , 
 ,25061,2015081069,6,67,67301,2015,7,6,1920,19,1,1,0,4,1, , ,N,3,3,0,3,0,1,2,2,N,N,39 59:47.792,75 09:32.111,1928, ,1926,1,1,1,N, ,3,N, , , , ,305962, , , ,2,2,0,0,0,0,0,0,0,0,0,1,1,0,0,0,0,0,0,0,0,0,0,0,0,0,0,0,0,0,0,0,0,0,0,4,0,39.9966,-75.1589, , 
N,25062,2015082842,6,67,67301,2015,7,3,848,8,1,1,0,1,1,1,4,Y,0,8,0,3,0,1,2,2,N,N,40 01:22.324,75 02:08.790,851,45,849,2,2,1,N, ,3,N,Y,N,N,N,305964,N,N,Y,2,2,0,0,0,0,0,0,0,0,0,1,1,0,0,0,0,0,0,0,0,0,0,0,0,0,0,0,0,0,0,0,0,0,0,4,0,40.0229,-75.0358, , 
 ,25063,2015091170,6,67,67301,2015,8,7,2201,22,3,1,0,4,1, , ,N,1,3,0,3,0,1,2,2,N,N,39 56:09.052,75 10:37.250,2213, ,2212, ,0, , , ,3, , , , , ,311269, , , ,1,1,0,0,0,0,0,0,1,0,0,1,1,0,0,0,0,0,0,0,0,0,0,0,0,0,0,0,0,0,0,0,0,0,0,4,0,39.9358,-75.177, , 
 ,25064,2015059421,6,67,67301,2015,5,7,9999,99,3,1,0,5,1, , ,N,0,0,0,3,0,1,3,4,N,N,39 54:34.592,75 14:47.785,2320, ,2315,3,2,5,N, ,0,Y, , , , ,311286, , , ,4,3,0,0,0,0,1,0,0,0,0,1,1,0,1,0,0,0,0,0,0,0,0,0,0,0,0,0,0,0,0,0,0,0,0,4,0,39.9096,-75.2466, , 
 ,25065,2015080266,6,67,67301,2015,7,7,1158,11,1,1,0,7,4, , ,N,0,0,0,3,0,0,1,2,N,N,39 57:28.936,75 14:03.081,1216, ,1215, ,0, ,N, ,0, , , , , ,311305, , , ,1,1,0,0,0,0,0,0,0,0,0,0,0,0,0,0,0,0,0,0,0,0,0,0,0,0,0,0,0,0,0,0,0,0,0,0,0,39.958,-75.2342, , 
 ,25066,2015085264,6,67,67301,2015,8,3,1700,17,1,1,0,5,1, , ,N,0,0,0,3,0,1,3,2,N,N,40 02:45.993,75 08:03.711,1720, ,1715, ,0, ,N, ,0, , , , , ,311311, , , ,2,1,0,0,0,0,1,0,0,0,0,1,1,0,0,0,0,0,0,0,0,0,1,0,0,0,0,0,0,0,0,0,0,0,0,4,0,40.0461,-75.1344, , 
 ,25067,2015085296,6,67,67301,2015,8,6,2145,21,3,1,0,4,1, , ,N,1,2,0,3,0,1,2,2,N,N,40 01:12.877,75 06:50.707,2327, ,2324, ,0, ,N, ,3, , , , , ,311312, , , ,2,2,0,0,0,0,0,0,0,0,0,1,1,0,0,0,0,1,0,0,0,0,0,0,0,0,0,0,0,0,0,0,0,0,0,4,0,40.0202,-75.1141, , 
 ,25068,2015087656,6,67,67301,2015,8,3,1730,17,1,1,0,8,1, , ,N,2,4,0,3,0,1,2,2,N,N,39 58:42.699,75 09:24.048,1730, ,1730, ,0, ,N, ,2, , , , , ,311316, , , ,1,1,0,0,0,0,0,0,0,0,0,1,1,0,0,0,0,0,0,0,0,0,0,0,0,0,0,0,0,0,0,0,1,0,0,4,0,39.9785,-75.1567, , 
 ,25069,2015073741,6,67,67301,2015,7,6,1215,12,1,1,0,1,1, , ,N,0,0,0,3,0,0,3,2,N,N,40 06:26.395,75 01:36.026,1225, ,1217, ,0, ,N, ,0, , , , , ,311337, , , ,2,1,0,0,0,0,0,1,0,0,0,0,0,0,0,0,0,0,0,0,0,0,0,0,0,0,0,0,0,0,0,0,0,0,0,0,0,40.1073,-75.0267, , 
 ,25070,2015045577,6,67,67301,2015,4,2,950,9,1,1,0,1,1, , ,N,0,0,0,3,0,0,2,2,N,N,39 57:42.144,75 10:57.762,1009, ,953, ,0, ,N, ,0, , , , , ,311374, , , ,2,1,0,0,0,0,1,0,0,0,0,0,0,0,0,0,0,0,0,0,0,0,0,0,0,0,0,0,0,0,0,0,0,0,0,0,0,39.9617,-75.1827, , 
 ,25071,2015049053,6,67,67301,2015,4,7,1150,11,1,1,0,4,1, , ,N,2,3,0,3,0,2,2,3,N,N,39 58:51.362,75 10:55.493,1157, ,1152, ,0, ,N, ,3, , , , , ,311377, , , ,3,1,0,0,0,0,1,1,0,0,0,2,2,0,0,0,0,0,0,0,1,0,0,0,0,0,0,0,0,0,0,0,0,0,0,4,0,39.9809,-75.1821, , 
 ,25072,2015083418,6,67,67301,2015,7,3,1856,18,3,1,0,8,1, , ,N,1,0,0,3,0,1,2,2,N, ,39 58:30.545,75 11:17.083,1858, ,1856, ,0, , , ,0, , , , , ,311393, , , ,1,0,0,0,1,0,0,0,1,0,0,1,1,0,0,0,0,0,0,0,0,0,0,1,0,0,0,0,0,0,0,0,0,0,0,4,0,39.9752,-75.1881, , 
 ,25073,2015089603,6,67,67301,2015,8,7,524,5,5,1,0,5,6, , ,N,0,0,0,3,0,0,1,2,N, ,40 01:52.209,75 09:09.125,532, ,531, ,0, , , ,0, , , , , ,311400, , , ,2,1,0,0,0,0,1,0,0,0,0,0,0,0,0,0,0,0,0,1,0,0,0,0,0,0,0,0,0,0,0,0,0,0,0,0,0,40.0312,-75.1525, , 
 ,25074,2015043227,6,67,67301,2015,3,3,1000,10,1,1,0,8,1, , ,N,2,0,0,3,0,1,2,2,N, ,39 59:46.194,75 07:03.309,1539, ,1539, ,0, , , ,0, , , , , ,311426, , , ,1,1,0,0,0,0,0,0,0,0,1,0,1,0,1,0,0,0,0,0,0,0,0,0,0,0,0,0,0,0,0,0,1,0,0,3,0,39.9962,-75.1176, , 
 ,25075,2015066225,6,67,67301,2015,6,7,1712,17,1,1,0,4,1, , ,N,1,3,0,3,0,1,3,2,N,N,40 03:56.012,75 10:45.123,1720, ,1713, ,0, , , ,3, , , , , ,311430, , , ,2,1,0,0,0,0,1,0,0,0,0,0,1,1,0,0,0,0,0,0,1,1,0,0,0,0,0,0,0,0,0,0,0,0,0,8,0,40.0656,-75.1792, , 
 ,25076,2015071328,6,67,67301,2015,6,6,200,2,3,1,0,7,5, , ,N,0,0,0,3,0,0,1,1,N,N,39 56:52.486,75 10:22.040,200, ,200, ,0, ,N, ,0, , , , , ,311436, , , ,1,0,0,0,0,0,1,0,0,0,0,0,0,0,0,0,0,0,0,0,0,0,0,0,0,0,0,0,0,0,0,0,0,0,0,0,0,39.9479,-75.1728, , 
N,25077,2015084005,6,67,67301,2015,8,4,1750,17,1,1,0,1,1,1,4,Y,6,0,2,3,0,0,5,2,N,N,39 58:06.137,75 07:46.529,1750,20,1750,2,1,1,N, ,0,N,N,N,N,N,311445,N,N,Y,2,0,0,0,0,0,2,0,0,0,0,0,0,0,0,0,0,0,0,0,0,0,0,0,0,0,0,0,0,0,0,0,0,0,0,0,0,39.9684,-75.1296, , 
 ,25078,2015085301,6,67,67301,2015,8,4,2338,23,3,1,0,4,1, , ,N,1,2,0,3,0,2,4,2,N,N,40 01:27.245,75 02:47.562,0, ,2357, ,0, ,N, ,3, , , , , ,311447, , , ,2,2,0,0,0,0,0,0,0,0,0,2,2,0,0,0,0,0,0,0,0,0,0,0,0,0,0,0,0,0,0,0,0,0,0,4,0,40.0242,-75.0465, , 
 ,25079,2015035158,6,67,67301,2015,2,4,740,7,1,1,0,8,1, , ,N,0,0,0,3,0,1,2,2,N, ,39 55:11.609,75 13:39.292,746, ,744,2,1,1, , ,0,N, , , , ,311495, , , ,1,1,0,0,0,0,0,0,0,0,0,1,1,0,0,0,0,0,0,0,0,0,0,0,0,0,0,0,0,0,0,0,1,0,0,4,0,39.9199,-75.2276, , 
 ,25080,2015084019,6,67,67301,2015,8,1,143,1,2,1,0,0,1, , ,N,0,0,0,3,0,1,2,1,N,N,39 59:43.665,75 11:51.875,150, ,144,2,1,3,N, ,0,N, , , , ,311528, , , ,1,1,0,0,0,0,0,0,0,0,0,1,1,0,0,0,0,0,0,0,0,0,0,1,0,0,0,0,0,0,0,0,0,0,0,4,0,39.9955,-75.1977, , 
 ,25081,2015081141,6,67,67301,2015,7,5,1453,14,1,1,0,4,1, , ,N,0,0,0,3,0,1,2,2,N,N,40 03:06.414,75 00:05.158,1522, ,1516, ,0, ,N, ,0, , , , , ,311598, , , ,1,1,0,0,0,0,0,0,1,0,0,1,1,0,0,0,0,0,0,0,0,0,0,0,0,0,0,0,0,0,0,0,0,0,0,4,0,40.0518,-75.0014, , 
 ,25082,2015031037,6,67,67301,2015,2,2,1125,11,1,1,0,1,1, , ,N,0,2,0,3,0,1,4,2,N,N,40 03:42.524,74 59:17.450,1130, ,1129, ,0, ,N, ,3, , , , , ,298975, , , ,2,0,0,0,0,0,2,0,0,0,0,1,1,0,0,0,0,0,0,0,1,0,0,0,0,0,0,0,0,0,0,0,0,0,0,4,0,40.0618,-74.9882, , 
 ,25083,2015040856,6,67,67301,2015,3,5,2015,20,3,1,0,7,4, , ,N,0,0,0,3,0,1,1,1,N, ,39 54:38.993,75 11:34.089,2028, ,2024, ,0, , , ,0, , , , , ,298982, , , ,1,1,0,0,0,0,0,0,0,0,0,1,1,0,0,0,0,0,0,0,0,0,0,0,0,0,0,0,0,0,0,0,0,0,0,4,0,39.9108,-75.1928, , 
 ,25084,2015025094,6,67,67301,2015,2,6,1210,12,1,1,0,3,1, , ,N,1,2,7,3,0,1,3,2,N,N,40 00:27.502,75 07:38.377,1235, ,1221, ,0, , , ,3, , , , , ,299015, , , ,2,1,0,0,0,0,1,0,0,0,0,0,1,1,0,0,0,0,0,0,0,1,0,0,0,0,0,0,0,0,0,0,0,0,0,8,0,40.0076,-75.1273, , 
 ,25085,2015043331,6,67,67301,2015,3,3,1658,16,1,1,0,1,1, , ,N,0,0,0,3,0,1,3,3,N,N,39 57:48.688,75 11:03.030,1714, ,1704, ,0, ,N, ,0, , , , , ,299026, , , ,3,1,0,0,0,0,0,2,0,0,1,0,1,0,0,0,0,0,0,0,0,0,0,0,0,0,0,0,0,0,0,0,0,0,0,3,0,39.9635,-75.1842, , 
 ,25086,2015045422,6,67,67301,2015,4,4,755,7,1,1,0,1,1, , ,N,0,0,0,3,0,2,4,3,N,N,40 02:17.458,75 02:36.339,810, ,800, ,0, ,N, ,0, , , , , ,299029, , , ,3,2,0,0,0,0,1,0,0,0,0,1,2,1,0,0,0,0,0,0,1,0,0,1,0,0,0,0,0,0,0,0,0,0,0,4,0,40.0382,-75.0434, , 
 ,25087,2015049090,6,67,67301,2015,4,7,2150,21,3,1,0,8,1, , ,N,0,0,0,3,0,1,2,2,N,N,40 02:38.398,75 01:07.049,2310, ,2259, ,0, ,N, ,0, , , , , ,299038, , , ,1,0,0,0,0,0,1,0,0,0,0,1,1,0,0,0,0,0,0,0,0,0,0,0,0,0,0,0,0,0,0,0,1,0,0,4,0,40.044,-75.0186, , 
 ,25088,2015056524,6,67,67301,2015,5,4,745,7,1,1,0,8,1, , ,N,2,3,0,3,0,1,2,2,N, ,39 56:37.571,75 09:18.661,750, ,748, ,0, , , ,3, , , , , ,299043, , , ,1,0,0,0,0,0,1,0,0,0,0,0,1,1,0,0,0,0,0,0,0,0,0,0,0,0,0,0,0,0,0,0,1,0,0,8,0,39.9438,-75.1552, , 
 ,25089,2015012410,6,67,67301,2015,1,5,1517,15,1,1,0,1,1, , ,N,0,0,0,3,0,3,3,2,N, ,39 56:58.534,75 14:58.177,1535, ,1535, ,0, , , ,0, , , , , ,299048, , , ,2,0,0,0,0,0,2,0,0,0,0,3,3,0,0,0,0,0,0,0,1,0,0,0,0,0,0,0,0,0,0,0,0,0,0,4,0,39.9496,-75.2495, , 
 ,25090,2015025056,6,67,67301,2015,2,5,9999,99,1,1,0,4,1, , ,N,2,3,0,3,0,1,2,2,N, ,39 54:26.334,75 13:41.041,9999, ,139, ,0, , , ,3, , , , , ,299054, , , ,2,1,0,0,0,0,1,0,0,0,0,1,1,0,0,0,0,0,0,0,0,0,0,0,0,0,0,0,0,0,0,0,0,0,0,4,0,39.9073,-75.2281, , 
 ,25091,2015034161,6,67,67301,2015,3,1,330,3,3,1,0,4,1, , ,N,1,2,0,3,0,1,2,2,N,N,40 02:08.080,75 07:25.889,345, ,338, ,0, ,N, ,3, , , , , ,299061, , , ,2,1,0,0,0,0,0,1,0,0,0,1,1,0,0,0,0,0,0,0,0,0,0,0,0,0,0,0,0,0,0,0,0,0,0,4,0,40.0356,-75.1239, , 
 ,25092,2015045356,6,67,67301,2015,4,5,2230,22,3,2,1,4,1, , ,N,1,2,0,3,0,1,3,2,N,N,40 01:57.099,75 11:23.212,2255, ,2250, ,0, ,N, ,3, , , , , ,299069, , , ,2,2,0,0,0,0,0,0,0,0,0,0,1,1,1,0,0,0,1,0,0,0,0,0,0,0,0,0,0,0,0,0,0,0,0,8,0,40.0325,-75.1898, , 
N,25093,2015056639,6,67,67301,2015,5,2,1620,16,1,1,0,1,1,1,4,Y,0,8,0,3,0,0,3,2,N,N,39 57:59.483,75 08:05.860,1635,45,1632,1,2,1,N, ,3,N,Y,N,N,N,299081,N,N,Y,2,1,0,0,0,1,0,0,0,0,0,0,0,0,0,0,0,0,0,0,2,0,0,0,0,0,0,0,0,0,0,0,0,0,0,0,1,39.9665,-75.135, , 
 ,25094,2015058732,6,67,67301,2015,5,1,2138,21,3,1,0,8,1, , ,N,1,3,0,3,0,1,1,2,N,N,40 04:03.349,75 09:09.446,2148, ,2144, ,0, ,N, ,3, , , , , ,299085, , , ,1,1,0,0,0,0,0,0,0,0,0,0,1,1,0,0,0,0,0,0,0,0,0,0,0,0,0,0,0,0,0,0,1,0,0,8,0,40.0676,-75.1526, , 
 ,25095,2015021905,6,67,67301,2015,2,2,1730,17,1,7,5,4,1, , ,N,2,3,0,3,0,0,2,2,N, ,39 54:26.334,75 13:41.041,1749, ,1748, ,0, , , ,3, , , , , ,299103, , , ,2,2,0,0,0,0,0,0,0,0,0,0,0,0,0,0,0,0,0,0,0,0,1,0,0,0,0,0,0,0,0,0,0,0,0,0,0,39.9073,-75.2281, , 
 ,25096,2015038641,6,67,67301,2015,3,3,845,8,1,1,0,4,1, , ,N,2,0,2,3,0,1,3,2,N,N,39 58:29.060,75 11:57.003,853, ,848, ,0, ,N, ,0, , , , , ,299124, , , ,2,0,0,1,0,0,1,0,0,0,0,1,1,0,0,0,0,0,0,0,0,0,0,0,0,0,0,0,0,0,0,0,0,0,0,4,1,39.9746,-75.1992, , 
 ,25097,2015049078,6,67,67301,2015,4,1,9999,99,3,1,0,4,1, , ,N,1,2,0,3,0,5,6,2,N, ,39 57:14.472,75 08:41.402,1930, ,1940, ,0, , , ,3, , , , , ,299171, , , ,2,1,0,0,1,0,0,0,0,0,2,0,5,3,0,0,0,0,0,0,1,0,0,0,0,0,0,0,0,0,0,0,0,0,0,3,0,39.954,-75.1448, , 
 ,25098,2015031024,6,67,67301,2015,2,4,1315,13,1,1,0,4,1, , ,N,2,2,7,3,0,2,4,4,N,N,40 05:36.346,75 01:52.568,1335, ,1320, ,0, , , ,3, , , , , ,299213, , , ,4,2,0,0,0,0,2,0,0,0,0,0,2,2,0,0,0,0,0,1,2,0,1,0,0,0,0,0,0,0,0,0,0,0,0,8,0,40.0934,-75.0313, , 
 ,25099,2015047599,6,67,67301,2015,4,6,608,6,1,2,1,6,6, , ,N,2,0,0,3,0,1,1,3,N,N,39 55:08.738,75 08:53.915,628, ,618,2,2,6,N, ,0,Y, , , , ,299228, , , ,3,2,0,0,0,0,1,0,0,0,0,0,1,1,0,0,0,0,0,0,0,0,0,0,0,0,0,0,0,0,0,0,0,0,0,8,0,39.9191,-75.1483, , 
 ,25100,2015051919,6,67,67301,2015,5,7,2008,20,4,1,0,4,1, , ,N,1,2,0,3,0,0,2,2,N,N,39 55:15.755,75 13:26.897,2018, ,2018,3,2,3, , ,3,N, , , , ,302491, , , ,2,1,0,0,0,0,1,0,0,0,0,0,0,0,0,0,0,0,0,0,0,1,0,0,0,0,0,0,0,0,0,0,0,0,0,0,0,39.9211,-75.2242, , 
 ,25101,2015066305,6,67,67301,2015,6,1,500,5,1,1,0,6,6, , ,N,0,0,0,3,0,0,1,5,N,N,40 01:39.476,75 10:18.363,9999, ,9999, ,0, ,N, ,0, , , , , ,302499, , , ,5,3,0,0,0,0,2,0,0,0,0,0,0,0,0,0,0,0,0,0,0,0,0,0,0,0,0,0,0,0,0,0,0,0,0,0,0,40.0276,-75.1718, , 
 ,25102,2015069730,6,67,67301,2015,6,6,130,1,3,1,0,7,4, , ,N,0,0,0,3,0,0,1,2,N,N,39 56:57.375,75 10:09.279,140, ,135, ,0, , , ,0, , , , , ,302528, , , ,1,0,0,0,0,0,1,0,0,0,0,0,0,0,0,0,0,0,0,0,0,0,0,0,0,0,0,0,0,0,0,0,0,0,0,0,0,39.9493,-75.1692, , 
 ,25103,2015070123,6,67,67301,2015,6,6,626,6,1,1,0,4,1, , ,N,2,2,0,3,0,2,2,2,N,N,40 00:26.314,75 11:31.785,641, ,631,2,2,7,N, ,3,Y, , , , ,302529, , , ,2,1,0,0,0,0,1,0,0,0,0,2,2,0,0,0,0,0,0,0,1,0,0,0,0,0,0,0,0,0,0,0,0,0,0,4,0,40.0073,-75.1922, , 
 ,25104,2015075283,6,67,67301,2015,7,2,1600,16,1,1,1,8,1, , ,N,0,0,0,3,0,1,2,2,N,N,39 58:22.028,75 12:58.925,1655, ,1651, ,0, ,N, ,0, , , , , ,302535, , , ,1,1,0,0,0,0,0,0,0,0,0,0,1,1,1,0,0,0,0,0,0,0,0,0,0,0,0,0,0,0,0,0,1,0,0,8,0,39.9728,-75.2164, , 
 ,25105,2015084009,6,67,67301,2015,8,6,529,5,3,1,0,5,1, , ,N,0,0,0,3,0,0,2,2,N,N,39 58:10.332,75 11:31.995,540, ,530,1,1,4,N, ,0,N, , , , ,302547, , , ,2,1,0,0,0,1,0,0,0,0,0,0,0,0,1,0,0,0,0,0,0,0,0,0,0,0,0,0,0,0,0,0,0,0,0,9,1,39.9695,-75.1922, , 
 ,25106,2015086272,6,67,67301,2015,8,1,1500,15,1,1,0,1,1, , ,N,1,2,0,3,0,1,3,2,N,N,39 54:12.402,75 09:30.391,1648, ,1631, ,0, , , ,3, , , , , ,302549, , , ,2,0,0,0,0,0,0,2,0,0,0,0,1,1,0,0,0,0,0,0,1,0,0,0,0,0,0,0,0,0,0,0,0,0,0,8,0,39.9034,-75.1584, , 
 ,25107,2015092929,6,67,67301,2015,8,5,1620,16,1,1,0,8,1, , ,N,1,3,0,3,0,1,2,2,N,N,40 01:46.318,75 09:00.475,1910, ,1910, ,0, ,N, ,3, , , , , ,302553, , , ,1,1,0,0,0,0,0,0,0,0,0,1,1,0,0,0,0,0,0,0,0,0,0,0,0,0,0,0,0,0,0,0,1,0,0,4,0,40.0295,-75.1501, , 
 ,25108,2015061709,6,67,67301,2015,5,4,1300,13,1,1,0,5,1, , ,N,0,0,0,3,0,1,3,2,N,N,40 01:42.326,75 06:31.901,1310, ,1305,1,1,2,N, ,0,N, , , , ,302563, , , ,2,1,0,0,0,0,1,0,0,0,0,0,1,1,0,0,0,0,0,0,0,0,0,0,0,0,0,0,0,0,0,0,0,0,0,8,0,40.0284,-75.1089, , 
 ,25109,2015015565,6,67,67301,2015,1,1,2225,22,3,2,1,7,4, , ,N,0,0,0,3,0,1,1,1,N,N,40 01:15.178,75 06:02.469,2235, ,2231, ,0, ,N, ,0, , , , , ,302574, , , ,1,1,0,0,0,0,0,0,0,0,0,0,1,1,0,0,0,0,0,0,0,0,0,0,0,0,0,0,0,0,0,0,0,0,0,8,0,40.0209,-75.1007, , 
 ,25110,2015020731,6,67,67301,2015,2,2,30,0,3,4,3,5,6, , ,N,0,0,0,3,0,1,2,3,N,N,40 02:11.008,75 02:55.862,40, ,34, ,0, ,N, ,0, , , , , ,302580, , , ,3,2,0,0,1,0,0,0,0,0,0,1,1,0,0,0,0,0,0,0,0,0,0,0,0,0,0,0,0,0,0,0,0,0,0,4,0,40.0364,-75.0489, , 
 ,25111,2015021902,6,67,67301,2015,2,6,1145,11,1,1,0,8,1, , ,N,1,3,0,3,0,1,2,2,N,N,39 55:12.212,75 11:08.786,1157, ,1152, ,0, ,N, ,3, , , , , ,302583, , , ,1,0,0,0,0,0,1,0,0,0,0,1,1,0,0,0,0,0,0,0,1,0,0,0,0,0,0,0,0,0,0,0,1,0,0,4,0,39.9201,-75.1858, , 
N,25112,2015026462,6,67,67301,2015,2,5,1510,15,1,1,0,7,3,1,8,Y,0,0,0,3,0,1,1,1,N,N,39 58:22.712,75 07:16.241,1525,45,1515,2,1,2,N, ,0,N,N,N,N,N,302590,N,N,Y,1,1,0,0,0,0,0,0,0,0,0,0,1,1,0,0,0,0,0,0,0,0,0,0,0,0,0,0,0,0,0,0,0,0,0,8,0,39.973,-75.1212, , 
 ,25113,2015013009,6,67,67301,2015,1,4,1835,18,3,1,0,1,1, , ,N,0,0,0,3,0,1,2,2,N,N,39 59:41.764,75 05:00.831,1835, ,1835, ,0, ,N, ,0, , , , , ,302610, , , ,2,1,0,0,0,0,0,1,0,0,0,1,1,0,0,0,0,0,0,0,0,0,0,0,0,0,0,0,0,0,0,0,0,0,0,4,0,39.9949,-75.0836, , 
 ,25114,2015018966,6,67,67301,2015,2,4,1955,19,3,1,0,8,1, , ,N,0,0,0,3,1,0,2,2,N,N,39 55:07.799,75 11:11.141,2000, ,1956, ,0, , ,0,0, , , , , ,302619, , , ,1,0,0,0,0,0,1,0,0,0,0,0,0,0,0,0,0,0,0,0,0,0,0,0,0,0,0,0,0,0,0,0,1,1,0,1,0,39.9188,-75.1864,2, 
 ,25115,2015040949,6,67,67301,2015,3,1,1719,17,3,1,0,4,1, , ,N,1,2,0,3,0,0,4,2,N,N,39 57:18.079,75 10:04.799,1949, ,1941,9,1,1,N, ,3,N, , , , ,302644, , , ,2,2,0,0,0,0,0,0,0,0,0,0,0,0,0,0,0,0,0,0,0,0,0,0,0,0,0,0,0,0,0,0,0,0,0,0,0,39.955,-75.168, , 