wz_ln_closure,objectid_1,crn,district,county,municipality,crash_year,crash_month,day_of_week,time_of_day,hour_of_day,illumination,weather,road_condition,collision_type,relation_to_road,work_zone_type,work_zone_loc,work_zone_ind,intersect_type,tcd_type,location_type,urban_rural,fatal_count,injury_count,person_count,total_units,sch_bus_ind,sch_zone_ind,latitude,longitude,arrival_tm,cons_zone_spd_lim,dispatch_tm,est_hrs_closed,lane_closed,ln_close_dir,ntfy_hiwy_maint,spec_juris_cd,tcd_func_cd,tfc_detour_ind,workers_pres,wz_close_detour,wz_flagger,wz_law_offcr_ind,objectid,wz_moving,wz_other,wz_shlder_mdn,vehicle_count,automobile_count,motorcycle_count,bus_count,small_truck_count,heavy_truck_count,suv_count,van_count,bicycle_count,maj_inj_count,mod_inj_count,min_inj_count,tot_inj_count,unk_inj_deg_count,unk_inj_per_count,driver_count_16yr,driver_count_17yr,driver_count_18yr,driver_count_19yr,driver_count_20yr,driver_count_50_64yr,driver_count_65_74yr,driver_count_75plus,unbelted_occ_count,unb_death_count,unb_maj_inj_count,belted_death_count,belted_maj_inj_count,mcycle_death_count,mcycle_maj_inj_count,bicycle_death_count,bicycle_maj_inj_count,ped_count,ped_death_count,ped_maj_inj_count,max_severity_level,comm_veh_count,dec_lat,dec_long,rdwy_surf_type_cd,county_name
 ,25116,2015015632,6,67,67301,2015,1,6,1830,18,3,1,0,5,1, , ,N,0,0,0,3,0,0,2,3,N,N,40 02:01.191,75 02:25.582,1850, ,847, ,0, ,N, ,0, , , , , ,302664, , , ,3,1,0,0,0,0,1,1,0,0,0,0,0,0,0,0,0,0,0,0,0,0,0,0,0,0,0,0,0,0,0,0,0,0,0,0,0,40.0337,-75.0404, , 
 ,25117,2015026085,6,67,67301,2015,3,1,1419,14,1,3,3,7,2, , ,N,0,3,7,3,0,2,4,2,N,N,40 03:05.244,75 07:09.153,1422, ,1419, ,0, ,N, ,3, , , , , ,302670, , , ,2,1,0,0,0,0,1,0,0,0,0,0,2,2,0,0,1,0,0,0,0,0,0,0,0,0,0,0,0,0,0,0,0,0,0,8,0,40.0515,-75.1192, , 
 ,25118,2015031027,6,67,67301,2015,2,3,1127,11,1,1,0,4,1, , ,N,1,3,0,3,0,0,2,2,N, ,40 01:22.525,75 09:47.379,1146, ,1138, ,0, , , ,3, , , , , ,302679, , , ,2,0,0,0,0,0,1,0,0,0,0,0,0,0,0,0,0,0,0,0,1,0,0,0,0,0,0,0,0,0,0,0,0,0,0,0,0,40.0229,-75.1632, , 
 ,25119,2015081039,6,67,67301,2015,7,7,1655,16,1,1,0,5,1, , ,N,0,0,0,3,0,2,2,2,N,N,40 01:07.478,75 08:56.641,1700, ,1657, ,0, ,N, ,0, , , , , ,308574, , , ,2,1,0,0,0,0,1,0,0,0,0,2,2,0,0,0,0,0,0,0,0,1,0,0,0,0,0,0,0,0,0,0,0,0,0,4,0,40.0187,-75.1491, , 
 ,25120,2015049126,6,67,67301,2015,4,7,1800,18,1,1,0,4,1, , ,N,1,2,0,3,0,0,2,2,N,N,39 56:54.283,75 10:34.471,1900, ,1823, ,0, , , ,3, , , , , ,308584, , , ,2,2,0,0,0,0,0,0,0,0,0,0,0,0,0,0,0,0,0,0,0,0,0,0,0,0,0,0,0,0,0,0,0,0,0,0,0,39.9484,-75.1762, , 
 ,25121,2015056414,6,67,67301,2015,5,5,1502,15,1,1,0,1,1, , ,N,2,2,0,3,0,1,2,2,N, ,39 55:23.732,75 13:14.087,1525, ,1502, ,0, , , ,3, , , , , ,308587, , , ,2,2,0,0,0,0,0,0,0,0,1,0,1,0,0,0,0,0,0,0,1,0,0,1,0,0,0,0,0,0,0,0,0,0,0,3,0,39.9233,-75.2206, , 
N,25122,2015071471,6,67,67301,2015,6,1,50,0,3,2,1,1,1,1,4,Y,0,0,0,3,0,0,5,2,N,N,39 58:56.048,75 06:01.172,105,45,57,2,1,1,N, ,0,N,N,N,N,N,308599,N,N,Y,2,2,0,0,0,0,0,0,0,0,0,0,0,0,0,0,0,0,0,0,0,0,0,0,0,0,0,0,0,0,0,0,0,0,0,0,0,39.9822,-75.1003, , 
 ,25123,2015086230,6,67,67301,2015,8,6,2049,20,3,1,0,4,1, , ,N,1,2,0,3,0,1,4,4,N,N,39 57:36.745,75 11:27.211,2055, ,2051,2,2,6,N, ,3,Y, , , , ,308613, , , ,4,3,0,0,0,0,1,0,0,0,0,1,1,0,0,0,0,0,0,0,1,0,0,0,0,0,0,0,0,0,0,0,0,0,0,4,0,39.9602,-75.1909, , 
 ,25124,2015075673,6,67,67301,2015,7,1,1316,13,1,1,0,4,1, , ,N,1,2,0,3,0,3,3,3,N,N,39 59:43.691,75 10:44.096,1335, ,1330,3,2,5, , ,3,Y, , , , ,308644, , , ,3,1,0,0,2,0,0,0,0,0,0,0,3,3,0,0,0,0,0,0,1,1,0,3,0,0,0,0,0,0,0,0,0,0,0,8,0,39.9955,-75.1789, , 
 ,25125,2015092465,6,67,67301,2015,8,7,1815,18,1,1,0,1,1, , ,N,1,3,0,3,0,1,2,2,N,N,39 55:45.040,75 09:30.207,1820, ,1820, ,0, ,N, ,3, , , , , ,308656, , , ,1,1,0,0,0,0,0,0,1,0,0,1,1,0,0,0,0,0,0,0,0,0,0,1,0,0,0,0,0,0,0,0,0,0,0,4,0,39.9292,-75.1584, , 
 ,25126,2015093549,6,67,67301,2015,8,5,2312,23,3,1,0,7,7, , ,N,10,0,0,3,0,2,2,2,N,N,39 58:06.099,75 07:44.559,2319, ,2313,2,2,1,Y, ,0,Y, , , , ,308659, , , ,2,1,0,0,0,0,1,0,0,0,0,0,2,2,0,0,0,0,0,0,0,0,0,0,0,0,0,0,0,0,0,0,0,0,0,8,0,39.9684,-75.129, , 
 ,25127,2015102059,6,67,67301,2015,9,4,2155,21,1,1,0,1,1, , ,N,6,0,2,3,0,0,2,2,N,N,39 56:55.146,75 11:07.694,2204, ,2156, ,0, ,N, ,0, , , , , ,308668, , , ,2,1,0,0,0,0,1,0,0,0,0,0,0,0,0,0,0,0,0,0,0,0,0,0,0,0,0,0,0,0,0,0,0,0,0,0,0,39.9487,-75.1855, , 
 ,25128,2015103325,6,67,67301,2015,9,4,1916,19,3,1,0,8,1, , ,N,0,0,0,3,0,1,2,2,N,Y,40 06:06.199,74 58:21.442,1920, ,1917, ,0, ,N, ,0, , , , , ,308671, , , ,1,1,0,0,0,0,0,0,1,0,0,0,1,1,0,0,0,0,0,0,1,0,0,0,0,0,0,0,0,0,0,0,0,0,0,8,0,40.1017,-74.9726, , 
 ,25129,2015074577,6,67,67301,2015,6,4,719,7,1,1,0,1,1, , ,N,0,0,0,3,0,1,3,3,N,N,39 53:33.372,75 13:23.169,734, ,720,3,2,3,N, ,0,Y, , , , ,308701, , , ,3,1,0,0,0,1,1,0,0,1,0,0,1,0,0,0,0,0,0,0,1,0,0,0,0,0,0,1,0,0,0,0,0,0,0,2,1,39.8926,-75.2231, , 
 ,25130,2015083352,6,67,67301,2015,7,3,1934,19,1,1,0,8,1, , ,N,1,2,0,3,0,1,2,2,N, ,39 57:24.200,75 13:24.793,1935, ,1935, ,0, , , ,3, , , , , ,308708, , , ,1,0,0,0,0,0,1,0,0,0,0,1,1,0,0,0,0,0,0,0,0,0,0,0,0,0,0,0,0,0,0,0,1,0,0,4,0,39.9567,-75.2235, , 
 ,25131,2015089610,6,67,67301,2015,8,3,535,5,5,2,1,4,1, , ,N,1,2,0,3,0,1,3,2,N,N,40 03:06.246,75 07:37.696,547, ,540, ,0, ,N, ,3, , , , , ,308712, , , ,2,1,0,0,0,0,1,0,0,0,0,1,1,0,0,0,0,0,1,0,0,0,0,0,0,0,0,0,0,0,0,0,0,0,0,4,0,40.0517,-75.1271, , 
 ,25132,2015092449,6,67,67301,2015,8,4,1840,18,1,1,0,4,1, , ,N,1,2,0,3,0,1,2,2,N,N,39 58:58.770,75 06:05.073,1850, ,1847, ,0, ,N, ,3, , , , , ,308717, , , ,1,0,0,0,0,0,0,1,1,0,0,0,1,1,0,0,0,0,0,0,0,0,0,0,0,0,0,0,0,0,0,0,0,0,0,8,0,39.983,-75.1014, , 
 ,25133,2015095224,6,67,67301,2015,9,2,1600,16,1,1,0,1,1, , ,N,1,2,0,3,0,2,3,2,N,N,40 01:06.336,75 08:56.889,9999, ,1600, ,0, ,N, ,3, , , , , ,308720, , , ,2,0,0,0,0,0,1,0,0,0,0,0,2,2,0,0,0,0,0,0,0,1,1,0,0,0,0,0,0,0,0,0,0,0,0,8,0,40.0184,-75.1491, , 
 ,25134,2015038982,6,67,67301,2015,3,1,1133,11,1,1,0,4,1, , ,N,1,3,0,3,0,0,3,3,N,N,39 56:27.488,75 10:40.342,1136, ,1135, ,0, ,N, ,3, , , , , ,308749, , , ,3,3,0,0,0,0,0,0,0,0,0,0,0,0,0,0,0,0,0,0,0,0,0,0,0,0,0,0,0,0,0,0,0,0,0,0,0,39.941,-75.1779, , 
 ,25135,2015042803,6,67,67301,2015,4,1,2230,22,3,1,0,5,1, , ,N,0,0,0,3,0,0,7,3,N,N,40 01:55.808,75 11:15.613,2245, ,2239,3,2,6,N, ,0,Y, , , , ,308754, , , ,3,3,0,0,0,0,0,0,0,0,0,0,0,0,1,0,0,0,0,0,0,0,0,0,0,0,0,0,0,0,0,0,0,0,0,9,0,40.0322,-75.1877, , 
 ,25136,2015043269,6,67,67301,2015,3,1,1344,13,1,1,0,5,1, , ,N,0,0,0,3,0,2,6,4,N, ,40 01:45.789,75 06:21.088,1350, ,1344,2,1,2, , ,0,Y, , , , ,308755, , , ,3,3,0,0,0,0,0,0,0,0,1,1,2,0,0,0,0,0,0,0,1,0,0,0,0,0,0,0,0,0,0,0,1,0,0,3,0,40.0294,-75.1059, , 
 ,25137,2015095677,6,67,67301,2015,9,1,2058,20,3,1,0,1,1, , ,N,1,2,0,3,0,1,2,2,N,N,39 56:35.610,75 09:13.269,2105, ,2058, ,0, ,N, ,3, , , , , ,305979, , , ,1,1,0,0,0,0,0,0,1,0,1,0,1,0,0,0,0,0,0,0,0,0,0,0,0,0,0,0,0,0,0,0,0,0,0,3,0,39.9432,-75.1537, , 
 ,25138,2015063523,6,67,67301,2015,5,2,1723,17,1,1,0,8,1, , ,N,1,2,0,3,0,1,2,2,N,N,40 01:59.289,75 10:14.197,1735, ,1730, ,0, ,N, ,3, , , , , ,305985, , , ,1,1,0,0,0,0,0,0,0,0,0,1,1,0,0,0,0,0,0,0,1,0,0,1,0,0,0,0,0,0,0,0,1,0,0,4,0,40.0331,-75.1706, , 
 ,25139,2015040888,6,67,67301,2015,3,7,2300,23,3,1,0,4,1, , ,N,1,2,0,3,0,1,3,3,N,N,40 01:40.946,75 06:36.204,2308, ,2304,2,1,2,N, ,3,Y, , , , ,306012, , , ,3,1,0,0,0,0,2,0,0,0,0,1,1,0,0,0,0,0,0,0,2,0,0,0,0,0,0,0,0,0,0,0,0,0,0,4,0,40.028,-75.1101, , 
 ,25140,2015031074,6,67,67301,2015,3,1,1410,14,1,3,4,7,4, , ,N,1,2,0,3,0,0,1,1,N,N,40 03:05.090,75 09:48.178,1636, ,1410, ,0, ,N, ,3, , , , , ,306046, , , ,1,1,0,0,0,0,0,0,0,0,0,0,0,0,0,0,0,0,0,0,0,0,0,0,0,0,0,0,0,0,0,0,0,0,0,0,0,40.0514,-75.1634, , 
 ,25141,2015072966,6,67,67301,2015,7,2,745,7,1,1,0,7,4, , ,N,0,0,0,3,0,0,1,1,N,N,39 53:55.682,75 10:22.322,807, ,750, ,0, ,N, ,0, , , , , ,306075, , , ,1,1,0,0,0,0,0,0,0,0,0,0,0,0,0,0,0,0,0,1,0,0,0,0,0,0,0,0,0,0,0,0,0,0,0,0,0,39.8988,-75.1729, , 
 ,25142,2015053896,6,67,67301,2015,5,2,1925,19,1,1,0,4,1, , ,N,1,2,0,3,0,2,2,3,N,N,39 58:58.242,75 08:31.963,1932, ,1930, ,0, ,N, ,3, , , , , ,306117, , , ,3,1,0,0,0,0,2,0,0,0,0,0,2,2,0,0,0,0,0,0,0,0,0,0,0,0,0,0,0,0,0,0,0,0,0,8,0,39.9828,-75.1422, , 
 ,25143,2015054408,6,67,67301,2015,5,3,1458,14,1,1,0,1,1, , ,N,0,0,0,3,0,1,2,2,N,N,39 57:36.802,75 13:34.900,1508, ,1508, ,0, ,N, ,0, , , , , ,306118, , , ,2,1,0,0,0,0,0,1,0,0,0,0,1,1,0,0,0,0,0,0,2,0,0,0,0,0,0,0,0,0,0,0,0,0,0,8,0,39.9602,-75.2264, , 
 ,25144,2015056470,6,67,67301,2015,5,6,640,6,1,1,0,1,1, , ,N,0,0,0,3,0,6,9,4,N,N,40 00:37.153,75 11:07.619,650, ,645, ,0, ,N, ,0, , , , , ,306121, , , ,4,2,0,0,0,1,1,0,0,0,0,6,6,0,0,0,0,0,0,0,2,0,0,0,0,0,0,0,0,0,0,0,0,0,0,4,1,40.0103,-75.1854, , 
 ,25145,2015047571,6,67,67301,2015,4,4,1840,18,1,1,0,4,1, , ,N,1,2,0,3,0,1,4,2,N, ,40 03:51.370,75 03:13.310,1848, ,1846, ,0, , , ,3, , , , , ,306130, , , ,2,0,0,0,1,0,1,0,0,0,0,1,1,0,0,0,0,0,0,0,0,0,0,0,0,0,0,0,0,0,0,0,0,0,0,4,0,40.0643,-75.0537, , 
 ,25146,2015049020,6,67,67301,2015,4,7,1400,14,1,1,0,0,1, , ,N,0,0,0,3,0,1,1,1,N,N,39 58:51.657,75 13:46.016,1402, ,1400, ,0, , , ,0, , , , , ,306132, , , ,1,0,1,0,0,0,0,0,0,0,1,0,1,0,0,0,0,0,0,0,0,0,0,0,0,0,0,0,0,0,0,0,0,0,0,3,0,39.981,-75.2294, , 
 ,25147,2015022400,6,67,67301,2015,1,5,805,8,1,1,0,6,1, , ,N,1,2,0,3,0,2,2,2,N, ,39 58:20.544,75 09:59.380,825, ,815,2,2,5, , ,3,Y, , , , ,306135, , , ,2,0,0,0,0,1,1,0,0,0,0,2,2,0,0,0,0,0,0,0,0,0,1,0,0,0,0,0,0,0,0,0,0,0,0,4,1,39.9724,-75.1665, , 
 ,25148,2015056522,6,67,67301,2015,5,5,1909,19,1,1,0,1,6, , ,N,0,0,0,3,0,1,1,3,N,N,39 59:42.759,75 07:54.829,1909, ,1909,9,2,2,N, ,0,Y, , , , ,306163, , , ,3,2,0,0,0,0,0,0,0,0,0,0,1,1,0,0,0,0,0,0,0,0,0,1,0,0,0,0,0,0,0,0,0,0,0,8,0,39.9952,-75.1319, , 
 ,25149,2015056546,6,67,67301,2015,5,2,2014,20,1,2,1,4,1, , ,N,1,2,0,3,0,2,2,2,N,N,40 00:49.835,75 03:21.481,2020, ,2017,9,2,2, , ,3,Y, , , , ,306164, , , ,2,1,0,0,0,0,1,0,0,0,2,0,2,0,0,0,0,0,0,0,0,0,0,0,0,0,0,0,0,0,0,0,0,0,0,3,0,40.0138,-75.056, , 
 ,25150,2015073506,6,67,67301,2015,6,3,1344,13,1,1,0,5,1, , ,N,0,0,0,3,0,1,3,3,N,N,39 56:58.816,75 08:28.902,1355, ,1345,2,1,1,Y, ,0,N, , , , ,306228, , , ,3,1,0,0,1,0,0,1,0,0,0,0,1,1,1,0,0,0,0,0,1,0,0,0,0,0,0,0,0,0,0,0,0,0,0,8,0,39.9497,-75.1414, , 
 ,25151,2015061740,6,67,67301,2015,5,1,1705,17,1,1,0,4,1, , ,N,1,2,0,3,0,4,5,2,N, ,39 59:27.769,75 10:06.848,1715, ,1705, ,0, , , ,3, , , , , ,306233, , , ,2,2,0,0,0,0,0,0,0,0,4,0,4,0,0,0,0,0,0,0,1,0,0,1,0,0,0,0,0,0,0,0,0,0,0,3,0,39.991,-75.1686, , 
 ,25152,2015067935,6,67,67301,2015,6,2,620,6,1,1,0,6,1, , ,N,0,0,0,3,0,2,2,2,N,N,40 04:49.993,75 13:23.668,630, ,621,3,2,6, , ,0,N, , , , ,306239, , , ,2,1,0,0,0,0,1,0,0,0,1,0,2,1,0,0,0,0,0,0,1,0,0,0,0,0,0,0,0,0,0,0,0,0,0,3,0,40.0806,-75.2232, , 
 ,25153,2015069676,6,67,67301,2015,6,5,2150,21,3,1,0,1,1, , ,N,1,2,0,3,0,2,2,2,N, ,39 54:48.261,75 13:37.916,2215, ,2200, ,0, , , ,3, , , , , ,306244, , , ,2,2,0,0,0,0,0,0,0,0,1,1,2,0,0,0,0,0,0,0,0,0,0,0,0,0,0,0,0,0,0,0,0,0,0,3,0,39.9134,-75.2272, , 
 ,25154,2015083432,6,67,67301,2015,8,7,1350,13,1,1,0,4,1, , ,N,1,3,0,3,0,0,3,2,N,N,39 57:24.976,75 11:38.428,1430, ,1424, ,0, , , ,3, , , , , ,306257, , , ,2,1,0,0,0,0,1,0,0,0,0,0,0,0,0,0,0,0,0,0,0,0,0,0,0,0,0,0,0,0,0,0,0,0,0,0,0,39.9569,-75.194, , 
 ,25155,2015051451,6,67,67301,2015,5,7,1917,19,1,1,0,8,1, , ,N,0,0,0,3,0,1,2,2,N,N,39 56:38.456,75 13:53.094,1920, ,1919, ,0, ,N, ,0, , , , , ,299275, , , ,1,1,0,0,0,0,0,0,0,0,0,1,1,0,0,0,0,0,0,0,0,0,0,0,0,0,0,0,0,0,0,0,1,0,0,4,0,39.944,-75.2314, , 
 ,25156,2015052405,6,67,67301,2015,5,1,130,1,3,1,0,7,4, , ,N,0,0,0,3,0,1,2,1,N,N,39 59:46.560,75 11:48.784,130, ,130,2,2,4,N, ,0,N, , , , ,299277, , , ,1,0,0,0,0,0,1,0,0,0,0,1,1,0,0,0,0,0,0,0,0,0,0,1,0,0,0,0,0,0,0,0,0,0,0,4,0,39.9963,-75.1969, , 
 ,25157,2015047540,6,67,67301,2015,4,2,650,6,1,1,0,4,1, , ,N,1,2,0,3,0,0,2,2,N,N,40 08:03.425,75 00:32.780,730, ,712,1,1,1,N, ,3,N, , , , ,299318, , , ,2,1,0,0,1,0,0,0,0,0,0,0,0,0,0,0,0,0,0,0,0,1,0,0,0,0,0,0,0,0,0,0,0,0,0,0,0,40.1343,-75.0091, , 
 ,25158,2015009170,6,67,67301,2015,1,1,838,8,1,2,5,7,3, , ,N,0,0,0,3,0,1,1,1,N,N,40 00:07.958,75 04:42.338,838, ,838,3,2,1,N, ,0,N, , , , ,299334, , , ,1,0,0,0,0,0,1,0,0,0,0,0,1,1,0,0,0,1,0,0,0,0,0,0,0,0,0,0,0,0,0,0,0,0,0,8,0,40.0022,-75.0784, , 
 ,25159,2015012097,6,67,67301,2015,1,2,1440,14,1,1,0,1,1, , ,N,0,0,0,3,0,1,3,3,N,N,39 57:28.588,75 09:44.546,1440, ,1440, ,0, ,N, ,0, , , , , ,299338, , , ,3,2,0,0,1,0,0,0,0,0,0,1,1,0,0,0,0,0,0,0,0,0,0,0,0,0,0,0,0,0,0,0,0,0,0,4,0,39.9579,-75.1624, , 
 ,25160,2015021928,6,67,67301,2015,2,3,1623,16,1,1,0,4,1, , ,N,2,3,2,3,0,0,8,2,N, ,40 02:58.344,75 00:04.251,1628, ,1628, ,0, , , ,3, , , , , ,299348, , , ,2,1,0,0,0,0,0,1,0,0,0,0,0,0,0,0,0,0,0,1,0,0,0,0,0,0,0,0,0,0,0,0,0,0,0,0,0,40.0495,-75.0012, , 
 ,25161,2015021966,6,67,67301,2015,2,1,9999,99,3,1,0,4,1, , ,N,1,2,0,3,0,1,3,2,N, ,40 00:35.396,75 10:00.737,1813, ,1808, ,0, , , ,3, , , , , ,299349, , , ,2,1,0,0,0,0,0,1,0,0,0,0,1,1,0,0,0,0,0,0,1,0,0,0,0,0,0,0,0,0,0,0,0,0,0,8,0,40.0098,-75.1669, , 
 ,25162,2015025073,6,67,67301,2015,2,4,1757,17,4,1,0,4,1, , ,N,1,2,0,3,0,1,2,2,N, ,39 58:52.935,75 08:33.241,1800, ,1757, ,0, , , ,3, , , , , ,299355, , , ,2,2,0,0,0,0,0,0,0,0,0,0,1,1,0,0,0,0,0,0,0,0,0,0,0,0,0,0,0,0,0,0,0,0,0,8,0,39.9814,-75.1426, , 
 ,25163,2015038655,6,67,67301,2015,3,3,1015,10,1,1,0,4,1, , ,N,1,2,0,3,0,1,3,3,N,N,39 58:25.587,75 13:10.766,1327, ,1317, ,0, , , ,3, , , , , ,299405, , , ,3,2,0,0,1,0,0,0,0,0,0,1,1,0,0,0,0,0,0,0,0,0,0,0,0,0,0,0,0,0,0,0,0,0,0,4,0,39.9737,-75.2195, , 
 ,25164,2015043223,6,67,67301,2015,4,5,1730,17,1,1,0,4,1, , ,N,1,2,0,3,0,0,2,2,N,N,39 58:22.710,75 14:16.803,1750, ,1745, ,0, ,N, ,3, , , , , ,299410, , , ,2,2,0,0,0,0,0,0,0,0,0,0,0,0,0,0,0,0,0,0,1,0,0,0,0,0,0,0,0,0,0,0,0,0,0,0,0,39.973,-75.238, , 
 ,25165,2015025092,6,67,67301,2015,2,5,1200,12,1,1,0,5,6, , ,N,0,0,0,3,0,1,1,2,N, ,40 00:18.423,75 08:42.150,1300, ,1200, ,0, , , ,0, , , , , ,299443, , , ,2,1,0,0,0,0,1,0,0,0,1,0,1,0,0,0,0,0,0,0,0,0,0,0,0,0,0,0,0,0,0,0,0,0,0,3,0,40.0051,-75.145, , 
 ,25166,2015033723,6,67,67301,2015,3,6,1207,12,1,1,1,8,1, , ,N,1,2,0,3,0,1,2,2,N,N,39 57:01.379,75 08:50.098,1211, ,1208, ,0, ,N, ,3, , , , , ,299505, , , ,1,1,0,0,0,0,0,0,0,0,0,1,1,0,0,0,0,0,0,0,0,0,0,0,0,0,0,0,0,0,0,0,1,0,0,4,0,39.9503,-75.1468, , 
 ,25167,2015051521,6,67,67301,2015,5,6,1457,14,1,1,0,8,1, , ,N,2,3,0,3,0,1,3,3,N, ,40 02:14.305,75 09:38.793,1500, ,1457, ,0, , , ,3, , , , , ,299521, , , ,2,1,0,0,0,0,0,1,0,0,0,1,1,0,0,0,0,0,0,0,0,0,0,0,0,0,0,0,0,0,0,0,1,0,0,4,0,40.0373,-75.1608, , 
 ,25168,2015031063,6,67,67301,2015,2,6,2234,22,3,1,0,7,3, , ,N,0,0,6,3,0,1,1,1,N,N,40 04:11.405,75 00:30.971,2239, ,2236,9,2,4,N, ,0,Y, , , , ,299542, , , ,1,1,0,0,0,0,0,0,0,0,0,0,1,1,0,0,0,0,0,0,1,0,0,0,0,0,0,0,0,0,0,0,0,0,0,8,0,40.0698,-75.0086, , 
 ,25169,2015036593,6,67,67301,2015,3,7,1610,16,1,8,1,8,1, , ,N,1,2,0,3,0,1,2,2,N,N,40 01:16.921,75 08:54.965,1617, ,1612, ,0, ,N, ,3, , , , , ,299544, , , ,1,1,0,0,0,0,0,0,0,0,0,0,1,1,0,0,0,0,0,0,0,0,0,1,0,0,0,0,0,0,0,0,1,0,0,8,0,40.0214,-75.1485, , 
 ,25170,2015053961,6,67,67301,2015,5,1,1805,18,4,1,0,8,1, , ,N,0,0,0,3,0,1,2,2,N, ,40 03:20.538,75 07:47.366,2000, ,2000, ,0, , , ,0, , , , , ,299555, , , ,1,0,0,0,0,0,1,0,0,0,0,1,1,0,0,0,0,0,0,0,1,0,0,0,0,0,0,0,0,0,0,0,1,0,0,4,0,40.0557,-75.1298, , 
 ,25171,2015025023,6,67,67301,2015,2,1,1345,13,1,1,0,8,1, , ,N,2,0,0,3,0,1,2,2,N, ,40 02:27.721,75 05:17.442,1351, ,1347, ,0, , , ,0, , , , , ,299592, , , ,1,1,0,0,0,0,0,0,0,0,0,0,1,1,0,0,0,0,0,0,0,0,0,0,0,0,0,0,0,0,0,0,1,0,0,8,0,40.041,-75.0882, , 
 ,25172,2015028878,6,67,67301,2015,2,7,115,1,3,1,0,1,1, , ,N,0,0,0,3,0,0,2,2,N,N,40 00:13.277,75 08:23.927,120, ,118, ,0, , , ,0, , , , , ,299595, , , ,2,1,0,0,0,0,1,0,0,0,0,0,0,0,0,0,0,0,0,0,0,0,0,0,0,0,0,0,0,0,0,0,0,0,0,0,0,40.0037,-75.14, , 
 ,25173,2015035175,6,67,67301,2015,3,2,20,0,3,1,0,4,5, , ,N,1,0,0,3,0,0,1,3,N,N,40 07:53.956,75 00:43.926,32, ,24, ,0, ,N, ,0, , , , , ,299598, , , ,3,2,0,0,0,0,1,0,0,0,0,0,0,0,0,0,0,0,0,0,0,0,0,0,0,0,0,0,0,0,0,0,0,0,0,0,0,40.1317,-75.0122, , 
 ,25174,2015049194,6,67,67301,2015,4,5,1050,10,1,1,0,4,1, , ,N,1,2,0,3,0,1,2,2,N,N,39 56:09.409,75 09:24.814,1200, ,1051, ,0, ,N, ,3, , , , , ,302693, , , ,1,0,0,0,0,1,0,0,1,0,0,1,1,0,0,0,0,0,0,0,0,0,0,0,0,0,0,0,0,0,0,0,0,0,0,4,1,39.9359,-75.1569, , 
 ,25175,2015073246,6,67,67301,2015,7,5,1004,10,1,1,0,8,6, , ,N,0,0,0,3,0,1,2,2,N,N,39 57:27.909,75 12:23.771,1027, ,1006, ,0, ,N, ,0, , , , , ,302716, , , ,1,0,0,0,0,0,0,1,0,0,0,0,1,1,0,0,0,0,0,0,1,0,0,0,0,0,0,0,0,0,0,0,1,0,0,8,0,39.9578,-75.2066, , 
 ,25176,2015084392,6,67,67301,2015,7,6,1344,13,1,1,0,4,1, , ,N,1,2,0,3,0,1,2,2,N,N,40 05:12.685,74 58:19.097,1356, ,1344, ,0, , , ,3, , , , , ,302732, , , ,2,1,0,0,0,0,0,1,0,0,0,1,1,0,1,0,0,0,0,0,1,0,0,0,0,0,0,0,0,0,0,0,0,0,0,4,0,40.0868,-74.9718, , 
 ,25177,2015095740,6,67,67301,2015,9,4,1720,17,4,1,0,4,1, , ,N,2,2,0,3,0,1,2,2,N, ,40 02:13.022,75 08:42.708,2020, ,2015, ,0, , , ,3, , , , , ,302741, , , ,2,2,0,0,0,0,0,0,0,0,0,0,1,1,0,0,0,0,0,0,0,0,0,0,0,0,0,0,0,0,0,0,0,0,0,8,0,40.0369,-75.1451, , 
 ,25178,2015098984,6,67,67301,2015,9,7,1800,18,4,1,0,6,6, , ,N,0,0,0,3,0,0,1,3,N,N,40 06:15.217,75 02:05.322,1815, ,1806, ,0, ,N, ,0, , , , , ,302746, , , ,3,3,0,0,0,0,0,0,0,0,0,0,0,0,1,0,0,0,0,0,0,0,0,0,0,0,0,0,0,0,0,0,0,0,0,9,0,40.1042,-75.0348, , 
 ,25179,2015054014,6,67,67301,2015,5,4,1600,16,1,1,0,4,1, , ,N,3,0,0,3,0,1,3,3,N, ,39 59:38.948,75 13:04.814,1612, ,1607,1,1,2, , ,0,Y, , , , ,302753, , , ,3,1,0,0,0,0,0,1,0,0,0,1,1,0,0,0,0,0,0,0,0,0,0,1,0,0,0,0,0,0,0,0,0,0,0,4,0,39.9942,-75.2179, , 
 ,25180,2015012375,6,67,67301,2015,1,2,1745,17,3,2,1,4,1, , ,N,1,2,0,3,0,1,2,2,N, ,39 59:27.769,75 10:06.848,1755, ,1750, ,0, ,N, ,3, , , , , ,302758, , , ,2,1,0,0,0,0,1,0,0,0,0,0,1,1,0,0,0,0,0,0,1,0,0,0,0,0,0,0,0,0,0,0,0,0,0,8,0,39.991,-75.1686, , 
 ,25181,2015019971,6,67,67301,2015,2,6,2324,23,3,1,0,7,5, , ,N,0,0,0,3,0,0,1,1,N,N,39 59:47.596,75 11:48.801,2335, ,2330,2,2,3,N, ,0,N, , , , ,302765, , , ,1,1,0,0,0,0,0,0,0,0,0,0,0,0,0,0,0,0,0,0,0,0,0,0,0,0,0,0,0,0,0,0,0,0,0,0,0,39.9966,-75.1969, , 