wz_ln_closure,objectid_1,crn,district,county,municipality,crash_year,crash_month,day_of_week,time_of_day,hour_of_day,illumination,weather,road_condition,collision_type,relation_to_road,work_zone_type,work_zone_loc,work_zone_ind,intersect_type,tcd_type,location_type,urban_rural,fatal_count,injury_count,person_count,total_units,sch_bus_ind,sch_zone_ind,latitude,longitude,arrival_tm,cons_zone_spd_lim,dispatch_tm,est_hrs_closed,lane_closed,ln_close_dir,ntfy_hiwy_maint,spec_juris_cd,tcd_func_cd,tfc_detour_ind,workers_pres,wz_close_detour,wz_flagger,wz_law_offcr_ind,objectid,wz_moving,wz_other,wz_shlder_mdn,vehicle_count,automobile_count,motorcycle_count,bus_count,small_truck_count,heavy_truck_count,suv_count,van_count,bicycle_count,maj_inj_count,mod_inj_count,min_inj_count,tot_inj_count,unk_inj_deg_count,unk_inj_per_count,driver_count_16yr,driver_count_17yr,driver_count_18yr,driver_count_19yr,driver_count_20yr,driver_count_50_64yr,driver_count_65_74yr,driver_count_75plus,unbelted_occ_count,unb_death_count,unb_maj_inj_count,belted_death_count,belted_maj_inj_count,mcycle_death_count,mcycle_maj_inj_count,bicycle_death_count,bicycle_maj_inj_count,ped_count,ped_death_count,ped_maj_inj_count,max_severity_level,comm_veh_count,dec_lat,dec_long,rdwy_surf_type_cd,county_name
 ,25182,2015067416,6,67,67301,2015,5,7,735,7,1,1,0,4,1, , ,N,0,0,7,3,0,1,2,2,N, ,40 00:34.922,75 11:45.629,742, ,740, ,0, , , ,0, , , , , ,302860, , , ,2,1,0,0,0,0,1,0,0,0,0,0,1,1,0,0,0,0,0,0,0,0,0,0,0,0,0,0,0,0,0,0,0,0,0,8,0,40.0097,-75.196, , 
 ,25183,2015080658,6,67,67301,2015,6,2,1700,17,1,1,0,4,5, , ,N,1,2,0,3,0,1,1,2,N, ,39 56:54.996,75 10:40.173,1710, ,1700, ,0, , , ,3, , , , , ,302877, , , ,2,1,1,0,0,0,0,0,0,1,0,0,1,0,0,0,0,0,0,0,1,0,0,0,0,0,0,0,0,0,0,0,0,0,0,2,0,39.9486,-75.1778, , 
 ,25184,2015067413,6,67,67301,2015,4,4,1840,18,1,1,0,4,1, , ,N,1,0,0,3,0,1,2,2,N, ,39 55:31.357,75 13:37.372,1850, ,1846, ,0, , , ,0, , , , , ,302904, , , ,1,1,0,0,0,0,0,0,1,0,1,0,1,0,0,0,0,0,0,0,0,0,0,0,0,0,0,0,0,0,0,0,0,0,0,3,0,39.9254,-75.227, , 
 ,25185,2015092911,6,67,67301,2015,8,4,1007,10,1,1,0,4,1, , ,N,1,3,0,3,0,0,2,2,N,N,40 01:34.125,75 13:10.977,1026, ,1007, ,0, ,N, ,3, , , , , ,302927, , , ,2,2,0,0,0,0,0,0,0,0,0,0,0,0,0,0,0,0,0,0,0,0,0,2,0,0,0,0,0,0,0,0,0,0,0,0,0,40.0261,-75.2197, , 
 ,25186,2015096339,6,67,67301,2015,9,5,756,7,1,2,1,5,1, , ,N,3,0,0,3,0,0,3,2,N,N,39 57:53.288,75 11:06.505,822, ,800, ,0, ,N, ,0, , , , , ,302932, , , ,2,1,0,0,0,1,0,0,0,0,0,0,0,0,0,0,0,0,0,0,0,0,0,0,0,0,0,0,0,0,0,0,0,0,0,0,1,39.9659,-75.1864, , 
 ,25187,2015021509,6,67,67301,2015,1,7,2358,23,3,1,0,4,1, , ,N,7,0,2,3,0,0,5,2,N,N,39 58:06.137,75 07:46.529,10, ,1, ,0, ,N, ,0, , , , , ,302956, , , ,2,2,0,0,0,0,0,0,0,0,0,0,0,0,0,0,0,0,0,0,0,0,0,0,0,0,0,0,0,0,0,0,0,0,0,0,0,39.9684,-75.1296, , 
 ,25188,2015021919,6,67,67301,2015,2,2,1449,14,1,8,6,1,6, , ,N,0,0,0,3,0,0,2,2,N,N,40 06:59.803,75 00:41.688,1530, ,1522, ,0, ,N, ,0, , , , , ,302957, , , ,2,2,0,0,0,0,0,0,0,0,0,0,0,0,0,0,0,0,0,0,0,0,0,0,0,0,0,0,0,0,0,0,0,0,0,0,0,40.1166,-75.0116, , 
 ,25189,2015023657,6,67,67301,2015,2,7,1215,12,1,1,0,4,1, , ,N,1,2,0,3,0,0,2,2,N, ,40 02:44.703,75 04:05.879,1216, ,1216, ,0, , , ,3, , , , , ,302959, , , ,2,1,0,0,0,0,1,0,0,0,0,0,0,0,0,0,0,0,0,0,1,0,0,0,0,0,0,0,0,0,0,0,0,0,0,0,0,40.0458,-75.0683, , 
 ,25190,2015025021,6,67,67301,2015,2,4,545,5,5,1,0,8,1, , ,N,2,2,0,3,0,1,2,2,N,N,39 54:14.223,75 09:44.157,630, ,550, ,0, ,N, ,3, , , , , ,302963, , , ,1,1,0,0,0,0,0,0,0,0,0,1,1,0,1,0,0,0,0,0,0,0,0,0,0,0,0,0,0,0,0,0,1,0,0,4,0,39.904,-75.1623, , 
 ,25191,2015029990,6,67,67301,2015,2,6,1730,17,3,1,1,4,1, , ,N,1,3,0,3,0,0,4,2,N,N,40 03:57.202,75 10:35.464,1745, ,1730, ,0, ,N, ,3, , , , , ,302970, , , ,2,1,0,0,0,0,1,0,0,0,0,0,0,0,0,0,0,0,0,0,0,0,0,0,0,0,0,0,0,0,0,0,0,0,0,0,0,40.0659,-75.1765, , 
 ,25192,2015036663,6,67,67301,2015,3,3,1930,19,4,1,0,8,1, , ,N,1,2,0,3,0,1,2,2,N,N,40 02:35.289,75 10:02.002,1548, ,1543, ,0, ,N, ,3, , , , , ,302977, , , ,1,0,0,0,0,0,1,0,0,0,0,1,1,0,1,0,0,0,0,0,0,0,0,0,0,0,0,0,0,0,0,0,1,0,0,4,0,40.0431,-75.1672, , 
 ,25193,2015047557,6,67,67301,2015,4,6,850,8,1,2,1,4,1, , ,N,1,2,0,3,0,3,3,2,N,N,39 58:49.315,75 10:15.272,904, ,856, ,0, ,N, ,3, , , , , ,308759, , , ,2,1,0,0,0,0,1,0,0,0,0,0,3,3,0,0,0,0,0,0,0,0,0,0,0,0,0,0,0,0,0,0,0,0,0,8,0,39.9804,-75.1709, , 
 ,25194,2015068025,6,67,67301,2015,6,2,1130,11,1,1,0,1,1, , ,N,7,4,2,3,0,1,2,2,N,N,40 00:12.647,75 04:38.645,1215, ,1210, ,0, ,N, ,3, , , , , ,308772, , , ,2,2,0,0,0,0,0,0,0,0,0,1,1,0,0,0,0,0,0,0,0,0,0,0,0,0,0,0,0,0,0,0,0,0,0,4,0,40.0035,-75.0774, , 
 ,25195,2015025162,6,67,67301,2015,2,4,259,2,3,1,0,4,1, , ,N,1,2,0,3,0,1,2,2,N,N,40 02:07.511,75 04:10.636,304, ,300,2,1,2,N, ,3,Y, , , , ,308792, , , ,2,1,0,0,0,0,1,0,0,0,0,1,1,0,0,0,0,0,0,0,0,0,0,0,0,0,0,0,0,0,0,0,0,0,0,4,0,40.0354,-75.0696, , 
 ,25196,2015049054,6,67,67301,2015,4,4,1121,11,1,1,0,7,3, , ,N,0,0,0,3,0,1,1,1,N,N,40 04:44.256,74 57:54.527,1130, ,1122, ,0, ,N, ,0, , , , , ,308808, , , ,1,0,0,0,0,0,1,0,0,0,0,1,1,0,0,0,0,0,0,0,0,0,0,1,0,0,0,0,0,0,0,0,0,0,0,4,0,40.079,-74.9651, , 
 ,25197,2015049065,6,67,67301,2015,4,6,2100,21,3,1,1,8,1, , ,N,0,0,0,3,0,1,2,2,N,N,40 01:01.341,75 05:00.551,2109, ,2105, ,0, ,N, ,0, , , , , ,308809, , , ,1,0,0,0,0,0,1,0,0,0,1,0,1,0,0,0,0,0,0,0,0,0,0,0,0,0,0,0,0,0,0,0,1,0,0,3,0,40.017,-75.0835, , 
 ,25198,2015053972,6,67,67301,2015,5,6,405,4,3,1,0,4,1, , ,N,1,2,0,3,0,1,2,2,N,N,39 57:38.428,75 08:28.873,410, ,408,2,2,2,N, ,3,Y, , , , ,308813, , , ,2,1,1,0,0,0,0,0,0,0,1,0,1,0,0,0,0,0,0,0,0,0,0,1,0,0,0,0,0,0,0,0,0,0,0,3,0,39.9606,-75.1414, , 
 ,25199,2015053977,6,67,67301,2015,5,6,2155,21,4,1,0,1,1, , ,N,1,2,0,3,0,4,5,2,N, ,39 58:42.846,75 12:49.036,2230, ,2159, ,0, , , ,3, , , , , ,308814, , , ,2,0,0,0,0,0,1,1,0,0,1,3,4,0,1,0,0,0,0,0,0,0,0,0,0,0,0,0,0,0,0,0,0,0,0,3,0,39.9786,-75.2136, , 
 ,25200,2015056642,6,67,67301,2015,5,3,1626,16,1,1,0,7,7, , ,N,7,0,2,3,0,1,1,1,N,N,39 54:39.103,75 08:56.529,1646, ,1631, ,0, ,N, ,0, , , , , ,308834, , , ,1,1,0,0,0,0,0,0,0,0,1,0,1,0,0,0,0,0,0,0,0,0,1,0,0,0,0,0,0,0,0,0,0,0,0,3,0,39.9109,-75.149, , 
 ,25201,2015056966,6,67,67301,2015,5,3,920,9,1,1,0,4,1, , ,N,1,3,0,3,0,1,2,2,N,N,39 55:51.355,75 09:43.750,932, ,924, ,0, ,N, ,3, , , , , ,308835, , , ,1,1,0,0,0,0,0,0,1,0,0,1,1,0,0,0,0,0,0,0,0,0,0,0,0,0,0,0,0,0,0,0,0,0,0,4,0,39.9309,-75.1622, , 
 ,25202,2015073228,6,67,67301,2015,6,3,1236,12,1,1,0,4,1, , ,N,1,2,0,3,0,1,2,2,N,N,39 56:03.465,75 09:02.912,1240, ,1239, ,0, ,N, ,3, , , , , ,308854, , , ,2,1,0,0,0,0,1,0,0,0,0,1,1,0,0,0,0,0,0,0,1,0,0,0,0,0,0,0,0,0,0,0,0,0,0,4,0,39.9343,-75.1508, , 
 ,25203,2015073742,6,67,67301,2015,6,5,1405,14,1,1,0,1,1, , ,N,2,2,0,3,0,1,4,2,N,N,39 54:09.565,75 09:08.096,1450, ,1443, ,0, ,N, ,3, , , , , ,308855, , , ,2,0,0,0,0,0,1,1,0,0,0,1,1,0,0,0,0,0,0,0,1,0,1,0,0,0,0,0,0,0,0,0,0,0,0,4,0,39.9027,-75.1522, , 
 ,25204,2015075767,6,67,67301,2015,7,6,1659,16,1,1,0,8,1, , ,N,0,0,0,3,0,1,2,2,N, ,39 59:10.243,75 10:38.437,1703, ,1650, ,0, , , ,0, , , , , ,308859, , , ,1,1,0,0,0,0,0,0,0,0,1,0,1,0,0,0,0,0,0,0,0,0,0,0,0,0,0,0,0,0,0,0,1,0,0,3,0,39.9862,-75.1773, , 
 ,25205,2015020809,6,67,67301,2015,2,2,2,0,3,4,3,4,6, , ,N,0,0,7,3,0,0,2,2,N,N,40 01:44.472,75 06:56.104,9999, ,17, ,0, ,N, ,0, , , , , ,308895, , , ,2,1,0,0,0,0,1,0,0,0,0,0,0,0,0,0,0,0,0,0,0,0,0,2,0,0,0,0,0,0,0,0,0,0,0,0,0,40.029,-75.1156, , 
 ,25206,2015085252,6,67,67301,2015,8,7,340,3,3,1,0,5,6, , ,N,0,0,0,3,0,0,1,3,N,N,39 59:16.738,75 08:28.230,413, ,410,1,1,1,N, ,0,N, , , , ,308964, , , ,3,1,0,0,0,0,2,0,0,0,0,0,0,0,1,0,0,0,0,0,0,0,0,0,0,0,0,0,0,0,0,0,0,0,0,9,0,39.988,-75.1412, , 
 ,25207,2015049087,6,67,67301,2015,4,3,2002,20,3,1,0,4,1, , ,N,1,3,0,3,0,1,2,2,N,N,40 02:11.605,75 08:13.937,2002, ,2002, ,0, ,N, ,3, , , , , ,309005, , , ,2,2,0,0,0,0,0,0,0,0,0,1,1,0,0,0,0,0,0,0,0,0,0,0,0,0,0,0,0,0,0,0,0,0,0,4,0,40.0366,-75.1372, , 
 ,25208,2015049148,6,67,67301,2015,4,6,1525,15,1,1,0,4,1, , ,N,2,0,7,3,0,0,2,2,N, ,40 03:21.143,75 02:42.980,1645, ,1630, ,0, , , ,0, , , , , ,309006, , , ,2,0,0,0,1,0,1,0,0,0,0,0,0,0,1,0,0,0,0,0,0,0,0,0,0,0,0,0,0,0,0,0,0,0,0,9,0,40.0559,-75.0453, , 
 ,25209,2015056452,6,67,67301,2015,5,2,915,9,1,1,0,1,1, , ,N,1,2,0,3,0,1,3,2,N,N,40 05:07.692,75 02:14.246,920, ,918, ,0, ,N, ,3, , , , , ,309011, , , ,2,1,0,1,0,0,0,0,0,0,0,0,1,1,0,0,0,0,0,0,1,0,0,0,0,0,0,0,0,0,0,0,0,0,0,8,1,40.0854,-75.0374, , 
 ,25210,2015070140,6,67,67301,2015,6,1,46,0,3,1,0,5,6, , ,N,0,0,0,3,0,0,1,5,N, ,39 59:49.480,75 10:00.120,301, ,259, ,0, , , ,0, , , , , ,309016, , , ,5,1,0,0,0,0,4,0,0,0,0,0,0,0,0,0,0,0,0,0,0,0,0,0,0,0,0,0,0,0,0,0,0,0,0,0,0,39.9971,-75.1667, , 
 ,25211,2015084430,6,67,67301,2015,7,6,9999,99,1,1,0,4,1, , ,N,0,0,0,3,0,1,2,2,N,N,39 58:11.822,75 08:36.200,1530, ,1527, ,0, , , ,0, , , , , ,306258, , , ,1,1,0,0,0,0,0,0,1,0,0,1,1,0,0,0,0,0,0,0,0,0,0,0,0,0,0,0,0,0,0,0,0,0,0,4,0,39.97,-75.1434, , 
 ,25212,2015085256,6,67,67301,2015,7,5,800,8,1,1,0,8,1, , ,N,1,2,0,3,0,1,2,2,N, ,39 59:43.404,75 09:10.605,1840, ,1822, ,0, , , ,3, , , , , ,306260, , , ,1,0,0,0,0,1,0,0,0,0,1,0,1,0,0,0,0,0,0,0,0,0,0,0,0,0,0,0,0,0,0,0,1,0,0,3,0,39.9954,-75.1529, , 
 ,25213,2015089600,6,67,67301,2015,8,2,1400,14,1,1,0,8,1, , ,N,1,2,0,3,0,1,2,2,N,N,39 58:49.587,75 09:33.224,1408, ,1403, ,0, ,N, ,2, , , , , ,306264, , , ,1,0,0,0,0,0,1,0,0,0,0,1,1,0,1,0,0,0,0,0,1,0,0,0,0,0,0,0,0,0,0,0,1,0,0,4,0,39.9804,-75.1592, , 
 ,25214,2015053923,6,67,67301,2015,5,2,909,9,1,1,0,4,1, , ,N,0,0,7,3,0,2,3,2,N, ,40 05:48.123,75 01:04.263,920, ,915, ,0, ,N, ,0, , , , , ,306277, , , ,2,2,0,0,0,0,0,0,0,0,2,0,2,0,0,0,0,0,0,0,0,0,0,1,0,0,0,0,0,0,0,0,0,0,0,3,0,40.0967,-75.0179, , 
 ,25215,2015042809,6,67,67301,2015,4,5,1400,14,1,1,0,4,1, , ,N,0,0,0,3,0,2,2,2,N,N,39 52:52.454,75 15:13.072,1632, ,1625, ,0, ,N, ,0, , , , , ,306314, , , ,2,2,0,0,0,0,0,0,0,0,0,0,2,2,0,0,0,0,0,0,1,0,0,0,0,0,0,0,0,0,0,0,0,0,0,8,0,39.8812,-75.2536, , 
 ,25216,2015042844,6,67,67301,2015,4,4,825,8,1,1,0,4,1, , ,N,1,2,0,3,0,1,3,2,N,N,39 58:36.786,75 09:59.317,833, ,832, ,0, ,N, ,3, , , , , ,306315, , , ,2,2,0,0,0,0,0,0,0,0,0,0,1,1,1,0,0,0,0,0,1,0,0,0,0,0,0,0,0,0,0,0,0,0,0,8,0,39.9769,-75.1665, , 
 ,25217,2015047568,6,67,67301,2015,4,5,1523,15,1,1,0,4,1, , ,N,1,3,0,3,0,1,2,2,N,N,39 57:46.318,75 11:50.257,1545, ,1523, ,0, ,N, ,3, , , , , ,306317, , , ,2,1,0,0,0,0,1,0,0,0,0,1,1,0,0,0,0,0,0,0,1,0,0,0,0,0,0,0,0,0,0,0,0,0,0,4,0,39.9629,-75.1973, , 
 ,25218,2015030108,6,67,67301,2015,2,4,1603,16,1,1,0,5,1, , ,N,0,0,0,3,0,1,2,2,N,N,39 57:41.996,75 08:23.064,1622, ,1611,2,1,1,N, ,0,N, , , , ,306342, , , ,2,1,0,0,0,1,0,0,0,0,0,0,1,1,0,0,0,0,0,0,0,0,0,0,0,0,0,0,0,0,0,0,0,0,0,8,1,39.9617,-75.1397, , 
 ,25219,2015035150,6,67,67301,2015,3,2,1030,10,1,1,1,8,1, , ,N,1,2,0,3,0,1,2,2,N,N,39 57:10.728,75 10:06.304,1036, ,1035, ,0, ,N, ,3, , , , , ,306349, , , ,1,1,0,0,0,0,0,0,0,0,0,0,1,1,0,0,0,0,0,0,1,0,0,1,0,0,0,0,0,0,0,0,1,0,0,8,0,39.953,-75.1685, , 
 ,25220,2015049111,6,67,67301,2015,4,3,1245,12,1,1,0,4,1, , ,N,1,3,0,3,0,1,3,2,N,N,39 58:57.885,75 06:40.168,1430, ,1428, ,0, ,N, ,3, , , , , ,306368, , , ,2,2,0,0,0,0,0,0,0,0,0,1,1,0,0,0,0,0,0,1,0,0,0,0,0,0,0,0,0,0,0,0,0,0,0,4,0,39.9827,-75.1112, , 
 ,25221,2015061764,6,67,67301,2015,5,1,1515,15,1,1,0,4,1, , ,N,1,2,0,3,0,4,4,2,N, ,39 59:16.184,75 10:50.095,1626, ,1531, ,0, , , ,3, , , , , ,306413, , , ,2,0,0,0,0,0,2,0,0,0,0,0,4,4,0,0,0,0,0,1,1,0,0,0,0,0,0,0,0,0,0,0,0,0,0,8,0,39.9878,-75.1806, , 
 ,25222,2015049650,6,67,67301,2015,4,5,808,8,1,1,0,1,1, , ,N,0,0,0,3,0,0,2,2,N,N,40 02:02.155,75 01:12.074,808, ,808,1,1,2,N, ,0,N, , , , ,306417, , , ,2,0,0,0,0,0,2,0,0,0,0,0,0,0,0,0,0,0,0,0,0,1,0,0,0,0,0,0,0,0,0,0,0,0,0,0,0,40.0339,-75.02, , 
 ,25223,2015051423,6,67,67301,2015,5,2,2107,21,3,1,0,1,1, , ,N,1,2,0,3,0,1,3,2,N,N,39 56:25.349,75 14:11.817,2130, ,2109, ,0, ,N, ,3, , , , , ,306419, , , ,2,1,0,0,0,0,1,0,0,0,0,1,1,0,0,0,0,0,0,0,2,0,0,0,0,0,0,0,0,0,0,0,0,0,0,4,0,39.9404,-75.2366, , 
 ,25224,2015024978,6,67,67301,2015,2,4,1530,15,1,1,0,1,1, , ,N,1,0,0,3,0,1,2,2,N,N,40 04:16.059,75 04:20.224,1542, ,1542,1,1,4,N, ,0,N, , , , ,306432, , , ,2,2,0,0,0,0,0,0,0,0,0,0,1,1,1,0,0,0,0,0,1,0,0,0,0,0,0,0,0,0,0,0,0,0,0,8,0,40.0711,-75.0723, , 
 ,25225,2015034181,6,67,67301,2015,3,2,1316,13,1,1,0,4,1, , ,N,1,2,0,3,0,1,2,2,N,N,40 03:14.351,75 02:56.006,1325, ,1316,2,1,1,N, ,3,N, , , , ,306439, , , ,2,1,0,0,0,0,0,1,0,0,0,1,1,0,1,0,0,0,0,0,1,0,0,0,0,0,0,0,0,0,0,0,0,0,0,4,0,40.0541,-75.049, , 
 ,25226,2015043247,6,67,67301,2015,4,2,549,5,5,1,0,8,1, , ,N,1,2,0,3,0,1,2,2,N,N,40 01:20.463,75 04:41.285,557, ,549, ,0, , , ,3, , , , , ,306447, , , ,1,1,0,0,0,0,0,0,0,0,1,0,1,0,0,0,0,0,0,0,0,0,0,0,0,0,0,0,0,0,0,0,1,0,0,3,0,40.0224,-75.0781, , 
 ,25227,2015044640,6,67,67301,2015,4,4,1116,11,1,1,0,4,1, , ,N,1,2,0,3,0,1,2,2,N,Y,39 59:05.784,75 09:29.717,1116, ,1116, ,0, ,N, ,3, , , , , ,306449, , , ,2,2,0,0,0,0,0,0,0,0,0,0,1,1,1,0,0,0,0,0,0,0,0,0,0,0,0,0,0,0,0,0,0,0,0,8,0,39.9849,-75.1583, , 
 ,25228,2015049066,6,67,67301,2015,4,1,28,0,3,1,0,1,6, , ,N,0,0,0,3,0,1,1,2,N,N,39 57:47.192,75 13:56.843,29, ,28, ,0, , , ,0, , , , , ,306453, , , ,2,1,0,0,0,0,1,0,0,0,0,0,1,1,0,0,0,0,0,0,0,0,0,0,0,0,0,0,0,0,0,0,0,0,0,8,0,39.9631,-75.2325, , 
 ,25229,2015046868,6,9,9212,2015,4,2,1203,12,1,1,0,1,1, , ,N,0,0,0,3,0,1,2,2,N,N,40 08:09.871,75 00:43.233,1211, ,1204,2,2,3,N, ,0,Y, , , , ,299610, , , ,2,0,0,0,1,0,1,0,0,0,0,1,1,0,0,0,0,0,0,0,1,0,1,0,0,0,0,0,0,0,0,0,0,0,0,4,0,40.1361,-75.012, , 
 ,25230,2015012366,6,67,67301,2015,1,6,937,9,1,1,1,4,1, , ,N,1,3,0,3,0,2,3,2,N,N,39 55:17.340,75 08:50.248,940, ,939,1,1,4,N, ,3,N, , , , ,299626, , , ,2,2,0,0,0,0,0,0,0,0,0,2,2,0,0,0,0,0,0,0,0,0,1,0,0,0,0,0,0,0,0,0,0,0,0,4,0,39.9215,-75.1473, , 
 ,25231,2015020747,6,67,67301,2015,1,7,645,6,3,2,1,8,1, , ,N,1,2,0,3,0,1,2,2,N,N,40 00:09.455,75 07:27.886,1900, ,1858, ,0, , , ,3, , , , , ,299633, , , ,1,0,0,0,0,0,1,0,0,0,0,0,1,1,0,0,0,0,0,0,0,0,0,0,0,0,0,0,0,0,0,0,1,0,0,8,0,40.0026,-75.1244, , 
 ,25232,2015035312,6,67,67301,2015,3,1,2337,23,3,1,0,7,3, , ,N,0,0,0,3,0,3,3,1,N,N,39 59:59.582,75 04:48.532,2345, ,2340, ,0, ,N, ,0, , , , , ,299645, , , ,1,1,0,0,0,0,0,0,0,0,0,3,3,0,0,0,0,0,1,0,0,0,0,2,0,0,0,0,0,0,0,0,0,0,0,4,0,39.9999,-75.0801, , 
 ,25233,2015038662,6,67,67301,2015,3,5,155,1,3,1,0,7,4, , ,N,0,0,0,3,0,1,1,1,N, ,40 05:38.504,75 00:58.789,205, ,157,2,1,2, , ,0,N, , , , ,299648, , , ,1,1,0,0,0,0,0,0,0,0,0,1,1,0,0,0,0,0,0,0,0,0,0,0,0,0,0,0,0,0,0,0,0,0,0,4,0,40.094,-75.0163, , 
 ,25234,2015043278,6,67,67301,2015,4,7,2244,22,3,1,0,4,1, , ,N,1,3,0,3,0,2,2,2,N,N,39 55:35.547,75 09:26.589,2245, ,2244,1,2,4,N, ,3,Y, , , , ,299652, , , ,2,0,0,0,0,0,2,0,0,0,1,1,2,0,0,0,0,0,0,0,1,0,0,0,0,0,0,0,0,0,0,0,0,0,0,3,0,39.9265,-75.1574, , 
 ,25235,2015047561,6,67,67301,2015,4,2,1300,13,1,1,0,1,1, , ,N,5,2,0,3,0,1,2,2,N,N,39 59:29.295,75 07:21.395,1115, ,1115, ,0, , , ,3, , , , , ,299658, , , ,2,2,0,0,0,0,0,0,0,0,0,1,1,0,0,0,0,0,0,0,0,0,0,0,0,0,0,0,0,0,0,0,0,0,0,4,0,39.9915,-75.1226, , 
 ,25236,2015052383,6,67,67301,2015,4,5,1546,15,1,1,0,1,1, , ,N,0,0,0,3,0,1,4,3,N,N,39 57:35.815,75 08:26.893,1621, ,1550,1,2,2,N, ,0,N, , , , ,299661, , , ,3,3,0,0,0,0,0,0,0,0,1,0,1,0,0,0,0,0,0,1,1,0,0,1,0,0,0,0,0,0,0,0,0,0,0,3,0,39.9599,-75.1408, , 
 ,25237,2015031071,6,67,67301,2015,2,4,950,9,1,1,6,4,1, , ,N,3,3,0,3,0,0,2,3,N,N,39 58:13.038,75 12:50.032,1006, ,1001, ,0, ,N, ,3, , , , , ,299696, , , ,3,2,0,0,0,0,0,1,0,0,0,0,0,0,0,0,0,0,0,0,0,0,0,0,0,0,0,0,0,0,0,0,0,0,0,0,0,39.9703,-75.2139, , 
 ,25238,2015040913,6,67,67301,2015,3,3,720,7,1,1,0,1,1, , ,N,1,0,1,3,0,1,2,2,N,N,39 58:14.108,75 09:03.120,735, ,729,2,1,4,N, ,0,N, , , , ,299704, , , ,2,1,0,0,0,1,0,0,0,0,0,1,1,0,0,0,0,0,0,0,1,0,0,0,0,0,0,0,0,0,0,0,0,0,0,4,1,39.9705,-75.151, , 
 ,25239,2015028788,6,67,67301,2015,2,4,1700,17,1,9,8,4,1, , ,N,2,3,0,3,0,0,2,3,N, ,39 55:45.453,75 14:32.200,1700, ,1700, ,0, , , ,3, , , , , ,299731, , , ,3,2,0,0,0,0,0,1,0,0,0,0,0,0,0,0,0,0,0,0,0,0,0,0,0,0,0,0,0,0,0,0,0,0,0,0,0,39.9293,-75.2422, , 
 ,25240,2015040896,6,67,67301,2015,3,5,1641,16,1,1,1,4,1, , ,N,2,0,0,3,0,0,2,3,N,N,40 00:05.973,75 09:12.170,1652, ,1649, ,0, ,N, ,0, , , , , ,299742, , , ,3,1,0,0,1,0,1,0,0,0,0,0,0,0,0,0,0,0,0,0,1,0,0,0,0,0,0,0,0,0,0,0,0,0,0,0,0,40.0017,-75.1534, , 
 ,25241,2015040945,6,67,67301,2015,3,2,1500,15,1,1,0,8,1, , ,N,0,0,0,3,0,1,2,2,N,N,39 57:40.415,75 14:28.162,1605, ,1600,1,2,4,N, ,0,Y, , , , ,299743, , , ,1,0,0,0,0,0,1,0,0,0,0,0,1,1,0,0,0,0,0,0,0,1,0,0,0,0,0,0,0,0,0,0,1,0,0,8,0,39.9612,-75.2412, , 
 ,25242,2015045833,6,46,46108,2015,4,7,158,1,3,1,0,7,5, , ,N,2,0,0,3,0,0,1,1,N,N,40 05:20.255,75 13:00.354,202, ,158,1,1,1,N, ,0,N, , , , ,299747, , , ,1,0,0,0,0,0,1,0,0,0,0,0,0,0,0,0,0,0,0,0,0,0,0,0,0,0,0,0,0,0,0,0,0,0,0,0,0,40.089,-75.2168, , 
 ,25243,2015018962,6,67,67301,2015,1,3,2345,23,3,1,0,5,6, , ,N,0,0,0,3,0,0,1,3,N,N,39 57:23.198,75 13:03.222,3, ,0, ,0, ,N, ,0, , , , , ,299776, , , ,3,3,0,0,0,0,0,0,0,0,0,0,0,0,1,0,0,0,0,0,0,0,0,0,0,0,0,0,0,0,0,0,0,0,0,9,0,39.9564,-75.2176, , 
 ,25244,2015033207,6,67,67301,2015,3,3,1650,16,1,1,0,4,1, , ,N,1,3,0,3,0,0,3,3,N,N,40 00:05.127,75 09:05.620,1700, ,1656, ,0, ,N, ,3, , , , , ,299791, , , ,3,2,0,0,1,0,0,0,0,0,0,0,0,0,0,0,0,0,0,0,0,0,0,0,0,0,0,0,0,0,0,0,0,0,0,0,0,40.0014,-75.1516, , 
 ,25245,2015040901,6,67,67301,2015,3,6,937,9,1,4,3,7,4, , ,N,0,0,0,3,0,0,1,1,N, ,39 54:37.280,75 10:23.044,945, ,937,1,1,1, , ,0,N, , , , ,299797, , , ,1,0,0,0,0,0,0,1,0,0,0,0,0,0,0,0,0,0,0,0,0,0,0,0,0,0,0,0,0,0,0,0,0,0,0,0,0,39.9104,-75.1731, , 
 ,25246,2015051452,6,67,67301,2015,5,1,1600,16,1,1,0,8,1, , ,N,0,0,0,3,0,1,2,2,N, ,39 56:20.414,75 13:10.167,1620, ,1614, ,0, , , ,0, , , , , ,299803, , , ,1,1,0,0,0,0,0,0,0,0,0,1,1,0,0,0,0,0,0,0,0,0,0,1,0,0,0,0,0,0,0,0,1,0,0,4,0,39.939,-75.2195, , 
 ,25247,2015091077,6,67,67301,2015,8,7,1857,18,1,1,0,4,1, , ,N,1,2,0,3,0,1,2,2,N,N,40 00:49.221,75 05:50.493,1911, ,1909, ,0, ,N, ,3, , , , , ,299841, , , ,2,2,0,0,0,0,0,0,0,0,0,1,1,0,0,0,0,0,0,0,0,0,0,0,0,0,0,0,0,0,0,0,0,0,0,4,0,40.0137,-75.0974, , 
 ,25248,2015036748,6,67,67301,2015,3,3,1811,18,1,1,0,1,1, , ,N,0,0,0,3,0,2,5,5,N,N,39 59:29.215,75 12:10.959,1833, ,1811, ,0, ,N, ,0, , , , , ,302978, , , ,5,5,0,0,0,0,0,0,0,0,0,2,2,0,0,0,0,0,0,2,0,0,0,0,0,0,0,0,0,0,0,0,0,0,0,4,0,39.9914,-75.203, , 