wz_ln_closure,objectid_1,crn,district,county,municipality,crash_year,crash_month,day_of_week,time_of_day,hour_of_day,illumination,weather,road_condition,collision_type,relation_to_road,work_zone_type,work_zone_loc,work_zone_ind,intersect_type,tcd_type,location_type,urban_rural,fatal_count,injury_count,person_count,total_units,sch_bus_ind,sch_zone_ind,latitude,longitude,arrival_tm,cons_zone_spd_lim,dispatch_tm,est_hrs_closed,lane_closed,ln_close_dir,ntfy_hiwy_maint,spec_juris_cd,tcd_func_cd,tfc_detour_ind,workers_pres,wz_close_detour,wz_flagger,wz_law_offcr_ind,objectid,wz_moving,wz_other,wz_shlder_mdn,vehicle_count,automobile_count,motorcycle_count,bus_count,small_truck_count,heavy_truck_count,suv_count,van_count,bicycle_count,maj_inj_count,mod_inj_count,min_inj_count,tot_inj_count,unk_inj_deg_count,unk_inj_per_count,driver_count_16yr,driver_count_17yr,driver_count_18yr,driver_count_19yr,driver_count_20yr,driver_count_50_64yr,driver_count_65_74yr,driver_count_75plus,unbelted_occ_count,unb_death_count,unb_maj_inj_count,belted_death_count,belted_maj_inj_count,mcycle_death_count,mcycle_maj_inj_count,bicycle_death_count,bicycle_maj_inj_count,ped_count,ped_death_count,ped_maj_inj_count,max_severity_level,comm_veh_count,dec_lat,dec_long,rdwy_surf_type_cd,county_name
 ,25249,2015064340,6,67,67301,2015,6,7,1700,17,1,1,0,8,1, , ,N,0,0,0,3,0,1,2,2,N, ,40 00:15.508,75 06:07.441,1732, ,1730, ,0, , , ,0, , , , , ,302995, , , ,1,1,0,0,0,0,0,0,0,0,0,1,1,0,0,0,0,0,0,0,1,0,0,0,0,0,0,0,0,0,0,0,1,0,0,4,0,40.0043,-75.1021, , 
 ,25250,2015020736,6,67,67301,2015,1,6,320,3,3,1,0,0,1, , ,N,0,0,0,3,0,0,1,1,N,N,39 59:28.947,75 11:45.533,330, ,320,3,2,5, , ,0,Y, , , , ,303004, , , ,1,1,0,0,0,0,0,0,0,0,0,0,0,0,0,0,0,0,0,0,0,0,0,0,0,0,0,0,0,0,0,0,0,0,0,0,0,39.9914,-75.196, , 
 ,25251,2015031051,6,67,67301,2015,2,6,1338,13,1,1,0,8,1, , ,N,0,0,0,3,0,1,2,2,N,N,40 00:22.249,75 05:56.243,1437, ,1437, ,0, ,N, ,0, , , , , ,303015, , , ,1,0,0,0,0,0,1,0,0,0,1,0,1,0,0,0,0,0,0,0,1,0,0,0,0,0,0,0,0,0,0,0,1,0,0,3,0,40.0062,-75.099, , 
 ,25252,2015035130,6,67,67301,2015,3,1,1400,14,1,4,4,1,1, , ,N,1,2,0,3,0,2,3,2,N, ,40 01:24.687,75 08:00.078,1410, ,1405, ,0, , , ,3, , , , , ,303025, , , ,2,1,0,0,0,0,1,0,0,0,1,0,2,1,0,0,0,0,0,0,0,0,0,0,0,0,0,0,0,0,0,0,0,0,0,3,0,40.0235,-75.1334, , 
U,25253,2015038566,6,67,67301,2015,3,6,1314,13,1,1,0,1,1,8,8,Y,0,0,7,3,0,1,3,2,N,N,40 03:30.589,75 02:37.075,1420,99,1415, ,0, ,N, ,0, ,U,U,U,U,303028,U,U,U,2,0,0,0,0,0,2,0,0,0,0,0,1,1,0,0,0,1,0,0,1,0,0,0,0,0,0,0,0,0,0,0,0,0,0,8,0,40.0585,-75.0436, , 
 ,25254,2015045450,6,67,67301,2015,4,1,2155,21,3,1,0,1,1, , ,N,1,2,0,3,0,2,5,4,N,N,40 02:06.536,75 04:14.903,2210, ,2200, ,0, ,N, ,3, , , , , ,303036, , , ,4,4,0,0,0,0,0,0,0,0,2,0,2,0,0,0,0,0,0,0,1,0,0,0,0,0,0,0,0,0,0,0,0,0,0,3,0,40.0351,-75.0709, , 
 ,25255,2015014110,6,67,67301,2015,1,6,800,8,1,1,0,1,1, , ,N,6,0,2,3,0,2,5,2,N,N,39 56:54.491,75 11:10.619,809, ,801, ,0, ,N, ,0, , , , , ,303048, , , ,2,2,0,0,0,0,0,0,0,0,0,2,2,0,0,0,0,0,0,0,1,0,0,3,0,0,0,0,0,0,0,0,0,0,0,4,0,39.9486,-75.1859, , 
 ,25256,2015012355,6,67,67301,2015,1,7,1100,11,1,1,0,8,1, , ,N,1,2,0,3,0,1,2,2,N,N,39 57:45.461,75 14:48.589,1900, ,1900, ,0, ,N, ,3, , , , , ,303094, , , ,1,1,0,0,0,0,0,0,0,0,0,0,1,1,0,0,0,0,0,0,0,0,0,0,0,0,0,0,0,0,0,0,1,0,0,8,0,39.9626,-75.247, , 
 ,25257,2015017553,6,67,67301,2015,2,1,1320,13,1,1,0,1,1, , ,N,0,0,0,3,0,0,3,3,N,N,39 57:26.412,75 09:28.180,1330, ,1321, ,0, ,N, ,0, , , , , ,303100, , , ,3,2,0,0,0,0,1,0,0,0,0,0,0,0,0,0,0,0,0,0,1,0,0,0,0,0,0,0,0,0,0,0,0,0,0,0,0,39.9573,-75.1578, , 
 ,25258,2015024974,6,67,67301,2015,1,7,40,0,3,1,0,4,1, , ,N,1,2,0,3,0,1,3,2,N,N,39 59:09.671,75 08:29.563,45, ,42,2,1,4,N, ,3,N, , , , ,303106, , , ,2,2,0,0,0,0,0,0,0,0,0,1,1,0,2,0,0,0,0,0,0,0,0,0,0,0,0,0,0,0,0,0,0,0,0,4,0,39.986,-75.1415, , 
 ,25259,2015025035,6,67,67301,2015,2,6,602,6,5,1,0,8,1, , ,N,0,0,0,3,0,1,2,2,N,N,39 57:39.356,75 14:49.529,610, ,604, ,0, ,N, ,0, , , , , ,303107, , , ,1,0,0,0,0,0,0,0,0,0,0,1,1,0,0,0,0,0,0,0,0,0,0,0,0,0,0,0,0,0,0,0,1,0,0,4,0,39.9609,-75.2471, , 
 ,25260,2015031025,6,67,67301,2015,2,7,2350,23,3,1,0,1,1, , ,N,0,0,0,3,0,0,2,2,N,N,40 04:19.052,75 04:26.371,2354, ,2354, ,0, ,N, ,0, , , , , ,303112, , , ,2,1,0,0,1,0,0,0,0,0,0,0,0,0,1,0,0,0,0,0,0,0,0,1,0,0,0,0,0,0,0,0,0,0,0,9,0,40.072,-75.074, , 
 ,25261,2015063987,6,67,67301,2015,5,3,1648,16,1,1,0,4,1, , ,N,1,3,0,3,0,1,2,2,N, ,40 02:40.837,75 01:34.792,1700, ,1651, ,0, , , ,3, , , , , ,303138, , , ,1,0,0,0,0,0,1,0,1,0,1,0,1,0,0,0,0,0,0,0,0,0,0,0,0,0,0,0,0,0,0,0,0,0,0,3,0,40.0447,-75.0263, , 
 ,25262,2015012705,6,67,67301,2015,1,6,1150,11,1,4,1,7,4, , ,N,0,0,0,3,0,0,1,1,N,N,39 59:08.865,75 14:49.560,1158, ,1157, ,0, ,N, ,0, , , , , ,303148, , , ,1,1,0,0,0,0,0,0,0,0,0,0,0,0,0,0,0,0,0,0,0,0,0,0,0,0,0,0,0,0,0,0,0,0,0,0,0,39.9858,-75.2471, , 
 ,25263,2015042797,6,67,67301,2015,4,6,210,2,3,1,0,1,1, , ,N,0,0,0,3,0,3,4,2,N,N,40 03:15.519,75 02:55.761,220, ,215,1,2,1,N, ,0,N, , , , ,303178, , , ,2,1,0,0,0,0,1,0,0,0,0,0,3,3,0,0,0,0,0,0,0,0,0,0,0,0,0,0,0,0,0,0,0,0,0,8,0,40.0543,-75.0488, , 
 ,25264,2015028767,6,67,67301,2015,2,6,1351,13,1,4,3,4,1, , ,N,1,3,0,3,0,1,3,3,N, ,40 03:10.886,75 11:19.982,1621, ,1609, ,0, , , ,3, , , , , ,303207, , , ,3,3,0,0,0,0,0,0,0,0,0,1,1,0,0,0,0,0,0,0,0,0,0,0,0,0,0,0,0,0,0,0,0,0,0,4,0,40.053,-75.1889, , 
 ,25265,2015036564,6,67,67301,2015,3,5,858,8,1,1,0,4,1, , ,N,5,2,2,3,0,0,2,2,N, ,39 55:18.384,75 11:25.509,859, ,858,1,1,4, , ,3,N, , , , ,303215, , , ,2,0,0,0,0,1,1,0,0,0,0,0,0,0,0,0,0,0,0,0,0,1,0,0,0,0,0,0,0,0,0,0,0,0,0,0,1,39.9217,-75.1902, , 
 ,25266,2015038611,6,67,67301,2015,3,6,600,6,5,1,0,7,4, , ,N,1,2,0,3,0,0,1,1,N, ,40 01:20.289,75 09:43.290,616, ,600, ,0, , , ,3, , , , , ,303218, , , ,1,1,0,0,0,0,0,0,0,0,0,0,0,0,0,0,0,0,0,1,0,0,0,0,0,0,0,0,0,0,0,0,0,0,0,0,0,40.0223,-75.162, , 
 ,25267,2015040920,6,67,67301,2015,3,1,1110,11,1,1,0,6,1, , ,N,0,0,0,3,0,1,3,2,N, ,40 05:24.928,75 01:37.668,1127, ,1120, ,0, , , ,0, , , , , ,309039, , , ,2,2,0,0,0,0,0,0,0,0,0,1,1,0,0,0,1,0,0,0,0,1,0,0,0,0,0,0,0,0,0,0,0,0,0,4,0,40.0903,-75.0271, , 
 ,25268,2015070165,6,67,67301,2015,6,2,2330,23,3,1,0,4,1, , ,N,2,3,0,3,0,0,2,2,N,N,39 58:32.923,75 12:15.746,31, ,30, ,0, ,N, ,3, , , , , ,309060, , , ,2,2,0,0,0,0,0,0,0,0,0,0,0,0,0,0,0,0,0,1,0,0,0,0,0,0,0,0,0,0,0,0,0,0,0,0,0,39.9758,-75.2044, , 
 ,25269,2015047583,6,67,67301,2015,4,6,549,5,3,2,1,1,1, , ,N,1,2,0,3,0,1,2,2,N,N,40 03:20.764,75 09:31.951,639, ,627, ,0, , , ,3, , , , , ,309065, , , ,2,0,0,0,2,0,0,0,0,0,0,1,1,0,0,0,0,0,0,0,0,0,0,1,0,0,0,0,0,0,0,0,0,0,0,4,0,40.0558,-75.1589, , 
 ,25270,2015025115,6,67,67301,2015,2,7,1737,17,4,8,1,5,1, , ,N,0,0,0,3,0,1,2,2,N,N,39 57:49.975,75 14:25.598,1740, ,1737, ,0, ,N, ,0, , , , , ,309076, , , ,1,0,0,0,0,0,0,1,1,0,0,1,1,0,0,0,0,0,0,0,1,0,0,0,0,0,0,0,0,0,0,0,0,0,0,4,0,39.9639,-75.2404, , 
 ,25271,2015031022,6,67,67301,2015,2,7,525,5,2,1,0,0,1, , ,N,0,0,0,3,0,1,1,1,N,N,39 55:27.195,75 11:35.761,531, ,529, ,0, , , ,0, , , , , ,309083, , , ,1,1,0,0,0,0,0,0,0,0,0,1,1,0,0,0,0,0,0,0,0,0,0,0,0,0,0,0,0,0,0,0,0,0,0,4,0,39.9242,-75.1933, , 
 ,25272,2015035132,6,67,67301,2015,1,2,1929,19,3,2,1,5,6, , ,N,0,0,0,3,0,2,2,3,N,N,39 58:39.000,75 16:11.953,1946, ,1930, ,0, ,N, ,0, , , , , ,309086, , , ,3,1,0,0,0,0,2,0,0,0,0,0,2,2,0,0,0,0,0,0,1,0,0,0,0,0,0,0,0,0,0,0,0,0,0,8,0,39.9775,-75.27, , 
 ,25273,2015045400,6,67,67301,2015,4,6,1600,16,1,1,0,5,1, , ,N,0,0,0,3,0,1,2,2,N,N,39 56:20.451,75 11:21.488,1605, ,1600, ,0, ,N, ,0, , , , , ,309097, , , ,1,0,0,0,1,0,0,0,1,0,0,0,1,1,0,0,0,0,0,0,0,0,0,0,0,0,0,0,0,0,0,0,0,0,0,8,0,39.939,-75.1893, , 
 ,25274,2015051960,6,67,67301,2015,4,1,1820,18,1,1,0,5,1, , ,N,0,0,0,3,0,1,3,2,N,N,39 55:05.890,75 14:40.441,1842, ,1837, ,0, ,N, ,0, , , , , ,309103, , , ,2,1,0,0,0,0,0,1,0,0,0,1,1,0,0,0,0,0,0,0,1,0,0,0,0,0,0,0,0,0,0,0,0,0,0,4,0,39.9183,-75.2446, , 
 ,25275,2015059196,6,67,67301,2015,6,3,645,6,1,1,0,1,1, , ,N,0,0,0,3,0,2,3,2,N,N,39 57:41.498,75 10:57.330,700, ,653,1,2,3,N, ,0,N, , , , ,309106, , , ,2,1,0,0,0,1,0,0,0,0,0,0,2,2,0,0,0,0,0,0,1,0,0,0,0,0,0,0,0,0,0,0,0,0,0,8,1,39.9615,-75.1826, , 
 ,25276,2015066162,6,67,67301,2015,6,6,727,7,1,1,0,4,1, , ,N,1,3,0,3,0,2,2,2,N,N,40 02:03.123,75 03:03.189,735, ,731, ,0, ,N, ,3, , , , , ,309127, , , ,2,2,0,0,0,0,0,0,0,0,0,2,2,0,0,0,0,0,0,0,2,0,0,0,0,0,0,0,0,0,0,0,0,0,0,4,0,40.0342,-75.0509, , 
 ,25277,2015073743,6,67,67301,2015,6,1,1021,10,1,1,0,4,1, , ,N,0,0,0,3,0,1,2,2,N,N,39 55:07.571,75 09:21.706,1025, ,1022, ,0, ,N, ,0, , , , , ,309140, , , ,1,0,0,0,0,0,0,1,1,0,0,0,1,1,0,0,0,0,0,0,1,0,0,1,0,0,0,0,0,0,0,0,0,0,0,8,0,39.9188,-75.156, , 
 ,25278,2015085267,6,67,67301,2015,8,7,300,3,3,1,0,5,6, , ,N,0,0,0,3,0,1,2,3,N, ,39 59:12.249,75 13:41.275,328, ,328, ,0, , , ,0, , , , , ,309146, , , ,2,1,0,0,0,0,0,0,0,0,1,0,1,0,0,0,0,0,0,0,0,0,0,0,0,0,0,0,0,0,0,0,1,0,0,3,0,39.9867,-75.2281, , 
 ,25279,2015056569,6,67,67301,2015,5,7,1110,11,1,1,0,4,1, , ,N,1,2,0,3,0,1,2,2,N,N,39 57:59.670,75 14:23.337,1124, ,1122, ,0, ,N, ,3, , , , , ,309158, , , ,2,2,0,0,0,0,0,0,0,0,0,1,1,0,1,0,0,0,0,0,0,0,0,0,0,0,0,0,0,0,0,0,0,0,0,4,0,39.9666,-75.2398, , 
 ,25280,2015061722,6,67,67301,2015,5,5,2145,21,3,1,0,1,1, , ,N,1,2,0,3,0,1,2,2,N, ,39 56:22.379,75 11:53.331,100, ,50, ,0, , , ,3, , , , , ,309170, , , ,2,1,0,0,0,0,1,0,0,0,1,0,1,0,0,0,0,0,0,0,0,0,0,0,0,0,0,0,0,0,0,0,0,0,0,3,0,39.9396,-75.1982, , 
 ,25281,2015061937,6,67,67301,2015,5,3,2159,21,3,1,0,4,1, , ,N,1,3,0,3,0,1,2,2,N,N,40 02:23.298,75 04:16.265,2208, ,2200, ,0, ,N, ,3, , , , , ,309171, , , ,1,1,0,0,0,0,0,0,1,0,0,1,1,0,0,0,0,0,0,0,1,0,0,0,0,0,0,0,0,0,0,0,0,0,0,4,0,40.0398,-75.0712, , 
 ,25282,2015066286,6,67,67301,2015,6,3,1432,14,1,1,0,5,6, , ,N,0,0,0,3,0,1,1,2,N,N,39 59:28.793,75 08:25.485,1625, ,1622,3,1,1, , ,0,Y, , , , ,309176, , , ,2,1,1,0,0,0,0,0,0,0,0,1,1,0,0,0,0,0,0,0,0,0,0,0,0,0,0,0,0,0,0,0,0,0,0,4,0,39.9913,-75.1404, , 
 ,25283,2015069771,6,67,67301,2015,6,4,1939,19,1,1,0,4,1, , ,N,1,3,0,3,0,3,3,2,N,N,40 02:56.148,75 09:20.015,1941, ,1941, ,0, ,N, ,3, , , , , ,309181, , , ,2,1,0,0,0,0,1,0,0,0,0,3,3,0,0,0,0,0,1,0,0,0,0,0,0,0,0,0,0,0,0,0,0,0,0,4,0,40.0489,-75.1556, , 
 ,25284,2015073244,6,67,67301,2015,6,1,1830,18,1,1,0,1,1, , ,N,1,3,0,3,0,1,4,2,N,N,39 56:57.876,75 14:36.254,1834, ,832, ,0, ,N, ,3, , , , , ,309185, , , ,2,2,0,0,0,0,0,0,0,0,0,1,1,0,0,0,0,0,0,1,0,0,0,0,0,0,0,0,0,0,0,0,0,0,0,4,0,39.9494,-75.2434, , 
 ,25285,2015061924,6,67,67301,2015,5,4,1730,17,1,1,0,1,1, , ,N,0,0,0,3,0,1,2,2,N,N,40 05:16.807,75 02:35.446,1753, ,1738,2,1,3,N, ,0,N, , , , ,306461, , , ,2,0,0,0,1,0,0,1,0,0,0,0,1,1,0,0,0,0,0,0,0,0,0,0,0,0,0,0,0,0,0,0,0,0,0,8,0,40.088,-75.0432, , 
 ,25286,2015059134,6,67,67301,2015,5,5,1539,15,1,1,1,6,1, , ,N,0,0,0,3,0,1,2,2,N,N,40 00:14.358,75 11:26.404,1543, ,1541,2,1,1,N, ,0,N, , , , ,306502, , , ,2,2,0,0,0,0,0,0,0,0,0,1,1,0,0,0,0,0,0,0,0,0,0,0,0,0,0,0,0,0,0,0,0,0,0,4,0,40.004,-75.1907, , 
 ,25287,2015089609,6,67,67301,2015,8,6,1946,19,3,1,0,4,1, , ,N,1,0,0,3,0,3,6,3,N,N,40 03:07.780,75 05:11.686,2034, ,2032,3,2,3,N, ,0,Y, , , , ,306538, , , ,3,1,0,0,0,0,1,1,0,0,0,0,3,3,0,0,0,0,0,0,1,0,0,0,0,0,0,0,0,0,0,0,0,0,0,8,0,40.0522,-75.0866, , 
 ,25288,2015093524,6,67,67301,2015,5,6,400,4,3,1,0,6,1, , ,N,0,0,0,3,0,0,5,4,N,N,39 55:48.105,75 11:53.706,410, ,404,2,2,3,N, ,0,Y, , , , ,306545, , , ,4,2,0,0,0,0,2,0,0,0,0,0,0,0,0,0,0,0,0,0,0,0,0,0,0,0,0,0,0,0,0,0,0,0,0,0,0,39.93,-75.1983, , 
 ,25289,2015105114,6,67,67301,2015,9,4,40,0,3,1,0,5,6, , ,N,0,0,0,3,0,0,2,4,N,N,39 59:02.907,75 06:52.940,48, ,45,2,1,1,N, ,0,N, , , , ,306552, , , ,4,2,0,0,0,0,2,0,0,0,0,0,0,0,1,0,0,0,0,0,0,0,0,0,0,0,0,0,0,0,0,0,0,0,0,9,0,39.9841,-75.1147, , 
 ,25290,2015108094,6,67,67301,2015,10,4,1653,16,1,1,0,1,1, , ,N,0,0,0,3,0,0,2,2,N,N,40 00:30.160,75 12:12.869,1709, ,1654, ,0, ,N, ,0, , , , , ,306559, , , ,2,0,1,0,0,0,1,0,0,0,0,0,0,0,0,0,0,0,0,0,1,0,0,0,0,0,0,0,0,0,0,0,0,0,0,0,0,40.0084,-75.2036, , 
 ,25291,2015028814,6,67,67301,2015,2,4,1047,10,1,1,0,1,1, , ,N,0,0,0,3,0,0,2,2,N, ,40 06:31.867,75 00:06.163,1100, ,1055, ,0, , , ,0, , , , , ,306580, , , ,2,1,0,0,1,0,0,0,0,0,0,0,0,0,0,0,0,0,0,0,1,0,0,0,0,0,0,0,0,0,0,0,0,0,0,0,0,40.1089,-75.0017, , 
 ,25292,2015042781,6,67,67301,2015,4,2,1925,19,3,1,0,4,1, , ,N,1,2,0,3,0,1,2,2,N,N,40 00:14.047,75 08:57.044,1955, ,1927, ,0, ,N, ,3, , , , , ,306587, , , ,2,1,0,0,0,0,1,0,0,0,1,0,1,0,0,0,0,0,0,0,1,0,0,0,0,0,0,0,0,0,0,0,0,0,0,3,0,40.0039,-75.1492, , 
 ,25293,2015053929,6,67,67301,2015,4,4,1304,13,1,1,0,1,1, , ,N,1,2,0,3,0,1,3,2,N, ,39 57:06.318,75 12:11.069,1308, ,1305, ,0, , , ,3, , , , , ,306597, , , ,2,0,0,1,0,0,0,1,0,0,1,0,1,0,0,0,0,0,0,0,2,0,0,0,0,0,0,0,0,0,0,0,0,0,0,3,1,39.9518,-75.2031, , 
 ,25294,2015061734,6,67,67301,2015,5,3,1750,17,1,1,0,5,1, , ,N,0,0,0,3,0,1,2,2,N, ,39 56:19.844,75 10:34.868,1756, ,1752, ,0, , , ,0, , , , , ,306602, , , ,1,0,0,0,1,0,0,0,1,0,1,0,1,0,0,0,0,0,0,0,0,0,0,0,0,0,0,0,0,0,0,0,0,0,0,3,0,39.9388,-75.1764, , 
 ,25295,2015031067,6,67,67301,2015,2,6,2220,22,3,1,0,4,1, , ,N,1,2,0,3,0,1,5,2,N,N,39 57:16.601,75 09:53.486,2245, ,2245, ,0, ,N, ,3, , , , , ,306634, , , ,2,2,0,0,0,0,0,0,0,0,0,0,1,1,0,0,0,0,0,0,0,0,0,0,0,0,0,0,0,0,0,0,0,0,0,8,0,39.9546,-75.1648, , 
 ,25296,2015035160,6,67,67301,2015,3,3,1930,19,3,3,1,4,1, , ,N,1,2,0,3,0,0,3,2,N, ,40 03:19.147,75 04:24.059,1950, ,1946, ,0, , , ,3, , , , , ,306637, , , ,2,2,0,0,0,0,0,0,0,0,0,0,0,0,0,0,0,0,0,1,0,0,0,0,0,0,0,0,0,0,0,0,0,0,0,0,0,40.0553,-75.0733, , 
 ,25297,2015043250,6,67,67301,2015,4,2,2240,22,3,1,0,4,1, , ,N,1,2,0,3,0,1,3,2,N,N,39 55:11.208,75 11:17.768,2255, ,2248, ,0, ,N, ,3, , , , , ,306646, , , ,2,2,0,0,0,0,0,0,0,0,0,1,1,0,0,0,0,0,0,0,0,0,0,0,0,0,0,0,0,0,0,0,0,0,0,4,0,39.9198,-75.1883, , 
 ,25298,2015056480,6,67,67301,2015,5,2,1540,15,1,1,0,4,1, , ,N,1,2,0,3,0,1,2,2,N, ,39 58:17.655,75 08:46.741,1554, ,1540, ,0, , , ,3, , , , , ,306655, , , ,1,1,0,0,0,0,0,0,1,0,0,0,1,1,0,0,0,0,0,0,0,0,0,0,0,0,0,0,0,0,0,0,0,0,0,8,0,39.9716,-75.1463, , 
 ,25299,2015049041,6,67,67301,2015,4,6,1700,17,1,1,0,4,1, , ,N,1,3,0,3,0,1,5,2,N,N,40 01:40.011,75 02:49.293,1721, ,1718,2,1,3, , ,3,N, , , , ,306657, , , ,2,2,0,0,0,0,0,0,0,0,1,0,1,0,0,0,0,0,0,0,0,0,0,0,0,0,0,0,0,0,0,0,0,0,0,3,0,40.0278,-75.047, , 
 ,25300,2015051987,6,67,67301,2015,4,7,1243,12,1,1,0,8,6, , ,N,0,0,0,3,0,1,2,2,N,N,39 57:06.849,75 10:20.138,1252, ,1248, ,0, ,N, ,0, , , , , ,306662, , , ,1,0,0,0,0,0,1,0,0,0,1,0,1,0,0,0,0,0,0,0,0,0,0,0,0,0,0,0,0,0,0,0,1,0,0,3,0,39.9519,-75.1723, , 
 ,25301,2015035187,6,67,67301,2015,3,4,630,6,1,2,4,1,1, , ,N,0,0,0,3,0,2,5,2,N,N,40 01:59.565,75 04:37.863,650, ,643,1,1,1,N, ,0,N, , , , ,306683, , , ,2,1,0,0,0,0,0,1,0,0,0,2,2,0,0,0,0,0,0,0,0,0,0,0,0,0,0,0,0,0,0,0,0,0,0,4,0,40.0332,-75.0772, , 
 ,25302,2015042789,6,67,67301,2015,4,4,2312,23,3,1,0,4,1, , ,N,1,2,0,3,0,1,2,2,N,N,40 01:13.809,75 11:32.576,5, ,2312, ,0, ,N, ,3, , , , , ,306692, , , ,2,0,1,0,0,0,1,0,0,0,1,0,1,0,1,0,0,0,0,0,0,0,0,0,0,0,0,0,0,0,0,0,0,0,0,3,0,40.0205,-75.1924, , 
 ,25303,2015043242,6,67,67301,2015,3,2,1750,17,1,1,0,4,1, , ,N,0,0,0,3,0,1,3,2,N, ,40 05:06.640,75 02:12.199,1757, ,1752, ,0, , , ,0, , , , , ,306693, , , ,2,1,0,0,0,0,0,1,0,0,0,1,1,0,0,0,0,0,0,0,1,0,0,1,0,0,0,0,0,0,0,0,0,0,0,4,0,40.0852,-75.0367, , 
 ,25304,2015092958,6,67,67301,2015,8,6,2255,22,3,1,0,5,1, , ,N,0,0,0,3,0,1,2,3,N,N,40 01:26.659,75 07:50.651,2325, ,2301, ,0, ,N, ,0, , , , , ,299843, , , ,3,3,0,0,0,0,0,0,0,0,0,1,1,0,0,0,0,0,1,0,0,0,0,0,0,0,0,0,0,0,0,0,0,0,0,4,0,40.0241,-75.1307, , 
 ,25305,2015093423,6,67,67301,2015,8,2,1731,17,1,1,0,1,1, , ,N,1,0,0,3,0,0,1,2,N, ,40 02:47.384,75 05:24.289,1740, ,1734, ,0, , , ,0, , , , , ,299844, , , ,2,0,1,0,0,0,0,1,0,0,0,0,0,0,1,0,0,0,0,0,0,0,0,0,0,0,0,0,0,0,0,0,0,0,0,9,0,40.0465,-75.0901, , 
 ,25306,2015103284,6,67,67301,2015,9,7,1008,10,1,1,0,1,1, , ,N,5,2,0,3,0,1,3,2,N,N,40 03:15.991,75 05:09.164,1045, ,1038, ,0, ,N, ,3, , , , , ,299853, , , ,2,1,0,0,0,0,0,1,0,0,0,0,1,1,0,1,0,0,0,0,0,0,0,1,0,0,0,0,0,0,0,0,0,0,0,8,0,40.0544,-75.0859, , 
 ,25307,2015109323,6,67,67301,2015,10,5,1240,12,1,1,0,5,1, , ,N,1,2,0,3,0,1,2,2,N,N,39 57:42.623,75 09:27.136,1320, ,1320, ,0, , , ,3, , , , , ,299859, , , ,1,1,0,0,0,0,0,0,1,0,0,1,1,0,0,0,0,0,0,0,0,0,0,0,0,0,0,0,0,0,0,0,0,0,0,4,0,39.9617,-75.1575, , 
 ,25308,2015073631,6,67,67301,2015,6,3,147,1,3,1,0,7,4, , ,N,0,0,0,3,0,0,1,1,N,N,39 57:12.898,75 14:22.952,147, ,135, ,0, ,Y, ,0, , , , , ,299882, , , ,1,1,0,0,0,0,0,0,0,0,0,0,0,0,1,0,0,0,0,0,0,0,0,0,0,0,0,0,0,0,0,0,0,0,0,9,0,39.9536,-75.2397, , 
 ,25309,2015078217,6,67,67301,2015,7,5,750,7,1,1,0,4,1, , ,N,1,3,0,3,0,1,3,2,N,N,39 59:21.067,75 09:57.785,830, ,755, ,0, , , ,3, , , , , ,299884, , , ,1,1,0,0,0,0,0,0,1,0,0,0,1,1,0,0,0,0,0,0,0,0,0,0,0,0,0,0,0,0,0,0,0,0,0,8,0,39.9892,-75.1661, , 
 ,25310,2015088342,6,67,67301,2015,8,4,1825,18,1,1,0,8,9, , ,N,0,0,0,3,0,1,2,2,N,N,39 58:31.702,75 10:19.390,1834, ,1831, ,0, , , ,0, , , , , ,299890, , , ,1,1,0,0,0,0,0,0,0,0,0,0,1,1,0,0,0,0,0,0,0,0,0,0,0,0,0,0,0,0,0,0,1,0,0,8,0,39.9755,-75.1721, , 
 ,25311,2015103450,6,67,67301,2015,9,7,1148,11,1,1,0,4,1, , ,N,5,2,0,3,0,1,3,2,N,N,40 05:37.913,74 58:46.896,1235, ,1231, ,0, ,N, ,3, , , , , ,299903, , , ,2,1,0,0,0,0,0,1,0,0,0,1,1,0,0,1,0,0,0,0,0,0,0,0,0,0,0,0,0,0,0,0,0,0,0,4,0,40.0939,-74.9797, , 
 ,25312,2015045339,6,67,67301,2015,4,2,1653,16,1,1,0,8,1, , ,N,0,0,0,3,0,1,2,2,N,N,40 01:56.175,75 03:14.932,1656, ,1653,2,1,3, , ,0,N, , , , ,299942, , , ,1,1,0,0,0,0,0,0,0,0,0,1,1,0,0,0,0,0,0,0,0,0,0,0,0,0,0,0,0,0,0,0,1,0,0,4,0,40.0323,-75.0541, , 
 ,25313,2015045378,6,67,67301,2015,4,5,1300,13,1,8,8,8,1, , ,N,1,2,0,3,0,1,2,2,N,N,39 59:58.827,75 05:56.359,1850, ,1300, ,0, ,N, ,3, , , , , ,299943, , , ,1,0,0,0,0,0,0,0,0,0,1,0,1,0,0,0,0,0,0,0,0,0,0,0,0,0,0,0,0,0,0,0,1,0,0,3,0,39.9997,-75.099, , 
 ,25314,2015052388,6,67,67301,2015,5,7,1255,12,1,1,0,1,1, , ,N,0,8,0,3,0,2,5,2,N,N,39 58:52.849,75 06:09.916,1303, ,1255,1,2,2,N, ,3,N, , , , ,299949, , , ,2,2,0,0,0,0,0,0,0,0,0,2,2,0,0,0,0,0,0,0,2,0,0,0,0,0,0,0,0,0,0,0,0,0,0,4,0,39.9813,-75.1028, , 