wz_ln_closure,objectid_1,crn,district,county,municipality,crash_year,crash_month,day_of_week,time_of_day,hour_of_day,illumination,weather,road_condition,collision_type,relation_to_road,work_zone_type,work_zone_loc,work_zone_ind,intersect_type,tcd_type,location_type,urban_rural,fatal_count,injury_count,person_count,total_units,sch_bus_ind,sch_zone_ind,latitude,longitude,arrival_tm,cons_zone_spd_lim,dispatch_tm,est_hrs_closed,lane_closed,ln_close_dir,ntfy_hiwy_maint,spec_juris_cd,tcd_func_cd,tfc_detour_ind,workers_pres,wz_close_detour,wz_flagger,wz_law_offcr_ind,objectid,wz_moving,wz_other,wz_shlder_mdn,vehicle_count,automobile_count,motorcycle_count,bus_count,small_truck_count,heavy_truck_count,suv_count,van_count,bicycle_count,maj_inj_count,mod_inj_count,min_inj_count,tot_inj_count,unk_inj_deg_count,unk_inj_per_count,driver_count_16yr,driver_count_17yr,driver_count_18yr,driver_count_19yr,driver_count_20yr,driver_count_50_64yr,driver_count_65_74yr,driver_count_75plus,unbelted_occ_count,unb_death_count,unb_maj_inj_count,belted_death_count,belted_maj_inj_count,mcycle_death_count,mcycle_maj_inj_count,bicycle_death_count,bicycle_maj_inj_count,ped_count,ped_death_count,ped_maj_inj_count,max_severity_level,comm_veh_count,dec_lat,dec_long,rdwy_surf_type_cd,county_name
 ,25315,2015095210,6,67,67301,2015,9,3,715,7,1,1,0,1,1, , ,N,0,0,1,3,0,1,3,3,N,N,40 01:10.446,75 08:49.607,742, ,722, ,0, ,N, ,0, , , , , ,299993, , , ,3,3,0,0,0,0,0,0,0,0,0,0,1,1,0,0,0,0,0,0,0,0,0,0,0,0,0,0,0,0,0,0,0,0,0,8,0,40.0196,-75.1471, , 
 ,25316,2015101020,6,46,46104,2015,9,3,1618,16,1,1,0,1,1, , ,N,1,2,0,3,0,2,4,2,N,N,40 00:14.091,75 13:14.544,1620, ,1618, ,0, ,N, ,3, , , , , ,299998, , , ,2,1,0,0,0,0,1,0,0,0,0,0,2,2,0,0,0,0,0,0,0,0,0,1,0,0,0,0,0,0,0,0,0,0,0,8,0,40.0039,-75.2207, , 
 ,25317,2015105129,6,67,67301,2015,9,1,212,2,3,1,0,5,6, , ,N,0,0,0,3,0,0,1,3,N,N,39 59:56.123,75 06:08.455,213, ,213, ,0, ,N, ,0, , , , , ,300003, , , ,3,3,0,0,0,0,0,0,0,0,0,0,0,0,0,0,0,0,0,0,0,0,0,0,0,0,0,0,0,0,0,0,0,0,0,0,0,39.9989,-75.1023, , 
 ,25318,2015042823,6,67,67301,2015,3,6,1547,15,1,1,0,1,1, , ,N,2,2,0,3,0,0,13,6,Y,N,40 01:38.028,75 06:51.904,1559, ,1551,9,1,2,N, ,3,N, , , , ,300007, , , ,6,5,0,1,0,0,0,0,0,0,0,0,0,0,1,0,0,0,0,0,0,0,0,0,0,0,0,0,0,0,0,0,0,0,0,9,1,40.0272,-75.1144, , 
 ,25319,2015038610,6,67,67301,2015,3,4,1530,15,1,1,0,4,1, , ,N,1,2,0,3,0,1,5,2,N, ,39 59:32.310,75 08:29.523,1645, ,1639, ,0, , , ,3, , , , , ,300038, , , ,2,1,0,0,0,0,1,0,0,0,0,1,1,0,3,0,0,0,0,0,1,0,0,0,0,0,0,0,0,0,0,0,0,0,0,4,0,39.9922,-75.1415, , 
 ,25320,2015049095,6,67,67301,2015,3,1,1500,15,1,1,0,4,1, , ,N,0,0,0,3,0,1,2,2,N,N,39 59:26.473,75 07:05.779,1800, ,1753, ,0, ,N, ,0, , , , , ,300048, , , ,1,1,0,0,0,0,0,0,1,1,0,0,1,0,0,0,0,0,0,0,0,0,0,0,0,0,0,0,0,0,0,1,0,0,0,2,0,39.9907,-75.1183, , 
 ,25321,2015051494,6,67,67301,2015,5,6,1341,13,1,1,0,5,6, , ,N,0,0,0,3,0,1,2,4,N, ,40 01:46.657,75 04:00.807,1400, ,1359,2,2,3, , ,0,N, , , , ,300049, , , ,4,3,0,0,0,0,1,0,0,0,0,1,1,0,0,0,0,0,0,0,0,0,0,0,0,0,0,0,0,0,0,0,0,0,0,4,0,40.0296,-75.0669, , 
 ,25322,2015043255,6,67,67301,2015,4,5,1330,13,1,1,0,8,1, , ,N,0,0,99,3,0,1,4,2,N,Y,39 59:56.954,75 06:51.138,1401, ,1347, ,0, , , ,0, , , , , ,303220, , , ,1,1,0,0,0,0,0,0,0,0,0,1,1,0,2,0,0,0,0,0,0,0,0,0,0,0,0,0,0,0,0,0,1,0,0,4,0,39.9992,-75.1142, , 
 ,25323,2015051981,6,67,67301,2015,4,3,1241,12,1,1,0,4,1, , ,N,2,2,0,3,0,0,4,3,N,N,40 00:26.314,75 11:31.785,1252, ,1241,2,1,5, , ,3,N, , , , ,303230, , , ,3,3,0,0,0,0,0,0,0,0,0,0,0,0,0,0,0,0,0,0,1,0,0,0,0,0,0,0,0,0,0,0,0,0,0,0,0,40.0073,-75.1922, , 
 ,25324,2015084763,6,67,67301,2015,1,4,9999,99,1,1,0,1,1, , ,N,1,2,0,3,0,2,3,2,N,N,39 57:41.833,75 09:10.486,0, ,0, ,0, ,N, ,3, , , , , ,303247, , , ,2,0,0,0,0,0,0,0,0,0,0,0,2,2,0,0,0,0,0,0,0,0,0,0,0,0,0,0,0,0,0,0,0,0,0,8,0,39.9615,-75.1529, , 
 ,25325,2015114561,6,67,67301,2015,9,1,1616,16,1,1,0,1,1, , ,N,2,2,0,3,0,1,3,2,N,N,39 56:59.356,75 12:05.331,1625, ,1618, ,0, ,N, ,3, , , , , ,303272, , , ,2,2,0,0,0,0,0,0,0,0,0,1,1,0,0,0,0,0,0,0,0,0,0,0,0,0,0,0,0,0,0,0,0,0,0,4,0,39.9498,-75.2015, , 
 ,25326,2015117661,6,67,67301,2015,10,2,1341,13,1,1,0,1,1, , ,N,1,2,0,3,0,2,3,2,N,N,39 58:42.967,75 07:49.565,1351, ,1344, ,0, , , ,3, , , , , ,303276, , , ,2,0,0,0,1,0,1,0,0,0,0,1,2,1,0,0,0,0,0,0,1,1,0,0,0,0,0,0,0,0,0,0,0,0,0,4,0,39.9786,-75.1304, , 
 ,25327,2015012368,6,67,67301,2015,1,3,2015,20,3,1,0,5,6, , ,N,0,0,0,3,0,0,1,2,N, ,39 58:02.431,75 11:56.479,2201, ,2200, ,0, , , ,0, , , , , ,303287, , , ,2,1,0,0,0,0,1,0,0,0,0,0,0,0,0,0,0,0,0,1,0,0,0,0,0,0,0,0,0,0,0,0,0,0,0,0,0,39.9673,-75.199, , 
 ,25328,2015016739,6,67,67301,2015,1,2,1155,11,1,1,1,5,1, , ,N,0,0,0,3,0,0,3,3,N,N,39 55:42.204,75 11:46.662,1201, ,1155,1,2,4,N, ,0,N, , , , ,303289, , , ,3,2,0,0,0,1,0,0,0,0,0,0,0,0,0,0,0,0,0,0,1,0,0,0,0,0,0,0,0,0,0,0,0,0,0,0,0,39.9284,-75.1963, , 
 ,25329,2015021381,6,67,67301,2015,1,4,729,7,1,1,0,8,1, , ,N,0,0,0,3,0,1,2,2,N,N,39 58:04.461,75 09:36.997,737, ,732, ,0, ,N, ,0, , , , , ,303294, , , ,1,0,0,0,0,0,1,0,0,0,0,0,1,1,0,0,0,0,0,0,0,0,0,0,0,0,0,0,0,0,0,0,1,0,0,8,0,39.9679,-75.1603, , 
 ,25330,2015021984,6,67,67301,2015,2,5,905,9,1,1,0,4,1, , ,N,1,2,0,3,0,1,2,2,N,N,39 57:04.665,75 10:25.093,927, ,915, ,0, ,N, ,3, , , , , ,303295, , , ,2,0,0,0,0,0,2,0,0,0,0,1,1,0,0,0,0,0,0,0,0,0,0,0,0,0,0,0,0,0,0,0,0,0,0,4,0,39.9513,-75.1736, , 
 ,25331,2015023651,6,67,67301,2015,2,3,1357,13,1,1,0,4,1, , ,N,3,0,0,3,0,0,2,2,N,N,39 59:45.390,75 11:15.366,1431, ,1431, ,0, ,N, ,0, , , , , ,303298, , , ,2,2,0,0,0,0,0,0,0,0,0,0,0,0,0,0,0,0,0,0,2,0,0,0,0,0,0,0,0,0,0,0,0,0,0,0,0,39.9959,-75.1875, , 
 ,25332,2015042720,6,67,67301,2015,3,1,2,0,3,1,0,4,1, , ,N,2,2,0,3,0,1,2,2,N,N,40 04:23.509,75 11:20.985,8, ,4, ,0, , , ,3, , , , , ,303322, , , ,2,2,0,0,0,0,0,0,0,0,0,0,1,1,0,0,0,0,0,0,1,0,0,0,0,0,0,0,0,0,0,0,0,0,0,8,0,40.0733,-75.1895, , 
 ,25333,2015020841,6,67,67301,2015,1,2,203,2,3,2,5,7,4, , ,N,0,0,0,3,0,0,1,1,N,N,40 01:37.749,75 05:33.013,2214, ,211, ,0, ,N, ,0, , , , , ,303340, , , ,1,0,0,0,1,0,0,0,0,0,0,0,0,0,0,0,0,0,0,0,0,0,0,0,0,0,0,0,0,0,0,0,0,0,0,0,0,40.0272,-75.0925, , 
 ,25334,2015040873,6,67,67301,2015,3,7,125,1,3,1,0,7,4, , ,N,0,0,3,3,0,0,1,1,N, ,39 55:10.015,75 12:14.917,134, ,128,1,1,4, , ,0,N, , , , ,303353, , , ,1,1,0,0,0,0,0,0,0,0,0,0,0,0,0,0,0,0,0,0,0,0,0,0,0,0,0,0,0,0,0,0,0,0,0,0,0,39.9194,-75.2041, , 
 ,25335,2015054359,6,67,67301,2015,5,4,1736,17,1,1,0,4,1, , ,N,1,2,0,3,0,0,2,2,N, ,39 56:37.730,75 09:30.203,1805, ,1756,2,2,2, , ,3,N, , , , ,303366, , , ,2,1,0,0,0,1,0,0,0,0,0,0,0,0,0,0,0,0,0,0,1,0,0,0,0,0,0,0,0,0,0,0,0,0,0,0,1,39.9438,-75.1584, , 
Y,25336,2015068043,6,67,67301,2015,6,5,1545,15,1,1,0,1,1,1,4,Y,0,0,0,3,0,2,5,3,N,N,39 58:50.919,75 06:12.467,1636,45,1608,2,1,1,N, ,0,N,N,N,N,N,303373,N,N,Y,3,1,0,0,0,0,2,0,0,0,2,0,2,0,0,0,0,0,0,0,1,0,0,1,0,0,0,0,0,0,0,0,0,0,0,3,0,39.9808,-75.1035, , 
 ,25337,2015069698,6,67,67301,2015,6,1,2340,23,3,2,1,7,4, , ,N,0,0,0,3,0,0,2,1,N,N,40 01:00.232,75 12:09.363,2342, ,2340, ,0, ,N, ,0, , , , , ,303375, , , ,1,1,0,0,0,0,0,0,0,0,0,0,0,0,0,0,0,0,0,0,0,0,0,0,0,0,0,0,0,0,0,0,0,0,0,0,0,40.0167,-75.2026, , 
 ,25338,2015040895,6,67,67301,2015,3,3,1707,17,1,1,0,1,1, , ,N,0,2,0,3,0,1,2,2,N,N,40 00:08.082,75 09:28.686,1715, ,1713, ,0, ,N, ,3, , , , , ,303403, , , ,2,0,0,0,2,0,0,0,0,0,0,1,1,0,0,0,0,0,0,0,0,0,0,0,0,0,0,0,0,0,0,0,0,0,0,4,0,40.0022,-75.158, , 
 ,25339,2015040919,6,67,67301,2015,3,5,1335,13,1,2,1,4,1, , ,N,1,2,0,3,0,2,3,2,N,N,40 03:55.668,75 03:09.739,1340, ,1336, ,0, ,N, ,3, , , , , ,303404, , , ,2,1,0,0,0,1,0,0,0,0,0,1,2,1,0,0,0,0,0,0,2,0,0,0,0,0,0,0,0,0,0,0,0,0,0,4,1,40.0655,-75.0525, , 
 ,25340,2015070626,6,67,67301,2015,6,5,1600,16,1,1,0,4,1, , ,N,1,2,0,3,0,2,6,3,N,N,40 02:12.235,75 03:52.193,1610, ,1606, ,0, ,N, ,3, , , , , ,303439, , , ,3,3,0,0,0,0,0,0,0,0,0,2,2,0,0,0,0,0,0,0,0,0,0,0,0,0,0,0,0,0,0,0,0,0,0,4,0,40.0367,-75.0645, , 
N,25341,2015084034,6,67,67301,2015,8,3,2329,23,3,1,0,1,1,1,2,Y,0,8,0,3,0,0,2,2,N,N,39 57:27.512,75 08:55.074,2358,45,2330, ,0, ,N, ,3, ,Y,N,N,N,309195,Y,Y,Y,2,1,0,0,0,0,1,0,0,0,0,0,0,0,0,0,0,0,0,0,0,0,0,0,0,0,0,0,0,0,0,0,0,0,0,0,0,39.9576,-75.1486, , 
 ,25342,2015084389,6,67,67301,2015,7,3,1506,15,1,1,0,1,6, , ,N,0,0,0,3,0,1,1,3,N,N,39 56:58.459,75 14:26.667,1506, ,1537, ,0, , , ,0, , , , , ,309196, , , ,3,0,0,0,1,0,0,1,0,0,0,1,1,0,0,0,0,0,0,0,0,0,0,1,0,0,0,0,0,0,0,0,0,0,0,4,0,39.9496,-75.2407, , 
 ,25343,2015078618,6,67,67301,2015,7,3,2100,21,3,1,0,8,1, , ,N,1,3,0,3,0,1,2,2,N,N,40 01:52.964,75 08:24.406,152, ,140, ,0, , , ,3, , , , , ,309217, , , ,1,1,0,0,0,0,0,0,0,0,0,1,1,0,0,0,0,0,0,0,0,0,0,0,0,0,0,0,0,0,0,0,1,0,0,4,0,40.0314,-75.1401, , 
 ,25344,2015086247,6,67,67301,2015,8,7,330,3,3,1,0,7,3, , ,N,0,0,0,3,0,1,1,1,N,N,39 54:20.102,75 11:39.920,338, ,335,1,2,4,N, ,0,Y, , , , ,309224, , , ,1,1,0,0,0,0,0,0,0,0,0,1,1,0,0,0,0,0,0,0,0,0,0,0,0,0,0,0,0,0,0,0,0,0,0,4,0,39.9056,-75.1944, , 
 ,25345,2015092555,6,67,67301,2015,8,1,2152,21,3,1,0,1,1, , ,N,0,0,0,3,0,0,2,2,N,N,40 00:35.152,75 12:21.457,2157, ,2153, ,0, ,N, ,0, , , , , ,309228, , , ,2,2,0,0,0,0,0,0,0,0,0,0,0,0,0,0,0,0,0,0,1,0,0,0,0,0,0,0,0,0,0,0,0,0,0,0,0,40.0098,-75.206, , 
 ,25346,2015119719,6,67,67301,2015,10,6,1950,19,3,1,0,1,1, , ,N,0,0,0,3,0,1,2,2,N,N,39 55:54.341,75 11:58.966,2016, ,2000, ,0, ,N, ,0, , , , , ,309252, , , ,2,2,0,0,0,0,0,0,0,0,0,1,1,0,0,0,0,0,0,0,1,0,0,0,0,0,0,0,0,0,0,0,0,0,0,4,0,39.9318,-75.1997, , 
 ,25347,2015079155,6,67,67301,2015,8,1,925,9,1,1,0,5,6, , ,N,0,2,0,3,0,1,5,2,N,N,39 58:50.757,75 09:33.242,1005, ,1004, ,0, ,N, ,3, , , , , ,309267, , , ,2,1,0,0,0,0,1,0,0,0,0,0,1,1,0,0,0,0,0,0,0,0,0,0,0,0,0,0,0,0,0,0,0,0,0,8,0,39.9808,-75.1592, , 
 ,25348,2015091033,6,67,67301,2015,8,3,353,3,2,1,0,7,4, , ,N,0,0,0,3,1,0,1,1,N, ,40 02:52.761,75 14:49.716,358, ,355, ,0, , ,0,0, , , , , ,309283, , , ,1,1,0,0,0,0,0,0,0,0,0,0,0,0,0,0,0,0,0,0,1,0,0,0,0,0,0,0,0,0,0,0,0,0,0,1,0,40.048,-75.2471,2, 
 ,25349,2015095325,6,67,67301,2015,8,2,2240,22,3,1,0,5,1, , ,N,0,0,0,3,0,0,1,2,N,N,39 56:37.700,75 08:33.632,2254, ,2241, ,0, ,N, ,0, , , , , ,309288, , , ,2,1,0,0,1,0,0,0,0,0,0,0,0,0,0,0,0,0,0,0,0,0,1,0,0,0,0,0,0,0,0,0,0,0,0,0,0,39.9438,-75.1427, , 
 ,25350,2015115414,6,67,67301,2015,10,7,1525,15,1,1,0,1,1, , ,N,0,0,0,3,0,3,3,2,N,N,40 00:03.629,75 04:44.691,1545, ,1534,2,2,1,N, ,0,N, , , , ,309301, , , ,2,1,0,0,0,0,1,0,0,0,3,0,3,0,0,0,0,0,0,0,0,0,0,0,0,0,0,0,0,0,0,0,0,0,0,3,0,40.001,-75.0791, , 
 ,25351,2015056541,6,67,67301,2015,5,5,1544,15,1,1,0,4,1, , ,N,0,0,7,3,0,1,2,2,N,N,39 57:38.725,75 08:31.665,1625, ,1624, ,0, ,N, ,0, , , , , ,309303, , , ,1,1,0,0,0,0,0,0,1,0,0,1,1,0,0,0,0,0,0,0,0,0,0,0,0,0,0,0,0,0,0,0,0,0,0,4,0,39.9608,-75.1421, , 
 ,25352,2015061873,6,67,67301,2015,5,3,1840,18,1,1,0,4,1,8,8,Y,3,2,0,3,0,1,2,2,N,N,39 57:52.333,75 08:03.809,1850,99,1848, ,0, ,N, ,3, ,U, , ,U,309310, , , ,1,0,0,0,0,0,1,0,1,0,0,1,1,0,0,0,0,0,0,0,1,0,0,0,0,0,0,0,0,0,0,0,0,0,0,4,0,39.9644,-75.1343, , 
 ,25353,2015081053,6,67,67301,2015,7,7,1725,17,1,1,0,4,1, , ,N,1,2,0,3,0,3,3,2,N,N,40 02:10.346,75 03:51.114,1736, ,1730,3,2,7,N, ,3,Y, , , , ,309344, , , ,2,2,0,0,0,0,0,0,0,0,0,0,3,3,0,0,0,0,0,0,0,0,0,0,0,0,0,0,0,0,0,0,0,0,0,8,0,40.0362,-75.0642, , 
 ,25354,2015082823,6,67,67301,2015,7,7,1149,11,1,1,0,1,1, , ,N,0,0,0,3,0,1,3,2,N,N,39 58:10.801,75 11:32.990,1159, ,1159, ,0, ,N, ,0, , , , , ,309345, , , ,2,0,0,0,0,0,1,1,0,0,0,0,1,1,0,0,0,0,0,0,1,0,0,1,0,0,0,0,0,0,0,0,0,0,0,8,0,39.9697,-75.1925, , 
Y,25355,2015082850,6,67,67301,2015,7,3,2213,22,3,1,0,1,1,1,2,Y,0,0,0,3,0,3,4,3,N,N,40 01:02.931,75 02:56.569,2240,45,2230,1,1,1,N, ,0,N,N,N,N,N,309346,N,N,N,3,3,0,0,0,0,0,0,0,0,1,2,3,0,0,0,0,0,0,0,1,1,0,0,0,0,0,0,0,0,0,0,0,0,0,3,0,40.0175,-75.049, , 
 ,25356,2015091135,6,67,67301,2015,8,2,1247,12,1,1,0,4,1, , ,N,1,2,0,3,0,1,2,2,N,N,39 57:22.453,75 11:38.974,1247, ,1247, ,0, ,N, ,3, , , , , ,309351, , , ,1,0,0,0,0,0,1,0,1,0,0,0,1,1,0,0,0,0,0,0,0,0,0,0,0,0,0,0,0,0,0,0,0,0,0,8,0,39.9562,-75.1941, , 
 ,25357,2015029981,6,67,67301,2015,2,7,1408,14,1,4,3,4,1, , ,N,2,3,0,3,0,0,4,2,N,N,40 01:49.587,75 13:38.931,1420, ,1417, ,0, , , ,3, , , , , ,309375, , , ,2,1,0,0,0,0,1,0,0,0,0,0,0,0,0,0,0,0,0,0,0,0,0,0,0,0,0,0,0,0,0,0,0,0,0,0,0,40.0304,-75.2275, , 
 ,25358,2015049051,6,67,67301,2015,4,1,149,1,3,1,0,4,1, , ,N,2,2,0,3,0,3,3,2,N,N,39 56:05.542,75 08:33.939,151, ,150, ,0, ,N, ,3, , , , , ,309399, , , ,2,2,0,0,0,0,0,0,0,1,0,0,3,2,0,0,0,0,0,0,0,0,0,0,0,0,0,0,0,0,0,0,0,0,0,2,0,39.9348,-75.1426, , 
 ,25359,2015053925,6,67,67301,2015,5,3,1145,11,1,1,0,3,6, , ,N,0,0,0,3,0,1,3,2,N,N,39 55:17.616,75 10:02.449,1400, ,1400, ,0, ,N, ,0, , , , , ,306703, , , ,2,2,0,0,0,0,0,0,0,0,0,1,1,0,0,0,0,0,0,0,0,0,0,0,0,0,0,0,0,0,0,0,0,0,0,4,0,39.9216,-75.1673, , 
 ,25360,2015042739,6,67,67301,2015,3,3,905,9,1,1,0,4,1, , ,N,1,2,0,3,0,0,2,2,N,N,39 56:18.900,75 11:54.432,935, ,928,2,1,4,N, ,3,N, , , , ,306705, , , ,2,2,0,0,0,0,0,0,0,0,0,0,0,0,0,0,0,0,1,0,0,0,0,0,0,0,0,0,0,0,0,0,0,0,0,0,0,39.9386,-75.1985, , 
 ,25361,2015061784,6,67,67301,2015,5,2,1235,12,1,1,0,8,1, , ,N,0,0,0,3,0,1,2,2,N, ,39 57:03.249,75 12:25.799,1252, ,1243,9,1,2, , ,0,N, , , , ,306715, , , ,1,0,0,0,0,0,1,0,0,0,0,1,1,0,0,0,0,0,0,0,1,0,0,0,0,0,0,0,0,0,0,0,1,0,0,4,0,39.9509,-75.2072, , 
 ,25362,2015066263,6,67,67301,2015,6,4,756,7,1,1,0,4,1, , ,N,1,2,0,3,0,1,2,2,N, ,40 05:41.184,75 00:55.174,806, ,757,2,1,2, , ,3,N, , , , ,306719, , , ,2,0,0,0,0,0,1,1,0,0,0,1,1,0,0,0,0,0,0,0,2,0,0,1,0,0,0,0,0,0,0,0,0,0,0,4,0,40.095,-75.0154, , 
 ,25363,2015099017,6,67,67301,2015,9,7,308,3,3,1,0,7,4, , ,N,0,0,0,3,0,0,1,1,N,N,40 02:33.282,75 07:48.782,313, ,311, ,0, ,N, ,0, , , , , ,306750, , , ,1,1,0,0,0,0,0,0,0,0,0,0,0,0,0,0,0,0,0,0,0,0,0,0,0,0,0,0,0,0,0,0,0,0,0,0,0,40.0426,-75.1302, , 
 ,25364,2015068029,6,67,67301,2015,6,6,1831,18,1,1,0,1,1, , ,N,0,0,0,3,0,1,5,2,N,N,39 53:56.582,75 10:06.185,1902, ,1841,2,2,2,N, ,0,N, , , , ,306754, , , ,2,1,0,0,0,0,1,0,0,0,1,0,1,0,0,0,0,0,0,0,1,0,0,0,0,0,0,0,0,0,0,0,0,0,0,3,0,39.8991,-75.1684, , 
 ,25365,2015070169,6,67,67301,2015,6,7,1,0,3,1,0,4,1, , ,N,1,2,0,3,0,0,3,2,N, ,40 00:36.075,75 05:46.053,22, ,15, ,0, ,N, ,3, , , , , ,306756, , , ,2,1,0,0,0,0,0,0,0,0,0,0,0,0,1,0,0,0,0,0,0,0,0,0,0,0,0,0,0,0,0,0,0,0,0,9,0,40.01,-75.0961, , 
 ,25366,2015070282,6,67,67301,2015,6,2,620,6,1,1,0,1,1, , ,N,0,0,0,3,0,1,3,3,N,N,39 56:30.406,75 11:39.107,653, ,635,1,2,4,N, ,0,N, , , , ,306757, , , ,3,1,0,0,0,0,2,0,0,0,0,0,1,1,0,0,0,0,0,0,0,0,0,0,0,0,0,0,0,0,0,0,0,0,0,8,0,39.9418,-75.1942, , 
 ,25367,2015066315,6,67,67301,2015,6,1,1110,11,1,1,0,5,6, , ,N,0,0,0,3,0,1,1,4,N, ,40 01:24.892,75 07:32.593,1120, ,1110, ,0, , , ,0, , , , , ,306761, , , ,4,2,0,0,0,0,2,0,0,0,0,0,1,1,0,0,0,0,0,0,1,0,0,0,0,0,0,0,0,0,0,0,0,0,0,8,0,40.0236,-75.1257, , 
 ,25368,2015072235,6,67,67301,2015,6,3,1614,16,1,1,0,2,1, , ,N,1,2,0,3,0,0,2,2,N,N,39 59:49.557,75 14:07.172,1614, ,1614,1,2,2,N, ,3,Y, , , , ,306766, , , ,2,0,0,0,0,0,2,0,0,0,0,0,0,0,0,0,0,0,0,1,0,0,0,0,0,0,0,0,0,0,0,0,0,0,0,0,0,39.997,-75.2353, , 
 ,25369,2015074958,6,67,67301,2015,6,1,10,0,3,2,1,8,1, , ,N,0,0,0,3,0,1,6,2,N,Y,39 55:31.044,75 11:36.405,20, ,13,3,2,4,N, ,0,N, , , , ,306768, , , ,1,0,0,0,0,0,1,0,0,1,0,0,1,0,0,0,0,0,0,0,0,0,0,0,0,0,0,0,0,0,0,0,1,0,1,2,0,39.9253,-75.1934, , 
 ,25370,2015075748,6,67,67301,2015,7,3,613,6,1,1,1,1,1, , ,N,1,2,0,3,0,1,2,2,N,N,40 01:56.965,75 04:51.304,629, ,614,3,1,1,N, ,3,N, , , , ,306769, , , ,2,2,0,0,0,0,0,0,0,0,0,1,1,0,1,0,0,0,0,0,1,0,0,1,0,0,0,0,0,0,0,0,0,0,0,4,0,40.0325,-75.0809, , 
 ,25371,2015107472,6,67,67301,2015,10,5,740,7,1,1,0,4,1, , ,N,1,2,0,3,0,0,8,2,N,N,39 58:49.839,75 07:42.754,750, ,743, ,0, ,N, ,3, , , , , ,306786, , , ,2,1,0,0,1,0,0,0,0,0,0,0,0,0,0,0,0,0,0,0,0,0,1,0,0,0,0,0,0,0,0,0,0,0,0,0,0,39.9805,-75.1285, , 
 ,25372,2015109226,6,67,67301,2015,10,1,1544,15,1,1,0,7,4, , ,N,1,2,0,3,0,3,3,2,N,N,40 03:55.900,75 03:09.041,1548, ,1545, ,0, , , ,3, , , , , ,306787, , , ,1,0,0,0,0,0,1,0,0,0,0,3,3,0,0,0,0,0,0,0,0,0,0,0,0,0,0,0,0,0,0,0,0,0,0,4,0,40.0655,-75.0525, , 
 ,25373,2015012347,6,67,67301,2015,1,7,1400,14,1,1,0,1,1, , ,N,0,0,0,3,0,1,2,2,N,N,40 04:53.805,75 01:48.391,1411, ,1408,1,1,3,N, ,0,N, , , , ,306810, , , ,2,0,0,0,1,0,1,0,0,0,0,1,1,0,0,0,0,0,0,0,0,0,0,1,0,0,0,0,0,0,0,0,0,0,0,4,0,40.0816,-75.0301, , 
 ,25374,2015017545,6,67,67301,2015,2,2,628,6,1,2,1,5,1, , ,N,0,0,0,3,0,0,3,2,N,N,40 02:17.673,75 00:38.630,700, ,628,2,1,2,Y, ,0,N, , , , ,306814, , , ,2,0,0,0,1,1,0,0,0,0,0,0,0,0,0,0,0,0,0,0,1,0,0,0,0,0,0,0,0,0,0,0,0,0,0,0,1,40.0382,-75.0107, , 
 ,25375,2015025045,6,67,67301,2015,2,1,1608,16,1,1,0,4,1, , ,N,1,2,0,3,0,1,2,2,N, ,39 57:01.634,75 11:33.356,1619, ,1618, ,0, ,N, ,3, , , , , ,306816, , , ,1,0,0,0,0,0,1,0,1,0,0,0,1,1,0,0,0,0,0,0,0,0,0,0,0,0,0,0,0,0,0,0,0,0,0,8,0,39.9505,-75.1926, , 
 ,25376,2015025108,6,67,67301,2015,2,4,1039,10,1,1,0,4,1, , ,N,0,2,0,3,0,1,2,2,N,N,39 56:58.820,75 12:06.220,1049, ,1043, ,0, , , ,3, , , , , ,306817, , , ,2,2,0,0,0,0,0,0,0,0,0,1,1,0,0,0,0,0,0,0,0,0,0,0,0,0,0,0,0,0,0,0,0,0,0,4,0,39.9497,-75.2017, , 
 ,25377,2015017924,6,67,67301,2015,1,3,1715,17,4,1,0,8,1, , ,N,0,0,1,3,0,1,2,2,N,N,39 59:55.004,75 06:34.528,1725, ,1720,1,1,1, , ,0,N, , , , ,300076, , , ,1,0,0,0,1,0,0,0,0,0,1,0,1,0,0,0,0,0,0,0,0,1,0,0,0,0,0,0,0,0,0,0,1,0,0,3,0,39.9986,-75.1096, , 
 ,25378,2015035162,6,67,67301,2015,2,6,1840,18,3,1,0,4,1, , ,N,1,2,0,3,0,0,6,2,N, ,40 00:43.066,75 08:09.135,9999, ,1846, ,0, , , ,3, , , , , ,300091, , , ,2,2,0,0,0,0,0,0,0,0,0,0,0,0,0,0,0,1,0,0,0,0,0,0,0,0,0,0,0,0,0,0,0,0,0,0,0,40.012,-75.1359, , 
 ,25379,2015018947,6,67,67301,2015,1,4,200,2,3,1,0,5,6, , ,N,0,0,0,3,0,0,1,2,N,N,39 59:53.232,75 10:29.128,251, ,243,3,1,3,N, ,0,N, , , , ,300117, , , ,2,1,0,0,0,0,1,0,0,0,0,0,0,0,0,0,0,0,0,0,0,0,0,0,0,0,0,0,0,0,0,0,0,0,0,0,0,39.9981,-75.1748, , 
 ,25380,2015020835,6,67,67301,2015,1,6,2155,21,3,1,0,4,1, , ,N,1,2,0,3,0,0,2,2,N, ,39 58:07.468,75 12:40.860,2209, ,2207, ,0, , , ,3, , , , , ,300120, , , ,2,2,0,0,0,0,0,0,0,0,0,0,0,0,0,0,0,0,0,0,0,0,0,0,0,0,0,0,0,0,0,0,0,0,0,0,0,39.9687,-75.2113, , 
 ,25381,2015026225,6,67,67301,2015,2,3,1550,15,1,1,0,1,1, , ,N,0,0,0,3,0,0,2,2,N,N,39 59:22.421,75 05:14.213,1557, ,1550,1,2,1,N, ,0,N, , , , ,300125, , , ,2,1,0,0,0,0,1,0,0,0,0,0,0,0,0,0,0,0,0,0,1,0,0,0,0,0,0,0,0,0,0,0,0,0,0,0,0,39.9896,-75.0873, , 