wz_ln_closure,objectid_1,crn,district,county,municipality,crash_year,crash_month,day_of_week,time_of_day,hour_of_day,illumination,weather,road_condition,collision_type,relation_to_road,work_zone_type,work_zone_loc,work_zone_ind,intersect_type,tcd_type,location_type,urban_rural,fatal_count,injury_count,person_count,total_units,sch_bus_ind,sch_zone_ind,latitude,longitude,arrival_tm,cons_zone_spd_lim,dispatch_tm,est_hrs_closed,lane_closed,ln_close_dir,ntfy_hiwy_maint,spec_juris_cd,tcd_func_cd,tfc_detour_ind,workers_pres,wz_close_detour,wz_flagger,wz_law_offcr_ind,objectid,wz_moving,wz_other,wz_shlder_mdn,vehicle_count,automobile_count,motorcycle_count,bus_count,small_truck_count,heavy_truck_count,suv_count,van_count,bicycle_count,maj_inj_count,mod_inj_count,min_inj_count,tot_inj_count,unk_inj_deg_count,unk_inj_per_count,driver_count_16yr,driver_count_17yr,driver_count_18yr,driver_count_19yr,driver_count_20yr,driver_count_50_64yr,driver_count_65_74yr,driver_count_75plus,unbelted_occ_count,unb_death_count,unb_maj_inj_count,belted_death_count,belted_maj_inj_count,mcycle_death_count,mcycle_maj_inj_count,bicycle_death_count,bicycle_maj_inj_count,ped_count,ped_death_count,ped_maj_inj_count,max_severity_level,comm_veh_count,dec_lat,dec_long,rdwy_surf_type_cd,county_name
 ,25448,2015047528,6,67,67301,2015,4,6,1000,10,1,2,1,4,1, , ,N,1,3,0,3,0,1,2,2,N, ,39 57:46.836,75 09:30.286,1025, ,1015,9,1,1, , ,3,N, , , , ,307033, , , ,2,2,0,0,0,0,0,0,0,0,0,1,1,0,0,0,0,0,0,0,0,0,0,0,0,0,0,0,0,0,0,0,0,0,0,4,0,39.963,-75.1584, , 
 ,25449,2015012332,6,67,67301,2015,1,3,1400,14,1,1,1,6,1, , ,N,0,0,0,3,0,4,8,2,N,N,39 58:23.601,75 12:44.495,1616, ,1610, ,0, ,N, ,0, , , , , ,307050, , , ,2,1,0,0,0,0,0,1,0,0,0,4,4,0,0,0,0,0,0,0,0,0,0,0,0,0,0,0,0,0,0,0,0,0,0,4,0,39.9732,-75.2124, , 
 ,25450,2015038659,6,67,67301,2015,3,6,1316,13,1,4,1,8,1, , ,N,1,2,0,3,0,1,3,2,N,N,39 56:57.318,75 09:25.995,1359, ,1355, ,0, ,N, ,3, , , , , ,300275, , , ,1,0,0,0,0,0,1,0,0,0,0,1,1,0,0,0,0,0,0,0,0,0,0,0,0,0,0,0,0,0,0,0,1,0,0,4,0,39.9493,-75.1572, , 
 ,25451,2015048350,6,67,67301,2015,4,7,1415,14,1,1,0,8,1, , ,N,0,0,0,3,0,1,2,2,N,N,39 57:45.900,75 14:36.002,1435, ,1435, ,0, ,N, ,0, , , , , ,300287, , , ,1,1,0,0,0,0,0,0,0,0,1,0,1,0,0,0,0,0,0,0,0,0,0,0,0,0,0,0,0,0,0,0,1,0,0,3,0,39.9628,-75.2433, , 
 ,25452,2015006067,6,67,67301,2015,1,1,45,0,3,2,1,5,1, , ,N,0,0,0,3,0,1,2,2,N,N,40 02:24.151,75 02:48.031,55, ,45,1,2,3,N, ,0,N, , , , ,300295, , , ,2,1,0,0,0,0,1,0,0,0,0,1,1,0,0,0,0,0,0,0,0,0,0,0,0,0,0,0,0,0,0,0,0,0,0,4,0,40.04,-75.0467, , 
 ,25453,2015009168,6,67,67301,2015,1,1,333,3,3,1,0,7,4, , ,N,0,0,0,3,0,0,1,1,N,N,39 55:53.745,75 11:59.066,345, ,335,1,1,4,Y, ,0,N, , , , ,300299, , , ,1,1,0,0,0,0,0,0,0,0,0,0,0,0,0,0,0,0,0,0,1,0,0,0,0,0,0,0,0,0,0,0,0,0,0,0,0,39.9316,-75.1997, , 
 ,25454,2015015624,6,67,67301,2015,1,4,939,9,1,1,0,1,1, , ,N,1,2,0,3,0,1,4,2,N,N,39 57:48.112,75 11:14.766,953, ,939, ,0, , , ,3, , , , , ,300308, , , ,2,1,0,0,0,0,0,1,0,0,0,0,1,1,0,0,0,0,0,0,1,0,0,0,0,0,0,0,0,0,0,0,0,0,0,8,0,39.9634,-75.1875, , 
 ,25455,2015049124,6,67,67301,2015,4,1,6,0,3,1,0,1,1, , ,N,0,0,0,3,0,0,7,3,N,N,39 58:47.609,75 11:20.308,45, ,38, ,0, ,N, ,0, , , , , ,300329, , , ,3,2,0,0,0,0,1,0,0,0,0,0,0,0,4,0,0,0,0,0,0,0,0,0,0,0,0,0,0,0,0,0,0,0,0,9,0,39.9799,-75.189, , 
 ,25456,2015066285,6,67,67301,2015,6,2,1530,15,1,1,0,8,1, , ,N,1,3,0,3,0,1,2,2,N,N,39 58:47.107,75 07:28.052,1625, ,1620, ,0, , , ,3, , , , , ,300336, , , ,1,0,0,0,1,0,0,0,0,0,0,0,1,1,1,0,0,0,0,0,0,0,0,0,0,0,0,0,0,0,0,0,1,0,0,8,0,39.9798,-75.1245, , 
 ,25457,2015006127,6,67,67301,2015,1,3,1532,15,1,4,5,1,1, , ,N,1,3,0,3,0,1,6,2,N, ,40 01:48.277,75 04:39.568,1540, ,1536, ,0, , , ,3, , , , , ,300347, , , ,2,0,0,0,0,0,2,0,0,0,0,1,1,0,0,0,0,0,0,0,0,0,0,6,0,0,0,0,0,0,0,0,0,0,0,4,0,40.0301,-75.0777, , 
 ,25458,2015009594,6,67,67301,2015,1,5,1011,10,1,1,1,5,6, , ,N,0,0,0,3,0,1,2,4,N, ,40 01:40.852,75 06:22.905,1029, ,1019,3,1,1, , ,0,N, , , , ,300349, , , ,4,2,0,0,1,0,1,0,0,0,1,0,1,0,0,0,0,0,0,0,0,0,0,0,0,0,0,0,0,0,0,0,0,0,0,3,0,40.028,-75.1064, , 
 ,25459,2015017929,6,67,67301,2015,1,2,1823,18,1,1,0,4,1, , ,N,1,3,0,3,0,2,2,2,N, ,39 57:23.850,75 13:39.467,1823, ,1820, ,0, , , ,3, , , , , ,300354, , , ,2,1,0,0,0,0,0,1,0,0,0,2,2,0,0,0,0,0,0,0,0,0,0,0,0,0,0,0,0,0,0,0,0,0,0,4,0,39.9566,-75.2276, , 
 ,25460,2015038562,6,67,67301,2015,3,4,2050,20,2,1,0,1,1, , ,N,1,2,0,3,0,1,7,2,N,N,40 01:44.597,75 08:48.518,45, ,44, ,0, ,N, ,3, , , , , ,300372, , , ,2,2,0,0,0,0,0,0,0,0,0,1,1,0,6,0,0,0,0,0,1,0,0,0,0,0,0,0,0,0,0,0,0,0,0,4,0,40.0291,-75.1468, , 
 ,25461,2015042851,6,67,67301,2015,3,3,1415,14,1,1,0,4,1, , ,N,1,3,0,3,0,0,2,2,N, ,39 55:39.845,75 11:09.536,1655, ,1650, ,0, , , ,3, , , , , ,300376, , , ,2,1,0,0,1,0,0,0,0,0,0,0,0,0,0,0,0,0,0,0,1,0,1,0,0,0,0,0,0,0,0,0,0,0,0,0,0,39.9277,-75.186, , 
 ,25462,2015043272,6,67,67301,2015,4,6,1054,10,1,2,1,5,6, , ,N,0,0,0,3,0,0,2,2,N, ,39 56:55.056,75 09:32.342,1135, ,1129, ,0, , , ,0, , , , , ,300377, , , ,2,1,0,0,0,1,0,0,0,0,0,0,0,0,0,0,0,0,0,0,1,0,0,0,0,0,0,0,0,0,0,0,0,0,0,0,1,39.9486,-75.159, , 
 ,25463,2015035230,6,67,67301,2015,3,3,945,9,1,1,0,1,1, , ,N,0,0,0,3,0,1,3,2,N,N,40 00:25.340,75 12:49.963,1000, ,945, ,0, ,N, ,0, , , , , ,300418, , , ,2,1,0,0,0,0,0,1,0,0,0,0,1,1,0,0,0,0,0,0,2,0,0,0,0,0,0,0,0,0,0,0,0,0,0,8,0,40.007,-75.2139, , 
 ,25464,2015009654,6,67,67301,2015,1,5,420,4,3,1,0,2,1, , ,N,0,0,0,3,0,2,3,2,N, ,40 02:23.103,75 06:37.351,425, ,420, ,0, , , ,0, , , , , ,300444, , , ,2,2,0,0,0,0,0,0,0,0,0,2,2,0,0,0,0,0,0,0,1,0,0,0,0,0,0,0,0,0,0,0,0,0,0,4,0,40.0398,-75.1104, , 
 ,25465,2015043266,6,67,67301,2015,4,4,1823,18,1,1,0,8,1, , ,N,0,0,0,3,0,1,2,2,N,N,39 56:55.521,75 13:33.877,1830, ,1824, ,0, ,N, ,0, , , , , ,300467, , , ,1,1,0,0,0,0,0,0,0,0,0,0,1,1,0,0,0,0,0,0,0,0,0,1,0,0,0,0,0,0,0,0,1,0,0,8,0,39.9488,-75.2261, , 
 ,25466,2015045227,6,67,67301,2015,4,5,2155,21,2,2,1,5,1, , ,N,0,0,0,3,0,0,3,3,N,N,39 52:47.416,75 14:51.770,2205, ,2158, ,0, ,N, ,0, , , , , ,300470, , , ,3,1,0,0,0,1,1,0,0,0,0,0,0,0,0,0,0,0,0,0,1,0,0,0,0,0,0,0,0,0,0,0,0,0,0,0,1,39.8798,-75.2477, , 
 ,25467,2015045347,6,67,67301,2015,4,5,1510,15,1,1,0,4,1, , ,N,0,3,7,3,0,1,2,2,N, ,40 01:57.182,75 06:07.008,1532, ,1525, ,0, , , ,3, , , , , ,300471, , , ,2,2,0,0,0,0,0,0,0,0,0,0,1,1,0,0,0,0,0,0,0,0,0,0,0,0,0,0,0,0,0,0,0,0,0,8,0,40.0326,-75.1019, , 
 ,25468,2015056553,6,67,67301,2015,5,7,1436,14,1,1,0,4,1, , ,N,1,2,0,3,0,1,2,2,N, ,40 02:50.173,75 10:03.883,1440, ,1436,1,1,1, , ,3,Y, , , , ,303669, , , ,2,1,0,0,0,0,0,1,0,0,0,0,1,1,0,1,0,0,0,0,0,1,0,0,0,0,0,0,0,0,0,0,0,0,0,8,0,40.0473,-75.1677, , 
 ,25469,2015075729,6,67,67301,2015,7,7,2213,22,3,1,0,4,1, , ,N,1,3,0,3,0,1,4,2,N,N,39 58:47.265,75 07:34.219,2216, ,2216, ,0, ,N, ,3, , , , , ,303689, , , ,2,2,0,0,0,0,0,0,0,0,0,1,1,0,0,0,0,0,0,0,0,0,0,4,0,0,0,0,0,0,0,0,0,0,0,4,0,39.9798,-75.1262, , 
 ,25470,2015081033,6,67,67301,2015,7,4,1245,12,1,1,0,1,1, , ,N,1,2,0,3,0,1,3,2,N,N,39 55:23.323,75 10:12.037,1258, ,1250, ,0, ,N, ,3, , , , , ,303696, , , ,2,1,0,0,0,0,0,1,0,0,0,0,1,1,0,0,0,0,0,0,2,0,0,0,0,0,0,0,0,0,0,0,0,0,0,8,0,39.9231,-75.1699, , 
 ,25471,2015084424,6,67,67301,2015,7,3,45,0,3,1,0,4,1, , ,N,1,2,0,3,0,2,3,2,N,N,39 59:42.186,75 09:47.473,45, ,54, ,0, ,N, ,3, , , , , ,303699, , , ,2,2,0,0,0,0,0,0,0,0,0,0,2,2,1,0,0,0,1,0,0,0,0,0,0,0,0,0,0,0,0,0,0,0,0,8,0,39.9951,-75.1632, , 
 ,25472,2015061750,6,67,67301,2015,2,3,243,2,3,1,0,5,6, , ,N,0,0,0,3,0,0,1,4,N,N,39 57:27.124,75 13:48.433,245, ,245, ,0, ,N, ,0, , , , , ,303719, , , ,4,2,0,0,0,0,2,0,0,0,0,0,0,0,0,0,0,0,0,0,0,0,0,0,0,0,0,0,0,0,0,0,0,0,0,0,0,39.9575,-75.2301, , 
 ,25473,2015061876,6,67,67301,2015,5,7,24,0,3,1,0,5,1, , ,N,0,0,0,3,0,1,2,2,N, ,39 58:47.346,75 09:45.505,36, ,36, ,0, , , ,0, , , , , ,303720, , , ,2,1,0,0,0,0,0,0,0,0,0,1,1,0,0,0,0,0,0,0,0,0,0,0,0,0,0,0,0,0,0,0,0,0,0,4,0,39.9798,-75.1626, , 
 ,25474,2015012414,6,67,67301,2015,1,2,1504,15,1,2,1,5,6, , ,N,0,0,0,3,0,1,1,4,N,N,39 55:48.749,75 11:53.697,1504, ,1503, ,0, ,N, ,0, , , , , ,303728, , , ,4,1,0,0,0,0,0,0,0,0,1,0,1,0,0,0,0,0,0,0,1,0,0,0,0,0,0,0,0,0,0,0,0,0,0,3,0,39.9302,-75.1982, , 
 ,25475,2015021896,6,46,46102,2015,1,6,2335,23,3,1,0,1,1, , ,N,1,2,0,3,0,1,5,3,N, ,40 03:55.027,75 05:25.289,14, ,8, ,0, , , ,3, , , , , ,303738, , , ,3,3,0,0,0,0,0,0,0,0,0,0,1,1,1,0,0,0,0,0,1,0,0,0,0,0,0,0,0,0,0,0,0,0,0,8,0,40.0653,-75.0904, , 
 ,25476,2015021992,6,67,67301,2015,2,6,1149,11,1,1,0,4,1, , ,N,1,3,0,3,0,3,3,5,N,N,40 01:18.044,75 05:27.175,1151, ,1149,4,2,7, , ,3,Y, , , , ,303739, , , ,5,3,0,0,0,0,2,0,0,0,1,2,3,0,0,0,0,0,0,0,0,0,0,0,0,0,0,0,0,0,0,0,0,0,0,3,0,40.0217,-75.0909, , 
 ,25477,2015021995,6,67,67301,2015,2,4,1545,15,1,1,0,4,1, , ,N,1,3,0,3,0,2,3,2,N, ,39 59:11.950,75 05:51.943,1630, ,1615, ,0, , , ,3, , , , , ,303740, , , ,2,1,0,0,0,0,1,0,0,0,0,0,2,2,0,0,0,0,0,0,1,0,0,0,0,0,0,0,0,0,0,0,0,0,0,8,0,39.9867,-75.0978, , 
 ,25478,2015062733,6,67,67301,2015,5,7,600,6,1,1,0,4,1, , ,N,1,2,0,3,0,1,3,2,N,N,39 58:12.569,75 08:42.214,630, ,620, ,0, , , ,3, , , , , ,303765, , , ,2,1,0,0,0,0,0,1,0,0,0,0,1,1,0,0,0,0,0,0,1,0,0,0,0,0,0,0,0,0,0,0,0,0,0,8,0,39.9702,-75.1451, , 
 ,25479,2015063862,6,67,67301,2015,6,4,59,0,3,2,1,4,1, , ,N,5,2,2,3,0,1,3,2,N,N,39 57:25.688,75 09:03.847,105, ,59,9,1,1, , ,3,N, , , , ,303766, , , ,2,0,0,0,0,0,0,2,0,0,0,1,1,0,0,0,0,0,0,0,1,0,0,1,0,0,0,0,0,0,0,0,0,0,0,4,0,39.9571,-75.1511, , 
 ,25480,2015021891,6,67,67301,2015,2,7,2119,21,3,1,0,8,1, , ,N,0,0,0,3,0,1,2,2,N, ,39 58:18.683,75 07:31.752,2126, ,2124, ,0, , , ,0, , , , , ,303781, , , ,1,1,0,0,0,0,0,0,0,0,1,0,1,0,0,0,0,0,0,0,0,1,0,0,0,0,0,0,0,0,0,0,1,0,0,3,0,39.9719,-75.1255, , 
 ,25481,2015025114,6,67,67301,2015,2,2,1600,16,1,2,6,4,1, , ,N,2,2,0,3,0,1,2,3,N,N,39 54:52.060,75 09:09.458,1716, ,1645, ,0, ,N, ,3, , , , , ,303785, , , ,3,3,0,0,0,0,0,0,0,0,0,0,1,1,0,0,0,0,0,0,0,0,0,0,0,0,0,0,0,0,0,0,0,0,0,8,0,39.9144,-75.1525, , 
 ,25482,2015025250,6,67,67301,2015,2,5,1508,15,1,1,0,1,1, , ,N,0,0,0,3,0,2,4,4,N,N,39 57:29.370,75 09:50.738,1518, ,1508,2,1,4,N, ,0,N, , , , ,303786, , , ,4,2,0,0,0,0,1,1,0,0,0,2,2,0,0,0,0,0,1,0,0,0,0,0,0,0,0,0,0,0,0,0,0,0,0,4,0,39.9582,-75.1641, , 
 ,25483,2015033341,6,67,67301,2015,3,7,729,7,1,2,1,7,2, , ,N,0,0,0,3,0,0,4,1,N,N,39 58:57.309,75 12:27.900,736, ,729,1,1,4,N, ,0,N, , , , ,303793, , , ,1,1,0,0,0,0,0,0,0,0,0,0,0,0,0,0,0,0,0,0,0,0,0,0,0,0,0,0,0,0,0,0,0,0,0,0,0,39.9826,-75.2078, , 
 ,25484,2015035161,6,67,67301,2015,3,7,1540,15,1,1,0,1,1, , ,N,1,2,0,3,0,1,5,2,N,N,40 04:08.982,75 00:26.173,1550, ,1542, ,0, , , ,3, , , , , ,303794, , , ,2,2,0,0,0,0,0,0,0,0,0,1,1,0,0,0,0,0,0,0,0,0,1,0,0,0,0,0,0,0,0,0,0,0,0,4,0,40.0692,-75.0073, , 
 ,25485,2015036592,6,67,67301,2015,3,4,1245,12,1,1,0,4,1, , ,N,2,0,0,3,0,5,7,3,N, ,39 54:54.671,75 14:41.119,1355, ,1351, ,0, , , ,0, , , , , ,303795, , , ,3,1,0,0,0,0,1,1,0,0,0,5,5,0,0,0,1,0,0,0,1,1,0,0,0,0,0,0,0,0,0,0,0,0,0,4,0,39.9151,-75.2446, , 
 ,25486,2015114111,6,67,67301,2015,9,2,1638,16,1,1,0,1,1, , ,N,0,0,3,3,0,2,2,2,N,N,39 55:11.600,75 12:06.335,1705, ,1705,1,1,4, , ,0,N, , , , ,309551, , , ,2,2,0,0,0,0,0,0,0,0,0,2,2,0,0,0,0,0,0,0,0,0,0,0,0,0,0,0,0,0,0,0,0,0,0,4,0,39.9199,-75.2018, , 
 ,25487,2015017931,6,67,67301,2015,1,6,1215,12,1,1,0,6,1, , ,N,1,2,0,3,0,0,2,2,N,N,40 01:45.210,75 10:28.410,1255, ,1255, ,0, ,N, ,3, , , , , ,309558, , , ,2,0,0,0,0,0,2,0,0,0,0,0,0,0,0,0,0,0,0,1,0,0,0,0,0,0,0,0,0,0,0,0,0,0,0,0,0,40.0292,-75.1746, , 
 ,25488,2015031014,6,67,67301,2015,2,7,2238,22,3,4,3,4,1, , ,N,1,3,0,3,0,0,2,4,N, ,40 02:33.280,75 00:52.534,2302, ,2250, ,0, ,N, ,3, , , , , ,309566, , , ,4,2,0,0,0,0,2,0,0,0,0,0,0,0,0,0,0,0,0,0,0,0,0,0,0,0,0,0,0,0,0,0,0,0,0,0,0,40.0426,-75.0146, , 
 ,25489,2015045047,6,67,67301,2015,4,6,1025,10,1,2,1,4,1, , ,N,1,2,0,3,0,1,3,2,N,N,39 56:09.117,75 09:42.404,1035, ,1032, ,0, ,N, ,3, , , , , ,309584, , , ,1,0,0,0,0,0,1,0,1,0,0,1,1,0,0,0,0,0,0,0,0,0,0,0,0,0,0,0,0,0,0,0,0,0,0,4,0,39.9359,-75.1618, , 
 ,25490,2015061780,6,67,67301,2015,5,2,1938,19,1,1,0,4,1, , ,N,1,3,0,3,0,3,7,5,N,N,40 00:29.692,75 06:24.299,2135, ,1955,1,1,3,N, ,3,Y, , , , ,309604, , , ,5,1,0,0,0,0,3,1,0,0,0,3,3,0,3,0,0,0,0,0,0,0,0,0,0,0,0,0,0,0,0,0,0,0,0,4,0,40.0082,-75.1067, , 
 ,25491,2015073224,6,67,67301,2015,6,5,1155,11,1,1,0,1,1, , ,N,3,2,0,3,0,1,2,2,N,N,40 04:57.151,75 02:15.941,1215, ,1208, ,0, ,N, ,3, , , , , ,309616, , , ,2,1,0,0,0,0,1,0,0,0,0,1,1,0,0,0,0,0,0,0,0,0,1,0,0,0,0,0,0,0,0,0,0,0,0,4,0,40.0825,-75.0378, , 
 ,25492,2015078210,6,67,67301,2015,7,4,1305,13,1,1,0,4,1, , ,N,1,3,0,3,0,0,2,2,N, ,39 57:48.272,75 09:20.735,1312, ,1310, ,0, , , ,3, , , , , ,309620, , , ,2,0,0,0,1,0,1,0,0,0,0,0,0,0,0,0,0,0,0,0,0,0,0,0,0,0,0,0,0,0,0,0,0,0,0,0,0,39.9634,-75.1558, , 
 ,25493,2015080284,6,67,67301,2015,7,1,1300,13,1,1,0,5,1, , ,N,0,0,0,3,1,0,2,2,N,N,40 00:46.144,75 07:49.159,1312, ,1305, ,0, ,N,0,0, , , , , ,309622, , , ,1,0,0,0,0,0,1,0,1,0,0,0,0,0,0,0,0,0,0,0,0,0,0,0,0,0,0,0,0,0,1,0,0,0,0,1,0,40.0128,-75.1303,2, 
 ,25494,2015081050,6,67,67301,2015,7,1,1305,13,1,1,0,4,1, , ,N,0,3,7,3,0,0,4,2,N, ,40 05:10.976,74 57:56.498,1312, ,1308,1,2,2, , ,3,Y, , , , ,309623, , , ,2,1,0,0,0,0,1,0,0,0,0,0,0,0,3,0,0,0,0,0,0,1,0,0,0,0,0,0,0,0,0,0,0,0,0,9,0,40.0864,-74.9657, , 
 ,25495,2015092066,6,67,67301,2015,8,3,10,0,3,2,1,7,4, , ,N,0,0,0,3,0,0,1,1,N, ,40 01:36.805,75 11:34.798,55, ,15,1,1,1,N, ,0,N, , , , ,309639, , , ,1,0,0,0,0,0,1,0,0,0,0,0,0,0,0,0,0,0,0,0,1,0,0,0,0,0,0,0,0,0,0,0,0,0,0,0,0,40.0269,-75.193, , 
 ,25496,2015066174,6,67,67301,2015,6,1,1422,14,1,1,0,4,1, , ,N,1,3,0,3,0,2,5,2,N, ,40 03:07.828,75 05:35.123,1430, ,1425, ,0, , , ,3, , , , , ,309646, , , ,2,2,0,0,0,0,0,0,0,0,0,2,2,0,0,0,0,0,0,0,1,0,0,0,0,0,0,0,0,0,0,0,0,0,0,4,0,40.0522,-75.0931, , 
 ,25497,2015061868,6,67,67301,2015,5,7,1405,14,1,1,0,4,1, , ,N,1,3,0,3,0,2,3,2,N,N,39 57:17.539,75 12:08.765,1407, ,1406, ,0, ,N, ,3, , , , , ,309649, , , ,2,2,0,0,0,0,0,0,0,0,0,0,2,2,0,0,0,0,1,0,0,0,0,0,0,0,0,0,0,0,0,0,0,0,0,8,0,39.9549,-75.2024, , 
 ,25498,2015061872,6,67,67301,2015,5,5,700,7,1,2,1,3,6, , ,N,0,0,0,3,0,1,1,3,N,N,40 02:34.274,75 09:50.665,710, ,705, ,0, ,N, ,0, , , , , ,309650, , , ,3,1,0,0,0,0,1,1,0,0,0,1,1,0,0,0,0,0,0,0,1,0,0,0,0,0,0,0,0,0,0,0,0,0,0,4,0,40.0429,-75.1641, , 
 ,25499,2015074976,6,67,67301,2015,6,3,1803,18,1,1,0,1,1, , ,N,0,0,0,3,0,2,2,2,N,N,40 00:30.851,75 12:14.837,1842, ,1838,1,2,3,N, ,0,N, , , , ,309665, , , ,2,1,0,0,0,0,1,0,0,0,0,0,2,2,0,0,0,0,0,0,0,0,0,0,0,0,0,0,0,0,0,0,0,0,0,8,0,40.0086,-75.2041, , 
 ,25500,2015075768,6,67,67301,2015,7,4,950,9,1,1,0,1,1, , ,N,9,5,0,3,0,1,4,2,N,N,40 04:10.171,75 05:03.416,1007, ,958, ,0, ,N, ,3, , , , , ,309666, , , ,2,1,0,0,0,0,1,0,0,0,0,1,1,0,0,0,0,0,0,0,0,0,0,0,0,0,0,0,0,0,0,0,0,0,0,4,0,40.0695,-75.0843, , 
 ,25501,2015080674,6,67,67301,2015,7,1,2150,21,3,1,0,4,1, , ,N,1,2,0,3,0,0,2,2,N,N,39 57:15.887,75 08:53.056,2206, ,2159, ,0, ,N, ,3, , , , , ,309673, , , ,2,2,0,0,0,0,0,0,0,0,0,0,0,0,1,0,0,0,0,2,0,0,0,0,0,0,0,0,0,0,0,0,0,0,0,9,0,39.9544,-75.1481, , 
 ,25502,2015091172,6,67,67301,2015,8,5,1815,18,4,2,1,4,1, , ,N,1,3,0,3,0,1,2,2,N,N,40 03:31.874,75 02:50.852,1825, ,1820,1,1,3,N, ,3,N, , , , ,309681, , , ,2,1,0,0,0,0,1,0,0,0,0,1,1,0,0,0,0,0,0,0,0,0,0,2,0,0,0,0,0,0,0,0,0,0,0,4,0,40.0589,-75.0475, , 
 ,25503,2015096124,6,67,67301,2015,8,5,9999,99,1,1,0,4,1, , ,N,1,2,0,3,0,3,3,2,N,N,39 58:31.854,75 10:00.418,710, ,658,2,1,4, , ,3,N, , , , ,309688, , , ,2,1,0,0,1,0,0,0,0,0,0,0,3,3,0,0,0,0,0,0,0,0,0,0,0,0,0,0,0,0,0,0,0,0,0,8,0,39.9755,-75.1668, , 
 ,25504,2015015985,6,67,67301,2015,1,7,25,0,3,4,3,7,4, , ,N,0,0,0,3,0,1,1,1,N,N,39 57:28.818,75 08:29.847,28, ,25, ,0, ,N, ,0, , , , , ,307056, , , ,1,1,0,0,0,0,0,0,0,0,1,0,1,0,0,0,0,0,0,0,0,0,0,1,0,0,0,0,0,0,0,0,0,0,0,3,0,39.958,-75.1416, , 
 ,25505,2015021935,6,67,67301,2015,1,7,1603,16,1,1,0,4,1, , ,N,2,2,7,3,0,3,8,4,N,N,40 04:35.200,75 01:57.222,1612, ,1603,1,1,1,N, ,3,N, , , , ,307062, , , ,4,3,0,0,0,0,1,0,0,0,3,0,3,0,0,0,0,0,0,0,0,1,0,0,0,0,0,0,0,0,0,0,0,0,0,3,0,40.0764,-75.0326, , 
 ,25506,2015024596,6,67,67301,2015,2,3,1355,13,1,1,0,1,1, , ,N,1,2,0,3,0,2,3,3,N,Y,39 59:14.152,75 15:06.662,1403, ,1400, ,0, ,N, ,3, , , , , ,307072, , , ,3,1,0,0,0,0,2,0,0,0,0,2,2,0,0,0,0,0,0,0,1,1,0,0,0,0,0,0,0,0,0,0,0,0,0,4,0,39.9873,-75.2519, , 
 ,25507,2015038557,6,67,67301,2015,3,6,1202,12,1,4,3,4,1, , ,N,0,0,7,3,0,2,2,2,N,N,40 06:11.950,75 03:04.208,1210, ,1204, ,0, ,N, ,0, , , , , ,307078, , , ,2,0,0,0,0,0,2,0,0,0,0,1,2,1,0,0,0,1,0,0,1,0,0,0,0,0,0,0,0,0,0,0,0,0,0,4,0,40.1033,-75.0512, , 
 ,25508,2015049018,6,67,67301,2015,4,6,2345,23,3,1,0,4,1, , ,N,1,3,0,3,0,3,4,2,N,N,39 58:33.106,75 12:22.514,2359, ,2352, ,0, ,N, ,3, , , , , ,307086, , , ,2,2,0,0,0,0,0,0,0,0,0,1,3,2,0,0,0,0,0,0,1,0,0,0,0,0,0,0,0,0,0,0,0,0,0,4,0,39.9759,-75.2063, , 
 ,25509,2015050288,6,67,67301,2015,5,1,728,7,1,1,0,5,1, , ,N,1,2,0,3,0,0,2,2,N,N,39 58:33.009,75 09:30.309,735, ,730, ,0, ,N, ,3, , , , , ,307087, , , ,2,1,0,0,0,0,1,0,0,0,0,0,0,0,0,0,0,0,0,0,0,0,1,0,0,0,0,0,0,0,0,0,0,0,0,0,0,39.9758,-75.1584, , 
 ,25510,2015061890,6,67,67301,2015,5,6,1718,17,1,1,0,8,1, , ,N,0,0,0,3,0,1,2,2,N, ,40 01:36.768,75 04:51.078,1735, ,1727,2,1,2, , ,0,N, , , , ,307092, , , ,1,0,0,0,0,0,1,0,0,0,0,1,1,0,0,0,0,0,0,0,0,0,0,0,0,0,0,0,0,0,0,0,1,0,0,4,0,40.0269,-75.0809, , 
 ,25511,2015062741,6,67,67301,2015,5,4,900,9,1,1,0,5,6, , ,N,0,0,0,3,0,1,1,7,N, ,39 55:01.135,75 14:42.913,954, ,947,2,1,4, , ,0,Y, , , , ,307094, , , ,7,5,0,0,0,0,1,1,0,0,1,0,1,0,0,0,0,0,0,0,0,0,0,0,0,0,0,0,0,0,0,0,0,0,0,3,0,39.917,-75.2453, , 
 ,25512,2015031084,6,67,67301,2015,3,1,1410,14,1,4,3,4,1, , ,N,1,3,0,3,0,0,3,3,N,N,40 01:54.915,75 09:46.429,1418, ,1415, ,0, ,N, ,3, , , , , ,307116, , , ,3,0,0,0,0,0,1,2,0,0,0,0,0,0,0,0,0,0,0,0,1,0,0,0,0,0,0,0,0,0,0,0,0,0,0,0,0,40.0319,-75.1629, , 
 ,25513,2015052291,6,67,67301,2015,4,5,2000,20,3,1,0,4,1, , ,N,1,3,0,3,0,0,7,2,N,N,39 56:00.816,75 11:32.211,2006, ,2005, ,0, ,N, ,3, , , , , ,307134, , , ,2,2,0,0,0,0,0,0,0,0,0,0,0,0,1,0,0,0,0,0,0,0,0,5,0,0,0,0,0,0,0,0,0,0,0,9,0,39.9336,-75.1923, , 
 ,25514,2015074570,6,67,67301,2015,5,6,1730,17,1,1,0,4,1, , ,N,1,2,0,3,0,2,2,2,N,N,39 59:23.971,75 13:09.663,1740, ,1733, ,0, , , ,3, , , , , ,307156, , , ,2,0,0,0,0,0,1,1,0,0,1,0,2,1,0,0,0,0,0,0,0,0,0,0,0,0,0,0,0,0,0,0,0,0,0,3,0,39.99,-75.2194, , 