wz_ln_closure,objectid_1,crn,district,county,municipality,crash_year,crash_month,day_of_week,time_of_day,hour_of_day,illumination,weather,road_condition,collision_type,relation_to_road,work_zone_type,work_zone_loc,work_zone_ind,intersect_type,tcd_type,location_type,urban_rural,fatal_count,injury_count,person_count,total_units,sch_bus_ind,sch_zone_ind,latitude,longitude,arrival_tm,cons_zone_spd_lim,dispatch_tm,est_hrs_closed,lane_closed,ln_close_dir,ntfy_hiwy_maint,spec_juris_cd,tcd_func_cd,tfc_detour_ind,workers_pres,wz_close_detour,wz_flagger,wz_law_offcr_ind,objectid,wz_moving,wz_other,wz_shlder_mdn,vehicle_count,automobile_count,motorcycle_count,bus_count,small_truck_count,heavy_truck_count,suv_count,van_count,bicycle_count,maj_inj_count,mod_inj_count,min_inj_count,tot_inj_count,unk_inj_deg_count,unk_inj_per_count,driver_count_16yr,driver_count_17yr,driver_count_18yr,driver_count_19yr,driver_count_20yr,driver_count_50_64yr,driver_count_65_74yr,driver_count_75plus,unbelted_occ_count,unb_death_count,unb_maj_inj_count,belted_death_count,belted_maj_inj_count,mcycle_death_count,mcycle_maj_inj_count,bicycle_death_count,bicycle_maj_inj_count,ped_count,ped_death_count,ped_maj_inj_count,max_severity_level,comm_veh_count,dec_lat,dec_long,rdwy_surf_type_cd,county_name
 ,25582,2015112255,6,67,67301,2015,10,4,1617,16,1,1,0,1,1, , ,N,0,0,0,3,0,1,2,2,N,N,39 58:58.828,75 05:56.650,1630, ,1619, ,0, ,N, ,0, , , , , ,307280, , , ,2,2,0,0,0,0,0,0,0,0,0,0,1,1,0,0,0,0,0,0,0,0,0,0,0,0,0,0,0,0,0,0,0,0,0,8,0,39.983,-75.0991, , 
 ,25583,2015009166,6,67,67301,2015,1,6,1257,12,1,1,0,1,1, , ,N,0,0,0,3,0,1,2,2,N,N,39 59:05.526,75 05:42.253,1307, ,1257, ,0, ,N, ,0, , , , , ,307287, , , ,2,2,0,0,0,0,0,0,0,0,0,0,1,1,0,0,0,0,0,0,1,0,0,0,0,0,0,0,0,0,0,0,0,0,0,8,0,39.9849,-75.0951, , 
 ,25584,2015056935,6,67,67301,2015,5,7,100,1,3,1,0,1,1, , ,N,0,0,0,3,0,1,3,2,N,N,40 01:30.541,75 07:32.163,109, ,103, ,0, ,N, ,0, , , , , ,307296, , , ,2,1,0,0,0,0,1,0,0,0,0,0,1,1,0,0,0,0,0,0,0,0,0,0,0,0,0,0,0,0,0,0,0,0,0,8,0,40.0252,-75.1256, , 
N,25585,2015061254,6,67,67301,2015,6,3,318,3,3,1,1,7,3,1,4,Y,0,0,0,3,0,1,1,1,N,N,39 58:11.250,75 07:33.661,331,45,323,1,1,1,N, ,0,N,N,N,N,N,307297,N,N,Y,1,1,0,0,0,0,0,0,0,1,0,0,1,0,0,0,0,0,0,0,0,0,0,0,0,0,0,1,0,0,0,0,0,0,0,2,0,39.9698,-75.126, , 
 ,25586,2015078648,6,67,67301,2015,7,4,1050,10,1,1,1,4,1, , ,N,1,3,0,3,0,1,3,2,N,N,40 04:09.219,75 04:46.666,1149, ,1142, ,0, , , ,3, , , , , ,307308, , , ,2,1,0,0,0,1,0,0,0,0,0,1,1,0,0,0,0,0,0,0,0,0,0,1,0,0,0,0,0,0,0,0,0,0,0,4,1,40.0692,-75.0796, , 
U,25587,2015088797,6,67,67301,2015,8,3,1010,10,1,2,1,7,1,8,8,Y,0,0,0,3,0,1,1,2,N,N,40 06:01.200,75 00:32.700,1045,99,1031, ,0, , , ,0, ,U,U,U,U,307317,U,U,U,2,1,0,0,0,0,0,0,0,0,0,1,1,0,0,0,0,0,0,0,0,0,1,0,0,0,0,0,0,0,0,0,0,0,0,4,0,40.1003,-75.0091, , 
 ,25588,2015092966,6,67,67301,2015,8,1,149,1,3,1,0,4,1, , ,N,1,2,0,3,0,0,2,2,N,N,39 57:41.416,75 14:12.594,149, ,149, ,0, ,N, ,3, , , , , ,307319, , , ,2,2,0,0,0,0,0,0,0,0,0,0,0,0,0,0,0,0,0,0,0,0,0,0,0,0,0,0,0,0,0,0,0,0,0,0,0,39.9614,-75.2369, , 
 ,25589,2015045475,6,67,67301,2015,4,7,1754,17,1,1,0,1,1, , ,N,2,3,0,3,0,1,3,2,N,N,40 01:07.309,75 06:05.983,2019, ,1805, ,0, ,N, ,3, , , , , ,307333, , , ,2,2,0,0,0,0,0,0,0,0,0,0,1,1,0,0,0,0,0,0,0,1,0,1,0,0,0,0,0,0,0,0,0,0,0,8,0,40.0187,-75.1017, , 
 ,25590,2015045574,6,67,67301,2015,4,1,2200,22,3,1,0,7,5, , ,N,0,0,0,3,0,1,1,1,N,N,39 57:29.370,75 09:50.738,2225, ,2211,9,9, ,N, ,0,U, , , , ,307334, , , ,1,1,0,0,0,0,0,0,0,0,0,1,1,0,0,0,0,0,0,0,0,0,0,0,0,0,0,0,0,0,0,0,0,0,0,4,0,39.9582,-75.1641, , 
 ,25591,2015040234,6,67,67301,2015,3,6,2123,21,3,1,0,1,1, , ,N,0,0,0,3,0,0,4,4,N,N,39 56:55.190,75 11:07.628,2138, ,2133,2,2,4,N, ,0,N, , , , ,307357, , , ,4,3,0,0,0,0,1,0,0,0,0,0,0,0,0,0,1,0,0,1,0,0,0,0,0,0,0,0,0,0,0,0,0,0,0,0,0,39.9487,-75.1855, , 
 ,25592,2015060719,6,67,67301,2015,5,4,2133,21,3,1,1,5,1, , ,N,0,0,0,3,0,0,2,2,N,N,39 53:55.858,75 10:14.342,2145, ,2133,2,1,2,N, ,0,N, , , , ,307375, , , ,2,2,0,0,0,0,0,0,0,0,0,0,0,0,0,0,0,0,0,0,0,0,0,0,0,0,0,0,0,0,0,0,0,0,0,0,0,39.8988,-75.1707, , 
 ,25593,2015083975,6,67,67301,2015,7,5,2155,21,3,1,0,7,4, , ,N,0,0,0,3,0,1,1,1,N,N,39 59:53.150,75 12:59.180,2155, ,2155, ,0, ,N, ,0, , , , , ,307400, , , ,1,1,0,0,0,0,0,0,0,0,1,0,1,0,0,0,0,0,0,0,0,0,0,0,0,0,0,0,0,0,0,0,0,0,0,3,0,39.9981,-75.2164, , 
 ,25594,2015040850,6,67,67301,2015,3,6,240,2,3,2,1,7,4, , ,N,0,2,0,3,0,1,1,1,N,N,40 00:13.854,75 12:51.950,248, ,246,2,2,6,N, ,3,Y, , , , ,307430, , , ,1,0,0,0,0,0,1,0,0,0,0,0,1,1,0,0,0,0,0,0,0,0,0,0,0,0,0,0,0,0,0,0,0,0,0,8,0,40.0038,-75.2144, , 
 ,25595,2015021982,6,67,67301,2015,1,7,1540,15,1,1,0,6,1, , ,N,0,0,0,3,0,2,3,2,N,N,40 02:15.134,75 11:27.833,1555, ,1549, ,0, ,N, ,0, , , , , ,307440, , , ,2,1,0,0,0,0,1,0,0,0,0,2,2,0,0,0,0,0,0,0,1,0,0,0,0,0,0,0,0,0,0,0,0,0,0,4,0,40.0375,-75.1911, , 
 ,25596,2015028769,6,67,67301,2015,2,4,653,6,1,1,0,8,1, , ,N,1,2,0,3,0,1,2,2,Y,Y,39 57:45.749,75 09:47.159,706, ,655, ,0, ,N, ,3, , , , , ,307448, , , ,1,0,0,0,0,0,1,0,0,0,0,0,1,1,0,0,0,0,0,0,0,0,0,0,0,0,0,0,0,0,0,0,1,0,0,8,0,39.9626,-75.163, , 
 ,25597,2015051940,6,67,67301,2015,5,1,1515,15,1,1,0,3,1, , ,N,0,0,0,3,0,0,3,2,N,N,40 01:58.813,75 12:52.831,1523, ,1518, ,0, ,N, ,0, , , , , ,300713, , , ,2,1,0,0,0,1,0,0,0,0,0,0,0,0,0,0,0,0,0,0,1,1,0,2,0,0,0,0,0,0,0,0,0,0,0,0,1,40.033,-75.2147, , 
 ,25598,2015061844,6,67,67301,2015,5,4,1629,16,1,1,0,4,1, , ,N,1,2,0,3,0,1,2,2,N,N,40 00:02.415,75 05:51.842,1633, ,1631, ,0, ,N, ,3, , , , , ,300723, , , ,2,1,0,0,1,0,0,0,0,0,0,0,1,1,0,0,0,0,0,0,0,0,0,0,0,0,0,0,0,0,0,0,0,0,0,8,0,40.0007,-75.0977, , 
 ,25599,2015061383,6,67,67301,2015,5,7,758,7,1,1,0,4,1, , ,N,1,2,0,3,0,1,4,3,N,N,40 05:07.675,75 02:14.870,803, ,759,1,2,7,N, ,3,Y, , , , ,300772, , , ,3,1,0,0,0,0,2,0,0,0,0,0,1,1,0,0,0,0,0,0,0,1,1,0,0,0,0,0,0,0,0,0,0,0,0,8,0,40.0854,-75.0374, , 
 ,25600,2015012371,6,67,67301,2015,1,2,1522,15,1,2,1,8,1, , ,N,0,0,0,3,0,1,2,2,N, ,39 55:27.240,75 13:38.764,1530, ,1525, ,0, , , ,0, , , , , ,300782, , , ,1,1,0,0,0,0,0,0,0,0,0,1,1,0,0,0,0,0,0,0,0,0,0,0,0,0,0,0,0,0,0,0,1,0,0,4,0,39.9242,-75.2274, , 
 ,25601,2015012411,6,67,67301,2015,1,2,2010,20,3,1,0,8,1, , ,N,1,2,0,3,0,1,2,2,N,N,39 57:24.576,75 11:58.649,2025, ,2021, ,0, ,N, ,3, , , , , ,300783, , , ,1,0,0,0,0,0,0,0,0,0,0,0,1,1,1,0,0,0,0,0,0,0,0,0,0,0,0,0,0,0,0,0,1,0,0,8,0,39.9568,-75.1995, , 
 ,25602,2015020749,6,67,67301,2015,2,2,50,0,3,4,3,7,4, , ,N,1,0,0,3,0,0,1,1,N,N,40 01:28.770,75 03:16.227,55, ,51, ,0, , , ,0, , , , , ,300787, , , ,1,1,0,0,0,0,0,0,0,0,0,0,0,0,1,0,0,0,0,0,0,0,0,0,0,0,0,0,0,0,0,0,0,0,0,9,0,40.0247,-75.0545, , 
 ,25603,2015036591,6,67,67301,2015,3,7,1910,19,3,6,1,1,1, , ,N,1,2,0,3,0,6,7,2,N,N,39 55:18.066,75 14:33.727,1920, ,1918, ,0, ,N, ,3, , , , , ,300799, , , ,2,2,0,0,0,0,0,0,0,0,0,0,6,6,1,0,0,0,0,0,1,0,0,0,0,0,0,0,0,0,0,0,0,0,0,8,0,39.9217,-75.2427, , 
 ,25604,2015049033,6,67,67301,2015,4,2,755,7,1,2,1,1,1, , ,N,0,0,0,3,0,4,6,3,N, ,40 00:31.460,75 04:06.304,800, ,755, ,0, , , ,0, , , , , ,300809, , , ,3,1,0,0,1,0,0,0,0,0,0,0,4,4,0,0,0,0,0,0,0,0,0,0,0,0,0,0,0,0,0,0,0,0,0,8,0,40.0087,-75.0684, , 
 ,25605,2015009315,6,67,67301,2015,1,4,1359,13,1,4,1,4,1, , ,N,1,2,0,3,0,2,3,3,N,N,40 01:24.687,75 08:00.078,1406, ,1400,2,1,1,N, ,3,N, , , , ,300827, , , ,1,1,0,0,0,0,0,0,2,0,0,2,2,0,0,0,0,0,0,0,1,0,0,0,0,0,0,0,0,0,0,0,0,0,0,4,0,40.0235,-75.1334, , 
 ,25606,2015009656,6,67,67301,2015,1,6,1814,18,3,1,0,8,1, , ,N,1,3,0,3,0,1,2,2,N,N,40 02:25.699,75 02:50.737,1820, ,1815, ,0, ,N, ,3, , , , , ,300832, , , ,1,1,0,0,0,0,0,0,0,0,0,0,1,1,0,0,0,0,0,0,0,0,0,0,0,0,0,0,0,0,0,0,1,0,0,8,0,40.0405,-75.0474, , 
 ,25607,2015036601,6,67,67301,2015,3,7,1945,19,3,2,1,1,1, , ,N,0,0,0,3,0,1,5,3,N,N,40 06:01.525,75 01:21.946,1954, ,1952, ,0, ,N, ,0, , , , , ,300854, , , ,3,1,0,0,0,0,1,0,0,0,0,1,1,0,0,0,0,0,0,0,0,0,0,0,0,0,0,0,0,0,0,0,0,0,0,4,0,40.1004,-75.0228, , 
 ,25608,2015051428,6,67,67301,2015,4,4,1903,19,1,1,0,4,1, , ,N,2,3,0,3,0,1,2,2,N,N,39 59:04.290,75 09:19.234,1904, ,1903,3,2,7,N, ,3,Y, , , , ,300880, , , ,1,1,0,0,0,0,0,0,1,1,0,0,1,0,0,0,0,0,0,0,0,0,0,0,0,0,0,0,0,0,0,1,0,0,0,2,0,39.9845,-75.1553, , 
 ,25609,2015056946,6,67,67301,2015,5,3,700,7,1,1,0,4,1, , ,N,1,3,0,3,0,1,2,2,N,Y,40 02:27.956,75 08:31.268,710, ,710, ,0, , , ,3, , , , , ,300889, , , ,2,1,0,0,0,0,1,0,0,0,1,0,1,0,1,0,0,0,0,0,0,1,0,0,0,0,0,0,0,0,0,0,0,0,0,3,0,40.0411,-75.142, , 
 ,25610,2015084472,6,67,67301,2015,7,3,940,9,1,1,0,4,1, , ,N,1,2,0,3,0,0,2,2,N,N,39 55:54.237,75 10:04.883,954, ,944, ,0, ,N, ,3, , , , , ,300911, , , ,2,2,0,0,0,0,0,0,0,0,0,0,0,0,0,0,0,0,0,0,1,0,0,0,0,0,0,0,0,0,0,0,0,0,0,0,0,39.9317,-75.168, , 
 ,25611,2015025239,6,67,67301,2015,2,7,2053,20,3,4,3,7,2, , ,N,0,0,0,3,0,1,1,1,N,N,39 55:28.957,75 08:50.298,2102, ,2053,1,1,2,N, ,0,N, , , , ,300938, , , ,1,1,0,0,0,0,0,0,0,0,0,1,1,0,0,0,0,0,0,0,0,0,0,0,0,0,0,0,0,0,0,0,0,0,0,4,0,39.9247,-75.1473, , 
 ,25612,2015035157,6,67,67301,2015,3,1,10,0,3,1,0,1,1, , ,N,1,2,0,3,0,0,4,2,N, ,39 58:57.511,75 11:18.156,45, ,36,9,1,1, , ,3,N, , , , ,300952, , , ,2,2,0,0,0,0,0,0,0,0,0,0,0,0,0,0,0,0,0,0,0,0,0,1,0,0,0,0,0,0,0,0,0,0,0,0,0,39.9828,-75.1883, , 
 ,25613,2015047615,6,67,67301,2015,4,2,1256,12,1,1,0,4,1, , ,N,1,2,0,3,0,1,3,2,N,N,40 02:40.890,75 03:16.537,1310, ,1305,2,1,2,N, ,3,N, , , , ,300958, , , ,2,1,0,0,0,0,1,0,0,0,0,1,1,0,0,0,0,1,0,0,1,0,0,0,0,0,0,0,0,0,0,0,0,0,0,4,0,40.0446,-75.0547, , 
 ,25614,2015004985,6,67,67301,2015,1,2,1008,10,1,2,1,4,1, , ,N,1,2,0,3,0,2,3,2,N,N,39 59:27.441,75 10:47.643,1020, ,1013,3,2,7,N, ,3,Y, , , , ,300970, , , ,2,1,0,0,0,1,0,0,0,0,0,0,2,2,0,0,0,0,0,0,0,0,0,0,0,0,0,0,0,0,0,0,0,0,0,8,1,39.991,-75.1799, , 
 ,25615,2015051914,6,67,67301,2015,4,4,1817,18,1,1,0,4,1, , ,N,1,3,0,3,0,0,3,2,N,N,39 54:52.106,75 10:24.815,1830, ,1821, ,0, ,N, ,3, , , , , ,304057, , , ,2,1,0,0,0,0,1,0,0,0,0,0,0,0,0,0,0,0,0,0,0,0,0,0,0,0,0,0,0,0,0,0,0,0,0,0,0,39.9145,-75.1736, , 
Y,25616,2015063003,6,67,67301,2015,6,3,310,3,3,2,1,7,2,1,4,Y,0,0,0,3,0,0,1,1,N,N,40 01:15.097,75 02:30.864,324,45,312,1,2,1,Y, ,0,Y,N,N,N,N,304058,N,N,Y,1,1,0,0,0,0,0,0,0,0,0,0,0,0,0,0,0,0,0,0,0,0,0,0,0,0,0,0,0,0,0,0,0,0,0,0,0,40.0209,-75.0419, , 
 ,25617,2015070619,6,67,67301,2015,6,7,915,9,1,1,0,7,4, , ,N,0,0,0,3,0,0,1,1,N,N,40 02:06.168,75 14:05.209,920, ,915, ,0, ,N, ,0, , , , , ,304062, , , ,1,0,0,0,0,1,0,0,0,0,0,0,0,0,0,0,0,0,0,0,0,0,0,0,0,0,0,0,0,0,0,0,0,0,0,0,1,40.035,-75.2348, , 
 ,25618,2015077824,6,67,67301,2015,7,4,1135,11,1,1,0,4,1, , ,N,3,3,0,3,0,1,2,2,N,N,39 55:33.279,75 10:05.293,1139, ,1138, ,0, ,N, ,3, , , , , ,304073, , , ,1,0,0,0,0,0,1,0,1,0,0,1,1,0,0,0,0,0,0,0,0,0,0,0,0,0,0,0,0,0,0,0,0,0,0,4,0,39.9259,-75.1681, , 
 ,25619,2015090447,6,67,67301,2015,8,3,1028,10,1,1,0,7,3, , ,N,0,0,0,3,0,0,1,1,N,N,39 54:08.581,75 09:04.371,1033, ,1033,1,1,2,N, ,0,N, , , , ,304082, , , ,1,0,0,0,0,0,1,0,0,0,0,0,0,0,0,0,0,0,0,0,0,0,0,0,0,0,0,0,0,0,0,0,0,0,0,0,0,39.9024,-75.1512, , 
 ,25620,2015103418,6,67,67301,2015,9,7,1900,19,3,8,0,4,1, , ,N,1,2,0,3,0,1,2,2,N,N,40 00:27.560,75 09:05.322,2013, ,2011, ,0, ,N, ,3, , , , , ,304094, , , ,1,1,0,0,0,0,0,0,1,0,0,0,1,1,1,0,0,0,0,0,0,0,0,0,0,0,0,0,0,0,0,0,0,0,0,8,0,40.0077,-75.1515, , 
 ,25621,2015015599,6,67,67301,2015,1,5,1835,18,3,1,0,4,1, , ,N,1,2,0,3,0,1,2,2,N, ,39 57:22.453,75 11:38.974,1845, ,1845, ,0, , , ,3, , , , , ,304107, , , ,1,0,0,0,1,0,0,0,1,0,0,1,1,0,0,0,0,0,0,0,0,0,0,0,0,0,0,0,0,0,0,0,0,0,0,4,0,39.9562,-75.1941, , 
 ,25622,2015017951,6,67,67301,2015,2,3,1610,16,1,1,0,4,1, , ,N,1,2,0,3,0,0,2,2,N,N,39 58:50.962,75 09:01.180,1615, ,1615, ,0, ,N, ,3, , , , , ,304108, , , ,2,1,0,0,0,0,1,0,0,0,0,0,0,0,0,0,0,0,0,0,0,0,0,0,0,0,0,0,0,0,0,0,0,0,0,0,0,39.9808,-75.1503, , 
 ,25623,2015028760,6,67,67301,2015,2,7,1353,13,1,4,3,7,4, , ,N,0,0,0,3,0,2,3,1,N,N,39 58:43.542,75 12:24.202,1410, ,1402, ,0, ,N, ,0, , , , , ,304120, , , ,1,1,0,0,0,0,0,0,0,0,0,0,2,2,0,0,0,0,0,0,1,0,0,0,0,0,0,0,0,0,0,0,0,0,0,8,0,39.9788,-75.2067, , 
 ,25624,2015031180,6,67,67301,2015,2,3,2310,23,3,1,0,5,1, , ,N,0,0,0,3,0,0,2,2,N,N,39 58:02.360,75 07:56.999,2326, ,2312,2,2,1,N, ,0,N, , , , ,304123, , , ,2,0,0,0,0,0,1,1,0,0,0,0,0,0,0,0,0,0,0,0,0,0,0,0,0,0,0,0,0,0,0,0,0,0,0,0,0,39.9673,-75.1325, , 
 ,25625,2015051497,6,67,67301,2015,5,1,1517,15,1,1,0,1,1, , ,N,0,0,3,3,0,1,5,2,N,N,40 00:42.287,75 12:18.563,1517, ,1517, ,0, ,N, ,0, , , , , ,304143, , , ,2,1,0,0,0,0,1,0,0,0,0,0,1,1,0,0,0,0,1,0,0,0,0,0,0,0,0,0,0,0,0,0,0,0,0,8,0,40.0117,-75.2052, , 
 ,25626,2015063927,6,67,67301,2015,6,1,215,2,3,1,0,5,6, , ,N,0,0,0,3,0,0,1,5,N,N,40 01:15.092,75 07:34.714,217, ,216, ,0, , , ,0, , , , , ,304156, , , ,5,5,0,0,0,0,0,0,0,0,0,0,0,0,1,0,0,0,0,0,0,0,0,0,0,0,0,0,0,0,0,0,0,0,0,9,0,40.0209,-75.1263, , 
 ,25627,2015063960,6,67,67301,2015,5,1,555,5,5,1,0,6,6, , ,N,0,0,0,3,0,1,1,2,N,N,39 57:55.791,75 13:54.951,605, ,555, ,0, ,N, ,0, , , , , ,304157, , , ,2,1,0,0,0,0,0,0,0,0,0,0,1,1,0,0,0,0,0,0,0,0,0,0,0,0,0,0,0,0,0,0,0,0,0,8,0,39.9655,-75.2319, , 
 ,25628,2015063970,6,67,67301,2015,5,4,724,7,1,1,0,8,1, , ,N,1,2,0,3,0,1,2,2,N,N,39 56:59.870,75 14:06.658,735, ,733, ,0, ,N, ,3, , , , , ,304158, , , ,1,0,0,0,0,0,0,1,1,0,0,1,1,0,0,0,0,0,0,0,0,0,0,0,0,0,0,0,0,0,0,0,0,0,0,4,0,39.95,-75.2352, , 
 ,25629,2015066205,6,67,67301,2015,6,7,5,0,3,1,0,4,1, , ,N,1,3,0,3,0,1,2,2,N,N,39 56:36.621,75 14:06.917,225, ,220, ,0, ,N, ,3, , , , , ,304162, , , ,2,2,0,0,0,0,0,0,0,0,0,0,1,1,0,0,0,0,0,0,0,0,0,0,0,0,0,0,0,0,0,0,0,0,0,8,0,39.9435,-75.2353, , 
 ,25630,2015084405,6,67,67301,2015,7,4,2040,20,3,1,0,1,1, , ,N,0,0,0,3,0,0,2,2,N, ,39 56:55.395,75 11:22.376,2050, ,2045, ,0, , , ,0, , , , , ,304180, , , ,2,2,0,0,0,0,0,0,0,0,0,0,0,0,0,0,0,0,0,0,0,0,0,0,0,0,0,0,0,0,0,0,0,0,0,0,0,39.9487,-75.1895, , 
 ,25631,2015088725,6,67,67301,2015,8,6,1626,16,1,1,0,8,1, , ,N,1,0,0,3,0,1,2,2,N,N,39 59:05.614,75 09:47.123,1629, ,1628, ,0, ,N, ,0, , , , , ,304186, , , ,1,0,0,0,1,0,0,0,0,1,0,0,1,0,0,0,0,0,0,0,0,0,0,0,0,0,0,0,0,0,0,0,1,0,1,2,0,39.9849,-75.1631, , 
 ,25632,2015095692,6,67,67301,2015,9,5,1738,17,1,1,0,1,1, , ,N,4,0,0,3,0,1,4,2,Y, ,40 01:04.924,75 05:49.177,1745, ,1738,1,1,1, , ,0,N, , , , ,304195, , , ,2,1,0,1,0,0,0,0,0,0,0,1,1,0,0,0,0,0,0,0,0,0,0,0,0,0,0,0,0,0,0,0,0,0,0,4,1,40.018,-75.097, , 
 ,25633,2015049579,6,67,67301,2015,4,7,648,6,1,1,0,4,1, , ,N,1,2,0,3,0,1,3,2,N, ,40 06:16.480,75 00:08.268,708, ,703,1,1,2, , ,3,N, , , , ,304198, , , ,2,1,0,0,0,1,0,0,0,0,0,1,1,0,0,0,0,0,0,0,1,0,0,1,0,0,0,0,0,0,0,0,0,0,0,4,1,40.1044,-75.0021, , 
 ,25634,2015010684,6,67,67301,2015,1,1,2325,23,3,1,1,7,4, , ,N,0,0,0,3,0,0,1,1,N,N,40 02:36.661,75 01:12.917,2340, ,2331,2,2,1,N, ,0,N, , , , ,309894, , , ,1,1,0,0,0,0,0,0,0,0,0,0,0,0,0,0,0,0,0,0,0,0,0,0,0,0,0,0,0,0,0,0,0,0,0,0,0,40.0435,-75.0203, , 
 ,25635,2015010691,6,67,67301,2015,1,5,300,3,6,1,0,8,1, , ,N,0,0,0,3,0,1,2,2,N,N,39 55:55.070,75 13:58.930,1120, ,1115, ,0, ,N, ,0, , , , , ,309895, , , ,1,1,0,0,0,0,0,0,0,0,1,0,1,0,1,0,0,0,0,0,0,0,0,0,0,0,0,0,0,0,0,0,1,0,0,3,0,39.932,-75.233, , 
 ,25636,2015020687,6,67,67301,2015,2,1,229,2,3,1,0,7,5, , ,N,0,0,0,3,0,0,3,1,N,N,39 57:12.722,75 11:41.218,229, ,229, ,0, , , ,0, , , , , ,309905, , , ,1,1,0,0,0,0,0,0,0,0,0,0,0,0,0,0,1,0,0,0,0,0,0,0,0,0,0,0,0,0,0,0,0,0,0,0,0,39.9535,-75.1948, , 
 ,25637,2015020716,6,67,67301,2015,1,1,736,7,1,3,5,7,4, , ,N,0,0,0,3,0,1,3,3,N,N,39 57:17.906,75 11:02.479,736, ,736,3,1,4,N, ,0,N, , , , ,309906, , , ,2,1,0,0,0,0,1,0,0,0,1,0,1,0,0,0,0,0,0,0,0,1,0,0,0,0,0,0,0,0,0,0,1,0,0,3,0,39.955,-75.184, , 
 ,25638,2015036595,6,67,67301,2015,3,5,238,2,3,2,0,4,1, , ,N,1,3,0,3,0,0,3,2,N, ,39 57:09.824,75 14:11.972,245, ,240,3,2,5, , ,3,Y, , , , ,309920, , , ,2,1,0,0,0,0,1,0,0,0,0,0,0,0,1,0,0,0,0,1,0,0,0,0,0,0,0,0,0,0,0,0,0,0,0,9,0,39.9527,-75.2367, , 
 ,25639,2015047621,6,67,67301,2015,4,2,2000,20,1,1,0,4,1, , ,N,1,2,0,3,0,0,3,2,N, ,40 02:34.512,75 10:19.919,2030, ,2000, ,0, , , ,3, , , , , ,309929, , , ,2,1,0,0,0,0,0,0,0,0,0,0,0,0,1,0,0,0,0,0,1,0,0,0,0,0,0,0,0,0,0,0,0,0,0,9,0,40.0429,-75.1722, , 
 ,25640,2015067261,6,67,67301,2015,6,6,1522,15,1,1,0,1,1, , ,N,0,0,0,3,0,0,4,3,N,N,39 57:25.535,75 09:24.098,1554, ,1536,1,2,3,N, ,0,N, , , , ,309940, , , ,3,2,0,0,0,1,0,0,0,0,0,0,0,0,0,0,0,0,0,1,0,0,0,0,0,0,0,0,0,0,0,0,0,0,0,0,1,39.9571,-75.1567, , 
 ,25641,2015074578,6,67,67301,2015,5,4,1440,14,1,1,0,4,1, , ,N,1,3,0,3,0,2,3,2,N, ,40 03:31.504,75 03:02.099,1520, ,1513, ,0, , , ,3, , , , , ,309945, , , ,2,1,0,0,0,0,0,1,0,0,0,0,2,2,1,0,0,0,0,0,1,0,0,0,0,0,0,0,0,0,0,0,0,0,0,8,0,40.0588,-75.0506, , 
 ,25642,2015074580,6,67,67301,2015,6,5,2310,23,3,1,0,4,1, , ,N,2,3,0,3,0,1,3,2,N,N,40 02:19.690,75 04:09.821,2335, ,2335, ,0, ,N, ,3, , , , , ,309946, , , ,2,2,0,0,0,0,0,0,0,0,0,1,1,0,0,0,0,1,0,0,0,0,0,0,0,0,0,0,0,0,0,0,0,0,0,4,0,40.0388,-75.0694, , 
 ,25643,2015019965,6,67,67301,2015,2,2,715,7,1,1,1,1,1, , ,N,0,0,0,3,0,0,2,2,N,N,40 02:11.284,75 00:56.225,738, ,715, ,0, ,N, ,0, , , , , ,309999, , , ,2,1,0,0,1,0,0,0,0,0,0,0,0,0,0,0,0,0,0,0,1,0,0,0,0,0,0,0,0,0,0,0,0,0,0,0,0,40.0365,-75.0156, , 
 ,25644,2015020796,6,67,67301,2015,1,2,758,7,1,1,6,2,1, , ,N,0,0,0,3,0,0,2,2,N,N,40 06:11.112,74 57:48.814,840, ,831, ,0, ,N, ,0, , , , , ,310000, , , ,2,0,0,0,0,0,1,1,0,0,0,0,0,0,0,0,0,0,0,0,1,0,0,0,0,0,0,0,0,0,0,0,0,0,0,0,0,40.1031,-74.9636, , 
 ,25645,2015021932,6,67,67301,2015,2,5,1538,15,1,1,0,1,1, , ,N,1,2,0,3,0,1,10,3,Y,N,39 58:08.310,75 13:01.329,1605, ,1601, ,0, ,N, ,3, , , , , ,310002, , , ,3,1,0,0,1,0,1,0,0,0,0,1,1,0,0,0,0,0,0,0,0,1,0,0,0,0,0,0,0,0,0,0,0,0,0,4,0,39.969,-75.217, , 
 ,25646,2015073263,6,67,67301,2015,7,4,1805,18,1,1,0,4,1, , ,N,5,2,0,3,0,1,3,2,N,N,39 59:15.093,75 10:42.149,1823, ,1815, ,0, ,N, ,3, , , , , ,310029, , , ,2,1,1,0,0,0,0,0,0,0,0,1,1,0,2,0,0,0,1,0,0,0,0,0,0,0,0,0,0,0,0,0,0,0,0,4,0,39.9875,-75.1784, , 
 ,25647,2015078642,6,67,67301,2015,7,4,1400,14,1,1,0,4,1, , ,N,0,0,0,3,0,1,2,2,N, ,39 53:08.619,75 13:08.869,1545, ,1402, ,0, , , ,0, , , , , ,310031, , , ,2,1,0,0,1,0,0,0,0,0,0,0,1,1,0,0,0,0,0,0,0,0,0,0,0,0,0,0,0,0,0,0,0,0,0,8,0,39.8857,-75.2191, , 