wz_ln_closure,objectid_1,crn,district,county,municipality,crash_year,crash_month,day_of_week,time_of_day,hour_of_day,illumination,weather,road_condition,collision_type,relation_to_road,work_zone_type,work_zone_loc,work_zone_ind,intersect_type,tcd_type,location_type,urban_rural,fatal_count,injury_count,person_count,total_units,sch_bus_ind,sch_zone_ind,latitude,longitude,arrival_tm,cons_zone_spd_lim,dispatch_tm,est_hrs_closed,lane_closed,ln_close_dir,ntfy_hiwy_maint,spec_juris_cd,tcd_func_cd,tfc_detour_ind,workers_pres,wz_close_detour,wz_flagger,wz_law_offcr_ind,objectid,wz_moving,wz_other,wz_shlder_mdn,vehicle_count,automobile_count,motorcycle_count,bus_count,small_truck_count,heavy_truck_count,suv_count,van_count,bicycle_count,maj_inj_count,mod_inj_count,min_inj_count,tot_inj_count,unk_inj_deg_count,unk_inj_per_count,driver_count_16yr,driver_count_17yr,driver_count_18yr,driver_count_19yr,driver_count_20yr,driver_count_50_64yr,driver_count_65_74yr,driver_count_75plus,unbelted_occ_count,unb_death_count,unb_maj_inj_count,belted_death_count,belted_maj_inj_count,mcycle_death_count,mcycle_maj_inj_count,bicycle_death_count,bicycle_maj_inj_count,ped_count,ped_death_count,ped_maj_inj_count,max_severity_level,comm_veh_count,dec_lat,dec_long,rdwy_surf_type_cd,county_name
 ,25648,2015066290,6,67,67301,2015,6,7,26,0,3,1,0,1,1, , ,N,0,0,0,3,0,0,2,2,N, ,40 00:54.431,75 10:38.764,50, ,46, ,0, , , ,0, , , , , ,310040, , , ,2,1,0,0,0,0,0,1,0,0,0,0,0,0,0,0,0,0,1,0,0,0,0,0,0,0,0,0,0,0,0,0,0,0,0,0,0,40.0151,-75.1774, , 
 ,25649,2015067418,6,67,67301,2015,5,1,2330,23,3,1,0,5,6, , ,N,0,0,0,3,0,0,1,6,N,N,39 59:40.054,75 07:20.430,5, ,2354, ,0, ,N, ,0, , , , , ,310041, , , ,6,4,0,0,0,0,0,2,0,0,0,0,0,0,0,0,0,0,0,0,0,0,0,0,0,0,0,0,0,0,0,0,0,0,0,0,0,39.9945,-75.1223, , 
 ,25650,2015073261,6,67,67301,2015,6,2,1321,13,1,1,0,4,1, , ,N,0,0,7,3,0,1,5,2,N,N,39 58:47.685,75 16:08.586,1329, ,1321, ,0, ,N, ,0, , , , , ,310048, , , ,2,1,0,0,1,0,0,0,0,0,0,1,1,0,0,0,0,0,0,0,0,0,0,0,0,0,0,0,0,0,0,0,0,0,0,4,0,39.9799,-75.2691, , 
 ,25651,2015066151,6,67,67301,2015,6,6,2250,22,3,1,0,1,1, , ,N,0,0,0,3,0,1,2,2,N,N,39 57:46.990,75 08:27.027,143, ,147,3,2,2,N, ,0,N, , , , ,310086, , , ,2,2,0,0,0,0,0,0,0,0,0,0,1,1,0,0,0,0,0,0,1,0,0,0,0,0,0,0,0,0,0,0,0,0,0,8,0,39.9631,-75.1408, , 
 ,25652,2015084036,6,67,67301,2015,8,4,1533,15,1,1,0,7,3, , ,N,0,0,0,3,0,0,1,1,N,N,39 54:39.294,75 08:56.496,1600, ,1558,1,1,2,N, ,0,N, , , , ,310098, , , ,1,0,0,0,0,0,1,0,0,0,0,0,0,0,0,0,0,0,0,0,0,0,0,0,0,0,0,0,0,0,0,0,0,0,0,0,0,39.9109,-75.149, , 
 ,25653,2015038587,6,67,67301,2015,3,6,1225,12,1,4,3,4,1, , ,N,1,2,0,3,0,1,2,2,N,N,40 02:44.703,75 04:05.879,1234, ,1226, ,0, , , ,3, , , , , ,307460, , , ,2,1,0,0,0,0,1,0,0,0,0,1,1,0,0,0,0,0,0,0,0,0,0,0,0,0,0,0,0,0,0,0,0,0,0,4,0,40.0458,-75.0683, , 
 ,25654,2015085225,6,67,67301,2015,8,2,500,5,5,1,0,8,1, , ,N,1,2,0,3,0,1,2,2,N,N,39 57:22.704,75 09:46.009,530, ,525, ,0, ,N, ,3, , , , , ,307499, , , ,1,1,0,0,0,0,0,0,0,0,0,0,1,1,0,0,0,0,0,0,0,0,0,0,0,0,0,0,0,0,0,0,1,0,0,8,0,39.9562,-75.1627, , 
 ,25655,2015086217,6,67,67301,2015,8,4,1357,13,1,1,0,4,1, , ,N,2,0,0,3,0,1,2,2,N,N,40 01:55.629,75 12:27.966,1405, ,1359, ,0, , , ,0, , , , , ,307501, , , ,2,0,1,0,0,0,1,0,0,0,1,0,1,0,0,0,0,0,0,0,2,0,0,0,0,0,0,0,0,0,0,0,0,0,0,3,0,40.0321,-75.2078, , 
 ,25656,2015087474,6,67,67301,2015,5,1,1650,16,1,1,0,1,1, , ,N,1,2,0,3,0,4,5,2,N,N,39 58:52.612,75 11:19.251,0, ,0, ,0, ,N, ,3, , , , , ,307503, , , ,2,2,0,0,0,0,0,0,0,0,2,1,4,1,0,0,0,0,0,0,0,0,0,0,0,0,0,0,0,0,0,0,0,0,0,3,0,39.9814,-75.1887, , 
 ,25657,2015088788,6,67,67301,2015,8,7,1157,11,1,1,0,6,6, , ,N,0,0,0,3,0,1,1,2,N,N,40 02:37.115,75 09:12.534,1319, ,1307, ,0, ,N, ,0, , , , , ,307507, , , ,2,2,0,0,0,0,0,0,0,0,0,0,1,1,0,0,0,0,0,0,0,0,0,0,0,0,0,0,0,0,0,0,0,0,0,8,0,40.0436,-75.1535, , 
 ,25658,2015091137,6,67,67301,2015,8,5,1400,14,1,1,0,1,1, , ,N,5,2,0,3,0,3,6,2,N,N,39 54:19.501,75 10:24.816,1934, ,1934, ,0, ,N, ,3, , , , , ,307509, , , ,2,1,0,0,0,0,0,1,0,0,0,3,3,0,2,0,0,0,0,0,0,0,0,0,0,0,0,0,0,0,0,0,0,0,0,4,0,39.9054,-75.1736, , 
 ,25659,2015095735,6,67,67301,2015,8,2,933,9,1,1,0,8,1, , ,N,1,2,0,3,0,1,2,2,N, ,39 59:37.172,75 09:08.597,941, ,939, ,0, , , ,3, , , , , ,307514, , , ,1,0,0,0,1,0,0,0,0,0,1,0,1,0,0,0,0,0,0,0,1,0,0,0,0,0,0,0,0,0,0,0,1,0,0,3,0,39.9937,-75.1523, , 
 ,25660,2015095790,6,67,67301,2015,9,1,351,3,3,1,0,1,6, , ,N,0,3,0,3,0,1,1,2,N,N,40 02:45.869,75 11:08.237,9999, ,9999, ,0, ,N, ,3, , , , , ,307515, , , ,2,0,0,0,0,0,2,0,0,0,0,0,1,1,0,0,0,0,0,0,0,0,0,0,0,0,0,0,0,0,0,0,0,0,0,8,0,40.0461,-75.1856, , 
 ,25661,2015098959,6,67,67301,2015,9,4,1345,13,1,1,0,4,1, , ,N,1,2,0,3,0,2,5,2,N, ,40 05:40.346,75 00:54.155,1352, ,1347, ,0, , , ,3, , , , , ,307519, , , ,2,1,0,0,0,0,1,0,0,0,0,2,2,0,0,0,0,0,1,0,1,0,0,4,0,0,0,0,0,0,0,0,0,0,0,4,0,40.0946,-75.0152, , 
 ,25662,2015018956,6,67,67301,2015,1,1,1359,13,1,2,1,7,4, , ,N,0,0,0,3,0,1,1,1,N,N,40 03:09.041,75 05:12.231,1406, ,1404, ,0, , , ,0, , , , , ,307537, , , ,1,0,0,0,0,0,1,0,0,0,0,1,1,0,0,0,0,0,0,0,0,0,0,0,0,0,0,0,0,0,0,0,0,0,0,4,0,40.0525,-75.0867, , 
 ,25663,2015035147,6,67,67301,2015,2,6,9999,99,1,1,0,4,1, , ,N,1,3,0,3,0,1,2,2,N, ,39 58:16.348,75 10:03.719,1805, ,1759, ,0, , , ,3, , , , , ,307552, , , ,2,0,0,0,1,0,0,0,0,0,0,0,1,1,0,0,0,0,0,0,1,0,0,0,0,0,0,0,0,0,0,0,0,0,0,8,0,39.9712,-75.1677, , 
 ,25664,2015036696,6,67,67301,2015,3,2,318,3,3,1,0,1,6, , ,N,0,0,0,3,0,0,1,3,N, ,40 02:20.154,75 13:24.300,320, ,320, ,0, , , ,0, , , , , ,307553, , , ,3,2,0,0,0,0,1,0,0,0,0,0,0,0,0,0,0,0,0,0,0,0,0,0,0,0,0,0,0,0,0,0,0,0,0,0,0,40.0389,-75.2234, , 
 ,25665,2015061707,6,67,67301,2015,2,1,1539,15,1,1,0,6,1, , ,N,1,2,0,3,0,1,2,2,N,N,39 58:32.031,75 11:26.773,1539, ,1624, ,0, ,N, ,3, , , , , ,307569, , , ,2,1,0,0,0,0,1,0,0,0,0,0,1,1,0,0,0,0,0,0,2,0,0,0,0,0,0,0,0,0,0,0,0,0,0,8,0,39.9754,-75.1908, , 
 ,25666,2015056456,6,67,67301,2015,5,3,2300,23,3,1,0,5,1, , ,N,0,0,0,3,0,1,2,2,N,N,39 55:17.529,75 09:42.400,100, ,2348, ,0, , , ,0, , , , , ,307580, , , ,1,0,0,0,0,0,0,0,1,0,0,1,1,0,0,0,0,0,0,0,0,0,0,0,0,0,0,0,0,0,0,0,0,0,0,4,0,39.9215,-75.1618, , 
 ,25667,2015081056,6,67,67301,2015,7,2,1145,11,1,1,0,7,2, , ,N,1,2,0,3,0,0,1,1,N, ,39 57:30.637,75 09:56.095,1150, ,1148, ,0, , , ,3, , , , , ,307601, , , ,1,0,0,0,0,0,1,0,0,0,0,0,0,0,0,0,0,0,0,0,0,0,0,0,0,0,0,0,0,0,0,0,0,0,0,0,0,39.9585,-75.1656, , 
 ,25668,2015085235,6,67,67301,2015,8,7,1800,18,1,1,0,0,1, , ,N,0,0,0,3,0,2,2,1,N,N,40 06:19.423,75 00:02.808,1817, ,1815,1,2,2,N, ,0,N, , , , ,307605, , , ,1,0,1,0,0,0,0,0,0,0,2,0,2,0,0,0,0,0,0,0,0,0,0,0,0,0,0,0,0,0,0,0,0,0,0,3,0,40.1054,-75.0008, , 
 ,25669,2015091083,6,67,67301,2015,8,7,10,0,2,1,0,7,4, , ,N,0,0,0,3,0,0,1,1,N,N,39 58:09.242,75 15:48.992,31, ,18, ,0, , , ,0, , , , , ,307612, , , ,1,0,0,0,0,0,1,0,0,0,0,0,0,0,0,0,0,0,0,0,0,0,0,0,0,0,0,0,0,0,0,0,0,0,0,0,0,39.9692,-75.2636, , 
 ,25670,2015092909,6,67,67301,2015,8,3,915,9,1,1,0,4,1, , ,N,1,2,0,3,0,0,2,2,N,N,39 56:58.016,75 09:31.701,915, ,915, ,0, ,N, ,3, , , , , ,307614, , , ,2,2,0,0,0,0,0,0,0,0,0,0,0,0,0,0,0,0,1,0,0,0,0,0,0,0,0,0,0,0,0,0,0,0,0,0,0,39.9494,-75.1588, , 
 ,25671,2015061769,6,67,67301,2015,5,5,324,3,3,1,0,1,6, , ,N,0,0,0,3,0,0,2,2,N,N,39 59:52.414,75 07:28.559,328, ,324, ,0, ,N, ,0, , , , , ,307637, , , ,2,1,0,0,0,1,0,0,0,0,0,0,0,0,0,0,0,0,0,0,0,0,0,0,0,0,0,0,0,0,0,0,0,0,0,0,1,39.9979,-75.1246, , 
 ,25672,2015069681,6,67,67301,2015,6,7,2354,23,3,1,0,7,4, , ,N,0,0,0,3,0,1,4,1,N,N,40 02:03.238,75 13:12.126,2355, ,2355,9,2,6,N, ,0,Y, , , , ,300975, , , ,1,0,0,0,1,0,0,0,0,0,0,0,1,1,0,0,0,0,0,0,0,0,0,0,0,0,0,0,0,0,0,0,0,0,0,8,0,40.0342,-75.22, , 
 ,25673,2015070636,6,67,67301,2015,6,2,2205,22,3,1,0,5,1, , ,N,0,0,0,3,1,0,2,2,N,N,40 00:22.957,75 07:01.004,2230, ,2227, ,0, ,N,0,0, , , , , ,300976, , , ,1,0,0,0,1,0,0,0,1,0,0,0,0,0,0,0,0,0,0,0,0,0,0,0,0,0,0,0,0,0,1,0,0,0,0,1,0,40.0064,-75.1169,2, 
 ,25674,2015112138,6,67,67301,2015,9,6,1625,16,1,1,0,4,1, , ,N,1,2,7,3,0,0,4,2,N,N,40 05:17.134,74 57:56.246,1635, ,1629, ,0, ,N, ,1, , , , , ,301014, , , ,2,2,0,0,0,0,0,0,0,0,0,0,0,0,0,0,0,0,1,0,1,0,0,0,0,0,0,0,0,0,0,0,0,0,0,0,0,40.0881,-74.9656, , 
 ,25675,2015056679,6,67,67301,2015,5,1,108,1,3,1,0,1,1, , ,N,0,0,0,3,0,0,1,2,N,N,39 57:35.352,75 10:51.394,120, ,111,2,1,4,N, ,0,N, , , , ,301022, , , ,2,2,0,0,0,0,0,0,0,0,0,0,0,0,0,0,0,0,0,0,0,0,0,0,0,0,0,0,0,0,0,0,0,0,0,0,0,39.9598,-75.1809, , 
 ,25676,2015061929,6,67,67301,2015,5,5,752,7,1,1,0,6,1, , ,N,0,0,0,3,0,1,2,2,N,N,40 01:29.275,75 08:52.266,800, ,755, ,0, ,N, ,0, , , , , ,301028, , , ,2,2,0,0,0,0,0,0,0,0,0,0,1,1,0,0,0,0,0,0,1,0,0,0,0,0,0,0,0,0,0,0,0,0,0,8,0,40.0248,-75.1479, , 
 ,25677,2015065450,6,67,67301,2015,6,5,2350,23,3,2,1,4,1, , ,N,1,2,0,3,0,1,2,2,N,N,39 58:14.458,75 13:57.305,2353, ,2350, ,0, ,N, ,3, , , , , ,301032, , , ,2,1,0,0,1,0,0,0,0,0,0,1,1,0,0,0,0,0,0,0,0,0,0,1,0,0,0,0,0,0,0,0,0,0,0,4,0,39.9707,-75.2326, , 
 ,25678,2015082623,6,67,67301,2015,7,6,1510,15,1,1,0,5,1, , ,N,0,0,0,3,0,1,1,4,N,N,40 05:03.443,75 02:06.001,1519, ,1513,9,1,4,N, ,0,N, , , , ,301050, , , ,4,1,0,0,0,0,3,0,0,0,0,1,1,0,0,0,0,0,0,0,0,0,0,1,0,0,0,0,0,0,0,0,0,0,0,4,0,40.0843,-75.035, , 
 ,25679,2015083964,6,67,67301,2015,7,7,1725,17,1,1,0,7,3, , ,N,0,0,0,3,0,2,4,3,N,N,39 57:36.781,75 10:50.191,1753, ,1727,2,1,4,N, ,0,N, , , , ,301052, , , ,3,1,0,0,1,1,0,0,0,0,0,1,2,1,0,0,0,0,0,0,0,0,0,0,0,0,0,0,0,0,0,0,0,0,0,4,1,39.9602,-75.1806, , 
 ,25680,2015016266,6,67,67301,2015,2,4,808,8,1,1,0,7,2, , ,N,0,0,0,3,0,1,1,1,N,N,39 53:23.269,75 14:25.366,808, ,808,2,1,2,N, ,0,N, , , , ,301076, , , ,1,0,0,0,0,0,1,0,0,0,0,1,1,0,0,0,0,0,0,0,0,0,0,0,0,0,0,0,0,0,0,0,0,0,0,4,0,39.8898,-75.2404, , 
 ,25681,2015018969,6,67,67301,2015,1,3,1405,14,1,1,1,6,1, , ,N,1,2,0,3,0,0,4,3,N,Y,40 02:20.299,75 09:00.122,1412, ,1410, ,0, ,N, ,3, , , , , ,301078, , , ,3,2,0,0,0,0,1,0,0,0,0,0,0,0,0,0,0,0,0,0,2,0,0,0,0,0,0,0,0,0,0,0,0,0,0,0,0,40.039,-75.15, , 
 ,25682,2015028773,6,67,67301,2015,2,6,1945,19,3,1,0,8,1, , ,N,1,2,0,3,0,1,2,2,N,N,39 56:14.564,75 13:03.428,1950, ,1945, ,0, ,N, ,3, , , , , ,301089, , , ,1,1,0,0,0,0,0,0,0,0,1,0,1,0,0,0,0,0,0,0,0,0,0,0,0,0,0,0,0,0,0,0,1,0,0,3,0,39.9374,-75.2176, , 
 ,25683,2015021925,6,67,67301,2015,2,1,1610,16,1,1,0,4,1, , ,N,1,2,0,3,0,1,3,2,N,N,40 04:09.505,75 00:26.083,1618, ,1618,1,1,6,N, ,3,N, , , , ,301124, , , ,2,2,0,0,0,0,0,0,0,0,0,1,1,0,0,0,0,0,0,0,1,0,0,0,0,0,0,0,0,0,0,0,0,0,0,4,0,40.0692,-75.0073, , 
 ,25684,2015034408,6,67,67301,2015,3,2,1700,17,1,1,0,1,1, , ,N,0,0,0,3,0,1,3,3,Y,N,39 57:48.282,75 08:19.099,1712, ,1703, ,0, ,N, ,0, , , , , ,301134, , , ,3,0,0,1,0,0,2,0,0,0,0,1,1,0,0,0,0,0,0,0,0,0,0,0,0,0,0,0,0,0,0,0,0,0,0,4,1,39.9634,-75.1386, , 
 ,25685,2015042701,6,67,67301,2015,3,3,558,5,5,1,0,3,6, , ,N,0,0,0,3,0,2,3,2,N,N,39 56:52.486,75 11:53.264,602, ,600, ,0, , , ,0, , , , , ,301141, , , ,2,1,0,0,0,1,0,0,0,0,0,2,2,0,0,0,0,0,0,0,0,0,0,0,0,0,0,0,0,0,0,0,0,0,0,4,1,39.9479,-75.1981, , 
 ,25686,2015049030,6,67,67301,2015,4,3,13,0,3,2,1,7,4, , ,N,0,0,0,3,0,0,1,1,N, ,40 01:57.291,75 11:41.772,21, ,14, ,0, , , ,0, , , , , ,301148, , , ,1,0,0,0,0,0,0,1,0,0,0,0,0,0,0,0,0,0,0,0,0,0,0,0,0,0,0,0,0,0,0,0,0,0,0,0,0,40.0326,-75.1949, , 
 ,25687,2015058161,6,67,67301,2015,4,1,305,3,3,1,0,7,3, , ,N,0,0,0,3,0,1,1,1,N,N,40 00:17.491,75 11:45.841,318, ,311,1,2,3,N, ,0,N, , , , ,301156, , , ,1,1,0,0,0,0,0,0,0,0,0,0,1,1,0,0,0,0,0,0,0,0,0,0,0,0,0,0,0,0,0,0,0,0,0,8,0,40.0049,-75.1961, , 
 ,25688,2015025153,6,67,67301,2015,2,7,4,0,3,1,0,1,1, , ,N,0,2,0,3,0,0,2,2,N,N,40 01:14.841,75 08:24.852,10, ,5, ,0, ,N, ,3, , , , , ,301179, , , ,2,1,0,0,0,0,1,0,0,0,0,0,0,0,0,0,0,0,0,0,0,0,0,0,0,0,0,0,0,0,0,0,0,0,0,0,0,40.0208,-75.1402, , 
 ,25689,2015028772,6,67,67301,2015,2,2,231,2,3,1,1,7,4, , ,N,0,0,0,3,0,0,1,1,N, ,40 00:01.660,75 09:10.953,237, ,233, ,0, , , ,0, , , , , ,301185, , , ,1,1,0,0,0,0,0,0,0,0,0,0,0,0,0,0,0,0,0,0,1,0,0,0,0,0,0,0,0,0,0,0,0,0,0,0,0,40.0005,-75.153, , 
 ,25690,2015031049,6,67,67301,2015,2,2,1725,17,1,1,0,1,1, , ,N,1,2,0,3,0,0,2,2,N,N,40 02:06.425,75 04:10.216,1725, ,1725,1,1,1, , ,3,N, , , , ,301187, , , ,2,1,0,0,0,0,0,1,0,0,0,0,0,0,0,0,0,0,0,0,1,0,0,0,0,0,0,0,0,0,0,0,0,0,0,0,0,40.0351,-75.0695, , 
 ,25691,2015025042,6,67,67301,2015,2,5,1209,12,1,2,1,2,1, , ,N,0,0,0,3,0,3,3,2,N,N,40 01:32.464,75 12:05.648,1213, ,1210,3,2,5, , ,0,Y, , , , ,304207, , , ,2,2,0,0,0,0,0,0,0,1,1,1,3,0,0,0,0,0,0,0,0,0,0,3,0,1,0,0,0,0,0,0,0,0,0,2,0,40.0257,-75.2016, , 
 ,25692,2015040871,6,67,67301,2015,3,2,520,5,5,1,0,4,1, , ,N,1,2,0,3,0,1,2,2,N,N,40 03:13.772,75 05:10.794,523, ,522,1,1,1,N, ,3,Y, , , , ,304225, , , ,2,2,0,0,0,0,0,0,0,0,0,0,1,1,0,0,0,0,0,1,0,1,0,0,0,0,0,0,0,0,0,0,0,0,0,8,0,40.0538,-75.0863, , 
 ,25693,2015045338,6,67,67301,2015,4,2,1815,18,1,1,0,4,1, , ,N,1,2,0,3,0,1,2,2,N,N,39 57:03.483,75 09:07.159,1820, ,1817, ,0, ,N, ,3, , , , , ,304230, , , ,2,2,0,0,0,0,0,0,0,0,0,0,1,1,0,0,0,0,0,0,1,1,0,0,0,0,0,0,0,0,0,0,0,0,0,8,0,39.9509,-75.152, , 
 ,25694,2015070623,6,67,67301,2015,6,7,2300,23,3,2,1,1,1, , ,N,1,2,0,3,0,1,8,4,N,N,39 57:06.984,75 09:35.699,2321, ,2317,2,2,3,N, ,2,Y, , , , ,304240, , , ,4,3,0,0,1,0,0,0,0,0,1,0,1,0,0,0,0,0,0,0,0,1,0,0,0,0,0,0,0,0,0,0,0,0,0,3,0,39.9519,-75.1598, , 
 ,25695,2015078237,6,67,67301,2015,7,7,1621,16,1,1,0,4,1, , ,N,1,2,0,3,0,1,2,2,N,N,40 01:01.444,75 05:04.984,1734, ,1724, ,0, ,N, ,3, , , , , ,304244, , , ,1,1,0,0,0,0,0,0,1,0,0,1,1,0,1,0,0,0,0,0,0,0,0,0,0,0,0,0,0,0,0,0,0,0,0,4,0,40.0171,-75.0847, , 
 ,25696,2015053956,6,67,67301,2015,4,4,2325,23,3,1,0,4,1, , ,N,1,2,0,3,0,0,4,2,N, ,39 57:24.462,75 14:38.029,2333, ,2330,9,1,4, , ,3,N, , , , ,304249, , , ,2,2,0,0,0,0,0,0,0,0,0,0,0,0,1,0,0,0,0,0,0,0,0,0,0,0,0,0,0,0,0,0,0,0,0,9,0,39.9568,-75.2439, , 
 ,25697,2015058165,6,67,67301,2015,5,1,250,2,3,1,0,1,1, , ,N,0,0,1,3,0,1,5,2,N,N,39 57:28.998,75 09:50.636,302, ,254, ,0, ,N, ,0, , , , , ,304251, , , ,2,2,0,0,0,0,0,0,0,0,0,1,1,0,1,0,0,0,0,0,0,0,0,0,0,0,0,0,0,0,0,0,0,0,0,4,0,39.9581,-75.1641, , 
 ,25698,2015063917,6,67,67301,2015,6,3,1000,10,1,2,1,4,1, , ,N,1,2,0,3,0,1,3,3,N, ,39 59:57.469,75 06:38.357,1015, ,1013, ,0, , , ,2, , , , , ,304260, , , ,3,0,0,0,1,0,0,2,0,0,0,1,1,0,0,0,0,0,0,0,0,0,0,0,0,0,0,0,0,0,0,0,0,0,0,4,0,39.9993,-75.1107, , 
 ,25699,2015063975,6,67,67301,2015,5,5,2036,20,1,1,0,4,1, , ,N,0,0,7,3,0,0,2,2,N,N,39 57:45.534,75 09:41.077,2036, ,2036, ,0, ,N, ,0, , , , , ,304261, , , ,2,2,0,0,0,0,0,0,0,0,0,0,0,0,0,0,0,0,0,0,0,0,0,0,0,0,0,0,0,0,0,0,0,0,0,0,0,39.9626,-75.1614, , 
N,25700,2015073082,6,67,67301,2015,6,3,803,8,1,1,0,1,1,1,4,Y,0,0,0,3,0,1,2,2,N,N,40 01:16.604,75 02:28.718,831,45,803, ,0, ,N, ,0, ,Y,N,N,N,304266,N,Y,N,2,2,0,0,0,0,0,0,0,0,0,0,1,1,0,0,0,0,0,0,0,0,0,0,0,0,0,0,0,0,0,0,0,0,0,8,0,40.0213,-75.0413, , 
 ,25701,2015078214,6,67,67301,2015,7,2,1714,17,1,1,0,8,1, , ,N,5,2,0,3,0,1,2,2,N,N,39 57:17.234,75 09:58.979,1716, ,1715, ,0, ,N, ,3, , , , , ,304273, , , ,1,1,0,0,0,0,0,0,0,0,0,1,1,0,0,0,0,0,0,0,0,0,0,0,0,0,0,0,0,0,0,0,1,0,0,4,0,39.9548,-75.1664, , 
 ,25702,2015078275,6,67,67301,2015,7,3,1325,13,1,1,0,4,1, , ,N,1,2,0,3,0,0,2,2,N,N,39 56:41.578,75 10:01.077,1355, ,1345, ,0, ,N, ,3, , , , , ,304274, , , ,2,1,0,0,0,0,1,0,0,0,0,0,0,0,0,0,0,0,0,0,0,0,0,0,0,0,0,0,0,0,0,0,0,0,0,0,0,39.9449,-75.167, , 
 ,25703,2015088700,6,67,67301,2015,8,4,1058,10,1,1,0,4,1, , ,N,1,3,0,3,0,0,2,2,N,N,40 02:48.494,75 05:38.374,1110, ,1104,1,1,2,N, ,3,N, , , , ,304284, , , ,2,1,0,0,1,0,0,0,0,0,0,0,0,0,0,0,0,0,0,0,1,0,0,0,0,0,0,0,0,0,0,0,0,0,0,0,0,40.0468,-75.094, , 
 ,25704,2015091134,6,67,67301,2015,8,5,916,9,1,1,0,8,1, , ,N,0,0,0,3,0,1,2,2,N,N,39 57:21.565,75 11:34.156,916, ,916, ,0, ,N, ,0, , , , , ,304288, , , ,1,1,0,0,0,0,0,0,0,0,0,0,1,1,0,0,0,0,0,0,0,0,0,0,0,0,0,0,0,0,0,0,1,0,0,8,0,39.956,-75.1928, , 
 ,25705,2015038675,6,67,67301,2015,3,4,2300,23,3,1,0,1,1, , ,N,0,0,0,3,0,1,5,3,N,N,39 56:46.848,75 14:39.324,2310, ,2301, ,0, ,N, ,0, , , , , ,304327, , , ,3,1,0,0,0,0,2,0,0,0,0,0,1,1,0,0,0,0,0,0,1,0,0,0,0,0,0,0,0,0,0,0,0,0,0,8,0,39.9463,-75.2443, , 
 ,25706,2015049152,6,67,67301,2015,4,4,2130,21,3,1,0,5,6, , ,N,0,0,0,3,0,0,1,3,N, ,40 00:03.895,75 06:14.083,2145, ,2145, ,0, , , ,0, , , , , ,304333, , , ,3,2,0,0,0,0,1,0,0,0,0,0,0,0,0,0,0,0,0,0,0,0,0,0,0,0,0,0,0,0,0,0,0,0,0,0,0,40.0011,-75.1039, , 
 ,25707,2015051439,6,67,67301,2015,4,3,1100,11,1,1,0,4,1, , ,N,2,3,0,3,0,1,2,2,N,N,40 01:32.502,75 12:09.049,1105, ,1102,9,2,1,N, ,3,Y, , , , ,304335, , , ,2,0,0,0,0,0,2,0,0,1,0,0,1,0,1,0,0,0,0,0,0,1,1,0,0,0,0,1,0,0,0,0,0,0,0,2,0,40.0257,-75.2025, , 
 ,25708,2015059185,6,67,67301,2015,5,6,1,0,3,1,0,4,1, , ,N,0,0,0,3,0,8,9,3,N,N,39 59:57.223,75 11:43.743,9, ,2,2,2,3,N, ,0,N, , , , ,304348, , , ,3,2,0,0,0,0,1,0,0,0,1,7,8,0,0,0,0,0,0,0,0,0,0,7,0,0,0,0,0,0,0,0,0,0,0,3,0,39.9992,-75.1955, , 
 ,25709,2015091163,6,67,67301,2015,8,3,50,0,3,2,1,1,1, , ,N,0,0,0,3,0,0,2,2,N, ,40 01:00.487,75 12:09.039,1300, ,55,1,2,1,N, ,0,Y, , , , ,310102, , , ,2,2,0,0,0,0,0,0,0,0,0,0,0,0,0,0,0,0,0,0,0,1,0,0,0,0,0,0,0,0,0,0,0,0,0,0,0,40.0168,-75.2025, , 
 ,25710,2015015594,6,67,67301,2015,1,7,1405,14,1,1,0,4,1, , ,N,1,3,0,3,0,1,3,2,N,N,39 59:51.507,75 04:41.897,1426, ,1414,2,1,1,N, ,3,N, , , , ,310134, , , ,2,2,0,0,0,0,0,0,0,0,0,1,1,0,0,0,0,0,0,0,0,0,0,0,0,0,0,0,0,0,0,0,0,0,0,4,0,39.9976,-75.0783, , 
 ,25711,2015018960,6,67,67301,2015,1,7,210,2,3,8,4,4,1, , ,N,2,2,2,3,0,0,2,2,N,N,39 54:43.185,75 09:01.851,224, ,217, ,0, , , ,3, , , , , ,310138, , , ,2,1,0,0,0,1,0,0,0,0,0,0,0,0,0,0,0,0,0,0,1,0,0,0,0,0,0,0,0,0,0,0,0,0,0,0,1,39.912,-75.1505, , 
 ,25712,2015021391,6,67,67301,2015,1,2,1540,15,1,2,1,4,1, , ,N,1,0,0,3,0,0,2,2,N, ,39 57:39.603,75 09:28.396,1550, ,1543, ,0, , , ,0, , , , , ,310140, , , ,2,1,0,0,1,0,0,0,0,0,0,0,0,0,2,0,0,0,0,0,0,0,0,0,0,0,0,0,0,0,0,0,0,0,0,9,0,39.961,-75.1579, , 
 ,25713,2015038985,6,67,67301,2015,3,7,205,2,3,2,1,4,1, , ,N,2,3,0,3,0,4,7,2,N,N,39 56:48.894,75 13:11.204,210, ,206, ,0, , , ,3, , , , , ,310155, , , ,2,1,0,0,0,0,1,0,0,0,0,0,4,4,0,0,0,0,0,0,0,0,0,0,0,0,0,0,0,0,0,0,0,0,0,8,0,39.9469,-75.2198, , 
 ,25714,2015043238,6,67,67301,2015,3,3,1320,13,1,1,0,4,1, , ,N,1,2,0,3,0,2,2,3,N,N,39 58:29.823,75 07:22.249,1326, ,1325, ,0, , , ,3, , , , , ,310158, , , ,3,2,0,0,1,0,0,0,0,0,1,1,2,0,0,0,0,0,0,0,0,0,0,0,0,0,0,0,0,0,0,0,0,0,0,3,0,39.975,-75.1228, , 