wz_ln_closure,objectid_1,crn,district,county,municipality,crash_year,crash_month,day_of_week,time_of_day,hour_of_day,illumination,weather,road_condition,collision_type,relation_to_road,work_zone_type,work_zone_loc,work_zone_ind,intersect_type,tcd_type,location_type,urban_rural,fatal_count,injury_count,person_count,total_units,sch_bus_ind,sch_zone_ind,latitude,longitude,arrival_tm,cons_zone_spd_lim,dispatch_tm,est_hrs_closed,lane_closed,ln_close_dir,ntfy_hiwy_maint,spec_juris_cd,tcd_func_cd,tfc_detour_ind,workers_pres,wz_close_detour,wz_flagger,wz_law_offcr_ind,objectid,wz_moving,wz_other,wz_shlder_mdn,vehicle_count,automobile_count,motorcycle_count,bus_count,small_truck_count,heavy_truck_count,suv_count,van_count,bicycle_count,maj_inj_count,mod_inj_count,min_inj_count,tot_inj_count,unk_inj_deg_count,unk_inj_per_count,driver_count_16yr,driver_count_17yr,driver_count_18yr,driver_count_19yr,driver_count_20yr,driver_count_50_64yr,driver_count_65_74yr,driver_count_75plus,unbelted_occ_count,unb_death_count,unb_maj_inj_count,belted_death_count,belted_maj_inj_count,mcycle_death_count,mcycle_maj_inj_count,bicycle_death_count,bicycle_maj_inj_count,ped_count,ped_death_count,ped_maj_inj_count,max_severity_level,comm_veh_count,dec_lat,dec_long,rdwy_surf_type_cd,county_name
 ,25715,2015056945,6,67,67301,2015,5,3,1632,16,1,1,0,8,1, , ,N,1,2,0,3,0,1,2,2,N,N,40 02:12.848,75 08:02.883,1632, ,1632, ,0, ,N, ,3, , , , , ,310171, , , ,1,1,0,0,0,0,0,0,0,0,0,0,1,1,0,0,0,0,0,0,0,0,0,0,0,0,0,0,0,0,0,0,1,0,0,8,0,40.0369,-75.1341, , 
 ,25716,2015061783,6,67,67301,2015,5,6,2348,23,3,1,0,7,2, , ,N,0,0,0,3,0,0,2,1,N, ,40 00:26.624,75 12:19.654,26, ,11, ,0, , , ,0, , , , , ,310178, , , ,1,0,0,0,0,0,1,0,0,0,0,0,0,0,0,0,0,0,0,0,0,0,0,0,0,0,0,0,0,0,0,0,0,0,0,0,0,40.0074,-75.2055, , 
 ,25717,2015073251,6,67,67301,2015,7,5,520,5,1,1,0,7,2, , ,N,0,0,0,3,0,1,1,1,N,N,40 04:35.774,75 02:56.731,534, ,524,1,1,3,N, ,0,Y, , , , ,310193, , , ,1,1,0,0,0,0,0,0,0,0,1,0,1,0,0,0,0,0,0,0,1,0,0,0,0,0,0,0,0,0,0,0,0,0,0,3,0,40.0766,-75.0491, , 
 ,25718,2015078279,6,67,67301,2015,7,3,1319,13,1,1,0,4,1, , ,N,1,2,0,3,0,1,7,2,N,N,40 01:12.877,75 06:50.707,1325, ,1319,1,1,2,N, ,3,N, , , , ,310202, , , ,2,0,0,0,0,1,1,0,0,0,0,1,1,0,0,0,0,0,0,0,1,0,0,0,0,0,0,0,0,0,0,0,0,0,0,4,0,40.0202,-75.1141, , 
 ,25719,2015088798,6,67,67301,2015,8,6,1059,10,1,1,0,1,1, , ,N,0,0,0,3,0,1,3,2,N,N,40 02:54.221,75 03:05.925,1106, ,1100,1,1,2,N, ,0,N, , , , ,310210, , , ,2,2,0,0,0,0,0,0,0,0,0,1,1,0,0,0,0,0,0,0,0,0,1,0,0,0,0,0,0,0,0,0,0,0,0,4,0,40.0484,-75.0516, , 
 ,25720,2015100516,6,46,46108,2015,9,4,2237,22,3,1,0,4,1, , ,N,1,2,0,3,0,1,6,2,N,N,40 05:34.487,75 13:25.053,2240, ,2237,2,1,2,N, ,3,N, , , , ,310218, , , ,2,2,0,0,0,0,0,0,0,0,0,0,1,1,0,0,0,0,0,1,0,0,0,5,0,0,0,0,0,0,0,0,0,0,0,8,0,40.0929,-75.2236, , 
 ,25721,2015069749,6,67,67301,2015,6,1,2300,23,3,2,1,1,1, , ,N,3,0,2,3,0,1,2,2,N,N,39 58:19.726,75 07:29.308,2318, ,2315, ,0, ,N, ,0, , , , , ,310234, , , ,2,2,0,0,0,0,0,0,0,0,0,1,1,0,0,0,0,0,0,0,0,0,0,0,0,0,0,0,0,0,0,0,0,0,0,4,0,39.9725,-75.1235, , 
 ,25722,2015073724,6,67,67301,2015,6,3,0,0,3,1,0,4,1, , ,N,1,0,0,3,0,0,1,3,N,N,39 57:29.433,75 13:44.921,20, ,15, ,0, ,N, ,0, , , , , ,310241, , , ,3,1,0,0,2,0,0,0,0,0,0,0,0,0,1,0,0,0,0,0,0,0,0,0,0,0,0,0,0,0,0,0,0,0,0,9,0,39.9582,-75.2291, , 
 ,25723,2015078690,6,67,67301,2015,7,7,1128,11,1,1,0,4,1, , ,N,0,0,0,3,0,1,2,2,N,N,39 57:44.288,75 14:48.829,1130, ,1128, ,0, ,N, ,0, , , , , ,310249, , , ,1,0,0,0,0,0,1,0,1,0,0,0,1,1,0,0,0,0,0,0,0,1,0,0,0,0,0,0,0,0,0,0,0,0,0,8,0,39.9623,-75.2469, , 
 ,25724,2015084412,6,67,67301,2015,8,7,905,9,1,1,0,4,1, , ,N,1,2,0,3,0,0,2,2,N,N,40 01:17.486,75 08:23.326,920, ,910, ,0, ,N, ,3, , , , , ,310256, , , ,2,0,0,0,0,0,2,0,0,0,0,0,0,0,0,0,0,0,0,0,0,0,0,0,0,0,0,0,0,0,0,0,0,0,0,0,0,40.0215,-75.1398, , 
 ,25725,2015042050,6,67,67301,2015,3,7,720,7,1,1,0,7,4, , ,N,0,0,0,3,0,1,1,2,N,N,39 54:11.371,75 14:24.036,732, ,732, ,0, ,N, ,0, , , , , ,310268, , , ,1,0,0,0,0,1,0,0,0,0,0,1,1,0,0,0,0,0,0,0,0,0,0,0,0,0,0,0,0,0,0,0,0,0,0,4,1,39.9032,-75.24, , 
 ,25726,2015081031,6,67,67301,2015,7,4,9999,99,1,1,0,5,1, , ,N,0,0,0,3,0,0,2,2,N,N,39 57:58.934,75 10:42.123,1920, ,1906, ,0, ,N, ,0, , , , , ,310291, , , ,2,0,0,0,0,0,2,0,0,0,0,0,0,0,0,0,0,0,0,0,0,0,0,0,0,0,0,0,0,0,0,0,0,0,0,0,0,39.9664,-75.1784, , 
 ,25727,2015107473,6,67,67301,2015,10,5,1545,15,1,2,1,4,1, , ,N,1,3,0,3,0,0,3,2,N,N,39 59:03.318,75 08:25.749,1632, ,1622, ,0, ,N, ,3, , , , , ,310312, , , ,2,2,0,0,0,0,0,0,0,0,0,0,0,0,0,0,0,0,0,0,0,0,0,0,0,0,0,0,0,0,0,0,0,0,0,0,0,39.9843,-75.1405, , 
 ,25728,2015063919,6,67,67301,2015,6,4,2230,22,3,1,0,4,1, , ,N,1,3,0,3,0,0,2,2,N, ,40 01:34.816,75 04:52.910,2259, ,2259, ,0, , , ,3, , , , , ,307639, , , ,2,0,0,0,1,0,1,0,0,0,0,0,0,0,0,0,0,1,0,0,0,0,0,0,0,0,0,0,0,0,0,0,0,0,0,0,0,40.0263,-75.0814, , 
 ,25729,2015066211,6,67,67301,2015,6,3,250,2,3,8,1,7,2, , ,N,0,0,2,3,0,0,1,1,N, ,39 53:28.181,75 13:46.096,305, ,303, ,0, , , ,0, , , , , ,307682, , , ,1,1,0,0,0,0,0,0,0,0,0,0,0,0,0,0,0,0,0,0,0,0,0,0,0,0,0,0,0,0,0,0,0,0,0,0,0,39.8912,-75.2295, , 
 ,25730,2015070656,6,67,67301,2015,6,6,300,3,3,2,1,1,1, , ,N,1,2,0,3,0,0,2,2,N,N,40 02:38.691,75 07:43.766,315, ,305, ,0, , , ,3, , , , , ,307686, , , ,2,1,0,0,0,0,1,0,0,0,0,0,0,0,0,0,0,0,0,0,0,0,0,0,0,0,0,0,0,0,0,0,0,0,0,0,0,40.0441,-75.1288, , 
 ,25731,2015072877,6,67,67301,2015,6,5,1551,15,1,1,0,4,1, , ,N,1,2,0,3,0,5,6,5,N,N,40 01:28.740,75 07:25.247,1558, ,1557, ,0, ,N, ,3, , , , , ,307692, , , ,5,2,0,0,0,0,3,0,0,2,1,2,5,0,0,0,0,0,0,0,3,0,0,2,0,1,0,1,0,0,0,0,0,0,0,2,0,40.0247,-75.1237, , 
 ,25732,2015092467,6,67,67301,2015,8,7,1720,17,1,1,0,4,1, , ,N,1,2,0,3,0,4,4,2,N,N,39 59:15.993,75 10:03.457,1720, ,1720,1,1,1,N, ,3,N, , , , ,307709, , , ,2,2,0,0,0,0,0,0,0,0,0,4,4,0,0,0,0,0,0,0,0,0,0,0,0,0,0,0,0,0,0,0,0,0,0,4,0,39.9878,-75.1676, , 
 ,25733,2015098514,6,67,67301,2015,9,6,1247,12,1,1,0,1,1, , ,N,0,2,0,3,0,1,5,3,N,N,39 59:23.250,75 15:02.489,1249, ,1247, ,0, ,N, ,3, , , , , ,307711, , , ,3,2,0,0,1,0,0,0,0,0,0,1,1,0,0,0,0,0,0,0,3,0,0,0,0,0,0,0,0,0,0,0,0,0,0,4,0,39.9898,-75.2507, , 
 ,25734,2015081099,6,67,67301,2015,7,1,0,0,3,1,0,4,1, , ,N,0,0,7,3,0,2,3,2,N, ,40 02:49.254,75 04:12.237,14, ,13, ,0, , , ,0, , , , , ,307726, , , ,2,1,0,0,0,0,1,0,0,0,0,2,2,0,0,0,0,0,0,0,0,0,0,0,0,0,0,0,0,0,0,0,0,0,0,4,0,40.047,-75.0701, , 
 ,25735,2015112131,6,67,67301,2015,10,7,1153,11,1,1,0,8,1, , ,N,0,0,0,3,0,1,2,2,N,N,39 55:37.218,75 08:56.799,1210, ,1201, ,0, ,N, ,0, , , , , ,307755, , , ,1,0,0,0,0,0,1,0,0,0,1,0,1,0,0,0,0,0,0,0,0,0,0,0,0,0,0,0,0,0,0,0,1,0,0,3,0,39.927,-75.1491, , 
 ,25736,2015120523,6,67,67301,2015,11,3,2142,21,3,1,0,7,4, , ,N,1,2,0,3,0,0,1,1,N, ,39 57:28.502,75 08:55.805,2150, ,2147, ,0, , , ,3, , , , , ,307759, , , ,1,1,0,0,0,0,0,0,0,0,0,0,0,0,0,0,0,0,0,0,1,0,0,0,0,0,0,0,0,0,0,0,0,0,0,0,0,39.958,-75.1488, , 
 ,25737,2015121084,6,67,67301,2015,11,1,1820,18,3,1,0,8,1, , ,N,1,2,0,3,0,1,2,2,N,N,39 59:11.857,75 10:16.377,1830, ,1825,3,1,3, , ,3,N, , , , ,307760, , , ,1,0,0,0,1,0,0,0,0,0,0,1,1,0,0,0,0,0,0,0,0,0,1,1,0,0,0,0,0,0,0,0,1,0,0,4,0,39.9866,-75.1712, , 
 ,25738,2015073641,6,67,67301,2015,7,7,2354,23,3,1,0,4,1, , ,N,1,2,0,3,0,0,2,2,N,N,40 00:07.962,75 09:27.759,2, ,2,3,1,2,N, ,3,N, , , , ,307768, , , ,2,2,0,0,0,0,0,0,0,0,0,0,0,0,1,0,0,0,0,0,0,0,0,0,0,0,0,0,0,0,0,0,0,0,0,9,0,40.0022,-75.1577, , 
 ,25739,2015058841,6,67,67301,2015,5,3,1104,11,1,1,0,1,1, , ,N,0,0,0,3,0,1,2,2,N,N,39 58:20.629,75 11:36.646,1104, ,1104,1,1,4,N, ,0,N, , , , ,307773, , , ,2,1,0,0,1,0,0,0,0,0,1,0,1,0,0,0,0,0,0,0,1,0,1,0,0,0,0,0,0,0,0,0,0,0,0,3,0,39.9724,-75.1935, , 
 ,25740,2015061770,6,67,67301,2015,5,5,1450,14,1,1,0,4,1, , ,N,0,0,7,3,0,1,2,2,N,Y,40 01:03.382,75 08:04.583,1452, ,1502, ,0, ,N, ,0, , , , , ,307776, , , ,2,0,1,0,1,0,0,0,0,0,0,0,1,1,0,0,0,0,0,0,1,0,0,0,0,0,0,0,0,0,0,0,0,0,0,8,0,40.0176,-75.1346, , 
 ,25741,2015073240,6,67,67301,2015,6,3,7,0,3,2,0,5,6, , ,N,0,0,0,3,0,0,1,3,N,N,39 54:56.361,75 09:45.298,8, ,8, ,0, ,N, ,0, , , , , ,307784, , , ,3,1,0,0,0,0,1,0,0,0,0,0,0,0,0,0,0,0,0,0,0,0,0,0,0,0,0,0,0,0,0,0,0,0,0,0,0,39.9157,-75.1626, , 
 ,25742,2015080673,6,67,67301,2015,7,6,717,7,1,1,0,4,1, , ,N,1,2,0,3,0,1,3,2,N,N,40 06:50.926,74 59:15.880,727, ,718,1,2,2,N, ,3,Y, , , , ,307788, , , ,2,0,1,0,0,0,1,0,0,0,1,0,1,0,0,0,0,0,0,0,0,0,0,0,0,0,0,0,0,0,0,0,0,0,0,3,0,40.1143,-74.9879, , 
 ,25743,2015084429,6,67,67301,2015,7,5,1917,19,1,2,1,4,1, , ,N,0,0,7,3,0,2,2,2,N, ,39 58:40.022,75 08:01.496,2113, ,1917, ,0, , , ,0, , , , , ,307793, , , ,2,2,0,0,0,0,0,0,0,0,0,2,2,0,0,0,0,0,0,0,1,0,0,0,0,0,0,0,0,0,0,0,0,0,0,4,0,39.9778,-75.1337, , 
 ,25744,2015084464,6,67,67301,2015,7,5,1000,10,1,1,0,1,1, , ,N,2,2,0,3,0,1,2,3,N,N,40 05:38.626,74 59:20.907,1015, ,1011,3,2,4,N, ,3,Y, , , , ,307794, , , ,3,2,0,0,0,1,0,0,0,1,0,0,1,0,0,0,0,0,0,0,0,0,0,1,0,1,0,0,0,0,0,0,0,0,0,2,1,40.0941,-74.9891, , 
 ,25745,2015087884,6,67,67301,2015,6,5,1600,16,1,1,0,4,1, , ,N,0,0,7,3,0,1,2,2,N,N,40 00:27.595,75 12:36.043,0, ,0, ,0, ,N, ,0, , , , , ,307797, , , ,2,1,0,0,0,0,1,0,0,0,0,0,1,1,0,0,0,0,0,0,0,0,0,0,0,0,0,0,0,0,0,0,0,0,0,8,0,40.0077,-75.21, , 
 ,25746,2015038681,6,67,67301,2015,3,1,1345,13,1,1,0,1,1, , ,N,1,2,0,3,0,1,3,2,N,N,39 57:21.002,75 10:28.581,1400, ,1400,1,1,4,N, ,3,Y, , , , ,301196, , , ,2,1,0,0,0,0,1,0,0,0,0,0,1,1,0,0,0,0,0,0,1,0,0,0,0,0,0,0,0,0,0,0,0,0,0,8,0,39.9558,-75.1746, , 
 ,25747,2015059101,6,67,67301,2015,5,4,1830,18,1,1,0,4,1, , ,N,1,2,0,3,0,1,2,2,N, ,39 57:34.444,75 11:49.297,1834, ,1833, ,0, , , ,3, , , , , ,301209, , , ,1,1,0,0,0,0,0,0,1,0,0,0,1,1,0,0,0,0,0,0,0,0,0,0,0,0,0,0,0,0,0,0,0,0,0,8,0,39.9596,-75.197, , 
 ,25748,2015012385,6,67,67301,2015,1,6,2215,22,3,1,0,7,2, , ,N,0,0,3,3,0,1,1,1,N, ,39 59:56.558,75 09:31.000,2223, ,2220,9,2,5, , ,0,N, , , , ,301219, , , ,1,1,0,0,0,0,0,0,0,0,0,0,1,1,0,0,0,0,0,0,0,0,0,1,0,0,0,0,0,0,0,0,0,0,0,8,0,39.999,-75.1586, , 
 ,25749,2015045348,6,67,67301,2015,4,4,223,2,3,2,1,1,1, , ,N,1,2,0,3,0,1,4,2,N,N,39 55:16.534,75 11:37.854,228, ,226, ,0, ,N, ,3, , , , , ,301251, , , ,2,1,0,0,1,0,0,0,0,0,0,1,1,0,0,0,0,0,0,0,0,0,0,0,0,0,0,0,0,0,0,0,0,0,0,4,0,39.9211,-75.1938, , 
 ,25750,2015055631,6,67,67301,2015,5,2,2155,21,3,1,0,4,1, , ,N,1,2,0,3,0,0,8,2,N,N,39 59:49.557,75 14:07.172,2157, ,2155, ,0, ,N, ,3, , , , , ,301272, , , ,2,1,0,0,0,0,1,0,0,0,0,0,0,0,0,0,0,1,0,0,1,0,0,0,0,0,0,0,0,0,0,0,0,0,0,0,0,39.997,-75.2353, , 
 ,25751,2015070599,6,67,67301,2015,6,1,1310,13,1,1,0,1,1, , ,N,1,2,0,3,0,2,4,2,N,N,40 01:33.550,75 07:19.144,1320, ,1310, ,0, , , ,3, , , , , ,301286, , , ,2,0,0,0,1,0,0,1,0,0,0,2,2,0,0,0,0,0,0,0,1,0,0,4,0,0,0,0,0,0,0,0,0,0,0,4,0,40.026,-75.122, , 
 ,25752,2015075834,6,67,67301,2015,7,2,2043,20,4,1,0,5,6, , ,N,0,0,0,3,0,0,1,4,N,N,39 59:59.280,75 07:59.361,2053, ,2053, ,0, ,N, ,0, , , , , ,301289, , , ,4,1,0,0,1,0,1,1,0,0,0,0,0,0,0,0,0,0,0,0,0,0,0,1,0,0,0,0,0,0,0,0,0,0,0,0,0,39.9998,-75.1332, , 
N,25753,2015083963,6,67,67301,2015,7,7,1635,16,1,1,0,7,1,1,4,Y,0,0,0,3,0,1,1,1,N,N,39 59:32.886,75 05:07.326,1643,45,1638, ,0, ,Y, ,0, ,N,N,N,N,301295,N,N,Y,1,1,0,0,0,0,0,0,0,0,0,1,1,0,0,0,0,0,0,0,0,0,0,0,0,0,0,0,0,0,0,0,0,0,0,4,0,39.9925,-75.0854, , 
 ,25754,2015084404,6,67,67301,2015,8,1,1635,16,1,1,0,4,1, , ,N,0,0,0,3,0,1,2,2,N,N,40 01:01.682,75 05:23.571,1650, ,1644, ,0, ,N, ,0, , , , , ,301296, , , ,1,0,0,0,0,0,1,0,1,0,0,1,1,0,0,0,0,0,0,0,0,0,0,0,0,0,0,0,0,0,0,0,0,0,0,4,0,40.0171,-75.0899, , 
 ,25755,2015086256,6,67,67301,2015,8,2,650,6,1,1,0,4,1, , ,N,0,0,0,3,0,1,2,2,N,N,40 03:38.900,75 09:40.700,1845, ,1845, ,0, ,N, ,0, , , , , ,301298, , , ,2,1,0,0,1,0,0,0,0,0,0,1,1,0,0,0,0,0,0,0,0,0,0,0,0,0,0,0,0,0,0,0,0,0,0,4,0,40.0608,-75.1613, , 
 ,25756,2015089184,6,67,67301,2015,8,1,815,8,1,1,0,4,1, , ,N,0,0,7,3,0,1,2,2,N,N,40 03:01.048,75 07:01.532,818, ,815,1,2,4,N, ,0,N, , , , ,301301, , , ,2,0,1,0,0,0,0,1,0,0,1,0,1,0,0,0,0,0,0,0,0,0,1,0,0,0,0,0,0,0,0,0,0,0,0,3,0,40.0503,-75.1171, , 
 ,25757,2015020844,6,67,67301,2015,1,2,2130,21,3,8,1,4,1, , ,N,1,3,0,3,0,1,3,2,N,N,39 56:45.772,75 12:59.363,2359, ,2350, ,0, ,N, ,3, , , , , ,301318, , , ,2,1,0,0,0,0,0,1,0,0,1,0,1,0,0,0,0,0,0,0,0,0,0,0,0,0,0,0,0,0,0,0,0,0,0,3,0,39.946,-75.2165, , 
 ,25758,2015038567,6,67,67301,2015,3,7,1854,18,4,2,1,4,1, , ,N,1,3,0,3,0,0,2,2,N,N,39 57:21.985,75 13:25.273,1905, ,1902, ,0, ,N, ,3, , , , , ,301332, , , ,2,2,0,0,0,0,0,0,0,0,0,0,0,0,0,0,0,0,0,0,0,0,0,0,0,0,0,0,0,0,0,0,0,0,0,0,0,39.9561,-75.2237, , 
 ,25759,2015053930,6,67,67301,2015,5,2,1430,14,1,1,0,8,1, , ,N,0,0,0,3,0,1,2,2,N, ,39 56:22.457,75 10:41.558,1640, ,1631, ,0, , , ,0, , , , , ,301362, , , ,1,0,0,0,1,0,0,0,0,0,0,0,1,1,0,0,0,0,0,0,0,0,0,0,0,0,0,0,0,0,0,0,1,0,0,8,0,39.9396,-75.1782, , 
 ,25760,2015064509,6,67,67301,2015,6,6,1241,12,1,1,0,5,1, , ,N,0,8,3,3,0,0,3,2,N,N,39 54:47.835,75 10:45.445,1316, ,1313, ,0, ,N, ,3, , , , , ,301371, , , ,2,1,0,0,0,1,0,0,0,0,0,0,0,0,0,0,0,0,0,0,1,0,0,0,0,0,0,0,0,0,0,0,0,0,0,0,1,39.9133,-75.1793, , 
 ,25761,2015066218,6,67,67301,2015,6,3,1620,16,1,1,0,1,1, , ,N,2,0,0,3,0,0,2,3,N, ,40 06:26.640,75 01:41.417,1635, ,1630,1,1,2, , ,0,N, , , , ,301375, , , ,3,2,0,0,0,0,1,0,0,0,0,0,0,0,0,0,0,0,0,0,0,0,0,1,0,0,0,0,0,0,0,0,0,0,0,0,0,40.1074,-75.0282, , 
 ,25762,2015070152,6,67,67301,2015,6,6,2340,23,3,1,0,4,1, , ,N,1,3,0,3,0,1,2,2,N, ,40 02:31.156,75 10:36.627,5, ,2358, ,0, , , ,3, , , , , ,301381, , , ,2,2,0,0,0,0,0,0,0,0,0,0,1,1,0,0,0,0,0,0,1,0,0,0,0,0,0,0,0,0,0,0,0,0,0,8,0,40.042,-75.1768, , 
 ,25763,2015059123,6,67,67301,2015,5,6,2120,21,3,1,0,4,1, , ,N,5,2,0,3,0,1,2,2,N, ,39 59:13.382,75 07:20.404,2127, ,2126,2,1,2, , ,3,Y, , , , ,301399, , , ,2,2,0,0,0,0,0,0,0,0,0,0,1,1,0,0,0,0,0,0,0,0,0,0,0,0,0,0,0,0,0,0,0,0,0,8,0,39.9871,-75.1223, , 
 ,25764,2015063914,6,67,67301,2015,6,3,845,8,1,2,1,8,1, , ,N,5,2,1,3,0,1,2,2,N,N,39 59:29.295,75 07:21.395,852, ,847, ,0, , , ,3, , , , , ,304354, , , ,1,0,0,0,0,0,0,1,0,0,0,0,1,1,0,0,0,0,0,0,0,0,0,0,0,0,0,0,0,0,0,0,1,0,0,8,0,39.9915,-75.1226, , 
 ,25765,2015073730,6,67,67301,2015,6,4,935,9,1,1,0,1,1, , ,N,2,0,0,3,0,0,2,2,N, ,40 02:36.458,75 06:12.511,945, ,935, ,0, , , ,0, , , , , ,304364, , , ,2,1,0,0,0,0,1,0,0,0,0,0,0,0,0,0,0,0,0,0,0,0,0,0,0,0,0,0,0,0,0,0,0,0,0,0,0,40.0435,-75.1035, , 
 ,25766,2015075813,6,67,67301,2015,7,3,1205,12,1,1,0,8,1, , ,N,1,3,0,3,0,1,2,2,N,N,39 59:55.687,75 09:18.478,1252, ,1240, ,0, , , ,3, , , , , ,304365, , , ,1,1,0,0,0,0,0,0,0,0,0,0,1,1,0,0,0,0,0,0,0,0,1,0,0,0,0,0,0,0,0,0,1,0,0,8,0,39.9988,-75.1551, , 
 ,25767,2015025086,6,67,67301,2015,2,4,745,7,1,1,0,8,1, , ,N,1,2,0,3,0,1,2,2,N,N,40 02:20.571,75 08:40.639,748, ,745, ,0, ,N, ,3, , , , , ,304408, , , ,1,1,0,0,0,0,0,0,0,0,0,1,1,0,0,0,0,0,0,0,1,0,0,0,0,0,0,0,0,0,0,0,1,0,0,4,0,40.039,-75.1446, , 
 ,25768,2015029290,6,67,67301,2015,3,7,1745,17,4,1,1,7,4, , ,N,0,2,0,3,0,2,2,1,N,N,39 58:54.229,75 09:26.138,1755, ,1750, ,0, ,N, ,3, , , , , ,304415, , , ,1,1,0,0,0,0,0,0,0,0,0,0,2,2,0,0,0,0,0,0,0,0,0,0,0,0,0,0,0,0,0,0,0,0,0,8,0,39.9817,-75.1571, , 
 ,25769,2015039533,6,67,67301,2015,3,6,915,9,1,1,0,8,1, , ,N,1,2,0,3,0,1,2,2,N,N,40 03:12.697,75 03:17.939,918, ,915,9,2,5, , ,3,Y, , , , ,304425, , , ,1,0,0,0,0,1,0,0,0,1,0,0,1,0,0,0,0,0,0,0,0,0,0,0,0,0,0,0,0,0,0,0,1,0,1,2,1,40.0535,-75.0549, , 
 ,25770,2015053895,6,67,67301,2015,5,2,1902,19,1,1,0,4,1, , ,N,1,2,0,3,0,0,2,2,N,N,40 06:09.264,75 01:43.891,1910, ,1902, ,0, ,N, ,3, , , , , ,304442, , , ,2,2,0,0,0,0,0,0,0,0,0,0,0,0,0,0,0,0,0,0,0,0,0,0,0,0,0,0,0,0,0,0,0,0,0,0,0,40.1025,-75.0287, , 
 ,25771,2015066223,6,67,67301,2015,6,5,636,6,1,1,0,4,1, , ,N,0,0,0,3,0,0,2,2,N, ,40 04:00.926,75 09:40.338,705, ,657, ,0, , , ,0, , , , , ,304449, , , ,2,2,0,0,0,0,0,0,0,0,0,0,0,0,0,0,0,0,0,0,0,0,0,0,0,0,0,0,0,0,0,0,0,0,0,0,0,40.0669,-75.1612, , 
 ,25772,2015073258,6,67,67301,2015,7,5,823,8,1,1,0,1,6, , ,N,0,0,0,3,0,1,1,2,N, ,40 04:09.544,75 05:10.323,842, ,838, ,0, , , ,0, , , , , ,304456, , , ,2,2,0,0,0,0,0,0,0,0,0,0,1,1,0,0,0,1,0,0,0,0,0,0,0,0,0,0,0,0,0,0,0,0,0,8,0,40.0693,-75.0862, , 
 ,25773,2015085299,6,67,67301,2015,8,6,1255,12,1,1,0,4,1, , ,N,5,2,0,3,0,1,2,3,N,N,39 55:29.385,75 10:22.358,1300, ,1257,1,1,4,N, ,3,N, , , , ,304467, , , ,2,2,0,0,0,0,0,0,1,0,0,1,1,0,0,0,0,0,0,0,1,0,0,0,0,0,0,0,0,0,0,0,0,0,0,4,0,39.9248,-75.1728, , 
 ,25774,2015092462,6,67,67301,2015,8,1,9999,99,1,1,0,4,1, , ,N,1,3,1,3,0,1,2,2,N,N,39 58:14.108,75 09:03.120,1847, ,1845,9,1,4, , ,3,N, , , , ,304479, , , ,2,0,1,0,0,0,1,0,0,0,1,0,1,0,0,0,0,0,0,0,0,0,0,0,0,0,0,0,0,0,0,0,0,0,0,3,0,39.9705,-75.151, , 
 ,25775,2015092947,6,67,67301,2015,8,6,1104,11,1,1,0,1,6, , ,N,0,0,0,3,0,0,1,2,N, ,39 58:31.857,75 07:40.868,1106, ,1104, ,0, , , ,0, , , , , ,304480, , , ,2,2,0,0,0,0,0,0,0,0,0,0,0,0,1,0,0,0,0,0,0,0,0,0,0,0,0,0,0,0,0,0,0,0,0,9,0,39.9755,-75.128, , 
 ,25776,2015098510,6,67,67301,2015,9,5,831,8,1,2,1,1,1, , ,N,0,0,0,3,0,2,3,2,Y,N,39 58:48.762,75 16:09.187,835, ,831, ,0, ,N, ,0, , , , , ,304485, , , ,2,1,0,1,0,0,0,0,0,0,0,2,2,0,0,0,0,0,0,0,0,0,0,0,0,0,0,0,0,0,0,0,0,0,0,4,1,39.9802,-75.2692, , 
 ,25777,2015075747,6,67,67301,2015,7,2,140,1,3,1,0,5,6, , ,N,0,0,0,3,0,0,1,6,N,N,40 01:38.538,75 06:38.325,150, ,144, ,0, , , ,0, , , , , ,304501, , , ,6,5,0,0,1,0,0,0,0,0,0,0,0,0,0,0,0,0,0,0,0,0,0,0,0,0,0,0,0,0,0,0,0,0,0,0,0,40.0274,-75.1106, , 
 ,25778,2015075825,6,67,67301,2015,6,7,2308,23,3,2,1,4,1, , ,N,1,2,0,3,0,0,3,2,N,N,40 00:55.051,75 08:13.761,2320, ,2316,2,1,6,N, ,3,N, , , , ,304502, , , ,2,1,0,0,0,0,1,0,0,0,0,0,0,0,0,0,0,0,0,0,0,0,0,0,0,0,0,0,0,0,0,0,0,0,0,0,0,40.0153,-75.1372, , 
 ,25779,2015093519,6,67,67301,2015,8,5,1819,18,4,2,1,7,4, , ,N,0,0,0,3,0,0,1,1,N,N,39 55:20.470,75 11:26.798,1908, ,1847,2,1,1,N, ,0,N, , , , ,304522, , , ,1,1,0,0,0,0,0,0,0,0,0,0,0,0,0,0,0,0,0,0,0,0,0,0,0,0,0,0,0,0,0,0,0,0,0,0,0,39.9224,-75.1908, , 
 ,25780,2015095188,6,67,67301,2015,9,4,740,7,1,1,0,1,1, , ,N,1,2,0,3,0,5,9,4,N, ,39 53:50.506,75 15:07.793,750, ,742, ,0, , , ,3, , , , , ,304523, , , ,4,2,0,0,1,0,0,1,0,0,0,0,5,5,0,0,0,0,0,0,1,0,0,0,0,0,0,0,0,0,0,0,0,0,0,8,0,39.8974,-75.2522, , 