wz_ln_closure,objectid_1,crn,district,county,municipality,crash_year,crash_month,day_of_week,time_of_day,hour_of_day,illumination,weather,road_condition,collision_type,relation_to_road,work_zone_type,work_zone_loc,work_zone_ind,intersect_type,tcd_type,location_type,urban_rural,fatal_count,injury_count,person_count,total_units,sch_bus_ind,sch_zone_ind,latitude,longitude,arrival_tm,cons_zone_spd_lim,dispatch_tm,est_hrs_closed,lane_closed,ln_close_dir,ntfy_hiwy_maint,spec_juris_cd,tcd_func_cd,tfc_detour_ind,workers_pres,wz_close_detour,wz_flagger,wz_law_offcr_ind,objectid,wz_moving,wz_other,wz_shlder_mdn,vehicle_count,automobile_count,motorcycle_count,bus_count,small_truck_count,heavy_truck_count,suv_count,van_count,bicycle_count,maj_inj_count,mod_inj_count,min_inj_count,tot_inj_count,unk_inj_deg_count,unk_inj_per_count,driver_count_16yr,driver_count_17yr,driver_count_18yr,driver_count_19yr,driver_count_20yr,driver_count_50_64yr,driver_count_65_74yr,driver_count_75plus,unbelted_occ_count,unb_death_count,unb_maj_inj_count,belted_death_count,belted_maj_inj_count,mcycle_death_count,mcycle_maj_inj_count,bicycle_death_count,bicycle_maj_inj_count,ped_count,ped_death_count,ped_maj_inj_count,max_severity_level,comm_veh_count,dec_lat,dec_long,rdwy_surf_type_cd,county_name
 ,25781,2015009165,6,67,67301,2015,1,5,1155,11,1,1,0,7,2, , ,N,0,0,0,3,0,1,1,1,N,N,40 02:58.462,74 59:44.056,1203, ,1202, ,0, ,N, ,0, , , , , ,304537, , , ,1,1,0,0,0,0,0,0,0,0,1,0,1,0,0,0,0,0,0,0,0,0,0,0,0,0,0,0,0,0,0,0,0,0,0,3,0,40.0496,-74.9956, , 
 ,25782,2015071331,6,67,67301,2015,6,4,1436,14,1,1,0,4,1, , ,N,1,2,0,3,0,4,5,2,N,N,40 00:38.569,75 09:04.826,1445, ,1437, ,0, , , ,3, , , , , ,310321, , , ,2,1,0,1,0,0,0,0,0,0,0,4,4,0,0,0,0,0,0,0,0,0,0,0,0,0,0,0,0,0,0,0,0,0,0,4,1,40.0107,-75.1513, , 
 ,25783,2015056518,6,67,67301,2015,5,2,653,6,1,1,0,4,1, , ,N,1,8,0,3,0,1,3,2,N,N,40 01:36.631,75 07:01.363,739, ,726,2,1,2,N, ,3,N, , , , ,310329, , , ,2,1,0,0,0,0,0,1,0,0,1,0,1,0,0,0,0,0,0,0,0,0,0,0,0,0,0,0,0,0,0,0,0,0,0,3,0,40.0268,-75.117, , 
 ,25784,2015056943,6,67,67301,2015,5,1,1230,12,1,1,0,4,1, , ,N,1,2,0,3,0,0,4,4,N,N,40 04:26.624,75 11:27.147,1246, ,1240,2,1,6,N, ,3,Y, , , , ,310330, , , ,4,3,0,0,0,0,0,0,0,0,0,0,0,0,0,0,0,0,0,1,1,0,0,0,0,0,0,0,0,0,0,0,0,0,0,0,0,40.0741,-75.1909, , 
Y,25785,2015060732,6,67,67301,2015,6,1,1840,18,1,1,0,7,7,1,4,Y,0,0,0,3,0,0,1,1,N,N,39 59:45.298,75 04:58.214,1855,45,1855,2,2,1,N, ,0,N,N,N,N,N,310331,Y,N,Y,1,1,0,0,0,0,0,0,0,0,0,0,0,0,0,0,0,0,0,0,0,0,0,0,0,0,0,0,0,0,0,0,0,0,0,0,0,39.9959,-75.0828, , 
 ,25786,2015078651,6,67,67301,2015,7,4,1230,12,1,1,0,1,1, , ,N,1,2,0,3,0,0,2,2,N,N,40 04:33.706,75 10:36.476,1230, ,1230, ,0, ,N, ,3, , , , , ,310353, , , ,2,0,0,0,0,0,2,0,0,0,0,0,0,0,0,0,0,1,0,0,0,0,0,0,0,0,0,0,0,0,0,0,0,0,0,0,0,40.076,-75.1768, , 
 ,25787,2015085246,6,67,67301,2015,7,6,1540,15,1,1,0,8,1, , ,N,2,2,0,3,0,1,2,2,N,N,39 57:12.784,75 09:22.668,1548, ,1548, ,0, ,N, ,3, , , , , ,310359, , , ,1,0,0,0,0,0,1,0,0,0,0,0,1,1,0,0,0,0,0,0,0,0,0,0,0,0,0,0,0,0,0,0,1,0,0,8,0,39.9536,-75.1563, , 
 ,25788,2015091024,6,67,67301,2015,8,3,1530,15,1,2,1,5,1, , ,N,0,0,0,3,0,1,2,2,N, ,39 57:21.215,75 11:31.309,1548, ,1840, ,0, ,N, ,0, , , , , ,310362, , , ,1,1,0,0,0,0,0,0,1,0,0,1,1,0,0,0,0,0,0,0,1,0,0,0,0,0,0,0,0,0,0,0,0,0,0,4,0,39.9559,-75.192, , 
 ,25789,2015073657,6,67,67301,2015,6,6,1100,11,1,1,0,1,1, , ,N,2,0,0,3,0,1,2,2,N, ,40 03:22.996,75 01:32.792,1130, ,1116, ,0, , , ,0, , , , , ,310389, , , ,2,2,0,0,0,0,0,0,0,0,0,1,1,0,0,0,0,0,0,0,0,0,1,0,0,0,0,0,0,0,0,0,0,0,0,4,0,40.0564,-75.0258, , 
 ,25790,2015078247,6,67,67301,2015,7,6,1955,19,4,1,0,4,1, , ,N,1,3,0,3,0,0,2,2,N,N,40 05:27.780,75 02:49.339,2007, ,2007, ,0, ,N, ,3, , , , , ,310393, , , ,2,0,0,0,1,0,1,0,0,0,0,0,0,0,0,0,0,0,0,0,1,0,0,0,0,0,0,0,0,0,0,0,0,0,0,0,0,40.0911,-75.047, , 
 ,25791,2015088688,6,67,67301,2015,8,3,1245,12,1,2,1,6,1, , ,N,0,0,0,3,0,7,7,2,N,N,39 56:33.038,75 14:20.905,1255, ,1252,1,2,2,N, ,0,N, , , , ,310401, , , ,2,1,0,0,0,0,0,1,0,0,0,0,7,7,0,0,0,0,0,0,0,0,0,0,0,0,0,0,0,0,0,0,0,0,0,8,0,39.9425,-75.2391, , 
 ,25792,2015081136,6,67,67301,2015,7,2,1604,16,1,1,0,1,1, , ,N,0,0,0,3,0,3,6,4,N, ,39 54:50.550,75 09:00.679,1715, ,1710,3,2,3, , ,0,N, , , , ,310432, , , ,4,3,0,0,0,0,1,0,0,0,0,3,3,0,0,0,0,0,0,0,0,0,0,0,0,0,0,0,0,0,0,0,0,0,0,4,0,39.914,-75.1502, , 
 ,25793,2015083341,6,67,67301,2015,7,1,315,3,3,1,0,7,3, , ,N,2,2,0,3,0,1,1,1,N,N,40 01:43.905,75 06:21.601,340, ,320, ,0, ,N, ,3, , , , , ,310436, , , ,1,0,0,0,0,0,1,0,0,0,1,0,1,0,0,0,0,0,0,0,0,0,0,0,0,0,0,0,0,0,0,0,0,0,0,3,0,40.0289,-75.106, , 
 ,25794,2015086265,6,67,67301,2015,8,5,1525,15,1,1,0,8,1, , ,N,1,2,0,3,0,1,2,2,N, ,40 03:49.551,75 05:00.781,1530, ,1526,1,1,1, , ,3,N, , , , ,310439, , , ,1,0,0,0,0,0,1,0,0,0,0,1,1,0,0,0,0,0,0,0,1,0,0,0,0,0,0,0,0,0,0,0,1,0,0,4,0,40.0638,-75.0835, , 
 ,25795,2015106422,6,67,67301,2015,9,3,1450,14,1,2,1,1,1, , ,N,1,2,0,3,0,0,3,2,N,N,39 55:06.900,75 13:33.657,1524, ,1524, ,0, ,N, ,3, , , , , ,310454, , , ,2,1,0,0,1,0,0,0,0,0,0,0,0,0,0,0,0,0,0,0,1,0,0,0,0,0,0,0,0,0,0,0,0,0,0,0,0,39.9185,-75.2259, , 
 ,25796,2015112150,6,67,67301,2015,10,7,945,9,1,1,0,8,1, , ,N,1,2,0,3,0,1,3,2,N,N,39 56:04.178,75 13:18.249,949, ,945, ,0, ,N, ,3, , , , , ,310456, , , ,1,1,0,0,0,0,0,0,0,0,0,0,1,1,0,0,0,0,0,0,0,0,0,0,0,0,0,0,0,0,0,0,1,0,0,8,0,39.9345,-75.2217, , 
 ,25797,2015061754,6,67,67301,2015,5,4,815,8,1,1,0,5,6, , ,N,0,0,0,3,0,3,3,2,N,N,39 57:33.204,75 13:30.087,906, ,905, ,0, ,N, ,0, , , , , ,310470, , , ,2,1,0,0,0,0,1,0,0,0,0,3,3,0,0,0,0,0,0,0,0,0,0,0,0,0,0,0,0,0,0,0,0,0,0,4,0,39.9592,-75.225, , 
 ,25798,2015065462,6,67,67301,2015,5,5,2143,21,3,1,0,4,1, , ,N,1,2,0,3,0,1,3,2,N,N,40 03:47.229,75 01:19.196,2144, ,9999,2,1,4,N, ,3,N, , , , ,310474, , , ,2,2,0,0,0,0,0,0,0,0,0,1,1,0,0,0,0,0,0,0,0,1,1,0,0,0,0,0,0,0,0,0,0,0,0,4,0,40.0631,-75.022, , 
 ,25799,2015066304,6,67,67301,2015,6,2,2000,20,3,1,0,3,1, , ,N,0,0,0,3,0,1,3,2,N,N,39 57:37.867,75 14:42.437,2006, ,2005, ,0, , , ,0, , , , , ,310476, , , ,2,1,0,0,1,0,0,0,0,0,0,1,1,0,0,0,0,0,0,0,0,0,0,0,0,0,0,0,0,0,0,0,0,0,0,4,0,39.9605,-75.2451, , 
 ,25800,2015043249,6,67,67301,2015,4,6,1240,12,1,2,1,4,1, , ,N,1,2,0,3,0,1,3,2,N,N,39 55:36.652,75 10:08.678,1250, ,1245, ,0, ,N, ,3, , , , , ,307814, , , ,2,0,0,0,0,0,1,1,0,0,0,1,1,0,0,0,0,0,0,0,0,0,0,0,0,0,0,0,0,0,0,0,0,0,0,4,0,39.9268,-75.1691, , 
 ,25801,2015028861,6,67,67301,2015,2,3,1040,10,1,1,0,4,1, , ,N,1,2,0,3,0,1,2,2,N, ,39 55:54.237,75 10:04.883,1107, ,1054, ,0, , , ,3, , , , , ,307833, , , ,1,0,0,0,0,0,0,1,1,0,0,1,1,0,0,0,0,0,0,0,0,0,0,0,0,0,0,0,0,0,0,0,0,0,0,4,0,39.9317,-75.168, , 
 ,25802,2015042826,6,67,67301,2015,4,4,1740,17,1,1,0,4,1, , ,N,1,2,0,3,0,0,2,2,N, ,39 57:40.435,75 08:47.767,1750, ,1746, ,0, , , ,3, , , , , ,307846, , , ,2,2,0,0,0,0,0,0,0,0,0,0,0,0,0,0,0,0,0,0,1,0,0,0,0,0,0,0,0,0,0,0,0,0,0,0,0,39.9612,-75.1466, , 
 ,25803,2015042837,6,67,67301,2015,4,6,1914,19,3,1,1,7,5, , ,N,0,0,0,3,0,1,2,1,N, ,39 59:28.849,75 08:47.695,1920, ,1914, ,0, , , ,0, , , , , ,307847, , , ,1,0,0,0,1,0,0,0,0,0,0,1,1,0,0,0,0,0,0,0,0,0,0,2,0,0,0,0,0,0,0,0,0,0,0,4,0,39.9913,-75.1466, , 
 ,25804,2015056446,6,67,67301,2015,5,4,1,0,3,1,0,7,4, , ,N,0,0,0,3,0,0,1,1,N,N,39 58:37.092,75 14:25.267,22, ,22, ,0, , , ,0, , , , , ,307866, , , ,1,1,0,0,0,0,0,0,0,0,0,0,0,0,0,0,0,0,0,0,0,0,0,0,0,0,0,0,0,0,0,0,0,0,0,0,0,39.977,-75.2404, , 
 ,25805,2015056631,6,67,67301,2015,5,4,1217,12,1,1,0,5,1, , ,N,0,0,0,3,0,0,2,2,N,N,40 02:17.315,75 00:39.617,1230, ,1218,1,1,2,N, ,0,N, , , , ,307868, , , ,2,1,0,0,0,1,0,0,0,0,0,0,0,0,0,0,0,0,0,1,1,0,0,0,0,0,0,0,0,0,0,0,0,0,0,0,1,40.0381,-75.011, , 
 ,25806,2015061801,6,46,46102,2015,5,3,830,8,1,1,0,1,1, , ,N,0,2,0,3,0,0,4,3,N,N,40 03:58.020,75 08:39.532,905, ,900, ,0, ,N, ,3, , , , , ,307873, , , ,3,1,0,0,0,0,2,0,0,0,0,0,0,0,0,0,0,0,0,1,0,0,0,0,0,0,0,0,0,0,0,0,0,0,0,0,0,40.0661,-75.1443, , 
 ,25807,2015066336,6,67,67301,2015,6,3,950,9,1,1,1,7,5, , ,N,0,0,0,3,0,1,1,1,N,N,40 01:30.136,75 09:34.066,1023, ,1002, ,0, ,N, ,0, , , , , ,307877, , , ,1,1,0,0,0,0,0,0,0,0,0,1,1,0,0,0,0,0,0,0,0,0,0,0,0,0,0,0,0,0,0,0,0,0,0,4,0,40.025,-75.1595, , 
 ,25808,2015069693,6,67,67301,2015,6,7,710,7,1,1,0,7,4, , ,N,0,0,0,3,0,0,2,1,N,N,39 58:54.425,75 11:18.846,810, ,800, ,0, ,N, ,0, , , , , ,307881, , , ,1,1,0,0,0,0,0,0,0,0,0,0,0,0,0,0,0,0,0,0,0,0,0,0,0,0,0,0,0,0,0,0,0,0,0,0,0,39.9818,-75.1886, , 
 ,25809,2015073231,6,67,67301,2015,6,1,325,3,3,2,1,7,4, , ,N,0,0,0,3,0,2,2,1,N,N,40 01:39.489,75 05:58.307,329, ,325, ,0, ,N, ,0, , , , , ,307883, , , ,1,0,0,0,1,0,0,0,0,0,0,2,2,0,0,0,0,0,0,0,0,0,0,0,0,0,0,0,0,0,0,0,0,0,0,4,0,40.0276,-75.0995, , 
 ,25810,2015080710,6,67,67301,2015,7,7,952,9,1,1,0,1,1, , ,N,0,0,0,3,0,1,2,2,N,N,39 57:25.498,75 09:23.823,1007, ,955, ,0, ,N, ,0, , , , , ,307890, , , ,2,1,0,0,0,0,1,0,0,0,0,1,1,0,0,0,0,0,0,0,0,0,0,0,0,0,0,0,0,0,0,0,0,0,0,4,0,39.9571,-75.1566, , 
 ,25811,2015081103,6,67,67301,2015,7,4,2330,23,2,1,0,4,1, , ,N,1,2,1,3,0,1,2,2,N,N,39 55:58.105,75 11:11.075,37, ,35, ,0, ,N, ,3, , , , , ,307891, , , ,2,1,0,0,0,0,0,1,0,0,1,0,1,0,0,0,0,0,0,0,0,0,0,0,0,0,0,0,0,0,0,0,0,0,0,3,0,39.9328,-75.1864, , 
 ,25812,2015061841,6,67,67301,2015,5,5,1641,16,1,1,0,1,1, , ,N,1,2,0,3,0,4,6,4,N,N,39 55:51.967,75 10:23.350,1651, ,1648,3,2,2,N, ,3,Y, , , , ,307917, , , ,4,3,0,0,0,0,1,0,0,0,0,1,4,3,0,0,0,0,0,0,1,0,0,0,0,0,0,0,0,0,0,0,0,0,0,4,0,39.9311,-75.1732, , 
 ,25813,2015078298,6,67,67301,2015,7,6,1600,16,1,1,0,8,1, , ,N,1,2,0,3,0,1,2,2,N, ,39 57:40.266,75 14:49.451,1659, ,1655, ,0, , , ,3, , , , , ,307931, , , ,1,1,0,0,0,0,0,0,0,0,0,0,1,1,0,0,0,0,0,0,1,0,0,0,0,0,0,0,0,0,0,0,1,0,0,8,0,39.9612,-75.2471, , 
 ,25814,2015081040,6,67,67301,2015,7,5,924,9,1,1,0,3,1, , ,N,1,3,0,3,0,1,2,2,N,N,39 59:40.045,75 10:58.825,930, ,924, ,0, ,N, ,3, , , , , ,307936, , , ,2,1,0,0,0,0,0,1,0,0,0,1,1,0,0,0,0,0,0,0,0,0,0,0,0,0,0,0,0,0,0,0,0,0,0,4,0,39.9945,-75.183, , 
 ,25815,2015083399,6,67,67301,2015,7,1,920,9,1,1,0,5,1, , ,N,1,2,0,3,0,1,6,2,N,N,40 02:22.463,75 02:44.643,945, ,940, ,0, ,N, ,3, , , , , ,307938, , , ,2,0,0,0,0,0,1,1,0,0,0,1,1,0,0,0,0,0,0,0,2,0,0,0,0,0,0,0,0,0,0,0,0,0,0,4,0,40.0395,-75.0458, , 
 ,25816,2015097626,6,67,67301,2015,9,3,1415,14,1,1,0,5,1, , ,N,0,0,0,3,0,1,3,2,N,N,40 02:45.476,75 00:05.258,1440, ,1415, ,0, ,N, ,0, , , , , ,307948, , , ,2,1,0,0,1,0,0,0,0,0,0,1,1,0,0,0,0,0,0,0,1,0,0,0,0,0,0,0,0,0,0,0,0,0,0,4,1,40.046,-75.0015, , 
 ,25817,2015078694,6,67,67301,2015,7,4,910,9,1,2,1,4,1, , ,N,2,2,2,3,0,1,4,2,N, ,39 54:43.276,75 09:01.729,918, ,911,1,1,2, , ,3,N, , , , ,307974, , , ,2,2,0,0,0,0,0,0,0,0,0,1,1,0,0,0,0,0,0,0,0,1,0,0,0,0,0,0,0,0,0,0,0,0,0,4,0,39.912,-75.1505, , 
 ,25818,2015063018,6,67,67301,2015,6,4,1715,17,1,1,0,1,1, , ,N,0,0,0,3,0,0,3,2,N,N,39 58:43.110,75 12:09.918,1739, ,1720, ,0, ,N, ,0, , , , , ,301403, , , ,2,1,0,0,0,0,1,0,0,0,0,0,0,0,0,0,0,0,0,0,0,0,0,0,0,0,0,0,0,0,0,0,0,0,0,0,0,39.9786,-75.2028, , 
 ,25819,2015093500,6,67,67301,2015,8,3,458,4,3,2,1,5,1, , ,N,0,0,0,3,0,0,2,2,N,N,40 02:16.903,75 00:40.753,515, ,501,2,1,2,N, ,0,N, , , , ,301432, , , ,2,2,0,0,0,0,0,0,0,0,0,0,0,0,0,0,0,0,0,0,2,0,0,0,0,0,0,0,0,0,0,0,0,0,0,0,0,40.038,-75.0113, , 
 ,25820,2015095806,6,67,67301,2015,9,6,119,1,3,1,0,8,1, , ,N,1,2,0,3,0,1,2,2,N, ,39 58:29.722,75 14:06.187,120, ,115, ,0, ,N, ,3, , , , , ,301434, , , ,1,0,0,0,0,0,0,0,0,0,0,1,1,0,0,0,0,0,0,0,0,0,0,0,0,0,0,0,0,0,0,0,1,0,0,4,0,39.9749,-75.2351, , 
 ,25821,2015025111,6,67,67301,2015,2,5,1222,12,1,1,0,8,1, , ,N,0,0,0,3,0,1,2,2,N,N,40 00:31.111,75 06:05.857,1233, ,1229, ,0, ,N, ,0, , , , , ,301461, , , ,1,1,0,0,0,0,0,0,0,0,0,0,1,1,0,0,0,1,0,0,0,0,0,0,0,0,0,0,0,0,0,0,1,0,0,8,0,40.0086,-75.1016, , 
 ,25822,2015043202,6,67,67301,2015,4,5,1550,15,1,1,0,8,1, , ,N,0,0,0,3,0,1,3,2,N,N,40 01:14.419,75 03:12.336,1644, ,1634, ,0, ,N, ,0, , , , , ,301474, , , ,1,1,0,0,0,0,0,0,0,0,0,1,1,0,0,0,0,0,0,0,0,1,0,0,0,0,0,0,0,0,0,0,1,0,0,4,0,40.0207,-75.0534, , 
 ,25823,2015053934,6,67,67301,2015,5,1,320,3,3,1,0,7,4, , ,N,0,0,0,3,0,0,3,2,N,N,40 01:13.333,75 09:14.140,335, ,326,2,1,1,N, ,0,Y, , , , ,301484, , , ,2,2,0,0,0,0,0,0,0,0,0,0,0,0,1,0,0,0,0,0,0,0,0,0,0,0,0,0,0,0,0,0,0,0,0,9,0,40.0204,-75.1539, , 
 ,25824,2015056662,6,67,67301,2015,5,1,1516,15,1,1,0,5,1, , ,N,0,0,0,3,0,1,3,2,N,N,40 02:08.077,75 01:01.148,1522, ,1517,2,2,1,N, ,0,N, , , , ,301486, , , ,2,1,0,0,0,0,1,0,0,0,0,0,1,1,0,0,0,0,0,0,0,0,0,0,0,0,0,0,0,0,0,0,0,0,0,8,0,40.0356,-75.017, , 
 ,25825,2015063985,6,67,67301,2015,5,5,1910,19,1,1,0,4,1, , ,N,1,2,0,3,0,1,6,2,N, ,39 56:50.704,75 14:23.171,1928, ,1923, ,0, , , ,9, , , , , ,301493, , , ,2,1,0,0,0,0,1,0,0,0,0,1,1,0,0,0,0,0,0,0,0,0,1,0,0,0,0,0,0,0,0,0,0,0,0,4,0,39.9474,-75.2398, , 
 ,25826,2015049655,6,67,67301,2015,4,6,1626,16,1,1,0,5,1, , ,N,0,0,0,3,0,0,2,2,N,N,39 57:27.652,75 09:37.502,1657, ,1642, ,0, ,N, ,0, , , , , ,301503, , , ,2,0,0,0,0,0,0,2,0,0,0,0,0,0,0,0,0,0,0,0,0,0,0,0,0,0,0,0,0,0,0,0,0,0,0,0,0,39.9577,-75.1604, , 
 ,25827,2015051460,6,67,67301,2015,5,6,1636,16,1,1,0,1,6, , ,N,0,0,0,3,0,1,2,3,N,N,39 57:42.602,75 13:36.115,1640, ,1638,3,2,1,N, ,0,Y, , , , ,301505, , , ,3,3,0,0,0,0,0,0,0,0,0,1,1,0,0,0,0,0,0,0,0,0,0,0,0,0,0,0,0,0,0,0,0,0,0,4,0,39.9618,-75.2267, , 
 ,25828,2015054805,6,67,67301,2015,5,7,1316,13,1,1,0,1,1, , ,N,7,3,2,3,0,0,2,2,N,N,39 58:34.378,75 11:44.578,1331, ,1319, ,0, ,N, ,3, , , , , ,301507, , , ,2,2,0,0,0,0,0,0,0,0,0,0,0,0,0,0,0,0,0,0,1,0,0,0,0,0,0,0,0,0,0,0,0,0,0,0,0,39.9762,-75.1957, , 
 ,25829,2015073215,6,67,67301,2015,7,5,2315,23,3,1,0,4,1, , ,N,2,3,0,3,0,1,1,2,N,N,40 00:57.952,75 04:32.789,2339, ,2337, ,0, ,N, ,3, , , , , ,301529, , , ,2,1,0,0,0,0,0,1,0,0,0,1,1,0,0,0,0,0,0,0,0,0,0,0,0,0,0,0,0,0,0,0,0,0,0,4,0,40.0161,-75.0758, , 
 ,25830,2015083421,6,67,67301,2015,7,1,1900,19,1,1,0,8,1, , ,N,1,0,0,3,0,1,2,2,N,N,40 02:32.007,75 03:49.444,1907, ,1903, ,0, , , ,0, , , , , ,301538, , , ,1,1,0,0,0,0,0,0,0,0,0,1,1,0,0,0,0,0,0,0,0,0,0,0,0,0,0,0,0,0,0,0,1,0,0,4,0,40.0422,-75.0637, , 
 ,25831,2015051978,6,67,67301,2015,5,7,9999,99,1,1,0,4,1, , ,N,1,2,0,3,0,1,4,2,N,N,40 00:26.697,75 08:12.693,1359, ,1359, ,0, ,N, ,3, , , , , ,301552, , , ,2,1,0,0,0,1,0,0,0,0,0,0,1,1,0,0,0,0,0,0,1,0,0,0,0,0,0,0,0,0,0,0,0,0,0,8,1,40.0074,-75.1368, , 
 ,25832,2015071480,6,67,67301,2015,6,4,1348,13,1,1,0,1,1, , ,N,0,0,0,3,0,1,3,2,N,N,40 00:33.639,75 12:24.503,1410, ,1352, ,0, ,N, ,0, , , , , ,301569, , , ,2,1,0,0,0,0,1,0,0,0,0,1,1,0,0,0,0,0,0,0,0,0,0,0,0,0,0,0,0,0,0,0,0,0,0,4,0,40.0093,-75.2068, , 
 ,25833,2015079288,6,67,67301,2015,7,3,1155,11,1,1,0,1,1, , ,N,0,0,0,3,0,1,6,4,N,N,39 57:36.586,75 10:48.806,1159, ,1158,2,2,4,N, ,0,N, , , , ,301577, , , ,4,3,0,0,0,0,1,0,0,0,0,0,1,1,0,0,0,0,0,0,0,0,0,0,0,0,0,0,0,0,0,0,0,0,0,8,0,39.9602,-75.1802, , 
 ,25834,2015084040,6,67,67301,2015,8,5,1643,16,1,1,0,1,1, , ,N,6,0,2,3,0,1,2,2,N,N,39 58:27.765,75 07:06.664,1730, ,1704, ,0, ,N, ,0, , , , , ,301581, , , ,2,1,0,0,0,1,0,0,0,0,0,1,1,0,0,0,0,0,0,0,0,0,0,0,0,0,0,0,0,0,0,0,0,0,0,4,1,39.9781,-75.1114, , 
 ,25835,2015057160,6,67,67301,2015,4,7,707,7,1,1,0,0,4, , ,N,0,0,2,3,1,0,1,1,N,N,40 00:18.765,75 11:39.039,712, ,707,3,2,1,N,0,0,N, , , , ,301601, , , ,1,0,1,0,0,0,0,0,0,0,0,0,0,0,0,0,0,0,0,0,0,0,0,0,0,0,0,0,1,0,0,0,0,0,0,1,0,40.0052,-75.1942,2, 
 ,25836,2015066294,6,67,67301,2015,6,4,710,7,1,1,0,1,1, , ,N,0,2,0,3,0,1,3,2,N,N,40 03:38.381,74 59:24.227,735, ,730, ,0, ,N, ,3, , , , , ,301610, , , ,2,0,0,0,0,0,2,0,0,0,0,1,1,0,0,0,0,0,1,0,0,0,0,0,0,0,0,0,0,0,0,0,0,0,0,4,0,40.0607,-74.9901, , 
 ,25837,2015063982,6,67,67301,2015,6,3,342,3,3,2,1,7,4, , ,N,1,2,0,3,0,0,1,1,N,N,40 01:50.847,75 06:43.088,350, ,342, ,0, ,N, ,3, , , , , ,304553, , , ,1,1,0,0,0,0,0,0,0,0,0,0,0,0,1,0,0,0,0,0,0,0,0,0,0,0,0,0,0,0,0,0,0,0,0,9,0,40.0308,-75.112, , 
 ,25838,2015078262,6,67,67301,2015,7,6,1042,10,1,1,0,4,1, , ,N,1,2,0,3,0,1,4,4,N,N,40 01:50.138,75 04:57.471,1043, ,1042, ,0, ,N, ,3, , , , , ,304569, , , ,4,3,0,0,1,0,0,0,0,0,1,0,1,0,0,0,0,0,0,0,1,0,0,0,0,0,0,0,0,0,0,0,0,0,0,3,0,40.0306,-75.0826, , 
 ,25839,2015085217,6,67,67301,2015,8,7,10,0,3,1,0,4,1, , ,N,1,3,0,3,0,1,3,2,N, ,39 57:21.794,75 08:45.632,35, ,32,2,2,2, , ,3,Y, , , , ,304576, , , ,2,2,0,0,0,0,0,0,0,0,0,1,1,0,0,0,0,0,0,0,0,0,0,0,0,0,0,0,0,0,0,0,0,0,0,4,0,39.9561,-75.146, , 
 ,25840,2015085338,6,67,67301,2015,8,4,1432,14,1,1,0,4,1, , ,N,1,2,0,3,0,0,2,2,N, ,39 58:11.253,75 08:29.393,1530, ,1528, ,0, , , ,3, , , , , ,304577, , , ,2,2,0,0,0,0,0,0,0,0,0,0,0,0,0,0,0,0,0,0,0,0,0,0,0,0,0,0,0,0,0,0,0,0,0,0,0,39.9697,-75.1416, , 
 ,25841,2015086228,6,67,67301,2015,8,3,1900,19,1,1,0,0,1, , ,N,0,0,0,3,0,0,0,1,N,N,40 00:54.506,75 11:54.515,1920, ,1915,2,2,6,N, ,0,N, , , , ,304580, , , ,1,0,0,0,0,0,1,0,0,0,0,0,0,0,0,0,0,0,0,0,0,0,0,0,0,0,0,0,0,0,0,0,0,0,0,9,0,40.0151,-75.1985, , 
 ,25842,2015014613,6,67,67301,2015,1,7,325,3,3,1,0,7,2, , ,N,0,0,0,3,0,1,1,1,N,N,39 58:52.348,75 12:24.589,332, ,326,2,2,3,N, ,0,N, , , , ,304588, , , ,1,1,0,0,0,0,0,0,0,0,0,1,1,0,0,0,0,0,0,0,0,0,0,0,0,0,0,0,0,0,0,0,0,0,0,4,0,39.9812,-75.2068, , 
 ,25843,2015047550,6,67,67301,2015,4,1,22,0,3,1,0,4,1, , ,N,5,2,2,3,0,0,5,2,N,N,39 57:27.542,75 09:44.544,29, ,26,1,1,3, , ,3,N, , , , ,304617, , , ,2,2,0,0,0,0,0,0,0,0,0,0,0,0,0,0,0,0,1,0,0,0,0,0,0,0,0,0,0,0,0,0,0,0,0,0,0,39.9577,-75.1624, , 
 ,25844,2015051438,6,67,67301,2015,4,1,2200,22,3,1,0,4,1, , ,N,0,0,0,3,0,1,2,2,N, ,39 59:13.730,75 09:21.440,2233, ,2233, ,0, , , ,0, , , , , ,304623, , , ,2,1,1,0,0,0,0,0,0,0,0,1,1,0,0,0,0,0,0,0,0,0,0,0,0,0,0,0,0,0,0,0,0,0,0,4,0,39.9871,-75.156, , 
 ,25845,2015054365,6,67,67301,2015,5,4,627,6,1,1,0,8,1, , ,N,1,2,0,3,0,1,2,2,N,N,40 03:40.446,75 05:00.751,635, ,627, ,0, ,N, ,3, , , , , ,304626, , , ,1,1,0,0,0,0,0,0,0,0,0,0,1,1,0,0,0,0,0,0,0,0,0,0,0,0,0,0,0,0,0,0,1,0,0,8,0,40.0612,-75.0835, , 
 ,25846,2015069752,6,67,67301,2015,6,2,2205,22,3,1,0,5,1, , ,N,0,0,0,3,0,0,1,2,N,N,40 06:54.838,75 01:47.460,2215, ,2211, ,0, ,N, ,0, , , , , ,304639, , , ,2,1,0,0,0,0,1,0,0,0,0,0,0,0,1,0,0,0,0,0,0,0,0,0,0,0,0,0,0,0,0,0,0,0,0,9,0,40.1152,-75.0299, , 
 ,25847,2015077827,6,67,67301,2015,7,5,1730,17,1,1,0,1,1, , ,N,0,2,0,3,0,1,3,3,N,N,40 06:31.309,75 01:33.847,1731, ,1730,9,1,2,N, ,3,N, , , , ,304647, , , ,3,2,0,0,0,0,1,0,0,0,0,0,1,1,1,0,0,0,0,0,0,1,0,0,0,0,0,0,0,0,0,0,0,0,0,8,0,40.1087,-75.0261, , 