wz_ln_closure,objectid_1,crn,district,county,municipality,crash_year,crash_month,day_of_week,time_of_day,hour_of_day,illumination,weather,road_condition,collision_type,relation_to_road,work_zone_type,work_zone_loc,work_zone_ind,intersect_type,tcd_type,location_type,urban_rural,fatal_count,injury_count,person_count,total_units,sch_bus_ind,sch_zone_ind,latitude,longitude,arrival_tm,cons_zone_spd_lim,dispatch_tm,est_hrs_closed,lane_closed,ln_close_dir,ntfy_hiwy_maint,spec_juris_cd,tcd_func_cd,tfc_detour_ind,workers_pres,wz_close_detour,wz_flagger,wz_law_offcr_ind,objectid,wz_moving,wz_other,wz_shlder_mdn,vehicle_count,automobile_count,motorcycle_count,bus_count,small_truck_count,heavy_truck_count,suv_count,van_count,bicycle_count,maj_inj_count,mod_inj_count,min_inj_count,tot_inj_count,unk_inj_deg_count,unk_inj_per_count,driver_count_16yr,driver_count_17yr,driver_count_18yr,driver_count_19yr,driver_count_20yr,driver_count_50_64yr,driver_count_65_74yr,driver_count_75plus,unbelted_occ_count,unb_death_count,unb_maj_inj_count,belted_death_count,belted_maj_inj_count,mcycle_death_count,mcycle_maj_inj_count,bicycle_death_count,bicycle_maj_inj_count,ped_count,ped_death_count,ped_maj_inj_count,max_severity_level,comm_veh_count,dec_lat,dec_long,rdwy_surf_type_cd,county_name
 ,25848,2015078269,6,67,67301,2015,7,4,1330,13,1,2,1,6,6, , ,N,0,0,0,3,0,0,1,4,N,N,39 57:42.404,75 11:39.292,1337, ,1335, ,0, ,N, ,0, , , , , ,304648, , , ,4,3,0,0,0,0,1,0,0,0,0,0,0,0,0,0,0,0,0,0,1,0,0,0,0,0,0,0,0,0,0,0,0,0,0,0,0,39.9618,-75.1942, , 
 ,25849,2015080279,6,67,67301,2015,7,7,1755,17,1,1,0,4,1, , ,N,1,2,0,3,0,2,3,2,N,N,39 59:40.216,75 13:05.162,1917, ,909, ,0, ,N, ,3, , , , , ,304651, , , ,2,1,0,0,0,0,1,0,0,0,2,0,2,0,0,0,0,0,0,0,0,1,0,0,0,0,0,0,0,0,0,0,0,0,0,3,0,39.9945,-75.2181, , 
 ,25850,2015091037,6,67,67301,2015,8,7,1244,12,1,1,0,4,1, , ,N,2,2,0,3,0,1,4,2,N,N,39 58:40.830,75 16:00.367,1244, ,1241,2,2,6,N, ,3,Y, , , , ,304663, , , ,2,0,1,0,0,0,1,0,0,0,0,0,1,1,3,0,0,0,0,0,0,0,0,0,0,0,0,0,0,0,0,0,0,0,0,8,0,39.978,-75.2668, , 
 ,25851,2015093536,6,67,67301,2015,8,4,844,8,1,1,0,1,1, , ,N,0,0,0,3,0,0,2,2,N,N,39 58:47.480,75 06:21.832,902, ,856,1,1,2,N, ,0,N, , , , ,304665, , , ,2,1,0,0,0,1,0,0,0,0,0,0,0,0,0,0,0,0,1,0,0,0,0,0,0,0,0,0,0,0,0,0,0,0,0,0,1,39.9799,-75.1061, , 
 ,25852,2015093553,6,67,67301,2015,8,7,1200,12,1,1,0,1,1, , ,N,0,0,0,3,0,0,2,2,N,N,39 58:06.070,75 07:46.758,1221, ,1207, ,0, ,N, ,0, , , , , ,304666, , , ,2,2,0,0,0,0,0,0,0,0,0,0,0,0,0,0,0,0,0,0,1,0,0,0,0,0,0,0,0,0,0,0,0,0,0,0,0,39.9684,-75.1297, , 
 ,25853,2015053984,6,67,67301,2015,4,5,2141,21,3,1,0,4,1, , ,N,1,0,0,3,0,1,2,2,N,N,39 57:13.102,75 11:55.145,2145, ,2141, ,0, ,N, ,0, , , , , ,304719, , , ,1,0,0,0,0,0,1,0,1,0,1,0,1,0,0,0,0,0,0,0,1,0,0,0,0,0,0,0,0,0,0,0,0,0,0,3,0,39.9536,-75.1986, , 
 ,25854,2015056957,6,67,67301,2015,5,1,2230,22,3,1,0,4,1, , ,N,1,2,0,3,0,0,2,2,N,N,40 02:34.004,75 06:48.689,357, ,346, ,0, ,N, ,3, , , , , ,304730, , , ,2,1,0,0,0,0,0,1,0,0,0,0,0,0,2,0,0,0,0,0,1,0,0,0,0,0,0,0,0,0,0,0,0,0,0,9,0,40.0427,-75.1136, , 
 ,25855,2015069735,6,67,67301,2015,6,1,730,7,1,1,0,4,1, , ,N,1,2,0,3,0,3,4,2,N,N,39 59:39.070,75 06:41.033,733, ,730, ,0, ,N, ,3, , , , , ,310478, , , ,2,0,0,0,0,0,1,1,0,0,0,0,3,3,0,0,0,0,1,0,0,0,0,1,0,0,0,0,0,0,0,0,0,0,0,8,0,39.9942,-75.1114, , 
 ,25856,2015081110,6,67,67301,2015,7,3,2326,23,3,1,0,7,5, , ,N,2,3,0,3,0,0,1,1,N,N,39 59:35.488,75 04:53.544,2340, ,2333,2,1,5,N, ,3,Y, , , , ,310493, , , ,1,1,0,0,0,0,0,0,0,0,0,0,0,0,1,0,0,0,0,0,0,0,0,0,0,0,0,0,0,0,0,0,0,0,0,9,0,39.9932,-75.0815, , 
N,25857,2015082828,6,67,67301,2015,7,2,2037,20,3,1,0,7,2,1,4,Y,0,8,0,3,0,0,1,1,N,N,40 01:21.487,75 02:11.567,2045,45,2037,2,2,1,N, ,3,N,U,N,N,N,310495,N,N,Y,1,1,0,0,0,0,0,0,0,0,0,0,0,0,0,0,0,0,0,0,0,0,0,0,0,0,0,0,0,0,0,0,0,0,0,0,0,40.0226,-75.0365, , 
 ,25858,2015088340,6,67,67301,2015,8,3,945,9,1,9,8,8,1, , ,N,2,0,0,3,1,0,2,2,N,N,39 57:17.713,75 09:05.995,950, ,947, ,0, , ,0,0, , , , , ,310503, , , ,1,0,0,1,0,0,0,0,0,0,0,0,0,0,0,0,0,0,0,0,0,0,0,0,0,0,0,0,0,0,0,0,1,1,0,1,1,39.9549,-75.1517,2, 
 ,25859,2015051990,6,67,67301,2015,5,7,1511,15,1,1,0,5,1, , ,N,0,0,0,3,0,1,2,2,N,N,40 00:53.389,75 06:31.871,1522, ,1518, ,0, ,N, ,0, , , , , ,310513, , , ,2,1,0,0,0,0,1,0,0,0,1,0,1,0,0,0,0,0,0,0,0,0,0,0,0,0,0,0,0,0,0,0,0,0,0,3,0,40.0148,-75.1089, , 
 ,25860,2015081046,6,67,67301,2015,7,4,2000,20,3,1,0,4,1, , ,N,1,2,0,3,0,2,4,3,N,N,40 01:00.965,75 09:05.545,2008, ,2006, ,0, , , ,3, , , , , ,310518, , , ,3,2,0,0,0,0,1,0,0,0,0,2,2,0,0,0,0,0,0,0,3,0,0,0,0,0,0,0,0,0,0,0,0,0,0,4,0,40.0169,-75.1516, , 
 ,25861,2015081132,6,67,67301,2015,7,7,1726,17,1,1,0,4,1, , ,N,1,3,0,3,0,2,3,2,N, ,40 04:11.348,75 10:14.411,1728, ,1727, ,0, , , ,3, , , , , ,310519, , , ,2,2,0,0,0,0,0,0,0,0,0,2,2,0,0,0,0,0,0,0,0,1,0,0,0,0,0,0,0,0,0,0,0,0,0,4,0,40.0698,-75.1707, , 
 ,25862,2015061713,6,67,67301,2015,5,7,2000,20,4,1,0,4,1, , ,N,1,2,0,3,0,1,2,2,N, ,39 57:19.443,75 10:16.111,2015, ,2005, ,0, , , ,3, , , , , ,310573, , , ,2,2,0,0,0,0,0,0,0,0,1,0,1,0,0,0,0,0,0,0,0,0,0,0,0,0,0,0,0,0,0,0,0,0,0,3,0,39.9554,-75.1711, , 
 ,25863,2015086204,6,67,67301,2015,8,2,635,6,1,1,0,8,1, , ,N,0,0,0,3,0,1,2,2,N,N,39 53:28.198,75 14:35.273,715, ,709, ,0, , , ,0, , , , , ,310593, , , ,1,0,0,0,0,0,0,0,0,0,0,0,1,1,0,0,0,0,0,0,0,0,0,0,0,0,0,0,0,0,0,0,1,0,0,8,0,39.8912,-75.2431, , 
 ,25864,2015092913,6,67,67301,2015,8,5,901,9,1,1,0,4,1, , ,N,2,0,0,3,0,2,2,2,N, ,40 04:16.503,75 11:09.112,911, ,908,1,1,1, , ,0,N, , , , ,310597, , , ,2,2,0,0,0,0,0,0,0,0,0,2,2,0,0,0,1,0,0,0,0,0,0,0,0,0,0,0,0,0,0,0,0,0,0,4,0,40.0713,-75.1859, , 
 ,25865,2015042738,6,67,67301,2015,4,2,1932,19,3,1,0,1,1, , ,N,1,2,0,3,0,1,2,2,N,N,40 00:05.796,75 07:42.898,2058, ,2056, ,0, ,N, ,3, , , , , ,310606, , , ,2,2,0,0,0,0,0,0,0,0,0,1,1,0,0,0,0,0,1,0,1,0,0,0,0,0,0,0,0,0,0,0,0,0,0,4,0,40.0016,-75.1286, , 
 ,25866,2015045566,6,67,67301,2015,4,5,124,1,3,6,1,7,2, , ,N,0,0,0,3,0,0,1,1,N,N,39 57:35.773,75 10:45.437,124, ,124, ,0, ,N, ,0, , , , , ,310607, , , ,1,1,0,0,0,0,0,0,0,0,0,0,0,0,0,0,0,0,0,0,0,0,0,0,0,0,0,0,0,0,0,0,0,0,0,0,0,39.9599,-75.1793, , 
 ,25867,2015054792,6,67,67301,2015,5,6,1200,12,1,1,0,1,1, , ,N,0,0,0,3,0,1,3,2,N,N,39 59:38.522,75 11:57.104,1208, ,1200, ,0, ,N, ,0, , , , , ,310610, , , ,2,1,0,0,0,0,1,0,0,0,0,0,1,1,0,0,0,0,0,0,1,0,0,0,0,0,0,0,0,0,0,0,0,0,0,8,0,39.994,-75.1992, , 
 ,25868,2015088777,6,67,67301,2015,8,3,1311,13,1,1,0,4,1, , ,N,2,2,2,3,0,1,2,2,N,N,39 58:29.022,75 11:53.809,1328, ,1322, ,0, , , ,3, , , , , ,310639, , , ,2,2,0,0,0,0,0,0,0,0,0,1,1,0,0,0,0,0,0,0,0,1,0,2,0,0,0,0,0,0,0,0,0,0,0,4,0,39.9747,-75.1983, , 
 ,25869,2015095323,6,67,67301,2015,8,4,1105,11,1,1,0,1,1, , ,N,7,0,2,3,0,1,5,3,N,N,39 59:04.486,75 05:44.336,1113, ,1105, ,0, ,N, ,0, , , , , ,310646, , , ,3,2,0,0,0,0,1,0,0,0,0,0,1,1,1,0,0,0,0,0,1,0,0,0,0,0,0,0,0,0,0,0,0,0,0,8,0,39.9832,-75.0987, , 
 ,25870,2015083433,6,67,67301,2015,7,3,1630,16,1,1,0,1,1, , ,N,1,2,0,3,0,1,5,2,N,N,40 04:27.539,75 02:05.367,1635, ,1632,1,1,1, , ,3,N, , , , ,310679, , , ,2,1,0,0,0,0,0,1,0,0,0,1,1,0,0,0,0,0,0,0,0,0,0,2,0,0,0,0,0,0,0,0,0,0,0,4,0,40.0743,-75.0348, , 
 ,25871,2015085332,6,67,67301,2015,8,4,230,2,3,1,0,1,1, , ,N,1,2,0,3,0,1,2,2,N,N,40 01:05.185,75 08:04.246,242, ,237,9,2,7, , ,3,Y, , , , ,310684, , , ,2,2,0,0,0,0,0,0,0,0,0,0,1,1,0,0,0,0,0,0,1,0,0,1,0,0,0,0,0,0,0,0,0,0,0,8,0,40.0181,-75.1345, , 
 ,25872,2015093012,6,67,67301,2015,8,2,2035,20,3,1,0,8,1, , ,N,0,0,0,3,0,1,2,2,N,N,40 03:55.327,75 10:32.195,2040, ,2040, ,0, ,N, ,0, , , , , ,310695, , , ,1,1,0,0,0,0,0,0,0,0,0,0,1,1,0,0,0,0,0,0,0,0,1,0,0,0,0,0,0,0,0,0,1,0,0,8,0,40.0654,-75.1756, , 
 ,25873,2015103321,6,67,67301,2015,9,7,1619,16,1,1,0,4,1, , ,N,1,2,0,3,0,2,4,2,N,N,40 02:22.401,75 05:03.893,1630, ,1621,2,2,2,N, ,3,Y, , , , ,307995, , , ,2,1,0,0,0,0,0,1,0,0,0,0,2,2,0,0,0,0,0,0,0,0,0,0,0,0,0,0,0,0,0,0,0,0,0,8,0,40.0396,-75.0844, , 
 ,25874,2015015984,6,67,67301,2015,1,5,2055,20,2,1,0,7,4, , ,N,0,0,0,3,0,1,1,1,N,N,39 55:20.820,75 08:52.114,2105, ,2055,1,1,2,N, ,0,N, , , , ,308018, , , ,1,1,0,0,0,0,0,0,0,0,1,0,1,0,0,0,0,0,0,1,0,0,0,0,0,0,0,0,0,0,0,0,0,0,0,3,0,39.9225,-75.1478, , 
 ,25875,2015034176,6,67,67301,2015,2,6,1236,12,1,1,0,1,1, , ,N,0,2,0,3,0,0,3,3,N,N,40 01:55.091,75 03:48.291,1239, ,1236,2,2,2,N, ,3,Y, , , , ,308034, , , ,3,2,0,0,0,0,0,1,0,0,0,0,0,0,1,0,0,0,0,0,2,0,0,0,0,0,0,0,0,0,0,0,0,0,0,9,0,40.032,-75.0634, , 
 ,25876,2015042753,6,67,67301,2015,4,6,2057,20,3,1,1,4,1, , ,N,2,3,0,3,0,1,2,2,N, ,40 02:05.820,75 09:41.093,2110, ,2100, ,0, , , ,3, , , , , ,308042, , , ,1,1,0,0,0,0,0,0,1,0,0,1,1,0,0,0,0,0,0,0,0,0,0,1,0,0,0,0,0,0,0,0,0,0,0,4,0,40.035,-75.1614, , 
 ,25877,2015045464,6,67,67301,2015,4,7,325,3,3,1,0,4,1, , ,N,5,2,0,3,0,1,2,2,N,N,39 58:10.092,75 08:22.485,333, ,327, ,0, ,N, ,3, , , , , ,308045, , , ,2,1,0,0,0,0,1,0,0,0,0,1,1,0,0,0,0,0,0,0,2,0,0,0,0,0,0,0,0,0,0,0,0,0,0,4,0,39.9695,-75.1395, , 
 ,25878,2015075681,6,67,67301,2015,7,6,1902,19,1,1,0,4,1, , ,N,2,2,7,3,0,1,4,2,N, ,39 58:47.791,75 08:36.423,1939, ,1939,1,1,4, , ,3,N, , , , ,308065, , , ,2,0,0,0,0,0,1,1,0,0,0,0,1,1,0,0,0,0,0,0,0,1,0,0,0,0,0,0,0,0,0,0,0,0,0,8,0,39.9799,-75.1435, , 
 ,25879,2015087382,6,67,67301,2015,4,7,915,9,1,1,0,1,1, , ,N,1,2,0,3,0,1,2,2,N,N,40 03:11.142,75 08:15.907,0, ,0, ,0, ,N, ,3, , , , , ,308081, , , ,2,1,0,0,0,0,1,0,0,0,0,0,1,1,0,0,0,0,0,0,0,0,0,0,0,0,0,0,0,0,0,0,0,0,0,8,0,40.0531,-75.1378, , 
 ,25880,2015089605,6,67,67301,2015,8,2,955,9,1,1,0,6,1, , ,N,0,0,0,3,0,0,3,3,N,N,40 01:35.849,75 11:36.278,1001, ,956,2,1,2,N, ,0,N, , , , ,308084, , , ,3,1,0,0,0,0,2,0,0,0,0,0,0,0,0,0,0,0,0,0,1,0,0,0,0,0,0,0,0,0,0,0,0,0,0,0,0,40.0266,-75.1934, , 
 ,25881,2015091082,6,67,67301,2015,8,6,1510,15,1,1,0,5,1, , ,N,0,0,0,3,0,1,2,2,N,N,39 57:41.768,75 09:17.070,1520, ,1517, ,0, ,N, ,0, , , , , ,308088, , , ,1,0,0,0,0,0,0,1,1,0,0,1,1,0,0,0,0,0,0,0,0,0,0,0,0,0,0,0,0,0,0,0,0,0,0,4,0,39.9616,-75.1547, , 
 ,25882,2015098168,6,67,67301,2015,9,2,1208,12,1,1,0,7,5, , ,N,0,0,0,3,0,1,1,1,N,N,40 01:40.608,75 01:27.369,1212, ,1209,1,1,2,Y, ,0,N, , , , ,308098, , , ,1,0,0,0,0,0,1,0,0,0,0,0,1,1,0,0,0,0,0,0,0,0,0,1,0,0,0,0,0,0,0,0,0,0,0,8,0,40.0279,-75.0243, , 
N,25883,2015056667,6,67,67301,2015,5,3,753,7,1,1,0,1,1,1,8,Y,0,0,0,3,0,3,6,3,N,N,40 01:14.163,75 02:33.328,807,55,755, ,0, ,N, ,0, ,Y,N,N,N,308103,N,N,Y,3,1,0,0,1,0,1,0,0,0,0,0,3,3,0,0,0,0,0,0,1,0,0,1,0,0,0,0,0,0,0,0,0,0,0,8,0,40.0206,-75.0426, , 
 ,25884,2015075713,6,67,67301,2015,7,6,1915,19,4,1,0,4,1, , ,N,1,3,0,3,0,1,3,2,N,N,40 03:50.306,75 03:34.568,2022, ,2022, ,0, ,N, ,3, , , , , ,308119, , , ,2,1,0,0,0,0,1,0,0,0,1,0,1,0,0,0,0,0,0,0,1,0,0,0,0,0,0,0,0,0,0,0,0,0,0,3,0,40.064,-75.0596, , 
 ,25885,2015083405,6,67,67301,2015,7,6,840,8,1,1,0,5,1, , ,N,0,0,0,3,0,1,3,2,N,N,39 56:17.026,75 10:08.104,848, ,845,1,1,3,N, ,0,N, , , , ,308127, , , ,2,2,0,0,0,0,0,0,0,0,0,1,1,0,0,0,0,0,0,0,1,0,0,0,0,0,0,0,0,0,0,0,0,0,0,4,0,39.9381,-75.1689, , 
 ,25886,2015087082,6,67,67301,2015,8,1,330,3,3,1,0,8,4, , ,N,0,0,0,3,1,0,3,3,N,N,40 02:38.433,75 13:03.976,340, ,335, ,0, ,N,0,0, , , , , ,308131, , , ,1,0,0,0,0,0,1,0,0,0,0,0,0,0,0,0,0,0,1,0,0,0,0,0,0,0,0,0,0,0,0,0,1,1,0,1,0,40.044,-75.2178,2, 
 ,25887,2015091065,6,67,67301,2015,8,3,1555,15,1,1,0,8,1, , ,N,0,0,0,3,0,1,3,2,N,N,40 04:19.484,75 09:36.129,1604, ,1559, ,0, , , ,0, , , , , ,308133, , , ,1,1,0,0,0,0,0,0,0,0,0,1,1,0,0,0,0,0,0,0,0,0,0,0,0,0,0,0,0,0,0,0,1,0,0,4,0,40.0721,-75.16, , 
 ,25888,2015099024,6,67,67301,2015,9,1,1218,12,1,1,0,4,1, , ,N,1,2,0,3,0,1,2,2,N,N,40 03:55.668,75 03:09.739,1219, ,1219, ,0, ,N, ,3, , , , , ,308139, , , ,2,1,0,0,1,0,0,0,0,0,1,0,1,0,0,0,0,0,0,1,0,0,0,0,0,0,0,0,0,0,0,0,0,0,0,3,0,40.0655,-75.0525, , 
 ,25889,2015106454,6,67,67301,2015,9,4,1500,15,1,1,0,4,1, , ,N,1,2,1,3,0,1,3,2,N, ,39 55:22.764,75 11:18.725,1508, ,1505, ,0, , , ,3, , , , , ,308146, , , ,2,2,0,0,0,0,0,0,0,0,0,1,1,0,0,0,0,0,0,0,1,0,0,0,0,0,0,0,0,0,0,0,0,0,0,4,0,39.923,-75.1885, , 
 ,25890,2015053931,6,67,67301,2015,5,7,700,7,1,5,0,4,1, , ,N,1,2,0,3,0,0,2,2,N,N,39 56:53.175,75 09:15.257,722, ,722, ,0, , , ,3, , , , , ,308157, , , ,2,0,0,0,1,0,1,0,0,0,0,0,0,0,0,0,0,0,0,0,1,0,0,0,0,0,0,0,0,0,0,0,0,0,0,0,0,39.9481,-75.1542, , 
 ,25891,2015073686,6,67,67301,2015,6,1,1155,11,1,1,0,1,1, , ,N,1,2,0,3,0,1,2,2,N, ,39 57:59.706,75 12:48.689,1213, ,1200,1,2,6, , ,3,Y, , , , ,301617, , , ,2,1,0,0,0,0,1,0,0,0,0,1,1,0,1,0,0,0,0,0,0,0,0,0,0,0,0,0,0,0,0,0,0,0,0,4,0,39.9666,-75.2135, , 
 ,25892,2015085289,6,67,67301,2015,7,6,1545,15,1,1,0,4,1, , ,N,1,2,1,3,0,1,2,3,N,N,39 57:42.285,75 14:19.698,1747, ,1745, ,0, ,N, ,3, , , , , ,301632, , , ,3,1,0,0,0,0,1,1,0,0,0,1,1,0,1,0,0,0,0,0,0,0,0,0,0,0,0,0,0,0,0,0,0,0,0,4,0,39.9616,-75.2388, , 
 ,25893,2015012348,6,67,67301,2015,1,3,1225,12,1,4,3,4,6, , ,N,1,3,0,3,0,0,2,2,N, ,39 58:24.916,75 14:49.984,1245, ,1237, ,0, , , ,3, , , , , ,301650, , , ,2,1,0,0,0,0,1,0,0,0,0,0,0,0,0,0,0,0,0,0,1,0,0,0,0,0,0,0,0,0,0,0,0,0,0,0,0,39.9736,-75.2472, , 
N,25894,2015018467,6,67,67301,2015,2,3,636,6,1,1,6,5,1,1,4,Y,0,0,0,3,0,0,2,2,N,N,39 58:36.716,75 06:49.608,640,45,640,1,1,1,N, ,0,N,N,N,N,N,301660,N,Y,N,2,1,0,0,0,1,0,0,0,0,0,0,0,0,0,0,0,0,0,0,0,0,0,0,0,0,0,0,0,0,0,0,0,0,0,0,1,39.9769,-75.1138, , 
 ,25895,2015029987,6,67,67301,2015,2,3,400,4,3,4,3,5,1, , ,N,0,0,0,3,0,1,3,3,N, ,40 00:43.938,75 10:54.094,417, ,409, ,0, , , ,0, , , , , ,301672, , , ,3,2,0,0,0,0,1,0,0,0,1,0,1,0,0,0,0,0,0,0,2,0,0,0,0,0,0,0,0,0,0,0,0,0,0,3,0,40.0122,-75.1817, , 
 ,25896,2015031589,6,67,67301,2015,3,4,627,6,1,2,1,1,1, , ,N,0,0,0,3,0,0,5,2,N,N,39 58:56.829,75 06:01.145,702, ,630, ,0, ,N, ,0, , , , , ,301673, , , ,2,2,0,0,0,0,0,0,0,0,0,0,0,0,0,0,0,0,0,0,0,0,0,0,0,0,0,0,0,0,0,0,0,0,0,0,0,39.9825,-75.1003, , 
 ,25897,2015042827,6,67,67301,2015,4,7,1247,12,1,1,0,5,6, , ,N,0,0,0,3,0,2,3,4,N, ,39 57:13.762,75 09:30.473,1250, ,1247, ,0, , , ,0, , , , , ,301681, , , ,2,2,0,0,0,0,0,0,0,0,0,2,2,0,0,0,0,0,0,0,0,0,1,0,0,0,0,0,0,0,0,0,2,0,0,4,0,39.9538,-75.1585, , 
 ,25898,2015002248,6,67,67301,2015,1,1,1957,19,3,2,1,7,3, , ,N,0,0,0,3,0,0,1,1,N,N,39 53:18.818,75 14:29.763,2010, ,1959, ,0, ,Y, ,0, , , , , ,301688, , , ,1,1,0,0,0,0,0,0,0,0,0,0,0,0,0,0,0,0,0,0,0,0,0,0,0,0,0,0,0,0,0,0,0,0,0,0,0,39.8886,-75.2416, , 
 ,25899,2015063918,6,67,67301,2015,6,4,1045,10,1,1,0,4,1, , ,N,1,2,0,3,0,1,2,2,N,N,39 59:28.136,75 05:42.179,1105, ,1100, ,0, ,N, ,3, , , , , ,301709, , , ,2,1,0,1,0,0,0,0,0,0,0,1,1,0,0,0,0,0,0,0,1,1,0,0,0,0,0,0,0,0,0,0,0,0,0,4,1,39.9911,-75.095, , 
 ,25900,2015063524,6,67,67301,2015,6,1,1844,18,1,1,0,4,1, , ,N,1,3,0,3,0,1,2,2,N,N,39 59:56.342,75 08:43.267,1848, ,1845, ,0, ,N, ,3, , , , , ,301738, , , ,1,1,0,0,0,0,0,0,1,0,0,1,1,0,0,0,0,0,0,0,0,0,0,0,0,0,0,0,0,0,0,0,0,0,0,4,0,39.999,-75.1454, , 
 ,25901,2015018991,6,67,67301,2015,1,5,1939,19,3,1,0,8,1, , ,N,1,2,0,3,0,1,2,2,N,N,39 56:56.688,75 09:43.661,1939, ,1939,1,1,4,N, ,3,N, , , , ,301747, , , ,1,0,0,0,0,0,1,0,0,0,0,1,1,0,0,0,0,0,0,0,0,0,0,0,0,0,0,0,0,0,0,0,1,0,0,4,0,39.9491,-75.162, , 
 ,25902,2015030006,6,67,67301,2015,2,7,302,3,3,9,0,4,1, , ,N,1,2,0,3,0,0,2,5,N,N,39 58:12.826,75 08:42.073,320, ,302, ,0, ,N, ,3, , , , , ,301762, , , ,5,1,0,0,0,0,3,0,0,0,0,0,0,0,1,0,0,0,0,0,1,0,0,0,0,0,0,0,0,0,0,0,0,0,0,9,0,39.9702,-75.1451, , 
 ,25903,2015028883,6,67,67301,2015,2,7,2153,21,3,4,3,1,1, , ,N,6,0,2,3,0,1,3,2,N,N,40 01:11.152,75 08:36.668,2210, ,2155, ,0, ,N, ,0, , , , , ,301805, , , ,2,2,0,0,0,0,0,0,0,0,0,1,1,0,0,0,0,0,0,1,0,0,0,0,0,0,0,0,0,0,0,0,0,0,0,4,0,40.0198,-75.1435, , 
 ,25904,2015030002,6,67,67301,2015,2,4,745,7,1,1,0,4,1, , ,N,1,2,0,3,0,0,4,2,N,N,39 54:58.981,75 10:03.077,755, ,750,2,1,3,N, ,3,N, , , , ,301807, , , ,2,1,0,0,0,0,1,0,0,0,0,0,0,0,0,0,0,0,0,0,0,0,0,0,0,0,0,0,0,0,0,0,0,0,0,0,0,39.9163,-75.1676, , 
 ,25905,2015036685,6,67,67301,2015,3,2,1636,16,1,1,0,5,1, , ,N,0,0,0,3,0,0,3,2,N,N,40 00:01.856,75 08:52.627,1644, ,1643, ,0, ,N, ,0, , , , , ,301813, , , ,2,1,0,0,0,0,1,0,0,0,0,0,0,0,0,0,0,0,0,0,1,0,0,0,0,0,0,0,0,0,0,0,0,0,0,0,0,40.0005,-75.148, , 
 ,25906,2015044361,6,67,67301,2015,4,4,824,8,1,1,0,4,1, , ,N,1,3,0,3,0,0,2,2,N,N,40 01:06.321,75 11:10.226,830, ,824, ,0, ,N, ,3, , , , , ,301818, , , ,2,1,0,0,0,0,1,0,0,0,0,0,0,0,0,0,0,0,0,0,1,0,0,0,0,0,0,0,0,0,0,0,0,0,0,0,0,40.0184,-75.1862, , 
 ,25907,2015047562,6,67,67301,2015,4,6,820,8,1,8,8,6,1, , ,N,0,0,0,3,0,1,2,2,N, ,40 00:41.774,75 06:32.529,822, ,815, ,0, , , ,0, , , , , ,301820, , , ,2,1,0,0,1,0,0,0,0,0,0,1,1,0,0,0,0,0,0,0,0,1,0,0,0,0,0,0,0,0,0,0,0,0,0,4,0,40.0116,-75.109, , 
 ,25908,2015042838,6,67,67301,2015,3,2,2006,20,3,1,0,5,6, , ,N,0,0,0,3,0,1,1,4,N,N,39 58:58.908,75 07:33.824,2008, ,2008, ,0, ,N, ,0, , , , , ,301868, , , ,4,2,0,0,0,0,2,0,0,0,1,0,1,0,0,0,0,0,0,0,0,0,0,0,0,0,0,0,0,0,0,0,0,0,0,3,0,39.983,-75.1261, , 
 ,25909,2015015597,6,67,67301,2015,1,1,1923,19,3,2,1,4,1, , ,N,2,2,0,3,0,3,6,2,N, ,40 03:44.577,75 02:33.887,1940, ,1930,1,2,2, , ,3,Y, , , , ,304735, , , ,2,1,0,0,0,0,0,1,0,1,1,1,3,0,0,0,0,0,0,0,0,0,0,0,0,0,0,1,0,0,0,0,0,0,0,2,0,40.0624,-75.0427, , 
 ,25910,2015022409,6,67,67301,2015,2,1,330,3,3,1,0,4,1, , ,N,1,2,0,3,0,3,3,2,N, ,39 59:29.442,75 08:10.101,348, ,335, ,0, , , ,3, , , , , ,304741, , , ,2,2,0,0,0,0,0,0,0,0,2,0,3,1,0,0,0,0,0,0,0,0,0,0,0,0,0,0,0,0,0,0,0,0,0,3,0,39.9915,-75.1361, , 
 ,25911,2015028870,6,67,67301,2015,2,3,1840,18,3,1,5,8,1, , ,N,2,0,0,3,0,1,2,2,N, ,39 58:02.211,75 10:19.343,1845, ,1844,1,2,2, , ,0,Y, , , , ,304748, , , ,1,1,0,0,0,0,0,0,0,0,0,1,1,0,0,0,0,0,0,0,0,0,0,0,0,0,0,0,0,0,0,0,1,0,0,4,0,39.9673,-75.172, , 
 ,25912,2015040572,6,67,67301,2015,3,1,2259,22,3,8,5,6,1, , ,N,0,0,0,3,0,1,3,4,N, ,40 04:08.554,75 10:53.845,2328, ,2318,1,2,6, , ,0,Y, , , , ,304757, , , ,4,3,0,0,0,0,1,0,0,0,0,0,1,1,0,0,0,0,0,0,0,0,0,0,0,0,0,0,0,0,0,0,0,0,0,8,0,40.069,-75.1816, , 
 ,25913,2015051470,6,67,67301,2015,5,7,246,2,3,1,0,4,1, , ,N,5,2,2,3,0,0,3,2,N,N,39 57:27.736,75 09:44.915,250, ,246, ,0, ,N, ,2, , , , , ,304762, , , ,2,2,0,0,0,0,0,0,0,0,0,0,0,0,0,0,0,0,0,0,0,0,0,0,0,0,0,0,0,0,0,0,0,0,0,0,0,39.9577,-75.1624, , 