wz_ln_closure,objectid_1,crn,district,county,municipality,crash_year,crash_month,day_of_week,time_of_day,hour_of_day,illumination,weather,road_condition,collision_type,relation_to_road,work_zone_type,work_zone_loc,work_zone_ind,intersect_type,tcd_type,location_type,urban_rural,fatal_count,injury_count,person_count,total_units,sch_bus_ind,sch_zone_ind,latitude,longitude,arrival_tm,cons_zone_spd_lim,dispatch_tm,est_hrs_closed,lane_closed,ln_close_dir,ntfy_hiwy_maint,spec_juris_cd,tcd_func_cd,tfc_detour_ind,workers_pres,wz_close_detour,wz_flagger,wz_law_offcr_ind,objectid,wz_moving,wz_other,wz_shlder_mdn,vehicle_count,automobile_count,motorcycle_count,bus_count,small_truck_count,heavy_truck_count,suv_count,van_count,bicycle_count,maj_inj_count,mod_inj_count,min_inj_count,tot_inj_count,unk_inj_deg_count,unk_inj_per_count,driver_count_16yr,driver_count_17yr,driver_count_18yr,driver_count_19yr,driver_count_20yr,driver_count_50_64yr,driver_count_65_74yr,driver_count_75plus,unbelted_occ_count,unb_death_count,unb_maj_inj_count,belted_death_count,belted_maj_inj_count,mcycle_death_count,mcycle_maj_inj_count,bicycle_death_count,bicycle_maj_inj_count,ped_count,ped_death_count,ped_maj_inj_count,max_severity_level,comm_veh_count,dec_lat,dec_long,rdwy_surf_type_cd,county_name
 ,25981,2015022394,6,67,67301,2015,2,3,750,7,1,1,0,1,1, , ,N,0,0,0,3,0,1,3,2,N, ,39 55:30.716,75 14:05.139,828, ,823, ,0, , , ,0, , , , , ,302145, , , ,2,1,0,0,0,0,1,0,0,0,0,0,1,1,0,0,0,0,0,0,0,0,0,0,0,0,0,0,0,0,0,0,0,0,0,8,0,39.9252,-75.2348, , 
 ,25982,2015018976,6,67,67301,2015,1,7,330,3,3,1,0,4,1, , ,N,1,2,2,3,0,0,3,2,N, ,39 58:28.539,75 11:58.256,9999, ,414, ,0, , , ,3, , , , , ,304880, , , ,2,1,0,0,0,0,1,0,0,0,0,0,0,0,2,0,0,0,0,0,0,0,0,0,0,0,0,0,0,0,0,0,0,0,0,9,0,39.9746,-75.1995, , 
 ,25983,2015031052,6,67,67301,2015,2,3,824,8,1,1,6,8,1, , ,N,0,0,0,3,0,1,2,2,N, ,39 59:13.376,75 06:38.293,833, ,827, ,0, , , ,0, , , , , ,304891, , , ,1,0,0,0,1,0,0,0,0,0,0,1,1,0,0,0,0,0,0,0,0,0,0,0,0,0,0,0,0,0,0,0,1,0,0,4,0,39.987,-75.1106, , 
 ,25984,2015032558,6,46,46108,2015,3,6,1020,10,1,1,0,1,1, , ,N,0,2,0,3,0,0,2,2,N,N,40 05:34.219,75 13:24.590,1027, ,1024, ,0, ,N, ,3, , , , , ,304893, , , ,2,0,0,0,0,0,2,0,0,0,0,0,0,0,0,0,0,0,0,0,1,0,0,0,0,0,0,0,0,0,0,0,0,0,0,0,0,40.0928,-75.2235, , 
 ,25985,2015051426,6,67,67301,2015,4,5,929,9,1,1,0,5,6, , ,N,0,0,0,3,0,1,1,4,N,N,40 02:01.222,75 03:37.292,1030, ,1018, ,0, ,N, ,0, , , , , ,304911, , , ,4,0,0,0,0,0,3,1,0,0,0,0,1,1,0,0,0,0,0,0,1,0,0,0,0,0,0,0,0,0,0,0,0,0,0,8,0,40.0337,-75.0604, , 
 ,25986,2015053947,6,67,67301,2015,5,7,515,5,5,1,0,7,4, , ,N,0,0,0,3,0,0,1,1,N,N,40 01:46.953,75 11:17.166,603, ,556,1,2,1,N, ,0,N, , , , ,304912, , , ,1,1,0,0,0,0,0,0,0,0,0,0,0,0,0,0,0,0,0,0,0,0,0,0,0,0,0,0,0,0,0,0,0,0,0,0,0,40.0297,-75.1881, , 
 ,25987,2015012704,6,67,67301,2015,1,3,600,6,1,1,0,4,1, , ,N,1,2,0,3,0,1,2,2,N, ,40 01:43.107,75 12:20.348,605, ,600,9,2,1, , ,3,Y, , , , ,304921, , , ,2,2,0,0,0,0,0,0,0,0,0,0,1,1,0,0,0,0,0,0,0,0,1,0,0,0,0,0,0,0,0,0,0,0,0,8,0,40.0287,-75.2055, , 
 ,25988,2015009664,6,67,67301,2015,1,6,2138,21,3,1,0,4,1, , ,N,1,3,0,3,0,1,3,2,N, ,39 58:13.918,75 08:12.469,2158, ,2154,1,2,1, , ,3,Y, , , , ,304928, , , ,2,2,0,0,0,0,0,0,0,0,0,1,1,0,0,0,0,0,0,0,1,0,0,0,0,0,0,0,0,0,0,0,0,0,0,4,0,39.9705,-75.1368, , 
 ,25989,2015020760,6,67,67301,2015,1,6,1623,16,1,1,0,1,1, , ,N,0,2,0,3,0,0,7,3,N, ,40 05:05.698,75 02:16.744,1628, ,1626, ,0, , , ,3, , , , , ,304938, , , ,3,2,0,0,0,0,1,0,0,0,0,0,0,0,0,0,0,0,0,0,0,0,0,0,0,0,0,0,0,0,0,0,0,0,0,0,0,40.0849,-75.038, , 
 ,25990,2015028848,6,67,67301,2015,2,6,2246,22,3,1,0,3,6, , ,N,0,0,0,3,0,1,4,2,N,N,40 00:56.666,75 09:14.866,35, ,21, ,0, ,N, ,0, , , , , ,304948, , , ,2,1,0,0,0,0,0,1,0,0,0,1,1,0,0,0,0,0,0,0,0,0,0,0,0,0,0,0,0,0,0,0,0,0,0,4,0,40.0157,-75.1541, , 
 ,25991,2015073732,6,67,67301,2015,6,7,1400,14,1,2,1,4,1, , ,N,1,3,0,3,0,1,2,2,N, ,40 02:23.665,75 03:46.259,1440, ,1431,1,1,5, , ,3,Y, , , , ,304991, , , ,2,1,0,0,0,1,0,0,0,0,0,1,1,0,0,0,0,1,0,0,0,0,0,0,0,0,0,0,0,0,0,0,0,0,0,4,1,40.0399,-75.0628, , 
 ,25992,2015081076,6,67,67301,2015,7,6,1650,16,1,1,0,1,1, , ,N,0,0,0,3,0,1,5,3,N,N,40 05:19.501,74 58:11.302,1732, ,1713,2,1,2,N, ,0,N, , , , ,305000, , , ,3,2,0,0,0,0,1,0,0,0,0,1,1,0,0,0,0,0,1,0,1,0,0,0,0,0,0,0,0,0,0,0,0,0,0,4,0,40.0888,-74.9698, , 
 ,25993,2015084205,6,67,67301,2015,7,2,409,4,3,2,1,7,5, , ,N,0,0,0,3,0,2,2,1,N,N,39 57:24.516,75 10:49.726,416, ,410, ,0, ,N, ,0, , , , , ,305008, , , ,1,1,0,0,0,0,0,0,0,0,0,2,2,0,0,0,0,0,0,1,0,0,0,0,0,0,0,0,0,0,0,0,0,0,0,4,0,39.9568,-75.1805, , 
 ,25994,2015084434,6,67,67301,2015,8,7,2340,23,3,1,0,4,1, , ,N,1,2,0,3,0,1,2,2,N,N,39 59:12.228,75 09:34.174,22, ,20, ,0, ,N, ,3, , , , , ,305009, , , ,1,1,0,0,0,0,0,0,1,0,0,1,1,0,0,0,0,0,0,0,0,0,0,0,0,0,0,0,0,0,0,0,0,0,0,4,0,39.9867,-75.1595, , 
 ,25995,2015072909,6,67,67301,2015,7,2,1948,19,4,1,0,1,1, , ,N,0,0,0,3,0,5,9,3,N,N,39 57:25.584,75 09:24.465,1950, ,1948,2,2,3,N, ,0,N, , , , ,305026, , , ,3,2,0,0,0,0,1,0,0,0,0,1,5,4,0,0,0,0,0,1,1,0,0,0,0,0,0,0,0,0,0,0,0,0,0,4,0,39.9571,-75.1568, , 
 ,25996,2015075737,6,67,67301,2015,7,2,1454,14,1,1,0,4,1, , ,N,1,2,2,3,0,0,2,2,N, ,39 59:12.112,75 12:27.590,1530, ,1513, ,0, , , ,3, , , , , ,305028, , , ,2,2,0,0,0,0,0,0,0,0,0,0,0,0,0,0,0,0,0,0,1,1,0,0,0,0,0,0,0,0,0,0,0,0,0,0,0,39.9867,-75.2077, , 
 ,25997,2015088687,6,67,67301,2015,8,6,54,0,3,1,0,8,1, , ,N,2,0,0,3,0,1,2,2,N,N,39 55:55.974,75 13:47.240,100, ,57, ,0, ,N, ,0, , , , , ,305040, , , ,1,1,0,0,0,0,0,0,0,0,0,1,1,0,0,0,0,0,0,0,1,0,0,0,0,0,0,0,0,0,0,0,1,0,0,4,0,39.9322,-75.2298, , 
 ,25998,2015098995,6,67,67301,2015,9,1,1435,14,1,1,0,8,1, , ,N,2,0,0,3,0,1,2,2,N,N,40 01:41.160,75 08:41.517,1450, ,1445, ,0, ,N, ,0, , , , , ,305044, , , ,1,0,0,0,1,0,0,0,0,0,0,0,1,1,0,0,0,0,0,0,0,0,0,0,0,0,0,0,0,0,0,0,1,0,0,8,0,40.0281,-75.1449, , 
 ,25999,2015101984,6,67,67301,2015,9,6,310,3,3,1,0,7,4, , ,N,0,0,0,3,0,0,1,1,N,N,39 57:12.441,75 10:23.541,325, ,320, ,0, ,N, ,0, , , , , ,305049, , , ,1,1,0,0,0,0,0,0,0,0,0,0,0,0,0,0,0,0,0,0,0,0,0,0,0,0,0,0,0,0,0,0,0,0,0,0,0,39.9535,-75.1732, , 
 ,26000,2015109336,6,67,67301,2015,10,6,1530,15,1,2,1,8,1, , ,N,1,2,0,3,0,1,2,2,N,N,39 55:40.271,75 14:13.322,1738, ,1733, ,0, ,N, ,3, , , , , ,305053, , , ,1,0,0,0,0,0,0,1,0,0,0,1,1,0,0,0,0,0,0,0,0,1,0,0,0,0,0,0,0,0,0,0,1,0,0,4,0,39.9278,-75.237, , 
 ,26001,2015091079,6,67,67301,2015,8,6,1712,17,1,1,0,7,4, , ,N,0,0,0,3,0,0,1,1,N,N,40 03:12.476,75 00:23.313,1724, ,1714, ,0, ,N, ,0, , , , , ,310884, , , ,1,1,0,0,0,0,0,0,0,0,0,0,0,0,1,0,0,0,0,0,0,0,0,0,0,0,0,0,0,0,0,0,0,0,0,9,0,40.0535,-75.0065, , 
 ,26002,2015077839,6,67,67301,2015,7,1,745,7,1,1,0,5,6, , ,N,0,0,0,3,0,1,1,2,N,Y,40 00:43.931,75 04:29.232,834, ,814,2,2,5,N, ,0,Y, , , , ,310901, , , ,2,1,0,0,0,1,0,0,0,0,0,1,1,0,0,0,0,0,0,0,1,0,0,0,0,0,0,0,0,0,0,0,0,0,0,4,1,40.0122,-75.0748, , 
 ,26003,2015078304,6,67,67301,2015,7,7,934,9,1,1,0,4,1, , ,N,1,2,0,3,0,0,3,2,N,N,39 57:48.112,75 11:14.766,940, ,937, ,0, , , ,3, , , , , ,310903, , , ,2,2,0,0,0,0,0,0,0,0,0,0,0,0,0,0,0,0,0,0,0,0,0,0,0,0,0,0,0,0,0,0,0,0,0,0,0,39.9634,-75.1875, , 
 ,26004,2015106236,6,67,67301,2015,10,4,1827,18,3,1,0,0,1, , ,N,0,0,0,3,0,1,1,1,N,N,39 57:39.042,75 10:55.725,1855, ,1831, ,0, ,N, ,0, , , , , ,310933, , , ,1,0,1,0,0,0,0,0,0,0,0,0,1,1,0,0,0,0,0,0,0,0,0,0,0,0,0,0,0,0,0,0,0,0,0,8,0,39.9608,-75.1821, , 
 ,26005,2015109292,6,67,67301,2015,10,6,610,6,3,2,1,1,6, , ,N,0,0,0,3,0,1,1,3,N,N,40 01:31.759,75 03:29.041,9999, ,9999,9,1,3, , ,0,N, , , , ,310935, , , ,3,3,0,0,0,0,0,0,0,0,0,1,1,0,0,0,0,0,0,0,1,0,0,0,0,0,0,0,0,0,0,0,0,0,0,4,0,40.0255,-75.0581, , 
 ,26006,2015066296,6,67,67301,2015,6,6,10,0,3,1,0,4,1, , ,N,1,2,0,3,0,1,4,2,N,N,40 03:45.043,75 00:33.961,21, ,17, ,0, ,N, ,3, , , , , ,310953, , , ,2,2,0,0,0,0,0,0,0,0,0,1,1,0,0,0,0,0,0,1,0,0,1,0,0,0,0,0,0,0,0,0,0,0,0,4,0,40.0625,-75.0094, , 
Y,26007,2015067268,6,67,67301,2015,6,2,1844,18,1,1,0,5,1,1,4,Y,0,0,0,3,0,1,3,2,N,N,39 58:01.332,75 08:02.745,1907,45,1850,2,2,2,N, ,0,N,N,N,N,N,310954,N,Y,N,2,1,0,0,1,0,0,0,0,0,0,0,1,1,0,0,0,0,0,0,0,0,0,0,0,0,0,0,0,0,0,0,0,0,0,8,0,39.967,-75.1341, , 
 ,26008,2015086249,6,67,67301,2015,8,4,2015,20,4,1,0,1,1, , ,N,1,2,0,3,0,1,3,2,N, ,39 55:18.066,75 14:33.727,1200, ,1200, ,0, , , ,9, , , , , ,310972, , , ,2,2,0,0,0,0,0,0,0,0,0,0,1,1,0,0,0,0,0,1,0,0,0,0,0,0,0,0,0,0,0,0,0,0,0,8,0,39.9217,-75.2427, , 
 ,26009,2015088339,6,67,67301,2015,7,4,2334,23,3,1,0,7,5, , ,N,0,0,0,3,3,2,5,1,N,N,40 06:43.800,75 01:57.400,2348, ,2344,4,2,7,N,0,0,N, , , , ,310978, , , ,1,1,0,0,0,0,0,0,0,1,0,0,2,1,0,0,0,0,0,0,0,0,0,0,0,0,0,0,0,0,0,0,0,0,0,1,0,40.1122,-75.0326,2, 
 ,26010,2015091164,6,67,67301,2015,8,5,2214,22,3,2,1,4,1, , ,N,1,2,0,3,0,2,3,2,N, ,39 56:23.586,75 10:59.271,2214, ,2214,1,1,3, , ,3,N, , , , ,310980, , , ,2,2,0,0,0,0,0,0,0,0,0,1,2,1,0,0,0,0,0,0,1,0,0,0,0,0,0,0,0,0,0,0,0,0,0,4,0,39.9399,-75.1831, , 
 ,26011,2015093517,6,67,67301,2015,8,5,1312,13,1,1,0,1,1, , ,N,0,0,0,3,0,1,3,2,N,N,39 56:58.097,75 11:03.245,1323, ,1314, ,0, ,N, ,0, , , , , ,310982, , , ,2,1,0,0,0,0,0,1,0,0,0,0,1,1,0,0,0,0,0,0,1,0,0,0,0,0,0,0,0,0,0,0,0,0,0,8,0,39.9495,-75.1842, , 
 ,26012,2015096326,6,67,67301,2015,8,2,1940,19,3,1,0,1,1, , ,N,0,0,0,3,0,2,15,2,N,N,39 53:44.601,75 11:33.513,2034, ,2004, ,0, ,N, ,0, , , , , ,310986, , , ,2,1,0,1,0,0,0,0,0,0,0,2,2,0,0,0,0,0,0,0,1,0,0,0,0,0,0,0,0,0,0,0,0,0,0,4,1,39.8957,-75.1926, , 
 ,26013,2015049043,6,67,67301,2015,4,6,1620,16,1,1,0,4,1, , ,N,1,2,0,3,0,1,3,3,N, ,40 03:03.078,75 04:38.830,1700, ,1655, ,0, , , ,2, , , , , ,310997, , , ,3,1,0,0,0,1,1,0,0,0,0,0,1,1,0,0,0,0,0,0,2,1,0,0,0,0,0,0,0,0,0,0,0,0,0,8,1,40.0509,-75.0775, , 
 ,26014,2015049198,6,67,67301,2015,4,2,648,6,3,2,1,4,1, , ,N,0,0,0,3,0,2,3,2,N, ,40 01:10.503,75 06:52.699,1650, ,1648,3,1,5, , ,0,N, , , , ,310998, , , ,2,2,0,0,0,0,0,0,0,0,0,0,2,2,1,0,0,0,0,0,0,0,0,0,0,0,0,0,0,0,0,0,0,0,0,8,0,40.0196,-75.1146, , 
 ,26015,2015059889,6,46,46102,2015,6,2,1648,16,1,2,1,1,1, , ,N,2,0,0,3,0,1,4,2,N,N,40 04:33.941,75 09:42.795,1658, ,1650,2,2,4,N, ,0,N, , , , ,311007, , , ,2,1,0,0,0,1,0,0,0,0,0,0,1,1,0,0,0,0,0,0,0,0,0,4,0,0,0,0,0,0,0,0,0,0,0,8,0,40.0761,-75.1619, , 
 ,26016,2015073692,6,67,67301,2015,6,2,2355,23,3,1,0,7,5, , ,N,0,0,0,3,0,1,1,1,N,N,40 05:01.206,75 13:20.981,5, ,2359, ,0, ,N, ,0, , , , , ,311022, , , ,1,0,0,0,0,0,1,0,0,0,0,1,1,0,0,0,0,0,0,0,0,0,0,0,0,0,0,0,0,0,0,0,0,0,0,4,0,40.0837,-75.2225, , 
 ,26017,2015092048,6,67,67301,2015,8,7,9999,99,1,1,0,7,4, , ,N,0,0,0,3,0,1,1,1,N,N,39 58:36.554,75 13:11.727,9999, ,9999, ,0, , , ,0, , , , , ,311044, , , ,1,0,0,0,0,0,0,1,0,0,1,0,1,0,0,0,0,0,0,0,0,0,0,0,0,0,0,0,0,0,0,0,0,0,0,3,0,39.9768,-75.2199, , 
 ,26018,2015128649,6,67,67301,2015,11,3,1715,17,3,1,0,4,1, , ,N,1,2,0,3,0,2,3,2,N, ,40 01:02.392,75 06:58.530,1735, ,1730, ,0, , , ,3, , , , , ,311058, , , ,2,0,0,0,1,0,1,0,0,0,0,0,2,2,0,0,0,0,0,0,1,0,0,1,0,0,0,0,0,0,0,0,0,0,0,8,0,40.0173,-75.1163, , 
 ,26019,2015073718,6,67,67301,2015,7,6,1552,15,1,1,0,5,1, , ,N,0,0,0,3,0,2,2,3,N,N,39 58:18.548,75 09:20.286,1841, ,1759, ,0, , , ,0, , , , , ,308409, , , ,3,0,2,0,0,0,1,0,0,0,1,0,2,1,0,0,0,0,0,0,0,0,0,0,0,0,0,0,0,0,0,0,0,0,0,3,0,39.9718,-75.1556, , 
 ,26020,2015075722,6,67,67301,2015,7,6,1316,13,1,1,0,5,1, , ,N,1,2,0,3,0,1,3,2,N, ,40 03:23.345,75 02:47.046,1356, ,1352, ,0, , , ,3, , , , , ,308412, , , ,2,1,0,0,0,1,0,0,0,0,0,0,1,1,0,0,0,0,0,0,1,0,0,0,0,0,0,0,0,0,0,0,0,0,0,8,1,40.0566,-75.0466, , 
 ,26021,2015077040,6,67,67301,2015,7,7,1215,12,1,1,0,4,1, , ,N,1,2,0,3,0,1,7,2,N,N,40 02:06.421,75 04:15.407,1235, ,1224, ,0, ,N, ,3, , , , , ,308414, , , ,2,1,0,1,0,0,0,0,0,0,0,1,1,0,0,0,0,0,0,0,0,0,0,0,0,0,0,0,0,0,0,0,0,0,0,4,1,40.0351,-75.0709, , 
 ,26022,2015086275,6,67,67301,2015,8,4,1108,11,1,1,0,1,1, , ,N,0,0,0,3,0,2,2,2,N,N,40 05:15.993,74 58:19.574,1130, ,1125,1,1,4,N, ,0,N, , , , ,308428, , , ,2,0,0,0,1,0,1,0,0,0,0,0,2,2,0,0,0,0,0,0,1,0,0,0,0,0,0,0,0,0,0,0,0,0,0,8,0,40.0878,-74.9721, , 
 ,26023,2015091106,6,67,67301,2015,8,6,25,0,3,2,1,1,1, , ,N,1,2,0,3,0,1,3,2,N, ,40 03:14.351,75 02:56.006,35, ,30, ,0, , , ,3, , , , , ,308434, , , ,2,1,0,0,0,0,1,0,0,0,0,0,1,1,0,0,0,0,0,0,1,0,0,0,0,0,0,0,0,0,0,0,0,0,0,8,0,40.0541,-75.049, , 
 ,26024,2015061725,6,67,67301,2015,5,2,1500,15,1,1,0,4,1, , ,N,1,2,0,3,0,1,2,2,N,N,39 59:50.490,75 04:24.183,1542, ,1537, ,0, ,N, ,3, , , , , ,308445, , , ,2,0,1,0,0,0,1,0,0,0,0,0,1,1,0,0,0,0,0,0,0,0,0,0,0,0,0,0,0,0,0,0,0,0,0,8,0,39.9974,-75.0734, , 
 ,26025,2015069711,6,67,67301,2015,6,5,1556,15,1,1,0,8,1, , ,N,1,2,0,3,0,1,2,2,N,N,39 56:23.042,75 13:31.760,1607, ,1601, ,0, ,N, ,3, , , , , ,308450, , , ,1,1,0,0,0,0,0,0,0,0,0,1,1,0,0,0,0,0,0,0,1,0,0,0,0,0,0,0,0,0,0,0,1,0,0,4,0,39.9397,-75.2255, , 
 ,26026,2015061759,6,67,67301,2015,5,2,1745,17,1,1,0,4,1, , ,N,0,0,0,3,0,1,2,2,N, ,40 03:24.095,75 00:40.479,1756, ,1751, ,0, , , ,0, , , , , ,308492, , , ,1,1,0,0,0,0,0,0,1,0,0,1,1,0,0,0,0,0,0,1,0,0,0,1,0,0,0,0,0,0,0,0,0,0,0,4,0,40.0567,-75.0112, , 
 ,26027,2015061860,6,67,67301,2015,5,1,1512,15,1,1,0,4,1, , ,N,1,2,0,3,0,1,3,2,N,N,40 02:34.004,75 06:48.689,1558, ,1554, ,0, ,N, ,3, , , , , ,308493, , , ,2,2,0,0,0,0,0,0,0,0,0,0,1,1,0,0,0,0,0,0,1,0,0,1,0,0,0,0,0,0,0,0,0,0,0,8,0,40.0427,-75.1136, , 
 ,26028,2015073238,6,67,67301,2015,6,7,2017,20,3,2,1,4,1, , ,N,1,2,0,3,0,1,3,2,N,N,39 58:23.685,75 12:43.721,2025, ,2017, ,0, ,N, ,3, , , , , ,308508, , , ,2,1,0,0,0,0,0,1,0,0,0,0,1,1,2,0,0,0,0,0,0,0,0,0,0,0,0,0,0,0,0,0,0,0,0,8,0,39.9732,-75.2121, , 
 ,26029,2015083340,6,67,67301,2015,7,5,1409,14,1,1,0,1,1, , ,N,2,2,0,3,0,0,4,3,N,N,39 58:49.154,75 12:51.152,1409, ,1409, ,0, ,N, ,3, , , , , ,308518, , , ,3,3,0,0,0,0,0,0,0,0,0,0,0,0,0,0,0,0,0,0,0,0,0,0,0,0,0,0,0,0,0,0,0,0,0,0,0,39.9803,-75.2141, , 
 ,26030,2015085288,6,67,67301,2015,8,1,2320,23,3,1,0,7,3, , ,N,0,0,0,3,0,2,2,1,N,N,39 57:23.477,75 08:20.250,2328, ,2325,2,2,2,N, ,0,Y, , , , ,308524, , , ,1,1,0,0,0,0,0,0,0,0,0,2,2,0,0,0,0,0,0,0,0,0,0,0,0,0,0,0,0,0,0,0,0,0,0,4,0,39.9565,-75.139, , 
 ,26031,2015091072,6,67,67301,2015,8,4,1350,13,1,1,0,1,1, , ,N,0,0,0,3,0,1,4,2,N,N,39 58:42.211,75 09:28.768,1434, ,1434, ,0, ,N, ,0, , , , , ,308531, , , ,2,2,0,0,0,0,0,0,0,0,0,0,1,1,0,0,0,0,0,0,1,0,0,0,0,0,0,0,0,0,0,0,0,0,0,8,0,39.9784,-75.158, , 
 ,26032,2015051967,6,67,67301,2015,4,2,855,8,1,1,0,1,1, , ,N,0,2,0,3,0,1,3,2,N, ,40 03:13.249,75 08:29.572,903, ,859, ,0, ,N, ,3, , , , , ,308546, , , ,2,0,0,0,0,0,1,1,0,0,0,1,1,0,0,0,0,0,0,0,0,1,0,0,0,0,0,0,0,0,0,0,0,0,0,4,0,40.0537,-75.1415, , 
Y,26033,2015054464,6,67,67301,2015,4,7,1619,16,1,1,0,1,1,1,4,Y,0,0,0,3,0,0,4,3,N,N,40 01:25.607,75 01:58.366,1705,45,1627, ,0, ,N, ,0, ,Y,N,N,N,308549,Y,N,Y,3,0,0,0,0,0,3,0,0,0,0,0,0,0,0,0,0,0,0,0,3,0,0,0,0,0,0,0,0,0,0,0,0,0,0,0,0,40.0238,-75.0329, , 
 ,26034,2015066271,6,67,67301,2015,6,1,1600,16,1,1,0,5,6, , ,N,0,0,0,3,0,0,1,3,N, ,40 01:49.015,75 13:47.650,1641, ,1637,2,1,2, , ,0,N, , , , ,308558, , , ,3,3,0,0,0,0,0,0,0,0,0,0,0,0,0,0,0,0,0,0,1,0,0,0,0,0,0,0,0,0,0,0,0,0,0,0,0,40.0303,-75.2299, , 
 ,26035,2015073205,6,67,67301,2015,7,7,2315,23,3,1,0,4,1, , ,N,0,0,0,3,0,3,3,2,N,N,40 02:40.153,75 09:57.380,2320, ,2316,1,2,6,N, ,0,Y, , , , ,308565, , , ,2,2,0,0,0,0,0,0,0,0,0,3,3,0,0,0,0,0,0,0,1,0,0,0,0,0,0,0,0,0,0,0,0,0,0,4,0,40.0445,-75.1659, , 
 ,26036,2015073684,6,67,67301,2015,7,6,1410,14,1,1,0,8,1, , ,N,0,0,0,3,0,1,2,2,N, ,39 58:30.920,75 10:05.735,1425, ,1430, ,0, , , ,0, , , , , ,308566, , , ,1,0,0,0,0,0,0,1,0,0,1,0,1,0,0,0,0,0,0,0,0,0,0,0,0,0,0,0,0,0,0,0,1,0,0,3,0,39.9753,-75.1683, , 
 ,26037,2015034178,6,67,67301,2015,3,1,2244,22,3,3,5,1,1, , ,N,0,0,0,3,0,1,2,2,N,N,40 04:53.401,74 59:40.891,2245, ,2244, ,0, ,N, ,0, , , , , ,302153, , , ,2,0,0,1,0,0,1,0,0,0,0,1,1,0,0,0,0,0,0,0,0,0,0,0,0,0,0,0,0,0,0,0,0,0,0,4,1,40.0815,-74.9947, , 
 ,26038,2015056419,6,67,67301,2015,5,1,431,4,3,1,0,5,1, , ,N,0,0,0,3,0,1,3,2,N,N,39 59:11.547,75 09:21.916,449, ,447, ,0, ,N, ,0, , , , , ,302171, , , ,2,1,0,0,1,0,0,0,0,0,0,1,1,0,0,0,0,0,0,0,1,0,0,0,0,0,0,0,0,0,0,0,0,0,0,4,0,39.9865,-75.1561, , 
 ,26039,2015009649,6,67,67301,2015,1,6,25,0,3,1,6,5,6, , ,N,0,0,0,3,0,0,5,3,N, ,39 58:55.092,75 10:25.541,32, ,30, ,0, , , ,0, , , , , ,302181, , , ,3,3,0,0,0,0,0,0,0,0,0,0,0,0,4,0,0,1,0,0,0,0,0,0,0,0,0,0,0,0,0,0,0,0,0,9,0,39.982,-75.1738, , 
 ,26040,2015013005,6,67,67301,2015,1,4,1720,17,3,1,0,1,1, , ,N,0,0,0,3,0,3,6,3,Y,N,39 58:38.894,75 06:44.057,1754, ,1725,2,1,1,N, ,0,N, , , , ,302186, , , ,3,1,0,1,0,0,1,0,0,0,0,3,3,0,0,0,0,0,0,0,1,0,0,0,0,0,0,0,0,0,0,0,0,0,0,4,1,39.9775,-75.1122, , 
 ,26041,2015031595,6,67,67301,2015,3,6,736,7,1,1,1,1,1, , ,N,0,0,0,3,0,1,2,2,N,N,40 00:33.072,75 12:16.934,752, ,749, ,0, ,N, ,0, , , , , ,302201, , , ,2,1,0,0,1,0,0,0,0,0,0,1,1,0,0,0,0,0,0,0,1,0,0,0,0,0,0,0,0,0,0,0,0,0,0,4,0,40.0092,-75.2047, , 
 ,26042,2015042854,6,67,67301,2015,4,1,2110,21,3,1,0,4,1, , ,N,1,2,0,3,0,0,4,2,N,N,39 56:45.884,75 10:36.321,2208, ,2200, ,0, ,N, ,3, , , , , ,302210, , , ,2,2,0,0,0,0,0,0,0,0,0,0,0,0,0,0,0,1,0,0,0,0,0,0,0,0,0,0,0,0,0,0,0,0,0,0,0,39.9461,-75.1768, , 
 ,26043,2015047554,6,67,67301,2015,4,4,1,0,3,1,0,8,1, , ,N,0,0,0,3,0,1,2,2,N, ,40 01:03.373,75 08:57.919,4, ,4,2,2,5, , ,0,Y, , , , ,302214, , , ,1,0,0,0,0,0,0,1,0,0,0,1,1,0,0,0,0,0,0,0,1,0,0,0,0,0,0,0,0,0,0,0,1,0,0,4,0,40.0176,-75.1494, , 
 ,26044,2015001670,6,67,67301,2015,1,7,2325,23,3,2,1,7,2, , ,N,0,0,0,3,0,2,2,1,N,N,39 56:44.761,75 11:24.265,2325, ,2325,2,1,3,N, ,0,N, , , , ,302221, , , ,1,1,0,0,0,0,0,0,0,0,0,2,2,0,0,0,0,0,0,0,0,0,0,0,0,0,0,0,0,0,0,0,0,0,0,4,0,39.9458,-75.1901, , 
 ,26045,2015024258,6,67,67301,2015,2,2,8,0,3,1,0,7,2, , ,N,0,0,0,3,0,0,1,1,N,N,39 57:04.102,75 08:27.713,14, ,9,2,1,1,N, ,0,N, , , , ,302239, , , ,1,1,0,0,0,0,0,0,0,0,0,0,0,0,0,0,0,0,0,0,0,0,0,0,0,0,0,0,0,0,0,0,0,0,0,0,0,39.9511,-75.141, , 
 ,26046,2015025145,6,67,67301,2015,2,1,930,9,1,1,4,1,1, , ,N,1,2,0,3,0,4,5,3,N,N,39 57:45.461,75 14:48.589,947, ,945, ,0, ,N, ,3, , , , , ,302240, , , ,3,2,0,0,0,0,1,0,0,0,0,4,4,0,0,0,0,0,0,0,2,0,0,0,0,0,0,0,0,0,0,0,0,0,0,4,0,39.9626,-75.2468, , 