wz_ln_closure,objectid_1,crn,district,county,municipality,crash_year,crash_month,day_of_week,time_of_day,hour_of_day,illumination,weather,road_condition,collision_type,relation_to_road,work_zone_type,work_zone_loc,work_zone_ind,intersect_type,tcd_type,location_type,urban_rural,fatal_count,injury_count,person_count,total_units,sch_bus_ind,sch_zone_ind,latitude,longitude,arrival_tm,cons_zone_spd_lim,dispatch_tm,est_hrs_closed,lane_closed,ln_close_dir,ntfy_hiwy_maint,spec_juris_cd,tcd_func_cd,tfc_detour_ind,workers_pres,wz_close_detour,wz_flagger,wz_law_offcr_ind,objectid,wz_moving,wz_other,wz_shlder_mdn,vehicle_count,automobile_count,motorcycle_count,bus_count,small_truck_count,heavy_truck_count,suv_count,van_count,bicycle_count,maj_inj_count,mod_inj_count,min_inj_count,tot_inj_count,unk_inj_deg_count,unk_inj_per_count,driver_count_16yr,driver_count_17yr,driver_count_18yr,driver_count_19yr,driver_count_20yr,driver_count_50_64yr,driver_count_65_74yr,driver_count_75plus,unbelted_occ_count,unb_death_count,unb_maj_inj_count,belted_death_count,belted_maj_inj_count,mcycle_death_count,mcycle_maj_inj_count,bicycle_death_count,bicycle_maj_inj_count,ped_count,ped_death_count,ped_maj_inj_count,max_severity_level,comm_veh_count,dec_lat,dec_long,rdwy_surf_type_cd,county_name
 ,26047,2015036658,6,67,67301,2015,3,3,1800,18,4,2,1,8,1, , ,N,1,2,0,3,0,1,2,2,N,N,39 56:41.193,75 13:53.349,1825, ,1815, ,0, , , ,3, , , , , ,302250, , , ,1,0,0,0,0,0,0,1,0,0,1,0,1,0,0,0,0,1,0,0,0,0,0,0,0,0,0,0,0,0,0,0,1,0,0,3,0,39.9448,-75.2315, , 
 ,26048,2015036684,6,67,67301,2015,3,5,1645,16,1,1,0,5,1, , ,N,0,0,0,3,0,1,2,3,N, ,39 56:48.339,75 09:49.230,1650, ,1645,3,2,4, , ,0,Y, , , , ,302251, , , ,3,2,0,0,0,0,1,0,0,0,0,1,1,0,0,0,0,0,0,0,0,0,0,0,0,0,0,0,0,0,0,0,0,0,0,4,0,39.9468,-75.1637, , 
 ,26049,2015049036,6,67,67301,2015,4,7,2332,23,3,1,0,4,1, , ,N,1,3,0,3,0,1,5,2,N,N,40 01:15.747,75 03:15.058,2, ,2358, ,0, , , ,3, , , , , ,302263, , , ,2,2,0,0,0,0,0,0,0,0,0,1,1,0,0,0,0,0,0,1,0,0,0,0,0,0,0,0,0,0,0,0,0,0,0,4,0,40.021,-75.0542, , 
 ,26050,2015020828,6,67,67301,2015,1,5,9999,99,3,4,1,4,1, , ,N,1,2,1,3,0,0,2,2,N, ,39 58:08.111,75 08:10.324,2335, ,2329, ,0, , , ,3, , , , , ,302288, , , ,2,2,0,0,0,0,0,0,0,0,0,0,0,0,0,0,0,0,0,1,0,0,0,0,0,0,0,0,0,0,0,0,0,0,0,0,0,39.9688,-75.1362, , 
 ,26051,2015042713,6,67,67301,2015,3,3,1105,11,1,1,0,4,1, , ,N,2,2,8,3,0,1,4,3,N,N,39 57:50.024,75 11:05.476,1106, ,1105,2,2,6, , ,3,Y, , , , ,302304, , , ,3,2,0,0,1,0,0,0,0,0,0,0,1,1,0,0,0,0,0,0,0,1,0,0,0,0,0,0,0,0,0,0,0,0,0,8,0,39.9639,-75.1849, , 
 ,26052,2015043213,6,67,67301,2015,3,3,1912,19,3,2,1,6,1, , ,N,5,2,1,3,0,1,3,3,N,N,39 58:59.552,75 07:57.021,1934, ,1932, ,0, ,N, ,3, , , , , ,302305, , , ,3,3,0,0,0,0,0,0,0,0,0,1,1,0,0,0,0,0,0,0,0,0,0,0,0,0,0,0,0,0,0,0,0,0,0,4,0,39.9832,-75.1325, , 
 ,26053,2015051976,6,67,67301,2015,4,4,421,4,3,1,0,7,3, , ,N,0,0,0,3,1,0,1,1,N,N,40 03:09.629,75 03:01.328,427, ,422,3,2,1,N,0,0,Y, , , , ,302314, , , ,1,1,0,0,0,0,0,0,0,0,0,0,0,0,0,0,0,0,0,0,1,0,0,1,1,0,0,0,0,0,0,0,0,0,0,1,0,40.0527,-75.0504,2, 
 ,26054,2015053980,6,67,67301,2015,5,4,1300,13,1,1,0,4,1, , ,N,0,0,0,3,0,0,2,2,N, ,40 03:51.252,75 03:05.812,1340, ,1328, ,0, , , ,0, , , , , ,302319, , , ,2,1,0,0,1,0,0,0,0,0,0,0,0,0,0,0,0,0,0,0,1,0,0,0,0,0,0,0,0,0,0,0,0,0,0,0,0,40.0642,-75.0516, , 
 ,26055,2015109340,6,67,67301,2015,10,2,2230,22,3,1,0,4,1, , ,N,1,2,0,3,0,2,4,3,N,N,40 04:07.204,75 09:50.796,2304, ,2304,2,2,6,N, ,3,Y, , , , ,305054, , , ,3,2,0,0,0,0,1,0,0,0,1,1,2,0,1,0,0,0,0,0,0,0,0,2,0,0,0,0,0,0,0,0,0,0,0,3,0,40.0687,-75.1641, , 
 ,26056,2015111716,6,67,67301,2015,10,3,920,9,1,1,0,8,1, , ,N,1,2,0,3,0,1,2,2,N, ,39 57:05.578,75 09:24.232,930, ,928, ,0, , , ,3, , , , , ,305056, , , ,1,1,0,0,0,0,0,0,0,0,0,1,1,0,0,0,0,0,0,0,1,0,0,0,0,0,0,0,0,0,0,0,1,0,0,4,0,39.9515,-75.1567, , 
 ,26057,2015070126,6,67,67301,2015,6,7,515,5,5,1,0,1,1, , ,N,1,2,0,3,0,0,3,3,N,N,40 00:04.594,75 13:35.224,639, ,627, ,0, , , ,3, , , , , ,305086, , , ,3,2,0,1,0,0,0,0,0,0,0,0,0,0,0,0,0,0,0,0,0,0,0,0,0,0,0,0,0,0,0,0,0,0,0,0,1,40.0012,-75.2264, , 
 ,26058,2015070680,6,67,67301,2015,6,1,1615,16,1,1,1,5,6, , ,N,0,0,0,3,0,1,1,2,N,N,39 59:52.590,75 06:43.766,1625, ,1625, ,0, ,N, ,0, , , , , ,305087, , , ,2,1,0,0,0,0,0,1,0,0,0,1,1,0,0,0,0,0,0,0,0,0,0,0,0,0,0,0,0,0,0,0,0,0,0,4,0,39.9979,-75.1122, , 
 ,26059,2015091029,6,67,67301,2015,8,1,804,8,1,1,0,4,1, , ,N,5,2,2,3,0,1,2,2,N,N,39 57:26.413,75 09:08.132,809, ,804,1,2,4,N, ,3,Y, , , , ,305105, , , ,2,1,0,0,0,0,1,0,0,0,0,0,1,1,0,0,0,0,0,0,1,0,0,0,0,0,0,0,0,0,0,0,0,0,0,8,0,39.9573,-75.1523, , 
 ,26060,2015051471,6,67,67301,2015,4,3,2033,20,2,1,0,4,1, , ,N,0,0,0,3,0,1,2,2,N,N,40 01:42.371,75 06:36.160,2034, ,2033, ,0, ,N, ,0, , , , , ,305147, , , ,1,1,0,0,0,0,0,0,1,0,0,1,1,0,0,0,0,0,0,0,0,0,0,0,0,0,0,0,0,0,0,0,0,0,0,4,0,40.0284,-75.11, , 
 ,26061,2015051527,6,67,67301,2015,5,2,746,7,1,1,0,4,1, , ,N,2,0,0,3,0,2,2,3,N, ,40 00:29.377,75 05:04.526,755, ,749,3,1,2,N, ,0,N, , , , ,305148, , , ,3,2,0,0,0,0,0,1,0,0,0,0,2,2,0,0,0,0,0,0,1,0,1,0,0,0,0,0,0,0,0,0,0,0,0,8,0,40.0082,-75.0846, , 
 ,26062,2015066274,6,67,67301,2015,6,2,749,7,1,1,0,4,1, , ,N,0,0,7,3,0,1,3,2,N,N,40 01:44.082,75 12:21.052,757, ,752, ,0, , , ,0, , , , , ,305167, , , ,2,2,0,0,0,0,0,0,0,0,0,0,1,1,0,0,0,0,0,0,0,0,0,1,0,0,0,0,0,0,0,0,0,0,0,8,0,40.0289,-75.2058, , 
 ,26063,2015078215,6,67,67301,2015,7,4,905,9,1,2,1,4,1, , ,N,1,0,0,3,0,1,3,2,N,N,39 57:31.363,75 09:43.712,914, ,907, ,0, ,N, ,0, , , , , ,305175, , , ,2,1,0,0,0,0,0,1,0,0,0,1,1,0,0,0,0,0,0,0,1,0,0,0,0,0,0,0,0,0,0,0,0,0,0,4,0,39.9587,-75.1621, , 
 ,26064,2015084438,6,67,67301,2015,7,7,1200,12,1,1,0,4,1, , ,N,0,0,7,3,0,1,2,2,N,N,40 05:02.344,74 57:34.944,1210, ,1203, ,0, ,N, ,0, , , , , ,305178, , , ,2,2,0,0,0,0,0,0,0,0,1,0,1,0,0,0,0,0,0,0,0,0,0,0,0,0,0,0,0,0,0,0,0,0,0,3,0,40.084,-74.9597, , 
 ,26065,2015086334,6,67,67301,2015,8,6,1640,16,1,1,0,1,1, , ,N,1,0,0,3,0,1,7,5,N,N,39 59:05.463,75 09:27.197,1645, ,1645, ,0, ,N, ,0, , , , , ,305179, , , ,5,2,0,0,0,0,3,0,0,0,0,1,1,0,0,0,0,0,0,0,0,1,0,1,0,0,0,0,0,0,0,0,0,0,0,4,0,39.9849,-75.1576, , 
 ,26066,2015099069,6,67,67301,2015,9,3,2105,21,3,1,0,4,1, , ,N,2,3,0,3,0,0,2,2,N,N,40 05:30.614,74 58:56.762,2138, ,2130, ,0, ,N, ,3, , , , , ,305189, , , ,2,1,0,0,1,0,0,0,0,0,0,0,0,0,0,0,0,0,0,1,0,0,0,0,0,0,0,0,0,0,0,0,0,0,0,0,0,40.0917,-74.9824, , 
 ,26067,2015115039,6,67,67301,2015,9,5,2158,21,3,2,1,5,1, , ,N,0,0,0,3,0,4,5,2,N,N,39 57:16.725,75 13:47.581,2205, ,2158, ,0, , , ,0, , , , , ,305203, , , ,2,0,0,0,0,1,0,1,0,0,0,4,4,0,0,0,0,0,0,0,1,0,0,0,0,0,0,0,0,0,0,0,0,0,0,4,1,39.9546,-75.2299, , 
N,26068,2015059192,6,67,67301,2015,6,2,19,0,3,1,0,7,3,1,4,Y,0,0,0,3,0,1,1,1,N,N,39 58:11.268,75 07:34.709,23,45,20,1,1,2,Y, ,0,N,U,N,N,N,305212,N,Y,Y,1,1,0,0,0,0,0,0,0,0,0,1,1,0,0,0,0,0,0,0,0,0,0,0,0,0,0,0,0,0,0,0,0,0,0,4,0,39.9698,-75.1263, , 
 ,26069,2015073235,6,67,67301,2015,6,2,658,6,1,1,0,4,1, , ,N,1,2,0,3,0,0,2,2,N,N,39 57:26.251,75 14:52.347,735, ,732, ,0, ,N, ,3, , , , , ,305217, , , ,2,2,0,0,0,0,0,0,0,0,0,0,0,0,0,0,0,0,0,0,0,0,1,0,0,0,0,0,0,0,0,0,0,0,0,0,0,39.9573,-75.2479, , 
 ,26070,2015075759,6,67,67301,2015,7,3,1730,17,1,1,0,4,1, , ,N,1,2,0,3,0,1,2,2,N,N,39 56:54.247,75 09:58.366,1740, ,1732, ,0, ,N, ,3, , , , , ,305218, , , ,1,0,0,0,0,0,1,0,1,0,1,0,1,0,0,0,0,0,0,0,0,0,0,0,0,0,0,0,0,0,0,0,0,0,0,3,0,39.9484,-75.1662, , 
 ,26071,2015081147,6,67,67301,2015,7,1,914,9,1,1,0,4,1, , ,N,5,2,0,3,0,2,4,2,N,N,40 00:17.801,75 10:43.939,920, ,915,9,1,3,N, ,3,N, , , , ,305226, , , ,2,1,0,0,0,0,1,0,0,0,0,2,2,0,0,0,0,0,1,0,0,0,1,2,0,0,0,0,0,0,0,0,0,0,0,4,0,40.0049,-75.1787, , 
 ,26072,2015085223,6,67,67301,2015,8,3,1235,12,1,1,0,4,1, , ,N,1,2,0,3,0,1,3,2,N,N,40 02:10.729,75 03:51.497,1242, ,1237, ,0, ,N, ,3, , , , , ,305231, , , ,2,2,0,0,0,0,0,0,0,0,0,1,1,0,1,0,0,0,0,0,1,0,1,0,0,0,0,0,0,0,0,0,0,0,0,4,0,40.0363,-75.0643, , 
 ,26073,2015130048,6,67,67301,2015,11,5,2325,23,3,1,0,1,1, , ,N,0,0,0,3,0,1,2,2,N,N,40 01:20.968,75 08:00.817,2333, ,2333, ,0, ,N, ,0, , , , , ,311060, , , ,2,1,0,0,0,0,0,1,0,0,0,1,1,0,0,0,0,0,0,0,0,0,0,1,0,0,0,0,0,0,0,0,0,0,0,4,0,40.0225,-75.1336, , 
 ,26074,2015060724,6,67,67301,2015,5,1,2043,20,3,1,0,5,1, , ,N,0,0,0,3,0,1,3,2,N,N,39 59:03.120,75 05:45.748,2113, ,2104, ,0, ,N, ,0, , , , , ,311077, , , ,2,1,0,0,0,0,1,0,0,0,0,1,1,0,0,0,0,0,0,0,1,0,0,0,0,0,0,0,0,0,0,0,0,0,0,4,0,39.9842,-75.096, , 
 ,26075,2015075783,6,67,67301,2015,6,3,1304,13,1,1,0,8,1, , ,N,1,2,0,3,0,1,2,2,N,N,39 59:34.443,75 08:45.915,1310, ,1306, ,0, ,N, ,3, , , , , ,311090, , , ,1,0,0,0,0,1,0,0,0,0,0,1,1,0,0,0,0,0,0,0,0,0,0,0,0,0,0,0,0,0,0,0,1,0,0,4,1,39.9928,-75.1461, , 
 ,26076,2015043240,6,67,67301,2015,4,2,1130,11,1,1,0,4,1, , ,N,1,2,0,3,0,4,4,2,N, ,39 57:37.003,75 10:25.149,1132, ,1130, ,0, , , ,3, , , , , ,311119, , , ,2,2,0,0,0,0,0,0,0,0,0,0,4,4,0,0,0,0,0,0,0,0,0,0,0,0,0,0,0,0,0,0,0,0,0,8,0,39.9603,-75.1737, , 
 ,26077,2015095149,6,67,67301,2015,9,6,1211,12,1,1,0,1,1, , ,N,1,2,0,3,0,0,3,3,N,N,39 58:41.837,75 14:46.077,1231, ,1225,2,1,2,N, ,3,N, , , , ,311169, , , ,3,2,0,0,0,0,1,0,0,0,0,0,0,0,0,0,0,0,0,0,1,0,0,0,0,0,0,0,0,0,0,0,0,0,0,0,0,39.9783,-75.2461, , 
 ,26078,2015095753,6,67,67301,2015,8,2,1800,18,1,1,0,8,1, , ,N,2,3,0,3,0,1,3,2,N, ,39 58:36.976,75 07:56.596,1830, ,1830, ,0, , , ,9, , , , , ,311170, , , ,1,1,0,0,0,0,0,0,0,0,1,0,1,0,0,0,0,0,0,0,0,0,0,0,0,0,0,0,0,0,0,0,1,0,0,3,0,39.9769,-75.1324, , 
 ,26079,2015106365,6,67,67301,2015,9,3,812,8,1,1,0,5,6, , ,N,0,0,0,3,0,1,1,2,N,N,39 59:22.760,75 11:02.797,823, ,818, ,0, ,N, ,0, , , , , ,311177, , , ,2,2,0,0,0,0,0,0,0,0,0,0,1,1,0,0,0,0,0,0,0,0,0,0,0,0,0,0,0,0,0,0,0,0,0,8,0,39.9897,-75.1841, , 
 ,26080,2015069742,6,67,67301,2015,6,7,119,1,3,1,0,4,1, , ,N,1,2,0,3,0,0,3,2,N,N,40 02:16.393,75 08:22.102,132, ,129, ,0, ,N, ,3, , , , , ,311183, , , ,2,2,0,0,0,0,0,0,0,0,0,0,0,0,2,0,0,0,0,0,0,0,0,3,0,0,0,0,0,0,0,0,0,0,0,9,0,40.0379,-75.1395, , 
 ,26081,2015066302,6,67,67301,2015,6,6,1228,12,1,1,0,5,1, , ,N,0,0,0,3,0,1,2,2,N, ,39 57:18.017,75 11:49.681,1232, ,1228, ,0, , , ,0, , , , , ,311197, , , ,1,1,0,0,0,0,0,0,1,0,0,1,1,0,0,0,0,0,0,0,0,0,0,0,0,0,0,0,0,0,0,0,0,0,0,4,0,39.955,-75.1971, , 
 ,26082,2015075733,6,67,67301,2015,7,3,1010,10,1,1,0,4,1, , ,N,2,3,0,3,0,1,3,2,N,N,40 00:40.975,75 04:22.306,1012, ,1010, ,0, , , ,3, , , , , ,311206, , , ,2,1,0,0,0,0,1,0,0,0,0,1,1,0,0,0,0,0,0,0,2,0,0,0,0,0,0,0,0,0,0,0,0,0,0,4,0,40.0114,-75.0729, , 
 ,26083,2015078621,6,67,67301,2015,7,4,1820,18,1,2,1,1,1, , ,N,0,0,0,3,0,1,3,2,N, ,39 59:39.180,75 10:04.404,1835, ,1831,1,2,1, , ,0,Y, , , , ,311208, , , ,1,1,0,0,0,0,0,0,1,0,0,0,1,1,0,0,0,0,0,0,0,0,0,0,0,0,0,0,0,0,0,0,0,0,0,8,0,39.9942,-75.1679, , 
 ,26084,2015085283,6,67,67301,2015,8,5,1830,18,1,1,0,4,1, , ,N,1,2,0,3,0,1,2,2,N, ,39 57:47.860,75 10:04.041,1848, ,1843,2,1,4, , ,3,N, , , , ,311214, , , ,2,0,0,0,0,0,2,0,0,0,0,1,1,0,0,0,0,0,0,0,1,0,0,0,0,0,0,0,0,0,0,0,0,0,0,4,0,39.9632,-75.1678, , 
 ,26085,2015088801,6,67,67301,2015,8,3,1723,17,1,2,1,4,1, , ,N,1,3,0,3,0,1,3,2,N,N,40 02:19.118,75 04:49.670,2010, ,2004, ,0, ,N, ,3, , , , , ,311221, , , ,2,1,0,0,0,0,1,0,0,0,0,1,1,0,0,0,0,0,0,0,0,0,0,0,0,0,0,0,0,0,0,0,0,0,0,4,0,40.0386,-75.0805, , 
 ,26086,2015096113,6,67,67301,2015,9,5,9999,99,1,1,0,4,1, , ,N,2,0,1,3,0,0,3,2,N,N,39 57:19.974,75 10:39.119,1145, ,1138, ,0, ,N, ,0, , , , , ,311227, , , ,2,1,0,0,0,0,1,0,0,0,0,0,0,0,3,0,0,0,0,0,1,0,0,0,0,0,0,0,0,0,0,0,0,0,0,9,0,39.9555,-75.1775, , 
 ,26087,2015053955,6,67,67301,2015,5,6,1604,16,1,1,0,4,1, , ,N,1,2,0,3,0,1,3,2,N,N,40 02:01.052,75 02:48.431,1610, ,1604, ,0, ,N, ,3, , , , , ,311238, , , ,2,2,0,0,0,0,0,0,0,0,0,1,1,0,0,0,0,0,0,0,0,0,0,0,0,0,0,0,0,0,0,0,0,0,0,4,0,40.0336,-75.0468, , 
 ,26088,2015072899,6,67,67301,2015,6,1,15,0,3,2,1,7,4, , ,N,0,0,0,3,0,1,1,1,N,N,40 02:34.898,75 00:12.053,23, ,15,2,1,2,N, ,0,N, , , , ,311253, , , ,1,1,0,0,0,0,0,0,0,0,0,1,1,0,0,0,0,0,0,0,0,0,0,0,0,0,0,0,0,0,0,0,0,0,0,4,0,40.043,-75.0033, , 
 ,26089,2015075684,6,67,67301,2015,7,5,1630,16,1,1,0,4,1, , ,N,2,3,0,3,0,0,2,2,N, ,39 58:34.183,75 07:55.818,1639, ,1637, ,0, , , ,3, , , , , ,311257, , , ,2,1,0,0,0,0,1,0,0,0,0,0,0,0,0,0,0,0,0,0,0,0,0,0,0,0,0,0,0,0,0,0,0,0,0,0,0,39.9762,-75.1322, , 
 ,26090,2015075805,6,67,67301,2015,7,5,1100,11,1,2,1,8,1, , ,N,0,0,0,3,0,1,2,2,N,N,40 01:07.183,75 08:49.952,1122, ,1120, ,0, ,N, ,0, , , , , ,311258, , , ,1,0,0,0,0,0,1,0,0,0,0,0,1,1,0,0,0,0,0,0,1,0,0,0,0,0,0,0,0,0,0,0,1,0,0,8,0,40.0187,-75.1472, , 
 ,26091,2015092960,6,67,67301,2015,8,6,300,3,3,1,0,7,5, , ,N,0,0,0,3,0,1,1,1,N,N,39 55:14.199,75 12:52.063,1120, ,1115, ,0, ,N, ,0, , , , , ,298442, , , ,1,1,0,0,0,0,0,0,0,0,1,0,1,0,0,0,0,0,0,0,0,0,0,1,0,0,0,0,0,0,0,0,0,0,0,3,0,39.9206,-75.2145, , 
 ,26092,2015095783,6,67,67301,2015,9,3,1844,18,1,1,0,4,1, , ,N,1,2,0,3,0,0,3,3,N,N,40 03:14.351,75 02:56.006,1849, ,1844,1,1,1,N, ,3,N, , , , ,298445, , , ,3,0,0,0,0,0,3,0,0,0,0,0,0,0,0,0,0,0,0,0,1,0,0,0,0,0,0,0,0,0,0,0,0,0,0,0,0,40.054,-75.0489, , 
 ,26093,2015099044,6,67,67301,2015,9,4,1200,12,1,1,0,8,1, , ,N,1,2,0,3,0,1,2,2,N,N,40 03:17.072,75 00:17.300,1207, ,1205, ,0, ,N, ,3, , , , , ,298453, , , ,1,1,0,0,0,0,0,0,0,0,0,0,1,1,0,0,0,0,0,0,0,0,1,0,0,0,0,0,0,0,0,0,1,0,0,8,0,40.0547,-75.0048, , 
 ,26094,2015020755,6,67,67301,2015,1,2,1430,14,1,1,0,1,6, , ,N,0,0,0,3,0,1,1,2,N,N,40 02:31.282,75 08:15.594,1444, ,1438, ,0, ,N, ,0, , , , , ,298477, , , ,2,0,0,1,0,0,1,0,0,0,0,1,1,0,0,0,0,0,0,0,1,0,0,1,0,0,0,0,0,0,0,0,0,0,0,4,1,40.042,-75.1377, , 
 ,26095,2015028827,6,67,67301,2015,2,4,1844,18,4,8,1,4,1, , ,N,2,0,0,3,0,3,4,2,N, ,40 03:10.473,75 10:36.896,1938, ,1935, ,0, , , ,0, , , , , ,298484, , , ,2,2,0,0,0,0,0,0,0,0,0,0,3,3,0,0,0,0,0,0,0,0,0,0,0,0,0,0,0,0,0,0,0,0,0,8,0,40.0529,-75.1769, , 
 ,26096,2015033730,6,67,67301,2015,3,2,1230,12,1,1,5,8,1, , ,N,1,2,0,3,0,1,2,2,N,N,40 01:45.341,75 09:49.576,1236, ,1231, ,0, , , ,3, , , , , ,298490, , , ,1,0,0,0,1,0,0,0,0,0,0,0,1,1,0,0,0,0,0,0,0,1,0,0,0,0,0,0,0,0,0,0,1,0,0,8,0,40.0293,-75.1638, , 
 ,26097,2015061449,6,67,67301,2015,6,4,1555,15,1,1,0,1,1, , ,N,0,0,0,3,0,1,3,3,N,N,39 56:30.925,75 08:34.847,1612, ,1600, ,0, ,N, ,0, , , , , ,298514, , , ,3,2,0,0,0,0,1,0,0,0,0,1,1,0,0,0,0,0,0,0,0,0,0,0,0,0,0,0,0,0,0,0,0,0,0,4,0,39.9419,-75.143, , 
 ,26098,2015063931,6,67,67301,2015,6,3,1410,14,1,1,0,8,1, , ,N,0,0,0,3,0,1,2,2,N, ,40 05:49.700,75 01:04.836,1530, ,1514, ,0, , , ,0, , , , , ,298517, , , ,1,1,0,0,0,0,0,0,0,0,0,0,1,1,0,0,0,0,0,0,1,0,0,0,0,0,0,0,0,0,0,0,1,0,0,8,0,40.0971,-75.018, , 
 ,26099,2015070117,6,67,67301,2015,6,7,350,3,3,1,1,4,1, , ,N,1,3,0,3,0,1,2,5,N,N,40 02:20.979,75 07:37.181,356, ,352, ,0, ,N, ,3, , , , , ,298523, , , ,5,2,0,0,0,0,0,0,0,0,0,1,1,0,0,0,0,0,0,0,0,0,0,0,0,0,0,0,0,0,0,0,0,0,0,4,0,40.0392,-75.127, , 
 ,26100,2015070668,6,67,67301,2015,6,3,1050,10,1,1,0,5,1, , ,N,0,0,0,3,0,1,2,2,N,N,39 59:54.815,75 08:19.584,1123, ,1030, ,0, ,N, ,0, , , , , ,298525, , , ,2,1,0,0,1,0,0,0,0,0,0,1,1,0,0,0,0,0,0,0,0,0,0,0,0,0,0,0,0,0,0,0,0,0,0,4,0,39.9986,-75.1388, , 
 ,26101,2015081095,6,67,67301,2015,7,4,1230,12,1,1,0,4,1, , ,N,3,0,0,3,0,1,2,2,N, ,40 01:31.467,75 08:59.971,1245, ,1240, ,0, , , ,0, , , , , ,298541, , , ,2,1,1,0,0,0,0,0,0,0,1,0,1,0,0,0,0,0,0,0,0,0,0,1,0,0,0,0,0,0,0,0,0,0,0,3,0,40.0254,-75.15, , 
 ,26102,2015027346,6,67,67301,2015,3,1,1610,16,1,3,4,2,1, , ,N,6,0,2,3,0,0,2,2,N,N,39 54:39.103,75 08:56.529,1639, ,1636, ,0, ,N, ,0, , , , , ,298577, , , ,2,1,0,0,0,0,1,0,0,0,0,0,0,0,0,0,0,0,0,0,1,0,0,0,0,0,0,0,0,0,0,0,0,0,0,0,0,39.9109,-75.149, , 
 ,26103,2015042718,6,67,67301,2015,3,7,2120,21,3,1,0,5,6, , ,N,0,0,0,3,0,0,3,3,N,N,40 00:50.074,75 09:29.632,2150, ,2144, ,0, ,N, ,0, , , , , ,298600, , , ,3,2,0,0,0,0,1,0,0,0,0,0,0,0,0,0,0,0,0,0,0,0,0,0,0,0,0,0,0,0,0,0,0,0,0,0,0,40.0139,-75.1582, , 
 ,26104,2015020806,6,67,67301,2015,2,3,1553,15,1,1,0,8,1, , ,N,1,2,0,3,0,1,7,2,N,N,39 55:17.779,75 08:53.544,1555, ,1554,2,2,2,N, ,3,Y, , , , ,298621, , , ,1,1,0,0,0,0,0,0,0,0,0,1,1,0,0,0,0,0,0,0,0,0,0,0,0,0,0,0,0,0,0,0,1,0,0,4,0,39.9216,-75.1482, , 
 ,26105,2015020875,6,67,67301,2015,1,7,639,6,1,1,0,4,1, , ,N,5,2,0,3,0,9,9,2,N, ,40 01:39.219,75 06:36.203,649, ,639,1,2,1, , ,3,N, , , , ,298665, , , ,2,1,0,0,0,0,1,0,0,0,0,9,9,0,0,0,0,0,0,0,0,0,0,2,0,0,0,0,0,0,0,0,0,0,0,4,0,40.0276,-75.1101, , 
 ,26106,2015051490,6,67,67301,2015,4,1,1910,19,4,1,0,7,4, , ,N,1,2,0,3,0,1,2,1,N,N,40 05:57.235,74 59:43.576,1945, ,1938, ,0, ,N, ,3, , , , , ,298694, , , ,1,0,0,0,0,0,0,1,0,0,1,0,1,0,0,0,0,0,0,0,0,0,0,0,0,0,0,0,0,0,0,0,0,0,0,3,0,40.0992,-74.9954, , 
 ,26107,2015042745,6,67,67301,2015,4,2,655,6,1,1,0,4,1, , ,N,1,2,0,3,0,0,2,2,N, ,39 56:29.130,75 08:51.356,720, ,655, ,0, , , ,3, , , , , ,298728, , , ,2,1,0,0,1,0,0,0,0,0,0,0,0,0,0,0,0,0,0,0,0,1,0,2,0,0,0,0,0,0,0,0,0,0,0,0,0,39.9414,-75.1476, , 
 ,26108,2015049028,6,67,67301,2015,4,7,600,6,1,1,0,4,1, , ,N,1,2,0,3,0,1,2,2,N,N,40 05:07.675,75 02:14.870,610, ,604, ,0, ,N, ,3, , , , , ,298735, , , ,2,0,0,0,2,0,0,0,0,0,0,1,1,0,0,0,0,0,0,0,0,0,0,0,0,0,0,0,0,0,0,0,0,0,0,4,0,40.0854,-75.0374, , 
 ,26109,2015033731,6,67,67301,2015,2,7,1933,19,3,1,1,4,1, , ,N,0,0,0,3,0,1,2,2,N,N,39 59:12.901,75 07:50.188,1937, ,1933, ,0, ,N, ,0, , , , , ,290767, , , ,2,2,0,0,0,0,0,0,0,0,0,1,1,0,0,0,0,0,0,0,1,0,0,0,0,0,0,0,0,0,0,0,0,0,0,4,0,39.9869,-75.1306, , 
 ,26110,2015036562,6,67,67301,2015,3,3,1000,10,1,1,0,4,1, , ,N,1,2,0,3,0,0,2,2,N,N,39 59:16.184,75 10:50.095,1011, ,1005,2,2,2,N, ,3,Y, , , , ,290771, , , ,2,1,0,0,0,0,0,1,0,0,0,0,0,0,0,0,0,0,0,1,0,0,0,0,0,0,0,0,0,0,0,0,0,0,0,0,0,39.9878,-75.1806, , 
 ,26111,2015020861,6,67,67301,2015,1,5,900,9,1,1,0,4,1, , ,N,1,2,0,3,0,1,3,3,N,N,39 57:44.547,75 09:41.289,915, ,908, ,0, ,N, ,3, , , , , ,290797, , , ,3,2,0,0,1,0,0,0,0,0,0,1,1,0,0,0,0,0,0,0,2,0,0,0,0,0,0,0,0,0,0,0,0,0,0,4,0,39.9621,-75.1614, , 
 ,26112,2015021926,6,67,67301,2015,1,2,1145,11,1,9,0,4,1, , ,N,2,0,2,3,0,2,4,2,N, ,40 05:23.592,74 58:32.232,9999, ,1107, ,0, , , ,0, , , , , ,290799, , , ,2,1,0,0,0,0,0,0,0,0,0,0,2,2,0,0,0,0,0,0,1,0,0,0,0,0,0,0,0,0,0,0,0,0,0,8,0,40.0906,-74.9765, , 
 ,26113,2015056417,6,67,67301,2015,5,7,310,3,3,1,0,4,1, , ,N,1,3,0,3,0,2,4,2,N,N,40 07:09.523,75 01:28.228,313, ,310, ,0, ,N, ,3, , , , , ,290823, , , ,2,2,0,0,0,0,0,0,0,0,0,0,2,2,2,0,0,0,0,0,0,0,0,0,0,0,0,0,0,0,0,0,0,0,0,8,0,40.1193,-75.0245, , 