wz_ln_closure,objectid_1,crn,district,county,municipality,crash_year,crash_month,day_of_week,time_of_day,hour_of_day,illumination,weather,road_condition,collision_type,relation_to_road,work_zone_type,work_zone_loc,work_zone_ind,intersect_type,tcd_type,location_type,urban_rural,fatal_count,injury_count,person_count,total_units,sch_bus_ind,sch_zone_ind,latitude,longitude,arrival_tm,cons_zone_spd_lim,dispatch_tm,est_hrs_closed,lane_closed,ln_close_dir,ntfy_hiwy_maint,spec_juris_cd,tcd_func_cd,tfc_detour_ind,workers_pres,wz_close_detour,wz_flagger,wz_law_offcr_ind,objectid,wz_moving,wz_other,wz_shlder_mdn,vehicle_count,automobile_count,motorcycle_count,bus_count,small_truck_count,heavy_truck_count,suv_count,van_count,bicycle_count,maj_inj_count,mod_inj_count,min_inj_count,tot_inj_count,unk_inj_deg_count,unk_inj_per_count,driver_count_16yr,driver_count_17yr,driver_count_18yr,driver_count_19yr,driver_count_20yr,driver_count_50_64yr,driver_count_65_74yr,driver_count_75plus,unbelted_occ_count,unb_death_count,unb_maj_inj_count,belted_death_count,belted_maj_inj_count,mcycle_death_count,mcycle_maj_inj_count,bicycle_death_count,bicycle_maj_inj_count,ped_count,ped_death_count,ped_maj_inj_count,max_severity_level,comm_veh_count,dec_lat,dec_long,rdwy_surf_type_cd,county_name
 ,26180,2015017943,6,67,67301,2015,1,6,1525,15,1,1,0,4,1, , ,N,1,2,0,3,0,1,5,2,N, ,39 56:25.108,75 14:01.197,1630, ,1620, ,0, , , ,3, , , , , ,287330, , , ,2,1,0,0,0,0,1,0,0,0,0,1,1,0,2,0,0,0,0,0,0,0,0,0,0,0,0,0,0,0,0,0,0,0,0,4,0,39.9403,-75.2337, , 
 ,26181,2015034168,6,67,67301,2015,2,6,1151,11,1,1,0,1,1, , ,N,0,0,0,3,0,2,4,2,N,N,40 00:24.523,75 04:26.746,1200, ,1155, ,0, ,N, ,0, , , , , ,287340, , , ,2,2,0,0,0,0,0,0,0,0,0,1,2,1,0,0,0,0,0,0,0,0,0,1,0,0,0,0,0,0,0,0,0,0,0,4,0,40.0068,-75.0741, , 
 ,26182,2015042055,6,67,67301,2015,3,5,846,8,1,1,0,1,1, , ,N,1,2,0,3,0,2,3,2,N,N,39 55:22.617,75 11:00.322,926, ,915, ,0, ,N, ,3, , , , , ,287348, , , ,2,2,0,0,0,0,0,0,0,0,0,0,2,2,0,0,0,0,0,0,0,0,0,0,0,0,0,0,0,0,0,0,0,0,0,8,0,39.9229,-75.1836, , 
 ,26183,2015017923,6,67,67301,2015,1,1,9999,99,1,8,5,4,1, , ,N,1,2,0,3,0,0,5,6,N,N,39 59:29.198,75 13:29.395,750, ,750,2,2,6,N, ,3,Y, , , , ,290996, , , ,6,3,0,0,0,1,1,1,0,0,0,0,0,0,0,0,0,0,0,0,0,0,0,0,0,0,0,0,0,0,0,0,0,0,0,0,0,39.9914,-75.2248, , 
 ,26184,2015021879,6,67,67301,2015,2,4,655,6,1,1,0,4,1, , ,N,1,2,0,3,0,1,3,2,N, ,40 02:09.822,75 05:16.321,730, ,724, ,0, , , ,3, , , , , ,290998, , , ,2,2,0,0,0,0,0,0,0,0,1,0,1,0,0,0,0,0,0,0,0,0,0,3,0,0,0,0,0,0,0,0,0,0,0,3,0,40.0362,-75.0879, , 
 ,26185,2015022401,6,67,67301,2015,2,2,1525,15,1,2,1,4,1, , ,N,1,2,0,3,0,1,3,2,N, ,40 02:45.066,74 59:41.312,1540, ,1530, ,0, , , ,3, , , , , ,290999, , , ,2,1,0,0,0,0,1,0,0,0,0,0,1,1,0,0,0,0,0,0,1,0,0,0,0,0,0,0,0,0,0,0,0,0,0,8,0,40.0458,-74.9947, , 
 ,26186,2015081038,6,67,67301,2015,7,5,1631,16,1,1,0,0,1, , ,N,1,2,0,3,0,1,2,1,N, ,39 54:32.712,75 14:31.675,1640, ,1630, ,0, , , ,2, , , , , ,291050, , , ,1,0,0,1,0,0,0,0,0,0,0,0,1,1,0,0,0,0,0,0,0,0,0,0,0,0,0,0,0,0,0,0,0,0,0,8,1,39.909,-75.2419, , 
 ,26187,2015073221,6,67,67301,2015,7,7,200,2,3,1,0,1,6, , ,N,0,0,0,3,0,2,3,3,N, ,39 58:52.722,75 10:24.325,220, ,215, ,0, ,N, ,0, , , , , ,291082, , , ,3,2,0,0,0,0,0,1,0,0,0,0,2,2,0,0,0,0,0,0,0,0,0,0,0,0,0,0,0,0,0,0,0,0,0,8,0,39.9813,-75.1734, , 
 ,26188,2015028783,6,67,67301,2015,2,2,1643,16,1,1,0,4,1, , ,N,1,3,0,3,0,0,2,2,N,N,39 56:08.001,75 08:42.917,1650, ,1647, ,0, ,N, ,3, , , , , ,291095, , , ,2,0,0,0,0,0,2,0,0,0,0,0,0,0,0,0,0,0,0,0,0,0,0,2,0,0,0,0,0,0,0,0,0,0,0,0,0,39.9356,-75.1453, , 
 ,26189,2015038558,6,67,67301,2015,3,7,850,8,1,4,1,7,4, , ,N,0,0,0,3,0,1,1,1,N,N,40 05:27.628,75 01:22.656,912, ,907, ,0, , , ,0, , , , , ,291100, , , ,1,1,0,0,0,0,0,0,0,0,0,0,1,1,0,0,0,0,1,0,0,0,0,0,0,0,0,0,0,0,0,0,0,0,0,8,0,40.091,-75.023, , 
 ,26190,2015046190,6,67,67301,2015,4,5,1611,16,1,1,0,2,1, , ,N,0,0,0,3,0,0,3,3,N,N,39 59:52.291,75 14:00.626,1614, ,1612, ,0, ,N, ,0, , , , , ,291107, , , ,3,2,0,0,0,0,1,0,0,0,0,0,0,0,0,0,0,0,0,0,0,0,0,0,0,0,0,0,0,0,0,0,0,0,0,0,0,39.9979,-75.2335, , 
 ,26191,2015047580,6,67,67301,2015,4,2,1025,10,1,1,0,4,1, , ,N,1,2,0,3,0,1,3,2,N, ,40 02:44.703,75 04:05.879,1033, ,1032, ,0, , , ,3, , , , , ,291110, , , ,2,0,0,0,1,0,1,0,0,0,0,1,1,0,0,0,0,0,0,0,0,0,0,0,0,0,0,0,0,0,0,0,0,0,0,4,0,40.0458,-75.0683, , 
 ,26192,2015049003,6,67,67301,2015,4,7,940,9,1,1,0,4,1, , ,N,1,2,0,3,0,2,2,2,N, ,39 55:26.156,75 13:19.597,1001, ,959,1,1,3, , ,3,N, , , , ,291113, , , ,2,2,0,0,0,0,0,0,0,0,2,0,2,0,0,0,0,0,0,0,0,0,0,0,0,0,0,0,0,0,0,0,0,0,0,3,0,39.9239,-75.2221, , 
 ,26193,2015014101,6,67,67301,2015,1,3,1255,12,1,1,0,7,2, , ,N,7,0,2,3,0,1,1,1,N,N,39 59:50.669,75 04:55.143,1302, ,1255,1,1,2,N, ,0,N, , , , ,291136, , , ,1,0,0,0,1,0,0,0,0,0,0,1,1,0,0,0,0,0,0,0,0,0,0,0,0,0,0,0,0,0,0,0,0,0,0,4,0,39.9974,-75.082, , 
 ,26194,2015025085,6,67,67301,2015,2,1,1407,14,1,1,4,4,1, , ,N,1,2,0,3,0,0,2,2,N,N,40 02:55.176,75 04:36.548,1431, ,1428,2,1,2,N, ,3,N, , , , ,291150, , , ,2,1,0,0,0,0,0,1,0,0,0,0,0,0,0,0,0,0,0,0,0,0,0,0,0,0,0,0,0,0,0,0,0,0,0,0,0,40.0487,-75.0768, , 
 ,26195,2015025093,6,67,67301,2015,2,7,300,3,3,1,0,8,1, , ,N,2,0,0,3,0,1,2,2,N,N,39 59:53.130,75 07:34.048,300, ,300, ,0, , , ,0, , , , , ,291151, , , ,1,0,0,0,0,0,1,0,0,1,0,0,1,0,0,0,0,0,0,0,0,0,0,0,0,0,0,0,0,0,0,0,1,0,1,2,0,39.9981,-75.1261, , 
 ,26196,2015031817,6,67,67301,2015,2,5,629,6,1,1,0,4,1, , ,N,1,2,0,3,0,1,2,2,N,N,39 59:17.883,75 15:14.303,633, ,629,1,1,2,N, ,3,N, , , , ,291155, , , ,2,1,0,0,0,0,1,0,0,0,0,0,1,1,0,0,0,0,0,0,0,0,0,0,0,0,0,0,0,0,0,0,0,0,0,8,0,39.9883,-75.254, , 
 ,26197,2015039531,6,67,67301,2015,3,5,920,9,1,1,0,4,1, , ,N,1,3,0,3,0,1,2,2,N, ,40 03:31.163,75 11:10.557,935, ,929, ,0, , , ,3, , , , , ,291162, , , ,2,1,0,0,1,0,0,0,0,0,0,1,1,0,0,0,0,0,0,0,0,1,1,0,0,0,0,0,0,0,0,0,0,0,0,4,0,40.0587,-75.1863, , 
 ,26198,2015006131,6,67,67301,2015,1,7,1135,11,1,2,1,4,1, , ,N,0,0,0,3,0,1,2,2,N, ,39 59:44.602,75 09:14.661,1145, ,1143, ,0, , , ,0, , , , , ,291178, , , ,1,1,0,0,0,0,0,0,1,0,0,0,1,1,0,0,0,0,0,0,0,0,0,1,0,0,0,0,0,0,0,0,0,0,0,8,0,39.9957,-75.1541, , 
 ,26199,2015075688,6,67,67301,2015,6,1,1930,19,1,1,0,4,1, , ,N,1,3,0,3,0,0,3,2,N,N,39 58:48.741,75 08:43.871,1935, ,1930, ,0, ,N, ,3, , , , , ,291182, , , ,2,2,0,0,0,0,0,0,0,0,0,0,0,0,0,0,0,0,0,0,0,0,0,1,0,0,0,0,0,0,0,0,0,0,0,0,0,39.9802,-75.1455, , 
 ,26200,2015099048,6,67,67301,2015,9,5,1455,14,1,2,1,4,1, , ,N,2,3,0,3,0,1,3,5,N,N,39 59:52.284,75 07:27.549,1505, ,1500,2,1,4,N, ,3,N, , , , ,291199, , , ,5,4,0,1,0,0,0,0,0,0,0,1,1,0,0,0,0,0,0,0,0,0,0,0,0,0,0,0,0,0,0,0,0,0,0,4,1,39.9978,-75.124, , 
 ,26201,2015038684,6,67,67301,2015,3,1,820,8,1,1,0,1,1, , ,N,2,2,0,3,0,0,2,2,N,N,39 56:58.586,75 11:58.815,2206, ,2204,1,1,2, , ,3,N, , , , ,295064, , , ,2,1,0,0,0,0,0,1,0,0,0,0,0,0,0,0,0,0,0,0,1,0,0,0,0,0,0,0,0,0,0,0,0,0,0,0,0,39.9496,-75.1997, , 
 ,26202,2015040957,6,67,67301,2015,3,2,1200,12,1,1,0,4,1, , ,N,0,0,7,3,0,0,2,2,N,N,40 01:55.303,75 05:31.002,1213, ,1202,2,2,2,N, ,0,Y, , , , ,295066, , , ,2,0,0,0,0,0,2,0,0,0,0,0,0,0,0,0,0,0,0,0,1,0,0,0,0,0,0,0,0,0,0,0,0,0,0,0,0,40.032,-75.0919, , 
 ,26203,2015045376,6,67,67301,2015,4,3,1329,13,1,1,0,1,1, , ,N,1,2,0,3,0,0,2,2,N,N,40 02:07.762,75 13:02.189,1427, ,1424,1,1,1,N, ,3,N, , , , ,295070, , , ,2,1,0,0,0,1,0,0,0,0,0,0,0,0,0,0,0,0,0,0,1,0,0,0,0,0,0,0,0,0,0,0,0,0,0,0,1,40.0355,-75.2173, , 
 ,26204,2015006091,6,67,67301,2015,1,1,2332,23,3,1,0,4,1, , ,N,1,2,0,3,0,3,4,2,N,N,40 00:49.975,75 07:33.617,2337, ,2335, ,0, ,N, ,3, , , , , ,295091, , , ,2,1,0,0,0,0,0,1,0,0,0,0,3,3,0,0,0,0,0,0,0,0,0,0,0,0,0,0,0,0,0,0,0,0,0,8,0,40.0139,-75.126, , 
 ,26205,2015028835,6,67,67301,2015,2,1,2200,22,3,8,1,4,1, , ,N,1,2,0,3,0,3,6,2,N,N,39 57:22.420,75 09:45.641,2208, ,2203, ,0, , , ,3, , , , , ,295114, , , ,2,1,0,0,0,0,1,0,0,0,3,0,3,0,0,0,0,0,0,0,0,0,0,0,0,0,0,0,0,0,0,0,0,0,0,3,0,39.9562,-75.1627, , 
 ,26206,2015049056,6,67,67301,2015,4,6,30,0,3,1,0,7,4, , ,N,0,0,0,3,0,0,1,1,N,N,39 58:20.186,75 14:58.092,50, ,45, ,0, ,N, ,0, , , , , ,295132, , , ,1,0,0,0,0,0,1,0,0,0,0,0,0,0,0,0,0,0,0,0,1,0,0,0,0,0,0,0,0,0,0,0,0,0,0,0,0,39.9723,-75.2495, , 
 ,26207,2015038691,6,67,67301,2015,3,1,325,3,3,1,0,5,1, , ,N,0,0,0,3,0,0,2,2,N,N,40 01:45.866,75 06:07.801,415, ,415, ,0, , , ,0, , , , , ,295162, , , ,2,1,0,0,0,0,0,1,0,0,0,0,0,0,0,0,0,0,0,0,0,0,0,0,0,0,0,0,0,0,0,0,0,0,0,0,0,40.0294,-75.1022, , 
 ,26208,2015040872,6,67,67301,2015,3,5,310,3,3,1,0,1,1, , ,N,2,3,0,3,0,0,3,2,N,N,39 55:06.420,75 14:19.888,315, ,315, ,0, ,N, ,3, , , , , ,295164, , , ,2,2,0,0,0,0,0,0,0,0,0,0,0,0,0,0,0,0,0,0,1,0,0,0,0,0,0,0,0,0,0,0,0,0,0,0,0,39.9185,-75.2389, , 
 ,26209,2015045228,6,67,67301,2015,4,6,2014,20,2,1,0,1,1, , ,N,0,0,0,3,0,0,3,2,N,N,39 58:56.997,75 12:27.744,2020, ,2015,1,1,3,N, ,0,N, , , , ,295168, , , ,2,1,0,0,0,0,1,0,0,0,0,0,0,0,0,0,0,0,0,0,1,0,0,2,0,0,0,0,0,0,0,0,0,0,0,0,0,39.9825,-75.2077, , 
 ,26210,2015047574,6,46,46102,2015,4,6,333,3,3,2,1,7,4, , ,N,0,0,0,3,0,1,1,1,N, ,40 04:01.351,75 08:44.657,333, ,340, ,0, , , ,0, , , , , ,295171, , , ,1,1,0,0,0,0,0,0,0,0,0,1,1,0,0,0,0,0,0,0,1,0,0,1,0,0,0,0,0,0,0,0,0,0,0,4,0,40.067,-75.1458, , 
 ,26211,2015049190,6,67,67301,2015,4,3,1005,10,1,1,0,1,1, , ,N,0,0,0,3,0,1,3,2,N,N,39 57:52.060,75 08:57.275,1015, ,1009,1,1,1,N, ,0,N, , , , ,295174, , , ,1,1,0,0,0,0,0,0,1,0,0,1,1,0,0,0,0,0,0,0,1,0,0,0,0,0,0,0,0,0,0,0,0,0,0,4,0,39.9645,-75.1492, , 
 ,26212,2015012388,6,67,67301,2015,1,5,550,5,3,1,0,5,1, , ,N,0,0,0,3,0,1,2,2,N,N,40 00:51.463,75 10:43.149,550, ,550, ,0, ,N, ,0, , , , , ,295189, , , ,2,1,0,0,0,1,0,0,0,0,0,1,1,0,0,0,0,0,0,0,0,0,0,0,0,0,0,0,0,0,0,0,0,0,0,4,1,40.0143,-75.1787, , 
 ,26213,2015038604,6,67,67301,2015,3,6,1634,16,1,4,3,4,1, , ,N,1,3,0,3,0,1,5,2,N,N,40 02:31.891,75 04:43.971,1645, ,1634, ,0, ,N, ,3, , , , , ,295205, , , ,2,2,0,0,0,0,0,0,0,0,0,1,1,0,0,0,0,0,0,0,1,0,0,0,0,0,0,0,0,0,0,0,0,0,0,4,0,40.0422,-75.0789, , 
 ,26214,2015038670,6,67,67301,2015,3,4,1250,12,1,1,0,4,1, , ,N,1,3,0,3,0,2,2,2,N, ,39 56:56.623,75 09:20.444,1300, ,1250,2,1,1, , ,3,N, , , , ,295206, , , ,2,1,0,0,0,0,1,0,0,0,0,2,2,0,0,0,0,0,0,0,0,1,0,0,0,0,0,0,0,0,0,0,0,0,0,4,0,39.9491,-75.1557, , 
 ,26215,2015047539,6,67,67301,2015,4,5,1635,16,1,1,0,8,1, , ,N,0,0,0,3,0,1,2,2,N, ,40 01:24.525,75 09:33.639,1645, ,1639, ,0, , , ,0, , , , , ,295214, , , ,1,0,0,0,0,0,1,0,0,0,1,0,1,0,0,0,0,0,0,0,0,0,0,0,0,0,0,0,0,0,0,0,1,0,0,3,0,40.0235,-75.1593, , 
 ,26216,2015042771,6,67,67301,2015,3,1,603,6,3,1,0,1,1, , ,N,1,2,0,3,0,0,2,2,N,N,39 53:40.603,75 14:12.181,608, ,603,2,1,3,N, ,3,Y, , , , ,295264, , , ,2,1,0,0,0,0,0,1,0,0,0,0,0,0,0,0,0,0,0,0,1,0,0,0,0,0,0,0,0,0,0,0,0,0,0,0,0,39.8946,-75.2367, , 
 ,26217,2015042870,6,67,67301,2015,4,5,1950,19,3,1,0,5,6, , ,N,0,0,0,3,0,2,2,3,N,N,39 57:37.432,75 13:25.417,2152, ,2137, ,0, , , ,0, , , , , ,295265, , , ,3,2,0,0,0,0,1,0,0,0,0,0,2,2,0,0,0,0,0,0,0,0,0,0,0,0,0,0,0,0,0,0,0,0,0,8,0,39.9604,-75.2237, , 
 ,26218,2015049132,6,67,67301,2015,4,2,2320,23,3,1,0,5,6, , ,N,0,2,0,3,0,0,1,2,N,N,40 02:10.280,75 10:05.232,2350, ,2347, ,0, ,N, ,3, , , , , ,295275, , , ,2,2,0,0,0,0,0,0,0,0,0,0,0,0,0,0,0,0,0,1,0,0,0,1,0,0,0,0,0,0,0,0,0,0,0,0,0,40.0362,-75.1681, , 
 ,26219,2015016804,6,67,67301,2015,2,6,9999,99,1,1,0,2,1, , ,N,0,0,0,3,0,0,3,3,N,N,39 59:01.539,75 09:24.539,901, ,900, ,0, ,N, ,0, , , , , ,295286, , , ,3,1,0,0,0,0,2,0,0,0,0,0,0,0,1,0,0,0,0,0,1,0,0,0,0,0,0,0,0,0,0,0,0,0,0,9,0,39.9838,-75.1568, , 
N,26220,2015034409,6,67,67301,2015,3,3,1613,16,1,1,0,1,1,1,4,Y,0,0,0,3,0,0,6,6,N,N,40 01:36.493,75 01:34.729,1640,45,1625,2,1,2,N, ,0,N,N,N,N,N,283051,N,N,Y,6,6,0,0,0,0,0,0,0,0,0,0,0,0,0,0,0,0,0,0,0,0,0,0,0,0,0,0,0,0,0,0,0,0,0,0,0,40.0268,-75.0263, , 
 ,26221,2015051932,6,46,46102,2015,4,4,535,5,5,1,0,4,1, , ,N,5,2,0,3,0,2,2,2,N, ,40 04:26.865,75 09:30.131,645, ,639,3,1,5, , ,3,N, , , , ,283061, , , ,2,1,0,0,1,0,0,0,0,0,0,2,2,0,0,0,0,0,0,0,0,0,0,0,0,0,0,0,0,0,0,0,0,0,0,4,0,40.0741,-75.1584, , 
 ,26222,2015051983,6,67,67301,2015,4,5,1231,12,1,1,0,7,4, , ,N,0,0,0,3,0,0,1,1,N, ,40 01:21.734,75 08:10.817,1238, ,1231,2,1,1, , ,0,N, , , , ,283062, , , ,1,1,0,0,0,0,0,0,0,0,0,0,0,0,0,0,0,0,0,0,0,1,0,0,0,0,0,0,0,0,0,0,0,0,0,0,0,40.0227,-75.1363, , 
 ,26223,2015061790,6,67,67301,2015,5,5,1205,12,1,2,1,5,1, , ,N,5,2,0,3,0,1,3,3,N,N,39 59:13.382,75 07:20.404,1320, ,1313,3,2,3,N, ,3,N, , , , ,283071, , , ,3,1,0,0,0,0,1,1,0,0,0,0,1,1,0,0,0,0,0,0,0,0,0,0,0,0,0,0,0,0,0,0,0,0,0,8,0,39.9871,-75.1223, , 
 ,26224,2015009638,6,67,67301,2015,1,1,1335,13,1,9,1,1,1, , ,N,1,4,0,3,0,1,2,2,N,N,39 56:22.379,75 11:53.331,1350, ,1340, ,0, ,N, ,3, , , , , ,283078, , , ,2,1,0,0,0,0,1,0,0,0,0,1,1,0,0,0,0,0,0,0,1,0,0,0,0,0,0,0,0,0,0,0,0,0,0,4,0,39.9396,-75.1982, , 
 ,26225,2015015988,6,67,67301,2015,2,3,823,8,1,1,0,1,1, , ,N,0,0,0,3,0,0,2,2,N,N,39 58:16.516,75 11:35.949,844, ,826, ,0, ,N, ,0, , , , , ,283090, , , ,2,1,0,0,0,1,0,0,0,0,0,0,0,0,1,0,0,0,0,0,1,1,0,0,0,0,0,0,0,0,0,0,0,0,0,9,1,39.9713,-75.1933, , 
 ,26226,2015042862,6,67,67301,2015,3,6,1547,15,1,1,0,7,4, , ,N,0,0,0,3,0,1,1,1,N,N,40 03:26.412,75 02:06.058,1555, ,1549, ,0, , , ,0, , , , , ,283114, , , ,1,0,0,0,0,0,0,1,0,0,1,0,1,0,0,0,0,0,0,0,0,0,0,0,0,0,0,0,0,0,0,0,0,0,0,3,0,40.0573,-75.035, , 
 ,26227,2015043261,6,67,67301,2015,4,6,1757,17,4,1,1,5,1, , ,N,0,0,0,3,0,1,2,2,N,N,39 57:39.095,75 13:28.856,1812, ,1812, ,0, ,N, ,0, , , , , ,283115, , , ,2,2,0,0,0,0,0,0,0,0,0,1,1,0,0,0,0,0,0,0,0,0,0,0,0,0,0,0,0,0,0,0,0,0,0,4,0,39.9609,-75.2247, , 
 ,26228,2015049582,6,67,67301,2015,4,3,952,9,1,2,1,6,1, , ,N,0,0,0,3,0,1,9,5,N,N,40 02:05.715,75 11:18.165,1000, ,952,3,2,5,N, ,0,Y, , , , ,283122, , , ,5,4,0,0,0,0,0,1,0,0,0,1,1,0,0,0,0,0,0,0,1,0,0,0,0,0,0,0,0,0,0,0,0,0,0,4,0,40.0349,-75.1884, , 
 ,26229,2015021884,6,67,67301,2015,2,1,2019,20,3,1,0,4,1, , ,N,1,2,0,3,0,0,7,2,N,N,39 59:44.224,75 10:03.233,2019, ,2019, ,0, ,N, ,3, , , , , ,283143, , , ,2,1,0,0,0,0,0,1,0,0,0,0,0,0,0,0,0,0,0,1,0,0,0,0,0,0,0,0,0,0,0,0,0,0,0,0,0,39.9956,-75.1675, , 
 ,26230,2015024597,6,67,67301,2015,2,5,1900,19,3,1,1,4,1, , ,N,1,0,0,3,0,0,4,2,N,N,39 58:26.709,75 08:00.139,1940, ,1928, ,0, , , ,0, , , , , ,283148, , , ,2,2,0,0,0,0,0,0,0,0,0,0,0,0,0,0,0,0,0,0,1,0,0,0,0,0,0,0,0,0,0,0,0,0,0,0,0,39.9742,-75.1333, , 
 ,26231,2015036369,6,67,67301,2015,3,2,1600,16,1,1,0,1,1, , ,N,0,0,0,3,0,0,2,2,N,N,39 57:25.522,75 09:24.006,1644, ,1620, ,0, ,N, ,0, , , , , ,283162, , , ,2,2,0,0,0,0,0,0,0,0,0,0,0,0,0,0,0,0,0,0,0,0,0,0,0,0,0,0,0,0,0,0,0,0,0,0,0,39.9571,-75.1567, , 
 ,26232,2015042822,6,67,67301,2015,4,1,31,0,3,1,0,7,4, , ,N,0,0,0,3,0,0,2,1,N,N,39 58:52.387,75 12:00.245,110, ,109, ,0, ,N, ,0, , , , , ,283169, , , ,1,0,0,0,1,0,0,0,0,0,0,0,0,0,0,0,0,0,0,0,0,0,0,0,0,0,0,0,0,0,0,0,0,0,0,0,0,39.9812,-75.2001, , 
 ,26233,2015031070,6,67,67301,2015,2,4,502,5,3,1,0,5,6, , ,N,0,0,0,3,0,1,1,2,N,N,40 01:50.672,75 07:20.063,512, ,508,3,2,6,N, ,0,Y, , , , ,283190, , , ,2,1,0,0,0,0,1,0,0,0,0,1,1,0,0,0,0,0,0,0,0,0,0,0,0,0,0,0,0,0,0,0,0,0,0,4,0,40.0307,-75.1222, , 
 ,26234,2015042776,6,67,67301,2015,3,5,2200,22,3,2,1,8,1, , ,N,1,2,0,3,0,1,2,2,N,N,40 00:33.325,75 09:04.460,2202, ,2202, ,0, , , ,3, , , , , ,283199, , , ,1,0,0,0,0,0,1,0,0,0,0,0,1,1,0,0,0,0,0,0,0,0,0,0,0,0,0,0,0,0,0,0,1,0,0,8,0,40.0092,-75.1511, , 
 ,26235,2015051477,6,67,67301,2015,4,3,1955,19,4,1,0,4,1, , ,N,1,3,0,3,0,1,2,2,N,N,39 57:33.134,75 14:14.312,1250, ,1248, ,0, ,N, ,3, , , , , ,283205, , , ,2,2,0,0,0,0,0,0,0,0,0,0,1,1,0,0,0,0,0,0,0,0,0,0,0,0,0,0,0,0,0,0,0,0,0,8,0,39.9592,-75.2373, , 
 ,26236,2015025141,6,67,67301,2015,2,6,1620,16,4,1,0,8,1, , ,N,1,2,0,3,0,1,2,2,N, ,39 57:23.616,75 14:30.901,1630, ,1625,1,1,3, , ,3,N, , , , ,283237, , , ,1,1,0,0,0,0,0,0,0,0,1,0,1,0,0,0,0,0,0,0,0,0,0,0,0,0,0,0,0,0,0,0,1,0,0,3,0,39.9566,-75.2419, , 
 ,26237,2015035193,6,67,67301,2015,2,7,1442,14,1,1,6,4,1, , ,N,2,3,0,3,0,1,6,2,N, ,40 04:49.152,74 59:42.820,1454, ,1449, ,0, , , ,3, , , , , ,283247, , , ,2,2,0,0,0,0,0,0,0,0,0,1,1,0,0,0,1,0,0,0,0,0,0,0,0,0,0,0,0,0,0,0,0,0,0,4,0,40.0803,-74.9952, , 
 ,26238,2015051499,6,67,67301,2015,5,6,1630,16,1,1,0,1,1, , ,N,0,0,0,3,0,1,5,2,N,N,39 57:35.617,75 11:39.040,1641, ,1640,1,1,3,N, ,0,N, , , , ,283262, , , ,2,1,0,0,0,0,1,0,0,0,0,1,1,0,2,0,0,0,0,0,0,0,0,4,0,0,0,0,0,0,0,0,0,0,0,4,0,39.9599,-75.1942, , 
 ,26239,2015047235,6,67,67301,2015,4,7,2257,22,3,1,0,4,1, , ,N,1,2,0,3,0,3,3,2,N,N,39 56:00.337,75 13:23.656,2259, ,2257, ,0, ,N, ,3, , , , , ,287353, , , ,2,1,0,0,0,0,1,0,0,0,0,3,3,0,0,0,0,1,0,0,0,0,0,0,0,0,0,0,0,0,0,0,0,0,0,4,0,39.9334,-75.2232, , 
 ,26240,2015021976,6,67,67301,2015,2,2,1513,15,1,8,1,8,1, , ,N,1,2,0,3,0,1,2,2,N,N,40 00:57.350,75 09:13.935,1535, ,1532, ,0, ,N, ,3, , , , , ,287378, , , ,1,1,0,0,0,0,0,0,0,0,0,1,1,0,0,0,0,0,0,0,0,1,0,0,0,0,0,0,0,0,0,0,1,0,0,4,0,40.0159,-75.1538, , 
 ,26241,2015032720,6,67,67301,2015,3,5,1230,12,1,4,4,7,2, , ,N,0,0,0,3,0,1,1,1,N,N,39 53:09.864,75 12:48.604,1241, ,1231, ,0, ,N, ,0, , , , , ,287388, , , ,1,0,0,0,0,0,1,0,0,0,0,1,1,0,0,0,0,0,0,0,0,0,0,0,0,0,0,0,0,0,0,0,0,0,0,4,0,39.8861,-75.2135, , 
 ,26242,2015036680,6,67,67301,2015,3,7,1340,13,1,2,1,5,1, , ,N,0,0,0,3,0,1,2,2,N, ,39 56:00.009,75 08:44.894,1359, ,1356, ,0, , , ,0, , , , , ,287391, , , ,2,0,0,1,0,0,1,0,0,0,0,1,1,0,0,0,0,0,0,0,0,0,0,0,0,0,0,0,0,0,0,0,0,0,0,4,1,39.9333,-75.1458, , 
 ,26243,2015040960,6,67,67301,2015,3,2,1500,15,1,1,1,8,1, , ,N,0,0,0,3,0,1,2,2,N, ,40 01:17.025,75 04:50.866,1515, ,1506, ,0, , , ,0, , , , , ,287394, , , ,1,1,0,0,0,0,0,0,0,0,1,0,1,0,0,0,0,0,0,0,0,1,0,0,0,0,0,0,0,0,0,0,1,0,0,3,0,40.0214,-75.0808, , 
 ,26244,2015049583,6,67,67301,2015,4,6,1755,17,1,1,0,4,1, , ,N,1,0,0,3,0,1,3,2,N, ,40 01:33.697,75 10:01.167,1759, ,1759, ,0, , , ,0, , , , , ,287402, , , ,2,1,1,0,0,0,0,0,0,0,0,1,1,0,1,0,0,0,0,0,0,0,0,0,0,0,0,0,0,0,0,0,0,0,0,4,0,40.026,-75.167, , 
 ,26245,2015063943,6,67,67301,2015,5,7,1935,19,1,1,0,4,1, , ,N,1,3,0,3,0,3,5,2,N,N,39 58:20.816,75 13:51.495,1942, ,1937, ,0, ,N, ,3, , , , , ,287410, , , ,2,2,0,0,0,0,0,0,0,0,0,3,3,0,1,0,0,0,0,0,0,0,0,0,0,0,0,0,0,0,0,0,0,0,0,4,0,39.9724,-75.231, , 
 ,26246,2015049115,6,67,67301,2015,4,5,1615,16,1,1,0,8,1, , ,N,1,0,0,3,0,2,3,3,N, ,39 57:33.918,75 14:43.386,1628, ,1626, ,0, , , ,0, , , , , ,287444, , , ,1,1,0,0,0,0,0,0,0,0,2,0,2,0,0,0,0,0,0,0,0,0,1,0,0,0,0,0,0,0,0,0,2,0,0,3,0,39.9594,-75.2453, , 