wz_ln_closure,objectid_1,crn,district,county,municipality,crash_year,crash_month,day_of_week,time_of_day,hour_of_day,illumination,weather,road_condition,collision_type,relation_to_road,work_zone_type,work_zone_loc,work_zone_ind,intersect_type,tcd_type,location_type,urban_rural,fatal_count,injury_count,person_count,total_units,sch_bus_ind,sch_zone_ind,latitude,longitude,arrival_tm,cons_zone_spd_lim,dispatch_tm,est_hrs_closed,lane_closed,ln_close_dir,ntfy_hiwy_maint,spec_juris_cd,tcd_func_cd,tfc_detour_ind,workers_pres,wz_close_detour,wz_flagger,wz_law_offcr_ind,objectid,wz_moving,wz_other,wz_shlder_mdn,vehicle_count,automobile_count,motorcycle_count,bus_count,small_truck_count,heavy_truck_count,suv_count,van_count,bicycle_count,maj_inj_count,mod_inj_count,min_inj_count,tot_inj_count,unk_inj_deg_count,unk_inj_per_count,driver_count_16yr,driver_count_17yr,driver_count_18yr,driver_count_19yr,driver_count_20yr,driver_count_50_64yr,driver_count_65_74yr,driver_count_75plus,unbelted_occ_count,unb_death_count,unb_maj_inj_count,belted_death_count,belted_maj_inj_count,mcycle_death_count,mcycle_maj_inj_count,bicycle_death_count,bicycle_maj_inj_count,ped_count,ped_death_count,ped_maj_inj_count,max_severity_level,comm_veh_count,dec_lat,dec_long,rdwy_surf_type_cd,county_name
 ,26247,2015051437,6,67,67301,2015,5,7,758,7,1,1,0,5,6, , ,N,0,0,0,3,0,1,1,2,N,N,40 00:49.975,75 06:42.688,802, ,759, ,0, ,N, ,0, , , , , ,287448, , , ,2,0,0,0,0,1,1,0,0,1,0,0,1,0,0,0,0,0,0,0,0,0,0,1,0,1,0,0,0,0,0,0,0,0,0,2,1,40.0139,-75.1119, , 
 ,26248,2015052374,6,67,67301,2015,4,3,935,9,1,1,0,1,1, , ,N,0,0,0,3,0,1,7,3,N,N,39 57:05.810,75 10:57.162,953, ,937,1,1,4,N, ,0,N, , , , ,287449, , , ,3,0,0,0,0,0,3,0,0,0,0,1,1,0,0,0,0,0,0,0,0,1,0,0,0,0,0,0,0,0,0,0,0,0,0,4,0,39.9516,-75.1825, , 
 ,26249,2015056505,6,67,67301,2015,5,7,1608,16,1,1,0,4,1, , ,N,1,2,0,3,0,2,2,2,N,N,39 54:14.619,75 14:25.049,1612, ,1610,1,1,6, , ,2,N, , , , ,287455, , , ,2,1,0,0,0,0,1,0,0,0,2,0,2,0,0,0,0,0,0,0,1,0,0,0,0,0,0,0,0,0,0,0,0,0,0,3,0,39.904,-75.2401, , 
 ,26250,2015056680,6,67,67301,2015,5,2,2034,20,3,1,0,7,2, , ,N,0,0,0,3,0,3,3,1,N,N,39 53:19.426,75 14:27.935,2051, ,2045, ,0, ,N, ,0, , , , , ,287456, , , ,1,1,0,0,0,0,0,0,0,0,0,0,3,3,0,0,0,1,0,0,0,0,0,3,0,0,0,0,0,0,0,0,0,0,0,8,0,39.8887,-75.2411, , 
 ,26251,2015058843,6,67,67301,2015,5,5,1604,16,1,1,0,1,1, , ,N,0,0,0,3,0,1,2,2,N,N,40 00:24.074,75 11:53.161,1700, ,1631, ,0, ,N, ,0, , , , , ,287459, , , ,2,1,0,0,0,0,1,0,0,0,0,0,1,1,0,0,0,0,0,0,0,0,0,0,0,0,0,0,0,0,0,0,0,0,0,8,0,40.0067,-75.1981, , 
 ,26252,2015045349,6,67,67301,2015,4,4,955,9,1,1,0,1,1, , ,N,0,0,0,3,0,3,4,3,N, ,39 58:58.539,75 14:30.817,1015, ,1012,3,1,4, , ,0,N, , , , ,287496, , , ,3,3,0,0,0,0,0,0,0,0,0,1,3,2,0,0,0,0,0,0,1,0,0,0,0,0,0,0,0,0,0,0,0,0,0,4,0,39.9829,-75.2419, , 
 ,26253,2015049097,6,67,67301,2015,4,5,508,5,1,7,0,8,1, , ,N,0,2,0,3,0,1,2,2,N,Y,40 01:54.512,75 08:46.753,1748, ,1746, ,0, ,N, ,3, , , , , ,287501, , , ,1,0,0,0,0,0,1,0,0,0,0,1,1,0,0,0,0,0,0,0,1,0,0,0,0,0,0,0,0,0,0,0,1,0,0,4,0,40.0318,-75.1463, , 
 ,26254,2015051454,6,67,67301,2015,4,2,625,6,1,1,0,1,1, , ,N,0,0,0,3,0,4,4,2,N,N,40 01:11.356,75 08:59.007,645, ,625,1,1,1,N, ,0,N, , , , ,287502, , , ,2,1,0,0,0,0,1,0,0,0,2,2,4,0,0,0,0,0,1,0,1,0,0,1,0,0,0,0,0,0,0,0,0,0,0,3,0,40.0198,-75.1497, , 
 ,26255,2015040955,6,67,67301,2015,3,6,805,8,1,1,0,8,1, , ,N,1,2,0,3,0,1,2,2,N,N,40 07:43.802,75 00:49.406,1640, ,1636, ,0, , , ,3, , , , , ,287541, , , ,1,1,0,0,0,0,0,0,0,0,0,1,1,0,0,0,0,0,0,0,0,0,0,0,0,0,0,0,0,0,0,0,1,0,0,4,0,40.1288,-75.0137, , 
 ,26256,2015049034,6,67,67301,2015,4,7,1600,16,1,1,0,1,1, , ,N,2,0,0,3,0,1,3,3,N,N,40 04:48.642,75 02:13.476,1620, ,1600, ,0, ,N, ,0, , , , , ,287548, , , ,3,2,0,0,0,0,1,0,0,0,0,1,1,0,0,1,0,0,0,0,0,0,0,0,0,0,0,0,0,0,0,0,0,0,0,4,0,40.0802,-75.0371, , 
 ,26257,2015099108,6,67,67301,2015,9,3,1733,17,1,1,0,4,1, , ,N,1,2,0,3,0,2,4,2,N, ,40 00:40.402,75 08:31.606,1759, ,1755, ,0, , , ,3, , , , , ,291200, , , ,2,2,0,0,0,0,0,0,0,0,0,2,2,0,0,0,0,0,0,0,0,0,0,0,0,0,0,0,0,0,0,0,0,0,0,4,0,40.0112,-75.1421, , 
 ,26258,2015038669,6,67,67301,2015,3,2,1600,16,1,1,0,4,1, , ,N,1,2,0,3,0,1,2,2,N, ,39 57:32.806,75 09:29.825,1700, ,1700, ,0, , , ,3, , , , , ,291252, , , ,2,0,0,0,2,0,0,0,0,0,0,1,1,0,0,0,0,0,0,0,0,0,0,0,0,0,0,0,0,0,0,0,0,0,0,4,0,39.9591,-75.1583, , 
 ,26259,2015006086,6,67,67301,2015,1,5,1800,18,3,1,0,2,1, , ,N,0,0,0,3,0,1,3,2,N,N,40 01:11.348,75 02:37.443,1812, ,1810, ,0, ,N, ,0, , , , , ,291277, , , ,2,1,0,0,1,0,0,0,0,0,0,0,1,1,0,0,0,0,0,0,2,0,0,0,0,0,0,0,0,0,0,0,0,0,0,8,0,40.0198,-75.0437, , 
 ,26260,2015038615,6,67,67301,2015,3,7,545,5,3,1,6,7,4, , ,N,3,0,0,3,0,0,1,1,N,N,40 03:36.745,75 03:06.882,550, ,548, ,0, , , ,0, , , , , ,291303, , , ,1,0,0,0,1,0,0,0,0,0,0,0,0,0,0,0,0,0,0,0,0,0,0,0,0,0,0,0,0,0,0,0,0,0,0,0,0,40.0602,-75.0519, , 
 ,26261,2015049058,6,67,67301,2015,4,3,2119,21,3,1,0,4,1, , ,N,5,2,0,3,0,1,3,2,N, ,40 01:27.953,75 03:46.121,2128, ,2122, ,0, , , ,3, , , , , ,291311, , , ,2,0,1,0,0,0,1,0,0,0,1,0,1,0,0,0,0,0,0,0,1,0,0,0,0,0,0,0,0,0,0,0,0,0,0,3,0,40.0244,-75.0628, , 
 ,26262,2015054461,6,67,67301,2015,4,3,240,2,3,2,1,7,3, , ,N,0,0,0,3,0,0,1,1,N,N,39 55:50.634,75 11:56.140,255, ,242,1,1,3,N, ,0,N, , , , ,291314, , , ,1,1,0,0,0,0,0,0,0,0,0,0,0,0,0,0,0,0,0,0,0,0,0,0,0,0,0,0,0,0,0,0,0,0,0,0,0,39.9307,-75.1989, , 
 ,26263,2015061701,6,67,67301,2015,5,6,930,9,1,1,0,4,1, , ,N,1,2,0,3,0,1,2,2,N, ,39 57:13.359,75 09:27.283,934, ,932, ,0, , , ,3, , , , , ,291317, , , ,2,0,0,0,0,0,2,0,0,0,0,0,1,1,0,0,0,0,0,0,1,0,0,0,0,0,0,0,0,0,0,0,0,0,0,8,0,39.9537,-75.1579, , 
 ,26264,2015061802,6,67,67301,2015,5,2,1813,18,1,1,0,4,1, , ,N,1,2,0,3,0,1,3,3,N,N,40 02:20.571,75 08:40.639,1823, ,1819,1,1,6, , ,3,Y, , , , ,291318, , , ,3,2,0,0,0,0,1,0,0,0,0,1,1,0,0,0,0,0,0,0,1,0,0,0,0,0,0,0,0,0,0,0,0,0,0,4,0,40.039,-75.1446, , 
 ,26265,2015025103,6,67,67301,2015,2,5,1115,11,1,1,0,5,2, , ,N,0,0,0,3,0,1,2,2,N,N,39 55:08.901,75 10:15.205,1122, ,1115,1,1,2,N, ,0,N, , , , ,291332, , , ,2,1,0,0,0,0,1,0,0,0,0,1,1,0,0,0,0,0,0,0,0,0,0,0,0,0,0,0,0,0,0,0,0,0,0,4,0,39.9191,-75.1709, , 
 ,26266,2015028790,6,67,67301,2015,2,1,1905,19,3,1,1,7,4, , ,N,0,0,0,3,0,0,1,1,N,N,40 07:36.730,75 01:15.272,1914, ,1909, ,0, ,N, ,0, , , , , ,291336, , , ,1,1,0,0,0,0,0,0,0,0,0,0,0,0,0,0,0,0,0,0,0,0,0,0,0,0,0,0,0,0,0,0,0,0,0,0,0,40.1269,-75.0209, , 
 ,26267,2015036654,6,67,67301,2015,3,6,9999,99,3,1,0,7,4, , ,N,0,0,0,3,0,0,1,1,N,N,39 56:34.437,75 08:32.314,112, ,110,3,1,2,N, ,0,N, , , , ,291340, , , ,1,0,0,0,1,0,0,0,0,0,0,0,0,0,0,0,0,0,0,0,1,0,0,0,0,0,0,0,0,0,0,0,0,0,0,0,0,39.9429,-75.1423, , 
 ,26268,2015044457,6,67,67301,2015,4,1,1628,16,1,1,0,1,1, , ,N,0,0,0,3,0,0,10,4,N,N,39 59:11.765,75 05:28.932,1647, ,1642,2,2,1,N, ,0,N, , , , ,291348, , , ,4,1,0,0,0,0,2,1,0,0,0,0,0,0,0,0,0,0,0,0,1,0,0,0,0,0,0,0,0,0,0,0,0,0,0,0,0,39.9866,-75.0914, , 
Y,26269,2015056685,6,67,67301,2015,5,4,2200,22,3,2,7,7,4,2,4,Y,0,0,0,3,0,0,1,1,N,Y,39 55:23.145,75 08:50.720,2246,55,2210, ,0, ,Y, ,0, ,Y,N,N,Y,291361,N,N,N,1,0,0,0,1,0,0,0,0,0,0,0,0,0,0,0,0,0,0,0,1,0,0,0,0,0,0,0,0,0,0,0,0,0,0,0,0,39.9231,-75.1474, , 
 ,26270,2015036559,6,67,67301,2015,3,1,1201,12,1,4,1,7,4, , ,N,0,0,0,3,0,0,1,2,N,N,39 54:42.418,75 14:34.706,1319, ,1312, ,0, ,N, ,0, , , , , ,291399, , , ,1,1,0,0,0,0,0,0,0,0,0,0,0,0,0,0,0,0,0,0,0,0,0,0,0,0,0,0,0,0,0,0,0,0,0,0,0,39.9118,-75.243, , 
 ,26271,2015036633,6,67,67301,2015,3,3,2338,23,3,2,1,7,4, , ,N,0,0,0,3,0,0,1,1,N,N,40 04:25.060,75 09:29.692,40, ,32, ,0, ,N, ,0, , , , , ,291400, , , ,1,1,0,0,0,0,0,0,0,0,0,0,0,0,1,0,0,0,0,0,0,0,0,0,0,0,0,0,0,0,0,0,0,0,0,9,0,40.0736,-75.1582, , 
 ,26272,2015042894,6,67,67301,2015,4,6,1249,12,1,1,1,4,1, , ,N,1,2,0,3,0,4,5,2,N,N,39 56:37.021,75 09:24.595,1305, ,1249,2,2,4, , ,3,Y, , , , ,291402, , , ,2,2,0,0,0,0,0,0,0,0,0,0,4,4,0,0,0,1,0,0,0,1,0,0,0,0,0,0,0,0,0,0,0,0,0,8,0,39.9436,-75.1568, , 
 ,26273,2015045387,6,67,67301,2015,4,3,1833,18,1,2,1,1,1, , ,N,0,0,0,3,0,1,2,2,N, ,40 01:51.785,75 03:44.558,1840, ,1836, ,0, , , ,0, , , , , ,291406, , , ,2,1,0,0,0,0,1,0,0,0,0,0,1,1,0,0,0,0,0,0,0,0,0,0,0,0,0,0,0,0,0,0,0,0,0,8,0,40.0311,-75.0624, , 
 ,26274,2015049168,6,67,67301,2015,4,6,1311,13,1,1,0,8,4, , ,N,1,2,0,3,0,2,5,4,N,N,39 56:43.029,75 09:46.601,1315, ,1311,2,1,3,N, ,3,Y, , , , ,291410, , , ,2,2,0,0,0,0,0,0,0,0,2,0,2,0,0,0,0,0,0,0,0,0,0,0,0,0,0,0,0,0,0,0,2,0,0,3,0,39.9453,-75.1629, , 
 ,26275,2015051464,6,67,67301,2015,4,1,117,1,3,1,0,1,6, , ,N,0,0,0,3,0,3,4,2,N, ,39 56:30.494,75 12:41.486,120, ,118, ,0, , , ,0, , , , , ,291415, , , ,2,2,0,0,0,0,0,0,0,0,0,3,3,0,0,0,0,0,0,0,0,0,0,0,0,0,0,0,0,0,0,0,0,0,0,4,0,39.9418,-75.2115, , 
 ,26276,2015066313,6,67,67301,2015,6,3,718,7,1,2,0,8,1, , ,N,1,2,0,3,0,1,2,2,N, ,39 57:16.601,75 09:53.486,723, ,720, ,0, , , ,3, , , , , ,295338, , , ,1,0,0,0,0,0,1,0,0,0,0,1,1,0,0,0,0,0,0,0,1,0,0,0,0,0,0,0,0,0,0,0,1,0,0,4,0,39.9546,-75.1648, , 
 ,26277,2015070146,6,67,67301,2015,6,7,230,2,3,1,0,1,1, , ,N,0,0,0,3,0,2,3,2,N,N,40 00:38.736,75 11:03.277,246, ,239,2,1,2,N, ,0,N, , , , ,295342, , , ,2,2,0,0,0,0,0,0,0,0,0,0,2,2,1,0,0,0,0,1,0,0,0,0,0,0,0,0,0,0,0,0,0,0,0,8,0,40.0108,-75.1842, , 
 ,26278,2015073349,6,67,67301,2015,7,7,1040,10,1,1,0,1,1, , ,N,0,0,0,3,0,3,3,3,N,N,39 57:29.704,75 09:56.550,1055, ,1040,1,1,3,N, ,0,N, , , , ,295346, , , ,3,1,0,0,1,0,1,0,0,0,1,2,3,0,0,0,0,0,0,0,2,0,0,1,0,0,0,0,0,0,0,0,0,0,0,3,0,39.9583,-75.1657, , 
 ,26279,2015093000,6,67,67301,2015,8,5,1410,14,1,1,0,1,1, , ,N,0,2,0,3,0,1,3,2,N, ,39 55:10.983,75 13:22.822,1540, ,1530, ,0, , , ,3, , , , , ,295368, , , ,2,1,0,0,1,0,0,0,0,0,0,0,1,1,1,0,0,0,0,0,0,0,0,0,0,0,0,0,0,0,0,0,0,0,0,8,0,39.9197,-75.223, , 
 ,26280,2015028830,6,67,67301,2015,2,6,845,8,1,1,0,1,1, , ,N,0,0,0,3,0,1,3,3,N,N,40 03:05.335,75 03:03.070,855, ,850,1,1,1, , ,0,N, , , , ,295400, , , ,3,2,0,0,0,0,1,0,0,0,0,1,1,0,0,0,0,0,0,0,2,1,0,0,0,0,0,0,0,0,0,0,0,0,0,4,0,40.0515,-75.0509, , 
 ,26281,2015028844,6,67,67301,2015,2,1,1213,12,1,1,7,1,1, , ,N,0,0,0,3,0,3,5,3,N,N,40 05:05.953,75 01:30.225,1218, ,1216,9,2,2, , ,0,Y, , , , ,295401, , , ,3,2,0,0,1,0,0,0,0,0,0,1,3,2,0,0,0,0,0,0,0,0,1,2,0,0,0,0,0,0,0,0,0,0,0,4,0,40.085,-75.0251, , 
 ,26282,2015042750,6,67,67301,2015,4,4,800,8,1,1,0,5,6, , ,N,0,0,0,3,0,0,1,3,N,N,39 54:59.360,75 09:46.332,847, ,841, ,0, ,N, ,0, , , , , ,295418, , , ,3,2,0,0,0,0,1,0,0,0,0,0,0,0,1,0,0,0,0,0,0,0,0,0,0,0,0,0,0,0,0,0,0,0,0,9,0,39.9165,-75.1629, , 
 ,26283,2015021900,6,67,67301,2015,2,1,850,8,1,1,0,1,1, , ,N,1,2,0,3,0,1,2,3,N,N,39 59:01.026,75 14:49.382,900, ,852, ,0, , , ,3, , , , , ,295436, , , ,3,3,0,0,0,0,0,0,0,0,0,1,1,0,0,0,0,0,0,0,1,0,0,0,0,0,0,0,0,0,0,0,0,0,0,4,0,39.9836,-75.247, , 
 ,26284,2015049047,6,67,67301,2015,4,7,2008,20,3,1,0,4,1, , ,N,1,3,0,3,0,2,2,2,N,N,40 02:30.991,75 02:11.691,2021, ,2019, ,0, , , ,3, , , , , ,295456, , , ,2,2,0,0,0,0,0,0,0,0,0,0,2,2,0,0,0,0,0,0,0,0,0,0,0,0,0,0,0,0,0,0,0,0,0,8,0,40.0419,-75.0366, , 
 ,26285,2015049129,6,67,67301,2015,4,5,1353,13,1,1,0,8,1,1,4,Y,0,0,0,3,0,1,2,2,N,N,39 57:22.179,75 10:12.327,1406,99,1400,1,2,4,N, ,0,Y,Y,Y, ,N,295457, , ,Y,1,0,0,0,0,0,1,0,0,0,1,0,1,0,0,0,0,0,0,0,1,0,0,0,0,0,0,0,0,0,0,0,1,0,0,3,0,39.9562,-75.1701, , 
 ,26286,2015035171,6,67,67301,2015,3,2,1815,18,3,8,6,1,1, , ,N,0,0,0,3,0,3,5,4,N,N,39 57:33.166,75 13:00.724,1907, ,1835, ,0, ,N, ,0, , , , , ,295497, , , ,4,2,0,0,1,0,1,0,0,0,1,1,3,1,0,0,0,0,0,0,2,0,0,0,0,0,0,0,0,0,0,0,0,0,0,3,0,39.9592,-75.2169, , 
Y,26287,2015036664,6,67,67301,2015,3,2,1358,13,1,1,0,8,1,1,4,Y,1,2,0,3,0,1,2,2,N,N,40 03:33.649,75 02:40.261,1414,35,1400,1,1,2,N, ,3,N,N,U,U,N,295499,U,U,U,1,0,0,0,1,0,0,0,0,0,0,1,1,0,0,0,0,0,0,0,0,0,0,0,0,0,0,0,0,0,0,0,1,0,0,4,0,40.0594,-75.0445, , 
 ,26288,2015045357,6,67,67301,2015,4,4,1443,14,1,2,1,4,1, , ,N,2,3,0,3,0,0,2,2,N,N,39 57:24.288,75 14:52.761,1540, ,1536, ,0, ,N, ,3, , , , , ,295504, , , ,2,0,0,0,0,0,1,1,0,0,0,0,0,0,0,0,0,0,0,0,1,0,0,0,0,0,0,0,0,0,0,0,0,0,0,0,0,39.9567,-75.248, , 
 ,26289,2015015591,6,67,67301,2015,1,1,2225,22,3,8,5,5,6, , ,N,0,0,0,3,0,0,1,3,N, ,40 02:21.812,75 04:25.688,2231, ,2228,3,2,3, , ,0,Y, , , , ,295529, , , ,3,0,0,0,0,0,2,1,0,0,0,0,0,0,0,0,0,0,0,0,0,0,0,0,0,0,0,0,0,0,0,0,0,0,0,0,0,40.0394,-75.0738, , 
 ,26290,2015026222,6,67,67301,2015,2,3,24,0,3,4,3,7,5, , ,N,0,0,0,3,0,0,2,1,N,N,39 56:44.761,75 11:24.265,28, ,25,2,2,3,N, ,0,N, , , , ,295543, , , ,1,1,0,0,0,0,0,0,0,0,0,0,0,0,0,0,0,0,0,0,0,0,0,0,0,0,0,0,0,0,0,0,0,0,0,0,0,39.9458,-75.1901, , 
 ,26291,2015032366,6,67,67301,2015,3,1,152,1,3,1,0,7,2, , ,N,0,0,2,3,0,0,3,1,N,N,39 57:20.177,75 08:53.622,152, ,152, ,0, ,N, ,0, , , , , ,295552, , , ,1,1,0,0,0,0,0,0,0,0,0,0,0,0,0,0,0,0,0,0,0,0,0,3,0,0,0,0,0,0,0,0,0,0,0,0,0,39.9556,-75.1482, , 
 ,26292,2015042729,6,67,67301,2015,4,2,826,8,1,1,0,8,1, , ,N,1,2,0,3,0,1,2,2,N,N,40 02:00.712,75 05:07.191,835, ,832, ,0, ,N, ,3, , , , , ,295558, , , ,1,0,0,0,0,0,1,0,0,0,0,0,1,1,0,0,0,0,0,0,0,0,0,0,0,0,0,0,0,0,0,0,1,0,0,8,0,40.0335,-75.0853, , 
 ,26293,2015012354,6,67,67301,2015,1,7,1121,11,1,1,0,8,1, , ,N,1,0,0,3,0,1,2,2,N,N,40 00:06.202,75 09:28.162,1126, ,1123, ,0, ,N, ,0, , , , , ,295581, , , ,1,0,0,0,0,0,1,0,0,0,0,1,1,0,0,0,0,0,0,0,0,0,0,1,0,0,0,0,0,0,0,0,1,0,0,4,0,40.0017,-75.1578, , 
 ,26294,2015053992,6,67,67301,2015,5,7,1625,16,1,1,0,1,1, , ,N,1,2,0,3,0,1,1,5,N, ,39 59:18.584,75 06:22.955,1705, ,1659, ,0, , , ,3, , , , , ,283264, , , ,5,5,0,0,0,0,0,0,0,0,0,1,1,0,0,0,0,0,0,0,0,0,0,0,0,0,0,0,0,0,0,0,0,0,0,4,0,39.9885,-75.1064, , 
 ,26295,2015007132,6,67,67301,2015,1,6,1308,13,1,1,0,1,1, , ,N,7,0,2,3,0,0,2,2,N,N,39 58:34.136,75 11:44.141,1321, ,1313, ,0, ,N, ,0, , , , , ,283272, , , ,2,0,0,0,1,0,0,0,0,0,0,0,0,0,1,0,0,0,0,0,0,0,0,0,0,0,0,0,0,0,0,0,0,0,0,9,0,39.9761,-75.1956, , 
 ,26296,2015009614,6,67,67301,2015,1,6,2110,21,3,1,0,4,1, , ,N,1,0,0,3,0,0,2,2,N, ,39 57:31.363,75 09:43.712,2120, ,2115, ,0, , , ,0, , , , , ,283276, , , ,2,1,0,0,0,0,1,0,0,0,0,0,0,0,0,0,0,0,0,0,0,0,0,0,0,0,0,0,0,0,0,0,0,0,0,0,0,39.9587,-75.1621, , 
 ,26297,2015029994,6,67,67301,2015,2,4,1700,17,1,1,0,8,1, , ,N,2,2,0,3,0,1,2,2,N,N,40 01:08.552,75 09:20.399,1700, ,1700, ,0, , , ,3, , , , , ,283296, , , ,1,1,0,0,0,0,0,0,0,0,1,0,1,0,0,0,0,0,0,0,1,0,0,0,0,0,0,0,0,0,0,0,1,0,0,3,0,40.019,-75.1557, , 
 ,26298,2015045414,6,67,67301,2015,4,5,839,8,1,2,1,4,1, , ,N,1,3,0,3,0,2,2,2,N,N,40 02:59.802,75 08:58.639,840, ,839, ,0, ,N, ,3, , , , , ,283312, , , ,2,2,0,0,0,0,0,0,0,0,0,2,2,0,0,0,0,0,0,0,0,0,0,0,0,0,0,0,0,0,0,0,0,0,0,4,0,40.0499,-75.1496, , 
 ,26299,2015034130,6,67,67301,2015,2,5,1315,13,1,1,0,5,1, , ,N,0,0,0,3,0,1,5,2,N, ,39 57:16.507,75 11:37.547,1318, ,1315, ,0, , , ,0, , , , , ,283344, , , ,2,1,0,0,0,0,1,0,0,0,0,0,1,1,0,0,0,0,0,0,0,0,0,0,0,0,0,0,0,0,0,0,0,0,0,8,0,39.9546,-75.1938, , 
 ,26300,2015036582,6,67,67301,2015,3,1,150,1,3,1,0,7,4, , ,N,3,2,0,3,0,0,1,1,N,N,40 07:06.945,75 00:25.153,200, ,152,2,1,4, , ,3,N, , , , ,283348, , , ,1,1,0,0,0,0,0,0,0,0,0,0,0,0,1,0,0,0,0,0,0,0,0,0,0,0,0,0,0,0,0,0,0,0,0,9,0,40.1186,-75.007, , 
 ,26301,2015039530,6,67,67301,2015,3,3,1725,17,1,1,0,4,1, , ,N,2,3,0,3,0,2,6,3,N, ,40 06:26.640,75 01:41.417,1738, ,1734, ,0, , , ,3, , , , , ,283350, , , ,3,2,0,0,0,0,1,0,0,0,0,2,2,0,0,0,0,0,1,0,0,0,0,0,0,0,0,0,0,0,0,0,0,0,0,4,0,40.1074,-75.0282, , 
 ,26302,2015045454,6,67,67301,2015,4,1,1630,16,1,1,0,4,1, , ,N,1,2,0,3,0,0,4,2,N,N,40 02:12.848,75 08:02.883,1635, ,1630, ,0, ,N, ,3, , , , , ,283353, , , ,2,2,0,0,0,0,0,0,0,0,0,0,0,0,0,0,0,0,0,0,0,0,0,0,0,0,0,0,0,0,0,0,0,0,0,0,0,40.0369,-75.1341, , 
 ,26303,2015049007,6,67,67301,2015,4,5,803,8,1,1,0,4,1, , ,N,2,2,0,3,0,2,2,2,N,N,40 00:28.443,75 05:06.740,844, ,837,3,1,3,N, ,3,Y, , , , ,283357, , , ,2,2,0,0,0,0,0,0,0,0,1,1,2,0,0,0,0,0,0,0,1,0,0,0,0,0,0,0,0,0,0,0,0,0,0,3,0,40.0079,-75.0852, , 
 ,26304,2015056095,6,67,67301,2015,4,4,2125,21,3,1,0,7,3, , ,N,0,0,0,3,1,0,2,2,N,N,40 01:35.250,75 05:46.038,2132, ,2130,3,2,2,N,0,0,Y, , , , ,283362, , , ,2,1,1,0,0,0,0,0,0,0,0,0,0,0,0,0,0,0,0,0,0,0,0,0,0,0,0,0,1,0,0,0,0,0,0,1,0,40.0265,-75.0961,2, 
 ,26305,2015036642,6,67,67301,2015,3,1,1230,12,1,1,0,5,1, , ,N,0,0,0,3,0,0,2,2,N,N,40 03:43.966,75 09:06.620,1308, ,1306, ,0, ,N, ,0, , , , , ,283390, , , ,2,0,0,0,0,0,1,1,0,0,0,0,0,0,0,0,0,0,0,0,0,0,0,0,0,0,0,0,0,0,0,0,0,0,0,0,0,40.0622,-75.1518, , 
 ,26306,2015049094,6,67,67301,2015,4,3,1525,15,1,1,0,5,1, , ,N,0,0,0,3,0,1,2,2,N,N,39 58:22.347,75 12:55.997,1553, ,1536, ,0, ,N, ,0, , , , , ,283401, , , ,1,1,0,0,0,0,0,0,1,0,0,1,1,0,0,0,0,0,0,0,0,0,0,0,0,0,0,0,0,0,0,0,0,0,0,4,0,39.9729,-75.2156, , 
Y,26307,2015061440,6,67,67301,2015,6,6,2349,23,3,1,0,1,1,1,4,Y,0,0,3,3,0,0,2,2,N,N,39 58:23.861,75 07:14.056,23,45,4,3,1,2,N, ,0,N,Y,N,N,N,283409,N,Y,Y,2,1,0,0,1,0,0,0,0,0,0,0,0,0,0,0,0,0,1,0,0,0,0,0,0,0,0,0,0,0,0,0,0,0,0,0,0,39.9733,-75.1206, , 
 ,26308,2015006621,6,67,67301,2015,1,1,1730,17,3,1,1,1,1, , ,N,0,0,0,3,0,1,3,2,N,N,39 56:40.246,75 14:46.903,9999, ,9999, ,0, ,N, ,0, , , , , ,283416, , , ,2,2,0,0,0,0,0,0,0,0,0,0,1,1,0,0,0,0,0,0,0,0,0,2,0,0,0,0,0,0,0,0,0,0,0,8,0,39.9445,-75.2464, , 
 ,26309,2015054015,6,67,67301,2015,4,4,734,7,1,1,0,4,1, , ,N,1,2,0,3,0,1,2,2,N,N,39 56:28.421,75 12:33.849,740, ,735, ,0, ,N, ,3, , , , , ,283460, , , ,2,1,0,0,0,0,1,0,0,0,0,1,1,0,0,0,0,0,0,0,1,0,0,0,0,0,0,0,0,0,0,0,0,0,0,4,0,39.9412,-75.2094, , 
 ,26310,2015054383,6,67,67301,2015,4,2,150,1,3,1,0,7,4, , ,N,0,0,0,3,0,0,1,1,N,N,40 05:34.269,75 03:56.858,207, ,201, ,0, , , ,0, , , , , ,283461, , , ,1,1,0,0,0,0,0,0,0,0,0,0,0,0,1,0,0,0,0,0,0,0,0,0,0,0,0,0,0,0,0,0,0,0,0,9,0,40.0929,-75.0658, , 
 ,26311,2015017922,6,67,67301,2015,1,5,15,0,3,1,0,5,6, , ,N,0,0,0,3,0,0,1,2,N,N,39 58:39.187,75 10:47.208,36, ,35, ,0, ,N, ,0, , , , , ,283471, , , ,2,1,0,0,0,0,1,0,0,0,0,0,0,0,0,0,0,0,0,0,0,0,0,0,0,0,0,0,0,0,0,0,0,0,0,0,0,39.9776,-75.1798, , 
 ,26312,2015031506,6,67,67301,2015,2,3,2126,21,3,1,0,1,1, , ,N,1,2,0,3,0,1,3,2,N, ,40 02:25.817,75 03:32.713,2129, ,2126,1,1,2, , ,3,N, , , , ,283477, , , ,2,2,0,0,0,0,0,0,0,0,0,1,1,0,0,0,0,0,0,0,0,0,0,0,0,0,0,0,0,0,0,0,0,0,0,4,0,40.0405,-75.0591, , 