wz_ln_closure,objectid_1,crn,district,county,municipality,crash_year,crash_month,day_of_week,time_of_day,hour_of_day,illumination,weather,road_condition,collision_type,relation_to_road,work_zone_type,work_zone_loc,work_zone_ind,intersect_type,tcd_type,location_type,urban_rural,fatal_count,injury_count,person_count,total_units,sch_bus_ind,sch_zone_ind,latitude,longitude,arrival_tm,cons_zone_spd_lim,dispatch_tm,est_hrs_closed,lane_closed,ln_close_dir,ntfy_hiwy_maint,spec_juris_cd,tcd_func_cd,tfc_detour_ind,workers_pres,wz_close_detour,wz_flagger,wz_law_offcr_ind,objectid,wz_moving,wz_other,wz_shlder_mdn,vehicle_count,automobile_count,motorcycle_count,bus_count,small_truck_count,heavy_truck_count,suv_count,van_count,bicycle_count,maj_inj_count,mod_inj_count,min_inj_count,tot_inj_count,unk_inj_deg_count,unk_inj_per_count,driver_count_16yr,driver_count_17yr,driver_count_18yr,driver_count_19yr,driver_count_20yr,driver_count_50_64yr,driver_count_65_74yr,driver_count_75plus,unbelted_occ_count,unb_death_count,unb_maj_inj_count,belted_death_count,belted_maj_inj_count,mcycle_death_count,mcycle_maj_inj_count,bicycle_death_count,bicycle_maj_inj_count,ped_count,ped_death_count,ped_maj_inj_count,max_severity_level,comm_veh_count,dec_lat,dec_long,rdwy_surf_type_cd,county_name
 ,26313,2015051501,6,67,67301,2015,4,2,2020,20,3,1,0,4,1, , ,N,1,3,0,3,0,1,4,2,N,N,39 58:39.669,75 06:59.457,2050, ,2045, ,0, ,N, ,3, , , , , ,287553, , , ,2,1,0,0,0,0,1,0,0,0,0,1,1,0,0,0,0,0,0,0,0,0,0,0,0,0,0,0,0,0,0,0,0,0,0,4,0,39.9777,-75.1165, , 
 ,26314,2015061865,6,67,67301,2015,5,3,1621,16,1,1,0,7,5, , ,N,0,0,0,3,0,1,1,1,N,N,40 00:35.416,75 05:44.995,1628, ,1626, ,0, ,N, ,0, , , , , ,287568, , , ,1,0,0,0,0,0,1,0,0,0,0,1,1,0,0,0,0,0,0,0,0,0,0,0,0,0,0,0,0,0,0,0,0,0,0,4,0,40.0098,-75.0958, , 
 ,26315,2015063871,6,67,67301,2015,6,5,1720,17,1,1,0,1,1, , ,N,0,0,0,3,0,1,4,2,N,N,40 01:40.251,75 03:44.670,1740, ,1739, ,0, , , ,0, , , , , ,287570, , , ,2,1,0,0,1,0,0,0,0,0,0,1,1,0,0,0,0,0,0,0,0,0,0,0,0,0,0,0,0,0,0,0,0,0,0,4,0,40.0278,-75.0624, , 
 ,26316,2015066165,6,67,67301,2015,6,4,725,7,1,1,0,4,1, , ,N,2,3,0,3,0,1,2,3,N,N,40 05:59.132,74 59:02.770,742, ,739, ,0, ,N, ,3, , , , , ,287571, , , ,3,1,0,0,0,0,2,0,0,0,0,0,1,1,0,0,0,0,0,0,1,0,0,0,0,0,0,0,0,0,0,0,0,0,0,8,0,40.0998,-74.9841, , 
 ,26317,2015075814,6,67,67301,2015,7,1,1027,10,1,1,0,1,1, , ,N,2,2,0,3,0,1,2,2,N, ,40 03:27.887,75 02:29.677,1035, ,1033, ,0, , , ,3, , , , , ,287574, , , ,2,2,0,0,0,0,0,0,0,0,0,1,1,0,0,0,0,0,0,0,1,0,0,0,0,0,0,0,0,0,0,0,0,0,0,4,0,40.0578,-75.0417, , 
 ,26318,2015079778,6,67,67301,2015,8,1,123,1,3,1,0,5,1, , ,N,0,0,0,3,0,0,2,2,N,N,39 59:42.377,75 11:53.064,135, ,127, ,0, ,N, ,0, , , , , ,287579, , , ,2,2,0,0,0,0,0,0,0,0,0,0,0,0,0,0,0,0,0,0,0,0,1,0,0,0,0,0,0,0,0,0,0,0,0,0,0,39.9951,-75.1981, , 
 ,26319,2015081094,6,67,67301,2015,7,4,2105,21,3,1,0,1,1, , ,N,1,2,0,3,0,2,3,2,N,N,40 03:40.656,75 03:06.510,2113, ,2108, ,0, ,N, ,3, , , , , ,287582, , , ,2,1,0,0,0,0,0,1,0,0,0,1,2,1,0,0,0,0,0,0,0,0,0,0,0,0,0,0,0,0,0,0,0,0,0,4,0,40.0613,-75.0518, , 
 ,26320,2015054385,6,67,67301,2015,5,2,1745,17,1,1,0,8,1, , ,N,1,3,0,3,0,2,3,2,N, ,39 58:53.209,75 10:01.549,1747, ,1745, ,0, , , ,3, , , , , ,287608, , , ,1,0,0,0,0,0,1,0,0,0,0,1,2,1,0,0,0,0,0,0,0,0,0,0,0,0,0,0,0,0,0,0,1,0,0,4,0,39.9814,-75.1671, , 
 ,26321,2015028845,6,67,67301,2015,2,6,1812,18,3,1,0,8,1, , ,N,1,2,0,3,0,1,2,2,N,N,40 00:36.075,75 05:46.053,1820, ,1814, ,0, ,N, ,3, , , , , ,287632, , , ,1,0,0,0,0,1,0,0,0,0,0,0,1,1,0,0,0,0,0,0,0,0,0,0,0,0,0,0,0,0,0,0,1,0,0,8,1,40.01,-75.0961, , 
N,26322,2015018008,6,67,67301,2015,2,6,240,2,3,1,0,7,3,1,4,Y,0,0,0,3,0,0,1,1,N,N,39 58:05.806,75 07:45.529,243,45,241,1,1,1,N, ,0,N,N,N,N,N,287672,N,N,Y,1,1,0,0,0,0,0,0,0,0,0,0,0,0,0,0,0,0,0,0,0,0,0,0,0,0,0,0,0,0,0,0,0,0,0,0,0,39.9683,-75.1293, , 
 ,26323,2015036622,6,67,67301,2015,3,1,429,4,3,1,0,3,1, , ,N,0,0,0,3,0,1,2,2,N,N,39 58:40.508,75 07:28.632,440, ,440, ,0, ,N, ,0, , , , , ,287689, , , ,2,2,0,0,0,0,0,0,0,0,0,0,1,1,0,0,0,0,0,0,0,0,0,0,0,0,0,0,0,0,0,0,0,0,0,8,0,39.9779,-75.1246, , 
 ,26324,2015038589,6,67,67301,2015,3,2,2010,20,4,1,0,5,1, , ,N,1,1,0,3,0,1,2,2,N,N,39 53:40.603,75 14:12.181,2030, ,2025, ,0, , , ,3, , , , , ,287691, , , ,2,2,0,0,0,0,0,0,0,0,0,0,1,1,0,0,0,0,0,0,1,0,0,0,0,0,0,0,0,0,0,0,0,0,0,8,0,39.8946,-75.2367, , 
 ,26325,2015040408,6,67,67301,2015,3,6,1702,17,1,1,0,1,1, , ,N,0,0,0,3,0,0,2,2,N,N,39 59:19.571,75 05:18.002,1714, ,1711,1,2,2,N, ,0,N, , , , ,287692, , , ,2,1,0,0,1,0,0,0,0,0,0,0,0,0,0,0,0,0,1,0,1,0,0,0,0,0,0,0,0,0,0,0,0,0,0,0,1,39.9888,-75.0883, , 
 ,26326,2015026466,6,67,67301,2015,2,1,543,5,3,8,6,2,3, , ,N,0,0,0,3,0,0,2,2,N,N,39 57:34.162,75 08:27.373,618, ,601, ,0, ,N, ,0, , , , , ,287729, , , ,2,2,0,0,0,0,0,0,0,0,0,0,0,0,0,0,0,0,0,0,1,0,0,0,0,0,0,0,0,0,0,0,0,0,0,0,0,39.9595,-75.1409, , 
 ,26327,2015029678,6,67,67301,2015,3,1,2305,23,3,1,0,6,1, , ,N,0,2,0,3,0,0,2,3,N,N,39 54:28.729,75 10:23.693,2311, ,2310, ,0, ,N, ,3, , , , , ,287731, , , ,3,3,0,0,0,0,0,0,0,0,0,0,0,0,1,0,0,0,0,0,0,0,0,0,0,0,0,0,0,0,0,0,0,0,0,9,0,39.908,-75.1732, , 
 ,26328,2015036614,6,67,67301,2015,3,6,1750,17,1,1,0,5,1, , ,N,2,0,0,3,0,0,3,3,N, ,40 03:15.289,75 09:37.670,1810, ,1757, ,0, ,N, ,0, , , , , ,287743, , , ,3,1,0,0,0,0,1,1,0,0,0,0,0,0,1,0,0,0,0,0,1,0,0,0,0,0,0,0,0,0,0,0,0,0,0,9,0,40.0542,-75.1605, , 
 ,26329,2015038601,6,67,67301,2015,3,1,1100,11,1,1,0,4,1, , ,N,1,2,0,3,0,1,3,2,N,N,40 01:08.216,75 08:49.391,1120, ,1110, ,0, ,N, ,3, , , , , ,287746, , , ,2,1,0,0,0,0,0,1,0,0,0,1,1,0,0,0,0,0,0,0,1,0,0,3,0,0,0,0,0,0,0,0,0,0,0,4,0,40.0189,-75.1471, , 
 ,26330,2015009644,6,67,67301,2015,1,6,1530,15,1,1,0,1,1, , ,N,0,0,0,3,0,2,4,3,N,N,39 57:19.322,75 09:20.179,1542, ,1540, ,0, , , ,0, , , , , ,287762, , , ,3,2,0,0,0,0,0,1,0,0,0,0,2,2,0,0,0,0,0,0,0,0,0,0,0,0,0,0,0,0,0,0,0,0,0,8,0,39.9554,-75.1556, , 
 ,26331,2015051536,6,67,67301,2015,5,1,130,1,3,1,0,1,1, , ,N,0,0,0,3,0,0,2,2,N,N,39 58:16.109,75 13:42.333,139, ,139, ,0, ,N, ,0, , , , , ,291416, , , ,2,2,0,0,0,0,0,0,0,0,0,0,0,0,0,0,0,0,0,0,0,0,0,0,0,0,0,0,0,0,0,0,0,0,0,0,0,39.9711,-75.2284, , 
 ,26332,2015054357,6,67,67301,2015,5,4,2030,20,3,1,0,7,3, , ,N,0,0,0,3,0,1,1,1,N,N,39 57:54.031,75 09:38.761,2045, ,2042, ,0, ,N, ,0, , , , , ,291417, , , ,1,1,0,0,0,0,0,0,0,0,1,0,1,0,0,0,0,0,0,0,0,0,0,0,0,0,0,0,0,0,0,0,0,0,0,3,0,39.965,-75.1608, , 
 ,26333,2015049035,6,67,67301,2015,4,1,1155,11,1,1,0,5,1, , ,N,0,0,0,3,0,1,2,4,N,N,40 01:27.604,75 06:36.064,1205, ,1200,9,1,2,N, ,0,N, , , , ,291455, , , ,4,3,0,0,0,0,1,0,0,0,0,1,1,0,0,0,0,0,0,0,0,0,0,0,0,0,0,0,0,0,0,0,0,0,0,4,0,40.0243,-75.11, , 
 ,26334,2015049098,6,67,67301,2015,4,3,803,8,1,1,0,1,1, , ,N,0,0,0,3,0,0,3,3,N,N,39 53:41.381,75 13:48.881,1042, ,1032, ,0, , , ,0, , , , , ,291456, , , ,3,2,0,0,0,1,0,0,0,0,0,0,0,0,0,0,0,0,0,0,1,0,0,0,0,0,0,0,0,0,0,0,0,0,0,0,1,39.8948,-75.2302, , 
 ,26335,2015056665,6,67,67301,2015,5,2,646,6,1,1,0,5,1, , ,N,0,0,0,3,0,0,3,3,Y,N,39 58:01.908,75 11:17.955,704, ,656, ,0, ,N, ,0, , , , , ,291463, , , ,3,1,0,1,0,0,1,0,0,0,0,0,0,0,0,0,0,0,0,0,0,0,0,0,0,0,0,0,0,0,0,0,0,0,0,0,1,39.9672,-75.1883, , 
 ,26336,2015020829,6,67,67301,2015,2,2,1230,12,1,2,1,1,1, , ,N,1,2,2,3,0,2,2,2,N,N,39 58:20.989,75 07:24.839,1232, ,1232, ,0, , , ,3, , , , , ,291485, , , ,2,1,0,0,1,0,0,0,0,0,0,2,2,0,0,0,0,0,0,1,0,0,1,0,0,0,0,0,0,0,0,0,0,0,0,4,0,39.9725,-75.1235, , 
 ,26337,2015021448,6,67,67301,2015,2,6,1145,11,1,1,0,7,4, , ,N,0,0,0,3,0,1,1,1,N,N,39 58:54.695,75 12:26.187,1152, ,1145,1,1,4,N, ,0,N, , , , ,291487, , , ,1,1,0,0,0,0,0,0,0,0,0,0,1,1,0,0,0,0,1,0,0,0,0,0,0,0,0,0,0,0,0,0,0,0,0,8,0,39.9819,-75.2073, , 
 ,26338,2015031083,6,67,67301,2015,2,5,1908,19,3,8,6,4,1, , ,N,1,3,0,3,0,2,4,2,N,N,39 59:17.480,75 08:04.120,1955, ,1948, ,0, ,N, ,3, , , , , ,291501, , , ,2,2,0,0,0,0,0,0,0,0,0,2,2,0,0,0,0,0,0,0,0,0,0,0,0,0,0,0,0,0,0,0,0,0,0,4,0,39.9882,-75.1345, , 
 ,26339,2015051945,6,67,67301,2015,4,6,2248,22,3,2,1,8,1, , ,N,0,0,0,3,1,0,2,2,N, ,39 57:48.203,75 08:07.688,2251, ,2248, ,0, , ,0,0, , , , , ,291546, , , ,1,1,0,0,0,0,0,0,0,0,0,0,0,0,0,0,0,0,0,0,0,0,0,0,0,0,0,0,0,0,0,0,1,1,0,1,0,39.9634,-75.1355,2, 
 ,26340,2015051951,6,67,67301,2015,5,6,2321,23,3,1,0,4,1, , ,N,1,2,0,3,0,0,3,2,N,N,39 57:45.982,75 10:40.708,2325, ,2321, ,0, ,N, ,3, , , , , ,291547, , , ,2,2,0,0,0,0,0,0,0,0,0,0,0,0,0,0,0,0,0,0,0,0,0,0,0,0,0,0,0,0,0,0,0,0,0,0,0,39.9628,-75.178, , 
 ,26341,2015056940,6,67,67301,2015,5,2,1040,10,1,1,0,4,1, , ,N,2,3,0,3,0,1,2,3,N,N,39 58:43.147,75 07:16.337,1322, ,1051,2,2,2,N, ,3,Y, , , , ,291555, , , ,3,2,0,0,0,0,1,0,0,0,0,1,1,0,0,0,0,0,0,0,1,0,0,0,0,0,0,0,0,0,0,0,0,0,0,4,0,39.9787,-75.1212, , 
 ,26342,2015018204,6,67,67301,2015,2,2,830,8,1,1,1,1,1, , ,N,0,3,0,3,0,1,2,2,N,N,39 54:11.354,75 08:22.833,845, ,830,3,1,1,N, ,3,N, , , , ,291578, , , ,2,0,0,0,0,2,0,0,0,0,0,0,1,1,0,0,0,0,0,0,0,1,0,0,0,0,0,0,0,0,0,0,0,0,0,8,2,39.9032,-75.1397, , 
 ,26343,2015021920,6,67,67301,2015,1,6,2216,22,3,4,4,7,4, , ,N,0,0,0,3,0,0,1,1,N,N,40 02:08.322,75 10:23.422,2358, ,2357, ,0, ,N, ,0, , , , , ,291582, , , ,1,1,0,0,0,0,0,0,0,0,0,0,0,0,0,0,0,0,0,0,0,0,0,0,0,0,0,0,0,0,0,0,0,0,0,0,0,40.0356,-75.1732, , 
 ,26344,2015025010,6,67,67301,2015,2,1,1315,13,1,1,0,1,1, , ,N,1,2,3,3,0,1,2,2,N,N,39 57:16.399,75 10:52.674,1339, ,1339, ,0, ,N, ,3, , , , , ,291586, , , ,2,2,0,0,0,0,0,0,0,0,0,1,1,0,0,0,0,0,0,0,1,0,0,0,0,0,0,0,0,0,0,0,0,0,0,4,0,39.9546,-75.1813, , 
 ,26345,2015045355,6,67,67301,2015,4,1,253,2,3,1,0,5,6, , ,N,0,0,0,3,0,0,1,2,N,N,40 02:23.066,75 01:57.361,258, ,258, ,0, ,N, ,0, , , , , ,291605, , , ,2,1,0,0,0,0,1,0,0,0,0,0,0,0,0,0,0,0,0,0,0,0,0,0,0,0,0,0,0,0,0,0,0,0,0,0,0,40.0397,-75.0326, , 
 ,26346,2015006145,6,67,67301,2015,1,1,1821,18,3,2,1,8,1, , ,N,0,0,0,3,0,1,2,2,N, ,40 00:27.493,75 10:24.176,1838, ,1836, ,0, , , ,0, , , , , ,291616, , , ,1,1,0,0,0,0,0,0,0,0,0,1,1,0,0,0,0,0,0,0,1,0,0,0,0,0,0,0,0,0,0,0,1,0,0,4,0,40.0076,-75.1734, , 
 ,26347,2015018998,6,67,67301,2015,1,3,2100,21,3,4,4,7,4, , ,N,0,0,0,3,1,0,1,1,N,N,40 03:19.839,75 08:27.773,2115, ,2113, ,0, ,N,0,0, , , , , ,291627, , , ,1,1,0,0,0,0,0,0,0,0,0,0,0,0,0,0,0,0,0,0,1,0,0,0,0,0,0,0,0,0,0,0,0,0,0,1,0,40.0555,-75.141,2, 
 ,26348,2015043209,6,67,67301,2015,3,3,1500,15,1,1,0,2,1, , ,N,0,0,0,3,0,1,2,2,N, ,39 56:16.328,75 13:10.598,1710, ,1702, ,0, , , ,0, , , , , ,291659, , , ,2,2,0,0,0,0,0,0,0,0,0,1,1,0,0,0,0,0,0,0,0,0,0,0,0,0,0,0,0,0,0,0,0,0,0,4,0,39.9379,-75.2196, , 
 ,26349,2015021947,6,67,67301,2015,2,4,1615,16,1,1,0,4,1, , ,N,1,2,0,3,0,4,6,2,N,N,39 59:47.209,75 06:35.265,1630, ,1626, ,0, ,N, ,3, , , , , ,291671, , , ,2,2,0,0,0,0,0,0,0,0,0,4,4,0,0,0,0,0,0,0,0,0,0,3,0,0,0,0,0,0,0,0,0,0,0,4,0,39.9964,-75.1098, , 
 ,26350,2015018009,6,67,67301,2015,2,7,239,2,3,1,0,6,1, , ,N,0,0,0,3,0,2,6,5,N,N,39 58:00.110,75 11:15.617,245, ,240,2,1,3,N, ,0,N, , , , ,295588, , , ,5,2,0,0,0,0,3,0,0,0,0,2,2,0,0,0,0,0,0,0,1,0,0,0,0,0,0,0,0,0,0,0,0,0,0,4,0,39.9667,-75.1877, , 
 ,26351,2015020800,6,67,67301,2015,2,1,2310,23,3,4,1,4,1, , ,N,1,2,0,3,0,1,2,2,N, ,39 58:13.810,75 14:03.170,2324, ,2317, ,0, , , ,3, , , , , ,295592, , , ,2,1,0,0,0,0,1,0,0,0,0,0,1,1,0,0,0,0,0,0,0,0,0,0,0,0,0,0,0,0,0,0,0,0,0,8,0,39.9705,-75.2342, , 
 ,26352,2015025167,6,67,67301,2015,2,1,405,4,3,4,3,7,4, , ,N,1,2,0,3,0,0,1,1,N, ,40 02:34.004,75 06:48.689,416, ,413, ,0, , , ,3, , , , , ,295594, , , ,1,1,0,0,0,0,0,0,0,0,0,0,0,0,0,0,0,0,0,0,0,0,0,0,0,0,0,0,0,0,0,0,0,0,0,0,0,40.0427,-75.1136, , 
 ,26353,2015036583,6,67,67301,2015,3,4,728,7,1,1,0,5,1, , ,N,0,0,0,3,0,1,2,2,N,N,39 57:12.322,75 11:41.298,730, ,729, ,0, ,N, ,0, , , , , ,295608, , , ,1,0,0,0,0,0,0,1,1,0,0,1,1,0,0,0,0,0,0,0,0,0,0,0,0,0,0,0,0,0,0,0,0,0,0,4,0,39.9534,-75.1948, , 
 ,26354,2015015986,6,67,67301,2015,2,1,1045,10,1,1,0,5,1, , ,N,0,0,0,3,0,2,6,3,N,N,39 59:22.456,75 12:22.280,1101, ,1047, ,0, ,N, ,0, , , , , ,295631, , , ,3,3,0,0,0,0,0,0,0,0,0,2,2,0,0,0,0,0,0,0,0,0,0,0,0,0,0,0,0,0,0,0,0,0,0,4,0,39.9896,-75.2062, , 
 ,26355,2015020682,6,67,67301,2015,1,2,500,5,3,8,1,7,4, , ,N,0,0,0,3,0,1,2,1,N, ,39 58:55.205,75 13:07.271,540, ,521, ,0, , , ,0, , , , , ,295636, , , ,1,0,0,0,0,0,1,0,0,0,0,0,1,1,1,0,0,0,0,0,0,0,0,0,0,0,0,0,0,0,0,0,0,0,0,8,0,39.982,-75.2187, , 
 ,26356,2015036690,6,67,67301,2015,3,5,700,7,1,1,0,4,1, , ,N,1,2,0,3,0,2,2,2,N,N,40 02:09.919,75 11:38.322,706, ,701, ,0, , , ,3, , , , , ,295652, , , ,2,2,0,0,0,0,0,0,0,0,1,1,2,0,0,0,0,0,0,0,0,0,0,0,0,0,0,0,0,0,0,0,0,0,0,3,0,40.0361,-75.194, , 
 ,26357,2015043232,6,67,67301,2015,3,4,2000,20,3,1,1,8,1, , ,N,0,0,0,3,0,1,2,2,N, ,40 05:26.385,75 01:58.277,428, ,420, ,0, , , ,0, , , , , ,295658, , , ,1,0,0,0,0,0,1,0,0,0,0,0,1,1,0,0,0,0,0,0,1,0,0,0,0,0,0,0,0,0,0,0,1,0,0,8,0,40.0907,-75.0329, , 
 ,26358,2015073461,6,67,67301,2015,6,7,1705,17,1,2,1,1,1, , ,N,7,3,2,3,0,4,5,2,N,N,40 00:25.119,75 11:58.634,1716, ,1706, ,0, ,N, ,3, , , , , ,295678, , , ,2,0,0,0,0,0,2,0,0,0,0,0,4,4,0,0,0,0,0,0,0,0,0,0,0,0,0,0,0,0,0,0,0,0,0,8,0,40.007,-75.1996, , 
 ,26359,2015084414,6,67,67301,2015,7,6,322,3,3,1,0,1,1, , ,N,1,2,0,3,0,2,4,2,N, ,40 00:20.425,75 06:03.822,322, ,319, ,0, ,N, ,3, , , , , ,295690, , , ,2,2,0,0,0,0,0,0,0,0,1,1,2,0,2,0,0,0,0,0,0,0,0,0,0,0,0,0,0,0,0,0,0,0,0,3,0,40.0057,-75.1011, , 
 ,26360,2015092070,6,67,67301,2015,8,5,1150,11,1,1,0,5,1, , ,N,0,0,0,3,0,1,2,2,N,N,39 59:26.609,75 07:48.141,2000, ,2000, ,0, ,N, ,0, , , , , ,295697, , , ,1,0,0,0,0,1,0,0,1,0,1,0,1,0,0,0,0,0,0,0,0,0,0,0,0,0,0,0,0,0,0,0,0,0,0,3,1,39.9907,-75.13, , 
 ,26361,2015095162,6,67,67301,2015,9,5,609,6,1,1,0,7,4, , ,N,0,0,0,3,0,1,2,1,N,N,39 59:10.623,75 05:42.215,637, ,637, ,0, ,N, ,0, , , , , ,295700, , , ,1,0,0,0,0,0,1,0,0,0,0,0,1,1,1,0,0,0,0,0,0,0,0,0,0,0,0,0,0,0,0,0,0,0,0,8,0,39.9863,-75.0951, , 
 ,26362,2015108079,6,67,67301,2015,10,5,426,4,3,1,0,7,2, , ,N,0,0,0,3,0,0,1,1,N,N,39 54:05.345,75 09:07.398,437, ,427, ,0, ,N, ,0, , , , , ,295709, , , ,1,1,0,0,0,0,0,0,0,0,0,0,0,0,0,0,0,0,0,0,0,0,0,0,0,0,0,0,0,0,0,0,0,0,0,0,0,39.9015,-75.1521, , 
 ,26363,2015012147,6,67,67301,2015,1,5,2042,20,3,1,0,4,1, , ,N,0,0,0,3,0,1,2,2,N,N,39 57:25.884,75 09:24.208,2053, ,2048, ,0, ,N, ,0, , , , , ,295716, , , ,2,1,0,0,0,0,1,0,0,0,1,0,1,0,0,0,0,0,0,0,0,0,0,1,0,0,0,0,0,0,0,0,0,0,0,3,0,39.9572,-75.1567, , 
 ,26364,2015033747,6,67,67301,2015,3,3,830,8,1,1,0,1,1, , ,N,0,2,0,3,0,0,3,3,N,N,40 05:40.041,75 00:55.358,832, ,830,1,1,1,N, ,3,N, , , , ,295744, , , ,3,2,0,0,0,0,1,0,0,0,0,0,0,0,0,0,0,0,0,0,0,0,0,0,0,0,0,0,0,0,0,0,0,0,0,0,0,40.0945,-75.0154, , 
 ,26365,2015051449,6,67,67301,2015,4,1,2123,21,3,1,0,1,6, , ,N,0,0,0,3,0,0,1,3,N,N,40 02:41.564,75 01:51.329,2132, ,2127,2,1,4,N, ,0,N, , , , ,295759, , , ,3,1,0,0,0,0,2,0,0,0,0,0,0,0,1,0,0,0,0,0,0,0,0,0,0,0,0,0,0,0,0,0,0,0,0,9,0,40.0449,-75.0309, , 
 ,26366,2015025237,6,67,67301,2015,2,4,523,5,3,1,0,7,3, , ,N,0,0,0,3,0,0,2,1,N,N,40 02:54.969,74 59:52.583,538, ,526,1,1,1,N, ,0,N, , , , ,295777, , , ,1,0,0,0,0,0,1,0,0,0,0,0,0,0,0,0,0,0,0,0,0,0,0,0,0,0,0,0,0,0,0,0,0,0,0,0,0,40.0486,-74.9979, , 
 ,26367,2015042056,6,67,67301,2015,3,1,715,7,1,1,0,7,4, , ,N,0,0,0,3,0,1,1,1,N,N,40 02:20.350,75 08:56.030,855, ,833, ,0, ,N, ,0, , , , , ,295794, , , ,1,0,0,0,0,0,0,1,0,0,0,0,1,1,0,0,0,0,0,0,0,0,0,0,0,0,0,0,0,0,0,0,0,0,0,8,0,40.039,-75.1489, , 
 ,26368,2015049182,6,67,67301,2015,4,7,1848,18,1,1,0,1,1, , ,N,1,2,0,3,0,1,3,3,N, ,40 01:16.607,75 09:36.814,1856, ,1856,9,1,1, , ,3,N, , , , ,295801, , , ,3,2,0,0,0,0,1,0,0,0,0,1,1,0,0,0,0,0,0,0,1,0,0,0,0,0,0,0,0,0,0,0,0,0,0,4,0,40.0213,-75.1602, , 
 ,26369,2015056960,6,67,67301,2015,5,3,1039,10,1,1,0,1,1, , ,N,0,0,0,3,0,1,6,3,N,N,39 59:45.712,75 05:30.631,1046, ,1046, ,0, ,N, ,0, , , , , ,283493, , , ,3,2,0,0,0,0,1,0,0,0,0,0,1,1,2,0,0,0,0,0,0,0,0,0,0,0,0,0,0,0,0,0,0,0,0,8,0,39.996,-75.0918, , 
 ,26370,2015047594,6,67,67301,2015,4,6,2100,21,3,1,0,4,1, , ,N,2,2,0,3,0,4,4,5,N,N,40 01:11.456,75 06:37.889,2108, ,2105, ,0, ,N, ,3, , , , , ,283550, , , ,4,2,0,0,0,0,2,0,0,0,0,4,4,0,0,0,0,0,0,0,0,0,0,0,0,0,0,0,0,0,0,0,1,0,0,4,0,40.0198,-75.1105, , 
 ,26371,2015049158,6,67,67301,2015,4,5,844,8,1,1,0,4,1, , ,N,1,2,0,3,0,1,4,3,N, ,39 56:08.275,75 13:33.130,1010, ,958, ,0, , , ,3, , , , , ,283553, , , ,3,1,0,0,0,0,0,0,0,0,0,1,1,0,0,0,0,0,0,0,1,0,0,0,0,0,0,0,0,0,0,0,0,0,0,4,0,39.9356,-75.2259, , 
 ,26372,2015049587,6,67,67301,2015,4,1,1734,17,1,1,0,4,1, , ,N,5,2,0,3,0,0,3,2,N,N,40 03:22.328,75 01:44.691,1755, ,1753,1,2,3, , ,3,N, , , , ,283555, , , ,2,1,0,0,1,0,0,0,0,0,0,0,0,0,0,0,0,0,0,0,2,0,0,0,0,0,0,0,0,0,0,0,0,0,0,0,0,40.0562,-75.0291, , 
 ,26373,2015034160,6,67,67301,2015,3,2,2250,22,3,8,6,8,1, , ,N,1,2,0,3,0,1,2,2,N, ,40 00:39.311,75 09:03.157,2258, ,2256, ,0, , , ,3, , , , , ,283577, , , ,1,1,0,0,0,0,0,0,0,0,0,0,1,1,0,0,0,0,0,0,0,0,0,0,0,0,0,0,0,0,0,0,1,0,0,8,0,40.0107,-75.1508, , 
 ,26374,2015069688,6,67,67301,2015,6,5,1939,19,1,1,0,1,1, , ,N,2,2,0,3,0,0,6,2,N, ,39 54:48.261,75 13:37.916,1943, ,1940,3,1,2, , ,3,N, , , , ,283603, , , ,2,2,0,0,0,0,0,0,0,0,0,0,0,0,0,0,0,0,0,0,1,0,0,1,0,0,0,0,0,0,0,0,0,0,0,0,0,39.9134,-75.2272, , 
 ,26375,2015040579,6,67,67301,2015,2,6,1710,17,3,1,0,8,1, , ,N,0,0,0,3,0,1,2,2,N, ,39 57:16.610,75 10:16.930,1730, ,1724, ,0, , , ,0, , , , , ,283644, , , ,1,0,0,0,0,0,1,0,0,0,0,1,1,0,0,0,0,0,1,0,0,0,0,0,0,0,0,0,0,0,0,0,1,0,0,4,0,39.9546,-75.1714, , 
 ,26376,2015009171,6,67,67301,2015,1,1,948,9,1,3,5,7,2, , ,N,0,0,0,3,0,0,1,1,N,N,39 53:32.071,75 13:28.897,948, ,948, ,0, ,N, ,0, , , , , ,283662, , , ,1,1,0,0,0,0,0,0,0,0,0,0,0,0,0,0,0,0,0,0,0,0,0,0,0,0,0,0,0,0,0,0,0,0,0,0,0,39.8922,-75.2247, , 
 ,26377,2015018958,6,67,67301,2015,1,4,1534,15,1,1,0,4,1, , ,N,1,2,0,3,0,6,7,2,N,Y,40 00:27.734,75 06:10.133,1542, ,1538,1,1,3,N, ,3,N, , , , ,283671, , , ,2,0,0,0,0,0,2,0,0,0,0,6,6,0,0,0,0,0,0,0,0,0,0,0,0,0,0,0,0,0,0,0,0,0,0,4,0,40.0077,-75.1028, , 
 ,26378,2015042584,6,67,67301,2015,3,7,1615,16,1,1,0,1,1, , ,N,0,0,0,3,0,0,3,3,N,N,39 58:31.438,75 11:41.094,1627, ,1616, ,0, ,N, ,0, , , , , ,283685, , , ,3,2,0,0,0,0,1,0,0,0,0,0,0,0,0,0,0,0,0,0,0,0,0,0,0,0,0,0,0,0,0,0,0,0,0,0,0,39.9754,-75.1947, , 
 ,26379,2015054826,6,67,67301,2015,5,5,1755,17,1,1,0,1,1, , ,N,0,0,0,3,0,1,2,2,N,N,39 57:27.499,75 08:54.929,1800, ,1755, ,0, ,N, ,0, , , , , ,283690, , , ,2,2,0,0,0,0,0,0,0,0,0,0,1,1,0,0,0,0,0,0,0,0,0,0,0,0,0,0,0,0,0,0,0,0,0,8,0,39.9576,-75.1486, , 