wz_ln_closure,objectid_1,crn,district,county,municipality,crash_year,crash_month,day_of_week,time_of_day,hour_of_day,illumination,weather,road_condition,collision_type,relation_to_road,work_zone_type,work_zone_loc,work_zone_ind,intersect_type,tcd_type,location_type,urban_rural,fatal_count,injury_count,person_count,total_units,sch_bus_ind,sch_zone_ind,latitude,longitude,arrival_tm,cons_zone_spd_lim,dispatch_tm,est_hrs_closed,lane_closed,ln_close_dir,ntfy_hiwy_maint,spec_juris_cd,tcd_func_cd,tfc_detour_ind,workers_pres,wz_close_detour,wz_flagger,wz_law_offcr_ind,objectid,wz_moving,wz_other,wz_shlder_mdn,vehicle_count,automobile_count,motorcycle_count,bus_count,small_truck_count,heavy_truck_count,suv_count,van_count,bicycle_count,maj_inj_count,mod_inj_count,min_inj_count,tot_inj_count,unk_inj_deg_count,unk_inj_per_count,driver_count_16yr,driver_count_17yr,driver_count_18yr,driver_count_19yr,driver_count_20yr,driver_count_50_64yr,driver_count_65_74yr,driver_count_75plus,unbelted_occ_count,unb_death_count,unb_maj_inj_count,belted_death_count,belted_maj_inj_count,mcycle_death_count,mcycle_maj_inj_count,bicycle_death_count,bicycle_maj_inj_count,ped_count,ped_death_count,ped_maj_inj_count,max_severity_level,comm_veh_count,dec_lat,dec_long,rdwy_surf_type_cd,county_name
 ,26380,2015070209,6,67,67301,2015,6,4,1243,12,1,1,0,8,1, , ,N,0,0,0,3,0,1,2,2,N,N,40 01:57.150,75 01:10.261,1250, ,1248,1,1,2, , ,0,N, , , , ,283702, , , ,1,0,0,0,0,0,1,0,0,0,0,1,1,0,0,0,0,0,0,0,0,0,0,0,0,0,0,0,0,0,0,0,1,0,0,4,0,40.0325,-75.0195, , 
 ,26381,2015012713,6,67,67301,2015,1,2,1739,17,3,1,0,1,1, , ,N,0,0,0,3,0,0,2,2,N, ,39 57:55.368,75 10:38.607,1810, ,1800, ,0, , , ,0, , , , , ,283711, , , ,2,2,0,0,0,0,0,0,0,0,0,0,0,0,0,0,0,0,0,0,0,0,0,0,0,0,0,0,0,0,0,0,0,0,0,0,0,39.9654,-75.1774, , 
 ,26382,2015051467,6,67,67301,2015,4,2,1635,16,1,1,0,4,1, , ,N,3,3,0,3,0,1,3,2,N,N,40 01:38.773,75 07:14.771,1640, ,1640, ,0, ,N, ,3, , , , , ,283739, , , ,2,1,0,0,0,0,0,1,0,0,0,1,1,0,0,0,0,0,0,0,1,0,0,0,0,0,0,0,0,0,0,0,0,0,0,4,0,40.0274,-75.1208, , 
 ,26383,2015051985,6,67,67301,2015,5,6,1625,16,1,1,0,4,1, , ,N,1,2,0,3,0,2,2,2,N, ,40 02:43.859,75 05:17.937,1652, ,1644,3,1,3, , ,3,N, , , , ,283740, , , ,2,1,0,0,0,0,1,0,0,0,0,2,2,0,0,0,0,0,0,0,0,0,0,0,0,0,0,0,0,0,0,0,0,0,0,4,0,40.0455,-75.0883, , 
 ,26384,2015056953,6,67,67301,2015,5,1,254,2,3,1,0,1,6, , ,N,0,0,0,3,0,1,1,2,N, ,39 58:18.783,75 13:25.971,254, ,254, ,0, , , ,0, , , , , ,283744, , , ,2,1,0,0,0,0,0,1,0,0,0,0,1,1,0,0,0,0,0,0,0,0,0,0,0,0,0,0,0,0,0,0,0,0,0,8,0,39.9719,-75.2239, , 
 ,26385,2015062735,6,67,67301,2015,5,1,1230,12,1,1,0,1,1, , ,N,0,0,7,3,0,0,2,2,N,N,40 05:07.760,74 58:13.075,1238, ,1232, ,0, ,N, ,0, , , , , ,283748, , , ,2,1,0,0,0,0,1,0,0,0,0,0,0,0,0,0,0,0,0,0,0,0,0,0,0,0,0,0,0,0,0,0,0,0,0,0,0,40.0855,-74.9703, , 
 ,26386,2015045564,6,67,67301,2015,4,4,1725,17,4,2,1,1,1, , ,N,0,0,0,3,0,0,2,2,N,N,40 03:16.733,74 59:07.531,1739, ,1725,2,2,2,N, ,0,N, , , , ,283778, , , ,2,1,0,0,0,0,1,0,0,0,0,0,0,0,0,0,0,0,0,0,0,0,0,0,0,0,0,0,0,0,0,0,0,0,0,0,0,40.0546,-74.9854, , 
 ,26387,2015049179,6,67,67301,2015,4,7,2330,23,3,1,0,8,1, , ,N,3,2,0,3,0,1,2,2,N,N,39 56:48.541,75 14:08.759,2339, ,2333, ,0, ,N, ,3, , , , , ,283782, , , ,1,1,0,0,0,0,0,0,0,0,1,0,1,0,0,0,0,0,0,0,1,0,0,0,0,0,0,0,0,0,0,0,1,0,0,3,0,39.9469,-75.2355, , 
 ,26388,2015033734,6,67,67301,2015,3,3,825,8,1,1,0,1,1, , ,N,0,0,0,3,0,3,4,3,N,N,40 01:54.169,75 08:44.509,845, ,830, ,0, ,N, ,0, , , , , ,287785, , , ,3,2,0,0,0,0,1,0,0,0,0,3,3,0,0,1,0,0,0,0,0,0,0,2,0,0,0,0,0,0,0,0,0,0,0,4,0,40.0317,-75.1457, , 
 ,26389,2015015569,6,67,67301,2015,1,1,2251,22,3,7,5,6,6, , ,N,0,0,0,3,0,0,1,4,N, ,40 03:15.631,75 05:02.464,2342, ,2334, ,0, , , ,0, , , , , ,287813, , , ,4,2,0,0,0,0,2,0,0,0,0,0,0,0,0,0,0,0,0,0,0,0,0,0,0,0,0,0,0,0,0,0,0,0,0,0,0,40.0543,-75.084, , 
 ,26390,2015030003,6,67,67301,2015,2,2,255,2,3,1,0,7,5, , ,N,0,0,0,3,0,0,1,1,N,N,40 00:44.503,75 06:53.330,302, ,300, ,0, , , ,0, , , , , ,287826, , , ,1,1,0,0,0,0,0,0,0,0,0,0,0,0,0,0,0,0,0,0,0,0,0,0,0,0,0,0,0,0,0,0,0,0,0,0,0,40.0124,-75.1148, , 
 ,26391,2015012295,6,67,67301,2015,1,4,1112,11,1,1,0,1,1, , ,N,1,2,0,3,0,1,4,2,N,N,39 56:27.112,75 12:45.004,1145, ,1112, ,0, ,N, ,3, , , , , ,287865, , , ,2,0,0,0,1,1,0,0,0,0,0,0,1,1,0,0,0,0,0,0,0,0,0,0,0,0,0,0,0,0,0,0,0,0,0,8,1,39.9408,-75.2125, , 
 ,26392,2015015551,6,67,67301,2015,1,1,422,4,5,1,6,7,4, , ,N,0,0,0,3,0,1,1,1,N,N,40 01:11.836,75 09:00.238,430, ,425, ,0, ,N, ,0, , , , , ,287869, , , ,1,1,0,0,0,0,0,0,0,0,0,0,1,1,0,0,0,0,0,0,0,0,0,0,0,0,0,0,0,0,0,0,0,0,0,8,0,40.02,-75.1501, , 
 ,26393,2015018965,6,67,67301,2015,1,6,1655,16,3,1,0,8,1, , ,N,0,0,0,3,0,1,3,2,N,N,40 03:02.701,75 00:00.983,1655, ,1655, ,0, , , ,0, , , , , ,287875, , , ,1,1,0,0,0,0,0,0,0,0,0,0,1,1,0,0,0,0,0,0,0,1,0,1,0,0,0,0,0,0,0,0,1,0,0,8,0,40.0508,-75.0003, , 
 ,26394,2015021922,6,67,67301,2015,2,4,1757,17,3,1,0,4,1, , ,N,1,3,0,3,0,0,3,2,N, ,40 03:17.730,75 11:04.052,1820, ,1809, ,0, , , ,3, , , , , ,287880, , , ,2,1,0,0,0,0,1,0,0,0,0,0,0,0,0,0,1,0,0,0,0,0,1,0,0,0,0,0,0,0,0,0,0,0,0,0,0,40.0549,-75.1845, , 
 ,26395,2015025029,6,67,67301,2015,2,7,40,0,3,8,0,7,4, , ,N,0,0,0,3,0,0,1,1,N, ,40 01:15.299,75 09:37.392,40, ,40, ,0, , , ,0, , , , , ,287883, , , ,1,0,0,0,1,0,0,0,0,0,0,0,0,0,1,0,0,0,0,0,1,0,0,0,0,0,0,0,0,0,0,0,0,0,0,9,0,40.0209,-75.1604, , 
 ,26396,2015028815,6,67,67301,2015,2,1,2310,23,3,4,6,5,6, , ,N,0,0,0,3,0,1,2,3,N,N,39 58:47.568,75 10:17.320,2315, ,2310, ,0, ,N, ,0, , , , , ,287888, , , ,3,1,0,0,0,0,1,1,0,0,0,0,1,1,0,0,0,0,0,0,1,0,0,1,0,0,0,0,0,0,0,0,0,0,0,8,0,39.9799,-75.1715, , 
N,26397,2015033328,6,67,67301,2015,2,4,1725,17,3,1,0,1,1,1,4,Y,0,0,0,3,0,0,3,3,N,N,40 01:31.370,75 01:44.088,1829,45,1730, ,0, ,N, ,0, ,Y,N,N,N,287890,N,Y,N,3,2,0,0,0,0,1,0,0,0,0,0,0,0,0,0,0,0,0,0,1,0,0,0,0,0,0,0,0,0,0,0,0,0,0,0,0,40.0254,-75.0289, , 
 ,26398,2015042054,6,67,67301,2015,3,1,203,2,3,1,0,7,4, , ,N,0,2,7,3,0,0,1,1,N, ,40 06:07.025,75 00:22.022,210, ,203, ,0, , , ,3, , , , , ,287897, , , ,1,1,0,0,0,0,0,0,0,0,0,0,0,0,0,0,0,0,0,0,0,0,0,0,0,0,0,0,0,0,0,0,0,0,0,0,0,40.1018,-75.0063, , 
 ,26399,2015012377,6,67,67301,2015,1,1,833,8,1,1,0,5,1, , ,N,0,0,0,3,0,1,3,3,N, ,40 04:29.448,75 02:56.583,837, ,834, ,0, , , ,0, , , , , ,287907, , , ,3,1,0,0,0,0,2,0,0,0,0,1,1,0,0,0,0,0,1,0,0,0,0,0,0,0,0,0,0,0,0,0,0,0,0,4,0,40.0748,-75.0491, , 
 ,26400,2015021968,6,67,67301,2015,2,5,1204,12,1,1,0,4,1, , ,N,0,0,0,3,0,1,2,3,N,N,40 01:33.227,75 10:55.036,1209, ,1205, ,0, ,N, ,0, , , , , ,287915, , , ,3,2,0,0,0,0,1,0,0,0,0,0,1,1,0,0,0,0,0,0,1,0,0,0,0,0,0,0,0,0,0,0,0,0,0,8,0,40.0259,-75.182, , 
 ,26401,2015025071,6,67,67301,2015,2,2,1644,16,1,1,0,1,6, , ,N,0,0,0,3,0,0,1,2,N,N,39 58:32.238,75 15:19.491,1648, ,1647, ,0, ,N, ,0, , , , , ,287921, , , ,2,1,0,0,0,0,1,0,0,0,0,0,0,0,0,0,0,0,0,0,0,0,0,0,0,0,0,0,0,0,0,0,0,0,0,0,0,39.9756,-75.2554, , 
 ,26402,2015033123,6,67,67301,2015,3,5,710,7,1,4,1,7,2, , ,N,0,0,0,3,0,0,1,1,N,N,39 53:35.989,75 13:50.960,723, ,714,2,1,2,N, ,0,N, , , , ,287931, , , ,1,1,0,0,0,0,0,0,0,0,0,0,0,0,0,0,0,0,0,0,0,0,0,0,0,0,0,0,0,0,0,0,0,0,0,0,0,39.8933,-75.2308, , 
 ,26403,2015042897,6,67,67301,2015,3,3,1844,18,3,2,1,4,1, , ,N,1,3,0,3,0,1,3,2,N,N,40 03:26.272,75 08:44.361,1937, ,1927, ,0, ,N, ,3, , , , , ,287943, , , ,2,2,0,0,0,0,0,0,0,0,0,0,1,1,1,0,0,0,0,0,0,1,0,0,0,0,0,0,0,0,0,0,0,0,0,8,0,40.0573,-75.1457, , 
 ,26404,2015009599,6,67,67301,2015,1,3,1645,16,1,4,5,4,1, , ,N,1,2,0,3,0,1,2,2,N,N,40 02:08.332,75 04:51.656,1704, ,1653, ,0, ,N, ,3, , , , , ,287959, , , ,2,1,0,0,0,0,1,0,0,0,0,1,1,0,0,0,0,0,0,0,0,0,0,0,0,0,0,0,0,0,0,0,0,0,0,4,0,40.0356,-75.081, , 
 ,26405,2015022405,6,67,67301,2015,2,2,1505,15,1,2,1,7,4, , ,N,0,0,0,3,0,2,2,1,N,N,40 00:13.170,75 08:40.256,1530, ,1524, ,0, ,N, ,0, , , , , ,287969, , , ,1,0,0,0,0,0,1,0,0,0,0,0,2,2,0,1,0,0,0,0,0,0,0,2,0,0,0,0,0,0,0,0,0,0,0,8,0,40.0037,-75.1445, , 
 ,26406,2015035578,6,67,67301,2015,3,5,1633,16,1,4,3,5,1, , ,N,0,0,3,3,0,0,3,2,N,N,39 54:57.739,75 11:25.177,1639, ,1633,2,1,1,N, ,0,N, , , , ,287985, , , ,2,0,0,0,1,0,1,0,0,0,0,0,0,0,0,0,0,0,0,0,0,0,0,0,0,0,0,0,0,0,0,0,0,0,0,0,0,39.916,-75.1903, , 
 ,26407,2015031578,6,67,67301,2015,2,5,219,2,3,1,0,7,4, , ,N,0,0,3,3,0,1,1,1,N,N,40 01:46.110,75 01:19.941,255, ,220, ,0, ,N, ,0, , , , , ,291682, , , ,1,1,0,0,0,0,0,0,0,0,0,0,1,1,0,0,0,0,0,0,0,0,0,0,0,0,0,0,0,0,0,0,0,0,0,8,0,40.0295,-75.0222, , 
 ,26408,2015040890,6,67,67301,2015,3,1,1347,13,1,1,0,4,1, , ,N,1,3,0,3,0,0,2,2,N, ,40 02:56.557,75 05:40.778,1354, ,1347, ,0, , , ,3, , , , , ,291691, , , ,2,1,0,0,0,0,1,0,0,0,0,0,0,0,0,0,0,0,0,0,0,0,0,0,0,0,0,0,0,0,0,0,0,0,0,0,0,40.049,-75.0947, , 
 ,26409,2015056506,6,67,67301,2015,5,2,1420,14,1,1,0,4,1, , ,N,2,3,0,3,0,1,2,2,N,N,39 54:26.334,75 13:41.041,1428, ,1425,2,1,2,N, ,3,N, , , , ,291702, , , ,2,2,0,0,0,0,0,0,0,0,0,1,1,0,0,0,0,0,0,0,0,0,1,0,0,0,0,0,0,0,0,0,0,0,0,4,0,39.9073,-75.2281, , 
 ,26410,2015059195,6,67,67301,2015,6,2,1304,13,1,1,0,1,1, , ,N,0,0,0,3,0,0,2,2,N,N,39 58:06.165,75 11:27.087,1307, ,1305, ,0, ,N, ,0, , , , , ,291705, , , ,2,2,0,0,0,0,0,0,0,0,0,0,0,0,0,0,0,0,0,1,0,0,0,0,0,0,0,0,0,0,0,0,0,0,0,0,0,39.9684,-75.1909, , 
 ,26411,2015009655,6,67,67301,2015,1,7,147,1,3,1,0,8,4, , ,N,0,0,0,3,0,2,4,3,N,N,40 03:20.308,75 05:22.818,147, ,147,1,1,2,N, ,0,Y, , , , ,291713, , , ,1,0,0,0,0,0,1,0,0,0,0,2,2,0,0,0,0,0,0,0,0,0,0,0,0,0,0,0,0,0,0,0,2,0,0,4,0,40.0556,-75.0897, , 
 ,26412,2015036710,6,67,67301,2015,3,6,825,8,1,1,0,8,1, , ,N,0,0,0,3,0,1,2,2,N, ,39 58:29.398,75 10:46.117,841, ,834, ,0, , , ,0, , , , , ,291736, , , ,1,0,0,0,0,0,1,0,0,0,0,0,1,1,0,0,0,0,0,0,0,0,0,0,0,0,0,0,0,0,0,0,1,0,0,8,0,39.9748,-75.1795, , 
 ,26413,2015012379,6,67,67301,2015,1,4,1445,14,1,1,0,4,1, , ,N,1,3,0,3,0,0,2,2,N,N,39 55:23.547,75 11:13.602,1502, ,1500,1,1,2,N, ,3,Y, , , , ,291758, , , ,2,2,0,0,0,0,0,0,0,0,0,0,0,0,0,0,0,0,0,0,1,0,0,2,0,0,0,0,0,0,0,0,0,0,0,0,0,39.9232,-75.1871, , 
 ,26414,2015035151,6,67,67301,2015,3,1,1250,12,1,1,0,8,1, , ,N,1,2,0,3,0,1,2,2,N,N,39 59:49.087,75 07:02.700,1250, ,1250, ,0, ,N, ,3, , , , , ,291776, , , ,1,1,0,0,0,0,0,0,0,0,0,1,1,0,0,0,0,0,0,0,0,0,0,0,0,0,0,0,0,0,0,0,1,0,0,4,0,39.997,-75.1174, , 
 ,26415,2015045343,6,67,67301,2015,4,4,118,1,3,1,0,1,6, , ,N,0,0,0,3,0,0,2,4,N, ,39 58:50.454,75 07:24.915,124, ,122,3,2,3, , ,0,Y, , , , ,291786, , , ,4,2,0,0,1,0,1,0,0,0,0,0,0,0,0,0,0,0,0,0,0,0,0,0,0,0,0,0,0,0,0,0,0,0,0,0,0,39.9807,-75.1236, , 
 ,26416,2015045556,6,67,67301,2015,4,1,515,5,3,1,0,7,3, , ,N,0,0,0,3,0,0,1,1,N,N,39 57:27.321,75 08:53.473,529, ,524, ,0, ,N, ,0, , , , , ,291788, , , ,1,1,0,0,0,0,0,0,0,0,0,0,0,0,0,0,0,0,0,0,0,0,0,0,0,0,0,0,0,0,0,0,0,0,0,0,0,39.9576,-75.1482, , 
N,26417,2015051610,6,67,67301,2015,4,6,2225,22,3,1,0,1,1,1,4,Y,0,0,0,3,0,3,14,6,N,N,40 01:20.511,75 02:14.584,2253,45,2228,3,1,1,N, ,0,N,N,N,N,N,291791,N,Y,N,6,1,0,0,1,1,3,0,0,0,1,2,3,0,0,0,0,0,0,1,2,0,0,0,0,0,0,0,0,0,0,0,0,0,0,3,1,40.0224,-75.0374, , 
 ,26418,2015020670,6,67,67301,2015,1,7,222,2,3,1,0,1,1, , ,N,2,2,0,3,0,1,4,2,N,N,40 05:27.706,75 01:57.963,236, ,222, ,0, ,N, ,3, , , , , ,291820, , , ,2,2,0,0,0,0,0,0,0,0,0,0,1,1,0,0,0,0,0,0,0,0,0,0,0,0,0,0,0,0,0,0,0,0,0,8,0,40.091,-75.0327, , 
 ,26419,2015040578,6,67,67301,2015,2,5,1435,14,1,1,0,8,1, , ,N,0,0,0,3,0,1,2,2,N, ,39 57:44.265,75 09:59.364,1503, ,1458, ,0, , , ,0, , , , , ,291840, , , ,1,0,0,0,0,0,0,1,0,0,0,0,1,1,0,0,0,0,0,0,0,0,0,0,0,0,0,0,0,0,0,0,1,0,0,8,0,39.9623,-75.1665, , 
 ,26420,2015014103,6,67,67301,2015,1,6,542,5,3,1,0,1,1, , ,N,0,0,0,3,0,0,2,2,N,N,39 59:08.445,75 12:29.262,551, ,543,2,1,4,N, ,0,N, , , , ,291863, , , ,2,2,0,0,0,0,0,0,0,0,0,0,0,0,0,0,0,0,0,0,0,0,0,0,0,0,0,0,0,0,0,0,0,0,0,0,0,39.9857,-75.2081, , 
 ,26421,2015020754,6,67,67301,2015,1,5,1852,18,3,1,0,4,1, , ,N,1,3,0,3,0,1,2,2,N,N,40 02:07.263,75 07:57.982,205, ,200, ,0, ,N, ,3, , , , , ,291868, , , ,2,2,0,0,0,0,0,0,0,0,0,1,1,0,1,0,0,0,0,0,0,0,0,0,0,0,0,0,0,0,0,0,0,0,0,4,0,40.0354,-75.1328, , 
 ,26422,2015036695,6,67,67301,2015,3,6,1300,13,1,1,0,1,1, , ,N,0,0,0,3,0,2,6,2,N,N,40 01:49.757,75 06:14.498,1614, ,1557, ,0, ,N, ,0, , , , , ,291882, , , ,2,1,0,0,0,1,0,0,0,0,0,2,2,0,0,0,0,0,0,0,1,0,0,1,0,0,0,0,0,0,0,0,0,0,0,4,1,40.0305,-75.104, , 
 ,26423,2015043205,6,67,67301,2015,4,3,1520,15,1,1,0,4,1, , ,N,2,2,0,3,0,2,2,2,N,N,40 01:11.456,75 06:37.889,1557, ,1550, ,0, ,N, ,3, , , , , ,291888, , , ,2,2,0,0,0,0,0,0,0,0,0,2,2,0,0,0,0,0,1,0,0,0,0,0,0,0,0,0,0,0,0,0,0,0,0,4,0,40.0198,-75.1105, , 
 ,26424,2015043233,6,67,67301,2015,4,6,1615,16,1,1,0,8,1, , ,N,1,2,0,3,0,1,2,2,N,N,40 06:18.581,75 01:58.245,1628, ,1623, ,0, ,N, ,3, , , , , ,291889, , , ,1,0,0,0,0,0,1,0,0,0,0,0,1,1,0,0,0,0,0,0,1,0,0,0,0,0,0,0,0,0,0,0,1,0,0,8,0,40.1052,-75.0328, , 
 ,26425,2015042901,6,67,67301,2015,3,2,1230,12,1,1,0,8,1, , ,N,0,0,0,3,0,1,2,2,N,N,39 56:22.880,75 11:59.517,1300, ,1250, ,0, ,N, ,0, , , , , ,291931, , , ,1,0,0,0,0,1,0,0,0,0,0,0,1,1,0,0,0,0,0,0,1,0,0,0,0,0,0,0,0,0,0,0,1,0,0,8,1,39.9397,-75.1999, , 
 ,26426,2015047634,6,67,67301,2015,4,5,1756,17,1,1,0,5,1, , ,N,2,0,0,3,0,1,2,3,N,N,40 01:02.064,75 08:04.887,1759, ,1756, ,0, ,N, ,0, , , , , ,296238, , , ,2,2,0,0,0,0,0,0,1,0,1,0,1,0,0,0,0,0,0,0,0,0,0,0,0,0,0,0,0,0,0,0,0,0,0,3,0,40.0172,-75.1347, , 
 ,26427,2015020675,6,67,67301,2015,1,7,1407,14,1,1,0,8,6, , ,N,0,0,0,3,0,1,3,2,N, ,40 01:17.463,75 12:43.272,1536, ,1534, ,0, , , ,0, , , , , ,296252, , , ,1,0,0,0,0,0,1,0,0,0,0,0,1,1,0,0,0,0,0,0,0,0,0,2,0,0,0,0,0,0,0,0,1,0,0,8,0,40.0215,-75.212, , 
 ,26428,2015053932,6,67,67301,2015,5,5,1934,19,4,1,0,1,1, , ,N,0,0,0,3,0,5,9,4,N,N,40 03:10.353,75 08:30.201,1942, ,1938,1,1,1, , ,0,Y, , , , ,296277, , , ,4,2,0,0,0,0,1,1,0,0,0,3,5,2,0,0,0,0,0,0,2,0,0,0,0,0,0,0,0,0,0,0,0,0,0,4,0,40.0529,-75.1417, , 
 ,26429,2015063845,6,67,67301,2015,6,5,1306,13,1,1,0,5,1, , ,N,0,0,0,3,0,0,1,2,N, ,40 02:52.200,75 13:37.000,1315, ,1306, ,0, , , ,0, , , , , ,296284, , , ,2,1,0,0,1,0,0,0,0,0,0,0,0,0,0,0,0,0,0,0,0,0,1,0,0,0,0,0,0,0,0,0,0,0,0,0,0,40.0478,-75.2269, , 
 ,26430,2015073736,6,67,67301,2015,6,1,529,5,1,9,1,7,4, , ,N,0,0,0,3,0,1,1,2,N,N,39 53:32.022,75 14:33.326,724, ,529, ,0, , , ,0, , , , , ,296288, , , ,1,1,0,0,0,0,0,0,0,0,0,1,1,0,0,0,0,0,0,0,0,0,0,0,0,0,0,0,0,0,0,0,0,0,0,4,0,39.8922,-75.2426, , 
 ,26431,2015012381,6,67,67301,2015,1,2,49,0,3,1,1,4,1, , ,N,1,2,0,3,0,1,4,2,N,N,39 57:28.076,75 09:36.864,55, ,53,2,2,4,N, ,3,Y, , , , ,296342, , , ,2,2,0,0,0,0,0,0,0,0,0,1,1,0,0,0,0,0,0,0,0,0,0,0,0,0,0,0,0,0,0,0,0,0,0,4,0,39.9578,-75.1602, , 
 ,26432,2015028863,6,67,67301,2015,2,6,2130,21,3,1,0,4,1, , ,N,1,2,0,3,0,0,3,2,N,N,40 00:35.522,75 09:21.676,2301, ,2300, ,0, ,N, ,3, , , , , ,296357, , , ,2,1,0,0,0,0,1,0,0,0,0,0,0,0,1,0,0,0,0,0,0,0,0,0,0,0,0,0,0,0,0,0,0,0,0,9,0,40.0099,-75.156, , 
 ,26433,2015019004,6,67,67301,2015,1,3,1415,14,1,2,1,1,1, , ,N,1,2,2,3,0,1,4,3,N,N,39 56:50.974,75 11:15.630,1432, ,1415,1,1,3,N, ,3,Y, , , , ,296397, , , ,3,0,0,0,0,0,3,0,0,0,0,1,1,0,0,0,0,0,0,0,3,0,0,0,0,0,0,0,0,0,0,0,0,0,0,4,0,39.9475,-75.1877, , 
 ,26434,2015028812,6,67,67301,2015,2,5,2157,21,6,1,0,7,2, , ,N,0,0,0,3,0,0,1,1,N,N,40 03:37.354,75 12:02.611,2208, ,2208,2,1,1, , ,0,N, , , , ,296407, , , ,1,1,0,0,0,0,0,0,0,0,0,0,0,0,0,0,1,0,0,0,0,0,0,1,0,0,0,0,0,0,0,0,0,0,0,0,0,40.0604,-75.2007, , 
 ,26435,2015033717,6,67,67301,2015,2,7,1418,14,1,1,0,4,1, , ,N,2,3,0,3,0,1,2,2,N,N,40 07:13.537,75 02:11.507,1425, ,1419,2,1,4,N, ,3,Y, , , , ,296411, , , ,2,2,0,0,0,0,0,0,0,0,0,0,1,1,0,0,0,1,0,0,0,0,0,0,0,0,0,0,0,0,0,0,0,0,0,8,0,40.1204,-75.0365, , 
 ,26436,2015012349,6,67,67301,2015,1,6,1705,17,3,1,0,1,6, , ,N,0,0,0,3,0,5,5,3,N,N,39 59:19.628,75 08:20.893,1708, ,1708,3,2,3,N, ,0,Y, , , , ,296446, , , ,3,1,0,0,0,0,2,0,0,0,1,4,5,0,0,0,0,0,0,0,0,0,0,0,0,0,0,0,0,0,0,0,0,0,0,3,0,39.9888,-75.1391, , 
 ,26437,2015021949,6,67,67301,2015,2,5,1610,16,1,1,0,4,1, , ,N,0,3,7,3,0,1,2,2,N,N,40 07:06.492,75 00:59.248,1630, ,1619, ,0, ,N, ,3, , , , , ,296456, , , ,2,0,0,1,0,0,0,1,0,0,0,0,1,1,0,0,0,0,0,0,0,0,0,0,0,0,0,0,0,0,0,0,0,0,0,8,1,40.1185,-75.0165, , 
 ,26438,2015040868,6,67,67301,2015,3,6,1945,19,3,1,0,8,1, , ,N,1,3,0,3,0,1,2,2,N, ,39 55:40.994,75 10:43.323,1954, ,1951, ,0, , , ,3, , , , , ,296472, , , ,1,0,0,0,0,0,0,1,0,0,0,0,1,1,0,0,0,0,0,0,0,1,0,0,0,0,0,0,0,0,0,0,1,0,0,8,0,39.9281,-75.1787, , 
 ,26439,2015042705,6,67,67301,2015,4,6,903,9,1,1,0,4,1, , ,N,1,3,0,3,0,1,2,2,N,N,40 03:17.866,75 05:05.373,918, ,916, ,0, ,N, ,3, , , , , ,296476, , , ,2,1,0,0,0,0,1,0,0,0,0,0,1,1,1,0,0,0,0,0,0,0,0,1,0,0,0,0,0,0,0,0,0,0,0,8,0,40.055,-75.0848, , 
 ,26440,2015047588,6,67,67301,2015,3,3,1356,13,1,1,0,4,1, , ,N,1,2,0,3,0,1,4,2,N, ,40 02:43.800,75 09:53.514,1356, ,1356,1,1,2, , ,3,Y, , , , ,296480, , , ,2,0,0,0,1,0,1,0,0,0,0,0,1,1,0,0,0,0,0,1,1,0,0,4,0,0,0,0,0,0,0,0,0,0,0,8,0,40.0455,-75.1649, , 
 ,26441,2015036604,6,67,67301,2015,3,1,2205,22,3,1,0,1,1, , ,N,0,0,0,3,0,1,2,2,N,N,40 04:13.314,75 02:20.923,2239, ,2218, ,0, ,N, ,0, , , , , ,296508, , , ,2,1,0,0,0,0,1,0,0,0,0,1,1,0,0,0,1,0,0,0,0,0,0,0,0,0,0,0,0,0,0,0,0,0,0,4,0,40.0704,-75.0391, , 
 ,26442,2015038674,6,67,67301,2015,3,7,2303,23,3,1,0,1,1, , ,N,0,0,0,3,0,1,3,3,N,N,39 57:39.602,75 08:43.631,2325, ,2316,2,2,3,N, ,0,N, , , , ,296509, , , ,3,2,0,0,0,0,1,0,0,0,0,0,1,1,0,0,0,0,0,0,1,0,0,0,0,0,0,0,0,0,0,0,0,0,0,8,0,39.961,-75.1455, , 
 ,26443,2015040884,6,67,67301,2015,3,2,1814,18,1,1,0,4,1, , ,N,1,2,0,3,0,2,6,3,N,N,39 58:30.302,75 11:42.002,1845, ,1840,2,2,1,N, ,3,N, , , , ,296514, , , ,3,3,0,0,0,0,0,0,0,0,0,0,2,2,0,0,0,0,0,0,0,0,0,0,0,0,0,0,0,0,0,0,0,0,0,8,0,39.9751,-75.195, , 
 ,26444,2015049192,6,67,67301,2015,4,2,1729,17,1,1,0,8,1, , ,N,1,2,0,3,0,1,2,2,N, ,39 57:14.416,75 10:05.601,1740, ,1730, ,0, , , ,3, , , , , ,283783, , , ,1,1,0,0,0,0,0,0,0,0,0,1,1,0,0,0,0,0,0,0,0,0,0,0,0,0,0,0,0,0,0,0,1,0,0,4,0,39.954,-75.1682, , 
 ,26445,2015054000,6,67,67301,2015,5,5,1040,10,1,1,0,1,1, , ,N,0,2,2,3,0,0,3,2,N,N,39 58:20.897,75 07:20.886,1110, ,1058, ,0, ,N, ,3, , , , , ,283789, , , ,2,1,0,0,0,0,0,1,0,0,0,0,0,0,0,0,0,0,0,0,1,0,0,0,0,0,0,0,0,0,0,0,0,0,0,0,0,39.9725,-75.1225, , 