wz_ln_closure,objectid_1,crn,district,county,municipality,crash_year,crash_month,day_of_week,time_of_day,hour_of_day,illumination,weather,road_condition,collision_type,relation_to_road,work_zone_type,work_zone_loc,work_zone_ind,intersect_type,tcd_type,location_type,urban_rural,fatal_count,injury_count,person_count,total_units,sch_bus_ind,sch_zone_ind,latitude,longitude,arrival_tm,cons_zone_spd_lim,dispatch_tm,est_hrs_closed,lane_closed,ln_close_dir,ntfy_hiwy_maint,spec_juris_cd,tcd_func_cd,tfc_detour_ind,workers_pres,wz_close_detour,wz_flagger,wz_law_offcr_ind,objectid,wz_moving,wz_other,wz_shlder_mdn,vehicle_count,automobile_count,motorcycle_count,bus_count,small_truck_count,heavy_truck_count,suv_count,van_count,bicycle_count,maj_inj_count,mod_inj_count,min_inj_count,tot_inj_count,unk_inj_deg_count,unk_inj_per_count,driver_count_16yr,driver_count_17yr,driver_count_18yr,driver_count_19yr,driver_count_20yr,driver_count_50_64yr,driver_count_65_74yr,driver_count_75plus,unbelted_occ_count,unb_death_count,unb_maj_inj_count,belted_death_count,belted_maj_inj_count,mcycle_death_count,mcycle_maj_inj_count,bicycle_death_count,bicycle_maj_inj_count,ped_count,ped_death_count,ped_maj_inj_count,max_severity_level,comm_veh_count,dec_lat,dec_long,rdwy_surf_type_cd,county_name
 ,26646,2015031182,6,67,67301,2015,2,6,1410,14,1,1,0,5,7, , ,N,7,0,2,3,0,0,2,2,N,N,39 58:54.695,75 06:05.853,1445, ,1430, ,0, ,Y, ,0, , , , , ,297226, , , ,2,2,0,0,0,0,0,0,0,0,0,0,0,0,1,0,0,0,0,0,0,0,0,0,0,0,0,0,0,0,0,0,0,0,0,9,0,39.9819,-75.1016, , 
 ,26647,2015037769,6,67,67301,2015,3,7,1030,10,1,1,0,5,1, , ,N,1,2,0,3,0,1,3,3,N,N,40 06:51.342,74 59:16.507,1035, ,1032,2,2,6,N, ,3,N, , , , ,297232, , , ,3,1,0,0,0,1,1,0,0,0,1,0,1,0,0,0,0,0,0,0,0,0,0,0,0,0,0,0,0,0,0,0,0,0,0,3,1,40.1143,-74.9879, , 
 ,26648,2015054788,6,67,67301,2015,4,7,2328,23,3,1,0,1,4, , ,N,0,0,2,3,0,0,2,2,N,N,39 56:52.079,75 08:32.284,2346, ,2332, ,0, ,N, ,0, , , , , ,297249, , , ,2,0,0,1,0,0,1,0,0,0,0,0,0,0,0,0,0,0,0,0,0,0,0,0,0,0,0,0,0,0,0,0,0,0,0,0,1,39.9478,-75.1423, , 
 ,26649,2015007932,6,67,67301,2015,1,1,2335,23,3,1,1,4,1, , ,N,10,3,0,3,0,1,4,2,N,N,39 58:44.355,75 09:36.809,2342, ,2340, ,0, ,N, ,3, , , , , ,297262, , , ,2,2,0,0,0,0,0,0,0,0,0,0,1,1,0,0,0,0,0,0,0,0,0,0,0,0,0,0,0,0,0,0,0,0,0,8,0,39.979,-75.1602, , 
 ,26650,2015033721,6,67,67301,2015,3,1,1514,15,1,1,0,8,1, , ,N,0,0,0,3,0,1,5,2,N,N,39 56:25.675,75 08:57.955,1518, ,1514, ,0, ,N, ,0, , , , , ,297283, , , ,1,0,0,0,0,0,1,0,0,0,0,1,1,0,0,0,0,0,0,0,0,0,0,0,0,0,0,0,0,0,0,0,1,0,0,4,0,39.9405,-75.1494, , 
 ,26651,2015049185,6,67,67301,2015,4,4,1126,11,1,1,0,4,1,8,8,Y,0,0,0,3,0,1,2,2,N,N,39 57:06.258,75 09:32.112,1128,99,1126, ,0, ,N, ,0, ,U, , ,U,297292, , , ,1,0,0,0,0,0,1,0,1,0,0,0,1,1,0,0,0,0,0,0,1,0,0,0,0,0,0,0,0,0,0,0,0,0,0,8,0,39.9517,-75.1589, , 
 ,26652,2015040926,6,67,67301,2015,3,7,1508,15,1,1,0,4,1, , ,N,0,3,7,3,0,1,4,2,N, ,40 02:54.857,75 03:33.196,1530, ,1508, ,0, , , ,3, , , , , ,297336, , , ,2,1,0,0,1,0,0,0,0,0,0,1,1,0,0,0,0,0,0,0,0,0,0,0,0,0,0,0,0,0,0,0,0,0,0,4,0,40.0486,-75.0592, , 
 ,26653,2015054810,6,67,67301,2015,5,1,1206,12,1,1,0,1,1, , ,N,0,0,0,3,0,0,3,3,N,N,39 58:37.283,75 11:53.809,1223, ,1208, ,0, ,N, ,0, , , , , ,297349, , , ,3,2,0,0,0,0,1,0,0,0,0,0,0,0,0,0,0,0,0,0,0,0,0,0,0,0,0,0,0,0,0,0,0,0,0,0,0,39.977,-75.1983, , 
 ,26654,2015015618,6,67,67301,2015,1,2,1502,15,1,1,0,7,4, , ,N,0,0,0,3,0,1,1,1,N, ,40 04:03.208,75 14:24.339,1515, ,1504, ,0, , , ,0, , , , , ,297357, , , ,1,1,0,0,0,0,0,0,0,0,0,0,1,1,0,0,0,0,0,0,0,0,1,0,0,0,0,0,0,0,0,0,0,0,0,8,0,40.0676,-75.2401, , 
 ,26655,2015024975,6,67,67301,2015,2,7,500,5,3,1,0,4,1, , ,N,1,2,0,3,0,3,3,2,N,N,40 01:29.049,75 07:49.427,515, ,505,2,1,2,N, ,3,N, , , , ,297372, , , ,2,1,0,0,0,0,1,0,0,0,1,0,3,2,0,0,0,0,0,1,0,0,0,0,0,0,0,0,0,0,0,0,0,0,0,3,0,40.0247,-75.1304, , 
 ,26656,2015033728,6,67,67301,2015,2,2,743,7,1,1,0,1,1, , ,N,0,2,0,3,0,2,5,2,N,N,40 01:18.383,75 08:21.525,810, ,755,1,1,2,N, ,3,N, , , , ,297379, , , ,2,1,0,0,1,0,0,0,0,0,1,1,2,0,0,0,0,0,0,0,1,0,0,0,0,0,0,0,0,0,0,0,0,0,0,3,0,40.0218,-75.1393, , 
 ,26657,2015045370,6,67,67301,2015,4,3,1841,18,6,2,1,2,1, , ,N,0,0,0,3,0,2,2,2,N,N,39 59:07.956,75 12:40.925,1900, ,1841, ,0, ,N, ,0, , , , , ,297390, , , ,2,1,0,0,0,0,1,0,0,0,0,0,2,2,0,0,0,0,0,0,1,0,0,0,0,0,0,0,0,0,0,0,0,0,0,8,0,39.9855,-75.2114, , 
 ,26658,2015049040,6,67,67301,2015,4,5,1300,13,1,1,0,5,1, , ,N,0,0,0,3,0,2,5,2,N,N,39 57:22.716,75 13:12.802,1312, ,1310,1,1,4,N, ,0,N, , , , ,297395, , , ,2,0,0,1,0,0,0,1,0,0,0,2,2,0,0,0,0,0,0,0,0,0,0,0,0,0,0,0,0,0,0,0,0,0,0,4,1,39.9563,-75.2202, , 
 ,26659,2015022407,6,67,67301,2015,2,7,1330,13,1,1,0,4,1, , ,N,2,2,0,3,0,3,5,2,N,N,40 04:56.985,75 02:58.725,1336, ,1331, ,0, ,N, ,3, , , , , ,297410, , , ,2,2,0,0,0,0,0,0,0,0,0,1,3,2,0,0,0,0,0,0,0,0,0,0,0,0,0,0,0,0,0,0,0,0,0,4,0,40.0825,-75.0496, , 
 ,26660,2015035154,6,67,67301,2015,2,7,1928,19,3,1,0,1,1, , ,N,2,2,0,3,0,0,3,2,N, ,39 57:19.815,75 11:17.772,1929, ,9999, ,0, , , ,3, , , , , ,297424, , , ,2,1,0,0,0,0,0,1,0,0,0,0,0,0,0,0,0,0,0,0,0,0,0,0,0,0,0,0,0,0,0,0,0,0,0,0,0,39.9554,-75.1882, , 
 ,26661,2015040900,6,67,67301,2015,3,7,1830,18,1,1,0,4,1, , ,N,1,3,0,3,0,2,5,2,N, ,39 57:23.011,75 08:39.598,1900, ,1845, ,0, , , ,3, , , , , ,297430, , , ,2,1,0,0,0,0,1,0,0,0,0,2,2,0,1,0,0,0,0,0,0,0,1,1,0,0,0,0,0,0,0,0,0,0,0,4,0,39.9564,-75.1443, , 
 ,26662,2015040948,6,67,67301,2015,3,6,1540,15,1,1,0,4,1, , ,N,1,2,0,3,0,0,2,2,N,N,39 57:42.288,75 09:27.800,1645, ,1640, ,0, ,N, ,3, , , , , ,297431, , , ,2,1,0,0,0,0,1,0,0,0,0,0,0,0,0,0,0,0,0,0,0,0,1,0,0,0,0,0,0,0,0,0,0,0,0,0,0,39.9617,-75.1577, , 
 ,26663,2015042699,6,67,67301,2015,4,2,1540,15,1,1,0,1,1, , ,N,0,0,0,3,0,1,2,2,N, ,39 55:11.811,75 12:05.193,1545, ,1542, ,0, , , ,0, , , , , ,297433, , , ,2,1,0,0,0,0,1,0,0,0,0,0,1,1,0,0,0,0,0,0,0,0,0,0,0,0,0,0,0,0,0,0,0,0,0,8,0,39.9199,-75.2014, , 
 ,26664,2015042731,6,67,67301,2015,3,2,2256,22,3,1,0,1,6, , ,N,0,0,0,3,0,0,1,3,N,N,40 01:54.677,75 04:01.950,2305, ,2303,3,2,3,N, ,0,Y, , , , ,284752, , , ,3,2,0,0,0,0,1,0,0,0,0,0,0,0,0,0,0,0,0,0,0,0,0,0,0,0,0,0,0,0,0,0,0,0,0,0,0,40.0319,-75.0672, , 
 ,26665,2015051971,6,67,67301,2015,5,7,847,8,3,1,0,6,1, , ,N,1,2,0,3,0,2,4,2,N, ,40 03:16.700,75 08:58.941,851, ,847,2,2,5, , ,3,Y, , , , ,284759, , , ,2,2,0,0,0,0,0,0,0,0,0,2,2,0,0,0,0,0,0,0,0,0,0,0,0,0,0,0,0,0,0,0,0,0,0,4,0,40.0546,-75.1497, , 
 ,26666,2015059190,6,67,67301,2015,5,6,1734,17,1,1,0,1,1, , ,N,0,0,0,3,0,0,2,2,N,N,39 57:03.283,75 10:58.522,1751, ,1738,1,1,4,N, ,0,N, , , , ,284775, , , ,2,0,0,0,0,1,1,0,0,0,0,0,0,0,0,0,0,0,0,0,1,0,0,0,0,0,0,0,0,0,0,0,0,0,0,0,1,39.9509,-75.1829, , 
 ,26667,2015085315,6,67,67301,2015,8,3,1530,15,1,1,0,5,1, , ,N,0,0,0,3,0,1,2,2,N,N,40 01:40.585,75 06:31.946,1536, ,1534,9,1,1,N, ,0,N, , , , ,284791, , , ,2,1,0,0,0,0,1,0,0,0,0,0,1,1,0,0,0,0,0,0,0,0,0,0,0,0,0,0,0,0,0,0,0,0,0,8,0,40.0279,-75.1089, , 
 ,26668,2015006705,6,67,67301,2015,1,7,1200,12,1,2,1,1,1, , ,N,1,2,0,3,0,1,4,2,N,N,39 59:50.885,75 07:16.672,1230, ,1226, ,0, ,N, ,3, , , , , ,284819, , , ,2,2,0,0,0,0,0,0,0,0,0,0,1,1,0,0,0,0,0,0,0,0,0,0,0,0,0,0,0,0,0,0,0,0,0,8,0,39.9975,-75.1213, , 
 ,26669,2015025098,6,67,67301,2015,2,3,1220,12,1,4,4,4,1, , ,N,1,2,0,3,0,0,2,2,N,N,39 58:14.012,75 08:59.857,1221, ,1221, ,0, ,N, ,3, , , , , ,284838, , , ,2,2,0,0,0,0,0,0,0,0,0,0,0,0,0,0,0,0,0,0,0,0,0,0,0,0,0,0,0,0,0,0,0,0,0,0,0,39.9704,-75.15, , 
 ,26670,2015038598,6,67,67301,2015,3,4,840,8,1,1,0,7,5, , ,N,0,0,0,3,0,1,1,1,N, ,40 04:14.303,75 14:28.083,846, ,841, ,0, , , ,0, , , , , ,284849, , , ,1,0,0,0,0,0,1,0,0,0,0,1,1,0,0,0,0,0,0,0,0,0,0,0,0,0,0,0,0,0,0,0,0,0,0,4,0,40.0706,-75.2411, , 
 ,26671,2015040902,6,67,67301,2015,3,7,1954,19,2,1,1,4,1, , ,N,1,2,0,3,0,1,2,2,N,N,40 06:08.954,75 01:43.447,2034, ,1954, ,0, ,N, ,3, , , , , ,284852, , , ,2,1,0,0,0,0,1,0,0,0,0,1,1,0,1,0,0,0,0,0,1,0,0,0,0,0,0,0,0,0,0,0,0,0,0,4,0,40.1025,-75.0287, , 
 ,26672,2015054382,6,67,67301,2015,5,2,1125,11,1,1,0,4,1, , ,N,1,3,0,3,0,3,3,3,N,N,39 55:43.053,75 11:35.149,1128, ,1127, ,0, ,N, ,3, , , , , ,284859, , , ,3,2,0,0,0,0,0,1,0,0,0,0,3,3,0,0,0,0,0,0,0,0,0,0,0,0,0,0,0,0,0,0,0,0,0,8,0,39.9286,-75.1931, , 
 ,26673,2015008691,6,67,67301,2015,1,6,1327,13,1,1,0,5,1, , ,N,0,0,0,3,0,0,2,2,N,N,39 52:37.366,75 15:13.227,1340, ,1327, ,0, ,N, ,0, , , , , ,284865, , , ,2,1,0,0,0,0,0,0,0,0,0,0,0,0,1,0,0,0,0,0,0,0,0,0,0,0,0,0,0,0,0,0,0,0,0,9,0,39.877,-75.2537, , 
 ,26674,2015038595,6,67,67301,2015,3,6,2211,22,3,1,0,1,1, , ,N,1,2,0,3,0,0,3,3,N,N,40 01:15.937,75 08:23.758,2250, ,2237, ,0, ,N, ,3, , , , , ,284889, , , ,3,2,0,0,0,0,1,0,0,0,0,0,0,0,0,0,0,0,0,0,0,0,0,0,0,0,0,0,0,0,0,0,0,0,0,0,0,40.0211,-75.1399, , 
 ,26675,2015049176,6,67,67301,2015,4,2,1825,18,1,1,0,4,1, , ,N,1,1,0,3,0,1,3,2,N,N,39 54:26.330,75 08:19.784,1850, ,1839, ,0, ,N, ,3, , , , , ,284897, , , ,2,1,0,0,0,0,0,1,0,0,0,1,1,0,0,0,0,0,0,0,0,1,0,0,0,0,0,0,0,0,0,0,0,0,0,4,0,39.9073,-75.1388, , 
 ,26676,2015051518,6,67,67301,2015,4,2,1700,17,1,1,1,1,1, , ,N,0,0,3,3,0,2,3,2,N, ,40 05:14.399,74 58:16.815,1712, ,1711,1,1,1, , ,0,N, , , , ,284901, , , ,2,2,0,0,0,0,0,0,0,0,0,2,2,0,0,0,0,1,0,0,0,0,0,0,0,0,0,0,0,0,0,0,0,0,0,4,0,40.0873,-74.9713, , 
 ,26677,2015009603,6,67,67301,2015,1,1,2250,22,3,1,0,4,1, , ,N,2,2,0,3,0,2,5,2,N,N,40 01:47.231,75 05:16.817,2305, ,2300, ,0, ,N, ,3, , , , , ,284914, , , ,2,2,0,0,0,0,0,0,0,0,0,1,2,1,0,0,0,0,0,1,0,0,0,0,0,0,0,0,0,0,0,0,0,0,0,4,0,40.0296,-75.0881, , 
 ,26678,2015035139,6,67,67301,2015,3,6,2330,23,3,4,5,4,1, , ,N,1,2,0,3,0,2,3,2,N,N,40 02:57.481,75 04:04.310,2348, ,2347,1,1,1, , ,3,Y, , , , ,284929, , , ,2,2,0,0,0,0,0,0,0,0,0,0,2,2,0,0,0,0,0,0,0,0,0,0,0,0,0,0,0,0,0,0,0,0,0,8,0,40.0493,-75.0679, , 
 ,26679,2015038385,6,67,67301,2015,3,2,853,8,1,1,0,1,1, , ,N,0,0,0,3,0,1,2,2,N,N,39 57:41.816,75 10:56.917,927, ,856,1,1,3,N, ,0,N, , , , ,284932, , , ,2,1,0,0,0,0,1,0,0,0,0,0,1,1,0,0,0,0,0,0,0,0,1,0,0,0,0,0,0,0,0,0,0,0,0,8,0,39.9616,-75.1825, , 
 ,26680,2015053976,6,67,67301,2015,5,1,2150,21,3,1,0,2,1, , ,N,3,0,0,3,0,0,2,2,N,N,40 05:17.070,74 58:30.115,2158, ,2153, ,0, , , ,0, , , , , ,284991, , , ,2,2,0,0,0,0,0,0,0,0,0,0,0,0,0,0,0,0,0,0,0,0,0,0,0,0,0,0,0,0,0,0,0,0,0,0,0,40.0881,-74.975, , 
 ,26681,2015061916,6,67,67301,2015,5,7,1330,13,1,1,0,4,1, , ,N,0,0,0,3,0,3,5,2,N,N,39 57:27.187,75 12:41.749,1337, ,1335, ,0, ,N, ,0, , , , , ,285001, , , ,1,0,0,0,0,0,1,0,1,0,0,0,3,3,0,0,0,0,0,0,0,0,0,0,0,0,0,0,0,0,0,0,0,0,0,8,0,39.9576,-75.2116, , 
 ,26682,2015052411,6,67,67301,2015,5,5,1652,16,1,1,0,1,1, , ,N,0,0,0,3,0,1,5,2,N,N,39 54:01.647,75 09:21.402,1704, ,1704, ,0, ,N, ,0, , , , , ,288609, , , ,2,1,0,0,0,0,1,0,0,0,0,1,1,0,0,0,0,0,0,0,0,0,0,0,0,0,0,0,0,0,0,0,0,0,0,4,0,39.9005,-75.1559, , 
 ,26683,2015066154,6,67,67301,2015,6,5,1325,13,1,1,0,8,1, , ,N,0,0,0,3,0,1,2,2,N, ,39 57:00.848,75 09:32.154,1331, ,1327, ,0, , , ,0, , , , , ,288622, , , ,1,0,0,0,1,0,0,0,0,0,0,0,1,1,0,0,0,0,0,0,0,0,0,0,0,0,0,0,0,0,0,0,1,0,0,8,0,39.9502,-75.1589, , 
 ,26684,2015020840,6,67,67301,2015,1,3,830,8,1,1,0,2,1, , ,N,0,0,0,3,0,4,4,4,N,N,39 58:32.366,75 11:31.266,840, ,835,9,2,5,N, ,0,Y, , , , ,288649, , , ,4,3,0,0,0,0,0,1,0,0,1,3,4,0,0,0,0,0,0,0,0,0,0,0,0,0,0,0,0,0,0,0,0,0,0,3,0,39.9757,-75.192, , 
 ,26685,2015009646,6,67,67301,2015,1,6,2305,23,3,1,0,6,1, , ,N,0,0,0,3,0,4,6,2,N,N,39 58:12.344,75 11:22.186,2335, ,2305,3,2,5,N, ,0,Y, , , , ,288681, , , ,2,2,0,0,0,0,0,0,0,0,0,0,4,4,2,0,1,0,0,0,0,0,0,0,0,0,0,0,0,0,0,0,0,0,0,8,0,39.9701,-75.1895, , 
 ,26686,2015021441,6,67,67301,2015,1,7,1445,14,1,2,1,1,1, , ,N,0,0,0,3,0,1,2,2,N,N,40 01:46.252,75 01:21.078,1445, ,1445,2,1,2,N, ,0,N, , , , ,288693, , , ,2,2,0,0,0,0,0,0,0,0,0,0,1,1,0,0,0,0,0,0,0,0,0,0,0,0,0,0,0,0,0,0,0,0,0,8,0,40.0295,-75.0225, , 
 ,26687,2015021980,6,67,67301,2015,2,1,2022,20,3,1,0,6,1, , ,N,0,0,0,3,0,2,3,2,N,N,39 58:17.829,75 11:24.175,2030, ,2026,3,2,5,N, ,0,Y, , , , ,288694, , , ,2,1,0,0,0,0,0,1,0,0,1,1,2,0,1,0,0,0,0,0,0,0,0,0,0,0,0,0,0,0,0,0,0,0,0,3,0,39.9716,-75.19, , 
 ,26688,2015031020,6,67,67301,2015,2,7,720,7,1,1,0,4,1, , ,N,1,2,0,3,0,1,2,4,N,N,40 02:41.686,75 04:49.238,724, ,722,2,2,5,N, ,3,Y, , , , ,288702, , , ,4,2,0,0,0,0,1,1,0,0,0,0,1,1,0,0,0,0,0,0,0,0,0,0,0,0,0,0,0,0,0,0,0,0,0,8,0,40.0449,-75.0803, , 
 ,26689,2015049184,6,67,67301,2015,4,3,1352,13,1,1,0,6,1, , ,N,0,0,0,3,0,1,1,2,N,N,40 03:20.491,75 03:07.588,1400, ,1352, ,0, ,N, ,0, , , , , ,288715, , , ,2,2,0,0,0,0,0,0,0,0,0,1,1,0,0,0,0,0,0,0,1,0,0,1,0,0,0,0,0,0,0,0,0,0,0,4,0,40.0557,-75.0521, , 
 ,26690,2015003957,6,67,67301,2015,1,7,2025,20,3,2,1,7,4, , ,N,0,0,0,3,0,0,1,1,N,N,39 57:59.797,75 11:15.121,2029, ,2025,2,1,3,N, ,0,N, , , , ,288722, , , ,1,1,0,0,0,0,0,0,0,0,0,0,0,0,0,0,0,0,0,0,0,0,0,0,0,0,0,0,0,0,0,0,0,0,0,0,0,39.9666,-75.1875, , 
 ,26691,2015009611,6,67,67301,2015,1,1,2040,20,3,2,1,4,1, , ,N,1,3,0,3,0,1,2,2,N, ,39 56:56.623,75 09:20.444,2055, ,2047, ,0, , , ,3, , , , , ,288724, , , ,2,2,0,0,0,0,0,0,0,0,0,1,1,0,0,0,0,0,0,0,1,0,0,0,0,0,0,0,0,0,0,0,0,0,0,4,0,39.9491,-75.1557, , 
 ,26692,2015035149,6,67,67301,2015,3,4,412,4,3,2,1,7,4, , ,N,3,0,3,3,0,0,1,1,N,N,39 59:55.763,75 09:29.980,420, ,415,2,2,2,N, ,0,N, , , , ,288743, , , ,1,1,0,0,0,0,0,0,0,0,0,0,0,0,1,0,0,0,0,0,0,0,0,0,0,0,0,0,0,0,0,0,0,0,0,9,0,39.9988,-75.1583, , 
 ,26693,2015054401,6,67,67301,2015,5,5,1650,16,1,1,0,4,1, , ,N,1,2,0,3,0,2,2,2,N, ,39 58:28.427,75 11:00.483,1700, ,1656, ,0, , , ,3, , , , , ,288762, , , ,2,1,1,0,0,0,0,0,0,0,0,2,2,0,0,0,0,0,0,0,1,0,0,0,0,0,0,0,0,0,0,0,0,0,0,4,0,39.9746,-75.1835, , 
 ,26694,2015025241,6,67,67301,2015,2,1,923,9,1,1,4,7,2, , ,N,0,0,0,3,0,0,1,1,N,N,39 59:13.725,75 05:25.174,944, ,925,1,1,1,N, ,0,N, , , , ,288786, , , ,1,1,0,0,0,0,0,0,0,0,0,0,0,0,0,0,0,0,0,0,0,0,0,0,0,0,0,0,0,0,0,0,0,0,0,0,0,39.9871,-75.0903, , 
 ,26695,2015028850,6,67,67301,2015,2,7,1810,18,3,4,3,1,1, , ,N,0,0,0,3,0,1,2,2,N, ,39 58:16.869,75 07:24.405,1826, ,1818, ,0, , , ,0, , , , , ,288791, , , ,2,1,0,0,0,0,0,1,0,0,0,0,1,1,1,0,0,0,0,0,0,0,0,0,0,0,0,0,0,0,0,0,0,0,0,8,0,39.9714,-75.1234, , 
 ,26696,2015042953,6,67,67301,2015,3,1,1644,16,1,1,0,1,1, , ,N,0,0,0,3,0,2,3,3,N,N,39 59:48.897,75 14:07.843,1714, ,1704,2,1,1,N, ,0,N, , , , ,288804, , , ,3,2,0,0,0,0,1,0,0,0,0,0,2,2,0,0,0,0,0,1,0,0,0,0,0,0,0,0,0,0,0,0,0,0,0,8,0,39.9969,-75.2355, , 
 ,26697,2015047529,6,67,67301,2015,4,2,1630,16,1,1,0,8,1, , ,N,1,0,0,3,0,1,2,2,N, ,40 02:02.659,75 08:25.213,1700, ,1630, ,0, , , ,0, , , , , ,288811, , , ,1,0,0,0,0,0,0,0,0,0,0,1,1,0,0,0,0,0,0,0,0,0,0,0,0,0,0,0,0,0,0,0,1,0,0,4,0,40.0341,-75.1403, , 
 ,26698,2015006107,6,67,67301,2015,1,3,705,7,1,4,1,1,1, , ,N,2,0,0,3,0,1,3,2,N,N,40 06:23.326,75 01:48.353,712, ,710, ,0, ,N, ,0, , , , , ,288821, , , ,2,1,0,0,0,0,1,0,0,0,0,1,1,0,0,0,0,0,0,0,0,0,1,2,0,0,0,0,0,0,0,0,0,0,0,4,0,40.1065,-75.0301, , 
 ,26699,2015030001,6,67,67301,2015,2,4,1741,17,1,1,6,7,1, , ,N,2,3,0,3,0,1,1,1,N,N,39 58:59.206,75 09:54.327,1742, ,1742,4,2,1,N, ,3,Y, , , , ,288847, , , ,1,0,0,0,0,1,0,0,0,0,0,1,1,0,0,0,0,0,0,0,0,0,0,0,0,0,0,0,0,0,0,0,0,0,0,4,1,39.9831,-75.1651, , 
 ,26700,2015056547,6,67,67301,2015,5,7,1712,17,1,1,0,5,6, , ,N,0,0,0,3,0,0,1,3,N,N,40 04:31.873,75 05:05.913,1739, ,1735,2,2,2,N, ,0,Y, , , , ,292515, , , ,3,3,0,0,0,0,0,0,0,0,0,0,0,0,0,0,0,0,0,0,0,0,0,0,0,0,0,0,0,0,0,0,0,0,0,0,0,40.0755,-75.085, , 
 ,26701,2015066337,6,67,67301,2015,6,4,1735,17,1,1,0,7,5, , ,N,0,2,0,3,0,1,1,1,N,N,39 57:27.041,75 10:16.111,1740, ,1735, ,0, ,N, ,3, , , , , ,292524, , , ,1,1,0,0,0,0,0,0,0,0,0,1,1,0,0,0,0,0,0,0,0,0,0,0,0,0,0,0,0,0,0,0,0,0,0,4,0,39.9575,-75.1711, , 
 ,26702,2015012337,6,67,67301,2015,1,2,1645,16,3,2,1,5,1, , ,N,0,0,0,3,0,0,2,2,N,N,39 54:48.474,75 09:00.503,1710, ,1701, ,0, ,N, ,0, , , , , ,292541, , , ,2,1,0,0,0,0,1,0,0,0,0,0,0,0,0,0,0,0,0,0,0,0,0,0,0,0,0,0,0,0,0,0,0,0,0,0,0,39.9135,-75.1501, , 
 ,26703,2015021881,6,67,67301,2015,1,4,1852,18,3,1,0,8,1, , ,N,0,0,0,3,0,1,2,2,N,N,40 02:54.284,75 10:59.709,1856, ,1856,2,2,6,N, ,0,Y, , , , ,292546, , , ,1,0,0,0,0,0,1,0,0,0,1,0,1,0,0,0,0,0,0,0,0,0,0,0,0,0,0,0,0,0,0,0,1,0,0,3,0,40.0484,-75.1833, , 
 ,26704,2015054377,6,67,67301,2015,4,1,1107,11,1,1,0,4,1, , ,N,3,2,0,3,0,2,6,2,N,N,39 58:21.476,75 13:03.992,1117, ,1110, ,0, ,N, ,3, , , , , ,292573, , , ,2,2,0,0,0,0,0,0,0,0,0,1,2,1,0,0,0,0,0,0,0,0,0,0,0,0,0,0,0,0,0,0,0,0,0,4,0,39.9726,-75.2178, , 
 ,26705,2015080662,6,67,67301,2015,7,2,1145,11,1,1,0,5,6, , ,N,0,0,0,3,0,0,1,4,N,N,40 03:28.359,75 11:19.792,1205, ,1157, ,0, ,N, ,0, , , , , ,292590, , , ,4,3,0,0,0,0,1,0,0,0,0,0,0,0,0,0,0,0,0,0,0,0,0,1,0,0,0,0,0,0,0,0,0,0,0,0,0,40.0579,-75.1888, , 
Y,26706,2015084024,6,67,67301,2015,8,2,1500,15,1,1,0,1,1,1,4,Y,0,0,0,3,0,1,2,2,N,N,40 01:22.441,75 02:08.383,1549,45,1506, ,0, ,N, ,0, ,N,N,N,N,292595,N,N,N,2,1,0,0,0,0,0,1,0,0,0,1,1,0,0,0,0,0,0,0,0,0,0,0,0,0,0,0,0,0,0,0,0,0,0,4,0,40.0229,-75.0357, , 
 ,26707,2015056472,6,67,67301,2015,5,6,2255,22,3,1,0,4,1, , ,N,1,3,0,3,0,1,5,3,N, ,40 02:18.794,75 04:20.539,2300, ,2255, ,0, , , ,3, , , , , ,292662, , , ,3,2,0,0,0,0,0,1,0,0,0,0,1,1,0,0,0,0,0,0,0,0,0,1,0,0,0,0,0,0,0,0,0,0,0,8,0,40.0386,-75.0724, , 
 ,26708,2015066331,6,67,67301,2015,6,4,920,9,1,1,0,1,6, , ,N,0,0,0,3,0,1,1,3,N,N,40 02:34.177,75 11:29.212,923, ,920,2,2,6,N, ,0,Y, , , , ,292667, , , ,3,2,0,0,0,0,1,0,0,0,0,1,1,0,0,0,0,0,0,0,0,0,0,0,0,0,0,0,0,0,0,0,0,0,0,4,0,40.0428,-75.1914, , 
 ,26709,2015053999,6,67,67301,2015,5,4,740,7,1,1,0,1,1, , ,N,5,2,0,3,0,1,2,2,N,N,39 58:01.197,75 07:45.660,750, ,745, ,0, , , ,3, , , , , ,292714, , , ,2,2,0,0,0,0,0,0,0,0,0,1,1,0,0,0,0,0,0,0,1,0,0,0,0,0,0,0,0,0,0,0,0,0,0,4,0,39.967,-75.1294, , 
 ,26710,2015056426,6,67,67301,2015,5,7,1347,13,1,1,0,4,1, , ,N,1,2,0,3,0,1,2,2,N,N,39 54:14.619,75 14:25.049,1430, ,1408, ,0, , , ,2, , , , , ,292715, , , ,2,0,0,0,0,0,0,2,0,0,0,1,1,0,0,0,0,0,0,0,1,0,0,0,0,0,0,0,0,0,0,0,0,0,0,4,0,39.904,-75.2401, , 
 ,26711,2015015611,6,67,67301,2015,1,1,710,7,1,3,5,7,4, , ,N,1,2,0,3,0,1,1,1,N,N,40 04:50.131,75 13:02.895,825, ,815, ,0, , , ,3, , , , , ,292730, , , ,1,1,0,0,0,0,0,0,0,0,0,1,1,0,0,0,0,0,0,0,1,0,0,0,0,0,0,0,0,0,0,0,0,0,0,4,0,40.0806,-75.2175, , 