wz_ln_closure,objectid_1,crn,district,county,municipality,crash_year,crash_month,day_of_week,time_of_day,hour_of_day,illumination,weather,road_condition,collision_type,relation_to_road,work_zone_type,work_zone_loc,work_zone_ind,intersect_type,tcd_type,location_type,urban_rural,fatal_count,injury_count,person_count,total_units,sch_bus_ind,sch_zone_ind,latitude,longitude,arrival_tm,cons_zone_spd_lim,dispatch_tm,est_hrs_closed,lane_closed,ln_close_dir,ntfy_hiwy_maint,spec_juris_cd,tcd_func_cd,tfc_detour_ind,workers_pres,wz_close_detour,wz_flagger,wz_law_offcr_ind,objectid,wz_moving,wz_other,wz_shlder_mdn,vehicle_count,automobile_count,motorcycle_count,bus_count,small_truck_count,heavy_truck_count,suv_count,van_count,bicycle_count,maj_inj_count,mod_inj_count,min_inj_count,tot_inj_count,unk_inj_deg_count,unk_inj_per_count,driver_count_16yr,driver_count_17yr,driver_count_18yr,driver_count_19yr,driver_count_20yr,driver_count_50_64yr,driver_count_65_74yr,driver_count_75plus,unbelted_occ_count,unb_death_count,unb_maj_inj_count,belted_death_count,belted_maj_inj_count,mcycle_death_count,mcycle_maj_inj_count,bicycle_death_count,bicycle_maj_inj_count,ped_count,ped_death_count,ped_maj_inj_count,max_severity_level,comm_veh_count,dec_lat,dec_long,rdwy_surf_type_cd,county_name
 ,26779,2015031038,6,67,67301,2015,2,1,1330,13,1,1,0,1,1, , ,N,0,0,0,3,0,0,4,3,N,N,40 03:23.696,75 01:41.763,1340, ,1332, ,0, ,N, ,0, , , , , ,292845, , , ,3,2,0,0,0,0,1,0,0,0,0,0,0,0,0,0,0,0,0,1,1,0,0,0,0,0,0,0,0,0,0,0,0,0,0,0,0,40.0566,-75.0283, , 
 ,26780,2015012359,6,67,67301,2015,1,5,1543,15,1,1,0,4,1, , ,N,2,3,0,3,0,0,2,2,N,N,40 06:07.339,75 01:40.231,1554, ,1546,1,1,4, , ,3,Y, , , , ,292872, , , ,2,1,0,0,0,0,1,0,0,0,0,0,0,0,0,0,0,0,0,0,0,0,0,0,0,0,0,0,0,0,0,0,0,0,0,0,0,40.102,-75.0278, , 
 ,26781,2015033345,6,67,67301,2015,3,1,2231,22,3,1,0,1,1, , ,N,0,0,0,3,0,0,2,2,N,N,39 56:59.694,75 11:01.984,2252, ,2238,1,1,3,N, ,0,N, , , , ,292897, , , ,2,2,0,0,0,0,0,0,0,0,0,0,0,0,0,0,0,0,0,0,0,0,0,0,0,0,0,0,0,0,0,0,0,0,0,0,0,39.9499,-75.1839, , 
 ,26782,2015035125,6,67,67301,2015,3,4,1255,12,1,1,1,1,1, , ,N,1,3,0,3,0,0,2,3,N,N,40 01:52.906,75 03:21.682,1257, ,1255, ,0, ,N, ,3, , , , , ,292941, , , ,3,3,0,0,0,0,0,0,0,0,0,0,0,0,0,0,0,0,0,0,0,0,0,0,0,0,0,0,0,0,0,0,0,0,0,0,0,40.0314,-75.056, , 
 ,26783,2015021388,6,67,67301,2015,1,1,2015,20,4,2,5,5,6, , ,N,0,0,0,3,0,1,1,2,N, ,40 02:50.143,75 11:23.802,2148, ,2112,3,1,2, , ,0,N, , , , ,292985, , , ,2,2,0,0,0,0,0,0,0,0,0,0,1,1,0,0,0,0,0,0,0,0,0,0,0,0,0,0,0,0,0,0,0,0,0,8,0,40.0473,-75.1899, , 
 ,26784,2015022576,6,67,67301,2015,2,3,133,1,3,4,3,7,4, , ,N,0,0,0,3,0,1,2,1,N,N,40 02:13.795,75 00:49.370,145, ,134, ,0, ,N, ,0, , , , , ,292989, , , ,1,1,0,0,0,0,0,0,0,0,0,0,1,1,0,0,0,0,0,0,0,0,0,1,0,0,0,0,0,0,0,0,0,0,0,8,0,40.0372,-75.0137, , 
 ,26785,2015051473,6,67,67301,2015,4,4,2343,23,3,1,0,1,1, , ,N,0,0,0,3,0,1,2,2,N, ,40 00:37.205,75 11:07.466,2350, ,2344, ,0, , , ,0, , , , , ,293008, , , ,2,2,0,0,0,0,0,0,0,0,0,1,1,0,0,0,0,1,0,1,0,0,0,0,0,0,0,0,0,0,0,0,0,0,0,4,0,40.0103,-75.1854, , 
 ,26786,2015049178,6,67,67301,2015,4,5,1912,19,4,1,0,4,1, , ,N,1,3,0,3,0,1,2,2,N, ,40 03:19.864,75 03:42.983,1922, ,1912, ,0, , , ,3, , , , , ,293051, , , ,2,1,0,0,0,0,1,0,0,0,0,1,1,0,0,0,0,0,0,0,0,0,1,0,0,0,0,0,0,0,0,0,0,0,0,4,0,40.0555,-75.0619, , 
 ,26787,2015035168,6,67,67301,2015,3,4,150,1,3,4,4,7,4, , ,N,2,0,0,3,0,3,3,1,N,N,40 00:10.069,75 08:47.122,200, ,156, ,0, ,N, ,0, , , , , ,293083, , , ,1,1,0,0,0,0,0,0,0,0,0,0,3,3,0,0,0,0,0,0,0,0,0,0,0,0,0,0,0,0,0,0,0,0,0,8,0,40.0028,-75.1464, , 
 ,26788,2015042900,6,67,67301,2015,3,1,714,7,3,1,0,4,1, , ,N,1,1,0,3,0,1,3,2,N,N,40 01:15.937,75 08:23.758,720, ,714,1,1,1,N, ,3,N, , , , ,293090, , , ,2,1,0,0,0,0,1,0,0,0,0,0,1,1,0,0,0,0,0,0,0,0,0,0,0,0,0,0,0,0,0,0,0,0,0,8,0,40.0211,-75.1399, , 
 ,26789,2015046890,6,67,67301,2015,4,4,1459,14,1,1,0,4,1, , ,N,1,2,0,3,0,0,2,2,N,N,39 58:40.787,75 09:09.269,1505, ,1500, ,0, ,N, ,3, , , , , ,293095, , , ,2,2,0,0,0,0,0,0,0,0,0,0,0,0,0,0,0,0,0,0,0,0,0,0,0,0,0,0,0,0,0,0,0,0,0,0,0,39.9779,-75.1526, , 
 ,26790,2015020704,6,67,67301,2015,1,7,1745,17,3,1,0,1,1, , ,N,1,2,0,3,0,4,5,2,N,N,40 02:28.377,75 06:56.005,120, ,1745, ,0, ,N, ,3, , , , , ,295822, , , ,2,2,0,0,0,0,0,0,0,0,0,4,4,0,0,0,0,0,0,0,0,0,0,0,0,0,0,0,0,0,0,0,0,0,0,4,0,40.0412,-75.1156, , 
 ,26791,2015025164,6,67,67301,2015,2,2,2030,20,3,1,1,1,1, , ,N,0,0,0,3,0,0,2,2,N,N,40 01:00.702,75 12:09.127,2030, ,9999, ,0, ,N, ,0, , , , , ,295828, , , ,2,0,0,0,0,0,1,0,0,0,0,0,0,0,0,0,0,0,0,0,1,0,0,0,0,0,0,0,0,0,0,0,0,0,0,0,0,40.0169,-75.2025, , 
 ,26792,2015036634,6,67,67301,2015,3,1,28,0,3,2,1,6,6, , ,N,0,0,0,3,0,0,1,3,N, ,40 07:00.494,75 02:02.047,30, ,28, ,0, , , ,0, , , , , ,295843, , , ,3,2,0,0,0,0,0,1,0,0,0,0,0,0,1,0,0,0,0,0,0,0,0,0,0,0,0,0,0,0,0,0,0,0,0,9,0,40.1168,-75.0339, , 
 ,26793,2015040879,6,67,67301,2015,3,4,1551,15,1,1,1,4,1, , ,N,0,0,7,3,0,1,3,2,N,N,39 58:39.368,75 13:35.603,1554, ,1551, ,0, ,N, ,0, , , , , ,295845, , , ,2,1,0,0,0,0,0,1,0,0,0,1,1,0,0,0,0,0,0,0,1,1,0,0,0,0,0,0,0,0,0,0,0,0,0,4,0,39.9776,-75.2266, , 
 ,26794,2015049108,6,67,67301,2015,4,7,1830,18,4,1,0,1,1, , ,N,1,2,0,3,0,5,6,2,N,N,40 01:36.832,75 05:50.065,2327, ,2320, ,0, ,N, ,3, , , , , ,295855, , , ,2,1,0,0,0,0,1,0,0,0,0,4,5,1,0,0,0,0,0,0,0,0,0,2,0,0,0,0,0,0,0,0,0,0,0,4,0,40.0268,-75.0974, , 
U,26795,2015022390,6,23,23103,2015,2,5,1245,12,1,1,0,4,1,8,8,Y,2,3,0,3,0,2,5,4,N,N,39 58:34.844,75 16:39.414,1251,99,1249,2,2,7,N, ,3,Y,U,U,U,U,295870,U,U,U,4,3,0,0,1,0,0,0,0,0,0,0,2,2,0,0,0,0,0,0,3,0,0,0,0,0,0,0,0,0,0,0,0,0,0,8,0,39.9763,-75.2776, , 
 ,26796,2015030107,6,67,67301,2015,2,3,2054,20,3,1,0,1,1, , ,N,0,0,0,3,0,0,4,2,N,N,39 57:41.996,75 08:23.064,2104, ,2057,2,1,1,N, ,0,N, , , , ,295883, , , ,2,2,0,0,0,0,0,0,0,0,0,0,0,0,0,0,0,0,0,0,1,0,0,0,0,0,0,0,0,0,0,0,0,0,0,0,0,39.9617,-75.1397, , 
 ,26797,2015054392,6,67,67301,2015,4,4,1242,12,1,1,0,4,1, , ,N,1,3,0,3,0,3,3,2,N, ,39 57:23.835,75 08:45.196,1250, ,1244, ,0, , , ,3, , , , , ,295904, , , ,2,2,0,0,0,0,0,0,0,0,0,3,3,0,0,0,0,0,0,0,1,0,0,0,0,0,0,0,0,0,0,0,0,0,0,4,0,39.9566,-75.1459, , 
 ,26798,2015028821,6,67,67301,2015,2,5,1,0,3,1,0,1,1, , ,N,0,0,0,3,0,1,2,2,N,N,40 03:04.830,75 05:38.042,12, ,11,1,1,2,N, ,0,Y, , , , ,295923, , , ,2,2,0,0,0,0,0,0,0,0,1,0,1,0,0,0,0,0,0,0,0,1,0,0,0,0,0,0,0,0,0,0,0,0,0,3,0,40.0513,-75.0939, , 
 ,26799,2015040923,6,67,67301,2015,3,6,210,2,3,2,1,1,6, , ,N,0,0,0,3,0,1,1,5,N,N,40 03:31.701,75 11:11.433,213, ,210, ,0, ,N, ,0, , , , , ,295937, , , ,5,5,0,0,0,0,0,0,0,0,0,0,1,1,0,0,0,0,0,0,0,0,0,0,0,0,0,0,0,0,0,0,0,0,0,8,0,40.0588,-75.1865, , 
 ,26800,2015042786,6,67,67301,2015,3,7,1345,13,1,1,0,5,1, , ,N,0,0,0,3,0,1,3,2,N,N,39 56:17.005,75 09:29.271,1345, ,1345, ,0, ,N, ,0, , , , , ,295939, , , ,1,1,0,0,0,0,0,0,1,0,1,0,1,0,0,0,0,0,0,0,0,0,0,2,0,0,0,0,0,0,0,0,0,0,0,3,0,39.9381,-75.1581, , 
 ,26801,2015043330,6,67,67301,2015,3,2,1255,12,1,1,0,5,1, , ,N,0,0,0,3,0,1,2,2,N,N,39 57:29.473,75 09:51.548,1303, ,1258, ,0, ,N, ,0, , , , , ,295940, , , ,2,1,1,0,0,0,0,0,0,0,0,0,1,1,0,0,0,0,0,0,0,0,0,0,0,0,0,0,0,0,0,0,0,0,0,8,0,39.9582,-75.1643, , 
 ,26802,2015054010,6,67,67301,2015,5,7,838,8,1,1,0,4,1, , ,N,1,2,0,3,0,0,2,5,N,N,40 03:44.743,75 02:34.497,854, ,841, ,0, ,N, ,3, , , , , ,295949, , , ,5,2,0,0,1,0,2,0,0,0,0,0,0,0,0,0,0,0,0,0,1,0,0,0,0,0,0,0,0,0,0,0,0,0,0,0,0,40.0624,-75.0429, , 
 ,26803,2015006066,6,67,67301,2015,1,1,1117,11,1,2,1,4,1, , ,N,1,2,0,3,0,0,2,2,N,N,39 59:26.084,75 10:36.726,1120, ,1117, ,0, ,N, ,3, , , , , ,295956, , , ,2,1,0,0,0,0,1,0,0,0,0,0,0,0,0,0,0,0,0,0,2,0,0,0,0,0,0,0,0,0,0,0,0,0,0,0,0,39.9906,-75.1769, , 
 ,26804,2015020766,6,67,67301,2015,1,7,1624,16,1,1,0,4,1, , ,N,0,0,7,3,0,0,2,2,N,N,39 56:59.676,75 12:14.272,1645, ,1640, ,0, ,N, ,0, , , , , ,295969, , , ,2,1,0,0,0,0,0,0,0,0,0,0,0,0,0,0,0,0,0,0,1,0,0,0,0,0,0,0,0,0,0,0,0,0,0,0,0,39.9499,-75.204, , 
 ,26805,2015048347,6,67,67301,2015,4,4,1430,14,1,1,0,8,1,2,1,Y,0,0,0,3,0,1,2,2,N,Y,39 59:05.433,75 05:52.261,1457,15,1445, ,0, ,N, ,0, ,N, , ,U,296037, , , ,1,1,0,0,0,0,0,0,0,0,0,1,1,0,0,0,0,0,0,0,0,0,0,0,0,0,0,0,0,0,0,0,1,0,0,4,0,39.9848,-75.0979, , 
 ,26806,2015061875,6,67,67301,2015,5,6,1200,12,1,1,0,4,1, , ,N,0,0,7,3,0,1,6,2,N,N,39 59:38.738,75 09:20.658,1233, ,1227, ,0, ,N, ,0, , , , , ,296094, , , ,2,1,0,0,0,0,0,1,0,0,0,1,1,0,0,0,0,0,0,0,0,0,0,0,0,0,0,0,0,0,0,0,0,0,0,4,0,39.9941,-75.1557, , 
 ,26807,2015009619,6,67,67301,2015,1,7,1705,17,3,2,1,8,1, , ,N,2,0,0,3,0,1,2,2,N,N,40 04:19.807,75 10:44.320,1904, ,1904, ,0, ,N, ,0, , , , , ,296100, , , ,1,0,0,0,0,0,1,0,0,0,0,1,1,0,0,0,0,0,0,0,0,0,1,0,0,0,0,0,0,0,0,0,1,0,0,4,0,40.0722,-75.179, , 
 ,26808,2015010693,6,67,67301,2015,1,7,1610,16,3,2,1,8,1, , ,N,1,2,0,3,0,1,2,2,N,N,40 02:39.682,75 04:21.458,1822, ,1816, ,0, ,N, ,3, , , , , ,285298, , , ,1,0,0,0,0,0,1,0,0,0,0,1,1,0,0,0,0,0,0,0,0,0,0,1,0,0,0,0,0,0,0,0,1,0,0,4,0,40.0444,-75.0726, , 
 ,26809,2015020705,6,67,67301,2015,2,2,905,9,1,2,4,4,1, , ,N,1,2,0,3,0,0,3,3,N, ,40 05:49.711,75 01:05.375,913, ,906, ,0, , , ,3, , , , , ,285306, , , ,3,2,0,0,1,0,0,0,0,0,0,0,0,0,0,0,0,0,0,0,0,0,0,0,0,0,0,0,0,0,0,0,0,0,0,0,0,40.0971,-75.0182, , 
 ,26810,2015051433,6,67,67301,2015,5,6,1640,16,1,1,0,4,1, , ,N,2,0,0,3,0,2,3,2,N,N,40 00:46.062,75 10:28.101,1645, ,1643, ,0, ,N, ,0, , , , , ,285334, , , ,2,1,0,0,0,0,1,0,0,0,1,1,2,0,0,0,0,0,0,0,0,0,0,0,0,0,0,0,0,0,0,0,0,0,0,3,0,40.0128,-75.1745, , 
 ,26811,2015054819,6,67,67301,2015,5,3,114,1,3,1,0,1,1, , ,N,0,0,0,3,0,3,4,2,N,N,39 56:56.427,75 11:05.742,119, ,115,1,2,4,N, ,0,N, , , , ,285338, , , ,2,2,0,0,0,0,0,0,0,1,1,1,3,0,0,0,0,0,0,0,0,0,0,1,0,0,0,1,0,0,0,0,0,0,0,2,0,39.949,-75.1849, , 
 ,26812,2015040406,6,67,67301,2015,3,4,1830,18,1,2,1,7,4, , ,N,0,0,0,3,0,0,1,1,N,N,39 56:47.528,75 11:20.662,1840, ,1836,1,1,3,N, ,0,N, , , , ,285382, , , ,1,0,0,0,0,0,1,0,0,0,0,0,0,0,0,0,0,0,0,0,1,0,0,0,0,0,0,0,0,0,0,0,0,0,0,0,0,39.9465,-75.1891, , 
 ,26813,2015028693,6,67,67301,2015,2,5,904,9,1,1,0,1,1, , ,N,1,2,0,3,0,1,3,3,N,N,40 00:00.664,75 13:43.575,908, ,905, ,0, ,N, ,3, , , , , ,285412, , , ,3,3,0,0,0,0,0,0,0,0,0,0,1,1,0,0,0,0,0,0,0,0,0,0,0,0,0,0,0,0,0,0,0,0,0,8,0,40.0001,-75.2287, , 
 ,26814,2015038651,6,67,67301,2015,3,6,2145,21,3,8,1,7,4, , ,N,0,0,0,3,0,1,2,1,N,N,40 02:34.497,75 11:26.224,2245, ,2149,9,2,1,N, ,0,Y, , , , ,285421, , , ,1,0,0,0,0,1,0,0,0,0,0,1,1,0,0,0,0,0,0,0,0,0,0,1,0,0,0,0,0,0,0,0,0,0,0,4,1,40.0429,-75.1906, , 
 ,26815,2015042814,6,67,67301,2015,4,2,2000,20,3,1,0,4,1, , ,N,2,1,0,3,0,1,3,2,N, ,39 58:25.156,75 12:32.179,2036, ,2030, ,0, , , ,3, , , , , ,285426, , , ,2,1,1,0,0,0,0,0,0,0,0,1,1,0,0,0,0,0,0,0,0,0,0,0,0,0,0,0,0,0,0,0,0,0,0,4,0,39.9736,-75.2089, , 
 ,26816,2015009801,6,67,67301,2015,1,2,2225,22,3,2,1,5,1, , ,N,0,0,0,3,0,1,2,2,N,N,40 02:36.789,75 00:10.982,2249, ,2228,2,1,2,N, ,0,N, , , , ,285448, , , ,2,2,0,0,0,0,0,0,0,0,0,1,1,0,0,0,0,0,1,0,0,0,0,0,0,0,0,0,0,0,0,0,0,0,0,4,0,40.0436,-75.0031, , 
 ,26817,2015028799,6,67,67301,2015,2,2,745,7,1,1,6,1,1, , ,N,0,2,1,3,0,2,5,3,N,N,40 00:08.007,75 06:10.348,834, ,824, ,0, , , ,3, , , , , ,285463, , , ,3,3,0,0,0,0,0,0,0,0,0,2,2,0,1,0,0,0,0,0,1,0,0,0,0,0,0,0,0,0,0,0,0,0,0,4,0,40.0022,-75.1029, , 
 ,26818,2015052357,6,67,67301,2015,4,4,1540,15,1,2,1,1,1, , ,N,0,0,0,3,0,1,8,5,N,N,40 02:32.866,75 00:13.504,1550, ,1540,2,1,2,N, ,0,N, , , , ,285485, , , ,5,3,0,0,1,0,1,0,0,0,1,0,1,0,0,0,0,0,0,0,1,0,0,0,0,0,0,0,0,0,0,0,0,0,0,3,0,40.0425,-75.0038, , 
 ,26819,2015020824,6,67,67301,2015,2,4,1855,18,2,1,0,1,6, , ,N,0,0,0,3,0,1,1,2,N, ,40 01:20.809,75 04:04.501,2000, ,1858, ,0, , , ,0, , , , , ,285502, , , ,2,1,0,0,0,0,1,0,0,0,0,1,1,0,0,0,0,0,0,0,0,1,0,0,0,0,0,0,0,0,0,0,0,0,0,4,0,40.0224,-75.0679, , 
 ,26820,2015021977,6,67,67301,2015,2,4,1121,11,1,1,0,4,1, , ,N,1,2,0,3,0,1,4,2,N,N,39 56:49.135,75 12:54.644,1123, ,1122, ,0, ,N, ,3, , , , , ,285504, , , ,2,2,0,0,0,0,0,0,0,0,0,0,1,1,0,0,0,0,0,0,0,0,0,0,0,0,0,0,0,0,0,0,0,0,0,8,0,39.947,-75.2152, , 
 ,26821,2015040885,6,67,67301,2015,3,5,1549,15,1,1,0,4,1, , ,N,1,2,0,3,0,2,6,2,N,Y,40 02:07.796,75 10:43.589,1607, ,1603, ,0, ,N, ,3, , , , , ,285521, , , ,2,1,0,0,0,0,0,1,0,0,0,0,2,2,0,0,0,0,0,0,1,0,0,0,0,0,0,0,0,0,0,0,0,0,0,8,0,40.0355,-75.1788, , 
 ,26822,2015047530,6,67,67301,2015,4,5,1614,16,1,1,0,1,1, , ,N,0,0,0,3,0,1,2,2,N,N,39 54:23.155,75 14:06.324,1623, ,1616, ,0, ,N, ,0, , , , , ,285524, , , ,2,1,0,0,0,0,1,0,0,0,0,1,1,0,1,0,0,0,0,0,0,0,0,0,0,0,0,0,0,0,0,0,0,0,0,4,0,39.9064,-75.2351, , 
 ,26823,2015017947,6,67,67301,2015,1,6,1705,17,3,1,0,8,1, , ,N,2,3,0,3,0,1,2,2,N,N,39 59:13.815,75 06:27.291,1710, ,1709,3,1,1, , ,3,Y, , , , ,285549, , , ,1,0,0,0,0,0,0,0,0,0,1,0,1,0,0,0,0,0,0,0,0,0,0,0,0,0,0,0,0,0,0,0,1,0,0,3,0,39.9872,-75.1076, , 
 ,26824,2015021988,6,67,67301,2015,2,7,1630,16,1,1,0,6,6, , ,N,0,0,0,3,0,0,1,2,N,N,39 59:27.826,75 07:44.110,1640, ,1640, ,0, ,N, ,0, , , , , ,285552, , , ,2,1,0,0,0,0,0,1,0,0,0,0,0,0,0,0,0,0,0,0,0,0,0,0,0,0,0,0,0,0,0,0,0,0,0,0,0,39.9911,-75.1289, , 
 ,26825,2015036587,6,67,67301,2015,3,5,837,8,1,1,0,4,1, , ,N,1,3,0,3,0,1,2,2,N,Y,39 59:09.639,75 05:49.923,910, ,902, ,0, ,N, ,3, , , , , ,285565, , , ,2,0,0,0,0,0,1,1,0,0,0,0,1,1,0,0,0,0,0,1,0,0,0,0,0,0,0,0,0,0,0,0,0,0,0,8,0,39.986,-75.0972, , 
 ,26826,2015009627,6,67,67301,2015,1,6,2145,21,3,1,0,4,1, , ,N,2,2,0,3,0,0,5,2,N,N,39 57:15.166,75 08:47.061,2153, ,2150, ,0, ,N, ,3, , , , , ,289105, , , ,2,1,0,0,0,0,1,0,0,0,0,0,0,0,0,0,0,0,0,0,0,0,0,0,0,0,0,0,0,0,0,0,0,0,0,0,0,39.9542,-75.1464, , 
 ,26827,2015009637,6,67,67301,2015,1,7,1750,17,3,2,1,4,1, , ,N,1,2,0,3,0,1,3,3,N,N,39 59:29.432,75 09:36.226,1800, ,1755, ,0, ,N, ,3, , , , , ,289106, , , ,3,1,0,0,0,0,0,2,0,0,1,0,1,0,0,0,0,0,1,0,0,0,0,0,0,0,0,0,0,0,0,0,0,0,0,3,0,39.9915,-75.1601, , 
 ,26828,2015063842,6,67,67301,2015,6,6,1626,16,1,1,0,4,1, , ,N,1,3,0,3,0,1,4,2,N, ,40 03:57.202,75 10:35.464,1752, ,1749, ,0, , , ,3, , , , , ,289115, , , ,2,2,0,0,0,0,0,0,0,0,0,0,1,1,0,0,0,0,0,0,0,0,1,0,0,0,0,0,0,0,0,0,0,0,0,8,0,40.0659,-75.1765, , 
 ,26829,2015063858,6,67,67301,2015,6,5,1730,17,1,1,0,1,1, , ,N,1,2,0,3,0,1,4,2,N, ,40 02:49.576,75 00:17.362,1740, ,1740, ,0, , , ,3, , , , , ,289116, , , ,2,1,0,0,0,0,1,0,0,0,0,0,1,1,1,0,0,0,0,0,0,0,0,0,0,0,0,0,0,0,0,0,0,0,0,8,0,40.0471,-75.0048, , 
 ,26830,2015078250,6,67,67301,2015,6,7,1103,11,1,1,0,1,1, , ,N,2,2,0,3,0,0,2,2,N, ,40 00:46.755,75 12:07.063,1300, ,1300, ,0, , , ,3, , , , , ,289129, , , ,2,2,0,0,0,0,0,0,0,0,0,0,0,0,0,0,0,0,0,0,0,0,0,0,0,0,0,0,0,0,0,0,0,0,0,0,0,40.013,-75.202, , 
 ,26831,2015081037,6,67,67301,2015,7,7,532,5,1,1,0,5,6, , ,N,0,0,0,3,0,1,1,5,N,N,39 59:45.313,75 07:40.302,615, ,549,2,2,2,N, ,0,N, , , , ,289135, , , ,5,4,0,0,0,0,1,0,0,0,0,0,1,1,0,0,0,0,0,0,0,0,0,0,0,0,0,0,0,0,0,0,0,0,0,8,0,39.9959,-75.1279, , 
 ,26832,2015009575,6,67,67301,2015,1,5,732,7,1,1,0,8,1, , ,N,0,0,0,3,0,1,2,2,N,N,40 03:37.079,75 09:52.991,743, ,743,2,2,3,N, ,0,Y, , , , ,289156, , , ,1,1,0,0,0,0,0,0,0,0,0,1,1,0,0,0,0,0,0,0,0,1,0,0,0,0,0,0,0,0,0,0,1,0,0,4,0,40.0603,-75.1647, , 
 ,26833,2015021934,6,67,67301,2015,1,1,1527,15,1,2,1,7,3, , ,N,1,2,0,3,0,1,1,1,N,N,40 01:48.341,75 05:17.340,1539, ,1529,1,1,2,N, ,3,N, , , , ,289167, , , ,1,0,0,0,0,0,1,0,0,0,0,0,1,1,0,0,0,0,0,0,0,0,0,0,0,0,0,0,0,0,0,0,0,0,0,8,0,40.0301,-75.0882, , 
 ,26834,2015045442,6,67,67301,2015,4,1,1715,17,1,1,0,8,1, , ,N,0,0,0,3,0,1,2,2,N, ,40 01:50.020,75 02:08.083,1720, ,1717, ,0, , , ,0, , , , , ,289182, , , ,1,1,0,0,0,0,0,0,0,0,0,1,1,0,1,0,0,0,0,0,0,0,0,0,0,0,0,0,0,0,0,0,1,0,0,4,0,40.0306,-75.0356, , 
 ,26835,2015051920,6,67,67301,2015,5,7,220,2,3,1,0,7,4, , ,N,3,2,0,3,0,1,1,1,N,N,40 02:50.984,75 06:44.541,320, ,313, ,0, ,N, ,3, , , , , ,289190, , , ,1,0,0,0,0,0,1,0,0,0,0,1,1,0,0,0,0,0,0,0,0,0,0,0,0,0,0,0,0,0,0,0,0,0,0,4,0,40.0475,-75.1124, , 
 ,26836,2015020724,6,67,67301,2015,1,3,1850,18,3,1,0,4,1, , ,N,1,2,0,3,0,1,2,2,N,N,40 02:21.930,75 04:38.559,1905, ,1851,1,1,2, , ,3,Y, , , , ,289222, , , ,2,2,0,0,0,0,0,0,0,0,0,1,1,0,0,0,0,0,0,0,0,0,0,0,0,0,0,0,0,0,0,0,0,0,0,4,0,40.0394,-75.0774, , 
 ,26837,2015025157,6,67,67301,2015,2,5,800,8,1,1,0,1,1, , ,N,1,2,0,3,0,1,5,3,N,N,39 56:20.669,75 09:59.570,925, ,921, ,0, , , ,3, , , , , ,289227, , , ,3,2,0,0,0,0,1,0,0,0,0,1,1,0,0,0,0,0,0,0,2,0,0,0,0,0,0,0,0,0,0,0,0,0,0,4,0,39.9391,-75.1664, , 
 ,26838,2015036670,6,67,67301,2015,3,4,1552,15,1,1,0,4,1, , ,N,1,3,0,3,0,1,2,2,N,N,39 58:01.650,75 09:23.594,1558, ,1556,1,1,3,N, ,3,Y, , , , ,289231, , , ,2,2,0,0,0,0,0,0,0,0,0,1,1,0,0,0,0,0,0,1,0,0,0,0,0,0,0,0,0,0,0,0,0,0,0,4,0,39.9671,-75.1566, , 
 ,26839,2015042748,6,67,67301,2015,3,3,826,8,1,1,0,4,1, , ,N,1,3,0,3,0,3,3,2,N, ,40 02:12.958,75 04:59.311,840, ,826, ,0, , , ,3, , , , , ,289238, , , ,2,2,0,0,0,0,0,0,0,0,0,3,3,0,0,0,0,0,0,1,0,0,0,0,0,0,0,0,0,0,0,0,0,0,0,4,0,40.0369,-75.0831, , 
 ,26840,2015043338,6,67,67301,2015,3,3,1908,19,3,2,1,7,2, , ,N,0,0,0,3,0,1,2,2,N,N,39 54:07.016,75 09:05.950,1915, ,1910,2,1,2,N, ,0,N, , , , ,289240, , , ,2,1,0,0,1,0,0,0,0,0,0,1,1,0,0,0,0,0,0,0,0,0,0,0,0,0,0,0,0,0,0,0,0,0,0,4,0,39.9019,-75.1517, , 
 ,26841,2015045385,6,67,67301,2015,4,3,830,8,1,1,0,4,1, , ,N,1,3,0,3,0,1,2,2,N, ,39 58:24.150,75 09:00.838,915, ,910, ,0, , , ,3, , , , , ,289242, , , ,1,1,0,0,0,0,0,0,1,0,0,1,1,0,0,0,0,0,0,0,0,0,0,0,0,0,0,0,0,0,0,0,0,0,0,4,0,39.9734,-75.1502, , 
 ,26842,2015011930,6,67,67301,2015,1,3,253,2,3,1,0,7,2, , ,N,0,0,0,3,0,1,1,1,N,N,39 56:39.216,75 11:30.872,254, ,254,1,2,3,N, ,0,N, , , , ,289257, , , ,1,1,0,0,0,0,0,0,0,0,1,0,1,0,0,0,0,0,0,0,0,0,0,0,0,0,0,0,0,0,0,0,0,0,0,3,0,39.9442,-75.1919, , 
 ,26843,2015012391,6,67,67301,2015,1,3,800,8,1,1,0,8,1, , ,N,1,2,0,3,0,1,2,2,N,N,40 01:13.862,75 03:13.412,808, ,805, ,0, ,N, ,3, , , , , ,289258, , , ,1,0,0,0,1,0,0,0,0,0,0,1,1,0,0,0,0,0,0,0,0,0,0,0,0,0,0,0,0,0,0,0,1,0,0,4,0,40.0205,-75.0537, , 
 ,26844,2015021917,6,67,67301,2015,2,4,2039,20,3,1,0,4,1, , ,N,1,3,0,3,0,0,5,2,N,N,39 56:49.772,75 14:16.169,2039, ,2039,3,1,2, , ,3,N, , , , ,293127, , , ,2,1,1,0,0,0,0,0,0,0,0,0,0,0,1,0,0,0,0,0,0,0,0,0,0,0,0,0,0,0,0,0,0,0,0,9,0,39.9472,-75.2378, , 