wz_ln_closure,objectid_1,crn,district,county,municipality,crash_year,crash_month,day_of_week,time_of_day,hour_of_day,illumination,weather,road_condition,collision_type,relation_to_road,work_zone_type,work_zone_loc,work_zone_ind,intersect_type,tcd_type,location_type,urban_rural,fatal_count,injury_count,person_count,total_units,sch_bus_ind,sch_zone_ind,latitude,longitude,arrival_tm,cons_zone_spd_lim,dispatch_tm,est_hrs_closed,lane_closed,ln_close_dir,ntfy_hiwy_maint,spec_juris_cd,tcd_func_cd,tfc_detour_ind,workers_pres,wz_close_detour,wz_flagger,wz_law_offcr_ind,objectid,wz_moving,wz_other,wz_shlder_mdn,vehicle_count,automobile_count,motorcycle_count,bus_count,small_truck_count,heavy_truck_count,suv_count,van_count,bicycle_count,maj_inj_count,mod_inj_count,min_inj_count,tot_inj_count,unk_inj_deg_count,unk_inj_per_count,driver_count_16yr,driver_count_17yr,driver_count_18yr,driver_count_19yr,driver_count_20yr,driver_count_50_64yr,driver_count_65_74yr,driver_count_75plus,unbelted_occ_count,unb_death_count,unb_maj_inj_count,belted_death_count,belted_maj_inj_count,mcycle_death_count,mcycle_maj_inj_count,bicycle_death_count,bicycle_maj_inj_count,ped_count,ped_death_count,ped_maj_inj_count,max_severity_level,comm_veh_count,dec_lat,dec_long,rdwy_surf_type_cd,county_name
 ,26912,2015070586,6,67,67301,2015,6,2,2330,23,3,1,0,5,1, , ,N,3,0,0,3,0,1,2,2,N, ,40 04:45.445,74 57:55.711,2338, ,2337, ,0, , , ,0, , , , , ,289496, , , ,2,1,0,0,0,0,1,0,0,0,0,1,1,0,0,0,0,0,1,0,0,0,0,0,0,0,0,0,0,0,0,0,0,0,0,4,0,40.0793,-74.9655, , 
 ,26913,2015072862,6,67,67301,2015,6,1,2145,21,3,1,0,1,1, , ,N,0,0,0,3,0,2,3,3,N,N,39 57:28.072,75 13:56.093,2155, ,2149,3,1,4,N, ,0,N, , , , ,289499, , , ,3,2,0,0,0,0,1,0,0,0,0,2,2,0,0,0,0,0,0,0,1,0,0,0,0,0,0,0,0,0,0,0,0,0,0,4,0,39.9578,-75.2322, , 
 ,26914,2015092934,6,67,67301,2015,8,6,700,7,1,1,0,5,6, , ,N,0,0,0,3,0,0,1,3,N,N,39 58:30.075,75 10:23.019,708, ,705, ,0, , , ,0, , , , , ,289515, , , ,3,2,0,0,0,0,0,1,0,0,0,0,0,0,0,0,0,0,1,0,0,0,0,0,0,0,0,0,0,0,0,0,0,0,0,0,0,39.975,-75.1731, , 
 ,26915,2015117600,6,67,67301,2015,10,6,2208,22,3,1,0,4,1, , ,N,1,3,0,3,0,1,2,2,N,N,39 57:45.190,75 13:57.158,2214, ,2212, ,0, ,N, ,3, , , , , ,289531, , , ,1,0,0,0,0,1,0,0,1,0,0,1,1,0,0,0,0,0,0,0,1,0,0,1,0,0,0,0,0,0,0,0,0,0,0,4,1,39.9626,-75.2325, , 
 ,26916,2015061798,6,67,67301,2015,5,1,1819,18,1,1,0,1,1, , ,N,1,2,0,3,0,2,4,2,N, ,40 01:21.348,75 03:09.739,1825, ,1820,1,1,4, , ,3,N, , , , ,293482, , , ,2,1,0,0,0,0,1,0,0,0,0,2,2,0,0,0,0,0,0,0,0,0,0,0,0,0,0,0,0,0,0,0,0,0,0,4,0,40.0226,-75.0527, , 
Y,26917,2015068944,6,67,67301,2015,6,1,1812,18,1,1,0,4,1,1,4,Y,0,0,0,3,0,0,2,2,N,N,40 01:57.849,75 01:15.529,1831,45,1813, ,0, ,N, ,0, ,N,N,N,N,293487,N,N,N,2,0,0,0,0,0,2,0,0,0,0,0,0,0,0,0,0,0,0,0,0,0,0,0,0,0,0,0,0,0,0,0,0,0,0,0,0,40.0327,-75.021, , 
 ,26918,2015025100,6,67,67301,2015,2,7,2150,21,3,4,3,7,4, , ,N,0,0,0,3,0,2,4,1,N,N,40 02:15.471,75 09:30.542,2200, ,2156,1,1,4,N, ,0,N, , , , ,293516, , , ,1,1,0,0,0,0,0,0,0,0,0,0,2,2,0,0,0,0,0,1,0,0,0,0,0,0,0,0,0,0,0,0,0,0,0,8,0,40.0376,-75.1585, , 
 ,26919,2015021383,6,67,67301,2015,1,1,711,7,1,3,6,7,4, , ,N,0,0,0,3,0,1,1,1,N,N,40 06:24.382,75 02:13.768,711, ,711, ,0, ,N, ,0, , , , , ,293554, , , ,1,1,0,0,0,0,0,0,0,0,0,1,1,0,0,0,0,0,0,0,0,0,0,0,0,0,0,0,0,0,0,0,0,0,0,4,0,40.1068,-75.0372, , 
 ,26920,2015049146,6,67,67301,2015,4,7,2135,21,3,1,0,4,1, , ,N,1,2,0,3,0,1,2,2,N,N,39 56:13.855,75 09:41.371,2222, ,2219, ,0, ,N, ,3, , , , , ,293576, , , ,2,1,1,0,0,0,0,0,0,0,1,0,1,0,0,0,0,0,0,0,0,0,0,0,0,0,0,0,0,0,0,0,0,0,0,3,0,39.9372,-75.1615, , 
 ,26921,2015053924,6,67,67301,2015,5,5,1920,19,1,1,0,1,1, , ,N,0,0,0,3,0,1,3,2,N,N,40 01:37.555,75 07:15.788,1950, ,1940, ,0, ,N, ,0, , , , , ,293584, , , ,2,0,0,0,0,1,1,0,0,0,0,1,1,0,0,0,0,0,0,0,0,0,0,0,0,0,0,0,0,0,0,0,0,0,0,4,1,40.0271,-75.1211, , 
 ,26922,2015036625,6,67,67301,2015,3,7,1940,19,3,2,1,8,1, , ,N,1,2,0,3,0,1,4,4,N,N,40 01:59.691,75 02:15.936,1943, ,1942, ,0, ,N, ,3, , , , , ,293619, , , ,1,1,0,0,0,0,0,0,0,0,0,0,1,1,2,0,0,0,0,0,0,0,0,0,0,0,0,0,0,0,0,0,3,0,0,8,0,40.0332,-75.0378, , 
 ,26923,2015040567,6,67,67301,2015,3,1,328,3,3,1,0,4,1, , ,N,1,2,0,3,0,3,5,3,N,N,40 02:30.933,75 07:26.313,332, ,328, ,0, ,N, ,3, , , , , ,293622, , , ,3,3,0,0,0,0,0,0,0,0,0,2,3,1,0,0,0,0,0,0,0,0,0,0,0,0,0,0,0,0,0,0,0,0,0,4,0,40.0419,-75.124, , 
 ,26924,2015042767,6,67,67301,2015,4,7,200,2,3,2,1,1,1, , ,N,5,2,1,3,0,1,2,2,N,N,39 59:19.892,75 07:38.391,209, ,209,1,1,4,N, ,3,N, , , , ,293625, , , ,2,1,0,0,0,0,1,0,0,0,0,1,1,0,0,0,0,0,0,0,2,0,0,0,0,0,0,0,0,0,0,0,0,0,0,4,0,39.9889,-75.1273, , 
 ,26925,2015049145,6,67,67301,2015,4,1,1644,16,1,1,0,5,6, , ,N,0,0,0,3,0,0,3,2,N,N,39 57:25.108,75 14:52.588,1650, ,1646, ,0, , , ,0, , , , , ,293629, , , ,2,2,0,0,0,0,0,0,0,0,0,0,0,0,0,0,0,0,0,0,1,0,0,0,0,0,0,0,0,0,0,0,0,0,0,0,0,39.957,-75.2479, , 
 ,26926,2015015607,6,67,67301,2015,1,5,820,8,1,2,1,1,1, , ,N,0,2,0,3,0,1,4,2,N,N,40 07:07.775,75 00:24.305,835, ,821, ,0, ,N, ,3, , , , , ,293644, , , ,2,1,0,0,0,0,1,0,0,0,0,1,1,0,0,0,0,0,1,0,0,0,1,0,0,0,0,0,0,0,0,0,0,0,0,4,0,40.1188,-75.0068, , 
 ,26927,2015035185,6,67,67301,2015,3,1,2054,20,3,4,5,7,4, , ,N,0,0,0,3,0,1,1,1,N,N,39 59:46.285,75 12:06.664,2133, ,2108, ,0, , , ,0, , , , , ,293661, , , ,1,1,0,0,0,0,0,0,0,0,1,0,1,0,0,0,0,1,0,0,0,0,0,0,0,0,0,0,0,0,0,0,0,0,0,3,0,39.9962,-75.2019, , 
 ,26928,2015038640,6,67,67301,2015,3,2,1822,18,1,1,0,8,1, , ,N,0,0,0,3,0,1,2,2,N, ,39 57:49.846,75 13:09.368,1836, ,1824, ,0, , , ,0, , , , , ,293662, , , ,1,1,0,0,0,0,0,0,0,0,0,0,1,1,0,0,0,0,0,0,0,0,0,0,0,0,0,0,0,0,0,0,1,0,0,8,0,39.9638,-75.2193, , 
 ,26929,2015012403,6,67,67301,2015,1,3,1240,12,1,1,0,4,1, , ,N,1,2,0,3,0,1,2,2,N,N,40 02:34.612,75 07:11.211,1339, ,1325, ,0, ,N, ,3, , , , , ,293692, , , ,2,0,0,0,0,0,1,1,0,0,0,1,1,0,0,0,0,0,1,0,1,0,0,0,0,0,0,0,0,0,0,0,0,0,0,4,0,40.0429,-75.1198, , 
 ,26930,2015050055,6,67,67301,2015,4,6,2003,20,3,1,0,7,4, , ,N,6,0,2,3,0,0,1,1,N,N,39 57:06.151,75 08:29.297,2010, ,2003,1,2,1,N, ,0,N, , , , ,293722, , , ,1,1,0,0,0,0,0,0,0,0,0,0,0,0,0,0,0,0,0,0,0,0,0,0,0,0,0,0,0,0,0,0,0,0,0,0,0,39.9517,-75.1415, , 
 ,26931,2015053994,6,67,67301,2015,5,7,954,9,1,1,1,8,1, , ,N,0,0,0,3,0,1,2,2,N,N,39 59:33.244,75 08:53.170,1012, ,1006, ,0, ,N, ,0, , , , , ,293726, , , ,1,1,0,0,0,0,0,0,0,0,0,1,1,0,1,0,0,0,0,0,0,0,0,0,0,0,0,0,0,0,0,0,1,0,0,4,0,39.9926,-75.1481, , 
 ,26932,2015070161,6,67,67301,2015,6,3,1826,18,1,1,0,4,1, , ,N,1,2,0,3,0,1,6,2,N,N,39 55:11.426,75 13:39.075,1830, ,1828,2,2,5,N, ,3,Y, , , , ,293752, , , ,2,1,0,0,0,0,1,0,0,0,0,0,1,1,1,0,0,0,0,0,0,0,0,0,0,0,0,0,0,0,0,0,0,0,0,8,0,39.9198,-75.2275, , 
 ,26933,2015075750,6,67,67301,2015,7,4,652,6,8,1,0,7,4, , ,N,0,0,0,3,0,1,2,1,N,N,40 00:42.166,75 08:02.731,830, ,800, ,0, ,N, ,0, , , , , ,293761, , , ,1,0,0,0,0,0,1,0,0,0,0,1,1,0,0,0,0,0,0,0,0,0,0,0,0,0,0,0,0,0,0,0,0,0,0,4,0,40.0117,-75.1341, , 
 ,26934,2015042778,6,67,67301,2015,4,7,2300,23,3,1,0,5,1, , ,N,0,0,0,3,0,0,5,2,N, ,39 57:19.590,75 12:02.478,48, ,45, ,0, , , ,0, , , , , ,296517, , , ,2,2,0,0,0,0,0,0,0,0,0,0,0,0,0,0,0,0,1,0,0,0,0,0,0,0,0,0,0,0,0,0,0,0,0,0,0,39.9554,-75.2007, , 
 ,26935,2015049113,6,67,67301,2015,4,4,1623,16,1,2,1,4,1, , ,N,5,2,0,3,0,1,2,2,N,N,40 00:01.004,75 06:23.097,1630, ,1629, ,0, ,N, ,3, , , , , ,296527, , , ,1,0,0,0,0,0,1,0,1,0,0,1,1,0,0,0,0,0,0,0,1,0,0,0,0,0,0,0,0,0,0,0,0,0,0,4,0,40.0003,-75.1064, , 
 ,26936,2015018007,6,67,67301,2015,2,6,1804,18,3,1,0,1,1, , ,N,6,0,2,3,0,3,3,3,N,N,40 01:40.821,75 01:27.042,1837, ,1805, ,0, ,N, ,0, , , , , ,296543, , , ,3,3,0,0,0,0,0,0,0,0,0,0,3,3,0,0,0,0,0,0,0,0,1,1,0,0,0,0,0,0,0,0,0,0,0,8,0,40.028,-75.0242, , 
 ,26937,2015020726,6,67,67301,2015,1,7,1,0,3,1,0,4,1, , ,N,5,2,2,3,0,6,7,2,N,N,39 57:27.736,75 09:44.915,10, ,6,3,1,3, , ,3,Y, , , , ,296545, , , ,2,0,0,0,1,0,1,0,0,0,0,6,6,0,0,0,0,0,1,0,0,0,0,2,0,0,0,0,0,0,0,0,0,0,0,4,0,39.9577,-75.1624, , 
 ,26938,2015028873,6,67,67301,2015,2,4,649,6,1,1,1,1,1, , ,N,0,0,0,3,0,1,4,3,N,N,39 55:10.332,75 13:30.475,714, ,649,1,1,6, , ,0,N, , , , ,296552, , , ,2,0,0,0,0,0,1,1,0,0,0,0,1,1,0,0,0,0,0,0,1,0,0,0,0,0,0,0,0,0,0,0,0,0,0,8,0,39.9195,-75.2251, , 
 ,26939,2015035135,6,67,67301,2015,3,2,1245,12,1,1,0,1,1, , ,N,2,2,2,3,0,1,3,2,N,N,39 53:01.171,75 15:05.812,1305, ,1253, ,0, ,N, ,1, , , , , ,296557, , , ,2,1,0,0,0,0,1,0,0,0,0,0,1,1,0,0,0,0,0,0,1,0,0,0,0,0,0,0,0,0,0,0,0,0,0,8,0,39.8836,-75.2515, , 
 ,26940,2015040943,6,67,67301,2015,3,6,150,1,3,1,0,5,6, , ,N,0,0,0,3,0,0,1,2,N,N,39 57:22.695,75 13:25.202,202, ,201, ,0, , , ,0, , , , , ,296560, , , ,2,1,0,0,0,0,1,0,0,0,0,0,0,0,0,0,0,0,0,0,0,0,0,0,0,0,0,0,0,0,0,0,0,0,0,0,0,39.9563,-75.2237, , 
 ,26941,2015047581,6,67,67301,2015,4,1,1318,13,1,1,0,4,1, , ,N,2,3,0,3,0,2,3,2,N,N,40 04:25.323,75 10:15.949,1408, ,1404,9,2,3,N, ,3,N, , , , ,296570, , , ,2,1,0,0,0,0,1,0,0,0,1,1,2,0,0,0,0,0,0,0,1,0,0,0,0,0,0,0,0,0,0,0,0,0,0,3,0,40.0737,-75.1711, , 
 ,26942,2015052403,6,67,67301,2015,5,6,1605,16,1,1,0,5,1, , ,N,0,0,0,3,0,0,2,2,N,N,39 59:33.430,75 12:03.066,1605, ,1605,1,1,4,N, ,0,N, , , , ,296573, , , ,2,1,0,0,0,0,1,0,0,0,0,0,0,0,0,0,0,0,0,0,0,1,0,0,0,0,0,0,0,0,0,0,0,0,0,0,0,39.9926,-75.2009, , 
 ,26943,2015017939,6,67,67301,2015,1,7,1940,19,3,1,0,8,1, , ,N,1,2,0,3,0,1,2,2,N,N,40 02:10.729,75 03:51.497,1950, ,1942,2,1,1,N, ,3,N, , , , ,296593, , , ,1,1,0,0,0,0,0,0,0,0,0,0,1,1,0,0,0,0,0,0,0,0,0,0,0,0,0,0,0,0,0,0,1,0,0,8,0,40.0363,-75.0643, , 
 ,26944,2015049137,6,67,67301,2015,4,7,902,9,1,1,0,4,1, , ,N,1,2,0,3,0,1,3,2,N,Y,40 04:25.766,75 10:23.397,905, ,902,9,2,3,N, ,3,N, , , , ,296622, , , ,2,0,0,0,0,0,1,1,0,0,0,0,1,1,0,0,0,0,0,0,0,0,0,0,0,0,0,0,0,0,0,0,0,0,0,8,0,40.0738,-75.1732, , 
 ,26945,2015009606,6,67,67301,2015,1,1,100,1,3,1,0,7,4, , ,N,0,0,0,3,0,0,2,2,N,N,39 56:49.229,75 08:29.099,110, ,106,1,1,1,N, ,0,Y, , , , ,296632, , , ,1,1,0,0,0,0,0,0,0,0,0,0,0,0,0,0,0,0,0,0,0,0,0,0,0,0,0,0,0,0,0,0,0,0,0,0,0,39.947,-75.1414, , 
 ,26946,2015012712,6,67,67301,2015,1,7,2253,22,3,1,0,7,4, , ,N,0,0,0,3,0,0,2,1,N,N,40 02:48.265,75 03:08.785,2302, ,2253,1,1,2,N, ,0,N, , , , ,296637, , , ,1,1,0,0,0,0,0,0,0,0,0,0,0,0,0,0,0,0,0,1,0,0,0,0,0,0,0,0,0,0,0,0,0,0,0,0,0,40.0467,-75.0524, , 
 ,26947,2015025053,6,67,67301,2015,2,5,1625,16,1,1,0,8,1, , ,N,2,0,0,3,0,1,2,2,N,N,39 55:30.680,75 11:08.699,1634, ,1629, ,0, ,N, ,0, , , , , ,296649, , , ,1,1,0,0,0,0,0,0,0,0,1,0,1,0,0,0,0,0,0,0,0,0,0,0,0,0,0,0,0,0,0,0,1,0,0,3,0,39.9252,-75.1857, , 
 ,26948,2015056512,6,67,67301,2015,5,2,1847,18,1,1,0,4,1, , ,N,1,2,0,3,0,0,3,2,N,N,40 01:30.104,75 08:20.432,1847, ,1847,9,1,2,N, ,3,N, , , , ,296673, , , ,2,1,1,0,0,0,0,0,0,0,0,0,0,0,2,0,0,0,0,0,0,0,0,0,0,0,0,0,0,0,0,0,0,0,0,9,0,40.025,-75.139, , 
 ,26949,2015005462,6,67,67301,2015,1,2,1315,13,1,2,1,0,1, , ,N,0,0,2,3,0,0,1,1,N,N,39 57:16.868,75 08:56.572,1330, ,1325,4,1,3,N, ,0,Y, , , , ,296676, , , ,1,0,0,0,0,1,0,0,0,0,0,0,0,0,0,0,0,0,0,0,0,0,0,0,0,0,0,0,0,0,0,0,0,0,0,0,1,39.9547,-75.149, , 
 ,26950,2015036651,6,67,67301,2015,3,4,625,6,5,1,1,8,1, , ,N,1,2,0,3,0,1,2,2,N, ,39 59:20.627,75 05:22.626,645, ,645, ,0, , , ,3, , , , , ,296700, , , ,1,1,0,0,0,0,0,0,0,0,1,0,1,0,0,0,0,0,0,0,0,0,0,0,0,0,0,0,0,0,0,0,1,0,0,3,0,39.9891,-75.0896, , 
 ,26951,2015047525,6,67,67301,2015,4,7,954,9,1,1,0,8,1, , ,N,1,2,0,3,0,1,2,2,N,N,39 57:13.102,75 11:55.145,958, ,956, ,0, ,N, ,3, , , , , ,296708, , , ,1,0,0,0,0,0,0,1,0,0,1,0,1,0,0,0,0,0,0,0,1,0,0,0,0,0,0,0,0,0,0,0,1,0,0,3,0,39.9536,-75.1986, , 
 ,26952,2015012352,6,67,67301,2015,1,5,829,8,1,1,1,1,1, , ,N,0,0,0,3,0,1,5,3,N,N,40 00:38.038,75 09:03.434,840, ,829, ,0, ,N, ,0, , , , , ,285836, , , ,3,3,0,0,0,0,0,0,0,0,0,0,1,1,0,0,0,0,0,1,0,0,0,1,0,0,0,0,0,0,0,0,0,0,0,8,0,40.0106,-75.151, , 
 ,26953,2015030566,6,67,67301,2015,2,7,2235,22,3,1,0,4,1, , ,N,2,3,0,3,0,2,5,2,N, ,39 55:19.599,75 14:12.134,2240, ,2237, ,0, , , ,3, , , , , ,285850, , , ,2,1,0,0,0,0,0,1,0,0,0,0,2,2,0,0,0,0,0,0,0,0,0,1,0,0,0,0,0,0,0,0,0,0,0,8,0,39.9221,-75.2367, , 
 ,26954,2015031043,6,67,67301,2015,2,7,445,4,3,1,0,5,6, , ,N,0,0,0,3,0,0,1,3,N,N,40 03:12.462,75 11:48.034,445, ,445, ,0, , , ,0, , , , , ,285851, , , ,3,2,0,0,0,0,1,0,0,0,0,0,0,0,0,0,0,0,0,0,0,0,0,0,0,0,0,0,0,0,0,0,0,0,0,0,0,40.0535,-75.1967, , 
 ,26955,2015054389,6,67,67301,2015,5,2,1245,12,1,1,0,4,1, , ,N,1,2,0,3,0,4,5,2,N,N,39 59:28.770,75 10:14.944,1303, ,1303, ,0, ,N, ,3, , , , , ,285874, , , ,2,2,0,0,0,0,0,0,0,0,0,0,4,4,0,0,0,0,0,0,0,0,0,0,0,0,0,0,0,0,0,0,0,0,0,8,0,39.9913,-75.1708, , 
 ,26956,2015009693,6,67,67301,2015,1,3,922,9,1,4,3,7,4, , ,N,2,0,0,3,0,0,1,2,N, ,40 03:31.678,75 05:11.607,952, ,946, ,0, , , ,0, , , , , ,285886, , , ,1,1,0,0,0,0,0,0,0,0,0,0,0,0,0,0,0,0,0,0,0,0,0,0,0,0,0,0,0,0,0,0,0,0,0,0,0,40.0588,-75.0866, , 
 ,26957,2015015983,6,67,67301,2015,1,1,628,6,5,8,6,7,4, , ,N,0,0,0,3,0,1,1,1,N,N,40 02:47.362,75 00:03.722,706, ,704,1,1,1,N, ,0,N, , , , ,285894, , , ,1,1,0,0,0,0,0,0,0,0,0,1,1,0,0,0,0,0,0,0,0,0,0,0,0,0,0,0,0,0,0,0,0,0,0,4,0,40.0465,-75.001, , 
 ,26958,2015018944,6,67,67301,2015,1,7,1826,18,3,1,0,8,1, , ,N,0,0,0,3,0,1,2,2,N,N,39 56:58.020,75 09:09.267,1827, ,1826, ,0, ,N, ,0, , , , , ,285899, , , ,1,1,0,0,0,0,0,0,0,0,0,1,1,0,0,0,0,0,0,0,1,0,0,0,0,0,0,0,0,0,0,0,1,0,0,4,0,39.9495,-75.1526, , 
 ,26959,2015034157,6,67,67301,2015,3,5,2248,22,3,4,1,7,4, , ,N,0,0,0,3,0,0,3,2,N, ,39 58:35.140,75 11:42.930,2255, ,2250, ,0, , , ,0, , , , , ,285915, , , ,1,1,0,0,0,0,0,0,0,0,0,0,0,0,0,0,0,0,0,0,1,0,0,0,0,0,0,0,0,0,0,0,0,0,0,0,0,39.9764,-75.1953, , 
 ,26960,2015036665,6,67,67301,2015,3,5,1807,18,1,1,0,5,1, , ,N,2,0,0,3,0,1,2,2,N,N,40 03:01.973,75 03:02.661,1812, ,1808,1,2,1,N, ,0,Y, , , , ,285920, , , ,2,1,1,0,0,0,0,0,0,0,0,1,1,0,0,0,0,0,0,0,1,0,0,0,0,0,0,0,0,0,0,0,0,0,0,4,0,40.0505,-75.0507, , 
 ,26961,2015010701,6,67,67301,2015,1,7,2328,23,3,2,1,4,1, , ,N,1,3,0,3,0,1,2,2,N, ,39 56:40.959,75 13:06.473,2339, ,2333,2,1,4, , ,3,N, , , , ,285934, , , ,2,1,0,0,0,0,0,1,0,0,0,0,1,1,0,0,0,0,0,0,0,0,0,0,0,0,0,0,0,0,0,0,0,0,0,8,0,39.9447,-75.2185, , 
 ,26962,2015038689,6,67,67301,2015,3,6,1226,12,1,4,4,1,1, , ,N,0,0,0,3,0,1,2,3,N,N,40 04:05.639,75 02:25.159,1230, ,1227,2,2,2,N, ,0,Y, , , , ,285961, , , ,3,2,0,0,0,0,1,0,0,0,0,1,1,0,0,0,0,0,0,0,1,0,0,0,0,0,0,0,0,0,0,0,0,0,0,4,0,40.0682,-75.0403, , 
 ,26963,2015042861,6,67,67301,2015,4,1,117,1,3,1,0,4,1, , ,N,2,3,0,3,0,0,3,2,N,N,39 55:38.416,75 09:14.331,117, ,117, ,0, ,N, ,3, , , , , ,285965, , , ,2,1,0,0,0,0,1,0,0,0,0,0,0,0,0,0,0,0,0,0,0,0,0,0,0,0,0,0,0,0,0,0,0,0,0,0,0,39.9273,-75.154, , 
 ,26964,2015042869,6,67,67301,2015,4,5,653,6,1,8,0,4,1, , ,N,1,2,0,3,0,0,3,2,N,N,40 00:03.096,75 06:37.169,728, ,708, ,0, ,N, ,3, , , , , ,285966, , , ,2,0,0,0,0,0,1,1,0,0,0,0,0,0,0,0,0,0,0,0,0,0,0,0,0,0,0,0,0,0,0,0,0,0,0,0,0,40.0009,-75.1103, , 
 ,26965,2015009665,6,67,67301,2015,1,4,940,9,1,4,5,1,1, , ,N,1,3,0,3,0,1,5,2,N,N,39 59:27.484,75 07:54.928,1005, ,955, ,0, , , ,3, , , , , ,285978, , , ,2,2,0,0,0,0,0,0,0,0,0,1,1,0,0,0,0,0,0,0,0,0,0,5,0,0,0,0,0,0,0,0,0,0,0,4,0,39.991,-75.1319, , 
 ,26966,2015021904,6,67,67301,2015,2,2,450,4,3,2,1,4,1, , ,N,3,2,7,3,0,1,5,2,N,N,40 03:28.841,75 08:20.620,503, ,457,1,2,4,N, ,3,Y, , , , ,285991, , , ,2,0,0,0,0,1,1,0,0,0,0,1,1,0,0,0,0,0,0,0,1,0,0,0,0,0,0,0,0,0,0,0,0,0,0,4,0,40.0581,-75.139, , 
 ,26967,2015031583,6,67,67301,2015,3,1,1306,13,1,3,4,5,1, , ,N,0,8,0,3,0,0,3,2,N,N,39 56:38.622,75 11:31.475,1323, ,1306,1,2,3,N, ,3,N, , , , ,286008, , , ,2,2,0,0,0,0,0,0,0,0,0,0,0,0,0,0,0,0,0,0,0,1,0,0,0,0,0,0,0,0,0,0,0,0,0,0,0,39.9441,-75.1921, , 
 ,26968,2015036557,6,67,67301,2015,3,5,2000,20,2,1,0,4,1, , ,N,2,2,0,3,0,1,2,2,N, ,40 02:25.153,75 12:51.058,2005, ,2000, ,0, , , ,3, , , , , ,286013, , , ,2,2,0,0,0,0,0,0,0,0,0,1,1,0,1,0,0,0,0,0,0,1,0,0,0,0,0,0,0,0,0,0,0,0,0,4,0,40.0403,-75.2142, , 
N,26969,2015056625,6,67,67301,2015,4,1,55,0,3,1,0,7,2,1,4,Y,0,0,0,3,0,0,1,1,N,N,39 58:07.699,75 07:40.098,55,45,55,2,2,1,N, ,0,N,N,N,N,N,286034,N,N,Y,1,1,0,0,0,0,0,0,0,0,0,0,0,0,1,0,0,0,0,0,0,0,0,0,0,0,0,0,0,0,0,0,0,0,0,9,0,39.9688,-75.1278, , 
 ,26970,2015118145,6,67,67301,2015,10,1,602,6,3,2,1,1,1, , ,N,0,0,0,3,0,1,2,2,N, ,40 04:36.522,75 03:16.582,724, ,701, ,0, , , ,0, , , , , ,289532, , , ,2,1,0,0,0,0,0,0,0,0,0,0,1,1,0,0,0,0,0,0,0,0,0,0,0,0,0,0,0,0,0,0,0,0,0,8,0,40.0768,-75.0546, , 
 ,26971,2015061382,6,67,67301,2015,5,4,1420,14,1,1,1,2,1, , ,N,0,0,0,3,0,1,2,2,N,N,39 57:50.443,75 14:24.939,1424, ,1424, ,0, ,N, ,0, , , , , ,289537, , , ,2,1,1,0,0,0,0,0,0,0,0,1,1,0,0,0,0,0,0,0,0,0,0,0,0,0,0,0,0,0,0,0,0,0,0,4,0,39.964,-75.2403, , 
 ,26972,2015020867,6,67,67301,2015,1,7,1015,10,1,2,1,4,1, , ,N,0,0,7,3,0,0,2,2,N,N,39 57:07.793,75 10:27.684,1022, ,1019, ,0, ,N, ,0, , , , , ,289546, , , ,2,1,0,0,0,0,0,1,0,0,0,0,0,0,0,0,0,0,0,0,0,0,0,0,0,0,0,0,0,0,0,0,0,0,0,0,0,39.9522,-75.1744, , 
 ,26973,2015025018,6,67,67301,2015,2,6,817,8,1,1,0,8,1, , ,N,1,2,0,3,0,1,2,2,N,N,40 02:43.041,75 03:38.484,824, ,819, ,0, ,N, ,3, , , , , ,289551, , , ,1,1,0,0,0,0,0,0,0,0,0,1,1,0,0,0,0,0,1,0,0,0,0,0,0,0,0,0,0,0,0,0,1,0,0,4,0,40.0453,-75.0607, , 
 ,26974,2015060729,6,67,67301,2015,6,6,2329,23,3,1,0,7,7, , ,N,7,0,0,3,0,4,4,1,N,N,40 00:12.647,75 04:38.645,2344, ,2330,1,2,2,N, ,0,N, , , , ,289581, , , ,1,1,0,0,0,0,0,0,0,0,0,4,4,0,0,0,0,0,0,0,0,0,0,1,0,0,0,0,0,0,0,0,0,0,0,4,0,40.0035,-75.0774, , 
 ,26975,2015066272,6,67,67301,2015,6,5,9999,99,1,1,0,1,1, , ,N,0,2,0,3,0,1,4,4,N, ,39 58:50.835,75 13:28.084,9999, ,9999,2,1,1, , ,3,N, , , , ,289583, , , ,4,2,0,0,0,0,2,0,0,0,0,1,1,0,0,0,0,0,0,0,2,0,0,0,0,0,0,0,0,0,0,0,0,0,0,4,0,39.9808,-75.2245, , 
 ,26976,2015059102,6,67,67301,2015,5,5,1750,17,1,2,1,6,1, , ,N,0,0,0,3,0,2,4,5,N, ,40 02:02.426,75 07:51.723,1801, ,1800, ,0, , , ,0, , , , , ,289637, , , ,5,4,0,0,0,0,1,0,0,0,0,2,2,0,0,0,0,0,0,0,0,0,0,0,0,0,0,0,0,0,0,0,0,0,0,4,0,40.034,-75.131, , 
 ,26977,2015067277,6,67,67301,2015,6,4,1010,10,1,1,0,1,1, , ,N,7,0,0,3,0,0,2,2,N,N,39 56:54.491,75 11:10.619,1122, ,1107, ,0, ,N, ,0, , , , , ,289643, , , ,2,1,0,0,1,0,0,0,0,0,0,0,0,0,0,0,0,0,0,0,0,0,0,0,0,0,0,0,0,0,0,0,0,0,0,0,0,39.9485,-75.1863, , 