wz_ln_closure,objectid_1,crn,district,county,municipality,crash_year,crash_month,day_of_week,time_of_day,hour_of_day,illumination,weather,road_condition,collision_type,relation_to_road,work_zone_type,work_zone_loc,work_zone_ind,intersect_type,tcd_type,location_type,urban_rural,fatal_count,injury_count,person_count,total_units,sch_bus_ind,sch_zone_ind,latitude,longitude,arrival_tm,cons_zone_spd_lim,dispatch_tm,est_hrs_closed,lane_closed,ln_close_dir,ntfy_hiwy_maint,spec_juris_cd,tcd_func_cd,tfc_detour_ind,workers_pres,wz_close_detour,wz_flagger,wz_law_offcr_ind,objectid,wz_moving,wz_other,wz_shlder_mdn,vehicle_count,automobile_count,motorcycle_count,bus_count,small_truck_count,heavy_truck_count,suv_count,van_count,bicycle_count,maj_inj_count,mod_inj_count,min_inj_count,tot_inj_count,unk_inj_deg_count,unk_inj_per_count,driver_count_16yr,driver_count_17yr,driver_count_18yr,driver_count_19yr,driver_count_20yr,driver_count_50_64yr,driver_count_65_74yr,driver_count_75plus,unbelted_occ_count,unb_death_count,unb_maj_inj_count,belted_death_count,belted_maj_inj_count,mcycle_death_count,mcycle_maj_inj_count,bicycle_death_count,bicycle_maj_inj_count,ped_count,ped_death_count,ped_maj_inj_count,max_severity_level,comm_veh_count,dec_lat,dec_long,rdwy_surf_type_cd,county_name
 ,27377,2015073637,6,67,67301,2015,6,5,9999,99,3,2,1,4,1, , ,N,1,2,0,3,0,1,2,2,N, ,39 58:44.043,75 09:34.387,2320, ,2318, ,0, , , ,3, , , , , ,335380, , , ,2,2,0,0,0,0,0,0,0,0,0,0,1,1,1,0,0,0,0,0,0,0,0,0,0,0,0,0,0,0,0,0,0,0,0,8,0,39.9789,-75.1594, , 
 ,27378,2015106437,6,67,67301,2015,9,1,1813,18,4,8,0,4,1, , ,N,1,2,0,3,0,0,2,2,N, ,40 01:28.513,75 07:23.473,1836, ,1838, ,0, , , ,3, , , , , ,335398, , , ,2,1,0,0,0,0,0,1,0,0,0,0,0,0,0,0,0,0,0,0,2,0,0,0,0,0,0,0,0,0,0,0,0,0,0,0,0,40.0246,-75.1232, , 
 ,27379,2015106473,6,67,67301,2015,9,3,1805,18,1,1,0,5,1, , ,N,0,0,0,3,0,1,2,2,N,N,39 59:53.428,75 07:53.078,1823, ,1818, ,0, ,N, ,0, , , , , ,335399, , , ,1,0,0,0,0,0,1,0,1,0,0,1,1,0,1,0,0,0,0,0,0,0,0,1,0,0,0,0,0,0,0,0,0,0,0,4,0,39.9982,-75.1314, , 
 ,27380,2015060728,6,67,67301,2015,6,5,1928,19,4,1,0,9,1, , ,N,0,0,0,3,0,1,2,2,N,N,40 02:02.703,75 01:10.042,1955, ,1939, ,0, ,N, ,0, , , , , ,335414, , , ,2,2,0,0,0,0,0,0,0,0,0,1,1,0,0,0,0,0,0,1,0,0,0,0,0,0,0,0,0,0,0,0,0,0,0,4,0,40.0341,-75.0195, , 
 ,27381,2015064828,6,46,46102,2015,6,1,2052,20,3,1,0,4,1, , ,N,0,0,7,3,0,2,4,2,N,N,40 03:51.333,75 08:27.824,2056, ,2052, ,0, ,N, ,0, , , , , ,335419, , , ,2,0,0,0,0,0,1,1,0,0,0,0,2,2,0,0,0,0,1,0,0,0,0,0,0,0,0,0,0,0,0,0,0,0,0,8,0,40.0643,-75.1411, , 
 ,27382,2015074586,6,67,67301,2015,5,2,2150,21,3,1,0,4,1, , ,N,1,2,0,3,0,1,2,2,N,N,39 54:36.252,75 09:48.020,2340, ,2328,3,1,4,N, ,2,N, , , , ,335433, , , ,2,1,0,0,0,0,1,0,0,1,0,0,1,0,0,0,1,0,0,0,0,0,0,0,0,0,0,0,0,0,0,0,0,0,0,2,0,39.9101,-75.1633, , 
 ,27383,2015095359,6,67,67301,2015,9,6,425,4,3,1,0,7,2, , ,N,0,0,0,3,0,0,1,1,N,N,39 57:59.703,75 08:05.340,439, ,426, ,0, ,N, ,0, , , , , ,335449, , , ,1,1,0,0,0,0,0,0,0,0,0,0,0,0,0,0,0,0,0,0,0,0,0,0,0,0,0,0,0,0,0,0,0,0,0,0,0,39.9666,-75.1348, , 
 ,27384,2015105542,6,67,67301,2015,9,1,2330,23,3,1,0,4,1, , ,N,1,2,0,3,0,1,2,2,N,N,40 01:28.650,75 03:26.326,2155, ,2149, ,0, , , ,3, , , , , ,335460, , , ,1,1,0,0,0,0,0,0,1,0,0,0,1,1,1,0,0,0,0,0,0,0,0,0,0,0,0,0,0,0,0,0,0,0,0,8,0,40.0246,-75.0573, , 
 ,27385,2015118149,6,67,67301,2015,10,2,1225,12,1,1,0,4,1, , ,N,1,2,0,3,0,2,3,2,N,N,40 00:35.522,75 09:21.676,1230, ,1228, ,0, ,N, ,3, , , , , ,335467, , , ,2,2,0,0,0,0,0,0,0,0,0,0,2,2,0,0,0,0,0,0,0,1,0,0,0,0,0,0,0,0,0,0,0,0,0,8,0,40.0099,-75.156, , 
 ,27386,2015131264,6,67,67301,2015,11,6,625,6,1,1,0,4,1, , ,N,1,0,0,3,0,1,3,2,N,N,40 02:52.901,75 05:34.215,625, ,625, ,0, , , ,0, , , , , ,335472, , , ,2,1,0,0,1,0,0,0,0,0,0,1,1,0,0,0,0,0,0,0,1,0,0,0,0,0,0,0,0,0,0,0,0,0,0,4,0,40.048,-75.0928, , 
 ,27387,2015015149,6,67,67301,2015,2,1,38,0,3,1,0,1,1, , ,N,0,0,0,3,0,3,3,2,N,N,39 54:05.345,75 09:07.398,48, ,39,1,2,1,N, ,0,N, , , , ,335481, , , ,2,2,0,0,0,0,0,0,0,0,0,0,3,3,0,0,0,0,0,0,0,0,0,1,0,0,0,0,0,0,0,0,0,0,0,8,0,39.9015,-75.1521, , 
 ,27388,2015051992,6,67,67301,2015,5,7,1337,13,1,1,0,1,1, , ,N,1,2,0,3,0,1,3,3,N,N,40 04:09.505,75 00:26.083,1350, ,1338,3,2,2,N, ,3,N, , , , ,335522, , , ,3,1,0,0,0,0,1,1,0,0,0,0,1,1,0,0,0,0,0,0,0,0,0,0,0,0,0,0,0,0,0,0,0,0,0,8,0,40.0692,-75.0073, , 
 ,27389,2015061869,6,67,67301,2015,5,5,1357,13,1,1,0,4,1, , ,N,1,2,0,3,0,2,3,5,N,N,39 57:13.845,75 13:12.349,1401, ,1357, ,0, ,N, ,3, , , , , ,335528, , , ,5,3,0,0,0,0,2,0,0,0,0,2,2,0,0,0,0,0,0,0,1,1,0,0,0,0,0,0,0,0,0,0,0,0,0,4,0,39.9538,-75.2201, , 
 ,27390,2015095239,6,67,67301,2015,9,5,1000,10,1,1,0,1,1, , ,N,1,2,0,3,0,1,3,2,N,N,40 01:25.514,75 09:34.090,1012, ,1007,2,1,7,N, ,3,Y, , , , ,323888, , , ,2,0,0,0,0,1,1,0,0,0,1,0,1,0,0,0,0,0,0,0,1,0,0,0,0,0,0,0,0,0,0,0,0,0,0,3,1,40.0238,-75.1595, , 
 ,27391,2015108794,6,67,67301,2015,10,4,125,1,3,1,0,7,4, , ,N,1,0,0,3,0,0,1,3,N,N,40 02:23.222,75 07:27.404,136, ,131, ,0, ,N, ,0, , , , , ,323904, , , ,3,1,0,0,0,0,1,1,0,0,0,0,0,0,0,0,0,0,0,0,0,0,0,0,0,0,0,0,0,0,0,0,0,0,0,0,0,40.0398,-75.1243, , 
 ,27392,2015061806,6,67,67301,2015,5,2,935,9,1,1,0,8,1, , ,N,0,0,0,3,0,1,2,2,N,N,40 02:35.869,75 04:20.726,938, ,938,3,2,7,N, ,0,Y, , , , ,323907, , , ,1,0,0,0,1,0,0,0,0,0,1,0,1,0,0,0,0,0,0,0,0,0,0,0,0,0,0,0,0,0,0,0,1,0,0,3,0,40.0433,-75.0724, , 
 ,27393,2015130004,6,67,67301,2015,11,4,1200,12,1,1,0,5,1, , ,N,0,0,0,3,0,1,2,2,N,N,39 56:30.093,75 09:08.641,1515, ,1505, ,0, ,N, ,0, , , , , ,323987, , , ,1,0,0,0,0,0,0,0,1,0,0,1,1,0,0,0,0,0,0,0,0,0,0,0,0,0,0,0,0,0,0,0,0,0,0,4,0,39.9417,-75.1524, , 
 ,27394,2015131305,6,67,67301,2015,11,1,515,5,3,2,1,1,1, , ,N,2,2,0,3,0,2,3,2,N, ,39 55:59.902,75 08:36.154,520, ,515, ,0, , , ,3, , , , , ,323990, , , ,2,0,0,0,0,0,2,0,0,0,0,2,2,0,0,0,0,0,0,0,0,0,0,0,0,0,0,0,0,0,0,0,0,0,0,4,0,39.9333,-75.1434, , 
 ,27395,2015133747,6,67,67301,2015,12,3,9999,99,1,2,1,1,1, , ,N,0,0,0,3,0,0,2,2,N, ,39 58:16.784,75 13:36.199,0, ,9999, ,0, , , ,0, , , , , ,323996, , , ,2,1,0,0,1,0,0,0,0,0,0,0,0,0,0,0,0,0,0,0,1,0,0,1,0,0,0,0,0,0,0,0,0,0,0,0,0,39.9713,-75.2267, , 
 ,27396,2015134724,6,67,67301,2015,12,7,250,2,3,1,0,8,1, , ,N,2,0,0,3,0,2,3,5,N,N,40 01:01.993,75 03:56.571,258, ,253, ,0, , , ,0, , , , , ,323998, , , ,3,2,0,0,0,0,1,0,0,0,0,0,2,2,1,0,0,0,0,0,0,0,0,0,0,0,0,0,0,0,0,0,2,0,0,8,0,40.0172,-75.0657, , 
 ,27397,2015081148,6,67,67301,2015,7,5,1901,19,1,1,0,8,1, , ,N,1,2,0,3,0,1,3,2,N, ,40 07:07.965,75 01:05.114,1913, ,1903,2,1,2, , ,3,Y, , , , ,324010, , , ,1,1,0,0,0,0,0,0,0,0,0,0,1,1,0,0,0,0,0,0,1,0,0,1,0,0,0,0,0,0,0,0,1,0,0,8,0,40.1189,-75.018, , 
 ,27398,2015095235,6,67,67301,2015,9,4,1500,15,1,1,0,1,1, , ,N,1,2,0,3,0,2,6,3,N,N,40 01:02.601,75 06:58.834,1506, ,1500,2,1,4,N, ,3,N, , , , ,324024, , , ,3,3,0,0,0,0,0,0,0,0,0,2,2,0,0,0,0,0,0,0,1,0,0,0,0,0,0,0,0,0,0,0,0,0,0,4,0,40.0173,-75.1163, , 
 ,27399,2015117641,6,67,67301,2015,10,1,2332,23,3,1,0,1,1, , ,N,5,2,0,3,0,0,2,2,N,N,40 00:05.418,75 06:14.947,22, ,19, ,0, ,N, ,3, , , , , ,324040, , , ,2,1,0,0,0,0,1,0,0,0,0,0,0,0,0,0,0,0,0,0,0,0,0,0,0,0,0,0,0,0,0,0,0,0,0,0,0,40.0015,-75.1042, , 
 ,27400,2015130040,6,67,67301,2015,11,3,1346,13,1,1,0,4,1, , ,N,1,2,0,3,0,2,4,2,N, ,39 57:24.012,75 11:52.849,1405, ,1346, ,0, , , ,3, , , , , ,324049, , , ,2,1,0,0,0,0,0,1,0,0,0,2,2,0,0,0,0,0,0,0,1,0,0,0,0,0,0,0,0,0,0,0,0,0,0,4,0,39.9566,-75.198, , 
 ,27401,2015070145,6,67,67301,2015,6,6,1325,13,1,1,0,4,1, , ,N,1,2,0,3,0,1,2,2,N,N,39 56:34.767,75 09:36.842,1333, ,1328, ,0, , , ,3, , , , , ,324062, , , ,2,2,0,0,0,0,0,0,0,0,0,0,1,1,0,0,0,0,0,0,1,0,0,0,0,0,0,0,0,0,0,0,0,0,0,8,0,39.943,-75.1602, , 
 ,27402,2015070164,6,67,67301,2015,6,7,1032,10,1,1,0,4,1, , ,N,1,2,0,3,0,5,5,3,N,N,39 58:10.746,75 12:41.274,1036, ,1034, ,0, ,N, ,3, , , , , ,324063, , , ,3,1,0,0,0,0,1,0,0,0,0,1,5,4,0,0,0,0,0,0,0,0,0,0,0,0,0,0,0,0,0,0,0,0,0,4,0,39.9697,-75.2115, , 
 ,27403,2015077836,6,67,67301,2015,7,2,2126,21,3,1,0,1,1, , ,N,1,2,0,3,0,1,2,2,N,N,39 56:07.602,75 13:13.393,2130, ,2126, ,0, , , ,3, , , , , ,324070, , , ,2,2,0,0,0,0,0,0,0,0,0,1,1,0,0,0,0,0,0,0,1,0,0,0,0,0,0,0,0,0,0,0,0,0,0,4,0,39.9354,-75.2204, , 
 ,27404,2015078221,6,67,67301,2015,7,7,10,0,3,1,0,5,6, , ,N,0,0,0,3,0,1,1,2,N,N,40 01:19.171,75 13:05.206,30, ,24, ,0, ,N, ,0, , , , , ,324071, , , ,2,1,0,0,0,1,0,0,0,0,0,0,1,1,0,0,0,0,0,0,0,0,0,0,0,0,0,0,0,0,0,0,0,0,0,8,0,40.022,-75.2181, , 
 ,27405,2015085324,6,67,67301,2015,8,3,9999,99,1,1,0,7,5, , ,N,2,3,0,3,0,1,1,1,N,N,39 59:32.889,75 04:58.651,1619, ,1521,5,2,7,N, ,3,Y, , , , ,324074, , , ,1,0,0,0,1,0,0,0,0,0,0,1,1,0,0,0,0,0,0,0,0,0,0,0,0,0,0,0,0,0,0,0,0,0,0,4,0,39.9925,-75.083, , 
 ,27406,2015099057,6,67,67301,2015,9,1,1750,17,1,1,0,4,1, , ,N,0,0,7,3,0,0,2,3,N,N,40 02:36.021,75 10:01.169,1759, ,1756, ,0, ,N, ,0, , , , , ,324092, , , ,3,1,0,0,0,0,1,1,0,0,0,0,0,0,0,0,0,0,0,0,0,0,0,0,0,0,0,0,0,0,0,0,0,0,0,0,0,40.0433,-75.167, , 
 ,27407,2015099025,6,67,67301,2015,9,6,2349,23,3,1,0,4,1, , ,N,1,2,0,3,0,1,3,4,N,N,40 03:40.446,75 05:00.751,2359, ,2349, ,0, , , ,3, , , , , ,324098, , , ,4,2,1,1,0,0,0,0,0,0,1,0,1,0,0,0,0,0,0,0,0,0,0,0,0,0,0,0,0,0,0,0,0,0,0,3,1,40.0612,-75.0835, , 
 ,27408,2015091071,6,67,67301,2015,8,4,1058,10,1,1,0,4,1, , ,N,1,2,0,3,0,2,4,2,N, ,40 02:12.854,75 04:47.301,1113, ,1107,1,1,3, , ,3,Y, , , , ,326974, , , ,2,2,0,0,0,0,0,0,0,0,1,0,2,1,0,0,0,0,0,0,0,0,0,0,0,0,0,0,0,0,0,0,0,0,0,3,0,40.0369,-75.0798, , 
 ,27409,2015093425,6,67,67301,2015,8,3,1730,17,1,1,0,4,1, , ,N,1,2,0,3,0,1,2,2,N,N,39 57:21.085,75 11:29.255,1735, ,1733, ,0, ,N, ,3, , , , , ,326976, , , ,2,1,0,0,0,0,1,0,0,0,0,0,1,1,0,0,0,0,0,0,0,0,0,0,0,0,0,0,0,0,0,0,0,0,0,8,0,39.9558,-75.1915, , 
 ,27410,2015099084,6,67,67301,2015,9,2,254,2,3,1,0,7,2, , ,N,0,0,0,3,0,1,1,1,N,N,40 01:46.555,75 06:11.042,255, ,254,2,1,1,N, ,0,Y, , , , ,326983, , , ,1,1,0,0,0,0,0,0,0,0,0,0,1,1,0,0,0,0,0,0,0,0,0,0,0,0,0,0,0,0,0,0,0,0,0,8,0,40.0296,-75.1031, , 
 ,27411,2015073248,6,67,67301,2015,6,7,2300,23,3,2,1,4,1, , ,N,1,2,0,3,0,1,3,2,N, ,40 01:28.408,75 07:50.218,2320, ,2311,1,2,2, , ,3,Y, , , , ,326998, , , ,2,1,0,0,0,0,0,1,0,0,0,0,1,1,0,0,0,0,0,1,0,0,0,0,0,0,0,0,0,0,0,0,0,0,0,8,0,40.0246,-75.1306, , 
 ,27412,2015078631,6,67,67301,2015,7,2,2232,22,3,1,0,5,6, , ,N,0,0,0,3,0,1,2,2,N,N,39 54:50.907,75 14:05.175,2238, ,2238,3,2,4,N, ,0,Y, , , , ,327001, , , ,2,1,0,0,1,0,0,0,0,0,0,1,1,0,0,0,0,0,0,1,0,0,0,0,0,0,0,0,0,0,0,0,0,0,0,4,0,39.9141,-75.2348, , 
 ,27413,2015103259,6,67,67301,2015,9,5,1630,16,1,1,0,6,6, , ,N,0,0,0,3,0,0,1,5,N,N,40 02:24.124,75 09:15.497,1655, ,1649, ,0, ,N, ,0, , , , , ,327028, , , ,5,4,0,0,1,0,0,0,0,0,0,0,0,0,0,0,0,0,0,0,0,0,0,0,0,0,0,0,0,0,0,0,0,0,0,0,0,40.04,-75.1543, , 
 ,27414,2015109301,6,67,67301,2015,10,6,800,8,1,2,1,7,4, , ,N,1,2,0,3,0,1,1,2,N, ,39 57:00.500,75 10:14.300,810, ,804, ,0, , , ,3, , , , , ,327033, , , ,1,1,0,0,0,0,0,0,0,0,0,0,1,1,0,0,0,0,0,0,0,0,0,0,0,0,0,0,0,0,0,0,0,0,0,8,0,39.9501,-75.1706, , 
 ,27415,2015020743,6,67,67301,2015,1,1,724,7,1,2,5,7,4, , ,N,0,0,0,3,0,1,1,1,N,N,40 01:28.381,75 07:52.621,740, ,725,1,1,2,Y, ,0,N, , , , ,327047, , , ,1,0,0,0,0,0,1,0,0,0,0,1,1,0,0,0,0,0,0,0,0,0,0,0,0,0,0,0,0,0,0,0,0,0,0,4,0,40.0246,-75.1313, , 
 ,27416,2015052371,6,67,67301,2015,4,2,2128,21,3,1,0,7,2, , ,N,0,0,0,3,0,1,1,1,N,N,39 58:22.603,75 07:16.447,2138, ,2129,2,1,2,N, ,0,N, , , , ,327086, , , ,1,1,0,0,0,0,0,0,0,0,0,0,1,1,0,0,0,0,0,0,0,0,0,0,0,0,0,0,0,0,0,0,0,0,0,8,0,39.9729,-75.1212, , 
 ,27417,2015061830,6,67,67301,2015,5,1,42,0,3,1,0,6,6, , ,N,0,0,0,3,0,0,1,3,N,N,39 57:20.473,75 13:27.418,107, ,53, ,0, ,N, ,0, , , , , ,327096, , , ,3,2,0,0,0,0,1,0,0,0,0,0,0,0,1,0,0,0,0,0,0,0,0,0,0,0,0,0,0,0,0,0,0,0,0,9,0,39.9557,-75.2243, , 
 ,27418,2015069695,6,67,67301,2015,6,7,2040,20,3,1,0,1,6, , ,N,0,0,0,3,0,0,1,2,N, ,40 04:26.000,75 02:04.050,2045, ,2042, ,0, , , ,0, , , , , ,327104, , , ,2,1,0,0,1,0,0,0,0,0,0,0,0,0,0,0,0,0,0,0,0,0,0,0,0,0,0,0,0,0,0,0,0,0,0,0,0,40.0739,-75.0345, , 
 ,27419,2015070621,6,67,67301,2015,6,1,700,7,1,1,0,8,1, , ,N,0,0,0,3,0,1,2,2,N,N,39 59:00.340,75 10:18.842,725, ,720, ,0, , , ,0, , , , , ,327105, , , ,1,1,0,0,0,0,0,0,0,0,0,1,1,0,0,0,0,0,0,0,0,0,0,0,0,0,0,0,0,0,0,0,1,0,0,4,0,39.9834,-75.1719, , 
 ,27420,2015075685,6,67,67301,2015,7,5,2014,20,4,1,1,1,6, , ,N,0,0,0,3,0,0,1,3,N,N,39 58:03.993,75 08:23.637,2036, ,2032, ,0, ,N, ,0, , , , , ,327109, , , ,3,1,0,0,0,0,2,0,0,0,0,0,0,0,0,0,0,0,0,0,0,0,0,0,0,0,0,0,0,0,0,0,0,0,0,0,0,39.9678,-75.1399, , 
 ,27421,2015010692,6,67,67301,2015,1,3,1615,16,4,4,1,7,4, , ,N,0,0,0,3,0,0,2,2,N,N,40 03:48.751,75 12:01.130,1640, ,1638, ,0, ,N, ,0, , , , , ,327139, , , ,2,0,0,0,0,0,2,0,0,0,0,0,0,0,0,0,0,0,1,0,1,0,0,0,0,0,0,0,0,0,0,0,0,0,0,0,0,40.0635,-75.2003, , 
 ,27422,2015088792,6,67,67301,2015,8,3,930,9,1,2,1,8,1, , ,N,1,3,0,3,0,1,2,2,N,N,40 01:52.690,75 02:29.873,1000, ,950, ,0, ,N, ,3, , , , , ,327157, , , ,1,1,0,0,0,0,0,0,0,0,0,1,1,0,0,0,0,0,0,0,0,0,1,0,0,0,0,0,0,0,0,0,1,0,0,4,0,40.0313,-75.0416, , 
 ,27423,2015113192,6,67,67301,2015,10,1,1755,17,1,1,0,4,1, , ,N,5,2,8,3,0,0,2,2,N,N,39 57:28.586,75 09:50.892,1806, ,1801, ,0, ,N, ,3, , , , , ,327176, , , ,2,1,0,0,0,0,1,0,0,0,0,0,0,0,1,0,0,0,0,0,0,1,0,0,0,0,0,0,0,0,0,0,0,0,0,9,0,39.9579,-75.1641, , 
 ,27424,2015121043,6,67,67301,2015,10,6,1030,10,1,1,0,4,1, , ,N,0,0,0,3,0,1,2,2,N, ,39 58:24.694,75 12:36.404,1037, ,1630, ,0, , , ,0, , , , , ,327180, , , ,2,1,1,0,0,0,0,0,0,0,0,1,1,0,0,0,0,0,0,0,0,0,0,1,0,0,0,0,0,0,0,0,0,0,0,4,0,39.9735,-75.2101, , 
N,27425,2015097620,6,67,67301,2015,9,1,638,6,1,1,0,1,1,1,2,Y,0,0,0,3,0,1,3,2,N,N,40 02:05.869,75 01:07.352,709,55,644, ,0, ,N, ,0, ,N,N,N,N,327185,N,N,Y,2,0,0,0,1,0,1,0,0,0,1,0,1,0,0,0,0,0,0,0,0,0,0,0,0,0,0,0,0,0,0,0,0,0,0,3,0,40.035,-75.0187, , 
 ,27426,2015099143,6,67,67301,2015,9,7,1437,14,1,1,0,8,1, , ,N,0,0,0,3,0,1,2,2,N,N,40 03:06.512,75 05:11.126,1444, ,1438, ,0, ,N, ,0, , , , , ,332719, , , ,1,0,0,0,0,0,0,1,0,0,0,1,1,0,0,0,0,0,0,0,0,0,0,0,0,0,0,0,0,0,0,0,1,0,0,4,0,40.0518,-75.0864, , 
 ,27427,2015065471,6,67,67301,2015,5,1,1356,13,1,1,0,1,1, , ,N,0,0,0,3,0,2,4,3,N, ,39 59:50.167,75 07:11.088,1400, ,1359, ,0, , , ,0, , , , , ,332732, , , ,3,1,0,0,0,0,2,0,0,0,0,0,2,2,0,0,0,0,0,0,1,0,0,0,0,0,0,0,0,0,0,0,0,0,0,8,0,39.9973,-75.1197, , 
 ,27428,2015066169,6,67,67301,2015,6,6,1800,18,1,1,0,5,1, , ,N,0,0,0,3,0,1,3,2,N, ,39 56:07.792,75 13:22.681,1804, ,1802, ,0, , , ,0, , , , , ,332733, , , ,2,1,0,0,0,0,1,0,0,0,0,0,1,1,0,0,0,0,0,0,1,0,0,0,0,0,0,0,0,0,0,0,0,0,0,8,0,39.9355,-75.223, , 
 ,27429,2015093105,6,67,67301,2015,8,5,740,7,1,1,0,1,1, , ,N,0,0,0,3,0,0,2,2,N,N,40 00:05.973,75 04:42.962,740, ,740, ,0, ,N, ,0, , , , , ,332738, , , ,2,1,0,0,0,0,1,0,0,0,0,0,0,0,0,0,0,0,0,0,0,0,0,0,0,0,0,0,0,0,0,0,0,0,0,0,0,40.0017,-75.0786, , 
 ,27430,2015112074,6,67,67301,2015,10,6,2025,20,3,2,1,7,4, , ,N,0,0,0,3,0,3,4,2,N, ,40 01:38.833,75 11:33.675,2035, ,2025,9,1,4, , ,0,N, , , , ,332758, , , ,2,2,0,0,0,0,0,0,0,0,0,3,3,0,0,0,0,0,1,0,0,0,0,0,0,0,0,0,0,0,0,0,0,0,0,4,0,40.0275,-75.1927, , 
 ,27431,2015114575,6,67,67301,2015,10,5,1601,16,1,1,0,8,1, , ,N,1,3,0,3,0,1,2,2,N,N,40 04:22.861,75 10:18.245,1632, ,1615, ,0, ,N, ,3, , , , , ,332763, , , ,1,1,0,0,0,0,0,0,0,1,0,0,1,0,0,0,0,0,0,0,1,0,0,0,0,0,0,0,0,0,0,0,1,0,1,2,0,40.073,-75.1717, , 
 ,27432,2015006101,6,67,67301,2015,1,1,9999,99,3,2,1,7,4, , ,N,0,0,0,3,0,3,3,1,N,N,40 01:49.027,75 03:10.666,1914, ,1911,1,1,2,N, ,0,N, , , , ,332767, , , ,1,0,0,0,0,0,0,1,0,0,0,3,3,0,0,0,0,0,0,0,1,0,0,0,0,0,0,0,0,0,0,0,0,0,0,4,0,40.0303,-75.053, , 
 ,27433,2015021519,6,67,67301,2015,2,3,225,2,3,4,3,4,4, , ,N,0,0,0,3,0,0,2,2,N,N,40 02:35.107,75 00:11.917,225, ,225,1,1,2,N, ,0,N, , , , ,332782, , , ,2,1,0,0,0,0,1,0,0,0,0,0,0,0,0,0,0,0,0,0,0,0,0,0,0,0,0,0,0,0,0,0,0,0,0,0,0,40.0431,-75.0033, , 
 ,27434,2015078251,6,67,67301,2015,7,2,1035,10,1,1,0,8,1, , ,N,1,2,0,3,0,2,2,2,N,N,40 00:29.331,75 04:20.880,1050, ,1041, ,0, ,N, ,3, , , , , ,332810, , , ,1,0,1,0,0,0,0,0,0,0,2,0,2,0,0,0,0,0,0,0,0,0,0,0,0,0,0,0,0,0,0,0,1,0,0,3,0,40.0081,-75.0725, , 
 ,27435,2015078254,6,67,67301,2015,7,1,1532,15,1,1,0,5,1, , ,N,1,3,0,3,0,1,2,2,N, ,39 56:28.813,75 09:14.727,1615, ,1602, ,0, , , ,3, , , , , ,332811, , , ,1,1,0,0,0,0,0,0,1,0,0,1,1,0,0,0,0,0,0,0,0,0,0,0,0,0,0,0,0,0,0,0,0,0,0,4,0,39.9413,-75.1541, , 
 ,27436,2015088855,6,67,67301,2015,8,3,620,6,1,1,0,5,1, , ,N,0,0,0,3,0,0,2,2,N,N,39 55:18.893,75 08:51.646,635, ,621, ,0, ,N, ,0, , , , , ,332820, , , ,2,1,0,0,1,0,0,0,0,0,0,0,0,0,0,0,0,0,0,0,0,0,0,0,0,0,0,0,0,0,0,0,0,0,0,0,0,39.9219,-75.1477, , 
 ,27437,2015099902,6,67,67301,2015,9,3,1505,15,1,1,0,8,1, , ,N,0,2,0,3,0,1,2,2,N,Y,39 59:05.776,75 09:31.521,1512, ,1510, ,0, ,N, ,3, , , , , ,332828, , , ,1,1,0,0,0,0,0,0,0,0,0,0,1,1,0,0,0,0,0,0,1,0,0,0,0,0,0,0,0,0,0,0,1,0,0,8,0,39.9849,-75.1588, , 
 ,27438,2015105104,6,67,67301,2015,9,3,2037,20,3,1,0,1,1, , ,N,6,0,2,3,0,1,3,2,N,N,40 00:35.625,75 11:10.707,2047, ,2039,9,1,1,N, ,0,N, , , , ,332831, , , ,2,1,1,0,0,0,0,0,0,0,1,0,1,0,0,0,0,0,0,0,1,0,0,0,0,0,0,0,0,0,0,0,0,0,0,3,0,40.0096,-75.1873, , 
 ,27439,2015117628,6,67,67301,2015,10,4,630,6,1,1,0,4,1, , ,N,1,2,0,3,0,1,2,2,N,N,40 00:08.156,75 13:12.479,740, ,733, ,0, , , ,3, , , , , ,332835, , , ,1,1,0,0,0,0,0,0,1,0,0,0,1,1,0,0,0,0,0,0,0,0,0,1,0,0,0,0,0,0,0,0,0,0,0,8,0,40.0023,-75.2201, , 
 ,27440,2015120103,6,67,67301,2015,10,7,2041,20,3,1,0,6,1, , ,N,0,0,0,3,0,0,2,2,N, ,40 02:36.362,75 06:50.012,2058, ,2047,1,1,4, , ,0,N, , , , ,332839, , , ,2,1,0,0,0,0,1,0,0,0,0,0,0,0,0,0,0,0,0,0,1,0,0,0,0,0,0,0,0,0,0,0,0,0,0,0,0,40.0434,-75.1139, , 
 ,27441,2015121067,6,67,67301,2015,11,4,232,2,3,1,0,1,6, , ,N,0,0,0,3,0,1,1,2,N,N,40 03:52.957,75 11:41.056,235, ,233, ,0, ,N, ,0, , , , , ,332840, , , ,2,1,0,0,0,0,1,0,0,0,0,0,1,1,0,0,0,0,0,0,0,0,0,0,0,0,0,0,0,0,0,0,0,0,0,8,0,40.0647,-75.1947, , 
 ,27442,2015128576,6,67,67301,2015,11,5,1723,17,3,1,0,4,1, , ,N,1,3,0,3,0,1,2,2,N,N,40 01:35.986,75 10:38.045,1723, ,1723, ,0, ,N, ,3, , , , , ,332845, , , ,1,1,0,0,0,0,0,0,1,0,1,0,1,0,0,0,0,0,0,0,0,0,1,1,0,0,0,0,0,0,0,0,0,0,0,3,0,40.0267,-75.1772, , 
 ,27443,2015129941,6,67,67301,2015,11,2,1718,17,3,1,0,7,4, , ,N,3,0,0,3,0,0,2,2,N, ,40 00:00.803,75 11:12.959,1726, ,1722, ,0, , , ,0, , , , , ,332848, , , ,1,1,0,0,0,0,0,0,0,0,0,0,0,0,2,0,0,0,0,1,0,0,0,0,0,0,0,0,0,0,0,0,0,0,0,9,0,40.0002,-75.1869, , 