wz_ln_closure,objectid_1,crn,district,county,municipality,crash_year,crash_month,day_of_week,time_of_day,hour_of_day,illumination,weather,road_condition,collision_type,relation_to_road,work_zone_type,work_zone_loc,work_zone_ind,intersect_type,tcd_type,location_type,urban_rural,fatal_count,injury_count,person_count,total_units,sch_bus_ind,sch_zone_ind,latitude,longitude,arrival_tm,cons_zone_spd_lim,dispatch_tm,est_hrs_closed,lane_closed,ln_close_dir,ntfy_hiwy_maint,spec_juris_cd,tcd_func_cd,tfc_detour_ind,workers_pres,wz_close_detour,wz_flagger,wz_law_offcr_ind,objectid,wz_moving,wz_other,wz_shlder_mdn,vehicle_count,automobile_count,motorcycle_count,bus_count,small_truck_count,heavy_truck_count,suv_count,van_count,bicycle_count,maj_inj_count,mod_inj_count,min_inj_count,tot_inj_count,unk_inj_deg_count,unk_inj_per_count,driver_count_16yr,driver_count_17yr,driver_count_18yr,driver_count_19yr,driver_count_20yr,driver_count_50_64yr,driver_count_65_74yr,driver_count_75plus,unbelted_occ_count,unb_death_count,unb_maj_inj_count,belted_death_count,belted_maj_inj_count,mcycle_death_count,mcycle_maj_inj_count,bicycle_death_count,bicycle_maj_inj_count,ped_count,ped_death_count,ped_maj_inj_count,max_severity_level,comm_veh_count,dec_lat,dec_long,rdwy_surf_type_cd,county_name
 ,27709,2015129951,6,67,67301,2015,11,4,20,0,3,2,1,4,1, , ,N,1,2,0,3,0,0,2,2,N,N,39 58:46.236,75 09:51.389,26, ,25, ,0, ,N, ,3, , , , , ,327824, , , ,2,2,0,0,0,0,0,0,0,0,0,0,0,0,0,0,0,0,1,0,0,0,0,0,0,0,0,0,0,0,0,0,0,0,0,0,0,39.9795,-75.1642, , 
 ,27710,2015019427,6,67,67301,2015,1,7,1004,10,1,1,0,4,1, , ,N,0,0,0,3,0,0,3,2,N,N,39 59:11.363,75 12:33.349,1026, ,1004,1,2,1,N, ,0,N, , , , ,327856, , , ,2,2,0,0,0,0,0,0,0,0,0,0,0,0,1,0,0,0,0,0,1,0,0,0,0,0,0,0,0,0,0,0,0,0,0,9,0,39.9865,-75.2093, , 
 ,27711,2015083974,6,67,67301,2015,7,5,1319,13,1,1,0,1,1, , ,N,0,0,0,3,0,0,6,2,N,N,39 57:28.851,75 09:49.400,1335, ,1329,2,1,3,N, ,0,N, , , , ,327871, , , ,2,1,0,0,0,0,1,0,0,0,0,0,0,0,4,0,0,0,0,0,1,0,0,0,0,0,0,0,0,0,0,0,0,0,0,9,0,39.958,-75.1637, , 
 ,27712,2015095801,6,67,67301,2015,8,3,2200,22,3,1,0,1,1, , ,N,1,2,0,3,0,2,4,3,N,N,40 06:05.448,75 00:21.920,2210, ,2205, ,0, ,N, ,3, , , , , ,327885, , , ,3,1,0,0,0,0,1,1,0,0,0,2,2,0,0,1,0,0,0,0,0,0,0,0,0,0,0,0,0,0,0,0,0,0,0,4,0,40.1015,-75.0061, , 
 ,27713,2015115145,6,67,67301,2015,10,1,1503,15,1,1,0,8,1, , ,N,0,0,0,3,0,1,3,2,N,N,39 58:34.575,75 10:19.801,1555, ,1545, ,0, ,N, ,0, , , , , ,327900, , , ,1,1,0,0,0,0,0,0,0,0,0,0,1,1,0,0,0,0,0,0,0,0,0,0,0,0,0,0,0,0,0,0,1,0,0,8,0,39.9763,-75.1722, , 
 ,27714,2015115230,6,67,67301,2015,10,4,1840,18,3,2,1,1,1, , ,N,0,0,0,3,0,0,2,2,N,N,39 53:56.719,75 10:01.519,1855, ,1843,1,1,1,N, ,0,N, , , , ,327901, , , ,2,2,0,0,0,0,0,0,0,0,0,0,0,0,0,0,0,0,0,0,0,0,0,0,0,0,0,0,0,0,0,0,0,0,0,0,0,39.8991,-75.1671, , 
 ,27715,2015066297,6,67,67301,2015,6,6,809,8,1,2,1,7,4, , ,N,0,0,0,3,0,0,1,1,N,N,40 01:00.513,75 12:09.088,813, ,810,1,1,1,N, ,0,N, , , , ,327909, , , ,1,1,0,0,0,0,0,0,0,0,0,0,0,0,0,0,0,0,0,0,0,0,0,0,0,0,0,0,0,0,0,0,0,0,0,0,0,40.0168,-75.2025, , 
 ,27716,2016002557,6,67,67301,2015,12,5,1503,15,1,2,1,2,1, , ,N,0,0,0,3,0,2,2,2,N,N,40 02:05.700,75 11:18.300,1520, ,1503,1,2,5,N, ,0,Y, , , , ,333509, , , ,2,1,0,0,0,0,1,0,0,0,0,2,2,0,0,0,0,0,0,0,1,0,0,0,0,0,0,0,0,0,0,0,0,0,0,4,0,40.0349,-75.1884, , 
 ,27717,2016012880,6,67,67301,2015,6,7,640,6,1,1,0,1,1, , ,N,0,0,0,3,0,1,2,2,N,N,40 01:29.863,75 08:52.138,0, ,0, ,0, ,N, ,0, , , , , ,333510, , , ,2,2,0,0,0,0,0,0,0,0,0,0,1,1,1,0,0,0,0,0,1,0,0,0,0,0,0,0,0,0,0,0,0,0,0,8,0,40.025,-75.1478, , 
 ,27718,2015063515,6,67,67301,2015,6,3,2305,23,3,2,1,1,6, , ,N,0,0,0,3,0,1,1,2,N,N,40 02:46.907,75 11:32.342,2315, ,2309, ,0, ,N, ,0, , , , , ,333516, , , ,2,2,0,0,0,0,0,0,0,0,0,1,1,0,0,0,0,0,0,0,0,0,0,0,0,0,0,0,0,0,0,0,0,0,0,4,0,40.0464,-75.1923, , 
 ,27719,2015070110,6,67,67301,2015,6,3,1519,15,1,1,0,4,1, , ,N,2,2,0,3,0,0,2,2,N, ,40 05:35.998,74 57:43.476,1532, ,1528, ,0, , , ,3, , , , , ,333522, , , ,2,0,0,0,0,0,2,0,0,0,0,0,0,0,0,0,0,0,0,0,0,0,0,0,0,0,0,0,0,0,0,0,0,0,0,0,0,40.0933,-74.9621, , 
 ,27720,2015090708,6,67,67301,2015,7,5,2059,20,3,2,1,7,3, , ,N,0,0,0,3,1,0,1,1,N,N,40 05:19.647,75 01:15.023,2103, ,2100,3,2,1,N,0,0,N, , , , ,333536, , , ,1,1,0,0,0,0,0,0,0,0,0,0,0,0,0,0,0,0,0,0,1,0,0,0,0,0,0,0,0,0,0,0,0,0,0,1,0,40.0888,-75.0208,2, 
 ,27721,2015095236,6,67,67301,2015,9,7,1839,18,1,1,0,4,1, , ,N,2,2,0,3,0,1,2,3,N, ,39 53:31.077,75 14:31.568,1839, ,1839, ,0, , , ,3, , , , , ,333538, , , ,3,1,0,0,1,0,1,0,0,0,0,0,1,1,0,0,0,0,0,0,1,0,0,0,0,0,0,0,0,0,0,0,0,0,0,8,0,39.8919,-75.2419, , 
 ,27722,2015109264,6,67,67301,2015,10,2,1548,15,1,1,0,7,4, , ,N,0,0,0,3,0,1,1,1,N,N,39 52:54.462,75 13:45.702,1605, ,1556,2,1,1,N, ,0,Y, , , , ,333544, , , ,1,1,0,0,0,0,0,0,0,0,1,0,1,0,0,0,0,0,0,0,0,0,0,0,0,0,0,0,0,0,0,0,0,0,0,3,0,39.8818,-75.2294, , 
 ,27723,2015114588,6,67,67301,2015,10,4,9999,99,1,1,0,4,1, , ,N,1,3,0,3,0,0,1,3,N,N,39 58:46.918,75 06:27.526,1110, ,1057,3,1,2, , ,3,Y, , , , ,333550, , , ,3,2,0,0,0,1,0,0,0,0,0,0,0,0,0,0,0,0,0,0,0,0,1,0,0,0,0,0,0,0,0,0,0,0,0,0,1,39.9797,-75.1076, , 
Y,27724,2015073459,6,67,67301,2015,6,5,1050,10,1,1,0,7,1,1,4,Y,0,0,0,3,0,0,2,2,N,N,39 53:26.883,75 14:18.923,1110,45,1051,1,1,1,N, ,0,N,N,N,N,N,333558,N,N,N,2,1,0,0,1,0,0,0,0,0,0,0,0,0,0,0,0,0,0,0,0,0,0,0,0,0,0,0,0,0,0,0,0,0,0,0,0,39.8908,-75.2386, , 
 ,27725,2015098975,6,67,67301,2015,9,4,1531,15,1,1,0,1,1, , ,N,0,0,0,3,0,1,3,2,N,N,40 05:42.405,75 03:01.490,1545, ,1538, ,0, ,N, ,0, , , , , ,333575, , , ,2,1,0,1,0,0,0,0,0,0,0,1,1,0,0,0,0,0,0,0,1,0,0,0,0,0,0,0,0,0,0,0,0,0,0,4,1,40.0951,-75.0504, , 
 ,27726,2015117672,6,67,67301,2015,10,4,1415,14,1,2,1,1,1, , ,N,0,3,0,3,0,2,3,2,N,N,40 05:25.175,75 03:38.717,1703, ,1705, ,0, ,N, ,3, , , , , ,333591, , , ,2,2,0,0,0,0,0,0,0,0,0,2,2,0,0,0,0,0,0,0,1,0,0,0,0,0,0,0,0,0,0,0,0,0,0,4,0,40.0903,-75.0608, , 
 ,27727,2015069683,6,67,67301,2015,6,3,725,7,1,1,0,1,1, , ,N,1,4,0,3,0,0,2,2,N, ,39 53:23.412,75 14:00.414,743, ,738, ,0, , , ,3, , , , , ,333601, , , ,2,1,0,0,0,0,1,0,0,0,0,0,0,0,0,0,0,0,0,0,0,0,1,0,0,0,0,0,0,0,0,0,0,0,0,0,0,39.8898,-75.2338, , 
 ,27728,2015114540,6,67,67301,2015,10,1,16,0,3,1,0,8,1, , ,N,1,2,0,3,0,1,2,2,N,N,39 58:08.176,75 09:35.694,18, ,17, ,0, , , ,3, , , , , ,333602, , , ,1,1,0,0,0,0,0,0,0,0,0,1,1,0,0,0,0,0,0,0,0,1,0,0,0,0,0,0,0,0,0,0,1,0,0,4,0,39.9689,-75.1599, , 
 ,27729,2015017552,6,67,67301,2015,2,1,152,1,3,1,0,5,1, , ,N,0,0,0,3,0,2,3,2,N,N,39 57:52.537,75 11:05.747,208, ,156,2,1,4,N, ,0,N, , , , ,333634, , , ,2,0,0,0,0,0,1,1,0,0,0,2,2,0,0,0,0,0,0,0,0,1,0,0,0,0,0,0,0,0,0,0,0,0,0,4,0,39.9646,-75.1849, , 
 ,27730,2015025246,6,67,67301,2015,2,3,640,6,5,4,4,1,1, , ,N,0,0,0,3,0,1,2,2,N,N,39 53:33.176,75 13:29.480,801, ,740, ,0, ,N, ,0, , , , , ,333642, , , ,2,1,0,0,0,1,0,0,0,0,0,0,1,1,1,0,0,0,0,0,1,0,0,0,0,0,0,0,0,0,0,0,0,0,0,8,0,39.8925,-75.2249, , 
 ,27731,2015020853,6,67,67301,2015,1,6,700,7,1,1,0,4,1, , ,N,3,3,0,3,0,1,3,2,N, ,40 02:05.105,75 04:23.149,715, ,705,1,1,2, , ,3,N, , , , ,333673, , , ,2,1,0,0,1,0,0,0,0,0,0,1,1,0,0,0,0,0,0,0,0,0,0,0,0,0,0,0,0,0,0,0,0,0,0,4,0,40.0348,-75.0731, , 
 ,27732,2015028818,6,67,67301,2015,2,6,1928,19,3,1,0,1,1, , ,N,0,0,0,3,0,1,5,5,N, ,40 00:33.130,75 07:20.050,1936, ,1935, ,0, , , ,0, , , , , ,333681, , , ,5,4,0,0,0,0,1,0,0,0,0,1,1,0,0,0,0,0,0,0,0,0,0,0,0,0,0,0,0,0,0,0,0,0,0,4,0,40.0092,-75.1222, , 
 ,27733,2015033750,6,67,67301,2015,3,2,547,5,5,8,1,8,1, , ,N,1,2,0,3,0,1,3,2,N,N,39 57:11.367,75 09:11.303,556, ,549,1,1,4, , ,3,N, , , , ,333682, , , ,1,0,0,0,0,0,1,0,0,0,0,1,1,0,0,0,0,0,0,0,0,1,0,0,0,0,0,0,0,0,0,0,1,0,0,4,0,39.9532,-75.1531, , 
 ,27734,2015061243,6,67,67301,2015,4,5,1018,10,1,1,0,5,1, , ,N,0,0,0,3,0,0,3,2,N,N,39 57:29.553,75 09:55.287,1044, ,1020,1,1,3,N, ,0,N, , , , ,331069, , , ,2,1,0,0,0,1,0,0,0,0,0,0,0,0,0,0,0,0,0,0,1,0,0,0,0,0,0,0,0,0,0,0,0,0,0,0,1,39.9582,-75.1654, , 
 ,27735,2015061902,6,67,67301,2015,5,5,1214,12,1,2,1,8,1, , ,N,1,2,0,3,0,1,2,2,N,N,39 57:13.719,75 09:59.863,1214, ,1214, ,0, , , ,3, , , , , ,331070, , , ,1,1,0,0,0,0,0,0,0,0,0,0,1,1,0,0,0,0,0,0,0,0,0,0,0,0,0,0,0,0,0,0,1,0,0,8,0,39.9538,-75.1666, , 
 ,27736,2015066152,6,67,67301,2015,6,7,1316,13,1,1,0,4,1, , ,N,1,3,0,3,0,1,2,2,N, ,39 56:36.304,75 13:12.928,1320, ,1319, ,0, , , ,3, , , , , ,331074, , , ,2,2,0,0,0,0,0,0,0,0,0,1,1,0,0,0,0,0,0,0,1,0,0,0,0,0,0,0,0,0,0,0,0,0,0,4,0,39.9434,-75.2203, , 
N,27737,2015073508,6,67,67301,2015,7,6,746,7,1,1,0,1,1,1,8,Y,0,0,0,3,0,0,2,2,N,N,40 01:13.896,75 02:33.988,758,55,746, ,0, ,N, ,0, ,N,N,N,N,331078,N,N,Y,2,1,0,0,0,0,1,0,0,0,0,0,0,0,0,0,0,0,0,0,0,0,0,0,0,0,0,0,0,0,0,0,0,0,0,0,0,40.0205,-75.0428, , 
 ,27738,2015078664,6,67,67301,2015,7,5,934,9,1,2,1,1,1, , ,N,0,0,0,3,0,1,4,2,N,N,40 02:39.753,75 05:41.133,937, ,935, ,0, , , ,0, , , , , ,331080, , , ,2,1,0,0,0,0,0,1,0,0,0,1,1,0,0,0,0,0,0,0,0,0,0,0,0,0,0,0,0,0,0,0,0,0,0,4,0,40.0444,-75.0948, , 
 ,27739,2015088708,6,67,67301,2015,8,7,1710,17,1,1,0,4,1, , ,N,2,0,0,3,0,1,2,3,N,N,39 59:41.193,75 06:55.627,1720, ,1720, ,0, ,N, ,0, , , , , ,331086, , , ,3,0,1,0,0,0,1,1,0,1,0,0,1,0,0,0,0,1,0,1,0,0,0,0,0,0,0,0,0,1,0,0,0,0,0,2,0,39.9948,-75.1155, , 
 ,27740,2015099110,6,67,67301,2015,9,7,1619,16,1,1,0,1,1, , ,N,1,2,0,3,0,1,4,3,N,N,40 02:35.284,75 04:25.695,1654, ,1654,9,1,3,N, ,3,N, , , , ,331094, , , ,3,1,0,0,0,0,1,1,0,0,0,1,1,0,0,0,0,0,0,0,0,0,0,0,0,0,0,0,0,0,0,0,0,0,0,4,0,40.0431,-75.0738, , 
 ,27741,2015089802,6,67,67301,2015,9,3,55,0,3,1,0,2,1, , ,N,1,2,0,3,0,1,2,2,N,N,40 00:22.269,75 09:06.895,100, ,58, ,0, ,N, ,3, , , , , ,331099, , , ,2,0,1,0,0,0,0,1,0,1,0,0,1,0,0,0,0,0,0,0,0,0,0,0,0,0,0,0,0,1,0,0,0,0,0,2,0,40.0062,-75.1518, , 
 ,27742,2015091109,6,67,67301,2015,8,7,1805,18,1,1,0,4,1, , ,N,1,3,0,3,0,0,2,2,N,N,39 58:25.032,75 13:55.919,1815, ,1806,2,2,6,N, ,3,Y, , , , ,331100, , , ,2,2,0,0,0,0,0,0,0,0,0,0,0,0,0,0,0,0,0,0,1,0,0,0,0,0,0,0,0,0,0,0,0,0,0,0,0,39.9736,-75.2322, , 
 ,27743,2015092912,6,67,67301,2015,8,5,2155,21,3,1,0,5,1, , ,N,0,0,0,3,0,3,4,4,N, ,40 01:11.254,75 08:55.819,2230, ,2200, ,0, , , ,0, , , , , ,331101, , , ,4,1,0,0,0,0,2,1,0,0,0,0,3,3,0,0,0,1,1,0,2,0,0,0,0,0,0,0,0,0,0,0,0,0,0,8,0,40.0198,-75.1488, , 
 ,27744,2015095186,6,67,67301,2015,9,7,1102,11,1,1,0,1,1, , ,N,0,0,0,3,0,1,5,3,N,N,40 01:13.911,75 09:20.917,1109, ,1106,1,1,1,N, ,0,Y, , , , ,331103, , , ,3,2,0,0,0,0,1,0,0,0,0,1,1,0,0,0,0,0,0,0,1,0,0,0,0,0,0,0,0,0,0,0,0,0,0,4,0,40.0205,-75.1558, , 
 ,27745,2015080259,6,67,67301,2015,7,4,1139,11,1,2,1,4,1, , ,N,1,3,0,3,0,1,2,2,N,N,40 02:02.731,75 07:26.425,1217, ,1211, ,0, ,N, ,3, , , , , ,331167, , , ,2,1,0,0,0,0,0,1,0,0,0,1,1,0,0,0,0,0,0,0,1,0,0,0,0,0,0,0,0,0,0,0,0,0,0,4,0,40.0341,-75.124, , 
 ,27746,2015095739,6,67,67301,2015,9,3,810,8,1,1,0,8,1, , ,N,1,2,0,3,0,1,2,2,N,N,40 02:20.571,75 08:40.639,840, ,838, ,0, ,N, ,3, , , , , ,331181, , , ,1,0,0,0,0,0,1,0,0,0,0,1,1,0,0,0,0,0,0,0,0,1,0,0,0,0,0,0,0,0,0,0,1,0,0,4,0,40.039,-75.1446, , 
 ,27747,2015061920,6,9,9212,2015,5,7,1606,16,1,1,0,8,1, , ,N,0,0,0,3,0,1,2,2,N,N,40 08:15.626,75 00:52.658,1629, ,1618,2,1,3,N, ,0,N, , , , ,331183, , , ,1,1,0,0,0,0,0,0,0,0,0,0,1,1,0,0,0,0,0,0,0,0,0,1,0,0,0,0,0,0,0,0,1,0,0,8,0,40.1377,-75.0146, , 
 ,27748,2015095802,6,67,67301,2015,9,5,1825,18,4,1,0,3,6, , ,N,0,0,0,3,0,1,3,2,N,N,40 00:15.541,75 10:26.410,1910, ,1906, ,0, ,N, ,0, , , , , ,331204, , , ,2,1,0,0,1,0,0,0,0,0,0,1,1,0,0,0,0,0,0,0,0,1,0,0,0,0,0,0,0,0,0,0,0,0,0,4,0,40.0043,-75.174, , 
 ,27749,2015109333,6,67,67301,2015,10,3,2115,21,3,1,0,8,1, , ,N,5,2,0,3,0,2,3,3,N,N,39 57:42.623,75 09:27.136,2120, ,2115,3,1,1,N, ,3,N, , , , ,331212, , , ,1,1,0,0,0,0,0,0,0,0,0,0,2,2,0,0,0,0,0,0,0,0,0,0,0,0,0,0,0,0,0,0,2,0,0,8,0,39.9617,-75.1575, , 
 ,27750,2015114630,6,67,67301,2015,10,4,1540,15,1,1,0,1,1, , ,N,2,2,0,3,0,1,2,2,N,N,39 54:38.073,75 11:08.235,1607, ,1549, ,0, ,N, ,3, , , , , ,331216, , , ,2,1,0,0,0,0,0,1,0,0,0,1,1,0,0,0,0,0,0,0,1,0,0,0,0,0,0,0,0,0,0,0,0,0,0,4,0,39.9106,-75.1856, , 
 ,27751,2015080609,6,67,67301,2015,5,6,827,8,1,1,0,4,1, , ,N,1,2,0,3,0,3,3,2,N,N,39 59:17.883,75 15:14.303,834, ,828,1,1,7,N, ,3,Y, , , , ,331231, , , ,2,2,0,0,0,0,0,0,0,0,1,2,3,0,0,0,0,0,0,0,0,0,1,0,0,0,0,0,0,0,0,0,0,0,0,3,0,39.9883,-75.254, , 
 ,27752,2016017037,6,67,67301,2015,12,4,1922,19,4,8,8,7,5, , ,N,1,0,0,3,0,5,7,3,N,N,39 57:41.137,75 14:34.569,1923, ,1923, ,0, ,N, ,0, , , , , ,325056, , , ,3,3,0,0,0,0,0,0,0,0,5,0,5,0,2,0,0,0,0,0,0,0,0,0,0,0,0,0,0,0,0,0,0,0,0,3,0,39.9614,-75.2429, , 
 ,27753,2015103429,6,67,67301,2015,9,7,2200,22,3,1,0,5,6, , ,N,0,0,0,3,0,0,2,2,N,N,40 01:30.579,75 07:13.054,2230, ,2230, ,0, ,N, ,0, , , , , ,325072, , , ,2,2,0,0,0,0,0,0,0,0,0,0,0,0,0,0,0,0,0,0,0,0,0,0,0,0,0,0,0,0,0,0,0,0,0,0,0,40.0252,-75.1203, , 
 ,27754,2015070663,6,67,67301,2015,6,6,1532,15,1,1,0,7,4, , ,N,0,0,1,3,0,1,1,1,N,N,39 58:52.468,75 11:51.771,1539, ,1535,2,2,3,N, ,0,Y, , , , ,325078, , , ,1,1,0,0,0,0,0,0,0,0,0,1,1,0,0,0,0,0,0,0,0,0,0,0,0,0,0,0,0,0,0,0,0,0,0,4,0,39.9812,-75.1977, , 
 ,27755,2015084021,6,67,67301,2015,8,1,1735,17,1,1,0,7,3, , ,N,0,0,0,3,0,2,2,1,N,N,39 53:18.676,75 14:29.885,1738, ,1735,2,1,2,N, ,0,N, , , , ,325087, , , ,1,0,0,0,0,0,1,0,0,0,0,0,2,2,0,0,0,0,0,0,0,1,0,0,0,0,0,0,0,0,0,0,0,0,0,8,0,39.8885,-75.2416, , 
 ,27756,2015103414,6,67,67301,2015,9,1,35,0,3,1,0,1,1, , ,N,1,2,2,3,0,1,4,2,N,N,39 56:19.142,75 08:32.414,59, ,56, ,0, ,N, ,3, , , , , ,325106, , , ,2,1,0,0,0,0,1,0,0,0,0,1,1,0,0,0,0,0,0,0,0,1,0,0,0,0,0,0,0,0,0,0,0,0,0,4,0,39.9386,-75.1421, , 
 ,27757,2015066316,6,67,67301,2015,6,7,110,1,3,1,0,7,1, , ,N,1,2,0,3,0,0,1,1,N,N,40 00:25.549,75 05:38.543,9999, ,123, ,0, ,N, ,3, , , , , ,325121, , , ,1,0,0,0,0,0,1,0,0,0,0,0,0,0,0,0,0,0,0,1,0,0,0,0,0,0,0,0,0,0,0,0,0,0,0,0,0,40.0071,-75.094, , 
 ,27758,2015073661,6,67,67301,2015,6,2,1315,13,1,1,0,4,1, , ,N,2,2,7,3,0,1,2,2,N,N,39 55:11.208,75 11:17.768,1320, ,1318,1,1,4,N, ,3,N, , , , ,325125, , , ,2,2,0,0,0,0,0,0,0,0,0,1,1,0,0,0,0,0,0,0,0,0,0,0,0,0,0,0,0,0,0,0,0,0,0,4,0,39.9198,-75.1883, , 
 ,27759,2015075821,6,67,67301,2015,7,4,2102,21,3,1,0,8,1, , ,N,2,2,0,3,0,1,3,2,N,N,39 54:32.712,75 14:31.675,2107, ,2105,3,1,2,N, ,3,N, , , , ,325126, , , ,1,1,0,0,0,0,0,0,0,0,0,1,1,0,0,0,0,0,0,0,0,0,0,0,0,0,0,0,0,0,0,0,1,0,0,4,0,39.909,-75.2419, , 
 ,27760,2015092950,6,67,67301,2015,8,4,2210,22,3,1,0,5,1, , ,N,0,0,0,3,0,1,3,2,N,N,39 58:24.452,75 10:02.109,2225, ,2214, ,0, ,N, ,0, , , , , ,325143, , , ,2,0,0,1,0,0,1,0,0,0,0,1,1,0,0,0,0,0,0,0,0,0,0,0,0,0,0,0,0,0,0,0,0,0,0,4,1,39.9735,-75.1673, , 
 ,27761,2015114591,6,67,67301,2015,10,3,1030,10,1,1,0,4,1, , ,N,1,2,0,3,0,1,2,2,N,N,39 57:42.847,75 08:28.208,1032, ,1030, ,0, ,N, ,3, , , , , ,325157, , , ,1,1,0,0,0,0,0,0,1,0,0,1,1,0,0,0,0,0,0,0,0,0,0,0,0,0,0,0,0,0,0,0,0,0,0,4,0,39.9619,-75.1412, , 
 ,27762,2015073245,6,67,67301,2015,7,7,1749,17,1,1,0,4,1, , ,N,1,2,0,3,0,1,2,2,N,N,39 58:34.718,75 10:59.115,1754, ,1749, ,0, , , ,3, , , , , ,325179, , , ,2,1,1,0,0,0,0,0,0,0,0,0,1,1,0,0,0,0,0,0,0,0,0,0,0,0,0,0,0,0,0,0,0,0,0,8,0,39.9763,-75.1831, , 
 ,27763,2015082849,6,67,67301,2015,7,2,1558,15,1,1,0,1,1, , ,N,0,0,0,3,0,2,5,3,N,N,39 57:26.064,75 09:28.057,1607, ,1559, ,0, ,N, ,0, , , , , ,325185, , , ,3,1,0,0,0,0,2,0,0,0,0,2,2,0,0,0,0,0,0,0,1,0,0,0,0,0,0,0,0,0,0,0,0,0,0,4,0,39.9572,-75.1578, , 
 ,27764,2015058169,6,67,67301,2015,5,5,838,8,1,2,0,1,1, , ,N,0,0,0,3,0,1,6,6,N,N,40 01:34.257,75 01:37.131,902, ,839,2,2,1,N, ,0,N, , , , ,325215, , , ,6,5,0,0,0,0,1,0,0,0,1,0,1,0,0,0,0,0,0,0,1,0,0,0,0,0,0,0,0,0,0,0,0,0,0,3,0,40.0262,-75.027, , 
 ,27765,2015114628,6,67,67301,2015,10,7,45,0,3,1,0,6,1, , ,N,5,2,1,3,0,1,3,3,N,N,39 59:29.295,75 07:21.395,55, ,52,2,1,5,N, ,3,N, , , , ,325221, , , ,3,3,0,0,0,0,0,0,0,0,0,1,1,0,0,0,0,0,0,0,0,0,0,2,0,0,0,0,0,0,0,0,0,0,0,4,0,39.9915,-75.1226, , 
 ,27766,2015130023,6,67,67301,2015,10,7,1845,18,3,1,0,4,1, , ,N,5,2,0,3,0,0,4,2,N, ,40 01:54.382,75 06:32.605,1852, ,1848,1,1,4, , ,3,Y, , , , ,325233, , , ,2,2,0,0,0,0,0,0,0,0,0,0,0,0,0,0,0,0,0,0,0,0,0,0,0,0,0,0,0,0,0,0,0,0,0,0,0,40.0318,-75.1091, , 
 ,27767,2016008649,6,67,67301,2015,12,5,1455,14,1,1,0,4,1, , ,N,5,2,0,3,0,1,2,2,N,N,39 58:11.351,75 14:20.688,1500, ,1500, ,0, ,N, ,3, , , , , ,325246, , , ,2,2,0,0,0,0,0,0,0,0,0,0,1,1,0,0,0,0,0,0,0,0,1,0,0,0,0,0,0,0,0,0,0,0,0,8,0,39.9698,-75.2391, , 
 ,27768,2016014302,6,67,67301,2015,12,4,2000,20,3,2,1,4,1, , ,N,1,2,0,3,0,1,3,2,N,N,39 59:00.370,75 07:08.921,0, ,0, ,0, ,N, ,3, , , , , ,325247, , , ,2,1,0,0,0,0,1,0,0,0,0,0,1,1,2,0,0,1,0,0,0,0,0,0,0,0,0,0,0,0,0,0,0,0,0,8,0,39.9834,-75.1191, , 
 ,27769,2015056657,6,67,67301,2015,5,7,1909,19,4,1,0,1,1, , ,N,0,0,0,3,0,0,7,3,N,N,39 57:34.363,75 10:34.295,1921, ,1910, ,0, ,N, ,0, , , , , ,325253, , , ,3,3,0,0,0,0,0,0,0,0,0,0,0,0,0,0,0,0,0,0,1,0,0,0,0,0,0,0,0,0,0,0,0,0,0,0,0,39.9595,-75.1762, , 
 ,27770,2015075818,6,67,67301,2015,7,2,1215,12,1,1,0,4,1, , ,N,2,0,0,3,0,2,3,2,N, ,40 00:46.062,75 10:28.101,1225, ,1220, ,0, , , ,0, , , , , ,327919, , , ,2,1,0,0,0,0,1,0,0,0,0,0,2,2,0,0,0,0,0,0,0,0,0,0,0,0,0,0,0,0,0,0,0,0,0,8,0,40.0128,-75.1745, , 
 ,27771,2015088655,6,67,67301,2015,8,7,457,4,5,1,0,7,4, , ,N,2,3,0,3,0,1,1,1,N,N,40 00:10.162,75 10:30.539,500, ,458, ,0, ,N, ,3, , , , , ,327930, , , ,1,0,0,0,0,0,0,1,0,0,0,1,1,0,0,0,0,0,0,0,0,0,0,0,0,0,0,0,0,0,0,0,0,0,0,4,0,40.0028,-75.1751, , 
 ,27772,2015106415,6,67,67301,2015,9,4,1129,11,1,1,0,4,1, , ,N,1,2,0,3,0,1,2,2,N,N,39 58:28.923,75 09:37.724,1129, ,1129,1,1,4,N, ,3,Y, , , , ,327949, , , ,2,1,0,0,0,0,1,0,0,0,0,1,1,0,0,0,0,0,0,0,1,0,0,0,0,0,0,0,0,0,0,0,0,0,0,4,0,39.9747,-75.1605, , 
 ,27773,2015068036,6,67,67301,2015,6,2,2150,21,3,1,0,7,2, , ,N,0,0,0,3,0,1,2,1,N,N,39 53:25.214,75 12:01.170,2209, ,2205,1,1,1,N, ,0,N, , , , ,327956, , , ,1,1,0,0,0,0,0,0,0,0,0,1,1,0,0,0,1,0,0,0,0,0,0,0,0,0,0,0,0,0,0,0,0,0,0,4,0,39.8903,-75.2003, , 
 ,27774,2015130243,6,67,67301,2015,11,3,1728,17,3,2,1,8,1, , ,N,1,2,0,3,0,1,2,2,N,N,40 01:36.995,75 12:33.945,1752, ,1748, ,0, ,N, ,3, , , , , ,327969, , , ,1,1,0,0,0,0,0,0,0,0,1,0,1,0,0,0,0,0,0,0,1,0,0,0,0,0,0,0,0,0,0,0,1,0,0,3,0,40.0269,-75.2094, , 
 ,27775,2016005585,6,67,67301,2015,12,4,1430,14,1,1,0,4,1, , ,N,1,2,0,3,0,1,4,3,N,N,40 00:49.900,75 07:33.600,1502, ,1500, ,0, ,N, ,3, , , , , ,327975, , , ,3,3,0,0,0,0,0,0,0,0,0,1,1,0,0,0,0,0,0,0,1,0,0,2,0,0,0,0,0,0,0,0,0,0,0,4,0,40.0139,-75.126, , 