wz_ln_closure,objectid_1,crn,district,county,municipality,crash_year,crash_month,day_of_week,time_of_day,hour_of_day,illumination,weather,road_condition,collision_type,relation_to_road,work_zone_type,work_zone_loc,work_zone_ind,intersect_type,tcd_type,location_type,urban_rural,fatal_count,injury_count,person_count,total_units,sch_bus_ind,sch_zone_ind,latitude,longitude,arrival_tm,cons_zone_spd_lim,dispatch_tm,est_hrs_closed,lane_closed,ln_close_dir,ntfy_hiwy_maint,spec_juris_cd,tcd_func_cd,tfc_detour_ind,workers_pres,wz_close_detour,wz_flagger,wz_law_offcr_ind,objectid,wz_moving,wz_other,wz_shlder_mdn,vehicle_count,automobile_count,motorcycle_count,bus_count,small_truck_count,heavy_truck_count,suv_count,van_count,bicycle_count,maj_inj_count,mod_inj_count,min_inj_count,tot_inj_count,unk_inj_deg_count,unk_inj_per_count,driver_count_16yr,driver_count_17yr,driver_count_18yr,driver_count_19yr,driver_count_20yr,driver_count_50_64yr,driver_count_65_74yr,driver_count_75plus,unbelted_occ_count,unb_death_count,unb_maj_inj_count,belted_death_count,belted_maj_inj_count,mcycle_death_count,mcycle_maj_inj_count,bicycle_death_count,bicycle_maj_inj_count,ped_count,ped_death_count,ped_maj_inj_count,max_severity_level,comm_veh_count,dec_lat,dec_long,rdwy_surf_type_cd,county_name
 ,27776,2015070203,6,67,67301,2015,6,7,2017,20,4,1,0,8,1, , ,N,0,0,0,3,0,1,2,2,N,N,39 59:54.279,75 07:42.741,2022, ,2017, ,0, ,N, ,0, , , , , ,327988, , , ,1,0,0,0,0,0,0,0,0,0,0,1,1,0,0,0,0,0,0,0,0,0,0,0,0,0,0,0,0,0,0,0,1,0,0,4,0,39.9984,-75.1285, , 
 ,27777,2015073659,6,67,67301,2015,7,2,330,3,3,1,0,4,9, , ,N,1,2,0,3,0,0,2,2,N,N,39 54:42.724,75 10:21.917,334, ,332, ,0, , , ,3, , , , , ,327989, , , ,2,2,0,0,0,0,0,0,0,0,0,0,0,0,2,0,0,0,0,0,0,0,0,0,0,0,0,0,0,0,0,0,0,0,0,9,0,39.9119,-75.1728, , 
 ,27778,2015084033,6,67,67301,2015,8,3,1700,17,1,1,1,1,1, , ,N,0,0,0,3,0,1,4,4,N,N,40 00:38.028,75 03:46.385,1725, ,1701,2,1,2,N, ,0,N, , , , ,328002, , , ,4,1,0,0,1,0,2,0,0,0,0,0,1,1,1,0,0,0,0,1,0,0,0,0,0,0,0,0,0,0,0,0,0,0,0,8,0,40.0106,-75.0629, , 
 ,27779,2015086271,6,67,67301,2015,8,4,1915,19,1,1,0,8,1, , ,N,1,3,0,3,0,1,2,2,N,N,39 56:26.028,75 08:57.794,1921, ,1918, ,0, ,N, ,3, , , , , ,328006, , , ,1,1,0,0,0,0,0,0,0,0,0,1,1,0,0,0,0,0,0,0,0,0,0,0,0,0,0,0,0,0,0,0,1,0,0,4,0,39.9406,-75.1494, , 
 ,27780,2015088741,6,67,67301,2015,8,7,1300,13,1,1,0,4,1, , ,N,0,0,7,3,0,4,6,2,N,N,39 57:36.753,75 10:31.189,1316, ,1311, ,0, ,N, ,0, , , , , ,328015, , , ,2,2,0,0,0,0,0,0,0,0,0,3,4,1,0,0,0,0,0,0,0,0,0,0,0,0,0,0,0,0,0,0,0,0,0,4,0,39.9602,-75.1753, , 
 ,27781,2015088744,6,67,67301,2015,8,5,1329,13,1,1,0,1,1, , ,N,1,2,0,3,0,1,2,2,N,N,40 04:16.241,75 02:17.269,1339, ,1331,9,1,2,N, ,3,N, , , , ,328016, , , ,2,1,0,0,0,0,1,0,0,0,0,1,1,0,0,0,0,0,0,0,0,0,0,0,0,0,0,0,0,0,0,0,0,0,0,4,0,40.0712,-75.0381, , 
 ,27782,2015095141,6,67,67301,2015,8,1,1610,16,1,1,0,4,1, , ,N,1,2,0,3,1,0,2,2,N, ,40 02:02.361,75 04:27.863,1610, ,1610,9,2,1, ,0,3,Y, , , , ,328026, , , ,2,1,1,0,0,0,0,0,0,0,0,0,0,0,0,0,0,0,0,0,1,0,0,0,0,0,0,0,1,0,0,0,0,0,0,1,0,40.034,-75.0744,2, 
 ,27783,2015056962,6,67,67301,2015,5,6,1455,14,1,1,0,8,1, , ,N,2,0,0,3,0,1,3,2,N, ,39 57:30.700,75 14:51.629,1524, ,1521,3,1,2, , ,0,N, , , , ,328039, , , ,1,1,0,0,0,0,0,0,0,0,0,1,1,0,0,0,0,0,0,0,1,0,0,0,0,0,0,0,0,0,0,0,1,0,0,4,0,39.9585,-75.2476, , 
 ,27784,2015075755,6,67,67301,2015,7,7,2251,22,2,1,0,8,1, , ,N,0,0,0,3,0,1,2,2,N,N,40 00:07.221,75 07:38.233,2258, ,2251, ,0, ,N, ,0, , , , , ,328055, , , ,1,1,0,0,0,0,0,0,0,0,0,1,1,0,0,0,0,0,0,0,0,0,0,0,0,0,0,0,0,0,0,0,1,0,0,4,0,40.002,-75.1273, , 
 ,27785,2015106402,6,67,67301,2015,9,2,1218,12,1,1,0,4,1, , ,N,1,2,0,3,0,0,5,2,N,N,39 57:18.640,75 12:17.812,1220, ,1218, ,0, , , ,3, , , , , ,328077, , , ,2,2,0,0,0,0,0,0,0,0,0,0,0,0,0,0,0,0,0,0,0,0,0,0,0,0,0,0,0,0,0,0,0,0,0,0,0,39.9552,-75.2049, , 
 ,27786,2015114582,6,67,67301,2015,10,4,1755,17,4,1,0,8,1, , ,N,0,0,0,3,0,1,2,2,N, ,40 02:36.473,75 07:40.784,1930, ,1923, ,0, , , ,0, , , , , ,328082, , , ,1,0,0,0,0,0,1,0,0,0,1,0,1,0,0,0,0,0,0,0,1,0,0,1,0,0,0,0,0,0,0,0,1,0,0,3,0,40.0435,-75.128, , 
 ,27787,2015115221,6,67,67301,2015,10,5,839,8,1,1,0,5,1, , ,N,0,0,0,3,0,0,2,2,N,N,39 59:45.277,75 11:49.756,843, ,843, ,0, ,N, ,0, , , , , ,328085, , , ,2,2,0,0,0,0,0,0,0,0,0,0,0,0,0,0,0,0,0,0,0,0,0,0,0,0,0,0,0,0,0,0,0,0,0,0,0,39.9959,-75.1972, , 
 ,27788,2015035127,6,67,67301,2015,3,7,1420,14,1,1,0,6,1, , ,N,0,0,0,3,0,1,2,3,N, ,40 01:59.692,75 01:53.220,1445, ,1440, ,0, , , ,0, , , , , ,333685, , , ,3,3,0,0,0,0,0,0,0,0,0,0,1,1,0,0,1,0,0,0,0,0,0,0,0,0,0,0,0,0,0,0,0,0,0,8,0,40.0332,-75.0315, , 
 ,27789,2015042769,6,67,67301,2015,3,7,440,4,3,1,0,5,1, , ,N,0,0,0,3,0,1,2,5,N, ,39 57:23.776,75 12:36.198,447, ,446, ,0, , , ,0, , , , , ,333709, , , ,5,5,0,0,0,0,0,0,0,0,0,0,1,1,0,0,0,0,0,0,0,0,0,0,0,0,0,0,0,0,0,0,0,0,0,8,0,39.9566,-75.2101, , 
 ,27790,2015042884,6,67,67301,2015,4,5,900,9,1,1,0,4,1, , ,N,1,2,0,3,0,1,4,2,N,N,39 57:32.239,75 13:44.330,904, ,904, ,0, ,N, ,3, , , , , ,333710, , , ,2,2,0,0,0,0,0,0,0,0,0,1,1,0,0,0,0,0,0,0,1,0,0,0,0,0,0,0,0,0,0,0,0,0,0,4,0,39.959,-75.229, , 
 ,27791,2015051472,6,67,67301,2015,4,6,2300,23,3,1,0,2,1, , ,N,0,0,0,3,0,2,2,2,N,N,40 00:25.053,75 11:44.035,2323, ,2313, ,0, ,N, ,0, , , , , ,333717, , , ,2,2,0,0,0,0,0,0,0,0,0,2,2,0,0,0,0,0,0,0,1,0,0,0,0,0,0,0,0,0,0,0,0,0,0,4,0,40.007,-75.1956, , 
 ,27792,2015059105,6,67,67301,2015,5,5,1804,18,1,2,1,8,1, , ,N,0,0,0,3,0,1,2,2,N,N,40 02:28.095,75 06:25.193,1805, ,1805,1,1,1,N, ,0,N, , , , ,333722, , , ,1,0,0,0,0,0,1,0,0,0,1,0,1,0,1,0,0,0,0,0,0,0,0,0,0,0,0,0,0,0,0,0,1,0,0,3,0,40.0411,-75.107, , 
 ,27793,2015109244,6,67,67301,2015,10,4,740,7,1,1,0,1,1, , ,N,0,2,0,3,0,0,2,2,N, ,40 02:08.024,75 01:28.695,810, ,752, ,0, , , ,3, , , , , ,333732, , , ,2,1,0,0,1,0,0,0,0,0,0,0,0,0,0,0,1,0,0,1,0,0,0,0,0,0,0,0,0,0,0,0,0,0,0,0,0,40.0356,-75.0246, , 
 ,27794,2015109278,6,67,67301,2015,10,3,2352,23,3,1,0,7,3, , ,N,1,2,0,3,0,1,1,1,N,N,40 02:04.567,75 04:16.161,2357, ,2357,1,1,1,N, ,3,Y, , , , ,333733, , , ,1,0,0,0,0,0,1,0,0,0,0,1,1,0,0,0,0,0,0,0,0,0,0,1,0,0,0,0,0,0,0,0,0,0,0,4,0,40.0346,-75.0712, , 
 ,27795,2015117617,6,67,67301,2015,10,3,735,7,1,1,0,1,1, , ,N,0,0,0,3,0,3,4,2,N, ,39 57:05.161,75 14:50.119,824, ,819, ,0, , , ,0, , , , , ,333741, , , ,2,0,0,0,1,0,1,0,0,0,0,3,3,0,0,0,0,0,0,0,1,0,0,1,0,0,0,0,0,0,0,0,0,0,0,4,0,39.9514,-75.2473, , 
N,27796,2015120194,6,67,67301,2015,10,2,2040,20,3,1,0,1,1,1,2,Y,0,0,0,3,0,3,4,3,N,N,39 59:03.437,75 05:46.513,2046,45,2040,2,2,2,N, ,0,N,N,N,N,N,333743,N,N,Y,3,3,0,0,0,0,0,0,0,0,1,2,3,0,0,0,0,0,0,0,1,0,0,1,0,0,0,0,0,0,0,0,0,0,0,3,0,39.9843,-75.0963, , 
 ,27797,2015121027,6,67,67301,2015,10,6,1611,16,1,1,0,4,1, , ,N,0,0,0,3,0,1,2,2,N,N,39 55:11.366,75 09:26.413,1611, ,1611, ,0, ,N, ,0, , , , , ,333744, , , ,1,1,0,0,0,0,0,0,1,0,0,1,1,0,0,0,0,0,0,0,1,0,0,1,0,0,0,0,0,0,0,0,0,0,0,4,0,39.9198,-75.1573, , 
 ,27798,2015075816,6,67,67301,2015,7,5,735,7,1,2,1,6,1, , ,N,0,0,0,3,0,2,3,3,N, ,39 58:13.270,75 11:23.470,743, ,735,2,1,1, , ,0,Y, , , , ,333747, , , ,3,1,0,0,0,0,2,0,0,0,1,1,2,0,0,0,0,0,0,0,0,0,0,0,0,0,0,0,0,0,0,0,0,0,0,3,0,39.9704,-75.1899, , 
 ,27799,2015113184,6,67,67301,2015,9,2,1445,14,1,1,0,4,1, , ,N,1,2,0,3,0,0,2,2,N, ,39 55:36.102,75 11:15.812,1502, ,1500, ,0, , , ,3, , , , , ,333780, , , ,2,2,0,0,0,0,0,0,0,0,0,0,0,0,0,0,0,0,0,0,0,1,0,0,0,0,0,0,0,0,0,0,0,0,0,0,0,39.9267,-75.1879, , 
 ,27800,2015115054,6,67,67301,2015,10,4,1954,19,3,1,0,4,1, , ,N,1,2,0,3,0,2,3,2,N,N,39 55:51.993,75 13:56.255,2000, ,1954, ,0, ,N, ,3, , , , , ,333781, , , ,2,2,0,0,0,0,0,0,0,0,0,0,2,2,0,0,0,0,0,0,0,0,0,1,0,0,0,0,0,0,0,0,0,0,0,8,0,39.931,-75.2324, , 
 ,27801,2015116153,6,67,67301,2015,10,4,2345,23,3,1,0,5,6, , ,N,0,0,0,3,0,0,1,2,N,N,40 00:02.124,75 06:21.013,2350, ,2347, ,0, ,N, ,0, , , , , ,333782, , , ,2,0,0,0,1,0,1,0,0,0,0,0,0,0,0,0,0,0,0,0,0,0,0,1,0,0,0,0,0,0,0,0,0,0,0,0,0,40.0006,-75.1058, , 
 ,27802,2015121040,6,67,67301,2015,8,5,1808,18,1,1,0,8,1, , ,N,0,0,0,3,0,1,3,2,N,N,39 57:11.632,75 11:43.592,1808, ,1808, ,0, ,N, ,0, , , , , ,333788, , , ,1,1,0,0,0,0,0,0,0,0,0,0,1,1,0,0,0,0,0,0,0,0,0,0,0,0,0,0,0,0,0,0,1,0,0,8,0,39.9532,-75.1954, , 
 ,27803,2015081035,6,67,67301,2015,7,7,9999,99,1,1,0,5,1, , ,N,0,0,0,3,0,2,4,2,N,N,40 01:42.242,75 05:24.857,9999, ,9999,2,2,1,N, ,0,Y, , , , ,333804, , , ,2,0,0,0,0,0,1,1,0,0,0,2,2,0,0,0,0,0,0,0,1,0,0,0,0,0,0,0,0,0,0,0,0,0,0,4,0,40.0284,-75.0902, , 
 ,27804,2015093097,6,67,67301,2015,8,2,326,3,3,1,0,7,2, , ,N,0,0,0,3,0,1,3,3,N,N,39 54:40.879,75 08:55.494,336, ,327,2,2,1,N, ,0,Y, , , , ,333808, , , ,3,3,0,0,0,0,0,0,0,0,1,0,1,0,0,0,0,0,0,0,0,0,0,0,0,0,0,0,0,0,0,0,0,0,0,3,0,39.9114,-75.1487, , 
 ,27805,2015093557,6,67,67301,2015,8,7,2016,20,2,1,0,1,1, , ,N,0,0,0,3,0,1,3,3,N,N,39 56:44.578,75 11:23.618,2031, ,2016, ,0, ,N, ,0, , , , , ,333809, , , ,3,2,0,0,1,0,0,0,0,0,0,0,1,1,0,0,0,0,0,0,0,0,0,0,0,0,0,0,0,0,0,0,0,0,0,8,0,39.9457,-75.1899, , 
 ,27806,2015073209,6,67,67301,2015,7,4,1130,11,1,1,8,1,1, , ,N,1,2,0,3,0,1,3,2,N, ,39 58:04.660,75 09:42.873,1144, ,1143, ,0, , , ,3, , , , , ,331265, , , ,2,1,0,0,0,0,0,1,0,0,0,1,1,0,0,0,0,0,0,0,0,0,0,0,0,0,0,0,0,0,0,0,0,0,0,4,0,39.9679,-75.1618, , 
 ,27807,2015078637,6,67,67301,2015,7,5,1730,17,1,1,0,1,1, , ,N,0,0,0,3,0,1,2,2,N,N,39 56:57.493,75 11:33.747,1734, ,1733, ,0, ,N, ,0, , , , , ,331271, , , ,2,1,0,1,0,0,0,0,0,0,0,0,1,1,0,0,0,0,0,0,0,0,0,0,0,0,0,0,0,0,0,0,0,0,0,8,1,39.9493,-75.1927, , 
 ,27808,2015083398,6,67,67301,2015,7,2,219,2,3,1,0,5,6, , ,N,0,0,0,3,0,0,1,3,N, ,39 57:07.858,75 13:13.850,225, ,219, ,0, , , ,0, , , , , ,331295, , , ,3,1,0,0,1,0,1,0,0,0,0,0,0,0,0,0,0,0,0,0,0,0,0,0,0,0,0,0,0,0,0,0,0,0,0,0,0,39.9522,-75.2205, , 
 ,27809,2015092061,6,67,67301,2015,8,5,840,8,1,1,0,8,1, , ,N,0,0,0,3,0,1,2,2,N,N,39 57:10.882,75 13:13.238,842, ,840, ,0, , , ,0, , , , , ,331306, , , ,1,1,0,0,0,0,0,0,0,0,0,1,1,0,0,0,0,0,0,0,0,0,0,0,0,0,0,0,0,0,0,0,1,0,0,4,0,39.953,-75.2203, , 
 ,27810,2015092941,6,67,67301,2015,8,2,1454,14,1,1,0,5,1, , ,N,0,0,0,3,0,1,2,2,N,N,40 02:45.270,75 13:03.668,1502, ,1457, ,0, ,N, ,0, , , , , ,331308, , , ,2,2,0,0,0,0,0,0,0,0,0,1,1,0,0,0,0,0,0,0,0,0,0,0,0,0,0,0,0,0,0,0,0,0,0,4,0,40.0459,-75.2177, , 
 ,27811,2015093999,6,67,67301,2015,9,1,1650,16,1,1,0,7,4, , ,N,0,0,0,3,0,1,1,1,N,N,39 58:37.167,75 09:09.774,1700, ,1655, ,0, ,N, ,0, , , , , ,331319, , , ,1,1,0,0,0,0,0,0,0,0,0,1,1,0,0,0,0,0,0,0,0,0,0,1,0,0,0,0,0,0,0,0,0,0,0,4,0,39.977,-75.1527, , 
 ,27812,2015098952,6,67,67301,2015,9,7,840,8,1,1,0,5,6, , ,N,0,0,0,3,0,0,1,3,N,N,39 56:29.129,75 09:32.336,842, ,842,2,2,2,N, ,0,Y, , , , ,331324, , , ,3,1,0,0,0,0,1,1,0,0,0,0,0,0,0,0,0,0,0,0,0,0,0,0,0,0,0,0,0,0,0,0,0,0,0,0,0,39.9414,-75.159, , 
 ,27813,2015103330,6,67,67301,2015,9,6,436,4,3,1,0,7,4, , ,N,1,2,0,3,0,0,2,1,N, ,40 00:54.823,75 10:11.829,436, ,436, ,0, , , ,3, , , , , ,331326, , , ,1,1,0,0,0,0,0,0,0,0,0,0,0,0,1,0,0,0,0,0,0,0,0,0,0,0,0,0,0,0,0,0,0,0,0,9,0,40.0152,-75.1699, , 
 ,27814,2015103419,6,67,67301,2015,9,5,15,0,3,1,0,4,1, , ,N,1,2,0,3,0,0,2,2,N,N,40 04:27.147,75 02:05.032,40, ,35,1,1,1,N, ,3,Y, , , , ,331327, , , ,2,1,0,0,0,0,0,1,0,0,0,0,0,0,0,0,0,0,0,0,1,0,0,0,0,0,0,0,0,0,0,0,0,0,0,0,0,40.0743,-75.0348, , 
 ,27815,2015115076,6,67,67301,2015,10,2,644,6,3,1,0,8,1, , ,N,1,2,0,3,0,1,2,2,N,N,40 02:03.071,75 04:17.001,652, ,645, ,0, , , ,3, , , , , ,331336, , , ,1,1,0,0,0,0,0,0,0,0,0,0,1,1,0,0,0,0,0,0,0,0,0,0,0,0,0,0,0,0,0,0,1,0,0,8,0,40.0342,-75.0714, , 
 ,27816,2015069767,6,67,67301,2015,6,3,1155,11,1,1,0,8,1, , ,N,0,0,0,3,0,1,2,2,N,N,40 00:03.792,75 07:38.631,1220, ,1157, ,0, ,N, ,0, , , , , ,331351, , , ,1,1,0,0,0,0,0,0,0,0,0,1,1,0,0,0,0,0,0,0,0,0,0,0,0,0,0,0,0,0,0,0,1,0,0,4,0,40.0011,-75.1274, , 
 ,27817,2015073469,6,67,67301,2015,7,6,1827,18,1,1,0,1,1, , ,N,0,0,0,3,0,0,2,2,N,N,40 01:26.208,75 01:56.025,1845, ,1840, ,0, ,N, ,0, , , , , ,331357, , , ,2,1,0,0,0,0,1,0,0,0,0,0,0,0,0,0,0,0,0,0,0,0,0,0,0,0,0,0,0,0,0,0,0,0,0,0,0,40.0239,-75.0322, , 
 ,27818,2015075279,6,67,67301,2015,6,3,729,7,1,1,0,4,1, , ,N,1,2,0,3,0,1,3,3,N,N,40 01:48.733,75 07:06.450,740, ,730, ,0, ,N, ,3, , , , , ,331361, , , ,3,1,0,0,0,0,2,0,0,0,0,1,1,0,0,0,0,0,0,0,0,0,0,0,0,0,0,0,0,0,0,0,0,0,0,4,0,40.0302,-75.1185, , 
 ,27819,2015081146,6,67,67301,2015,7,1,43,0,3,1,0,6,6, , ,N,0,0,0,3,0,0,1,2,N,N,39 56:03.290,75 13:40.210,50, ,43, ,0, ,N, ,0, , , , , ,331368, , , ,2,1,0,0,0,0,1,0,0,0,0,0,0,0,1,0,0,0,0,0,0,0,0,0,0,0,0,0,0,0,0,0,0,0,0,9,0,39.9342,-75.2278, , 
 ,27820,2015093104,6,67,67301,2015,8,2,1412,14,1,1,0,7,3, , ,N,0,0,0,3,0,1,1,1,N,N,39 59:28.220,75 12:13.046,1417, ,1416,1,1,4,N, ,0,N, , , , ,331374, , , ,1,0,0,0,0,0,1,0,0,0,0,0,1,1,0,0,0,0,0,0,0,0,1,0,0,0,0,0,0,0,0,0,0,0,0,8,0,39.9912,-75.2036, , 
 ,27821,2015062742,6,67,67301,2015,5,2,2215,22,3,1,0,1,1, , ,N,1,2,0,3,0,3,4,2,N,N,39 56:23.917,75 12:49.859,301, ,301, ,0, ,N, ,3, , , , , ,331381, , , ,2,2,0,0,0,0,0,0,0,0,0,3,3,0,1,0,0,0,0,0,0,0,0,1,0,0,0,0,0,0,0,0,0,0,0,4,0,39.94,-75.2138, , 
 ,27822,2015025088,6,67,67301,2015,2,6,150,1,3,1,0,5,6, , ,N,0,0,0,3,0,1,1,5,N,N,40 02:44.037,75 09:00.396,155, ,152, ,0, ,N, ,0, , , , , ,331385, , , ,5,5,0,0,0,0,0,0,0,0,0,0,1,1,0,0,0,0,0,0,0,0,0,0,0,0,0,0,0,0,0,0,0,0,0,8,0,40.0456,-75.1501, , 
 ,27823,2015035182,6,67,67301,2015,3,1,1400,14,1,3,1,6,1, , ,N,0,0,0,3,0,0,3,3,N,N,39 58:19.016,75 11:23.869,1413, ,1408,1,1,1,N, ,0,N, , , , ,331393, , , ,3,2,0,0,0,0,1,0,0,0,0,0,0,0,0,0,0,0,0,0,1,0,0,0,0,0,0,0,0,0,0,0,0,0,0,0,0,39.9719,-75.19, , 
N,27824,2015052389,6,67,67301,2015,5,7,1424,14,1,1,0,7,4,1,4,Y,0,0,0,3,0,1,1,1,N,N,40 01:14.343,75 02:32.876,1445,45,1426,2,2,1,N, ,0,N,N,N,N,N,331406,N,Y,Y,1,0,0,0,0,0,1,0,0,0,0,0,1,1,0,0,0,0,0,0,0,0,0,0,0,0,0,0,0,0,0,0,0,0,0,8,0,40.0207,-75.0425, , 
 ,27825,2015068048,6,67,67301,2015,6,6,1544,15,1,1,0,2,1, , ,N,0,0,0,3,0,1,4,3,N,N,39 57:57.902,75 08:09.011,1615, ,1600, ,0, ,N, ,0, , , , , ,325275, , , ,3,2,1,0,0,0,0,0,0,0,0,1,1,0,0,0,0,0,0,0,2,0,0,0,0,0,0,0,0,0,0,0,0,0,0,4,0,39.9661,-75.1358, , 
 ,27826,2015071474,6,67,67301,2015,6,2,2012,20,1,1,0,5,1, , ,N,0,0,0,3,0,0,2,2,N,N,39 55:24.160,75 11:32.076,2020, ,2015, ,0, ,N, ,0, , , , , ,325278, , , ,2,1,1,0,0,0,0,0,0,0,0,0,0,0,1,0,0,0,0,0,0,0,0,0,0,0,0,0,0,0,0,0,0,0,0,9,0,39.9234,-75.1922, , 
N,27827,2015073081,6,67,67301,2015,6,3,803,8,1,1,0,1,1,1,4,Y,0,0,0,3,0,1,4,2,N,N,40 01:16.604,75 02:28.718,831,45,803, ,0, ,N, ,0, ,Y,N,N,N,325284,N,Y,N,2,2,0,0,0,0,0,0,0,0,0,0,1,1,0,0,0,0,0,0,1,0,0,0,0,0,0,0,0,0,0,0,0,0,0,8,0,40.0213,-75.0413, , 
 ,27828,2015075841,6,67,67301,2015,7,4,1627,16,1,1,0,4,1, , ,N,1,3,0,3,0,4,6,3,N, ,40 00:41.961,75 09:47.160,1638, ,1627,2,2,7, , ,3,Y, , , , ,325286, , , ,3,1,0,0,0,0,1,1,0,0,0,0,4,4,2,0,0,0,0,0,0,0,0,0,0,0,0,0,0,0,0,0,0,0,0,8,0,40.0116,-75.163, , 
 ,27829,2015081135,6,67,67301,2015,7,4,5,0,3,1,0,1,6, , ,N,0,0,0,3,0,0,2,2,N, ,40 01:33.222,75 09:46.530,16, ,12, ,0, , , ,0, , , , , ,325292, , , ,2,0,0,0,0,0,2,0,0,0,0,0,0,0,2,0,0,0,0,0,0,0,0,0,0,0,0,0,0,0,0,0,0,0,0,9,0,40.0259,-75.1629, , 
 ,27830,2015085229,6,67,67301,2015,8,4,1730,17,1,1,0,8,1, , ,N,1,2,0,3,0,1,2,2,N, ,39 55:23.275,75 10:11.576,1733, ,1732, ,0, , , ,3, , , , , ,325321, , , ,1,1,0,0,0,0,0,0,0,0,0,0,1,1,0,0,0,0,0,0,0,0,0,0,0,0,0,0,0,0,0,0,1,0,0,8,0,39.9231,-75.1699, , 
 ,27831,2015114535,6,67,67301,2015,10,6,1127,11,1,1,0,4,1, , ,N,1,3,0,3,0,1,4,3,N,N,39 56:30.976,75 12:49.989,1150, ,1127,2,1,4,N, ,3,N, , , , ,325346, , , ,3,2,0,0,0,0,1,0,0,0,0,1,1,0,0,0,0,0,0,0,0,0,0,0,0,0,0,0,0,0,0,0,0,0,0,4,0,39.9419,-75.2139, , 
 ,27832,2015053935,6,67,67301,2015,5,4,1730,17,1,1,0,4,1, , ,N,1,2,0,3,0,1,2,2,N,N,40 01:49.440,75 10:49.133,1820, ,1813, ,0, ,N, ,3, , , , , ,325353, , , ,2,1,0,0,0,0,1,0,0,0,0,1,1,0,0,0,0,0,0,0,0,2,0,0,0,0,0,0,0,0,0,0,0,0,0,4,0,40.0304,-75.1803, , 
U,27833,2015065456,6,67,67301,2015,6,2,1420,14,1,1,0,1,6,8,8,Y,0,0,0,3,0,0,1,2,N,N,39 56:41.233,75 09:30.794,1535,99,1530, ,0, ,N, ,0, ,U,U,U,U,325360,U,U,U,2,1,0,0,1,0,0,0,0,0,0,0,0,0,0,0,0,0,0,0,0,0,0,1,0,0,0,0,0,0,0,0,0,0,0,0,0,39.9448,-75.1586, , 
 ,27834,2015088660,6,67,67301,2015,8,5,106,1,3,1,0,7,4, , ,N,10,0,0,3,0,1,1,1,N, ,39 57:58.628,75 10:45.875,116, ,111, ,0, , , ,0, , , , , ,325378, , , ,1,0,1,0,0,0,0,0,0,0,0,1,1,0,0,0,0,0,0,0,0,0,0,0,0,0,0,0,0,0,0,0,0,0,0,4,0,39.9663,-75.1793, , 
 ,27835,2015092971,6,67,67301,2015,8,7,2242,22,2,1,0,8,1, , ,N,2,3,0,3,0,1,2,2,N,N,40 01:33.178,75 13:28.865,2255, ,2242, ,0, ,N, ,3, , , , , ,325382, , , ,1,1,0,0,0,0,0,0,0,0,0,1,1,0,0,0,0,0,0,0,0,0,0,0,0,0,0,0,0,0,0,0,1,0,0,4,0,40.0259,-75.2247, , 
 ,27836,2015099074,6,67,67301,2015,9,4,1702,17,1,1,0,1,1, , ,N,1,2,0,3,0,2,4,3,N,N,40 01:57.154,75 07:27.076,1945, ,1914, ,0, ,N, ,3, , , , , ,325388, , , ,3,2,0,0,0,0,1,0,0,0,0,2,2,0,0,0,0,0,0,0,0,0,0,0,0,0,0,0,0,0,0,0,0,0,0,4,0,40.0325,-75.1242, , 
 ,27837,2015107448,6,67,67301,2015,9,1,1245,12,1,1,0,4,1, , ,N,5,2,0,3,0,0,3,2,N,N,39 59:05.283,75 14:13.832,1300, ,1300, ,0, ,N, ,3, , , , , ,325395, , , ,2,1,0,0,0,0,1,0,0,0,0,0,0,0,0,0,0,0,0,0,0,0,0,0,0,0,0,0,0,0,0,0,0,0,0,0,0,39.9848,-75.2372, , 
 ,27838,2015108078,6,67,67301,2015,9,4,1035,10,1,1,2,7,1, , ,N,0,0,0,3,0,0,1,1,N,N,40 00:26.664,75 12:00.307,1044, ,1035,2,1,4,N, ,0,N, , , , ,325398, , , ,1,0,0,0,0,0,1,0,0,0,0,0,0,0,0,0,0,0,0,0,1,0,0,0,0,0,0,0,0,0,0,0,0,0,0,0,0,40.0074,-75.2001, , 
 ,27839,2015091044,6,67,67301,2015,8,1,459,4,3,1,0,7,2, , ,N,0,0,0,3,0,1,1,1,N,N,40 01:09.066,75 09:36.769,504, ,502, ,0, ,N, ,0, , , , , ,325419, , , ,1,1,0,0,0,0,0,0,0,0,1,0,1,0,0,0,0,0,0,0,0,0,0,0,0,0,0,0,0,0,0,0,0,0,0,3,0,40.0192,-75.1602, , 
 ,27840,2015099049,6,67,67301,2015,8,5,1004,10,1,1,0,4,1, , ,N,1,3,0,3,0,0,3,2,N, ,39 55:30.817,75 11:10.751,1004, ,1004, ,0, , , ,3, , , , , ,325425, , , ,2,2,0,0,0,0,0,0,0,0,0,0,0,0,0,0,0,0,0,1,0,0,0,1,0,0,0,0,0,0,0,0,0,0,0,0,0,39.9252,-75.1863, , 
 ,27841,2015103391,6,67,67301,2015,9,1,215,2,3,1,0,7,4, , ,N,0,0,0,3,0,1,2,3,N,N,39 56:54.728,75 09:27.815,220, ,216, ,0, ,N, ,0, , , , , ,325432, , , ,3,1,0,0,0,0,1,1,0,0,0,1,1,0,0,0,0,0,0,0,0,0,0,0,0,0,0,0,0,0,0,0,0,0,0,4,0,39.9485,-75.1577, , 