wz_ln_closure,objectid_1,crn,district,county,municipality,crash_year,crash_month,day_of_week,time_of_day,hour_of_day,illumination,weather,road_condition,collision_type,relation_to_road,work_zone_type,work_zone_loc,work_zone_ind,intersect_type,tcd_type,location_type,urban_rural,fatal_count,injury_count,person_count,total_units,sch_bus_ind,sch_zone_ind,latitude,longitude,arrival_tm,cons_zone_spd_lim,dispatch_tm,est_hrs_closed,lane_closed,ln_close_dir,ntfy_hiwy_maint,spec_juris_cd,tcd_func_cd,tfc_detour_ind,workers_pres,wz_close_detour,wz_flagger,wz_law_offcr_ind,objectid,wz_moving,wz_other,wz_shlder_mdn,vehicle_count,automobile_count,motorcycle_count,bus_count,small_truck_count,heavy_truck_count,suv_count,van_count,bicycle_count,maj_inj_count,mod_inj_count,min_inj_count,tot_inj_count,unk_inj_deg_count,unk_inj_per_count,driver_count_16yr,driver_count_17yr,driver_count_18yr,driver_count_19yr,driver_count_20yr,driver_count_50_64yr,driver_count_65_74yr,driver_count_75plus,unbelted_occ_count,unb_death_count,unb_maj_inj_count,belted_death_count,belted_maj_inj_count,mcycle_death_count,mcycle_maj_inj_count,bicycle_death_count,bicycle_maj_inj_count,ped_count,ped_death_count,ped_maj_inj_count,max_severity_level,comm_veh_count,dec_lat,dec_long,rdwy_surf_type_cd,county_name
 ,27909,2015015608,6,67,67301,2015,1,6,2101,21,3,1,6,4,1, , ,N,1,2,0,3,0,1,4,3,N, ,39 55:02.019,75 14:14.620,2105, ,2101, ,0, , , ,3, , , , , ,325552, , , ,3,1,0,0,1,0,1,0,0,0,0,0,1,1,0,0,0,0,0,0,0,0,0,0,0,0,0,0,0,0,0,0,0,0,0,8,0,39.9172,-75.2374, , 
 ,27910,2015076210,6,67,67301,2015,7,1,2053,20,3,1,0,8,1, , ,N,1,0,0,3,0,1,2,2,N,N,40 01:34.899,75 03:25.102,2055, ,2054, ,0, ,N, ,0, , , , , ,325560, , , ,1,0,0,0,1,0,0,0,0,0,0,1,1,0,1,0,0,0,0,0,0,0,0,0,0,0,0,0,0,0,0,0,1,0,0,4,0,40.0264,-75.057, , 
 ,27911,2015085300,6,67,67301,2015,8,1,1400,14,1,1,0,1,1, , ,N,0,0,0,3,0,1,4,3,N,N,40 05:41.730,74 57:32.600,1550, ,1543, ,0, ,N, ,0, , , , , ,325566, , , ,3,2,0,0,0,0,1,0,0,0,1,0,1,0,0,0,0,0,0,0,2,0,1,0,0,0,0,0,0,0,0,0,0,0,0,3,0,40.0949,-74.9591, , 
 ,27912,2015086222,6,67,67301,2015,8,4,1631,16,1,1,0,4,1, , ,N,1,3,0,3,0,2,2,2,N,N,39 59:16.468,75 08:38.288,1700, ,1631, ,0, ,N, ,3, , , , , ,325568, , , ,2,2,0,0,0,0,0,0,0,0,0,2,2,0,0,0,0,0,0,0,0,0,0,0,0,0,0,0,0,0,0,0,0,0,0,4,0,39.9879,-75.144, , 
 ,27913,2015095198,6,67,67301,2015,9,6,1600,16,1,1,0,8,1, , ,N,1,2,0,3,0,1,2,2,N,N,40 02:26.426,75 07:35.867,1830, ,9999, ,0, , , ,3, , , , , ,325582, , , ,1,1,0,0,0,0,0,0,0,0,0,1,1,0,1,0,0,0,0,0,0,0,0,0,0,0,0,0,0,0,0,0,1,0,0,4,0,40.0407,-75.1266, , 
 ,27914,2015114631,6,67,67301,2015,10,4,1750,17,1,1,0,4,1, , ,N,0,0,0,3,0,3,3,2,N,N,39 59:20.407,75 11:21.651,1810, ,1756, ,0, ,N, ,0, , , , , ,325592, , , ,2,1,0,0,0,0,1,0,0,0,0,0,3,3,0,0,0,0,0,0,0,1,0,0,0,0,0,0,0,0,0,0,0,0,0,8,0,39.989,-75.1893, , 
 ,27915,2015051938,6,67,67301,2015,4,4,1908,19,1,1,0,4,1, , ,N,1,2,0,3,0,1,3,2,N,N,39 59:02.576,75 10:29.891,2001, ,1920, ,0, ,N, ,3, , , , , ,325593, , , ,2,1,0,0,0,0,0,1,0,0,0,1,1,0,0,0,0,0,0,0,0,0,0,1,0,0,0,0,0,0,0,0,0,0,0,4,0,39.984,-75.175, , 
 ,27916,2015091085,6,67,67301,2015,8,7,1340,13,1,1,0,4,1, , ,N,1,2,0,3,0,3,6,2,N,N,39 58:21.766,75 12:14.569,1342, ,2342, ,0, ,N, ,3, , , , , ,328278, , , ,2,1,0,0,0,0,1,0,0,0,0,2,3,1,0,0,0,0,0,0,0,0,0,0,0,0,0,0,0,0,0,0,0,0,0,4,0,39.9727,-75.204, , 
 ,27917,2015109201,6,67,67301,2015,10,6,1120,11,1,2,1,7,4, , ,N,0,0,0,3,0,1,1,1,N,N,39 58:12.567,75 11:22.577,1136, ,1128, ,0, ,N, ,0, , , , , ,328287, , , ,1,1,0,0,0,0,0,0,0,0,0,0,1,1,0,0,0,0,0,0,0,0,0,0,0,0,0,0,0,0,0,0,0,0,0,8,0,39.9702,-75.1896, , 
 ,27918,2015061840,6,67,67301,2015,5,4,1205,12,1,1,0,4,1, , ,N,1,2,0,3,0,1,2,2,N,N,39 56:29.972,75 10:45.670,1232, ,1228, ,0, ,N, ,3, , , , , ,328299, , , ,2,1,0,0,0,0,0,1,0,0,0,0,1,1,0,0,0,0,0,0,0,0,0,0,0,0,0,0,0,0,0,0,0,0,0,8,0,39.9417,-75.1794, , 
 ,27919,2015071461,6,67,67301,2015,6,3,1107,11,1,1,0,1,1, , ,N,6,4,2,3,0,0,2,2,N,N,39 56:58.330,75 11:03.646,1115, ,1107,1,1,4,N, ,3,N, , , , ,328307, , , ,2,0,0,0,0,0,2,0,0,0,0,0,0,0,0,0,0,0,0,0,1,0,0,0,0,0,0,0,0,0,0,0,0,0,0,0,0,39.9485,-75.1863, , 
 ,27920,2015074396,6,67,67301,2015,7,5,2050,20,3,2,1,7,2, , ,N,0,0,0,3,0,0,1,1,N,N,39 55:26.531,75 08:50.837,2050, ,2050, ,0, ,N, ,0, , , , , ,328308, , , ,1,1,0,0,0,0,0,0,0,0,0,0,0,0,0,0,0,0,0,0,0,0,0,0,0,0,0,0,0,0,0,0,0,0,0,0,0,39.924,-75.1475, , 
 ,27921,2015085266,6,67,67301,2015,8,1,930,9,1,1,0,4,1, , ,N,1,2,0,3,0,7,7,2,N, ,39 57:12.011,75 11:01.589,933, ,933,1,2,7, , ,3,N, , , , ,328322, , , ,2,2,0,0,0,0,0,0,0,0,0,1,7,6,0,0,0,0,0,0,0,0,0,0,0,0,0,0,0,0,0,0,0,0,0,4,0,39.9533,-75.1838, , 
 ,27922,2015087912,6,67,67301,2015,8,2,226,2,3,1,0,7,3, , ,N,1,2,0,3,2,0,2,1,N,N,40 01:47.679,75 06:11.073,230, ,226,3,2,2,N,9,3,Y, , , , ,328323, , , ,1,0,0,0,0,0,1,0,0,0,0,0,0,0,0,0,0,0,0,0,0,0,0,0,0,0,0,0,0,0,0,0,0,0,0,1,0,40.0299,-75.1031,9, 
 ,27923,2015099054,6,67,67301,2015,9,7,2200,22,3,1,0,1,1, , ,N,1,2,0,3,0,1,3,2,N, ,39 58:14.012,75 08:59.857,2200, ,2150, ,0, , , ,3, , , , , ,328332, , , ,2,2,0,0,0,0,0,0,0,1,0,0,1,0,0,0,0,0,0,0,1,0,0,1,0,1,0,0,0,0,0,0,0,0,0,2,0,39.9704,-75.15, , 
 ,27924,2015103322,6,67,67301,2015,9,1,550,5,2,1,0,5,6, , ,N,0,0,0,3,0,0,1,3,N,N,40 02:04.589,75 05:21.044,600, ,555, ,0, ,N, ,0, , , , , ,328335, , , ,3,2,0,0,1,0,0,0,0,0,0,0,0,0,1,0,0,0,0,0,0,0,0,0,0,0,0,0,0,0,0,0,0,0,0,9,0,40.0346,-75.0892, , 
 ,27925,2015106466,6,67,67301,2015,9,1,1243,12,1,1,0,4,1, , ,N,2,2,0,3,0,1,2,2,N,N,40 03:29.079,74 59:53.902,1253, ,1250, ,0, , , ,3, , , , , ,328340, , , ,1,1,0,0,0,0,0,0,1,0,0,1,1,0,0,0,0,0,0,0,0,1,0,0,0,0,0,0,0,0,0,0,0,0,0,4,0,40.0581,-74.9983, , 
 ,27926,2015109225,6,67,67301,2015,10,5,1730,17,1,2,1,1,1, , ,N,1,2,0,3,0,1,2,2,N,N,40 06:40.143,75 01:27.353,1736, ,1736,2,1,7,N, ,3,Y, , , , ,328342, , , ,2,1,0,0,0,0,0,1,0,0,0,0,1,1,0,0,0,0,0,0,1,1,0,0,0,0,0,0,0,0,0,0,0,0,0,8,0,40.1112,-75.0243, , 
 ,27927,2015109282,6,67,67301,2015,10,3,922,9,1,1,0,4,1, , ,N,2,0,0,3,0,0,2,2,N, ,40 01:58.095,75 12:28.564,925, ,923, ,0, , , ,0, , , , , ,328343, , , ,2,1,0,0,0,0,0,1,0,0,0,0,0,0,0,0,0,0,0,0,0,0,0,0,0,0,0,0,0,0,0,0,0,0,0,0,0,40.0328,-75.2079, , 
 ,27928,2015113174,6,67,67301,2015,10,5,2015,20,3,1,0,4,1, , ,N,2,3,0,3,0,0,2,2,N,N,39 58:31.037,75 10:05.801,2044, ,2044, ,0, ,N, ,3, , , , , ,328361, , , ,2,1,0,0,0,0,1,0,0,0,0,0,0,0,0,0,0,0,0,0,0,0,0,0,0,0,0,0,0,0,0,0,0,0,0,0,0,39.9753,-75.1683, , 
 ,27929,2015125378,6,67,67301,2015,11,6,1117,11,1,1,0,7,3, , ,N,0,0,0,3,0,0,1,1,N,N,40 01:11.601,75 02:40.705,1135, ,1119, ,0, ,N, ,0, , , , , ,328380, , , ,1,0,0,0,0,0,1,0,0,0,0,0,0,0,0,0,0,0,0,0,0,0,0,0,0,0,0,0,0,0,0,0,0,0,0,0,0,40.0199,-75.0446, , 
 ,27930,2015129997,6,67,67301,2015,11,3,1648,16,1,1,0,5,1, , ,N,0,0,0,3,0,0,1,5,N,N,39 55:29.125,75 09:22.557,1649, ,1649, ,0, ,N, ,0, , , , , ,328385, , , ,5,2,0,0,0,0,2,1,0,0,0,0,0,0,1,0,0,0,0,0,1,0,0,0,0,0,0,0,0,0,0,0,0,0,0,9,0,39.9248,-75.1563, , 
 ,27931,2015130005,6,67,67301,2015,11,5,1800,18,2,1,0,8,1, , ,N,1,3,0,3,0,1,2,2,N,N,39 55:58.990,75 09:32.882,1830, ,1814, ,0, , , ,3, , , , , ,328386, , , ,1,0,0,0,0,0,1,0,0,0,0,1,1,0,0,0,0,0,0,0,1,0,0,0,0,0,0,0,0,0,0,0,1,0,0,4,0,39.9331,-75.1591, , 
 ,27932,2015131208,6,67,67301,2015,11,6,2030,20,3,1,0,4,1, , ,N,1,3,0,3,0,1,3,2,N,N,39 58:13.789,75 14:46.492,2120, ,2110,2,2,2,N, ,3,Y, , , , ,328387, , , ,2,0,0,0,0,0,2,0,0,0,0,1,1,0,0,0,0,1,0,0,1,0,0,1,0,0,0,0,0,0,0,0,0,0,0,4,0,39.9705,-75.2462, , 
 ,27933,2015056504,6,67,67301,2015,5,6,906,9,1,1,0,4,1, , ,N,1,2,0,3,0,1,5,2,N,Y,39 55:13.464,75 13:58.368,906, ,906, ,0, ,N, ,3, , , , , ,328394, , , ,2,0,0,0,0,0,1,0,0,0,0,1,1,0,0,0,0,0,0,0,1,0,0,0,0,0,0,0,0,0,0,0,0,0,0,4,0,39.9204,-75.2329, , 
 ,27934,2015102005,6,67,67301,2015,9,1,2130,21,3,1,0,4,1, , ,N,1,2,0,3,0,1,6,2,N, ,39 55:05.910,75 12:31.905,2207, ,2201, ,0, , , ,3, , , , , ,333975, , , ,2,1,0,0,0,0,1,0,0,0,1,0,1,0,0,0,0,0,0,0,0,0,0,0,0,0,0,0,0,0,0,0,0,0,0,3,0,39.9182,-75.2088, , 
 ,27935,2015066289,6,67,67301,2015,6,4,1650,16,1,1,0,1,1, , ,N,1,2,0,3,0,2,4,4,N,N,39 57:33.197,75 13:52.115,1650, ,1650, ,0, ,N, ,3, , , , , ,333994, , , ,4,1,0,0,0,0,2,1,0,0,0,2,2,0,0,0,0,0,0,0,1,0,0,2,0,0,0,0,0,0,0,0,0,0,0,4,0,39.9592,-75.2311, , 
 ,27936,2015092986,6,67,67301,2015,8,5,1926,19,3,1,0,1,1, , ,N,1,2,0,3,0,1,6,3,N,N,40 01:32.306,75 03:29.519,1941, ,1940, ,0, ,N, ,3, , , , , ,334014, , , ,3,2,0,0,0,0,1,0,0,0,0,1,1,0,1,0,0,0,0,0,0,0,0,0,0,0,0,0,0,0,0,0,0,0,0,4,0,40.0256,-75.0582, , 
 ,27937,2015102401,6,67,67301,2015,9,3,849,8,1,1,0,4,1, , ,N,1,2,0,3,0,2,3,2,N,N,40 00:44.920,75 04:08.560,850, ,849, ,0, , , ,3, , , , , ,334021, , , ,2,1,0,0,0,0,1,0,0,0,0,2,2,0,1,0,0,0,0,0,0,0,0,0,0,0,0,0,0,0,0,0,0,0,0,4,0,40.0124,-75.0691, , 
 ,27938,2015078282,6,67,67301,2015,4,3,1627,16,1,1,1,4,1, , ,N,1,2,0,3,0,1,2,2,N,N,39 59:24.820,75 09:43.023,1756, ,1628, ,0, , , ,3, , , , , ,334049, , , ,1,0,0,0,0,0,0,0,1,0,0,0,1,1,0,0,0,0,0,0,0,0,0,0,0,0,0,0,0,0,0,0,0,0,0,8,0,39.9902,-75.162, , 
 ,27939,2015096358,6,67,67301,2015,9,1,2148,21,3,1,0,0,1, , ,N,0,0,0,3,0,0,1,1,N,N,39 53:57.925,75 09:55.296,2154, ,2154,2,2,2,N, ,0,N, , , , ,334065, , , ,1,1,0,0,0,0,0,0,0,0,0,0,0,0,0,0,0,0,0,0,0,0,0,0,0,0,0,0,0,0,0,0,0,0,0,0,0,39.8994,-75.1654, , 
 ,27940,2015099072,6,67,67301,2015,9,6,9999,99,1,1,0,1,1, , ,N,1,2,0,3,0,2,7,3,N,N,40 02:13.851,75 07:25.305,1444, ,1442, ,0, ,N, ,3, , , , , ,334069, , , ,3,1,0,0,0,0,1,1,0,0,0,2,2,0,1,0,0,0,0,0,0,0,0,0,0,0,0,0,0,0,0,0,0,0,0,4,0,40.0372,-75.1237, , 
 ,27941,2015057971,6,67,67301,2015,5,3,2230,22,3,1,0,7,2, , ,N,0,0,0,3,0,0,1,1,N,N,39 57:14.104,75 08:27.204,2243, ,2230,1,2,1,N, ,0,N, , , , ,334083, , , ,1,1,0,0,0,0,0,0,0,0,0,0,0,0,0,0,0,0,0,0,0,0,0,0,0,0,0,0,0,0,0,0,0,0,0,0,0,39.9539,-75.1409, , 
 ,27942,2015083331,6,67,67301,2015,7,3,1546,15,1,1,0,8,1, , ,N,0,0,0,3,0,1,2,2,N,N,40 01:40.616,75 07:07.615,1604, ,1551, ,0, ,N, ,0, , , , , ,334084, , , ,1,1,0,0,0,0,0,0,0,0,0,1,1,0,0,0,0,0,0,0,0,0,0,0,0,0,0,0,0,0,0,0,1,0,0,4,0,40.0279,-75.1188, , 
 ,27943,2015099158,6,67,67301,2015,9,2,615,6,1,1,0,8,1, , ,N,1,2,0,3,0,1,2,2,N, ,39 55:14.358,75 10:14.006,625, ,625,2,1,2, , ,3,N, , , , ,334097, , , ,1,1,0,0,0,0,0,0,0,0,0,1,1,0,0,0,0,0,0,0,0,0,0,0,0,0,0,0,0,0,0,0,1,0,0,4,0,39.9206,-75.1704, , 
 ,27944,2015067280,6,67,67301,2015,6,1,58,0,3,2,1,7,7, , ,N,10,0,0,3,0,1,1,1,N,N,39 53:35.717,75 13:42.269,118, ,101,1,2,2,Y, ,0,N, , , , ,334117, , , ,1,1,0,0,0,0,0,0,0,0,0,0,1,1,0,0,0,0,0,0,0,0,0,1,0,0,0,0,0,0,0,0,0,0,0,8,0,39.8933,-75.2284, , 
 ,27945,2015067937,6,67,67301,2015,5,6,715,7,1,1,0,1,1, , ,N,1,3,0,3,0,2,2,2,N, ,39 55:48.586,75 11:42.738,730, ,724, ,0, , , ,3, , , , , ,334118, , , ,2,2,0,0,0,0,0,0,0,0,0,1,2,1,0,0,0,0,0,0,1,0,0,0,0,0,0,0,0,0,0,0,0,0,0,4,0,39.9302,-75.1952, , 
 ,27946,2015078624,6,67,67301,2015,7,2,2145,21,3,1,0,4,1, , ,N,1,2,0,3,0,1,2,2,N, ,40 01:20.463,75 04:41.285,2145, ,2145, ,0, , , ,3, , , , , ,334123, , , ,1,0,0,0,0,0,0,1,1,0,0,1,1,0,0,0,0,0,0,0,0,0,0,0,0,0,0,0,0,0,0,0,0,0,0,4,0,40.0224,-75.0781, , 
 ,27947,2015078636,6,67,67301,2015,7,6,2140,21,3,1,0,1,1, , ,N,1,2,0,3,0,3,3,5,N,N,40 01:47.231,75 05:16.817,9999, ,2145, ,0, ,N, ,3, , , , , ,334124, , , ,5,4,0,0,0,0,1,0,0,0,0,3,3,0,0,0,0,0,0,0,1,1,0,0,0,0,0,0,0,0,0,0,0,0,0,4,0,40.0298,-75.088, , 
 ,27948,2015079281,6,67,67301,2015,7,2,1840,18,1,1,0,7,2, , ,N,0,0,0,3,0,3,5,1,N,N,39 54:18.114,75 08:59.867,1850, ,1840,1,2,2,N, ,0,N, , , , ,334125, , , ,1,1,0,0,0,0,0,0,0,0,0,2,3,1,0,0,0,0,0,0,0,0,0,0,0,0,0,0,0,0,0,0,0,0,0,4,0,39.905,-75.15, , 
 ,27949,2015083408,6,67,67301,2015,7,4,1830,18,1,1,0,4,1, , ,N,3,3,2,3,0,1,2,2,N,N,40 02:57.453,75 00:05.467,1240, ,1234, ,0, ,N, ,3, , , , , ,334129, , , ,2,1,1,0,0,0,0,0,0,0,0,1,1,0,0,0,0,0,0,0,1,0,0,0,0,0,0,0,0,0,0,0,0,0,0,4,0,40.0493,-75.0015, , 
 ,27950,2015045393,6,67,67301,2015,4,4,828,8,3,2,1,1,1, , ,N,0,2,0,3,0,0,2,2,N, ,39 57:27.902,75 09:46.078,830, ,828, ,0, , , ,3, , , , , ,334135, , , ,2,2,0,0,0,0,0,0,0,0,0,0,0,0,0,0,0,0,0,0,0,0,0,0,0,0,0,0,0,0,0,0,0,0,0,0,0,39.9578,-75.1628, , 
 ,27951,2015049004,6,67,67301,2015,4,5,2345,23,3,1,0,1,1, , ,N,1,2,0,3,0,1,4,3,N,N,39 55:05.910,75 12:31.905,16, ,9, ,0, ,N, ,3, , , , , ,334136, , , ,3,3,0,0,0,0,0,0,0,0,0,1,1,0,0,0,0,0,0,0,0,0,0,0,0,0,0,0,0,0,0,0,0,0,0,4,0,39.9183,-75.209, , 
 ,27952,2015115010,6,67,67301,2015,10,7,410,4,3,1,0,2,6, , ,N,0,0,0,3,0,0,1,4,N, ,40 02:15.766,75 04:33.234,422, ,417, ,0, , , ,0, , , , , ,331667, , , ,4,2,0,0,0,0,1,1,0,0,0,0,0,0,0,0,0,0,0,0,0,0,0,0,0,0,0,0,0,0,0,0,0,0,0,0,0,40.0377,-75.0759, , 
 ,27953,2015114576,6,67,67301,2015,10,6,1647,16,4,1,0,4,1, , ,N,1,2,0,3,0,1,2,2,N,N,39 58:27.296,75 15:18.665,1653, ,1651,2,1,3, , ,3,N, , , , ,331690, , , ,2,2,0,0,0,0,0,0,0,0,1,0,1,0,0,0,0,0,0,0,2,0,0,1,0,0,0,0,0,0,0,0,0,0,0,3,0,39.9742,-75.2552, , 
 ,27954,2015130115,6,67,67301,2015,10,1,1641,16,1,1,0,8,1, , ,N,1,2,0,3,0,1,2,3,N,N,39 57:13.024,75 13:05.347,1651, ,1641, ,0, ,N, ,3, , , , , ,331705, , , ,2,2,0,0,0,0,0,0,0,0,0,1,1,0,0,0,0,0,0,0,0,0,0,1,0,0,0,0,0,0,0,0,1,0,0,4,0,39.9536,-75.2182, , 
 ,27955,2015133763,6,67,67301,2015,12,7,329,3,3,1,0,8,1, , ,N,0,0,0,3,0,2,3,3,N, ,40 02:53.847,75 10:25.809,331, ,331, ,0, , , ,0, , , , , ,331708, , , ,1,1,0,0,0,0,0,0,0,0,1,1,2,0,1,0,0,0,0,0,0,0,0,0,0,0,0,0,0,0,0,0,2,0,0,3,0,40.0483,-75.1738, , 
 ,27956,2016000980,6,67,67301,2015,12,6,2010,20,3,1,0,1,1, , ,N,0,0,2,3,0,0,3,2,N, ,39 55:20.926,75 11:28.711,2015, ,2010,1,1,2, , ,0,N, , , , ,331715, , , ,2,1,0,0,0,0,1,0,0,0,0,0,0,0,0,0,0,0,0,0,1,0,0,0,0,0,0,0,0,0,0,0,0,0,0,0,0,39.9225,-75.1913, , 
 ,27957,2015066193,6,67,67301,2015,6,6,9999,99,3,1,0,0,1, , ,N,0,0,0,3,0,1,1,2,N,N,40 01:47.170,75 06:16.717,225, ,2049, ,0, ,N, ,0, , , , , ,331719, , , ,1,0,1,0,0,0,0,0,0,0,0,1,1,0,0,0,0,0,0,0,0,0,0,0,0,0,0,0,0,0,0,0,0,0,0,4,0,40.0298,-75.1046, , 
 ,27958,2015067927,6,67,67301,2015,6,1,9999,99,3,1,0,4,1, , ,N,2,2,0,3,0,1,3,2,N,N,39 55:01.268,75 12:57.480,0, ,9999,1,1,4,N, ,3,Y, , , , ,331720, , , ,2,2,0,0,0,0,0,0,0,0,0,1,1,0,0,0,0,0,0,0,0,0,0,0,0,0,0,0,0,0,0,0,0,0,0,4,0,39.9169,-75.2159, , 
 ,27959,2015117647,6,67,67301,2015,10,5,859,8,1,1,1,2,1, , ,N,0,0,0,3,0,1,2,2,N,N,40 03:34.100,75 12:03.500,1005, ,956,2,2,5,N, ,0,Y, , , , ,331724, , , ,2,2,0,0,0,0,0,0,0,0,0,0,1,1,0,0,0,0,0,0,1,0,0,0,0,0,0,0,0,0,0,0,0,0,0,8,0,40.0595,-75.201, , 
 ,27960,2015120612,6,67,67301,2015,11,2,1758,17,1,1,0,1,1, , ,N,0,0,0,3,0,1,2,2,N,N,39 57:42.144,75 10:57.762,1816, ,1758, ,0, ,N, ,0, , , , , ,331726, , , ,2,1,0,0,0,0,1,0,0,0,0,1,1,0,0,0,0,0,0,0,0,0,0,1,0,0,0,0,0,0,0,0,0,0,0,4,0,39.9617,-75.1827, , 
 ,27961,2015128665,6,67,67301,2015,11,7,1430,14,1,1,0,4,1, , ,N,1,3,0,3,0,1,2,2,N,N,40 02:40.164,75 10:46.503,9999, ,9999, ,0, , , ,3, , , , , ,331733, , , ,2,2,0,0,0,0,0,0,0,0,0,0,1,1,0,0,0,0,0,0,0,0,1,1,0,0,0,0,0,0,0,0,0,0,0,8,0,40.0445,-75.1796, , 
 ,27962,2015130102,6,67,67301,2015,11,4,2330,23,3,1,0,1,6, , ,N,0,0,0,3,0,0,1,2,N,N,39 59:22.099,75 08:07.047,2350, ,2347, ,0, ,N, ,0, , , , , ,331734, , , ,2,1,0,0,1,0,0,0,0,0,0,0,0,0,1,0,0,0,0,0,0,0,0,0,0,0,0,0,0,0,0,0,0,0,0,9,0,39.9895,-75.1353, , 
 ,27963,2015056498,6,67,67301,2015,5,1,1945,19,1,1,0,1,1, , ,N,1,3,0,3,0,1,2,2,N,N,40 00:02.174,75 07:14.217,25, ,25, ,0, , , ,3, , , , , ,331740, , , ,2,1,0,0,0,0,1,0,0,0,0,1,1,0,1,0,0,0,0,0,0,0,0,0,0,0,0,0,0,0,0,0,0,0,0,4,0,40.0006,-75.1206, , 
 ,27964,2015070607,6,67,67301,2015,6,5,1633,16,1,1,0,4,1, , ,N,2,3,7,3,0,1,6,3,N,N,40 05:03.760,75 02:07.508,1636, ,1634,2,2,4,N, ,3,Y, , , , ,331757, , , ,3,1,0,0,0,0,2,0,0,0,0,0,1,1,0,0,0,0,0,0,0,1,0,0,0,0,0,0,0,0,0,0,0,0,0,8,0,40.0844,-75.0354, , 
 ,27965,2015080256,6,67,67301,2015,7,7,2040,20,3,1,0,8,1, , ,N,2,0,0,3,0,1,2,2,N,N,40 01:19.095,75 10:03.399,2110, ,2101, ,0, , , ,0, , , , , ,331766, , , ,1,1,0,0,0,0,0,0,0,0,0,1,1,0,0,0,0,0,0,0,0,0,0,0,0,0,0,0,0,0,0,0,1,0,0,4,0,40.022,-75.1676, , 
 ,27966,2015130138,6,67,67301,2015,11,7,2030,20,3,1,0,5,6, , ,N,0,0,0,3,0,1,2,2,N,N,39 58:13.553,75 09:00.311,2112, ,2106, ,0, , , ,0, , , , , ,331778, , , ,2,1,0,0,1,0,0,0,0,0,0,1,1,0,0,0,0,0,0,0,0,0,0,0,0,0,0,0,0,0,0,0,0,0,0,4,0,39.9704,-75.1501, , 
 ,27967,2016007529,6,67,67301,2015,12,1,1815,18,3,2,1,8,1, , ,N,1,2,0,3,0,1,2,2,N,N,39 59:28.846,75 08:05.483,1833, ,1823, ,0, ,N, ,3, , , , , ,331786, , , ,1,0,0,0,0,0,0,1,0,0,0,0,1,1,1,0,0,0,0,0,1,0,0,0,0,0,0,0,0,0,0,0,1,0,0,8,0,39.9913,-75.1349, , 
 ,27968,2015056928,6,67,67301,2015,5,7,2120,21,3,1,0,5,6, , ,N,0,0,0,3,0,1,1,4,N,N,39 58:55.365,75 06:33.271,2130, ,2124, ,0, ,N, ,0, , , , , ,331788, , , ,4,4,0,0,0,0,0,0,0,0,0,0,1,1,0,0,0,0,0,0,0,0,0,0,0,0,0,0,0,0,0,0,0,0,0,8,0,39.982,-75.1092, , 
 ,27969,2015063843,6,67,67301,2015,5,3,809,8,1,1,0,7,4, , ,N,0,0,0,3,0,1,1,1,N,N,40 00:56.520,75 10:32.838,826, ,826, ,0, ,N, ,0, , , , , ,331792, , , ,1,1,0,0,0,0,0,0,0,0,0,1,1,0,0,0,0,0,0,0,0,0,0,0,0,0,0,0,0,0,0,0,0,0,0,4,0,40.0157,-75.1758, , 
 ,27970,2015114589,6,67,67301,2015,10,4,1030,10,1,1,0,4,1, , ,N,1,2,0,3,0,1,2,2,N, ,40 04:06.894,75 14:25.676,1038, ,1033, ,0, , , ,3, , , , , ,325608, , , ,1,0,0,0,0,0,1,0,1,0,0,1,1,0,0,0,0,0,0,0,0,0,0,0,0,0,0,0,0,0,0,0,0,0,0,4,0,40.0687,-75.2404, , 
 ,27971,2015133914,6,67,67301,2015,12,6,630,6,5,1,0,5,1, , ,N,6,0,2,3,0,0,2,2,N,N,39 55:56.854,75 12:00.596,650, ,635,2,1,4,N, ,0,N, , , , ,325628, , , ,2,1,0,0,0,1,0,0,0,0,0,0,0,0,0,0,0,0,0,0,0,0,0,0,0,0,0,0,0,0,0,0,0,0,0,0,1,39.9325,-75.2002, , 
 ,27972,2016007475,6,67,67301,2015,12,4,2358,23,3,2,1,4,1, , ,N,5,2,0,3,0,2,2,2,N,N,39 59:34.672,75 13:03.324,3, ,3, ,0, ,N, ,3, , , , , ,325640, , , ,2,2,0,0,0,0,0,0,0,0,0,2,2,0,0,0,0,0,0,0,0,0,0,1,0,0,0,0,0,0,0,0,0,0,0,4,0,39.993,-75.2176, , 
 ,27973,2015061901,6,67,67301,2015,5,5,1627,16,1,1,0,4,1, , ,N,0,0,7,3,0,1,2,2,N, ,40 02:09.579,75 03:54.422,1627, ,1627,1,1,1, , ,0,Y, , , , ,325646, , , ,2,2,0,0,0,0,0,0,0,0,0,1,1,0,0,0,1,0,0,0,0,0,0,0,0,0,0,0,0,0,0,0,0,0,0,4,0,40.036,-75.0651, , 
 ,27974,2015095731,6,67,67301,2015,9,3,857,8,1,1,0,4,1, , ,N,1,2,0,3,0,1,5,2,N,N,40 01:50.664,75 07:20.636,910, ,903, ,0, ,N, ,3, , , , , ,325674, , , ,2,0,0,0,0,0,1,1,0,0,0,1,1,0,0,0,0,0,0,0,1,0,0,0,0,0,0,0,0,0,0,0,0,0,0,4,0,40.0307,-75.1224, , 