wz_ln_closure,objectid_1,crn,district,county,municipality,crash_year,crash_month,day_of_week,time_of_day,hour_of_day,illumination,weather,road_condition,collision_type,relation_to_road,work_zone_type,work_zone_loc,work_zone_ind,intersect_type,tcd_type,location_type,urban_rural,fatal_count,injury_count,person_count,total_units,sch_bus_ind,sch_zone_ind,latitude,longitude,arrival_tm,cons_zone_spd_lim,dispatch_tm,est_hrs_closed,lane_closed,ln_close_dir,ntfy_hiwy_maint,spec_juris_cd,tcd_func_cd,tfc_detour_ind,workers_pres,wz_close_detour,wz_flagger,wz_law_offcr_ind,objectid,wz_moving,wz_other,wz_shlder_mdn,vehicle_count,automobile_count,motorcycle_count,bus_count,small_truck_count,heavy_truck_count,suv_count,van_count,bicycle_count,maj_inj_count,mod_inj_count,min_inj_count,tot_inj_count,unk_inj_deg_count,unk_inj_per_count,driver_count_16yr,driver_count_17yr,driver_count_18yr,driver_count_19yr,driver_count_20yr,driver_count_50_64yr,driver_count_65_74yr,driver_count_75plus,unbelted_occ_count,unb_death_count,unb_maj_inj_count,belted_death_count,belted_maj_inj_count,mcycle_death_count,mcycle_maj_inj_count,bicycle_death_count,bicycle_maj_inj_count,ped_count,ped_death_count,ped_maj_inj_count,max_severity_level,comm_veh_count,dec_lat,dec_long,rdwy_surf_type_cd,county_name
 ,28241,2015126287,6,67,67301,2015,12,4,712,7,1,2,1,1,1, , ,N,0,0,0,3,0,1,2,2,N,N,40 02:28.496,75 00:17.446,716, ,716, ,0, ,N, ,0, , , , , ,334847, , , ,2,1,0,0,0,0,1,0,0,0,0,0,1,1,0,0,0,1,0,0,0,0,0,0,0,0,0,0,0,0,0,0,0,0,0,8,0,40.0412,-75.0048, , 
 ,28242,2015128702,6,67,67301,2015,11,5,1430,14,1,2,1,7,4, , ,N,0,0,0,3,0,0,1,1,N,N,39 58:05.243,75 11:32.792,1433, ,1432, ,0, ,N, ,0, , , , , ,334864, , , ,1,0,0,0,1,0,0,0,0,0,0,0,0,0,0,0,0,0,0,0,0,0,0,0,0,0,0,0,0,0,0,0,0,0,0,0,0,39.9681,-75.1924, , 
 ,28243,2015130090,6,67,67301,2015,11,4,1414,14,1,1,0,4,1, , ,N,1,3,0,3,0,1,2,2,N, ,39 56:03.274,75 12:59.057,1720, ,1705, ,0, , , ,3, , , , , ,334867, , , ,2,2,0,0,0,0,0,0,0,0,0,1,1,0,0,0,0,0,0,0,0,0,0,1,0,0,0,0,0,0,0,0,0,0,0,4,0,39.9342,-75.2164, , 
Y,28244,2015067267,6,67,67301,2015,6,2,1458,14,1,1,0,1,1,1,4,Y,0,0,0,3,0,1,4,4,N,N,40 01:26.014,75 01:54.597,1512,45,1501, ,0, ,N, ,0, ,Y,N,N,N,334885,N,Y,Y,4,1,0,0,0,0,1,2,0,0,0,0,1,1,0,0,0,0,0,0,0,0,0,0,0,0,0,0,0,0,0,0,0,0,0,8,0,40.0239,-75.0318, , 
 ,28245,2015069739,6,67,67301,2015,6,6,2200,22,3,1,0,8,1, , ,N,1,3,0,3,0,1,2,2,N, ,39 58:29.146,75 11:06.311,135, ,111, ,0, , , ,3, , , , , ,334887, , , ,1,1,0,0,0,0,0,0,0,0,0,0,1,1,0,0,0,0,0,0,0,0,0,1,0,0,0,0,0,0,0,0,1,0,0,8,0,39.9748,-75.1851, , 
 ,28246,2015103368,6,67,67301,2015,9,1,1800,18,1,1,0,4,1, , ,N,1,2,0,3,0,1,2,2,N,N,39 59:06.953,75 10:43.660,1800, ,1800, ,0, ,N, ,3, , , , , ,334913, , , ,2,1,0,0,0,0,1,0,0,0,0,0,1,1,0,0,0,0,0,0,0,0,0,0,0,0,0,0,0,0,0,0,0,0,0,8,0,39.9853,-75.1788, , 
 ,28247,2015130234,6,67,67301,2015,11,6,1420,14,1,1,0,4,1, , ,N,1,2,0,3,0,1,2,2,N,N,40 02:43.859,75 05:17.937,1640, ,1630, ,0, ,N, ,3, , , , , ,332272, , , ,2,2,0,0,0,0,0,0,0,0,0,1,1,0,0,0,0,0,0,0,0,0,0,1,0,0,0,0,0,0,0,0,0,0,0,4,0,40.0455,-75.0883, , 
 ,28248,2015056098,6,67,67301,2015,4,2,1900,19,1,1,0,8,1, , ,N,0,0,0,3,1,1,3,3,N,N,39 59:29.613,75 07:58.165,1904, ,1902,3,2,2,N,0,0,Y, , , , ,332291, , , ,1,1,0,0,0,0,0,0,0,0,1,0,1,0,0,0,0,0,0,0,0,0,0,0,0,0,0,0,0,0,0,0,2,1,0,1,0,39.9916,-75.1328,2, 
 ,28249,2015067258,6,67,67301,2015,6,2,1545,15,1,1,0,1,1, , ,N,0,0,0,3,0,3,5,3,N,N,39 58:26.475,75 11:39.022,1545, ,1545,2,1,3,N, ,0,N, , , , ,332299, , , ,3,2,0,0,0,0,1,0,0,0,0,0,3,3,0,0,0,0,0,0,0,0,0,0,0,0,0,0,0,0,0,0,0,0,0,8,0,39.974,-75.1942, , 
 ,28250,2015043241,6,67,67301,2015,3,3,747,7,1,1,0,7,4, , ,N,0,0,0,3,0,1,1,1,N,N,40 06:48.540,75 01:21.871,755, ,748,1,2,5,N, ,0,Y, , , , ,332305, , , ,1,0,0,0,0,0,0,1,0,0,0,0,1,1,0,0,0,0,0,0,1,0,0,0,0,0,0,0,0,0,0,0,0,0,0,8,0,40.1135,-75.0227, , 
 ,28251,2015045462,6,67,67301,2015,4,4,2025,20,3,2,1,1,1, , ,N,0,2,0,3,0,0,2,2,N, ,39 56:22.950,75 11:55.509,2030, ,2025, ,0, , , ,3, , , , , ,332308, , , ,2,0,0,0,0,0,1,1,0,0,0,0,0,0,0,0,0,0,0,0,0,0,0,0,0,0,0,0,0,0,0,0,0,0,0,0,0,39.9397,-75.1988, , 
 ,28252,2015125272,6,67,67301,2015,11,7,1015,10,1,1,0,7,3, , ,N,0,0,0,3,0,1,3,3,N,N,39 52:50.342,75 14:49.812,1031, ,1016,2,2,2,N, ,0,N, , , , ,332317, , , ,3,2,0,0,0,0,1,0,0,0,1,0,1,0,0,0,0,0,0,0,0,0,0,1,0,0,0,0,0,0,0,0,0,0,0,3,0,39.8807,-75.2472, , 
 ,28253,2015068052,6,67,67301,2015,6,7,1726,17,1,1,0,7,4, , ,N,0,0,0,3,0,0,1,1,N,N,39 53:34.047,75 13:32.423,1832, ,1815, ,0, ,N, ,0, , , , , ,332335, , , ,1,0,0,0,0,0,0,1,0,0,0,0,0,0,0,0,0,0,0,0,0,0,0,0,0,0,0,0,0,0,0,0,0,0,0,0,0,39.8928,-75.2257, , 
 ,28254,2015077844,6,67,67301,2015,7,4,1315,13,1,1,0,4,1, , ,N,1,2,0,3,0,1,2,2,N,N,39 57:00.014,75 09:25.417,1323, ,1319,2,2,2,N, ,3,Y, , , , ,332345, , , ,1,0,0,0,0,0,1,0,1,0,1,0,1,0,0,0,0,0,0,0,0,0,0,0,0,0,0,0,0,0,0,0,0,0,0,3,0,39.95,-75.157, , 
 ,28255,2015083618,6,67,67301,2015,7,5,1647,16,1,1,0,1,1, , ,N,0,0,0,3,0,0,3,3,N,N,39 53:56.428,75 10:41.319,1647, ,1647,2,1,1,N, ,0,N, , , , ,332363, , , ,3,1,0,0,0,0,1,1,0,0,0,0,0,0,0,0,0,0,0,0,1,0,0,0,0,0,0,0,0,0,0,0,0,0,0,0,0,39.899,-75.1781, , 
 ,28256,2015092943,6,67,67301,2015,8,2,2310,23,3,1,0,4,1, , ,N,1,2,0,3,0,0,2,2,N,N,40 03:08.339,75 00:28.750,2310, ,2310, ,0, ,N, ,3, , , , , ,332375, , , ,2,2,0,0,0,0,0,0,0,0,0,0,0,0,0,0,0,0,1,0,0,0,0,0,0,0,0,0,0,0,0,0,0,0,0,0,0,40.0523,-75.008, , 
 ,28257,2015105103,6,67,67301,2015,9,5,2215,22,3,1,0,1,1, , ,N,1,2,0,3,0,2,3,2,N, ,39 56:34.191,75 09:01.951,2235, ,2220, ,0, , , ,3, , , , , ,332387, , , ,2,1,0,0,0,0,1,0,0,0,2,0,2,0,0,0,0,0,0,0,0,0,0,0,0,0,0,0,0,0,0,0,0,0,0,3,0,39.9428,-75.1505, , 
 ,28258,2015058918,6,67,67301,2015,6,2,433,4,3,2,1,7,2, , ,N,0,0,2,3,0,0,3,1,N,N,39 57:19.858,75 08:53.330,433, ,433,1,1,4,N, ,0,N, , , , ,332400, , , ,1,1,0,0,0,0,0,0,0,0,0,0,0,0,0,0,0,1,0,0,0,0,0,0,0,0,0,0,0,0,0,0,0,0,0,0,0,39.9555,-75.1481, , 
 ,28259,2015059117,6,67,67301,2015,5,6,1830,18,1,1,0,8,1, , ,N,0,0,0,3,0,1,2,2,N,N,39 55:28.887,75 14:16.227,1840, ,1830, ,0, ,N, ,0, , , , , ,332401, , , ,1,1,0,0,0,0,0,0,0,0,0,0,1,1,0,0,0,0,0,0,0,0,0,0,0,0,0,0,0,0,0,0,1,0,0,8,0,39.9247,-75.2378, , 
 ,28260,2015078659,6,67,67301,2015,7,6,1733,17,1,1,0,4,1, , ,N,0,0,0,3,0,0,2,2,N,N,39 58:19.253,75 09:49.465,1735, ,1733, ,0, ,N, ,0, , , , , ,332447, , , ,2,2,0,0,0,0,0,0,0,0,0,0,0,0,0,0,0,0,0,0,2,0,0,2,0,0,0,0,0,0,0,0,0,0,0,0,0,39.972,-75.1637, , 
 ,28261,2015091020,6,67,67301,2015,8,5,1336,13,1,1,0,1,6, , ,N,0,0,0,3,0,1,4,2,N, ,39 59:55.626,75 06:33.131,1345, ,1336, ,0, , , ,0, , , , , ,332454, , , ,2,2,0,0,0,0,0,0,0,0,0,1,1,0,0,0,0,0,0,0,0,0,0,3,0,0,0,0,0,0,0,0,0,0,0,4,0,39.9988,-75.1092, , 
 ,28262,2015095772,6,67,67301,2015,9,3,1301,13,1,1,0,1,1, , ,N,2,2,0,3,0,2,3,2,N,N,39 59:03.225,75 15:38.516,1657, ,1630, ,0, ,N, ,3, , , , , ,332457, , , ,2,2,0,0,0,0,0,0,0,0,0,2,2,0,0,0,0,0,0,0,0,0,0,0,0,0,0,0,0,0,0,0,0,0,0,4,0,39.9842,-75.2607, , 
 ,28263,2015108379,6,67,67301,2015,9,7,2200,22,3,1,0,4,1, , ,N,2,2,0,3,0,1,2,2,N, ,39 55:05.488,75 14:09.696,2228, ,2211, ,0, , , ,3, , , , , ,332467, , , ,2,2,0,0,0,0,0,0,0,0,0,0,1,1,0,0,0,0,0,0,0,1,0,0,0,0,0,0,0,0,0,0,0,0,0,8,0,39.9182,-75.236, , 
 ,28264,2015071462,6,67,67301,2015,6,3,1627,16,1,1,0,1,1, , ,N,0,0,0,3,0,2,3,3,N,N,40 00:01.083,75 11:41.581,1629, ,1627,2,1,4,N, ,0,N, , , , ,332547, , , ,3,2,0,0,0,0,0,0,0,0,0,2,2,0,1,0,0,0,0,0,1,0,0,0,0,0,0,0,0,0,0,0,0,0,0,4,0,40.0003,-75.1949, , 
N,28265,2015073084,6,67,67301,2015,6,3,943,9,1,1,0,1,1,1,4,Y,0,0,0,3,0,0,6,2,N,N,40 01:22.139,75 02:11.468,1002,45,945, ,0, ,N, ,0, ,Y,N,N,N,332549,N,Y,N,2,1,0,0,0,0,1,0,0,0,0,0,0,0,0,0,0,0,1,0,0,0,0,0,0,0,0,0,0,0,0,0,0,0,0,0,0,40.0228,-75.0365, , 
 ,28266,2015103295,6,67,67301,2015,9,3,1330,13,1,1,0,8,1, , ,N,0,0,0,3,0,1,2,2,N, ,39 57:08.053,75 09:14.895,1339, ,1330, ,0, , , ,0, , , , , ,326447, , , ,1,0,0,0,0,0,1,0,0,0,0,1,1,0,0,0,0,0,0,0,0,0,0,1,0,0,0,0,0,0,0,0,1,0,0,4,0,39.9522,-75.1541, , 
 ,28267,2015113375,6,46,46108,2015,10,4,1424,14,1,2,1,1,1, , ,N,1,2,0,3,0,1,3,2,N,N,40 05:34.368,75 13:24.847,1425, ,1424,1,1,2,N, ,3,N, , , , ,326466, , , ,2,2,0,0,0,0,0,0,0,0,0,0,1,1,0,0,0,0,0,1,0,1,0,0,0,0,0,0,0,0,0,0,0,0,0,8,0,40.0929,-75.2236, , 
 ,28268,2015102389,6,67,67301,2015,9,5,230,2,2,1,0,5,6, , ,N,0,0,0,3,0,0,1,4,N, ,40 01:55.926,75 11:05.296,237, ,232, ,0, , , ,0, , , , , ,326476, , , ,4,3,0,0,0,0,1,0,0,0,0,0,0,0,0,0,0,0,0,0,0,0,0,0,0,0,0,0,0,0,0,0,0,0,0,0,0,40.0322,-75.1848, , 
 ,28269,2015103461,6,67,67301,2015,9,2,240,2,3,1,0,7,3, , ,N,0,0,0,3,0,1,1,1,N,N,40 00:49.142,75 10:46.526,249, ,249, ,0, ,N, ,0, , , , , ,326477, , , ,1,1,0,0,0,0,0,0,0,0,0,1,1,0,0,0,0,0,0,0,0,0,0,0,0,0,0,0,0,0,0,0,0,0,0,4,0,40.0137,-75.1796, , 
 ,28270,2015111199,6,67,67301,2015,10,4,1139,11,1,2,1,7,4, , ,N,7,8,2,3,0,0,1,1,N,N,39 54:37.249,75 09:03.078,1142, ,1141, ,0, ,N, ,3, , , , , ,326483, , , ,1,0,0,0,1,0,0,0,0,0,0,0,0,0,0,0,0,0,0,0,1,0,0,0,0,0,0,0,0,0,0,0,0,0,0,0,0,39.9103,-75.1509, , 
 ,28271,2015116479,6,67,67301,2015,11,1,1148,11,1,1,0,1,1, , ,N,0,0,0,3,0,2,5,3,N,N,39 57:36.171,75 10:45.162,1157, ,1148,1,1,4,N, ,0,N, , , , ,326485, , , ,3,2,0,0,0,1,0,0,0,0,0,0,2,2,0,0,0,0,0,1,2,0,0,0,0,0,0,0,0,0,0,0,0,0,0,8,1,39.96,-75.1792, , 
 ,28272,2015117670,6,67,67301,2015,10,4,938,9,1,2,1,4,1, , ,N,0,0,7,3,0,1,2,2,N, ,40 00:25.551,75 07:21.055,9999, ,938, ,0, , , ,0, , , , , ,326486, , , ,2,1,0,0,1,0,0,0,0,0,0,0,1,1,0,0,0,0,0,0,1,0,0,1,0,0,0,0,0,0,0,0,0,0,0,8,0,40.0071,-75.1225, , 
 ,28273,2015118174,6,67,67301,2015,10,1,1630,16,1,1,0,4,1, , ,N,2,2,0,3,0,3,3,2,N, ,39 55:11.208,75 11:17.768,1645, ,1636, ,0, , , ,3, , , , , ,326487, , , ,2,1,0,0,0,0,1,0,0,0,1,2,3,0,0,0,0,0,0,0,0,0,0,0,0,0,0,0,0,0,0,0,0,0,0,3,0,39.9198,-75.1883, , 
 ,28274,2015120992,6,67,67301,2015,11,2,1130,11,1,1,0,4,1, , ,N,1,2,0,3,0,2,2,2,N,N,40 07:44.528,75 01:30.881,1205, ,1131,1,1,1,N, ,3,N, , , , ,326491, , , ,2,2,0,0,0,0,0,0,0,0,0,2,2,0,0,0,0,0,0,0,0,1,0,0,0,0,0,0,0,0,0,0,0,0,0,4,0,40.129,-75.0252, , 
 ,28275,2015059133,6,67,67301,2015,5,6,1945,19,4,1,0,4,1, , ,N,1,2,0,3,0,1,2,2,N,N,40 02:44.514,75 01:53.568,1955, ,1947, ,0, ,N, ,3, , , , , ,326496, , , ,2,1,1,0,0,0,0,0,0,0,1,0,1,0,0,0,0,0,0,0,0,0,0,0,0,0,0,0,0,0,0,0,0,0,0,3,0,40.0457,-75.0315, , 
 ,28276,2015065457,6,67,67301,2015,5,1,2220,22,3,1,0,7,1, , ,N,0,0,0,3,0,1,1,1,N,N,40 01:10.694,75 09:38.022,2234, ,2232,2,1,2, , ,0,N, , , , ,326500, , , ,1,1,0,0,0,0,0,0,0,0,0,0,1,1,0,0,0,0,0,0,0,0,1,0,0,0,0,0,0,0,0,0,0,0,0,8,0,40.0196,-75.1606, , 
 ,28277,2015078661,6,67,67301,2015,7,5,1616,16,1,1,0,1,1, , ,N,0,0,0,3,0,0,2,2,N,N,39 55:56.758,75 09:36.709,1643, ,1642, ,0, ,N, ,0, , , , , ,326512, , , ,2,1,0,0,0,0,1,0,0,0,0,0,0,0,0,0,0,0,0,0,0,0,0,0,0,0,0,0,0,0,0,0,0,0,0,0,0,39.9324,-75.1602, , 
 ,28278,2015067414,6,67,67301,2015,5,7,1749,17,1,1,0,4,6, , ,N,0,0,7,3,0,1,3,2,N, ,40 00:49.623,75 03:59.254,1751, ,1749, ,0, , , ,0, , , , , ,326520, , , ,2,0,0,0,0,0,0,2,0,0,0,1,1,0,0,0,0,0,0,0,0,0,0,0,0,0,0,0,0,0,0,0,0,0,0,4,0,40.0138,-75.0665, , 
 ,28279,2015099055,6,67,67301,2015,9,1,1047,10,1,1,0,1,1, , ,N,1,2,0,3,0,4,4,3,N,N,39 58:53.205,75 14:21.663,1052, ,1048, ,0, ,N, ,3, , , , , ,326544, , , ,3,1,0,0,0,0,2,0,0,0,0,1,4,3,0,0,0,0,0,0,0,0,0,0,0,0,0,0,0,0,0,0,0,0,0,4,0,39.9814,-75.2394, , 
 ,28280,2015103359,6,67,67301,2015,9,4,756,7,1,1,0,4,1, , ,N,1,3,0,3,0,1,3,2,N,N,40 04:32.976,74 59:15.460,756, ,756, ,0, ,N, ,3, , , , , ,326547, , , ,2,1,0,0,0,0,1,0,0,0,0,1,1,0,0,0,0,0,0,0,0,1,0,0,0,0,0,0,0,0,0,0,0,0,0,4,0,40.0758,-74.9876, , 
 ,28281,2015081073,6,67,67301,2015,7,3,1700,17,1,1,0,6,1, , ,N,1,2,0,3,0,2,2,2,N, ,39 56:23.459,75 12:41.033,1710, ,1709,2,1,3, , ,3,N, , , , ,326560, , , ,2,2,0,0,0,0,0,0,0,0,1,1,2,0,0,0,0,0,0,0,1,0,0,0,0,0,0,0,0,0,0,0,0,0,0,3,0,39.9399,-75.2114, , 
 ,28282,2015105109,6,67,67301,2015,9,6,2345,23,3,1,0,4,1, , ,N,0,0,7,3,0,0,1,3,N,N,40 00:07.117,75 12:42.426,5, ,0, ,0, ,N, ,0, , , , , ,326565, , , ,3,3,0,0,0,0,0,0,0,0,0,0,0,0,1,0,0,0,0,0,1,0,0,0,0,0,0,0,0,0,0,0,0,0,0,9,0,40.002,-75.2118, , 
 ,28283,2015110877,6,67,67301,2015,10,1,1156,11,1,1,0,1,1, , ,N,0,0,0,3,0,6,6,2,N,N,39 59:16.736,75 05:21.470,1158, ,1156,1,1,2,N, ,0,N, , , , ,326570, , , ,2,1,0,0,0,0,1,0,0,0,0,0,6,6,0,0,0,0,0,0,0,1,0,0,0,0,0,0,0,0,0,0,0,0,0,8,0,39.988,-75.0893, , 
 ,28284,2015120090,6,67,67301,2015,10,7,1134,11,1,1,0,4,1, , ,N,1,3,0,3,1,2,3,2,N,N,40 03:26.326,75 08:26.228,1140, ,1136, ,0, ,N,0,3, , , , , ,329236, , , ,2,0,1,0,0,0,1,0,0,0,0,2,2,0,0,0,0,0,0,0,0,0,0,0,0,0,0,0,1,0,0,0,0,0,0,1,0,40.0573,-75.1406,2, 
 ,28285,2016008605,6,67,67301,2015,12,5,1120,11,1,1,0,4,1, , ,N,2,3,0,3,0,0,2,2,N,N,39 58:29.201,75 13:17.575,1130, ,1125, ,0, ,N, ,3, , , , , ,329253, , , ,2,2,0,0,0,0,0,0,0,0,0,0,0,0,0,0,0,0,0,1,0,0,0,0,0,0,0,0,0,0,0,0,0,0,0,0,0,39.9748,-75.2215, , 
 ,28286,2015120994,6,67,67301,2015,10,7,1110,11,1,1,0,8,1, , ,N,2,0,0,3,0,1,2,2,N,N,39 57:32.475,75 10:32.026,1114, ,1112, ,0, ,N, ,0, , , , , ,329257, , , ,1,0,0,0,1,0,0,0,0,0,0,1,1,0,0,0,0,0,0,0,0,0,0,0,0,0,0,0,0,0,0,0,1,0,0,4,0,39.959,-75.1756, , 
 ,28287,2015075779,6,67,67301,2015,7,1,549,5,5,1,0,1,6, , ,N,0,0,0,3,0,2,2,2,N,N,39 56:01.800,75 13:42.326,550, ,549,2,2,6,N, ,0,Y, , , , ,329281, , , ,2,0,0,0,0,0,2,0,0,0,0,2,2,0,0,0,0,0,0,0,0,0,0,0,0,0,0,0,0,0,0,0,0,0,0,4,0,39.9338,-75.2284, , 
 ,28288,2015091129,6,67,67301,2015,8,5,145,1,3,9,0,8,1, , ,N,1,9,0,3,0,1,2,2,N,N,39 59:10.122,75 09:17.733,1239, ,1225, ,0, ,N, ,9, , , , , ,329290, , , ,1,1,0,0,0,0,0,0,0,0,0,0,1,1,0,0,0,0,0,0,0,0,0,1,0,0,0,0,0,0,0,0,1,0,0,8,0,39.9861,-75.1549, , 
 ,28289,2015052354,6,67,67301,2015,4,3,215,2,3,2,7,7,4, , ,N,0,0,0,3,0,0,1,1,N,N,39 53:59.570,75 09:41.981,226, ,218,1,1,2,N, ,0,N, , , , ,329318, , , ,1,1,0,0,0,0,0,0,0,0,0,0,0,0,0,0,0,0,0,1,0,0,0,0,0,0,0,0,0,0,0,0,0,0,0,0,0,39.8999,-75.1617, , 
 ,28290,2015056967,6,67,67301,2015,5,7,1800,18,1,1,0,5,6, , ,N,0,0,0,3,0,0,1,2,N, ,40 00:36.151,75 11:41.136,1833, ,1830,3,2,4,N, ,0,Y, , , , ,329324, , , ,2,2,0,0,0,0,0,0,0,0,0,0,0,0,0,0,0,0,0,0,0,0,0,0,0,0,0,0,0,0,0,0,0,0,0,0,0,40.01,-75.1948, , 
 ,28291,2015064012,6,67,67301,2015,5,6,2200,22,3,1,0,4,1, , ,N,1,2,0,3,0,0,3,2,N, ,39 54:38.552,75 09:56.365,2250, ,2245, ,0, , , ,3, , , , , ,329333, , , ,2,1,0,0,0,0,1,0,0,0,0,0,0,0,0,0,0,0,0,1,0,0,0,0,0,0,0,0,0,0,0,0,0,0,0,0,0,39.9107,-75.1657, , 
 ,28292,2015066229,6,67,67301,2015,6,7,1440,14,1,1,0,4,1, , ,N,1,2,0,3,0,3,3,2,N,N,39 56:45.089,75 14:25.018,1510, ,1454, ,0, ,N, ,3, , , , , ,329334, , , ,2,0,0,0,0,0,2,0,0,0,0,3,3,0,0,0,0,0,0,0,0,1,0,0,0,0,0,0,0,0,0,0,0,0,0,4,0,39.9459,-75.2403, , 
 ,28293,2015073669,6,67,67301,2015,6,1,1245,12,1,1,0,4,1, , ,N,1,3,0,3,0,1,2,2,N,N,40 01:49.641,75 07:58.285,1430, ,1245, ,0, ,N, ,3, , , , , ,329344, , , ,2,2,0,0,0,0,0,0,0,0,0,0,1,1,0,0,0,0,0,0,2,0,0,0,0,0,0,0,0,0,0,0,0,0,0,8,0,40.0305,-75.1329, , 
 ,28294,2015078244,6,67,67301,2015,7,7,1720,17,1,1,0,4,1, , ,N,1,2,0,3,0,1,2,2,N,N,39 57:06.145,75 14:12.782,1730, ,1729, ,0, ,N, ,3, , , , , ,329346, , , ,1,1,0,0,0,0,0,0,1,0,0,0,1,1,0,0,0,0,0,0,0,0,0,0,0,0,0,0,0,0,0,0,0,0,0,8,0,39.9517,-75.2369, , 
 ,28295,2015070144,6,67,67301,2015,6,3,1520,15,1,1,0,4,1, , ,N,1,2,0,3,0,1,4,2,N,N,39 58:10.746,75 12:41.274,1546, ,1539,9,1,1,Y, ,3,N, , , , ,329353, , , ,2,2,0,0,0,0,0,0,0,0,0,0,1,1,0,0,0,0,0,0,0,0,0,0,0,0,0,0,0,0,0,0,0,0,0,8,0,39.9697,-75.2115, , 
 ,28296,2015042815,6,67,67301,2015,4,1,609,6,3,1,0,1,1, , ,N,1,2,0,3,0,1,2,2,N,N,40 01:38.505,75 05:56.834,629, ,610,2,1,1,N, ,3,N, , , , ,329369, , , ,2,1,0,0,0,0,1,0,0,0,0,0,1,1,0,0,0,0,0,0,0,0,0,0,0,0,0,0,0,0,0,0,0,0,0,8,0,40.0274,-75.0991, , 
 ,28297,2015042879,6,67,67301,2015,4,6,2300,23,3,2,1,4,1, , ,N,1,2,0,3,0,1,2,2,N, ,39 55:56.906,75 13:28.606,2310, ,2310, ,0, , , ,3, , , , , ,329370, , , ,2,2,0,0,0,0,0,0,0,0,0,0,1,1,0,0,0,0,0,0,0,0,0,0,0,0,0,0,0,0,0,0,0,0,0,8,0,39.9325,-75.2246, , 
 ,28298,2015047548,6,67,67301,2015,4,2,1425,14,1,1,0,4,1, , ,N,1,2,0,3,0,2,3,2,N,N,39 58:10.746,75 12:41.274,1520, ,1515, ,0, ,N, ,3, , , , , ,329375, , , ,2,2,0,0,0,0,0,0,0,0,1,1,2,0,0,0,0,0,0,0,0,0,0,0,0,0,0,0,0,0,0,0,0,0,0,3,0,39.9697,-75.2115, , 
 ,28299,2015056526,6,67,67301,2015,5,3,1659,16,1,1,0,1,1, , ,N,0,0,0,3,0,1,3,3,N, ,40 00:16.789,75 07:40.768,1710, ,1710,2,1,1, , ,0,Y, , , , ,329382, , , ,3,2,0,0,0,0,1,0,0,0,0,0,1,1,0,0,0,0,0,0,0,1,0,0,0,0,0,0,0,0,0,0,0,0,0,8,0,40.0047,-75.128, , 
 ,28300,2015053953,6,67,67301,2015,5,7,1805,18,1,1,0,4,1, , ,N,1,2,0,3,0,1,2,2,N,N,39 55:00.265,75 10:22.927,1823, ,1913, ,0, , , ,3, , , , , ,329384, , , ,2,1,0,0,0,0,1,0,0,0,0,1,1,0,0,0,0,0,0,0,0,0,0,0,0,0,0,0,0,0,0,0,0,0,0,4,0,39.9165,-75.173, , 
 ,28301,2015073737,6,67,67301,2015,6,2,443,4,5,1,0,5,6, , ,N,0,0,0,3,0,1,1,3,N,N,40 01:57.806,75 08:46.033,453, ,443, ,0, ,N, ,0, , , , , ,329395, , , ,3,2,0,0,0,0,0,0,0,0,0,1,1,0,0,0,0,0,0,0,0,0,1,0,0,0,0,0,0,0,0,0,0,0,0,4,0,40.0327,-75.1461, , 
 ,28302,2015106432,6,67,67301,2015,10,5,730,7,1,1,0,8,1, , ,N,0,0,0,3,0,1,2,2,N,N,39 57:59.419,75 12:27.862,732, ,730, ,0, ,N, ,0, , , , , ,334917, , , ,1,1,0,0,0,0,0,0,0,0,0,1,1,0,1,0,0,0,0,0,0,0,0,0,0,0,0,0,0,0,0,0,1,0,0,4,0,39.9665,-75.2077, , 
 ,28303,2016012775,6,67,67301,2015,3,3,1630,16,1,9,8,0,1, , ,N,0,0,0,3,0,1,1,1,N,N,39 55:29.161,75 10:32.065,0, ,0, ,0, ,N, ,0, , , , , ,334925, , , ,1,1,0,0,0,0,0,0,0,0,0,0,1,1,0,0,0,0,0,0,1,0,0,0,0,0,0,0,0,0,0,0,0,0,0,8,0,39.9248,-75.1756, , 
 ,28304,2015052543,6,67,67301,2015,5,6,1420,14,1,1,0,1,1, , ,N,1,2,0,3,0,1,3,2,N,Y,39 58:41.518,75 09:14.922,1450, ,1442, ,0, ,N, ,3, , , , , ,334927, , , ,2,2,0,0,0,0,0,0,0,0,0,0,1,1,0,0,0,0,0,0,0,0,0,0,0,0,0,0,0,0,0,0,0,0,0,8,0,39.9781,-75.1541, , 
 ,28305,2015081116,6,67,67301,2015,7,2,621,6,1,1,0,4,1, , ,N,1,2,0,3,0,1,4,2,N,N,40 02:06.731,75 08:43.670,638, ,636, ,0, ,N, ,3, , , , , ,334943, , , ,1,1,0,0,0,0,0,0,1,0,0,1,1,0,0,0,0,0,0,0,0,0,0,0,0,0,0,0,0,0,0,0,0,0,0,4,0,40.0352,-75.1455, , 
 ,28306,2015091169,6,67,67301,2015,8,4,1330,13,1,1,0,8,1, , ,N,1,2,0,3,0,1,2,2,N, ,39 59:48.940,75 08:28.229,1615, ,1555, ,0, , , ,3, , , , , ,334951, , , ,1,1,0,0,0,0,0,0,0,0,1,0,1,0,0,0,0,0,0,0,1,0,0,0,0,0,0,0,0,0,0,0,1,0,0,3,0,39.9969,-75.1412, , 
 ,28307,2015120509,6,67,67301,2015,10,4,552,5,3,2,1,7,4, , ,N,1,3,0,3,0,1,1,1,N,N,39 56:11.364,75 10:19.253,556, ,555, ,0, ,N, ,3, , , , , ,334959, , , ,1,1,0,0,0,0,0,0,0,0,0,0,1,1,0,0,0,0,0,0,0,0,0,0,0,0,0,0,0,0,0,0,0,0,0,8,0,39.9365,-75.172, , 