wz_ln_closure,objectid_1,crn,district,county,municipality,crash_year,crash_month,day_of_week,time_of_day,hour_of_day,illumination,weather,road_condition,collision_type,relation_to_road,work_zone_type,work_zone_loc,work_zone_ind,intersect_type,tcd_type,location_type,urban_rural,fatal_count,injury_count,person_count,total_units,sch_bus_ind,sch_zone_ind,latitude,longitude,arrival_tm,cons_zone_spd_lim,dispatch_tm,est_hrs_closed,lane_closed,ln_close_dir,ntfy_hiwy_maint,spec_juris_cd,tcd_func_cd,tfc_detour_ind,workers_pres,wz_close_detour,wz_flagger,wz_law_offcr_ind,objectid,wz_moving,wz_other,wz_shlder_mdn,vehicle_count,automobile_count,motorcycle_count,bus_count,small_truck_count,heavy_truck_count,suv_count,van_count,bicycle_count,maj_inj_count,mod_inj_count,min_inj_count,tot_inj_count,unk_inj_deg_count,unk_inj_per_count,driver_count_16yr,driver_count_17yr,driver_count_18yr,driver_count_19yr,driver_count_20yr,driver_count_50_64yr,driver_count_65_74yr,driver_count_75plus,unbelted_occ_count,unb_death_count,unb_maj_inj_count,belted_death_count,belted_maj_inj_count,mcycle_death_count,mcycle_maj_inj_count,bicycle_death_count,bicycle_maj_inj_count,ped_count,ped_death_count,ped_maj_inj_count,max_severity_level,comm_veh_count,dec_lat,dec_long,rdwy_surf_type_cd,county_name
 ,28441,2015051947,6,67,67301,2015,5,6,1820,18,3,1,0,4,1, , ,N,1,3,0,3,0,1,4,2,N,N,39 57:54.806,75 11:30.562,2021, ,2018, ,0, ,N, ,3, , , , , ,321054, , , ,2,2,0,0,0,0,0,0,0,0,0,0,1,1,0,0,0,0,0,1,0,0,0,0,0,0,0,0,0,0,0,0,0,0,0,8,0,39.9652,-75.1918, , 
 ,28442,2015061019,6,67,67301,2015,5,3,1759,17,1,1,0,4,1, , ,N,1,3,0,3,0,1,2,2,N, ,39 56:50.128,75 14:18.769,1800, ,1800, ,0, , , ,3, , , , , ,321070, , , ,1,0,0,0,0,0,1,0,1,0,0,1,1,0,0,0,0,0,0,0,1,0,0,0,0,0,0,0,0,0,0,0,0,0,0,4,0,39.9473,-75.2385, , 
 ,28443,2015022398,6,67,67301,2015,2,2,1650,16,1,8,6,8,1, , ,N,1,3,0,3,0,1,2,2,N, ,40 02:06.162,75 07:54.659,1700, ,1652, ,0, , , ,3, , , , , ,321077, , , ,1,1,0,0,0,0,0,0,0,0,0,1,1,0,0,0,0,0,0,0,0,0,0,0,0,0,0,0,0,0,0,0,1,0,0,4,0,40.035,-75.1318, , 
 ,28444,2015066177,6,67,67301,2015,6,5,1548,15,1,1,0,8,1, , ,N,1,2,0,3,0,1,2,2,N, ,39 57:04.885,75 09:18.588,1603, ,1551, ,0, , , ,3, , , , , ,321108, , , ,1,0,0,0,0,0,1,0,0,0,0,1,1,0,1,0,0,0,0,0,0,0,0,0,0,0,0,0,0,0,0,0,1,0,0,4,0,39.9513,-75.1551, , 
 ,28445,2015070185,6,67,67301,2015,6,6,1557,15,1,1,0,1,6, , ,N,0,0,0,3,0,0,1,2,N,N,39 55:08.461,75 13:23.944,1637, ,1635, ,0, ,N, ,0, , , , , ,321118, , , ,2,2,0,0,0,0,0,0,0,0,0,0,0,0,0,0,0,0,0,0,0,0,0,0,0,0,0,0,0,0,0,0,0,0,0,0,0,39.919,-75.2233, , 
 ,28446,2015074965,6,67,67301,2015,6,7,1943,19,3,2,7,1,1, , ,N,0,0,0,3,0,1,4,2,N,N,40 02:19.569,75 00:30.922,1956, ,1944, ,0, ,N, ,0, , , , , ,311721, , , ,2,1,0,0,0,0,1,0,0,0,0,0,1,1,0,0,0,0,0,0,1,0,0,0,0,0,0,0,0,0,0,0,0,0,0,8,0,40.0388,-75.0086, , 
 ,28447,2015091068,6,67,67301,2015,8,4,1845,18,1,1,0,6,1, , ,N,0,0,0,3,0,0,6,4,N, ,39 55:08.929,75 14:04.809,1850, ,1846,2,2,3, , ,0,Y, , , , ,311729, , , ,4,0,0,0,1,0,1,2,0,0,0,0,0,0,0,0,0,0,0,0,0,0,0,0,0,0,0,0,0,0,0,0,0,0,0,0,0,39.9191,-75.2347, , 
 ,28448,2015096351,6,67,67301,2015,9,6,1404,14,1,1,0,7,4, , ,N,0,0,0,3,0,2,5,3,N,N,39 57:35.201,75 10:51.309,1433, ,1405,3,1,4,N, ,0,N, , , , ,311736, , , ,3,3,0,0,0,0,0,0,0,0,0,2,2,0,1,0,0,0,0,0,2,0,0,0,0,0,0,0,0,0,0,0,0,0,0,4,0,39.9598,-75.1809, , 
 ,28449,2015130050,6,67,67301,2015,11,1,1612,16,1,1,0,4,1, , ,N,0,0,0,3,0,1,3,2,N,N,40 00:39.398,75 07:37.711,1614, ,1613, ,0, ,N, ,0, , , , , ,311758, , , ,1,1,0,0,0,0,0,0,1,0,0,1,1,0,0,0,0,0,0,0,0,0,0,0,0,0,0,0,0,0,0,0,0,0,0,4,0,40.0109,-75.1271, , 
 ,28450,2015133389,6,67,67301,2015,12,1,824,8,1,1,0,7,4, , ,N,0,0,0,3,0,1,1,1,N,N,39 56:16.665,75 08:37.518,835, ,835,1,2,1,N, ,0,N, , , , ,311760, , , ,1,1,0,0,0,0,0,0,0,0,0,1,1,0,0,0,0,0,1,0,0,0,0,1,0,0,0,0,0,0,0,0,0,0,0,4,0,39.938,-75.1438, , 
 ,28451,2015056668,6,67,67301,2015,5,3,1020,10,1,1,0,7,5, , ,N,7,0,0,3,0,0,2,1,N,N,39 57:35.649,75 08:25.416,1049, ,1023,2,1,1,N, ,0,N, , , , ,311766, , , ,1,1,0,0,0,0,0,0,0,0,0,0,0,0,0,0,0,0,0,0,0,0,0,0,0,0,0,0,0,0,0,0,0,0,0,0,0,39.9599,-75.1404, , 
 ,28452,2015047611,6,67,67301,2015,4,6,1800,18,1,1,0,4,1, , ,N,1,2,0,3,0,2,3,2,N,N,40 02:12.848,75 08:02.883,1809, ,1809, ,0, ,N, ,3, , , , , ,311770, , , ,2,1,0,0,0,0,1,0,0,0,0,0,2,2,0,0,0,0,0,0,0,0,0,0,0,0,0,0,0,0,0,0,0,0,0,8,0,40.0369,-75.1341, , 
 ,28453,2015078622,6,67,67301,2015,7,5,845,8,1,1,0,4,1, , ,N,3,0,0,3,0,1,2,2,N,N,39 56:28.490,75 12:38.577,855, ,845, ,0, ,N, ,0, , , , , ,311795, , , ,2,2,0,0,0,0,0,0,0,0,1,0,1,0,0,0,0,0,0,0,1,0,0,1,0,0,0,0,0,0,0,0,0,0,0,3,0,39.9412,-75.2108, , 
 ,28454,2015045543,6,67,67301,2015,3,4,38,0,3,2,1,7,2, , ,N,0,0,0,3,0,0,2,1,N,N,39 57:35.773,75 10:45.437,38, ,38,1,2,3,N, ,0,N, , , , ,311812, , , ,1,0,0,0,0,0,0,1,0,0,0,0,0,0,0,0,0,0,0,0,1,0,0,0,0,0,0,0,0,0,0,0,0,0,0,0,0,39.9599,-75.1793, , 
 ,28455,2015084296,6,67,67301,2015,1,5,1600,16,1,1,0,1,1, , ,N,1,2,0,3,0,2,3,2,N,N,40 02:07.796,75 10:43.589,0, ,0, ,0, ,N, ,3, , , , , ,311829, , , ,2,2,0,0,0,0,0,0,0,0,1,0,2,1,0,0,0,0,0,0,0,0,0,0,0,0,0,0,0,0,0,0,0,0,0,3,0,40.0355,-75.1788, , 
 ,28456,2015092559,6,67,67301,2015,8,1,1638,16,1,1,0,1,1, , ,N,0,0,0,3,0,0,15,3,N,N,39 56:48.191,75 08:31.507,1646, ,1640, ,0, ,N, ,0, , , , , ,311845, , , ,3,0,0,0,0,0,2,1,0,0,0,0,0,0,0,0,0,0,0,0,1,0,1,4,0,0,0,0,0,0,0,0,0,0,0,0,0,39.9467,-75.1421, , 
 ,28457,2015046300,6,67,67301,2015,2,6,2020,20,3,1,0,1,1, , ,N,0,0,0,3,0,0,2,2,N,N,39 55:59.872,75 12:00.001,2030, ,2020, ,0, ,N, ,0, , , , , ,311858, , , ,2,0,0,0,0,0,1,1,0,0,0,0,0,0,0,0,0,0,0,0,0,0,0,0,0,0,0,0,0,0,0,0,0,0,0,0,0,39.9333,-75.2, , 
 ,28458,2015061795,6,67,67301,2015,5,4,47,0,3,1,0,5,6, , ,N,0,0,0,3,0,0,1,3,N,N,40 03:55.605,75 01:47.708,123, ,119, ,0, ,N, ,0, , , , , ,311877, , , ,3,2,0,0,0,0,1,0,0,0,0,0,0,0,1,0,0,0,0,0,0,0,0,0,0,0,0,0,0,0,0,0,0,0,0,9,0,40.0654,-75.0299, , 
 ,28459,2015069713,6,67,67301,2015,6,5,1043,10,1,2,1,6,1, , ,N,0,0,0,3,0,2,2,2,N,N,39 58:18.652,75 11:23.665,1046, ,1044,4,2,1,N, ,0,Y, , , , ,311883, , , ,2,2,0,0,0,0,0,0,0,0,1,1,2,0,0,0,0,0,0,0,0,0,0,0,0,0,0,0,0,0,0,0,0,0,0,3,0,39.9718,-75.1899, , 
 ,28460,2015070658,6,67,67301,2015,6,4,2230,22,3,1,0,6,6, , ,N,0,0,0,3,0,0,1,2,N,N,39 59:57.888,75 06:38.351,145, ,137, ,0, ,N, ,0, , , , , ,311885, , , ,2,1,0,0,0,0,1,0,0,0,0,0,0,0,1,0,0,0,0,0,0,0,0,0,0,0,0,0,0,0,0,0,0,0,0,9,0,39.9994,-75.1107, , 
 ,28461,2015083364,6,67,67301,2015,7,3,2125,21,3,1,0,4,1, , ,N,3,2,0,3,0,1,3,2,N,N,40 03:47.826,75 08:21.544,2128, ,2127, ,0, ,N, ,3, , , , , ,311897, , , ,2,2,0,0,0,0,0,0,0,0,0,1,1,0,2,0,0,0,0,0,0,0,0,0,0,0,0,0,0,0,0,0,0,0,0,4,0,40.0633,-75.1393, , 
 ,28462,2015085240,6,67,67301,2015,8,1,1910,19,4,1,0,5,1, , ,N,0,0,0,3,0,0,5,3,N,N,39 57:40.232,75 14:02.924,1953, ,1919,4,2,3,N, ,0,Y, , , , ,311899, , , ,3,2,0,0,0,0,0,1,0,0,0,0,0,0,1,0,0,0,0,0,0,0,0,0,0,0,0,0,0,0,0,0,0,0,0,9,0,39.9612,-75.2341, , 
 ,28463,2015088918,6,67,67301,2015,8,7,220,2,3,1,0,7,5, , ,N,2,3,0,3,0,1,1,1,N,N,39 58:36.451,75 09:16.019,236, ,234, ,0, ,N, ,3, , , , , ,311900, , , ,1,1,0,0,0,0,0,0,0,0,0,0,1,1,0,0,0,0,0,0,0,0,0,1,0,0,0,0,0,0,0,0,0,0,0,8,0,39.9768,-75.1544, , 
 ,28464,2015051991,6,67,67301,2015,5,7,1130,11,1,1,0,1,1, , ,N,1,3,0,3,0,0,2,3,N, ,40 04:02.316,75 00:31.866,1142, ,1131,2,2,2, , ,3,N, , , , ,311912, , , ,2,1,0,0,1,0,0,0,0,0,0,0,0,0,0,0,0,0,0,0,0,0,0,0,0,0,0,0,0,0,0,0,0,0,0,0,0,40.0673,-75.0089, , 
 ,28465,2015075278,6,67,67301,2015,6,2,1627,16,1,1,0,8,1, , ,N,1,2,0,3,0,1,2,2,N,N,39 57:06.275,75 09:29.915,1633, ,1627, ,0, ,N, ,3, , , , , ,314956, , , ,1,0,0,0,0,0,1,0,0,0,0,0,1,1,0,0,0,0,0,0,0,0,0,0,0,0,0,0,0,0,0,0,1,0,0,8,0,39.9517,-75.1582, , 
 ,28466,2015075658,6,67,67301,2015,6,3,2210,22,3,2,1,8,1, , ,N,1,3,0,3,0,1,2,2,N,N,39 57:59.670,75 14:23.337,2218, ,2212, ,0, ,N, ,3, , , , , ,314958, , , ,1,0,0,0,0,0,0,1,0,0,0,1,1,0,0,0,0,0,0,0,0,0,0,0,0,0,0,0,0,0,0,0,1,0,0,4,0,39.9666,-75.2398, , 
 ,28467,2015086264,6,67,67301,2015,8,4,13,0,3,1,0,4,1, , ,N,1,3,0,3,0,2,4,2,N,N,39 56:12.796,75 11:20.011,120, ,22, ,0, ,N, ,3, , , , , ,314968, , , ,2,1,0,0,0,0,1,0,0,0,0,0,2,2,0,0,0,0,0,1,0,0,0,0,0,0,0,0,0,0,0,0,0,0,0,8,0,39.9369,-75.1889, , 
 ,28468,2015093005,6,67,67301,2015,8,3,824,8,1,1,0,4,1, , ,N,1,3,0,3,0,0,2,2,N,N,40 03:31.163,75 11:10.557,853, ,824, ,0, ,N, ,3, , , , , ,314975, , , ,2,1,0,0,0,0,1,0,0,0,0,0,0,0,0,0,0,0,0,0,1,0,0,0,0,0,0,0,0,0,0,0,0,0,0,0,0,40.0587,-75.1863, , 
 ,28469,2015093011,6,67,67301,2015,8,1,915,9,1,1,0,4,1, , ,N,1,2,0,3,0,2,3,3,N,N,40 02:32.725,75 04:57.598,920, ,918,3,2,7,N, ,3,Y, , , , ,314976, , , ,3,2,0,0,0,0,1,0,0,0,0,0,2,2,0,0,0,0,0,0,2,0,1,0,0,0,0,0,0,0,0,0,0,0,0,8,0,40.0424,-75.0827, , 
 ,28470,2015113178,6,67,67301,2015,10,4,100,1,3,1,0,5,1, , ,N,0,0,0,3,0,5,6,3,N,N,40 01:31.427,75 07:22.887,115, ,105, ,0, , , ,0, , , , , ,314987, , , ,3,1,0,1,0,0,1,0,0,0,5,0,5,0,0,0,0,0,0,0,0,0,0,0,0,0,0,0,0,0,0,0,0,0,0,3,1,40.0254,-75.123, , 
N,28471,2015056660,6,67,67301,2015,5,1,1121,11,1,1,0,5,1,1,4,Y,0,0,0,3,0,2,3,2,N,N,39 57:33.091,75 10:20.444,1143,50,1132,1,2,4,N, ,0,N,N,N,N,N,314992,N,N,Y,2,2,0,0,0,0,0,0,0,0,0,0,2,2,0,0,1,0,0,0,0,0,0,1,0,0,0,0,0,0,0,0,0,0,0,8,0,39.9592,-75.1723, , 
 ,28472,2015069709,6,67,67301,2015,6,6,2110,21,1,1,0,7,4, , ,N,0,0,0,3,0,1,3,2,N, ,40 03:06.159,75 05:36.748,2115, ,2110, ,0, , , ,0, , , , , ,315000, , , ,2,1,0,0,0,0,0,1,0,0,0,0,1,1,0,0,0,0,0,0,0,0,0,2,0,0,0,0,0,0,0,0,0,0,0,8,0,40.0517,-75.0935, , 
 ,28473,2015078240,6,67,67301,2015,7,3,720,7,1,1,0,4,1, , ,N,1,2,0,3,0,0,4,2,N,N,39 55:03.752,75 10:39.799,730, ,724, ,0, ,N, ,3, , , , , ,315007, , , ,2,1,0,0,0,0,0,1,0,0,0,0,0,0,0,0,0,0,0,0,0,0,0,0,0,0,0,0,0,0,0,0,0,0,0,0,0,39.9177,-75.1777, , 
 ,28474,2015083332,6,67,67301,2015,8,1,530,5,5,1,0,5,6, , ,N,0,0,0,3,0,1,1,5,N,N,39 59:49.498,75 10:54.497,540, ,530, ,0, ,N, ,0, , , , , ,315008, , , ,5,3,0,0,1,0,0,1,0,0,0,0,1,1,0,0,0,0,0,0,0,0,0,0,0,0,0,0,0,0,0,0,0,0,0,8,0,39.9971,-75.1818, , 
 ,28475,2015093022,6,67,67301,2015,8,2,1757,17,1,1,0,6,1, , ,N,3,0,0,3,0,0,2,2,N,N,39 59:52.890,75 09:02.397,1804, ,1801, ,0, ,N, ,0, , , , , ,315016, , , ,2,1,0,0,0,0,1,0,0,0,0,0,0,0,0,0,0,0,0,0,0,1,0,0,0,0,0,0,0,0,0,0,0,0,0,0,0,39.998,-75.1507, , 
 ,28476,2015097618,6,67,67301,2015,9,1,131,1,3,1,0,4,1, , ,N,6,0,0,3,0,1,4,2,N,N,40 02:45.429,75 00:06.477,150, ,132, ,0, ,N, ,0, , , , , ,315021, , , ,2,2,0,0,0,0,0,0,0,0,0,1,1,0,0,0,0,0,0,0,0,0,0,0,0,0,0,0,0,0,0,0,0,0,0,4,0,40.046,-75.0018, , 
 ,28477,2015075738,6,67,67301,2015,7,2,1902,19,1,1,0,3,1, , ,N,0,0,0,3,0,1,2,2,N, ,39 56:09.193,75 11:04.297,1909, ,1902, ,0, , , ,0, , , , , ,315055, , , ,1,1,0,0,0,0,0,0,1,0,0,0,1,1,0,0,0,0,0,0,1,0,0,0,0,0,0,0,0,0,0,0,0,0,0,8,0,39.9359,-75.1845, , 
 ,28478,2015085766,6,67,67301,2015,2,1,1800,18,3,4,5,7,4, , ,N,3,0,0,3,0,1,1,1,N,N,39 58:27.857,75 12:15.934,0, ,0, ,0, ,N, ,0, , , , , ,315062, , , ,1,0,0,0,0,0,1,0,0,0,0,0,1,1,0,0,0,0,0,0,0,0,0,0,0,0,0,0,0,0,0,0,0,0,0,8,0,39.9744,-75.2044, , 
 ,28479,2015091089,6,67,67301,2015,8,4,1725,17,1,1,0,8,1, , ,N,1,2,0,3,0,1,2,2,N,N,40 02:08.965,75 10:29.000,1730, ,1729, ,0, ,N, ,3, , , , , ,315067, , , ,1,0,0,0,1,0,0,0,0,0,0,0,1,1,0,0,0,0,0,0,0,1,0,0,0,0,0,0,0,0,0,0,1,0,0,8,0,40.0358,-75.1747, , 
 ,28480,2015096347,6,67,67301,2015,9,6,345,3,3,2,1,7,3, , ,N,0,0,0,3,0,1,1,1,N,N,39 55:51.837,75 11:57.288,352, ,347,1,1,3,N, ,0,N, , , , ,315073, , , ,1,0,0,0,0,0,1,0,0,0,0,1,1,0,0,0,0,0,0,0,0,0,0,0,0,0,0,0,0,0,0,0,0,0,0,4,0,39.9311,-75.1992, , 
 ,28481,2015097632,6,67,67301,2015,9,4,1928,19,3,1,0,7,4, , ,N,0,0,2,3,0,0,1,1,N,N,40 02:56.769,75 00:09.631,1933, ,1928, ,0, ,Y, ,0, , , , , ,315074, , , ,1,1,0,0,0,0,0,0,0,0,0,0,0,0,0,0,0,0,0,0,0,0,0,0,0,0,0,0,0,0,0,0,0,0,0,0,0,40.0491,-75.0027, , 
Y,28482,2015106231,6,67,67301,2015,10,3,1822,18,3,1,0,1,1,1,4,Y,0,0,0,3,0,1,5,3,N,N,40 01:22.977,75 02:06.404,1836,45,1826,2,1,1,N, ,0,N,N,N,N,N,315082,N,N,Y,3,2,0,0,0,0,1,0,0,0,0,0,1,1,0,0,0,0,0,0,0,0,0,0,0,0,0,0,0,0,0,0,0,0,0,8,0,40.023,-75.0351, , 
 ,28483,2015103382,6,67,67301,2015,9,2,910,9,1,1,0,4,1, , ,N,3,4,0,3,0,0,3,2,N,N,39 59:38.237,75 11:50.698,935, ,913,1,1,1,N, ,3,N, , , , ,318162, , , ,2,1,0,0,0,0,1,0,0,0,0,0,0,0,0,0,0,0,0,0,0,0,0,0,0,0,0,0,0,0,0,0,0,0,0,0,0,39.994,-75.1974, , 
 ,28484,2015106366,6,67,67301,2015,9,4,1005,10,1,2,1,8,1, , ,N,0,0,0,3,0,1,2,2,N,N,39 59:10.518,75 09:19.962,1013, ,1011, ,0, ,N, ,0, , , , , ,318165, , , ,1,0,0,0,0,0,1,0,0,0,0,1,1,0,0,0,0,0,0,0,0,0,0,0,0,0,0,0,0,0,0,0,1,0,0,4,0,39.9863,-75.1555, , 
 ,28485,2015108886,6,67,67301,2015,10,7,1036,10,1,1,0,1,1, , ,N,0,0,0,3,0,2,4,3,N,N,39 54:01.064,75 09:26.145,1036, ,1036,1,1,1,N, ,0,N, , , , ,318167, , , ,3,3,0,0,0,0,0,0,0,0,0,0,2,2,0,0,0,0,0,0,0,1,0,0,0,0,0,0,0,0,0,0,0,0,0,8,0,39.9003,-75.1573, , 
 ,28486,2015112146,6,67,67301,2015,10,3,1140,11,1,1,0,1,1, , ,N,0,2,0,3,0,1,2,3,N, ,39 58:15.396,75 13:32.603,1220, ,1219, ,0, , , ,3, , , , , ,318169, , , ,3,3,0,0,0,0,0,0,0,0,0,1,1,0,0,0,0,0,0,0,0,0,0,0,0,0,0,0,0,0,0,0,0,0,0,4,0,39.9709,-75.2257, , 
 ,28487,2015045411,6,67,67301,2015,4,6,1552,15,1,1,0,1,1, , ,N,2,0,0,3,0,0,4,3,N,N,40 01:03.979,75 12:07.747,1552, ,1552, ,0, ,N, ,0, , , , , ,318175, , , ,3,2,0,0,0,0,1,0,0,0,0,0,0,0,0,0,0,1,0,0,0,0,0,0,0,0,0,0,0,0,0,0,0,0,0,0,0,40.0178,-75.2022, , 
 ,28488,2015073673,6,67,67301,2015,7,4,1342,13,1,1,0,4,1, , ,N,1,2,0,3,0,7,8,2,N, ,40 02:16.937,75 04:04.982,1405, ,1343,1,1,2, , ,3,N, , , , ,318193, , , ,2,1,0,0,0,0,1,0,0,0,7,0,7,0,0,0,0,0,0,0,0,0,0,0,0,0,0,0,0,0,0,0,0,0,0,3,0,40.038,-75.068, , 
 ,28489,2015075815,6,67,67301,2015,7,6,1942,19,4,1,0,2,1, , ,N,0,0,0,3,0,0,3,3,N,N,40 04:50.838,75 01:42.149,1947, ,1945, ,0, ,N, ,0, , , , , ,318194, , , ,3,1,0,0,1,0,1,0,0,0,0,0,0,0,0,0,0,0,0,0,1,0,0,0,0,0,0,0,0,0,0,0,0,0,0,0,0,40.0808,-75.0284, , 
 ,28490,2015053910,6,67,67301,2015,5,5,834,8,1,1,0,4,1, , ,N,2,3,0,3,0,0,3,4,N,N,39 55:48.957,75 13:19.160,842, ,838,1,2,5,N, ,3,N, , , , ,318219, , , ,4,2,0,0,1,0,1,0,0,0,0,0,0,0,1,0,0,0,0,0,1,0,0,0,0,0,0,0,0,0,0,0,0,0,0,9,0,39.9303,-75.222, , 
 ,28491,2015063979,6,67,67301,2015,6,4,1815,18,1,1,0,4,1, , ,N,1,3,0,3,0,0,2,2,N,N,39 59:03.142,75 07:29.730,1826, ,1822, ,0, ,N, ,3, , , , , ,318228, , , ,2,2,0,0,0,0,0,0,0,0,0,0,0,0,0,0,0,0,0,0,0,0,0,1,0,0,0,0,0,0,0,0,0,0,0,0,0,39.9842,-75.1249, , 
 ,28492,2015071466,6,67,67301,2015,6,6,1453,14,1,1,0,1,1, , ,N,0,0,0,3,0,2,4,2,N,N,39 57:02.992,75 10:58.707,1517, ,1457, ,0, ,N, ,0, , , , , ,318235, , , ,2,2,0,0,0,0,0,0,0,0,0,0,2,2,0,0,0,0,0,1,0,0,0,0,0,0,0,0,0,0,0,0,0,0,0,8,0,39.9508,-75.183, , 
 ,28493,2015071478,6,67,67301,2015,6,4,223,2,3,1,0,7,5, , ,N,0,0,0,3,0,0,1,1,N,N,39 53:34.047,75 13:32.423,232, ,224, ,0, ,Y, ,0, , , , , ,318236, , , ,1,0,0,0,0,0,1,0,0,0,0,0,0,0,0,0,0,0,0,0,1,0,0,0,0,0,0,0,0,0,0,0,0,0,0,0,0,39.8928,-75.2257, , 
N,28494,2015080504,6,67,67301,2015,8,7,1025,10,1,1,0,5,1,1,4,Y,0,0,0,3,0,1,2,2,N,N,39 58:27.160,75 07:06.708,1045,45,1025,3,1,1,N, ,0,N,N,N,N,N,318240,N,Y,N,2,0,2,0,0,0,0,0,0,0,1,0,1,0,0,0,0,0,0,0,1,0,0,0,0,0,0,0,0,0,0,0,0,0,0,3,0,39.9742,-75.1185, , 
 ,28495,2015080669,6,67,67301,2015,7,7,256,2,3,1,0,1,1, , ,N,1,2,0,3,0,2,5,3,N,N,40 01:43.697,75 05:23.235,258, ,253, ,0, ,N, ,3, , , , , ,318241, , , ,3,2,0,0,0,0,0,1,0,0,0,2,2,0,0,0,0,0,0,0,1,0,0,0,0,0,0,0,0,0,0,0,0,0,0,4,0,40.0288,-75.0898, , 
 ,28496,2015086239,6,67,67301,2015,8,7,1700,17,1,1,0,4,1, , ,N,1,2,0,3,0,1,2,2,N,N,40 02:07.796,75 10:43.589,1900, ,845, ,0, ,N, ,3, , , , , ,318248, , , ,2,2,0,0,0,0,0,0,0,0,0,0,1,1,1,0,0,0,0,0,1,0,0,0,0,0,0,0,0,0,0,0,0,0,0,8,0,40.0355,-75.1788, , 
 ,28497,2015096114,6,67,67301,2015,8,2,1508,15,1,1,0,5,6, , ,N,0,0,0,3,0,0,1,2,N, ,40 04:01.457,75 00:36.271,1553, ,1555,2,1,1, , ,0,N, , , , ,318256, , , ,2,1,0,0,1,0,0,0,0,0,0,0,0,0,0,0,0,0,0,0,1,0,0,0,0,0,0,0,0,0,0,0,0,0,0,0,0,40.0671,-75.0101, , 
 ,28498,2015070190,6,67,67301,2015,6,2,1800,18,1,1,0,8,1, , ,N,1,3,0,3,0,1,2,2,N,N,40 03:02.023,75 09:25.419,1600, ,1553, ,0, ,N, ,3, , , , , ,318277, , , ,1,1,0,0,0,0,0,0,0,0,1,0,1,0,0,0,0,0,0,0,0,0,0,0,0,0,0,0,0,0,0,0,1,0,0,3,0,40.0506,-75.1571, , 
 ,28499,2015095776,6,67,67301,2015,8,5,9999,99,1,1,0,8,1, , ,N,0,0,0,3,0,1,2,2,N, ,40 00:48.918,75 05:52.308,9999, ,1317, ,0, , , ,0, , , , , ,318296, , , ,1,0,0,0,0,0,0,0,0,0,0,0,1,1,0,0,0,0,0,0,0,0,0,0,0,0,0,0,0,0,0,0,1,0,0,8,0,40.0136,-75.0979, , 
 ,28500,2015099085,6,67,67301,2015,9,4,822,8,1,1,0,4,1, , ,N,2,3,0,3,0,1,3,2,N,Y,40 01:44.277,75 03:38.753,826, ,826,9,1,1, , ,3,N, , , , ,318300, , , ,2,0,0,0,0,0,2,0,0,0,0,1,1,0,0,0,0,0,0,0,1,0,0,0,0,0,0,0,0,0,0,0,0,0,0,4,0,40.029,-75.0608, , 
 ,28501,2015070183,6,67,67301,2015,6,7,2340,23,3,2,1,4,1, , ,N,1,2,0,3,0,1,2,2,N,N,39 58:36.732,75 08:36.697,1701, ,1656, ,0, ,N, ,3, , , , , ,321130, , , ,1,0,0,0,0,0,0,0,1,1,0,0,1,0,0,0,0,0,0,0,0,0,0,0,0,0,0,0,0,0,0,1,0,0,0,2,0,39.9769,-75.1435, , 
 ,28502,2015070204,6,67,67301,2015,6,3,2010,20,1,1,1,4,1, , ,N,1,2,0,3,0,1,3,2,N,N,40 02:28.908,75 01:41.719,2016, ,2014,2,1,4, , ,3,Y, , , , ,321131, , , ,2,1,0,0,0,0,1,0,0,0,0,0,1,1,2,0,0,0,0,0,0,0,0,0,0,0,0,0,0,0,0,0,0,0,0,8,0,40.0414,-75.0283, , 
 ,28503,2015078230,6,67,67301,2015,7,5,1708,17,1,1,0,5,1, , ,N,1,2,0,3,0,1,2,2,N,N,39 57:09.713,75 08:59.754,1720, ,1717, ,0, ,N, ,3, , , , , ,321137, , , ,1,0,0,0,0,1,0,0,1,0,0,0,1,1,0,0,0,0,0,0,0,0,0,0,0,0,0,0,0,0,0,0,0,0,0,8,1,39.9528,-75.1499, , 
 ,28504,2015084403,6,67,67301,2015,7,6,847,8,1,1,0,1,1, , ,N,0,0,0,3,0,2,3,3,N,N,40 07:09.248,74 58:50.456,852, ,847,2,1,1,N, ,0,N, , , , ,321147, , , ,3,2,0,0,0,0,1,0,0,0,0,0,2,2,0,0,0,0,0,0,1,0,0,1,0,0,0,0,0,0,0,0,0,0,0,8,0,40.1192,-74.9807, , 
Y,28505,2015087764,6,67,67301,2015,8,4,1748,17,1,1,0,1,1,1,5,Y,0,8,3,3,0,0,4,4,N,N,39 54:30.440,75 08:54.925,1750,35,1750, ,0, ,N, ,3, ,N, , ,N,321151,Y, , ,4,3,0,0,0,0,1,0,0,0,0,0,0,0,0,0,0,0,0,0,0,0,0,0,0,0,0,0,0,0,0,0,0,0,0,0,0,39.9085,-75.1486, , 
 ,28506,2015064002,6,67,67301,2015,5,2,405,4,3,1,0,2,6, , ,N,0,0,0,3,0,0,1,3,N, ,39 57:01.416,75 14:57.567,413, ,410,3,1,1, , ,0,N, , , , ,321167, , , ,3,1,0,0,1,0,1,0,0,0,0,0,0,0,0,0,0,0,1,0,0,0,0,0,0,0,0,0,0,0,0,0,0,0,0,0,0,39.9504,-75.2493, , 