wz_ln_closure,objectid_1,crn,district,county,municipality,crash_year,crash_month,day_of_week,time_of_day,hour_of_day,illumination,weather,road_condition,collision_type,relation_to_road,work_zone_type,work_zone_loc,work_zone_ind,intersect_type,tcd_type,location_type,urban_rural,fatal_count,injury_count,person_count,total_units,sch_bus_ind,sch_zone_ind,latitude,longitude,arrival_tm,cons_zone_spd_lim,dispatch_tm,est_hrs_closed,lane_closed,ln_close_dir,ntfy_hiwy_maint,spec_juris_cd,tcd_func_cd,tfc_detour_ind,workers_pres,wz_close_detour,wz_flagger,wz_law_offcr_ind,objectid,wz_moving,wz_other,wz_shlder_mdn,vehicle_count,automobile_count,motorcycle_count,bus_count,small_truck_count,heavy_truck_count,suv_count,van_count,bicycle_count,maj_inj_count,mod_inj_count,min_inj_count,tot_inj_count,unk_inj_deg_count,unk_inj_per_count,driver_count_16yr,driver_count_17yr,driver_count_18yr,driver_count_19yr,driver_count_20yr,driver_count_50_64yr,driver_count_65_74yr,driver_count_75plus,unbelted_occ_count,unb_death_count,unb_maj_inj_count,belted_death_count,belted_maj_inj_count,mcycle_death_count,mcycle_maj_inj_count,bicycle_death_count,bicycle_maj_inj_count,ped_count,ped_death_count,ped_maj_inj_count,max_severity_level,comm_veh_count,dec_lat,dec_long,rdwy_surf_type_cd,county_name
 ,28507,2015066207,6,67,67301,2015,6,6,1955,19,1,1,0,4,1, , ,N,3,3,0,3,0,3,3,2,N,N,39 55:46.422,75 14:36.171,1959, ,1958,2,2,6,N, ,3,Y, , , , ,321169, , , ,2,0,0,0,0,0,0,2,0,0,0,0,3,3,0,0,0,0,0,0,0,1,0,0,0,0,0,0,0,0,0,0,0,0,0,8,0,39.931,-75.243, , 
 ,28508,2015068060,6,67,67301,2015,6,3,33,0,3,1,0,7,4, , ,N,0,0,0,3,0,0,1,1,N,N,39 53:32.880,75 14:08.203,43, ,35, ,0, ,Y, ,0, , , , , ,321170, , , ,1,0,0,0,0,0,0,1,0,0,0,0,0,0,0,0,0,0,0,0,1,0,0,0,0,0,0,0,0,0,0,0,0,0,0,0,0,39.8925,-75.2356, , 
 ,28509,2015069766,6,67,67301,2015,6,4,1530,15,1,1,0,4,1, , ,N,2,2,0,3,0,0,3,3,N,N,39 59:53.654,75 11:15.510,1540, ,1533,2,2,1, , ,3,Y, , , , ,321173, , , ,3,2,0,0,0,0,1,0,0,0,0,0,0,0,0,0,0,0,0,0,0,1,0,0,0,0,0,0,0,0,0,0,0,0,0,0,0,39.9982,-75.1876, , 
N,28510,2015070269,6,67,67301,2015,6,6,1714,17,1,1,0,1,1,1,4,Y,0,0,0,3,0,0,3,2,N,N,40 01:37.654,75 01:32.611,1734,45,1727,2,1,2,N, ,0,N,Y,N,N,N,321174,N,N,Y,2,1,0,0,0,0,1,0,0,0,0,0,0,0,0,0,0,0,0,0,0,0,0,0,0,0,0,0,0,0,0,0,0,0,0,0,0,40.0271,-75.0257, , 
 ,28511,2015088794,6,67,67301,2015,8,3,1238,12,1,1,0,6,1, , ,N,0,0,0,3,0,1,2,2,N,N,40 03:33.779,75 04:48.710,1250, ,1244, ,0, ,N, ,0, , , , , ,321189, , , ,2,0,0,0,1,0,0,1,0,0,0,0,1,1,0,0,0,0,0,0,0,0,0,0,0,0,0,0,0,0,0,0,0,0,0,8,0,40.0594,-75.0802, , 
N,28512,2015097611,6,67,67301,2015,9,5,1208,12,1,2,1,7,4,1,5,Y,0,0,0,3,0,1,1,1,N,N,40 01:25.242,75 01:57.481,1229,45,1212,2,1,1,N, ,0,N,Y,N,N,N,321195,N,N,Y,1,1,0,0,0,0,0,0,0,0,1,0,1,0,0,0,0,0,0,0,0,0,0,0,0,0,0,0,0,0,0,0,0,0,0,3,0,40.0237,-75.0326, , 
 ,28513,2015103362,6,67,67301,2015,9,6,1520,15,1,1,0,5,6, , ,N,0,0,0,3,0,2,2,2,N,N,40 02:31.292,75 07:29.080,1524, ,1522, ,0, ,N, ,0, , , , , ,321204, , , ,2,1,0,0,0,0,0,1,0,0,0,2,2,0,0,0,0,0,0,0,0,0,0,0,0,0,0,0,0,0,0,0,0,0,0,4,0,40.042,-75.1247, , 
 ,28514,2015078259,6,67,67301,2015,7,2,1445,14,1,1,0,4,1, , ,N,1,2,0,3,0,0,3,2,N,N,39 56:41.827,75 08:54.427,1500, ,1500, ,0, ,N, ,3, , , , , ,321211, , , ,2,1,0,0,0,0,1,0,0,0,0,0,0,0,0,0,0,0,0,0,1,0,0,0,0,0,0,0,0,0,0,0,0,0,0,0,0,39.945,-75.1485, , 
 ,28515,2015065464,6,67,67301,2015,5,6,240,2,3,1,0,7,4, , ,N,0,0,0,3,0,0,1,1,N,N,40 01:46.411,75 11:17.671,253, ,246, ,0, ,N, ,0, , , , , ,321220, , , ,1,1,0,0,0,0,0,0,0,0,0,0,0,0,1,0,0,0,0,0,0,0,0,1,0,0,0,0,0,0,0,0,0,0,0,9,0,40.0296,-75.1882, , 
 ,28516,2015085270,6,67,67301,2015,8,3,416,4,3,1,0,8,1, , ,N,1,2,0,3,0,1,2,2,N,N,40 00:39.342,75 05:19.369,423, ,418, ,0, ,N, ,3, , , , , ,321238, , , ,1,0,0,0,0,0,0,0,0,0,0,1,1,0,0,0,0,0,0,0,0,0,0,0,0,0,0,0,0,0,0,0,1,0,0,4,0,40.0109,-75.0887, , 
 ,28517,2015096331,6,67,67301,2015,9,2,15,0,3,1,0,5,1, , ,N,6,0,1,3,0,0,4,2,N,N,39 57:34.701,75 10:51.774,30, ,24, ,0, ,N, ,0, , , , , ,321247, , , ,2,2,0,0,0,0,0,0,0,0,0,0,0,0,0,0,0,0,0,0,1,0,0,0,0,0,0,0,0,0,0,0,0,0,0,0,0,39.9596,-75.181, , 
 ,28518,2015051519,6,67,67301,2015,5,1,1120,11,1,1,0,4,1, , ,N,1,2,0,3,0,0,2,2,N,N,39 58:26.116,75 12:23.386,1123, ,1123, ,0, , , ,3, , , , , ,321258, , , ,2,1,0,0,0,0,0,1,0,0,0,0,0,0,1,0,0,0,0,0,0,1,0,0,0,0,0,0,0,0,0,0,0,0,0,9,0,39.9738,-75.2064, , 
 ,28519,2015061927,6,67,67301,2015,5,3,715,7,1,1,0,1,1, , ,N,1,2,0,3,0,1,2,2,N, ,40 01:32.829,75 07:58.227,840, ,834, ,0, , , ,3, , , , , ,321271, , , ,2,1,0,0,0,0,0,1,0,0,0,1,1,0,1,0,0,0,0,0,0,0,0,0,0,0,0,0,0,0,0,0,0,0,0,4,0,40.0258,-75.1328, , 
Y,28520,2015052345,6,67,67301,2015,4,6,450,4,3,1,0,1,1,2,2,Y,0,8,0,3,0,1,2,2,N,N,39 58:35.369,75 06:52.178,506,45,452,2,2,2,N, ,3,Y,Y,N,N,N,311913,Y,N,N,2,0,0,0,0,2,0,0,0,0,0,0,1,1,0,0,0,0,0,0,1,0,0,0,0,0,0,0,0,0,0,0,0,0,0,8,2,39.9765,-75.1145, , 
 ,28521,2015080277,6,67,67301,2015,7,6,1019,10,1,1,0,4,1, , ,N,1,3,0,3,0,1,2,2,N,N,39 57:19.087,75 10:29.085,1028, ,1024, ,0, , , ,3, , , , , ,311917, , , ,1,0,0,0,0,0,1,0,1,0,0,1,1,0,0,0,0,0,0,0,0,0,0,0,0,0,0,0,0,0,0,0,0,0,0,4,0,39.9553,-75.1747, , 
 ,28522,2015095140,6,67,67301,2015,9,5,1450,14,1,1,0,1,1, , ,N,0,0,0,3,0,2,4,4,N,N,40 02:42.158,75 08:36.351,1455, ,1454, ,0, , , ,0, , , , , ,311927, , , ,4,3,0,0,0,0,0,1,0,0,1,0,2,1,0,0,0,0,0,0,1,1,1,0,0,0,0,0,0,0,0,0,0,0,0,3,0,40.045,-75.1434, , 
 ,28523,2015130142,6,67,67301,2015,11,7,1055,10,1,2,1,4,1, , ,N,0,0,0,3,0,1,3,2,N, ,39 57:00.804,75 08:45.554,1100, ,1055, ,0, , , ,0, , , , , ,311954, , , ,2,0,0,0,0,0,2,0,0,0,0,1,1,0,0,0,0,0,0,0,0,0,0,0,0,0,0,0,0,0,0,0,0,0,0,4,0,39.9502,-75.146, , 
 ,28524,2015063866,6,67,67301,2015,6,2,1530,15,1,1,0,8,1, , ,N,1,3,0,3,0,2,3,3,N,N,39 55:01.524,75 09:45.539,1758, ,1757, ,0, ,N, ,3, , , , , ,311965, , , ,1,0,0,0,0,0,1,0,0,0,0,2,2,0,0,0,0,0,0,0,0,0,0,0,0,0,0,0,0,0,0,0,2,0,0,4,0,39.9171,-75.1626, , 
 ,28525,2015072868,6,67,67301,2015,7,4,1404,14,1,1,0,8,1, , ,N,1,2,0,3,0,1,2,2,N,N,39 54:50.431,75 08:59.775,1540, ,1537, ,0, ,N, ,3, , , , , ,311970, , , ,1,0,0,0,0,0,1,0,0,0,0,1,1,0,0,0,0,0,0,0,0,0,0,0,0,0,0,0,0,0,0,0,1,0,0,4,0,39.914,-75.1499, , 
 ,28526,2015079278,6,67,67301,2015,7,6,1520,15,1,1,0,5,2, , ,N,0,0,0,3,0,0,3,2,N,N,40 00:00.879,75 11:41.643,1603, ,1603, ,0, ,N, ,0, , , , , ,311978, , , ,2,2,0,0,0,0,0,0,0,0,0,0,0,0,0,0,0,0,0,0,1,0,0,0,0,0,0,0,0,0,0,0,0,0,0,0,0,40.0002,-75.1949, , 
 ,28527,2015095146,6,67,67301,2015,9,1,45,0,3,1,1,1,1, , ,N,2,2,2,3,0,1,2,2,N,N,39 55:52.174,75 08:38.984,1045, ,9999, ,0, ,N, ,3, , , , , ,311999, , , ,2,2,0,0,0,0,0,0,0,0,0,1,1,0,1,0,0,0,0,0,0,0,0,0,0,0,0,0,0,0,0,0,0,0,0,4,0,39.9311,-75.1439, , 
 ,28528,2015083372,6,67,67301,2015,7,6,2,0,3,1,0,4,1, , ,N,1,2,0,3,0,1,2,2,N, ,40 05:40.718,75 00:54.707,5, ,2,2,1,5, , ,3,N, , , , ,312034, , , ,2,2,0,0,0,0,0,0,0,1,0,0,1,0,0,0,0,0,1,0,0,0,0,0,0,0,0,0,0,0,0,0,0,0,0,2,0,40.0946,-75.0152, , 
 ,28529,2015086202,6,67,67301,2015,8,5,207,2,3,1,0,1,6, , ,N,0,0,0,3,0,0,1,3,N,N,40 02:09.965,75 07:40.579,217, ,212,2,2,6,N, ,0,Y, , , , ,312039, , , ,3,3,0,0,0,0,0,0,0,0,0,0,0,0,0,0,0,0,0,0,0,0,0,0,0,0,0,0,0,0,0,0,0,0,0,0,0,40.0361,-75.1279, , 
 ,28530,2015086205,6,67,67301,2015,8,7,1820,18,1,1,0,4,1, , ,N,1,0,1,3,0,1,2,2,N,N,39 59:11.990,75 09:02.480,2011, ,1822, ,0, ,N, ,0, , , , , ,312040, , , ,2,1,0,0,0,0,1,0,0,0,0,1,1,0,0,0,0,0,0,0,0,0,0,0,0,0,0,0,0,0,0,0,0,0,0,4,0,39.9867,-75.1507, , 
 ,28531,2015043258,6,67,67301,2015,4,1,12,0,3,1,0,7,4, , ,N,0,0,0,3,0,0,1,1,N, ,40 06:11.866,74 57:45.894,17, ,15, ,0, , , ,0, , , , , ,312082, , , ,1,1,0,0,0,0,0,0,0,0,0,0,0,0,1,0,0,1,0,0,0,0,0,0,0,0,0,0,0,0,0,0,0,0,0,9,0,40.1033,-74.9627, , 
 ,28532,2015061831,6,67,67301,2015,5,1,219,2,3,1,0,4,1, , ,N,1,2,0,3,0,1,2,2,N,N,40 01:54.735,75 07:53.327,230, ,230, ,0, ,N, ,3, , , , , ,312091, , , ,2,2,0,0,0,0,0,0,0,0,0,1,1,0,1,0,0,0,0,0,0,0,0,0,0,0,0,0,0,0,0,0,0,0,0,4,0,40.0319,-75.1315, , 
 ,28533,2015051524,6,67,67301,2015,4,4,955,9,1,1,0,1,1, , ,N,0,0,0,3,0,1,5,3,N,N,39 59:35.069,75 05:51.018,1005, ,956,2,2,1,N, ,0,N, , , , ,312104, , , ,3,3,0,0,0,0,0,0,0,0,0,1,1,0,0,0,0,0,0,1,0,0,0,0,0,0,0,0,0,0,0,0,0,0,0,4,0,39.9931,-75.0975, , 
 ,28534,2015056447,6,67,67301,2015,3,1,45,0,3,1,0,4,1, , ,N,1,2,0,3,0,1,2,2,N,N,40 03:42.317,75 03:21.839,55, ,51, ,0, ,N, ,3, , , , , ,312107, , , ,2,1,0,0,0,0,0,1,0,0,1,0,1,0,1,0,0,0,0,1,0,0,0,0,0,0,0,0,0,0,0,0,0,0,0,3,0,40.0618,-75.0561, , 
 ,28535,2015061915,6,67,67301,2015,5,2,527,5,1,1,0,4,1, , ,N,1,3,0,3,0,0,4,2,N,N,39 59:35.462,75 06:24.911,539, ,530,1,2,6,N, ,3,N, , , , ,312114, , , ,2,2,0,0,0,0,0,0,0,0,0,0,0,0,0,0,0,0,0,1,0,0,0,0,0,0,0,0,0,0,0,0,0,0,0,0,0,39.9932,-75.1069, , 
 ,28536,2015070175,6,67,67301,2015,6,6,500,5,1,1,0,7,4, , ,N,0,0,0,3,0,0,1,1,N,N,40 00:59.665,75 12:09.384,540, ,530,1,2,1,N, ,0,N, , , , ,312125, , , ,1,1,0,0,0,0,0,0,0,0,0,0,0,0,0,0,0,0,0,0,0,0,0,0,0,0,0,0,0,0,0,0,0,0,0,0,0,40.0166,-75.2026, , 
 ,28537,2015075741,6,67,67301,2015,7,4,805,8,1,1,0,1,6, , ,N,0,0,0,3,0,1,1,2,N,N,39 58:37.114,75 15:20.401,814, ,808,9,2,7,N, ,0,Y, , , , ,312128, , , ,2,1,0,0,1,0,0,0,0,0,0,1,1,0,0,0,0,0,0,0,0,0,0,0,0,0,0,0,0,0,0,0,0,0,0,4,0,39.977,-75.2557, , 
 ,28538,2015106468,6,67,67301,2015,9,3,2341,23,3,2,1,4,1, , ,N,1,2,0,3,0,0,4,2,N,N,39 56:38.450,75 09:36.017,11, ,2341, ,0, ,N, ,3, , , , , ,315083, , , ,2,1,0,0,0,0,1,0,0,0,0,0,0,0,0,0,0,0,0,0,0,0,0,0,0,0,0,0,0,0,0,0,0,0,0,0,0,39.944,-75.16, , 
 ,28539,2015067417,6,67,67301,2015,5,2,1756,17,1,1,0,4,1, , ,N,1,2,0,3,0,1,3,2,N, ,39 59:45.571,75 05:31.702,1802, ,1756, ,0, , , ,3, , , , , ,315088, , , ,1,1,0,0,0,0,0,0,1,0,0,1,1,0,0,0,0,0,0,0,0,1,0,0,0,0,0,0,0,0,0,0,0,0,0,4,0,39.9959,-75.0921, , 
 ,28540,2015070284,6,67,67301,2015,6,2,1600,16,1,1,0,1,1, , ,N,0,0,0,3,0,0,2,2,N,N,39 57:55.584,75 11:09.846,1600, ,1600,1,1,3,N, ,0,N, , , , ,315090, , , ,2,2,0,0,0,0,0,0,0,0,0,0,0,0,0,0,0,0,0,0,0,0,0,0,0,0,0,0,0,0,0,0,0,0,0,0,0,39.9654,-75.1861, , 
 ,28541,2015074974,6,67,67301,2015,6,3,1429,14,1,1,0,1,1, , ,N,0,0,0,3,0,0,3,3,N,N,39 58:41.543,75 12:08.302,1440, ,1434, ,0, ,N, ,0, , , , , ,315093, , , ,3,3,0,0,0,0,0,0,0,0,0,0,0,0,0,0,0,0,0,0,0,0,0,0,0,0,0,0,0,0,0,0,0,0,0,0,0,39.9782,-75.2023, , 
 ,28542,2015047573,6,67,67301,2015,4,7,240,2,3,1,0,1,1, , ,N,0,0,0,3,0,1,2,2,N,N,40 01:34.761,75 07:03.383,248, ,246, ,0, ,N, ,0, , , , , ,315131, , , ,2,1,0,0,0,0,0,1,0,0,0,1,1,0,0,0,0,0,0,0,0,0,0,0,0,0,0,0,0,0,0,0,0,0,0,4,0,40.0263,-75.1176, , 
 ,28543,2015099060,6,67,67301,2015,9,2,850,8,1,1,0,1,6, , ,N,0,0,0,3,0,0,1,3,N,N,39 58:20.540,75 13:33.637,855, ,855, ,0, ,N, ,0, , , , , ,315180, , , ,3,0,0,0,0,0,3,0,0,0,0,0,0,0,0,0,0,0,0,0,0,0,0,0,0,0,0,0,0,0,0,0,0,0,0,0,0,39.9724,-75.226, , 
 ,28544,2015073712,6,67,67301,2015,6,6,2321,23,3,2,1,4,1, , ,N,1,2,0,3,0,1,2,2,N,N,39 57:44.928,75 12:58.376,2325, ,2322, ,0, , , ,3, , , , , ,315189, , , ,2,2,0,0,0,0,0,0,0,0,0,0,1,1,0,0,0,0,0,0,0,0,0,0,0,0,0,0,0,0,0,0,0,0,0,8,0,39.9625,-75.2162, , 
 ,28545,2015063875,6,67,67301,2015,6,2,700,7,1,1,0,4,1, , ,N,1,2,0,3,0,0,3,3,N,N,40 01:27.398,75 07:49.414,725, ,720, ,0, ,N, ,3, , , , , ,315193, , , ,3,2,0,0,1,0,0,0,0,0,0,0,0,0,0,0,0,0,0,0,0,0,0,0,0,0,0,0,0,0,0,0,0,0,0,0,0,40.0243,-75.1304, , 
 ,28546,2015070647,6,67,67301,2015,6,2,620,6,1,1,0,7,4, , ,N,1,2,0,3,0,1,1,1,N,N,40 02:49.639,75 05:52.794,625, ,620, ,0, ,N, ,3, , , , , ,315200, , , ,1,1,0,0,0,0,0,0,0,0,0,0,1,1,0,0,0,0,0,0,0,0,0,0,0,0,0,0,0,0,0,0,0,0,0,8,0,40.0471,-75.098, , 
 ,28547,2015080254,6,67,67301,2015,7,6,858,8,1,1,0,5,1, , ,N,0,0,0,3,0,0,1,2,N,N,40 03:29.200,75 11:23.200,909, ,859, ,0, ,N, ,0, , , , , ,315206, , , ,2,2,0,0,0,0,0,0,0,0,0,0,0,0,0,0,0,0,0,0,0,0,0,0,0,0,0,0,0,0,0,0,0,0,0,0,0,40.0581,-75.1898, , 
 ,28548,2015088678,6,67,67301,2015,8,6,1615,16,1,1,0,4,1, , ,N,1,2,0,3,0,0,2,2,N, ,39 55:15.755,75 13:26.897,1645, ,1637, ,0, , , ,3, , , , , ,315211, , , ,2,2,0,0,0,0,0,0,0,0,0,0,0,0,0,0,0,0,0,0,0,0,1,0,0,0,0,0,0,0,0,0,0,0,0,0,0,39.9211,-75.2242, , 
 ,28549,2015093008,6,67,67301,2015,8,3,1740,17,1,1,0,8,1, , ,N,1,2,0,3,0,1,2,2,N,N,39 55:05.344,75 10:15.986,1755, ,1750,1,1,2,N, ,3,N, , , , ,315216, , , ,1,1,0,0,0,0,0,0,0,0,0,0,1,1,0,0,0,0,0,0,0,0,0,0,0,0,0,0,0,0,0,0,1,0,0,8,0,39.9181,-75.171, , 
 ,28550,2015096117,6,67,67301,2015,8,2,119,1,3,1,0,7,4, , ,N,0,0,0,3,0,0,1,1,N, ,39 55:54.390,75 12:02.491,126, ,121, ,0, , , ,0, , , , , ,315220, , , ,1,0,0,0,0,0,1,0,0,0,0,0,0,0,1,0,0,0,0,0,0,0,0,0,0,0,0,0,0,0,0,0,0,0,0,9,0,39.9318,-75.2007, , 
 ,28551,2015088691,6,67,67301,2015,8,3,1647,16,4,2,1,1,1, , ,N,1,2,0,3,0,1,2,2,N,N,40 00:49.221,75 05:50.493,1827, ,1825, ,0, , , ,3, , , , , ,315252, , , ,2,2,0,0,0,0,0,0,0,0,0,1,1,0,0,0,0,0,0,0,1,0,0,0,0,0,0,0,0,0,0,0,0,0,0,4,0,40.0137,-75.0974, , 
 ,28552,2015093100,6,67,67301,2015,8,7,316,3,3,1,0,7,2, , ,N,0,0,0,3,0,0,1,1,N,N,39 55:53.491,75 11:58.849,322, ,317,2,2,3,N, ,0,N, , , , ,315258, , , ,1,1,0,0,0,0,0,0,0,0,0,0,0,0,0,0,0,0,0,0,0,0,0,0,0,0,0,0,0,0,0,0,0,0,0,0,0,39.9315,-75.1997, , 
 ,28553,2015118185,6,67,67301,2015,10,2,1900,19,3,1,0,4,1, , ,N,2,2,2,3,0,0,2,2,N, ,39 58:29.031,75 11:53.718,1906, ,1903, ,0, , , ,9, , , , , ,315277, , , ,2,2,0,0,0,0,0,0,0,0,0,0,0,0,1,0,0,0,0,0,0,0,0,0,0,0,0,0,0,0,0,0,0,0,0,9,0,39.9747,-75.1983, , 
 ,28554,2015062745,6,67,67301,2015,5,5,55,0,3,1,0,6,1, , ,N,0,0,0,3,0,0,2,2,N, ,39 59:46.832,75 08:49.264,100, ,56, ,0, , , ,0, , , , , ,315286, , , ,2,2,0,0,0,0,0,0,0,0,0,0,0,0,1,0,0,0,0,0,0,0,0,0,0,0,0,0,0,0,0,0,0,0,0,9,0,39.9963,-75.147, , 
 ,28555,2015056959,6,67,67301,2015,5,6,1215,12,1,1,0,3,6, , ,N,0,0,0,3,0,1,2,2,N,N,39 55:23.950,75 09:41.311,1229, ,1225, ,0, ,N, ,0, , , , , ,315294, , , ,2,0,0,0,0,0,2,0,0,0,0,1,1,0,0,0,0,0,0,0,1,0,0,0,0,0,0,0,0,0,0,0,0,0,0,4,0,39.9233,-75.1615, , 
 ,28556,2015073653,6,67,67301,2015,6,7,123,1,3,2,1,7,4, , ,N,0,0,3,3,0,1,1,1,N,N,40 01:14.450,75 09:25.083,123, ,123,9,1,2, , ,0,N, , , , ,315310, , , ,1,1,0,0,0,0,0,0,0,0,0,1,1,0,0,0,0,0,0,0,0,0,0,0,0,0,0,0,0,0,0,0,0,0,0,4,0,40.0207,-75.157, , 
 ,28557,2015114537,6,67,67301,2015,10,7,145,1,3,1,0,2,1, , ,N,1,2,0,3,0,2,2,2,N,N,39 59:50.885,75 07:16.672,155, ,150,2,1,3, , ,3,N, , , , ,318313, , , ,2,1,0,0,0,0,1,0,0,0,0,2,2,0,0,0,0,0,0,0,0,0,0,0,0,0,0,0,0,0,0,0,0,0,0,4,0,39.9975,-75.1213, , 
 ,28558,2015051436,6,67,67301,2015,4,3,15,0,3,1,0,2,1, , ,N,0,0,0,3,0,1,2,2,N, ,39 59:07.964,75 12:40.560,36, ,29, ,0, , , ,0, , , , , ,318321, , , ,2,1,0,0,0,0,0,1,0,0,1,0,1,0,0,0,0,0,0,0,0,0,0,0,0,0,0,0,0,0,0,0,0,0,0,3,0,39.9855,-75.2113, , 
 ,28559,2015075680,6,67,67301,2015,7,6,9999,99,1,1,0,4,1, , ,N,1,3,0,3,0,0,3,2,N, ,39 58:23.293,75 08:54.175,1242, ,1240,9,2,4, , ,3,Y, , , , ,318330, , , ,2,0,0,0,0,0,1,1,0,0,0,0,0,0,0,0,0,0,0,0,0,0,0,0,0,0,0,0,0,0,0,0,0,0,0,0,0,39.9731,-75.1484, , 
 ,28560,2015085343,6,67,67301,2015,8,4,2015,20,3,1,0,8,1, , ,N,0,0,0,3,0,1,2,2,N,N,39 55:28.749,75 13:18.352,2118, ,2115,3,1,4, , ,0,N, , , , ,318340, , , ,1,0,0,0,0,0,1,0,0,0,0,1,1,0,0,0,0,0,0,0,1,0,0,0,0,0,0,0,0,0,0,0,1,0,0,4,0,39.9247,-75.2218, , 
 ,28561,2015089604,6,67,67301,2015,8,4,1020,10,1,1,0,4,1, , ,N,0,0,7,3,0,1,4,2,N, ,40 00:39.036,75 09:02.827,1025, ,25, ,0, , , ,0, , , , , ,318346, , , ,2,1,0,0,0,0,0,1,0,0,0,1,1,0,0,0,0,0,0,0,1,1,0,2,0,0,0,0,0,0,0,0,0,0,0,4,0,40.0108,-75.1508, , 
 ,28562,2015103394,6,67,67301,2015,9,1,1832,18,1,1,0,8,1, , ,N,0,0,0,3,0,1,2,2,N,N,40 01:47.594,75 12:51.136,1835, ,1834, ,0, ,N, ,0, , , , , ,318355, , , ,1,1,0,0,0,0,0,0,0,0,0,1,1,0,0,0,0,0,0,0,0,0,0,0,0,0,0,0,0,0,0,0,1,0,0,4,0,40.0299,-75.2142, , 
 ,28563,2015105127,6,67,67301,2015,9,7,836,8,1,1,0,8,1, , ,N,1,2,0,3,0,1,3,2,N,N,40 04:35.200,75 01:57.222,842, ,836,2,1,1,N, ,3,N, , , , ,318357, , , ,1,1,0,0,0,0,0,0,0,0,0,1,1,0,0,0,0,0,0,0,0,0,0,0,0,0,0,0,0,0,0,0,1,0,0,4,0,40.0765,-75.0327, , 
 ,28564,2015056521,6,67,67301,2015,5,2,12,0,3,1,0,1,1, , ,N,2,2,0,3,0,0,2,2,N,N,40 00:59.828,75 08:05.348,17, ,17, ,0, ,N, ,3, , , , , ,318371, , , ,2,2,0,0,0,0,0,0,0,0,0,0,0,0,2,0,0,0,0,0,1,0,0,0,0,0,0,0,0,0,0,0,0,0,0,9,0,40.0166,-75.1348, , 
 ,28565,2015063929,6,67,67301,2015,6,7,1233,12,1,1,0,7,4, , ,N,2,2,0,3,0,2,2,1,N,N,40 07:06.945,75 00:25.153,1245, ,1235,1,1,3,N, ,3,N, , , , ,318373, , , ,1,0,0,0,0,0,0,1,0,0,0,0,2,2,0,0,0,0,0,0,0,0,1,0,0,0,0,0,0,0,0,0,0,0,0,8,0,40.1186,-75.007, , 
 ,28566,2015066324,6,67,67301,2015,6,4,1645,16,1,1,0,2,1, , ,N,0,0,0,3,0,1,2,2,N,N,40 04:25.496,75 09:38.448,1833, ,1828, ,0, ,N, ,0, , , , , ,318375, , , ,2,1,0,0,0,0,1,0,0,0,0,1,1,0,1,0,0,0,0,0,0,0,0,1,0,0,0,0,0,0,0,0,0,0,0,4,0,40.0737,-75.1607, , 
 ,28567,2015095330,6,67,67301,2015,8,1,1147,11,1,1,0,1,1, , ,N,0,0,0,3,0,5,6,3,N,N,39 57:27.374,75 09:35.414,1158, ,1147,1,1,4,N, ,0,N, , , , ,318398, , , ,3,2,0,0,0,0,0,0,0,0,0,0,5,5,1,0,0,0,0,0,0,0,0,0,0,0,0,0,0,0,0,0,0,0,0,8,0,39.9576,-75.1598, , 
 ,28568,2015059422,6,67,67301,2015,5,5,1452,14,1,1,0,4,1, , ,N,2,2,0,3,0,1,2,2,N, ,39 55:05.488,75 14:09.696,1458, ,1452, ,0, , , ,3, , , , , ,318414, , , ,2,0,0,0,0,0,2,0,0,0,1,0,1,0,1,0,0,0,0,0,1,0,0,0,0,0,0,0,0,0,0,0,0,0,0,3,0,39.9182,-75.236, , 
 ,28569,2015083314,6,67,67301,2015,7,6,1420,14,1,1,0,1,1, , ,N,0,0,0,3,0,1,2,2,N,N,39 56:59.029,75 11:02.752,1710, ,1657, ,0, ,N, ,0, , , , , ,318436, , , ,2,2,0,0,0,0,0,0,0,0,0,1,1,0,1,0,0,0,0,0,0,0,0,0,0,0,0,0,0,0,0,0,0,0,0,4,0,39.9497,-75.1841, , 
 ,28570,2015063908,6,67,67301,2015,6,4,2200,22,3,1,0,4,1, , ,N,1,3,0,3,0,0,4,3,N,N,40 00:05.127,75 09:05.620,2205, ,2200, ,0, , , ,3, , , , , ,318469, , , ,3,3,0,0,0,0,0,0,0,0,0,0,0,0,1,0,0,0,1,0,0,0,0,0,0,0,0,0,0,0,0,0,0,0,0,9,0,40.0014,-75.1516, , 
 ,28571,2015068028,6,67,67301,2015,6,5,1805,18,1,1,0,1,1, , ,N,0,0,0,3,0,0,3,2,N,N,39 57:25.528,75 09:24.046,1817, ,1808, ,0, ,N, ,0, , , , , ,318473, , , ,2,1,0,0,0,0,1,0,0,0,0,0,0,0,0,0,0,0,0,0,0,0,0,0,0,0,0,0,0,0,0,0,0,0,0,0,0,39.9571,-75.1567, , 
 ,28572,2015092053,6,67,67301,2015,8,5,9999,99,3,1,0,4,1, , ,N,1,2,0,3,0,0,2,2,N, ,40 03:23.345,75 02:47.046,9999, ,9999, ,0, , , ,3, , , , , ,318490, , , ,2,0,0,0,0,1,1,0,0,0,0,0,0,0,0,0,0,0,0,0,1,0,0,0,0,0,0,0,0,0,0,0,0,0,0,0,1,40.0565,-75.0464, , 
 ,28573,2015070162,6,67,67301,2015,6,6,220,2,2,1,0,6,6, , ,N,0,0,0,3,0,0,1,3,N, ,39 54:55.251,75 09:34.182,222, ,222,1,2,4, , ,0,Y, , , , ,318515, , , ,3,2,0,0,0,0,0,1,0,0,0,0,0,0,1,0,0,0,0,0,0,0,0,0,0,0,0,0,0,0,0,0,0,0,0,9,0,39.9153,-75.1595, , 