wz_ln_closure,objectid_1,crn,district,county,municipality,crash_year,crash_month,day_of_week,time_of_day,hour_of_day,illumination,weather,road_condition,collision_type,relation_to_road,work_zone_type,work_zone_loc,work_zone_ind,intersect_type,tcd_type,location_type,urban_rural,fatal_count,injury_count,person_count,total_units,sch_bus_ind,sch_zone_ind,latitude,longitude,arrival_tm,cons_zone_spd_lim,dispatch_tm,est_hrs_closed,lane_closed,ln_close_dir,ntfy_hiwy_maint,spec_juris_cd,tcd_func_cd,tfc_detour_ind,workers_pres,wz_close_detour,wz_flagger,wz_law_offcr_ind,objectid,wz_moving,wz_other,wz_shlder_mdn,vehicle_count,automobile_count,motorcycle_count,bus_count,small_truck_count,heavy_truck_count,suv_count,van_count,bicycle_count,maj_inj_count,mod_inj_count,min_inj_count,tot_inj_count,unk_inj_deg_count,unk_inj_per_count,driver_count_16yr,driver_count_17yr,driver_count_18yr,driver_count_19yr,driver_count_20yr,driver_count_50_64yr,driver_count_65_74yr,driver_count_75plus,unbelted_occ_count,unb_death_count,unb_maj_inj_count,belted_death_count,belted_maj_inj_count,mcycle_death_count,mcycle_maj_inj_count,bicycle_death_count,bicycle_maj_inj_count,ped_count,ped_death_count,ped_maj_inj_count,max_severity_level,comm_veh_count,dec_lat,dec_long,rdwy_surf_type_cd,county_name
 ,28574,2015063839,6,67,67301,2015,5,5,1640,16,1,1,0,4,1, , ,N,1,3,0,3,0,3,3,2,N, ,39 58:46.506,75 14:27.387,1640, ,1646, ,0, , , ,3, , , , , ,318520, , , ,2,2,0,0,0,0,0,0,0,0,0,0,3,3,0,0,0,0,0,0,1,0,0,0,0,0,0,0,0,0,0,0,0,0,0,8,0,39.9796,-75.2409, , 
 ,28575,2015073270,6,67,67301,2015,6,3,1844,18,1,2,1,1,1, , ,N,1,2,0,3,0,0,2,2,N, ,39 53:51.540,75 15:08.733,1853, ,1853,2,1,1, , ,3,N, , , , ,318527, , , ,2,2,0,0,0,0,0,0,0,0,0,0,0,0,0,0,0,0,0,0,1,0,0,0,0,0,0,0,0,0,0,0,0,0,0,0,0,39.8974,-75.2522, , 
 ,28576,2015068753,6,67,67301,2015,6,6,2140,21,3,1,0,3,1, , ,N,1,3,0,3,0,0,2,9,N,N,40 07:06.031,75 02:09.653,2142, ,2142,3,2,6,N, ,3,Y, , , , ,321280, , , ,9,3,0,0,1,0,3,2,0,0,0,0,0,0,1,0,0,0,1,0,0,0,0,0,0,0,0,0,0,0,0,0,0,0,0,9,0,40.1183,-75.036, , 
 ,28577,2015092963,6,67,67301,2015,8,7,1715,17,1,1,0,4,1, , ,N,1,3,0,3,0,4,5,2,N, ,39 56:18.492,75 13:45.343,1818, ,1806, ,0, , , ,3, , , , , ,321303, , , ,2,2,0,0,0,0,0,0,0,0,0,3,4,1,1,0,0,1,0,1,0,0,0,0,0,0,0,0,0,0,0,0,0,0,0,4,0,39.9385,-75.2293, , 
 ,28578,2015070595,6,67,67301,2015,6,4,30,0,3,1,0,4,1, , ,N,1,3,0,3,0,1,2,2,N, ,39 55:53.446,75 10:34.823,1650, ,1642, ,0, , , ,3, , , , , ,321322, , , ,1,0,0,0,0,0,1,0,1,0,0,0,1,1,1,0,0,0,0,0,1,0,0,0,0,0,0,0,0,0,0,0,0,0,0,8,0,39.9315,-75.1763, , 
 ,28579,2015073627,6,67,67301,2015,6,5,2000,20,3,2,1,8,1, , ,N,0,0,0,3,0,1,2,2,N,N,39 57:21.410,75 11:02.305,2140, ,2132, ,0, ,N, ,0, , , , , ,321324, , , ,1,1,0,0,0,0,0,0,0,0,1,0,1,0,0,0,0,0,0,0,0,0,0,0,0,0,0,0,0,0,0,0,1,0,0,3,0,39.9559,-75.184, , 
 ,28580,2015075780,6,67,67301,2015,7,3,1659,16,1,1,0,2,1, , ,N,0,0,0,3,0,4,5,2,N, ,40 07:34.687,75 01:11.930,1708, ,1704, ,0, , , ,0, , , , , ,321327, , , ,2,1,0,0,0,0,1,0,0,0,2,2,4,0,0,0,0,0,0,0,0,0,0,0,0,0,0,0,0,0,0,0,0,0,0,3,0,40.1263,-75.02, , 
 ,28581,2015075817,6,67,67301,2015,7,1,1308,13,1,1,0,4,1, , ,N,1,2,0,3,0,1,2,4,N,N,40 02:04.902,75 05:21.843,1438, ,1430, ,0, ,N, ,3, , , , , ,321328, , , ,4,3,0,0,1,0,0,0,0,0,0,1,1,0,0,0,0,0,0,0,0,1,0,0,0,0,0,0,0,0,0,0,0,0,0,4,0,40.0347,-75.0894, , 
 ,28582,2015077831,6,67,67301,2015,7,7,121,1,3,1,0,1,1, , ,N,0,0,0,3,0,2,3,2,N,N,40 01:47.590,75 06:17.013,129, ,128, ,0, ,N, ,0, , , , , ,321331, , , ,2,2,0,0,0,0,0,0,0,0,0,2,2,0,0,0,0,0,0,1,0,0,0,0,0,0,0,0,0,0,0,0,0,0,0,4,0,40.0299,-75.1047, , 
 ,28583,2015086210,6,67,67301,2015,7,3,1715,17,1,1,0,1,1, , ,N,0,0,0,3,0,2,5,3,N,N,39 56:30.698,75 12:42.824,1723, ,1717, ,0, , , ,0, , , , , ,321339, , , ,3,3,0,0,0,0,0,0,0,0,0,2,2,0,0,0,0,0,0,0,1,0,0,0,0,0,0,0,0,0,0,0,0,0,0,4,0,39.9419,-75.2119, , 
 ,28584,2015088755,6,67,67301,2015,8,6,45,0,2,1,0,4,1, , ,N,1,3,0,3,0,0,6,2,N,N,40 01:40.105,75 10:33.790,130, ,58,9,1,3, , ,3,N, , , , ,321341, , , ,2,2,0,0,0,0,0,0,0,0,0,0,0,0,0,0,0,0,0,0,0,0,0,0,0,0,0,0,0,0,0,0,0,0,0,0,0,40.0278,-75.1761, , 
Y,28585,2015070253,6,67,67301,2015,6,6,330,3,3,1,0,1,1,1,2,Y,0,8,0,3,0,0,2,2,N,N,39 57:03.283,75 10:58.522,347,45,333,3,2,4,N, ,3,N,Y,N,N,N,321362,N,N,N,2,1,0,0,1,0,0,0,0,0,0,0,0,0,0,0,0,0,0,0,0,0,0,0,0,0,0,0,0,0,0,0,0,0,0,0,1,39.9509,-75.1829, , 
 ,28586,2015070648,6,67,67301,2015,6,1,1010,10,1,1,0,4,1, , ,N,1,2,0,3,0,1,2,2,N, ,39 57:23.497,75 10:21.241,1025, ,1015, ,0, , , ,3, , , , , ,321363, , , ,2,1,0,0,0,0,1,0,0,0,0,0,1,1,0,0,0,0,0,0,1,0,0,0,0,0,0,0,0,0,0,0,0,0,0,8,0,39.9565,-75.1726, , 
 ,28587,2015080275,6,67,67301,2015,7,7,1832,18,1,1,0,4,1, , ,N,2,2,0,3,0,1,2,2,N,N,39 57:19.310,75 11:13.723,1836, ,1834, ,0, ,N, ,3, , , , , ,321372, , , ,2,0,1,0,1,0,0,0,0,0,0,1,1,0,0,0,0,0,0,1,0,0,0,0,0,0,0,0,0,0,0,0,0,0,0,4,0,39.9553,-75.1871, , 
 ,28588,2015109325,6,67,67301,2015,10,2,1620,16,1,1,0,8,1, , ,N,2,2,0,3,0,1,2,2,N,N,39 55:11.208,75 11:17.768,1631, ,1630,9,1,3, , ,3,N, , , , ,321383, , , ,1,0,0,1,0,0,0,0,0,0,1,0,1,0,0,0,0,0,0,0,1,0,0,0,0,0,0,0,0,0,0,0,1,0,0,3,1,39.9198,-75.1883, , 
 ,28589,2015112156,6,67,67301,2015,9,7,1839,18,1,1,0,4,1, , ,N,1,3,0,3,0,1,2,2,N, ,40 02:32.251,75 04:07.849,1841, ,1840,9,2,2, , ,3,Y, , , , ,321386, , , ,2,2,0,0,0,0,0,0,0,0,0,1,1,0,0,0,0,0,0,0,0,0,0,0,0,0,0,0,0,0,0,0,0,0,0,4,0,40.0423,-75.0688, , 
 ,28590,2015130028,6,67,67301,2015,11,5,2012,20,3,1,0,8,1, , ,N,1,3,0,3,0,1,3,2,N,N,39 55:27.858,75 10:46.253,2015, ,2012, ,0, ,N, ,3, , , , , ,321399, , , ,1,1,0,0,0,0,0,0,0,0,0,1,1,0,0,0,0,0,0,0,0,0,0,0,0,0,0,0,0,0,0,0,1,0,0,4,0,39.9244,-75.1795, , 
 ,28591,2015130146,6,67,67301,2015,11,6,1605,16,1,1,0,5,6, , ,N,0,0,0,3,0,1,2,2,N,N,40 01:03.208,75 04:58.428,1615, ,1613, ,0, , , ,0, , , , , ,321400, , , ,2,1,0,0,0,0,1,0,0,0,0,1,1,0,0,0,0,0,0,0,1,0,0,1,0,0,0,0,0,0,0,0,0,0,0,4,0,40.0176,-75.0829, , 
 ,28592,2015056501,6,67,67301,2015,5,5,1700,17,1,1,0,1,1, , ,N,2,2,0,3,0,0,2,2,N,N,40 02:40.953,75 03:40.501,1720, ,1718, ,0, ,N, ,3, , , , , ,321401, , , ,2,1,0,0,1,0,0,0,0,0,0,0,0,0,0,0,0,0,0,0,0,0,0,0,0,0,0,0,0,0,0,0,0,0,0,0,0,40.0447,-75.0613, , 
 ,28593,2015073665,6,67,67301,2015,6,6,1620,16,1,1,0,4,1, , ,N,1,2,0,3,0,3,5,2,N,N,39 58:10.746,75 12:41.274,1635, ,1630,1,1,1,N, ,3,Y, , , , ,321414, , , ,2,2,0,0,0,0,0,0,0,0,0,1,3,2,0,0,0,0,0,0,0,0,0,0,0,0,0,0,0,0,0,0,0,0,0,4,0,39.9697,-75.2115, , 
 ,28594,2015078548,6,67,67301,2015,7,6,1130,11,1,1,0,1,1, , ,N,1,2,0,3,0,1,5,2,N,N,39 58:43.230,75 09:28.092,1138, ,1135, ,0, ,N, ,3, , , , , ,312133, , , ,2,1,0,0,0,0,0,1,0,0,0,0,1,1,0,0,0,0,0,0,0,0,0,0,0,0,0,0,0,0,0,0,0,0,0,8,0,39.9787,-75.1578, , 
 ,28595,2015085339,6,67,67301,2015,8,1,225,2,3,1,0,4,1, , ,N,1,2,0,3,0,1,6,2,N, ,39 56:42.529,75 09:00.115,228, ,228, ,0, , , ,3, , , , , ,312138, , , ,2,2,0,0,0,0,0,0,0,0,0,1,1,0,1,0,0,0,0,0,0,0,0,0,0,0,0,0,0,0,0,0,0,0,0,4,0,39.9451,-75.15, , 
 ,28596,2015095784,6,67,67301,2015,8,6,1443,14,1,1,0,4,1, , ,N,2,0,0,3,0,0,5,2,N,N,40 01:55.924,75 03:51.969,1446, ,1445, ,0, ,N, ,0, , , , , ,312147, , , ,2,2,0,0,0,0,0,0,0,0,0,0,0,0,0,0,0,0,0,0,0,0,0,0,0,0,0,0,0,0,0,0,0,0,0,0,0,40.0322,-75.0644, , 
 ,28597,2015079772,6,67,67301,2015,7,3,1748,17,1,1,0,1,1, , ,N,0,0,0,3,0,1,2,2,N,N,39 53:55.744,75 10:09.668,1816, ,1753, ,0, ,N, ,0, , , , , ,312156, , , ,2,1,0,0,0,0,1,0,0,0,0,1,1,0,0,0,0,0,0,0,0,0,0,0,0,0,0,0,0,0,0,0,0,0,0,4,0,39.8988,-75.1694, , 
 ,28598,2015087005,6,67,67301,2015,3,3,1745,17,4,1,0,4,1, , ,N,1,2,0,3,0,1,2,2,N,N,40 02:28.801,75 06:24.126,0, ,0, ,0, ,N, ,3, , , , , ,312162, , , ,2,1,0,0,0,0,1,0,0,0,0,0,1,1,0,0,0,0,0,0,0,1,0,0,0,0,0,0,0,0,0,0,0,0,0,8,0,40.0413,-75.1067, , 
 ,28599,2015114560,6,67,67301,2015,10,2,1206,12,1,1,0,6,6, , ,N,0,0,0,3,0,1,1,4,N,N,39 57:25.052,75 14:04.178,1212, ,1208,3,2,6,N, ,0,Y, , , , ,312185, , , ,4,2,0,0,0,0,2,0,0,0,0,1,1,0,0,0,0,0,0,0,0,0,0,0,0,0,0,0,0,0,0,0,0,0,0,4,0,39.957,-75.2345, , 
 ,28600,2015115002,6,67,67301,2015,9,7,145,1,3,1,0,4,1, , ,N,1,2,0,3,0,4,5,2,N,N,39 57:21.085,75 11:29.255,151, ,147, ,0, ,N, ,3, , , , , ,312186, , , ,2,1,0,0,0,0,1,0,0,0,0,0,4,4,0,0,0,0,0,0,0,0,0,0,0,0,0,0,0,0,0,0,0,0,0,8,0,39.9558,-75.1915, , 
 ,28601,2015069694,6,67,67301,2015,6,2,1105,11,1,1,0,4,1, , ,N,2,3,0,3,0,2,3,2,N,N,39 54:57.347,75 14:42.963,1120, ,1111, ,0, , , ,3, , , , , ,312208, , , ,2,1,0,0,0,0,1,0,0,0,1,1,2,0,0,0,0,0,0,0,0,0,0,1,0,0,0,0,0,0,0,0,0,0,0,3,0,39.9159,-75.2453, , 
 ,28602,2015105143,6,67,67301,2015,9,6,1700,17,1,1,0,4,1, , ,N,1,0,0,3,0,1,2,2,N, ,39 58:13.918,75 08:12.469,9999, ,9999, ,0, , , ,0, , , , , ,312234, , , ,1,0,0,0,0,0,1,0,1,0,0,1,1,0,0,0,0,0,0,0,0,0,0,0,0,0,0,0,0,0,0,0,0,0,0,4,0,39.9705,-75.1368, , 
 ,28603,2015114539,6,67,67301,2015,10,6,1930,19,3,1,0,4,1, , ,N,1,2,0,3,0,0,4,2,N, ,39 55:51.993,75 13:56.255,1935, ,1930,3,2,4,N, ,3,Y, , , , ,312242, , , ,2,2,0,0,0,0,0,0,0,0,0,0,0,0,0,0,0,0,0,0,0,0,0,3,0,0,0,0,0,0,0,0,0,0,0,0,0,39.9311,-75.2323, , 
 ,28604,2015098990,6,67,67301,2015,9,6,2332,23,3,1,0,7,4, , ,N,2,0,0,3,0,0,4,1,N,N,40 03:26.064,75 12:28.504,20, ,9, ,0, , , ,0, , , , , ,312259, , , ,1,1,0,0,0,0,0,0,0,0,0,0,0,0,0,0,0,0,0,0,0,0,0,0,0,0,0,0,0,0,0,0,0,0,0,0,0,40.0572,-75.2079, , 
 ,28605,2015133917,6,67,67301,2015,12,1,1745,17,3,1,0,1,1, , ,N,0,0,0,3,0,1,2,2,N,N,40 00:33.923,75 03:56.112,1752, ,1745,2,1,1,N, ,0,N, , , , ,312287, , , ,2,1,0,0,1,0,0,0,0,0,0,0,1,1,0,0,0,0,0,0,1,0,0,0,0,0,0,0,0,0,0,0,0,0,0,8,0,40.0094,-75.0656, , 
 ,28606,2015083990,6,67,67301,2015,8,1,330,3,3,1,0,1,1, , ,N,0,0,0,3,0,3,5,3,N,N,40 00:23.928,75 04:25.403,347, ,335,2,2,1,N, ,0,N, , , , ,312308, , , ,3,2,0,0,0,0,1,0,0,0,0,0,3,3,0,0,0,0,0,0,0,0,0,0,0,0,0,0,0,0,0,0,0,0,0,8,0,40.0066,-75.0737, , 
 ,28607,2015103405,6,67,67301,2015,9,1,430,4,3,1,0,6,6, , ,N,0,0,0,3,0,2,3,3,N,N,39 58:27.267,75 08:23.791,432, ,431,2,1,2,N, ,0,Y, , , , ,312316, , , ,3,3,0,0,0,0,0,0,0,0,0,2,2,0,0,0,0,0,0,0,0,0,0,0,0,0,0,0,0,0,0,0,0,0,0,4,0,39.9742,-75.1399, , 
 ,28608,2015117644,6,67,67301,2015,10,1,1440,14,1,1,0,4,1, , ,N,1,2,0,3,0,0,9,3,N, ,40 01:39.104,75 08:47.126,1448, ,1447,2,1,6, , ,3,Y, , , , ,312331, , , ,3,2,0,0,0,0,0,1,0,0,0,0,0,0,3,0,0,0,0,0,0,0,0,0,0,0,0,0,0,0,0,0,0,0,0,9,0,40.0275,-75.1464, , 
 ,28609,2015061736,6,67,67301,2015,5,3,1002,10,1,1,0,1,1, , ,N,1,3,0,3,0,0,2,2,N,N,39 56:22.808,75 10:16.798,1022, ,1019,2,2,2,N, ,3,Y, , , , ,312341, , , ,2,1,0,0,0,0,1,0,0,0,0,0,0,0,0,0,0,0,0,0,0,0,0,0,0,0,0,0,0,0,0,0,0,0,0,0,0,39.9397,-75.1713, , 
 ,28610,2015066198,6,67,67301,2015,6,6,1925,19,1,1,0,4,1, , ,N,0,0,0,3,0,1,2,2,N,N,39 55:34.590,75 14:26.642,1935, ,1928, ,0, ,N, ,0, , , , , ,312348, , , ,1,1,0,0,0,0,0,0,1,0,1,0,1,0,0,0,0,0,1,0,0,0,0,0,0,0,0,0,0,0,0,0,0,0,0,3,0,39.9263,-75.2407, , 
 ,28611,2015075654,6,67,67301,2015,7,5,2221,22,3,1,0,7,4, , ,N,0,0,0,3,0,1,1,1,N,N,40 00:23.848,75 07:07.891,2221, ,2221, ,0, ,N, ,0, , , , , ,312359, , , ,1,1,0,0,0,0,0,0,0,0,0,1,1,0,0,0,0,0,0,0,0,0,0,1,0,0,0,0,0,0,0,0,0,0,0,4,0,40.0066,-75.1189, , 
 ,28612,2015083328,6,67,67301,2015,7,2,1739,17,1,1,0,8,1, , ,N,1,2,0,3,0,1,2,2,N, ,39 57:30.897,75 12:50.339,1741, ,1739, ,0, , , ,3, , , , , ,315317, , , ,1,0,0,0,0,0,1,0,0,0,1,0,1,0,0,0,0,0,0,0,0,0,0,0,0,0,0,0,0,0,0,0,1,0,0,3,0,39.9586,-75.214, , 
 ,28613,2015049008,6,67,67301,2015,3,5,215,2,3,1,0,7,4, , ,N,1,2,0,3,0,0,1,1,N,N,40 01:58.778,75 02:55.307,220, ,220, ,0, ,N, ,3, , , , , ,315331, , , ,1,1,0,0,0,0,0,0,0,0,0,0,0,0,0,0,0,0,0,0,0,0,0,0,0,0,0,0,0,0,0,0,0,0,0,0,0,40.0329,-75.0487, , 
 ,28614,2015045446,6,67,67301,2015,4,6,1301,13,1,2,1,1,1, , ,N,0,2,0,3,0,1,2,2,N,N,39 54:29.410,75 13:23.283,1304, ,1303,1,1,3, , ,3,N, , , , ,315336, , , ,2,0,0,0,1,0,1,0,0,0,0,1,1,0,0,0,0,0,0,0,2,0,0,0,0,0,0,0,0,0,0,0,0,0,0,4,0,39.9082,-75.2231, , 
 ,28615,2015054378,6,67,67301,2015,1,2,1620,16,1,1,0,7,3, , ,N,0,0,0,3,0,1,1,1,N,N,40 03:23.051,75 00:59.678,1623, ,1621, ,0, , , ,0, , , , , ,315348, , , ,1,1,0,0,0,0,0,0,0,0,0,0,1,1,0,0,0,0,0,0,0,0,0,1,0,0,0,0,0,0,0,0,0,0,0,8,0,40.0564,-75.0166, , 
 ,28616,2015084409,6,67,67301,2015,7,7,1516,15,1,1,0,4,1, , ,N,1,2,0,3,0,1,2,2,N, ,40 03:24.231,75 01:42.351,1615, ,1603, ,0, , , ,3, , , , , ,315400, , , ,2,1,0,0,1,0,0,0,0,0,0,0,1,1,0,0,0,0,0,0,0,0,1,0,0,0,0,0,0,0,0,0,0,0,0,8,0,40.0567,-75.0284, , 
 ,28617,2015053906,6,67,67301,2015,5,4,1140,11,1,1,0,7,4, , ,N,1,2,0,3,0,1,1,1,N,N,39 54:46.993,75 10:20.708,1150, ,1144, ,0, ,N, ,3, , , , , ,315425, , , ,1,1,0,0,0,0,0,0,0,0,1,0,1,0,0,0,0,0,0,0,0,0,1,0,0,0,0,0,0,0,0,0,0,0,0,3,0,39.913,-75.1721, , 
 ,28618,2015061825,6,67,67301,2015,5,6,2151,21,3,1,0,4,1, , ,N,1,3,0,3,0,3,4,3,N,N,40 02:03.958,75 01:36.569,2220, ,2215, ,0, ,N, ,3, , , , , ,315432, , , ,3,2,0,0,0,0,1,0,0,0,0,3,3,0,0,0,0,0,0,0,0,0,0,0,0,0,0,0,0,0,0,0,0,0,0,4,0,40.0344,-75.0268, , 
 ,28619,2015083381,6,67,67301,2015,7,5,308,3,3,1,0,4,1, , ,N,1,2,0,3,0,2,2,2,N,N,40 02:35.649,75 03:08.136,308, ,308,2,2,7,N, ,3,Y, , , , ,315449, , , ,2,1,0,0,0,0,1,0,0,0,0,2,2,0,0,0,0,0,0,0,0,0,0,0,0,0,0,0,0,0,0,0,0,0,0,4,0,40.0432,-75.0523, , 
 ,28620,2015085313,6,67,67301,2015,7,6,58,0,3,1,0,4,1, , ,N,1,3,0,3,0,1,2,2,N,N,39 56:13.268,75 10:07.237,108, ,102, ,0, ,N, ,3, , , , , ,315453, , , ,1,0,0,0,0,0,1,0,1,0,0,1,1,0,0,0,0,0,0,0,0,0,0,1,0,0,0,0,0,0,0,0,0,0,0,4,0,39.937,-75.1687, , 
 ,28621,2015092916,6,67,67301,2015,8,4,1720,17,1,1,0,1,1, , ,N,0,0,0,3,0,0,2,2,N,N,39 59:52.034,75 14:01.174,1728, ,1727,1,1,1,N, ,0,N, , , , ,315461, , , ,2,1,0,0,1,0,0,0,0,0,0,0,0,0,0,0,0,0,0,0,1,0,0,0,0,0,0,0,0,0,0,0,0,0,0,0,0,39.9978,-75.2337, , 
 ,28622,2015092962,6,67,67301,2015,8,6,2044,20,1,1,0,4,1, , ,N,2,0,0,3,0,1,2,2,N,N,39 54:16.002,75 14:18.945,2044, ,2055,3,1,3,N, ,0,Y, , , , ,315462, , , ,2,1,1,0,0,0,0,0,0,0,1,0,1,0,0,0,0,0,0,0,0,0,0,0,0,0,0,0,0,0,0,0,0,0,0,3,0,39.9044,-75.2386, , 
 ,28623,2015069679,6,67,67301,2015,6,6,1524,15,1,1,0,1,1, , ,N,0,0,0,3,0,0,2,2,N, ,40 00:22.887,75 08:37.570,1635, ,1631, ,0, , , ,0, , , , , ,315486, , , ,2,1,0,0,0,0,1,0,0,0,0,0,0,0,0,0,0,0,0,0,0,0,0,0,0,0,0,0,0,0,0,0,0,0,0,0,0,40.0064,-75.1438, , 
 ,28624,2015083401,6,67,67301,2015,7,5,1556,15,1,1,0,1,6, , ,N,0,0,0,3,0,1,2,2,N,N,39 58:49.611,75 14:02.951,1733, ,1728, ,0, ,N, ,0, , , , , ,315494, , , ,2,0,0,0,0,1,1,0,0,0,0,1,1,0,1,0,0,0,0,0,0,0,0,0,0,0,0,0,0,0,0,0,0,0,0,4,0,39.9804,-75.2342, , 
 ,28625,2015083437,6,67,67301,2015,7,2,2111,21,3,1,0,8,1, , ,N,0,0,0,3,0,1,2,2,N,N,40 00:11.404,75 06:05.155,2125, ,2111, ,0, ,N, ,0, , , , , ,315495, , , ,1,0,0,0,1,0,0,0,0,0,0,1,1,0,0,0,0,0,0,0,0,0,0,0,0,0,0,0,0,0,0,0,1,0,0,4,0,40.0032,-75.1014, , 
 ,28626,2015099147,6,67,67301,2015,9,4,1637,16,1,1,0,4,1, , ,N,1,2,0,3,0,2,2,2,N,N,39 56:25.108,75 14:01.197,1640, ,1637,1,1,2,N, ,3,N, , , , ,315503, , , ,2,2,0,0,0,0,0,0,0,0,0,2,2,0,0,0,0,0,0,0,0,0,0,0,0,0,0,0,0,0,0,0,0,0,0,4,0,39.9403,-75.2337, , 
 ,28627,2015109247,6,67,67301,2015,10,6,1208,12,1,2,1,4,1, , ,N,1,3,0,3,0,1,2,2,N,N,40 02:46.078,75 05:25.562,1227, ,1218,9,2,5, , ,3,Y, , , , ,315513, , , ,2,0,0,0,0,1,0,1,0,0,0,1,1,0,0,0,0,0,0,0,1,0,0,0,0,0,0,0,0,0,0,0,0,0,0,4,1,40.0461,-75.0904, , 
 ,28628,2015070628,6,67,67301,2015,6,6,1222,12,1,1,0,4,1, , ,N,1,3,0,3,0,1,2,2,N,N,39 59:07.771,75 08:14.888,1230, ,1222, ,0, ,N, ,3, , , , , ,315540, , , ,2,1,0,0,0,0,1,0,0,0,0,0,1,1,0,0,0,0,0,0,1,0,0,1,0,0,0,0,0,0,0,0,0,0,0,8,0,39.9855,-75.1375, , 
 ,28629,2015086058,6,67,67301,2015,2,5,1555,15,1,1,0,1,1, , ,N,0,2,0,3,0,1,2,2,N,N,40 01:56.310,75 04:54.245,0, ,0, ,0, ,N, ,3, , , , , ,315553, , , ,2,1,0,0,0,0,0,0,0,0,0,1,1,0,0,0,0,0,0,0,0,0,0,0,0,0,0,0,0,0,0,0,0,0,0,4,0,40.0323,-75.0817, , 
 ,28630,2015103307,6,67,67301,2015,9,7,216,2,2,1,0,5,6, , ,N,0,0,0,3,0,0,1,3,N,N,39 59:08.401,75 06:03.877,309, ,304, ,0, ,N, ,0, , , , , ,318553, , , ,3,1,0,0,0,0,2,0,0,0,0,0,0,0,1,0,0,0,0,0,0,0,0,0,0,0,0,0,0,0,0,0,0,0,0,9,0,39.9857,-75.1011, , 
 ,28631,2015103379,6,67,67301,2015,9,4,1734,17,1,1,0,8,1, , ,N,0,0,0,3,0,1,2,2,N,N,40 02:32.388,75 04:28.485,1755, ,1755, ,0, ,N, ,0, , , , , ,318554, , , ,1,0,0,0,0,0,0,1,0,0,0,0,1,1,0,0,0,0,0,0,0,0,0,0,0,0,0,0,0,0,0,0,1,0,0,8,0,40.0423,-75.0746, , 
 ,28632,2015063978,6,67,67301,2015,6,3,1706,17,1,2,1,1,1, , ,N,3,2,0,3,0,2,4,2,N, ,40 00:21.955,75 10:35.772,1710, ,1708, ,0, , , ,3, , , , , ,318566, , , ,2,0,0,0,0,0,1,1,0,0,0,0,2,2,1,0,0,0,0,0,1,0,0,0,0,0,0,0,0,0,0,0,0,0,0,8,0,40.006,-75.1766, , 
 ,28633,2015070264,6,67,67301,2015,6,5,634,6,1,1,0,1,1, , ,N,0,0,0,3,0,1,5,4,N,N,40 01:10.861,75 02:40.597,651, ,634, ,0, ,N, ,0, , , , , ,318568, , , ,4,4,0,0,0,0,0,0,0,0,0,1,1,0,0,0,0,0,0,0,0,0,0,0,0,0,0,0,0,0,0,0,0,0,0,4,0,40.0197,-75.0446, , 
 ,28634,2015074571,6,67,67301,2015,6,2,1725,17,1,2,1,8,1, , ,N,1,2,0,3,0,1,2,2,N,N,39 58:43.230,75 09:28.092,1731, ,1730, ,0, ,N, ,3, , , , , ,318572, , , ,1,0,0,0,0,0,1,0,0,0,0,1,1,0,0,0,0,0,0,0,0,0,0,0,0,0,0,0,0,0,0,0,1,0,0,4,0,39.9787,-75.1578, , 
 ,28635,2015091088,6,67,67301,2015,8,4,1622,16,1,1,0,4,1, , ,N,1,2,0,3,0,1,2,2,N,N,39 55:20.953,75 09:18.204,1651, ,1649,1,1,1,N, ,3,Y, , , , ,318585, , , ,1,1,0,0,0,0,0,0,1,0,0,1,1,0,0,0,0,0,0,0,0,1,0,0,0,0,0,0,0,0,0,0,0,0,0,4,0,39.9225,-75.155, , 
 ,28636,2015096327,6,67,67301,2015,9,7,1439,14,1,1,0,1,1, , ,N,0,0,0,3,0,1,3,3,N,N,39 59:56.339,75 11:44.073,1453, ,1449,1,2,3,N, ,0,N, , , , ,318591, , , ,3,0,1,0,0,1,1,0,0,0,0,1,1,0,0,0,0,0,0,0,0,0,0,0,0,0,0,0,0,0,0,0,0,0,0,4,1,39.999,-75.1956, , 
 ,28637,2015109252,6,67,67301,2015,10,3,1525,15,1,1,0,1,1, , ,N,0,0,0,3,0,1,3,2,N, ,39 57:23.489,75 09:45.412,1539, ,1535, ,0, , , ,0, , , , , ,318601, , , ,2,0,0,0,0,0,2,0,0,0,0,0,1,1,0,0,0,0,0,0,1,0,0,2,0,0,0,0,0,0,0,0,0,0,0,8,0,39.9565,-75.1626, , 
 ,28638,2015066176,6,67,67301,2015,6,5,2217,22,3,1,0,1,1, , ,N,0,0,0,3,0,0,5,3,N,N,39 54:23.315,75 11:37.860,2228, ,2217, ,0, ,N, ,0, , , , , ,318614, , , ,3,2,0,0,0,0,1,0,0,0,0,0,0,0,0,0,0,0,0,0,2,0,0,0,0,0,0,0,0,0,0,0,0,0,0,0,0,39.9065,-75.1939, , 
 ,28639,2015073703,6,67,67301,2015,7,6,2240,22,3,1,0,4,1, , ,N,1,3,0,3,0,1,2,2,N,N,40 02:36.708,75 08:11.950,135, ,135, ,0, , , ,3, , , , , ,318619, , , ,2,0,0,0,0,0,2,0,0,0,0,0,1,1,0,0,0,0,0,0,0,0,0,0,0,0,0,0,0,0,0,0,0,0,0,8,0,40.0435,-75.1367, , 