wz_ln_closure,objectid_1,crn,district,county,municipality,crash_year,crash_month,day_of_week,time_of_day,hour_of_day,illumination,weather,road_condition,collision_type,relation_to_road,work_zone_type,work_zone_loc,work_zone_ind,intersect_type,tcd_type,location_type,urban_rural,fatal_count,injury_count,person_count,total_units,sch_bus_ind,sch_zone_ind,latitude,longitude,arrival_tm,cons_zone_spd_lim,dispatch_tm,est_hrs_closed,lane_closed,ln_close_dir,ntfy_hiwy_maint,spec_juris_cd,tcd_func_cd,tfc_detour_ind,workers_pres,wz_close_detour,wz_flagger,wz_law_offcr_ind,objectid,wz_moving,wz_other,wz_shlder_mdn,vehicle_count,automobile_count,motorcycle_count,bus_count,small_truck_count,heavy_truck_count,suv_count,van_count,bicycle_count,maj_inj_count,mod_inj_count,min_inj_count,tot_inj_count,unk_inj_deg_count,unk_inj_per_count,driver_count_16yr,driver_count_17yr,driver_count_18yr,driver_count_19yr,driver_count_20yr,driver_count_50_64yr,driver_count_65_74yr,driver_count_75plus,unbelted_occ_count,unb_death_count,unb_maj_inj_count,belted_death_count,belted_maj_inj_count,mcycle_death_count,mcycle_maj_inj_count,bicycle_death_count,bicycle_maj_inj_count,ped_count,ped_death_count,ped_maj_inj_count,max_severity_level,comm_veh_count,dec_lat,dec_long,rdwy_surf_type_cd,county_name
 ,28707,2015087784,6,67,67301,2015,6,3,1330,13,1,2,1,4,1, , ,N,1,2,0,3,0,1,2,2,N,N,40 03:36.439,75 09:13.575,0, ,0, ,0, ,N, ,3, , , , , ,318737, , , ,2,0,0,0,0,0,0,2,0,0,0,0,1,1,0,0,0,0,0,0,0,1,0,0,0,0,0,0,0,0,0,0,0,0,0,8,0,40.0601,-75.1538, , 
 ,28708,2015091075,6,67,67301,2015,8,2,1444,14,1,1,0,4,1, , ,N,2,3,0,3,0,2,4,3,N,N,40 04:40.758,75 05:10.164,1515, ,1459, ,0, ,N, ,3, , , , , ,318740, , , ,3,1,0,0,0,0,2,0,0,0,0,1,2,1,0,0,0,0,0,0,0,1,1,0,0,0,0,0,0,0,0,0,0,0,0,4,0,40.078,-75.0862, , 
 ,28709,2015063872,6,67,67301,2015,6,5,2330,23,3,1,0,4,1, , ,N,0,0,7,3,0,2,4,2,N, ,40 02:03.986,75 03:49.671,15, ,15, ,0, , , ,0, , , , , ,318754, , , ,2,1,0,0,0,0,1,0,0,0,0,2,2,0,0,0,0,0,1,0,0,0,0,1,0,0,0,0,0,0,0,0,0,0,0,4,0,40.0344,-75.0638, , 
 ,28710,2015076209,6,67,67301,2015,7,5,1645,16,1,1,0,8,1, , ,N,1,2,0,3,0,1,2,2,N, ,40 02:14.748,75 10:54.526,1720, ,1711, ,0, , , ,3, , , , , ,318762, , , ,1,0,0,0,0,0,1,0,0,0,0,0,1,1,1,0,0,0,0,0,0,0,0,0,0,0,0,0,0,0,0,0,1,0,0,8,0,40.0374,-75.1818, , 
N,28711,2015082838,6,67,67301,2015,7,7,923,9,1,1,0,1,1,1,4,Y,0,0,0,3,0,0,2,2,N,N,40 01:18.375,75 02:21.136,941,45,925, ,0, ,N, ,0, ,Y,N,N,N,318771,N,Y,N,2,1,0,0,0,0,1,0,0,0,0,0,0,0,0,0,0,0,0,0,1,0,0,0,0,0,0,0,0,0,0,0,0,0,0,0,0,40.0218,-75.0392, , 
 ,28712,2015088735,6,67,67301,2015,8,5,635,6,1,1,0,4,1, , ,N,1,2,0,3,0,1,2,2,N,N,39 57:47.143,75 11:23.844,640, ,636, ,0, ,N, ,3, , , , , ,318780, , , ,2,0,0,0,0,0,2,0,0,0,0,0,1,1,1,0,0,0,0,0,1,0,0,0,0,0,0,0,0,0,0,0,0,0,0,8,0,39.9631,-75.1899, , 
 ,28713,2015095690,6,67,67301,2015,7,1,2345,23,3,1,0,5,6, , ,N,0,0,0,3,0,0,1,2,N,N,40 03:05.046,75 03:59.406,2350, ,2345, ,0, ,N, ,0, , , , , ,318785, , , ,2,0,0,0,0,0,2,0,0,0,0,0,0,0,0,0,0,0,0,0,1,0,0,0,0,0,0,0,0,0,0,0,0,0,0,0,0,40.0514,-75.0665, , 
 ,28714,2015053969,6,67,67301,2015,5,6,900,9,1,1,0,7,4, , ,N,0,0,0,3,0,0,1,1,N, ,39 55:43.705,75 14:05.769,137, ,133, ,0, , , ,0, , , , , ,318794, , , ,1,1,0,0,0,0,0,0,0,0,0,0,0,0,1,0,0,0,0,0,0,0,0,0,0,0,0,0,0,0,0,0,0,0,0,9,0,39.9288,-75.2349, , 
 ,28715,2015066314,6,67,67301,2015,6,4,2104,21,3,1,0,1,1, , ,N,0,2,0,3,0,1,2,2,N,N,40 00:29.018,75 04:21.199,2110, ,2106, ,0, ,N, ,3, , , , , ,318805, , , ,2,0,1,0,0,0,1,0,0,0,0,1,1,0,1,0,0,0,0,0,0,0,0,0,0,0,0,0,0,0,0,0,0,0,0,4,0,40.0081,-75.0726, , 
 ,28716,2015070666,6,67,67301,2015,6,2,1744,17,1,1,0,1,1, , ,N,0,0,3,3,0,4,6,5,N,N,39 53:51.971,75 12:41.515,1752, ,1746,2,2,3,N, ,0,N, , , , ,318813, , , ,5,5,0,0,0,0,0,0,0,0,1,1,4,2,0,0,0,0,0,0,0,0,0,0,0,0,0,0,0,0,0,0,0,0,0,3,0,39.8978,-75.2115, , 
 ,28717,2015095675,6,67,67301,2015,9,4,1750,17,1,1,0,4,1, , ,N,1,2,0,3,0,3,3,2,N,N,40 00:54.823,75 10:11.829,1819, ,1819, ,0, ,N, ,3, , , , , ,318840, , , ,2,2,0,0,0,0,0,0,0,0,0,0,3,3,0,0,0,0,0,0,2,0,0,0,0,0,0,0,0,0,0,0,0,0,0,8,0,40.0152,-75.1699, , 
 ,28718,2015096342,6,67,67301,2015,9,5,1425,14,1,2,1,1,1, , ,N,0,0,0,3,0,2,6,3,N,N,39 57:16.648,75 10:51.767,1540, ,1504,1,1,4,N, ,0,N, , , , ,318842, , , ,3,2,0,0,0,0,1,0,0,0,0,2,2,0,0,0,0,0,0,0,0,0,0,0,0,0,0,0,0,0,0,0,0,0,0,4,0,39.9546,-75.181, , 
 ,28719,2015081114,6,67,67301,2015,7,1,1600,16,1,1,0,4,1, , ,N,1,3,0,3,0,0,2,2,N,N,40 01:20.398,75 07:50.350,1625, ,1620, ,0, ,N, ,3, , , , , ,318853, , , ,2,1,0,0,0,0,1,0,0,0,0,0,0,0,0,0,0,0,0,0,0,1,0,0,0,0,0,0,0,0,0,0,0,0,0,0,0,40.0223,-75.1307, , 
 ,28720,2015095230,6,67,67301,2015,9,7,1050,10,1,1,0,4,1, , ,N,1,2,0,3,0,1,2,2,N, ,39 59:46.100,75 08:49.451,1055, ,1050, ,0, , , ,3, , , , , ,318868, , , ,2,2,0,0,0,0,0,0,0,0,0,0,1,1,0,0,0,0,0,0,0,0,0,0,0,0,0,0,0,0,0,0,0,0,0,8,0,39.9961,-75.1471, , 
 ,28721,2015096340,6,67,67301,2015,9,5,843,8,1,1,1,1,1, , ,N,0,0,0,3,0,0,2,2,N,N,39 56:52.729,75 08:31.702,903, ,847, ,0, ,N, ,0, , , , , ,318869, , , ,2,2,0,0,0,0,0,0,0,0,0,0,0,0,0,0,0,0,0,0,1,0,0,0,0,0,0,0,0,0,0,0,0,0,0,0,0,39.948,-75.1421, , 
 ,28722,2015114527,6,67,67301,2015,10,3,1902,19,3,1,0,4,1, , ,N,0,0,0,3,0,1,2,2,N,N,39 57:27.573,75 08:38.670,1902, ,1900, ,0, ,N, ,0, , , , , ,318888, , , ,1,0,0,0,0,0,1,0,1,0,1,0,1,0,0,0,0,0,0,0,0,0,0,1,0,0,0,0,0,0,0,0,0,0,0,3,0,39.9577,-75.1441, , 
 ,28723,2015064008,6,67,67301,2015,5,4,1319,13,1,1,0,4,1, , ,N,1,3,0,3,0,3,8,2,N, ,39 59:22.038,75 06:38.739,1326, ,1323, ,0, , , ,3, , , , , ,321895, , , ,2,1,0,0,0,0,1,0,0,0,0,3,3,0,0,0,0,0,0,0,0,0,0,2,0,0,0,0,0,0,0,0,0,0,0,4,0,39.9895,-75.1108, , 
 ,28724,2015070665,6,67,67301,2015,6,4,1635,16,1,1,0,8,1, , ,N,1,2,0,3,0,1,2,2,N,N,39 56:51.284,75 10:10.599,1645, ,1638, ,0, ,N, ,9, , , , , ,321905, , , ,1,1,0,0,0,0,0,0,0,0,0,1,1,0,0,0,0,0,0,0,1,0,0,0,0,0,0,0,0,0,0,0,1,0,0,4,0,39.9476,-75.1696, , 
 ,28725,2015097630,6,67,67301,2015,9,4,854,8,1,1,0,1,1, , ,N,6,0,2,3,0,0,2,2,N,N,39 58:22.086,75 07:15.374,1021, ,1018, ,0, ,N, ,0, , , , , ,321930, , , ,2,0,0,0,1,0,1,0,0,0,0,0,0,0,0,0,0,0,0,0,0,0,0,0,0,0,0,0,0,0,0,0,0,0,0,0,0,39.9756,-75.1158, , 
 ,28726,2015053516,6,67,67301,2015,5,1,319,3,3,1,0,4,1, , ,N,2,0,0,3,0,1,5,5,N,N,39 58:34.062,75 13:27.977,335, ,319, ,0, ,N, ,0, , , , , ,321935, , , ,5,4,0,0,0,0,1,0,0,0,0,1,1,0,0,0,0,0,0,0,0,0,0,0,0,0,0,0,0,0,0,0,0,0,0,4,0,39.9761,-75.2244, , 
 ,28727,2015056412,6,67,67301,2015,5,7,720,7,1,1,0,4,1, , ,N,1,2,0,3,0,1,3,2,N,N,40 01:44.844,75 05:23.694,730, ,724,1,2,2,N, ,3,Y, , , , ,321937, , , ,2,1,0,0,0,0,1,0,0,0,0,1,1,0,0,0,0,1,0,0,0,0,0,1,0,0,0,0,0,0,0,0,0,0,0,4,0,40.0291,-75.0899, , 
 ,28728,2015061796,6,67,67301,2015,5,5,1651,16,1,1,0,8,1, , ,N,0,0,0,3,0,1,2,2,N,N,39 55:03.565,75 09:47.548,1658, ,1655, ,0, ,N, ,0, , , , , ,321940, , , ,1,0,0,0,0,0,1,0,0,0,0,1,1,0,0,0,0,0,0,0,0,0,0,0,0,0,0,0,0,0,0,0,1,0,0,4,0,39.9177,-75.1632, , 
 ,28729,2015091048,6,67,67301,2015,8,6,1425,14,1,1,0,4,1, , ,N,1,2,0,3,0,1,2,2,N, ,39 56:00.200,75 10:52.082,1445, ,1439, ,0, , , ,3, , , , , ,321951, , , ,1,1,0,0,0,0,0,0,1,0,0,0,1,1,0,0,0,0,0,0,0,0,0,0,0,0,0,0,0,0,0,0,0,0,0,8,0,39.9334,-75.1811, , 
 ,28730,2015103383,6,67,67301,2015,9,2,1304,13,1,1,0,1,1, , ,N,1,2,0,3,0,2,3,3,N,N,39 57:26.794,75 10:20.564,1310, ,1304, ,0, ,N, ,3, , , , , ,321958, , , ,3,1,0,0,0,0,1,1,0,0,0,0,2,2,0,0,0,0,0,1,0,0,0,0,0,0,0,0,0,0,0,0,0,0,0,8,0,39.9574,-75.1724, , 
 ,28731,2015115034,6,67,67301,2015,10,6,130,1,2,1,0,4,1, , ,N,2,2,0,3,0,1,1,3,N,N,40 02:16.072,75 08:33.799,139, ,137, ,0, ,N, ,3, , , , , ,321971, , , ,3,3,0,0,0,0,0,0,0,0,0,0,1,1,0,0,0,0,0,0,1,0,0,0,0,0,0,0,0,0,0,0,0,0,0,8,0,40.0378,-75.1427, , 
 ,28732,2015118188,6,67,67301,2015,11,1,1319,13,1,1,0,1,1, , ,N,1,2,0,3,0,0,2,2,N, ,39 56:46.716,75 09:34.207,1324, ,1319, ,0, , , ,3, , , , , ,321974, , , ,2,2,0,0,0,0,0,0,0,0,0,0,0,0,0,0,0,0,0,0,1,0,0,0,0,0,0,0,0,0,0,0,0,0,0,0,0,39.9463,-75.1595, , 
 ,28733,2015084004,6,67,67301,2015,8,4,1720,17,1,1,0,1,1, , ,N,0,0,0,3,0,0,2,2,N,N,40 02:58.529,74 59:43.727,1805, ,1720,2,1,2,N, ,0,N, , , , ,322007, , , ,2,2,0,0,0,0,0,0,0,0,0,0,0,0,0,0,0,0,0,0,0,0,0,0,0,0,0,0,0,0,0,0,0,0,0,0,0,40.0496,-74.9955, , 
 ,28734,2015092075,6,67,67301,2015,8,7,1020,10,1,1,0,1,1, , ,N,6,4,2,3,0,1,2,2,N,N,40 06:17.782,74 59:35.978,1026, ,1026,1,1,3,N, ,3,N, , , , ,322015, , , ,2,2,0,0,0,0,0,0,0,0,0,1,1,0,0,0,0,0,0,0,0,0,0,0,0,0,0,0,0,0,0,0,0,0,0,4,0,40.1063,-74.995, , 
 ,28735,2015095192,6,67,67301,2015,9,7,2225,22,3,1,0,4,1, , ,N,1,3,0,3,0,0,2,2,N,N,40 03:47.595,75 10:30.993,21, ,16, ,0, ,N, ,3, , , , , ,322016, , , ,2,2,0,0,0,0,0,0,0,0,0,0,0,0,1,0,0,0,0,0,0,0,0,0,0,0,0,0,0,0,0,0,0,0,0,9,0,40.0632,-75.1753, , 
 ,28736,2015056437,6,67,67301,2015,5,4,1550,15,1,1,0,4,1, , ,N,0,0,0,3,0,1,2,2,N,N,39 56:19.730,75 13:57.731,1620, ,1614, ,0, ,N, ,0, , , , , ,322029, , , ,1,0,0,0,0,0,1,0,1,0,0,0,1,1,0,0,0,0,0,0,0,0,0,0,0,0,0,0,0,0,0,0,0,0,0,8,0,39.9388,-75.2327, , 
 ,28737,2015056635,6,67,67301,2015,5,2,420,4,3,1,0,7,2, , ,N,0,0,0,3,0,0,1,1,N,N,39 56:12.579,75 11:57.340,433, ,422,1,2,3,N, ,0,N, , , , ,322031, , , ,1,1,0,0,0,0,0,0,0,0,0,0,0,0,0,0,0,0,0,0,0,0,0,0,0,0,0,0,0,0,0,0,0,0,0,0,0,39.9368,-75.1993, , 
 ,28738,2015030568,6,67,67301,2015,2,4,1745,17,4,9,8,1,1, , ,N,0,0,0,3,0,1,3,2,N,N,40 01:46.824,75 03:21.244,1755, ,1755, ,0, ,N, ,0, , , , , ,322056, , , ,2,2,0,0,0,0,0,0,0,0,0,0,1,1,1,0,0,0,0,0,0,0,0,0,0,0,0,0,0,0,0,0,0,0,0,8,0,40.0297,-75.0559, , 
 ,28739,2015070622,6,67,67301,2015,6,2,2315,23,3,1,0,4,1, , ,N,5,2,0,3,0,2,6,2,N,N,39 57:16.308,75 08:58.375,2332, ,2321,2,1,3, , ,3,N, , , , ,322083, , , ,2,1,0,0,0,0,1,0,0,0,1,1,2,0,0,0,0,0,0,0,0,0,0,0,0,0,0,0,0,0,0,0,0,0,0,3,0,39.9547,-75.1495, , 
 ,28740,2015063215,6,67,67301,2015,6,3,1143,11,1,1,0,7,2, , ,N,0,0,0,3,0,2,2,2,N,N,40 03:19.339,74 59:03.499,1151, ,1144,2,2,1,N, ,0,Y, , , , ,322087, , , ,2,1,0,0,0,0,1,0,0,1,0,0,2,1,0,0,0,0,0,0,1,0,0,1,0,1,0,0,0,0,0,0,0,0,0,2,0,40.0554,-74.9843, , 
 ,28741,2015086269,6,67,67301,2015,8,6,1037,10,1,1,0,4,1, , ,N,5,2,0,3,0,4,5,3,Y,N,40 02:29.396,75 09:30.118,1205, ,1156,2,1,5,N, ,3,Y, , , , ,312523, , , ,3,2,0,1,0,0,0,0,0,0,0,4,4,0,0,0,0,0,0,0,2,0,0,0,0,0,0,0,0,0,0,0,0,0,0,4,1,40.0415,-75.1584, , 
 ,28742,2015092937,6,67,67301,2015,8,2,6,0,3,1,0,4,1, , ,N,1,2,0,3,0,0,3,2,N, ,39 58:01.120,75 09:37.224,9999, ,9999, ,0, , , ,3, , , , , ,312530, , , ,2,1,0,0,0,0,1,0,0,0,0,0,0,0,0,0,0,0,0,1,0,0,0,0,0,0,0,0,0,0,0,0,0,0,0,0,0,39.967,-75.1603, , 
 ,28743,2015093522,6,67,67301,2015,8,6,1536,15,1,1,0,1,1, , ,N,0,0,0,3,0,0,3,2,N,N,39 54:11.183,75 09:01.840,1618, ,1546, ,0, ,N, ,0, , , , , ,312541, , , ,2,1,0,0,0,0,1,0,0,0,0,0,0,0,0,0,0,0,0,0,0,0,0,0,0,0,0,0,0,0,0,0,0,0,0,0,0,39.9031,-75.1505, , 
 ,28744,2015097612,6,67,67301,2015,9,5,1251,12,1,2,1,5,1, , ,N,0,0,0,3,0,0,3,4,N,N,39 58:38.737,75 12:00.582,1328, ,1304, ,0, ,N, ,0, , , , , ,312542, , , ,4,1,0,0,1,1,0,0,0,0,0,0,0,0,0,0,0,0,0,0,0,1,0,0,0,0,0,0,0,0,0,0,0,0,0,0,1,39.9774,-75.2002, , 
 ,28745,2015102875,6,67,67301,2015,9,3,1132,11,1,1,0,4,1, , ,N,1,3,0,3,0,0,2,2,N, ,40 00:47.779,75 06:31.294,1315, ,1251, ,0, , , ,3, , , , , ,312549, , , ,2,1,0,0,0,0,1,0,0,0,0,0,0,0,0,0,0,0,0,0,0,0,0,0,0,0,0,0,0,0,0,0,0,0,0,0,0,40.0133,-75.1087, , 
 ,28746,2015117693,6,67,67301,2015,10,6,755,7,1,1,0,1,1, , ,N,2,2,0,3,0,1,2,2,N, ,39 59:54.554,75 09:12.498,902, ,859, ,0, , , ,3, , , , , ,312616, , , ,2,0,1,0,1,0,0,0,0,0,0,0,1,1,1,0,0,0,0,0,1,0,0,0,0,0,0,0,0,0,0,0,0,0,0,8,0,39.9985,-75.1535, , 
 ,28747,2015065300,6,67,67301,2015,6,6,1701,17,1,1,0,1,1, , ,N,0,0,0,3,0,2,3,2,N,N,40 02:02.674,75 01:11.527,1742, ,1702, ,0, ,N, ,0, , , , , ,312632, , , ,2,1,0,0,0,0,1,0,0,0,0,1,2,1,0,0,0,0,0,0,0,1,0,0,0,0,0,0,0,0,0,0,0,0,0,4,0,40.0341,-75.0199, , 
 ,28748,2015070158,6,67,67301,2015,6,7,1100,11,1,1,0,4,1, , ,N,1,2,0,3,0,0,2,2,N,N,39 57:36.054,75 09:55.036,1125, ,1120, ,0, ,N, ,3, , , , , ,312635, , , ,2,2,0,0,0,0,0,0,0,0,0,0,0,0,0,0,0,0,0,0,0,0,0,1,0,0,0,0,0,0,0,0,0,0,0,0,0,39.96,-75.1653, , 
 ,28749,2015053967,6,67,67301,2015,5,7,1245,12,1,1,0,1,1, , ,N,0,0,0,3,0,1,4,2,N,N,39 55:26.260,75 14:13.521,1246, ,1246,2,1,1,N, ,0,N, , , , ,312664, , , ,2,2,0,0,0,0,0,0,0,0,0,1,1,0,0,0,0,0,0,0,0,0,0,0,0,0,0,0,0,0,0,0,0,0,0,4,0,39.924,-75.2371, , 
 ,28750,2015054364,6,67,67301,2015,5,2,2057,20,3,1,0,1,1, , ,N,0,2,0,3,0,0,3,2,N, ,40 01:45.729,75 05:22.087,2104, ,2057,1,1,2, , ,3,N, , , , ,312666, , , ,2,2,0,0,0,0,0,0,0,0,0,0,0,0,1,0,0,0,0,0,0,0,0,0,0,0,0,0,0,0,0,0,0,0,0,9,0,40.0294,-75.0895, , 
 ,28751,2015056420,6,67,67301,2015,5,5,727,7,1,1,0,8,1, , ,N,1,2,0,3,0,1,4,2,N,N,39 55:20.731,75 13:23.335,734, ,730, ,0, ,N, ,3, , , , , ,312669, , , ,1,1,0,0,0,0,0,0,0,0,0,1,1,0,0,0,0,0,0,0,0,0,0,0,0,0,0,0,0,0,0,0,1,0,0,4,0,39.9224,-75.2232, , 
 ,28752,2015059122,6,67,67301,2015,5,6,1834,18,1,1,0,4,1, , ,N,1,2,0,3,0,0,2,2,N, ,39 58:14.012,75 08:59.857,1836, ,1835,1,1,3, , ,3,N, , , , ,312671, , , ,2,2,0,0,0,0,0,0,0,0,0,0,0,0,0,0,0,0,0,0,0,0,0,0,0,0,0,0,0,0,0,0,0,0,0,0,0,39.9704,-75.15, , 
 ,28753,2015063980,6,67,67301,2015,5,2,1625,16,1,1,0,8,1, , ,N,0,0,0,3,0,1,2,2,N,N,39 59:24.051,75 08:33.725,1640, ,1635,1,1,2,N, ,0,N, , , , ,312676, , , ,1,1,0,0,0,0,0,0,0,0,0,1,1,0,0,0,0,0,0,0,1,0,0,0,0,0,0,0,0,0,0,0,1,0,0,4,0,39.99,-75.1427, , 
 ,28754,2015069716,6,67,67301,2015,6,1,320,3,3,2,1,8,1, , ,N,1,2,0,3,0,1,2,2,N,N,40 02:20.299,75 09:00.122,330, ,325, ,0, ,N, ,3, , , , , ,312684, , , ,1,0,0,0,0,0,0,1,0,0,1,0,1,0,0,0,0,0,0,0,0,0,0,0,0,0,0,0,0,0,0,0,1,0,0,3,0,40.039,-75.15, , 
 ,28755,2015078232,6,67,67301,2015,7,5,1731,17,1,1,0,8,1, , ,N,0,0,0,3,0,1,2,2,N, ,39 59:52.254,75 10:25.333,1733, ,1733,2,2,2, , ,0,Y, , , , ,312685, , , ,1,0,0,0,0,0,1,0,0,0,0,1,1,0,0,0,0,0,0,0,1,0,0,0,0,0,0,0,0,0,0,0,1,0,0,4,0,39.9978,-75.1737, , 
 ,28756,2015092961,6,67,67301,2015,8,5,1620,16,1,9,1,0,1, , ,N,0,0,0,3,0,1,4,2,N,N,39 56:47.805,75 14:11.769,1105, ,1100, ,0, ,N, ,0, , , , , ,312707, , , ,2,1,0,0,1,0,0,0,0,0,1,0,1,0,0,0,0,0,0,0,1,0,0,0,0,0,0,0,0,0,0,0,0,0,0,3,0,39.9466,-75.2366, , 
 ,28757,2015099112,6,67,67301,2015,9,1,13,0,3,1,0,1,1, , ,N,0,0,0,3,0,4,5,2,N,N,40 00:19.537,75 06:27.908,20, ,16, ,0, ,N, ,0, , , , , ,312715, , , ,2,1,0,0,1,0,0,0,0,0,0,4,4,0,0,0,0,0,0,0,0,0,0,0,0,0,0,0,0,0,0,0,0,0,0,4,0,40.0054,-75.1078, , 
 ,28758,2015045415,6,67,67301,2015,4,7,1918,19,1,1,0,4,1, , ,N,1,3,0,3,0,0,7,2,N,N,40 00:29.314,75 09:40.503,1923, ,1921,9,1,4,N, ,3,N, , , , ,312734, , , ,2,2,0,0,0,0,0,0,0,0,0,0,0,0,1,0,0,0,0,0,0,0,0,0,0,0,0,0,0,0,0,0,0,0,0,9,0,40.0081,-75.1613, , 
 ,28759,2015047566,6,67,67301,2015,4,1,200,2,3,1,0,8,1, , ,N,0,0,0,3,0,1,2,2,N, ,39 57:03.335,75 14:34.199,1636, ,1635, ,0, , , ,0, , , , , ,312735, , , ,1,0,0,0,0,0,1,0,0,0,1,0,1,0,0,0,0,0,0,0,0,0,0,0,0,0,0,0,0,0,0,0,1,0,0,3,0,39.9509,-75.2428, , 
 ,28760,2015069729,6,67,67301,2015,6,2,430,4,5,1,0,2,6, , ,N,0,0,0,3,0,0,1,4,N, ,39 57:44.847,75 12:25.779,455, ,449, ,0, , , ,0, , , , , ,315718, , , ,4,2,0,0,0,0,2,0,0,0,0,0,0,0,1,0,0,0,0,0,0,0,0,0,0,0,0,0,0,0,0,0,0,0,0,9,0,39.9625,-75.2072, , 
 ,28761,2015073729,6,67,67301,2015,6,2,735,7,1,1,0,4,1, , ,N,1,3,0,3,0,2,3,2,N, ,40 03:50.306,75 03:34.568,742, ,739,1,1,3, , ,3,Y, , , , ,315720, , , ,2,0,0,0,0,0,2,0,0,0,0,0,2,2,0,0,0,0,0,0,0,1,0,0,0,0,0,0,0,0,0,0,0,0,0,8,0,40.064,-75.0596, , 
 ,28762,2015070633,6,67,67301,2015,6,5,836,8,1,2,1,7,4, , ,N,0,0,0,3,0,0,1,1,N,N,40 01:00.547,75 12:09.002,843, ,837,2,1,1,N, ,0,N, , , , ,315727, , , ,1,1,0,0,0,0,0,0,0,0,0,0,0,0,0,0,0,0,0,0,0,0,0,0,0,0,0,0,0,0,0,0,0,0,0,0,0,40.0168,-75.2025, , 
 ,28763,2015074970,6,67,67301,2015,6,1,1334,13,1,1,0,1,1, , ,N,0,0,0,3,0,0,4,2,N,N,39 53:21.592,75 14:25.815,1400, ,1340, ,0, ,N, ,0, , , , , ,315733, , , ,2,2,0,0,0,0,0,0,0,0,0,0,0,0,1,0,0,0,0,0,1,0,0,0,0,0,0,0,0,0,0,0,0,0,0,9,0,39.8893,-75.2405, , 
 ,28764,2015112075,6,67,67301,2015,10,3,650,6,1,1,0,7,4, , ,N,0,0,0,3,0,0,1,1,N,N,40 01:31.358,75 04:23.930,728, ,728, ,0, ,N, ,0, , , , , ,315761, , , ,1,1,0,0,0,0,0,0,0,0,0,0,0,0,0,0,0,0,1,0,0,0,0,0,0,0,0,0,0,0,0,0,0,0,0,0,0,40.0254,-75.0733, , 
 ,28765,2015056958,6,67,67301,2015,5,1,1713,17,1,1,0,4,1, , ,N,5,2,0,3,0,1,7,2,N,N,39 57:43.083,75 12:00.429,1740, ,1737,2,2,6, , ,3,Y, , , , ,315770, , , ,2,1,0,0,0,0,1,0,0,0,0,0,1,1,0,0,0,0,0,0,0,0,0,0,0,0,0,0,0,0,0,0,0,0,0,8,0,39.962,-75.2001, , 
 ,28766,2015070274,6,67,67301,2015,6,7,1700,17,1,2,1,7,2, , ,N,0,0,2,3,0,0,1,1,N,N,39 54:39.777,75 09:03.733,1710, ,1710, ,0, ,N, ,0, , , , , ,315786, , , ,1,1,0,0,0,0,0,0,0,0,0,0,0,0,1,0,0,0,0,0,0,0,0,0,0,0,0,0,0,0,0,0,0,0,0,9,0,39.911,-75.151, , 
 ,28767,2015073656,6,67,67301,2015,6,5,553,5,1,2,1,2,6, , ,N,0,0,0,3,0,0,1,3,N,N,39 58:04.123,75 14:37.312,554, ,553, ,0, ,N, ,0, , , , , ,315791, , , ,3,2,0,0,0,0,0,1,0,0,0,0,0,0,0,0,0,0,0,0,0,0,0,0,0,0,0,0,0,0,0,0,0,0,0,0,0,39.9678,-75.2437, , 
 ,28768,2015075662,6,67,67301,2015,7,4,2348,23,3,1,0,4,1, , ,N,1,3,0,3,0,2,3,2,N,N,40 02:04.164,75 02:53.357,2354, ,2351,3,2,3,N, ,3,N, , , , ,315792, , , ,2,2,0,0,0,0,0,0,0,0,0,1,2,1,0,0,0,0,0,0,0,1,0,0,0,0,0,0,0,0,0,0,0,0,0,4,0,40.0345,-75.0482, , 
 ,28769,2015083627,6,67,67301,2015,7,6,945,9,1,1,0,1,1, , ,N,0,0,0,3,0,1,3,2,N,N,39 57:35.933,75 10:43.106,1010, ,1001, ,0, ,N, ,0, , , , , ,315799, , , ,2,2,0,0,0,0,0,0,0,0,0,1,1,0,0,0,0,0,0,0,0,1,0,0,0,0,0,0,0,0,0,0,0,0,0,4,0,39.96,-75.1786, , 
 ,28770,2015087498,6,67,67301,2015,5,4,1445,14,1,1,0,4,1, , ,N,1,2,0,3,0,1,2,2,N,N,39 57:23.057,75 12:30.428,0, ,0, ,0, ,N, ,3, , , , , ,315802, , , ,2,1,0,0,0,0,1,0,0,0,0,0,1,1,0,0,1,0,0,0,0,0,0,0,0,0,0,0,0,0,0,0,0,0,0,8,0,39.9564,-75.2085, , 
 ,28771,2015099119,6,67,67301,2015,9,2,1642,16,1,1,0,1,1, , ,N,0,2,0,3,0,1,4,3,N,N,40 00:23.198,75 05:20.432,1657, ,1653,2,1,1,N, ,3,N, , , , ,315806, , , ,3,2,0,0,0,0,0,1,0,0,0,0,1,1,0,0,0,0,0,0,0,0,0,0,0,0,0,0,0,0,0,0,0,0,0,8,0,40.0064,-75.089, , 
 ,28772,2015103436,6,67,67301,2015,9,7,121,1,3,1,0,1,1, , ,N,0,0,0,3,0,2,3,2,N,N,40 01:24.327,75 08:01.736,123, ,121,9,2,1,N, ,0,Y, , , , ,315810, , , ,2,1,0,0,0,0,1,0,0,1,0,1,2,0,0,0,0,0,0,0,0,0,0,1,0,1,0,0,0,0,0,0,0,0,0,2,0,40.0234,-75.1338, , 