wz_ln_closure,objectid_1,crn,district,county,municipality,crash_year,crash_month,day_of_week,time_of_day,hour_of_day,illumination,weather,road_condition,collision_type,relation_to_road,work_zone_type,work_zone_loc,work_zone_ind,intersect_type,tcd_type,location_type,urban_rural,fatal_count,injury_count,person_count,total_units,sch_bus_ind,sch_zone_ind,latitude,longitude,arrival_tm,cons_zone_spd_lim,dispatch_tm,est_hrs_closed,lane_closed,ln_close_dir,ntfy_hiwy_maint,spec_juris_cd,tcd_func_cd,tfc_detour_ind,workers_pres,wz_close_detour,wz_flagger,wz_law_offcr_ind,objectid,wz_moving,wz_other,wz_shlder_mdn,vehicle_count,automobile_count,motorcycle_count,bus_count,small_truck_count,heavy_truck_count,suv_count,van_count,bicycle_count,maj_inj_count,mod_inj_count,min_inj_count,tot_inj_count,unk_inj_deg_count,unk_inj_per_count,driver_count_16yr,driver_count_17yr,driver_count_18yr,driver_count_19yr,driver_count_20yr,driver_count_50_64yr,driver_count_65_74yr,driver_count_75plus,unbelted_occ_count,unb_death_count,unb_maj_inj_count,belted_death_count,belted_maj_inj_count,mcycle_death_count,mcycle_maj_inj_count,bicycle_death_count,bicycle_maj_inj_count,ped_count,ped_death_count,ped_maj_inj_count,max_severity_level,comm_veh_count,dec_lat,dec_long,rdwy_surf_type_cd,county_name
 ,28840,2015088795,6,67,67301,2015,8,3,937,9,1,2,1,4,1, , ,N,3,0,0,3,0,1,2,2,N,N,40 03:01.529,75 11:04.469,955, ,938, ,0, ,N, ,0, , , , , ,315946, , , ,2,1,0,0,0,0,1,0,0,0,0,0,1,1,0,0,0,0,0,0,0,0,1,2,0,0,0,0,0,0,0,0,0,0,0,8,0,40.0504,-75.1846, , 
 ,28841,2015061888,6,67,67301,2015,5,4,750,7,1,1,0,1,6, , ,N,0,0,0,3,0,0,2,3,N, ,39 56:48.550,75 14:53.106,807, ,807, ,0, , , ,0, , , , , ,315966, , , ,3,2,0,0,0,0,1,0,0,0,0,0,0,0,0,0,0,0,0,0,0,0,0,0,0,0,0,0,0,0,0,0,0,0,0,0,0,39.9468,-75.2481, , 
 ,28842,2015070186,6,67,67301,2015,6,7,1756,17,1,1,0,4,1, , ,N,1,2,0,3,0,1,9,2,N, ,39 55:26.156,75 13:19.597,1759, ,1756, ,0, , , ,3, , , , , ,315968, , , ,2,1,0,0,0,0,0,1,0,0,0,0,1,1,0,0,0,0,0,0,0,0,0,0,0,0,0,0,0,0,0,0,0,0,0,8,0,39.9239,-75.2221, , 
 ,28843,2015091126,6,67,67301,2015,8,3,240,2,3,1,0,1,1, , ,N,0,0,0,3,0,1,2,2,N,N,39 56:52.722,75 09:52.127,244, ,244, ,0, ,N, ,0, , , , , ,315983, , , ,2,2,0,0,0,0,0,0,0,0,0,1,1,0,0,0,0,0,0,0,0,0,0,0,0,0,0,0,0,0,0,0,0,0,0,4,0,39.948,-75.1645, , 
 ,28844,2015092452,6,67,67301,2015,8,3,2250,22,3,1,0,4,1, , ,N,1,3,0,3,0,1,3,3,N,N,39 57:32.616,75 12:12.967,2310, ,2250,2,2,6,N, ,3,Y, , , , ,315984, , , ,3,2,0,0,0,0,1,0,0,0,0,0,1,1,0,0,1,0,0,0,0,0,0,0,0,0,0,0,0,0,0,0,0,0,0,8,0,39.9591,-75.2036, , 
 ,28845,2015092924,6,67,67301,2015,8,4,1022,10,1,1,0,7,4, , ,N,1,2,0,3,0,2,2,3,N,N,39 55:20.053,75 13:49.322,1025, ,1025,1,1,2,N, ,3,N, , , , ,315985, , , ,1,1,0,0,0,0,0,0,0,0,0,2,2,0,0,0,0,0,0,0,0,0,0,0,0,0,0,0,0,0,0,0,1,0,0,4,0,39.9222,-75.2303, , 
 ,28846,2015093532,6,67,67301,2015,8,2,1716,17,1,1,0,1,1, , ,N,6,0,2,3,0,0,3,3,N,N,40 01:30.017,75 01:45.153,1734, ,1716, ,0, ,N, ,0, , , , , ,315986, , , ,3,0,0,0,0,0,2,1,0,0,0,0,0,0,0,0,0,0,0,0,1,0,0,0,0,0,0,0,0,0,0,0,0,0,0,0,0,40.025,-75.0292, , 
 ,28847,2015103451,6,67,67301,2015,9,1,1716,17,1,1,0,5,6, , ,N,0,0,0,3,0,0,1,5,N,N,39 59:49.481,75 07:05.757,1719, ,1717,3,1,4,N, ,0,N, , , , ,315997, , , ,5,4,0,0,0,0,0,1,0,0,0,0,0,0,0,0,0,0,0,0,0,0,0,1,0,0,0,0,0,0,0,0,0,0,0,0,0,39.9971,-75.1183, , 
 ,28848,2015068039,6,67,67301,2015,6,5,540,5,5,2,7,4,1, , ,N,0,0,0,3,0,0,2,2,N,N,40 02:12.987,75 00:48.790,606, ,544,1,2,1,N, ,0,N, , , , ,316021, , , ,2,1,0,0,0,0,1,0,0,0,0,0,0,0,0,0,0,0,0,0,0,0,0,0,0,0,0,0,0,0,0,0,0,0,0,0,0,40.0369,-75.0136, , 
 ,28849,2015070184,6,67,67301,2015,6,1,1210,12,1,1,0,7,4, , ,N,1,3,0,3,0,0,1,1,N,N,39 55:15.888,75 09:13.381,1217, ,1215,4,2,7,N, ,3,Y, , , , ,316024, , , ,1,0,0,0,0,0,0,1,0,0,0,0,0,0,0,0,0,0,0,0,0,0,0,0,0,0,0,0,0,0,0,0,0,0,0,0,0,39.9211,-75.1537, , 
 ,28850,2015072880,6,67,67301,2015,6,5,1834,18,1,2,1,8,1, , ,N,1,0,0,3,0,1,2,2,N,N,39 55:32.066,75 14:30.271,1845, ,1836, ,0, ,N, ,0, , , , , ,316029, , , ,1,1,0,0,0,0,0,0,0,0,0,0,1,1,0,0,0,0,0,0,0,0,0,0,0,0,0,0,0,0,0,0,1,0,0,8,0,39.9256,-75.2417, , 
 ,28851,2015075820,6,67,67301,2015,7,2,845,8,1,1,0,4,1, , ,N,1,2,0,3,0,1,2,2,N,N,39 55:05.839,75 12:32.264,900, ,845, ,0, , , ,3, , , , , ,316031, , , ,2,1,0,0,0,0,1,0,0,0,0,1,1,0,0,0,0,0,0,0,0,0,0,0,0,0,0,0,0,0,0,0,0,0,0,4,0,39.9182,-75.2088, , 
 ,28852,2015056676,6,67,67301,2015,5,6,443,4,3,1,0,7,2, , ,N,0,0,0,3,0,1,3,1,N,N,39 55:09.363,75 08:53.164,453, ,444, ,0, ,N, ,0, , , , , ,319089, , , ,1,0,0,0,1,0,0,0,0,0,0,1,1,0,0,0,0,0,0,0,0,0,0,0,0,0,0,0,0,0,0,0,0,0,0,4,0,39.9193,-75.1481, , 
 ,28853,2015060219,6,67,67301,2015,5,4,1725,17,1,1,0,4,1, , ,N,1,3,0,3,0,1,4,2,N,N,40 06:57.621,75 01:45.112,1745, ,1739, ,0, ,N, ,3, , , , , ,319095, , , ,1,0,0,0,0,0,1,0,1,0,0,0,1,1,0,0,0,0,0,0,0,0,0,0,0,0,0,0,0,0,0,0,0,0,0,8,0,40.116,-75.0292, , 
 ,28854,2015015660,6,67,67301,2015,1,4,1723,17,3,4,3,8,1, , ,N,1,2,0,3,0,1,2,2,N,N,39 57:24.012,75 11:52.849,1726, ,1723, ,0, ,N, ,3, , , , , ,319102, , , ,1,1,0,0,0,0,0,0,0,0,0,1,1,0,0,0,0,0,0,0,0,0,0,0,0,0,0,0,0,0,0,0,1,0,0,4,0,39.9566,-75.198, , 
 ,28855,2015020761,6,67,67301,2015,1,6,2304,23,3,1,0,4,1, , ,N,1,2,0,3,0,1,2,2,N,N,39 57:26.251,75 14:52.347,2355, ,2349, ,0, ,N, ,3, , , , , ,319109, , , ,2,1,0,0,0,0,0,1,0,0,1,0,1,0,1,0,0,0,0,0,0,0,0,0,0,0,0,0,0,0,0,0,0,0,0,3,0,39.9573,-75.2479, , 
 ,28856,2015020765,6,67,67301,2015,2,4,9999,99,3,1,0,1,6, , ,N,0,0,0,3,0,0,1,2,N, ,40 00:06.249,75 08:17.151,1925, ,1914, ,0, , , ,0, , , , , ,319110, , , ,2,1,0,0,0,0,1,0,0,0,0,0,0,0,1,0,0,0,0,0,0,0,0,1,0,0,0,0,0,0,0,0,0,0,0,9,0,40.0017,-75.1381, , 
 ,28857,2015025080,6,67,67301,2015,2,2,1520,15,1,1,1,8,1, , ,N,0,0,0,3,0,1,4,2,N, ,40 02:42.702,75 03:58.287,1526, ,1526, ,0, , , ,0, , , , , ,319112, , , ,1,0,0,0,0,0,0,1,0,0,0,0,1,1,0,0,0,0,0,0,0,0,0,0,0,0,0,0,0,0,0,0,1,0,0,8,0,40.0452,-75.0662, , 
 ,28858,2015025139,6,67,67301,2015,2,5,9999,99,4,1,0,8,1, , ,N,0,0,0,3,0,1,2,2,N,N,39 57:44.279,75 14:26.677,445, ,439, ,0, ,N, ,0, , , , , ,319113, , , ,1,1,0,0,0,0,0,0,0,0,0,1,1,0,0,0,0,0,0,0,1,0,0,0,0,0,0,0,0,0,0,0,1,0,0,4,0,39.9623,-75.2407, , 
 ,28859,2015033327,6,67,67301,2015,2,4,4,0,3,1,0,1,1, , ,N,2,2,2,3,0,0,2,2,N,N,39 56:29.650,75 08:32.556,18, ,7, ,0, ,N, ,3, , , , , ,319120, , , ,2,1,0,0,0,0,1,0,0,0,0,0,0,0,0,0,0,0,0,0,0,0,0,1,0,0,0,0,0,0,0,0,0,0,0,0,0,39.9416,-75.1421, , 
 ,28860,2015042768,6,67,67301,2015,4,1,1400,14,1,1,0,4,1, , ,N,1,0,0,3,0,1,3,2,N,N,39 57:26.251,75 14:52.347,1555, ,1550, ,0, ,N, ,0, , , , , ,319129, , , ,1,1,0,0,0,0,0,0,1,0,0,1,1,0,0,0,0,0,0,0,0,0,0,0,0,0,0,0,0,0,0,0,0,0,0,4,0,39.9573,-75.2479, , 
 ,28861,2015063887,6,67,67301,2015,6,6,1333,13,1,1,0,4,1, , ,N,1,2,0,3,0,0,2,4,N, ,39 58:51.085,75 09:44.603,1350, ,1345, ,0, , , ,3, , , , , ,319142, , , ,4,1,0,0,1,0,2,0,0,0,0,0,0,0,0,0,0,0,0,0,0,0,0,1,0,0,0,0,0,0,0,0,0,0,0,0,0,39.9809,-75.1624, , 
 ,28862,2015070137,6,67,67301,2015,6,6,1950,19,1,1,0,1,1, , ,N,1,2,0,3,0,1,2,4,N,N,39 59:47.207,75 10:26.289,1950, ,1950,2,2,6,N, ,3,Y, , , , ,319150, , , ,4,2,0,0,0,0,2,0,0,0,0,0,1,1,0,0,0,0,0,0,0,0,0,0,0,0,0,0,0,0,0,0,0,0,0,8,0,39.9964,-75.174, , 
 ,28863,2015073647,6,67,67301,2015,6,7,128,1,3,1,0,4,1, , ,N,1,2,0,3,0,4,6,2,N,N,40 01:47.658,75 08:45.592,128, ,128,2,2,2,N, ,3,N, , , , ,319154, , , ,2,1,0,0,0,0,1,0,0,0,0,4,4,0,0,0,0,0,0,0,0,0,0,0,0,0,0,0,0,0,0,0,0,0,0,4,0,40.0299,-75.146, , 
 ,28864,2015073709,6,67,67301,2015,6,7,2031,20,2,2,1,4,1, , ,N,0,0,7,3,0,3,4,2,N, ,39 56:40.958,75 14:19.811,2121, ,2117,2,1,1, , ,0,N, , , , ,319155, , , ,2,2,0,0,0,0,0,0,0,0,0,1,3,2,0,0,0,0,0,0,0,0,0,0,0,0,0,0,0,0,0,0,0,0,0,4,0,39.9447,-75.2388, , 
 ,28865,2015095797,6,67,67301,2015,9,4,2300,23,3,1,0,4,1, , ,N,2,2,0,3,0,0,2,2,N,N,39 58:57.511,75 11:18.156,0, ,9999, ,0, , , ,3, , , , , ,319180, , , ,2,2,0,0,0,0,0,0,0,0,0,0,0,0,0,0,0,0,1,0,0,0,0,0,0,0,0,0,0,0,0,0,0,0,0,0,0,39.9828,-75.1883, , 
 ,28866,2015056938,6,67,67301,2015,5,6,1345,13,1,1,0,4,1, , ,N,1,2,0,3,0,2,3,2,N, ,40 05:54.088,75 02:49.438,1355, ,1348, ,0, , , ,3, , , , , ,319190, , , ,2,1,0,0,0,0,1,0,0,0,0,0,2,2,0,0,0,0,0,0,0,0,1,0,0,0,0,0,0,0,0,0,0,0,0,8,0,40.0984,-75.0471, , 
 ,28867,2015079775,6,67,67301,2015,7,5,224,2,3,1,0,7,2, , ,N,0,0,0,3,0,0,2,1,N,N,39 56:23.749,75 08:35.423,224, ,224,1,1,2,N, ,0,N, , , , ,319201, , , ,1,0,0,0,0,0,1,0,0,0,0,0,0,0,0,0,0,0,0,0,0,0,0,0,0,0,0,0,0,0,0,0,0,0,0,0,0,39.9399,-75.1432, , 
 ,28868,2015080670,6,67,67301,2015,7,7,1400,14,1,1,0,4,1, , ,N,1,0,0,3,0,1,2,2,N, ,39 59:34.512,75 09:33.073,1406, ,1405, ,0, , , ,0, , , , , ,319202, , , ,1,1,0,0,0,0,0,0,1,0,0,1,1,0,0,0,0,0,0,0,0,0,0,0,0,0,0,0,0,0,0,0,0,0,0,4,0,39.9929,-75.1592, , 
 ,28869,2015081057,6,67,67301,2015,7,3,1640,16,1,1,0,8,1, , ,N,1,9,0,3,0,1,2,2,N,N,40 02:23.679,75 07:36.490,1640, ,1640, ,0, ,N, ,9, , , , , ,319203, , , ,1,0,0,0,0,0,1,0,0,0,0,1,1,0,0,0,0,0,0,0,0,1,0,0,0,0,0,0,0,0,0,0,1,0,0,4,0,40.0399,-75.1268, , 
 ,28870,2015091053,6,67,67301,2015,8,4,2029,20,3,1,0,4,1, , ,N,1,2,0,3,0,1,2,2,N,N,39 57:29.532,75 14:07.900,2035, ,2029, ,0, ,N, ,3, , , , , ,322450, , , ,2,1,0,0,0,0,1,0,0,0,0,1,1,0,1,0,0,0,0,0,1,0,0,0,0,0,0,0,0,0,0,0,0,0,0,4,0,39.9582,-75.2355, , 
 ,28871,2015099096,6,67,67301,2015,9,5,855,8,1,2,1,6,1, , ,N,0,0,0,3,0,3,4,4,N,N,40 00:18.790,75 11:26.765,905, ,900,3,2,5,N, ,0,Y, , , , ,322458, , , ,4,2,0,0,0,1,0,1,0,0,0,3,3,0,0,0,0,0,0,0,1,0,0,0,0,0,0,0,0,0,0,0,0,0,0,4,1,40.0052,-75.1908, , 
 ,28872,2015098963,6,67,67301,2015,9,1,1900,19,4,1,0,1,1, , ,N,0,0,0,3,0,1,2,3,N, ,40 01:13.717,75 10:16.352,1915, ,1915, ,0, , , ,0, , , , , ,322464, , , ,2,0,0,0,0,0,0,0,1,0,0,1,1,0,0,0,0,0,0,0,0,0,0,0,0,0,0,0,0,0,0,0,0,0,0,4,0,40.0205,-75.1712, , 
 ,28873,2015063870,6,67,67301,2015,6,2,2014,20,3,2,1,4,1, , ,N,1,2,0,3,0,1,3,2,N, ,40 04:18.292,75 09:14.575,2023, ,2017,1,1,3, , ,3,N, , , , ,322475, , , ,2,1,0,0,0,0,0,1,0,0,0,1,1,0,0,0,0,0,0,0,0,0,0,0,0,0,0,0,0,0,0,0,0,0,0,4,0,40.0717,-75.1541, , 
 ,28874,2015075753,6,67,67301,2015,7,7,152,1,3,1,0,4,1, , ,N,1,2,0,3,0,1,3,2,N,N,39 56:36.373,75 10:44.230,212, ,210, ,0, ,N, ,3, , , , , ,322482, , , ,2,1,0,0,1,0,0,0,0,0,0,1,1,0,0,0,0,0,0,0,0,0,0,0,0,0,0,0,0,0,0,0,0,0,0,4,0,39.9434,-75.179, , 
 ,28875,2015075764,6,67,67301,2015,7,2,1334,13,1,1,0,8,1, , ,N,1,2,0,3,0,1,2,2,N, ,39 58:51.085,75 09:44.603,1334, ,1334, ,0, , , ,3, , , , , ,322483, , , ,1,0,0,0,0,0,1,0,0,0,0,1,1,0,0,0,0,0,0,1,0,0,0,0,0,0,0,0,0,0,0,0,1,0,0,4,0,39.9809,-75.1624, , 
 ,28876,2015093003,6,67,67301,2015,8,4,804,8,1,1,0,4,1, , ,N,1,2,0,3,0,1,2,2,N,N,40 00:33.277,75 09:04.079,838, ,835, ,0, ,N, ,3, , , , , ,322497, , , ,2,2,0,0,0,0,0,0,0,0,0,1,1,0,0,0,0,0,0,0,0,0,0,0,0,0,0,0,0,0,0,0,0,0,0,4,0,40.0092,-75.1511, , 
 ,28877,2015099088,6,67,67301,2015,9,5,1218,12,1,2,1,6,1, , ,N,0,0,0,3,0,1,2,2,N,N,39 59:07.198,75 06:12.936,1222, ,1218, ,0, , , ,0, , , , , ,322505, , , ,2,1,0,0,0,1,0,0,0,0,0,0,1,1,0,0,0,0,0,0,0,0,0,0,0,0,0,0,0,0,0,0,0,0,0,8,1,39.9853,-75.1036, , 
 ,28878,2015063897,6,67,67301,2015,6,7,2154,21,3,1,0,8,1, , ,N,0,0,0,3,0,1,2,3,N,N,39 58:30.111,75 11:13.791,2158, ,2158, ,0, ,N, ,0, , , , , ,322519, , , ,2,1,0,0,0,0,0,0,0,0,1,0,1,0,0,0,0,0,0,0,0,0,0,0,0,0,0,0,0,0,0,0,1,0,0,3,0,39.975,-75.1872, , 
 ,28879,2015065328,6,67,67301,2015,6,2,1339,13,1,1,0,1,1, , ,N,0,2,0,3,0,2,4,2,N,N,40 03:32.779,75 07:56.423,1339, ,1339, ,0, ,N, ,2, , , , , ,322522, , , ,2,1,0,0,0,0,1,0,0,0,0,0,2,2,0,0,0,0,0,0,0,0,0,0,0,0,0,0,0,0,0,0,0,0,0,8,0,40.0591,-75.1323, , 
 ,28880,2015062734,6,67,67301,2015,5,4,1804,18,1,2,1,8,1, , ,N,0,0,7,3,0,1,2,2,N, ,39 59:25.836,75 07:42.153,1805, ,1805, ,0, , , ,0, , , , , ,322562, , , ,1,1,0,0,0,0,0,0,0,0,0,1,1,0,0,0,0,0,0,0,0,0,0,0,0,0,0,0,0,0,0,0,1,0,0,4,0,39.9905,-75.1284, , 
 ,28881,2015062725,6,67,67301,2015,5,6,9999,99,1,1,0,4,1, , ,N,0,0,7,3,0,2,3,3,N,N,40 04:41.547,75 01:51.089,1308, ,1256, ,0, , , ,0, , , , , ,322567, , , ,3,1,0,0,0,0,2,0,0,0,0,2,2,0,0,0,0,0,0,0,2,0,0,0,0,0,0,0,0,0,0,0,0,0,0,4,0,40.0782,-75.0309, , 
 ,28882,2015066173,6,67,67301,2015,6,1,1327,13,1,1,0,7,2, , ,N,0,0,0,3,0,2,2,1,N,N,40 01:13.112,75 09:09.485,1330, ,1330, ,0, ,N, ,0, , , , , ,322571, , , ,1,1,0,0,0,0,0,0,0,0,0,2,2,0,0,0,0,0,0,0,0,0,0,0,0,0,0,0,0,0,0,0,0,0,0,4,0,40.0203,-75.1526, , 
 ,28883,2015077567,6,67,67301,2015,7,3,2225,22,3,1,0,5,1, , ,N,0,0,0,3,0,1,2,2,N,N,39 59:03.895,75 09:24.024,2230, ,2230, ,0, ,N, ,0, , , , , ,322580, , , ,2,0,0,0,1,0,0,1,0,0,0,1,1,0,0,0,0,0,0,0,1,0,0,0,0,0,0,0,0,0,0,0,0,0,0,4,0,39.9844,-75.1567, , 
 ,28884,2015078212,6,67,67301,2015,7,6,1620,16,1,1,0,2,1, , ,N,2,2,0,3,0,0,2,2,N, ,39 57:36.624,75 08:13.909,1640, ,1635, ,0, , , ,3, , , , , ,322582, , , ,2,1,0,0,0,0,1,0,0,0,0,0,0,0,0,0,0,0,0,0,1,0,0,0,0,0,0,0,0,0,0,0,0,0,0,0,0,39.9602,-75.1372, , 
 ,28885,2015088766,6,67,67301,2015,8,5,910,9,1,1,0,8,1, , ,N,1,2,0,3,0,1,2,2,N,N,40 01:20.492,75 07:04.616,925, ,920, ,0, ,N, ,3, , , , , ,322594, , , ,1,0,0,0,0,0,1,0,0,0,1,0,1,0,0,0,0,0,0,0,0,0,0,0,0,0,0,0,0,0,0,0,1,0,0,3,0,40.0224,-75.1179, , 
 ,28886,2015099116,6,67,67301,2015,9,6,1028,10,1,1,0,8,1, , ,N,1,3,0,3,0,1,2,2,N,N,39 56:03.703,75 10:09.296,1035, ,1030, ,0, , , ,3, , , , , ,322603, , , ,1,1,0,0,0,0,0,0,0,0,0,0,1,1,0,0,0,0,0,0,0,0,0,0,0,0,0,0,0,0,0,0,1,0,0,8,0,39.9344,-75.1692, , 
 ,28887,2015074973,6,67,67301,2015,6,2,1616,16,1,1,0,1,1, , ,N,0,0,0,3,0,1,6,2,N,N,39 59:24.059,75 05:13.001,1637, ,1616, ,0, ,N, ,0, , , , , ,322621, , , ,2,1,0,0,0,0,1,0,0,0,0,0,1,1,0,0,0,0,0,0,1,1,0,0,0,0,0,0,0,0,0,0,0,0,0,8,0,39.99,-75.0869, , 
 ,28888,2015107447,6,67,67301,2015,9,3,1919,19,3,1,0,5,6, , ,N,0,0,0,3,0,0,1,3,N, ,39 58:11.067,75 09:41.875,2004, ,1957, ,0, , , ,0, , , , , ,312916, , , ,3,1,0,0,0,0,2,0,0,0,0,0,0,0,0,0,0,0,0,0,0,0,0,0,0,0,0,0,0,0,0,0,0,0,0,0,0,39.9697,-75.1616, , 
 ,28889,2015063832,6,67,67301,2015,5,7,2217,22,3,1,0,7,4, , ,N,0,0,0,3,0,2,3,2,N, ,40 01:44.772,75 11:24.512,2252, ,2217,2,2,2, , ,0,N, , , , ,312946, , , ,2,0,0,0,0,0,2,0,0,0,0,2,2,0,0,0,0,0,0,0,0,0,0,0,0,0,0,0,0,0,0,0,0,0,0,4,0,40.0291,-75.1901, , 
 ,28890,2015073688,6,67,67301,2015,6,6,2353,23,3,2,1,5,1, , ,N,0,0,0,3,0,0,2,2,N,N,40 01:14.358,75 09:23.047,10, ,2353,2,1,2,N, ,0,N, , , , ,312977, , , ,2,1,0,0,1,0,0,0,0,0,0,0,0,0,0,0,0,0,0,0,0,0,0,0,0,0,0,0,0,0,0,0,0,0,0,0,0,40.0207,-75.1564, , 
 ,28891,2015091152,6,67,67301,2015,8,6,1530,15,1,1,0,4,1, , ,N,2,3,2,3,0,2,2,2,N,N,39 59:11.983,75 12:29.919,1537, ,1525, ,0, ,N, ,3, , , , , ,312994, , , ,2,1,0,0,0,0,1,0,0,0,0,0,2,2,0,0,0,0,0,0,0,0,0,1,0,0,0,0,0,0,0,0,0,0,0,8,0,39.9867,-75.2083, , 
 ,28892,2015069707,6,67,67301,2015,6,4,1229,12,1,1,0,8,1, , ,N,1,0,0,3,0,1,2,2,N,N,39 55:53.673,75 10:01.628,1234, ,1230, ,0, ,N, ,0, , , , , ,313025, , , ,1,1,0,0,0,0,0,0,0,0,0,1,1,0,0,0,0,0,0,0,0,0,0,0,0,0,0,0,0,0,0,0,1,0,0,4,0,39.9316,-75.1671, , 
 ,28893,2015105124,6,67,67301,2015,9,5,820,8,1,1,0,8,1, , ,N,1,2,0,3,0,1,2,2,N, ,39 56:53.580,75 09:52.430,832, ,30,1,1,1, , ,3,N, , , , ,313055, , , ,1,0,0,0,0,0,1,0,0,0,0,1,1,0,0,0,0,0,0,0,1,0,0,0,0,0,0,0,0,0,0,0,1,0,0,4,0,39.9482,-75.1644, , 
 ,28894,2015079282,6,67,67301,2015,7,3,1429,14,1,1,0,1,1, , ,N,0,0,0,3,0,0,2,2,N,N,39 54:45.367,75 08:54.323,1455, ,1429, ,0, ,N, ,0, , , , , ,313092, , , ,2,0,0,0,0,1,0,1,0,0,0,0,0,0,0,0,0,0,0,0,1,0,0,0,0,0,0,0,0,0,0,0,0,0,0,0,1,39.9126,-75.1484, , 
 ,28895,2015081092,6,67,67301,2015,7,6,325,3,3,1,2,7,5, , ,N,1,3,0,3,0,1,2,1,N,N,40 02:12.591,75 09:50.587,328, ,328, ,0, ,N, ,9, , , , , ,313095, , , ,1,1,0,0,0,0,0,0,0,0,0,1,1,0,0,0,0,0,0,0,0,0,0,0,0,0,0,0,0,0,0,0,0,0,0,4,0,40.0368,-75.1641, , 
 ,28896,2015061720,6,67,67301,2015,5,6,1815,18,1,1,0,8,1, , ,N,0,0,0,3,0,1,2,2,N,N,40 01:32.480,75 07:51.006,1940, ,1836, ,0, ,N, ,0, , , , , ,313134, , , ,1,1,0,0,0,0,0,0,0,0,0,0,1,1,0,0,0,0,0,0,0,0,0,0,0,0,0,0,0,0,0,0,1,0,0,8,0,40.0257,-75.1308, , 
 ,28897,2015070262,6,67,67301,2015,6,4,1727,17,1,1,0,1,1, , ,N,0,0,0,3,0,0,4,4,N,N,39 57:41.471,75 10:57.314,1727, ,1727, ,0, ,N, ,0, , , , , ,313145, , , ,4,2,0,0,1,0,1,0,0,0,0,0,0,0,0,0,0,0,0,1,1,0,0,0,0,0,0,0,0,0,0,0,0,0,0,0,0,39.9615,-75.1826, , 
 ,28898,2015075808,6,67,67301,2015,7,5,822,8,1,1,0,1,1, , ,N,1,2,0,3,0,1,2,2,N,N,39 56:49.195,75 09:53.382,1037, ,918, ,0, ,N, ,3, , , , , ,313151, , , ,2,1,0,0,0,0,0,0,0,0,0,0,1,1,0,0,0,0,0,0,0,0,0,0,0,0,0,0,0,0,0,0,0,0,0,8,0,39.947,-75.1647, , 
 ,28899,2015077823,6,67,67301,2015,7,4,745,7,1,1,0,4,1, , ,N,1,2,0,3,0,1,2,2,N,N,39 56:44.732,75 10:00.371,805, ,800, ,0, ,N, ,3, , , , , ,313152, , , ,2,0,0,0,0,0,2,0,0,0,0,1,1,0,0,0,0,0,0,0,1,0,0,0,0,0,0,0,0,0,0,0,0,0,0,4,0,39.9458,-75.1668, , 
 ,28900,2015083443,6,67,67301,2015,7,5,1410,14,1,1,0,4,1, , ,N,1,2,2,3,0,0,3,2,N, ,39 53:57.866,75 10:29.202,1432, ,1422, ,0, , , ,3, , , , , ,313157, , , ,2,0,0,0,0,0,2,0,0,0,0,0,0,0,0,0,0,0,0,0,0,0,0,0,0,0,0,0,0,0,0,0,0,0,0,0,0,39.8994,-75.1748, , 
 ,28901,2015062340,6,67,67301,2015,6,1,1020,10,1,1,0,4,1, , ,N,1,2,0,3,0,1,3,2,N,N,39 58:40.787,75 09:09.269,1027, ,1027, ,0, ,N, ,3, , , , , ,313170, , , ,2,1,0,0,0,0,1,0,0,0,0,0,1,1,0,0,0,0,0,0,0,0,1,0,0,0,0,0,0,0,0,0,0,0,0,8,0,39.9779,-75.1526, , 
 ,28902,2015075785,6,67,67301,2015,7,4,1534,15,1,2,1,4,1, , ,N,1,3,0,3,0,6,6,2,N,N,39 58:24.254,75 12:15.040,1617, ,1611, ,0, , , ,3, , , , , ,313182, , , ,2,2,0,0,0,0,0,0,0,0,0,6,6,0,0,0,0,0,0,0,0,0,0,0,0,0,0,0,0,0,0,0,0,0,0,4,0,39.9734,-75.2042, , 
 ,28903,2015084447,6,67,67301,2015,7,5,1435,14,1,2,1,5,6, , ,N,0,0,0,3,0,1,3,2,N,N,40 02:13.700,75 02:53.100,1620, ,1616, ,0, ,N, ,0, , , , , ,313188, , , ,2,1,0,0,1,0,0,0,0,0,0,1,1,0,0,0,0,0,0,0,0,0,0,0,0,0,0,0,0,0,0,0,0,0,0,4,0,40.0371,-75.0481, , 
 ,28904,2015085293,6,67,67301,2015,8,3,1820,18,1,1,0,4,1, , ,N,1,2,0,3,0,3,3,2,N,N,39 58:21.766,75 12:14.569,1856, ,1849, ,0, ,N, ,3, , , , , ,313190, , , ,2,2,0,0,0,0,0,0,0,0,0,3,3,0,0,0,0,0,0,0,0,0,0,0,0,0,0,0,0,0,0,0,0,0,0,4,0,39.9727,-75.204, , 
 ,28905,2015093511,6,67,67301,2015,8,3,1027,10,1,1,0,1,1, , ,N,0,0,0,3,0,0,4,3,N,N,40 01:20.671,75 02:16.177,1054, ,1028,2,2,2,N, ,0,N, , , , ,313199, , , ,3,0,0,0,1,0,2,0,0,0,0,0,0,0,0,0,0,0,0,0,1,0,0,0,0,0,0,0,0,0,0,0,0,0,0,0,0,40.0224,-75.0378, , 