wz_ln_closure,objectid_1,crn,district,county,municipality,crash_year,crash_month,day_of_week,time_of_day,hour_of_day,illumination,weather,road_condition,collision_type,relation_to_road,work_zone_type,work_zone_loc,work_zone_ind,intersect_type,tcd_type,location_type,urban_rural,fatal_count,injury_count,person_count,total_units,sch_bus_ind,sch_zone_ind,latitude,longitude,arrival_tm,cons_zone_spd_lim,dispatch_tm,est_hrs_closed,lane_closed,ln_close_dir,ntfy_hiwy_maint,spec_juris_cd,tcd_func_cd,tfc_detour_ind,workers_pres,wz_close_detour,wz_flagger,wz_law_offcr_ind,objectid,wz_moving,wz_other,wz_shlder_mdn,vehicle_count,automobile_count,motorcycle_count,bus_count,small_truck_count,heavy_truck_count,suv_count,van_count,bicycle_count,maj_inj_count,mod_inj_count,min_inj_count,tot_inj_count,unk_inj_deg_count,unk_inj_per_count,driver_count_16yr,driver_count_17yr,driver_count_18yr,driver_count_19yr,driver_count_20yr,driver_count_50_64yr,driver_count_65_74yr,driver_count_75plus,unbelted_occ_count,unb_death_count,unb_maj_inj_count,belted_death_count,belted_maj_inj_count,mcycle_death_count,mcycle_maj_inj_count,bicycle_death_count,bicycle_maj_inj_count,ped_count,ped_death_count,ped_maj_inj_count,max_severity_level,comm_veh_count,dec_lat,dec_long,rdwy_surf_type_cd,county_name
 ,29039,2015085290,6,67,67301,2015,7,3,1800,18,1,1,0,4,1, , ,N,1,2,0,3,0,1,2,2,N,N,39 57:00.784,75 14:13.909,1805, ,1800,2,1,1,N, ,3,N, , , , ,313438, , , ,1,1,0,0,0,0,0,0,1,0,0,1,1,0,0,0,0,0,0,0,0,0,0,0,0,0,0,0,0,0,0,0,0,0,0,4,0,39.9502,-75.2372, , 
 ,29040,2015086199,6,67,67301,2015,8,3,1442,14,1,1,0,5,1, , ,N,1,2,0,3,0,1,1,2,N, ,40 00:05.796,75 07:42.898,1457, ,1450,9,1,1, , ,3,N, , , , ,313440, , , ,2,2,0,0,0,0,0,0,0,0,0,0,1,1,0,0,0,0,0,0,1,0,0,0,0,0,0,0,0,0,0,0,0,0,0,8,0,40.0016,-75.1286, , 
N,29041,2015100010,6,67,67301,2015,9,2,1840,18,1,1,0,1,1,1,4,Y,0,8,0,3,0,0,4,2,N,N,40 01:43.108,75 01:23.973,1842,45,1842,1,2,2,N, ,3,N,Y,N,N,N,313449,N,N,Y,2,1,0,0,0,0,1,0,0,0,0,0,0,0,0,0,0,0,0,0,0,0,0,0,0,0,0,0,0,0,0,0,0,0,0,0,0,40.0286,-75.0233, , 
 ,29042,2015062737,6,67,67301,2015,5,1,1725,17,1,1,0,8,1, , ,N,0,0,0,3,0,1,2,2,N,N,39 59:11.102,75 10:11.464,1730, ,1725, ,0, ,N, ,0, , , , , ,313451, , , ,1,1,0,0,0,0,0,0,0,0,0,1,1,0,0,0,0,0,0,0,0,0,0,0,0,0,0,0,0,0,0,0,1,0,0,4,0,39.9864,-75.1699, , 
 ,29043,2015092459,6,67,67301,2015,6,1,2115,21,3,1,0,8,1, , ,N,1,2,0,3,0,1,2,2,N,N,39 57:11.413,75 10:11.807,1108, ,1108, ,0, ,N, ,3, , , , , ,313473, , , ,1,1,0,0,0,0,0,0,0,1,0,0,1,0,0,0,0,0,0,0,0,0,0,0,0,0,0,0,0,0,0,0,1,0,1,2,0,39.9532,-75.17, , 
 ,29044,2015108096,6,67,67301,2015,10,5,1535,15,1,1,0,7,2, , ,N,3,0,2,3,0,0,1,1,N,N,40 00:01.860,75 04:47.686,1557, ,1545, ,0, ,N, ,0, , , , , ,313489, , , ,1,1,0,0,0,0,0,0,0,0,0,0,0,0,0,0,0,1,0,0,0,0,0,0,0,0,0,0,0,0,0,0,0,0,0,0,0,40.0003,-75.0836, , 
 ,29045,2015109215,6,67,67301,2015,10,2,215,2,3,1,0,1,1, , ,N,1,2,0,3,0,1,4,3,N,N,40 00:59.814,75 08:49.815,215, ,210, ,0, ,N, ,3, , , , , ,313491, , , ,3,3,0,0,0,0,0,0,0,0,0,1,1,0,0,0,0,0,0,0,1,0,0,0,0,0,0,0,0,0,0,0,0,0,0,4,0,40.0166,-75.1472, , 
 ,29046,2015109255,6,67,67301,2015,10,4,1809,18,1,1,0,4,1, , ,N,1,3,0,3,0,1,2,2,N,N,39 59:09.790,75 10:00.393,1825, ,1814, ,0, ,N, ,3, , , , , ,313492, , , ,2,1,0,0,1,0,0,0,0,0,0,0,1,1,0,0,0,0,0,0,0,0,0,0,0,0,0,0,0,0,0,0,0,0,0,8,0,39.9861,-75.1668, , 
 ,29047,2015109291,6,67,67301,2015,10,1,1720,17,1,1,0,4,1, , ,N,1,3,0,3,0,1,3,2,N,N,40 01:55.477,75 04:52.420,1740, ,1724, ,0, ,N, ,3, , , , , ,313493, , , ,2,2,0,0,0,0,0,0,0,0,0,0,1,1,0,0,0,0,0,0,0,0,0,0,0,0,0,0,0,0,0,0,0,0,0,8,0,40.0321,-75.0812, , 
 ,29048,2015112135,6,67,67301,2015,10,6,1730,17,4,2,1,1,1, , ,N,0,0,0,3,0,2,6,4,N,N,39 55:23.429,75 14:45.163,1756, ,1756, ,0, ,N, ,0, , , , , ,313497, , , ,4,3,0,0,0,0,1,0,0,0,0,2,2,0,0,0,0,0,0,0,2,0,0,4,0,0,0,0,0,0,0,0,0,0,0,4,0,39.9232,-75.2459, , 
 ,29049,2015085292,6,67,67301,2015,8,7,1641,16,1,1,0,4,1, , ,N,1,3,0,3,0,1,3,2,N,N,39 58:25.165,75 13:34.496,1700, ,1655, ,0, ,N, ,3, , , , , ,313509, , , ,2,1,0,0,0,0,1,0,0,0,0,0,1,1,0,0,0,0,1,0,0,0,0,0,0,0,0,0,0,0,0,0,0,0,0,8,0,39.9737,-75.2262, , 
 ,29050,2015088748,6,67,67301,2015,8,1,135,1,3,1,1,1,1, , ,N,1,2,0,3,0,2,3,2,N, ,40 03:05.569,75 09:00.387,9999, ,9999, ,0, , , ,3, , , , , ,313514, , , ,2,2,0,0,0,0,0,0,0,0,0,2,2,0,0,0,0,0,1,0,0,0,0,0,0,0,0,0,0,0,0,0,0,0,0,4,0,40.0515,-75.1501, , 
 ,29051,2015099091,6,67,67301,2015,9,4,2130,21,3,1,0,1,1, , ,N,2,2,0,3,0,2,2,2,N, ,40 01:31.022,75 04:35.543,2130, ,2130, ,0, , , ,3, , , , , ,313524, , , ,2,2,0,0,0,0,0,0,0,0,1,1,2,0,0,0,0,0,0,0,1,0,0,0,0,0,0,0,0,0,0,0,0,0,0,3,0,40.0253,-75.0765, , 
 ,29052,2015105951,6,67,67301,2015,10,6,1036,10,1,2,1,8,1, , ,N,1,3,0,3,0,1,2,2,N,N,39 58:28.009,75 07:24.239,1045, ,1037, ,0, ,N, ,3, , , , , ,313528, , , ,1,1,0,0,0,0,0,0,0,0,0,0,1,1,1,0,0,0,0,0,0,0,0,0,0,0,0,0,0,0,0,0,1,0,0,8,0,39.9744,-75.1234, , 
 ,29053,2015070191,6,67,67301,2015,6,2,1336,13,1,1,0,8,6, , ,N,0,0,0,3,0,1,2,2,N,N,39 59:32.760,75 08:33.004,1520, ,1515, ,0, ,N, ,0, , , , , ,316397, , , ,1,1,0,0,0,0,0,0,0,0,0,1,1,0,0,0,0,0,0,0,0,0,0,0,0,0,0,0,0,0,0,0,1,0,0,4,0,39.9924,-75.1425, , 
 ,29054,2015070651,6,67,67301,2015,6,6,9999,99,1,1,0,4,1, , ,N,1,2,0,3,0,0,2,2,N,N,39 56:41.578,75 10:01.077,1405, ,1218,3,1,2,N, ,3,Y, , , , ,316398, , , ,2,0,0,0,1,1,0,0,0,0,0,0,0,0,0,0,0,0,0,0,1,0,0,0,0,0,0,0,0,0,0,0,0,0,0,0,1,39.9449,-75.167, , 
 ,29055,2015091091,6,67,67301,2015,8,3,1732,17,1,1,0,4,1, , ,N,1,3,0,3,0,2,3,2,N, ,39 59:46.669,75 07:54.469,1733, ,1733, ,0, , , ,3, , , , , ,316409, , , ,2,1,0,0,0,0,1,0,0,1,0,0,2,1,1,0,0,0,0,0,0,0,0,0,0,0,0,1,0,0,0,0,0,0,0,2,0,39.9963,-75.1318, , 
 ,29056,2015095683,6,67,67301,2015,8,5,1153,11,1,1,0,8,1, , ,N,1,2,0,3,0,1,2,2,N,N,39 57:05.248,75 12:02.699,1206, ,1204, ,0, ,N, ,3, , , , , ,316416, , , ,1,1,0,0,0,0,0,0,0,0,0,1,1,0,0,0,0,0,0,0,0,0,0,0,0,0,0,0,0,0,0,0,1,0,0,4,0,39.9515,-75.2007, , 
 ,29057,2015061748,6,67,67301,2015,5,5,1730,17,1,1,0,7,4, , ,N,1,2,1,3,0,1,2,1,N,N,40 00:25.549,75 05:38.543,1750, ,1735, ,0, ,N, ,3, , , , , ,316438, , , ,1,0,0,0,0,0,1,0,0,0,0,1,1,0,0,0,0,0,0,0,0,0,0,0,0,0,0,0,0,0,0,0,0,0,0,4,0,40.0071,-75.094, , 
 ,29058,2015069748,6,67,67301,2015,6,6,1800,18,1,1,0,4,1, , ,N,0,0,7,3,0,0,2,2,N,N,40 00:44.050,75 03:31.270,1815, ,1813,1,1,5,N, ,0,N, , , , ,316442, , , ,2,0,0,0,0,1,1,0,0,0,0,0,0,0,0,0,0,0,0,0,2,0,0,0,0,0,0,0,0,0,0,0,0,0,0,0,1,40.0122,-75.0587, , 
 ,29059,2015084394,6,67,67301,2015,7,1,2345,23,3,1,0,4,1, , ,N,1,2,0,3,0,1,2,2,N, ,39 55:00.583,75 10:16.768,9, ,9, ,0, , , ,3, , , , , ,316467, , , ,1,0,0,0,0,0,1,0,1,0,0,1,1,0,0,0,0,0,0,0,0,0,0,0,0,0,0,0,0,0,0,0,0,0,0,4,0,39.9168,-75.1713, , 
 ,29060,2015093551,6,67,67301,2015,8,7,528,5,1,1,0,7,3, , ,N,0,0,0,3,0,1,1,1,N,N,39 55:55.010,75 11:59.941,538, ,532,1,1,3,N, ,0,N, , , , ,316475, , , ,1,1,0,0,0,0,0,0,0,0,0,1,1,0,0,0,0,0,0,0,0,0,0,0,0,0,0,0,0,0,0,0,0,0,0,4,0,39.9319,-75.2, , 
 ,29061,2015070171,6,67,67301,2015,6,3,818,8,1,1,0,4,1, , ,N,1,2,0,3,0,1,2,2,N, ,39 55:01.578,75 10:22.695,830, ,827, ,0, , , ,3, , , , , ,316500, , , ,2,0,0,0,0,0,1,1,0,0,0,0,1,1,0,0,0,0,0,0,0,0,0,0,0,0,0,0,0,0,0,0,0,0,0,8,0,39.9171,-75.173, , 
 ,29062,2015073624,6,67,67301,2015,6,2,1430,14,1,1,0,4,1, , ,N,0,0,0,3,0,1,2,2,N,N,40 03:16.466,75 02:59.388,1635, ,1625, ,0, , , ,0, , , , , ,316505, , , ,1,1,0,0,0,0,0,0,1,0,0,0,1,1,0,0,0,0,0,0,0,0,0,0,0,0,0,0,0,0,0,0,0,0,0,8,0,40.0546,-75.0498, , 
 ,29063,2015073674,6,67,67301,2015,6,5,1750,17,1,1,0,4,1, , ,N,1,2,0,3,0,2,6,2,N,N,39 54:52.617,75 09:53.387,1756, ,1753,1,1,2,N, ,3,N, , , , ,316506, , , ,2,2,0,0,0,0,0,0,0,0,0,2,2,0,0,0,0,1,0,0,1,0,0,6,0,0,0,0,0,0,0,0,0,0,0,4,0,39.9146,-75.1648, , 
 ,29064,2015075826,6,67,67301,2015,7,2,707,7,1,1,0,4,1, , ,N,2,0,0,3,0,2,2,2,N, ,39 58:37.162,75 12:40.710,723, ,717, ,0, , , ,0, , , , , ,316508, , , ,2,2,0,0,0,0,0,0,0,0,2,0,2,0,0,0,0,0,0,0,0,0,0,0,0,0,0,0,0,0,0,0,0,0,0,3,0,39.977,-75.2112, , 
 ,29065,2015078241,6,67,67301,2015,7,3,1310,13,1,1,0,1,1, , ,N,0,3,0,3,0,0,4,2,N,N,39 54:38.169,75 11:10.248,1318, ,1314, ,0, ,N, ,3, , , , , ,316513, , , ,2,1,0,0,0,0,1,0,0,0,0,0,0,0,0,0,0,0,0,0,1,0,0,0,0,0,0,0,0,0,0,0,0,0,0,0,0,39.9106,-75.1862, , 
 ,29066,2015081134,6,67,67301,2015,7,1,448,4,3,1,0,7,4, , ,N,1,2,0,3,0,0,3,1,N, ,39 55:18.128,75 11:23.945,452, ,450, ,0, , , ,3, , , , , ,316519, , , ,1,1,0,0,0,0,0,0,0,0,0,0,0,0,0,0,0,0,0,0,0,0,0,0,0,0,0,0,0,0,0,0,0,0,0,0,0,39.9217,-75.19, , 
 ,29067,2015084469,6,67,67301,2015,7,1,15,0,3,1,0,5,1, , ,N,2,0,0,3,0,1,2,2,N,N,39 55:57.385,75 09:10.097,36, ,17, ,0, ,N, ,0, , , , , ,316524, , , ,1,0,0,0,0,0,0,0,1,0,0,1,1,0,0,0,0,0,0,0,0,0,0,0,0,0,0,0,0,0,0,0,0,0,0,4,0,39.9326,-75.1528, , 
 ,29068,2015075751,6,67,67301,2015,7,5,945,9,1,1,0,4,1, , ,N,1,3,0,3,0,1,2,2,N,N,39 59:38.230,75 08:56.680,951, ,949, ,0, , , ,3, , , , , ,316549, , , ,2,1,0,0,0,0,1,0,0,0,0,1,1,0,0,0,0,0,0,0,0,0,0,0,0,0,0,0,0,0,0,0,0,0,0,4,0,39.994,-75.1491, , 
 ,29069,2015085319,6,67,67301,2015,8,4,1714,17,1,1,0,1,1, , ,N,0,0,0,3,0,0,3,3,N,N,39 57:34.418,75 11:47.724,1723, ,1716, ,0, ,N, ,0, , , , , ,316561, , , ,3,1,0,0,0,1,1,0,0,0,0,0,0,0,0,0,0,0,0,1,1,0,0,0,0,0,0,0,0,0,0,0,0,0,0,0,1,39.9596,-75.1966, , 
 ,29070,2015047236,6,67,67301,2015,4,7,1600,16,1,1,0,4,1, , ,N,1,2,0,3,0,1,2,2,N,N,39 56:29.842,75 08:57.047,1856, ,1845, ,0, ,N, ,3, , , , , ,316585, , , ,1,1,0,0,0,0,0,0,1,0,1,0,1,0,0,0,0,0,0,0,0,0,0,1,0,0,0,0,0,0,0,0,0,0,0,3,0,39.9416,-75.1492, , 
 ,29071,2015066168,6,67,67301,2015,6,6,1537,15,1,1,0,4,1, , ,N,0,0,7,3,0,2,2,2,N, ,39 55:04.862,75 12:35.525,1551, ,1548, ,0, , , ,0, , , , , ,319632, , , ,2,1,0,0,0,0,1,0,0,0,0,2,2,0,0,0,0,0,0,1,1,0,0,0,0,0,0,0,0,0,0,0,0,0,0,4,0,39.918,-75.2099, , 
 ,29072,2015073731,6,67,67301,2015,6,5,938,9,1,1,0,4,1, , ,N,1,2,0,3,0,1,2,2,N,N,40 01:57.808,75 04:19.924,950, ,944, ,0, ,N, ,3, , , , , ,319644, , , ,2,1,0,0,1,0,0,0,0,0,0,0,1,1,0,0,0,0,0,0,0,0,0,0,0,0,0,0,0,0,0,0,0,0,0,8,0,40.0327,-75.0722, , 
 ,29073,2015075711,6,67,67301,2015,6,4,2018,20,1,1,0,1,1, , ,N,5,2,0,3,0,0,2,3,N,N,40 04:01.087,75 09:29.811,2020, ,2020, ,0, ,N, ,3, , , , , ,319645, , , ,3,3,0,0,0,0,0,0,0,0,0,0,0,0,0,0,0,0,0,0,0,1,0,0,0,0,0,0,0,0,0,0,0,0,0,0,0,40.067,-75.1583, , 
 ,29074,2015086104,6,67,67301,2015,3,6,1530,15,1,1,0,1,1, , ,N,0,0,0,3,0,1,2,2,N,N,39 58:21.340,75 07:18.847,0, ,0, ,0, ,N, ,0, , , , , ,319652, , , ,2,1,0,0,0,0,0,0,0,0,0,0,1,1,0,0,0,0,0,0,0,0,1,0,0,0,0,0,0,0,0,0,0,0,0,8,0,39.9726,-75.1219, , 
 ,29075,2015088657,6,67,67301,2015,8,6,2225,22,3,1,0,2,1, , ,N,0,0,0,3,0,2,4,2,N, ,40 04:39.087,75 01:54.204,2240, ,2231, ,0, , , ,0, , , , , ,319653, , , ,2,2,0,0,0,0,0,0,0,0,0,2,2,0,0,0,0,0,1,0,0,0,0,1,0,0,0,0,0,0,0,0,0,0,0,4,0,40.0775,-75.0317, , 
 ,29076,2015051972,6,67,67301,2015,5,7,1234,12,1,1,0,7,4, , ,N,0,0,7,3,0,1,1,1,N,N,40 02:23.848,75 07:01.941,1315, ,1310, ,0, , , ,0, , , , , ,319667, , , ,1,1,0,0,0,0,0,0,0,0,1,0,1,0,0,0,0,0,0,0,1,0,0,0,0,0,0,0,0,0,0,0,0,0,0,3,0,40.04,-75.1172, , 
 ,29077,2015063024,6,67,67301,2015,6,1,318,3,3,1,0,7,3, , ,N,0,0,0,3,0,6,6,1,N,N,39 54:04.918,75 09:09.209,321, ,319,1,1,2,N, ,0,N, , , , ,319682, , , ,1,0,0,0,0,0,1,0,0,0,0,6,6,0,0,0,0,0,0,1,0,0,0,0,0,0,0,0,0,0,0,0,0,0,0,4,0,39.9014,-75.1526, , 
 ,29078,2015066202,6,67,67301,2015,6,6,1310,13,1,1,0,1,1, , ,N,1,2,0,3,0,2,3,2,N,N,39 58:02.827,75 13:00.659,9999, ,1311, ,0, , , ,3, , , , , ,319684, , , ,2,2,0,0,0,0,0,0,0,0,0,2,2,0,0,0,0,0,0,0,0,0,0,0,0,0,0,0,0,0,0,0,0,0,0,4,0,39.9675,-75.2168, , 
 ,29079,2015070113,6,67,67301,2015,6,5,701,7,1,2,1,4,1, , ,N,2,3,0,3,0,1,2,2,N,N,40 07:00.005,74 59:27.319,717, ,706,1,1,4,N, ,3,N, , , , ,319688, , , ,2,2,0,0,0,0,0,0,0,0,0,0,1,1,0,0,0,0,0,0,1,0,0,0,0,0,0,0,0,0,0,0,0,0,0,8,0,40.1167,-74.9909, , 
 ,29080,2015075691,6,67,67301,2015,7,2,830,8,1,1,0,1,1, , ,N,5,2,0,3,0,1,4,2,N,N,39 54:19.501,75 10:24.816,903, ,858,2,1,1, , ,3,N, , , , ,319691, , , ,2,2,0,0,0,0,0,0,0,0,0,1,1,0,0,0,0,0,0,1,0,0,0,0,0,0,0,0,0,0,0,0,0,0,0,4,0,39.9054,-75.1736, , 
 ,29081,2015078683,6,67,67301,2015,7,5,1101,11,1,1,0,1,1, , ,N,1,2,0,3,0,0,6,2,N, ,39 57:32.844,75 10:20.344,1107, ,1102, ,0, , , ,3, , , , , ,319696, , , ,2,1,0,0,0,0,1,0,0,0,0,0,0,0,0,0,0,0,0,0,0,0,0,0,0,0,0,0,0,0,0,0,0,0,0,0,0,39.9591,-75.172, , 
 ,29082,2015072866,6,67,67301,2015,6,6,1620,16,1,1,0,4,1, , ,N,1,3,0,3,0,2,3,2,N, ,39 56:56.040,75 14:44.033,1635, ,1633, ,0, , , ,3, , , , , ,319734, , , ,2,2,0,0,0,0,0,0,0,0,0,2,2,0,0,0,0,0,0,0,0,0,0,0,0,0,0,0,0,0,0,0,0,0,0,4,0,39.9489,-75.2456, , 
 ,29083,2015091041,6,67,67301,2015,8,4,738,7,1,1,0,6,6, , ,N,0,0,0,3,0,1,1,3,N,N,40 00:09.921,75 08:02.025,749, ,749, ,0, , , ,0, , , , , ,319754, , , ,3,2,0,0,0,0,1,0,0,1,0,0,1,0,0,0,0,0,0,0,0,0,0,1,0,1,0,0,0,0,0,0,0,0,0,2,0,40.0028,-75.1339, , 
 ,29084,2015093421,6,67,67301,2015,8,6,1703,17,1,1,0,4,1, , ,N,1,3,0,3,0,1,3,3,N,N,40 00:55.443,75 08:16.749,1705, ,1703, ,0, ,N, ,3, , , , , ,319756, , , ,3,3,0,0,0,0,0,0,0,0,0,1,1,0,0,0,0,0,0,0,0,0,0,0,0,0,0,0,0,0,0,0,0,0,0,4,0,40.0154,-75.138, , 
 ,29085,2015101996,6,67,67301,2015,9,5,825,8,1,1,0,8,1, , ,N,0,0,0,3,0,1,2,2,N,N,39 59:01.952,75 06:54.402,845, ,830,3,2,5,N, ,0,Y, , , , ,319762, , , ,1,1,0,0,0,0,0,0,0,0,0,1,1,0,0,0,0,0,0,0,0,0,0,0,0,0,0,0,0,0,0,0,1,0,0,4,0,39.9839,-75.1151, , 
 ,29086,2015054394,6,67,67301,2015,5,7,720,7,1,1,0,4,1, , ,N,1,2,0,3,0,2,4,2,N,N,39 57:18.767,75 11:53.908,727, ,724,1,2,2, , ,3,Y, , , , ,319770, , , ,2,2,0,0,0,0,0,0,0,0,0,2,2,0,0,0,0,0,1,0,0,0,0,0,0,0,0,0,0,0,0,0,0,0,0,4,0,39.9552,-75.1983, , 
 ,29087,2015075760,6,67,67301,2015,6,6,602,6,1,1,0,7,4, , ,N,0,0,0,3,0,0,1,1,N, ,39 56:39.099,75 11:50.930,845, ,835, ,0, , , ,0, , , , , ,319785, , , ,1,1,0,0,0,0,0,0,0,0,0,0,0,0,1,0,0,0,0,0,0,0,0,0,0,0,0,0,0,0,0,0,0,0,0,9,0,39.9442,-75.1975, , 
 ,29088,2015075833,6,67,67301,2015,7,4,915,9,1,1,0,4,1, , ,N,1,2,0,3,0,2,2,2,N, ,40 00:46.713,75 07:09.797,945, ,937, ,0, , , ,3, , , , , ,319786, , , ,2,2,0,0,0,0,0,0,0,0,0,0,2,2,0,0,0,0,0,0,0,1,0,0,0,0,0,0,0,0,0,0,0,0,0,8,0,40.013,-75.1194, , 
 ,29089,2015092949,6,67,67301,2015,8,2,0,0,3,1,0,1,1, , ,N,0,0,0,3,0,1,2,2,N,N,40 01:52.924,75 07:40.814,2, ,1, ,0, ,N, ,0, , , , , ,319800, , , ,2,1,0,0,0,0,1,0,0,0,0,1,1,0,0,0,0,0,0,0,0,0,0,1,0,0,0,0,0,0,0,0,0,0,0,4,0,40.0314,-75.128, , 
 ,29090,2015105126,6,67,67301,2015,9,7,1250,12,1,1,0,4,1, , ,N,2,2,0,3,0,1,2,2,N,N,40 00:14.371,75 12:51.803,1318, ,1310, ,0, ,N, ,3, , , , , ,321591, , , ,2,2,0,0,0,0,0,0,0,0,1,0,1,0,0,0,0,0,0,0,1,1,0,0,0,0,0,0,0,0,0,0,0,0,0,3,0,40.004,-75.2144, , 
 ,29091,2015070107,6,67,67301,2015,6,7,2113,21,3,1,0,4,1, , ,N,1,2,0,3,0,1,2,2,N,N,40 03:07.938,75 07:50.771,2125, ,2122,1,1,3,N, ,3,Y, , , , ,321603, , , ,2,0,0,0,0,0,1,0,0,0,0,1,1,0,0,0,0,0,0,0,0,0,0,0,0,0,0,0,0,0,0,0,0,0,0,4,0,40.0522,-75.1308, , 
 ,29092,2015079602,6,67,67301,2015,7,4,1458,14,1,1,0,1,1, , ,N,0,0,0,3,0,4,8,3,N,N,39 58:19.162,75 11:36.792,1512, ,1500, ,0, ,N, ,0, , , , , ,321616, , , ,3,2,0,0,0,0,1,0,0,0,0,4,4,0,0,0,0,0,0,0,0,0,0,0,0,0,0,0,0,0,0,0,0,0,0,4,0,39.972,-75.1936, , 
 ,29093,2015084463,6,67,67301,2015,8,7,1241,12,1,1,1,6,1, , ,N,2,0,0,3,0,1,2,2,N, ,39 57:39.369,75 13:10.030,1245, ,1241, ,0, , , ,0, , , , , ,321623, , , ,1,1,0,0,0,0,0,0,1,0,0,0,1,1,0,0,0,0,0,0,0,1,0,0,0,0,0,0,0,0,0,0,0,0,0,8,0,39.9609,-75.2195, , 
 ,29094,2015086169,6,67,67301,2015,3,3,1333,13,1,1,0,1,1, , ,N,0,0,0,3,0,3,3,2,N,N,39 55:01.675,75 12:54.279,0, ,0, ,0, ,N, ,0, , , , , ,321624, , , ,2,2,0,0,0,0,0,0,0,0,0,0,3,3,0,0,0,0,0,0,0,0,0,0,0,0,0,0,0,0,0,0,0,0,0,8,0,39.9171,-75.2151, , 
 ,29095,2015091162,6,67,67301,2015,8,4,1500,15,1,1,0,4,1, , ,N,2,0,0,3,0,2,3,2,N, ,39 59:05.463,75 14:12.638,1505, ,1505, ,0, , , ,0, , , , , ,321630, , , ,2,2,0,0,0,0,0,0,0,0,0,0,2,2,0,0,0,0,0,0,0,1,0,3,0,0,0,0,0,0,0,0,0,0,0,8,0,39.9849,-75.2368, , 
 ,29096,2015063860,6,67,67301,2015,6,5,620,6,1,1,0,1,1, , ,N,5,2,2,3,0,0,2,2,N, ,39 57:26.413,75 09:08.132,630, ,624,2,1,2, , ,3,N, , , , ,321645, , , ,2,2,0,0,0,0,0,0,0,0,0,0,0,0,0,0,0,0,0,0,1,0,0,0,0,0,0,0,0,0,0,0,0,0,0,0,0,39.9573,-75.1523, , 
 ,29097,2015078278,6,67,67301,2015,7,6,2200,22,3,1,0,5,6, , ,N,0,0,0,3,0,1,4,2,N,N,40 00:44.385,75 08:18.808,2206, ,2204,2,1,4,N, ,0,N, , , , ,321651, , , ,2,0,0,0,0,0,1,1,0,0,0,0,1,1,1,0,0,0,0,0,0,0,0,0,0,0,0,0,0,0,0,0,0,0,0,8,0,40.0123,-75.1386, , 
 ,29098,2015081015,6,67,67301,2015,7,2,630,6,1,1,0,6,1, , ,N,5,2,0,3,0,1,3,3,N,N,39 59:13.382,75 07:20.404,705, ,700, ,0, ,N, ,3, , , , , ,321653, , , ,3,1,0,0,0,0,1,1,0,0,0,1,1,0,1,0,0,0,0,0,1,0,0,0,0,0,0,0,0,0,0,0,0,0,0,4,0,39.9871,-75.1223, , 
 ,29099,2015092928,6,67,67301,2015,8,4,2045,20,2,1,0,4,1, , ,N,0,0,0,3,0,1,2,2,N,N,40 02:06.028,75 02:56.663,2055, ,2050, ,0, ,N, ,0, , , , , ,321667, , , ,2,1,0,0,0,0,1,0,0,0,0,1,1,0,0,0,1,0,0,0,0,0,0,0,0,0,0,0,0,0,0,0,0,0,0,4,0,40.035,-75.0491, , 
 ,29100,2015114557,6,67,67301,2015,10,6,1025,10,1,1,0,4,1, , ,N,2,2,6,3,0,2,2,2,N,N,40 01:44.574,75 06:01.934,1030, ,1025, ,0, ,N, ,3, , , , , ,321676, , , ,2,1,0,0,0,0,1,0,0,0,0,1,2,1,0,0,0,0,0,0,1,0,0,0,0,0,0,0,0,0,0,0,0,0,0,4,0,40.029,-75.1007, , 
 ,29101,2015073643,6,67,67301,2015,7,4,2022,20,4,1,0,4,1, , ,N,1,2,0,3,0,1,2,2,N,N,39 58:37.470,75 13:47.492,2031, ,2022, ,0, , , ,3, , , , , ,321707, , , ,2,1,1,0,0,0,0,0,0,0,1,0,1,0,0,0,0,0,0,0,0,0,0,0,0,0,0,0,0,0,0,0,0,0,0,3,0,39.9771,-75.2299, , 
 ,29102,2015075288,6,67,67301,2015,7,7,700,7,1,1,0,7,4, , ,N,0,0,0,3,0,2,2,1,N,N,40 02:23.785,75 09:19.190,715, ,710, ,0, ,N, ,0, , , , , ,321710, , , ,1,1,0,0,0,0,0,0,0,1,1,0,2,0,0,0,0,0,0,1,0,0,0,0,0,0,0,0,0,0,0,0,0,0,0,2,0,40.0399,-75.1553, , 
 ,29103,2015083971,6,67,67301,2015,7,3,618,6,1,1,0,1,1, , ,N,0,0,0,3,0,1,2,2,N,N,40 00:24.083,75 11:56.011,639, ,624, ,0, ,N, ,0, , , , , ,321717, , , ,2,1,0,0,1,0,0,0,0,0,0,1,1,0,0,0,0,0,0,0,1,1,0,0,0,0,0,0,0,0,0,0,0,0,0,4,0,40.0067,-75.1989, , 
 ,29104,2015097636,6,67,67301,2015,9,7,1338,13,1,1,0,1,1, , ,N,0,0,0,3,0,0,7,3,N,N,39 57:57.964,75 11:12.027,1356, ,1348, ,0, ,N, ,0, , , , , ,321726, , , ,3,3,0,0,0,0,0,0,0,0,0,0,0,0,0,0,0,0,0,0,0,0,0,0,0,0,0,0,0,0,0,0,0,0,0,0,0,39.9661,-75.1867, , 
 ,29105,2015091138,6,67,67301,2015,8,7,2345,23,3,1,0,4,1, , ,N,1,2,0,3,0,1,2,2,N, ,39 57:28.635,75 14:00.646,359, ,354, ,0, , , ,3, , , , , ,321751, , , ,1,0,0,0,0,0,1,0,1,0,1,0,1,0,0,0,0,0,0,0,0,0,0,0,0,0,0,0,0,0,0,0,0,0,0,3,0,39.958,-75.2335, , 