wz_ln_closure,objectid_1,crn,district,county,municipality,crash_year,crash_month,day_of_week,time_of_day,hour_of_day,illumination,weather,road_condition,collision_type,relation_to_road,work_zone_type,work_zone_loc,work_zone_ind,intersect_type,tcd_type,location_type,urban_rural,fatal_count,injury_count,person_count,total_units,sch_bus_ind,sch_zone_ind,latitude,longitude,arrival_tm,cons_zone_spd_lim,dispatch_tm,est_hrs_closed,lane_closed,ln_close_dir,ntfy_hiwy_maint,spec_juris_cd,tcd_func_cd,tfc_detour_ind,workers_pres,wz_close_detour,wz_flagger,wz_law_offcr_ind,objectid,wz_moving,wz_other,wz_shlder_mdn,vehicle_count,automobile_count,motorcycle_count,bus_count,small_truck_count,heavy_truck_count,suv_count,van_count,bicycle_count,maj_inj_count,mod_inj_count,min_inj_count,tot_inj_count,unk_inj_deg_count,unk_inj_per_count,driver_count_16yr,driver_count_17yr,driver_count_18yr,driver_count_19yr,driver_count_20yr,driver_count_50_64yr,driver_count_65_74yr,driver_count_75plus,unbelted_occ_count,unb_death_count,unb_maj_inj_count,belted_death_count,belted_maj_inj_count,mcycle_death_count,mcycle_maj_inj_count,bicycle_death_count,bicycle_maj_inj_count,ped_count,ped_death_count,ped_maj_inj_count,max_severity_level,comm_veh_count,dec_lat,dec_long,rdwy_surf_type_cd,county_name
 ,29239,2015066208,6,67,67301,2015,6,7,1338,13,1,1,0,4,1, , ,N,1,2,0,3,0,0,4,3,N, ,39 57:15.869,75 09:47.496,1350, ,1346, ,0, , , ,3, , , , , ,322141, , , ,3,2,0,0,0,0,1,0,0,0,0,0,0,0,0,0,0,0,0,1,0,0,0,0,0,0,0,0,0,0,0,0,0,0,0,0,0,39.9544,-75.1631, , 
 ,29240,2015088738,6,67,67301,2015,8,7,1642,16,1,1,0,4,1, , ,N,1,2,0,3,0,0,2,3,N,N,40 02:16.065,75 04:52.525,1646, ,1646,2,2,3,N, ,3,Y, , , , ,322167, , , ,3,2,0,0,0,0,0,1,0,0,0,0,0,0,0,0,0,0,0,0,0,0,1,0,0,0,0,0,0,0,0,0,0,0,0,0,0,40.0378,-75.0813, , 
 ,29241,2015093546,6,67,67301,2015,8,4,2032,20,3,1,0,7,2, , ,N,0,0,0,3,0,0,1,1,N,N,39 53:14.493,75 14:32.977,2047, ,2032, ,0, ,N, ,0, , , , , ,322171, , , ,1,1,0,0,0,0,0,0,0,0,0,0,0,0,0,0,0,0,0,0,0,0,0,0,0,0,0,0,0,0,0,0,0,0,0,0,0,39.8874,-75.2425, , 
 ,29242,2015061928,6,67,67301,2015,5,4,1838,18,1,1,1,7,4, , ,N,2,0,0,3,0,0,1,1,N,N,39 59:40.599,75 09:51.451,1856, ,1853, ,0, , , ,0, , , , , ,322185, , , ,1,0,0,0,0,0,1,0,0,0,0,0,0,0,0,0,0,0,0,0,0,0,0,0,0,0,0,0,0,0,0,0,0,0,0,0,0,39.9946,-75.1643, , 
 ,29243,2015065458,6,67,67301,2015,6,2,2016,20,3,2,1,8,1, , ,N,0,0,0,3,0,1,2,2,N,N,39 57:40.268,75 14:42.055,2017, ,2016, ,0, , , ,0, , , , , ,322190, , , ,1,1,0,0,0,0,0,0,0,0,1,0,1,0,0,0,0,0,0,0,0,0,0,0,0,0,0,0,0,0,0,0,1,0,0,3,0,39.9612,-75.245, , 
 ,29244,2015081062,6,67,67301,2015,7,2,9999,99,1,1,0,4,1, , ,N,1,3,0,3,0,0,5,2,N, ,39 59:40.203,75 05:52.871,1402, ,1400, ,0, , , ,2, , , , , ,322204, , , ,2,0,0,0,0,0,2,0,0,0,0,0,0,0,0,0,0,0,0,0,0,0,0,0,0,0,0,0,0,0,0,0,0,0,0,0,0,39.9945,-75.098, , 
 ,29245,2015084211,6,67,67301,2015,8,7,1743,17,1,1,0,7,2, , ,N,0,0,2,3,0,5,10,2,N,N,39 57:37.401,75 10:54.819,1806, ,1757,2,1,3,N, ,0,N, , , , ,322211, , , ,2,0,0,0,1,0,1,0,0,0,1,4,5,0,0,0,0,0,0,0,1,0,0,0,0,0,0,0,0,0,0,0,0,0,0,3,0,39.9604,-75.1819, , 
 ,29246,2015086203,6,67,67301,2015,8,6,2133,21,3,1,0,4,1, , ,N,2,2,7,3,0,1,4,2,N,N,40 05:52.988,75 01:49.773,2137, ,2134, ,0, ,N, ,3, , , , , ,322212, , , ,2,2,0,0,0,0,0,0,0,0,1,0,1,0,0,0,0,1,0,0,1,0,0,0,0,0,0,0,0,0,0,0,0,0,0,3,0,40.0981,-75.0303, , 
 ,29247,2015056415,6,67,67301,2015,5,6,9999,99,3,1,0,8,1, , ,N,5,3,0,3,0,1,2,2,N, ,40 01:30.262,75 07:02.589,1800, ,1800, ,0, , , ,3, , , , , ,322223, , , ,1,1,0,0,0,0,0,0,0,0,0,1,1,0,0,0,0,0,0,0,0,0,0,0,0,0,0,0,0,0,0,0,1,0,0,4,0,40.0251,-75.1174, , 
 ,29248,2015065466,6,67,67301,2015,6,4,600,6,1,2,1,1,1, , ,N,3,3,0,3,0,5,5,2,N,N,39 59:40.100,75 11:30.900,634, ,620, ,0, ,N, ,3, , , , , ,322231, , , ,2,2,0,0,0,0,0,0,0,0,0,0,5,5,0,0,0,0,0,0,1,0,0,0,0,0,0,0,0,0,0,0,0,0,0,8,0,39.9945,-75.1919, , 
 ,29249,2015070178,6,67,67301,2015,6,4,1355,13,1,1,0,4,1, , ,N,1,2,0,3,0,1,2,2,N, ,39 59:45.716,75 10:14.767,1410, ,1404, ,0, , , ,3, , , , , ,322238, , , ,2,1,1,0,0,0,0,0,0,0,1,0,1,0,0,0,0,0,0,0,0,0,0,0,0,0,0,0,0,0,0,0,0,0,0,3,0,39.996,-75.1707, , 
 ,29250,2015073740,6,67,67301,2015,6,2,2234,22,3,1,0,4,1, , ,N,1,3,0,3,0,2,2,3,N,N,40 01:15.747,75 03:15.058,2315, ,2312, ,0, ,N, ,3, , , , , ,322242, , , ,3,2,0,0,0,0,1,0,0,0,0,2,2,0,0,0,0,0,0,0,0,0,0,0,0,0,0,0,0,0,0,0,0,0,0,4,0,40.021,-75.0542, , 
 ,29251,2015095350,6,67,67301,2015,9,4,2043,20,3,1,0,7,3, , ,N,0,0,0,3,0,2,2,1,N,N,39 59:55.404,75 04:50.811,2048, ,2047,2,2,1,Y, ,0,N, , , , ,322264, , , ,1,1,0,0,0,0,0,0,0,0,0,2,2,0,0,0,0,0,0,0,0,0,0,0,0,0,0,0,0,0,0,0,0,0,0,4,0,39.9987,-75.0808, , 
Y,29252,2015056448,6,67,67301,2015,5,7,1711,17,1,1,0,1,1,1,5,Y,0,0,1,3,0,2,2,2,N,N,40 03:37.821,75 02:36.906,1720,35,1712,2,2,1,N, ,0,N,N,U,U,N,322275,U,U,U,2,2,0,0,0,0,0,0,0,0,1,1,2,0,0,0,0,0,0,0,1,0,0,1,0,0,0,0,0,0,0,0,0,0,0,3,0,40.0605,-75.0436, , 
 ,29253,2015038571,6,67,67301,2015,3,3,750,7,1,1,0,5,1, , ,N,0,0,0,3,0,1,3,4,N,N,40 01:33.380,75 13:29.989,800, ,755, ,0, ,N, ,0, , , , , ,322291, , , ,3,2,0,1,0,0,0,0,0,0,1,0,1,0,0,0,0,0,0,0,0,0,0,0,0,0,0,0,0,0,0,0,1,0,0,3,1,40.0259,-75.225, , 
 ,29254,2015103311,6,67,67301,2015,9,2,1318,13,1,1,0,5,1, , ,N,0,0,0,3,0,1,2,2,N,N,40 00:49.791,75 04:22.659,1327, ,1319,2,1,1, , ,0,N, , , , ,313878, , , ,1,0,0,0,0,0,0,1,1,0,1,0,1,0,0,0,0,0,0,0,0,0,0,0,0,0,0,0,0,0,0,0,0,0,0,3,0,40.0138,-75.073, , 
 ,29255,2015103371,6,67,67301,2015,9,3,1345,13,1,1,0,1,1, , ,N,1,2,0,3,0,3,7,3,N,N,39 57:23.109,75 09:52.045,1410, ,1402, ,0, , , ,3, , , , , ,313879, , , ,3,1,0,0,0,0,2,0,0,0,0,0,3,3,2,0,0,0,0,0,1,0,0,0,0,0,0,0,0,0,0,0,0,0,0,8,0,39.9564,-75.1645, , 
 ,29256,2015062724,6,67,67301,2015,5,4,1200,12,1,1,0,8,1, , ,N,1,2,0,3,0,1,2,2,N,N,40 00:05.763,75 09:10.529,1648, ,1644, ,0, ,N, ,3, , , , , ,313886, , , ,1,1,0,0,0,0,0,0,0,0,1,0,1,0,0,0,0,0,0,0,0,0,0,0,0,0,0,0,0,0,0,0,1,0,0,3,0,40.0016,-75.1528, , 
 ,29257,2015063999,6,67,67301,2015,5,7,2315,23,3,1,0,5,1, , ,N,0,0,0,3,0,0,5,2,N, ,39 54:25.606,75 11:11.373,2340, ,2338,1,2,3, , ,0,Y, , , , ,313887, , , ,2,2,0,0,0,0,0,0,0,0,0,0,0,0,0,0,0,0,0,0,1,0,0,0,0,0,0,0,0,0,0,0,0,0,0,0,0,39.9071,-75.1865, , 
 ,29258,2015066161,6,67,67301,2015,6,4,1240,12,1,1,0,8,1, , ,N,0,0,0,3,0,1,2,2,N,N,39 55:37.581,75 10:51.944,1246, ,1245, ,0, ,N, ,0, , , , , ,313891, , , ,1,1,0,0,0,0,0,0,0,0,0,1,1,0,1,0,0,0,0,0,0,0,0,1,0,0,0,0,0,0,0,0,1,0,0,4,0,39.9271,-75.1811, , 
 ,29259,2015066261,6,67,67301,2015,6,6,325,3,3,2,1,1,1, , ,N,0,0,0,3,0,2,2,2,N,N,39 57:16.507,75 11:37.547,326, ,325,1,2,3,N, ,0,N, , , , ,313892, , , ,2,2,0,0,0,0,0,0,0,0,0,2,2,0,0,0,0,0,0,0,0,0,0,0,0,0,0,0,0,0,0,0,0,0,0,4,0,39.9546,-75.1938, , 
 ,29260,2015054402,6,67,67301,2015,4,2,2348,23,3,1,0,4,1, , ,N,1,2,0,3,0,0,2,2,N,N,40 01:47.421,75 06:15.635,2359, ,2354, ,0, ,N, ,3, , , , , ,313934, , , ,2,2,0,0,0,0,0,0,0,0,0,0,0,0,0,0,0,0,0,0,1,0,0,0,0,0,0,0,0,0,0,0,0,0,0,0,0,40.0298,-75.1043, , 
 ,29261,2015088763,6,67,67301,2015,8,3,800,8,1,6,1,5,1, , ,N,1,2,0,3,0,0,4,4,N,N,40 07:53.956,75 00:43.926,820, ,815, ,0, ,N, ,3, , , , , ,313949, , , ,4,2,0,0,1,0,1,0,0,0,0,0,0,0,0,0,0,0,0,0,1,0,0,0,0,0,0,0,0,0,0,0,0,0,0,0,0,40.1317,-75.0122, , 
 ,29262,2015088774,6,67,67301,2015,8,1,1100,11,1,1,0,5,1, , ,N,0,0,0,3,0,0,3,2,N, ,39 57:52.415,75 13:28.188,1118, ,2317, ,0, , , ,0, , , , , ,313950, , , ,2,2,0,0,0,0,0,0,0,0,0,0,0,0,0,0,0,0,1,0,0,1,0,0,0,0,0,0,0,0,0,0,0,0,0,0,0,39.9646,-75.2245, , 
 ,29263,2015103396,6,67,67301,2015,9,3,1633,16,1,1,0,1,1, , ,N,0,0,0,3,0,1,3,2,N, ,40 02:51.936,75 03:05.665,1638, ,1634,2,1,2, , ,0,N, , , , ,313964, , , ,2,1,0,0,0,0,1,0,0,0,0,0,1,1,0,0,0,0,0,0,0,0,0,0,0,0,0,0,0,0,0,0,0,0,0,8,0,40.0478,-75.0516, , 
 ,29264,2015115046,6,67,67301,2015,10,7,1710,17,1,2,1,1,1, , ,N,1,3,0,3,0,2,4,2,N,N,39 57:06.393,75 13:28.462,1710, ,1710, ,0, ,N, ,3, , , , , ,313979, , , ,2,2,0,0,0,0,0,0,0,0,0,0,2,2,0,0,0,0,0,0,1,0,0,2,0,0,0,0,0,0,0,0,0,0,0,8,0,39.9518,-75.2246, , 
 ,29265,2015053922,6,67,67301,2015,5,7,2240,22,3,1,0,5,6, , ,N,0,0,0,3,0,1,2,3,N, ,40 04:48.852,75 02:24.193,2244, ,2241,1,1,1, , ,0,Y, , , , ,313980, , , ,2,2,0,0,0,0,0,0,0,0,0,0,1,1,0,0,0,0,0,0,0,0,0,0,0,0,0,0,0,0,0,0,1,0,0,8,0,40.0802,-75.0401, , 
 ,29266,2015059127,6,67,67301,2015,5,5,2205,22,3,1,0,4,1, , ,N,1,2,0,3,0,1,3,2,N, ,40 01:48.146,75 06:11.546,2230, ,2210, ,0, , , ,3, , , , , ,313985, , , ,2,2,0,0,0,0,0,0,0,0,0,1,1,0,0,0,0,0,0,0,1,1,0,0,0,0,0,0,0,0,0,0,0,0,0,4,0,40.03,-75.1032, , 
 ,29267,2015025024,6,67,67301,2015,2,5,1950,19,3,1,0,1,1, , ,N,0,2,0,3,0,2,2,2,N,N,40 00:35.552,75 07:17.812,2032, ,2030, ,0, ,N, ,3, , , , , ,314000, , , ,2,2,0,0,0,0,0,0,0,0,2,0,2,0,0,0,0,0,0,0,1,0,0,0,0,0,0,0,0,0,0,0,0,0,0,3,0,40.0099,-75.1216, , 
 ,29268,2015035144,6,67,67301,2015,3,2,1525,15,1,1,0,1,1, , ,N,0,0,0,3,0,1,2,2,N,N,39 57:47.942,75 10:04.707,1758, ,1752, ,0, , , ,0, , , , , ,314006, , , ,2,0,0,0,0,0,2,0,0,0,0,0,1,1,0,0,0,0,0,0,0,0,0,0,0,0,0,0,0,0,0,0,0,0,0,8,0,39.9633,-75.168, , 
 ,29269,2015045341,6,67,67301,2015,4,7,1354,13,1,1,0,4,1, , ,N,1,2,0,3,0,1,2,2,N,N,39 58:51.495,75 14:10.214,1358, ,1355, ,0, ,N, ,3, , , , , ,314016, , , ,1,0,0,0,0,0,0,1,1,0,0,0,1,1,0,0,0,0,0,0,1,0,0,0,0,0,0,0,0,0,0,0,0,0,0,8,0,39.981,-75.2362, , 
 ,29270,2015052296,6,67,67301,2015,4,2,1504,15,1,1,0,5,1, , ,N,0,0,0,3,0,1,2,2,Y, ,39 56:52.155,75 12:49.878,1508, ,1504, ,0, , , ,0, , , , , ,314023, , , ,2,0,0,1,0,0,0,0,0,0,0,1,1,0,0,0,0,0,0,0,0,0,0,0,0,0,0,0,0,0,0,0,0,0,0,4,1,39.9478,-75.2139, , 
 ,29271,2015056268,6,67,67301,2015,5,3,808,8,1,1,0,0,1, , ,N,0,0,0,3,0,1,1,2,N,N,39 52:35.045,75 15:30.681,826, ,821, ,0, ,N, ,0, , , , , ,314035, , , ,2,0,0,0,0,1,1,0,0,0,0,0,1,1,0,0,0,0,0,0,0,0,0,0,0,0,0,0,0,0,0,0,0,0,0,8,1,39.8764,-75.2585, , 
 ,29272,2015051994,6,67,67301,2015,5,1,627,6,1,1,0,4,1, , ,N,0,0,7,3,0,0,2,2,N,N,40 03:18.988,75 05:24.128,630, ,627, ,0, , , ,0, , , , , ,317018, , , ,2,1,0,0,0,0,1,0,0,0,0,0,0,0,0,0,0,0,0,0,0,0,0,0,0,0,0,0,0,0,0,0,0,0,0,0,0,40.0553,-75.09, , 
 ,29273,2015083915,6,67,67301,2015,8,1,1525,15,1,1,0,4,1, , ,N,1,2,0,3,0,2,3,2,N,N,39 58:39.716,75 09:41.201,1530, ,1525, ,0, ,N, ,3, , , , , ,317034, , , ,2,1,0,0,0,0,1,0,0,0,0,2,2,0,0,0,0,0,0,0,0,0,0,0,0,0,0,0,0,0,0,0,0,0,0,4,0,39.9777,-75.1614, , 
 ,29274,2015088803,6,67,67301,2015,8,1,323,3,3,1,0,7,4, , ,N,0,0,0,3,0,0,2,1,N,N,39 59:42.735,75 07:11.233,410, ,357, ,0, ,N, ,0, , , , , ,317039, , , ,1,0,0,0,0,0,0,1,0,0,0,0,0,0,0,0,0,0,0,0,0,0,0,0,0,0,0,0,0,0,0,0,0,0,0,0,0,39.9952,-75.1198, , 
 ,29275,2015066310,6,67,67301,2015,6,2,1741,17,1,1,0,4,1, , ,N,1,2,0,3,0,2,8,2,N,N,39 55:51.967,75 10:23.350,1746, ,1743, ,0, ,N, ,3, , , , , ,317076, , , ,2,0,0,0,0,0,2,0,0,0,0,0,2,2,6,0,0,0,0,0,0,0,0,0,0,0,0,0,0,0,0,0,0,0,0,8,0,39.9311,-75.1732, , 
 ,29276,2015075731,6,67,67301,2015,7,7,923,9,1,1,0,5,6, , ,N,0,0,0,3,0,1,1,3,N,N,40 02:01.395,75 13:34.032,927, ,924, ,0, ,N, ,0, , , , , ,317083, , , ,3,3,0,0,0,0,0,0,0,0,0,0,1,1,0,0,0,0,0,0,0,0,1,0,0,0,0,0,0,0,0,0,0,0,0,8,0,40.0337,-75.2261, , 
 ,29277,2015095333,6,67,67301,2015,8,5,1218,12,1,1,0,1,1, , ,N,0,0,0,3,0,0,2,2,N,N,39 57:27.900,75 08:55.062,1249, ,1224, ,0, ,N, ,0, , , , , ,317096, , , ,2,1,0,0,0,1,0,0,0,0,0,0,0,0,0,0,0,1,0,0,1,0,0,0,0,0,0,0,0,0,0,0,0,0,0,0,1,39.9578,-75.1486, , 
 ,29278,2015102874,6,67,67301,2015,9,1,1727,17,1,1,0,4,1, , ,N,1,2,0,3,0,1,3,2,N,N,39 58:00.292,75 12:39.920,1800, ,1757, ,0, ,N, ,3, , , , , ,317105, , , ,1,0,0,0,0,0,1,0,1,0,0,0,1,1,0,0,0,0,0,0,0,0,0,0,0,0,0,0,0,0,0,0,0,0,0,8,0,39.9667,-75.2111, , 
Y,29279,2015056653,6,67,67301,2015,5,7,515,5,3,1,0,7,1,1,2,Y,0,0,0,3,0,0,3,1,N,N,39 58:11.218,75 07:34.787,529,45,519, ,0, ,N, ,0, ,Y,N,N,N,317121,N,N,N,1,0,0,0,0,0,1,0,0,0,0,0,0,0,0,0,0,0,0,0,0,0,0,0,0,0,0,0,0,0,0,0,0,0,0,0,0,39.9698,-75.1263, , 
 ,29280,2015060716,6,67,67301,2015,5,3,841,8,1,1,0,1,1, , ,N,0,0,0,3,0,0,2,2,N,N,39 59:47.527,75 11:48.850,855, ,847,1,1,3,N, ,0,N, , , , ,317123, , , ,2,0,0,0,1,0,1,0,0,0,0,0,0,0,0,0,0,0,0,0,0,0,0,0,0,0,0,0,0,0,0,0,0,0,0,0,0,39.9965,-75.1969, , 
 ,29281,2015071469,6,67,67301,2015,6,7,415,4,3,1,0,1,1, , ,N,0,0,3,3,0,2,5,2,N,N,39 56:25.168,75 11:44.300,451, ,419,2,1,4,N, ,0,N, , , , ,317132, , , ,2,1,0,0,0,1,0,0,0,0,0,1,2,1,0,0,0,0,0,0,0,1,0,0,0,0,0,0,0,0,0,0,0,0,0,4,0,39.9403,-75.1956, , 
 ,29282,2015081123,6,67,67301,2015,7,3,9999,99,1,1,0,7,4, , ,N,0,0,0,3,0,0,2,1,N,N,40 00:18.297,75 06:33.799,1653, ,1553, ,0, , , ,0, , , , , ,317138, , , ,1,1,0,0,0,0,0,0,0,0,0,0,0,0,0,0,0,0,0,0,0,0,0,0,0,0,0,0,0,0,0,0,0,0,0,0,0,40.0051,-75.1094, , 
 ,29283,2015083337,6,67,67301,2015,8,7,105,1,3,1,0,8,1, , ,N,1,2,0,3,0,1,2,2,N,N,40 02:43.800,75 09:53.514,112, ,111, ,0, ,N, ,3, , , , , ,317140, , , ,1,0,0,0,0,0,1,0,0,0,1,0,1,0,0,0,0,0,0,0,0,1,0,0,0,0,0,0,0,0,0,0,1,0,0,3,0,40.0455,-75.1649, , 
 ,29284,2015099097,6,67,67301,2015,9,6,2020,20,3,1,0,1,1, , ,N,0,0,0,3,0,0,2,2,N,N,40 05:59.409,75 01:47.869,2022, ,2022, ,0, , , ,0, , , , , ,317154, , , ,2,1,0,0,0,0,1,0,0,0,0,0,0,0,0,0,0,0,0,0,1,0,0,1,0,0,0,0,0,0,0,0,0,0,0,0,0,40.0998,-75.03, , 
 ,29285,2015109311,6,67,67301,2015,10,5,2035,20,3,2,1,8,1, , ,N,1,3,0,3,0,1,2,2,N, ,39 56:40.178,75 08:41.715,2050, ,2045, ,0, , , ,3, , , , , ,317169, , , ,1,1,0,0,0,0,0,0,0,0,1,0,1,0,0,0,0,0,0,0,0,0,0,0,0,0,0,0,0,0,0,0,1,0,0,3,0,39.9445,-75.1449, , 
 ,29286,2015115075,6,67,67301,2015,10,5,1639,16,1,1,0,4,1, , ,N,3,0,0,3,0,1,2,2,N,N,39 59:45.110,75 11:28.893,1642, ,1640,2,2,5,N, ,0,Y, , , , ,317177, , , ,2,1,0,0,0,0,1,0,0,0,0,1,1,0,0,0,0,0,0,0,1,0,0,0,0,0,0,0,0,0,0,0,0,0,0,4,0,39.9959,-75.1914, , 
 ,29287,2015121055,6,67,67301,2015,10,7,1544,15,1,1,0,8,1, , ,N,0,0,0,3,0,1,4,2,N,N,40 01:09.228,75 08:01.500,1829, ,1829, ,0, ,N, ,0, , , , , ,317184, , , ,1,0,0,0,0,0,1,0,0,1,0,0,1,0,0,0,0,0,0,0,0,0,0,0,0,0,0,0,0,0,0,0,1,0,1,2,0,40.0192,-75.1338, , 
 ,29288,2015128619,6,67,67301,2015,11,7,1549,15,1,2,1,1,1, , ,N,0,2,7,3,0,3,3,2,N,N,40 04:26.805,75 01:00.219,1555, ,1549, ,0, , , ,3, , , , , ,317190, , , ,2,1,0,0,0,0,1,0,0,0,0,2,3,1,0,0,0,0,0,0,0,1,1,0,0,0,0,0,0,0,0,0,0,0,0,4,0,40.0741,-75.0167, , 
 ,29289,2015130280,6,67,67301,2015,11,2,738,7,1,1,0,4,1, , ,N,3,3,0,3,0,4,4,2,N, ,39 59:47.792,75 09:32.111,745, ,740,2,1,2, , ,3,N, , , , ,317192, , , ,2,2,0,0,0,0,0,0,0,0,0,0,4,4,0,0,0,0,0,0,0,1,0,1,0,0,0,0,0,0,0,0,0,0,0,8,0,39.9966,-75.1589, , 
 ,29290,2015063893,6,67,67301,2015,5,6,1658,16,1,1,0,8,1, , ,N,0,0,0,3,0,1,2,2,N,N,39 57:28.803,75 14:34.764,1707, ,1700, ,0, , , ,0, , , , , ,320201, , , ,1,0,0,0,0,0,0,0,0,0,0,1,1,0,0,0,0,0,0,0,0,0,0,0,0,0,0,0,0,0,0,0,1,0,0,4,0,39.958,-75.243, , 
 ,29291,2015081043,6,67,67301,2015,7,2,1330,13,1,1,0,1,1, , ,N,2,0,0,3,0,1,2,2,Y,N,39 58:21.227,75 07:26.378,1338, ,1335, ,0, ,N, ,0, , , , , ,320210, , , ,2,1,0,1,0,0,0,0,0,0,0,1,1,0,1,0,0,0,0,0,0,0,0,0,0,0,0,0,0,0,0,0,0,0,0,4,1,39.9726,-75.124, , 
 ,29292,2015086251,6,67,67301,2015,8,1,233,2,3,1,0,1,1, , ,N,1,0,0,3,0,1,3,3,N,N,39 55:05.839,75 12:32.264,233, ,233,3,1,4, , ,0,N, , , , ,320217, , , ,3,2,0,0,0,0,1,0,0,0,0,0,1,1,0,0,0,0,0,0,0,0,0,0,0,0,0,0,0,0,0,0,0,0,0,8,0,39.9182,-75.2088, , 
 ,29293,2015088707,6,67,67301,2015,8,7,1351,13,1,1,0,4,1, , ,N,1,2,0,3,0,3,4,2,N,N,40 03:10.832,75 03:51.486,1932, ,1431, ,0, ,N, ,3, , , , , ,320219, , , ,2,2,0,0,0,0,0,0,0,0,0,1,3,2,0,0,0,0,0,0,0,0,1,0,0,0,0,0,0,0,0,0,0,0,0,4,0,40.053,-75.0643, , 
 ,29294,2015107450,6,67,67301,2015,9,7,620,6,5,1,0,4,1, , ,N,1,2,0,3,0,0,2,2,N, ,40 01:12.877,75 06:50.707,626, ,620,2,1,1, , ,3,N, , , , ,320227, , , ,2,0,0,0,0,0,2,0,0,0,0,0,0,0,0,0,0,0,0,0,0,1,0,0,0,0,0,0,0,0,0,0,0,0,0,0,0,40.0202,-75.1141, , 
 ,29295,2015120489,6,67,67301,2015,11,2,1010,10,1,1,0,1,1, , ,N,1,2,0,3,0,1,2,2,N,N,39 57:46.426,75 12:06.810,1018, ,1016, ,0, , , ,3, , , , , ,320238, , , ,2,1,0,0,1,0,0,0,0,0,0,0,1,1,0,0,0,0,0,0,1,0,0,0,0,0,0,0,0,0,0,0,0,0,0,8,0,39.9629,-75.2019, , 
 ,29296,2015081149,6,67,67301,2015,7,2,800,8,1,1,0,8,1, , ,N,1,2,0,3,0,1,2,2,N, ,40 00:19.858,75 06:19.198,1100, ,1100, ,0, , , ,3, , , , , ,320245, , , ,1,1,0,0,0,0,0,0,0,1,0,0,1,0,0,0,0,0,0,0,0,0,0,0,0,0,0,0,0,0,0,0,1,0,1,2,0,40.0055,-75.1053, , 
 ,29297,2015084872,6,67,67301,2015,7,7,233,2,3,1,0,8,1, , ,N,0,0,0,3,0,1,2,2,N,N,40 02:47.203,74 59:37.056,256, ,254,1,2,1, , ,0,N, , , , ,320249, , , ,1,1,0,0,0,0,0,0,0,0,1,0,1,0,0,0,0,0,0,0,0,0,0,0,0,0,0,0,0,0,0,0,1,0,0,3,0,40.0464,-74.9936, , 
 ,29298,2015084000,6,67,67301,2015,8,3,1327,13,1,1,0,1,1, , ,N,0,0,0,3,0,0,4,2,N,N,39 57:30.449,75 10:02.793,1347, ,1329, ,0, ,N, ,0, , , , , ,320273, , , ,2,1,0,0,0,0,1,0,0,0,0,0,0,0,0,0,0,0,0,0,1,0,0,0,0,0,0,0,0,0,0,0,0,0,0,0,0,39.9585,-75.1674, , 
 ,29299,2015086245,6,67,67301,2015,8,4,1705,17,1,1,0,1,1, , ,N,2,2,0,3,0,3,8,4,N,N,39 57:11.353,75 14:55.491,1713, ,1700, ,0, ,N, ,3, , , , , ,320275, , , ,4,2,0,0,0,0,2,0,0,0,0,2,3,1,0,0,0,0,0,0,2,0,0,0,0,0,0,0,0,0,0,0,0,0,0,4,0,39.9532,-75.2487, , 
 ,29300,2015056560,6,67,67301,2015,5,6,1900,19,1,1,0,8,1, , ,N,0,0,0,3,0,1,2,2,N,N,39 58:21.518,75 12:17.856,1937, ,1934, ,0, ,N, ,0, , , , , ,320298, , , ,1,1,0,0,0,0,0,0,0,0,0,1,1,0,0,0,0,0,0,0,0,0,0,0,0,0,0,0,0,0,0,0,1,0,0,4,0,39.9726,-75.205, , 
 ,29301,2015086238,6,67,67301,2015,8,1,1545,15,1,1,0,4,1, , ,N,0,0,0,3,0,1,2,2,N,N,39 57:29.601,75 09:44.511,1557, ,1555, ,0, , , ,0, , , , , ,320313, , , ,1,0,1,0,0,0,0,0,1,0,0,1,1,0,0,0,0,0,0,0,0,0,0,0,0,0,0,0,0,0,0,0,0,0,0,4,0,39.9582,-75.1624, , 
 ,29302,2015088810,6,67,67301,2015,8,7,32,0,3,1,0,5,6, , ,N,0,0,0,3,0,0,1,3,N, ,40 00:13.374,75 09:40.914,114, ,100, ,0, , , ,0, , , , , ,320315, , , ,3,3,0,0,0,0,0,0,0,0,0,0,0,0,0,0,0,0,0,0,0,0,0,0,0,0,0,0,0,0,0,0,0,0,0,0,0,40.0037,-75.1614, , 
 ,29303,2015092460,6,67,67301,2015,8,2,1450,14,1,1,0,4,1, , ,N,1,3,0,3,0,0,2,3,N,N,39 58:17.961,75 11:08.293,1510, ,1505, ,0, , , ,3, , , , , ,320319, , , ,3,1,0,0,2,0,0,0,0,0,0,0,0,0,0,0,0,0,0,0,1,0,0,0,0,0,0,0,0,0,0,0,0,0,0,0,0,39.9717,-75.1856, , 
 ,29304,2015061828,6,67,67301,2015,5,4,1624,16,1,1,0,1,1, , ,N,0,0,0,3,0,1,4,3,N,N,40 04:13.013,75 14:27.950,1635, ,1624, ,0, ,N, ,0, , , , , ,320336, , , ,3,1,0,0,0,0,2,0,0,0,0,1,1,0,0,0,0,0,1,0,1,0,1,4,0,0,0,0,0,0,0,0,0,0,0,4,0,40.0703,-75.2411, , 