wz_ln_closure,objectid_1,crn,district,county,municipality,crash_year,crash_month,day_of_week,time_of_day,hour_of_day,illumination,weather,road_condition,collision_type,relation_to_road,work_zone_type,work_zone_loc,work_zone_ind,intersect_type,tcd_type,location_type,urban_rural,fatal_count,injury_count,person_count,total_units,sch_bus_ind,sch_zone_ind,latitude,longitude,arrival_tm,cons_zone_spd_lim,dispatch_tm,est_hrs_closed,lane_closed,ln_close_dir,ntfy_hiwy_maint,spec_juris_cd,tcd_func_cd,tfc_detour_ind,workers_pres,wz_close_detour,wz_flagger,wz_law_offcr_ind,objectid,wz_moving,wz_other,wz_shlder_mdn,vehicle_count,automobile_count,motorcycle_count,bus_count,small_truck_count,heavy_truck_count,suv_count,van_count,bicycle_count,maj_inj_count,mod_inj_count,min_inj_count,tot_inj_count,unk_inj_deg_count,unk_inj_per_count,driver_count_16yr,driver_count_17yr,driver_count_18yr,driver_count_19yr,driver_count_20yr,driver_count_50_64yr,driver_count_65_74yr,driver_count_75plus,unbelted_occ_count,unb_death_count,unb_maj_inj_count,belted_death_count,belted_maj_inj_count,mcycle_death_count,mcycle_maj_inj_count,bicycle_death_count,bicycle_maj_inj_count,ped_count,ped_death_count,ped_maj_inj_count,max_severity_level,comm_veh_count,dec_lat,dec_long,rdwy_surf_type_cd,county_name
 ,29305,2015069723,6,67,67301,2015,6,1,2010,20,3,1,0,4,1, , ,N,0,0,7,3,0,1,2,2,N,N,40 01:09.026,75 03:44.481,2040, ,2032, ,0, ,N, ,0, , , , , ,320343, , , ,2,1,1,0,0,0,0,0,0,0,0,1,1,0,0,0,0,0,0,0,0,0,0,0,0,0,0,0,0,0,0,0,0,0,0,4,0,40.0192,-75.0624, , 
 ,29306,2015061321,6,67,67301,2015,5,5,830,8,1,1,0,1,1, , ,N,0,0,0,3,0,1,2,2,N,N,39 57:34.250,75 10:33.399,842, ,835, ,0, ,N, ,0, , , , , ,320349, , , ,2,1,0,0,0,0,1,0,0,0,0,1,1,0,0,0,0,0,0,0,0,0,0,0,0,0,0,0,0,0,0,0,0,0,0,4,0,39.9595,-75.1761, , 
 ,29307,2015068038,6,67,67301,2015,6,4,130,1,3,1,0,7,4, , ,N,0,0,2,3,0,0,1,1,N,N,39 58:03.100,75 07:53.672,140, ,133,2,2,1,Y, ,0,Y, , , , ,320354, , , ,1,0,0,0,0,1,0,0,0,0,0,0,0,0,0,0,0,0,0,0,1,0,0,0,0,0,0,0,0,0,0,0,0,0,0,0,1,39.9675,-75.1316, , 
 ,29308,2015073348,6,67,67301,2015,6,1,303,3,3,2,1,1,1, , ,N,0,0,0,3,0,0,2,2,N,N,39 57:35.346,75 10:42.081,324, ,303,2,2,3,N, ,0,N, , , , ,320357, , , ,2,1,0,0,1,0,0,0,0,0,0,0,0,0,0,0,0,0,0,0,0,0,0,1,0,0,0,0,0,0,0,0,0,0,0,0,0,39.9598,-75.1784, , 
U,29309,2015099007,6,67,67301,2015,9,5,2048,20,2,1,8,1,1,8,8,Y,0,0,0,3,0,0,2,2,N,N,40 05:56.077,74 59:10.456,2113,99,2057,1,1,3,N, ,0,N,U,U,U,U,321760,U,U,U,2,1,0,0,0,0,0,1,0,0,0,0,0,0,0,0,0,0,0,0,1,0,0,0,0,0,0,0,0,0,0,0,0,0,0,0,0,40.0989,-74.9862, , 
 ,29310,2015115091,6,67,67301,2015,10,5,928,9,1,2,1,1,1, , ,N,0,0,3,3,0,0,2,2,N,N,39 56:34.633,75 11:48.108,947, ,945, ,0, ,N, ,0, , , , , ,321768, , , ,2,2,0,0,0,0,0,0,0,0,0,0,0,0,0,0,0,0,0,0,1,0,0,0,0,0,0,0,0,0,0,0,0,0,0,0,0,39.943,-75.1967, , 
N,29311,2015117962,6,67,67301,2015,11,2,2232,22,3,1,0,1,1,1,4,Y,0,3,0,3,0,1,2,2,N,N,39 58:16.277,75 07:26.995,2253,45,2239, ,0, ,N, ,3, ,N,N,N,N,321769,N,N,Y,2,1,0,0,0,0,1,0,0,0,0,0,1,1,0,0,0,0,0,0,0,0,0,0,0,0,0,0,0,0,0,0,0,0,0,8,0,39.9712,-75.1242, , 
 ,29312,2015128718,6,67,67301,2015,11,5,925,9,1,2,1,5,1, , ,N,0,0,0,3,0,2,4,2,N,N,40 01:10.471,75 08:03.121,950, ,944,2,1,1,N, ,0,N, , , , ,321778, , , ,2,0,0,1,1,0,0,0,0,0,0,2,2,0,0,0,0,0,0,0,1,0,0,0,0,0,0,0,0,0,0,0,0,0,0,4,1,40.0196,-75.1342, , 
 ,29313,2015051495,6,67,67301,2015,4,2,2229,22,3,1,0,4,1, , ,N,0,0,0,3,0,1,4,2,N,N,39 57:31.136,75 13:01.561,2235, ,2230, ,0, ,N, ,0, , , , , ,321789, , , ,2,1,0,0,0,0,1,0,0,0,0,0,1,1,0,0,0,0,0,0,0,0,0,0,0,0,0,0,0,0,0,0,0,0,0,8,0,39.9586,-75.2171, , 
 ,29314,2015072047,6,67,67301,2015,6,1,46,0,3,1,0,0,1, , ,N,2,2,0,3,0,0,1,1,N,N,39 59:43.479,75 09:57.472,301, ,259, ,0, ,N, ,3, , , , , ,321811, , , ,1,0,0,0,0,0,1,0,0,0,0,0,0,0,0,0,0,0,0,0,0,0,0,0,0,0,0,0,0,0,0,0,0,0,0,0,0,39.9954,-75.1659, , 
 ,29315,2015073220,6,67,67301,2015,6,3,1130,11,1,9,8,4,1, , ,N,1,3,0,3,0,1,2,2,N,N,39 57:46.080,75 09:21.211,9999, ,9999, ,0, ,N, ,3, , , , , ,321817, , , ,1,1,0,0,0,0,0,0,1,0,1,0,1,0,0,0,0,0,0,0,0,0,0,0,0,0,0,0,0,0,0,0,0,0,0,3,0,39.9628,-75.1559, , 
 ,29316,2015074401,6,67,67301,2015,7,5,2218,22,3,1,0,1,1, , ,N,0,0,0,3,0,1,3,3,N,N,39 59:10.870,75 05:30.654,2239, ,2221,1,2,1,N, ,0,N, , , , ,321819, , , ,3,2,0,0,0,0,1,0,0,0,0,0,1,1,0,0,0,0,0,0,1,0,0,0,0,0,0,0,0,0,0,0,0,0,0,8,0,39.9864,-75.0918, , 
 ,29317,2015081027,6,67,67301,2015,7,5,1210,12,1,1,0,4,1, , ,N,0,0,0,3,0,1,2,2,N,N,39 59:30.310,75 07:19.319,1220, ,1215, ,0, ,N, ,0, , , , , ,321822, , , ,1,1,0,0,0,0,0,0,1,0,0,1,1,0,0,0,0,0,0,0,0,0,0,0,0,0,0,0,0,0,0,0,0,0,0,4,0,39.9918,-75.122, , 
 ,29318,2015082379,6,67,67301,2015,8,6,112,1,3,2,1,7,3, , ,N,0,0,2,3,0,0,2,1,N,N,39 57:20.075,75 08:53.536,112, ,112, ,0, ,N, ,0, , , , , ,321824, , , ,1,1,0,0,0,0,0,0,0,0,0,0,0,0,0,0,0,0,0,0,0,0,0,0,0,0,0,0,0,0,0,0,0,0,0,0,0,39.9556,-75.1482, , 
 ,29319,2015083425,6,67,67301,2015,7,1,1735,17,1,1,0,8,1, , ,N,2,3,0,3,0,1,2,2,N,N,40 01:12.525,75 06:46.605,1750, ,1739, ,0, ,N, ,3, , , , , ,321825, , , ,1,1,0,0,0,0,0,0,0,0,0,1,1,0,0,0,0,0,0,0,0,0,0,0,0,0,0,0,0,0,0,0,1,0,0,4,0,40.0201,-75.1129, , 
 ,29320,2015083440,6,67,67301,2015,7,2,2137,21,3,1,0,4,1, , ,N,2,0,0,3,0,1,2,4,N, ,39 55:14.678,75 09:25.415,2145, ,2139, ,0, , , ,0, , , , , ,321826, , , ,4,2,0,0,0,0,2,0,0,0,0,1,1,0,0,0,0,0,0,0,0,0,0,0,0,0,0,0,0,0,0,0,0,0,0,4,0,39.9207,-75.1571, , 
 ,29321,2015096330,6,67,67301,2015,9,7,2121,21,3,1,0,1,1, , ,N,0,0,0,3,0,3,8,3,N,N,39 56:37.433,75 08:33.682,2138, ,2121,1,2,1,N, ,0,N, , , , ,321832, , , ,3,1,0,0,0,0,2,0,0,0,0,3,3,0,0,0,0,0,0,0,1,0,0,1,0,0,0,0,0,0,0,0,0,0,0,4,0,39.9437,-75.1427, , 
 ,29322,2015047605,6,67,67301,2015,4,4,1138,11,1,1,0,4,1, , ,N,1,2,0,3,0,1,2,2,N,N,39 57:21.570,75 13:03.535,1140, ,1138, ,0, ,N, ,3, , , , , ,321837, , , ,1,1,0,0,0,0,0,0,1,0,0,0,1,1,0,0,0,0,0,0,0,0,0,0,0,0,0,0,0,0,0,0,0,0,0,8,0,39.956,-75.2176, , 
 ,29323,2015102864,6,67,67301,2015,9,5,1715,17,1,1,0,8,1, , ,N,0,0,0,3,0,1,2,2,N,N,40 00:54.629,75 11:10.319,1725, ,1725,1,1,1, , ,0,Y, , , , ,321867, , , ,1,1,0,0,0,0,0,0,0,0,0,0,1,1,0,0,0,0,0,0,0,0,0,0,0,0,0,0,0,0,0,0,1,0,0,8,0,40.0152,-75.1862, , 
 ,29324,2015049045,6,67,67301,2015,4,6,330,3,3,1,0,2,6, , ,N,0,0,0,3,0,0,1,3,N,N,40 02:14.138,75 08:12.110,704, ,703, ,0, ,N, ,0, , , , , ,321873, , , ,3,1,0,0,0,0,1,1,0,0,0,0,0,0,1,0,0,0,0,0,0,0,0,0,0,0,0,0,0,0,0,0,0,0,0,9,0,40.0373,-75.1367, , 
 ,29325,2015051924,6,67,67301,2015,4,1,1858,18,1,1,0,1,6, , ,N,0,0,0,3,0,0,1,2,N,N,40 04:59.628,74 58:10.041,1905, ,1859, ,0, ,N, ,0, , , , , ,321874, , , ,2,2,0,0,0,0,0,0,0,0,0,0,0,0,0,0,0,0,0,0,1,0,0,0,0,0,0,0,0,0,0,0,0,0,0,0,0,40.0832,-74.9695, , 
 ,29326,2015062738,6,67,67301,2015,5,2,1215,12,1,1,0,8,1, , ,N,1,2,0,3,0,1,2,2,N, ,39 59:18.582,75 09:38.617,1255, ,1253, ,0, , , ,3, , , , , ,321893, , , ,1,0,0,0,1,0,0,0,0,0,1,0,1,0,1,0,0,0,0,0,1,0,0,0,0,0,0,0,0,0,0,0,1,0,0,3,0,39.9885,-75.1607, , 
 ,29327,2015088783,6,67,67301,2015,8,4,504,5,3,1,0,6,6, , ,N,0,0,0,3,0,1,1,2,N,N,39 55:26.907,75 14:10.496,508, ,505, ,0, ,N, ,0, , , , , ,314041, , , ,2,0,0,0,0,0,1,1,0,0,0,1,1,0,0,0,0,0,0,0,0,0,0,0,0,0,0,0,0,0,0,0,0,0,0,4,0,39.9241,-75.2362, , 
 ,29328,2015103443,6,67,67301,2015,9,5,759,7,1,1,0,4,1, , ,N,1,2,0,3,0,1,3,2,N,N,40 05:57.025,74 59:12.918,805, ,800,2,1,2,N, ,3,Y, , , , ,314056, , , ,2,1,0,0,0,0,1,0,0,0,0,1,1,0,0,0,0,0,0,0,1,0,0,0,0,0,0,0,0,0,0,0,0,0,0,4,0,40.0992,-74.9869, , 
 ,29329,2015109314,6,67,67301,2015,10,6,1810,18,3,2,1,8,1, , ,N,1,2,0,3,0,1,2,2,N,N,39 57:38.428,75 08:28.873,2000, ,1953, ,0, ,N, ,3, , , , , ,314060, , , ,1,1,0,0,0,0,0,0,0,0,0,1,1,0,0,0,0,0,0,0,0,0,0,0,0,0,0,0,0,0,0,0,1,0,0,4,0,39.9606,-75.1414, , 
 ,29330,2015121080,6,67,67301,2015,10,5,720,7,1,1,1,4,1, , ,N,1,2,0,3,0,0,3,2,N, ,40 02:49.576,75 00:17.362,727, ,725, ,0, , , ,3, , , , , ,314070, , , ,2,1,0,0,0,0,1,0,0,0,0,0,0,0,1,0,0,0,0,0,0,0,0,0,0,0,0,0,0,0,0,0,0,0,0,9,0,40.0471,-75.0048, , 
 ,29331,2015073696,6,67,67301,2015,6,7,2021,20,3,2,1,4,1, , ,N,0,0,7,3,0,1,3,2,N,N,40 02:34.477,75 06:15.543,2023, ,2022,2,2,2, , ,0,N, , , , ,314087, , , ,2,2,0,0,0,0,0,0,0,0,0,1,1,0,0,0,0,0,0,0,0,0,0,0,0,0,0,0,0,0,0,0,0,0,0,4,0,40.0429,-75.1043, , 
 ,29332,2015093513,6,67,67301,2015,8,4,1218,12,1,1,0,1,1, , ,N,0,0,0,3,0,1,2,2,N,N,39 58:37.708,75 11:56.411,1231, ,1226, ,0, ,N, ,0, , , , , ,314105, , , ,2,1,0,0,0,0,1,0,0,0,0,1,1,0,0,0,0,0,0,0,0,1,0,0,0,0,0,0,0,0,0,0,0,0,0,4,0,39.9771,-75.199, , 
 ,29333,2015112175,6,67,67301,2015,10,7,1600,16,1,1,0,4,1, , ,N,1,2,0,3,0,0,2,2,N, ,40 04:51.077,75 01:43.585,1600, ,1600, ,0, , , ,3, , , , , ,314118, , , ,2,2,0,0,0,0,0,0,0,0,0,0,0,0,0,0,0,0,0,0,2,0,0,0,0,0,0,0,0,0,0,0,0,0,0,0,0,40.0809,-75.0288, , 
 ,29334,2015078668,6,67,67301,2015,7,5,1925,19,1,1,0,4,1, , ,N,2,0,0,3,0,3,6,2,N,N,40 00:56.204,75 08:59.480,1955, ,1946,2,2,6,N, ,0,N, , , , ,314136, , , ,2,0,0,0,0,0,1,0,0,0,0,3,3,0,0,0,0,0,0,0,0,0,0,0,0,0,0,0,0,0,0,0,0,0,0,4,0,40.0156,-75.1498, , 
 ,29335,2015081079,6,67,67301,2015,7,7,1705,17,1,1,0,4,1, , ,N,1,2,0,3,0,0,3,2,N,N,39 56:30.552,75 09:57.032,1813, ,1800, ,0, ,N, ,3, , , , , ,314138, , , ,2,2,0,0,0,0,0,0,0,0,0,0,0,0,1,0,0,0,0,0,0,0,0,0,0,0,0,0,0,0,0,0,0,0,0,9,0,39.9418,-75.1658, , 
 ,29336,2015083334,6,67,67301,2015,7,6,630,6,1,1,0,5,6, , ,N,0,0,0,3,0,4,5,2,N,N,39 58:24.267,75 12:36.723,927, ,920, ,0, ,N, ,0, , , , , ,314143, , , ,2,0,0,0,1,0,0,1,0,0,0,0,4,4,1,0,0,0,0,0,0,0,0,0,0,0,0,0,0,0,0,0,0,0,0,8,0,39.9734,-75.2102, , 
 ,29337,2015083388,6,67,67301,2015,7,7,2100,21,3,1,0,5,6, , ,N,0,0,0,3,0,0,5,3,N,N,39 57:14.076,75 12:03.011,2103, ,2102,2,2,4,N, ,0,Y, , , , ,314144, , , ,3,1,0,0,0,0,2,0,0,0,0,0,0,0,2,0,1,0,0,0,0,0,0,0,0,0,0,0,0,0,0,0,0,0,0,9,0,39.9539,-75.2008, , 
 ,29338,2015092933,6,67,67301,2015,8,4,2030,20,4,1,0,4,1, , ,N,2,3,0,3,0,1,2,2,N, ,40 01:47.283,75 07:40.180,2251, ,2226, ,0, , , ,3, , , , , ,314151, , , ,1,1,0,0,0,0,0,0,1,1,0,0,1,0,0,0,0,0,0,0,0,0,0,0,0,0,0,0,0,0,0,1,0,0,0,2,0,40.0298,-75.1278, , 
 ,29339,2015102872,6,67,67301,2015,9,3,1140,11,1,1,0,4,1, , ,N,1,2,0,3,0,0,2,2,N, ,40 07:24.878,75 00:55.666,1250, ,1246, ,0, , , ,3, , , , , ,314160, , , ,2,0,0,0,0,0,1,1,0,0,0,0,0,0,0,0,0,0,0,0,1,0,0,0,0,0,0,0,0,0,0,0,0,0,0,0,0,40.1235,-75.0154, , 
 ,29340,2015103369,6,67,67301,2015,9,4,2005,20,3,1,0,4,1, , ,N,2,2,7,3,0,0,4,2,N,N,40 03:09.105,75 13:37.712,2010, ,2003, ,0, ,N, ,3, , , , , ,314161, , , ,2,1,0,0,0,0,1,0,0,0,0,0,0,0,0,0,0,0,0,0,0,0,0,0,0,0,0,0,0,0,0,0,0,0,0,0,0,40.0528,-75.2276, , 
 ,29341,2015106188,6,67,67301,2015,10,5,444,4,3,1,0,7,4, , ,N,0,0,0,3,0,0,1,1,N,N,40 00:28.237,75 04:18.785,444, ,444, ,0, ,N, ,0, , , , , ,314215, , , ,1,0,0,0,1,0,0,0,0,0,0,0,0,0,0,0,0,0,0,0,0,0,0,0,0,0,0,0,0,0,0,0,0,0,0,0,0,40.0078,-75.0719, , 
 ,29342,2015069669,6,67,67301,2015,6,1,2212,22,2,1,0,6,6, , ,N,0,0,0,3,0,0,1,3,N,N,39 58:39.806,75 14:26.365,2321, ,2212, ,0, ,N, ,0, , , , , ,314232, , , ,3,1,0,0,1,0,1,0,0,0,0,0,0,0,1,0,0,0,0,0,0,0,0,0,0,0,0,0,0,0,0,0,0,0,0,9,0,39.9777,-75.2407, , 
 ,29343,2015070112,6,67,67301,2015,5,1,10,0,3,1,0,1,1, , ,N,1,2,0,3,0,4,5,2,N,N,39 53:50.506,75 15:07.793,43, ,40, ,0, ,N, ,3, , , , , ,314233, , , ,2,1,0,0,1,0,0,0,0,0,0,0,4,4,1,0,0,0,0,0,0,0,0,0,0,0,0,0,0,0,0,0,0,0,0,8,0,39.8974,-75.2522, , 
 ,29344,2015078277,6,67,67301,2015,7,7,130,1,3,1,0,4,1, , ,N,2,2,2,3,0,3,3,2,N,N,39 53:01.171,75 15:05.812,212, ,209,1,1,6,N, ,3,N, , , , ,314237, , , ,2,1,0,0,0,0,1,0,0,0,0,0,3,3,0,0,0,0,0,0,0,1,0,0,0,0,0,0,0,0,0,0,0,0,0,8,0,39.8836,-75.2515, , 
 ,29345,2015083977,6,67,67301,2015,7,6,825,8,1,1,0,7,2, , ,N,0,0,0,3,0,0,1,1,N,N,40 00:35.108,75 03:51.890,854, ,848, ,0, ,N, ,0, , , , , ,314244, , , ,1,0,0,0,1,0,0,0,0,0,0,0,0,0,0,0,0,0,0,0,0,0,0,0,0,0,0,0,0,0,0,0,0,0,0,0,0,40.0098,-75.0644, , 
 ,29346,2015133749,6,67,67301,2015,11,7,2305,23,3,1,0,4,1, , ,N,1,2,0,3,0,0,4,2,N,N,40 06:00.676,75 01:18.249,2310, ,2305,1,1,3, , ,3,N, , , , ,317197, , , ,2,1,0,0,0,0,1,0,0,0,0,0,0,0,0,0,0,0,1,0,0,0,0,1,0,0,0,0,0,0,0,0,0,0,0,0,0,40.1002,-75.0217, , 
Y,29347,2015074962,6,67,67301,2015,6,6,2357,23,3,1,0,1,1,1,1,Y,0,0,0,3,0,2,4,3,N,N,39 58:47.913,75 06:22.501,10,45,6,1,1,2, , ,0,N,Y,N,N,N,317216,N,N,N,3,2,0,0,1,0,0,0,0,0,1,1,2,0,0,0,0,0,0,0,1,0,0,1,0,0,0,0,0,0,0,0,0,0,0,3,0,39.98,-75.1063, , 
 ,29348,2015084042,6,67,67301,2015,8,6,955,9,1,1,0,1,1, , ,N,0,0,0,3,0,0,2,2,N,N,40 00:26.239,75 12:01.749,1005, ,955, ,0, ,N, ,0, , , , , ,317232, , , ,2,1,0,0,0,0,0,1,0,0,0,0,0,0,0,0,0,0,0,0,0,0,0,0,0,0,0,0,0,0,0,0,0,0,0,0,0,40.0073,-75.2005, , 
 ,29349,2015085322,6,67,67301,2015,8,2,1120,11,1,1,0,8,5, , ,N,1,2,0,3,0,1,3,2,N, ,40 02:08.080,75 07:25.889,1120, ,1120, ,0, , , ,3, , , , , ,317235, , , ,1,1,0,0,0,0,0,0,0,0,0,1,1,0,2,0,0,0,0,0,0,0,0,0,0,0,0,0,0,0,0,0,1,0,0,4,0,40.0356,-75.1239, , 
 ,29350,2015093007,6,67,67301,2015,8,7,927,9,1,1,0,5,6, , ,N,0,0,0,3,0,0,1,2,N,N,40 01:58.083,75 12:44.713,928, ,927, ,0, ,N, ,0, , , , , ,317241, , , ,2,1,0,0,0,0,1,0,0,0,0,0,0,0,0,0,0,0,0,0,0,1,0,0,0,0,0,0,0,0,0,0,0,0,0,0,0,40.0328,-75.2124, , 
 ,29351,2015077840,6,67,67301,2015,7,4,1940,19,1,1,0,6,1, , ,N,0,0,0,3,0,1,3,3,N,N,40 01:40.594,75 11:26.488,1950, ,1945,1,1,5,N, ,0,N, , , , ,317282, , , ,3,3,0,0,0,0,0,0,0,0,0,1,1,0,0,0,0,0,0,0,1,0,0,0,0,0,0,0,0,0,0,0,0,0,0,4,0,40.0279,-75.1907, , 
 ,29352,2015080499,6,67,67301,2015,7,2,1733,17,1,1,0,1,1, , ,N,0,0,0,3,0,2,2,2,N,N,39 56:31.102,75 11:38.858,1733, ,1733,1,1,3,N, ,0,N, , , , ,317284, , , ,2,1,0,0,0,0,0,1,0,0,0,1,2,1,0,0,0,0,0,0,1,0,0,0,0,0,0,0,0,0,0,0,0,0,0,4,0,39.942,-75.1941, , 
 ,29353,2015085298,6,67,67301,2015,8,3,1129,11,1,2,1,4,1, , ,N,1,2,1,3,0,1,4,2,N, ,39 55:40.490,75 11:14.888,1129, ,1129, ,0, ,N, ,3, , , , , ,317291, , , ,2,1,0,0,0,0,0,1,0,0,0,0,1,1,0,0,0,0,0,0,0,0,0,0,0,0,0,0,0,0,0,0,0,0,0,8,0,39.9279,-75.1875, , 
 ,29354,2015095168,6,67,67301,2015,9,5,1350,13,1,1,0,4,1, , ,N,1,2,0,3,0,1,2,2,N,N,40 03:31.910,75 05:05.947,1355, ,1352,1,1,2, , ,3,Y, , , , ,317301, , , ,2,0,0,0,0,0,2,0,0,0,0,1,1,0,0,0,0,0,0,0,0,0,0,0,0,0,0,0,0,0,0,0,0,0,0,4,0,40.0589,-75.085, , 
 ,29355,2015095775,6,67,67301,2015,8,1,1639,16,1,1,0,1,1, , ,N,0,0,0,3,0,0,5,3,N,N,40 02:01.930,75 04:29.725,1655, ,1640,1,1,1,N, ,0,N, , , , ,317302, , , ,3,1,0,0,0,0,1,1,0,0,0,0,0,0,0,0,0,1,0,0,1,0,0,0,0,0,0,0,0,0,0,0,0,0,0,0,0,40.0339,-75.0749, , 
 ,29356,2015063991,6,67,67301,2015,5,2,1200,12,1,2,1,5,1, , ,N,0,0,0,3,0,1,2,2,N, ,39 55:25.815,75 14:44.153,1215, ,1208, ,0, , , ,0, , , , , ,317311, , , ,2,1,0,0,0,0,1,0,0,0,0,1,1,0,0,0,0,0,0,0,1,0,0,0,0,0,0,0,0,0,0,0,0,0,0,4,0,39.9238,-75.2456, , 
 ,29357,2015084020,6,67,67301,2015,8,1,238,2,3,1,0,1,1, , ,N,0,0,2,3,0,5,5,3,N,N,40 00:23.705,75 11:36.993,252, ,248,1,1,2,N, ,0,N, , , , ,317333, , , ,2,2,0,0,0,0,0,0,0,0,0,5,5,0,0,0,0,0,0,0,0,0,0,0,0,0,0,0,0,0,0,0,0,0,0,4,0,40.0066,-75.1936, , 
 ,29358,2015085336,6,67,67301,2015,8,3,1645,16,1,1,0,5,6, , ,N,0,0,0,3,0,1,1,3,N, ,39 59:24.226,75 07:16.726,1650, ,1648, ,0, , , ,0, , , , , ,317335, , , ,3,2,0,0,0,0,1,0,0,0,0,1,1,0,0,0,0,0,0,0,0,0,0,0,0,0,0,0,0,0,0,0,0,0,0,4,0,39.9901,-75.1213, , 
 ,29359,2015107958,6,67,67301,2015,9,4,9999,99,6,1,0,4,1, , ,N,1,2,0,3,0,1,2,2,N,N,39 58:49.670,75 13:41.343,110, ,1253,9,1,1,N, ,3,N, , , , ,317351, , , ,2,1,1,0,0,0,0,0,0,0,0,1,1,0,1,0,0,0,0,0,0,0,0,0,0,0,0,0,0,0,0,0,0,0,0,4,0,39.9805,-75.2282, , 
 ,29360,2015069674,6,67,67301,2015,6,5,714,7,1,1,0,4,1, , ,N,0,0,7,3,0,0,2,2,N,N,40 03:06.221,75 13:30.750,9999, ,716, ,0, ,N, ,0, , , , , ,317356, , , ,2,1,0,0,0,0,1,0,0,0,0,0,0,0,0,0,0,0,0,0,1,0,0,0,0,0,0,0,0,0,0,0,0,0,0,0,0,40.0517,-75.2252, , 
 ,29361,2015072858,6,67,67301,2015,6,7,1203,12,1,1,0,1,1, , ,N,1,2,0,3,0,3,6,2,N,Y,40 01:36.505,75 05:50.523,1207, ,1203,1,1,2, , ,3,Y, , , , ,317364, , , ,2,2,0,0,0,0,0,0,0,0,0,3,3,0,0,0,0,0,0,0,0,0,0,4,0,0,0,0,0,0,0,0,0,0,0,4,0,40.0268,-75.0974, , 
 ,29362,2015075830,6,67,67301,2015,6,5,9999,99,3,1,0,4,1, , ,N,1,3,0,3,0,1,2,2,N,N,39 59:55.124,75 07:49.168,9999, ,9999, ,0, , , ,3, , , , , ,317368, , , ,2,2,0,0,0,0,0,0,0,0,0,0,1,1,0,0,0,0,0,1,1,0,0,1,0,0,0,0,0,0,0,0,0,0,0,8,0,39.9986,-75.1303, , 
 ,29363,2015108093,6,67,67301,2015,10,3,932,9,1,1,0,7,2, , ,N,0,0,0,3,0,0,1,1,N,N,39 54:31.411,75 08:57.921,937, ,932, ,0, ,N, ,0, , , , , ,317396, , , ,1,1,0,0,0,0,0,0,0,0,0,0,0,0,0,0,0,0,0,0,0,0,0,0,0,0,0,0,0,0,0,0,0,0,0,0,0,39.9087,-75.1494, , 
 ,29364,2015079383,6,67,67301,2015,7,4,1645,16,1,1,0,1,1, , ,N,0,0,0,3,0,1,4,2,N,N,39 57:01.485,75 08:28.205,1720, ,1720, ,0, ,N, ,0, , , , , ,320361, , , ,2,0,1,0,0,0,0,1,0,0,0,1,1,0,2,0,0,0,0,0,0,0,0,0,0,0,0,0,0,0,0,0,0,0,0,4,0,39.9504,-75.1412, , 
 ,29365,2015085255,6,67,67301,2015,8,6,0,0,3,2,1,4,1, , ,N,1,3,0,3,0,1,5,4,N, ,39 55:53.086,75 09:22.669,10, ,10, ,0, , , ,3, , , , , ,320366, , , ,4,1,0,0,0,0,3,0,0,0,0,0,1,1,0,0,0,0,0,0,0,0,0,2,0,0,0,0,0,0,0,0,0,0,0,8,0,39.9314,-75.1563, , 
 ,29366,2015103393,6,67,67301,2015,9,2,535,5,2,1,0,1,1, , ,N,0,0,0,3,0,2,2,2,N,N,39 53:52.032,75 12:42.086,547, ,541, ,0, ,N, ,0, , , , , ,320386, , , ,2,1,0,0,1,0,0,0,0,0,0,2,2,0,0,0,0,0,0,0,1,0,0,0,0,0,0,0,0,0,0,0,0,0,0,4,0,39.8978,-75.2117, , 
 ,29367,2015061765,6,67,67301,2015,5,1,1500,15,1,1,0,4,1, , ,N,3,0,0,3,0,2,2,2,N,N,40 01:38.989,75 07:39.341,1504, ,1501, ,0, , , ,0, , , , , ,320395, , , ,2,0,0,0,0,0,2,0,0,0,0,2,2,0,0,0,0,0,1,0,0,0,0,0,0,0,0,0,0,0,0,0,0,0,0,4,0,40.0275,-75.1276, , 
 ,29368,2015021901,6,67,67301,2015,2,6,1845,18,3,1,0,7,4, , ,N,1,2,0,3,0,3,3,2,N,N,39 59:44.224,75 10:03.233,1853, ,853, ,0, ,N, ,3, , , , , ,320399, , , ,1,1,0,0,0,0,0,0,0,0,0,3,3,0,0,0,0,0,0,0,0,0,0,0,0,0,0,0,0,0,0,0,0,0,0,4,0,39.9956,-75.1675, , 
 ,29369,2015034158,6,67,67301,2015,3,3,1120,11,1,1,0,1,1, , ,N,2,2,0,3,0,1,2,2,N,N,40 03:44.577,75 02:33.887,1129, ,1129,1,1,1,N, ,3,N, , , , ,320414, , , ,2,2,0,0,0,0,0,0,0,0,0,1,1,0,0,0,0,0,0,0,0,0,0,0,0,0,0,0,0,0,0,0,0,0,0,4,0,40.0624,-75.0427, , 
 ,29370,2015040862,6,67,67301,2015,3,3,906,9,1,1,0,8,6, , ,N,0,0,1,3,0,1,2,2,N,N,39 57:08.968,75 09:11.847,910, ,906, ,0, ,N, ,0, , , , , ,320420, , , ,1,0,0,0,0,0,1,0,0,0,0,1,1,0,0,0,0,0,0,0,0,0,0,0,0,0,0,0,0,0,0,0,1,0,0,4,0,39.9525,-75.1533, , 
 ,29371,2015070667,6,67,67301,2015,6,2,2100,21,3,1,0,1,1, , ,N,1,2,0,3,0,1,2,2,N, ,39 59:53.714,75 07:38.470,1415, ,1415, ,0, , , ,3, , , , , ,320442, , , ,2,2,0,0,0,0,0,0,0,0,0,0,1,1,1,0,0,0,0,0,0,0,0,0,0,0,0,0,0,0,0,0,0,0,0,8,0,39.9983,-75.1274, , 