wz_ln_closure,objectid_1,crn,district,county,municipality,crash_year,crash_month,day_of_week,time_of_day,hour_of_day,illumination,weather,road_condition,collision_type,relation_to_road,work_zone_type,work_zone_loc,work_zone_ind,intersect_type,tcd_type,location_type,urban_rural,fatal_count,injury_count,person_count,total_units,sch_bus_ind,sch_zone_ind,latitude,longitude,arrival_tm,cons_zone_spd_lim,dispatch_tm,est_hrs_closed,lane_closed,ln_close_dir,ntfy_hiwy_maint,spec_juris_cd,tcd_func_cd,tfc_detour_ind,workers_pres,wz_close_detour,wz_flagger,wz_law_offcr_ind,objectid,wz_moving,wz_other,wz_shlder_mdn,vehicle_count,automobile_count,motorcycle_count,bus_count,small_truck_count,heavy_truck_count,suv_count,van_count,bicycle_count,maj_inj_count,mod_inj_count,min_inj_count,tot_inj_count,unk_inj_deg_count,unk_inj_per_count,driver_count_16yr,driver_count_17yr,driver_count_18yr,driver_count_19yr,driver_count_20yr,driver_count_50_64yr,driver_count_65_74yr,driver_count_75plus,unbelted_occ_count,unb_death_count,unb_maj_inj_count,belted_death_count,belted_maj_inj_count,mcycle_death_count,mcycle_maj_inj_count,bicycle_death_count,bicycle_maj_inj_count,ped_count,ped_death_count,ped_maj_inj_count,max_severity_level,comm_veh_count,dec_lat,dec_long,rdwy_surf_type_cd,county_name
 ,29438,2015056497,6,67,67301,2015,5,3,2030,20,3,1,0,4,1, , ,N,1,3,0,3,0,3,5,2,N, ,40 03:08.206,75 09:05.993,2302, ,2302, ,0, , , ,3, , , , , ,320541, , , ,2,2,0,0,0,0,0,0,0,0,0,0,3,3,1,0,0,0,0,0,1,0,0,0,0,0,0,0,0,0,0,0,0,0,0,8,0,40.0523,-75.1516, , 
 ,29439,2015061889,6,67,67301,2015,5,7,1540,15,1,1,0,5,1, , ,N,0,0,0,3,0,1,2,2,N, ,39 56:57.719,75 13:01.113,1604, ,1602, ,0, , , ,0, , , , , ,320546, , , ,2,1,0,0,0,0,1,0,0,0,1,0,1,0,0,0,0,0,0,0,0,0,0,0,0,0,0,0,0,0,0,0,0,0,0,3,0,39.9494,-75.217, , 
 ,29440,2015065473,6,67,67301,2015,5,5,1850,18,1,1,0,7,5, , ,N,2,0,0,3,0,1,1,1,N, ,40 03:13.188,75 00:12.792,1900, ,1856, ,0, , , ,0, , , , , ,320548, , , ,1,1,0,0,0,0,0,0,0,0,0,1,1,0,0,0,0,0,0,0,0,0,1,0,0,0,0,0,0,0,0,0,0,0,0,4,0,40.0537,-75.0036, , 
 ,29441,2015072897,6,67,67301,2015,6,3,847,8,1,1,0,1,1, , ,N,0,0,0,3,0,0,2,2,N,N,40 00:27.693,75 04:18.789,901, ,852,2,2,1,N, ,0,Y, , , , ,320561, , , ,2,1,0,0,0,0,1,0,0,0,0,0,0,0,0,0,0,0,0,0,0,0,0,0,0,0,0,0,0,0,0,0,0,0,0,0,0,40.0077,-75.0719, , 
 ,29442,2015077656,6,67,67301,2015,7,2,1248,12,1,1,0,0,1, , ,N,0,0,0,3,0,0,2,2,N,N,39 53:55.888,75 10:13.809,1307, ,1254, ,0, ,N, ,0, , , , , ,320566, , , ,2,2,0,0,0,0,0,0,0,0,0,0,0,0,0,0,0,0,0,0,0,0,0,0,0,0,0,0,0,0,0,0,0,0,0,0,0,39.8989,-75.1705, , 
 ,29443,2015082836,6,67,67301,2015,7,7,232,2,3,1,0,5,1, , ,N,0,0,0,3,0,1,4,3,N,N,39 56:07.233,75 11:59.531,232, ,232,2,2,3,N, ,0,N, , , , ,320570, , , ,3,1,0,0,1,0,0,1,0,0,0,0,1,1,0,0,0,0,0,0,0,0,0,0,0,0,0,0,0,0,0,0,0,0,0,8,0,39.9353,-75.1999, , 
 ,29444,2015083427,6,67,67301,2015,7,7,2334,23,3,1,0,4,1, , ,N,1,2,0,3,0,2,4,2,N, ,40 01:24.977,75 03:23.118,2355, ,2334,3,1,3, , ,3,Y, , , , ,320572, , , ,2,1,0,0,0,0,1,0,0,1,1,0,2,0,0,0,0,0,0,1,0,1,0,0,0,0,0,0,0,0,0,0,0,0,0,2,0,40.0236,-75.0564, , 
 ,29445,2015049969,6,67,67301,2015,5,6,2128,21,3,1,0,1,1, , ,N,0,2,0,3,0,3,7,3,N,N,39 58:50.744,75 09:26.901,2131, ,2129,2,1,5,N, ,3,N, , , , ,320579, , , ,3,3,0,0,0,0,0,0,0,0,0,0,3,3,0,0,0,0,0,0,0,0,0,0,0,0,0,0,0,0,0,0,0,0,0,8,0,39.9808,-75.1575, , 
 ,29446,2015056496,6,67,67301,2015,5,4,923,9,1,1,0,2,1, , ,N,0,0,0,3,0,1,2,2,N, ,40 02:08.832,75 06:49.561,935, ,928, ,0, , , ,0, , , , , ,320585, , , ,2,1,0,0,0,0,1,0,0,0,1,0,1,0,0,0,0,0,0,0,0,0,0,1,0,0,0,0,0,0,0,0,0,0,0,3,0,40.0358,-75.1138, , 
 ,29447,2015091067,6,67,67301,2015,8,4,1110,11,1,1,0,4,1, , ,N,0,0,7,3,0,1,2,2,N,N,39 56:20.675,75 11:49.321,1125, ,1120, ,0, , , ,0, , , , , ,320609, , , ,1,0,0,0,0,0,1,0,1,0,0,1,1,0,0,0,0,0,0,0,0,0,0,0,0,0,0,0,0,0,0,0,0,0,0,4,0,39.9391,-75.197, , 
 ,29448,2015069703,6,67,67301,2015,6,2,2230,22,3,1,0,7,5, , ,N,0,0,0,3,0,0,1,1,N,N,39 57:12.453,75 09:50.502,2311, ,2308, ,0, ,N, ,0, , , , , ,320642, , , ,1,1,0,0,0,0,0,0,0,0,0,0,0,0,1,0,0,0,0,0,0,0,0,0,0,0,0,0,0,0,0,0,0,0,0,9,0,39.9535,-75.164, , 
 ,29449,2015070109,6,67,67301,2015,6,3,1705,17,1,1,0,4,1, , ,N,1,3,0,3,0,1,2,2,N,N,39 55:28.394,75 10:50.476,1708, ,1705, ,0, ,N, ,3, , , , , ,320643, , , ,2,2,0,0,0,0,0,0,0,0,0,0,1,1,0,0,0,0,0,0,0,0,0,0,0,0,0,0,0,0,0,0,0,0,0,8,0,39.9246,-75.1807, , 
 ,29450,2015078227,6,67,67301,2015,7,7,8,0,3,1,0,7,4, , ,N,0,0,0,3,0,0,1,1,N,N,39 58:44.199,75 12:05.782,11, ,9, ,0, , , ,0, , , , , ,320650, , , ,1,0,0,0,0,0,1,0,0,0,0,0,0,0,0,0,0,0,0,0,0,0,0,0,0,0,0,0,0,0,0,0,0,0,0,0,0,39.9789,-75.2016, , 
 ,29451,2015083625,6,67,67301,2015,7,4,1814,18,1,1,0,1,1, , ,N,0,0,0,3,0,1,4,3,N,N,39 52:41.804,75 15:03.776,1819, ,1814, ,0, ,N, ,0, , , , , ,320655, , , ,3,2,0,0,0,0,0,1,0,0,0,0,1,1,0,0,0,0,0,0,1,0,0,0,0,0,0,0,0,0,0,0,0,0,0,8,0,39.8783,-75.251, , 
 ,29452,2015087914,6,67,67301,2015,8,6,200,2,3,1,0,5,6, , ,N,0,0,0,3,0,0,1,4,N, ,39 54:41.158,75 14:22.866,217, ,215, ,0, , , ,0, , , , , ,320658, , , ,4,2,0,0,0,0,2,0,0,0,0,0,0,0,1,0,0,0,0,0,0,0,0,0,0,0,0,0,0,0,0,0,0,0,0,9,0,39.9114,-75.2397, , 
 ,29453,2015096357,6,67,67301,2015,9,1,1723,17,1,1,0,7,2, , ,N,0,0,2,3,0,1,1,1,N,N,39 54:37.853,75 08:58.447,1732, ,1731,2,2,1,N, ,0,N, , , , ,320668, , , ,1,0,1,0,0,0,0,0,0,0,1,0,1,0,0,0,0,0,0,0,0,0,0,0,0,0,0,0,0,0,0,0,0,0,0,3,0,39.9105,-75.1496, , 
 ,29454,2015099029,6,67,67301,2015,9,6,1335,13,1,1,0,1,1, , ,N,2,2,0,3,0,2,3,2,N,N,40 01:08.216,75 08:49.391,1350, ,1340, ,0, ,N, ,3, , , , , ,320673, , , ,2,2,0,0,0,0,0,0,0,0,2,0,2,0,0,0,0,0,0,0,1,0,0,0,0,0,0,0,0,0,0,0,0,0,0,3,0,40.0189,-75.1471, , 
 ,29455,2015081841,6,67,67301,2015,7,5,1126,11,1,1,0,1,1, , ,N,1,2,0,3,0,1,3,2,N,N,40 00:09.326,75 13:25.112,1127, ,1126, ,0, ,N, ,3, , , , , ,320705, , , ,2,1,0,0,0,1,0,0,0,0,0,1,1,0,0,0,0,0,0,0,0,0,0,1,0,0,0,0,0,0,0,0,0,0,0,4,1,40.0025,-75.2236, , 
 ,29456,2015042714,6,67,67301,2015,3,1,311,3,3,8,5,5,6, , ,N,0,0,0,3,0,0,2,5,N,N,39 58:20.245,75 14:54.338,311, ,311, ,0, , , ,0, , , , , ,322296, , , ,5,4,0,0,0,0,0,1,0,0,0,0,0,0,0,0,0,0,0,0,0,0,0,0,0,0,0,0,0,0,0,0,0,0,0,0,0,39.9723,-75.2484, , 
 ,29457,2015056534,6,67,67301,2015,5,5,717,7,1,1,0,4,1, , ,N,1,2,0,3,0,1,2,2,N,N,40 01:36.580,75 05:52.985,727, ,722, ,0, , , ,3, , , , , ,322307, , , ,1,1,0,0,0,0,0,0,1,0,0,1,1,0,0,0,0,0,0,0,0,0,0,0,0,0,0,0,0,0,0,0,0,0,0,4,0,40.0268,-75.0981, , 
 ,29458,2015061714,6,67,67301,2015,5,3,130,1,3,1,0,5,1, , ,N,0,0,0,3,0,1,3,2,N,N,39 58:39.538,75 12:04.385,142, ,135, ,0, ,N, ,0, , , , , ,322321, , , ,2,1,0,0,0,0,0,1,0,0,1,0,1,0,0,0,0,0,0,0,0,0,0,0,0,0,0,0,0,0,0,0,0,0,0,3,0,39.9776,-75.2012, , 
 ,29459,2015063907,6,67,67301,2015,6,3,2058,20,3,2,1,4,1, , ,N,0,0,7,3,0,1,3,2,N,N,40 00:10.455,75 07:27.671,2108, ,2059, ,0, ,N, ,0, , , , , ,322324, , , ,2,0,1,0,0,0,1,0,0,1,0,0,1,0,0,0,1,0,0,0,0,0,0,0,0,0,0,0,0,1,0,0,0,0,0,2,0,40.0029,-75.1244, , 
 ,29460,2015084427,6,67,67301,2015,7,2,1336,13,1,1,0,4,1, , ,N,1,2,0,3,0,0,2,2,N,N,40 00:25.981,75 07:24.378,1337, ,1337,1,1,6,N, ,3,N, , , , ,322351, , , ,2,1,0,0,0,0,1,0,0,0,0,0,0,0,0,0,0,0,0,0,0,1,0,0,0,0,0,0,0,0,0,0,0,0,0,0,0,40.0072,-75.1234, , 
 ,29461,2015095322,6,67,67301,2015,8,3,521,5,3,2,1,5,1, , ,N,0,4,0,3,0,0,2,2,N,N,39 57:35.148,75 10:51.278,530, ,529,1,1,4,N, ,3,N, , , , ,322364, , , ,2,2,0,0,0,0,0,0,0,0,0,0,0,0,1,0,0,0,0,0,0,0,0,0,0,0,0,0,0,0,0,0,0,0,0,9,0,39.9598,-75.1809, , 
 ,29462,2015066187,6,67,67301,2015,6,6,1739,17,1,1,0,4,1, , ,N,1,3,0,3,0,1,2,2,N,N,39 58:16.694,75 12:49.942,1744, ,1740,2,1,7, , ,3,N, , , , ,322371, , , ,2,1,0,0,0,0,0,0,0,0,0,1,1,0,0,0,0,0,0,0,1,0,0,0,0,0,0,0,0,0,0,0,0,0,0,4,0,39.9713,-75.2139, , 
 ,29463,2015092955,6,67,67301,2015,8,7,1950,19,3,1,0,4,1, , ,N,1,2,0,3,0,1,2,2,N,N,39 55:18.821,75 10:13.026,2000, ,1953, ,0, , , ,3, , , , , ,322389, , , ,2,1,1,0,0,0,0,0,0,0,0,1,1,0,0,0,0,0,0,0,1,0,0,0,0,0,0,0,0,0,0,0,0,0,0,4,0,39.9219,-75.1702, , 
 ,29464,2015109235,6,67,67301,2015,10,5,820,8,1,1,0,1,1, , ,N,0,0,0,3,0,1,3,2,N, ,40 02:03.626,75 07:26.453,823, ,822,9,1,2, , ,0,N, , , , ,322404, , , ,2,1,0,0,1,0,0,0,0,0,0,0,1,1,0,0,0,1,0,0,0,0,0,1,0,0,0,0,0,0,0,0,0,0,0,8,0,40.0343,-75.124, , 
 ,29465,2015115023,6,67,67301,2015,10,2,1530,15,1,1,0,5,6, , ,N,0,0,0,3,0,0,1,4,N,N,39 58:30.259,75 15:54.388,1635, ,1620,3,1,2,N, ,0,Y, , , , ,322409, , , ,4,2,0,0,0,0,2,0,0,0,0,0,0,0,0,0,0,1,0,0,0,0,0,0,0,0,0,0,0,0,0,0,0,0,0,0,0,39.9751,-75.2651, , 
 ,29466,2015061778,6,67,67301,2015,5,1,1330,13,1,1,0,4,1, , ,N,1,3,0,3,0,2,2,4,N,N,40 01:07.510,75 08:21.911,1345, ,1335, ,0, ,N, ,3, , , , , ,322413, , , ,4,0,0,0,1,0,3,0,0,0,1,1,2,0,0,0,0,0,0,0,1,0,0,0,0,0,0,0,0,0,0,0,0,0,0,3,0,40.0188,-75.1394, , 
 ,29467,2015064004,6,67,67301,2015,5,4,1705,17,1,1,0,4,1, , ,N,2,0,0,3,0,1,2,2,N,N,40 00:59.152,75 12:38.052,1720, ,1715, ,0, ,N, ,0, , , , , ,322416, , , ,2,0,0,0,1,0,1,0,0,0,0,1,1,0,0,0,0,0,0,0,1,0,0,0,0,0,0,0,0,0,0,0,0,0,0,4,0,40.0164,-75.2106, , 
 ,29468,2015066333,6,67,67301,2015,6,7,323,3,3,1,0,1,1, , ,N,2,2,0,3,0,3,3,2,N,N,39 58:30.814,75 15:42.693,335, ,329, ,0, , , ,3, , , , , ,322417, , , ,2,1,0,0,0,0,1,0,0,2,0,1,3,0,0,0,0,0,0,0,1,0,0,0,0,0,0,2,0,0,0,0,0,0,0,2,0,39.9752,-75.2619, , 
 ,29469,2015066181,6,67,67301,2015,6,7,1115,11,1,1,0,8,1, , ,N,1,2,0,3,0,1,2,2,N, ,40 02:39.682,75 04:21.458,1120, ,1118, ,0, , , ,3, , , , , ,322424, , , ,1,0,0,0,0,0,1,0,0,0,0,1,1,0,0,0,0,0,0,0,0,1,0,0,0,0,0,0,0,0,0,0,1,0,0,4,0,40.0444,-75.0726, , 
 ,29470,2015070064,6,67,67301,2015,6,1,250,2,3,1,0,1,1, , ,N,2,2,0,3,0,1,2,2,N,N,39 59:38.856,75 14:29.980,250, ,250, ,0, ,N, ,3, , , , , ,322428, , , ,2,2,0,0,0,0,0,0,0,0,0,0,1,1,0,0,0,0,0,0,0,0,0,0,0,0,0,0,0,0,0,0,0,0,0,8,0,39.994,-75.2416, , 
 ,29471,2015070644,6,67,67301,2015,6,4,1100,11,1,1,0,1,1, , ,N,0,0,0,3,0,1,2,2,N,N,39 56:36.711,75 10:13.461,1105, ,1103, ,0, ,N, ,0, , , , , ,322429, , , ,2,0,0,0,0,0,2,0,0,0,0,1,1,0,0,0,0,0,0,0,0,0,0,2,0,0,0,0,0,0,0,0,0,0,0,4,0,39.9435,-75.1704, , 
 ,29472,2015078223,6,67,67301,2015,7,1,2340,23,3,1,0,1,1, , ,N,1,2,0,3,0,1,4,5,N, ,40 04:07.204,75 09:50.796,2358, ,2354,2,1,1, , ,3,N, , , , ,322440, , , ,5,3,0,0,1,0,1,0,0,0,0,1,1,0,0,0,0,0,0,0,2,0,0,0,0,0,0,0,0,0,0,0,0,0,0,4,0,40.0687,-75.1641, , 
 ,29473,2015081059,6,67,67301,2015,7,4,835,8,1,1,0,8,1, , ,N,1,3,0,3,0,1,2,2,N, ,40 01:44.450,75 08:02.954,837, ,836, ,0, , , ,3, , , , , ,322443, , , ,1,1,0,0,0,0,0,0,0,0,0,0,1,1,0,0,0,0,0,0,0,0,0,0,0,0,0,0,0,0,0,0,1,0,0,8,0,40.029,-75.1342, , 
 ,29474,2015083431,6,67,67301,2015,7,5,1734,17,1,2,1,1,1, , ,N,0,0,3,3,0,1,3,3,N, ,39 53:51.861,75 12:41.760,1752, ,1734,1,1,3, , ,0,N, , , , ,314535, , , ,3,2,0,0,1,0,0,0,0,0,0,1,1,0,0,0,0,0,0,0,1,0,0,0,0,0,0,0,0,0,0,0,0,0,0,4,0,39.8977,-75.2116, , 
 ,29475,2015092474,6,67,67301,2015,8,5,1035,10,1,1,0,6,6, , ,N,0,0,0,3,0,1,1,3,N,N,40 05:07.785,75 01:58.818,1047, ,1042,2,1,4, , ,0,N, , , , ,314540, , , ,3,3,0,0,0,0,0,0,0,0,0,0,1,1,0,0,0,0,0,0,0,0,1,0,0,0,0,0,0,0,0,0,0,0,0,8,0,40.0855,-75.033, , 
 ,29476,2015095194,6,67,67301,2015,8,5,2022,20,3,1,0,8,1, , ,N,0,0,0,3,0,1,2,2,N,N,39 57:14.076,75 12:03.011,2023, ,2022,1,1,4,N, ,0,Y, , , , ,314544, , , ,1,1,0,0,0,0,0,0,0,0,0,0,1,1,0,0,0,0,0,0,0,0,1,1,0,0,0,0,0,0,0,0,1,0,0,8,0,39.9539,-75.2008, , 
 ,29477,2015079382,6,67,67301,2015,7,3,2003,20,1,1,0,7,3, , ,N,0,0,0,3,0,1,2,2,N,N,40 00:37.419,75 03:47.682,2020, ,2003,1,1,2,N, ,0,N, , , , ,314577, , , ,2,2,0,0,0,0,0,0,0,0,0,0,1,1,0,0,0,0,0,0,0,0,0,0,0,0,0,0,0,0,0,0,0,0,0,8,0,40.0104,-75.0632, , 
 ,29478,2015085314,6,67,67301,2015,8,6,1330,13,1,1,0,8,1, , ,N,2,3,0,3,0,1,2,2,N, ,40 03:43.930,75 03:00.316,1140, ,1132, ,0, , , ,3, , , , , ,314580, , , ,1,1,0,0,0,0,0,0,0,0,1,0,1,0,0,0,0,0,0,0,0,0,0,0,0,0,0,0,0,0,0,0,1,0,0,3,0,40.0622,-75.0501, , 
 ,29479,2015092064,6,67,67301,2015,8,7,2059,20,3,1,0,4,1, , ,N,2,0,0,3,0,2,5,2,N, ,40 03:18.305,75 05:24.806,2101, ,2101, ,0, , , ,0, , , , , ,314587, , , ,2,2,0,0,0,0,0,0,0,0,0,2,2,0,0,0,0,0,0,0,0,0,0,0,0,0,0,0,0,0,0,0,0,0,0,4,0,40.0551,-75.0902, , 
 ,29480,2015095803,6,67,67301,2015,8,1,1420,14,1,1,0,4,1, , ,N,1,2,0,3,0,2,7,2,N,N,40 01:40.909,75 10:20.975,1423, ,1420, ,0, ,N, ,3, , , , , ,314590, , , ,2,2,0,0,0,0,0,0,0,0,0,2,2,0,0,0,0,0,0,0,0,0,0,0,0,0,0,0,0,0,0,0,0,0,0,4,0,40.028,-75.1725, , 
 ,29481,2015098972,6,67,67301,2015,9,2,1549,15,1,1,0,4,1, , ,N,1,2,0,3,0,2,5,2,N,N,40 06:50.926,74 59:15.880,1605, ,1530,1,1,6,N, ,3,N, , , , ,314591, , , ,2,1,0,0,0,0,0,1,0,0,0,0,2,2,0,0,0,0,0,0,0,0,0,0,0,0,0,0,0,0,0,0,0,0,0,8,0,40.1143,-74.9879, , 
 ,29482,2015070686,6,67,67301,2015,6,1,915,9,1,1,0,4,1, , ,N,0,2,7,3,0,1,3,2,N, ,40 05:19.875,74 58:09.971,930, ,925, ,0, , , ,3, , , , , ,314618, , , ,2,2,0,0,0,0,0,0,0,0,1,0,1,0,0,0,0,0,0,0,0,0,0,0,0,0,0,0,0,0,0,0,0,0,0,3,0,40.0889,-74.9694, , 
 ,29483,2015078681,6,67,67301,2015,7,5,855,8,1,1,0,4,1, , ,N,1,2,0,3,0,0,2,2,N,N,40 02:50.173,75 10:03.883,900, ,857, ,0, , , ,3, , , , , ,314622, , , ,2,1,0,0,0,0,1,0,0,0,0,0,0,0,0,0,0,0,0,0,2,0,0,0,0,0,0,0,0,0,0,0,0,0,0,0,0,40.0473,-75.1677, , 
 ,29484,2015081093,6,67,67301,2015,7,5,1950,19,3,1,0,7,4, , ,N,0,0,0,3,0,1,1,1,N, ,40 02:47.508,75 09:49.834,2100, ,2100, ,0, , , ,0, , , , , ,314625, , , ,1,1,0,0,0,0,0,0,0,0,0,1,1,0,0,0,0,0,0,0,0,0,0,0,0,0,0,0,0,0,0,0,0,0,0,4,0,40.0465,-75.1638, , 
 ,29485,2015083981,6,67,67301,2015,7,6,1650,16,1,1,0,1,1, , ,N,0,0,0,3,0,1,2,2,N,N,39 56:07.971,75 11:59.022,1700, ,1653,2,1,4,N, ,0,N, , , , ,314626, , , ,2,2,0,0,0,0,0,0,0,0,0,1,1,0,0,0,0,0,0,0,0,0,0,0,0,0,0,0,0,0,0,0,0,0,0,4,0,39.9355,-75.1997, , 
 ,29486,2015085261,6,67,67301,2015,8,5,2230,22,3,2,1,4,1, , ,N,1,3,0,3,0,1,2,2,N, ,39 58:20.366,75 09:07.934,2255, ,2250, ,0, , , ,3, , , , , ,314627, , , ,1,1,0,0,0,0,0,0,1,0,0,1,1,0,0,0,0,0,0,0,1,0,0,0,0,0,0,0,0,0,0,0,0,0,0,4,0,39.9723,-75.1522, , 
 ,29487,2015110332,6,67,67301,2015,10,3,1455,14,1,1,0,4,1, , ,N,0,0,7,3,0,3,3,2,N, ,39 59:15.713,75 12:14.923,1459, ,1455,2,1,5, , ,0,Y, , , , ,314689, , , ,2,1,1,0,0,0,0,0,0,0,1,0,3,2,0,0,0,0,0,0,0,0,1,0,0,0,0,0,0,0,0,0,0,0,0,3,0,39.9877,-75.2041, , 
 ,29488,2015061935,6,67,67301,2015,5,3,1940,19,1,1,0,4,1, , ,N,1,1,0,3,0,2,2,2,N,N,40 03:49.709,75 10:22.442,1950, ,1942, ,0, ,N, ,3, , , , , ,314716, , , ,2,0,0,0,0,0,1,1,0,0,0,0,2,2,0,0,0,0,0,0,0,0,0,0,0,0,0,0,0,0,0,0,0,0,0,8,0,40.0638,-75.1729, , 
 ,29489,2015084393,6,67,67301,2015,8,7,2155,21,3,1,0,4,1, , ,N,1,2,0,3,0,2,4,2,N,N,40 01:23.484,75 07:27.893,2315, ,2315, ,0, , , ,3, , , , , ,314740, , , ,2,2,0,0,0,0,0,0,0,0,0,0,2,2,1,0,0,0,0,1,1,0,0,0,0,0,0,0,0,0,0,0,0,0,0,8,0,40.0232,-75.1244, , 
 ,29490,2015086976,6,67,67301,2015,3,6,1550,15,1,4,3,1,1, , ,N,0,0,0,3,0,1,4,3,N,N,39 57:48.209,75 11:13.836,0, ,0, ,0, ,N, ,0, , , , , ,314743, , , ,3,1,0,0,0,0,0,0,0,0,0,0,1,1,0,0,0,0,0,0,1,0,0,0,0,0,0,0,0,0,0,0,0,0,0,8,0,39.9634,-75.1872, , 
 ,29491,2015049024,6,67,67301,2015,4,2,1132,11,1,2,1,1,1, , ,N,0,0,7,3,0,1,2,2,N, ,40 00:41.774,75 06:32.529,1142, ,1136, ,0, , , ,0, , , , , ,314757, , , ,2,0,0,0,1,0,1,0,0,0,0,0,1,1,0,0,0,0,0,0,1,1,0,0,0,0,0,0,0,0,0,0,0,0,0,8,0,40.0116,-75.109, , 
 ,29492,2015085269,6,67,67301,2015,8,3,2220,22,3,1,0,4,1, , ,N,1,3,0,3,0,1,2,2,N,N,39 55:24.272,75 09:09.287,2254, ,2254, ,0, ,N, ,3, , , , , ,317565, , , ,2,1,0,0,0,0,1,0,0,0,0,1,1,0,0,0,0,0,0,0,0,0,0,0,0,0,0,0,0,0,0,0,0,0,0,4,0,39.9234,-75.1526, , 
 ,29493,2015088698,6,67,67301,2015,8,4,1230,12,1,1,0,4,1, , ,N,1,3,0,3,0,3,4,2,N,N,40 02:19.640,75 07:25.924,1259, ,1258, ,0, ,N, ,3, , , , , ,317569, , , ,2,1,0,0,0,0,0,0,0,0,0,0,3,3,1,0,0,0,0,0,0,0,0,0,0,0,0,0,0,0,0,0,0,0,0,8,0,40.0388,-75.1239, , 
 ,29494,2015103279,6,67,67301,2015,9,2,215,2,3,1,0,8,1, , ,N,0,0,0,3,0,1,2,2,N, ,39 57:31.195,75 08:15.451,225, ,217,3,2,1, , ,0,Y, , , , ,317588, , , ,1,0,0,0,0,0,1,0,0,1,0,0,1,0,0,0,0,0,0,0,0,0,0,0,0,0,0,0,0,0,0,0,1,0,1,2,0,39.9587,-75.1376, , 
 ,29495,2015109205,6,67,67301,2015,10,1,754,7,1,1,0,3,6, , ,N,0,0,0,3,0,0,1,2,N,N,39 54:55.836,75 14:17.408,800, ,754, ,0, ,N, ,0, , , , , ,317591, , , ,2,1,0,0,1,0,0,0,0,0,0,0,0,0,1,0,0,0,0,0,0,0,0,0,0,0,0,0,0,0,0,0,0,0,0,9,0,39.9155,-75.2382, , 
 ,29496,2015109341,6,67,67301,2015,10,1,536,5,3,1,0,1,6, , ,N,0,0,0,3,0,2,2,2,N,N,40 03:12.196,75 01:51.902,545, ,536, ,0, ,N, ,0, , , , , ,317592, , , ,2,0,0,0,1,0,1,0,0,0,0,2,2,0,0,0,0,0,0,0,0,0,0,1,0,0,0,0,0,0,0,0,0,0,0,4,0,40.0534,-75.0311, , 
 ,29497,2015080668,6,67,67301,2015,7,4,1158,11,1,2,1,8,1, , ,N,1,3,0,3,0,1,3,3,N,N,39 55:32.941,75 10:15.985,1211, ,1206, ,0, ,N, ,3, , , , , ,317603, , , ,1,1,0,0,0,0,0,0,0,0,1,0,1,0,1,0,0,0,0,0,0,0,0,0,0,0,0,0,0,0,0,0,2,0,0,3,0,39.9258,-75.1711, , 
 ,29498,2015088690,6,67,67301,2015,8,5,125,1,3,1,0,1,1, , ,N,2,2,2,3,0,0,2,2,N,N,40 01:34.860,75 01:39.976,145, ,135, ,0, , , ,3, , , , , ,317609, , , ,2,1,0,0,0,0,1,0,0,0,0,0,0,0,0,0,0,0,0,0,1,0,0,1,0,0,0,0,0,0,0,0,0,0,0,0,0,40.0264,-75.0278, , 
 ,29499,2015091119,6,67,67301,2015,8,3,1655,16,1,1,0,4,1, , ,N,5,2,3,3,0,1,2,2,N,N,40 01:54.428,75 05:07.226,1720, ,1700,1,1,2,N, ,3,N, , , , ,317612, , , ,2,2,0,0,0,0,0,0,0,0,0,1,1,0,0,0,0,0,0,0,1,0,1,0,0,0,0,0,0,0,0,0,0,0,0,4,0,40.0318,-75.0853, , 
 ,29500,2015108076,6,67,67301,2015,9,2,2320,23,3,1,0,1,1, , ,N,0,0,0,3,0,4,5,2,N,N,39 58:21.992,75 11:37.050,2331, ,2325,3,2,4,N, ,0,Y, , , , ,317626, , , ,2,1,0,0,0,1,0,0,0,0,0,4,4,0,0,0,0,1,0,0,0,0,0,0,0,0,0,0,0,0,0,0,0,0,0,4,1,39.9728,-75.1936, , 
 ,29501,2015062739,6,67,67301,2015,5,6,1857,18,1,1,0,8,1, , ,N,1,2,0,3,0,1,2,2,N,N,39 59:39.677,75 09:28.125,1907, ,1857, ,0, ,N, ,3, , , , , ,317646, , , ,1,0,0,0,0,0,1,0,0,0,0,1,1,0,0,0,0,0,0,0,0,0,0,0,0,0,0,0,0,0,0,0,1,0,0,4,0,39.9943,-75.1577, , 
 ,29502,2015066171,6,67,67301,2015,6,1,2341,23,3,2,1,4,1, , ,N,1,2,0,3,0,2,3,2,N, ,40 01:13.862,75 03:13.412,2345, ,2342, ,0, , , ,3, , , , , ,317653, , , ,2,2,0,0,0,0,0,0,0,0,0,2,2,0,0,0,0,0,0,0,0,0,0,0,0,0,0,0,0,0,0,0,0,0,0,4,0,40.0205,-75.0537, , 
 ,29503,2015069682,6,67,67301,2015,5,7,1522,15,1,1,0,4,1, , ,N,1,3,0,3,0,0,2,2,N,N,39 59:47.936,75 09:45.932,1522, ,1522, ,0, ,N, ,3, , , , , ,317658, , , ,2,1,0,0,0,0,1,0,0,0,0,0,0,0,0,0,0,0,0,0,0,0,0,0,0,0,0,0,0,0,0,0,0,0,0,0,0,39.9966,-75.1628, , 
 ,29504,2015070594,6,67,67301,2015,6,7,1500,15,1,1,0,4,1, , ,N,1,0,0,3,0,1,3,2,N, ,39 54:53.952,75 09:24.089,1541, ,1534, ,0, , , ,0, , , , , ,317659, , , ,2,0,0,1,0,0,0,1,0,0,0,1,1,0,0,0,0,0,0,0,1,0,0,0,0,0,0,0,0,0,0,0,0,0,0,4,1,39.9149,-75.1566, , 