wz_ln_closure,objectid_1,crn,district,county,municipality,crash_year,crash_month,day_of_week,time_of_day,hour_of_day,illumination,weather,road_condition,collision_type,relation_to_road,work_zone_type,work_zone_loc,work_zone_ind,intersect_type,tcd_type,location_type,urban_rural,fatal_count,injury_count,person_count,total_units,sch_bus_ind,sch_zone_ind,latitude,longitude,arrival_tm,cons_zone_spd_lim,dispatch_tm,est_hrs_closed,lane_closed,ln_close_dir,ntfy_hiwy_maint,spec_juris_cd,tcd_func_cd,tfc_detour_ind,workers_pres,wz_close_detour,wz_flagger,wz_law_offcr_ind,objectid,wz_moving,wz_other,wz_shlder_mdn,vehicle_count,automobile_count,motorcycle_count,bus_count,small_truck_count,heavy_truck_count,suv_count,van_count,bicycle_count,maj_inj_count,mod_inj_count,min_inj_count,tot_inj_count,unk_inj_deg_count,unk_inj_per_count,driver_count_16yr,driver_count_17yr,driver_count_18yr,driver_count_19yr,driver_count_20yr,driver_count_50_64yr,driver_count_65_74yr,driver_count_75plus,unbelted_occ_count,unb_death_count,unb_maj_inj_count,belted_death_count,belted_maj_inj_count,mcycle_death_count,mcycle_maj_inj_count,bicycle_death_count,bicycle_maj_inj_count,ped_count,ped_death_count,ped_maj_inj_count,max_severity_level,comm_veh_count,dec_lat,dec_long,rdwy_surf_type_cd,county_name
 ,29571,2015077654,6,67,67301,2015,7,4,233,2,3,2,1,7,2, , ,N,7,0,2,3,3,1,4,1,N,N,39 58:55.872,75 12:27.010,244, ,235,2,2,4, ,0,0,Y, , , , ,317807, , , ,1,1,0,0,0,0,0,0,0,1,0,0,1,0,0,0,0,0,0,0,0,0,0,1,0,1,3,0,0,0,0,0,0,0,0,1,0,39.9866,-75.2079,1, 
 ,29572,2015082844,6,67,67301,2015,7,4,1129,11,1,1,0,1,1, , ,N,0,0,0,3,0,1,3,2,N,N,39 58:02.819,75 11:21.153,1157, ,1149, ,0, ,N, ,0, , , , , ,317810, , , ,2,1,0,0,0,0,0,0,0,0,0,1,1,0,2,0,0,0,0,0,0,1,0,0,0,0,0,0,0,0,0,0,0,0,0,4,0,39.9674,-75.1892, , 
 ,29573,2015103440,6,67,67301,2015,9,7,25,0,2,1,0,4,1, , ,N,2,2,0,3,0,2,3,2,N,N,39 56:39.012,75 08:31.072,31, ,29,3,2,2,N, ,3,Y, , , , ,317829, , , ,2,1,0,0,0,0,1,0,0,1,1,0,2,0,0,0,0,0,0,0,0,0,0,0,0,0,0,0,0,0,0,0,0,0,0,2,0,39.9442,-75.142, , 
 ,29574,2015054571,6,67,67301,2015,5,1,1031,10,1,1,0,1,1, , ,N,3,0,0,3,0,1,7,2,N,N,39 57:41.049,75 10:57.066,1142, ,1031, ,0, ,N, ,0, , , , , ,317837, , , ,2,0,0,0,0,0,2,0,0,0,0,1,1,0,0,0,0,0,0,0,0,0,0,0,0,0,0,0,0,0,0,0,0,0,0,4,0,39.9614,-75.1825, , 
 ,29575,2015067281,6,67,67301,2015,6,1,318,3,3,2,1,7,7, , ,N,0,0,0,3,0,0,1,1,N,N,39 53:32.654,75 14:08.827,328, ,321, ,0, ,N, ,0, , , , , ,317848, , , ,1,1,0,0,0,0,0,0,0,0,0,0,0,0,0,0,0,1,0,0,0,0,0,0,0,0,0,0,0,0,0,0,0,0,0,0,0,39.8924,-75.2358, , 
 ,29576,2015075728,6,67,67301,2015,7,2,2217,22,3,1,0,4,1, , ,N,2,0,0,3,0,3,4,2,N,N,39 58:30.893,75 10:05.720,2222, ,2220, ,0, ,N, ,0, , , , , ,317854, , , ,2,1,0,0,0,0,1,0,0,0,0,0,3,3,0,0,0,0,0,0,1,0,0,0,0,0,0,0,0,0,0,0,0,0,0,8,0,39.9753,-75.1683, , 
 ,29577,2015078660,6,67,67301,2015,7,3,2328,23,3,1,0,5,6, , ,N,0,0,0,3,0,0,1,4,N, ,40 01:41.833,75 13:30.754,2351, ,2345,2,1,6, , ,0,N, , , , ,317856, , , ,4,4,0,0,0,0,0,0,0,0,0,0,0,0,0,0,0,0,0,0,0,0,0,0,0,0,0,0,0,0,0,0,0,0,0,0,0,40.0283,-75.2252, , 
 ,29578,2015091043,6,67,67301,2015,8,7,1800,18,1,1,0,1,1, , ,N,1,2,0,3,0,1,3,3,N, ,40 00:33.133,75 09:02.943,1800, ,1800, ,0, , , ,3, , , , , ,317865, , , ,3,1,0,0,0,0,1,1,0,0,0,0,1,1,0,0,0,0,0,0,0,1,0,0,0,0,0,0,0,0,0,0,0,0,0,8,0,40.0092,-75.1508, , 
 ,29579,2015096125,6,67,67301,2015,9,4,9999,99,1,1,0,4,1, , ,N,1,3,0,3,0,2,3,2,N, ,40 03:05.086,75 07:27.616,9999, ,9999, ,0, , , ,3, , , , , ,317873, , , ,2,1,0,0,0,0,1,0,0,0,0,2,2,0,0,0,0,0,0,0,1,0,0,0,0,0,0,0,0,0,0,0,0,0,0,4,0,40.0514,-75.1243, , 
N,29580,2015096334,6,67,67301,2015,9,3,1850,18,4,1,0,7,7,1,4,Y,0,0,0,3,0,1,1,1,N,N,39 58:02.705,75 07:55.879,2004,45,1955, ,0, ,N, ,0, ,Y,N,N,N,317874,Y,N,Y,1,0,1,0,0,0,0,0,0,0,0,1,1,0,0,0,0,0,0,0,0,0,0,0,0,0,0,0,0,0,0,0,0,0,0,4,0,39.9674,-75.1322, , 
 ,29581,2015078224,6,67,67301,2015,7,6,825,8,1,1,0,4,1, , ,N,1,2,0,3,0,1,2,2,N, ,39 57:02.545,75 10:08.180,835, ,830, ,0, , , ,3, , , , , ,317902, , , ,1,0,0,0,0,1,0,0,1,0,0,0,1,1,0,0,0,0,0,0,0,0,0,0,0,0,0,0,0,0,0,0,0,0,0,8,1,39.9507,-75.1689, , 
 ,29582,2015121008,6,67,67301,2015,10,7,20,0,3,1,0,4,1, , ,N,1,3,0,3,0,2,2,2,N,N,39 57:18.652,75 13:33.142,138, ,138, ,0, ,N, ,3, , , , , ,353112, , , ,2,1,0,0,0,0,0,1,0,0,0,1,2,1,0,0,0,0,0,0,2,0,0,0,0,0,0,0,0,0,0,0,0,0,0,4,0,39.9552,-75.2259, , 
 ,29583,2015121064,6,67,67301,2015,10,5,1800,18,2,1,0,1,1, , ,N,0,0,0,3,0,1,2,2,N, ,39 55:20.089,75 09:11.481,1905, ,1900, ,0, , , ,0, , , , , ,353113, , , ,1,0,0,0,0,0,0,0,1,0,0,1,1,0,1,0,0,0,0,0,0,0,0,0,0,0,0,0,0,0,0,0,0,0,0,4,0,39.9222,-75.1532, , 
 ,29584,2015095791,6,67,67301,2015,9,1,135,1,3,1,0,1,6, , ,N,0,0,0,3,0,1,1,5,N,N,40 02:39.602,75 10:21.730,140, ,137, ,0, ,N, ,0, , , , , ,353126, , , ,5,4,0,0,0,0,1,0,0,0,0,0,1,1,0,0,0,0,0,0,0,0,0,0,0,0,0,0,0,0,0,0,0,0,0,8,0,40.0443,-75.1727, , 
 ,29585,2015103370,6,67,67301,2015,9,6,2037,20,3,1,0,8,1, , ,N,2,2,0,3,0,1,2,2,N,N,40 02:55.898,75 00:44.231,2037, ,2037, ,0, ,N, ,3, , , , , ,353134, , , ,1,1,0,0,0,0,0,0,0,0,0,0,1,1,0,0,0,0,0,0,0,0,0,0,0,0,0,0,0,0,0,0,1,0,0,8,0,40.0489,-75.0123, , 
 ,29586,2015105145,6,67,67301,2015,9,7,1630,16,1,1,0,7,4, , ,N,0,0,0,3,0,0,1,1,N,N,39 58:58.753,75 10:31.202,1650, ,1645, ,0, ,N, ,0, , , , , ,353136, , , ,1,1,0,0,0,0,0,0,0,0,0,0,0,0,0,0,0,0,0,0,0,0,0,0,0,0,0,0,0,0,0,0,0,0,0,0,0,39.983,-75.1753, , 
 ,29587,2015066342,6,67,67301,2015,6,2,1529,15,1,1,0,4,1, , ,N,1,2,0,3,0,3,3,2,N,N,40 03:28.059,75 00:31.473,1533, ,1533,2,2,1, , ,3,Y, , , , ,353159, , , ,2,1,1,0,0,0,0,0,0,0,0,0,3,3,0,0,0,0,0,0,0,1,0,0,0,0,0,0,0,0,0,0,0,0,0,8,0,40.0578,-75.0087, , 
 ,29588,2015085790,6,67,67301,2015,2,6,2130,21,3,8,1,1,1, , ,N,0,0,7,3,0,1,3,2,N,N,40 00:13.793,75 10:50.924,0, ,0, ,0, ,N, ,0, , , , , ,353179, , , ,2,1,0,0,0,0,1,0,0,0,1,0,1,0,0,0,0,0,0,0,1,0,0,0,0,0,0,0,0,0,0,0,0,0,0,3,0,40.0038,-75.1808, , 
 ,29589,2015092454,6,67,67301,2015,8,4,9999,99,3,1,0,4,1, , ,N,1,2,0,3,0,1,2,2,N,N,40 00:52.185,75 07:52.121,56, ,48,1,2,7,N, ,3,Y, , , , ,353184, , , ,2,1,0,0,0,0,1,0,0,0,1,0,1,0,0,0,0,0,0,0,1,0,0,0,0,0,0,0,0,0,0,0,0,0,0,3,0,40.0145,-75.1311, , 
 ,29590,2015099013,6,67,67301,2015,9,1,1745,17,1,1,0,8,1, , ,N,1,2,0,3,0,1,2,2,N,N,39 58:01.549,75 09:43.675,1815, ,1749, ,0, ,N, ,3, , , , , ,353190, , , ,1,1,0,0,0,0,0,0,0,0,0,1,1,0,1,0,0,0,0,0,0,0,0,0,0,0,0,0,0,0,0,0,1,0,0,4,0,39.9671,-75.1621, , 
 ,29591,2015115136,6,67,67301,2015,10,2,9999,99,1,1,0,1,1, , ,N,2,2,0,3,0,1,4,4,N,N,39 59:26.469,75 07:44.287,9999, ,9999, ,0, ,N, ,3, , , , , ,353205, , , ,4,4,0,0,0,0,0,0,0,0,0,0,1,1,0,0,0,0,0,0,1,0,0,3,0,0,0,0,0,0,0,0,0,0,0,8,0,39.9906,-75.129, , 
Y,29592,2015118276,6,67,67301,2015,11,4,2144,21,3,1,0,1,1,2,4,Y,0,0,0,3,0,0,4,2,N,N,39 53:10.196,75 12:44.260,2201,55,2154,2,2,2,N, ,0,N,Y,N,N,N,353208,N,N,N,2,1,0,0,0,0,1,0,0,0,0,0,0,0,0,0,0,0,0,0,0,0,1,0,0,0,0,0,0,0,0,0,0,0,0,0,0,39.8862,-75.2123, , 
 ,29593,2015066320,6,67,67301,2015,6,3,1719,17,1,1,0,4,1, , ,N,0,0,7,3,0,1,2,2,N,N,39 54:55.807,75 10:24.211,1726, ,1722,1,1,2,N, ,0,N, , , , ,353215, , , ,2,1,1,0,0,0,0,0,0,0,0,0,1,1,0,0,0,0,0,0,2,0,0,0,0,0,0,0,0,0,0,0,0,0,0,8,0,39.9155,-75.1734, , 
 ,29594,2015078665,6,67,67301,2015,7,5,1108,11,1,1,0,4,1, , ,N,1,3,0,3,0,3,3,2,N,N,40 03:07.828,75 05:35.123,1112, ,1109, ,0, , , ,3, , , , , ,353226, , , ,2,2,0,0,0,0,0,0,0,0,0,3,3,0,0,0,0,0,0,0,0,0,0,2,0,0,0,0,0,0,0,0,0,0,0,4,0,40.0522,-75.0931, , 
 ,29595,2015079286,6,67,67301,2015,7,6,1816,18,1,1,0,1,1, , ,N,0,0,0,3,0,1,3,3,N,N,39 54:01.760,75 09:20.482,1840, ,1816,1,2,1,N, ,0,N, , , , ,353229, , , ,3,2,0,0,0,0,1,0,0,0,0,1,1,0,0,0,0,0,0,0,2,0,0,0,0,0,0,0,0,0,0,0,0,0,0,4,0,39.9005,-75.1557, , 
 ,29596,2015081034,6,67,67301,2015,7,2,1728,17,1,1,0,1,1, , ,N,0,0,6,3,0,1,3,2,N,N,40 01:35.264,75 07:10.634,1732, ,1730,1,1,4,N, ,0,N, , , , ,353230, , , ,2,2,0,0,0,0,0,0,0,0,1,0,1,0,0,0,1,0,0,0,0,0,0,2,0,0,0,0,0,0,0,0,0,0,0,3,0,40.0265,-75.1196, , 
 ,29597,2015083423,6,67,67301,2015,7,2,1658,16,1,1,0,4,1, , ,N,1,3,0,3,0,1,2,2,N, ,39 59:46.669,75 07:54.469,1659, ,1658, ,0, , , ,3, , , , , ,353232, , , ,2,1,1,0,0,0,0,0,0,0,0,0,1,1,0,0,0,1,0,0,0,0,0,0,0,0,0,0,0,0,0,0,0,0,0,8,0,39.9963,-75.1318, , 
 ,29598,2015085277,6,67,67301,2015,8,5,1407,14,1,1,0,4,1, , ,N,0,0,7,3,0,2,4,2,N,N,40 05:21.244,74 57:50.487,1410, ,1407, ,0, ,N, ,0, , , , , ,353238, , , ,2,1,0,0,0,0,1,0,0,0,0,0,2,2,1,0,0,0,0,0,2,0,0,0,0,0,0,0,0,0,0,0,0,0,0,8,0,40.0892,-74.964, , 
 ,29599,2015095351,6,67,67301,2015,9,5,525,5,3,1,0,7,2, , ,N,0,0,0,3,0,1,1,1,N,N,40 00:29.942,75 04:14.867,550, ,536,1,2,2,N, ,0,N, , , , ,353243, , , ,1,1,0,0,0,0,0,0,0,0,0,1,1,0,0,0,0,0,0,0,0,0,0,0,0,0,0,0,0,0,0,0,0,0,0,4,0,40.0083,-75.0708, , 
 ,29600,2015075284,6,67,67301,2015,6,6,2014,20,1,1,0,1,1, , ,N,0,0,0,3,0,1,5,3,N, ,39 55:19.087,75 11:21.497,2016, ,2015, ,0, , , ,0, , , , , ,353264, , , ,3,2,0,0,0,0,1,0,0,0,0,1,1,0,0,0,0,0,0,0,0,0,0,0,0,0,0,0,0,0,0,0,0,0,0,4,0,39.922,-75.1893, , 
 ,29601,2015065202,6,67,67301,2015,6,2,1814,18,1,1,0,1,1, , ,N,0,0,0,3,0,2,3,2,N,N,40 07:10.998,74 58:47.896,1825, ,1817, ,0, ,N, ,0, , , , , ,353271, , , ,2,1,0,0,1,0,0,0,0,0,0,2,2,0,0,0,0,0,0,0,0,0,0,0,0,0,0,0,0,0,0,0,0,0,0,4,0,40.1197,-74.98, , 
 ,29602,2015069747,6,67,67301,2015,6,6,1823,18,1,1,0,1,1, , ,N,0,0,0,3,0,2,2,2,N,N,40 05:16.522,75 01:50.638,1905, ,1902, ,0, ,N, ,0, , , , , ,353276, , , ,2,1,0,0,1,0,0,0,0,0,0,0,2,2,0,0,0,0,0,0,0,0,0,0,0,0,0,0,0,0,0,0,0,0,0,8,0,40.0879,-75.0307, , 
 ,29603,2015075659,6,67,67301,2015,7,7,552,5,5,1,0,4,1, , ,N,1,2,0,3,0,0,2,2,N,N,39 57:36.900,75 11:48.684,602, ,558, ,0, , , ,3, , , , , ,353279, , , ,2,1,0,0,0,0,0,1,0,0,0,0,0,0,0,0,0,0,0,0,0,0,0,0,0,0,0,0,0,0,0,0,0,0,0,0,0,39.9603,-75.1969, , 
 ,29604,2015075724,6,67,67301,2015,7,1,245,2,3,1,0,6,1, , ,N,0,0,0,3,0,0,4,2,N, ,39 55:37.107,75 14:36.603,250, ,245, ,0, , , ,0, , , , , ,353280, , , ,2,1,0,0,0,0,1,0,0,0,0,0,0,0,0,0,0,0,0,0,0,0,0,0,0,0,0,0,0,0,0,0,0,0,0,0,0,39.927,-75.2435, , 
 ,29605,2015083444,6,67,67301,2015,7,5,905,9,1,1,0,4,1, , ,N,0,0,0,3,0,2,2,2,N,N,40 03:26.970,75 05:16.251,954, ,949,9,1,2,N, ,0,N, , , , ,353281, , , ,2,2,0,0,0,0,0,0,0,0,1,1,2,0,0,0,0,0,0,0,1,0,0,0,0,0,0,0,0,0,0,0,0,0,0,3,0,40.0575,-75.0878, , 
 ,29606,2015105095,6,67,67301,2015,9,7,1115,11,1,1,0,1,1, , ,N,1,2,0,3,0,1,2,2,N,N,40 02:05.655,75 11:03.688,1135, ,1128, ,0, ,N, ,3, , , , , ,353295, , , ,2,2,0,0,0,0,0,0,0,0,0,0,1,1,0,0,0,0,0,0,1,0,0,0,0,0,0,0,0,0,0,0,0,0,0,8,0,40.0349,-75.1844, , 
 ,29607,2015105120,6,67,67301,2015,9,1,139,1,3,1,0,7,3, , ,N,2,0,2,3,0,1,1,1,N, ,40 00:41.292,75 12:01.690,159, ,156, ,0, , , ,0, , , , , ,353296, , , ,1,1,0,0,0,0,0,0,0,0,0,1,1,0,0,0,0,0,0,1,0,0,0,0,0,0,0,0,0,0,0,0,0,0,0,4,0,40.0114,-75.2004, , 
 ,29608,2015110331,6,67,67301,2015,10,4,930,9,1,1,0,5,1, , ,N,0,0,0,3,0,0,2,2,N,N,39 57:50.819,75 12:58.389,946, ,939, ,0, ,N, ,0, , , , , ,353300, , , ,2,0,0,0,0,0,1,1,0,0,0,0,0,0,2,0,0,0,0,0,0,0,0,0,0,0,0,0,0,0,0,0,0,0,0,9,0,39.9641,-75.2162, , 
 ,29609,2015061718,6,67,67301,2015,5,3,1728,17,1,1,0,4,1, , ,N,1,2,0,3,0,1,2,2,N, ,40 02:43.859,75 05:17.937,1748, ,1741, ,0, , , ,3, , , , , ,353349, , , ,2,1,0,0,0,0,0,1,0,0,0,1,1,0,0,0,0,0,0,0,0,1,0,0,0,0,0,0,0,0,0,0,0,0,0,4,0,40.0455,-75.0883, , 
 ,29610,2015078680,6,67,67301,2015,7,5,701,7,1,2,1,4,1, , ,N,1,2,0,3,0,0,4,2,N, ,39 57:02.548,75 13:43.906,720, ,718, ,0, , , ,3, , , , , ,353359, , , ,2,1,0,0,0,0,0,1,0,0,0,0,0,0,2,0,0,0,0,0,0,0,0,2,0,0,0,0,0,0,0,0,0,0,0,9,0,39.9507,-75.2289, , 
 ,29611,2015080274,6,67,67301,2015,7,7,2347,23,3,1,0,4,1, , ,N,1,3,0,3,0,1,3,2,N,N,39 56:03.246,75 11:51.158,2355, ,2347, ,0, ,N, ,3, , , , , ,353361, , , ,2,2,0,0,0,0,0,0,0,0,0,1,1,0,0,0,0,0,0,0,0,0,0,0,0,0,0,0,0,0,0,0,0,0,0,4,0,39.9342,-75.1975, , 
 ,29612,2015086215,6,67,67301,2015,8,1,1808,18,1,1,0,1,1, , ,N,1,2,0,3,0,1,2,2,N,N,39 58:31.286,75 14:43.805,1818, ,1812, ,0, ,N, ,3, , , , , ,353365, , , ,2,1,0,0,0,0,1,0,0,0,0,0,1,1,1,0,0,0,0,0,1,0,0,0,0,0,0,0,0,0,0,0,0,0,0,8,0,39.9753,-75.2455, , 
 ,29613,2015063964,6,67,67301,2015,6,7,953,9,1,1,0,4,1, , ,N,1,2,0,3,0,5,6,2,N,N,39 54:19.871,75 10:26.843,959, ,957, ,0, , , ,3, , , , , ,353383, , , ,2,1,0,0,0,0,1,0,0,0,0,0,5,5,0,0,0,0,0,0,0,0,0,0,0,0,0,0,0,0,0,0,0,0,0,8,0,39.9055,-75.1741, , 
 ,29614,2015070114,6,67,67301,2015,6,1,2335,23,3,2,1,1,1, , ,N,1,2,0,3,0,1,2,2,N,N,40 02:27.780,75 07:46.232,2354, ,2348, ,0, ,N, ,3, , , , , ,353389, , , ,2,2,0,0,0,0,0,0,0,0,0,1,1,0,0,0,0,0,0,0,0,0,0,0,0,0,0,0,0,0,0,0,0,0,0,4,0,40.0411,-75.1295, , 
 ,29615,2015081081,6,67,67301,2015,7,3,920,9,1,1,0,4,1, , ,N,1,0,0,3,0,0,2,2,N, ,39 57:41.020,75 11:56.512,939, ,935,1,1,6, , ,0,N, , , , ,353403, , , ,2,1,0,0,0,0,1,0,0,0,0,0,0,0,1,0,0,0,0,0,1,0,0,0,0,0,0,0,0,0,0,0,0,0,0,9,0,39.9614,-75.199, , 
 ,29616,2015083416,6,67,67301,2015,7,2,1256,12,1,1,0,4,1, , ,N,0,0,0,3,0,1,2,2,N, ,40 01:00.639,75 05:00.801,1310, ,1310, ,0, , , ,0, , , , , ,353406, , , ,1,1,0,0,0,0,0,0,1,0,0,1,1,0,0,0,0,0,0,0,0,0,0,0,0,0,0,0,0,0,0,0,0,0,0,4,0,40.0168,-75.0836, , 
 ,29617,2015129937,6,67,67301,2015,11,1,1055,10,1,1,0,2,1, , ,N,0,0,0,3,0,4,4,3,N,N,40 07:40.155,75 00:50.305,1057, ,1057,3,1,2,N, ,0,N, , , , ,353425, , , ,2,2,0,0,0,0,0,0,0,0,3,1,4,0,0,0,0,0,0,0,0,0,0,0,0,0,0,0,0,0,0,0,0,0,0,3,0,40.1278,-75.014, , 
 ,29618,2015128671,6,67,67301,2015,11,6,1355,13,1,1,0,8,4, , ,N,0,0,0,3,0,1,2,2,N,N,39 56:55.179,75 09:31.455,1655, ,1655, ,0, ,N, ,0, , , , , ,347563, , , ,1,0,0,0,1,0,0,0,0,0,0,1,1,0,0,0,0,0,0,0,1,0,0,0,0,0,0,0,0,0,0,0,1,0,0,4,0,39.9487,-75.1587, , 
 ,29619,2015130305,6,67,67301,2015,11,3,940,9,1,2,1,1,1, , ,N,0,0,7,3,0,1,1,2,N,N,39 55:57.012,75 09:42.317,949, ,948, ,0, ,N, ,0, , , , , ,347565, , , ,2,1,0,0,0,0,1,0,0,0,0,1,1,0,0,0,0,0,0,0,1,0,0,1,0,0,0,0,0,0,0,0,0,0,0,4,0,39.9325,-75.1618, , 
 ,29620,2015131328,6,67,67301,2015,11,1,900,9,1,2,1,8,1, , ,N,1,2,0,3,0,1,2,2,N, ,40 02:39.873,75 08:36.849,900, ,900, ,0, , , ,3, , , , , ,347567, , , ,1,1,0,0,0,0,0,0,0,0,0,0,1,1,0,0,0,0,0,0,0,0,1,1,0,0,0,0,0,0,0,0,1,0,0,8,0,40.0444,-75.1435, , 
 ,29621,2015064009,6,67,67301,2015,5,7,1840,18,1,1,0,4,1, , ,N,1,3,0,3,0,1,2,2,N, ,39 56:04.228,75 13:28.203,1851, ,1850, ,0, , , ,3, , , , , ,347571, , , ,2,1,0,0,1,0,0,0,0,0,0,1,1,0,0,0,0,0,0,0,1,0,0,0,0,0,0,0,0,0,0,0,0,0,0,4,0,39.9345,-75.2245, , 
 ,29622,2015095757,6,67,67301,2015,8,1,1400,14,1,1,0,4,1, , ,N,1,3,0,3,0,1,2,2,N,N,39 56:05.842,75 13:36.585,9999, ,9999, ,0, ,N, ,3, , , , , ,347589, , , ,1,0,0,0,1,0,0,0,1,0,0,1,1,0,0,0,0,0,0,0,0,0,0,0,0,0,0,0,0,0,0,0,0,0,0,4,0,39.935,-75.2268, , 
Y,29623,2015077493,6,67,67301,2015,7,6,2242,22,3,1,0,1,1,2,4,Y,0,8,0,3,0,1,4,2,N,N,40 01:02.956,75 02:56.519,2311,45,2243, ,0, ,N, ,3, ,Y,N,N,N,347600,N,N,N,2,2,0,0,0,0,0,0,0,0,0,1,1,0,0,0,0,0,0,0,0,1,0,0,0,0,0,0,0,0,0,0,0,0,0,4,0,40.0175,-75.049, , 
 ,29624,2015088793,6,67,67301,2015,8,1,601,6,1,1,0,4,1, , ,N,1,2,0,3,0,0,1,3,N,N,39 59:50.490,75 04:24.183,615, ,602, ,0, , , ,3, , , , , ,347614, , , ,3,1,0,0,0,0,2,0,0,0,0,0,0,0,0,0,0,0,0,0,0,0,0,0,0,0,0,0,0,0,0,0,0,0,0,0,0,39.9974,-75.0734, , 
 ,29625,2015095781,6,67,67301,2015,8,1,1250,12,1,1,0,4,1, , ,N,1,3,0,3,0,2,3,2,N,N,39 59:09.340,75 09:11.779,1301, ,1300, ,0, ,N, ,3, , , , , ,347620, , , ,2,0,0,0,0,0,2,0,0,0,0,2,2,0,0,0,0,0,0,0,1,0,0,0,0,0,0,0,0,0,0,0,0,0,0,4,0,39.9859,-75.1533, , 
 ,29626,2015097625,6,67,67301,2015,9,3,1155,11,1,1,0,5,1, , ,N,0,0,0,3,0,1,2,2,N,N,39 55:40.629,75 08:47.705,1220, ,1208,2,2,2,N, ,0,N, , , , ,347621, , , ,2,1,0,0,0,1,0,0,0,0,0,0,1,1,0,0,0,0,0,0,0,0,0,1,0,0,0,0,0,0,0,0,0,0,0,8,1,39.928,-75.1466, , 
 ,29627,2015106423,6,67,67301,2015,9,4,1703,17,1,1,0,4,1, , ,N,1,3,0,3,0,2,2,2,N,N,39 56:14.827,75 13:12.964,1707, ,1707, ,0, ,N, ,3, , , , , ,347629, , , ,2,1,0,0,0,0,1,0,0,0,0,0,2,2,0,0,0,0,0,0,0,1,0,0,0,0,0,0,0,0,0,0,0,0,0,8,0,39.9375,-75.2203, , 
 ,29628,2015063874,6,67,67301,2015,5,1,715,7,1,1,0,4,1, , ,N,1,2,0,3,0,1,3,2,N,N,40 02:03.403,75 04:28.523,732, ,722,1,1,3,N, ,3,N, , , , ,347636, , , ,2,2,0,0,0,0,0,0,0,0,0,0,1,1,0,0,0,0,0,0,0,0,0,0,0,0,0,0,0,0,0,0,0,0,0,8,0,40.0343,-75.0746, , 
 ,29629,2015063992,6,67,67301,2015,5,3,1541,15,1,1,0,4,6, , ,N,1,3,0,3,0,1,1,2,N, ,39 56:04.228,75 13:28.203,1550, ,1545,3,1,1, , ,3,N, , , , ,347637, , , ,2,1,0,0,0,0,1,0,0,0,0,1,1,0,0,0,0,0,0,0,0,0,0,0,0,0,0,0,0,0,0,0,0,0,0,4,0,39.9345,-75.2245, , 
 ,29630,2015073639,6,67,67301,2015,7,7,217,2,3,1,0,7,4, , ,N,1,3,0,3,0,1,1,1,N,N,40 00:25.866,75 09:35.492,217, ,217,2,2,3, , ,3,Y, , , , ,347649, , , ,1,1,0,0,0,0,0,0,0,0,0,0,1,1,0,0,0,0,0,0,0,0,0,0,0,0,0,0,0,0,0,0,0,0,0,8,0,40.0072,-75.1599, , 
 ,29631,2015120521,6,67,67301,2015,10,7,2230,22,3,1,0,1,1, , ,N,0,0,0,3,0,1,3,2,N,N,40 00:59.727,75 08:58.713,2230, ,2230, ,0, ,N, ,0, , , , , ,347688, , , ,2,2,0,0,0,0,0,0,0,0,0,0,1,1,0,0,1,0,0,0,0,0,0,2,0,0,0,0,0,0,0,0,0,0,0,8,0,40.0166,-75.1496, , 
 ,29632,2015122116,6,67,67301,2015,11,2,2339,23,3,1,0,4,1, , ,N,1,2,0,3,0,2,2,2,N,N,39 58:29.877,75 09:05.813,2343, ,2340, ,0, ,N, ,3, , , , , ,347689, , , ,2,2,0,0,0,0,0,0,0,0,2,0,2,0,0,0,0,0,0,0,0,0,0,1,0,0,0,0,0,0,0,0,0,0,0,3,0,39.975,-75.1516, , 
 ,29633,2015123706,6,46,46102,2015,11,7,1213,12,1,1,0,1,1, , ,N,0,0,0,3,0,6,6,3,N,N,40 04:01.122,75 05:35.906,1218, ,1213, ,0, ,N, ,0, , , , , ,347693, , , ,3,2,0,0,0,0,1,0,0,0,0,0,6,6,0,0,0,0,0,0,1,0,0,0,0,0,0,0,0,0,0,0,0,0,0,8,0,40.067,-75.0933, , 
 ,29634,2016000555,6,67,67301,2015,12,6,1850,18,3,1,0,1,1, , ,N,0,0,0,3,0,1,2,2,N,N,39 53:09.567,75 12:25.805,1903, ,1855,1,2,1,N, ,0,N, , , , ,347706, , , ,2,2,0,0,0,0,0,0,0,0,1,0,1,0,0,0,0,0,0,0,0,0,0,0,0,0,0,0,0,0,0,0,0,0,0,3,0,39.886,-75.2072, , 
 ,29635,2015065460,6,67,67301,2015,5,6,1035,10,1,1,0,5,1, , ,N,0,0,0,3,0,2,3,3,N,N,39 56:32.532,75 09:25.340,1045, ,1044, ,0, ,N, ,0, , , , , ,347711, , , ,1,0,0,0,0,1,0,0,2,0,0,2,2,0,0,0,0,0,0,0,1,0,0,1,0,0,0,0,0,0,0,0,0,0,0,4,1,39.9424,-75.157, , 
 ,29636,2015083031,6,67,67301,2015,7,5,802,8,1,1,0,4,1, , ,N,1,2,0,3,0,2,2,2,N,N,39 57:28.611,75 09:44.725,815, ,803,1,1,4,N, ,3,N, , , , ,350437, , , ,2,1,0,0,0,0,1,0,0,0,2,0,2,0,0,0,0,0,0,0,1,0,0,0,0,0,0,0,0,0,0,0,0,0,0,3,0,39.9577,-75.1624, , 
 ,29637,2015084406,6,67,67301,2015,7,6,202,2,3,1,0,7,4, , ,N,0,0,0,3,0,1,1,1,N,N,40 05:55.714,74 59:46.275,223, ,220, ,0, ,N, ,0, , , , , ,350438, , , ,1,0,0,0,0,0,1,0,0,0,1,0,1,0,0,0,0,0,0,0,0,0,0,0,0,0,0,0,0,0,0,0,0,0,0,3,0,40.0988,-74.9962, , 