wz_ln_closure,objectid_1,crn,district,county,municipality,crash_year,crash_month,day_of_week,time_of_day,hour_of_day,illumination,weather,road_condition,collision_type,relation_to_road,work_zone_type,work_zone_loc,work_zone_ind,intersect_type,tcd_type,location_type,urban_rural,fatal_count,injury_count,person_count,total_units,sch_bus_ind,sch_zone_ind,latitude,longitude,arrival_tm,cons_zone_spd_lim,dispatch_tm,est_hrs_closed,lane_closed,ln_close_dir,ntfy_hiwy_maint,spec_juris_cd,tcd_func_cd,tfc_detour_ind,workers_pres,wz_close_detour,wz_flagger,wz_law_offcr_ind,objectid,wz_moving,wz_other,wz_shlder_mdn,vehicle_count,automobile_count,motorcycle_count,bus_count,small_truck_count,heavy_truck_count,suv_count,van_count,bicycle_count,maj_inj_count,mod_inj_count,min_inj_count,tot_inj_count,unk_inj_deg_count,unk_inj_per_count,driver_count_16yr,driver_count_17yr,driver_count_18yr,driver_count_19yr,driver_count_20yr,driver_count_50_64yr,driver_count_65_74yr,driver_count_75plus,unbelted_occ_count,unb_death_count,unb_maj_inj_count,belted_death_count,belted_maj_inj_count,mcycle_death_count,mcycle_maj_inj_count,bicycle_death_count,bicycle_maj_inj_count,ped_count,ped_death_count,ped_maj_inj_count,max_severity_level,comm_veh_count,dec_lat,dec_long,rdwy_surf_type_cd,county_name
 ,29638,2015088701,6,67,67301,2015,8,7,1239,12,1,1,0,7,4, , ,N,0,0,0,3,0,1,1,1,N,N,40 02:55.977,75 01:56.464,1248, ,1248, ,0, ,N, ,0, , , , , ,350442, , , ,1,0,0,0,0,0,1,0,0,0,0,1,1,0,0,0,0,0,0,0,0,0,0,0,0,0,0,0,0,0,0,0,0,0,0,4,0,40.0489,-75.0324, , 
 ,29639,2015088785,6,67,67301,2015,8,6,2246,22,3,1,0,1,1, , ,N,0,2,0,3,0,2,3,2,N,N,39 53:42.531,75 14:13.656,2318, ,2313,1,1,2,N, ,3,N, , , , ,350443, , , ,2,1,0,0,0,0,1,0,0,0,0,2,2,0,0,0,0,0,0,0,0,0,0,0,0,0,0,0,0,0,0,0,0,0,0,4,0,39.8951,-75.2371, , 
 ,29640,2015096348,6,67,67301,2015,9,6,500,5,2,1,1,7,4, , ,N,0,0,0,3,0,1,1,1,N,N,39 57:38.633,75 10:53.963,503, ,501,3,2,4,Y, ,0,Y, , , , ,350451, , , ,1,0,0,0,0,1,0,0,0,0,0,0,1,1,0,0,0,0,0,0,0,0,0,0,0,0,0,0,0,0,0,0,0,0,0,8,1,39.9607,-75.1817, , 
 ,29641,2015061918,6,67,67301,2015,5,5,1034,10,1,1,0,4,1, , ,N,1,2,0,3,0,1,2,2,N,N,39 55:49.947,75 08:59.099,1040, ,1036, ,0, ,N, ,3, , , , , ,350458, , , ,1,1,0,0,0,0,0,0,1,0,0,0,1,1,0,0,0,0,0,0,0,0,1,0,0,0,0,0,0,0,0,0,0,0,0,8,0,39.9305,-75.1497, , 
 ,29642,2015078252,6,67,67301,2015,7,2,749,7,1,1,0,4,1, , ,N,1,2,0,3,0,1,2,2,N,N,39 55:01.859,75 14:46.691,842, ,839, ,0, ,N, ,3, , , , , ,350469, , , ,2,0,0,0,0,0,1,0,0,0,0,1,1,0,0,0,0,0,0,0,0,0,0,0,0,0,0,0,0,0,0,0,0,0,0,4,0,39.9172,-75.2463, , 
 ,29643,2015112077,6,67,67301,2015,9,7,1900,19,3,1,0,4,1, , ,N,1,2,0,3,0,1,2,3,N, ,40 02:54.265,75 04:47.189,1935, ,1925, ,0, , , ,3, , , , , ,350475, , , ,3,2,0,0,1,0,0,0,0,0,0,1,1,0,0,0,0,0,0,0,0,0,0,0,0,0,0,0,0,0,0,0,0,0,0,4,0,40.0484,-75.0798, , 
 ,29644,2015106180,6,67,67301,2015,9,2,427,4,3,1,0,7,2, , ,N,0,0,0,3,0,0,1,1,N,N,40 02:07.880,75 01:01.566,436, ,428, ,0, ,N, ,0, , , , , ,350507, , , ,1,1,0,0,0,0,0,0,0,0,0,0,0,0,0,0,0,0,0,0,0,0,0,0,0,0,0,0,0,0,0,0,0,0,0,0,0,40.0355,-75.0171, , 
 ,29645,2015114572,6,67,67301,2015,10,1,335,3,3,1,0,7,4, , ,N,1,2,0,3,0,1,1,1,N,N,40 02:22.366,75 02:44.910,338, ,338, ,0, ,N, ,3, , , , , ,350517, , , ,1,1,0,0,0,0,0,0,0,0,1,0,1,0,0,0,0,0,0,1,0,0,0,0,0,0,0,0,0,0,0,0,0,0,0,3,0,40.0395,-75.0458, , 
 ,29646,2015125397,6,67,67301,2015,11,5,1438,14,1,1,0,1,1, , ,N,0,0,0,3,0,0,5,3,N,N,40 02:08.035,75 01:01.239,1455, ,1445, ,0, ,N, ,0, , , , , ,350535, , , ,3,2,0,0,0,0,1,0,0,0,0,0,0,0,0,0,0,0,0,0,1,0,0,0,0,0,0,0,0,0,0,0,0,0,0,0,0,40.0356,-75.017, , 
 ,29647,2016015644,6,67,67301,2015,11,4,1725,17,4,1,0,5,1, , ,N,1,2,0,3,0,1,2,2,N,N,40 02:43.195,75 13:55.305,0, ,0, ,0, ,N, ,3, , , , , ,350547, , , ,2,2,0,0,0,0,0,0,0,0,0,0,1,1,1,0,0,0,0,0,0,0,1,0,0,0,0,0,0,0,0,0,0,0,0,8,0,40.0448,-75.2309, , 
 ,29648,2015137079,6,67,67301,2015,12,5,755,7,1,1,0,4,1, , ,N,1,3,0,3,0,1,3,2,N,N,40 02:27.132,75 02:08.689,805, ,800, ,0, , , ,3, , , , , ,350564, , , ,2,1,0,0,0,0,0,1,0,0,0,0,1,1,0,0,0,0,0,0,0,0,0,2,0,0,0,0,0,0,0,0,0,0,0,8,0,40.0409,-75.0357, , 
 ,29649,2015075669,6,67,67301,2015,7,7,1329,13,1,2,1,7,4, , ,N,0,0,3,3,0,0,1,1,N,N,39 55:11.118,75 12:06.872,1343, ,1340,2,1,3,N, ,0,N, , , , ,350578, , , ,1,1,0,0,0,0,0,0,0,0,0,0,0,0,0,0,0,1,0,0,0,0,0,0,0,0,0,0,0,0,0,0,0,0,0,0,0,39.9198,-75.2019, , 
 ,29650,2015078619,6,67,67301,2015,7,6,1440,14,1,1,0,4,1, , ,N,1,3,0,3,0,1,2,3,N,N,40 00:47.318,75 06:27.680,1504, ,1457, ,0, ,N, ,3, , , , , ,350579, , , ,3,1,0,0,0,0,1,1,0,0,0,1,1,0,0,0,0,0,0,0,1,0,1,0,0,0,0,0,0,0,0,0,0,0,0,4,0,40.0131,-75.1077, , 
 ,29651,2015081143,6,67,67301,2015,7,6,1609,16,1,1,0,4,1, , ,N,1,3,0,3,0,1,1,2,N,N,40 04:57.190,74 58:40.951,1613, ,1610, ,0, ,N, ,3, , , , , ,350580, , , ,2,2,0,0,0,0,0,0,0,0,0,1,1,0,0,0,0,0,0,0,1,0,0,0,0,0,0,0,0,0,0,0,0,0,0,4,0,40.0826,-74.978, , 
 ,29652,2015103387,6,67,67301,2015,9,4,1930,19,4,1,0,8,1, , ,N,0,0,0,3,0,1,2,2,N, ,39 56:13.511,75 13:25.691,1945, ,1944, ,0, , , ,0, , , , , ,350595, , , ,1,1,0,0,0,0,0,0,0,0,0,1,1,0,0,0,0,0,0,0,0,0,0,0,0,0,0,0,0,0,0,0,1,0,0,4,0,39.9371,-75.2238, , 
 ,29653,2015109339,6,67,67301,2015,10,6,1140,11,1,1,0,4,1, , ,N,2,2,0,3,0,1,2,2,N, ,39 59:27.123,75 06:53.478,1140, ,1135, ,0, , , ,3, , , , , ,350602, , , ,2,2,0,0,0,0,0,0,0,0,0,1,1,0,0,0,0,0,0,0,0,0,0,0,0,0,0,0,0,0,0,0,0,0,0,4,0,39.9909,-75.1149, , 
 ,29654,2015130333,6,67,67301,2015,11,5,1209,12,1,2,1,4,1, , ,N,1,2,0,3,0,4,5,2,N,N,40 00:28.592,75 10:20.286,1300, ,1300, ,0, , , ,3, , , , , ,353426, , , ,2,0,0,0,0,0,0,0,0,0,0,0,4,4,1,0,0,0,0,0,0,0,0,0,0,0,0,0,0,0,0,0,0,0,0,8,0,40.0079,-75.1723, , 
 ,29655,2015135881,6,67,67301,2015,12,6,340,3,3,1,0,7,4, , ,N,1,2,0,3,0,1,1,1,N,N,39 59:23.021,75 10:12.880,349, ,345, ,0, ,N, ,3, , , , , ,353431, , , ,1,1,0,0,0,0,0,0,0,0,0,1,1,0,0,0,0,0,0,0,0,0,0,0,0,0,0,0,0,0,0,0,0,0,0,4,0,39.9897,-75.1702, , 
 ,29656,2015061730,6,67,67301,2015,5,3,950,9,1,1,0,1,1, , ,N,5,2,0,3,0,0,4,4,N,N,40 00:05.418,75 06:14.947,1005, ,958, ,0, ,N, ,3, , , , , ,353444, , , ,4,4,0,0,0,0,0,0,0,0,0,0,0,0,0,0,0,0,0,0,0,0,0,0,0,0,0,0,0,0,0,0,0,0,0,0,0,40.0015,-75.1042, , 
 ,29657,2015061853,6,67,67301,2015,5,1,2125,21,3,1,0,4,1, , ,N,1,2,0,3,0,1,2,2,N,N,39 58:43.884,75 10:13.036,2155, ,2150, ,0, , , ,3, , , , , ,353445, , , ,2,0,0,0,0,0,2,0,0,0,0,0,1,1,0,0,0,0,0,0,0,0,0,2,0,0,0,0,0,0,0,0,0,0,0,8,0,39.9789,-75.1703, , 
 ,29658,2015071074,6,67,67301,2015,5,7,2258,22,3,1,0,1,1, , ,N,0,0,0,3,0,0,2,2,N,N,39 57:35.640,75 10:44.403,2300, ,2259,1,1,3,N, ,0,N, , , , ,353450, , , ,2,1,0,0,0,0,1,0,0,0,0,0,0,0,0,0,0,0,0,0,0,0,0,0,0,0,0,0,0,0,0,0,0,0,0,0,0,39.9599,-75.179, , 
 ,29659,2015075287,6,67,67301,2015,7,7,2100,21,3,1,0,4,1, , ,N,0,0,0,3,0,0,3,2,N,N,40 01:45.570,75 12:21.732,2115, ,2109, ,0, ,N, ,0, , , , , ,353453, , , ,2,2,0,0,0,0,0,0,0,0,0,0,0,0,0,0,0,0,1,0,0,0,0,0,0,0,0,0,0,0,0,0,0,0,0,0,0,40.0293,-75.206, , 
 ,29660,2015085317,6,67,67301,2015,8,2,1634,16,1,1,0,1,1, , ,N,0,0,0,3,0,1,7,2,N,N,40 01:12.288,75 04:47.822,1723, ,1719, ,0, ,N, ,0, , , , , ,353459, , , ,2,2,0,0,0,0,0,0,0,0,0,1,1,0,0,0,0,0,0,0,0,0,0,0,0,0,0,0,0,0,0,0,0,0,0,4,0,40.0201,-75.08, , 
 ,29661,2015066230,6,67,67301,2015,6,3,2340,23,3,1,0,2,6, , ,N,0,0,0,3,0,0,1,2,N, ,40 05:15.327,74 58:24.974,2355, ,2344, ,0, , , ,0, , , , , ,353474, , , ,2,1,0,0,0,0,0,1,0,0,0,0,0,0,0,0,0,0,0,0,0,1,0,0,0,0,0,0,0,0,0,0,0,0,0,0,0,40.0876,-74.9736, , 
 ,29662,2015075665,6,67,67301,2015,7,1,2354,23,3,1,0,8,1, , ,N,1,2,0,3,0,1,2,2,N,N,39 59:31.689,75 08:24.712,2359, ,2359, ,0, ,N, ,3, , , , , ,353484, , , ,1,0,0,0,0,0,0,0,0,0,0,1,1,0,0,0,0,0,0,0,0,0,0,0,0,0,0,0,0,0,0,0,1,0,0,4,0,39.992,-75.1402, , 
 ,29663,2015079773,6,67,67301,2015,7,4,714,7,1,1,0,1,1, , ,N,0,0,0,3,0,1,2,2,N,N,39 55:27.542,75 08:50.612,726, ,716,1,2,2,N, ,0,N, , , , ,353487, , , ,2,1,0,0,0,1,0,0,0,0,1,0,1,0,0,0,0,0,0,0,1,0,0,0,0,0,0,0,0,0,0,0,0,0,0,3,1,39.9243,-75.1474, , 
 ,29664,2015085328,6,67,67301,2015,8,7,9999,99,1,1,0,8,1, , ,N,1,2,0,3,0,1,2,2,N,N,39 57:02.132,75 09:42.447,1639, ,1635, ,0, , , ,3, , , , , ,353490, , , ,1,1,0,0,0,0,0,0,0,0,0,1,1,0,0,0,0,0,0,0,0,0,0,0,0,0,0,0,0,0,0,0,1,0,0,4,0,39.9506,-75.1617, , 
 ,29665,2015095779,6,67,67301,2015,9,3,725,7,1,1,0,8,1, , ,N,5,2,0,3,0,1,2,2,N,N,40 02:12.142,75 02:27.052,728, ,726, ,0, ,N, ,3, , , , , ,353501, , , ,1,1,0,0,0,0,0,0,0,0,0,0,1,1,0,0,0,0,0,0,1,0,0,0,0,0,0,0,0,0,0,0,1,0,0,8,0,40.0368,-75.0407, , 
 ,29666,2015096346,6,67,67301,2015,9,5,2237,22,3,2,1,7,2, , ,N,0,0,0,3,0,1,2,1,N,N,39 56:41.064,75 11:28.908,2237, ,2237, ,0, ,N, ,0, , , , , ,353503, , , ,1,1,0,0,0,0,0,0,0,0,0,1,1,0,0,0,0,0,0,0,0,0,0,1,0,0,0,0,0,0,0,0,0,0,0,4,0,39.9447,-75.1914, , 
 ,29667,2015084028,6,67,67301,2015,8,3,2342,23,3,2,1,7,2, , ,N,0,0,0,3,0,2,2,1,N,N,39 58:54.247,75 12:25.816,12, ,7,1,1,4,N, ,0,N, , , , ,353511, , , ,1,0,0,0,0,0,1,0,0,0,0,2,2,0,0,0,0,0,0,1,0,0,0,0,0,0,0,0,0,0,0,0,0,0,0,4,0,39.9817,-75.2072, , 
 ,29668,2015106363,6,67,67301,2015,10,5,721,7,1,2,1,2,1, , ,N,3,4,0,3,0,2,3,2,N,N,39 59:08.581,75 11:48.299,849, ,837, ,0, ,N, ,3, , , , , ,353526, , , ,2,1,0,0,1,0,0,0,0,0,1,1,2,0,0,0,0,0,0,0,1,0,0,1,0,0,0,0,0,0,0,0,0,0,0,3,0,39.9857,-75.1967, , 
 ,29669,2015112134,6,67,67301,2015,10,6,840,8,1,1,0,4,1, , ,N,1,2,0,3,0,4,5,2,N, ,39 55:05.910,75 12:31.905,845, ,845, ,0, , , ,3, , , , , ,353530, , , ,2,1,0,0,1,0,0,0,0,0,0,0,4,4,0,0,0,0,0,0,0,0,0,0,0,0,0,0,0,0,0,0,0,0,0,8,0,39.9182,-75.2088, , 
 ,29670,2015115084,6,67,67301,2015,10,2,1025,10,1,1,0,4,1, , ,N,1,2,0,3,0,1,2,2,N, ,39 56:25.580,75 10:10.347,1036, ,1031, ,0, , , ,9, , , , , ,353533, , , ,2,2,0,0,0,0,0,0,0,0,1,0,1,0,0,0,0,0,0,0,0,0,0,0,0,0,0,0,0,0,0,0,0,0,0,3,0,39.9404,-75.1695, , 
 ,29671,2015053917,6,67,67301,2015,5,4,200,2,3,1,1,0,1, , ,N,0,0,0,3,0,2,2,2,N, ,40 00:45.113,75 07:34.642,554, ,554, ,0, , , ,0, , , , , ,353545, , , ,1,1,0,0,0,0,0,0,0,0,0,2,2,0,0,0,0,0,0,1,0,0,0,0,0,0,0,0,0,0,0,0,0,0,0,4,0,40.0125,-75.1263, , 
 ,29672,2016007509,6,67,67301,2015,12,5,1348,13,1,1,0,4,1, , ,N,1,2,0,3,0,4,5,2,N,N,39 59:29.569,75 13:35.687,1355, ,1348,9,1,7,N, ,3,N, , , , ,358351, , , ,2,1,0,0,0,0,1,0,0,0,4,0,4,0,0,0,0,0,0,0,0,0,0,0,0,0,0,0,0,0,0,0,0,0,0,3,0,39.9915,-75.2266, , 
 ,29673,2015059121,6,67,67301,2015,5,4,2337,23,3,1,0,4,1, , ,N,1,2,0,3,0,2,3,2,N, ,39 55:05.910,75 12:31.905,0, ,2350,2,1,4, , ,3,Y, , , , ,358376, , , ,2,0,0,0,0,1,1,0,0,0,0,0,2,2,0,0,0,0,0,0,0,0,0,0,0,0,0,0,0,0,0,0,0,0,0,8,1,39.9182,-75.2088, , 
 ,29674,2015063844,6,67,67301,2015,5,7,2100,21,3,1,0,4,1, , ,N,2,2,0,3,0,1,2,2,N, ,40 00:59.828,75 08:05.348,2200, ,2150, ,0, , , ,3, , , , , ,358380, , , ,2,2,0,0,0,0,0,0,0,0,0,1,1,0,0,0,0,0,0,0,1,0,0,0,0,0,0,0,0,0,0,0,0,0,0,4,0,40.0166,-75.1348, , 
 ,29675,2015081145,6,67,67301,2015,7,1,700,7,1,1,0,5,1, , ,N,2,0,0,3,0,1,1,5,N,N,40 01:19.016,75 07:39.345,720, ,711, ,0, ,N, ,0, , , , , ,358389, , , ,4,2,0,0,1,0,0,1,0,0,1,0,1,0,0,0,0,0,0,0,0,0,0,0,0,0,0,0,0,0,0,0,0,0,0,3,0,40.0219,-75.1276, , 
 ,29676,2015088746,6,67,67301,2015,8,7,1739,17,1,1,0,5,6, , ,N,0,0,0,3,0,1,3,3,N,N,40 02:41.229,75 08:10.975,1747, ,1746, ,0, ,N, ,0, , , , , ,358398, , , ,3,2,0,0,0,0,1,0,0,0,0,0,1,1,2,0,0,0,0,0,0,0,0,0,0,0,0,0,0,0,0,0,0,0,0,8,0,40.0448,-75.1364, , 
 ,29677,2015092910,6,67,67301,2015,8,6,2205,22,3,1,0,5,6, , ,N,0,0,0,3,0,1,5,6,N, ,40 01:33.451,75 09:36.114,2210, ,2205, ,0, , , ,0, , , , , ,358403, , , ,6,2,0,0,0,1,3,0,0,0,0,1,1,0,1,0,0,0,0,0,0,0,0,2,0,0,0,0,0,0,0,0,0,0,0,4,0,40.026,-75.16, , 
 ,29678,2015097610,6,67,67301,2015,9,4,2235,22,3,1,0,1,1, , ,N,0,0,0,3,0,1,3,2,N,N,40 01:32.776,75 01:40.009,2249, ,2239,2,2,1,N, ,0,N, , , , ,358405, , , ,2,2,0,0,0,0,0,0,0,0,0,0,1,1,0,0,0,0,1,0,0,0,0,0,0,0,0,0,0,0,0,0,0,0,0,8,0,40.0258,-75.0278, , 
 ,29679,2015128046,6,67,67301,2015,11,4,1756,17,3,1,0,7,4, , ,N,2,3,2,3,0,5,5,2,N,N,39 59:11.983,75 12:29.919,1756, ,1756,2,1,3,Y, ,3,Y, , , , ,358421, , , ,2,1,0,0,0,0,1,0,0,0,0,0,5,5,0,1,0,0,0,0,0,0,0,0,0,0,0,0,0,0,0,0,0,0,0,8,0,39.9867,-75.2083, , 
 ,29680,2015130293,6,67,67301,2015,11,6,1340,13,1,1,0,1,1, , ,N,0,0,0,3,0,1,5,4,N,N,40 03:34.665,75 01:04.488,1347, ,1343,1,1,3,N, ,0,N, , , , ,358426, , , ,4,3,0,0,1,0,0,0,0,0,0,1,1,0,0,0,0,0,1,0,1,0,0,0,0,0,0,0,0,0,0,0,0,0,0,4,0,40.0596,-75.0179, , 
 ,29681,2016002625,6,67,67301,2015,12,1,18,0,3,1,0,4,1, , ,N,1,2,0,3,0,0,4,2,N,N,40 07:44.528,75 01:30.881,30, ,29, ,0, ,N, ,3, , , , , ,358433, , , ,2,2,0,0,0,0,0,0,0,0,0,0,0,0,0,0,0,0,1,0,0,1,0,0,0,0,0,0,0,0,0,0,0,0,0,0,0,40.129,-75.0252, , 
 ,29682,2015063906,6,67,67301,2015,6,7,1040,10,1,1,0,1,1, , ,N,3,0,0,3,0,1,2,2,N,N,40 00:48.312,75 07:20.668,1046, ,1040,1,1,3,N, ,0,N, , , , ,358434, , , ,2,1,0,0,1,0,0,0,0,0,0,1,1,0,0,0,0,0,0,0,0,0,0,0,0,0,0,0,0,0,0,0,0,0,0,4,1,40.0134,-75.1224, , 
 ,29683,2015074909,6,67,67301,2015,6,5,915,9,1,2,1,4,1, , ,N,1,2,0,3,0,2,4,2,N, ,40 02:39.682,75 04:21.458,920, ,917,9,1,2, , ,3,N, , , , ,358441, , , ,2,2,0,0,0,0,0,0,0,0,0,0,2,2,0,0,1,0,0,0,0,0,0,1,0,0,0,0,0,0,0,0,0,0,0,8,0,40.0444,-75.0726, , 
 ,29684,2015086241,6,67,67301,2015,8,5,1015,10,1,1,0,8,1, , ,N,0,0,0,3,0,1,2,2,N,N,39 59:22.082,75 09:22.214,1305, ,1300, ,0, , , ,0, , , , , ,358457, , , ,1,0,0,0,0,0,0,1,0,0,0,1,1,0,0,0,0,0,0,0,0,0,0,0,0,0,0,0,0,0,0,0,1,0,0,4,0,39.9895,-75.1562, , 
 ,29685,2015086216,6,67,67301,2015,7,6,2025,20,1,1,0,3,1, , ,N,2,2,0,3,0,1,2,2,N,N,40 02:37.394,75 13:41.844,9999, ,9999, ,0, ,N, ,3, , , , , ,358472, , , ,2,1,0,0,0,0,0,0,0,0,0,0,1,1,0,0,0,0,0,0,0,0,0,0,0,0,0,0,0,0,0,0,0,0,0,8,0,40.0437,-75.2283, , 
 ,29686,2015061933,6,67,67301,2015,5,2,1228,12,1,1,0,8,1, , ,N,0,0,0,3,0,1,2,2,N, ,39 56:32.616,75 13:18.152,1231, ,1228, ,0, , , ,0, , , , , ,358505, , , ,1,0,0,0,0,0,0,0,0,1,0,0,1,0,0,0,0,0,0,0,0,0,0,0,0,0,0,0,0,0,0,0,1,0,1,2,0,39.9424,-75.2217, , 
 ,29687,2015073619,6,67,67301,2015,6,2,1245,12,1,1,0,4,1, , ,N,1,3,0,3,0,3,3,2,N, ,40 03:10.058,75 08:06.953,1248, ,1245,1,2,7, , ,3,Y, , , , ,358522, , , ,2,1,0,0,0,0,1,0,0,0,1,1,3,1,0,0,0,0,0,0,0,0,0,0,0,0,0,0,0,0,0,0,0,0,0,3,0,40.0528,-75.1353, , 
 ,29688,2015077825,6,67,67301,2015,7,7,1640,16,3,1,0,5,6, , ,N,0,0,0,3,0,1,2,4,N,N,39 57:42.210,75 14:05.442,1643, ,1642, ,0, ,N, ,0, , , , , ,358526, , , ,4,3,0,0,0,0,1,0,0,0,0,1,1,0,0,0,0,0,0,0,0,0,0,0,0,0,0,0,0,0,0,0,0,0,0,4,0,39.9617,-75.2348, , 
 ,29689,2015099136,6,67,67301,2015,9,2,305,3,3,1,0,1,1, , ,N,0,0,0,3,0,2,4,7,N,N,39 56:35.059,75 09:30.835,312, ,308, ,0, ,N, ,0, , , , , ,358536, , , ,7,3,0,0,0,0,4,0,0,0,0,2,2,0,0,0,0,0,0,0,0,0,0,0,0,0,0,0,0,0,0,0,0,0,0,4,0,39.9431,-75.1586, , 
 ,29690,2015129947,6,67,67301,2015,9,1,1630,16,1,1,0,1,1, , ,N,0,0,0,3,0,1,2,2,N, ,39 57:20.521,75 11:25.823,1930, ,1925, ,0, , , ,0, , , , , ,347743, , , ,1,0,0,0,0,0,0,0,1,0,0,0,1,1,0,0,0,0,0,0,0,0,0,0,0,0,0,0,0,0,0,0,0,0,0,8,0,39.9557,-75.1905, , 
 ,29691,2015061882,6,67,67301,2015,5,7,2346,23,3,1,0,5,6, , ,N,0,0,0,3,0,0,1,2,N,N,40 03:58.607,75 03:14.217,4, ,2346, ,0, ,N, ,0, , , , , ,347751, , , ,2,0,0,0,1,0,1,0,0,0,0,0,0,0,0,0,0,0,0,0,0,0,0,0,0,0,0,0,0,0,0,0,0,0,0,0,0,40.0663,-75.0539, , 
 ,29692,2015073649,6,67,67301,2015,7,5,1840,18,1,1,0,4,1, , ,N,1,3,0,3,0,1,2,2,N,N,40 01:21.619,75 04:54.083,1856, ,1846, ,0, , , ,3, , , , , ,347767, , , ,1,1,0,0,0,0,0,0,1,0,0,1,1,0,0,0,0,0,0,0,0,0,0,1,0,0,0,0,0,0,0,0,0,0,0,4,0,40.0227,-75.0817, , 
 ,29693,2016002429,6,67,67301,2015,12,2,1640,16,3,1,0,1,1, , ,N,0,0,0,3,0,2,4,2,N,N,39 57:40.720,75 08:54.634,1645, ,1645,2,1,3,N, ,0,N, , , , ,347780, , , ,2,2,0,0,0,0,0,0,0,0,0,0,2,2,0,0,0,0,0,0,0,0,0,0,0,0,0,0,0,0,0,0,0,0,0,8,0,39.9613,-75.1485, , 
 ,29694,2016006023,6,67,67301,2015,11,3,944,9,1,1,0,4,1, , ,N,1,3,0,3,0,3,4,2,N,N,39 58:09.757,75 12:16.372,1100, ,1054, ,0, ,N, ,3, , , , , ,347782, , , ,2,0,0,0,0,0,1,1,0,0,0,0,3,3,0,0,0,0,0,0,0,0,0,0,0,0,0,0,0,0,0,0,0,0,0,8,0,39.9694,-75.2045, , 
 ,29695,2016007497,6,67,67301,2015,12,1,801,8,8,2,1,1,1, , ,N,1,2,0,3,0,1,2,2,N,N,39 58:28.020,75 09:31.391,815, ,812, ,0, ,N, ,3, , , , , ,347783, , , ,2,2,0,0,0,0,0,0,0,0,0,0,1,1,0,0,0,0,0,0,0,0,0,0,0,0,0,0,0,0,0,0,0,0,0,8,0,39.9745,-75.1587, , 
 ,29696,2016007570,6,67,67301,2015,12,1,2010,20,3,2,1,1,1, , ,N,1,2,0,3,0,1,3,2,N,N,39 57:52.149,75 10:57.115,2020, ,2015, ,0, ,N, ,3, , , , , ,347796, , , ,2,2,0,0,0,0,0,0,0,0,0,1,1,0,0,0,0,0,0,0,0,0,0,0,0,0,0,0,0,0,0,0,0,0,0,4,0,39.9645,-75.1825, , 
 ,29697,2016013557,6,67,67301,2015,8,3,2000,20,1,1,0,5,1, , ,N,0,0,0,3,0,1,2,2,N,N,39 58:13.703,75 07:25.717,0, ,0, ,0, ,N, ,0, , , , , ,347797, , , ,2,1,1,0,0,0,0,0,0,0,0,0,1,1,0,0,0,0,0,0,0,0,0,0,0,0,0,0,0,0,0,0,0,0,0,8,0,39.9705,-75.1238, , 
 ,29698,2015129051,6,67,67301,2015,11,3,2345,23,3,1,0,1,6, , ,N,0,0,0,3,0,0,1,2,N, ,40 03:10.386,75 11:03.091,2355, ,2349, ,0, , , ,0, , , , , ,347800, , , ,2,1,0,0,1,0,0,0,0,0,0,0,0,0,0,0,0,0,0,0,0,0,0,1,0,0,0,0,0,0,0,0,0,0,0,0,0,40.0529,-75.1842, , 
 ,29699,2015130462,6,67,67301,2015,12,4,1217,12,1,1,0,1,1, , ,N,0,0,0,3,0,0,4,3,N,N,39 56:52.983,75 08:30.418,1218, ,1217, ,0, ,N, ,0, , , , , ,347801, , , ,3,2,0,0,0,0,1,0,0,0,0,0,0,0,0,0,0,0,0,0,1,0,0,1,0,0,0,0,0,0,0,0,0,0,0,0,0,39.9481,-75.1418, , 
 ,29700,2015135829,6,67,67301,2015,12,3,730,7,1,1,0,1,1, , ,N,1,2,0,3,0,0,2,2,N,N,40 00:03.985,75 07:29.066,830, ,830, ,0, ,N, ,3, , , , , ,347807, , , ,2,1,0,0,0,0,0,1,0,0,0,0,0,0,0,0,0,0,0,0,0,0,0,0,0,0,0,0,0,0,0,0,0,0,0,0,0,40.0011,-75.1247, , 
 ,29701,2016001590,6,67,67301,2015,12,2,2210,22,3,2,1,5,1, , ,N,0,0,0,3,0,0,2,2,N,N,39 57:18.112,75 10:51.176,2235, ,2210,1,1,4,N, ,0,N, , , , ,347810, , , ,2,1,0,0,1,0,0,0,0,0,0,0,0,0,1,0,0,0,0,0,0,0,0,0,0,0,0,0,0,0,0,0,0,0,0,9,0,39.955,-75.1809, , 
 ,29702,2015095232,6,67,67301,2015,9,4,1116,11,1,1,0,4,1, , ,N,1,2,0,3,0,1,2,2,N,N,39 57:47.719,75 11:18.597,1118, ,1116,2,2,6,N, ,3,Y, , , , ,347821, , , ,2,2,0,0,0,0,0,0,0,0,0,1,1,0,0,0,0,0,0,0,0,1,0,1,0,0,0,0,0,0,0,0,0,0,0,4,0,39.9633,-75.1885, , 
 ,29703,2015102077,6,67,67301,2015,10,6,1251,12,1,2,1,1,1, , ,N,0,0,0,3,0,3,3,2,N,N,40 02:30.199,75 00:15.694,1330, ,1307, ,0, ,Y, ,0, , , , , ,347827, , , ,2,1,0,0,0,0,1,0,0,0,0,0,3,3,0,0,0,0,0,0,0,0,0,0,0,0,0,0,0,0,0,0,0,0,0,8,0,40.0417,-75.0044, , 