wz_ln_closure,objectid_1,crn,district,county,municipality,crash_year,crash_month,day_of_week,time_of_day,hour_of_day,illumination,weather,road_condition,collision_type,relation_to_road,work_zone_type,work_zone_loc,work_zone_ind,intersect_type,tcd_type,location_type,urban_rural,fatal_count,injury_count,person_count,total_units,sch_bus_ind,sch_zone_ind,latitude,longitude,arrival_tm,cons_zone_spd_lim,dispatch_tm,est_hrs_closed,lane_closed,ln_close_dir,ntfy_hiwy_maint,spec_juris_cd,tcd_func_cd,tfc_detour_ind,workers_pres,wz_close_detour,wz_flagger,wz_law_offcr_ind,objectid,wz_moving,wz_other,wz_shlder_mdn,vehicle_count,automobile_count,motorcycle_count,bus_count,small_truck_count,heavy_truck_count,suv_count,van_count,bicycle_count,maj_inj_count,mod_inj_count,min_inj_count,tot_inj_count,unk_inj_deg_count,unk_inj_per_count,driver_count_16yr,driver_count_17yr,driver_count_18yr,driver_count_19yr,driver_count_20yr,driver_count_50_64yr,driver_count_65_74yr,driver_count_75plus,unbelted_occ_count,unb_death_count,unb_maj_inj_count,belted_death_count,belted_maj_inj_count,mcycle_death_count,mcycle_maj_inj_count,bicycle_death_count,bicycle_maj_inj_count,ped_count,ped_death_count,ped_maj_inj_count,max_severity_level,comm_veh_count,dec_lat,dec_long,rdwy_surf_type_cd,county_name
 ,29704,2015106371,6,67,67301,2015,9,5,650,6,1,1,0,4,1, , ,N,1,2,0,3,0,1,3,2,N,N,40 00:51.570,75 10:41.163,700, ,654,2,1,7,N, ,3,N, , , , ,347832, , , ,2,2,0,0,0,0,0,0,0,0,0,1,1,0,0,0,0,0,0,1,0,0,0,0,0,0,0,0,0,0,0,0,0,0,0,4,0,40.0143,-75.1781, , 
 ,29705,2015108796,6,67,67301,2015,10,6,15,0,3,2,1,4,1, , ,N,1,3,0,3,0,2,5,4,N, ,40 03:01.778,75 09:19.630,28, ,24, ,0, , , ,3, , , , , ,347837, , , ,4,3,0,0,0,0,0,1,0,0,0,0,2,2,0,0,0,0,0,0,0,1,1,0,0,0,0,0,0,0,0,0,0,0,0,8,0,40.0505,-75.1555, , 
 ,29706,2015112130,6,67,67301,2015,10,5,1135,11,1,1,0,8,6, , ,N,0,0,0,3,0,1,2,2,N,N,40 05:46.004,74 58:35.108,1146, ,1140, ,0, ,N, ,0, , , , , ,347841, , , ,1,0,0,0,0,0,1,0,0,0,0,0,1,1,0,0,0,0,0,0,0,0,1,0,0,0,0,0,0,0,0,0,1,0,0,8,0,40.0961,-74.9764, , 
 ,29707,2015127287,6,67,67301,2015,10,5,1540,15,1,1,0,5,1, , ,N,0,0,0,3,0,1,3,4,N,N,39 59:38.889,75 07:48.816,1552, ,1547, ,0, , , ,0, , , , , ,347851, , , ,4,1,0,0,1,0,1,1,0,0,0,1,1,0,0,0,0,0,0,0,0,0,0,0,0,0,0,0,0,0,0,0,0,0,0,4,0,39.9941,-75.1302, , 
 ,29708,2015128630,6,67,67301,2015,11,3,18,0,3,1,0,4,1, , ,N,1,3,0,3,0,1,2,2,N, ,39 55:12.050,75 09:20.170,19, ,19, ,0, , , ,3, , , , , ,347852, , , ,1,1,0,0,0,0,0,0,1,0,0,1,1,0,0,0,0,0,0,0,0,0,0,0,0,0,0,0,0,0,0,0,0,0,0,4,0,39.92,-75.1556, , 
 ,29709,2015117658,6,67,67301,2015,10,3,1925,19,2,1,0,5,6, , ,N,0,0,0,3,0,2,3,3,N,N,40 02:40.557,75 07:13.663,1935, ,1930,2,2,7,N, ,0,Y, , , , ,350608, , , ,2,0,0,0,0,0,1,1,0,0,1,1,2,0,0,0,0,0,0,0,0,0,0,0,0,0,0,0,0,0,0,0,0,0,0,3,0,40.0446,-75.1205, , 
 ,29710,2015070645,6,67,67301,2015,6,6,1545,15,1,1,0,8,1, , ,N,3,0,0,3,0,1,2,2,N, ,39 56:12.976,75 10:37.765,1548, ,1548, ,0, , , ,0, , , , , ,350619, , , ,1,0,0,0,1,0,0,0,0,0,1,0,1,0,0,0,0,0,0,0,0,0,0,0,0,0,0,0,0,0,0,0,1,0,0,3,0,39.9369,-75.1772, , 
 ,29711,2015093013,6,67,67301,2015,8,3,1803,18,1,1,0,8,1, , ,N,0,0,0,3,0,1,2,2,N,N,40 01:18.804,75 03:09.932,1805, ,1804, ,0, ,N, ,0, , , , , ,350645, , , ,1,1,0,0,0,0,0,0,0,0,0,1,1,0,0,0,0,0,0,0,0,0,0,0,0,0,0,0,0,0,0,0,1,0,0,4,0,40.0219,-75.0528, , 
 ,29712,2015093439,6,67,67301,2015,8,1,2010,20,3,1,0,8,1, , ,N,1,2,0,3,0,1,2,2,N,N,39 57:14.549,75 10:36.031,2018, ,2015, ,0, ,N, ,3, , , , , ,350646, , , ,1,0,0,0,0,0,0,1,0,0,0,1,1,0,0,0,0,0,0,0,1,0,0,0,0,0,0,0,0,0,0,0,1,0,0,4,0,39.954,-75.1767, , 
 ,29713,2015107464,6,67,67301,2015,9,5,758,7,1,1,0,4,1, , ,N,1,2,0,3,0,0,2,2,N,N,39 53:25.696,75 14:42.046,826, ,818, ,0, ,N, ,3, , , , , ,350650, , , ,2,2,0,0,0,0,0,0,0,0,0,0,0,0,0,0,0,0,0,0,2,0,0,0,0,0,0,0,0,0,0,0,0,0,0,0,0,39.8903,-75.245, , 
 ,29714,2015109218,6,67,67301,2015,10,6,840,8,1,2,1,5,1, , ,N,1,2,0,3,0,1,3,2,N,N,40 02:25.798,75 03:31.964,840, ,840, ,0, ,N, ,3, , , , , ,350654, , , ,2,0,0,1,0,0,1,0,0,0,0,0,1,1,0,0,0,0,0,0,0,0,0,0,0,0,0,0,0,0,0,0,0,0,0,8,1,40.0405,-75.0589, , 
 ,29715,2015117662,6,67,67301,2015,10,3,1543,15,1,1,0,6,1, , ,N,0,0,0,3,0,0,4,2,N,N,39 58:47.184,75 07:45.386,1720, ,1715, ,0, ,N, ,0, , , , , ,350671, , , ,2,2,0,0,0,0,0,0,0,0,0,0,0,0,0,0,0,0,0,0,1,0,0,0,0,0,0,0,0,0,0,0,0,0,0,0,0,39.9798,-75.1293, , 
 ,29716,2015070188,6,67,67301,2015,6,1,2200,22,3,1,0,4,1, , ,N,1,2,2,3,0,1,2,2,N,N,39 58:28.663,75 11:57.118,2346, ,2323, ,0, ,N, ,3, , , , , ,350692, , , ,2,1,0,0,0,0,0,0,0,0,0,0,1,1,0,0,0,0,0,0,0,0,0,0,0,0,0,0,0,0,0,0,0,0,0,8,0,39.9746,-75.1992, , 
 ,29717,2015075679,6,67,67301,2015,7,6,1130,11,1,1,0,4,1, , ,N,1,3,0,3,0,1,4,2,N, ,39 58:18.717,75 08:55.168,1135, ,1130, ,0, , , ,3, , , , , ,350702, , , ,2,2,0,0,0,0,0,0,0,0,0,0,1,1,0,0,0,0,0,0,0,0,0,1,0,0,0,0,0,0,0,0,0,0,0,8,0,39.9719,-75.1487, , 
 ,29718,2015066210,6,67,67301,2015,6,4,1500,15,1,1,0,1,1, , ,N,0,0,0,3,0,1,2,2,N,N,40 00:54.560,75 05:35.143,1645, ,1636, ,0, ,N, ,0, , , , , ,350715, , , ,2,1,0,0,0,0,1,0,0,0,0,1,1,0,0,0,0,0,0,0,1,0,0,1,0,0,0,0,0,0,0,0,0,0,0,4,0,40.0152,-75.0931, , 
 ,29719,2015075822,6,67,67301,2015,7,4,1530,15,1,1,0,8,1, , ,N,1,3,0,3,0,1,2,2,N, ,39 59:46.183,75 07:24.887,1615, ,1613, ,0, , , ,3, , , , , ,350723, , , ,1,0,0,0,1,0,0,0,0,0,0,0,1,1,0,0,0,0,0,0,0,0,0,0,0,0,0,0,0,0,0,0,1,0,0,8,0,39.9962,-75.1236, , 
 ,29720,2015086197,6,67,67301,2015,8,1,210,2,3,1,0,1,1, , ,N,1,2,0,3,0,2,2,2,N, ,40 00:49.975,75 07:33.617,220, ,215,2,1,3, , ,3,N, , , , ,350730, , , ,2,0,0,0,1,0,0,1,0,0,0,2,2,0,0,0,0,0,0,0,1,0,0,0,0,0,0,0,0,0,0,0,0,0,0,4,0,40.0139,-75.126, , 
 ,29721,2015102009,6,67,67301,2015,9,3,930,9,1,1,0,8,1, , ,N,1,2,0,3,0,1,2,2,N, ,39 57:09.508,75 10:41.403,1110, ,1107, ,0, , , ,3, , , , , ,350739, , , ,1,0,0,0,0,0,0,1,0,0,0,1,1,0,0,0,0,0,0,0,0,0,0,0,0,0,0,0,0,0,0,0,1,0,0,4,0,39.9526,-75.1781, , 
 ,29722,2015114579,6,67,67301,2015,10,7,2014,20,3,1,0,4,1, , ,N,2,0,0,3,0,0,2,2,N,N,39 57:16.081,75 10:05.264,2020, ,2014, ,0, ,N, ,0, , , , , ,350753, , , ,2,2,0,0,0,0,0,0,0,0,0,0,0,0,0,0,0,0,0,0,0,0,0,0,0,0,0,0,0,0,0,0,0,0,0,0,0,39.9545,-75.1681, , 
 ,29723,2015091565,6,67,67301,2015,8,4,1018,10,1,1,0,1,1, , ,N,0,0,0,3,0,3,8,3,N,N,40 00:29.704,75 12:11.613,1018, ,1018, ,0, ,N, ,0, , , , , ,350770, , , ,3,0,0,0,0,0,2,0,0,0,0,0,3,3,1,0,0,0,0,0,0,0,0,0,0,0,0,0,0,0,0,0,0,0,0,8,0,40.0083,-75.2032, , 
 ,29724,2015114598,6,67,67301,2015,9,5,1017,10,1,1,0,2,1, , ,N,1,3,0,3,0,0,2,2,N,N,39 57:42.022,75 14:41.618,1200, ,1155, ,0, ,N, ,3, , , , , ,350792, , , ,2,2,0,0,0,0,0,0,0,0,0,0,0,0,1,0,0,0,0,0,1,1,0,0,0,0,0,0,0,0,0,0,0,0,0,9,0,39.9617,-75.2449, , 
 ,29725,2015094335,6,67,67301,2015,8,3,1236,12,1,1,0,1,1, , ,N,0,0,0,3,0,2,5,2,N,N,40 04:52.572,75 01:46.226,1323, ,1318,1,1,3, , ,0,N, , , , ,350805, , , ,2,0,0,0,0,0,2,0,0,0,0,2,2,0,0,0,0,0,0,0,2,0,0,0,0,0,0,0,0,0,0,0,0,0,0,4,0,40.0813,-75.0295, , 
Y,29726,2015051615,6,67,67301,2015,4,5,440,4,3,1,0,5,1,2,2,Y,6,8,2,3,0,0,2,2,N,N,39 57:36.094,75 10:47.782,440,90,440,1,2,3,N, ,3,N,N,Y,N,Y,350836,N,N,N,2,0,0,0,0,1,1,0,0,0,0,0,0,0,0,0,0,0,0,0,0,0,0,0,0,0,0,0,0,0,0,0,0,0,0,0,1,39.96,-75.1799, , 
 ,29727,2016013815,6,67,67301,2015,12,4,1126,11,1,1,0,4,1, , ,N,1,0,0,3,0,1,3,2,N, ,39 58:18.717,75 08:55.168,1350, ,1346, ,0, , , ,0, , , , , ,355899, , , ,2,2,0,0,0,0,0,0,0,0,0,1,1,0,0,0,0,0,0,0,0,0,0,0,0,0,0,0,0,0,0,0,0,0,0,4,0,39.9719,-75.1487, , 
 ,29728,2015072876,6,67,67301,2015,6,7,1450,14,1,1,0,8,1, , ,N,0,0,0,3,0,1,2,2,N, ,39 57:34.072,75 13:41.578,1510, ,1504, ,0, , , ,0, , , , , ,355915, , , ,1,0,0,0,0,0,1,0,0,0,0,1,1,0,0,0,0,0,0,0,0,0,0,0,0,0,0,0,0,0,0,0,1,0,0,4,0,39.9595,-75.2282, , 
 ,29729,2016000975,6,67,67301,2015,12,1,2057,20,3,1,0,1,1, , ,N,1,2,0,3,0,2,6,2,N,N,40 00:59.814,75 08:49.815,2057, ,2057,1,1,2,N, ,3,Y, , , , ,355916, , , ,2,1,0,0,0,0,0,1,0,0,0,0,2,2,0,0,0,0,0,0,0,0,0,0,0,0,0,0,0,0,0,0,0,0,0,8,0,40.0166,-75.1472, , 
 ,29730,2016015207,6,67,67301,2015,9,2,2230,22,3,1,0,4,1, , ,N,1,3,0,3,0,1,2,2,N,N,39 57:45.190,75 13:57.158,0, ,0, ,0, ,N, ,3, , , , , ,355921, , , ,2,2,0,0,0,0,0,0,0,0,0,0,1,1,0,0,0,0,0,0,0,1,0,0,0,0,0,0,0,0,0,0,0,0,0,8,0,39.9626,-75.2325, , 
 ,29731,2015120505,6,67,67301,2015,11,3,1114,11,1,1,2,5,6, , ,N,0,0,0,3,0,0,1,3,N, ,39 58:22.648,75 08:29.571,1145, ,1143,2,1,1, , ,0,N, , , , ,355925, , , ,3,2,0,0,0,0,1,0,0,0,0,0,0,0,0,0,0,0,0,0,0,0,0,0,0,0,0,0,0,0,0,0,0,0,0,0,0,39.973,-75.1415, , 
 ,29732,2015125407,6,67,67301,2015,12,3,1715,17,3,2,1,1,1, , ,N,0,0,0,3,0,0,2,2,N,N,40 02:23.602,75 00:24.286,1728, ,1721,1,2,2,N, ,0,N, , , , ,355929, , , ,2,2,0,0,0,0,0,0,0,0,0,0,0,0,0,0,0,0,0,0,0,0,0,0,0,0,0,0,0,0,0,0,0,0,0,0,0,40.0399,-75.0067, , 
 ,29733,2015129151,6,67,67301,2015,11,1,342,3,3,1,1,7,2, , ,N,0,0,0,3,0,0,1,1,N,N,39 58:14.225,75 11:34.536,342, ,342, ,0, ,N, ,0, , , , , ,355932, , , ,1,1,0,0,0,0,0,0,0,0,0,0,0,0,0,0,0,0,0,0,0,0,0,0,0,0,0,0,0,0,0,0,0,0,0,0,0,39.9706,-75.1929, , 
 ,29734,2015132715,6,67,67301,2015,12,3,1733,17,3,1,0,1,1, , ,N,0,0,0,3,0,1,4,4,N,N,40 03:01.136,74 59:31.917,1757, ,1733, ,0, ,N, ,0, , , , , ,355937, , , ,4,3,0,0,0,0,1,0,0,0,0,0,1,1,0,0,0,0,0,0,0,0,0,0,0,0,0,0,0,0,0,0,0,0,0,8,0,40.0503,-74.9922, , 
 ,29735,2015128549,6,67,67301,2015,11,6,452,4,3,1,0,4,1, , ,N,5,2,0,3,0,0,2,2,N,N,40 01:35.616,75 09:02.840,543, ,535,2,1,4, , ,3,N, , , , ,355960, , , ,2,2,0,0,0,0,0,0,0,0,0,0,0,0,0,0,0,0,0,0,0,0,0,1,0,0,0,0,0,0,0,0,0,0,0,0,0,40.0266,-75.1508, , 
 ,29736,2015130327,6,67,67301,2015,11,1,2130,21,6,1,0,8,1, , ,N,0,0,0,3,0,1,2,2,N, ,40 01:27.159,75 10:22.947,1035, ,1030, ,0, , , ,0, , , , , ,355961, , , ,1,0,0,0,0,0,1,0,0,0,0,1,1,0,0,0,0,0,0,0,0,0,0,1,0,0,0,0,0,0,0,0,1,0,0,4,0,40.0242,-75.173, , 
 ,29737,2015070598,6,67,67301,2015,6,2,320,3,3,1,0,4,1, , ,N,1,2,0,3,0,1,2,2,N,N,40 02:20.942,75 06:36.006,330, ,325, ,0, ,N, ,3, , , , , ,355979, , , ,2,1,0,0,0,0,1,0,0,0,0,1,1,0,0,0,0,0,0,0,0,0,0,0,0,0,0,0,0,0,0,0,0,0,0,4,0,40.0392,-75.11, , 
 ,29738,2015075784,6,67,67301,2015,7,6,1622,16,1,1,0,4,1, , ,N,1,2,0,3,0,1,2,2,N,N,39 58:33.078,75 07:12.081,1628, ,1626, ,0, ,N, ,3, , , , , ,355987, , , ,2,1,0,0,1,0,0,0,0,0,0,1,1,0,0,0,0,0,0,0,0,0,0,0,0,0,0,0,0,0,0,0,0,0,0,4,0,39.9759,-75.12, , 
 ,29739,2015086999,6,67,67301,2015,3,3,1530,15,1,1,0,1,1, , ,N,0,2,0,3,0,2,3,2,N,N,40 02:43.923,75 09:53.715,0, ,0, ,0, ,N, ,3, , , , , ,355994, , , ,2,1,0,0,0,0,1,0,0,0,0,0,2,2,0,0,0,0,0,0,0,1,0,0,0,0,0,0,0,0,0,0,0,0,0,8,0,40.0455,-75.1649, , 
 ,29740,2015106374,6,67,67301,2015,9,7,855,8,1,1,0,4,1, , ,N,2,3,0,3,0,3,3,2,N,N,40 02:07.320,75 01:51.321,903, ,900, ,0, ,N, ,3, , , , , ,356011, , , ,2,0,0,0,0,0,2,0,0,0,0,3,3,0,0,0,0,0,0,0,1,0,0,0,0,0,0,0,0,0,0,0,0,0,0,4,0,40.0354,-75.0309, , 
 ,29741,2015125284,6,67,67301,2015,11,1,928,9,1,2,1,0,2, , ,N,0,0,0,3,0,0,1,1,N,N,39 53:33.129,75 13:32.466,1005, ,945, ,0, ,N, ,0, , , , , ,356021, , , ,1,1,0,0,0,0,0,0,0,0,0,0,0,0,0,0,0,0,0,0,0,0,0,0,0,0,0,0,0,0,0,0,0,0,0,0,0,39.8925,-75.2257, , 
 ,29742,2015053940,6,67,67301,2015,4,4,1525,15,1,1,0,1,6, , ,N,0,0,0,3,0,1,1,3,N,N,39 57:31.898,75 13:41.566,1750, ,1745,2,1,3,N, ,0,N, , , , ,356040, , , ,3,2,0,0,0,0,1,0,0,0,0,1,1,0,0,0,0,0,0,0,0,0,0,0,0,0,0,0,0,0,0,0,0,0,0,4,0,39.9589,-75.2282, , 
 ,29743,2015061699,6,67,67301,2015,5,1,1400,14,1,1,0,4,1, , ,N,1,3,0,3,0,1,3,2,N,N,39 59:42.111,75 13:39.536,1632, ,1626, ,0, ,N, ,3, , , , , ,356048, , , ,2,2,0,0,0,0,0,0,0,0,0,1,1,0,0,0,0,0,0,0,0,1,0,0,0,0,0,0,0,0,0,0,0,0,0,4,0,39.995,-75.2276, , 
 ,29744,2015070278,6,67,67301,2015,6,7,2334,23,3,2,1,7,4, , ,N,0,0,0,3,0,0,1,1,N,N,39 56:25.231,75 08:36.926,2340, ,2334, ,0, ,N, ,0, , , , , ,356057, , , ,1,1,0,0,0,0,0,0,0,0,0,0,0,0,0,0,0,0,0,0,0,0,0,0,0,0,0,0,0,0,0,0,0,0,0,0,0,39.9403,-75.1436, , 
 ,29745,2015081121,6,67,67301,2015,7,5,1940,19,1,1,0,1,1, , ,N,5,2,0,3,0,1,2,2,N,N,40 02:25.631,75 03:56.177,1944, ,1944, ,0, , , ,3, , , , , ,356064, , , ,2,1,0,0,0,0,1,0,0,0,0,0,1,1,0,0,0,0,0,0,0,0,0,0,0,0,0,0,0,0,0,0,0,0,0,8,0,40.0404,-75.0655, , 
 ,29746,2015109273,6,67,67301,2015,10,3,1025,10,1,1,0,4,1, , ,N,1,2,0,3,0,0,2,2,N, ,39 58:49.670,75 13:41.343,1106, ,1101, ,0, , , ,3, , , , , ,353561, , , ,2,0,0,0,0,0,1,1,0,0,0,0,0,0,1,0,0,0,0,0,0,0,0,0,0,0,0,0,0,0,0,0,0,0,0,9,0,39.9805,-75.2282, , 
 ,29747,2015061733,6,67,67301,2015,5,3,2200,22,3,1,0,4,1, , ,N,1,3,0,3,0,1,2,2,N,N,39 56:04.016,75 11:21.922,957, ,945, ,0, ,N, ,3, , , , , ,353565, , , ,1,1,0,0,0,0,0,0,1,0,0,0,1,1,1,0,0,0,0,0,0,0,0,0,0,0,0,0,0,0,0,0,0,0,0,8,0,39.9344,-75.1894, , 
 ,29748,2015083400,6,67,67301,2015,7,5,1552,15,1,2,1,4,1, , ,N,2,0,0,3,0,1,2,2,N,N,39 55:31.440,75 14:14.884,1606, ,1600, ,0, ,N, ,0, , , , , ,353579, , , ,1,0,0,0,0,0,0,1,1,0,0,1,1,0,0,0,0,0,0,0,1,0,0,0,0,0,0,0,0,0,0,0,0,0,0,4,0,39.9254,-75.2375, , 
 ,29749,2015083419,6,67,67301,2015,7,1,2315,23,3,1,0,4,1, , ,N,1,2,0,3,0,0,3,2,N,N,40 01:47.921,75 06:15.655,2325, ,2320, ,0, ,N, ,3, , , , , ,353580, , , ,2,1,0,0,0,0,0,0,0,0,0,0,0,0,0,0,0,0,0,0,1,0,0,0,0,0,0,0,0,0,0,0,0,0,0,0,0,40.03,-75.1043, , 
 ,29750,2015099067,6,67,67301,2015,9,1,125,1,3,1,0,1,1, , ,N,1,2,0,3,0,1,5,2,N,N,40 06:16.480,75 00:08.268,130, ,125,2,2,2,N, ,3,N, , , , ,353596, , , ,2,1,0,0,1,0,0,0,0,0,0,1,1,0,0,0,0,0,0,0,0,0,0,0,0,0,0,0,0,0,0,0,0,0,0,4,0,40.1044,-75.0021, , 
 ,29751,2015099079,6,67,67301,2015,8,2,1638,16,1,1,0,1,1, , ,N,5,2,0,3,0,2,2,2,N, ,40 00:52.185,75 07:52.121,1642, ,1640,9,1,1, , ,3,N, , , , ,353597, , , ,2,0,0,0,0,0,2,0,0,0,0,0,2,2,0,0,0,0,0,0,0,0,0,0,0,0,0,0,0,0,0,0,0,0,0,8,0,40.0145,-75.1311, , 
 ,29752,2015091151,6,67,67301,2015,8,4,1922,19,1,1,0,4,1, , ,N,2,0,0,3,0,1,2,2,N,N,39 56:59.672,75 14:21.271,1928, ,1924, ,0, ,N, ,0, , , , , ,353630, , , ,1,0,0,0,0,0,0,0,1,0,0,1,1,0,0,0,0,0,0,0,0,0,0,0,0,0,0,0,0,0,0,0,0,0,0,4,0,39.9499,-75.2392, , 
 ,29753,2015109350,6,67,67301,2015,10,7,355,3,3,2,1,4,1, , ,N,1,2,0,3,0,3,3,2,N,N,40 00:53.164,75 05:07.676,405, ,359,9,1,1,N, ,3,N, , , , ,353634, , , ,2,2,0,0,0,0,0,0,0,0,0,0,3,3,0,0,0,0,1,0,0,0,0,0,0,0,0,0,0,0,0,0,0,0,0,8,0,40.0148,-75.0855, , 
 ,29754,2015116156,6,67,67301,2015,10,1,1530,15,1,1,0,4,1, , ,N,0,3,7,3,0,1,4,2,N,N,40 04:26.322,75 02:04.325,1653, ,1636, ,0, ,N, ,3, , , , , ,353640, , , ,2,1,0,0,0,0,1,0,0,0,0,0,1,1,0,0,0,0,0,0,0,0,0,0,0,0,0,0,0,0,0,0,0,0,0,8,0,40.074,-75.0345, , 
 ,29755,2015117627,6,67,67301,2015,11,1,138,1,2,1,0,6,4, , ,N,0,0,0,3,0,1,1,3,N,N,40 02:25.645,75 14:30.493,9999, ,138, ,0, , , ,0, , , , , ,353643, , , ,3,1,0,0,0,0,1,0,0,0,0,1,1,0,0,0,0,0,0,0,0,0,0,1,0,0,0,0,0,0,0,0,0,0,0,4,0,40.0405,-75.2418, , 
 ,29756,2015054823,6,67,67301,2015,5,4,1424,14,1,1,0,1,1, , ,N,0,0,0,3,0,0,4,3,N,N,39 57:35.056,75 10:36.225,1439, ,1430,1,2,4,N, ,0,N, , , , ,353654, , , ,3,1,0,0,1,0,0,1,0,0,0,0,0,0,0,0,0,1,0,0,0,0,0,0,0,0,0,0,0,0,0,0,0,0,0,0,0,39.9597,-75.1767, , 
 ,29757,2015091087,6,67,67301,2015,7,3,1625,16,1,2,1,6,1, , ,N,0,0,0,3,0,1,6,5,N,N,39 58:18.520,75 11:23.968,1639, ,1628,2,2,5,N, ,0,Y, , , , ,353711, , , ,5,5,0,0,0,0,0,0,0,0,1,0,1,0,0,0,0,0,0,0,0,0,0,0,0,0,0,0,0,0,0,0,0,0,0,3,0,39.9718,-75.19, , 
 ,29758,2015092557,6,67,67301,2015,8,5,1355,13,1,1,0,9,1, , ,N,0,0,0,3,0,0,1,1,N,N,39 59:39.757,75 05:03.349,1409, ,1400, ,0, ,N, ,0, , , , , ,353713, , , ,1,1,0,0,0,0,0,0,0,0,0,0,0,0,0,0,0,0,0,0,0,0,0,0,0,0,0,0,0,0,0,0,0,0,0,0,0,39.9944,-75.0843, , 
 ,29759,2015103428,6,67,67301,2015,9,6,2230,22,3,1,0,4,1, , ,N,1,3,0,3,0,0,4,2,N,N,40 01:23.210,75 07:26.428,2325, ,2230, ,0, ,N, ,3, , , , , ,353722, , , ,2,2,0,0,0,0,0,0,0,0,0,0,0,0,0,0,0,0,0,0,0,0,0,3,0,0,0,0,0,0,0,0,0,0,0,0,0,40.0231,-75.124, , 
 ,29760,2015082821,6,67,67301,2015,7,7,1501,15,1,1,1,7,3, , ,N,6,0,2,3,0,0,1,1,N,N,39 59:50.669,75 04:55.143,1525, ,1503,2,1,1,N, ,0,N, , , , ,353734, , , ,1,1,0,0,0,0,0,0,0,0,0,0,0,0,0,0,0,0,0,0,0,0,0,0,0,0,0,0,0,0,0,0,0,0,0,0,0,39.9974,-75.082, , 
 ,29761,2015086263,6,67,67301,2015,8,2,529,5,1,1,0,4,1, , ,N,1,3,0,3,0,1,2,2,N,N,39 56:13.246,75 10:30.496,610, ,529, ,0, ,N, ,3, , , , , ,353736, , , ,1,1,0,0,0,0,0,0,1,0,0,1,1,0,0,0,0,0,0,0,0,0,0,0,0,0,0,0,0,0,0,0,0,0,0,4,0,39.937,-75.1751, , 
 ,29762,2015092988,6,67,67301,2015,8,3,9999,99,8,1,0,1,6, , ,N,0,0,0,3,0,0,1,2,N, ,39 59:37.330,75 07:26.310,746, ,746, ,0, , , ,0, , , , , ,353745, , , ,2,0,0,0,1,0,0,1,0,0,0,0,0,0,0,0,0,0,0,0,0,0,0,1,0,0,0,0,0,0,0,0,0,0,0,0,0,39.9937,-75.124, , 
 ,29763,2015117635,6,67,67301,2015,10,1,2356,23,3,1,0,4,1, , ,N,1,2,0,3,0,2,3,2,N,N,40 01:57.810,75 06:23.231,10, ,0, ,0, ,N, ,3, , , , , ,353758, , , ,2,1,0,0,0,0,1,0,0,0,0,0,2,2,0,0,0,0,0,0,1,0,0,0,0,0,0,0,0,0,0,0,0,0,0,8,0,40.0329,-75.1067, , 
 ,29764,2015101249,6,67,67301,2015,9,4,845,8,1,1,0,7,2, , ,N,0,0,0,3,0,1,1,1,N,N,39 55:21.992,75 08:50.971,853, ,845, ,0, ,N, ,0, , , , , ,353775, , , ,1,1,0,0,0,0,0,0,0,1,0,0,1,0,0,0,0,0,0,0,0,0,0,1,0,1,0,0,0,0,0,0,0,0,0,2,0,39.9228,-75.1475, , 
 ,29765,2015120093,6,67,67301,2015,10,2,255,2,3,1,0,4,1, , ,N,5,2,0,3,0,1,2,2,N,N,40 01:31.012,75 07:25.742,315, ,305, ,0, ,N, ,3, , , , , ,347858, , , ,2,2,0,0,0,0,0,0,0,0,0,1,1,0,0,0,0,0,0,0,0,0,0,2,0,0,0,0,0,0,0,0,0,0,0,4,0,40.0253,-75.1238, , 
 ,29766,2015056929,6,67,67301,2015,5,7,1326,13,1,1,0,1,1, , ,N,0,2,7,3,0,1,4,3,N, ,40 04:59.699,75 01:33.428,1414, ,1356,1,1,1, , ,3,N, , , , ,347875, , , ,3,1,0,0,0,0,1,1,0,0,0,1,1,0,0,0,0,0,0,0,2,0,0,0,0,0,0,0,0,0,0,0,0,0,0,4,0,40.0832,-75.026, , 
 ,29767,2015069736,6,67,67301,2015,6,2,1501,15,1,1,0,4,1, , ,N,5,2,1,3,0,1,2,2,N,N,40 00:10.274,75 06:06.094,1518, ,1508, ,0, , , ,3, , , , , ,347885, , , ,2,0,1,0,0,0,0,1,0,0,1,0,1,0,0,0,0,0,0,0,1,0,0,0,0,0,0,0,0,0,0,0,0,0,0,3,0,40.0029,-75.1017, , 
 ,29768,2015081097,6,67,67301,2015,7,5,1,0,3,1,0,4,1, , ,N,2,2,0,3,0,0,2,2,N, ,40 02:21.794,75 03:37.017,25, ,21,1,1,2, , ,3,Y, , , , ,347892, , , ,2,1,0,0,0,0,0,0,0,0,0,0,0,0,0,0,0,0,0,0,0,0,0,0,0,0,0,0,0,0,0,0,0,0,0,0,0,40.0394,-75.0603, , 
 ,29769,2015084294,6,67,67301,2015,1,4,1600,16,1,1,0,1,1, , ,N,1,2,0,3,0,1,2,2,N,N,40 01:24.687,75 08:00.078,0, ,0, ,0, ,N, ,3, , , , , ,347895, , , ,2,1,0,0,0,0,0,0,0,0,0,0,1,1,0,0,0,0,0,0,0,0,0,0,0,0,0,0,0,0,0,0,0,0,0,8,0,40.0235,-75.1334, , 