wz_ln_closure,objectid_1,crn,district,county,municipality,crash_year,crash_month,day_of_week,time_of_day,hour_of_day,illumination,weather,road_condition,collision_type,relation_to_road,work_zone_type,work_zone_loc,work_zone_ind,intersect_type,tcd_type,location_type,urban_rural,fatal_count,injury_count,person_count,total_units,sch_bus_ind,sch_zone_ind,latitude,longitude,arrival_tm,cons_zone_spd_lim,dispatch_tm,est_hrs_closed,lane_closed,ln_close_dir,ntfy_hiwy_maint,spec_juris_cd,tcd_func_cd,tfc_detour_ind,workers_pres,wz_close_detour,wz_flagger,wz_law_offcr_ind,objectid,wz_moving,wz_other,wz_shlder_mdn,vehicle_count,automobile_count,motorcycle_count,bus_count,small_truck_count,heavy_truck_count,suv_count,van_count,bicycle_count,maj_inj_count,mod_inj_count,min_inj_count,tot_inj_count,unk_inj_deg_count,unk_inj_per_count,driver_count_16yr,driver_count_17yr,driver_count_18yr,driver_count_19yr,driver_count_20yr,driver_count_50_64yr,driver_count_65_74yr,driver_count_75plus,unbelted_occ_count,unb_death_count,unb_maj_inj_count,belted_death_count,belted_maj_inj_count,mcycle_death_count,mcycle_maj_inj_count,bicycle_death_count,bicycle_maj_inj_count,ped_count,ped_death_count,ped_maj_inj_count,max_severity_level,comm_veh_count,dec_lat,dec_long,rdwy_surf_type_cd,county_name
 ,29770,2015087063,6,67,67301,2015,4,2,1000,10,1,1,0,4,1, , ,N,1,2,0,3,0,1,2,2,N,N,39 58:19.594,75 14:49.012,0, ,0, ,0, ,N, ,3, , , , , ,347901, , , ,2,1,0,0,0,0,1,0,0,0,1,0,1,0,0,0,0,0,0,0,1,0,0,0,0,0,0,0,0,0,0,0,0,0,0,3,0,39.9721,-75.2469, , 
 ,29771,2015092074,6,67,67301,2015,8,1,1643,16,1,1,0,0,1, , ,N,0,0,0,3,0,1,1,1,N, ,40 00:03.667,75 11:11.975,1644, ,1633, ,0, , , ,0, , , , , ,347924, , , ,1,0,1,0,0,0,0,0,0,0,0,0,1,1,0,0,0,0,0,0,1,0,0,0,0,0,0,0,0,0,0,0,0,0,0,8,0,40.001,-75.1867, , 
 ,29772,2015075714,6,67,67301,2015,7,1,300,3,3,1,0,5,1, , ,N,0,0,0,3,0,0,2,2,N, ,40 02:50.628,75 10:10.002,304, ,304, ,0, , , ,0, , , , , ,347948, , , ,2,1,0,0,0,0,0,0,0,0,0,0,0,0,1,0,0,0,0,0,0,0,0,0,0,0,0,0,0,0,0,0,0,0,0,9,0,40.0474,-75.1694, , 
 ,29773,2015084025,6,67,67301,2015,8,2,1709,17,1,1,0,1,1, , ,N,0,0,0,3,0,1,3,2,N,N,39 57:29.302,75 09:53.182,1738, ,1712, ,0, ,N, ,0, , , , , ,347955, , , ,2,0,0,0,0,1,1,0,0,0,0,0,1,1,0,0,0,0,0,0,0,0,0,0,0,0,0,0,0,0,0,0,0,0,0,8,1,39.9581,-75.1648, , 
 ,29774,2015085263,6,67,67301,2015,8,3,1740,17,1,1,0,4,2, , ,N,0,0,7,3,0,1,3,2,N,N,40 00:44.800,75 06:53.400,1750, ,1750, ,0, ,N, ,0, , , , , ,347957, , , ,2,2,0,0,0,0,0,0,0,0,0,1,1,0,0,0,0,0,0,0,0,0,0,0,0,0,0,0,0,0,0,0,0,0,0,4,0,40.0124,-75.1148, , 
 ,29775,2015090962,6,67,67301,2015,9,6,1028,10,1,1,0,7,4, , ,N,0,0,2,3,0,0,1,1,N,N,39 54:38.560,75 10:25.285,1035, ,1030, ,0, ,N, ,0, , , , , ,347962, , , ,1,0,0,0,0,0,1,0,0,0,0,0,0,0,0,0,0,0,0,0,0,0,0,0,0,0,0,0,0,0,0,0,0,0,0,0,0,39.9107,-75.1737, , 
 ,29776,2015131787,6,67,67301,2015,12,4,2355,23,3,1,0,4,1, , ,N,1,3,0,3,0,1,4,2,N,N,39 55:38.420,75 09:25.955,1, ,2355, ,0, ,N, ,3, , , , , ,347968, , , ,2,1,0,0,0,0,1,0,0,0,0,0,1,1,0,0,0,0,0,0,0,0,0,2,0,0,0,0,0,0,0,0,0,0,0,8,0,39.9273,-75.1572, , 
 ,29777,2015064336,6,67,67301,2015,6,4,550,5,3,1,0,7,4, , ,N,0,0,0,3,0,0,1,1,N,N,39 57:06.028,75 10:13.580,555, ,552, ,0, , , ,0, , , , , ,347979, , , ,1,0,0,0,0,0,1,0,0,0,0,0,0,0,0,0,0,0,0,0,0,0,0,0,0,0,0,0,0,0,0,0,0,0,0,0,0,39.9517,-75.1704, , 
 ,29778,2015070280,6,67,67301,2015,6,1,1350,13,1,1,0,1,1, , ,N,0,0,0,3,0,1,4,3,N,N,40 00:34.299,75 12:26.171,1406, ,1400,1,2,3,N, ,0,N, , , , ,347986, , , ,3,3,0,0,0,0,0,0,0,0,1,0,1,0,0,0,0,0,0,0,1,0,0,0,0,0,0,0,0,0,0,0,0,0,0,3,0,40.0095,-75.2073, , 
 ,29779,2015081080,6,67,67301,2015,7,4,1547,15,1,1,0,8,1, , ,N,0,0,7,3,0,1,2,2,N, ,40 02:53.761,75 03:33.597,1550, ,1550, ,0, , , ,0, , , , , ,347996, , , ,1,1,0,0,0,0,0,0,0,0,0,1,1,0,0,0,0,0,0,0,0,0,0,0,0,0,0,0,0,0,0,0,1,0,0,4,0,40.0483,-75.0593, , 
 ,29780,2015085282,6,67,67301,2015,8,1,454,4,3,1,0,7,5, , ,N,0,0,0,3,0,3,3,1,N,N,40 00:15.534,75 11:26.466,459, ,457, ,0, ,N, ,0, , , , , ,348001, , , ,1,1,0,0,0,0,0,0,0,0,0,3,3,0,0,0,0,0,0,0,0,0,0,1,0,0,0,0,0,0,0,0,0,0,0,4,0,40.0043,-75.1907, , 
 ,29781,2015089608,6,67,67301,2015,8,3,1009,10,1,1,0,4,1, , ,N,1,0,0,3,0,0,3,2,N,N,40 00:12.535,75 10:03.090,1010, ,1009, ,0, ,N, ,0, , , , , ,348006, , , ,2,1,0,0,0,0,0,1,0,0,0,0,0,0,0,0,0,0,0,0,0,1,0,3,0,0,0,0,0,0,0,0,0,0,0,0,0,40.0035,-75.1675, , 
 ,29782,2015093543,6,67,67301,2015,8,4,1823,18,1,1,0,1,1, , ,N,0,0,0,3,0,1,2,2,N,N,40 02:17.467,75 00:36.730,1847, ,1823, ,0, ,N, ,0, , , , , ,348007, , , ,2,1,0,0,0,0,1,0,0,0,0,1,1,0,0,0,0,0,0,0,0,0,0,0,0,0,0,0,0,0,0,0,0,0,0,4,0,40.0382,-75.0102, , 
 ,29783,2015095724,6,67,67301,2015,8,6,400,4,3,1,0,7,4, , ,N,2,2,0,3,0,1,1,1,N,N,40 05:03.219,74 59:24.172,410, ,405,2,1,2,N, ,3,N, , , , ,348010, , , ,1,1,0,0,0,0,0,0,0,0,0,0,1,1,0,0,0,0,0,0,0,0,0,1,0,0,0,0,0,0,0,0,0,0,0,8,0,40.0841,-74.9902, , 
N,29784,2015051634,6,67,67301,2015,4,5,927,9,1,1,0,1,1,1,4,Y,0,0,0,3,0,1,2,2,N,N,39 59:57.047,75 04:49.584,942,45,927, ,0, ,N, ,0, ,N,N,N,N,350837,N,Y,Y,2,2,0,0,0,0,0,0,0,0,0,0,1,1,0,0,0,0,0,0,0,0,0,0,0,0,0,0,0,0,0,0,0,0,0,8,0,39.9992,-75.0804, , 
 ,29785,2015069662,6,67,67301,2015,6,5,100,1,3,1,0,4,1, , ,N,1,2,0,3,0,2,4,2,N,N,39 57:17.491,75 09:04.108,108, ,105,3,1,3,N, ,3,Y, , , , ,350846, , , ,2,2,0,0,0,0,0,0,0,0,0,0,2,2,1,0,0,0,0,0,0,0,0,0,0,0,0,0,0,0,0,0,0,0,0,8,0,39.9549,-75.1511, , 
 ,29786,2015070252,6,67,67301,2015,6,5,813,8,1,1,0,1,1, , ,N,0,8,0,3,0,0,4,3,N,N,39 59:31.023,75 12:07.271,813, ,813, ,0, ,N, ,3, , , , , ,350847, , , ,3,2,0,0,0,0,1,0,0,0,0,0,0,0,0,0,0,0,0,0,1,0,1,0,0,0,0,0,0,0,0,0,0,0,0,0,0,39.992,-75.202, , 
 ,29787,2015073655,6,67,67301,2015,7,1,712,7,1,1,0,7,4, , ,N,0,0,1,3,0,1,1,1,N,N,40 01:10.929,75 08:55.790,728, ,713, ,0, ,N, ,0, , , , , ,350850, , , ,1,1,0,0,0,0,0,0,0,0,0,1,1,0,0,0,0,0,0,0,0,0,0,0,0,0,0,0,0,0,0,0,0,0,0,4,0,40.0197,-75.1489, , 
 ,29788,2015099011,6,67,67301,2015,9,6,1620,16,1,1,0,8,1, , ,N,1,2,0,3,0,1,2,2,N, ,39 57:18.079,75 10:04.799,1625, ,1622, ,0, ,N, ,3, , , , , ,350860, , , ,1,0,0,0,0,0,1,0,0,0,0,0,1,1,0,0,0,0,0,0,0,0,0,0,0,0,0,0,0,0,0,0,1,0,0,8,0,39.955,-75.168, , 
 ,29789,2015110339,6,67,67301,2015,10,6,1600,16,1,2,1,4,1, , ,N,0,0,0,3,0,3,3,2,N,N,39 58:01.851,75 10:12.918,1618, ,1613, ,0, ,N, ,0, , , , , ,350869, , , ,2,2,0,0,0,0,0,0,0,0,0,1,3,2,0,0,0,0,0,0,2,0,0,0,0,0,0,0,0,0,0,0,0,0,0,4,0,39.9672,-75.1703, , 
 ,29790,2015078260,6,67,67301,2015,7,2,1659,16,1,1,0,8,1, , ,N,0,0,0,3,0,1,2,2,N, ,39 55:21.215,75 09:20.194,1702, ,1700, ,0, , , ,0, , , , , ,350878, , , ,1,0,0,0,0,0,0,1,0,0,0,0,1,1,0,0,0,0,0,0,1,0,0,0,0,0,0,0,0,0,0,0,1,0,0,8,0,39.9226,-75.1556, , 
 ,29791,2015082624,6,67,67301,2015,7,4,830,8,1,1,1,1,1, , ,N,0,0,0,3,0,1,3,3,N, ,39 54:47.724,75 11:32.192,845, ,837, ,0, , , ,0, , , , , ,350881, , , ,3,3,0,0,0,0,0,0,0,0,0,1,1,0,0,0,0,0,0,0,1,0,0,0,0,0,0,0,0,0,0,0,0,0,0,4,0,39.9133,-75.1923, , 
 ,29792,2015083385,6,67,67301,2015,7,4,1815,18,1,1,0,5,6, , ,N,0,0,0,3,0,0,2,2,N, ,40 04:28.522,75 10:39.807,1829, ,1822, ,0, , , ,0, , , , , ,350882, , , ,2,1,0,0,1,0,0,0,0,0,0,0,0,0,0,0,0,0,0,0,0,0,0,0,0,0,0,0,0,0,0,0,0,0,0,0,0,40.0746,-75.1777, , 
 ,29793,2015085326,6,67,67301,2015,8,2,1950,19,1,1,0,5,6, , ,N,0,0,0,3,0,1,1,3,N, ,40 02:01.403,75 05:34.308,2005, ,2003, ,0, , , ,0, , , , , ,350886, , , ,3,3,0,0,0,0,0,0,0,0,0,0,1,1,0,0,0,0,1,0,0,0,0,0,0,0,0,0,0,0,0,0,0,0,0,8,0,40.0337,-75.0929, , 
 ,29794,2015088682,6,67,67301,2015,8,4,2310,23,3,1,0,4,1, , ,N,1,3,0,3,0,3,3,2,N,N,39 57:49.841,75 13:12.286,2311, ,2311, ,0, ,N, ,3, , , , , ,350888, , , ,2,2,0,0,0,0,0,0,0,0,0,0,3,3,0,0,0,0,0,0,1,0,0,0,0,0,0,0,0,0,0,0,0,0,0,8,0,39.9638,-75.2201, , 
 ,29795,2015095154,6,67,67301,2015,9,6,2201,22,3,1,0,1,1, , ,N,0,0,0,3,1,0,2,2,N, ,39 59:28.676,75 13:23.455,2209, ,2201,2,2,6, ,0,0,Y, , , , ,350900, , , ,1,0,0,0,1,0,0,0,1,0,0,0,0,0,0,0,0,0,0,0,0,0,0,0,0,0,0,0,0,0,1,0,0,0,0,1,0,39.9913,-75.2232,2, 
 ,29796,2015130283,6,67,67301,2015,11,7,1405,14,1,2,0,4,1, , ,N,0,0,0,3,0,1,2,2,N,N,39 54:15.750,75 09:56.395,1415, ,1405, ,0, ,N, ,0, , , , , ,350907, , , ,2,1,0,0,0,0,1,0,0,0,0,1,1,0,0,0,0,0,0,0,0,0,0,1,0,0,0,0,0,0,0,0,0,0,0,4,0,39.9044,-75.1657, , 
 ,29797,2015130374,6,67,67301,2015,11,2,1110,11,1,1,0,4,1, , ,N,5,2,2,3,0,1,2,2,N, ,39 57:27.542,75 09:44.544,1116, ,1112, ,0, , , ,3, , , , , ,350908, , , ,2,1,0,0,0,1,0,0,0,1,0,0,1,0,0,0,0,0,0,0,0,0,0,0,0,0,0,1,0,0,0,0,0,0,0,2,1,39.9577,-75.1624, , 
 ,29798,2015082848,6,67,67301,2015,7,1,1940,19,1,1,0,1,1, , ,N,0,0,0,3,0,7,12,4,N,N,39 58:34.395,75 11:44.610,1940, ,1940,3,2,3,N, ,0,N, , , , ,350922, , , ,4,2,0,0,0,0,0,2,0,0,0,7,7,0,1,0,0,0,0,0,1,0,0,1,0,0,0,0,0,0,0,0,0,0,0,4,0,39.9762,-75.1957, , 
 ,29799,2015084455,6,67,67301,2015,7,6,1540,15,1,1,0,5,1, , ,N,2,2,0,3,0,3,54,2,N, ,39 57:09.365,75 09:55.348,1540, ,1540, ,0, , , ,3, , , , , ,350923, , , ,2,0,0,2,0,0,0,0,0,0,0,3,3,0,0,0,0,0,0,0,2,0,0,0,0,0,0,0,0,0,0,0,0,0,0,4,2,39.9526,-75.1653, , 
 ,29800,2015085307,6,67,67301,2015,7,2,2030,20,1,1,0,1,1, , ,N,0,0,0,3,0,0,2,3,N,N,39 57:45.800,75 13:34.700,9999, ,9999, ,0, ,N, ,0, , , , , ,350924, , , ,3,2,0,0,0,0,1,0,0,0,0,0,0,0,2,0,0,0,0,0,1,0,0,0,0,0,0,0,0,0,0,0,0,0,0,9,0,39.9627,-75.2263, , 
 ,29801,2015098968,6,67,67301,2015,9,4,2240,22,3,1,0,4,1, , ,N,1,2,0,3,0,1,2,2,N, ,39 56:23.586,75 10:59.271,2339, ,2336, ,0, , , ,3, , , , , ,350934, , , ,1,1,0,0,0,0,0,0,1,0,0,0,1,1,0,0,0,0,0,0,0,0,0,0,0,0,0,0,0,0,0,0,0,0,0,8,0,39.9399,-75.1831, , 
 ,29802,2015100701,6,67,67301,2015,9,2,9999,99,4,1,0,4,1, , ,N,1,2,0,3,0,1,2,2,N,N,39 58:19.903,75 14:41.959,1901, ,1900,9,1,2,N, ,3,N, , , , ,356084, , , ,1,1,0,0,0,0,0,0,1,0,0,1,1,0,0,0,0,0,0,0,0,0,0,0,0,0,0,0,0,0,0,0,0,0,0,4,0,39.9722,-75.2449, , 
 ,29803,2015112188,6,67,67301,2015,10,7,2125,21,3,1,0,4,1, , ,N,1,2,0,3,0,1,2,2,N,N,39 56:49.128,75 09:52.935,15, ,8, ,0, , , ,3, , , , , ,356092, , , ,2,1,1,0,0,0,0,0,0,0,0,1,1,0,0,0,0,0,0,0,0,1,0,0,0,0,0,0,0,0,0,0,0,0,0,4,0,39.947,-75.1647, , 
 ,29804,2015121012,6,67,67301,2015,10,5,1045,10,1,1,0,4,1, , ,N,0,0,7,3,0,1,2,2,N, ,40 02:27.309,75 13:29.695,1054, ,1049, ,0, , , ,0, , , , , ,356117, , , ,2,1,0,0,0,0,1,0,0,0,0,0,1,1,0,0,0,0,0,0,1,0,0,0,0,0,0,0,0,0,0,0,0,0,0,8,0,40.0409,-75.2249, , 
 ,29805,2015134657,6,67,67301,2015,12,3,911,9,1,1,0,4,1, , ,N,1,2,0,3,0,3,3,3,N,N,39 59:49.557,75 14:07.172,916, ,911,1,2,2,N, ,3,Y, , , , ,356130, , , ,3,1,0,0,0,0,0,2,0,0,0,3,3,0,0,0,0,0,0,1,1,0,0,0,0,0,0,0,0,0,0,0,0,0,0,4,0,39.997,-75.2353, , 
 ,29806,2016007540,6,67,67301,2015,12,3,1440,14,1,2,1,4,1, , ,N,1,2,0,3,0,1,4,2,N,N,39 54:28.874,75 10:23.661,1455, ,1448, ,0, ,N, ,3, , , , , ,356137, , , ,2,0,0,0,0,0,2,0,0,0,0,1,1,0,0,0,0,0,0,0,1,0,0,0,0,0,0,0,0,0,0,0,0,0,0,4,0,39.908,-75.1732, , 
 ,29807,2016007585,6,67,67301,2015,12,1,1110,11,1,2,1,4,1, , ,N,0,2,7,3,0,4,4,4,N,N,40 02:23.123,75 06:32.709,1120, ,1111,1,1,2,N, ,3,N, , , , ,356138, , , ,4,4,0,0,0,0,0,0,0,0,0,4,4,0,0,0,0,0,0,0,0,0,0,0,0,0,0,0,0,0,0,0,0,0,0,4,0,40.0398,-75.1091, , 
 ,29808,2015103332,6,67,67301,2015,9,5,1718,17,1,1,0,8,1, , ,N,2,3,0,3,0,1,2,2,N,N,40 02:16.918,75 08:37.492,1725, ,1718, ,0, ,N, ,3, , , , , ,356145, , , ,1,1,0,0,0,0,0,0,0,0,0,0,1,1,0,0,0,0,0,0,0,0,0,0,0,0,0,0,0,0,0,0,1,0,0,8,0,40.038,-75.1437, , 
 ,29809,2016002582,6,67,67301,2015,12,2,2038,20,3,2,1,4,1, , ,N,5,2,0,3,0,2,3,3,N,N,40 01:14.041,75 06:58.561,2042, ,2042, ,0, ,N, ,3, , , , , ,356157, , , ,3,2,0,0,0,0,0,1,0,0,0,2,2,0,0,0,0,0,0,0,0,0,0,0,0,0,0,0,0,0,0,0,0,0,0,4,0,40.0206,-75.1163, , 
 ,29810,2016012890,6,67,67301,2015,7,7,2015,20,1,1,0,5,1, , ,N,0,0,0,3,0,1,2,2,N,N,39 56:28.810,75 12:28.824,0, ,0, ,0, ,N, ,0, , , , , ,356159, , , ,2,0,0,0,0,0,1,1,0,0,0,0,1,1,0,0,0,0,0,0,0,1,0,0,0,0,0,0,0,0,0,0,0,0,0,8,0,39.9413,-75.208, , 
 ,29811,2016002981,6,67,67301,2015,12,5,1313,13,1,2,1,6,1, , ,N,0,0,0,3,0,3,6,3,N,N,39 58:19.980,75 11:23.881,1330, ,1313,2,2,5,N, ,0,Y, , , , ,356161, , , ,3,2,0,0,0,0,1,0,0,0,1,2,3,0,0,0,0,0,0,1,1,1,0,0,0,0,0,0,0,0,0,0,0,0,0,3,0,39.9722,-75.19, , 
 ,29812,2015053894,6,67,67301,2015,5,2,600,6,1,1,0,4,1, , ,N,0,0,7,3,0,1,2,2,N,N,40 05:38.595,74 58:33.760,610, ,609, ,0, ,N, ,0, , , , , ,356165, , , ,2,1,1,0,0,0,0,0,0,0,0,0,1,1,0,0,0,0,0,0,0,0,0,0,0,0,0,0,0,0,0,0,0,0,0,8,0,40.0941,-74.976, , 
 ,29813,2015054379,6,67,67301,2015,4,3,600,6,1,2,1,7,4, , ,N,0,0,0,3,0,1,1,2,N,N,40 01:34.747,75 11:38.127,710, ,635,9,1,2,N, ,0,N, , , , ,356166, , , ,1,1,0,0,0,0,0,0,0,0,0,0,1,1,0,0,0,0,0,0,0,0,0,0,0,0,0,0,0,0,0,0,0,0,0,8,0,40.0263,-75.1939, , 
 ,29814,2015066265,6,67,67301,2015,6,6,1740,17,1,1,0,1,1, , ,N,0,0,0,3,0,0,3,3,N,N,40 02:54.069,74 59:25.212,1805, ,1754, ,0, ,N, ,0, , , , , ,356173, , , ,3,1,0,0,1,0,1,0,0,0,0,0,0,0,0,0,0,0,0,0,1,0,0,0,0,0,0,0,0,0,0,0,0,0,0,0,0,40.0484,-74.9903, , 
 ,29815,2015070277,6,67,67301,2015,6,7,2220,22,3,2,1,7,3, , ,N,0,0,0,3,0,0,1,1,N,N,39 54:26.309,75 08:58.946,2224, ,2224,1,1,2,Y, ,0,N, , , , ,356180, , , ,1,1,0,0,0,0,0,0,0,0,0,0,0,0,0,0,0,0,0,0,0,0,0,0,0,0,0,0,0,0,0,0,0,0,0,0,0,39.9073,-75.1497, , 
 ,29816,2015073616,6,67,67301,2015,6,2,2305,23,3,1,0,1,6, , ,N,0,0,0,3,0,1,1,3,N,N,39 57:26.601,75 08:35.854,2322, ,2316, ,0, ,N, ,0, , , , , ,356186, , , ,3,3,0,0,0,0,0,0,0,0,0,1,1,0,0,0,0,1,0,0,0,0,0,0,0,0,0,0,0,0,0,0,0,0,0,4,0,39.9574,-75.1433, , 
 ,29817,2015095686,6,67,67301,2015,9,3,1220,12,1,1,0,4,1, , ,N,1,2,0,3,0,2,2,2,N,N,39 58:02.539,75 10:37.185,1227, ,1224,1,1,4,N, ,3,N, , , , ,356198, , , ,2,0,0,0,0,0,2,0,0,0,0,2,2,0,0,0,0,0,0,0,0,1,0,0,0,0,0,0,0,0,0,0,0,0,0,4,0,39.9674,-75.177, , 
 ,29818,2015102055,6,67,67301,2015,9,3,1344,13,1,1,0,7,2, , ,N,0,0,0,3,0,1,1,1,N,N,40 00:44.939,75 03:32.238,1415, ,1346,2,1,2,N, ,0,N, , , , ,356202, , , ,1,1,0,0,0,0,0,0,0,1,0,0,1,0,0,0,0,0,0,0,0,0,0,1,0,1,0,0,0,0,0,0,0,0,0,2,0,40.0125,-75.059, , 
 ,29819,2015133541,6,67,67301,2015,12,7,354,3,3,1,0,4,1, , ,N,0,0,0,3,0,0,2,2,N,N,39 55:54.150,75 11:58.816,403, ,357,2,2,4,N, ,0,N, , , , ,356211, , , ,2,2,0,0,0,0,0,0,0,0,0,0,0,0,0,0,0,1,1,0,0,0,0,0,0,0,0,0,0,0,0,0,0,0,0,0,0,39.9317,-75.1997, , 
 ,29820,2015103326,6,67,67301,2015,9,4,2202,22,3,1,0,4,1, , ,N,0,0,7,3,0,1,2,2,N,N,39 58:50.322,75 14:10.043,2202, ,2202,1,1,1,N, ,0,N, , , , ,353776, , , ,2,1,1,0,0,0,0,0,0,0,0,0,1,1,0,0,0,0,0,0,0,0,0,0,0,0,0,0,0,0,0,0,0,0,0,8,0,39.9806,-75.2361, , 
 ,29821,2015105400,6,67,67301,2015,9,5,2322,23,3,1,0,7,7, , ,N,0,0,0,3,0,0,1,1,N,N,39 58:14.873,75 11:34.827,2330, ,2323, ,0, ,N, ,0, , , , , ,353778, , , ,1,1,0,0,0,0,0,0,0,0,0,0,0,0,0,0,0,0,0,0,0,0,1,0,0,0,0,0,0,0,0,0,0,0,0,0,0,39.9708,-75.193, , 
 ,29822,2015109227,6,67,67301,2015,10,2,2108,21,3,1,0,4,1, , ,N,0,0,7,3,0,1,2,2,N, ,40 04:08.267,75 03:03.445,2111, ,2109, ,0, , , ,0, , , , , ,353785, , , ,2,0,0,0,0,0,2,0,0,0,0,1,1,0,0,0,0,0,0,0,0,0,0,0,0,0,0,0,0,0,0,0,0,0,0,4,0,40.069,-75.051, , 
 ,29823,2015121078,6,67,67301,2015,10,4,1240,12,1,2,1,4,1, , ,N,1,2,0,3,0,0,3,2,N, ,40 05:40.718,75 00:54.707,1305, ,1255, ,0, , , ,3, , , , , ,353793, , , ,2,2,0,0,0,0,0,0,0,0,0,0,0,0,0,0,0,0,0,0,1,0,0,0,0,0,0,0,0,0,0,0,0,0,0,0,0,40.0946,-75.0152, , 
 ,29824,2016001587,6,67,67301,2015,12,5,536,5,3,1,0,0,4, , ,N,0,0,0,3,0,0,1,1,N,N,39 58:52.988,75 12:25.295,542, ,539,1,1,3,N, ,0,N, , , , ,353807, , , ,1,1,0,0,0,0,0,0,0,0,0,0,0,0,0,0,0,0,0,0,0,0,0,0,0,0,0,0,0,0,0,0,0,0,0,0,0,39.9814,-75.207, , 
 ,29825,2016006019,6,67,67301,2015,10,1,645,6,1,1,1,5,1, , ,N,1,2,0,3,0,0,3,3,N, ,40 05:05.539,75 01:30.621,658, ,647,1,2,2, , ,3,Y, , , , ,353808, , , ,3,3,0,0,0,0,0,0,0,0,0,0,0,0,0,0,0,0,0,0,0,0,0,0,0,0,0,0,0,0,0,0,0,0,0,0,0,40.0847,-75.0251, , 
 ,29826,2015067923,6,67,67301,2015,6,2,1001,10,1,1,0,4,1, , ,N,2,2,0,3,0,1,3,2,N,N,40 01:38.505,75 05:56.834,1015, ,1001,2,1,4,N, ,3,Y, , , , ,353820, , , ,2,0,0,0,0,1,1,0,0,0,0,0,1,1,0,0,0,0,0,0,0,1,0,0,0,0,0,0,0,0,0,0,0,0,0,8,1,40.0274,-75.0991, , 
 ,29827,2015085327,6,67,67301,2015,8,3,1110,11,1,2,1,5,1, , ,N,1,3,0,3,0,1,2,2,N,N,39 55:29.175,75 10:56.834,1118, ,1115, ,0, , , ,3, , , , , ,353831, , , ,1,1,0,0,0,0,0,0,1,0,1,0,1,0,0,0,0,0,0,0,0,0,0,0,0,0,0,0,0,0,0,0,0,0,0,3,0,39.9248,-75.1825, , 
 ,29828,2015115053,6,67,67301,2015,9,4,1025,10,1,1,0,6,1, , ,N,0,0,0,3,0,3,4,2,N, ,39 57:27.396,75 14:07.954,1048, ,1038, ,0, , , ,0, , , , , ,353848, , , ,2,2,0,0,0,0,0,0,0,0,1,2,3,0,0,0,0,0,0,0,0,1,0,2,0,0,0,0,0,0,0,0,0,0,0,3,0,39.9576,-75.2355, , 
 ,29829,2015130062,6,67,67301,2015,11,6,2240,22,3,1,0,4,1, , ,N,1,2,0,3,0,1,2,2,N,N,39 57:37.886,75 10:24.974,2250, ,2240,2,2,4,N, ,3,Y, , , , ,353860, , , ,1,0,0,0,0,0,1,0,1,0,0,1,1,0,0,0,0,0,0,0,0,0,0,0,0,0,0,0,0,0,0,0,0,0,0,4,0,39.9605,-75.1736, , 
 ,29830,2015132291,6,67,67301,2015,12,1,1814,18,3,1,0,1,1, , ,N,0,0,0,3,0,0,6,3,N,N,39 55:33.992,75 08:48.359,1818, ,1814,1,2,1,N, ,0,N, , , , ,353864, , , ,3,3,0,0,0,0,0,0,0,0,0,0,0,0,0,0,0,0,0,0,1,0,0,0,0,0,0,0,0,0,0,0,0,0,0,0,0,39.9261,-75.1468, , 
 ,29831,2015132931,6,67,67301,2015,12,1,1511,15,1,1,0,1,1, , ,N,0,0,0,3,0,2,5,3,N,N,39 57:30.348,75 10:01.945,1522, ,1512,1,1,3,N, ,0,N, , , , ,353866, , , ,3,1,0,0,1,0,1,0,0,0,0,1,2,1,0,0,0,0,0,0,1,0,0,0,0,0,0,0,0,0,0,0,0,0,0,4,0,39.9584,-75.1672, , 
N,29832,2016010019,6,67,67301,2015,12,5,1047,10,1,1,0,1,1,1,2,Y,0,0,0,3,0,1,3,2,N,N,39 59:45.755,75 04:58.891,1047,45,1047, ,0, , , ,0, ,N,N,N,N,353872,N,Y,N,2,1,0,0,1,0,0,0,0,0,0,0,1,1,0,0,0,0,0,0,0,1,0,0,0,0,0,0,0,0,0,0,0,0,0,8,0,39.996,-75.083, , 
 ,29833,2015081128,6,67,67301,2015,7,2,810,8,1,1,0,7,4, , ,N,0,0,0,3,0,0,1,1,N,N,39 58:32.822,75 09:16.488,822, ,820, ,0, ,N, ,0, , , , , ,353888, , , ,1,0,0,0,0,0,1,0,0,0,0,0,0,0,0,0,0,0,0,0,0,0,0,0,0,0,0,0,0,0,0,0,0,0,0,0,0,39.9758,-75.1546, , 
 ,29834,2015107514,6,67,67301,2015,10,7,2147,21,3,1,0,8,1, , ,N,0,0,0,3,0,1,2,2,N,N,40 00:12.963,75 13:16.647,2149, ,2147, ,0, ,N, ,0, , , , , ,353902, , , ,1,1,0,0,0,0,0,0,0,0,0,0,1,1,0,0,0,0,0,0,0,1,0,0,0,0,0,0,0,0,0,0,1,0,0,8,0,40.0036,-75.2213, , 
 ,29835,2015113187,6,67,67301,2015,10,1,514,5,3,1,0,5,6, , ,N,0,0,0,3,0,0,1,4,N, ,39 55:52.670,75 09:19.534,523, ,517,2,2,4, , ,0,N, , , , ,353907, , , ,4,3,0,0,0,0,1,0,0,0,0,0,0,0,0,0,0,0,0,0,0,0,0,0,0,0,0,0,0,0,0,0,0,0,0,0,0,39.9313,-75.1554, , 
 ,29836,2015131235,6,67,67301,2015,11,7,355,3,3,1,0,6,6, , ,N,0,0,0,3,0,1,1,3,N,N,40 03:09.162,75 05:02.374,400, ,357,3,2,6,N, ,0,Y, , , , ,353926, , , ,3,2,0,0,0,0,1,0,0,0,0,1,1,0,0,0,0,0,0,0,0,0,0,0,0,0,0,0,0,0,0,0,0,0,0,4,0,40.0525,-75.084, , 