wz_ln_closure,objectid_1,crn,district,county,municipality,crash_year,crash_month,day_of_week,time_of_day,hour_of_day,illumination,weather,road_condition,collision_type,relation_to_road,work_zone_type,work_zone_loc,work_zone_ind,intersect_type,tcd_type,location_type,urban_rural,fatal_count,injury_count,person_count,total_units,sch_bus_ind,sch_zone_ind,latitude,longitude,arrival_tm,cons_zone_spd_lim,dispatch_tm,est_hrs_closed,lane_closed,ln_close_dir,ntfy_hiwy_maint,spec_juris_cd,tcd_func_cd,tfc_detour_ind,workers_pres,wz_close_detour,wz_flagger,wz_law_offcr_ind,objectid,wz_moving,wz_other,wz_shlder_mdn,vehicle_count,automobile_count,motorcycle_count,bus_count,small_truck_count,heavy_truck_count,suv_count,van_count,bicycle_count,maj_inj_count,mod_inj_count,min_inj_count,tot_inj_count,unk_inj_deg_count,unk_inj_per_count,driver_count_16yr,driver_count_17yr,driver_count_18yr,driver_count_19yr,driver_count_20yr,driver_count_50_64yr,driver_count_65_74yr,driver_count_75plus,unbelted_occ_count,unb_death_count,unb_maj_inj_count,belted_death_count,belted_maj_inj_count,mcycle_death_count,mcycle_maj_inj_count,bicycle_death_count,bicycle_maj_inj_count,ped_count,ped_death_count,ped_maj_inj_count,max_severity_level,comm_veh_count,dec_lat,dec_long,rdwy_surf_type_cd,county_name
 ,29970,2015075036,6,67,67301,2015,7,3,1800,18,1,1,0,4,1, , ,N,1,2,0,3,0,0,8,2,N,N,39 59:02.342,75 09:04.582,1805, ,1800, ,0, ,N, ,3, , , , , ,354126, , , ,2,2,0,0,0,0,0,0,0,0,0,0,0,0,0,0,0,0,0,0,0,0,0,0,0,0,0,0,0,0,0,0,0,0,0,0,0,39.984,-75.1513, , 
 ,29971,2015070111,6,67,67301,2015,6,5,748,7,1,2,1,4,1, , ,N,0,0,7,3,0,2,3,2,N,N,39 54:36.324,75 13:21.737,753, ,749,2,1,6,N, ,0,N, , , , ,354150, , , ,2,2,0,0,0,0,0,0,0,0,0,0,2,2,1,0,0,0,0,0,0,0,0,0,0,0,0,0,0,0,0,0,0,0,0,8,0,39.9101,-75.2227, , 
 ,29972,2015075703,6,67,67301,2015,7,5,1819,18,4,1,0,1,1, , ,N,0,0,0,3,0,5,6,2,N, ,40 02:38.365,75 03:15.920,1830, ,1819,1,1,1, , ,0,N, , , , ,354155, , , ,2,1,0,0,0,0,1,0,0,0,0,3,5,2,0,0,0,0,0,0,0,0,0,0,0,0,0,0,0,0,0,0,0,0,0,4,0,40.044,-75.0544, , 
 ,29973,2015077835,6,67,67301,2015,7,7,135,1,3,2,1,7,4, , ,N,0,0,0,3,0,0,1,1,N, ,40 01:01.573,75 12:08.595,9999, ,135,9,1,1, , ,0,N, , , , ,354158, , , ,1,0,0,0,0,0,1,0,0,0,0,0,0,0,0,0,0,0,1,0,0,0,0,0,0,0,0,0,0,0,0,0,0,0,0,0,0,40.0171,-75.2024, , 
 ,29974,2015115007,6,67,67301,2015,10,2,1800,18,8,1,0,4,1, , ,N,1,2,0,3,0,1,2,2,N,N,39 58:50.338,75 14:47.383,2010, ,2000, ,0, ,N, ,3, , , , , ,354195, , , ,2,1,0,0,0,0,1,0,0,0,0,1,1,0,0,0,1,0,0,0,0,0,0,0,0,0,0,0,0,0,0,0,0,0,0,4,0,39.9806,-75.2465, , 
 ,29975,2015121085,6,67,67301,2015,11,3,640,6,1,1,0,8,1, , ,N,5,2,0,3,0,1,2,2,N, ,40 00:11.393,75 09:08.837,720, ,710, ,0, , , ,3, , , , , ,354197, , , ,1,1,0,0,0,0,0,0,0,0,1,0,1,0,0,0,0,0,0,0,0,0,0,0,0,0,0,0,0,0,0,0,1,0,0,3,0,40.0032,-75.1525, , 
 ,29976,2016000611,6,67,67301,2015,12,5,810,8,1,1,0,1,1, , ,N,0,0,0,3,0,3,3,2,N,N,39 53:53.466,75 11:01.296,827, ,816,3,2,2,N, ,0,N, , , , ,354227, , , ,2,1,0,0,0,0,1,0,0,1,1,1,3,0,0,0,0,0,0,0,0,0,0,3,0,1,0,0,0,0,0,0,0,0,0,2,0,39.8982,-75.1837, , 
 ,29977,2015095762,6,67,67301,2015,8,4,820,8,1,1,0,1,1, , ,N,0,0,0,3,0,2,3,2,N, ,39 56:24.576,75 10:29.542,826, ,824, ,0, , , ,0, , , , , ,354232, , , ,2,2,0,0,0,0,0,0,0,0,0,0,2,2,0,0,0,0,0,0,0,0,0,0,0,0,0,0,0,0,0,0,0,0,0,8,0,39.9402,-75.1749, , 
 ,29978,2015130007,6,67,67301,2015,11,5,951,9,1,2,1,6,1, , ,N,0,0,0,3,0,0,2,2,N,N,39 59:07.618,75 12:08.693,1000, ,952,2,1,1,N, ,0,N, , , , ,354252, , , ,2,1,0,0,0,0,1,0,0,0,0,0,0,0,0,0,0,0,0,0,0,0,0,0,0,0,0,0,0,0,0,0,0,0,0,0,0,39.9854,-75.2024, , 
 ,29979,2016001014,6,67,67301,2015,11,2,1828,18,3,1,0,8,1, , ,N,1,2,0,3,0,1,2,2,N,N,39 58:53.612,75 07:02.654,1830, ,1830, ,0, ,N, ,3, , , , , ,354259, , , ,1,0,0,0,1,0,0,0,0,0,1,0,1,0,0,0,0,0,0,0,1,0,0,0,0,0,0,0,0,0,0,0,1,0,0,3,0,39.9815,-75.1173, , 
 ,29980,2015066206,6,67,67301,2015,6,2,1738,17,1,1,0,2,1, , ,N,1,2,0,3,0,1,2,2,N,N,39 55:43.955,75 14:07.857,1751, ,1743,9,1,6,N, ,3,N, , , , ,354287, , , ,2,2,0,0,0,0,0,0,0,0,0,0,1,1,0,0,0,0,0,0,1,0,0,0,0,0,0,0,0,0,0,0,0,0,0,8,0,39.9289,-75.2355, , 
 ,29981,2015073723,6,67,67301,2015,7,6,2330,23,3,1,0,8,1, , ,N,0,0,0,3,0,2,4,3,N,N,39 56:25.992,75 08:31.662,2355, ,2333,3,1,1, , ,0,N, , , , ,354294, , , ,1,1,0,0,0,0,0,0,0,1,0,1,2,0,2,0,0,0,0,0,0,0,0,0,0,0,0,0,0,0,0,0,2,0,1,2,0,39.9406,-75.1421, , 
 ,29982,2015082066,6,67,67301,2015,8,5,103,1,3,1,0,7,3, , ,N,0,0,2,3,0,0,3,1,N,N,39 57:19.569,75 08:52.936,103, ,103, ,0, ,N, ,0, , , , , ,354299, , , ,1,1,0,0,0,0,0,0,0,0,0,0,0,0,0,0,0,0,0,1,0,0,0,3,0,0,0,0,0,0,0,0,0,0,0,0,0,39.9554,-75.148, , 
 ,29983,2015087883,6,67,67301,2015,6,4,2330,23,3,1,0,4,1, , ,N,1,2,0,3,0,1,3,2,N,N,39 57:34.444,75 11:49.297,0, ,0, ,0, ,N, ,3, , , , , ,354308, , , ,2,0,0,0,0,0,1,0,0,0,1,0,1,0,0,0,0,0,0,0,0,0,0,0,0,0,0,0,0,0,0,0,0,0,0,3,0,39.9596,-75.197, , 
Y,29984,2015125383,6,67,67301,2015,11,7,136,1,3,1,0,1,1,1,4,Y,0,0,0,3,0,2,9,4,N,N,39 58:46.272,75 06:28.400,144,45,137,1,2,2,N, ,0,Y,Y,N,N,Y,354346,N,N,Y,4,1,0,0,1,0,2,0,0,0,1,1,2,0,0,0,0,0,0,0,1,0,0,1,0,0,0,0,0,0,0,0,0,0,0,3,0,39.9795,-75.1079, , 
 ,29985,2015126284,6,67,67301,2015,11,1,732,7,1,2,1,7,2, , ,N,6,8,2,3,0,1,1,1,N,N,39 57:36.094,75 10:47.782,734, ,732,1,2,3,N, ,3,N, , , , ,354347, , , ,1,1,0,0,0,0,0,0,0,0,0,1,1,0,0,0,0,0,0,0,0,0,0,0,0,0,0,0,0,0,0,0,0,0,0,4,0,39.96,-75.1799, , 
 ,29986,2015129945,6,67,67301,2015,11,1,928,9,1,1,0,4,1, , ,N,1,3,0,3,0,0,4,2,N, ,40 03:31.163,75 11:10.557,936, ,930, ,0, , , ,3, , , , , ,348361, , , ,2,1,0,0,0,0,1,0,0,0,0,0,0,0,0,0,0,0,0,0,0,2,0,0,0,0,0,0,0,0,0,0,0,0,0,0,0,40.0587,-75.1863, , 
 ,29987,2015129978,6,67,67301,2015,11,2,1036,10,1,1,0,4,1, , ,N,1,0,0,3,0,1,2,3,N,N,39 57:51.440,75 14:47.280,1050, ,1039, ,0, , , ,0, , , , , ,348362, , , ,3,2,0,0,0,0,1,0,0,0,0,1,1,0,0,0,0,0,0,0,1,0,0,0,0,0,0,0,0,0,0,0,0,0,0,4,0,39.9643,-75.2464, , 
 ,29988,2016002612,6,67,67301,2015,12,3,1735,17,1,1,0,8,1, , ,N,0,0,0,3,0,1,2,2,N,N,40 01:53.860,75 12:47.196,1750, ,1743, ,0, , , ,0, , , , , ,348373, , , ,1,0,0,0,0,0,1,0,0,0,0,0,1,1,0,0,0,0,0,0,1,0,0,1,0,0,0,0,0,0,0,0,1,0,0,8,0,40.0316,-75.2131, , 
 ,29989,2016007490,6,67,67301,2015,12,3,655,6,1,2,1,4,1, , ,N,1,2,0,3,0,1,2,2,N,N,40 03:52.885,74 58:56.121,755, ,748, ,0, ,N, ,3, , , , , ,348395, , , ,2,1,0,0,0,0,1,0,0,0,0,1,1,0,0,0,0,0,0,0,1,0,0,0,0,0,0,0,0,0,0,0,0,0,0,4,0,40.0647,-74.9823, , 
 ,29990,2016007646,6,67,67301,2015,12,3,45,0,3,2,1,7,4, , ,N,0,8,1,3,0,0,2,1,N, ,40 01:11.044,75 08:56.674,57, ,51,2,1,1, , ,3,N, , , , ,348396, , , ,1,1,0,0,0,0,0,0,0,0,0,0,0,0,0,0,0,0,0,0,1,0,0,0,0,0,0,0,0,0,0,0,0,0,0,0,0,40.0197,-75.1491, , 
 ,29991,2016014338,6,67,67301,2015,8,3,5,0,3,1,0,1,1, , ,N,3,3,0,3,0,1,2,2,N,N,40 00:47.340,75 05:32.935,0, ,0, ,0, ,N, ,3, , , , , ,348397, , , ,2,1,0,0,1,0,0,0,0,0,0,0,1,1,0,0,0,0,0,0,0,0,0,0,0,0,0,0,0,0,0,0,0,0,0,8,0,40.0132,-75.0925, , 
 ,29992,2015066340,6,67,67301,2015,5,1,1730,17,1,1,0,2,1, , ,N,2,0,1,3,0,1,3,2,N,N,40 00:29.523,75 05:31.282,2000, ,1843, ,0, ,N, ,0, , , , , ,348403, , , ,1,1,0,0,0,0,0,0,1,0,0,0,1,1,0,0,0,0,0,0,0,0,0,0,0,0,0,0,0,0,0,0,0,0,0,8,0,40.0082,-75.092, , 
 ,29993,2015083426,6,67,67301,2015,7,3,1509,15,1,1,0,4,1, , ,N,1,2,0,3,0,2,3,2,N,N,40 05:41.192,75 03:02.752,1511, ,1509,1,1,2,N, ,3,N, , , , ,348419, , , ,2,1,0,0,0,0,1,0,0,0,1,1,2,0,0,0,0,0,0,0,1,0,0,0,0,0,0,0,0,0,0,0,0,0,0,3,0,40.0948,-75.0508, , 
 ,29994,2015091063,6,67,67301,2015,8,3,1225,12,1,1,0,2,1, , ,N,1,2,0,3,0,2,3,2,N,N,39 59:05.287,75 14:13.775,1241, ,1229,3,2,7, , ,3,Y, , , , ,348428, , , ,2,2,0,0,0,0,0,0,0,0,2,0,2,0,1,0,0,0,0,0,0,0,0,2,0,0,0,0,0,0,0,0,0,0,0,3,0,39.9848,-75.2372, , 
 ,29995,2015129049,6,67,67301,2015,10,1,1352,13,1,1,0,1,1, , ,N,0,0,0,3,0,4,7,5,N, ,39 57:12.321,75 11:04.077,1355, ,1352, ,0, , , ,0, , , , , ,348519, , , ,5,1,0,0,0,0,4,0,0,0,4,0,4,0,1,0,0,0,0,0,1,2,0,0,0,0,0,0,0,0,0,0,0,0,0,3,0,39.9534,-75.1845, , 
 ,29996,2015130390,6,67,67301,2015,11,6,750,7,1,1,0,8,1, , ,N,0,0,0,3,0,1,2,2,N, ,39 55:56.391,75 11:34.926,800, ,750, ,0, , , ,0, , , , , ,348520, , , ,1,0,0,0,0,0,1,0,0,0,0,0,1,1,0,0,0,0,0,0,0,0,0,0,0,0,0,0,0,0,0,0,1,0,0,8,0,39.9323,-75.193, , 
 ,29997,2015073699,6,67,67301,2015,6,7,1430,14,1,2,1,4,1, , ,N,0,0,7,3,0,1,2,2,N, ,39 59:28.728,75 10:47.362,1654, ,1644,3,1,1, , ,0,N, , , , ,348541, , , ,2,1,0,0,0,0,1,0,0,0,0,1,1,0,0,0,0,0,0,0,0,0,0,0,0,0,0,0,0,0,0,0,0,0,0,4,0,39.9913,-75.1798, , 
 ,29998,2015070637,6,67,67301,2015,6,6,650,6,1,1,1,6,1, , ,N,0,0,0,3,0,0,2,2,N,N,40 04:53.832,75 13:13.926,715, ,710,2,2,3,N, ,0,Y, , , , ,348553, , , ,2,1,0,0,1,0,0,0,0,0,0,0,0,0,0,0,0,0,0,0,0,0,0,0,0,0,0,0,0,0,0,0,0,0,0,0,0,40.0816,-75.2205, , 
 ,29999,2015070655,6,67,67301,2015,6,7,1645,16,1,2,1,4,1, , ,N,1,2,0,3,0,0,5,3,N, ,39 56:43.627,75 10:18.076,1705, ,1654, ,0, , , ,3, , , , , ,348554, , , ,3,2,0,0,0,0,0,1,0,0,0,0,0,0,0,0,0,0,0,1,1,0,0,0,0,0,0,0,0,0,0,0,0,0,0,0,0,39.9455,-75.1717, , 
 ,30000,2015073632,6,67,67301,2015,7,7,1240,12,1,2,1,4,1, , ,N,5,2,0,3,0,1,2,2,N, ,40 01:22.068,75 08:53.841,1535, ,1331, ,0, , , ,3, , , , , ,348556, , , ,2,2,0,0,0,0,0,0,0,0,1,0,1,0,1,0,0,0,0,0,1,0,0,0,0,0,0,0,0,0,0,0,0,0,0,3,0,40.0227,-75.1482, , 
 ,30001,2015075727,6,67,67301,2015,7,7,9999,99,1,1,1,4,1, , ,N,1,2,0,3,0,1,2,2,N, ,39 59:12.570,75 10:21.975,1620, ,1614, ,0, , , ,3, , , , , ,348560, , , ,1,1,0,0,0,0,0,0,1,0,1,0,1,0,0,0,0,0,0,0,0,0,0,0,0,0,0,0,0,0,0,0,0,0,0,3,0,39.9868,-75.1728, , 
 ,30002,2015105107,6,67,67301,2015,9,3,915,9,1,1,0,1,1, , ,N,0,0,0,3,0,1,4,2,N, ,39 57:21.204,75 09:46.335,922, ,920, ,0, , , ,0, , , , , ,348582, , , ,2,2,0,0,0,0,0,0,0,0,0,1,1,0,0,0,0,0,0,0,0,0,0,0,0,0,0,0,0,0,0,0,0,0,0,4,0,39.9559,-75.1629, , 
 ,30003,2015080267,6,67,67301,2015,7,2,0,0,6,1,0,5,1, , ,N,0,0,0,3,0,1,2,2,N,N,39 59:10.330,75 10:48.212,1542, ,1534, ,0, , , ,0, , , , , ,348592, , , ,1,1,0,0,0,0,0,0,1,0,1,0,1,0,0,0,0,0,0,0,0,0,0,0,0,0,0,0,0,0,0,0,0,0,0,3,0,39.9862,-75.1801, , 
 ,30004,2015092451,6,67,67301,2015,8,6,245,2,3,1,0,4,1, , ,N,1,2,0,3,0,0,1,3,N,N,40 02:03.370,75 08:24.048,248, ,248,2,2,6,N, ,3,Y, , , , ,351220, , , ,3,2,0,0,0,0,1,0,0,0,0,0,0,0,1,0,0,0,0,0,0,0,0,0,0,0,0,0,0,0,0,0,0,0,0,9,0,40.0343,-75.14, , 
 ,30005,2015127288,6,67,67301,2015,10,4,230,2,3,1,0,8,1, , ,N,0,0,0,3,0,1,2,2,N,N,39 56:30.719,75 09:03.647,2020, ,2011, ,0, ,N, ,0, , , , , ,351259, , , ,1,0,0,0,0,0,1,0,0,0,0,1,1,0,1,0,0,0,0,0,0,0,0,0,0,0,0,0,0,0,0,0,1,0,0,4,0,39.9419,-75.151, , 
 ,30006,2015127300,6,67,67301,2015,11,2,900,9,1,1,0,1,1, , ,N,1,2,0,3,0,0,2,2,N,N,39 57:59.738,75 09:37.523,911, ,858, ,0, , , ,3, , , , , ,351283, , , ,2,1,0,0,0,0,1,0,0,0,0,0,0,0,0,0,0,0,0,0,1,0,0,0,0,0,0,0,0,0,0,0,0,0,0,0,0,39.9666,-75.1604, , 
 ,30007,2015130065,6,67,67301,2015,11,3,1436,14,1,8,0,1,1, , ,N,1,2,0,3,0,2,2,2,N,N,39 54:14.619,75 14:25.049,1542, ,1542, ,0, ,N, ,3, , , , , ,351285, , , ,2,2,0,0,0,0,0,0,0,0,0,0,2,2,0,0,0,0,0,0,0,0,0,1,0,0,0,0,0,0,0,0,0,0,0,8,0,39.904,-75.2401, , 
 ,30008,2015133545,6,67,67301,2015,12,6,1737,17,2,1,0,1,1, , ,N,0,0,0,3,0,2,2,2,N,N,39 53:55.367,75 10:15.445,1807, ,1737,2,2,2,N, ,0,N, , , , ,351303, , , ,2,1,0,0,0,0,1,0,0,0,1,1,2,0,0,0,0,0,0,0,0,0,0,0,0,0,0,0,0,0,0,0,0,0,0,3,0,39.8987,-75.171, , 
 ,30009,2015130365,6,67,67301,2015,11,6,1625,16,1,1,0,2,1, , ,N,0,0,0,3,0,1,5,2,N,N,40 03:39.599,75 11:31.775,1645, ,1627,1,2,4,N, ,0,Y, , , , ,351323, , , ,2,1,0,0,0,0,1,0,0,0,0,0,1,1,0,0,0,0,0,0,0,0,0,0,0,0,0,0,0,0,0,0,0,0,0,8,0,40.061,-75.1922, , 
 ,30010,2015136401,6,67,67301,2015,12,7,2120,21,3,1,0,6,6, , ,N,0,0,0,3,0,1,2,3,N,N,39 55:43.737,75 11:41.748,2135, ,2130,2,2,4,N, ,0,N, , , , ,351330, , , ,3,0,0,0,0,0,3,0,0,0,0,1,1,0,0,0,0,0,0,0,0,0,0,1,0,0,0,0,0,0,0,0,0,0,0,4,0,39.9288,-75.1949, , 
 ,30011,2016002356,6,67,67301,2015,11,7,1715,17,3,1,0,1,1, , ,N,0,0,0,3,0,1,4,3,N, ,40 02:57.453,75 13:12.756,1726, ,1719, ,0, , , ,0, , , , , ,351331, , , ,3,2,0,0,0,0,1,0,0,0,0,0,1,1,0,0,0,0,0,0,0,0,0,0,0,0,0,0,0,0,0,0,0,0,0,8,0,40.0493,-75.2202, , 
 ,30012,2016007551,6,67,67301,2015,12,5,1755,17,3,5,1,4,1, , ,N,1,3,0,3,0,0,3,2,N,N,39 56:56.040,75 14:44.033,1808, ,1806, ,0, ,N, ,3, , , , , ,351346, , , ,2,1,0,0,0,0,1,0,0,0,0,0,0,0,0,0,0,0,0,0,0,0,0,0,0,0,0,0,0,0,0,0,0,0,0,0,0,39.9489,-75.2456, , 
 ,30013,2015066334,6,67,67301,2015,6,3,2130,21,3,1,0,1,1, , ,N,1,2,0,3,0,1,3,2,N, ,39 55:17.779,75 08:53.544,2208, ,2157, ,0, , , ,3, , , , , ,351358, , , ,2,1,0,0,0,0,1,0,0,0,0,1,1,0,2,0,0,0,0,0,1,0,0,0,0,0,0,0,0,0,0,0,0,0,0,4,0,39.9216,-75.1482, , 
 ,30014,2015092562,6,67,67301,2015,8,2,1549,15,1,1,0,1,1, , ,N,0,0,0,3,0,2,5,4,N,N,39 56:12.400,75 11:57.045,1557, ,1550,2,1,4,N, ,0,N, , , , ,351385, , , ,4,3,0,0,0,0,1,0,0,0,0,0,2,2,0,0,0,0,0,0,0,0,0,0,0,0,0,0,0,0,0,0,0,0,0,8,0,39.9368,-75.1992, , 
 ,30015,2015108086,6,67,67301,2015,10,3,938,9,1,1,0,1,1, , ,N,7,3,2,3,0,1,2,2,N,N,39 59:24.547,75 05:13.743,1026, ,942, ,0, ,N, ,3, , , , , ,351405, , , ,2,2,0,0,0,0,0,0,0,0,0,1,1,0,0,0,0,0,0,0,0,0,0,0,0,0,0,0,0,0,0,0,0,0,0,4,0,39.9931,-75.0852, , 
 ,30016,2015136384,6,67,67301,2015,12,1,1600,16,1,1,0,4,1, , ,N,1,2,0,3,0,1,5,2,N, ,40 00:11.036,75 09:51.469,1601, ,1600,9,1,2, , ,3,N, , , , ,351433, , , ,2,2,0,0,0,0,0,0,0,0,0,0,1,1,2,0,0,0,0,0,0,0,0,0,0,0,0,0,0,0,0,0,0,0,0,8,0,40.0031,-75.1643, , 
 ,30017,2015062723,6,67,67301,2015,5,7,1855,18,1,1,0,4,1, , ,N,5,2,0,3,0,1,5,2,N, ,40 00:48.913,75 04:06.725,1900, ,1900,9,1,1, , ,3,N, , , , ,351438, , , ,2,1,0,0,0,0,0,1,0,0,0,1,1,0,0,0,0,0,0,0,1,0,0,0,0,0,0,0,0,0,0,0,0,0,0,4,0,40.0136,-75.0685, , 
 ,30018,2015083996,6,67,67301,2015,8,2,1240,12,1,1,0,1,1, , ,N,7,0,2,3,0,1,3,2,N,N,39 59:21.294,75 12:23.365,1257, ,1241, ,0, ,N, ,0, , , , , ,351454, , , ,2,2,0,0,0,0,0,0,0,0,0,1,1,0,1,0,0,0,0,0,0,0,0,0,0,0,0,0,0,0,0,0,0,0,0,4,0,39.9892,-75.2065, , 
 ,30019,2015092382,6,23,23111,2015,9,4,830,8,1,1,0,1,1, , ,N,0,0,1,3,0,0,2,2,N,N,39 57:45.865,75 14:51.538,830, ,830,1,1,3,N, ,0,N, , , , ,351462, , , ,2,2,0,0,0,0,0,0,0,0,0,0,0,0,0,0,0,0,0,0,1,0,0,0,0,0,0,0,0,0,0,0,0,0,0,0,0,39.9627,-75.2476, , 
 ,30020,2015098965,6,67,67301,2015,9,2,38,0,3,1,0,4,1, , ,N,1,3,0,3,0,1,2,2,N, ,40 03:03.758,75 05:53.505,55, ,50,1,1,1, , ,3,Y, , , , ,351467, , , ,2,1,0,0,0,0,1,0,0,0,0,1,1,0,1,0,0,0,0,0,0,0,0,0,0,0,0,0,0,0,0,0,0,0,0,4,0,40.051,-75.0982, , 
 ,30021,2015099134,6,67,67301,2015,9,5,630,6,1,2,1,7,4, , ,N,0,0,0,3,0,1,1,1,N, ,39 58:26.584,75 11:26.803,654, ,637,9,1,1,N, ,0,N, , , , ,351512, , , ,1,1,0,0,0,0,0,0,0,0,0,0,1,1,0,0,0,0,0,0,0,0,0,0,0,0,0,0,0,0,0,0,0,0,0,8,0,39.9741,-75.1908, , 
 ,30022,2015120999,6,67,67301,2015,10,5,1300,13,1,1,0,4,1, , ,N,1,2,0,3,0,1,2,2,N, ,40 01:58.442,75 06:24.270,1355, ,1353, ,0, , , ,3, , , , , ,356569, , , ,2,0,0,0,0,0,2,0,0,0,0,1,1,0,0,0,0,0,0,0,1,0,0,1,0,0,0,0,0,0,0,0,0,0,0,4,0,40.0329,-75.1067, , 
 ,30023,2015135844,6,67,67301,2015,11,4,1949,19,3,1,0,4,1, , ,N,2,3,0,3,0,1,2,2,N,N,39 57:05.268,75 13:35.927,1952, ,1951, ,0, ,N, ,3, , , , , ,356588, , , ,2,2,0,0,0,0,0,0,0,0,0,1,1,0,0,0,0,0,0,0,1,0,0,0,0,0,0,0,0,0,0,0,0,0,0,4,0,39.9513,-75.2267, , 
 ,30024,2015135845,6,67,67301,2015,11,6,1915,19,3,1,0,1,1, , ,N,2,2,0,3,0,3,5,2,N,N,39 57:00.419,75 14:57.778,1922, ,1921, ,0, ,N, ,3, , , , , ,356589, , , ,2,2,0,0,0,0,0,0,0,0,0,3,3,0,0,0,0,0,0,0,0,0,0,0,0,0,0,0,0,0,0,0,0,0,0,4,0,39.9501,-75.2494, , 
 ,30025,2015099064,6,67,67301,2015,9,4,840,8,1,1,0,8,1, , ,N,1,3,0,3,0,1,2,2,N,N,39 56:28.286,75 08:44.656,920, ,900, ,0, ,N, ,3, , , , , ,356606, , , ,1,1,0,0,0,0,0,0,0,0,0,1,1,0,0,0,0,0,0,0,0,0,0,0,0,0,0,0,0,0,0,0,1,0,0,4,0,39.9412,-75.1457, , 
 ,30026,2015114536,6,67,67301,2015,10,6,2242,22,3,1,0,1,1, , ,N,1,2,0,3,0,2,3,2,N, ,40 06:16.480,75 00:08.268,2247, ,2243,1,2,2, , ,3,Y, , , , ,356621, , , ,2,1,0,0,0,0,0,1,0,0,0,1,2,1,0,0,0,0,0,0,0,0,0,0,0,0,0,0,0,0,0,0,0,0,0,4,0,40.1044,-75.0021, , 
 ,30027,2015130249,6,67,67301,2015,10,6,1200,12,1,1,0,5,1, , ,N,0,0,0,3,0,1,2,2,N,N,39 57:15.054,75 12:10.903,1308, ,307, ,0, ,N, ,0, , , , , ,356631, , , ,1,0,0,0,0,0,0,1,1,0,1,0,1,0,0,0,0,0,0,0,1,0,0,1,0,0,0,0,0,0,0,0,0,0,0,3,0,39.9542,-75.203, , 
 ,30028,2015088671,6,67,67301,2015,8,7,2118,21,3,1,0,4,1, , ,N,0,0,0,3,0,1,4,2,N,N,39 59:40.945,75 05:51.326,2135, ,2134, ,0, , , ,0, , , , , ,356647, , , ,1,1,0,0,0,0,0,0,1,0,0,1,1,0,0,0,0,0,0,0,0,0,0,0,0,0,0,0,0,0,0,0,0,0,0,4,0,39.9947,-75.0976, , 
 ,30029,2015091121,6,67,67301,2015,8,3,602,6,1,2,1,4,1, , ,N,1,2,0,3,0,3,3,2,N, ,39 59:06.403,75 14:50.558,602, ,606, ,0, , , ,3, , , , , ,356652, , , ,2,1,0,0,1,0,0,0,0,0,0,3,3,0,0,0,0,0,0,0,1,0,0,0,0,0,0,0,0,0,0,0,0,0,0,4,0,39.9851,-75.2474, , 
 ,30030,2015095751,6,67,67301,2015,8,6,723,7,1,1,0,4,5, , ,N,1,2,0,3,0,0,1,2,N,N,40 05:22.585,75 03:25.253,728, ,724,3,2,6,N, ,3,Y, , , , ,356656, , , ,2,0,0,0,0,0,2,0,0,0,0,0,0,0,0,0,0,0,0,0,0,0,0,0,0,0,0,0,0,0,0,0,0,0,0,0,0,40.0896,-75.057, , 
 ,30031,2015097624,6,67,67301,2015,9,3,543,5,1,1,0,7,2, , ,N,0,0,0,3,0,0,1,1,N,N,40 02:12.936,75 00:48.924,636, ,548, ,0, ,N, ,0, , , , , ,356658, , , ,1,0,0,0,0,0,1,0,0,0,0,0,0,0,0,0,0,0,0,0,0,0,0,0,0,0,0,0,0,0,0,0,0,0,0,0,0,40.0369,-75.0136, , 
 ,30032,2015106191,6,67,67301,2015,10,6,1157,11,1,2,7,4,1, , ,N,0,0,0,3,0,1,2,2,N,N,40 02:22.480,75 00:24.637,1208, ,1158,2,2,1,Y, ,0,N, , , , ,356665, , , ,2,0,0,0,1,1,0,0,0,0,0,1,1,0,0,0,0,0,0,0,0,0,1,0,0,0,0,0,0,0,0,0,0,0,0,4,1,40.0396,-75.0068, , 
 ,30033,2015078294,6,67,67301,2015,7,4,1243,12,1,9,1,1,1, , ,N,0,0,6,3,0,1,3,2,N,N,40 00:54.775,75 10:37.437,1250, ,1245,1,1,1,N, ,0,Y, , , , ,356692, , , ,2,2,0,0,0,0,0,0,0,0,0,1,1,0,0,0,0,0,0,0,1,0,0,0,0,0,0,0,0,0,0,0,0,0,0,4,0,40.0152,-75.1771, , 
 ,30034,2015083995,6,67,67301,2015,8,2,943,9,1,1,0,5,1, , ,N,0,0,0,3,0,1,2,2,N,N,39 55:56.823,75 12:00.056,1016, ,945, ,0, ,N, ,0, , , , , ,356698, , , ,2,1,0,0,0,1,0,0,0,0,0,1,1,0,0,0,0,0,0,0,0,0,0,0,0,0,0,0,0,0,0,0,0,0,0,4,1,39.9325,-75.2, , 
 ,30035,2015112094,6,67,67301,2015,10,4,916,9,1,9,0,8,1, , ,N,1,2,0,3,0,1,2,2,N,N,40 05:57.051,75 00:44.384,917, ,916, ,0, ,N, ,3, , , , , ,356721, , , ,1,1,0,0,0,0,0,0,0,0,0,1,1,0,0,0,0,0,0,0,0,0,0,0,0,0,0,0,0,0,0,0,1,0,0,4,0,40.0992,-75.0123, , 