wz_ln_closure,objectid_1,crn,district,county,municipality,crash_year,crash_month,day_of_week,time_of_day,hour_of_day,illumination,weather,road_condition,collision_type,relation_to_road,work_zone_type,work_zone_loc,work_zone_ind,intersect_type,tcd_type,location_type,urban_rural,fatal_count,injury_count,person_count,total_units,sch_bus_ind,sch_zone_ind,latitude,longitude,arrival_tm,cons_zone_spd_lim,dispatch_tm,est_hrs_closed,lane_closed,ln_close_dir,ntfy_hiwy_maint,spec_juris_cd,tcd_func_cd,tfc_detour_ind,workers_pres,wz_close_detour,wz_flagger,wz_law_offcr_ind,objectid,wz_moving,wz_other,wz_shlder_mdn,vehicle_count,automobile_count,motorcycle_count,bus_count,small_truck_count,heavy_truck_count,suv_count,van_count,bicycle_count,maj_inj_count,mod_inj_count,min_inj_count,tot_inj_count,unk_inj_deg_count,unk_inj_per_count,driver_count_16yr,driver_count_17yr,driver_count_18yr,driver_count_19yr,driver_count_20yr,driver_count_50_64yr,driver_count_65_74yr,driver_count_75plus,unbelted_occ_count,unb_death_count,unb_maj_inj_count,belted_death_count,belted_maj_inj_count,mcycle_death_count,mcycle_maj_inj_count,bicycle_death_count,bicycle_maj_inj_count,ped_count,ped_death_count,ped_maj_inj_count,max_severity_level,comm_veh_count,dec_lat,dec_long,rdwy_surf_type_cd,county_name
 ,30103,2016007520,6,67,67301,2015,12,5,9999,99,3,8,1,6,1, , ,N,1,3,0,3,0,3,6,3,N,N,40 01:43.906,75 05:09.211,2210, ,2107, ,0, ,N, ,3, , , , , ,356940, , , ,3,3,0,0,0,0,0,0,0,0,0,0,3,3,3,0,0,0,0,0,1,0,0,0,0,0,0,0,0,0,0,0,0,0,0,8,0,40.0289,-75.0859, , 
 ,30104,2016001013,6,67,67301,2015,12,4,825,8,1,1,0,8,1, , ,N,1,2,0,3,0,1,2,2,N,N,39 59:32.607,75 08:31.827,832, ,828, ,0, ,N, ,3, , , , , ,356956, , , ,1,1,0,0,0,0,0,0,0,0,0,1,1,0,0,0,0,0,0,0,0,0,0,0,0,0,0,0,0,0,0,0,1,0,0,4,0,39.9923,-75.1422, , 
 ,30105,2016007518,6,67,67301,2015,12,2,1250,12,1,1,0,7,5, , ,N,1,2,0,3,0,1,1,1,N,N,40 02:06.975,75 07:17.098,1252, ,1252,2,1,3, , ,3,Y, , , , ,356959, , , ,1,1,0,0,0,0,0,0,0,0,0,0,1,1,0,0,0,0,0,0,0,0,0,0,0,0,0,0,0,0,0,0,0,0,0,8,0,40.0353,-75.1214, , 
 ,30106,2016013545,6,67,67301,2015,10,3,1040,10,1,1,0,4,1, , ,N,0,0,0,3,0,1,2,2,N,N,40 00:33.560,75 09:06.304,0, ,0, ,0, ,N, ,0, , , , , ,356960, , , ,2,1,0,1,0,0,0,0,0,0,0,0,1,1,1,0,0,0,0,0,0,0,0,0,0,0,0,0,0,0,0,0,0,0,0,8,1,40.0093,-75.1518, , 
 ,30107,2015078283,6,67,67301,2015,7,5,1204,12,1,1,0,7,5, , ,N,0,0,0,3,0,0,1,1,N,N,39 56:45.736,75 10:33.373,1204, ,27, ,0, ,N, ,0, , , , , ,356975, , , ,1,0,0,0,0,0,0,1,0,0,0,0,0,0,0,0,0,0,0,0,0,0,0,0,0,0,0,0,0,0,0,0,0,0,0,0,0,39.946,-75.1759, , 
 ,30108,2015081042,6,67,67301,2015,7,3,652,6,1,1,0,4,1, , ,N,1,2,0,3,0,0,2,2,N, ,39 58:10.379,75 08:22.482,752, ,750,2,2,3, , ,3,Y, , , , ,356985, , , ,2,2,0,0,0,0,0,0,0,0,0,0,0,0,0,0,0,0,0,0,0,0,0,0,0,0,0,0,0,0,0,0,0,0,0,0,0,39.9695,-75.1395, , 
 ,30109,2015085274,6,67,67301,2015,8,2,1540,15,1,1,0,1,1, , ,N,0,0,0,3,0,1,4,3,N,N,40 02:16.584,75 02:15.897,1605, ,1601, ,0, ,N, ,0, , , , , ,356986, , , ,3,2,0,0,1,0,0,0,0,0,0,1,1,0,0,0,0,0,0,0,0,1,0,0,0,0,0,0,0,0,0,0,0,0,0,4,0,40.0379,-75.0377, , 
 ,30110,2015095202,6,67,67301,2015,9,2,9999,99,3,1,0,5,6, , ,N,0,0,0,3,0,0,1,2,N,N,39 59:39.372,75 09:02.438,340, ,340, ,0, ,N, ,0, , , , , ,357006, , , ,2,1,0,0,0,0,1,0,0,0,0,0,0,0,0,0,0,0,0,0,0,0,0,0,0,0,0,0,0,0,0,0,0,0,0,0,0,39.9943,-75.1507, , 
 ,30111,2015098976,6,67,67301,2015,9,3,805,8,1,1,0,8,1, , ,N,1,0,0,3,0,1,2,2,N, ,40 02:31.570,75 06:09.871,855, ,850, ,0, ,N, ,0, , , , , ,357012, , , ,1,1,0,0,0,0,0,0,0,0,0,0,1,1,0,0,0,0,0,0,0,0,0,0,0,0,0,0,0,0,0,0,1,0,0,8,0,40.0421,-75.1027, , 
 ,30112,2015099124,6,67,67301,2015,9,1,2200,22,3,1,0,4,1, , ,N,1,3,0,3,0,2,4,2,N, ,40 00:50.922,75 04:40.900,2210, ,2207, ,0, , , ,3, , , , , ,357013, , , ,2,1,0,0,0,0,1,0,0,0,0,2,2,0,0,0,0,0,0,0,0,0,0,0,0,0,0,0,0,0,0,0,0,0,0,4,0,40.0141,-75.078, , 
 ,30113,2015102054,6,67,67301,2015,9,2,807,8,1,1,0,1,1, , ,N,0,0,0,3,0,2,4,4,N,N,39 57:02.787,75 10:58.837,830, ,813,2,2,4,N, ,0,N, , , , ,354504, , , ,4,1,0,0,0,0,2,1,0,0,0,2,2,0,0,0,0,0,0,0,0,1,0,0,0,0,0,0,0,0,0,0,0,0,0,4,0,39.9508,-75.183, , 
 ,30114,2015106443,6,67,67301,2015,9,3,1623,16,1,1,0,6,1,1,3,Y,0,0,0,3,0,1,2,2,N,N,39 59:52.452,75 05:18.494,1625,99,1623, ,0, ,N, ,0, ,N, , ,N,354512, , ,Y,1,0,0,0,0,0,1,0,1,0,1,0,1,0,0,0,0,0,0,0,0,0,0,0,0,0,0,0,0,0,0,0,0,0,0,3,0,39.9979,-75.0885, , 
 ,30115,2015108382,6,67,67301,2015,9,2,1945,19,3,1,0,4,1, , ,N,0,0,7,3,0,1,2,2,N,N,40 02:37.801,75 08:36.883,1950, ,1950, ,0, ,N, ,0, , , , , ,354516, , , ,2,1,0,0,0,0,1,0,0,0,0,1,1,0,0,0,0,0,1,1,0,0,0,1,0,0,0,0,0,0,0,0,0,0,0,4,0,40.0438,-75.1436, , 
 ,30116,2015115045,6,67,67301,2015,10,5,1800,18,1,1,0,8,1, , ,N,2,3,0,3,0,1,2,2,N, ,40 05:59.557,75 00:29.443,1810, ,1803, ,0, , , ,3, , , , , ,354534, , , ,1,1,0,0,0,0,0,0,0,0,0,1,1,0,0,0,0,0,0,0,1,0,0,1,0,0,0,0,0,0,0,0,1,0,0,4,0,40.1,-75.0083, , 
 ,30117,2015121014,6,67,67301,2015,10,5,1200,12,1,1,0,1,1, , ,N,0,2,7,3,0,1,4,2,N,N,39 54:29.866,75 13:23.152,1220, ,1214,9,1,1,N, ,3,N, , , , ,354540, , , ,2,0,0,0,1,0,1,0,0,0,0,0,1,1,0,0,0,0,0,0,0,0,0,0,0,0,0,0,0,0,0,0,0,0,0,8,0,39.9083,-75.2231, , 
 ,30118,2015135819,6,67,67301,2015,12,6,1425,14,1,1,0,4,1, , ,N,1,3,0,3,0,2,3,2,N,N,39 56:57.195,75 13:45.112,1552, ,1550, ,0, , , ,3, , , , , ,354552, , , ,2,1,0,0,0,0,0,1,0,0,0,2,2,0,0,0,0,0,0,0,1,0,0,0,0,0,0,0,0,0,0,0,0,0,0,4,0,39.9492,-75.2292, , 
 ,30119,2015135913,6,67,67301,2015,12,3,1803,18,3,2,1,2,1, , ,N,1,2,0,3,0,1,2,2,N, ,39 59:31.730,75 05:57.398,1922, ,1922, ,0, , , ,3, , , , , ,354553, , , ,2,1,0,0,1,0,0,0,0,0,0,1,1,0,0,0,0,0,1,0,0,0,0,0,0,0,0,0,0,0,0,0,0,0,0,4,0,39.9921,-75.0993, , 
 ,30120,2015131408,6,67,67301,2015,12,2,1732,17,3,1,0,7,2, , ,N,0,0,0,3,0,0,1,1,N,N,39 53:56.836,75 10:38.296,1740, ,1732,1,1,1,N, ,0,N, , , , ,354562, , , ,1,1,0,0,0,0,0,0,0,0,0,0,0,0,0,0,0,0,0,0,0,0,0,0,0,0,0,0,0,0,0,0,0,0,0,0,0,39.8991,-75.1773, , 
 ,30121,2016000974,6,67,67301,2015,12,5,1244,12,1,1,0,1,1, , ,N,2,0,0,3,0,1,3,2,N,N,40 02:30.370,75 06:44.466,1310, ,1256,2,1,3,N, ,0,N, , , , ,354563, , , ,2,2,0,0,0,0,0,0,0,0,0,1,1,0,0,0,0,0,0,0,0,0,0,0,0,0,0,0,0,0,0,0,0,0,0,4,0,40.0423,-75.113, , 
 ,30122,2015069750,6,67,67301,2015,6,5,1148,11,1,2,1,7,4, , ,N,0,0,0,3,0,1,2,1,N,N,39 54:00.902,75 14:20.225,1200, ,1153,9,1,1, , ,0,N, , , , ,354586, , , ,1,1,0,0,0,0,0,0,0,0,0,1,1,0,0,0,0,0,0,0,0,0,0,1,0,0,0,0,0,0,0,0,0,0,0,4,0,39.9003,-75.239, , 
 ,30123,2015078218,6,67,67301,2015,7,1,2050,20,3,1,0,4,1, , ,N,1,2,0,3,0,1,2,2,N,N,40 06:18.581,75 01:58.245,2110, ,2056,1,1,1,N, ,3,N, , , , ,354589, , , ,2,0,0,0,0,0,2,0,0,0,1,0,1,0,0,0,0,0,0,0,1,0,0,0,0,0,0,0,0,0,0,0,0,0,0,3,0,40.1052,-75.0328, , 
 ,30124,2015087491,6,67,67301,2015,5,4,1507,15,1,1,0,8,1, , ,N,2,3,0,3,0,1,2,2,N,N,40 01:32.577,75 05:19.845,0, ,0, ,0, ,N, ,3, , , , , ,354597, , , ,1,1,0,0,0,0,0,0,0,0,0,0,1,1,0,0,0,0,0,0,0,0,0,0,0,0,0,0,0,0,0,0,1,0,0,8,0,40.0257,-75.0888, , 
 ,30125,2015092561,6,67,67301,2015,8,2,1524,15,1,1,0,1,1, , ,N,0,0,0,3,0,1,7,5,N,N,39 57:33.117,75 10:24.393,1527, ,1525,2,1,4,N, ,0,N, , , , ,354603, , , ,5,2,0,0,1,1,1,0,0,0,0,0,1,1,0,0,0,0,0,0,1,1,0,0,0,0,0,0,0,0,0,0,0,0,0,8,1,39.9592,-75.1734, , 
 ,30126,2015092954,6,67,67301,2015,8,2,932,9,1,1,0,5,1, , ,N,0,0,0,3,0,1,2,2,N,N,39 57:57.139,75 13:00.073,1032, ,1030,9,1,1,N, ,0,N, , , , ,354604, , , ,2,2,0,0,0,0,0,0,0,0,0,0,1,1,0,0,0,0,0,0,1,0,0,0,0,0,0,0,0,0,0,0,0,0,0,8,0,39.9659,-75.2167, , 
 ,30127,2015098967,6,67,67301,2015,8,5,240,2,3,1,0,7,4, , ,N,0,0,0,3,0,1,2,1,N,N,39 55:29.588,75 11:17.300,247, ,246, ,0, ,N, ,0, , , , , ,354606, , , ,1,1,0,0,0,0,0,0,0,0,0,0,1,1,0,0,0,0,0,0,0,0,0,0,0,0,0,0,0,0,0,0,0,0,0,8,0,39.9249,-75.1881, , 
 ,30128,2015098986,6,67,67301,2015,9,6,1441,14,1,1,0,4,1, , ,N,1,2,0,3,0,1,2,2,N,N,40 01:44.844,75 05:23.694,1447, ,1442,3,2,6,N, ,3,Y, , , , ,354607, , , ,2,0,1,0,0,0,1,0,0,1,0,0,1,0,0,0,1,0,0,0,0,0,0,0,0,0,0,0,0,1,0,0,0,0,0,2,0,40.0291,-75.0899, , 
 ,30129,2015128544,6,67,67301,2015,11,5,1847,18,3,1,1,4,1, , ,N,1,0,0,3,0,2,3,2,N,N,40 02:58.996,75 10:18.239,1858, ,1847, ,0, ,N, ,0, , , , , ,354617, , , ,2,1,0,0,0,0,1,0,0,0,0,1,2,1,0,0,0,0,0,0,0,0,0,0,0,0,0,0,0,0,0,0,0,0,0,4,0,40.0497,-75.1717, , 
 ,30130,2015131350,6,67,67301,2015,12,4,1230,12,1,2,1,1,1, , ,N,1,2,0,3,0,1,3,2,N,N,40 05:12.438,74 58:18.635,1238, ,1235, ,0, ,N, ,3, , , , , ,354619, , , ,2,1,0,0,0,0,1,0,0,0,0,1,1,0,1,0,0,0,0,0,0,0,0,0,0,0,0,0,0,0,0,0,0,0,0,4,0,40.0868,-74.9718, , 
 ,30131,2015071329,6,67,67301,2015,6,4,600,6,1,1,0,4,1, , ,N,2,0,0,3,0,1,2,2,N,N,39 56:42.097,75 10:18.411,635, ,618, ,0, ,N, ,0, , , , , ,348773, , , ,1,1,0,0,0,0,0,0,1,0,0,1,1,0,0,0,0,0,0,0,0,1,0,1,0,0,0,0,0,0,0,0,0,0,0,4,0,39.945,-75.1718, , 
 ,30132,2015109216,6,67,67301,2015,10,4,1948,19,3,1,0,1,1, , ,N,0,2,0,3,0,2,4,2,N,N,39 54:19.358,75 11:40.146,1959, ,1950,1,1,3,N, ,3,N, , , , ,348800, , , ,2,2,0,0,0,0,0,0,0,0,0,2,2,0,1,0,0,0,0,1,0,0,0,0,0,0,0,0,0,0,0,0,0,0,0,4,0,39.9054,-75.1945, , 
 ,30133,2015086201,6,67,67301,2015,8,2,128,1,3,1,0,5,6, , ,N,0,0,0,3,0,1,1,4,N,N,39 55:28.088,75 10:59.469,136, ,133, ,0, ,N, ,0, , , , , ,348850, , , ,4,3,0,0,0,0,0,1,0,0,0,0,1,1,0,0,0,0,0,0,0,0,0,0,0,0,0,0,0,0,0,0,0,0,0,8,0,39.9245,-75.1832, , 
 ,30134,2015102384,6,67,67301,2015,9,3,924,9,1,1,0,4,1, , ,N,1,2,0,3,0,1,3,2,N,N,39 56:29.216,75 14:06.241,1015, ,1007, ,0, , , ,3, , , , , ,348856, , , ,2,1,0,0,0,0,1,0,0,0,0,1,1,0,1,0,0,0,0,0,0,0,0,0,0,0,0,0,0,0,0,0,0,0,0,4,0,39.9415,-75.235, , 
 ,30135,2015068045,6,67,67301,2015,6,6,750,7,1,1,0,5,1, , ,N,0,0,0,3,0,1,2,2,N,N,39 58:49.264,75 12:19.413,806, ,751, ,0, ,N, ,0, , , , , ,348893, , , ,2,1,0,0,1,0,0,0,0,0,0,0,1,1,0,0,0,0,0,0,0,0,0,0,0,0,0,0,0,0,0,0,0,0,0,8,0,39.9804,-75.2054, , 
 ,30136,2015066197,6,67,67301,2015,6,1,2055,20,3,2,1,4,1, , ,N,1,2,0,3,0,1,5,2,N,N,39 57:11.413,75 10:11.807,2105, ,2100, ,0, ,N, ,3, , , , , ,348920, , , ,2,2,0,0,0,0,0,0,0,0,0,1,1,0,0,0,0,0,0,0,1,0,0,0,0,0,0,0,0,0,0,0,0,0,0,4,0,39.9532,-75.17, , 
 ,30137,2015070168,6,67,67301,2015,6,1,930,9,1,1,0,5,6, , ,N,0,0,0,3,0,0,1,2,N,N,40 00:00.524,75 08:25.686,1935, ,1935, ,0, ,N, ,0, , , , , ,348923, , , ,2,1,0,0,0,0,1,0,0,0,0,0,0,0,0,0,0,0,0,0,0,0,0,1,0,0,0,0,0,0,0,0,0,0,0,0,0,40.0001,-75.1405, , 
 ,30138,2015108494,6,67,67301,2015,10,6,1941,19,3,1,0,5,1, , ,N,0,0,0,3,0,1,2,2,N,N,39 57:36.465,75 10:47.770,2010, ,1941,2,1,4,N, ,0,N, , , , ,348928, , , ,2,0,0,0,0,0,2,0,0,0,1,0,1,0,0,0,0,0,0,1,0,0,0,1,0,0,0,0,0,0,0,0,0,0,0,3,0,39.9601,-75.1799, , 
 ,30139,2015056499,6,67,67301,2015,5,7,1200,12,1,1,0,4,1, , ,N,1,2,0,3,0,5,8,6,N,N,40 02:25.817,75 03:32.713,1210, ,1205,3,2,6,N, ,3,Y, , , , ,348935, , , ,6,5,0,0,0,0,1,0,0,0,0,0,5,5,0,0,0,0,0,0,3,0,1,0,0,0,0,0,0,0,0,0,0,0,0,8,0,40.0405,-75.0591, , 
 ,30140,2015074575,6,67,67301,2015,6,4,1937,19,1,1,0,7,4, , ,N,0,0,0,3,1,0,1,1,N, ,40 01:12.487,75 02:31.888,1942, ,1942, ,0, , ,0,0, , , , , ,348949, , , ,1,0,1,0,0,0,0,0,0,0,0,0,0,0,0,0,0,0,0,0,0,0,0,0,0,0,0,0,1,0,0,0,0,0,0,1,0,40.0201,-75.0422,2, 
 ,30141,2015083325,6,67,67301,2015,7,5,1615,16,1,2,1,8,1, , ,N,1,2,0,3,0,1,2,2,N,N,39 59:11.018,75 10:10.592,1621, ,1619,1,1,6, , ,3,Y, , , , ,348959, , , ,1,0,0,0,0,0,1,0,0,0,0,0,1,1,0,0,0,0,0,0,0,0,0,0,0,0,0,0,0,0,0,0,1,0,0,8,0,39.9864,-75.1696, , 
 ,30142,2015095183,6,67,67301,2015,8,2,1202,12,1,1,0,1,1, , ,N,1,2,0,3,0,2,3,2,N,N,40 01:21.612,75 08:12.364,1211, ,1206, ,0, ,N, ,3, , , , , ,348965, , , ,2,1,0,0,0,1,0,0,0,0,0,2,2,0,0,0,0,0,0,0,0,0,0,0,0,0,0,0,0,0,0,0,0,0,0,4,1,40.0227,-75.1368, , 
 ,30143,2015095722,6,67,67301,2015,8,1,1555,15,1,1,0,1,1, , ,N,0,0,0,3,0,1,3,3,N,N,40 06:41.171,75 01:45.062,1605, ,1557,2,2,5,N, ,0,Y, , , , ,348966, , , ,3,0,0,0,2,0,0,1,0,0,0,1,1,0,1,0,0,0,0,0,0,0,0,0,0,0,0,0,0,0,0,0,0,0,0,4,0,40.1114,-75.0292, , 
 ,30144,2015101978,6,67,67301,2015,9,2,9999,99,1,1,0,4,1, , ,N,2,3,0,3,0,1,3,2,N,N,39 56:21.059,75 14:06.781,1538, ,1534, ,0, , , ,3, , , , , ,348970, , , ,2,1,0,0,0,0,1,0,0,0,0,1,1,0,0,0,0,0,0,0,1,0,0,0,0,0,0,0,0,0,0,0,0,0,0,4,0,39.9392,-75.2352, , 
 ,30145,2015106234,6,67,67301,2015,10,4,630,6,1,1,0,7,3, , ,N,0,0,0,3,0,3,3,1,N,N,39 57:13.745,75 10:53.585,633, ,630,2,2,3,Y, ,0,Y, , , , ,348974, , , ,1,0,0,0,0,0,1,0,0,0,0,3,3,0,0,0,0,0,0,0,0,0,0,0,0,0,0,0,0,0,0,0,0,0,0,4,0,39.9538,-75.1816, , 
 ,30146,2015095734,6,67,67301,2015,9,3,945,9,1,1,0,1,6, , ,N,0,0,0,3,0,1,2,2,N,N,39 58:30.374,75 10:25.760,1100, ,1055, ,0, ,N, ,0, , , , , ,348998, , , ,2,1,0,0,0,0,1,0,0,0,0,1,1,0,0,0,0,0,0,0,0,0,0,0,0,0,0,0,0,0,0,0,0,0,0,4,0,39.9751,-75.1738, , 
 ,30147,2016007638,6,67,67301,2015,12,7,1757,17,3,1,0,4,1, , ,N,1,2,0,3,0,0,2,2,N,N,40 02:03.671,75 04:29.368,1800, ,1758,1,1,2,N, ,3,N, , , , ,349021, , , ,2,1,0,0,1,0,0,0,0,0,0,0,0,0,0,0,0,0,1,0,1,0,0,0,0,0,0,0,0,0,0,0,0,0,0,0,0,40.0343,-75.0746, , 
 ,30148,2015061777,6,67,67301,2015,5,1,940,9,1,1,0,4,6, , ,N,1,0,0,3,0,1,1,2,N,N,39 59:53.365,75 08:00.340,950, ,943, ,0, , , ,0, , , , , ,349030, , , ,2,2,0,0,0,0,0,0,0,0,0,0,1,1,0,0,0,0,0,0,0,0,0,0,0,0,0,0,0,0,0,0,0,0,0,8,0,39.9982,-75.1334, , 
 ,30149,2015056669,6,67,67301,2015,5,3,1520,15,1,1,0,1,1, , ,N,0,0,0,3,0,3,3,3,N,N,39 55:30.581,75 11:35.978,1527, ,1525,2,1,4,N, ,0,N, , , , ,351705, , , ,3,3,0,0,0,0,0,0,0,0,1,2,3,0,0,0,0,0,0,1,1,0,0,1,0,0,0,0,0,0,0,0,0,0,0,3,0,39.9252,-75.1933, , 
 ,30150,2015063973,6,67,67301,2015,5,2,1031,10,1,1,0,4,1, , ,N,2,3,0,3,0,1,2,2,N,N,40 04:07.628,75 02:24.845,1034, ,1032,2,1,2,N, ,3,N, , , , ,351717, , , ,1,1,0,0,0,0,0,0,1,0,1,0,1,0,0,0,0,0,0,0,1,0,0,0,0,0,0,0,0,0,0,0,0,0,0,3,0,40.0688,-75.0402, , 
 ,30151,2015063899,6,67,67301,2015,6,3,625,6,1,2,1,4,1, , ,N,1,2,0,3,0,1,2,2,N, ,39 56:25.580,75 10:10.347,631, ,629,3,1,1, , ,3,Y, , , , ,351725, , , ,2,2,0,0,0,0,0,0,0,0,1,0,1,0,0,0,0,0,0,0,0,0,0,0,0,0,0,0,0,0,0,0,0,0,0,3,0,39.9404,-75.1695, , 
U,30152,2015075293,6,67,67301,2015,4,2,1600,16,1,1,0,0,1,8,8,Y,0,0,0,3,0,1,1,1,N,N,40 07:48.412,75 00:22.510,1219,99,1219, ,0, , , ,0, ,U,U,U,U,351737,U,U,U,1,1,0,0,0,0,0,0,0,0,0,1,1,0,0,0,0,0,0,0,1,0,0,0,0,0,0,0,0,0,0,0,0,0,0,4,0,40.1301,-75.0063, , 
 ,30153,2015075719,6,67,67301,2015,6,1,1949,19,1,1,0,8,1, , ,N,0,0,0,3,0,1,2,2,N,N,39 57:23.904,75 14:09.261,1957, ,1953, ,0, ,N, ,0, , , , , ,351738, , , ,1,1,0,0,0,0,0,0,0,0,0,1,1,0,0,0,0,0,0,0,0,1,0,0,0,0,0,0,0,0,0,0,1,0,0,4,0,39.9566,-75.2359, , 
 ,30154,2015099095,6,67,67301,2015,9,5,630,6,1,2,1,7,2, , ,N,0,0,0,3,0,1,1,1,N,N,40 01:34.895,75 11:37.554,655, ,635,1,2,1,N, ,0,N, , , , ,351761, , , ,1,1,0,0,0,0,0,0,0,0,0,1,1,0,0,0,0,0,0,0,0,0,0,0,0,0,0,0,0,0,0,0,0,0,0,4,0,40.0264,-75.1938, , 
 ,30155,2015047522,6,67,67301,2015,4,6,1454,14,1,1,0,5,1, , ,N,0,0,0,3,0,0,2,2,N,N,39 55:18.877,75 11:20.428,1458, ,1456, ,0, , , ,0, , , , , ,351764, , , ,2,1,0,0,0,0,1,0,0,0,0,0,0,0,0,0,0,0,0,0,0,0,0,0,0,0,0,0,0,0,0,0,0,0,0,0,0,39.9219,-75.189, , 
 ,30156,2015130091,6,67,67301,2015,11,3,1345,13,1,2,1,1,1, , ,N,0,0,0,3,0,3,5,3,N,N,39 59:58.367,75 08:13.673,1400, ,1358, ,0, ,N, ,0, , , , , ,351773, , , ,3,3,0,0,0,0,0,0,0,0,0,3,3,0,0,0,0,0,0,0,1,0,0,0,0,0,0,0,0,0,0,0,0,0,0,4,0,39.9995,-75.1371, , 
 ,30157,2016013940,6,67,67301,2015,12,4,1030,10,1,1,0,4,6, , ,N,0,0,0,3,0,0,1,3,N,N,39 58:13.427,75 14:06.722,1054, ,1054, ,0, ,N, ,0, , , , , ,351785, , , ,3,3,0,0,0,0,0,0,0,0,0,0,0,0,0,0,0,0,0,0,0,0,0,0,0,0,0,0,0,0,0,0,0,0,0,0,0,39.9704,-75.2352, , 
 ,30158,2015115082,6,67,67301,2015,10,1,1415,14,1,1,0,8,1, , ,N,0,0,0,3,1,0,2,2,N,N,40 01:37.662,75 06:54.376,1433, ,1416,3,2,2,N,0,0,Y, , , , ,351787, , , ,1,1,0,0,0,0,0,0,0,0,0,0,0,0,0,0,0,0,0,0,0,1,0,0,0,0,0,0,0,0,0,0,1,1,0,1,0,40.0271,-75.1151,2, 
 ,30159,2015115134,6,67,67301,2015,10,2,828,8,1,1,0,8,1, , ,N,0,0,0,3,0,1,3,2,N,Y,40 01:46.038,75 08:02.644,840, ,830, ,0, ,N, ,0, , , , , ,351788, , , ,1,1,0,0,0,0,0,0,0,0,0,1,1,0,0,0,0,0,0,0,0,0,0,0,0,0,0,0,0,0,0,0,1,0,0,4,0,40.0295,-75.1341, , 
 ,30160,2015128597,6,67,67301,2015,11,6,845,8,8,1,0,1,1, , ,N,0,2,0,3,0,4,5,2,N,N,39 54:22.960,75 11:33.930,850, ,845, ,0, ,N, ,3, , , , , ,351800, , , ,2,1,0,0,0,0,1,0,0,0,0,4,4,0,0,0,0,0,0,0,0,0,0,0,0,0,0,0,0,0,0,0,0,0,0,4,0,39.9064,-75.1928, , 
 ,30161,2015133754,6,67,67301,2015,11,4,910,9,1,2,1,4,1, , ,N,2,2,7,3,0,2,3,5,N, ,40 02:12.681,75 07:15.877,920, ,913, ,0, ,N, ,3, , , , , ,351804, , , ,5,2,0,0,0,1,1,1,0,1,0,0,2,1,0,0,0,0,0,0,1,0,0,0,0,0,0,0,0,0,0,0,0,0,0,2,1,40.0369,-75.1211, , 
 ,30162,2016025988,6,67,67301,2015,12,6,1607,16,1,1,0,4,1, , ,N,1,2,0,3,0,0,2,2,N,N,40 05:57.023,74 59:12.970,1715, ,1712, ,0, , , ,3, , , , , ,351810, , , ,2,1,0,0,0,0,1,0,0,0,0,0,0,0,0,0,0,0,0,0,1,0,0,0,0,0,0,0,0,0,0,0,0,0,0,0,0,40.0992,-74.9869, , 
 ,30163,2015092063,6,67,67301,2015,8,3,1300,13,1,1,0,1,1, , ,N,0,0,6,3,0,1,3,2,N,N,40 06:31.719,74 59:42.718,1305, ,1304,1,1,1, , ,0,N, , , , ,351812, , , ,2,1,0,0,0,0,0,1,0,0,0,0,1,1,0,0,0,0,0,0,0,0,0,0,0,0,0,0,0,0,0,0,0,0,0,8,0,40.1088,-74.9952, , 
 ,30164,2015061938,6,67,67301,2015,5,4,1732,17,1,1,0,8,1, , ,N,0,0,0,3,0,1,2,2,N,N,40 02:08.173,75 02:48.062,1741, ,1738,9,1,4,N, ,0,N, , , , ,351848, , , ,1,1,0,0,0,0,0,0,0,0,0,0,1,1,0,0,0,0,0,0,0,0,0,0,0,0,0,0,0,0,0,0,1,0,0,8,0,40.0356,-75.0467, , 
 ,30165,2015072869,6,67,67301,2015,6,1,1125,11,1,1,0,2,1, , ,N,0,0,0,3,0,1,2,2,N,N,39 59:39.276,75 09:24.950,1135, ,1130, ,0, ,N, ,0, , , , , ,351856, , , ,1,0,1,0,0,0,0,0,1,0,1,0,1,0,1,0,0,0,0,0,0,0,0,0,0,0,0,0,0,0,0,0,0,0,0,3,0,39.9942,-75.1569, , 
 ,30166,2015075806,6,67,67301,2015,7,4,2030,20,3,1,0,1,6, , ,N,0,0,0,3,0,1,1,2,N,N,40 00:11.582,75 09:55.685,2034, ,2032, ,0, ,N, ,0, , , , , ,351858, , , ,2,1,0,0,0,0,1,0,0,0,0,1,1,0,0,0,0,0,0,0,0,0,0,0,0,0,0,0,0,0,0,0,0,0,0,4,0,40.0032,-75.1655, , 
 ,30167,2015063901,6,67,67301,2015,6,4,1512,15,1,1,0,8,1, , ,N,1,2,0,3,0,1,2,2,N, ,39 57:24.631,75 10:03.320,1518, ,1516, ,0, , , ,3, , , , , ,357023, , , ,1,1,0,0,0,0,0,0,1,0,0,1,1,0,0,0,0,0,0,0,0,0,0,0,0,0,0,0,0,0,0,0,0,0,0,4,0,39.9568,-75.1676, , 
 ,30168,2016012848,6,67,67301,2015,7,4,845,8,1,1,0,1,1, , ,N,1,2,0,3,0,1,2,2,N,N,39 57:47.085,75 13:27.213,0, ,0, ,0, ,N, ,3, , , , , ,357027, , , ,2,1,0,0,0,0,0,0,0,0,0,0,1,1,0,0,0,0,0,0,0,1,0,0,0,0,0,0,0,0,0,0,0,0,0,8,0,39.9631,-75.2242, , 