wz_ln_closure,objectid_1,crn,district,county,municipality,crash_year,crash_month,day_of_week,time_of_day,hour_of_day,illumination,weather,road_condition,collision_type,relation_to_road,work_zone_type,work_zone_loc,work_zone_ind,intersect_type,tcd_type,location_type,urban_rural,fatal_count,injury_count,person_count,total_units,sch_bus_ind,sch_zone_ind,latitude,longitude,arrival_tm,cons_zone_spd_lim,dispatch_tm,est_hrs_closed,lane_closed,ln_close_dir,ntfy_hiwy_maint,spec_juris_cd,tcd_func_cd,tfc_detour_ind,workers_pres,wz_close_detour,wz_flagger,wz_law_offcr_ind,objectid,wz_moving,wz_other,wz_shlder_mdn,vehicle_count,automobile_count,motorcycle_count,bus_count,small_truck_count,heavy_truck_count,suv_count,van_count,bicycle_count,maj_inj_count,mod_inj_count,min_inj_count,tot_inj_count,unk_inj_deg_count,unk_inj_per_count,driver_count_16yr,driver_count_17yr,driver_count_18yr,driver_count_19yr,driver_count_20yr,driver_count_50_64yr,driver_count_65_74yr,driver_count_75plus,unbelted_occ_count,unb_death_count,unb_maj_inj_count,belted_death_count,belted_maj_inj_count,mcycle_death_count,mcycle_maj_inj_count,bicycle_death_count,bicycle_maj_inj_count,ped_count,ped_death_count,ped_maj_inj_count,max_severity_level,comm_veh_count,dec_lat,dec_long,rdwy_surf_type_cd,county_name
 ,30169,2015115026,6,67,67301,2015,10,6,610,6,2,1,0,5,6, , ,N,0,0,0,3,0,0,1,2,N,N,40 01:52.395,75 08:21.613,620, ,615, ,0, ,N, ,0, , , , , ,357033, , , ,2,2,0,0,0,0,0,0,0,0,0,0,0,0,1,0,0,0,0,0,0,0,0,0,0,0,0,0,0,0,0,0,0,0,0,9,0,40.0312,-75.1393, , 
 ,30170,2015118150,6,67,67301,2015,10,7,310,3,3,1,0,4,1, , ,N,1,2,0,3,0,2,4,3,N,N,39 58:10.310,75 13:31.350,315, ,313, ,0, , , ,3, , , , , ,357038, , , ,3,1,0,0,0,1,1,0,0,0,0,2,2,0,0,0,0,0,0,0,0,0,0,0,0,0,0,0,0,0,0,0,0,0,0,4,1,39.9695,-75.2254, , 
 ,30171,2015131258,6,67,67301,2015,11,1,1645,16,3,1,0,4,1, , ,N,1,2,0,3,0,1,2,2,N,N,39 57:43.161,75 14:26.866,1655, ,1652, ,0, ,N, ,3, , , , , ,357052, , , ,2,2,0,0,0,0,0,0,0,0,0,0,1,1,0,0,0,0,0,0,0,0,0,1,0,0,0,0,0,0,0,0,0,0,0,8,0,39.9619,-75.2408, , 
 ,30172,2015116149,6,67,67301,2015,10,1,1420,14,1,1,0,6,1, , ,N,0,0,0,3,0,2,3,2,N,N,39 58:13.765,75 11:23.410,1450, ,1445,2,2,5,N, ,0,Y, , , , ,357067, , , ,2,1,0,0,0,0,1,0,0,1,0,0,2,1,0,0,0,0,0,0,1,0,0,0,0,0,0,0,0,0,0,0,0,0,0,2,0,39.9705,-75.1898, , 
 ,30173,2015120985,6,67,67301,2015,11,2,2026,20,3,1,0,4,1, , ,N,1,2,0,3,0,1,2,2,N, ,40 03:47.184,75 03:06.187,2030, ,2026, ,0, , , ,3, , , , , ,357071, , , ,2,1,0,0,0,0,1,0,0,0,0,0,1,1,0,0,0,0,0,0,0,0,0,0,0,0,0,0,0,0,0,0,0,0,0,8,0,40.0631,-75.0516, , 
 ,30174,2015073230,6,67,67301,2015,7,4,857,8,1,1,0,1,1, , ,N,0,0,0,3,0,3,3,2,N,N,40 00:57.346,75 10:34.053,905, ,900,2,2,2,N, ,0,Y, , , , ,357090, , , ,2,2,0,0,0,0,0,0,0,0,0,3,3,0,0,0,0,0,0,0,0,0,0,0,0,0,0,0,0,0,0,0,0,0,0,4,0,40.0159,-75.1761, , 
 ,30175,2015091183,6,67,67301,2015,8,5,1701,17,1,1,0,7,4, , ,N,1,2,0,3,0,1,1,1,N,N,39 55:35.330,75 11:09.731,1701, ,1701, ,0, , , ,3, , , , , ,357103, , , ,1,1,0,0,0,0,0,0,0,0,0,0,1,1,0,0,0,0,0,0,0,0,0,0,0,0,0,0,0,0,0,0,0,0,0,8,0,39.9265,-75.186, , 
 ,30176,2015096116,6,67,67301,2015,8,6,1655,16,1,1,0,8,1, , ,N,1,2,0,3,0,1,2,2,N, ,39 58:08.526,75 09:36.120,9999, ,9999, ,0, , , ,3, , , , , ,357106, , , ,1,0,0,0,0,0,1,0,0,0,0,0,1,1,0,0,0,0,0,0,0,0,1,0,0,0,0,0,0,0,0,0,1,0,0,8,0,39.9689,-75.1599, , 
 ,30177,2015098041,6,67,67301,2015,9,3,645,6,5,1,0,1,1, , ,N,0,2,0,3,0,0,2,2,N,N,40 04:25.733,75 11:25.604,832, ,827,3,1,1,N, ,3,N, , , , ,357107, , , ,2,1,0,0,0,0,1,0,0,0,0,0,0,0,0,0,0,0,0,0,0,0,0,0,0,0,0,0,0,0,0,0,0,0,0,0,0,40.0738,-75.1904, , 
 ,30178,2015102007,6,67,67301,2015,9,2,1640,16,1,1,0,4,1, , ,N,1,2,0,3,0,4,4,2,N,N,39 58:21.766,75 12:14.569,1640, ,1640, ,0, , , ,3, , , , , ,357113, , , ,2,2,0,0,0,0,0,0,0,0,0,0,4,4,0,0,0,0,0,0,0,0,0,0,0,0,0,0,0,0,0,0,0,0,0,8,0,39.9727,-75.204, , 
 ,30179,2015103303,6,67,67301,2015,9,2,140,1,3,1,0,5,6, , ,N,0,0,0,3,0,0,1,3,N,N,39 55:41.173,75 09:25.388,142, ,141,2,2,1,N, ,0,N, , , , ,357128, , , ,3,3,0,0,0,0,0,0,0,0,0,0,0,0,0,0,0,0,0,0,0,0,0,0,0,0,0,0,0,0,0,0,0,0,0,0,0,39.9281,-75.1571, , 
 ,30180,2015109359,6,67,67301,2015,10,5,740,7,1,1,0,1,1, , ,N,0,0,1,3,0,0,2,2,N,N,39 55:17.369,75 11:26.131,900, ,842, ,0, ,N, ,0, , , , , ,357133, , , ,2,2,0,0,0,0,0,0,0,0,0,0,0,0,0,0,0,0,0,1,0,0,0,0,0,0,0,0,0,0,0,0,0,0,0,0,0,39.9215,-75.1906, , 
 ,30181,2015064016,6,67,67301,2015,6,3,1745,17,1,2,1,7,4, , ,N,0,0,0,3,0,0,1,1,N,N,39 59:01.187,75 12:10.788,1751, ,1746,2,1,2,N, ,0,Y, , , , ,357159, , , ,1,1,0,0,0,0,0,0,0,0,0,0,0,0,0,0,0,0,0,0,0,0,0,0,0,0,0,0,0,0,0,0,0,0,0,0,0,39.9837,-75.203, , 
 ,30182,2015073239,6,67,67301,2015,7,4,805,8,1,1,0,1,1, , ,N,0,0,0,3,0,2,3,2,N,N,39 57:43.101,75 12:58.743,1100, ,1045, ,0, ,N, ,0, , , , , ,357163, , , ,2,0,0,0,0,0,2,0,0,0,0,2,2,0,0,0,0,1,0,0,1,0,0,0,0,0,0,0,0,0,0,0,0,0,0,4,0,39.962,-75.2163, , 
 ,30183,2015078674,6,67,67301,2015,7,3,818,8,1,1,0,1,1, , ,N,1,2,0,3,0,1,2,2,N,N,39 53:40.603,75 14:12.181,833, ,830,2,1,1,N, ,3,N, , , , ,357168, , , ,2,1,0,0,0,1,0,0,0,0,0,0,1,1,0,0,0,0,0,0,0,1,0,0,0,0,0,0,0,0,0,0,0,0,0,8,1,39.8946,-75.2367, , 
 ,30184,2015097607,6,67,67301,2015,9,4,652,6,1,1,0,1,1, , ,N,0,0,0,3,0,1,3,3,N,N,39 58:19.325,75 11:36.844,657, ,652, ,0, ,N, ,0, , , , , ,357178, , , ,3,0,0,0,0,1,2,0,0,0,0,0,1,1,1,0,0,0,0,0,1,0,0,0,0,0,0,0,0,0,0,0,0,0,0,8,1,39.972,-75.1936, , 
 ,30185,2016001016,6,67,67301,2015,12,1,1535,15,1,1,0,7,4, , ,N,1,3,0,3,0,1,1,1,N,N,40 00:04.600,75 10:28.340,1540, ,1538, ,0, ,N, ,3, , , , , ,354631, , , ,1,1,0,0,0,0,0,0,0,0,0,0,1,1,0,0,0,0,0,0,1,0,0,0,0,0,0,0,0,0,0,0,0,0,0,8,0,40.0013,-75.1745, , 
 ,30186,2016006044,6,67,67301,2015,12,4,9999,99,3,2,1,8,1, , ,N,1,2,0,3,0,1,2,2,N,N,39 56:41.420,75 10:30.111,2040, ,2030, ,0, ,N, ,9, , , , , ,354634, , , ,1,1,0,0,0,0,0,0,0,0,0,0,1,1,1,0,0,0,0,0,0,0,0,0,0,0,0,0,0,0,0,0,1,0,0,8,0,39.9448,-75.175, , 
 ,30187,2016028776,6,67,67301,2015,12,3,1751,17,3,1,0,5,1, , ,N,0,8,0,3,0,1,7,3,N,N,39 57:20.286,75 10:50.987,1800, ,1751,1,2,3, , ,3,N, , , , ,354636, , , ,3,3,0,0,0,0,0,0,0,0,0,1,1,0,0,0,0,0,0,0,0,0,1,0,0,0,0,0,0,0,0,0,0,0,0,4,0,39.9556,-75.1808, , 
 ,30188,2015114530,6,67,67301,2015,10,1,2314,23,3,1,0,4,1, , ,N,1,2,0,3,0,0,3,4,N,N,39 56:33.464,75 08:56.209,2325, ,2317, ,0, ,N, ,3, , , , , ,354645, , , ,4,3,0,0,0,0,1,0,0,0,0,0,0,0,1,0,0,0,0,0,0,0,0,0,0,0,0,0,0,0,0,0,0,0,0,9,0,39.9426,-75.1489, , 
 ,30189,2015129040,6,67,67301,2015,11,1,2030,20,3,1,0,1,1, , ,N,0,0,0,3,0,3,4,3,N,N,40 00:36.911,75 04:46.660,2135, ,2129, ,0, ,N, ,0, , , , , ,354658, , , ,3,1,0,0,0,0,2,0,0,0,0,3,3,0,0,0,0,0,0,0,1,0,0,1,0,0,0,0,0,0,0,0,0,0,0,4,0,40.0103,-75.0796, , 
 ,30190,2016000553,6,67,67301,2015,12,3,1317,13,1,1,0,5,1, , ,N,0,0,0,3,0,0,2,3,N,N,39 57:26.924,75 09:34.482,1400, ,1328, ,0, ,N, ,0, , , , , ,354664, , , ,2,2,0,0,0,0,0,0,0,0,0,0,0,0,0,0,0,0,0,0,0,0,0,0,0,0,0,0,0,0,0,0,0,0,0,0,0,39.9575,-75.1596, , 
 ,30191,2015088758,6,67,67301,2015,8,4,1650,16,1,1,0,1,1, , ,N,0,0,0,3,0,1,6,2,N,N,40 02:53.186,75 14:06.258,1657, ,1652,1,1,2,N, ,0,N, , , , ,354668, , , ,2,0,0,1,0,0,1,0,0,0,0,0,1,1,0,0,0,0,0,0,1,0,0,1,0,0,0,0,0,0,0,0,0,0,0,8,1,40.0481,-75.2351, , 
 ,30192,2015099145,6,67,67301,2015,8,5,2130,21,3,2,1,5,1, , ,N,0,0,0,3,0,3,3,2,N,N,39 57:30.832,75 13:32.906,2135, ,2135, ,0, ,N, ,0, , , , , ,354677, , , ,2,2,0,0,0,0,0,0,0,0,0,3,3,0,0,0,0,0,0,0,0,0,0,0,0,0,0,0,0,0,0,0,0,0,0,4,0,39.9586,-75.2258, , 
 ,30193,2015100014,6,67,67301,2015,9,5,2029,20,3,1,0,7,3, , ,N,0,0,0,3,0,0,1,1,N,N,39 58:04.089,75 11:23.060,2029, ,2029,1,1,4,N, ,0,N, , , , ,354678, , , ,1,1,0,0,0,0,0,0,0,0,0,0,0,0,0,0,0,0,0,0,0,0,0,0,0,0,0,0,0,0,0,0,0,0,0,0,0,39.9678,-75.1897, , 
 ,30194,2015131316,6,67,67301,2015,11,5,1445,14,1,1,0,7,4, , ,N,1,2,0,3,0,0,1,1,N,N,40 02:58.826,75 03:29.802,1500, ,1445, ,0, ,N, ,3, , , , , ,354696, , , ,1,0,0,0,0,0,1,0,0,0,0,0,0,0,0,0,0,0,0,0,1,0,0,0,0,0,0,0,0,0,0,0,0,0,0,0,0,40.0496,-75.0582, , 
N,30195,2015133540,6,67,67301,2015,12,5,1605,16,1,1,0,1,1,1,4,Y,0,0,0,3,0,1,3,2,N,N,40 01:12.106,75 02:39.685,1619,45,1607, ,0, ,N, ,0, ,N,N,N,N,354697,N,N,Y,2,0,0,0,2,0,0,0,0,0,0,1,1,0,0,0,0,0,0,0,1,0,0,0,0,0,0,0,0,0,0,0,0,0,0,4,0,40.02,-75.0444, , 
 ,30196,2015133745,6,67,67301,2015,11,5,1940,19,2,2,1,6,1, , ,N,0,0,0,3,0,2,2,2,N,N,40 03:47.197,75 12:01.563,2050, ,2043, ,0, ,N, ,0, , , , , ,354698, , , ,2,2,0,0,0,0,0,0,0,0,0,0,2,2,0,0,0,0,0,0,1,0,0,0,0,0,0,0,0,0,0,0,0,0,0,8,0,40.0631,-75.2004, , 
 ,30197,2015071479,6,67,67301,2015,6,4,554,5,3,1,0,5,1, , ,N,0,4,0,3,0,0,2,2,N,N,39 58:33.712,75 11:43.465,554, ,554, ,0, ,N, ,3, , , , , ,354713, , , ,2,1,0,0,0,1,0,0,0,0,0,0,0,0,1,0,0,0,0,0,0,0,0,0,0,0,0,0,0,0,0,0,0,0,0,9,1,39.976,-75.1954, , 
 ,30198,2015074956,6,67,67301,2015,6,3,120,1,3,2,1,7,4, , ,N,0,0,0,3,0,1,1,1,N,N,39 58:57.309,75 12:27.900,129, ,123,2,2,4,N, ,0,N, , , , ,354717, , , ,1,0,0,0,1,0,0,0,0,0,0,0,1,1,0,0,0,0,0,0,0,0,0,1,0,0,0,0,0,0,0,0,0,0,0,8,0,39.9826,-75.2078, , 
 ,30199,2015087420,6,67,67301,2015,5,5,2300,23,3,1,0,1,1, , ,N,2,0,0,3,0,1,2,2,N,N,39 56:18.761,75 14:04.043,0, ,0, ,0, ,N, ,0, , , , , ,354769, , , ,2,2,0,0,0,0,0,0,0,0,0,0,1,1,0,0,0,0,0,0,1,0,0,0,0,0,0,0,0,0,0,0,0,0,0,8,0,39.9386,-75.2345, , 
 ,30200,2015095736,6,67,67301,2015,8,1,2115,21,2,1,0,5,1, , ,N,1,2,0,3,0,0,2,4,N,N,39 57:46.609,75 08:27.409,2133, ,2128,9,1,2, , ,3,N, , , , ,354776, , , ,4,2,0,0,1,0,1,0,0,0,0,0,0,0,1,0,0,0,1,0,0,0,0,0,0,0,0,0,0,0,0,0,0,0,0,9,0,39.9629,-75.1409, , 
 ,30201,2015105121,6,67,67301,2015,9,2,1745,17,1,1,0,5,1, , ,N,0,0,0,3,0,1,3,2,N,N,39 58:51.055,75 06:37.594,1800, ,1750, ,0, ,N, ,0, , , , , ,354784, , , ,2,0,0,1,0,0,1,0,0,0,0,1,1,0,0,0,0,0,0,0,1,0,0,1,0,0,0,0,0,0,0,0,0,0,0,4,1,39.9808,-75.1104, , 
 ,30202,2015084460,6,67,67301,2015,7,7,2126,21,3,1,0,4,1, , ,N,1,2,0,3,0,1,2,2,N,N,39 56:37.139,75 09:55.997,2142, ,2128, ,0, ,N, ,3, , , , , ,354790, , , ,2,1,1,0,0,0,0,0,0,0,1,0,1,0,0,0,0,0,0,0,0,0,0,0,0,0,0,0,0,0,0,0,0,0,0,3,0,39.9437,-75.1654, , 
 ,30203,2015085303,6,67,67301,2015,8,7,1109,11,1,1,0,4,1, , ,N,1,2,0,3,0,0,7,2,N,N,40 03:24.231,75 03:38.871,1115, ,1109,2,1,2, , ,3,N, , , , ,354792, , , ,2,1,0,0,0,0,1,0,0,0,0,0,0,0,0,0,0,0,0,0,0,0,0,6,0,0,0,0,0,0,0,0,0,0,0,0,0,40.0567,-75.0608, , 
 ,30204,2015066228,6,67,67301,2015,6,7,1550,15,1,1,0,4,1, , ,N,1,2,0,3,0,0,2,2,N, ,39 57:15.080,75 10:11.059,1955, ,1950,1,1,4, , ,3,N, , , , ,349036, , , ,2,1,0,0,0,0,1,0,0,0,0,0,0,0,0,0,0,0,0,0,0,1,0,0,0,0,0,0,0,0,0,0,0,0,0,0,0,39.9542,-75.1698, , 
 ,30205,2015091060,6,67,67301,2015,8,3,540,5,1,1,0,7,3, , ,N,0,0,0,3,0,1,1,1,N,N,39 53:34.192,75 13:25.063,557, ,546, ,0, ,N, ,0, , , , , ,349062, , , ,1,1,0,0,0,0,0,0,0,0,0,0,1,1,0,0,0,0,0,0,0,0,0,0,0,0,0,0,0,0,0,0,0,0,0,8,0,39.8928,-75.2236, , 
 ,30206,2015092072,6,67,67301,2015,8,7,135,1,3,1,0,5,6, , ,N,0,0,0,3,0,0,1,4,N,N,40 01:26.520,75 07:51.319,140, ,140, ,0, ,N, ,0, , , , , ,349064, , , ,4,3,0,0,1,0,0,0,0,0,0,0,0,0,0,0,0,0,0,0,0,0,0,0,0,0,0,0,0,0,0,0,0,0,0,0,0,40.024,-75.1309, , 
 ,30207,2015078666,6,67,67301,2015,7,6,1200,12,1,1,0,4,1, , ,N,5,2,1,3,0,2,4,2,N,N,39 59:42.637,75 06:56.944,1206, ,1205, ,0, ,N, ,3, , , , , ,349075, , , ,2,1,0,0,1,0,0,0,0,0,0,0,2,2,0,0,0,0,0,0,1,0,0,0,0,0,0,0,0,0,0,0,0,0,0,8,0,39.9952,-75.1158, , 
 ,30208,2015081024,6,67,67301,2015,7,5,2000,20,3,1,0,7,4, , ,N,0,0,0,3,0,1,1,1,N, ,40 01:06.430,75 10:58.428,2025, ,2022, ,0, , , ,0, , , , , ,349078, , , ,1,1,0,0,0,0,0,0,0,0,0,0,1,1,0,0,0,0,0,0,1,0,0,0,0,0,0,0,0,0,0,0,0,0,0,8,0,40.0185,-75.1829, , 
 ,30209,2015101993,6,67,67301,2015,9,7,2018,20,3,1,0,8,1, , ,N,0,0,0,3,0,1,2,2,N, ,40 02:55.953,75 03:42.834,2030, ,2023, ,0, , , ,0, , , , , ,349098, , , ,1,1,0,0,0,0,0,0,0,0,0,1,1,0,0,0,0,0,0,0,0,0,0,1,0,0,0,0,0,0,0,0,1,0,0,4,0,40.0489,-75.0619, , 
 ,30210,2015123022,6,67,67301,2015,11,4,1901,19,3,1,0,7,4, , ,N,0,0,1,3,0,0,7,1,N,N,39 56:39.405,75 11:50.696,1930, ,1901, ,0, ,N, ,0, , , , , ,349112, , , ,1,1,0,0,0,0,0,0,0,0,0,0,0,0,0,0,0,0,0,0,0,0,0,1,0,0,0,0,0,0,0,0,0,0,0,0,0,39.9443,-75.1974, , 
 ,30211,2015103809,6,67,67301,2015,9,4,756,7,1,1,0,4,1, , ,N,1,2,0,3,0,1,14,2,N, ,39 59:27.769,75 10:06.848,815, ,808, ,0, , , ,3, , , , , ,349122, , , ,2,0,0,1,0,0,0,1,0,0,0,1,1,0,0,0,0,0,0,0,1,0,0,3,0,0,0,0,0,0,0,0,0,0,0,4,1,39.991,-75.1686, , 
 ,30212,2015114614,6,67,67301,2015,10,3,1630,16,1,1,0,8,1, , ,N,2,0,0,3,0,1,2,2,N, ,39 57:43.696,75 12:14.075,1705, ,1657, ,0, , , ,0, , , , , ,349134, , , ,1,0,0,1,0,0,0,0,0,0,0,1,1,0,0,0,0,0,0,0,0,0,0,0,0,0,0,0,0,0,0,0,1,0,0,4,1,39.9621,-75.2039, , 
 ,30213,2015085237,6,67,67301,2015,8,6,945,9,1,1,0,4,1, , ,N,1,2,0,3,0,1,2,2,N, ,39 59:00.369,75 09:30.823,946, ,945,2,1,5, , ,3,Y, , , , ,349143, , , ,2,1,0,0,0,0,1,0,0,0,0,0,1,1,0,0,0,0,0,0,0,0,0,0,0,0,0,0,0,0,0,0,0,0,0,8,0,39.9834,-75.1586, , 
 ,30214,2015099141,6,67,67301,2015,9,2,657,6,1,1,0,4,1, , ,N,2,2,2,3,0,1,2,2,N, ,40 00:01.112,75 05:01.173,710, ,705,9,2,7, , ,3,N, , , , ,349161, , , ,2,2,0,0,0,0,0,0,0,0,0,0,1,1,0,0,0,0,0,0,0,0,0,0,0,0,0,0,0,0,0,0,0,0,0,8,0,40.0003,-75.0837, , 
 ,30215,2015105947,6,67,67301,2015,9,4,1545,15,1,1,0,1,1, , ,N,0,0,0,3,0,1,3,3,N,N,40 06:59.335,75 00:22.528,1602, ,1555,2,2,6,N, ,0,Y, , , , ,349169, , , ,3,2,0,0,1,0,0,0,0,0,0,1,1,0,0,0,0,0,0,0,0,0,1,0,0,0,0,0,0,0,0,0,0,0,0,4,0,40.1165,-75.0063, , 
 ,30216,2015131246,6,67,67301,2015,12,7,1715,17,3,1,0,4,1, , ,N,2,3,0,3,0,0,4,2,N,N,40 03:31.658,75 09:27.874,1732, ,1727, ,0, ,N, ,3, , , , , ,349194, , , ,2,2,0,0,0,0,0,0,0,0,0,0,0,0,0,0,0,0,0,0,1,0,0,0,0,0,0,0,0,0,0,0,0,0,0,0,0,40.0588,-75.1577, , 
 ,30217,2015059100,6,67,67301,2015,5,3,1230,12,1,1,0,4,1, , ,N,0,0,7,3,0,0,4,2,N, ,39 59:47.709,75 05:27.596,1301, ,1300, ,0, , , ,0, , , , , ,349210, , , ,2,0,0,0,0,0,2,0,0,0,0,0,0,0,0,0,0,0,0,0,0,1,0,0,0,0,0,0,0,0,0,0,0,0,0,0,0,39.9966,-75.091, , 
 ,30218,2015082845,6,67,67301,2015,7,6,830,8,1,1,0,1,1, , ,N,7,3,2,3,0,1,2,2,N,N,40 00:39.639,75 12:22.116,846, ,840,1,1,4,N, ,3,N, , , , ,349219, , , ,2,1,0,0,1,0,0,0,0,0,0,1,1,0,0,0,0,0,0,0,0,0,0,0,0,0,0,0,0,0,0,0,0,0,0,4,0,40.011,-75.2061, , 
 ,30219,2015095204,6,67,67301,2015,9,6,1614,16,1,1,0,4,1, , ,N,1,2,0,3,0,3,3,3,N, ,39 55:05.910,75 12:31.905,1622, ,1620,2,2,2, , ,3,Y, , , , ,349226, , , ,3,1,0,0,0,0,0,2,0,0,0,3,3,0,0,0,0,0,0,1,0,0,0,0,0,0,0,0,0,0,0,0,0,0,0,4,0,39.9182,-75.2088, , 
 ,30220,2015102394,6,67,67301,2015,9,2,1745,17,1,1,0,8,1, , ,N,1,2,0,3,0,1,2,2,N,N,39 57:47.401,75 11:58.714,9999, ,1450, ,0, ,N, ,3, , , , , ,349235, , , ,1,1,0,0,0,0,0,0,0,0,0,0,1,1,0,0,0,0,0,0,0,0,0,0,0,0,0,0,0,0,0,0,1,0,0,8,0,39.9632,-75.1996, , 
 ,30221,2015105135,6,67,67301,2015,9,6,750,7,2,1,0,4,1, , ,N,1,0,0,3,0,1,2,2,N,N,39 56:18.628,75 11:06.863,800, ,759, ,0, ,N, ,0, , , , , ,349240, , , ,2,1,0,0,0,0,0,1,0,0,0,1,1,0,0,0,0,0,0,0,0,0,0,0,0,0,0,0,0,0,0,0,0,0,0,4,0,39.9385,-75.1852, , 
 ,30222,2015086980,6,67,67301,2015,3,7,1000,10,1,1,0,4,1, , ,N,0,0,0,3,0,0,2,2,N,N,39 55:04.182,75 12:39.168,0, ,0, ,0, ,N, ,0, , , , , ,349270, , , ,2,1,0,0,0,0,1,0,0,0,0,0,0,0,0,0,0,0,0,0,0,0,0,0,0,0,0,0,0,0,0,0,0,0,0,0,0,39.9178,-75.2109, , 
 ,30223,2015083435,6,67,67301,2015,7,5,905,9,1,1,0,1,1, , ,N,0,0,7,3,0,1,2,2,N, ,40 04:31.677,75 01:07.822,910, ,908,1,1,4, , ,0,N, , , , ,351864, , , ,2,1,0,0,0,1,0,0,0,0,1,0,1,0,0,0,0,0,0,0,1,0,0,2,0,0,0,0,0,0,0,0,0,0,0,3,1,40.0755,-75.0188, , 
 ,30224,2015084397,6,67,67301,2015,7,4,703,7,1,1,0,1,1, , ,N,0,0,0,3,0,2,3,2,N,N,40 01:29.380,75 07:47.828,720, ,705,1,1,4,N, ,0,N, , , , ,351865, , , ,2,1,0,0,0,0,1,0,0,0,0,2,2,0,0,0,0,0,0,0,1,0,0,0,0,0,0,0,0,0,0,0,0,0,0,4,0,40.0248,-75.13, , 
 ,30225,2015103434,6,67,67301,2015,9,5,755,7,1,1,0,4,1, , ,N,1,3,0,3,0,4,4,2,N, ,40 02:48.494,75 05:38.374,801, ,757, ,0, , , ,3, , , , , ,351886, , , ,2,0,0,0,0,0,2,0,0,0,0,4,4,0,0,0,0,0,0,0,0,0,0,0,0,0,0,0,0,0,0,0,0,0,0,4,0,40.0468,-75.094, , 
 ,30226,2015095669,6,67,67301,2015,8,4,1245,12,1,1,0,4,1, , ,N,1,3,0,3,0,1,2,2,N,N,39 57:24.825,75 12:22.359,1300, ,1251, ,0, ,N, ,3, , , , , ,351887, , , ,2,1,0,0,0,0,0,1,0,0,0,0,1,1,0,0,0,0,0,0,1,0,0,0,0,0,0,0,0,0,0,0,0,0,0,8,0,39.9569,-75.2062, , 
 ,30227,2015130322,6,67,67301,2015,11,7,1345,13,1,1,0,1,1, , ,N,1,2,0,3,0,1,2,2,N,N,39 59:13.322,75 10:27.753,1351, ,1350, ,0, , , ,3, , , , , ,351921, , , ,2,1,0,0,0,0,1,0,0,0,0,0,1,1,0,0,0,0,0,0,0,0,0,1,0,0,0,0,0,0,0,0,0,0,0,8,0,39.987,-75.1744, , 
 ,30228,2015130351,6,67,67301,2015,11,4,1130,11,1,1,0,4,1, , ,N,1,2,0,3,0,4,6,2,N, ,40 01:47.658,75 08:45.592,1150, ,1140, ,0, , , ,3, , , , , ,351922, , , ,2,1,0,0,0,0,0,0,0,0,0,4,4,0,0,0,0,0,0,0,0,0,0,0,0,0,0,0,0,0,0,0,0,0,0,4,0,40.0299,-75.146, , 
 ,30229,2015117969,6,67,67301,2015,11,4,652,6,1,1,0,1,1, , ,N,7,3,0,3,0,1,2,2,N,N,40 00:33.653,75 12:18.287,712, ,706, ,0, ,N, ,3, , , , , ,351934, , , ,2,0,0,0,0,0,2,0,0,0,0,0,1,1,0,0,0,0,0,0,1,0,0,0,0,0,0,0,0,0,0,0,0,0,0,8,0,40.0093,-75.2051, , 
 ,30230,2016000977,6,67,67301,2015,12,6,210,2,3,1,0,1,1, , ,N,1,2,0,3,0,0,2,2,N,N,39 55:16.534,75 11:37.854,216, ,215, ,0, , , ,3, , , , , ,351953, , , ,2,2,0,0,0,0,0,0,0,0,0,0,0,0,0,0,0,0,0,0,0,0,0,1,0,0,0,0,0,0,0,0,0,0,0,0,0,39.9211,-75.1938, , 
 ,30231,2015114106,6,67,67301,2015,10,4,1649,16,1,1,0,8,1, , ,N,1,2,0,3,0,2,3,3,N,N,40 02:44.254,75 07:42.459,1650, ,1650,3,2,5, , ,3,Y, , , , ,351958, , , ,1,0,0,1,0,0,0,0,0,1,0,1,2,0,0,0,0,0,0,0,1,0,0,0,0,0,0,0,0,0,0,0,2,0,1,2,1,40.0456,-75.1285, , 
 ,30232,2015078307,6,67,67301,2015,7,2,2300,23,3,1,0,8,1, , ,N,2,0,0,3,0,1,2,2,N,N,39 59:21.166,75 07:50.120,100, ,57, ,0, ,N, ,0, , , , , ,351965, , , ,1,1,0,0,0,0,0,0,0,0,1,0,1,0,0,0,0,0,0,0,0,0,0,0,0,0,0,0,0,0,0,0,1,0,0,3,0,39.9892,-75.1306, , 
 ,30233,2015085231,6,67,67301,2015,8,1,2325,23,3,1,0,5,6, , ,N,0,0,0,3,0,1,2,2,N,N,40 02:35.324,75 05:02.963,2337, ,2336, ,0, ,N, ,0, , , , , ,351969, , , ,2,2,0,0,0,0,0,0,0,0,0,0,1,1,0,0,0,0,0,0,0,0,0,0,0,0,0,0,0,0,0,0,0,0,0,8,0,40.0431,-75.0842, , 
 ,30234,2015073628,6,67,67301,2015,6,7,2350,23,3,2,1,7,4, , ,N,1,2,0,3,0,1,1,1,N,N,40 02:12.744,75 02:26.410,2359, ,2358, ,0, ,N, ,3, , , , , ,352000, , , ,1,1,0,0,0,0,0,0,0,0,0,1,1,0,0,0,0,0,0,0,0,0,0,1,0,0,0,0,0,0,0,0,0,0,0,4,0,40.0368,-75.0405, , 
 ,30235,2015066196,6,67,67301,2015,6,3,1509,15,1,1,0,1,1, , ,N,1,2,0,3,0,2,4,2,N,N,39 58:00.185,75 09:37.919,1654, ,1653, ,0, ,N, ,3, , , , , ,352024, , , ,2,2,0,0,0,0,0,0,0,0,0,2,2,0,2,0,0,0,0,0,0,0,0,0,0,0,0,0,0,0,0,0,0,0,0,4,0,39.9666,-75.1604, , 