wz_ln_closure,objectid_1,crn,district,county,municipality,crash_year,crash_month,day_of_week,time_of_day,hour_of_day,illumination,weather,road_condition,collision_type,relation_to_road,work_zone_type,work_zone_loc,work_zone_ind,intersect_type,tcd_type,location_type,urban_rural,fatal_count,injury_count,person_count,total_units,sch_bus_ind,sch_zone_ind,latitude,longitude,arrival_tm,cons_zone_spd_lim,dispatch_tm,est_hrs_closed,lane_closed,ln_close_dir,ntfy_hiwy_maint,spec_juris_cd,tcd_func_cd,tfc_detour_ind,workers_pres,wz_close_detour,wz_flagger,wz_law_offcr_ind,objectid,wz_moving,wz_other,wz_shlder_mdn,vehicle_count,automobile_count,motorcycle_count,bus_count,small_truck_count,heavy_truck_count,suv_count,van_count,bicycle_count,maj_inj_count,mod_inj_count,min_inj_count,tot_inj_count,unk_inj_deg_count,unk_inj_per_count,driver_count_16yr,driver_count_17yr,driver_count_18yr,driver_count_19yr,driver_count_20yr,driver_count_50_64yr,driver_count_65_74yr,driver_count_75plus,unbelted_occ_count,unb_death_count,unb_maj_inj_count,belted_death_count,belted_maj_inj_count,mcycle_death_count,mcycle_maj_inj_count,bicycle_death_count,bicycle_maj_inj_count,ped_count,ped_death_count,ped_maj_inj_count,max_severity_level,comm_veh_count,dec_lat,dec_long,rdwy_surf_type_cd,county_name
 ,30302,2015056948,6,67,67301,2015,5,7,1900,19,4,2,1,4,1, , ,N,2,2,0,3,0,0,2,2,N, ,39 57:37.272,75 09:42.857,1940, ,1935, ,0, , , ,3, , , , , ,352104, , , ,2,1,0,0,0,0,1,0,0,0,0,0,0,0,0,0,0,0,0,0,0,0,0,0,0,0,0,0,0,0,0,0,0,0,0,0,0,39.9603,-75.1618, , 
 ,30303,2015057034,6,67,67301,2015,5,2,1532,15,1,1,0,5,1, , ,N,0,0,0,3,0,1,2,2,N,N,40 02:58.769,74 59:37.529,1604, ,1536, ,0, ,N, ,0, , , , , ,352105, , , ,2,1,0,0,0,0,1,0,0,0,0,0,1,1,0,0,0,0,0,0,0,0,0,1,0,0,0,0,0,0,0,0,0,0,0,8,0,40.0497,-74.9938, , 
 ,30304,2015052392,6,67,67301,2015,5,1,1633,16,1,1,0,1,1, , ,N,0,0,0,3,0,1,6,2,N,N,39 59:32.366,75 12:04.809,1637, ,1633, ,0, ,N, ,0, , , , , ,352110, , , ,2,0,0,0,1,0,1,0,0,0,0,0,1,1,0,0,0,0,0,0,1,0,0,0,0,0,0,0,0,0,0,0,0,0,0,8,0,39.9923,-75.2013, , 
 ,30305,2015056954,6,67,67301,2015,5,7,1030,10,1,1,0,6,1, , ,N,0,0,0,3,0,2,3,2,N,N,39 59:43.125,75 07:48.707,1105, ,1101, ,0, ,N, ,0, , , , , ,352114, , , ,2,0,0,0,0,0,2,0,0,0,0,2,2,0,0,0,0,0,0,0,0,0,0,3,0,0,0,0,0,0,0,0,0,0,0,4,0,39.9953,-75.1302, , 
 ,30306,2015073253,6,67,67301,2015,6,2,724,7,1,1,0,4,1, , ,N,1,2,0,3,0,0,2,2,N,N,40 01:59.258,75 04:48.508,730, ,726,2,1,2,N, ,3,N, , , , ,352127, , , ,2,0,0,0,0,1,1,0,0,0,0,0,0,0,0,0,0,0,0,0,2,0,0,0,0,0,0,0,0,0,0,0,0,0,0,0,1,40.0331,-75.0801, , 
 ,30307,2015099001,6,67,67301,2015,9,1,1455,14,1,1,0,1,1, , ,N,0,2,0,3,0,1,7,2,N,N,40 02:10.102,75 03:51.037,1512, ,1510,1,1,1,N, ,3,N, , , , ,352148, , , ,2,0,0,0,0,0,0,2,0,0,0,1,1,0,0,0,0,0,0,0,0,0,0,0,0,0,0,0,0,0,0,0,0,0,0,4,0,40.0361,-75.0642, , 
 ,30308,2015099004,6,67,67301,2015,9,3,856,8,1,1,0,4,1, , ,N,0,0,7,3,0,0,2,2,N,N,40 04:27.580,75 01:00.600,905, ,857, ,0, ,N, ,0, , , , , ,352149, , , ,2,2,0,0,0,0,0,0,0,0,0,0,0,0,0,0,0,0,0,0,1,1,0,0,0,0,0,0,0,0,0,0,0,0,0,0,0,40.0743,-75.0168, , 
 ,30309,2015106375,6,67,67301,2015,10,5,1300,13,1,1,0,8,6, , ,N,0,0,0,3,0,1,2,2,N, ,40 00:32.970,75 09:01.662,1324, ,1315, ,0, , , ,0, , , , , ,352156, , , ,1,1,0,0,0,0,0,0,0,0,0,1,1,0,0,0,0,0,0,0,1,0,0,1,0,0,0,0,0,0,0,0,1,0,0,4,0,40.0092,-75.1505, , 
 ,30310,2015121056,6,67,67301,2015,10,5,1820,18,3,1,0,4,1, , ,N,0,0,0,3,0,1,2,2,N,N,39 54:49.696,75 10:49.922,1845, ,1830, ,0, ,N, ,0, , , , , ,352159, , , ,1,1,0,0,0,0,0,0,1,0,0,0,1,1,0,0,0,0,0,0,0,0,0,1,0,0,0,0,0,0,0,0,0,0,0,8,0,39.9138,-75.1805, , 
 ,30311,2016002368,6,67,67301,2015,12,7,420,4,3,1,0,5,1, , ,N,0,0,0,3,0,0,3,4,N,N,39 59:22.116,75 05:19.721,432, ,430, ,0, ,N, ,0, , , , , ,352174, , , ,3,2,0,0,0,0,1,0,0,0,0,0,0,0,2,0,0,0,0,0,0,0,0,0,0,0,0,0,0,0,0,0,0,0,0,9,0,39.9895,-75.0888, , 
 ,30312,2016002629,6,67,67301,2015,12,1,530,5,3,1,0,4,9, , ,N,0,0,0,3,0,0,1,3,N,N,39 59:06.100,75 10:27.600,802, ,800, ,0, ,N, ,0, , , , , ,352175, , , ,3,1,0,0,0,0,2,0,0,0,0,0,0,0,1,0,0,0,0,0,0,0,0,0,0,0,0,0,0,0,0,0,0,0,0,9,0,39.985,-75.1743, , 
 ,30313,2016007682,6,67,67301,2015,12,1,1821,18,3,2,1,4,1, , ,N,1,2,0,3,0,1,3,2,N,N,40 01:39.133,75 03:44.544,1845, ,1844, ,0, ,N, ,3, , , , , ,352177, , , ,2,1,0,0,1,0,0,0,0,0,0,1,1,0,0,0,0,0,0,0,0,0,0,0,0,0,0,0,0,0,0,0,0,0,0,4,0,40.0275,-75.0624, , 
 ,30314,2015095742,6,67,67301,2015,8,5,930,9,1,1,0,1,1, , ,N,1,2,0,3,0,1,4,4,N,N,39 58:58.770,75 06:05.073,940, ,938, ,0, , , ,3, , , , , ,357429, , , ,4,2,0,0,0,0,1,1,0,0,0,0,1,1,0,0,0,0,0,0,1,0,0,0,0,0,0,0,0,0,0,0,0,0,0,8,0,39.983,-75.1014, , 
 ,30315,2015095761,6,67,67301,2015,9,2,2105,21,3,1,0,1,1, , ,N,1,2,0,3,0,0,5,2,N, ,39 57:57.056,75 14:02.155,2105, ,2105,2,1,2, , ,3,N, , , , ,357430, , , ,2,1,0,0,0,0,1,0,0,0,0,0,0,0,0,0,0,0,0,0,1,0,0,0,0,0,0,0,0,0,0,0,0,0,0,0,0,39.9658,-75.2339, , 
 ,30316,2015109207,6,67,67301,2015,10,6,1613,16,4,2,1,7,4, , ,N,0,0,0,3,0,1,1,1,N,N,39 59:00.286,75 12:10.439,1815, ,1815,1,1,2,N, ,0,N, , , , ,357441, , , ,1,1,0,0,0,0,0,0,0,0,0,1,1,0,0,0,0,0,0,0,0,0,0,0,0,0,0,0,0,0,0,0,0,0,0,4,0,39.9834,-75.2029, , 
 ,30317,2015069660,6,67,67301,2015,6,4,2250,22,3,1,0,4,1, , ,N,2,2,0,3,0,2,3,2,N,N,40 04:43.744,74 59:54.869,2254, ,2254, ,0, ,N, ,3, , , , , ,357449, , , ,2,2,0,0,0,0,0,0,0,0,0,1,2,1,0,0,0,0,1,0,0,0,0,0,0,0,0,0,0,0,0,0,0,0,0,4,0,40.0787,-74.9985, , 
 ,30318,2015069714,6,67,67301,2015,6,1,25,0,3,2,1,7,4, , ,N,0,0,0,3,0,0,1,1,N,N,40 02:19.647,75 10:35.446,35, ,29, ,0, ,N, ,0, , , , , ,357450, , , ,1,1,0,0,0,0,0,0,0,0,0,0,0,0,1,0,0,0,0,0,0,0,1,0,0,0,0,0,0,0,0,0,0,0,0,9,0,40.0388,-75.1765, , 
 ,30319,2015073691,6,67,67301,2015,6,7,500,5,3,1,0,4,1, , ,N,1,3,0,3,0,0,4,2,N,N,40 03:21.830,75 10:41.433,514, ,510, ,0, ,N, ,3, , , , , ,357454, , , ,2,0,0,0,1,0,1,0,0,0,0,0,0,0,0,0,0,0,0,0,0,0,0,0,0,0,0,0,0,0,0,0,0,0,0,0,0,40.0561,-75.1782, , 
 ,30320,2015073694,6,67,67301,2015,6,4,1508,15,1,1,0,4,1, , ,N,1,3,0,3,0,0,4,2,N,N,39 57:19.936,75 14:17.087,1512, ,1511, ,0, , , ,3, , , , , ,357455, , , ,2,1,0,0,0,0,0,1,0,0,0,0,0,0,0,0,0,0,0,0,0,0,1,0,0,0,0,0,0,0,0,0,0,0,0,0,0,39.9555,-75.2381, , 
 ,30321,2015130124,6,67,67301,2015,11,5,800,8,1,2,1,1,1, , ,N,9,5,0,3,0,1,4,2,N,N,40 00:49.388,75 12:00.883,845, ,842, ,0, ,N, ,3, , , , , ,357473, , , ,2,1,0,1,0,0,0,0,0,0,0,1,1,0,0,0,0,0,0,0,1,0,0,0,0,0,0,0,0,0,0,0,0,0,0,4,1,40.0137,-75.2002, , 
 ,30322,2016007530,6,67,67301,2015,8,4,1705,17,1,1,0,4,1, , ,N,1,2,2,3,0,1,2,2,N, ,39 56:54.491,75 11:10.619,1729, ,1709, ,0, , , ,3, , , , , ,357478, , , ,1,1,0,0,0,0,0,0,1,1,0,0,1,0,0,0,0,0,0,0,0,0,0,0,0,0,0,0,0,0,0,1,0,0,0,2,0,39.9474,-75.1876, , 
 ,30323,2016007608,6,67,67301,2015,12,4,1750,17,3,2,1,2,1, , ,N,0,0,0,3,0,0,1,2,N,N,40 06:03.024,75 02:17.952,1754, ,1752,2,1,3,N, ,0,N, , , , ,357479, , , ,2,0,0,0,0,0,2,0,0,0,0,0,0,0,0,0,0,0,0,0,0,0,0,0,0,0,0,0,0,0,0,0,0,0,0,0,0,40.1008,-75.0383, , 
 ,30324,2016014015,6,67,67301,2015,12,6,901,9,1,1,0,8,2, , ,N,0,0,0,3,0,1,2,2,N,N,39 57:17.726,75 11:03.280,938, ,902, ,0, ,N, ,0, , , , , ,357480, , , ,1,1,0,0,0,0,0,0,0,0,0,1,1,0,0,0,0,0,0,0,0,0,0,0,0,0,0,0,0,0,0,0,1,0,0,4,0,39.9549,-75.1842, , 
 ,30325,2015078225,6,67,67301,2015,7,1,145,1,3,1,0,4,1, , ,N,1,2,0,3,0,1,2,2,N,N,39 56:37.730,75 09:30.203,200, ,145,9,1,4,N, ,3,Y, , , , ,357485, , , ,1,1,0,0,0,0,0,0,1,0,0,0,1,1,0,0,0,0,0,0,0,0,0,0,0,0,0,0,0,0,0,0,0,0,0,8,0,39.9438,-75.1584, , 
 ,30326,2015086278,6,67,67301,2015,8,3,954,9,1,1,0,5,6, , ,N,0,0,0,3,0,1,1,3,N, ,40 02:16.432,75 05:09.117,1009, ,1001, ,0, , , ,0, , , , , ,357493, , , ,3,2,0,0,0,0,1,0,0,0,0,1,1,0,0,0,0,0,0,1,0,0,0,1,0,0,0,0,0,0,0,0,0,0,0,4,0,40.0379,-75.0859, , 
 ,30327,2015099117,6,67,67301,2015,9,2,9999,99,1,1,0,1,1, , ,N,0,0,0,3,0,1,2,2,N, ,40 02:12.314,75 02:26.647,1400, ,1345, ,0, , , ,0, , , , , ,357505, , , ,2,2,0,0,0,0,0,0,0,0,0,1,1,0,0,0,0,0,0,0,0,0,0,0,0,0,0,0,0,0,0,0,0,0,0,4,0,40.0368,-75.0407, , 
 ,30328,2015114550,6,67,67301,2015,10,6,2325,23,3,2,1,6,1, , ,N,0,0,3,3,0,0,2,2,N, ,39 56:33.961,75 11:48.484,2345, ,2338, ,0, , , ,0, , , , , ,357512, , , ,2,1,0,0,0,0,1,0,0,0,0,0,0,0,0,0,0,0,0,0,0,1,0,0,0,0,0,0,0,0,0,0,0,0,0,0,0,39.9428,-75.1968, , 
 ,30329,2015056490,6,67,67301,2015,5,7,1340,13,1,1,0,5,1, , ,N,0,0,0,3,0,1,2,3,N, ,39 57:26.323,75 12:56.651,1350, ,1345, ,0, , , ,0, , , , , ,357526, , , ,3,2,0,0,0,0,1,0,0,0,0,1,1,0,0,0,0,0,0,1,0,0,0,2,0,0,0,0,0,0,0,0,0,0,0,4,0,39.9573,-75.2157, , 
 ,30330,2015060616,6,67,67301,2015,5,2,2333,23,3,1,0,7,4, , ,N,1,2,0,3,0,1,1,2,N,N,40 01:12.646,75 08:55.898,2333, ,2333, ,0, ,N, ,3, , , , , ,357529, , , ,1,0,0,0,0,0,1,0,0,0,0,1,1,0,0,0,0,0,0,0,0,0,0,0,0,0,0,0,0,0,0,0,0,0,0,4,0,40.0202,-75.1488, , 
 ,30331,2015063988,6,67,67301,2015,5,6,2201,22,3,1,0,1,1, , ,N,0,2,0,3,0,1,2,2,N,N,40 01:41.918,75 06:34.711,2305, ,2245, ,0, ,N, ,3, , , , , ,357533, , , ,2,2,0,0,0,0,0,0,0,0,0,1,1,0,0,0,0,0,0,0,0,0,0,0,0,0,0,0,0,0,0,0,0,0,0,4,0,40.0283,-75.1096, , 
 ,30332,2015066270,6,67,67301,2015,6,6,2038,20,3,1,0,4,1, , ,N,1,2,0,3,0,4,8,2,N,N,40 01:29.039,75 07:49.477,2050, ,2038,2,1,2,N, ,3,N, , , , ,354983, , , ,2,1,0,0,0,0,1,0,0,0,0,0,4,4,0,0,0,0,0,0,0,0,0,2,0,0,0,0,0,0,0,0,0,0,0,8,0,40.0247,-75.1304, , 
 ,30333,2015083613,6,67,67301,2015,7,3,1713,17,1,1,0,1,1, , ,N,0,0,0,3,0,1,3,3,N,N,39 57:30.359,75 10:02.035,1737, ,1720,1,2,3,N, ,0,N, , , , ,354993, , , ,3,2,0,0,0,0,1,0,0,0,0,1,1,0,0,0,0,0,0,0,0,1,0,0,0,0,0,0,0,0,0,0,0,0,0,4,0,39.9584,-75.1672, , 
 ,30334,2015107471,6,67,67301,2015,10,1,2130,21,3,1,0,5,1, , ,N,1,2,0,3,0,3,5,2,N,N,39 58:14.012,75 08:59.857,2135, ,2130, ,0, ,N, ,3, , , , , ,355006, , , ,2,2,0,0,0,0,0,0,0,0,0,0,3,3,0,0,0,0,0,0,0,0,0,0,0,0,0,0,0,0,0,0,0,0,0,8,0,39.9704,-75.15, , 
 ,30335,2015061497,6,67,67301,2015,6,5,2038,20,3,1,0,8,1, , ,N,2,0,0,3,0,1,3,2,N,N,39 58:56.791,75 09:03.527,2041, ,2038, ,0, ,N, ,0, , , , , ,355012, , , ,1,1,0,0,0,0,0,0,0,0,0,0,1,1,0,0,0,0,0,0,0,0,0,0,0,0,0,0,0,0,0,0,1,0,0,8,0,39.9824,-75.151, , 
 ,30336,2015066341,6,67,67301,2015,6,4,1643,16,1,1,0,4,1, , ,N,2,3,0,3,0,0,3,3,N,N,40 04:07.747,75 01:48.695,1656, ,1656, ,0, ,N, ,3, , , , , ,355016, , , ,3,2,0,0,1,0,0,0,0,0,0,0,0,0,0,0,0,0,0,0,0,0,0,0,0,0,0,0,0,0,0,0,0,0,0,0,0,40.0688,-75.0302, , 
 ,30337,2015069705,6,67,67301,2015,6,7,753,7,1,1,0,4,1, , ,N,1,2,0,3,0,1,3,2,N,N,40 06:06.588,75 01:38.906,758, ,753, ,0, , , ,3, , , , , ,355018, , , ,2,2,0,0,0,0,0,0,0,0,0,1,1,0,0,0,0,0,0,0,0,0,0,0,0,0,0,0,0,0,0,0,0,0,0,4,0,40.1018,-75.0275, , 
 ,30338,2015073713,6,67,67301,2015,6,5,730,7,1,2,1,2,1, , ,N,0,0,0,3,0,2,2,2,N,N,39 56:27.033,75 11:52.036,835, ,1820, ,0, ,N, ,0, , , , , ,355022, , , ,2,2,0,0,0,0,0,0,0,0,0,2,2,0,0,0,0,0,0,0,0,0,0,0,0,0,0,0,0,0,0,0,0,0,0,4,0,39.9408,-75.1978, , 
 ,30339,2015083414,6,67,67301,2015,8,2,1430,14,1,1,0,1,1, , ,N,0,0,0,3,0,1,2,2,N,N,40 01:18.609,75 08:21.072,1520, ,1500,1,1,2,N, ,0,N, , , , ,355033, , , ,2,1,0,0,0,0,0,1,0,0,0,1,1,0,0,0,0,0,0,0,1,0,0,0,0,0,0,0,0,0,0,0,0,0,0,4,0,40.0218,-75.1392, , 
 ,30340,2015077837,6,67,67301,2015,7,7,255,2,3,1,0,7,3, , ,N,0,0,0,3,1,1,2,1,N,N,40 01:34.217,75 05:46.952,307, ,257,9,2,1, ,0,0,Y, , , , ,355052, , , ,1,1,0,0,0,0,0,0,0,1,0,0,1,0,0,0,0,0,1,0,0,0,0,2,1,1,0,0,0,0,0,0,0,0,0,1,0,40.0262,-75.0964,2, 
 ,30341,2015080264,6,67,67301,2015,7,7,2047,20,3,1,0,8,1, , ,N,1,2,0,3,0,1,2,2,N,N,39 56:25.915,75 13:08.068,2053, ,2050, ,0, ,N, ,3, , , , , ,355056, , , ,1,0,0,0,0,0,1,0,0,0,0,0,1,1,0,0,0,0,0,0,1,0,0,0,0,0,0,0,0,0,0,0,1,0,0,8,0,39.9405,-75.2189, , 
 ,30342,2015083412,6,67,67301,2015,7,2,9999,99,1,1,0,4,1, , ,N,1,3,0,3,0,1,3,3,N,N,39 57:28.137,75 11:37.737,1620, ,1618, ,0, , , ,3, , , , , ,355059, , , ,3,2,0,0,0,0,1,0,0,0,0,1,1,0,0,0,0,0,0,0,2,0,0,0,0,0,0,0,0,0,0,0,0,0,0,4,0,39.9578,-75.1938, , 
 ,30343,2015085220,6,67,67301,2015,8,2,1300,13,1,1,0,5,1, , ,N,0,0,0,3,0,0,1,2,N, ,39 58:00.324,75 09:43.923,1315, ,1309, ,0, , , ,0, , , , , ,355060, , , ,2,0,0,0,2,0,0,0,0,0,0,0,0,0,0,0,0,0,0,0,0,0,0,0,0,0,0,0,0,0,0,0,0,0,0,0,0,39.9668,-75.1622, , 
 ,30344,2015085342,6,67,67301,2015,8,1,1633,16,1,1,0,5,1, , ,N,0,0,0,3,0,2,5,2,N,N,40 05:18.854,74 58:21.597,1638, ,1633, ,0, ,N, ,0, , , , , ,355061, , , ,2,1,0,0,0,0,0,1,0,0,0,0,2,2,0,0,0,0,0,0,0,0,0,0,0,0,0,0,0,0,0,0,0,0,0,8,0,40.0886,-74.9727, , 
 ,30345,2015115133,6,67,67301,2015,10,1,1806,18,3,1,0,2,1, , ,N,0,0,0,3,0,3,3,2,N, ,40 02:14.345,75 08:56.934,1820, ,1820, ,0, , , ,0, , , , , ,355083, , , ,2,2,0,0,0,0,0,0,0,0,2,1,3,0,0,0,0,0,0,0,0,0,0,0,0,0,0,0,0,0,0,0,0,0,0,3,0,40.0373,-75.1491, , 
 ,30346,2015125406,6,67,67301,2015,12,3,650,6,3,2,1,1,1, , ,N,7,0,0,3,0,0,2,2,N,N,39 53:35.717,75 13:42.269,722, ,657, ,0, ,N, ,0, , , , , ,355094, , , ,2,2,0,0,0,0,0,0,0,0,0,0,0,0,0,0,0,0,0,0,1,0,0,0,0,0,0,0,0,0,0,0,0,0,0,0,0,39.8933,-75.2284, , 
 ,30347,2015067936,6,67,67301,2015,6,6,9999,99,1,1,0,4,1, , ,N,5,2,0,3,0,1,4,2,N,N,40 02:25.526,75 03:55.923,911, ,909,1,1,1,N, ,3,N, , , , ,355106, , , ,2,2,0,0,0,0,0,0,0,0,0,0,1,1,1,0,0,0,0,0,0,0,0,0,0,0,0,0,0,0,0,0,0,0,0,8,0,40.0404,-75.0655, , 
 ,30348,2015070600,6,67,67301,2015,6,4,1320,13,1,1,0,4,1, , ,N,0,0,7,3,0,1,6,2,N, ,39 54:50.813,75 09:02.678,1350, ,1336, ,0, , , ,0, , , , , ,355110, , , ,2,1,0,0,0,0,1,0,0,0,1,0,1,0,0,0,0,0,0,0,1,0,0,0,0,0,0,0,0,0,0,0,0,0,0,3,0,39.9141,-75.1507, , 
 ,30349,2015081133,6,67,67301,2015,7,6,2145,21,3,1,0,8,1, , ,N,1,2,0,3,0,2,3,3,N,N,39 59:52.368,75 06:15.638,2150, ,2150, ,0, , , ,3, , , , , ,355157, , , ,1,1,0,0,0,0,0,0,0,0,0,2,2,0,0,0,0,0,0,0,0,0,0,0,0,0,0,0,0,0,0,0,2,0,0,4,0,39.9979,-75.1043, , 
 ,30350,2016013686,6,67,67301,2015,8,3,9999,99,1,1,0,1,1, , ,N,1,2,0,3,0,1,2,2,N,N,39 59:08.465,75 14:51.083,0, ,0, ,0, ,N, ,3, , , , , ,349445, , , ,2,1,0,0,0,0,0,0,0,0,1,0,1,0,0,0,0,0,0,0,0,0,0,0,0,0,0,0,0,0,0,0,0,0,0,3,0,39.9857,-75.2475, , 
 ,30351,2015096126,6,67,67301,2015,9,4,633,6,1,1,0,6,1, , ,N,0,0,0,3,0,3,3,2,N, ,40 01:00.644,75 12:40.662,717, ,712, ,0, , , ,0, , , , , ,349459, , , ,2,2,0,0,0,0,0,0,0,0,0,3,3,0,0,0,0,0,0,0,0,0,0,0,0,0,0,0,0,0,0,0,0,0,0,4,0,40.0168,-75.2113, , 
 ,30352,2015099140,6,67,67301,2015,9,5,1155,11,1,2,1,7,4, , ,N,0,0,0,3,0,1,1,1,N,N,39 59:52.950,75 12:00.247,1206, ,1203, ,0, ,N, ,0, , , , , ,349462, , , ,1,0,0,0,0,0,1,0,0,0,0,1,1,0,0,0,0,0,0,0,0,0,0,0,0,0,0,0,0,0,0,0,0,0,0,4,0,39.998,-75.2001, , 
 ,30353,2015107476,6,67,67301,2015,10,5,1701,17,1,2,1,8,1, , ,N,1,2,0,3,0,1,2,2,N,N,40 00:05.705,75 09:10.074,1710, ,1704, ,0, ,N, ,3, , , , , ,349473, , , ,1,0,0,0,0,0,0,1,0,0,0,0,1,1,0,0,0,0,0,0,0,0,0,0,0,0,0,0,0,0,0,0,1,0,0,8,0,40.0016,-75.1528, , 
 ,30354,2015053988,6,67,67301,2015,5,5,2328,23,3,1,0,4,1, , ,N,1,3,0,3,0,1,2,2,N,N,40 00:32.490,75 06:46.166,2329, ,2328,1,1,4,N, ,3,N, , , , ,349479, , , ,2,2,0,0,0,0,0,0,0,0,0,1,1,0,0,0,0,0,0,0,0,0,0,0,0,0,0,0,0,0,0,0,0,0,0,4,0,40.009,-75.1128, , 
 ,30355,2015099066,6,67,67301,2015,9,4,2045,20,3,1,0,5,1, , ,N,0,0,0,3,0,0,2,2,N,N,40 01:05.889,75 10:09.026,2105, ,2055,1,1,2,N, ,0,N, , , , ,349508, , , ,2,2,0,0,0,0,0,0,0,0,0,0,0,0,0,0,0,0,0,0,0,0,0,0,0,0,0,0,0,0,0,0,0,0,0,0,0,40.0183,-75.1692, , 
 ,30356,2016002337,6,67,67301,2015,12,5,1448,14,1,2,1,4,1, , ,N,1,2,0,3,0,1,2,2,N,N,40 01:40.752,75 03:26.701,1903, ,1901, ,0, ,N, ,3, , , , , ,349527, , , ,2,1,0,0,1,0,0,0,0,0,0,0,1,1,1,0,0,0,0,0,1,0,0,0,0,0,0,0,0,0,0,0,0,0,0,8,0,40.028,-75.0574, , 
 ,30357,2016007639,6,67,67301,2015,12,3,1508,15,1,1,0,1,1, , ,N,0,0,0,3,0,1,2,2,N,N,39 59:40.797,75 08:51.190,1523, ,1519, ,0, ,N, ,0, , , , , ,349529, , , ,2,2,0,0,0,0,0,0,0,0,0,1,1,0,1,0,0,0,0,0,1,0,0,0,0,0,0,0,0,0,0,0,0,0,0,4,0,39.9947,-75.1476, , 
 ,30358,2015115135,6,67,67301,2015,10,3,2003,20,3,1,0,4,1, , ,N,1,2,2,3,0,1,3,2,N, ,40 00:52.738,75 10:42.411,2015, ,2010,3,1,3, , ,3,N, , , , ,349543, , , ,2,2,0,0,0,0,0,0,0,0,0,1,1,0,0,0,0,0,0,1,0,0,0,2,0,0,0,0,0,0,0,0,0,0,0,4,0,40.0146,-75.1784, , 
 ,30359,2015085306,6,67,67301,2015,8,7,2100,21,3,1,0,8,1, , ,N,0,0,0,3,0,1,2,2,N,N,40 01:14.418,75 04:27.252,2115, ,2109, ,0, ,N, ,0, , , , , ,349557, , , ,1,1,0,0,0,0,0,0,0,0,0,1,1,0,0,0,0,0,0,0,0,0,0,0,0,0,0,0,0,0,0,0,1,0,0,4,0,40.0207,-75.0742, , 
 ,30360,2015095682,6,67,67301,2015,7,2,1626,16,1,1,0,7,5, , ,N,2,3,0,3,0,1,2,1,N,N,40 02:12.577,75 04:09.489,1630, ,1626,1,1,2,N, ,3,N, , , , ,349562, , , ,1,1,0,0,0,0,0,0,0,0,1,0,1,0,0,1,0,0,0,0,0,0,0,0,0,0,0,0,0,0,0,0,0,0,0,3,0,40.0368,-75.0692, , 
 ,30361,2015103334,6,67,67301,2015,9,6,1120,11,1,1,0,4,1, , ,N,1,2,0,3,0,1,2,2,N,N,39 59:16.393,75 07:24.428,1140, ,1127,1,1,3,N, ,3,N, , , , ,349571, , , ,2,1,1,0,0,0,0,0,0,0,1,0,1,0,0,0,0,0,0,0,1,0,0,0,0,0,0,0,0,0,0,0,0,0,0,3,0,39.9879,-75.1235, , 
 ,30362,2015118135,6,67,67301,2015,10,1,1310,13,1,1,0,8,1, , ,N,0,0,0,3,0,1,2,2,N,N,39 55:17.270,75 09:26.661,1330, ,1315, ,0, ,N, ,0, , , , , ,349579, , , ,1,1,0,0,0,0,0,0,0,0,0,1,1,0,0,0,0,0,0,0,0,0,0,1,0,0,0,0,0,0,0,0,1,0,0,4,0,39.9215,-75.1574, , 
 ,30363,2016014031,6,67,67301,2015,12,4,9999,99,1,1,0,4,1, , ,N,1,0,0,3,0,1,4,7,N,N,40 02:07.332,75 03:17.164,851, ,848, ,0, ,N, ,0, , , , , ,349599, , , ,7,3,0,0,0,1,2,1,0,0,0,1,1,0,3,0,0,0,0,0,0,0,0,0,0,0,0,0,0,0,0,0,0,0,0,4,0,40.0354,-75.0548, , 
 ,30364,2016014333,6,67,67301,2015,12,3,1930,19,3,2,1,1,1, , ,N,2,3,0,3,0,1,2,2,N,N,40 07:11.834,74 59:43.018,0, ,0, ,0, ,N, ,3, , , , , ,349600, , , ,2,1,0,0,0,0,1,0,0,0,0,0,1,1,1,0,0,0,0,0,1,0,0,0,0,0,0,0,0,0,0,0,0,0,0,8,0,40.12,-74.9953, , 
 ,30365,2015120602,6,67,67301,2015,11,6,2016,20,3,1,0,1,1, , ,N,0,0,0,3,0,3,7,4,N,N,39 57:36.465,75 10:47.770,2029, ,2019, ,0, ,N, ,0, , , , , ,349636, , , ,4,2,0,0,0,0,2,0,0,0,1,2,3,0,1,0,0,0,0,0,0,1,0,1,0,0,0,0,0,0,0,0,0,0,0,3,0,39.9601,-75.1799, , 
 ,30366,2015130077,6,67,67301,2015,11,4,1952,19,2,1,0,8,1, , ,N,0,0,0,3,0,1,2,2,N,N,40 05:26.646,75 02:48.335,2002, ,2000, ,0, , , ,0, , , , , ,349645, , , ,1,1,0,0,0,0,0,0,0,0,1,0,1,0,0,0,0,0,0,0,0,0,0,0,0,0,0,0,0,0,0,0,1,0,0,3,0,40.0907,-75.0468, , 
 ,30367,2015069768,6,67,67301,2015,5,3,1130,11,1,1,0,4,1, , ,N,0,0,7,3,0,1,2,2,N,N,40 01:14.715,75 08:55.447,1500, ,1500, ,0, , , ,0, , , , , ,349671, , , ,2,1,0,0,0,0,1,0,0,0,0,0,1,1,1,0,0,0,0,0,0,0,0,0,0,0,0,0,0,0,0,0,0,0,0,8,0,40.0208,-75.1487, , 