wz_ln_closure,objectid_1,crn,district,county,municipality,crash_year,crash_month,day_of_week,time_of_day,hour_of_day,illumination,weather,road_condition,collision_type,relation_to_road,work_zone_type,work_zone_loc,work_zone_ind,intersect_type,tcd_type,location_type,urban_rural,fatal_count,injury_count,person_count,total_units,sch_bus_ind,sch_zone_ind,latitude,longitude,arrival_tm,cons_zone_spd_lim,dispatch_tm,est_hrs_closed,lane_closed,ln_close_dir,ntfy_hiwy_maint,spec_juris_cd,tcd_func_cd,tfc_detour_ind,workers_pres,wz_close_detour,wz_flagger,wz_law_offcr_ind,objectid,wz_moving,wz_other,wz_shlder_mdn,vehicle_count,automobile_count,motorcycle_count,bus_count,small_truck_count,heavy_truck_count,suv_count,van_count,bicycle_count,maj_inj_count,mod_inj_count,min_inj_count,tot_inj_count,unk_inj_deg_count,unk_inj_per_count,driver_count_16yr,driver_count_17yr,driver_count_18yr,driver_count_19yr,driver_count_20yr,driver_count_50_64yr,driver_count_65_74yr,driver_count_75plus,unbelted_occ_count,unb_death_count,unb_maj_inj_count,belted_death_count,belted_maj_inj_count,mcycle_death_count,mcycle_maj_inj_count,bicycle_death_count,bicycle_maj_inj_count,ped_count,ped_death_count,ped_maj_inj_count,max_severity_level,comm_veh_count,dec_lat,dec_long,rdwy_surf_type_cd,county_name
 ,30368,2015063864,6,67,67301,2015,5,6,1251,12,1,1,0,5,6, , ,N,0,0,0,3,0,1,1,3,N,N,40 00:06.594,75 09:28.066,1255, ,1252, ,0, ,N, ,0, , , , , ,352190, , , ,3,1,0,0,0,0,1,1,0,0,0,0,1,1,0,0,0,0,0,0,1,0,0,0,0,0,0,0,0,0,0,0,0,0,0,8,0,40.0018,-75.1578, , 
 ,30369,2015068026,6,67,67301,2015,6,4,1932,19,1,1,0,1,1, , ,N,0,0,0,3,0,1,2,2,N,N,39 58:04.598,75 11:24.208,1936, ,1936, ,0, ,N, ,0, , , , , ,352194, , , ,2,2,0,0,0,0,0,0,0,0,0,1,1,0,0,0,0,0,0,0,1,0,0,0,0,0,0,0,0,0,0,0,0,0,0,4,0,39.9679,-75.1901, , 
 ,30370,2015080281,6,67,67301,2015,7,7,200,2,3,1,0,5,6, , ,N,0,0,0,3,0,0,1,2,N,N,39 57:19.487,75 14:02.523,210, ,200, ,0, ,N, ,0, , , , , ,352204, , , ,2,1,0,0,0,0,1,0,0,0,0,0,0,0,0,0,0,0,0,0,0,0,0,0,0,0,0,0,0,0,0,0,0,0,0,0,0,39.9554,-75.234, , 
 ,30371,2015095193,6,67,67301,2015,9,6,2014,20,3,1,0,7,4, , ,N,1,2,0,3,0,5,6,1,N,N,40 01:45.341,75 09:49.576,2050, ,2046, ,0, ,N, ,3, , , , , ,352211, , , ,1,0,0,0,0,0,0,1,0,0,3,1,5,1,1,0,0,0,0,0,0,0,0,2,0,0,0,0,0,0,0,0,0,0,0,3,0,40.0293,-75.1638, , 
 ,30372,2015098999,6,67,67301,2015,9,1,1100,11,1,1,0,4,1, , ,N,1,3,0,3,0,2,6,2,N,N,40 01:34.968,75 05:05.711,1113, ,100, ,0, ,N, ,3, , , , , ,352214, , , ,2,0,0,0,0,0,2,0,0,0,0,2,2,0,0,0,0,0,0,0,0,0,0,5,0,0,0,0,0,0,0,0,0,0,0,4,0,40.0264,-75.0849, , 
 ,30373,2015121089,6,67,67301,2015,10,5,1300,13,1,1,0,4,1, , ,N,1,3,0,3,0,0,2,2,N,N,39 58:21.403,75 09:39.365,1430, ,1430, ,0, ,N, ,3, , , , , ,352242, , , ,2,0,0,0,0,0,1,1,0,0,0,0,0,0,0,0,0,0,0,0,1,0,0,0,0,0,0,0,0,0,0,0,0,0,0,0,0,39.9726,-75.1609, , 
 ,30374,2015128043,6,67,67301,2015,11,4,2015,20,3,1,0,8,1, , ,N,1,2,0,3,0,2,3,3,N,N,40 04:12.680,75 10:49.758,2025, ,2022, ,0, ,N, ,3, , , , , ,352246, , , ,1,1,0,0,0,0,0,0,0,0,0,2,2,0,0,0,0,0,0,0,0,0,1,0,0,0,0,0,0,0,0,0,2,0,0,4,0,40.0702,-75.1805, , 
 ,30375,2015131293,6,67,67301,2015,11,2,1005,10,1,1,0,4,1, , ,N,2,0,0,3,0,1,2,2,N,N,39 58:30.789,75 13:20.973,1023, ,1023, ,0, , , ,0, , , , , ,352248, , , ,2,1,0,0,0,0,0,1,0,0,1,0,1,0,1,0,0,0,0,0,0,0,0,0,0,0,0,0,0,0,0,0,0,0,0,3,0,39.9752,-75.2225, , 
 ,30376,2015128650,6,67,67301,2015,11,3,1955,19,3,1,0,4,1, , ,N,1,3,0,3,0,0,2,2,N,N,40 00:01.684,75 07:10.714,2016, ,2008,3,1,3,N, ,3,N, , , , ,352255, , , ,2,2,0,0,0,0,0,0,0,0,0,0,0,0,0,0,0,0,0,0,0,0,0,0,0,0,0,0,0,0,0,0,0,0,0,0,0,40.0005,-75.1196, , 
 ,30377,2016000997,6,67,67301,2015,12,1,1510,15,1,1,0,7,4, , ,N,0,0,0,3,0,0,1,1,N,N,40 00:21.533,75 06:49.996,1640, ,1638,1,1,1,N, ,0,Y, , , , ,352260, , , ,1,0,0,0,0,1,0,0,0,0,0,0,0,0,0,0,0,0,0,0,0,0,0,0,0,0,0,0,0,0,0,0,0,0,0,0,1,40.006,-75.1139, , 
 ,30378,2016019871,6,67,67301,2015,10,5,2053,20,3,1,0,4,1, , ,N,1,2,0,3,0,1,2,2,N,N,40 01:43.905,75 06:21.601,2059, ,2056, ,0, ,N, ,3, , , , , ,352261, , , ,1,1,0,0,0,0,0,0,1,0,1,0,1,0,1,0,0,0,0,0,0,0,0,0,0,0,0,0,0,0,0,0,0,0,0,3,0,40.0289,-75.106, , 
 ,30379,2015115118,6,67,67301,2015,10,5,2240,22,3,1,0,6,6, , ,N,0,0,0,3,0,1,1,2,N,N,39 56:22.301,75 13:13.203,2250, ,2245, ,0, ,N, ,0, , , , , ,352264, , , ,2,1,0,0,0,0,1,0,0,0,0,1,1,0,0,0,0,0,0,0,0,0,0,0,0,0,0,0,0,0,0,0,0,0,0,4,0,39.9395,-75.2203, , 
 ,30380,2015118514,6,67,67301,2015,11,7,1325,13,1,1,0,4,1, , ,N,0,0,7,3,0,0,4,2,N,N,40 04:30.340,75 09:37.580,1335, ,1328, ,0, ,N, ,0, , , , , ,352299, , , ,2,2,0,0,0,0,0,0,0,0,0,0,0,0,0,0,0,0,0,0,0,0,0,0,0,0,0,0,0,0,0,0,0,0,0,0,0,40.0751,-75.1604, , 
 ,30381,2015099059,6,67,67301,2015,9,1,2134,21,3,1,0,6,4, , ,N,1,2,0,3,0,1,2,2,N,N,40 00:34.809,75 09:16.087,9999, ,9999, ,0, ,N, ,3, , , , , ,352303, , , ,2,0,0,1,1,0,0,0,0,0,0,1,1,0,0,0,0,0,0,0,0,0,0,0,0,0,0,0,0,0,0,0,0,0,0,4,1,40.0097,-75.1544, , 
 ,30382,2015103264,6,67,67301,2015,9,1,2046,20,3,1,0,8,1, , ,N,0,0,0,3,0,1,2,2,N, ,40 06:07.825,75 01:42.035,2053, ,2048, ,0, , , ,0, , , , , ,352308, , , ,1,0,0,0,0,0,1,0,0,0,0,0,1,1,0,0,0,0,0,0,0,0,0,0,0,0,0,0,0,0,0,0,1,0,0,8,0,40.1022,-75.0283, , 
 ,30383,2015105952,6,67,67301,2015,10,6,2000,20,3,2,1,7,4, , ,N,0,0,0,3,0,2,2,1,N, ,40 00:49.750,75 07:18.948,2008, ,2002,3,2,2, , ,0,Y, , , , ,352310, , , ,1,0,0,0,0,0,1,0,0,1,1,0,2,0,0,0,0,0,0,0,0,0,0,0,0,0,0,0,0,0,0,0,0,0,0,2,0,40.0138,-75.1219, , 
 ,30384,2015120524,6,67,67301,2015,11,5,1021,10,1,2,1,4,1, , ,N,1,2,0,3,0,3,4,2,N,N,40 01:28.770,75 03:16.227,1025, ,1022, ,0, , , ,3, , , , , ,352326, , , ,2,2,0,0,0,0,0,0,0,0,0,3,3,0,0,0,0,0,0,0,0,0,0,0,0,0,0,0,0,0,0,0,0,0,0,4,0,40.0247,-75.0545, , 
 ,30385,2015066260,6,67,67301,2015,5,1,1535,15,1,1,0,8,1, , ,N,1,3,0,3,0,1,2,2,N, ,39 57:11.818,75 12:19.202,1850, ,1543, ,0, ,N, ,3, , , , , ,352377, , , ,1,1,0,0,0,0,0,0,0,0,0,1,1,0,0,0,0,0,0,0,0,0,0,0,0,0,0,0,0,0,0,0,1,0,0,4,0,39.9533,-75.2053, , 
 ,30386,2015085218,6,67,67301,2015,8,1,1038,10,1,1,0,4,1, , ,N,1,3,0,3,0,2,2,2,N,N,39 57:30.819,75 09:36.133,1045, ,1038, ,0, ,N, ,3, , , , , ,357549, , , ,2,1,0,0,0,1,0,0,0,0,0,2,2,0,0,0,0,0,0,0,0,0,0,0,0,0,0,0,0,0,0,0,0,0,0,4,1,39.9586,-75.16, , 
 ,30387,2015108802,6,67,67301,2015,10,1,1124,11,1,1,0,4,1, , ,N,1,2,0,3,0,1,5,2,N, ,40 05:49.711,75 01:05.375,1132, ,1124,1,2,3, , ,3,Y, , , , ,357575, , , ,2,2,0,0,0,0,0,0,0,0,0,0,1,1,0,0,0,0,0,0,0,0,1,0,0,0,0,0,0,0,0,0,0,0,0,8,0,40.0971,-75.0182, , 
 ,30388,2015117611,6,67,67301,2015,10,4,2025,20,1,2,1,8,1, , ,N,2,0,0,3,0,1,2,2,N,N,40 06:37.877,75 01:28.898,2042, ,2037, ,0, ,N, ,0, , , , , ,357589, , , ,1,0,0,0,0,0,0,0,0,0,0,0,1,1,0,0,0,0,0,0,0,0,0,0,0,0,0,0,0,0,0,0,1,0,0,8,0,40.1105,-75.0247, , 
 ,30389,2015128554,6,67,67301,2015,11,3,1920,19,3,1,0,4,1, , ,N,1,3,0,3,0,0,3,2,N,N,39 55:19.725,75 10:18.951,1935, ,1929,1,1,3,N, ,3,Y, , , , ,357621, , , ,2,1,0,0,0,0,1,0,0,0,0,0,0,0,0,0,0,0,0,1,0,0,0,0,0,0,0,0,0,0,0,0,0,0,0,0,0,39.9221,-75.1719, , 
 ,30390,2015128618,6,67,67301,2015,11,6,1653,16,3,1,0,1,1, , ,N,0,2,7,3,0,3,3,2,N,N,40 05:43.352,74 57:34.865,1701, ,1658, ,0, ,N, ,3, , , , , ,357622, , , ,2,2,0,0,0,0,0,0,0,0,0,0,3,3,0,0,0,0,0,0,0,0,1,0,0,0,0,0,0,0,0,0,0,0,0,8,0,40.0954,-74.9597, , 
 ,30391,2015130141,6,67,67301,2015,11,5,1725,17,3,2,1,4,1, , ,N,1,2,0,3,0,0,2,2,N,N,40 03:23.018,75 01:08.607,1727, ,1725, ,0, ,N, ,3, , , , , ,357623, , , ,2,2,0,0,0,0,0,0,0,0,0,0,0,0,0,0,0,0,0,0,1,0,0,0,0,0,0,0,0,0,0,0,0,0,0,0,0,40.0564,-75.0191, , 
 ,30392,2015061931,6,67,67301,2015,5,3,1408,14,1,1,0,4,1, , ,N,2,3,0,3,0,1,15,2,N, ,40 02:23.829,75 03:34.840,1418, ,1411,2,1,2, , ,3,N, , , , ,357643, , , ,1,0,0,0,0,0,0,1,1,0,1,0,1,0,0,0,0,0,0,0,1,0,0,0,0,0,0,0,0,0,0,0,0,0,0,3,0,40.04,-75.0597, , 
 ,30393,2015063925,6,67,67301,2015,6,7,245,2,3,9,0,7,4, , ,N,0,0,1,3,0,3,3,1,N, ,40 00:42.399,75 05:17.627,300, ,245, ,0, , , ,0, , , , , ,357646, , , ,1,0,0,0,0,0,0,1,0,0,1,2,3,0,0,0,0,0,0,0,0,0,0,0,0,0,0,0,0,0,0,0,0,0,0,3,0,40.0118,-75.0882, , 
 ,30394,2015066247,6,67,67301,2015,6,6,1534,15,1,1,0,6,1, , ,N,2,0,0,3,0,2,8,7,Y,Y,39 58:22.832,75 15:05.716,1544, ,1544, ,0, ,N, ,0, , , , , ,357649, , , ,7,6,0,1,0,0,0,0,0,0,0,2,2,0,0,0,0,0,0,0,0,1,0,0,0,0,0,0,0,0,0,0,0,0,0,4,1,39.973,-75.2516, , 
 ,30395,2015115050,6,67,67301,2015,10,3,900,9,1,1,0,4,1, , ,N,0,0,7,3,0,0,2,2,N, ,40 05:47.652,74 58:31.146,909, ,907,1,1,1, , ,0,N, , , , ,357652, , , ,2,2,0,0,0,0,0,0,0,0,0,0,0,0,2,0,0,0,0,0,0,0,0,0,0,0,0,0,0,0,0,0,0,0,0,9,0,40.0966,-74.9753, , 
 ,30396,2015130281,6,67,67301,2015,11,4,750,7,1,1,0,4,1, , ,N,2,2,0,3,0,2,2,2,N, ,39 59:54.554,75 09:12.498,759, ,755,1,1,2, , ,3,N, , , , ,357668, , , ,2,0,0,0,1,0,0,1,0,0,0,0,2,2,0,0,0,0,0,0,1,0,0,0,0,0,0,0,0,0,0,0,0,0,0,8,0,39.9985,-75.1535, , 
 ,30397,2015133821,6,67,67301,2015,12,7,2019,20,3,1,0,1,1, , ,N,0,0,0,3,0,0,3,2,N,N,39 53:59.183,75 09:41.465,2047, ,2030, ,0, ,N, ,0, , , , , ,357671, , , ,2,2,0,0,0,0,0,0,0,0,0,0,0,0,0,0,0,0,0,0,0,0,0,0,0,0,0,0,0,0,0,0,0,0,0,0,0,39.8998,-75.1615, , 
 ,30398,2016001030,6,67,67301,2015,12,2,1457,14,1,1,0,4,1, , ,N,1,3,0,3,0,1,2,2,N,N,39 57:38.977,75 09:22.766,1554, ,1533, ,0, ,N, ,3, , , , , ,357673, , , ,2,0,0,0,0,0,0,2,0,0,0,1,1,0,0,0,0,0,0,0,0,0,0,0,0,0,0,0,0,0,0,0,0,0,0,4,0,39.9608,-75.1563, , 
 ,30399,2015110863,6,67,67301,2015,10,5,1334,13,1,1,0,5,1, , ,N,0,0,0,3,0,4,7,2,N,N,39 59:49.190,75 11:47.792,1337, ,1334,2,1,3,N, ,0,N, , , , ,357680, , , ,2,1,0,0,0,1,0,0,0,0,0,4,4,0,0,0,0,0,1,0,1,0,0,0,0,0,0,0,0,0,0,0,0,0,0,4,1,39.997,-75.1966, , 
 ,30400,2015128521,6,67,67301,2015,11,1,25,0,3,1,0,4,1, , ,N,1,2,0,3,0,1,3,2,N,N,39 58:02.976,75 13:55.022,32, ,32, ,0, ,N, ,3, , , , , ,357695, , , ,2,1,0,0,1,0,0,0,0,0,0,1,1,0,0,0,0,0,0,1,0,0,0,0,0,0,0,0,0,0,0,0,0,0,0,4,0,39.9675,-75.2319, , 
 ,30401,2015128720,6,67,67301,2015,11,5,1505,15,1,2,1,1,1, , ,N,0,0,0,3,0,0,3,3,N,N,39 59:35.592,75 08:56.437,1535, ,1525,2,1,3, , ,0,N, , , , ,357696, , , ,3,1,0,0,1,0,1,0,0,0,0,0,0,0,0,0,0,0,0,0,1,0,0,3,0,0,0,0,0,0,0,0,0,0,0,0,0,39.9932,-75.149, , 
 ,30402,2015131217,6,67,67301,2015,11,5,2206,22,3,1,0,4,1, , ,N,1,2,0,3,0,1,2,2,N,N,39 59:23.489,75 07:31.548,2210, ,2208, ,0, ,N, ,9, , , , , ,357699, , , ,2,1,0,0,1,0,0,0,0,0,0,0,1,1,0,0,0,0,0,0,1,0,0,0,0,0,0,0,0,0,0,0,0,0,0,8,0,39.9898,-75.1255, , 
 ,30403,2015110850,6,67,67301,2015,10,1,1610,16,1,1,0,1,1, , ,N,0,0,0,3,0,2,3,2,N,N,39 58:36.494,75 11:52.399,1610, ,1610, ,0, ,N, ,0, , , , , ,357701, , , ,2,2,0,0,0,0,0,0,0,0,0,0,2,2,0,0,0,0,0,0,0,0,0,0,0,0,0,0,0,0,0,0,0,0,0,8,0,39.9768,-75.1979, , 
 ,30404,2015091179,6,67,67301,2015,8,4,1241,12,1,1,0,5,6, , ,N,0,0,0,3,0,0,1,5,N, ,40 01:19.850,75 09:21.562,1247, ,1243,3,2,1, , ,0,Y, , , , ,355165, , , ,5,4,0,0,0,0,1,0,0,0,0,0,0,0,1,0,0,0,0,0,0,0,0,0,0,0,0,0,0,0,0,0,0,0,0,9,0,40.0222,-75.156, , 
 ,30405,2015096328,6,67,67301,2015,9,1,835,8,1,1,0,7,7, , ,N,7,0,2,3,0,0,1,1,N,N,39 55:34.761,75 08:49.009,851, ,835,1,1,1,Y, ,0,N, , , , ,355169, , , ,1,0,0,0,1,0,0,0,0,0,0,0,0,0,0,0,0,0,0,0,0,0,0,1,0,0,0,0,0,0,0,0,0,0,0,0,0,39.9263,-75.1469, , 
 ,30406,2015070172,6,67,67301,2015,6,2,831,8,1,1,0,8,1, , ,N,1,3,0,3,0,1,2,2,N, ,40 05:27.258,75 01:33.247,836, ,834, ,0, , , ,3, , , , , ,355199, , , ,1,1,0,0,0,0,0,0,0,0,0,1,1,0,0,0,0,0,0,0,0,1,0,1,0,0,0,0,0,0,0,0,1,0,0,4,0,40.0909,-75.0259, , 
 ,30407,2015083410,6,67,67301,2015,7,5,740,7,1,1,0,8,1, , ,N,0,0,0,3,0,1,2,2,N, ,39 56:52.425,75 09:21.285,746, ,745, ,0, , , ,0, , , , , ,355213, , , ,1,0,0,0,0,0,0,1,0,0,0,1,1,0,0,0,0,0,0,0,0,0,0,0,0,0,0,0,0,0,0,0,1,0,0,4,0,39.9479,-75.1559, , 
 ,30408,2015092060,6,67,67301,2015,8,2,1420,14,1,1,0,4,1, , ,N,2,2,0,3,0,1,7,4,N,N,40 04:44.486,75 01:30.863,1432, ,1428,2,1,4,N, ,3,Y, , , , ,355225, , , ,4,3,0,0,0,0,1,0,0,0,0,0,1,1,1,0,0,0,0,0,0,0,0,0,0,0,0,0,0,0,0,0,0,0,0,8,0,40.0789,-75.0253, , 
 ,30409,2015103300,6,67,67301,2015,9,1,1248,12,1,1,0,2,1, , ,N,0,0,0,3,0,0,4,2,N,N,39 59:47.949,75 05:26.360,1250, ,1248, ,0, ,N, ,0, , , , , ,355234, , , ,2,2,0,0,0,0,0,0,0,0,0,0,0,0,0,0,0,0,0,0,0,0,1,0,0,0,0,0,0,0,0,0,0,0,0,0,0,39.9967,-75.0907, , 
 ,30410,2015098038,6,46,46104,2015,9,3,339,3,3,1,0,1,1, , ,N,1,2,0,3,0,0,3,2,N,N,40 00:14.091,75 13:14.544,348, ,340, ,0, ,N, ,3, , , , , ,355244, , , ,2,0,0,0,0,0,2,0,0,0,0,0,0,0,0,0,0,0,0,0,1,0,0,0,0,0,0,0,0,0,0,0,0,0,0,0,0,40.0039,-75.2207, , 
 ,30411,2015118142,6,67,67301,2015,10,3,1810,18,1,1,0,5,1, , ,N,0,0,0,3,0,0,5,7,N,N,40 01:50.007,75 05:36.123,1815, ,1813, ,0, ,N, ,0, , , , , ,355252, , , ,7,4,0,0,0,0,2,1,0,0,0,0,0,0,0,0,0,0,0,0,3,0,0,1,0,0,0,0,0,0,0,0,0,0,0,0,0,40.0306,-75.0934, , 
 ,30412,2015095348,6,67,67301,2015,9,4,1646,16,1,1,0,1,1, , ,N,6,0,2,3,0,0,2,2,N,N,39 56:54.491,75 11:10.619,1659, ,1647,1,1,3,N, ,0,N, , , , ,355273, , , ,2,1,0,0,0,0,1,0,0,0,0,0,0,0,0,0,0,0,0,0,1,0,0,0,0,0,0,0,0,0,0,0,0,0,0,0,0,39.9485,-75.1863, , 
 ,30413,2015099078,6,67,67301,2015,8,6,1710,17,1,1,0,8,1, , ,N,1,3,0,3,0,1,2,2,N, ,39 59:48.318,75 09:06.130,1722, ,1720, ,0, , , ,3, , , , , ,355278, , , ,1,0,0,0,0,0,1,0,0,0,0,1,1,0,0,0,0,0,0,0,1,0,0,0,0,0,0,0,0,0,0,0,1,0,0,4,0,39.9968,-75.1517, , 
 ,30414,2015101995,6,67,67301,2015,9,3,840,8,1,1,0,8,1, , ,N,1,2,0,3,0,1,2,2,N,N,39 57:07.661,75 09:41.216,855, ,9999, ,0, ,N, ,3, , , , , ,355283, , , ,1,1,0,0,0,0,0,0,0,0,0,0,1,1,0,0,0,0,0,0,0,0,0,0,0,0,0,0,0,0,0,0,1,0,0,8,0,39.9521,-75.1615, , 
 ,30415,2015128712,6,67,67301,2015,11,3,1500,15,1,1,0,4,1, , ,N,3,0,0,3,0,1,4,2,N,N,40 03:34.876,74 59:31.485,1515, ,1512, ,0, ,N, ,0, , , , , ,355292, , , ,2,2,0,0,0,0,0,0,0,0,0,1,1,0,0,0,0,0,0,0,1,0,0,2,0,0,0,0,0,0,0,0,0,0,0,4,0,40.0597,-74.9921, , 
 ,30416,2015112096,6,67,67301,2015,10,6,1230,12,1,1,0,1,1, , ,N,0,0,0,3,0,0,2,2,N,N,39 59:23.915,75 07:32.598,1235, ,1235,1,1,3,N, ,0,N, , , , ,355302, , , ,2,1,0,0,0,0,1,0,0,0,0,0,0,0,0,0,0,0,0,0,1,0,0,0,0,0,0,0,0,0,0,0,0,0,0,0,0,39.99,-75.1257, , 
 ,30417,2015128050,6,67,67301,2015,11,5,213,2,3,1,0,5,6, , ,N,0,0,0,3,0,1,2,5,N,N,40 01:05.394,75 09:16.878,217, ,214,2,2,3,N, ,0,Y, , , , ,355311, , , ,5,1,0,0,0,0,4,0,0,0,0,1,1,0,0,0,0,0,0,0,0,0,0,0,0,0,0,0,0,0,0,0,0,0,0,4,0,40.0182,-75.1547, , 
 ,30418,2015128578,6,67,67301,2015,11,4,1245,12,1,1,0,1,1, , ,N,1,3,0,3,0,2,3,2,N,N,40 04:15.522,75 02:16.209,1315, ,1305,1,1,1,N, ,3,N, , , , ,355312, , , ,2,1,0,0,0,0,1,0,0,0,0,0,2,2,0,0,0,0,0,0,1,0,1,2,0,0,0,0,0,0,0,0,0,0,0,8,0,40.071,-75.0378, , 
 ,30419,2015118170,6,67,67301,2015,10,6,1208,12,1,1,0,4,1, , ,N,1,2,0,3,0,1,2,2,N,N,39 58:26.116,75 12:23.386,1321, ,1317, ,0, , , ,3, , , , , ,355323, , , ,2,0,0,0,0,1,1,0,0,0,0,0,1,1,0,0,0,0,0,0,1,0,0,0,0,0,0,0,0,0,0,0,0,0,0,8,1,39.9738,-75.2064, , 
 ,30420,2015099148,6,67,67301,2015,9,7,1413,14,1,1,0,7,4, , ,N,1,3,0,3,0,1,3,2,N,N,39 55:21.669,75 08:49.869,1525, ,1513, ,0, ,N, ,3, , , , , ,355338, , , ,2,2,0,0,0,0,0,0,0,0,1,0,1,0,0,0,0,0,0,0,0,0,2,0,0,0,0,0,0,0,0,0,0,0,0,3,0,39.9227,-75.1472, , 
 ,30421,2015102865,6,67,67301,2015,9,4,757,7,1,1,0,4,1, , ,N,1,2,0,3,0,4,4,2,N,N,40 01:58.442,75 06:24.270,809, ,757, ,0, , , ,3, , , , , ,355344, , , ,2,2,0,0,0,0,0,0,0,0,0,4,4,0,0,0,0,0,0,0,0,0,0,0,0,0,0,0,0,0,0,0,0,0,0,4,0,40.0329,-75.1067, , 
 ,30422,2015073086,6,67,67301,2015,7,2,319,3,3,1,0,7,4, , ,N,0,0,0,3,0,1,1,1,N,N,39 53:22.625,75 13:09.144,328, ,320, ,0, ,N, ,0, , , , , ,349677, , , ,1,0,0,0,0,0,1,0,0,0,0,0,1,1,0,0,0,0,0,0,0,0,0,0,0,0,0,0,0,0,0,0,0,0,0,8,0,39.8896,-75.2192, , 
 ,30423,2015095166,6,67,67301,2015,9,1,1418,14,1,1,0,4,1, , ,N,0,0,0,3,0,1,3,2,N, ,40 00:59.030,75 09:09.741,1435, ,1424, ,0, , , ,0, , , , , ,349691, , , ,2,1,0,0,0,0,1,0,0,0,0,1,1,0,0,0,0,0,0,0,1,0,0,1,0,0,0,0,0,0,0,0,0,0,0,4,0,40.0164,-75.1527, , 
 ,30424,2015095718,6,67,67301,2015,9,6,9999,99,3,1,0,1,6, , ,N,0,0,0,3,0,0,1,2,N,N,40 00:03.332,75 12:53.451,230, ,225, ,0, , , ,0, , , , , ,349692, , , ,2,1,0,0,1,0,0,0,0,0,0,0,0,0,0,0,0,0,0,0,0,0,0,0,0,0,0,0,0,0,0,0,0,0,0,0,0,40.0009,-75.2148, , 
 ,30425,2015099028,6,67,67301,2015,9,5,1938,19,3,2,1,8,1, , ,N,1,2,0,3,0,1,3,3,N, ,40 00:32.006,75 11:38.251,1948, ,1944, ,0, , , ,3, , , , , ,349697, , , ,1,1,0,0,0,0,0,0,0,0,0,0,1,1,0,0,0,0,0,0,0,0,0,0,0,0,0,0,0,0,0,0,2,0,0,8,0,40.0089,-75.194, , 
 ,30426,2015106217,6,67,67301,2015,10,7,2245,22,3,1,0,5,1, , ,N,0,0,0,3,0,2,11,3,N,N,39 55:58.242,75 12:00.129,2302, ,2248,2,2,4,N, ,0,N, , , , ,349713, , , ,3,3,0,0,0,0,0,0,0,0,0,2,2,0,0,0,0,0,0,1,0,0,0,1,0,0,0,0,0,0,0,0,0,0,0,4,0,39.9328,-75.2, , 
 ,30427,2015107439,6,67,67301,2015,9,6,208,2,3,1,0,5,6, , ,N,0,0,0,3,0,0,1,2,N,N,39 57:37.952,75 13:36.574,227, ,224,3,2,5,N, ,0,Y, , , , ,349714, , , ,2,1,0,0,0,0,0,0,0,0,0,0,0,0,1,0,0,0,0,0,0,0,0,0,0,0,0,0,0,0,0,0,0,0,0,9,0,39.9605,-75.2268, , 
 ,30428,2015107478,6,67,67301,2015,9,3,1635,16,1,1,0,4,1, , ,N,2,3,0,3,0,1,1,4,N, ,39 59:45.099,75 07:57.946,1640, ,1639, ,0, , , ,3, , , , , ,349715, , , ,4,3,0,0,0,0,1,0,0,0,0,1,1,0,0,0,0,0,0,0,0,0,0,0,0,0,0,0,0,0,0,0,0,0,0,4,0,39.9959,-75.1328, , 
 ,30429,2015117654,6,67,67301,2015,10,6,1855,18,3,1,0,4,1, , ,N,0,0,7,3,0,2,4,2,N,N,40 01:19.564,75 03:47.706,1916, ,1914,2,1,1,N, ,0,N, , , , ,349723, , , ,2,1,1,0,0,0,0,0,0,0,0,2,2,0,0,0,0,0,1,0,0,0,0,0,0,0,0,0,0,0,0,0,0,0,0,4,0,40.0221,-75.0633, , 
 ,30430,2015112140,6,67,67301,2015,10,1,200,2,6,1,0,8,1, , ,N,0,0,0,3,0,1,2,2,N,N,39 55:40.832,75 13:51.418,1051, ,1047, ,0, , , ,0, , , , , ,349744, , , ,1,1,0,0,0,0,0,0,0,0,0,0,1,1,0,0,0,0,0,0,0,0,0,0,0,0,0,0,0,0,0,0,1,0,0,8,0,39.928,-75.2309, , 
 ,30431,2015083393,6,67,67301,2015,7,4,1035,10,1,1,0,1,1, , ,N,0,0,0,3,0,1,2,2,N,N,40 01:05.891,75 09:18.732,1100, ,1100,2,1,2,N, ,0,Y, , , , ,349759, , , ,2,1,0,0,0,0,1,0,0,0,0,0,1,1,0,0,0,0,0,0,0,0,0,0,0,0,0,0,0,0,0,0,0,0,0,8,0,40.0183,-75.1552, , 
 ,30432,2015092915,6,67,67301,2015,8,7,10,0,3,1,0,4,1, , ,N,1,2,0,3,0,1,2,2,N,N,39 56:44.732,75 10:00.371,14, ,14, ,0, ,N, ,3, , , , , ,349769, , , ,2,1,0,0,0,0,0,1,0,0,0,1,1,0,1,0,0,0,0,0,0,0,0,0,0,0,0,0,0,0,0,0,0,0,0,4,0,39.9458,-75.1668, , 
 ,30433,2015092979,6,67,67301,2015,8,2,1825,18,1,1,0,6,1, , ,N,0,0,0,3,0,1,3,2,N,N,39 56:27.740,75 14:14.688,1835, ,1832, ,0, ,N, ,0, , , , , ,349770, , , ,2,1,0,0,0,0,1,0,0,0,0,1,1,0,0,0,0,0,0,0,0,0,1,0,0,0,0,0,0,0,0,0,0,0,0,4,0,39.941,-75.2374, , 
 ,30434,2015099127,6,67,67301,2015,9,5,2140,21,3,2,1,1,1, , ,N,0,0,0,3,0,2,4,2,N,N,40 01:47.832,75 06:08.956,2145, ,2140, ,0, ,N, ,0, , , , , ,349778, , , ,2,2,0,0,0,0,0,0,0,0,0,2,2,0,0,0,0,0,0,1,0,0,0,3,0,0,0,0,0,0,0,0,0,0,0,4,0,40.03,-75.1025, , 