wz_ln_closure,objectid_1,crn,district,county,municipality,crash_year,crash_month,day_of_week,time_of_day,hour_of_day,illumination,weather,road_condition,collision_type,relation_to_road,work_zone_type,work_zone_loc,work_zone_ind,intersect_type,tcd_type,location_type,urban_rural,fatal_count,injury_count,person_count,total_units,sch_bus_ind,sch_zone_ind,latitude,longitude,arrival_tm,cons_zone_spd_lim,dispatch_tm,est_hrs_closed,lane_closed,ln_close_dir,ntfy_hiwy_maint,spec_juris_cd,tcd_func_cd,tfc_detour_ind,workers_pres,wz_close_detour,wz_flagger,wz_law_offcr_ind,objectid,wz_moving,wz_other,wz_shlder_mdn,vehicle_count,automobile_count,motorcycle_count,bus_count,small_truck_count,heavy_truck_count,suv_count,van_count,bicycle_count,maj_inj_count,mod_inj_count,min_inj_count,tot_inj_count,unk_inj_deg_count,unk_inj_per_count,driver_count_16yr,driver_count_17yr,driver_count_18yr,driver_count_19yr,driver_count_20yr,driver_count_50_64yr,driver_count_65_74yr,driver_count_75plus,unbelted_occ_count,unb_death_count,unb_maj_inj_count,belted_death_count,belted_maj_inj_count,mcycle_death_count,mcycle_maj_inj_count,bicycle_death_count,bicycle_maj_inj_count,ped_count,ped_death_count,ped_maj_inj_count,max_severity_level,comm_veh_count,dec_lat,dec_long,rdwy_surf_type_cd,county_name
 ,30501,2016000965,6,67,67301,2015,12,1,1955,19,3,1,0,4,1, , ,N,2,2,0,3,0,0,2,2,N,N,39 55:05.910,75 12:31.905,1958, ,1956,2,1,4,N, ,3,N, , , , ,349916, , , ,2,2,0,0,0,0,0,0,0,0,0,0,0,0,0,0,0,0,0,0,0,0,0,0,0,0,0,0,0,0,0,0,0,0,0,0,0,39.9182,-75.2088, , 
 ,30502,2016002454,6,67,67301,2015,12,7,630,6,3,1,0,8,1, , ,N,1,0,0,3,0,1,2,2,N,N,39 59:35.538,75 09:40.809,1035, ,1025, ,0, ,N, ,0, , , , , ,349920, , , ,1,1,0,0,0,0,0,0,0,0,0,0,1,1,0,0,0,0,0,0,0,0,0,1,0,0,0,0,0,0,0,0,1,0,0,8,0,39.9932,-75.1613, , 
 ,30503,2016004270,6,67,67301,2015,12,1,1915,19,3,1,0,7,2, , ,N,0,8,0,3,0,0,1,1,N,N,39 57:25.354,75 09:22.747,1927, ,1916,1,2,3,N, ,3,N, , , , ,349922, , , ,1,1,0,0,0,0,0,0,0,0,0,0,0,0,1,0,0,0,0,0,0,0,0,0,0,0,0,0,0,0,0,0,0,0,0,9,0,39.957,-75.1563, , 
 ,30504,2016004584,6,67,67301,2015,12,1,2140,21,3,2,1,5,1, , ,N,0,0,0,3,0,1,2,2,N,N,39 58:56.925,75 12:27.701,2142, ,2140,1,1,4,N, ,0,N, , , , ,349923, , , ,2,2,0,0,0,0,0,0,0,0,0,0,1,1,1,0,0,0,0,1,0,0,0,0,0,0,0,0,0,0,0,0,0,0,0,8,0,39.9825,-75.2077, , 
 ,30505,2016015201,6,67,67301,2015,9,6,2130,21,3,1,0,1,1, , ,N,0,0,0,3,0,2,6,3,N,N,39 59:26.808,75 12:16.708,0, ,0, ,0, ,N, ,0, , , , , ,349924, , , ,3,2,0,0,0,0,0,0,0,0,0,0,2,2,0,0,0,0,0,0,0,0,0,2,0,0,0,0,0,0,0,0,0,0,0,8,0,39.9908,-75.2046, , 
 ,30506,2015131323,6,67,67301,2015,12,4,1349,13,1,2,1,1,1, , ,N,0,0,0,3,0,1,2,2,N,N,39 58:07.593,75 11:00.459,1352, ,1351,2,2,5,N, ,0,Y, , , , ,349932, , , ,2,0,0,0,0,0,1,1,0,0,0,1,1,0,0,0,0,0,0,0,1,0,0,0,0,0,0,0,0,0,0,0,0,0,0,4,0,39.9688,-75.1835, , 
 ,30507,2015070128,6,67,67301,2015,6,7,1810,18,1,1,0,4,1, , ,N,2,3,0,3,0,1,3,2,N,N,39 58:40.436,75 12:21.801,1840, ,1827, ,0, ,N, ,3, , , , , ,349948, , , ,2,2,0,0,0,0,0,0,0,0,0,1,1,0,0,0,0,0,0,0,0,0,1,0,0,0,0,0,0,0,0,0,0,0,0,4,0,39.9779,-75.2061, , 
 ,30508,2015091042,6,67,67301,2015,8,6,2000,20,3,1,0,4,1, , ,N,1,2,0,3,0,0,2,2,N, ,40 00:56.894,75 08:28.039,2000, ,2000, ,0, , , ,3, , , , , ,349959, , , ,2,0,0,0,0,0,2,0,0,0,0,0,0,0,0,0,0,0,0,0,1,0,0,0,0,0,0,0,0,0,0,0,0,0,0,0,0,40.0158,-75.1411, , 
 ,30509,2015095218,6,67,67301,2015,9,7,600,6,1,1,0,1,1, , ,N,0,0,0,3,0,1,3,3,N,N,39 55:27.109,75 14:16.486,9999, ,600,1,2,4, , ,0,Y, , , , ,349964, , , ,3,2,1,0,0,0,0,0,0,0,0,1,1,0,0,0,0,0,0,0,0,0,0,0,0,0,0,0,0,0,0,0,0,0,0,4,0,39.9242,-75.2379, , 
 ,30510,2015106384,6,67,67301,2015,9,2,1409,14,1,1,0,4,1, , ,N,1,2,0,3,0,1,3,2,N,N,39 59:11.522,75 09:28.418,1409, ,1409,1,2,2,N, ,3,Y, , , , ,350007, , , ,1,1,0,0,0,0,0,0,1,0,1,0,1,0,0,0,0,0,0,0,0,0,0,0,0,0,0,0,0,0,0,0,0,0,0,3,0,39.9865,-75.1579, , 
 ,30511,2015095191,6,67,67301,2015,9,1,1224,12,1,1,0,1,1, , ,N,1,2,0,3,0,1,4,2,N,N,40 02:44.262,75 07:42.522,1230, ,1224, ,0, ,N, ,3, , , , , ,350033, , , ,2,0,0,0,0,0,2,0,0,0,0,1,1,0,0,0,0,0,0,0,1,0,0,0,0,0,0,0,0,0,0,0,0,0,0,4,0,40.0456,-75.1285, , 
 ,30512,2015073725,6,67,67301,2015,6,1,700,7,1,2,1,7,4, , ,N,0,0,0,3,0,1,2,1,N,N,39 58:22.211,75 11:39.598,740, ,738, ,0, ,N, ,0, , , , , ,350037, , , ,1,1,0,0,0,0,0,0,0,0,0,1,1,0,0,0,0,0,0,1,0,0,0,0,0,0,0,0,0,0,0,0,0,0,0,4,0,39.9728,-75.1943, , 
 ,30513,2015106273,6,67,67301,2015,10,6,821,8,1,1,0,5,1, , ,N,0,0,0,3,0,1,2,2,N,N,39 58:44.248,75 09:35.980,828, ,826, ,0, ,N, ,0, , , , , ,352555, , , ,1,1,0,0,0,0,0,0,1,0,0,0,1,1,0,0,0,0,0,0,0,1,0,0,0,0,0,0,0,0,0,0,0,0,0,8,0,39.979,-75.16, , 
 ,30514,2015063520,6,67,67301,2015,6,4,1700,17,1,1,0,8,1, , ,N,1,0,0,3,0,1,2,2,N,N,39 59:38.590,75 07:50.732,1715, ,1708, ,0, ,N, ,0, , , , , ,352575, , , ,1,0,0,0,0,0,0,1,0,0,0,1,1,0,0,0,0,0,0,0,0,0,0,0,0,0,0,0,0,0,0,0,1,0,0,4,0,39.9941,-75.1308, , 
 ,30515,2015070272,6,67,67301,2015,6,7,420,4,3,1,0,1,1, , ,N,0,0,0,3,0,0,2,2,N,N,39 53:08.001,75 12:36.814,440, ,424, ,0, ,N, ,0, , , , , ,352584, , , ,2,1,0,0,0,1,0,0,0,0,0,0,0,0,0,0,0,0,0,0,0,0,0,0,0,0,0,0,0,0,0,0,0,0,0,0,1,39.8856,-75.2102, , 
 ,30516,2016001026,6,67,67301,2015,12,5,1820,18,3,1,0,8,1, , ,N,1,3,0,3,0,1,2,2,N, ,40 01:26.540,75 12:34.300,1828, ,1823, ,0, , , ,3, , , , , ,352599, , , ,1,1,0,0,0,0,0,0,0,0,0,1,1,0,0,0,0,0,0,0,0,1,0,1,0,0,0,0,0,0,0,0,1,0,0,4,0,40.024,-75.2095, , 
 ,30517,2015079055,6,67,67301,2015,7,4,500,5,3,2,1,7,4, , ,N,0,0,0,3,0,0,1,1,N,N,39 57:41.816,75 10:56.917,511, ,506, ,0, ,N, ,0, , , , , ,352614, , , ,1,0,0,0,1,0,0,0,0,0,0,0,0,0,0,0,0,0,0,0,0,0,0,0,0,0,0,0,0,0,0,0,0,0,0,0,0,39.9616,-75.1825, , 
 ,30518,2015093009,6,67,67301,2015,8,2,1650,16,1,1,0,1,1, , ,N,1,2,0,3,0,0,3,3,N, ,39 54:39.650,75 11:15.230,1710, ,1655, ,0, , , ,3, , , , , ,352626, , , ,3,2,0,0,0,0,1,0,0,0,0,0,0,0,0,0,0,0,1,0,2,0,0,0,0,0,0,0,0,0,0,0,0,0,0,0,0,39.911,-75.1876, , 
 ,30519,2015099036,6,67,67301,2015,9,7,1225,12,1,1,0,1,1, , ,N,0,2,0,3,0,1,4,2,N, ,39 54:53.879,75 08:59.139,1235, ,1233, ,0, , , ,3, , , , , ,352636, , , ,2,0,0,0,1,0,1,0,0,0,0,1,1,0,0,0,0,0,0,0,1,0,0,0,0,0,0,0,0,0,0,0,0,0,0,4,0,39.915,-75.1498, , 
 ,30520,2016007616,6,67,67301,2015,12,7,1800,18,3,1,0,4,1, , ,N,1,1,0,3,0,1,2,2,N, ,39 55:31.400,75 10:39.093,1815, ,1810, ,0, , , ,3, , , , , ,352643, , , ,1,0,0,0,1,0,0,0,1,0,0,1,1,0,0,0,0,0,0,0,1,0,0,0,0,0,0,0,0,0,0,0,0,0,0,4,0,39.9254,-75.1775, , 
 ,30521,2015074399,6,67,67301,2015,7,4,2240,22,3,1,0,0,1, , ,N,6,0,2,3,0,1,1,1,N,N,39 59:50.669,75 04:55.143,2254, ,2240,1,1,2,N, ,0,N, , , , ,352664, , , ,1,0,1,0,0,0,0,0,0,0,0,1,1,0,0,0,0,0,0,0,0,0,0,0,0,0,0,0,0,0,0,0,0,0,0,4,0,39.9974,-75.082, , 
 ,30522,2015083244,6,67,67301,2015,8,2,812,8,1,1,0,4,1, , ,N,1,2,0,3,0,1,5,3,N,N,39 59:49.557,75 14:07.172,815, ,812,1,1,2,N, ,3,N, , , , ,352673, , , ,3,2,0,0,0,0,1,0,0,0,0,0,1,1,0,0,0,0,0,0,1,0,0,0,0,0,0,0,0,0,0,0,0,0,0,8,0,39.997,-75.2353, , 
 ,30523,2015085320,6,67,67301,2015,8,7,1005,10,1,1,0,4,1, , ,N,0,0,0,3,0,1,2,2,N,N,40 01:25.025,75 06:56.082,1013, ,1009, ,0, ,N, ,0, , , , , ,352674, , , ,1,1,0,0,0,0,0,0,1,0,0,0,1,1,0,0,0,0,0,0,0,0,0,0,0,0,0,0,0,0,0,0,0,0,0,8,0,40.0236,-75.1156, , 
 ,30524,2015095158,6,67,67301,2015,9,4,2020,20,4,1,0,8,1, , ,N,1,2,0,3,0,1,2,2,N,N,39 56:28.147,75 09:38.293,2032, ,2028, ,0, ,N, ,3, , , , , ,352682, , , ,1,1,0,0,0,0,0,0,0,0,1,0,1,0,0,0,0,0,0,0,0,0,0,0,0,0,0,0,0,0,0,0,1,0,0,3,0,39.9412,-75.1606, , 
 ,30525,2015118177,6,67,67301,2015,10,3,1547,15,1,1,0,8,1, , ,N,1,2,0,3,0,1,2,2,N,Y,40 01:41.801,75 07:12.241,1600, ,1547, ,0, , , ,3, , , , , ,352692, , , ,1,1,0,0,0,0,0,0,0,0,0,1,1,0,0,0,0,0,0,0,0,0,0,0,0,0,0,0,0,0,0,0,1,0,0,4,0,40.0283,-75.1201, , 
 ,30526,2015131344,6,67,67301,2015,11,5,719,7,1,1,0,1,1, , ,N,1,2,0,3,0,1,3,3,N,N,40 00:41.506,75 04:11.278,727, ,726, ,0, ,N, ,3, , , , , ,352703, , , ,3,1,0,0,1,0,1,0,0,0,0,1,1,0,0,0,0,0,0,0,1,0,1,0,0,0,0,0,0,0,0,0,0,0,0,4,0,40.0115,-75.0698, , 
 ,30527,2016002382,6,67,67301,2015,12,3,1129,11,1,2,1,7,4, , ,N,0,0,0,3,0,0,1,1,N,N,40 00:03.567,75 08:53.585,1210, ,1207, ,0, ,N, ,0, , , , , ,352712, , , ,1,1,0,0,0,0,0,0,0,0,0,0,0,0,0,0,0,0,0,0,0,0,0,0,0,0,0,0,0,0,0,0,0,0,0,0,0,40.001,-75.1482, , 
 ,30528,2015128617,6,67,67301,2015,11,1,2114,21,3,1,0,3,1, , ,N,0,0,0,3,0,0,1,4,N,N,39 55:31.919,75 13:26.926,2116, ,2114, ,0, ,N, ,0, , , , , ,352719, , , ,4,2,0,0,0,0,2,0,0,0,0,0,0,0,1,0,0,0,0,0,0,0,0,0,0,0,0,0,0,0,0,0,0,0,0,9,0,39.9255,-75.2241, , 
 ,30529,2015135936,6,67,67301,2015,11,7,2330,23,3,9,0,8,1, , ,N,0,0,0,3,0,1,2,2,N,N,39 54:20.534,75 10:24.767,10, ,0, ,0, ,N, ,0, , , , , ,352731, , , ,1,1,0,0,0,0,0,0,0,0,0,0,1,1,0,0,0,0,0,0,0,0,0,1,0,0,0,0,0,0,0,0,1,0,0,8,0,39.9057,-75.1735, , 
 ,30530,2015136775,6,67,67301,2015,11,7,1715,17,3,2,1,8,1, , ,N,0,0,0,3,0,4,5,5,N,N,39 58:46.596,75 13:06.166,1720, ,1718,2,2,6,N, ,0,Y, , , , ,352732, , , ,1,0,0,0,0,0,0,1,0,0,0,0,4,4,0,0,0,0,0,0,0,0,1,0,0,0,0,0,0,0,0,0,4,0,0,8,0,39.9796,-75.2184, , 
 ,30531,2015130104,6,67,67301,2015,11,4,10,0,3,2,1,4,1, , ,N,5,2,0,3,0,1,2,2,N,N,39 58:53.180,75 07:39.465,31, ,29,9,1,3, , ,3,N, , , , ,357858, , , ,1,1,0,0,0,0,0,0,1,0,1,0,1,0,0,0,0,0,0,0,1,0,0,0,0,0,0,0,0,0,0,0,0,0,0,3,0,39.9814,-75.1276, , 
 ,30532,2015133726,6,67,67301,2015,10,5,600,6,3,1,0,4,1, , ,N,1,3,0,3,0,1,2,2,N,N,39 57:38.541,75 14:13.174,605, ,602, ,0, ,N, ,3, , , , , ,357863, , , ,2,0,0,0,0,0,2,0,0,0,0,0,1,1,0,0,0,0,0,0,1,0,0,0,0,0,0,0,0,0,0,0,0,0,0,8,0,39.9607,-75.237, , 
 ,30533,2015120201,6,67,67301,2015,11,6,1853,18,3,1,0,5,1, , ,N,0,0,0,3,0,1,4,3,N,N,39 57:25.796,75 08:26.722,1858, ,1853,1,2,1,N, ,0,N, , , , ,357882, , , ,3,0,0,0,1,0,2,0,0,0,0,1,1,0,0,0,0,0,0,0,2,0,0,0,0,0,0,0,0,0,0,0,0,0,0,4,0,39.9572,-75.1408, , 
 ,30534,2015136382,6,67,67301,2015,12,5,9999,99,6,1,0,4,1, , ,N,1,2,0,3,0,1,2,2,N,N,39 58:27.680,75 10:54.675,0, ,9999, ,0, ,N, ,3, , , , , ,357894, , , ,2,2,0,0,0,0,0,0,0,0,0,1,1,0,1,0,0,0,0,0,1,0,0,0,0,0,0,0,0,0,0,0,0,0,0,4,0,39.9744,-75.1819, , 
 ,30535,2016002438,6,67,67301,2015,11,7,124,1,2,1,0,8,1, , ,N,0,0,0,3,0,1,2,2,N,N,40 01:30.367,75 09:35.650,135, ,129, ,0, ,N, ,0, , , , , ,357896, , , ,1,0,0,0,0,0,0,0,0,0,0,1,1,0,0,0,0,0,0,0,0,0,0,0,0,0,0,0,0,0,0,0,1,0,0,4,0,40.0251,-75.1599, , 
 ,30536,2016008628,6,67,67301,2015,12,5,2035,20,3,1,0,5,1, , ,N,5,2,0,3,0,1,2,4,N,N,39 55:55.279,75 09:39.027,2110, ,2102, ,0, ,N, ,3, , , , , ,357900, , , ,3,1,0,0,1,0,1,0,1,0,1,0,1,0,1,0,0,0,0,0,0,0,0,0,0,0,0,0,0,0,0,0,0,0,0,3,0,39.932,-75.1608, , 
 ,30537,2015115107,6,67,67301,2015,10,4,303,3,3,1,0,4,1, , ,N,2,3,0,3,0,2,3,2,N,N,40 01:14.750,75 08:35.599,308, ,308, ,0, , , ,3, , , , , ,357904, , , ,2,1,0,0,0,0,0,1,0,0,0,0,2,2,0,0,0,0,0,0,0,0,0,1,0,0,0,0,0,0,0,0,0,0,0,8,0,40.0208,-75.1432, , 
 ,30538,2015135919,6,67,67301,2015,12,2,1230,12,1,1,0,4,1, , ,N,5,2,0,3,0,1,3,3,N, ,39 55:08.284,75 10:01.671,1240, ,1235, ,0, , , ,3, , , , , ,357925, , , ,3,2,0,0,0,0,1,0,0,0,0,1,1,0,0,0,0,0,0,0,0,0,1,0,0,0,0,0,0,0,0,0,0,0,0,4,0,39.919,-75.1671, , 
 ,30539,2016007677,6,67,67301,2015,12,3,1556,15,1,2,1,4,1, , ,N,1,3,0,3,0,1,2,2,N,N,40 01:39.370,75 05:13.538,1620, ,1616, ,0, , , ,3, , , , , ,357928, , , ,2,1,0,0,0,0,1,0,0,0,0,0,1,1,0,0,0,0,0,0,1,0,0,0,0,0,0,0,0,0,0,0,0,0,0,8,0,40.0276,-75.0871, , 
 ,30540,2015116152,6,67,67301,2015,10,2,722,7,1,1,0,4,1, , ,N,1,3,0,3,0,1,2,2,N,N,40 04:19.650,75 11:34.162,800, ,722, ,0, , , ,3, , , , , ,357945, , , ,2,0,0,0,0,0,2,0,0,0,0,1,1,0,1,0,0,0,0,0,1,0,0,0,0,0,0,0,0,0,0,0,0,0,0,4,0,40.0721,-75.1928, , 
N,30541,2015120196,6,67,67301,2015,11,3,833,8,1,1,0,1,1,1,4,Y,0,0,0,3,0,0,4,4,N,N,40 01:25.242,75 01:57.481,844,45,834, ,0, ,N, ,0, ,Y,N,N,N,357950,N,N,Y,4,4,0,0,0,0,0,0,0,0,0,0,0,0,0,0,0,0,0,0,0,0,0,0,0,0,0,0,0,0,0,0,0,0,0,0,0,40.0237,-75.0326, , 
 ,30542,2015128679,6,67,67301,2015,11,6,2100,21,3,1,0,6,1, , ,N,2,2,0,3,0,1,3,2,N,N,40 02:36.391,75 02:11.396,2115, ,2109, ,0, ,N, ,3, , , , , ,357955, , , ,1,0,0,0,0,0,1,0,1,0,0,1,1,0,0,0,0,0,0,0,0,0,0,0,0,0,0,0,0,0,0,0,0,0,0,4,0,40.0434,-75.0365, , 
 ,30543,2015130353,6,67,67301,2015,11,6,1327,13,1,1,0,2,1, , ,N,1,0,0,3,0,1,2,2,N,N,40 02:26.581,75 04:09.886,1540, ,1530, ,0, ,N, ,0, , , , , ,357957, , , ,2,0,0,0,0,0,2,0,0,0,0,0,1,1,0,0,0,0,0,0,2,0,0,1,0,0,0,0,0,0,0,0,0,0,0,8,0,40.0407,-75.0694, , 
 ,30544,2015130356,6,67,67301,2015,11,7,1610,16,1,1,0,4,1, , ,N,1,2,1,3,0,2,3,2,N,N,40 02:02.039,75 04:27.141,1632, ,1630,3,1,1,N, ,3,N, , , , ,357958, , , ,2,2,0,0,0,0,0,0,0,0,0,0,2,2,0,0,0,0,0,0,0,0,1,0,0,0,0,0,0,0,0,0,0,0,0,8,0,40.034,-75.0744, , 
 ,30545,2015135038,6,67,67301,2015,12,6,2340,23,3,1,1,4,1, , ,N,1,2,0,3,0,1,4,2,N,N,39 58:33.009,75 09:30.309,2345, ,2345,1,1,1,N, ,3,N, , , , ,357963, , , ,2,2,0,0,0,0,0,0,0,0,0,0,1,1,0,0,0,0,0,0,1,0,0,0,0,0,0,0,0,0,0,0,0,0,0,8,0,39.9758,-75.1584, , 
 ,30546,2015073700,6,67,67301,2015,6,3,2138,21,3,2,1,8,1, , ,N,1,2,0,3,0,1,2,2,N, ,39 59:00.200,75 10:12.957,2145, ,2138, ,0, , , ,3, , , , , ,358003, , , ,1,0,0,0,0,0,1,0,0,0,0,1,1,0,0,0,0,0,0,0,0,0,0,0,0,0,0,0,0,0,0,0,1,0,0,4,0,39.9834,-75.1703, , 
 ,30547,2015080667,6,67,67301,2015,7,5,1210,12,1,1,0,4,1, , ,N,0,0,0,3,0,1,2,2,N, ,39 59:21.805,75 08:27.147,1215, ,1212,2,2,1, , ,0,N, , , , ,358011, , , ,1,0,0,0,0,1,0,0,1,0,0,1,1,0,0,0,0,0,0,0,1,0,0,0,0,0,0,0,0,0,0,0,0,0,0,4,1,39.9894,-75.1409, , 
 ,30548,2015081083,6,67,67301,2015,7,1,1200,12,1,1,0,4,1, , ,N,5,2,0,3,0,3,3,2,N,N,40 03:51.426,75 09:12.794,1245, ,1221, ,0, ,N, ,3, , , , , ,358013, , , ,2,2,0,0,0,0,0,0,0,0,0,0,3,3,0,0,0,0,0,0,1,0,0,0,0,0,0,0,0,0,0,0,0,0,0,8,0,40.0643,-75.1536, , 
 ,30549,2015106450,6,67,67301,2015,9,4,1715,17,1,2,1,8,1, , ,N,0,0,0,3,0,1,2,2,N,N,39 57:42.773,75 13:44.343,1725, ,1721, ,0, , , ,0, , , , , ,355538, , , ,1,1,0,0,0,0,0,0,0,0,0,1,1,0,0,0,0,0,0,0,0,0,0,0,0,0,0,0,0,0,0,0,1,0,0,4,0,39.9619,-75.229, , 
 ,30550,2015088733,6,67,67301,2015,7,4,1725,17,1,1,0,8,1, , ,N,0,0,0,3,0,1,2,2,N, ,40 00:27.700,75 09:07.000,1735, ,1730, ,0, , , ,0, , , , , ,355545, , , ,1,0,0,0,0,0,0,1,0,0,0,0,1,1,0,0,0,0,0,0,0,0,0,0,0,0,0,0,0,0,0,0,1,0,0,8,0,40.0077,-75.1519, , 
 ,30551,2015088807,6,67,67301,2015,8,5,1413,14,1,1,0,4,1, , ,N,2,2,0,3,0,1,2,2,N,N,40 00:26.314,75 11:31.785,1432, ,1915,1,2,2,Y, ,3,Y, , , , ,355546, , , ,2,1,0,0,1,0,0,0,0,0,0,1,1,0,0,0,0,0,0,0,1,0,0,0,0,0,0,0,0,0,0,0,0,0,0,4,0,40.0073,-75.1922, , 
 ,30552,2015099135,6,67,67301,2015,9,4,1820,18,1,1,0,4,1, , ,N,2,3,0,3,0,2,3,2,N,N,39 58:58.072,75 12:22.561,1821, ,1820,2,1,5,N, ,3,Y, , , , ,355554, , , ,2,2,0,0,0,0,0,0,0,0,0,0,2,2,0,0,0,0,0,0,1,0,0,1,0,0,0,0,0,0,0,0,0,0,0,8,0,39.9828,-75.2063, , 
 ,30553,2015107441,6,67,67301,2015,10,1,253,2,3,1,0,4,1, , ,N,1,2,0,3,0,1,4,2,N,N,39 55:29.980,75 10:27.981,303, ,259, ,0, ,N, ,3, , , , , ,355568, , , ,2,2,0,0,0,0,0,0,0,0,0,1,1,0,0,0,0,0,0,0,0,0,0,0,0,0,0,0,0,0,0,0,0,0,0,4,0,39.925,-75.1743, , 
 ,30554,2015114623,6,67,67301,2015,10,7,212,2,3,1,0,1,1, , ,N,1,2,0,3,0,1,3,3,N, ,39 57:17.491,75 09:04.108,226, ,224,3,2,3, , ,3,N, , , , ,355572, , , ,3,2,0,0,1,0,0,0,0,0,0,0,1,1,0,0,0,0,0,0,0,0,0,0,0,0,0,0,0,0,0,0,0,0,0,8,0,39.9549,-75.1511, , 
 ,30555,2015118163,6,67,67301,2015,10,1,225,2,3,1,0,8,1, , ,N,0,0,0,3,0,1,2,2,N,N,40 04:27.006,75 02:07.808,235, ,230,2,1,2, , ,0,N, , , , ,355576, , , ,1,1,0,0,0,0,0,0,0,0,0,0,1,1,0,0,0,0,0,0,0,0,0,0,0,0,0,0,0,0,0,0,1,0,0,8,0,40.0742,-75.0355, , 
 ,30556,2015119499,6,67,67301,2015,11,3,610,6,3,1,0,1,1, , ,N,0,0,2,3,0,0,2,2,N,N,39 59:42.296,75 04:50.381,625, ,625, ,0, ,N, ,0, , , , , ,355577, , , ,2,1,0,0,0,0,1,0,0,0,0,0,0,0,0,0,0,0,1,0,1,0,0,0,0,0,0,0,0,0,0,0,0,0,0,0,0,39.9951,-75.0807, , 
 ,30557,2015064341,6,67,67301,2015,5,3,1845,18,1,1,0,1,1, , ,N,1,2,0,3,0,2,3,2,N,N,39 57:16.390,75 10:52.053,1907, ,1852, ,0, , , ,3, , , , , ,355591, , , ,2,2,0,0,0,0,0,0,0,0,0,0,2,2,0,0,0,0,0,0,0,0,0,0,0,0,0,0,0,0,0,0,0,0,0,8,0,39.9546,-75.1813, , 
 ,30558,2015071464,6,67,67301,2015,6,5,2054,20,3,1,0,5,1, , ,N,0,0,0,3,0,1,2,2,N,N,39 59:17.770,75 05:18.960,2103, ,2056,1,2,1,N, ,0,N, , , , ,355595, , , ,2,2,0,0,0,0,0,0,0,0,0,1,1,0,0,0,0,0,0,0,0,0,0,0,0,0,0,0,0,0,0,0,0,0,0,4,0,39.9883,-75.0886, , 
 ,30559,2015075652,6,67,67301,2015,7,7,1721,17,1,1,0,4,1, , ,N,1,2,0,3,0,1,2,2,N,N,39 57:33.501,75 09:35.521,1724, ,1722, ,0, , , ,3, , , , , ,355602, , , ,1,0,0,0,0,0,1,0,1,0,0,0,1,1,0,0,0,0,0,0,0,0,0,0,0,0,0,0,0,0,0,0,0,0,0,8,0,39.9593,-75.1599, , 
 ,30560,2015086260,6,67,67301,2015,7,6,1025,10,1,1,0,8,1, , ,N,1,3,0,3,0,1,2,2,N,N,39 56:34.738,75 10:02.560,1027, ,1027, ,0, ,N, ,3, , , , , ,355617, , , ,1,1,0,0,0,0,0,0,0,0,0,1,1,0,0,0,0,0,0,0,0,0,0,0,0,0,0,0,0,0,0,0,1,0,0,4,0,39.943,-75.1674, , 
 ,30561,2015093038,6,67,67301,2015,9,5,333,3,3,1,0,7,2, , ,N,0,0,3,3,0,1,1,1,N,N,39 54:45.063,75 10:25.286,338, ,333,3,2,3,N, ,0,N, , , , ,355636, , , ,1,1,0,0,0,0,0,0,0,0,1,0,1,0,0,0,0,0,0,0,0,0,0,0,0,0,0,0,0,0,0,0,0,0,0,3,0,39.9125,-75.1737, , 
 ,30562,2015066199,6,67,67301,2015,6,2,2245,22,3,2,1,1,1, , ,N,1,3,0,3,0,1,2,2,N,N,39 55:32.066,75 14:30.271,1, ,2342, ,0, ,N, ,3, , , , , ,355658, , , ,2,1,0,0,0,0,1,0,0,0,0,1,1,0,0,0,0,1,0,0,0,0,0,0,0,0,0,0,0,0,0,0,0,0,0,4,0,39.9256,-75.2417, , 
 ,30563,2015117636,6,67,67301,2015,10,3,530,5,3,1,0,8,1, , ,N,1,2,0,3,0,1,2,2,N,N,40 00:36.733,75 05:53.140,540, ,535, ,0, ,N, ,3, , , , , ,355690, , , ,1,0,0,0,1,0,0,0,0,0,0,1,1,0,0,0,0,0,0,0,0,0,0,1,0,0,0,0,0,0,0,0,1,0,0,4,0,40.0102,-75.0981, , 
 ,30564,2015135809,6,67,67301,2015,12,5,1041,10,1,1,0,7,5, , ,N,1,2,0,3,0,2,2,1,N, ,40 03:41.982,74 59:18.334,1045, ,1041, ,0, , , ,3, , , , , ,355709, , , ,1,1,0,0,0,0,0,0,0,0,2,0,2,0,0,0,0,0,0,0,0,1,0,2,0,0,0,0,0,0,0,0,0,0,0,3,0,40.0616,-74.9884, , 
 ,30565,2016012874,6,67,67301,2015,6,7,5,0,3,1,0,1,1, , ,N,0,2,0,3,0,1,2,2,N,N,39 57:04.660,75 10:13.510,0, ,0, ,0, ,N, ,3, , , , , ,355714, , , ,2,2,0,0,0,0,0,0,0,0,0,0,1,1,1,0,0,0,0,0,0,0,0,0,0,0,0,0,0,0,0,0,0,0,0,8,0,39.9513,-75.1704, , 
 ,30566,2015114555,6,67,67301,2015,9,5,800,8,1,1,0,8,1, , ,N,1,3,0,3,0,2,4,3,N,N,39 56:48.807,75 12:45.628,809, ,807, ,0, ,N, ,3, , , , , ,355722, , , ,1,1,0,0,0,0,0,0,0,0,1,1,2,0,0,0,0,0,0,0,0,0,0,0,0,0,0,0,0,0,0,0,2,0,0,3,0,39.9469,-75.2127, , 
 ,30567,2015091178,6,67,67301,2015,8,1,1920,19,1,1,0,1,1, , ,N,1,2,0,3,0,2,4,3,N,N,39 57:33.918,75 14:43.386,1930, ,1930, ,0, ,N, ,3, , , , , ,350050, , , ,3,0,0,0,0,0,2,0,0,0,0,2,2,0,0,0,0,0,0,0,1,0,0,0,0,0,0,0,0,0,0,0,0,0,0,4,0,39.9594,-75.2453, , 