wz_ln_closure,objectid_1,crn,district,county,municipality,crash_year,crash_month,day_of_week,time_of_day,hour_of_day,illumination,weather,road_condition,collision_type,relation_to_road,work_zone_type,work_zone_loc,work_zone_ind,intersect_type,tcd_type,location_type,urban_rural,fatal_count,injury_count,person_count,total_units,sch_bus_ind,sch_zone_ind,latitude,longitude,arrival_tm,cons_zone_spd_lim,dispatch_tm,est_hrs_closed,lane_closed,ln_close_dir,ntfy_hiwy_maint,spec_juris_cd,tcd_func_cd,tfc_detour_ind,workers_pres,wz_close_detour,wz_flagger,wz_law_offcr_ind,objectid,wz_moving,wz_other,wz_shlder_mdn,vehicle_count,automobile_count,motorcycle_count,bus_count,small_truck_count,heavy_truck_count,suv_count,van_count,bicycle_count,maj_inj_count,mod_inj_count,min_inj_count,tot_inj_count,unk_inj_deg_count,unk_inj_per_count,driver_count_16yr,driver_count_17yr,driver_count_18yr,driver_count_19yr,driver_count_20yr,driver_count_50_64yr,driver_count_65_74yr,driver_count_75plus,unbelted_occ_count,unb_death_count,unb_maj_inj_count,belted_death_count,belted_maj_inj_count,mcycle_death_count,mcycle_maj_inj_count,bicycle_death_count,bicycle_maj_inj_count,ped_count,ped_death_count,ped_maj_inj_count,max_severity_level,comm_veh_count,dec_lat,dec_long,rdwy_surf_type_cd,county_name
 ,30568,2015103184,6,46,46108,2015,10,5,749,7,1,1,0,1,1, , ,N,1,4,0,3,0,1,2,2,N,N,40 05:09.951,75 12:42.717,752, ,749, ,0, ,N, ,3, , , , , ,350058, , , ,2,2,0,0,0,0,0,0,0,0,0,1,1,0,0,0,0,0,0,0,0,0,0,0,0,0,0,0,0,0,0,0,0,0,0,4,0,40.0861,-75.2119, , 
 ,30569,2015103423,6,67,67301,2015,9,6,850,8,1,1,0,1,1, , ,N,2,2,0,3,0,0,2,2,N,N,39 53:39.858,75 14:47.934,902, ,850,1,1,2,N, ,3,Y, , , , ,350059, , , ,2,0,0,0,0,0,1,1,0,0,0,0,0,0,0,0,0,0,0,0,1,0,0,1,0,0,0,0,0,0,0,0,0,0,0,0,0,39.8944,-75.2466, , 
 ,30570,2015071484,6,67,67301,2015,6,5,2028,20,3,2,1,5,1, , ,N,0,0,0,3,0,0,3,2,N,N,39 56:52.420,75 11:14.240,2056, ,2042, ,0, ,N, ,0, , , , , ,350076, , , ,2,0,0,0,0,0,2,0,0,0,0,0,0,0,0,0,0,0,0,0,0,0,0,0,0,0,0,0,0,0,0,0,0,0,0,0,0,39.9479,-75.1873, , 
 ,30571,2015073687,6,67,67301,2015,6,1,245,2,3,2,1,7,4, , ,N,0,0,0,3,1,2,3,1,N,N,39 54:29.699,75 14:30.249,247, ,246, ,0, , ,0,0, , , , , ,350079, , , ,1,0,0,0,0,0,1,0,0,0,0,0,2,2,0,0,0,0,0,0,0,0,0,1,1,0,0,0,0,0,0,0,0,0,0,1,0,39.9082,-75.2417,2, 
 ,30572,2015084307,6,67,67301,2015,1,4,1730,17,1,1,0,1,1, , ,N,0,2,0,3,0,1,2,2,N,N,39 56:45.284,75 14:26.606,0, ,0, ,0, ,N, ,3, , , , , ,350083, , , ,2,0,0,0,0,0,1,0,0,0,0,0,1,1,0,0,0,0,0,0,1,0,0,0,0,0,0,0,0,0,0,0,0,0,0,8,0,39.9459,-75.2407, , 
 ,30573,2015067283,6,67,67301,2015,6,1,1117,11,1,1,0,7,4, , ,N,0,0,2,3,0,0,1,1,N,N,40 01:33.330,75 01:38.875,1129, ,1117, ,0, ,N, ,0, , , , , ,350085, , , ,1,1,0,0,0,0,0,0,0,0,0,0,0,0,0,0,0,0,0,0,0,0,0,0,0,0,0,0,0,0,0,0,0,0,0,0,0,40.0259,-75.0275, , 
 ,30574,2015073689,6,67,67301,2015,6,1,1118,11,1,1,0,4,1, , ,N,1,2,0,3,0,0,2,2,N, ,40 05:40.718,75 00:54.707,1129, ,1119,1,1,1, , ,3,N, , , , ,350091, , , ,2,1,0,0,0,0,1,0,0,0,0,0,0,0,0,0,0,0,0,0,0,0,0,0,0,0,0,0,0,0,0,0,0,0,0,0,0,40.0946,-75.0152, , 
 ,30575,2015075749,6,67,67301,2015,7,6,1216,12,1,1,0,4,1, , ,N,2,2,0,3,0,2,2,2,N,N,39 54:32.812,75 13:58.504,1236, ,1236,9,1,2,N, ,3,N, , , , ,350094, , , ,2,2,0,0,0,0,0,0,0,0,0,0,2,2,0,0,0,0,0,1,0,0,0,0,0,0,0,0,0,0,0,0,0,0,0,8,0,39.9091,-75.2329, , 
 ,30576,2015081118,6,67,67301,2015,7,1,2007,20,4,1,0,8,1, , ,N,0,0,0,3,0,1,2,2,N,N,40 02:37.217,75 07:16.749,2029, ,2017,9,2,3,N, ,0,Y, , , , ,350104, , , ,1,1,0,0,0,0,0,0,0,0,1,0,1,0,0,0,0,0,0,0,0,0,0,0,0,0,0,0,0,0,0,0,1,0,0,3,0,40.0437,-75.1213, , 
 ,30577,2015084014,6,67,67301,2015,8,6,1930,19,4,1,0,7,4, , ,N,0,0,0,3,0,0,1,1,N,N,39 54:08.074,75 09:04.070,1930, ,1930, ,0, ,N, ,0, , , , , ,350109, , , ,1,1,0,0,0,0,0,0,0,0,0,0,0,0,0,0,0,0,0,0,0,0,0,0,0,0,0,0,0,0,0,0,0,0,0,0,0,39.9022,-75.1511, , 
 ,30578,2015093431,6,67,67301,2015,8,7,9999,99,1,1,0,6,1, , ,N,3,0,2,3,0,0,2,2,N,N,40 01:05.053,75 09:55.730,9999, ,1255,2,2,7,N, ,0,Y, , , , ,350116, , , ,2,0,0,1,0,0,0,1,0,0,0,0,0,0,0,0,0,0,0,0,1,0,0,0,0,0,0,0,0,0,0,0,0,0,0,0,1,40.0181,-75.1655, , 
 ,30579,2015066281,6,67,67301,2015,6,3,1820,18,1,1,0,4,1, , ,N,1,2,0,3,0,2,7,2,N, ,40 00:25.933,75 07:24.010,1840, ,1820,2,1,5, , ,3,Y, , , , ,350126, , , ,2,0,0,0,0,0,2,0,0,0,0,0,2,2,0,0,0,0,0,0,1,0,0,0,0,0,0,0,0,0,0,0,0,0,0,8,0,40.0072,-75.1234, , 
 ,30580,2015054380,6,67,67301,2015,5,2,725,7,1,1,0,1,1, , ,N,2,0,0,3,0,1,5,2,N,N,40 01:03.979,75 12:07.747,735, ,730,1,1,2,N, ,0,Y, , , , ,350163, , , ,2,2,0,0,0,0,0,0,0,0,0,1,1,0,0,0,0,0,0,0,1,0,0,0,0,0,0,0,0,0,0,0,0,0,0,4,0,40.0178,-75.2022, , 
 ,30581,2015063019,6,67,67301,2015,6,5,155,1,3,1,0,5,1, , ,N,0,0,0,3,0,0,2,2,N,N,39 56:44.659,75 08:32.263,214, ,156, ,0, ,N, ,0, , , , , ,350168, , , ,2,1,0,0,0,1,0,0,0,0,0,0,0,0,0,0,0,0,0,0,0,0,0,0,0,0,0,0,0,0,0,0,0,0,0,0,1,39.9457,-75.1423, , 
 ,30582,2015073722,6,67,67301,2015,6,5,1200,12,1,1,0,1,1, , ,N,0,0,0,3,0,1,3,2,N,N,39 56:48.328,75 09:46.481,1234, ,1234, ,0, ,N, ,0, , , , , ,350178, , , ,2,2,0,0,0,0,0,0,0,0,0,0,1,1,0,0,0,0,0,0,1,0,0,0,0,0,0,0,0,0,0,0,0,0,0,8,0,39.9468,-75.1629, , 
 ,30583,2015075827,6,67,67301,2015,7,4,1600,16,1,1,0,8,6, , ,N,0,0,0,3,0,1,2,3,N,N,39 56:01.633,75 10:33.020,1645, ,1645, ,0, ,N, ,0, , , , , ,350180, , , ,2,0,0,0,1,0,1,0,0,0,1,0,1,0,0,0,0,0,0,0,0,0,0,0,0,0,0,0,0,0,0,0,1,0,0,3,0,39.9338,-75.1758, , 
 ,30584,2015084874,6,67,67301,2015,8,3,9999,99,1,1,0,8,1, , ,N,0,0,0,3,0,1,2,2,N,N,40 02:45.042,75 10:50.372,1744, ,1741, ,0, ,N, ,0, , , , , ,350194, , , ,1,1,0,0,0,0,0,0,0,0,0,1,1,0,0,0,0,0,0,0,0,0,0,0,0,0,0,0,0,0,0,0,1,0,0,4,0,40.0458,-75.1807, , 
 ,30585,2015091783,6,46,46102,2015,9,2,1618,16,1,1,0,4,1, , ,N,0,0,0,3,0,1,3,2,N,N,40 04:24.054,75 09:24.775,1623, ,1622,1,1,4,N, ,0,N, , , , ,350201, , , ,2,2,0,0,0,0,0,0,0,0,0,0,1,1,0,0,0,0,0,0,1,0,0,0,0,0,0,0,0,0,0,0,0,0,0,8,0,40.0733,-75.1569, , 
 ,30586,2016007647,6,67,67301,2015,12,2,1423,14,1,1,0,1,1, , ,N,1,2,0,3,0,3,4,3,N,N,40 04:57.327,74 57:57.675,1427, ,1424,1,1,4,N, ,3,N, , , , ,352734, , , ,3,1,0,0,1,0,1,0,0,0,0,3,3,0,0,0,0,0,0,0,0,2,0,0,0,0,0,0,0,0,0,0,0,0,0,4,0,40.0826,-74.966, , 
 ,30587,2016050762,6,67,67301,2015,12,4,1700,17,3,1,0,1,1, , ,N,0,2,0,3,0,2,3,2,N,N,40 01:15.390,75 09:45.682,0, ,0, ,0, ,N, ,3, , , , , ,352736, , , ,2,1,0,0,0,0,1,0,0,0,2,0,2,0,0,0,0,0,0,0,0,0,0,2,0,0,0,0,0,0,0,0,0,0,0,3,0,40.0209,-75.1627, , 
 ,30588,2015091141,6,67,67301,2015,8,4,1200,12,1,1,0,3,1, , ,N,0,0,7,3,0,1,2,2,N,N,40 03:48.510,74 59:02.097,2036, ,2034, ,0, ,N, ,0, , , , , ,352737, , , ,2,1,0,0,0,0,1,0,0,0,0,0,1,1,0,0,0,0,0,0,0,0,0,0,0,0,0,0,0,0,0,0,0,0,0,8,0,40.0635,-74.9839, , 
 ,30589,2015065787,6,67,67301,2015,6,7,2306,23,3,1,0,4,1, , ,N,1,3,0,3,0,1,2,2,N,N,40 03:33.019,75 09:30.261,2307, ,2307,9,1,6,N, ,3,Y, , , , ,352749, , , ,2,0,1,0,0,0,1,0,0,0,1,0,1,0,0,0,0,0,0,0,0,0,0,1,0,0,0,0,0,0,0,0,0,0,0,3,0,40.0592,-75.1584, , 
 ,30590,2015066343,6,67,67301,2015,6,3,1406,14,1,2,1,4,1, , ,N,5,2,2,3,0,1,2,2,N,N,39 57:11.151,75 10:54.540,1407, ,1409, ,0, ,N, ,3, , , , , ,352751, , , ,1,1,0,0,0,0,0,0,1,0,1,0,1,0,0,0,0,0,0,0,0,0,0,0,0,0,0,0,0,0,0,0,0,0,0,3,0,39.9531,-75.1819, , 
 ,30591,2015078249,6,67,67301,2015,7,2,722,7,1,1,0,4,1, , ,N,1,2,0,3,0,2,2,2,N,N,40 01:37.801,75 09:04.478,759, ,726, ,0, ,N, ,3, , , , , ,352766, , , ,2,1,0,0,0,0,1,0,0,0,0,0,2,2,0,0,0,0,0,0,0,0,0,0,0,0,0,0,0,0,0,0,0,0,0,8,0,40.0272,-75.1512, , 
 ,30592,2015080659,6,67,67301,2015,7,7,1917,19,1,1,0,8,1, , ,N,0,0,0,3,0,1,2,2,N,N,39 59:20.688,75 09:41.558,1932, ,1925, ,0, ,N, ,0, , , , , ,352771, , , ,1,1,0,0,0,0,0,0,0,0,0,1,1,0,0,0,0,0,0,0,0,0,0,0,0,0,0,0,0,0,0,0,1,0,0,4,0,39.9891,-75.1615, , 
 ,30593,2015092069,6,67,67301,2015,8,5,1900,19,3,1,0,5,1, , ,N,0,0,0,3,0,1,2,2,N,N,39 56:00.863,75 11:16.857,2057, ,2055, ,0, ,N, ,0, , , , , ,352782, , , ,1,1,0,0,0,0,0,0,1,0,0,1,1,0,0,0,0,0,0,0,0,0,0,0,0,0,0,0,0,0,0,0,0,0,0,4,0,39.9336,-75.188, , 
 ,30594,2016007598,6,67,67301,2015,12,5,1243,12,1,2,1,4,1, , ,N,1,3,0,3,0,0,4,2,N,N,40 04:05.455,75 10:26.738,1250, ,1245, ,0, ,N, ,3, , , , , ,352798, , , ,2,2,0,0,0,0,0,0,0,0,0,0,0,0,0,0,0,0,0,0,1,0,0,0,0,0,0,0,0,0,0,0,0,0,0,0,0,40.0682,-75.1741, , 
 ,30595,2015069708,6,67,67301,2015,6,2,1402,14,1,1,0,4,1, , ,N,1,2,0,3,0,1,2,2,N, ,39 56:25.327,75 14:11.791,1430, ,1402, ,0, , , ,3, , , , , ,352813, , , ,2,0,0,0,0,0,1,0,0,0,0,0,1,1,0,0,0,0,0,0,0,0,0,0,0,0,0,0,0,0,0,0,0,0,0,8,0,39.9404,-75.2366, , 
 ,30596,2015069741,6,67,67301,2015,6,6,2256,22,3,1,0,7,4, , ,N,0,0,0,3,0,0,1,1,N,N,40 03:21.917,75 08:24.869,2359, ,2350, ,0, ,N, ,0, , , , , ,352814, , , ,1,1,0,0,0,0,0,0,0,0,0,0,0,0,0,0,0,0,0,0,0,0,0,0,0,0,0,0,0,0,0,0,0,0,0,0,0,40.0561,-75.1402, , 
 ,30597,2015069745,6,67,67301,2015,6,1,1958,19,1,1,0,4,1, , ,N,1,2,0,3,0,3,5,2,N,N,39 59:08.812,75 12:56.169,2000, ,2000,2,1,1, , ,3,Y, , , , ,352815, , , ,2,0,0,0,0,0,1,1,0,0,0,0,3,3,1,0,0,0,0,0,0,0,0,0,0,0,0,0,0,0,0,0,0,0,0,8,0,39.9858,-75.2156, , 
 ,30598,2015095729,6,67,67301,2015,8,2,1326,13,1,1,0,7,4, , ,N,0,0,0,3,0,1,2,2,N, ,39 57:12.477,75 09:38.056,1630, ,1622, ,0, , , ,0, , , , , ,352835, , , ,2,1,0,0,0,0,0,1,0,0,0,0,1,1,1,0,0,0,0,0,0,0,0,0,0,0,0,0,0,0,0,0,0,0,0,8,0,39.9535,-75.1606, , 
 ,30599,2016006042,6,67,67301,2015,12,4,1935,19,2,2,1,8,1, , ,N,1,3,0,3,0,1,2,2,N,N,40 01:30.478,75 04:57.665,2030, ,2020, ,0, , , ,9, , , , , ,352863, , , ,1,0,0,0,1,0,0,0,0,0,0,0,1,1,0,0,0,0,0,0,1,0,0,1,0,0,0,0,0,0,0,0,1,0,0,8,0,40.0251,-75.0827, , 
 ,30600,2015056439,6,67,67301,2015,5,1,257,2,3,1,0,5,6, , ,N,0,0,0,3,0,1,1,2,N, ,39 57:21.384,75 14:30.987,300, ,300, ,0, , , ,0, , , , , ,352870, , , ,2,2,0,0,0,0,0,0,0,0,0,1,1,0,0,0,0,0,0,0,0,0,0,0,0,0,0,0,0,0,0,0,0,0,0,4,0,39.9559,-75.2419, , 
 ,30601,2015103273,6,67,67301,2015,9,7,1345,13,1,1,0,4,1, , ,N,1,2,0,3,0,4,5,2,N,N,40 03:23.118,75 03:12.017,1358, ,1353,1,1,1,N, ,3,Y, , , , ,352884, , , ,2,2,0,0,0,0,0,0,0,0,0,4,4,0,1,0,0,0,0,0,0,0,1,0,0,0,0,0,0,0,0,0,0,0,0,4,0,40.0564,-75.0533, , 
N,30602,2015108891,6,67,67301,2015,10,3,1224,12,1,1,0,1,1,1,4,Y,0,0,0,3,0,4,5,2,N,N,39 58:43.724,75 06:36.050,1239,45,1226,1,1,2,N, ,0,N,Y,N,N,N,352891,N,Y,N,2,1,0,0,0,0,0,1,0,0,0,0,4,4,0,0,0,0,0,0,0,0,0,0,0,0,0,0,0,0,0,0,0,0,0,8,0,39.9788,-75.11, , 
 ,30603,2015099030,6,67,67301,2015,9,1,1209,12,1,1,0,4,1, , ,N,1,2,0,3,0,0,3,3,N,N,40 01:40.946,75 06:36.204,1213, ,1210,1,1,4,N, ,3,N, , , , ,352940, , , ,3,1,0,0,1,0,1,0,0,0,0,0,0,0,0,0,0,0,0,0,0,0,0,0,0,0,0,0,0,0,0,0,0,0,0,0,0,40.028,-75.1101, , 
 ,30604,2015103277,6,67,67301,2015,9,4,430,4,3,1,0,7,4, , ,N,0,0,0,3,0,1,1,1,N,N,40 02:36.509,75 10:51.847,435, ,432,3,2,5,N, ,0,Y, , , , ,358035, , , ,1,1,0,0,0,0,0,0,0,0,0,0,1,1,0,0,0,0,0,0,0,0,0,0,0,0,0,0,0,0,0,0,0,0,0,8,0,40.0435,-75.1811, , 
 ,30605,2016007525,6,67,67301,2015,12,5,913,9,1,2,1,4,1, , ,N,1,2,0,3,0,1,3,2,N,N,39 55:35.885,75 14:08.107,922, ,922, ,0, ,N, ,3, , , , , ,358052, , , ,2,2,0,0,0,0,0,0,0,0,0,1,1,0,0,0,0,0,0,0,0,0,0,0,0,0,0,0,0,0,0,0,0,0,0,4,0,39.9266,-75.2356, , 
 ,30606,2016002634,6,67,67301,2015,12,5,1617,16,1,1,0,8,1, , ,N,1,3,0,3,0,1,2,2,N,N,39 55:59.970,75 10:50.336,1620, ,1617, ,0, , , ,3, , , , , ,358097, , , ,1,0,0,0,0,0,0,0,0,0,0,0,1,1,1,0,0,0,0,0,0,0,0,0,0,0,0,0,0,0,0,0,1,0,0,8,0,39.9333,-75.1806, , 
 ,30607,2016007578,6,67,67301,2015,12,3,9999,99,1,2,1,9,9, , ,N,0,2,0,3,0,1,1,1,N,N,40 00:02.200,75 08:37.300,850, ,847, ,0, ,N, ,3, , , , , ,358098, , , ,1,0,0,0,0,0,1,0,0,0,0,0,1,1,0,0,0,0,0,0,0,0,0,0,0,0,0,0,0,0,0,0,0,0,0,8,0,40.0006,-75.1437, , 
 ,30608,2016014043,6,67,67301,2015,12,2,800,8,1,1,0,4,1, , ,N,0,0,7,3,0,3,3,2,N, ,39 59:48.000,75 09:15.300,830, ,829, ,0, , , ,0, , , , , ,358099, , , ,2,1,0,0,0,0,0,1,0,0,0,0,3,3,0,0,0,0,0,0,0,0,0,0,0,0,0,0,0,0,0,0,0,0,0,8,0,39.9967,-75.1543, , 
 ,30609,2015099056,6,67,67301,2015,9,5,1405,14,1,2,1,4,1, , ,N,1,2,0,3,0,3,3,4,N,N,39 57:41.520,75 13:28.357,9999, ,1411, ,0, , , ,3, , , , , ,358125, , , ,4,3,0,0,0,0,1,0,0,0,0,3,3,0,0,0,0,0,0,0,0,0,0,0,0,0,0,0,0,0,0,0,0,0,0,4,0,39.9615,-75.2245, , 
 ,30610,2016004265,6,67,67301,2015,12,3,1105,11,1,1,0,7,1, , ,N,0,0,0,3,0,0,1,1,N,N,39 57:57.022,75 08:12.434,1118, ,1105, ,0, ,N, ,0, , , , , ,358133, , , ,1,0,0,0,0,0,1,0,0,0,0,0,0,0,0,0,0,0,0,0,0,1,0,0,0,0,0,0,0,0,0,0,0,0,0,0,0,39.9658,-75.1368, , 
 ,30611,2015061021,6,67,67301,2015,5,4,1459,14,1,1,0,5,1, , ,N,0,0,0,3,0,1,4,4,N,N,40 01:21.909,75 03:20.439,1502, ,1459,3,1,3,N, ,0,N, , , , ,358140, , , ,3,2,0,0,0,0,0,1,0,0,1,0,1,0,0,0,0,0,0,0,0,0,0,0,0,0,0,0,0,0,0,0,1,0,0,3,0,40.0228,-75.0557, , 
 ,30612,2015075745,6,67,67301,2015,7,3,1700,17,1,1,0,4,1, , ,N,1,2,0,3,0,1,3,2,N,N,40 00:00.478,75 07:43.960,2306, ,2306, ,0, , , ,3, , , , , ,358150, , , ,2,1,0,0,0,0,0,1,0,0,0,1,1,0,2,0,0,0,0,0,0,1,0,0,0,0,0,0,0,0,0,0,0,0,0,4,0,40.0001,-75.1289, , 
 ,30613,2015087891,6,67,67301,2015,6,5,1445,14,1,1,0,1,1, , ,N,1,2,0,3,0,1,2,2,N,N,40 06:50.926,74 59:15.880,0, ,0, ,0, ,N, ,3, , , , , ,358158, , , ,2,1,0,0,0,0,0,0,0,0,0,0,1,1,0,0,0,0,0,0,1,0,0,0,0,0,0,0,0,0,0,0,0,0,0,8,0,40.1141,-74.9877, , 
 ,30614,2015129961,6,67,67301,2015,11,7,1145,11,1,2,1,4,1, , ,N,2,0,2,3,0,5,7,2,N,N,40 00:23.754,75 04:05.666,1204, ,1155,1,1,3,N, ,0,N, , , , ,358182, , , ,2,1,0,0,0,0,1,0,0,0,0,0,5,5,0,0,0,0,0,0,0,0,0,0,0,0,0,0,0,0,0,0,0,0,0,8,0,40.0066,-75.0682, , 
 ,30615,2015131406,6,67,67301,2015,12,3,910,9,1,2,1,1,1, , ,N,0,0,0,3,0,2,3,3,N,N,39 57:03.706,75 10:58.264,930, ,920,2,2,4,N, ,0,N, , , , ,358184, , , ,3,2,0,0,0,0,1,0,0,0,0,0,2,2,0,0,0,0,0,0,0,0,0,0,0,0,0,0,0,0,0,0,0,0,0,8,0,39.951,-75.1829, , 
 ,30616,2015135947,6,67,67301,2015,12,6,1849,18,3,1,0,1,1, , ,N,0,0,0,3,0,1,2,2,N,N,40 04:09.682,75 14:26.111,1854, ,1851, ,0, ,N, ,0, , , , , ,358203, , , ,2,1,0,0,0,0,1,0,0,0,0,0,1,1,0,0,0,0,0,0,0,0,0,1,0,0,0,0,0,0,0,0,0,0,0,8,0,40.0694,-75.2406, , 
 ,30617,2016001032,6,67,67301,2015,12,6,1604,16,1,1,0,4,1, , ,N,1,2,0,3,0,0,2,2,N,N,40 00:31.034,75 04:07.810,1626, ,1613, ,0, ,N, ,3, , , , , ,358204, , , ,2,2,0,0,0,0,0,0,0,0,0,0,0,0,0,0,0,0,0,0,0,1,0,0,0,0,0,0,0,0,0,0,0,0,0,0,0,40.0086,-75.0688, , 
 ,30618,2015063841,6,67,67301,2015,5,2,930,9,1,1,0,4,1, , ,N,0,0,7,3,0,1,2,4,N, ,39 59:57.108,75 12:28.364,1000, ,945, ,0, , , ,0, , , , , ,358208, , , ,4,2,0,0,0,0,2,0,0,0,0,1,1,0,0,0,0,0,0,0,0,0,0,1,0,0,0,0,0,0,0,0,0,0,0,4,0,39.9992,-75.2079, , 
 ,30619,2015067271,6,67,67301,2015,6,2,2330,23,3,1,0,7,1, , ,N,0,0,0,3,0,0,1,1,N,N,39 57:47.997,75 11:02.437,7, ,7, ,0, ,N, ,0, , , , , ,358211, , , ,1,0,0,0,0,0,1,0,0,0,0,0,0,0,0,0,0,0,0,0,0,0,0,0,0,0,0,0,0,0,0,0,0,0,0,0,0,39.9633,-75.184, , 
 ,30620,2015072882,6,67,67301,2015,6,3,1545,15,1,1,1,5,6, , ,N,0,0,0,3,0,0,1,3,N,N,40 03:02.572,75 03:55.079,1620, ,1607,2,2,3, , ,0,Y, , , , ,358215, , , ,3,2,0,0,0,0,1,0,0,0,0,0,0,0,0,0,0,0,0,0,1,0,0,0,0,0,0,0,0,0,0,0,0,0,0,0,0,40.0507,-75.0653, , 
U,30621,2015083373,6,67,67301,2015,7,3,905,9,1,1,0,4,1,8,8,Y,2,2,0,3,0,3,5,4,N,N,39 56:39.097,75 08:31.893,914,99,909, ,0, ,N, ,3, ,U,U,U,U,358222,U,U,U,4,0,0,0,1,1,2,0,0,0,0,0,3,3,2,0,0,0,0,0,2,0,0,0,0,0,0,0,0,0,0,0,0,0,0,8,1,39.9442,-75.142, , 
 ,30622,2015065448,6,67,67301,2015,5,3,815,8,1,1,0,4,1, , ,N,5,2,2,3,0,1,2,2,N,N,39 57:25.881,75 08:31.297,820, ,819,3,2,2,N, ,3,Y, , , , ,355730, , , ,2,1,0,0,0,1,0,0,0,0,0,1,1,0,0,0,0,0,0,0,0,0,0,0,0,0,0,0,0,0,0,0,0,0,0,4,1,39.9567,-75.1423, , 
 ,30623,2015069710,6,67,67301,2015,6,6,2201,22,3,1,0,4,1, , ,N,2,0,0,3,0,2,4,2,N,N,40 01:09.587,75 09:37.177,2205, ,2203, ,0, ,N, ,0, , , , , ,355733, , , ,2,2,0,0,0,0,0,0,0,0,2,0,2,0,2,0,0,0,0,0,0,0,0,1,0,0,0,0,0,0,0,0,0,0,0,3,0,40.0193,-75.1603, , 
 ,30624,2015069719,6,67,67301,2015,6,7,220,2,3,1,0,4,1, , ,N,1,2,0,3,0,2,6,2,N,N,40 01:25.598,75 07:59.864,240, ,230, ,0, ,N, ,3, , , , , ,355734, , , ,2,2,0,0,0,0,0,0,0,0,0,0,2,2,0,0,0,0,0,0,0,0,0,0,0,0,0,0,0,0,0,0,0,0,0,8,0,40.0235,-75.1334, , 
 ,30625,2015070125,6,67,67301,2015,6,5,1318,13,1,2,1,4,1, , ,N,1,3,0,3,0,1,2,2,N, ,40 00:37.740,75 09:38.779,1318, ,1318, ,0, , , ,3, , , , , ,355735, , , ,2,1,0,0,0,0,1,0,0,0,0,0,1,1,0,0,0,0,0,0,0,1,0,0,0,0,0,0,0,0,0,0,0,0,0,8,0,40.0105,-75.1608, , 
 ,30626,2015070682,6,67,67301,2015,4,3,2054,20,3,1,0,4,1, , ,N,1,3,0,3,0,4,4,3,N,Y,40 02:58.452,75 09:19.846,2058, ,2054, ,0, ,N, ,3, , , , , ,355736, , , ,3,2,0,0,0,0,0,0,0,0,0,1,4,3,0,0,0,0,0,0,0,0,0,0,0,0,0,0,0,0,0,0,0,0,0,4,0,40.0496,-75.1555, , 
 ,30627,2015091168,6,67,67301,2015,8,5,618,6,1,1,0,4,1, , ,N,1,2,0,3,0,3,3,2,N,N,40 01:58.442,75 06:24.270,629, ,618, ,0, , , ,3, , , , , ,355750, , , ,2,2,0,0,0,0,0,0,0,0,0,0,3,3,0,0,0,0,0,0,1,0,0,0,0,0,0,0,0,0,0,0,0,0,0,8,0,40.0329,-75.1067, , 
 ,30628,2016000943,6,67,67301,2015,12,1,205,2,3,1,0,8,1, , ,N,1,2,0,3,0,1,2,2,N, ,39 56:54.247,75 09:58.366,218, ,208, ,0, , , ,3, , , , , ,355771, , , ,1,1,0,0,0,0,0,0,0,0,1,0,1,0,0,0,0,0,0,0,1,0,0,0,0,0,0,0,0,0,0,0,1,0,0,3,0,39.9484,-75.1662, , 
 ,30629,2015109288,6,67,67301,2015,10,7,13,0,3,2,1,7,4, , ,N,1,2,0,3,0,2,2,1,N, ,40 01:31.355,75 04:23.942,25, ,19, ,0, , , ,3, , , , , ,355776, , , ,1,1,0,0,0,0,0,0,0,1,0,0,2,1,0,0,0,0,0,0,0,0,0,0,0,0,0,0,0,0,0,0,0,0,0,2,0,40.0254,-75.0733, , 
 ,30630,2016000995,6,67,67301,2015,12,2,1215,12,1,1,0,4,1, , ,N,1,3,0,3,0,0,4,2,N,N,39 58:41.556,75 09:55.328,1220, ,1216,2,1,4,N, ,3,Y, , , , ,355819, , , ,2,0,0,0,0,1,1,0,0,0,0,0,0,0,0,0,0,0,0,0,0,0,0,0,0,0,0,0,0,0,0,0,0,0,0,0,0,39.9782,-75.1654, , 
 ,30631,2015083979,6,67,67301,2015,7,6,1553,15,1,1,0,1,1, , ,N,0,0,0,3,0,2,3,2,N,N,39 56:08.527,75 11:59.277,1608, ,1558,1,1,3,N, ,0,N, , , , ,355835, , , ,2,2,0,0,0,0,0,0,0,0,0,0,2,2,0,0,0,0,0,0,1,0,0,0,0,0,0,0,0,0,0,0,0,0,0,8,0,39.9357,-75.1998, , 
 ,30632,2015086254,6,67,67301,2015,7,6,1609,16,1,1,0,4,1, , ,N,1,0,0,3,0,1,6,2,N,N,39 58:39.133,75 13:58.547,1612, ,1609, ,0, ,N, ,0, , , , , ,355838, , , ,1,1,0,0,0,0,0,0,1,0,0,0,1,1,5,0,0,0,0,0,0,0,0,0,0,0,0,0,0,0,0,0,0,0,0,8,0,39.9775,-75.2329, , 
 ,30633,2015087913,6,67,67301,2015,8,1,339,3,3,1,0,7,4, , ,N,0,0,0,3,1,0,4,1,N, ,39 56:33.600,75 08:57.300,349, ,338,4,2,4, ,0,0,Y, , , , ,355840, , , ,1,0,0,0,0,0,1,0,0,0,0,0,0,0,0,0,0,0,0,0,0,0,0,1,1,0,0,0,0,0,0,0,0,0,0,1,0,39.9427,-75.1493,2, 