wz_ln_closure,objectid_1,crn,district,county,municipality,crash_year,crash_month,day_of_week,time_of_day,hour_of_day,illumination,weather,road_condition,collision_type,relation_to_road,work_zone_type,work_zone_loc,work_zone_ind,intersect_type,tcd_type,location_type,urban_rural,fatal_count,injury_count,person_count,total_units,sch_bus_ind,sch_zone_ind,latitude,longitude,arrival_tm,cons_zone_spd_lim,dispatch_tm,est_hrs_closed,lane_closed,ln_close_dir,ntfy_hiwy_maint,spec_juris_cd,tcd_func_cd,tfc_detour_ind,workers_pres,wz_close_detour,wz_flagger,wz_law_offcr_ind,objectid,wz_moving,wz_other,wz_shlder_mdn,vehicle_count,automobile_count,motorcycle_count,bus_count,small_truck_count,heavy_truck_count,suv_count,van_count,bicycle_count,maj_inj_count,mod_inj_count,min_inj_count,tot_inj_count,unk_inj_deg_count,unk_inj_per_count,driver_count_16yr,driver_count_17yr,driver_count_18yr,driver_count_19yr,driver_count_20yr,driver_count_50_64yr,driver_count_65_74yr,driver_count_75plus,unbelted_occ_count,unb_death_count,unb_maj_inj_count,belted_death_count,belted_maj_inj_count,mcycle_death_count,mcycle_maj_inj_count,bicycle_death_count,bicycle_maj_inj_count,ped_count,ped_death_count,ped_maj_inj_count,max_severity_level,comm_veh_count,dec_lat,dec_long,rdwy_surf_type_cd,county_name
 ,30634,2015095730,6,67,67301,2015,8,1,1230,12,1,1,0,4,1, , ,N,1,3,0,3,0,1,2,2,N,N,40 02:53.185,75 08:51.626,1330, ,1330, ,0, , , ,3, , , , , ,355846, , , ,1,1,0,0,0,0,0,0,1,0,0,1,1,0,1,0,0,0,0,0,0,0,0,0,0,0,0,0,0,0,0,0,0,0,0,4,0,40.0481,-75.1477, , 
 ,30635,2016004271,6,67,67301,2015,12,1,1915,19,3,2,1,1,1, , ,N,0,0,0,3,0,2,7,4,N,N,39 57:30.348,75 10:01.945,1927, ,1916,1,1,3,N, ,0,N, , , , ,355870, , , ,4,1,0,0,0,0,3,0,0,0,0,0,2,2,0,0,0,0,0,0,1,0,0,0,0,0,0,0,0,0,0,0,0,0,0,8,0,39.9584,-75.1672, , 
 ,30636,2016008162,6,67,67301,2015,12,5,1644,16,1,1,0,4,1, , ,N,0,0,0,3,0,3,5,2,N,N,40 02:04.742,75 04:24.535,1646, ,1645, ,0, ,N, ,0, , , , , ,355871, , , ,2,2,0,0,0,0,0,0,0,0,0,0,3,3,0,0,0,0,0,0,1,0,0,0,0,0,0,0,0,0,0,0,0,0,0,8,0,40.0347,-75.0735, , 
 ,30637,2015130136,6,67,67301,2015,11,4,1145,11,1,1,0,1,1, , ,N,0,0,0,3,0,2,3,4,N, ,40 02:40.215,75 07:10.991,1148, ,1146,2,1,6, , ,0,Y, , , , ,355886, , , ,4,2,0,0,0,0,1,1,0,0,0,0,2,2,0,0,0,0,0,1,1,0,0,1,0,0,0,0,0,0,0,0,0,0,0,8,0,40.0445,-75.1197, , 
 ,30638,2016002414,6,67,67301,2015,12,4,550,5,3,2,1,8,1, , ,N,1,2,0,3,0,1,2,2,N,N,39 56:51.762,75 09:03.936,620, ,605, ,0, ,N, ,3, , , , , ,355896, , , ,1,1,0,0,0,0,0,0,0,0,0,1,1,0,0,0,0,0,0,0,0,0,0,0,0,0,0,0,0,0,0,0,1,0,0,4,0,39.9477,-75.1511, , 
 ,30639,2016007659,6,67,67301,2015,12,7,2152,21,3,2,1,4,1, , ,N,1,2,0,3,0,1,5,2,N, ,40 02:03.403,75 04:28.523,2158, ,2154, ,0, , , ,3, , , , , ,355898, , , ,2,0,1,0,0,0,1,0,0,0,1,0,1,0,0,0,0,0,0,0,1,0,0,0,0,0,0,0,0,0,0,0,0,0,0,3,0,40.0343,-75.0746, , 
 ,30640,2015103271,6,67,67301,2015,9,6,110,1,3,1,0,1,6, , ,N,0,0,0,3,0,1,1,3,N,N,40 02:33.590,75 10:39.277,117, ,114, ,0, ,N, ,0, , , , , ,350214, , , ,2,0,0,0,0,0,2,0,0,0,0,1,1,0,0,0,0,0,0,0,1,0,0,0,0,0,0,0,0,0,0,0,0,0,0,4,0,40.0427,-75.1776, , 
 ,30641,2015083626,6,67,67301,2015,7,5,832,8,1,1,0,1,1, , ,N,7,3,0,3,0,1,2,2,N,N,40 00:31.674,75 12:17.709,840, ,833, ,0, ,N, ,3, , , , , ,350250, , , ,2,2,0,0,0,0,0,0,0,0,0,1,1,0,0,0,0,0,0,0,0,0,0,0,0,0,0,0,0,0,0,0,0,0,0,4,0,40.0088,-75.2049, , 
 ,30642,2015095238,6,67,67301,2015,9,6,414,4,3,1,0,7,4, , ,N,1,0,0,3,0,1,1,1,N,N,39 54:14.563,75 14:24.409,428, ,428,1,2,3,N, ,0,Y, , , , ,350260, , , ,1,1,0,0,0,0,0,0,0,0,0,0,1,1,0,0,0,0,0,0,0,0,0,0,0,0,0,0,0,0,0,0,0,0,0,8,0,39.904,-75.2401, , 
 ,30643,2015103286,6,67,67301,2015,9,3,1730,17,1,1,0,4,1, , ,N,0,0,7,3,0,1,2,2,N, ,40 02:31.679,75 01:34.052,1731, ,1731, ,0, , , ,0, , , , , ,350266, , , ,2,2,0,0,0,0,0,0,0,0,0,1,1,0,0,0,0,0,0,0,0,0,0,1,0,0,0,0,0,0,0,0,0,0,0,4,0,40.0421,-75.0261, , 
 ,30644,2015103468,6,67,67301,2015,9,4,1713,17,1,1,0,8,1, , ,N,0,0,0,3,0,1,2,2,N,N,39 55:45.634,75 10:49.386,1716, ,1714, ,0, ,N, ,0, , , , , ,350267, , , ,1,1,0,0,0,0,0,0,0,0,0,1,1,0,0,0,0,0,0,0,0,0,0,0,0,0,0,0,0,0,0,0,1,0,0,4,0,39.9293,-75.1804, , 
 ,30645,2015112257,6,67,67301,2015,10,6,831,8,1,1,0,1,1, , ,N,0,0,0,3,0,3,5,5,N,N,39 57:04.238,75 10:57.958,858, ,831,1,1,4,N, ,0,N, , , , ,350273, , , ,5,4,0,0,0,0,1,0,0,0,0,3,3,0,0,0,0,0,0,0,0,0,1,0,0,0,0,0,0,0,0,0,0,0,0,4,0,39.9512,-75.1828, , 
 ,30646,2015085346,6,67,67301,2015,8,4,905,9,1,1,0,4,1, , ,N,2,1,0,3,0,2,2,2,N,N,39 54:26.330,75 08:19.784,914, ,909,1,1,2,N, ,3,N, , , , ,350281, , , ,2,0,0,1,0,1,0,0,0,0,0,2,2,0,0,0,0,0,0,0,1,0,0,0,0,0,0,0,0,0,0,0,0,0,0,4,2,39.9073,-75.1388, , 
 ,30647,2015066232,6,67,67301,2015,6,5,740,7,1,1,0,8,1, , ,N,0,0,0,3,0,1,2,2,N,Y,39 59:31.523,75 06:43.446,955, ,950, ,0, , , ,0, , , , , ,350300, , , ,1,0,0,0,0,0,1,0,0,0,1,0,1,0,1,0,0,0,0,0,0,0,0,0,0,0,0,0,0,0,0,0,1,0,0,3,0,39.9921,-75.1121, , 
 ,30648,2015077847,6,67,67301,2015,7,5,840,8,1,1,0,5,1, , ,N,0,0,0,3,0,2,10,2,Y,N,40 01:44.168,75 06:04.442,920, ,900, ,0, ,N, ,0, , , , , ,350309, , , ,2,0,0,1,0,0,1,0,0,0,0,0,2,2,0,0,0,0,0,0,1,0,0,3,0,0,0,0,0,0,0,0,0,0,0,8,1,40.0289,-75.1012, , 
 ,30649,2015086212,6,67,67301,2015,8,3,1042,10,1,1,0,1,1, , ,N,1,2,0,3,0,1,2,2,N,N,40 01:47.170,75 06:16.717,1100, ,1055, ,0, , , ,3, , , , , ,350319, , , ,2,2,0,0,0,0,0,0,0,0,0,1,1,0,0,0,0,0,0,0,0,0,0,2,0,0,0,0,0,0,0,0,0,0,0,4,0,40.0298,-75.1043, , 
 ,30650,2015088789,6,67,67301,2015,8,2,1734,17,1,1,0,1,1, , ,N,0,0,0,3,0,1,1,2,N, ,40 01:44.310,75 05:02.479,1920, ,1909, ,0, , , ,0, , , , , ,350324, , , ,2,2,0,0,0,0,0,0,0,0,0,1,1,0,0,0,0,0,0,0,0,0,0,0,0,0,0,0,0,0,0,0,0,0,0,4,0,40.029,-75.084, , 
 ,30651,2015113193,6,67,67301,2015,10,2,1535,15,1,1,0,5,1, , ,N,0,0,1,3,0,0,3,2,N, ,39 55:38.504,75 11:15.452,1539, ,1539, ,0, , , ,0, , , , , ,350342, , , ,2,1,0,0,0,0,0,1,0,0,0,0,0,0,0,0,0,0,0,0,0,1,0,0,0,0,0,0,0,0,0,0,0,0,0,0,0,39.9274,-75.1876, , 
 ,30652,2015054356,6,67,67301,2015,5,4,409,4,3,1,0,5,6, , ,N,0,0,0,3,0,1,1,5,N, ,39 58:37.772,75 13:54.912,412, ,411,2,1,2,N, ,0,N, , , , ,350354, , , ,5,1,0,1,0,0,3,0,0,0,0,1,1,0,0,0,0,0,0,0,0,0,0,0,0,0,0,0,0,0,0,0,0,0,0,4,1,39.9772,-75.2319, , 
 ,30653,2015066167,6,67,67301,2015,6,1,1530,15,1,1,0,4,1, , ,N,1,2,0,3,0,1,2,2,N,N,39 57:44.409,75 09:40.847,1545, ,1539,2,1,2,N, ,2,Y, , , , ,350361, , , ,2,0,1,0,0,0,0,1,0,0,0,0,1,1,0,0,0,0,0,0,0,0,0,0,0,0,0,0,0,0,0,0,0,0,0,8,0,39.9623,-75.1613, , 
 ,30654,2015072863,6,67,67301,2015,6,3,800,8,1,1,0,6,1, , ,N,3,0,0,3,0,1,2,2,N,N,39 56:56.960,75 12:43.479,838, ,838, ,0, ,N, ,0, , , , , ,350370, , , ,1,0,0,0,1,0,0,0,1,0,0,1,1,0,0,0,0,0,0,0,0,0,0,1,0,0,0,0,0,0,0,0,0,0,0,4,0,39.9492,-75.2121, , 
 ,30655,2015075788,6,67,67301,2015,7,2,1604,16,1,1,0,1,1, , ,N,2,3,0,3,0,1,4,2,N, ,39 55:07.028,75 08:37.895,1608, ,1606,9,1,2, , ,3,N, , , , ,350375, , , ,2,1,0,0,0,0,0,1,0,0,0,1,1,0,0,0,0,0,0,0,0,0,0,0,0,0,0,0,0,0,0,0,0,0,0,4,0,39.9186,-75.1439, , 
 ,30656,2015114603,6,67,67301,2015,10,3,1530,15,1,1,0,5,1, , ,N,0,0,0,3,0,0,3,2,N,N,39 57:47.115,75 08:27.321,1635, ,1630,2,1,2,N, ,0,N, , , , ,350415, , , ,2,2,0,0,0,0,0,0,0,0,0,0,0,0,0,0,0,0,0,0,0,1,0,0,0,0,0,0,0,0,0,0,0,0,0,0,0,39.9631,-75.1409, , 
 ,30657,2015072901,6,67,67301,2015,6,1,1305,13,1,1,0,1,1, , ,N,0,0,0,3,0,1,4,3,N,N,40 00:39.663,75 03:43.229,1318, ,1305,1,1,2,N, ,0,N, , , , ,350422, , , ,3,2,0,0,0,0,1,0,0,0,0,1,1,0,0,0,0,0,0,0,0,0,0,0,0,0,0,0,0,0,0,0,0,0,0,4,0,40.011,-75.062, , 
 ,30658,2015099634,6,67,67301,2015,9,2,1600,16,1,1,0,8,1, , ,N,1,2,0,3,0,1,2,2,N,N,39 59:10.572,75 09:22.129,2132, ,2130, ,0, ,N, ,3, , , , , ,352941, , , ,1,1,0,0,0,0,0,0,0,0,0,1,1,0,0,0,0,0,0,0,0,0,0,0,0,0,0,0,0,0,0,0,1,0,0,4,0,39.9863,-75.1561, , 
 ,30659,2015101976,6,67,67301,2015,9,6,1025,10,1,1,0,4,1, , ,N,1,0,0,3,0,1,3,2,N,N,39 57:31.392,75 09:44.125,1035, ,1049,1,1,1,N, ,0,Y, , , , ,352945, , , ,2,2,0,0,0,0,0,0,0,0,0,1,1,0,0,0,0,0,0,0,0,0,0,0,0,0,0,0,0,0,0,0,0,0,0,4,0,39.9587,-75.1621, , 
 ,30660,2015061905,6,67,67301,2015,5,5,2145,21,3,1,0,4,1, , ,N,1,2,0,3,0,1,2,2,N,N,40 01:30.578,75 03:45.748,2149, ,2147,9,1,7,N, ,3,N, , , , ,352964, , , ,2,2,0,0,0,0,0,0,0,0,0,1,1,0,0,0,0,0,0,0,1,0,0,0,0,0,0,0,0,0,0,0,0,0,0,4,0,40.0252,-75.0627, , 
 ,30661,2015064333,6,67,67301,2015,5,7,1248,12,1,1,0,4,1, , ,N,1,3,0,3,0,1,3,2,N,N,39 56:06.857,75 13:35.143,1505, ,1501, ,0, ,N, ,3, , , , , ,352968, , , ,2,0,0,0,1,0,1,0,0,0,0,0,1,1,0,0,0,0,0,0,0,1,0,0,0,0,0,0,0,0,0,0,0,0,0,8,0,39.9352,-75.2264, , 
 ,30662,2015069733,6,67,67301,2015,6,7,230,2,3,1,0,7,4, , ,N,0,0,0,3,0,0,2,1,N,N,40 06:53.186,74 59:14.955,235, ,230,2,1,2,N, ,0,N, , , , ,352972, , , ,1,1,0,0,0,0,0,0,0,0,0,0,0,0,0,0,0,0,0,0,0,0,0,0,0,0,0,0,0,0,0,0,0,0,0,0,0,40.1148,-74.9875, , 
 ,30663,2015073658,6,67,67301,2015,6,3,1010,10,1,1,0,4,1, , ,N,1,2,0,3,0,0,3,2,N,N,40 01:53.934,75 12:27.524,1046, ,1041, ,0, ,N, ,3, , , , , ,352974, , , ,2,2,0,0,0,0,0,0,0,0,0,0,0,0,0,0,0,0,0,0,1,0,0,0,0,0,0,0,0,0,0,0,0,0,0,0,0,40.0316,-75.2076, , 
 ,30664,2015075668,6,67,67301,2015,7,1,900,9,1,1,0,6,6, , ,N,0,0,0,3,0,1,1,2,N,N,40 02:43.644,75 04:26.625,909, ,906, ,0, ,N, ,0, , , , , ,352976, , , ,2,2,0,0,0,0,0,0,0,0,0,0,1,1,0,0,0,0,0,0,1,0,0,0,0,0,0,0,0,0,0,0,0,0,0,8,0,40.0455,-75.0741, , 
 ,30665,2015129965,6,67,67301,2015,10,6,43,0,3,1,0,3,1, , ,N,0,0,0,3,0,1,2,2,N,N,39 57:21.383,75 12:16.987,43, ,43, ,0, ,N, ,0, , , , , ,352982, , , ,2,1,1,0,0,0,0,0,0,0,0,1,1,0,0,0,0,0,0,0,1,0,0,0,0,0,0,0,0,0,0,0,0,0,0,4,0,39.9559,-75.2047, , 
 ,30666,2015082070,6,67,67301,2015,8,2,2330,23,3,2,1,7,1, , ,N,0,0,8,3,0,0,1,1,N,N,39 57:19.973,75 08:53.450,2330, ,2330, ,0, ,N, ,0, , , , , ,353000, , , ,1,1,0,0,0,0,0,0,0,0,0,0,0,0,0,0,0,1,0,0,0,0,0,0,0,0,0,0,0,0,0,0,0,0,0,0,0,39.9555,-75.1482, , 
 ,30667,2015086233,6,67,67301,2015,8,4,1445,14,1,1,0,4,1, , ,N,1,2,0,3,0,0,2,2,N,N,39 59:08.465,75 14:51.083,1530, ,1425, ,0, ,N, ,3, , , , , ,353002, , , ,2,1,0,0,0,0,1,0,0,0,0,0,0,0,0,0,0,0,0,0,1,0,0,0,0,0,0,0,0,0,0,0,0,0,0,0,0,39.9857,-75.2475, , 
 ,30668,2015051441,6,67,67301,2015,4,6,212,2,3,2,1,5,1, , ,N,0,0,0,3,0,1,2,2,N,N,39 57:16.858,75 11:40.370,232, ,232, ,0, ,N, ,0, , , , , ,353030, , , ,1,1,0,0,0,0,0,0,1,0,0,1,1,0,0,0,0,0,0,0,0,0,0,0,0,0,0,0,0,0,0,0,0,0,0,4,0,39.9547,-75.1945, , 
 ,30669,2015075683,6,67,67301,2015,7,4,1030,10,1,1,0,4,1, , ,N,1,2,0,3,0,2,4,2,N,N,39 59:05.017,75 08:38.576,1036, ,1034, ,0, , , ,3, , , , , ,353044, , , ,2,1,0,0,0,0,1,0,0,0,0,1,2,1,0,0,0,0,0,0,0,0,0,0,0,0,0,0,0,0,0,0,0,0,0,4,0,39.9847,-75.144, , 
 ,30670,2015078239,6,67,67301,2015,7,2,840,8,1,1,0,4,1, , ,N,1,2,0,3,0,1,3,2,N, ,40 01:53.934,75 12:27.524,855, ,845, ,0, , , ,3, , , , , ,353045, , , ,2,2,0,0,0,0,0,0,0,0,1,0,1,0,0,0,0,0,0,0,1,0,0,0,0,0,0,0,0,0,0,0,0,0,0,3,0,40.0316,-75.2076, , 
 ,30671,2015091052,6,67,67301,2015,8,7,2337,23,3,1,0,7,3, , ,N,0,0,0,3,1,0,1,1,N, ,40 02:12.895,75 12:35.546,2348, ,2343, ,0, , ,0,0, , , , , ,353056, , , ,1,0,0,0,1,0,0,0,0,0,0,0,0,0,0,0,0,0,0,0,0,0,0,0,0,0,0,0,0,0,0,0,0,0,0,1,0,40.0369,-75.2099,2, 
 ,30672,2015091160,6,67,67301,2015,8,7,1048,10,1,1,0,5,6, , ,N,0,0,0,3,0,1,1,2,N,N,40 00:59.550,75 04:01.221,1052, ,1050,3,1,2,N, ,0,Y, , , , ,353057, , , ,2,1,1,0,0,0,0,0,0,0,1,0,1,0,0,0,0,0,0,0,0,0,0,0,0,0,0,0,0,0,0,0,0,0,0,3,0,40.0165,-75.067, , 
 ,30673,2015092566,6,67,67301,2015,9,4,1240,12,1,1,0,5,1, , ,N,0,0,0,3,0,2,3,2,N,N,39 54:11.332,75 14:24.023,1312, ,1250,1,2,4,N, ,0,N, , , , ,353060, , , ,2,1,0,0,0,0,1,0,0,0,0,2,2,0,0,0,0,0,0,0,0,0,0,0,0,0,0,0,0,0,0,0,0,0,0,4,0,39.9031,-75.24, , 
 ,30674,2015106399,6,67,67301,2015,9,3,2229,22,3,2,1,4,1, , ,N,2,3,0,3,0,1,2,2,N,N,40 00:11.825,75 03:56.360,2239, ,2235, ,0, ,N, ,3, , , , , ,353069, , , ,2,2,0,0,0,0,0,0,0,0,0,0,1,1,0,0,0,1,0,0,0,0,0,0,0,0,0,0,0,0,0,0,0,0,0,8,0,40.0033,-75.0657, , 
 ,30675,2015047549,6,67,67301,2015,4,5,100,1,3,1,0,4,1, , ,N,1,2,0,3,0,0,2,2,N,N,39 58:25.273,75 13:10.244,115, ,109,1,1,4,N, ,3,Y, , , , ,353073, , , ,2,1,0,0,0,0,1,0,0,0,0,0,0,0,0,0,0,0,0,0,0,0,0,0,0,0,0,0,0,0,0,0,0,0,0,0,0,39.9737,-75.2195, , 
 ,30676,2015091084,6,67,67301,2015,8,2,1332,13,1,1,0,4,1, , ,N,2,3,0,3,0,1,2,2,N, ,39 58:20.512,75 09:33.019,1336, ,1332, ,0, , , ,3, , , , , ,353089, , , ,1,1,0,0,0,0,0,0,1,0,0,1,1,0,0,0,0,0,0,0,0,0,0,0,0,0,0,0,0,0,0,0,0,0,0,4,0,39.9724,-75.1592, , 
 ,30677,2015086154,6,67,67301,2015,3,6,1300,13,1,1,0,1,1, , ,N,1,2,0,3,0,1,2,2,N,N,40 03:06.267,75 09:10.785,0, ,0, ,0, ,N, ,3, , , , , ,358223, , , ,2,1,0,0,0,0,0,0,0,0,0,0,1,1,0,0,0,0,0,0,1,0,0,0,0,0,0,0,0,0,0,0,0,0,0,8,0,40.0517,-75.153, , 
 ,30678,2015086234,6,67,67301,2015,8,1,1440,14,1,1,1,1,6, , ,N,0,0,0,3,0,4,4,2,N, ,40 02:50.321,75 13:04.278,1500, ,1445,9,2,2, , ,0,Y, , , , ,358224, , , ,2,1,0,0,1,0,0,0,0,0,0,0,4,4,0,0,0,0,0,0,1,0,0,0,0,0,0,0,0,0,0,0,0,0,0,8,0,40.0473,-75.2179, , 
 ,30679,2015135922,6,67,67301,2015,12,7,1050,10,1,1,0,4,1, , ,N,1,2,0,3,0,1,3,2,N, ,40 00:38.808,75 07:35.921,1058, ,1054, ,0, , , ,3, , , , , ,358240, , , ,2,2,0,0,0,0,0,0,0,0,0,0,1,1,0,0,0,0,0,0,1,0,0,2,0,0,0,0,0,0,0,0,0,0,0,8,0,40.0108,-75.1266, , 
 ,30680,2016002187,6,67,67301,2015,12,2,1804,18,3,2,1,1,1, , ,N,7,0,2,3,0,0,4,2,N,N,40 00:12.647,75 04:38.645,1804, ,1804, ,0, ,N, ,0, , , , , ,358245, , , ,2,1,0,0,0,0,1,0,0,0,0,0,0,0,0,0,0,0,0,0,1,0,0,0,0,0,0,0,0,0,0,0,0,0,0,0,0,40.0035,-75.0774, , 
 ,30681,2016006033,6,67,67301,2015,12,5,1810,18,3,1,0,4,1, , ,N,1,2,0,3,0,1,3,2,N,N,40 01:51.812,75 05:23.405,1828, ,1818, ,0, ,N, ,3, , , , , ,358249, , , ,2,1,0,0,0,0,1,0,0,0,0,0,1,1,0,0,0,0,0,0,1,0,0,0,0,0,0,0,0,0,0,0,0,0,0,8,0,40.0311,-75.0898, , 
 ,30682,2017015998,6,67,67301,2015,10,2,1330,13,1,1,0,4,1, , ,N,0,0,7,3,0,2,3,2,N,N,40 00:26.200,75 05:37.200,0, ,0, ,0, ,N, ,0, , , , , ,358251, , , ,2,1,0,0,0,0,1,0,0,0,0,0,2,2,0,0,0,0,0,0,0,1,0,0,0,0,0,0,0,0,0,0,0,0,0,8,0,40.0073,-75.0937, , 
 ,30683,2015106049,6,67,67301,2015,9,6,558,5,3,1,0,7,5, , ,N,0,0,0,3,0,0,1,1,N,N,39 54:02.368,75 09:19.337,601, ,559,1,2,2,N, ,0,N, , , , ,358260, , , ,1,1,0,0,0,0,0,0,0,0,0,0,0,0,0,0,0,0,0,0,0,0,0,0,0,0,0,0,0,0,0,0,0,0,0,0,0,39.9007,-75.1554, , 
 ,30684,2015106442,6,67,67301,2015,9,2,616,6,5,1,0,4,1, , ,N,1,2,0,3,0,0,3,3,N, ,40 03:23.636,75 02:47.581,625, ,617,1,1,3, , ,3,N, , , , ,358261, , , ,3,2,0,0,0,0,1,0,0,0,0,0,0,0,0,0,0,0,0,1,0,0,0,0,0,0,0,0,0,0,0,0,0,0,0,0,0,40.0566,-75.0466, , 
 ,30685,2015109196,6,67,67301,2015,10,4,1440,14,1,1,0,8,1, , ,N,1,2,0,3,0,1,2,2,N,N,39 56:58.617,75 09:14.100,1445, ,1445, ,0, ,N, ,3, , , , , ,358264, , , ,1,0,0,0,0,0,1,0,0,0,0,0,1,1,0,0,0,0,0,0,0,0,0,0,0,0,0,0,0,0,0,0,1,0,0,8,0,39.9496,-75.1539, , 
 ,30686,2015109360,6,67,67301,2015,10,1,1500,15,1,1,0,4,1, , ,N,2,3,0,3,0,0,2,2,N, ,39 54:28.749,75 11:15.896,2004, ,2000, ,0, , , ,3, , , , , ,358265, , , ,2,2,0,0,0,0,0,0,0,0,0,0,0,0,0,0,0,0,0,0,0,0,0,0,0,0,0,0,0,0,0,0,0,0,0,0,0,39.908,-75.1877, , 
 ,30687,2015115032,6,67,67301,2015,9,6,1413,14,1,1,0,1,1, , ,N,1,2,0,3,0,1,2,2,N, ,39 57:21.859,75 14:16.659,1450, ,1445, ,0, , , ,3, , , , , ,358271, , , ,2,2,0,0,0,0,0,0,0,0,0,0,1,1,0,0,0,0,0,0,1,0,0,1,0,0,0,0,0,0,0,0,0,0,0,8,0,39.9561,-75.238, , 
 ,30688,2015133735,6,67,67301,2015,11,3,800,8,1,2,1,6,1, , ,N,0,0,0,3,0,0,3,2,N, ,39 58:30.489,75 11:29.734,929, ,919, ,0, , , ,0, , , , , ,358283, , , ,2,2,0,0,0,0,0,0,0,0,0,0,0,0,0,0,0,0,0,0,0,0,0,0,0,0,0,0,0,0,0,0,0,0,0,0,0,39.9751,-75.1916, , 
 ,30689,2015135847,6,67,67301,2015,12,5,823,8,1,1,0,1,1, , ,N,0,0,0,3,0,1,2,2,N, ,39 57:32.387,75 13:45.535,825, ,823, ,0, , , ,0, , , , , ,358287, , , ,2,2,0,0,0,0,0,0,0,0,0,0,1,1,0,0,0,0,0,0,0,0,0,1,0,0,0,0,0,0,0,0,0,0,0,8,0,39.959,-75.2293, , 
 ,30690,2015135908,6,67,67301,2015,12,2,1758,17,3,1,0,8,1, , ,N,1,2,0,3,0,1,2,2,N, ,39 55:21.975,75 14:18.329,1806, ,1804, ,0, , , ,3, , , , , ,358288, , , ,1,1,0,0,0,0,0,0,0,0,0,0,1,1,0,0,0,0,0,0,0,0,0,1,0,0,0,0,0,0,0,0,1,0,0,8,0,39.9228,-75.2384, , 
 ,30691,2016007605,6,67,67301,2015,12,6,335,3,3,5,1,7,4, , ,N,0,0,0,3,0,0,1,1,N, ,40 04:49.368,75 04:05.279,346, ,341,3,2,2, , ,0,N, , , , ,358290, , , ,1,0,0,0,0,0,1,0,0,0,0,0,0,0,1,0,0,0,0,0,0,0,0,0,0,0,0,0,0,0,0,0,0,0,0,9,0,40.0804,-75.0681, , 
 ,30692,2016007654,6,67,67301,2015,12,7,1800,18,3,1,0,1,1, , ,N,0,0,0,3,0,1,3,2,N,N,39 56:02.800,75 11:16.400,1806, ,1805, ,0, ,N, ,0, , , , , ,358291, , , ,2,1,0,0,0,0,1,0,0,0,0,1,1,0,0,0,0,0,0,0,0,0,0,0,0,0,0,0,0,0,0,0,0,0,0,4,0,39.9341,-75.1879, , 
 ,30693,2015091030,6,67,67301,2015,8,1,1703,17,1,1,0,4,1, , ,N,1,2,0,3,0,1,5,2,N,N,39 56:52.576,75 09:44.521,1705, ,1704, ,0, , , ,3, , , , , ,358320, , , ,2,2,0,0,0,0,0,0,0,0,0,1,1,0,1,0,0,0,0,0,0,0,0,0,0,0,0,0,0,0,0,0,0,0,0,4,0,39.9479,-75.1624, , 
 ,30694,2015129942,6,67,67301,2015,11,5,220,2,3,1,0,5,6, , ,N,0,0,0,3,0,0,1,4,N,N,40 03:06.084,75 07:16.456,229, ,225, ,0, ,N, ,0, , , , , ,358344, , , ,4,3,0,0,0,0,1,0,0,0,0,0,0,0,0,0,0,0,0,0,0,0,0,1,0,0,0,0,0,0,0,0,0,0,0,0,0,40.0517,-75.1212, , 
 ,30695,2015129943,6,67,67301,2015,11,2,1826,18,3,1,0,2,1, , ,N,2,2,0,3,0,1,2,2,N,N,39 55:45.184,75 13:45.242,1828, ,1826, ,0, ,N, ,3, , , , , ,358345, , , ,1,0,0,0,0,0,1,0,1,0,0,0,1,1,0,0,0,0,0,0,0,0,0,1,0,0,0,0,0,0,0,0,0,0,0,8,0,39.9292,-75.2292, , 
 ,30696,2015049157,6,67,67301,2015,4,5,455,4,5,1,0,8,1, , ,N,0,0,0,3,0,1,2,2,N,N,39 55:30.655,75 13:44.462,458, ,456, ,0, ,N, ,0, , , , , ,347377, , , ,1,1,0,0,0,0,0,0,0,0,0,1,1,0,0,0,0,0,0,0,0,1,0,0,0,0,0,0,0,0,0,0,1,0,0,4,0,39.9252,-75.229, , 
 ,30697,2015051453,6,67,67301,2015,4,5,1416,14,1,1,0,1,1, , ,N,0,0,0,3,0,2,3,2,N,N,40 06:23.011,74 59:57.639,1430, ,1416,3,1,2, , ,0,Y, , , , ,347378, , , ,2,2,0,0,0,0,0,0,0,0,2,0,2,0,0,0,0,0,0,0,1,1,0,0,0,0,0,0,0,0,0,0,0,0,0,3,0,40.1064,-74.9993, , 
 ,30698,2015051465,6,67,67301,2015,4,4,2106,21,2,1,0,1,1, , ,N,2,2,0,3,0,2,3,3,N, ,40 04:52.997,74 58:34.259,2108, ,2108, ,0, , , ,3, , , , , ,347379, , , ,3,3,0,0,0,0,0,0,0,0,1,1,2,0,0,0,0,0,0,1,0,0,0,1,0,0,0,0,0,0,0,0,0,0,0,3,0,40.0814,-74.9762, , 
 ,30699,2015063001,6,67,67301,2015,6,2,1512,15,1,1,0,1,1, , ,N,0,0,0,3,0,1,2,2,N,N,39 58:23.998,75 11:38.261,1512, ,1512, ,0, ,N, ,0, , , , , ,347404, , , ,2,1,0,0,0,0,1,0,0,0,0,0,1,1,0,0,0,0,0,0,1,1,0,0,0,0,0,0,0,0,0,0,0,0,0,8,0,39.9733,-75.194, , 