wz_ln_closure,objectid_1,crn,district,county,municipality,crash_year,crash_month,day_of_week,time_of_day,hour_of_day,illumination,weather,road_condition,collision_type,relation_to_road,work_zone_type,work_zone_loc,work_zone_ind,intersect_type,tcd_type,location_type,urban_rural,fatal_count,injury_count,person_count,total_units,sch_bus_ind,sch_zone_ind,latitude,longitude,arrival_tm,cons_zone_spd_lim,dispatch_tm,est_hrs_closed,lane_closed,ln_close_dir,ntfy_hiwy_maint,spec_juris_cd,tcd_func_cd,tfc_detour_ind,workers_pres,wz_close_detour,wz_flagger,wz_law_offcr_ind,objectid,wz_moving,wz_other,wz_shlder_mdn,vehicle_count,automobile_count,motorcycle_count,bus_count,small_truck_count,heavy_truck_count,suv_count,van_count,bicycle_count,maj_inj_count,mod_inj_count,min_inj_count,tot_inj_count,unk_inj_deg_count,unk_inj_per_count,driver_count_16yr,driver_count_17yr,driver_count_18yr,driver_count_19yr,driver_count_20yr,driver_count_50_64yr,driver_count_65_74yr,driver_count_75plus,unbelted_occ_count,unb_death_count,unb_maj_inj_count,belted_death_count,belted_maj_inj_count,mcycle_death_count,mcycle_maj_inj_count,bicycle_death_count,bicycle_maj_inj_count,ped_count,ped_death_count,ped_maj_inj_count,max_severity_level,comm_veh_count,dec_lat,dec_long,rdwy_surf_type_cd,county_name
 ,30700,2015105140,6,67,67301,2015,9,3,1840,18,1,1,2,0,1,8,8,Y,6,0,2,3,0,1,1,1,N,N,40 06:17.782,74 59:35.978,1843,99,1840,1,1,3,Y, ,0,N,U, , ,U,347431, , , ,1,0,1,0,0,0,0,0,0,0,0,0,1,1,0,0,0,0,0,0,0,0,0,0,0,0,0,0,0,0,0,0,0,0,0,8,0,40.1063,-74.995, , 
 ,30701,2015084030,6,67,67301,2015,8,3,615,6,1,2,1,1,2, , ,N,7,0,2,3,0,0,2,2,N,N,39 57:41.049,75 10:57.066,634, ,634, ,0, ,N, ,0, , , , , ,347437, , , ,2,2,0,0,0,0,0,0,0,0,0,0,0,0,0,0,0,0,0,0,0,0,0,0,0,0,0,0,0,0,0,0,0,0,0,0,0,39.9614,-75.1825, , 
 ,30702,2015086257,6,67,67301,2015,7,4,1117,11,1,1,0,7,4, , ,N,0,0,0,3,1,0,1,1,N, ,39 59:39.573,75 04:45.397,1131, ,1117, ,0, , ,0,0, , , , , ,347439, , , ,1,1,0,0,0,0,0,0,0,0,0,0,0,0,0,0,0,0,0,0,1,0,0,0,0,0,0,0,0,0,0,0,0,0,0,1,0,39.9943,-75.0793,2, 
 ,30703,2015062747,6,67,67301,2015,5,5,1500,15,1,2,1,5,1, , ,N,0,0,0,3,0,2,3,2,N, ,39 59:48.718,75 10:37.976,1515, ,1503, ,0, , , ,0, , , , , ,347476, , , ,2,0,0,0,0,0,1,0,0,0,0,2,2,0,0,0,0,0,1,0,0,0,0,0,0,0,0,0,0,0,0,0,0,0,0,4,0,39.9969,-75.1772, , 
 ,30704,2015068062,6,67,67301,2015,6,4,1100,11,1,1,0,1,1, , ,N,0,0,0,3,0,2,3,2,N,N,39 58:57.329,75 12:28.477,1108, ,1104, ,0, ,N, ,0, , , , , ,347479, , , ,2,2,0,0,0,0,0,0,0,0,0,2,2,0,0,0,0,0,0,0,0,0,0,0,0,0,0,0,0,0,0,0,0,0,0,4,0,39.9826,-75.2079, , 
 ,30705,2015056567,6,67,67301,2015,5,7,2110,21,3,1,0,8,1, , ,N,1,2,0,3,0,1,2,2,N,N,40 00:30.590,75 05:01.650,2113, ,2111,9,2,5,N, ,3,Y, , , , ,347487, , , ,1,1,0,0,0,0,0,0,0,1,0,0,1,0,0,0,0,0,0,0,0,0,0,0,0,0,0,0,0,0,0,0,1,0,1,2,0,40.0085,-75.0838, , 
 ,30706,2015070187,6,67,67301,2015,6,1,1613,16,1,1,0,4,1, , ,N,3,3,0,3,0,0,2,2,N, ,40 01:15.855,75 09:27.038,1620, ,1615,2,2,5, , ,3,Y, , , , ,347504, , , ,2,2,0,0,0,0,0,0,0,0,0,0,0,0,0,0,0,0,0,0,0,0,0,0,0,0,0,0,0,0,0,0,0,0,0,0,0,40.0211,-75.1575, , 
 ,30707,2015070625,6,67,67301,2015,6,4,2005,20,3,1,0,4,1, , ,N,1,2,3,3,0,0,2,2,N,N,39 57:30.652,75 09:56.236,2020, ,2011, ,0, , , ,3, , , , , ,347505, , , ,2,2,0,0,0,0,0,0,0,0,0,0,0,0,0,0,0,0,0,0,0,0,0,0,0,0,0,0,0,0,0,0,0,0,0,0,0,39.9585,-75.1656, , 
 ,30708,2015085232,6,67,67301,2015,8,4,1630,16,1,1,0,8,1, , ,N,1,2,0,3,0,1,2,2,N,N,39 58:44.233,75 10:57.046,1725, ,1717, ,0, ,N, ,3, , , , , ,347516, , , ,1,0,0,0,0,0,1,0,0,0,0,1,1,0,0,0,0,0,0,0,0,0,0,0,0,0,0,0,0,0,0,0,1,0,0,4,0,39.9789,-75.1825, , 
 ,30709,2015087876,6,67,67301,2015,6,3,845,8,1,1,0,1,1, , ,N,0,2,0,3,0,1,2,2,N,N,39 58:02.183,75 10:49.532,0, ,0, ,0, ,N, ,3, , , , , ,347518, , , ,2,1,0,0,0,0,1,0,0,0,0,1,1,0,0,0,0,0,0,0,0,1,0,0,0,0,0,0,0,0,0,0,0,0,0,4,0,39.9673,-75.1804, , 
 ,30710,2015115088,6,67,67301,2015,10,4,820,8,1,1,0,1,1, , ,N,3,2,0,3,0,1,4,2,N,N,40 00:55.139,75 12:29.255,828, ,824, ,0, ,N, ,3, , , , , ,347548, , , ,2,0,0,1,0,0,1,0,0,0,0,1,1,0,0,0,0,0,0,0,0,0,0,1,0,0,0,0,0,0,0,0,0,0,0,4,1,40.0153,-75.2081, , 
 ,30711,2015115102,6,67,67301,2015,9,1,158,1,3,1,0,4,1, , ,N,1,2,0,3,0,2,2,2,N,N,39 57:32.561,75 13:01.166,159, ,158, ,0, , , ,3, , , , , ,347549, , , ,2,2,0,0,0,0,0,0,0,0,0,1,2,1,0,0,0,0,0,0,0,0,0,0,0,0,0,0,0,0,0,0,0,0,0,4,0,39.959,-75.217, , 
 ,30712,2015117663,6,67,67301,2015,10,2,1750,17,4,1,0,1,1, , ,N,0,0,0,3,0,3,3,3,N,N,40 02:36.333,75 10:01.311,1820, ,1814, ,0, ,N, ,0, , , , , ,347551, , , ,3,0,0,0,0,0,3,0,0,0,0,0,3,3,0,0,0,0,0,0,1,1,0,0,0,0,0,0,0,0,0,0,0,0,0,8,0,40.0434,-75.167, , 
N,30713,2015117961,6,67,67301,2015,11,2,1540,15,1,1,0,1,1,1,2,Y,0,0,0,3,0,3,5,2,N,N,40 00:20.152,75 04:30.395,1638,45,1540,1,2,2,N, ,0,N,N,N,N,N,347552,N,N,Y,2,1,0,0,0,0,1,0,0,0,0,0,3,3,0,0,0,0,0,0,1,1,0,0,0,0,0,0,0,0,0,0,0,0,0,8,0,40.0056,-75.0751, , 
 ,30714,2015080665,6,67,67301,2015,7,7,1010,10,1,1,0,4,1, , ,N,1,3,0,3,0,1,2,2,N,N,39 55:09.076,75 10:44.536,1016, ,1013, ,0, ,N, ,3, , , , , ,341873, , , ,2,1,0,0,0,0,1,0,0,0,0,0,1,1,0,0,0,0,0,0,1,0,0,0,0,0,0,0,0,0,0,0,0,0,0,8,0,39.9192,-75.179, , 
 ,30715,2015083395,6,67,67301,2015,7,3,2130,21,2,1,0,8,1, , ,N,1,3,0,3,0,1,2,2,N,N,40 01:52.964,75 08:24.406,159, ,150, ,0, ,N, ,3, , , , , ,341879, , , ,1,1,0,0,0,0,0,0,0,0,0,1,1,0,1,0,0,0,0,0,0,0,0,0,0,0,0,0,0,0,0,0,1,0,0,4,0,40.0314,-75.1401, , 
 ,30716,2015095738,6,67,67301,2015,8,2,2121,21,3,1,0,4,1, , ,N,1,3,0,3,0,1,2,2,N,N,39 57:37.857,75 11:38.065,2123, ,2121, ,0, ,N, ,3, , , , , ,341905, , , ,1,0,1,0,0,0,0,0,1,0,1,0,1,0,1,0,0,0,0,0,0,0,0,0,0,0,0,0,0,0,0,0,0,0,0,3,0,39.9605,-75.1939, , 
 ,30717,2015063968,6,67,67301,2015,5,2,2100,21,3,1,0,4,1, , ,N,1,2,0,3,0,2,2,2,N,N,40 03:58.061,75 03:46.964,2158, ,2145, ,0, ,N, ,3, , , , , ,341917, , , ,2,1,0,0,0,0,0,1,0,0,0,2,2,0,0,0,0,0,0,1,0,0,1,0,0,0,0,0,0,0,0,0,0,0,0,4,0,40.0661,-75.063, , 
 ,30718,2015061020,6,67,67301,2015,5,5,1654,16,1,1,0,8,1, , ,N,2,3,0,3,0,1,2,2,N,N,40 00:42.487,75 08:03.551,1800, ,1743, ,0, ,N, ,3, , , , , ,341940, , , ,1,1,0,0,0,0,0,0,0,0,0,1,1,0,0,0,0,0,0,0,0,0,0,0,0,0,0,0,0,0,0,0,1,0,0,4,0,40.0118,-75.1343, , 
 ,30719,2015061899,6,67,67301,2015,5,7,1335,13,1,1,0,1,1, , ,N,1,2,0,3,0,1,2,2,N,N,39 56:26.296,75 10:16.039,1530, ,1400, ,0, , , ,3, , , , , ,341943, , , ,1,1,0,0,0,0,0,0,1,0,0,1,1,0,0,0,0,0,0,0,0,0,0,0,0,0,0,0,0,0,0,0,0,0,0,4,0,39.9406,-75.1711, , 
 ,30720,2015075736,6,67,67301,2015,7,5,1810,18,1,1,0,1,1, , ,N,0,2,0,3,0,1,3,2,N,N,39 55:53.386,75 08:38.690,1825, ,1820, ,0, ,N, ,3, , , , , ,341955, , , ,2,2,0,0,0,0,0,0,0,0,0,1,1,0,0,0,0,0,0,0,0,0,0,0,0,0,0,0,0,0,0,0,0,0,0,4,0,39.9315,-75.1441, , 
 ,30721,2015106452,6,67,67301,2015,9,4,1642,16,1,1,0,8,1, , ,N,1,2,0,3,0,1,3,2,N,N,40 02:53.162,75 04:08.816,1647, ,1644, ,0, , , ,3, , , , , ,341979, , , ,1,1,0,0,0,0,0,0,0,0,0,0,1,1,0,0,0,1,0,0,0,0,0,0,0,0,0,0,0,0,0,0,1,0,0,8,0,40.0481,-75.0691, , 
 ,30722,2015093516,6,67,67301,2015,8,4,2103,21,2,1,0,7,2, , ,N,7,0,2,3,0,0,2,2,N,N,40 00:12.647,75 04:38.645,2113, ,2105, ,0, ,N, ,0, , , , , ,341999, , , ,2,2,0,0,0,0,0,0,0,0,0,0,0,0,0,0,0,0,0,0,0,0,0,0,0,0,0,0,0,0,0,0,0,0,0,0,0,40.0035,-75.0774, , 
 ,30723,2015102870,6,67,67301,2015,9,3,1501,15,1,1,0,1,1, , ,N,2,0,0,3,0,1,4,3,N, ,40 02:16.429,75 03:39.318,1503, ,1501,1,1,1, , ,0,N, , , , ,342007, , , ,2,1,0,0,0,0,1,0,0,0,0,0,1,1,0,0,0,0,0,0,1,0,0,0,0,0,0,0,0,0,0,0,1,0,0,8,0,40.0379,-75.0609, , 
 ,30724,2015115040,6,67,67301,2015,10,6,808,8,1,1,0,5,1, , ,N,0,0,0,3,0,1,2,2,N, ,39 58:21.668,75 13:02.226,858, ,810, ,0, , , ,0, , , , , ,342016, , , ,2,1,0,0,0,1,0,0,0,0,0,0,1,1,0,0,0,0,0,0,1,0,0,1,0,0,0,0,0,0,0,0,0,0,0,8,1,39.9727,-75.2173, , 
 ,30725,2015128557,6,67,67301,2015,11,6,2323,23,3,1,0,4,1, , ,N,1,3,0,3,0,2,3,2,N,N,39 57:52.750,75 11:30.181,2330, ,2325, ,0, ,N, ,3, , , , , ,342032, , , ,2,2,0,0,0,0,0,0,0,0,0,2,2,0,0,0,0,0,0,0,1,0,0,0,0,0,0,0,0,0,0,0,0,0,0,4,0,39.9647,-75.1917, , 
 ,30726,2015130205,6,67,67301,2015,12,5,47,0,3,1,0,5,1, , ,N,0,0,0,3,0,2,3,2,N,N,40 00:37.239,75 12:25.527,111, ,48,1,1,4,N, ,0,N, , , , ,342034, , , ,2,2,0,0,0,0,0,0,0,0,1,1,2,0,0,0,0,0,1,0,0,0,0,0,0,0,0,0,0,0,0,0,0,0,0,3,0,40.0103,-75.2071, , 
 ,30727,2015091120,6,67,67301,2015,8,4,840,8,1,1,0,1,1, , ,N,0,0,0,3,0,2,6,4,N, ,40 00:56.311,75 10:34.955,850, ,845, ,0, , , ,0, , , , , ,342035, , , ,4,1,0,0,0,0,2,1,0,0,0,2,2,0,0,0,0,0,0,0,0,1,0,0,0,0,0,0,0,0,0,0,0,0,0,4,0,40.0156,-75.1764, , 
 ,30728,2015092936,6,67,67301,2015,8,1,1806,18,1,1,0,1,1, , ,N,1,2,0,3,0,4,6,2,N,N,40 02:45.148,75 10:55.939,1840, ,1834, ,0, ,N, ,3, , , , , ,342037, , , ,2,1,0,0,0,0,0,1,0,0,0,3,4,1,0,0,0,0,0,0,0,1,0,0,0,0,0,0,0,0,0,0,0,0,0,4,0,40.0459,-75.1822, , 
N,30729,2015056677,6,67,67301,2015,5,6,650,6,1,1,0,1,1,1,8,Y,0,0,0,3,0,4,6,4,N,N,40 01:16.685,75 02:26.223,704,55,650,2,1,1,N, ,0,N,Y,N,N,N,342051,N,N,Y,4,3,0,0,0,0,1,0,0,0,0,0,4,4,0,0,0,0,1,0,1,0,0,0,0,0,0,0,0,0,0,0,0,0,0,8,0,40.0213,-75.0406, , 
 ,30730,2015061439,6,67,67301,2015,6,5,707,7,1,1,0,7,7, , ,N,0,0,0,3,0,0,1,1,N,N,39 57:03.283,75 10:58.522,725, ,708, ,0, ,Y, ,0, , , , , ,342054, , , ,1,0,0,0,1,0,0,0,0,0,0,0,0,0,0,0,0,0,0,0,0,0,0,0,0,0,0,0,0,0,0,0,0,0,0,0,0,39.9509,-75.1829, , 
 ,30731,2015067940,6,67,67301,2015,6,4,1230,12,1,1,0,5,6, , ,N,0,0,0,3,0,1,1,2,N,N,40 01:26.112,75 03:24.109,1300, ,1230,3,2,3,N, ,0,Y, , , , ,342064, , , ,2,0,0,0,2,0,0,0,0,0,0,1,1,0,0,0,0,0,0,0,0,0,0,0,0,0,0,0,0,0,0,0,0,0,0,4,1,40.0239,-75.0567, , 
 ,30732,2015073227,6,67,67301,2015,7,4,1000,10,1,1,0,1,1, , ,N,0,0,0,3,0,0,3,3,N,N,39 58:19.764,75 14:50.404,1015, ,1008, ,0, , , ,0, , , , , ,344645, , , ,3,1,0,0,0,0,2,0,0,0,0,0,0,0,0,0,0,0,0,0,0,0,0,3,0,0,0,0,0,0,0,0,0,0,0,0,0,39.9722,-75.2473, , 
 ,30733,2015075716,6,67,67301,2015,7,4,1122,11,1,1,0,0,1, , ,N,0,0,0,3,0,1,1,2,N, ,40 00:35.902,75 07:11.936,1124, ,1124,3,2,6, , ,0,Y, , , , ,344647, , , ,2,0,0,0,0,1,1,0,0,1,0,0,1,0,0,0,0,0,0,0,0,0,0,1,0,1,0,0,0,0,0,0,0,0,0,2,1,40.01,-75.12, , 
 ,30734,2015080124,6,67,67301,2015,7,6,1957,19,1,1,0,1,1, , ,N,0,0,0,3,0,0,2,2,N,N,40 00:32.107,75 12:19.379,2002, ,1957, ,0, ,N, ,0, , , , , ,344656, , , ,2,1,0,0,0,0,1,0,0,0,0,0,0,0,0,0,0,0,0,0,0,0,0,0,0,0,0,0,0,0,0,0,0,0,0,0,0,40.0089,-75.2054, , 
 ,30735,2015045460,6,67,67301,2015,4,7,1536,15,1,1,0,4,1, , ,N,1,2,0,3,0,1,2,2,N,N,39 56:49.768,75 09:21.862,1538, ,1537, ,0, ,N, ,3, , , , , ,344668, , , ,2,1,0,0,1,0,0,0,0,0,1,0,1,0,0,0,0,0,0,1,0,0,0,2,0,0,0,0,0,0,0,0,0,0,0,3,0,39.9472,-75.1561, , 
 ,30736,2015061774,6,67,67301,2015,4,4,750,7,1,1,0,4,1, , ,N,1,3,0,3,0,2,9,2,N, ,39 59:03.142,75 07:29.730,806, ,758, ,0, , , ,3, , , , , ,344685, , , ,2,1,0,0,0,0,0,1,0,0,0,0,2,2,0,0,0,0,0,0,1,0,0,0,0,0,0,0,0,0,0,0,0,0,0,8,0,39.9842,-75.1249, , 
 ,30737,2015080258,6,67,67301,2015,7,1,1400,14,1,1,0,1,1, , ,N,0,0,0,3,0,1,2,3,N,N,39 59:15.146,75 06:15.131,1530, ,1530, ,0, ,N, ,0, , , , , ,344704, , , ,2,1,0,0,0,0,1,0,0,0,0,0,1,1,1,0,0,0,0,0,0,0,0,0,0,0,0,0,0,0,0,0,1,0,0,8,0,39.9875,-75.1042, , 
 ,30738,2015083988,6,67,67301,2015,8,7,2219,22,3,1,0,1,1, , ,N,0,0,0,3,0,0,5,2,N,N,39 57:27.105,75 09:33.388,2242, ,2224,2,2,4,N, ,0,N, , , , ,344707, , , ,2,1,0,0,0,0,1,0,0,0,0,0,0,0,0,0,0,0,0,0,1,0,0,0,0,0,0,0,0,0,0,0,0,0,0,0,0,39.9575,-75.1593, , 
N,30739,2015093533,6,67,67301,2015,8,2,1727,17,1,1,0,1,1,1,4,Y,0,8,0,3,0,1,3,3,N,N,40 01:31.370,75 01:44.088,1759,45,1730,2,2,2,N, ,3,N,Y,N,N,N,344716,N,N,Y,3,3,0,0,0,0,0,0,0,0,0,1,1,0,0,0,0,0,0,0,0,0,0,0,0,0,0,0,0,0,0,0,0,0,0,4,0,40.0254,-75.0289, , 
 ,30740,2015095197,6,67,67301,2015,8,1,320,3,3,1,0,1,6, , ,N,0,0,0,3,0,0,2,2,N,N,39 57:10.723,75 11:36.455,340, ,338,4,1,4,N, ,0,N, , , , ,344717, , , ,2,1,0,0,0,0,0,1,0,0,0,0,0,0,0,0,0,0,0,0,0,0,0,0,0,0,0,0,0,0,0,0,0,0,0,0,0,39.953,-75.1935, , 
 ,30741,2015099005,6,67,67301,2015,9,4,9999,99,1,1,0,1,1, , ,N,0,0,6,3,0,1,2,2,N,N,40 04:33.763,75 02:00.329,1133, ,1133, ,0, ,N, ,0, , , , , ,344723, , , ,2,1,0,0,0,0,1,0,0,0,0,0,1,1,0,0,0,0,0,0,1,0,0,0,0,0,0,0,0,0,0,0,0,0,0,8,0,40.076,-75.0334, , 
 ,30742,2015099020,6,67,67301,2015,9,3,1550,15,1,1,0,4,1, , ,N,1,3,0,3,0,1,2,2,N,N,39 59:27.542,75 09:22.060,1623, ,1623, ,0, ,N, ,3, , , , , ,344724, , , ,2,2,0,0,0,0,0,0,0,0,0,1,1,0,0,0,0,0,0,0,0,0,1,0,0,0,0,0,0,0,0,0,0,0,0,4,0,39.991,-75.1561, , 
 ,30743,2015054809,6,67,67301,2015,5,1,817,8,5,5,0,9,1, , ,N,0,0,0,3,0,0,1,1,N,N,39 54:26.950,75 08:58.819,823, ,818, ,0, ,N, ,0, , , , , ,344731, , , ,1,0,0,0,0,0,1,0,0,0,0,0,0,0,0,0,0,0,0,0,0,0,0,0,0,0,0,0,0,0,0,0,0,0,0,0,0,39.9075,-75.1497, , 
 ,30744,2015109195,6,67,67301,2015,10,6,730,7,3,2,1,5,1, , ,N,0,0,0,3,0,1,2,2,N,N,39 53:13.819,75 14:54.419,745, ,735, ,0, , , ,0, , , , , ,344752, , , ,2,1,0,0,0,0,0,1,0,0,1,0,1,0,0,0,0,0,0,0,1,0,0,0,0,0,0,0,0,0,0,0,0,0,0,3,0,39.8872,-75.2484, , 
 ,30745,2015115038,6,67,67301,2015,9,4,1831,18,4,1,0,8,6, , ,N,0,0,0,3,0,1,2,2,N,N,39 57:09.323,75 14:33.894,1917, ,1931, ,0, ,N, ,0, , , , , ,344769, , , ,1,1,0,0,0,0,0,0,0,0,0,1,1,0,0,0,0,0,0,0,0,0,0,0,0,0,0,0,0,0,0,0,1,0,0,4,0,39.9526,-75.2427, , 
 ,30746,2015118154,6,67,67301,2015,10,5,823,8,1,1,1,4,1, , ,N,2,0,0,3,0,0,2,2,N,N,40 01:38.036,75 12:16.249,854, ,850, ,0, ,N, ,0, , , , , ,344773, , , ,2,1,0,0,0,0,1,0,0,0,0,0,0,0,0,0,0,0,0,0,0,0,0,0,0,0,0,0,0,0,0,0,0,0,0,0,0,40.0272,-75.2045, , 
 ,30747,2015065467,6,67,67301,2015,6,5,824,8,1,1,0,4,1, , ,N,1,2,0,3,0,1,2,3,N, ,40 01:43.550,75 07:55.833,845, ,824, ,0, , , ,3, , , , , ,344788, , , ,3,2,0,0,0,0,1,0,0,0,0,1,1,0,0,0,0,0,0,0,1,1,0,0,0,0,0,0,0,0,0,0,0,0,0,4,0,40.0288,-75.1322, , 
 ,30748,2015078288,6,67,67301,2015,7,1,820,8,1,1,0,4,1, , ,N,5,2,2,3,0,0,2,2,N,N,39 57:26.413,75 09:08.132,840, ,823, ,0, ,N, ,3, , , , , ,344799, , , ,2,1,0,0,0,0,0,1,0,0,0,0,0,0,0,0,0,0,0,0,0,0,0,0,0,0,0,0,0,0,0,0,0,0,0,0,0,39.9573,-75.1523, , 
 ,30749,2015081020,6,67,67301,2015,7,5,1600,16,1,1,0,8,1, , ,N,1,2,0,3,0,1,2,2,N,N,39 58:55.079,75 14:20.664,1400, ,1301, ,0, ,N, ,3, , , , , ,344801, , , ,1,1,0,0,0,0,0,0,0,1,0,0,1,0,0,0,0,0,0,0,1,0,0,0,0,0,0,0,0,0,0,0,1,0,1,2,0,39.9819,-75.239, , 
 ,30750,2015081084,6,67,67301,2015,7,3,400,4,3,1,0,5,1, , ,N,0,0,3,3,0,1,2,2,N,N,39 58:31.373,75 11:36.272,2012, ,2012, ,0, ,N, ,0, , , , , ,344802, , , ,1,0,0,0,0,0,0,0,1,0,0,1,1,0,0,0,0,0,0,0,0,0,0,0,0,0,0,0,0,0,0,0,0,0,0,4,0,39.9754,-75.1934, , 
 ,30751,2015095769,6,67,67301,2015,8,6,1507,15,1,1,0,4,1, , ,N,5,2,0,3,0,1,3,2,N,N,39 57:31.435,75 09:18.489,1508, ,1510, ,0, ,N, ,3, , , , , ,335794, , , ,2,1,0,0,0,0,1,0,0,0,0,0,1,1,0,0,0,0,0,0,0,0,0,0,0,0,0,0,0,0,0,0,0,0,0,8,0,39.9587,-75.1551, , 
 ,30752,2015052393,6,67,67301,2015,5,2,629,6,1,1,0,7,2, , ,N,0,0,0,3,0,0,1,1,N,N,40 00:11.477,75 04:38.826,640, ,634, ,0, ,N, ,0, , , , , ,335815, , , ,1,1,0,0,0,0,0,0,0,0,0,0,0,0,0,0,0,0,0,0,0,0,0,0,0,0,0,0,0,0,0,0,0,0,0,0,0,40.0032,-75.0775, , 
 ,30753,2015052404,6,67,67301,2015,5,6,1823,18,1,1,0,1,1, , ,N,0,0,0,3,0,2,3,3,N,N,40 00:34.886,75 12:20.904,1827, ,1824,1,1,4,N, ,0,N, , , , ,335816, , , ,3,1,0,0,0,0,2,0,0,0,1,1,2,0,0,0,0,0,0,1,0,1,0,0,0,0,0,0,0,0,0,0,0,0,0,3,0,40.0097,-75.2058, , 
 ,30754,2015090311,6,67,67301,2015,7,3,1800,18,1,1,0,4,1, , ,N,1,2,0,3,0,0,2,2,N,N,39 56:55.287,75 14:15.021,1805, ,1800, ,0, ,N, ,3, , , , , ,335829, , , ,2,1,0,0,0,0,0,1,0,0,0,0,0,0,0,0,0,0,0,0,0,0,0,0,0,0,0,0,0,0,0,0,0,0,0,0,0,39.9487,-75.2375, , 
 ,30755,2015092930,6,67,67301,2015,8,5,35,0,3,1,0,1,1, , ,N,1,2,0,3,0,1,4,2,N,N,40 05:04.029,75 02:18.148,38, ,35, ,0, ,N, ,3, , , , , ,335831, , , ,2,1,0,0,0,0,1,0,0,0,0,1,1,0,0,0,0,0,0,0,1,0,0,0,0,0,0,0,0,0,0,0,0,0,0,4,0,40.0845,-75.0384, , 
 ,30756,2015061735,6,67,67301,2015,5,6,110,1,3,1,0,5,6, , ,N,0,0,0,3,0,0,1,3,N,N,39 55:53.028,75 10:05.566,111, ,111, ,0, ,N, ,0, , , , , ,335850, , , ,3,2,0,0,1,0,0,0,0,0,0,0,0,0,0,0,0,0,0,0,0,0,0,0,0,0,0,0,0,0,0,0,0,0,0,0,0,39.9314,-75.1682, , 
 ,30757,2015070120,6,67,67301,2015,6,6,733,7,1,1,0,8,1, , ,N,1,2,0,3,0,1,2,2,N, ,39 57:20.134,75 09:26.942,739, ,736, ,0, , , ,3, , , , , ,335858, , , ,1,1,0,0,0,0,0,0,0,0,0,0,1,1,0,0,0,0,0,0,1,0,0,1,0,0,0,0,0,0,0,0,1,0,0,8,0,39.9556,-75.1575, , 
 ,30758,2015072963,6,67,67301,2015,6,1,509,5,3,2,1,7,3, , ,N,0,0,0,3,0,0,1,1,N,N,39 58:56.125,75 12:27.800,512, ,509,1,1,4, , ,0,N, , , , ,335864, , , ,1,1,0,0,0,0,0,0,0,0,0,0,0,0,0,0,0,0,0,0,0,0,0,0,0,0,0,0,0,0,0,0,0,0,0,0,0,39.9823,-75.2077, , 
 ,30759,2015075761,6,67,67301,2015,7,7,445,4,5,1,0,8,1, , ,N,0,0,0,3,0,1,2,2,N, ,39 59:55.481,75 05:12.691,453, ,453,1,1,2, , ,0,N, , , , ,335867, , , ,1,0,0,0,1,0,0,0,0,0,0,0,1,1,0,0,0,0,0,0,0,0,0,0,0,0,0,0,0,0,0,0,1,0,0,8,0,39.9987,-75.0869, , 
 ,30760,2015095778,6,67,67301,2015,8,7,1355,13,1,1,0,8,1, , ,N,0,0,0,3,0,1,2,2,N,N,40 01:37.405,75 06:35.485,1400, ,1356, ,0, ,N, ,0, , , , , ,335869, , , ,1,0,0,0,0,0,1,0,0,0,0,1,1,0,0,0,0,0,0,0,0,0,0,0,0,0,0,0,0,0,0,0,1,0,0,4,0,40.0271,-75.1099, , 
 ,30761,2015102069,6,67,67301,2015,9,4,1035,10,1,1,2,7,1, , ,N,0,0,0,3,0,0,1,1,N,N,40 00:26.664,75 12:00.307,1044, ,1035,2,1,4,N, ,0,N, , , , ,335873, , , ,1,1,0,0,0,0,0,0,0,0,0,0,0,0,0,0,0,0,0,0,0,0,0,0,0,0,0,0,0,0,0,0,0,0,0,0,0,40.0074,-75.2001, , 
 ,30762,2015105110,6,67,67301,2015,9,2,705,7,1,1,0,4,1, , ,N,1,0,0,3,0,1,2,2,N, ,40 06:34.819,74 58:59.314,907, ,746,3,1,2, , ,0,N, , , , ,335876, , , ,2,0,0,0,0,1,1,0,0,0,0,1,1,0,0,0,0,0,0,0,1,0,0,0,0,0,0,0,0,0,0,0,0,0,0,4,1,40.1097,-74.9831, , 
 ,30763,2015085318,6,67,67301,2015,8,7,425,4,3,1,0,2,1, , ,N,1,0,0,3,0,2,5,2,N,N,39 55:07.184,75 14:48.818,430, ,428, ,0, ,N, ,0, , , , , ,335894, , , ,2,1,0,0,0,0,1,0,0,0,1,0,2,1,0,0,0,0,0,0,0,0,0,0,0,0,0,0,0,0,0,0,0,0,0,3,0,39.9187,-75.2469, , 
 ,30764,2015102866,6,67,67301,2015,9,3,1715,17,1,1,0,1,1, , ,N,0,4,0,3,0,1,2,2,N, ,39 58:43.179,75 12:35.054,1800, ,1800, ,0, , , ,3, , , , , ,335909, , , ,2,0,0,0,0,0,1,1,0,0,0,1,1,0,1,0,0,0,0,0,0,0,0,0,0,0,0,0,0,0,0,0,0,0,0,4,0,39.9787,-75.2097, , 
 ,30765,2015093433,6,67,67301,2015,8,1,9999,99,3,1,0,5,6, , ,N,0,0,0,3,0,0,1,5,N, ,39 59:33.997,75 10:54.954,307, ,305,3,1,1, , ,0,N, , , , ,335923, , , ,5,2,0,0,2,0,1,0,0,0,0,0,0,0,1,0,0,0,0,0,0,0,0,0,0,0,0,0,0,0,0,0,0,0,0,9,0,39.9928,-75.1819, , 
 ,30766,2015095182,6,67,67301,2015,9,3,1650,16,1,1,0,5,6, , ,N,0,0,0,3,0,2,4,3,N,N,39 57:55.724,75 14:31.503,1753, ,1753, ,0, , , ,0, , , , , ,335925, , , ,3,3,0,0,0,0,0,0,0,0,0,2,2,0,0,0,0,0,0,0,0,1,0,0,0,0,0,0,0,0,0,0,0,0,0,4,0,39.9655,-75.2421, , 