wz_ln_closure,objectid_1,crn,district,county,municipality,crash_year,crash_month,day_of_week,time_of_day,hour_of_day,illumination,weather,road_condition,collision_type,relation_to_road,work_zone_type,work_zone_loc,work_zone_ind,intersect_type,tcd_type,location_type,urban_rural,fatal_count,injury_count,person_count,total_units,sch_bus_ind,sch_zone_ind,latitude,longitude,arrival_tm,cons_zone_spd_lim,dispatch_tm,est_hrs_closed,lane_closed,ln_close_dir,ntfy_hiwy_maint,spec_juris_cd,tcd_func_cd,tfc_detour_ind,workers_pres,wz_close_detour,wz_flagger,wz_law_offcr_ind,objectid,wz_moving,wz_other,wz_shlder_mdn,vehicle_count,automobile_count,motorcycle_count,bus_count,small_truck_count,heavy_truck_count,suv_count,van_count,bicycle_count,maj_inj_count,mod_inj_count,min_inj_count,tot_inj_count,unk_inj_deg_count,unk_inj_per_count,driver_count_16yr,driver_count_17yr,driver_count_18yr,driver_count_19yr,driver_count_20yr,driver_count_50_64yr,driver_count_65_74yr,driver_count_75plus,unbelted_occ_count,unb_death_count,unb_maj_inj_count,belted_death_count,belted_maj_inj_count,mcycle_death_count,mcycle_maj_inj_count,bicycle_death_count,bicycle_maj_inj_count,ped_count,ped_death_count,ped_maj_inj_count,max_severity_level,comm_veh_count,dec_lat,dec_long,rdwy_surf_type_cd,county_name
 ,30767,2015115249,6,67,67301,2015,10,7,1607,16,1,1,0,4,1, , ,N,0,0,0,3,0,1,5,2,N,N,39 55:40.820,75 08:47.663,1616, ,1607,2,2,2,N, ,0,N, , , , ,335940, , , ,2,0,0,0,0,0,1,1,0,0,0,0,1,1,0,0,0,0,0,0,0,0,0,0,0,0,0,0,0,0,0,0,0,0,0,8,0,39.928,-75.1466, , 
 ,30768,2016002976,6,67,67301,2015,12,3,1252,12,1,2,1,7,4, , ,N,0,0,0,3,0,0,1,1,N,N,40 01:27.200,75 11:43.700,1252, ,1252,1,1,5,N, ,0,N, , , , ,335990, , , ,1,0,0,0,0,0,1,0,0,0,0,0,0,0,0,0,0,0,0,0,0,1,0,0,0,0,0,0,0,0,0,0,0,0,0,0,0,40.0242,-75.1955, , 
 ,30769,2015074583,6,67,67301,2015,6,2,1921,19,1,1,0,0,1, , ,N,0,0,3,3,0,1,3,3,N, ,39 53:52.345,75 12:41.384,1926, ,1921,1,2,6, , ,0,Y, , , , ,336008, , , ,3,2,0,0,1,0,0,0,0,0,0,0,1,1,0,0,0,0,0,0,1,0,0,0,0,0,0,0,0,0,0,0,0,0,0,8,0,39.8979,-75.2115, , 
 ,30770,2015135874,6,67,67301,2015,12,3,832,8,1,2,1,7,4, , ,N,0,0,0,3,0,1,1,1,N,N,40 03:20.192,75 03:56.743,856, ,852, ,0, ,N, ,0, , , , , ,338874, , , ,1,1,0,0,0,0,0,0,0,0,0,0,1,1,0,0,0,0,0,0,0,0,0,0,0,0,0,0,0,0,0,0,0,0,0,8,0,40.0556,-75.0658, , 
 ,30771,2015115065,6,67,67301,2015,10,1,100,1,3,1,0,5,6, , ,N,0,0,0,3,0,0,1,5,N,N,39 58:20.282,75 08:20.241,105, ,100,2,2,2,N, ,0,Y, , , , ,338877, , , ,5,4,0,0,0,0,1,0,0,0,0,0,0,0,0,0,0,0,0,0,0,0,0,0,0,0,0,0,0,0,0,0,0,0,0,0,0,39.9723,-75.139, , 
 ,30772,2016000942,6,67,67301,2015,12,5,1710,17,3,1,0,7,4, , ,N,2,0,0,3,0,1,1,1,N,N,39 56:13.903,75 10:00.639,1725, ,1723, ,0, ,N, ,0, , , , , ,338894, , , ,1,1,0,0,0,0,0,0,0,0,0,1,1,0,0,0,0,0,0,0,1,0,0,0,0,0,0,0,0,0,0,0,0,0,0,4,0,39.9372,-75.1668, , 
 ,30773,2016002613,6,67,67301,2015,12,4,947,9,1,1,0,8,1, , ,N,1,3,0,3,0,1,2,2,N,N,39 57:45.763,75 08:40.642,950, ,947, ,0, , , ,3, , , , , ,338895, , , ,1,0,0,0,0,0,1,0,0,0,0,1,1,0,0,0,0,0,0,0,0,1,0,1,0,0,0,0,0,0,0,0,1,0,0,4,0,39.9627,-75.1446, , 
 ,30774,2015115143,6,67,67301,2015,10,6,1321,13,1,1,0,8,6, , ,N,0,0,0,3,0,1,3,2,N,N,39 58:17.658,75 09:37.214,1332, ,1329, ,0, ,N, ,0, , , , , ,338902, , , ,1,0,0,0,0,0,1,0,0,0,0,1,1,0,0,0,0,0,0,0,0,0,0,0,0,0,0,0,0,0,0,0,1,0,0,4,0,39.9716,-75.1603, , 
 ,30775,2015091076,6,67,67301,2015,8,4,2007,20,4,1,0,4,1, , ,N,1,2,0,3,0,2,3,2,N, ,39 58:25.573,75 15:29.593,2009, ,2008, ,0, , , ,3, , , , , ,338905, , , ,1,1,0,0,0,0,0,0,1,0,2,0,2,0,0,0,0,0,0,0,0,0,0,0,0,0,0,0,0,0,0,0,0,0,0,3,0,39.9738,-75.2582, , 
 ,30776,2015102392,6,67,67301,2015,9,4,1520,15,1,9,0,5,1,1,8,Y,0,0,0,3,0,6,7,2,N,N,39 59:58.083,75 05:07.706,1015,99,1015, ,0, ,N, ,0, ,U, , ,U,338913, , , ,2,1,0,0,0,0,0,1,0,0,0,6,6,0,0,0,0,0,0,0,1,0,0,1,0,0,0,0,0,0,0,0,0,0,0,4,0,39.9995,-75.0855, , 
 ,30777,2015118160,6,67,67301,2015,10,5,640,6,5,2,1,8,1, , ,N,1,2,0,3,0,1,2,2,N,N,40 04:28.594,75 02:06.267,709, ,642,3,2,2,N, ,3,Y, , , , ,338926, , , ,1,0,0,0,0,0,0,1,0,1,0,0,1,0,0,0,0,0,0,0,0,0,0,0,0,0,0,0,0,0,0,0,1,0,1,2,0,40.0746,-75.0351, , 
 ,30778,2015049127,6,67,67301,2015,4,6,1619,16,1,1,0,4,1, , ,N,1,3,0,3,0,1,2,2,N,N,39 58:12.334,75 10:07.499,1900, ,1619, ,0, ,N, ,3, , , , , ,338932, , , ,2,1,0,0,0,0,0,1,0,0,0,1,1,0,0,0,0,0,0,0,1,0,0,0,0,0,0,0,0,0,0,0,0,0,0,4,0,39.9701,-75.1687, , 
 ,30779,2015056536,6,67,67301,2015,5,3,20,0,3,1,0,5,6, , ,N,0,0,0,3,0,0,1,4,N,N,39 59:12.805,75 06:34.004,23, ,23,2,1,2,N, ,0,N, , , , ,338940, , , ,4,3,0,0,0,0,1,0,0,0,0,0,0,0,0,0,0,0,0,0,0,0,0,0,0,0,0,0,0,0,0,0,0,0,0,0,0,39.9869,-75.1094, , 
 ,30780,2015080268,6,67,67301,2015,7,5,1055,10,1,1,0,1,1, , ,N,0,0,0,3,0,0,3,2,N,N,39 58:03.481,75 10:54.297,1055, ,1055,1,1,2, , ,0,N, , , , ,338992, , , ,2,2,0,0,0,0,0,0,0,0,0,0,0,0,0,0,0,0,0,1,0,0,0,0,0,0,0,0,0,0,0,0,0,0,0,0,0,39.9676,-75.1817, , 
 ,30781,2015081096,6,67,67301,2015,7,5,1230,12,1,1,0,4,1, , ,N,2,3,0,3,0,3,3,2,N, ,40 03:04.129,75 07:21.028,1240, ,1235, ,0, , , ,3, , , , , ,338994, , , ,2,1,0,0,0,0,1,0,0,0,0,2,3,1,0,0,0,0,0,0,0,0,0,0,0,0,0,0,0,0,0,0,0,0,0,4,0,40.0511,-75.1225, , 
 ,30782,2015075804,6,67,67301,2015,7,7,40,0,3,1,0,5,6, , ,N,0,0,0,3,0,1,2,2,N, ,40 00:43.801,75 08:59.665,1505, ,1500, ,0, , , ,0, , , , , ,339004, , , ,2,2,0,0,0,0,0,0,0,1,0,0,1,0,0,0,0,0,0,0,0,0,0,0,0,0,0,0,0,0,0,0,0,0,0,2,0,40.0122,-75.1499, , 
 ,30783,2015091027,6,67,67301,2015,8,1,1826,18,1,1,0,8,1, , ,N,0,0,0,3,0,1,2,2,N, ,40 03:47.923,75 02:55.525,1835, ,1826, ,0, , , ,0, , , , , ,339018, , , ,1,0,0,0,0,0,1,0,0,0,0,0,1,1,0,0,0,0,0,0,1,0,0,0,0,0,0,0,0,0,0,0,1,0,0,8,0,40.0633,-75.0488, , 
 ,30784,2015091110,6,67,67301,2015,8,5,1820,18,1,2,1,7,4, , ,N,0,0,0,3,0,1,1,1,N,N,40 01:15.291,75 06:02.485,1830, ,1826, ,0, ,N, ,0, , , , , ,339019, , , ,1,1,0,0,0,0,0,0,0,0,0,1,1,0,0,0,0,0,0,0,0,0,0,0,0,0,0,0,0,0,0,0,0,0,0,4,0,40.0209,-75.1007, , 
 ,30785,2015032718,6,67,67301,2015,3,3,1208,12,1,1,0,5,1, , ,N,0,0,0,3,0,0,2,2,N,N,39 58:52.782,75 12:25.075,1224, ,1208, ,0, ,N, ,0, , , , , ,339043, , , ,2,1,0,0,0,0,0,0,0,0,0,0,0,0,1,0,0,0,0,0,0,1,0,0,0,0,0,0,0,0,0,0,0,0,0,9,0,39.9813,-75.207, , 
 ,30786,2015097627,6,67,67301,2015,9,3,2225,22,3,1,0,1,1, , ,N,0,0,0,3,0,1,5,3,N,N,39 58:21.809,75 07:17.957,2239, ,2225,1,1,2,N, ,0,N, , , , ,339053, , , ,3,2,0,0,0,0,1,0,0,0,0,1,1,0,0,0,0,0,0,0,1,0,0,0,0,0,0,0,0,0,0,0,0,0,0,4,0,39.9727,-75.1217, , 
 ,30787,2015099093,6,67,67301,2015,9,6,1436,14,1,1,2,7,4, , ,N,0,0,0,3,0,0,1,1,N,N,39 59:36.402,75 11:34.318,1441, ,1436,1,1,1,N, ,0,N, , , , ,339056, , , ,1,0,0,0,0,0,1,0,0,0,0,0,0,0,0,0,0,0,0,0,1,0,0,0,0,0,0,0,0,0,0,0,0,0,0,0,0,39.9934,-75.1929, , 
 ,30788,2015102404,6,67,67301,2015,9,1,630,6,1,1,0,4,1, , ,N,1,2,0,3,0,1,2,2,N,N,40 05:12.685,74 58:19.097,700, ,647,2,1,1,N, ,3,N, , , , ,339059, , , ,2,1,0,0,0,0,1,0,0,0,0,1,1,0,0,0,0,0,0,0,0,0,1,0,0,0,0,0,0,0,0,0,0,0,0,4,0,40.0868,-74.9718, , 
 ,30789,2015073680,6,67,67301,2015,6,6,1906,19,1,1,0,6,1, , ,N,0,0,0,3,0,5,6,2,N,N,39 58:40.197,75 15:20.836,1917, ,1908,2,1,2,N, ,0,N, , , , ,342071, , , ,2,1,0,0,0,0,1,0,0,0,0,5,5,0,0,0,0,0,0,0,0,0,0,0,0,0,0,0,0,0,0,0,0,0,0,4,0,39.9778,-75.2558, , 
 ,30790,2015103337,6,67,67301,2015,9,6,1800,18,1,1,0,4,1, , ,N,1,0,0,3,0,1,2,2,N,N,39 59:44.750,75 10:51.931,1927, ,1922, ,0, ,N, ,0, , , , , ,342103, , , ,1,1,0,0,0,0,0,0,1,0,0,1,1,0,0,0,0,0,0,0,0,0,0,0,0,0,0,0,0,0,0,0,0,0,0,4,0,39.9958,-75.1811, , 
U,30791,2015103356,6,67,67301,2015,9,1,1432,14,1,1,0,1,1,8,8,Y,1,2,0,3,0,4,6,3,N,N,40 04:15.813,75 02:16.676,1439,99,1437,9,1,1,N, ,3,N,U,U,U,U,342104,U,U,U,3,1,0,0,1,0,0,0,0,0,1,0,4,3,0,0,0,0,0,0,1,0,0,0,0,0,0,0,0,0,0,0,0,0,0,3,0,40.0711,-75.038, , 
 ,30792,2015106201,6,67,67301,2015,10,3,635,6,1,1,0,5,1, , ,N,0,0,0,3,0,0,2,2,N,N,39 58:49.816,75 06:14.932,708, ,641, ,0, ,N, ,0, , , , , ,342106, , , ,2,1,0,0,0,1,0,0,0,0,0,0,0,0,0,0,0,0,0,0,0,0,0,0,0,0,0,0,0,0,0,0,0,0,0,0,1,39.9805,-75.1041, , 
 ,30793,2015109330,6,67,67301,2015,10,7,205,2,3,2,1,4,1, , ,N,1,1,0,3,0,0,4,3,N,N,40 01:00.648,75 08:58.512,209, ,207,2,1,2,Y, ,2,N, , , , ,342118, , , ,3,3,0,0,0,0,0,0,0,0,0,0,0,0,0,0,0,0,0,1,0,0,0,1,0,0,0,0,0,0,0,0,0,0,0,0,0,40.0169,-75.1495, , 
 ,30794,2015115004,6,67,67301,2015,10,7,1214,12,1,1,0,5,1, , ,N,0,0,0,3,0,1,3,2,N, ,40 02:06.620,75 02:38.401,1250, ,1230, ,0, , , ,0, , , , , ,342121, , , ,2,1,0,0,1,0,0,0,0,0,0,1,1,0,0,0,0,0,0,0,2,0,0,0,0,0,0,0,0,0,0,0,0,0,0,4,0,40.0352,-75.044, , 
 ,30795,2015073273,6,67,67301,2015,7,4,847,8,1,1,0,4,1, , ,N,3,3,0,3,0,1,4,2,N,N,40 00:06.436,75 06:22.125,850, ,847, ,0, ,N, ,3, , , , , ,342131, , , ,2,1,0,0,0,0,1,0,0,1,0,0,1,0,0,0,0,0,0,0,0,0,0,0,0,0,0,1,0,0,0,0,0,0,0,2,0,40.0018,-75.1061, , 
 ,30796,2015075807,6,67,67301,2015,7,4,1242,12,1,1,0,1,1, , ,N,0,0,0,3,0,4,6,2,N,N,39 59:57.345,75 08:06.275,1309, ,1300, ,0, ,N, ,0, , , , , ,342132, , , ,2,1,0,0,0,0,0,0,0,0,0,4,4,0,0,0,0,0,0,0,0,0,0,0,0,0,0,0,0,0,0,0,0,0,0,4,0,39.9993,-75.1351, , 
 ,30797,2015081138,6,67,67301,2015,7,1,2051,20,3,1,0,4,1, , ,N,1,0,0,3,0,1,3,2,N, ,39 55:03.087,75 13:45.959,2057, ,2055, ,0, , , ,0, , , , , ,342137, , , ,2,1,0,0,0,0,1,0,0,0,0,0,1,1,2,0,0,0,0,0,0,0,0,0,0,0,0,0,0,0,0,0,0,0,0,8,0,39.9175,-75.2294, , 
 ,30798,2015106448,6,67,67301,2015,9,3,2300,23,3,1,0,5,6, , ,N,0,0,0,3,0,0,1,3,N,N,40 01:08.990,75 06:41.457,2303, ,2303, ,0, ,N, ,0, , , , , ,342152, , , ,3,2,0,0,0,0,0,1,0,0,0,0,0,0,1,0,0,0,0,0,0,0,0,0,0,0,0,0,0,0,0,0,0,0,0,9,0,40.0192,-75.1115, , 
 ,30799,2015109322,6,67,67301,2015,10,6,1258,12,1,2,1,8,1, , ,N,1,2,0,3,0,1,2,2,N,N,39 57:15.080,75 10:11.059,1259, ,1259, ,0, ,N, ,3, , , , , ,342156, , , ,1,1,0,0,0,0,0,0,0,0,1,0,1,0,0,0,0,0,0,0,1,0,0,0,0,0,0,0,0,0,0,0,1,0,0,3,0,39.9542,-75.1698, , 
 ,30800,2015061911,6,67,67301,2015,5,6,1845,18,1,1,0,1,1, , ,N,1,2,0,3,0,1,3,3,N, ,40 00:24.350,75 07:53.666,1845, ,1300, ,0, , , ,3, , , , , ,342162, , , ,3,2,0,0,1,0,0,0,0,0,1,0,1,0,0,0,0,0,0,0,0,1,0,0,0,0,0,0,0,0,0,0,0,0,0,3,0,40.0068,-75.1316, , 
 ,30801,2015085219,6,67,67301,2015,8,6,1843,18,1,1,0,8,6, , ,N,0,0,0,3,0,2,4,3,N,N,39 56:38.115,75 13:53.578,1852, ,1849,1,1,3,N, ,0,N, , , , ,342181, , , ,1,1,0,0,0,0,0,0,0,0,0,0,2,2,0,0,0,0,0,0,0,0,0,0,0,0,0,0,0,0,0,0,2,0,0,8,0,39.9439,-75.2315, , 
 ,30802,2015091171,6,67,67301,2015,8,4,1335,13,1,1,0,5,6, , ,N,0,0,0,3,0,1,1,2,N,N,40 02:55.831,75 05:36.265,1345, ,1340, ,0, ,N, ,0, , , , , ,342186, , , ,2,2,0,0,0,0,0,0,0,0,0,0,1,1,0,0,0,0,0,0,1,0,0,0,0,0,0,0,0,0,0,0,0,0,0,8,0,40.0488,-75.0934, , 
 ,30803,2015095766,6,67,67301,2015,9,7,2322,23,3,1,0,8,1, , ,N,0,0,0,3,0,2,3,3,N,N,39 59:09.592,75 14:20.122,3, ,0, ,0, , , ,0, , , , , ,342191, , , ,1,1,0,0,0,0,0,0,0,0,0,2,2,0,0,0,0,0,0,0,0,0,0,0,0,0,0,0,0,0,0,0,2,0,0,4,0,39.986,-75.2389, , 
 ,30804,2015061741,6,67,67301,2015,5,7,1410,14,1,1,0,5,6, , ,N,0,0,0,3,0,2,3,3,N,N,40 00:41.140,75 09:09.129,1420, ,1415, ,0, ,N, ,0, , , , , ,342203, , , ,2,0,0,0,0,0,0,1,0,0,1,0,2,1,0,0,0,0,0,0,0,0,0,0,0,0,0,0,0,0,0,0,1,0,0,3,0,40.0114,-75.1525, , 
 ,30805,2015062749,6,67,67301,2015,5,2,1350,13,1,1,0,4,1, , ,N,1,2,0,3,0,1,2,3,N,N,40 03:58.061,75 03:46.964,1355, ,1350, ,0, ,N, ,3, , , , , ,342204, , , ,3,2,0,0,0,0,1,0,0,0,1,0,1,0,0,0,0,0,0,0,0,0,1,0,0,0,0,0,0,0,0,0,0,0,0,3,0,40.0661,-75.063, , 
 ,30806,2015070592,6,67,67301,2015,6,3,2040,20,3,1,1,8,1, , ,N,1,2,0,3,0,1,2,2,N,N,39 56:17.761,75 10:12.111,2046, ,2044, ,0, ,N, ,3, , , , , ,342212, , , ,1,0,0,0,0,0,1,0,0,0,0,1,1,0,0,0,0,0,0,0,0,1,0,0,0,0,0,0,0,0,0,0,1,0,0,4,0,39.9383,-75.17, , 
 ,30807,2015083436,6,67,67301,2015,7,4,2100,21,3,1,0,4,1, , ,N,0,0,6,3,0,0,5,2,N,N,39 54:24.448,75 10:24.559,2107, ,2105, ,0, ,N, ,0, , , , , ,344804, , , ,2,0,0,0,1,1,0,0,0,0,0,0,0,0,0,0,0,0,1,0,1,0,0,3,0,0,0,0,0,0,0,0,0,0,0,0,1,39.9068,-75.1735, , 
 ,30808,2015099092,6,67,67301,2015,9,6,9999,99,1,1,0,5,6, , ,N,0,0,0,3,0,1,1,2,N, ,40 01:45.662,75 05:13.469,1825, ,1825, ,0, , , ,0, , , , , ,344817, , , ,2,0,0,0,0,0,2,0,0,0,0,1,1,0,0,0,0,0,0,0,0,0,0,0,0,0,0,0,0,0,0,0,0,0,0,4,0,40.0294,-75.0871, , 
 ,30809,2015106459,6,67,67301,2015,9,6,1250,12,1,1,0,8,1, , ,N,0,0,0,3,0,1,4,2,N, ,40 01:16.071,75 08:23.487,1255, ,1252,1,1,1, , ,0,N, , , , ,344824, , , ,1,0,0,0,0,0,0,1,0,0,1,0,1,0,0,0,0,0,0,0,1,0,0,0,0,0,0,0,0,0,0,0,1,0,0,3,0,40.0211,-75.1399, , 
 ,30810,2015115142,6,67,67301,2015,10,6,1400,14,1,1,0,8,1, , ,N,1,3,0,3,0,1,2,2,N, ,39 59:18.578,75 08:12.530,1650, ,1642, ,0, , , ,3, , , , , ,344832, , , ,1,0,0,0,0,0,0,0,0,0,0,1,1,0,0,0,0,0,0,0,0,0,0,0,0,0,0,0,0,0,0,0,1,0,0,4,0,39.9885,-75.1368, , 
 ,30811,2016002367,6,67,67301,2015,12,7,135,1,3,1,0,7,4, , ,N,0,0,0,3,0,0,1,2,N,N,40 00:38.923,75 06:44.503,151, ,150, ,0, ,N, ,0, , , , , ,344848, , , ,1,1,0,0,0,0,0,0,0,0,0,0,0,0,0,0,0,0,0,0,1,0,0,0,0,0,0,0,0,0,0,0,0,0,0,0,0,40.0108,-75.1124, , 
 ,30812,2016002615,6,67,67301,2015,12,5,1100,11,1,2,1,8,1, , ,N,1,2,0,3,0,1,2,2,N,N,39 57:28.586,75 09:50.892,1108, ,1100, ,0, ,N, ,3, , , , , ,344849, , , ,1,0,0,0,0,0,1,0,0,0,0,1,1,0,0,0,0,0,0,0,0,0,0,0,0,0,0,0,0,0,0,0,1,0,0,4,0,39.9579,-75.1641, , 
 ,30813,2015083989,6,67,67301,2015,8,1,55,0,6,1,0,7,4, , ,N,0,0,0,3,0,2,2,1,N,N,39 58:42.710,75 06:38.140,102, ,57,1,2,2,Y, ,0,N, , , , ,344876, , , ,1,1,0,0,0,0,0,0,0,0,1,1,2,0,0,0,0,0,0,0,0,0,0,1,0,0,0,0,0,0,0,0,0,0,0,3,0,39.9785,-75.1106, , 
 ,30814,2015108489,6,67,67301,2015,10,7,2232,22,3,1,0,7,7, , ,N,7,0,0,3,0,1,2,1,N,N,39 57:08.599,75 10:55.538,2251, ,2232,2,1,4,Y, ,0,N, , , , ,344886, , , ,1,1,0,0,0,0,0,0,0,0,0,1,1,0,0,0,0,0,0,0,1,0,0,0,0,0,0,0,0,0,0,0,0,0,0,4,0,39.9524,-75.1821, , 
 ,30815,2015120522,6,67,67301,2015,11,3,1520,15,1,1,0,1,1, , ,N,0,0,0,3,0,0,7,3,N,N,40 02:58.554,74 59:18.325,1530, ,1521, ,0, ,N, ,0, , , , , ,344896, , , ,3,1,0,0,0,0,2,0,0,0,0,0,0,0,0,0,0,0,0,0,1,0,1,0,0,0,0,0,0,0,0,0,0,0,0,0,0,40.0496,-74.9884, , 
 ,30816,2015130309,6,67,67301,2015,11,4,130,1,3,1,0,8,1, , ,N,1,2,0,3,0,1,2,2,N,N,39 57:16.664,75 10:52.570,155, ,145, ,0, , , ,3, , , , , ,344906, , , ,1,0,0,0,0,0,1,0,0,0,0,0,1,1,0,0,0,0,0,0,1,0,0,0,0,0,0,0,0,0,0,0,1,0,0,8,0,39.9546,-75.1813, , 
 ,30817,2015133903,6,67,67301,2015,12,2,627,6,1,1,0,1,1, , ,N,0,0,0,3,0,0,2,2,N,N,40 00:35.480,75 12:22.139,636, ,630, ,0, ,N, ,0, , , , , ,344909, , , ,2,1,0,0,0,0,1,0,0,0,0,0,0,0,0,0,0,0,0,0,1,0,0,0,0,0,0,0,0,0,0,0,0,0,0,0,0,40.0099,-75.2061, , 
 ,30818,2015137076,6,67,67301,2015,12,3,1450,14,1,1,0,1,1, , ,N,0,0,0,3,0,1,3,2,N,N,39 57:23.893,75 10:08.173,1500, ,1455, ,0, ,N, ,0, , , , , ,344912, , , ,2,1,0,0,0,0,1,0,0,0,0,0,1,1,0,0,0,0,0,0,0,0,0,0,0,0,0,0,0,0,0,0,0,0,0,8,0,39.9566,-75.1689, , 
 ,30819,2015062750,6,67,67301,2015,5,1,1300,13,1,1,0,4,1, , ,N,1,2,0,3,0,1,4,2,N, ,40 00:51.106,75 11:30.611,1321, ,1321, ,0, , , ,3, , , , , ,344923, , , ,2,1,0,0,0,0,1,0,0,0,0,0,1,1,1,0,0,0,0,0,1,0,0,0,0,0,0,0,0,0,0,0,0,0,0,8,0,40.0142,-75.1918, , 
 ,30820,2015063848,6,67,67301,2015,6,7,442,4,3,2,1,5,6, , ,N,0,0,0,3,0,0,1,2,N,N,40 04:11.953,75 03:01.572,448, ,443,2,1,2,N, ,0,N, , , , ,344926, , , ,2,1,0,0,1,0,0,0,0,0,0,0,0,0,0,0,0,0,0,0,0,0,0,0,0,0,0,0,0,0,0,0,0,0,0,0,0,40.07,-75.0504, , 
 ,30821,2015120197,6,67,67301,2015,11,3,1755,17,3,1,0,1,1, , ,N,0,0,0,3,0,1,2,2,N,N,39 58:58.538,75 12:29.033,1755, ,1755, ,0, ,N, ,0, , , , , ,344938, , , ,2,2,0,0,0,0,0,0,0,0,0,0,1,1,0,0,0,0,0,0,1,0,0,0,0,0,0,0,0,0,0,0,0,0,0,8,0,39.9829,-75.2081, , 
 ,30822,2015135816,6,67,67301,2015,12,4,749,7,1,1,0,1,1, , ,N,0,0,0,3,0,6,8,3,N, ,40 02:47.433,75 09:59.425,809, ,806,1,1,2, , ,0,N, , , , ,344961, , , ,3,1,0,0,0,0,2,0,0,0,0,1,6,5,1,0,0,0,0,0,1,0,0,0,0,0,0,0,0,0,0,0,0,0,0,4,0,40.0465,-75.1665, , 
 ,30823,2016002455,6,67,67301,2015,12,3,1340,13,1,2,1,7,5, , ,N,0,0,0,3,0,1,2,1,N,N,39 55:20.800,75 11:20.100,1425, ,1425, ,0, ,N, ,0, , , , , ,344966, , , ,1,0,0,0,0,0,0,1,0,0,0,1,1,0,0,0,0,0,0,0,0,0,0,0,0,0,0,0,0,0,0,0,0,0,0,4,0,39.9224,-75.1889, , 
 ,30824,2015128651,6,67,67301,2015,11,4,2230,22,3,1,0,8,1, , ,N,1,2,0,3,0,1,2,2,N,N,39 59:22.394,75 10:08.017,9999, ,239, ,0, ,N, ,3, , , , , ,344976, , , ,1,0,0,0,1,0,0,0,0,0,1,0,1,0,1,0,0,0,0,0,0,0,0,0,0,0,0,0,0,0,0,0,1,0,0,3,0,39.9895,-75.1689, , 
 ,30825,2015130222,6,67,67301,2015,11,2,1521,15,1,1,0,8,1, , ,N,1,2,0,3,0,1,5,2,N, ,39 59:59.964,75 09:11.322,1528, ,1524, ,0, , , ,3, , , , , ,344977, , , ,1,0,0,0,0,0,1,0,0,0,0,1,1,0,0,0,0,0,0,0,0,0,0,0,0,0,0,0,0,0,0,0,1,0,0,4,0,40,-75.1531, , 
 ,30826,2016002014,6,67,67301,2015,12,2,1715,17,3,1,0,1,1, , ,N,0,0,0,3,0,0,2,2,N,N,39 55:35.209,75 11:40.769,1804, ,1727, ,0, ,N, ,0, , , , , ,336016, , , ,2,1,0,0,0,0,1,0,0,0,0,0,0,0,0,0,0,0,1,0,0,0,0,0,0,0,0,0,0,0,0,0,0,0,0,0,0,39.9264,-75.1947, , 
 ,30827,2015120604,6,67,67301,2015,11,3,540,5,3,2,1,1,1, , ,N,0,0,0,3,0,0,4,4,N,N,40 01:22.014,75 02:11.871,544, ,540,2,2,2,N, ,0,N, , , , ,336031, , , ,4,1,0,0,1,0,2,0,0,0,0,0,0,0,0,0,0,0,0,0,3,0,0,0,0,0,0,0,0,0,0,0,0,0,0,0,0,40.0228,-75.0366, , 
 ,30828,2015134726,6,67,67301,2015,9,5,1529,15,1,2,1,8,1, , ,N,1,0,0,3,0,1,2,2,N, ,40 03:16.301,75 05:26.793,1541, ,1540, ,0, , , ,0, , , , , ,336047, , , ,1,1,0,0,0,0,0,0,0,0,0,1,1,0,0,0,0,0,0,0,0,0,0,1,0,0,0,0,0,0,0,0,1,0,0,4,0,40.0545,-75.0908, , 
 ,30829,2016002022,6,67,67301,2015,12,4,813,8,1,1,0,7,1, , ,N,0,0,0,3,0,0,1,1,N,N,39 53:27.271,75 11:58.812,819, ,814, ,0, ,N, ,0, , , , , ,336052, , , ,1,0,0,0,0,0,1,0,0,0,0,0,0,0,0,0,0,0,0,0,0,0,0,0,0,0,0,0,0,0,0,0,0,0,0,0,0,39.8909,-75.1997, , 
 ,30830,2015031053,6,67,67301,2015,2,7,1330,13,1,1,0,4,1, , ,N,10,3,0,3,0,1,3,2,N,N,40 02:10.064,75 05:54.603,1356, ,1343, ,0, ,N, ,3, , , , , ,336062, , , ,2,1,0,0,1,0,0,0,0,0,0,0,1,1,0,0,0,0,0,0,0,0,0,0,0,0,0,0,0,0,0,0,0,0,0,8,0,40.0361,-75.0985, , 
 ,30831,2015045439,6,67,67301,2015,4,5,2328,23,3,2,1,8,1, , ,N,1,2,0,3,0,1,2,2,N, ,39 56:52.576,75 09:44.521,5, ,3, ,0, , , ,3, , , , , ,336075, , , ,1,0,0,0,0,0,0,1,0,0,0,1,1,0,0,0,0,0,0,0,0,0,0,0,0,0,0,0,0,0,0,0,1,0,0,4,0,39.9479,-75.1624, , 
 ,30832,2015121058,6,67,67301,2015,10,6,1518,15,1,1,0,7,1, , ,N,0,0,0,3,0,0,1,1,N,N,39 55:15.854,75 11:40.598,1620, ,1615,2,1,1,N, ,0,N, , , , ,336091, , , ,1,1,0,0,0,0,0,0,0,0,0,0,0,0,0,0,0,0,0,0,1,0,0,0,0,0,0,0,0,0,0,0,0,0,0,0,0,39.9211,-75.1946, , 