wz_ln_closure,objectid_1,crn,district,county,municipality,crash_year,crash_month,day_of_week,time_of_day,hour_of_day,illumination,weather,road_condition,collision_type,relation_to_road,work_zone_type,work_zone_loc,work_zone_ind,intersect_type,tcd_type,location_type,urban_rural,fatal_count,injury_count,person_count,total_units,sch_bus_ind,sch_zone_ind,latitude,longitude,arrival_tm,cons_zone_spd_lim,dispatch_tm,est_hrs_closed,lane_closed,ln_close_dir,ntfy_hiwy_maint,spec_juris_cd,tcd_func_cd,tfc_detour_ind,workers_pres,wz_close_detour,wz_flagger,wz_law_offcr_ind,objectid,wz_moving,wz_other,wz_shlder_mdn,vehicle_count,automobile_count,motorcycle_count,bus_count,small_truck_count,heavy_truck_count,suv_count,van_count,bicycle_count,maj_inj_count,mod_inj_count,min_inj_count,tot_inj_count,unk_inj_deg_count,unk_inj_per_count,driver_count_16yr,driver_count_17yr,driver_count_18yr,driver_count_19yr,driver_count_20yr,driver_count_50_64yr,driver_count_65_74yr,driver_count_75plus,unbelted_occ_count,unb_death_count,unb_maj_inj_count,belted_death_count,belted_maj_inj_count,mcycle_death_count,mcycle_maj_inj_count,bicycle_death_count,bicycle_maj_inj_count,ped_count,ped_death_count,ped_maj_inj_count,max_severity_level,comm_veh_count,dec_lat,dec_long,rdwy_surf_type_cd,county_name
 ,30900,2015091059,6,67,67301,2015,8,1,1615,16,1,1,0,5,4, , ,N,0,0,0,3,0,1,1,3,N, ,39 59:25.400,75 08:22.900,1630, ,1625,1,2,4, , ,0,Y, , , , ,336218, , , ,3,1,0,0,0,0,2,0,0,1,0,0,1,0,0,0,0,0,0,0,0,0,0,0,0,0,0,0,0,0,0,0,0,0,0,2,0,39.9904,-75.1397, , 
 ,30901,2015092050,6,67,67301,2015,8,1,2327,23,3,1,0,7,5, , ,N,3,2,0,3,0,2,2,2,N, ,40 04:29.706,75 02:45.397,2359, ,2355,9,2,7, , ,3,Y, , , , ,336221, , , ,1,1,0,0,0,0,0,0,0,0,0,2,2,0,0,0,0,0,0,0,0,0,0,0,0,0,0,0,0,0,0,0,1,0,0,4,0,40.0749,-75.0459, , 
 ,30902,2015056558,6,67,67301,2015,5,7,50,0,3,8,0,8,1, , ,N,0,0,0,3,0,1,2,2,N, ,40 02:34.940,75 08:59.816,56, ,54, ,0, , , ,0, , , , , ,336244, , , ,1,1,0,0,0,0,0,0,0,0,0,1,1,0,0,0,0,0,0,0,0,0,0,0,0,0,0,0,0,0,0,0,1,0,0,4,0,40.043,-75.1499, , 
 ,30903,2015063831,6,67,67301,2015,6,3,650,6,1,2,1,5,1, , ,N,0,0,2,3,0,1,2,2,N,N,39 53:32.216,75 13:20.274,748, ,746, ,0, ,N, ,0, , , , , ,336250, , , ,2,0,0,0,0,0,0,2,0,0,0,1,1,0,1,0,0,0,0,0,0,0,0,0,0,0,0,0,0,0,0,0,0,0,0,4,0,39.8923,-75.2223, , 
 ,30904,2015063854,6,67,67301,2015,6,2,1715,17,1,2,1,4,1, , ,N,1,2,0,3,0,1,2,2,N,N,40 03:06.246,75 07:37.696,1757, ,1756, ,0, ,N, ,3, , , , , ,336251, , , ,2,1,0,0,0,0,0,0,0,0,0,0,1,1,0,0,0,0,1,0,0,1,0,0,0,0,0,0,0,0,0,0,0,0,0,8,0,40.0517,-75.1271, , 
 ,30905,2015095337,6,67,67301,2015,8,7,1614,16,1,1,0,1,1, , ,N,0,0,0,3,0,1,2,2,N,N,39 53:31.957,75 14:08.212,1636, ,1615,2,2,1,Y, ,0,N, , , , ,336257, , , ,2,1,0,0,0,0,1,0,0,0,1,0,1,0,0,0,0,0,0,0,0,0,0,0,0,0,0,0,0,0,0,0,0,0,0,3,0,39.8922,-75.2356, , 
 ,30906,2015033732,6,67,67301,2015,3,1,2325,23,3,1,5,7,5, , ,N,2,2,0,3,0,0,1,1,N,N,40 00:30.383,75 10:13.649,2335, ,2325, ,0, ,N, ,3, , , , , ,336292, , , ,1,0,0,0,0,0,1,0,0,0,0,0,0,0,0,0,0,0,0,0,0,0,0,0,0,0,0,0,0,0,0,0,0,0,0,0,0,40.0084,-75.1704, , 
 ,30907,2015066257,6,67,67301,2015,6,7,1241,12,1,1,0,4,1, , ,N,1,2,0,3,0,3,6,2,N, ,39 59:27.441,75 10:47.643,1305, ,1258,1,1,1, , ,3,N, , , , ,336302, , , ,2,2,0,0,0,0,0,0,0,0,0,0,3,3,1,0,0,0,0,0,0,0,1,0,0,0,0,0,0,0,0,0,0,0,0,8,0,39.991,-75.1799, , 
 ,30908,2015087879,6,67,67301,2015,6,4,1715,17,1,1,0,4,1, , ,N,2,3,0,3,0,1,3,2,N,N,40 00:11.851,75 10:43.881,0, ,0, ,0, ,N, ,3, , , , , ,336324, , , ,2,2,0,0,0,0,0,0,0,0,0,1,1,0,0,0,0,0,0,0,0,0,1,0,0,0,0,0,0,0,0,0,0,0,0,4,0,40.0033,-75.1789, , 
 ,30909,2015092463,6,67,67301,2015,8,4,2130,21,2,1,0,6,1, , ,N,0,0,0,3,0,2,3,2,N,N,39 58:44.121,75 11:21.035,2134, ,2134,2,1,5, , ,0,N, , , , ,336335, , , ,2,1,0,0,0,0,0,1,0,0,0,1,2,1,1,0,0,0,0,0,0,1,0,0,0,0,0,0,0,0,0,0,0,0,0,4,0,39.9789,-75.1892, , 
 ,30910,2016002598,6,67,67301,2015,12,4,1637,16,1,1,0,4,1, , ,N,2,3,0,3,0,1,3,2,N,N,39 54:57.347,75 14:42.963,1704, ,1703,1,1,7,N, ,3,N, , , , ,336351, , , ,2,2,0,0,0,0,0,0,0,0,0,0,1,1,0,0,0,0,0,0,0,0,0,0,0,0,0,0,0,0,0,0,0,0,0,8,0,39.9159,-75.2453, , 
 ,30911,2016016048,6,67,67301,2015,10,7,2328,23,3,1,0,1,1, , ,N,6,0,2,3,0,1,2,2,N,N,40 00:35.625,75 11:10.707,0, ,0, ,0, ,N, ,0, , , , , ,336352, , , ,2,0,0,0,0,0,1,0,0,0,0,0,1,1,0,0,0,0,0,0,1,0,0,0,0,0,0,0,0,0,0,0,0,0,0,8,0,40.0096,-75.1873, , 
 ,30912,2015098964,6,67,67301,2015,9,3,1440,14,1,1,0,0,1, , ,N,0,0,6,3,0,1,1,2,N,N,40 01:44.274,75 05:25.759,1515, ,1448, ,0, ,N, ,0, , , , , ,336376, , , ,1,0,1,0,0,0,0,0,0,0,1,0,1,0,0,0,0,0,0,0,0,0,0,0,0,0,0,0,0,0,0,0,0,0,0,3,0,40.029,-75.0905, , 
 ,30913,2015103386,6,67,67301,2015,9,4,1453,14,1,1,0,4,1, , ,N,2,2,0,3,0,1,2,2,N,N,39 55:23.732,75 13:14.087,1648, ,1640, ,0, , , ,3, , , , , ,336381, , , ,2,0,0,0,1,0,0,1,0,0,1,0,1,0,0,0,0,0,0,0,1,1,0,0,0,0,0,0,0,0,0,0,0,0,0,3,0,39.9233,-75.2206, , 
 ,30914,2015105130,6,67,67301,2015,9,2,1248,12,1,1,0,4,1, , ,N,1,3,0,3,0,1,3,3,N,N,40 03:19.321,75 04:43.017,1300, ,1250,9,1,1,N, ,3,N, , , , ,336382, , , ,3,0,0,0,2,0,1,0,0,0,0,1,1,0,1,0,0,0,0,0,0,0,0,0,0,0,0,0,0,0,0,0,0,0,0,4,0,40.0554,-75.0786, , 
 ,30915,2015120092,6,67,67301,2015,10,5,1506,15,1,1,0,8,1, , ,N,1,2,0,3,0,2,3,3,N,N,39 57:16.318,75 14:03.227,1507, ,1506, ,0, , , ,3, , , , , ,336409, , , ,1,1,0,0,0,0,0,0,0,0,0,2,2,0,0,0,0,0,0,0,1,0,0,0,0,0,0,0,0,0,0,0,2,0,0,4,0,39.9545,-75.2342, , 
 ,30916,2015075298,6,67,67301,2015,7,5,1950,19,1,2,1,4,1, , ,N,0,0,0,3,0,0,2,2,N,N,39 58:52.267,75 12:00.007,2000, ,1955, ,0, ,N, ,0, , , , , ,339330, , , ,2,2,0,0,0,0,0,0,0,0,0,0,0,0,0,0,0,0,0,0,1,0,0,0,0,0,0,0,0,0,0,0,0,0,0,0,0,39.9812,-75.2, , 
 ,30917,2015074398,6,67,67301,2015,7,4,1241,12,1,1,1,1,1, , ,N,0,0,0,3,0,1,5,2,N,N,39 57:29.692,75 09:53.283,1256, ,1241,1,2,4,N, ,0,N, , , , ,339352, , , ,2,2,0,0,0,0,0,0,0,0,0,0,1,1,0,0,0,0,0,0,0,1,0,0,0,0,0,0,0,0,0,0,0,0,0,8,0,39.9582,-75.1648, , 
 ,30918,2015078655,6,67,67301,2015,7,5,9999,99,1,1,0,1,1, , ,N,0,0,0,3,0,1,2,2,N, ,40 04:34.192,75 10:36.096,1639, ,1639, ,0, , , ,0, , , , , ,339356, , , ,2,1,0,0,1,0,0,0,0,0,0,0,1,1,0,0,0,0,0,0,0,0,0,0,0,0,0,0,0,0,0,0,0,0,0,8,0,40.0762,-75.1767, , 
 ,30919,2015083420,6,67,67301,2015,7,1,206,2,3,1,0,4,1, , ,N,1,2,0,3,0,0,2,2,N, ,40 01:18.437,75 08:22.555,212, ,209, ,0, , , ,3, , , , , ,339361, , , ,2,0,0,0,0,0,1,1,0,0,0,0,0,0,0,0,0,1,1,0,0,0,0,0,0,0,0,0,0,0,0,0,0,0,0,0,0,40.0218,-75.1396, , 
 ,30920,2015088713,6,67,67301,2015,8,3,15,0,3,1,0,1,1, , ,N,2,2,2,3,0,0,2,2,N,N,39 56:18.552,75 08:31.577,32, ,20, ,0, , , ,3, , , , , ,339365, , , ,2,1,0,0,0,0,1,0,0,0,0,0,0,0,0,0,0,0,0,0,1,0,0,0,0,0,0,0,0,0,0,0,0,0,0,0,0,39.9385,-75.1421, , 
 ,30921,2015063898,6,67,67301,2015,6,4,1618,16,1,1,0,6,1, , ,N,2,0,0,3,0,5,7,2,N,N,40 01:18.588,75 04:31.132,1725, ,1623,3,2,6,N, ,0,Y, , , , ,339369, , , ,2,1,0,1,0,0,0,0,0,0,0,5,5,0,1,0,0,0,0,0,0,0,0,0,0,0,0,0,0,0,0,0,0,0,0,4,1,40.0218,-75.0753, , 
 ,30922,2015065469,6,67,67301,2015,6,3,851,8,1,2,1,4,1, , ,N,0,0,7,3,0,3,3,2,N, ,40 03:50.423,75 03:14.678,856, ,855, ,0, , , ,0, , , , , ,339371, , , ,2,1,0,0,0,0,0,1,0,0,0,3,3,0,0,0,0,0,0,0,0,0,0,0,0,0,0,0,0,0,0,0,0,0,0,4,0,40.064,-75.0541, , 
 ,30923,2015073463,6,67,67301,2015,7,5,2025,20,2,8,1,7,2, , ,N,0,0,0,3,0,1,1,1,N,N,39 56:02.820,75 11:59.652,2040, ,2028,1,1,4,N, ,0,N, , , , ,339390, , , ,1,1,0,0,0,0,0,0,0,0,0,0,1,1,0,0,0,0,1,0,0,0,0,1,0,0,0,0,0,0,0,0,0,0,0,8,0,39.9341,-75.1999, , 
 ,30924,2015109285,6,67,67301,2015,10,1,1533,15,1,1,0,4,1, , ,N,1,2,0,3,0,1,2,2,N, ,39 57:09.508,75 10:41.403,1533, ,1533, ,0, ,N, ,3, , , , , ,339422, , , ,1,1,0,0,0,0,0,0,1,0,0,1,1,0,0,0,0,0,0,0,0,0,0,0,0,0,0,0,0,0,0,0,0,0,0,4,0,39.9526,-75.1781, , 
 ,30925,2015061768,6,67,67301,2015,5,7,1430,14,1,1,0,4,1, , ,N,1,3,0,3,0,1,3,2,N,N,40 01:22.026,75 02:52.591,1438, ,1430,2,2,7,N, ,3,Y, , , , ,339439, , , ,2,2,0,0,0,0,0,0,0,0,1,0,1,0,0,0,0,0,0,0,0,0,0,0,0,0,0,0,0,0,0,0,0,0,0,3,0,40.0228,-75.0479, , 
 ,30926,2015078693,6,67,67301,2015,7,4,41,0,3,1,0,4,1, , ,N,5,2,0,3,0,1,3,2,N, ,40 02:30.909,75 04:29.910,49, ,48,1,2,1, , ,3,N, , , , ,339453, , , ,2,1,0,0,0,0,1,0,0,0,0,1,1,0,0,0,0,0,0,0,0,0,0,0,0,0,0,0,0,0,0,0,0,0,0,4,0,40.0419,-75.075, , 
 ,30927,2015084401,6,67,67301,2015,7,5,1622,16,1,2,1,4,1, , ,N,1,2,0,3,0,0,2,2,N, ,39 58:31.677,75 07:15.443,1622, ,1620,1,1,2, , ,3,N, , , , ,339457, , , ,2,1,0,0,0,0,0,1,0,0,0,0,0,0,0,0,0,0,0,1,1,0,0,0,0,0,0,0,0,0,0,0,0,0,0,0,0,39.9747,-75.1217, , 
 ,30928,2015088791,6,67,67301,2015,8,6,540,5,5,1,0,2,1, , ,N,1,2,0,3,0,0,2,2,N,N,40 03:33.971,75 05:09.267,618, ,610,2,1,1,N, ,3,N, , , , ,339462, , , ,2,1,0,0,0,1,0,0,0,0,0,0,0,0,0,0,0,0,0,0,0,0,0,0,0,0,0,0,0,0,0,0,0,0,0,0,1,40.0594,-75.0859, , 
 ,30929,2015092956,6,67,67301,2015,8,2,1600,16,1,1,0,1,1, , ,N,0,2,0,3,0,1,3,2,N,N,39 55:37.481,75 08:41.293,1622, ,1620, ,0, ,N, ,3, , , , , ,339466, , , ,2,1,0,0,0,0,1,0,0,0,0,1,1,0,0,0,0,0,0,0,0,0,0,0,0,0,0,0,0,0,0,0,0,0,0,4,0,39.9271,-75.1448, , 
 ,30930,2015106449,6,67,67301,2015,9,7,505,5,3,1,0,7,1, , ,N,0,0,0,3,0,0,1,1,N,N,40 00:51.505,75 08:50.280,512, ,512,2,2,5,N, ,0,N, , , , ,339476, , , ,1,1,0,0,0,0,0,0,0,0,0,0,0,0,0,0,0,0,0,0,0,0,0,0,0,0,0,0,0,0,0,0,0,0,0,0,0,40.0143,-75.1473, , 
 ,30931,2015106469,6,67,67301,2015,9,2,1250,12,1,1,0,4,1, , ,N,1,3,0,3,0,1,2,2,N,N,40 00:15.087,75 05:48.465,1259, ,1255, ,0, ,N, ,3, , , , , ,339496, , , ,2,1,0,0,0,0,1,0,0,0,0,1,1,0,0,0,0,0,0,0,1,0,0,0,0,0,0,0,0,0,0,0,0,0,0,4,0,40.0042,-75.0968, , 
 ,30932,2015020695,6,67,67301,2015,1,3,2050,20,3,8,1,4,1, , ,N,1,2,0,3,0,2,3,2,N, ,39 59:25.216,75 13:13.303,2135, ,2132, ,0, , , ,3, , , , , ,339521, , , ,2,2,0,0,0,0,0,0,0,0,0,0,2,2,0,0,0,0,0,0,0,0,0,0,0,0,0,0,0,0,0,0,0,0,0,8,0,39.9903,-75.2204, , 
 ,30933,2015025011,6,67,67301,2015,2,3,2245,22,3,1,0,4,1, , ,N,1,3,0,3,0,2,4,2,N,N,40 00:05.127,75 09:05.620,2255, ,2250, ,0, ,N, ,3, , , , , ,339526, , , ,2,1,0,1,0,0,0,0,0,0,0,2,2,0,0,0,0,0,0,0,1,0,0,0,0,0,0,0,0,0,0,0,0,0,0,4,1,40.0014,-75.1516, , 
 ,30934,2015107453,6,67,67301,2015,10,5,1813,18,3,2,1,4,1, , ,N,5,1,0,3,0,0,3,3,N,N,39 57:31.435,75 09:18.489,1818, ,1814,1,1,4,N, ,2,N, , , , ,342507, , , ,3,1,0,0,0,0,1,0,0,0,0,0,0,0,0,0,0,0,0,0,0,0,0,0,0,0,0,0,0,0,0,0,0,0,0,0,0,39.9587,-75.1551, , 
 ,30935,2015108795,6,67,67301,2015,10,2,1242,12,1,1,0,8,1, , ,N,2,2,0,3,0,2,3,3,N,N,40 02:27.297,75 11:14.369,1340, ,1335, ,0, ,N, ,3, , , , , ,342518, , , ,1,1,0,0,0,0,0,0,0,0,0,1,2,1,0,0,0,0,0,0,0,1,0,0,0,0,0,0,0,0,0,0,2,0,0,4,0,40.0409,-75.1873, , 
 ,30936,2015069715,6,67,67301,2015,6,1,750,7,1,1,0,4,1, , ,N,1,3,0,3,0,1,2,2,N,N,40 02:09.349,75 07:35.780,759, ,754, ,0, ,N, ,3, , , , , ,342524, , , ,2,0,0,0,0,0,1,1,0,0,0,1,1,0,0,0,0,0,0,0,1,0,0,0,0,0,0,0,0,0,0,0,0,0,0,4,0,40.0359,-75.1266, , 
 ,30937,2015077842,6,67,67301,2015,7,2,1415,14,1,1,0,4,1, , ,N,0,0,0,3,0,0,2,2,N,N,40 03:12.860,75 02:57.492,1420, ,1415,9,1,1,N, ,0,N, , , , ,342531, , , ,2,1,0,0,0,0,1,0,0,0,0,0,0,0,0,0,0,0,0,0,1,1,0,0,0,0,0,0,0,0,0,0,0,0,0,0,0,40.0536,-75.0493, , 
 ,30938,2015088706,6,67,67301,2015,8,1,1510,15,1,1,0,4,1, , ,N,1,2,0,3,0,0,4,2,N,N,39 54:42.148,75 10:20.534,1510, ,1510,2,1,1,N, ,3,N, , , , ,342537, , , ,2,1,0,0,1,0,0,0,0,0,0,0,0,0,0,0,0,0,0,0,0,0,0,0,0,0,0,0,0,0,0,0,0,0,0,0,0,39.9117,-75.1724, , 
 ,30939,2015096341,6,67,67301,2015,9,5,1011,10,1,2,1,1,1, , ,N,0,0,0,3,0,0,2,2,N,N,39 57:28.414,75 09:43.234,1021, ,1013, ,0, ,N, ,0, , , , , ,342547, , , ,2,0,0,0,0,0,1,1,0,0,0,0,0,0,0,0,0,0,0,0,2,0,0,0,0,0,0,0,0,0,0,0,0,0,0,0,0,39.9579,-75.162, , 
 ,30940,2015100700,6,46,46108,2015,9,7,915,9,1,1,0,8,1, , ,N,2,3,0,3,0,1,2,2,N,N,40 05:13.538,75 12:48.575,922, ,917, ,0, ,N, ,3, , , , , ,342552, , , ,1,0,0,0,0,0,1,0,1,0,0,0,1,1,0,0,0,0,0,0,0,1,0,0,0,0,0,0,0,0,0,0,0,0,0,8,0,40.0871,-75.2135, , 
 ,30941,2015066200,6,67,67301,2015,5,7,1630,16,1,1,0,4,2, , ,N,0,0,0,3,0,1,2,2,N,N,39 59:37.503,75 12:50.353,1710, ,1658, ,0, ,N, ,0, , , , , ,342582, , , ,2,1,0,0,0,0,1,0,0,0,0,1,1,0,0,0,0,0,0,0,0,1,0,0,0,0,0,0,0,0,0,0,0,0,0,4,0,39.9938,-75.214, , 
 ,30942,2015072872,6,67,67301,2015,6,1,1245,12,1,1,0,8,1, , ,N,1,2,0,3,0,1,2,2,N,N,40 01:31.839,75 09:03.607,1305, ,1257, ,0, ,N, ,3, , , , , ,342586, , , ,1,1,0,0,0,0,0,0,0,0,0,0,1,1,0,0,0,0,0,0,0,0,0,0,0,0,0,0,0,0,0,0,1,0,0,8,0,40.0255,-75.151, , 
 ,30943,2015083404,6,67,67301,2015,7,5,1600,16,1,2,1,4,1, , ,N,1,0,0,3,0,0,2,2,N, ,39 58:44.040,75 08:50.377,1620, ,1601, ,0, , , ,0, , , , , ,342592, , , ,2,2,0,0,0,0,0,0,0,0,0,0,0,0,0,0,0,0,0,0,0,0,0,0,0,0,0,0,0,0,0,0,0,0,0,0,0,39.9789,-75.1473, , 
 ,30944,2015086118,6,67,67301,2015,3,5,1445,14,1,1,0,1,1, , ,N,0,0,8,3,0,0,3,3,N,N,39 57:24.672,75 09:04.454,0, ,0, ,0, ,N, ,0, , , , , ,342598, , , ,3,1,0,0,0,0,0,1,0,0,0,0,0,0,0,0,0,0,0,0,0,0,0,0,0,0,0,0,0,0,0,0,0,0,0,0,0,39.9569,-75.1512, , 
Y,30945,2015088598,6,67,67301,2015,8,5,1620,16,1,1,0,1,1,1,4,Y,0,0,3,3,0,1,6,3,N,N,39 57:18.7,75 08:48.8,1620,35,1620, ,0, ,N, ,0, ,Y, , ,N,342601, , , ,3,1,0,0,0,0,2,0,0,0,0,0,1,1,0,0,0,0,0,0,0,0,0,0,0,0,0,0,0,0,0,0,0,0,0,8,0,39.9552,-75.1469, , 
 ,30946,2015086112,6,67,67301,2015,3,5,1320,13,1,1,0,5,1, , ,N,2,0,0,3,0,1,2,2,N,N,40 04:06.330,75 02:23.513,0, ,0, ,0, ,N, ,0, , , , , ,342615, , , ,2,1,0,0,0,0,1,0,0,0,1,0,1,0,0,0,0,0,0,0,1,0,0,0,0,0,0,0,0,0,0,0,0,0,0,3,0,40.0684,-75.0399, , 
 ,30947,2015093558,6,67,67301,2015,8,1,2027,20,3,1,0,7,3, , ,N,0,0,0,3,0,2,5,3,N,N,39 55:37.444,75 11:42.855,2051, ,2032,2,2,3,N, ,0,N, , , , ,342624, , , ,2,1,0,0,1,0,0,0,0,0,0,2,2,0,0,0,0,0,0,0,1,0,0,0,0,0,0,0,0,0,0,0,0,0,0,4,0,39.9271,-75.1952, , 
 ,30948,2015070179,6,67,67301,2015,6,7,1101,11,1,1,0,4,1, , ,N,1,2,0,3,0,1,2,2,N, ,40 01:43.906,75 05:09.211,1110, ,1101, ,0, , , ,3, , , , , ,342641, , , ,2,1,0,0,0,0,1,0,0,0,0,0,1,1,0,0,0,0,0,0,0,0,0,0,0,0,0,0,0,0,0,0,0,0,0,8,0,40.0289,-75.0859, , 
 ,30949,2015078289,6,67,67301,2015,7,6,2344,23,3,1,0,1,1, , ,N,0,0,0,3,0,2,5,3,N,N,39 59:22.433,75 09:19.528,2350, ,2348, ,0, ,N, ,0, , , , , ,342650, , , ,3,1,0,0,0,0,1,1,0,0,2,0,2,0,0,0,0,0,0,0,0,1,0,0,0,0,0,0,0,0,0,0,0,0,0,3,0,39.9896,-75.1554, , 
 ,30950,2015088695,6,67,67301,2015,8,7,1243,12,1,1,0,1,1, , ,N,0,0,0,3,0,2,4,3,N,N,40 00:19.892,75 06:18.299,9999, ,9999, ,0, ,N, ,0, , , , , ,342660, , , ,3,2,0,0,1,0,0,0,0,0,0,2,2,0,1,0,0,0,0,0,1,0,0,0,0,0,0,0,0,0,0,0,0,0,0,4,0,40.0055,-75.1051, , 
 ,30951,2015038614,6,67,67301,2015,3,1,150,1,3,1,0,4,1, , ,N,1,2,0,3,0,1,4,2,N,N,40 03:42.317,75 03:21.839,155, ,152, ,0, ,N, ,3, , , , , ,342677, , , ,2,1,0,0,0,0,1,0,0,0,0,1,1,0,0,0,0,0,0,0,1,0,0,2,0,0,0,0,0,0,0,0,0,0,0,4,0,40.0618,-75.0561, , 
 ,30952,2015091026,6,67,67301,2015,8,6,625,6,1,1,1,4,1, , ,N,1,2,0,3,0,0,4,4,N,N,40 03:42.905,75 09:47.363,633, ,627, ,0, ,N, ,3, , , , , ,345112, , , ,4,2,0,0,0,1,1,0,0,0,0,0,0,0,0,0,0,0,1,0,1,0,0,4,0,0,0,0,0,0,0,0,0,0,0,0,1,40.0619,-75.1632, , 
 ,30953,2015103261,6,67,67301,2015,9,6,227,2,3,1,0,7,4, , ,N,0,0,0,3,0,1,1,1,N,N,40 01:55.808,75 11:29.417,231, ,228, ,0, ,N, ,0, , , , , ,345122, , , ,1,1,0,0,0,0,0,0,0,0,1,0,1,0,0,0,0,0,0,0,0,0,0,0,0,0,0,0,0,0,0,0,0,0,0,3,0,40.0322,-75.1915, , 
 ,30954,2015115093,6,67,67301,2015,10,5,2130,21,3,1,0,4,1, , ,N,1,2,7,3,0,2,3,2,N,N,39 56:22.379,75 11:53.331,2150, ,2150, ,0, , , ,3, , , , , ,345141, , , ,2,2,0,0,0,0,0,0,0,0,0,2,2,0,0,0,0,0,0,0,0,0,0,1,0,0,0,0,0,0,0,0,0,0,0,4,0,39.9396,-75.1982, , 
 ,30955,2015130060,6,67,67301,2015,11,4,1040,10,1,1,0,4,1, , ,N,0,0,7,3,0,0,2,2,N, ,39 59:38.336,75 05:44.777,1100, ,1054, ,0, , , ,0, , , , , ,345181, , , ,2,2,0,0,0,0,0,0,0,0,0,0,0,0,0,0,0,0,0,0,0,0,0,0,0,0,0,0,0,0,0,0,0,0,0,0,0,39.994,-75.0958, , 
 ,30956,2015130387,6,67,67301,2015,11,5,1540,15,1,1,0,4,1, , ,N,1,2,0,3,0,2,5,2,N,N,39 56:18.900,75 11:54.432,1650, ,1644, ,0, ,N, ,2, , , , , ,345183, , , ,2,1,0,0,0,0,0,1,0,0,0,0,2,2,0,0,1,0,0,0,0,1,0,0,0,0,0,0,0,0,0,0,0,0,0,8,0,39.9386,-75.1985, , 
 ,30957,2015069765,6,46,46102,2015,5,3,2150,21,3,1,0,4,1, , ,N,0,0,7,3,0,1,4,2,N,N,40 04:29.791,75 09:35.406,2315, ,2306, ,0, , , ,0, , , , , ,345199, , , ,2,0,0,0,0,0,2,0,0,0,0,1,1,0,0,0,0,0,0,0,0,0,0,0,0,0,0,0,0,0,0,0,0,0,0,4,0,40.0749,-75.1598, , 
 ,30958,2015070163,6,67,67301,2015,6,1,1154,11,1,1,0,8,1, , ,N,0,0,0,3,0,1,3,2,N,N,39 58:48.457,75 12:48.939,1200, ,1158, ,0, ,N, ,0, , , , , ,345200, , , ,1,0,0,0,0,0,0,1,0,0,1,0,1,0,0,0,0,0,0,0,0,1,0,0,0,0,0,0,0,0,0,0,1,0,0,3,0,39.9801,-75.2136, , 
 ,30959,2015075687,6,67,67301,2015,6,6,1530,15,1,1,0,4,1, , ,N,2,3,0,3,0,1,2,2,N,N,39 59:04.978,75 07:12.991,1536, ,1536, ,0, , , ,3, , , , , ,345206, , , ,1,1,0,0,0,0,0,0,1,0,0,1,1,0,0,0,0,0,0,0,0,0,0,0,0,0,0,0,0,0,0,0,0,0,0,4,0,39.9847,-75.1203, , 
 ,30960,2015083621,6,67,67301,2015,7,7,2054,20,3,1,0,1,1, , ,N,0,0,0,3,0,2,3,2,N,N,39 58:31.522,75 11:41.161,2103, ,2055, ,0, ,N, ,0, , , , , ,345215, , , ,2,1,0,0,1,0,0,0,0,0,0,0,2,2,0,0,0,0,0,1,0,0,0,0,0,0,0,0,0,0,0,0,0,0,0,8,0,39.9754,-75.1948, , 
 ,30961,2015080260,6,67,67301,2015,7,4,755,7,1,1,0,8,1, , ,N,1,3,0,3,0,1,4,2,N, ,39 58:32.289,75 13:40.641,910, ,857, ,0, , , ,3, , , , , ,345222, , , ,1,0,0,0,0,0,1,0,0,0,0,1,1,0,0,0,0,0,0,0,0,0,0,0,0,0,0,0,0,0,0,0,1,0,0,4,0,39.9756,-75.228, , 
 ,30962,2015083982,6,67,67301,2015,7,6,1957,19,4,1,0,1,1, , ,N,6,0,2,3,0,0,2,2,N,N,39 56:44.167,75 11:25.033,2012, ,2002,1,1,4,N, ,0,N, , , , ,345226, , , ,2,2,0,0,0,0,0,0,0,0,0,0,0,0,0,0,0,0,0,0,0,0,0,0,0,0,0,0,0,0,0,0,0,0,0,0,0,39.9456,-75.1903, , 
 ,30963,2015085236,6,67,67301,2015,8,1,1323,13,1,1,0,7,4, , ,N,0,0,0,3,0,0,1,1,N,N,40 06:09.080,74 59:24.903,1331, ,1325, ,0, ,Y, ,0, , , , , ,345228, , , ,1,1,0,0,0,0,0,0,0,0,0,0,0,0,0,0,0,0,0,0,0,0,0,0,0,0,0,0,0,0,0,0,0,0,0,0,0,40.1025,-74.9903, , 
 ,30964,2015051965,6,67,67301,2015,5,2,750,7,1,1,0,8,1, , ,N,1,2,0,3,0,1,2,2,N, ,39 57:28.342,75 10:32.807,810, ,805, ,0, , , ,3, , , , , ,345247, , , ,1,0,0,0,0,0,1,0,0,0,0,1,1,0,0,0,0,0,0,0,0,0,0,1,0,0,0,0,0,0,0,0,1,0,0,4,0,39.9579,-75.1758, , 
 ,30965,2015053995,6,67,67301,2015,5,6,1950,19,1,1,0,4,1, , ,N,1,2,0,3,0,1,2,2,N,N,39 59:12.447,75 10:50.908,2030, ,2025, ,0, ,N, ,3, , , , , ,345249, , , ,2,2,0,0,0,0,0,0,0,0,0,0,1,1,0,0,0,0,0,0,0,1,0,0,0,0,0,0,0,0,0,0,0,0,0,8,0,39.9868,-75.1808, , 