wz_ln_closure,objectid_1,crn,district,county,municipality,crash_year,crash_month,day_of_week,time_of_day,hour_of_day,illumination,weather,road_condition,collision_type,relation_to_road,work_zone_type,work_zone_loc,work_zone_ind,intersect_type,tcd_type,location_type,urban_rural,fatal_count,injury_count,person_count,total_units,sch_bus_ind,sch_zone_ind,latitude,longitude,arrival_tm,cons_zone_spd_lim,dispatch_tm,est_hrs_closed,lane_closed,ln_close_dir,ntfy_hiwy_maint,spec_juris_cd,tcd_func_cd,tfc_detour_ind,workers_pres,wz_close_detour,wz_flagger,wz_law_offcr_ind,objectid,wz_moving,wz_other,wz_shlder_mdn,vehicle_count,automobile_count,motorcycle_count,bus_count,small_truck_count,heavy_truck_count,suv_count,van_count,bicycle_count,maj_inj_count,mod_inj_count,min_inj_count,tot_inj_count,unk_inj_deg_count,unk_inj_per_count,driver_count_16yr,driver_count_17yr,driver_count_18yr,driver_count_19yr,driver_count_20yr,driver_count_50_64yr,driver_count_65_74yr,driver_count_75plus,unbelted_occ_count,unb_death_count,unb_maj_inj_count,belted_death_count,belted_maj_inj_count,mcycle_death_count,mcycle_maj_inj_count,bicycle_death_count,bicycle_maj_inj_count,ped_count,ped_death_count,ped_maj_inj_count,max_severity_level,comm_veh_count,dec_lat,dec_long,rdwy_surf_type_cd,county_name
 ,31033,2015102869,6,67,67301,2015,9,4,1227,12,1,1,0,4,1, , ,N,1,3,0,3,0,2,5,2,N,N,39 58:44.040,75 08:50.377,1240, ,1238,1,1,3,N, ,3,Y, , , , ,345887, , , ,2,1,0,0,0,0,1,0,0,0,0,2,2,0,1,0,0,0,0,0,0,0,0,0,0,0,0,0,0,0,0,0,0,0,0,4,0,39.9789,-75.1473, , 
 ,31034,2015081022,6,67,67301,2015,7,3,257,2,3,1,0,4,1, , ,N,1,2,0,3,0,2,2,2,N,N,40 02:30.069,75 07:19.534,322, ,318, ,0, ,N, ,3, , , , , ,345907, , , ,2,2,0,0,0,0,0,0,0,0,0,0,2,2,0,0,0,0,0,0,0,0,0,0,0,0,0,0,0,0,0,0,0,0,0,8,0,40.0417,-75.1221, , 
 ,31035,2015092472,6,67,67301,2015,8,6,1615,16,1,1,0,1,1, , ,N,2,0,0,3,0,0,3,3,N,N,40 00:20.136,75 11:27.650,1628, ,1615,1,1,2,N, ,0,N, , , , ,345919, , , ,3,3,0,0,0,0,0,0,0,0,0,0,0,0,0,0,0,0,1,0,0,0,0,0,0,0,0,0,0,0,0,0,0,0,0,0,0,40.0056,-75.1909, , 
 ,31036,2015103458,6,67,67301,2015,9,2,944,9,1,1,0,8,1, , ,N,1,3,0,3,0,1,2,2,N,N,40 02:39.264,75 09:57.884,1005, ,1000, ,0, ,N, ,3, , , , , ,345928, , , ,1,0,0,0,0,0,0,1,0,0,0,1,1,0,0,0,0,0,0,0,0,0,0,0,0,0,0,0,0,0,0,0,1,0,0,4,0,40.0442,-75.1661, , 
 ,31037,2015070612,6,67,67301,2015,6,7,1730,17,1,1,0,5,1, , ,N,0,0,0,3,0,1,2,2,N,N,40 05:56.482,75 02:50.915,1742, ,1739, ,0, , , ,0, , , , , ,345935, , , ,1,0,0,0,0,0,0,0,1,0,0,0,1,1,0,0,0,0,0,0,0,0,0,0,0,0,0,0,0,0,0,0,0,0,0,8,0,40.099,-75.0475, , 
 ,31038,2015028771,6,67,67301,2015,2,1,9999,99,1,4,6,7,4, , ,N,1,2,0,3,0,1,1,1,N, ,39 59:08.812,75 12:56.169,1000, ,945, ,0, , , ,3, , , , , ,345966, , , ,1,1,0,0,0,0,0,0,0,0,0,0,1,1,0,0,0,0,0,0,0,0,0,0,0,0,0,0,0,0,0,0,0,0,0,8,0,39.9858,-75.2156, , 
 ,31039,2015033742,6,67,67301,2015,3,4,1345,13,1,2,5,4,1, , ,N,1,2,0,3,0,1,4,3,N, ,39 59:23.218,75 06:14.002,1357, ,1345, ,0, , , ,3, , , , , ,345968, , , ,2,2,0,0,0,0,0,0,0,0,0,1,1,0,0,0,0,0,0,0,0,0,1,0,0,0,0,0,0,0,0,0,1,0,0,4,0,39.9898,-75.1039, , 
 ,31040,2015036641,6,67,67301,2015,3,2,1851,18,1,1,0,8,1, , ,N,5,2,0,3,0,1,2,2,N,N,40 04:07.262,75 09:24.365,1854, ,1852, ,0, ,N, ,3, , , , , ,345970, , , ,1,0,0,0,0,0,1,0,0,0,0,0,1,1,0,0,0,0,0,0,0,0,0,0,0,0,0,0,0,0,0,0,1,0,0,8,0,40.0687,-75.1568, , 
 ,31041,2015042057,6,67,67301,2015,2,1,2245,22,3,9,8,7,4, , ,N,1,2,0,3,0,1,1,1,N, ,39 56:23.459,75 12:41.033,2133, ,2130, ,0, , , ,3, , , , , ,345975, , , ,1,0,0,0,0,0,1,0,0,0,0,0,1,1,0,0,0,0,0,0,1,0,0,0,0,0,0,0,0,0,0,0,0,0,0,8,0,39.9398,-75.2114, , 
Y,31042,2015115215,6,67,67301,2015,10,4,1,0,3,1,0,1,1,1,4,Y,0,0,0,3,0,1,2,2,N,N,40 01:51.072,75 01:18.537,3,45,1, ,0, ,N, ,0, ,Y,N,N,Y,336594,N,N,Y,2,1,0,0,0,0,1,0,0,0,0,1,1,0,0,0,0,0,0,0,1,1,0,0,0,0,0,0,0,0,0,0,0,0,0,4,0,40.0309,-75.0218, , 
 ,31043,2015117688,6,67,67301,2015,10,4,1536,15,1,2,1,4,1, , ,N,1,2,0,3,0,1,2,2,N,N,40 02:25.098,75 02:36.070,9999, ,9999, ,0, ,N, ,3, , , , , ,336596, , , ,2,1,0,0,0,0,1,0,0,0,0,1,1,0,0,0,0,1,0,0,0,0,0,1,0,0,0,0,0,0,0,0,0,0,0,4,0,40.0403,-75.0434, , 
 ,31044,2015103282,6,67,67301,2015,9,7,725,7,1,1,0,4,1, , ,N,1,2,0,3,0,1,2,2,N, ,40 02:40.890,75 03:16.537,730, ,725,2,1,2, , ,3,N, , , , ,336601, , , ,2,1,0,0,0,0,1,0,0,0,1,0,1,0,0,0,0,0,0,0,1,0,0,0,0,0,0,0,0,0,0,0,0,0,0,3,0,40.0446,-75.0547, , 
 ,31045,2015104297,6,67,67301,2015,10,7,1240,12,1,1,0,4,1, , ,N,0,0,0,3,0,0,2,5,N,N,39 55:40.126,75 09:54.381,1245, ,1244,3,2,2,N, ,0,Y, , , , ,336605, , , ,5,5,0,0,0,0,0,0,0,0,0,0,0,0,1,0,0,0,0,0,0,0,0,0,0,0,0,0,0,0,0,0,0,0,0,9,0,39.9278,-75.1651, , 
 ,31046,2015106385,6,67,67301,2015,10,5,1538,15,1,1,0,5,1, , ,N,0,0,0,3,0,0,2,2,N,N,40 00:32.963,75 07:19.672,1545, ,1540, ,0, ,N, ,0, , , , , ,336613, , , ,2,1,0,0,0,0,1,0,0,0,0,0,0,0,0,0,0,0,0,0,1,0,0,2,0,0,0,0,0,0,0,0,0,0,0,0,0,40.0092,-75.1221, , 
 ,31047,2015114534,6,67,67301,2015,8,2,1735,17,1,1,0,4,1, , ,N,1,2,0,3,0,0,2,2,N,N,40 03:16.371,75 02:34.159,1745, ,1740, ,0, ,N, ,3, , , , , ,336624, , , ,2,1,0,0,0,0,1,0,0,0,0,0,0,0,0,0,0,1,0,0,1,0,0,0,0,0,0,0,0,0,0,0,0,0,0,0,0,40.0545,-75.0428, , 
 ,31048,2015118176,6,67,67301,2015,11,1,1830,18,1,1,0,1,1, , ,N,1,2,0,3,0,6,7,3,N,N,40 01:35.112,75 06:28.606,2050, ,2037, ,0, ,N, ,3, , , , , ,336627, , , ,3,1,0,0,0,0,1,0,0,0,0,0,6,6,0,0,0,0,0,0,1,0,0,0,0,0,0,0,0,0,0,0,0,0,0,8,0,40.0264,-75.1079, , 
 ,31049,2015073267,6,67,67301,2015,7,4,1149,11,1,1,0,4,1, , ,N,2,2,2,3,0,1,2,2,N,N,39 53:01.171,75 15:05.812,1545, ,1537, ,0, ,N, ,1, , , , , ,336645, , , ,2,1,0,0,0,1,0,0,0,0,0,1,1,0,1,0,0,0,0,0,1,0,0,0,0,0,0,0,0,0,0,0,0,0,0,4,1,39.8836,-75.2515, , 
 ,31050,2015056416,6,67,67301,2015,5,1,138,1,3,1,0,5,6, , ,N,0,0,0,3,0,0,1,2,N,N,40 00:31.771,75 09:02.217,138, ,138,1,2,1,N, ,0,Y, , , , ,336678, , , ,2,1,0,0,0,0,0,0,0,0,0,0,0,0,0,0,0,0,0,0,0,0,0,1,0,0,0,0,0,0,0,0,0,0,0,0,0,40.0088,-75.1506, , 
 ,31051,2015073671,6,67,67301,2015,6,2,435,4,3,1,0,7,4, , ,N,0,0,7,3,0,1,2,1,N,N,40 01:13.706,75 04:33.092,444, ,437, ,0, ,N, ,0, , , , , ,336712, , , ,1,1,0,0,0,0,0,0,0,0,0,0,1,1,0,0,0,0,0,0,0,0,0,0,0,0,0,0,0,0,0,0,0,0,0,8,0,40.0205,-75.0759, , 
 ,31052,2015093014,6,67,67301,2015,8,6,1715,17,1,1,0,1,1, , ,N,0,0,0,3,0,1,3,2,N,N,39 58:33.034,75 13:25.777,1727, ,1725, ,0, ,N, ,0, , , , , ,336725, , , ,2,1,0,0,0,0,1,0,0,0,0,1,1,0,0,0,0,0,0,0,0,1,0,0,0,0,0,0,0,0,0,0,0,0,0,4,0,39.9758,-75.2238, , 
 ,31053,2015091074,6,67,67301,2015,8,5,805,8,1,1,0,1,1, , ,N,3,2,0,3,0,1,4,4,N,N,40 04:30.150,75 02:45.657,812, ,812,2,1,2,N, ,3,N, , , , ,336744, , , ,4,3,0,0,0,0,0,1,0,0,0,0,1,1,0,0,0,0,0,0,3,1,0,0,0,0,0,0,0,0,0,0,0,0,0,8,0,40.0749,-75.0459, , 
 ,31054,2015097599,6,67,67301,2015,8,2,2149,21,3,1,0,5,1, , ,N,0,0,0,3,0,1,2,2,N,N,40 03:13.401,74 59:09.145,2211, ,2151,1,1,1,N, ,0,N, , , , ,336751, , , ,2,1,0,0,0,0,0,0,0,0,0,0,1,1,1,0,0,0,0,0,0,0,0,0,0,0,0,0,0,0,0,0,0,0,0,8,0,40.0537,-74.9859, , 
 ,31055,2015106183,6,67,67301,2015,9,5,155,1,3,1,0,7,4, , ,N,0,0,0,3,0,0,1,1,N,N,39 57:35.802,75 10:51.650,206, ,156,1,1,4,N, ,0,N, , , , ,336758, , , ,1,1,0,0,0,0,0,0,0,0,0,0,0,0,0,0,0,0,0,0,1,0,0,0,0,0,0,0,0,0,0,0,0,0,0,0,0,39.9599,-75.181, , 
 ,31056,2015115048,6,67,67301,2015,10,5,646,6,1,1,0,4,1, , ,N,1,2,0,3,0,2,3,2,N,N,39 58:15.236,75 13:50.408,810, ,752, ,0, ,Y, ,3, , , , , ,336766, , , ,2,2,0,0,0,0,0,0,0,0,0,2,2,0,0,0,0,0,0,0,0,0,0,1,0,0,0,0,0,0,0,0,0,0,0,4,0,39.9709,-75.2307, , 
 ,31057,2015109324,6,67,67301,2015,10,3,635,6,1,1,0,1,1, , ,N,0,0,3,3,0,1,3,2,N,N,40 00:24.989,75 11:35.422,700, ,644,2,1,2,N, ,0,Y, , , , ,336788, , , ,2,2,0,0,0,0,0,0,0,0,0,0,1,1,0,0,0,0,0,0,1,0,0,0,0,0,0,0,0,0,0,0,0,0,0,8,0,40.0069,-75.1932, , 
 ,31058,2015113172,6,67,67301,2015,10,5,1910,19,3,1,0,8,1, , ,N,0,2,0,3,0,1,2,2,N,N,40 01:51.319,75 06:16.192,1913, ,1910, ,0, ,N, ,9, , , , , ,336793, , , ,1,1,0,0,0,0,0,0,0,0,1,0,1,0,1,0,0,0,0,0,0,0,0,0,0,0,0,0,0,0,0,0,1,0,0,3,0,40.0309,-75.1045, , 
 ,31059,2016002565,6,67,67301,2015,12,3,1944,19,3,1,0,4,1, , ,N,3,3,0,3,0,1,6,2,N,N,39 55:19.930,75 14:21.209,1947, ,1944, ,0, ,N, ,3, , , , , ,336837, , , ,2,1,0,0,0,0,0,0,0,0,0,1,1,0,0,0,0,0,0,0,1,0,0,0,0,0,0,0,0,0,0,0,0,0,0,4,0,39.9222,-75.2392, , 
 ,31060,2015069743,6,67,67301,2015,6,1,147,1,3,1,0,1,1, , ,N,1,2,0,3,0,2,3,3,N,N,39 58:07.468,75 12:40.860,156, ,156,2,1,3, , ,3,Y, , , , ,339779, , , ,3,3,0,0,0,0,0,0,0,0,0,0,2,2,0,0,0,0,0,0,1,0,0,0,0,0,0,0,0,0,0,0,0,0,0,8,0,39.9687,-75.2113, , 
 ,31061,2015075672,6,67,67301,2015,7,3,454,4,3,2,1,1,1, , ,N,1,3,0,3,0,1,3,3,N,N,39 58:39.342,75 08:57.926,526, ,456, ,0, ,N, ,3, , , , , ,339784, , , ,3,2,0,0,1,0,0,0,0,0,0,1,1,0,1,0,0,0,0,0,0,0,0,1,0,0,0,0,0,0,0,0,0,0,0,4,0,39.9776,-75.1494, , 
 ,31062,2015084002,6,67,67301,2015,8,4,1600,16,1,1,0,7,3, , ,N,0,0,3,3,0,0,1,1,N,N,39 53:33.851,75 11:49.369,1622, ,1600,1,1,1,N, ,0,N, , , , ,339795, , , ,1,1,0,0,0,0,0,0,0,0,0,0,0,0,0,0,0,0,0,0,0,0,0,0,0,0,0,0,0,0,0,0,0,0,0,0,0,39.8927,-75.197, , 
 ,31063,2015084852,6,67,67301,2015,2,5,1635,16,1,1,0,4,1, , ,N,1,2,0,3,0,0,2,2,N,N,40 01:06.336,75 08:56.889,0, ,0, ,0, ,N, ,3, , , , , ,339797, , , ,2,0,0,0,0,0,2,0,0,0,0,0,0,0,0,0,0,0,0,0,1,0,0,0,0,0,0,0,0,0,0,0,0,0,0,0,0,40.0184,-75.1491, , 
 ,31064,2015088062,6,67,67301,2015,8,5,1000,10,1,1,0,1,1, , ,N,0,0,0,3,0,0,2,2,N,N,39 58:12.700,75 08:53.500,1029, ,1019, ,0, ,N, ,0, , , , , ,339800, , , ,2,1,0,0,1,0,0,0,0,0,0,0,0,0,0,0,0,0,0,0,0,0,0,0,0,0,0,0,0,0,0,0,0,0,0,0,0,39.9702,-75.1482, , 
 ,31065,2015093020,6,67,67301,2015,8,5,1810,18,1,1,0,0,1, , ,N,0,0,0,3,0,1,1,1,N,N,40 07:41.224,75 00:36.370,1820, ,1814, ,0, ,N, ,0, , , , , ,339803, , , ,1,0,1,0,0,0,0,0,0,0,0,1,1,0,0,0,0,0,0,0,1,0,0,0,0,0,0,0,0,0,0,0,0,0,0,4,0,40.1281,-75.0101, , 
 ,31066,2015099126,6,67,67301,2015,9,2,1835,18,1,1,0,4,5, , ,N,0,0,0,3,0,1,1,2,N,N,40 03:08.950,75 03:03.860,1850, ,1040,1,1,2, , ,0,N, , , , ,339807, , , ,2,1,0,0,1,0,0,0,0,0,0,1,1,0,0,0,0,0,0,0,0,0,0,0,0,0,0,0,0,0,0,0,0,0,0,4,0,40.0525,-75.0511, , 
 ,31067,2015070670,6,67,67301,2015,6,2,1830,18,4,1,0,1,1, , ,N,2,0,0,3,0,2,3,2,N,N,40 00:42.048,75 06:32.479,2100, ,2048, ,0, ,N, ,0, , , , , ,339820, , , ,2,2,0,0,0,0,0,0,0,0,0,2,2,0,0,0,0,0,0,0,0,0,0,0,0,0,0,0,0,0,0,0,0,0,0,4,0,40.0117,-75.109, , 
 ,31068,2015081047,6,67,67301,2015,7,5,1807,18,1,1,0,8,1, , ,N,2,3,0,3,0,1,2,2,N,N,39 59:40.045,75 10:58.825,1810, ,1807, ,0, , , ,3, , , , , ,339827, , , ,1,0,0,0,0,1,0,0,1,0,0,0,1,1,1,0,0,0,0,0,1,0,0,0,0,0,0,0,0,0,0,0,0,0,0,8,0,39.9945,-75.183, , 
 ,31069,2015086206,6,67,67301,2015,8,1,2150,21,3,1,0,5,1, , ,N,1,2,0,3,0,1,6,2,N,N,40 07:43.802,75 00:49.406,2156, ,2154,4,2,7,N, ,3,Y, , , , ,339833, , , ,2,1,0,0,0,0,1,0,0,0,0,1,1,0,0,0,0,0,0,1,0,0,0,0,0,0,0,0,0,0,0,0,0,0,0,4,0,40.1288,-75.0137, , 
 ,31070,2015109352,6,67,67301,2015,10,4,1250,12,1,1,0,4,1, , ,N,2,2,2,3,0,1,2,2,N,N,39 58:24.529,75 07:22.688,1308, ,1257, ,0, ,N, ,3, , , , , ,339849, , , ,2,2,0,0,0,0,0,0,0,0,0,1,1,0,0,0,0,0,0,0,1,0,0,0,0,0,0,0,0,0,0,0,0,0,0,4,0,39.9735,-75.123, , 
 ,31071,2015031191,6,67,67301,2015,2,2,1520,15,1,1,0,4,1, , ,N,0,0,0,3,0,0,2,2,N,N,39 59:45.562,75 11:50.326,1637, ,1637, ,0, ,N, ,0, , , , , ,339871, , , ,2,1,0,0,0,1,0,0,0,0,0,0,0,0,0,0,0,0,0,0,0,1,0,0,0,0,0,0,0,0,0,0,0,0,0,0,1,39.996,-75.1973, , 
 ,31072,2015036588,6,67,67301,2015,3,4,1810,18,1,1,0,5,6, , ,N,0,0,0,3,0,0,1,3,N,N,40 00:11.101,75 03:55.118,1828, ,1817,2,2,2,N, ,0,Y, , , , ,339877, , , ,3,0,0,0,0,0,2,1,0,0,0,0,0,0,0,0,0,0,0,1,0,0,0,0,0,0,0,0,0,0,0,0,0,0,0,0,0,40.0031,-75.0653, , 
 ,31073,2015088658,6,67,67301,2015,8,7,829,8,1,1,0,4,1, , ,N,1,2,0,3,0,1,2,2,N,N,40 01:40.946,75 06:36.204,830, ,830, ,0, , , ,3, , , , , ,339897, , , ,2,2,0,0,0,0,0,0,0,0,0,0,1,1,0,0,0,0,0,0,0,0,0,0,0,0,0,0,0,0,0,0,0,0,0,8,0,40.028,-75.1101, , 
 ,31074,2015092996,6,67,67301,2015,8,3,2210,22,3,1,0,4,1, , ,N,1,3,0,3,0,2,3,3,N,N,40 04:12.769,75 04:13.466,2224, ,2212,1,2,6,N, ,3,N, , , , ,339899, , , ,3,1,0,0,0,0,1,1,0,0,0,0,2,2,0,0,0,0,0,0,1,0,0,0,0,0,0,0,0,0,0,0,0,0,0,8,0,40.0702,-75.0704, , 
 ,31075,2015103416,6,67,67301,2015,9,6,1230,12,1,1,0,5,1, , ,N,0,0,0,3,0,1,2,2,N,N,40 01:52.162,75 02:59.762,1248, ,1238,1,1,3, , ,0,Y, , , , ,339906, , , ,2,1,0,0,0,1,0,0,0,0,0,0,1,1,0,0,0,0,0,0,1,0,1,0,0,0,0,0,0,0,0,0,0,0,0,8,1,40.0312,-75.0499, , 
 ,31076,2015112073,6,67,67301,2015,10,7,210,2,3,1,0,5,6, , ,N,0,0,0,3,0,2,2,2,N,N,40 01:45.785,75 08:12.320,303, ,300, ,0, , , ,0, , , , , ,339911, , , ,2,1,0,0,0,0,0,1,0,0,0,2,2,0,0,0,0,0,0,0,0,0,0,0,0,0,0,0,0,0,0,0,0,0,0,4,0,40.0294,-75.1368, , 
 ,31077,2015056922,6,67,67301,2015,5,1,1900,19,1,1,0,1,1, , ,N,1,3,0,3,0,1,4,2,N, ,39 57:46.951,75 14:11.457,1917, ,1912, ,0, , , ,3, , , , , ,339929, , , ,2,1,0,0,0,0,0,1,0,0,0,0,1,1,0,0,0,0,0,0,0,0,0,1,0,0,0,0,0,0,0,0,0,0,0,8,0,39.963,-75.2365, , 
 ,31078,2015099106,6,67,67301,2015,9,2,2130,21,3,1,0,5,1, , ,N,1,2,0,3,0,2,6,2,N,N,39 56:45.089,75 14:25.018,2209, ,2155, ,0, , , ,3, , , , , ,342837, , , ,2,2,0,0,0,0,0,0,0,0,0,0,2,2,2,0,0,0,0,0,0,0,0,0,0,0,0,0,0,0,0,0,0,0,0,8,0,39.9459,-75.2403, , 
 ,31079,2015103315,6,67,67301,2015,9,6,1340,13,1,1,0,1,1, , ,N,2,0,0,3,0,1,4,3,N, ,39 56:21.902,75 11:20.653,1420, ,1345, ,0, , , ,0, , , , , ,342841, , , ,3,0,0,0,0,0,1,2,0,0,0,1,1,0,0,0,0,0,0,0,0,0,0,4,0,0,0,0,0,0,0,0,0,0,0,4,0,39.9394,-75.1891, , 
 ,31080,2015061826,6,67,67301,2015,5,7,9999,99,1,1,0,1,1, , ,N,1,2,0,3,0,2,2,2,N,N,40 00:14.091,75 13:14.544,1307, ,1258, ,0, , , ,3, , , , , ,342855, , , ,2,1,0,1,0,0,0,0,0,0,0,0,2,2,0,0,0,0,0,0,0,0,0,0,0,0,0,0,0,0,0,0,0,0,0,8,1,40.0039,-75.2207, , 
 ,31081,2015069690,6,67,67301,2015,6,2,9999,99,1,1,0,4,1, , ,N,5,2,0,3,0,0,2,2,N,N,39 58:44.355,75 07:06.978,800, ,9999, ,0, , , ,3, , , , , ,342856, , , ,2,1,0,0,0,0,1,0,0,0,0,0,0,0,1,0,0,0,0,0,1,0,1,0,0,0,0,0,0,0,0,0,0,0,0,9,0,39.9786,-75.1187, , 
 ,31082,2016002385,6,67,67301,2015,12,4,1517,15,1,2,1,8,1, , ,N,1,2,0,3,0,2,3,3,N,Y,40 00:55.051,75 08:13.761,1520, ,1519,2,2,7,N, ,3,Y, , , , ,342858, , , ,1,1,0,0,0,0,0,0,0,0,1,1,2,0,0,0,0,0,0,0,1,0,0,0,0,0,0,0,0,0,0,0,2,0,0,3,0,40.0153,-75.1372, , 
 ,31083,2015054353,6,67,67301,2015,5,2,1300,13,1,9,0,8,1, , ,N,1,0,0,3,0,1,2,2,N,N,40 01:41.931,75 04:28.236,1718, ,1710, ,0, , , ,0, , , , , ,342860, , , ,1,0,0,0,0,0,1,0,0,0,0,0,1,1,0,0,0,0,0,0,0,0,0,0,0,0,0,0,0,0,0,0,1,0,0,8,0,40.0283,-75.0744, , 
 ,31084,2015069744,6,67,67301,2015,6,1,1623,16,1,1,0,1,1, , ,N,1,2,0,3,0,6,8,2,N,N,39 59:34.672,75 13:03.324,1651, ,1623,3,1,1, , ,3,N, , , , ,342873, , , ,2,2,0,0,0,0,0,0,0,0,0,0,6,6,1,0,0,0,0,0,0,1,0,1,0,0,0,0,0,0,0,0,0,0,0,8,0,39.993,-75.2176, , 
 ,31085,2015074972,6,67,67301,2015,6,2,1336,13,1,1,0,1,1, , ,N,7,3,0,3,0,1,2,2,N,N,40 00:33.653,75 12:18.287,1453, ,1424, ,0, ,N, ,2, , , , , ,342877, , , ,2,1,0,0,1,0,0,0,0,0,0,1,1,0,0,0,0,0,1,0,0,0,0,0,0,0,0,0,0,0,0,0,0,0,0,4,0,40.0093,-75.2051, , 
 ,31086,2015079384,6,67,67301,2015,7,7,1339,13,1,1,0,1,1, , ,N,0,0,0,3,0,1,6,2,N,N,39 59:35.632,75 11:59.778,1347, ,1341, ,0, ,N, ,0, , , , , ,342883, , , ,2,0,1,0,0,0,0,1,0,0,0,1,1,0,0,0,0,0,0,0,0,0,0,0,0,0,0,0,0,0,0,0,0,0,0,4,0,39.9932,-75.1999, , 
 ,31087,2015099010,6,67,67301,2015,9,7,120,1,3,1,0,1,6, , ,N,0,0,0,3,0,0,1,2,N,N,40 03:24.333,75 04:32.933,130, ,125,3,1,3,N, ,0,N, , , , ,342891, , , ,2,0,0,0,2,0,0,0,0,0,0,0,0,0,0,0,0,0,0,0,0,0,0,0,0,0,0,0,0,0,0,0,0,0,0,0,0,40.0568,-75.0758, , 
 ,31088,2015114577,6,67,67301,2015,10,2,827,8,1,1,0,1,1, , ,N,0,0,0,3,0,1,2,2,N,N,39 58:23.239,75 15:32.790,856, ,853,3,1,3,N, ,0,N, , , , ,342904, , , ,2,1,0,0,0,0,1,0,0,0,0,1,1,0,0,0,0,0,0,0,0,0,0,0,0,0,0,0,0,0,0,0,0,0,0,4,0,39.9731,-75.2591, , 
 ,31089,2015024977,6,67,67301,2015,2,2,616,6,5,9,8,1,1, , ,N,2,2,0,3,0,2,3,2,N,N,39 54:57.708,75 14:43.562,810, ,800, ,0, ,N, ,3, , , , , ,342914, , , ,2,0,0,0,0,0,2,0,0,0,0,0,2,2,0,0,0,0,0,0,0,0,0,0,0,0,0,0,0,0,0,0,0,0,0,8,0,39.9159,-75.2453, , 
 ,31090,2015028886,6,67,67301,2015,2,3,2316,23,3,1,0,4,1, , ,N,1,2,0,3,0,2,4,3,N,N,39 55:58.633,75 10:03.935,55, ,2334,2,1,2,N, ,3,N, , , , ,342918, , , ,3,2,0,0,0,0,1,0,0,0,0,2,2,0,0,0,0,0,0,0,0,0,0,0,0,0,0,0,0,0,0,0,0,0,0,4,0,39.933,-75.1678, , 
 ,31091,2015049110,6,67,67301,2015,4,2,1630,16,1,1,0,4,1, , ,N,0,0,7,3,0,3,5,2,N,N,40 01:14.092,75 09:37.913,1645, ,1636, ,0, , , ,0, , , , , ,342932, , , ,2,1,0,0,0,0,1,0,0,0,2,1,3,0,0,0,0,0,0,0,0,0,0,1,0,0,0,0,0,0,0,0,0,0,0,3,0,40.0206,-75.1605, , 
 ,31092,2015059129,6,67,67301,2015,5,4,1710,17,1,1,0,8,1, , ,N,0,0,0,3,0,1,2,2,N,N,39 56:14.290,75 09:05.234,1725, ,1720, ,0, ,N, ,0, , , , , ,342939, , , ,1,0,0,0,0,0,1,0,0,0,0,0,1,1,0,0,0,0,0,0,0,0,0,1,0,0,0,0,0,0,0,0,1,0,0,8,0,39.9373,-75.1515, , 
 ,31093,2015063890,6,67,67301,2015,5,1,330,3,3,1,0,4,1, , ,N,1,3,0,3,0,2,3,3,N, ,40 03:49.744,75 08:50.931,340, ,335, ,0, , , ,3, , , , , ,342949, , , ,3,2,0,0,0,0,1,0,0,0,2,0,2,0,0,0,0,0,0,0,0,0,0,0,0,0,0,0,0,0,0,0,0,0,0,3,0,40.0638,-75.1475, , 
 ,31094,2015083968,6,67,67301,2015,7,2,627,6,1,1,1,7,3, , ,N,0,0,0,3,0,1,1,1,N,N,39 57:46.277,75 08:21.994,641, ,629, ,0, ,N, ,0, , , , , ,342953, , , ,1,1,0,0,0,0,0,0,0,0,0,1,1,0,0,0,0,0,0,0,0,0,0,0,0,0,0,0,0,0,0,0,0,0,0,4,0,39.9629,-75.1394, , 
 ,31095,2015091050,6,67,67301,2015,8,6,1348,13,1,1,0,4,1, , ,N,0,3,7,3,0,1,2,2,N,N,40 00:43.109,75 03:32.877,1352, ,1349, ,0, , , ,3, , , , , ,342956, , , ,2,1,0,0,0,0,1,0,0,0,0,1,1,0,0,0,0,0,0,0,1,0,0,0,0,0,0,0,0,0,0,0,0,0,0,4,0,40.012,-75.0591, , 
 ,31096,2015095227,6,67,67301,2015,8,3,755,7,1,1,0,4,1, , ,N,1,2,0,3,0,2,2,2,N,N,40 02:13.966,75 03:10.861,810, ,802, ,0, , , ,3, , , , , ,347031, , , ,2,1,0,0,1,0,0,0,0,0,1,1,2,0,0,0,0,0,0,0,1,0,0,0,0,0,0,0,0,0,0,0,0,0,0,3,0,40.0372,-75.053, , 
 ,31097,2015098106,6,67,67301,2015,8,2,1511,15,1,1,0,4,1, , ,N,2,2,7,3,0,1,3,2,N,N,39 59:08.043,75 15:30.778,1515, ,1511,2,1,2,N, ,3,N, , , , ,347032, , , ,2,1,0,0,0,0,1,0,0,0,0,0,1,1,0,0,0,0,0,0,0,0,0,0,0,0,0,0,0,0,0,0,0,0,0,8,0,39.9855,-75.2585, , 
 ,31098,2015099021,6,67,67301,2015,9,5,740,7,1,2,1,4,1, , ,N,1,2,0,3,0,4,6,2,N, ,39 56:58.740,75 09:37.407,745, ,740, ,0, , , ,3, , , , , ,347035, , , ,2,0,0,1,1,0,0,0,0,0,0,4,4,0,0,0,0,0,0,0,2,0,0,0,0,0,0,0,0,0,0,0,0,0,0,4,1,39.9497,-75.1604, , 