wz_ln_closure,objectid_1,crn,district,county,municipality,crash_year,crash_month,day_of_week,time_of_day,hour_of_day,illumination,weather,road_condition,collision_type,relation_to_road,work_zone_type,work_zone_loc,work_zone_ind,intersect_type,tcd_type,location_type,urban_rural,fatal_count,injury_count,person_count,total_units,sch_bus_ind,sch_zone_ind,latitude,longitude,arrival_tm,cons_zone_spd_lim,dispatch_tm,est_hrs_closed,lane_closed,ln_close_dir,ntfy_hiwy_maint,spec_juris_cd,tcd_func_cd,tfc_detour_ind,workers_pres,wz_close_detour,wz_flagger,wz_law_offcr_ind,objectid,wz_moving,wz_other,wz_shlder_mdn,vehicle_count,automobile_count,motorcycle_count,bus_count,small_truck_count,heavy_truck_count,suv_count,van_count,bicycle_count,maj_inj_count,mod_inj_count,min_inj_count,tot_inj_count,unk_inj_deg_count,unk_inj_per_count,driver_count_16yr,driver_count_17yr,driver_count_18yr,driver_count_19yr,driver_count_20yr,driver_count_50_64yr,driver_count_65_74yr,driver_count_75plus,unbelted_occ_count,unb_death_count,unb_maj_inj_count,belted_death_count,belted_maj_inj_count,mcycle_death_count,mcycle_maj_inj_count,bicycle_death_count,bicycle_maj_inj_count,ped_count,ped_death_count,ped_maj_inj_count,max_severity_level,comm_veh_count,dec_lat,dec_long,rdwy_surf_type_cd,county_name
 ,31099,2015099068,6,67,67301,2015,9,5,1451,14,1,2,1,6,1, , ,N,0,0,0,3,0,0,3,2,N,N,39 58:33.900,75 11:32.699,1500, ,1451,1,2,5,N, ,0,N, , , , ,347036, , , ,2,0,0,0,1,0,1,0,0,0,0,0,0,0,0,0,0,0,0,0,0,1,0,0,0,0,0,0,0,0,0,0,0,0,0,0,0,39.9761,-75.1924, , 
 ,31100,2015105139,6,67,67301,2015,9,6,2301,23,3,1,0,5,6, , ,N,0,0,0,3,0,1,1,4,N,N,39 54:55.864,75 09:41.398,2352, ,2351, ,0, ,N, ,0, , , , , ,347040, , , ,4,0,0,0,3,0,1,0,0,0,0,1,1,0,0,0,0,0,0,0,1,0,0,0,0,0,0,0,0,0,0,0,0,0,0,4,0,39.9155,-75.1615, , 
 ,31101,2015102405,6,67,67301,2015,9,3,810,8,1,1,0,4,1, , ,N,1,3,0,3,0,1,2,2,N, ,40 00:16.156,75 11:06.539,820, ,816,2,1,2, , ,3,Y, , , , ,347067, , , ,2,1,0,0,0,0,1,0,0,0,1,0,1,0,0,0,0,0,0,0,0,1,0,0,0,0,0,0,0,0,0,0,0,0,0,3,0,40.0045,-75.1851, , 
 ,31102,2015063894,6,67,67301,2015,6,5,2325,23,2,1,0,2,1, , ,N,0,0,0,3,0,2,2,2,N,N,40 03:48.176,75 09:21.085,2330, ,2327, ,0, ,N, ,0, , , , , ,347084, , , ,2,2,0,0,0,0,0,0,0,0,0,0,2,2,0,0,0,0,0,0,0,0,0,0,0,0,0,0,0,0,0,0,0,0,0,8,0,40.0634,-75.1559, , 
 ,31103,2015078653,6,67,67301,2015,7,2,9999,99,1,1,0,4,1, , ,N,1,2,0,3,0,0,2,2,N,N,40 01:48.464,75 02:06.579,1634, ,1633, ,0, , , ,3, , , , , ,347095, , , ,2,2,0,0,0,0,0,0,0,0,0,0,0,0,0,0,0,0,0,0,0,0,0,0,0,0,0,0,0,0,0,0,0,0,0,0,0,40.0301,-75.0352, , 
 ,31104,2015070207,6,67,67301,2015,6,3,655,6,1,1,0,4,1, , ,N,1,2,0,3,0,0,4,2,N, ,40 02:20.942,75 06:36.006,811, ,804, ,0, , , ,3, , , , , ,347097, , , ,2,1,0,0,0,0,0,1,0,0,0,0,0,0,1,0,0,0,0,0,0,1,0,1,0,0,0,0,0,0,0,0,0,0,0,9,0,40.0392,-75.11, , 
 ,31105,2015078617,6,67,67301,2015,7,6,833,8,1,1,0,2,1, , ,N,0,0,0,3,0,2,2,2,N,N,39 57:02.783,75 09:03.306,939, ,934, ,0, ,N, ,0, , , , , ,347104, , , ,2,0,0,0,0,0,2,0,0,0,0,2,2,0,0,0,0,0,0,0,0,0,0,0,0,0,0,0,0,0,0,0,0,0,0,4,0,39.9508,-75.1509, , 
 ,31106,2015078688,6,67,67301,2015,7,3,730,7,1,1,0,4,1, , ,N,2,3,0,3,0,3,3,2,N,N,40 00:18.770,75 05:33.796,1030, ,1028, ,0, , , ,3, , , , , ,347105, , , ,2,2,0,0,0,0,0,0,0,0,0,3,3,0,0,0,0,0,0,0,0,0,0,0,0,0,0,0,0,0,0,0,0,0,0,4,0,40.0052,-75.0927, , 
 ,31107,2015091132,6,67,67301,2015,8,6,1257,12,1,1,0,5,6, , ,N,0,0,0,3,0,1,3,3,N,N,40 00:31.479,75 09:02.352,1257, ,1257, ,0, , , ,0, , , , , ,347116, , , ,3,2,0,0,0,0,1,0,0,0,0,1,1,0,0,0,0,0,0,0,0,0,0,0,0,0,0,0,0,0,0,0,0,0,0,4,0,40.0087,-75.1507, , 
 ,31108,2015099065,6,67,67301,2015,9,3,1250,12,1,1,0,4,1, , ,N,1,2,0,3,0,0,5,3,N,N,39 55:01.859,75 14:46.691,1300, ,1300,1,1,2,N, ,3,N, , , , ,347124, , , ,3,2,0,0,0,0,1,0,0,0,0,0,0,0,1,0,0,0,0,0,1,0,0,0,0,0,0,0,0,0,0,0,0,0,0,9,0,39.9172,-75.2463, , 
 ,31109,2015106232,6,67,67301,2015,10,3,1835,18,3,1,0,1,1, , ,N,6,0,2,3,0,1,2,2,N,N,39 55:56.854,75 12:00.596,1927, ,1848, ,0, ,N, ,0, , , , , ,347131, , , ,2,2,0,0,0,0,0,0,0,0,0,1,1,0,0,0,0,0,0,0,1,0,0,0,0,0,0,0,0,0,0,0,0,0,0,4,0,39.9325,-75.2002, , 
 ,31110,2015108376,6,67,67301,2015,9,5,844,8,1,1,0,4,1, , ,N,0,0,7,3,0,1,2,2,N, ,39 58:41.867,75 15:19.376,850, ,846,1,2,6, , ,0,Y, , , , ,347135, , , ,2,1,0,0,1,0,0,0,0,0,1,0,1,0,0,0,0,0,0,0,0,0,0,0,0,0,0,0,0,0,0,0,0,0,0,3,0,39.9783,-75.2554, , 
 ,31111,2015106418,6,67,67301,2015,9,4,2115,21,3,1,0,1,1, , ,N,0,2,0,3,0,2,5,2,N,N,40 01:36.909,75 05:54.421,2123, ,2115, ,0, ,N, ,3, , , , , ,347147, , , ,2,0,0,0,0,0,1,1,0,0,0,2,2,0,0,0,0,1,0,0,1,0,0,3,0,0,0,0,0,0,0,0,0,0,0,4,0,40.0269,-75.0985, , 
 ,31112,2015084450,6,67,67301,2015,7,5,1635,16,1,2,1,4,1, , ,N,1,2,0,3,0,1,2,2,N, ,39 56:08.984,75 10:50.163,1640, ,1640,2,1,7, , ,3,Y, , , , ,347159, , , ,1,1,0,0,0,0,0,0,1,0,1,0,1,0,0,0,0,0,0,0,0,0,0,0,0,0,0,0,0,0,0,0,0,0,0,3,0,39.9358,-75.1806, , 
 ,31113,2015103372,6,67,67301,2015,9,3,740,7,1,1,0,4,1, , ,N,1,2,0,3,0,1,2,2,N,N,39 57:04.665,75 10:25.093,750, ,743, ,0, ,N, ,3, , , , , ,347175, , , ,2,2,0,0,0,0,0,0,0,0,0,1,1,0,0,0,0,0,0,0,0,0,0,0,0,0,0,0,0,0,0,0,0,0,0,4,0,39.9513,-75.1736, , 
 ,31114,2016010018,6,67,67301,2015,12,1,310,3,3,1,0,1,1, , ,N,0,0,0,3,0,0,3,3,N,N,39 56:01.591,75 12:00.183,320, ,314,2,1,3, , ,0,N, , , , ,336841, , , ,3,2,0,0,0,0,0,0,0,0,0,0,0,0,1,0,0,0,0,0,1,0,0,0,0,0,0,0,0,0,0,0,0,0,0,9,0,39.9338,-75.2001, , 
 ,31115,2015052385,6,67,67301,2015,5,6,1720,17,1,1,0,7,2, , ,N,0,0,0,3,0,1,1,1,N,N,40 02:13.231,75 00:48.150,1737, ,1731,1,2,1,N, ,0,N, , , , ,336844, , , ,1,0,0,0,0,0,1,0,0,0,0,0,1,1,0,0,0,0,0,0,0,0,0,0,0,0,0,0,0,0,0,0,0,0,0,8,0,40.037,-75.0134, , 
 ,31116,2015061760,6,67,67301,2015,5,1,1900,19,4,1,0,4,1, , ,N,1,2,4,3,0,0,5,2,N,N,39 57:28.162,75 08:50.070,1930, ,1935, ,0, ,N, ,3, , , , , ,336853, , , ,2,0,0,0,0,0,2,0,0,0,0,0,0,0,0,0,0,0,0,0,0,0,0,5,0,0,0,0,0,0,0,0,0,0,0,0,0,39.9578,-75.1472, , 
 ,31117,2015061822,6,67,67301,2015,5,3,1227,12,1,1,0,8,1, , ,N,1,2,0,3,0,1,2,2,N, ,40 03:40.656,75 03:06.510,1233, ,1229, ,0, , , ,3, , , , , ,336854, , , ,1,0,0,0,0,0,0,1,0,0,0,0,1,1,0,0,0,0,0,0,0,0,1,0,0,0,0,0,0,0,0,0,1,0,0,8,0,40.0613,-75.0518, , 
 ,31118,2015078643,6,67,67301,2015,7,3,214,2,3,1,0,4,1, , ,N,1,3,0,3,0,0,2,3,N,N,39 54:48.175,75 14:26.825,216, ,216, ,0, ,N, ,3, , , , , ,336869, , , ,3,2,0,0,0,0,1,0,0,0,0,0,0,0,1,0,0,0,0,0,0,0,0,0,0,0,0,0,0,0,0,0,0,0,0,9,0,39.9134,-75.2408, , 
 ,31119,2015085249,6,67,67301,2015,8,1,1905,19,3,1,0,8,1, , ,N,1,2,0,3,0,1,2,2,N,N,39 57:01.379,75 08:50.098,1910, ,1905, ,0, ,N, ,3, , , , , ,336874, , , ,1,1,0,0,0,0,0,0,0,0,0,1,1,0,0,0,0,0,0,0,0,0,0,0,0,0,0,0,0,0,0,0,1,0,0,4,0,39.9504,-75.1472, , 
 ,31120,2015095687,6,67,67301,2015,9,2,255,2,3,1,0,4,1, , ,N,5,2,0,3,0,0,3,3,N,N,39 57:42.623,75 09:27.136,304, ,300,2,2,6,N, ,3,Y, , , , ,336893, , , ,3,3,0,0,0,0,0,0,0,0,0,0,0,0,0,0,0,0,0,0,1,0,0,0,0,0,0,0,0,0,0,0,0,0,0,0,0,39.9617,-75.1575, , 
 ,31121,2015020812,6,67,67301,2015,2,2,1153,11,1,2,1,4,1, , ,N,1,3,0,3,0,1,2,2,N,N,39 56:59.046,75 13:15.470,1153, ,1152, ,0, , , ,3, , , , , ,336920, , , ,2,2,0,0,0,0,0,0,0,0,1,0,1,0,0,0,0,0,0,0,0,0,0,0,0,0,0,0,0,0,0,0,0,0,0,3,0,39.9497,-75.221, , 
 ,31122,2015092973,6,67,67301,2015,8,3,952,9,1,1,0,7,2, , ,N,0,0,3,3,0,1,1,1,N, ,40 05:37.526,74 58:48.208,958, ,955,1,1,3, , ,0,N, , , , ,336937, , , ,1,1,0,0,0,0,0,0,0,0,0,1,1,0,0,0,0,0,0,0,0,0,0,0,0,0,0,0,0,0,0,0,0,0,0,4,0,40.0938,-74.9801, , 
 ,31123,2015095743,6,67,67301,2015,8,1,646,6,1,1,0,4,1, , ,N,1,2,0,3,0,1,2,2,N,N,40 03:44.832,74 59:13.249,658, ,656, ,0, ,N, ,3, , , , , ,336939, , , ,2,2,0,0,0,0,0,0,0,0,0,0,1,1,0,0,0,0,0,0,0,0,0,0,0,0,0,0,0,0,0,0,0,0,0,8,0,40.0625,-74.987, , 
 ,31124,2015115218,6,67,67301,2015,10,2,33,0,3,1,0,0,7, , ,N,0,0,0,3,0,0,1,1,N,N,39 57:36.847,75 10:51.820,33, ,33,2,2,3,N, ,0,Y, , , , ,336953, , , ,1,1,0,0,0,0,0,0,0,0,0,0,0,0,0,0,0,0,0,0,0,1,0,0,0,0,0,0,0,0,0,0,0,0,0,0,0,39.9602,-75.1811, , 
 ,31125,2015010680,6,67,67301,2015,1,4,1340,13,1,1,0,4,1, , ,N,2,2,0,3,0,3,4,2,N, ,39 54:26.956,75 09:04.460,1350, ,1347, ,0, , , ,3, , , , , ,336960, , , ,2,1,0,0,0,1,0,0,0,0,0,3,3,0,0,0,0,0,0,0,0,0,0,0,0,0,0,0,0,0,0,0,0,0,0,4,1,39.9075,-75.1512, , 
 ,31126,2015021945,6,67,67301,2015,2,5,739,7,1,4,1,4,1, , ,N,2,3,0,3,0,0,3,3,N,N,40 01:32.141,75 12:08.737,743, ,741,3,2,5,N, ,3,Y, , , , ,336973, , , ,3,2,0,0,0,0,1,0,0,0,0,0,0,0,0,0,0,0,0,0,0,0,0,3,0,0,0,0,0,0,0,0,0,0,0,0,0,40.0257,-75.2025, , 
 ,31127,2015021967,6,67,67301,2015,2,3,2300,23,3,1,0,7,5, , ,N,0,0,0,3,0,1,1,1,N, ,40 01:46.844,75 10:51.319,2330, ,2324, ,0, , , ,0, , , , , ,336980, , , ,1,1,0,0,0,0,0,0,0,0,1,0,1,0,0,0,0,0,0,0,0,1,0,0,0,0,0,0,0,0,0,0,0,0,0,3,0,40.0297,-75.1809, , 
 ,31128,2015024973,6,67,67301,2015,2,4,719,7,1,1,0,4,1, , ,N,1,2,0,3,0,1,2,2,N,N,40 01:34.079,75 08:51.217,741, ,719, ,0, ,N, ,3, , , , , ,336982, , , ,2,2,0,0,0,0,0,0,0,0,0,1,1,0,0,0,0,0,0,0,1,0,0,0,0,0,0,0,0,0,0,0,0,0,0,4,0,40.0261,-75.1475, , 
 ,31129,2015027344,6,67,67301,2015,3,1,1255,12,1,3,6,7,2, , ,N,0,0,0,3,0,1,1,1,N,N,39 57:27.758,75 09:38.299,1304, ,1255,1,1,4,N, ,0,N, , , , ,336985, , , ,1,1,0,0,0,0,0,0,0,0,0,1,1,0,0,0,0,0,0,0,0,0,0,0,0,0,0,0,0,0,0,0,0,0,0,4,0,39.9577,-75.1606, , 
 ,31130,2015033745,6,67,67301,2015,3,2,1949,19,3,1,0,4,1, , ,N,1,3,0,3,0,2,4,2,N,N,40 02:00.799,75 01:42.689,2004, ,1956,2,1,2,N, ,3,Y, , , , ,336995, , , ,2,1,0,0,0,0,0,1,0,0,0,2,2,0,0,0,0,0,0,0,0,0,1,0,0,0,0,0,0,0,0,0,0,0,0,4,0,40.0336,-75.0285, , 
 ,31131,2015038603,6,67,67301,2015,3,3,1548,15,1,2,1,4,1, , ,N,1,2,0,3,0,2,6,3,N,N,40 00:36.435,75 07:17.178,1550, ,1548, ,0, ,N, ,3, , , , , ,337000, , , ,3,2,0,0,0,0,0,1,0,0,0,2,2,0,1,0,0,0,0,0,0,1,0,0,0,0,0,0,0,0,0,0,0,0,0,4,0,40.0101,-75.1214, , 
 ,31132,2015061442,6,67,67301,2015,6,1,1656,16,1,1,0,7,4, , ,N,0,0,0,3,0,1,2,1,N,N,39 59:59.102,75 04:48.050,1702, ,1656,1,2,1,N, ,0,N, , , , ,339935, , , ,1,1,0,0,0,0,0,0,0,0,0,1,1,0,0,0,0,0,0,0,0,1,0,0,0,0,0,0,0,0,0,0,0,0,0,4,0,39.9998,-75.08, , 
 ,31133,2015075743,6,67,67301,2015,7,4,1816,18,1,1,0,1,1, , ,N,1,2,0,3,0,1,2,2,N,N,39 58:47.695,75 10:02.706,1849, ,1846, ,0, ,N, ,3, , , , , ,339950, , , ,2,1,0,0,0,0,1,0,0,0,0,1,1,0,0,0,0,0,0,0,0,0,0,0,0,0,0,0,0,0,0,0,0,0,0,4,0,39.9799,-75.1674, , 
 ,31134,2015081074,6,67,67301,2015,7,4,1605,16,1,1,0,1,1, , ,N,0,2,0,3,0,2,3,3,N,N,39 55:43.677,75 13:47.682,1631, ,1612, ,0, ,N, ,3, , , , , ,339960, , , ,3,3,0,0,0,0,0,0,0,0,0,2,2,0,0,0,0,0,0,0,0,1,0,0,0,0,0,0,0,0,0,0,0,0,0,4,0,39.9288,-75.2299, , 
 ,31135,2015103431,6,67,67301,2015,9,2,9999,99,1,1,0,4,1, , ,N,1,2,1,3,0,1,3,2,N, ,39 55:22.764,75 11:18.725,1819, ,1819,2,2,4, , ,3,Y, , , , ,339978, , , ,2,2,0,0,0,0,0,0,0,0,0,1,1,0,0,0,0,0,0,0,0,0,0,0,0,0,0,0,0,0,0,0,0,0,0,4,0,39.923,-75.1885, , 
 ,31136,2015114629,6,67,67301,2015,10,4,1615,16,1,1,0,1,1, , ,N,0,0,0,3,0,0,2,2,N,N,39 54:29.325,75 11:36.558,1700, ,1645, ,0, ,N, ,0, , , , , ,339989, , , ,2,0,0,0,1,1,0,0,0,0,0,0,0,0,0,0,0,0,0,0,1,0,0,0,0,0,0,0,0,0,0,0,0,0,0,0,1,39.9081,-75.1935, , 
 ,31137,2015118136,6,67,67301,2015,10,3,1820,18,2,1,0,4,1, , ,N,1,0,0,3,0,1,2,2,N,N,40 03:07.780,75 05:11.686,1902, ,1856,2,2,7,N, ,0,Y, , , , ,339991, , , ,2,2,0,0,0,0,0,0,0,0,0,0,1,1,0,0,0,0,0,0,0,0,1,0,0,0,0,0,0,0,0,0,0,0,0,8,0,40.0522,-75.0866, , 
 ,31138,2015074579,6,67,67301,2015,6,1,1950,19,1,1,0,4,1, , ,N,1,2,0,3,0,1,3,2,N, ,40 02:29.338,75 05:16.364,2005, ,1958, ,0, , , ,3, , , , , ,340003, , , ,2,1,0,0,1,0,0,0,0,0,0,1,1,0,0,0,0,0,0,0,1,0,0,0,0,0,0,0,0,0,0,0,0,0,0,4,0,40.0415,-75.0879, , 
 ,31139,2015074582,6,67,67301,2015,6,2,1758,17,1,1,0,4,1, , ,N,0,0,7,3,0,2,4,2,N,N,40 00:27.069,75 07:40.947,1805, ,1805, ,0, ,N, ,0, , , , , ,340004, , , ,2,2,0,0,0,0,0,0,0,0,0,0,2,2,0,0,0,0,0,0,0,0,0,4,0,0,0,0,0,0,0,0,0,0,0,8,0,40.0075,-75.128, , 
 ,31140,2015078685,6,67,67301,2015,7,6,2255,22,3,1,0,6,6, , ,N,0,0,0,3,0,0,1,2,N,N,40 00:38.500,75 08:10.169,2301, ,2301, ,0, ,N, ,0, , , , , ,340006, , , ,2,1,0,0,0,0,0,1,0,0,0,0,0,0,1,0,0,0,0,0,1,0,0,0,0,0,0,0,0,0,0,0,0,0,0,9,0,40.0107,-75.1362, , 
 ,31141,2015093435,6,67,67301,2015,8,6,2108,21,3,1,0,8,1, , ,N,1,2,0,3,0,1,2,2,N, ,39 56:55.712,75 10:09.688,2112, ,2110, ,0, , , ,3, , , , , ,340018, , , ,1,1,0,0,0,0,0,0,0,0,0,1,1,0,0,0,0,0,0,0,0,0,0,0,0,0,0,0,0,0,0,0,1,0,0,4,0,39.9488,-75.1694, , 
 ,31142,2015098951,6,67,67301,2015,9,5,530,5,3,2,1,7,4, , ,N,1,2,0,3,0,1,1,1,N,N,39 57:28.502,75 08:55.805,537, ,533,3,2,2,Y, ,3,N, , , , ,340024, , , ,1,0,0,0,1,0,0,0,0,0,0,0,1,1,0,0,0,0,0,0,1,0,0,0,0,0,0,0,0,0,0,0,0,0,0,8,0,39.958,-75.1488, , 
 ,31143,2015099520,6,67,67301,2015,9,2,2210,22,3,1,0,5,6, , ,N,0,0,0,3,0,1,1,4,N, ,39 56:41.732,75 10:32.990,2230, ,2210, ,0, , , ,0, , , , , ,340025, , , ,4,1,0,0,0,0,3,0,0,0,1,0,1,0,0,0,0,0,0,0,0,0,0,1,0,0,0,0,0,0,0,0,0,0,0,3,0,39.9449,-75.1758, , 
 ,31144,2015102002,6,67,67301,2015,9,6,2143,21,3,1,0,8,1, , ,N,0,0,0,3,1,0,2,2,N,N,39 59:25.028,75 06:11.047,2348, ,2347,4,1,2,N,0,0,N, , , , ,340030, , , ,1,1,0,0,0,0,0,0,0,0,0,0,0,0,0,0,0,0,0,0,0,0,0,0,0,0,0,0,0,0,0,0,1,1,0,1,0,39.9903,-75.1031,2, 
 ,31145,2015088762,6,67,67301,2015,8,3,2315,23,3,2,1,4,1, , ,N,2,3,0,3,0,4,7,2,N,N,40 01:55.282,75 06:46.382,2330, ,2325, ,0, ,N, ,3, , , , , ,340039, , , ,2,1,0,0,0,0,0,1,0,0,0,1,4,3,0,0,0,0,0,0,0,0,0,5,0,0,0,0,0,0,0,0,0,0,0,4,0,40.032,-75.1129, , 
 ,31146,2015107455,6,67,67301,2015,9,4,1145,11,1,1,0,5,1, , ,N,2,0,0,3,0,0,2,2,N,N,39 57:07.268,75 09:45.490,1145, ,1145,2,1,1,N, ,0,N, , , , ,340054, , , ,2,1,0,1,0,0,0,0,0,0,0,0,0,0,0,0,0,0,0,0,0,0,0,0,0,0,0,0,0,0,0,0,0,0,0,0,1,39.952,-75.1626, , 
 ,31147,2015063958,6,67,67301,2015,5,7,1255,12,1,1,0,5,1, , ,N,0,0,0,3,0,2,3,2,N,N,39 55:32.508,75 14:39.024,1328, ,1325,3,2,6,N, ,0,Y, , , , ,340062, , , ,2,1,0,0,0,0,0,1,0,0,0,0,2,2,0,0,0,0,0,0,0,0,0,0,0,0,0,0,0,0,0,0,0,0,0,8,0,39.9257,-75.2442, , 
 ,31148,2015084413,6,67,67301,2015,7,1,2145,21,3,1,0,1,1, , ,N,1,2,0,3,0,1,2,2,N,N,40 01:44.844,75 05:23.694,2200, ,2155, ,0, , , ,3, , , , , ,340079, , , ,2,1,0,0,0,0,0,0,0,0,0,0,1,1,0,0,0,0,0,0,0,0,0,0,0,0,0,0,0,0,0,0,0,0,0,8,0,40.0291,-75.0899, , 
 ,31149,2015088770,6,67,67301,2015,8,5,1400,14,1,1,0,4,1, , ,N,1,0,0,3,0,1,2,2,N, ,39 57:39.056,75 09:24.296,1410, ,1405, ,0, , , ,0, , , , , ,340082, , , ,2,1,1,0,0,0,0,0,0,1,0,0,1,0,0,0,0,0,0,0,1,0,0,0,0,0,0,0,0,1,0,0,0,0,0,2,0,39.9608,-75.1567, , 
 ,31150,2015064338,6,67,67301,2015,5,5,1612,16,1,1,0,1,1, , ,N,3,2,0,3,0,1,3,3,N,N,39 58:32.977,75 12:46.672,1620, ,1616, ,0, ,N, ,3, , , , , ,342972, , , ,3,2,0,0,0,0,0,1,0,0,0,0,1,1,0,0,0,0,0,0,2,0,0,0,0,0,0,0,0,0,0,0,0,0,0,8,0,39.9761,-75.2129, , 
U,31151,2015066155,6,67,67301,2015,6,1,735,7,1,1,0,4,1,8,8,Y,1,2,0,3,0,2,2,2,Y,Y,39 57:28.502,75 08:55.805,736,99,736, ,0, ,Y, ,3, ,U,U,U,U,342973,U,U,U,2,2,0,0,0,0,0,0,0,0,0,2,2,0,0,0,0,0,0,0,0,0,0,0,0,0,0,0,0,0,0,0,0,0,0,4,0,39.9579,-75.1488, , 
 ,31152,2015066321,6,67,67301,2015,6,6,9999,99,1,2,1,7,4, , ,N,0,0,0,3,0,1,1,1,N,N,40 01:38.733,75 11:33.539,837, ,837, ,0, , , ,0, , , , , ,342974, , , ,1,1,0,0,0,0,0,0,0,0,0,0,1,1,0,0,0,0,0,0,0,0,0,0,0,0,0,0,0,0,0,0,0,0,0,8,0,40.0274,-75.1926, , 
 ,31153,2015073716,6,67,67301,2015,7,6,1600,16,1,1,0,4,1, , ,N,1,2,0,3,0,1,2,2,N, ,39 58:30.905,75 12:23.885,1610, ,1605, ,0, , , ,3, , , , , ,342979, , , ,1,1,0,0,0,0,0,0,1,0,0,1,1,0,0,0,0,0,0,0,0,0,1,0,0,0,0,0,0,0,0,0,0,0,0,4,0,39.9753,-75.2066, , 
 ,31154,2015056529,6,67,67301,2015,5,1,1906,19,1,1,0,4,1, , ,N,1,2,2,3,0,0,5,2,N, ,40 05:15.133,74 58:16.083,1912, ,1906, ,0, , , ,3, , , , , ,343004, , , ,2,2,0,0,0,0,0,0,0,0,0,0,0,0,0,0,0,0,0,1,0,0,0,0,0,0,0,0,0,0,0,0,0,0,0,0,0,40.0875,-74.9711, , 
 ,31155,2015070610,6,67,67301,2015,6,3,1650,16,1,1,0,0,1, , ,N,0,0,0,3,0,0,1,1,N,N,40 01:44.270,75 09:32.511,1702, ,1700, ,0, ,N, ,0, , , , , ,343008, , , ,1,0,0,0,0,0,1,0,0,0,0,0,0,0,0,0,0,0,0,0,0,0,0,0,0,0,0,0,0,0,0,0,0,0,0,0,0,40.029,-75.159, , 
 ,31156,2015053950,6,67,67301,2015,5,5,1521,15,1,1,0,1,1, , ,N,0,0,0,3,0,1,3,2,N,N,40 01:38.037,75 06:39.921,1525, ,1523, ,0, ,N, ,0, , , , , ,343017, , , ,2,0,0,0,0,0,1,1,0,0,0,1,1,0,0,0,0,0,0,0,1,0,0,0,0,0,0,0,0,0,0,0,0,0,0,4,0,40.0272,-75.1111, , 
 ,31157,2015102014,6,67,67301,2015,9,5,800,8,1,1,0,1,1, , ,N,0,2,0,3,0,1,2,2,N,N,39 54:37.874,75 11:34.705,825, ,819,1,1,2, , ,3,N, , , , ,343063, , , ,2,0,0,0,0,2,0,0,0,0,0,1,1,0,0,0,0,0,0,0,0,0,0,0,0,0,0,0,0,0,0,0,0,0,0,4,2,39.9105,-75.193, , 
 ,31158,2015102072,6,67,67301,2015,10,5,557,5,3,2,1,7,4, , ,N,7,0,2,3,0,0,1,1,N,N,39 56:55.117,75 11:09.395,610, ,605,2,1,3,N, ,0,N, , , , ,343064, , , ,1,1,0,0,0,0,0,0,0,0,0,0,0,0,0,0,0,0,0,0,0,0,0,0,0,0,0,0,0,0,0,0,0,0,0,0,0,39.9486,-75.1859, , 
 ,31159,2015114544,6,67,67301,2015,10,4,625,6,5,1,0,8,1, , ,N,1,2,0,3,0,1,2,2,N, ,40 02:29.198,75 07:12.381,730, ,718, ,0, , , ,3, , , , , ,343072, , , ,1,1,0,0,0,0,0,0,0,0,0,1,1,0,0,0,0,0,0,1,0,0,0,0,0,0,0,0,0,0,0,0,1,0,0,4,0,40.0414,-75.1201, , 
 ,31160,2015115022,6,67,67301,2015,10,3,1030,10,1,1,0,8,1, , ,N,1,3,0,3,0,1,2,2,N,N,39 59:07.198,75 14:05.035,1500, ,1030, ,0, , , ,3, , , , , ,343073, , , ,1,1,0,0,0,0,0,0,0,0,0,1,1,0,1,0,0,0,0,0,0,0,0,0,0,0,0,0,0,0,0,0,1,0,0,4,0,39.9853,-75.2347, , 
 ,31161,2015115087,6,67,67301,2015,10,2,1830,18,1,1,0,4,1, , ,N,2,2,7,3,0,0,2,2,N,N,40 01:46.700,75 13:45.119,1840, ,1834,9,1,3,N, ,3,N, , , , ,343091, , , ,2,1,0,0,0,0,1,0,0,0,0,0,0,0,0,0,0,0,0,0,0,0,0,0,0,0,0,0,0,0,0,0,0,0,0,0,0,40.0296,-75.2292, , 
Y,31162,2015082822,6,67,67301,2015,7,6,51,0,3,1,0,1,1,2,3,Y,0,8,0,3,0,2,3,2,N,N,39 57:28.336,75 09:42.644,51,50,51, ,0, ,N, ,3, ,N,Y,N,Y,343101,N,N,N,2,2,0,0,0,0,0,0,0,0,0,0,2,2,0,0,0,0,0,1,1,0,0,1,0,0,0,0,0,0,0,0,0,0,0,8,0,39.9579,-75.1618, , 
 ,31163,2015086240,6,67,67301,2015,8,5,710,7,1,1,0,4,1, , ,N,1,2,0,3,0,1,2,2,N,N,39 58:30.545,75 11:17.083,750, ,718, ,0, ,N, ,3, , , , , ,343104, , , ,1,0,0,0,0,0,1,0,1,0,0,0,1,1,0,0,0,0,0,0,1,0,0,0,0,0,0,0,0,0,0,0,0,0,0,8,0,39.9752,-75.1882, , 
 ,31164,2015051422,6,67,67301,2015,5,7,105,1,3,1,0,8,1, , ,N,1,2,0,3,0,1,2,2,N, ,39 55:35.378,75 13:59.188,106, ,105, ,0, , , ,3, , , , , ,343126, , , ,1,0,0,0,0,0,1,0,0,0,0,1,1,0,0,0,0,0,0,0,0,1,0,0,0,0,0,0,0,0,0,0,1,0,0,4,0,39.9265,-75.2331, , 
 ,31165,2015061936,6,67,67301,2015,5,3,545,5,1,7,0,1,1, , ,N,0,2,0,3,0,1,4,2,N,N,39 57:11.109,75 14:55.540,900, ,1700, ,0, ,N, ,3, , , , , ,343135, , , ,2,2,0,0,0,0,0,0,0,0,1,0,1,0,0,0,0,0,0,0,0,0,0,0,0,0,0,0,0,0,0,0,0,0,0,3,0,39.9531,-75.2488, , 