wz_ln_closure,objectid_1,crn,district,county,municipality,crash_year,crash_month,day_of_week,time_of_day,hour_of_day,illumination,weather,road_condition,collision_type,relation_to_road,work_zone_type,work_zone_loc,work_zone_ind,intersect_type,tcd_type,location_type,urban_rural,fatal_count,injury_count,person_count,total_units,sch_bus_ind,sch_zone_ind,latitude,longitude,arrival_tm,cons_zone_spd_lim,dispatch_tm,est_hrs_closed,lane_closed,ln_close_dir,ntfy_hiwy_maint,spec_juris_cd,tcd_func_cd,tfc_detour_ind,workers_pres,wz_close_detour,wz_flagger,wz_law_offcr_ind,objectid,wz_moving,wz_other,wz_shlder_mdn,vehicle_count,automobile_count,motorcycle_count,bus_count,small_truck_count,heavy_truck_count,suv_count,van_count,bicycle_count,maj_inj_count,mod_inj_count,min_inj_count,tot_inj_count,unk_inj_deg_count,unk_inj_per_count,driver_count_16yr,driver_count_17yr,driver_count_18yr,driver_count_19yr,driver_count_20yr,driver_count_50_64yr,driver_count_65_74yr,driver_count_75plus,unbelted_occ_count,unb_death_count,unb_maj_inj_count,belted_death_count,belted_maj_inj_count,mcycle_death_count,mcycle_maj_inj_count,bicycle_death_count,bicycle_maj_inj_count,ped_count,ped_death_count,ped_maj_inj_count,max_severity_level,comm_veh_count,dec_lat,dec_long,rdwy_surf_type_cd,county_name
 ,31166,2015063969,6,67,67301,2015,5,3,2113,21,3,1,0,4,1, , ,N,2,0,0,3,0,2,3,2,N,N,40 03:18.240,75 10:49.528,2117, ,2113,3,2,5,N, ,0,Y, , , , ,343137, , , ,2,1,1,0,0,0,0,0,0,0,0,0,2,2,0,0,0,0,0,0,0,0,0,0,0,0,0,0,0,0,0,0,0,0,0,8,0,40.0551,-75.1804, , 
 ,31167,2015070139,6,67,67301,2015,6,2,2206,22,3,2,1,4,1, , ,N,1,3,0,3,0,0,2,2,N, ,40 00:34.427,75 09:13.095,2211, ,2211, ,0, , , ,3, , , , , ,343146, , , ,2,1,0,0,0,0,1,0,0,0,0,0,0,0,1,0,0,0,0,1,0,0,0,0,0,0,0,0,0,0,0,0,0,0,0,9,0,40.0096,-75.1536, , 
 ,31168,2015093526,6,67,67301,2015,8,7,1214,12,1,1,0,7,2, , ,N,0,0,0,3,0,2,2,1,N,N,39 55:21.506,75 08:51.960,1227, ,1216,2,1,2,N, ,0,N, , , , ,346356, , , ,1,1,0,0,0,0,0,0,0,0,0,0,2,2,0,0,0,0,0,0,0,0,0,0,0,0,0,0,0,0,0,0,0,0,0,8,0,39.9226,-75.1478, , 
 ,31169,2015102011,6,67,67301,2015,9,6,1240,12,1,1,0,0,3, , ,N,3,0,2,3,1,0,1,1,N,N,40 04:53.338,74 57:59.917,1250, ,1243,1,1,3,N,0,0,Y, , , , ,346362, , , ,1,0,1,0,0,0,0,0,0,0,0,0,0,0,0,0,0,0,0,0,1,0,0,0,0,0,0,0,1,0,0,0,0,0,0,1,0,40.0815,-74.9666,1, 
 ,31170,2015092984,6,67,67301,2015,8,5,9999,99,1,1,0,4,1, , ,N,1,2,0,3,0,1,4,3,N,N,39 57:09.508,75 10:41.403,830, ,820, ,0, ,N, ,3, , , , , ,346378, , , ,3,2,0,0,0,0,1,0,0,0,0,0,1,1,3,0,0,0,0,0,2,0,0,0,0,0,0,0,0,0,0,0,0,0,0,8,0,39.9526,-75.1781, , 
 ,31171,2015095341,6,67,67301,2015,8,1,2315,23,3,1,0,1,1, , ,N,0,0,0,3,0,3,4,4,N,N,40 00:19.756,75 04:30.858,2323, ,2316,3,2,1,N, ,0,Y, , , , ,346380, , , ,4,3,0,0,0,0,1,0,0,0,2,1,3,0,0,0,0,0,0,0,1,1,0,0,0,0,0,0,0,0,0,0,0,0,0,3,0,40.0055,-75.0752, , 
 ,31172,2015059189,6,67,67301,2015,5,6,1436,14,1,1,0,1,1, , ,N,0,0,0,3,0,4,8,3,N,N,39 58:14.386,75 11:34.611,1454, ,1444,1,1,4,N, ,0,N, , , , ,346398, , , ,3,0,0,0,0,1,2,0,0,0,0,0,4,4,0,0,0,0,0,0,1,1,0,0,0,0,0,0,0,0,0,0,0,0,0,8,1,39.9707,-75.1929, , 
 ,31173,2015063863,6,67,67301,2015,6,2,700,7,1,2,1,1,1, , ,N,0,0,0,3,0,1,2,2,N, ,39 56:32.952,75 14:20.841,722, ,704,3,1,1, , ,0,Y, , , , ,346401, , , ,2,1,0,0,0,0,0,1,0,0,0,0,1,1,0,0,0,0,0,0,0,0,0,0,0,0,0,0,0,0,0,0,0,0,0,8,0,39.9425,-75.2391, , 
 ,31174,2015068063,6,67,67301,2015,6,4,1305,13,1,1,0,1,1, , ,N,0,0,0,3,0,3,4,3,N,N,39 59:38.173,75 11:57.522,1305, ,1305,1,2,3,N, ,0,N, , , , ,346408, , , ,3,1,0,0,0,0,0,2,0,0,0,2,3,1,0,0,0,0,0,0,2,0,0,0,0,0,0,0,0,0,0,0,0,0,0,4,0,39.9939,-75.1993, , 
 ,31175,2015078173,6,67,67301,2015,7,5,1616,16,1,1,0,4,1, , ,N,2,2,0,3,0,2,2,3,N,N,39 59:38.856,75 14:29.980,1619, ,1616,1,1,2,N, ,3,N, , , , ,346429, , , ,2,1,0,0,0,0,1,0,0,1,0,0,2,1,0,0,0,0,0,0,0,1,0,0,0,0,0,1,0,0,0,0,0,0,0,2,0,39.994,-75.2416, , 
 ,31176,2015084452,6,67,67301,2015,7,4,2152,21,3,1,0,4,1, , ,N,2,0,0,3,0,1,2,2,N,N,39 55:25.978,75 13:48.165,2201, ,2155, ,0, , , ,0, , , , , ,346439, , , ,1,0,0,0,0,0,1,0,1,0,0,0,1,1,0,0,0,0,0,0,1,0,0,0,0,0,0,0,0,0,0,0,0,0,0,8,0,39.9239,-75.23, , 
 ,31177,2015107463,6,67,67301,2015,9,5,1030,10,1,1,0,1,1, , ,N,1,2,0,3,0,1,2,2,N,N,39 58:05.382,75 13:30.517,1105, ,1100, ,0, ,N, ,3, , , , , ,346454, , , ,2,1,0,0,0,0,1,0,0,0,1,0,1,0,0,0,0,0,0,0,0,0,0,0,0,0,0,0,0,0,0,0,0,0,0,3,0,39.9681,-75.2251, , 
 ,31178,2015107467,6,67,67301,2015,9,2,1144,11,1,1,0,8,1, , ,N,1,3,0,3,0,1,4,2,N,N,39 55:15.888,75 09:13.381,1147, ,1147, ,0, ,N, ,3, , , , , ,346455, , , ,1,0,0,0,0,0,1,0,0,0,0,1,1,0,0,0,0,0,0,0,0,0,0,0,0,0,0,0,0,0,0,0,1,0,0,4,0,39.9211,-75.1537, , 
 ,31179,2015109198,6,67,67301,2015,10,7,58,0,3,2,1,4,1, , ,N,1,2,0,3,0,0,3,2,N,N,40 00:54.823,75 10:11.829,58, ,58,1,1,1,N, ,3,N, , , , ,346457, , , ,2,0,0,0,0,0,1,1,0,0,0,0,0,0,0,0,0,0,0,0,0,1,0,0,0,0,0,0,0,0,0,0,0,0,0,0,0,40.0152,-75.1699, , 
 ,31180,2015131318,6,67,67301,2015,11,6,9999,99,1,1,0,1,1, , ,N,3,2,0,3,0,1,2,2,N, ,40 04:12.683,75 01:52.611,1037, ,1028, ,0, , , ,3, , , , , ,346469, , , ,1,1,0,0,0,0,0,0,1,0,0,0,1,1,1,0,0,0,0,0,0,0,0,0,0,0,0,0,0,0,0,0,0,0,0,8,0,40.0702,-75.0313, , 
 ,31181,2015075291,6,67,67301,2015,7,5,1609,16,1,1,0,7,4, , ,N,0,0,0,3,0,1,1,1,N,N,40 02:51.131,75 12:21.507,1625, ,621, ,0, ,N, ,0, , , , , ,346482, , , ,1,1,0,0,0,0,0,0,0,0,0,0,1,1,0,0,0,0,0,0,0,0,0,0,0,0,0,0,0,0,0,0,0,0,0,8,0,40.0475,-75.206, , 
 ,31182,2015086246,6,67,67301,2015,8,3,200,2,3,1,0,4,1, , ,N,1,3,0,3,0,1,2,3,N, ,39 58:05.422,75 12:20.631,210, ,203, ,0, , , ,3, , , , , ,346488, , , ,3,1,0,0,0,0,0,1,0,0,0,1,1,0,0,0,0,0,0,1,0,0,0,0,0,0,0,0,0,0,0,0,0,0,0,4,0,39.9682,-75.2057, , 
 ,31183,2015094333,6,67,67301,2015,8,4,2207,22,3,1,0,1,1, , ,N,3,2,0,3,0,1,6,5,N,N,40 03:47.826,75 08:21.544,2321, ,2321, ,0, ,N, ,3, , , , , ,346500, , , ,5,3,0,0,0,0,1,1,0,0,0,1,1,0,0,0,0,0,0,0,1,0,0,0,0,0,0,0,0,0,0,0,0,0,0,4,0,40.0633,-75.1393, , 
 ,31184,2015112137,6,67,67301,2015,10,3,1522,15,1,1,0,6,1, , ,N,0,0,0,3,0,1,2,2,N, ,39 55:23.516,75 13:13.854,1651, ,1650, ,0, , , ,0, , , , , ,346519, , , ,2,0,0,0,1,0,0,1,0,0,0,1,1,0,0,0,0,0,0,0,0,0,0,1,0,0,0,0,0,0,0,0,0,0,0,4,0,39.9232,-75.2205, , 
 ,31185,2015058852,6,67,67301,2015,6,3,1340,13,1,2,1,7,2, , ,N,0,0,0,3,0,0,1,1,N,N,39 53:09.431,75 14:34.828,1347, ,1341, ,0, ,Y, ,0, , , , , ,346522, , , ,1,1,0,0,0,0,0,0,0,0,0,0,0,0,0,0,0,0,0,0,0,0,0,0,0,0,0,0,0,0,0,0,0,0,0,0,0,39.886,-75.243, , 
 ,31186,2015061908,6,67,67301,2015,5,7,1008,10,1,1,0,4,1, , ,N,2,0,2,3,0,0,2,2,N,N,39 58:28.920,75 11:58.250,1020, ,8, ,0, ,N, ,0, , , , , ,337007, , , ,2,2,0,0,0,0,0,0,0,0,0,0,0,0,0,0,0,0,0,0,0,0,0,0,0,0,0,0,0,0,0,0,0,0,0,0,0,39.9746,-75.1992, , 
 ,31187,2015066189,6,67,67301,2015,6,4,1409,14,1,1,0,4,1, , ,N,1,2,0,3,0,2,2,2,N, ,40 02:48.424,75 04:13.037,1525, ,1521, ,0, , , ,3, , , , , ,337011, , , ,2,2,0,0,0,0,0,0,0,0,0,0,2,2,0,0,0,0,0,0,1,0,0,0,0,0,0,0,0,0,0,0,0,0,0,8,0,40.0468,-75.0703, , 
 ,31188,2015053966,6,67,67301,2015,5,4,2325,23,3,1,0,1,1, , ,N,1,2,0,3,0,0,3,2,N, ,40 00:50.174,75 03:20.262,2334, ,2327, ,0, , , ,3, , , , , ,337061, , , ,2,1,0,0,0,0,1,0,0,0,0,0,0,0,0,0,0,0,0,0,0,0,0,0,0,0,0,0,0,0,0,0,0,0,0,0,0,40.0139,-75.0556, , 
 ,31189,2015088697,6,67,67301,2015,8,2,1117,11,1,1,0,8,1, , ,N,1,2,0,3,0,1,2,2,N, ,40 02:04.999,75 07:51.139,1120, ,1117, ,0, , , ,3, , , , , ,337074, , , ,1,0,0,0,0,0,1,0,0,0,0,1,1,0,0,0,0,0,0,0,1,0,0,0,0,0,0,0,0,0,0,0,1,0,0,4,0,40.0347,-75.1309, , 
 ,31190,2015061884,6,67,67301,2015,5,4,1839,18,1,2,1,6,1, , ,N,0,0,0,3,0,3,5,4,N,N,39 58:54.802,75 12:03.506,1842, ,1840,3,2,5,N, ,0,Y, , , , ,337080, , , ,4,1,0,0,0,0,2,1,0,0,1,2,3,0,0,0,0,0,0,0,1,0,0,0,0,0,0,0,0,0,0,0,0,0,0,3,0,39.9819,-75.201, , 
 ,31191,2015066259,6,67,67301,2015,6,3,742,7,1,2,1,8,1, , ,N,2,2,0,3,0,1,2,2,N,N,39 56:51.715,75 11:55.544,743, ,742, ,0, ,N, ,3, , , , , ,337083, , , ,1,0,0,0,0,0,0,1,0,0,0,0,1,1,0,0,0,0,0,0,1,0,0,0,0,0,0,0,0,0,0,0,1,0,0,8,0,39.9477,-75.1986, , 
 ,31192,2015066264,6,67,67301,2015,6,3,1730,17,1,1,0,8,1, , ,N,1,2,0,3,0,1,2,2,N,N,40 02:26.384,75 04:34.268,1830, ,1825, ,0, ,N, ,3, , , , , ,337084, , , ,1,1,0,0,0,0,0,0,0,0,0,0,1,1,0,0,0,0,0,0,0,0,0,0,0,0,0,0,0,0,0,0,1,0,0,8,0,40.0407,-75.0762, , 
 ,31193,2015070652,6,67,67301,2015,6,6,1915,19,1,1,0,5,6, , ,N,0,0,0,3,0,0,1,2,N,N,39 55:59.991,75 10:15.340,1920, ,1915, ,0, , , ,0, , , , , ,337089, , , ,2,1,0,0,0,0,1,0,0,0,0,0,0,0,0,0,0,0,0,0,1,0,0,1,0,0,0,0,0,0,0,0,0,0,0,0,0,39.9333,-75.1709, , 
 ,31194,2015071326,6,67,67301,2015,6,6,825,8,1,1,0,5,1, , ,N,0,2,0,3,0,1,2,2,N,N,39 56:54.862,75 10:15.704,832, ,827, ,0, ,N, ,3, , , , , ,337090, , , ,1,1,0,0,0,0,0,0,1,0,0,1,1,0,0,0,0,0,0,0,0,1,0,0,0,0,0,0,0,0,0,0,0,0,0,4,0,39.9486,-75.171, , 
 ,31195,2015072861,6,67,67301,2015,6,5,1620,16,1,1,0,8,1, , ,N,0,0,0,3,0,1,2,2,N,N,40 01:43.788,75 09:46.992,1621, ,1621, ,0, ,N, ,0, , , , , ,337093, , , ,1,1,0,0,0,0,0,0,0,0,0,1,1,0,0,0,0,0,0,0,0,0,0,0,0,0,0,0,0,0,0,0,1,0,0,4,0,40.0288,-75.1631, , 
 ,31196,2015077009,6,67,67301,2015,6,1,815,8,1,1,0,6,6, , ,N,0,0,0,3,0,0,1,2,N,N,39 58:52.924,75 06:48.916,835, ,825, ,0, ,N, ,0, , , , , ,337100, , , ,2,2,0,0,0,0,0,0,0,0,0,0,0,0,0,0,0,0,0,0,0,0,0,0,0,0,0,0,0,0,0,0,0,0,0,0,0,39.9814,-75.1136, , 
 ,31197,2015099016,6,67,67301,2015,9,1,1419,14,1,1,0,4,1, , ,N,1,3,0,3,0,1,2,2,N,N,40 02:55.752,75 09:11.847,1440, ,1440, ,0, ,N, ,3, , , , , ,337139, , , ,2,2,0,0,0,0,0,0,0,0,0,0,1,1,0,0,0,0,0,0,1,0,1,0,0,0,0,0,0,0,0,0,0,0,0,8,0,40.0488,-75.1533, , 
 ,31198,2015047289,6,67,67301,2015,4,2,145,1,3,1,0,7,4, , ,N,0,0,0,3,0,1,2,1,N,N,39 57:45.856,75 11:00.623,201, ,147, ,0, ,N, ,0, , , , , ,337160, , , ,1,1,0,0,0,0,0,0,0,0,0,1,1,0,0,0,0,0,0,0,0,0,0,0,0,0,0,0,0,0,0,0,0,0,0,4,0,39.9627,-75.1835, , 
 ,31199,2015051950,6,67,67301,2015,4,2,1800,18,1,1,0,4,1, , ,N,1,3,0,3,0,1,2,2,N,N,39 57:35.366,75 09:49.409,1812, ,1810, ,0, ,N, ,3, , , , , ,337165, , , ,2,2,0,0,0,0,0,0,0,0,0,1,1,0,0,0,0,0,0,0,1,0,0,0,0,0,0,0,0,0,0,0,0,0,0,4,0,39.9598,-75.1637, , 
N,31200,2015068034,6,67,67301,2015,6,2,1747,17,1,1,0,7,1,1,4,Y,0,0,0,3,0,1,2,2,N,N,39 58:17.197,75 07:24.689,1804,45,1750, ,0, ,N, ,0, ,N,N,N,N,337170,N,N,Y,2,1,0,0,0,0,1,0,0,0,0,1,1,0,0,0,0,0,0,0,0,1,0,0,0,0,0,0,0,0,0,0,0,0,0,4,0,39.9714,-75.1235, , 
 ,31201,2015073621,6,67,67301,2015,7,2,1525,15,1,1,0,5,1, , ,N,0,0,0,3,0,1,2,2,N, ,39 56:55.720,75 09:43.809,1546, ,1540, ,0, , , ,0, , , , , ,337178, , , ,1,0,0,0,0,0,0,1,1,0,0,1,1,0,0,0,0,0,0,0,0,0,0,0,0,0,0,0,0,0,0,0,0,0,0,4,0,39.9488,-75.1622, , 
 ,31202,2015074963,6,67,67301,2015,6,7,1409,14,1,2,1,1,1, , ,N,0,0,0,3,0,0,5,4,N,N,39 58:36.088,75 11:50.295,1425, ,1417,1,1,3,N, ,0,N, , , , ,337181, , , ,4,4,0,0,0,0,0,0,0,0,0,0,0,0,0,0,0,0,0,0,0,1,0,0,0,0,0,0,0,0,0,0,0,0,0,0,0,39.9767,-75.1973, , 
 ,31203,2015091028,6,67,67301,2015,8,6,1705,17,1,1,0,4,1, , ,N,1,3,0,3,0,0,2,2,N,N,39 57:04.183,75 12:25.660,1705, ,1705, ,0, ,N, ,3, , , , , ,337200, , , ,2,0,0,0,0,1,0,1,0,0,0,0,0,0,0,0,0,0,0,0,0,0,0,0,0,0,0,0,0,0,0,0,0,0,0,0,1,39.9512,-75.2071, , 
 ,31204,2015098167,6,67,67301,2015,9,7,1248,12,1,1,0,1,1, , ,N,0,0,0,3,0,1,3,3,N,N,39 53:58.148,75 09:53.491,1303, ,1250,1,1,2,N, ,0,N, , , , ,340089, , , ,3,1,0,0,0,0,2,0,0,0,0,1,1,0,0,0,0,0,0,0,1,0,0,0,0,0,0,0,0,0,0,0,0,0,0,4,0,39.8995,-75.1649, , 
 ,31205,2015106461,6,67,67301,2015,10,1,1645,16,1,1,0,4,1, , ,N,0,0,7,3,0,1,2,2,N,N,40 03:43.401,75 12:00.138,1658, ,1651, ,0, ,N, ,0, , , , , ,340095, , , ,2,1,0,0,0,0,1,0,0,0,0,0,1,1,0,0,0,0,0,0,1,0,0,0,0,0,0,0,0,0,0,0,0,0,0,8,0,40.0621,-75.2, , 
 ,31206,2015075771,6,67,67301,2015,7,4,2037,20,3,1,0,4,1, , ,N,1,2,0,3,0,1,3,2,N,N,40 03:04.368,75 03:57.572,2105, ,2100, ,0, ,N, ,3, , , , , ,340115, , , ,2,1,0,0,0,0,0,1,0,0,0,0,1,1,0,1,0,0,0,0,0,1,0,0,0,0,0,0,0,0,0,0,0,0,0,8,0,40.0512,-75.0661, , 
 ,31207,2015078263,6,67,67301,2015,7,7,1000,10,1,1,0,4,1, , ,N,0,0,0,3,0,0,2,2,N, ,39 59:18.983,75 05:21.175,1000, ,1000, ,0, , , ,0, , , , , ,340119, , , ,2,1,0,0,0,0,0,1,0,0,0,0,0,0,0,0,0,0,0,0,2,0,0,0,0,0,0,0,0,0,0,0,0,0,0,0,0,39.9886,-75.0892, , 
 ,31208,2015092045,6,67,67301,2015,8,3,810,8,1,1,0,4,1, , ,N,1,0,0,3,0,0,2,2,N, ,39 57:31.363,75 09:43.712,835, ,830, ,0, , , ,0, , , , , ,340140, , , ,2,0,0,0,0,0,2,0,0,0,0,0,0,0,0,0,0,0,0,0,0,0,0,0,0,0,0,0,0,0,0,0,0,0,0,0,0,39.9587,-75.1621, , 
 ,31209,2015106186,6,67,67301,2015,9,2,1019,10,1,1,0,1,2, , ,N,0,0,0,3,0,1,1,2,N,N,39 59:46.220,75 11:49.042,1023, ,1019,3,1,4,N, ,0,N, , , , ,340159, , , ,2,1,0,0,1,0,0,0,0,0,0,0,1,1,0,0,0,0,0,1,0,0,0,0,0,0,0,0,0,0,0,0,0,0,0,8,0,39.9962,-75.197, , 
 ,31210,2015059125,6,67,67301,2015,5,7,1630,16,1,1,0,8,1, , ,N,5,2,0,3,0,1,2,2,N,N,40 02:22.412,75 04:26.947,2112, ,2110, ,0, ,N, ,3, , , , , ,340166, , , ,1,1,0,0,0,0,0,0,0,0,0,1,1,0,0,0,0,0,0,0,1,0,0,0,0,0,0,0,0,0,0,0,1,0,0,4,0,40.0396,-75.0742, , 
 ,31211,2015061837,6,67,67301,2015,5,6,1408,14,1,1,0,4,1, , ,N,1,2,0,3,0,1,2,2,N,N,40 02:25.164,75 03:30.735,1428, ,1408,1,1,1,N, ,3,N, , , , ,340169, , , ,2,2,0,0,0,0,0,0,0,0,0,1,1,0,0,0,0,0,0,0,0,0,0,0,0,0,0,0,0,0,0,0,0,0,0,4,0,40.0402,-75.0584, , 
 ,31212,2015069717,6,67,67301,2015,6,7,1000,10,1,1,0,4,1, , ,N,1,2,0,3,0,2,2,2,N,N,40 02:38.691,75 07:43.766,1800, ,1300, ,0, ,N, ,3, , , , , ,340173, , , ,2,2,0,0,0,0,0,0,0,0,0,0,2,2,0,0,0,0,0,0,0,0,0,0,0,0,0,0,0,0,0,0,0,0,0,8,0,40.0441,-75.1288, , 
 ,31213,2015077834,6,67,67301,2015,7,2,933,9,1,1,0,1,1, , ,N,0,0,0,3,0,1,3,2,N, ,40 00:33.937,75 09:04.327,938, ,935, ,0, , , ,0, , , , , ,340177, , , ,2,1,0,0,0,0,1,0,0,0,0,0,1,1,0,0,0,0,0,0,0,0,0,1,0,0,0,0,0,0,0,0,0,0,0,8,0,40.0094,-75.1512, , 
 ,31214,2015083327,6,67,67301,2015,7,1,1740,17,1,1,0,4,1, , ,N,1,2,0,3,0,0,4,2,N, ,39 57:25.253,75 12:48.054,1809, ,1755,1,1,3, , ,3,N, , , , ,340184, , , ,2,1,0,0,0,0,1,0,0,0,0,0,0,0,0,0,0,0,0,1,0,0,0,0,0,0,0,0,0,0,0,0,0,0,0,0,0,39.957,-75.2133, , 
 ,31215,2015092989,6,67,67301,2015,8,7,727,7,1,1,0,4,1, , ,N,1,2,0,3,0,1,2,2,N, ,40 00:45.170,75 03:29.345,800, ,727, ,0, , , ,3, , , , , ,340192, , , ,2,2,0,0,0,0,0,0,0,0,0,1,1,0,0,0,0,0,0,0,0,0,0,1,0,0,0,0,0,0,0,0,0,0,0,4,0,40.0125,-75.0582, , 
 ,31216,2015092991,6,67,67301,2015,8,4,1448,14,1,1,0,4,1, , ,N,1,2,0,3,0,2,6,2,N,N,40 03:34.378,75 04:49.755,1534, ,1524, ,0, ,N, ,3, , , , , ,340193, , , ,2,1,0,0,0,0,1,0,0,0,0,0,2,2,3,0,0,0,0,0,0,0,0,0,0,0,0,0,0,0,0,0,0,0,0,8,0,40.0595,-75.0805, , 
 ,31217,2015112176,6,67,67301,2015,10,6,1914,19,3,2,1,6,1, , ,N,0,0,0,3,0,1,5,2,N,N,39 56:33.537,75 14:21.122,1935, ,1917, ,0, ,N, ,0, , , , , ,340213, , , ,2,1,0,0,0,0,0,1,0,0,0,1,1,0,0,0,0,0,0,0,0,0,0,0,0,0,0,0,0,0,0,0,0,0,0,4,0,39.9426,-75.2392, , 
 ,31218,2015130098,6,67,67301,2015,11,6,1605,16,4,1,0,4,1, , ,N,5,2,0,3,0,1,2,2,N,N,40 01:16.536,75 08:49.556,1700, ,1656,2,2,5,N, ,3,Y, , , , ,340230, , , ,2,2,0,0,0,0,0,0,0,0,0,1,1,0,1,0,0,0,0,0,1,0,0,0,0,0,0,0,0,0,0,0,0,0,0,4,0,40.0213,-75.1471, , 
 ,31219,2016002369,6,67,67301,2015,11,5,1933,19,3,1,0,4,1, , ,N,1,3,0,3,0,2,3,3,N,N,40 02:28.298,75 07:20.294,2010, ,2007, ,0, , , ,3, , , , , ,340242, , , ,3,3,0,0,0,0,0,0,0,0,0,2,2,0,0,0,0,0,0,0,0,0,0,0,0,0,0,0,0,0,0,0,0,0,0,4,0,40.0412,-75.1223, , 
 ,31220,2015131271,6,67,67301,2015,12,3,1513,15,1,2,1,1,1, , ,N,2,2,0,3,0,1,4,3,N, ,40 05:46.093,75 01:27.382,1525, ,1514, ,0, , , ,3, , , , , ,340246, , , ,3,3,0,0,0,0,0,0,0,0,0,1,1,0,0,0,0,0,0,0,1,0,0,0,0,0,0,0,0,0,0,0,0,0,0,4,0,40.0961,-75.0243, , 
 ,31221,2015095231,6,67,67301,2015,9,2,1519,15,1,1,0,4,1, , ,N,5,2,0,3,0,3,5,2,N,N,39 59:57.271,75 08:50.495,1529, ,1521,3,2,2,N, ,3,N, , , , ,340258, , , ,2,1,0,0,0,0,0,1,0,0,0,3,3,0,0,0,0,0,0,0,0,0,0,1,0,0,0,0,0,0,0,0,0,0,0,4,0,39.9992,-75.1474, , 
 ,31222,2015108083,6,67,67301,2015,10,1,1635,16,1,1,0,1,1, , ,N,0,0,0,3,0,0,7,4,N,N,40 00:56.852,75 03:10.429,1643, ,1636,1,1,2,N, ,0,N, , , , ,343171, , , ,4,3,0,0,0,0,1,0,0,0,0,0,0,0,0,0,0,0,0,0,2,0,0,0,0,0,0,0,0,0,0,0,0,0,0,0,0,40.0158,-75.0529, , 
 ,31223,2015110342,6,67,67301,2015,10,4,435,4,3,1,0,8,1, , ,N,0,0,0,3,0,1,2,2,N,N,39 58:05.226,75 11:47.482,442, ,440, ,0, ,N, ,0, , , , , ,343175, , , ,1,1,0,0,0,0,0,0,0,0,0,1,1,0,0,0,0,0,0,0,0,0,0,0,0,0,0,0,0,0,0,0,1,0,0,4,0,39.9681,-75.1965, , 
N,31224,2015117968,6,67,67301,2015,11,3,2321,23,3,2,1,7,4,1,4,Y,0,0,0,3,0,0,1,1,N,N,39 58:53.139,75 06:09.276,2328,45,2325, ,0, ,N, ,0, ,N,N,N,N,343181,N,Y,N,1,0,0,0,0,0,1,0,0,0,0,0,0,0,0,0,0,0,0,0,0,0,0,1,0,0,0,0,0,0,0,0,0,0,0,0,0,39.9814,-75.1026, , 
 ,31225,2015054794,6,67,67301,2015,5,5,434,4,3,1,0,7,5, , ,N,0,0,0,3,0,1,1,1,N,N,39 58:05.795,75 07:47.691,446, ,436,2,2,2,N, ,0,N, , , , ,343183, , , ,1,1,0,0,0,0,0,0,0,0,0,0,1,1,0,0,0,0,0,0,0,0,0,1,0,0,0,0,0,0,0,0,0,0,0,8,0,39.9683,-75.1299, , 
 ,31226,2015056465,6,67,67301,2015,5,6,1529,15,1,1,0,4,1, , ,N,2,0,0,3,0,1,3,2,Y, ,40 01:35.418,75 12:14.350,1540, ,1532, ,0, , , ,0, , , , , ,343188, , , ,2,1,0,0,0,0,1,0,0,0,0,0,1,1,0,0,0,0,0,0,1,0,0,0,0,0,0,0,0,0,0,0,0,0,0,8,0,40.0265,-75.204, , 
 ,31227,2015083367,6,67,67301,2015,7,6,1727,17,1,1,0,4,1, , ,N,1,2,0,3,0,2,4,2,N,N,40 02:10.701,75 03:04.967,1800, ,1753, ,0, ,N, ,3, , , , , ,343235, , , ,2,2,0,0,0,0,0,0,0,0,1,0,2,1,0,0,0,0,0,0,0,0,0,0,0,0,0,0,0,0,0,0,0,0,0,3,0,40.0363,-75.0514, , 
 ,31228,2015083383,6,67,67301,2015,7,4,320,3,3,1,0,6,6, , ,N,0,0,0,3,0,2,2,3,N,N,39 57:39.156,75 10:18.332,335, ,325,2,1,4,N, ,0,Y, , , , ,343236, , , ,3,2,0,0,1,0,0,0,0,0,0,0,2,2,0,0,0,0,0,0,0,0,0,0,0,0,0,0,0,0,0,0,0,0,0,8,0,39.9609,-75.1718, , 
 ,31229,2015083417,6,67,67301,2015,7,4,1100,11,1,1,0,5,6, , ,N,0,0,0,3,0,1,2,2,N,N,39 59:37.215,75 07:49.292,1120, ,1114, ,0, ,N, ,0, , , , , ,343271, , , ,2,1,0,0,0,0,1,0,0,0,0,1,1,0,0,0,0,0,0,0,0,0,0,0,0,0,0,0,0,0,0,0,0,0,0,4,0,39.9937,-75.1304, , 
 ,31230,2015088786,6,67,67301,2015,8,1,1855,18,1,1,0,4,1, , ,N,0,0,0,3,0,1,2,2,N, ,39 56:22.271,75 13:23.319,1855, ,1855, ,0, , , ,0, , , , , ,343275, , , ,1,0,0,0,0,0,1,0,1,0,0,1,1,0,0,0,0,0,0,0,0,0,0,0,0,0,0,0,0,0,0,0,0,0,0,4,0,39.9395,-75.2231, , 
 ,31231,2015103454,6,67,67301,2015,9,7,1120,11,1,1,0,1,1, , ,N,1,2,0,3,0,2,3,2,N,N,40 00:30.567,75 05:29.407,1130, ,1126, ,0, ,N, ,3, , , , , ,343286, , , ,2,1,0,0,0,0,1,0,0,0,0,0,2,2,1,0,0,0,0,0,1,0,0,0,0,0,0,0,0,0,0,0,0,0,0,8,0,40.0085,-75.0915, , 