wz_ln_closure,objectid_1,crn,district,county,municipality,crash_year,crash_month,day_of_week,time_of_day,hour_of_day,illumination,weather,road_condition,collision_type,relation_to_road,work_zone_type,work_zone_loc,work_zone_ind,intersect_type,tcd_type,location_type,urban_rural,fatal_count,injury_count,person_count,total_units,sch_bus_ind,sch_zone_ind,latitude,longitude,arrival_tm,cons_zone_spd_lim,dispatch_tm,est_hrs_closed,lane_closed,ln_close_dir,ntfy_hiwy_maint,spec_juris_cd,tcd_func_cd,tfc_detour_ind,workers_pres,wz_close_detour,wz_flagger,wz_law_offcr_ind,objectid,wz_moving,wz_other,wz_shlder_mdn,vehicle_count,automobile_count,motorcycle_count,bus_count,small_truck_count,heavy_truck_count,suv_count,van_count,bicycle_count,maj_inj_count,mod_inj_count,min_inj_count,tot_inj_count,unk_inj_deg_count,unk_inj_per_count,driver_count_16yr,driver_count_17yr,driver_count_18yr,driver_count_19yr,driver_count_20yr,driver_count_50_64yr,driver_count_65_74yr,driver_count_75plus,unbelted_occ_count,unb_death_count,unb_maj_inj_count,belted_death_count,belted_maj_inj_count,mcycle_death_count,mcycle_maj_inj_count,bicycle_death_count,bicycle_maj_inj_count,ped_count,ped_death_count,ped_maj_inj_count,max_severity_level,comm_veh_count,dec_lat,dec_long,rdwy_surf_type_cd,county_name
 ,31298,2015106412,6,67,67301,2015,9,3,458,4,3,1,0,4,1, , ,N,1,2,0,3,0,0,2,2,N,N,40 01:58.442,75 06:24.270,502, ,500,3,1,6,N, ,3,Y, , , , ,343395, , , ,2,1,0,0,0,1,0,0,0,0,0,0,0,0,0,0,0,0,0,0,0,0,0,0,0,0,0,0,0,0,0,0,0,0,0,0,1,40.0329,-75.1067, , 
 ,31299,2015108792,6,67,67301,2015,10,3,226,2,3,1,0,5,6, , ,N,0,0,0,3,0,1,1,5,N, ,40 03:33.085,75 03:05.020,246, ,238, ,0, , , ,0, , , , , ,343397, , , ,5,2,0,0,0,0,2,1,0,0,0,1,1,0,0,0,0,0,0,0,0,0,0,0,0,0,0,0,0,0,0,0,0,0,0,4,0,40.0592,-75.0514, , 
 ,31300,2015117639,6,67,67301,2015,10,3,2040,20,3,1,0,4,1, , ,N,1,2,0,3,0,1,2,2,N, ,40 01:43.183,75 12:19.909,2045, ,2043, ,0, , , ,3, , , , , ,343409, , , ,2,1,0,0,0,0,1,0,0,0,0,1,1,0,0,0,0,0,0,0,0,0,0,0,0,0,0,0,0,0,0,0,0,0,0,4,0,40.0287,-75.2055, , 
 ,31301,2016002013,6,67,67301,2015,12,1,1135,11,1,1,0,1,1, , ,N,0,0,0,3,0,0,3,3,N,N,39 57:35.623,75 10:44.274,1147, ,1136,2,1,4,N, ,0,N, , , , ,343425, , , ,3,3,0,0,0,0,0,0,0,0,0,0,0,0,0,0,0,0,1,0,0,0,0,0,0,0,0,0,0,0,0,0,0,0,0,0,0,39.9599,-75.179, , 
 ,31302,2016006030,6,67,67301,2015,12,3,121,1,3,2,1,6,1, , ,N,3,2,0,3,0,2,3,2,N,N,40 01:43.905,75 06:21.601,127, ,121, ,0, ,N, ,3, , , , , ,343426, , , ,2,2,0,0,0,0,0,0,0,0,0,1,2,1,1,0,0,1,0,0,0,0,0,0,0,0,0,0,0,0,0,0,0,0,0,4,0,40.029,-75.1061, , 
 ,31303,2015080676,6,67,67301,2015,7,6,1625,16,1,1,0,5,1, , ,N,1,2,0,3,0,0,3,3,N,N,39 56:57.599,75 09:51.029,1625, ,1625,2,1,2,N, ,3,Y, , , , ,343436, , , ,3,2,0,1,0,0,0,0,0,0,0,0,0,0,0,0,0,0,0,0,0,0,0,0,0,0,0,0,0,0,0,0,0,0,0,0,1,39.9493,-75.1642, , 
 ,31304,2015120514,6,67,67301,2015,11,2,2330,23,3,1,0,4,1, , ,N,1,2,0,3,0,1,2,2,N,N,39 59:08.822,75 09:52.289,2335, ,2335, ,0, ,N, ,3, , , , , ,343464, , , ,2,0,0,0,0,0,1,1,0,0,0,1,1,0,0,0,0,0,0,0,0,0,0,1,0,0,0,0,0,0,0,0,0,0,0,4,0,39.9858,-75.1645, , 
 ,31305,2015135869,6,67,67301,2015,12,3,1008,10,1,2,1,4,1, , ,N,1,3,0,3,0,1,3,2,N,N,39 58:57.885,75 06:40.168,1017, ,1012, ,0, , , ,3, , , , , ,343482, , , ,2,2,0,0,0,0,0,0,0,0,0,1,1,0,1,0,0,0,0,0,0,0,0,0,0,0,0,0,0,0,0,0,0,0,0,4,0,39.9827,-75.1112, , 
 ,31306,2015073226,6,67,67301,2015,6,2,1858,18,1,1,0,8,1, , ,N,0,0,0,3,0,1,2,2,N,N,39 55:40.490,75 09:08.373,1901, ,1900, ,0, ,N, ,0, , , , , ,343493, , , ,1,0,0,0,0,0,1,0,0,0,0,1,1,0,0,0,0,0,0,0,0,0,0,0,0,0,0,0,0,0,0,0,1,0,0,4,0,39.9279,-75.1523, , 
 ,31307,2015081129,6,67,67301,2015,7,1,945,9,1,1,0,4,1, , ,N,1,2,0,3,0,1,6,2,N,N,40 02:12.851,75 08:02.908,1010, ,1004, ,0, ,N, ,3, , , , , ,343503, , , ,2,2,0,0,0,0,0,0,0,0,0,1,1,0,0,0,0,0,0,1,0,0,0,1,0,0,0,0,0,0,0,0,0,0,0,4,0,40.0369,-75.1341, , 
 ,31308,2015095216,6,67,67301,2015,9,1,1930,19,2,1,0,4,1, , ,N,1,3,0,3,0,1,2,2,N,N,39 59:51.110,75 07:18.415,9999, ,9999, ,0, ,N, ,3, , , , , ,343518, , , ,1,1,0,0,0,0,0,0,1,0,0,1,1,0,0,0,0,0,0,0,0,0,1,0,0,0,0,0,0,0,0,0,0,0,0,4,0,39.9975,-75.1218, , 
 ,31309,2015105561,6,46,46102,2015,10,4,1733,17,1,1,0,7,1, , ,N,0,0,1,3,0,1,1,1,N,N,40 03:43.696,75 08:13.901,1738, ,1734,2,2,4,N, ,0,Y, , , , ,343527, , , ,1,1,0,0,0,0,0,0,0,0,0,0,1,1,0,0,0,0,0,0,1,0,0,0,0,0,0,0,0,0,0,0,0,0,0,8,0,40.0621,-75.1372, , 
 ,31310,2016032081,6,67,67301,2015,11,3,1350,13,1,1,0,8,1, , ,N,0,0,0,3,0,1,2,2,N,N,39 59:20.626,75 06:14.785,1350, ,1343, ,0, ,N, ,0, , , , , ,343538, , , ,1,1,0,0,0,0,0,0,0,0,0,0,1,1,0,0,0,0,0,0,0,0,1,0,0,0,0,0,0,0,0,0,1,0,0,8,0,39.9891,-75.1041, , 
 ,31311,2015128560,6,67,67301,2015,11,2,1006,10,1,1,0,4,1, , ,N,1,2,0,3,0,2,3,2,N, ,39 57:29.061,75 09:44.627,1011, ,1008, ,0, , , ,3, , , , , ,343570, , , ,2,1,0,0,0,0,1,0,0,0,0,0,2,2,0,0,0,0,0,0,0,0,0,1,0,0,0,0,0,0,0,0,0,0,0,8,0,39.9579,-75.1623, , 
 ,31312,2016001588,6,67,67301,2015,12,6,114,1,3,6,1,5,1, , ,N,0,0,0,3,0,0,2,2,N,N,39 58:53.095,75 06:07.668,152, ,117, ,0, ,N, ,0, , , , , ,343579, , , ,2,2,0,0,0,0,0,0,0,0,0,0,0,0,0,0,0,0,0,0,0,0,0,0,0,0,0,0,0,0,0,0,0,0,0,0,0,39.9814,-75.1021, , 
 ,31313,2015066244,6,67,67301,2015,6,2,1530,15,1,1,0,8,1, , ,N,1,2,0,3,0,1,2,2,N, ,39 57:19.425,75 09:21.185,1602, ,1600, ,0, , , ,3, , , , , ,343605, , , ,1,0,0,0,0,0,1,0,0,0,0,0,1,1,0,0,0,0,0,0,1,0,0,1,0,0,0,0,0,0,0,0,1,0,0,8,0,39.9554,-75.1559, , 
Y,31314,2015106233,6,67,67301,2015,10,3,1822,18,3,1,0,1,1,1,4,Y,0,0,0,3,0,1,3,3,N,N,40 01:22.977,75 02:06.404,1836,45,1826,2,1,1,N, ,0,N,N,N,N,N,347178,N,N,Y,3,3,0,0,0,0,0,0,0,0,0,0,1,1,0,0,0,0,0,0,0,0,1,0,0,0,0,0,0,0,0,0,0,0,0,8,0,40.023,-75.0351, , 
 ,31315,2015098970,6,67,67301,2015,9,6,1850,18,1,1,0,1,1, , ,N,0,0,0,3,0,0,2,2,N,N,39 58:02.449,75 10:28.627,1854, ,1854,1,1,4,N, ,0,N, , , , ,347198, , , ,2,1,1,0,0,0,0,0,0,0,0,0,0,0,0,0,0,0,0,0,0,1,0,0,0,0,0,0,0,0,0,0,0,0,0,0,0,39.9673,-75.1746, , 
 ,31316,2015068051,6,67,67301,2015,6,7,1654,16,1,1,0,1,1, , ,N,0,0,0,3,0,4,5,2,N,N,40 00:18.148,75 11:46.530,1725, ,1725, ,0, ,N, ,0, , , , , ,347210, , , ,2,2,0,0,0,0,0,0,0,0,0,4,4,0,0,0,0,0,0,0,0,0,0,0,0,0,0,0,0,0,0,0,0,0,0,4,0,40.005,-75.1963, , 
 ,31317,2015072864,6,67,67301,2015,6,5,805,8,1,1,0,4,1, , ,N,1,2,0,3,0,2,3,3,N,N,39 57:22.741,75 14:23.794,815, ,814, ,0, ,N, ,3, , , , , ,347212, , , ,3,1,0,0,0,0,1,1,0,0,0,2,2,0,0,0,0,0,0,0,0,0,0,1,0,0,0,0,0,0,0,0,0,0,0,4,0,39.9563,-75.2399, , 
 ,31318,2015115094,6,67,67301,2015,10,5,1900,19,3,1,0,4,1, , ,N,1,2,0,3,0,1,2,2,N, ,39 56:12.298,75 10:01.386,1155, ,1145, ,0, , , ,3, , , , , ,347240, , , ,1,1,0,0,0,0,0,0,1,0,0,0,1,1,1,0,0,0,0,0,0,0,0,0,0,0,0,0,0,0,0,0,0,0,0,8,0,39.9367,-75.1669, , 
 ,31319,2015106230,6,67,67301,2015,10,3,1624,16,1,1,0,1,1, , ,N,0,0,0,3,0,0,3,2,N,N,39 57:29.921,75 09:58.370,1624, ,1624, ,0, ,N, ,0, , , , , ,347253, , , ,2,0,0,0,0,0,1,1,0,0,0,0,0,0,0,0,0,0,0,0,0,1,0,0,0,0,0,0,0,0,0,0,0,0,0,0,0,39.9583,-75.1662, , 
 ,31320,2015063936,6,67,67301,2015,5,3,705,7,1,1,0,5,1, , ,N,0,0,0,3,0,0,3,2,N,N,40 01:09.145,75 08:56.662,725, ,720, ,0, ,N, ,0, , , , , ,347265, , , ,2,0,0,0,0,0,2,0,0,0,0,0,0,0,0,0,0,0,0,0,0,1,0,0,0,0,0,0,0,0,0,0,0,0,0,0,0,40.0192,-75.1491, , 
 ,31321,2015066288,6,67,67301,2015,6,3,1057,10,1,1,0,4,1, , ,N,1,2,0,3,0,1,2,2,N,N,39 57:32.239,75 13:44.330,1115, ,1100, ,0, ,N, ,3, , , , , ,347266, , , ,2,1,0,0,0,0,1,0,0,0,0,1,1,0,0,0,0,0,0,0,2,0,0,2,0,0,0,0,0,0,0,0,0,0,0,4,0,39.959,-75.229, , 
 ,31322,2015073645,6,67,67301,2015,7,7,1237,12,1,2,1,4,1, , ,N,2,2,2,3,0,1,4,3,N,N,39 54:43.199,75 09:01.805,1250, ,1247,3,1,1,N, ,3,N, , , , ,347275, , , ,3,1,0,0,0,0,1,1,0,0,1,0,1,0,0,0,0,0,0,1,1,0,0,0,0,0,0,0,0,0,0,0,0,0,0,3,0,39.912,-75.1505, , 
 ,31323,2015084466,6,67,67301,2015,7,5,1800,18,1,1,0,2,1, , ,N,0,0,0,3,0,3,6,2,N,N,39 59:18.287,75 06:18.780,1910, ,1900,1,1,2,N, ,0,Y, , , , ,347282, , , ,2,0,0,0,0,0,1,1,0,0,0,3,3,0,1,0,0,0,0,0,0,0,0,4,0,0,0,0,0,0,0,0,0,0,0,4,0,39.9884,-75.1052, , 
 ,31324,2015085243,6,67,67301,2015,8,2,920,9,1,1,0,4,1, , ,N,1,2,0,3,0,0,2,2,N,N,39 57:27.542,75 09:44.544,943, ,940,2,1,1,N, ,3,N, , , , ,347284, , , ,2,1,0,0,1,0,0,0,0,0,0,0,0,0,0,0,0,0,0,0,1,0,0,0,0,0,0,0,0,0,0,0,0,0,0,0,0,39.9577,-75.1624, , 
 ,31325,2015095680,6,67,67301,2015,9,1,30,0,3,1,0,4,1, , ,N,1,2,2,3,0,3,3,2,N,N,39 55:18.128,75 11:23.945,47, ,46, ,0, , , ,3, , , , , ,347290, , , ,2,1,0,0,0,0,1,0,0,0,0,0,3,3,0,0,0,0,0,0,0,0,0,0,0,0,0,0,0,0,0,0,0,0,0,8,0,39.9217,-75.19, , 
 ,31326,2015053913,6,67,67301,2015,5,2,1727,17,1,1,0,8,1, , ,N,1,0,0,3,0,1,4,2,N,N,39 55:37.963,75 10:54.847,1728, ,1428, ,0, ,N, ,0, , , , , ,347325, , , ,1,0,0,0,0,0,0,1,0,0,1,0,1,0,0,0,0,0,0,0,1,0,0,0,0,0,0,0,0,0,0,0,1,0,0,3,0,39.9272,-75.1819, , 
 ,31327,2015056968,6,67,67301,2015,5,4,1025,10,1,1,0,4,1, , ,N,1,3,0,3,0,1,2,3,N,N,40 02:00.241,75 10:31.699,1056, ,1053, ,0, ,N, ,3, , , , , ,347330, , , ,3,3,0,0,0,0,0,0,0,0,0,1,1,0,0,0,0,0,0,1,1,0,0,2,0,0,0,0,0,0,0,0,0,0,0,4,0,40.0334,-75.1755, , 
 ,31328,2015015621,6,67,67301,2015,1,3,744,7,1,4,3,7,4, , ,N,0,0,0,3,0,1,1,1,N,N,39 59:23.380,75 08:09.006,752, ,748, ,0, ,N, ,0, , , , , ,347341, , , ,1,0,0,0,0,0,1,0,0,0,0,0,1,1,0,0,0,0,0,0,1,0,0,0,0,0,0,0,0,0,0,0,0,0,0,8,0,39.9898,-75.1358, , 
 ,31329,2015021876,6,67,67301,2015,2,4,704,7,1,1,0,4,1, , ,N,1,2,0,3,0,1,4,3,N,N,40 08:03.425,75 00:32.780,719, ,712,2,2,1,N, ,3,Y, , , , ,347348, , , ,3,2,0,0,0,0,0,0,0,0,0,0,1,1,0,0,0,0,0,0,0,0,0,0,0,0,0,0,0,0,0,0,0,0,0,8,0,40.1343,-75.0091, , 
 ,31330,2015025090,6,67,67301,2015,2,7,1955,19,3,8,1,5,1, , ,N,0,0,0,3,0,0,5,2,N,N,39 57:35.184,75 08:14.003,2006, ,1958, ,0, ,N, ,0, , , , , ,347353, , , ,2,1,0,0,0,0,1,0,0,0,0,0,0,0,0,0,0,0,0,0,0,1,0,0,0,0,0,0,0,0,0,0,0,0,0,0,0,39.9598,-75.1372, , 
 ,31331,2015045563,6,67,67301,2015,4,3,2305,23,3,2,1,7,3, , ,N,0,0,0,3,0,2,2,1,N,N,39 58:31.353,75 11:41.027,2316, ,2308,1,1,3,N, ,0,N, , , , ,347371, , , ,1,1,0,0,0,0,0,0,0,0,0,2,2,0,0,0,0,0,1,0,0,0,0,0,0,0,0,0,0,0,0,0,0,0,0,4,0,39.9754,-75.1947, , 
 ,31332,2015109258,6,67,67301,2015,10,6,2053,20,1,2,1,1,1, , ,N,0,0,0,3,0,1,2,2,N,N,40 02:54.235,75 11:32.814,2057, ,2056, ,0, , , ,0, , , , , ,337388, , , ,2,1,0,0,0,1,0,0,0,0,0,0,1,1,0,0,0,0,0,0,0,0,0,0,0,0,0,0,0,0,0,0,0,0,0,8,1,40.0484,-75.1924, , 
 ,31333,2015109312,6,67,67301,2015,10,6,1553,15,1,1,0,8,1, , ,N,1,3,0,3,0,1,2,2,N,N,39 57:35.877,75 09:29.177,1600, ,1553, ,0, ,N, ,3, , , , , ,337389, , , ,1,0,0,0,0,0,1,0,0,0,0,1,1,0,0,0,0,0,0,0,0,0,0,0,0,0,0,0,0,0,0,0,1,0,0,4,0,39.96,-75.1581, , 
 ,31334,2015073249,6,67,67301,2015,6,3,1715,17,1,1,0,4,1, , ,N,1,2,0,3,0,1,6,3,N, ,40 02:32.500,75 04:57.930,1743, ,1740, ,0, , , ,3, , , , , ,337397, , , ,3,0,0,0,0,0,2,1,0,0,0,0,1,1,0,0,0,0,0,0,0,0,0,0,0,0,0,0,0,0,0,0,0,0,0,8,0,40.0424,-75.0827, , 
 ,31335,2015077841,6,67,67301,2015,7,6,1700,17,1,1,0,1,1, , ,N,2,1,0,3,0,4,5,3,N,N,40 00:52.466,75 07:54.231,1723, ,1718,1,1,3, , ,3,Y, , , , ,337400, , , ,3,1,0,0,0,0,2,0,0,0,0,0,4,4,0,0,0,0,0,0,0,0,0,5,0,0,0,0,0,0,0,0,0,0,0,8,0,40.0146,-75.1317, , 
 ,31336,2015085265,6,67,67301,2015,8,2,800,8,1,1,0,4,1, , ,N,1,2,0,3,0,2,3,3,N, ,40 03:17.448,75 10:08.247,805, ,805, ,0, , , ,3, , , , , ,337514, , , ,3,2,0,0,1,0,0,0,0,0,0,2,2,0,0,0,0,0,0,0,2,0,0,0,0,0,0,0,0,0,0,0,0,0,0,4,0,40.0548,-75.169, , 
 ,31337,2015091146,6,67,67301,2015,8,6,1913,19,1,1,0,3,6, , ,N,0,0,0,3,0,1,2,3,N, ,40 02:53.970,75 05:57.613,1930, ,1913, ,0, , , ,0, , , , , ,337521, , , ,2,1,0,0,0,0,1,0,0,0,0,1,1,0,0,0,0,0,0,0,0,0,0,0,0,0,0,0,0,0,0,0,1,0,0,4,0,40.0483,-75.0993, , 
 ,31338,2015095688,6,67,67301,2015,8,7,1734,17,1,1,0,1,1, , ,N,0,0,0,3,0,1,2,2,N,N,39 56:20.551,75 11:27.652,1741, ,1735,3,1,3,N, ,0,N, , , , ,337523, , , ,2,1,0,0,0,0,1,0,0,0,0,0,1,1,0,0,0,0,0,0,1,0,0,0,0,0,0,0,0,0,0,0,0,0,0,8,0,39.939,-75.191, , 
 ,31339,2015115062,6,67,67301,2015,10,7,240,2,3,1,0,1,1, , ,N,2,2,0,3,0,0,2,2,N,N,39 54:53.180,75 09:18.118,249, ,245, ,0, ,N, ,3, , , , , ,337531, , , ,2,2,0,0,0,0,0,0,0,0,0,0,0,0,0,0,0,0,0,0,0,0,0,0,0,0,0,0,0,0,0,0,0,0,0,0,0,39.9147,-75.155, , 
 ,31340,2015086237,6,67,67301,2015,8,5,1410,14,1,1,0,2,6, , ,N,0,0,0,3,0,0,1,2,N, ,39 57:37.317,75 10:07.017,1440, ,1431, ,0, , , ,0, , , , , ,337552, , , ,2,1,0,0,1,0,0,0,0,0,0,0,0,0,0,0,0,0,0,0,0,0,0,0,0,0,0,0,0,0,0,0,0,0,0,0,0,39.9604,-75.1686, , 
 ,31341,2015121477,6,46,46102,2015,11,6,1914,19,3,1,0,8,1, , ,N,0,3,0,3,0,1,2,2,N,N,40 03:50.502,75 08:26.399,1914, ,1914, ,0, ,N, ,3, , , , , ,337556, , , ,1,0,0,0,1,0,0,0,0,0,0,1,1,0,0,0,0,0,0,0,1,0,0,0,0,0,0,0,0,0,0,0,1,0,0,4,0,40.064,-75.1407, , 
 ,31342,2015130014,6,67,67301,2015,11,1,1515,15,1,1,0,5,1, , ,N,0,2,0,3,0,1,3,2,N,N,39 57:33.422,75 13:52.065,1535, ,1531, ,0, ,N, ,3, , , , , ,337570, , , ,2,1,0,0,0,0,1,0,0,0,0,0,1,1,0,0,0,0,0,0,0,0,0,0,0,0,0,0,0,0,0,0,0,0,0,8,0,39.9593,-75.2311, , 
 ,31343,2015131340,6,67,67301,2015,11,2,1709,17,4,1,0,4,1, , ,N,1,2,0,3,0,1,2,2,N, ,40 00:49.975,75 07:33.617,1715, ,1709, ,0, , , ,3, , , , , ,337572, , , ,2,2,0,0,0,0,0,0,0,0,0,0,1,1,0,0,0,0,0,0,0,0,0,0,0,0,0,0,0,0,0,0,0,0,0,8,0,40.0139,-75.126, , 
 ,31344,2015115020,6,67,67301,2015,10,5,1944,19,3,1,0,4,1, , ,N,1,2,0,3,0,4,5,2,N, ,39 55:01.370,75 14:47.391,2005, ,2000, ,0, , , ,3, , , , , ,337584, , , ,2,1,0,0,0,0,0,0,0,0,0,4,4,0,0,0,0,0,0,1,0,0,0,0,0,0,0,0,0,0,0,0,0,0,0,4,0,39.9172,-75.2463, , 
 ,31345,2015118165,6,67,67301,2015,10,2,1840,18,3,1,0,1,1, , ,N,5,0,3,3,0,0,2,2,N,N,40 01:54.428,75 05:07.226,1855, ,1840, ,0, ,N, ,0, , , , , ,337591, , , ,2,1,0,1,0,0,0,0,0,0,0,0,0,0,0,0,0,0,0,0,1,0,0,0,0,0,0,0,0,0,0,0,0,0,0,0,1,40.0318,-75.0853, , 
 ,31346,2015119715,6,67,67301,2015,10,2,1642,16,1,1,0,1,1, , ,N,0,0,0,3,0,0,2,2,N,N,39 56:47.400,75 11:19.368,1642, ,1642,1,2,4,N, ,0,N, , , , ,337594, , , ,2,0,0,0,1,0,0,1,0,0,0,0,0,0,1,0,0,0,0,0,1,0,0,0,0,0,0,0,0,0,0,0,0,0,0,9,0,39.9465,-75.1887, , 
 ,31347,2015120096,6,67,67301,2015,11,3,1821,18,3,1,0,8,1, , ,N,1,0,0,3,0,2,3,3,N,N,40 03:11.930,75 07:36.436,1845, ,1841, ,0, ,N, ,0, , , , , ,337595, , , ,1,1,0,0,0,0,0,0,0,0,0,2,2,0,0,0,0,0,0,0,0,0,0,0,0,0,0,0,0,0,0,0,2,0,0,4,0,40.0533,-75.1268, , 
 ,31348,2015092993,6,67,67301,2015,8,5,1636,16,1,1,0,4,1, , ,N,1,2,0,3,0,0,2,3,N,N,40 01:32.257,75 09:15.145,1700, ,1655, ,0, ,N, ,3, , , , , ,337612, , , ,3,1,0,0,0,1,0,1,0,0,0,0,0,0,0,0,0,0,0,0,0,0,0,0,0,0,0,0,0,0,0,0,0,0,0,0,0,40.0256,-75.1542, , 
 ,31349,2015099038,6,67,67301,2015,9,6,1820,18,1,1,0,1,1, , ,N,1,2,0,3,0,1,2,2,N,N,39 54:51.182,75 10:18.543,1835, ,1830, ,0, ,N, ,3, , , , , ,337619, , , ,2,2,0,0,0,0,0,0,0,0,0,0,1,1,0,0,0,0,0,0,0,0,0,0,0,0,0,0,0,0,0,0,0,0,0,8,0,39.9142,-75.1718, , 
 ,31350,2015087437,6,67,67301,2015,5,1,100,1,3,1,0,1,1, , ,N,1,2,0,3,0,1,2,2,N,N,39 59:13.650,75 09:45.421,0, ,0, ,0, ,N, ,3, , , , , ,340540, , , ,2,2,0,0,0,0,0,0,0,1,0,0,1,0,0,0,0,0,0,0,0,0,0,1,0,1,0,0,0,0,0,0,0,0,0,2,0,39.9871,-75.1626, , 
 ,31351,2015042875,6,67,67301,2015,3,3,1522,15,1,1,0,2,1, , ,N,0,0,0,3,0,1,3,3,N,N,40 03:57.482,75 01:42.514,1523, ,1523, ,0, ,N, ,0, , , , , ,340546, , , ,3,1,0,0,0,1,1,0,0,0,1,0,1,0,0,0,0,0,0,0,1,0,1,0,0,0,0,0,0,0,0,0,0,0,0,3,1,40.066,-75.0285, , 
 ,31352,2015049982,6,67,67301,2015,5,7,0,0,3,1,0,4,1, , ,N,1,3,0,3,0,1,2,2,N,N,39 58:46.297,75 09:08.071,2, ,2, ,0, ,N, ,3, , , , , ,340557, , , ,2,1,0,0,0,0,0,1,0,0,0,1,1,0,0,0,0,0,0,0,1,0,0,0,0,0,0,0,0,0,0,0,0,0,0,4,0,39.9795,-75.1522, , 
 ,31353,2015051430,6,67,67301,2015,5,7,720,7,1,1,0,4,1, , ,N,1,3,0,3,0,1,2,2,N, ,39 59:20.871,75 06:37.709,726, ,722,2,2,1, , ,3,Y, , , , ,340559, , , ,2,2,0,0,0,0,0,0,0,0,0,1,1,0,0,0,1,0,0,0,0,0,0,0,0,0,0,0,0,0,0,0,0,0,0,4,0,39.9891,-75.1105, , 
 ,31354,2015061746,6,67,67301,2015,5,1,2210,22,3,1,0,1,1, , ,N,1,2,0,3,0,0,4,2,N,N,40 02:03.671,75 04:29.368,2212, ,2211, ,0, ,N, ,3, , , , , ,340567, , , ,2,0,0,0,0,0,1,1,0,0,0,0,0,0,0,0,0,0,0,0,0,0,0,0,0,0,0,0,0,0,0,0,0,0,0,0,0,40.0343,-75.0746, , 
 ,31355,2015061847,6,67,67301,2015,5,7,1407,14,1,1,0,1,1, , ,N,0,0,0,3,0,1,8,4,N,N,39 58:54.651,75 12:52.279,1604, ,1600, ,0, ,N, ,0, , , , , ,340568, , , ,4,1,0,0,0,0,3,0,0,0,0,1,1,0,0,0,0,0,0,0,0,0,0,0,0,0,0,0,0,0,0,0,0,0,0,4,0,39.9818,-75.2145, , 
 ,31356,2015061248,6,67,67301,2015,5,7,2023,20,3,1,0,1,1, , ,N,0,0,0,3,0,1,2,2,N,N,39 58:00.652,75 08:02.549,2046, ,2026,2,2,1,Y, ,0,N, , , , ,340573, , , ,2,1,0,0,0,0,0,1,0,0,0,1,1,0,0,0,0,0,0,0,0,1,0,0,0,0,0,0,0,0,0,0,0,0,0,4,0,39.9668,-75.134, , 
 ,31357,2015061771,6,67,67301,2015,5,3,1839,18,4,1,0,4,1, , ,N,1,3,0,3,0,1,2,2,N, ,39 56:26.314,75 13:17.605,1845, ,1843, ,0, , , ,3, , , , , ,340574, , , ,1,1,0,0,0,0,0,0,1,0,0,0,1,1,0,0,0,0,0,0,0,0,0,0,0,0,0,0,0,0,0,0,0,0,0,8,0,39.9406,-75.2216, , 
 ,31358,2015067257,6,67,67301,2015,6,5,2355,23,3,2,1,1,1, , ,N,7,2,2,3,0,1,3,2,N,N,39 55:52.081,75 08:39.025,38, ,2359, ,0, ,N, ,3, , , , , ,340576, , , ,2,1,0,0,1,0,0,0,0,0,0,1,1,0,0,0,0,0,0,0,0,0,0,0,0,0,0,0,0,0,0,0,0,0,0,4,0,39.9311,-75.1442, , 
 ,31359,2015081028,6,67,67301,2015,7,6,1919,19,1,1,0,1,1, , ,N,1,3,0,3,0,1,2,2,N, ,39 55:52.723,75 10:29.143,1919, ,1919, ,0, , , ,3, , , , , ,340590, , , ,2,1,0,0,0,0,0,0,0,0,1,0,1,0,0,0,0,0,0,0,0,0,0,0,0,0,0,0,0,0,0,0,0,0,0,3,0,39.9313,-75.1748, , 
 ,31360,2015114586,6,67,67301,2015,10,5,1625,16,1,1,0,8,1, , ,N,1,2,0,3,0,1,2,2,N,N,40 02:12.235,75 03:52.193,1640, ,1631,2,2,2,N, ,3,Y, , , , ,340610, , , ,1,1,0,0,0,0,0,0,0,0,0,0,1,1,0,0,0,0,0,0,1,0,0,0,0,0,0,0,0,0,0,0,1,0,0,8,0,40.0367,-75.0645, , 
 ,31361,2015121042,6,67,67301,2015,11,1,250,2,3,1,0,7,4, , ,N,0,0,0,3,0,1,4,1,N,N,40 01:58.138,75 09:04.079,301, ,257, ,0, , , ,0, , , , , ,340616, , , ,1,1,0,0,0,0,0,0,0,0,0,0,1,1,0,0,0,0,0,0,0,0,0,0,0,0,0,0,0,0,0,0,0,0,0,8,0,40.0328,-75.1511, , 
 ,31362,2015053987,6,67,67301,2015,5,7,219,2,3,1,0,7,4, , ,N,0,0,0,3,0,2,2,1,N,N,40 00:48.817,75 06:38.567,234, ,230, ,0, ,N, ,0, , , , , ,340620, , , ,1,1,0,0,0,0,0,0,0,0,2,0,2,0,0,0,0,0,0,0,0,0,0,0,0,0,0,0,0,0,0,0,0,0,0,3,0,40.0136,-75.1107, , 
 ,31363,2015060221,6,67,67301,2015,5,7,945,9,1,1,0,4,1, , ,N,1,2,0,3,0,0,4,3,N, ,39 54:50.431,75 08:59.775,959, ,949, ,0, , , ,3, , , , , ,340622, , , ,3,2,0,0,0,0,1,0,0,0,0,0,0,0,1,0,0,0,0,0,0,0,0,0,0,0,0,0,0,0,0,0,0,0,0,9,0,39.914,-75.1499, , 
 ,31364,2015061906,6,67,67301,2015,5,5,1830,18,1,9,1,1,1, , ,N,0,0,0,3,0,3,5,3,N,N,39 59:26.969,75 07:50.932,1835, ,1830, ,0, , , ,0, , , , , ,340625, , , ,3,3,0,0,0,0,0,0,0,0,0,0,3,3,2,0,0,0,0,0,0,0,0,0,0,0,0,0,0,0,0,0,0,0,0,8,0,39.9908,-75.1308, , 