wz_ln_closure,objectid_1,crn,district,county,municipality,crash_year,crash_month,day_of_week,time_of_day,hour_of_day,illumination,weather,road_condition,collision_type,relation_to_road,work_zone_type,work_zone_loc,work_zone_ind,intersect_type,tcd_type,location_type,urban_rural,fatal_count,injury_count,person_count,total_units,sch_bus_ind,sch_zone_ind,latitude,longitude,arrival_tm,cons_zone_spd_lim,dispatch_tm,est_hrs_closed,lane_closed,ln_close_dir,ntfy_hiwy_maint,spec_juris_cd,tcd_func_cd,tfc_detour_ind,workers_pres,wz_close_detour,wz_flagger,wz_law_offcr_ind,objectid,wz_moving,wz_other,wz_shlder_mdn,vehicle_count,automobile_count,motorcycle_count,bus_count,small_truck_count,heavy_truck_count,suv_count,van_count,bicycle_count,maj_inj_count,mod_inj_count,min_inj_count,tot_inj_count,unk_inj_deg_count,unk_inj_per_count,driver_count_16yr,driver_count_17yr,driver_count_18yr,driver_count_19yr,driver_count_20yr,driver_count_50_64yr,driver_count_65_74yr,driver_count_75plus,unbelted_occ_count,unb_death_count,unb_maj_inj_count,belted_death_count,belted_maj_inj_count,mcycle_death_count,mcycle_maj_inj_count,bicycle_death_count,bicycle_maj_inj_count,ped_count,ped_death_count,ped_maj_inj_count,max_severity_level,comm_veh_count,dec_lat,dec_long,rdwy_surf_type_cd,county_name
 ,31431,2015056476,6,67,67301,2015,5,6,1805,18,1,1,0,7,5, , ,N,0,0,0,3,0,4,5,1,N,N,40 00:02.782,75 07:54.631,1837, ,1832, ,0, ,N, ,0, , , , , ,340688, , , ,1,1,0,0,0,0,0,0,0,0,0,4,4,0,0,0,0,0,0,0,0,0,0,5,0,0,0,0,0,0,0,0,0,0,0,4,0,40.0008,-75.1318, , 
 ,31432,2015061745,6,67,67301,2015,5,4,1621,16,1,1,0,1,1, , ,N,0,2,0,3,0,0,4,3,N,N,40 01:21.995,75 08:00.663,1645, ,1629,2,1,1, , ,3,N, , , , ,340694, , , ,3,2,0,0,0,0,1,0,0,0,0,0,0,0,0,0,0,0,0,0,1,0,0,0,0,0,0,0,0,0,0,0,0,0,0,0,0,40.0228,-75.1335, , 
 ,31433,2015061791,6,67,67301,2015,5,6,1715,17,1,1,0,5,1, , ,N,0,0,0,3,0,1,2,3,N,N,40 06:41.331,75 01:26.947,1723, ,1721, ,0, ,N, ,0, , , , , ,340695, , , ,2,1,0,1,0,0,0,0,0,0,1,0,1,0,0,0,0,0,0,0,1,0,0,0,0,0,0,0,0,0,0,0,0,0,0,3,1,40.1115,-75.0242, , 
 ,31434,2015061848,6,67,67301,2015,5,4,9999,99,1,1,0,4,1, , ,N,2,0,0,3,0,1,2,2,N, ,40 01:32.502,75 12:09.049,1553, ,1548,9,1,2, , ,0,N, , , , ,340696, , , ,2,0,1,0,0,0,1,0,0,0,0,0,1,1,0,0,0,0,0,0,0,0,0,0,0,0,0,0,0,0,0,0,0,0,0,8,0,40.0257,-75.2025, , 
 ,31435,2015063981,6,67,67301,2015,6,2,928,9,1,1,0,1,6, , ,N,0,0,0,3,0,0,1,2,N, ,40 02:33.769,75 04:27.484,931, ,930,1,1,2, , ,0,Y, , , , ,340699, , , ,2,1,0,0,1,0,0,0,0,0,0,0,0,0,0,0,0,0,0,0,0,0,0,0,0,0,0,0,0,0,0,0,0,0,0,0,0,40.0427,-75.0743, , 
 ,31436,2015070635,6,67,67301,2015,6,2,9999,99,3,1,1,1,1, , ,N,1,2,0,3,0,1,2,4,N,N,40 01:30.022,75 07:32.536,140, ,135, ,0, , , ,3, , , , , ,340703, , , ,4,4,0,0,0,0,0,0,0,0,0,1,1,0,1,0,0,0,0,0,1,0,0,0,0,0,0,0,0,0,0,0,0,0,0,4,0,40.025,-75.1257, , 
 ,31437,2015073650,6,67,67301,2015,6,6,2050,20,3,1,0,4,1, , ,N,1,0,0,3,0,1,5,2,N,N,39 55:59.851,75 08:41.348,2100, ,2050, ,0, ,N, ,0, , , , , ,340708, , , ,2,1,0,0,0,0,0,1,0,0,0,1,1,0,0,0,0,0,0,0,1,0,0,0,0,0,0,0,0,0,0,0,0,0,0,4,0,39.9333,-75.1448, , 
 ,31438,2015095137,6,67,67301,2015,9,7,2210,22,3,1,0,8,1, , ,N,1,2,0,3,0,1,2,2,N, ,39 59:13.126,75 08:56.402,2232, ,2226, ,0, , , ,3, , , , , ,340729, , , ,1,0,0,0,0,0,1,0,0,0,0,0,1,1,0,0,0,0,0,0,0,0,1,0,0,0,0,0,0,0,0,0,1,0,0,8,0,39.987,-75.1489, , 
 ,31439,2015030106,6,67,67301,2015,2,3,1808,18,3,1,0,0,1, , ,N,0,0,0,3,0,0,1,1,N,N,39 54:46.673,75 08:54.755,1840, ,1810, ,0, ,N, ,0, , , , , ,340741, , , ,1,0,0,0,0,0,1,0,0,0,0,0,0,0,0,0,0,0,0,0,0,0,0,0,0,0,0,0,0,0,0,0,0,0,0,0,0,39.913,-75.1485, , 
 ,31440,2015044025,6,67,67301,2015,4,4,1824,18,1,1,0,4,1, , ,N,1,2,0,3,0,2,9,3,N,N,40 01:34.998,75 07:01.744,1827, ,1829,2,2,1,N, ,3,Y, , , , ,340758, , , ,3,3,0,0,0,0,0,0,0,0,0,2,2,0,0,0,0,0,0,0,0,0,0,0,0,0,0,0,0,0,0,0,0,0,0,4,0,40.0264,-75.1172, , 
 ,31441,2015073715,6,67,67301,2015,7,6,1818,18,1,1,0,1,1, , ,N,0,0,0,3,0,1,2,2,N, ,40 05:19.710,75 02:42.768,1820, ,1818,2,2,3, , ,0,Y, , , , ,343723, , , ,2,1,0,0,1,0,0,0,0,0,0,0,1,1,0,0,0,0,0,0,1,0,1,0,0,0,0,0,0,0,0,0,0,0,0,8,0,40.0888,-75.0452, , 
 ,31442,2015095234,6,67,67301,2015,9,3,9999,99,3,1,0,4,1, , ,N,1,2,0,3,0,1,3,2,N,N,39 58:23.617,75 11:01.532,9999, ,9999, ,0, ,N, ,3, , , , , ,343726, , , ,2,2,0,0,0,0,0,0,0,0,0,0,1,1,0,0,0,0,0,0,1,0,0,0,0,0,0,0,0,0,0,0,0,0,0,8,0,39.9732,-75.1838, , 
 ,31443,2015103263,6,67,67301,2015,9,3,2100,21,3,1,0,2,1, , ,N,1,2,0,3,0,1,9,3,N,N,40 05:24.064,74 59:03.324,2102, ,2100,1,1,2,N, ,3,Y, , , , ,343735, , , ,3,1,0,0,0,0,1,1,0,0,0,1,1,0,0,0,0,0,0,0,0,0,0,0,0,0,0,0,0,0,0,0,0,0,0,4,0,40.0899,-74.9842, , 
 ,31444,2015112121,6,67,67301,2015,10,5,1656,16,1,1,0,4,1, , ,N,1,2,0,3,0,1,2,2,N,N,39 55:06.900,75 13:33.657,1708, ,1703,9,1,2,N, ,3,N, , , , ,343744, , , ,2,2,0,0,0,0,0,0,0,0,0,0,1,1,0,0,0,0,0,0,0,0,0,0,0,0,0,0,0,0,0,0,0,0,0,8,0,39.9185,-75.2259, , 
 ,31445,2015110333,6,67,67301,2015,10,1,1636,16,1,1,0,6,1, , ,N,0,2,0,3,0,3,6,3,N, ,40 03:38.528,75 03:06.712,1638, ,1636,2,1,2, , ,3,N, , , , ,343748, , , ,3,1,0,1,0,0,0,1,0,0,1,1,3,1,0,0,0,0,0,0,1,0,0,0,0,0,0,0,0,0,0,0,0,0,0,3,1,40.0607,-75.0519, , 
 ,31446,2015115092,6,67,67301,2015,10,4,550,5,5,1,0,8,1, , ,N,1,2,0,3,0,1,2,2,N, ,39 56:22.120,75 10:47.362,602, ,559, ,0, , , ,3, , , , , ,343751, , , ,1,1,0,0,0,0,0,0,0,0,0,0,1,1,0,0,0,0,0,0,0,0,0,0,0,0,0,0,0,0,0,0,1,0,0,8,0,39.9395,-75.1798, , 
 ,31447,2015130256,6,67,67301,2015,11,6,1545,15,1,1,0,4,1, , ,N,1,2,0,3,0,2,4,4,N, ,40 02:40.890,75 03:16.537,1552, ,1548,3,2,7, , ,3,Y, , , , ,343769, , , ,4,2,0,1,0,0,1,0,0,0,2,0,2,0,0,0,0,0,0,0,1,0,0,1,0,0,0,0,0,0,0,0,0,0,0,3,1,40.0446,-75.0547, , 
 ,31448,2015130318,6,67,67301,2015,11,2,1135,11,1,1,0,1,1, , ,N,0,0,0,3,0,0,2,2,N,N,40 08:02.586,75 00:33.870,1220, ,1210, ,0, ,N, ,0, , , , , ,343770, , , ,2,1,0,0,0,0,0,1,0,0,0,0,0,0,0,0,0,0,0,0,0,0,0,0,0,0,0,0,0,0,0,0,0,0,0,0,0,40.1341,-75.0094, , 
 ,31449,2015078291,6,67,67301,2015,7,2,928,9,1,1,0,4,1, , ,N,3,3,0,3,0,1,2,2,N,N,40 00:34.514,75 05:22.410,940, ,940, ,0, ,N, ,3, , , , , ,343785, , , ,2,2,0,0,0,0,0,0,0,0,0,1,1,0,0,0,0,0,0,0,0,0,0,0,0,0,0,0,0,0,0,0,0,0,0,4,0,40.0096,-75.0896, , 
N,31450,2015079283,6,67,67301,2015,7,4,609,6,1,1,0,1,1,1,4,Y,0,0,0,3,0,1,4,4,N,N,40 01:32.815,75 01:41.445,625,45,612,2,1,2,N, ,0,N,Y,N,N,N,343786,N,N,Y,4,0,0,0,1,0,2,1,0,0,0,0,1,1,0,0,0,0,0,0,1,0,0,0,0,0,0,0,0,0,0,0,0,0,0,8,0,40.0258,-75.0282, , 
 ,31451,2015093006,6,67,67301,2015,8,2,1451,14,1,1,0,7,4, , ,N,0,0,0,3,0,1,1,1,N,N,40 02:47.194,75 10:39.307,1551, ,1551, ,0, ,N, ,0, , , , , ,343792, , , ,1,1,0,0,0,0,0,0,0,0,0,1,1,0,0,0,0,0,0,0,0,0,0,0,0,0,0,0,0,0,0,0,0,0,0,4,0,40.0464,-75.1776, , 
 ,31452,2015099517,6,67,67301,2015,9,1,940,9,1,1,0,1,1, , ,N,1,2,0,3,0,1,4,3,N,N,39 55:00.583,75 10:16.768,956, ,950, ,0, ,N, ,3, , , , , ,343798, , , ,3,3,0,0,0,0,0,0,0,0,0,1,1,0,0,0,0,0,0,0,0,0,1,0,0,0,0,0,0,0,0,0,0,0,0,4,0,39.9168,-75.1713, , 
 ,31453,2015084015,6,67,67301,2015,8,7,157,1,2,1,0,7,4, , ,N,0,0,0,3,0,0,1,1,N,N,39 59:47.107,75 11:48.380,201, ,158, ,0, ,N, ,0, , , , , ,343827, , , ,1,1,0,0,0,0,0,0,0,0,0,0,0,0,0,0,0,0,0,0,0,0,0,0,0,0,0,0,0,0,0,0,0,0,0,0,0,39.9964,-75.1968, , 
 ,31454,2015095681,6,67,67301,2015,8,3,1352,13,1,1,0,4,1, , ,N,1,2,0,3,0,1,2,2,N, ,39 56:23.586,75 10:59.271,1352, ,1352, ,0, , , ,3, , , , , ,343836, , , ,1,0,0,0,0,0,0,1,1,0,0,0,1,1,0,0,0,0,0,0,0,0,0,0,0,0,0,0,0,0,0,0,0,0,0,8,0,39.9399,-75.1831, , 
 ,31455,2015103304,6,67,67301,2015,9,4,1130,11,1,1,0,8,1, , ,N,0,0,0,3,0,1,2,2,N,N,39 58:54.582,75 07:58.211,1140, ,1135, ,0, ,N, ,0, , , , , ,343847, , , ,1,0,0,0,1,0,0,0,0,0,0,1,1,0,0,0,0,0,0,0,0,0,0,0,0,0,0,0,0,0,0,0,1,0,0,4,0,39.9818,-75.1328, , 
 ,31456,2015108801,6,67,67301,2015,10,1,542,5,5,1,0,5,6, , ,N,0,0,0,3,0,0,1,3,N,N,39 58:34.773,75 16:18.717,755, ,753, ,0, ,N, ,0, , , , , ,343851, , , ,3,2,0,0,0,0,1,0,0,0,0,0,0,0,0,0,0,0,0,0,0,0,0,0,0,0,0,0,0,0,0,0,0,0,0,0,0,39.9763,-75.2719, , 
 ,31457,2015056646,6,67,67301,2015,5,4,1725,17,1,1,0,5,1, , ,N,0,8,0,3,0,1,4,2,N,N,39 57:27.923,75 09:39.539,1754, ,1731, ,0, ,N, ,3, , , , , ,343859, , , ,2,1,0,0,1,0,0,0,0,0,0,1,1,0,0,0,0,0,0,0,0,0,0,0,0,0,0,0,0,0,0,0,0,0,0,4,0,39.9578,-75.161, , 
 ,31458,2015063966,6,67,67301,2015,6,3,2240,22,3,2,1,4,1, , ,N,1,3,0,3,0,1,4,2,N, ,39 58:03.072,75 08:55.265,2325, ,2320, ,0, , , ,3, , , , , ,343864, , , ,2,1,0,0,0,0,0,1,0,0,0,1,1,0,0,0,0,0,0,0,0,0,0,2,0,0,0,0,0,0,0,0,0,0,0,4,0,39.9675,-75.1487, , 
 ,31459,2015118166,6,67,67301,2015,10,1,810,8,1,1,0,2,6, , ,N,0,0,0,3,0,0,1,4,N,N,40 02:56.934,75 04:05.184,815, ,815, ,0, ,N, ,0, , , , , ,346688, , , ,4,2,0,0,0,0,1,1,0,0,0,0,0,0,0,0,0,0,0,0,0,0,0,1,0,0,0,0,0,0,0,0,0,0,0,0,0,40.0491,-75.0681, , 
 ,31460,2015135840,6,67,67301,2015,11,5,1917,19,3,1,0,1,1, , ,N,2,2,0,3,0,1,3,2,N,N,39 56:45.926,75 11:54.625,1940, ,1917,2,1,2,N, ,3,N, , , , ,346702, , , ,2,2,0,0,0,0,0,0,0,0,0,1,1,0,0,0,0,0,0,0,0,0,0,0,0,0,0,0,0,0,0,0,0,0,0,4,0,39.9461,-75.1985, , 
 ,31461,2016000978,6,67,67301,2015,12,6,200,2,3,1,0,5,1, , ,N,0,0,0,3,0,0,1,4,N, ,39 55:22.397,75 10:12.240,225, ,220,1,1,2, , ,0,N, , , , ,346703, , , ,4,3,0,0,0,0,1,0,0,0,0,0,0,0,0,0,0,0,0,0,0,0,0,1,0,0,0,0,0,0,0,0,0,0,0,0,0,39.9229,-75.1701, , 
 ,31462,2015095189,6,67,67301,2015,9,7,1055,10,1,1,0,8,1, , ,N,0,0,0,3,0,1,2,2,N,N,40 01:12.349,75 07:37.678,1105, ,1104, ,0, ,N, ,0, , , , , ,346720, , , ,1,1,0,0,0,0,0,0,0,0,0,1,1,0,0,0,0,0,0,0,0,0,0,0,0,0,0,0,0,0,0,0,1,0,0,4,0,40.0201,-75.1271, , 
 ,31463,2015112095,6,67,67301,2015,10,2,2235,22,3,1,0,4,1, , ,N,1,2,0,3,0,1,3,2,N,N,40 04:56.985,75 02:58.725,2240, ,2238,2,1,2,N, ,3,Y, , , , ,346734, , , ,2,1,0,0,0,0,1,0,0,0,0,0,1,1,0,0,0,0,0,0,1,0,0,0,0,0,0,0,0,0,0,0,0,0,0,8,0,40.0825,-75.0496, , 
 ,31464,2015079300,6,46,46102,2015,8,7,1933,19,1,1,0,7,2, , ,N,0,0,0,3,0,0,1,1,N,N,40 04:30.284,75 09:36.289,1934, ,1934,2,1,4,N, ,0,N, , , , ,346764, , , ,1,1,0,0,0,0,0,0,0,0,0,0,0,0,0,0,0,0,0,0,0,0,0,0,0,0,0,0,0,0,0,0,0,0,0,0,0,40.0751,-75.1601, , 
 ,31465,2015084456,6,67,67301,2015,7,2,1749,17,1,1,0,1,1, , ,N,0,2,0,3,0,1,3,2,N,N,40 01:11.549,75 06:38.711,1820, ,1813, ,0, ,N, ,3, , , , , ,346772, , , ,2,1,0,0,0,0,0,1,0,0,0,0,1,1,0,0,0,0,0,0,2,0,0,0,0,0,0,0,0,0,0,0,0,0,0,8,0,40.0199,-75.1108, , 
 ,31466,2015095792,6,67,67301,2015,9,2,1520,15,1,1,0,5,1, , ,N,0,0,0,3,0,1,2,2,N,N,39 56:33.443,75 09:02.225,1530, ,1525, ,0, ,N, ,0, , , , , ,346780, , , ,1,1,0,0,0,0,0,0,1,0,0,1,1,0,0,0,0,0,0,0,0,0,0,0,0,0,0,0,0,0,0,0,0,0,0,4,0,39.9426,-75.1506, , 
 ,31467,2015064014,6,67,67301,2015,5,2,1810,18,1,1,0,5,1, , ,N,0,0,0,3,0,1,2,2,N,N,39 56:47.223,75 10:19.908,1820, ,1815, ,0, ,N, ,0, , , , , ,346793, , , ,1,1,0,0,0,0,0,0,1,0,0,0,1,1,0,0,0,0,0,0,0,0,0,0,0,0,0,0,0,0,0,0,0,0,0,8,0,39.9465,-75.1722, , 
 ,31468,2015087081,6,67,67301,2015,7,4,1452,14,1,1,0,4,1, , ,N,2,0,0,3,0,1,2,2,N,N,40 02:20.745,75 03:04.388,1455, ,1452, ,0, , , ,0, , , , , ,346811, , , ,2,2,0,0,0,0,0,0,0,0,0,0,1,1,0,0,0,0,0,0,1,0,0,0,0,0,0,0,0,0,0,0,0,0,0,8,0,40.0391,-75.0512, , 
 ,31469,2015092939,6,67,67301,2015,8,4,1247,12,1,1,0,4,1, , ,N,1,2,0,3,0,1,6,3,N,N,40 01:25.771,75 05:32.905,1305, ,1303, ,0, , , ,3, , , , , ,346813, , , ,3,1,0,0,0,0,2,0,0,0,0,1,1,0,0,0,0,0,0,0,2,0,0,0,0,0,0,0,0,0,0,0,0,0,0,4,0,40.0238,-75.0925, , 
 ,31470,2015114543,6,67,67301,2015,10,2,155,1,3,1,0,1,1, , ,N,1,2,0,3,0,2,2,2,N, ,39 54:26.757,75 11:24.880,207, ,205, ,0, , , ,3, , , , , ,346832, , , ,2,1,0,0,0,1,0,0,0,1,0,1,2,0,0,0,0,0,0,0,1,0,0,0,0,0,0,0,0,0,0,0,0,0,0,2,1,39.9074,-75.1902, , 
 ,31471,2015095721,6,67,67301,2015,8,6,1249,12,1,1,0,1,1, , ,N,0,0,0,3,0,0,2,2,N,N,39 57:16.281,75 11:35.733,1255, ,1249, ,0, ,N, ,0, , , , , ,346837, , , ,2,1,0,0,0,0,1,0,0,0,0,0,0,0,0,0,0,0,0,0,1,0,0,0,0,0,0,0,0,0,0,0,0,0,0,0,0,39.9545,-75.1933, , 
 ,31472,2015095788,6,67,67301,2015,8,2,2025,20,3,1,0,8,1, , ,N,0,0,0,3,0,1,2,2,N,N,40 02:17.096,75 02:13.666,2048, ,2046, ,0, ,N, ,0, , , , , ,346838, , , ,1,1,0,0,0,0,0,0,0,0,0,0,1,1,0,0,0,0,0,0,1,0,0,0,0,0,0,0,0,0,0,0,1,0,0,8,0,40.0381,-75.0371, , 
 ,31473,2015100011,6,67,67301,2015,9,2,2215,22,3,1,0,7,2, , ,N,0,8,0,3,0,2,2,2,N,N,39 57:49.296,75 08:19.895,2224, ,2218,1,2,2,N, ,3,N, , , , ,346842, , , ,1,1,0,0,0,0,0,0,0,0,0,2,2,0,0,0,0,0,0,0,0,0,0,0,0,0,0,0,0,0,0,0,0,0,0,4,0,39.9637,-75.1389, , 
 ,31474,2015061846,6,67,67301,2015,5,2,1639,16,1,1,0,1,1, , ,N,1,0,0,3,0,3,5,3,N, ,40 05:20.756,75 02:34.259,1647, ,1639, ,0, , , ,0, , , , , ,346863, , , ,3,1,0,0,2,0,0,0,0,0,0,0,3,3,0,0,0,0,0,0,0,0,0,0,0,0,0,0,0,0,0,0,0,0,0,8,0,40.0891,-75.0428, , 
 ,31475,2015101272,6,67,67301,2015,9,3,620,6,3,5,0,1,1, , ,N,0,8,3,3,0,1,5,5,N,N,39 54:32.463,75 09:05.394,630, ,625, ,0, ,N, ,3, , , , , ,346885, , , ,5,3,0,0,0,0,2,0,0,0,1,0,1,0,0,0,0,0,0,0,2,0,0,0,0,0,0,0,0,0,0,0,0,0,0,3,0,39.909,-75.1515, , 
 ,31476,2015103421,6,67,67301,2015,9,6,1024,10,1,1,0,4,1, , ,N,1,2,0,3,0,1,3,2,N, ,40 02:22.366,75 02:44.910,1028, ,1026, ,0, , , ,3, , , , , ,346889, , , ,2,2,0,0,0,0,0,0,0,0,0,1,1,0,0,0,0,0,0,0,0,0,0,0,0,0,0,0,0,0,0,0,0,0,0,4,0,40.0395,-75.0458, , 
 ,31477,2015070155,6,67,67301,2015,6,1,2130,21,3,2,1,4,1, , ,N,0,0,0,3,0,0,3,2,N, ,39 59:35.309,75 06:35.661,2200, ,2130,1,1,2, , ,0,N, , , , ,337852, , , ,2,1,0,0,0,0,1,0,0,0,0,0,0,0,0,0,0,0,0,0,0,0,0,0,0,0,0,0,0,0,0,0,0,0,0,0,0,39.9931,-75.1099, , 
 ,31478,2015083365,6,67,67301,2015,7,4,1255,12,1,1,0,1,1, , ,N,1,2,0,3,0,1,3,2,N, ,40 01:18.154,75 06:45.449,1257, ,1256, ,0, , , ,3, , , , , ,337859, , , ,2,1,0,0,0,0,0,1,0,0,0,0,1,1,0,0,0,0,0,0,1,0,0,0,0,0,0,0,0,0,0,0,0,0,0,8,0,40.0217,-75.1126, , 
 ,31479,2015110334,6,67,67301,2015,10,7,30,0,3,2,1,1,1, , ,N,0,0,0,3,0,2,3,5,N,N,40 01:15.718,75 08:44.433,40, ,1235, ,0, ,N, ,0, , , , , ,337884, , , ,5,4,0,0,0,0,1,0,0,0,1,1,2,0,0,0,0,0,0,0,0,0,0,0,0,0,0,0,0,0,0,0,0,0,0,3,0,40.021,-75.1457, , 
 ,31480,2015083348,6,67,67301,2015,7,4,1809,18,1,1,0,1,1, , ,N,0,0,0,3,0,2,3,2,N,N,40 00:56.975,75 10:33.828,1828, ,1910, ,0, ,N, ,0, , , , , ,337913, , , ,2,1,0,0,0,0,0,0,0,0,0,2,2,0,0,0,0,0,0,0,0,0,0,0,0,0,0,0,0,0,0,0,0,0,0,4,0,40.0158,-75.1761, , 
 ,31481,2015085286,6,67,67301,2015,8,7,1845,18,1,1,0,4,1, , ,N,1,2,0,3,0,1,2,2,N,N,39 56:58.016,75 09:31.701,1855, ,1850, ,0, ,N, ,3, , , , , ,337915, , , ,2,0,0,0,1,0,1,0,0,0,0,1,1,0,0,0,0,0,0,0,1,0,0,0,0,0,0,0,0,0,0,0,0,0,0,4,0,39.9494,-75.1588, , 
 ,31482,2015090448,6,67,67301,2015,8,4,817,8,1,1,0,9,1, , ,N,0,0,0,3,0,0,1,1,N,N,40 03:04.452,74 59:21.054,841, ,820, ,0, ,N, ,0, , , , , ,337919, , , ,1,1,0,0,0,0,0,0,0,0,0,0,0,0,0,0,0,0,0,0,1,0,0,0,0,0,0,0,0,0,0,0,0,0,0,0,0,40.0512,-74.9892, , 
 ,31483,2015103397,6,67,67301,2015,9,1,1213,12,1,1,0,1,1, , ,N,5,2,1,3,0,1,2,2,N,N,39 59:52.195,75 06:39.459,1215, ,1215, ,0, , , ,3, , , , , ,337950, , , ,2,1,1,0,0,0,0,0,0,0,1,0,1,0,0,0,0,0,0,0,2,0,0,0,0,0,0,0,0,0,0,0,0,0,0,3,0,39.9978,-75.111, , 
 ,31484,2015078287,6,67,67301,2015,6,3,804,8,1,1,0,4,1, , ,N,1,2,0,3,0,8,9,2,N,N,39 59:28.770,75 10:14.944,1130, ,842, ,0, ,N, ,3, , , , , ,337971, , , ,2,1,0,0,0,0,0,1,0,0,0,8,8,0,1,0,0,1,0,0,0,0,0,0,0,0,0,0,0,0,0,0,0,0,0,4,0,39.9913,-75.1708, , 
 ,31485,2015085275,6,67,67301,2015,8,3,734,7,1,2,1,1,6, , ,N,0,0,0,3,0,1,1,2,N, ,40 03:34.952,75 01:31.123,736, ,735, ,0, , , ,0, , , , , ,337976, , , ,2,1,0,0,1,0,0,0,0,0,0,1,1,0,0,0,0,0,0,0,0,0,0,1,0,0,0,0,0,0,0,0,0,0,0,4,0,40.0597,-75.0253, , 
 ,31486,2015095155,6,67,67301,2015,9,4,740,7,1,1,0,5,1, , ,N,0,0,0,3,0,1,2,2,N, ,40 03:06.988,75 04:02.126,815, ,810, ,0, , , ,0, , , , , ,337981, , , ,2,1,0,0,0,1,0,0,0,0,0,1,1,0,0,0,0,0,0,0,2,0,0,0,0,0,0,0,0,0,0,0,0,0,0,4,1,40.0519,-75.0673, , 
 ,31487,2015099045,6,67,67301,2015,9,4,750,7,1,1,0,1,1, , ,N,1,2,0,3,0,2,3,2,N,N,39 54:14.619,75 14:25.049,845, ,839,2,1,2, , ,3,N, , , , ,337984, , , ,2,1,0,0,0,0,1,0,0,0,0,2,2,0,0,0,0,0,0,0,1,0,0,0,0,0,0,0,0,0,0,0,0,0,0,4,0,39.904,-75.2401, , 
 ,31488,2015101972,6,67,67301,2015,9,2,1615,16,1,1,0,4,1, , ,N,1,2,0,3,0,3,3,2,N,N,39 59:50.247,75 05:21.971,1640, ,1640, ,0, ,N, ,3, , , , , ,337993, , , ,2,2,0,0,0,0,0,0,0,0,0,0,3,3,0,0,0,0,0,0,0,0,0,0,0,0,0,0,0,0,0,0,0,0,0,8,0,39.9973,-75.0894, , 
 ,31489,2015075721,6,67,67301,2015,7,5,1335,13,1,1,0,8,1, , ,N,0,0,0,3,0,1,2,2,N, ,40 01:58.067,75 04:01.582,1350, ,1342, ,0, , , ,0, , , , , ,338024, , , ,1,1,0,0,0,0,0,0,0,0,0,1,1,0,0,0,0,0,0,0,0,0,0,0,0,0,0,0,0,0,0,0,1,0,0,4,0,40.0328,-75.0671, , 
 ,31490,2015075769,6,67,67301,2015,7,7,1830,18,1,1,0,8,1, , ,N,0,0,0,3,0,1,2,2,N, ,39 59:53.332,75 06:01.935,2000, ,2000, ,0, , , ,0, , , , , ,338025, , , ,1,0,0,0,0,0,1,0,0,0,0,1,1,0,0,0,0,0,0,0,0,0,0,0,0,0,0,0,0,0,0,0,1,0,0,4,0,39.9981,-75.1005, , 
 ,31491,2015088787,6,67,67301,2015,8,6,2135,21,3,1,0,1,1, , ,N,0,0,7,3,0,0,3,2,N, ,40 03:44.384,75 05:06.789,2147, ,2146, ,0, , , ,0, , , , , ,338066, , , ,2,2,0,0,0,0,0,0,0,0,0,0,0,0,0,0,0,0,1,0,0,0,0,0,0,0,0,0,0,0,0,0,0,0,0,0,0,40.0623,-75.0852, , 
 ,31492,2015098958,6,67,67301,2015,9,3,2208,22,3,1,0,5,1, , ,N,5,2,3,3,0,1,2,2,N,N,40 01:52.208,75 05:06.865,2214, ,2212, ,0, , , ,3, , , , , ,338070, , , ,1,1,0,0,0,0,0,0,1,0,0,1,1,0,0,0,0,0,0,0,0,0,0,0,0,0,0,0,0,0,0,0,0,0,0,4,0,40.0313,-75.085, , 
 ,31493,2015073707,6,67,67301,2015,7,4,1515,15,1,1,0,4,1, , ,N,1,2,0,3,0,2,5,3,N,N,40 02:40.890,75 03:16.537,1525, ,1515,2,1,3,N, ,3,N, , , , ,338077, , , ,3,1,0,0,0,0,1,1,0,0,0,2,2,0,0,0,0,0,0,0,1,0,0,1,0,0,0,0,0,0,0,0,0,0,0,4,0,40.0446,-75.0547, , 
 ,31494,2015074588,6,67,67301,2015,6,7,2215,22,3,1,0,1,1, , ,N,0,2,7,3,0,1,2,2,N,N,40 02:15.990,75 06:43.523,112, ,106, ,0, ,N, ,3, , , , , ,338080, , , ,2,1,0,0,0,0,1,0,0,0,0,1,1,0,0,0,0,0,0,0,0,0,0,0,0,0,0,0,0,0,0,0,0,0,0,4,0,40.0378,-75.1121, , 
 ,31495,2015051638,6,67,67301,2015,4,6,2250,22,3,1,0,7,1, , ,N,0,0,0,3,0,0,2,1,N,N,39 56:47.413,75 11:19.349,2309, ,2252, ,0, ,N, ,0, , , , , ,340764, , , ,1,1,0,0,0,0,0,0,0,0,0,0,0,0,0,0,0,0,0,1,0,0,0,0,0,0,0,0,0,0,0,0,0,0,0,0,0,39.9465,-75.1887, , 
 ,31496,2015062726,6,67,67301,2015,5,4,1523,15,1,1,0,8,1, , ,N,0,0,0,3,0,1,2,2,N,N,40 07:55.924,75 00:34.825,1537, ,1529, ,0, ,N, ,0, , , , , ,340771, , , ,1,0,0,0,0,0,1,0,0,0,0,1,1,0,0,0,0,0,0,0,0,1,0,0,0,0,0,0,0,0,0,0,1,0,0,4,0,40.1322,-75.0097, , 
 ,31497,2015070587,6,67,67301,2015,6,4,440,4,3,1,0,6,6, , ,N,0,0,0,3,0,0,1,2,N,N,40 01:56.496,75 10:35.148,445, ,441, ,0, ,N, ,0, , , , , ,340777, , , ,2,2,0,0,0,0,0,0,0,0,0,0,0,0,0,0,0,0,0,0,0,0,0,0,0,0,0,0,0,0,0,0,0,0,0,0,0,40.0324,-75.1764, , 