wz_ln_closure,objectid_1,crn,district,county,municipality,crash_year,crash_month,day_of_week,time_of_day,hour_of_day,illumination,weather,road_condition,collision_type,relation_to_road,work_zone_type,work_zone_loc,work_zone_ind,intersect_type,tcd_type,location_type,urban_rural,fatal_count,injury_count,person_count,total_units,sch_bus_ind,sch_zone_ind,latitude,longitude,arrival_tm,cons_zone_spd_lim,dispatch_tm,est_hrs_closed,lane_closed,ln_close_dir,ntfy_hiwy_maint,spec_juris_cd,tcd_func_cd,tfc_detour_ind,workers_pres,wz_close_detour,wz_flagger,wz_law_offcr_ind,objectid,wz_moving,wz_other,wz_shlder_mdn,vehicle_count,automobile_count,motorcycle_count,bus_count,small_truck_count,heavy_truck_count,suv_count,van_count,bicycle_count,maj_inj_count,mod_inj_count,min_inj_count,tot_inj_count,unk_inj_deg_count,unk_inj_per_count,driver_count_16yr,driver_count_17yr,driver_count_18yr,driver_count_19yr,driver_count_20yr,driver_count_50_64yr,driver_count_65_74yr,driver_count_75plus,unbelted_occ_count,unb_death_count,unb_maj_inj_count,belted_death_count,belted_maj_inj_count,mcycle_death_count,mcycle_maj_inj_count,bicycle_death_count,bicycle_maj_inj_count,ped_count,ped_death_count,ped_maj_inj_count,max_severity_level,comm_veh_count,dec_lat,dec_long,rdwy_surf_type_cd,county_name
 ,31630,2015070605,6,67,67301,2015,6,5,1937,19,4,2,1,4,1, , ,N,1,2,0,3,0,2,4,5,N, ,40 01:39.298,75 09:55.501,1946, ,1940, ,0, , , ,3, , , , , ,338293, , , ,5,3,0,0,0,0,1,1,0,0,0,1,2,1,1,0,0,0,0,0,0,0,0,0,0,0,0,0,0,0,0,0,0,0,0,4,0,40.0276,-75.1654, , 
 ,31631,2015074978,6,67,67301,2015,7,4,305,3,3,2,1,7,4, , ,N,0,0,0,3,0,0,1,1,N,N,39 58:06.276,75 07:44.002,323, ,312, ,0, ,N, ,0, , , , , ,338295, , , ,1,0,0,0,0,0,0,1,0,0,0,0,0,0,0,0,0,0,0,0,0,0,0,0,0,0,0,0,0,0,0,0,0,0,0,0,0,39.9684,-75.1289, , 
 ,31632,2015085294,6,67,67301,2015,8,3,1220,12,1,1,0,4,1, , ,N,1,3,0,3,0,1,3,2,N,N,39 58:03.050,75 12:07.052,1224, ,1220, ,0, , , ,3, , , , , ,338307, , , ,2,1,0,0,0,0,1,0,0,0,0,1,1,0,2,0,0,0,0,0,1,0,0,2,0,0,0,0,0,0,0,0,0,0,0,4,0,39.9675,-75.202, , 
 ,31633,2015091021,6,67,67301,2015,8,7,211,2,3,1,0,5,6, , ,N,0,0,0,3,0,0,1,2,N,N,39 56:08.660,75 10:56.146,211, ,211,1,2,2,N, ,0,Y, , , , ,338324, , , ,2,1,0,0,0,0,1,0,0,0,0,0,0,0,1,0,0,0,0,0,0,0,0,0,0,0,0,0,0,0,0,0,0,0,0,9,0,39.9357,-75.1823, , 
 ,31634,2015099063,6,67,67301,2015,9,5,1530,15,1,2,1,7,2, , ,N,0,0,0,3,0,0,1,1,N,N,39 58:18.462,75 11:23.982,1548, ,1535,1,1,2,N, ,0,N, , , , ,338335, , , ,1,0,0,0,0,0,1,0,0,0,0,0,0,0,0,0,0,0,0,0,0,0,0,0,0,0,0,0,0,0,0,0,0,0,0,0,0,39.9718,-75.19, , 
 ,31635,2015009668,6,67,67301,2015,1,3,1620,16,3,1,3,8,1, , ,N,0,0,0,3,0,1,2,2,N, ,39 57:59.806,75 13:16.802,1650, ,1640, ,0, , , ,0, , , , , ,338350, , , ,1,1,0,0,0,0,0,0,0,0,0,0,1,1,0,0,0,0,0,0,0,1,0,0,0,0,0,0,0,0,0,0,1,0,0,8,0,39.9666,-75.2213, , 
 ,31636,2015025110,6,67,67301,2015,2,7,1110,11,1,1,0,1,1, , ,N,1,2,0,3,0,3,5,2,N,N,40 01:55.826,75 05:30.584,1117, ,1117, ,0, ,N, ,3, , , , , ,338369, , , ,2,0,0,0,0,0,0,2,0,0,0,0,3,3,0,0,0,0,0,0,1,0,0,0,0,0,0,0,0,0,0,0,0,0,0,8,0,40.0322,-75.0918, , 
 ,31637,2015051973,6,67,67301,2015,5,7,237,2,3,1,0,1,1, , ,N,1,2,0,3,0,0,2,2,N, ,40 05:05.539,75 01:30.621,250, ,241,1,1,2, , ,3,N, , , , ,338382, , , ,2,1,0,0,0,0,1,0,0,0,0,0,0,0,0,0,0,0,0,1,0,0,0,0,0,0,0,0,0,0,0,0,0,0,0,0,0,40.0847,-75.0251, , 
 ,31638,2015052386,6,67,67301,2015,5,6,1959,19,2,1,0,1,1, , ,N,0,0,0,3,0,1,4,2,N,N,40 00:15.340,75 04:35.513,2008, ,1959,3,2,1,N, ,0,Y, , , , ,338383, , , ,2,1,0,0,0,1,0,0,0,0,0,0,1,1,0,0,0,0,0,0,0,0,0,0,0,0,0,0,0,0,0,0,0,0,0,8,1,40.0043,-75.0765, , 
 ,31639,2015061717,6,67,67301,2015,5,5,2240,22,3,1,0,1,1, , ,N,1,2,0,3,0,1,2,2,N,N,40 00:55.051,75 08:13.761,2241, ,2240, ,0, ,N, ,3, , , , , ,338391, , , ,2,1,0,0,0,0,1,0,0,0,0,0,1,1,1,0,1,0,0,0,1,0,0,0,0,0,0,0,0,0,0,0,0,0,0,8,0,40.0153,-75.1372, , 
 ,31640,2015063852,6,67,67301,2015,6,6,10,0,3,1,0,4,1, , ,N,1,2,0,3,0,0,2,2,N, ,40 06:50.926,74 59:15.880,16, ,12, ,0, , , ,3, , , , , ,338394, , , ,2,0,0,0,0,0,2,0,0,0,0,0,0,0,0,0,0,0,0,0,1,0,0,0,0,0,0,0,0,0,0,0,0,0,0,0,0,40.1141,-74.9877, , 
 ,31641,2015086178,6,67,67301,2015,3,3,1017,10,1,1,0,1,1, , ,N,5,2,2,3,0,1,2,2,N,N,39 57:11.151,75 10:54.540,0, ,0, ,0, ,N, ,3, , , , , ,338408, , , ,2,0,0,0,0,0,2,0,0,0,0,0,1,1,0,0,0,0,0,0,1,0,0,0,0,0,0,0,0,0,0,0,0,0,0,8,0,39.9531,-75.1819, , 
 ,31642,2015075694,6,67,67301,2015,7,4,1450,14,1,1,0,8,1, , ,N,0,0,7,3,0,1,2,2,N,N,39 59:04.995,75 10:05.606,1541, ,1541, ,0, , , ,0, , , , , ,341175, , , ,1,0,0,0,0,0,1,0,0,0,0,1,1,0,0,0,0,0,0,0,0,0,0,0,0,0,0,0,0,0,0,0,1,0,0,4,0,39.9847,-75.1682, , 
 ,31643,2015080125,6,67,67301,2015,7,1,1030,10,1,1,0,1,1, , ,N,0,0,0,3,0,0,4,3,N,N,39 58:42.290,75 12:09.480,1030, ,1030,1,2,3,N, ,0,N, , , , ,341180, , , ,3,2,0,0,0,0,0,1,0,0,0,0,0,0,0,0,0,1,0,0,0,0,0,0,0,0,0,0,0,0,0,0,0,0,0,0,0,39.9784,-75.2026, , 
 ,31644,2015085329,6,67,67301,2015,8,3,2000,20,1,1,0,8,1, , ,N,0,0,0,3,0,1,2,2,N,N,40 01:38.125,75 08:59.589,2015, ,2003, ,0, , , ,0, , , , , ,341183, , , ,1,1,0,0,0,0,0,0,0,0,0,1,1,0,0,0,0,0,0,0,0,0,0,0,0,0,0,0,0,0,0,0,1,0,0,4,0,40.0273,-75.1499, , 
 ,31645,2015088775,6,67,67301,2015,8,1,2130,21,3,1,0,8,1, , ,N,0,0,0,3,0,1,2,2,N, ,40 04:22.368,75 10:17.357,2130, ,2130, ,0, , , ,0, , , , , ,341188, , , ,1,0,0,0,0,0,0,0,0,0,0,1,1,0,0,0,0,0,0,0,0,0,0,0,0,0,0,0,0,0,0,0,1,0,0,4,0,40.0729,-75.1715, , 
 ,31646,2015042788,6,67,67301,2015,3,2,2005,20,3,1,0,8,1, , ,N,0,0,0,3,0,1,2,2,N,N,40 00:29.236,75 10:16.722,2035, ,2034, ,0, , , ,0, , , , , ,341205, , , ,1,0,0,0,0,0,0,1,0,0,0,1,1,0,0,0,0,0,0,0,1,0,0,0,0,0,0,0,0,0,0,0,1,0,0,4,0,40.0081,-75.1713, , 
 ,31647,2015051484,6,67,67301,2015,4,5,625,6,5,1,0,1,6, , ,N,0,0,0,3,0,1,2,3,N, ,40 00:27.905,75 04:31.673,633, ,630,3,2,5, , ,0,Y, , , , ,341215, , , ,3,0,0,0,1,0,1,1,0,0,0,1,1,0,0,0,0,0,0,0,0,0,0,0,0,0,0,0,0,0,0,0,0,0,0,4,0,40.0078,-75.0755, , 
 ,31648,2015006148,6,67,67301,2015,1,7,1100,11,1,2,1,4,1, , ,N,0,0,7,3,0,1,2,2,N,N,40 05:58.342,75 01:48.719,1107, ,1101,1,1,1,N, ,0,N, , , , ,341227, , , ,2,2,0,0,0,0,0,0,0,0,0,1,1,0,0,0,0,0,0,0,1,0,0,0,0,0,0,0,0,0,0,0,0,0,0,4,0,40.0995,-75.0302, , 
 ,31649,2015015631,6,67,67301,2015,1,1,202,2,3,1,0,1,1, , ,N,2,2,0,3,0,1,3,2,N,N,40 00:23.408,75 05:19.277,233, ,220, ,0, ,N, ,3, , , , , ,341235, , , ,2,1,0,0,0,0,1,0,0,0,0,1,1,0,0,0,0,0,0,0,0,0,0,2,0,0,0,0,0,0,0,0,0,0,0,4,0,40.0065,-75.0887, , 
 ,31650,2015015651,6,67,67301,2015,1,6,119,1,3,1,0,4,1, , ,N,1,2,0,3,0,0,4,2,N,N,39 57:57.056,75 14:02.155,119, ,119, ,0, ,N, ,3, , , , , ,341236, , , ,2,1,0,0,0,0,1,0,0,0,0,0,0,0,0,0,0,0,0,0,0,0,0,0,0,0,0,0,0,0,0,0,0,0,0,0,0,39.9658,-75.2339, , 
 ,31651,2015020740,6,67,67301,2015,1,6,801,8,1,1,0,5,1, , ,N,0,0,0,3,0,0,2,2,N,N,40 05:08.833,74 58:11.873,805, ,801,1,1,3,N, ,0,N, , , , ,341240, , , ,2,1,0,0,0,0,1,0,0,0,0,0,0,0,0,0,0,0,0,0,1,0,0,0,0,0,0,0,0,0,0,0,0,0,0,0,0,40.0858,-74.97, , 
 ,31652,2015021948,6,67,67301,2015,2,1,2105,21,3,1,0,7,5, , ,N,0,0,0,3,0,0,1,1,N,N,39 58:58.072,75 12:22.845,2120, ,2113,2,1,1,N, ,0,N, , , , ,341242, , , ,1,0,0,0,0,0,1,0,0,0,0,0,0,0,1,0,0,0,0,0,0,0,0,0,0,0,0,0,0,0,0,0,0,0,0,9,0,39.9828,-75.2063, , 
 ,31653,2015053897,6,67,67301,2015,5,3,1711,17,1,1,0,4,1, , ,N,1,2,0,3,0,1,4,2,N,N,40 05:41.833,75 00:55.566,1724, ,1720,1,1,6,N, ,3,N, , , , ,341261, , , ,2,1,0,0,0,0,1,0,0,0,0,1,1,0,0,0,0,0,0,0,0,0,0,0,0,0,0,0,0,0,0,0,0,0,0,4,0,40.095,-75.0154, , 
 ,31654,2015056652,6,67,67301,2015,5,7,459,4,5,1,0,7,2, , ,N,7,0,0,3,0,1,2,1,N,N,39 54:39.103,75 08:56.529,515, ,509,1,1,2,N, ,0,N, , , , ,341263, , , ,1,1,0,0,0,0,0,0,0,0,0,1,1,0,0,0,0,0,0,0,0,0,0,0,0,0,0,0,0,0,0,0,0,0,0,4,0,39.9109,-75.149, , 
 ,31655,2015061728,6,67,67301,2015,5,4,1500,15,1,1,0,4,1, , ,N,0,0,7,3,0,1,2,2,N,N,40 02:47.826,74 59:35.985,1515, ,1507, ,0, ,N, ,0, , , , , ,341266, , , ,1,1,0,0,0,0,0,0,1,0,1,0,1,0,0,0,0,0,0,1,0,0,0,0,0,0,0,0,0,0,0,0,0,0,0,3,0,40.0466,-74.9933, , 
 ,31656,2015079385,6,67,67301,2015,7,5,628,6,1,1,0,1,1, , ,N,0,0,2,3,0,0,3,3,N,N,39 55:59.869,75 11:59.103,652, ,640,1,1,4,N, ,0,N, , , , ,341276, , , ,3,1,0,0,2,0,0,0,0,0,0,0,0,0,0,0,0,0,0,0,1,0,0,0,0,0,0,0,0,0,0,0,0,0,0,0,0,39.9333,-75.1998, , 
 ,31657,2015093432,6,67,67301,2015,8,4,715,7,1,1,0,4,1, , ,N,1,2,0,3,0,1,3,3,N,N,40 01:48.978,75 03:51.736,939, ,736, ,0, ,N, ,3, , , , , ,341288, , , ,3,1,0,0,0,1,0,0,0,0,0,1,1,0,0,0,0,0,0,0,1,0,0,0,0,0,0,0,0,0,0,0,0,0,0,4,0,40.0303,-75.0644, , 
 ,31658,2015095744,6,67,67301,2015,8,7,925,9,1,1,0,7,3, , ,N,0,0,0,3,0,1,1,1,N,N,40 01:10.979,75 08:53.779,935, ,925,2,2,2,N, ,0,Y, , , , ,341290, , , ,1,1,0,0,0,0,0,0,0,0,0,1,1,0,0,0,0,0,0,0,1,0,0,0,0,0,0,0,0,0,0,0,0,0,0,4,0,40.0197,-75.1482, , 
 ,31659,2015106430,6,67,67301,2015,1,6,745,7,1,2,1,8,1, , ,N,1,0,0,3,0,1,2,2,N,N,39 57:02.541,75 09:45.727,800, ,745,1,1,3,N, ,0,N, , , , ,341298, , , ,1,0,0,0,0,0,1,0,0,0,0,1,1,0,0,0,0,0,0,0,0,0,0,0,0,0,0,0,0,0,0,0,1,0,0,4,0,39.9507,-75.1627, , 
 ,31660,2015083380,6,67,67301,2015,7,6,1515,15,1,1,0,1,1, , ,N,1,2,0,3,0,1,4,2,N,N,40 06:46.663,75 01:22.836,1530, ,1525, ,0, ,N, ,3, , , , , ,344210, , , ,2,0,0,0,0,1,0,1,0,0,0,1,1,0,0,0,0,0,0,0,1,0,0,0,0,0,0,0,0,0,0,0,0,0,0,4,1,40.113,-75.023, , 
 ,31661,2015084449,6,67,67301,2015,7,2,1226,12,1,1,0,4,1, , ,N,1,2,0,3,0,1,3,2,N,N,40 03:23.636,75 02:47.581,1230, ,1227,1,1,3,N, ,3,N, , , , ,344211, , , ,2,1,0,0,0,0,1,0,0,0,0,1,1,0,0,0,0,0,0,0,1,0,1,0,0,0,0,0,0,0,0,0,0,0,0,4,0,40.0566,-75.0466, , 
 ,31662,2015084873,6,67,67301,2015,7,6,1826,18,1,1,0,4,1, , ,N,0,0,7,3,0,2,3,2,N, ,40 02:07.118,75 00:52.362,1834, ,1830, ,0, , , ,0, , , , , ,344212, , , ,2,2,0,0,0,0,0,0,0,0,0,0,2,2,0,0,0,0,0,0,2,0,0,0,0,0,0,0,0,0,0,0,0,0,0,8,0,40.0353,-75.0145, , 
 ,31663,2015056933,6,67,67301,2015,5,6,1955,19,1,1,0,4,1, , ,N,1,3,0,3,0,1,3,2,N, ,39 58:09.508,75 09:21.923,2016, ,2013, ,0, , , ,3, , , , , ,344249, , , ,1,1,0,0,0,0,0,0,1,0,0,1,1,0,0,0,0,0,0,0,0,0,0,0,0,0,0,0,0,0,0,0,0,0,0,4,0,39.9693,-75.1561, , 
N,31664,2015058847,6,67,67301,2015,6,2,1406,14,1,1,0,1,1,1,4,Y,0,0,2,3,0,1,4,2,N,N,39 58:01.597,75 07:58.860,1426,25,1406, ,0, ,N, ,0, ,Y,N,N,N,344251,N,N,Y,2,2,0,0,0,0,0,0,0,0,0,0,1,1,0,0,0,0,0,0,0,0,0,0,0,0,0,0,0,0,0,0,0,0,0,8,0,39.9671,-75.133, , 
 ,31665,2015081107,6,67,67301,2015,7,7,1530,15,1,1,0,4,1, , ,N,1,3,0,3,0,1,3,2,N,N,39 56:05.913,75 10:26.255,1538, ,1537, ,0, ,N, ,3, , , , , ,344264, , , ,2,2,0,0,0,0,0,0,0,0,0,1,1,0,0,0,0,0,0,0,0,0,0,0,0,0,0,0,0,0,0,0,0,0,0,4,0,39.935,-75.174, , 
 ,31666,2015088683,6,67,67301,2015,8,7,1822,18,1,1,0,4,1, , ,N,0,0,0,3,0,2,5,2,N, ,39 55:51.067,75 11:03.160,1825, ,1822, ,0, , , ,0, , , , , ,344276, , , ,2,2,0,0,0,0,0,0,0,0,0,2,2,0,0,0,0,0,0,0,1,0,0,0,0,0,0,0,0,0,0,0,0,0,0,4,0,39.9309,-75.1842, , 
 ,31667,2015095157,6,67,67301,2015,8,1,1000,10,1,1,0,8,1, , ,N,0,0,0,3,0,1,2,2,N,N,39 55:48.965,75 10:16.181,9999, ,1035, ,0, ,N, ,0, , , , , ,344279, , , ,1,0,0,0,0,0,0,1,0,0,1,0,1,0,0,0,0,0,0,0,0,0,0,0,0,0,0,0,0,0,0,0,1,0,0,3,0,39.9303,-75.1712, , 
 ,31668,2015103390,6,67,67301,2015,9,1,39,0,3,1,0,4,1, , ,N,5,2,2,3,0,4,5,2,N,N,39 57:26.357,75 08:38.887,47, ,42,3,2,4,N, ,3,N, , , , ,344284, , , ,2,1,0,0,1,0,0,0,0,0,0,0,4,4,0,0,0,0,0,0,1,0,0,0,0,0,0,0,0,0,0,0,0,0,0,8,0,39.9573,-75.1441, , 
 ,31669,2015108488,6,67,67301,2015,10,7,1952,19,3,1,0,1,1, , ,N,0,0,2,3,0,2,3,2,N,N,39 53:26.062,75 14:18.505,2016, ,1957,2,2,1,N, ,0,N, , , , ,344289, , , ,2,1,0,0,0,0,1,0,0,0,2,0,2,0,1,0,0,0,0,0,0,0,0,0,0,0,0,0,0,0,0,0,0,0,0,3,0,39.8906,-75.2385, , 
 ,31670,2015063930,6,67,67301,2015,6,4,1515,15,1,1,0,1,1, , ,N,0,0,0,3,0,1,2,3,N, ,39 55:00.375,75 14:45.404,1525, ,1518, ,0, , , ,0, , , , , ,344295, , , ,3,2,0,0,0,0,1,0,0,0,0,1,1,0,0,0,0,0,0,0,0,1,0,0,0,0,0,0,0,0,0,0,0,0,0,4,0,39.9168,-75.2459, , 
 ,31671,2015067263,6,67,67301,2015,6,7,603,6,1,1,0,7,2, , ,N,0,0,0,3,0,1,1,1,N,N,40 00:26.743,75 04:20.633,611, ,603,2,1,1,Y, ,0,N, , , , ,344298, , , ,1,0,0,0,0,0,1,0,0,0,1,0,1,0,0,0,0,0,0,0,0,0,0,0,0,0,0,0,0,0,0,0,0,0,0,3,0,40.0074,-75.0724, , 
 ,31672,2015053973,6,67,67301,2015,5,1,1853,18,1,1,0,1,1, , ,N,0,2,0,3,0,1,3,2,N, ,39 57:37.934,75 08:13.861,1859, ,1857, ,0, , , ,3, , , , , ,344311, , , ,2,1,0,1,0,0,0,0,0,0,0,1,1,0,0,0,0,0,0,0,1,0,0,0,0,0,0,0,0,0,0,0,0,0,0,4,1,39.9605,-75.1372, , 
 ,31673,2015063903,6,67,67301,2015,6,1,1245,12,1,1,0,5,1, , ,N,0,0,0,3,0,1,2,2,N,N,39 58:02.269,75 10:15.523,1250, ,1245, ,0, ,N, ,0, , , , , ,344314, , , ,1,1,0,0,0,0,0,0,1,0,0,0,1,1,0,0,0,0,0,0,0,0,0,0,0,0,0,0,0,0,0,0,0,0,0,8,0,39.9673,-75.171, , 
 ,31674,2015078238,6,67,67301,2015,7,5,1830,18,1,1,0,1,1, , ,N,0,0,0,3,0,2,4,3,N, ,40 02:20.312,75 11:29.030,942, ,938, ,0, , , ,0, , , , , ,344321, , , ,3,2,0,0,0,0,0,0,0,0,0,0,2,2,1,0,0,0,0,0,0,0,0,0,0,0,0,0,0,0,0,0,0,0,0,8,0,40.039,-75.1914, , 
 ,31675,2015082825,6,67,67301,2015,7,1,2210,22,3,1,0,7,2, , ,N,6,8,2,3,0,0,1,1,N,N,39 57:06.151,75 08:29.297,2218, ,2213,2,2,2,N, ,3,N, , , , ,344329, , , ,1,1,0,0,0,0,0,0,0,0,0,0,0,0,0,0,0,0,0,0,0,0,0,0,0,0,0,0,0,0,0,0,0,0,0,0,0,39.9517,-75.1415, , 
 ,31676,2015087044,6,67,67301,2015,4,6,830,8,1,2,1,4,1, , ,N,1,2,0,3,0,1,2,2,N,N,39 57:24.631,75 10:03.320,0, ,0, ,0, ,N, ,3, , , , , ,344330, , , ,2,1,0,0,0,0,0,1,0,0,0,0,1,1,0,0,0,0,0,0,1,0,0,0,0,0,0,0,0,0,0,0,0,0,0,8,0,39.9568,-75.1676, , 
 ,31677,2015096804,6,67,67301,2015,9,1,2335,23,3,1,0,1,1, , ,N,1,2,0,3,0,2,4,2,N,N,40 00:22.269,75 09:06.895,2337, ,2335,3,1,2,Y, ,3,N, , , , ,344336, , , ,2,2,0,0,0,0,0,0,0,0,0,0,2,2,0,0,0,0,0,0,0,0,0,0,0,0,0,0,0,0,0,0,0,0,0,8,0,40.0062,-75.1518, , 
 ,31678,2015109313,6,67,67301,2015,10,6,1815,18,3,2,1,4,1, , ,N,1,1,0,3,0,1,2,3,N, ,39 57:37.485,75 08:20.093,1816, ,1816, ,0, , , ,2, , , , , ,346892, , , ,3,2,0,0,0,0,1,0,0,0,0,1,1,0,0,0,0,0,0,0,0,0,0,0,0,0,0,0,0,0,0,0,0,0,0,4,0,39.9603,-75.1389, , 
 ,31679,2015056483,6,67,67301,2015,5,6,1152,11,1,1,0,8,1, , ,N,1,2,0,3,0,1,2,2,N,N,40 02:51.686,75 03:35.363,1157, ,1152,1,1,3, , ,3,N, , , , ,346903, , , ,1,0,0,0,0,0,1,0,0,0,0,1,1,0,0,0,0,0,0,0,1,0,0,0,0,0,0,0,0,0,0,0,1,0,0,4,0,40.0477,-75.06, , 
 ,31680,2015083329,6,67,67301,2015,7,3,1543,15,1,1,0,8,1, , ,N,0,0,0,3,0,1,2,2,N,N,39 57:33.304,75 14:38.414,1548, ,1545, ,0, ,N, ,0, , , , , ,346908, , , ,1,1,0,0,0,0,0,0,0,1,0,0,1,0,0,0,0,0,0,0,0,0,0,0,0,0,0,0,0,0,0,0,1,0,1,2,0,39.9593,-75.244, , 
 ,31681,2015088759,6,67,67301,2015,8,4,2335,23,3,1,0,1,1, , ,N,1,2,0,3,0,1,3,3,N, ,40 00:53.047,75 12:21.758,2340, ,2335, ,0, , , ,3, , , , , ,346914, , , ,3,1,0,0,0,0,2,0,0,0,1,0,1,0,0,0,0,0,0,0,2,0,0,0,0,0,0,0,0,0,0,0,0,0,0,3,0,40.0147,-75.206, , 
 ,31682,2015093541,6,67,67301,2015,8,4,1523,15,1,1,0,1,1, , ,N,0,0,0,3,0,0,2,2,N,N,39 58:36.187,75 06:49.287,1539, ,1523,1,1,1,N, ,0,N, , , , ,346920, , , ,2,1,0,0,1,0,0,0,0,0,0,0,0,0,0,0,0,0,1,0,1,0,0,0,0,0,0,0,0,0,0,0,0,0,0,0,0,39.9767,-75.1137, , 
 ,31683,2015075653,6,67,67301,2015,7,6,2145,21,3,1,0,4,1, , ,N,5,2,0,3,0,0,2,2,N, ,40 01:14.041,75 06:58.561,2300, ,2251, ,0, , , ,3, , , , , ,346949, , , ,2,1,0,0,0,0,1,0,0,0,0,0,0,0,0,0,0,0,0,0,0,0,0,1,0,0,0,0,0,0,0,0,0,0,0,0,0,40.0206,-75.1163, , 
 ,31684,2015075823,6,67,67301,2015,7,2,857,8,1,1,0,8,1, , ,N,2,2,7,3,0,2,3,3,N,N,40 05:53.193,75 01:49.243,901, ,858, ,0, ,N, ,3, , , , , ,346950, , , ,1,1,0,0,0,0,0,0,0,0,0,0,2,2,0,0,0,0,0,0,1,0,0,0,0,0,0,0,0,0,0,0,2,0,0,8,0,40.0981,-75.0303, , 
 ,31685,2015080283,6,67,67301,2015,7,2,248,2,3,1,0,5,6, , ,N,0,0,0,3,0,0,1,2,N,N,40 01:22.946,75 12:52.606,312, ,304,9,1,5, , ,0,N, , , , ,346956, , , ,2,2,0,0,0,0,0,0,0,0,0,0,0,0,0,0,0,0,0,0,0,0,0,0,0,0,0,0,0,0,0,0,0,0,0,0,0,40.023,-75.2146, , 
 ,31686,2015086200,6,67,67301,2015,8,5,1800,18,1,1,0,1,1, , ,N,0,0,7,3,0,1,3,3,N,N,40 07:20.024,75 00:47.624,1941, ,1940, ,0, ,N, ,0, , , , , ,346967, , , ,3,0,0,0,1,0,2,0,0,0,0,0,1,1,0,0,0,0,0,0,2,0,0,0,0,0,0,0,0,0,0,0,0,0,0,8,0,40.1222,-75.0132, , 
 ,31687,2015106410,6,67,67301,2015,9,4,1453,14,1,1,0,4,1, , ,N,1,0,0,3,0,1,3,2,N,N,39 57:41.137,75 14:34.569,1455, ,1455,1,2,4,N, ,0,N, , , , ,346985, , , ,1,1,0,0,0,0,0,0,1,0,0,1,1,0,0,0,0,0,0,0,0,0,0,0,0,0,0,0,0,0,0,0,0,0,0,4,0,39.9614,-75.2429, , 
 ,31688,2015112172,6,67,67301,2015,10,3,700,7,1,1,0,4,1, , ,N,0,0,0,3,0,1,2,2,N,N,39 58:30.807,75 11:41.477,1140, ,1137, ,0, , , ,0, , , , , ,346988, , , ,2,1,0,0,0,0,1,0,0,0,0,1,1,0,1,0,0,0,0,0,1,0,0,0,0,0,0,0,0,0,0,0,0,0,0,4,0,39.9752,-75.1949, , 
 ,31689,2015119468,6,67,67301,2015,11,7,1806,18,3,1,0,1,1, , ,N,0,0,3,3,0,0,2,2,N,N,39 53:41.145,75 11:39.309,1810, ,1810, ,0, ,N, ,0, , , , , ,346996, , , ,2,1,0,0,1,0,0,0,0,0,0,0,0,0,0,0,0,0,0,0,1,0,0,0,0,0,0,0,0,0,0,0,0,0,0,0,0,39.8948,-75.1943, , 
 ,31690,2015086120,6,67,67301,2015,3,6,1405,14,1,1,0,1,1, , ,N,1,2,0,3,0,1,2,2,N,N,40 04:15.148,75 14:28.555,0, ,0, ,0, ,N, ,3, , , , , ,347015, , , ,2,2,0,0,0,0,0,0,0,0,0,0,1,1,0,0,0,0,0,0,1,0,0,0,0,0,0,0,0,0,0,0,0,0,0,8,0,40.0709,-75.2413, , 
 ,31691,2015092475,6,67,67301,2015,8,7,1215,12,1,1,0,2,1, , ,N,0,0,0,3,0,1,2,2,N, ,39 59:03.515,75 08:32.703,1225, ,1217, ,0, , , ,0, , , , , ,347022, , , ,1,1,0,0,0,0,0,0,1,0,0,1,1,0,1,0,0,0,0,0,0,0,0,0,0,0,0,0,0,0,0,0,0,0,0,4,0,39.9843,-75.1424, , 
 ,31692,2015093496,6,67,67301,2015,8,7,2102,21,3,1,0,1,1, , ,N,0,0,0,3,0,1,2,2,N,N,39 55:54.150,75 11:58.816,2102, ,2102,2,2,4,N, ,0,N, , , , ,347023, , , ,2,2,0,0,0,0,0,0,0,0,0,1,1,0,0,0,0,0,0,0,0,0,0,0,0,0,0,0,0,0,0,0,0,0,0,4,0,39.9317,-75.1997, , 
 ,31693,2015093534,6,67,67301,2015,8,2,1804,18,1,1,0,5,1, , ,N,0,0,0,3,0,3,4,3,N,N,40 03:09.368,74 59:15.293,1811, ,1804, ,0, ,N, ,0, , , , , ,347024, , , ,3,1,0,0,0,0,2,0,0,0,0,3,3,0,0,0,0,0,0,0,0,1,0,1,0,0,0,0,0,0,0,0,0,0,0,4,0,40.0526,-74.9876, , 
 ,31694,2015095139,6,67,67301,2015,8,5,1610,16,1,1,0,8,1, , ,N,0,0,0,3,0,1,2,2,N, ,39 59:18.184,75 06:19.092,1645, ,644, ,0, , , ,0, , , , , ,347029, , , ,1,0,0,0,1,0,0,0,0,0,1,0,1,0,0,0,0,0,0,0,0,0,0,0,0,0,0,0,0,0,0,0,1,0,0,3,0,39.9884,-75.1053, , 
 ,31695,2015095165,6,67,67301,2015,9,4,1612,16,1,1,0,8,1, , ,N,1,2,0,3,0,1,2,2,N, ,40 03:40.446,75 05:00.751,1640, ,1630, ,0, , , ,3, , , , , ,347030, , , ,1,0,0,1,0,0,0,0,0,0,0,1,1,0,0,0,0,0,0,0,0,0,0,0,0,0,0,0,0,0,0,0,1,0,0,4,1,40.0612,-75.0835, , 
 ,31696,2015033330,6,67,67301,2015,2,4,2245,22,3,1,0,7,2, , ,N,0,0,0,3,0,0,1,1,N,N,39 52:46.550,75 14:52.983,2301, ,2251, ,0, ,N, ,0, , , , , ,338422, , , ,1,1,0,0,0,0,0,0,0,0,0,0,0,0,0,0,0,0,0,0,0,0,0,1,0,0,0,0,0,0,0,0,0,0,0,0,0,39.8796,-75.2481, , 