wz_ln_closure,objectid_1,crn,district,county,municipality,crash_year,crash_month,day_of_week,time_of_day,hour_of_day,illumination,weather,road_condition,collision_type,relation_to_road,work_zone_type,work_zone_loc,work_zone_ind,intersect_type,tcd_type,location_type,urban_rural,fatal_count,injury_count,person_count,total_units,sch_bus_ind,sch_zone_ind,latitude,longitude,arrival_tm,cons_zone_spd_lim,dispatch_tm,est_hrs_closed,lane_closed,ln_close_dir,ntfy_hiwy_maint,spec_juris_cd,tcd_func_cd,tfc_detour_ind,workers_pres,wz_close_detour,wz_flagger,wz_law_offcr_ind,objectid,wz_moving,wz_other,wz_shlder_mdn,vehicle_count,automobile_count,motorcycle_count,bus_count,small_truck_count,heavy_truck_count,suv_count,van_count,bicycle_count,maj_inj_count,mod_inj_count,min_inj_count,tot_inj_count,unk_inj_deg_count,unk_inj_per_count,driver_count_16yr,driver_count_17yr,driver_count_18yr,driver_count_19yr,driver_count_20yr,driver_count_50_64yr,driver_count_65_74yr,driver_count_75plus,unbelted_occ_count,unb_death_count,unb_maj_inj_count,belted_death_count,belted_maj_inj_count,mcycle_death_count,mcycle_maj_inj_count,bicycle_death_count,bicycle_maj_inj_count,ped_count,ped_death_count,ped_maj_inj_count,max_severity_level,comm_veh_count,dec_lat,dec_long,rdwy_surf_type_cd,county_name
 ,32692,2016013635,6,67,67301,2015,8,5,1930,19,1,1,0,4,1, , ,N,1,3,0,3,0,3,4,2,N,N,39 56:06.266,75 09:48.783,0, ,0, ,0, ,N, ,3, , , , , ,379820, , , ,2,0,0,0,0,0,2,0,0,0,0,0,3,3,0,0,0,0,0,0,1,0,0,1,0,0,0,0,0,0,0,0,0,0,0,8,0,39.9351,-75.1636, , 
 ,32693,2015109358,6,67,67301,2015,10,3,229,2,3,1,0,5,6, , ,N,0,0,0,3,0,1,1,2,N, ,39 59:27.005,75 07:28.937,232, ,230, ,0, , , ,0, , , , , ,379859, , , ,2,1,0,0,1,0,0,0,0,0,0,1,1,0,0,0,0,0,0,0,0,0,0,0,0,0,0,0,0,0,0,0,0,0,0,4,0,39.9908,-75.1247, , 
Y,32694,2015125372,6,67,67301,2015,11,5,502,5,3,1,0,5,1,1,4,Y,0,0,0,3,0,1,4,3,N,N,39 58:04.063,75 07:51.325,506,45,503, ,0, ,N, ,0, ,N,N,N,N,379873,N,N,N,3,2,0,0,1,0,0,0,0,0,0,0,1,1,0,0,0,0,0,0,0,0,0,0,0,0,0,0,0,0,0,0,0,0,0,8,0,39.9678,-75.1309, , 
 ,32695,2015114573,6,67,67301,2015,9,3,1815,18,1,1,0,1,1, , ,N,1,0,0,3,0,2,3,2,N,N,40 00:19.420,75 06:33.689,1825, ,1820, ,0, ,N, ,0, , , , , ,379904, , , ,2,1,0,0,0,0,0,0,0,0,0,1,2,1,1,0,0,0,0,0,1,0,0,0,0,0,0,0,0,0,0,0,0,0,0,4,0,40.0054,-75.1094, , 
 ,32696,2015115071,6,67,67301,2015,10,1,35,0,3,1,0,1,6, , ,N,0,0,0,3,0,2,2,2,N, ,40 01:10.862,75 07:29.055,45, ,35,3,2,5, , ,0,Y, , , , ,379905, , , ,2,1,0,0,0,0,1,0,0,0,2,0,2,0,0,0,0,0,0,0,0,0,0,0,0,0,0,0,0,0,0,0,0,0,0,3,0,40.0197,-75.1247, , 
 ,32697,2015121528,6,67,67301,2015,11,1,50,0,3,1,0,2,1, , ,N,1,2,0,3,0,0,7,3,N,N,39 58:44.043,75 09:34.387,50, ,50, ,0, ,N, ,3, , , , , ,379911, , , ,3,0,0,0,0,0,3,0,0,0,0,0,0,0,0,0,0,0,1,0,0,0,0,0,0,0,0,0,0,0,0,0,0,0,0,0,0,39.9789,-75.1594, , 
 ,32698,2016007533,6,67,67301,2015,12,5,2030,20,6,1,1,8,1, , ,N,1,3,0,3,0,2,3,3,N,N,40 04:01.606,75 08:55.201,120, ,110, ,0, ,N, ,3, , , , , ,377474, , , ,1,1,0,0,0,0,0,0,0,0,0,2,2,0,1,0,0,0,0,0,0,0,0,0,0,0,0,0,0,0,0,0,2,0,0,4,0,40.0671,-75.1487, , 
 ,32699,2015130232,6,67,67301,2015,11,3,1244,12,1,1,0,5,6, , ,N,0,0,0,3,0,1,1,3,N,N,39 55:00.886,75 14:04.833,1245, ,1245,9,2,7, , ,0,Y, , , , ,377484, , , ,3,1,0,0,1,0,1,0,0,0,0,0,1,1,0,0,0,0,0,0,0,0,0,1,0,0,0,0,0,0,0,0,0,0,0,8,0,39.9169,-75.2347, , 
 ,32700,2016002980,6,67,67301,2015,12,6,815,8,3,2,1,4,1, , ,N,1,2,0,3,0,1,2,2,N,N,40 03:06.267,75 09:10.785,835, ,830, ,0, , , ,3, , , , , ,377491, , , ,2,2,0,0,0,0,0,0,0,0,0,0,1,1,0,0,0,0,0,0,1,0,0,0,0,0,0,0,0,0,0,0,0,0,0,8,0,40.0517,-75.153, , 
 ,32701,2015109354,6,67,67301,2015,10,3,2318,23,3,1,0,1,6, , ,N,0,0,0,3,0,1,1,2,N, ,40 01:29.521,75 10:50.787,2324, ,2318, ,0, , , ,0, , , , , ,377499, , , ,2,0,0,0,0,1,1,0,0,0,0,1,1,0,0,0,0,0,0,0,1,0,0,0,0,0,0,0,0,0,0,0,0,0,0,4,1,40.0249,-75.1808, , 
 ,32702,2015130083,6,67,67301,2015,11,3,1250,12,1,2,1,7,4, , ,N,0,0,0,3,0,1,1,1,N,N,39 59:46.999,75 12:05.624,1257, ,1253, ,0, ,N, ,0, , , , , ,377515, , , ,1,1,0,0,0,0,0,0,0,0,0,1,1,0,0,0,0,0,0,0,0,0,0,0,0,0,0,0,0,0,0,0,0,0,0,4,0,39.9964,-75.2016, , 
 ,32703,2016000986,6,67,67301,2015,12,5,15,0,3,1,0,5,1, , ,N,0,0,7,3,0,1,4,2,N,N,40 00:22.802,75 06:59.799,21, ,19, ,0, ,N, ,0, , , , , ,377522, , , ,2,0,0,0,0,1,1,0,0,0,0,1,1,0,0,0,0,0,0,0,1,0,0,2,0,0,0,0,0,0,0,0,0,0,0,4,1,40.0063,-75.1166, , 
 ,32704,2016007581,6,67,67301,2015,12,7,2230,22,3,6,1,5,1, , ,N,1,2,0,3,0,1,2,2,N,N,39 59:32.614,75 08:31.878,2233, ,2230, ,0, ,N, ,9, , , , , ,377523, , , ,2,2,0,0,0,0,0,0,0,1,0,0,1,0,1,0,0,0,0,0,0,0,0,0,0,0,0,0,0,0,0,0,0,0,0,2,0,39.9923,-75.1422, , 
 ,32705,2015131351,6,67,67301,2015,12,3,638,6,1,2,1,1,1, , ,N,1,2,0,3,0,1,2,2,N,N,39 58:17.270,75 09:34.235,644, ,641, ,0, ,N, ,3, , , , , ,377533, , , ,2,1,0,0,1,0,0,0,0,0,0,0,1,1,0,0,0,0,0,0,2,0,0,1,0,0,0,0,0,0,0,0,0,0,0,8,0,39.9714,-75.1594, , 
 ,32706,2015120603,6,67,67301,2015,11,7,1508,15,1,1,0,1,1, , ,N,0,0,0,3,0,3,5,4,N,N,40 00:10.024,75 11:40.037,1508, ,1508, ,0, ,N, ,0, , , , , ,377562, , , ,4,4,0,0,0,0,0,0,0,0,0,0,3,3,0,0,0,0,0,1,2,0,0,0,0,0,0,0,0,0,0,0,0,0,0,8,0,40.0028,-75.1945, , 
 ,32707,2016001042,6,67,67301,2015,12,6,700,7,1,1,0,8,1, , ,N,1,2,0,3,0,1,2,2,N, ,40 01:50.439,75 03:17.355,855, ,850, ,0, , , ,3, , , , , ,377574, , , ,1,1,0,0,0,0,0,0,0,0,0,0,1,1,0,0,0,0,0,0,0,0,0,1,0,0,0,0,0,0,0,0,1,0,0,8,0,40.0306,-75.0548, , 
 ,32708,2016000952,6,67,67301,2015,12,2,2218,22,3,2,1,6,1, , ,N,0,0,0,3,0,0,2,2,N,N,40 01:38.709,75 11:33.793,2230, ,2222,2,1,4,N, ,0,N, , , , ,377597, , , ,2,0,0,0,1,0,0,1,0,0,0,0,0,0,0,0,0,0,0,0,0,0,0,0,0,0,0,0,0,0,0,0,0,0,0,0,0,40.0274,-75.1927, , 
 ,32709,2015131232,6,67,67301,2015,11,2,858,8,1,1,0,8,1, , ,N,5,2,2,3,0,1,2,2,N,N,39 57:26.357,75 08:38.887,900, ,858, ,0, ,N, ,3, , , , , ,377624, , , ,1,1,0,0,0,0,0,0,0,0,0,1,1,0,0,0,0,0,0,0,1,0,0,0,0,0,0,0,0,0,0,0,1,0,0,4,0,39.9573,-75.1441, , 
 ,32710,2016000924,6,67,67301,2015,12,5,910,9,1,1,0,1,1, , ,N,5,2,0,3,0,1,2,2,N, ,39 59:56.641,75 06:31.521,959, ,950, ,0, , , ,3, , , , , ,377631, , , ,2,1,0,0,0,0,0,1,0,0,0,1,1,0,1,0,0,0,0,1,0,0,0,0,0,0,0,0,0,0,0,0,0,0,0,4,0,39.9991,-75.1088, , 
 ,32711,2015121006,6,67,67301,2015,10,6,1635,16,1,1,0,1,6, , ,N,0,0,0,3,0,0,1,2,N, ,39 56:50.229,75 14:19.870,1717, ,1715, ,0, , , ,0, , , , , ,377661, , , ,2,1,0,0,0,0,1,0,0,0,0,0,0,0,0,0,0,0,0,0,0,0,0,0,0,0,0,0,0,0,0,0,0,0,0,0,0,39.9473,-75.2389, , 
 ,32712,2015130277,6,67,67301,2015,11,1,2155,21,3,1,0,8,1, , ,N,2,2,0,3,0,1,2,2,N,N,39 55:19.017,75 11:19.719,2157, ,2157, ,0, ,N, ,3, , , , , ,377669, , , ,1,0,0,0,0,0,0,1,0,0,0,1,1,0,0,0,0,0,0,0,1,0,0,0,0,0,0,0,0,0,0,0,1,0,0,4,0,39.9219,-75.1888, , 
 ,32713,2015130323,6,67,67301,2015,11,3,2043,20,3,1,0,8,1, , ,N,0,0,0,3,0,1,2,2,N,N,39 58:48.405,75 09:47.982,2105, ,2100, ,0, ,N, ,0, , , , , ,377670, , , ,1,1,0,0,0,0,0,0,0,0,0,0,1,1,0,0,0,0,0,0,0,0,0,0,0,0,0,0,0,0,0,0,1,0,0,8,0,39.9801,-75.1633, , 
 ,32714,2016000964,6,67,67301,2015,12,7,2300,23,3,1,0,1,1, , ,N,0,0,0,3,0,1,2,2,N,N,40 03:13.093,75 08:52.760,2324, ,2321,3,2,1,N, ,0,Y, , , , ,377677, , , ,2,1,0,0,1,0,0,0,0,0,1,0,1,0,0,0,0,0,0,0,0,0,0,0,0,0,0,0,0,0,0,0,0,0,0,3,0,40.0536,-75.148, , 
 ,32715,2016002435,6,67,67301,2015,12,1,1915,19,3,1,0,4,1, , ,N,0,0,0,3,0,0,1,3,N,N,40 02:30.535,75 09:31.988,1920, ,1915, ,0, ,N, ,0, , , , , ,377678, , , ,3,2,0,0,0,0,1,0,0,0,0,0,0,0,0,0,0,0,0,0,0,0,0,0,0,0,0,0,0,0,0,0,0,0,0,0,0,40.0418,-75.1589, , 
 ,32716,2016001002,6,67,67301,2015,12,1,1450,14,1,1,0,4,1, , ,N,1,2,0,3,0,1,2,2,N,N,39 55:23.102,75 09:34.741,1530, ,1526, ,0, ,N, ,3, , , , , ,371887, , , ,2,2,0,0,0,0,0,0,0,0,0,1,1,0,0,0,0,0,0,0,0,0,0,0,0,0,0,0,0,0,0,0,0,0,0,4,0,39.9231,-75.1597, , 
 ,32717,2015117609,6,67,67301,2015,10,4,1530,15,1,2,1,1,1, , ,N,1,2,0,3,0,1,5,3,N, ,40 06:09.267,75 01:43.889,1537, ,1532, ,0, , , ,3, , , , , ,371892, , , ,3,2,0,0,0,0,0,1,0,0,0,1,1,0,0,0,0,0,0,0,1,0,0,0,0,0,0,0,0,0,0,0,0,0,0,4,0,40.1025,-75.0287, , 
 ,32718,2015117657,6,67,67301,2015,10,6,1554,15,1,1,0,1,1, , ,N,0,0,0,3,0,2,2,2,N,N,39 59:49.390,75 07:05.050,1747, ,1741,1,1,4,N, ,0,N, , , , ,371893, , , ,2,2,0,0,0,0,0,0,0,0,0,2,2,0,0,0,0,0,0,0,0,0,0,0,0,0,0,0,0,0,0,0,0,0,0,4,0,39.9971,-75.1181, , 
 ,32719,2015135948,6,67,67301,2015,12,6,1230,12,1,1,0,5,1, , ,N,0,0,0,3,0,0,3,2,N,N,39 58:40.578,75 10:11.179,1830, ,1830, ,0, ,N, ,0, , , , , ,371911, , , ,2,2,0,0,0,0,0,0,0,0,0,0,0,0,1,0,0,0,0,0,0,0,0,0,0,0,0,0,0,0,0,0,0,0,0,9,0,39.9779,-75.1698, , 
 ,32720,2016002787,6,67,67301,2015,11,2,622,6,1,1,0,1,1, , ,N,0,0,0,3,0,0,2,2,N,N,40 02:20.673,75 00:30.401,638, ,622, ,0, ,N, ,0, , , , , ,371923, , , ,2,1,0,0,0,0,1,0,0,0,0,0,0,0,0,0,0,0,0,0,0,0,0,0,0,0,0,0,0,0,0,0,0,0,0,0,0,40.0391,-75.0084, , 
 ,32721,2015130116,6,67,67301,2015,10,4,2039,20,3,2,1,1,1, , ,N,0,0,0,3,0,0,2,2,N,N,39 56:46.270,75 14:34.623,2052, ,2049, ,0, ,N, ,0, , , , , ,371932, , , ,2,1,0,0,0,0,1,0,0,0,0,0,0,0,0,0,0,1,0,0,0,0,0,0,0,0,0,0,0,0,0,0,0,0,0,0,0,39.9462,-75.243, , 
 ,32722,2015135910,6,67,67301,2015,12,6,1720,17,3,1,0,5,1, , ,N,2,0,0,3,0,2,3,2,N,N,40 03:18.722,75 02:51.651,1745, ,1720, ,0, , , ,0, , , , , ,371937, , , ,2,0,0,1,0,0,0,0,0,0,0,2,2,0,0,0,0,0,0,0,0,0,0,0,0,0,0,0,0,0,0,0,0,0,0,4,1,40.0552,-75.0477, , 
 ,32723,2015128711,6,67,67301,2015,11,4,9999,99,3,1,0,5,6, , ,N,0,0,0,3,0,2,3,3,N,N,40 05:59.960,74 58:44.054,2040, ,2037,1,1,4,N, ,0,Y, , , , ,371969, , , ,3,0,0,0,2,0,0,1,0,0,0,0,2,2,0,0,0,0,0,0,0,0,0,0,0,0,0,0,0,0,0,0,0,0,0,8,0,40.1,-74.9789, , 
 ,32724,2016012757,6,67,67301,2015,4,4,1937,19,1,1,0,1,1, , ,N,1,2,0,3,0,1,3,3,N,N,40 01:32.829,75 07:58.227,0, ,0, ,0, ,N, ,3, , , , , ,371980, , , ,3,1,0,0,0,0,2,0,0,0,0,0,1,1,0,0,0,1,0,0,0,0,0,2,0,0,0,0,0,0,0,0,0,0,0,8,0,40.0258,-75.1328, , 
 ,32725,2015103309,6,67,67301,2015,9,5,1320,13,1,1,0,1,1, , ,N,1,2,0,3,0,1,3,2,N,N,39 56:12.298,75 10:01.386,1405, ,1325, ,0, ,N, ,3, , , , , ,371982, , , ,2,1,0,0,0,0,0,1,0,0,0,0,1,1,0,0,0,0,0,0,0,0,0,1,0,0,0,0,0,0,0,0,0,0,0,8,0,39.9367,-75.1669, , 
 ,32726,2015135805,6,67,67301,2015,11,7,200,2,3,1,0,1,1, , ,N,2,2,2,3,0,1,3,2,N, ,39 56:38.647,75 11:48.280,225, ,215, ,0, , , ,3, , , , , ,372005, , , ,2,2,0,0,0,0,0,0,0,0,0,1,1,0,0,0,0,0,0,0,0,0,0,0,0,0,0,0,0,0,0,0,0,0,0,4,0,39.9441,-75.1967, , 
 ,32727,2015135629,6,67,67301,2015,12,1,1350,13,1,1,0,1,1, , ,N,0,0,0,3,0,1,4,3,N,N,39 58:42.378,75 12:09.618,1357, ,1350,1,2,3,N, ,0,N, , , , ,372018, , , ,3,3,0,0,0,0,0,0,0,0,0,0,1,1,0,0,0,0,0,0,0,0,0,0,0,0,0,0,0,0,0,0,0,0,0,8,0,39.9784,-75.2027, , 
 ,32728,2015135836,6,67,67301,2015,11,6,420,4,3,1,0,5,6, , ,N,0,0,0,3,0,0,1,2,N, ,39 57:04.301,75 13:14.370,430, ,420, ,0, ,N, ,0, , , , , ,372019, , , ,2,1,0,0,0,0,0,1,0,0,0,0,0,0,0,0,0,0,0,0,0,0,0,0,0,0,0,0,0,0,0,0,0,0,0,0,0,39.9512,-75.2207, , 
 ,32729,2015117957,6,67,67301,2015,11,6,1734,17,3,1,0,1,1, , ,N,0,0,0,3,0,1,4,4,N,N,39 57:43.295,75 08:22.356,1800, ,1741,1,1,1,N, ,0,N, , , , ,372033, , , ,4,2,0,0,0,0,1,1,0,0,0,0,1,1,0,0,0,0,0,0,0,0,0,0,0,0,0,0,0,0,0,0,0,0,0,8,0,39.962,-75.1395, , 
 ,32730,2015134981,6,67,67301,2015,12,5,610,6,3,2,1,7,4, , ,N,0,0,0,3,0,0,1,1,N,N,39 57:36.212,75 10:48.662,634, ,625,1,1,3,N, ,0,N, , , , ,372045, , , ,1,1,0,0,0,0,0,0,0,0,0,0,0,0,0,0,0,0,0,0,0,0,0,0,0,0,0,0,0,0,0,0,0,0,0,0,0,39.9601,-75.1802, , 
 ,32731,2016008611,6,67,67301,2015,12,5,1520,15,1,1,0,1,1, , ,N,1,3,0,3,0,1,3,3,N,N,40 01:20.398,75 07:50.350,1535, ,1528, ,0, ,N, ,3, , , , , ,372049, , , ,3,1,0,1,0,0,0,1,0,0,0,0,1,1,1,0,0,0,0,1,1,0,0,0,0,0,0,0,0,0,0,0,0,0,0,8,1,40.0223,-75.1307, , 
 ,32732,2015127941,6,67,67301,2015,12,3,1540,15,1,2,1,1,1, , ,N,0,0,0,3,0,0,3,2,N,N,39 59:30.501,75 05:08.900,1611, ,1545, ,0, ,N, ,0, , , , , ,372059, , , ,2,0,0,0,0,0,2,0,0,0,0,0,0,0,0,0,0,0,0,0,2,0,0,0,0,0,0,0,0,0,0,0,0,0,0,0,0,39.9918,-75.0858, , 
 ,32733,2015114618,6,67,67301,2015,10,5,1015,10,1,1,0,5,1, , ,N,0,0,0,3,0,1,3,2,N,N,40 01:08.586,75 06:05.622,1023, ,1020, ,0, ,N, ,0, , , , , ,372079, , , ,2,0,0,0,0,0,1,1,0,0,0,0,1,1,0,0,0,0,0,0,0,0,0,1,0,0,0,0,0,0,0,0,0,0,0,8,0,40.0191,-75.1016, , 
 ,32734,2015128704,6,67,67301,2015,11,6,1620,16,1,1,0,4,1, , ,N,1,2,0,3,0,1,5,2,N,N,40 01:31.746,75 07:20.688,1624, ,1620,9,1,1,N, ,3,N, , , , ,372097, , , ,2,2,0,0,0,0,0,0,0,0,0,1,1,0,0,0,0,0,0,0,0,0,0,0,0,0,0,0,0,0,0,0,0,0,0,4,0,40.0256,-75.1223, , 
 ,32735,2016007673,6,67,67301,2015,12,3,630,6,5,2,1,8,1, , ,N,1,2,0,3,0,1,2,2,N,N,39 57:11.413,75 10:11.807,1544, ,1544, ,0, , , ,3, , , , , ,374641, , , ,1,0,0,0,0,0,1,0,0,0,0,1,1,0,1,0,0,0,0,0,0,0,0,0,0,0,0,0,0,0,0,0,1,0,0,4,0,39.9532,-75.1699, , 
 ,32736,2015118175,6,67,67301,2015,10,5,1449,14,1,1,0,4,1, , ,N,1,2,0,3,0,2,2,2,N,N,40 01:55.826,75 05:30.584,1452, ,1451,1,2,5,N, ,3,Y, , , , ,374672, , , ,2,1,0,0,0,0,1,0,0,0,0,2,2,0,0,0,0,0,0,1,1,0,0,0,0,0,0,0,0,0,0,0,0,0,0,4,0,40.0322,-75.0918, , 
 ,32737,2015120528,6,67,67301,2015,11,3,1130,11,1,1,0,8,1, , ,N,1,3,0,3,0,1,2,2,N,N,39 59:55.057,75 08:33.050,1133, ,1130, ,0, ,N, ,3, , , , , ,374674, , , ,1,1,0,0,0,0,0,0,0,0,1,0,1,0,0,0,0,0,0,0,1,0,0,1,0,0,0,0,0,0,0,0,1,0,0,3,0,39.9986,-75.1425, , 
 ,32738,2015125260,6,67,67301,2015,11,1,1507,15,1,1,0,5,1, , ,N,0,0,0,3,0,1,6,3,N,N,39 59:37.934,75 11:56.878,1514, ,1509, ,0, ,N, ,0, , , , , ,374679, , , ,2,2,0,0,0,0,0,0,0,0,0,0,1,1,0,0,0,0,0,0,0,1,0,0,0,0,0,0,0,0,0,0,0,0,0,8,0,39.9939,-75.1991, , 
 ,32739,2015135810,6,67,67301,2015,12,4,1449,14,1,2,1,1,1, , ,N,0,0,0,3,0,0,3,3,N, ,39 57:22.573,75 12:35.237,1655, ,1652, ,0, , , ,0, , , , , ,374688, , , ,3,1,0,0,0,0,2,0,0,0,0,0,0,0,0,0,0,0,0,0,0,0,0,0,0,0,0,0,0,0,0,0,0,0,0,0,0,39.9563,-75.2098, , 
 ,32740,2016005073,6,67,67301,2015,12,5,1908,19,3,2,1,5,1, , ,N,0,0,0,3,0,0,2,4,N,N,39 57:23.059,75 12:30.441,1917, ,1915, ,0, ,N, ,0, , , , , ,374691, , , ,4,4,0,0,0,0,0,0,0,0,0,0,0,0,0,0,0,0,1,0,0,0,0,0,0,0,0,0,0,0,0,0,0,0,0,0,0,39.9564,-75.2085, , 
 ,32741,2015106409,6,67,67301,2015,8,7,0,0,3,1,0,1,1, , ,N,0,0,0,3,0,1,6,3,N, ,39 57:25.108,75 14:52.588,1220, ,1210,2,2,1, , ,0,Y, , , , ,374693, , , ,3,1,0,0,0,0,2,0,0,0,0,1,1,0,0,0,0,0,0,0,0,0,0,0,0,0,0,0,0,0,0,0,0,0,0,4,0,39.957,-75.2479, , 
 ,32742,2015130240,6,67,67301,2015,11,7,849,8,1,1,0,1,6, , ,N,0,0,0,3,0,1,1,3,N,N,40 01:45.930,75 10:29.650,923, ,851, ,0, ,N, ,0, , , , , ,374727, , , ,3,3,0,0,0,0,0,0,0,0,0,1,1,0,0,0,0,0,0,0,0,0,0,1,0,0,0,0,0,0,0,0,0,0,0,4,0,40.0294,-75.1749, , 
 ,32743,2015131231,6,67,67301,2015,11,3,1047,10,1,1,0,8,1, , ,N,2,2,7,3,0,1,3,2,N,N,40 02:44.193,75 03:23.098,1055, ,1049,2,2,3, , ,3,Y, , , , ,374728, , , ,1,0,0,0,0,0,0,1,0,0,0,0,1,1,0,0,0,0,0,0,0,0,0,0,0,0,0,0,0,0,0,0,1,0,0,8,0,40.0456,-75.0564, , 
 ,32744,2015136394,6,67,67301,2015,10,5,1627,16,1,1,0,7,4, , ,N,0,0,0,3,0,1,4,2,N, ,40 01:36.663,75 06:31.928,1633, ,9999, ,0, , , ,0, , , , , ,374737, , , ,1,0,0,0,0,0,1,0,0,0,0,1,1,0,3,0,0,0,0,0,0,0,0,0,0,0,0,0,0,0,0,0,1,0,0,4,0,40.0269,-75.1089, , 
 ,32745,2015130229,6,67,67301,2015,11,6,1308,13,1,1,0,4,1, , ,N,3,2,0,3,0,1,3,2,N,N,40 00:05.133,75 04:54.196,1312, ,1310,2,1,2,N, ,3,N, , , , ,374749, , , ,2,1,1,0,0,0,0,0,0,0,0,1,1,0,0,0,0,0,0,0,1,0,0,0,0,0,0,0,0,0,0,0,0,0,0,4,0,40.0014,-75.0816, , 
 ,32746,2016002019,6,67,67301,2015,12,2,2133,21,3,2,1,1,1, , ,N,0,0,0,3,0,0,2,2,N,N,39 57:36.586,75 10:48.806,2133, ,2133,1,1,4,N, ,0,N, , , , ,374755, , , ,2,2,0,0,0,0,0,0,0,0,0,0,0,0,0,0,0,0,0,0,0,0,0,0,0,0,0,0,0,0,0,0,0,0,0,0,0,39.9602,-75.1802, , 
 ,32747,2015128596,6,67,67301,2015,11,6,705,7,1,1,0,4,1, , ,N,1,0,0,3,0,1,3,2,N, ,39 57:10.602,75 10:23.843,740, ,731, ,0, , , ,0, , , , , ,374777, , , ,2,0,0,1,0,0,0,0,0,0,0,0,1,1,0,0,0,0,0,0,0,0,0,0,0,0,0,0,0,0,0,0,0,0,0,8,1,39.9529,-75.1733, , 
 ,32748,2015125269,6,67,67301,2015,11,6,1542,15,1,9,0,1,1, , ,N,0,0,0,3,0,2,5,3,N,N,40 02:59.075,74 59:41.022,1640, ,1550, ,0, ,N, ,0, , , , , ,374788, , , ,3,3,0,0,0,0,0,0,0,0,0,2,2,0,0,0,0,0,1,0,0,0,0,1,0,0,0,0,0,0,0,0,0,0,0,4,0,40.0497,-74.9947, , 
 ,32749,2015131321,6,67,67301,2015,12,3,900,9,1,2,1,8,1, , ,N,1,2,0,3,0,1,2,2,N,N,39 57:21.499,75 09:38.239,908, ,908,1,1,1, , ,3,N, , , , ,374791, , , ,1,0,0,0,0,0,1,0,0,0,0,1,1,0,0,0,0,0,0,0,0,0,0,0,0,0,0,0,0,0,0,0,1,0,0,4,0,39.956,-75.1606, , 
 ,32750,2016002635,6,67,67301,2015,12,5,1303,13,1,1,0,1,1, , ,N,1,2,0,3,0,0,3,2,N,N,39 56:26.296,75 10:16.039,1313, ,1305, ,0, , , ,3, , , , , ,374797, , , ,2,1,0,0,0,0,0,1,0,0,0,0,0,0,0,0,0,1,0,0,0,0,0,0,0,0,0,0,0,0,0,0,0,0,0,0,0,39.9406,-75.1711, , 
 ,32751,2015130101,6,67,67301,2015,11,1,12,0,3,1,0,1,1, , ,N,1,2,2,3,0,0,2,2,N,N,39 58:14.817,75 07:20.188,24, ,22, ,0, , , ,3, , , , , ,374848, , , ,2,2,0,0,0,0,0,0,0,0,0,0,0,0,0,0,0,0,0,1,0,0,0,1,0,0,0,0,0,0,0,0,0,0,0,0,0,39.9708,-75.1223, , 
 ,32752,2016001035,6,67,67301,2015,12,7,2050,20,3,1,0,6,1, , ,N,0,0,0,3,0,0,2,2,N,N,40 03:45.320,75 10:26.616,2105, ,2057,2,1,4, , ,0,N, , , , ,374853, , , ,2,1,0,0,0,0,0,1,0,0,0,0,0,0,0,0,0,1,0,0,0,0,0,0,0,0,0,0,0,0,0,0,0,0,0,0,0,40.0626,-75.1741, , 
 ,32753,2015130072,6,67,67301,2015,11,1,1457,14,1,1,0,2,1, , ,N,0,0,0,3,0,2,2,3,N, ,40 00:36.100,75 05:32.400,1500, ,1457,9,2,1, , ,0,Y, , , , ,379917, , , ,3,2,0,0,0,1,0,0,0,0,0,0,2,2,0,0,0,0,0,0,0,0,0,0,0,0,0,0,0,0,0,0,0,0,0,8,1,40.01,-75.0923, , 
 ,32754,2015112120,6,67,67301,2015,9,4,620,6,1,1,0,1,1, , ,N,0,0,0,3,0,12,13,2,N,N,40 03:16.897,75 00:17.529,630, ,620, ,0, ,N, ,0, , , , , ,379927, , , ,2,1,0,1,0,0,0,0,0,1,0,0,12,11,0,0,0,0,0,0,1,0,0,0,0,0,0,0,0,0,0,0,0,0,0,2,1,40.0547,-75.0049, , 
 ,32755,2015114571,6,67,67301,2015,10,5,900,9,1,1,0,8,1, , ,N,1,2,0,3,0,1,2,2,N,Y,39 58:37.470,75 13:47.492,9999, ,9999, ,0, , , ,3, , , , , ,379930, , , ,1,1,0,0,0,0,0,0,0,0,0,1,1,0,0,0,0,0,0,0,0,0,0,1,0,0,0,0,0,0,0,0,1,0,0,4,0,39.9771,-75.2299, , 
 ,32756,2015115144,6,67,67301,2015,10,6,1930,19,3,1,0,8,1, , ,N,1,2,0,3,0,1,2,2,N,N,39 59:44.224,75 10:03.233,2115, ,2100, ,0, , , ,3, , , , , ,379931, , , ,1,0,0,0,0,0,0,0,0,0,0,0,1,1,0,0,0,0,0,0,0,0,0,0,0,0,0,0,0,0,0,0,1,0,0,8,0,39.9956,-75.1676, , 
 ,32757,2015120503,6,67,67301,2015,10,4,715,7,1,1,0,4,1, , ,N,1,2,0,3,0,0,2,2,N,N,39 56:55.829,75 12:53.933,740, ,735,1,1,6,N, ,3,N, , , , ,379941, , , ,2,0,0,0,0,0,1,1,0,0,0,0,0,0,0,0,0,0,0,0,0,0,0,0,0,0,0,0,0,0,0,0,0,0,0,0,0,39.9488,-75.215, , 