wz_ln_closure,objectid_1,crn,district,county,municipality,crash_year,crash_month,day_of_week,time_of_day,hour_of_day,illumination,weather,road_condition,collision_type,relation_to_road,work_zone_type,work_zone_loc,work_zone_ind,intersect_type,tcd_type,location_type,urban_rural,fatal_count,injury_count,person_count,total_units,sch_bus_ind,sch_zone_ind,latitude,longitude,arrival_tm,cons_zone_spd_lim,dispatch_tm,est_hrs_closed,lane_closed,ln_close_dir,ntfy_hiwy_maint,spec_juris_cd,tcd_func_cd,tfc_detour_ind,workers_pres,wz_close_detour,wz_flagger,wz_law_offcr_ind,objectid,wz_moving,wz_other,wz_shlder_mdn,vehicle_count,automobile_count,motorcycle_count,bus_count,small_truck_count,heavy_truck_count,suv_count,van_count,bicycle_count,maj_inj_count,mod_inj_count,min_inj_count,tot_inj_count,unk_inj_deg_count,unk_inj_per_count,driver_count_16yr,driver_count_17yr,driver_count_18yr,driver_count_19yr,driver_count_20yr,driver_count_50_64yr,driver_count_65_74yr,driver_count_75plus,unbelted_occ_count,unb_death_count,unb_maj_inj_count,belted_death_count,belted_maj_inj_count,mcycle_death_count,mcycle_maj_inj_count,bicycle_death_count,bicycle_maj_inj_count,ped_count,ped_death_count,ped_maj_inj_count,max_severity_level,comm_veh_count,dec_lat,dec_long,rdwy_surf_type_cd,county_name
 ,32825,2015121000,6,67,67301,2015,10,4,2201,22,3,2,1,7,4, , ,N,0,0,0,3,0,0,1,1,N,N,39 59:07.150,75 12:44.268,2207, ,2204, ,0, ,N, ,0, , , , , ,375019, , , ,1,1,0,0,0,0,0,0,0,0,0,0,0,0,0,0,0,0,0,0,0,0,0,0,0,0,0,0,0,0,0,0,0,0,0,0,0,39.9853,-75.2123, , 
 ,32826,2015130313,6,67,67301,2015,11,3,1749,17,3,2,1,4,1, , ,N,0,0,0,3,0,1,3,3,N,N,39 54:46.554,75 09:01.013,1753, ,1751, ,0, ,N, ,0, , , , , ,375032, , , ,3,3,0,0,0,0,0,0,0,0,0,1,1,0,0,0,0,0,1,0,0,0,0,0,0,0,0,0,0,0,0,0,0,0,0,4,0,39.9129,-75.1503, , 
 ,32827,2015128583,6,67,67301,2015,11,4,1715,17,3,1,0,8,1, , ,N,1,2,0,3,0,1,2,2,N,N,39 55:32.829,75 09:05.759,1726, ,1721, ,0, , , ,3, , , , , ,380037, , , ,1,0,0,0,0,0,1,0,0,0,0,1,1,0,0,0,0,0,0,0,0,0,1,0,0,0,0,0,0,0,0,0,1,0,0,4,0,39.9258,-75.1516, , 
 ,32828,2015129048,6,67,67301,2015,11,2,1222,12,1,1,0,4,1, , ,N,0,3,7,3,0,3,5,2,N, ,40 04:36.468,75 05:06.621,1245, ,1223,4,2,1, , ,3,Y, , , , ,380038, , , ,2,0,0,1,0,1,0,0,0,0,3,0,3,0,0,0,0,0,0,0,1,0,0,0,0,0,0,0,0,0,0,0,0,0,0,3,2,40.0768,-75.0852, , 
 ,32829,2016013787,6,67,67301,2015,12,4,905,9,1,2,1,1,1, , ,N,2,0,0,3,0,1,2,2,N,N,40 02:05.924,75 11:18.304,915, ,910,1,1,1,N, ,0,Y, , , , ,380061, , , ,2,2,0,0,0,0,0,0,0,0,0,1,1,0,1,0,0,0,0,0,0,0,0,0,0,0,0,0,0,0,0,0,0,0,0,4,0,40.035,-75.1884, , 
 ,32830,2015130069,6,67,67301,2015,11,3,1749,17,3,1,0,4,1, , ,N,3,0,0,3,0,3,4,2,N,N,39 54:46.109,75 08:26.446,1757, ,1751,9,2,4,N, ,0,Y, , , , ,380071, , , ,2,1,1,0,0,0,0,0,0,1,1,1,3,0,0,0,0,0,0,0,0,0,0,2,0,0,0,0,0,1,0,0,0,0,0,2,0,39.9128,-75.1407, , 
 ,32831,2015115056,6,67,67301,2015,10,4,1130,11,1,1,8,4,1, , ,N,1,2,0,3,0,1,2,2,N,N,39 55:11.072,75 13:29.970,9999, ,9999, ,0, ,N, ,3, , , , , ,380084, , , ,2,1,1,0,0,0,0,0,0,0,0,1,1,0,1,0,0,0,0,0,1,0,0,0,0,0,0,0,0,0,0,0,0,0,0,4,0,39.9197,-75.225, , 
 ,32832,2015115129,6,67,67301,2015,10,7,612,6,5,1,0,5,6, , ,N,0,0,0,3,0,0,1,3,N, ,40 01:21.280,75 05:40.716,826, ,824,3,1,4, , ,0,N, , , , ,380085, , , ,3,0,0,0,1,0,2,0,0,0,0,0,0,0,0,0,0,0,0,0,0,0,0,0,0,0,0,0,0,0,0,0,0,0,0,0,0,40.0226,-75.0946, , 
 ,32833,2015130286,6,67,67301,2015,11,5,1816,18,2,2,1,8,1, , ,N,0,0,0,3,0,1,2,2,N,N,40 04:16.224,75 10:46.303,2100, ,2100, ,0, ,N, ,0, , , , , ,380097, , , ,1,0,0,0,0,0,1,0,0,0,0,0,1,1,0,0,0,0,0,0,0,0,0,1,0,0,0,0,0,0,0,0,1,0,0,8,0,40.0712,-75.1795, , 
 ,32834,2016007519,6,67,67301,2015,12,4,2230,22,3,2,1,4,1, , ,N,1,2,0,3,0,1,2,2,N,N,40 02:22.366,75 02:44.910,2323, ,2317, ,0, ,N, ,3, , , , , ,380106, , , ,2,2,0,0,0,0,0,0,0,0,0,1,1,0,1,0,0,0,0,0,0,0,0,0,0,0,0,0,0,0,0,0,0,0,0,4,0,40.0395,-75.0458, , 
 ,32835,2016007547,6,67,67301,2015,12,4,2215,22,3,2,1,4,1, , ,N,1,2,0,3,0,3,3,2,N,N,39 56:28.692,75 12:33.670,2220, ,2220,1,1,2,N, ,3,Y, , , , ,380107, , , ,2,2,0,0,0,0,0,0,0,0,0,3,3,0,0,0,0,0,0,1,0,0,0,0,0,0,0,0,0,0,0,0,0,0,0,4,0,39.9412,-75.2094, , 
 ,32836,2016008158,6,67,67301,2015,12,4,204,2,3,1,0,5,6, , ,N,0,0,0,3,0,0,1,4,N,N,39 57:35.394,75 14:09.968,215, ,212, ,0, ,N, ,0, , , , , ,380108, , , ,4,3,0,0,0,0,0,1,0,0,0,0,0,0,0,0,0,0,0,0,0,0,0,0,0,0,0,0,0,0,0,0,0,0,0,0,0,39.9598,-75.2361, , 
 ,32837,2015128615,6,67,67301,2015,11,7,1630,16,2,2,1,6,1, , ,N,0,0,0,3,0,0,2,2,N, ,40 03:47.295,75 12:01.572,1645, ,1633,2,2,5, , ,0,Y, , , , ,380120, , , ,2,2,0,0,0,0,0,0,0,0,0,0,0,0,0,0,0,0,0,0,1,1,0,0,0,0,0,0,0,0,0,0,0,0,0,0,0,40.0631,-75.2004, , 
 ,32838,2015128714,6,67,67301,2015,11,7,1907,19,3,2,1,1,1, , ,N,2,2,0,3,0,1,7,3,N,N,40 03:47.944,74 59:07.865,1907, ,1907, ,0, , , ,3, , , , , ,380121, , , ,3,1,0,0,0,0,0,2,0,0,0,0,1,1,0,0,0,0,0,0,1,1,0,0,0,0,0,0,0,0,0,0,0,0,0,8,0,40.0633,-74.9855, , 
 ,32839,2015107466,6,67,67301,2015,9,4,600,6,3,1,0,8,1, , ,N,0,0,0,3,0,1,2,2,N,N,39 54:47.803,75 09:00.713,610, ,604,2,1,2, , ,0,Y, , , , ,380158, , , ,1,1,0,0,0,0,0,0,0,0,1,0,1,0,0,0,0,0,0,0,0,0,1,0,0,0,0,0,0,0,0,0,1,0,0,3,0,39.9133,-75.1502, , 
 ,32840,2015109331,6,67,67301,2015,10,7,1450,14,1,1,0,8,1, , ,N,1,3,0,3,0,1,2,2,N,N,40 01:19.344,75 04:35.907,1510, ,1503, ,0, ,N, ,3, , , , , ,380160, , , ,1,1,0,0,0,0,0,0,0,0,0,1,1,0,0,0,0,0,0,0,0,0,0,0,0,0,0,0,0,0,0,0,1,0,0,4,0,40.022,-75.0766, , 
 ,32841,2016000960,6,67,67301,2015,12,7,355,3,3,1,0,1,1, , ,N,5,2,0,3,0,1,2,2,N,N,39 59:52.195,75 06:39.459,1500, ,440, ,0, ,N, ,3, , , , , ,380172, , , ,2,2,0,0,0,0,0,0,0,0,0,1,1,0,0,0,0,0,0,0,0,0,0,1,0,0,0,0,0,0,0,0,0,0,0,4,0,39.9978,-75.111, , 
 ,32842,2016002614,6,67,67301,2015,12,4,1913,19,3,1,0,8,1, , ,N,1,3,0,3,0,1,2,2,N,N,39 56:44.732,75 10:00.371,1920, ,1915, ,0, , , ,3, , , , , ,380173, , , ,1,1,0,0,0,0,0,0,0,0,0,1,1,0,0,0,0,0,0,0,0,0,0,0,0,0,0,0,0,0,0,0,1,0,0,4,0,39.9458,-75.1668, , 
 ,32843,2016007669,6,67,67301,2015,12,6,2219,22,3,1,1,4,1, , ,N,2,2,0,3,0,0,3,2,N,N,40 00:39.310,75 09:51.498,2235, ,2229, ,0, ,N, ,3, , , , , ,380174, , , ,2,2,0,0,0,0,0,0,0,0,0,0,0,0,0,0,0,0,0,0,0,0,0,0,0,0,0,0,0,0,0,0,0,0,0,0,0,40.0109,-75.1643, , 
 ,32844,2015115123,6,67,67301,2015,10,2,730,7,1,1,0,4,1, , ,N,1,2,0,3,0,1,3,2,N, ,40 00:57.319,75 07:46.466,740, ,735, ,0, , , ,3, , , , , ,380186, , , ,2,1,0,0,0,0,1,0,0,0,1,0,1,0,0,0,0,0,0,0,0,1,0,0,0,0,0,0,0,0,0,0,0,0,0,3,0,40.0159,-75.1296, , 
 ,32845,2015117613,6,67,67301,2015,10,4,732,7,1,2,1,7,4, , ,N,0,0,0,3,0,1,1,1,N,N,40 01:38.750,75 11:33.569,830, ,735,2,1,2,N, ,0,N, , , , ,377899, , , ,1,1,0,0,0,0,0,0,0,0,0,1,1,0,0,0,0,0,0,0,0,0,0,0,0,0,0,0,0,0,0,0,0,0,0,4,0,40.0274,-75.1927, , 
 ,32846,2015129989,6,67,67301,2015,11,7,35,0,3,1,0,4,1, , ,N,1,2,2,3,0,2,2,2,N,N,39 58:28.663,75 11:57.118,41, ,38, ,0, ,N, ,3, , , , , ,377912, , , ,2,2,0,0,0,0,0,0,0,0,0,0,2,2,0,0,0,0,1,0,1,0,0,0,0,0,0,0,0,0,0,0,0,0,0,8,0,39.9746,-75.1992, , 
 ,32847,2016007607,6,67,67301,2015,12,3,1850,18,3,2,1,4,1, , ,N,1,2,0,3,0,0,2,2,N, ,40 04:22.410,75 04:33.193,1909, ,1856, ,0, , , ,3, , , , , ,377925, , , ,2,2,0,0,0,0,0,0,0,0,0,0,0,0,0,0,0,0,0,0,0,1,0,0,0,0,0,0,0,0,0,0,0,0,0,0,0,40.0729,-75.0759, , 
 ,32848,2015129045,6,67,67301,2015,11,1,1200,12,1,1,0,4,1, , ,N,2,3,0,3,0,1,3,2,N, ,40 04:36.639,74 58:43.437,1210, ,1205, ,0, , , ,3, , , , , ,377956, , , ,2,2,0,0,0,0,0,0,0,0,0,1,1,0,0,0,0,0,0,0,0,0,1,0,0,0,0,0,0,0,0,0,0,0,0,4,0,40.0768,-74.9787, , 
 ,32849,2015130025,6,67,67301,2015,11,1,308,3,2,1,0,5,6, , ,N,0,0,0,3,0,0,2,3,N,N,39 59:33.414,75 07:43.039,335, ,335, ,0, ,N, ,0, , , , , ,377957, , , ,3,2,0,0,0,0,1,0,0,0,0,0,0,0,1,0,0,0,0,0,0,0,0,1,0,0,0,0,0,0,0,0,0,0,0,9,0,39.9926,-75.1286, , 
 ,32850,2016002517,6,67,67301,2015,12,7,1715,17,3,1,0,8,1, , ,N,0,0,0,3,0,1,2,2,N, ,40 02:19.904,75 08:37.678,1729, ,1729, ,0, , , ,0, , , , , ,377962, , , ,1,1,0,0,0,0,0,0,0,0,0,0,1,1,0,0,0,0,0,0,0,0,0,0,0,0,0,0,0,0,0,0,1,0,0,8,0,40.0389,-75.1438, , 
N,32851,2015125265,6,67,67301,2015,11,4,2305,23,3,1,0,0,1,1,4,Y,0,0,0,3,0,0,1,1,N,N,39 58:29.769,75 07:01.665,2335,45,2306,2,2,1,N, ,0,N,N,N,N,N,377977,N,N,Y,1,1,0,0,0,0,0,0,0,0,0,0,0,0,0,0,0,0,0,0,1,0,0,0,0,0,0,0,0,0,0,0,0,0,0,0,0,39.9749,-75.1171, , 
 ,32852,2015129988,6,67,67301,2015,11,3,1255,12,1,2,1,4,1, , ,N,0,0,7,3,0,2,3,2,N,N,39 57:38.319,75 08:31.526,1305, ,1300,1,1,3,N, ,0,N, , , , ,377981, , , ,2,1,0,0,0,0,1,0,0,0,0,2,2,0,0,0,0,1,0,0,0,0,0,0,0,0,0,0,0,0,0,0,0,0,0,4,0,39.9606,-75.1421, , 
 ,32853,2015117606,6,67,67301,2015,10,3,1625,16,1,1,0,8,1, , ,N,0,0,0,3,0,1,2,2,N,N,40 03:08.262,75 13:40.036,1633, ,1628, ,0, ,N, ,0, , , , , ,377996, , , ,1,1,0,0,0,0,0,0,0,0,0,0,1,1,0,0,0,0,0,0,0,0,0,1,0,0,0,0,0,0,0,0,1,0,0,8,0,40.0523,-75.2278, , 
 ,32854,2015133384,6,67,67301,2015,12,3,2309,23,3,6,1,7,4, , ,N,0,0,0,3,0,0,1,1,N,N,39 58:39.137,75 06:44.946,2347, ,2329,1,1,2,N, ,0,N, , , , ,377997, , , ,1,1,0,0,0,0,0,0,0,0,0,0,0,0,0,0,0,0,0,0,0,0,0,0,0,0,0,0,0,0,0,0,0,0,0,0,0,39.9775,-75.1125, , 
 ,32855,2015092918,6,67,67301,2015,8,3,2150,21,3,1,0,8,1, , ,N,1,3,0,3,0,1,2,2,N,N,40 01:39.432,75 05:46.337,2340, ,2333, ,0, ,N, ,3, , , , , ,378006, , , ,1,0,0,0,0,0,1,0,0,0,0,1,1,0,0,0,0,0,0,0,1,0,0,0,0,0,0,0,0,0,0,0,1,0,0,4,0,40.0276,-75.0962, , 
 ,32856,2015095737,6,67,67301,2015,8,2,1551,15,1,1,0,5,1, , ,N,0,0,0,3,0,1,5,2,N, ,39 56:51.723,75 09:15.901,1708, ,1703, ,0, , , ,0, , , , , ,378011, , , ,2,1,0,0,0,0,0,1,0,0,0,0,1,1,2,0,0,0,0,0,0,0,0,0,0,0,0,0,0,0,0,0,0,0,0,8,0,39.9477,-75.1544, , 
 ,32857,2015101988,6,67,67301,2015,9,2,132,1,3,1,0,7,4, , ,N,0,0,0,3,0,1,1,1,N,N,39 59:57.322,75 11:25.994,134, ,133, ,0, ,N, ,0, , , , , ,378018, , , ,1,1,0,0,0,0,0,0,0,0,0,1,1,0,0,0,0,0,0,0,0,0,0,0,0,0,0,0,0,0,0,0,0,0,0,4,0,39.9993,-75.1906, , 
 ,32858,2015102396,6,67,67301,2015,9,4,1900,19,1,1,0,4,1, , ,N,1,2,0,3,0,1,2,2,N, ,40 02:06.022,75 04:09.823,2015, ,2010, ,0, , , ,3, , , , , ,378020, , , ,2,0,1,0,0,0,0,1,0,0,0,0,1,1,0,0,0,0,0,0,0,0,0,0,0,0,0,0,0,0,0,0,0,0,0,8,0,40.035,-75.0694, , 
 ,32859,2015116150,6,67,67301,2015,10,2,1415,14,1,1,0,1,1, , ,N,0,0,0,3,0,3,8,5,N,N,39 54:18.907,75 11:41.145,1427, ,1426, ,0, ,N, ,0, , , , , ,378032, , , ,5,3,0,0,0,0,2,0,0,0,0,0,3,3,2,0,0,0,0,0,2,1,0,0,0,0,0,0,0,0,0,0,0,0,0,8,0,39.9053,-75.1948, , 
 ,32860,2015114581,6,67,67301,2015,10,4,1609,16,1,1,0,6,1, , ,N,2,0,0,3,0,4,4,2,N,N,40 05:38.900,75 00:10.043,1615, ,1610,2,2,5, , ,0,Y, , , , ,378052, , , ,2,1,0,0,1,0,0,0,0,3,0,0,4,1,0,0,1,0,0,0,0,0,0,0,0,0,0,0,0,0,0,0,0,0,0,2,0,40.0941,-75.0028, , 
 ,32861,2015128547,6,67,67301,2015,11,2,1116,11,1,1,0,5,6, , ,N,0,0,0,3,0,1,2,2,N,N,39 57:35.767,75 14:12.999,1120, ,1117, ,0, ,N, ,0, , , , , ,378063, , , ,2,1,0,0,1,0,0,0,0,0,0,1,1,0,0,0,0,0,0,0,0,0,0,0,0,0,0,0,0,0,0,0,0,0,0,4,0,39.9599,-75.2369, , 
 ,32862,2016007660,6,67,67301,2015,12,2,2150,21,3,2,1,1,1, , ,N,10,2,0,3,0,2,4,2,N,N,39 58:02.906,75 10:51.624,2200, ,2151,2,1,1,N, ,3,N, , , , ,378071, , , ,2,1,0,0,0,0,1,0,0,0,0,2,2,0,0,0,0,0,0,0,0,1,0,0,0,0,0,0,0,0,0,0,0,0,0,4,0,39.9675,-75.181, , 
 ,32863,2015109238,6,67,67301,2015,10,4,1830,18,3,1,0,4,1, , ,N,1,2,0,3,0,1,2,2,N, ,40 02:15.144,75 08:16.569,1910, ,1910, ,0, , , ,3, , , , , ,372350, , , ,1,0,0,0,0,0,1,0,1,0,1,0,1,0,0,0,0,0,0,0,0,0,0,0,0,0,0,0,0,0,0,0,0,0,0,3,0,40.0376,-75.138, , 
 ,32864,2015130320,6,67,67301,2015,11,2,1233,12,1,1,0,1,6, , ,N,0,0,0,3,0,1,1,2,N,N,40 04:22.822,75 03:11.004,1235, ,1233, ,0, ,N, ,0, , , , , ,372369, , , ,2,1,0,0,0,0,1,0,0,0,0,0,1,1,0,0,0,0,0,0,1,0,0,0,0,0,0,0,0,0,0,0,0,0,0,8,0,40.073,-75.0531, , 
N,32865,2015110856,6,67,67301,2015,10,7,655,6,1,1,0,5,1,1,4,Y,0,0,0,3,0,0,3,2,N,N,40 01:15.113,75 02:30.821,703,45,655, ,0, ,N, ,0, ,Y,N,N,N,372380,N,N,Y,2,1,0,0,0,0,1,0,0,0,0,0,0,0,0,0,0,0,0,0,0,0,0,0,0,0,0,0,0,0,0,0,0,0,0,0,0,40.0209,-75.0419, , 
 ,32866,2015115115,6,67,67301,2015,10,5,1429,14,1,1,0,4,1, , ,N,3,2,0,3,0,1,2,2,N,N,39 54:44.913,75 08:17.195,1630, ,1624,3,1,3,N, ,3,N, , , , ,372385, , , ,2,1,0,0,0,1,0,0,0,0,0,1,1,0,0,0,0,0,0,0,0,0,0,0,0,0,0,0,0,0,0,0,0,0,0,4,1,39.9125,-75.1381, , 
 ,32867,2015131325,6,67,67301,2015,12,4,1045,10,1,2,1,1,6, , ,N,0,0,0,3,0,1,3,3,N,N,40 05:55.672,75 02:06.122,1105, ,1100, ,0, ,N, ,0, , , , , ,372396, , , ,3,2,0,0,1,0,0,0,0,0,0,1,1,0,0,0,0,0,0,0,1,0,0,0,0,0,0,0,0,0,0,0,0,0,0,4,0,40.0988,-75.035, , 
 ,32868,2015103327,6,67,67301,2015,9,7,1715,17,1,1,0,4,1, , ,N,1,3,0,3,0,0,4,2,N,N,40 03:57.202,75 10:35.464,1735, ,1726,1,1,1, , ,3,N, , , , ,372405, , , ,2,0,0,0,0,0,2,0,0,0,0,0,0,0,0,0,0,0,0,0,1,0,0,0,0,0,0,0,0,0,0,0,0,0,0,0,0,40.0659,-75.1765, , 
 ,32869,2015109277,6,67,67301,2015,10,7,2350,23,3,2,1,8,1, , ,N,0,2,0,3,0,1,2,2,N,N,40 05:20.116,75 01:15.530,40, ,35,2,1,2,N, ,3,Y, , , , ,372410, , , ,1,0,0,0,0,0,0,1,0,0,0,1,1,0,0,0,0,0,0,0,0,0,0,0,0,0,0,0,0,0,0,0,1,0,0,4,0,40.0889,-75.021, , 
 ,32870,2016013853,6,67,67301,2015,12,5,1311,13,1,1,0,8,1, , ,N,1,2,0,3,0,1,2,2,N, ,40 00:29.434,75 08:33.954,1315, ,1315, ,9, , , ,9, , , , , ,372417, , , ,1,0,0,0,0,0,0,0,0,0,0,1,1,0,1,0,0,0,0,0,0,0,0,0,0,0,0,0,0,0,0,0,1,0,0,4,0,40.0082,-75.1428, , 
 ,32871,2015135875,6,67,67301,2015,12,4,2023,20,3,2,1,5,6, , ,N,0,0,0,3,0,1,1,2,N,N,39 54:58.190,75 10:47.132,2027, ,2023, ,0, ,N, ,0, , , , , ,372423, , , ,2,2,0,0,0,0,0,0,0,0,0,1,1,0,0,0,0,0,0,0,0,0,0,0,0,0,0,0,0,0,0,0,0,0,0,4,0,39.9162,-75.1798, , 
 ,32872,2015114547,6,67,67301,2015,9,3,1433,14,1,1,0,4,1, , ,N,1,2,0,3,0,1,2,2,N,N,39 57:04.915,75 11:56.807,1433, ,1433, ,0, ,N, ,3, , , , , ,372428, , , ,1,1,0,0,0,0,0,0,1,0,0,1,1,0,0,0,0,0,1,0,0,0,0,0,0,0,0,0,0,0,0,0,0,0,0,4,0,39.9514,-75.1991, , 
 ,32873,2015117620,6,67,67301,2015,10,7,0,0,3,1,0,8,1, , ,N,1,2,0,3,0,1,2,2,N,N,39 55:36.045,75 14:08.296,1312, ,1312, ,0, , , ,3, , , , , ,372432, , , ,1,1,0,0,0,0,0,0,0,0,1,0,1,0,0,0,0,0,0,0,0,0,0,1,0,0,0,0,0,0,0,0,1,0,0,3,0,39.9266,-75.2356, , 
 ,32874,2015118144,6,67,67301,2015,10,6,1145,11,1,1,0,4,1, , ,N,1,2,0,3,0,1,2,2,N,N,39 58:57.266,75 13:50.685,1152, ,1148, ,0, ,N, ,3, , , , , ,372434, , , ,1,0,0,0,0,1,0,0,1,0,0,0,1,1,0,0,0,0,0,0,0,0,0,1,0,0,0,0,0,0,0,0,0,0,0,8,1,39.9826,-75.2307, , 
 ,32875,2015118171,6,67,67301,2015,10,4,1924,19,3,1,0,5,6, , ,N,0,0,0,3,0,0,1,3,N,N,40 03:21.389,75 04:31.709,1936, ,1932, ,0, ,N, ,0, , , , , ,372435, , , ,3,2,0,0,1,0,0,0,0,0,0,0,0,0,0,0,0,0,0,0,1,0,0,0,0,0,0,0,0,0,0,0,0,0,0,0,0,40.0559,-75.0755, , 
 ,32876,2015127299,6,67,67301,2015,10,6,1830,18,3,1,0,5,6, , ,N,0,0,0,3,0,1,2,2,N,N,39 58:44.995,75 10:13.811,1930, ,1830, ,0, ,N, ,0, , , , , ,372448, , , ,2,1,0,1,0,0,0,0,0,0,0,1,1,0,0,0,0,0,0,0,0,0,0,0,0,0,0,0,0,0,0,0,0,0,0,4,1,39.9792,-75.1705, , 
 ,32877,2015137019,6,67,67301,2015,11,2,910,9,1,1,0,8,1, , ,N,1,2,0,3,1,2,3,3,N,N,39 56:11.083,75 13:08.439,913, ,913,4,2,6,N,0,3,Y, , , , ,372473, , , ,2,2,0,0,0,0,0,0,0,0,0,0,2,2,0,0,0,0,0,0,0,1,0,0,0,0,0,0,0,0,0,0,1,1,0,1,0,39.9364,-75.219,2, 
 ,32878,2016002388,6,67,67301,2015,12,4,1758,17,3,2,1,2,1, , ,N,0,0,0,3,0,2,3,3,N,N,39 59:31.909,75 11:40.528,1800, ,1758,2,1,5,N, ,0,Y, , , , ,372474, , , ,3,3,0,0,0,0,0,0,0,0,0,0,2,2,0,0,0,0,0,0,1,1,0,0,0,0,0,0,0,0,0,0,0,0,0,8,0,39.9922,-75.1946, , 
 ,32879,2016080940,6,67,67301,2015,10,3,715,7,1,1,0,8,1, , ,N,0,0,0,3,0,1,2,2,N, ,40 01:21.610,75 04:40.026,930, ,739, ,0, , , ,0, , , , , ,372478, , , ,1,0,0,0,0,0,0,0,0,0,0,0,1,1,0,0,0,0,0,0,0,0,0,0,0,0,0,0,0,0,0,0,1,0,0,8,0,40.0227,-75.0778, , 
 ,32880,2015109229,6,67,67301,2015,10,3,2133,21,3,1,0,8,1, , ,N,2,0,0,3,0,1,2,2,N, ,40 08:06.849,75 00:38.030,2143, ,2133, ,0, , , ,0, , , , , ,372483, , , ,1,1,0,0,0,0,0,0,0,0,0,1,1,0,0,0,0,0,0,0,1,0,0,0,0,0,0,0,0,0,0,0,1,0,0,4,0,40.1352,-75.0106, , 
 ,32881,2015131233,6,67,67301,2015,12,3,2238,22,3,2,1,4,1, , ,N,1,2,0,3,0,0,4,2,N,N,39 56:49.128,75 09:52.935,2258, ,2250, ,0, ,N, ,3, , , , , ,375033, , , ,2,2,0,0,0,0,0,0,0,0,0,0,0,0,0,0,0,0,0,0,0,0,0,0,0,0,0,0,0,0,0,0,0,0,0,0,0,39.947,-75.1647, , 
 ,32882,2015097623,6,67,67301,2015,9,2,1143,11,1,1,0,1,1, , ,N,0,0,0,3,0,2,3,3,N,N,39 58:37.712,75 11:56.436,1203, ,1146, ,0, ,N, ,0, , , , , ,375042, , , ,3,1,0,0,0,0,2,0,0,0,0,2,2,0,0,0,0,0,0,0,0,1,0,0,0,0,0,0,0,0,0,0,0,0,0,4,0,39.9771,-75.199, , 
 ,32883,2015088664,6,67,67301,2015,8,2,1710,17,1,1,0,4,1, , ,N,2,3,0,3,0,0,2,2,N,N,40 07:10.776,75 00:31.301,1743, ,1738, ,0, ,N, ,3, , , , , ,375059, , , ,2,2,0,0,0,0,0,0,0,0,0,0,0,0,0,0,0,0,0,0,0,0,0,0,0,0,0,0,0,0,0,0,0,0,0,0,0,40.1197,-75.0087, , 
 ,32884,2015095747,6,67,67301,2015,9,3,630,6,1,1,0,7,4, , ,N,0,0,0,3,0,0,3,2,N,N,40 02:51.805,75 10:17.304,635, ,633,3,2,5,N, ,0,Y, , , , ,375064, , , ,2,0,0,0,0,0,0,2,0,0,0,0,0,0,0,0,0,0,0,0,0,0,0,0,0,0,0,0,0,0,0,0,0,0,0,0,0,40.0477,-75.1715, , 
 ,32885,2015106376,6,67,67301,2015,9,5,817,8,1,1,0,8,1, , ,N,1,2,0,3,0,1,2,2,N, ,40 01:17.655,75 07:27.663,843, ,820, ,0, , , ,3, , , , , ,375074, , , ,1,0,0,0,0,0,1,0,0,0,0,0,1,1,0,0,0,0,0,0,0,0,0,0,0,0,0,0,0,0,0,0,1,0,0,8,0,40.0216,-75.1244, , 
 ,32886,2015115112,6,67,67301,2015,10,7,2319,23,3,1,0,5,1, , ,N,0,0,0,3,0,0,2,2,N,N,39 53:53.415,75 15:12.498,57, ,57, ,0, ,N, ,0, , , , , ,375082, , , ,2,2,0,0,0,0,0,0,0,0,0,0,0,0,0,0,0,0,0,0,0,0,0,0,0,0,0,0,0,0,0,0,0,0,0,0,0,39.8982,-75.2535, , 
 ,32887,2015125388,6,67,67301,2015,11,7,1811,18,3,1,0,1,1, , ,N,0,0,0,3,0,2,6,2,N,N,39 59:47.294,75 11:49.019,1821, ,1817, ,0, ,N, ,0, , , , , ,375087, , , ,2,1,0,0,0,0,1,0,0,0,0,0,2,2,0,0,0,0,0,0,1,0,0,0,0,0,0,0,0,0,0,0,0,0,0,8,0,39.9965,-75.1969, , 
 ,32888,2015128595,6,67,67301,2015,11,7,1830,18,3,1,0,0,1, , ,N,0,0,0,3,0,2,2,3,N,N,39 59:56.900,75 08:02.807,1155, ,1155, ,0, ,N, ,0, , , , , ,375132, , , ,3,2,0,0,0,0,0,0,0,0,0,2,2,0,0,0,0,0,0,0,0,0,0,0,0,0,0,0,0,0,0,0,0,0,0,4,0,39.9991,-75.1341, , 
 ,32889,2015136392,6,67,67301,2015,12,1,105,1,3,1,0,5,1, , ,N,0,0,0,3,0,1,3,2,N,N,39 58:02.337,75 08:31.038,139, ,139, ,0, ,N, ,0, , , , , ,375138, , , ,1,1,0,0,0,0,0,0,1,0,0,1,1,0,1,0,0,0,0,0,0,0,0,0,0,0,0,0,0,0,0,0,0,0,0,4,0,39.9673,-75.142, , 
 ,32890,2016000989,6,67,67301,2015,12,3,2030,20,3,2,1,4,1, , ,N,1,2,0,3,0,2,2,2,N, ,39 58:53.850,75 15:03.725,2135, ,2123, ,0, , , ,3, , , , , ,375139, , , ,2,2,0,0,0,0,0,0,0,0,0,2,2,0,0,0,0,0,0,0,0,0,0,0,0,0,0,0,0,0,0,0,0,0,0,4,0,39.9816,-75.251, , 