wz_ln_closure,objectid_1,crn,district,county,municipality,crash_year,crash_month,day_of_week,time_of_day,hour_of_day,illumination,weather,road_condition,collision_type,relation_to_road,work_zone_type,work_zone_loc,work_zone_ind,intersect_type,tcd_type,location_type,urban_rural,fatal_count,injury_count,person_count,total_units,sch_bus_ind,sch_zone_ind,latitude,longitude,arrival_tm,cons_zone_spd_lim,dispatch_tm,est_hrs_closed,lane_closed,ln_close_dir,ntfy_hiwy_maint,spec_juris_cd,tcd_func_cd,tfc_detour_ind,workers_pres,wz_close_detour,wz_flagger,wz_law_offcr_ind,objectid,wz_moving,wz_other,wz_shlder_mdn,vehicle_count,automobile_count,motorcycle_count,bus_count,small_truck_count,heavy_truck_count,suv_count,van_count,bicycle_count,maj_inj_count,mod_inj_count,min_inj_count,tot_inj_count,unk_inj_deg_count,unk_inj_per_count,driver_count_16yr,driver_count_17yr,driver_count_18yr,driver_count_19yr,driver_count_20yr,driver_count_50_64yr,driver_count_65_74yr,driver_count_75plus,unbelted_occ_count,unb_death_count,unb_maj_inj_count,belted_death_count,belted_maj_inj_count,mcycle_death_count,mcycle_maj_inj_count,bicycle_death_count,bicycle_maj_inj_count,ped_count,ped_death_count,ped_maj_inj_count,max_severity_level,comm_veh_count,dec_lat,dec_long,rdwy_surf_type_cd,county_name
 ,32891,2015124621,6,67,67301,2015,12,3,1019,10,1,2,1,5,1, , ,N,0,0,0,3,0,1,2,2, , ,39 56:55.031,75 12:17.482,1023, ,1021,9,1,7, , ,0,N, , , , ,375167, , , ,2,1,0,0,0,0,1,0,0,0,0,0,1,1,0,0,0,0,0,0,0,1,0,0,0,0,0,0,0,0,0,0,0,0,0,8,0,39.9486,-75.2049, , 
 ,32892,2016002605,6,67,67301,2015,12,7,756,7,1,1,0,4,1, , ,N,1,2,0,3,0,1,2,2,N, ,39 59:13.382,75 07:20.404,808, ,803,9,1,1, , ,3,N, , , , ,375178, , , ,2,1,0,0,0,0,1,0,0,0,0,1,1,0,0,0,0,0,0,0,0,0,0,0,0,0,0,0,0,0,0,0,0,0,0,4,0,39.9871,-75.1223, , 
 ,32893,2015120496,6,67,67301,2015,10,6,1930,19,3,2,1,4,1, , ,N,1,3,0,3,0,1,3,2,N,N,39 57:15.246,75 14:39.951,1955, ,1943, ,0, ,N, ,3, , , , , ,375183, , , ,2,2,0,0,0,0,0,0,0,0,0,1,1,0,0,0,0,0,0,0,1,0,0,0,0,0,0,0,0,0,0,0,0,0,0,4,0,39.9542,-75.2444, , 
 ,32894,2015119458,6,67,67301,2015,11,1,1827,18,3,1,0,7,2, , ,N,0,0,0,3,0,0,6,1,N,N,39 56:18.686,75 11:50.912,1843, ,1829, ,0, ,N, ,0, , , , , ,375197, , , ,1,1,0,0,0,0,0,0,0,0,0,0,0,0,0,0,0,0,0,0,0,0,0,4,0,0,0,0,0,0,0,0,0,0,0,0,0,39.9385,-75.1975, , 
 ,32895,2016007649,6,67,67301,2015,12,7,1619,16,1,1,0,8,1, , ,N,1,3,0,3,0,1,2,2,N,N,40 01:02.528,75 05:25.205,1627, ,1621, ,0, ,N, ,3, , , , , ,375199, , , ,1,1,0,0,0,0,0,0,0,0,0,0,1,1,0,0,0,0,0,0,0,0,0,0,0,0,0,0,0,0,0,0,1,0,0,8,0,40.0174,-75.0903, , 
 ,32896,2015095345,6,67,67301,2015,9,3,1327,13,1,1,0,1,1, , ,N,0,0,0,3,0,2,7,4,N,N,40 01:24.816,75 01:59.165,1410, ,1333,3,1,1,Y, ,0,N, , , , ,375201, , , ,4,3,0,0,0,1,0,0,0,0,0,0,2,2,0,0,0,0,0,0,2,0,0,0,0,0,0,0,0,0,0,0,0,0,0,8,1,40.0236,-75.0331, , 
 ,32897,2015098982,6,67,67301,2015,9,7,830,8,1,1,0,8,1, , ,N,1,3,0,3,0,1,2,2,N,N,40 02:40.423,75 08:40.657,912, ,912, ,0, ,N, ,3, , , , , ,375207, , , ,1,0,0,0,0,0,1,0,0,0,0,0,1,1,0,0,0,0,0,0,0,0,0,0,0,0,0,0,0,0,0,0,1,0,0,8,0,40.0446,-75.1446, , 
 ,32898,2015101983,6,67,67301,2015,9,6,1645,16,1,1,0,8,1, , ,N,0,2,7,3,0,1,2,2,N,N,40 00:29.005,75 11:31.362,1654, ,1649,1,1,2,N, ,3,Y, , , , ,375210, , , ,1,0,0,0,0,0,1,0,0,1,0,0,1,0,0,0,0,0,0,0,1,0,0,0,0,0,0,0,0,0,0,0,1,0,1,2,0,40.0081,-75.192, , 
 ,32899,2016002017,6,67,67301,2015,12,6,1813,18,3,2,1,7,2, , ,N,0,0,0,3,0,0,3,1,N,N,39 57:28.481,75 09:43.737,1822, ,1813,1,1,4,N, ,0,N, , , , ,380203, , , ,1,0,0,0,0,0,1,0,0,0,0,0,0,0,0,0,0,0,1,0,0,0,0,0,0,0,0,0,0,0,0,0,0,0,0,0,0,39.9579,-75.1621, , 
 ,32900,2016002555,6,67,67301,2015,12,5,1857,18,3,8,1,6,1, , ,N,0,0,0,3,0,1,2,2,N,N,39 58:52.036,75 11:58.632,1920, ,1901,2,2,5,N, ,0,Y, , , , ,380206, , , ,2,2,0,0,0,0,0,0,0,0,0,1,1,0,0,0,0,0,0,0,0,0,0,0,0,0,0,0,0,0,0,0,0,0,0,4,0,39.9811,-75.1996, , 
 ,32901,2016016101,6,67,67301,2015,10,7,45,0,3,1,0,4,1, , ,N,1,2,0,3,0,2,3,2,N,N,39 56:25.327,75 14:11.791,0, ,0, ,0, ,N, ,3, , , , , ,380209, , , ,2,1,0,0,0,0,0,0,0,0,0,0,2,2,0,0,0,0,0,0,1,0,0,1,0,0,0,0,0,0,0,0,0,0,0,8,0,39.9404,-75.2366, , 
 ,32902,2016000953,6,67,67301,2015,12,6,550,5,1,1,0,4,1, , ,N,1,2,0,3,0,2,4,2,N,N,40 02:39.088,75 09:45.868,853, ,852,2,1,2, , ,3,N, , , , ,380226, , , ,2,2,0,0,0,0,0,0,0,0,0,2,2,0,0,0,0,0,0,1,0,0,0,0,0,0,0,0,0,0,0,0,0,0,0,4,0,40.0442,-75.1627, , 
 ,32903,2016014380,6,67,67301,2015,11,2,1500,15,1,1,0,1,1, , ,N,0,2,0,3,0,1,2,2,N,N,39 57:43.169,75 09:41.119,0, ,0, ,0, ,N, ,3, , , , , ,380228, , , ,2,1,0,0,0,0,1,0,0,0,0,0,1,1,1,0,0,0,0,0,0,0,0,0,0,0,0,0,0,0,0,0,0,0,0,8,0,39.962,-75.1614, , 
 ,32904,2015102871,6,67,67301,2015,9,2,1207,12,1,1,0,4,1, , ,N,1,3,0,3,0,0,2,3,N, ,39 58:53.796,75 06:40.589,1325, ,1321, ,0, , , ,3, , , , , ,380236, , , ,3,3,0,0,0,0,0,0,0,0,0,0,0,0,2,0,0,0,0,0,0,0,0,0,0,0,0,0,0,0,0,0,0,0,0,9,0,39.9816,-75.1113, , 
 ,32905,2015112267,6,67,67301,2015,10,2,38,0,3,1,0,7,5, , ,N,7,0,0,3,0,0,1,1,N,N,40 00:17.754,75 11:42.699,45, ,40, ,0, ,N, ,0, , , , , ,380244, , , ,1,1,0,0,0,0,0,0,0,0,0,0,0,0,0,0,0,0,0,0,0,0,0,0,0,0,0,0,0,0,0,0,0,0,0,0,0,40.0049,-75.1952, , 
 ,32906,2015115114,6,67,67301,2015,10,1,740,7,1,1,0,4,1, , ,N,1,2,0,3,0,1,2,2,N,N,39 57:21.085,75 11:29.255,835, ,831, ,0, ,N, ,3, , , , , ,380269, , , ,1,1,0,0,0,0,0,0,1,0,0,1,1,0,0,0,0,0,0,0,0,0,0,0,0,0,0,0,0,0,0,0,0,0,0,4,0,39.9558,-75.1915, , 
 ,32907,2015118186,6,67,67301,2015,10,1,320,3,6,2,1,5,6, , ,N,0,0,0,3,0,0,1,2,N, ,40 02:08.904,75 07:32.314,347, ,347, ,0, , , ,0, , , , , ,380273, , , ,2,2,0,0,0,0,0,0,0,0,0,0,0,0,0,0,0,0,0,0,0,0,0,1,0,0,0,0,0,0,0,0,0,0,0,0,0,40.0358,-75.1256, , 
 ,32908,2015120607,6,67,67301,2015,11,6,1730,17,3,1,0,1,1, , ,N,0,0,0,3,0,1,3,3,N,N,40 03:12.113,74 59:12.000,1739, ,1733, ,0, ,N, ,0, , , , , ,380276, , , ,3,1,0,0,0,0,2,0,0,0,0,1,1,0,0,0,0,0,0,0,0,0,0,0,0,0,0,0,0,0,0,0,0,0,0,4,0,40.0534,-74.9867, , 
 ,32909,2016002330,6,67,67301,2015,11,5,1244,12,1,1,0,8,1, , ,N,1,2,0,3,0,1,2,2,N,N,39 59:41.254,75 14:02.558,1252, ,1244, ,0, ,N, ,3, , , , , ,380292, , , ,1,1,0,0,0,0,0,0,0,0,0,0,1,1,0,0,0,0,0,0,0,0,0,1,0,0,0,0,0,0,0,0,1,0,0,8,0,39.9948,-75.234, , 
 ,32910,2016007636,6,67,67301,2015,12,1,925,9,1,1,0,7,1, , ,N,0,0,1,3,0,0,1,1,N,N,40 01:11.184,75 08:55.381,935, ,930, ,0, ,N, ,0, , , , , ,380294, , , ,1,1,0,0,0,0,0,0,0,0,0,0,0,0,1,0,0,0,0,0,0,0,0,0,0,0,0,0,0,0,0,0,0,0,0,9,0,40.0198,-75.1487, , 
 ,32911,2015121053,6,67,67301,2015,10,6,1510,15,1,1,0,8,1, , ,N,0,0,0,3,0,1,2,2,N, ,39 56:10.893,75 13:08.210,1610, ,1607, ,0, , , ,0, , , , , ,380304, , , ,1,0,0,0,0,0,1,0,0,0,0,1,1,0,0,0,0,0,0,0,0,0,0,0,0,0,0,0,0,0,0,0,1,0,0,4,0,39.9364,-75.2189, , 
 ,32912,2015135872,6,67,67301,2015,12,5,1703,17,3,1,0,4,1, , ,N,1,2,0,3,0,0,3,2,N,N,40 01:49.919,75 07:05.462,1840, ,1832, ,0, , , ,3, , , , , ,380311, , , ,2,2,0,0,0,0,0,0,0,0,0,0,0,0,1,0,0,0,0,0,0,0,0,0,0,0,0,0,0,0,0,0,0,0,0,9,0,40.0305,-75.1182, , 
N,32913,2015117947,6,67,67301,2015,10,3,1415,14,1,1,0,0,1,1,4,Y,0,0,0,3,0,1,5,3,N,N,40 01:30.286,75 01:44.659,1451,45,1418,2,1,1,N, ,0,N,Y,N,N,N,380320,N,N,Y,3,1,0,0,1,0,1,0,0,0,0,1,1,0,0,0,0,0,0,0,0,0,0,0,0,0,0,0,0,0,0,0,0,0,0,4,0,40.0251,-75.0291, , 
 ,32914,2015121038,6,67,67301,2015,10,4,1015,10,1,1,0,5,1, , ,N,1,3,0,3,0,1,2,2,N,N,39 56:34.069,75 10:25.946,1120, ,1106, ,0, ,N, ,3, , , , , ,380323, , , ,1,1,0,0,0,0,0,0,1,0,0,1,1,0,0,0,0,0,0,0,0,0,0,1,0,0,0,0,0,0,0,0,0,0,0,4,0,39.9428,-75.1739, , 
 ,32915,2015130128,6,67,67301,2015,11,1,1853,18,3,1,0,4,1, , ,N,1,2,0,3,0,2,4,2,N, ,40 03:27.560,75 02:54.814,1858, ,1853,2,1,3, , ,3,N, , , , ,380333, , , ,2,1,0,0,0,0,1,0,0,0,0,0,2,2,0,0,0,0,0,0,0,0,0,0,0,0,0,0,0,0,0,0,0,0,0,8,0,40.0577,-75.0486, , 
 ,32916,2016000949,6,67,67301,2015,12,7,2120,21,1,1,0,2,1, , ,N,0,0,0,3,0,2,2,2,N, ,40 01:35.002,75 10:10.186,2130, ,2120, ,0, , , ,0, , , , , ,380343, , , ,2,2,0,0,0,0,0,0,0,0,0,0,2,2,0,0,0,0,0,0,2,0,0,2,0,0,0,0,0,0,0,0,0,0,0,8,0,40.0264,-75.1695, , 
 ,32917,2015129985,6,67,67301,2015,11,6,745,7,1,1,0,5,1, , ,N,5,2,2,3,0,1,2,2,N, ,39 55:17.964,75 11:24.722,809, ,807, ,0, , , ,3, , , , , ,380355, , , ,2,0,0,0,0,0,1,0,0,0,0,1,1,0,0,0,0,0,0,0,0,0,0,0,0,0,0,0,0,0,0,0,0,0,0,4,0,39.9217,-75.1902, , 
 ,32918,2015115052,6,67,67301,2015,9,6,1808,18,1,1,0,5,1, , ,N,0,0,0,3,0,1,2,3,N,N,39 57:11.741,75 13:34.580,1820, ,1814, ,0, ,N, ,0, , , , , ,378082, , , ,2,2,0,0,0,0,0,0,1,0,0,0,1,1,0,0,0,0,0,0,0,0,0,1,0,0,0,0,0,0,0,0,0,0,0,8,0,39.9533,-75.2263, , 
 ,32919,2015115024,6,67,67301,2015,10,7,2310,23,3,1,0,8,1, , ,N,1,2,0,3,0,1,2,2,N,N,39 57:11.214,75 12:50.993,2320, ,2318, ,0, ,N, ,3, , , , , ,378107, , , ,1,1,0,0,0,0,0,0,0,0,0,0,1,1,0,0,0,0,0,0,0,0,0,0,0,0,0,0,0,0,0,0,1,0,0,8,0,39.9531,-75.2142, , 
 ,32920,2015117604,6,67,67301,2015,10,4,855,8,1,2,1,8,1, , ,N,2,2,0,3,0,1,2,2,N,N,39 57:05.855,75 09:49.658,920, ,907, ,0, ,N, ,3, , , , , ,378108, , , ,1,1,0,0,0,0,0,0,0,0,0,0,1,1,0,0,0,0,0,0,1,0,0,0,0,0,0,0,0,0,0,0,1,0,0,8,0,39.9516,-75.1637, , 
 ,32921,2015135924,6,67,67301,2015,11,4,820,8,1,1,0,1,6, , ,N,0,0,0,3,0,0,1,3,N, ,39 59:34.813,75 06:49.228,848, ,829, ,0, , , ,0, , , , , ,378123, , , ,3,2,0,0,0,0,0,1,0,0,0,0,0,0,0,0,0,0,0,0,0,0,0,1,0,0,0,0,0,0,0,0,0,0,0,0,0,39.993,-75.1137, , 
 ,32922,2016005583,6,67,67301,2015,12,5,1928,19,3,1,0,8,1, , ,N,2,2,0,3,0,1,2,2,N,N,39 56:59.241,75 12:25.710,1951, ,1928,2,1,3,N, ,2,N, , , , ,378126, , , ,1,1,0,0,0,0,0,0,0,1,0,0,1,0,0,0,0,0,0,0,0,0,0,0,0,0,0,0,0,0,0,0,1,0,1,2,0,39.9498,-75.2071, , 
 ,32923,2015113171,6,67,67301,2015,10,1,1903,19,3,1,0,4,1, , ,N,2,3,0,3,0,3,4,2,N, ,39 56:40.992,75 14:29.104,2115, ,1903, ,0, , , ,3, , , , , ,378137, , , ,2,0,0,0,0,0,2,0,0,0,0,2,3,1,0,0,0,0,0,0,0,0,0,0,0,0,0,0,0,0,0,0,0,0,0,4,0,39.9447,-75.2414, , 
 ,32924,2015134401,6,67,67301,2015,12,1,730,7,1,1,0,1,1, , ,N,0,0,0,3,0,0,4,2,N,N,39 57:19.594,75 10:51.209,746, ,731,2,1,3,N, ,0,N, , , , ,378151, , , ,2,0,0,0,1,1,0,0,0,0,0,0,0,0,0,0,0,0,0,0,0,0,0,0,0,0,0,0,0,0,0,0,0,0,0,0,1,39.9554,-75.1809, , 
 ,32925,2015132934,6,67,67301,2015,12,7,1348,13,1,1,0,1,1, , ,N,0,0,0,3,0,0,10,4,N,N,40 01:13.959,75 02:33.834,1357, ,1355, ,0, ,N, ,0, , , , , ,378166, , , ,4,3,0,0,0,0,1,0,0,0,0,0,0,0,0,0,0,0,0,0,0,0,1,0,0,0,0,0,0,0,0,0,0,0,0,0,0,40.0205,-75.0427, , 
 ,32926,2016002430,6,67,67301,2015,12,1,24,0,3,2,1,8,1, , ,N,1,2,0,3,0,1,2,2,N,N,39 57:14.526,75 10:35.855,30, ,27,1,1,6,N, ,3,N, , , , ,378172, , , ,1,1,0,0,0,0,0,0,0,0,0,1,1,0,0,0,0,0,0,0,0,0,0,0,0,0,0,0,0,0,0,0,1,0,0,4,0,39.954,-75.1767, , 
 ,32927,2016012457,6,67,67301,2015,12,2,9999,99,3,2,1,6,1, , ,N,1,3,0,3,0,0,2,2,N,N,40 01:28.840,75 10:14.087,0, ,9999, ,0, ,N, ,3, , , , , ,378175, , , ,2,2,0,0,0,0,0,0,0,0,0,0,0,0,1,0,0,0,0,1,1,0,0,0,0,0,0,0,0,0,0,0,0,0,0,9,0,40.0247,-75.1706, , 
 ,32928,2015111717,6,67,67301,2015,10,4,752,7,1,1,0,8,1, , ,N,2,2,0,3,0,2,3,3,N,N,40 02:32.276,75 11:21.944,758, ,753, ,0, ,N, ,3, , , , , ,378181, , , ,1,1,0,0,0,0,0,0,0,0,0,0,2,2,0,0,0,0,0,0,0,0,0,0,0,0,0,0,0,0,0,0,2,0,0,8,0,40.0423,-75.1894, , 
 ,32929,2015119948,6,67,67301,2015,11,1,600,6,3,1,0,7,4, , ,N,0,1,5,3,0,1,3,1,N,N,39 54:35.282,75 09:21.680,601, ,600,2,2,4,N, ,3,N, , , , ,378188, , , ,1,0,0,0,0,0,0,1,0,0,0,1,1,0,0,0,0,0,0,0,0,0,0,0,0,0,0,0,0,0,0,0,0,0,0,4,0,39.9098,-75.156, , 
 ,32930,2015130336,6,67,67301,2015,11,2,806,8,1,1,0,4,1, , ,N,1,3,0,3,0,0,17,2,N,N,39 55:38.960,75 11:02.756,806, ,806,2,2,2,N, ,3,Y, , , , ,378193, , , ,2,0,0,1,1,0,0,0,0,0,0,0,0,0,0,0,0,0,0,0,1,0,0,1,0,0,0,0,0,0,0,0,0,0,0,0,1,39.9275,-75.1841, , 
 ,32931,2015135926,6,67,67301,2015,12,4,815,8,1,2,1,4,1, , ,N,1,3,0,3,0,1,2,2,N,N,40 02:49.606,75 04:20.927,848, ,843, ,0, ,N, ,3, , , , , ,378200, , , ,2,0,0,0,0,0,2,0,0,0,0,1,1,0,0,0,0,0,0,0,0,1,0,1,0,0,0,0,0,0,0,0,0,0,0,4,0,40.0471,-75.0725, , 
 ,32932,2015125410,6,67,67301,2015,12,3,2203,22,2,2,1,7,3, , ,N,0,0,0,3,0,0,1,1,N,N,39 57:35.212,75 10:41.016,2236, ,2205,1,1,3,N, ,0,N, , , , ,378209, , , ,1,1,0,0,0,0,0,0,0,0,0,0,0,0,0,0,0,0,0,0,0,0,0,0,0,0,0,0,0,0,0,0,0,0,0,0,0,39.9598,-75.1781, , 
 ,32933,2016002545,6,67,67301,2015,12,7,1700,17,3,1,0,7,4, , ,N,2,0,0,3,0,1,1,1,N,N,39 54:26.280,75 11:16.256,1715, ,1711, ,0, ,N, ,0, , , , , ,378224, , , ,1,1,0,0,0,0,0,0,0,0,0,0,1,1,0,0,0,0,0,0,0,0,1,0,0,0,0,0,0,0,0,0,0,0,0,8,0,39.9073,-75.1878, , 
 ,32934,2016014317,6,67,67301,2015,8,6,930,9,1,1,0,4,1, , ,N,2,0,1,3,0,1,2,2,N,N,39 59:48.793,75 06:45.889,0, ,0, ,0, ,N, ,0, , , , , ,378228, , , ,1,0,0,0,1,0,0,0,1,0,0,1,1,0,0,0,0,0,0,0,0,0,0,0,0,0,0,0,0,0,0,0,0,0,0,4,0,39.9969,-75.1127, , 
 ,32935,2016002342,6,67,67301,2015,12,4,2040,20,3,1,0,8,1, , ,N,1,0,0,3,0,1,2,2,N,N,40 03:52.833,75 10:15.315,2120, ,2107, ,0, ,N, ,0, , , , , ,378238, , , ,1,1,0,0,0,0,0,0,0,0,0,0,1,1,0,0,0,0,0,0,0,0,1,0,0,0,0,0,0,0,0,0,1,0,0,8,0,40.0647,-75.1709, , 
 ,32936,2015115078,6,67,67301,2015,10,3,1618,16,1,1,0,8,1, , ,N,0,0,0,3,0,4,5,2,N,N,40 01:23.700,75 04:36.637,1625, ,1620,2,2,5,N, ,0,Y, , , , ,372488, , , ,1,0,0,1,0,0,0,0,0,0,0,2,4,2,0,0,0,0,0,0,1,0,0,0,0,0,0,0,0,0,0,0,1,0,0,4,1,40.0233,-75.0768, , 
 ,32937,2015117949,6,67,67301,2015,10,7,222,2,3,1,0,1,2, , ,N,0,0,0,3,0,2,2,2,N,N,39 53:24.727,75 13:12.536,234, ,222,2,2,2,N, ,0,N, , , , ,372492, , , ,2,2,0,0,0,0,0,0,0,0,0,0,2,2,0,0,0,0,0,0,0,0,0,0,0,0,0,0,0,0,0,0,0,0,0,8,0,39.8902,-75.2201, , 
 ,32938,2015130037,6,67,67301,2015,11,3,845,8,1,2,1,1,1, , ,N,0,0,0,3,0,2,2,2,N, ,39 55:08.561,75 14:48.643,850, ,849,2,1,1, , ,0,Y, , , , ,372515, , , ,2,1,0,0,0,0,1,0,0,0,0,0,2,2,0,0,0,0,0,0,1,0,0,1,0,0,0,0,0,0,0,0,0,0,0,8,0,39.919,-75.2468, , 
 ,32939,2015133577,6,67,67301,2015,12,1,754,7,1,1,0,7,2, , ,N,0,0,0,3,0,1,1,1,N,N,39 55:24.128,75 08:51.373,816, ,807,2,2,2,N, ,0,N, , , , ,372519, , , ,1,0,0,0,0,0,1,0,0,0,0,0,1,1,0,0,0,0,0,0,0,0,0,0,0,0,0,0,0,0,0,0,0,0,0,8,0,39.9234,-75.1476, , 
 ,32940,2016012834,6,67,67301,2015,5,7,915,9,1,1,0,4,1, , ,N,1,2,0,3,0,1,2,2,N,N,40 00:21.351,75 06:48.588,0, ,0, ,0, ,N, ,3, , , , , ,372527, , , ,2,2,0,0,0,0,0,0,0,0,0,0,1,1,0,0,0,0,0,0,2,0,0,0,0,0,0,0,0,0,0,0,0,0,0,8,0,40.0059,-75.1135, , 
 ,32941,2015105950,6,67,67301,2015,9,3,1715,17,1,1,0,4,1, , ,N,1,2,0,3,0,2,3,2,Y,N,39 54:48.124,75 09:54.367,1724, ,1719, ,0, ,N, ,3, , , , , ,372530, , , ,2,0,0,1,0,0,1,0,0,0,0,2,2,0,0,0,0,0,0,0,1,1,0,0,0,0,0,0,0,0,0,0,0,0,0,4,1,39.9134,-75.1651, , 
 ,32942,2015109253,6,67,67301,2015,10,7,810,8,1,1,0,1,6, , ,N,0,0,0,3,0,1,1,2,N,N,40 04:10.934,75 03:34.588,814, ,812, ,0, ,N, ,0, , , , , ,372531, , , ,2,1,0,0,0,0,1,0,0,0,0,0,1,1,0,0,0,0,0,0,0,0,0,0,0,0,0,0,0,0,0,0,0,0,0,8,0,40.0697,-75.0596, , 
 ,32943,2015117652,6,67,67301,2015,10,3,1958,19,3,1,0,5,1, , ,N,0,0,0,3,0,1,2,3,N,N,39 58:29.751,75 09:37.238,2057, ,2048, ,0, ,N, ,0, , , , , ,372537, , , ,3,2,0,0,0,0,0,0,0,0,0,0,1,1,0,0,0,0,0,1,0,0,0,0,0,0,0,0,0,0,0,0,0,0,0,8,0,39.9749,-75.1603, , 
 ,32944,2015108103,6,67,67301,2015,10,1,1507,15,1,1,0,1,1, , ,N,0,0,0,3,0,0,2,2,N,N,39 57:34.765,75 10:37.474,1512, ,1507, ,0, ,N, ,0, , , , , ,372548, , , ,2,0,0,0,0,0,2,0,0,0,0,0,0,0,0,0,0,0,0,0,1,0,0,0,0,0,0,0,0,0,0,0,0,0,0,0,0,39.9597,-75.1771, , 
 ,32945,2015130217,6,67,67301,2015,11,3,135,1,3,1,0,7,4, , ,N,0,0,0,3,0,1,1,1,N,N,39 54:52.657,75 08:15.993,140, ,137, ,0, ,N, ,0, , , , , ,372560, , , ,1,0,0,0,1,0,0,0,0,0,0,1,1,0,0,0,0,0,0,0,0,0,0,1,0,0,0,0,0,0,0,0,0,0,0,4,0,39.9146,-75.1378, , 
 ,32946,2015130319,6,67,67301,2015,11,3,837,8,1,2,1,6,1, , ,N,0,0,0,3,0,0,2,2,N,N,40 05:26.707,75 03:50.704,839, ,838,2,2,3,N, ,0,Y, , , , ,372561, , , ,2,1,0,0,0,1,0,0,0,0,0,0,0,0,0,0,0,0,0,0,0,0,0,1,0,0,0,0,0,0,0,0,0,0,0,0,1,40.0908,-75.0641, , 
 ,32947,2016007538,6,67,67301,2015,12,5,1725,17,3,2,1,1,1, , ,N,2,0,0,3,0,1,6,2,N,N,40 02:19.179,75 02:39.344,1731, ,1725, ,0, ,N, ,0, , , , , ,372571, , , ,2,0,0,0,0,0,2,0,0,0,0,1,1,0,0,0,0,0,0,0,2,0,0,1,0,0,0,0,0,0,0,0,0,0,0,4,0,40.0387,-75.0443, , 
 ,32948,2015128695,6,67,67301,2015,11,1,125,1,3,1,0,4,1, , ,N,1,2,0,3,0,3,3,2,N,N,39 59:43.871,75 09:14.820,147, ,145,2,1,2,N, ,3,N, , , , ,372590, , , ,2,1,0,0,0,0,1,0,0,0,0,3,3,0,0,0,0,0,0,0,0,0,0,1,0,0,0,0,0,0,0,0,0,0,0,4,0,39.9955,-75.1541, , 
 ,32949,2015116476,6,67,67301,2015,11,6,631,6,1,1,0,1,1, , ,N,0,0,0,3,0,1,3,2,N,N,39 56:44.578,75 11:23.618,646, ,635, ,0, ,N, ,0, , , , , ,372609, , , ,2,1,0,0,0,0,0,1,0,0,0,0,1,1,0,0,0,0,0,0,1,0,0,0,0,0,0,0,0,0,0,0,0,0,0,8,0,39.9457,-75.1899, , 
 ,32950,2015128648,6,67,67301,2015,11,5,1900,19,3,2,1,7,4, , ,N,2,0,0,3,0,3,4,1,N,Y,40 01:36.962,75 05:15.791,1910, ,1904,3,1,1,N, ,0,N, , , , ,372618, , , ,1,1,0,0,0,0,0,0,0,0,0,3,3,0,0,0,0,0,0,1,0,0,0,0,0,0,0,0,0,0,0,0,0,0,0,4,0,40.0269,-75.0877, , 
 ,32951,2016002965,6,67,67301,2015,12,5,1551,15,1,2,1,8,1, , ,N,1,3,0,3,0,1,3,2,N,N,39 55:47.154,75 11:31.397,1625, ,1619, ,0, ,N, ,3, , , , , ,372625, , , ,1,1,0,0,0,0,0,0,0,0,0,1,1,0,2,0,0,0,0,0,0,0,0,0,0,0,0,0,0,0,0,0,1,0,0,4,0,39.9298,-75.1921, , 
 ,32952,2015115263,6,67,67301,2015,11,4,1830,18,3,1,0,1,1, , ,N,0,0,0,3,0,0,4,4,N,N,39 53:55.802,75 10:09.071,1845, ,1836,1,2,1,N, ,0,N, , , , ,372629, , , ,4,1,0,0,0,0,3,0,0,0,0,0,0,0,0,0,0,0,0,0,1,0,0,0,0,0,0,0,0,0,0,0,0,0,0,0,0,39.8988,-75.1692, , 
 ,32953,2016000944,6,67,67301,2015,12,1,130,1,3,1,0,8,1, , ,N,1,2,0,3,0,1,2,2,N,N,39 57:03.938,75 10:19.451,130, ,130, ,0, ,N, ,3, , , , , ,372642, , , ,1,1,0,0,0,0,0,0,0,0,0,1,1,0,0,0,0,0,0,0,0,0,0,1,0,0,0,0,0,0,0,0,1,0,0,4,0,39.9511,-75.1721, , 
 ,32954,2015118179,6,67,67301,2015,10,2,1628,16,1,1,0,4,1, , ,N,1,2,0,3,0,2,4,2,N,N,40 04:08.982,75 00:26.173,1653, ,1647,9,2,4,N, ,3,N, , , , ,375221, , , ,2,1,0,0,0,1,0,0,0,0,0,0,2,2,0,0,0,0,0,1,0,0,0,0,0,0,0,0,0,0,0,0,0,0,0,8,1,40.0692,-75.0073, , 
 ,32955,2015131314,6,67,67301,2015,11,1,1950,19,3,1,0,1,1, , ,N,0,2,0,3,0,1,3,2,N,N,40 03:13.451,75 03:17.295,1953, ,1951,2,2,5,N, ,3,Y, , , , ,375235, , , ,2,1,0,0,0,0,0,1,0,0,0,1,1,0,0,0,0,0,0,0,0,0,0,1,0,0,0,0,0,0,0,0,0,0,0,4,0,40.0537,-75.0548, , 
 ,32956,2016008273,6,67,67301,2015,12,6,2355,23,3,1,0,1,1, , ,N,0,0,0,3,0,0,4,3,N,N,40 02:48.216,75 00:02.841,10, ,2358, ,0, , , ,0, , , , , ,375243, , , ,3,1,0,0,1,0,1,0,0,0,0,0,0,0,0,0,0,0,0,0,0,0,0,0,0,0,0,0,0,0,0,0,0,0,0,0,0,40.0467,-75.0008, , 