wz_ln_closure,objectid_1,crn,district,county,municipality,crash_year,crash_month,day_of_week,time_of_day,hour_of_day,illumination,weather,road_condition,collision_type,relation_to_road,work_zone_type,work_zone_loc,work_zone_ind,intersect_type,tcd_type,location_type,urban_rural,fatal_count,injury_count,person_count,total_units,sch_bus_ind,sch_zone_ind,latitude,longitude,arrival_tm,cons_zone_spd_lim,dispatch_tm,est_hrs_closed,lane_closed,ln_close_dir,ntfy_hiwy_maint,spec_juris_cd,tcd_func_cd,tfc_detour_ind,workers_pres,wz_close_detour,wz_flagger,wz_law_offcr_ind,objectid,wz_moving,wz_other,wz_shlder_mdn,vehicle_count,automobile_count,motorcycle_count,bus_count,small_truck_count,heavy_truck_count,suv_count,van_count,bicycle_count,maj_inj_count,mod_inj_count,min_inj_count,tot_inj_count,unk_inj_deg_count,unk_inj_per_count,driver_count_16yr,driver_count_17yr,driver_count_18yr,driver_count_19yr,driver_count_20yr,driver_count_50_64yr,driver_count_65_74yr,driver_count_75plus,unbelted_occ_count,unb_death_count,unb_maj_inj_count,belted_death_count,belted_maj_inj_count,mcycle_death_count,mcycle_maj_inj_count,bicycle_death_count,bicycle_maj_inj_count,ped_count,ped_death_count,ped_maj_inj_count,max_severity_level,comm_veh_count,dec_lat,dec_long,rdwy_surf_type_cd,county_name
 ,33024,2015109318,6,67,67301,2015,10,3,1130,11,1,1,0,8,6, , ,N,0,0,0,3,0,1,2,2,N,N,40 01:56.288,75 10:08.956,1130, ,1130, ,0, , , ,0, , , , , ,364623, , , ,1,0,0,0,0,0,1,0,0,0,0,1,1,0,0,0,0,0,0,0,0,0,0,0,0,0,0,0,0,0,0,0,1,0,0,4,0,40.0323,-75.1692, , 
 ,33025,2015112112,6,67,67301,2015,10,3,1500,15,1,1,0,7,3, , ,N,2,3,0,3,0,0,2,1,N,N,39 58:20.512,75 09:33.019,1510, ,1509,2,1,2,N, ,3,N, , , , ,364625, , , ,1,0,0,0,1,0,0,0,0,0,0,0,0,0,0,0,0,0,0,0,0,0,0,0,0,0,0,0,0,0,0,0,0,0,0,0,0,39.9724,-75.1592, , 
 ,33026,2016007494,6,67,67301,2015,12,4,1740,17,3,2,1,7,4, , ,N,0,0,0,3,0,3,4,1,N,N,39 54:54.314,75 14:40.831,1800, ,1743, ,0, ,N, ,0, , , , , ,364650, , , ,1,1,0,0,0,0,0,0,0,0,0,0,3,3,0,0,0,0,0,0,0,0,0,0,0,0,0,0,0,0,0,0,0,0,0,8,0,39.9151,-75.2447, , 
 ,33027,2015073701,6,67,67301,2015,7,6,205,2,3,1,0,6,6, , ,N,0,0,0,3,0,1,1,4,N,N,40 05:32.118,75 03:26.517,229, ,219, ,0, ,N, ,0, , , , , ,367202, , , ,4,4,0,0,0,0,0,0,0,0,0,0,1,1,0,0,0,0,0,1,0,0,0,0,0,0,0,0,0,0,0,0,0,0,0,8,0,40.0923,-75.0574, , 
 ,33028,2015084022,6,67,67301,2015,8,2,257,2,3,1,0,7,4, , ,N,0,0,0,3,0,1,1,1,N,N,39 57:25.952,75 09:06.249,313, ,258,1,1,3,N, ,0,N, , , , ,367211, , , ,1,1,0,0,0,0,0,0,0,0,0,1,1,0,0,0,0,0,0,0,0,0,0,1,0,0,0,0,0,0,0,0,0,0,0,4,0,39.9572,-75.1517, , 
 ,33029,2015091147,6,67,67301,2015,8,1,2008,20,3,1,0,5,6, , ,N,0,0,0,3,0,2,3,2,N, ,39 59:13.624,75 10:44.151,120, ,118, ,0, , , ,0, , , , , ,367217, , , ,2,1,0,0,0,1,0,0,0,0,0,0,2,2,0,0,0,0,0,0,0,0,0,0,0,0,0,0,0,0,0,0,0,0,0,8,0,39.9871,-75.1789, , 
 ,33030,2015095767,6,67,67301,2015,8,2,1250,12,1,1,1,1,1, , ,N,1,2,0,3,0,2,25,2,N,N,39 58:20.544,75 09:59.380,1330, ,1320, ,0, ,N, ,3, , , , , ,367222, , , ,2,0,0,1,0,0,0,0,0,0,0,2,2,0,0,0,0,0,0,0,0,0,0,0,0,0,0,0,0,0,0,0,0,0,0,4,1,39.9724,-75.1665, , 
 ,33031,2015119704,6,67,67301,2015,9,7,432,4,3,1,0,1,1, , ,N,10,0,0,3,0,0,1,2,N,N,40 03:52.459,74 59:17.303,432, ,432, ,0, ,N, ,0, , , , , ,367240, , , ,2,1,0,0,0,0,1,0,0,0,0,0,0,0,0,0,0,0,0,0,0,0,0,1,0,0,0,0,0,0,0,0,0,0,0,0,0,40.0646,-74.9881, , 
 ,33032,2016002590,6,67,67301,2015,12,3,1600,16,3,1,1,4,1, , ,N,0,0,7,3,0,0,3,2,N,N,39 59:37.789,75 05:46.575,1625, ,1620, ,0, ,N, ,0, , , , , ,367253, , , ,2,2,0,0,0,0,0,0,0,0,0,0,0,0,0,0,0,0,0,0,1,0,0,0,0,0,0,0,0,0,0,0,0,0,0,0,0,39.9938,-75.0963, , 
 ,33033,2016013588,6,67,67301,2015,12,3,1500,15,1,8,0,5,1, , ,N,0,0,0,3,0,1,2,2,N,N,40 00:16.810,75 07:40.810,0, ,0, ,0, ,N, ,0, , , , , ,367255, , , ,2,1,0,0,0,0,1,0,0,0,0,0,1,1,1,0,0,0,0,0,1,0,0,0,0,0,0,0,0,0,0,0,0,0,0,8,0,40.0047,-75.128, , 
 ,33034,2016050470,6,67,67301,2015,12,2,9999,99,1,1,0,1,1, , ,N,2,4,0,3,0,1,2,2,N,N,39 53:31.043,75 14:31.507,0, ,0, ,0, ,N, ,3, , , , , ,367258, , , ,2,1,0,0,1,0,0,0,0,0,0,0,1,1,0,0,0,0,0,0,1,0,0,1,0,0,0,0,0,0,0,0,0,0,0,8,0,39.8919,-75.2419, , 
 ,33035,2015112133,6,67,67301,2015,10,5,853,8,1,1,0,1,1, , ,N,1,2,0,3,0,4,4,4,N, ,39 53:50.506,75 15:07.793,902, ,854, ,0, , , ,3, , , , , ,367270, , , ,4,1,0,0,0,0,3,0,0,0,0,4,4,0,0,0,0,0,0,0,1,0,0,0,0,0,0,0,0,0,0,0,0,0,0,4,0,39.8974,-75.2522, , 
 ,33036,2015117656,6,67,67301,2015,10,1,1759,17,8,1,0,8,1, , ,N,0,0,0,3,0,1,2,2,N,N,40 01:29.334,75 09:42.800,1809, ,1800, ,0, ,N, ,0, , , , , ,367274, , , ,1,1,0,0,0,0,0,0,0,0,0,1,1,0,0,0,0,0,0,0,0,0,0,0,0,0,0,0,0,0,0,0,1,0,0,4,0,40.0248,-75.1619, , 
 ,33037,2015095225,6,67,67301,2015,8,1,2215,22,6,1,0,4,1, , ,N,1,2,0,3,0,1,2,2,N,N,39 59:30.475,75 11:10.951,2227, ,2215, ,0, ,N, ,3, , , , , ,367294, , , ,2,2,0,0,0,0,0,0,0,0,0,1,1,0,1,0,0,1,0,0,0,0,0,1,0,0,0,0,0,0,0,0,0,0,0,4,0,39.9918,-75.1864, , 
 ,33038,2015105134,6,67,67301,2015,9,6,2036,20,3,1,0,5,6, , ,N,0,0,0,3,0,0,2,2,N, ,40 01:06.142,75 12:40.630,2040, ,2038, ,0, , , ,0, , , , , ,367300, , , ,2,0,0,0,0,0,2,0,0,0,0,0,0,0,0,0,0,0,0,0,0,0,0,0,0,0,0,0,0,0,0,0,0,0,0,0,0,40.0184,-75.2113, , 
 ,33039,2015110336,6,67,67301,2015,10,2,915,9,1,1,0,1,1, , ,N,1,3,0,3,0,0,2,2,N,N,40 03:31.163,75 11:10.557,916, ,916, ,0, ,N, ,3, , , , , ,367306, , , ,2,1,0,0,0,0,1,0,0,0,0,0,0,0,0,0,0,0,0,0,0,0,0,0,0,0,0,0,0,0,0,0,0,0,0,0,0,40.0587,-75.1863, , 
 ,33040,2015125396,6,67,67301,2015,11,4,2219,22,3,1,0,5,2, , ,N,0,0,0,3,0,0,3,2,N,N,39 52:39.757,75 15:08.946,2251, ,2240, ,0, ,N, ,0, , , , , ,367332, , , ,2,2,0,0,0,0,0,0,0,0,0,0,0,0,0,0,0,0,0,0,0,0,0,0,0,0,0,0,0,0,0,0,0,0,0,0,0,39.8777,-75.2525, , 
 ,33041,2015109296,6,67,67301,2015,10,7,240,2,3,2,1,1,1, , ,N,1,2,2,3,0,2,2,2,N,N,40 00:33.068,75 04:08.444,253, ,249, ,0, ,N, ,3, , , , , ,367363, , , ,2,2,0,0,0,0,0,0,0,0,0,2,2,0,0,0,0,0,0,0,0,0,0,0,0,0,0,0,0,0,0,0,0,0,0,4,0,40.0092,-75.069, , 
 ,33042,2015112165,6,67,67301,2015,10,4,1732,17,1,1,0,4,1, , ,N,1,3,0,3,0,1,3,2,N, ,39 59:35.354,75 08:08.984,1735, ,1732, ,0, , , ,3, , , , , ,367364, , , ,2,1,0,0,0,0,0,1,0,0,0,1,1,0,0,0,0,0,0,0,0,0,0,2,0,0,0,0,0,0,0,0,0,0,0,4,0,39.9932,-75.1358, , 
 ,33043,2015115008,6,67,67301,2015,10,1,1420,14,1,1,0,1,1, , ,N,5,2,0,3,0,2,6,2,N,N,40 00:17.614,75 10:42.484,1425, ,1423, ,0, , , ,3, , , , , ,367367, , , ,2,2,0,0,0,0,0,0,0,0,0,1,2,1,0,0,0,0,0,0,0,0,0,1,0,0,0,0,0,0,0,0,0,0,0,4,0,40.005,-75.1786, , 
 ,33044,2015119716,6,67,67301,2015,10,3,1604,16,1,1,0,1,1, , ,N,0,0,0,3,0,2,5,2,N,N,39 57:24.934,75 09:12.666,1611, ,1604, ,0, ,N, ,0, , , , , ,367374, , , ,2,2,0,0,0,0,0,0,0,0,0,1,2,1,0,0,0,0,0,0,0,0,0,0,0,0,0,0,0,0,0,0,0,0,0,4,0,39.9569,-75.1535, , 
 ,33045,2015136358,6,67,67301,2015,12,3,1314,13,1,2,1,8,1, , ,N,2,2,99,3,0,1,3,2,N,N,39 56:58.586,75 11:58.815,1314, ,1314, ,0, ,N, ,3, , , , , ,367384, , , ,1,0,0,0,0,0,0,1,0,0,1,0,1,0,0,0,0,0,0,0,0,0,0,0,0,0,0,0,0,0,0,0,1,0,0,3,0,39.9496,-75.1997, , 
 ,33046,2015058848,6,67,67301,2015,6,2,1437,14,1,1,0,1,1, , ,N,0,0,0,3,0,1,2,2,N,N,39 59:45.298,75 04:58.214,1522, ,1516, ,0, ,N, ,0, , , , , ,358728, , , ,2,0,0,0,0,0,2,0,0,0,0,0,1,1,0,0,0,0,0,0,0,0,0,0,0,0,0,0,0,0,0,0,0,0,0,8,0,39.9959,-75.0828, , 
 ,33047,2015061799,6,67,67301,2015,5,2,1919,19,1,1,0,4,1, , ,N,1,2,0,3,0,2,4,2,N,N,40 01:23.848,75 02:54.126,1925, ,1919, ,0, ,N, ,3, , , , , ,358731, , , ,2,2,0,0,0,0,0,0,0,0,0,2,2,0,0,0,0,0,0,0,0,0,0,0,0,0,0,0,0,0,0,0,0,0,0,4,0,40.0233,-75.0484, , 
 ,33048,2015084416,6,67,67301,2015,8,7,2120,21,3,1,0,5,1, , ,N,1,2,0,3,0,0,3,3,N,N,40 01:43.183,75 12:19.909,2140, ,2136, ,0, ,N, ,3, , , , , ,358748, , , ,3,2,0,0,0,0,1,0,0,0,0,0,0,0,0,0,0,0,0,1,1,0,0,3,0,0,0,0,0,0,0,0,0,0,0,0,0,40.0287,-75.2055, , 
 ,33049,2015087038,6,67,67301,2015,4,2,1645,16,1,1,0,1,1, , ,N,0,0,0,3,0,1,2,2,N,N,40 01:31.772,75 07:31.594,0, ,0, ,0, ,N, ,0, , , , , ,358751, , , ,2,2,0,0,0,0,0,0,0,0,0,1,1,0,0,0,0,0,0,0,0,1,0,0,0,0,0,0,0,0,0,0,0,0,0,4,0,40.0255,-75.1254, , 
 ,33050,2015088780,6,67,67301,2015,8,3,732,7,1,2,7,1,1, , ,N,0,0,0,3,0,1,2,2,N, ,39 56:14.016,75 14:02.140,733, ,732, ,0, , , ,0, , , , , ,358756, , , ,2,2,0,0,0,0,0,0,0,0,0,0,1,1,0,0,0,0,0,0,0,0,0,0,0,0,0,0,0,0,0,0,0,0,0,8,0,39.9372,-75.2339, , 
 ,33051,2015084437,6,67,67301,2015,7,6,1125,11,1,1,0,1,1, , ,N,0,0,0,3,0,2,4,3,N,N,40 05:19.217,75 01:15.437,1131, ,1126,9,1,1,N, ,0,N, , , , ,358763, , , ,3,2,0,0,0,0,1,0,0,0,0,2,2,0,0,0,1,0,0,0,0,0,0,0,0,0,0,0,0,0,0,0,0,0,0,4,0,40.0887,-75.021, , 
 ,33052,2015106204,6,67,67301,2015,10,4,630,6,1,1,0,1,1, , ,N,0,0,0,3,0,2,5,3,N,N,40 02:39.539,75 00:09.667,700, ,642, ,0, ,N, ,0, , , , , ,358777, , , ,3,1,0,0,1,1,0,0,0,0,0,1,2,1,0,0,0,0,0,0,1,0,0,0,0,0,0,0,0,0,0,0,0,0,0,4,1,40.0443,-75.0027, , 
 ,33053,2015060608,6,67,67301,2015,6,2,1433,14,1,1,0,0,1, , ,N,0,0,0,3,0,0,2,2,N,N,39 54:53.699,75 11:22.753,1436, ,1433, ,0, ,N, ,0, , , , , ,358785, , , ,2,1,0,0,0,1,0,0,0,0,0,0,0,0,0,0,0,0,0,0,0,0,1,0,0,0,0,0,0,0,0,0,0,0,0,0,1,39.9149,-75.1897, , 
 ,33054,2015074971,6,67,67301,2015,6,7,1832,18,1,2,7,7,2, , ,N,6,0,0,3,0,0,1,1,N,N,39 54:46.288,75 08:54.073,1840, ,1832, ,0, ,N, ,0, , , , , ,358800, , , ,1,1,0,0,0,0,0,0,0,0,0,0,0,0,0,1,0,0,0,0,0,0,0,0,0,0,0,0,0,0,0,0,0,0,0,0,0,39.9129,-75.1484, , 
 ,33055,2015088757,6,67,67301,2015,8,1,930,9,1,1,0,4,1, , ,N,1,2,0,3,0,1,2,2,N, ,39 57:15.789,75 10:16.899,945, ,535,1,1,4, , ,3,Y, , , , ,358810, , , ,2,1,1,0,0,0,0,0,0,0,0,0,1,1,0,0,0,0,0,0,1,0,0,0,0,0,0,0,0,0,0,0,0,0,0,8,0,39.9544,-75.1714, , 
 ,33056,2015091161,6,67,67301,2015,8,3,1152,11,1,2,1,8,1, , ,N,1,2,0,3,0,1,2,2,N,N,39 58:18.644,75 14:41.701,1155, ,1153,1,1,1,N, ,3,N, , , , ,358812, , , ,1,1,0,0,0,0,0,0,0,0,0,1,1,0,0,0,0,0,0,0,1,0,0,0,0,0,0,0,0,0,0,0,1,0,0,4,0,39.9719,-75.2448, , 
 ,33057,2015093434,6,67,67301,2015,8,7,917,9,1,1,0,4,1, , ,N,1,2,0,3,0,2,3,2,N,N,39 55:45.308,75 10:07.240,920, ,917, ,0, ,N, ,3, , , , , ,358814, , , ,2,2,0,0,0,0,0,0,0,0,0,1,2,1,0,0,0,0,0,0,1,0,0,0,0,0,0,0,0,0,0,0,0,0,0,4,0,39.9293,-75.1686, , 
 ,33058,2015063951,6,67,67301,2015,5,4,1800,18,1,1,0,8,1, , ,N,0,0,0,3,0,1,2,2,N,N,39 57:50.342,75 09:38.261,1810, ,1800, ,0, ,N, ,0, , , , , ,358832, , , ,1,0,0,0,0,0,1,0,0,0,0,1,1,0,0,0,0,0,0,0,0,0,0,0,0,0,0,0,0,0,0,0,1,0,0,4,0,39.964,-75.1606, , 
 ,33059,2015072973,6,67,67301,2015,7,1,2342,23,3,1,0,7,2, , ,N,0,0,2,3,0,1,3,2,N,N,39 57:28.114,75 08:25.402,2357, ,2346,1,1,1,N, ,0,N, , , , ,358839, , , ,2,0,0,0,0,0,2,0,0,0,0,1,1,0,0,0,0,0,0,1,0,0,0,0,0,0,0,0,0,0,0,0,0,0,0,4,0,39.9578,-75.1404, , 
 ,33060,2015073652,6,67,67301,2015,6,7,206,2,3,2,1,7,4, , ,N,0,0,0,3,0,1,1,1,N,N,40 01:45.236,75 11:23.408,210, ,207, ,0, ,N, ,0, , , , , ,358840, , , ,1,1,0,0,0,0,0,0,0,0,0,1,1,0,0,0,0,0,0,0,0,0,0,0,0,0,0,0,0,0,0,0,0,0,0,4,0,40.0292,-75.1898, , 
 ,33061,2015086255,6,67,67301,2015,7,2,1800,18,1,1,0,8,1, , ,N,0,0,0,3,0,1,2,2,N,N,40 01:37.513,75 04:57.406,1822, ,1819, ,0, ,N, ,0, , , , , ,358854, , , ,1,1,0,0,0,0,0,0,0,0,1,0,1,0,0,0,0,0,0,0,1,0,0,0,0,0,0,0,0,0,0,0,1,0,0,3,0,40.0271,-75.0826, , 
 ,33062,2015120508,6,67,67301,2015,10,1,1849,18,3,1,0,4,1, , ,N,1,3,0,3,0,1,4,2,N,N,39 55:56.427,75 11:33.179,1926, ,1920, ,0, ,N, ,3, , , , , ,358912, , , ,2,1,0,0,0,0,1,0,0,0,0,0,1,1,0,0,0,0,0,0,1,0,0,0,0,0,0,0,0,0,0,0,0,0,0,8,0,39.9323,-75.1925, , 
 ,33063,2015127311,6,67,67301,2015,10,3,1230,12,1,1,0,4,1, , ,N,1,2,0,3,0,0,3,3,N,N,39 57:04.568,75 10:01.915,1241, ,1236, ,0, , , ,3, , , , , ,358917, , , ,3,0,0,0,0,0,3,0,0,0,0,0,0,0,0,0,0,0,0,0,1,0,0,0,0,0,0,0,0,0,0,0,0,0,0,0,0,39.9512,-75.167, , 
 ,33064,2015130377,6,67,67301,2015,11,3,1930,19,3,1,0,8,1, , ,N,1,2,0,3,0,1,2,2,N,N,40 02:13.966,75 03:10.861,1941, ,1936, ,0, ,N, ,3, , , , , ,358921, , , ,1,1,0,0,0,0,0,0,0,0,0,0,1,1,1,0,0,0,0,0,0,0,0,0,0,0,0,0,0,0,0,0,1,0,0,8,0,40.0372,-75.053, , 
 ,33065,2015075707,6,67,67301,2015,6,1,1628,16,1,1,0,1,1, , ,N,1,2,8,3,0,1,4,2,N,N,39 56:50.808,75 11:15.478,1633, ,1628, ,0, , , ,3, , , , , ,361716, , , ,2,1,0,0,0,0,1,0,0,0,0,1,1,0,0,0,0,0,0,0,0,1,0,0,0,0,0,0,0,0,0,0,0,0,0,4,0,39.9474,-75.1876, , 
 ,33066,2015092468,6,67,67301,2015,8,5,1155,11,1,1,0,4,1, , ,N,1,2,0,3,0,1,2,2,N, ,39 59:40.590,75 09:35.349,1206, ,1203, ,0, ,N, ,3, , , , , ,361729, , , ,2,1,0,0,0,0,0,1,0,0,0,0,1,1,0,0,0,0,0,0,0,0,0,0,0,0,0,0,0,0,0,0,0,0,0,8,0,39.9946,-75.1598, , 
 ,33067,2015135799,6,67,67301,2015,12,2,1730,17,3,1,0,8,1, , ,N,0,0,0,3,0,1,2,2,N, ,39 58:44.143,75 07:06.790,1735, ,1732, ,0, , , ,0, , , , , ,361760, , , ,1,1,0,0,0,0,0,0,0,1,0,0,1,0,0,0,0,0,0,0,1,0,0,0,0,0,0,0,0,0,0,0,1,0,1,2,0,39.9789,-75.1186, , 
 ,33068,2015118025,6,46,46102,2015,11,6,952,9,1,1,0,4,1, , ,N,2,2,7,3,0,0,2,2,N,N,40 04:21.846,75 09:20.701,1000, ,956, ,0, ,N, ,3, , , , , ,361768, , , ,2,1,0,0,0,0,1,0,0,0,0,0,0,0,0,0,0,0,0,0,0,0,0,0,0,0,0,0,0,0,0,0,0,0,0,0,0,40.0727,-75.1558, , 
 ,33069,2015131304,6,67,67301,2015,11,6,2032,20,3,1,0,4,1, , ,N,1,2,0,3,0,3,6,2,N, ,40 01:38.505,75 05:56.834,2040, ,2033,1,1,2, , ,3,N, , , , ,361780, , , ,2,1,0,0,0,0,1,0,0,0,0,0,3,3,0,0,0,0,0,0,0,0,0,3,0,0,0,0,0,0,0,0,0,0,0,8,0,40.0274,-75.0991, , 
 ,33070,2015133739,6,67,67301,2015,11,5,1520,15,1,2,1,1,1, , ,N,2,0,0,3,0,2,4,2,N,N,40 04:22.889,75 02:11.768,1535, ,1523,1,1,2,N, ,0,N, , , , ,361783, , , ,2,1,0,1,0,0,0,0,0,0,0,2,2,0,0,0,0,0,0,0,1,0,0,0,0,0,0,0,0,0,0,0,0,0,0,4,1,40.073,-75.0366, , 
 ,33071,2015135808,6,67,67301,2015,2,7,2350,23,3,1,0,6,1, , ,N,3,0,0,3,0,0,2,2,N,N,40 02:13.960,75 08:11.320,108, ,108, ,0, ,N, ,0, , , , , ,361786, , , ,2,0,0,0,0,0,0,1,0,0,0,0,0,0,1,0,0,0,0,0,0,0,0,0,0,0,0,0,0,0,0,0,0,0,0,9,0,40.0372,-75.1365, , 
 ,33072,2015136395,6,67,67301,2015,11,1,230,2,8,9,0,7,4, , ,N,1,2,0,3,0,0,1,1,N,N,40 01:47.170,75 06:16.717,248, ,238, ,0, ,N, ,3, , , , , ,361787, , , ,1,0,0,0,0,0,1,0,0,0,0,0,0,0,1,0,0,0,0,0,0,0,0,0,0,0,0,0,0,0,0,0,0,0,0,9,0,40.0298,-75.1043, , 
 ,33073,2016002384,6,67,67301,2015,12,5,245,2,3,1,1,7,5, , ,N,1,2,0,3,0,1,1,1,N,N,40 00:59.814,75 08:49.815,250, ,250, ,0, ,N, ,3, , , , , ,361789, , , ,1,0,0,0,0,0,0,1,0,0,0,1,1,0,0,0,0,0,0,0,0,0,0,0,0,0,0,0,0,0,0,0,0,0,0,4,0,40.0166,-75.1472, , 
 ,33074,2015131788,6,67,67301,2015,12,3,1220,12,1,2,1,4,1, , ,N,2,3,0,3,0,0,3,2,N,N,40 03:09.748,75 09:33.472,1220, ,1220, ,0, ,N, ,3, , , , , ,361819, , , ,2,2,0,0,0,0,0,0,0,0,0,0,0,0,0,0,0,0,0,0,1,0,0,0,0,0,0,0,0,0,0,0,0,0,0,0,0,40.0527,-75.1593, , 
 ,33075,2015103412,6,67,67301,2015,9,3,744,7,1,1,0,4,1, , ,N,1,2,0,3,0,1,3,2,N,N,40 03:23.636,75 02:47.581,749, ,745,1,2,1,N, ,3,Y, , , , ,361827, , , ,2,0,0,0,1,0,1,0,0,0,0,0,1,1,0,0,0,0,0,0,0,1,0,0,0,0,0,0,0,0,0,0,0,0,0,8,0,40.0566,-75.0466, , 
 ,33076,2015106431,6,67,67301,2015,10,7,58,0,3,2,1,8,1, , ,N,1,3,0,3,0,1,2,2,N,N,40 02:39.264,75 09:57.884,102, ,58, ,0, ,N, ,3, , , , , ,361832, , , ,1,1,0,0,0,0,0,0,0,0,0,1,1,0,0,0,0,0,0,0,0,1,0,0,0,0,0,0,0,0,0,0,1,0,0,4,0,40.0442,-75.1661, , 
 ,33077,2015112182,6,67,67301,2015,10,7,2231,22,3,1,0,1,6, , ,N,0,0,0,3,0,0,1,3,N, ,40 00:03.002,75 10:17.205,2233, ,2232,3,2,1, , ,0,Y, , , , ,361840, , , ,3,3,0,0,0,0,0,0,0,0,0,0,0,0,0,0,0,0,0,0,0,0,0,0,0,0,0,0,0,0,0,0,0,0,0,0,0,40.0008,-75.1714, , 
 ,33078,2015095159,6,67,67301,2015,9,6,2038,20,3,1,0,8,1, , ,N,1,2,0,3,0,2,3,3,N, ,40 00:43.542,75 06:43.855,2038, ,2038,2,1,3,N, ,3,N, , , , ,361852, , , ,1,1,0,0,0,0,0,0,0,0,0,0,2,2,0,0,0,0,0,0,0,0,0,0,0,0,0,0,0,0,0,0,2,0,0,8,0,40.0121,-75.1122, , 
 ,33079,2015095208,6,67,67301,2015,9,6,1324,13,1,1,0,4,1, , ,N,0,0,7,3,0,2,2,3,N, ,39 54:31.506,75 13:24.704,1338, ,1324, ,0, , , ,0, , , , , ,361853, , , ,3,3,0,0,0,0,0,0,0,0,2,0,2,0,0,0,0,0,0,0,1,0,0,1,0,0,0,0,0,0,0,0,0,0,0,3,0,39.9088,-75.2235, , 
 ,33080,2015128593,6,67,67301,2015,11,1,948,9,1,1,0,4,1, , ,N,1,2,0,3,0,0,3,2,N,N,39 57:32.119,75 09:24.206,955, ,948, ,0, ,N, ,3, , , , , ,361882, , , ,2,1,0,0,0,0,1,0,0,0,0,0,0,0,0,0,0,0,0,0,1,0,0,3,0,0,0,0,0,0,0,0,0,0,0,0,0,39.9589,-75.1567, , 
 ,33081,2016008619,6,67,67301,2015,12,5,1525,15,1,1,0,5,1, , ,N,0,0,0,3,0,1,5,2,N,N,39 55:33.963,75 10:23.801,1534, ,1532, ,0, ,N, ,0, , , , , ,361889, , , ,2,1,0,0,0,0,1,0,0,0,0,0,1,1,0,0,0,0,0,0,0,2,0,0,0,0,0,0,0,0,0,0,0,0,0,8,0,39.9261,-75.1733, , 
 ,33082,2015102395,6,67,67301,2015,9,1,1250,12,1,1,0,4,1, , ,N,1,2,0,3,0,1,4,2,N,N,40 05:40.346,75 00:54.155,1256, ,1250,1,1,1, , ,3,N, , , , ,361901, , , ,2,0,0,0,0,0,1,1,0,0,0,1,1,0,0,0,0,0,0,0,1,0,0,0,0,0,0,0,0,0,0,0,0,0,0,4,0,40.0946,-75.0152, , 
 ,33083,2016013308,6,67,67301,2015,12,3,710,7,1,1,0,4,1, , ,N,1,2,0,3,0,1,2,2,N,N,40 02:02.652,75 10:35.500,710, ,710, ,0, ,N, ,3, , , , , ,364651, , , ,1,1,0,0,0,0,0,0,1,0,0,0,1,1,0,0,0,0,0,0,1,0,0,0,0,0,0,0,0,0,0,0,0,0,0,8,0,40.0341,-75.1765, , 
 ,33084,2015115124,6,67,67301,2015,10,2,1243,12,1,1,0,1,1, , ,N,0,0,0,3,0,2,3,2,N,N,40 00:10.476,75 08:15.122,1523, ,1458, ,0, ,N, ,0, , , , , ,364655, , , ,2,1,0,0,1,0,0,0,0,0,0,0,2,2,1,0,0,0,0,0,1,0,0,3,0,0,0,0,0,0,0,0,0,0,0,8,0,40.0029,-75.1375, , 
 ,33085,2015117629,6,67,67301,2015,10,2,1319,13,1,1,0,4,1, , ,N,1,0,0,3,0,1,2,2,N,N,39 58:53.950,75 13:34.463,1340, ,1321,2,1,4, , ,0,Y, , , , ,364728, , , ,2,2,0,0,0,0,0,0,0,0,0,0,1,1,0,0,0,0,0,0,0,0,0,1,0,0,0,0,0,0,0,0,0,0,0,8,0,39.9817,-75.2262, , 
 ,33086,2015130000,6,67,67301,2015,11,4,1352,13,1,1,0,4,1, , ,N,1,2,0,3,0,2,4,2,N,N,39 59:47.209,75 06:35.265,1352, ,1352, ,0, ,N, ,3, , , , , ,364791, , , ,2,0,0,0,0,0,2,0,0,0,1,1,2,0,0,0,0,0,0,0,1,0,0,0,0,0,0,0,0,0,0,0,0,0,0,3,0,39.9964,-75.1098, , 
 ,33087,2016013663,6,67,67301,2015,8,3,1600,16,1,1,0,8,1, , ,N,5,2,1,3,0,1,2,2,N,N,39 59:04.943,75 07:56.154,0, ,0, ,0, ,N, ,3, , , , , ,364797, , , ,1,0,0,0,0,0,0,1,0,0,0,0,1,1,0,0,0,0,0,0,0,0,0,0,0,0,0,0,0,0,0,0,1,0,0,8,0,39.9847,-75.1323, , 
 ,33088,2015101671,6,67,67301,2015,9,2,520,5,3,1,0,5,1, , ,N,0,0,0,3,0,2,2,2,N,N,40 02:14.269,75 00:48.052,530, ,521,2,1,2,N, ,0,N, , , , ,364809, , , ,2,1,0,0,1,0,0,0,0,0,2,0,2,0,0,0,0,0,0,0,1,0,0,1,0,0,0,0,0,0,0,0,0,0,0,3,0,40.0373,-75.0133, , 
 ,33089,2015103444,6,67,67301,2015,9,6,2035,20,3,1,0,8,1, , ,N,5,2,0,3,0,1,2,2,N,N,40 00:13.178,75 10:08.095,2053, ,2039, ,0, ,N, ,3, , , , , ,364812, , , ,1,1,0,0,0,0,0,0,0,0,0,1,1,0,0,0,0,0,0,0,0,0,0,0,0,0,0,0,0,0,0,0,1,0,0,4,0,40.0037,-75.1689, , 