wz_ln_closure,objectid_1,crn,district,county,municipality,crash_year,crash_month,day_of_week,time_of_day,hour_of_day,illumination,weather,road_condition,collision_type,relation_to_road,work_zone_type,work_zone_loc,work_zone_ind,intersect_type,tcd_type,location_type,urban_rural,fatal_count,injury_count,person_count,total_units,sch_bus_ind,sch_zone_ind,latitude,longitude,arrival_tm,cons_zone_spd_lim,dispatch_tm,est_hrs_closed,lane_closed,ln_close_dir,ntfy_hiwy_maint,spec_juris_cd,tcd_func_cd,tfc_detour_ind,workers_pres,wz_close_detour,wz_flagger,wz_law_offcr_ind,objectid,wz_moving,wz_other,wz_shlder_mdn,vehicle_count,automobile_count,motorcycle_count,bus_count,small_truck_count,heavy_truck_count,suv_count,van_count,bicycle_count,maj_inj_count,mod_inj_count,min_inj_count,tot_inj_count,unk_inj_deg_count,unk_inj_per_count,driver_count_16yr,driver_count_17yr,driver_count_18yr,driver_count_19yr,driver_count_20yr,driver_count_50_64yr,driver_count_65_74yr,driver_count_75plus,unbelted_occ_count,unb_death_count,unb_maj_inj_count,belted_death_count,belted_maj_inj_count,mcycle_death_count,mcycle_maj_inj_count,bicycle_death_count,bicycle_maj_inj_count,ped_count,ped_death_count,ped_maj_inj_count,max_severity_level,comm_veh_count,dec_lat,dec_long,rdwy_surf_type_cd,county_name
 ,33090,2015106222,6,67,67301,2015,10,1,2030,20,3,1,0,5,1, , ,N,0,0,0,3,0,0,5,3,N,N,39 57:30.407,75 10:02.439,2049, ,2030,1,1,3,N, ,0,N, , , , ,364814, , , ,3,0,0,0,1,0,2,0,0,0,0,0,0,0,0,0,0,0,0,0,2,0,0,0,0,0,0,0,0,0,0,0,0,0,0,0,0,39.9584,-75.1673, , 
 ,33091,2015129042,6,67,67301,2015,11,5,1543,15,1,2,1,4,1, , ,N,1,2,0,3,0,1,2,2,N,N,39 59:03.406,75 14:44.748,1547, ,1545, ,0, ,N, ,3, , , , , ,364838, , , ,2,2,0,0,0,0,0,0,0,0,0,1,1,0,0,0,0,0,0,0,0,0,0,1,0,0,0,0,0,0,0,0,0,0,0,4,0,39.9843,-75.2458, , 
 ,33092,2015131841,6,67,67301,2015,12,7,2310,23,3,1,0,1,1, , ,N,0,0,0,3,0,0,3,3,N,N,39 58:00.642,75 11:15.632,2320, ,2315, ,0, ,N, ,0, , , , , ,364840, , , ,3,2,0,0,0,0,0,1,0,0,0,0,0,0,0,0,0,0,0,0,1,0,0,0,0,0,0,0,0,0,0,0,0,0,0,0,0,39.9668,-75.1877, , 
 ,33093,2015135813,6,67,67301,2015,12,7,1100,11,1,1,0,7,4, , ,N,0,0,0,3,0,1,1,2,N,N,40 03:33.737,74 59:21.424,1107, ,1103, ,0, ,N, ,0, , , , , ,364845, , , ,2,1,0,0,0,0,1,0,0,0,0,0,1,1,0,0,0,0,0,0,0,0,0,0,0,0,0,0,0,0,0,0,0,0,0,8,0,40.0594,-74.9893, , 
 ,33094,2015135905,6,67,67301,2015,12,4,2115,21,3,2,1,1,1, , ,N,0,0,0,3,0,0,2,2,N,N,40 00:58.587,75 10:31.964,2120, ,2115, ,0, , , ,0, , , , , ,364846, , , ,2,2,0,0,0,0,0,0,0,0,0,0,0,0,0,0,0,0,0,0,0,0,0,0,0,0,0,0,0,0,0,0,0,0,0,0,0,40.0163,-75.1755, , 
 ,33095,2016000988,6,67,67301,2015,12,6,1748,17,3,1,0,4,1, , ,N,1,3,0,3,0,1,3,2,N,Y,39 57:56.372,75 12:39.409,1814, ,1811, ,0, ,N, ,3, , , , , ,364849, , , ,2,1,0,0,1,0,0,0,0,0,0,0,1,1,0,0,0,0,0,0,0,0,0,2,0,0,0,0,0,0,0,0,0,0,0,8,0,39.9657,-75.2109, , 
 ,33096,2015127298,6,67,67301,2015,10,7,1320,13,1,1,0,7,5, , ,N,2,3,1,3,0,2,2,1,N,N,40 00:07.398,75 06:11.422,1330, ,1327, ,0, , , ,3, , , , , ,364863, , , ,1,0,0,0,1,0,0,0,0,0,0,2,2,0,0,0,0,0,0,0,0,0,1,0,0,0,0,0,0,0,0,0,0,0,0,4,0,40.0021,-75.1032, , 
 ,33097,2015130034,6,67,67301,2015,11,7,1316,13,1,1,0,5,6, , ,N,0,0,0,3,0,2,5,3,N,N,40 02:54.618,75 11:05.082,1323, ,1319, ,0, ,N, ,0, , , , , ,364866, , , ,3,2,0,0,0,1,0,0,0,0,0,0,2,2,0,0,0,0,0,0,1,0,0,0,0,0,0,0,0,0,0,0,0,0,0,8,1,40.0485,-75.1847, , 
 ,33098,2015130111,6,67,67301,2015,11,2,1415,14,1,1,0,4,1, , ,N,2,0,0,3,0,1,2,2,N, ,39 54:49.741,75 08:51.624,1423, ,1420, ,0, ,N, ,0, , , , , ,364914, , , ,2,1,0,0,0,0,1,0,0,0,0,0,1,1,0,0,0,0,0,0,0,0,0,0,0,0,0,0,0,0,0,0,0,0,0,8,0,39.9137,-75.1477, , 
 ,33099,2016007588,6,67,67301,2015,12,4,1330,13,1,1,0,4,1, , ,N,1,0,0,3,0,1,2,3,N,Y,40 02:21.796,75 07:43.834,1331, ,1330, ,0, ,Y, ,0, , , , , ,364924, , , ,3,3,0,0,0,0,0,0,0,0,1,0,1,0,0,0,0,0,0,0,0,0,0,0,0,0,0,0,0,0,0,0,0,0,0,3,0,40.0394,-75.1288, , 
 ,33100,2016015114,6,67,67301,2015,9,4,1637,16,1,1,0,1,1, , ,N,0,2,0,3,0,1,2,2,N,N,40 01:56.082,75 07:53.432,0, ,0, ,0, ,N, ,3, , , , , ,364926, , , ,2,0,0,0,0,0,1,0,0,0,0,0,1,1,0,0,0,0,0,0,2,0,0,0,0,0,0,0,0,0,0,0,0,0,0,8,0,40.0322,-75.1315, , 
 ,33101,2015130367,6,67,67301,2015,11,6,735,7,1,1,0,1,1, , ,N,0,0,0,3,0,0,2,2,N, ,40 03:19.914,75 02:53.822,742, ,735,9,1,2, , ,0,N, , , , ,364939, , , ,2,1,0,0,0,0,0,1,0,0,0,0,0,0,0,0,0,0,0,0,1,0,0,0,0,0,0,0,0,0,0,0,0,0,0,0,0,40.0553,-75.0483, , 
 ,33102,2015130036,6,67,67301,2015,11,4,1353,13,1,1,0,1,1, , ,N,1,2,0,3,0,2,3,2,N, ,39 54:14.619,75 14:25.049,2035, ,2035, ,0, , , ,3, , , , , ,367407, , , ,2,2,0,0,0,0,0,0,0,0,0,2,2,0,0,0,0,0,0,0,1,0,0,2,0,0,0,0,0,0,0,0,0,0,0,4,0,39.904,-75.2401, , 
 ,33103,2015106407,6,67,67301,2015,10,5,1615,16,4,2,1,1,1, , ,N,2,2,0,3,0,1,2,2,N,N,39 54:57.347,75 14:42.963,1826, ,1814, ,0, , , ,3, , , , , ,367415, , , ,2,1,0,0,0,0,1,0,0,0,0,1,1,0,0,0,0,0,0,0,0,0,0,0,0,0,0,0,0,0,0,0,0,0,0,4,0,39.9159,-75.2453, , 
 ,33104,2015112266,6,67,67301,2015,10,1,1524,15,1,1,0,7,4, , ,N,7,0,2,3,0,1,1,1,N,N,40 00:16.947,75 11:45.335,1527, ,1524, ,0, ,N, ,0, , , , , ,367417, , , ,1,0,1,0,0,0,0,0,0,0,1,0,1,0,0,0,0,0,0,0,0,0,0,0,0,0,0,0,0,0,0,0,0,0,0,3,0,40.0047,-75.1959, , 
 ,33105,2015113179,6,67,67301,2015,10,3,1600,16,1,1,0,8,1, , ,N,1,3,0,3,0,2,3,3,N, ,39 55:52.334,75 09:17.002,1618, ,1616, ,0, , , ,3, , , , , ,367420, , , ,1,0,0,0,0,0,0,0,0,0,0,2,2,0,0,0,0,0,0,0,0,0,0,0,0,0,0,0,0,0,0,0,2,0,0,4,0,39.9312,-75.1547, , 
 ,33106,2015121005,6,67,67301,2015,10,4,1140,11,1,1,0,1,1, , ,N,0,2,0,3,0,3,4,2,N, ,39 56:45.714,75 14:30.100,1210, ,1202, ,0, , , ,3, , , , , ,367429, , , ,2,1,0,0,0,0,1,0,0,0,0,3,3,0,0,0,0,0,0,0,0,0,0,0,0,0,0,0,0,0,0,0,0,0,0,4,0,39.946,-75.2417, , 
 ,33107,2015121051,6,67,67301,2015,10,3,1055,10,1,1,0,1,1, , ,N,0,0,0,3,0,1,3,3,N,N,39 56:49.806,75 11:55.017,1115, ,1105, ,0, ,N, ,0, , , , , ,367430, , , ,3,1,0,1,0,0,0,1,0,0,0,0,1,1,0,0,0,0,0,0,1,0,0,1,0,0,0,0,0,0,0,0,0,0,0,8,1,39.9472,-75.1986, , 
 ,33108,2016007580,6,67,67301,2015,12,2,9999,99,3,2,1,4,1, , ,N,1,3,0,3,0,0,3,2,N,N,39 58:26.407,75 09:18.244,1840, ,1834, ,0, ,N, ,3, , , , , ,367442, , , ,2,1,0,0,0,0,1,0,0,0,0,0,0,0,0,0,0,0,0,0,0,1,0,0,0,0,0,0,0,0,0,0,0,0,0,0,0,39.974,-75.1551, , 
 ,33109,2015117584,6,67,67301,2015,10,1,145,1,3,1,0,5,6, , ,N,0,0,0,3,0,0,1,4,N,N,39 59:04.660,75 08:03.432,250, ,243, ,0, ,N, ,0, , , , , ,367458, , , ,4,1,0,0,0,0,3,0,0,0,0,0,0,0,0,0,0,0,0,0,0,0,0,1,0,0,0,0,0,0,0,0,0,0,0,0,0,39.9846,-75.1343, , 
 ,33110,2015127310,6,67,67301,2015,10,2,908,9,1,1,0,4,1, , ,N,1,3,0,3,0,1,2,2,N,N,40 00:15.714,75 08:17.260,940, ,930, ,0, ,N, ,3, , , , , ,367467, , , ,2,1,0,0,1,0,0,0,0,0,0,0,1,1,0,0,0,0,0,0,0,0,0,2,0,0,0,0,0,0,0,0,0,0,0,8,0,40.0044,-75.1381, , 
 ,33111,2016001000,6,67,67301,2015,12,3,1621,16,3,2,1,1,1, , ,N,0,0,0,3,0,1,3,2,N,N,39 59:36.800,75 05:47.711,2036, ,2026, ,0, ,N, ,0, , , , , ,367479, , , ,2,1,0,0,0,0,0,1,0,0,0,1,1,0,0,0,0,0,0,0,0,1,0,2,0,0,0,0,0,0,0,0,0,0,0,4,0,39.9936,-75.0966, , 
 ,33112,2015109303,6,67,67301,2015,10,6,2055,20,3,2,1,4,1, , ,N,1,3,0,3,0,0,2,2,N,N,40 01:44.695,75 03:56.210,2105, ,2103, ,0, ,N, ,3, , , , , ,367483, , , ,2,1,0,0,0,0,1,0,0,0,0,0,0,0,0,0,0,0,0,0,0,0,0,0,0,0,0,0,0,0,0,0,0,0,0,0,0,40.0291,-75.0656, , 
 ,33113,2015112072,6,67,67301,2015,8,1,1447,14,1,1,0,4,1, , ,N,0,0,0,3,0,0,3,4,N,N,39 57:04.928,75 12:00.369,1447, ,1447, ,0, ,N, ,0, , , , , ,367489, , , ,4,2,0,0,0,0,1,1,0,0,0,0,0,0,0,0,0,0,0,0,0,0,0,0,0,0,0,0,0,0,0,0,0,0,0,0,0,39.9514,-75.2001, , 
 ,33114,2016013633,6,67,67301,2015,12,3,1812,18,3,1,0,1,1, , ,N,0,0,0,3,0,1,2,2,N,N,39 52:35.370,75 15:21.494,0, ,0, ,0, ,N, ,0, , , , , ,367510, , , ,2,1,0,0,0,0,1,0,0,0,1,0,1,0,1,0,0,0,0,0,0,0,0,0,0,0,0,0,0,0,0,0,0,0,0,3,0,39.8765,-75.256, , 
 ,33115,2015115083,6,67,67301,2015,10,5,1453,14,1,1,1,5,1, , ,N,1,2,0,3,0,1,2,2,N,N,39 56:43.472,75 10:47.006,1616, ,1604, ,0, ,N, ,3, , , , , ,367514, , , ,2,1,0,0,0,1,0,0,0,0,0,1,1,0,0,0,0,0,0,0,1,1,0,0,0,0,0,0,0,0,0,0,0,0,0,4,1,39.9454,-75.1797, , 
Y,33116,2015119461,6,67,67301,2015,11,4,1123,11,1,1,0,5,1,1,4,Y,0,0,0,3,0,2,3,2,N,N,40 01:42.501,75 01:23.220,1136,45,1124,1,2,1,N, ,0,Y,Y,N,N,N,367517,N,N,Y,2,2,0,0,0,0,0,0,0,0,0,0,2,2,0,0,0,0,1,0,1,0,0,0,0,0,0,0,0,0,0,0,0,0,0,8,0,40.0285,-75.0231, , 
 ,33117,2015128545,6,67,67301,2015,11,5,1904,19,3,1,1,8,1, , ,N,1,2,0,3,0,1,2,2,N,N,39 57:23.057,75 12:30.428,1928, ,1904, ,0, ,N, ,3, , , , , ,367525, , , ,1,1,0,0,0,0,0,0,0,0,0,1,1,0,0,0,0,0,0,0,0,0,0,1,0,0,0,0,0,0,0,0,1,0,0,4,0,39.9564,-75.2085, , 
 ,33118,2015128673,6,67,67301,2015,11,4,845,8,1,1,0,4,1, , ,N,1,3,0,3,0,1,2,2,N,N,39 55:20.362,75 10:24.589,901, ,901, ,0, , , ,3, , , , , ,367526, , , ,2,2,0,0,0,0,0,0,0,0,0,0,1,1,0,0,0,0,0,0,1,0,1,1,0,0,0,0,0,0,0,0,0,0,0,8,0,39.9223,-75.1735, , 
 ,33119,2015092450,6,67,67301,2015,8,7,10,0,3,1,0,4,1, , ,N,1,2,0,3,0,1,2,2,N, ,39 57:40.702,75 10:30.178,19, ,17,4,2,1, , ,3,Y, , , , ,367535, , , ,1,1,0,0,0,0,0,0,1,1,0,0,1,0,0,0,0,0,0,0,1,0,0,1,0,0,0,0,0,0,0,1,0,0,0,2,0,39.9613,-75.175, , 
 ,33120,2015131221,6,67,67301,2015,12,3,700,7,1,2,1,8,1, , ,N,1,2,0,3,0,1,2,2,N,N,40 00:36.531,75 07:17.602,714, ,710, ,0, ,N, ,3, , , , , ,358922, , , ,1,1,0,0,0,0,0,0,0,0,0,1,1,0,0,0,0,0,0,0,0,0,0,1,0,0,0,0,0,0,0,0,1,0,0,4,0,40.0101,-75.1214, , 
 ,33121,2016012453,6,67,67301,2015,12,2,224,2,3,1,0,6,1, , ,N,0,0,0,3,0,0,5,5,N,N,40 01:45.049,75 06:18.070,230, ,1226, ,0, ,N, ,0, , , , , ,358932, , , ,5,4,0,0,1,0,0,0,0,0,0,0,0,0,0,0,0,0,0,0,0,0,0,0,0,0,0,0,0,0,0,0,0,0,0,0,0,40.0292,-75.105, , 
 ,33122,2015112168,6,67,67301,2015,10,2,1758,17,4,1,0,1,1, , ,N,0,2,0,3,0,1,2,2,N, ,40 02:28.723,75 12:00.567,1812, ,1800,1,1,2, , ,3,N, , , , ,358942, , , ,2,2,0,0,0,0,0,0,0,0,0,0,1,1,0,0,0,0,0,0,1,0,0,0,0,0,0,0,0,0,0,0,0,0,0,8,0,40.0413,-75.2002, , 
 ,33123,2015081130,6,67,67301,2015,7,5,1640,16,1,1,0,4,1, , ,N,1,3,0,3,0,1,2,2,N,N,39 55:06.016,75 09:44.625,1652, ,1646, ,0, ,N, ,3, , , , , ,358958, , , ,1,0,0,0,0,0,1,0,1,0,0,0,1,1,0,0,0,0,0,0,1,0,0,0,0,0,0,0,0,0,0,0,0,0,0,8,0,39.9183,-75.1624, , 
 ,33124,2015095203,6,67,67301,2015,9,4,2042,20,3,1,0,4,1, , ,N,1,2,0,3,0,1,2,2,N,N,39 53:50.506,75 15:07.793,2051, ,2048,3,1,2, , ,3,N, , , , ,358969, , , ,2,1,1,0,0,0,0,0,0,1,0,0,1,0,0,0,0,0,0,0,0,0,0,0,0,0,0,0,0,1,0,0,0,0,0,2,0,39.8974,-75.2522, , 
 ,33125,2015052362,6,67,67301,2015,4,6,2144,21,3,1,0,0,1, , ,N,0,0,0,3,0,1,1,1,N,N,39 59:28.045,75 05:11.480,2207, ,2152,2,1,2,N, ,0,N, , , , ,358985, , , ,1,0,1,0,0,0,0,0,0,0,1,0,1,0,0,0,0,0,0,0,0,0,0,0,0,0,0,0,0,0,0,0,0,0,0,3,0,39.9911,-75.0865, , 
 ,33126,2015106439,6,67,67301,2015,9,5,1522,15,1,1,0,7,4, , ,N,0,0,0,3,0,1,1,1,N,N,39 55:56.295,75 13:08.742,1535, ,1527,2,1,4,N, ,0,N, , , , ,359007, , , ,1,1,0,0,0,0,0,0,0,0,0,0,1,1,0,0,0,0,0,0,0,0,0,0,0,0,0,0,0,0,0,0,0,0,0,8,0,39.9323,-75.2191, , 
 ,33127,2015082852,6,67,67301,2015,7,6,1402,14,1,1,0,1,1, , ,N,0,0,0,3,0,0,2,2,N,N,39 58:19.583,75 11:36.336,1421, ,1409, ,0, ,N, ,0, , , , , ,359030, , , ,2,1,0,0,0,0,1,0,0,0,0,0,0,0,0,0,0,0,0,0,0,0,0,0,0,0,0,0,0,0,0,0,0,0,0,0,0,39.9721,-75.1934, , 
 ,33128,2015098981,6,67,67301,2015,9,3,800,8,1,1,0,1,1, , ,N,0,0,0,3,0,2,9,3,N, ,40 01:37.555,75 07:15.788,2100, ,2100, ,0, , , ,0, , , , , ,359052, , , ,3,1,0,0,0,0,0,2,0,0,0,0,2,2,0,0,0,0,0,0,0,0,0,1,0,0,0,0,0,0,0,0,0,0,0,8,0,40.0271,-75.1211, , 
 ,33129,2015105137,6,67,67301,2015,9,4,1650,16,1,1,0,8,1, , ,N,1,2,0,3,0,1,2,2,N,N,40 00:43.542,75 06:43.855,1715, ,1709, ,0, ,N, ,3, , , , , ,359056, , , ,1,0,0,0,0,0,0,1,0,0,0,1,1,0,0,0,0,0,0,0,0,0,0,0,0,0,0,0,0,0,0,0,1,0,0,4,0,40.0121,-75.1122, , 
 ,33130,2015063517,6,67,67301,2015,4,2,654,6,1,1,0,4,1, , ,N,0,2,7,3,0,2,3,3,N,N,40 07:11.460,75 01:03.043,700, ,657, ,0, ,N, ,3, , , , , ,359059, , , ,3,2,0,0,0,0,1,0,0,0,1,1,2,0,0,0,0,0,0,0,2,0,0,0,0,0,0,0,0,0,0,0,0,0,0,3,0,40.1199,-75.0175, , 
 ,33131,2015073704,6,67,67301,2015,7,7,1610,16,1,1,0,4,1, , ,N,1,2,0,3,0,4,7,2,N,N,40 03:12.900,75 08:29.229,1620, ,1616, ,0, ,N, ,3, , , , , ,359067, , , ,2,2,0,0,0,0,0,0,0,0,0,2,4,2,0,0,0,0,0,0,0,0,0,3,0,0,0,0,0,0,0,0,0,0,0,4,0,40.0537,-75.1414, , 
 ,33132,2015084426,6,67,67301,2015,8,7,1232,12,1,1,0,4,1, , ,N,1,2,0,3,0,6,6,3,N,N,39 56:08.815,75 13:42.823,1233, ,1233,3,1,7, , ,3,Y, , , , ,359072, , , ,3,2,0,0,0,0,1,0,0,0,0,3,6,3,0,0,0,0,0,0,2,0,0,1,0,0,0,0,0,0,0,0,0,0,0,4,0,39.9358,-75.2286, , 
 ,33133,2015092914,6,67,67301,2015,8,1,1800,18,1,1,0,4,1, , ,N,1,2,0,3,0,2,6,2,N, ,40 01:24.018,75 10:44.495,1815, ,1809, ,0, ,N, ,3, , , , , ,359081, , , ,2,2,0,0,0,0,0,0,0,0,0,0,2,2,0,0,0,0,0,0,0,0,0,0,0,0,0,0,0,0,0,0,0,0,0,8,0,40.0233,-75.179, , 
 ,33134,2015096364,6,67,67301,2015,9,4,1436,14,1,1,0,7,4, , ,N,0,0,0,3,0,1,1,2,N,N,39 55:56.951,75 12:00.073,1450, ,1436,1,2,4,N, ,0,N, , , , ,359083, , , ,1,1,0,0,0,0,0,0,0,0,0,0,1,1,0,0,0,0,1,0,0,0,0,0,0,0,0,0,0,0,0,0,0,0,0,8,0,39.9325,-75.2, , 
 ,33135,2016002459,6,67,67301,2015,12,5,1152,11,1,2,1,8,1, , ,N,1,3,0,3,0,1,2,2,N,N,39 55:59.318,75 10:10.243,1255, ,1252, ,0, ,N, ,3, , , , , ,359098, , , ,1,1,0,0,0,0,0,0,0,0,0,0,1,1,0,0,0,0,0,0,0,0,1,0,0,0,0,0,0,0,0,0,1,0,0,8,0,39.9331,-75.1695, , 
 ,33136,2015105544,6,67,67301,2015,9,3,1718,17,1,9,1,8,1, , ,N,1,2,0,3,0,1,2,2,N,N,40 02:27.735,75 10:59.179,1852, ,1847, ,0, ,N, ,3, , , , , ,359111, , , ,1,0,0,0,0,0,0,1,0,0,0,0,1,1,0,0,0,0,0,0,0,0,0,0,0,0,0,0,0,0,0,0,1,0,0,8,0,40.041,-75.1831, , 
 ,33137,2015106462,6,67,67301,2015,9,3,1345,13,1,2,1,4,1, , ,N,1,3,0,3,0,0,1,3,N,N,40 00:51.904,75 05:26.753,1655, ,1644, ,0, ,N, ,3, , , , , ,359113, , , ,3,2,0,0,0,0,1,0,0,0,0,0,0,0,1,0,0,0,0,0,0,0,0,0,0,0,0,0,0,0,0,0,0,0,0,9,0,40.0144,-75.0908, , 
 ,33138,2015115103,6,67,67301,2015,9,3,755,7,1,1,0,4,1, , ,N,1,3,0,3,0,2,3,2,N, ,39 56:59.812,75 13:44.525,815, ,800, ,0, , , ,3, , , , , ,361922, , , ,2,2,0,0,0,0,0,0,0,0,0,2,2,0,0,0,0,0,0,1,1,0,0,0,0,0,0,0,0,0,0,0,0,0,0,4,0,39.9499,-75.229, , 
 ,33139,2015126281,6,67,67301,2015,11,7,1047,10,1,1,0,1,1, , ,N,0,0,2,3,0,1,3,2,N,N,40 01:36.031,75 01:37.289,1500, ,1500, ,0, ,N, ,0, , , , , ,361931, , , ,2,0,0,0,0,0,2,0,0,0,0,0,1,1,0,0,0,0,0,0,1,0,0,0,0,0,0,0,0,0,0,0,0,0,0,8,0,40.0267,-75.027, , 
 ,33140,2015130308,6,67,67301,2015,11,6,1420,14,1,1,0,8,1, , ,N,2,3,0,3,0,1,2,2,N,N,39 54:41.904,75 14:32.598,1424, ,1422, ,0, ,N, ,3, , , , , ,361934, , , ,1,1,0,0,0,0,0,0,0,0,0,0,1,1,0,0,0,0,0,0,0,0,0,1,0,0,0,0,0,0,0,0,1,0,0,8,0,39.9116,-75.2424, , 
 ,33141,2015099102,6,67,67301,2015,9,6,1155,11,1,1,0,5,1, , ,N,0,0,0,3,0,1,2,2,N,N,40 03:23.309,75 02:49.637,1159, ,1156,1,1,2,N, ,0,N, , , , ,361951, , , ,2,2,0,0,0,0,0,0,0,0,0,1,1,0,0,0,0,0,0,0,0,0,0,0,0,0,0,0,0,0,0,0,0,0,0,4,0,40.0565,-75.0471, , 
 ,33142,2015106429,6,67,67301,2015,9,1,2345,23,3,1,0,4,1, , ,N,1,2,0,3,0,2,2,2,N,N,40 01:47.231,75 05:16.817,2355, ,2350,2,1,6,Y, ,3,Y, , , , ,361958, , , ,2,2,0,0,0,0,0,0,0,0,0,1,2,1,0,0,0,0,0,0,0,0,0,0,0,0,0,0,0,0,0,0,0,0,0,4,0,40.0298,-75.088, , 
 ,33143,2015109317,6,67,67301,2015,10,5,1155,11,1,1,0,4,1, , ,N,2,3,0,3,0,1,2,2,N,N,39 59:31.593,75 06:34.431,1158, ,1155, ,0, ,N, ,3, , , , , ,361961, , , ,1,1,0,0,0,0,0,0,1,0,0,1,1,0,0,0,0,0,0,0,0,0,0,0,0,0,0,0,0,0,0,0,0,0,0,4,0,39.9921,-75.1096, , 
 ,33144,2015109328,6,67,67301,2015,10,4,1530,15,1,1,0,4,1, , ,N,1,3,0,3,0,1,4,2,N, ,40 01:23.210,75 07:26.428,1620, ,1620,9,1,1, , ,3,N, , , , ,361962, , , ,2,0,1,0,0,0,0,1,0,0,1,0,1,0,0,0,0,0,0,0,1,0,1,0,0,0,0,0,0,0,0,0,0,0,0,3,0,40.0231,-75.124, , 
 ,33145,2015106433,6,67,67301,2015,9,6,2000,20,3,1,0,8,1, , ,N,0,0,0,3,0,1,2,2,N,N,39 57:43.697,75 14:04.945,2005, ,2001,2,1,5, , ,0,Y, , , , ,361990, , , ,1,1,0,0,0,0,0,0,0,0,0,1,1,0,0,0,0,0,0,0,1,0,0,0,0,0,0,0,0,0,0,0,1,0,0,4,0,39.9621,-75.2347, , 
 ,33146,2015109224,6,67,67301,2015,10,2,823,8,1,1,0,4,1, , ,N,0,0,0,3,0,1,3,2,N,Y,39 55:26.977,75 10:36.293,824, ,823, ,0, , , ,0, , , , , ,361997, , , ,2,2,0,0,0,0,0,0,0,0,0,1,1,0,0,0,0,0,0,0,0,0,0,0,0,0,0,0,0,0,0,0,0,0,0,4,0,39.9242,-75.1767, , 
 ,33147,2015116155,6,67,67301,2015,10,4,1635,16,1,1,0,5,1, , ,N,0,0,0,3,0,1,2,2,N,N,39 55:50.899,75 11:37.598,1640, ,1638, ,0, , , ,0, , , , , ,362008, , , ,1,0,0,0,0,0,0,0,1,0,0,1,1,0,0,0,0,0,0,0,0,0,0,0,0,0,0,0,0,0,0,0,0,0,0,4,0,39.9308,-75.1938, , 
 ,33148,2015127291,6,67,67301,2015,10,4,600,6,3,2,1,4,1, , ,N,0,0,7,3,0,0,2,2,N,N,40 04:04.463,75 01:45.264,615, ,604, ,0, ,N, ,0, , , , , ,362018, , , ,2,1,0,0,1,0,0,0,0,0,0,0,0,0,0,0,0,0,0,0,1,0,0,0,0,0,0,0,0,0,0,0,0,0,0,0,0,40.0679,-75.0292, , 
 ,33149,2015130238,6,67,67301,2015,11,2,930,9,1,1,0,2,1, , ,N,0,0,0,3,0,2,2,2,N, ,40 03:39.367,75 05:01.408,941, ,934, ,0, , , ,0, , , , , ,362020, , , ,2,2,0,0,0,0,0,0,0,0,1,1,2,0,0,0,0,0,0,0,0,0,0,0,0,0,0,0,0,0,0,0,0,0,0,3,0,40.0609,-75.0837, , 
 ,33150,2015131261,6,67,67301,2015,11,2,646,6,1,1,0,1,1, , ,N,5,2,0,3,0,0,3,3,N, ,40 00:32.156,75 04:19.191,822, ,806, ,0, , , ,3, , , , , ,362021, , , ,3,0,0,0,0,1,1,0,0,0,0,0,0,0,0,0,0,0,0,0,0,0,0,1,0,0,0,0,0,0,0,0,0,0,0,0,1,40.0089,-75.0719, , 
 ,33151,2016002363,6,67,67301,2015,12,4,1645,16,1,1,0,8,1, , ,N,1,3,0,3,0,1,2,2,N,N,39 56:18.668,75 09:05.378,1656, ,1650, ,0, ,N, ,3, , , , , ,362026, , , ,1,0,0,0,0,0,1,0,0,0,0,1,1,0,0,0,0,0,0,0,0,0,1,0,0,0,0,0,0,0,0,0,1,0,0,4,0,39.9385,-75.1515, , 
 ,33152,2015104871,6,67,67301,2015,10,2,1807,18,1,1,0,1,1, , ,N,0,0,3,3,0,1,1,2,N,N,39 57:09.590,75 08:56.995,1809, ,1807, ,0, ,N, ,0, , , , , ,362032, , , ,2,2,0,0,0,0,0,0,0,0,0,0,1,1,0,0,0,0,0,0,0,1,0,0,0,0,0,0,0,0,0,0,0,0,0,8,0,39.9527,-75.1492, , 
 ,33153,2015108378,6,67,67301,2015,10,5,738,7,1,1,0,4,1, , ,N,1,2,0,3,0,2,2,2,N,Y,39 57:19.443,75 10:16.111,748, ,740, ,0, ,N, ,3, , , , , ,362037, , , ,2,1,0,0,0,0,1,0,0,0,0,2,2,0,0,0,0,0,0,0,0,0,0,0,0,0,0,0,0,0,0,0,0,0,0,4,0,39.9554,-75.1711, , 
 ,33154,2015083330,6,67,67301,2015,7,3,1700,17,1,1,0,4,1, , ,N,3,2,0,3,0,1,2,2,N,N,39 56:39.527,75 14:40.212,1917, ,1917,2,1,4,N, ,3,Y, , , , ,362041, , , ,2,1,0,0,0,0,0,1,0,0,0,1,1,0,0,0,0,0,0,0,0,0,0,0,0,0,0,0,0,0,0,0,0,0,0,4,0,39.9443,-75.2445, , 
 ,33155,2015088781,6,67,67301,2015,8,3,1150,11,1,2,1,7,4, , ,N,0,0,3,3,0,3,3,1,N, ,39 55:11.279,75 12:08.074,1200, ,1153,1,1,4, , ,0,N, , , , ,362044, , , ,1,0,0,0,0,0,1,0,0,0,0,3,3,0,0,0,0,0,0,0,1,0,0,0,0,0,0,0,0,0,0,0,0,0,0,4,0,39.9198,-75.2022, , 