wz_ln_closure,objectid_1,crn,district,county,municipality,crash_year,crash_month,day_of_week,time_of_day,hour_of_day,illumination,weather,road_condition,collision_type,relation_to_road,work_zone_type,work_zone_loc,work_zone_ind,intersect_type,tcd_type,location_type,urban_rural,fatal_count,injury_count,person_count,total_units,sch_bus_ind,sch_zone_ind,latitude,longitude,arrival_tm,cons_zone_spd_lim,dispatch_tm,est_hrs_closed,lane_closed,ln_close_dir,ntfy_hiwy_maint,spec_juris_cd,tcd_func_cd,tfc_detour_ind,workers_pres,wz_close_detour,wz_flagger,wz_law_offcr_ind,objectid,wz_moving,wz_other,wz_shlder_mdn,vehicle_count,automobile_count,motorcycle_count,bus_count,small_truck_count,heavy_truck_count,suv_count,van_count,bicycle_count,maj_inj_count,mod_inj_count,min_inj_count,tot_inj_count,unk_inj_deg_count,unk_inj_per_count,driver_count_16yr,driver_count_17yr,driver_count_18yr,driver_count_19yr,driver_count_20yr,driver_count_50_64yr,driver_count_65_74yr,driver_count_75plus,unbelted_occ_count,unb_death_count,unb_maj_inj_count,belted_death_count,belted_maj_inj_count,mcycle_death_count,mcycle_maj_inj_count,bicycle_death_count,bicycle_maj_inj_count,ped_count,ped_death_count,ped_maj_inj_count,max_severity_level,comm_veh_count,dec_lat,dec_long,rdwy_surf_type_cd,county_name
 ,33156,2015117645,6,67,67301,2015,10,6,2130,21,3,1,0,1,1, , ,N,1,2,0,3,0,1,2,2,N,N,40 03:27.061,75 08:57.497,2140, ,2135, ,0, ,N, ,3, , , , , ,364950, , , ,2,1,0,0,0,0,1,0,0,0,0,1,1,0,0,0,0,0,0,0,0,0,0,1,0,0,0,0,0,0,0,0,0,0,0,4,0,40.0575,-75.1493, , 
 ,33157,2015129053,6,67,67301,2015,11,5,1211,12,1,2,1,4,1, , ,N,1,2,0,3,0,0,2,2,N,N,40 04:51.077,75 01:43.585,1220, ,1211,1,1,2, , ,3,N, , , , ,364960, , , ,2,1,0,0,1,0,0,0,0,0,0,0,0,0,0,0,0,0,0,0,1,0,0,0,0,0,0,0,0,0,0,0,0,0,0,0,0,40.0809,-75.0288, , 
 ,33158,2016002329,6,67,67301,2015,12,7,216,2,3,1,0,7,4, , ,N,0,0,0,3,0,2,2,1,N, ,40 00:14.110,75 10:50.316,235, ,216, ,0, , , ,0, , , , , ,364971, , , ,1,1,0,0,0,0,0,0,0,0,1,0,2,1,0,0,0,0,0,0,0,0,0,2,0,0,0,0,0,0,0,0,0,0,0,3,0,40.0039,-75.1806, , 
 ,33159,2016002588,6,67,67301,2015,12,1,303,3,3,1,0,5,1, , ,N,1,2,0,3,0,0,3,2,N,N,39 57:40.557,75 14:05.578,540, ,536, ,0, ,N, ,3, , , , , ,364972, , , ,2,2,0,0,0,0,0,0,0,0,0,0,0,0,0,0,0,0,0,0,0,0,0,0,0,0,0,0,0,0,0,0,0,0,0,0,0,39.9612,-75.2349, , 
 ,33160,2016014041,6,67,67301,2015,12,5,2250,22,3,1,0,4,1, , ,N,1,2,0,3,0,1,2,2,N,N,39 55:54.717,75 09:39.707,2257, ,9999, ,0, ,N, ,3, , , , , ,364973, , , ,1,1,0,0,0,0,0,0,1,0,0,0,1,1,0,0,0,0,0,0,0,0,0,0,0,0,0,0,0,0,0,0,0,0,0,8,0,39.9319,-75.161, , 
 ,33161,2016000946,6,67,67301,2015,12,5,937,9,1,8,1,4,1, , ,N,1,3,0,3,0,2,2,2,N,N,40 04:44.436,75 04:48.651,943, ,940,2,1,7,N, ,3,N, , , , ,364979, , , ,2,1,0,0,0,0,0,1,0,0,0,1,2,1,0,0,0,0,0,0,0,1,0,0,0,0,0,0,0,0,0,0,0,0,0,4,0,40.079,-75.0802, , 
 ,33162,2015120510,6,67,67301,2015,10,4,1000,10,1,2,1,8,6, , ,N,0,0,0,3,0,1,2,2,N,N,39 57:26.599,75 09:45.162,1335, ,1330, ,0, ,N, ,0, , , , , ,364982, , , ,1,0,0,0,0,0,1,0,0,0,1,0,1,0,1,0,0,0,0,0,0,0,0,0,0,0,0,0,0,0,0,0,1,0,0,3,0,39.9574,-75.1625, , 
 ,33163,2015130134,6,67,67301,2015,11,5,1030,10,1,2,1,7,3, , ,N,0,0,0,3,0,1,2,1,N,N,40 01:35.377,75 11:36.834,1042, ,1032, ,0, ,N, ,0, , , , , ,364988, , , ,1,1,0,0,0,0,0,0,0,0,0,1,1,0,0,1,0,0,0,0,0,0,0,0,0,0,0,0,0,0,0,0,0,0,0,4,0,40.0265,-75.1936, , 
 ,33164,2016000935,6,67,67301,2015,12,5,740,7,1,1,1,1,1, , ,N,0,0,0,3,0,4,6,3,N,N,40 05:14.481,75 02:07.443,750, ,742,2,1,1, , ,0,N, , , , ,364993, , , ,3,0,0,0,1,0,2,0,0,0,0,0,4,4,0,0,0,0,0,0,2,0,0,0,0,0,0,0,0,0,0,0,0,0,0,8,0,40.0874,-75.0354, , 
 ,33165,2015120516,6,67,67301,2015,10,5,1450,14,1,1,0,1,1, , ,N,0,0,0,3,0,1,2,2,N,N,39 58:17.106,75 07:32.564,1451, ,1450, ,0, ,N, ,0, , , , , ,365002, , , ,1,1,0,0,0,0,0,0,1,0,0,0,1,1,0,0,0,0,0,0,0,0,0,1,0,0,0,0,0,0,0,0,0,0,0,8,0,39.9714,-75.1257, , 
 ,33166,2015135895,6,67,67301,2015,11,3,1200,12,1,1,0,2,1, , ,N,0,0,0,3,0,0,2,2,N, ,40 00:10.436,75 07:27.675,1206, ,1202, ,0, , , ,0, , , , , ,365012, , , ,2,2,0,0,0,0,0,0,0,0,0,0,0,0,0,0,0,0,0,0,0,0,0,0,0,0,0,0,0,0,0,0,0,0,0,0,0,40.0029,-75.1244, , 
 ,33167,2016016053,6,67,67301,2015,10,4,925,9,1,1,0,1,1, , ,N,0,0,0,3,0,1,2,2,N,N,39 58:42.478,75 06:38.579,0, ,0, ,0, ,N, ,0, , , , , ,365017, , , ,2,1,0,0,0,0,0,0,0,0,0,0,1,1,0,0,0,0,0,0,0,0,0,1,0,0,0,0,0,0,0,0,0,0,0,8,0,39.9785,-75.1107, , 
 ,33168,2015080261,6,67,67301,2015,7,1,125,1,3,1,0,5,6, , ,N,0,0,0,3,0,1,1,4,N, ,39 59:41.240,75 06:18.108,126, ,125, ,0, ,N, ,0, , , , , ,365068, , , ,4,3,0,0,0,0,1,0,0,0,1,0,1,0,0,0,0,0,0,0,0,0,0,0,0,0,0,0,0,0,0,0,0,0,0,3,0,39.9948,-75.105, , 
 ,33169,2015128715,6,67,67301,2015,11,3,1145,11,1,1,0,4,1, , ,N,1,2,0,3,0,1,3,2,N,N,39 56:58.740,75 09:37.407,1147, ,1146, ,0, ,N, ,3, , , , , ,365081, , , ,2,1,0,0,0,0,1,0,0,0,0,1,1,0,0,0,0,0,0,0,0,0,1,2,0,0,0,0,0,0,0,0,0,0,0,4,0,39.9497,-75.1604, , 
 ,33170,2015130096,6,67,67301,2015,11,4,1040,10,1,1,0,4,1, , ,N,1,2,0,3,0,1,2,2,N,N,39 55:31.449,75 10:39.476,1045, ,1042, ,0, ,N, ,3, , , , , ,365086, , , ,2,1,0,0,0,0,1,0,0,0,0,1,1,0,0,0,0,0,0,0,1,0,0,0,0,0,0,0,0,0,0,0,0,0,0,4,0,39.9254,-75.1775, , 
 ,33171,2016000994,6,67,67301,2015,12,2,1615,16,3,2,1,8,1, , ,N,1,0,0,3,0,1,2,2,N,N,39 58:40.542,75 10:11.158,1824, ,1819, ,0, ,N, ,0, , , , , ,365094, , , ,1,1,0,0,0,0,0,0,0,0,1,0,1,0,1,0,0,0,0,0,0,0,0,0,0,0,0,0,0,0,0,0,1,0,0,3,0,39.978,-75.1698, , 
 ,33172,2016002540,6,67,67301,2015,12,2,1109,11,1,2,1,4,1, , ,N,0,0,0,3,0,1,3,2,N,N,40 03:09.417,75 08:03.778,127, ,123, ,0, ,N, ,0, , , , , ,365096, , , ,2,1,0,1,0,0,0,0,0,0,0,1,1,0,0,0,0,0,0,0,1,0,0,0,0,0,0,0,0,0,0,0,0,0,0,4,1,40.0526,-75.1344, , 
 ,33173,2015131285,6,67,67301,2015,12,3,820,8,1,2,1,6,1, , ,N,0,0,0,3,0,1,3,2,N, ,39 53:35.292,75 13:24.815,949, ,938,3,1,3, , ,0,N, , , , ,365103, , , ,2,2,0,0,0,0,0,0,0,0,0,1,1,0,0,0,0,0,0,0,0,0,0,0,0,0,0,0,0,0,0,0,0,0,0,4,0,39.8931,-75.2236, , 
 ,33174,2015095679,6,67,67301,2015,9,7,1415,14,1,1,0,4,1, , ,N,1,2,1,3,0,0,2,2,N,N,39 55:36.102,75 11:15.812,1420, ,1415,9,1,3, , ,3,N, , , , ,367536, , , ,2,2,0,0,0,0,0,0,0,0,0,0,0,0,0,0,0,0,0,0,1,0,0,0,0,0,0,0,0,0,0,0,0,0,0,0,0,39.9267,-75.1879, , 
 ,33175,2015096335,6,67,67301,2015,9,4,800,8,1,1,0,1,1, , ,N,0,0,0,3,0,0,5,3,N,N,40 00:23.840,75 11:55.499,819, ,800,1,1,3,N, ,0,N, , , , ,367537, , , ,3,1,0,0,0,0,1,1,0,0,0,0,0,0,0,0,0,0,0,0,2,0,0,0,0,0,0,0,0,0,0,0,0,0,0,0,0,40.0066,-75.1987, , 
 ,33176,2015105146,6,67,67301,2015,9,3,845,8,3,1,0,4,1, , ,N,1,2,0,3,0,2,3,3,N,N,39 54:20.727,75 11:38.377,850, ,845,2,1,5,N, ,3,Y, , , , ,367548, , , ,3,2,0,0,0,0,1,0,0,0,1,1,2,0,0,0,0,0,0,0,1,1,0,2,0,0,0,0,0,0,0,0,0,0,0,3,0,39.9057,-75.1938, , 
 ,33177,2015130031,6,67,67301,2015,11,5,705,7,1,1,0,8,1, , ,N,1,3,0,3,0,1,2,2,N,N,39 57:53.649,75 09:33.990,750, ,748, ,0, ,N, ,3, , , , , ,367567, , , ,1,1,0,0,0,0,0,0,0,0,0,1,1,0,0,0,0,0,0,0,0,0,0,1,0,0,0,0,0,0,0,0,1,0,0,4,0,39.9649,-75.1594, , 
 ,33178,2016001006,6,67,67301,2015,12,6,2300,23,3,1,0,4,1, , ,N,1,3,0,3,0,1,2,2,N,N,39 58:48.129,75 07:26.075,20, ,14, ,0, ,N, ,3, , , , , ,367573, , , ,2,2,0,0,0,0,0,0,0,0,0,1,1,0,0,0,0,0,0,0,1,0,0,0,0,0,0,0,0,0,0,0,0,0,0,4,0,39.98,-75.1239, , 
 ,33179,2016013128,6,67,67301,2015,6,3,1800,18,1,1,0,4,1, , ,N,1,3,0,3,0,1,2,2,N,N,40 01:15.553,75 09:50.223,0, ,0, ,0, ,N, ,3, , , , , ,367575, , , ,2,2,0,0,0,0,0,0,0,0,1,0,1,0,1,0,0,0,0,0,1,0,1,0,0,0,0,0,0,0,0,0,0,0,0,3,0,40.021,-75.164, , 
 ,33180,2016006029,6,67,67301,2015,12,7,758,7,1,1,0,4,1, , ,N,1,2,0,3,0,1,4,2,N, ,40 02:43.859,75 05:17.937,800, ,759,1,1,3, , ,3,N, , , , ,367583, , , ,2,0,0,0,0,0,2,0,0,0,0,1,1,0,0,0,0,0,0,0,1,0,1,0,0,0,0,0,0,0,0,0,0,0,0,4,0,40.0455,-75.0883, , 
 ,33181,2015120609,6,67,67301,2015,11,1,1915,19,3,1,0,7,2, , ,N,0,8,0,3,0,0,2,3,N,N,39 53:54.090,75 10:57.573,1924, ,1917,2,2,2,N, ,3,N, , , , ,367596, , , ,2,2,0,0,0,0,0,0,0,0,0,0,0,0,0,0,0,0,0,0,0,1,0,0,0,0,0,0,0,0,0,0,0,0,0,0,0,39.8984,-75.1827, , 
 ,33182,2016012856,6,67,67301,2015,7,4,1400,14,1,1,0,4,1, , ,N,1,2,0,3,0,1,2,2,N,N,40 01:07.917,75 08:25.576,0, ,0, ,0, ,N, ,3, , , , , ,367608, , , ,2,1,0,0,0,0,1,0,0,0,0,0,1,1,0,0,0,0,0,0,1,0,0,0,0,0,0,0,0,0,0,0,0,0,0,8,0,40.0189,-75.1404, , 
 ,33183,2016014304,6,67,67301,2015,8,2,1500,15,1,1,0,4,1, , ,N,1,2,0,3,0,1,2,2,N,N,40 01:00.708,75 08:58.113,0, ,0, ,0, ,N, ,3, , , , , ,367609, , , ,2,1,0,0,0,0,1,0,0,0,0,0,1,1,0,0,0,0,0,0,1,0,0,0,0,0,0,0,0,0,0,0,0,0,0,8,0,40.0169,-75.1495, , 
 ,33184,2015114607,6,67,67301,2015,10,5,1520,15,1,1,0,1,1, , ,N,0,2,0,3,0,2,3,2,N,N,40 04:39.630,75 01:22.172,1600, ,1552,9,1,3,N, ,3,N, , , , ,367615, , , ,2,2,0,0,0,0,0,0,0,0,0,2,2,0,0,0,0,0,0,0,0,0,0,0,0,0,0,0,0,0,0,0,0,0,0,4,0,40.0777,-75.0228, , 
 ,33185,2016002398,6,67,67301,2015,12,4,2315,23,3,2,1,4,1, , ,N,1,2,0,3,0,0,4,2,N,N,39 58:07.829,75 08:10.292,2320, ,2318, ,0, , , ,2, , , , , ,367627, , , ,2,2,0,0,0,0,0,0,0,0,0,0,0,0,0,0,0,0,0,0,0,0,0,0,0,0,0,0,0,0,0,0,0,0,0,0,0,39.9688,-75.1362, , 
 ,33186,2015078253,6,67,67301,2015,7,6,205,2,3,1,0,1,6, , ,N,0,0,0,3,0,0,2,2,N, ,39 58:42.614,75 07:17.889,205, ,205, ,0, , , ,0, , , , , ,367631, , , ,2,1,0,0,0,1,0,0,0,0,0,0,0,0,0,0,0,0,0,0,0,0,0,0,0,0,0,0,0,0,0,0,0,0,0,0,0,39.9785,-75.1216, , 
 ,33187,2015099015,6,67,67301,2015,9,1,1911,19,1,1,0,4,1, , ,N,1,3,0,3,0,1,2,2,N,N,40 03:00.950,75 08:24.053,1913, ,1913, ,0, ,N, ,3, , , , , ,367651, , , ,1,1,0,0,0,0,0,0,1,0,0,1,1,0,0,0,0,0,0,0,0,0,0,0,0,0,0,0,0,0,0,0,0,0,0,4,0,40.0503,-75.14, , 
 ,33188,2015121028,6,67,67301,2015,11,2,1542,15,1,1,0,4,1, , ,N,2,3,0,3,0,0,5,2,N,N,40 01:49.767,75 06:55.609,1550, ,1547, ,0, ,N, ,3, , , , , ,367686, , , ,2,2,0,0,0,0,0,0,0,0,0,0,0,0,0,0,0,0,0,0,0,0,0,0,0,0,0,0,0,0,0,0,0,0,0,0,0,40.0305,-75.1154, , 
 ,33189,2015128581,6,67,67301,2015,11,3,735,7,1,1,0,8,1, , ,N,0,0,0,3,0,1,2,2,N, ,40 04:04.983,75 12:38.880,800, ,747,9,1,3,N, ,0,Y, , , , ,367695, , , ,1,1,0,0,0,0,0,0,0,0,0,0,1,1,1,0,0,0,0,0,0,0,1,0,0,0,0,0,0,0,0,0,1,0,0,8,0,40.0681,-75.2108, , 
 ,33190,2015105136,6,67,67301,2015,9,4,1540,15,1,1,0,7,4, , ,N,2,8,0,3,0,1,1,1,N,N,40 03:43.405,75 00:49.093,1548, ,1542,4,2,7,N, ,3,Y, , , , ,367708, , , ,1,0,0,0,0,0,0,1,0,0,0,1,1,0,0,0,0,0,0,0,0,0,0,0,0,0,0,0,0,0,0,0,0,0,0,4,0,40.0621,-75.0136, , 
 ,33191,2015117667,6,67,67301,2015,10,3,914,9,1,1,0,8,1, , ,N,1,3,0,3,0,1,2,2,N,N,40 00:16.686,75 08:14.798,1035, ,1032, ,0, ,N, ,3, , , , , ,367721, , , ,1,1,0,0,0,0,0,0,0,0,0,1,1,0,0,0,0,0,0,0,0,0,0,1,0,0,0,0,0,0,0,0,1,0,0,4,0,40.0046,-75.1374, , 
 ,33192,2015109279,6,67,67301,2015,10,3,1618,16,1,1,0,5,1, , ,N,0,0,6,3,0,2,3,2,N,N,40 04:04.198,75 02:24.479,1622, ,1620,2,1,1, , ,0,N, , , , ,359117, , , ,2,2,0,0,0,0,0,0,0,0,2,0,2,0,0,0,0,0,0,0,1,0,0,0,0,0,0,0,0,0,0,0,0,0,0,3,0,40.0678,-75.0401, , 
 ,33193,2015069725,6,67,67301,2015,6,4,1044,10,1,1,0,7,5, , ,N,1,2,0,3,0,1,1,1,N,N,39 57:48.112,75 11:14.766,1048, ,1045, ,0, ,N, ,3, , , , , ,359144, , , ,1,0,0,0,0,0,0,1,0,0,0,1,1,0,0,0,0,0,0,0,0,0,0,0,0,0,0,0,0,0,0,0,0,0,0,4,0,39.9634,-75.1875, , 
 ,33194,2015081125,6,67,67301,2015,7,3,1919,19,1,1,0,4,1, , ,N,1,2,0,3,0,2,5,2,N,N,40 00:20.956,75 05:49.348,1940, ,1937, ,0, ,N, ,3, , , , , ,359152, , , ,2,2,0,0,0,0,0,0,0,0,0,2,2,0,0,0,0,0,0,0,0,0,0,0,0,0,0,0,0,0,0,0,0,0,0,4,0,40.0058,-75.097, , 
 ,33195,2015092907,6,67,67301,2015,8,4,740,7,1,1,0,4,1, , ,N,1,2,0,3,0,1,2,2,N,N,39 56:15.342,75 09:52.613,745, ,741, ,0, ,N, ,3, , , , , ,359159, , , ,1,0,0,0,0,0,1,0,1,0,0,1,1,0,0,0,0,0,0,0,0,0,0,0,0,0,0,0,0,0,0,0,0,0,0,4,0,39.9376,-75.1646, , 
 ,33196,2015095774,6,67,67301,2015,8,6,1550,15,1,1,0,5,1, , ,N,0,0,0,3,0,1,2,2,N,N,40 00:09.945,75 06:03.606,1631, ,1630, ,0, ,N, ,0, , , , , ,359161, , , ,1,1,0,0,0,0,0,0,1,0,1,0,1,0,0,0,0,0,0,0,0,0,0,0,0,0,0,0,0,0,0,0,0,0,0,3,0,40.0028,-75.101, , 
 ,33197,2015128594,6,67,67301,2015,11,3,2000,20,3,1,0,8,1, , ,N,0,0,0,3,0,1,2,2,N,N,39 59:59.251,75 07:51.971,2253, ,2253, ,0, ,N, ,0, , , , , ,359179, , , ,1,1,0,0,0,0,0,0,0,0,0,1,1,0,0,0,0,0,0,0,0,0,0,1,0,0,0,0,0,0,0,0,1,0,0,4,0,39.9998,-75.1311, , 
 ,33198,2015130126,6,67,67301,2015,11,1,1451,14,1,1,0,7,4, , ,N,0,0,0,3,0,1,1,1,N, ,40 00:39.812,75 07:14.753,1456, ,1452, ,0, , , ,0, , , , , ,359182, , , ,1,1,0,0,0,0,0,0,0,0,0,0,1,1,0,0,0,0,0,0,0,0,0,0,0,0,0,0,0,0,0,0,0,0,0,8,0,40.0111,-75.1208, , 
 ,33199,2015130235,6,67,67301,2015,11,6,1526,15,1,1,0,1,1, , ,N,0,0,0,3,0,0,1,3,N,N,40 03:21.800,75 05:12.500,1533, ,1529, ,0, ,N, ,0, , , , , ,359183, , , ,3,2,0,0,1,0,0,0,0,0,0,0,0,0,1,0,0,0,0,0,0,0,0,0,0,0,0,0,0,0,0,0,0,0,0,9,0,40.0561,-75.0868, , 
 ,33200,2015131339,6,67,67301,2015,11,2,1445,14,1,1,0,4,1, , ,N,1,2,0,3,0,1,2,2,N, ,40 02:29.338,75 05:16.364,1750, ,1734, ,0, , , ,3, , , , , ,359185, , , ,2,2,0,0,0,0,0,0,0,0,1,0,1,0,0,0,0,0,0,0,0,0,0,0,0,0,0,0,0,0,0,0,0,0,0,3,0,40.0415,-75.0879, , 
 ,33201,2016052138,6,67,67301,2015,2,2,1030,10,1,1,0,4,1, , ,N,2,3,0,3,0,1,2,2,N,N,39 56:21.059,75 14:06.781,0, ,0, ,0, ,N, ,3, , , , , ,359207, , , ,2,1,0,1,0,0,0,0,0,0,0,0,1,1,0,0,0,0,0,0,1,0,0,1,0,0,0,0,0,0,0,0,0,0,0,8,1,39.9392,-75.2352, , 
 ,33202,2015059124,6,67,67301,2015,5,6,1409,14,1,1,0,4,1, , ,N,5,2,3,3,0,4,6,2,N,N,40 01:54.428,75 05:07.226,1446, ,1425,2,1,2,N, ,3,N, , , , ,359212, , , ,2,2,0,0,0,0,0,0,0,0,4,0,4,0,0,0,0,0,1,0,0,0,0,0,0,0,0,0,0,0,0,0,0,0,0,3,0,40.0318,-75.0853, , 
 ,33203,2015066256,6,67,67301,2015,5,4,515,5,1,1,0,4,1, , ,N,3,2,0,3,0,0,2,2,N,N,40 01:18.105,75 02:16.987,535, ,526,1,2,5,N, ,3,Y, , , , ,359219, , , ,2,2,0,0,0,0,0,0,0,0,0,0,0,0,0,0,0,0,0,0,1,0,0,0,0,0,0,0,0,0,0,0,0,0,0,0,0,40.0217,-75.0381, , 
 ,33204,2015077845,6,67,67301,2015,6,7,925,9,1,1,0,1,1, , ,N,0,0,0,3,0,1,2,2,N,N,39 59:55.327,75 07:50.718,935, ,927, ,0, ,N, ,0, , , , , ,359254, , , ,2,1,0,0,0,0,1,0,0,0,0,1,1,0,0,0,0,0,0,0,0,1,0,0,0,0,0,0,0,0,0,0,0,0,0,4,0,39.9987,-75.1308, , 
 ,33205,2015081041,6,67,67301,2015,7,5,1649,16,1,1,0,4,1, , ,N,3,0,0,3,0,3,22,2,N, ,39 59:01.367,75 10:36.022,1655, ,1646, ,0, , , ,0, , , , , ,359257, , , ,2,1,0,1,0,0,0,0,0,0,0,3,3,0,0,0,0,0,0,0,0,0,0,0,0,0,0,0,0,0,0,0,0,0,0,4,1,39.9837,-75.1767, , 
 ,33206,2015083387,6,67,67301,2015,7,7,1636,16,1,1,0,2,1, , ,N,0,0,0,3,0,2,3,2,N,N,40 04:54.865,74 58:04.987,1636, ,1636, ,0, ,N, ,0, , , , , ,359261, , , ,2,0,0,0,0,0,2,0,0,0,0,2,2,0,1,0,0,0,0,0,1,0,0,0,0,0,0,0,0,0,0,0,0,0,0,4,0,40.0819,-74.9681, , 
 ,33207,2015084402,6,67,67301,2015,7,2,1111,11,1,1,0,4,1, , ,N,1,2,0,3,0,1,2,2,N,N,40 05:04.029,75 02:18.148,1113, ,1113, ,0, , , ,3, , , , , ,359264, , , ,2,1,0,0,0,0,1,0,0,0,0,1,1,0,0,0,0,0,0,0,2,0,0,0,0,0,0,0,0,0,0,0,0,0,0,4,0,40.0845,-75.0384, , 
 ,33208,2015091031,6,67,67301,2015,8,7,746,7,1,1,0,1,1, , ,N,0,0,0,3,0,3,3,3,N,N,40 06:11.754,75 00:12.683,750, ,746,2,2,1,Y, ,0,N, , , , ,359268, , , ,3,3,0,0,0,0,0,0,0,0,0,0,3,3,0,0,0,0,0,0,0,1,0,1,0,0,0,0,0,0,0,0,0,0,0,8,0,40.1033,-75.0035, , 
 ,33209,2015099006,6,67,67301,2015,9,6,1025,10,1,1,0,7,4, , ,N,0,0,0,3,0,1,1,1,N,N,40 01:41.940,75 06:01.992,1038, ,1028,2,2,1,N, ,0,Y, , , , ,359274, , , ,1,1,0,0,0,0,0,0,0,0,0,0,1,1,0,0,0,0,0,0,0,0,0,0,0,0,0,0,0,0,0,0,0,0,0,8,0,40.0283,-75.1006, , 
 ,33210,2015091055,6,67,67301,2015,8,7,2040,20,3,1,0,4,1, , ,N,1,3,0,3,0,1,3,2,N,N,39 57:29.772,75 14:44.246,2049, ,2046, ,0, ,N, ,3, , , , , ,362046, , , ,1,0,0,0,0,0,1,0,1,0,0,1,1,0,0,0,0,0,0,0,0,0,0,2,0,0,0,0,0,0,0,0,0,0,0,4,0,39.9583,-75.2456, , 
 ,33211,2015091118,6,67,67301,2015,8,7,1814,18,1,1,1,2,1, , ,N,1,2,0,3,0,4,6,3,Y, ,40 02:20.299,75 09:00.122,1814, ,1714, ,0, , , ,3, , , , , ,362047, , , ,3,3,0,0,0,0,0,0,0,0,2,0,4,2,1,0,0,0,0,0,0,0,0,4,0,0,0,0,0,0,0,0,0,0,0,3,0,40.039,-75.15, , 
 ,33212,2015112091,6,67,67301,2015,10,4,1800,18,3,1,1,4,1, , ,N,1,2,0,3,0,1,2,2,N,N,39 55:26.320,75 10:40.798,1836, ,1834, ,0, , , ,3, , , , , ,362063, , , ,2,2,0,0,0,0,0,0,0,0,0,1,1,0,0,0,0,0,0,0,1,0,1,0,0,0,0,0,0,0,0,0,0,0,0,4,0,39.924,-75.178, , 
 ,33213,2015128706,6,67,67301,2015,11,4,1928,19,3,1,0,4,1, , ,N,0,0,7,3,0,2,3,2,N, ,40 03:51.098,74 59:54.583,1940, ,1933, ,0, , , ,0, , , , , ,362080, , , ,2,2,0,0,0,0,0,0,0,0,0,2,2,0,0,0,0,0,0,0,0,0,1,0,0,0,0,0,0,0,0,0,0,0,0,4,0,40.0642,-74.9985, , 
 ,33214,2015085281,6,67,67301,2015,8,7,1238,12,1,1,0,4,1, , ,N,1,2,0,3,0,1,4,2,N, ,40 01:12.586,75 09:01.958,9999, ,1238, ,0, , , ,3, , , , , ,362100, , , ,2,2,0,0,0,0,0,0,0,0,0,0,1,1,0,0,0,0,0,0,0,2,0,2,0,0,0,0,0,0,0,0,0,0,0,8,0,40.0202,-75.1505, , 
 ,33215,2015088732,6,67,67301,2015,8,7,108,1,3,1,0,5,6, , ,N,0,0,0,3,0,0,1,6,N,N,39 55:17.565,75 10:37.866,113, ,110,2,2,4,N, ,0,Y, , , , ,362104, , , ,6,5,0,0,0,0,1,0,0,0,0,0,0,0,0,0,0,0,0,0,0,0,0,0,0,0,0,0,0,0,0,0,0,0,0,0,0,39.9215,-75.1772, , 
 ,33216,2015101990,6,67,67301,2015,9,4,1831,18,1,1,0,4,1, , ,N,1,3,0,3,0,1,2,3,N,N,39 57:35.161,75 09:23.590,1835, ,1830, ,0, ,N, ,3, , , , , ,362117, , , ,3,1,0,0,0,1,1,0,0,0,0,1,1,0,0,0,0,0,0,0,2,0,0,0,0,0,0,0,0,0,0,0,0,0,0,4,1,39.9598,-75.1566, , 
 ,33217,2015107959,6,67,67301,2015,9,2,5,0,3,1,0,5,1, , ,N,0,0,0,3,0,1,2,2,N,N,39 54:31.557,75 13:23.116,30, ,26, ,0, ,N, ,0, , , , , ,362139, , , ,2,1,1,0,0,0,0,0,0,1,0,0,1,0,0,0,0,0,1,0,0,0,0,0,0,0,0,0,0,1,0,0,0,0,0,2,0,39.9088,-75.2231, , 
 ,33218,2015113191,6,67,67301,2015,10,1,1225,12,1,1,0,7,4, , ,N,0,0,0,3,0,1,1,1,N,N,40 02:32.149,75 05:18.439,1225, ,1220,9,2,1,N, ,0,Y, , , , ,362143, , , ,1,1,0,0,0,0,0,0,0,0,0,0,1,1,0,0,0,0,0,0,0,0,0,0,0,0,0,0,0,0,0,0,0,0,0,8,0,40.0423,-75.0885, , 
 ,33219,2015066175,6,67,67301,2015,6,3,1300,13,1,1,0,1,1, , ,N,0,0,0,3,0,1,3,3,N,N,39 57:32.405,75 14:31.147,1320, ,1317, ,0, ,N, ,0, , , , , ,362153, , , ,3,2,0,0,1,0,0,0,0,0,0,0,1,1,0,0,0,0,0,0,0,0,0,0,0,0,0,0,0,0,0,0,0,0,0,8,0,39.959,-75.242, , 
 ,33220,2015081054,6,67,67301,2015,7,6,700,7,1,1,0,1,1, , ,N,0,2,0,3,0,0,3,2,N,N,40 02:36.537,75 08:59.338,740, ,700, ,0, ,N, ,3, , , , , ,362162, , , ,2,1,0,0,0,0,1,0,0,0,0,0,0,0,0,0,0,0,0,0,0,0,0,0,0,0,0,0,0,0,0,0,0,0,0,0,0,40.0435,-75.1498, , 
 ,33221,2015092457,6,67,67301,2015,8,2,1720,17,1,1,0,5,6, , ,N,0,0,0,3,0,1,2,3,N, ,40 01:03.928,75 05:06.691,1727, ,1727, ,0, , , ,0, , , , , ,362171, , , ,2,1,0,0,0,0,1,0,0,0,0,1,1,0,0,0,0,0,0,0,0,0,0,0,0,0,0,0,0,0,0,0,1,0,0,4,0,40.0178,-75.0852, , 
 ,33222,2015135295,6,67,67301,2015,12,6,1835,18,3,2,1,1,1, , ,N,0,0,6,3,0,1,3,2,N,N,40 00:56.100,75 10:37.300,1845, ,1839, ,0, ,N, ,0, , , , , ,362202, , , ,2,1,0,0,0,0,1,0,0,0,1,0,1,0,0,0,0,0,0,0,0,0,0,0,0,0,0,0,0,0,0,0,0,0,0,3,0,40.0156,-75.177, , 