wz_ln_closure,objectid_1,crn,district,county,municipality,crash_year,crash_month,day_of_week,time_of_day,hour_of_day,illumination,weather,road_condition,collision_type,relation_to_road,work_zone_type,work_zone_loc,work_zone_ind,intersect_type,tcd_type,location_type,urban_rural,fatal_count,injury_count,person_count,total_units,sch_bus_ind,sch_zone_ind,latitude,longitude,arrival_tm,cons_zone_spd_lim,dispatch_tm,est_hrs_closed,lane_closed,ln_close_dir,ntfy_hiwy_maint,spec_juris_cd,tcd_func_cd,tfc_detour_ind,workers_pres,wz_close_detour,wz_flagger,wz_law_offcr_ind,objectid,wz_moving,wz_other,wz_shlder_mdn,vehicle_count,automobile_count,motorcycle_count,bus_count,small_truck_count,heavy_truck_count,suv_count,van_count,bicycle_count,maj_inj_count,mod_inj_count,min_inj_count,tot_inj_count,unk_inj_deg_count,unk_inj_per_count,driver_count_16yr,driver_count_17yr,driver_count_18yr,driver_count_19yr,driver_count_20yr,driver_count_50_64yr,driver_count_65_74yr,driver_count_75plus,unbelted_occ_count,unb_death_count,unb_maj_inj_count,belted_death_count,belted_maj_inj_count,mcycle_death_count,mcycle_maj_inj_count,bicycle_death_count,bicycle_maj_inj_count,ped_count,ped_death_count,ped_maj_inj_count,max_severity_level,comm_veh_count,dec_lat,dec_long,rdwy_surf_type_cd,county_name
 ,33223,2015109299,6,67,67301,2015,10,6,1740,17,1,2,1,7,3, , ,N,0,0,0,3,0,1,1,1,N, ,40 02:39.868,75 03:16.393,1749, ,1745,1,1,1,N, ,0,N, , , , ,362210, , , ,1,1,0,0,0,0,0,0,0,0,0,0,1,1,0,0,0,0,0,0,0,0,0,0,0,0,0,0,0,0,0,0,0,0,0,8,0,40.0444,-75.0546, , 
 ,33224,2015115035,6,67,67301,2015,9,3,1516,15,1,1,0,4,1, , ,N,5,2,0,3,0,2,3,2,N, ,39 56:55.829,75 12:53.933,1518, ,1518, ,0, , , ,3, , , , , ,362215, , , ,2,2,0,0,0,0,0,0,0,0,0,2,2,0,0,0,0,0,0,0,0,0,0,0,0,0,0,0,0,0,0,0,0,0,0,4,0,39.9488,-75.215, , 
 ,33225,2015120526,6,67,67301,2015,11,4,1003,10,1,9,0,4,1, , ,N,2,3,0,3,0,1,2,2,N,N,39 59:54.329,75 07:43.119,1252, ,1244, ,0, ,N, ,3, , , , , ,362220, , , ,1,1,0,0,0,0,0,0,1,0,0,1,1,0,0,0,0,0,0,0,0,0,0,1,0,0,0,0,0,0,0,0,0,0,0,4,0,39.9984,-75.1286, , 
 ,33226,2015121070,6,67,67301,2015,10,5,1130,11,1,1,0,4,1, , ,N,1,2,0,3,0,0,2,2,N, ,40 02:20.475,75 03:22.611,1130, ,1130,1,1,4, , ,3,N, , , , ,362225, , , ,2,1,0,0,1,0,0,0,0,0,0,0,0,0,0,0,0,0,0,0,0,1,0,2,0,0,0,0,0,0,0,0,0,0,0,0,0,40.039,-75.0563, , 
 ,33227,2016007553,6,67,67301,2015,12,2,933,9,1,1,0,4,1, , ,N,1,2,0,3,0,0,1,3,N,N,39 57:21.859,75 14:16.659,933, ,933,1,1,6,N, ,3,Y, , , , ,362235, , , ,3,2,0,0,1,0,0,0,0,0,0,0,0,0,0,0,0,1,0,0,0,0,0,1,0,0,0,0,0,0,0,0,0,0,0,0,0,39.9561,-75.238, , 
 ,33228,2016002548,6,67,67301,2015,12,7,226,2,3,1,0,4,1, , ,N,1,3,0,3,0,0,2,2,N,N,39 58:48.151,75 10:33.128,255, ,251, ,9, ,N, ,3, , , , , ,365113, , , ,2,1,0,0,1,0,0,0,0,0,0,0,0,0,1,0,0,0,0,0,0,0,0,0,0,0,0,0,0,0,0,0,0,0,0,9,0,39.98,-75.1759, , 
 ,33229,2015128727,6,67,67301,2015,12,5,1650,16,3,1,0,5,1, , ,N,0,0,0,3,0,0,2,2,N,N,39 54:37.125,75 10:21.857,1700, ,1653, ,0, ,N, ,0, , , , , ,365138, , , ,2,1,0,0,0,0,0,1,0,0,0,0,0,0,0,0,0,0,0,0,0,0,0,0,0,0,0,0,0,0,0,0,0,0,0,0,0,39.9103,-75.1727, , 
 ,33230,2015131346,6,67,67301,2015,11,6,1740,17,3,1,0,4,1, , ,N,1,2,0,3,0,1,3,2,N,N,40 01:40.344,75 03:36.560,1745, ,1741,9,1,1,N, ,3,N, , , , ,365140, , , ,2,2,0,0,0,0,0,0,0,0,0,0,1,1,0,0,0,0,0,0,0,0,0,2,0,0,0,0,0,0,0,0,0,0,0,8,0,40.0278,-75.0601, , 
 ,33231,2015106199,6,67,67301,2015,10,2,1715,17,1,1,0,1,1, , ,N,0,0,0,3,0,2,2,2,N,N,39 59:40.719,75 05:01.609,1717, ,1715, ,0, ,N, ,0, , , , , ,365151, , , ,2,1,0,0,0,0,1,0,0,0,0,2,2,0,0,0,0,0,0,0,0,0,0,0,0,0,0,0,0,0,0,0,0,0,0,4,0,39.9946,-75.0838, , 
 ,33232,2015073211,6,67,67301,2015,6,7,1316,13,1,2,1,4,1, , ,N,1,2,0,3,0,1,3,2,N,N,39 57:54.205,75 14:24.511,1329, ,1329, ,0, ,N, ,3, , , , , ,365174, , , ,2,1,0,0,0,0,0,1,0,0,0,0,1,1,0,0,0,0,0,0,0,0,1,0,0,0,0,0,0,0,0,0,0,0,0,8,0,39.9651,-75.2401, , 
 ,33233,2015078678,6,67,67301,2015,7,3,715,7,1,1,0,1,1, , ,N,0,0,0,3,0,1,3,2,N,N,40 00:09.251,75 07:24.429,725, ,718, ,0, ,N, ,0, , , , , ,365180, , , ,2,1,0,0,0,0,1,0,0,0,0,1,1,0,0,0,0,0,0,0,1,0,0,0,0,0,0,0,0,0,0,0,0,0,0,4,0,40.0026,-75.1235, , 
 ,33234,2015091025,6,67,67301,2015,8,2,203,2,3,1,0,7,4, , ,N,1,3,0,3,0,4,4,1,N,N,40 03:34.426,75 10:09.199,211, ,207, ,0, , , ,3, , , , , ,365191, , , ,1,0,0,0,0,0,1,0,0,0,0,4,4,0,0,0,0,0,0,0,0,0,0,4,0,0,0,0,0,0,0,0,0,0,0,4,0,40.0596,-75.1692, , 
N,33235,2015093544,6,67,67301,2015,8,4,1950,19,3,1,0,1,1,1,4,Y,0,0,0,3,0,0,3,2,N,N,40 01:07.907,75 02:46.564,2012,45,1950, ,0, ,N, ,0, ,N,N,N,N,365194,N,N,Y,2,1,0,0,0,0,1,0,0,0,0,0,0,0,0,0,0,0,0,0,0,1,0,0,0,0,0,0,0,0,0,0,0,0,0,0,0,40.0189,-75.0463, , 
 ,33236,2015098973,6,67,67301,2015,9,4,822,8,1,1,0,8,1, , ,N,1,2,0,3,0,1,2,2,N, ,40 00:49.975,75 07:33.617,824, ,823, ,0, , , ,3, , , , , ,365204, , , ,1,1,0,0,0,0,0,0,0,0,0,1,1,0,0,0,0,0,0,0,0,0,0,1,0,0,0,0,0,0,0,0,1,0,0,4,0,40.0139,-75.126, , 
 ,33237,2016002358,6,67,67301,2015,12,6,942,9,8,2,1,8,1, , ,N,2,0,0,3,0,1,2,2,N, ,39 56:25.327,75 08:52.214,950, ,945, ,0, , , ,0, , , , , ,365214, , , ,1,1,0,0,0,0,0,0,0,0,0,0,1,1,0,0,0,0,0,0,0,0,1,0,0,0,0,0,0,0,0,0,1,0,0,8,0,39.9404,-75.1478, , 
 ,33238,2016007582,6,67,67301,2015,12,6,300,3,3,5,1,7,2, , ,N,0,0,0,3,0,0,1,1,N,N,40 00:57.100,75 12:20.300,318, ,314,2,2,7,N, ,0,Y, , , , ,365215, , , ,1,1,0,0,0,0,0,0,0,0,0,0,0,0,0,0,0,0,0,0,0,0,0,0,0,0,0,0,0,0,0,0,0,0,0,0,0,40.0159,-75.2056, , 
 ,33239,2016007587,6,67,67301,2015,11,5,2130,21,3,1,0,1,1, , ,N,0,0,0,3,0,1,3,2,N, ,39 57:25.177,75 14:52.574,2135, ,2130, ,0, , , ,0, , , , , ,365216, , , ,2,1,0,0,0,0,0,0,0,0,1,0,1,0,0,0,0,0,0,0,0,1,0,1,0,0,0,0,0,0,0,0,0,0,0,3,0,39.957,-75.2479, , 
 ,33240,2015128058,6,67,67301,2015,11,6,2021,20,3,1,0,1,1, , ,N,1,3,0,3,0,0,3,3,N,N,40 03:16.724,75 07:29.999,2114, ,2050, ,0, ,N, ,3, , , , , ,365218, , , ,3,2,0,0,0,0,1,0,0,0,0,0,0,0,0,0,0,0,0,0,0,0,0,3,0,0,0,0,0,0,0,0,0,0,0,0,0,40.0546,-75.125, , 
 ,33241,2015128568,6,67,67301,2015,11,1,1445,14,1,1,1,4,1, , ,N,1,2,0,3,0,1,2,2,N,N,40 00:25.933,75 07:24.010,1613, ,1500, ,0, , , ,3, , , , , ,365220, , , ,2,0,0,0,0,0,1,1,0,0,0,1,1,0,0,0,0,0,0,0,0,0,0,1,0,0,0,0,0,0,0,0,0,0,0,4,0,40.0072,-75.1234, , 
 ,33242,2015130329,6,67,67301,2015,11,7,1353,13,1,1,0,8,1, , ,N,1,2,0,3,0,1,2,2,N, ,39 56:26.512,75 13:26.950,1355, ,1354,1,1,2, , ,3,N, , , , ,365223, , , ,1,1,0,0,0,0,0,0,0,0,0,0,1,1,0,0,0,0,0,0,0,0,0,1,0,0,0,0,0,0,0,0,1,0,0,8,0,39.9407,-75.2242, , 
 ,33243,2015128646,6,67,67301,2015,11,1,11,0,3,1,0,6,6, , ,N,0,0,0,3,0,1,1,2,N,N,40 01:24.661,75 12:39.168,15, ,11, ,0, ,N, ,0, , , , , ,365263, , , ,2,1,0,0,1,0,0,0,0,0,0,1,1,0,0,0,0,0,0,0,0,0,0,0,0,0,0,0,0,0,0,0,0,0,0,4,0,40.0235,-75.2109, , 
 ,33244,2015130154,6,67,67301,2015,11,2,914,9,1,1,0,5,6, , ,N,0,0,0,3,0,1,1,2,N, ,39 59:51.876,75 07:16.569,925, ,925,1,2,1,N, ,0,Y, , , , ,365264, , , ,2,0,0,0,0,0,2,0,0,0,0,0,1,1,0,0,0,0,0,0,0,0,0,1,0,0,0,0,0,0,0,0,0,0,0,8,0,39.9977,-75.1213, , 
 ,33245,2015135912,6,67,67301,2015,12,1,1540,15,1,1,0,1,6, , ,N,0,0,0,3,0,3,4,3,N,N,40 00:26.423,75 07:27.788,1547, ,1546, ,0, ,N, ,0, , , , , ,365278, , , ,3,2,0,0,0,0,0,1,0,0,0,3,3,0,0,0,0,0,0,0,0,0,0,0,0,0,0,0,0,0,0,0,0,0,0,4,0,40.0073,-75.1244, , 
 ,33246,2015121035,6,67,67301,2015,11,2,1740,17,4,1,0,4,1, , ,N,1,2,0,3,0,0,3,3,N, ,39 57:20.808,75 09:32.558,1748, ,1746, ,0, , , ,3, , , , , ,367729, , , ,3,2,0,0,0,0,1,0,0,0,0,0,0,0,1,0,0,0,0,0,0,0,0,0,0,0,0,0,0,0,0,0,0,0,0,9,0,39.9558,-75.159, , 
 ,33247,2015128690,6,67,67301,2015,11,6,2300,23,3,2,1,4,1, , ,N,1,2,0,3,0,2,2,2,N,N,39 54:40.810,75 14:33.592,55, ,48, ,0, ,N, ,3, , , , , ,367734, , , ,2,0,0,0,0,0,0,2,0,0,1,1,2,0,0,0,0,0,0,0,1,0,0,0,0,0,0,0,0,0,0,0,0,0,0,3,0,39.9113,-75.2427, , 
 ,33248,2015130294,6,67,67301,2015,11,3,455,4,3,1,0,1,1, , ,N,0,0,0,3,0,1,2,2,N,N,39 58:44.901,75 09:41.040,1730, ,1713, ,0, , , ,0, , , , , ,367735, , , ,2,2,0,0,0,0,0,0,0,0,0,1,1,0,1,0,0,0,0,0,0,0,0,0,0,0,0,0,0,0,0,0,0,0,0,4,0,39.9791,-75.1614, , 
 ,33249,2016000984,6,67,67301,2015,12,6,837,8,1,1,0,1,1, , ,N,0,0,0,3,0,1,3,3,N,N,39 55:58.893,75 08:44.894,841, ,839, ,0, ,N, ,0, , , , , ,367742, , , ,3,2,0,0,0,0,1,0,0,0,0,0,1,1,0,0,0,0,0,0,0,1,0,3,0,0,0,0,0,0,0,0,0,0,0,8,0,39.933,-75.1458, , 
 ,33250,2016002347,6,67,67301,2015,12,6,1338,13,1,1,0,7,7, , ,N,7,0,2,3,0,0,4,2,N,N,40 00:23.964,75 11:36.713,1355, ,1339,2,2,2,Y, ,0,Y, , , , ,367744, , , ,2,0,0,0,0,1,1,0,0,0,0,0,0,0,0,0,0,0,0,1,1,0,0,0,0,0,0,0,0,0,0,0,0,0,0,0,1,40.0067,-75.1935, , 
 ,33251,2016007681,6,67,67301,2015,12,3,650,6,6,2,1,5,6, , ,N,0,0,0,3,0,1,2,2,N,N,40 00:56.988,75 04:03.279,735, ,725, ,0, ,N, ,0, , , , , ,367746, , , ,1,1,0,0,0,0,0,0,1,0,0,1,1,0,1,0,0,0,0,0,0,0,0,0,0,0,0,0,0,0,0,0,0,0,0,4,0,40.0158,-75.0676, , 
 ,33252,2016013649,6,67,67301,2015,12,2,1120,11,1,9,8,1,1, , ,N,0,0,0,3,0,1,2,2,N,N,39 57:44.805,75 09:42.583,0, ,0, ,0, ,N, ,0, , , , , ,367747, , , ,2,1,0,0,1,0,0,0,0,0,0,0,1,1,1,0,0,0,0,0,0,0,0,0,0,0,0,0,0,0,0,0,0,0,0,8,0,39.9624,-75.1618, , 
 ,33253,2015106413,6,67,67301,2015,9,2,1625,16,1,1,0,8,1, , ,N,1,3,0,3,0,2,3,3,N,N,39 58:09.458,75 12:49.863,1639, ,1631, ,0, , , ,3, , , , , ,367774, , , ,1,1,0,0,0,0,0,0,0,0,0,2,2,0,0,0,0,0,0,0,1,0,0,0,0,0,0,0,0,0,0,0,2,0,0,4,0,39.9693,-75.2139, , 
 ,33254,2015061761,6,67,67301,2015,5,2,1510,15,1,1,0,1,1, , ,N,0,0,0,3,0,1,4,3,Y, ,40 00:23.204,75 08:37.038,1520, ,1511, ,0, , , ,0, , , , , ,367784, , , ,3,1,0,1,0,0,1,0,0,0,0,0,1,1,3,0,0,0,0,0,0,0,0,0,0,0,0,0,0,0,0,0,0,0,0,8,1,40.0064,-75.1436, , 
 ,33255,2015063883,6,67,67301,2015,5,1,1255,12,1,1,0,4,1, , ,N,1,3,0,3,0,1,2,2,N,N,39 57:49.622,75 14:32.686,1259, ,1258, ,0, ,N, ,3, , , , , ,367787, , , ,2,0,0,0,0,0,1,0,0,0,0,0,1,1,0,0,0,0,0,0,1,0,0,0,0,0,0,0,0,0,0,0,0,0,0,8,0,39.9638,-75.2424, , 
 ,33256,2015070147,6,67,67301,2015,6,3,1445,14,1,1,0,4,1, , ,N,1,2,0,3,0,1,2,2,N,N,40 02:02.039,75 04:27.141,1500, ,1448, ,0, ,N, ,3, , , , , ,367797, , , ,2,2,0,0,0,0,0,0,0,0,0,0,1,1,0,0,0,0,0,0,0,2,0,0,0,0,0,0,0,0,0,0,0,0,0,8,0,40.0339,-75.0742, , 
 ,33257,2015083333,6,67,67301,2015,7,1,16,0,2,1,0,1,1, , ,N,1,2,0,3,0,1,8,3,N,N,39 57:25.085,75 13:31.946,17, ,16, ,0, ,N, ,9, , , , , ,367807, , , ,3,2,0,0,0,0,0,1,0,0,0,1,1,0,7,0,0,0,0,0,0,0,0,0,0,0,0,0,0,0,0,0,0,0,0,4,0,39.957,-75.2255, , 
 ,33258,2015088665,6,67,67301,2015,8,6,1004,10,1,1,0,4,1, , ,N,1,2,0,3,0,1,5,2,N,N,40 00:43.542,75 06:43.855,1005, ,1004, ,0, , , ,3, , , , , ,367811, , , ,2,2,0,0,0,0,0,0,0,0,0,0,1,1,4,0,0,0,0,0,0,0,0,0,0,0,0,0,0,0,0,0,0,0,0,8,0,40.0121,-75.1122, , 
 ,33259,2015092049,6,67,67301,2015,7,3,309,3,3,1,0,6,1, , ,N,1,2,0,3,0,3,3,2,N, ,40 00:54.823,75 10:11.829,309, ,309, ,0, , , ,3, , , , , ,367819, , , ,2,0,0,0,0,0,2,0,0,0,0,0,3,3,0,0,0,0,0,0,1,0,0,0,0,0,0,0,0,0,0,0,0,0,0,8,0,40.0152,-75.1699, , 
 ,33260,2015128644,6,67,67301,2015,11,5,1900,19,3,1,0,4,1, , ,N,1,0,0,3,0,2,3,2,N,N,40 03:25.236,75 09:22.197,1930, ,1927, ,0, ,N, ,0, , , , , ,367842, , , ,2,1,0,0,0,0,0,1,0,0,0,0,2,2,0,0,0,0,0,0,0,0,0,1,0,0,0,0,0,0,0,0,0,0,0,8,0,40.057,-75.1562, , 
 ,33261,2015072898,6,67,67301,2015,6,6,1016,10,1,1,0,5,1, , ,N,0,0,0,3,0,2,3,2,N,N,39 53:20.242,75 13:05.306,1019, ,1019,2,2,2,N, ,0,N, , , , ,367869, , , ,2,1,0,0,1,0,0,0,0,0,1,0,2,1,0,0,0,0,0,0,0,0,0,1,0,0,0,0,0,0,0,0,0,0,0,3,0,39.889,-75.2181, , 
 ,33262,2015073681,6,67,67301,2015,6,6,1000,10,1,1,0,1,1, , ,N,1,2,0,3,0,1,4,2,N,N,40 00:22.203,75 09:06.487,1017, ,1003, ,0, ,N, ,3, , , , , ,367870, , , ,2,1,0,0,0,0,1,0,0,0,0,0,1,1,0,0,0,0,0,0,0,0,0,2,0,0,0,0,0,0,0,0,0,0,0,8,0,40.0062,-75.1518, , 
 ,33263,2015081032,6,67,67301,2015,7,5,1600,16,1,1,0,4,1, , ,N,0,0,7,3,0,0,2,2,N,N,39 57:11.993,75 10:36.443,1730, ,1725, ,0, , , ,0, , , , , ,367877, , , ,2,2,0,0,0,0,0,0,0,0,0,0,0,0,0,0,0,0,0,0,0,0,0,0,0,0,0,0,0,0,0,0,0,0,0,0,0,39.9533,-75.1768, , 
 ,33264,2016013666,6,67,67301,2015,12,4,1300,13,1,2,1,1,1, , ,N,0,2,0,3,0,2,4,2,N,N,40 02:37.980,75 06:56.132,0, ,0, ,0, ,N, ,3, , , , , ,359294, , , ,2,1,0,0,0,0,1,0,0,0,0,2,2,0,2,0,0,0,0,0,1,0,0,0,0,0,0,0,0,0,0,0,0,0,0,4,0,40.0439,-75.1156, , 
 ,33265,2015075290,6,67,67301,2015,6,1,1613,16,1,1,0,5,6, , ,N,0,0,0,3,0,0,3,2,N,N,39 57:17.964,75 14:03.080,1614, ,1614, ,0, ,N, ,0, , , , , ,359306, , , ,2,1,0,0,0,0,0,1,0,0,0,0,0,0,0,0,0,0,0,0,0,0,0,0,0,0,0,0,0,0,0,0,0,0,0,0,0,39.955,-75.2342, , 
 ,33266,2015099113,6,67,67301,2015,9,5,945,9,1,2,1,4,1, , ,N,3,4,0,3,0,1,2,2,N,N,39 59:08.581,75 11:48.299,950, ,947, ,0, ,N, ,3, , , , , ,359325, , , ,2,0,0,0,0,0,2,0,0,0,0,0,1,1,0,0,0,0,0,0,0,0,0,0,0,0,0,0,0,0,0,0,0,0,0,8,0,39.9857,-75.1967, , 
 ,33267,2015109236,6,67,67301,2015,10,3,9999,99,3,1,0,1,1, , ,N,1,2,0,3,0,2,2,2,N, ,40 02:22.315,75 07:47.348,930, ,904, ,0, ,N, ,3, , , , , ,359336, , , ,2,1,0,0,0,0,1,0,0,0,1,1,2,0,0,0,0,0,0,0,1,1,0,0,0,0,0,0,0,0,0,0,0,0,0,3,0,40.0395,-75.1298, , 
 ,33268,2015117624,6,67,67301,2015,10,5,742,7,1,1,0,4,1, , ,N,1,2,0,3,0,2,7,3,N, ,39 58:53.612,75 07:02.654,827, ,813, ,0, , , ,3, , , , , ,359340, , , ,3,2,0,0,0,0,0,1,0,0,0,0,2,2,0,0,0,0,0,0,1,1,0,2,0,0,0,0,0,0,0,0,0,0,0,8,0,39.9815,-75.1173, , 
 ,33269,2015126288,6,67,67301,2015,12,4,1410,14,1,1,1,1,1, , ,N,0,0,0,3,0,0,2,3,N,N,39 57:53.939,75 11:07.907,1427, ,1420, ,0, ,N, ,0, , , , , ,359351, , , ,3,2,0,0,0,0,0,1,0,0,0,0,0,0,0,0,0,0,0,0,0,0,0,0,0,0,0,0,0,0,0,0,0,0,0,0,0,39.965,-75.1855, , 
N,33270,2015136497,6,67,67301,2015,12,5,55,0,3,1,0,1,1,1,4,Y,0,0,0,3,0,1,3,3,N,N,40 01:37.729,75 01:30.683,55,45,55,3,2,1,N, ,0,N,N,N,N,N,359366,N,Y,N,3,1,0,0,0,0,2,0,0,0,1,0,1,0,0,0,0,0,0,0,1,0,0,0,0,0,0,0,0,0,0,0,0,0,0,3,0,40.0271,-75.0252, , 
 ,33271,2015115101,6,67,67301,2015,10,2,1300,13,1,1,0,4,1, , ,N,1,3,0,3,0,1,2,2,N,N,39 57:10.602,75 10:23.843,1755, ,1741, ,0, ,N, ,3, , , , , ,359375, , , ,2,0,1,0,1,0,0,0,0,0,0,1,1,0,1,0,0,0,0,0,1,0,0,0,0,0,0,0,0,0,0,0,0,0,0,4,0,39.9529,-75.1733, , 
 ,33272,2016012465,6,67,67301,2015,12,6,108,1,3,5,1,1,1, , ,N,0,0,0,3,0,1,4,2,N,N,40 06:02.437,75 01:26.184,116, ,111, ,0, ,N, ,0, , , , , ,359393, , , ,2,2,0,0,0,0,0,0,0,0,0,1,1,0,0,0,0,0,0,1,0,0,0,0,0,0,0,0,0,0,0,0,0,0,0,4,0,40.1007,-75.0239, , 
 ,33273,2015114553,6,67,67301,2015,10,4,1450,14,1,1,0,1,1, , ,N,2,2,0,3,0,1,3,2,N, ,39 59:02.982,75 11:16.958,1511, ,1510, ,0, , , ,3, , , , , ,359396, , , ,2,2,0,0,0,0,0,0,0,0,0,0,1,1,0,0,0,0,0,0,0,0,0,0,0,0,0,0,0,0,0,0,0,0,0,8,0,39.9843,-75.188, , 
 ,33274,2015115130,6,67,67301,2015,10,2,1805,18,3,1,0,4,1, , ,N,1,2,0,3,0,3,3,2,N,N,40 01:17.505,75 03:06.381,1840, ,1835,1,2,2,N, ,3,Y, , , , ,359398, , , ,2,1,0,0,0,0,0,1,0,0,0,3,3,0,0,0,0,0,0,0,1,0,0,0,0,0,0,0,0,0,0,0,0,0,0,4,0,40.0215,-75.0518, , 
 ,33275,2015117588,6,67,67301,2015,10,7,2315,23,3,1,0,5,6, , ,N,0,0,0,3,0,0,1,3,N,N,40 00:39.196,75 04:47.625,2316, ,2315, ,0, ,N, ,0, , , , , ,359401, , , ,3,3,0,0,0,0,0,0,0,0,0,0,0,0,1,0,0,0,0,0,0,0,0,0,0,0,0,0,0,0,0,0,0,0,0,9,0,40.0109,-75.0799, , 
 ,33276,2015121030,6,67,67301,2015,10,6,2250,22,3,1,0,8,1, , ,N,0,0,0,3,0,1,3,2,N,N,40 02:02.461,75 08:23.407,2255, ,2253, ,0, , , ,0, , , , , ,359403, , , ,1,1,0,0,0,0,0,0,0,0,0,1,1,0,0,0,0,0,0,0,0,0,0,0,0,0,0,0,0,0,0,0,1,0,0,4,0,40.034,-75.1398, , 
 ,33277,2015130220,6,67,67301,2015,11,3,1740,17,3,2,1,8,1, , ,N,2,3,0,3,0,1,2,2,N, ,39 59:52.120,75 07:26.273,1743, ,1740, ,0, , , ,3, , , , , ,359413, , , ,1,1,0,0,0,0,0,0,0,0,0,1,1,0,0,0,0,0,0,0,0,0,0,1,0,0,0,0,0,0,0,0,1,0,0,4,0,39.9978,-75.124, , 
 ,33278,2015112274,6,67,67301,2015,10,5,1907,19,3,1,0,1,1, , ,N,0,0,0,3,0,2,4,3,N,N,39 58:49.647,75 06:17.146,1907, ,1907,1,1,2,N, ,0,N, , , , ,359426, , , ,3,3,0,0,0,0,0,0,0,0,0,0,2,2,0,0,0,0,0,0,0,0,1,0,0,0,0,0,0,0,0,0,0,0,0,8,0,39.9805,-75.1048, , 
 ,33279,2015135092,6,67,67301,2015,12,4,2110,21,3,1,0,1,1, , ,N,0,0,0,3,0,1,2,2,N,N,39 55:57.631,75 12:00.133,2124, ,2110, ,0, ,N, ,0, , , , , ,359439, , , ,2,1,0,0,0,0,1,0,0,0,0,0,1,1,1,0,0,0,0,0,0,0,0,0,0,0,0,0,0,0,0,0,0,0,0,8,0,39.9327,-75.2, , 
 ,33280,2015115013,6,67,67301,2015,10,2,1825,18,3,1,0,4,1, , ,N,1,3,0,3,0,2,3,2,N,N,39 55:44.821,75 09:07.037,1840, ,1836,2,2,2,N, ,3,Y, , , , ,359458, , , ,2,2,0,0,0,0,0,0,0,0,0,2,2,0,1,0,0,0,0,0,0,0,0,0,0,0,0,0,0,0,0,0,0,0,0,4,0,39.9291,-75.152, , 
 ,33281,2015063995,6,67,67301,2015,6,5,1632,16,1,1,0,8,1, , ,N,1,0,0,3,0,1,2,2,N, ,39 59:31.948,75 08:29.537,1641, ,1634, ,0, , , ,0, , , , , ,359478, , , ,1,1,0,0,0,0,0,0,0,0,0,1,1,0,0,0,0,0,0,0,1,0,0,0,0,0,0,0,0,0,0,0,1,0,0,4,0,39.9922,-75.1415, , 
 ,33282,2016013998,6,67,67301,2015,10,5,825,8,1,9,8,8,1, , ,N,1,2,0,3,0,1,2,2,N,N,39 57:14.269,75 10:35.987,900, ,900, ,0, ,N, ,1, , , , , ,362236, , , ,1,0,0,0,0,0,0,0,0,0,0,0,1,1,0,0,0,0,0,0,0,0,0,0,0,0,0,0,0,0,0,0,1,0,0,8,0,39.954,-75.1767, , 
 ,33283,2016016078,6,67,67301,2015,10,4,1400,14,1,1,0,4,1, , ,N,0,0,0,3,0,0,2,2,N,N,40 02:43.134,75 09:52.433,0, ,0, ,0, ,N, ,0, , , , , ,362238, , , ,2,1,0,0,0,0,1,0,0,0,0,0,0,0,0,0,0,0,0,0,0,0,0,2,0,0,0,0,0,0,0,0,0,0,0,0,0,40.0453,-75.1646, , 
 ,33284,2015053958,6,67,67301,2015,5,6,1007,10,1,1,0,4,1, , ,N,2,3,0,3,0,1,7,2,N,N,39 59:46.252,75 04:32.473,1058, ,1043,3,2,3,N, ,3,N, , , , ,362239, , , ,2,0,0,1,0,0,1,0,0,0,0,1,1,0,2,0,0,0,0,0,0,0,0,0,0,0,0,0,0,0,0,0,0,0,0,4,1,39.9962,-75.0757, , 
 ,33285,2015057036,6,67,67301,2015,5,5,1811,18,1,2,1,7,2, , ,N,0,0,0,3,0,2,2,1,N,N,39 57:00.807,75 08:30.101,1825, ,1811,2,2,2,N, ,0,N, , , , ,362241, , , ,1,1,0,0,0,0,0,0,0,0,0,2,2,0,0,0,0,0,0,0,0,0,0,1,0,0,0,0,0,0,0,0,0,0,0,4,0,39.9502,-75.1417, , 
 ,33286,2015070584,6,67,67301,2015,6,2,1845,18,1,1,0,3,1, , ,N,1,3,0,3,0,1,2,2,N,N,40 04:13.292,75 09:48.383,1845, ,1845, ,0, ,N, ,3, , , , , ,362252, , , ,2,2,0,0,0,0,0,0,0,0,0,1,1,0,1,0,0,0,0,0,0,0,0,0,0,0,0,0,0,0,0,0,0,0,0,4,0,40.0704,-75.1634, , 
 ,33287,2015073710,6,67,67301,2015,7,5,1330,13,1,1,1,1,1, , ,N,1,2,0,3,0,1,3,2,N, ,39 54:57.913,75 14:09.812,1340, ,1334, ,0, , , ,3, , , , , ,362255, , , ,2,1,0,0,0,0,1,0,0,0,0,0,1,1,0,0,0,0,0,0,2,0,0,0,0,0,0,0,0,0,0,0,0,0,0,8,0,39.9161,-75.2361, , 
 ,33288,2015085333,6,67,67301,2015,8,6,1530,15,1,1,0,5,1, , ,N,0,0,0,3,0,1,3,2,N,N,40 01:23.486,75 10:45.266,1625, ,1622, ,0, ,N, ,0, , , , , ,362266, , , ,1,0,0,0,0,0,1,0,1,0,0,1,1,0,0,0,0,0,0,0,0,0,0,0,0,0,0,0,0,0,0,0,0,0,0,4,0,40.0232,-75.1792, , 