wz_ln_closure,objectid_1,crn,district,county,municipality,crash_year,crash_month,day_of_week,time_of_day,hour_of_day,illumination,weather,road_condition,collision_type,relation_to_road,work_zone_type,work_zone_loc,work_zone_ind,intersect_type,tcd_type,location_type,urban_rural,fatal_count,injury_count,person_count,total_units,sch_bus_ind,sch_zone_ind,latitude,longitude,arrival_tm,cons_zone_spd_lim,dispatch_tm,est_hrs_closed,lane_closed,ln_close_dir,ntfy_hiwy_maint,spec_juris_cd,tcd_func_cd,tfc_detour_ind,workers_pres,wz_close_detour,wz_flagger,wz_law_offcr_ind,objectid,wz_moving,wz_other,wz_shlder_mdn,vehicle_count,automobile_count,motorcycle_count,bus_count,small_truck_count,heavy_truck_count,suv_count,van_count,bicycle_count,maj_inj_count,mod_inj_count,min_inj_count,tot_inj_count,unk_inj_deg_count,unk_inj_per_count,driver_count_16yr,driver_count_17yr,driver_count_18yr,driver_count_19yr,driver_count_20yr,driver_count_50_64yr,driver_count_65_74yr,driver_count_75plus,unbelted_occ_count,unb_death_count,unb_maj_inj_count,belted_death_count,belted_maj_inj_count,mcycle_death_count,mcycle_maj_inj_count,bicycle_death_count,bicycle_maj_inj_count,ped_count,ped_death_count,ped_maj_inj_count,max_severity_level,comm_veh_count,dec_lat,dec_long,rdwy_surf_type_cd,county_name
 ,33356,2016004267,6,67,67301,2015,12,6,1547,15,1,1,0,1,1, , ,N,0,0,0,3,0,3,3,3,N,N,39 53:24.943,75 13:14.811,1559, ,1557, ,0, ,N, ,0, , , , , ,362354, , , ,3,1,0,0,1,0,1,0,0,0,0,3,3,0,0,0,0,1,0,0,0,0,0,0,0,0,0,0,0,0,0,0,0,0,0,4,0,39.8903,-75.2208, , 
 ,33357,2016002408,6,67,67301,2015,12,3,1240,12,1,1,0,1,1, , ,N,1,2,0,3,0,1,4,2,N,N,39 57:52.244,75 10:40.261,1250, ,1246, ,0, ,N, ,3, , , , , ,362376, , , ,2,2,0,0,0,0,0,0,0,0,0,1,1,0,0,0,0,0,0,0,1,0,0,0,0,0,0,0,0,0,0,0,0,0,0,4,0,39.9645,-75.1779, , 
 ,33358,2015128654,6,67,67301,2015,11,6,2045,20,3,1,0,1,1, , ,N,0,2,0,3,0,3,5,2,N,N,39 59:32.269,75 08:32.024,2100, ,2100,1,1,3,N, ,3,N, , , , ,362391, , , ,2,0,0,1,0,0,1,0,0,0,0,3,3,0,0,0,0,0,0,0,1,0,0,0,0,0,0,0,0,0,0,0,0,0,0,4,1,39.9923,-75.1422, , 
 ,33359,2016001455,6,67,67301,2015,12,2,615,6,5,1,0,4,1, , ,N,1,2,0,3,0,1,3,2,N,N,40 02:07.082,75 04:14.554,630, ,615, ,0, ,N, ,3, , , , , ,362400, , , ,2,1,0,0,0,0,1,0,0,0,0,1,1,0,0,0,0,0,0,0,0,0,0,3,0,0,0,0,0,0,0,0,0,0,0,4,0,40.0351,-75.0709, , 
 ,33360,2016013945,6,67,67301,2015,12,5,716,7,1,2,1,4,1, , ,N,1,2,0,3,0,0,2,2,N,N,40 01:44.349,75 05:21.034,730, ,720,1,1,1,N, ,3,N, , , , ,362401, , , ,2,2,0,0,0,0,0,0,0,0,0,0,0,0,0,0,0,0,0,0,0,0,0,0,0,0,0,0,0,0,0,0,0,0,0,0,0,40.029,-75.0892, , 
 ,33361,2015120098,6,67,67301,2015,8,3,2130,21,3,1,0,3,1, , ,N,1,2,0,3,0,1,3,2,N,N,39 57:36.149,75 13:29.566,2155, ,2145, ,0, ,N, ,3, , , , , ,362413, , , ,2,0,0,1,0,0,0,1,0,0,0,0,1,1,0,0,0,0,0,0,0,0,0,1,0,0,0,0,0,0,0,0,0,0,0,8,1,39.9599,-75.2249, , 
 ,33362,2015128625,6,67,67301,2015,11,5,1920,19,3,2,1,8,1, , ,N,1,3,0,3,0,1,2,2,N,N,40 03:41.745,75 04:21.896,1924, ,1920, ,0, , , ,3, , , , , ,362422, , , ,1,1,0,0,0,0,0,0,0,0,1,0,1,0,0,0,0,0,0,0,1,0,0,0,0,0,0,0,0,0,0,0,1,0,0,3,0,40.0616,-75.0727, , 
 ,33363,2015131302,6,67,67301,2015,11,6,33,0,3,1,0,5,6, , ,N,0,0,0,3,0,1,2,2,N,N,40 00:59.184,75 09:09.406,111, ,111,2,1,3,N, ,0,N, , , , ,362425, , , ,2,2,0,0,0,0,0,0,0,0,0,1,1,0,0,0,0,0,0,0,0,0,0,0,0,0,0,0,0,0,0,0,0,0,0,4,0,40.0164,-75.1526, , 
 ,33364,2015096120,6,67,67301,2015,8,7,1124,11,1,1,0,4,1, , ,N,2,2,0,3,0,2,3,3,N, ,39 57:36.624,75 08:13.909,1129, ,1126, ,0, , , ,3, , , , , ,362438, , , ,3,1,0,0,0,0,2,0,0,0,0,2,2,0,0,0,0,0,0,0,2,0,0,0,0,0,0,0,0,0,0,0,0,0,0,4,0,39.9602,-75.1372, , 
 ,33365,2015117689,6,67,67301,2015,11,1,1854,18,3,1,0,4,1, , ,N,1,2,0,3,0,1,3,2,N, ,40 02:39.450,75 03:14.767,1919, ,1913, ,0, , , ,3, , , , , ,362452, , , ,2,1,0,0,0,0,0,1,0,0,1,0,1,0,0,0,0,0,0,1,1,0,0,0,0,0,0,0,0,0,0,0,0,0,0,3,0,40.0443,-75.0541, , 
 ,33366,2015102385,6,67,67301,2015,9,4,755,7,1,1,0,1,1, , ,N,0,0,0,3,0,0,6,3,N, ,40 04:22.696,75 11:21.873,825, ,820, ,0, , , ,0, , , , , ,362486, , , ,3,1,0,0,0,0,1,1,0,0,0,0,0,0,0,0,0,1,0,0,1,0,0,0,0,0,0,0,0,0,0,0,0,0,0,0,0,40.073,-75.1894, , 
 ,33367,2015103402,6,67,67301,2015,9,2,2300,23,3,1,0,5,1, , ,N,2,0,0,3,0,2,4,2,N,N,40 01:58.497,75 09:42.706,2308, ,2306, ,0, , , ,0, , , , , ,362489, , , ,2,0,0,0,0,0,1,1,0,0,0,2,2,0,0,0,0,0,0,0,1,0,0,0,0,0,0,0,0,0,0,0,0,0,0,4,0,40.0329,-75.1619, , 
 ,33368,2015048996,6,67,67301,2015,4,1,1430,14,1,1,0,8,1, , ,N,1,2,1,3,0,1,2,2,N,N,39 59:47.157,75 06:48.512,2015, ,2005, ,0, ,N, ,3, , , , , ,362493, , , ,1,0,0,0,0,0,1,0,0,0,0,1,1,0,0,0,0,0,0,0,0,0,0,0,0,0,0,0,0,0,0,0,1,0,0,4,0,39.9964,-75.1135, , 
 ,33369,2015056628,6,67,67301,2015,5,1,425,4,3,1,0,7,4, , ,N,0,0,1,3,0,2,2,1,N,N,39 57:10.466,75 10:54.533,435, ,426,2,2,4,N, ,0,Y, , , , ,362499, , , ,1,1,0,0,0,0,0,0,0,0,1,1,2,0,0,0,0,0,0,0,0,0,0,0,0,0,0,0,0,0,0,0,0,0,0,3,0,39.9529,-75.1818, , 
 ,33370,2015058839,6,67,67301,2015,5,7,404,4,3,1,0,1,1, , ,N,0,0,0,3,0,2,5,3,N,N,39 55:32.470,75 11:38.339,444, ,428,2,1,3,N, ,0,N, , , , ,362501, , , ,3,2,0,0,1,0,0,0,0,0,0,2,2,0,0,0,0,1,0,0,0,1,0,0,0,0,0,0,0,0,0,0,0,0,0,4,0,39.9257,-75.194, , 
 ,33371,2015066191,6,67,67301,2015,6,4,1611,16,1,1,0,4,1, , ,N,2,3,0,3,0,1,2,2,N,Y,39 57:26.240,75 14:15.752,1617, ,1612, ,0, , , ,3, , , , , ,362507, , , ,1,0,0,0,0,0,1,0,1,0,0,1,1,0,0,0,0,0,0,0,0,1,0,0,0,0,0,0,0,0,0,0,0,0,0,4,0,39.9573,-75.2377, , 
 ,33372,2016002348,6,67,67301,2015,12,7,1946,19,3,1,0,4,1, , ,N,1,2,0,3,0,0,7,3,N,N,40 03:06.246,75 07:37.696,1953, ,1951,2,2,7,N, ,3,Y, , , , ,365454, , , ,3,2,0,0,0,0,0,1,0,0,0,0,0,0,0,0,0,0,0,0,0,0,0,0,0,0,0,0,0,0,0,0,0,0,0,0,0,40.0517,-75.1271, , 
 ,33373,2016002536,6,67,67301,2015,12,6,1550,15,1,1,0,4,1, , ,N,1,3,0,3,0,1,2,2,N,N,39 56:43.479,75 09:50.266,1626, ,1616, ,0, ,N, ,3, , , , , ,365455, , , ,1,0,0,0,0,0,0,0,1,0,0,1,1,0,1,0,0,0,0,0,0,0,0,0,0,0,0,0,0,0,0,0,0,0,0,4,0,39.9454,-75.164, , 
 ,33374,2015135828,6,67,67301,2015,12,5,2043,20,3,1,0,4,1, , ,N,1,2,0,3,0,1,2,2,N,N,39 59:07.481,75 14:53.054,2050, ,2045, ,0, ,N, ,3, , , , , ,365463, , , ,2,1,0,0,0,0,1,0,0,0,0,1,1,0,0,0,0,0,0,0,0,1,0,0,0,0,0,0,0,0,0,0,0,0,0,4,0,39.9854,-75.2481, , 
 ,33375,2016000987,6,67,67301,2015,12,6,500,5,3,1,0,6,6, , ,N,0,0,0,3,0,0,2,2,N,N,39 59:32.812,75 07:15.297,515, ,515, ,0, ,N, ,0, , , , , ,365464, , , ,2,1,0,0,1,0,0,0,0,0,0,0,0,0,0,0,0,0,0,0,0,0,0,0,0,0,0,0,0,0,0,0,0,0,0,0,0,39.9924,-75.1209, , 
 ,33376,2016001458,6,67,67301,2015,12,5,1710,17,3,1,0,1,1, , ,N,2,2,0,3,0,1,2,2,N, ,39 57:14.416,75 10:05.601,1738, ,1724, ,0, ,N, ,3, , , , , ,365465, , , ,1,1,0,0,0,0,0,0,1,0,0,1,1,0,0,0,0,0,0,0,0,0,0,1,0,0,0,0,0,0,0,0,0,0,0,4,0,39.954,-75.1682, , 
 ,33377,2016002577,6,67,67301,2015,11,7,1745,17,4,2,1,8,1, , ,N,1,2,0,3,0,1,2,2,N, ,39 56:18.900,75 11:54.432,1750, ,1745, ,0, , , ,3, , , , , ,365467, , , ,1,0,0,1,0,0,0,0,0,0,0,0,1,1,0,0,0,0,0,0,1,0,0,0,0,0,0,0,0,0,0,0,1,0,0,8,1,39.9386,-75.1985, , 
 ,33378,2016013211,6,67,67301,2015,6,7,724,7,3,1,0,1,1, , ,N,0,2,0,3,0,1,3,3,N,N,40 00:35.447,75 12:28.783,0, ,0, ,0, ,N, ,3, , , , , ,365470, , , ,3,2,0,0,0,0,1,0,0,1,0,0,1,0,2,0,0,0,0,0,1,0,0,0,0,0,0,1,0,0,0,0,0,0,0,2,0,40.0098,-75.208, , 
 ,33379,2016022895,6,67,67301,2015,12,5,1050,10,1,1,0,4,1, , ,N,1,2,0,3,0,1,5,2,N,N,39 57:21.859,75 14:16.659,1052, ,1052, ,0, ,N, ,3, , , , , ,365471, , , ,2,2,0,0,0,0,0,0,0,0,0,1,1,0,1,0,0,0,0,0,0,0,0,1,0,0,0,0,0,0,0,0,0,0,0,4,0,39.9561,-75.238, , 
 ,33380,2015105125,6,67,67301,2015,9,4,1035,10,1,1,0,4,1, , ,N,1,2,0,3,0,1,2,2,N,N,39 56:16.313,75 10:00.515,1040, ,1040, ,0, ,N, ,3, , , , , ,365475, , , ,1,0,0,0,0,0,0,0,1,0,1,0,1,0,0,0,0,0,0,0,0,0,0,0,0,0,0,0,0,0,0,0,0,0,0,3,0,39.9379,-75.1667, , 
 ,33381,2015109344,6,67,67301,2015,10,6,759,7,1,2,1,8,1, , ,N,0,0,0,3,0,1,2,2,N, ,40 00:36.256,75 09:59.564,819, ,815, ,0, , , ,0, , , , , ,365478, , , ,1,1,0,0,0,0,0,0,0,0,0,1,1,0,0,0,0,0,0,0,0,0,0,0,0,0,0,0,0,0,0,0,1,0,0,4,0,40.0101,-75.1665, , 
 ,33382,2015133895,6,67,67301,2015,12,4,1807,18,3,2,1,1,1, , ,N,0,0,0,3,0,0,3,4,N,N,39 59:46.670,75 11:48.700,1820, ,1807,1,2,4,N, ,0,N, , , , ,365504, , , ,4,2,0,0,0,0,1,1,0,0,0,0,0,0,0,0,0,0,0,0,0,0,0,0,0,0,0,0,0,0,0,0,0,0,0,0,0,39.9963,-75.1969, , 
 ,33383,2015063928,6,67,67301,2015,6,7,1500,15,1,1,0,8,1, , ,N,1,0,0,3,0,1,3,2,N, ,39 59:50.003,75 07:09.812,1535, ,1520, ,0, , , ,0, , , , , ,365508, , , ,1,0,0,0,0,0,0,1,0,0,0,1,1,0,0,0,0,0,0,0,0,0,0,2,0,0,0,0,0,0,0,0,1,0,0,4,0,39.9972,-75.1194, , 
 ,33384,2015082846,6,67,67301,2015,7,7,748,7,1,1,0,1,1, , ,N,0,0,0,3,0,0,3,3,N,N,39 56:15.215,75 11:54.491,800, ,750, ,0, ,N, ,0, , , , , ,365527, , , ,3,3,0,0,0,0,0,0,0,0,0,0,0,0,0,0,0,0,0,0,0,0,0,0,0,0,0,0,0,0,0,0,0,0,0,0,0,39.9376,-75.1985, , 
 ,33385,2016016061,6,67,67301,2015,10,3,1710,17,4,1,0,1,1, , ,N,0,0,0,3,0,1,3,2,N,N,40 01:21.903,75 08:49.333,0, ,0, ,0, ,N, ,0, , , , , ,365593, , , ,2,2,0,0,0,0,0,0,0,0,1,0,1,0,0,0,0,0,0,0,0,0,0,3,0,0,0,0,0,0,0,0,0,0,0,3,0,40.0228,-75.147, , 
 ,33386,2015092932,6,67,67301,2015,8,5,9999,99,1,1,0,4,1, , ,N,1,0,0,3,0,1,2,2,N,N,39 56:12.858,75 09:00.809,1820, ,9999, ,0, ,N, ,0, , , , , ,365596, , , ,1,0,0,0,1,0,0,0,1,0,0,0,1,1,0,0,0,0,1,0,0,0,0,0,0,0,0,0,0,0,0,0,0,0,0,8,0,39.9369,-75.1502, , 
 ,33387,2015096333,6,67,67301,2015,9,3,1520,15,1,1,0,0,1, , ,N,0,0,0,3,0,0,2,2,N,N,39 59:56.562,75 11:43.983,1525, ,1525, ,0, ,N, ,0, , , , , ,365598, , , ,2,1,0,0,0,0,1,0,0,0,0,0,0,0,0,0,0,0,0,0,1,0,0,0,0,0,0,0,0,0,0,0,0,0,0,0,0,39.999,-75.1956, , 
 ,33388,2016012459,6,67,67301,2015,12,5,200,2,3,2,1,7,2, , ,N,0,0,8,3,0,2,2,1,N,N,39 58:25.168,75 11:37.471,220, ,215, ,0, ,N, ,0, , , , , ,365616, , , ,1,0,0,0,0,0,1,0,0,0,0,2,2,0,0,0,0,0,0,0,0,0,0,0,0,0,0,0,0,0,0,0,0,0,0,4,0,39.9737,-75.1937, , 
 ,33389,2015066292,6,67,67301,2015,6,6,2110,21,3,1,0,4,1, , ,N,5,2,0,3,0,2,3,2,N, ,40 00:17.776,75 10:43.375,2110, ,2110,1,1,4, , ,3,Y, , , , ,365625, , , ,2,2,0,0,0,0,0,0,0,0,2,0,2,0,1,0,0,0,0,0,0,0,0,0,0,0,0,0,0,0,0,0,0,0,0,3,0,40.005,-75.1786, , 
 ,33390,2015097633,6,67,67301,2015,9,5,1951,19,3,1,0,1,1, , ,N,0,0,0,3,0,1,3,2,N,N,39 52:36.458,75 15:21.013,2020, ,1959, ,0, ,N, ,0, , , , , ,369462, , , ,2,2,0,0,0,0,0,0,0,0,0,1,1,0,0,0,0,0,0,0,0,0,0,0,0,0,0,0,0,0,0,0,0,0,0,4,0,39.8768,-75.2558, , 
 ,33391,2015106405,6,67,67301,2015,9,4,825,8,1,1,1,1,1, , ,N,1,1,0,3,0,2,2,2,N, ,40 08:03.425,75 00:32.780,842, ,836,1,1,1, , ,3,N, , , , ,369466, , , ,2,1,0,0,0,0,1,0,0,0,0,2,2,0,0,0,0,0,0,0,0,0,0,0,0,0,0,0,0,0,0,0,0,0,0,4,0,40.1343,-75.0091, , 
 ,33392,2015121047,6,67,67301,2015,10,7,1600,16,1,1,0,7,4, , ,N,6,0,2,3,0,2,2,2,N,N,40 05:52.572,74 59:06.254,1613, ,1604,1,1,3,N, ,0,N, , , , ,369500, , , ,1,1,0,0,0,0,0,0,0,0,0,0,2,2,0,0,0,0,0,1,0,0,0,0,0,0,0,0,0,0,0,0,0,0,0,8,0,40.0979,-74.9851, , 
 ,33393,2015128527,6,67,67301,2015,11,5,1427,14,1,2,1,1,1, , ,N,2,3,0,3,0,1,4,3,N,N,40 00:04.157,75 05:49.913,1432, ,1428, ,0, ,N, ,3, , , , , ,369522, , , ,3,1,0,0,2,0,0,0,0,0,0,1,1,0,0,0,0,0,0,0,1,0,0,0,0,0,0,0,0,0,0,0,0,0,0,4,0,40.0012,-75.0972, , 
 ,33394,2015128631,6,67,67301,2015,11,6,853,8,1,1,0,3,1, , ,N,1,0,0,3,0,1,3,2,N,N,39 59:31.101,75 08:22.965,902, ,856, ,0, , , ,0, , , , , ,369523, , , ,2,1,0,1,0,0,0,0,0,0,0,1,1,0,1,0,0,0,0,0,0,0,0,0,0,0,0,0,0,0,0,0,0,0,0,4,1,39.992,-75.1397, , 
 ,33395,2015131308,6,67,67301,2015,12,3,1958,19,3,2,1,8,1, , ,N,2,0,0,3,0,1,2,2,N, ,39 57:01.420,75 10:21.688,2005, ,2002, ,0, , , ,0, , , , , ,369525, , , ,1,0,0,0,0,0,1,0,0,0,0,1,1,0,0,0,0,0,0,0,0,0,0,0,0,0,0,0,0,0,0,0,1,0,0,4,0,39.9504,-75.1727, , 
 ,33396,2016001004,6,67,67301,2015,12,5,1520,15,1,1,0,4,1, , ,N,1,2,0,3,0,0,2,2,N, ,39 57:14.549,75 10:36.031,1530, ,1525, ,0, , , ,3, , , , , ,369528, , , ,2,2,0,0,0,0,0,0,0,0,0,0,0,0,0,0,0,0,0,0,1,0,0,0,0,0,0,0,0,0,0,0,0,0,0,0,0,39.954,-75.1767, , 
 ,33397,2016002601,6,67,67301,2015,12,4,1814,18,3,1,0,1,1, , ,N,1,3,0,3,0,0,3,2,N,N,39 58:49.566,75 07:36.357,1851, ,1844, ,0, ,N, ,3, , , , , ,369529, , , ,2,2,0,0,0,0,0,0,0,0,0,0,0,0,0,0,0,0,0,1,0,0,0,0,0,0,0,0,0,0,0,0,0,0,0,0,0,39.9804,-75.1268, , 
 ,33398,2016013293,6,67,67301,2015,12,1,2015,20,3,1,0,1,1, , ,N,1,2,0,3,0,3,4,2,N,N,40 02:02.361,75 04:27.863,2032, ,2028,3,1,1,N, ,3,Y, , , , ,369531, , , ,2,1,0,0,1,0,0,0,0,0,1,2,3,0,0,0,0,0,0,0,0,0,0,0,0,0,0,0,0,0,0,0,0,0,0,3,0,40.034,-75.0744, , 
 ,33399,2016019210,6,67,67301,2015,12,1,2020,20,3,1,0,7,1, , ,N,0,0,0,3,0,0,1,1,N,N,40 02:53.084,74 59:56.357,2050, ,2032,2,2,1, , ,0,N, , , , ,369532, , , ,1,1,0,0,0,0,0,0,0,0,0,0,0,0,0,0,0,0,0,0,0,0,0,0,0,0,0,0,0,0,0,0,0,0,0,0,0,40.0481,-74.999, , 
 ,33400,2015121087,6,67,67301,2015,10,6,829,8,1,1,0,4,1, , ,N,1,2,0,3,0,1,2,2,N,N,39 58:15.733,75 09:20.582,859, ,848, ,0, ,N, ,3, , , , , ,369534, , , ,1,1,0,0,0,0,0,0,1,0,1,0,1,0,1,0,0,0,0,0,0,0,0,0,0,0,0,0,0,0,0,0,0,0,0,3,0,39.9709,-75.1557, , 
 ,33401,2015128652,6,67,67301,2015,11,7,1530,15,1,1,0,1,1, , ,N,1,2,0,3,0,0,2,2,N,N,39 59:33.867,75 11:10.148,1710, ,1700, ,0, ,N, ,3, , , , , ,369543, , , ,2,2,0,0,0,0,0,0,0,0,0,0,0,0,2,0,0,0,0,0,0,0,1,0,0,0,0,0,0,0,0,0,0,0,0,9,0,39.9927,-75.1862, , 
 ,33402,2015130461,6,67,67301,2015,11,7,904,9,1,1,0,7,4, , ,N,0,0,0,3,0,0,1,1,N,N,39 52:37.474,75 15:16.468,904, ,904, ,0, ,N, ,0, , , , , ,369547, , , ,1,1,0,0,0,0,0,0,0,0,0,0,0,0,0,0,0,0,0,0,0,0,0,0,0,0,0,0,0,0,0,0,0,0,0,0,0,39.8771,-75.2546, , 
 ,33403,2016012883,6,67,67301,2015,7,6,2145,21,3,2,1,7,2, , ,N,0,0,0,3,0,2,2,2,N,N,39 55:52.533,75 11:57.952,0, ,0, ,0, ,N, ,0, , , , , ,369580, , , ,1,1,0,0,0,0,0,0,0,0,0,0,2,2,0,0,0,0,0,0,1,0,0,0,0,0,0,0,0,0,0,0,0,0,0,8,0,39.9313,-75.1994, , 
 ,33404,2015128531,6,67,67301,2015,11,1,1720,17,3,1,0,4,1, , ,N,2,2,2,3,0,1,5,2,N,N,39 54:44.017,75 09:02.321,1744, ,1744, ,0, ,N, ,3, , , , , ,369594, , , ,2,1,0,0,1,0,0,0,0,0,1,0,1,0,2,0,0,0,0,0,1,0,0,0,0,0,0,0,0,0,0,0,0,0,0,3,0,39.9122,-75.1506, , 
 ,33405,2015128606,6,67,67301,2015,11,7,1922,19,3,1,0,8,1, , ,N,0,0,0,3,0,1,2,2,N, ,40 01:31.861,75 12:45.115,1928, ,1923, ,0, , , ,0, , , , , ,369595, , , ,1,1,0,0,0,0,0,0,0,0,0,0,1,1,0,0,0,0,0,0,0,0,0,0,0,0,0,0,0,0,0,0,1,0,0,8,0,40.0255,-75.2125, , 
 ,33406,2015130275,6,67,67301,2015,11,2,1105,11,1,1,0,1,1, , ,N,2,2,2,3,0,0,4,4,N, ,39 58:23.921,75 07:22.758,1113, ,1109, ,0, , , ,3, , , , , ,369596, , , ,4,1,0,0,0,1,1,1,0,0,0,0,0,0,0,0,0,0,0,0,0,1,0,0,0,0,0,0,0,0,0,0,0,0,0,0,1,39.9735,-75.123, , 
 ,33407,2015079777,6,67,67301,2015,8,7,2258,22,3,1,0,1,1, , ,N,0,0,0,3,0,0,4,2,N,N,39 56:05.527,75 08:41.245,2324, ,2259, ,0, ,N, ,0, , , , , ,369618, , , ,2,0,0,0,1,0,1,0,0,0,0,0,0,0,0,0,0,0,0,1,1,0,0,0,0,0,0,0,0,0,0,0,0,0,0,0,0,39.9349,-75.1448, , 
 ,33408,2015131259,6,67,67301,2015,11,3,1730,17,3,1,0,4,1, , ,N,1,3,0,3,0,2,4,4,N, ,40 03:04.507,75 04:47.582,1805, ,1800, ,0, , , ,3, , , , , ,359623, , , ,4,4,0,0,0,0,0,0,0,0,0,1,2,1,1,0,0,0,1,0,0,0,0,1,0,0,0,0,0,0,0,0,0,0,0,4,0,40.0513,-75.0799, , 
 ,33409,2015131407,6,67,67301,2015,12,4,2120,21,3,1,0,7,2, , ,N,0,0,0,3,0,0,1,1,N,N,39 57:36.648,75 10:53.563,2124, ,2124,1,1,3,N, ,0,N, , , , ,359624, , , ,1,1,0,0,0,0,0,0,0,0,0,0,0,0,0,0,0,0,0,0,0,0,0,0,0,0,0,0,0,0,0,0,0,0,0,0,0,39.9602,-75.1815, , 
 ,33410,2015069659,6,67,67301,2015,6,1,1542,15,1,1,0,4,1, , ,N,1,2,0,3,0,1,2,2,N,N,39 57:00.666,75 08:44.461,1544, ,1544,1,1,4,N, ,3,N, , , , ,359660, , , ,1,0,0,0,0,0,1,0,1,0,0,0,1,1,0,0,0,0,0,0,0,0,0,0,0,0,0,0,0,0,0,0,0,0,0,8,0,39.9502,-75.1457, , 
 ,33411,2015073738,6,67,67301,2015,6,5,1041,10,1,1,0,5,1, , ,N,3,2,0,3,0,1,2,2,N,N,40 01:05.259,75 02:49.875,1043, ,1042, ,0, , , ,3, , , , , ,359666, , , ,2,1,1,0,0,0,0,0,0,0,0,1,1,0,0,0,0,0,0,0,0,1,0,0,0,0,0,0,0,0,0,0,0,0,0,4,0,40.0181,-75.0472, , 
 ,33412,2015061827,6,67,67301,2015,5,2,1645,16,1,1,0,5,1, , ,N,0,0,0,3,0,1,2,2,N,N,40 01:52.389,75 09:16.349,1841, ,1837, ,0, ,N, ,0, , , , , ,359685, , , ,2,2,0,0,0,0,0,0,0,0,0,1,1,0,0,0,0,0,0,0,1,0,0,0,0,0,0,0,0,0,0,0,0,0,0,4,0,40.0312,-75.1545, , 
 ,33413,2015075778,6,67,67301,2015,7,1,304,3,3,1,0,5,1, , ,N,0,0,0,3,0,1,5,2,N,N,39 54:08.558,75 13:29.759,315, ,304,2,1,1,N, ,0,N, , , , ,359696, , , ,2,2,0,0,0,0,0,0,0,0,0,1,1,0,3,0,0,0,0,0,0,0,0,0,0,0,0,0,0,0,0,0,0,0,0,4,0,39.9024,-75.2249, , 
 ,33414,2015081302,6,67,67301,2015,6,4,609,6,1,1,0,7,5, , ,N,0,0,0,3,0,1,1,1,N,N,40 00:28.847,75 04:17.462,625, ,609,2,1,2,N, ,0,N, , , , ,359699, , , ,1,1,0,0,0,0,0,0,0,0,0,1,1,0,0,0,0,0,0,0,0,0,0,0,0,0,0,0,0,0,0,0,0,0,0,4,0,40.008,-75.0715, , 
 ,33415,2015088745,6,67,67301,2015,8,6,1720,17,1,1,0,4,1, , ,N,5,2,2,3,0,0,2,2,N,N,39 57:26.413,75 09:08.132,1745, ,1732,2,2,2,N, ,3,N, , , , ,359706, , , ,2,1,0,0,0,0,1,0,0,0,0,0,0,0,0,0,0,0,0,0,1,0,0,0,0,0,0,0,0,0,0,0,0,0,0,0,0,39.9573,-75.1523, , 
 ,33416,2015088811,6,67,67301,2015,8,2,1710,17,1,2,1,1,1, , ,N,0,0,0,3,0,0,4,3,N,N,40 07:18.495,75 00:58.906,1720, ,1717,1,1,2,N, ,0,N, , , , ,359707, , , ,3,1,0,0,0,0,2,0,0,0,0,0,0,0,2,0,0,0,0,0,2,0,0,0,0,0,0,0,0,0,0,0,0,0,0,9,0,40.1218,-75.0164, , 
 ,33417,2015092981,6,67,67301,2015,8,3,2030,20,4,1,0,4,1, , ,N,1,2,0,3,0,0,2,2,N, ,39 56:45.165,75 14:24.752,2030, ,2046, ,0, , , ,3, , , , , ,359727, , , ,2,2,0,0,0,0,0,0,0,0,0,0,0,0,0,0,0,0,1,0,0,0,0,1,0,0,0,0,0,0,0,0,0,0,0,0,0,39.9459,-75.2403, , 
 ,33418,2015105614,6,67,67301,2015,10,1,2107,21,3,1,0,7,3, , ,N,0,0,0,3,0,1,2,2,N,N,39 56:31.954,75 08:35.802,2121, ,2116,2,2,2,N, ,0,N, , , , ,359743, , , ,2,1,0,0,0,0,1,0,0,0,0,1,1,0,0,0,0,0,0,1,0,0,0,0,0,0,0,0,0,0,0,0,0,0,0,4,0,39.9422,-75.1433, , 
 ,33419,2015133755,6,67,67301,2015,12,7,1003,10,1,1,0,2,6, , ,N,0,0,0,3,0,0,1,3,N, ,40 03:57.415,75 10:02.473,1010, ,1010, ,0, , , ,0, , , , , ,359760, , , ,3,2,0,0,1,0,0,0,0,0,0,0,0,0,0,0,0,0,0,0,0,0,0,0,0,0,0,0,0,0,0,0,0,0,0,0,0,40.0659,-75.1674, , 
 ,33420,2015135945,6,67,67301,2015,12,6,1740,17,3,1,0,4,1, , ,N,1,2,0,3,0,5,6,2,N, ,40 01:44.844,75 05:23.694,1750, ,1744, ,0, , , ,3, , , , , ,359762, , , ,2,1,0,0,0,0,1,0,0,0,0,0,5,5,0,0,0,0,0,0,0,0,1,0,0,0,0,0,0,0,0,0,0,0,0,8,0,40.0291,-75.0899, , 
 ,33421,2016002576,6,67,67301,2015,12,5,1755,17,3,6,1,8,1, , ,N,2,3,0,3,0,1,2,2,N,N,39 56:47.284,75 08:40.167,1805, ,1800, ,0, ,N, ,3, , , , , ,359784, , , ,1,1,0,0,0,0,0,0,0,0,0,1,1,0,0,0,0,0,0,0,0,0,0,0,0,0,0,0,0,0,0,0,1,0,0,4,0,39.9465,-75.1445, , 