wz_ln_closure,objectid_1,crn,district,county,municipality,crash_year,crash_month,day_of_week,time_of_day,hour_of_day,illumination,weather,road_condition,collision_type,relation_to_road,work_zone_type,work_zone_loc,work_zone_ind,intersect_type,tcd_type,location_type,urban_rural,fatal_count,injury_count,person_count,total_units,sch_bus_ind,sch_zone_ind,latitude,longitude,arrival_tm,cons_zone_spd_lim,dispatch_tm,est_hrs_closed,lane_closed,ln_close_dir,ntfy_hiwy_maint,spec_juris_cd,tcd_func_cd,tfc_detour_ind,workers_pres,wz_close_detour,wz_flagger,wz_law_offcr_ind,objectid,wz_moving,wz_other,wz_shlder_mdn,vehicle_count,automobile_count,motorcycle_count,bus_count,small_truck_count,heavy_truck_count,suv_count,van_count,bicycle_count,maj_inj_count,mod_inj_count,min_inj_count,tot_inj_count,unk_inj_deg_count,unk_inj_per_count,driver_count_16yr,driver_count_17yr,driver_count_18yr,driver_count_19yr,driver_count_20yr,driver_count_50_64yr,driver_count_65_74yr,driver_count_75plus,unbelted_occ_count,unb_death_count,unb_maj_inj_count,belted_death_count,belted_maj_inj_count,mcycle_death_count,mcycle_maj_inj_count,bicycle_death_count,bicycle_maj_inj_count,ped_count,ped_death_count,ped_maj_inj_count,max_severity_level,comm_veh_count,dec_lat,dec_long,rdwy_surf_type_cd,county_name
 ,33555,2015130364,6,67,67301,2015,11,4,1535,15,1,1,0,8,1, , ,N,1,2,0,3,0,1,2,2,N,N,40 01:06.607,75 03:27.456,1543, ,1540,3,1,1,N, ,3,N, , , , ,360006, , , ,1,0,0,0,0,1,0,0,0,0,0,0,1,1,0,0,0,0,0,0,1,0,0,0,0,0,0,0,0,0,0,0,1,0,0,8,1,40.0185,-75.0576, , 
 ,33556,2015088740,6,67,67301,2015,8,3,1150,11,1,2,1,4,1, , ,N,1,2,0,3,0,2,2,2,N,N,40 02:49.750,75 04:51.470,1210, ,1157, ,0, ,N, ,3, , , , , ,360023, , , ,2,2,0,0,0,0,0,0,0,0,0,0,2,2,0,0,0,0,0,0,0,0,0,0,0,0,0,0,0,0,0,0,0,0,0,8,0,40.0472,-75.081, , 
 ,33557,2015092563,6,67,67301,2015,8,2,2317,23,3,1,0,7,2, , ,N,0,0,0,3,0,1,1,1,N,N,39 57:07.348,75 10:56.759,2328, ,2318,1,1,3,N, ,0,N, , , , ,360024, , , ,1,1,0,0,0,0,0,0,0,0,0,1,1,0,0,0,0,0,0,0,0,0,0,0,0,0,0,0,0,0,0,0,0,0,0,4,0,39.952,-75.1824, , 
 ,33558,2015111714,6,67,67301,2015,10,7,1445,14,1,1,0,5,6, , ,N,0,0,0,3,0,0,1,3,N,N,40 02:53.732,75 08:33.409,1520, ,1519, ,0, ,N, ,0, , , , , ,360037, , , ,3,2,0,0,0,0,0,1,0,0,0,0,0,0,0,0,0,0,0,0,1,0,0,0,0,0,0,0,0,0,0,0,0,0,0,0,0,40.0483,-75.1426, , 
 ,33559,2015130261,6,67,67301,2015,11,2,1745,17,3,1,0,4,1, , ,N,1,3,0,3,0,0,3,3,N,N,39 57:44.283,75 12:02.720,1830, ,1830, ,0, ,N, ,3, , , , , ,360044, , , ,3,1,0,0,1,0,0,1,0,0,0,0,0,0,0,0,0,0,0,0,1,1,0,0,0,0,0,0,0,0,0,0,0,0,0,0,0,39.9623,-75.2008, , 
 ,33560,2016013247,6,67,67301,2015,7,6,1000,10,1,1,0,1,1, , ,N,0,0,0,3,0,1,2,2,N,N,39 58:59.189,75 12:22.628,0, ,0, ,0, ,N, ,0, , , , , ,360054, , , ,2,1,0,0,0,0,0,0,0,0,1,0,1,0,0,0,0,0,0,0,0,0,0,0,0,0,0,0,0,0,0,0,0,0,0,3,0,39.9831,-75.2063, , 
 ,33561,2015095138,6,67,67301,2015,9,7,1930,19,1,1,0,8,1, , ,N,1,3,0,3,0,1,2,2,N, ,39 54:59.306,75 09:28.681,2201, ,2200, ,0, , , ,3, , , , , ,360082, , , ,1,1,0,0,0,0,0,0,0,0,0,1,1,0,0,0,0,0,0,0,0,0,0,1,0,0,0,0,0,0,0,0,1,0,0,4,0,39.9165,-75.158, , 
 ,33562,2015099081,6,67,67301,2015,9,1,1100,11,1,1,0,1,6, , ,N,0,0,0,3,0,1,1,4,N,N,39 59:27.913,75 08:41.947,1112, ,1109, ,0, ,N, ,0, , , , , ,360086, , , ,4,2,0,0,0,0,1,1,0,0,0,1,1,0,0,0,0,0,0,0,0,0,0,1,0,0,0,0,0,0,0,0,0,0,0,4,0,39.9911,-75.145, , 
 ,33563,2015103313,6,67,67301,2015,9,5,1929,19,3,1,0,8,1, , ,N,1,0,0,3,0,1,2,2,N, ,40 01:47.287,75 13:43.661,1934, ,1932, ,0, , , ,0, , , , , ,360092, , , ,1,1,0,0,0,0,0,0,0,0,0,0,1,1,0,0,0,0,0,0,1,0,0,0,0,0,0,0,0,0,0,0,1,0,0,8,0,40.0298,-75.2288, , 
 ,33564,2015103348,6,67,67301,2015,10,5,1545,15,1,1,0,1,1, , ,N,0,0,0,3,0,1,2,2,N,N,40 00:11.967,75 09:08.712,1605, ,1600, ,0, ,N, ,0, , , , , ,360107, , , ,2,2,0,0,0,0,0,0,0,0,0,0,1,1,0,0,0,0,0,0,1,0,1,0,0,0,0,0,0,0,0,0,0,0,0,8,0,40.0033,-75.1524, , 
 ,33565,2015077843,6,67,67301,2015,7,1,306,3,3,1,0,5,1, , ,N,0,0,0,3,1,0,2,5,N,N,40 01:33.132,75 06:35.708,318, ,306, ,0, ,N,9,0, , , , , ,360126, , , ,5,3,1,0,1,0,0,0,0,0,0,0,0,0,0,0,0,0,0,1,0,0,0,0,0,0,0,0,1,0,0,0,0,0,0,1,0,40.0259,-75.1099,2, 
 ,33566,2015084453,6,67,67301,2015,7,6,1344,13,1,1,0,4,1, , ,N,1,3,0,3,0,1,2,2,N,N,39 57:28.627,75 13:38.423,1400, ,1403, ,0, ,N, ,3, , , , , ,360130, , , ,2,1,0,0,0,0,1,0,0,0,0,1,1,0,0,0,0,0,0,0,0,0,0,0,0,0,0,0,0,0,0,0,0,0,0,4,0,39.958,-75.2273, , 
 ,33567,2015088667,6,67,67301,2015,8,4,2130,21,3,1,0,8,1, , ,N,1,0,0,3,0,1,2,2,N,N,40 01:49.407,75 08:59.762,200, ,200, ,0, ,N, ,0, , , , , ,360134, , , ,1,1,0,0,0,0,0,0,0,0,0,1,1,0,1,0,0,0,0,0,0,0,0,0,0,0,0,0,0,0,0,0,1,0,0,4,0,40.0304,-75.1499, , 
 ,33568,2015135916,6,67,67301,2015,11,2,1030,10,1,1,0,1,1, , ,N,2,2,0,3,0,2,2,2,N,N,39 58:34.521,75 12:33.579,1045, ,1030, ,0, ,N, ,3, , , , , ,360161, , , ,2,1,0,1,0,0,0,0,0,0,0,0,2,2,0,0,0,0,0,0,0,0,0,1,0,0,0,0,0,0,0,0,0,0,0,8,1,39.9762,-75.2093, , 
 ,33569,2015102390,6,67,67301,2015,9,4,1530,15,1,1,0,1,1, , ,N,1,2,0,3,0,2,3,2,N,N,39 57:38.428,75 08:28.873,1537, ,1532, ,0, ,N, ,3, , , , , ,360163, , , ,2,1,0,0,0,0,1,0,0,0,0,2,2,0,0,0,0,0,0,0,1,0,0,0,0,0,0,0,0,0,0,0,0,0,0,4,0,39.9606,-75.1414, , 
 ,33570,2015130079,6,67,67301,2015,11,4,1700,17,3,1,0,4,1, , ,N,1,2,0,3,0,0,3,3,N, ,40 05:45.060,75 01:30.586,1703, ,1701, ,0, , , ,3, , , , , ,360183, , , ,3,3,0,0,0,0,0,0,0,0,0,0,0,0,0,0,0,0,0,0,1,0,0,0,0,0,0,0,0,0,0,0,0,0,0,0,0,40.0959,-75.0252, , 
 ,33571,2015131320,6,67,67301,2015,11,2,835,8,3,2,1,8,1, , ,N,1,2,0,3,0,1,2,2,N,N,39 55:33.806,75 10:57.867,837, ,835,2,2,1,N, ,3,Y, , , , ,360187, , , ,1,1,0,0,0,0,0,0,0,0,0,1,1,0,0,0,0,0,0,0,0,0,0,1,0,0,0,0,0,0,0,0,1,0,0,4,0,39.926,-75.1826, , 
 ,33572,2015060717,6,67,67301,2015,5,3,1808,18,1,1,0,4,1, , ,N,0,0,0,3,0,0,2,2,N,N,39 56:21.636,75 08:35.733,1825, ,1820, ,0, ,N, ,0, , , , , ,360202, , , ,2,2,0,0,0,0,0,0,0,0,0,0,0,0,0,0,0,0,0,0,1,0,0,0,0,0,0,0,0,0,0,0,0,0,0,0,0,39.9393,-75.1433, , 
 ,33573,2015124784,6,67,67301,2015,11,4,46,0,3,1,0,7,7, , ,N,7,0,2,3,1,0,1,1,N,N,39 56:48.978,75 11:16.980,52, ,47,3,2,4,N,0,0,Y, , , , ,360218, , , ,1,1,0,0,0,0,0,0,0,0,0,0,0,0,0,0,0,0,0,0,0,0,0,0,0,0,0,0,0,0,0,0,0,0,0,1,0,39.9469,-75.1881,2, 
 ,33574,2015128048,6,67,67301,2015,11,7,2225,22,3,1,0,7,3, , ,N,1,2,0,3,1,1,3,3,N,N,40 04:16.241,75 02:17.269,2300, ,2226,4,2,7, ,0,3,Y, , , , ,362937, , , ,3,2,0,0,0,0,1,0,0,0,0,0,1,1,0,0,0,0,1,0,1,0,0,0,0,0,0,0,0,0,0,0,0,0,0,1,0,40.0712,-75.0381,2, 
 ,33575,2016007513,6,67,67301,2015,12,5,1846,18,4,2,1,1,1, , ,N,1,2,0,3,0,0,2,2,N,N,40 04:14.015,75 11:04.774,2040, ,2035, ,0, ,N, ,3, , , , , ,362944, , , ,2,2,0,0,0,0,0,0,0,0,0,0,0,0,0,0,0,0,0,0,0,1,0,0,0,0,0,0,0,0,0,0,0,0,0,0,0,40.0706,-75.1847, , 
 ,33576,2016007683,6,67,67301,2015,12,2,2215,22,6,2,1,5,1, , ,N,6,0,2,3,0,0,2,2,N, ,40 00:34.498,75 11:14.124,9999, ,0, ,0, , , ,0, , , , , ,362945, , , ,2,2,0,0,0,0,0,0,0,0,0,0,0,0,0,0,0,0,0,0,0,0,0,0,0,0,0,0,0,0,0,0,0,0,0,0,0,40.0096,-75.1873, , 
 ,33577,2015133725,6,67,67301,2015,11,7,220,2,2,1,1,7,4, , ,N,0,0,0,3,0,0,1,1,N,N,39 57:52.623,75 13:55.649,220, ,220, ,0, ,N, ,0, , , , , ,362964, , , ,1,1,0,0,0,0,0,0,0,0,0,0,0,0,0,0,0,0,0,0,0,0,0,0,0,0,0,0,0,0,0,0,0,0,0,0,0,39.9646,-75.2321, , 
 ,33578,2015135848,6,67,67301,2015,12,5,810,8,1,1,0,5,1, , ,N,2,2,0,3,0,0,2,2,N, ,39 57:11.353,75 14:55.491,835, ,828, ,0, , , ,3, , , , , ,362966, , , ,2,1,0,0,0,0,1,0,0,0,0,0,0,0,0,0,0,0,0,0,1,0,0,0,0,0,0,0,0,0,0,0,0,0,0,0,0,39.9532,-75.2487, , 
 ,33579,2015067942,6,67,67301,2015,6,3,1255,12,1,1,0,5,1, , ,N,6,0,2,3,0,2,4,2,N,N,40 00:34.498,75 11:14.124,1310, ,1258, ,0, ,N, ,0, , , , , ,362977, , , ,2,1,0,0,0,0,0,1,0,0,0,2,2,0,0,0,0,0,0,0,0,0,0,0,0,0,0,0,0,0,0,0,0,0,0,4,0,40.0096,-75.1873, , 
 ,33580,2015072900,6,67,67301,2015,6,1,735,7,1,1,1,7,2, , ,N,0,0,0,3,0,1,1,1,N,N,39 57:43.287,75 10:57.950,738, ,735, ,0, ,N, ,0, , , , , ,362983, , , ,1,1,0,0,0,0,0,0,0,0,0,1,1,0,0,0,0,0,0,0,0,0,0,0,0,0,0,0,0,0,0,0,0,0,0,4,0,39.962,-75.1828, , 
 ,33581,2015087079,6,67,67301,2015,8,5,1305,13,1,1,0,5,6, , ,N,0,0,0,3,0,1,3,2,N, ,39 57:39.066,75 08:53.779,1340, ,1311,9,1,2, , ,0,N, , , , ,362992, , , ,2,2,0,0,0,0,0,0,0,0,0,1,1,0,1,0,0,0,0,0,1,0,0,0,0,0,0,0,0,0,0,0,0,0,0,4,0,39.9609,-75.1483, , 
 ,33582,2015103260,6,67,67301,2015,9,5,1440,14,1,1,0,1,1, , ,N,1,2,0,3,0,3,4,2,N, ,39 59:12.570,75 10:21.975,1443, ,1441, ,0, , , ,3, , , , , ,363002, , , ,2,1,0,0,0,0,0,1,0,0,0,0,3,3,0,0,0,0,0,0,0,1,0,1,0,0,0,0,0,0,0,0,0,0,0,8,0,39.9868,-75.1728, , 
 ,33583,2015118143,6,67,67301,2015,10,7,1250,12,1,1,0,4,1, , ,N,2,2,0,3,0,1,2,2,N,N,40 02:42.082,75 05:39.051,1157, ,1151, ,0, , , ,3, , , , , ,363047, , , ,1,1,0,0,0,0,0,0,1,0,0,0,1,1,0,0,0,0,0,0,0,0,0,0,0,0,0,0,0,0,0,0,0,0,0,8,0,40.045,-75.0942, , 
 ,33584,2015084390,6,67,67301,2015,7,3,2005,20,3,1,0,5,1, , ,N,1,2,0,3,0,2,5,5,N, ,39 56:40.218,75 09:23.900,2010, ,2006,2,1,2, , ,3,Y, , , , ,363054, , , ,4,2,0,0,1,0,1,0,0,0,1,1,2,0,0,0,0,0,0,0,0,0,0,0,0,0,0,0,0,0,0,0,1,0,0,3,0,39.9445,-75.1566, , 
 ,33585,2015095363,6,67,67301,2015,9,6,1944,19,3,1,0,1,1, , ,N,0,0,0,3,0,0,2,2,N,N,39 59:43.648,75 11:51.890,1956, ,1944, ,0, ,N, ,0, , , , , ,363069, , , ,2,0,0,0,0,0,2,0,0,0,0,0,0,0,0,0,0,0,1,0,0,0,0,0,0,0,0,0,0,0,0,0,0,0,0,0,0,39.9955,-75.1977, , 
 ,33586,2015103426,6,67,67301,2015,9,2,2249,22,3,1,0,4,1, , ,N,2,3,0,3,0,2,2,2,N,N,40 00:51.170,75 08:29.259,2252, ,2250, ,0, ,N, ,3, , , , , ,363077, , , ,2,2,0,0,0,0,0,0,0,0,0,0,2,2,0,0,0,0,0,0,1,0,0,0,0,0,0,0,0,0,0,0,0,0,0,8,0,40.0142,-75.1415, , 
 ,33587,2015129960,6,67,67301,2015,11,7,1310,13,1,1,0,5,6, , ,N,0,0,0,3,0,0,1,2,N,N,40 06:57.038,74 59:23.787,1319, ,1319, ,0, ,N, ,0, , , , , ,363090, , , ,2,0,0,0,0,0,1,1,0,0,0,0,0,0,0,0,0,0,0,0,0,0,1,0,0,0,0,0,0,0,0,0,0,0,0,0,0,40.1158,-74.9899, , 
 ,33588,2015073242,6,67,67301,2015,6,7,1333,13,1,1,0,4,1, , ,N,1,2,0,3,0,0,2,2,N, ,39 57:17.373,75 13:04.418,1400, ,1350, ,0, , , ,3, , , , , ,363097, , , ,2,0,0,0,0,0,2,0,0,0,0,0,0,0,0,0,0,0,0,0,2,0,0,0,0,0,0,0,0,0,0,0,0,0,0,0,0,39.9548,-75.2179, , 
 ,33589,2015103427,6,67,67301,2015,9,6,902,9,1,1,0,6,1, , ,N,0,0,0,3,0,0,2,3,N,N,40 00:59.484,75 06:40.464,935, ,926, ,0, ,N, ,0, , , , , ,363106, , , ,3,2,0,0,0,0,0,1,0,0,0,0,0,0,0,0,0,0,0,0,0,0,0,0,0,0,0,0,0,0,0,0,0,0,0,0,0,40.0165,-75.1112, , 
 ,33590,2015115080,6,67,67301,2015,10,1,1510,15,1,1,0,4,1, , ,N,2,0,7,3,0,2,5,2,N, ,39 58:13.622,75 08:03.883,1532, ,1530,1,2,5, , ,0,N, , , , ,363115, , , ,2,2,0,0,0,0,0,0,0,0,0,2,2,0,0,0,0,0,0,0,0,0,0,0,0,0,0,0,0,0,0,0,0,0,0,4,0,39.9704,-75.1344, , 
 ,33591,2015117605,6,67,67301,2015,10,7,422,4,3,1,0,4,1, , ,N,3,3,0,3,0,1,4,2,N,N,40 01:45.048,75 08:50.535,536, ,535,3,2,6,N, ,3,N, , , , ,363116, , , ,2,1,0,0,0,0,1,0,0,0,0,1,1,0,0,0,0,0,0,0,1,0,0,0,0,0,0,0,0,0,0,0,0,0,0,4,0,40.0292,-75.1474, , 
 ,33592,2015083978,6,67,67301,2015,7,6,1216,12,1,1,0,1,1, , ,N,0,0,0,3,0,1,7,3,N,N,40 00:02.503,75 11:41.175,1224, ,1219,2,2,4,N, ,0,N, , , , ,366021, , , ,3,1,0,0,0,1,0,1,0,0,0,1,1,0,0,0,0,0,0,0,1,0,0,1,0,0,0,0,0,0,0,0,0,0,0,4,1,40.0007,-75.1948, , 
 ,33593,2015084462,6,67,67301,2015,8,7,2057,20,3,1,0,2,1, , ,N,1,2,0,3,0,1,6,2,N,N,40 05:56.929,74 59:43.589,2205, ,2059,3,2,3,N, ,3,N, , , , ,366024, , , ,2,0,0,0,0,0,2,0,0,0,1,0,1,0,0,0,0,0,0,0,0,0,0,0,0,0,0,0,0,0,0,0,0,0,0,3,0,40.0991,-74.9954, , 
 ,33594,2015091128,6,67,67301,2015,8,5,1435,14,1,1,0,4,1, , ,N,1,2,0,3,0,2,3,2,N,N,39 58:53.344,75 07:02.419,1440, ,1436, ,0, ,N, ,3, , , , , ,366041, , , ,2,2,0,0,0,0,0,0,0,0,0,2,2,0,0,0,0,0,0,0,0,0,0,0,0,0,0,0,0,0,0,0,0,0,0,4,0,39.9815,-75.1173, , 
 ,33595,2015108301,6,46,46108,2015,10,7,1824,18,4,1,0,0,1, , ,N,1,2,0,3,0,1,2,1,N,N,40 05:09.819,75 13:49.871,1828, ,1824,2,2,7,N, ,3,Y, , , , ,366054, , , ,1,0,1,0,0,0,0,0,0,0,0,0,1,1,0,0,0,0,0,0,0,0,0,0,0,0,0,0,0,0,0,0,0,0,0,8,0,40.0861,-75.2305, , 
 ,33596,2015115261,6,67,67301,2015,11,4,933,9,1,1,0,1,1, , ,N,7,3,2,3,0,1,2,2,N,N,40 00:31.674,75 12:17.709,933, ,933, ,0, ,N, ,3, , , , , ,366068, , , ,2,1,0,0,1,0,0,0,0,0,0,0,1,1,0,0,0,0,0,0,0,0,0,0,0,0,0,0,0,0,0,0,0,0,0,8,1,40.0088,-75.2049, , 
 ,33597,2015130219,6,67,67301,2015,11,7,1134,11,1,1,0,2,6, , ,N,0,0,0,3,0,0,3,3,N,N,40 04:22.392,75 10:17.415,1140, ,1136, ,0, ,N, ,0, , , , , ,366080, , , ,3,3,0,0,0,0,0,0,0,0,0,0,0,0,0,0,0,0,0,0,0,0,0,0,0,0,0,0,0,0,0,0,0,0,0,0,0,40.0729,-75.1715, , 
 ,33598,2015130368,6,67,67301,2015,11,1,2100,21,3,1,0,4,1, , ,N,1,2,0,3,0,1,2,2,N,N,40 01:45.310,75 05:23.878,2104, ,2100,2,2,2,N, ,3,Y, , , , ,366081, , , ,2,1,0,0,0,0,1,0,0,0,0,0,1,1,0,0,0,0,0,0,1,0,0,0,0,0,0,0,0,0,0,0,0,0,0,8,0,40.0291,-75.0899, , 
 ,33599,2015133732,6,67,67301,2015,11,2,1155,11,1,1,0,8,1, , ,N,0,0,7,3,0,1,2,2,N, ,39 59:24.224,75 06:03.025,1259, ,1253, ,0, , , ,0, , , , , ,366085, , , ,1,0,0,0,0,1,0,0,0,0,0,1,1,0,0,0,0,0,0,0,0,0,0,0,0,0,0,0,0,0,0,0,1,0,0,4,1,39.9901,-75.1008, , 
 ,33600,2016002636,6,67,67301,2015,12,6,700,7,1,1,0,8,1, , ,N,0,0,7,3,0,1,2,2,N,N,39 56:24.421,75 10:00.437,950, ,946, ,0, ,N, ,0, , , , , ,366089, , , ,1,1,0,0,0,0,0,0,0,0,1,0,1,0,0,0,0,0,0,0,0,0,0,0,0,0,0,0,0,0,0,0,1,0,0,3,0,39.9401,-75.1668, , 
 ,33601,2016013968,6,67,67301,2015,12,2,9999,99,3,2,1,4,1, , ,N,1,3,0,3,0,0,3,2,N,N,40 03:34.337,75 09:55.640,606, ,606, ,0, ,N, ,3, , , , , ,366093, , , ,2,0,0,0,0,0,2,0,0,0,0,0,0,0,0,0,0,0,0,0,1,0,0,0,0,0,0,0,0,0,0,0,0,0,0,0,0,40.0595,-75.1655, , 
 ,33602,2016001005,6,67,67301,2015,12,2,1220,12,1,1,0,4,1, , ,N,1,2,0,3,0,2,2,2,N,N,39 58:01.765,75 09:55.285,1232, ,1232, ,0, ,N, ,3, , , , , ,366102, , , ,2,1,0,0,0,0,0,1,0,0,2,0,2,0,0,0,0,0,0,0,2,0,0,0,0,0,0,0,0,0,0,0,0,0,0,3,0,39.9672,-75.1654, , 
 ,33603,2016002011,6,67,67301,2015,12,7,1142,11,1,1,0,7,2, , ,N,0,0,0,3,0,0,1,1,N,N,40 00:39.986,75 03:42.648,1153, ,1143,2,1,2,N, ,0,N, , , , ,366104, , , ,1,1,0,0,0,0,0,0,0,0,0,0,0,0,0,0,0,0,0,0,0,0,0,0,0,0,0,0,0,0,0,0,0,0,0,0,0,40.0111,-75.0618, , 
 ,33604,2016002190,6,67,67301,2015,12,5,610,6,3,2,1,7,3, , ,N,0,0,0,3,0,0,4,3,N,N,39 57:36.375,75 10:49.794,625, ,619,1,1,3,N, ,0,N, , , , ,366105, , , ,3,0,0,0,1,0,2,0,0,0,0,0,0,0,0,0,0,0,1,0,0,0,0,0,0,0,0,0,0,0,0,0,0,0,0,0,0,39.9601,-75.1805, , 
 ,33605,2016013135,6,67,67301,2015,6,6,1800,18,1,1,0,1,1, , ,N,1,2,0,3,0,4,4,2,N,N,40 06:08.954,75 01:43.447,0, ,0, ,0, ,N, ,3, , , , , ,366133, , , ,2,2,0,0,0,0,0,0,0,0,0,3,4,1,0,0,0,0,0,0,0,0,0,0,0,0,0,0,0,0,0,0,0,0,0,4,0,40.1025,-75.0287, , 
 ,33606,2016015113,6,67,67301,2015,9,3,1900,19,1,1,0,4,1, , ,N,1,2,0,3,0,0,4,2,N,N,39 59:21.645,75 07:14.530,0, ,0, ,0, ,N, ,3, , , , , ,366134, , , ,2,1,0,0,0,0,0,1,0,0,0,0,0,0,0,0,0,0,0,0,0,0,0,0,0,0,0,0,0,0,0,0,0,0,0,0,0,39.9893,-75.1207, , 
 ,33607,2016007543,6,67,67301,2015,12,7,9999,99,3,1,0,4,1, , ,N,1,2,0,3,0,4,4,2,N, ,40 00:25.549,75 05:38.543,400, ,400,3,2,4, , ,3,N, , , , ,366141, , , ,2,2,0,0,0,0,0,0,0,0,0,0,4,4,0,0,0,0,0,0,0,0,0,0,0,0,0,0,0,0,0,0,0,0,0,8,0,40.0071,-75.094, , 
 ,33608,2015130290,6,67,67301,2015,11,6,1214,12,1,1,0,1,1, , ,N,1,2,0,3,0,1,11,4,N,N,40 03:35.442,75 09:00.370,1245, ,1242, ,0, ,N, ,3, , , , , ,366149, , , ,4,3,0,0,0,0,1,0,0,0,0,0,1,1,1,0,0,0,0,0,1,0,0,0,0,0,0,0,0,0,0,0,0,0,0,8,0,40.0598,-75.1501, , 
 ,33609,2015131256,6,67,67301,2015,11,5,327,3,3,1,0,7,3, , ,N,1,2,0,3,0,1,1,1,N,N,40 03:14.351,75 02:56.006,330, ,327,1,1,1, , ,3,N, , , , ,366150, , , ,1,1,0,0,0,0,0,0,0,0,0,0,1,1,0,0,0,0,0,0,0,0,0,0,0,0,0,0,0,0,0,0,0,0,0,8,0,40.0541,-75.049, , 
 ,33610,2015088752,6,67,67301,2015,8,2,1620,16,1,1,0,8,1, , ,N,0,0,0,3,0,1,2,2,N,N,39 57:18.775,75 09:21.252,2116, ,1620, ,0, ,N, ,0, , , , , ,369625, , , ,1,1,0,0,0,0,0,0,0,0,0,0,1,1,0,0,0,0,0,0,0,1,0,0,0,0,0,0,0,0,0,0,1,0,0,8,0,39.9552,-75.1559, , 
 ,33611,2015093002,6,67,67301,2015,8,1,912,9,1,1,0,4,1, , ,N,1,3,0,3,0,2,5,2,N, ,39 58:01.531,75 12:23.921,914, ,914, ,0, ,N, ,3, , , , , ,369632, , , ,2,1,0,0,0,0,0,1,0,1,0,0,2,1,0,0,0,0,0,0,0,1,0,1,0,0,0,1,0,0,0,0,0,0,0,2,0,39.9671,-75.2066, , 
 ,33612,2015107442,6,67,67301,2015,9,3,1220,12,1,1,1,8,1, , ,N,0,0,0,3,0,1,4,2,N, ,39 58:13.814,75 14:24.874,1221, ,1220, ,0, , , ,0, , , , , ,369643, , , ,1,1,0,0,0,0,0,0,0,0,0,1,1,0,0,0,0,0,0,0,0,0,0,0,0,0,0,0,0,0,0,0,1,0,0,4,0,39.9705,-75.2402, , 
 ,33613,2015109211,6,67,67301,2015,8,7,2125,21,3,1,0,4,1, , ,N,1,2,0,3,0,0,2,2,N,N,39 58:19.903,75 14:41.959,2145, ,2143,1,1,3,N, ,3,N, , , , ,369647, , , ,2,0,0,0,0,0,2,0,0,0,0,0,0,0,0,0,0,0,0,0,0,0,0,0,0,0,0,0,0,0,0,0,0,0,0,0,0,39.9722,-75.2449, , 
 ,33614,2015112250,6,67,67301,2015,9,7,1737,17,1,1,0,7,5, , ,N,7,0,0,3,0,0,1,1,N,N,40 00:16.947,75 11:45.335,1739, ,1737,2,1,4,N, ,0,Y, , , , ,369656, , , ,1,0,0,0,0,0,1,0,0,0,0,0,0,0,0,0,0,0,0,0,0,0,0,0,0,0,0,0,0,0,0,0,0,0,0,0,0,40.0047,-75.1959, , 
 ,33615,2016007522,6,67,67301,2015,12,5,1400,14,1,1,0,8,1, , ,N,1,0,0,3,0,1,2,2,N,N,40 04:40.173,75 04:34.895,1726, ,1716, ,0, ,N, ,0, , , , , ,369688, , , ,1,0,0,0,0,0,1,0,0,0,0,0,1,1,0,0,0,0,0,0,0,0,1,0,0,0,0,0,0,0,0,0,1,0,0,8,0,40.0778,-75.0764, , 
 ,33616,2015062743,6,67,67301,2015,5,4,1730,17,1,1,0,8,1, , ,N,2,0,0,3,0,1,2,2,N, ,39 59:57.636,75 08:08.519,9999, ,9999, ,0, , , ,0, , , , , ,369691, , , ,1,1,0,0,0,0,0,0,0,1,0,0,1,0,0,0,0,0,0,0,0,0,0,0,0,0,0,0,0,0,0,0,1,0,1,2,0,39.9993,-75.1357, , 
 ,33617,2015070588,6,67,67301,2015,6,5,1945,19,1,1,0,4,1, , ,N,1,2,0,3,0,4,4,2,N,N,39 55:58.508,75 08:55.373,1956, ,1954,2,1,2,N, ,3,N, , , , ,369696, , , ,2,1,0,0,0,0,1,0,0,0,0,0,4,4,0,0,0,0,0,0,1,0,0,0,0,0,0,0,0,0,0,0,0,0,0,8,0,39.9329,-75.1487, , 
 ,33618,2015133765,6,67,67301,2015,11,7,1826,18,3,1,1,1,1, , ,N,0,0,0,3,0,1,7,2,N, ,40 03:09.409,75 05:33.583,1842, ,1836, ,0, , , ,0, , , , , ,369725, , , ,2,0,0,0,0,0,1,1,0,0,0,1,1,0,0,0,0,0,0,0,0,0,0,0,0,0,0,0,0,0,0,0,0,0,0,4,0,40.0526,-75.0927, , 
 ,33619,2015109256,6,67,67301,2015,10,7,810,8,1,1,1,4,1, , ,N,1,2,0,3,0,0,3,2,N,N,40 06:46.663,75 01:22.836,820, ,813,1,1,1,N, ,3,N, , , , ,369735, , , ,2,1,0,0,0,0,0,1,0,0,0,0,0,0,0,0,0,0,0,0,1,0,0,0,0,0,0,0,0,0,0,0,0,0,0,0,0,40.113,-75.023, , 
 ,33620,2015119459,6,67,67301,2015,11,3,2345,23,3,2,1,7,5, , ,N,0,0,0,3,0,0,1,1,N,N,39 56:43.350,75 11:26.088,2, ,2349,2,2,3,N, ,0,N, , , , ,369770, , , ,1,1,0,0,0,0,0,0,0,0,0,0,0,0,0,0,0,0,0,0,0,0,0,0,0,0,0,0,0,0,0,0,0,0,0,0,0,39.9454,-75.1906, , 