wz_ln_closure,objectid_1,crn,district,county,municipality,crash_year,crash_month,day_of_week,time_of_day,hour_of_day,illumination,weather,road_condition,collision_type,relation_to_road,work_zone_type,work_zone_loc,work_zone_ind,intersect_type,tcd_type,location_type,urban_rural,fatal_count,injury_count,person_count,total_units,sch_bus_ind,sch_zone_ind,latitude,longitude,arrival_tm,cons_zone_spd_lim,dispatch_tm,est_hrs_closed,lane_closed,ln_close_dir,ntfy_hiwy_maint,spec_juris_cd,tcd_func_cd,tfc_detour_ind,workers_pres,wz_close_detour,wz_flagger,wz_law_offcr_ind,objectid,wz_moving,wz_other,wz_shlder_mdn,vehicle_count,automobile_count,motorcycle_count,bus_count,small_truck_count,heavy_truck_count,suv_count,van_count,bicycle_count,maj_inj_count,mod_inj_count,min_inj_count,tot_inj_count,unk_inj_deg_count,unk_inj_per_count,driver_count_16yr,driver_count_17yr,driver_count_18yr,driver_count_19yr,driver_count_20yr,driver_count_50_64yr,driver_count_65_74yr,driver_count_75plus,unbelted_occ_count,unb_death_count,unb_maj_inj_count,belted_death_count,belted_maj_inj_count,mcycle_death_count,mcycle_maj_inj_count,bicycle_death_count,bicycle_maj_inj_count,ped_count,ped_death_count,ped_maj_inj_count,max_severity_level,comm_veh_count,dec_lat,dec_long,rdwy_surf_type_cd,county_name
 ,33621,2016000983,6,67,67301,2015,12,3,2049,20,3,1,0,4,1, , ,N,1,2,0,3,0,2,6,2,N,N,40 00:20.692,75 05:56.577,2055, ,2049,3,1,1,N, ,3,Y, , , , ,369788, , , ,2,0,0,0,0,1,1,0,0,0,0,0,2,2,0,0,0,0,0,0,0,0,0,0,0,0,0,0,0,0,0,0,0,0,0,8,0,40.0057,-75.099, , 
 ,33622,2016002967,6,67,67301,2015,12,7,1750,17,3,1,0,5,6, , ,N,0,0,0,3,0,3,4,2,N,N,39 59:55.632,75 10:00.881,1805, ,1755, ,0, ,N, ,0, , , , , ,369791, , , ,2,0,0,1,1,0,0,0,0,0,2,1,3,0,0,0,0,0,0,0,0,0,0,0,0,0,0,0,0,0,0,0,0,0,0,3,1,39.9988,-75.1669, , 
 ,33623,2015130299,6,67,67301,2015,11,7,2118,21,3,1,0,8,1, , ,N,0,0,0,3,0,1,2,2,N,N,40 01:47.316,75 01:54.249,2125, ,2119, ,0, ,N, ,0, , , , , ,369800, , , ,1,1,0,0,0,0,0,0,0,0,0,1,1,0,0,0,0,0,0,0,0,0,0,1,0,0,0,0,0,0,0,0,1,0,0,4,0,40.0298,-75.0317, , 
 ,33624,2015131216,6,67,67301,2015,11,2,2058,20,3,1,0,7,5, , ,N,0,0,0,3,0,0,1,1,N, ,39 54:17.391,75 13:27.215,2104, ,2100, ,0, , , ,0, , , , , ,369803, , , ,1,0,0,0,0,1,0,0,0,0,0,0,0,0,0,0,0,0,0,0,0,0,0,0,0,0,0,0,0,0,0,0,0,0,0,0,1,39.9048,-75.2242, , 
 ,33625,2015133752,6,67,67301,2015,11,3,1335,13,1,2,1,7,4, , ,N,0,0,0,3,0,1,1,2,N,N,39 59:54.283,75 11:36.894,1338, ,1338,1,1,1,N, ,0,N, , , , ,369806, , , ,1,1,0,0,0,0,0,0,0,0,0,1,1,0,0,0,0,0,0,0,0,0,0,0,0,0,0,0,0,0,0,0,0,0,0,4,0,39.9984,-75.1936, , 
 ,33626,2016015616,6,67,67301,2015,11,7,1100,11,1,1,0,4,4, , ,N,0,0,0,3,0,1,4,2,N,N,40 07:19.877,75 00:57.693,0, ,0, ,0, ,N, ,0, , , , , ,369817, , , ,2,1,0,0,0,0,1,0,0,0,0,1,1,0,3,0,0,0,1,0,0,0,0,0,0,0,0,0,0,0,0,0,0,0,0,4,0,40.1222,-75.016, , 
 ,33627,2015128059,6,67,67301,2015,11,6,139,1,3,1,0,8,1, , ,N,0,0,0,3,1,0,2,2,N, ,40 01:32.022,75 02:38.333,142, ,142,9,2,5, ,0,0,Y, , , , ,369843, , , ,1,1,0,0,0,0,0,0,0,0,0,0,0,0,0,0,0,0,0,0,0,0,0,0,0,0,0,0,0,0,0,0,1,1,0,1,0,40.0256,-75.044,2, 
 ,33628,2016002596,6,67,67301,2015,12,7,2115,21,3,1,0,4,1, , ,N,2,2,2,3,0,0,2,2,N,N,39 58:29.060,75 11:57.003,2140, ,2133, ,0, , , ,3, , , , , ,360231, , , ,2,2,0,0,0,0,0,0,0,0,0,0,0,0,0,0,0,0,0,0,0,0,0,0,0,0,0,0,0,0,0,0,0,0,0,0,0,39.9746,-75.1992, , 
 ,33629,2016002621,6,67,67301,2015,12,7,840,8,1,1,0,5,1, , ,N,0,0,0,3,0,2,4,2,N, ,39 55:54.184,75 08:46.222,844, ,842, ,9, , , ,0, , , , , ,360232, , , ,2,1,0,0,0,0,1,0,0,0,0,2,2,0,0,0,0,0,0,0,0,0,0,1,0,0,0,0,0,0,0,0,0,0,0,4,0,39.9317,-75.1462, , 
 ,33630,2015112078,6,67,67301,2015,9,3,1316,13,1,1,0,7,4, , ,N,1,3,0,3,0,1,1,1,N,N,39 55:11.438,75 11:02.788,1322, ,1321, ,0, ,N, ,3, , , , , ,360240, , , ,1,0,0,0,0,1,0,0,0,0,0,1,1,0,0,0,0,0,0,0,0,0,0,0,0,0,0,0,0,0,0,0,0,0,0,4,1,39.9198,-75.1841, , 
 ,33631,2015114542,6,67,67301,2015,10,4,9999,99,1,1,0,8,1, , ,N,2,3,0,3,0,1,2,2,N,N,39 54:37.713,75 10:57.197,1633, ,1632, ,0, ,N, ,3, , , , , ,360243, , , ,1,1,0,0,0,0,0,0,0,0,0,1,1,0,0,0,0,0,0,0,1,0,0,0,0,0,0,0,0,0,0,0,1,0,0,4,0,39.9105,-75.1826, , 
 ,33632,2015127301,6,67,67301,2015,10,5,1217,12,1,1,0,4,1, , ,N,1,2,0,3,0,1,2,2,N,N,40 02:24.861,75 03:30.268,1220, ,1217,1,1,1,N, ,3,N, , , , ,360252, , , ,2,1,0,0,0,0,1,0,0,0,0,1,1,0,0,0,0,0,0,0,1,0,0,0,0,0,0,0,0,0,0,0,0,0,0,4,0,40.0402,-75.0584, , 
 ,33633,2015098385,6,46,46102,2015,9,6,1041,10,1,1,0,1,1, , ,N,0,2,0,3,0,2,4,3,N,N,40 03:58.867,75 05:31.903,1044, ,1042, ,0, ,N, ,3, , , , , ,360261, , , ,3,1,0,0,0,0,0,2,0,0,0,2,2,0,0,0,0,0,0,0,0,0,0,0,0,0,0,0,0,0,0,0,0,0,0,4,0,40.0664,-75.0922, , 
 ,33634,2015101991,6,67,67301,2015,9,2,1510,15,1,1,0,8,1, , ,N,2,2,0,3,0,1,2,2,N,N,40 01:52.459,75 01:18.271,1515, ,1513, ,0, ,N, ,3, , , , , ,360263, , , ,1,1,0,0,0,0,0,0,0,0,0,0,1,1,0,0,0,0,0,0,0,0,0,0,0,0,0,0,0,0,0,0,1,0,0,8,0,40.0312,-75.0217, , 
 ,33635,2015103381,6,67,67301,2015,9,5,1530,15,1,1,0,1,1, , ,N,2,2,0,3,0,3,5,2,N,N,40 01:40.095,75 05:55.134,1548, ,1546, ,0, ,N, ,3, , , , , ,360265, , , ,2,1,0,0,1,0,0,0,0,0,0,0,3,3,0,0,0,0,0,0,1,0,0,0,0,0,0,0,0,0,0,0,0,0,0,8,0,40.0278,-75.0986, , 
 ,33636,2015104509,6,67,67301,2015,5,4,515,5,1,1,0,5,1, , ,N,0,0,3,3,0,1,2,2,N,N,39 54:52.051,75 11:19.842,520, ,515,2,1,3,N, ,0,N, , , , ,360271, , , ,2,0,0,0,1,0,1,0,0,0,0,1,1,0,0,0,0,0,0,0,1,0,0,0,0,0,0,0,0,0,0,0,0,0,0,4,0,39.9145,-75.1888, , 
 ,33637,2015133727,6,67,67301,2015,10,4,132,1,3,1,0,3,6, , ,N,0,0,0,3,0,1,2,2,N,N,39 56:49.432,75 12:55.005,215, ,210, ,0, , , ,0, , , , , ,360289, , , ,2,1,0,0,0,0,0,0,0,0,0,1,1,0,1,0,0,0,0,0,0,0,0,0,0,0,0,0,0,0,0,0,0,0,0,4,0,39.9471,-75.2153, , 
 ,33638,2015085285,6,67,67301,2015,8,1,550,5,1,1,0,5,6, , ,N,0,0,0,3,0,0,1,4,N, ,39 59:12.213,75 09:35.852,604, ,601, ,0, , , ,0, , , , , ,360304, , , ,4,3,0,0,0,0,1,0,0,0,0,0,0,0,0,0,0,0,0,0,0,0,0,0,0,0,0,0,0,0,0,0,0,0,0,0,0,39.9867,-75.16, , 
 ,33639,2015092964,6,67,67301,2015,8,7,1003,10,1,1,0,4,1, , ,N,2,2,0,3,0,1,3,2,N, ,39 55:11.208,75 11:17.768,1009, ,1007, ,0, , , ,3, , , , , ,360311, , , ,2,1,0,0,1,0,0,0,0,0,0,0,1,1,0,0,0,0,0,0,1,0,0,0,0,0,0,0,0,0,0,0,0,0,0,8,0,39.9198,-75.1883, , 
 ,33640,2015109294,6,67,67301,2015,9,7,2303,23,3,9,0,8,1, , ,N,1,3,0,3,0,1,2,2,N,N,40 01:59.829,75 07:04.349,1930, ,1900, ,0, , , ,3, , , , , ,360321, , , ,1,0,0,0,0,0,0,0,0,0,1,0,1,0,1,0,0,0,0,0,0,0,0,0,0,0,0,0,0,0,0,0,1,0,0,3,0,40.0333,-75.1179, , 
 ,33641,2015063838,6,67,67301,2015,6,4,1627,16,1,1,0,4,1, , ,N,1,2,0,3,0,0,3,2,N,N,39 56:22.855,75 13:22.544,1634, ,1633, ,0, , , ,3, , , , , ,360330, , , ,2,2,0,0,0,0,0,0,0,0,0,0,0,0,0,0,0,0,0,0,0,0,1,0,0,0,0,0,0,0,0,0,0,0,0,0,0,39.9397,-75.2229, , 
 ,33642,2015063900,6,67,67301,2015,6,3,826,8,1,2,1,4,1, , ,N,1,2,0,3,0,1,2,2,N,N,39 58:23.617,75 11:01.532,831, ,826, ,0, ,N, ,3, , , , , ,360331, , , ,2,1,0,0,0,0,1,0,0,0,0,1,1,0,0,0,0,0,0,0,0,0,0,0,0,0,0,0,0,0,0,0,0,0,0,4,0,39.9732,-75.1838, , 
 ,33643,2015068055,6,67,67301,2015,6,1,245,2,3,2,1,7,3, , ,N,0,0,0,3,0,2,2,1,N,N,39 56:41.251,75 11:28.689,254, ,248,2,2,3,N, ,0,N, , , , ,360334, , , ,1,1,0,0,0,0,0,0,0,0,0,0,2,2,0,0,0,0,0,0,1,0,0,0,0,0,0,0,0,0,0,0,0,0,0,8,0,39.9448,-75.1913, , 
 ,33644,2015069731,6,67,67301,2015,6,3,1715,17,1,1,0,4,1, , ,N,2,2,0,3,0,0,4,2,N, ,39 59:07.638,75 15:30.761,1725, ,1720, ,0, , , ,3, , , , , ,360337, , , ,2,2,0,0,0,0,0,0,0,0,0,0,0,0,0,0,0,0,0,0,0,0,0,0,0,0,0,0,0,0,0,0,0,0,0,0,0,39.9855,-75.2585, , 
 ,33645,2015072857,6,67,67301,2015,7,7,2205,22,3,1,0,2,1, , ,N,0,0,0,3,0,3,7,2,N,N,40 04:26.667,75 10:40.908,2217, ,2211, ,0, , , ,0, , , , , ,360339, , , ,2,0,0,0,0,0,2,0,0,0,0,2,3,1,1,0,0,0,0,0,0,0,0,0,0,0,0,0,0,0,0,0,0,0,0,4,0,40.0741,-75.178, , 
 ,33646,2015127307,6,67,67301,2015,10,5,1550,15,1,1,0,1,6, , ,N,0,0,0,3,0,1,3,2,N, ,40 02:36.041,75 01:08.964,1556, ,1550, ,0, , , ,0, , , , , ,363126, , , ,2,1,0,0,1,0,0,0,0,0,1,0,1,0,0,0,0,0,0,0,1,0,0,0,0,0,0,0,0,0,0,0,0,0,0,3,0,40.0433,-75.0192, , 
 ,33647,2015115120,6,67,67301,2015,10,6,9999,99,3,1,0,4,1, , ,N,0,0,0,3,0,1,2,2,N,N,40 03:54.867,75 10:05.079,1947, ,1914, ,0, ,N, ,0, , , , , ,363130, , , ,2,1,0,0,0,0,0,1,0,0,0,1,1,0,0,0,0,0,0,0,0,1,0,0,0,0,0,0,0,0,0,0,0,0,0,4,0,40.0652,-75.1681, , 
 ,33648,2015128049,6,67,67301,2015,11,5,858,8,1,1,0,8,1, , ,N,1,2,0,3,0,1,2,2,N,N,39 57:57.056,75 14:02.155,908, ,905, ,0, ,N, ,3, , , , , ,363147, , , ,1,1,0,0,0,0,0,0,0,0,0,1,1,0,0,0,0,0,0,0,0,0,0,0,0,0,0,0,0,0,0,0,1,0,0,4,0,39.9658,-75.2339, , 
 ,33649,2016012467,6,67,67301,2015,12,5,1510,15,1,1,0,8,1, , ,N,0,4,0,3,0,1,2,2,N,N,40 00:55.330,75 12:29.766,1716, ,1711, ,0, ,N, ,3, , , , , ,363156, , , ,1,1,0,0,0,0,0,0,0,0,0,0,1,1,0,0,0,0,0,0,0,0,0,1,0,0,0,0,0,0,0,0,1,0,0,8,0,40.0154,-75.2083, , 
 ,33650,2015106470,6,67,67301,2015,9,3,124,1,3,1,0,5,6, , ,N,0,0,0,3,0,0,1,6,N,N,39 59:28.734,75 09:32.148,128, ,124,2,2,3,N, ,0,Y, , , , ,363169, , , ,6,5,0,0,0,0,0,1,0,0,0,0,0,0,0,0,0,0,0,0,0,0,0,1,0,0,0,0,0,0,0,0,0,0,0,0,0,39.9913,-75.1589, , 
 ,33651,2015114533,6,67,67301,2015,10,1,1703,17,1,1,0,4,1, , ,N,5,2,1,3,0,1,2,2,N,N,40 00:01.004,75 06:23.097,1905, ,1857, ,0, ,N, ,3, , , , , ,363175, , , ,2,1,0,0,0,0,1,0,0,1,0,0,1,0,0,0,0,0,0,0,0,0,0,0,0,0,0,0,0,0,0,0,0,0,0,2,0,40.0003,-75.1064, , 
 ,33652,2015115014,6,67,67301,2015,10,5,1412,14,1,1,0,1,6, , ,N,0,0,0,3,0,1,1,2,N, ,40 01:37.286,75 06:22.543,1559, ,1532,1,2,2, , ,0,N, , , , ,363176, , , ,2,2,0,0,0,0,0,0,0,0,0,1,1,0,0,0,0,0,0,0,0,0,0,0,0,0,0,0,0,0,0,0,0,0,0,4,0,40.027,-75.1063, , 
 ,33653,2015125395,6,67,67301,2015,11,4,2146,21,3,1,0,1,1, , ,N,0,0,0,3,0,1,2,2,N,N,39 58:36.736,75 06:49.568,2157, ,2147, ,0, ,N, ,0, , , , , ,363188, , , ,2,1,0,0,0,1,0,0,0,0,0,0,1,1,0,0,0,0,0,0,2,0,0,0,0,0,0,0,0,0,0,0,0,0,0,8,1,39.9769,-75.1138, , 
 ,33654,2016013660,6,67,67301,2015,8,3,1700,17,1,1,0,1,1, , ,N,0,0,0,3,0,2,3,2,N,N,39 59:11.604,75 09:22.337,0, ,0, ,0, ,N, ,0, , , , , ,363198, , , ,2,0,0,0,0,0,1,0,0,0,2,0,2,0,0,0,0,0,0,0,0,0,0,0,0,0,0,0,0,0,0,0,0,0,0,3,0,39.9866,-75.1562, , 
 ,33655,2015130304,6,67,67301,2015,11,4,1826,18,3,2,1,8,1, , ,N,1,2,0,3,0,1,2,2,N,N,39 57:38.428,75 08:28.873,1831, ,1830, ,0, ,N, ,3, , , , , ,363221, , , ,1,0,0,1,0,0,0,0,0,0,0,1,1,0,0,0,0,0,0,0,0,0,1,0,0,0,0,0,0,0,0,0,1,0,0,4,1,39.9606,-75.1414, , 
 ,33656,2015131253,6,67,67301,2015,11,7,1648,16,1,2,1,8,6, , ,N,0,0,0,3,0,1,2,2,N, ,39 57:34.141,75 11:51.616,1655, ,1652, ,0, ,N, ,0, , , , , ,363222, , , ,1,1,0,0,0,0,0,0,0,0,0,1,1,0,1,0,0,0,0,0,1,0,0,0,0,0,0,0,0,0,0,0,1,0,0,4,0,39.9595,-75.1977, , 
 ,33657,2016000735,6,67,67301,2015,12,6,758,7,1,1,0,7,7, , ,N,0,0,0,3,0,6,10,5,N,N,40 01:36.471,75 01:34.769,805, ,758,2,2,5,N, ,0,Y, , , , ,363224, , , ,5,2,0,0,0,0,1,2,0,1,1,0,6,4,1,0,0,0,0,0,1,0,0,0,0,0,0,1,0,0,0,0,0,0,0,2,0,40.0268,-75.0263, , 
 ,33658,2015103447,6,67,67301,2015,9,3,1208,12,1,1,0,4,1, , ,N,1,2,0,3,0,2,2,2,N,N,40 00:13.024,75 07:56.150,1210, ,1208, ,0, ,N, ,3, , , , , ,363244, , , ,2,2,0,0,0,0,0,0,0,0,0,0,2,2,0,0,0,0,0,0,1,0,0,0,0,0,0,0,0,0,0,0,0,0,0,8,0,40.0036,-75.1323, , 
 ,33659,2015128055,6,67,67301,2015,11,5,2208,22,3,1,0,4,1, , ,N,2,3,0,3,0,1,3,3,N, ,40 07:10.776,75 00:31.301,2220, ,2220, ,0, , , ,3, , , , , ,363266, , , ,3,2,0,0,1,0,0,0,0,0,0,0,1,1,0,0,0,0,0,0,0,0,0,0,0,0,0,0,0,0,0,0,0,0,0,8,0,40.1197,-75.0087, , 
 ,33660,2015128658,6,67,67301,2015,11,1,400,4,3,1,0,6,6, , ,N,0,0,0,3,0,1,1,4,N,N,40 01:39.932,75 10:58.936,440, ,400, ,0, ,N, ,0, , , , , ,363267, , , ,4,3,0,0,0,0,0,1,0,0,1,0,1,0,0,0,0,0,0,0,1,0,0,0,0,0,0,0,0,0,0,0,0,0,0,3,0,40.0278,-75.183, , 
 ,33661,2015129983,6,67,67301,2015,11,5,1445,14,1,1,0,4,1, , ,N,1,2,0,3,0,1,2,2,N, ,40 02:08.995,75 04:39.601,1610, ,1604, ,0, , , ,3, , , , , ,363277, , , ,2,1,0,0,1,0,0,0,0,0,0,1,1,0,0,0,0,0,0,0,1,0,0,1,0,0,0,0,0,0,0,0,0,0,0,4,0,40.0358,-75.0777, , 
 ,33662,2015131337,6,67,67301,2015,12,3,1308,13,1,2,1,4,1, , ,N,2,0,0,3,0,3,4,2,N,N,40 04:52.788,74 59:55.705,1312, ,1309,2,2,6,N, ,0,Y, , , , ,363279, , , ,2,0,0,0,0,0,2,0,0,0,0,1,3,2,1,0,0,0,0,0,0,0,0,0,0,0,0,0,0,0,0,0,0,0,0,4,0,40.0813,-74.9988, , 
 ,33663,2016013771,6,67,67301,2015,12,3,1235,12,1,1,1,4,1, , ,N,1,3,0,3,0,1,2,2,N,N,40 02:34.216,75 10:14.073,1258, ,1234, ,0, ,N, ,3, , , , , ,363284, , , ,2,1,0,0,0,0,1,0,0,0,0,0,1,1,1,0,0,0,0,0,0,0,0,0,0,0,0,0,0,0,0,0,0,0,0,8,0,40.0428,-75.1706, , 
 ,33664,2015133818,6,67,67301,2015,12,6,2132,21,3,1,0,5,1, , ,N,0,0,0,3,0,1,7,3,N,N,39 58:10.561,75 11:32.802,2139, ,2132,1,1,3,N, ,0,N, , , , ,366153, , , ,3,2,0,0,0,0,0,1,0,0,1,0,1,0,1,0,0,0,0,0,0,0,0,0,0,0,0,0,0,0,0,0,0,0,0,3,0,39.9696,-75.1924, , 
 ,33665,2015135896,6,67,67301,2015,12,6,1620,16,1,1,0,4,1, , ,N,2,0,0,3,0,1,2,2,N,N,40 00:37.818,75 06:45.046,1624, ,1622, ,0, ,N, ,0, , , , , ,366154, , , ,1,1,0,0,0,0,0,0,1,0,0,0,1,1,0,0,0,0,0,0,0,0,0,1,0,0,0,0,0,0,0,0,0,0,0,8,0,40.0105,-75.1125, , 
 ,33666,2016002795,6,67,67301,2015,12,2,1531,15,1,1,0,1,1, , ,N,7,0,2,3,0,5,6,4,N,N,40 00:23.964,75 11:36.713,1542, ,1531,1,1,2,N, ,0,N, , , , ,366159, , , ,4,4,0,0,0,0,0,0,0,0,0,0,5,5,0,0,0,0,0,0,0,1,0,0,0,0,0,0,0,0,0,0,0,0,0,8,0,40.0067,-75.1935, , 
 ,33667,2016002638,6,67,67301,2015,12,7,2030,20,3,1,0,1,1, , ,N,2,0,0,3,0,3,4,2,N, ,40 01:26.947,75 09:25.369,2055, ,2049, ,0, , , ,0, , , , , ,366170, , , ,2,1,0,0,0,0,0,1,0,0,0,3,3,0,0,0,0,0,0,0,0,1,0,0,0,0,0,0,0,0,0,0,0,0,0,4,0,40.0242,-75.157, , 
 ,33668,2016000954,6,67,67301,2015,12,7,7,0,3,1,0,1,1, , ,N,1,2,0,3,0,3,3,2,N,N,40 02:03.403,75 04:28.523,27, ,20,2,1,2,N, ,3,Y, , , , ,366192, , , ,2,2,0,0,0,0,0,0,0,1,0,2,3,0,0,0,0,0,0,0,0,0,1,0,0,0,0,0,0,0,0,0,0,0,0,2,0,40.0343,-75.0746, , 
 ,33669,2015063002,6,67,67301,2015,6,2,2257,22,3,2,1,7,2, , ,N,0,0,0,3,0,0,1,1,N,N,39 57:41.550,75 10:57.361,2316, ,2258,2,2,3,N, ,0,Y, , , , ,366201, , , ,1,1,0,0,0,0,0,0,0,0,0,0,0,0,0,0,0,0,0,0,0,0,0,0,0,0,0,0,0,0,0,0,0,0,0,0,0,39.9615,-75.1826, , 
N,33670,2015067285,6,67,67301,2015,6,1,2245,22,3,1,0,0,2,1,4,Y,0,0,0,3,0,0,1,1,N,N,39 58:13.628,75 07:30.079,2257,45,2247,1,1,1,N, ,0,N,N,N,N,N,366206,N,N,Y,1,1,0,0,0,0,0,0,0,0,0,0,0,0,0,0,0,0,0,1,0,0,0,0,0,0,0,0,0,0,0,0,0,0,0,0,0,39.9705,-75.125, , 
 ,33671,2015068296,6,67,67301,2015,6,7,1730,17,1,2,1,5,1, , ,N,0,0,5,3,0,2,2,2,N,N,39 54:33.749,75 09:18.325,1750, ,1738, ,0, ,N, ,0, , , , , ,366207, , , ,2,2,0,0,0,0,0,0,0,0,0,0,2,2,0,0,0,0,0,0,0,0,0,0,0,0,0,0,0,0,0,0,0,0,0,8,0,39.9094,-75.1551, , 
 ,33672,2015096336,6,67,67301,2015,9,4,1415,14,1,1,0,1,1, , ,N,0,0,0,3,0,3,4,3,N,N,39 57:33.099,75 10:20.508,1424, ,1415,2,1,4,N, ,0,N, , , , ,366226, , , ,3,0,0,0,0,0,3,0,0,0,0,2,3,1,0,0,0,0,0,0,1,1,0,0,0,0,0,0,0,0,0,0,0,0,0,4,0,39.9592,-75.1724, , 
 ,33673,2015103328,6,67,67301,2015,9,1,725,7,3,1,0,6,6, , ,N,0,0,0,3,0,1,1,3,N,N,40 03:52.798,75 09:24.225,740, ,730, ,0, , , ,0, , , , , ,366232, , , ,3,2,0,0,0,0,0,1,0,0,1,0,1,0,0,0,0,0,0,0,0,0,0,0,0,0,0,0,0,0,0,0,0,0,0,3,0,40.0647,-75.1567, , 
 ,33674,2015061871,6,67,67301,2015,5,5,2158,21,3,1,0,8,1, , ,N,0,0,0,3,0,1,2,2,N, ,40 01:12.199,75 09:32.238,2245, ,2158, ,0, , , ,0, , , , , ,366251, , , ,1,0,0,0,0,0,0,0,0,0,0,1,1,0,0,0,0,0,0,0,0,0,0,0,0,0,0,0,0,0,0,0,1,0,0,4,0,40.0201,-75.159, , 
 ,33675,2015070104,6,67,67301,2015,6,1,159,1,3,2,1,7,4, , ,N,0,0,0,3,0,0,1,1,N,N,39 55:10.001,75 12:14.992,209, ,159,1,1,4,N, ,0,N, , , , ,366258, , , ,1,0,0,0,0,0,1,0,0,0,0,0,0,0,1,0,0,0,0,0,0,0,0,0,0,0,0,0,0,0,0,0,0,0,0,9,0,39.9194,-75.2042, , 
 ,33676,2015088662,6,67,67301,2015,8,1,1630,16,1,1,0,4,1, , ,N,0,0,0,3,0,1,2,2,N,N,40 00:31.680,75 08:27.338,1657, ,1654, ,0, ,N, ,0, , , , , ,366267, , , ,1,0,0,0,0,0,0,0,1,0,0,1,1,0,0,0,0,0,0,0,0,0,0,0,0,0,0,0,0,0,0,0,0,0,0,4,0,40.0088,-75.1409, , 
 ,33677,2015098960,6,67,67301,2015,9,5,9999,99,1,1,0,1,1, , ,N,1,2,0,3,0,1,2,2,N,N,39 55:05.910,75 12:31.905,1618, ,1510, ,0, ,N, ,3, , , , , ,366274, , , ,2,2,0,0,0,0,0,0,0,0,0,0,1,1,1,0,0,0,0,0,1,0,0,0,0,0,0,0,0,0,0,0,0,0,0,8,0,39.9182,-75.2088, , 
 ,33678,2015098998,6,67,67301,2015,9,7,1025,10,1,8,0,8,1, , ,N,0,0,0,3,0,1,2,2,N,N,39 58:15.700,75 13:43.420,1030, ,1030,1,1,3, , ,0,N, , , , ,366275, , , ,1,1,0,0,0,0,0,0,0,0,0,1,1,0,1,0,0,0,0,0,0,1,0,0,0,0,0,0,0,0,0,0,1,0,0,4,0,39.971,-75.2287, , 
 ,33679,2016005077,6,67,67301,2015,12,1,241,2,3,1,0,2,6, , ,N,0,0,0,3,3,0,3,3,N,N,40 02:07.409,75 01:29.886,258, ,243,9,2,5,N,0,0,Y, , , , ,366293, , , ,3,1,0,0,0,2,0,0,0,0,0,0,0,0,0,0,0,0,0,0,0,0,0,0,0,0,0,0,0,0,0,0,0,0,0,1,2,40.0354,-75.025,2, 
 ,33680,2016007656,6,67,67301,2015,12,1,1009,10,1,6,1,4,1, , ,N,1,2,0,3,0,1,5,2,N,N,39 57:27.914,75 13:09.434,1015, ,1014, ,0, ,N, ,9, , , , , ,366295, , , ,2,2,0,0,0,0,0,0,0,0,0,0,1,1,0,0,0,0,0,0,0,0,0,0,0,0,0,0,0,0,0,0,0,0,0,8,0,39.9562,-75.2196, , 
 ,33681,2015112885,6,67,67301,2015,11,1,210,2,3,1,0,7,3, , ,N,0,0,3,3,0,0,1,1,N,N,39 54:45.581,75 10:29.902,213, ,210,3,1,3,N, ,0,N, , , , ,366309, , , ,1,1,0,0,0,0,0,0,0,0,0,0,0,0,0,0,0,0,0,0,0,0,0,1,0,0,0,0,0,0,0,0,0,0,0,0,0,39.9127,-75.175, , 
 ,33682,2015091142,6,67,67301,2015,8,5,1116,11,1,1,0,1,1, , ,N,1,2,0,3,0,0,2,2,N,N,40 03:45.334,75 00:34.383,1135, ,1126, ,0, ,N, ,3, , , , , ,367891, , , ,2,1,0,0,0,0,1,0,0,0,0,0,0,0,0,0,0,0,0,0,2,0,0,0,0,0,0,0,0,0,0,0,0,0,0,0,0,40.0625,-75.0094, , 
 ,33683,2015098993,6,67,67301,2015,9,2,1730,17,1,1,0,8,1, , ,N,1,2,0,3,0,1,2,2,N,N,39 56:43.252,75 09:05.795,1855, ,1849, ,0, ,N, ,2, , , , , ,367897, , , ,1,1,0,0,0,0,0,0,0,0,0,1,1,0,0,0,0,0,0,0,1,0,0,0,0,0,0,0,0,0,0,0,1,0,0,4,0,39.9453,-75.1516, , 
 ,33684,2015099123,6,67,67301,2015,9,1,1125,11,1,1,0,1,1, , ,N,1,2,0,3,0,2,2,2,N, ,39 59:31.730,75 05:57.398,1135, ,1130, ,0, , , ,3, , , , , ,367898, , , ,2,2,0,0,0,0,0,0,0,0,0,2,2,0,0,0,0,0,0,0,0,0,1,0,0,0,0,0,0,0,0,0,0,0,0,4,0,39.9921,-75.0993, , 
 ,33685,2015109276,6,67,67301,2015,10,6,1100,11,1,2,1,7,4, , ,N,0,0,2,3,0,0,1,1,N,N,40 00:46.306,75 12:16.905,1115, ,1100, ,0, ,N, ,0, , , , , ,367905, , , ,1,1,0,0,0,0,0,0,0,0,0,0,0,0,0,0,0,0,0,0,0,0,0,0,0,0,0,0,0,0,0,0,0,0,0,0,0,40.0129,-75.2047, , 
 ,33686,2015109335,6,67,67301,2015,10,6,1432,14,1,2,1,7,4, , ,N,0,0,0,3,0,1,1,1,N, ,40 02:23.931,75 00:18.872,1500, ,1452, ,0, , , ,0, , , , , ,367906, , , ,1,0,0,0,0,0,1,0,0,0,0,0,1,1,0,0,0,0,0,0,0,0,0,0,0,0,0,0,0,0,0,0,0,0,0,8,0,40.04,-75.0052, , 