wz_ln_closure,objectid_1,crn,district,county,municipality,crash_year,crash_month,day_of_week,time_of_day,hour_of_day,illumination,weather,road_condition,collision_type,relation_to_road,work_zone_type,work_zone_loc,work_zone_ind,intersect_type,tcd_type,location_type,urban_rural,fatal_count,injury_count,person_count,total_units,sch_bus_ind,sch_zone_ind,latitude,longitude,arrival_tm,cons_zone_spd_lim,dispatch_tm,est_hrs_closed,lane_closed,ln_close_dir,ntfy_hiwy_maint,spec_juris_cd,tcd_func_cd,tfc_detour_ind,workers_pres,wz_close_detour,wz_flagger,wz_law_offcr_ind,objectid,wz_moving,wz_other,wz_shlder_mdn,vehicle_count,automobile_count,motorcycle_count,bus_count,small_truck_count,heavy_truck_count,suv_count,van_count,bicycle_count,maj_inj_count,mod_inj_count,min_inj_count,tot_inj_count,unk_inj_deg_count,unk_inj_per_count,driver_count_16yr,driver_count_17yr,driver_count_18yr,driver_count_19yr,driver_count_20yr,driver_count_50_64yr,driver_count_65_74yr,driver_count_75plus,unbelted_occ_count,unb_death_count,unb_maj_inj_count,belted_death_count,belted_maj_inj_count,mcycle_death_count,mcycle_maj_inj_count,bicycle_death_count,bicycle_maj_inj_count,ped_count,ped_death_count,ped_maj_inj_count,max_severity_level,comm_veh_count,dec_lat,dec_long,rdwy_surf_type_cd,county_name
 ,33754,2015128600,6,67,67301,2015,11,5,1037,10,1,2,1,5,1, , ,N,2,0,0,3,0,0,3,2,N,N,40 01:14.225,75 08:55.554,1043, ,1040, ,0, , , ,0, , , , , ,366527, , , ,2,1,0,0,0,0,0,1,0,0,0,0,0,0,0,0,0,0,0,0,0,0,0,0,0,0,0,0,0,0,0,0,0,0,0,0,0,40.0208,-75.1486, , 
 ,33755,2015133894,6,67,67301,2015,12,3,1728,17,3,1,1,5,1, , ,N,0,0,3,3,0,2,5,2,N,N,39 53:35.012,75 11:48.267,1735, ,1728,1,1,2,N, ,0,N, , , , ,366540, , , ,2,2,0,0,0,0,0,0,0,0,0,2,2,0,0,0,0,0,0,1,0,0,0,0,0,0,0,0,0,0,0,0,0,0,0,4,0,39.8931,-75.1967, , 
 ,33756,2016001021,6,67,67301,2015,12,6,1549,15,1,1,0,8,1, , ,N,0,0,7,3,0,1,2,2,N, ,40 04:27.779,75 05:05.293,1705, ,1703, ,0, , , ,0, , , , , ,366542, , , ,1,0,0,0,1,0,0,0,0,0,1,0,1,0,0,0,0,0,0,1,0,0,0,0,0,0,0,0,0,0,0,0,1,0,0,3,0,40.0744,-75.0848, , 
 ,33757,2016002968,6,67,67301,2015,12,3,640,6,3,2,1,6,1, , ,N,0,0,0,3,0,0,2,2,N,N,40 01:44.200,75 11:25.200,655, ,645,1,2,1,N, ,0,N, , , , ,366544, , , ,2,1,0,0,0,0,1,0,0,0,0,0,0,0,0,0,0,0,0,0,1,0,0,0,0,0,0,0,0,0,0,0,0,0,0,0,0,40.0289,-75.1903, , 
 ,33758,2015097613,6,67,67301,2015,9,6,1606,16,1,1,0,1,1, , ,N,0,0,0,3,0,0,3,2,N,N,39 57:31.220,75 10:05.391,1626, ,1607,1,1,4,N, ,0,N, , , , ,369084, , , ,2,2,0,0,0,0,0,0,0,0,0,0,0,0,0,0,0,0,0,0,0,0,0,0,0,0,0,0,0,0,0,0,0,0,0,0,0,39.9587,-75.1682, , 
 ,33759,2015101999,6,67,67301,2015,9,6,1820,18,1,1,0,4,4, , ,N,1,2,0,3,0,1,2,3,N,N,39 59:29.442,75 08:10.101,1830, ,1825, ,0, ,N, ,3, , , , , ,369094, , , ,3,3,0,0,0,0,0,0,0,0,0,0,1,1,0,0,0,0,0,0,0,0,0,0,0,0,0,0,0,0,0,0,0,0,0,8,0,39.9915,-75.1361, , 
 ,33760,2015106394,6,67,67301,2015,9,3,1709,17,1,1,0,4,1,8,8,Y,1,2,0,3,0,1,3,2,N,N,39 57:12.850,75 10:23.484,1709,99,1700, ,0, , , ,3, ,U, , ,U,369101, , , ,1,1,0,0,0,0,0,0,1,0,0,1,1,0,0,0,0,0,0,0,1,0,0,0,0,0,0,0,0,0,0,0,0,0,0,4,0,39.9536,-75.1732, , 
 ,33761,2015109345,6,67,67301,2015,10,6,1310,13,1,2,1,1,1, , ,N,0,2,7,3,0,2,3,3,N,N,40 00:42.795,75 10:06.307,1325, ,1315, ,0, , , ,3, , , , , ,369106, , , ,3,0,0,0,1,0,2,0,0,0,0,2,2,0,0,0,0,0,0,0,2,1,0,0,0,0,0,0,0,0,0,0,0,0,0,4,0,40.0119,-75.1684, , 
 ,33762,2015112264,6,67,67301,2015,10,6,745,7,1,1,0,1,1, , ,N,3,0,2,3,0,0,2,2,N,N,39 59:10.254,75 12:30.335,745, ,745, ,0, ,N, ,0, , , , , ,369109, , , ,2,1,0,0,0,0,1,0,0,0,0,0,0,0,0,0,0,0,0,0,1,1,0,0,0,0,0,0,0,0,0,0,0,0,0,0,0,39.9847,-75.2085, , 
 ,33763,2015115006,6,67,67301,2015,10,2,920,9,1,1,0,8,1, , ,N,0,0,7,3,0,1,2,2,N, ,39 58:17.245,75 09:32.471,938, ,924, ,0, , , ,0, , , , , ,369113, , , ,1,1,0,0,0,0,0,0,0,0,0,0,1,1,0,0,0,0,0,0,0,0,0,1,0,0,0,0,0,0,0,0,1,0,0,8,0,39.9715,-75.159, , 
 ,33764,2016008635,6,67,67301,2015,12,7,1024,10,1,1,0,1,1, , ,N,0,0,0,3,0,1,3,2,N, ,39 59:50.120,75 10:48.702,1039, ,1024, ,0, , , ,0, , , , , ,369127, , , ,2,0,0,1,0,0,1,0,0,0,0,1,1,0,0,0,0,0,0,0,2,0,0,1,0,0,0,0,0,0,0,0,0,0,0,4,1,39.9973,-75.1802, , 
 ,33765,2015112147,6,67,67301,2015,10,4,1231,12,1,1,0,5,1, , ,N,0,0,0,3,0,1,3,2,N, ,40 01:49.653,75 06:13.488,1420, ,1415, ,0, , , ,0, , , , , ,369131, , , ,2,2,0,0,0,0,0,0,0,0,0,0,1,1,0,0,0,0,0,0,0,1,0,0,0,0,0,0,0,0,0,0,0,0,0,8,0,40.0305,-75.1037, , 
 ,33766,2015117675,6,67,67301,2015,10,5,945,9,1,1,0,5,1, , ,N,0,0,0,3,0,1,3,2,N,N,39 57:16.876,75 09:47.277,1919, ,1916, ,0, ,N, ,0, , , , , ,369136, , , ,1,1,0,0,0,0,0,0,1,1,0,0,1,0,0,0,0,0,0,0,0,0,0,1,0,0,0,0,0,0,0,1,0,0,0,2,0,39.9547,-75.1631, , 
 ,33767,2015120518,6,67,67301,2015,10,6,2135,21,3,1,0,8,1, , ,N,0,0,0,3,0,1,2,2,N,N,39 59:00.943,75 08:52.516,2135, ,2135, ,0, , , ,0, , , , , ,369141, , , ,1,1,0,0,0,0,0,0,0,0,1,0,1,0,0,0,0,0,0,0,0,0,0,0,0,0,0,0,0,0,0,0,1,0,0,3,0,39.9836,-75.1479, , 
 ,33768,2015131247,6,67,67301,2015,11,6,1935,19,3,1,0,6,1, , ,N,0,0,0,3,0,0,2,2,N,N,40 07:18.883,75 00:45.727,1944, ,1940, ,0, , , ,0, , , , , ,369163, , , ,2,1,0,0,1,0,0,0,0,0,0,0,0,0,0,0,0,0,0,0,0,0,0,0,0,0,0,0,0,0,0,0,0,0,0,0,0,40.1219,-75.0127, , 
 ,33769,2016000560,6,67,67301,2015,12,5,519,5,3,1,1,7,4, , ,N,0,0,0,3,0,0,1,1,N,N,39 57:33.586,75 10:28.144,530, ,525,1,1,3,N, ,0,N, , , , ,369172, , , ,1,0,0,0,0,0,0,1,0,0,0,0,0,0,0,0,0,0,0,0,0,0,0,0,0,0,0,0,0,0,0,0,0,0,0,0,0,39.9593,-75.1745, , 
 ,33770,2015109357,6,67,67301,2015,10,6,525,5,3,1,0,5,6, , ,N,0,0,0,3,0,1,1,3,N, ,39 57:48.744,75 14:18.574,545, ,530, ,0, , , ,0, , , , , ,369185, , , ,3,1,0,0,0,0,1,0,0,0,0,0,1,1,0,0,0,0,0,0,0,0,0,0,0,0,0,0,0,0,0,0,0,0,0,8,0,39.9635,-75.2385, , 
 ,33771,2015128682,6,67,67301,2015,11,3,2108,21,3,1,0,4,1, , ,N,1,2,0,3,0,2,3,2,N,N,40 01:38.846,75 03:44.583,2108, ,2108, ,0, ,N, ,3, , , , , ,369203, , , ,2,2,0,0,0,0,0,0,0,0,0,0,2,2,0,0,0,0,0,0,0,0,0,1,0,0,0,0,0,0,0,0,0,0,0,8,0,40.0275,-75.0624, , 
 ,33772,2016013910,6,67,67301,2015,12,6,1915,19,3,1,0,1,1, , ,N,1,2,0,3,0,1,2,2,N,N,39 57:37.816,75 13:43.179,1947, ,1947, ,0, ,N, ,3, , , , , ,369212, , , ,2,1,0,0,1,0,0,0,0,0,0,0,1,1,0,0,0,0,0,0,0,0,0,0,0,0,0,0,0,0,0,0,0,0,0,8,0,39.9604,-75.2287, , 
 ,33773,2015135882,6,67,67301,2015,12,6,2216,22,3,1,0,7,5, , ,N,1,0,0,3,0,0,1,1,N,N,39 55:01.315,75 13:53.882,2216, ,2216, ,0, , , ,0, , , , , ,369233, , , ,1,1,0,0,0,0,0,0,0,0,0,0,0,0,0,0,0,0,0,1,0,0,0,0,0,0,0,0,0,0,0,0,0,0,0,0,0,39.917,-75.2316, , 
 ,33774,2016005068,6,67,67301,2015,12,2,1340,13,1,1,1,1,1, , ,N,0,0,0,3,0,0,3,3,N,N,40 00:04.200,75 12:56.600,1405, ,1350, ,0, ,N, ,0, , , , , ,369235, , , ,3,0,0,0,0,1,1,1,0,0,0,0,0,0,1,0,0,0,0,0,1,0,0,0,0,0,0,0,0,0,0,0,0,0,0,9,1,40.0012,-75.2157, , 
 ,33775,2015125369,6,67,67301,2015,11,4,726,7,1,1,0,1,1, , ,N,0,0,0,3,0,0,2,2,N,N,39 53:31.119,75 11:53.102,731, ,729, ,0, ,N, ,0, , , , , ,369248, , , ,2,2,0,0,0,0,0,0,0,0,0,0,0,0,0,0,0,0,0,0,0,1,0,0,0,0,0,0,0,0,0,0,0,0,0,0,0,39.892,-75.1981, , 
 ,33776,2016007511,6,67,67301,2015,12,3,1620,16,1,2,1,4,1, , ,N,1,2,0,3,0,1,2,2,N,N,40 00:31.197,75 04:08.216,2000, ,1950, ,0, ,N, ,9, , , , , ,369261, , , ,2,1,0,0,0,0,1,0,0,0,0,1,1,0,0,0,0,0,0,0,0,0,0,0,0,0,0,0,0,0,0,0,0,0,0,4,0,40.0086,-75.0688, , 
 ,33777,2015080285,6,67,67301,2015,7,1,2210,22,3,1,0,4,1, , ,N,1,0,0,3,1,1,3,2,N,N,40 00:30.528,75 06:31.319,2250, ,2242,3,2,6,N,0,0,Y, , , , ,360505, , , ,2,1,0,0,0,0,1,0,0,0,1,0,1,0,1,0,0,0,0,0,0,0,0,0,0,0,0,0,0,0,0,0,0,0,0,1,0,40.0085,-75.1087,2, 
 ,33778,2015091049,6,67,67301,2015,8,3,40,0,3,1,0,4,1, , ,N,1,2,0,3,0,1,2,2,N, ,39 58:34.718,75 10:59.115,309, ,305, ,0, , , ,3, , , , , ,360508, , , ,1,0,0,0,0,0,1,0,1,0,1,0,1,0,1,0,0,0,0,0,0,0,0,0,0,0,0,0,0,0,0,0,0,0,0,3,0,39.9763,-75.1831, , 
 ,33779,2015112178,6,67,67301,2015,10,7,112,1,2,8,1,7,4, , ,N,0,0,0,3,0,0,2,1,N,N,39 55:05.784,75 14:48.856,128, ,127,1,1,2,N, ,0,N, , , , ,360527, , , ,1,1,0,0,0,0,0,0,0,0,0,0,0,0,0,0,0,0,0,0,0,0,0,0,0,0,0,0,0,0,0,0,0,0,0,0,0,39.9183,-75.2469, , 
 ,33780,2015066291,6,67,67301,2015,6,7,107,1,3,1,0,5,6, , ,N,0,0,0,3,0,0,1,2,N, ,40 01:16.921,75 09:52.038,135, ,132, ,0, , , ,0, , , , , ,360533, , , ,2,2,0,0,0,0,0,0,0,0,0,0,0,0,0,0,0,0,0,0,0,0,0,0,0,0,0,0,0,0,0,0,0,0,0,0,0,40.0214,-75.1645, , 
 ,33781,2016002425,6,67,67301,2015,12,6,1955,19,3,2,1,4,1, , ,N,1,3,0,3,0,1,6,4,N,N,39 57:56.728,75 09:56.354,2001, ,1959, ,0, ,N, ,3, , , , , ,360578, , , ,4,2,0,0,0,0,1,1,0,0,0,0,1,1,2,0,0,0,0,0,0,0,0,0,0,0,0,0,0,0,0,0,0,0,0,8,0,39.9658,-75.1657, , 
 ,33782,2015120212,6,67,67301,2015,11,1,1503,15,1,1,0,7,4, , ,N,0,0,0,3,0,0,2,1,N,N,39 55:53.840,75 11:59.146,1508, ,1506,2,1,3,N, ,0,N, , , , ,360601, , , ,1,1,0,0,0,0,0,0,0,0,0,0,0,0,0,0,0,0,0,0,0,0,0,0,0,0,0,0,0,0,0,0,0,0,0,0,0,39.9316,-75.1998, , 
 ,33783,2015059103,6,67,67301,2015,5,5,1713,17,1,2,1,4,1, , ,N,1,3,0,3,0,0,4,2,N, ,40 03:31.504,75 03:02.099,1720, ,1714, ,0, , , ,3, , , , , ,360604, , , ,2,1,0,0,0,0,1,0,0,0,0,0,0,0,0,0,0,0,0,0,0,0,0,0,0,0,0,0,0,0,0,0,0,0,0,0,0,40.0588,-75.0506, , 
 ,33784,2015072969,6,67,67301,2015,7,5,1719,17,1,1,0,5,1, , ,N,0,0,0,3,0,0,2,2,N,N,39 59:12.083,75 05:29.675,1719, ,1719, ,0, ,N, ,0, , , , , ,360613, , , ,2,2,0,0,0,0,0,0,0,0,0,0,0,0,0,0,0,0,0,0,1,0,0,0,0,0,0,0,0,0,0,0,0,0,0,0,0,39.9867,-75.0916, , 
 ,33785,2015078248,6,67,67301,2015,7,3,9999,99,1,1,0,7,4, , ,N,0,0,0,3,0,1,1,1,N, ,40 01:05.776,75 04:56.055,800, ,736, ,0, , , ,0, , , , , ,360619, , , ,1,1,0,0,0,0,0,0,0,0,0,1,1,0,0,0,0,0,0,0,0,0,0,0,0,0,0,0,0,0,0,0,0,0,0,4,0,40.0183,-75.0822, , 
 ,33786,2015088681,6,67,67301,2015,8,4,1400,14,1,1,0,4,1, , ,N,1,2,0,3,0,1,3,3,N,N,40 01:27.102,75 05:43.897,1418, ,1416, ,0, , , ,3, , , , , ,360627, , , ,3,3,0,0,0,0,0,0,0,0,0,1,1,0,0,0,0,0,0,0,1,0,0,0,0,0,0,0,0,0,0,0,0,0,0,4,0,40.0242,-75.0955, , 
 ,33787,2015088736,6,67,67301,2015,8,7,2140,21,3,1,0,1,1, , ,N,1,2,0,3,0,2,5,2,N,N,39 57:17.840,75 11:01.951,2338, ,2317, ,0, , , ,3, , , , , ,360628, , , ,2,0,0,0,0,0,2,0,0,0,0,2,2,0,0,0,0,0,0,0,0,0,0,0,0,0,0,0,0,0,0,0,0,0,0,4,0,39.9549,-75.1838, , 
 ,33788,2015117666,6,67,67301,2015,10,3,742,7,1,1,0,5,1, , ,N,0,0,0,3,0,1,3,2,N,N,40 04:22.666,75 11:20.160,802, ,746, ,0, ,N, ,0, , , , , ,360648, , , ,2,0,0,1,0,0,0,0,0,0,0,0,1,1,0,0,0,0,0,0,0,0,0,0,0,0,0,0,0,0,0,0,0,0,0,8,1,40.073,-75.1889, , 
 ,33789,2016002413,6,67,67301,2015,12,7,1335,13,1,2,0,7,4, , ,N,0,0,0,3,0,0,1,1,N,N,39 57:22.608,75 09:31.834,1350, ,1343, ,0, ,N, ,0, , , , , ,360659, , , ,1,1,0,0,0,0,0,0,0,0,0,0,0,0,1,0,0,0,0,0,1,0,0,0,0,0,0,0,0,0,0,0,0,0,0,9,0,39.9563,-75.1588, , 
 ,33790,2016017005,6,67,67301,2015,12,7,300,3,3,1,0,5,6, , ,N,0,0,0,3,0,2,2,3,N,N,39 57:44.534,75 14:41.085,315, ,313, ,0, ,N, ,0, , , , , ,360662, , , ,3,2,0,0,0,0,1,0,0,0,0,0,2,2,0,0,0,0,0,0,0,0,0,0,0,0,0,0,0,0,0,0,0,0,0,8,0,39.9624,-75.2447, , 
 ,33791,2015107960,6,67,67301,2015,9,3,1520,15,1,1,0,5,6, , ,N,0,0,0,3,0,0,1,3,N,N,39 59:32.456,75 07:44.367,1527, ,1525, ,0, ,N, ,0, , , , , ,360672, , , ,3,0,0,0,0,0,1,2,0,0,0,0,0,0,0,0,0,0,0,0,0,0,0,0,0,0,0,0,0,0,0,0,0,0,0,0,0,39.9923,-75.129, , 
N,33792,2015133902,6,67,67301,2015,12,1,1919,19,3,1,0,5,1,1,8,Y,0,0,0,3,0,0,5,2,N,N,39 58:26.450,75 07:09.138,1950,45,1921, ,0, ,N, ,0, ,N,N,N,N,360689,N,N,Y,2,0,0,0,0,1,1,0,0,0,0,0,0,0,0,0,0,0,0,0,1,0,0,0,0,0,0,0,0,0,0,0,0,0,0,0,1,39.974,-75.1192, , 
 ,33793,2016002449,6,67,67301,2015,12,3,1431,14,1,1,0,4,1, , ,N,1,2,0,3,0,2,3,2,N, ,40 00:31.197,75 04:08.216,1432, ,1431, ,0, , , ,3, , , , , ,360698, , , ,2,1,0,0,0,0,1,0,0,0,1,1,2,0,1,0,0,0,0,0,0,0,0,0,0,0,0,0,0,0,0,0,0,0,0,3,0,40.0086,-75.0688, , 
 ,33794,2016013862,6,67,67301,2015,12,5,1600,16,3,1,1,2,7, , ,N,2,0,0,3,0,0,2,3,N,N,40 00:03.999,75 06:03.513,1650, ,1643, ,0, ,N, ,0, , , , , ,360699, , , ,3,1,0,0,0,0,0,2,0,0,0,0,0,0,0,0,0,0,0,0,2,0,0,0,0,0,0,0,0,0,0,0,0,0,0,0,0,40.0011,-75.101, , 
 ,33795,2015109212,6,67,67301,2015,10,1,1306,13,1,1,0,4,1, , ,N,1,2,0,3,0,1,2,2,N,N,40 01:49.919,75 07:05.462,1315, ,1312, ,0, ,N, ,3, , , , , ,360716, , , ,2,0,0,0,1,0,1,0,0,0,0,1,1,0,0,0,0,0,0,0,0,0,0,2,0,0,0,0,0,0,0,0,0,0,0,4,0,40.0305,-75.1182, , 
 ,33796,2015099098,6,67,67301,2015,9,6,1958,19,3,1,0,4,1, , ,N,0,0,7,3,0,0,3,4,N,N,40 06:13.910,75 01:52.028,2000, ,1958,1,1,3,N, ,0,N, , , , ,363431, , , ,4,2,0,0,0,0,2,0,0,0,0,0,0,0,0,0,0,0,0,0,0,0,0,0,0,0,0,0,0,0,0,0,0,0,0,0,0,40.1039,-75.0311, , 
 ,33797,2015099114,6,67,67301,2015,9,5,1553,15,1,1,0,8,1, , ,N,1,3,0,3,0,1,5,2,N,N,39 56:04.016,75 11:21.922,1553, ,1553, ,0, ,N, ,3, , , , , ,363439, , , ,1,1,0,0,0,0,0,0,0,0,0,0,1,1,0,0,0,0,0,0,1,0,0,0,0,0,0,0,0,0,0,0,1,0,0,8,0,39.9344,-75.1894, , 
 ,33798,2015101979,6,67,67301,2015,9,4,2357,23,3,1,0,5,6, , ,N,0,0,0,3,0,0,1,4,N, ,40 02:07.967,75 03:12.334,10, ,5, ,0, , , ,0, , , , , ,363442, , , ,4,0,0,0,0,0,4,0,0,0,0,0,0,0,0,0,0,0,0,0,0,0,0,0,0,0,0,0,0,0,0,0,0,0,0,0,0,40.0355,-75.0534, , 
 ,33799,2015107435,6,67,67301,2015,9,3,1515,15,1,1,0,4,1, , ,N,2,3,0,3,0,2,3,2,N,N,40 02:20.497,75 06:02.599,1645, ,1640, ,0, ,N, ,3, , , , , ,363451, , , ,2,1,0,0,0,0,0,1,0,0,0,2,2,0,0,0,0,0,0,0,1,0,0,0,0,0,0,0,0,0,0,0,0,0,0,4,0,40.039,-75.1007, , 
 ,33800,2015117582,6,67,67301,2015,10,3,1557,15,1,1,0,1,1, , ,N,0,0,0,3,0,1,2,2,N,N,40 03:23.967,75 08:57.948,1559, ,1558,3,1,5,N, ,0,Y, , , , ,363462, , , ,2,0,1,0,0,0,0,1,0,1,0,0,1,0,0,0,0,0,0,0,1,0,0,0,0,0,0,0,0,1,0,0,0,0,0,2,0,40.0567,-75.1494, , 
 ,33801,2015088764,6,67,67301,2015,8,6,212,2,3,1,0,5,6, , ,N,0,0,0,3,0,1,1,3,N,N,40 05:11.997,75 01:54.901,223, ,220, ,0, ,N, ,0, , , , , ,363484, , , ,3,2,0,0,0,0,1,0,0,0,0,1,1,0,0,0,0,0,0,0,0,0,0,0,0,0,0,0,0,0,0,0,0,0,0,4,0,40.0867,-75.0319, , 
 ,33802,2015093504,6,67,67301,2015,8,7,1443,14,1,1,0,1,1, , ,N,0,0,0,3,0,0,4,2,N,N,40 01:08.055,75 02:47.862,1513, ,1444, ,0, ,N, ,0, , , , , ,363487, , , ,2,1,0,0,0,0,1,0,0,0,0,0,0,0,0,0,0,0,0,0,0,0,0,0,0,0,0,0,0,0,0,0,0,0,0,0,0,40.0189,-75.0466, , 
 ,33803,2015063836,6,67,67301,2015,6,2,1910,19,4,2,1,7,4, , ,N,1,3,0,3,0,1,3,2,N,N,39 56:36.621,75 14:06.917,1919, ,1913, ,0, ,N, ,3, , , , , ,363509, , , ,1,1,0,0,0,0,0,0,0,0,0,1,1,0,0,0,0,0,0,0,0,0,0,0,0,0,0,0,0,0,0,0,0,0,0,4,0,39.9435,-75.2353, , 
N,33804,2015083615,6,67,67301,2015,7,4,1554,15,1,1,0,1,1,1,4,Y,0,0,0,3,0,1,5,4,N,N,40 01:34.723,75 01:37.959,1606,45,1606,1,1,2,N, ,0,N,N,N,N,N,363522,N,Y,N,4,4,0,0,0,0,0,0,0,0,0,1,1,0,0,0,0,0,0,0,1,0,0,0,0,0,0,0,0,0,0,0,0,0,0,4,0,40.0263,-75.0272, , 
 ,33805,2015085259,6,67,67301,2015,8,2,1315,13,1,1,1,8,1, , ,N,0,0,0,3,0,1,2,2,N, ,39 59:09.694,75 10:00.412,1341, ,1341,2,2,1, , ,0,Y, , , , ,363523, , , ,1,1,0,0,0,0,0,0,0,0,0,1,1,0,1,0,0,0,0,0,0,0,0,0,0,0,0,0,0,0,0,0,1,0,0,4,0,39.986,-75.1668, , 
 ,33806,2015091133,6,67,67301,2015,8,6,9999,99,3,1,0,8,4, , ,N,0,0,0,3,0,1,4,2,N,N,39 58:42.024,75 09:28.353,9999, ,230, ,0, ,N, ,0, , , , , ,363527, , , ,1,1,0,0,0,0,0,0,0,1,0,0,1,0,0,0,0,0,0,0,0,0,0,0,0,0,0,0,0,0,0,0,1,0,1,2,0,39.9783,-75.1579, , 
 ,33807,2015109199,6,67,67301,2015,10,3,159,1,3,1,0,7,4, , ,N,0,0,0,3,0,2,2,1,N,N,39 53:43.215,75 13:51.936,201, ,159,4,2,7, , ,0,Y, , , , ,363533, , , ,1,0,0,0,0,0,1,0,0,1,1,0,2,0,0,0,0,0,0,0,0,0,0,0,0,0,0,1,0,0,0,0,0,0,0,2,0,39.8953,-75.2311, , 
 ,33808,2015112082,6,67,67301,2015,10,5,2145,21,3,1,0,8,1, , ,N,1,3,0,3,0,1,1,2,N,N,40 01:54.696,75 08:11.536,2350, ,2337, ,0, ,N, ,3, , , , , ,363535, , , ,1,1,0,0,0,0,0,0,0,0,0,1,1,0,0,0,0,0,0,0,0,0,0,0,0,0,0,0,0,0,0,0,1,0,0,4,0,40.0319,-75.1365, , 
 ,33809,2015114583,6,67,67301,2015,9,1,1817,18,1,1,0,4,1, , ,N,1,0,0,3,0,1,2,2,N,N,39 57:10.882,75 13:48.813,1821, ,1819,3,2,5,N, ,0,Y, , , , ,363538, , , ,2,2,0,0,0,0,0,0,0,0,0,1,1,0,0,0,0,0,0,0,0,0,0,0,0,0,0,0,0,0,0,0,0,0,0,4,0,39.953,-75.2302, , 
 ,33810,2015114587,6,67,67301,2015,10,6,800,8,1,1,0,4,1, , ,N,1,2,0,3,0,0,2,2,N,N,39 57:03.483,75 09:07.159,835, ,830, ,0, ,N, ,3, , , , , ,363539, , , ,2,1,0,1,0,0,0,0,0,0,0,0,0,0,0,0,0,0,0,0,0,1,0,1,0,0,0,0,0,0,0,0,0,0,0,0,1,39.9509,-75.152, , 
 ,33811,2015134725,6,67,67301,2015,11,1,1010,10,1,2,1,5,6, , ,N,0,0,0,3,0,5,5,5,N, ,39 56:51.822,75 13:55.452,1012, ,1010, ,0, , , ,0, , , , , ,363557, , , ,5,3,0,0,0,1,1,0,0,1,4,0,5,0,0,0,0,0,0,0,0,0,0,5,0,1,0,0,0,0,0,0,0,0,0,2,0,39.9477,-75.2321, , 
 ,33812,2016000947,6,67,67301,2015,12,5,857,8,1,1,0,4,1, , ,N,0,0,0,3,0,2,2,2,N,N,39 59:42.442,75 06:44.011,905, ,902, ,0, ,N, ,0, , , , , ,363560, , , ,2,1,0,0,0,0,1,0,0,0,1,1,2,0,0,0,0,0,0,0,0,0,0,0,0,0,0,0,0,0,0,0,0,0,0,3,0,39.9951,-75.1122, , 
 ,33813,2016002012,6,67,67301,2015,12,1,803,8,1,1,0,7,3, , ,N,0,0,0,3,0,1,1,1,N,N,39 57:35.623,75 10:44.274,813, ,809,2,1,3,N, ,0,N, , , , ,363562, , , ,1,0,0,0,0,0,1,0,0,0,0,1,1,0,0,0,0,0,0,0,0,0,0,0,0,0,0,0,0,0,0,0,0,0,0,4,0,39.9599,-75.179, , 
 ,33814,2016007635,6,67,67301,2015,11,6,1030,10,1,1,0,8,1, , ,N,1,3,0,3,0,1,2,2,N,N,39 55:18.066,75 09:53.654,1110, ,1105, ,0, ,N, ,3, , , , , ,366545, , , ,1,1,0,0,0,0,0,0,0,0,0,1,1,0,1,0,0,0,0,0,0,0,0,0,0,0,0,0,0,0,0,0,1,0,0,4,0,39.9217,-75.1649, , 
 ,33815,2015070604,6,67,67301,2015,6,3,1851,18,4,2,1,4,1, , ,N,1,2,0,3,0,1,2,2,N,N,39 59:30.771,75 10:29.794,2000, ,1939, ,0, ,N, ,3, , , , , ,366558, , , ,2,1,0,0,1,0,0,0,0,0,0,0,1,1,0,0,0,0,0,0,0,0,0,0,0,0,0,0,0,0,0,0,0,0,0,8,0,39.9919,-75.1749, , 
 ,33816,2015071482,6,67,67301,2015,6,5,1102,11,1,1,0,1,1, , ,N,0,0,0,3,0,0,2,2,N,N,39 55:33.030,75 11:38.822,1113, ,1113, ,0, ,N, ,0, , , , , ,366559, , , ,2,2,0,0,0,0,0,0,0,0,0,0,0,0,0,0,0,0,0,0,1,0,0,0,0,0,0,0,0,0,0,0,0,0,0,0,0,39.9258,-75.1941, , 
 ,33817,2015095773,6,67,67301,2015,9,3,317,3,3,1,0,7,4, , ,N,0,0,0,3,0,1,2,1,N, ,39 56:51.126,75 10:07.550,320, ,317, ,0, , , ,0, , , , , ,366577, , , ,1,0,0,0,0,0,1,0,0,0,1,0,1,0,0,0,0,0,1,0,0,0,0,0,0,0,0,0,0,0,0,0,0,0,0,3,0,39.9475,-75.1688, , 
 ,33818,2015096344,6,67,67301,2015,9,5,2136,21,2,2,1,1,1, , ,N,0,0,0,3,0,1,2,2,N,N,39 57:36.586,75 10:48.806,2200, ,2143,2,1,4,N, ,0,N, , , , ,366590, , , ,2,1,0,0,0,0,1,0,0,0,0,0,1,1,0,0,0,0,0,0,1,0,0,0,0,0,0,0,0,0,0,0,0,0,0,8,0,39.9602,-75.1802, , 
 ,33819,2015101992,6,67,67301,2015,9,7,1100,11,1,1,0,1,1, , ,N,5,2,0,3,0,1,2,2,N,N,40 00:01.004,75 06:23.097,1115, ,1115, ,0, ,N, ,3, , , , , ,366600, , , ,2,0,0,0,1,0,1,0,0,0,0,1,1,0,0,0,0,0,0,0,0,0,0,0,0,0,0,0,0,0,0,0,0,0,0,4,0,40.0003,-75.1064, , 