wz_ln_closure,objectid_1,crn,district,county,municipality,crash_year,crash_month,day_of_week,time_of_day,hour_of_day,illumination,weather,road_condition,collision_type,relation_to_road,work_zone_type,work_zone_loc,work_zone_ind,intersect_type,tcd_type,location_type,urban_rural,fatal_count,injury_count,person_count,total_units,sch_bus_ind,sch_zone_ind,latitude,longitude,arrival_tm,cons_zone_spd_lim,dispatch_tm,est_hrs_closed,lane_closed,ln_close_dir,ntfy_hiwy_maint,spec_juris_cd,tcd_func_cd,tfc_detour_ind,workers_pres,wz_close_detour,wz_flagger,wz_law_offcr_ind,objectid,wz_moving,wz_other,wz_shlder_mdn,vehicle_count,automobile_count,motorcycle_count,bus_count,small_truck_count,heavy_truck_count,suv_count,van_count,bicycle_count,maj_inj_count,mod_inj_count,min_inj_count,tot_inj_count,unk_inj_deg_count,unk_inj_per_count,driver_count_16yr,driver_count_17yr,driver_count_18yr,driver_count_19yr,driver_count_20yr,driver_count_50_64yr,driver_count_65_74yr,driver_count_75plus,unbelted_occ_count,unb_death_count,unb_maj_inj_count,belted_death_count,belted_maj_inj_count,mcycle_death_count,mcycle_maj_inj_count,bicycle_death_count,bicycle_maj_inj_count,ped_count,ped_death_count,ped_maj_inj_count,max_severity_level,comm_veh_count,dec_lat,dec_long,rdwy_surf_type_cd,county_name
 ,33820,2015101997,6,67,67301,2015,9,5,2057,20,1,1,0,4,1, , ,N,0,0,0,3,0,1,2,2,N,N,39 59:38.049,75 07:26.585,2057, ,2057, ,0, ,N, ,0, , , , , ,366601, , , ,1,1,0,0,0,0,0,0,1,0,0,1,1,0,0,0,0,0,0,0,0,0,0,0,0,0,0,0,0,0,0,0,0,0,0,4,0,39.9939,-75.1241, , 
 ,33821,2015128689,6,67,67301,2015,11,1,134,1,3,1,0,1,1, , ,N,1,2,0,3,0,0,4,4,N, ,39 57:35.859,75 14:13.747,140, ,137,3,1,3, , ,3,N, , , , ,366624, , , ,4,4,0,0,0,0,0,0,0,0,0,0,0,0,2,0,0,0,0,0,0,0,0,0,0,0,0,0,0,0,0,0,0,0,0,9,0,39.96,-75.2372, , 
 ,33822,2015128693,6,67,67301,2015,11,7,1207,12,1,1,0,7,4, , ,N,0,0,0,3,0,1,1,1,N,N,40 03:29.563,75 02:35.242,1212, ,1209,1,2,3,N, ,0,Y, , , , ,366625, , , ,1,1,0,0,0,0,0,0,0,0,1,0,1,0,0,0,0,0,0,0,0,0,0,1,0,0,0,0,0,0,0,0,0,0,0,3,0,40.0582,-75.0431, , 
 ,33823,2016000990,6,67,67301,2015,12,6,1220,12,1,1,0,1,1, , ,N,0,2,0,3,0,1,2,2,N,N,39 58:38.975,75 13:35.482,1248, ,1246, ,0, ,N, ,3, , , , , ,366643, , , ,2,2,0,0,0,0,0,0,0,0,0,1,1,0,1,0,0,0,0,0,0,0,0,0,0,0,0,0,0,0,0,0,0,0,0,4,0,39.9775,-75.2265, , 
 ,33824,2016007517,6,67,67301,2015,12,3,340,3,3,2,1,1,1, , ,N,1,2,0,3,0,0,2,2,N,N,39 53:40.603,75 14:12.181,352, ,343,2,1,1,N, ,3,N, , , , ,366645, , , ,2,2,0,0,0,0,0,0,0,0,0,0,0,0,1,0,0,0,0,0,0,0,0,0,0,0,0,0,0,0,0,0,0,0,0,9,0,39.8946,-75.2367, , 
 ,33825,2016015527,6,67,67301,2015,11,7,1030,10,1,2,1,1,1, , ,N,1,2,0,3,0,2,2,2,N,N,40 02:56.510,75 11:35.171,0, ,0, ,0, ,N, ,3, , , , , ,366646, , , ,2,2,0,0,0,0,0,0,0,1,0,0,2,1,0,0,0,0,0,0,0,0,0,0,0,0,0,1,0,0,0,0,0,0,0,2,0,40.049,-75.1931, , 
 ,33826,2015131295,6,67,67301,2015,11,1,9999,99,1,2,7,7,5, , ,N,0,0,0,3,0,1,1,1,N, ,39 58:21.124,75 15:14.252,1006, ,1003, ,0, , , ,0, , , , , ,366651, , , ,1,1,0,0,0,0,0,0,0,0,0,1,1,0,0,0,0,0,0,0,0,1,0,0,0,0,0,0,0,0,0,0,0,0,0,4,0,39.9725,-75.254, , 
 ,33827,2015102402,6,67,67301,2015,9,1,1642,16,1,1,0,5,1, , ,N,0,0,0,3,0,1,3,2,N,N,39 57:12.200,75 09:54.400,1700, ,1651, ,0, ,N, ,0, , , , , ,366659, , , ,1,0,0,0,0,0,1,0,1,0,1,0,1,0,0,0,0,0,0,0,1,0,0,0,0,0,0,0,0,0,0,0,0,0,0,3,0,39.9534,-75.1651, , 
 ,33828,2015103449,6,67,67301,2015,9,6,655,6,1,1,0,4,1, , ,N,0,0,7,3,0,1,2,2,N, ,40 04:10.956,75 01:51.257,719, ,714, ,0, , , ,0, , , , , ,366662, , , ,2,2,0,0,0,0,0,0,0,0,0,1,1,0,0,0,0,0,0,0,0,0,0,0,0,0,0,0,0,0,0,0,0,0,0,4,0,40.0697,-75.0309, , 
 ,33829,2015056411,6,67,67301,2015,5,1,2306,23,3,1,0,7,4, , ,N,0,0,0,3,0,1,1,1,N,N,39 59:41.793,75 11:31.387,2310, ,2305,4,1,5,N, ,0,N, , , , ,366679, , , ,1,1,0,0,0,0,0,0,0,0,1,0,1,0,0,0,0,0,0,0,0,0,0,0,0,0,0,0,0,0,0,0,0,0,0,3,0,39.9949,-75.1921, , 
 ,33830,2015056654,6,67,67301,2015,5,7,835,8,1,2,1,7,2, , ,N,6,0,2,3,0,1,2,1,N,N,39 57:26.617,75 08:49.702,848, ,838,1,1,3,N, ,0,N, , , , ,366680, , , ,1,1,0,0,0,0,0,0,0,0,0,0,1,1,0,0,0,0,0,0,1,0,0,0,0,0,0,0,0,0,0,0,0,0,0,8,0,39.9574,-75.1471, , 
 ,33831,2015061880,6,67,67301,2015,5,2,205,2,3,1,0,7,2, , ,N,0,0,0,3,0,1,1,1,N,N,40 05:16.134,74 58:19.777,220, ,210, ,0, ,Y, ,0, , , , , ,366684, , , ,1,0,0,0,1,0,0,0,0,0,0,0,1,1,0,0,0,0,0,0,0,0,0,0,0,0,0,0,0,0,0,0,0,0,0,8,0,40.0878,-74.9722, , 
 ,33832,2016000956,6,67,67301,2015,12,2,2138,21,3,2,1,4,1, , ,N,3,2,0,3,0,2,2,2,N,N,39 58:21.476,75 13:03.992,2142, ,2140, ,0, ,N, ,3, , , , , ,368345, , , ,2,2,0,0,0,0,0,0,0,0,1,1,2,0,0,0,0,0,0,0,1,0,0,0,0,0,0,0,0,0,0,0,0,0,0,3,0,39.9726,-75.2178, , 
 ,33833,2016008589,6,67,67301,2015,12,5,1252,12,1,1,0,4,1, , ,N,1,2,0,3,0,2,3,3,N,N,40 05:56.929,74 59:43.589,1302, ,1253,2,1,2,N, ,3,Y, , , , ,368347, , , ,3,3,0,0,0,0,0,0,0,0,0,2,2,0,0,0,0,0,0,0,1,0,0,0,0,0,0,0,0,0,0,0,0,0,0,4,0,40.0991,-74.9954, , 
 ,33834,2015133768,6,67,67301,2015,11,3,9999,99,3,1,0,4,1, , ,N,3,3,0,3,0,1,3,2,N, ,39 59:40.599,75 09:51.451,0, ,9999, ,0, , , ,3, , , , , ,368358, , , ,2,2,0,0,0,0,0,0,0,0,0,1,1,0,2,0,0,0,0,0,0,0,0,0,0,0,0,0,0,0,0,0,0,0,0,4,0,39.9946,-75.1643, , 
 ,33835,2015098991,6,67,67301,2015,9,7,1205,12,1,1,0,4,1, , ,N,1,2,0,3,0,0,6,2,N,N,40 03:20.842,75 10:34.267,1215, ,1208, ,0, ,N, ,3, , , , , ,368367, , , ,2,1,0,0,0,0,1,0,0,0,0,0,0,0,5,0,0,0,0,0,0,0,1,0,0,0,0,0,0,0,0,0,0,0,0,9,0,40.0558,-75.1762, , 
 ,33836,2015115028,6,67,67301,2015,10,1,1130,11,1,1,0,4,1, , ,N,0,0,0,3,0,2,4,2,N,N,40 04:15.716,75 09:27.000,1540, ,1540, ,0, ,N, ,0, , , , , ,368379, , , ,2,1,0,0,0,0,1,0,0,0,0,2,2,0,0,0,0,0,0,0,0,0,0,0,0,0,0,0,0,0,0,0,0,0,0,4,0,40.071,-75.1575, , 
 ,33837,2015118272,6,67,67301,2015,10,6,1630,16,1,1,0,1,1, , ,N,6,0,2,3,0,2,7,4,N,N,39 57:06.151,75 08:29.297,1700, ,1647, ,0, ,N, ,0, , , , , ,368381, , , ,4,3,0,0,0,0,1,0,0,0,1,1,2,0,0,0,0,0,0,0,2,0,0,0,0,0,0,0,0,0,0,0,0,0,0,3,0,39.9517,-75.1415, , 
N,33838,2015125283,6,67,67301,2015,11,6,1500,15,1,1,0,1,1,1,4,Y,0,0,0,3,0,0,9,3,N,N,40 01:29.999,75 01:46.596,1518,45,1502, ,0, ,N, ,0, ,N,N,N,N,368392,N,N,Y,3,1,0,0,0,0,2,0,0,0,0,0,0,0,0,0,0,0,0,0,0,0,0,0,0,0,0,0,0,0,0,0,0,0,0,0,0,40.025,-75.0296, , 
 ,33839,2015131276,6,67,67301,2015,12,3,1300,13,1,2,1,4,1, , ,N,2,3,0,3,0,2,2,2,N, ,40 00:25.430,75 10:17.324,1347, ,1300, ,0, , , ,3, , , , , ,368398, , , ,2,2,0,0,0,0,0,0,0,0,0,0,2,2,0,0,0,0,0,0,1,0,0,0,0,0,0,0,0,0,0,0,0,0,0,8,0,40.0071,-75.1715, , 
 ,33840,2015115337,6,67,67301,2015,11,6,535,5,5,5,1,7,2,1,1,Y,3,2,0,3,0,0,1,1,N,N,39 56:58.586,75 11:58.815,545,90,540, ,0, ,N, ,3, ,N, , ,N,368446, , , ,1,1,0,0,0,0,0,0,0,0,0,0,0,0,0,0,0,0,0,0,0,0,0,1,0,0,0,0,0,0,0,0,0,0,0,0,0,39.9496,-75.1997, , 
 ,33841,2016000931,6,67,67301,2015,12,6,820,8,1,1,0,5,6, , ,N,0,0,0,3,0,0,1,2,N,N,39 59:22.688,75 10:10.302,831, ,822, ,0, , , ,0, , , , , ,368453, , , ,2,1,0,0,0,0,1,0,0,0,0,0,0,0,1,0,0,0,0,0,0,0,0,0,0,0,0,0,0,0,0,0,0,0,0,9,0,39.9896,-75.1695, , 
 ,33842,2016008163,6,67,67301,2015,12,7,2114,21,3,1,0,5,6, , ,N,0,0,0,3,0,0,1,4,N, ,39 57:29.754,75 12:50.457,2135, ,2120, ,0, , , ,0, , , , , ,368454, , , ,4,3,0,0,0,0,1,0,0,0,0,0,0,0,0,0,0,0,0,0,0,1,0,0,0,0,0,0,0,0,0,0,0,0,0,0,0,39.9583,-75.214, , 
 ,33843,2015078662,6,67,67301,2015,7,7,9999,99,1,1,0,4,1, , ,N,1,2,0,3,0,4,4,2,N, ,39 58:33.326,75 14:24.968,733, ,723,1,2,6, , ,3,Y, , , , ,368468, , , ,2,0,0,1,0,0,1,0,0,0,0,4,4,0,0,0,0,0,0,0,0,0,1,0,0,0,0,0,0,0,0,0,0,0,0,4,1,39.9759,-75.2403, , 
 ,33844,2015079386,6,67,67301,2015,7,6,2244,22,2,1,0,1,1, , ,N,0,0,0,3,0,1,3,2,N,N,40 00:36.058,75 12:23.268,2300, ,2255,1,1,4,N, ,0,N, , , , ,368470, , , ,2,0,0,0,0,0,2,0,0,0,0,1,1,0,0,0,0,0,0,0,2,0,0,0,0,0,0,0,0,0,0,0,0,0,0,4,0,40.01,-75.2065, , 
 ,33845,2015092935,6,67,67301,2015,8,7,20,0,3,1,0,4,1, , ,N,1,3,0,3,0,0,2,2,N,N,40 03:57.202,75 10:35.464,9999, ,1630, ,0, ,N, ,3, , , , , ,368486, , , ,2,2,0,0,0,0,0,0,0,0,0,0,0,0,0,0,0,0,0,0,0,0,0,0,0,0,0,0,0,0,0,0,0,0,0,0,0,40.0659,-75.1765, , 
 ,33846,2015106453,6,67,67301,2015,10,5,750,7,1,1,0,4,1, , ,N,1,3,0,3,0,1,2,2,N,N,40 03:26.611,75 09:36.536,830, ,824, ,0, ,N, ,3, , , , , ,368498, , , ,2,2,0,0,0,0,0,0,0,0,0,0,1,1,0,0,0,0,0,0,1,0,0,0,0,0,0,0,0,0,0,0,0,0,0,8,0,40.0574,-75.1601, , 
 ,33847,2015135834,6,67,67301,2015,12,4,1009,10,1,2,1,4,1, , ,N,2,0,0,3,0,2,3,3,N,N,39 57:30.720,75 14:51.320,1045, ,1044, ,0, ,N, ,0, , , , , ,368508, , , ,3,2,0,0,0,0,1,0,0,1,1,0,2,0,0,0,0,0,0,0,1,0,0,0,0,0,0,0,0,0,0,0,0,0,0,2,0,39.9585,-75.2476, , 
 ,33848,2015135889,6,67,67301,2015,12,1,1611,16,1,1,0,4,1, , ,N,1,2,0,3,0,1,3,2,N, ,39 56:36.184,75 13:56.326,1618, ,1618, ,0, , , ,3, , , , , ,368509, , , ,2,1,0,0,0,0,1,0,0,0,0,0,1,1,0,0,0,0,0,0,1,0,0,0,0,0,0,0,0,0,0,0,0,0,0,8,0,39.9434,-75.2323, , 
 ,33849,2015108493,6,67,67301,2015,10,5,1036,10,1,1,0,1,1, , ,N,7,0,2,3,0,1,2,2,N,N,39 59:50.669,75 04:55.143,1049, ,1036,1,1,3,N, ,0,N, , , , ,368517, , , ,2,1,0,0,0,0,1,0,0,0,0,1,1,0,0,0,0,0,0,0,0,0,0,0,0,0,0,0,0,0,0,0,0,0,0,4,0,39.9974,-75.082, , 
 ,33850,2015112145,6,67,67301,2015,10,2,1245,12,1,1,0,4,1, , ,N,1,3,0,3,0,2,3,2,N,N,39 57:54.590,75 12:09.575,1251, ,1250, ,0, ,N, ,3, , , , , ,360721, , , ,2,2,0,0,0,0,0,0,0,0,0,2,2,0,0,0,0,0,0,0,0,0,0,0,0,0,0,0,0,0,0,0,0,0,0,4,0,39.9652,-75.2027, , 
 ,33851,2015121029,6,67,67301,2015,10,2,1500,15,1,1,0,4,1, , ,N,2,3,0,3,0,1,2,2,N,N,39 56:25.771,75 10:52.730,1700, ,1658, ,0, ,N, ,3, , , , , ,360729, , , ,2,2,0,0,0,0,0,0,0,0,0,0,1,1,0,0,0,0,0,0,0,0,0,1,0,0,0,0,0,0,0,0,0,0,0,8,0,39.9405,-75.1813, , 
 ,33852,2015121037,6,67,67301,2015,10,6,1450,14,1,1,0,5,1, , ,N,0,0,0,3,0,3,5,2,N,N,39 55:58.069,75 10:10.894,1641, ,1639, ,0, ,N, ,0, , , , , ,360730, , , ,2,2,0,0,0,0,0,0,0,0,0,0,3,3,0,0,0,0,0,0,0,1,0,0,0,0,0,0,0,0,0,0,0,0,0,8,0,39.9328,-75.1697, , 
 ,33853,2015075708,6,67,67301,2015,7,2,2115,21,3,1,0,1,1, , ,N,1,3,0,3,0,0,5,2,N,N,40 04:44.579,75 13:33.662,2135, ,2117, ,0, ,N, ,3, , , , , ,360766, , , ,2,2,0,0,0,0,0,0,0,0,0,0,0,0,0,0,0,0,0,0,0,1,0,0,0,0,0,0,0,0,0,0,0,0,0,0,0,40.079,-75.226, , 
 ,33854,2015081051,6,67,67301,2015,7,1,353,3,3,1,0,1,6, , ,N,0,0,0,3,0,0,1,2,N,N,40 03:23.684,75 01:39.265,400, ,353, ,0, ,N, ,0, , , , , ,360769, , , ,2,2,0,0,0,0,0,0,0,0,0,0,0,0,0,0,0,0,0,0,0,0,0,0,0,0,0,0,0,0,0,0,0,0,0,0,0,40.0566,-75.0276, , 
 ,33855,2015085273,6,67,67301,2015,8,3,1730,17,1,1,0,4,1, , ,N,1,2,0,3,0,1,3,2,N,N,40 01:56.128,75 02:44.077,1735, ,1731, ,0, ,N, ,3, , , , , ,360776, , , ,2,1,0,0,0,0,1,0,0,0,0,0,1,1,0,0,0,0,0,0,1,0,0,1,0,0,0,0,0,0,0,0,0,0,0,8,0,40.0323,-75.0456, , 
 ,33856,2015085321,6,67,67301,2015,8,3,830,8,1,1,0,4,1, , ,N,2,3,0,3,0,1,2,2,N, ,40 05:27.240,75 02:28.031,836, ,834,1,1,1,N, ,3,N, , , , ,360777, , , ,2,0,0,0,1,0,1,0,0,0,0,1,1,0,0,0,0,0,0,0,0,1,0,0,0,0,0,0,0,0,0,0,0,0,0,4,0,40.0909,-75.0411, , 
 ,33857,2015093023,6,67,67301,2015,8,3,1455,14,1,1,0,4,1, , ,N,1,3,0,3,0,0,3,2,N, ,40 01:36.217,75 03:22.736,1515, ,1509,1,2,1, , ,3,N, , , , ,360785, , , ,2,1,0,0,0,0,1,0,0,0,0,0,0,0,3,0,0,0,0,0,0,1,0,0,0,0,0,0,0,0,0,0,0,0,0,9,0,40.0267,-75.0563, , 
 ,33858,2015070261,6,67,67301,2015,6,3,657,6,1,1,0,7,4, , ,N,0,0,0,3,0,1,1,1,N,N,39 57:24.974,75 09:12.236,709, ,700,2,1,4,N, ,0,N, , , , ,360787, , , ,1,0,0,0,0,0,1,0,0,0,1,0,1,0,0,0,0,0,0,0,0,0,0,0,0,0,0,0,0,0,0,0,0,0,0,3,0,39.9569,-75.1534, , 
 ,33859,2015070596,6,67,67301,2015,6,5,1223,12,1,1,0,4,1, , ,N,1,3,0,3,0,0,3,2,N,N,40 03:29.271,75 01:47.614,1331, ,1321, ,0, ,N, ,3, , , , , ,360788, , , ,2,0,0,0,0,0,2,0,0,0,0,0,0,0,0,0,0,0,0,0,0,1,0,0,0,0,0,0,0,0,0,0,0,0,0,0,0,40.0581,-75.0299, , 
 ,33860,2015110345,6,67,67301,2015,10,7,52,0,3,2,1,5,6, , ,N,0,0,0,3,0,0,2,2,N,N,40 00:40.215,75 09:05.536,55, ,53, ,0, ,N, ,0, , , , , ,360823, , , ,2,2,0,0,0,0,0,0,0,0,0,0,0,0,0,0,0,0,0,0,0,0,0,0,0,0,0,0,0,0,0,0,0,0,0,0,0,40.0112,-75.1515, , 
 ,33861,2015066164,6,67,67301,2015,6,4,1307,13,1,1,0,4,1, , ,N,1,2,0,3,0,2,2,2,N,N,40 04:28.071,75 02:05.821,1313, ,1308,2,1,3,N, ,3,N, , , , ,360847, , , ,2,2,0,0,0,0,0,0,0,0,0,1,2,1,0,0,0,0,0,0,0,0,0,0,0,0,0,0,0,0,0,0,0,0,0,4,0,40.0745,-75.035, , 
 ,33862,2015075836,6,67,67301,2015,6,1,230,2,3,2,1,6,1, , ,N,0,0,0,3,0,1,4,2,N, ,40 01:13.300,75 06:53.600,240, ,237,9,2,4, , ,0,Y, , , , ,360855, , , ,2,2,0,0,0,0,0,0,0,0,0,1,1,0,0,0,0,0,0,0,0,0,0,0,0,0,0,0,0,0,0,0,0,0,0,4,0,40.0204,-75.1149, , 
 ,33863,2015102393,6,67,67301,2015,9,1,9999,99,1,1,0,4,1, , ,N,1,2,0,3,0,1,2,2,N,N,39 58:49.616,75 13:28.851,1421, ,1349,1,1,6,N, ,3,Y, , , , ,360877, , , ,2,2,0,0,0,0,0,0,0,0,0,1,1,0,1,0,0,0,0,0,1,0,0,0,0,0,0,0,0,0,0,0,0,0,0,4,0,39.9804,-75.2247, , 
 ,33864,2015112129,6,67,67301,2015,10,2,1525,15,1,1,0,8,1, , ,N,0,0,7,3,0,1,3,2,N,N,40 04:39.168,75 01:26.863,1530, ,1525, ,0, , , ,0, , , , , ,360911, , , ,1,0,0,0,0,0,0,1,0,0,0,0,1,1,0,0,0,0,0,0,0,0,0,0,0,0,0,0,0,0,0,0,1,0,0,8,0,40.0775,-75.0241, , 
 ,33865,2015115057,6,67,67301,2015,10,1,2130,21,1,1,0,1,1, , ,N,1,2,0,3,0,0,3,3,N, ,39 56:16.525,75 14:02.111,2136, ,2130,9,1,2, , ,3,N, , , , ,360915, , , ,3,2,0,0,0,0,1,0,0,0,0,0,0,0,0,0,0,0,0,0,1,0,0,3,0,0,0,0,0,0,0,0,0,0,0,0,0,39.9379,-75.2339, , 
 ,33866,2016007502,6,67,67301,2015,12,5,2125,21,2,1,0,4,1, , ,N,0,0,7,3,0,0,3,2,N,N,40 03:39.200,75 08:56.200,2127, ,2125, ,0, ,N, ,0, , , , , ,360948, , , ,2,1,0,0,0,0,0,1,0,0,0,0,0,0,2,0,0,0,0,0,0,0,0,0,0,0,0,0,0,0,0,0,0,0,0,9,0,40.0609,-75.1489, , 
 ,33867,2016014069,6,67,67301,2015,12,5,1012,10,1,1,0,1,1, , ,N,1,2,0,3,0,2,2,2,N,N,39 56:22.681,75 11:53.378,1016, ,1014,2,1,2,N, ,3,N, , , , ,360949, , , ,2,2,0,0,0,0,0,0,0,0,0,1,2,1,0,0,0,0,0,0,0,0,0,0,0,0,0,0,0,0,0,0,0,0,0,4,0,39.9396,-75.1982, , 
 ,33868,2016007555,6,67,67301,2015,12,5,1230,12,1,2,1,4,1, , ,N,2,0,0,3,0,2,2,2,N,N,40 04:25.251,74 58:48.825,1247, ,1240,1,1,1,N, ,0,N, , , , ,363563, , , ,2,1,0,0,0,0,0,1,0,0,0,0,2,2,0,0,0,0,0,0,0,0,0,0,0,0,0,0,0,0,0,0,0,0,0,8,0,40.0737,-74.9802, , 
 ,33869,2016007617,6,67,67301,2015,12,1,230,2,3,1,1,4,1, , ,N,1,3,0,3,0,3,3,5,N,N,39 55:35.824,75 10:38.499,235, ,234,2,2,4,N, ,3,N, , , , ,363564, , , ,5,3,0,0,0,0,1,1,0,0,0,0,3,3,0,0,0,0,0,0,0,0,0,0,0,0,0,0,0,0,0,0,0,0,0,8,0,39.9266,-75.1774, , 
 ,33870,2016000738,6,67,67301,2015,12,3,817,8,1,6,1,7,2, , ,N,0,0,0,3,0,0,1,1,N,N,39 54:27.456,75 08:58.717,820, ,817,1,2,2,N, ,0,N, , , , ,363583, , , ,1,1,0,0,0,0,0,0,0,0,0,0,0,0,0,0,0,0,0,0,0,0,0,0,0,0,0,0,0,0,0,0,0,0,0,0,0,39.9076,-75.1496, , 
 ,33871,2016013818,6,67,67301,2015,12,5,1100,11,1,1,1,5,1, , ,N,0,0,0,3,0,3,4,2,N, ,39 58:10.913,75 08:28.885,1120, ,1115, ,0, , , ,0, , , , , ,363586, , , ,2,2,0,0,0,0,0,0,0,0,0,3,3,0,0,0,0,0,0,0,1,0,0,0,0,0,0,0,0,0,0,0,0,0,0,4,0,39.9697,-75.1414, , 
 ,33872,2015112259,6,67,67301,2015,10,2,1843,18,4,1,0,1,1, , ,N,0,0,0,3,0,0,4,2,N,N,40 01:33.126,75 01:39.293,1853, ,1847,1,2,1,N, ,0,N, , , , ,363587, , , ,2,1,0,0,1,0,0,0,0,0,0,0,0,0,0,0,0,0,0,0,0,0,0,0,0,0,0,0,0,0,0,0,0,0,0,0,0,40.0259,-75.0276, , 
 ,33873,2015130150,6,67,67301,2015,11,7,1530,15,1,1,0,2,1, , ,N,0,0,0,3,0,1,2,2,N,N,40 03:11.981,75 09:27.688,1610, ,1610, ,0, , , ,0, , , , , ,363608, , , ,2,1,0,0,0,0,1,0,0,0,0,1,1,0,0,0,0,0,0,0,1,0,0,1,0,0,0,0,0,0,0,0,0,0,0,4,0,40.0533,-75.1577, , 
 ,33874,2015135940,6,67,67301,2015,11,1,15,0,3,1,0,1,1, , ,N,1,2,0,3,0,1,3,2,N, ,40 01:47.679,75 06:11.073,31, ,25, ,0, , , ,3, , , , , ,363617, , , ,2,1,0,0,0,0,1,0,0,0,0,1,1,0,0,0,0,0,0,0,1,0,0,0,0,0,0,0,0,0,0,0,0,0,0,4,0,40.0299,-75.1031, , 
 ,33875,2016011584,6,67,67301,2015,11,7,240,2,3,1,0,7,4, , ,N,0,0,0,3,0,1,5,1,N,N,40 01:37.500,75 11:34.300,255, ,251,9,2,4,N, ,0,Y, , , , ,363619, , , ,1,1,0,0,0,0,0,0,0,0,0,1,1,0,0,0,0,0,0,0,0,0,0,0,0,0,0,0,0,0,0,0,0,0,0,4,0,40.0271,-75.1929, , 
 ,33876,2015112125,6,67,67301,2015,10,3,632,6,1,1,0,4,1, , ,N,1,2,0,3,0,1,4,2,N,N,40 03:08.339,75 00:28.750,655, ,632, ,0, ,N, ,3, , , , , ,363626, , , ,2,2,0,0,0,0,0,0,0,0,0,1,1,0,0,0,0,0,0,0,1,0,0,0,0,0,0,0,0,0,0,0,0,0,0,4,0,40.0523,-75.008, , 
 ,33877,2015067939,6,67,67301,2015,6,5,9999,99,1,1,0,1,1, , ,N,1,2,0,3,0,0,2,2,N,N,40 05:40.346,75 00:54.155,9999, ,9999,1,2,1,N, ,3,N, , , , ,363629, , , ,2,2,0,0,0,0,0,0,0,0,0,0,0,0,0,0,0,0,0,0,0,1,0,0,0,0,0,0,0,0,0,0,0,0,0,0,0,40.0945,-75.015, , 
 ,33878,2015069343,6,46,46102,2015,7,6,1255,12,1,1,0,1,1, , ,N,1,2,0,3,0,1,7,3,N,N,40 04:18.194,75 09:14.605,1300, ,1255,1,1,2,N, ,3,N, , , , ,363630, , , ,3,0,0,0,0,0,3,0,0,0,0,0,1,1,0,0,0,1,0,0,1,0,0,0,0,0,0,0,0,0,0,0,0,0,0,8,0,40.0717,-75.1541, , 
 ,33879,2015061863,6,67,67301,2015,5,3,1600,16,1,1,0,1,1, , ,N,0,0,0,3,0,2,4,4,N,N,40 06:26.395,75 01:36.026,1620, ,1615, ,0, ,N, ,0, , , , , ,363676, , , ,4,2,0,0,0,0,2,0,0,0,0,0,2,2,0,0,0,0,0,0,0,0,1,0,0,0,0,0,0,0,0,0,0,0,0,8,0,40.1073,-75.0267, , 
 ,33880,2015095748,6,67,67301,2015,9,1,1550,15,1,1,0,4,1, , ,N,0,0,0,3,0,1,2,2,N,N,39 59:25.225,75 09:04.275,9999, ,1550, ,0, ,N, ,0, , , , , ,363690, , , ,1,1,0,0,0,0,0,0,1,0,0,1,1,0,0,0,0,0,0,0,0,0,0,0,0,0,0,0,0,0,0,0,0,0,0,4,0,39.9903,-75.1512, , 
 ,33881,2015101973,6,67,67301,2015,9,5,1350,13,1,1,0,4,1, , ,N,1,2,0,3,0,3,4,2,N,N,39 54:20.727,75 11:38.377,1405, ,1358, ,0, ,N, ,3, , , , , ,363697, , , ,2,2,0,0,0,0,0,0,0,0,1,2,3,0,0,0,0,0,0,0,1,0,0,0,0,0,0,0,0,0,0,0,0,0,0,3,0,39.9057,-75.1938, , 
 ,33882,2015106219,6,67,67301,2015,10,1,1729,17,1,1,0,1,1, , ,N,0,0,0,3,0,1,2,2,N,N,39 57:26.412,75 09:28.180,1736, ,1729,2,1,4,N, ,0,N, , , , ,363698, , , ,2,1,1,0,0,0,0,0,0,0,0,0,1,1,0,0,0,0,0,0,0,0,0,0,0,0,0,0,0,0,0,0,0,0,0,8,0,39.9573,-75.1578, , 
 ,33883,2015114601,6,67,67301,2015,10,5,1715,17,1,1,0,4,1, , ,N,1,2,0,3,0,2,2,2,N, ,40 01:26.870,75 07:49.644,1715, ,1710,1,1,3,N, ,3,N, , , , ,363707, , , ,2,1,0,0,0,0,1,0,0,0,0,0,2,2,0,0,0,0,0,0,0,0,0,0,0,0,0,0,0,0,0,0,0,0,0,8,0,40.0241,-75.1305, , 
 ,33884,2015129962,6,67,67301,2015,11,6,1640,16,1,1,0,4,1, , ,N,3,3,0,3,0,1,4,3,N, ,40 00:48.146,75 09:30.625,1643, ,1642, ,0, , , ,3, , , , , ,363729, , , ,3,1,0,0,0,0,1,0,0,0,0,0,1,1,3,0,0,0,0,0,0,0,0,0,0,0,0,0,0,0,0,0,0,0,0,8,0,40.0134,-75.1585, , 
 ,33885,2016016125,6,67,67301,2015,10,1,1911,19,3,1,0,1,1, , ,N,0,2,2,3,0,1,2,2,N,N,39 56:51.488,75 11:14.964,0, ,0, ,0, ,N, ,3, , , , , ,363736, , , ,2,2,0,0,0,0,0,0,0,0,0,0,1,1,0,0,0,0,0,0,1,0,0,1,0,0,0,0,0,0,0,0,0,0,0,8,0,39.9476,-75.1875, , 
 ,33886,2015063938,6,67,67301,2015,6,6,823,8,1,1,0,6,1, , ,N,0,0,0,3,0,2,4,2,N,N,40 00:03.350,75 08:51.855,847, ,845, ,0, , , ,0, , , , , ,366686, , , ,2,0,0,0,1,0,1,0,0,0,0,2,2,0,0,0,0,0,0,0,0,0,0,0,0,0,0,0,0,0,0,0,0,0,0,4,0,40.0009,-75.1477, , 