wz_ln_closure,objectid_1,crn,district,county,municipality,crash_year,crash_month,day_of_week,time_of_day,hour_of_day,illumination,weather,road_condition,collision_type,relation_to_road,work_zone_type,work_zone_loc,work_zone_ind,intersect_type,tcd_type,location_type,urban_rural,fatal_count,injury_count,person_count,total_units,sch_bus_ind,sch_zone_ind,latitude,longitude,arrival_tm,cons_zone_spd_lim,dispatch_tm,est_hrs_closed,lane_closed,ln_close_dir,ntfy_hiwy_maint,spec_juris_cd,tcd_func_cd,tfc_detour_ind,workers_pres,wz_close_detour,wz_flagger,wz_law_offcr_ind,objectid,wz_moving,wz_other,wz_shlder_mdn,vehicle_count,automobile_count,motorcycle_count,bus_count,small_truck_count,heavy_truck_count,suv_count,van_count,bicycle_count,maj_inj_count,mod_inj_count,min_inj_count,tot_inj_count,unk_inj_deg_count,unk_inj_per_count,driver_count_16yr,driver_count_17yr,driver_count_18yr,driver_count_19yr,driver_count_20yr,driver_count_50_64yr,driver_count_65_74yr,driver_count_75plus,unbelted_occ_count,unb_death_count,unb_maj_inj_count,belted_death_count,belted_maj_inj_count,mcycle_death_count,mcycle_maj_inj_count,bicycle_death_count,bicycle_maj_inj_count,ped_count,ped_death_count,ped_maj_inj_count,max_severity_level,comm_veh_count,dec_lat,dec_long,rdwy_surf_type_cd,county_name
 ,33887,2015066279,6,67,67301,2015,6,5,2200,22,3,1,0,8,1, , ,N,0,0,0,3,0,1,2,2,N,N,39 56:04.608,75 10:20.614,1210, ,1207, ,0, ,N, ,0, , , , , ,366690, , , ,1,0,0,0,0,0,0,1,0,0,0,0,1,1,0,0,0,0,0,0,0,0,0,0,0,0,0,0,0,0,0,0,1,0,0,8,0,39.9346,-75.1724, , 
 ,33888,2015066332,6,67,67301,2015,6,2,1415,14,1,1,0,7,4, , ,N,0,0,0,3,0,2,3,2,N,N,40 06:08.925,75 00:15.793,1450, ,1425,9,2,1,N, ,0,Y, , , , ,366691, , , ,2,1,0,0,0,1,0,0,0,0,0,0,2,2,0,0,0,0,0,0,0,0,0,0,0,0,0,0,0,0,0,0,0,0,0,8,1,40.1025,-75.0044, , 
 ,33889,2015080672,6,67,67301,2015,7,5,1330,13,1,1,0,4,1, , ,N,2,2,7,3,0,1,2,2,N,N,39 55:47.706,75 08:39.988,1339, ,1337, ,0, ,N, ,3, , , , , ,366700, , , ,1,0,0,0,0,0,1,0,1,0,0,1,1,0,0,0,0,0,0,0,0,0,0,0,0,0,0,0,0,0,0,0,0,0,0,4,0,39.9298,-75.1442, , 
 ,33890,2015084043,6,67,67301,2015,8,6,1047,10,1,1,0,7,1, , ,N,2,2,3,3,0,1,4,1,N,N,40 00:27.194,75 11:52.673,1049, ,1049, ,0, ,N, ,3, , , , , ,366704, , , ,1,1,0,0,0,0,0,0,0,0,0,1,1,0,0,0,0,0,0,0,0,1,0,0,0,0,0,0,0,0,0,0,0,0,0,4,0,40.0076,-75.198, , 
 ,33891,2015085707,6,67,67301,2015,2,5,1645,16,4,1,0,1,1, , ,N,5,2,0,3,0,1,2,2,N,N,40 01:16.536,75 08:49.556,0, ,0, ,0, ,N, ,3, , , , , ,366707, , , ,2,1,0,0,1,0,0,0,0,0,1,0,1,0,0,0,0,0,0,0,0,0,0,0,0,0,0,0,0,0,0,0,0,0,0,3,0,40.0213,-75.1471, , 
 ,33892,2016000950,6,67,67301,2015,12,5,9999,99,1,1,0,8,1, , ,N,1,2,0,3,0,1,2,2,N,N,39 54:52.060,75 09:09.458,9999, ,9999,9,1,3,N, ,3,N, , , , ,366722, , , ,1,1,0,0,0,0,0,0,0,0,0,1,1,0,0,0,0,0,0,0,1,0,0,0,0,0,0,0,0,0,0,0,1,0,0,4,0,39.9145,-75.1531, , 
 ,33893,2016002592,6,67,67301,2015,12,4,1415,14,1,1,0,1,1, , ,N,1,3,0,3,0,1,2,2,N,N,39 57:29.689,75 13:01.811,1430, ,1425, ,0, , , ,3, , , , , ,366723, , , ,2,2,0,0,0,0,0,0,0,0,0,1,1,0,0,0,0,0,0,0,1,0,0,0,0,0,0,0,0,0,0,0,0,0,0,4,0,39.9582,-75.2172, , 
 ,33894,2015114554,6,67,67301,2015,10,2,1339,13,1,1,0,4,1, , ,N,5,2,0,3,0,1,6,2,N, ,40 02:29.396,75 09:30.118,1359, ,1339, ,0, , , ,3, , , , , ,366725, , , ,2,2,0,0,0,0,0,0,0,0,0,0,1,1,0,0,0,0,0,0,1,0,0,0,0,0,0,0,0,0,0,0,0,0,0,8,0,40.0415,-75.1584, , 
 ,33895,2015130057,6,67,67301,2015,11,3,1843,18,3,2,1,8,1, , ,N,1,3,0,3,0,2,3,3,N, ,39 55:25.806,75 14:22.876,1845, ,1845, ,0, , , ,3, , , , , ,366738, , , ,1,1,0,0,0,0,0,0,0,0,1,1,2,0,0,0,0,0,0,0,0,0,0,1,0,0,0,0,0,0,0,0,2,0,0,3,0,39.9238,-75.2397, , 
 ,33896,2016002556,6,67,67301,2015,12,5,9999,99,3,1,1,7,4, , ,N,0,0,0,3,0,1,1,1,N,N,39 55:09.700,75 12:40.500,2027, ,2020, ,0, ,N, ,0, , , , , ,366747, , , ,1,1,0,0,0,0,0,0,0,1,0,0,1,0,0,0,0,0,0,0,0,0,0,0,0,0,0,0,0,0,0,0,0,0,0,2,0,39.9194,-75.2113, , 
 ,33897,2016016084,6,67,67301,2015,10,1,1900,19,3,1,0,1,1, , ,N,5,2,0,3,0,2,3,2,N,N,39 57:49.671,75 09:31.990,0, ,0, ,0, ,N, ,3, , , , , ,366748, , , ,2,1,0,0,0,0,0,1,0,0,0,0,2,2,0,0,0,0,0,0,0,1,0,1,0,0,0,0,0,0,0,0,0,0,0,8,0,39.9637,-75.1588, , 
 ,33898,2015115096,6,67,67301,2015,10,6,944,9,1,1,0,4,1, , ,N,1,2,0,3,0,1,2,2,N, ,39 59:36.071,75 05:49.104,949, ,946,1,1,5, , ,3,N, , , , ,366753, , , ,2,2,0,0,0,0,0,0,0,0,0,0,1,1,0,0,0,0,0,0,0,1,0,0,0,0,0,0,0,0,0,0,0,0,0,8,0,39.9934,-75.097, , 
 ,33899,2015128723,6,67,67301,2015,11,5,1710,17,3,2,1,4,1, , ,N,1,3,0,3,0,2,3,2,N,N,39 57:58.759,75 14:16.205,1720, ,1715, ,0, ,N, ,3, , , , , ,366761, , , ,2,1,0,0,0,0,0,1,0,0,0,2,2,0,0,0,0,0,0,0,0,0,0,1,0,0,0,0,0,0,0,0,0,0,0,4,0,39.9663,-75.2378, , 
 ,33900,2016001033,6,67,67301,2015,12,1,241,2,3,1,0,1,1, , ,N,0,0,0,3,0,2,4,3,N, ,40 01:46.574,75 03:47.426,244, ,242,1,1,3, , ,0,N, , , , ,366767, , , ,3,2,0,0,0,0,1,0,0,0,0,2,2,0,0,0,0,0,0,0,0,0,0,0,0,0,0,0,0,0,0,0,0,0,0,4,0,40.0296,-75.0632, , 
 ,33901,2015130248,6,67,67301,2015,11,7,1514,15,1,1,0,4,1, , ,N,2,3,0,3,0,0,2,3,N,N,40 03:51.751,75 05:19.695,1547, ,1536,2,1,3,N, ,3,N, , , , ,366774, , , ,3,2,0,0,1,0,0,0,0,0,0,0,0,0,0,0,0,0,0,0,0,0,0,0,0,0,0,0,0,0,0,0,0,0,0,0,0,40.0644,-75.0888, , 
 ,33902,2015063902,6,67,67301,2015,6,7,1015,10,1,1,0,4,1, , ,N,5,2,2,3,0,0,6,2,N, ,39 57:28.586,75 09:50.892,1030, ,1025, ,0, , , ,3, , , , , ,366782, , , ,2,0,0,0,0,0,1,1,0,0,0,0,0,0,0,0,0,0,0,0,0,0,0,0,0,0,0,0,0,0,0,0,0,0,0,0,0,39.9579,-75.1641, , 
 ,33903,2015066312,6,67,67301,2015,6,5,745,7,1,1,0,4,1, , ,N,1,3,0,3,0,0,2,2,N,N,40 02:00.423,75 05:18.355,825, ,820, ,0, ,N, ,3, , , , , ,366787, , , ,2,1,0,0,0,0,1,0,0,0,0,0,0,0,0,0,0,0,0,0,0,0,0,0,0,0,0,0,0,0,0,0,0,0,0,0,0,40.0335,-75.0884, , 
 ,33904,2015129994,6,67,67301,2015,10,6,1300,13,1,1,0,7,4, , ,N,0,0,0,3,0,0,1,1,N, ,39 57:40.377,75 14:49.466,1333, ,1302, ,0, , , ,0, , , , , ,368022, , , ,1,1,0,0,0,0,0,0,0,0,0,0,0,0,0,0,0,0,0,0,0,0,0,0,0,0,0,0,0,0,0,0,0,0,0,0,0,39.9612,-75.2471, , 
 ,33905,2016002547,6,67,67301,2015,12,3,810,8,1,1,0,8,1, , ,N,1,2,0,3,0,2,3,3,N, ,39 58:19.633,75 15:05.158,815, ,813, ,0, , , ,3, , , , , ,368029, , , ,1,1,0,0,0,0,0,0,0,0,0,1,2,1,1,0,0,0,0,0,1,0,0,0,0,0,0,0,0,0,0,0,2,0,0,4,0,39.9721,-75.2514, , 
 ,33906,2016062689,6,67,67301,2015,5,4,2148,21,3,1,0,4,1, , ,N,1,3,0,3,0,0,2,2,N,N,39 58:26.756,75 13:39.889,2148, ,2148, ,0, , , ,3, , , , , ,368035, , , ,2,1,0,0,0,0,1,0,0,0,0,0,0,0,0,0,0,0,0,0,0,1,0,1,0,0,0,0,0,0,0,0,0,0,0,0,0,39.9741,-75.2277, , 
 ,33907,2015102013,6,67,67301,2015,9,4,1350,13,1,1,0,8,1, , ,N,0,0,0,3,0,1,4,2,N,N,40 02:03.390,75 10:34.924,1559, ,1552, ,0, , , ,0, , , , , ,368042, , , ,1,1,0,0,0,0,0,0,0,0,0,0,1,1,0,0,0,0,0,0,0,0,0,0,0,0,0,0,0,0,0,0,1,0,0,8,0,40.0343,-75.1764, , 
 ,33908,2015120490,6,67,67301,2015,11,4,2214,22,3,1,0,4,1, , ,N,1,3,0,3,0,1,2,2,N, ,39 57:46.951,75 14:11.457,2216, ,2214, ,0, , , ,3, , , , , ,368059, , , ,2,1,0,0,0,0,1,0,0,0,1,0,1,0,0,0,0,0,0,0,1,0,0,0,0,0,0,0,0,0,0,0,0,0,0,3,0,39.963,-75.2365, , 
 ,33909,2015078644,6,67,67301,2015,7,2,2108,21,3,1,0,5,1, , ,N,1,2,0,3,0,2,4,2,N, ,39 55:26.880,75 14:43.716,2111, ,2108, ,0, , , ,3, , , , , ,368064, , , ,2,2,0,0,0,0,0,0,0,0,0,0,2,2,1,0,0,0,0,0,0,1,0,0,0,0,0,0,0,0,0,0,0,0,0,8,0,39.9241,-75.2455, , 
 ,33910,2015085238,6,67,67301,2015,8,3,1000,10,1,2,1,2,1, , ,N,0,0,0,3,0,2,3,2,N,N,40 03:33.900,75 12:03.400,1018, ,1000,3,2,7, , ,0,Y, , , , ,368067, , , ,2,2,0,0,0,0,0,0,0,0,0,0,2,2,1,0,0,0,0,0,0,0,1,0,0,0,0,0,0,0,0,0,0,0,0,8,0,40.0594,-75.2009, , 
 ,33911,2015103296,6,67,67301,2015,9,2,830,8,1,1,0,8,1, , ,N,1,2,0,3,0,1,2,2,N, ,39 56:45.520,75 11:03.285,1039, ,1030, ,0, , , ,3, , , , , ,368091, , , ,1,0,0,0,0,0,1,0,0,0,0,1,1,0,0,0,0,0,0,0,0,0,0,0,0,0,0,0,0,0,0,0,1,0,0,4,0,39.946,-75.1842, , 
 ,33912,2015110338,6,67,67301,2015,10,5,1608,16,1,2,1,1,1, , ,N,0,0,0,3,0,1,3,2,N,N,40 00:20.073,75 13:01.451,1613, ,1610, ,0, ,N, ,0, , , , , ,368095, , , ,2,1,0,1,0,0,0,0,0,0,0,1,1,0,0,0,0,0,0,0,0,0,0,1,0,0,0,0,0,0,0,0,0,0,0,4,1,40.0056,-75.2171, , 
 ,33913,2015115086,6,67,67301,2015,10,2,740,7,1,1,0,1,1, , ,N,0,0,0,3,0,1,3,2,N,N,40 03:10.008,75 13:39.895,745, ,740, ,0, ,N, ,0, , , , , ,368101, , , ,2,0,0,0,1,0,0,1,0,0,0,0,1,1,0,0,0,0,0,0,1,0,0,1,0,0,0,0,0,0,0,0,0,0,0,8,0,40.0528,-75.2277, , 
 ,33914,2015130051,6,67,67301,2015,10,1,711,7,1,2,1,4,1, , ,N,1,2,0,3,0,3,3,2,N,N,39 57:36.149,75 13:29.566,740, ,711, ,0, ,N, ,3, , , , , ,368108, , , ,2,1,0,0,1,0,0,0,0,0,0,3,3,0,0,0,0,0,0,0,2,0,0,0,0,0,0,0,0,0,0,0,0,0,0,4,0,39.9599,-75.2249, , 
 ,33915,2015119708,6,67,67301,2015,10,5,1647,16,4,1,0,1,1, , ,N,0,0,0,3,0,1,3,2,N,N,39 57:27.958,75 10:49.228,1751, ,1653, ,0, ,N, ,0, , , , , ,368117, , , ,2,2,0,0,0,0,0,0,0,0,0,1,1,0,0,0,0,0,0,0,0,0,0,1,0,0,0,0,0,0,0,0,0,0,0,4,0,39.9578,-75.1803, , 
 ,33916,2015130067,6,67,67301,2015,11,5,1230,12,1,1,0,4,1, , ,N,1,2,0,3,0,1,2,2,N,N,39 58:01.549,75 09:43.675,1245, ,1237, ,0, ,N, ,3, , , , , ,368125, , , ,2,0,0,0,1,0,0,1,0,0,0,1,1,0,0,0,0,0,0,0,1,0,0,0,0,0,0,0,0,0,0,0,0,0,0,4,0,39.9671,-75.1621, , 
 ,33917,2016000941,6,67,67301,2015,12,2,1506,15,1,1,0,4,1, , ,N,1,2,0,3,0,2,3,2,N, ,40 01:53.467,75 01:56.889,1530, ,1515, ,0, , , ,3, , , , , ,368132, , , ,2,1,0,0,0,0,1,0,0,0,0,0,2,2,0,0,0,0,0,0,0,0,0,0,0,0,0,0,0,0,0,0,0,0,0,8,0,40.0315,-75.0325, , 
 ,33918,2016000955,6,67,67301,2015,12,5,1017,10,1,1,0,5,1, , ,N,0,0,6,3,0,0,2,2,N,N,40 01:43.818,75 06:03.923,1023, ,1020,1,1,1,N, ,0,N, , , , ,368133, , , ,2,1,0,0,0,0,1,0,0,0,0,0,0,0,0,0,0,0,0,0,0,0,0,0,0,0,0,0,0,0,0,0,0,0,0,0,0,40.0288,-75.1011, , 
 ,33919,2015135802,6,67,67301,2015,12,7,2113,21,3,1,0,4,1, , ,N,2,0,0,3,0,1,5,2,N,N,39 57:21.268,75 12:16.061,2117, ,2115, ,0, ,N, ,0, , , , , ,368156, , , ,2,0,0,0,0,0,1,1,0,0,0,1,1,0,0,0,0,0,0,1,1,0,0,0,0,0,0,0,0,0,0,0,0,0,0,4,0,39.9559,-75.2045, , 
 ,33920,2015117601,6,67,67301,2015,10,2,1628,16,1,1,0,4,1, , ,N,1,2,0,3,0,1,4,2,N,N,40 01:46.123,75 08:48.184,1639, ,1634, ,0, ,N, ,3, , , , , ,368172, , , ,2,1,0,0,0,0,0,1,0,0,1,0,1,0,0,0,0,0,0,0,0,0,0,3,0,0,0,0,0,0,0,0,0,0,0,3,0,40.0295,-75.1467, , 
 ,33921,2016000969,6,67,67301,2015,12,6,1740,17,3,8,0,8,1, , ,N,0,0,0,3,0,1,2,2,N, ,39 55:58.754,75 13:46.653,1747, ,1744,1,2,3, , ,0,Y, , , , ,368195, , , ,1,0,0,0,0,0,1,0,0,0,0,1,1,0,0,0,0,0,0,0,0,1,0,0,0,0,0,0,0,0,0,0,1,0,0,4,0,39.933,-75.2296, , 
 ,33922,2015066267,6,67,67301,2015,6,3,1425,14,1,1,0,4,1, , ,N,1,2,0,3,0,1,3,2,N, ,40 00:44.009,75 09:01.745,1520, ,1518,2,2,4, , ,3,Y, , , , ,360960, , , ,2,1,0,0,0,0,1,0,0,0,0,0,1,1,0,0,0,0,0,0,1,0,0,0,0,0,0,0,0,0,0,0,0,0,0,8,0,40.0122,-75.1505, , 
 ,33923,2015072881,6,67,67301,2015,7,1,652,6,1,1,0,4,1, , ,N,1,2,0,3,0,0,3,3,N,N,40 03:02.401,75 10:23.780,730, ,728, ,0, ,N, ,3, , , , , ,360968, , , ,3,3,0,0,0,0,0,0,0,0,0,0,0,0,1,0,0,0,0,0,1,0,0,0,0,0,0,0,0,0,0,0,0,0,0,9,0,40.0507,-75.1733, , 
 ,33924,2015075734,6,67,67301,2015,7,4,855,8,1,1,0,4,1, , ,N,2,0,0,3,0,2,2,2,N,N,40 01:31.311,75 05:27.492,900, ,855, ,0, , , ,0, , , , , ,360969, , , ,2,2,0,0,0,0,0,0,0,0,0,2,2,0,0,0,0,0,0,0,0,0,0,2,0,0,0,0,0,0,0,0,0,0,0,4,0,40.0254,-75.091, , 
 ,33925,2015070157,6,67,67301,2015,6,7,9999,99,3,1,0,1,1, , ,N,0,0,0,3,0,1,5,2,N,N,40 00:51.989,75 10:41.576,2328, ,2322,9,1,1,N, ,0,N, , , , ,360984, , , ,2,1,0,0,0,0,1,0,0,0,0,1,1,0,0,0,0,0,0,0,1,0,0,0,0,0,0,0,0,0,0,0,0,0,0,4,0,40.0144,-75.1783, , 
 ,33926,2015070629,6,67,67301,2015,6,2,710,7,1,1,0,4,1, , ,N,1,2,0,3,0,1,5,3,N, ,39 57:32.239,75 13:44.330,715, ,712,1,2,7, , ,3,Y, , , , ,360985, , , ,3,2,0,0,0,0,1,0,0,0,0,1,1,0,1,0,0,0,0,0,1,0,0,0,0,0,0,0,0,0,0,0,0,0,0,4,0,39.959,-75.229, , 
 ,33927,2015095148,6,46,46104,2015,9,5,1030,10,1,1,0,4,1, , ,N,0,0,7,3,0,3,5,2,N,N,39 58:47.340,75 16:12.037,9999, ,9999, ,0, ,N, ,0, , , , , ,361006, , , ,2,1,0,0,1,0,0,0,0,0,0,0,3,3,0,0,0,0,0,0,0,0,0,0,0,0,0,0,0,0,0,0,0,0,0,8,0,39.9798,-75.27, , 
 ,33928,2015110344,6,67,67301,2015,10,4,1300,13,1,1,0,5,1, , ,N,0,0,0,3,0,1,2,2,N,N,39 56:49.965,75 09:59.626,1325, ,1319, ,0, ,N, ,0, , , , , ,361021, , , ,1,1,0,0,0,0,0,0,1,0,0,1,1,0,1,0,0,0,0,0,0,0,0,0,0,0,0,0,0,0,0,0,0,0,0,4,0,39.9472,-75.1666, , 
 ,33929,2015056076,6,67,67301,2015,4,4,1645,16,1,9,1,8,1, , ,N,1,0,0,3,0,1,2,2,N,N,40 02:57.556,75 11:02.300,9999, ,1629, ,0, , , ,0, , , , , ,361027, , , ,1,0,0,0,0,0,0,0,0,0,0,0,1,1,0,0,0,0,0,0,0,0,0,0,0,0,0,0,0,0,0,0,1,0,0,8,0,40.0493,-75.184, , 
 ,33930,2015066303,6,67,67301,2015,6,2,1534,15,1,1,0,4,1, , ,N,1,2,0,3,0,1,4,2,N,N,39 57:06.145,75 14:12.782,1606, ,1602, ,0, ,N, ,3, , , , , ,361030, , , ,2,1,0,0,0,0,1,0,0,0,0,1,1,0,1,0,0,0,0,0,0,0,0,0,0,0,0,0,0,0,0,0,0,0,0,4,0,39.9517,-75.2369, , 
 ,33931,2015070129,6,67,67301,2015,6,1,410,4,3,2,1,7,4, , ,N,2,0,0,3,0,1,1,1,N,N,39 57:04.057,75 09:41.997,417, ,415, ,0, ,N, ,0, , , , , ,361033, , , ,1,1,0,0,0,0,0,0,0,0,0,0,1,1,0,0,0,0,0,0,0,0,0,0,0,0,0,0,0,0,0,0,0,0,0,8,0,39.9511,-75.1617, , 
 ,33932,2015071476,6,67,67301,2015,6,3,705,7,1,1,0,1,1, , ,N,0,0,0,3,0,2,3,3,N,N,39 57:27.512,75 08:55.074,715, ,707,1,1,3,N, ,0,N, , , , ,361035, , , ,3,2,0,0,0,0,0,1,0,0,1,1,2,0,1,0,0,0,0,0,0,0,0,0,0,0,0,0,0,0,0,0,0,0,0,3,0,39.9576,-75.1486, , 
 ,33933,2015073618,6,67,67301,2015,6,5,1910,19,1,2,1,8,1, , ,N,1,0,0,3,0,1,2,2,N,N,40 01:36.634,75 08:27.920,2010, ,1910, ,0, ,N, ,0, , , , , ,361037, , , ,1,1,0,0,0,0,0,0,0,0,0,1,1,0,0,0,0,0,0,0,0,0,0,0,0,0,0,0,0,0,0,0,1,0,0,4,0,40.0268,-75.1411, , 
 ,33934,2015078663,6,67,67301,2015,7,2,1534,15,1,1,0,4,1, , ,N,1,2,2,3,0,0,2,2,N,N,39 59:12.208,75 12:27.247,1620, ,1612, ,0, ,N, ,3, , , , , ,361043, , , ,2,0,0,0,1,0,1,0,0,0,0,0,0,0,0,0,0,0,0,0,0,0,0,0,0,0,0,0,0,0,0,0,0,0,0,0,0,39.9867,-75.2076, , 
 ,33935,2015080288,6,67,67301,2015,7,6,1234,12,1,1,0,7,4, , ,N,0,0,0,3,0,0,2,1,N,N,40 02:36.417,75 03:21.344,1244, ,1234,2,1,2,Y, ,0,N, , , , ,361048, , , ,1,1,0,0,0,0,0,0,0,0,0,0,0,0,0,0,0,0,0,0,0,0,0,0,0,0,0,0,0,0,0,0,0,0,0,0,0,40.0434,-75.0559, , 
 ,33936,2015081131,6,67,67301,2015,7,7,1328,13,1,1,0,5,1, , ,N,0,0,0,3,0,1,2,3,N, ,40 01:20.420,75 04:33.096,1337, ,1332,1,1,3, , ,0,N, , , , ,361049, , , ,2,2,0,0,0,0,0,0,0,0,0,1,1,0,0,0,0,0,0,0,1,0,0,0,0,0,0,0,0,0,0,0,1,0,0,4,0,40.0223,-75.0759, , 
 ,33937,2015088709,6,67,67301,2015,8,5,1525,15,1,1,0,8,1, , ,N,0,0,0,3,0,1,2,2,N,N,39 57:51.386,75 12:12.693,1529, ,1526, ,0, , , ,0, , , , , ,361054, , , ,1,1,0,0,0,0,0,0,0,0,0,0,1,1,0,0,0,0,0,0,0,0,0,0,0,0,0,0,0,0,0,0,1,0,0,8,0,39.9643,-75.2035, , 
 ,33938,2015109337,6,67,67301,2015,10,7,341,3,3,2,1,4,1, , ,N,1,2,0,3,0,3,4,2,N,N,39 55:05.910,75 12:31.905,400, ,341, ,0, ,N, ,3, , , , , ,361073, , , ,2,2,0,0,0,0,0,0,0,1,2,0,3,0,0,0,0,0,0,0,0,0,0,0,0,0,0,0,0,0,0,0,0,0,0,2,0,39.9182,-75.2088, , 
 ,33939,2015130324,6,67,67301,2015,11,3,1440,14,1,9,0,4,1, , ,N,1,3,0,3,0,1,2,2,N, ,39 59:11.767,75 08:01.946,1620, ,1440, ,0, , , ,3, , , , , ,361076, , , ,2,1,0,0,0,0,1,0,0,0,0,1,1,0,0,0,0,0,0,0,0,0,1,2,0,0,0,0,0,0,0,0,0,0,0,4,0,39.9866,-75.1339, , 
 ,33940,2015130262,6,67,67301,2015,11,5,1135,11,1,2,1,4,1, , ,N,1,2,0,3,0,0,3,2,N,N,40 02:12.235,75 03:52.193,1157, ,1153,1,1,2,N, ,3,N, , , , ,363745, , , ,2,2,0,0,0,0,0,0,0,0,0,0,0,0,0,0,0,0,0,0,1,0,0,0,0,0,0,0,0,0,0,0,0,0,0,0,0,40.0367,-75.0645, , 
 ,33941,2015095222,6,67,67301,2015,9,1,2028,20,3,1,0,8,1, , ,N,1,2,0,3,0,1,2,2,N,N,39 55:14.271,75 14:29.219,2031, ,2030, ,0, ,N, ,3, , , , , ,363759, , , ,1,1,0,0,0,0,0,0,0,0,0,0,1,1,0,0,0,0,0,0,0,0,0,0,0,0,0,0,0,0,0,0,1,0,0,8,0,39.9206,-75.2414, , 
 ,33942,2015108495,6,67,67301,2015,10,6,2200,22,3,1,0,7,4, , ,N,0,0,0,3,0,1,1,1,N,N,39 56:46.656,75 11:20.481,2218, ,2206,2,1,4,N, ,0,N, , , , ,363770, , , ,1,1,0,0,0,0,0,0,0,0,0,1,1,0,0,0,0,0,0,0,0,0,0,0,0,0,0,0,0,0,0,0,0,0,0,4,0,39.9463,-75.189, , 
 ,33943,2015083338,6,67,67301,2015,7,4,1020,10,1,1,0,5,6, , ,N,0,0,0,3,0,0,2,3,N, ,39 57:26.833,75 14:52.099,1037, ,1035, ,0, , , ,0, , , , , ,363804, , , ,3,1,0,0,0,0,1,1,0,0,0,0,0,0,0,0,0,0,0,0,1,1,0,0,0,0,0,0,0,0,0,0,0,0,0,0,0,39.9575,-75.2478, , 
 ,33944,2015079280,6,67,67301,2015,7,1,2153,21,3,1,0,7,2, , ,N,0,0,0,3,0,1,1,1,N,N,40 00:06.634,75 04:42.475,2204, ,2154,2,1,1,N, ,0,N, , , , ,363834, , , ,1,1,0,0,0,0,0,0,0,0,0,0,1,1,0,0,0,0,0,0,1,0,0,0,0,0,0,0,0,0,0,0,0,0,0,8,0,40.0018,-75.0785, , 
 ,33945,2015080121,6,67,67301,2015,7,1,1450,14,1,1,0,7,4, , ,N,0,0,0,3,0,1,3,1,N,N,39 58:37.559,75 11:58.085,1455, ,1454, ,0, ,N, ,0, , , , , ,363835, , , ,1,1,0,0,0,0,0,0,0,0,0,1,1,0,0,0,0,0,0,0,1,0,0,0,0,0,0,0,0,0,0,0,0,0,0,4,0,39.9771,-75.1995, , 
 ,33946,2015103808,6,67,67301,2015,9,3,900,9,1,1,0,8,1, , ,N,1,2,0,3,0,1,2,2,N, ,39 57:38.428,75 08:28.873,907, ,905, ,0, ,N, ,3, , , , , ,363859, , , ,1,0,0,0,0,0,1,0,0,0,1,0,1,0,0,0,0,0,0,0,1,0,0,0,0,0,0,0,0,0,0,0,1,0,0,3,0,39.9606,-75.1414, , 
 ,33947,2015124596,6,67,67301,2015,12,3,835,8,1,2,1,4,1, , ,N,1,2,0,3,0,1,2,2,N,N,39 58:28.166,75 09:31.847,840, ,836,2,1,2,N, ,3,N, , , , ,363876, , , ,2,1,0,0,0,1,0,0,0,0,0,0,1,1,0,0,0,0,0,0,0,0,0,0,0,0,0,0,0,0,0,0,0,0,0,8,1,39.9745,-75.1587, , 
 ,33948,2015130068,6,67,67301,2015,11,1,1615,16,1,1,0,5,6, , ,N,0,0,0,3,0,0,2,2,N,N,39 56:00.502,75 09:56.152,1650, ,1647,2,2,1,N, ,0,Y, , , , ,363881, , , ,2,1,0,0,0,0,1,0,0,0,0,0,0,0,0,0,0,0,0,0,0,0,0,0,0,0,0,0,0,0,0,0,0,0,0,0,0,39.9335,-75.1656, , 
 ,33949,2015133751,6,67,67301,2015,11,3,742,7,1,2,1,6,1, , ,N,0,0,0,3,0,1,2,2,N,N,40 01:30.565,75 11:41.098,742, ,742,1,1,1,N, ,0,N, , , , ,363886, , , ,2,0,0,0,0,0,2,0,0,0,0,0,1,1,0,0,0,0,1,0,0,0,0,0,0,0,0,0,0,0,0,0,0,0,0,8,0,40.0252,-75.1947, , 
 ,33950,2016002409,6,67,67301,2015,12,7,1703,17,1,1,0,4,1, , ,N,1,2,0,3,0,0,5,2,N,N,39 55:20.909,75 09:17.861,1818, ,1817,9,1,4,N, ,3,N, , , , ,363893, , , ,2,1,0,0,0,0,1,0,0,0,0,0,0,0,0,0,0,0,0,0,0,0,0,0,0,0,0,0,0,0,0,0,0,0,0,0,0,39.9225,-75.155, , 
 ,33951,2015115003,6,67,67301,2015,10,2,1300,13,1,1,0,1,1, , ,N,0,0,0,3,0,2,4,3,N,N,40 03:12.155,75 08:23.263,1350, ,1346, ,0, ,N, ,0, , , , , ,363895, , , ,3,3,0,0,0,0,0,0,0,0,0,2,2,0,1,0,0,0,1,0,1,0,0,0,0,0,0,0,0,0,0,0,0,0,0,4,0,40.0534,-75.1398, , 
 ,33952,2015125128,6,67,67301,2015,10,1,1446,14,1,1,0,4,1, , ,N,1,2,0,3,0,1,4,2,N,N,40 00:31.061,75 12:38.922,1449, ,1446, ,0, ,N, ,3, , , , , ,363913, , , ,2,2,0,0,0,0,0,0,0,0,0,0,1,1,0,0,0,0,0,0,1,0,0,0,0,0,0,0,0,0,0,0,0,0,0,8,0,40.0084,-75.211, , 