wz_ln_closure,objectid_1,crn,district,county,municipality,crash_year,crash_month,day_of_week,time_of_day,hour_of_day,illumination,weather,road_condition,collision_type,relation_to_road,work_zone_type,work_zone_loc,work_zone_ind,intersect_type,tcd_type,location_type,urban_rural,fatal_count,injury_count,person_count,total_units,sch_bus_ind,sch_zone_ind,latitude,longitude,arrival_tm,cons_zone_spd_lim,dispatch_tm,est_hrs_closed,lane_closed,ln_close_dir,ntfy_hiwy_maint,spec_juris_cd,tcd_func_cd,tfc_detour_ind,workers_pres,wz_close_detour,wz_flagger,wz_law_offcr_ind,objectid,wz_moving,wz_other,wz_shlder_mdn,vehicle_count,automobile_count,motorcycle_count,bus_count,small_truck_count,heavy_truck_count,suv_count,van_count,bicycle_count,maj_inj_count,mod_inj_count,min_inj_count,tot_inj_count,unk_inj_deg_count,unk_inj_per_count,driver_count_16yr,driver_count_17yr,driver_count_18yr,driver_count_19yr,driver_count_20yr,driver_count_50_64yr,driver_count_65_74yr,driver_count_75plus,unbelted_occ_count,unb_death_count,unb_maj_inj_count,belted_death_count,belted_maj_inj_count,mcycle_death_count,mcycle_maj_inj_count,bicycle_death_count,bicycle_maj_inj_count,ped_count,ped_death_count,ped_maj_inj_count,max_severity_level,comm_veh_count,dec_lat,dec_long,rdwy_surf_type_cd,county_name
 ,33953,2015112315,6,46,46102,2015,10,6,1739,17,1,1,0,4,1, , ,N,1,2,0,3,0,1,2,2,N,N,40 03:16.724,75 07:29.999,1751, ,1739,2,1,4,N, ,3,N, , , , ,363934, , , ,2,1,0,0,0,0,0,1,0,0,0,0,1,1,0,0,0,0,0,0,0,1,0,0,0,0,0,0,0,0,0,0,0,0,0,8,0,40.0546,-75.125, , 
 ,33954,2015116472,6,67,67301,2015,11,4,815,8,1,1,0,1,1, , ,N,0,0,0,3,0,0,2,2,N,N,40 00:33.040,75 04:03.674,823, ,819, ,0, ,N, ,0, , , , , ,363937, , , ,2,1,0,0,0,0,1,0,0,0,0,0,0,0,0,0,0,0,0,0,0,0,0,0,0,0,0,0,0,0,0,0,0,0,0,0,0,40.0092,-75.0677, , 
 ,33955,2015130120,6,67,67301,2015,10,5,1220,12,1,1,0,4,1, , ,N,1,2,0,3,0,2,4,2,N,N,39 57:29.691,75 13:23.712,1235, ,1235, ,0, ,N, ,3, , , , , ,363965, , , ,2,1,0,0,0,1,0,0,0,0,0,2,2,0,0,0,0,0,0,0,0,0,0,0,0,0,0,0,0,0,0,0,0,0,0,4,1,39.9582,-75.2232, , 
 ,33956,2016007634,6,67,67301,2015,12,5,943,9,1,1,0,7,4, , ,N,1,3,0,3,0,1,1,1,N,N,40 03:58.021,75 09:10.677,1001, ,1001, ,0, ,N, ,3, , , , , ,363969, , , ,1,1,0,0,0,0,0,0,0,0,0,1,1,0,0,0,0,0,0,0,0,1,0,0,0,0,0,0,0,0,0,0,0,0,0,4,0,40.0661,-75.153, , 
 ,33957,2015131287,6,67,67301,2015,11,2,705,7,1,1,0,4,1, , ,N,2,2,2,3,0,1,2,2,N,N,39 52:54.036,75 15:12.278,718, ,712,2,2,3, , ,3,Y, , , , ,363989, , , ,2,1,0,0,0,0,1,0,0,0,0,0,1,1,1,0,0,0,0,0,1,0,0,0,0,0,0,0,0,0,0,0,0,0,0,8,0,39.8814,-75.2535, , 
 ,33958,2015091113,6,67,67301,2015,8,1,103,1,3,1,0,7,3, , ,N,1,2,1,3,0,1,1,1,N,N,40 00:21.051,75 05:46.741,111, ,111, ,0, ,N, ,2, , , , , ,366807, , , ,1,1,0,0,0,0,0,0,0,0,1,0,1,0,0,0,0,0,0,0,0,0,0,0,0,0,0,0,0,0,0,0,0,0,0,3,0,40.0058,-75.0964, , 
 ,33959,2016002988,6,67,67301,2015,12,2,815,8,1,1,0,1,6, , ,N,0,0,0,3,0,0,1,3,N,N,40 01:48.557,75 07:28.309,905, ,859,1,1,2,N, ,0,N, , , , ,366816, , , ,3,2,0,0,0,0,1,0,0,0,0,0,0,0,0,0,0,0,0,0,0,0,0,0,0,0,0,0,0,0,0,0,0,0,0,0,0,40.0302,-75.1245, , 
 ,33960,2015106395,6,67,67301,2015,9,7,400,4,3,1,0,5,1, , ,N,0,0,0,3,0,3,3,2,N,N,39 57:39.312,75 14:49.835,427, ,416, ,0, , , ,0, , , , , ,366820, , , ,2,0,2,0,0,0,0,0,0,0,3,0,3,0,0,0,0,0,0,0,1,0,0,0,0,0,0,0,0,0,0,0,0,0,0,3,0,39.9609,-75.2472, , 
 ,33961,2015128575,6,67,67301,2015,11,1,1119,11,1,1,0,4,1, , ,N,2,0,0,3,0,1,2,2,N,N,40 01:13.039,75 09:46.119,1123, ,1119, ,0, ,N, ,0, , , , , ,366840, , , ,2,2,0,0,0,0,0,0,0,0,0,0,1,1,0,0,0,0,0,0,0,0,0,0,0,0,0,0,0,0,0,0,0,0,0,8,0,40.0203,-75.1628, , 
 ,33962,2015130369,6,67,67301,2015,11,5,1525,15,1,2,1,7,4, , ,N,0,0,0,3,0,0,1,1,N,N,39 58:20.867,75 11:23.866,1537, ,1525,1,2,1,N, ,0,N, , , , ,366841, , , ,1,0,0,0,0,0,1,0,0,0,0,0,0,0,0,0,0,0,0,0,0,0,0,0,0,0,0,0,0,0,0,0,0,0,0,0,0,39.9725,-75.19, , 
 ,33963,2015131263,6,67,67301,2015,11,1,400,4,3,2,1,7,4, , ,N,0,0,0,3,0,1,1,1,N,N,40 00:43.578,75 04:30.807,410, ,403, ,0, ,N, ,0, , , , , ,366842, , , ,1,1,0,0,0,0,0,0,0,0,1,0,1,0,0,0,0,0,0,0,0,0,0,0,0,0,0,0,0,0,0,0,0,0,0,3,0,40.0121,-75.0752, , 
 ,33964,2016013644,6,67,67301,2015,8,1,1315,13,1,1,0,1,1, , ,N,0,0,7,3,0,1,2,2,N,N,40 00:03.165,75 13:37.509,0, ,0, ,0, ,N, ,0, , , , , ,366848, , , ,2,1,0,0,0,0,0,0,0,0,0,0,1,1,0,0,0,0,0,0,1,0,0,0,0,0,0,0,0,0,0,0,0,0,0,8,0,40.0009,-75.2271, , 
 ,33965,2015117668,6,67,67301,2015,10,3,704,7,1,1,0,4,1, , ,N,0,0,0,3,0,0,3,2,N, ,40 00:27.098,75 07:40.811,758, ,755, ,0, , , ,0, , , , , ,366858, , , ,2,1,0,0,0,0,0,1,0,0,0,0,0,0,0,0,0,0,0,0,1,0,0,0,0,0,0,0,0,0,0,0,0,0,0,0,0,40.0075,-75.128, , 
 ,33966,2015121020,6,67,67301,2015,11,5,720,7,1,2,1,7,2, , ,N,0,0,0,3,0,0,2,2,N, ,40 03:32.844,75 12:02.559,1023, ,1023, ,0, , , ,0, , , , , ,366861, , , ,2,1,0,0,0,0,1,0,0,0,0,0,0,0,0,0,0,0,0,0,0,0,0,0,0,0,0,0,0,0,0,0,0,0,0,0,0,40.0591,-75.2007, , 
 ,33967,2015099118,6,67,67301,2015,9,2,1510,15,1,1,0,1,1, , ,N,2,2,0,3,0,1,3,2,N, ,40 00:45.170,75 03:29.345,1541, ,1530,1,1,1, , ,3,N, , , , ,366867, , , ,2,2,0,0,0,0,0,0,0,0,0,1,1,0,1,0,0,0,0,0,0,0,0,0,0,0,0,0,0,0,0,0,0,0,0,4,0,40.0125,-75.0582, , 
 ,33968,2015102052,6,67,67301,2015,9,1,1208,12,1,1,0,5,1, , ,N,0,0,0,3,0,0,2,2,N,N,39 55:53.949,75 08:44.737,1220, ,1208, ,0, ,N, ,0, , , , , ,366871, , , ,2,1,0,0,0,0,1,0,0,0,0,0,0,0,0,0,0,1,0,0,0,1,0,0,0,0,0,0,0,0,0,0,0,0,0,0,0,39.9317,-75.1458, , 
 ,33969,2015105119,6,67,67301,2015,9,4,1955,19,3,1,0,4,1, , ,N,1,2,0,3,0,0,4,2,N, ,40 03:23.345,75 02:47.046,1956, ,1955, ,0, , , ,3, , , , , ,366874, , , ,2,2,0,0,0,0,0,0,0,0,0,0,0,0,0,0,0,0,0,0,0,0,0,0,0,0,0,0,0,0,0,0,0,0,0,0,0,40.0565,-75.0464, , 
 ,33970,2015120500,6,67,67301,2015,10,3,1708,17,1,2,1,4,1, , ,N,0,0,0,3,1,3,4,2,N,N,39 56:24.852,75 14:13.429,1720, ,1718,4,2,3,N,0,0,Y, , , , ,366880, , , ,2,1,0,1,0,0,0,0,0,0,0,3,3,0,0,0,0,0,0,0,1,0,0,0,0,0,0,0,0,0,0,0,0,0,0,1,1,39.9402,-75.2371,1, 
N,33971,2015133915,6,67,67301,2015,12,6,1636,16,3,1,0,1,1,1,4,Y,0,0,0,3,0,0,4,3,N,N,40 01:48.442,75 01:19.718,1651,45,1636,1,1,2,N, ,0,N,N,N,N,N,366890,N,N,Y,3,2,0,0,0,0,1,0,0,0,0,0,0,0,0,0,0,0,0,0,1,0,0,0,0,0,0,0,0,0,0,0,0,0,0,0,0,40.0301,-75.0221, , 
 ,33972,2015135801,6,67,67301,2015,11,7,2237,22,3,1,0,1,1, , ,N,0,0,3,3,0,1,2,2,N,N,39 57:04.885,75 10:49.499,2244, ,2239, ,0, , , ,0, , , , , ,366893, , , ,2,1,0,0,0,0,0,1,0,0,0,1,1,0,0,0,0,0,0,0,0,0,0,0,0,0,0,0,0,0,0,0,0,0,0,4,0,39.9514,-75.1804, , 
 ,33973,2016015923,6,67,67301,2015,12,4,129,1,3,2,0,7,2, , ,N,0,0,0,3,0,1,2,2,N,N,39 59:34.554,75 12:02.355,134, ,129,1,2,3, , ,0,N, , , , ,366898, , , ,2,2,0,0,0,0,0,0,0,0,0,0,1,1,0,0,0,0,0,0,1,0,0,0,0,0,0,0,0,0,0,0,0,0,0,8,0,39.9929,-75.2007, , 
 ,33974,2015065449,6,67,67301,2015,5,3,750,7,1,1,0,4,1, , ,N,0,0,7,3,0,1,2,2,N, ,40 02:30.613,75 11:11.292,801, ,751, ,0, , , ,0, , , , , ,366900, , , ,2,1,0,0,0,0,1,0,0,0,0,0,1,1,0,0,0,0,0,0,0,0,0,0,0,0,0,0,0,0,0,0,0,0,0,8,0,40.0418,-75.1865, , 
 ,33975,2015130334,6,67,67301,2015,11,3,750,7,1,1,0,4,1, , ,N,2,0,0,3,0,3,3,2,N,N,40 03:22.582,75 09:02.536,810, ,755, ,0, ,N, ,0, , , , , ,366911, , , ,2,2,0,0,0,0,0,0,0,0,0,2,3,1,0,0,0,0,0,0,0,0,0,1,0,0,0,0,0,0,0,0,0,0,0,4,0,40.0563,-75.1507, , 
 ,33976,2015131352,6,67,67301,2015,11,6,920,9,1,1,0,7,5, , ,N,1,2,0,3,0,1,1,1,N,N,39 58:28.020,75 09:31.391,925, ,922, ,0, , , ,3, , , , , ,366914, , , ,1,0,0,0,0,0,0,1,0,0,1,0,1,0,0,0,0,0,0,0,0,0,0,0,0,0,0,0,0,0,0,0,0,0,0,3,0,39.9745,-75.1587, , 
 ,33977,2015119726,6,67,67301,2015,11,1,1145,11,1,1,0,1,1, , ,N,0,0,0,3,0,0,2,2,N,N,39 58:00.046,75 11:15.515,1156, ,1145,1,2,3,N, ,0,N, , , , ,369269, , , ,2,2,0,0,0,0,0,0,0,0,0,0,0,0,0,0,0,0,0,0,0,0,0,0,0,0,0,0,0,0,0,0,0,0,0,0,0,39.9667,-75.1876, , 
 ,33978,2015135833,6,67,67301,2015,11,2,1858,18,3,1,0,8,1, , ,N,1,2,0,3,0,1,2,2,N, ,39 57:30.563,75 13:30.647,1858, ,1858, ,0, ,N, ,3, , , , , ,369277, , , ,1,1,0,0,0,0,0,0,0,0,0,1,1,0,0,0,0,0,0,0,0,0,0,1,0,0,0,0,0,0,0,0,1,0,0,4,0,39.9585,-75.2252, , 
 ,33979,2015103424,6,67,67301,2015,9,6,729,7,1,1,0,4,1, , ,N,1,2,0,3,0,3,3,2,N,N,40 02:10.346,75 03:51.114,737, ,732,3,2,1,N, ,3,Y, , , , ,369285, , , ,2,1,0,0,0,0,0,1,0,0,2,1,3,0,0,0,0,0,0,0,0,0,0,3,0,0,0,0,0,0,0,0,0,0,0,3,0,40.0362,-75.0642, , 
 ,33980,2015106446,6,67,67301,2015,9,3,1316,13,1,1,0,4,1, , ,N,0,0,0,3,0,1,3,2,N,N,39 57:44.985,75 10:04.998,1325, ,1318, ,0, ,N, ,0, , , , , ,369288, , , ,1,1,0,0,0,0,0,0,1,0,1,0,1,0,0,0,0,0,0,0,0,0,0,0,0,0,0,0,0,0,0,0,0,0,0,3,0,39.9625,-75.1681, , 
 ,33981,2015109260,6,67,67301,2015,10,7,1638,16,1,2,1,8,1, , ,N,2,3,0,3,0,1,2,2,N,N,40 06:08.297,74 58:16.364,1643, ,1639,2,1,2,N, ,3,N, , , , ,369291, , , ,1,0,0,0,0,0,1,0,0,0,0,0,1,1,0,0,0,0,0,0,0,0,1,0,0,0,0,0,0,0,0,0,1,0,0,8,0,40.1023,-74.9712, , 
 ,33982,2015117614,6,67,67301,2015,10,5,2300,23,3,1,0,4,1, , ,N,1,3,0,3,0,1,2,3,N, ,39 58:19.405,75 14:04.243,2308, ,2303, ,0, , , ,3, , , , , ,369296, , , ,3,3,0,0,0,0,0,0,0,0,0,1,1,0,0,0,0,0,0,0,1,0,0,0,0,0,0,0,0,0,0,0,0,0,0,4,0,39.9721,-75.2345, , 
 ,33983,2016007679,6,67,67301,2015,12,1,9999,99,3,1,1,4,1, , ,N,1,3,0,3,0,1,3,2,N,N,40 01:14.448,75 02:45.985,30, ,22, ,0, , , ,3, , , , , ,369314, , , ,2,2,0,0,0,0,0,0,0,0,0,1,1,0,0,0,0,0,0,0,0,0,0,0,0,0,0,0,0,0,0,0,0,0,0,4,0,40.0207,-75.0461, , 
 ,33984,2015093017,6,67,67301,2015,8,5,1303,13,1,1,0,4,1, , ,N,1,3,0,3,0,0,2,2,N,N,39 57:35.042,75 11:42.755,1348, ,1336, ,0, ,N, ,3, , , , , ,369320, , , ,2,1,0,0,0,0,1,0,0,0,0,0,0,0,0,0,0,0,0,0,1,0,0,1,0,0,0,0,0,0,0,0,0,0,0,0,0,39.9597,-75.1952, , 
 ,33985,2015095785,6,67,67301,2015,8,7,1841,18,4,1,0,8,1, , ,N,1,2,0,3,0,1,2,2,Y,N,40 00:41.506,75 04:11.278,9999, ,1842, ,0, ,N, ,3, , , , , ,369323, , , ,1,0,0,1,0,0,0,0,0,0,1,0,1,0,0,0,0,0,0,0,0,0,0,0,0,0,0,0,0,0,0,0,1,0,0,3,1,40.0115,-75.0698, , 
 ,33986,2015135807,6,67,67301,2015,12,1,56,0,3,1,0,6,1, , ,N,0,0,0,3,0,1,2,2,N,N,40 01:52.024,75 06:40.078,103, ,59, ,0, ,N, ,0, , , , , ,369343, , , ,2,0,0,0,0,0,1,1,0,0,0,1,1,0,1,0,0,0,0,0,0,0,0,0,0,0,0,0,0,0,0,0,0,0,0,4,0,40.0311,-75.1111, , 
 ,33987,2015105543,6,67,67301,2015,9,6,1150,11,1,1,0,4,1, , ,N,0,0,0,3,0,2,4,2,N,N,39 55:56.046,75 13:29.928,1612, ,1553,1,1,6,N, ,0,Y, , , , ,369353, , , ,2,1,0,0,0,0,0,0,0,0,0,2,2,0,0,0,0,0,0,0,0,0,1,0,0,0,0,0,0,0,0,0,0,0,0,4,0,39.9322,-75.225, , 
 ,33988,2015115029,6,67,67301,2015,9,3,857,8,1,1,0,8,1, , ,N,1,2,0,3,0,1,2,2,N,N,39 57:27.036,75 13:02.383,904, ,859, ,0, , , ,3, , , , , ,369361, , , ,1,0,0,0,1,0,0,0,0,0,0,1,1,0,0,0,0,0,0,0,0,0,0,0,0,0,0,0,0,0,0,0,1,0,0,4,0,39.9575,-75.2173, , 
 ,33989,2015135868,6,67,67301,2015,12,7,240,2,3,1,0,7,4, , ,N,0,0,0,3,0,0,1,1,N, ,39 58:23.521,75 08:05.664,343, ,339,2,1,2,N, ,0,Y, , , , ,369380, , , ,1,0,0,0,0,0,0,1,0,0,0,0,0,0,1,0,0,0,0,0,0,0,0,0,0,0,0,0,0,0,0,0,0,0,0,9,0,39.9732,-75.1349, , 
 ,33990,2015108490,6,67,67301,2015,10,4,2223,22,3,1,0,5,1, , ,N,0,0,0,3,0,0,2,2,N,N,40 00:07.958,75 04:42.338,2232, ,2226, ,0, ,N, ,0, , , , , ,369390, , , ,2,1,0,0,0,0,1,0,0,0,0,0,0,0,0,0,0,1,0,0,0,0,0,0,0,0,0,0,0,0,0,0,0,0,0,0,0,40.0022,-75.0784, , 
 ,33991,2015103310,6,67,67301,2015,9,1,1740,17,1,1,0,8,1, , ,N,0,0,0,3,0,1,2,2,N,N,39 56:03.315,75 11:31.834,1750, ,1746, ,0, ,N, ,0, , , , , ,369417, , , ,1,0,0,0,1,0,0,0,0,0,0,1,1,0,0,0,0,0,0,0,0,0,0,0,0,0,0,0,0,0,0,0,1,0,0,4,0,39.9343,-75.1922, , 
 ,33992,2015103465,6,67,67301,2015,9,6,905,9,1,1,0,8,1, , ,N,2,0,0,3,0,1,2,2,N, ,40 01:52.806,75 02:05.297,1213, ,1210, ,0, , , ,0, , , , , ,369418, , , ,1,0,0,0,0,0,1,0,0,0,0,1,1,0,0,0,0,0,0,0,0,0,0,0,0,0,0,0,0,0,0,0,1,0,0,4,0,40.0313,-75.0348, , 
 ,33993,2015106411,6,67,67301,2015,9,5,1244,12,1,1,0,4,1, , ,N,1,2,0,3,0,1,2,2,N,N,40 02:26.486,75 04:34.494,1247, ,1246, ,0, ,N, ,3, , , , , ,369422, , , ,1,0,0,0,0,0,1,0,1,0,0,1,1,0,0,0,0,0,0,0,0,0,0,1,0,0,0,0,0,0,0,0,0,0,0,4,0,40.0407,-75.0762, , 
 ,33994,2015108980,6,67,67301,2015,10,5,2240,22,3,1,0,7,5, , ,N,0,0,0,3,0,1,1,1,N,N,39 57:17.595,75 11:30.026,2244, ,2244,1,1,2,N, ,0,N, , , , ,369425, , , ,1,1,0,0,0,0,0,0,0,0,0,1,1,0,0,0,0,0,0,1,0,0,0,0,0,0,0,0,0,0,0,0,0,0,0,4,0,39.9549,-75.1917, , 
 ,33995,2015131255,6,67,67301,2015,11,7,2325,23,3,1,0,7,4, , ,N,0,0,0,3,0,2,7,1,N,N,40 00:53.090,75 10:40.746,2345, ,2330,2,1,2,N, ,0,N, , , , ,361078, , , ,1,1,0,0,0,0,0,0,0,0,0,1,2,1,0,0,0,0,0,0,0,0,0,0,0,0,0,0,0,0,0,0,0,0,0,4,0,40.0147,-75.178, , 
 ,33996,2016002574,6,67,67301,2015,12,6,1134,11,1,1,0,7,5, , ,N,0,0,0,3,0,2,2,1,N,N,39 56:02.446,75 11:28.330,1140, ,1135, ,0, , , ,0, , , , , ,361085, , , ,1,1,0,0,0,0,0,0,0,0,0,2,2,0,0,0,0,0,0,0,1,0,0,0,0,0,0,0,0,0,0,0,0,0,0,4,0,39.934,-75.1912, , 
 ,33997,2016006015,6,67,67301,2015,12,1,1543,15,1,1,0,4,1, , ,N,1,3,0,3,0,2,2,2,N, ,39 59:28.203,75 06:50.926,1543, ,1542, ,0, , , ,9, , , , , ,361087, , , ,2,2,0,0,0,0,0,0,0,0,1,1,2,0,0,0,0,0,1,0,0,0,0,0,0,0,0,0,0,0,0,0,0,0,0,3,0,39.9912,-75.1141, , 
 ,33998,2015120497,6,67,67301,2015,10,7,2122,21,3,1,0,8,1, , ,N,1,2,0,3,0,1,2,2,N,N,39 57:32.159,75 14:29.156,2135, ,2122,2,1,4, , ,3,N, , , , ,361099, , , ,1,1,0,0,0,0,0,0,0,0,0,1,1,0,0,0,0,0,0,0,0,0,0,1,0,0,0,0,0,0,0,0,1,0,0,4,0,39.9589,-75.2414, , 
 ,33999,2015133769,6,67,67301,2015,12,4,1816,18,3,2,1,1,1, , ,N,1,2,0,3,0,1,6,3,N,N,40 00:13.665,75 08:22.783,1827, ,1821,2,2,2,N, ,2,Y, , , , ,361112, , , ,3,3,0,0,0,0,0,0,0,0,0,1,1,0,0,0,0,0,0,0,1,0,0,0,0,0,0,0,0,0,0,0,0,0,0,4,0,40.0038,-75.1397, , 
 ,34000,2015135842,6,67,67301,2015,12,3,907,9,1,2,1,1,1, , ,N,2,2,0,3,0,1,2,2,N,N,39 57:40.266,75 14:49.451,908, ,907, ,0, ,N, ,3, , , , , ,361116, , , ,2,2,0,0,0,0,0,0,0,0,0,1,1,0,0,0,0,0,0,0,0,0,0,0,0,0,0,0,0,0,0,0,0,0,0,4,0,39.9612,-75.2471, , 
 ,34001,2016002597,6,67,67301,2015,12,3,1839,18,3,1,0,2,1, , ,N,0,0,0,3,0,1,2,2,N,N,40 06:03.515,75 02:55.634,1905, ,1900, ,0, ,N, ,0, , , , , ,361126, , , ,2,2,0,0,0,0,0,0,0,0,0,0,1,1,0,0,0,0,0,0,0,0,1,0,0,0,0,0,0,0,0,0,0,0,0,8,0,40.101,-75.0488, , 
 ,34002,2016007565,6,67,67301,2015,12,5,2201,22,3,1,0,5,1, , ,N,0,0,0,3,0,0,4,2,N,N,40 03:12.587,75 07:22.211,2222, ,2215,2,2,3,N, ,0,N, , , , ,361127, , , ,2,1,0,0,0,0,0,1,0,0,0,0,0,0,0,0,0,0,0,0,0,1,0,0,0,0,0,0,0,0,0,0,0,0,0,0,0,40.0535,-75.1228, , 
 ,34003,2015073219,6,67,67301,2015,7,4,1806,18,1,1,0,4,1, , ,N,0,0,0,3,0,1,3,2,N,N,39 59:17.961,75 07:11.145,1806, ,1806,2,2,4, , ,0,Y, , , , ,361130, , , ,1,1,0,0,0,0,0,0,1,0,0,0,1,1,0,0,0,0,0,0,0,0,0,0,0,0,0,0,0,0,0,0,0,0,0,8,0,39.9883,-75.1198, , 
 ,34004,2015118183,6,67,67301,2015,10,5,1930,19,2,1,0,8,1, , ,N,1,3,0,3,0,1,2,2,N,N,40 01:55.477,75 04:52.420,2100, ,2046, ,0, ,N, ,3, , , , , ,361171, , , ,1,1,0,0,0,0,0,0,0,0,0,1,1,0,0,0,0,0,0,0,0,0,0,0,0,0,0,0,0,0,0,0,1,0,0,4,0,40.0321,-75.0812, , 
 ,34005,2015107456,6,67,67301,2015,9,4,1813,18,3,2,1,4,1, , ,N,2,0,0,3,0,0,2,2,N,N,40 01:55.629,75 12:27.966,1822, ,1817, ,0, , , ,0, , , , , ,361189, , , ,2,1,0,0,1,0,0,0,0,0,0,0,0,0,0,0,0,0,0,0,0,0,0,0,0,0,0,0,0,0,0,0,0,0,0,0,0,40.0321,-75.2078, , 
 ,34006,2015129936,6,67,67301,2015,11,1,102,1,3,1,0,5,6, , ,N,0,0,0,3,0,0,1,2,N,N,39 59:47.414,75 10:27.888,106, ,104, ,0, ,N, ,0, , , , , ,361206, , , ,2,1,0,0,0,0,0,1,0,0,0,0,0,0,0,0,0,0,0,0,0,0,0,1,0,0,0,0,0,0,0,0,0,0,0,0,0,39.9965,-75.1744, , 
 ,34007,2015068044,6,67,67301,2015,6,5,1731,17,1,1,0,7,1, , ,N,0,0,0,3,0,0,1,1,N,N,39 55:48.336,75 08:45.989,1827, ,1827, ,0, ,N, ,0, , , , , ,361218, , , ,1,1,0,0,0,0,0,0,0,0,0,0,0,0,0,0,0,0,0,0,0,0,0,0,0,0,0,0,0,0,0,0,0,0,0,0,0,39.9301,-75.1461, , 
 ,34008,2015109237,6,67,67301,2015,10,4,1600,16,1,1,0,8,1, , ,N,1,2,0,3,0,1,2,2,N,Y,40 01:51.528,75 07:27.728,840, ,831, ,0, ,N, ,3, , , , , ,361223, , , ,1,1,0,0,0,0,0,0,0,0,0,0,1,1,0,0,0,0,0,0,0,0,0,0,0,0,0,0,0,0,0,0,1,0,0,8,0,40.031,-75.1244, , 
 ,34009,2015112186,6,67,67301,2015,10,5,1930,19,3,9,0,8,1, , ,N,0,0,0,3,0,1,2,2,N,N,40 01:53.130,75 08:24.622,2230, ,2230, ,0, ,N, ,0, , , , , ,361225, , , ,1,0,0,0,0,0,1,0,0,0,1,0,1,0,0,0,0,0,0,0,0,0,0,0,0,0,0,0,0,0,0,0,1,0,0,3,0,40.0314,-75.1402, , 
 ,34010,2015118184,6,67,67301,2015,10,7,110,1,3,1,0,8,4, , ,N,2,3,0,3,0,1,2,2,N,N,40 02:15.158,75 02:18.959,111, ,111, ,0, ,N, ,3, , , , , ,361234, , , ,1,1,0,0,0,0,0,0,0,0,0,1,1,0,0,0,0,0,0,0,0,0,0,0,0,0,0,0,0,0,0,0,1,0,0,4,0,40.0375,-75.0386, , 
 ,34011,2015132932,6,67,67301,2015,12,4,1141,11,1,1,0,1,1, , ,N,0,0,0,3,0,1,2,2,N,N,39 58:52.484,75 06:09.016,1147, ,1143, ,0, ,N, ,0, , , , , ,361244, , , ,2,1,0,0,0,1,0,0,0,0,0,1,1,0,0,0,0,0,0,0,1,0,0,0,0,0,0,0,0,0,0,0,0,0,0,4,0,39.9812,-75.1025, , 
 ,34012,2015070116,6,67,67301,2015,6,2,1035,10,1,1,0,4,1, , ,N,1,2,0,3,0,2,2,2,N,N,40 02:21.314,75 11:30.256,1040, ,1037,2,2,6,N, ,3,Y, , , , ,361255, , , ,2,1,0,0,0,0,1,0,0,0,0,1,2,1,0,0,0,0,0,0,0,0,0,0,0,0,0,0,0,0,0,0,0,0,0,4,0,40.0393,-75.1917, , 
N,34013,2015131402,6,67,67301,2015,11,6,1137,11,1,1,0,7,2,1,4,Y,7,0,2,3,0,0,1,1,N,N,40 01:17.533,75 02:23.692,1149,45,1139,2,1,1,N, ,0,N,Y,N,N,N,363990,N,N,Y,1,1,0,0,0,0,0,0,0,0,0,0,0,0,1,0,0,0,0,0,0,0,0,0,0,0,0,0,0,0,0,0,0,0,0,9,0,40.0234,-75.0336, , 
 ,34014,2016000998,6,67,67301,2015,12,1,1050,10,1,1,0,8,1, , ,N,0,0,0,3,0,1,2,2,N, ,39 59:34.091,75 08:43.218,1108, ,1106, ,0, , , ,0, , , , , ,363994, , , ,1,1,0,0,0,0,0,0,0,0,1,0,1,0,0,0,0,0,0,0,0,0,0,0,0,0,0,0,0,0,0,0,1,0,0,3,0,39.9928,-75.1453, , 
 ,34015,2016014020,6,67,67301,2015,12,7,54,0,3,1,0,4,1, , ,N,1,2,0,3,0,2,4,2,N,N,39 57:50.493,75 10:28.318,1259, ,1257, ,0, ,N, ,3, , , , , ,363997, , , ,2,2,0,0,0,0,0,0,0,0,0,2,2,0,1,0,0,0,0,0,0,0,0,2,0,0,0,0,0,0,0,0,0,0,0,4,0,39.964,-75.1745, , 
 ,34016,2015056549,6,67,67301,2015,5,7,750,7,1,1,0,4,1, , ,N,1,2,0,3,0,2,4,2,N,N,39 55:58.508,75 08:55.373,800, ,751,1,1,2,N, ,3,N, , , , ,364006, , , ,2,2,0,0,0,0,0,0,0,0,0,0,2,2,2,0,0,1,0,0,1,0,0,0,0,0,0,0,0,0,0,0,0,0,0,8,0,39.9329,-75.1487, , 
 ,34017,2015056934,6,67,67301,2015,5,7,140,1,3,1,0,1,6, , ,N,0,0,0,3,0,2,3,2,N, ,39 57:49.572,75 08:52.317,247, ,246, ,0, , , ,0, , , , , ,364009, , , ,2,0,0,0,0,0,2,0,0,0,0,0,2,2,0,0,0,0,0,0,0,0,0,0,0,0,0,0,0,0,0,0,0,0,0,8,0,39.9638,-75.1479, , 
 ,34018,2015061773,6,67,67301,2015,5,2,1246,12,1,1,0,8,1, , ,N,5,2,0,3,0,1,2,2,N, ,39 59:19.892,75 07:38.391,1248, ,1246, ,0, , , ,3, , , , , ,364014, , , ,1,1,0,0,0,0,0,0,0,0,0,0,1,1,0,0,0,0,0,0,0,0,0,0,0,0,0,0,0,0,0,0,1,0,0,8,0,39.9889,-75.1273, , 