wz_ln_closure,objectid_1,crn,district,county,municipality,crash_year,crash_month,day_of_week,time_of_day,hour_of_day,illumination,weather,road_condition,collision_type,relation_to_road,work_zone_type,work_zone_loc,work_zone_ind,intersect_type,tcd_type,location_type,urban_rural,fatal_count,injury_count,person_count,total_units,sch_bus_ind,sch_zone_ind,latitude,longitude,arrival_tm,cons_zone_spd_lim,dispatch_tm,est_hrs_closed,lane_closed,ln_close_dir,ntfy_hiwy_maint,spec_juris_cd,tcd_func_cd,tfc_detour_ind,workers_pres,wz_close_detour,wz_flagger,wz_law_offcr_ind,objectid,wz_moving,wz_other,wz_shlder_mdn,vehicle_count,automobile_count,motorcycle_count,bus_count,small_truck_count,heavy_truck_count,suv_count,van_count,bicycle_count,maj_inj_count,mod_inj_count,min_inj_count,tot_inj_count,unk_inj_deg_count,unk_inj_per_count,driver_count_16yr,driver_count_17yr,driver_count_18yr,driver_count_19yr,driver_count_20yr,driver_count_50_64yr,driver_count_65_74yr,driver_count_75plus,unbelted_occ_count,unb_death_count,unb_maj_inj_count,belted_death_count,belted_maj_inj_count,mcycle_death_count,mcycle_maj_inj_count,bicycle_death_count,bicycle_maj_inj_count,ped_count,ped_death_count,ped_maj_inj_count,max_severity_level,comm_veh_count,dec_lat,dec_long,rdwy_surf_type_cd,county_name
 ,34019,2015095765,6,67,67301,2015,9,3,1004,10,1,1,0,4,1, , ,N,1,3,0,3,0,1,2,2,N, ,40 00:02.224,75 10:11.121,1016, ,1011, ,0, , , ,3, , , , , ,364021, , , ,1,1,0,0,0,0,0,0,1,0,0,1,1,0,0,0,0,0,0,0,0,0,1,1,0,0,0,0,0,0,0,0,0,0,0,4,0,40.0006,-75.1698, , 
 ,34020,2015115033,6,67,67301,2015,10,5,2205,22,3,2,1,1,6, , ,N,0,0,0,3,0,1,1,3,N, ,39 57:37.132,75 14:24.094,2221, ,2214, ,0, , , ,0, , , , , ,364035, , , ,3,2,0,0,0,0,1,0,0,0,0,1,1,0,0,0,0,0,0,0,0,0,0,1,0,0,0,0,0,0,0,0,0,0,0,4,0,39.9603,-75.24, , 
 ,34021,2015128528,6,67,67301,2015,11,5,1915,19,3,1,0,7,3, , ,N,1,2,0,3,0,1,5,2,N,N,40 04:16.614,75 02:17.825,1930, ,1922,2,1,2,N, ,3,N, , , , ,364046, , , ,1,1,0,0,0,0,0,0,0,0,0,0,1,1,0,0,0,0,0,0,0,0,0,0,0,0,0,0,0,0,0,0,0,0,0,8,0,40.0713,-75.0383, , 
 ,34022,2015131838,6,67,67301,2015,12,6,2254,22,3,1,0,7,4, , ,N,0,0,0,3,0,1,1,1,N,N,39 57:07.764,75 10:56.015,2301, ,2257,2,2,4, , ,0,N, , , , ,364049, , , ,1,0,0,0,0,0,1,0,0,0,0,0,1,1,0,0,0,0,0,0,1,0,0,0,0,0,0,0,0,0,0,0,0,0,0,8,0,39.9522,-75.1822, , 
 ,34023,2015095163,6,67,67301,2015,9,5,1059,10,1,1,0,5,6, , ,N,0,0,0,3,0,1,1,4,N,N,39 59:37.848,75 05:57.013,1100, ,1059, ,0, ,N, ,0, , , , , ,364083, , , ,4,1,0,0,0,0,2,1,0,0,0,1,1,0,0,0,0,0,0,0,0,0,0,1,0,0,0,0,0,0,0,0,0,0,0,4,0,39.9938,-75.0992, , 
 ,34024,2015097606,6,67,67301,2015,9,2,1300,13,1,1,0,7,5, , ,N,0,0,0,3,0,2,3,3,N,N,39 58:52.917,75 12:24.523,1301, ,1300,3,2,6,N, ,0,Y, , , , ,364085, , , ,3,1,2,0,0,0,0,0,0,0,0,0,2,2,0,0,0,0,1,0,2,0,0,0,0,0,0,0,0,0,0,0,0,0,0,8,0,39.9814,-75.2068, , 
 ,34025,2015103433,6,67,67301,2015,9,3,2223,22,3,1,0,8,1, , ,N,0,0,0,3,0,1,2,2,N,N,39 57:50.659,75 13:03.403,2231, ,2229, ,0, ,N, ,0, , , , , ,364090, , , ,1,1,0,0,0,0,0,0,0,0,0,0,1,1,0,0,0,0,0,1,0,0,0,0,0,0,0,0,0,0,0,0,1,0,0,8,0,39.9641,-75.2176, , 
 ,34026,2015106379,6,67,67301,2015,9,7,1906,19,4,1,0,8,1, , ,N,0,0,0,3,0,1,2,2,N,N,40 02:00.859,75 02:14.289,2055, ,1906, ,0, , , ,0, , , , , ,364093, , , ,1,0,0,0,0,0,0,0,0,0,1,0,1,0,0,0,0,0,0,0,0,0,0,0,0,0,0,0,0,0,0,0,1,0,0,3,0,40.0336,-75.0373, , 
 ,34027,2015107460,6,67,67301,2015,10,7,2327,23,2,2,1,4,1, , ,N,1,2,0,3,0,0,2,2,N,N,39 58:12.826,75 08:42.073,2338, ,2337, ,0, , , ,3, , , , , ,364094, , , ,2,1,0,0,1,0,0,0,0,0,0,0,0,0,0,0,0,0,0,0,0,0,0,2,0,0,0,0,0,0,0,0,0,0,0,0,0,39.9702,-75.1451, , 
 ,34028,2015107440,6,67,67301,2015,9,3,1310,13,1,1,0,5,6, , ,N,0,0,0,3,0,1,1,2,N, ,39 55:28.981,75 13:23.142,1334, ,1310, ,0, , , ,0, , , , , ,364114, , , ,2,2,0,0,0,0,0,0,0,0,1,0,1,0,0,0,0,0,0,0,0,0,0,0,0,0,0,0,0,0,0,0,0,0,0,3,0,39.9247,-75.2231, , 
 ,34029,2015129044,6,67,67301,2015,11,6,1712,17,3,1,0,4,1, , ,N,2,3,0,3,0,2,2,3,N,N,40 03:15.050,75 10:44.337,2000, ,1946, ,0, , , ,3, , , , , ,364140, , , ,3,0,0,0,1,0,2,0,0,0,0,0,2,2,0,0,0,0,0,0,0,0,0,0,0,0,0,0,0,0,0,0,0,0,0,8,0,40.0542,-75.179, , 
 ,34030,2015103323,6,67,67301,2015,9,2,1614,16,1,1,0,4,1, , ,N,2,0,0,3,0,1,2,2,N,N,40 04:35.083,75 02:50.845,1620, ,1614, ,0, ,N, ,0, , , , , ,364151, , , ,2,1,0,0,1,0,0,0,0,0,0,0,1,1,0,0,0,0,0,0,1,1,0,0,0,0,0,0,0,0,0,0,0,0,0,8,0,40.0764,-75.0475, , 
 ,34031,2015111935,6,67,67301,2015,8,1,1857,18,1,1,0,7,2, , ,N,0,0,0,3,0,1,2,2,N,N,39 57:13.887,75 10:53.523,1902, ,1857, ,0, ,N, ,0, , , , , ,366925, , , ,2,2,0,0,0,0,0,0,0,0,0,1,1,0,1,0,0,0,0,0,0,0,0,0,0,0,0,0,0,0,0,0,0,0,0,4,0,39.9539,-75.1815, , 
 ,34032,2015113617,6,46,46105,2015,10,1,356,3,3,1,0,7,5, , ,N,2,2,0,3,0,0,1,1,N,N,40 06:31.161,75 03:15.325,358, ,356, ,0, ,N, ,3, , , , , ,366928, , , ,1,1,0,0,0,0,0,0,0,0,0,0,0,0,0,0,0,0,1,0,0,0,0,0,0,0,0,0,0,0,0,0,0,0,0,0,0,40.1087,-75.0543, , 
 ,34033,2015121079,6,67,67301,2015,10,4,520,5,3,2,1,4,1, , ,N,2,2,0,3,0,1,2,2,N, ,40 04:53.936,74 59:39.961,525, ,523, ,0, , , ,3, , , , , ,366933, , , ,2,1,0,0,0,0,1,0,0,0,0,1,1,0,0,0,0,0,0,0,2,0,0,0,0,0,0,0,0,0,0,0,0,0,0,4,0,40.0816,-74.9944, , 
 ,34034,2015128565,6,67,67301,2015,11,1,1728,17,3,1,0,1,1, , ,N,1,0,0,3,0,1,4,2,N,N,40 03:44.614,75 03:19.674,1738, ,1729,2,2,1,N, ,0,N, , , , ,366949, , , ,2,1,0,0,0,0,0,1,0,1,0,0,1,0,0,0,0,0,0,0,1,0,0,1,0,0,0,0,0,0,0,0,0,0,0,2,0,40.0624,-75.0555, , 
 ,34035,2015128605,6,67,67301,2015,11,5,1820,18,3,7,1,1,1, , ,N,0,0,0,3,0,0,4,3,N,N,40 04:36.328,75 12:27.565,1846, ,1846, ,0, ,N, ,0, , , , , ,366950, , , ,3,2,0,0,0,0,0,1,0,0,0,0,0,0,1,0,0,0,0,0,0,0,0,0,0,0,0,0,0,0,0,0,0,0,0,9,0,40.0768,-75.2077, , 
 ,34036,2015130009,6,67,67301,2015,11,3,1821,18,3,1,0,8,1, , ,N,1,2,0,3,0,1,2,2,N,N,39 56:34.904,75 09:07.581,1535, ,1530, ,0, ,N, ,3, , , , , ,366951, , , ,1,1,0,0,0,0,0,0,0,0,0,1,1,0,0,0,0,0,0,0,0,0,0,0,0,0,0,0,0,0,0,0,1,0,0,4,0,39.943,-75.1521, , 
 ,34037,2015121065,6,67,67301,2015,10,7,1930,19,6,1,0,8,1, , ,N,0,0,0,3,0,1,2,2,N,N,40 03:49.366,75 09:09.698,1943, ,1940, ,0, ,N, ,0, , , , , ,366960, , , ,1,1,0,0,0,0,0,0,0,0,1,0,1,0,0,0,0,0,0,0,0,0,0,0,0,0,0,0,0,0,0,0,1,0,0,3,0,40.0637,-75.1527, , 
 ,34038,2015129992,6,67,67301,2015,11,6,720,7,1,1,0,4,1, , ,N,5,2,0,3,0,1,2,2,N, ,40 00:17.614,75 10:42.484,730, ,725, ,0, ,N, ,3, , , , , ,366966, , , ,2,2,0,0,0,0,0,0,0,0,0,0,1,1,0,0,0,0,0,0,1,0,0,0,0,0,0,0,0,0,0,0,0,0,0,8,0,40.0049,-75.1787, , 
 ,34039,2016007559,6,67,67301,2015,12,2,832,8,1,1,0,1,1, , ,N,3,3,0,3,0,1,3,2,N,N,40 00:26.687,75 05:27.357,903, ,855, ,0, ,N, ,3, , , , , ,366971, , , ,2,0,0,1,1,0,0,0,0,0,0,0,1,1,0,0,0,0,0,0,1,0,0,1,0,0,0,0,0,0,0,0,0,0,0,8,1,40.0074,-75.0909, , 
 ,34040,2015128569,6,67,67301,2015,11,7,1350,13,1,1,0,4,1, , ,N,1,2,0,3,0,0,5,2,N,N,39 57:28.635,75 14:00.646,1404, ,1403, ,0, , , ,3, , , , , ,366990, , , ,2,1,0,0,0,0,1,0,0,0,0,0,0,0,0,0,0,0,0,0,1,0,0,0,0,0,0,0,0,0,0,0,0,0,0,0,0,39.958,-75.2335, , 
 ,34041,2016001017,6,67,67301,2015,12,3,1143,11,1,1,0,7,4, , ,N,0,0,0,3,0,0,1,1,N,N,39 54:51.855,75 14:38.536,1143, ,1143, ,0, ,N, ,0, , , , , ,367000, , , ,1,1,0,0,0,0,0,0,0,0,0,0,0,0,0,0,0,0,0,0,0,0,0,0,0,0,0,0,0,0,0,0,0,0,0,0,0,39.9144,-75.244, , 
 ,34042,2016002628,6,67,67301,2015,12,3,1419,14,1,1,0,4,1, , ,N,2,2,0,3,0,2,3,4,N,N,39 58:28.920,75 11:58.250,1518, ,1445, ,0, ,N, ,3, , , , , ,367001, , , ,4,2,0,0,0,0,1,1,0,0,0,2,2,0,0,0,0,0,1,0,0,0,0,0,0,0,0,0,0,0,0,0,0,0,0,4,0,39.9746,-75.1995, , 
 ,34043,2016007531,6,67,67301,2015,12,1,1710,17,3,1,1,8,1, , ,N,0,0,0,3,0,1,2,2,N,N,40 01:49.859,75 08:47.366,1716, ,1716, ,0, ,N, ,0, , , , , ,367002, , , ,1,1,0,0,0,0,0,0,0,0,0,1,1,0,0,0,0,0,0,0,1,0,0,0,0,0,0,0,0,0,0,0,1,0,0,4,0,40.0305,-75.1465, , 
N,34044,2015125259,6,67,67301,2015,10,3,1105,11,1,1,0,1,1,1,4,Y,0,0,0,3,0,4,4,2,N,N,40 01:12.700,75 02:38.468,1116,45,1110, ,0, ,N, ,0, ,Y,N,N,N,367026,N,N,Y,2,1,0,1,0,0,0,0,0,0,0,0,4,4,0,0,0,0,0,0,0,0,0,0,0,0,0,0,0,0,0,0,0,0,0,8,1,40.0202,-75.044, , 
 ,34045,2015128536,6,67,67301,2015,11,6,820,8,1,1,0,5,6, , ,N,0,0,0,3,0,0,1,2,N, ,39 59:59.301,75 04:06.932,825, ,823, ,0, , , ,0, , , , , ,367029, , , ,2,2,0,0,0,0,0,0,0,0,0,0,0,0,0,0,0,0,0,0,0,0,0,0,0,0,0,0,0,0,0,0,0,0,0,0,0,39.9998,-75.0686, , 
 ,34046,2015128635,6,67,67301,2015,11,5,1820,18,3,2,1,4,1, , ,N,1,3,0,3,0,0,2,2,N,N,39 56:23.830,75 13:41.728,1823, ,1823, ,0, ,N, ,3, , , , , ,367030, , , ,2,1,0,0,0,0,1,0,0,0,0,0,0,0,0,0,0,0,1,0,0,0,0,0,0,0,0,0,0,0,0,0,0,0,0,0,0,39.94,-75.2283, , 
 ,34047,2015133758,6,67,67301,2015,11,4,2015,20,3,1,0,8,1, , ,N,0,0,0,3,0,1,2,3,N,N,39 59:45.400,75 08:32.000,2155, ,2145, ,0, ,N, ,0, , , , , ,367036, , , ,2,0,1,0,0,0,1,0,0,0,0,0,1,1,1,0,0,0,0,0,0,0,0,0,0,0,0,0,0,0,0,0,1,0,0,8,0,39.9959,-75.1422, , 
 ,34048,2015135822,6,67,67301,2015,12,6,1735,17,3,1,0,4,1, , ,N,1,3,0,3,0,1,2,2,N,N,39 56:56.925,75 14:51.046,1753, ,740, ,0, ,N, ,3, , , , , ,367040, , , ,2,1,0,0,1,0,0,0,0,0,0,1,1,0,0,0,0,0,0,0,1,0,0,1,0,0,0,0,0,0,0,0,0,0,0,4,0,39.9491,-75.2475, , 
 ,34049,2015112092,6,67,67301,2015,10,2,1300,13,1,9,8,4,1, , ,N,1,2,0,3,0,1,2,2,N,N,39 57:20.586,75 09:58.253,2105, ,2105, ,0, ,N, ,9, , , , , ,368520, , , ,1,1,0,0,0,0,0,0,1,0,1,0,1,0,0,0,0,0,0,0,0,0,0,0,0,0,0,0,0,0,0,0,0,0,0,3,0,39.9557,-75.1662, , 
 ,34050,2015115108,6,67,67301,2015,10,7,2305,23,3,1,0,4,1, , ,N,5,2,0,3,0,0,2,2,N,N,40 01:37.455,75 03:55.390,2321, ,2314, ,0, , , ,3, , , , , ,368527, , , ,2,2,0,0,0,0,0,0,0,0,0,0,0,0,0,0,0,0,0,0,1,1,0,0,0,0,0,0,0,0,0,0,0,0,0,0,0,40.027,-75.0654, , 
 ,34051,2015119465,6,67,67301,2015,11,7,224,2,3,1,0,7,4, , ,N,0,0,0,3,0,0,4,1,N,N,39 54:01.074,75 09:29.815,232, ,226,1,1,2,N, ,0,N, , , , ,368529, , , ,1,0,0,0,0,0,1,0,0,0,0,0,0,0,0,0,0,0,0,0,0,0,0,0,0,0,0,0,0,0,0,0,0,0,0,0,0,39.9003,-75.1583, , 
 ,34052,2015130088,6,67,67301,2015,11,3,1210,12,1,2,1,6,1, , ,N,0,0,0,3,0,2,3,2,N,N,39 55:48.019,75 14:36.105,1214, ,1210,1,1,1, , ,0,Y, , , , ,368544, , , ,2,1,0,0,0,0,1,0,0,0,0,0,2,2,0,0,0,0,0,0,1,0,1,2,0,0,0,0,0,0,0,0,0,0,0,8,0,39.93,-75.2434, , 
 ,34053,2015121060,6,67,67301,2015,10,7,2200,22,3,1,0,5,6, , ,N,0,2,0,3,0,1,2,3,N,N,40 02:05.256,75 07:52.016,1700, ,1647, ,0, ,N, ,3, , , , , ,368547, , , ,2,1,0,0,0,0,1,0,0,0,0,1,1,0,0,0,0,0,0,0,0,0,0,1,0,0,0,0,0,0,0,0,1,0,0,4,0,40.0348,-75.1311, , 
 ,34054,2015118147,6,67,67301,2015,10,3,1544,15,1,1,0,4,1, , ,N,1,2,2,3,0,0,3,2,N,N,39 54:36.252,75 09:48.020,1549, ,1545, ,0, ,N, ,3, , , , , ,368566, , , ,2,1,0,0,1,0,0,0,0,0,0,0,0,0,0,0,0,0,0,0,2,0,0,0,0,0,0,0,0,0,0,0,0,0,0,0,0,39.9101,-75.1633, , 
 ,34055,2015128532,6,67,67301,2015,11,2,635,6,5,1,0,1,1, , ,N,5,2,0,3,0,0,4,2,N,N,39 59:55.178,75 10:41.592,644, ,640, ,0, ,N, ,3, , , , , ,368573, , , ,2,1,0,0,0,0,0,1,0,0,0,0,0,0,3,0,0,0,0,0,0,0,0,0,0,0,0,0,0,0,0,0,0,0,0,9,0,39.9987,-75.1782, , 
 ,34056,2015128541,6,67,67301,2015,11,5,1804,18,3,2,1,4,1, , ,N,1,2,0,3,0,1,4,4,N, ,39 55:01.859,75 14:46.691,1844, ,1842, ,0, , , ,3, , , , , ,368574, , , ,4,1,0,0,0,0,1,0,0,0,0,1,1,0,0,0,0,0,0,0,0,0,0,2,0,0,0,0,0,0,0,0,0,0,0,4,0,39.9172,-75.2463, , 
 ,34057,2015130129,6,67,67301,2015,11,3,1545,15,1,2,1,1,1, , ,N,1,3,0,3,0,1,4,3,N, ,40 05:30.051,75 02:25.357,1550, ,1545, ,0, , , ,3, , , , , ,368578, , , ,3,2,0,0,0,0,0,0,0,0,0,1,1,0,0,0,0,1,0,0,1,0,0,0,0,0,0,0,0,0,0,0,0,0,0,4,0,40.0917,-75.0404, , 
 ,34058,2015106229,6,67,67301,2015,10,3,1600,16,1,1,0,5,1, , ,N,0,0,0,3,0,0,3,3,N,N,39 58:14.233,75 11:35.095,1623, ,1616, ,0, ,N, ,0, , , , , ,368593, , , ,3,2,0,0,0,0,1,0,0,0,0,0,0,0,0,0,0,0,0,0,1,1,0,0,0,0,0,0,0,0,0,0,0,0,0,0,0,39.9706,-75.1931, , 
 ,34059,2015067282,6,67,67301,2015,6,1,525,5,1,2,1,7,4, , ,N,0,0,0,3,0,0,1,1,N,N,40 01:37.609,75 01:30.899,648, ,529, ,0, ,N, ,0, , , , , ,368605, , , ,1,0,0,0,1,0,0,0,0,0,0,0,0,0,0,0,0,0,0,0,0,0,0,0,0,0,0,0,0,0,0,0,0,0,0,0,0,40.0271,-75.0252, , 
 ,34060,2015070153,6,67,67301,2015,6,1,1624,16,1,1,0,8,1, , ,N,1,2,0,3,0,1,2,2,N, ,39 59:20.032,75 09:49.801,1630, ,1624, ,0, , , ,3, , , , , ,368609, , , ,1,1,0,0,0,0,0,0,0,0,0,1,1,0,0,0,0,0,0,0,0,0,0,0,0,0,0,0,0,0,0,0,1,0,0,4,0,39.9889,-75.1638, , 
 ,34061,2015088790,6,67,67301,2015,8,4,1714,17,1,1,0,4,1, , ,N,1,2,0,3,0,1,2,2,N, ,40 00:36.075,75 05:46.053,1739, ,1738, ,0, , , ,3, , , , , ,368627, , , ,1,0,0,0,0,0,1,0,1,0,1,0,1,0,0,0,0,0,0,0,0,0,0,0,0,0,0,0,0,0,0,0,0,0,0,3,0,40.01,-75.0961, , 
 ,34062,2015093426,6,67,67301,2015,8,3,1830,18,1,1,0,4,1, , ,N,0,0,7,3,0,1,2,2,N,Y,40 02:16.652,75 10:21.468,1910, ,1907,3,2,4,N, ,0,N, , , , ,368630, , , ,2,0,1,0,1,0,0,0,0,1,0,0,1,0,0,0,0,0,0,0,1,0,0,0,0,0,0,0,0,1,0,0,0,0,0,2,0,40.038,-75.1726, , 
 ,34063,2015106367,6,67,67301,2015,9,4,1000,10,1,1,0,8,1, , ,N,1,3,0,3,0,1,2,2,N, ,40 01:42.690,75 08:32.387,1832, ,1830, ,0, , , ,3, , , , , ,368636, , , ,1,0,0,0,0,0,0,0,0,0,0,1,1,0,0,0,0,0,0,0,0,0,0,0,0,0,0,0,0,0,0,0,1,0,0,4,0,40.0285,-75.1423, , 
 ,34064,2015109281,6,67,67301,2015,10,1,955,9,1,1,0,8,1, , ,N,1,3,0,3,0,1,2,2,N,N,39 57:56.214,75 10:32.764,1100, ,1059, ,0, , , ,3, , , , , ,368642, , , ,1,0,0,0,0,0,0,1,0,0,1,0,1,0,0,0,0,0,0,0,1,0,0,0,0,0,0,0,0,0,0,0,1,0,0,3,0,39.9656,-75.1758, , 
 ,34065,2015131284,6,67,67301,2015,11,1,410,4,3,1,0,5,6, , ,N,0,0,0,3,0,0,2,2,N,N,39 59:18.582,75 06:33.994,416, ,415, ,0, , , ,0, , , , , ,368651, , , ,2,0,0,0,0,0,2,0,0,0,0,0,0,0,0,0,0,0,0,1,0,0,0,0,0,0,0,0,0,0,0,0,0,0,0,0,0,39.9885,-75.1094, , 
 ,34066,2015131313,6,67,67301,2015,11,4,1745,17,1,1,0,1,1, , ,N,0,0,0,3,0,0,3,3,N, ,40 01:13.875,75 09:20.340,9999, ,9999, ,0, , , ,0, , , , , ,368652, , , ,3,1,0,0,0,0,1,0,0,0,0,0,0,0,0,0,0,0,0,1,0,0,0,2,0,0,0,0,0,0,0,0,0,0,0,0,0,40.0205,-75.1557, , 
 ,34067,2016002616,6,67,67301,2015,12,6,2006,20,3,1,0,5,1, , ,N,0,0,0,3,0,0,2,3,N,N,40 02:15.605,75 02:32.495,2010, ,2008,3,1,3,N, ,0,N, , , , ,361288, , , ,3,1,0,0,1,0,1,0,0,0,0,0,0,0,0,0,0,0,0,0,0,0,0,0,0,0,0,0,0,0,0,0,0,0,0,0,0,40.0377,-75.0424, , 
 ,34068,2016006025,6,67,67301,2015,12,5,1917,19,3,2,1,1,1, , ,N,0,0,0,3,0,0,4,2,N,N,40 01:02.932,75 10:21.965,1935, ,1917,2,1,1,N, ,0,N, , , , ,361289, , , ,2,1,0,0,1,0,0,0,0,0,0,0,0,0,0,0,0,0,1,0,0,0,0,0,0,0,0,0,0,0,0,0,0,0,0,0,0,40.0175,-75.1728, , 
 ,34069,2015128552,6,67,67301,2015,11,4,800,8,1,1,0,4,1, , ,N,1,2,0,3,0,0,2,3,N, ,40 00:04.735,75 09:02.593,822, ,809, ,0, , , ,3, , , , , ,361312, , , ,3,1,0,0,0,0,2,0,0,0,0,0,0,0,0,0,0,0,0,0,1,0,0,0,0,0,0,0,0,0,0,0,0,0,0,0,0,40.0013,-75.1507, , 
 ,34070,2015103324,6,67,67301,2015,9,5,1330,13,1,1,0,5,1, , ,N,0,0,0,3,0,1,3,2,N,N,39 57:39.978,75 09:16.774,1336, ,1334, ,0, ,N, ,0, , , , , ,361317, , , ,1,1,0,0,0,0,0,0,1,0,0,1,1,0,0,0,0,0,0,0,0,0,0,0,0,0,0,0,0,0,0,0,0,0,0,4,0,39.9611,-75.1547, , 
 ,34071,2015109287,6,67,67301,2015,10,2,1725,17,1,1,0,8,1, , ,N,0,0,0,3,0,1,2,2,N, ,40 01:57.050,75 08:35.278,1729, ,1727,3,2,3, , ,0,Y, , , , ,361324, , , ,1,1,0,0,0,0,0,0,0,1,0,0,1,0,0,0,0,0,0,0,0,0,0,0,0,0,0,0,0,0,0,0,1,0,1,2,0,40.0325,-75.1431, , 
N,34072,2015110872,6,67,67301,2015,10,6,1536,15,1,1,0,1,1,1,4,Y,0,0,0,3,0,1,3,3,N,N,40 01:39.802,75 01:28.720,1628,45,1541,1,2,2,N, ,0,N,Y,N,N,N,361325,Y,N,Y,3,3,0,0,0,0,0,0,0,0,0,1,1,0,0,0,0,0,0,0,0,0,1,0,0,0,0,0,0,0,0,0,0,0,0,4,0,40.0277,-75.0246, , 
 ,34073,2016002339,6,67,67301,2015,12,2,303,3,3,1,0,7,2, , ,N,0,0,3,3,0,1,1,1,N, ,39 55:17.738,75 11:25.712,303, ,303, ,0, , , ,0, , , , , ,361350, , , ,1,1,0,0,0,0,0,0,0,0,0,1,1,0,0,0,0,0,0,0,0,0,0,0,0,0,0,0,0,0,0,0,0,0,0,4,0,39.9216,-75.1905, , 
 ,34074,2016002618,6,67,67301,2015,12,3,1800,18,3,1,0,4,1, , ,N,2,0,0,3,0,1,4,2,N,N,40 03:18.500,75 08:27.970,1905, ,1900, ,0, , , ,0, , , , , ,361351, , , ,2,1,0,0,0,0,1,0,0,0,0,1,1,0,0,0,0,0,0,0,0,0,0,0,0,0,0,0,0,0,0,0,0,0,0,4,0,40.0551,-75.1411, , 
 ,34075,2015095145,6,67,67301,2015,9,3,1105,11,1,1,0,4,1, , ,N,1,2,0,3,0,1,2,2,N,N,39 58:19.594,75 14:49.012,1115, ,1110, ,0, ,N, ,3, , , , , ,361365, , , ,2,1,0,0,0,0,1,0,0,0,0,1,1,0,0,0,0,0,0,0,1,0,0,0,0,0,0,0,0,0,0,0,0,0,0,4,0,39.9721,-75.2469, , 
 ,34076,2015106203,6,67,67301,2015,10,3,1411,14,1,1,0,5,1, , ,N,0,0,0,3,0,1,2,2,N,N,39 57:56.601,75 08:13.028,1504, ,1502, ,0, ,N, ,0, , , , , ,361373, , , ,2,2,0,0,0,0,0,0,0,0,0,1,1,0,0,0,0,0,1,0,0,0,0,1,0,0,0,0,0,0,0,0,0,0,0,4,0,39.9657,-75.137, , 
 ,34077,2015107445,6,67,67301,2015,9,2,1235,12,1,1,0,4,3, , ,N,0,0,0,3,0,1,2,2,N,N,39 59:57.535,75 13:49.477,1250, ,1243, ,0, ,N, ,0, , , , , ,361375, , , ,2,0,0,0,0,0,2,0,0,0,0,0,1,1,0,0,0,0,0,0,0,0,0,0,0,0,0,0,0,0,0,0,0,0,0,8,0,39.9993,-75.2304, , 
 ,34078,2015092471,6,67,67301,2015,8,1,1202,12,1,1,0,4,1, , ,N,1,2,0,3,0,0,3,2,N, ,39 58:12.826,75 08:42.073,1225, ,1224,2,1,3, , ,3,N, , , , ,361391, , , ,2,1,0,0,0,0,1,0,0,0,0,0,0,0,0,0,0,0,0,0,0,0,0,0,0,0,0,0,0,0,0,0,0,0,0,0,0,39.9702,-75.1451, , 
 ,34079,2015099082,6,67,67301,2015,9,5,2216,22,3,2,1,8,1, , ,N,0,0,0,3,0,1,2,2,N,N,39 55:42.108,75 14:10.295,2325, ,2321, ,0, , , ,0, , , , , ,361399, , , ,1,1,0,0,0,0,0,0,0,0,1,0,1,0,1,0,0,0,0,0,0,0,0,0,0,0,0,0,0,0,0,0,1,0,0,3,0,39.9284,-75.2362, , 
 ,34080,2015066280,6,67,67301,2015,6,7,2237,22,3,1,0,4,1, , ,N,1,2,0,3,0,4,6,2,N,N,40 01:47.658,75 08:45.592,2248, ,2247,9,2,7,N, ,3,Y, , , , ,361416, , , ,2,2,0,0,0,0,0,0,0,0,4,0,4,0,0,0,0,0,1,0,0,0,0,6,0,0,0,0,0,0,0,0,0,0,0,3,0,40.0299,-75.146, , 
 ,34081,2015092926,6,67,67301,2015,8,6,638,6,1,1,0,4,1, , ,N,1,3,0,3,0,2,2,2,N,N,40 00:54.720,75 08:11.306,642, ,639,1,2,7,N, ,3,Y, , , , ,361435, , , ,2,2,0,0,0,0,0,0,0,0,0,2,2,0,0,0,0,0,0,0,0,0,0,0,0,0,0,0,0,0,0,0,0,0,0,4,0,40.0152,-75.1365, , 
 ,34082,2015095367,6,67,67301,2015,9,3,1529,15,1,1,0,5,1, , ,N,6,0,2,3,0,3,7,3,N,N,39 53:35.717,75 13:42.269,1536, ,1532,2,2,1,N, ,0,N, , , , ,361440, , , ,3,1,0,0,0,0,1,1,0,0,0,0,3,3,0,0,0,0,0,0,1,0,0,1,0,0,0,0,0,0,0,0,0,0,0,8,0,39.8933,-75.2284, , 
 ,34083,2015103438,6,67,67301,2015,9,7,1805,18,1,1,0,4,1, , ,N,3,0,0,3,0,1,2,2,N,N,39 58:15.427,75 12:53.965,1835, ,1830, ,0, ,N, ,0, , , , , ,361444, , , ,1,1,0,0,0,0,0,0,1,0,0,1,1,0,0,0,0,0,0,0,0,0,0,0,0,0,0,0,0,0,0,0,0,0,0,4,0,39.971,-75.215, , 
 ,34084,2015105132,6,67,67301,2015,8,5,1345,13,1,1,0,1,1, , ,N,0,0,0,3,0,0,3,2,N,N,39 57:42.776,75 09:41.206,1350, ,1350,1,1,1,N, ,0,N, , , , ,361446, , , ,2,1,0,0,1,0,0,0,0,0,0,0,0,0,0,0,0,0,0,0,1,0,0,0,0,0,0,0,0,0,0,0,0,0,0,0,0,39.9619,-75.1614, , 