wz_ln_closure,objectid_1,crn,district,county,municipality,crash_year,crash_month,day_of_week,time_of_day,hour_of_day,illumination,weather,road_condition,collision_type,relation_to_road,work_zone_type,work_zone_loc,work_zone_ind,intersect_type,tcd_type,location_type,urban_rural,fatal_count,injury_count,person_count,total_units,sch_bus_ind,sch_zone_ind,latitude,longitude,arrival_tm,cons_zone_spd_lim,dispatch_tm,est_hrs_closed,lane_closed,ln_close_dir,ntfy_hiwy_maint,spec_juris_cd,tcd_func_cd,tfc_detour_ind,workers_pres,wz_close_detour,wz_flagger,wz_law_offcr_ind,objectid,wz_moving,wz_other,wz_shlder_mdn,vehicle_count,automobile_count,motorcycle_count,bus_count,small_truck_count,heavy_truck_count,suv_count,van_count,bicycle_count,maj_inj_count,mod_inj_count,min_inj_count,tot_inj_count,unk_inj_deg_count,unk_inj_per_count,driver_count_16yr,driver_count_17yr,driver_count_18yr,driver_count_19yr,driver_count_20yr,driver_count_50_64yr,driver_count_65_74yr,driver_count_75plus,unbelted_occ_count,unb_death_count,unb_maj_inj_count,belted_death_count,belted_maj_inj_count,mcycle_death_count,mcycle_maj_inj_count,bicycle_death_count,bicycle_maj_inj_count,ped_count,ped_death_count,ped_maj_inj_count,max_severity_level,comm_veh_count,dec_lat,dec_long,rdwy_surf_type_cd,county_name
N,34085,2015093550,6,67,67301,2015,8,6,1604,16,1,1,0,1,1,1,4,Y,0,0,0,3,0,2,7,3,N,N,39 59:40.908,75 05:01.469,1643,55,1612,2,2,1,N, ,0,N,Y,N,N,N,364164,Y,N,Y,3,1,0,0,0,0,2,0,0,0,0,2,2,0,0,0,0,0,0,0,0,0,0,0,0,0,0,0,0,0,0,0,0,0,0,4,0,39.9947,-75.0837, , 
 ,34086,2015105112,6,67,67301,2015,9,4,1732,17,1,1,0,1,1, , ,N,0,0,0,3,0,0,2,2,N, ,39 59:47.914,75 06:53.540,1820, ,1820, ,0, ,N, ,0, , , , , ,364177, , , ,2,1,0,0,0,0,0,1,0,0,0,0,0,0,0,0,0,0,0,0,0,0,0,0,0,0,0,0,0,0,0,0,0,0,0,0,0,39.9966,-75.1149, , 
 ,34087,2015112179,6,67,67301,2015,10,3,2200,22,3,1,0,1,1, , ,N,0,2,7,3,0,1,3,3,N,N,40 04:26.840,75 01:00.282,2200, ,2200, ,0, ,N, ,3, , , , , ,364181, , , ,3,3,0,0,0,0,0,0,0,0,0,0,1,1,0,0,0,0,0,0,1,1,1,0,0,0,0,0,0,0,0,0,0,0,0,8,0,40.0741,-75.0167, , 
 ,34088,2015115042,6,67,67301,2015,10,6,742,7,1,1,0,1,1, , ,N,0,0,0,3,0,2,5,3,N,N,39 54:35.101,75 11:35.306,756, ,745, ,0, ,N, ,0, , , , , ,364197, , , ,3,1,0,0,0,0,2,0,0,0,0,2,2,0,1,0,0,0,0,0,0,1,0,0,0,0,0,0,0,0,0,0,0,0,0,4,0,39.9098,-75.1931, , 
 ,34089,2015121001,6,67,67301,2015,10,5,2207,22,3,1,0,7,4, , ,N,1,2,2,3,0,1,1,1,N,N,39 58:28.539,75 11:58.256,2226, ,2216, ,0, , , ,3, , , , , ,364203, , , ,1,1,0,0,0,0,0,0,0,0,0,0,1,1,0,0,0,0,0,0,0,0,0,0,0,0,0,0,0,0,0,0,0,0,0,8,0,39.9746,-75.1995, , 
 ,34090,2015128603,6,67,67301,2015,11,5,1723,17,3,2,1,4,1, , ,N,0,0,0,3,0,2,2,2,N,N,39 59:37.449,75 11:51.225,1728, ,1727,1,1,5,N, ,0,Y, , , , ,364210, , , ,2,2,0,0,0,0,0,0,0,0,0,0,2,2,0,0,0,0,0,0,1,0,0,1,0,0,0,0,0,0,0,0,0,0,0,8,0,39.9937,-75.1976, , 
 ,34091,2015097605,6,67,67301,2015,9,1,251,2,3,1,0,1,1, , ,N,0,0,0,3,0,0,10,3,N,N,39 57:33.013,75 10:19.818,301, ,252,2,2,4,N, ,0,N, , , , ,364213, , , ,3,2,0,0,0,0,1,0,0,0,0,0,0,0,0,0,0,1,0,0,0,0,0,0,0,0,0,0,0,0,0,0,0,0,0,0,0,39.9592,-75.1722, , 
 ,34092,2015103320,6,67,67301,2015,9,5,1825,18,1,1,0,8,1, , ,N,1,0,0,3,0,1,2,2,N, ,40 01:04.425,75 04:50.429,1842, ,1840, ,0, , , ,0, , , , , ,364219, , , ,1,1,0,0,0,0,0,0,0,0,0,1,1,0,0,0,0,0,0,0,0,0,0,0,0,0,0,0,0,0,0,0,1,0,0,4,0,40.0179,-75.0807, , 
 ,34093,2015115131,6,67,67301,2015,10,5,823,8,1,1,0,8,1, , ,N,1,2,0,3,0,1,2,2,N,N,40 01:30.643,75 02:40.998,823, ,823, ,0, ,N, ,3, , , , , ,364228, , , ,1,0,0,0,0,0,0,1,0,0,0,1,1,0,0,0,0,0,0,0,1,0,0,0,0,0,0,0,0,0,0,0,1,0,0,4,0,40.0252,-75.0447, , 
 ,34094,2015121077,6,67,67301,2015,11,4,1000,10,1,1,0,5,6, , ,N,0,0,0,3,0,1,2,2,N,N,39 59:30.722,75 08:24.928,1115, ,1110, ,0, , , ,0, , , , , ,364238, , , ,2,1,0,0,0,0,1,0,0,0,0,1,1,0,0,0,0,0,0,0,0,0,0,0,0,0,0,0,0,0,0,0,0,0,0,4,0,39.9919,-75.1403, , 
 ,34095,2015131224,6,67,67301,2015,12,3,2125,21,3,2,1,8,1, , ,N,1,2,0,3,0,1,3,2,N, ,39 58:37.502,75 10:04.972,2134, ,2133, ,0, , , ,3, , , , , ,364247, , , ,1,0,0,0,0,0,1,0,0,0,0,0,1,1,0,0,0,0,0,0,0,0,0,0,0,0,0,0,0,0,0,0,1,0,0,8,0,39.9771,-75.168, , 
 ,34096,2015107468,6,67,67301,2015,10,5,2215,22,3,2,1,4,1, , ,N,0,0,7,3,0,0,2,2,N, ,39 55:04.314,75 10:48.539,2245, ,2233, ,0, , , ,0, , , , , ,364257, , , ,2,2,0,0,0,0,0,0,0,0,0,0,0,0,0,0,0,0,0,0,0,1,0,0,0,0,0,0,0,0,0,0,0,0,0,0,0,39.9179,-75.1801, , 
 ,34097,2015120025,6,46,46104,2015,10,7,915,9,1,1,0,7,4, , ,N,2,0,0,3,0,1,1,1,N,N,39 58:42.603,75 16:22.657,920, ,915, ,0, ,N, ,0, , , , , ,364268, , , ,1,1,0,0,0,0,0,0,0,0,0,0,1,1,0,0,0,0,0,0,0,0,0,0,0,0,0,0,0,0,0,0,0,0,0,8,0,39.9785,-75.273, , 
 ,34098,2015128551,6,67,67301,2015,11,6,20,0,6,1,0,7,5, , ,N,1,2,0,3,0,0,1,1,N, ,40 02:38.691,75 07:43.766,111, ,109, ,0, , , ,3, , , , , ,364280, , , ,1,1,0,0,0,0,0,0,0,0,0,0,0,0,0,0,0,0,0,0,0,0,0,0,0,0,0,0,0,0,0,0,0,0,0,0,0,40.0441,-75.1288, , 
 ,34099,2016013786,6,67,67301,2015,11,7,34,0,3,1,0,4,1, , ,N,1,2,0,3,0,2,4,2,N, ,40 01:34.560,75 05:48.579,34, ,34,2,1,1, , ,3,Y, , , , ,364292, , , ,2,2,0,0,0,0,0,0,0,0,0,2,2,0,0,0,0,0,0,0,0,0,0,0,0,0,0,0,0,0,0,0,0,0,0,4,0,40.0265,-75.0974, , 
 ,34100,2015083413,6,67,67301,2015,7,4,1455,14,1,1,0,4,1, , ,N,1,3,0,3,0,1,2,2,N,N,39 57:57.333,75 12:24.494,1502, ,1500, ,0, ,N, ,3, , , , , ,364305, , , ,2,2,0,0,0,0,0,0,0,0,0,0,1,1,0,0,0,0,0,0,0,0,0,0,0,0,0,0,0,0,0,0,0,0,0,8,0,39.9659,-75.2068, , 
 ,34101,2015091155,6,67,67301,2015,8,4,2040,20,3,1,0,4,1, , ,N,1,2,0,3,0,1,2,2,N,N,39 56:25.327,75 14:11.791,2059, ,2047, ,0, ,N, ,3, , , , , ,364314, , , ,2,1,0,0,0,0,1,0,0,0,0,1,1,0,0,0,0,0,0,0,0,0,0,0,0,0,0,0,0,0,0,0,0,0,0,4,0,39.9404,-75.2366, , 
 ,34102,2015095344,6,67,67301,2015,9,3,1010,10,1,1,0,1,1, , ,N,0,0,0,3,0,2,3,2,N,N,40 02:13.042,75 00:48.647,1012, ,1012, ,0, ,N, ,0, , , , , ,364319, , , ,2,0,0,0,0,1,0,1,0,0,0,2,2,0,0,0,0,0,0,0,0,0,0,0,0,0,0,0,0,0,0,0,0,0,0,4,1,40.037,-75.0135, , 
 ,34103,2015095782,6,67,67301,2015,8,1,1515,15,1,1,0,1,1, , ,N,1,2,0,3,0,1,3,2,N, ,40 00:03.507,75 08:53.118,1554, ,1541,1,2,1, , ,3,N, , , , ,364321, , , ,2,2,0,0,0,0,0,0,0,0,0,1,1,0,1,0,0,0,0,0,0,1,0,0,0,0,0,0,0,0,0,0,0,0,0,4,0,40.001,-75.1481, , 
 ,34104,2016002025,6,67,67301,2015,12,5,2250,22,3,1,0,1,1, , ,N,0,0,0,3,0,3,4,2,N,N,39 56:36.802,75 08:34.858,2302, ,2253,1,2,2,N, ,0,N, , , , ,367041, , , ,2,0,0,0,0,0,2,0,0,0,0,0,3,3,0,0,0,0,0,0,0,0,0,0,0,0,0,0,0,0,0,0,0,0,0,8,0,39.9436,-75.143, , 
 ,34105,2015115228,6,67,67301,2015,10,3,1857,18,3,1,0,1,1, , ,N,0,0,0,3,0,1,2,2,N,N,39 53:37.494,75 11:44.391,1859, ,1857, ,0, ,N, ,0, , , , , ,367043, , , ,2,1,0,0,0,0,1,0,0,0,0,1,1,0,0,0,0,1,0,0,0,0,0,0,0,0,0,0,0,0,0,0,0,0,0,4,0,39.8937,-75.1957, , 
 ,34106,2016001043,6,67,67301,2015,12,5,1243,12,1,1,0,1,1, , ,N,1,3,0,3,0,2,3,2,N, ,39 58:30.545,75 11:17.083,1245, ,1243, ,0, , , ,3, , , , , ,367052, , , ,2,0,0,0,1,0,1,0,0,0,1,1,2,0,0,0,0,0,0,0,2,0,0,2,0,0,0,0,0,0,0,0,0,0,0,3,0,39.9752,-75.1882, , 
 ,34107,2016013554,6,67,67301,2015,8,3,1715,17,1,1,0,1,1, , ,N,0,0,0,3,0,2,6,4,N,N,39 56:02.884,75 12:00.042,0, ,0, ,0, ,N, ,0, , , , , ,367054, , , ,4,2,0,0,0,0,1,1,0,0,2,0,2,0,0,0,0,0,0,0,3,0,0,0,0,0,0,0,0,0,0,0,0,0,0,3,0,39.9341,-75.2, , 
 ,34108,2015132341,6,67,67301,2015,12,4,810,8,1,1,0,1,1, , ,N,0,0,0,3,0,1,2,2,N,N,39 55:44.771,75 08:46.784,824, ,810, ,0, ,N, ,0, , , , , ,367067, , , ,2,2,0,0,0,0,0,0,0,0,0,0,1,1,0,0,0,0,0,0,0,0,0,0,0,0,0,0,0,0,0,0,0,0,0,8,0,39.9291,-75.1463, , 
 ,34109,2016002579,6,67,67301,2015,12,2,2230,22,3,9,0,8,1, , ,N,2,0,0,3,0,1,2,2,N,N,39 59:29.029,75 07:50.825,1635, ,1630, ,0, ,N, ,0, , , , , ,367073, , , ,1,0,0,0,0,0,0,0,0,0,0,0,1,1,0,0,0,0,0,0,0,0,0,0,0,0,0,0,0,0,0,0,1,0,0,8,0,39.9914,-75.1308, , 
 ,34110,2016013173,6,67,67301,2015,7,6,1320,13,1,1,0,2,1, , ,N,2,0,0,3,0,2,3,3,N,N,40 03:06.529,75 10:30.488,0, ,0, ,0, ,N, ,0, , , , , ,367074, , , ,3,2,0,0,0,0,1,0,0,0,1,1,2,0,0,0,0,0,0,0,1,0,0,0,0,0,0,0,0,0,0,0,0,0,0,3,0,40.0518,-75.1751, , 
 ,34111,2015129957,6,67,67301,2015,11,4,500,5,3,2,1,7,5, , ,N,0,0,0,3,0,1,1,1,N,N,39 58:04.692,75 11:52.777,516, ,512, ,0, ,N, ,0, , , , , ,367094, , , ,1,0,0,0,0,0,1,0,0,0,0,0,1,1,0,0,0,0,0,0,1,0,0,0,0,0,0,0,0,0,0,0,0,0,0,8,0,39.968,-75.198, , 
 ,34112,2015130010,6,67,67301,2015,11,4,704,7,1,2,1,7,4, , ,N,7,0,2,3,0,0,1,1,N,N,40 00:42.920,75 12:17.697,705, ,704,1,1,3,N, ,0,Y, , , , ,367095, , , ,1,0,0,0,0,0,1,0,0,0,0,0,0,0,0,0,0,0,0,0,0,0,0,0,0,0,0,0,0,0,0,0,0,0,0,0,0,40.014,-75.2046, , 
 ,34113,2016001583,6,67,67301,2015,12,1,253,2,3,1,0,2,1, , ,N,0,0,0,3,0,0,2,2,N,N,40 00:20.677,75 04:30.670,257, ,255,1,2,2,N, ,0,N, , , , ,367099, , , ,2,1,0,0,0,0,1,0,0,0,0,0,0,0,0,0,0,0,0,1,0,0,0,0,0,0,0,0,0,0,0,0,0,0,0,0,0,40.0057,-75.0752, , 
 ,34114,2015112085,6,67,67301,2015,10,7,1733,17,1,1,0,8,1, , ,N,0,0,0,3,0,1,2,2,N, ,40 02:42.825,75 09:29.669,1750, ,1745, ,0, , , ,0, , , , , ,367106, , , ,1,0,0,0,0,0,1,0,0,0,0,1,1,0,0,0,0,1,0,0,0,0,0,1,0,0,0,0,0,0,0,0,1,0,0,4,0,40.0452,-75.1582, , 
 ,34115,2015116147,6,67,67301,2015,10,1,2208,22,3,1,0,5,6, , ,N,0,0,0,3,0,1,2,3,N,N,40 01:15.888,75 13:00.876,2218, ,2212, ,0, ,N, ,0, , , , , ,367117, , , ,2,2,0,0,0,0,0,0,0,0,0,1,1,0,0,0,0,0,0,1,0,0,0,0,0,0,0,0,0,0,0,0,0,0,0,4,0,40.0211,-75.2169, , 
 ,34116,2015128053,6,67,67301,2015,11,5,1745,17,3,2,1,8,1, , ,N,1,3,0,3,0,1,2,2,N,N,40 03:14.320,75 11:50.625,1752, ,1747, ,0, ,N, ,3, , , , , ,367130, , , ,1,1,0,0,0,0,0,0,0,0,0,0,1,1,0,0,0,0,0,0,1,0,0,0,0,0,0,0,0,0,0,0,1,0,0,8,0,40.054,-75.1974, , 
 ,34117,2015131252,6,67,67301,2015,11,2,229,2,3,1,0,1,1, , ,N,0,7,0,3,0,0,1,2,N,N,40 00:33.477,75 04:01.372,229, ,229,3,1,2,N, ,3,N, , , , ,367136, , , ,2,1,0,0,0,0,1,0,0,0,0,0,0,0,0,0,0,0,0,0,0,0,0,0,0,0,0,0,0,0,0,0,0,0,0,0,0,40.0093,-75.067, , 
 ,34118,2015109210,6,67,67301,2015,10,3,210,2,3,1,0,5,6, , ,N,0,0,0,3,0,0,1,2,N, ,39 58:46.624,75 08:14.265,227, ,215, ,0, , , ,0, , , , , ,367153, , , ,2,1,0,0,1,0,0,0,0,0,0,0,0,0,0,0,0,1,0,0,0,0,0,0,0,0,0,0,0,0,0,0,0,0,0,0,0,39.9796,-75.1373, , 
 ,34119,2015108084,6,67,67301,2015,10,2,1605,16,1,1,0,1,1, , ,N,0,8,0,3,0,1,2,2,N,N,39 58:00.096,75 11:15.594,1605, ,1605,1,2,3,N, ,3,N, , , , ,367175, , , ,2,2,0,0,0,0,0,0,0,0,0,1,1,0,0,0,0,0,0,0,0,0,0,0,0,0,0,0,0,0,0,0,0,0,0,4,0,39.9667,-75.1877, , 
 ,34120,2015108884,6,67,67301,2015,10,4,1200,12,1,1,0,1,1, , ,N,0,0,0,3,0,9,15,3,N,N,39 57:50.108,75 11:04.226,1204, ,1200,3,1,3,N, ,0,N, , , , ,367178, , , ,3,0,0,0,0,1,2,0,0,0,0,0,9,9,0,0,0,0,0,0,1,0,0,9,0,0,0,0,0,0,0,0,0,0,0,8,1,39.9639,-75.1845, , 
 ,34121,2015065463,6,67,67301,2015,5,2,630,6,1,1,0,4,1, , ,N,2,2,0,3,0,2,2,2,Y,N,40 06:08.902,74 58:55.293,645, ,638, ,0, , , ,3, , , , , ,367196, , , ,2,1,0,1,0,0,0,0,0,0,0,2,2,0,0,0,0,0,1,0,1,0,0,0,0,0,0,0,0,0,0,0,0,0,0,4,1,40.1025,-74.982, , 
 ,34122,2015115009,6,67,67301,2015,10,1,2006,20,3,1,0,7,4, , ,N,0,0,0,3,0,0,1,1,N,N,40 00:42.940,75 06:41.313,2009, ,2007, ,0, ,N, ,0, , , , , ,358555, , , ,1,1,0,0,0,0,0,0,0,0,0,0,0,0,0,0,0,0,0,0,0,0,0,0,0,0,0,0,0,0,0,0,0,0,0,0,0,40.0119,-75.1115, , 
 ,34123,2015115113,6,67,67301,2015,10,1,1235,12,1,1,0,8,1, , ,N,1,2,0,3,0,1,2,2,N, ,39 56:32.336,75 14:01.801,1239, ,1237, ,0, , , ,3, , , , , ,358556, , , ,1,0,0,0,0,0,0,0,0,0,1,0,1,0,0,0,0,0,0,0,0,0,0,0,0,0,0,0,0,0,0,0,1,0,0,3,0,39.9423,-75.2338, , 
Y,34124,2015117951,6,67,67301,2015,10,7,136,1,3,1,0,1,1,1,2,Y,0,0,0,3,0,0,3,2,N,N,39 57:19.557,75 08:26.685,153,45,138, ,0, ,N, ,0, ,N,N,N,N,358558,N,N,N,2,1,0,0,0,0,1,0,0,0,0,0,0,0,0,0,0,1,0,0,0,0,0,0,0,0,0,0,0,0,0,0,0,0,0,0,0,39.9554,-75.1407, , 
 ,34125,2015118178,6,67,67301,2015,10,4,805,8,1,2,1,6,1, , ,N,0,0,0,3,0,1,4,4,N,N,40 04:51.744,75 13:18.048,815, ,806, ,0, ,N, ,0, , , , , ,358559, , , ,4,2,0,0,2,0,0,0,0,0,0,0,1,1,0,0,0,0,0,0,2,0,0,0,0,0,0,0,0,0,0,0,0,0,0,8,0,40.081,-75.2217, , 
 ,34126,2015130147,6,67,67301,2015,11,7,1100,11,1,2,1,4,1, , ,N,1,3,0,3,0,0,2,2,N,N,40 03:05.796,75 02:47.731,1110, ,1110, ,0, , , ,3, , , , , ,358571, , , ,2,2,0,0,0,0,0,0,0,0,0,0,0,0,2,0,0,0,0,0,0,0,0,0,0,0,0,0,0,0,0,0,0,0,0,9,0,40.0516,-75.0466, , 
 ,34127,2015075720,6,67,67301,2015,6,3,1245,12,1,1,0,1,1, , ,N,1,2,1,3,0,2,3,2,N, ,39 57:45.766,75 14:48.166,1415, ,1404, ,0, , , ,3, , , , , ,358580, , , ,2,1,0,0,0,0,1,0,0,0,0,2,2,0,0,0,0,0,0,0,0,0,1,0,0,0,0,0,0,0,0,0,0,0,0,4,0,39.9626,-75.2468, , 
 ,34128,2015135841,6,67,67301,2015,11,6,230,2,3,1,0,4,1, , ,N,0,0,7,3,0,0,2,2,N,N,39 57:41.245,75 14:49.087,236, ,234, ,0, ,N, ,0, , , , , ,358626, , , ,2,1,0,0,0,0,0,1,0,0,0,0,0,0,0,0,0,0,0,0,0,0,0,0,0,0,0,0,0,0,0,0,0,0,0,0,0,39.9615,-75.247, , 
N,34129,2015125274,6,67,67301,2015,11,7,1435,14,1,1,0,1,1,1,4,Y,0,0,0,3,0,2,6,3,N,N,40 01:13.653,75 02:34.576,1508,50,1442,2,2,1,N, ,0,N,N,N,N,N,358654,N,Y,N,3,0,0,0,1,0,1,1,0,0,0,0,2,2,0,0,0,0,0,0,0,0,0,0,0,0,0,0,0,0,0,0,0,0,0,8,0,40.0205,-75.0429, , 
 ,34130,2015130274,6,67,67301,2015,11,2,1610,16,1,1,0,4,1, , ,N,1,2,0,3,0,2,4,2,N,N,39 58:15.014,75 09:14.922,1637, ,1633,2,1,3, , ,3,N, , , , ,358658, , , ,2,1,0,0,0,0,0,1,0,0,0,0,2,2,0,0,0,0,0,0,0,0,0,0,0,0,0,0,0,0,0,0,0,0,0,8,0,39.9707,-75.1541, , 
 ,34131,2015091591,6,67,67301,2015,9,5,1644,16,1,1,0,5,1, , ,N,0,0,0,3,0,0,5,2,N,N,39 57:33.056,75 10:20.163,1700, ,1646,1,1,4,N, ,0,N, , , , ,358672, , , ,2,1,0,0,0,0,1,0,0,0,0,0,0,0,0,0,0,0,0,0,0,0,0,0,0,0,0,0,0,0,0,0,0,0,0,0,0,39.9592,-75.1723, , 
 ,34132,2015103456,6,67,67301,2015,9,6,1428,14,1,1,0,6,1, , ,N,1,0,0,3,0,1,3,2,N,N,40 03:29.145,75 10:38.675,1729, ,1428, ,0, ,N, ,0, , , , , ,358679, , , ,2,2,0,0,0,0,0,0,0,0,0,0,1,1,0,0,0,0,0,0,0,1,0,0,0,0,0,0,0,0,0,0,0,0,0,8,0,40.0581,-75.1774, , 
 ,34133,2015109242,6,67,67301,2015,10,5,1631,16,1,2,1,4,1, , ,N,1,2,0,3,0,0,2,2,N,N,40 02:02.039,75 04:27.141,1641, ,1635,2,1,1,N, ,3,N, , , , ,358683, , , ,2,1,0,0,0,0,1,0,0,0,0,0,0,0,0,0,0,0,0,0,1,0,0,0,0,0,0,0,0,0,0,0,0,0,0,0,0,40.034,-75.0744, , 
 ,34134,2015128561,6,67,67301,2015,11,1,1412,14,1,1,0,4,1, , ,N,1,2,0,3,0,2,7,2,N,N,39 57:36.745,75 11:27.211,1413, ,1413, ,0, ,N, ,3, , , , , ,358692, , , ,2,2,0,0,0,0,0,0,0,0,0,2,2,0,0,0,0,1,0,0,0,0,0,4,0,0,0,0,0,0,0,0,0,0,0,4,0,39.9602,-75.1909, , 
 ,34135,2015129977,6,67,67301,2015,10,7,2247,22,3,1,0,5,6, , ,N,0,0,0,3,0,0,2,2,N, ,39 56:44.741,75 12:51.410,2305, ,2301, ,0, , , ,0, , , , , ,358695, , , ,2,2,0,0,0,0,0,0,0,0,0,0,0,0,0,0,0,0,0,0,0,0,0,1,0,0,0,0,0,0,0,0,0,0,0,0,0,39.9458,-75.2143, , 
 ,34136,2016001007,6,67,67301,2015,12,7,1340,13,1,1,0,1,1, , ,N,0,0,6,3,0,1,2,2,N,N,40 03:02.218,75 03:03.371,1355, ,1346,1,1,1,N, ,0,N, , , , ,358702, , , ,2,1,1,0,0,0,0,0,0,0,0,1,1,0,0,0,0,0,0,0,0,0,0,1,0,0,0,0,0,0,0,0,0,0,0,4,0,40.0506,-75.0509, , 
 ,34137,2016013834,6,67,67301,2015,12,3,2134,21,3,2,1,4,1, , ,N,1,2,0,3,0,1,4,3,N,N,40 01:27.102,75 05:43.897,2148, ,2140,2,1,7, , ,3,N, , , , ,358704, , , ,3,3,0,0,0,0,0,0,0,0,0,1,1,0,0,0,0,0,0,2,0,0,0,1,0,0,0,0,0,0,0,0,0,0,0,4,0,40.0242,-75.0955, , 
 ,34138,2015128588,6,67,67301,2015,11,5,1802,18,3,2,1,7,3, , ,N,0,0,0,3,0,0,1,1,N,N,40 05:10.353,75 01:25.055,1808, ,1802,1,1,2,N, ,0,N, , , , ,358715, , , ,1,1,0,0,0,0,0,0,0,0,0,0,0,0,0,0,0,1,0,0,0,0,0,0,0,0,0,0,0,0,0,0,0,0,0,0,0,40.0862,-75.0236, , 
 ,34139,2015056502,6,67,67301,2015,5,2,2150,21,3,1,0,4,1, , ,N,1,2,0,3,0,4,4,2,N,N,40 02:37.429,75 05:06.333,2210, ,2206, ,0, , , ,3, , , , , ,358726, , , ,2,2,0,0,0,0,0,0,0,0,0,4,4,0,0,0,0,0,0,1,0,0,0,0,0,0,0,0,0,0,0,0,0,0,0,4,0,40.0437,-75.0851, , 
 ,34140,2015078284,6,67,67301,2015,7,2,1045,10,1,1,0,4,1, , ,N,5,2,1,3,0,0,2,2,N,N,40 00:10.274,75 06:06.094,1101, ,1100, ,0, , , ,3, , , , , ,361474, , , ,2,1,0,0,0,0,1,0,0,0,0,0,0,0,0,0,0,0,1,0,0,0,0,0,0,0,0,0,0,0,0,0,0,0,0,0,0,40.0029,-75.1017, , 
 ,34141,2015099037,6,67,67301,2015,9,6,1345,13,1,1,0,4,1, , ,N,1,2,0,3,0,1,2,2,N, ,39 56:24.173,75 09:58.415,1355, ,1350, ,0, , , ,3, , , , , ,361494, , , ,1,1,0,0,0,0,0,0,1,0,1,0,1,0,0,0,0,0,0,0,0,0,0,0,0,0,0,0,0,0,0,0,0,0,0,3,0,39.94,-75.1662, , 
 ,34142,2015118138,6,67,67301,2015,10,4,1536,15,1,2,1,7,4, , ,N,1,2,0,3,0,0,1,1,N, ,40 02:00.085,75 03:59.408,1615, ,1612,2,1,2, , ,3,N, , , , ,361511, , , ,1,0,0,0,1,0,0,0,0,0,0,0,0,0,1,0,0,0,0,0,0,0,0,0,0,0,0,0,0,0,0,0,0,0,0,9,0,40.0334,-75.0665, , 
 ,34143,2016002451,6,67,67301,2015,11,4,1910,19,3,1,0,5,1, , ,N,0,0,0,3,0,1,2,2,N,N,39 56:56.769,75 09:44.316,1912, ,1911, ,0, ,N, ,0, , , , , ,361536, , , ,1,0,0,0,0,0,1,0,1,0,0,0,1,1,0,0,0,0,0,0,0,1,0,0,0,0,0,0,0,0,0,0,0,0,0,8,0,39.9491,-75.1623, , 
 ,34144,2016005581,6,67,67301,2015,12,5,1855,18,3,1,0,2,1, , ,N,0,0,0,3,0,6,8,3,N,N,40 03:36.400,75 08:24.400,1917, ,1914,2,1,2,N, ,0,Y, , , , ,361539, , , ,3,2,0,0,0,0,1,0,0,0,0,0,6,6,0,0,0,0,0,0,0,0,0,0,0,0,0,0,0,0,0,0,0,0,0,8,0,40.0601,-75.1401, , 
 ,34145,2015063859,6,67,67301,2015,5,7,1100,11,1,1,0,4,1, , ,N,1,2,0,3,0,3,3,2,N, ,40 03:25.064,75 05:18.129,1115, ,1110, ,0, , , ,3, , , , , ,361542, , , ,2,2,0,0,0,0,0,0,0,0,0,3,3,0,0,0,0,0,0,0,0,1,0,0,0,0,0,0,0,0,0,0,0,0,0,4,0,40.057,-75.0884, , 
 ,34146,2015070130,6,67,67301,2015,6,5,1235,12,1,2,1,1,1, , ,N,0,2,0,3,0,1,2,2,N,N,39 57:25.801,75 08:56.253,1250, ,1241,2,1,2,N, ,3,N, , , , ,361550, , , ,2,1,0,0,1,0,0,0,0,0,0,1,1,0,0,0,0,0,0,0,0,0,0,0,0,0,0,0,0,0,0,0,0,0,0,4,0,39.9572,-75.149, , 
 ,34147,2015074390,6,67,67301,2015,7,4,2136,21,3,1,0,1,1, , ,N,0,0,2,3,0,1,4,2,N,N,39 53:54.996,75 10:53.622,2210, ,2158, ,0, ,N, ,0, , , , , ,361552, , , ,2,1,0,0,0,0,1,0,0,0,0,1,1,0,0,0,0,0,0,0,1,0,0,0,0,0,0,0,0,0,0,0,0,0,0,4,0,39.8986,-75.1816, , 
 ,34148,2015075690,6,67,67301,2015,7,1,1415,14,1,1,0,4,1, , ,N,1,3,0,3,0,1,3,2,N, ,40 01:51.513,75 07:43.510,1420, ,1416,2,2,7, , ,3,Y, , , , ,361553, , , ,2,2,0,0,0,0,0,0,0,0,0,1,1,0,1,0,0,0,0,0,0,0,0,0,0,0,0,0,0,0,0,0,0,0,0,4,0,40.031,-75.1288, , 
 ,34149,2015130378,6,67,67301,2015,11,7,144,1,3,1,0,4,1, , ,N,2,0,0,3,0,2,5,4,N, ,40 01:08.324,75 03:08.584,153, ,151,1,1,3, , ,0,Y, , , , ,361580, , , ,4,2,0,0,0,1,1,0,0,0,0,1,2,1,0,0,1,0,0,0,0,0,0,0,0,0,0,0,0,0,0,0,0,0,0,4,1,40.019,-75.0524, , 
 ,34150,2015112162,6,67,67301,2015,10,2,1747,17,1,1,0,1,1, , ,N,0,2,0,3,0,0,3,3,N,N,40 01:44.851,75 06:20.234,1756, ,1748,1,1,1,N, ,3,N, , , , ,361611, , , ,3,3,0,0,0,0,0,0,0,0,0,0,0,0,0,0,0,0,0,0,1,0,0,0,0,0,0,0,0,0,0,0,0,0,0,0,0,40.0291,-75.1056, , 
 ,34151,2015133757,6,67,67301,2015,11,6,9999,99,3,1,0,8,1, , ,N,2,0,0,3,0,1,2,2,N, ,39 58:31.037,75 10:05.801,640, ,358, ,0, , , ,0, , , , , ,361631, , , ,1,1,0,0,0,0,0,0,0,0,0,0,1,1,0,0,0,0,0,0,0,0,0,0,0,0,0,0,0,0,0,0,1,0,0,8,0,39.9753,-75.1683, , 