wz_ln_closure,objectid_1,crn,district,county,municipality,crash_year,crash_month,day_of_week,time_of_day,hour_of_day,illumination,weather,road_condition,collision_type,relation_to_road,work_zone_type,work_zone_loc,work_zone_ind,intersect_type,tcd_type,location_type,urban_rural,fatal_count,injury_count,person_count,total_units,sch_bus_ind,sch_zone_ind,latitude,longitude,arrival_tm,cons_zone_spd_lim,dispatch_tm,est_hrs_closed,lane_closed,ln_close_dir,ntfy_hiwy_maint,spec_juris_cd,tcd_func_cd,tfc_detour_ind,workers_pres,wz_close_detour,wz_flagger,wz_law_offcr_ind,objectid,wz_moving,wz_other,wz_shlder_mdn,vehicle_count,automobile_count,motorcycle_count,bus_count,small_truck_count,heavy_truck_count,suv_count,van_count,bicycle_count,maj_inj_count,mod_inj_count,min_inj_count,tot_inj_count,unk_inj_deg_count,unk_inj_per_count,driver_count_16yr,driver_count_17yr,driver_count_18yr,driver_count_19yr,driver_count_20yr,driver_count_50_64yr,driver_count_65_74yr,driver_count_75plus,unbelted_occ_count,unb_death_count,unb_maj_inj_count,belted_death_count,belted_maj_inj_count,mcycle_death_count,mcycle_maj_inj_count,bicycle_death_count,bicycle_maj_inj_count,ped_count,ped_death_count,ped_maj_inj_count,max_severity_level,comm_veh_count,dec_lat,dec_long,rdwy_surf_type_cd,county_name
 ,34218,2014042660,6,67,67301,2014,3,2,444,4,3,2,1,5,1, , ,N,1,2,0,3,0,0,3,2,N, ,40 02:04.567,75 04:16.161,455, ,445,1,1,1, , ,3,N, , , , ,396615, , , ,2,0,0,0,1,0,1,0,0,0,0,0,0,0,0,0,0,0,0,0,0,0,0,0,0,0,0,0,0,0,0,0,0,0,0,0,0,40.0346,-75.0712, , 
 ,34219,2014044626,6,67,67301,2014,3,2,1532,15,1,1,0,4,1, , ,N,0,0,7,3,0,0,3,2,N, ,40 02:57.556,75 03:30.403,1535, ,1535,1,1,1, , ,0,N, , , , ,396616, , , ,2,2,0,0,0,0,0,0,0,0,0,0,0,0,0,0,0,0,1,0,0,0,0,0,0,0,0,0,0,0,0,0,0,0,0,0,0,40.0493,-75.0584, , 
 ,34220,2014060736,6,67,67301,2014,6,2,1130,11,1,1,0,4,1, , ,N,1,2,0,3,0,8,10,4,N,N,39 58:13.489,75 08:47.550,1155, ,1135,3,2,6,N, ,3,Y, , , , ,396625, , , ,4,0,0,0,1,1,2,0,0,0,0,0,8,8,0,0,0,0,0,0,0,0,0,0,0,0,0,0,0,0,0,0,0,0,0,8,1,39.9703,-75.1466, , 
 ,34221,2014025888,6,67,67301,2014,1,6,2230,22,3,8,5,7,4, , ,N,2,0,0,3,0,0,1,1,N,N,39 59:59.136,75 06:16.095,9999, ,2030, ,0, ,N, ,0, , , , , ,396646, , , ,1,1,0,0,0,0,0,0,0,0,0,0,0,0,0,0,0,0,0,0,0,0,0,0,0,0,0,0,0,0,0,0,0,0,0,0,0,39.9998,-75.1045, , 
 ,34222,2014034190,6,67,67301,2014,2,1,2058,20,3,1,0,5,6, , ,N,0,0,0,3,0,0,4,3,N,N,40 03:02.584,75 09:37.504,2124, ,2120, ,0, ,N, ,0, , , , , ,396652, , , ,2,2,0,0,0,0,0,0,0,0,0,0,0,0,1,0,0,0,0,0,0,0,0,0,0,0,0,0,0,0,0,0,1,0,0,9,0,40.0507,-75.1604, , 
 ,34223,2014051765,6,67,67301,2014,4,4,1956,19,3,1,0,6,1, , ,N,1,2,0,3,0,1,4,3,N,N,39 56:11.083,75 13:08.439,2024, ,2022, ,0, ,N, ,3, , , , , ,396663, , , ,3,1,0,0,2,0,0,0,0,0,0,1,1,0,0,0,0,0,0,0,1,0,0,0,0,0,0,0,0,0,0,0,0,0,0,4,0,39.9364,-75.219, , 
 ,34224,2014034192,6,67,67301,2014,3,7,120,1,3,1,0,5,6, , ,N,0,0,0,3,0,1,2,2,N, ,39 59:33.269,75 07:52.125,125, ,123, ,0, , , ,0, , , , , ,396708, , , ,2,2,0,0,0,0,0,0,0,0,0,1,1,0,0,0,0,0,0,0,0,0,0,0,0,0,0,0,0,0,0,0,0,0,0,4,0,39.9926,-75.1311, , 
 ,34225,2014039369,6,67,67301,2014,3,6,1640,16,1,1,0,4,1, , ,N,1,3,0,3,0,1,3,2,N,N,39 55:38.431,75 10:58.990,1653, ,1643, ,0, ,N, ,3, , , , , ,396709, , , ,2,1,0,0,1,0,0,0,0,0,0,0,1,1,0,0,0,0,0,0,1,0,0,0,0,0,0,0,0,0,0,0,0,0,0,8,0,39.9273,-75.1831, , 
 ,34226,2014044546,6,67,67301,2014,3,4,735,7,1,1,0,8,1, , ,N,1,2,0,3,0,1,2,2,N, ,40 07:24.747,75 00:55.270,740, ,735, ,0, , , ,3, , , , , ,396712, , , ,1,1,0,0,0,0,0,0,0,0,0,1,1,0,0,0,0,0,0,0,0,0,0,0,0,0,0,0,0,0,0,0,1,0,0,4,0,40.1235,-75.0154, , 
 ,34227,2014044577,6,67,67301,2014,3,6,1002,10,1,2,1,1,1, , ,N,1,2,0,3,0,1,4,3,N,N,40 06:16.480,75 00:08.268,1010, ,1005,1,1,2,N, ,3,N, , , , ,396713, , , ,3,2,0,0,1,0,0,0,0,0,0,1,1,0,0,0,0,0,0,0,1,0,0,0,0,0,0,0,0,0,0,0,0,0,0,4,0,40.1044,-75.0021, , 
 ,34228,2014049650,6,67,67301,2014,4,2,1439,14,1,1,0,8,1, , ,N,1,3,0,3,0,1,2,2,N,N,39 57:32.616,75 12:12.967,1517, ,1515, ,0, ,N, ,3, , , , , ,396723, , , ,1,1,0,0,0,0,0,0,0,0,0,1,1,0,0,0,0,0,0,0,0,0,1,0,0,0,0,0,0,0,0,0,1,0,0,4,0,39.9591,-75.2036, , 
 ,34229,2014019959,6,67,67301,2014,2,5,454,4,3,4,3,7,3, , ,N,0,0,0,3,0,0,2,1,N,N,40 02:14.258,75 00:48.084,454, ,454, ,0, ,N, ,0, , , , , ,396732, , , ,1,0,0,0,0,0,0,1,0,0,0,0,0,0,0,0,0,0,0,0,1,0,0,0,0,0,0,0,0,0,0,0,0,0,0,0,0,40.0373,-75.0134, , 
 ,34230,2014025346,6,67,67301,2014,1,6,2134,21,3,1,0,1,1, , ,N,0,0,0,3,0,4,5,2,N, ,40 00:21.764,75 11:14.693,2139, ,2135, ,0, , , ,0, , , , , ,396739, , , ,2,2,0,0,0,0,0,0,0,0,0,4,4,0,0,0,0,0,0,0,1,0,0,0,0,0,0,0,0,0,0,0,0,0,0,4,0,40.006,-75.1874, , 
 ,34231,2014016148,6,67,67301,2014,1,6,800,8,1,3,5,1,1, , ,N,0,0,0,3,0,0,4,4,N,N,39 59:55.125,75 07:59.983,805, ,800,2,2,2,Y, ,0,Y, , , , ,400984, , , ,4,3,0,0,0,0,1,0,0,0,0,0,0,0,0,0,0,0,0,0,1,0,0,0,0,0,0,0,0,0,0,0,0,0,0,0,0,39.9986,-75.1333, , 
 ,34232,2014025513,6,67,67301,2014,2,1,27,0,3,1,0,5,1, , ,N,0,0,0,3,0,0,1,2,N,N,40 02:35.564,75 02:12.932,29, ,27, ,0, ,N, ,0, , , , , ,400989, , , ,2,1,0,0,0,1,0,0,0,0,0,0,0,0,0,0,0,0,0,0,0,0,0,0,0,0,0,0,0,0,0,0,0,0,0,0,0,40.0432,-75.0369, , 
 ,34233,2014029197,6,67,67301,2014,3,2,928,9,1,4,4,5,1, , ,N,0,0,0,3,0,0,2,2,N,N,39 56:49.137,75 08:32.285,937, ,928, ,0, ,N, ,0, , , , , ,400996, , , ,2,1,0,0,0,0,0,1,0,0,0,0,0,0,0,0,0,0,0,0,0,0,0,0,0,0,0,0,0,0,0,0,0,0,0,0,0,39.947,-75.1423, , 
 ,34234,2014045977,6,67,67301,2014,5,1,1110,11,1,1,0,1,1, , ,N,0,0,0,3,0,0,4,3,N,N,39 54:44.022,75 10:17.321,1114, ,1110, ,0, ,N, ,0, , , , , ,401015, , , ,3,2,0,0,0,0,0,1,0,0,0,0,0,0,0,0,0,0,0,0,0,0,0,0,0,0,0,0,0,0,0,0,0,0,0,0,0,39.9122,-75.1715, , 
 ,34235,2014049446,6,67,67301,2014,4,6,2200,22,3,2,1,4,1, , ,N,1,2,0,3,0,3,6,2,N,N,40 00:31.034,75 04:07.810,2240, ,2200, ,0, ,N, ,3, , , , , ,401020, , , ,2,0,0,0,0,0,0,2,0,0,0,0,3,3,2,0,0,0,0,0,0,0,0,0,0,0,0,0,0,0,0,0,0,0,0,8,0,40.0086,-75.0688, , 
 ,34236,2014038896,6,67,67301,2014,3,6,1550,15,1,1,0,5,6, , ,N,0,0,0,3,0,1,6,3,N, ,39 58:53.985,75 07:03.254,1600, ,1558, ,0, , , ,0, , , , , ,401050, , , ,3,2,0,0,0,0,0,1,0,0,0,1,1,0,0,0,0,0,0,0,0,0,0,0,0,0,0,0,0,0,0,0,0,0,0,4,0,39.9817,-75.1176, , 
 ,34237,2014054566,6,67,67301,2014,4,4,1354,13,1,2,1,4,1, , ,N,1,2,0,3,0,3,4,2,N,N,40 04:51.446,75 12:09.698,1430, ,1422, ,0, , , ,3, , , , , ,401064, , , ,2,1,0,0,0,0,1,0,0,0,0,0,3,3,0,0,0,0,0,0,1,0,1,0,0,0,0,0,0,0,0,0,0,0,0,8,0,40.0808,-75.2027, , 
 ,34238,2014061099,6,67,67301,2014,5,4,1535,15,1,1,0,8,1, , ,N,1,2,0,3,0,1,2,2,N,N,39 57:16.503,75 10:22.776,2010, ,2004, ,0, ,N, ,3, , , , , ,401070, , , ,1,0,0,1,0,0,0,0,0,0,0,1,1,0,0,0,0,0,0,0,0,0,0,0,0,0,0,0,0,0,0,0,1,0,0,4,1,39.9546,-75.173, , 
 ,34239,2014029823,6,67,67301,2014,2,3,1725,17,3,1,0,4,1, , ,N,1,0,0,3,0,3,4,3,N,N,40 00:41.992,75 09:47.094,1735, ,1730, ,0, , , ,0, , , , , ,401092, , , ,3,1,0,0,1,0,1,0,0,0,0,0,3,3,0,0,0,0,0,0,1,0,1,0,0,0,0,0,0,0,0,0,0,0,0,8,0,40.0116,-75.163, , 
 ,34240,2014044567,6,67,67301,2014,3,1,10,0,3,2,1,1,1, , ,N,1,2,0,3,0,1,3,2,N, ,39 56:17.923,75 12:58.510,30, ,15, ,0, , , ,3, , , , , ,401104, , , ,2,1,0,0,1,0,0,0,0,0,0,1,1,0,0,0,0,0,0,0,2,0,0,0,0,0,0,0,0,0,0,0,0,0,0,4,0,39.9383,-75.2163, , 
 ,34241,2014049501,6,67,67301,2014,4,3,1650,16,1,2,1,3,1, , ,N,1,2,0,3,0,2,5,2,N,N,39 56:02.828,75 08:57.152,1658, ,1655, ,0, ,N, ,3, , , , , ,401110, , , ,2,1,0,0,0,0,1,0,0,0,0,0,2,2,0,0,0,0,0,0,0,0,0,0,0,0,0,0,0,0,0,0,0,0,0,8,0,39.9341,-75.1492, , 
 ,34242,2014050292,6,67,67301,2014,4,2,1030,10,1,1,0,4,1, , ,N,1,2,0,3,0,0,2,2,N,N,40 03:49.551,75 05:00.781,1033, ,1033, ,0, ,N, ,3, , , , , ,401159, , , ,2,2,0,0,0,0,0,0,0,0,0,0,0,0,0,0,0,0,0,1,1,0,0,0,0,0,0,0,0,0,0,0,0,0,0,0,0,40.0638,-75.0835, , 
N,34243,2014006398,6,67,67301,2014,1,3,1100,11,1,2,1,1,1,1,4,Y,0,0,0,3,0,0,3,3,N,N,40 00:57.304,75 03:09.520,1122,45,1112,1,1,2,N, ,0,N,Y,N,N,N,401170,N,N,Y,3,2,0,0,0,1,0,0,0,0,0,0,0,0,0,0,0,1,0,1,0,0,0,0,0,0,0,0,0,0,0,0,0,0,0,0,1,40.0159,-75.0526, , 
 ,34244,2014025399,6,67,67301,2014,1,7,1945,19,3,2,1,4,1, , ,N,1,3,0,3,0,0,2,2,N,N,39 57:58.204,75 10:26.230,2045, ,2040, ,0, , , ,3, , , , , ,401187, , , ,2,2,0,0,0,0,0,0,0,0,0,0,0,0,0,0,0,1,0,0,0,0,0,0,0,0,0,0,0,0,0,0,0,0,0,0,0,39.9662,-75.174, , 
 ,34245,2014043175,6,67,67301,2014,4,5,645,6,1,1,0,7,3, , ,N,0,0,0,3,0,0,1,1,N,N,39 57:53.354,75 11:06.580,654, ,647,2,1,4,N, ,0,N, , , , ,401198, , , ,1,0,0,0,0,0,0,1,0,0,0,0,0,0,0,0,0,0,0,0,0,1,0,0,0,0,0,0,0,0,0,0,0,0,0,0,0,39.9648,-75.1852, , 
 ,34246,2014049464,6,67,67301,2014,4,2,1531,15,1,1,0,7,4, , ,N,0,0,0,3,0,1,1,1,N,N,40 03:52.153,75 10:49.447,1535, ,1534,1,1,4,N, ,0,N, , , , ,401250, , , ,1,1,0,0,0,0,0,0,0,0,1,0,1,0,0,0,0,0,0,0,1,0,0,0,0,0,0,0,0,0,0,0,0,0,0,3,0,40.0645,-75.1804, , 
 ,34247,2014059290,6,67,67301,2014,5,6,1905,19,1,1,0,4,1, , ,N,1,0,0,3,0,1,4,2,N,N,39 55:05.530,75 09:40.935,1913, ,1910,2,1,3,N, ,0,Y, , , , ,401258, , , ,2,0,1,0,0,0,0,1,0,0,1,0,1,0,0,0,0,1,0,0,1,0,0,0,0,0,0,0,0,0,0,0,0,0,0,3,0,39.9182,-75.1614, , 
 ,34248,2014059325,6,67,67301,2014,5,7,50,0,3,1,0,4,1, , ,N,1,2,0,3,0,2,2,2,N,N,40 01:27.084,75 07:58.797,54, ,50,1,1,2,N, ,3,Y, , , , ,401259, , , ,2,1,0,0,1,0,0,0,0,0,0,0,2,2,0,0,0,0,0,0,0,0,0,0,0,0,0,0,0,0,0,0,0,0,0,8,0,40.0242,-75.133, , 
 ,34249,2014043075,6,67,67301,2014,3,4,849,8,1,1,0,8,1, , ,N,5,2,0,3,0,1,2,2,N, ,40 01:25.549,75 12:27.886,850, ,848, ,0, , , ,3, , , , , ,401290, , , ,1,0,0,0,0,0,1,0,0,0,0,0,1,1,0,0,0,0,0,0,1,0,0,0,0,0,0,0,0,0,0,0,1,0,0,8,0,40.0238,-75.2077, , 
 ,34250,2014042657,6,67,67301,2014,3,6,1550,15,1,1,0,4,1, , ,N,1,2,0,3,0,1,4,3,N, ,40 00:19.933,75 05:48.721,1623, ,1621,3,1,1, , ,3,N, , , , ,406115, , , ,3,2,0,0,0,0,0,1,0,0,0,1,1,0,0,0,0,0,0,0,1,0,0,0,0,0,0,0,0,0,0,0,0,0,0,4,0,40.0055,-75.0969, , 
 ,34251,2014054616,6,67,67301,2014,4,2,1538,15,1,1,0,4,1, , ,N,0,0,7,3,0,1,3,2,N, ,39 56:42.703,75 14:21.880,1551, ,1546, ,0, , , ,0, , , , , ,406129, , , ,2,2,0,0,0,0,0,0,0,0,0,1,1,0,0,0,0,0,0,0,0,0,0,2,0,0,0,0,0,0,0,0,0,0,0,4,0,39.9452,-75.2394, , 
 ,34252,2014013555,6,67,67301,2014,1,1,800,8,1,2,5,5,1, , ,N,0,0,1,3,0,1,8,3,N,N,40 06:28.582,74 59:48.251,802, ,802,1,2,1,N, ,0,N, , , , ,406144, , , ,3,2,0,0,0,0,0,1,0,0,0,1,1,0,0,0,0,0,0,0,0,0,0,0,0,0,0,0,0,0,0,0,0,0,0,4,0,40.1079,-74.9967, , 
 ,34253,2014032393,6,67,67301,2014,2,2,1527,15,1,1,0,1,1, , ,N,2,2,0,3,0,1,2,2,N, ,40 00:51.606,75 07:47.621,9999, ,1530, ,0, , , ,3, , , , , ,406156, , , ,2,2,0,0,0,0,0,0,0,0,1,0,1,0,1,0,0,0,0,0,1,0,0,0,0,0,0,0,0,0,0,0,0,0,0,3,0,40.0143,-75.1299, , 
N,34254,2014033677,6,67,67301,2014,3,2,1239,12,1,1,0,1,1,1,4,Y,0,0,0,3,0,1,15,5,N,N,40 01:05.432,75 02:51.552,1258,45,1240,2,2,1,N, ,0,N,N,N,N,N,406157,N,Y,N,5,3,0,0,0,0,2,0,0,0,0,0,1,1,0,0,0,0,0,0,2,2,0,2,0,0,0,0,0,0,0,0,0,0,0,8,0,40.0182,-75.0477, , 
 ,34255,2014034237,6,67,67301,2014,3,1,1300,13,1,2,1,4,1, , ,N,1,2,0,3,0,1,4,3,N,N,40 00:29.434,75 08:33.954,1500, ,1450, ,0, ,N, ,3, , , , , ,406158, , , ,3,3,0,0,0,0,0,0,0,0,0,1,1,0,0,0,0,0,0,0,0,0,0,0,0,0,0,0,0,0,0,0,0,0,0,4,0,40.0082,-75.1427, , 
 ,34256,2014025865,6,67,67301,2014,1,2,1748,17,3,1,0,4,1, , ,N,1,2,0,3,0,1,2,2,N,N,39 59:30.901,75 14:03.555,1824, ,1818,3,1,4,N, ,3,N, , , , ,406197, , , ,2,0,0,0,0,0,2,0,0,0,0,1,1,0,0,0,0,0,0,0,0,0,0,0,0,0,0,0,0,0,0,0,0,0,0,4,0,39.9919,-75.2343, , 
 ,34257,2014038925,6,67,67301,2014,3,2,1927,19,3,1,0,4,1, , ,N,1,2,0,3,0,0,3,3,N,N,40 02:55.097,75 08:41.622,1943, ,1943, ,0, ,N, ,3, , , , , ,406206, , , ,3,1,0,0,0,0,1,1,0,0,0,0,0,0,0,0,0,0,1,0,0,1,0,0,0,0,0,0,0,0,0,0,0,0,0,0,0,40.0486,-75.1449, , 
 ,34258,2014059150,6,67,67301,2014,5,4,1350,13,1,1,0,8,1, , ,N,1,2,0,3,0,1,2,2,N,N,39 57:10.616,75 09:34.855,2130, ,2130, ,0, ,N, ,3, , , , , ,406219, , , ,1,1,0,0,0,0,0,0,0,0,0,0,1,1,0,0,0,0,0,0,0,0,0,0,0,0,0,0,0,0,0,0,1,0,0,8,0,39.9529,-75.1597, , 
 ,34259,2014066344,6,67,67301,2014,7,6,2205,22,3,1,0,7,2, , ,N,0,0,0,3,0,1,1,1,N,N,40 01:12.667,75 09:06.352,2310, ,2205,3,1,2,N, ,0,N, , , , ,406225, , , ,1,1,0,0,0,0,0,0,0,0,0,1,1,0,0,0,0,0,0,0,1,0,0,0,0,0,0,0,0,0,0,0,0,0,0,4,0,40.0202,-75.1518, , 
 ,34260,2014068620,6,67,67301,2014,5,2,37,0,2,1,0,8,1, , ,N,0,0,0,3,0,3,3,3,N,N,39 56:19.474,75 13:58.443,37, ,37, ,0, ,N, ,0, , , , , ,406228, , , ,1,0,1,0,0,0,0,0,0,2,0,1,3,0,0,0,0,0,0,0,1,0,0,0,0,0,0,0,0,1,0,0,2,0,1,2,0,39.9387,-75.2329, , 
 ,34261,2014065491,6,67,67301,2014,5,2,753,7,1,1,0,1,1, , ,N,2,2,0,3,0,1,2,2,N,N,40 02:21.794,75 03:37.017,756, ,753,1,1,2,N, ,3,N, , , , ,406272, , , ,2,1,0,0,0,0,1,0,0,0,0,1,1,0,0,0,0,0,0,0,0,0,0,0,0,0,0,0,0,0,0,0,0,0,0,4,0,40.0394,-75.0603, , 
 ,34262,2014016167,6,67,67301,2014,1,2,310,3,3,1,0,5,1, , ,N,0,0,0,3,0,3,3,5,N,N,40 03:22.180,75 00:09.892,322, ,318, ,0, ,N, ,0, , , , , ,406292, , , ,5,5,0,0,0,0,0,0,0,0,0,0,3,3,0,0,0,0,0,0,0,0,0,0,0,0,0,0,0,0,0,0,0,0,0,8,0,40.0562,-75.0027, , 
 ,34263,2014042665,6,67,67301,2014,3,6,1453,14,1,1,0,1,1, , ,N,2,0,0,3,0,3,3,2,N, ,40 03:53.815,75 00:34.270,1454, ,454,9,1,2, , ,0,N, , , , ,406313, , , ,2,1,0,0,1,0,0,0,0,0,0,1,3,2,0,0,0,0,0,0,0,0,1,0,0,0,0,0,0,0,0,0,0,0,0,4,0,40.0649,-75.0094, , 
 ,34264,2014004504,6,67,67301,2014,1,6,27,0,3,1,0,4,1, , ,N,1,2,0,3,0,1,2,2,N,N,40 02:06.536,75 04:14.903,30, ,27,2,2,7,N, ,3,Y, , , , ,406331, , , ,2,2,0,0,0,0,0,0,0,0,0,1,1,0,0,0,0,0,0,0,1,0,0,0,0,0,0,0,0,0,0,0,0,0,0,4,0,40.0351,-75.0709, , 
 ,34265,2014049463,6,67,67301,2014,4,4,1135,11,1,2,1,7,4, , ,N,0,0,0,3,0,1,1,1,N, ,40 02:06.167,75 11:46.175,1145, ,1138, ,0, ,N, ,0, , , , , ,406373, , , ,1,0,0,0,1,0,0,0,0,0,1,0,1,0,0,0,0,0,0,0,0,1,0,0,0,0,0,0,0,0,0,0,0,0,0,3,0,40.035,-75.1962, , 
 ,34266,2014049619,6,67,67301,2014,4,7,1749,17,1,1,0,1,1, , ,N,0,0,0,3,0,1,2,2,N,N,40 02:14.752,75 02:31.613,1758, ,1753,3,2,6,N, ,0,Y, , , , ,406374, , , ,2,1,1,0,0,0,0,0,0,0,0,0,1,1,0,0,0,0,0,0,0,0,0,0,0,0,0,0,0,0,0,0,0,0,0,8,0,40.0374,-75.0421, , 
 ,34267,2014006399,6,67,67301,2014,1,4,224,2,3,1,0,7,4, , ,N,0,0,0,3,0,0,1,1,N,N,39 57:25.710,75 08:35.250,232, ,225, ,0, ,N, ,0, , , , , ,406379, , , ,1,0,0,0,0,0,1,0,0,0,0,0,0,0,0,0,0,0,0,0,0,1,0,0,0,0,0,0,0,0,0,0,0,0,0,0,0,39.9571,-75.1431, , 
 ,34268,2014030267,6,67,67301,2014,2,6,1250,12,1,1,0,8,1, , ,N,1,2,0,3,0,1,2,2,N, ,39 57:18.079,75 10:04.799,1257, ,1254,1,2,4, , ,3,Y, , , , ,413636, , , ,1,0,0,0,0,1,0,0,0,0,0,0,1,1,0,0,0,0,0,0,0,0,0,0,0,0,0,0,0,0,0,0,1,0,0,8,1,39.955,-75.168, , 
 ,34269,2014032427,6,67,67301,2014,2,2,9999,99,1,8,1,1,1, , ,N,0,0,0,3,0,1,2,2,N, ,40 02:54.997,75 01:54.969,1520, ,1502, ,0, , , ,0, , , , , ,413638, , , ,2,2,0,0,0,0,0,0,0,0,0,1,1,0,0,0,0,0,0,0,1,0,0,2,0,0,0,0,0,0,0,0,0,0,0,4,0,40.0486,-75.0319, , 
 ,34270,2014037181,6,67,67301,2014,2,1,1810,18,3,4,3,1,1, , ,N,0,0,0,3,0,0,3,2,N,N,39 56:36.504,75 08:33.858,1820, ,1810, ,0, ,N, ,0, , , , , ,413641, , , ,2,2,0,0,0,0,0,0,0,0,0,0,0,0,0,0,0,0,0,1,0,0,0,0,0,0,0,0,0,0,0,0,0,0,0,0,0,39.9435,-75.1427, , 
 ,34271,2014043464,6,67,67301,2014,4,6,851,8,1,1,0,1,1, , ,N,0,0,0,3,0,1,2,2,N,N,39 57:36.310,75 10:46.393,911, ,856, ,0, ,N, ,0, , , , , ,413661, , , ,2,2,0,0,0,0,0,0,0,0,0,1,1,0,0,0,0,0,0,0,0,0,0,0,0,0,0,0,0,0,0,0,0,0,0,4,0,39.9601,-75.1796, , 
 ,34272,2014049515,6,67,67301,2014,2,6,1120,11,1,1,0,8,1, , ,N,0,0,0,3,0,1,3,2,N,N,39 58:32.800,75 10:59.532,1122, ,1121, ,0, ,N, ,0, , , , , ,413664, , , ,1,1,0,0,0,0,0,0,0,0,1,0,1,0,0,0,0,0,0,0,0,0,0,0,0,0,0,0,0,0,0,0,1,0,0,3,0,39.9758,-75.1832, , 
 ,34273,2014087309,6,67,67301,2014,7,3,1440,14,1,1,0,4,1, , ,N,1,3,0,3,0,1,2,2,N,N,40 01:53.151,75 09:17.114,1455, ,1450, ,0, ,N, ,3, , , , , ,413697, , , ,2,2,0,0,0,0,0,0,0,0,0,1,1,0,1,0,0,0,0,0,0,0,0,0,0,0,0,0,0,0,0,0,0,0,0,4,0,40.0314,-75.1548, , 
 ,34274,2014088938,6,67,67301,2014,7,3,902,9,1,1,0,8,1, , ,N,0,0,0,3,1,0,3,3,N,N,40 01:14.761,75 05:41.132,902, ,902,3,2,5,N,0,0,Y, , , , ,413698, , , ,2,0,0,0,1,0,1,0,0,0,0,0,0,0,0,0,0,0,0,0,0,0,0,0,0,0,0,0,0,0,0,0,1,1,0,1,0,40.0208,-75.0948,2, 
 ,34275,2014064195,6,46,46102,2014,6,6,1203,12,1,1,0,4,1, , ,N,0,8,0,3,0,0,3,2,N,N,40 04:25.777,75 09:28.497,1203, ,1203, ,0, ,N, ,3, , , , , ,413705, , , ,2,1,0,0,0,0,1,0,0,0,0,0,0,0,0,0,0,0,0,0,1,0,0,0,0,0,0,0,0,0,0,0,0,0,0,0,0,40.0738,-75.1579, , 
 ,34276,2014021560,6,67,67301,2014,1,3,1635,16,4,2,1,4,1, , ,N,1,3,0,3,0,0,3,2,N,N,39 56:14.827,75 13:12.964,1639, ,1639, ,0, ,N, ,3, , , , , ,413720, , , ,2,1,0,0,0,0,0,1,0,0,0,0,0,0,2,0,0,0,0,0,0,0,0,0,0,0,0,0,0,0,0,0,0,0,0,9,0,39.9375,-75.2203, , 
 ,34277,2014044601,6,67,67301,2014,3,6,1239,12,1,1,0,1,1, , ,N,0,0,3,3,0,1,4,3,N,N,39 54:20.102,75 11:39.920,1242, ,1240,1,2,4,N, ,0,Y, , , , ,413738, , , ,3,1,0,0,0,0,1,0,0,0,0,1,1,0,0,0,0,0,0,0,1,1,0,0,0,0,0,0,0,0,0,0,0,0,0,4,0,39.9056,-75.1944, , 
 ,34278,2014049769,6,67,67301,2014,4,7,9999,99,1,1,0,8,1, , ,N,0,0,0,3,0,1,2,2,N,N,39 55:29.946,75 13:20.326,1608, ,1604, ,0, ,N, ,0, , , , , ,413745, , , ,1,1,0,0,0,0,0,0,0,0,1,0,1,0,0,0,0,0,0,0,0,0,0,0,0,0,0,0,0,0,0,0,1,0,0,3,0,39.925,-75.2223, , 
 ,34279,2014029893,6,67,67301,2014,2,7,850,8,1,1,0,1,1, , ,N,1,2,0,3,0,6,6,2,N,N,40 01:35.316,75 05:50.739,858, ,851,2,1,1, , ,3,N, , , , ,413766, , , ,2,1,0,0,0,0,0,1,0,0,1,5,6,0,0,0,0,1,0,0,0,0,0,0,0,0,0,0,0,0,0,0,0,0,0,3,0,40.0265,-75.0974, , 
 ,34280,2014049747,6,67,67301,2014,3,4,625,6,1,1,0,8,1, , ,N,1,2,0,3,0,1,2,2,N,N,39 58:37.995,75 13:36.385,630, ,630,3,2,1,N, ,3,Y, , , , ,413781, , , ,1,1,0,0,0,0,0,0,0,0,1,0,1,0,0,0,0,0,0,0,1,0,0,0,0,0,0,0,0,0,0,0,1,0,0,3,0,39.9772,-75.2268, , 
 ,34281,2014043083,6,67,67301,2014,3,7,1300,13,1,1,0,4,1, , ,N,1,2,0,3,0,4,4,2,N, ,39 55:03.079,75 09:22.114,1308, ,1307,2,2,1, , ,3,N, , , , ,413825, , , ,2,1,0,0,0,0,0,1,0,0,0,4,4,0,0,0,0,0,0,0,0,0,0,0,0,0,0,0,0,0,0,0,0,0,0,4,0,39.9175,-75.1561, , 
 ,34282,2014051762,6,67,67301,2014,4,3,9999,99,1,1,0,4,1, , ,N,1,2,0,3,0,2,2,2,N,N,40 02:53.203,75 09:03.247,9999, ,1459,3,2,6,N, ,3,Y, , , , ,413833, , , ,2,2,0,0,0,0,0,0,0,0,0,1,2,1,0,0,0,0,0,0,0,0,0,0,0,0,0,0,0,0,0,0,0,0,0,4,0,40.0481,-75.1509, , 
 ,34283,2014059029,6,67,67301,2014,5,3,925,9,1,1,0,4,1, , ,N,0,0,7,3,0,2,4,3,N,N,40 02:17.227,75 06:33.808,930, ,926, ,0, ,N, ,0, , , , , ,413843, , , ,3,2,0,0,0,0,0,1,0,0,0,0,2,2,0,0,0,0,0,0,0,0,0,0,0,0,0,0,0,0,0,0,0,0,0,8,0,40.0381,-75.1094, , 
 ,34284,2014025546,6,67,67301,2014,1,2,1800,18,3,1,1,4,1, , ,N,3,3,0,3,0,0,2,2,N, ,40 04:13.793,75 09:18.678,1812, ,1812, ,0, , , ,3, , , , , ,413872, , , ,2,1,0,0,0,0,0,1,0,0,0,0,0,0,0,0,0,0,0,0,0,0,1,0,0,0,0,0,0,0,0,0,0,0,0,0,0,40.0705,-75.1552, , 