wz_ln_closure,objectid_1,crn,district,county,municipality,crash_year,crash_month,day_of_week,time_of_day,hour_of_day,illumination,weather,road_condition,collision_type,relation_to_road,work_zone_type,work_zone_loc,work_zone_ind,intersect_type,tcd_type,location_type,urban_rural,fatal_count,injury_count,person_count,total_units,sch_bus_ind,sch_zone_ind,latitude,longitude,arrival_tm,cons_zone_spd_lim,dispatch_tm,est_hrs_closed,lane_closed,ln_close_dir,ntfy_hiwy_maint,spec_juris_cd,tcd_func_cd,tfc_detour_ind,workers_pres,wz_close_detour,wz_flagger,wz_law_offcr_ind,objectid,wz_moving,wz_other,wz_shlder_mdn,vehicle_count,automobile_count,motorcycle_count,bus_count,small_truck_count,heavy_truck_count,suv_count,van_count,bicycle_count,maj_inj_count,mod_inj_count,min_inj_count,tot_inj_count,unk_inj_deg_count,unk_inj_per_count,driver_count_16yr,driver_count_17yr,driver_count_18yr,driver_count_19yr,driver_count_20yr,driver_count_50_64yr,driver_count_65_74yr,driver_count_75plus,unbelted_occ_count,unb_death_count,unb_maj_inj_count,belted_death_count,belted_maj_inj_count,mcycle_death_count,mcycle_maj_inj_count,bicycle_death_count,bicycle_maj_inj_count,ped_count,ped_death_count,ped_maj_inj_count,max_severity_level,comm_veh_count,dec_lat,dec_long,rdwy_surf_type_cd,county_name
 ,34285,2014043025,6,67,67301,2014,3,5,2357,23,3,1,0,1,1, , ,N,0,0,0,3,0,1,4,3,N,N,40 00:41.210,75 09:02.744,10, ,1, ,0, ,N, ,0, , , , , ,413892, , , ,3,2,0,0,0,0,1,0,0,0,0,0,1,1,0,0,0,0,0,0,0,0,0,3,0,0,0,0,0,0,0,0,0,0,0,8,0,40.0114,-75.1508, , 
 ,34286,2014025395,6,67,67301,2014,1,4,953,9,1,4,1,1,1, , ,N,1,2,0,3,0,0,4,3,N, ,40 00:29.232,75 04:21.619,959, ,957,1,1,3, , ,3,N, , , , ,396740, , , ,3,2,0,0,0,0,1,0,0,0,0,0,0,0,1,0,0,0,1,0,0,0,0,0,0,0,0,0,0,0,0,0,0,0,0,9,0,40.0081,-75.0725, , 
 ,34287,2014032413,6,67,67301,2014,2,4,1300,13,1,4,5,8,1, , ,N,0,0,0,3,0,1,2,2,N, ,39 58:52.688,75 10:24.279,1338, ,1330, ,0, , , ,0, , , , , ,396801, , , ,1,1,0,0,0,0,0,0,0,0,0,1,1,0,0,0,0,0,0,0,0,0,0,0,0,0,0,0,0,0,0,0,1,0,0,4,0,39.9813,-75.1734, , 
 ,34288,2014038330,6,67,67301,2014,4,7,2300,23,3,1,0,1,1, , ,N,0,0,2,3,0,2,5,2,N,N,39 58:35.365,75 11:49.542,2318, ,2301, ,0, ,N, ,0, , , , , ,396806, , , ,2,1,0,0,0,0,1,0,0,0,0,0,2,2,0,0,0,0,0,0,0,0,0,0,0,0,0,0,0,0,0,0,0,0,0,8,0,39.9765,-75.1971, , 
 ,34289,2014038988,6,67,67301,2014,2,2,1343,13,1,1,0,4,1, , ,N,1,2,0,3,0,0,4,4,N,N,39 57:26.761,75 13:45.491,1348, ,1345, ,0, ,N, ,3, , , , , ,396808, , , ,4,2,0,0,2,0,0,0,0,0,0,0,0,0,0,0,0,0,0,0,0,0,0,0,0,0,0,0,0,0,0,0,0,0,0,0,0,39.9574,-75.2293, , 
 ,34290,2014044628,6,67,67301,2014,3,1,1500,15,1,1,0,4,1, , ,N,1,3,0,3,0,1,2,2,N,N,39 58:27.868,75 07:03.916,1536, ,1534, ,0, ,N, ,3, , , , , ,396816, , , ,2,0,1,0,0,0,1,0,0,0,0,1,1,0,0,0,0,0,0,0,0,0,0,0,0,0,0,0,0,0,0,0,0,0,0,4,0,39.9744,-75.1178, , 
 ,34291,2014019127,6,67,67301,2014,1,3,751,7,1,2,1,7,4, , ,N,2,2,0,3,0,1,2,1,N,N,39 56:57.258,75 12:40.667,759, ,754, ,0, ,N, ,3, , , , , ,396833, , , ,1,0,0,0,0,0,1,0,0,0,0,1,1,0,0,0,0,0,0,0,0,0,0,0,0,0,0,0,0,0,0,0,0,0,0,4,0,39.9492,-75.2113, , 
 ,34292,2014029231,6,67,67301,2014,3,2,1345,13,1,1,0,4,1, , ,N,2,2,2,3,0,1,2,2,N,N,39 53:00.832,75 15:05.507,1410, ,1345,4,1,3,N, ,3,N, , , , ,396846, , , ,2,1,0,0,0,1,0,0,0,0,0,0,1,1,0,0,0,0,0,0,0,0,0,0,0,0,0,0,0,0,0,0,0,0,0,8,1,39.8836,-75.2515, , 
 ,34293,2014043030,6,67,67301,2014,3,7,1159,11,1,1,0,7,5, , ,N,0,0,0,3,0,1,1,1,N,N,40 05:05.384,75 13:13.861,1220, ,1206, ,0, ,N, ,0, , , , , ,396864, , , ,1,0,0,0,0,0,1,0,0,0,0,0,1,1,0,0,0,0,0,0,0,1,0,0,0,0,0,0,0,0,0,0,0,0,0,8,0,40.0848,-75.2205, , 
 ,34294,2014019927,6,67,67301,2014,2,6,1616,16,1,1,4,7,5, , ,N,0,0,0,3,0,0,1,1,N,N,40 05:00.218,75 12:25.876,1616, ,1616, ,0, ,N, ,0, , , , , ,396884, , , ,1,0,0,0,1,0,0,0,0,0,0,0,0,0,0,0,0,0,0,0,0,0,0,0,0,0,0,0,0,0,0,0,0,0,0,0,0,40.0834,-75.2072, , 
 ,34295,2014025557,6,67,67301,2014,2,7,1550,15,1,1,0,4,1, , ,N,1,3,0,3,0,1,2,2,N,N,40 01:24.790,75 05:11.608,1611, ,1605, ,0, , , ,3, , , , , ,396887, , , ,2,2,0,0,0,0,0,0,0,0,0,1,1,0,1,0,0,0,1,0,0,0,0,0,0,0,0,0,0,0,0,0,0,0,0,4,0,40.0236,-75.0866, , 
N,34296,2014005925,6,67,67301,2014,1,7,2340,23,3,1,1,5,1,1,4,Y,0,0,0,3,0,1,5,2,N,N,39 54:42.531,75 08:55.100,2351,50,2345,2,2,1,N, ,0,N,N,N,N,N,396921,N,Y,Y,2,2,0,0,0,0,0,0,0,0,0,1,1,0,0,0,0,0,0,0,0,0,0,0,0,0,0,0,0,0,0,0,0,0,0,4,0,39.9118,-75.1486, , 
 ,34297,2014013543,6,67,67301,2014,1,5,1857,18,4,4,3,1,1, , ,N,3,3,0,3,0,0,2,2,N,N,40 02:13.833,75 10:06.549,1930, ,1923, ,0, ,N, ,3, , , , , ,396929, , , ,2,2,0,0,0,0,0,0,0,0,0,0,0,0,0,0,0,0,0,0,1,0,0,0,0,0,0,0,0,0,0,0,0,0,0,0,0,40.0372,-75.1685, , 
 ,34298,2014025369,6,67,67301,2014,1,6,9999,99,3,1,1,4,1, , ,N,5,2,0,3,0,1,2,2,N,N,40 00:18.026,75 10:42.917,1831, ,1831, ,0, ,N, ,3, , , , , ,396942, , , ,2,1,0,0,0,0,1,0,0,0,0,1,1,0,0,0,0,0,0,0,1,0,0,0,0,0,0,0,0,0,0,0,0,0,0,4,0,40.005,-75.1786, , 
 ,34299,2014032432,6,67,67301,2014,2,2,819,8,1,1,0,4,1, , ,N,1,2,0,3,0,0,3,2,N,N,40 01:56.132,75 03:27.626,824, ,821, ,0, ,N, ,3, , , , , ,396950, , , ,2,0,0,0,0,0,1,1,0,0,0,0,0,0,0,0,0,0,0,0,0,0,0,0,0,0,0,0,0,0,0,0,0,0,0,0,0,40.0323,-75.0577, , 
 ,34300,2014048890,6,67,67301,2014,5,3,2147,21,3,1,0,8,1, , ,N,1,3,0,3,0,1,2,2,N,N,39 58:44.355,75 09:36.809,2150, ,2147, ,0, ,N, ,3, , , , , ,396957, , , ,1,0,0,0,0,0,1,0,0,0,0,0,1,1,0,0,0,0,0,0,0,0,1,0,0,0,0,0,0,0,0,0,1,0,0,8,0,39.979,-75.1602, , 
 ,34301,2014016949,6,67,67301,2014,1,7,805,8,1,2,1,4,1, , ,N,1,2,0,3,0,0,4,4,N, ,40 03:15.541,75 04:17.098,810, ,807, ,0, , , ,3, , , , , ,396981, , , ,4,3,0,0,1,0,0,0,0,0,0,0,0,0,1,0,0,0,0,0,2,0,0,0,0,0,0,0,0,0,0,0,0,0,0,9,0,40.0543,-75.0716, , 
 ,34302,2014026985,6,67,67301,2014,2,2,1427,14,1,1,0,7,2, , ,N,0,0,0,3,0,1,2,2,N,N,39 59:56.699,75 11:43.933,1435, ,1430,1,1,3,N, ,0,N, , , , ,396993, , , ,2,2,0,0,0,0,0,0,0,0,0,1,1,0,0,0,0,0,0,0,0,0,0,1,0,0,0,0,0,0,0,0,0,0,0,4,0,39.9991,-75.1955, , 
 ,34303,2014032352,6,67,67301,2014,2,3,1509,15,1,1,1,4,1, , ,N,1,2,0,3,0,0,3,2,N,N,39 56:43.472,75 10:47.006,1528, ,1525, ,0, ,N, ,3, , , , , ,396997, , , ,2,1,0,0,0,0,1,0,0,0,0,0,0,0,0,0,0,0,0,0,1,0,0,0,0,0,0,0,0,0,0,0,0,0,0,0,0,39.9454,-75.1797, , 
 ,34304,2014059084,6,67,67301,2014,5,6,1917,19,1,1,0,7,4, , ,N,2,2,0,3,0,1,1,1,N,N,39 56:25.699,75 11:14.495,1917, ,1915,3,1,4,N, ,3,Y, , , , ,401308, , , ,1,0,0,0,0,0,1,0,0,1,0,0,1,0,0,0,0,0,0,0,0,0,0,0,0,0,0,0,0,0,0,0,0,0,0,2,0,39.9405,-75.1874, , 
 ,34305,2014008297,6,67,67301,2014,1,3,515,5,3,2,1,1,1, , ,N,0,0,0,3,0,0,3,3,N,N,39 54:18.486,75 09:00.493,529, ,521, ,0, ,N, ,0, , , , , ,401312, , , ,3,2,0,0,0,0,1,0,0,0,0,0,0,0,0,0,0,0,0,0,0,0,0,0,0,0,0,0,0,0,0,0,0,0,0,0,0,39.9051,-75.1501, , 
 ,34306,2014065546,6,67,67301,2014,5,7,2153,21,3,1,0,4,1, , ,N,1,3,0,3,0,1,3,2,N,N,40 02:01.856,75 03:13.420,2240, ,2204, ,0, ,N, ,3, , , , , ,401323, , , ,2,1,0,0,0,0,1,0,0,0,0,1,1,0,0,0,0,0,0,0,0,0,0,0,0,0,0,0,0,0,0,0,0,0,0,4,0,40.0338,-75.0537, , 
 ,34307,2014081867,6,67,67301,2014,8,4,923,9,1,1,0,7,4, , ,N,0,0,0,3,0,0,1,1,N,N,39 52:35.985,75 15:23.554,938, ,929, ,0, ,Y, ,0, , , , , ,401341, , , ,1,1,0,0,0,0,0,0,0,0,0,0,0,0,0,0,0,0,0,0,0,0,0,0,0,0,0,0,0,0,0,0,0,0,0,0,0,39.8767,-75.2565, , 
 ,34308,2014087821,6,67,67301,2014,8,3,1003,10,1,1,0,4,1, , ,N,1,2,0,3,0,0,2,2,N,N,40 02:11.789,75 03:52.061,1005, ,1004,2,1,2,N, ,3,N, , , , ,401346, , , ,2,0,0,0,1,0,1,0,0,0,0,0,0,0,0,0,0,0,0,0,2,0,0,0,0,0,0,0,0,0,0,0,0,0,0,0,0,40.0366,-75.0645, , 
 ,34309,2014087970,6,67,67301,2014,6,2,2215,22,6,1,0,4,1, , ,N,1,2,0,3,0,1,2,2,N,N,40 00:11.163,75 07:41.800,2245, ,2245, ,0, ,N, ,3, , , , , ,401347, , , ,1,1,0,0,0,0,0,0,1,0,0,1,1,0,0,0,0,0,0,0,0,0,0,0,0,0,0,0,0,0,0,0,0,0,0,4,0,40.0031,-75.1283, , 
 ,34310,2014088086,6,67,67301,2014,8,3,1225,12,1,2,1,4,1, , ,N,1,2,0,3,0,1,5,2,N,N,39 56:06.477,75 09:13.931,1230, ,1226, ,0, ,N, ,3, , , , , ,401348, , , ,2,1,0,0,0,1,0,0,0,0,0,1,1,0,0,0,0,0,0,0,1,0,0,0,0,0,0,0,0,0,0,0,0,0,0,4,1,39.9351,-75.1539, , 
 ,34311,2014088793,6,67,67301,2014,8,4,120,1,3,1,0,6,1, , ,N,0,0,0,3,0,1,2,4,N, ,39 56:28.016,75 08:42.401,124, ,124,1,2,3, , ,0,Y, , , , ,401349, , , ,4,2,2,0,0,0,0,0,0,0,1,0,1,0,0,0,0,0,0,0,0,0,0,0,0,0,0,0,0,0,0,0,0,0,0,3,0,39.9411,-75.1451, , 
 ,34312,2014088934,6,67,67301,2014,7,7,1538,15,1,1,0,4,1, , ,N,1,3,0,3,0,6,6,2,N,N,40 01:08.120,75 02:58.216,1608, ,1604, ,0, ,N, ,3, , , , , ,401350, , , ,2,1,0,0,0,0,0,1,0,0,0,6,6,0,0,0,0,0,0,1,0,0,0,0,0,0,0,0,0,0,0,0,0,0,0,4,0,40.0189,-75.0495, , 
 ,34313,2014065161,6,67,67301,2014,5,7,635,6,1,1,0,4,1, , ,N,0,0,0,3,0,0,2,2,N,N,39 57:39.683,75 10:56.179,640, ,635, ,0, ,N, ,0, , , , , ,401403, , , ,2,1,0,0,0,0,0,1,0,0,0,0,0,0,0,0,0,0,0,0,0,0,0,0,0,0,0,0,0,0,0,0,0,0,0,0,0,39.961,-75.1823, , 
 ,34314,2014016149,6,67,67301,2014,1,5,618,6,3,1,0,4,1, , ,N,1,2,0,3,0,0,2,2,N,N,40 05:22.893,75 03:25.406,626, ,620, ,0, , , ,3, , , , , ,401419, , , ,2,1,0,0,1,0,0,0,0,0,0,0,0,0,0,0,0,0,0,0,0,0,0,0,0,0,0,0,0,0,0,0,0,0,0,0,0,40.0896,-75.057, , 
 ,34315,2014016935,6,67,67301,2014,1,4,2342,23,3,1,0,8,1,1,8,Y,1,2,0,3,0,1,2,2,N,N,39 57:12.030,75 11:01.741,2342,30,2341, ,0, ,N, ,3, ,Y, , ,N,401421, , , ,1,1,0,0,0,0,0,0,0,0,0,1,1,0,0,0,0,0,0,0,0,0,0,0,0,0,0,0,0,0,0,0,1,0,0,4,0,39.9533,-75.1838, , 
 ,34316,2014025371,6,67,67301,2014,1,1,234,2,3,1,0,7,4, , ,N,0,0,0,3,0,0,1,2,N,N,40 01:01.460,75 08:18.241,246, ,235, ,0, , , ,0, , , , , ,401428, , , ,2,1,0,0,0,0,0,1,0,0,0,0,0,0,1,0,0,0,0,0,0,0,0,0,0,0,0,0,0,0,0,0,0,0,0,9,0,40.0171,-75.1384, , 
 ,34317,2014034133,6,67,67301,2014,2,4,1000,10,1,2,1,4,1, , ,N,1,3,0,3,0,1,3,2,N, ,39 58:26.756,75 13:39.889,1015, ,1011, ,0, ,N, ,3, , , , , ,401436, , , ,2,1,0,0,0,1,0,0,0,0,0,1,1,0,0,0,0,0,0,1,0,0,0,0,0,0,0,0,0,0,0,0,0,0,0,4,1,39.9741,-75.2277, , 
 ,34318,2014040141,6,67,67301,2014,4,6,1248,12,1,1,0,7,3, , ,N,0,0,0,3,0,0,2,1,N,N,39 55:51.125,75 11:55.974,1258, ,1251,2,1,4,N, ,0,N, , , , ,401444, , , ,1,0,0,0,0,0,1,0,0,0,0,0,0,0,2,0,0,0,0,0,1,0,0,0,0,0,0,0,0,0,0,0,0,0,0,9,0,39.9309,-75.1989, , 
 ,34319,2014042669,6,67,67301,2014,3,5,47,0,3,2,1,1,1, , ,N,1,2,0,3,0,2,2,2,N,N,39 55:05.910,75 12:31.905,48, ,48,9,1,1,N, ,3,Y, , , , ,401446, , , ,2,2,0,0,0,0,0,0,0,0,1,1,2,0,0,0,0,0,0,0,1,0,0,0,0,0,0,0,0,0,0,0,0,0,0,3,0,39.9182,-75.2088, , 
 ,34320,2014017126,6,67,67301,2014,1,5,2028,20,3,1,0,7,4, , ,N,0,0,8,3,0,0,1,1,N,N,39 57:22.163,75 08:30.374,2054, ,2029, ,0, ,N, ,0, , , , , ,401468, , , ,1,0,0,0,0,0,1,0,0,0,0,0,0,0,0,0,0,0,0,0,1,0,0,0,0,0,0,0,0,0,0,0,0,0,0,0,0,39.9562,-75.1418, , 
 ,34321,2014025510,6,67,67301,2014,2,2,1039,10,1,4,4,7,4, , ,N,0,0,0,3,0,0,1,1,N,N,39 54:42.051,75 11:33.799,1050, ,1041, ,0, ,N, ,0, , , , , ,401481, , , ,1,1,0,0,0,0,0,0,0,0,0,0,0,0,0,0,0,0,0,0,0,0,0,0,0,0,0,0,0,0,0,0,0,0,0,0,0,39.9117,-75.1927, , 
 ,34322,2014034251,6,67,67301,2014,2,5,9999,99,1,1,0,2,1, , ,N,0,0,7,3,0,1,2,2,N,N,39 59:49.823,75 09:13.991,1605, ,1557,9,1,1, , ,0,N, , , , ,410102, , , ,2,1,0,0,1,0,0,0,0,0,0,0,1,1,0,0,0,0,0,0,0,0,0,0,0,0,0,0,0,0,0,0,0,0,0,8,0,39.9972,-75.1539, , 
 ,34323,2014038934,6,67,67301,2014,3,7,1906,19,3,1,0,6,1, , ,N,0,0,0,3,0,2,2,2,N,N,40 00:46.129,75 10:08.750,1908, ,1906, ,0, ,N, ,0, , , , , ,410106, , , ,2,2,0,0,0,0,0,0,0,0,0,2,2,0,0,0,0,0,0,0,0,0,0,0,0,0,0,0,0,0,0,0,0,0,0,4,0,40.0128,-75.1691, , 
 ,34324,2014047617,6,67,67301,2014,5,5,1158,11,1,1,0,1,1, , ,N,0,0,3,3,0,1,6,4,N,N,39 58:43.934,75 06:33.911,1208, ,1159,1,1,1,N, ,0,N, , , , ,410112, , , ,4,4,0,0,0,0,0,0,0,0,1,0,1,0,1,0,0,0,0,0,1,0,0,0,0,0,0,0,0,0,0,0,0,0,0,3,0,39.9789,-75.1094, , 
 ,34325,2014016936,6,67,67301,2014,1,7,1347,13,1,1,3,7,4, , ,N,0,0,0,3,0,0,1,1,N,N,39 57:59.461,75 13:19.602,1359, ,1354, ,0, ,N, ,0, , , , , ,410145, , , ,1,0,0,0,1,0,0,0,0,0,0,0,0,0,0,0,0,0,0,0,0,0,0,0,0,0,0,0,0,0,0,0,0,0,0,0,0,39.9665,-75.2221, , 
 ,34326,2014034260,6,67,67301,2014,2,5,1400,14,1,1,0,1,1, , ,N,0,2,0,3,0,1,4,3,N,N,39 57:07.748,75 09:41.928,1405, ,1405, ,0, ,N, ,3, , , , , ,410163, , , ,3,1,0,0,0,0,1,0,0,0,1,0,1,0,0,0,0,0,0,0,0,0,0,0,0,0,0,0,0,0,0,0,0,0,0,3,0,39.9522,-75.1616, , 
 ,34327,2014038998,6,67,67301,2014,3,6,628,6,5,1,0,5,6, , ,N,0,0,0,3,0,1,1,10,N, ,39 55:24.940,75 13:42.037,631, ,629, ,0, , , ,0, , , , , ,410168, , , ,10,5,0,0,2,0,3,0,0,0,0,0,1,1,0,0,0,0,0,0,1,0,0,0,0,0,0,0,0,0,0,0,0,0,0,8,0,39.9236,-75.2283, , 
 ,34328,2014025607,6,67,67301,2014,2,6,1505,15,1,1,1,7,2, , ,N,6,0,2,3,0,1,1,1,N,N,39 55:24.467,75 11:32.292,1506, ,1506,1,1,4,N, ,0,N, , , , ,410201, , , ,1,1,0,0,0,0,0,0,0,0,1,0,1,0,0,0,0,0,0,0,1,0,0,1,0,0,0,0,0,0,0,0,0,0,0,3,0,39.9234,-75.1922, , 
 ,34329,2014032405,6,67,67301,2014,2,6,1542,15,1,1,0,8,1, , ,N,1,2,0,3,0,1,2,2,N,N,39 56:48.419,75 12:25.503,1542, ,1542, ,0, , , ,3, , , , , ,410205, , , ,1,1,0,0,0,0,0,0,0,0,0,1,1,0,0,0,0,0,0,0,0,0,0,0,0,0,0,0,0,0,0,0,1,0,0,4,0,39.9468,-75.2071, , 
 ,34330,2014051845,6,67,67301,2014,5,7,1503,15,1,1,0,1,1, , ,N,0,0,0,3,0,3,5,4,N,N,39 53:29.825,75 14:13.443,1527, ,1506, ,0, ,N, ,0, , , , , ,410220, , , ,4,4,0,0,0,0,0,0,0,0,0,3,3,0,0,0,0,0,0,0,1,0,0,0,0,0,0,0,0,0,0,0,0,0,0,4,0,39.8916,-75.2371, , 
 ,34331,2014025481,6,67,67301,2014,1,4,1808,18,6,8,1,4,1, , ,N,0,0,7,3,0,1,2,2,N,N,39 53:15.287,75 13:57.463,1820, ,1808, ,0, ,N, ,0, , , , , ,410247, , , ,2,1,0,0,1,0,0,0,0,0,0,1,1,0,0,0,0,0,0,0,0,0,0,2,0,0,0,0,0,0,0,0,0,0,0,4,0,39.8876,-75.2326, , 
 ,34332,2014038926,6,67,67301,2014,3,7,1240,12,1,1,0,6,1, , ,N,0,0,0,3,0,1,1,2,N, ,40 03:40.964,75 00:48.164,1405, ,1359, ,0, , , ,0, , , , , ,410265, , , ,2,2,0,0,0,0,0,0,0,0,0,0,1,1,0,0,0,0,0,0,0,0,0,0,0,0,0,0,0,0,0,0,0,0,0,8,0,40.0614,-75.0134, , 
 ,34333,2014039378,6,67,67301,2014,3,6,1302,13,1,1,0,4,1, , ,N,0,0,7,3,0,2,4,2,N, ,40 08:01.714,75 00:35.061,1310, ,1305, ,0, , , ,0, , , , , ,410266, , , ,2,0,0,0,1,0,0,1,0,0,0,2,2,0,0,0,0,0,0,0,0,0,0,0,0,0,0,0,0,0,0,0,0,0,0,4,0,40.1338,-75.0097, , 
 ,34334,2014029898,6,67,67301,2014,2,3,752,7,1,1,0,1,1, , ,N,0,0,0,3,0,0,7,3,N,N,40 06:05.323,75 01:36.884,754, ,753,1,2,3,N, ,0,N, , , , ,410291, , , ,3,2,0,0,0,0,1,0,0,0,0,0,0,0,0,0,0,0,0,0,1,0,0,0,0,0,0,0,0,0,0,0,0,0,0,0,0,40.1015,-75.0269, , 
 ,34335,2014034144,6,67,67301,2014,2,1,19,0,2,1,0,8,1, , ,N,1,2,0,3,0,1,2,2,N,N,39 59:59.072,75 08:18.639,1948, ,1944, ,0, ,N, ,3, , , , , ,410295, , , ,1,0,0,0,0,0,0,0,0,0,0,1,1,0,0,0,0,0,0,0,0,0,0,0,0,0,0,0,0,0,0,0,1,0,0,4,0,39.9997,-75.1385, , 
 ,34336,2014049778,6,67,67301,2014,4,2,1040,10,1,4,0,6,1, , ,N,1,2,0,3,0,1,4,2,N,N,40 01:27.922,75 08:48.832,1055, ,1050, ,0, ,N, ,3, , , , , ,410358, , , ,2,0,0,0,0,0,2,0,0,0,0,1,1,0,0,0,0,0,0,0,0,0,0,0,0,0,0,0,0,0,0,0,0,0,0,4,0,40.0244,-75.1469, , 
 ,34337,2014050255,6,67,67301,2014,4,6,958,9,1,1,0,7,4, , ,N,0,0,0,3,0,1,2,1,N,Y,40 06:26.395,75 01:36.026,1000, ,1000, ,0, , , ,0, , , , , ,410360, , , ,1,1,0,0,0,0,0,0,0,0,0,1,1,0,0,0,0,0,0,0,0,0,0,0,0,0,0,0,0,0,0,0,0,0,0,4,0,40.1073,-75.0267, , 
 ,34338,2014059266,6,67,67301,2014,5,5,1640,16,1,1,0,4,1, , ,N,1,3,0,3,0,2,2,2,N, ,39 59:25.216,75 13:13.303,1705, ,1701,3,1,3, , ,3,Y, , , , ,410365, , , ,2,1,0,0,0,0,1,0,0,0,0,2,2,0,0,0,0,0,0,0,0,0,1,0,0,0,0,0,0,0,0,0,0,0,0,4,0,39.9903,-75.2204, , 
 ,34339,2014038949,6,67,67301,2014,3,5,615,6,5,1,0,2,1, , ,N,0,0,0,3,0,0,2,2,N,N,40 02:22.558,75 01:38.594,630, ,620,1,2,6,N, ,0,N, , , , ,410400, , , ,2,1,0,0,0,0,0,1,0,0,0,0,0,0,0,0,0,0,0,0,0,0,0,0,0,0,0,0,0,0,0,0,0,0,0,0,0,40.0396,-75.0274, , 
 ,34340,2014049831,6,67,67301,2014,4,3,1220,12,1,2,2,7,4, , ,N,1,2,0,3,0,1,1,1,N,N,39 57:44.547,75 09:41.289,1225, ,1222, ,0, , , ,3, , , , , ,410409, , , ,1,1,0,0,0,0,0,0,0,0,0,1,1,0,0,0,0,0,0,0,0,0,0,0,0,0,0,0,0,0,0,0,0,0,0,4,0,39.9621,-75.1614, , 
 ,34341,2014016161,6,67,67301,2014,1,1,1800,18,3,2,1,1,1, , ,N,1,2,0,3,0,3,5,2,N, ,40 02:27.780,75 07:46.232,1325, ,1320, ,0, ,N, ,3, , , , , ,406389, , , ,2,0,0,0,1,0,1,0,0,0,0,2,3,1,0,0,0,0,0,0,1,0,0,0,0,0,0,0,0,0,0,0,0,0,0,4,0,40.0411,-75.1295, , 
 ,34342,2014067939,6,67,67301,2014,5,5,1600,16,1,1,0,4,1, , ,N,1,2,0,3,0,1,3,2,Y,N,40 03:45.914,75 03:27.576,1620, ,1610, ,0, ,N, ,3, , , , , ,406423, , , ,2,0,0,1,0,0,1,0,0,0,0,1,1,0,0,0,0,0,0,0,1,0,0,0,0,0,0,0,0,0,0,0,0,0,0,4,1,40.0628,-75.0577, , 
 ,34343,2014032458,6,67,67301,2014,2,1,600,6,3,1,1,1,1, , ,N,0,2,0,3,0,2,3,3,N,N,40 01:38.993,75 08:49.745,1900, ,1900, ,0, ,N, ,3, , , , , ,406452, , , ,3,2,0,0,0,0,1,0,0,0,0,2,2,0,0,0,0,0,0,0,2,0,0,0,0,0,0,0,0,0,0,0,0,0,0,4,0,40.0275,-75.1472, , 
 ,34344,2014042734,6,67,67301,2014,3,5,1148,11,1,1,0,4,1, , ,N,1,3,0,3,0,2,3,2,N, ,39 55:55.642,75 10:16.759,1205, ,1150, ,0, , , ,3, , , , , ,406462, , , ,2,0,0,0,1,0,0,1,0,0,2,0,2,0,0,0,0,0,0,0,1,1,0,0,0,0,0,0,0,0,0,0,0,0,0,3,0,39.9321,-75.1713, , 
 ,34345,2014044625,6,67,67301,2014,3,5,1843,18,1,1,0,0,1, , ,N,2,3,0,3,0,1,1,1,N,N,40 01:40.018,75 06:56.714,1848, ,1845, ,0, ,N, ,3, , , , , ,406464, , , ,1,0,1,0,0,0,0,0,0,0,0,1,1,0,0,0,0,0,0,0,0,0,0,0,0,0,0,0,0,0,0,0,0,0,0,4,0,40.0278,-75.1158, , 
 ,34346,2014049628,6,67,67301,2014,4,6,1927,19,1,2,1,4,1, , ,N,1,2,0,3,0,1,2,2,N,N,40 00:20.692,75 05:56.577,2126, ,2121,9,1,4,N, ,3,N, , , , ,406469, , , ,2,1,0,0,0,0,0,1,0,0,0,1,1,0,0,0,0,0,0,0,1,0,0,0,0,0,0,0,0,0,0,0,0,0,0,4,0,40.0057,-75.099, , 
 ,34347,2014049860,6,67,67301,2014,4,6,1650,16,1,1,0,4,1, , ,N,2,2,0,3,0,1,6,2,N,N,40 06:05.005,75 00:21.493,1654, ,1652,2,1,1,N, ,3,N, , , , ,406470, , , ,2,0,0,0,0,0,1,1,0,0,1,0,1,0,0,0,0,0,0,0,1,0,0,0,0,0,0,0,0,0,0,0,0,0,0,3,0,40.1014,-75.006, , 
 ,34348,2014019113,6,67,67301,2014,1,7,137,1,3,2,1,4,1, , ,N,2,3,0,3,0,1,7,2,N,N,40 00:59.443,75 05:28.193,147, ,142, ,0, ,N, ,3, , , , , ,406485, , , ,2,1,0,0,0,0,1,0,0,0,1,0,1,0,0,0,0,0,0,1,0,0,0,0,0,0,0,0,0,0,0,0,0,0,0,3,0,40.0165,-75.0912, , 
 ,34349,2014025555,6,67,67301,2014,1,3,718,7,1,1,0,0,1, , ,N,6,0,2,3,0,1,2,2,N, ,40 00:36.841,75 12:26.097,735, ,720, ,0, , , ,0, , , , , ,406491, , , ,2,1,0,0,0,0,1,0,0,0,0,0,1,1,0,0,0,0,0,0,0,0,0,0,0,0,0,0,0,0,0,0,0,0,0,8,0,39.9577,-75.1803, , 
 ,34350,2014025887,6,67,67301,2014,1,5,217,2,3,1,0,5,1, , ,N,0,0,0,3,0,0,2,2,N,N,39 57:12.347,75 11:04.279,225, ,218, ,0, ,N, ,0, , , , , ,406492, , , ,2,2,0,0,0,0,0,0,0,0,0,0,0,0,0,0,0,0,0,0,1,0,0,0,0,0,0,0,0,0,0,0,0,0,0,0,0,39.9534,-75.1845, , 