wz_ln_closure,objectid_1,crn,district,county,municipality,crash_year,crash_month,day_of_week,time_of_day,hour_of_day,illumination,weather,road_condition,collision_type,relation_to_road,work_zone_type,work_zone_loc,work_zone_ind,intersect_type,tcd_type,location_type,urban_rural,fatal_count,injury_count,person_count,total_units,sch_bus_ind,sch_zone_ind,latitude,longitude,arrival_tm,cons_zone_spd_lim,dispatch_tm,est_hrs_closed,lane_closed,ln_close_dir,ntfy_hiwy_maint,spec_juris_cd,tcd_func_cd,tfc_detour_ind,workers_pres,wz_close_detour,wz_flagger,wz_law_offcr_ind,objectid,wz_moving,wz_other,wz_shlder_mdn,vehicle_count,automobile_count,motorcycle_count,bus_count,small_truck_count,heavy_truck_count,suv_count,van_count,bicycle_count,maj_inj_count,mod_inj_count,min_inj_count,tot_inj_count,unk_inj_deg_count,unk_inj_per_count,driver_count_16yr,driver_count_17yr,driver_count_18yr,driver_count_19yr,driver_count_20yr,driver_count_50_64yr,driver_count_65_74yr,driver_count_75plus,unbelted_occ_count,unb_death_count,unb_maj_inj_count,belted_death_count,belted_maj_inj_count,mcycle_death_count,mcycle_maj_inj_count,bicycle_death_count,bicycle_maj_inj_count,ped_count,ped_death_count,ped_maj_inj_count,max_severity_level,comm_veh_count,dec_lat,dec_long,rdwy_surf_type_cd,county_name
 ,34351,2014032496,6,67,67301,2014,2,4,1608,16,1,1,1,6,6, , ,N,0,0,0,3,0,1,1,2,N, ,39 59:02.802,75 10:29.864,1635, ,1623, ,0, , , ,0, , , , , ,406498, , , ,2,1,0,0,0,0,0,1,0,0,0,0,1,1,0,0,0,0,0,0,0,0,0,0,0,0,0,0,0,0,0,0,0,0,0,8,0,39.9841,-75.175, , 
 ,34352,2014032925,6,67,67301,2014,3,2,519,5,1,1,3,7,3, , ,N,0,0,0,3,0,0,3,3,N,N,39 56:11.403,75 11:58.078,549, ,521,3,1,3,N, ,0,N, , , , ,406500, , , ,3,1,0,0,1,0,1,0,0,0,0,0,0,0,0,0,0,0,0,0,0,1,1,0,0,0,0,0,0,0,0,0,0,0,0,0,0,39.9349,-75.1999, , 
 ,34353,2014043113,6,67,67301,2014,3,5,1800,18,1,1,0,4,1, , ,N,1,2,0,3,0,1,2,2,N,N,40 00:38.808,75 07:35.921,9999, ,1815, ,0, ,N, ,3, , , , , ,406506, , , ,2,2,0,0,0,0,0,0,0,0,1,0,1,0,1,0,0,0,0,0,0,0,0,0,0,0,0,0,0,0,0,0,0,0,0,3,0,40.0108,-75.1266, , 
 ,34354,2014049567,6,67,67301,2014,4,5,1829,18,1,1,0,5,1, , ,N,0,0,0,3,0,1,2,2,N,N,39 56:44.261,75 10:23.439,1835, ,1832,1,1,4,N, ,0,N, , , , ,406518, , , ,2,1,0,1,0,0,0,0,0,0,0,0,1,1,0,0,0,0,0,0,0,0,0,0,0,0,0,0,0,0,0,0,0,0,0,8,1,39.9456,-75.1732, , 
 ,34355,2014049603,6,67,67301,2014,4,7,1815,18,1,1,0,4,1, , ,N,2,3,0,3,0,1,2,3,N,N,40 03:58.795,75 09:49.766,1851, ,1850, ,0, , , ,3, , , , , ,406519, , , ,3,2,1,0,0,0,0,0,0,0,0,1,1,0,1,0,0,0,0,0,0,0,0,0,0,0,0,0,0,0,0,0,0,0,0,4,0,40.0663,-75.1638, , 
 ,34356,2014025336,6,67,67301,2014,1,5,1315,13,1,1,0,4,1, , ,N,1,2,0,3,0,0,2,2,N,N,40 04:51.806,75 01:43.881,1320, ,1315,1,1,1,N, ,3,N, , , , ,406543, , , ,2,1,0,0,0,0,1,0,0,0,0,0,0,0,0,0,0,0,0,1,0,0,0,0,0,0,0,0,0,0,0,0,0,0,0,0,0,40.0809,-75.0288, , 
 ,34357,2014042682,6,67,67301,2014,3,6,1108,11,1,2,1,1,1, , ,N,0,0,0,3,0,0,2,2,N,N,40 05:41.481,75 01:43.042,1126, ,1108, ,0, ,N, ,0, , , , , ,406561, , , ,2,2,0,0,0,0,0,0,0,0,0,0,0,0,0,0,0,0,0,0,0,0,0,0,0,0,0,0,0,0,0,0,0,0,0,0,0,40.0949,-75.0286, , 
 ,34358,2014049484,6,67,67301,2014,4,5,9999,99,3,1,0,5,5, , ,N,0,0,0,3,0,1,1,2,N,N,40 02:10.844,75 02:24.666,311, ,311, ,0, ,N, ,0, , , , , ,406564, , , ,2,1,0,0,0,1,0,0,0,0,0,1,1,0,0,0,0,0,0,0,0,0,0,0,0,0,0,0,0,0,0,0,0,0,0,4,1,40.0363,-75.0402, , 
 ,34359,2014043112,6,67,67301,2014,3,4,1630,16,1,2,1,4,1, , ,N,1,3,0,3,0,1,2,2,N,N,40 03:27.475,75 09:09.151,1701, ,1639, ,0, ,N, ,3, , , , , ,397008, , , ,2,1,0,0,0,0,1,0,0,0,0,1,1,0,0,0,0,0,0,0,0,0,0,0,0,0,0,0,0,0,0,0,0,0,0,4,0,40.0576,-75.1525, , 
 ,34360,2014032459,6,67,67301,2014,2,1,2316,23,3,1,0,4,1, , ,N,1,2,0,3,0,2,3,2,N,N,40 03:42.317,75 03:21.839,2355, ,2347, ,0, , , ,3, , , , , ,397037, , , ,2,0,0,0,0,0,2,0,0,0,0,2,2,0,0,0,0,0,0,0,0,0,0,1,0,0,0,0,0,0,0,0,0,0,0,4,0,40.0618,-75.0561, , 
 ,34361,2014025886,6,67,67301,2014,1,5,1330,13,1,1,0,4,1, , ,N,1,2,0,3,0,1,5,2,N, ,39 55:36.102,75 11:15.812,1356, ,1346,1,1,1, , ,3,N, , , , ,397075, , , ,2,1,0,1,0,0,0,0,0,0,0,0,1,1,0,0,0,0,0,0,0,0,1,0,0,0,0,0,0,0,0,0,0,0,0,8,1,39.9267,-75.1879, , 
 ,34362,2014059272,6,67,67301,2014,5,6,1315,13,1,2,1,1,1, , ,N,0,2,0,3,0,3,6,5,N,N,40 00:56.856,75 08:58.951,1335, ,1325,9,1,1,N, ,3,N, , , , ,397098, , , ,5,3,0,0,0,0,2,0,0,0,3,0,3,0,0,0,0,0,0,1,0,0,0,0,0,0,0,0,0,0,0,0,0,0,0,3,0,40.0158,-75.1497, , 
 ,34363,2014032467,6,67,67301,2014,2,5,1515,15,1,1,6,7,4, , ,N,2,0,0,3,0,1,1,1,N,N,40 06:09.097,75 03:01.486,1520, ,1516, ,0, ,N, ,0, , , , , ,397136, , , ,1,1,0,0,0,0,0,0,0,0,0,1,1,0,0,0,0,0,0,0,0,0,1,0,0,0,0,0,0,0,0,0,0,0,0,4,0,40.1026,-75.0504, , 
 ,34364,2014039336,6,67,67301,2014,2,5,1515,15,1,1,0,8,1, , ,N,0,0,0,3,0,1,2,2,N,N,39 57:56.343,75 14:39.562,1610, ,1608, ,0, ,N, ,0, , , , , ,397141, , , ,1,1,0,0,0,0,0,0,0,0,0,1,1,0,0,0,0,0,0,0,1,0,0,0,0,0,0,0,0,0,0,0,1,0,0,4,0,39.9657,-75.2443, , 
 ,34365,2014054645,6,67,67301,2014,5,1,1253,12,1,1,0,1,1, , ,N,1,2,0,3,0,3,4,2,N,N,40 03:05.569,75 09:00.387,1303, ,1303, ,0, ,N, ,3, , , , , ,397155, , , ,2,2,0,0,0,0,0,0,0,0,0,0,3,3,1,0,0,0,0,1,0,0,0,0,0,0,0,0,0,0,0,0,0,0,0,8,0,40.0515,-75.1501, , 
 ,34366,2014056674,6,67,67301,2014,4,2,620,6,1,1,0,4,1, , ,N,1,2,0,3,0,1,2,2,N, ,40 00:31.603,75 08:18.898,935, ,901, ,0, , , ,3, , , , , ,397156, , , ,2,1,0,0,0,0,1,0,0,0,0,0,1,1,1,0,0,0,0,0,0,0,0,0,0,0,0,0,0,0,0,0,0,0,0,8,0,40.0088,-75.1386, , 
 ,34367,2014013119,6,67,67301,2014,1,5,2028,20,3,4,3,4,1, , ,N,3,2,0,3,0,1,7,2,N,N,40 00:05.039,75 04:53.662,2044, ,2039, ,0, ,N, ,3, , , , , ,397168, , , ,2,1,0,0,0,0,1,0,0,0,0,0,1,1,0,0,0,0,0,0,0,0,0,0,0,0,0,0,0,0,0,0,0,0,0,8,0,40.0014,-75.0816, , 
 ,34368,2014029881,6,67,67301,2014,2,7,1610,16,1,1,0,1,1, , ,N,0,0,0,3,0,1,3,3,N,N,40 01:15.858,75 02:21.641,1622, ,1610, ,0, ,N, ,0, , , , , ,397185, , , ,3,2,0,0,0,0,1,0,0,0,0,1,1,0,0,0,0,0,0,0,1,0,0,0,0,0,0,0,0,0,0,0,0,0,0,4,0,40.0211,-75.0393, , 
 ,34369,2014032389,6,67,67301,2014,1,5,2052,20,3,1,0,4,1, , ,N,2,3,0,3,0,0,2,2,N,N,40 02:25.843,75 01:04.205,2110, ,2059,1,1,1,N, ,3,N, , , , ,397188, , , ,2,2,0,0,0,0,0,0,0,0,0,0,0,0,0,0,0,1,0,0,0,0,0,0,0,0,0,0,0,0,0,0,0,0,0,0,0,40.0405,-75.0178, , 
 ,34370,2014022842,6,67,67301,2014,1,6,1330,13,1,1,0,5,6, , ,N,0,0,0,3,0,1,2,5,Y,N,40 01:34.236,75 08:09.488,1341, ,1341,3,2,6,N, ,0,Y, , , , ,397227, , , ,5,0,0,1,3,0,0,1,0,0,0,0,1,1,0,0,0,0,0,0,0,0,0,0,0,0,0,0,0,0,0,0,0,0,0,8,1,40.0262,-75.136, , 
 ,34371,2014034138,6,67,67301,2014,3,1,510,5,3,1,0,5,6, , ,N,0,0,0,3,0,0,1,2,N,N,40 01:49.223,75 02:05.108,515, ,513, ,0, ,N, ,0, , , , , ,397240, , , ,2,2,0,0,0,0,0,0,0,0,0,0,0,0,0,0,0,0,0,0,0,0,0,0,0,0,0,0,0,0,0,0,0,0,0,0,0,40.0303,-75.0348, , 
 ,34372,2014016940,6,67,67301,2014,1,6,1840,18,3,6,1,1,1, , ,N,1,2,0,3,0,0,2,2,N,N,40 03:17.072,75 00:17.300,1905, ,1858, ,0, ,N, ,3, , , , , ,397266, , , ,2,1,0,0,0,0,0,1,0,0,0,0,0,0,0,0,0,0,0,0,0,0,0,0,0,0,0,0,0,0,0,0,0,0,0,0,0,40.0547,-75.0048, , 
 ,34373,2014059063,6,67,67301,2014,5,3,1950,19,1,1,0,4,1, , ,N,1,3,0,3,0,4,5,3,N,N,40 00:31.784,75 05:58.912,1957, ,1953,3,2,6, , ,3,Y, , , , ,397299, , , ,3,3,0,0,0,0,0,0,0,0,0,4,4,0,0,0,0,0,0,1,0,0,0,0,0,0,0,0,0,0,0,0,0,0,0,4,0,40.0088,-75.0997, , 
 ,34374,2014034194,6,67,67301,2014,2,1,1240,12,1,1,0,1,1, , ,N,0,0,0,3,0,0,3,2,N, ,39 58:44.078,75 09:27.907,1319, ,1300,2,1,1, , ,0,Y, , , , ,397333, , , ,2,0,0,0,0,0,1,1,0,0,0,0,0,0,0,0,0,0,0,0,0,0,0,0,0,0,0,0,0,0,0,0,0,0,0,0,0,39.9789,-75.1578, , 
 ,34375,2014059294,6,67,67301,2014,5,5,1324,13,1,1,0,4,1, , ,N,1,2,0,3,0,2,3,2,N, ,39 56:33.590,75 14:11.173,1329, ,1324, ,0, , , ,3, , , , , ,397377, , , ,2,2,0,0,0,0,0,0,0,0,0,2,2,0,1,0,0,0,1,1,0,0,0,0,0,0,0,0,0,0,0,0,0,0,0,4,0,39.9427,-75.2364, , 
 ,34376,2014068026,6,67,67301,2014,5,7,2318,23,3,1,0,4,1, , ,N,1,2,0,3,0,2,3,2,N, ,40 02:40.636,75 03:16.819,2331, ,2318, ,0, , , ,3, , , , , ,397382, , , ,2,1,0,0,0,0,1,0,0,0,0,1,2,1,0,0,0,0,0,0,0,0,0,0,0,0,0,0,0,0,0,0,0,0,0,4,0,40.0446,-75.0547, , 
 ,34377,2014031568,6,67,67301,2014,3,3,1453,14,1,1,0,1,1, , ,N,0,0,0,3,0,1,2,2,N,N,39 58:38.901,75 06:45.409,1526, ,1506,1,1,2,N, ,0,Y, , , , ,401484, , , ,2,0,0,0,0,0,2,0,0,0,0,0,1,1,0,0,0,0,0,0,1,0,0,0,0,0,0,0,0,0,0,0,0,0,0,8,0,39.9775,-75.1126, , 
 ,34378,2014039434,6,67,67301,2014,4,5,1819,18,4,1,0,1,1, , ,N,0,0,0,3,0,0,2,2,N,N,39 59:09.215,75 05:35.177,1826, ,1823,1,1,2,N, ,0,N, , , , ,401492, , , ,2,1,0,0,0,0,1,0,0,0,0,0,0,0,0,0,0,0,0,0,0,0,0,0,0,0,0,0,0,0,0,0,0,0,0,0,0,39.9859,-75.0931, , 
 ,34379,2014042644,6,67,67301,2014,3,6,410,4,3,1,0,7,3, , ,N,0,0,0,3,0,1,1,1,N,N,40 05:08.554,75 01:25.705,420, ,415, ,0, ,Y, ,0, , , , , ,401496, , , ,1,1,0,0,0,0,0,0,0,0,1,0,1,0,0,0,0,0,1,0,0,0,0,0,0,0,0,0,0,0,0,0,0,0,0,3,0,40.0857,-75.0238, , 
 ,34380,2014053426,6,67,67301,2014,5,6,1630,16,1,1,0,1,1, , ,N,0,0,0,3,0,1,2,2,N,N,39 58:46.288,75 12:15.621,1635, ,1630, ,0, ,N, ,0, , , , , ,401502, , , ,2,1,0,0,1,0,0,0,0,0,0,0,1,1,0,0,0,0,0,0,1,0,0,0,0,0,0,0,0,0,0,0,0,0,0,8,0,39.9795,-75.2043, , 
 ,34381,2014010502,6,67,67301,2014,1,5,1242,12,1,1,0,7,3, , ,N,0,0,0,3,0,1,1,1,N,N,39 55:27.900,75 08:49.685,1242, ,1242,2,1,2,N, ,0,N, , , , ,401513, , , ,1,1,0,0,0,0,0,0,0,0,0,1,1,0,0,0,0,0,1,0,0,0,0,0,0,0,0,0,0,0,0,0,0,0,0,4,0,39.9244,-75.1471, , 
 ,34382,2014025374,6,67,67301,2014,1,3,1755,17,3,1,1,1,1, , ,N,0,0,0,3,0,2,3,2,N,N,40 06:20.577,75 02:02.673,1805, ,1757,1,1,3,N, ,0,N, , , , ,401527, , , ,2,1,0,0,0,0,0,1,0,0,0,0,2,2,0,0,0,0,0,0,1,0,0,0,0,0,0,0,0,0,0,0,0,0,0,8,0,40.1057,-75.0341, , 
 ,34383,2014025494,6,67,67301,2014,1,4,803,8,1,5,1,4,1, , ,N,2,0,0,3,0,0,3,2,N,N,39 53:25.139,75 14:42.137,815, ,811,9,1,3,N, ,0,N, , , , ,401528, , , ,2,1,0,0,1,0,0,0,0,0,0,0,0,0,0,0,0,0,0,0,1,0,0,0,0,0,0,0,0,0,0,0,0,0,0,0,0,39.8903,-75.245, , 
 ,34384,2014039350,6,67,67301,2014,3,7,9999,99,1,1,0,5,6, , ,N,0,0,0,3,0,1,3,2,N,N,39 57:38.852,75 08:32.867,9999, ,9999, ,0, ,N, ,0, , , , , ,401542, , , ,1,0,0,0,0,0,1,0,1,0,0,1,1,0,0,0,0,0,0,0,0,0,0,0,0,0,0,0,0,0,0,0,0,0,0,4,0,39.9608,-75.1425, , 
 ,34385,2014049886,6,67,67301,2014,4,4,713,7,1,1,0,4,1, , ,N,1,2,0,3,0,0,2,2,N, ,39 59:39.677,75 09:28.125,738, ,734,1,1,3, , ,3,N, , , , ,401634, , , ,2,1,0,0,0,0,1,0,0,0,0,0,0,0,1,0,0,0,0,0,0,0,0,0,0,0,0,0,0,0,0,0,0,0,0,9,0,39.9943,-75.1577, , 
 ,34386,2014065578,6,67,67301,2014,5,2,1715,17,1,1,0,5,1, , ,N,0,0,0,3,0,0,1,2,N, ,39 57:44.485,75 08:59.276,1800, ,1740, ,0, , , ,0, , , , , ,401646, , , ,2,1,0,0,1,0,0,0,0,0,0,0,0,0,1,0,0,0,0,0,0,0,0,0,0,0,0,0,0,0,0,0,0,0,0,9,0,39.9624,-75.1498, , 
 ,34387,2014034907,6,67,67301,2014,3,5,1612,16,1,1,0,1,1, , ,N,0,0,0,3,0,1,2,2,N,N,39 59:40.848,75 05:01.514,1617, ,1617, ,0, ,N, ,0, , , , , ,401662, , , ,2,2,0,0,0,0,0,0,0,0,0,1,1,0,0,0,0,0,0,1,1,0,0,0,0,0,0,0,0,0,0,0,0,0,0,4,0,39.9947,-75.0838, , 
 ,34388,2014051840,6,67,67301,2014,5,3,1028,10,1,1,0,1,2, , ,N,0,0,0,3,0,2,3,2,N,N,40 00:05.909,75 11:40.475,1039, ,1034,2,2,4,N, ,0,N, , , , ,401736, , , ,2,1,0,0,1,0,0,0,0,0,1,1,2,0,0,0,0,0,0,0,1,0,0,0,0,0,0,0,0,0,0,0,0,0,0,3,0,40.0016,-75.1946, , 
 ,34389,2014033959,6,67,67301,2014,3,7,2329,23,3,1,0,7,2, , ,N,7,0,0,3,0,0,1,1,N,N,39 54:26.891,75 08:58.831,2337, ,2330,1,1,1,N, ,0,N, , , , ,401766, , , ,1,1,0,0,0,0,0,0,0,0,0,0,0,0,0,0,0,0,0,0,0,0,0,0,0,0,0,0,0,0,0,0,0,0,0,0,0,39.9087,-75.1494, , 
 ,34390,2014050251,6,67,67301,2014,4,6,1505,15,1,1,0,0,1, , ,N,0,0,0,3,0,0,4,2,N,N,39 57:23.995,75 08:32.224,1522, ,1515,3,2,2,N, ,0,N, , , , ,401778, , , ,2,2,0,0,0,0,0,0,0,0,0,0,0,0,0,0,0,0,0,0,0,0,0,0,0,0,0,0,0,0,0,0,0,0,0,0,0,39.9567,-75.1423, , 
 ,34391,2014054576,6,67,67301,2014,3,6,2125,21,3,1,0,5,6, , ,N,0,0,0,3,0,0,1,4,N,N,39 57:06.752,75 11:04.359,2130, ,2129,1,2,4,N, ,0,N, , , , ,401781, , , ,4,2,0,0,0,0,2,0,0,0,0,0,0,0,0,0,0,0,0,0,0,0,0,1,0,0,0,0,0,0,0,0,0,0,0,0,0,39.9519,-75.1845, , 
 ,34392,2014058987,6,67,67301,2014,5,5,9999,99,1,1,0,1,1, , ,N,0,2,0,3,0,1,5,3,N,N,40 03:06.677,75 03:23.088,9999, ,9999, ,0, ,N, ,3, , , , , ,401786, , , ,3,2,0,0,0,0,1,0,0,0,0,0,1,1,2,0,0,0,0,0,2,0,0,0,0,0,0,0,0,0,0,0,0,0,0,8,0,40.0518,-75.0564, , 
 ,34393,2014001673,6,67,67301,2014,1,7,2320,23,3,1,6,7,3, , ,N,0,0,0,3,0,1,1,1,N,N,40 04:34.602,75 01:57.802,2327, ,2321,2,2,1,N, ,0,Y, , , , ,401792, , , ,1,1,0,0,0,0,0,0,0,0,0,0,1,1,0,0,0,0,0,0,0,0,0,1,0,0,0,0,0,0,0,0,0,0,0,8,0,40.0763,-75.0327, , 
 ,34394,2014026986,6,67,67301,2014,2,2,1129,11,1,1,0,1,1, , ,N,6,0,2,3,0,1,2,2,N,N,39 56:44.167,75 11:25.033,1129, ,1129, ,0, ,N, ,0, , , , , ,401821, , , ,2,2,0,0,0,0,0,0,0,0,0,1,1,0,0,0,0,0,0,0,0,0,0,0,0,0,0,0,0,0,0,0,0,0,0,4,0,39.9456,-75.1903, , 
 ,34395,2014016153,6,67,67301,2014,1,6,900,9,5,3,5,1,1, , ,N,0,0,0,3,0,0,2,3,N,N,40 06:25.109,75 02:17.116,900, ,900,3,2,3,Y, ,0,Y, , , , ,401900, , , ,3,2,0,0,0,0,1,0,0,0,0,0,0,0,0,0,0,0,0,0,0,0,0,0,0,0,0,0,0,0,0,0,0,0,0,0,0,40.107,-75.0381, , 
 ,34396,2014049890,6,67,67301,2014,4,5,45,0,3,9,0,5,6, , ,N,0,0,0,3,0,1,2,4,N,N,40 02:24.328,75 10:55.701,54, ,57,3,2,6,N, ,0,Y, , , , ,410410, , , ,4,4,0,0,0,0,0,0,0,0,0,1,1,0,0,0,0,0,0,0,0,0,0,0,0,0,0,0,0,0,0,0,0,0,0,4,0,40.0401,-75.1821, , 
 ,34397,2014027883,6,46,46104,2014,2,5,1346,13,1,1,0,4,1, , ,N,1,2,0,3,0,2,7,2,N,N,39 58:44.064,75 16:20.216,1346, ,1346, ,0, ,N, ,3, , , , , ,410448, , , ,2,1,0,0,0,1,0,0,0,0,0,0,2,2,0,0,0,0,0,0,1,1,0,0,0,0,0,0,0,0,0,0,0,0,0,8,0,39.9788,-75.2722, , 
 ,34398,2014032414,6,67,67301,2014,2,7,127,1,3,1,1,4,1, , ,N,1,2,0,3,0,0,2,2,N,N,39 58:05.382,75 13:30.517,213, ,159, ,0, ,N, ,3, , , , , ,410453, , , ,2,1,0,0,0,0,1,0,0,0,0,0,0,0,0,0,0,0,0,0,1,0,0,0,0,0,0,0,0,0,0,0,0,0,0,0,0,39.9681,-75.2251, , 
 ,34399,2014038931,6,67,67301,2014,3,4,1238,12,1,1,0,4,1, , ,N,1,2,0,3,0,1,26,2,Y,Y,39 56:18.963,75 13:17.946,1246, ,1244,1,1,2,N, ,3,N, , , , ,410460, , , ,2,1,0,1,0,0,0,0,0,0,0,0,1,1,0,0,0,0,0,0,0,0,0,0,0,0,0,0,0,0,0,0,0,0,0,8,1,39.9386,-75.2217, , 
 ,34400,2014038970,6,67,67301,2014,3,4,1957,19,3,2,1,4,1, , ,N,1,2,0,3,0,1,2,2,N,N,39 59:29.818,75 08:10.215,2008, ,2002, ,0, ,N, ,3, , , , , ,410461, , , ,2,1,0,0,1,0,0,0,0,0,0,1,1,0,1,0,0,0,0,0,0,0,0,0,0,0,0,0,0,0,0,0,0,0,0,4,0,39.9915,-75.1361, , 
 ,34401,2014010608,6,67,67301,2014,1,3,1028,10,1,4,5,7,3, , ,N,0,0,3,3,0,1,2,1,N,N,39 54:51.167,75 11:16.579,1032, ,1030,1,2,4,N, ,0,N, , , , ,410473, , , ,1,1,0,0,0,0,0,0,0,0,1,0,1,0,0,0,0,0,0,0,0,0,0,0,0,0,0,0,0,0,0,0,0,0,0,3,0,39.9142,-75.1879, , 
 ,34402,2014013281,6,67,67301,2014,1,1,245,2,3,1,0,1,1, , ,N,0,0,0,3,0,2,3,2,N,N,39 58:42.448,75 12:09.727,252, ,246,2,1,3,N, ,0,N, , , , ,410476, , , ,2,2,0,0,0,0,0,0,0,0,0,2,2,0,0,0,0,0,0,0,1,0,0,0,0,0,0,0,0,0,0,0,0,0,0,4,0,39.9785,-75.2027, , 
 ,34403,2014049827,6,67,67301,2014,3,2,1500,15,1,1,0,4,1, , ,N,0,0,7,3,0,0,5,2,N,N,40 00:41.473,75 04:11.304,2333, ,2315, ,0, , , ,0, , , , , ,410514, , , ,2,0,0,0,1,0,0,1,0,0,0,0,0,0,0,0,0,0,0,0,0,0,0,0,0,0,0,0,0,0,0,0,0,0,0,0,0,40.0115,-75.0698, , 
 ,34404,2014027963,6,67,67301,2014,3,3,829,8,1,1,0,1,1, , ,N,0,0,3,3,0,3,4,2,N,N,39 59:16.708,75 05:20.351,847, ,836,1,1,1,N, ,0,N, , , , ,410535, , , ,2,1,0,0,1,0,0,0,0,0,1,2,3,0,0,0,0,0,0,0,1,0,0,0,0,0,0,0,0,0,0,0,0,0,0,3,0,39.988,-75.089, , 
 ,34405,2014049563,6,67,67301,2014,4,2,1835,18,1,1,0,4,1, , ,N,1,3,0,3,0,1,2,2,N, ,40 01:16.976,75 04:45.706,1935, ,1930, ,0, , , ,3, , , , , ,410553, , , ,1,1,0,0,0,0,0,0,1,0,0,1,1,0,0,0,0,0,0,0,0,1,0,0,0,0,0,0,0,0,0,0,0,0,0,4,0,40.0214,-75.0794, , 
 ,34406,2014049896,6,67,67301,2014,4,3,2145,21,3,1,0,8,1, , ,N,0,0,0,3,0,1,2,2,N,N,40 01:08.295,75 08:50.283,2200, ,2153,2,1,2, , ,0,N, , , , ,410554, , , ,1,1,0,0,0,0,0,0,0,0,0,0,1,1,0,0,0,0,0,0,1,0,0,0,0,0,0,0,0,0,0,0,1,0,0,8,0,40.019,-75.1473, , 
 ,34407,2014054634,6,67,67301,2014,4,5,1238,12,1,1,0,4,1, , ,N,1,3,0,3,0,1,2,2,N, ,40 01:34.089,75 12:39.963,1244, ,1238, ,0, , , ,3, , , , , ,410558, , , ,2,2,0,0,0,0,0,0,0,0,0,1,1,0,0,0,0,0,0,0,0,0,0,0,0,0,0,0,0,0,0,0,0,0,0,4,0,40.0261,-75.2111, , 
 ,34408,2014025289,6,67,67301,2014,1,6,2344,23,3,1,0,4,1, , ,N,1,2,0,3,0,4,4,2,N, ,40 00:54.752,75 09:18.971,2349, ,2346,2,1,3, , ,3,N, , , , ,410586, , , ,2,1,0,0,0,0,1,0,0,0,0,4,4,0,0,0,0,0,0,0,0,0,0,0,0,0,0,0,0,0,0,0,0,0,0,4,0,40.0152,-75.1552, , 
 ,34409,2014025311,6,67,67301,2014,1,2,855,8,1,8,0,8,1, , ,N,5,2,0,3,0,2,5,3,N,N,39 57:51.538,75 10:33.841,905, ,902, ,0, ,N, ,3, , , , , ,410587, , , ,1,0,0,0,1,0,0,0,0,0,0,2,2,0,0,0,0,0,0,0,1,0,0,0,0,0,0,0,0,0,0,0,2,0,0,4,0,39.9643,-75.1762, , 
 ,34410,2014025880,6,67,67301,2014,1,5,2200,22,3,1,0,5,6, , ,N,0,0,0,3,0,0,1,2,N,N,40 01:23.407,75 10:45.380,2230, ,2215, ,0, ,N, ,0, , , , , ,410588, , , ,2,2,0,0,0,0,0,0,0,0,0,0,0,0,0,0,0,0,0,0,0,0,0,0,0,0,0,0,0,0,0,0,0,0,0,0,0,40.0232,-75.1793, , 
 ,34411,2014029845,6,67,67301,2014,1,3,1038,10,1,1,0,4,1, , ,N,5,2,2,3,0,1,2,2,N,N,39 57:25.688,75 09:03.847,1043, ,1041,9,2,4,N, ,3,Y, , , , ,410595, , , ,2,1,0,0,1,0,0,0,0,0,0,1,1,0,0,0,0,0,0,0,0,0,0,0,0,0,0,0,0,0,0,0,0,0,0,4,0,39.9571,-75.1511, , 
 ,34412,2014027889,6,46,46104,2014,3,3,1452,14,1,1,0,4,1, , ,N,2,2,0,3,0,1,3,2,N,N,39 59:22.038,75 15:05.086,1459, ,1452,1,1,1,N, ,3,N, , , , ,410623, , , ,2,2,0,0,0,0,0,0,0,0,0,1,1,0,0,0,1,0,0,0,1,0,0,0,0,0,0,0,0,0,0,0,0,0,0,4,0,39.9895,-75.2514, , 
 ,34413,2014037983,6,67,67301,2014,4,5,741,7,1,1,0,0,1, , ,N,0,0,0,3,0,2,6,5,N,N,39 58:06.843,75 07:42.305,755, ,755,2,1,5,Y, ,0,N, , , , ,410633, , , ,5,1,0,0,1,1,2,0,0,0,0,1,2,1,1,0,0,0,0,0,2,0,0,0,0,0,0,0,0,0,0,0,0,0,0,4,1,39.9686,-75.1284, , 
 ,34414,2014049503,6,67,67301,2014,4,1,1425,14,1,1,0,8,1, , ,N,1,3,0,3,0,1,2,2,N, ,39 55:59.617,75 11:22.847,1440, ,1433, ,0, , , ,3, , , , , ,406565, , , ,1,1,0,0,0,0,0,0,0,0,0,1,1,0,0,0,0,0,0,0,0,0,0,0,0,0,0,0,0,0,0,0,1,0,0,4,0,39.9332,-75.1897, , 
 ,34415,2014025489,6,67,67301,2014,1,3,800,8,1,1,0,8,1, , ,N,0,0,0,3,0,1,2,2,N, ,39 57:02.063,75 10:02.431,800, ,800,1,1,1, , ,0,N, , , , ,406587, , , ,1,1,0,0,0,0,0,0,0,0,0,1,1,0,0,0,0,0,0,0,0,0,0,0,0,0,0,0,0,0,0,0,1,0,0,4,0,39.9506,-75.1673, , 
 ,34416,2014029491,6,67,67301,2014,3,2,946,9,1,4,4,7,2, , ,N,0,0,0,3,0,0,1,1,N,N,39 56:58.520,75 08:30.541,946, ,946,1,1,2,N, ,0,N, , , , ,406591, , , ,1,0,0,0,0,0,1,0,0,0,0,0,0,0,0,0,0,0,0,0,0,0,0,0,0,0,0,0,0,0,0,0,0,0,0,0,0,39.9496,-75.1418, , 
 ,34417,2014043079,6,67,67301,2014,3,6,753,7,1,1,0,4,1, , ,N,1,2,0,3,0,1,7,4,N,N,40 05:18.096,75 02:38.680,800, ,757, ,0, , , ,3, , , , , ,406604, , , ,4,2,0,0,0,0,2,0,0,0,0,1,1,0,0,0,1,0,0,0,0,0,0,0,0,0,0,0,0,0,0,0,0,0,0,4,0,40.0884,-75.044, , 