wz_ln_closure,objectid_1,crn,district,county,municipality,crash_year,crash_month,day_of_week,time_of_day,hour_of_day,illumination,weather,road_condition,collision_type,relation_to_road,work_zone_type,work_zone_loc,work_zone_ind,intersect_type,tcd_type,location_type,urban_rural,fatal_count,injury_count,person_count,total_units,sch_bus_ind,sch_zone_ind,latitude,longitude,arrival_tm,cons_zone_spd_lim,dispatch_tm,est_hrs_closed,lane_closed,ln_close_dir,ntfy_hiwy_maint,spec_juris_cd,tcd_func_cd,tfc_detour_ind,workers_pres,wz_close_detour,wz_flagger,wz_law_offcr_ind,objectid,wz_moving,wz_other,wz_shlder_mdn,vehicle_count,automobile_count,motorcycle_count,bus_count,small_truck_count,heavy_truck_count,suv_count,van_count,bicycle_count,maj_inj_count,mod_inj_count,min_inj_count,tot_inj_count,unk_inj_deg_count,unk_inj_per_count,driver_count_16yr,driver_count_17yr,driver_count_18yr,driver_count_19yr,driver_count_20yr,driver_count_50_64yr,driver_count_65_74yr,driver_count_75plus,unbelted_occ_count,unb_death_count,unb_maj_inj_count,belted_death_count,belted_maj_inj_count,mcycle_death_count,mcycle_maj_inj_count,bicycle_death_count,bicycle_maj_inj_count,ped_count,ped_death_count,ped_maj_inj_count,max_severity_level,comm_veh_count,dec_lat,dec_long,rdwy_surf_type_cd,county_name
 ,34418,2014053751,6,67,67301,2014,4,3,2219,22,3,1,0,4,1, , ,N,0,0,0,3,1,0,2,2,N, ,40 00:37.929,75 04:44.244,2224, ,2220, ,0, , ,9,0, , , , , ,406651, , , ,1,0,0,0,0,0,0,1,1,0,0,0,0,0,0,0,0,0,0,0,0,0,0,0,0,0,0,0,0,0,1,0,0,0,0,1,0,40.0105,-75.079,9, 
 ,34419,2014061070,6,67,67301,2014,5,3,925,9,1,1,0,4,1, , ,N,1,3,0,3,0,1,2,2,N,N,39 55:31.893,75 09:33.177,930, ,927, ,0, ,N, ,3, , , , , ,406657, , , ,1,1,0,0,0,0,0,0,1,0,0,1,1,0,0,0,0,0,0,0,1,0,0,0,0,0,0,0,0,0,0,0,0,0,0,4,0,39.9255,-75.1592, , 
 ,34420,2014016476,6,67,67301,2014,1,4,511,5,3,4,1,4,1, , ,N,0,0,0,3,0,0,2,2,N,N,40 00:46.761,75 03:28.912,530, ,518,1,2,1,N, ,0,Y, , , , ,406677, , , ,2,0,0,0,0,1,1,0,0,0,0,0,0,0,0,0,0,0,0,0,0,0,0,0,0,0,0,0,0,0,0,0,0,0,0,0,1,40.013,-75.058, , 
 ,34421,2014042739,6,67,67301,2014,3,5,2149,21,3,1,0,6,6, , ,N,0,0,0,3,0,0,1,5,N,N,40 03:04.194,75 04:16.294,2157, ,2153, ,0, ,N, ,0, , , , , ,406705, , , ,5,4,0,0,0,0,1,0,0,0,0,0,0,0,0,0,0,0,0,0,0,0,0,1,0,0,0,0,0,0,0,0,0,0,0,0,0,40.0512,-75.0712, , 
 ,34422,2014039003,6,67,67301,2014,3,6,844,8,1,1,0,4,1, , ,N,1,2,0,3,0,1,2,3,N,N,39 59:27.769,75 10:06.848,850, ,847, ,0, ,N, ,3, , , , , ,406747, , , ,1,0,0,1,0,0,0,0,1,0,0,1,1,0,0,0,0,0,0,0,0,0,0,0,0,0,0,0,0,0,0,0,0,0,0,4,1,39.991,-75.1686, , 
 ,34423,2014059274,6,67,67301,2014,5,2,800,8,1,1,0,4,1, , ,N,1,2,0,3,0,1,4,2,N, ,40 02:08.995,75 04:39.601,806, ,804, ,0, , , ,3, , , , , ,406760, , , ,2,2,0,0,0,0,0,0,0,0,0,1,1,0,0,0,0,0,0,0,0,0,0,0,0,0,0,0,0,0,0,0,0,0,0,4,0,40.0358,-75.0777, , 
 ,34424,2014025376,6,67,67301,2014,1,1,208,2,3,1,0,4,1, , ,N,1,2,0,3,0,2,5,2,N, ,40 00:31.666,75 08:51.441,211, ,209, ,0, , , ,3, , , , , ,406779, , , ,2,2,0,0,0,0,0,0,0,0,1,1,2,0,0,0,0,0,0,0,0,0,0,0,0,0,0,0,0,0,0,0,0,0,0,3,0,40.0088,-75.1476, , 
 ,34425,2014039022,6,67,67301,2014,3,5,1614,16,1,1,0,8,1, , ,N,1,2,0,3,0,2,3,3,N,Y,39 59:44.224,75 10:03.233,1615, ,1615,2,2,5, , ,3,Y, , , , ,406795, , , ,1,1,0,0,0,0,0,0,0,0,0,2,2,0,0,0,0,0,0,0,0,1,0,0,0,0,0,0,0,0,0,0,2,0,0,4,0,39.9956,-75.1675, , 
 ,34426,2014039024,6,67,67301,2014,3,3,1649,16,1,1,0,8,1, , ,N,0,0,0,3,0,1,2,2,N,N,39 56:05.611,75 11:44.559,1651, ,1650, ,0, , , ,0, , , , , ,406796, , , ,1,0,0,0,1,0,0,0,0,0,0,1,1,0,0,0,0,0,0,0,0,0,0,0,0,0,0,0,0,0,0,0,1,0,0,4,0,39.9349,-75.1957, , 
 ,34427,2014039029,6,67,67301,2014,3,6,1950,19,3,1,0,4,1, , ,N,1,2,0,3,0,1,2,2,N,N,39 56:39.850,75 09:47.285,2005, ,2000, ,0, ,N, ,3, , , , , ,406797, , , ,1,1,0,0,0,0,0,0,1,0,1,0,1,0,0,0,0,0,0,0,0,0,0,0,0,0,0,0,0,0,0,0,0,0,0,3,0,39.9444,-75.1631, , 
 ,34428,2014050298,6,67,67301,2014,4,6,1630,16,1,1,0,4,1, , ,N,1,0,0,3,0,4,4,2,N, ,39 58:49.769,75 13:29.078,1634, ,1634, ,0, , , ,0, , , , , ,406807, , , ,2,1,0,0,0,0,1,0,0,0,0,3,4,1,0,0,0,0,1,0,0,0,0,2,0,0,0,0,0,0,0,0,0,0,0,4,0,39.9804,-75.2247, , 
 ,34429,2014025518,6,67,67301,2014,2,1,1724,17,1,1,0,5,1, , ,N,0,0,0,3,0,1,1,2,N,N,40 02:29.207,75 03:14.188,1738, ,1734, ,0, ,Y, ,0, , , , , ,406831, , , ,2,2,0,0,0,0,0,0,0,0,0,0,1,1,0,0,0,0,0,0,0,0,0,0,0,0,0,0,0,0,0,0,0,0,0,8,0,40.0414,-75.0539, , 
 ,34430,2014032435,6,67,67301,2014,2,2,425,4,3,1,0,7,3, , ,N,0,0,0,3,0,0,1,1,N,N,39 57:33.302,75 09:43.287,438, ,435, ,0, ,N, ,0, , , , , ,406837, , , ,1,1,0,0,0,0,0,0,0,0,0,0,0,0,0,0,0,0,0,0,0,0,0,0,0,0,0,0,0,0,0,0,0,0,0,0,0,39.9593,-75.162, , 
 ,34431,2014042221,6,67,67301,2014,3,1,352,3,3,1,0,7,4, , ,N,0,0,0,3,1,1,2,2,N,N,40 05:14.813,75 02:41.879,355, ,353,1,2,5, ,0,0,Y, , , , ,406842, , , ,2,1,0,0,1,0,0,0,0,0,0,0,1,1,0,0,0,0,0,0,0,0,0,2,1,0,0,0,0,0,0,0,0,0,0,1,0,40.0874,-75.045,2, 
 ,34432,2014068625,6,67,67301,2014,6,2,1235,12,1,1,0,4,1, , ,N,1,2,0,3,0,1,2,2,N,N,40 07:07.965,75 01:05.114,1245, ,1241, ,0, ,N, ,3, , , , , ,397383, , , ,2,0,0,0,1,0,1,0,0,0,0,1,1,0,0,0,0,0,0,0,0,0,0,0,0,0,0,0,0,0,0,0,0,0,0,4,0,40.1189,-75.018, , 
 ,34433,2014028068,6,67,67301,2014,2,2,1655,16,3,4,4,1,1, , ,N,0,0,0,3,0,2,3,2,N,N,40 03:15.902,75 10:09.842,1715, ,1700, ,0, ,N, ,0, , , , , ,397423, , , ,2,1,0,0,1,0,0,0,0,0,0,2,2,0,1,0,0,0,0,0,0,0,0,0,0,0,0,0,0,0,0,0,0,0,0,4,0,40.0544,-75.1694, , 
 ,34434,2014029852,6,67,67301,2014,2,2,615,6,3,2,1,8,1, , ,N,1,2,0,3,0,1,2,2,N,N,39 57:04.568,75 10:01.915,625, ,620, ,0, ,N, ,3, , , , , ,397425, , , ,1,1,0,0,0,0,0,0,0,0,0,1,1,0,0,0,0,0,0,0,1,0,0,0,0,0,0,0,0,0,0,0,1,0,0,4,0,39.9512,-75.167, , 
 ,34435,2014060632,6,67,67301,2014,6,7,1235,12,1,1,0,1,1, , ,N,0,0,0,3,0,1,6,3,N,N,39 56:19.632,75 11:49.925,1248, ,1235,1,1,4,N, ,0,N, , , , ,397452, , , ,3,1,0,0,1,0,1,0,0,0,0,0,1,1,0,0,0,0,0,0,1,0,0,0,0,0,0,0,0,0,0,0,0,0,0,8,0,39.9379,-75.1981, , 
 ,34436,2014032359,6,67,67301,2014,2,4,1632,16,1,2,0,4,1, , ,N,1,3,0,3,0,5,6,2,N, ,40 02:56.832,75 05:04.214,1640, ,1635,2,2,7, , ,3,Y, , , , ,397476, , , ,2,2,0,0,0,0,0,0,0,0,0,3,5,2,1,0,0,0,0,0,0,0,0,0,0,0,0,0,0,0,0,0,0,0,0,4,0,40.0491,-75.0845, , 
 ,34437,2014034273,6,67,67301,2014,2,4,9999,99,3,1,0,4,1, , ,N,1,2,0,3,0,0,2,2,N,N,40 01:33.385,75 07:23.355,1225, ,1220,1,1,2, , ,3,N, , , , ,397477, , , ,2,2,0,0,0,0,0,0,0,0,0,0,0,0,0,0,0,0,0,0,0,0,0,0,0,0,0,0,0,0,0,0,0,0,0,0,0,40.0259,-75.1232, , 
 ,34438,2014049490,6,67,67301,2014,4,1,2217,22,3,1,0,4,1, , ,N,1,2,0,3,0,0,6,2,N,N,39 57:29.829,75 09:50.647,2223, ,2220, ,0, , , ,3, , , , , ,397486, , , ,2,2,0,0,0,0,0,0,0,0,0,0,0,0,0,0,0,0,0,0,0,0,0,0,0,0,0,0,0,0,0,0,0,0,0,0,0,39.9583,-75.1641, , 
 ,34439,2014060820,6,67,67301,2014,5,7,810,8,1,1,0,4,1, , ,N,1,3,7,3,0,0,2,2,N,N,40 06:07.025,75 00:22.022,825, ,820, ,0, ,N, ,3, , , , , ,397500, , , ,2,1,0,0,0,0,1,0,0,0,0,0,0,0,0,0,0,0,0,0,1,1,0,0,0,0,0,0,0,0,0,0,0,0,0,0,0,40.102,-75.0061, , 
 ,34440,2014008300,6,67,67301,2014,1,4,1933,19,3,1,0,0,1, , ,N,0,0,0,3,0,1,2,2,N,N,39 58:29.769,75 07:01.665,1948, ,1936,2,2,1,N, ,0,N, , , , ,397506, , , ,2,1,0,0,0,0,1,0,0,0,0,1,1,0,0,0,0,0,0,0,0,0,0,1,0,0,0,0,0,0,0,0,0,0,0,4,0,39.9749,-75.1171, , 
 ,34441,2014043084,6,67,67301,2014,3,3,703,7,1,1,0,4,1, , ,N,2,3,0,3,0,1,2,3,N, ,39 58:27.692,75 07:33.639,753, ,750, ,0, , , ,3, , , , , ,397574, , , ,3,3,0,0,0,0,0,0,0,0,0,1,1,0,0,0,0,0,0,0,1,0,0,0,0,0,0,0,0,0,0,0,0,0,0,4,0,39.9744,-75.126, , 
 ,34442,2014067994,6,67,67301,2014,5,7,2208,22,3,1,0,8,1, , ,N,2,0,0,3,0,1,2,2,N,N,40 02:15.837,75 04:44.428,2213, ,2210, ,0, ,N, ,0, , , , , ,397592, , , ,1,0,0,0,0,0,0,1,0,0,0,0,1,1,0,0,0,0,0,0,0,0,0,0,0,0,0,0,0,0,0,0,1,0,0,8,0,40.0377,-75.079, , 
 ,34443,2014068687,6,67,67301,2014,6,4,1620,16,1,1,0,8,1, , ,N,2,0,0,3,0,1,3,2,N,N,39 57:43.488,75 14:12.159,1627, ,1624, ,0, ,N, ,0, , , , , ,397593, , , ,1,0,0,0,0,0,1,0,0,0,0,1,1,0,0,0,0,0,0,0,0,0,0,0,0,0,0,0,0,0,0,0,1,0,0,4,0,39.9621,-75.2367, , 
 ,34444,2014070336,6,67,67301,2014,7,2,1449,14,1,1,0,0,1, , ,N,0,0,0,3,0,0,1,1,N,N,39 58:51.935,75 12:24.093,1459, ,1451,1,2,3,N, ,0,N, , , , ,397594, , , ,1,1,0,0,0,0,0,0,0,0,0,0,0,0,0,0,0,0,0,0,0,0,0,0,0,0,0,0,0,0,0,0,0,0,0,0,0,39.9811,-75.2067, , 
 ,34445,2014059064,6,67,67301,2014,5,3,2045,20,3,1,0,4,1, , ,N,1,3,0,3,0,1,2,2,N,N,40 04:14.487,75 09:43.335,2230, ,2230, ,0, ,N, ,3, , , , , ,397643, , , ,2,1,0,0,1,0,0,0,0,0,0,1,1,0,1,0,0,0,0,0,0,0,0,0,0,0,0,0,0,0,0,0,0,0,0,4,0,40.0707,-75.162, , 
 ,34446,2014059304,6,67,67301,2014,5,7,1127,11,1,1,0,8,1, , ,N,0,0,0,3,0,1,2,2,N, ,39 59:30.782,75 08:53.228,1147, ,1147, ,0, , , ,0, , , , , ,397644, , , ,1,0,0,0,0,0,1,0,0,0,1,0,1,0,0,0,0,0,0,0,0,0,0,0,0,0,0,0,0,0,0,0,1,0,0,3,0,39.9919,-75.1481, , 
 ,34447,2014029839,6,67,67301,2014,2,3,745,7,1,1,0,8,1, , ,N,1,3,0,3,0,1,2,2,N,Y,39 56:06.266,75 09:48.783,800, ,752, ,0, ,N, ,3, , , , , ,397667, , , ,1,0,0,0,0,0,1,0,0,0,0,1,1,0,0,0,0,0,0,0,1,0,0,0,0,0,0,0,0,0,0,0,1,0,0,4,0,39.9351,-75.1636, , 
 ,34448,2014051759,6,67,67301,2014,4,7,1118,11,1,1,0,5,1, , ,N,0,0,0,3,0,1,2,2,N, ,40 02:14.526,75 13:15.238,1123, ,1119, ,0, , , ,0, , , , , ,397684, , , ,1,0,0,0,0,0,0,1,1,0,0,0,1,1,0,0,0,0,0,0,1,0,0,0,0,0,0,0,0,0,0,0,0,0,0,8,0,40.0374,-75.2209, , 
 ,34449,2014019159,6,67,67301,2014,1,6,1200,12,1,1,0,6,6, , ,N,0,0,0,3,0,0,1,2,N,N,39 59:35.763,75 06:38.112,1205, ,1203,2,1,4,N, ,0,Y, , , , ,397711, , , ,2,2,0,0,0,0,0,0,0,0,0,0,0,0,0,0,0,0,0,0,0,0,0,0,0,0,0,0,0,0,0,0,0,0,0,0,0,39.9933,-75.1106, , 
 ,34450,2014025520,6,67,67301,2014,1,6,1950,19,3,4,4,4,1, , ,N,0,0,7,3,0,0,2,2,N,N,39 59:39.268,75 05:43.740,2100, ,2052, ,0, ,N, ,0, , , , , ,401910, , , ,2,2,0,0,0,0,0,0,0,0,0,0,0,0,0,0,0,0,1,0,0,1,0,0,0,0,0,0,0,0,0,0,0,0,0,0,0,39.9942,-75.0955, , 
 ,34451,2014042620,6,67,67301,2014,3,3,319,3,3,1,0,5,1, , ,N,0,0,0,3,0,0,2,4,N,N,39 55:22.456,75 10:12.227,320, ,319, ,0, ,N, ,0, , , , , ,401922, , , ,3,2,0,0,0,0,1,0,0,0,0,0,0,0,0,0,0,0,0,0,1,0,0,0,0,0,0,0,0,0,0,0,0,0,0,0,0,39.9229,-75.1701, , 
 ,34452,2014049473,6,67,67301,2014,4,1,2246,22,3,7,0,8,1, , ,N,1,2,0,3,0,1,2,2,N,N,39 55:24.611,75 09:46.436,2313, ,2248, ,0, ,N, ,3, , , , , ,401929, , , ,1,0,0,1,0,0,0,0,0,0,0,0,1,1,0,0,0,0,0,0,0,0,0,0,0,0,0,0,0,0,0,0,1,0,0,8,1,39.9235,-75.1628, , 
 ,34453,2014054539,6,67,67301,2014,4,4,953,9,1,1,0,4,1, , ,N,1,3,0,3,0,1,3,2,N,N,40 01:23.484,75 07:27.893,9999, ,1235, ,0, ,N, ,3, , , , , ,401934, , , ,2,2,0,0,0,0,0,0,0,0,0,0,1,1,0,0,0,0,0,0,0,0,0,0,0,0,0,0,0,0,0,0,0,0,0,8,0,40.0232,-75.1244, , 
 ,34454,2014040907,6,67,67301,2014,4,2,1802,18,1,1,0,1,1, , ,N,0,0,0,3,0,2,5,2,N,N,39 59:03.346,75 05:46.710,1825, ,1812,1,2,2,N, ,0,N, , , , ,401977, , , ,2,2,0,0,0,0,0,0,0,0,0,2,2,0,0,0,0,0,0,0,1,0,0,0,0,0,0,0,0,0,0,0,0,0,0,4,0,39.9843,-75.0963, , 
 ,34455,2014019156,6,67,67301,2014,1,6,1500,15,1,2,1,7,4, , ,N,1,0,0,3,0,0,2,2,N, ,39 54:14.619,75 14:25.049,1539, ,1529, ,0, , , ,0, , , , , ,402000, , , ,1,0,0,0,0,0,1,0,0,0,0,0,0,0,0,0,0,0,0,0,0,0,0,0,0,0,0,0,0,0,0,0,0,0,0,0,0,39.904,-75.2401, , 
 ,34456,2014043177,6,67,67301,2014,4,7,1314,13,1,1,0,1,1, , ,N,6,0,2,3,0,1,7,4,N,N,39 56:54.810,75 11:08.203,1401, ,1350, ,0, ,N, ,0, , , , , ,402016, , , ,4,4,0,0,0,0,0,0,0,0,0,1,1,0,1,0,0,0,0,0,1,1,0,0,0,0,0,0,0,0,0,0,0,0,0,4,0,39.9486,-75.1856, , 
 ,34457,2014015171,6,67,67301,2014,2,2,727,7,1,7,4,7,4, , ,N,0,0,0,3,0,0,1,1,N,N,40 02:14.689,75 00:44.293,740, ,727, ,0, ,N, ,0, , , , , ,402041, , , ,1,1,0,0,0,0,0,0,0,0,0,0,0,0,0,0,0,0,0,0,0,0,0,0,0,0,0,0,0,0,0,0,0,0,0,0,0,40.0374,-75.0123, , 
 ,34458,2014032462,6,67,67301,2014,2,7,1812,18,3,4,4,8,1, , ,N,0,0,0,3,0,1,6,2,N,N,40 00:47.501,75 11:14.479,1818, ,1814,1,2,7,N, ,0,Y, , , , ,402055, , , ,1,1,0,0,0,0,0,0,0,0,0,1,1,0,0,0,0,0,0,0,0,0,0,0,0,0,0,0,0,0,0,0,1,0,0,4,0,40.0132,-75.1874, , 
 ,34459,2014049627,6,67,67301,2014,4,5,808,8,1,1,0,7,4, , ,N,0,0,0,3,0,1,2,1,N, ,40 05:22.753,74 59:04.871,810, ,808, ,0, , , ,0, , , , , ,402066, , , ,1,1,0,0,0,0,0,0,0,0,0,1,1,0,0,0,0,1,0,0,0,0,0,0,0,0,0,0,0,0,0,0,0,0,0,4,0,40.0897,-74.9847, , 
 ,34460,2014054490,6,67,67301,2014,5,7,5,0,3,1,0,7,4, , ,N,0,0,0,3,0,1,1,1,N,N,40 07:51.267,75 00:50.573,20, ,15, ,0, ,N, ,0, , , , , ,402071, , , ,1,1,0,0,0,0,0,0,0,0,0,1,1,0,0,0,0,0,0,0,0,0,1,0,0,0,0,0,0,0,0,0,0,0,0,4,0,40.1309,-75.014, , 
 ,34461,2014058993,6,67,67301,2014,5,7,945,9,1,1,0,8,1, , ,N,0,2,7,3,0,1,2,2,N, ,39 57:01.613,75 11:58.151,948, ,945, ,0, , , ,3, , , , , ,402078, , , ,1,1,0,0,0,0,0,0,0,0,0,0,1,1,0,0,0,0,0,0,0,0,0,0,0,0,0,0,0,0,0,0,1,0,0,8,0,39.9504,-75.1995, , 
 ,34462,2014012147,6,67,67301,2014,1,1,415,4,3,4,5,7,2, , ,N,7,0,2,3,0,0,1,1,N,N,40 00:36.229,75 03:50.590,415, ,415,1,1,5,N, ,0,N, , , , ,402086, , , ,1,1,0,0,0,0,0,0,0,0,0,0,0,0,1,0,0,0,0,0,0,0,0,0,0,0,0,0,0,0,0,0,0,0,0,9,0,40.0101,-75.0641, , 
 ,34463,2014025483,6,67,67301,2014,1,1,1845,18,3,1,0,4,1, , ,N,0,0,0,3,0,2,2,2,N,N,39 59:49.189,75 11:06.428,1918, ,1915,2,1,1,N, ,0,N, , , , ,402101, , , ,2,1,0,0,0,0,0,1,0,0,0,1,2,1,0,0,0,1,0,0,0,0,0,0,0,0,0,0,0,0,0,0,0,0,0,4,0,39.997,-75.1851, , 
 ,34464,2014037980,6,67,67301,2014,3,5,1510,15,1,1,0,5,1, , ,N,0,0,0,3,0,0,2,2,N,N,39 56:57.528,75 11:04.066,1533, ,1525, ,0, ,N, ,0, , , , , ,402107, , , ,2,2,0,0,0,0,0,0,0,0,0,0,0,0,0,0,0,0,0,0,0,0,0,0,0,0,0,0,0,0,0,0,0,0,0,0,0,39.9493,-75.1845, , 
 ,34465,2014038987,6,67,67301,2014,2,6,1515,15,1,1,0,4,1, , ,N,1,3,0,3,0,2,5,3,N,N,39 57:33.134,75 14:14.312,1515, ,1515, ,0, ,N, ,3, , , , , ,402109, , , ,3,3,0,0,0,0,0,0,0,0,0,2,2,0,0,0,0,0,0,0,0,0,0,0,0,0,0,0,0,0,0,0,0,0,0,4,0,39.9592,-75.2373, , 
 ,34466,2014038994,6,67,67301,2014,3,5,1926,19,3,1,0,1,1, , ,N,0,2,0,3,0,2,3,2,N,N,39 59:48.113,75 06:55.120,1933, ,1929, ,0, , , ,3, , , , , ,402110, , , ,2,2,0,0,0,0,0,0,0,0,0,0,2,2,0,0,0,0,0,0,0,0,0,2,0,0,0,0,0,0,0,0,0,0,0,8,0,39.9967,-75.1153, , 
 ,34467,2014049546,6,67,67301,2014,4,1,2045,20,3,1,0,4,1, , ,N,1,3,0,3,0,1,2,2,N,N,39 56:00.596,75 11:30.487,2049, ,2046, ,0, , , ,3, , , , , ,402171, , , ,1,1,0,0,0,0,0,0,1,0,0,0,1,1,0,0,0,0,0,0,0,0,0,0,0,0,0,0,0,0,0,0,0,0,0,8,0,39.9335,-75.1918, , 
 ,34468,2014032430,6,67,67301,2014,2,7,19,0,3,1,6,1,1, , ,N,0,0,0,3,0,0,2,2,N,N,39 56:04.372,75 13:18.006,29, ,23,2,1,3,N, ,0,N, , , , ,402200, , , ,2,2,0,0,0,0,0,0,0,0,0,0,0,0,1,0,0,0,0,0,1,0,0,0,0,0,0,0,0,0,0,0,0,0,0,9,0,39.9345,-75.2217, , 
 ,34469,2014038915,6,67,67301,2014,3,2,1243,12,1,1,0,6,6, , ,N,0,0,0,3,0,0,1,2,N,N,40 03:13.443,75 05:38.990,1302, ,1259, ,0, ,N, ,0, , , , , ,410635, , , ,2,1,0,0,0,0,1,0,0,0,0,0,0,0,0,0,0,0,0,0,0,0,0,0,0,0,0,0,0,0,0,0,0,0,0,0,0,40.0537,-75.0942, , 
 ,34470,2014042573,6,67,67301,2014,4,4,741,7,1,1,0,1,1, , ,N,0,3,0,3,0,0,2,2,N,N,40 01:33.400,75 13:26.400,745, ,741, ,0, ,N, ,3, , , , , ,410637, , , ,2,1,0,0,0,0,1,0,0,0,0,0,0,0,1,0,0,0,0,0,1,0,0,0,0,0,0,0,0,0,0,0,0,0,0,9,0,40.0259,-75.224, , 
 ,34471,2014068163,6,67,67301,2014,6,1,828,8,1,1,0,8,1, , ,N,1,3,0,3,0,1,2,2,N, ,39 58:59.883,75 08:44.836,849, ,848, ,0, , , ,3, , , , , ,410659, , , ,1,1,0,0,0,0,0,0,0,0,0,1,1,0,0,0,0,0,0,0,1,0,0,0,0,0,0,0,0,0,0,0,1,0,0,4,0,39.9833,-75.1458, , 
 ,34472,2014025540,6,67,67301,2014,1,2,248,2,3,1,0,1,6, , ,N,0,0,0,3,0,0,1,2,N,N,39 58:56.228,75 11:08.139,305, ,301, ,0, , , ,0, , , , , ,410676, , , ,2,1,0,0,0,0,1,0,0,0,0,0,0,0,0,0,0,0,0,0,0,0,0,0,0,0,0,0,0,0,0,0,0,0,0,0,0,39.9823,-75.1856, , 
 ,34473,2014028080,6,67,67301,2014,1,5,1900,19,3,9,1,8,1, , ,N,1,2,0,3,0,1,2,2,N,N,40 03:39.280,75 09:50.864,9999, ,9999, ,0, , , ,3, , , , , ,410679, , , ,1,0,0,0,0,0,1,0,0,0,1,0,1,0,1,0,0,0,0,0,0,0,0,0,0,0,0,0,0,0,0,0,1,0,0,3,0,40.0609,-75.1641, , 
 ,34474,2014029874,6,67,67301,2014,2,1,1953,19,3,1,0,4,1, , ,N,1,2,0,3,0,1,6,2,N, ,40 00:15.609,75 07:41.037,2023, ,2023,2,1,1, , ,3,Y, , , , ,410680, , , ,2,1,0,0,0,0,1,0,0,0,0,0,1,1,0,0,1,0,0,1,0,0,0,5,0,0,0,0,0,0,0,0,0,0,0,8,0,40.0043,-75.1281, , 
 ,34475,2014074527,6,67,67301,2014,6,1,500,5,1,1,0,5,6, , ,N,0,0,0,3,0,0,2,3,N,N,40 00:27.678,75 09:49.463,537, ,527, ,0, ,N, ,0, , , , , ,410706, , , ,3,0,0,0,0,0,1,1,0,0,0,0,0,0,0,0,0,0,0,0,0,0,0,2,0,0,0,0,0,0,0,0,0,0,0,0,0,40.0077,-75.1637, , 
 ,34476,2014045051,6,67,67301,2014,4,4,129,1,3,2,1,7,4, , ,N,0,0,0,3,0,0,1,1,N,N,40 02:07.421,75 01:04.613,136, ,130,2,1,1,N, ,0,N, , , , ,410741, , , ,1,0,0,0,0,1,0,0,0,0,0,0,0,0,0,0,0,0,0,0,0,0,0,0,0,0,0,0,0,0,0,0,0,0,0,0,1,40.0354,-75.0179, , 
 ,34477,2014047615,6,67,67301,2014,5,5,515,5,3,2,1,4,1, , ,N,0,0,0,3,0,0,2,2,N,N,39 57:35.761,75 10:41.766,530, ,517,2,1,4,N, ,0,N, , , , ,410742, , , ,2,1,0,0,0,0,1,0,0,0,0,0,0,0,0,0,0,0,0,0,1,0,0,0,0,0,0,0,0,0,0,0,0,0,0,0,0,39.9599,-75.1783, , 
 ,34478,2014056371,6,67,67301,2014,6,1,230,2,3,1,0,7,3, , ,N,0,0,0,3,0,1,2,1,N,N,39 55:22.176,75 08:50.931,253, ,236, ,0, ,Y, ,0, , , , , ,410759, , , ,1,0,0,0,0,0,0,1,0,0,0,1,1,0,0,0,0,0,1,0,0,0,0,0,0,0,0,0,0,0,0,0,0,0,0,4,0,39.9228,-75.1475, , 
 ,34479,2014029821,6,67,67301,2014,1,4,821,8,1,5,0,5,6, , ,N,0,0,0,3,0,1,2,2,N,N,39 57:09.385,75 10:06.683,826, ,822, ,0, ,N, ,0, , , , , ,410775, , , ,2,2,0,0,0,0,0,0,0,0,0,0,1,1,0,0,0,0,0,0,0,0,1,0,0,0,0,0,0,0,0,0,0,0,0,8,0,39.9526,-75.1685, , 
N,34480,2014030518,6,67,67301,2014,2,5,1524,15,1,1,0,1,1,1,4,Y,0,0,0,3,0,1,2,2,N,N,40 01:36.706,75 01:34.340,1546,45,1524, ,0, ,N, ,0, ,Y,N,N,N,410776,N,N,Y,2,2,0,0,0,0,0,0,0,0,0,0,1,1,1,0,0,0,0,0,0,0,0,0,0,0,0,0,0,0,0,0,0,0,0,8,0,40.0269,-75.0262, , 
 ,34481,2014034170,6,67,67301,2014,2,6,1551,15,1,1,0,8,1, , ,N,1,3,0,3,0,1,2,2,N, ,39 59:59.762,75 07:37.117,1602, ,1552, ,0, , , ,3, , , , , ,410784, , , ,1,1,0,0,0,0,0,0,0,0,0,1,1,0,0,0,0,0,0,1,0,0,0,1,0,0,0,0,0,0,0,0,1,0,0,4,0,39.9999,-75.127, , 
 ,34482,2014043046,6,67,67301,2014,3,3,2019,20,3,4,1,7,4, , ,N,0,0,0,3,0,0,2,2,N,N,40 00:30.168,75 11:40.434,2024, ,2019,2,1,1,N, ,0,N, , , , ,410790, , , ,1,0,0,0,1,0,0,0,0,0,0,0,0,0,0,0,0,0,0,0,0,0,0,0,0,0,0,0,0,0,0,0,0,0,0,0,0,40.0084,-75.1946, , 
 ,34483,2014049555,6,67,67301,2014,4,5,9999,99,3,9,1,4,1, , ,N,1,2,0,3,0,3,5,2,N,N,39 58:22.052,75 12:58.705,9999, ,2049, ,0, , , ,3, , , , , ,410798, , , ,2,0,0,0,1,0,1,0,0,0,0,3,3,0,0,0,0,0,0,0,0,0,0,0,0,0,0,0,0,0,0,0,0,0,0,4,0,39.9728,-75.2163, , 