wz_ln_closure,objectid_1,crn,district,county,municipality,crash_year,crash_month,day_of_week,time_of_day,hour_of_day,illumination,weather,road_condition,collision_type,relation_to_road,work_zone_type,work_zone_loc,work_zone_ind,intersect_type,tcd_type,location_type,urban_rural,fatal_count,injury_count,person_count,total_units,sch_bus_ind,sch_zone_ind,latitude,longitude,arrival_tm,cons_zone_spd_lim,dispatch_tm,est_hrs_closed,lane_closed,ln_close_dir,ntfy_hiwy_maint,spec_juris_cd,tcd_func_cd,tfc_detour_ind,workers_pres,wz_close_detour,wz_flagger,wz_law_offcr_ind,objectid,wz_moving,wz_other,wz_shlder_mdn,vehicle_count,automobile_count,motorcycle_count,bus_count,small_truck_count,heavy_truck_count,suv_count,van_count,bicycle_count,maj_inj_count,mod_inj_count,min_inj_count,tot_inj_count,unk_inj_deg_count,unk_inj_per_count,driver_count_16yr,driver_count_17yr,driver_count_18yr,driver_count_19yr,driver_count_20yr,driver_count_50_64yr,driver_count_65_74yr,driver_count_75plus,unbelted_occ_count,unb_death_count,unb_maj_inj_count,belted_death_count,belted_maj_inj_count,mcycle_death_count,mcycle_maj_inj_count,bicycle_death_count,bicycle_maj_inj_count,ped_count,ped_death_count,ped_maj_inj_count,max_severity_level,comm_veh_count,dec_lat,dec_long,rdwy_surf_type_cd,county_name
 ,34551,2014019122,6,67,67301,2014,1,6,1730,17,3,2,1,8,1, , ,N,2,3,0,3,0,1,2,2,N,N,39 55:48.482,75 13:50.660,1155, ,2345, ,0, ,N, ,3, , , , , ,411016, , , ,1,1,0,0,0,0,0,0,0,0,0,0,1,1,0,0,0,0,0,0,0,0,0,0,0,0,0,0,0,0,0,0,1,0,0,8,0,39.9301,-75.2307, , 
 ,34552,2014028065,6,67,67301,2014,2,2,1705,17,1,4,6,4,1, , ,N,1,2,0,3,0,2,5,2,N, ,39 59:23.112,75 07:03.787,1755, ,1734, ,0, , , ,3, , , , , ,411028, , , ,2,1,0,0,0,0,1,0,0,0,0,1,2,1,0,0,0,0,0,0,0,0,0,0,0,0,0,0,0,0,0,0,0,0,0,4,0,39.9898,-75.1177, , 
 ,34553,2014016967,6,67,67301,2014,1,4,9999,99,3,4,6,7,1, , ,N,0,0,0,3,0,0,1,1,N, ,39 57:25.627,75 08:19.151,9999, ,1723, ,0, , , ,0, , , , , ,411061, , , ,1,1,0,0,0,0,0,0,0,0,0,0,0,0,1,0,0,0,0,0,0,1,0,0,0,0,0,0,0,0,0,0,0,0,0,9,0,39.9571,-75.1387, , 
 ,34554,2014028051,6,67,67301,2014,1,3,740,7,1,9,0,1,1, , ,N,0,0,0,3,0,1,2,2,N, ,40 00:12.447,75 05:40.757,1340, ,1340, ,0, , , ,0, , , , , ,411070, , , ,1,1,0,0,0,0,0,0,1,0,0,1,1,0,1,0,0,0,0,0,0,0,0,0,0,0,0,0,0,0,0,0,0,0,0,4,0,40.0035,-75.0947, , 
 ,34555,2014038906,6,67,67301,2014,2,3,1645,16,1,1,0,1,1, , ,N,1,2,0,3,0,1,2,2,N,N,39 58:19.633,75 15:05.158,1742, ,1740, ,0, ,N, ,3, , , , , ,411081, , , ,2,1,0,1,0,0,0,0,0,0,0,0,1,1,0,0,0,0,0,0,0,0,0,0,0,0,0,0,0,0,0,0,0,0,0,8,1,39.9721,-75.2514, , 
 ,34556,2014027688,6,67,67301,2014,2,4,1530,15,1,4,3,4,6, , ,N,0,0,0,3,0,0,1,2,N,N,39 57:56.734,75 13:20.193,1550, ,1548, ,0, ,N, ,0, , , , , ,411117, , , ,2,1,0,0,0,0,1,0,0,0,0,0,0,0,0,0,0,0,0,0,0,0,0,1,0,0,0,0,0,0,0,0,0,0,0,0,0,39.9658,-75.2223, , 
 ,34557,2014038886,6,67,67301,2014,3,1,2100,21,3,2,1,1,1, , ,N,0,0,0,3,0,0,2,2,N,N,39 56:54.421,75 09:59.590,2110, ,2104,1,1,3,N, ,0,N, , , , ,411129, , , ,2,2,0,0,0,0,0,0,0,0,0,0,0,0,0,0,0,0,0,0,1,0,0,0,0,0,0,0,0,0,0,0,0,0,0,0,0,39.9485,-75.1666, , 
 ,34558,2014050283,6,67,67301,2014,4,2,1225,12,1,1,0,4,1, , ,N,1,2,0,3,0,1,2,2,N,N,40 01:32.421,75 01:53.914,1327, ,1315, ,0, ,N, ,3, , , , , ,411143, , , ,2,1,0,0,0,0,1,0,0,0,0,0,1,1,0,0,0,0,0,0,0,0,1,0,0,0,0,0,0,0,0,0,0,0,0,8,0,40.0257,-75.0316, , 
 ,34559,2014016248,6,67,67301,2014,1,7,1747,17,3,4,4,7,4, , ,N,0,0,0,3,0,0,1,1,N,N,39 56:57.156,75 11:05.568,1751, ,1747, ,0, ,N, ,0, , , , , ,411154, , , ,1,1,0,0,0,0,0,0,0,0,0,0,0,0,0,0,0,0,0,0,1,0,0,0,0,0,0,0,0,0,0,0,0,0,0,0,0,39.9492,-75.1849, , 
 ,34560,2014022585,6,67,67301,2014,2,4,1509,15,1,1,1,1,2, , ,N,0,0,0,3,0,2,2,3,N,N,39 58:52.033,75 06:10.010,1509, ,1509,3,2,1,N, ,0,N, , , , ,411161, , , ,3,3,0,0,0,0,0,0,0,0,0,1,2,1,0,0,0,0,0,1,0,0,0,0,0,0,0,0,0,0,0,0,0,0,0,4,0,39.9811,-75.1028, , 
 ,34561,2014018195,6,67,67301,2014,1,6,1508,15,1,1,0,1,1, , ,N,0,0,0,3,0,0,3,2,N,N,39 59:10.471,75 05:31.418,1514, ,1508,2,1,1,N, ,0,N, , , , ,407108, , , ,2,2,0,0,0,0,0,0,0,0,0,0,0,0,0,0,0,0,0,0,0,0,0,0,0,0,0,0,0,0,0,0,0,0,0,0,0,39.9862,-75.0921, , 
N,34562,2014058122,6,67,67301,2014,5,5,904,9,1,1,0,4,1,2,4,Y,1,2,0,3,0,0,3,2,N,N,39 59:25.796,75 14:57.065,906,00,904, ,0, ,N, ,3, ,N,N,N,N,407136,N,N,N,2,1,0,0,0,0,1,0,0,0,0,0,0,0,0,0,0,0,0,0,0,1,0,0,0,0,0,0,0,0,0,0,0,0,0,0,0,39.9905,-75.2492, , 
 ,34563,2014032386,6,67,67301,2014,1,2,1240,12,1,1,0,4,1, , ,N,1,2,0,3,0,0,2,2,N,N,39 58:14.289,75 09:09.224,1251, ,1249,2,1,4,N, ,3,Y, , , , ,407177, , , ,2,1,0,0,0,1,0,0,0,0,0,0,0,0,0,0,0,0,1,0,1,0,0,0,0,0,0,0,0,0,0,0,0,0,0,0,1,39.9705,-75.1526, , 
 ,34564,2014033953,6,67,67301,2014,3,5,1725,17,1,1,0,1,1, , ,N,0,0,0,3,0,2,4,3,N,N,39 57:41.651,75 10:57.420,1734, ,1728,1,1,3,N, ,0,N, , , , ,407179, , , ,3,1,0,0,1,0,1,0,0,0,0,1,2,1,0,0,0,0,0,0,0,0,0,0,0,0,0,0,0,0,0,0,0,0,0,4,0,39.9616,-75.1826, , 
 ,34565,2014047198,6,67,67301,2014,5,2,724,7,1,1,0,4,1, , ,N,0,0,0,3,0,2,2,2,N,N,39 52:43.271,75 15:00.538,748, ,728,2,1,2,N, ,0,N, , , , ,407191, , , ,2,1,0,0,0,0,1,0,0,0,0,0,2,2,0,0,0,0,0,1,1,0,0,0,0,0,0,0,0,0,0,0,0,0,0,8,0,39.8787,-75.2501, , 
 ,34566,2014025392,6,67,67301,2014,1,4,9999,99,1,1,0,5,1, , ,N,0,0,0,3,0,0,2,2,N,N,40 00:36.453,75 11:09.780,9999, ,9999,1,2,4,N, ,0,N, , , , ,407219, , , ,2,0,0,0,1,0,0,0,0,0,0,0,0,0,0,0,1,0,0,0,0,0,0,0,0,0,0,0,0,0,0,0,0,0,0,0,0,40.0101,-75.1861, , 
 ,34567,2014039353,6,67,67301,2014,3,7,920,9,1,1,0,7,5, , ,N,0,0,0,3,0,1,1,1,N,N,40 00:53.593,75 10:17.223,945, ,940,2,2,4,N, ,0,N, , , , ,407235, , , ,1,1,0,0,0,0,0,0,0,0,1,0,1,0,0,0,0,0,0,0,0,0,0,1,0,0,0,0,0,0,0,0,0,0,0,3,0,40.0149,-75.1715, , 
 ,34568,2014043061,6,67,67301,2014,3,5,759,7,1,1,0,4,1, , ,N,1,3,0,3,0,1,2,2,N,N,39 55:26.821,75 09:16.930,805, ,800, ,0, ,N, ,3, , , , , ,407238, , , ,2,1,0,0,1,0,0,0,0,0,0,1,1,0,0,0,0,0,0,0,1,0,0,0,0,0,0,0,0,0,0,0,0,0,0,4,0,39.9241,-75.1547, , 
 ,34569,2014045050,6,67,67301,2014,4,3,2228,22,3,2,1,2,1, , ,N,7,0,2,3,0,1,2,2,N,N,39 57:36.094,75 10:47.782,2236, ,2230, ,0, ,Y, ,0, , , , , ,407242, , , ,2,2,0,0,0,0,0,0,0,0,0,1,1,0,0,0,0,0,0,0,0,1,0,0,0,0,0,0,0,0,0,0,0,0,0,4,0,39.96,-75.1799, , 
 ,34570,2014029896,6,67,67301,2014,1,1,608,6,3,2,5,2,1, , ,N,0,0,0,3,0,2,2,2,N,N,39 59:07.976,75 12:46.852,618, ,615, ,0, ,N, ,0, , , , , ,407259, , , ,2,1,0,0,0,0,1,0,0,1,0,1,2,0,0,0,0,0,0,1,1,0,0,0,0,0,0,0,0,0,0,0,0,0,0,2,0,39.9855,-75.213, , 
 ,34571,2014032441,6,67,67301,2014,2,6,1400,14,1,2,1,1,1, , ,N,0,2,0,3,0,2,3,2,N,N,39 58:01.001,75 12:27.615,1423, ,1402, ,0, ,N, ,3, , , , , ,407262, , , ,2,1,0,0,0,0,0,1,0,0,0,0,2,2,0,0,0,0,0,0,1,0,0,0,0,0,0,0,0,0,0,0,0,0,0,8,0,39.9669,-75.2077, , 
 ,34572,2014037761,6,67,67301,2014,4,6,1629,16,1,2,1,4,1, , ,N,1,2,0,3,0,33,33,5,N,N,39 57:26.638,75 09:25.497,1750, ,1735,3,2,7,N, ,3,Y, , , , ,407268, , , ,5,3,0,1,0,0,1,0,0,0,0,12,33,21,0,0,0,0,0,0,1,0,0,0,0,0,0,0,0,0,0,0,0,0,0,4,1,39.9574,-75.1571, , 
 ,34573,2014050309,6,67,67301,2014,4,3,9999,99,1,1,1,1,1, , ,N,1,2,0,3,0,1,4,3,N,N,39 58:26.859,75 12:15.536,815, ,806, ,0, ,N, ,3, , , , , ,407279, , , ,3,1,0,0,0,0,2,0,0,0,0,1,1,0,2,0,0,0,0,0,0,0,0,0,0,0,0,0,0,0,0,0,0,0,0,4,0,39.9741,-75.2043, , 
 ,34574,2014029191,6,67,67301,2014,2,2,1635,16,1,1,1,7,2, , ,N,0,0,0,3,0,1,2,1,N,N,39 57:28.068,75 10:49.232,1642, ,1637,1,1,3,N, ,0,N, , , , ,407311, , , ,1,1,0,0,0,0,0,0,0,0,0,1,1,0,0,0,0,0,0,0,0,0,0,0,0,0,0,0,0,0,0,0,0,0,0,4,0,39.9578,-75.1803, , 
 ,34575,2014049488,6,67,67301,2014,4,7,1144,11,1,1,0,4,1, , ,N,1,2,0,3,0,3,3,2,N,N,39 57:07.498,75 12:20.102,1145, ,1145, ,0, ,N, ,3, , , , , ,407325, , , ,2,0,0,0,0,0,1,1,0,0,0,0,3,3,0,0,0,0,0,1,0,0,0,0,0,0,0,0,0,0,0,0,0,0,0,8,0,39.9521,-75.2056, , 
 ,34576,2014012690,6,67,67301,2014,1,2,2037,20,3,1,0,7,3, , ,N,0,0,0,3,0,1,1,1,N,N,39 59:22.844,75 05:14.982,2054, ,2043, ,0, ,Y, ,0, , , , , ,407348, , , ,1,1,0,0,0,0,0,0,0,0,0,1,1,0,0,0,0,0,0,0,0,0,0,0,0,0,0,0,0,0,0,0,0,0,0,4,0,39.9897,-75.0875, , 
 ,34577,2014014522,6,67,67301,2014,2,2,1612,16,1,1,4,7,4, , ,N,0,8,0,3,0,1,1,1,N,N,40 00:39.375,75 11:01.818,1615, ,1612,2,1,2,Y, ,3,N, , , , ,407350, , , ,1,1,0,0,0,0,0,0,0,0,0,1,1,0,0,0,0,0,0,0,0,0,0,0,0,0,0,0,0,0,0,0,0,0,0,4,0,40.0109,-75.1838, , 
 ,34578,2014025895,6,67,67301,2014,1,4,1230,12,1,1,0,4,1, , ,N,2,3,0,3,0,1,2,2,N, ,40 01:44.212,75 06:47.365,1345, ,1340, ,0, , , ,3, , , , , ,407355, , , ,2,0,0,0,0,0,2,0,0,0,0,1,1,0,0,0,0,0,0,0,0,0,0,0,0,0,0,0,0,0,0,0,0,0,0,4,0,40.0289,-75.1132, , 
 ,34579,2014025307,6,67,67301,2014,1,1,2010,20,3,2,1,1,1, , ,N,0,2,0,3,0,0,3,3,N,N,39 55:16.034,75 11:38.630,2025, ,2013, ,0, , , ,3, , , , , ,398053, , , ,3,0,0,0,2,0,0,0,0,0,0,0,0,0,0,0,0,0,1,0,0,0,0,2,0,0,0,0,0,0,0,0,0,0,0,0,0,39.9211,-75.1941, , 
 ,34580,2014029892,6,67,67301,2014,2,4,1203,12,1,1,0,8,1, , ,N,1,2,0,3,0,1,2,2,N,N,39 56:30.552,75 09:57.032,1215, ,1210,2,2,2,N, ,3,Y, , , , ,398057, , , ,1,0,0,0,0,0,0,1,0,0,0,0,1,1,1,0,0,0,0,0,0,0,0,0,0,0,0,0,0,0,0,0,1,0,0,8,0,39.9418,-75.1658, , 
 ,34581,2014049631,6,67,67301,2014,4,2,1835,18,4,2,1,4,1, , ,N,0,0,7,3,0,0,3,2,N, ,40 02:46.566,75 00:56.134,1841, ,1840, ,0, , , ,0, , , , , ,398075, , , ,2,2,0,0,0,0,0,0,0,0,0,0,0,0,0,0,0,0,0,0,0,0,0,0,0,0,0,0,0,0,0,0,0,0,0,0,0,40.0463,-75.0156, , 
 ,34582,2014032365,6,67,67301,2014,2,5,516,5,3,1,1,5,1, , ,N,0,0,0,3,0,1,2,2,N,N,39 53:43.223,75 13:53.553,526, ,516, ,0, ,N, ,0, , , , , ,398103, , , ,2,1,0,0,0,1,0,0,0,0,0,1,1,0,0,0,0,0,0,0,2,0,0,0,0,0,0,0,0,0,0,0,0,0,0,4,1,39.8953,-75.2315, , 
 ,34583,2014044261,6,67,67301,2014,4,3,728,7,1,1,0,6,1, , ,N,0,0,0,3,0,1,2,2,N,N,39 57:24.956,75 09:17.011,743, ,733,1,1,3,Y, ,0,N, , , , ,398115, , , ,2,1,0,0,0,1,0,0,0,0,0,1,1,0,0,0,0,0,0,0,0,0,0,0,0,0,0,0,0,0,0,0,0,0,0,4,0,39.9569,-75.1547, , 
 ,34584,2014016247,6,67,67301,2014,1,1,2025,20,3,1,0,5,1, , ,N,0,0,0,3,0,1,3,2,N,N,40 00:10.024,75 11:40.037,2036, ,2036,1,1,4,N, ,0,Y, , , , ,398140, , , ,2,2,0,0,0,0,0,0,0,0,0,1,1,0,0,0,0,0,0,0,0,0,0,0,0,0,0,0,0,0,0,0,0,0,0,4,0,40.0028,-75.1945, , 
 ,34585,2014016959,6,67,67301,2014,1,5,930,9,1,1,0,8,1, , ,N,2,3,0,3,0,1,2,2,N, ,40 05:24.058,74 58:04.896,1258, ,1257, ,0, , , ,3, , , , , ,398141, , , ,1,1,0,0,0,0,0,0,0,0,0,1,1,0,0,0,0,0,0,0,0,0,0,0,0,0,0,0,0,0,0,0,1,0,0,4,0,40.09,-74.9681, , 
 ,34586,2014034151,6,67,67301,2014,2,4,1902,19,3,1,0,8,1, , ,N,0,8,0,3,0,1,2,2,N,N,39 58:17.939,75 12:58.135,1930, ,1924,9,1,6,N, ,3,N, , , , ,398151, , , ,1,1,0,0,0,0,0,0,0,0,0,1,1,0,0,0,0,0,0,0,0,0,0,0,0,0,0,0,0,0,0,0,1,0,0,4,0,39.9716,-75.2161, , 
 ,34587,2014061100,6,67,67301,2014,5,6,2342,23,3,1,0,5,6, , ,N,0,0,0,3,0,2,2,2,N,N,39 58:10.733,75 13:27.245,2344, ,2344, ,0, ,N, ,0, , , , , ,398176, , , ,2,2,0,0,0,0,0,0,0,0,0,0,2,2,0,0,0,0,0,0,0,0,0,0,0,0,0,0,0,0,0,0,0,0,0,8,0,39.9696,-75.2242, , 
 ,34588,2014002414,6,67,67301,2014,1,6,1531,15,1,1,6,1,3, , ,N,0,0,3,3,0,2,3,2,N,N,39 53:13.428,75 12:18.362,1536, ,1532,2,1,2,N, ,0,N, , , , ,398180, , , ,2,0,0,0,1,0,1,0,0,0,0,0,2,2,0,0,0,0,0,0,0,0,0,2,0,0,0,0,0,0,0,0,0,0,0,8,0,39.8871,-75.2051, , 
 ,34589,2014016928,6,67,67301,2014,1,6,150,1,3,1,0,6,1, , ,N,0,0,0,3,0,0,1,2,N, ,39 59:48.235,75 10:49.159,210, ,200, ,0, , , ,0, , , , , ,398192, , , ,2,2,0,0,0,0,0,0,0,0,0,0,0,0,0,0,0,0,0,0,0,0,0,0,0,0,0,0,0,0,0,0,0,0,0,0,0,39.9967,-75.1803, , 
 ,34590,2014029879,6,67,67301,2014,2,6,925,9,1,1,6,4,1, , ,N,1,3,0,3,0,0,2,2,N,N,40 01:18.739,75 09:06.472,933, ,930, ,0, ,N, ,3, , , , , ,398210, , , ,2,2,0,0,0,0,0,0,0,0,0,0,0,0,0,0,0,0,0,0,0,0,1,0,0,0,0,0,0,0,0,0,0,0,0,0,0,40.0219,-75.1518, , 
 ,34591,2014038942,6,67,67301,2014,3,7,910,9,1,1,0,4,1, , ,N,1,3,0,3,0,3,3,3,N,N,40 02:33.757,75 00:41.124,917, ,915,1,1,1,N, ,3,N, , , , ,398218, , , ,3,2,0,0,0,0,1,0,0,0,0,0,3,3,0,0,0,0,0,0,1,0,0,0,0,0,0,0,0,0,0,0,0,0,0,8,0,40.0427,-75.0114, , 
 ,34592,2014038986,6,67,67301,2014,3,1,1420,14,1,1,0,8,1, , ,N,1,2,0,3,0,1,2,2,N,N,39 56:47.500,75 09:39.776,1425, ,1421,1,1,2, , ,3,N, , , , ,398219, , , ,1,0,0,0,1,0,0,0,1,0,0,1,1,0,0,0,0,0,0,0,0,0,0,0,0,0,0,0,0,0,0,0,0,0,0,4,0,39.9465,-75.161, , 
 ,34593,2014039039,6,67,67301,2014,3,5,1400,14,1,1,0,4,1, , ,N,1,3,0,3,0,0,2,2,N,N,39 58:55.369,75 08:52.659,1400, ,1510, ,0, ,N, ,3, , , , , ,398220, , , ,2,2,0,0,0,0,0,0,0,0,0,0,0,0,0,0,0,0,0,0,0,0,0,0,0,0,0,0,0,0,0,0,0,0,0,0,0,39.982,-75.148, , 
 ,34594,2014016952,6,67,67301,2014,1,3,1545,15,1,1,0,8,1, , ,N,0,0,0,3,0,1,2,2,N,N,39 59:22.481,75 09:19.517,1330, ,1327, ,0, ,N, ,0, , , , , ,398231, , , ,1,0,0,0,0,0,1,0,0,0,1,0,1,0,0,0,0,0,0,0,0,0,0,0,0,0,0,0,0,0,0,0,1,0,0,3,0,39.9896,-75.1554, , 
 ,34595,2014025278,6,67,67301,2014,1,6,1638,16,4,1,3,8,1, , ,N,1,3,0,3,0,1,2,2,N,N,40 03:07.828,75 05:35.123,1645, ,1641, ,0, ,N, ,3, , , , , ,398238, , , ,1,1,0,0,0,0,0,0,0,0,0,1,1,0,0,0,0,0,0,0,0,0,0,0,0,0,0,0,0,0,0,0,1,0,0,4,0,40.0522,-75.0931, , 
 ,34596,2014025505,6,67,67301,2014,1,6,1329,13,1,1,0,1,1, , ,N,1,2,0,3,0,2,3,2,N,N,40 01:56.132,75 03:27.626,1346, ,1343, ,0, , , ,3, , , , , ,398239, , , ,2,2,0,0,0,0,0,0,0,0,2,0,2,0,0,0,0,0,0,0,0,0,0,0,0,0,0,0,0,0,0,0,0,0,0,3,0,40.0323,-75.0577, , 
 ,34597,2014084210,6,67,67301,2014,7,5,2220,22,6,2,1,7,4, , ,N,0,0,0,3,0,1,2,1,N,N,39 59:16.880,75 13:01.990,2235, ,2232,5,2,6,N, ,0,Y, , , , ,402495, , , ,1,0,0,0,1,0,0,0,0,0,0,0,1,1,1,0,0,0,0,0,0,0,0,0,0,0,0,0,0,0,0,0,0,0,0,8,0,39.988,-75.2172, , 
 ,34598,2014096426,6,67,67301,2014,9,7,1600,16,1,1,0,2,1, , ,N,1,2,0,3,0,1,3,2,N, ,40 03:42.317,75 03:21.839,1608, ,1603, ,0, , , ,3, , , , , ,402509, , , ,2,1,0,0,0,0,1,0,0,0,0,1,1,0,0,0,0,0,0,1,1,0,0,0,0,0,0,0,0,0,0,0,0,0,0,4,0,40.0618,-75.0561, , 
 ,34599,2014016151,6,67,67301,2014,1,6,837,8,5,3,5,7,4, , ,N,2,2,0,3,0,0,1,1,N,N,40 06:25.084,75 02:13.815,840, ,837,3,2,3,Y, ,3,Y, , , , ,402525, , , ,1,1,0,0,0,0,0,0,0,0,0,0,0,0,0,0,0,0,0,0,0,0,0,0,0,0,0,0,0,0,0,0,0,0,0,0,0,40.107,-75.0372, , 
 ,34600,2014019111,6,67,67301,2014,1,3,1048,10,1,2,1,7,4, , ,N,0,0,0,3,0,1,2,1,N,N,40 00:59.769,75 12:09.505,1056, ,1049,1,1,1,N, ,0,N, , , , ,402569, , , ,1,0,0,0,0,0,1,0,0,0,0,1,1,0,0,0,0,0,0,0,1,0,0,0,0,0,0,0,0,0,0,0,0,0,0,4,0,40.0166,-75.2026, , 
 ,34601,2014051758,6,67,67301,2014,4,7,1238,12,1,1,0,5,1, , ,N,0,0,0,3,0,1,2,2,N,N,40 00:05.943,75 06:17.940,1600, ,1238, ,0, ,N, ,0, , , , , ,402602, , , ,1,1,0,0,0,0,0,0,1,0,0,0,1,1,0,0,0,0,0,0,1,0,0,0,0,0,0,0,0,0,0,0,0,0,0,8,0,40.0017,-75.105, , 
 ,34602,2014052391,6,67,67301,2014,3,7,230,2,3,1,0,5,1, , ,N,0,0,0,3,0,2,3,2,N, ,40 01:13.905,75 09:20.814,235, ,230, ,0, , , ,0, , , , , ,402603, , , ,2,1,0,0,0,1,0,0,0,0,0,2,2,0,0,0,0,0,0,0,0,0,0,0,0,0,0,0,0,0,0,0,0,0,0,4,1,40.0205,-75.1558, , 
 ,34603,2014032497,6,67,67301,2014,2,4,9999,99,1,1,4,4,1, , ,N,1,2,0,3,0,0,2,2,N,N,39 58:15.014,75 09:14.922,1729, ,1711,1,1,4,N, ,3,N, , , , ,402632, , , ,2,2,0,0,0,0,0,0,0,0,0,0,0,0,1,0,0,0,0,0,0,0,0,0,0,0,0,0,0,0,0,0,0,0,0,9,0,39.9707,-75.1541, , 
 ,34604,2014038920,6,67,67301,2014,3,3,755,7,5,1,0,6,1, , ,N,0,0,0,3,0,1,3,3,N,N,40 01:10.358,75 11:29.014,800, ,802,2,1,5,N, ,0,N, , , , ,402685, , , ,3,2,0,0,1,0,0,0,0,0,0,1,1,0,0,0,0,0,0,0,1,0,0,0,0,0,0,0,0,0,0,0,0,0,0,4,0,40.0195,-75.1914, , 
 ,34605,2014024757,6,67,67301,2014,2,3,850,8,1,4,1,7,2, , ,N,0,0,0,3,0,1,1,1,N,N,39 59:18.410,75 05:18.180,850, ,850,1,1,1,N, ,0,N, , , , ,402725, , , ,1,0,0,0,0,0,0,1,0,0,0,1,1,0,0,0,0,0,0,0,0,0,0,0,0,0,0,0,0,0,0,0,0,0,0,4,0,39.9884,-75.0884, , 
 ,34606,2014042695,6,67,67301,2014,3,6,2345,23,3,1,0,4,1, , ,N,1,2,0,3,0,1,2,2,N, ,39 58:25.604,75 14:43.036,317, ,317, ,0, , , ,3, , , , , ,402738, , , ,2,1,0,0,0,0,1,0,0,0,0,1,1,0,0,0,0,0,0,0,0,0,0,0,0,0,0,0,0,0,0,0,0,0,0,4,0,39.9738,-75.2452, , 
 ,34607,2014046690,6,67,67301,2014,4,3,2034,20,3,2,1,7,2, , ,N,6,0,0,3,0,0,1,1,N,N,39 53:35.717,75 13:42.269,2110, ,2036, ,0, ,N, ,0, , , , , ,402742, , , ,1,1,0,0,0,0,0,0,0,0,0,0,0,0,0,0,0,0,1,0,0,0,0,0,0,0,0,0,0,0,0,0,0,0,0,0,0,39.8933,-75.2284, , 
 ,34608,2014048797,6,67,67301,2014,5,2,1536,15,1,1,0,1,1, , ,N,0,0,0,3,0,2,5,3,N,N,39 57:30.407,75 10:02.439,1536, ,1536,1,2,3,N, ,0,N, , , , ,402743, , , ,3,2,0,0,0,0,1,0,0,0,0,0,2,2,0,0,0,0,0,0,1,1,0,1,0,0,0,0,0,0,0,0,0,0,0,8,0,39.9584,-75.1673, , 
 ,34609,2014049864,6,67,67301,2014,4,6,1240,12,1,7,0,1,1, , ,N,0,0,0,3,0,1,2,2,N, ,39 57:25.124,75 13:32.263,149, ,1250, ,0, , , ,0, , , , , ,402745, , , ,2,1,0,0,0,0,0,0,0,0,1,0,1,0,0,0,0,0,0,0,0,0,0,0,0,0,0,0,0,0,0,0,0,0,0,3,0,39.957,-75.2256, , 
 ,34610,2014016929,6,67,67301,2014,1,2,1238,12,1,2,1,6,1, , ,N,0,0,0,3,0,0,1,2,N,N,39 56:28.003,75 13:28.362,1244, ,1238, ,0, ,N, ,0, , , , , ,402764, , , ,2,2,0,0,0,0,0,0,0,0,0,0,0,0,0,0,0,0,0,0,0,0,0,1,0,0,0,0,0,0,0,0,0,0,0,0,0,39.9411,-75.2245, , 
 ,34611,2014051763,6,67,67301,2014,4,2,1445,14,1,2,1,8,1, , ,N,0,0,0,3,0,1,2,2,N,N,39 56:53.674,75 09:44.571,1459, ,1449,1,1,1,N, ,0,N, , , , ,402793, , , ,1,0,0,0,0,0,0,1,0,0,0,0,1,1,0,0,0,0,0,0,0,0,0,0,0,0,0,0,0,0,0,0,1,0,0,8,0,39.9482,-75.1624, , 
 ,34612,2014034268,6,67,67301,2014,2,5,1525,15,1,1,0,4,1, , ,N,1,2,0,3,0,1,2,2,N,N,39 58:47.528,75 08:34.317,1540, ,1533, ,0, ,N, ,3, , , , , ,402824, , , ,2,1,0,0,0,0,1,0,0,0,0,1,1,0,0,0,0,0,0,0,0,1,0,0,0,0,0,0,0,0,0,0,0,0,0,4,0,39.9799,-75.1429, , 
 ,34613,2014056989,6,67,67301,2014,4,5,1054,10,1,1,0,8,1, , ,N,0,0,0,3,0,1,2,2,N,N,40 02:07.914,75 02:35.307,1105, ,1058, ,0, ,N, ,0, , , , , ,402840, , , ,1,0,0,0,0,0,0,1,0,0,0,0,1,1,0,0,0,0,0,0,0,0,0,0,0,0,0,0,0,0,0,0,1,0,0,8,0,40.0355,-75.0431, , 
 ,34614,2014059010,6,67,67301,2014,5,1,1550,15,1,1,0,5,1, , ,N,0,0,0,3,0,0,1,3,N,N,40 02:33.406,75 05:48.212,1558, ,1554, ,0, ,N, ,0, , , , , ,402844, , , ,3,2,0,0,0,0,1,0,0,0,0,0,0,0,0,0,0,0,0,0,0,0,0,0,0,0,0,0,0,0,0,0,0,0,0,0,0,40.0426,-75.0967, , 
 ,34615,2014025380,6,67,67301,2014,1,6,1400,14,1,4,5,1,1, , ,N,2,2,0,3,0,1,4,4,N,N,40 05:10.582,75 02:45.913,1418, ,1419, ,0, ,N, ,3, , , , , ,411165, , , ,4,1,0,0,0,0,0,3,0,0,0,0,1,1,0,0,0,0,0,1,2,0,1,0,0,0,0,0,0,0,0,0,0,0,0,8,0,40.0863,-75.0461, , 
 ,34616,2014025868,6,67,67301,2014,1,1,1750,17,3,1,1,1,1, , ,N,0,2,0,3,0,1,3,3,N,N,39 54:19.642,75 11:39.527,1800, ,1800,9,1,3,N, ,3,N, , , , ,411167, , , ,3,2,0,0,0,0,1,0,0,0,0,0,1,1,0,0,0,0,0,0,0,0,0,0,0,0,0,0,0,0,0,0,0,0,0,8,0,39.9055,-75.1943, , 