wz_ln_closure,objectid_1,crn,district,county,municipality,crash_year,crash_month,day_of_week,time_of_day,hour_of_day,illumination,weather,road_condition,collision_type,relation_to_road,work_zone_type,work_zone_loc,work_zone_ind,intersect_type,tcd_type,location_type,urban_rural,fatal_count,injury_count,person_count,total_units,sch_bus_ind,sch_zone_ind,latitude,longitude,arrival_tm,cons_zone_spd_lim,dispatch_tm,est_hrs_closed,lane_closed,ln_close_dir,ntfy_hiwy_maint,spec_juris_cd,tcd_func_cd,tfc_detour_ind,workers_pres,wz_close_detour,wz_flagger,wz_law_offcr_ind,objectid,wz_moving,wz_other,wz_shlder_mdn,vehicle_count,automobile_count,motorcycle_count,bus_count,small_truck_count,heavy_truck_count,suv_count,van_count,bicycle_count,maj_inj_count,mod_inj_count,min_inj_count,tot_inj_count,unk_inj_deg_count,unk_inj_per_count,driver_count_16yr,driver_count_17yr,driver_count_18yr,driver_count_19yr,driver_count_20yr,driver_count_50_64yr,driver_count_65_74yr,driver_count_75plus,unbelted_occ_count,unb_death_count,unb_maj_inj_count,belted_death_count,belted_maj_inj_count,mcycle_death_count,mcycle_maj_inj_count,bicycle_death_count,bicycle_maj_inj_count,ped_count,ped_death_count,ped_maj_inj_count,max_severity_level,comm_veh_count,dec_lat,dec_long,rdwy_surf_type_cd,county_name
 ,34817,2014016961,6,67,67301,2014,1,6,1125,11,1,2,1,5,1, , ,N,1,2,0,3,0,0,2,2,N,N,40 03:08.339,75 00:28.750,1143, ,1140,2,1,3,N, ,3,N, , , , ,403539, , , ,2,0,0,0,0,0,1,1,0,0,0,0,0,0,0,0,0,0,0,0,1,0,0,0,0,0,0,0,0,0,0,0,0,0,0,0,0,40.0523,-75.008, , 
 ,34818,2014030380,6,67,67301,2014,3,7,1917,19,3,1,0,1,1, , ,N,0,0,0,3,0,4,5,2,N,N,39 57:48.859,75 11:02.345,1931, ,1920, ,0, ,N, ,0, , , , , ,403551, , , ,2,2,0,0,0,0,0,0,0,0,0,4,4,0,0,0,1,0,0,0,0,0,0,0,0,0,0,0,0,0,0,0,0,0,0,4,0,39.9636,-75.184, , 
 ,34819,2014049711,6,67,67301,2014,4,7,131,1,3,1,0,5,6, , ,N,0,0,0,3,0,0,1,2,N,N,39 55:38.140,75 10:55.887,133, ,133, ,0, ,N, ,0, , , , , ,403563, , , ,2,0,0,0,0,0,2,0,0,0,0,0,0,0,0,0,0,0,0,0,0,0,0,0,0,0,0,0,0,0,0,0,0,0,0,0,0,39.9273,-75.1822, , 
 ,34820,2014050522,6,67,67301,2014,5,7,1725,17,1,1,0,4,1, , ,N,1,2,0,3,0,1,2,2,N,N,39 59:21.634,75 09:19.704,1727, ,1726, ,0, ,N, ,3, , , , , ,403565, , , ,1,1,0,0,0,0,0,0,1,0,0,0,1,1,0,0,0,0,0,0,0,1,0,0,0,0,0,0,0,0,0,0,0,0,0,8,0,39.9893,-75.1555, , 
 ,34821,2014044259,6,67,67301,2014,4,4,1841,18,1,1,0,7,2, , ,N,0,0,0,3,0,0,1,1,N,N,39 53:05.648,75 14:37.108,1909, ,1841, ,0, ,Y, ,0, , , , , ,403605, , , ,1,1,0,0,0,0,0,0,0,0,0,0,0,0,0,0,0,0,0,0,0,0,0,0,0,0,0,0,0,0,0,0,0,0,0,0,0,39.8849,-75.2436, , 
 ,34822,2014054600,6,67,67301,2014,4,5,1540,15,1,1,0,8,1, , ,N,1,2,0,3,0,1,2,2,N,N,40 02:20.709,75 08:41.028,1540, ,1540, ,0, ,N, ,3, , , , , ,403613, , , ,1,0,0,0,0,0,1,0,0,0,0,1,1,0,0,0,0,0,0,0,0,0,0,0,0,0,0,0,0,0,0,0,1,0,0,4,0,40.039,-75.1446, , 
 ,34823,2014059213,6,67,67301,2014,5,1,2302,23,3,1,0,4,1, , ,N,1,2,1,3,0,4,6,3,N,N,40 00:25.549,75 05:38.543,2321, ,2316,1,1,2,N, ,3,N, , , , ,403618, , , ,3,3,0,0,0,0,0,0,0,0,0,4,4,0,0,0,0,0,0,0,0,0,0,0,0,0,0,0,0,0,0,0,0,0,0,4,0,40.0071,-75.094, , 
 ,34824,2014042285,6,67,67301,2014,4,7,150,1,3,1,0,7,2, , ,N,0,0,2,3,0,2,3,1,N,N,39 57:45.265,75 11:00.863,155, ,152,1,2,4,N, ,0,Y, , , , ,403651, , , ,1,0,0,0,0,0,1,0,0,0,0,0,2,2,0,0,0,0,0,0,0,0,0,2,0,0,0,0,0,0,0,0,0,0,0,8,0,39.9626,-75.1836, , 
 ,34825,2014052530,6,46,46102,2014,5,6,2157,21,3,2,1,2,1, , ,N,0,0,0,3,0,1,2,2,N,N,40 03:09.370,75 06:02.368,2200, ,2157,2,2,3,N, ,0,Y, , , , ,403659, , , ,2,1,0,0,0,0,0,1,0,0,0,0,1,1,0,0,0,0,0,0,1,0,0,1,0,0,0,0,0,0,0,0,0,0,0,8,0,40.0526,-75.1007, , 
 ,34826,2014054511,6,67,67301,2014,4,3,2305,23,3,2,1,4,1, , ,N,3,0,0,3,0,2,2,2,N,N,40 00:29.592,75 05:41.301,2316, ,2313, ,0, ,N, ,0, , , , , ,403661, , , ,2,1,0,0,0,0,1,0,0,0,0,0,2,2,0,0,0,0,0,0,0,0,0,0,0,0,0,0,0,0,0,0,0,0,0,8,0,40.0082,-75.0948, , 
 ,34827,2014059291,6,67,67301,2014,5,3,2132,21,6,9,0,8,1, , ,N,1,2,0,3,0,1,2,2,N,N,39 57:06.984,75 09:35.699,822, ,818, ,0, , , ,3, , , , , ,403669, , , ,1,1,0,0,0,0,0,0,0,0,0,1,1,0,0,0,0,0,0,0,0,0,0,0,0,0,0,0,0,0,0,0,1,0,0,4,0,39.9519,-75.1598, , 
 ,34828,2014013287,6,67,67301,2014,1,7,1728,17,3,4,3,7,3, , ,N,0,0,0,3,0,0,1,1,N,N,39 58:48.619,75 06:20.114,1730, ,1730,1,1,1,N, ,0,N, , , , ,403680, , , ,1,1,0,0,0,0,0,0,0,0,0,0,0,0,0,0,0,0,0,0,0,0,0,0,0,0,0,0,0,0,0,0,0,0,0,0,0,39.9802,-75.1056, , 
 ,34829,2014043463,6,67,67301,2014,4,5,1626,16,1,1,0,1,1, , ,N,0,0,0,3,0,1,4,2,N,N,40 00:33.540,75 03:58.001,1650, ,1632, ,0, ,N, ,0, , , , , ,403699, , , ,2,1,0,0,0,0,1,0,0,0,0,1,1,0,0,0,0,0,0,0,1,0,0,0,0,0,0,0,0,0,0,0,0,0,0,4,0,40.0093,-75.0661, , 
 ,34830,2014056678,6,67,67301,2014,5,5,748,7,1,2,1,4,1, , ,N,1,3,0,3,0,2,4,2,N,N,39 57:51.303,75 08:47.245,748, ,748, ,0, ,N, ,3, , , , , ,403710, , , ,2,1,0,0,0,0,1,0,0,0,0,1,2,1,0,0,0,0,0,0,0,0,0,2,0,0,0,0,0,0,0,0,0,0,0,4,0,39.9643,-75.1465, , 
 ,34831,2014030280,6,67,67301,2014,2,4,2332,23,3,4,3,7,3, , ,N,0,0,0,3,0,0,1,1,N,N,40 00:09.536,75 11:04.246,2348, ,2332, ,0, ,N, ,0, , , , , ,403742, , , ,1,1,0,0,0,0,0,0,0,0,0,0,0,0,0,0,0,0,0,0,0,0,0,0,0,0,0,0,0,0,0,0,0,0,0,0,0,40.0026,-75.1845, , 
 ,34832,2014032385,6,67,67301,2014,2,3,2115,21,3,8,1,8,1, , ,N,5,3,0,3,0,1,2,2,N,N,39 56:14.190,75 10:36.127,2120, ,2120, ,0, ,N, ,3, , , , , ,403746, , , ,1,1,0,0,0,0,0,0,0,0,0,0,1,1,0,0,0,0,0,0,0,0,0,0,0,0,0,0,0,0,0,0,1,0,0,8,0,39.9373,-75.1767, , 
 ,34833,2014019101,6,67,67301,2014,1,6,930,9,1,1,0,4,1, , ,N,1,3,0,3,0,1,2,2,N, ,39 56:16.321,75 09:13.399,939, ,936, ,0, , , ,3, , , , , ,403783, , , ,1,0,0,0,1,0,0,0,1,0,0,1,1,0,0,0,0,0,0,0,0,0,0,0,0,0,0,0,0,0,0,0,0,0,0,4,0,39.9379,-75.1537, , 
 ,34834,2014025496,6,67,67301,2014,1,1,2140,21,3,1,4,4,1, , ,N,1,3,0,3,0,1,2,2,N,N,39 55:36.102,75 08:56.950,2147, ,2143, ,0, ,N, ,3, , , , , ,403790, , , ,2,1,0,0,0,0,0,1,0,0,0,0,1,1,0,0,0,0,0,0,0,1,0,0,0,0,0,0,0,0,0,0,0,0,0,8,0,39.9267,-75.1492, , 
 ,34835,2014050285,6,67,67301,2014,4,5,1501,15,1,1,0,4,1, , ,N,1,3,0,3,0,0,3,2,Y,N,40 04:02.319,75 03:33.245,1523, ,1513, ,0, ,N, ,3, , , , , ,412048, , , ,2,1,0,1,0,0,0,0,0,0,0,0,0,0,0,0,0,0,0,0,0,1,0,0,0,0,0,0,0,0,0,0,0,0,0,0,1,40.0673,-75.0592, , 
 ,34836,2014054649,6,67,67301,2014,4,6,847,8,1,1,0,6,1, , ,N,0,0,2,3,0,1,2,2,N,N,40 00:50.203,75 10:45.930,905, ,855,2,1,2,N, ,0,N, , , , ,412051, , , ,2,2,0,0,0,0,0,0,0,0,0,1,1,0,0,0,0,0,0,0,0,0,0,0,0,0,0,0,0,0,0,0,0,0,0,4,0,40.0139,-75.1794, , 
 ,34837,2014013130,6,67,67301,2014,1,7,855,8,1,4,1,8,1, , ,N,0,0,0,3,0,1,3,2,N, ,40 01:16.862,75 07:33.546,915, ,908, ,0, , , ,0, , , , , ,412074, , , ,1,0,0,0,1,0,0,0,0,0,0,1,1,0,0,0,0,0,0,0,0,0,0,0,0,0,0,0,0,0,0,0,1,0,0,4,0,40.0214,-75.126, , 
 ,34838,2014025898,6,67,67301,2014,1,3,1600,16,4,1,0,4,1, , ,N,1,3,0,3,0,0,4,2,N,N,39 59:38.655,75 06:03.592,1630, ,1600, ,0, ,N, ,3, , , , , ,412084, , , ,2,2,0,0,0,0,0,0,0,0,0,0,0,0,0,0,0,0,0,0,0,0,0,0,0,0,0,0,0,0,0,0,0,0,0,0,0,39.9941,-75.101, , 
 ,34839,2014044161,6,67,67301,2014,3,1,315,3,3,1,0,7,3, , ,N,0,0,0,3,0,1,1,1,N,N,39 57:40.345,75 14:03.847,325, ,320, ,0, ,N, ,0, , , , , ,412101, , , ,1,1,0,0,0,0,0,0,0,0,0,1,1,0,0,0,0,0,0,0,0,0,0,0,0,0,0,0,0,0,0,0,0,0,0,4,0,39.9612,-75.2344, , 
 ,34840,2014029846,6,67,67301,2014,1,2,915,9,1,1,0,1,1, , ,N,0,0,0,3,0,0,4,2,N,N,39 56:09.679,75 11:30.971,940, ,938, ,0, ,N, ,0, , , , , ,412180, , , ,2,1,0,0,0,1,0,0,0,0,0,0,0,0,0,0,0,0,0,0,2,0,0,0,0,0,0,0,0,0,0,0,0,0,0,0,1,39.936,-75.1919, , 
 ,34841,2014049857,6,67,67301,2014,4,3,545,5,5,2,1,4,1, , ,N,1,2,0,3,0,1,2,2,N, ,39 59:34.615,75 06:37.098,1146, ,1112, ,0, , , ,3, , , , , ,412199, , , ,2,2,0,0,0,0,0,0,0,0,0,0,1,1,0,0,0,0,0,0,0,0,0,0,0,0,0,0,0,0,0,0,0,0,0,8,0,39.9929,-75.1103, , 
 ,34842,2014055531,6,67,67301,2014,5,7,2305,23,3,1,0,1,1, , ,N,0,0,0,3,0,5,6,2,N,N,39 59:34.490,75 12:02.452,2314, ,2307, ,0, ,N, ,0, , , , , ,412204, , , ,2,2,0,0,0,0,0,0,0,0,0,5,5,0,0,0,0,0,0,0,0,1,0,0,0,0,0,0,0,0,0,0,0,0,0,4,0,39.9929,-75.2007, , 
 ,34843,2014032472,6,67,67301,2014,2,4,235,2,3,1,0,1,6, , ,N,0,0,0,3,0,0,1,4,N,N,39 58:24.651,75 12:33.326,242, ,235, ,0, ,N, ,0, , , , , ,412239, , , ,4,2,0,0,1,0,1,0,0,0,0,0,0,0,0,0,0,0,0,0,0,0,0,1,0,0,0,0,0,0,0,0,0,0,0,0,0,39.9735,-75.2093, , 
 ,34844,2014040132,6,67,67301,2014,4,6,1208,12,1,1,0,4,1, , ,N,0,0,0,3,0,2,3,2,N,N,39 56:49.183,75 08:32.275,1232, ,1221,1,1,2,N, ,0,N, , , , ,412248, , , ,2,1,0,0,1,0,0,0,0,0,0,1,2,1,0,0,0,0,0,0,0,0,0,0,0,0,0,0,0,0,0,0,0,0,0,4,0,39.947,-75.1423, , 
 ,34845,2014043247,6,67,67301,2014,4,5,433,4,3,1,0,4,1, , ,N,1,2,0,3,0,2,3,2,N,N,40 01:53.211,75 05:04.703,437, ,434,2,2,5,N, ,3,Y, , , , ,412252, , , ,2,1,0,0,0,0,0,1,0,0,0,2,2,0,0,0,0,0,0,0,0,0,0,3,0,0,0,0,0,0,0,0,0,0,0,4,0,40.0314,-75.0846, , 
 ,34846,2014088337,6,67,67301,2014,7,1,130,1,3,1,0,4,1, , ,N,1,3,0,3,0,1,3,3,N,N,40 01:12.853,75 08:20.698,135, ,134, ,0, ,N, ,3, , , , , ,412286, , , ,3,1,0,0,0,0,1,1,0,0,1,0,1,0,0,0,0,0,0,0,0,0,0,0,0,0,0,0,0,0,0,0,0,0,0,3,0,40.0202,-75.1391, , 
 ,34847,2014091004,6,67,67301,2014,9,6,1610,16,1,1,0,1,1, , ,N,0,0,0,3,0,1,2,2,N,N,39 57:32.567,75 10:16.214,1644, ,1621,3,2,4,N, ,0,N, , , , ,412291, , , ,2,0,0,0,1,0,1,0,0,0,0,0,1,1,0,0,0,0,0,0,0,0,0,0,0,0,0,0,0,0,0,0,0,0,0,8,0,39.959,-75.1712, , 
 ,34848,2014035702,6,67,67301,2014,3,3,1900,19,3,1,8,4,1, , ,N,0,0,7,3,0,0,2,2,N, ,40 00:20.050,75 06:14.009,1925, ,1923, ,0, , , ,0, , , , , ,412338, , , ,2,2,0,0,0,0,0,0,0,0,0,0,0,0,0,0,0,0,0,0,1,0,0,0,0,0,0,0,0,0,0,0,0,0,0,0,0,40.0056,-75.1039, , 
 ,34849,2014013566,6,67,67301,2014,1,6,645,6,5,4,3,7,2, , ,N,0,0,1,3,0,2,4,3,N,N,40 00:53.382,75 10:40.316,710, ,654,2,1,2,N, ,0,N, , , , ,412362, , , ,3,0,0,0,1,1,1,0,0,0,0,2,2,0,0,0,0,0,0,0,1,0,0,0,0,0,0,0,0,0,0,0,0,0,0,4,1,40.0148,-75.1779, , 
 ,34850,2014019148,6,67,67301,2014,1,6,2003,20,6,2,1,8,1, , ,N,1,2,0,3,0,1,2,2,N, ,39 55:56.906,75 13:28.606,2014, ,2010,9,1,6, , ,3,N, , , , ,412366, , , ,1,1,0,0,0,0,0,0,0,0,1,0,1,0,0,0,0,0,0,0,0,0,0,0,0,0,0,0,0,0,0,0,1,0,0,3,0,39.9325,-75.2246, , 
 ,34851,2014049819,6,67,67301,2014,4,2,1123,11,1,2,1,4,1, , ,N,1,3,0,3,0,1,2,2,N, ,39 59:51.514,75 08:48.199,1130, ,1124, ,0, , , ,3, , , , , ,412395, , , ,2,1,0,0,0,0,1,0,0,1,0,0,1,0,0,0,0,0,0,0,1,0,0,0,0,0,0,0,0,0,0,0,0,0,0,2,0,39.9976,-75.1467, , 
 ,34852,2014050276,6,67,67301,2014,3,1,1940,19,4,2,1,8,1, , ,N,1,2,0,3,0,1,2,2,N,N,40 03:42.905,75 09:47.363,1520, ,1520, ,0, ,N, ,3, , , , , ,412396, , , ,1,0,0,0,1,0,0,0,0,0,0,1,1,0,1,0,0,0,0,0,0,0,0,0,0,0,0,0,0,0,0,0,1,0,0,4,0,40.0619,-75.1632, , 
 ,34853,2014032404,6,67,67301,2014,2,7,1103,11,1,1,0,1,1, , ,N,0,2,0,3,0,0,4,4,N, ,40 03:36.991,74 59:26.240,1107, ,1105,2,1,1, , ,3,N, , , , ,408527, , , ,4,1,0,0,2,0,1,0,0,0,0,0,0,0,0,0,0,0,0,0,1,1,0,0,0,0,0,0,0,0,0,0,0,0,0,0,0,40.0603,-74.9906, , 
 ,34854,2014038973,6,67,67301,2014,3,7,9999,99,1,1,0,8,1, , ,N,0,0,0,3,0,1,5,2,N,N,39 55:28.336,75 11:05.013,1702, ,1700,3,2,2,N, ,0,Y, , , , ,408535, , , ,1,0,0,0,0,0,1,0,0,0,1,0,1,0,0,0,0,0,0,0,0,0,0,0,0,0,0,0,0,0,0,0,1,0,0,3,0,39.9245,-75.1847, , 
 ,34855,2014049771,6,67,67301,2014,4,7,213,2,3,2,1,6,1, , ,N,0,0,0,3,0,0,3,3,N,N,39 55:19.313,75 14:46.926,252, ,246, ,0, ,N, ,0, , , , , ,408540, , , ,3,3,0,0,0,0,0,0,0,0,0,0,0,0,0,0,0,0,0,0,0,0,0,0,0,0,0,0,0,0,0,0,0,0,0,0,0,39.922,-75.2464, , 
 ,34856,2014034219,6,67,67301,2014,3,2,1835,18,3,4,1,1,1, , ,N,0,0,0,3,0,1,3,2,N,N,40 00:56.297,75 08:23.591,1919, ,1913, ,0, ,N, ,0, , , , , ,408564, , , ,2,0,0,0,0,0,1,1,0,0,0,1,1,0,0,0,0,0,0,0,0,0,0,0,0,0,0,0,0,0,0,0,0,0,0,4,0,40.0156,-75.1399, , 
 ,34857,2014050226,6,67,67301,2014,4,7,1400,14,1,1,0,5,6, , ,N,0,0,0,3,0,1,2,2,N,N,39 57:26.622,75 12:06.850,1830, ,1826, ,0, ,N, ,0, , , , , ,408578, , , ,1,0,0,0,0,0,0,1,1,1,0,0,1,0,0,0,0,0,0,0,0,0,0,0,0,0,0,0,0,0,0,1,0,0,0,2,0,39.9574,-75.2019, , 
 ,34858,2014059025,6,67,67301,2014,5,7,1513,15,1,1,0,4,1, , ,N,1,3,0,3,0,1,5,2,N,N,39 57:23.850,75 13:39.467,1518, ,1513,1,2,3, , ,3,Y, , , , ,408587, , , ,2,1,0,0,0,0,0,1,0,0,0,1,1,0,0,0,0,0,0,0,0,0,0,5,0,0,0,0,0,0,0,0,0,0,0,4,0,39.9566,-75.2276, , 
 ,34859,2014016133,6,67,67301,2014,1,5,1849,18,1,4,3,7,4, , ,N,1,0,0,3,0,0,1,1,N,N,39 56:23.564,75 11:17.779,1953, ,1944, ,0, ,N, ,0, , , , , ,408601, , , ,1,1,0,0,0,0,0,0,0,0,0,0,0,0,0,0,0,0,0,0,0,0,0,0,0,0,0,0,0,0,0,0,0,0,0,0,0,39.9399,-75.1883, , 
 ,34860,2014016485,6,67,67301,2014,2,3,1410,14,1,1,0,7,4, , ,N,0,0,0,3,0,0,1,1,N,N,39 55:38.975,75 08:48.073,1415, ,1410, ,0, ,N, ,0, , , , , ,408602, , , ,1,1,0,0,0,0,0,0,0,0,0,0,0,0,0,0,0,0,0,0,0,0,0,0,0,0,0,0,0,0,0,0,0,0,0,0,0,39.9275,-75.1467, , 
 ,34861,2014029840,6,67,67301,2014,1,7,2220,22,3,1,0,1,1, , ,N,5,2,0,3,0,0,6,4,N, ,39 54:19.501,75 10:24.816,2245, ,2226, ,0, , , ,3, , , , , ,408614, , , ,4,4,0,0,0,0,0,0,0,0,0,0,0,0,1,0,0,0,0,0,0,2,0,0,0,0,0,0,0,0,0,0,0,0,0,9,0,39.9054,-75.1736, , 
 ,34862,2014039376,6,67,67301,2014,3,6,1230,12,1,1,0,1,1, , ,N,1,2,0,3,0,1,6,3,N,N,40 06:00.676,75 01:18.249,1245, ,1236,1,1,3,N, ,3,N, , , , ,408621, , , ,3,2,0,0,1,0,0,0,0,0,0,1,1,0,0,1,0,0,0,0,1,0,0,0,0,0,0,0,0,0,0,0,0,0,0,4,0,40.1002,-75.0217, , 
 ,34863,2014054614,6,67,67301,2014,4,1,1042,10,1,1,0,4,1, , ,N,1,2,0,3,0,1,2,2,N, ,39 55:05.527,75 13:58.911,1044, ,1044, ,0, , , ,3, , , , , ,408624, , , ,2,2,0,0,0,0,0,0,0,0,0,1,1,0,0,0,0,0,0,0,0,0,0,0,0,0,0,0,0,0,0,0,0,0,0,4,0,39.9182,-75.233, , 
 ,34864,2014068581,6,67,67301,2014,6,6,9999,99,1,1,0,4,1, , ,N,0,0,7,3,0,2,3,2,N,N,40 02:20.083,75 11:21.711,1535, ,1527, ,0, ,N, ,0, , , , , ,408638, , , ,2,2,0,0,0,0,0,0,0,0,0,2,2,0,0,0,0,0,0,0,1,1,0,0,0,0,0,0,0,0,0,0,0,0,0,4,0,40.0389,-75.1894, , 
 ,34865,2014032471,6,67,67301,2014,2,1,1422,14,1,1,0,4,1, , ,N,0,0,0,3,0,0,1,3,N,N,39 59:04.170,75 06:59.183,1438, ,1435, ,0, ,N, ,0, , , , , ,408661, , , ,3,2,0,0,1,0,0,0,0,0,0,0,0,0,0,0,0,0,0,0,0,0,0,0,0,0,0,0,0,0,0,0,0,0,0,0,0,39.9845,-75.1164, , 
 ,34866,2014049813,6,67,67301,2014,4,5,1500,15,1,1,0,5,1, , ,N,2,0,0,3,0,1,2,2,N,N,39 53:02.245,75 13:50.120,1520, ,1500, ,0, ,N, ,0, , , , , ,408733, , , ,2,1,0,0,0,0,1,0,0,0,0,0,1,1,0,0,0,0,0,0,0,1,0,0,0,0,0,0,0,0,0,0,0,0,0,8,0,39.884,-75.2306, , 
 ,34867,2014016116,6,67,67301,2014,1,5,9999,99,3,4,4,1,1, , ,N,1,2,0,3,0,1,2,2,N,N,40 02:18.904,75 08:33.243,2347, ,2300, ,0, ,N, ,3, , , , , ,408749, , , ,2,1,0,0,1,0,0,0,0,0,0,0,1,1,0,0,0,0,0,0,0,0,0,0,0,0,0,0,0,0,0,0,0,0,0,8,0,40.0386,-75.1426, , 
 ,34868,2014032375,6,67,67301,2014,2,6,2100,21,3,2,1,8,1, , ,N,1,2,0,3,0,1,2,2,N,N,39 58:28.020,75 09:31.391,2115, ,2108, ,0, ,N, ,3, , , , , ,408759, , , ,1,0,0,0,0,0,1,0,0,0,0,1,1,0,0,0,0,0,0,0,0,0,0,0,0,0,0,0,0,0,0,0,1,0,0,4,0,39.9745,-75.1587, , 
 ,34869,2014067964,6,67,67301,2014,6,6,736,7,1,2,1,1,1, , ,N,0,0,0,3,0,1,2,2,N, ,40 07:55.549,75 00:36.020,747, ,736, ,0, , , ,0, , , , , ,408777, , , ,2,1,0,0,1,0,0,0,0,0,0,0,1,1,0,0,0,0,0,0,0,0,0,0,0,0,0,0,0,0,0,0,0,0,0,8,0,40.1321,-75.01, , 
 ,34870,2014012689,6,67,67301,2014,1,2,1756,17,3,1,0,1,1, , ,N,0,0,0,3,0,3,3,3,N,N,39 59:36.309,75 05:04.872,1810, ,1804,1,2,1,N, ,0,N, , , , ,408801, , , ,3,0,0,0,2,0,1,0,0,0,0,3,3,0,0,0,0,0,0,0,0,0,0,0,0,0,0,0,0,0,0,0,0,0,0,4,0,39.9934,-75.0847, , 
 ,34871,2014038948,6,67,67301,2014,3,7,9999,99,1,1,0,4,1, , ,N,1,2,0,3,0,0,2,2,N,N,39 58:51.614,75 10:32.213,1025, ,1020, ,0, ,N, ,3, , , , , ,399072, , , ,2,2,0,0,0,0,0,0,0,0,0,0,0,0,0,0,0,0,0,0,0,1,0,0,0,0,0,0,0,0,0,0,0,0,0,0,0,39.981,-75.1756, , 
 ,34872,2014042659,6,67,67301,2014,3,7,1927,19,3,2,1,8,1, , ,N,1,2,0,3,0,1,2,2,N,N,40 02:44.136,75 04:17.168,1933, ,1928, ,0, ,N, ,3, , , , , ,399077, , , ,1,0,0,0,1,0,0,0,0,0,0,0,1,1,1,0,0,0,0,0,0,0,0,0,0,0,0,0,0,0,0,0,1,0,0,8,0,40.0456,-75.0714, , 
 ,34873,2014059149,6,67,67301,2014,4,6,1313,13,1,1,0,1,6, , ,N,0,0,0,3,0,0,1,2,N,N,39 58:21.986,75 13:40.720,1330, ,1317, ,0, ,N, ,0, , , , , ,399088, , , ,2,2,0,0,0,0,0,0,0,0,0,0,0,0,0,0,0,0,0,0,1,0,0,0,0,0,0,0,0,0,0,0,0,0,0,0,0,39.9728,-75.228, , 
 ,34874,2014059296,6,67,67301,2014,5,7,2237,22,3,2,1,5,6, , ,N,0,0,0,3,0,1,1,3,N,N,40 03:09.433,75 08:02.080,45, ,40, ,0, ,N, ,0, , , , , ,399089, , , ,3,1,0,0,0,0,2,0,0,0,0,1,1,0,0,0,0,0,0,0,0,0,0,0,0,0,0,0,0,0,0,0,0,0,0,4,0,40.0526,-75.1339, , 
 ,34875,2014021547,6,67,67301,2014,1,2,1809,18,3,1,0,8,1, , ,N,0,0,0,3,0,1,2,2,N, ,40 01:08.138,75 06:54.846,1817, ,1812, ,0, , , ,0, , , , , ,399113, , , ,1,1,0,0,0,0,0,0,0,0,1,0,1,0,0,0,0,0,0,0,0,0,1,0,0,0,0,0,0,0,0,0,1,0,0,3,0,40.0189,-75.1152, , 
 ,34876,2014035831,6,67,67301,2014,3,1,247,2,3,2,1,7,7, , ,N,7,0,2,3,0,1,2,2,N,N,39 58:15.132,75 11:34.938,256, ,249,2,2,4,N, ,0,Y, , , , ,399121, , , ,2,2,0,0,0,0,0,0,0,0,0,0,1,1,0,0,0,0,0,0,0,0,0,0,0,0,0,0,0,0,0,0,0,0,0,8,0,39.9732,-75.1937, , 
 ,34877,2014016168,6,67,67301,2014,1,7,1038,10,1,4,4,8,1, , ,N,1,2,0,3,0,1,2,2,N,N,39 55:10.311,75 14:34.799,1048, ,1044, ,0, , , ,3, , , , , ,399156, , , ,1,1,0,0,0,0,0,0,0,0,0,0,1,1,0,0,0,0,0,0,0,0,0,0,0,0,0,0,0,0,0,0,1,0,0,8,0,39.9195,-75.243, , 
 ,34878,2014025304,6,67,67301,2014,1,6,9999,99,1,1,0,4,1, , ,N,0,0,7,3,0,0,2,2,N,N,39 59:25.008,75 06:03.667,1106, ,1102, ,0, ,N, ,0, , , , , ,399166, , , ,2,1,0,0,0,0,0,1,0,0,0,0,0,0,0,0,0,0,0,0,0,0,0,0,0,0,0,0,0,0,0,0,0,0,0,0,0,39.9903,-75.101, , 
 ,34879,2014038968,6,67,67301,2014,3,7,1105,11,1,1,0,6,1, , ,N,0,0,0,3,0,0,2,2,N,N,40 05:03.877,75 04:29.519,1113, ,1108, ,0, ,N, ,0, , , , , ,399178, , , ,2,2,0,0,0,0,0,0,0,0,0,0,0,0,0,0,0,0,0,0,1,0,0,0,0,0,0,0,0,0,0,0,0,0,0,0,0,40.0844,-75.0749, , 
 ,34880,2014013100,6,67,67301,2014,1,4,300,3,3,1,0,5,1, , ,N,0,0,0,3,0,0,1,4,N, ,39 59:51.102,75 08:44.683,320, ,300, ,0, , , ,0, , , , , ,399198, , , ,4,3,0,0,1,0,0,0,0,0,0,0,0,0,0,0,0,0,0,0,0,0,0,0,0,0,0,0,0,0,0,0,0,0,0,0,0,39.9975,-75.1457, , 
 ,34881,2014034228,6,67,67301,2014,2,6,2029,20,3,1,0,8,1, , ,N,1,2,0,3,0,1,2,2,N,N,39 59:46.445,75 10:20.401,2058, ,2030, ,0, ,N, ,3, , , , , ,399219, , , ,1,0,0,0,0,0,0,1,0,0,0,0,1,1,0,0,0,0,0,0,0,0,0,0,0,0,0,0,0,0,0,0,1,0,0,8,0,39.9962,-75.1723, , 
 ,34882,2014048233,6,67,67301,2014,4,3,1615,16,1,2,1,4,1, , ,N,1,3,0,3,0,3,4,2,N,N,40 01:35.133,75 03:04.075,1650, ,1645, ,0, ,N, ,3, , , , , ,399234, , , ,2,1,0,0,0,0,0,1,0,0,0,3,3,0,0,0,0,0,0,0,1,1,0,0,0,0,0,0,0,0,0,0,0,0,0,4,0,40.0264,-75.0511, , 