wz_ln_closure,objectid_1,crn,district,county,municipality,crash_year,crash_month,day_of_week,time_of_day,hour_of_day,illumination,weather,road_condition,collision_type,relation_to_road,work_zone_type,work_zone_loc,work_zone_ind,intersect_type,tcd_type,location_type,urban_rural,fatal_count,injury_count,person_count,total_units,sch_bus_ind,sch_zone_ind,latitude,longitude,arrival_tm,cons_zone_spd_lim,dispatch_tm,est_hrs_closed,lane_closed,ln_close_dir,ntfy_hiwy_maint,spec_juris_cd,tcd_func_cd,tfc_detour_ind,workers_pres,wz_close_detour,wz_flagger,wz_law_offcr_ind,objectid,wz_moving,wz_other,wz_shlder_mdn,vehicle_count,automobile_count,motorcycle_count,bus_count,small_truck_count,heavy_truck_count,suv_count,van_count,bicycle_count,maj_inj_count,mod_inj_count,min_inj_count,tot_inj_count,unk_inj_deg_count,unk_inj_per_count,driver_count_16yr,driver_count_17yr,driver_count_18yr,driver_count_19yr,driver_count_20yr,driver_count_50_64yr,driver_count_65_74yr,driver_count_75plus,unbelted_occ_count,unb_death_count,unb_maj_inj_count,belted_death_count,belted_maj_inj_count,mcycle_death_count,mcycle_maj_inj_count,bicycle_death_count,bicycle_maj_inj_count,ped_count,ped_death_count,ped_maj_inj_count,max_severity_level,comm_veh_count,dec_lat,dec_long,rdwy_surf_type_cd,county_name
 ,34883,2014013121,6,67,67301,2014,1,2,850,8,1,2,1,4,1, , ,N,0,3,7,3,0,0,2,2,N,N,40 01:41.227,75 10:57.450,855, ,855,1,1,4,N, ,3,N, , , , ,399242, , , ,2,2,0,0,0,0,0,0,0,0,0,0,0,0,0,0,0,0,0,0,1,0,0,0,0,0,0,0,0,0,0,0,0,0,0,0,0,40.0281,-75.1826, , 
 ,34884,2014016460,6,67,67301,2014,1,7,202,2,3,2,1,1,1, , ,N,5,2,2,3,0,1,2,2,N,N,39 55:17.964,75 11:24.722,202, ,202,1,1,3,N, ,3,N, , , , ,399246, , , ,2,0,0,0,1,0,1,0,0,0,0,0,1,1,0,0,0,0,0,0,0,0,0,0,0,0,0,0,0,0,0,0,0,0,0,8,0,39.9217,-75.1902, , 
 ,34885,2014025350,6,67,67301,2014,1,3,1022,10,1,2,1,4,1, , ,N,1,2,0,3,0,1,3,2,N,N,40 05:40.346,75 00:54.155,1038, ,1030,1,1,1,N, ,3,N, , , , ,399254, , , ,2,1,0,0,0,0,0,1,0,0,0,0,1,1,0,0,0,0,0,0,1,0,0,0,0,0,0,0,0,0,0,0,0,0,0,8,0,40.0945,-75.015, , 
 ,34886,2014044569,6,67,67301,2014,3,2,1823,18,1,1,0,4,1, , ,N,0,0,6,3,0,1,3,2,N, ,40 01:47.674,75 06:13.804,1827, ,1823,1,2,2, , ,0,N, , , , ,399275, , , ,2,2,0,0,0,0,0,0,0,0,0,0,1,1,0,0,0,0,0,0,0,0,0,0,0,0,0,0,0,0,0,0,0,0,0,8,0,40.0299,-75.1038, , 
Y,34887,2014012146,6,67,67301,2014,1,6,1510,15,1,1,1,1,1,1,2,Y,0,0,0,3,0,2,4,2,N,N,39 58:07.558,75 07:42.042,1541,45,1528, ,0, ,N, ,0, ,N,N,N,N,399293,N,N,Y,2,2,0,0,0,0,0,0,0,0,0,2,2,0,0,0,0,0,0,0,0,0,0,0,0,0,0,0,0,0,0,0,0,0,0,4,0,39.9688,-75.1283, , 
 ,34888,2014027715,6,67,67301,2014,1,5,233,2,3,4,4,1,1, , ,N,0,0,0,3,0,1,2,2,N,N,39 55:38.246,75 14:36.489,244, ,233, ,0, ,N, ,0, , , , , ,399348, , , ,2,1,0,0,0,0,0,0,0,0,0,0,1,1,0,0,0,0,0,0,0,0,0,0,0,0,0,0,0,0,0,0,0,0,0,8,0,39.9273,-75.2435, , 
 ,34889,2014032445,6,67,67301,2014,1,5,1503,15,1,1,0,8,1, , ,N,2,2,0,3,0,2,3,3,N,N,40 02:13.299,75 06:31.693,1550, ,1539,2,1,3, , ,3,N, , , , ,403795, , , ,1,1,0,0,0,0,0,0,0,0,0,0,2,2,0,0,0,0,0,0,0,0,1,0,0,0,0,0,0,0,0,0,2,0,0,8,0,40.0372,-75.109, , 
 ,34890,2014038962,6,67,67301,2014,3,5,2212,22,3,1,0,1,5, , ,N,0,0,0,3,0,1,2,2,N, ,40 04:48.086,75 03:08.053,2218, ,2212,1,2,2, , ,0,N, , , , ,403797, , , ,2,0,0,0,0,0,2,0,0,0,0,0,1,1,0,0,0,1,0,0,0,0,0,0,0,0,0,0,0,0,0,0,0,0,0,8,0,40.08,-75.0522, , 
 ,34891,2014049804,6,67,67301,2014,4,1,1112,11,1,1,0,4,1, , ,N,1,2,0,3,0,4,4,4,N,N,40 02:44.703,75 04:05.879,1119, ,1116,9,1,4,N, ,3,Y, , , , ,403813, , , ,4,1,0,0,0,0,1,2,0,0,0,4,4,0,0,0,0,0,0,0,0,0,0,0,0,0,0,0,0,0,0,0,0,0,0,4,0,40.0458,-75.0683, , 
 ,34892,2014059338,6,67,67301,2014,5,3,9999,99,1,1,0,4,1, , ,N,1,3,0,3,0,3,4,2,N, ,40 02:11.605,75 08:13.937,1823, ,1820, ,0, , , ,3, , , , , ,403821, , , ,2,2,0,0,0,0,0,0,0,0,1,2,3,0,0,0,0,0,0,0,0,1,0,0,0,0,0,0,0,0,0,0,0,0,0,3,0,40.0366,-75.1372, , 
 ,34893,2014079276,6,67,67301,2014,6,1,9999,99,3,1,0,7,4, , ,N,0,0,0,3,0,1,1,1,N,N,40 04:54.313,75 13:09.555,349, ,344, ,0, ,N, ,0, , , , , ,403842, , , ,1,1,0,0,0,0,0,0,0,0,1,0,1,0,0,0,0,0,0,0,0,0,0,0,0,0,0,0,0,0,0,0,0,0,0,3,0,40.0818,-75.2193, , 
 ,34894,2014089344,6,67,67301,2014,8,6,9999,99,3,1,0,1,1, , ,N,0,0,0,3,0,3,5,3,N,N,40 01:14.502,75 08:25.540,2233, ,2227,1,2,1,N, ,0,Y, , , , ,403856, , , ,3,2,0,0,0,0,1,0,0,0,0,3,3,0,0,0,0,0,0,0,2,0,0,0,0,0,0,0,0,0,0,0,0,0,0,4,0,40.0207,-75.1404, , 
 ,34895,2014096402,6,67,67301,2014,9,5,1540,15,1,1,0,4,5, , ,N,1,2,0,3,0,0,2,2,N,N,39 57:48.087,75 11:15.011,1746, ,1741, ,0, ,N, ,3, , , , , ,403863, , , ,2,1,0,0,0,0,1,0,0,0,0,0,0,0,0,0,0,0,0,0,0,0,0,2,0,0,0,0,0,0,0,0,0,0,0,0,0,39.9634,-75.1875, , 
 ,34896,2014013574,6,67,67301,2014,1,3,1830,18,4,1,0,8,1, , ,N,5,2,0,3,0,1,2,2,N,N,39 55:01.128,75 10:19.770,9999, ,1906, ,0, ,N, ,3, , , , , ,403875, , , ,1,1,0,0,0,0,0,0,0,0,0,0,1,1,0,0,0,0,0,0,0,1,0,0,0,0,0,0,0,0,0,0,1,0,0,8,0,39.9169,-75.1721, , 
 ,34897,2014025382,6,67,67301,2014,1,2,1458,14,1,1,0,4,1, , ,N,1,3,0,3,0,1,3,2,N,N,39 56:56.623,75 09:20.444,1539, ,1527, ,0, , , ,3, , , , , ,403883, , , ,2,2,0,0,0,0,0,0,0,0,0,1,1,0,0,0,0,0,0,0,0,0,0,0,0,0,0,0,0,0,0,0,0,0,0,4,0,39.9491,-75.1557, , 
 ,34898,2014027695,6,67,67301,2014,2,7,315,3,3,1,0,1,6, , ,N,0,0,0,3,0,2,2,4,N, ,40 05:22.892,74 59:02.188,318, ,316,4,2,7, , ,0,Y, , , , ,403888, , , ,4,1,0,0,1,0,2,0,0,0,0,1,2,1,0,0,0,0,0,0,0,0,0,0,0,0,0,0,0,0,0,0,0,0,0,4,0,40.0897,-74.9839, , 
 ,34899,2014030291,6,67,67301,2014,2,7,644,6,1,1,0,4,1, , ,N,1,2,0,3,0,3,3,2,N,N,40 04:51.077,75 01:43.585,648, ,647,1,1,1,N, ,3,N, , , , ,403893, , , ,2,1,0,0,0,0,1,0,0,0,0,2,3,1,0,0,0,0,0,0,0,0,0,0,0,0,0,0,0,0,0,0,0,0,0,4,0,40.0809,-75.0288, , 
 ,34900,2014044547,6,67,67301,2014,3,1,230,2,3,1,1,7,5, , ,N,0,0,2,3,0,0,1,1,N,N,39 56:00.555,75 11:58.946,240, ,236, ,0, ,N, ,0, , , , , ,403899, , , ,1,1,0,0,0,0,0,0,0,0,0,0,0,0,0,0,0,0,0,0,0,0,0,0,0,0,0,0,0,0,0,0,0,0,0,0,0,39.9335,-75.1997, , 
 ,34901,2014049866,6,67,67301,2014,4,2,2200,22,3,1,0,4,1, , ,N,1,2,0,3,0,2,2,2,N, ,39 57:45.942,75 14:48.128,2200, ,2200, ,0, , , ,3, , , , , ,403902, , , ,2,1,1,0,0,0,0,0,0,0,0,2,2,0,0,0,0,0,0,0,0,0,0,0,0,0,0,0,0,0,0,0,0,0,0,4,0,39.9627,-75.2467, , 
 ,34902,2014059134,6,67,67301,2014,5,6,1115,11,1,1,0,1,1, , ,N,1,2,0,3,0,0,2,2,N,N,39 56:41.420,75 10:30.111,1153, ,1120, ,0, ,N, ,3, , , , , ,403911, , , ,2,1,0,0,0,0,0,1,0,0,0,0,0,0,0,0,0,0,0,0,0,0,0,0,0,0,0,0,0,0,0,0,0,0,0,0,0,39.9448,-75.175, , 
 ,34903,2014035698,6,67,67301,2014,2,2,1015,10,1,4,6,5,1, , ,N,3,2,0,3,0,1,3,2,N,N,39 58:31.433,75 11:23.825,1029, ,1020, ,0, ,N, ,3, , , , , ,403930, , , ,2,1,0,0,1,0,0,0,0,0,0,0,1,1,0,0,0,0,0,0,1,0,0,0,0,0,0,0,0,0,0,0,0,0,0,8,0,39.9754,-75.19, , 
 ,34904,2014038846,6,67,67301,2014,3,5,9999,99,1,1,0,1,6, , ,N,0,0,0,3,0,1,1,2,N,N,39 56:33.115,75 14:02.729,805, ,758, ,0, , , ,0, , , , , ,403934, , , ,2,2,0,0,0,0,0,0,0,0,0,1,1,0,0,0,0,0,0,0,1,0,0,0,0,0,0,0,0,0,0,0,0,0,0,4,0,39.9425,-75.2341, , 
 ,34905,2014049497,6,67,67301,2014,4,4,1500,15,1,1,0,8,1, , ,N,1,2,0,3,0,1,2,2,N,N,39 57:32.844,75 10:20.344,1507, ,1505,1,1,4, , ,3,N, , , , ,403942, , , ,1,1,0,0,0,0,0,0,0,0,0,1,1,0,0,0,0,0,0,0,0,0,0,0,0,0,0,0,0,0,0,0,1,0,0,4,0,39.9591,-75.172, , 
 ,34906,2014059070,6,67,67301,2014,5,6,1534,15,1,1,0,8,1, , ,N,0,0,0,3,0,1,2,2,N, ,39 57:22.716,75 13:12.802,1545, ,1534, ,0, , , ,0, , , , , ,403947, , , ,1,1,0,0,0,0,0,0,0,1,0,0,1,0,0,0,0,0,0,0,0,0,0,0,0,0,0,0,0,0,0,0,1,0,1,2,0,39.9563,-75.2202, , 
 ,34907,2014050310,6,67,67301,2014,4,6,750,7,1,1,0,4,1, , ,N,0,0,0,3,0,0,2,2,N, ,39 58:08.286,75 09:36.172,757, ,751, ,0, , , ,0, , , , , ,412397, , , ,2,2,0,0,0,0,0,0,0,0,0,0,0,0,0,0,0,0,0,0,0,0,0,0,0,0,0,0,0,0,0,0,0,0,0,0,0,39.969,-75.16, , 
 ,34908,2014025548,6,67,67301,2014,1,7,9999,99,3,1,0,1,1, , ,N,3,0,2,3,0,0,4,3,N,N,40 00:23.138,75 11:35.350,445, ,440, ,0, ,N, ,0, , , , , ,412417, , , ,3,2,0,0,0,0,1,0,0,0,0,0,0,0,1,0,0,0,0,0,0,0,0,0,0,0,0,0,0,0,0,0,0,0,0,9,0,40.0066,-75.1995, , 
 ,34909,2014039372,6,67,67301,2014,3,2,1714,17,1,1,0,5,1, , ,N,0,0,0,3,0,1,1,3,N,N,40 05:22.150,74 58:07.550,1718, ,1714,2,1,2, , ,0,N, , , , ,412422, , , ,3,2,0,0,0,0,0,1,0,0,0,1,1,0,0,0,0,0,0,0,0,1,0,0,0,0,0,0,0,0,0,0,0,0,0,4,0,40.0895,-74.9688, , 
 ,34910,2014043051,6,67,67301,2014,3,6,9999,99,1,1,0,8,1, , ,N,2,3,0,3,0,1,2,2,N,Y,40 01:15.985,75 07:13.792,1516, ,1512, ,0, ,N, ,3, , , , , ,412423, , , ,1,0,0,0,1,0,0,0,0,0,0,0,1,1,0,0,0,0,0,0,0,1,0,0,0,0,0,0,0,0,0,0,1,0,0,8,0,40.0211,-75.1205, , 
 ,34911,2014059140,6,67,67301,2014,5,1,1331,13,1,1,0,4,1, , ,N,0,2,7,3,0,1,4,2,N,N,40 05:20.015,74 58:10.541,1337, ,1331, ,0, , , ,3, , , , , ,412443, , , ,2,2,0,0,0,0,0,0,0,0,0,1,1,0,0,0,0,0,2,0,0,0,0,0,0,0,0,0,0,0,0,0,0,0,0,4,0,40.0889,-74.9694, , 
 ,34912,2014059212,6,67,67301,2014,5,3,1859,18,1,1,0,5,6, , ,N,0,0,0,3,0,1,3,2,N, ,39 59:23.196,75 06:14.045,1859, ,1859, ,0, , , ,0, , , , , ,412444, , , ,2,2,0,0,0,0,0,0,0,0,0,1,1,0,0,0,0,0,0,0,0,0,0,0,0,0,0,0,0,0,0,0,0,0,0,4,0,39.9898,-75.1039, , 
 ,34913,2014025390,6,67,67301,2014,1,1,2250,22,3,1,0,8,1, , ,N,1,2,0,3,0,1,2,2,N, ,39 57:03.858,75 09:56.243,2255, ,2250, ,0, , , ,3, , , , , ,412466, , , ,1,0,0,0,0,0,0,1,0,0,0,1,1,0,0,0,0,0,0,0,0,0,0,0,0,0,0,0,0,0,0,0,1,0,0,4,0,39.951,-75.1654, , 
 ,34914,2014030265,6,67,67301,2014,2,3,2235,22,3,1,0,7,5, , ,N,1,2,0,3,0,0,1,1,N,N,40 06:46.747,75 01:23.201,2308, ,2302, ,0, ,N, ,3, , , , , ,412470, , , ,1,1,0,0,0,0,0,0,0,0,0,0,0,0,0,0,0,0,0,0,0,0,0,0,0,0,0,0,0,0,0,0,0,0,0,0,0,40.113,-75.023, , 
N,34915,2014051489,6,67,67301,2014,5,6,1924,19,1,1,1,1,1,1,4,Y,0,0,0,3,0,0,3,2,N,N,40 01:29.867,75 01:46.837,1945,45,1927,2,2,2,N, ,0,Y,N,N,N,N,412485,N,N,Y,2,2,0,0,0,0,0,0,0,0,0,0,0,0,0,0,0,0,0,0,0,0,0,0,0,0,0,0,0,0,0,0,0,0,0,0,0,40.025,-75.0297, , 
 ,34916,2014056730,6,67,67301,2014,5,5,1854,18,1,2,1,1,1, , ,N,0,0,0,3,0,0,2,2,N,N,39 58:50.805,75 12:21.721,1909, ,1854, ,0, ,N, ,0, , , , , ,412490, , , ,2,1,0,0,0,0,1,0,0,0,0,0,0,0,0,0,0,0,0,0,1,0,0,0,0,0,0,0,0,0,0,0,0,0,0,0,0,39.9808,-75.206, , 
 ,34917,2014016165,6,67,67301,2014,1,4,1059,10,1,1,0,4,1, , ,N,1,3,0,3,0,1,2,2,N,N,39 55:54.584,75 09:33.875,1100, ,1059,1,2,4, , ,3,Y, , , , ,412501, , , ,1,1,0,0,0,0,0,0,1,0,1,0,1,0,0,0,0,0,0,0,1,0,0,1,0,0,0,0,0,0,0,0,0,0,0,3,0,39.9318,-75.1594, , 
 ,34918,2014034205,6,67,67301,2014,2,1,338,3,3,1,1,5,6, , ,N,0,0,0,3,0,2,3,3,N,N,40 03:54.914,75 01:58.988,344, ,340, ,0, ,N, ,0, , , , , ,412522, , , ,3,2,0,0,0,0,1,0,0,0,0,2,2,0,0,0,0,0,0,0,0,0,0,0,0,0,0,0,0,0,0,0,0,0,0,4,0,40.0653,-75.0331, , 
 ,34919,2014058997,6,67,67301,2014,5,5,1123,11,1,1,0,4,1, , ,N,0,0,7,3,0,1,2,2,N,N,40 00:39.966,75 07:15.129,1136, ,1123, ,0, ,N, ,0, , , , , ,412543, , , ,2,2,0,0,0,0,0,0,0,0,0,1,1,0,0,0,0,0,0,0,1,0,1,0,0,0,0,0,0,0,0,0,0,0,0,4,0,40.0111,-75.1209, , 
 ,34920,2014016468,6,67,67301,2014,1,7,1220,12,1,4,3,7,2, , ,N,0,0,0,3,0,1,2,1,N,N,39 53:21.977,75 14:26.806,1231, ,1220, ,0, ,N, ,0, , , , , ,412560, , , ,1,1,0,0,0,0,0,0,0,0,0,0,1,1,0,0,0,0,0,0,0,0,0,1,0,0,0,0,0,0,0,0,0,0,0,8,0,39.8894,-75.2408, , 
 ,34921,2014029854,6,67,67301,2014,2,3,1506,15,1,1,0,1,4, , ,N,0,0,0,3,0,1,2,2,N,N,39 58:43.817,75 12:06.149,1509, ,1506, ,0, ,N, ,0, , , , , ,412576, , , ,1,0,0,0,1,0,0,0,1,0,0,0,1,1,0,0,0,0,0,0,0,0,0,0,0,0,0,0,0,0,0,0,0,0,0,8,0,39.9788,-75.2017, , 
 ,34922,2014034265,6,67,67301,2014,2,3,1630,16,1,1,0,5,6, , ,N,0,0,0,3,0,1,1,5,N,N,39 56:15.510,75 10:23.619,1637, ,1635, ,0, , , ,0, , , , , ,412579, , , ,5,3,0,0,1,0,1,0,0,0,0,0,1,1,0,0,0,0,0,0,0,0,0,0,0,0,0,0,0,0,0,0,0,0,0,8,0,39.9376,-75.1732, , 
 ,34923,2014020682,6,67,67301,2014,2,5,1117,11,1,4,4,7,2, , ,N,0,0,0,3,0,0,1,1,N,N,40 01:35.104,75 01:35.537,1135, ,1122,1,2,1,N, ,0,N, , , , ,412604, , , ,1,0,0,0,0,0,0,1,0,0,0,0,0,0,0,0,0,0,0,0,1,0,0,0,0,0,0,0,0,0,0,0,0,0,0,0,0,40.0264,-75.0265, , 
 ,34924,2014025296,6,67,67301,2014,1,1,1048,10,1,1,0,7,5, , ,N,3,0,0,3,0,1,2,1,N, ,39 58:37.772,75 13:44.543,1048, ,1045, ,0, , , ,0, , , , , ,412610, , , ,1,0,0,0,0,0,1,0,0,0,0,0,1,1,0,0,0,0,0,1,0,0,0,0,0,0,0,0,0,0,0,0,0,0,0,8,0,39.9772,-75.229, , 
 ,34925,2014042671,6,67,67301,2014,3,6,2350,23,3,1,0,1,1, , ,N,0,0,0,3,0,1,4,3,N,N,40 02:43.893,75 11:33.663,3, ,2356, ,0, ,N, ,0, , , , , ,412630, , , ,3,3,0,0,0,0,0,0,0,0,0,1,1,0,0,0,0,0,0,0,1,0,0,0,0,0,0,0,0,0,0,0,0,0,0,4,0,40.0455,-75.1927, , 
 ,34926,2014029853,6,67,67301,2014,2,3,600,6,3,2,1,4,1, , ,N,5,2,2,3,0,0,2,2,N,N,39 57:28.586,75 09:50.892,620, ,610, ,0, ,N, ,3, , , , , ,408816, , , ,2,1,0,0,1,0,0,0,0,0,0,0,0,0,0,0,0,0,0,0,0,0,0,0,0,0,0,0,0,0,0,0,0,0,0,0,0,39.9579,-75.1641, , 
 ,34927,2014032486,6,67,67301,2014,2,5,1415,14,1,1,1,8,1, , ,N,0,0,0,3,0,1,2,2,N, ,40 01:52.643,75 01:18.481,1458, ,1443, ,0, , , ,0, , , , , ,408818, , , ,1,0,0,0,0,0,1,0,0,0,1,0,1,0,0,0,0,0,0,0,0,0,0,0,0,0,0,0,0,0,0,0,1,0,0,3,0,40.0313,-75.0218, , 
 ,34928,2014038961,6,67,67301,2014,2,2,1047,10,1,4,5,7,4, , ,N,0,0,0,3,0,0,1,1,N,N,40 00:26.564,75 07:28.878,1050, ,1050, ,0, , , ,0, , , , , ,408828, , , ,1,0,0,0,0,0,1,0,0,0,0,0,0,0,0,0,0,0,0,0,0,0,0,0,0,0,0,0,0,0,0,0,0,0,0,0,0,40.0074,-75.1247, , 
 ,34929,2014018471,6,67,67301,2014,2,3,655,6,1,1,0,2,1, , ,N,1,3,0,3,0,2,11,2,Y,N,40 00:31.935,75 09:39.959,815, ,750, ,0, ,N, ,3, , , , , ,408850, , , ,2,0,0,1,0,0,1,0,0,0,0,0,2,2,0,0,0,0,0,0,1,0,0,0,0,0,0,0,0,0,0,0,0,0,0,8,1,40.0089,-75.1611, , 
 ,34930,2014028079,6,67,67301,2014,2,1,1403,14,1,1,0,4,1, , ,N,5,2,0,3,0,1,3,2,N,N,40 04:17.125,75 09:40.567,1412, ,1408, ,0, ,N, ,3, , , , , ,408862, , , ,2,1,0,0,0,0,0,1,0,0,0,0,1,1,0,0,0,0,0,0,1,0,0,0,0,0,0,0,0,0,0,0,0,0,0,8,0,40.0714,-75.1613, , 
 ,34931,2014035706,6,67,67301,2014,2,5,645,6,1,1,5,7,4, , ,N,0,0,0,3,0,1,1,1,N,N,40 01:26.069,75 12:26.787,655, ,645, ,0, ,N, ,0, , , , , ,408866, , , ,1,1,0,0,0,0,0,0,0,0,0,0,1,1,0,0,0,0,0,0,0,0,0,0,0,0,0,0,0,0,0,0,0,0,0,8,0,40.0239,-75.2074, , 
 ,34932,2014038894,6,67,67301,2014,3,5,820,8,1,1,0,5,1, , ,N,0,2,0,3,0,0,2,2,N, ,40 00:17.625,75 10:42.577,826, ,822,1,1,4, , ,3,N, , , , ,408867, , , ,2,2,0,0,0,0,0,0,0,0,0,0,0,0,0,0,0,0,0,0,0,0,0,0,0,0,0,0,0,0,0,0,0,0,0,0,0,40.0049,-75.1785, , 
 ,34933,2014039010,6,67,67301,2014,3,4,1735,17,4,1,0,4,1, , ,N,0,0,0,3,0,1,2,2,N, ,39 59:29.111,75 08:04.733,1806, ,1756, ,0, , , ,0, , , , , ,408868, , , ,1,1,0,0,0,0,0,0,1,0,0,1,1,0,0,0,0,0,0,0,1,0,0,1,0,0,0,0,0,0,0,0,0,0,0,4,0,39.9914,-75.1346, , 
 ,34934,2014054554,6,67,67301,2014,4,3,1231,12,1,1,0,4,1, , ,N,1,2,0,3,0,1,2,2,N,N,40 03:53.634,75 03:05.284,1233, ,1231,1,1,4,N, ,3,Y, , , , ,408878, , , ,2,0,0,0,0,0,2,0,0,0,0,0,1,1,0,0,0,0,0,0,1,0,0,0,0,0,0,0,0,0,0,0,0,0,0,8,0,40.0649,-75.0515, , 
 ,34935,2014024764,6,67,67301,2014,2,7,810,8,1,1,1,7,2, , ,N,7,0,2,3,0,1,1,1,N,N,40 00:12.647,75 04:38.645,822, ,810,1,1,2,N, ,0,N, , , , ,408949, , , ,1,1,0,0,0,0,0,0,0,0,0,1,1,0,0,0,0,0,0,0,0,0,0,0,0,0,0,0,0,0,0,0,0,0,0,4,0,40.0035,-75.0774, , 
 ,34936,2014034182,6,67,67301,2014,3,5,9999,99,4,1,0,6,1, , ,N,0,0,0,3,0,1,2,4,N, ,40 01:02.172,75 05:25.542,1757, ,1756, ,0, , , ,0, , , , , ,408952, , , ,4,2,0,0,0,0,1,1,0,0,0,0,1,1,0,0,0,0,0,0,0,0,0,0,0,0,0,0,0,0,0,0,0,0,0,8,0,40.0173,-75.0904, , 
 ,34937,2014034222,6,67,67301,2014,2,6,1448,14,1,1,0,4,1, , ,N,0,0,7,3,0,1,2,2,N,N,40 05:39.690,75 01:47.717,1455, ,1450, ,0, ,N, ,0, , , , , ,408953, , , ,2,1,0,0,0,0,1,0,0,0,0,1,1,0,0,0,0,0,1,0,0,0,0,0,0,0,0,0,0,0,0,0,0,0,0,4,0,40.0944,-75.0299, , 
 ,34938,2014054647,6,67,67301,2014,4,3,1932,19,4,1,0,4,1, , ,N,1,2,0,3,0,2,3,2,N,N,39 55:29.721,75 13:35.237,1934, ,1934,9,2,7,N, ,3,Y, , , , ,408967, , , ,2,1,0,0,0,0,1,0,0,2,0,0,2,0,0,0,0,0,0,0,0,0,0,0,0,0,0,0,0,0,0,0,0,0,0,2,0,39.9249,-75.2265, , 
 ,34939,2014024977,6,67,67301,2014,2,3,144,1,3,1,0,7,3, , ,N,0,0,2,3,0,0,2,1,N,N,40 00:20.616,75 11:52.370,144, ,144,1,1,4,N, ,0,N, , , , ,408999, , , ,1,1,0,0,0,0,0,0,0,0,0,0,0,0,0,0,0,0,0,0,0,0,0,0,0,0,0,0,0,0,0,0,0,0,0,0,0,40.0057,-75.1979, , 
 ,34940,2014049844,6,67,67301,2014,4,1,130,1,3,1,0,4,1, , ,N,1,3,0,3,0,1,2,2,N, ,40 02:18.470,75 02:48.771,729, ,729, ,0, , , ,3, , , , , ,409013, , , ,1,1,0,0,0,0,0,0,1,0,1,0,1,0,0,0,0,0,0,0,0,0,0,0,0,0,0,0,0,0,0,0,0,0,0,3,0,40.0385,-75.0469, , 
 ,34941,2014059271,6,67,67301,2014,5,1,2020,20,3,1,0,8,1, , ,N,2,0,0,3,0,1,2,2,N, ,40 00:59.828,75 08:05.348,2035, ,2030, ,0, , , ,0, , , , , ,409020, , , ,1,0,0,0,0,0,0,0,0,0,0,1,1,0,0,0,0,0,0,0,0,0,0,0,0,0,0,0,0,0,0,0,1,0,0,4,0,40.0166,-75.1348, , 
 ,34942,2014016163,6,67,67301,2014,1,4,1100,11,1,1,0,5,1, , ,N,0,0,0,3,0,1,3,2,N, ,39 58:13.800,75 09:34.984,1127, ,1125,2,1,2, , ,0,N, , , , ,409039, , , ,2,1,0,0,0,0,1,0,0,0,0,0,1,1,0,0,0,0,0,0,1,0,0,0,0,0,0,0,0,0,0,0,0,0,0,8,0,39.9705,-75.1597, , 
 ,34943,2014016956,6,67,67301,2014,1,2,121,1,3,2,1,4,1, , ,N,1,2,0,3,0,0,2,2,N,N,40 02:08.965,75 10:29.000,130, ,121, ,0, ,N, ,3, , , , , ,409041, , , ,2,1,0,0,0,0,0,1,0,0,0,0,0,0,0,0,0,0,0,0,0,0,0,0,0,0,0,0,0,0,0,0,0,0,0,0,0,40.0358,-75.1747, , 
 ,34944,2014049756,6,67,67301,2014,4,5,930,9,1,1,0,4,1, , ,N,0,0,7,3,0,2,2,2,N,N,40 03:14.736,75 04:15.690,940, ,937,3,2,6,N, ,0,Y, , , , ,399369, , , ,2,1,0,0,0,0,1,0,0,0,0,2,2,0,0,0,0,0,0,0,0,0,0,0,0,0,0,0,0,0,0,0,0,0,0,4,0,40.0541,-75.071, , 
 ,34945,2014049760,6,67,67301,2014,4,4,1029,10,1,1,0,4,1, , ,N,1,3,0,3,0,2,3,2,N,N,39 59:10.431,75 09:02.815,1043, ,1042, ,0, , , ,3, , , , , ,399370, , , ,2,2,0,0,0,0,0,0,0,0,0,2,2,0,0,0,0,0,0,0,0,0,0,0,0,0,0,0,0,0,0,0,0,0,0,4,0,39.9862,-75.1508, , 
 ,34946,2014034617,6,67,67301,2014,3,6,935,9,1,1,0,1,1, , ,N,0,0,0,3,0,2,3,2,N,N,40 00:30.618,75 12:38.814,942, ,938, ,0, ,N, ,0, , , , , ,399411, , , ,2,1,0,0,0,0,1,0,0,0,0,2,2,0,0,0,0,0,0,1,0,0,0,0,0,0,0,0,0,0,0,0,0,0,0,4,0,40.0085,-75.2108, , 
 ,34947,2014038327,6,67,67301,2014,3,6,2305,23,3,1,0,1,1, , ,N,0,0,3,3,0,1,3,2,N,N,40 01:23.476,75 02:04.473,2325, ,2306, ,0, ,N, ,0, , , , , ,399417, , , ,2,1,0,0,1,0,0,0,0,0,0,1,1,0,0,0,0,0,0,0,0,0,0,0,0,0,0,0,0,0,0,0,0,0,0,4,0,40.0232,-75.0346, , 
 ,34948,2014049588,6,67,67301,2014,4,7,2249,22,3,1,0,9,9, , ,N,2,3,0,3,0,1,1,1,N,N,40 03:36.622,75 02:02.360,2255, ,2250, ,0, , , ,3, , , , , ,399428, , , ,1,0,1,0,0,0,0,0,0,0,0,0,1,1,0,0,0,1,0,0,0,0,0,0,0,0,0,0,0,0,0,0,0,0,0,8,0,40.0602,-75.034, , 
 ,34949,2014019129,6,67,67301,2014,1,2,1424,14,1,1,0,5,1, , ,N,0,0,0,3,0,0,1,3,N,N,39 57:59.036,75 11:29.317,1534, ,1524, ,0, ,N, ,0, , , , , ,399444, , , ,3,1,0,0,0,0,0,2,0,0,0,0,0,0,0,0,0,0,0,0,0,0,0,0,0,0,0,0,0,0,0,0,0,0,0,0,0,39.9664,-75.1915, , 