wz_ln_closure,objectid_1,crn,district,county,municipality,crash_year,crash_month,day_of_week,time_of_day,hour_of_day,illumination,weather,road_condition,collision_type,relation_to_road,work_zone_type,work_zone_loc,work_zone_ind,intersect_type,tcd_type,location_type,urban_rural,fatal_count,injury_count,person_count,total_units,sch_bus_ind,sch_zone_ind,latitude,longitude,arrival_tm,cons_zone_spd_lim,dispatch_tm,est_hrs_closed,lane_closed,ln_close_dir,ntfy_hiwy_maint,spec_juris_cd,tcd_func_cd,tfc_detour_ind,workers_pres,wz_close_detour,wz_flagger,wz_law_offcr_ind,objectid,wz_moving,wz_other,wz_shlder_mdn,vehicle_count,automobile_count,motorcycle_count,bus_count,small_truck_count,heavy_truck_count,suv_count,van_count,bicycle_count,maj_inj_count,mod_inj_count,min_inj_count,tot_inj_count,unk_inj_deg_count,unk_inj_per_count,driver_count_16yr,driver_count_17yr,driver_count_18yr,driver_count_19yr,driver_count_20yr,driver_count_50_64yr,driver_count_65_74yr,driver_count_75plus,unbelted_occ_count,unb_death_count,unb_maj_inj_count,belted_death_count,belted_maj_inj_count,mcycle_death_count,mcycle_maj_inj_count,bicycle_death_count,bicycle_maj_inj_count,ped_count,ped_death_count,ped_maj_inj_count,max_severity_level,comm_veh_count,dec_lat,dec_long,rdwy_surf_type_cd,county_name
 ,35083,2014049513,6,67,67301,2014,4,5,1145,11,1,1,0,4,1, , ,N,1,2,0,3,0,1,2,4,N,N,39 57:10.335,75 12:43.862,1148, ,1145, ,0, ,N, ,3, , , , , ,409357, , , ,4,4,0,0,0,0,0,0,0,0,0,1,1,0,0,0,0,0,0,0,0,1,0,0,0,0,0,0,0,0,0,0,0,0,0,4,0,39.9529,-75.2122, , 
 ,35084,2014049722,6,67,67301,2014,4,2,2145,21,3,2,1,8,1, , ,N,1,0,0,3,0,1,2,2,N,N,39 57:15.325,75 14:25.306,2151, ,2149, ,0, ,N, ,0, , , , , ,409358, , , ,1,0,0,0,0,0,0,0,0,0,0,0,1,1,0,0,0,0,0,0,0,0,0,0,0,0,0,0,0,0,0,0,1,0,0,8,0,39.9543,-75.2404, , 
 ,35085,2014035816,6,67,67301,2014,3,7,1304,13,1,1,0,5,1, , ,N,0,0,0,3,0,3,4,3,N,N,40 03:10.548,74 59:13.784,1317, ,1305,2,2,2,Y, ,0,N, , , , ,409396, , , ,3,3,0,0,0,0,0,0,0,0,0,0,3,3,0,0,0,0,0,0,2,0,0,2,0,0,0,0,0,0,0,0,0,0,0,8,0,40.0529,-74.9872, , 
 ,35086,2014013554,6,46,46108,2014,1,4,1748,17,2,1,0,1,1, , ,N,0,0,0,3,0,2,3,2,N,N,40 05:30.063,75 13:17.270,1801, ,1748,1,2,2,N, ,0,Y, , , , ,409422, , , ,2,1,0,0,0,0,1,0,0,0,0,1,2,1,0,0,0,0,0,0,0,0,0,0,0,0,0,0,0,0,0,0,0,0,0,4,0,40.0917,-75.2215, , 
 ,35087,2014025303,6,67,67301,2014,1,1,1811,18,3,8,8,1,1, , ,N,1,2,0,3,0,4,4,3,N,N,39 54:12.423,75 14:35.429,1815, ,1811, ,0, ,N, ,3, , , , , ,409436, , , ,3,3,0,0,0,0,0,0,0,0,0,1,4,3,0,0,0,0,0,0,1,1,0,2,0,0,0,0,0,0,0,0,0,0,0,4,0,39.9035,-75.2432, , 
 ,35088,2014025354,6,67,67301,2014,1,3,2336,23,3,1,0,5,1, , ,N,0,0,0,3,0,1,3,2,N,N,40 00:56.783,75 09:14.613,9, ,6, ,0, ,N, ,0, , , , , ,409437, , , ,2,1,0,0,0,0,1,0,0,0,0,1,1,0,0,0,0,0,0,0,0,0,0,0,0,0,0,0,0,0,0,0,0,0,0,4,0,40.0158,-75.1541, , 
 ,35089,2014039038,6,67,67301,2014,3,5,9999,99,1,1,0,4,1, , ,N,1,2,0,3,0,1,2,2,N,N,39 59:15.183,75 08:28.377,1536, ,1531, ,0, ,N, ,3, , , , , ,409444, , , ,2,1,0,0,1,0,0,0,0,0,0,0,1,1,0,0,0,0,0,0,1,0,0,0,0,0,0,0,0,0,0,0,0,0,0,8,0,39.9876,-75.1412, , 
 ,35090,2014013283,6,67,67301,2014,1,4,43,0,3,4,3,7,2, , ,N,0,0,2,3,0,0,1,1,N,N,39 57:35.045,75 08:28.643,57, ,45,2,1,2,N, ,0,N, , , , ,409518, , , ,1,1,0,0,0,0,0,0,0,0,0,0,0,0,0,0,0,0,0,0,0,0,0,0,0,0,0,0,0,0,0,0,0,0,0,0,0,39.9591,-75.1412, , 
 ,35091,2014038914,6,67,67301,2014,3,2,1000,10,1,4,4,4,1, , ,N,1,2,0,3,0,0,2,2,N, ,40 01:48.464,75 02:06.579,1015, ,1002,2,1,1, , ,3,N, , , , ,409581, , , ,2,1,0,0,0,0,1,0,0,0,0,0,0,0,0,0,0,0,0,0,1,0,0,0,0,0,0,0,0,0,0,0,0,0,0,0,0,40.0301,-75.0352, , 
 ,35092,2014042661,6,67,67301,2014,3,6,620,6,3,1,0,1,1, , ,N,1,2,0,3,0,0,2,2,N,N,40 06:50.926,74 59:15.880,638, ,621,1,1,1,N, ,3,N, , , , ,400034, , , ,2,1,0,0,0,0,1,0,0,0,0,0,0,0,0,0,0,0,0,0,0,1,0,0,0,0,0,0,0,0,0,0,0,0,0,0,0,40.1141,-74.9877, , 
 ,35093,2014049865,6,67,67301,2014,4,1,1104,11,1,1,0,1,1, , ,N,0,0,0,3,0,2,4,2,N, ,39 57:15.681,75 14:42.295,1130, ,1115, ,0, , , ,0, , , , , ,400038, , , ,2,2,0,0,0,0,0,0,0,0,0,1,2,1,1,0,0,0,0,0,0,0,0,1,0,0,0,0,0,0,0,0,0,0,0,4,0,39.9544,-75.2451, , 
 ,35094,2014038982,6,67,67301,2014,3,7,300,3,3,1,0,5,6, , ,N,0,0,0,3,0,0,1,2,N,N,39 59:21.073,75 09:37.735,340, ,332, ,0, ,N, ,0, , , , , ,400093, , , ,2,2,0,0,0,0,0,0,0,0,0,0,0,0,0,0,0,0,0,0,0,0,0,0,0,0,0,0,0,0,0,0,0,0,0,0,0,39.9892,-75.1605, , 
 ,35095,2014047619,6,67,67301,2014,5,1,136,1,3,1,0,1,1, , ,N,7,3,2,3,0,1,3,2,N,N,39 59:21.294,75 12:23.365,153, ,138, ,0, ,N, ,3, , , , , ,400100, , , ,2,2,0,0,0,0,0,0,0,0,0,0,1,1,0,0,0,0,0,0,0,0,0,0,0,0,0,0,0,0,0,0,0,0,0,8,0,39.9892,-75.2065, , 
 ,35096,2014012144,6,67,67301,2014,1,4,1050,10,1,1,4,1,1, , ,N,0,0,0,3,0,1,3,2,N,N,40 00:30.390,75 12:13.505,1050, ,1050,1,1,3,N, ,0,N, , , , ,400112, , , ,2,2,0,0,0,0,0,0,0,0,0,1,1,0,0,0,0,0,0,0,0,1,0,0,0,0,0,0,0,0,0,0,0,0,0,4,0,40.0084,-75.2038, , 
 ,35097,2014013293,6,67,67301,2014,1,4,1411,14,1,1,0,1,1, , ,N,0,0,0,3,0,1,3,2,N,N,39 57:34.546,75 10:32.153,1440, ,1416, ,0, ,N, ,0, , , , , ,400115, , , ,2,1,0,0,1,0,0,0,0,0,0,1,1,0,0,0,0,0,0,1,0,0,0,0,0,0,0,0,0,0,0,0,0,0,0,4,0,39.9596,-75.1756, , 
 ,35098,2014019150,6,67,67301,2014,1,4,700,7,1,5,1,8,1, , ,N,1,2,0,3,0,1,2,2,N,N,39 57:05.578,75 09:24.232,705, ,705,2,2,3,N, ,3,Y, , , , ,400120, , , ,1,0,0,0,0,0,1,0,0,0,0,1,1,0,0,0,0,0,0,0,1,0,0,0,0,0,0,0,0,0,0,0,1,0,0,4,0,39.9515,-75.1567, , 
 ,35099,2014027713,6,67,67301,2014,1,6,800,8,1,1,0,7,4, , ,N,0,0,0,3,0,1,1,1,N,N,40 02:37.054,75 01:16.636,808, ,803, ,0, ,N, ,0, , , , , ,400125, , , ,1,1,0,0,0,0,0,0,0,0,0,1,1,0,0,0,0,0,0,0,0,0,0,1,0,0,0,0,0,0,0,0,0,0,0,4,0,40.0436,-75.0213, , 
 ,35100,2014032451,6,67,67301,2014,2,6,2050,20,2,4,5,6,1, , ,N,0,0,0,3,0,1,2,3,N,N,40 02:00.603,75 05:26.325,2055, ,2051, ,0, ,N, ,0, , , , , ,400134, , , ,2,1,0,0,0,0,0,1,0,0,1,0,1,0,0,0,0,0,0,0,1,0,0,0,0,0,0,0,0,0,0,0,1,0,0,3,0,40.0335,-75.0906, , 
 ,35101,2014046692,6,67,67301,2014,4,4,1950,19,3,2,1,1,1, , ,N,0,0,0,3,0,0,2,2,N,N,39 58:36.169,75 06:49.323,2000, ,1950,2,1,1,N, ,0,N, , , , ,400147, , , ,2,2,0,0,0,0,0,0,0,0,0,0,0,0,0,0,0,0,0,0,0,1,0,0,0,0,0,0,0,0,0,0,0,0,0,0,0,39.9767,-75.1137, , 
 ,35102,2014025508,6,67,67301,2014,1,4,1357,13,1,1,0,1,1, , ,N,0,0,0,3,0,1,3,2,N, ,40 01:28.391,75 10:49.495,1403, ,1357, ,0, , , ,0, , , , , ,400169, , , ,2,1,0,0,0,0,1,0,0,0,0,1,1,0,0,0,0,0,0,0,2,0,0,0,0,0,0,0,0,0,0,0,0,0,0,4,0,40.0246,-75.1804, , 
 ,35103,2014049775,6,67,67301,2014,4,5,320,3,3,1,0,1,1, , ,N,0,0,0,3,0,0,1,2,N,N,39 57:59.684,75 12:02.556,334, ,328, ,0, ,N, ,0, , , , , ,400195, , , ,2,2,0,0,0,0,0,0,0,0,0,0,0,0,1,0,0,0,0,0,0,0,0,0,0,0,0,0,0,0,0,0,0,0,0,9,0,39.9666,-75.2007, , 
 ,35104,2014049861,6,67,67301,2014,4,1,1738,17,1,1,0,5,1, , ,N,0,0,0,3,0,0,2,3,N,N,40 01:52.236,75 05:09.934,1746, ,1743,2,1,2,N, ,0,N, , , , ,400237, , , ,2,1,0,0,1,0,0,0,0,0,0,0,0,0,0,0,0,0,0,0,0,0,0,2,0,0,0,0,0,0,0,0,0,0,0,0,0,40.0312,-75.0861, , 
 ,35105,2014059035,6,67,67301,2014,5,5,1430,14,1,1,0,1,1, , ,N,1,2,0,3,0,2,5,2,N, ,40 02:04.567,75 04:16.161,9999, ,9999, ,0, , , ,3, , , , , ,400243, , , ,2,2,0,0,0,0,0,0,0,0,0,1,2,1,1,0,0,0,0,0,0,0,0,0,0,0,0,0,0,0,0,0,0,0,0,4,0,40.0348,-75.0711, , 
 ,35106,2014044572,6,67,67301,2014,3,1,1250,12,1,1,0,4,1, , ,N,1,3,0,3,0,1,3,2,N, ,39 56:08.815,75 10:13.936,1302, ,1300, ,0, ,N, ,3, , , , , ,400289, , , ,2,2,0,0,0,0,0,0,0,0,0,0,1,1,0,0,0,0,0,0,0,0,0,1,0,0,0,0,0,0,0,0,0,0,0,8,0,39.9358,-75.1705, , 
 ,35107,2014049661,6,67,67301,2014,4,7,1538,15,1,1,0,4,1, , ,N,2,2,0,3,0,1,2,2,N,N,40 04:21.894,75 11:18.513,1605, ,1555, ,0, ,N, ,3, , , , , ,400292, , , ,1,1,0,0,0,0,0,0,1,0,1,0,1,0,0,0,0,0,0,0,0,0,0,0,0,0,0,0,0,0,0,0,0,0,0,3,0,40.0727,-75.1885, , 
 ,35108,2014034158,6,67,67301,2014,2,6,1000,10,1,1,0,4,1, , ,N,1,2,0,3,0,0,2,2,N,N,40 00:00.102,75 09:11.758,1011, ,1009, ,0, ,N, ,3, , , , , ,400316, , , ,2,1,0,0,0,0,1,0,0,0,0,0,0,0,0,0,0,0,0,0,1,0,0,0,0,0,0,0,0,0,0,0,0,0,0,0,0,40,-75.1531, , 
 ,35109,2014038879,6,67,67301,2014,3,5,9999,99,3,1,0,8,1, , ,N,1,2,0,3,0,1,2,2,N,N,40 03:42.905,75 09:47.363,630, ,623, ,0, ,N, ,3, , , , , ,400321, , , ,1,0,0,0,0,0,1,0,0,0,0,0,1,1,1,0,0,0,0,0,0,0,0,0,0,0,0,0,0,0,0,0,1,0,0,8,0,40.0619,-75.1632, , 
 ,35110,2014016146,6,67,67301,2014,1,7,2230,22,3,2,1,5,1, , ,N,1,2,0,3,0,1,2,2,N,N,40 01:39.188,75 08:49.702,2233, ,2233, ,0, ,N, ,3, , , , , ,404552, , , ,2,2,0,0,0,0,0,0,0,1,0,0,1,0,0,0,0,0,0,0,0,0,0,0,0,0,0,0,0,0,0,0,0,0,0,2,0,40.0276,-75.1471, , 
 ,35111,2014032411,6,67,67301,2014,2,1,1110,11,1,4,5,5,1, , ,N,0,0,0,3,0,2,6,2,N,N,40 02:35.536,75 04:14.570,1120, ,1114, ,0, ,N, ,0, , , , , ,404567, , , ,2,2,0,0,0,0,0,0,0,0,0,2,2,0,0,0,0,0,0,0,0,0,0,0,0,0,0,0,0,0,0,0,0,0,0,4,0,40.0432,-75.0707, , 
 ,35112,2014038943,6,67,67301,2014,3,3,2005,20,3,1,0,8,1, , ,N,1,2,0,3,0,1,2,2,N,N,39 59:11.022,75 14:15.223,2050, ,2044, ,0, ,N, ,3, , , , , ,404573, , , ,1,1,0,0,0,0,0,0,0,0,0,1,1,0,1,0,0,0,0,0,0,0,0,0,0,0,0,0,0,0,0,0,1,0,0,4,0,39.9864,-75.2376, , 
 ,35113,2014040427,6,67,67301,2014,3,7,9999,99,3,1,0,4,1, , ,N,2,3,0,3,0,0,3,2,N,N,39 55:04.342,75 13:27.274,1924, ,9999, ,0, , , ,3, , , , , ,404623, , , ,2,0,0,0,1,0,1,0,0,0,0,0,0,0,0,0,0,0,0,0,0,1,0,0,0,0,0,0,0,0,0,0,0,0,0,0,0,39.9179,-75.2242, , 
 ,35114,2014050256,6,67,67301,2014,3,3,745,7,1,1,0,4,1, , ,N,2,2,0,3,0,1,2,2,N,N,40 04:12.678,75 01:52.619,809, ,801, ,0, ,N, ,3, , , , , ,404631, , , ,2,1,0,0,1,0,0,0,0,0,0,1,1,0,0,0,0,0,0,0,0,0,0,0,0,0,0,0,0,0,0,0,0,0,0,4,0,40.0702,-75.0313, , 
 ,35115,2014030268,6,67,67301,2014,2,5,1407,14,1,2,4,7,4, , ,N,0,0,0,3,0,0,1,2,N, ,40 01:39.110,75 05:30.543,1450, ,1439,3,1,1, , ,0,N, , , , ,404668, , , ,1,1,0,0,0,0,0,0,0,0,0,0,0,0,0,0,0,0,0,0,0,0,0,0,0,0,0,0,0,0,0,0,0,0,0,0,0,40.0275,-75.0918, , 
 ,35116,2014032426,6,67,67301,2014,2,1,145,1,3,1,0,5,5, , ,N,0,0,0,3,0,0,1,3,N, ,40 07:51.238,75 00:50.687,151, ,150, ,0, , , ,0, , , , , ,404671, , , ,3,2,0,0,0,0,0,0,0,0,0,0,0,0,0,0,0,0,0,0,0,0,0,0,0,0,0,0,0,0,0,0,0,0,0,0,0,40.1309,-75.0141, , 
 ,35117,2014049781,6,67,67301,2014,4,1,2035,20,2,1,0,6,6, , ,N,0,0,0,3,0,1,1,4,N,N,40 01:37.203,75 08:19.190,2042, ,2039, ,0, ,N, ,0, , , , , ,404685, , , ,4,1,0,0,0,0,1,1,0,0,1,0,1,0,0,0,0,0,0,0,0,0,0,1,0,0,0,0,0,0,0,0,0,0,0,3,0,40.027,-75.1387, , 
 ,35118,2014025297,6,67,67301,2014,1,3,1025,10,1,4,3,6,6, , ,N,0,0,0,3,0,0,1,2,N,N,40 02:53.761,75 13:16.410,1035, ,1028,2,1,3,Y, ,0,Y, , , , ,404705, , , ,2,1,0,0,1,0,0,0,0,0,0,0,0,0,0,0,0,0,0,0,0,0,0,0,0,0,0,0,0,0,0,0,0,0,0,0,0,40.0483,-75.2212, , 
 ,35119,2014025877,6,67,67301,2014,1,3,1215,12,1,1,0,1,1, , ,N,0,0,0,3,0,2,4,2,N,N,40 00:27.895,75 09:05.656,1237, ,1236,1,1,2,N, ,0,N, , , , ,404706, , , ,2,1,0,1,0,0,0,0,0,0,0,2,2,0,0,0,0,0,0,0,0,0,0,0,0,0,0,0,0,0,0,0,0,0,0,4,1,40.0077,-75.1516, , 
 ,35120,2014032417,6,67,67301,2014,2,5,729,7,1,1,5,7,4, , ,N,0,0,0,3,0,1,1,1,N,N,39 57:53.210,75 11:04.950,744, ,731,3,2,5,N, ,0,Y, , , , ,404711, , , ,1,0,0,0,0,0,1,0,0,0,0,1,1,0,0,0,0,0,0,0,0,0,0,0,0,0,0,0,0,0,0,0,0,0,0,4,0,39.9648,-75.1847, , 
 ,35121,2014035710,6,67,67301,2014,2,4,1409,14,1,2,1,4,1, , ,N,2,3,0,3,0,0,5,2,N,N,39 55:27.717,75 14:20.223,1427, ,1425,1,1,4,N, ,3,N, , , , ,404715, , , ,2,1,0,0,1,0,0,0,0,0,0,0,0,0,0,0,0,0,0,0,0,0,0,0,0,0,0,0,0,0,0,0,0,0,0,0,0,39.9244,-75.239, , 
 ,35122,2014035821,6,67,67301,2014,3,6,808,8,1,1,0,1,1, , ,N,0,0,0,3,0,1,3,3,N,N,40 00:29.299,75 12:10.467,813, ,809, ,0, ,N, ,0, , , , , ,404769, , , ,3,2,0,0,0,0,1,0,0,0,0,1,1,0,0,0,0,1,0,0,0,0,0,0,0,0,0,0,0,0,0,0,0,0,0,4,0,40.0081,-75.2029, , 
 ,35123,2014021569,6,67,67301,2014,1,1,2325,23,3,1,0,4,1, , ,N,3,2,0,3,0,1,2,2,N, ,40 04:57.151,75 02:15.941,2326, ,2326, ,0, , , ,3, , , , , ,404801, , , ,2,1,0,0,1,0,0,0,0,0,0,1,1,0,0,0,0,0,0,0,0,0,0,1,0,0,0,0,0,0,0,0,0,0,0,4,0,40.0825,-75.0378, , 
 ,35124,2014038901,6,67,67301,2014,3,2,816,8,1,4,3,4,1, , ,N,1,2,0,3,0,0,3,3,N,N,39 57:40.697,75 10:30.951,830, ,824, ,0, ,N, ,3, , , , , ,404822, , , ,3,1,0,0,1,0,1,0,0,0,0,0,0,0,0,0,0,0,0,0,1,0,0,0,0,0,0,0,0,0,0,0,0,0,0,0,0,39.9613,-75.175, , 
U,35125,2014016927,6,67,67301,2014,1,1,218,2,3,1,0,7,4,2,2,Y,0,0,0,3,0,0,1,1,N,N,40 02:06.937,75 08:43.626,245,99,243,3,1,1,N, ,0,N,N,U,U,Y,404845,U,U,Y,1,1,0,0,0,0,0,0,0,0,0,0,0,0,0,0,0,0,0,0,0,0,0,0,0,0,0,0,0,0,0,0,0,0,0,0,0,40.0353,-75.1455, , 
 ,35126,2014025891,6,67,67301,2014,2,2,1130,11,1,4,3,4,1, , ,N,1,3,0,3,0,4,4,2,N,N,40 01:40.501,75 10:45.508,1210, ,1156, ,0, ,N, ,3, , , , , ,404857, , , ,2,0,0,0,1,0,0,1,0,0,0,0,4,4,0,0,0,0,0,0,1,0,0,0,0,0,0,0,0,0,0,0,0,0,0,8,0,40.0279,-75.1793, , 
 ,35127,2014030278,6,67,67301,2014,2,1,9999,99,3,4,3,5,6, , ,N,0,0,0,3,0,2,3,2,N, ,40 00:01.232,75 08:35.141,9999, ,9999, ,0, , , ,0, , , , , ,404862, , , ,2,0,0,0,0,0,0,2,0,0,0,2,2,0,0,0,0,0,0,0,0,0,0,0,0,0,0,0,0,0,0,0,0,0,0,4,0,40.0003,-75.1431, , 
 ,35128,2014039345,6,67,67301,2014,3,5,1331,13,1,1,0,7,4, , ,N,2,2,0,3,0,1,1,1,N, ,40 01:44.574,75 06:01.934,1337, ,1334,2,1,2,N, ,3,N, , , , ,413111, , , ,1,0,0,0,0,0,0,1,0,0,0,0,1,1,0,0,0,0,0,0,1,0,0,0,0,0,0,0,0,0,0,0,0,0,0,8,0,40.029,-75.1005, , 
 ,35129,2014042652,6,67,67301,2014,3,2,2003,20,3,1,0,8,1, , ,N,1,2,2,3,0,1,2,2,N, ,40 05:15.133,74 58:16.083,2013, ,2012, ,0, , , ,3, , , , , ,413114, , , ,1,0,0,0,1,0,0,0,0,0,0,0,1,1,0,0,0,0,0,0,0,0,0,0,0,0,0,0,0,0,0,0,1,0,0,8,0,40.0875,-74.9711, , 
 ,35130,2014044616,6,67,67301,2014,3,1,1413,14,1,2,1,4,1, , ,N,1,3,0,3,0,0,2,3,N, ,39 58:08.407,75 08:29.983,1623, ,1620, ,0, , , ,3, , , , , ,413118, , , ,3,3,0,0,0,0,0,0,0,0,0,0,0,0,0,0,0,0,0,0,0,0,0,0,0,0,0,0,0,0,0,0,0,0,0,0,0,39.969,-75.1417, , 
 ,35131,2014019105,6,67,67301,2014,1,2,1450,14,1,1,0,4,1, , ,N,1,2,0,3,0,0,2,2,N,N,39 56:02.828,75 08:57.152,1515, ,1510, ,0, ,N, ,3, , , , , ,413145, , , ,2,1,0,0,0,0,1,0,0,0,0,0,0,0,0,0,0,0,0,0,1,0,0,0,0,0,0,0,0,0,0,0,0,0,0,0,0,39.9341,-75.1492, , 
 ,35132,2014038944,6,67,67301,2014,2,6,2230,22,3,1,1,4,1, , ,N,1,0,0,3,0,1,2,3,N, ,39 58:33.045,75 14:27.779,2235, ,2230, ,0, ,N, ,0, , , , , ,413156, , , ,3,3,0,0,0,0,0,0,0,0,0,0,1,1,0,0,0,0,0,0,0,0,0,0,0,0,0,0,0,0,0,0,0,0,0,8,0,39.9758,-75.241, , 
 ,35133,2014040142,6,67,67301,2014,4,6,2119,21,3,1,0,7,2, , ,N,0,0,0,3,0,0,2,1,N,N,39 55:49.531,75 11:54.460,2132, ,2119,1,1,4,N, ,0,N, , , , ,413158, , , ,1,1,0,0,0,0,0,0,0,0,0,0,0,0,0,0,0,0,0,0,0,0,0,0,0,0,0,0,0,0,0,0,0,0,0,0,0,39.9304,-75.1985, , 
 ,35134,2014043114,6,67,67301,2014,3,2,746,7,1,4,5,5,1, , ,N,0,0,0,3,0,1,2,2,N, ,39 57:07.824,75 14:56.211,835, ,825, ,0, , , ,0, , , , , ,413161, , , ,2,1,0,0,0,0,1,0,0,0,0,1,1,0,1,0,0,0,0,0,0,0,0,0,0,0,0,0,0,0,0,0,0,0,0,4,0,39.9522,-75.2489, , 
 ,35135,2014049572,6,67,67301,2014,4,1,2210,22,3,1,0,1,1, , ,N,1,2,0,3,0,1,2,2,N,N,40 02:49.639,75 05:52.794,2215, ,2210, ,0, ,N, ,3, , , , , ,413165, , , ,2,2,0,0,0,0,0,0,0,0,0,0,1,1,0,0,0,0,0,0,0,0,0,0,0,0,0,0,0,0,0,0,0,0,0,8,0,40.0471,-75.098, , 
 ,35136,2014050301,6,67,67301,2014,4,2,102,1,3,1,0,5,6, , ,N,0,0,0,3,0,0,1,2,N,N,39 57:44.833,75 10:16.422,108, ,102, ,0, ,N, ,0, , , , , ,413166, , , ,2,0,0,0,1,0,1,0,0,0,0,0,0,0,0,0,0,0,0,0,1,0,0,0,0,0,0,0,0,0,0,0,0,0,0,0,0,39.9625,-75.1712, , 
 ,35137,2014054620,6,67,67301,2014,4,5,1530,15,1,1,0,4,1, , ,N,0,0,7,3,0,3,3,2,N,N,40 00:22.636,75 07:25.084,1540, ,1540, ,0, ,N, ,0, , , , , ,413171, , , ,2,2,0,0,0,0,0,0,0,0,0,2,3,1,0,0,0,0,0,0,0,0,0,0,0,0,0,0,0,0,0,0,0,0,0,4,0,40.0063,-75.1236, , 
 ,35138,2014025391,6,67,67301,2014,1,6,1245,12,1,1,1,1,1, , ,N,0,0,0,3,0,0,2,2,N,N,39 57:09.760,75 10:43.417,1449, ,1445, ,0, ,N, ,0, , , , , ,413185, , , ,2,1,0,0,0,0,1,0,0,0,0,0,0,0,0,0,0,0,0,0,1,0,0,0,0,0,0,0,0,0,0,0,0,0,0,0,0,39.9527,-75.1787, , 
 ,35139,2014044552,6,67,67301,2014,3,4,1517,15,1,1,0,4,1, , ,N,3,0,7,3,0,3,6,3,N,N,39 58:17.810,75 12:57.922,1526, ,1526, ,0, ,N, ,0, , , , , ,413199, , , ,2,1,0,0,0,0,0,1,0,0,0,0,3,3,0,0,0,0,0,1,0,1,0,0,0,0,0,0,0,0,0,0,1,0,0,8,0,39.9716,-75.2161, , 
 ,35140,2014047612,6,67,67301,2014,4,6,222,2,3,1,0,5,1, , ,N,0,0,0,3,0,2,3,2,N,N,39 58:52.378,75 12:24.623,227, ,223, ,0, ,N, ,0, , , , , ,413202, , , ,2,1,0,0,0,1,0,0,0,1,0,1,2,0,0,0,0,0,0,0,0,0,0,1,0,1,0,0,0,0,0,0,0,0,0,2,1,39.9812,-75.2068, , 
 ,35141,2014049812,6,67,67301,2014,4,4,1330,13,1,1,0,5,1, , ,N,1,3,0,3,0,1,1,2,N,N,39 59:27.967,75 10:30.446,1340, ,1330, ,0, , , ,3, , , , , ,413203, , , ,2,2,0,0,0,0,0,0,0,0,1,0,1,0,0,0,0,0,0,0,1,0,0,0,0,0,0,0,0,0,0,0,0,0,0,3,0,39.9911,-75.1751, , 
 ,35142,2014068051,6,67,67301,2014,5,3,140,1,3,1,0,5,6, , ,N,0,0,0,3,0,1,1,2,N, ,40 00:13.197,75 08:57.076,144, ,144, ,0, , , ,0, , , , , ,413220, , , ,2,1,1,0,0,0,0,0,0,0,0,0,1,1,0,0,0,0,0,0,0,0,0,0,0,0,0,0,0,0,0,0,0,0,0,8,0,40.0037,-75.1492, , 
 ,35143,2014029817,6,67,67301,2014,2,6,1752,17,3,1,4,4,1, , ,N,1,2,2,3,0,0,3,2,N,N,39 53:56.856,75 10:29.425,1800, ,1754, ,0, , , ,3, , , , , ,413245, , , ,2,2,0,0,0,0,0,0,0,0,0,0,0,0,0,0,0,0,0,0,1,0,0,0,0,0,0,0,0,0,0,0,0,0,0,0,0,39.8991,-75.1748, , 
 ,35144,2014030260,6,67,67301,2014,1,4,2148,21,3,1,0,7,3, , ,N,0,0,0,3,0,1,1,1,N,N,39 56:12.589,75 08:32.230,2154, ,2148,1,2,2,N, ,0,Y, , , , ,413246, , , ,1,0,0,0,1,0,0,0,0,0,0,0,1,1,0,0,0,0,0,0,0,0,0,0,0,0,0,0,0,0,0,0,0,0,0,8,0,39.9368,-75.1423, , 
 ,35145,2014043076,6,67,67301,2014,3,4,2216,22,3,1,0,7,4, , ,N,0,0,0,3,0,0,1,1,N,N,40 02:01.104,75 13:48.615,2220, ,2216, ,0, ,N, ,0, , , , , ,413260, , , ,1,0,0,0,1,0,0,0,0,0,0,0,0,0,0,0,0,0,0,0,0,0,0,0,0,0,0,0,0,0,0,0,0,0,0,0,0,40.0336,-75.2302, , 
 ,35146,2014025368,6,67,67301,2014,1,2,1300,13,1,1,0,4,1, , ,N,1,3,0,3,0,1,2,2,N,N,40 01:47.099,75 02:24.977,1326, ,1321, ,0, ,N, ,3, , , , , ,409623, , , ,2,2,0,0,0,0,0,0,0,0,0,0,1,1,0,0,0,0,0,0,2,0,0,0,0,0,0,0,0,0,0,0,0,0,0,8,0,40.0297,-75.0403, , 
 ,35147,2014029858,6,67,67301,2014,2,2,2330,23,3,1,0,8,1, , ,N,0,0,0,3,0,1,2,2,N,N,39 56:09.255,75 09:24.215,2345, ,2340, ,0, , , ,0, , , , , ,409626, , , ,1,0,0,0,0,0,0,1,0,0,0,1,1,0,0,0,0,0,0,0,0,0,0,0,0,0,0,0,0,0,0,0,1,0,0,4,0,39.9359,-75.1567, , 
 ,35148,2014032475,6,67,67301,2014,2,5,1633,16,4,1,0,4,1, , ,N,6,0,2,3,0,1,3,2,N, ,39 58:27.931,75 11:41.434,1835, ,1831, ,0, , , ,0, , , , , ,409634, , , ,2,0,0,0,0,1,1,0,0,0,0,1,1,0,0,0,0,0,0,0,1,1,0,0,0,0,0,0,0,0,0,0,0,0,0,4,1,39.9744,-75.1949, , 