wz_ln_closure,objectid_1,crn,district,county,municipality,crash_year,crash_month,day_of_week,time_of_day,hour_of_day,illumination,weather,road_condition,collision_type,relation_to_road,work_zone_type,work_zone_loc,work_zone_ind,intersect_type,tcd_type,location_type,urban_rural,fatal_count,injury_count,person_count,total_units,sch_bus_ind,sch_zone_ind,latitude,longitude,arrival_tm,cons_zone_spd_lim,dispatch_tm,est_hrs_closed,lane_closed,ln_close_dir,ntfy_hiwy_maint,spec_juris_cd,tcd_func_cd,tfc_detour_ind,workers_pres,wz_close_detour,wz_flagger,wz_law_offcr_ind,objectid,wz_moving,wz_other,wz_shlder_mdn,vehicle_count,automobile_count,motorcycle_count,bus_count,small_truck_count,heavy_truck_count,suv_count,van_count,bicycle_count,maj_inj_count,mod_inj_count,min_inj_count,tot_inj_count,unk_inj_deg_count,unk_inj_per_count,driver_count_16yr,driver_count_17yr,driver_count_18yr,driver_count_19yr,driver_count_20yr,driver_count_50_64yr,driver_count_65_74yr,driver_count_75plus,unbelted_occ_count,unb_death_count,unb_maj_inj_count,belted_death_count,belted_maj_inj_count,mcycle_death_count,mcycle_maj_inj_count,bicycle_death_count,bicycle_maj_inj_count,ped_count,ped_death_count,ped_maj_inj_count,max_severity_level,comm_veh_count,dec_lat,dec_long,rdwy_surf_type_cd,county_name
 ,35149,2014034218,6,67,67301,2014,3,1,1748,17,3,2,1,6,1, , ,N,0,0,0,3,0,1,3,2,N,N,40 00:33.709,75 05:22.917,1758, ,1748, ,0, ,N, ,0, , , , , ,409636, , , ,2,0,0,0,0,0,0,1,0,0,0,0,1,1,0,0,0,0,0,0,0,0,0,0,0,0,0,0,0,0,0,0,0,0,0,8,0,40.0094,-75.0897, , 
 ,35150,2014016120,6,67,67301,2014,1,2,1733,17,3,1,0,8,1, , ,N,10,0,0,3,0,1,2,2,N,N,40 06:16.927,75 00:56.656,1740, ,1735, ,0, ,N, ,0, , , , , ,409654, , , ,1,0,0,0,0,0,0,1,0,0,0,1,1,0,0,0,0,0,0,0,0,0,0,0,0,0,0,0,0,0,0,0,1,0,0,4,0,40.1047,-75.0157, , 
 ,35151,2014024752,6,67,67301,2014,2,4,405,4,3,1,0,7,2, , ,N,0,0,0,3,0,1,1,1,N,N,39 55:22.552,75 08:51.726,421, ,408,1,1,2,N, ,0,N, , , , ,409662, , , ,1,1,0,0,0,0,0,0,0,0,0,0,1,1,0,0,0,0,0,0,0,0,0,0,0,0,0,0,0,0,0,0,0,0,0,8,0,39.9229,-75.1477, , 
 ,35152,2014032493,6,67,67301,2014,2,6,1830,18,3,2,1,4,1, , ,N,1,2,0,3,0,2,4,2,N, ,39 56:52.476,75 09:09.601,1850, ,1845, ,0, , , ,3, , , , , ,409673, , , ,2,2,0,0,0,0,0,0,0,0,0,1,2,1,0,0,0,0,0,0,0,0,0,4,0,0,0,0,0,0,0,0,0,0,0,4,0,39.9479,-75.1526, , 
 ,35153,2014034167,6,67,67301,2014,3,5,1300,13,1,1,0,5,6, , ,N,0,0,0,3,0,0,1,2,N,N,39 54:45.446,75 10:41.239,1305, ,1301, ,0, ,N, ,0, , , , , ,409677, , , ,2,1,0,0,0,0,1,0,0,0,0,0,0,0,0,0,0,0,0,0,0,0,0,0,0,0,0,0,0,0,0,0,0,0,0,0,0,39.9126,-75.1781, , 
 ,35154,2014048791,6,67,67301,2014,5,5,1848,18,1,1,0,1,1, , ,N,0,0,0,3,0,2,4,4,N,N,39 57:32.980,75 10:19.549,1859, ,1849,1,2,4,N, ,0,N, , , , ,409688, , , ,4,2,0,0,0,0,1,0,0,0,0,0,2,2,0,0,0,0,0,0,1,1,0,0,0,0,0,0,0,0,0,0,0,0,0,8,0,39.9592,-75.1721, , 
 ,35155,2014049754,6,67,67301,2014,4,1,1353,13,1,1,0,4,1, , ,N,1,2,0,3,0,1,2,2,N, ,40 03:37.862,75 03:26.035,1633, ,1633, ,0, , , ,3, , , , , ,409691, , , ,2,1,0,0,0,0,1,0,0,0,0,1,1,0,1,0,0,0,0,0,0,1,0,0,0,0,0,0,0,0,0,0,0,0,0,4,0,40.0605,-75.0572, , 
 ,35156,2014054595,6,67,67301,2014,4,4,730,7,1,1,0,4,1, , ,N,1,0,0,3,0,0,3,2,N,N,39 58:43.420,75 08:02.612,828, ,825, ,0, , , ,0, , , , , ,409696, , , ,2,2,0,0,0,0,0,0,0,0,0,0,0,0,0,0,0,0,0,0,1,0,0,0,0,0,0,0,0,0,0,0,0,0,0,0,0,39.9787,-75.1341, , 
 ,35157,2014025327,6,67,67301,2014,1,5,1745,17,4,1,0,1,1, , ,N,0,2,0,3,0,0,4,4,N,N,39 59:57.450,75 11:25.970,1750, ,1746,2,1,1,N, ,3,N, , , , ,409713, , , ,4,2,0,0,1,0,1,0,0,0,0,0,0,0,0,0,0,0,0,0,0,0,1,0,0,0,0,0,0,0,0,0,0,0,0,0,0,39.9993,-75.1905, , 
 ,35158,2014044575,6,67,67301,2014,3,4,645,6,1,1,0,1,1, , ,N,0,2,0,3,0,1,2,2,N,N,40 04:08.972,75 09:25.192,657, ,652, ,0, ,N, ,3, , , , , ,409734, , , ,2,1,0,0,0,0,1,0,0,0,0,0,1,1,0,0,0,0,0,0,1,0,0,0,0,0,0,0,0,0,0,0,0,0,0,8,0,40.0692,-75.157, , 
 ,35159,2014054565,6,67,67301,2014,4,3,1030,10,8,1,0,5,1, , ,N,0,0,0,3,0,1,2,2,N, ,40 04:38.471,75 10:32.249,1036, ,1036, ,0, , , ,0, , , , , ,409742, , , ,2,1,0,0,1,0,0,0,0,0,0,0,1,1,1,0,0,0,1,0,0,1,0,0,0,0,0,0,0,0,0,0,0,0,0,8,0,40.0774,-75.1756, , 
 ,35160,2014059279,6,67,67301,2014,5,3,1320,13,1,1,0,4,1, , ,N,3,2,0,3,0,0,2,2,N,N,40 04:29.892,75 02:45.874,1325, ,1320, ,0, , , ,3, , , , , ,409745, , , ,2,2,0,0,0,0,0,0,0,0,0,0,0,0,0,0,0,0,0,0,0,0,0,0,0,0,0,0,0,0,0,0,0,0,0,0,0,40.0749,-75.0459, , 
 ,35161,2014042719,6,67,67301,2014,3,2,2300,23,3,1,0,7,3, , ,N,0,0,0,3,1,0,1,1,N,N,40 01:42.225,75 06:01.516,2308, ,2300,3,2,1, ,0,0,N, , , , ,409834, , , ,1,1,0,0,0,0,0,0,0,0,0,0,0,0,0,0,0,0,0,0,0,0,0,0,0,0,0,0,0,0,0,0,0,0,0,1,0,40.0284,-75.1004,2, 
 ,35162,2014044620,6,67,67301,2014,3,7,41,0,3,1,0,1,6, , ,N,0,0,0,3,0,1,2,6,N, ,39 59:58.696,75 07:11.474,2250, ,2250, ,0, , , ,0, , , , , ,409836, , , ,6,2,0,0,2,0,1,1,0,0,1,0,1,0,0,0,0,0,0,1,0,0,0,2,0,0,0,0,0,0,0,0,0,0,0,3,0,39.9996,-75.1199, , 
 ,35163,2014005512,6,67,67301,2014,1,7,1015,10,1,6,1,9,1, , ,N,0,0,0,3,0,1,5,1,N,N,39 59:09.440,75 12:53.910,1016, ,1016, ,0, ,N, ,0, , , , , ,409845, , , ,1,1,0,0,0,0,0,0,0,0,0,1,1,0,0,0,0,0,0,0,0,0,0,0,0,0,0,0,0,0,0,0,0,0,0,4,0,39.986,-75.215, , 
 ,35164,2014044599,6,67,67301,2014,3,2,1840,18,4,1,0,1,1, , ,N,0,0,0,3,0,6,8,2,N,N,40 00:19.584,75 06:26.649,1935, ,1927,9,1,3,N, ,0,N, , , , ,400388, , , ,2,0,0,1,0,0,0,1,0,0,0,0,6,6,0,0,0,0,0,0,1,0,0,0,0,0,0,0,0,0,0,0,0,0,0,8,1,40.0054,-75.1074, , 
 ,35165,2014049559,6,67,67301,2014,4,4,800,8,1,2,1,1,1, , ,N,0,0,0,3,0,1,2,2,N,N,39 57:30.493,75 09:01.491,805, ,801, ,0, ,N, ,0, , , , , ,400434, , , ,2,1,0,0,0,0,0,0,0,0,0,1,1,0,0,0,0,0,0,0,0,0,0,0,0,0,0,0,0,0,0,0,0,0,0,4,0,39.9585,-75.1504, , 
 ,35166,2014042729,6,67,67301,2014,3,7,1340,13,1,2,1,4,1, , ,N,1,3,0,3,0,1,2,2,N, ,39 58:51.430,75 09:47.354,1344, ,1344, ,0, , , ,3, , , , , ,400474, , , ,2,2,0,0,0,0,0,0,0,0,0,1,1,0,0,0,0,0,0,0,0,0,0,0,0,0,0,0,0,0,0,0,0,0,0,4,0,39.981,-75.1632, , 
 ,35167,2014032363,6,67,67301,2014,2,1,1310,13,1,8,1,4,1, , ,N,1,2,0,3,0,3,4,2,N,N,40 02:33.169,75 07:44.993,1315, ,1310, ,0, ,N, ,3, , , , , ,400516, , , ,2,2,0,0,0,0,0,0,0,0,2,1,3,0,0,0,0,0,0,0,0,1,0,1,0,0,0,0,0,0,0,0,0,0,0,3,0,40.0425,-75.1292, , 
 ,35168,2014035696,6,67,67301,2014,2,4,1821,18,3,1,0,8,1, , ,N,1,2,0,3,0,1,2,2,N,N,39 59:30.115,75 11:08.190,1834, ,1832,2,1,3,N, ,3,Y, , , , ,400522, , , ,1,0,0,0,0,0,1,0,0,0,0,0,1,1,0,0,0,0,0,0,1,0,0,0,0,0,0,0,0,0,0,0,1,0,0,8,0,39.9917,-75.1856, , 
 ,35169,2014039018,6,67,67301,2014,3,5,830,8,1,1,0,5,1, , ,N,0,0,0,3,0,1,2,2,N, ,40 02:04.804,75 04:07.829,855, ,851, ,0, , , ,0, , , , , ,400525, , , ,2,0,0,0,0,0,1,1,0,0,0,1,1,0,0,0,0,0,0,0,0,1,0,0,0,0,0,0,0,0,0,0,0,0,0,4,0,40.0347,-75.0688, , 
 ,35170,2014034231,6,67,67301,2014,3,5,741,7,1,1,0,8,1, , ,N,1,2,0,3,0,1,2,2,N, ,40 06:46.663,75 01:22.836,750, ,743, ,0, , , ,3, , , , , ,400566, , , ,1,1,0,0,0,0,0,0,0,0,0,1,1,0,0,0,0,0,0,0,1,0,0,0,0,0,0,0,0,0,0,0,1,0,0,4,0,40.113,-75.023, , 
 ,35171,2014043104,6,67,67301,2014,3,1,1205,12,1,2,1,7,4, , ,N,1,0,0,3,0,1,1,1,N,N,40 01:16.570,75 09:36.831,1242, ,1205, ,0, ,N, ,0, , , , , ,400573, , , ,1,0,0,0,1,0,0,0,0,0,0,1,1,0,0,0,0,0,1,0,0,0,0,0,0,0,0,0,0,0,0,0,0,0,0,4,0,40.0213,-75.1602, , 
 ,35172,2014049582,6,67,67301,2014,4,6,2300,23,3,2,1,8,1, , ,N,1,2,0,3,0,1,2,2,N, ,40 00:36.243,75 09:03.825,2315, ,2300, ,0, , , ,3, , , , , ,400578, , , ,1,0,0,0,0,0,0,0,0,0,0,1,1,0,1,0,0,0,0,0,0,0,0,0,0,0,0,0,0,0,0,0,1,0,0,4,0,40.0098,-75.151, , 
 ,35173,2014040415,6,67,67301,2014,3,7,2200,22,3,1,0,0,1, , ,N,2,0,0,3,0,1,1,2,N, ,39 57:19.266,75 08:20.809,2207, ,2203, ,0, , , ,0, , , , , ,400611, , , ,1,0,1,0,0,0,0,0,0,0,0,1,1,0,0,0,0,0,0,1,0,0,0,0,0,0,0,0,0,0,0,0,0,0,0,4,0,39.9554,-75.1391, , 
 ,35174,2014049481,6,67,67301,2014,4,2,1832,18,1,2,1,5,1, , ,N,0,0,0,3,0,1,3,2,N, ,39 57:26.910,75 12:06.813,1840, ,1834, ,0, ,N, ,0, , , , , ,400620, , , ,2,1,0,0,0,0,1,0,0,0,1,0,1,0,0,0,0,0,0,0,0,0,0,0,0,0,0,0,0,0,0,0,0,0,0,3,0,39.9575,-75.2019, , 
 ,35175,2014049806,6,67,67301,2014,3,4,134,1,3,2,1,2,6, , ,N,0,0,0,3,0,1,1,3,N, ,40 03:27.556,75 00:29.128,142, ,135, ,0, , , ,0, , , , , ,400621, , , ,3,0,0,0,0,0,1,1,0,0,1,0,1,0,0,0,0,0,0,0,0,0,0,0,0,0,0,0,0,0,0,0,0,0,0,3,0,40.0577,-75.0081, , 
 ,35176,2014055530,6,67,67301,2014,5,7,1842,18,1,1,0,1,1, , ,N,0,0,0,3,0,1,2,2,N,N,39 56:56.097,75 11:07.512,1847, ,1842,1,2,3,N, ,0,N, , , , ,400627, , , ,2,0,1,0,0,0,1,0,0,1,0,0,1,0,0,0,0,0,0,0,0,0,0,0,0,0,0,0,0,1,0,0,0,0,0,2,0,39.9489,-75.1854, , 
 ,35177,2014010503,6,67,67301,2014,1,6,216,2,3,1,0,7,3, , ,N,0,0,0,3,0,1,1,1,N,N,39 58:29.003,75 07:03.153,222, ,219,1,1,1,N, ,0,N, , , , ,400643, , , ,1,1,0,0,0,0,0,0,0,0,0,1,1,0,0,0,0,0,0,0,0,0,0,0,0,0,0,0,0,0,0,0,0,0,0,4,0,39.9747,-75.1175, , 
 ,35178,2014032344,6,67,67301,2014,2,1,5,0,3,7,5,1,1, , ,N,1,2,0,3,0,0,3,3,N,N,39 58:31.286,75 14:43.805,107, ,102,2,2,5,N, ,3,Y, , , , ,400666, , , ,3,2,0,0,1,0,0,0,0,0,0,0,0,0,0,0,0,0,0,0,0,1,0,0,0,0,0,0,0,0,0,0,0,0,0,0,0,39.9753,-75.2455, , 
 ,35179,2014049790,6,67,67301,2014,4,2,9999,99,1,2,1,1,1, , ,N,1,3,0,3,0,1,2,2,N,N,39 59:26.764,75 08:33.007,1200, ,1154, ,0, ,N, ,3, , , , , ,400681, , , ,2,1,0,0,0,0,0,0,0,0,0,0,1,1,1,0,0,0,0,0,1,0,0,0,0,0,0,0,0,0,0,0,0,0,0,8,0,39.9908,-75.1425, , 
 ,35180,2014025315,6,67,67301,2014,1,7,1500,15,1,4,5,1,1, , ,N,0,0,0,3,0,1,2,2,N,N,40 02:08.250,75 09:33.170,1526, ,1520, ,0, ,N, ,0, , , , , ,400704, , , ,2,0,0,0,1,0,1,0,0,0,0,1,1,0,0,0,0,0,0,0,1,0,0,0,0,0,0,0,0,0,0,0,0,0,0,4,0,40.0356,-75.1592, , 
 ,35181,2014025429,6,67,67301,2014,1,1,2204,22,3,1,0,8,1, , ,N,0,2,0,3,0,1,2,2,N,N,39 58:43.433,75 09:28.500,9999, ,2224, ,0, , , ,3, , , , , ,400705, , , ,1,1,0,0,0,0,0,0,0,0,0,0,1,1,0,0,0,0,0,0,0,0,0,0,0,0,0,0,0,0,0,0,1,0,0,8,0,39.9787,-75.1579, , 
 ,35182,2014043035,6,67,67301,2014,3,1,1955,19,3,2,1,8,1, , ,N,1,3,0,3,0,1,2,2,N,N,40 02:55.752,75 09:11.847,2205, ,2200,1,1,5,N, ,3,N, , , , ,404872, , , ,1,0,0,0,0,0,0,0,0,0,1,0,1,0,0,0,0,0,0,0,0,0,0,0,0,0,0,0,0,0,0,0,1,0,0,3,0,40.0488,-75.1533, , 
 ,35183,2014007000,6,67,67301,2014,1,5,310,3,3,1,0,7,3, , ,N,0,2,0,3,0,1,2,1,N,N,40 04:58.293,74 57:57.702,310, ,310,2,2,2,N, ,3,N, , , , ,404884, , , ,1,1,0,0,0,0,0,0,0,0,0,0,1,1,0,0,0,0,0,1,0,0,0,2,0,0,0,0,0,0,0,0,0,0,0,8,0,40.0829,-74.966, , 
 ,35184,2014016159,6,67,67301,2014,1,3,1500,15,1,1,0,4,1, , ,N,1,3,0,3,0,3,4,2,N,N,40 04:02.474,75 09:01.821,1605, ,1558, ,0, ,N, ,3, , , , , ,404939, , , ,2,2,0,0,0,0,0,0,0,0,0,0,3,3,0,0,0,0,0,0,1,0,0,0,0,0,0,0,0,0,0,0,0,0,0,8,0,40.0674,-75.1505, , 
 ,35185,2014034272,6,67,67301,2014,2,3,9999,99,1,4,1,4,1, , ,N,1,3,0,3,0,1,3,2,N,N,40 04:11.348,75 10:14.411,9999, ,1054, ,0, , , ,3, , , , , ,404957, , , ,2,1,0,0,0,0,1,0,0,0,0,1,1,0,0,0,0,0,0,0,0,1,0,0,0,0,0,0,0,0,0,0,0,0,0,4,0,40.0698,-75.1707, , 
 ,35186,2014034842,6,67,67301,2014,2,4,657,6,1,1,0,4,1, , ,N,1,2,0,3,0,2,2,2,N,N,40 01:12.877,75 06:50.707,724, ,717, ,0, ,N, ,3, , , , , ,404958, , , ,2,0,0,0,0,0,2,0,0,0,0,0,2,2,0,0,0,0,0,0,1,0,0,0,0,0,0,0,0,0,0,0,0,0,0,8,0,40.0202,-75.1141, , 
 ,35187,2014051769,6,67,67301,2014,4,7,720,7,1,1,0,4,1, , ,N,2,2,7,3,0,1,2,2,N,N,39 54:51.954,75 09:11.336,728, ,721, ,0, ,N, ,3, , , , , ,404970, , , ,1,0,0,0,0,0,1,0,1,0,0,0,1,1,0,0,0,0,0,0,0,1,0,0,0,0,0,0,0,0,0,0,0,0,0,8,0,39.9144,-75.1531, , 
 ,35188,2014059130,6,67,67301,2014,5,4,1922,19,4,9,0,8,1, , ,N,0,0,0,3,0,1,2,2,N,N,40 00:39.949,75 11:42.378,1942, ,1940, ,0, ,N, ,0, , , , , ,404973, , , ,1,1,0,0,0,0,0,0,0,0,0,1,1,0,0,0,0,0,0,0,0,0,0,0,0,0,0,0,0,0,0,0,1,0,0,4,0,40.0111,-75.1951, , 
 ,35189,2014019142,6,67,67301,2014,1,5,2325,23,3,1,0,4,1, , ,N,1,2,0,3,0,1,2,2,N,N,40 01:08.572,75 05:02.835,2335, ,2333, ,0, ,N, ,3, , , , , ,404983, , , ,2,2,0,0,0,0,0,0,0,0,0,1,1,0,0,0,0,0,0,0,0,0,0,0,0,0,0,0,0,0,0,0,0,0,0,4,0,40.019,-75.0841, , 
 ,35190,2014047623,6,67,67301,2014,5,3,1302,13,1,1,0,1,1, , ,N,0,0,0,3,0,3,4,2,N,N,39 56:25.291,75 11:44.664,1333, ,1304, ,0, ,N, ,0, , , , , ,405009, , , ,2,2,0,0,0,0,0,0,0,0,0,0,3,3,0,0,0,0,0,0,0,0,0,0,0,0,0,0,0,0,0,0,0,0,0,8,0,39.9389,-75.1972, , 
 ,35191,2014042678,6,67,67301,2014,3,7,1947,19,3,2,1,4,1, , ,N,1,2,0,3,0,1,3,2,N, ,40 00:19.857,75 06:19.237,1949, ,1948, ,0, , , ,3, , , , , ,405062, , , ,2,2,0,0,0,0,0,0,0,0,0,1,1,0,0,0,1,0,0,0,0,0,0,0,0,0,0,0,0,0,0,0,0,0,0,4,0,40.0055,-75.1053, , 
 ,35192,2014043179,6,67,67301,2014,4,7,1355,13,1,1,0,1,1, , ,N,0,0,0,3,0,0,8,2,N,N,39 59:38.159,75 11:57.539,1529, ,1524, ,0, ,N, ,0, , , , , ,405063, , , ,2,0,0,0,0,0,0,2,0,0,0,0,0,0,0,0,0,0,0,0,1,0,0,0,0,0,0,0,0,0,0,0,0,0,0,0,0,39.9939,-75.1993, , 
 ,35193,2014038895,6,67,67301,2014,3,5,1009,10,1,1,0,5,1, , ,N,0,0,0,3,0,1,2,2,N, ,40 01:03.870,75 11:21.380,1028, ,1022,2,1,2, , ,0,N, , , , ,405099, , , ,2,2,0,0,0,0,0,0,0,0,0,1,1,0,0,0,0,0,0,0,0,0,0,0,0,0,0,0,0,0,0,0,0,0,0,4,0,40.0177,-75.1893, , 
 ,35194,2014016102,6,67,67301,2014,1,5,1740,17,3,1,0,8,1, , ,N,1,3,0,3,0,1,2,2,N,N,39 58:56.593,75 06:26.852,1812, ,1809, ,0, ,N, ,3, , , , , ,405137, , , ,1,0,0,0,0,0,1,0,0,0,0,1,1,0,0,0,0,0,0,0,0,0,1,0,0,0,0,0,0,0,0,0,1,0,0,4,0,39.9824,-75.1075, , 
 ,35195,2014016972,6,67,67301,2014,1,6,745,7,1,3,6,7,4, , ,N,0,0,0,3,0,0,1,1,N,N,39 54:37.306,75 11:09.222,806, ,758, ,0, ,N, ,0, , , , , ,405141, , , ,1,0,0,0,0,0,0,1,0,0,0,0,0,0,1,0,0,0,0,0,1,0,0,0,0,0,0,0,0,0,0,0,0,0,0,9,0,39.9104,-75.1859, , 
 ,35196,2014025405,6,67,67301,2014,1,5,1300,13,1,1,1,8,1, , ,N,1,0,0,3,0,1,2,2,N,N,40 01:40.303,75 08:55.964,1640, ,1640, ,0, ,N, ,0, , , , , ,405189, , , ,1,1,0,0,0,0,0,0,0,0,1,0,1,0,0,0,0,0,0,0,0,0,0,0,0,0,0,0,0,0,0,0,1,0,0,3,0,40.0279,-75.1489, , 
 ,35197,2014039051,6,67,67301,2014,3,5,254,2,3,8,0,7,4, , ,N,0,0,0,3,0,0,1,1,N, ,40 00:46.977,75 10:08.908,257, ,257, ,0, , , ,0, , , , , ,405202, , , ,1,1,0,0,0,0,0,0,0,0,0,0,0,0,1,0,0,0,0,0,0,0,0,0,0,0,0,0,0,0,0,0,0,0,0,9,0,40.013,-75.1691, , 
 ,35198,2014031399,6,67,67301,2014,1,5,140,1,2,1,0,0,1, , ,N,0,0,0,3,0,0,1,1,N,N,39 55:50.383,75 11:55.270,1500, ,144,1,1,4,N, ,0,N, , , , ,405239, , , ,1,1,0,0,0,0,0,0,0,0,0,0,0,0,0,0,0,0,0,0,0,0,0,0,0,0,0,0,0,0,0,0,0,0,0,0,0,39.9307,-75.1987, , 
 ,35199,2014032476,6,67,67301,2014,2,1,942,9,1,4,5,4,1, , ,N,2,3,0,3,0,1,2,2,N,N,39 56:48.184,75 12:36.529,950, ,945, ,0, ,N, ,3, , , , , ,405240, , , ,2,2,0,0,0,0,0,0,0,0,0,0,1,1,1,0,0,0,0,0,0,0,0,0,0,0,0,0,0,0,0,0,0,0,0,8,0,39.9467,-75.2101, , 
 ,35200,2014049895,6,67,67301,2014,4,6,1121,11,1,1,0,6,1, , ,N,0,0,7,3,0,1,2,2,N,N,40 02:19.004,75 00:28.021,1124, ,1123,2,2,5, , ,0,Y, , , , ,413266, , , ,2,1,0,0,0,0,0,1,0,0,0,0,1,1,0,0,0,0,0,0,0,0,1,0,0,0,0,0,0,0,0,0,0,0,0,8,0,40.0386,-75.0078, , 
 ,35201,2014005091,6,67,67301,2014,1,1,450,4,3,1,0,7,4, , ,N,1,2,0,3,0,0,1,1,N,N,39 58:49.587,75 09:33.224,500, ,500, ,0, ,N, ,3, , , , , ,413277, , , ,1,1,0,0,0,0,0,0,0,0,0,0,0,0,0,0,0,0,0,0,0,0,0,0,0,0,0,0,0,0,0,0,0,0,0,0,0,39.9804,-75.1592, , 
 ,35202,2014027955,6,67,67301,2014,2,4,1320,13,1,1,0,7,2, , ,N,0,0,0,3,0,0,2,1,N,N,39 59:40.325,75 11:54.238,1325, ,1320,1,1,4,N, ,0,N, , , , ,413291, , , ,1,0,0,0,1,0,0,0,0,0,0,0,0,0,0,0,0,0,0,0,0,0,0,0,0,0,0,0,0,0,0,0,0,0,0,0,0,39.9945,-75.1984, , 
 ,35203,2014034259,6,67,67301,2014,3,7,9999,99,3,1,0,7,4, , ,N,1,2,0,3,0,1,1,1,N,N,39 57:30.009,75 09:07.358,203, ,159, ,0, ,N, ,3, , , , , ,413296, , , ,1,1,0,0,0,0,0,0,0,0,0,0,1,1,0,0,0,0,0,0,0,0,0,0,0,0,0,0,0,0,0,0,0,0,0,8,0,39.9583,-75.152, , 
 ,35204,2014049685,6,67,67301,2014,4,2,1710,17,1,1,0,6,1, , ,N,2,3,0,3,0,2,2,2,N,N,40 03:59.090,75 01:07.291,1725, ,1123, ,0, ,N, ,3, , , , , ,413311, , , ,2,2,0,0,0,0,0,0,0,0,0,2,2,0,0,0,0,0,0,0,1,1,0,0,0,0,0,0,0,0,0,0,0,0,0,4,0,40.0664,-75.0187, , 
 ,35205,2014039011,6,67,67301,2014,3,7,1650,16,1,1,0,8,1, , ,N,1,2,0,3,0,1,2,2,N,N,39 57:09.624,75 09:54.855,1700, ,1655, ,0, ,N, ,3, , , , , ,413348, , , ,1,1,0,0,0,0,0,0,0,0,0,0,1,1,0,0,0,0,0,0,0,0,0,0,0,0,0,0,0,0,0,0,1,0,0,8,0,39.9526,-75.1654, , 
 ,35206,2014049458,6,67,67301,2014,4,1,2250,22,3,1,0,4,1, , ,N,0,0,0,3,0,3,3,3,N,N,40 02:22.677,75 05:03.735,2256, ,2254,1,1,1,N, ,0,N, , , , ,413358, , , ,3,2,0,0,0,0,0,1,0,0,0,0,3,3,0,0,0,0,0,0,0,0,0,0,0,0,0,0,0,0,0,0,0,0,0,8,0,40.0396,-75.0844, , 
 ,35207,2014013132,6,67,67301,2014,1,4,417,4,3,1,0,4,1, , ,N,0,0,0,3,0,0,3,3,N, ,40 01:15.473,75 06:48.112,504, ,441,3,1,2, , ,0,N, , , , ,413373, , , ,3,1,0,0,0,0,1,1,0,0,0,0,0,0,1,0,0,0,0,0,0,0,0,1,0,0,0,0,0,0,0,0,0,0,0,9,0,40.021,-75.1134, , 
 ,35208,2014021562,6,67,67301,2014,1,5,9999,99,1,1,0,7,4, , ,N,0,0,0,3,0,1,1,1,N, ,39 57:06.372,75 09:00.497,1050, ,1045, ,0, , , ,0, , , , , ,413377, , , ,1,1,0,0,0,0,0,0,0,0,0,0,1,1,0,0,0,0,0,0,0,0,0,0,0,0,0,0,0,0,0,0,0,0,0,8,0,39.9518,-75.1501, , 
 ,35209,2014042615,6,67,67301,2014,3,7,804,8,1,2,1,4,1, , ,N,1,2,0,3,0,1,3,2,N, ,39 57:04.796,75 11:57.319,811, ,809, ,0, , , ,3, , , , , ,413397, , , ,2,1,0,0,0,0,0,1,0,0,0,1,1,0,0,0,0,0,0,0,0,0,0,0,0,0,0,0,0,0,0,0,0,0,0,4,0,39.9513,-75.1991, , 
 ,35210,2014043462,6,67,67301,2014,4,4,1053,10,1,1,0,7,2, , ,N,0,0,3,3,0,1,1,1,N,N,39 53:13.516,75 12:18.181,1057, ,1056,2,1,2,N, ,0,N, , , , ,413399, , , ,1,1,0,0,0,0,0,0,0,0,0,1,1,0,0,0,0,0,0,0,1,0,0,0,0,0,0,0,0,0,0,0,0,0,0,4,0,39.8871,-75.2051, , 
 ,35211,2014013150,6,67,67301,2014,1,1,1000,10,1,3,5,7,4, , ,N,2,3,0,3,0,0,2,1,N, ,39 59:11.518,75 04:33.585,9999, ,9999, ,0, , , ,3, , , , , ,413423, , , ,1,1,0,0,0,0,0,0,0,0,0,0,0,0,0,0,0,0,0,0,1,0,0,0,0,0,0,0,0,0,0,0,0,0,0,0,0,39.9865,-75.076, , 
 ,35212,2014021543,6,67,67301,2014,1,2,1914,19,3,1,0,4,1, , ,N,0,2,7,3,0,1,3,2,N,N,40 01:26.908,75 04:38.937,1916, ,1914,1,1,3,N, ,3,N, , , , ,413429, , , ,2,1,0,1,0,0,0,0,0,0,0,0,1,1,0,0,0,0,0,0,0,0,0,1,0,0,0,0,0,0,0,0,0,0,0,8,1,40.0241,-75.0775, , 
 ,35213,2014032429,6,67,67301,2014,2,3,1659,16,3,1,0,4,1, , ,N,2,2,0,3,0,1,2,2,N,N,39 56:56.025,75 11:22.873,1705, ,1702, ,0, ,N, ,3, , , , , ,413441, , , ,2,1,0,0,0,0,1,0,0,0,0,1,1,0,0,0,0,0,0,0,1,0,0,0,0,0,0,0,0,0,0,0,0,0,0,4,0,39.9489,-75.1897, , 
 ,35214,2014054473,6,67,67301,2014,4,2,2030,20,3,1,0,1,1, , ,N,0,2,0,3,0,1,6,3,N, ,40 01:38.661,75 07:03.010,2121, ,2119,9,1,2, , ,3,N, , , , ,413453, , , ,3,2,0,0,0,0,1,0,0,0,0,0,1,1,1,0,0,0,0,0,0,0,0,0,0,0,0,0,0,0,0,0,0,0,0,8,0,40.0274,-75.1175, , 
 ,35215,2014065520,6,67,67301,2014,5,5,1810,18,1,2,1,4,1, , ,N,2,0,0,3,0,4,6,2,N,N,40 01:45.379,75 07:24.272,1810, ,1810,1,1,4,N, ,0,Y, , , , ,413461, , , ,2,2,0,0,0,0,0,0,0,0,0,4,4,0,0,0,0,0,0,0,0,0,0,0,0,0,0,0,0,0,0,0,0,0,0,4,0,40.0293,-75.1234, , 