wz_ln_closure,objectid_1,crn,district,county,municipality,crash_year,crash_month,day_of_week,time_of_day,hour_of_day,illumination,weather,road_condition,collision_type,relation_to_road,work_zone_type,work_zone_loc,work_zone_ind,intersect_type,tcd_type,location_type,urban_rural,fatal_count,injury_count,person_count,total_units,sch_bus_ind,sch_zone_ind,latitude,longitude,arrival_tm,cons_zone_spd_lim,dispatch_tm,est_hrs_closed,lane_closed,ln_close_dir,ntfy_hiwy_maint,spec_juris_cd,tcd_func_cd,tfc_detour_ind,workers_pres,wz_close_detour,wz_flagger,wz_law_offcr_ind,objectid,wz_moving,wz_other,wz_shlder_mdn,vehicle_count,automobile_count,motorcycle_count,bus_count,small_truck_count,heavy_truck_count,suv_count,van_count,bicycle_count,maj_inj_count,mod_inj_count,min_inj_count,tot_inj_count,unk_inj_deg_count,unk_inj_per_count,driver_count_16yr,driver_count_17yr,driver_count_18yr,driver_count_19yr,driver_count_20yr,driver_count_50_64yr,driver_count_65_74yr,driver_count_75plus,unbelted_occ_count,unb_death_count,unb_maj_inj_count,belted_death_count,belted_maj_inj_count,mcycle_death_count,mcycle_maj_inj_count,bicycle_death_count,bicycle_maj_inj_count,ped_count,ped_death_count,ped_maj_inj_count,max_severity_level,comm_veh_count,dec_lat,dec_long,rdwy_surf_type_cd,county_name
 ,35282,2014049736,6,67,67301,2014,4,5,1545,15,1,1,0,1,1, , ,N,1,2,0,3,0,1,2,2,N,Y,39 55:15.927,75 10:25.586,1610, ,1600, ,0, ,N, ,3, , , , , ,413554, , , ,2,1,0,0,0,0,1,0,0,0,0,1,1,0,0,0,0,0,0,0,1,0,0,0,0,0,0,0,0,0,0,0,0,0,0,4,0,39.9211,-75.1738, , 
 ,35283,2014049823,6,67,67301,2014,4,2,1256,12,1,3,2,5,6, , ,N,0,0,0,3,0,1,1,2,N,N,39 55:08.983,75 09:38.379,1315, ,1257, ,0, ,N, ,0, , , , , ,413555, , , ,2,0,1,0,0,0,1,0,0,0,0,1,1,0,0,0,0,0,0,0,0,1,0,0,0,0,0,0,0,0,0,0,0,0,0,4,0,39.9192,-75.1607, , 
 ,35284,2014016833,6,67,67301,2014,2,4,1410,14,1,1,0,4,1, , ,N,1,2,0,3,0,3,3,2,N,N,40 02:40.636,75 03:16.819,1425, ,1410,3,2,4,N, ,3,Y, , , , ,413568, , , ,2,1,0,0,0,1,0,0,0,0,3,0,3,0,0,0,0,0,0,0,0,0,0,0,0,0,0,0,0,0,0,0,0,0,0,3,1,40.0446,-75.0547, , 
 ,35285,2014016938,6,67,67301,2014,1,3,2121,21,3,1,0,7,4, , ,N,1,2,0,3,0,0,1,1,N,N,39 57:58.791,75 13:00.094,2122, ,2121, ,0, ,N, ,3, , , , , ,413569, , , ,1,0,0,0,0,0,0,1,0,0,0,0,0,0,0,0,0,0,0,0,0,0,0,0,0,0,0,0,0,0,0,0,0,0,0,0,0,39.9663,-75.2167, , 
 ,35286,2014032368,6,67,67301,2014,2,3,830,8,1,4,5,1,1, , ,N,1,2,0,3,0,0,5,2,N,N,39 58:32.683,75 15:46.993,830, ,830, ,0, ,N, ,3, , , , , ,413584, , , ,2,1,0,0,0,0,1,0,0,0,0,0,0,0,0,0,0,0,0,0,1,0,0,0,0,0,0,0,0,0,0,0,0,0,0,0,0,39.9757,-75.2631, , 
 ,35287,2014034180,6,67,67301,2014,3,3,2337,23,3,1,0,4,1, , ,N,2,0,0,3,0,2,3,2,N,N,39 54:26.334,75 13:41.041,2, ,2354, ,0, ,N, ,0, , , , , ,413588, , , ,2,0,0,0,0,0,2,0,0,0,0,0,2,2,0,0,0,0,0,0,0,0,0,0,0,0,0,0,0,0,0,0,0,0,0,8,0,39.9073,-75.2281, , 
 ,35288,2014042692,6,67,67301,2014,3,7,9999,99,1,1,0,8,1, , ,N,0,0,0,3,0,1,2,2,N,N,39 58:06.063,75 13:55.380,803, ,801, ,0, ,N, ,0, , , , , ,413596, , , ,1,1,0,0,0,0,0,0,0,0,0,1,1,0,0,0,0,0,0,0,0,0,0,0,0,0,0,0,0,0,0,0,1,0,0,4,0,39.9684,-75.2321, , 
 ,35289,2014049616,6,67,67301,2014,4,5,2354,23,3,2,1,4,1, , ,N,1,2,0,3,0,1,2,2,N,N,39 57:20.286,75 12:08.187,2356, ,2355, ,0, ,N, ,3, , , , , ,413602, , , ,1,1,0,0,0,0,0,0,1,0,0,0,1,1,0,0,0,0,0,0,0,0,0,0,0,0,0,0,0,0,0,0,0,0,0,8,0,39.9556,-75.2023, , 
 ,35290,2014051767,6,67,67301,2014,3,2,9999,99,1,1,1,4,1, , ,N,0,0,0,3,0,0,6,4,N, ,39 58:47.425,75 13:08.402,9999, ,9999, ,0, , , ,0, , , , , ,413606, , , ,4,3,0,0,0,0,1,0,0,0,0,0,0,0,0,0,0,0,0,0,1,0,0,0,0,0,0,0,0,0,0,0,0,0,0,0,0,39.9798,-75.219, , 
 ,35291,2014029834,6,67,67301,2014,1,6,1935,19,3,1,0,5,1, , ,N,0,0,0,3,0,0,7,9,N,N,39 57:48.581,75 10:09.897,1950, ,1944,3,2,4, , ,0,Y, , , , ,413635, , , ,9,6,0,0,0,0,3,0,0,0,0,0,0,0,1,0,0,1,0,0,1,0,0,0,0,0,0,0,0,0,0,0,0,0,0,9,0,39.9635,-75.1694, , 
 ,35292,2014029830,6,67,67301,2014,2,1,44,0,3,9,8,4,1, , ,N,2,3,0,3,0,0,3,2,N,N,40 00:54.959,75 11:53.849,52, ,45, ,0, , , ,3, , , , , ,396263, , , ,2,2,0,0,0,0,0,0,0,0,0,0,0,0,0,0,0,0,0,0,0,0,0,0,0,0,0,0,0,0,0,0,0,0,0,0,0,40.0153,-75.1983, , 
 ,35293,2014025305,6,67,67301,2014,1,7,30,0,3,8,6,1,6, , ,N,0,0,0,3,0,0,1,2,N,N,40 04:01.756,75 10:43.400,205, ,152, ,0, ,N, ,0, , , , , ,396307, , , ,2,1,0,0,0,0,0,0,0,0,0,0,0,0,1,0,0,0,0,0,0,0,0,0,0,0,0,0,0,0,0,0,0,0,0,9,0,40.0672,-75.1787, , 
 ,35294,2014035826,6,67,67301,2014,3,7,845,8,8,2,1,1,1, , ,N,0,0,0,3,0,2,2,2,N,N,39 55:34.919,75 08:48.157,845, ,845,1,2,1,N, ,0,N, , , , ,396313, , , ,2,1,0,0,0,0,1,0,0,0,0,0,2,2,0,0,0,0,0,0,0,0,0,0,0,0,0,0,0,0,0,0,0,0,0,8,0,39.9264,-75.1467, , 
 ,35295,2014038919,6,67,67301,2014,3,4,1939,19,3,2,1,4,1, , ,N,1,0,0,3,0,2,2,2,N,N,40 01:52.453,75 02:40.833,1950, ,1943,3,2,4,N, ,0,N, , , , ,396317, , , ,2,0,0,0,0,0,2,0,0,0,0,0,2,2,0,0,0,0,0,0,0,0,0,0,0,0,0,0,0,0,0,0,0,0,0,8,0,40.0312,-75.0447, , 
 ,35296,2014042357,6,67,67301,2014,4,7,642,6,1,1,0,7,2, , ,N,0,0,0,3,0,1,1,1,N,N,39 56:48.465,75 08:31.448,652, ,642, ,0, ,N, ,0, , , , , ,396323, , , ,1,1,0,0,0,0,0,0,0,0,0,0,1,1,0,0,0,0,0,0,0,0,0,0,0,0,0,0,0,0,0,0,0,0,0,8,0,39.9468,-75.1421, , 
 ,35297,2014049539,6,67,67301,2014,3,7,1140,11,1,2,1,4,1, , ,N,2,3,0,3,0,0,6,5,N, ,39 58:12.248,75 14:17.872,1157, ,1153, ,0, , , ,3, , , , , ,396329, , , ,5,4,0,0,0,0,0,1,0,0,0,0,0,0,0,0,0,0,0,0,0,0,0,0,0,0,0,0,0,0,0,0,0,0,0,0,0,39.9701,-75.2383, , 
 ,35298,2014053649,6,67,67301,2014,5,3,1210,12,1,1,0,4,1, , ,N,1,2,0,3,0,1,2,2,N,N,39 53:51.271,75 15:08.228,1230, ,1210,3,2,1,N, ,3,Y, , , , ,396336, , , ,2,1,0,0,0,1,0,0,0,0,1,0,1,0,0,0,0,0,0,0,1,0,0,0,0,0,0,0,0,0,0,0,0,0,0,3,1,39.8974,-75.2522, , 
 ,35299,2014032450,6,67,67301,2014,2,6,1400,14,1,1,0,4,1, , ,N,0,0,7,3,0,1,4,2,N,N,39 55:21.406,75 11:08.471,1410, ,1402, ,0, , , ,0, , , , , ,396402, , , ,2,2,0,0,0,0,0,0,0,0,0,0,1,1,0,0,0,0,0,1,0,0,0,0,0,0,0,0,0,0,0,0,0,0,0,8,0,39.9226,-75.1857, , 
 ,35300,2014054633,6,67,67301,2014,4,3,2340,23,3,1,0,4,1, , ,N,0,0,7,3,0,1,3,2,N,N,39 57:34.614,75 09:00.288,2346, ,2346,3,2,1,N, ,0,N, , , , ,396421, , , ,2,1,0,0,0,0,1,0,0,0,0,1,1,0,0,0,0,0,0,0,0,0,0,0,0,0,0,0,0,0,0,0,0,0,0,4,0,39.9596,-75.1501, , 
 ,35301,2014068600,6,67,67301,2014,5,5,1050,10,1,1,0,8,6, , ,N,0,0,0,3,0,1,2,2,N,N,40 04:31.497,75 12:19.495,1105, ,1058, ,0, ,N, ,0, , , , , ,396430, , , ,1,0,0,0,0,0,0,1,0,0,0,0,1,1,0,0,0,1,0,0,0,0,0,0,0,0,0,0,0,0,0,0,1,0,0,8,0,40.0754,-75.2054, , 
 ,35302,2014025882,6,67,67301,2014,1,7,9999,99,3,2,1,5,6, , ,N,0,0,0,3,0,0,2,3,N,N,39 56:40.434,75 14:23.978,9999, ,9999,3,2,3,N, ,0,Y, , , , ,396452, , , ,3,2,0,0,0,0,1,0,0,0,0,0,0,0,0,0,0,0,0,0,0,0,0,1,0,0,0,0,0,0,0,0,0,0,0,0,0,39.9446,-75.24, , 
 ,35303,2014028216,6,67,67301,2014,3,1,225,2,3,1,0,7,2, , ,N,0,0,0,3,0,1,1,1,N,N,40 00:57.610,75 10:33.610,242, ,230,3,1,2,Y, ,0,N, , , , ,396457, , , ,1,1,0,0,0,0,0,0,0,0,0,0,1,1,0,0,0,0,0,0,0,0,0,1,0,0,0,0,0,0,0,0,0,0,0,8,0,40.016,-75.176, , 
 ,35304,2014032457,6,67,67301,2014,2,5,2125,21,6,9,5,5,1, , ,N,0,0,0,3,0,0,1,4,N,N,40 03:23.250,75 08:26.976,2240, ,2130, ,0, ,N, ,0, , , , , ,396459, , , ,4,4,0,0,0,0,0,0,0,0,0,0,0,0,1,0,0,0,0,0,0,0,0,0,0,0,0,0,0,0,0,0,0,0,0,9,0,40.0565,-75.1408, , 
 ,35305,2014049577,6,67,67301,2014,4,7,506,5,3,1,0,7,4, , ,N,0,0,0,3,0,1,1,1,N, ,40 00:00.346,75 09:11.706,514, ,513, ,0, , , ,0, , , , , ,396471, , , ,1,1,0,0,0,0,0,0,0,0,0,1,1,0,0,0,0,0,0,0,0,0,0,0,0,0,0,0,0,0,0,0,0,0,0,4,0,40.0001,-75.1533, , 
 ,35306,2014049899,6,67,67301,2014,3,2,1138,11,1,1,0,8,1, , ,N,1,2,0,3,0,1,3,2,N,N,39 57:36.149,75 13:29.566,1200, ,1139, ,0, , , ,3, , , , , ,396472, , , ,1,0,0,0,0,1,0,0,0,0,0,0,1,1,0,0,0,0,0,0,0,0,0,1,0,0,0,0,0,0,0,0,1,0,0,8,1,39.9599,-75.2249, , 
 ,35307,2014016169,6,67,67301,2014,1,5,1617,16,1,1,0,1,1, , ,N,1,2,0,3,0,2,3,2,N, ,39 55:01.859,75 14:46.691,1622, ,1621,1,1,4, , ,3,Y, , , , ,396493, , , ,2,1,0,0,0,1,0,0,0,0,0,2,2,0,0,0,0,0,0,0,0,0,0,0,0,0,0,0,0,0,0,0,0,0,0,4,1,39.9172,-75.2463, , 
 ,35308,2014049466,6,67,67301,2014,4,2,1636,16,1,1,0,4,1, , ,N,1,2,0,3,0,2,4,2,N,Y,40 02:49.423,75 09:47.462,1642, ,1639,1,1,1, , ,3,Y, , , , ,396514, , , ,2,1,0,0,1,0,0,0,0,0,0,1,2,1,0,0,0,0,0,0,0,0,1,3,0,0,0,0,0,0,0,0,0,0,0,4,0,40.0471,-75.1632, , 
 ,35309,2014054506,6,67,67301,2014,4,4,1905,19,1,2,1,7,4, , ,N,0,0,0,3,0,0,1,1,N,N,40 08:00.277,75 00:36.978,1907, ,1906,4,2,2,N, ,0,Y, , , , ,396519, , , ,1,1,0,0,0,0,0,0,0,0,0,0,0,0,0,0,0,0,0,0,0,0,0,0,0,0,0,0,0,0,0,0,0,0,0,0,0,40.1334,-75.0103, , 
 ,35310,2014022099,6,67,67301,2014,2,2,1548,15,1,1,0,1,1, , ,N,0,0,0,3,0,0,6,3,N,N,39 58:14.987,75 07:28.969,1616, ,1552,2,2,2,N, ,0,N, , , , ,396550, , , ,3,3,0,0,0,0,0,0,0,0,0,0,0,0,0,0,0,0,0,0,2,0,0,0,0,0,0,0,0,0,0,0,0,0,0,0,0,39.9708,-75.1247, , 
 ,35311,2014049908,6,67,67301,2014,4,3,844,8,1,1,0,8,1, , ,N,0,0,0,3,0,1,2,2,N,Y,39 57:12.004,75 14:37.075,852, ,851, ,0, ,N, ,0, , , , , ,387712, , , ,1,1,0,0,0,0,0,0,0,0,1,0,1,0,0,0,0,0,0,0,0,0,0,0,0,0,0,0,0,0,0,0,1,0,0,3,0,39.9533,-75.2436, , 
 ,35312,2014028052,6,67,67301,2014,2,3,1627,16,3,4,1,1,1, , ,N,1,2,0,3,0,1,3,2,N,N,39 59:39.070,75 06:41.033,1630, ,1627,9,1,6,N, ,3,N, , , , ,387733, , , ,2,0,0,1,1,0,0,0,0,0,0,0,1,1,0,0,0,0,0,0,1,0,0,0,0,0,0,0,0,0,0,0,0,0,0,8,1,39.9942,-75.1114, , 
 ,35313,2014042622,6,67,67301,2014,4,3,1601,16,1,1,0,4,1, , ,N,2,0,0,3,0,1,2,2,N,N,39 55:27.157,75 10:06.173,1659, ,1654, ,0, ,N, ,0, , , , , ,387747, , , ,2,1,0,0,0,0,0,0,0,0,0,0,1,1,0,0,0,0,0,1,1,0,0,0,0,0,0,0,0,0,0,0,0,0,0,8,0,39.9242,-75.1684, , 
 ,35314,2014043021,6,67,67301,2014,3,5,1722,17,1,1,0,5,1, , ,N,0,0,0,3,0,2,4,2,N,N,39 57:22.906,75 09:45.537,1726, ,1722, ,0, , , ,0, , , , , ,387748, , , ,2,0,0,1,0,0,0,1,0,0,0,0,2,2,0,0,0,0,0,0,0,0,0,0,0,0,0,0,0,0,0,0,0,0,0,8,1,39.9564,-75.1626, , 
 ,35315,2014039106,6,67,67301,2014,3,1,1807,18,1,1,1,5,1, , ,N,0,0,0,3,0,0,2,2,N,N,39 58:43.559,75 06:34.879,1833, ,1821,2,2,1,N, ,0,N, , , , ,387789, , , ,2,2,0,0,0,0,0,0,0,0,0,0,0,0,0,0,0,0,0,0,0,0,0,1,0,0,0,0,0,0,0,0,0,0,0,0,0,39.9788,-75.1097, , 
 ,35316,2014048539,6,67,67301,2014,4,7,1635,16,1,1,0,5,1, , ,N,0,0,0,3,0,0,4,2,N,N,39 57:06.669,75 10:56.659,1635, ,1635, ,0, ,N, ,0, , , , , ,387794, , , ,2,0,0,0,1,0,1,0,0,0,0,0,0,0,0,0,0,0,0,0,0,0,0,1,0,0,0,0,0,0,0,0,0,0,0,0,0,39.9519,-75.1824, , 
 ,35317,2014054626,6,67,67301,2014,5,7,9999,99,3,1,0,4,1, , ,N,1,3,0,3,0,1,2,2,N,N,40 01:56.136,75 01:59.318,2105, ,2059, ,0, ,N, ,3, , , , , ,387799, , , ,2,1,1,0,0,0,0,0,0,0,1,0,1,0,0,0,0,0,0,0,0,0,0,0,0,0,0,0,0,0,0,0,0,0,0,3,0,40.0323,-75.0331, , 
 ,35318,2014059107,6,67,67301,2014,4,4,1151,11,1,2,1,5,1, , ,N,1,2,0,3,0,0,2,2,N,N,39 58:11.253,75 08:29.393,1245, ,1242, ,0, ,N, ,3, , , , , ,387802, , , ,2,2,0,0,0,0,0,0,0,0,0,0,0,0,0,0,0,0,0,0,1,0,0,0,0,0,0,0,0,0,0,0,0,0,0,0,0,39.9697,-75.1416, , 
 ,35319,2014065503,6,67,67301,2014,5,1,1408,14,1,1,0,4,1, , ,N,1,2,0,3,0,1,3,2,N,N,40 02:35.284,75 04:25.695,1411, ,1410, ,0, , , ,3, , , , , ,387807, , , ,2,1,0,0,0,0,1,0,0,0,0,1,1,0,0,0,0,0,0,0,1,0,0,0,0,0,0,0,0,0,0,0,0,0,0,4,0,40.0431,-75.0738, , 
 ,35320,2014029905,6,67,67301,2014,2,3,110,1,3,1,0,4,1, , ,N,1,2,0,3,0,1,2,2,N, ,40 02:06.022,75 04:09.823,116, ,116,1,1,1, , ,3,N, , , , ,387832, , , ,2,2,0,0,0,0,0,0,0,0,0,1,1,0,1,0,0,0,0,0,0,0,0,0,0,0,0,0,0,0,0,0,0,0,0,4,0,40.035,-75.0694, , 
 ,35321,2014049442,6,67,67301,2014,4,6,20,0,3,2,1,1,1, , ,N,0,0,0,3,0,0,2,3,N,N,40 01:33.981,75 06:35.208,21, ,20,2,2,5, , ,0,Y, , , , ,387855, , , ,3,0,0,0,1,0,1,1,0,0,0,0,0,0,0,0,0,0,0,0,0,0,0,0,0,0,0,0,0,0,0,0,0,0,0,0,0,40.0261,-75.1098, , 
 ,35322,2014029438,6,67,67301,2014,3,3,559,5,3,1,0,7,3, , ,N,0,0,3,3,0,0,1,1,N,N,39 55:05.187,75 11:24.022,605, ,559, ,0, ,N, ,0, , , , , ,387880, , , ,1,1,0,0,0,0,0,0,0,0,0,0,0,0,0,0,0,0,0,0,0,0,0,0,0,0,0,0,0,0,0,0,0,0,0,0,0,39.9181,-75.19, , 
 ,35323,2014037185,6,67,67301,2014,3,1,1113,11,1,2,1,7,4, , ,N,0,0,0,3,0,2,2,1,N,N,40 02:59.156,74 59:35.655,1121, ,1113, ,0, ,Y, ,0, , , , , ,387893, , , ,1,1,0,0,0,0,0,0,0,0,0,0,2,2,0,0,0,0,0,0,0,0,0,0,0,0,0,0,0,0,0,0,0,0,0,8,0,40.0498,-74.9932, , 
 ,35324,2014043111,6,67,67301,2014,3,3,9999,99,3,2,1,8,1, , ,N,2,2,0,3,0,1,2,2,N,N,40 01:38.080,75 11:00.687,2032, ,2030, ,0, ,N, ,3, , , , , ,387897, , , ,1,1,0,0,0,0,0,0,0,0,0,1,1,0,0,0,0,0,0,0,0,0,0,0,0,0,0,0,0,0,0,0,1,0,0,4,0,40.0272,-75.1835, , 
 ,35325,2014032479,6,67,67301,2014,2,3,1612,16,1,1,0,5,1, , ,N,0,0,0,3,0,1,2,2,N,N,39 57:13.966,75 12:02.120,1615, ,1614, ,0, ,N, ,0, , , , , ,387933, , , ,1,1,0,0,0,0,0,0,1,0,0,0,1,1,0,0,0,0,0,0,1,0,0,0,0,0,0,0,0,0,0,0,0,0,0,8,0,39.9539,-75.2006, , 
 ,35326,2014054498,6,67,67301,2014,4,7,910,9,1,1,1,4,1, , ,N,1,3,0,3,0,1,2,2,N,N,39 55:33.358,75 09:44.420,928, ,921,1,2,7,N, ,3,N, , , , ,387952, , , ,1,1,0,0,0,0,0,0,1,0,0,1,1,0,0,0,0,0,0,0,0,0,1,0,0,0,0,0,0,0,0,0,0,0,0,4,0,39.9259,-75.1623, , 
 ,35327,2014022582,6,67,67301,2014,2,6,1854,18,2,1,0,7,2, , ,N,0,0,0,3,0,1,1,1,N,N,40 00:27.621,75 12:05.669,1859, ,1854,1,2,3,N, ,0,Y, , , , ,387974, , , ,1,1,0,0,0,0,0,0,0,0,1,0,1,0,0,0,0,0,0,0,0,0,0,0,0,0,0,0,0,0,0,0,0,0,0,3,0,40.0077,-75.2016, , 
 ,35328,2014025317,6,67,67301,2014,1,6,1952,19,3,4,4,8,1, , ,N,0,0,0,3,0,1,2,2,N, ,39 59:02.119,75 11:11.148,1955, ,1954, ,0, , , ,0, , , , , ,387976, , , ,1,0,0,0,1,0,0,0,0,0,1,0,1,0,0,0,0,0,0,0,1,0,0,0,0,0,0,0,0,0,0,0,1,0,0,3,0,39.9839,-75.1864, , 
 ,35329,2014016944,6,67,67301,2014,1,4,1038,10,1,1,0,7,4, , ,N,0,0,0,3,0,1,1,1,N,N,40 00:03.912,75 11:33.724,1042, ,1039,1,2,5,N, ,0,Y, , , , ,391673, , , ,1,1,0,0,0,0,0,0,0,0,0,0,1,1,0,0,0,0,0,0,0,0,0,0,0,0,0,0,0,0,0,0,0,0,0,8,0,40.0011,-75.1927, , 
 ,35330,2014025554,6,67,67301,2014,1,3,2209,22,3,1,1,8,1, , ,N,1,2,0,3,0,1,3,2,N,N,40 02:20.299,75 09:00.122,2215, ,2215, ,0, ,N, ,3, , , , , ,391684, , , ,1,0,0,0,0,0,1,0,0,0,0,0,1,1,0,0,0,0,0,0,1,0,0,0,0,0,0,0,0,0,0,0,1,0,0,8,0,40.039,-75.15, , 
 ,35331,2014035695,6,67,67301,2014,2,6,715,7,1,4,3,1,1, , ,N,2,3,0,3,0,0,2,2,N,N,39 53:06.572,75 15:00.329,739, ,731, ,0, ,N, ,3, , , , , ,391691, , , ,2,1,0,0,0,0,0,1,0,0,0,0,0,0,0,0,0,0,0,0,0,0,0,0,0,0,0,0,0,0,0,0,0,0,0,0,0,39.885,-75.2502, , 
 ,35332,2014049448,6,67,67301,2014,4,3,1310,13,1,2,1,8,1, , ,N,1,2,0,3,0,1,2,2,N,N,39 57:23.109,75 09:52.045,1312, ,1312, ,0, ,N, ,3, , , , , ,391736, , , ,1,1,0,0,0,0,0,0,0,0,0,0,1,1,0,0,0,0,0,0,0,0,1,0,0,0,0,0,0,0,0,0,1,0,0,8,0,39.9564,-75.1645, , 
 ,35333,2014053827,6,67,67301,2014,5,2,1442,14,1,1,0,1,1, , ,N,0,0,0,3,0,1,4,4,N,N,39 56:32.303,75 11:37.231,1507, ,1452,1,1,4,N, ,0,N, , , , ,391740, , , ,4,4,0,0,0,0,0,0,0,0,0,1,1,0,0,0,0,0,0,0,0,0,0,0,0,0,0,0,0,0,0,0,0,0,0,4,0,39.9414,-75.1946, , 
 ,35334,2014074884,6,67,67301,2014,6,1,1436,14,1,1,0,4,1, , ,N,1,2,0,3,0,1,2,2,N,N,40 01:13.580,75 11:32.806,1505, ,1500,1,1,1,N, ,3,N, , , , ,391757, , , ,2,1,1,0,0,0,0,0,0,0,0,1,1,0,0,0,0,0,0,0,0,0,0,0,0,0,0,0,0,0,0,0,0,0,0,4,0,40.0205,-75.1924, , 
 ,35335,2014013175,6,67,67301,2014,1,5,1958,19,3,4,3,7,4, , ,N,0,0,0,3,0,0,1,1,N,N,40 03:11.163,75 03:00.081,2000, ,1958,1,2,1,N, ,0,N, , , , ,391770, , , ,1,0,0,0,1,0,0,0,0,0,0,0,0,0,0,0,0,0,0,0,0,0,0,0,0,0,0,0,0,0,0,0,0,0,0,0,0,40.0531,-75.05, , 
 ,35336,2014034131,6,67,67301,2014,3,7,240,2,3,1,0,1,1, , ,N,2,2,0,3,0,0,3,2,N,N,39 58:28.920,75 11:58.250,244, ,243, ,0, ,N, ,3, , , , , ,391785, , , ,2,2,0,0,0,0,0,0,0,0,0,0,0,0,0,0,0,0,0,0,0,0,0,0,0,0,0,0,0,0,0,0,0,0,0,0,0,39.9746,-75.1995, , 
 ,35337,2014034179,6,67,67301,2014,2,4,10,0,3,1,0,2,1, , ,N,2,0,0,3,0,1,2,2,N,N,40 01:31.496,75 12:30.979,12, ,12,2,2,5, , ,0,N, , , , ,391786, , , ,2,2,0,0,0,0,0,0,0,0,0,1,1,0,0,0,0,0,0,0,1,0,0,0,0,0,0,0,0,0,0,0,0,0,0,4,0,40.0254,-75.2086, , 
 ,35338,2014049825,6,67,67301,2014,4,2,1238,12,1,1,0,7,4, , ,N,0,0,0,3,0,2,3,2,N,N,40 00:43.242,75 10:55.099,1242, ,1240,1,2,2,N, ,0,N, , , , ,391805, , , ,2,2,0,0,0,0,0,0,0,0,2,0,2,0,0,0,0,0,0,0,0,0,0,2,0,0,0,0,0,0,0,0,0,0,0,3,0,40.012,-75.182, , 
 ,35339,2014044549,6,67,67301,2014,3,5,2120,21,3,1,0,4,1, , ,N,1,2,0,3,0,1,2,2,N,N,40 03:05.569,75 09:00.387,2120, ,2120, ,0, ,N, ,3, , , , , ,391849, , , ,2,2,0,0,0,0,0,0,0,0,0,1,1,0,0,0,0,0,0,0,1,0,0,0,0,0,0,0,0,0,0,0,0,0,0,4,0,40.0515,-75.1501, , 
 ,35340,2014054651,6,67,67301,2014,4,6,9999,99,3,2,1,4,1, , ,N,1,3,0,3,0,2,2,2,N, ,40 00:17.118,75 08:28.237,2115, ,2030, ,0, , , ,3, , , , , ,391901, , , ,2,2,0,0,0,0,0,0,0,0,0,0,2,2,0,0,0,0,0,0,0,0,0,0,0,0,0,0,0,0,0,0,0,0,0,8,0,40.0048,-75.1412, , 
 ,35341,2014032342,6,67,67301,2014,2,7,505,5,3,1,1,2,1, , ,N,0,0,0,3,0,1,3,2,N,N,40 00:10.172,75 09:44.801,510, ,510, ,0, ,N, ,0, , , , , ,391932, , , ,2,1,0,0,1,0,0,0,0,0,0,1,1,0,0,0,0,0,0,0,0,0,0,0,0,0,0,0,0,0,0,0,0,0,0,4,0,40.0028,-75.1624, , 
 ,35342,2014034269,6,67,67301,2014,2,7,1114,11,1,1,6,4,1, , ,N,1,2,0,3,0,1,2,2,N,N,40 03:34.246,75 03:07.165,1125, ,1117, ,0, ,N, ,3, , , , , ,391937, , , ,2,2,0,0,0,0,0,0,0,0,0,0,1,1,0,0,0,0,0,0,1,0,0,0,0,0,0,0,0,0,0,0,0,0,0,8,0,40.0595,-75.052, , 
 ,35343,2014035707,6,67,67301,2014,2,3,2000,20,3,4,4,2,1, , ,N,0,0,0,3,0,3,4,2,N,N,40 02:12.806,75 08:19.221,2300, ,2300, ,0, ,N, ,0, , , , , ,391939, , , ,2,1,0,0,0,0,0,1,0,0,0,3,3,0,0,0,0,0,0,0,0,0,0,0,0,0,0,0,0,0,0,0,0,0,0,4,0,40.0369,-75.1387, , 
 ,35344,2014025272,6,67,67301,2014,1,7,2112,21,3,1,0,4,1, , ,N,1,2,0,3,0,3,4,2,N,N,39 58:08.310,75 13:01.329,2116, ,2113, ,0, ,N, ,3, , , , , ,391969, , , ,2,1,0,0,0,0,0,1,0,0,0,0,3,3,0,0,0,0,0,0,0,0,0,0,0,0,0,0,0,0,0,0,0,0,0,8,0,39.969,-75.217, , 
 ,35345,2014032507,6,67,67301,2014,2,5,741,7,1,4,1,1,1, , ,N,0,0,0,3,0,0,1,3,N,N,40 03:22.176,75 03:57.592,840, ,833, ,0, ,N, ,0, , , , , ,391975, , , ,3,0,0,0,0,0,3,0,0,0,0,0,0,0,0,0,0,0,1,0,0,0,0,0,0,0,0,0,0,0,0,0,0,0,0,0,0,40.0562,-75.066, , 
 ,35346,2014009951,6,67,67301,2014,1,3,2125,21,3,4,3,0,1, , ,N,0,0,0,3,0,0,2,1,N,N,39 55:24.942,75 08:50.329,2141, ,2125,3,1,1,Y, ,0,N, , , , ,392013, , , ,1,0,0,0,0,1,0,0,0,0,0,0,0,0,0,0,0,0,0,0,0,0,0,0,0,0,0,0,0,0,0,0,0,0,0,0,1,39.9236,-75.1473, , 
 ,35347,2014025864,6,67,67301,2014,1,6,1944,19,3,1,0,8,1, , ,N,1,3,0,3,0,1,2,2,N, ,40 04:56.866,74 57:53.283,1952, ,1947, ,0, ,N, ,3, , , , , ,392027, , , ,1,0,0,0,1,0,0,0,0,0,0,1,1,0,0,0,0,0,0,0,1,0,0,0,0,0,0,0,0,0,0,0,1,0,0,4,0,40.0825,-74.9648, , 
 ,35348,2016002426,6,67,67301,2015,12,3,1307,13,1,2,1,4,1, , ,N,1,0,0,3,0,1,3,3,N,N,40 00:46.474,75 09:37.411,1309, ,1309,1,1,3,N, ,0,N, , , , ,380840, , , ,3,1,0,0,2,0,0,0,0,0,1,0,1,0,1,0,0,0,0,0,0,0,0,0,0,0,0,0,0,0,0,0,0,0,0,3,0,40.0129,-75.1603, , 