wz_ln_closure,objectid_1,crn,district,county,municipality,crash_year,crash_month,day_of_week,time_of_day,hour_of_day,illumination,weather,road_condition,collision_type,relation_to_road,work_zone_type,work_zone_loc,work_zone_ind,intersect_type,tcd_type,location_type,urban_rural,fatal_count,injury_count,person_count,total_units,sch_bus_ind,sch_zone_ind,latitude,longitude,arrival_tm,cons_zone_spd_lim,dispatch_tm,est_hrs_closed,lane_closed,ln_close_dir,ntfy_hiwy_maint,spec_juris_cd,tcd_func_cd,tfc_detour_ind,workers_pres,wz_close_detour,wz_flagger,wz_law_offcr_ind,objectid,wz_moving,wz_other,wz_shlder_mdn,vehicle_count,automobile_count,motorcycle_count,bus_count,small_truck_count,heavy_truck_count,suv_count,van_count,bicycle_count,maj_inj_count,mod_inj_count,min_inj_count,tot_inj_count,unk_inj_deg_count,unk_inj_per_count,driver_count_16yr,driver_count_17yr,driver_count_18yr,driver_count_19yr,driver_count_20yr,driver_count_50_64yr,driver_count_65_74yr,driver_count_75plus,unbelted_occ_count,unb_death_count,unb_maj_inj_count,belted_death_count,belted_maj_inj_count,mcycle_death_count,mcycle_maj_inj_count,bicycle_death_count,bicycle_maj_inj_count,ped_count,ped_death_count,ped_maj_inj_count,max_severity_level,comm_veh_count,dec_lat,dec_long,rdwy_surf_type_cd,county_name
 ,35349,2015118169,6,67,67301,2015,10,3,712,7,1,1,0,8,1, , ,N,3,0,0,3,0,1,2,2,N,N,39 58:20.930,75 12:43.195,725, ,721, ,0, ,N, ,0, , , , , ,380855, , , ,1,1,0,0,0,0,0,0,0,0,0,0,1,1,0,0,0,0,0,0,1,0,0,1,0,0,0,0,0,0,0,0,1,0,0,8,0,39.9725,-75.212, , 
 ,35350,2015126289,6,67,67301,2015,12,4,1728,17,3,2,1,1,1, , ,N,0,0,0,3,0,0,2,2,N,N,39 56:50.726,75 08:30.945,1728, ,1728, ,0, ,N, ,0, , , , , ,380865, , , ,2,1,0,0,0,0,1,0,0,0,0,0,0,0,0,0,0,0,0,0,0,0,0,0,0,0,0,0,0,0,0,0,0,0,0,0,0,39.9474,-75.1419, , 
 ,35351,2016007512,6,67,67301,2015,12,4,1920,19,3,2,1,8,1, , ,N,1,3,0,3,0,1,2,2,N,N,39 56:28.298,75 08:44.663,1930, ,1928, ,0, ,N, ,3, , , , , ,380875, , , ,1,1,0,0,0,0,0,0,0,0,0,0,1,1,0,0,0,0,0,0,0,0,0,0,0,0,0,0,0,0,0,0,1,0,0,8,0,39.9412,-75.1457, , 
 ,35352,2016002343,6,67,67301,2015,10,1,1708,17,1,1,0,5,6, , ,N,0,0,0,3,0,0,3,3,N,N,39 57:09.888,75 13:11.633,1715, ,1715,2,1,3,N, ,0,N, , , , ,380878, , , ,3,3,0,0,0,0,0,0,0,0,0,0,0,0,0,0,0,0,0,0,0,0,0,0,0,0,0,0,0,0,0,0,0,0,0,0,0,39.9527,-75.2199, , 
 ,35353,2016007666,6,67,67301,2015,12,3,900,9,1,2,1,4,1, , ,N,2,3,0,3,0,0,2,2,N,N,40 03:22.348,75 11:11.579,942, ,933, ,0, ,N, ,3, , , , , ,380880, , , ,2,1,0,0,0,0,1,0,0,0,0,0,0,0,0,0,0,0,0,1,0,0,0,1,0,0,0,0,0,0,0,0,0,0,0,0,0,40.0562,-75.1865, , 
 ,35354,2015120976,6,67,67301,2015,11,2,1754,17,3,1,0,4,1, , ,N,2,3,2,3,0,1,2,2,N,N,39 59:11.983,75 12:29.919,1801, ,1800, ,0, ,N, ,3, , , , , ,380898, , , ,2,2,0,0,0,0,0,0,0,0,0,1,1,0,0,0,0,0,0,0,0,0,0,0,0,0,0,0,0,0,0,0,0,0,0,4,0,39.9867,-75.2083, , 
 ,35355,2015109342,6,67,67301,2015,9,4,1538,15,1,1,0,8,1, , ,N,0,0,0,3,0,1,2,2,N, ,40 03:22.910,75 02:46.247,1620, ,1606, ,0, , , ,0, , , , , ,380933, , , ,1,0,0,0,1,0,0,0,0,0,0,0,1,1,0,0,0,0,0,0,1,0,0,0,0,0,0,0,0,0,0,0,1,0,0,8,0,40.0564,-75.0462, , 
 ,35356,2015117690,6,67,67301,2015,10,7,1541,15,1,1,0,7,4, , ,N,0,3,0,3,0,2,2,1,N,N,40 01:13.977,75 03:33.990,1549, ,1546,1,1,6,N, ,3,N, , , , ,380940, , , ,1,1,0,0,0,0,0,0,0,0,0,0,2,2,0,0,0,0,0,0,0,0,0,2,0,0,0,0,0,0,0,0,0,0,0,8,0,40.0205,-75.0594, , 
 ,35357,2015125403,6,67,67301,2015,11,1,853,8,1,2,1,7,4, , ,N,7,0,2,3,0,1,1,1,N,N,39 56:26.540,75 08:36.700,904, ,856,1,1,2,N, ,0,N, , , , ,380950, , , ,1,1,0,0,0,0,0,0,0,0,0,0,1,1,0,0,0,0,0,0,0,0,0,0,0,0,0,0,0,0,0,0,0,0,0,8,0,39.9407,-75.1435, , 
N,35358,2015132933,6,67,67301,2015,12,5,820,8,1,1,0,1,1,1,4,Y,0,8,0,3,0,1,2,2,N,N,40 00:40.392,75 03:40.422,826,45,820, ,0, ,N, ,3, ,Y,N,N,N,380953,N,N,Y,2,2,0,0,0,0,0,0,0,0,0,1,1,0,0,0,0,0,0,0,1,0,0,0,0,0,0,0,0,0,0,0,0,0,0,4,0,40.0112,-75.0612, , 
 ,35359,2015135843,6,67,67301,2015,12,6,1806,18,3,1,0,8,1, , ,N,0,0,0,3,0,1,2,2,N,N,39 57:15.195,75 14:10.518,1816, ,1806, ,0, ,N, ,0, , , , , ,380958, , , ,1,1,0,0,0,0,0,0,0,0,0,1,1,0,1,0,0,0,0,0,0,0,0,0,0,0,0,0,0,0,0,0,1,0,0,4,0,39.9542,-75.2363, , 
 ,35360,2015135921,6,67,67301,2015,12,6,24,0,3,1,0,4,1, , ,N,1,3,0,3,0,1,2,2,N,N,40 00:34.427,75 09:13.095,41, ,38, ,0, ,N, ,3, , , , , ,380959, , , ,1,1,0,0,0,0,0,0,1,0,0,0,1,1,0,0,0,0,0,0,0,0,0,0,0,0,0,0,0,0,0,0,0,0,0,8,0,40.0096,-75.1536, , 
 ,35361,2016002822,6,67,67301,2015,12,7,0,0,8,1,0,1,1, , ,N,0,0,0,3,0,2,4,3,N,N,39 58:52.463,75 06:09.062,13, ,4, ,0, ,N, ,0, , , , , ,380961, , , ,3,1,0,0,0,0,2,0,0,0,0,2,2,0,0,0,0,0,0,0,0,1,1,0,0,0,0,0,0,0,0,0,0,0,0,4,0,39.9812,-75.1025, , 
 ,35362,2015109321,6,67,67301,2015,10,7,1230,12,1,2,1,4,1, , ,N,1,2,0,3,0,0,2,3,N,N,39 58:36.400,75 10:35.741,1240, ,1230,3,2,7, , ,3,Y, , , , ,380964, , , ,3,1,0,0,0,0,0,2,0,0,0,0,0,0,0,0,0,0,0,0,0,0,0,0,0,0,0,0,0,0,0,0,0,0,0,0,0,39.9768,-75.1766, , 
 ,35363,2015117681,6,67,67301,2015,10,3,729,7,1,1,0,8,1, , ,N,1,3,0,3,0,1,2,2,N,N,40 04:17.795,74 59:15.850,730, ,730, ,0, ,N, ,3, , , , , ,380971, , , ,1,1,0,0,0,0,0,0,0,0,0,1,1,0,0,0,0,0,0,0,0,0,0,0,0,0,0,0,0,0,0,0,1,0,0,4,0,40.0716,-74.9877, , 
 ,35364,2015125268,6,67,67301,2015,11,6,1104,11,1,1,0,1,1, , ,N,0,0,0,3,0,0,3,2,N,N,39 57:36.016,75 10:43.785,1141, ,1105, ,0, ,N, ,0, , , , , ,380978, , , ,2,1,0,0,0,0,1,0,0,0,0,0,0,0,0,0,0,0,0,0,0,0,0,0,0,0,0,0,0,0,0,0,0,0,0,0,0,39.96,-75.1788, , 
 ,35365,2015128700,6,67,67301,2015,11,4,1713,17,3,1,0,5,1, , ,N,0,0,0,3,0,0,3,2,N,N,39 57:43.099,75 10:34.196,1750, ,1738, ,0, ,N, ,0, , , , , ,380980, , , ,2,2,0,0,0,0,0,0,0,0,0,0,0,0,0,0,0,0,0,0,1,0,0,1,0,0,0,0,0,0,0,0,0,0,0,0,0,39.962,-75.1762, , 
 ,35366,2016000559,6,67,67301,2015,12,4,1641,16,3,2,1,1,1, , ,N,0,0,0,3,0,0,3,2,N,N,40 02:08.830,75 00:59.448,1700, ,1642, ,0, ,N, ,0, , , , , ,380987, , , ,2,1,0,0,0,0,1,0,0,0,0,0,0,0,0,0,0,0,0,0,0,0,0,0,0,0,0,0,0,0,0,0,0,0,0,0,0,40.0358,-75.0165, , 
 ,35367,2015128721,6,67,67301,2015,11,3,1730,17,3,1,0,4,1, , ,N,1,2,0,3,0,2,4,2,N,N,39 58:46.973,75 09:57.111,1732, ,1731, ,0, , , ,3, , , , , ,383798, , , ,2,1,0,0,0,0,1,0,0,0,0,1,2,1,2,0,0,0,0,0,2,0,0,0,0,0,0,0,0,0,0,0,0,0,0,4,0,39.9797,-75.1658, , 
 ,35368,2015131273,6,67,67301,2015,11,6,1927,19,4,1,0,2,6, , ,N,0,0,0,3,0,1,1,4,N,N,40 01:12.545,75 09:23.685,1936, ,1932,1,1,5,N, ,0,Y, , , , ,383800, , , ,4,3,0,0,0,0,0,1,0,0,0,1,1,0,0,0,0,0,0,0,0,0,0,0,0,0,0,0,0,0,0,0,0,0,0,4,0,40.0202,-75.1566, , 
 ,35369,2015128543,6,67,67301,2015,11,7,135,1,2,1,0,6,1, , ,N,0,0,0,3,0,0,3,2,N,N,40 03:10.160,75 10:15.770,140, ,140, ,0, ,N, ,0, , , , , ,383825, , , ,2,1,0,0,0,0,1,0,0,0,0,0,0,0,3,0,0,0,0,0,1,0,0,0,0,0,0,0,0,0,0,0,0,0,0,9,0,40.0528,-75.171, , 
 ,35370,2015130231,6,67,67301,2015,11,5,1414,14,1,2,1,4,1, , ,N,1,2,0,3,0,1,4,2,N,N,39 58:05.382,75 13:30.517,1414, ,1414, ,0, ,N, ,3, , , , , ,383826, , , ,2,1,0,0,0,0,1,0,0,0,0,1,1,0,1,0,0,0,0,0,0,1,0,0,0,0,0,0,0,0,0,0,0,0,0,4,0,39.9681,-75.2251, , 
 ,35371,2016005072,6,67,67301,2015,12,6,38,0,3,1,0,2,1, , ,N,1,2,0,3,0,1,4,3,N,Y,40 03:12.823,75 10:40.715,45, ,38, ,0, ,N, ,9, , , , , ,383834, , , ,2,1,0,0,0,0,1,0,0,0,0,1,1,0,1,0,0,0,0,0,0,0,0,0,0,0,0,0,0,0,0,0,1,0,0,4,0,40.0536,-75.178, , 
 ,35372,2016014331,6,67,67301,2015,8,5,2100,21,3,1,0,4,1, , ,N,1,2,0,3,0,1,2,2,N,N,39 56:16.305,75 10:00.120,0, ,0, ,0, ,N, ,3, , , , , ,383837, , , ,1,1,0,0,0,0,0,0,1,0,0,0,1,1,0,0,0,0,0,0,0,0,0,0,0,0,0,0,0,0,0,0,0,0,0,8,0,39.9379,-75.1667, , 
 ,35373,2015128124,6,46,46108,2015,12,4,1835,18,3,1,0,2,1, , ,N,1,2,0,3,0,0,3,2,N,N,40 05:09.819,75 13:49.871,1839, ,1835,1,1,4,N, ,3,Y, , , , ,383887, , , ,2,2,0,0,0,0,0,0,0,0,0,0,0,0,0,0,0,1,0,0,0,0,0,0,0,0,0,0,0,0,0,0,0,0,0,0,0,40.0861,-75.2305, , 
 ,35374,2016000982,6,67,67301,2015,12,1,340,3,3,1,0,5,6, , ,N,0,0,0,3,0,0,1,4,N,N,40 01:39.077,75 09:40.348,348, ,342, ,0, ,N, ,0, , , , , ,383893, , , ,4,4,0,0,0,0,0,0,0,0,0,0,0,0,0,0,0,0,0,0,0,0,0,0,0,0,0,0,0,0,0,0,0,0,0,0,0,40.0275,-75.1612, , 
 ,35375,2016002394,6,67,67301,2015,11,3,1800,18,3,2,1,8,2, , ,N,0,0,0,3,0,1,3,2,N,N,40 03:32.755,75 11:24.440,1810, ,1800, ,0, , , ,0, , , , , ,383894, , , ,1,0,0,0,0,0,1,0,0,0,0,0,1,1,0,0,0,0,0,0,1,0,0,0,0,0,0,0,0,0,0,0,1,0,0,8,0,40.0591,-75.1901, , 
 ,35376,2016002439,6,67,67301,2015,1,2,2226,22,3,2,1,4,1, , ,N,1,2,0,3,0,3,3,3,N,N,40 02:12.848,75 08:02.883,2230, ,2230,3,2,6,N, ,3,Y, , , , ,383895, , , ,3,2,0,0,0,0,1,0,0,0,1,2,3,0,0,0,0,1,0,0,0,0,0,3,0,0,0,0,0,0,0,0,0,0,0,3,0,40.0369,-75.1341, , 
 ,35377,2016013694,6,67,67301,2015,12,7,1638,16,3,1,0,5,1, , ,N,0,2,0,3,0,0,1,2,N,N,40 01:46.815,75 08:17.098,1735, ,1725, ,0, ,N, ,3, , , , , ,383896, , , ,2,2,0,0,0,0,0,0,0,0,0,0,0,0,0,0,0,0,0,0,0,0,0,0,0,0,0,0,0,0,0,0,0,0,0,0,0,40.0297,-75.1381, , 
 ,35378,2015130332,6,67,67301,2015,11,2,1738,17,3,1,0,4,1, , ,N,1,3,0,3,0,2,4,2,N,N,40 02:14.355,75 07:30.255,1745, ,1739, ,0, ,N, ,3, , , , , ,383898, , , ,2,1,0,0,0,0,1,0,0,0,0,0,2,2,0,0,0,1,0,0,0,1,0,0,0,0,0,0,0,0,0,0,0,0,0,8,0,40.0373,-75.1251, , 
 ,35379,2016002371,6,67,67301,2015,12,3,1324,13,1,2,1,4,1, , ,N,1,2,0,3,0,3,3,3,N,N,39 56:25.915,75 13:08.068,1335, ,1331, ,0, ,N, ,3, , , , , ,383904, , , ,3,3,0,0,0,0,0,0,0,0,0,2,3,1,0,0,0,0,0,1,1,0,0,2,0,0,0,0,0,0,0,0,0,0,0,4,0,39.9405,-75.2189, , 
 ,35380,2016008601,6,67,67301,2015,12,5,900,9,1,2,1,4,1, , ,N,1,2,0,3,0,2,2,2,N,N,40 01:22.531,75 08:13.181,905, ,900,2,1,7, , ,3,Y, , , , ,383905, , , ,2,2,0,0,0,0,0,0,0,0,0,2,2,0,0,0,0,0,0,0,0,0,0,0,0,0,0,0,0,0,0,0,0,0,0,4,0,40.0229,-75.137, , 
 ,35381,2015128669,6,67,67301,2015,11,5,1520,15,1,2,1,4,1, , ,N,1,2,0,3,0,0,2,2,N, ,39 57:29.061,75 09:44.627,1545, ,1541,9,1,1, , ,3,N, , , , ,383919, , , ,2,2,0,0,0,0,0,0,0,0,0,0,0,0,0,0,0,0,0,0,1,0,0,0,0,0,0,0,0,0,0,0,0,0,0,0,0,39.9579,-75.1623, , 
 ,35382,2015135880,6,67,67301,2015,12,3,1545,15,1,2,1,2,1, , ,N,0,0,0,3,0,4,5,2,N, ,40 03:09.551,75 05:12.366,1628, ,1625, ,0, , , ,0, , , , , ,383922, , , ,2,2,0,0,0,0,0,0,0,0,0,3,4,1,0,0,0,0,0,0,0,1,0,0,0,0,0,0,0,0,0,0,0,0,0,4,0,40.0527,-75.0868, , 
 ,35383,2015110337,6,67,67301,2015,10,7,2253,22,3,1,0,7,5, , ,N,1,2,0,3,0,1,1,1,N,N,39 58:15.341,75 14:27.403,2253, ,2253, ,0, ,N, ,3, , , , , ,383926, , , ,1,1,0,0,0,0,0,0,0,0,0,1,1,0,0,0,0,0,0,0,0,0,0,0,0,0,0,0,0,0,0,0,0,0,0,4,0,39.9709,-75.2409, , 
 ,35384,2015113189,6,67,67301,2015,2,3,755,7,1,4,4,7,4, , ,N,0,0,0,3,0,1,1,1,N,N,40 02:29.746,75 01:39.399,807, ,756, ,0, , , ,0, , , , , ,383930, , , ,1,1,0,0,0,0,0,0,0,0,0,0,1,1,0,0,0,0,0,0,1,0,0,0,0,0,0,0,0,0,0,0,0,0,0,8,0,40.0416,-75.0276, , 
 ,35385,2014034178,6,67,67301,2014,2,3,2300,23,3,1,0,4,1, , ,N,2,3,0,3,0,2,2,2,N, ,40 01:31.496,75 12:30.979,2354, ,2336, ,0, , , ,3, , , , , ,387979, , , ,2,2,0,0,0,0,0,0,0,0,0,0,2,2,0,0,0,0,0,0,0,0,0,0,0,0,0,0,0,0,0,0,0,0,0,8,0,40.0254,-75.2086, , 
 ,35386,2014038908,6,67,67301,2014,3,7,2240,22,3,1,0,4,1, , ,N,1,2,0,3,0,1,2,2,N,N,40 02:26.275,75 09:05.486,2340, ,2252, ,0, ,N, ,3, , , , , ,387983, , , ,2,2,0,0,0,0,0,0,0,0,0,0,1,1,1,0,0,0,0,0,0,0,0,0,0,0,0,0,0,0,0,0,0,0,0,8,0,40.0406,-75.1515, , 
 ,35387,2014051746,6,67,67301,2014,4,4,755,7,1,1,0,1,1, , ,N,0,0,0,3,0,1,3,3,N,N,40 00:53.188,75 10:40.603,814, ,800,1,1,2,N, ,0,N, , , , ,387990, , , ,3,1,0,0,1,0,1,0,0,0,0,0,1,1,0,0,0,0,0,0,1,0,0,0,0,0,0,0,0,0,0,0,0,0,0,8,0,40.0148,-75.1779, , 
 ,35388,2014054464,6,67,67301,2014,3,6,2153,21,3,1,0,4,1, , ,N,1,2,0,3,0,0,2,2,N,N,39 57:04.584,75 11:56.878,2157, ,2153,1,1,2, , ,3,Y, , , , ,387995, , , ,2,2,0,0,0,0,0,0,0,0,0,0,0,0,0,0,0,0,0,0,0,0,0,0,0,0,0,0,0,0,0,0,0,0,0,0,0,39.9513,-75.1991, , 
 ,35389,2014013065,6,67,67301,2014,1,3,1800,18,6,1,0,4,1, , ,N,1,3,0,3,0,1,4,2,N,N,39 57:27.885,75 12:47.494,1802, ,1800,1,2,7, , ,3,N, , , , ,388009, , , ,2,1,0,0,1,0,0,0,0,0,0,1,1,0,3,0,0,0,0,0,0,0,0,0,0,0,0,0,0,0,0,0,0,0,0,4,0,39.9577,-75.2132, , 
 ,35390,2014025312,6,67,67301,2014,1,2,1314,13,1,1,0,4,1, , ,N,1,2,0,3,0,3,5,2,N,N,39 57:27.432,75 08:44.473,1315, ,1314, ,0, ,N, ,3, , , , , ,388016, , , ,2,1,0,0,1,0,0,0,0,1,1,1,3,0,2,0,0,0,0,0,0,0,0,0,0,0,0,0,0,0,0,0,0,0,0,2,0,39.9576,-75.1457, , 
 ,35391,2014030258,6,67,67301,2014,2,4,1130,11,1,4,1,7,4, , ,N,0,0,0,3,0,0,1,1,N,N,40 01:36.746,75 05:34.834,1142, ,1136, ,0, ,N, ,0, , , , , ,388019, , , ,1,1,0,0,0,0,0,0,0,0,0,0,0,0,0,0,0,0,0,0,0,1,0,0,0,0,0,0,0,0,0,0,0,0,0,0,0,40.0269,-75.093, , 
 ,35392,2014042223,6,67,67301,2014,3,5,1644,16,1,1,0,8,1, , ,N,0,0,0,3,1,0,2,2,N,N,40 01:47.065,75 06:17.105,1657, ,1647,9,1,2,N,0,0,Y, , , , ,388037, , , ,1,1,0,0,0,0,0,0,0,0,0,0,0,0,0,0,0,0,0,0,0,0,0,0,0,0,0,0,0,0,0,0,1,1,0,1,0,40.0297,-75.1048,2, 
 ,35393,2014038977,6,67,67301,2014,3,2,9999,99,1,1,0,4,1, , ,N,1,2,0,3,0,6,7,2,N,N,40 02:26.486,75 04:34.494,820, ,819, ,0, , , ,3, , , , , ,388076, , , ,2,1,0,0,0,0,1,0,0,0,1,5,6,0,0,0,0,0,0,0,0,0,0,0,0,0,0,0,0,0,0,0,0,0,0,3,0,40.0407,-75.0762, , 
 ,35394,2014042720,6,67,67301,2014,3,3,730,7,1,1,0,4,1, , ,N,0,0,0,3,0,0,2,2,N, ,40 00:52.859,75 11:08.611,731, ,731, ,0, , , ,0, , , , , ,388079, , , ,2,1,0,0,0,0,1,0,0,0,0,0,0,0,0,0,0,0,0,0,0,0,0,2,0,0,0,0,0,0,0,0,0,0,0,0,0,40.0147,-75.1857, , 
 ,35395,2014059001,6,67,67301,2014,5,4,1135,11,1,1,0,1,1, , ,N,0,0,0,3,0,1,2,2,N,N,39 57:10.598,75 11:01.748,1245, ,1235, ,0, , , ,0, , , , , ,388091, , , ,1,1,0,0,0,0,0,0,1,0,0,1,1,0,0,0,0,0,0,0,0,0,0,0,0,0,0,0,0,0,0,0,0,0,0,4,0,39.9529,-75.1838, , 
 ,35396,2014021124,6,67,67301,2014,1,1,218,2,3,1,0,7,4, , ,N,6,0,2,3,0,0,1,1,N,N,39 59:57.902,75 04:48.046,229, ,219, ,0, ,N, ,0, , , , , ,388108, , , ,1,1,0,0,0,0,0,0,0,0,0,0,0,0,0,0,0,0,0,0,0,0,0,0,0,0,0,0,0,0,0,0,0,0,0,0,0,39.9949,-75.0849, , 
 ,35397,2014025479,6,67,67301,2014,1,6,2030,20,3,1,0,4,1, , ,N,3,1,0,3,0,0,2,2,N,N,40 00:02.170,75 11:12.425,2048, ,2033,2,1,2,N, ,3,Y, , , , ,388114, , , ,2,1,0,0,0,0,1,0,0,0,0,0,0,0,0,0,0,0,0,0,1,0,0,0,0,0,0,0,0,0,0,0,0,0,0,0,0,40.0002,-75.1869, , 
 ,35398,2014032922,6,67,67301,2014,3,6,2353,23,3,1,0,5,1, , ,N,0,0,0,3,0,4,10,2,N,N,39 56:55.620,75 11:06.972,1, ,2359,1,1,4,N, ,0,Y, , , , ,388118, , , ,2,0,0,0,0,0,2,0,0,0,0,4,4,0,0,0,0,0,0,0,1,0,0,4,0,0,0,0,0,0,0,0,0,0,0,4,0,39.9488,-75.1853, , 
 ,35399,2014042272,6,67,67301,2014,4,7,130,1,3,1,1,7,2, , ,N,0,0,2,3,0,0,1,1,N,N,39 57:26.660,75 08:32.424,142, ,131,1,1,4,N, ,0,N, , , , ,388123, , , ,1,0,0,0,0,0,1,0,0,0,0,0,0,0,0,0,0,0,0,0,1,0,0,0,0,0,0,0,0,0,0,0,0,0,0,0,0,39.9588,-75.1417, , 
 ,35400,2014067924,6,67,67301,2014,5,7,830,8,1,1,0,4,1, , ,N,1,2,0,3,0,2,2,2,N,N,40 03:52.346,75 14:22.962,847, ,845, ,0, ,N, ,3, , , , , ,388141, , , ,2,2,0,0,0,0,0,0,0,0,0,1,2,1,0,0,0,0,0,0,0,0,1,0,0,0,0,0,0,0,0,0,0,0,0,4,0,40.0645,-75.2397, , 
 ,35401,2014025553,6,67,67301,2014,1,1,2315,23,3,4,4,7,4, , ,N,0,0,0,3,0,0,2,3,N,N,39 59:05.485,75 10:06.074,2351, ,2351,3,2,1, , ,0,Y, , , , ,388171, , , ,2,1,0,0,0,0,1,0,0,0,0,0,0,0,0,0,0,0,0,0,0,0,0,0,0,0,0,0,0,0,0,0,0,0,0,0,0,39.9849,-75.1684, , 
 ,35402,2014029828,6,67,67301,2014,2,5,1705,17,1,1,0,4,1, , ,N,1,2,0,3,0,3,4,3,N,N,40 02:12.235,75 03:52.193,1708, ,1706,1,1,7,N, ,3,N, , , , ,388177, , , ,3,0,0,0,2,0,1,0,0,0,0,3,3,0,0,0,0,0,0,0,1,0,0,0,0,0,0,0,0,0,0,0,0,0,0,4,0,40.0367,-75.0645, , 
 ,35403,2014036226,6,67,67301,2014,3,2,1124,11,1,1,0,7,3, , ,N,0,0,0,3,0,1,1,1,N,N,39 57:26.966,75 08:51.454,1133, ,1127,1,1,3,N, ,0,N, , , , ,392035, , , ,1,1,0,0,0,0,0,0,0,0,0,1,1,0,0,0,0,0,0,0,0,0,0,1,0,0,0,0,0,0,0,0,0,0,0,4,0,39.9575,-75.1476, , 
 ,35404,2014039341,6,67,67301,2014,3,5,1135,11,1,1,0,5,6, , ,N,0,0,0,3,0,1,1,2,N,N,39 54:52.785,75 10:48.105,1145, ,1140, ,0, ,N, ,0, , , , , ,392042, , , ,2,0,0,0,0,1,1,0,0,0,0,0,1,1,0,0,0,0,0,0,0,0,0,0,0,0,0,0,0,0,0,0,0,0,0,8,0,39.9147,-75.18, , 
 ,35405,2014029866,6,67,67301,2014,2,1,1750,17,3,4,3,4,1, , ,N,1,0,0,3,0,1,3,2,N,N,40 00:54.720,75 08:11.306,1810, ,1800, ,0, ,N, ,0, , , , , ,392074, , , ,2,1,0,0,0,0,0,0,0,0,0,0,1,1,0,0,0,0,0,0,0,0,0,0,0,0,0,0,0,0,0,0,0,0,0,8,0,40.0152,-75.1365, , 
 ,35406,2014030294,6,67,67301,2014,2,7,2358,23,3,1,0,1,1, , ,N,1,2,0,3,0,1,2,2,N, ,40 03:14.351,75 02:56.006,4, ,2358,1,1,1, , ,3,Y, , , , ,392125, , , ,2,1,0,0,1,0,0,0,0,0,0,1,1,0,0,0,0,0,0,0,0,0,0,0,0,0,0,0,0,0,0,0,0,0,0,4,0,40.054,-75.0489, , 
 ,35407,2014042648,6,67,67301,2014,3,2,2115,21,3,1,0,1,1, , ,N,2,2,0,3,0,1,2,2,N,N,40 05:38.626,74 59:20.907,2150, ,2150, ,0, ,N, ,3, , , , , ,392129, , , ,2,1,0,0,0,0,0,0,0,0,0,0,1,1,0,0,0,0,0,1,0,0,0,0,0,0,0,0,0,0,0,0,0,0,0,8,0,40.0941,-74.9891, , 
 ,35408,2014042741,6,67,67301,2014,2,3,1804,18,3,1,0,8,1, , ,N,1,2,0,3,0,1,2,2,N, ,40 00:38.569,75 09:04.826,9999, ,9999, ,0, , , ,3, , , , , ,392130, , , ,1,0,0,0,0,0,0,0,0,0,1,0,1,0,0,0,0,0,0,0,0,0,0,0,0,0,0,0,0,0,0,0,1,0,0,3,0,40.0107,-75.1513, , 
 ,35409,2014050230,6,67,67301,2014,4,1,1650,16,1,1,0,4,1, , ,N,1,2,0,3,0,1,2,2,N,N,39 57:34.444,75 11:49.297,1653, ,1651, ,0, ,N, ,3, , , , , ,392140, , , ,2,1,1,0,0,0,0,0,0,0,0,1,1,0,0,0,0,0,0,0,0,0,0,0,0,0,0,0,0,0,0,0,0,0,0,4,0,39.9596,-75.197, , 
 ,35410,2014059062,6,67,67301,2014,4,2,1055,10,1,1,0,8,3, , ,N,0,0,0,3,0,1,2,2,N,N,39 56:21.550,75 10:42.935,1115, ,1100, ,0, ,N, ,0, , , , , ,392146, , , ,1,0,0,0,0,0,1,0,0,0,0,1,1,0,0,0,0,0,0,0,1,0,0,0,0,0,0,0,0,0,0,0,1,0,0,4,0,39.9393,-75.1786, , 
 ,35411,2014016130,6,67,67301,2014,1,7,1841,18,3,2,1,1,1, , ,N,5,2,0,3,0,1,2,2,N,N,39 59:13.382,75 07:20.404,1841, ,1841, ,0, ,N, ,3, , , , , ,392157, , , ,2,1,0,0,0,0,1,0,0,0,0,1,1,0,0,0,0,0,0,0,2,0,0,1,0,0,0,0,0,0,0,0,0,0,0,4,0,39.9871,-75.1223, , 
 ,35412,2014025892,6,67,67301,2014,2,7,350,3,3,1,0,1,1, , ,N,0,0,0,3,0,1,3,3,N, ,39 56:52.653,75 09:45.020,408, ,404, ,0, , , ,0, , , , , ,392163, , , ,3,1,0,0,1,0,0,1,0,0,0,1,1,0,1,0,0,0,0,0,1,0,0,0,0,0,0,0,0,0,0,0,0,0,0,4,0,39.948,-75.1625, , 
 ,35413,2014034621,6,67,67301,2014,3,4,1638,16,1,1,0,1,1, , ,N,0,0,0,3,0,0,5,3,N,N,39 59:07.277,75 05:38.895,1654, ,1642, ,0, ,N, ,0, , , , , ,392172, , , ,3,1,0,0,0,0,1,1,0,0,0,0,0,0,0,0,0,0,0,1,1,0,0,1,0,0,0,0,0,0,0,0,0,0,0,0,0,39.9854,-75.0941, , 
 ,35414,2014041254,6,67,67301,2014,4,6,1600,16,1,1,0,1,1, , ,N,0,0,0,3,0,1,2,2,N,N,39 59:39.195,75 05:02.745,1625, ,1609, ,0, ,N, ,0, , , , , ,392175, , , ,2,1,0,0,0,0,1,0,0,0,0,0,1,1,0,0,0,0,0,0,1,0,0,0,0,0,0,0,0,0,0,0,0,0,0,8,0,39.9942,-75.0841, , 