wz_ln_closure,objectid_1,crn,district,county,municipality,crash_year,crash_month,day_of_week,time_of_day,hour_of_day,illumination,weather,road_condition,collision_type,relation_to_road,work_zone_type,work_zone_loc,work_zone_ind,intersect_type,tcd_type,location_type,urban_rural,fatal_count,injury_count,person_count,total_units,sch_bus_ind,sch_zone_ind,latitude,longitude,arrival_tm,cons_zone_spd_lim,dispatch_tm,est_hrs_closed,lane_closed,ln_close_dir,ntfy_hiwy_maint,spec_juris_cd,tcd_func_cd,tfc_detour_ind,workers_pres,wz_close_detour,wz_flagger,wz_law_offcr_ind,objectid,wz_moving,wz_other,wz_shlder_mdn,vehicle_count,automobile_count,motorcycle_count,bus_count,small_truck_count,heavy_truck_count,suv_count,van_count,bicycle_count,maj_inj_count,mod_inj_count,min_inj_count,tot_inj_count,unk_inj_deg_count,unk_inj_per_count,driver_count_16yr,driver_count_17yr,driver_count_18yr,driver_count_19yr,driver_count_20yr,driver_count_50_64yr,driver_count_65_74yr,driver_count_75plus,unbelted_occ_count,unb_death_count,unb_maj_inj_count,belted_death_count,belted_maj_inj_count,mcycle_death_count,mcycle_maj_inj_count,bicycle_death_count,bicycle_maj_inj_count,ped_count,ped_death_count,ped_maj_inj_count,max_severity_level,comm_veh_count,dec_lat,dec_long,rdwy_surf_type_cd,county_name
 ,35415,2014041261,6,67,67301,2014,4,2,646,6,1,1,0,1,1, , ,N,0,0,0,3,0,0,2,2,N,N,40 00:31.246,75 04:11.252,716, ,659, ,0, ,N, ,0, , , , , ,392176, , , ,2,2,0,0,0,0,0,0,0,0,0,0,0,0,1,0,0,0,0,0,0,0,0,0,0,0,0,0,0,0,0,0,0,0,0,9,0,40.0087,-75.0698, , 
 ,35416,2014042625,6,67,67301,2014,3,7,306,3,3,1,0,5,6, , ,N,0,0,0,3,0,1,1,3,N,N,39 58:02.218,75 08:03.891,310, ,308, ,0, ,N, ,0, , , , , ,392179, , , ,3,1,0,0,1,0,1,0,0,0,0,1,1,0,0,0,0,0,0,0,1,0,0,0,0,0,0,0,0,0,0,0,0,0,0,4,0,39.9673,-75.1344, , 
 ,35417,2014042642,6,67,67301,2014,3,7,9999,99,1,1,0,8,1, , ,N,2,2,0,3,0,1,4,2,N, ,40 05:17.113,74 57:52.305,1608, ,1600, ,0, , , ,3, , , , , ,392180, , , ,1,0,0,0,1,0,0,0,0,0,1,0,1,0,1,0,0,0,0,0,0,0,0,0,0,0,0,0,0,0,0,0,1,0,0,3,0,40.0881,-74.9645, , 
 ,35418,2014054581,6,67,67301,2014,5,1,127,1,3,1,0,1,1, , ,N,1,2,0,3,0,3,4,2,N, ,40 01:50.524,75 03:42.293,140, ,138, ,0, , , ,3, , , , , ,392188, , , ,2,0,0,0,0,0,2,0,0,0,0,3,3,0,0,0,0,0,0,0,0,0,0,0,0,0,0,0,0,0,0,0,0,0,0,4,0,40.0307,-75.0617, , 
 ,35419,2014054621,6,67,67301,2014,4,7,800,8,1,1,0,1,1, , ,N,1,2,0,3,0,0,3,3,N,Y,39 59:58.827,75 05:56.359,909, ,851,2,1,2,N, ,3,N, , , , ,392189, , , ,3,3,0,0,0,0,0,0,0,0,0,0,0,0,0,0,0,0,0,1,0,0,0,0,0,0,0,0,0,0,0,0,0,0,0,0,0,39.9997,-75.099, , 
 ,35420,2014059305,6,67,67301,2014,5,7,2020,20,3,1,0,4,1, , ,N,3,2,0,3,0,1,2,2,N, ,40 00:05.039,75 04:53.662,2130, ,2102, ,0, , , ,3, , , , , ,392191, , , ,2,1,1,0,0,0,0,0,0,0,0,1,1,0,0,0,0,0,1,0,0,0,0,0,0,0,0,0,0,0,0,0,0,0,0,4,0,40.0014,-75.0816, , 
 ,35421,2016002526,6,67,67301,2015,12,2,1834,18,3,2,1,4,1, , ,N,1,2,0,3,0,1,3,2,N,N,39 57:38.541,75 14:13.174,1845, ,1843, ,0, ,N, ,3, , , , , ,380989, , , ,2,1,0,0,0,0,1,0,0,0,0,0,1,1,0,0,0,0,0,0,1,0,0,0,0,0,0,0,0,0,0,0,0,0,0,8,0,39.9607,-75.237, , 
 ,35422,2016008629,6,67,67301,2015,12,5,1705,17,3,1,0,4,1, , ,N,1,2,0,3,0,0,2,4,N,N,39 55:37.020,75 09:04.132,1715, ,1710, ,0, ,N, ,3, , , , , ,380990, , , ,4,3,0,0,0,0,1,0,0,0,0,0,0,0,0,0,0,0,0,0,0,0,0,2,0,0,0,0,0,0,0,0,0,0,0,0,0,39.927,-75.1511, , 
 ,35423,2015128678,6,67,67301,2015,11,4,1353,13,1,1,0,4,1, , ,N,1,2,0,3,0,1,3,2,N,N,40 01:27.922,75 08:48.832,1400, ,1359, ,0, ,N, ,3, , , , , ,381005, , , ,2,1,0,0,0,0,1,0,0,0,0,0,1,1,0,0,0,0,0,0,1,1,0,2,0,0,0,0,0,0,0,0,0,0,0,8,0,40.0244,-75.1469, , 
 ,35424,2015131212,6,67,67301,2015,12,4,2100,21,3,2,1,4,1, , ,N,0,0,7,3,0,1,2,2,N,N,40 07:40.845,75 01:22.161,2137, ,2130,3,1,3,N, ,0,N, , , , ,381007, , , ,2,0,0,0,0,0,2,0,0,0,0,0,1,1,0,0,0,0,0,0,2,0,0,0,0,0,0,0,0,0,0,0,0,0,0,8,0,40.128,-75.0228, , 
 ,35425,2016012844,6,67,67301,2015,7,7,1800,18,1,1,0,1,1, , ,N,0,2,7,3,0,3,4,2,N,N,40 04:59.691,75 01:33.435,0, ,0, ,0, ,N, ,3, , , , , ,381018, , , ,2,1,0,0,0,0,0,0,0,0,0,0,3,3,0,0,0,0,0,0,0,0,0,0,0,0,0,0,0,0,0,0,0,0,0,8,0,40.0832,-75.026, , 
 ,35426,2015092948,6,67,67301,2015,8,2,1339,13,1,1,0,1,1, , ,N,0,0,2,3,0,3,3,2,N,N,40 01:04.282,75 09:58.373,1400, ,1350,3,2,3,N, ,0,Y, , , , ,381020, , , ,2,2,0,0,0,0,0,0,0,0,0,3,3,0,0,0,0,0,0,0,0,0,0,0,0,0,0,0,0,0,0,0,0,0,0,4,0,40.0179,-75.1662, , 
 ,35427,2015093537,6,67,67301,2015,8,4,1148,11,1,1,0,1,1, , ,N,0,0,0,3,0,0,5,3,N,N,39 57:27.805,75 09:41.070,1154, ,1148, ,0, ,N, ,0, , , , , ,381021, , , ,3,3,0,0,0,0,0,0,0,0,0,0,0,0,0,0,0,0,1,0,0,1,1,0,0,0,0,0,0,0,0,0,0,0,0,0,0,39.9577,-75.1614, , 
 ,35428,2015102409,6,67,67301,2015,9,5,1621,16,1,1,0,5,1, , ,N,0,0,0,3,0,2,2,2,N,N,39 59:13.827,75 07:21.350,1659, ,1657, ,0, ,N, ,0, , , , , ,381032, , , ,2,2,0,0,0,0,0,0,0,0,2,0,2,0,0,0,0,0,0,0,0,0,0,0,0,0,0,0,0,0,0,0,0,0,0,3,0,39.9872,-75.1226, , 
 ,35429,2015103453,6,67,67301,2015,9,3,1741,17,1,1,0,4,1, , ,N,1,3,0,3,0,2,2,2,N,N,40 02:17.526,75 04:43.122,1748, ,1744,3,2,7,N, ,3,Y, , , , ,381035, , , ,2,0,1,0,0,0,1,0,0,1,1,0,2,0,0,0,0,0,0,0,0,1,0,0,0,0,0,0,0,1,0,0,0,0,0,2,0,40.0382,-75.0786, , 
 ,35430,2015130093,6,67,67301,2015,11,5,1810,18,3,1,0,8,1, , ,N,1,2,0,3,0,1,2,2,N, ,40 00:43.066,75 08:09.135,9999, ,9999, ,0, , , ,3, , , , , ,381051, , , ,1,1,0,0,0,0,0,0,0,1,0,0,1,0,1,0,0,0,0,0,0,0,0,0,0,0,0,0,0,0,0,0,1,0,1,2,0,40.012,-75.1359, , 
 ,35431,2015130339,6,67,67301,2015,11,7,2036,20,3,1,0,8,1, , ,N,2,3,0,3,0,1,2,2,N,N,39 59:06.835,75 13:54.001,35, ,28, ,0, ,N, ,3, , , , , ,381052, , , ,1,0,0,0,0,0,1,0,0,0,0,1,1,0,0,0,0,0,0,0,0,0,0,1,0,0,0,0,0,0,0,0,1,0,0,4,0,39.9852,-75.2317, , 
 ,35432,2015117630,6,67,67301,2015,10,3,1929,19,3,1,0,7,4, , ,N,0,0,0,3,0,0,1,1,N,N,40 00:09.898,75 11:25.353,1933, ,1930,2,2,5,N, ,0,N, , , , ,381071, , , ,1,1,0,0,0,0,0,0,0,0,0,0,0,0,0,0,0,0,0,0,0,0,0,0,0,0,0,0,0,0,0,0,0,0,0,0,0,40.0027,-75.1904, , 
 ,35433,2016002443,6,67,67301,2015,12,2,800,8,1,1,0,2,1, , ,N,1,2,0,3,0,1,2,2,N,N,40 07:24.747,75 00:55.270,823, ,818, ,0, ,N, ,3, , , , , ,381097, , , ,2,1,0,0,0,0,1,0,0,0,0,0,1,1,0,0,0,0,0,0,0,0,0,0,0,0,0,0,0,0,0,0,0,0,0,8,0,40.1235,-75.0154, , 
 ,35434,2016002584,6,67,67301,2015,12,3,2330,23,3,1,0,8,1, , ,N,1,2,0,3,0,1,2,2,N,N,40 00:28.592,75 10:20.286,10, ,5, ,0, ,N, ,3, , , , , ,381103, , , ,1,0,0,0,0,0,0,0,0,0,0,1,1,0,0,0,0,0,0,0,0,0,0,0,0,0,0,0,0,0,0,0,1,0,0,4,0,40.0079,-75.1723, , 
 ,35435,2015130278,6,67,67301,2015,11,6,1900,19,3,1,0,4,1, , ,N,2,0,0,3,0,0,2,2,N,N,40 01:13.039,75 09:46.119,1906, ,1902, ,0, ,N, ,0, , , , , ,381135, , , ,2,1,0,0,0,0,1,0,0,0,0,0,0,0,0,0,0,0,0,0,0,0,0,0,0,0,0,0,0,0,0,0,0,0,0,0,0,40.0203,-75.1628, , 
 ,35436,2015130297,6,67,67301,2015,11,4,1731,17,8,1,0,4,1, , ,N,0,0,7,3,0,1,3,3,N, ,40 02:36.514,75 13:40.430,1732, ,1731, ,0, , , ,0, , , , , ,381136, , , ,3,0,0,0,0,0,3,0,0,0,0,0,1,1,0,0,0,0,0,0,1,1,1,0,0,0,0,0,0,0,0,0,0,0,0,8,0,40.0435,-75.2279, , 
 ,35437,2015135852,6,67,67301,2015,12,3,1600,16,4,1,0,1,1, , ,N,0,0,0,3,0,0,4,3,N,N,40 01:52.729,75 09:06.881,1608, ,1603, ,0, , , ,0, , , , , ,381142, , , ,3,2,0,0,0,0,1,0,0,0,0,0,0,0,0,0,0,0,0,0,2,0,0,0,0,0,0,0,0,0,0,0,0,0,0,0,0,40.0313,-75.1519, , 
 ,35438,2015135846,6,67,67301,2015,12,6,1900,19,2,1,0,1,1, , ,N,1,2,0,3,0,1,4,2,N,N,39 57:07.016,75 14:19.755,1922, ,1918, ,0, ,N, ,3, , , , , ,381149, , , ,2,2,0,0,0,0,0,0,0,0,0,0,1,1,1,0,0,0,0,0,0,0,1,0,0,0,0,0,0,0,0,0,0,0,0,8,0,39.9519,-75.2388, , 
 ,35439,2015127306,6,67,67301,2015,10,7,1510,15,1,1,0,1,1, , ,N,0,0,0,3,0,3,6,5,N,N,39 54:52.365,75 09:11.817,1520, ,1516,1,1,4,N, ,0,N, , , , ,383939, , , ,5,4,0,0,0,0,1,0,0,0,0,1,3,2,0,0,0,0,0,0,1,0,0,2,0,0,0,0,0,0,0,0,0,0,0,4,0,39.9145,-75.1533, , 
 ,35440,2016001451,6,67,67301,2015,12,7,741,7,1,1,0,7,5, , ,N,2,0,0,3,0,0,1,1,N, ,39 58:52.256,75 05:10.545,745, ,741, ,0, , , ,0, , , , , ,383943, , , ,1,1,0,0,0,0,0,0,0,0,0,0,0,0,0,0,0,0,0,0,0,0,0,0,0,0,0,0,0,0,0,0,0,0,0,0,0,39.9812,-75.0863, , 
 ,35441,2016006026,6,67,67301,2015,12,1,1420,14,1,1,0,4,1, , ,N,1,2,0,3,0,3,3,2,N,N,39 56:29.947,75 13:21.989,1420, ,1420, ,0, ,N, ,3, , , , , ,383945, , , ,2,2,0,0,0,0,0,0,0,0,2,1,3,0,0,0,0,0,0,0,0,0,1,0,0,0,0,0,0,0,0,0,0,0,0,3,0,39.9417,-75.2228, , 
 ,35442,2016007668,6,67,67301,2015,12,5,800,8,1,2,1,4,1, , ,N,1,2,0,3,0,2,3,2,N,N,40 01:32.335,75 10:54.005,835, ,824, ,0, ,N, ,3, , , , , ,383946, , , ,2,1,0,0,0,0,1,0,0,0,0,1,2,1,0,0,0,0,0,0,0,0,0,0,0,0,0,0,0,0,0,0,0,0,0,4,0,40.0256,-75.1817, , 
 ,35443,2016000925,6,67,67301,2015,12,4,243,2,3,1,0,5,6, , ,N,0,0,0,3,0,1,1,2,N, ,39 54:46.096,75 14:35.245,247, ,244, ,0, , , ,0, , , , , ,383954, , , ,2,1,0,0,0,0,1,0,0,0,0,1,1,0,0,0,0,0,0,0,0,0,0,0,0,0,0,0,0,0,0,0,0,0,0,4,0,39.9128,-75.2431, , 
 ,35444,2016001044,6,67,67301,2015,12,1,1220,12,1,1,0,7,4, , ,N,1,2,0,3,0,0,1,1,N, ,39 58:33.009,75 09:30.309,1240, ,1226, ,0, , , ,3, , , , , ,383955, , , ,1,1,0,0,0,0,0,0,0,0,0,0,0,0,0,0,0,0,0,0,0,0,0,0,0,0,0,0,0,0,0,0,0,0,0,0,0,39.9758,-75.1584, , 
 ,35445,2016002377,6,67,67301,2015,12,5,830,8,3,1,0,4,1, , ,N,0,0,0,3,0,1,1,2,N,N,40 02:36.510,75 07:24.690,1920, ,1914, ,0, ,N, ,0, , , , , ,383957, , , ,2,2,0,0,0,0,0,0,0,0,0,0,1,1,0,0,0,0,0,0,1,0,0,0,0,0,0,0,0,0,0,0,0,0,0,8,0,40.0435,-75.1235, , 
 ,35446,2016002433,6,67,67301,2015,12,7,2330,23,3,1,0,1,1, , ,N,0,0,0,3,0,0,8,4,N,N,39 56:55.765,75 11:06.751,45, ,40, ,0, ,N, ,0, , , , , ,383958, , , ,4,4,0,0,0,0,0,0,0,0,0,0,0,0,0,0,0,0,0,0,0,0,0,0,0,0,0,0,0,0,0,0,0,0,0,0,0,39.9488,-75.1852, , 
 ,35447,2016007574,6,67,67301,2015,12,7,1957,19,3,1,0,4,1, , ,N,2,2,0,3,0,1,5,2,N,N,40 01:41.669,75 09:43.637,2200, ,1957, ,0, ,N, ,3, , , , , ,383961, , , ,2,1,0,0,0,0,1,0,0,0,0,1,1,0,0,0,0,0,0,0,0,0,0,0,0,0,0,0,0,0,0,0,0,0,0,4,0,40.0282,-75.1621, , 
 ,35448,2015126564,6,67,67301,2015,12,6,1515,15,1,1,0,4,1, , ,N,1,3,1,3,0,1,3,2,N,N,40 04:39.385,75 05:16.443,1520, ,1518, ,0, ,N, ,3, , , , , ,383966, , , ,2,1,0,0,0,0,0,1,0,0,0,0,1,1,2,0,0,0,0,0,1,1,0,0,0,0,0,0,0,0,0,0,0,0,0,8,0,40.0776,-75.0879, , 
 ,35449,2015114551,6,67,67301,2015,10,4,1529,15,1,1,0,8,1, , ,N,0,0,0,3,0,1,2,2,N,Y,40 03:08.597,75 04:14.271,1535, ,1531, ,0, ,N, ,0, , , , , ,383981, , , ,1,1,0,0,0,0,0,0,0,0,0,1,1,0,0,0,0,0,0,0,1,0,0,0,0,0,0,0,0,0,0,0,1,0,0,4,0,40.0524,-75.0706, , 
 ,35450,2015124231,6,67,67301,2015,11,2,1106,11,1,1,0,4,1, , ,N,1,2,0,3,0,0,5,2,N,N,39 59:50.466,75 05:22.299,1225, ,1210,3,2,2,N, ,3,N, , , , ,383989, , , ,2,0,0,0,1,1,0,0,0,0,0,0,0,0,0,0,0,0,0,0,1,0,0,0,0,0,0,0,0,0,0,0,0,0,0,0,1,39.9973,-75.0894, , 
 ,35451,2016002610,6,67,67301,2015,12,5,1510,15,1,2,1,4,1, , ,N,1,2,0,3,0,1,2,2,N,N,40 01:32.257,75 09:15.145,1523, ,1520,1,1,2,N, ,3,N, , , , ,384006, , , ,2,2,0,0,0,0,0,0,0,0,0,0,1,1,0,0,0,0,0,0,1,0,0,0,0,0,0,0,0,0,0,0,0,0,0,8,0,40.0256,-75.1542, , 
 ,35452,2015128056,6,67,67301,2015,11,4,1314,13,1,1,0,5,6, , ,N,0,0,0,3,0,2,2,3,N,N,40 02:53.251,75 08:33.514,1345, ,1338, ,0, ,N, ,0, , , , , ,384023, , , ,3,1,0,0,1,0,0,1,0,0,0,2,2,0,0,0,0,0,0,0,0,0,1,0,0,0,0,0,0,0,0,0,0,0,0,4,0,40.0481,-75.1426, , 
 ,35453,2015135911,6,67,67301,2015,12,6,527,5,1,1,0,4,1, , ,N,1,2,0,3,0,1,2,2,N,N,40 00:46.713,75 07:09.797,628, ,627, ,0, , , ,3, , , , , ,384032, , , ,2,1,0,0,0,0,1,0,0,0,0,1,1,0,0,0,0,0,0,0,1,0,0,0,0,0,0,0,0,0,0,0,0,0,0,4,0,40.013,-75.1194, , 
 ,35454,2016007644,6,67,67301,2015,12,5,1100,11,1,9,1,4,1, , ,N,0,0,0,3,0,1,2,2,N,N,39 59:47.392,75 13:44.004,1104, ,1100, ,0, ,N, ,0, , , , , ,384035, , , ,2,0,0,0,0,0,1,1,0,0,1,0,1,0,0,0,0,0,0,0,0,0,0,0,0,0,0,0,0,0,0,0,0,0,0,3,0,39.9965,-75.2289, , 
 ,35455,2015119720,6,67,67301,2015,10,7,2135,21,3,1,0,1,1, , ,N,6,4,2,3,0,1,4,3,N,N,39 56:44.167,75 11:25.033,2147, ,2135, ,0, ,N, ,3, , , , , ,384042, , , ,3,2,0,0,0,0,0,0,0,0,0,0,1,1,1,0,0,0,1,0,0,0,0,0,0,0,0,0,0,0,0,0,0,0,0,8,0,39.9456,-75.1903, , 
 ,35456,2015131272,6,67,67301,2015,11,5,1943,19,3,1,0,4,1, , ,N,2,3,0,3,0,1,3,2,N,N,39 55:30.817,75 11:10.751,1945, ,1944, ,0, ,N, ,3, , , , , ,384055, , , ,1,1,0,0,0,0,0,0,1,0,0,1,1,0,0,0,0,0,0,0,1,0,0,1,0,0,0,0,0,0,0,0,0,0,0,4,0,39.9252,-75.1863, , 
 ,35457,2014034017,6,67,67301,2014,3,4,705,7,1,1,0,8,1, , ,N,1,2,0,3,0,1,2,2,N,N,39 58:40.787,75 09:09.269,708, ,707, ,0, ,N, ,3, , , , , ,388181, , , ,1,1,0,0,0,0,0,0,0,0,0,0,1,1,0,0,0,0,0,0,0,0,0,0,0,0,0,0,0,0,0,0,1,0,0,8,0,39.9779,-75.1526, , 
 ,35458,2014035829,6,67,67301,2014,3,7,2233,22,3,2,1,1,1, , ,N,6,0,2,3,0,4,7,2,N,N,39 57:51.107,75 11:05.086,2254, ,2233, ,0, ,N, ,0, , , , , ,388185, , , ,2,2,0,0,0,0,0,0,0,0,0,0,4,4,0,0,0,0,0,0,0,0,0,0,0,0,0,0,0,0,0,0,0,0,0,8,0,39.9625,-75.1833, , 
 ,35459,2014019106,6,67,67301,2014,1,6,2100,21,3,1,0,5,6, , ,N,0,0,0,3,0,0,1,2,N,N,39 56:29.662,75 09:50.336,2125, ,2113, ,0, ,N, ,0, , , , , ,388209, , , ,2,1,0,0,0,0,1,0,0,0,0,0,0,0,1,0,0,0,0,0,0,0,0,0,0,0,0,0,0,0,0,0,0,0,0,9,0,39.9416,-75.164, , 
 ,35460,2014025516,6,67,67301,2014,1,7,3,0,3,2,1,8,1, , ,N,1,3,0,3,0,2,3,3,N,N,39 56:29.774,75 10:21.075,8, ,7, ,0, ,N, ,3, , , , , ,388215, , , ,1,0,0,0,0,0,1,0,0,0,0,1,2,1,0,0,0,0,0,0,0,0,0,0,0,0,0,0,0,0,0,0,2,0,0,4,0,39.9416,-75.1725, , 
 ,35461,2014030376,6,67,67301,2014,3,6,1546,15,1,1,0,1,1, , ,N,0,0,0,3,0,2,4,3,N,N,39 59:41.912,75 05:01.747,1616, ,1546,3,1,2,N, ,0,N, , , , ,388221, , , ,3,2,0,0,0,0,1,0,0,0,0,1,2,1,0,0,0,0,0,0,1,0,0,0,0,0,0,0,0,0,0,0,0,0,0,4,0,39.995,-75.0838, , 
 ,35462,2014038967,6,67,67301,2014,3,3,1100,11,1,1,0,1,1, , ,N,0,0,0,3,0,2,3,3,N,N,40 00:14.875,75 08:55.186,9999, ,9999, ,0, ,N, ,0, , , , , ,388228, , , ,3,1,0,0,0,0,2,0,0,0,0,0,2,2,0,0,0,0,0,0,0,1,0,0,0,0,0,0,0,0,0,0,0,0,0,8,0,40.0041,-75.1487, , 
 ,35463,2014040428,6,67,67301,2014,3,3,1900,19,4,1,0,4,1, , ,N,1,3,0,3,0,1,3,2,N,N,40 03:30.253,75 02:34.859,1903, ,1901, ,0, , , ,3, , , , , ,388229, , , ,2,0,0,0,0,0,2,0,0,0,0,0,1,1,0,0,0,0,0,0,2,0,0,0,0,0,0,0,0,0,0,0,0,0,0,8,0,40.0584,-75.0431, , 
 ,35464,2014019373,6,67,67301,2014,2,3,730,7,1,1,0,1,1, , ,N,0,0,0,3,0,0,3,2,N,N,39 59:45.298,75 04:58.214,814, ,735,1,1,1,N, ,0,N, , , , ,388255, , , ,2,1,0,0,0,0,1,0,0,0,0,0,0,0,0,0,0,0,0,0,0,0,0,0,0,0,0,0,0,0,0,0,0,0,0,0,0,39.9959,-75.0828, , 
 ,35465,2014032390,6,67,67301,2014,2,7,1222,12,1,3,1,4,1, , ,N,5,2,0,3,0,0,4,2,N,N,40 03:30.268,75 08:57.263,1232, ,1229, ,0, ,N, ,3, , , , , ,388263, , , ,2,2,0,0,0,0,0,0,0,0,0,0,0,0,0,0,0,0,1,0,0,0,0,1,0,0,0,0,0,0,0,0,0,0,0,0,0,40.0584,-75.1492, , 
 ,35466,2014039104,6,67,67301,2014,3,1,416,4,3,2,1,0,4, , ,N,0,0,0,3,0,0,1,1,N,N,39 58:52.655,75 12:24.212,423, ,418,2,2,3,N, ,0,N, , , , ,388268, , , ,1,1,0,0,0,0,0,0,0,0,0,0,0,0,1,0,0,0,0,0,0,0,0,0,0,0,0,0,0,0,0,0,0,0,0,9,0,39.9813,-75.2067, , 
 ,35467,2014059088,6,67,67301,2014,5,5,2238,22,3,2,1,1,1, , ,N,0,0,0,3,0,2,3,3,N, ,40 00:48.903,75 09:31.646,2334, ,2333, ,0, , , ,0, , , , , ,388281, , , ,3,3,0,0,0,0,0,0,0,0,0,2,2,0,0,0,0,0,0,0,1,0,0,0,0,0,0,0,0,0,0,0,0,0,0,4,0,40.0136,-75.1588, , 
 ,35468,2014025333,6,67,67301,2014,1,7,1320,13,1,1,0,4,1, , ,N,2,2,7,3,0,1,2,2,N,N,40 05:35.998,74 57:43.476,1327, ,1325,9,1,1,N, ,3,N, , , , ,388355, , , ,2,1,0,0,1,0,0,0,0,0,0,0,1,1,0,0,0,0,0,0,0,1,0,0,0,0,0,0,0,0,0,0,0,0,0,8,0,40.0933,-74.9621, , 
 ,35469,2014042664,6,67,67301,2014,3,4,1755,17,1,2,1,4,1, , ,N,1,2,0,3,0,0,3,3,N,N,40 03:45.334,75 00:34.383,1810, ,1805, ,0, ,N, ,3, , , , , ,388368, , , ,3,3,0,0,0,0,0,0,0,0,0,0,0,0,0,0,0,0,0,0,1,0,0,0,0,0,0,0,0,0,0,0,0,0,0,0,0,40.0625,-75.0094, , 
 ,35470,2014032468,6,67,67301,2014,2,6,1929,19,3,2,1,4,1, , ,N,1,2,0,3,0,0,2,2,N, ,40 05:53.765,75 02:49.794,1932, ,1929, ,0, , , ,3, , , , , ,388406, , , ,2,2,0,0,0,0,0,0,0,0,0,0,0,0,0,0,0,0,0,0,2,0,0,0,0,0,0,0,0,0,0,0,0,0,0,0,0,40.0984,-75.0471, , 
 ,35471,2014032990,6,67,67301,2014,3,6,2349,23,3,1,0,7,5, , ,N,2,0,0,3,0,1,1,1,N,N,40 04:47.440,75 12:03.335,2352, ,2349,1,1,2,N, ,0,Y, , , , ,388408, , , ,1,0,0,0,0,0,1,0,0,0,0,0,1,1,0,0,0,0,0,0,0,0,0,0,0,0,0,0,0,0,0,0,0,0,0,8,0,40.0798,-75.2009, , 
 ,35472,2014033952,6,67,67301,2014,3,5,1322,13,1,1,0,1,1, , ,N,6,0,2,3,0,2,5,2,N,N,39 56:42.208,75 11:26.989,1333, ,1324, ,0, ,N, ,0, , , , , ,388411, , , ,2,1,0,0,0,0,1,0,0,0,0,0,2,2,0,0,0,0,0,0,0,0,0,0,0,0,0,0,0,0,0,0,0,0,0,8,0,39.9451,-75.1908, , 
 ,35473,2014038976,6,67,67301,2014,3,3,2208,22,3,1,0,4,1, , ,N,1,2,0,3,0,1,2,2,N,N,40 02:38.785,75 03:43.094,2311, ,2311, ,0, , , ,3, , , , , ,388415, , , ,2,2,0,0,0,0,0,0,0,0,0,0,1,1,1,0,0,0,0,0,0,0,0,0,0,0,0,0,0,0,0,0,0,0,0,8,0,40.0441,-75.0619, , 
 ,35474,2014020034,6,67,67301,2014,2,5,158,1,3,4,3,7,2, , ,N,0,0,0,3,0,1,1,1,N,N,40 02:22.364,75 00:24.844,223, ,159,1,1,1,N, ,0,Y, , , , ,388457, , , ,1,0,0,0,1,0,0,0,0,0,0,1,1,0,0,0,0,0,0,0,0,0,0,0,0,0,0,0,0,0,0,0,0,0,0,4,0,40.0395,-75.0069, , 
 ,35475,2014041780,6,67,67301,2014,4,1,1824,18,1,1,0,7,5, , ,N,0,0,0,3,0,1,5,1,N,N,39 54:54.1,75 11:23.6,1828, ,1826, ,0, ,N, ,0, , , , , ,388475, , , ,1,1,0,0,0,0,0,0,0,0,0,1,1,0,0,0,1,0,0,0,0,0,0,0,0,0,0,0,0,0,0,0,0,0,0,4,0,39.915,-75.1899, , 
 ,35476,2014036765,6,67,67301,2014,1,6,1400,14,1,4,1,4,1, , ,N,2,0,0,3,0,1,2,2,N,N,40 00:05.596,75 13:11.780,1425, ,1411, ,0, ,N, ,0, , , , , ,392220, , , ,2,1,0,0,0,0,1,0,0,0,0,0,1,1,0,0,0,0,0,0,1,0,0,0,0,0,0,0,0,0,0,0,0,0,0,8,0,40.0016,-75.2199, , 
 ,35477,2014044555,6,67,67301,2014,3,4,1520,15,1,1,0,4,1, , ,N,0,0,7,3,0,0,2,2,N,N,40 05:48.235,75 01:04.393,1535, ,1535, ,0, ,N, ,0, , , , , ,392228, , , ,2,1,0,0,0,0,0,1,0,0,0,0,0,0,0,0,0,0,0,0,1,0,0,0,0,0,0,0,0,0,0,0,0,0,0,0,0,40.0967,-75.0179, , 
 ,35478,2014058838,6,67,67301,2014,6,1,740,7,1,1,0,7,2, , ,N,0,0,0,3,0,2,2,1,N,N,39 57:42.527,75 08:22.784,800, ,751, ,0, ,N, ,0, , , , , ,392240, , , ,1,1,0,0,0,0,0,0,0,0,0,2,2,0,0,0,0,0,0,0,0,0,0,2,0,0,0,0,0,0,0,0,0,0,0,4,0,39.9618,-75.1397, , 
 ,35479,2014026987,6,67,67301,2014,2,3,1914,19,3,1,0,1,1, , ,N,0,0,0,3,0,1,3,3,N,N,39 58:11.201,75 11:32.686,1924, ,1918,1,2,4,N, ,0,N, , , , ,392264, , , ,3,3,0,0,0,0,0,0,0,0,0,0,1,1,0,0,0,0,0,0,1,1,0,0,0,0,0,0,0,0,0,0,0,0,0,8,0,39.9698,-75.1924, , 
 ,35480,2014041920,6,67,67301,2014,4,5,1306,13,1,1,0,5,1, , ,N,0,0,3,3,0,0,2,2,N,N,39 54:49.603,75 11:01.895,1306, ,1306, ,0, ,N, ,0, , , , , ,392274, , , ,2,2,0,0,0,0,0,0,0,0,0,0,0,0,0,0,0,0,1,0,0,1,0,0,0,0,0,0,0,0,0,0,0,0,0,0,0,39.9138,-75.1839, , 