wz_ln_closure,objectid_1,crn,district,county,municipality,crash_year,crash_month,day_of_week,time_of_day,hour_of_day,illumination,weather,road_condition,collision_type,relation_to_road,work_zone_type,work_zone_loc,work_zone_ind,intersect_type,tcd_type,location_type,urban_rural,fatal_count,injury_count,person_count,total_units,sch_bus_ind,sch_zone_ind,latitude,longitude,arrival_tm,cons_zone_spd_lim,dispatch_tm,est_hrs_closed,lane_closed,ln_close_dir,ntfy_hiwy_maint,spec_juris_cd,tcd_func_cd,tfc_detour_ind,workers_pres,wz_close_detour,wz_flagger,wz_law_offcr_ind,objectid,wz_moving,wz_other,wz_shlder_mdn,vehicle_count,automobile_count,motorcycle_count,bus_count,small_truck_count,heavy_truck_count,suv_count,van_count,bicycle_count,maj_inj_count,mod_inj_count,min_inj_count,tot_inj_count,unk_inj_deg_count,unk_inj_per_count,driver_count_16yr,driver_count_17yr,driver_count_18yr,driver_count_19yr,driver_count_20yr,driver_count_50_64yr,driver_count_65_74yr,driver_count_75plus,unbelted_occ_count,unb_death_count,unb_maj_inj_count,belted_death_count,belted_maj_inj_count,mcycle_death_count,mcycle_maj_inj_count,bicycle_death_count,bicycle_maj_inj_count,ped_count,ped_death_count,ped_maj_inj_count,max_severity_level,comm_veh_count,dec_lat,dec_long,rdwy_surf_type_cd,county_name
 ,35614,2014025383,6,67,67301,2014,1,6,1100,11,1,1,0,8,1, , ,N,1,2,0,3,0,1,2,2,N, ,39 56:58.412,75 09:57.553,1120, ,1116, ,0, , , ,3, , , , , ,388835, , , ,1,0,0,0,1,0,0,0,0,0,0,0,1,1,1,0,0,0,0,0,0,0,0,0,0,0,0,0,0,0,0,0,1,0,0,8,0,39.9495,-75.1659, , 
 ,35615,2014025544,6,67,67301,2014,1,5,1354,13,1,8,1,4,1, , ,N,5,2,0,3,0,1,2,2,N, ,39 55:29.812,75 13:24.391,1408, ,1405, ,0, , , ,3, , , , , ,388836, , , ,2,1,0,0,0,0,1,0,0,0,0,1,1,0,0,0,0,0,0,0,1,0,1,0,0,0,0,0,0,0,0,0,0,0,0,4,0,39.9249,-75.2234, , 
 ,35616,2014029872,6,67,67301,2014,2,4,735,7,1,1,0,8,1, , ,N,0,0,0,3,0,1,2,2,N, ,39 59:47.277,75 06:48.631,740, ,735, ,0, , , ,0, , , , , ,388841, , , ,1,1,0,0,0,0,0,0,0,0,0,0,1,1,0,0,0,0,0,0,0,0,0,0,0,0,0,0,0,0,0,0,1,0,0,8,0,39.9965,-75.1135, , 
 ,35617,2014032372,6,67,67301,2014,2,4,721,7,1,4,1,8,1, , ,N,1,2,0,3,0,1,2,2,N, ,39 56:56.596,75 08:57.079,726, ,721, ,0, , , ,3, , , , , ,388843, , , ,1,1,0,0,0,0,0,0,0,0,0,1,1,0,0,0,0,0,0,0,0,0,0,0,0,0,0,0,0,0,0,0,1,0,0,4,0,39.949,-75.1492, , 
 ,35618,2014034185,6,67,67301,2014,2,1,339,3,3,1,5,7,4, , ,N,1,2,0,3,0,0,1,3,N, ,39 55:12.734,75 13:48.680,340, ,339, ,0, , , ,3, , , , , ,388844, , , ,3,1,0,0,0,0,0,2,0,0,0,0,0,0,0,0,0,0,0,0,0,0,0,1,0,0,0,0,0,0,0,0,0,0,0,0,0,39.9202,-75.2302, , 
 ,35619,2014016112,6,67,67301,2014,1,5,730,7,1,1,0,7,2, , ,N,0,0,0,3,0,3,3,2,N,N,40 02:50.266,75 03:07.287,745, ,737,1,1,2,N, ,0,N, , , , ,388872, , , ,2,2,0,0,0,0,0,0,0,0,0,2,3,1,0,0,0,0,0,0,1,0,0,0,0,0,0,0,0,0,0,0,0,0,0,4,0,40.0473,-75.052, , 
 ,35620,2014018194,6,67,67301,2014,1,4,528,5,3,1,6,7,2, , ,N,0,0,0,3,0,1,1,1,N,N,39 59:01.466,75 12:29.795,528, ,528, ,0, ,N, ,0, , , , , ,388874, , , ,1,1,0,0,0,0,0,0,0,0,0,0,1,1,0,0,0,0,0,0,0,0,0,0,0,0,0,0,0,0,0,0,0,0,0,8,0,39.9837,-75.2083, , 
 ,35621,2014065481,6,67,67301,2014,5,3,305,3,3,1,0,7,4, , ,N,1,2,0,3,0,0,1,1,N,N,40 02:07.087,75 06:30.627,313, ,310,1,1,4, , ,3,Y, , , , ,388904, , , ,1,1,0,0,0,0,0,0,0,0,0,0,0,0,1,0,0,0,0,0,0,0,0,0,0,0,0,0,0,0,0,0,0,0,0,9,0,40.0353,-75.1085, , 
 ,35622,2014069441,6,67,67301,2014,5,6,1507,15,1,1,0,4,1, , ,N,1,2,0,3,0,1,2,2,N,N,39 58:01.869,75 10:01.127,1522, ,1517, ,0, , , ,3, , , , , ,388905, , , ,2,1,0,0,0,0,1,0,0,0,0,1,1,0,0,0,0,0,0,0,0,0,0,0,0,0,0,0,0,0,0,0,0,0,0,4,0,39.9672,-75.167, , 
 ,35623,2014042733,6,67,67301,2014,3,3,1315,13,1,1,0,1,6, , ,N,0,0,0,3,0,0,1,3,N, ,39 56:03.758,75 10:09.807,1420, ,1420, ,0, , , ,0, , , , , ,393390, , , ,3,2,0,0,0,0,0,1,0,0,0,0,0,0,0,0,0,0,0,0,0,0,0,0,0,0,0,0,0,0,0,0,0,0,0,0,0,39.9344,-75.1694, , 
 ,35624,2014016125,6,67,67301,2014,1,4,1824,18,3,1,0,8,1, , ,N,2,3,0,3,0,1,2,2,N,N,40 02:40.596,75 09:18.363,1829, ,1824, ,0, ,N, ,3, , , , , ,393418, , , ,1,0,0,0,0,0,1,0,0,0,0,1,1,0,0,0,0,0,0,0,0,0,0,0,0,0,0,0,0,0,0,0,1,0,0,4,0,40.0446,-75.1551, , 
 ,35625,2014027697,6,67,67301,2014,2,1,1840,18,3,4,3,4,1, , ,N,1,2,0,3,0,1,2,2,N,N,39 55:18.762,75 10:12.564,1853, ,1841, ,0, ,N, ,3, , , , , ,393427, , , ,2,0,0,0,1,0,1,0,0,0,0,1,1,0,0,0,0,0,0,0,0,1,0,0,0,0,0,0,0,0,0,0,0,0,0,4,0,39.9219,-75.1702, , 
 ,35626,2014049538,6,67,67301,2014,4,7,2040,20,3,1,0,8,1, , ,N,1,3,0,3,0,1,2,2,N, ,39 56:00.758,75 10:21.413,2042, ,2042, ,0, , , ,3, , , , , ,393447, , , ,1,1,0,0,0,0,0,0,0,0,0,1,1,0,0,0,0,0,0,0,0,0,0,0,0,0,0,0,0,0,0,0,1,0,0,4,0,39.9335,-75.1726, , 
 ,35627,2014049612,6,67,67301,2014,4,1,1901,19,1,1,0,4,1, , ,N,1,2,0,3,0,2,5,2,N,N,40 01:28.408,75 07:50.218,1908, ,1908,1,1,2,N, ,3,N, , , , ,393448, , , ,2,1,0,0,0,0,1,0,0,0,0,2,2,0,3,0,0,0,0,0,1,0,0,1,0,0,0,0,0,0,0,0,0,0,0,4,0,40.0246,-75.1306, , 
 ,35628,2014032421,6,67,67301,2014,2,5,816,8,1,4,5,1,1, , ,N,0,3,0,3,0,1,3,2,N, ,39 59:02.494,75 09:46.882,818, ,818, ,0, , , ,3, , , , , ,393475, , , ,2,1,0,0,1,0,0,0,0,0,0,1,1,0,0,0,0,0,0,0,1,0,0,0,0,0,0,0,0,0,0,0,0,0,0,4,0,39.984,-75.163, , 
 ,35629,2014042753,6,67,67301,2014,3,6,835,8,1,2,1,5,1, , ,N,0,0,0,3,0,1,2,2,N,N,39 58:16.361,75 08:03.863,957, ,954, ,0, ,N, ,0, , , , , ,393488, , , ,2,2,0,0,0,0,0,0,0,0,0,1,1,0,0,0,0,0,0,0,0,0,0,0,0,0,0,0,0,0,0,0,0,0,0,4,0,39.9712,-75.1344, , 
 ,35630,2014049891,6,67,67301,2014,3,1,345,3,3,2,1,1,1, , ,N,0,0,0,3,0,1,2,2,N,N,40 01:15.431,75 08:24.805,356, ,350, ,0, ,N, ,0, , , , , ,393537, , , ,2,1,0,0,0,0,1,0,0,1,0,0,1,0,0,0,0,0,0,0,0,0,0,1,0,1,0,0,0,0,0,0,0,0,0,2,0,40.021,-75.1402, , 
 ,35631,2014016166,6,67,67301,2014,1,5,1018,10,1,4,1,7,4, , ,N,0,0,0,3,0,1,1,1,N,N,40 05:54.243,74 59:16.606,1020, ,1018, ,0, ,N, ,0, , , , , ,393563, , , ,1,1,0,0,0,0,0,0,0,0,0,0,1,1,0,0,0,1,0,0,0,0,0,0,0,0,0,0,0,0,0,0,0,0,0,8,0,40.0984,-74.9879, , 
 ,35632,2014029831,6,67,67301,2014,1,7,2322,23,3,3,1,3,1, , ,N,1,3,0,3,0,0,2,2,N,N,40 01:40.563,75 12:26.257,2337, ,2322, ,0, ,N, ,3, , , , , ,393656, , , ,2,1,0,0,0,0,0,0,0,0,0,0,0,0,0,0,0,0,0,0,0,0,0,0,0,0,0,0,0,0,0,0,0,0,0,0,0,40.0279,-75.2073, , 
 ,35633,2014034189,6,67,67301,2014,2,4,633,6,1,4,3,4,1, , ,N,1,2,0,3,0,0,3,2,N,N,40 04:03.345,75 10:28.851,638, ,635, ,0, ,N, ,3, , , , , ,393658, , , ,2,0,0,0,1,0,1,0,0,0,0,0,0,0,0,0,0,0,0,0,0,0,0,0,0,0,0,0,0,0,0,0,0,0,0,0,0,40.0676,-75.1747, , 
 ,35634,2014050281,6,67,67301,2014,4,4,725,7,1,1,0,1,1, , ,N,2,0,0,3,0,2,2,2,N, ,40 06:07.401,75 02:58.707,735, ,730,2,2,2, , ,0,Y, , , , ,393675, , , ,2,1,0,0,0,0,1,0,0,0,0,2,2,0,0,0,0,0,0,0,0,0,0,0,0,0,0,0,0,0,0,0,0,0,0,4,0,40.1021,-75.0496, , 
 ,35635,2014053378,6,67,67301,2014,5,7,140,1,3,1,0,1,1, , ,N,0,0,0,3,0,0,2,2,N,N,39 57:56.404,75 11:10.140,155, ,150, ,0, ,N, ,0, , , , , ,393679, , , ,2,0,0,0,1,0,0,1,0,0,0,0,0,0,0,0,0,0,0,0,0,1,0,0,0,0,0,0,0,0,0,0,0,0,0,0,0,39.9657,-75.1862, , 
 ,35636,2014053752,6,67,67301,2014,4,7,1834,18,1,1,0,4,1, , ,N,1,2,0,3,1,2,4,4,N,N,39 57:35.859,75 14:13.747,1836, ,1834, ,0, ,N,0,3, , , , , ,393680, , , ,4,4,0,0,0,0,0,0,0,0,0,2,2,0,1,0,0,0,0,0,1,0,0,0,0,0,0,0,0,0,0,0,0,0,0,1,0,39.96,-75.2371,2, 
 ,35637,2014054515,6,67,67301,2014,5,5,2033,20,3,1,0,1,1, , ,N,1,2,0,3,0,3,5,2,N,N,40 05:18.096,75 02:38.680,2035, ,2035, ,0, ,N, ,3, , , , , ,393681, , , ,2,1,0,0,1,0,0,0,0,0,0,0,3,3,0,0,0,0,0,0,1,0,0,0,0,0,0,0,0,0,0,0,0,0,0,8,0,40.0884,-75.044, , 
 ,35638,2014054612,6,67,67301,2014,4,7,1505,15,1,1,0,1,1, , ,N,0,0,0,3,0,1,2,4,N,N,39 56:17.700,75 12:58.348,1508, ,1505, ,0, ,N, ,0, , , , , ,393682, , , ,4,2,0,0,0,0,1,1,0,0,0,0,1,1,0,1,0,0,0,0,1,0,0,0,0,0,0,0,0,0,0,0,0,0,0,8,0,39.9383,-75.2162, , 
 ,35639,2014068015,6,67,67301,2014,5,7,756,7,1,1,0,8,4, , ,N,0,0,0,3,0,1,2,2,N, ,40 03:10.995,75 00:30.719,800, ,758, ,0, , , ,0, , , , , ,393689, , , ,1,0,0,0,0,0,0,1,0,0,0,1,1,0,0,0,0,0,0,0,1,0,0,0,0,0,0,0,0,0,0,0,1,0,0,4,0,40.0531,-75.0085, , 
 ,35640,2014016122,6,67,67301,2014,1,2,2036,20,3,1,0,1,1, , ,N,2,0,0,3,0,2,4,2,N,N,40 01:45.793,75 07:44.803,2130, ,2100, ,0, ,N, ,0, , , , , ,393707, , , ,2,0,0,0,0,0,0,2,0,0,2,0,2,0,0,0,0,0,0,0,1,0,0,0,0,0,0,0,0,0,0,0,0,0,0,3,0,40.0294,-75.1291, , 
 ,35641,2016006038,6,67,67301,2015,12,4,1254,12,1,2,1,4,1, , ,N,3,2,0,3,0,3,3,3,N,N,40 05:13.428,75 02:26.887,1301, ,1258,2,1,3,N, ,3,N, , , , ,381550, , , ,3,0,0,0,0,0,3,0,0,0,2,1,3,0,0,0,0,0,0,0,0,0,0,0,0,0,0,0,0,0,0,0,0,0,0,3,0,40.0871,-75.0408, , 
 ,35642,2016007516,6,67,67301,2015,12,4,1734,17,3,2,1,8,1, , ,N,1,3,0,3,0,1,2,2,N,N,39 59:55.212,75 04:29.017,1845, ,1840, ,0, ,N, ,3, , , , , ,381551, , , ,1,1,0,0,0,0,0,0,0,0,0,0,1,1,0,0,0,0,0,0,0,0,0,0,0,0,0,0,0,0,0,0,1,0,0,8,0,39.9987,-75.0747, , 
 ,35643,2015112604,6,67,67301,2015,11,1,200,2,3,1,0,4,1, , ,N,1,3,0,3,0,2,5,2,N,N,39 58:40.814,75 09:49.600,210, ,205, ,0, ,N, ,3, , , , , ,381557, , , ,2,1,0,0,1,0,0,0,0,0,0,2,2,0,0,0,0,0,0,0,0,0,0,4,0,0,0,0,0,0,0,0,0,0,0,4,0,39.978,-75.1638, , 
 ,35644,2015128672,6,67,67301,2015,11,1,1840,18,3,1,0,4,1, , ,N,1,2,0,3,0,1,2,2,N,N,40 05:49.711,75 01:05.375,1851, ,1849,2,1,3,N, ,3,Y, , , , ,381567, , , ,2,2,0,0,0,0,0,0,0,0,0,0,1,1,0,0,0,0,0,0,0,0,0,0,0,0,0,0,0,0,0,0,0,0,0,8,0,40.0971,-75.0182, , 
 ,35645,2015128553,6,67,67301,2015,11,5,1501,15,1,8,1,4,1, , ,N,1,2,0,3,0,0,2,2,N, ,39 56:18.900,75 11:54.432,1630, ,1645,9,1,1, , ,3,N, , , , ,381588, , , ,2,2,0,0,0,0,0,0,0,0,0,0,0,0,0,0,0,0,0,0,1,0,0,1,0,0,0,0,0,0,0,0,0,0,0,0,0,39.9386,-75.1985, , 
 ,35646,2016002396,6,67,67301,2015,12,7,1728,17,3,1,0,8,1, , ,N,1,0,0,3,0,1,2,2,N,N,39 58:27.933,75 12:45.266,1750, ,1743, ,0, ,N, ,0, , , , , ,381599, , , ,1,1,0,0,0,0,0,0,0,0,0,1,1,0,0,0,0,0,0,0,0,0,0,0,0,0,0,0,0,0,0,0,1,0,0,4,0,39.9747,-75.2125, , 
 ,35647,2015133723,6,67,67301,2015,11,4,1330,13,1,1,0,4,1, , ,N,1,3,0,3,0,0,2,2,N, ,39 59:16.317,75 05:43.569,1422, ,1420, ,0, , , ,3, , , , , ,381613, , , ,2,1,0,0,0,0,1,0,0,0,0,0,0,0,0,0,0,1,0,0,0,0,0,0,0,0,0,0,0,0,0,0,0,0,0,0,0,39.9879,-75.0954, , 
 ,35648,2015133724,6,67,67301,2015,11,2,2234,22,3,2,1,4,1, , ,N,1,2,0,3,0,3,4,2,N, ,40 02:40.890,75 03:16.537,2256, ,2234,9,1,4, , ,3,N, , , , ,381614, , , ,2,1,0,0,0,0,1,0,0,0,0,3,3,0,0,0,0,0,0,0,0,0,0,0,0,0,0,0,0,0,0,0,0,0,0,4,0,40.0446,-75.0547, , 
 ,35649,2015131210,6,67,67301,2015,12,4,1716,17,4,6,1,4,1, , ,N,1,3,0,3,0,1,2,2,N, ,40 02:04.855,75 03:37.155,1725, ,1720, ,0, , , ,3, , , , , ,381636, , , ,2,1,0,0,0,0,1,0,0,0,0,1,1,0,0,0,0,0,0,1,0,1,0,0,0,0,0,0,0,0,0,0,0,0,0,4,0,40.0347,-75.0603, , 
 ,35650,2015135851,6,67,67301,2015,12,6,810,8,1,1,0,8,1, , ,N,0,0,0,3,0,1,2,2,N, ,40 01:54.008,75 07:53.592,830, ,823, ,0, , , ,0, , , , , ,381642, , , ,1,1,0,0,0,0,0,0,0,0,0,0,1,1,0,0,0,0,0,0,0,0,0,0,0,0,0,0,0,0,0,0,1,0,0,8,0,40.0317,-75.1316, , 
 ,35651,2015115021,6,67,67301,2015,10,6,1845,18,4,9,8,8,1, , ,N,1,2,0,3,0,1,2,2,N, ,39 56:08.525,75 10:01.800,2155, ,2148, ,0, , , ,3, , , , , ,381661, , , ,1,1,0,0,0,0,0,0,0,0,0,1,1,0,1,0,0,0,0,0,0,0,0,0,0,0,0,0,0,0,0,0,1,0,0,4,0,39.9357,-75.1672, , 
 ,35652,2015130928,6,67,67301,2015,12,5,1837,18,3,1,0,1,1, , ,N,6,4,2,3,0,0,2,2,N,N,39 56:44.167,75 11:25.033,1856, ,1840, ,0, ,N, ,3, , , , , ,381675, , , ,2,2,0,0,0,0,0,0,0,0,0,0,0,0,0,0,0,0,0,0,1,0,0,0,0,0,0,0,0,0,0,0,0,0,0,0,0,39.9456,-75.1903, , 
 ,35653,2016007603,6,67,67301,2015,12,7,1021,10,1,1,0,4,1, , ,N,0,0,0,3,0,2,2,2,N,N,40 02:05.810,75 00:54.713,1026, ,1024,1,1,1, , ,0,N, , , , ,381678, , , ,2,2,0,0,0,0,0,0,0,0,0,1,2,1,0,0,0,0,0,0,0,0,0,1,0,0,0,0,0,0,0,0,0,0,0,4,0,40.0349,-75.0152, , 
 ,35654,2015130018,6,67,67301,2015,11,4,1426,14,1,1,0,1,1, , ,N,0,2,0,3,0,2,5,3,N,N,39 56:16.351,75 08:31.544,1455, ,1442,3,1,1,N, ,3,N, , , , ,381697, , , ,3,2,0,0,1,0,0,0,0,0,0,2,2,0,0,0,0,0,0,1,0,0,0,0,0,0,0,0,0,0,0,0,0,0,0,4,0,39.9379,-75.1421, , 
 ,35655,2016002972,6,67,67301,2015,12,7,548,5,3,1,0,7,3, , ,N,1,2,0,3,0,1,2,2,N, ,40 01:32.390,75 07:30.507,550, ,548,3,1,4, , ,3,Y, , , , ,381704, , , ,1,1,0,0,0,0,0,0,0,0,1,0,1,0,0,0,0,0,0,0,0,0,0,0,0,0,0,0,0,0,0,0,0,0,0,3,0,40.0257,-75.1251, , 
 ,35656,2015103257,6,67,67301,2015,9,7,303,3,3,1,0,7,4, , ,N,0,0,0,3,0,0,1,1,N,N,39 58:54.058,75 10:09.678,303, ,303, ,0, ,N, ,0, , , , , ,381707, , , ,1,1,0,0,0,0,0,0,0,0,0,0,0,0,0,0,0,0,0,0,0,0,0,0,0,0,0,0,0,0,0,0,0,0,0,0,0,39.9817,-75.1694, , 
 ,35657,2015108885,6,67,67301,2015,10,4,1514,15,1,1,0,7,4, , ,N,0,0,2,3,0,0,1,1,N,N,39 57:26.875,75 08:32.042,1539, ,1517, ,0, ,N, ,0, , , , , ,381735, , , ,1,1,0,0,0,0,0,0,0,0,0,0,0,0,0,0,0,0,0,0,0,0,0,0,0,0,0,0,0,0,0,0,0,0,0,0,0,39.9575,-75.1422, , 
 ,35658,2015121072,6,67,67301,2015,11,3,949,9,1,1,0,8,1, , ,N,1,2,0,3,0,1,2,2,N,N,40 01:20.660,75 04:41.477,952, ,950,2,2,5,N, ,3,Y, , , , ,381748, , , ,1,0,0,0,0,0,1,0,0,0,0,0,1,1,0,0,0,0,0,0,0,0,0,0,0,0,0,0,0,0,0,0,1,0,0,8,0,40.0224,-75.0781, , 
 ,35659,2015117607,6,67,67301,2015,10,4,1416,14,1,2,1,4,1, , ,N,1,3,0,3,0,0,2,2,N,N,39 57:40.006,75 08:15.878,1422, ,1418, ,0, ,N, ,3, , , , , ,384366, , , ,2,2,0,0,0,0,0,0,0,0,0,0,0,0,0,0,0,0,0,0,0,0,0,0,0,0,0,0,0,0,0,0,0,0,0,0,0,39.9611,-75.1377, , 
 ,35660,2015117669,6,67,67301,2015,10,3,810,8,1,1,0,4,1, , ,N,2,2,0,3,0,2,5,2,N,N,40 00:48.373,75 08:07.904,830, ,822, ,0, , , ,3, , , , , ,384367, , , ,2,1,0,0,0,0,0,1,0,0,0,2,2,0,0,0,0,0,0,0,1,0,0,0,0,0,0,0,0,0,0,0,0,0,0,4,0,40.0134,-75.1355, , 
 ,35661,2015133386,6,67,67301,2015,12,7,440,4,3,1,2,7,3, , ,N,0,0,0,3,0,0,1,1,N,N,39 55:54.150,75 11:58.816,440, ,440,1,1,4,N, ,0,N, , , , ,384380, , , ,1,1,0,0,0,0,0,0,0,0,0,0,0,0,0,0,0,0,0,0,0,0,0,0,0,0,0,0,0,0,0,0,0,0,0,0,0,39.9317,-75.1997, , 
 ,35662,2016002441,6,67,67301,2015,12,3,530,5,3,2,1,7,2, , ,N,0,0,0,3,0,1,2,1,N,N,40 00:16.283,75 07:56.198,545, ,530, ,0, ,N, ,0, , , , , ,384393, , , ,1,0,0,0,0,0,1,0,0,0,0,1,1,0,0,0,0,0,0,0,0,0,0,0,0,0,0,0,0,0,0,0,0,0,0,4,0,40.0045,-75.1323, , 
 ,35663,2016013579,6,67,67301,2015,11,3,100,1,3,1,0,4,1, , ,N,1,3,0,3,0,1,3,2,N,N,40 04:03.774,75 10:01.059,0, ,0, ,0, ,N, ,3, , , , , ,384396, , , ,2,1,0,0,0,0,1,0,0,0,0,0,1,1,1,0,0,0,0,0,0,0,0,0,0,0,0,0,0,0,0,0,0,0,0,8,0,40.0677,-75.167, , 
 ,35664,2016013854,6,67,67301,2015,12,4,1405,14,1,2,1,1,1, , ,N,0,0,0,3,0,1,3,3,N,N,40 01:05.049,75 09:18.204,1418, ,1413, ,0, ,N, ,0, , , , , ,384397, , , ,3,3,0,0,0,0,0,0,0,0,0,0,1,1,2,0,0,0,0,0,1,0,0,0,0,0,0,0,0,0,0,0,0,0,0,8,0,40.0181,-75.1551, , 
 ,35665,2015109274,6,67,67301,2015,10,6,1745,17,3,2,1,4,1, , ,N,1,3,0,3,0,1,4,2,N,N,39 59:47.382,75 13:43.683,1816, ,1811,2,1,2, , ,3,Y, , , , ,384398, , , ,2,2,0,0,0,0,0,0,0,0,0,0,1,1,0,0,0,0,0,0,0,0,0,0,0,0,0,0,0,0,0,0,0,0,0,8,0,39.9965,-75.2288, , 
 ,35666,2015128670,6,67,67301,2015,11,2,935,9,1,1,0,1,1, , ,N,1,2,0,3,0,1,2,2,N,N,39 57:37.092,75 08:20.094,938, ,936, ,0, ,N, ,3, , , , , ,384423, , , ,2,2,0,0,0,0,0,0,0,0,0,0,1,1,0,0,0,0,0,0,1,0,0,1,0,0,0,0,0,0,0,0,0,0,0,8,0,39.9603,-75.1389, , 
 ,35667,2015130082,6,67,67301,2015,11,1,1213,12,1,1,0,5,6, , ,N,0,0,0,3,0,0,1,2,N, ,39 59:49.178,75 12:17.532,1300, ,1231, ,0, , , ,0, , , , , ,384427, , , ,2,1,0,0,0,0,1,0,0,0,0,0,0,0,0,0,0,0,0,0,0,0,0,0,0,0,0,0,0,0,0,0,0,0,0,0,0,39.997,-75.2049, , 
 ,35668,2015131298,6,67,67301,2015,12,3,1600,16,1,2,1,4,1, , ,N,0,2,7,3,0,2,3,2,N, ,40 05:20.015,74 58:10.541,1610, ,1605, ,0, , , ,3, , , , , ,384428, , , ,2,2,0,0,0,0,0,0,0,0,0,2,2,0,0,0,0,0,0,0,0,1,1,0,0,0,0,0,0,0,0,0,0,0,0,4,0,40.0889,-74.9696, , 
 ,35669,2016008160,6,67,67301,2015,12,3,830,8,3,2,1,1,1, , ,N,1,2,0,3,0,1,2,2,N,N,40 00:57.320,75 04:17.220,840, ,834, ,0, ,N, ,3, , , , , ,384436, , , ,2,2,0,0,0,0,0,0,0,0,1,0,1,0,0,0,0,0,0,0,0,0,0,0,0,0,0,0,0,0,0,0,0,0,0,3,0,40.0159,-75.0715, , 
 ,35670,2015132857,6,46,46108,2015,12,7,1211,12,1,1,3,4,1, , ,N,1,2,0,3,0,2,4,2,N,N,40 05:09.951,75 12:42.717,1213, ,1211,1,2,2,N, ,3,N, , , , ,384447, , , ,2,2,0,0,0,0,0,0,0,0,0,0,2,2,0,0,0,0,0,0,0,0,0,0,0,0,0,0,0,0,0,0,0,0,0,8,0,40.0861,-75.2119, , 
 ,35671,2016000927,6,67,67301,2015,12,2,130,1,3,1,0,7,4, , ,N,0,0,0,3,0,0,1,1,N, ,39 57:03.041,75 08:55.831,140, ,730, ,0, , , ,0, , , , , ,384452, , , ,1,1,0,0,0,0,0,0,0,0,0,0,0,0,1,0,0,0,0,0,0,0,0,0,0,0,0,0,0,0,0,0,0,0,0,9,0,39.9508,-75.1488, , 
 ,35672,2015107438,6,67,67301,2015,9,2,1800,18,1,1,0,7,4, , ,N,0,0,3,3,0,0,1,1,N, ,39 55:08.809,75 12:19.294,1818, ,1806,9,1,1, , ,0,N, , , , ,384458, , , ,1,0,0,0,0,1,0,0,0,0,0,0,0,0,0,0,0,0,0,0,0,0,0,0,0,0,0,0,0,0,0,0,0,0,0,0,1,39.9191,-75.2054, , 
 ,35673,2015108790,6,67,67301,2015,10,2,1611,16,1,1,0,8,1, , ,N,1,2,0,3,0,1,2,2,N,N,40 04:07.165,75 14:25.269,1625, ,1617, ,0, ,N, ,3, , , , , ,384460, , , ,1,1,0,0,0,0,0,0,0,0,0,1,1,0,0,0,0,0,0,0,0,0,0,1,0,0,0,0,0,0,0,0,1,0,0,4,0,40.0687,-75.2404, , 
 ,35674,2015112124,6,67,67301,2015,8,5,1108,11,1,1,0,4,1, , ,N,1,2,0,3,0,2,3,3,N,N,40 00:19.857,75 06:19.237,1110, ,1109, ,0, ,N, ,3, , , , , ,384461, , , ,3,1,0,0,1,0,1,0,0,0,0,0,2,2,0,0,0,0,0,0,2,0,0,1,0,0,0,0,0,0,0,0,0,0,0,8,0,40.0055,-75.1053, , 
 ,35675,2015128633,6,67,67301,2015,11,6,645,6,1,9,0,4,1, , ,N,1,2,0,3,0,0,2,2,N,N,39 59:03.987,75 08:30.724,900, ,900, ,0, ,N, ,3, , , , , ,384479, , , ,2,2,0,0,0,0,0,0,0,0,0,0,0,0,0,0,0,0,0,0,0,0,0,0,0,0,0,0,0,0,0,0,0,0,0,0,0,39.9844,-75.1419, , 
 ,35676,2015130002,6,67,67301,2015,11,6,549,5,3,1,0,1,1, , ,N,1,2,0,3,0,0,4,3,N, ,39 54:20.727,75 11:38.377,555, ,549, ,0, , , ,3, , , , , ,384480, , , ,3,2,0,0,1,0,0,0,0,0,0,0,0,0,0,0,0,0,0,1,1,0,0,2,0,0,0,0,0,0,0,0,0,0,0,0,0,39.9057,-75.1938, , 
 ,35677,2014026991,6,67,67301,2014,2,5,1809,18,3,1,0,5,1, , ,N,0,0,0,3,0,1,2,2,N,N,39 57:33.082,75 10:20.367,1848, ,1820, ,0, ,N, ,0, , , , , ,388936, , , ,2,1,0,0,1,0,0,0,0,0,0,1,1,0,1,0,0,0,0,0,0,0,0,0,0,0,0,0,0,0,0,0,0,0,0,4,0,39.9592,-75.1723, , 
 ,35678,2014049743,6,67,67301,2014,4,2,1015,10,1,1,0,4,1, , ,N,1,2,0,3,0,1,3,2,N,N,39 57:42.682,75 09:27.895,1023, ,1016, ,0, ,N, ,3, , , , , ,388953, , , ,2,2,0,0,0,0,0,0,0,0,0,1,1,0,0,0,0,0,0,0,0,0,0,0,0,0,0,0,0,0,0,0,0,0,0,4,0,39.9617,-75.1577, , 
 ,35679,2014007002,6,67,67301,2014,1,6,1400,14,1,2,1,1,1, , ,N,0,0,0,3,0,1,2,2,N,N,39 59:43.534,75 11:51.174,1530, ,1530, ,0, ,N, ,0, , , , , ,388967, , , ,2,1,0,0,0,0,1,0,0,0,0,1,1,0,0,0,0,0,0,0,0,0,0,0,0,0,0,0,0,0,0,0,0,0,0,4,0,39.9954,-75.1975, , 
 ,35680,2014016144,6,67,67301,2014,1,7,533,5,3,2,1,5,6, , ,N,0,0,0,3,0,0,1,3,N, ,40 02:29.356,75 07:45.848,540, ,534, ,0, , , ,0, , , , , ,388975, , , ,3,2,0,0,0,0,1,0,0,0,0,0,0,0,1,0,0,0,0,0,0,0,0,0,0,0,0,0,0,0,0,0,0,0,0,9,0,40.0415,-75.1294, , 