wz_ln_closure,objectid_1,crn,district,county,municipality,crash_year,crash_month,day_of_week,time_of_day,hour_of_day,illumination,weather,road_condition,collision_type,relation_to_road,work_zone_type,work_zone_loc,work_zone_ind,intersect_type,tcd_type,location_type,urban_rural,fatal_count,injury_count,person_count,total_units,sch_bus_ind,sch_zone_ind,latitude,longitude,arrival_tm,cons_zone_spd_lim,dispatch_tm,est_hrs_closed,lane_closed,ln_close_dir,ntfy_hiwy_maint,spec_juris_cd,tcd_func_cd,tfc_detour_ind,workers_pres,wz_close_detour,wz_flagger,wz_law_offcr_ind,objectid,wz_moving,wz_other,wz_shlder_mdn,vehicle_count,automobile_count,motorcycle_count,bus_count,small_truck_count,heavy_truck_count,suv_count,van_count,bicycle_count,maj_inj_count,mod_inj_count,min_inj_count,tot_inj_count,unk_inj_deg_count,unk_inj_per_count,driver_count_16yr,driver_count_17yr,driver_count_18yr,driver_count_19yr,driver_count_20yr,driver_count_50_64yr,driver_count_65_74yr,driver_count_75plus,unbelted_occ_count,unb_death_count,unb_maj_inj_count,belted_death_count,belted_maj_inj_count,mcycle_death_count,mcycle_maj_inj_count,bicycle_death_count,bicycle_maj_inj_count,ped_count,ped_death_count,ped_maj_inj_count,max_severity_level,comm_veh_count,dec_lat,dec_long,rdwy_surf_type_cd,county_name
 ,35681,2014049732,6,67,67301,2014,4,3,635,6,1,1,0,1,1, , ,N,0,0,3,3,0,5,6,3,N,N,39 54:19.642,75 11:39.527,640, ,635,2,2,6,N, ,0,Y, , , , ,389001, , , ,3,0,0,0,1,0,1,1,0,0,0,5,5,0,0,0,0,0,0,0,1,0,0,0,0,0,0,0,0,0,0,0,0,0,0,4,0,39.9055,-75.1943, , 
 ,35682,2014018526,6,67,67301,2014,2,4,856,8,1,2,1,7,2, , ,N,0,0,3,3,0,1,1,1,N,N,39 54:41.387,75 09:56.306,859, ,856, ,0, ,N, ,0, , , , , ,389020, , , ,1,1,0,0,0,0,0,0,0,0,0,0,1,1,0,0,0,0,0,0,0,0,0,0,0,0,0,0,0,0,0,0,0,0,0,8,0,39.9115,-75.1656, , 
 ,35683,2014034186,6,67,67301,2014,2,4,9999,99,3,1,0,4,1, , ,N,1,0,0,3,0,1,2,2,N,N,40 02:45.824,75 05:58.352,2111, ,2111, ,0, ,N, ,0, , , , , ,389031, , , ,2,2,0,0,0,0,0,0,0,0,0,0,1,1,0,0,0,0,0,0,0,0,0,0,0,0,0,0,0,0,0,0,0,0,0,8,0,40.0461,-75.0995, , 
 ,35684,2014034611,6,67,67301,2014,2,1,946,9,1,1,0,7,4, , ,N,0,0,2,3,1,0,1,1,N,N,40 00:38.026,75 12:23.173,1005, ,956,3,1,1,N,0,0,N, , , , ,389032, , , ,1,1,0,0,0,0,0,0,0,0,0,0,0,0,0,0,0,0,0,0,0,0,0,0,0,0,1,0,0,0,0,0,0,0,0,1,0,40.0106,-75.2064,1, 
 ,35685,2014049798,6,67,67301,2014,4,6,1305,13,1,1,0,4,1, , ,N,1,2,0,3,0,3,4,2,N,N,39 59:17.883,75 15:14.303,1320, ,1313, ,0, ,N, ,3, , , , , ,389037, , , ,2,1,0,0,0,1,0,0,0,0,0,0,3,3,0,0,0,0,0,1,0,0,0,0,0,0,0,0,0,0,0,0,0,0,0,8,1,39.9883,-75.254, , 
 ,35686,2014049810,6,67,67301,2014,4,5,9999,99,1,1,0,1,1, , ,N,0,2,0,3,0,1,4,2,N,N,39 57:34.451,75 09:43.465,1717, ,1711,1,1,2, , ,3,N, , , , ,389038, , , ,2,2,0,0,0,0,0,0,0,0,0,0,1,1,0,0,0,0,0,0,0,0,0,0,0,0,0,0,0,0,0,0,0,0,0,8,0,39.9596,-75.1621, , 
 ,35687,2014063876,6,67,67301,2014,6,4,1451,14,1,1,0,7,2, , ,N,0,0,0,3,0,0,2,1,N,N,39 54:05.345,75 09:07.398,1504, ,1454,2,2,1,N, ,0,Y, , , , ,389048, , , ,1,0,0,0,0,0,1,0,0,0,0,0,0,0,0,0,0,0,0,0,0,0,0,0,0,0,0,0,0,0,0,0,0,0,0,0,0,39.9015,-75.1521, , 
 ,35688,2014067969,6,67,67301,2014,5,2,2210,22,3,1,0,6,1, , ,N,0,2,0,3,0,1,2,2,N,N,39 57:46.832,75 08:27.399,2220, ,2210, ,0, ,N, ,3, , , , , ,389049, , , ,2,1,1,0,0,0,0,0,0,0,0,1,1,0,0,0,0,0,0,0,0,0,0,0,0,0,0,0,0,0,0,0,0,0,0,4,0,39.963,-75.1409, , 
 ,35689,2014067980,6,67,67301,2014,6,2,1335,13,1,1,0,8,1, , ,N,2,2,7,3,0,1,2,2,N, ,40 04:44.129,75 01:31.222,1359, ,1346, ,0, , , ,3, , , , , ,389050, , , ,1,1,0,0,0,0,0,0,0,0,1,0,1,0,0,0,0,0,1,0,0,0,0,0,0,0,0,0,0,0,0,0,1,0,0,3,0,40.0789,-75.0253, , 
 ,35690,2014068200,6,67,67301,2014,5,6,753,7,1,1,0,4,1, , ,N,1,2,0,3,0,1,2,2,N,N,40 05:40.718,75 00:54.707,805, ,753,1,1,1,N, ,3,N, , , , ,389051, , , ,2,1,0,0,0,0,1,0,0,0,0,1,1,0,0,0,0,0,0,0,2,0,0,0,0,0,0,0,0,0,0,0,0,0,0,4,0,40.0946,-75.0152, , 
 ,35691,2014012692,6,67,67301,2014,1,4,300,3,3,4,3,7,2, , ,N,0,0,0,3,0,0,1,1,N,N,39 58:56.107,75 12:27.172,302, ,300, ,0, ,N, ,0, , , , , ,389066, , , ,1,1,0,0,0,0,0,0,0,0,0,0,0,0,0,0,0,0,0,0,0,0,0,0,0,0,0,0,0,0,0,0,0,0,0,0,0,39.9823,-75.2075, , 
 ,35692,2014014676,6,67,67301,2014,1,4,1717,17,1,1,0,1,1, , ,N,0,0,0,3,0,1,3,2,N,N,39 57:36.375,75 10:49.794,1728, ,1727, ,0, ,N, ,0, , , , , ,389068, , , ,2,2,0,0,0,0,0,0,0,0,0,1,1,0,0,0,0,0,0,0,0,0,0,0,0,0,0,0,0,0,0,0,0,0,0,4,0,39.9601,-75.1805, , 
 ,35693,2014038911,6,67,67301,2014,2,3,2230,22,3,1,0,4,1, , ,N,0,0,7,3,0,3,3,2,N, ,40 01:08.295,75 08:50.283,2316, ,2312, ,0, , , ,0, , , , , ,389092, , , ,2,1,0,0,0,0,1,0,0,0,0,3,3,0,0,0,0,0,0,0,0,0,0,0,0,0,0,0,0,0,0,0,0,0,0,4,0,40.019,-75.1473, , 
 ,35694,2014025349,6,67,67301,2014,1,3,1106,11,1,4,3,4,1, , ,N,1,0,7,3,0,0,2,2,N, ,40 07:11.466,75 01:02.573,1106, ,1106, ,0, , , ,0, , , , , ,389124, , , ,2,1,0,0,1,0,0,0,0,0,0,0,0,0,0,0,0,0,0,0,0,0,0,0,0,0,0,0,0,0,0,0,0,0,0,0,0,40.1199,-75.0174, , 
 ,35695,2014059141,6,67,67301,2014,5,5,1823,18,1,1,0,4,1, , ,N,2,0,0,3,0,0,2,2,N,N,39 58:31.541,75 11:30.568,1835, ,1829,2,1,1,N, ,0,N, , , , ,389146, , , ,2,2,0,0,0,0,0,0,0,0,0,0,0,0,0,0,0,0,0,0,1,0,0,0,0,0,0,0,0,0,0,0,0,0,0,0,0,39.9755,-75.1918, , 
 ,35696,2014034732,6,9,9212,2014,2,4,1729,17,2,1,1,4,1, , ,N,1,3,0,3,0,2,2,2,N,N,40 08:14.109,75 00:49.659,1733, ,1730,2,2,6,N, ,3,Y, , , , ,395651, , , ,2,2,0,0,0,0,0,0,0,0,2,0,2,0,0,0,0,0,1,0,0,1,0,1,0,0,0,0,0,0,0,0,0,0,0,3,0,40.1372,-75.0139, , 
N,35697,2014002406,6,67,67301,2014,1,5,1015,10,1,1,0,1,1,1,2,Y,0,0,0,3,0,0,2,2,N,N,39 58:00.198,75 08:06.288,1037,45,1020, ,0, ,N, ,0, ,N,N,N,N,395667,N,Y,N,2,0,0,0,1,0,0,1,0,0,0,0,0,0,0,0,0,0,0,0,0,0,0,0,0,0,0,0,0,0,0,0,0,0,0,0,1,39.9667,-75.1351, , 
 ,35698,2014025543,6,67,67301,2014,1,5,9999,99,1,1,1,8,1, , ,N,1,3,0,3,0,1,2,2,N,N,40 02:33.907,75 08:33.831,810, ,807, ,0, ,N, ,3, , , , , ,395691, , , ,1,1,0,0,0,0,0,0,0,0,0,1,1,0,1,0,0,0,0,0,0,0,0,0,0,0,0,0,0,0,0,0,1,0,0,4,0,40.0428,-75.1427, , 
 ,35699,2014041952,6,67,67301,2014,3,3,1620,16,1,1,0,1,1, , ,N,0,0,0,3,0,2,4,3,N,N,40 00:35.503,75 11:11.060,1649, ,1629, ,0, ,N, ,0, , , , , ,395745, , , ,3,3,0,0,0,0,0,0,0,0,1,1,2,0,2,0,0,0,0,0,1,0,0,0,0,0,0,0,0,0,0,0,0,0,0,3,0,40.0099,-75.1864, , 
 ,35700,2014067996,6,67,67301,2014,5,6,2016,20,1,1,0,5,6, , ,N,0,0,0,3,0,0,2,3,Y,N,40 00:20.235,75 06:33.588,2057, ,2016, ,0, ,N, ,0, , , , , ,395760, , , ,3,2,0,1,0,0,0,0,0,0,0,0,0,0,0,0,0,0,0,0,0,0,0,0,0,0,0,0,0,0,0,0,0,0,0,0,1,40.0056,-75.1093, , 
 ,35701,2014068100,6,67,67301,2014,5,6,2125,21,3,2,1,4,1, , ,N,1,2,0,3,0,1,2,2,N,N,40 03:14.662,75 09:19.914,1800, ,1800, ,0, , , ,3, , , , , ,395806, , , ,2,0,0,0,0,0,2,0,0,0,0,1,1,0,1,0,0,0,0,0,0,0,0,0,0,0,0,0,0,0,0,0,0,0,0,4,0,40.0541,-75.1555, , 
 ,35702,2014002409,6,67,67301,2014,1,6,230,2,3,4,3,7,2, , ,N,0,0,4,3,0,1,2,1,N,N,39 56:54.932,75 08:29.926,240, ,240, ,0, ,N, ,0, , , , , ,395810, , , ,1,1,0,0,0,0,0,0,0,0,0,1,1,0,0,0,0,0,0,0,0,0,0,0,0,0,0,0,0,0,0,0,0,0,0,4,0,39.9485,-75.1417, , 
 ,35703,2014038975,6,67,67301,2014,2,5,1713,17,1,1,0,8,1, , ,N,1,2,0,3,0,1,2,2,N, ,39 59:48.427,75 06:12.178,1719, ,1714, ,0, , , ,3, , , , , ,395842, , , ,1,1,0,0,0,0,0,0,0,0,0,1,1,0,0,0,0,0,0,0,0,0,0,0,0,0,0,0,0,0,0,0,1,0,0,4,0,39.9968,-75.1034, , 
 ,35704,2014029878,6,67,67301,2014,1,4,1747,17,2,1,0,1,1, , ,N,0,2,7,3,0,1,6,2,N,N,39 54:13.355,75 14:30.424,1800, ,1757, ,0, ,N, ,3, , , , , ,395884, , , ,2,0,0,0,0,0,2,0,0,0,0,1,1,0,0,0,0,0,0,0,0,0,0,0,0,0,0,0,0,0,0,0,0,0,0,4,0,39.9037,-75.2418, , 
 ,35705,2014033678,6,67,67301,2014,3,4,1945,19,3,2,1,3,1, , ,N,0,0,0,3,0,1,2,2,N,N,39 56:47.099,75 11:21.222,1955, ,1945, ,0, ,N, ,0, , , , , ,395891, , , ,2,1,0,0,0,0,1,0,0,0,0,0,1,1,0,0,0,0,0,0,0,0,0,0,0,0,0,0,0,0,0,0,0,0,0,8,0,39.9464,-75.1892, , 
 ,35706,2014049767,6,67,67301,2014,4,3,1515,15,1,1,0,4,1, , ,N,0,0,7,3,0,0,6,2,N,N,40 00:20.056,75 06:13.842,1855, ,1835, ,0, ,N, ,0, , , , , ,395900, , , ,2,1,0,0,0,0,1,0,0,0,0,0,0,0,1,0,0,0,0,0,0,0,0,0,0,0,0,0,0,0,0,0,0,0,0,9,0,40.0056,-75.1038, , 
 ,35707,2014025313,6,67,67301,2014,1,5,1404,14,1,1,1,4,1, , ,N,1,2,0,3,0,0,2,2,N,N,39 56:36.682,75 08:55.532,1404, ,1404, ,0, , , ,3, , , , , ,395927, , , ,2,1,0,0,0,0,1,0,0,0,0,0,0,0,0,0,0,0,0,0,0,1,0,0,0,0,0,0,0,0,0,0,0,0,0,0,0,39.9435,-75.1488, , 
 ,35708,2014028072,6,67,67301,2014,2,6,9999,99,1,1,0,4,1, , ,N,1,3,0,3,0,0,2,2,N,N,39 58:39.345,75 09:38.332,1123, ,1123,2,1,4,N, ,3,Y, , , , ,395932, , , ,2,2,0,0,0,0,0,0,0,0,0,0,0,0,0,0,0,0,0,0,0,0,0,0,0,0,0,0,0,0,0,0,0,0,0,0,0,39.9776,-75.1606, , 
 ,35709,2014049859,6,67,67301,2014,4,4,1703,17,1,1,0,1,1, , ,N,0,0,0,3,0,1,3,3,N,N,40 01:03.164,75 12:08.011,1715, ,1703,1,1,1,N, ,0,N, , , , ,395952, , , ,3,2,0,0,0,0,1,0,0,0,0,0,1,1,0,0,0,0,0,0,0,1,0,0,0,0,0,0,0,0,0,0,0,0,0,8,0,40.0175,-75.2022, , 
 ,35710,2014021564,6,67,67301,2014,1,6,730,7,1,3,5,1,1, , ,N,0,0,0,3,0,0,1,2,N,N,39 57:36.932,75 08:18.606,735, ,730, ,0, ,N, ,0, , , , , ,395968, , , ,2,1,0,0,0,0,1,0,0,0,0,0,0,0,0,0,0,0,0,0,0,0,0,0,0,0,0,0,0,0,0,0,0,0,0,0,0,39.9603,-75.1385, , 
 ,35711,2014032504,6,67,67301,2014,2,2,1200,12,1,4,4,7,2, , ,N,0,0,0,3,0,0,3,2,N,N,40 03:30.473,75 02:40.987,1233, ,1233,2,1,1, , ,0,N, , , , ,395976, , , ,2,1,0,0,0,0,1,0,0,0,0,0,0,0,0,0,0,0,0,0,1,0,0,0,0,0,0,0,0,0,0,0,0,0,0,0,0,40.0585,-75.0447, , 
 ,35712,2014035823,6,67,67301,2014,3,6,1248,12,1,1,0,7,7, , ,N,7,0,2,3,0,0,1,1,N,N,39 57:35.743,75 10:45.221,1259, ,1248, ,0, ,N, ,0, , , , , ,395978, , , ,1,1,0,0,0,0,0,0,0,0,0,0,0,0,0,0,0,0,0,0,0,0,0,0,0,0,0,0,0,0,0,0,0,0,0,0,0,39.9598,-75.1785, , 
 ,35713,2014039367,6,67,67301,2014,3,2,302,3,3,1,0,1,6, , ,N,0,0,0,3,0,0,1,5,N,N,40 02:44.957,75 09:55.398,303, ,302, ,0, , , ,0, , , , , ,395985, , , ,5,3,0,0,1,0,1,0,0,0,0,0,0,0,0,0,0,0,0,0,0,0,0,0,0,0,0,0,0,0,0,0,0,0,0,0,0,40.0458,-75.1654, , 
 ,35714,2014039347,6,67,67301,2014,3,1,300,3,3,1,0,4,1, , ,N,1,2,0,3,0,5,5,2,N,N,39 57:38.428,75 08:28.873,307, ,306,2,1,3,N, ,3,N, , , , ,396029, , , ,2,1,0,0,0,0,1,0,0,0,0,0,5,5,0,0,0,0,0,0,0,0,0,0,0,0,0,0,0,0,0,0,0,0,0,8,0,39.9606,-75.1414, , 
 ,35715,2015125373,6,67,67301,2015,11,5,635,6,1,1,0,1,1, , ,N,0,0,0,3,0,1,2,2,N,N,39 55:30.130,75 11:36.372,652, ,641,1,2,3,N, ,0,N, , , , ,381753, , , ,2,1,0,0,0,1,0,0,0,0,0,1,1,0,1,0,0,0,0,0,0,0,0,0,0,0,0,0,0,0,0,0,0,0,0,4,1,39.925,-75.1934, , 
 ,35716,2015137078,6,67,67301,2015,10,7,30,0,3,2,1,4,1, , ,N,5,2,2,3,0,2,6,2,N,N,39 57:16.308,75 08:58.375,46, ,44,2,1,3, , ,3,N, , , , ,381773, , , ,2,0,0,0,0,0,2,0,0,0,0,2,2,0,4,0,0,0,0,0,0,0,0,0,0,0,0,0,0,0,0,0,0,0,0,4,0,39.9547,-75.1495, , 
 ,35717,2016002581,6,67,67301,2015,12,3,124,1,3,2,1,4,1, , ,N,1,2,0,3,0,3,5,2,N,N,40 01:08.421,75 08:50.014,124, ,124,2,2,7,N, ,3,Y, , , , ,381777, , , ,2,0,0,0,0,0,2,0,0,0,2,1,3,0,0,0,0,0,0,1,0,0,0,0,0,0,0,0,0,0,0,0,0,0,0,3,0,40.0189,-75.1471, , 
 ,35718,2016006028,6,67,67301,2015,12,3,1712,17,3,5,1,8,1, , ,N,1,2,0,3,0,1,2,2,N,N,40 02:40.890,75 03:16.537,1718, ,1714,2,1,2,N, ,3,N, , , , ,381779, , , ,1,1,0,0,0,0,0,0,1,0,1,0,1,0,0,0,0,0,0,0,1,0,0,0,0,0,0,0,0,0,0,0,0,0,0,3,0,40.0446,-75.0547, , 
 ,35719,2016007601,6,67,67301,2015,12,6,1710,17,3,1,1,4,1, , ,N,2,0,0,3,0,0,5,2,N,N,40 02:35.631,75 04:54.987,1733, ,1728, ,0, ,N, ,0, , , , , ,381780, , , ,2,2,0,0,0,0,0,0,0,0,0,0,0,0,0,0,0,0,0,0,0,0,0,0,0,0,0,0,0,0,0,0,0,0,0,0,0,40.0432,-75.0819, , 
 ,35720,2015102000,6,67,67301,2015,9,3,616,6,1,1,0,5,1, , ,N,6,4,2,3,0,0,2,2,N, ,40 01:11.148,75 08:36.680,643, ,617,2,1,2,N, ,3,N, , , , ,381785, , , ,2,2,0,0,0,0,0,0,0,0,0,0,0,0,0,0,0,0,0,0,1,0,0,0,0,0,0,0,0,0,0,0,0,0,0,0,0,40.0198,-75.1435, , 
 ,35721,2015120099,6,67,67301,2015,10,5,1930,19,3,1,0,4,1, , ,N,1,2,0,3,0,1,5,3,N,N,39 56:52.009,75 13:46.191,1948, ,1946, ,0, ,N, ,3, , , , , ,381805, , , ,3,1,0,0,0,0,0,2,0,0,0,1,1,0,2,0,0,0,0,0,1,0,0,1,0,0,0,0,0,0,0,0,0,0,0,4,0,39.9478,-75.2295, , 
 ,35722,2016000554,6,67,67301,2015,12,6,1518,15,1,1,0,1,1, , ,N,0,0,3,3,0,2,3,3,N,N,39 53:10.884,75 12:25.098,1534, ,1530,2,2,2,N, ,0,N, , , , ,381826, , , ,3,2,0,0,0,0,1,0,0,0,2,0,2,0,0,0,0,0,0,0,0,0,0,0,0,0,0,0,0,0,0,0,0,0,0,3,0,39.8864,-75.207, , 
 ,35723,2015121049,6,67,67301,2015,10,5,1455,14,1,1,0,8,1, , ,N,1,2,0,3,0,1,2,2,N,N,40 03:45.334,75 00:34.383,1505, ,1500, ,0, ,N, ,3, , , , , ,381839, , , ,1,1,0,0,0,0,0,0,0,0,0,0,1,1,0,0,0,0,0,0,0,0,1,0,0,0,0,0,0,0,0,0,1,0,0,8,0,40.0625,-75.0094, , 
 ,35724,2016001041,6,67,67301,2015,12,6,1754,17,3,1,0,1,1, , ,N,1,2,0,3,0,1,6,4,N,N,40 01:45.310,75 05:23.878,1800, ,1756,9,1,2,N, ,3,N, , , , ,381850, , , ,4,3,0,0,0,0,1,0,0,0,0,0,1,1,0,0,0,0,0,0,2,0,0,1,0,0,0,0,0,0,0,0,0,0,0,8,0,40.0291,-75.0899, , 
 ,35725,2016058522,6,67,67301,2015,12,6,1745,17,3,2,1,8,1, , ,N,0,0,0,3,0,1,2,2,N,N,39 59:54.475,75 07:44.215,1755, ,1751,2,1,3,N, ,0,Y, , , , ,381852, , , ,1,0,0,1,0,0,0,0,0,1,0,0,1,0,0,0,0,0,0,0,0,0,0,0,0,0,0,0,0,0,0,0,1,0,1,2,1,39.9985,-75.1289, , 
 ,35726,2016002448,6,67,67301,2015,12,2,1239,12,1,1,0,4,1, , ,N,0,0,0,3,0,0,2,2,N,N,39 58:16.921,75 11:37.402,1241, ,1240, ,0, ,N, ,0, , , , , ,381862, , , ,2,1,0,0,0,0,1,0,0,0,0,0,0,0,1,0,0,0,0,0,0,0,0,0,0,0,0,0,0,0,0,0,0,0,0,9,0,39.9714,-75.1937, , 
N,35727,2015115247,6,67,67301,2015,10,7,828,8,1,1,0,5,1,1,5,Y,0,0,0,3,0,0,2,2,N,N,39 58:00.146,75 08:06.431,828,45,828, ,0, ,N, ,0, ,Y,N,N,N,381871,N,N,Y,2,1,0,0,1,0,0,0,0,0,0,0,0,0,0,0,0,0,0,0,0,0,0,0,0,0,0,0,0,0,0,0,0,0,0,0,0,39.9667,-75.1351, , 
 ,35728,2015120622,6,67,67301,2015,11,4,1938,19,3,1,0,1,1, , ,N,0,2,0,3,0,0,3,3,N,N,39 57:28.347,75 09:49.211,1938, ,1938,2,1,3,N, ,3,N, , , , ,381877, , , ,3,1,0,0,0,0,2,0,0,0,0,0,0,0,0,0,0,0,0,0,0,0,0,0,0,0,0,0,0,0,0,0,0,0,0,0,0,39.9579,-75.1637, , 
 ,35729,2015120998,6,67,67301,2015,8,3,1951,19,3,1,0,4,1, , ,N,5,2,2,3,0,1,2,2,N, ,39 57:11.151,75 10:54.540,2200, ,2152, ,0, , , ,3, , , , , ,381879, , , ,2,1,0,0,0,0,1,0,0,0,0,1,1,0,0,0,0,0,0,0,1,0,1,0,0,0,0,0,0,0,0,0,0,0,0,4,0,39.9531,-75.1819, , 
 ,35730,2015125262,6,67,67301,2015,11,1,2330,23,3,1,0,7,1, , ,N,0,0,0,3,0,0,1,1,N,N,40 02:02.155,75 01:12.074,2346, ,2333, ,0, ,N, ,0, , , , , ,381884, , , ,1,1,0,0,0,0,0,0,0,0,0,0,0,0,0,0,0,0,1,0,0,0,0,0,0,0,0,0,0,0,0,0,0,0,0,0,0,40.0339,-75.02, , 
 ,35731,2015130296,6,67,67301,2015,10,7,206,2,3,1,0,4,1, , ,N,1,2,0,3,0,2,2,2,N, ,39 57:20.839,75 13:32.687,217, ,206, ,0, , , ,3, , , , , ,381894, , , ,2,1,0,0,0,0,1,0,0,0,0,0,2,2,0,0,0,0,0,0,0,0,0,0,0,0,0,0,0,0,0,0,0,0,0,8,0,39.9558,-75.2257, , 
 ,35732,2015130214,6,67,67301,2015,11,7,1127,11,1,2,1,7,4, , ,N,1,2,0,3,0,1,1,1,N,N,39 54:39.823,75 13:49.691,1149, ,1145, ,0, , , ,3, , , , , ,381908, , , ,1,1,0,0,0,0,0,0,0,0,0,0,1,1,0,0,0,0,0,0,0,0,0,0,0,0,0,0,0,0,0,0,0,0,0,8,0,39.9111,-75.2305, , 
 ,35733,2015120512,6,67,67301,2015,11,3,1803,18,3,1,0,4,1, , ,N,2,0,2,3,0,1,3,2,N,N,39 59:11.983,75 12:29.919,1810, ,1805, ,0, , , ,0, , , , , ,384496, , , ,2,1,0,0,0,0,1,0,0,0,0,0,1,1,0,0,0,0,0,0,1,0,0,0,0,0,0,0,0,0,0,0,0,0,0,8,0,39.9867,-75.2083, , 
 ,35734,2015128548,6,67,67301,2015,11,7,1235,12,1,1,0,4,1, , ,N,1,2,0,3,0,1,6,2,N,N,39 56:58.790,75 14:43.504,1245, ,1239, ,0, ,N, ,3, , , , , ,384502, , , ,2,0,0,0,0,0,2,0,0,0,0,1,1,0,0,0,0,0,0,0,2,0,0,0,0,0,0,0,0,0,0,0,0,0,0,4,0,39.9497,-75.2454, , 
 ,35735,2015130027,6,67,67301,2015,11,7,1405,14,1,1,0,5,6, , ,N,0,0,0,3,0,0,1,2,N,N,40 05:46.795,75 03:09.021,1414, ,1410,2,2,3, , ,0,Y, , , , ,384503, , , ,2,1,0,0,0,0,1,0,0,0,0,0,0,0,0,0,0,0,0,0,1,0,0,0,0,0,0,0,0,0,0,0,0,0,0,0,0,40.0963,-75.0525, , 
 ,35736,2016002445,6,67,67301,2015,12,4,927,9,1,1,0,2,1, , ,N,1,2,0,3,0,3,3,2,N,N,40 02:40.890,75 03:16.537,935, ,928,2,1,3,N, ,3,N, , , , ,384512, , , ,2,1,0,0,0,0,1,0,0,0,0,0,3,3,0,0,0,0,0,0,0,1,0,0,0,0,0,0,0,0,0,0,0,0,0,8,0,40.0446,-75.0547, , 
 ,35737,2016007568,6,67,67301,2015,12,5,2020,20,1,1,0,1,1, , ,N,1,2,0,3,0,1,2,2,N, ,39 55:05.910,75 12:31.905,2026, ,2024, ,0, , , ,3, , , , , ,384520, , , ,2,1,0,0,0,0,1,0,0,1,0,0,1,0,0,0,0,0,0,0,0,0,0,0,0,0,0,1,0,0,0,0,0,0,0,2,0,39.9183,-75.209, , 
 ,35738,2016001034,6,67,67301,2015,12,5,9999,99,1,1,0,4,1, , ,N,1,3,0,3,0,1,3,2,N,N,40 03:28.078,75 11:05.536,751, ,750, ,0, ,N, ,3, , , , , ,384527, , , ,2,0,0,0,1,0,0,1,0,0,1,0,1,0,0,0,0,0,0,0,0,0,0,3,0,0,0,0,0,0,0,0,0,0,0,3,0,40.0578,-75.1849, , 
 ,35739,2015108075,6,67,67301,2015,9,1,2036,20,3,1,0,1,1, , ,N,0,0,0,3,0,1,1,2,N,N,39 58:41.865,75 06:39.736,2047, ,2036,2,2,2,N, ,0,N, , , , ,384533, , , ,2,1,0,0,1,0,0,0,0,0,0,1,1,0,0,0,0,0,0,0,0,0,0,0,0,0,0,0,0,0,0,0,0,0,0,4,0,39.9783,-75.111, , 
 ,35740,2015130123,6,67,67301,2015,11,7,1125,11,1,2,1,4,1, , ,N,1,3,0,3,0,1,2,2,N, ,39 57:28.627,75 13:38.423,1129, ,1125, ,0, , , ,3, , , , , ,384555, , , ,2,1,0,0,0,0,1,0,0,0,0,1,1,0,0,0,0,0,0,0,1,0,0,1,0,0,0,0,0,0,0,0,0,0,0,4,0,39.958,-75.2273, , 
 ,35741,2015136390,6,67,67301,2015,12,4,805,8,1,2,1,6,1, , ,N,0,8,0,3,0,3,4,3,N, ,39 59:01.451,75 12:10.937,810, ,805,1,2,5, , ,3,Y, , , , ,384560, , , ,3,2,0,0,0,0,1,0,0,0,0,0,3,3,0,0,0,0,0,0,1,0,0,0,0,0,0,0,0,0,0,0,0,0,0,8,0,39.9837,-75.203, , 
 ,35742,2016002624,6,67,67301,2015,12,1,2200,22,3,1,0,1,1, , ,N,2,2,0,3,0,1,3,2,N,N,40 05:27.543,75 01:57.617,2220, ,2218,1,1,1,N, ,3,N, , , , ,384563, , , ,2,1,0,0,0,0,0,1,0,0,1,0,1,0,1,0,0,0,0,0,0,0,0,0,0,0,0,0,0,0,0,0,0,0,0,3,0,40.091,-75.0327, , 
 ,35743,2016007832,6,67,67301,2015,12,1,2244,22,3,1,1,1,1, , ,N,0,0,3,3,0,0,2,2,N,N,39 57:36.089,75 10:47.744,2250, ,2250,1,1,3, , ,0,N, , , , ,384565, , , ,2,1,0,0,0,0,1,0,0,0,0,0,0,0,0,0,0,0,0,0,0,0,0,0,0,0,0,0,0,0,0,0,0,0,0,0,0,39.96,-75.1799, , 
 ,35744,2015131300,6,67,67301,2015,11,2,900,9,1,1,0,8,1, , ,N,1,3,0,3,0,1,2,2,N,N,39 59:18.146,75 06:35.283,915, ,910, ,0, ,N, ,3, , , , , ,384573, , , ,1,0,0,0,0,0,0,0,0,0,0,1,1,0,0,0,0,0,0,0,0,0,0,0,0,0,0,0,0,0,0,0,1,0,0,4,0,39.9884,-75.1098, , 
 ,35745,2015112141,6,67,67301,2015,10,4,1914,19,3,1,0,4,1, , ,N,0,0,7,3,0,1,2,2,N, ,40 00:49.528,75 05:50.428,2045, ,2031, ,0, , , ,0, , , , , ,384588, , , ,2,2,0,0,0,0,0,0,0,0,0,1,1,0,0,0,0,0,0,0,0,0,0,0,0,0,0,0,0,0,0,0,0,0,0,4,0,40.0138,-75.0973, , 
 ,35746,2015125405,6,67,67301,2015,11,1,1627,16,1,1,0,5,1, , ,N,0,0,0,3,0,2,6,3,N,N,39 59:48.478,75 11:47.472,1627, ,1627,2,2,4,N, ,0,N, , , , ,384603, , , ,3,2,0,0,0,0,0,1,0,0,0,2,2,0,0,0,0,0,0,0,1,2,0,0,0,0,0,0,0,0,0,0,0,0,0,4,0,39.9968,-75.1965, , 