wz_ln_closure,objectid_1,crn,district,county,municipality,crash_year,crash_month,day_of_week,time_of_day,hour_of_day,illumination,weather,road_condition,collision_type,relation_to_road,work_zone_type,work_zone_loc,work_zone_ind,intersect_type,tcd_type,location_type,urban_rural,fatal_count,injury_count,person_count,total_units,sch_bus_ind,sch_zone_ind,latitude,longitude,arrival_tm,cons_zone_spd_lim,dispatch_tm,est_hrs_closed,lane_closed,ln_close_dir,ntfy_hiwy_maint,spec_juris_cd,tcd_func_cd,tfc_detour_ind,workers_pres,wz_close_detour,wz_flagger,wz_law_offcr_ind,objectid,wz_moving,wz_other,wz_shlder_mdn,vehicle_count,automobile_count,motorcycle_count,bus_count,small_truck_count,heavy_truck_count,suv_count,van_count,bicycle_count,maj_inj_count,mod_inj_count,min_inj_count,tot_inj_count,unk_inj_deg_count,unk_inj_per_count,driver_count_16yr,driver_count_17yr,driver_count_18yr,driver_count_19yr,driver_count_20yr,driver_count_50_64yr,driver_count_65_74yr,driver_count_75plus,unbelted_occ_count,unb_death_count,unb_maj_inj_count,belted_death_count,belted_maj_inj_count,mcycle_death_count,mcycle_maj_inj_count,bicycle_death_count,bicycle_maj_inj_count,ped_count,ped_death_count,ped_maj_inj_count,max_severity_level,comm_veh_count,dec_lat,dec_long,rdwy_surf_type_cd,county_name
 ,35747,2015131409,6,67,67301,2015,12,2,2250,22,3,2,1,7,4, , ,N,0,0,0,3,0,1,1,1,N,N,39 58:41.853,75 12:08.801,2254, ,2252,1,1,3,N, ,0,N, , , , ,384607, , , ,1,1,0,0,0,0,0,0,0,0,0,1,1,0,0,0,0,0,0,0,0,0,0,0,0,0,0,0,0,0,0,0,0,0,0,4,0,39.9783,-75.2024, , 
 ,35748,2016001037,6,67,67301,2015,12,7,1650,16,4,1,0,5,1, , ,N,0,0,0,3,0,0,2,2,N,N,40 01:14.403,75 09:23.851,1706, ,1650,1,1,2,N, ,0,N, , , , ,384619, , , ,2,2,0,0,0,0,0,0,0,0,0,0,0,0,0,0,0,0,0,0,1,0,0,0,0,0,0,0,0,0,0,0,0,0,0,0,0,40.0207,-75.1566, , 
 ,35749,2015135866,6,67,67301,2015,12,1,945,9,1,1,0,4,1, , ,N,0,0,7,3,0,1,2,2,N,N,39 59:40.747,75 05:40.376,1010, ,1008,9,1,1,N, ,0,N, , , , ,384647, , , ,2,0,0,0,0,0,1,1,0,0,0,1,1,0,0,0,0,0,0,0,1,1,0,0,0,0,0,0,0,0,0,0,0,0,0,4,0,39.9947,-75.0945, , 
 ,35750,2015126283,6,67,67301,2015,11,3,1139,11,1,1,0,1,1, , ,N,0,0,0,3,0,1,7,4,N,N,39 56:36.750,75 08:34.869,1139, ,1139,2,2,2,N, ,0,N, , , , ,384664, , , ,4,2,0,0,0,0,2,0,0,0,0,0,1,1,0,0,0,0,1,0,0,0,0,0,0,0,0,0,0,0,0,0,0,0,0,8,0,39.9435,-75.143, , 
 ,35751,2014019103,6,67,67301,2014,1,6,835,8,1,2,5,1,1, , ,N,1,3,0,3,0,1,6,2,N,Y,39 56:00.376,75 09:09.439,840, ,836, ,0, ,N, ,3, , , , , ,389163, , , ,2,1,0,0,1,0,0,0,0,0,0,0,1,1,0,0,0,0,0,0,1,0,0,0,0,0,0,0,0,0,0,0,0,0,0,8,0,39.9334,-75.1526, , 
 ,35752,2014032431,6,67,67301,2014,2,1,2130,21,3,1,0,1,1, , ,N,0,0,0,3,0,0,1,3,N,N,39 56:28.528,75 11:09.355,2230, ,2132, ,0, ,N, ,0, , , , , ,389176, , , ,3,2,0,0,0,0,1,0,0,0,0,0,0,0,0,0,0,0,0,0,0,0,0,0,0,0,0,0,0,0,0,0,0,0,0,0,0,39.9413,-75.1859, , 
 ,35753,2014049600,6,67,67301,2014,4,1,555,5,5,1,0,7,1, , ,N,0,0,0,3,0,1,2,1,N,N,40 00:21.842,75 11:16.211,557, ,557,2,1,2,N, ,0,N, , , , ,389192, , , ,1,1,0,0,0,0,0,0,0,0,0,0,1,1,0,0,0,0,0,0,0,0,0,0,0,0,0,0,0,0,0,0,0,0,0,8,0,40.0061,-75.1878, , 
 ,35754,2014049779,6,67,67301,2014,4,6,2110,21,3,1,0,1,1, , ,N,0,2,0,3,0,2,3,2,N, ,40 02:01.540,75 06:55.707,2130, ,2123, ,0, , , ,3, , , , , ,389193, , , ,2,0,0,0,0,0,1,1,0,0,1,1,2,0,0,0,0,0,0,0,1,0,0,0,0,0,0,0,0,0,0,0,0,0,0,3,0,40.0338,-75.1155, , 
N,35755,2014004406,6,67,67301,2014,1,7,1337,13,1,1,0,1,1,1,5,Y,0,0,0,3,0,2,6,4,N,N,40 01:17.352,75 02:26.426,1449,45,1345, ,0, ,N, ,0, ,N,N,N,N,389206,N,Y,N,4,1,0,0,1,0,0,1,0,0,0,0,2,2,1,0,0,0,0,0,0,1,0,0,0,0,0,0,0,0,0,0,0,0,0,8,0,40.0215,-75.0407, , 
 ,35756,2014020687,6,67,67301,2014,2,6,1533,15,1,1,0,5,1, , ,N,0,0,0,3,0,0,2,2,N,N,39 59:17.591,75 05:19.186,1600, ,1534,2,2,1,N, ,0,N, , , , ,389224, , , ,2,0,0,0,0,1,1,0,0,0,0,0,0,0,0,0,0,0,0,0,0,0,0,0,0,0,0,0,0,0,0,0,0,0,0,0,1,39.9882,-75.0887, , 
 ,35757,2014032407,6,67,67301,2014,2,3,1530,15,1,1,0,4,1, , ,N,0,0,7,3,0,1,2,2,N,N,39 56:51.974,75 09:21.436,1531, ,1531, ,0, ,N, ,0, , , , , ,389233, , , ,2,2,0,0,0,0,0,0,0,0,0,1,1,0,0,0,0,0,0,0,1,0,0,0,0,0,0,0,0,0,0,0,0,0,0,4,0,39.9478,-75.156, , 
 ,35758,2014042636,6,67,67301,2014,3,6,9999,99,1,1,0,4,1, , ,N,2,3,0,3,0,2,3,2,N, ,39 58:32.224,75 10:40.141,815, ,810,9,1,3, , ,3,N, , , , ,389240, , , ,2,0,0,0,0,0,1,1,0,0,0,0,2,2,0,0,0,0,0,0,0,0,0,0,0,0,0,0,0,0,0,0,0,0,0,8,0,39.9756,-75.1778, , 
 ,35759,2014049579,6,67,67301,2014,4,1,2119,21,3,1,0,4,1, , ,N,2,2,0,3,0,0,2,2,N, ,39 56:56.025,75 11:22.873,2146, ,2144, ,0, , , ,3, , , , , ,389295, , , ,2,1,0,0,0,0,1,0,0,0,0,0,0,0,0,0,0,0,0,0,0,0,0,0,0,0,0,0,0,0,0,0,0,0,0,0,0,39.9489,-75.1897, , 
 ,35760,2014049672,6,67,67301,2014,4,3,1539,15,1,1,0,4,1, , ,N,2,2,0,3,0,0,3,2,N,N,40 05:53.193,75 01:49.243,1543, ,1539, ,0, ,N, ,3, , , , , ,389296, , , ,2,2,0,0,0,0,0,0,0,0,0,0,0,0,0,0,0,0,0,0,0,0,1,0,0,0,0,0,0,0,0,0,0,0,0,0,0,40.0981,-75.0303, , 
 ,35761,2014025549,6,67,67301,2014,1,6,921,9,1,1,0,8,1, , ,N,1,2,0,3,0,1,2,2,N,N,39 57:14.857,75 12:09.311,921, ,921, ,0, ,N, ,3, , , , , ,389315, , , ,1,0,0,0,1,0,0,0,0,0,1,0,1,0,0,0,0,0,0,0,1,0,0,0,0,0,0,0,0,0,0,0,1,0,0,3,0,39.9541,-75.2025, , 
 ,35762,2014049680,6,67,67301,2014,4,3,9999,99,1,1,0,1,1, , ,N,0,0,0,3,0,3,4,3,N,N,39 58:23.335,75 09:32.906,1334, ,1330,9,1,2,N, ,0,N, , , , ,389333, , , ,3,2,0,0,0,0,1,0,0,0,0,0,3,3,0,0,0,0,0,0,1,0,0,0,0,0,0,0,0,0,0,0,0,0,0,8,0,39.9731,-75.1591, , 
 ,35763,2014049901,6,67,67301,2014,4,7,1411,14,1,1,0,1,1, , ,N,1,0,0,3,0,0,3,3,N, ,39 57:25.085,75 13:31.946,1442, ,1442, ,0, , , ,0, , , , , ,389334, , , ,3,3,0,0,0,0,0,0,0,0,0,0,0,0,0,0,0,0,0,0,0,1,0,0,0,0,0,0,0,0,0,0,0,0,0,0,0,39.957,-75.2255, , 
 ,35764,2014030299,6,67,67301,2014,1,2,144,1,3,1,0,1,1, , ,N,0,0,0,3,0,2,2,2,N,N,39 58:10.965,75 08:29.451,150, ,143, ,0, , , ,0, , , , , ,389375, , , ,2,2,0,0,0,0,0,0,0,0,0,2,2,0,0,0,0,0,0,0,0,0,0,0,0,0,0,0,0,0,0,0,0,0,0,4,0,39.9697,-75.1415, , 
 ,35765,2014042668,6,67,67301,2014,3,7,2004,20,3,2,1,4,1, , ,N,1,2,0,3,0,1,2,2,N,N,40 03:06.246,75 07:37.696,2015, ,2004, ,0, ,N, ,3, , , , , ,389384, , , ,2,1,0,0,0,0,0,1,0,0,0,0,1,1,0,0,0,0,0,0,0,0,0,0,0,0,0,0,0,0,0,0,0,0,0,8,0,40.0517,-75.1271, , 
 ,35766,2014025869,6,67,67301,2014,1,4,2034,20,3,4,5,8,1, , ,N,1,2,0,3,0,1,2,2,N,N,40 02:43.041,75 03:38.484,2044, ,2038, ,0, ,N, ,3, , , , , ,389411, , , ,1,0,0,0,0,0,1,0,0,0,0,1,1,0,0,0,0,0,0,0,0,0,0,0,0,0,0,0,0,0,0,0,1,0,0,4,0,40.0453,-75.0607, , 
 ,35767,2014030381,6,67,67301,2014,3,1,328,3,3,2,1,7,2, , ,N,0,0,0,3,0,1,1,1,N,N,39 52:55.019,75 14:45.264,345, ,328,2,2,2,N, ,0,Y, , , , ,389418, , , ,1,0,0,0,0,0,1,0,0,1,0,0,1,0,0,0,0,0,0,0,0,0,0,1,0,1,0,0,0,0,0,0,0,0,0,2,0,39.8819,-75.2459, , 
 ,35768,2014042740,6,67,67301,2014,3,2,1645,16,1,1,0,8,1, , ,N,0,0,0,3,0,1,2,2,N,N,40 04:19.840,75 09:43.995,1910, ,1910, ,0, ,N, ,0, , , , , ,389430, , , ,1,0,0,0,0,0,0,0,0,0,0,1,1,0,0,0,0,0,0,0,0,0,0,0,0,0,0,0,0,0,0,0,1,0,0,4,0,40.0722,-75.1622, , 
 ,35769,2014025410,6,67,67301,2014,1,6,1920,19,3,1,1,1,1, , ,N,1,2,0,3,0,2,8,2,N, ,40 04:04.742,75 03:09.950,1930, ,1922, ,0, , , ,3, , , , , ,394487, , , ,2,2,0,0,0,0,0,0,0,0,0,1,2,1,0,0,0,0,0,0,1,0,0,0,0,0,0,0,0,0,0,0,0,0,0,4,0,40.068,-75.0528, , 
 ,35770,2014032463,6,67,67301,2014,2,6,1300,13,1,2,1,4,1, , ,N,1,3,0,3,0,0,5,2,N,N,39 55:25.914,75 11:07.915,1315, ,1310, ,0, ,N, ,3, , , , , ,394494, , , ,2,2,0,0,0,0,0,0,0,0,0,0,0,0,0,0,0,0,0,0,0,0,0,1,0,0,0,0,0,0,0,0,0,0,0,0,0,39.9239,-75.1855, , 
 ,35771,2014047608,6,67,67301,2014,4,4,343,3,3,1,0,7,2, , ,N,0,0,0,3,0,0,1,1,N,N,39 57:36.781,75 10:50.191,346, ,444,1,1,4,N, ,0,N, , , , ,394508, , , ,1,1,0,0,0,0,0,0,0,0,0,0,0,0,0,0,0,0,0,0,0,0,0,0,0,0,0,0,0,0,0,0,0,0,0,0,0,39.9602,-75.1806, , 
 ,35772,2014025893,6,67,67301,2014,1,6,105,1,3,1,0,5,6, , ,N,0,0,0,3,0,0,2,2,N,N,40 01:34.044,75 07:24.175,125, ,115, ,0, ,N, ,0, , , , , ,394528, , , ,2,2,0,0,0,0,0,0,0,0,0,0,0,0,0,0,0,0,0,0,0,0,0,0,0,0,0,0,0,0,0,0,0,0,0,0,0,40.0261,-75.1234, , 
 ,35773,2014038985,6,67,67301,2014,3,1,745,7,1,1,0,1,1, , ,N,0,0,0,3,0,1,1,2,N,N,39 57:02.165,75 09:42.712,818, ,815,2,2,1, , ,0,Y, , , , ,394534, , , ,2,1,0,0,0,1,0,0,0,0,0,1,1,0,0,0,0,0,0,0,1,0,0,0,0,0,0,0,0,0,0,0,0,0,0,4,1,39.9506,-75.1619, , 
 ,35774,2014049789,6,67,67301,2014,4,7,2340,23,3,1,0,4,1, , ,N,1,2,0,3,0,4,8,2,N, ,39 58:14.012,75 08:59.857,2345, ,2343, ,0, , , ,3, , , , , ,394542, , , ,2,2,0,0,0,0,0,0,0,0,0,4,4,0,0,0,0,0,0,0,0,0,0,0,0,0,0,0,0,0,0,0,0,0,0,4,0,39.9704,-75.15, , 
 ,35775,2014049955,6,67,67301,2014,5,3,2204,22,3,1,0,5,1, , ,N,0,0,0,3,0,1,2,2,N,N,39 58:02.980,75 11:20.414,2212, ,2207,1,2,4,N, ,0,N, , , , ,394543, , , ,2,1,0,0,0,0,1,0,0,0,0,1,1,0,0,0,0,0,0,0,0,0,0,0,0,0,0,0,0,0,0,0,0,0,0,4,0,39.9675,-75.189, , 
 ,35776,2014002953,6,67,67301,2014,1,4,130,1,3,1,0,7,2, , ,N,0,0,2,3,0,0,1,1,N,N,40 01:17.789,75 02:27.014,141, ,135, ,0, ,Y, ,0, , , , , ,394564, , , ,1,1,0,0,0,0,0,0,0,0,0,0,0,0,0,0,0,0,0,0,0,0,0,0,0,0,0,0,0,0,0,0,0,0,0,0,0,40.0216,-75.0408, , 
 ,35777,2014039384,6,67,67301,2014,3,7,9999,99,1,1,0,1,1, , ,N,1,4,0,3,0,1,2,2,N, ,40 04:08.982,75 00:26.173,9999, ,9999, ,0, , , ,3, , , , , ,394627, , , ,2,2,0,0,0,0,0,0,0,0,0,1,1,0,0,0,0,1,0,0,0,0,0,0,0,0,0,0,0,0,0,0,0,0,0,4,0,40.0692,-75.0073, , 
 ,35778,2014058192,6,67,67301,2014,5,1,1539,15,1,1,0,1,1, , ,N,0,2,0,3,1,1,2,2,N,N,40 00:40.220,75 04:12.291,1539, ,1539, ,0, ,N,0,3, , , , , ,394636, , , ,2,1,1,0,0,0,0,0,0,0,0,0,1,1,0,0,0,0,0,0,0,0,0,0,0,0,0,0,1,0,0,0,0,0,0,1,0,40.0112,-75.0701,2, 
 ,35779,2014030285,6,67,67301,2014,2,2,910,9,1,4,1,1,1, , ,N,0,0,0,3,0,1,2,2,N, ,40 04:12.585,75 09:45.284,920, ,916,9,1,4, , ,0,N, , , , ,394688, , , ,2,2,0,0,0,0,0,0,0,0,0,1,1,0,0,0,0,0,0,0,0,0,0,0,0,0,0,0,0,0,0,0,0,0,0,4,0,40.0702,-75.1626, , 
 ,35780,2014035822,6,67,67301,2014,3,6,849,8,1,1,0,7,4, , ,N,0,0,0,3,0,1,1,1,N,N,39 56:51.708,75 08:31.856,849, ,849,2,2,1,N, ,0,N, , , , ,394697, , , ,1,0,0,0,0,0,1,0,0,0,0,0,1,1,0,0,0,0,0,0,1,0,0,0,0,0,0,0,0,0,0,0,0,0,0,8,0,39.9477,-75.1422, , 
 ,35781,2014030272,6,67,67301,2014,1,6,235,2,3,1,0,4,1, , ,N,1,2,0,3,0,0,2,3,N, ,39 57:36.745,75 11:27.211,245, ,240, ,0, , , ,3, , , , , ,394729, , , ,3,2,0,0,0,0,0,1,0,0,0,0,0,0,0,0,0,0,0,0,0,0,0,1,0,0,0,0,0,0,0,0,0,0,0,0,0,39.9602,-75.1909, , 
 ,35782,2014042611,6,67,67301,2014,3,4,1620,16,1,1,0,4,1, , ,N,1,3,0,3,0,1,2,2,N,N,40 00:32.490,75 06:46.166,2214, ,1620, ,0, ,N, ,3, , , , , ,394738, , , ,2,1,0,0,0,1,0,0,0,0,0,0,1,1,0,0,0,0,0,0,1,1,0,0,0,0,0,0,0,0,0,0,0,0,0,8,1,40.009,-75.1128, , 
 ,35783,2014042662,6,67,67301,2014,3,1,1502,15,1,2,1,1,1, , ,N,0,0,6,3,0,2,4,2,N,N,40 03:04.504,75 03:03.180,1520, ,1515,1,1,1,N, ,0,N, , , , ,394739, , , ,2,2,0,0,0,0,0,0,0,0,0,2,2,0,0,0,0,0,0,0,0,0,0,0,0,0,0,0,0,0,0,0,0,0,0,4,0,40.0513,-75.0509, , 
N,35784,2014045446,6,67,67301,2014,4,1,847,8,1,1,0,7,4,1,4,Y,0,0,0,3,0,0,1,1,N,N,39 53:56.936,75 10:28.683,852,45,848,2,1,2,Y, ,0,N,N,N,N,N,394742,N,N,Y,1,0,0,0,0,0,1,0,0,0,0,0,0,0,0,0,0,0,0,0,0,0,0,0,0,0,0,0,0,0,0,0,0,0,0,0,0,39.8991,-75.1746, , 
 ,35785,2014020685,6,67,67301,2014,2,5,1800,18,3,4,3,7,4, , ,N,0,0,2,3,0,0,1,1,N,N,40 00:08.522,75 04:42.877,1800, ,1800,2,1,2,N, ,0,N, , , , ,394771, , , ,1,0,0,0,1,0,0,0,0,0,0,0,0,0,0,0,0,0,0,0,0,0,0,0,0,0,0,0,0,0,0,0,0,0,0,0,0,40.0024,-75.0786, , 
 ,35786,2014025482,6,67,67301,2014,1,4,2040,20,2,1,0,8,1, , ,N,0,0,0,3,0,1,2,2,N,N,39 54:18.036,75 10:15.754,2040, ,2040, ,0, ,N, ,0, , , , , ,394816, , , ,1,1,0,0,0,0,0,0,0,0,0,0,1,1,0,0,0,0,0,0,0,0,0,0,0,0,0,0,0,0,0,0,1,0,0,8,0,39.905,-75.171, , 
 ,35787,2014034128,6,67,67301,2014,2,6,151,1,3,1,0,7,4, , ,N,0,0,0,3,0,1,1,1,N,N,39 58:13.220,75 13:00.703,210, ,208, ,0, ,N, ,0, , , , , ,394822, , , ,1,1,0,0,0,0,0,0,0,0,0,0,1,1,0,0,0,0,0,0,0,0,0,1,0,0,0,0,0,0,0,0,0,0,0,8,0,39.9703,-75.2169, , 
 ,35788,2015135904,6,67,67301,2015,12,4,120,1,3,2,1,7,4, , ,N,0,0,0,3,0,0,3,1,N,N,40 01:02.727,75 12:08.180,149, ,125,1,2,1,N, ,0,N, , , , ,381914, , , ,1,0,0,0,0,0,1,0,0,0,0,0,0,0,0,0,0,0,0,0,0,0,0,0,0,0,0,0,0,0,0,0,0,0,0,0,0,40.0174,-75.2023, , 
 ,35789,2016002364,6,67,67301,2015,12,7,1649,16,4,1,0,4,1, , ,N,1,2,0,3,0,0,2,2,N,N,40 02:39.450,75 03:14.767,1657, ,1649,1,1,3,N, ,3,N, , , , ,381916, , , ,2,2,0,0,0,0,0,0,0,0,0,0,0,0,0,0,0,0,0,0,0,0,0,0,0,0,0,0,0,0,0,0,0,0,0,0,0,40.0443,-75.0541, , 
 ,35790,2016002562,6,67,67301,2015,12,2,1750,17,3,1,0,5,6, , ,N,0,0,0,3,0,0,1,2,N,N,39 55:54.332,75 10:43.482,1752, ,1751, ,0, ,N, ,0, , , , , ,381953, , , ,2,2,0,0,0,0,0,0,0,0,0,0,0,0,0,0,0,0,0,0,0,0,0,0,0,0,0,0,0,0,0,0,0,0,0,0,0,39.9318,-75.1787, , 
 ,35791,2015135897,6,67,67301,2015,12,5,1705,17,3,1,0,4,1, , ,N,1,3,0,3,0,1,2,2,N,N,39 59:57.649,75 10:17.972,1712, ,1708, ,0, ,N, ,3, , , , , ,381968, , , ,2,1,0,0,1,0,0,0,0,0,0,1,1,0,0,0,0,0,0,0,1,0,0,0,0,0,0,0,0,0,0,0,0,0,0,4,0,39.9993,-75.1717, , 
 ,35792,2016007671,6,67,67301,2015,12,5,1038,10,1,2,1,5,1, , ,N,0,0,0,3,0,1,2,2,N,N,40 02:53.100,75 05:58.900,1045, ,1042, ,0, ,N, ,0, , , , , ,381974, , , ,2,1,0,0,0,0,1,0,0,0,0,0,1,1,0,0,0,0,0,0,1,0,0,0,0,0,0,0,0,0,0,0,0,0,0,8,0,40.0481,-75.0997, , 
 ,35793,2016008606,6,67,67301,2015,12,4,1518,15,1,1,0,4,1, , ,N,1,2,0,3,0,1,3,2,N, ,39 55:27.786,75 10:11.056,1520, ,1519, ,0, , , ,2, , , , , ,382002, , , ,2,0,0,0,1,0,1,0,0,0,0,0,1,1,0,0,0,0,0,0,0,1,0,0,0,0,0,0,0,0,0,0,0,0,0,8,0,39.9244,-75.1696, , 
 ,35794,2016013167,6,67,67301,2015,7,5,1320,13,1,1,0,1,1, , ,N,1,2,0,3,0,1,2,2,N,N,40 03:50.703,75 14:22.325,0, ,0, ,0, ,N, ,3, , , , , ,382003, , , ,2,2,0,0,0,0,0,0,0,0,1,0,1,0,0,0,0,0,0,0,0,0,0,0,0,0,0,0,0,0,0,0,0,0,0,3,0,40.0645,-75.2397, , 
 ,35795,2015112161,6,67,67301,2015,10,3,1349,13,1,1,1,8,1, , ,N,1,2,0,3,0,1,2,2,N,N,39 59:30.115,75 11:08.190,1358, ,1358, ,0, , , ,3, , , , , ,382024, , , ,1,0,0,0,0,0,1,0,0,0,1,0,1,0,0,0,0,0,0,0,0,0,0,0,0,0,0,0,0,0,0,0,1,0,0,3,0,39.9917,-75.1856, , 
 ,35796,2015112256,6,67,67301,2015,10,4,1620,16,1,1,0,1,1, , ,N,0,0,0,3,0,1,3,2,N,N,40 00:37.118,75 03:48.340,1654, ,1628, ,0, ,N, ,0, , , , , ,382025, , , ,2,1,0,0,0,0,1,0,0,0,0,1,1,0,0,0,0,0,0,0,1,0,0,2,0,0,0,0,0,0,0,0,0,0,0,4,0,40.0103,-75.0634, , 
 ,35797,2015131218,6,67,67301,2015,11,7,600,6,3,1,0,6,1, , ,N,0,0,0,3,0,1,3,2,N,N,40 01:24.673,75 02:10.815,615, ,611,9,1,2,N, ,0,N, , , , ,382038, , , ,2,2,0,0,0,0,0,0,0,0,0,1,1,0,0,0,0,1,0,0,0,0,0,0,0,0,0,0,0,0,0,0,0,0,0,4,0,40.0235,-75.0363, , 
 ,35798,2015131341,6,67,67301,2015,11,7,1005,10,1,1,0,4,1, , ,N,1,4,6,3,0,4,5,2,N,N,40 01:46.767,75 06:18.056,1022, ,1012,2,2,2,N, ,3,Y, , , , ,382039, , , ,2,1,0,0,0,0,0,1,0,0,0,0,4,4,0,0,0,0,0,0,0,1,0,0,0,0,0,0,0,0,0,0,0,0,0,8,0,40.0297,-75.105, , 
 ,35799,2015122810,6,67,67301,2015,11,7,1354,13,1,1,0,5,1, , ,N,0,8,3,3,0,0,4,2,N,N,39 54:36.900,75 09:26.837,1358, ,1356, ,0, ,N, ,3, , , , , ,382054, , , ,2,0,0,0,0,0,2,0,0,0,0,0,0,0,0,0,0,0,0,0,2,0,0,0,0,0,0,0,0,0,0,0,0,0,0,0,0,39.9103,-75.1575, , 
 ,35800,2015128691,6,67,67301,2015,11,1,1815,18,3,1,0,5,6, , ,N,0,0,0,3,0,1,4,2,N,N,39 56:52.455,75 13:25.144,1819, ,1818, ,0, ,N, ,0, , , , , ,382060, , , ,2,1,0,0,0,0,0,1,0,0,0,0,1,1,0,0,0,0,0,0,0,0,0,1,0,0,0,0,0,0,0,0,0,0,0,8,0,39.9479,-75.2237, , 
 ,35801,2016002352,6,67,67301,2015,12,1,1909,19,3,1,0,4,1, , ,N,1,2,0,3,0,0,3,3,N,N,39 58:52.935,75 08:33.241,1927, ,1924,2,2,1,N, ,3,Y, , , , ,382066, , , ,3,2,0,0,0,0,0,0,0,0,0,0,0,0,0,0,0,0,0,1,0,0,0,0,0,0,0,0,0,0,0,0,0,0,0,0,0,39.9814,-75.1426, , 
 ,35802,2015115005,6,67,67301,2015,10,4,1337,13,1,1,0,4,1, , ,N,5,2,8,3,0,1,5,2,N,N,39 57:28.586,75 09:50.892,1342, ,1339,3,1,3,N, ,3,N, , , , ,382072, , , ,2,1,0,0,0,0,1,0,0,0,1,0,1,0,0,0,0,0,0,0,0,0,0,0,0,0,0,0,0,0,0,0,0,0,0,3,0,39.9579,-75.1641, , 
 ,35803,2016015541,6,67,67301,2015,11,7,1800,18,3,1,0,4,1, , ,N,1,2,2,3,0,0,2,2,N,N,39 54:36.252,75 09:48.020,0, ,0, ,0, ,N, ,2, , , , , ,382089, , , ,2,2,0,0,0,0,0,0,0,0,0,0,0,0,0,0,0,0,0,0,0,0,0,0,0,0,0,0,0,0,0,0,0,0,0,0,0,39.9101,-75.1633, , 
 ,35804,2016025983,6,67,67301,2015,12,4,1830,18,3,2,1,4,1, , ,N,1,2,0,3,0,2,3,2,N, ,39 58:16.582,75 13:38.114,1951, ,1838, ,0, , , ,3, , , , , ,382090, , , ,2,0,0,0,0,0,2,0,0,0,0,0,2,2,0,0,0,0,0,0,1,0,0,0,0,0,0,0,0,0,0,0,0,0,0,8,0,39.9713,-75.2273, , 
 ,35805,2015121033,6,67,67301,2015,10,6,1225,12,1,1,0,7,5, , ,N,0,0,0,3,0,0,1,1,N, ,40 00:16.596,75 07:55.480,1236, ,1235, ,0, , , ,0, , , , , ,382093, , , ,1,0,0,0,0,0,1,0,0,0,0,0,0,0,0,0,0,0,0,0,0,0,0,0,0,0,0,0,0,0,0,0,0,0,0,0,0,40.0046,-75.1321, , 
 ,35806,2015128722,6,67,67301,2015,11,4,305,3,3,1,0,5,6, , ,N,0,0,0,3,0,0,2,2,N,N,39 56:21.408,75 09:51.022,310, ,307, ,0, , , ,0, , , , , ,384666, , , ,2,1,0,0,0,0,1,0,0,0,0,0,0,0,0,0,0,0,0,0,0,0,0,2,0,0,0,0,0,0,0,0,0,0,0,0,0,39.9393,-75.1642, , 
 ,35807,2015130241,6,67,67301,2015,11,5,1525,15,1,2,1,7,4, , ,N,0,0,0,3,0,1,1,1,N,N,40 01:39.597,75 11:27.821,1530, ,1526,9,1,2,N, ,0,N, , , , ,384667, , , ,1,1,0,0,0,0,0,0,0,0,0,1,1,0,0,0,0,0,0,0,0,0,0,0,0,0,0,0,0,0,0,0,0,0,0,4,0,40.0277,-75.1911, , 
 ,35808,2015131290,6,67,67301,2015,12,4,1500,15,1,2,1,4,1, , ,N,3,2,0,3,0,1,2,2,N,N,39 59:43.251,75 13:05.671,1650, ,1639, ,0, ,N, ,3, , , , , ,384668, , , ,2,0,0,0,0,0,2,0,0,0,0,0,1,1,0,0,0,0,0,0,0,0,1,0,0,0,0,0,0,0,0,0,0,0,0,8,0,39.9953,-75.2182, , 
 ,35809,2015130347,6,67,67301,2015,11,7,1725,17,3,1,0,1,1, , ,N,1,2,0,3,0,2,4,2,N,N,40 01:10.588,75 08:03.098,1730, ,1725, ,0, ,N, ,3, , , , , ,384697, , , ,2,1,0,1,0,0,0,0,0,0,0,2,2,0,0,0,0,0,0,0,1,0,0,1,0,0,0,0,0,0,0,0,0,0,0,4,1,40.0196,-75.1342, , 
 ,35810,2016007641,6,67,67301,2015,11,7,1705,17,3,1,1,5,1, , ,N,0,0,0,3,0,1,2,2,N,N,39 57:02.064,75 08:57.442,1710, ,1705, ,0, ,N, ,0, , , , , ,384702, , , ,1,0,0,1,0,0,0,0,1,0,0,1,1,0,0,0,0,0,0,0,0,0,0,0,0,0,0,0,0,0,0,0,0,0,0,4,1,39.9506,-75.1493, , 
 ,35811,2015128662,6,67,67301,2015,11,5,1637,16,1,1,1,8,1, , ,N,1,3,0,3,0,1,2,2,N, ,40 03:20.026,75 08:40.005,1642, ,1640, ,0, , , ,3, , , , , ,384710, , , ,1,0,0,0,0,0,0,0,0,0,0,1,1,0,0,0,0,0,0,0,0,0,0,0,0,0,0,0,0,0,0,0,1,0,0,4,0,40.0556,-75.1444, , 
 ,35812,2016002542,6,67,67301,2015,12,1,240,2,3,1,0,4,1, , ,N,5,2,0,3,0,1,2,2,N,N,39 56:53.405,75 13:16.524,305, ,300, ,0, ,N, ,3, , , , , ,384720, , , ,1,0,0,0,0,0,1,0,1,0,0,1,1,0,0,0,0,0,0,0,1,0,0,0,0,0,0,0,0,0,0,0,0,0,0,4,0,39.9482,-75.2212, , 