wz_ln_closure,objectid_1,crn,district,county,municipality,crash_year,crash_month,day_of_week,time_of_day,hour_of_day,illumination,weather,road_condition,collision_type,relation_to_road,work_zone_type,work_zone_loc,work_zone_ind,intersect_type,tcd_type,location_type,urban_rural,fatal_count,injury_count,person_count,total_units,sch_bus_ind,sch_zone_ind,latitude,longitude,arrival_tm,cons_zone_spd_lim,dispatch_tm,est_hrs_closed,lane_closed,ln_close_dir,ntfy_hiwy_maint,spec_juris_cd,tcd_func_cd,tfc_detour_ind,workers_pres,wz_close_detour,wz_flagger,wz_law_offcr_ind,objectid,wz_moving,wz_other,wz_shlder_mdn,vehicle_count,automobile_count,motorcycle_count,bus_count,small_truck_count,heavy_truck_count,suv_count,van_count,bicycle_count,maj_inj_count,mod_inj_count,min_inj_count,tot_inj_count,unk_inj_deg_count,unk_inj_per_count,driver_count_16yr,driver_count_17yr,driver_count_18yr,driver_count_19yr,driver_count_20yr,driver_count_50_64yr,driver_count_65_74yr,driver_count_75plus,unbelted_occ_count,unb_death_count,unb_maj_inj_count,belted_death_count,belted_maj_inj_count,mcycle_death_count,mcycle_maj_inj_count,bicycle_death_count,bicycle_maj_inj_count,ped_count,ped_death_count,ped_maj_inj_count,max_severity_level,comm_veh_count,dec_lat,dec_long,rdwy_surf_type_cd,county_name
 ,36145,2014049526,6,67,67301,2014,4,6,1643,16,1,1,0,4,1, , ,N,1,3,0,3,0,0,2,2,N,N,40 03:07.780,75 05:11.686,1649, ,1647, ,0, ,N, ,3, , , , , ,394018, , , ,2,1,0,0,1,0,0,0,0,0,0,0,0,0,0,0,0,0,0,0,0,0,0,0,0,0,0,0,0,0,0,0,0,0,0,0,0,40.0522,-75.0866, , 
 ,36146,2014049571,6,67,67301,2014,4,7,1215,12,1,1,0,4,1, , ,N,1,2,0,3,0,1,3,2,N,N,40 00:36.733,75 05:53.140,1359, ,1352, ,0, , , ,3, , , , , ,394019, , , ,2,1,0,0,0,0,1,0,0,0,0,1,1,0,0,0,0,0,0,0,1,0,0,0,0,0,0,0,0,0,0,0,0,0,0,4,0,40.0102,-75.0981, , 
 ,36147,2014028075,6,67,67301,2014,2,3,1310,13,1,1,3,4,1, , ,N,1,2,0,3,0,2,2,2,N,N,39 56:12.483,75 13:47.092,1313, ,1312, ,0, ,N, ,3, , , , , ,394041, , , ,2,1,0,0,0,0,1,0,0,0,0,1,2,1,0,0,0,0,0,0,0,1,0,0,0,0,0,0,0,0,0,0,0,0,0,4,0,39.9368,-75.2297, , 
N,36148,2014045609,6,67,67301,2014,4,3,1033,10,1,1,0,1,1,2,2,Y,0,0,0,3,0,1,2,2,N,N,39 54:45.318,75 08:55.094,1051,50,1035, ,0, ,N, ,0, ,Y,N,N,N,394058,N,Y,N,2,0,0,0,0,1,1,0,0,0,0,1,1,0,0,0,0,0,0,0,2,0,0,0,0,0,0,0,0,0,0,0,0,0,0,4,1,39.9126,-75.1486, , 
 ,36149,2014049797,6,67,67301,2014,4,6,1715,17,1,1,0,4,1, , ,N,2,3,0,3,0,0,3,2,N, ,39 57:58.118,75 14:55.593,9999, ,9999, ,0, , , ,3, , , , , ,394065, , , ,2,2,0,0,0,0,0,0,0,0,0,0,0,0,0,0,0,0,0,0,0,1,0,0,0,0,0,0,0,0,0,0,0,0,0,0,0,39.9661,-75.2488, , 
 ,36150,2014025525,6,67,67301,2014,1,4,9999,99,1,4,3,1,1, , ,N,1,2,0,3,0,1,4,3,N,N,40 02:28.908,75 01:41.719,1535, ,1530, ,0, , , ,3, , , , , ,394101, , , ,3,2,0,0,1,0,0,0,0,0,0,1,1,0,0,0,0,0,0,0,0,0,0,0,0,0,0,0,0,0,0,0,0,0,0,4,0,40.0414,-75.0283, , 
 ,36151,2016002452,6,67,67301,2015,12,4,1855,18,4,1,0,5,1, , ,N,10,2,0,3,0,1,5,3,N,N,39 57:09.313,75 09:54.932,1904, ,1900, ,0, ,N, ,3, , , , , ,382844, , , ,2,2,0,0,0,0,0,0,1,0,0,1,1,0,0,0,0,0,0,0,1,0,0,1,0,0,0,0,0,0,0,0,0,0,0,4,0,39.9526,-75.1653, , 
 ,36152,2016002973,6,67,67301,2015,12,4,25,0,3,1,1,7,2, , ,N,0,0,0,3,0,0,2,1,N,N,40 02:03.453,75 09:37.672,28, ,28, ,0, ,N, ,0, , , , , ,382845, , , ,1,1,0,0,0,0,0,0,0,0,0,0,0,0,0,0,0,0,0,0,0,0,0,2,0,0,0,0,0,0,0,0,0,0,0,0,0,40.0343,-75.1605, , 
 ,36153,2016026058,6,67,67301,2015,12,4,120,1,3,1,1,5,6, , ,N,0,0,0,3,0,0,1,2,N,N,39 58:19.893,75 13:33.518,126, ,126, ,0, ,N, ,0, , , , , ,382850, , , ,2,1,0,0,0,0,0,1,0,0,0,0,0,0,0,0,0,0,0,0,0,0,0,0,0,0,0,0,0,0,0,0,0,0,0,0,0,39.9722,-75.226, , 
 ,36154,2015115222,6,67,67301,2015,10,6,1555,15,1,1,0,1,1, , ,N,0,0,0,3,0,2,3,3,N,N,39 54:29.166,75 08:57.486,1613, ,1606, ,0, ,N, ,0, , , , , ,382854, , , ,3,3,0,0,0,0,0,0,0,0,0,0,2,2,0,0,0,0,1,0,0,0,0,0,0,0,0,0,0,0,0,0,0,0,0,8,0,39.9081,-75.1493, , 
 ,36155,2015127943,6,67,67301,2015,12,2,1655,16,3,1,0,1,1, , ,N,0,0,0,3,0,0,2,2,N,N,40 00:26.219,75 11:59.058,1655, ,1655, ,0, ,N, ,0, , , , , ,382858, , , ,2,1,0,0,0,0,1,0,0,0,0,0,0,0,0,0,0,0,0,0,0,1,0,0,0,0,0,0,0,0,0,0,0,0,0,0,0,40.0073,-75.1997, , 
 ,36156,2015128687,6,67,67301,2015,11,1,2017,20,3,1,0,4,1, , ,N,1,2,0,3,0,3,4,2,N,N,40 07:07.965,75 01:05.114,2023, ,2019,3,1,2,N, ,3,N, , , , ,382859, , , ,2,2,0,0,0,0,0,0,0,0,0,3,3,0,0,0,0,0,0,0,1,1,0,0,0,0,0,0,0,0,0,0,0,0,0,4,0,40.1189,-75.018, , 
 ,36157,2016002447,6,67,67301,2015,12,6,2120,21,3,1,0,4,1, , ,N,1,2,0,3,0,1,4,3,N,N,39 59:50.490,75 04:24.183,2122, ,2120, ,0, , , ,3, , , , , ,382864, , , ,3,0,0,1,0,0,2,0,0,0,0,1,1,0,1,0,0,0,0,0,0,0,0,0,0,0,0,0,0,0,0,0,0,0,0,4,1,39.9974,-75.0734, , 
 ,36158,2015121039,6,67,67301,2015,10,7,2036,20,3,1,0,4,1, , ,N,1,2,0,3,0,1,4,2,N,N,39 57:44.928,75 12:58.376,2045, ,2040, ,0, ,N, ,3, , , , , ,382868, , , ,2,1,0,0,0,0,1,0,0,0,0,0,1,1,0,0,0,0,0,0,1,0,0,0,0,0,0,0,0,0,0,0,0,0,0,8,0,39.9624,-75.2158, , 
 ,36159,2016001755,6,67,67301,2015,11,4,1957,19,3,1,0,4,1, , ,N,0,0,0,3,0,1,2,2,N,N,39 53:59.408,75 09:39.635,2000, ,1957,2,2,1,N, ,0,N, , , , ,382890, , , ,2,1,0,0,1,0,0,0,0,1,0,0,1,0,1,0,0,0,0,0,1,0,0,1,0,1,0,0,0,0,0,0,0,0,0,2,0,39.8998,-75.161, , 
 ,36160,2015130343,6,67,67301,2015,11,7,1801,18,2,1,0,1,1, , ,N,0,0,0,3,0,0,4,4,N, ,40 04:26.776,75 01:00.167,1810, ,1806,9,1,3, , ,0,N, , , , ,382913, , , ,4,1,0,0,2,0,1,0,0,0,0,0,0,0,4,0,0,0,0,0,1,0,1,0,0,0,0,0,0,0,0,0,0,0,0,9,0,40.0741,-75.0167, , 
 ,36161,2016007492,6,67,67301,2015,12,6,410,4,3,5,1,1,6, , ,N,0,0,0,3,0,0,1,2,N, ,39 59:42.223,75 13:56.121,430, ,410, ,0, , , ,0, , , , , ,382917, , , ,2,1,0,0,1,0,0,0,0,0,0,0,0,0,0,0,0,0,0,0,0,0,0,0,0,0,0,0,0,0,0,0,0,0,0,0,0,39.9951,-75.2323, , 
 ,36162,2015112142,6,67,67301,2015,10,1,2310,23,3,1,0,5,6, , ,N,0,0,0,3,0,0,1,2,N,N,39 59:16.998,75 07:09.976,148, ,148, ,0, ,N, ,0, , , , , ,382925, , , ,2,2,0,0,0,0,0,0,0,0,0,0,0,0,1,0,0,0,0,0,0,0,0,0,0,0,0,0,0,0,0,0,0,0,0,9,0,39.9881,-75.1194, , 
 ,36163,2015114611,6,67,67301,2015,10,6,815,8,1,1,0,4,1, , ,N,1,3,0,3,0,2,2,3,N,N,40 03:41.403,75 09:44.765,843, ,821, ,0, ,N, ,3, , , , , ,382931, , , ,3,2,0,0,0,0,1,0,0,0,1,1,2,0,0,0,0,0,0,0,0,1,0,0,0,0,0,0,0,0,0,0,0,0,0,3,0,40.0615,-75.1624, , 
 ,36164,2016007678,6,67,67301,2015,12,6,1500,15,1,2,1,4,1, , ,N,5,0,0,3,0,3,6,2,N,N,40 01:52.968,75 05:05.317,1509, ,1504,1,1,1,N, ,0,N, , , , ,382957, , , ,2,1,0,0,0,0,0,1,0,0,0,3,3,0,0,0,0,0,0,0,0,0,0,0,0,0,0,0,0,0,0,0,0,0,0,4,0,40.0314,-75.0848, , 
 ,36165,2016012461,6,67,67301,2015,12,4,1046,10,1,2,1,8,1, , ,N,1,2,0,3,0,1,2,2,N,N,39 55:25.207,75 10:46.849,1340, ,1330, ,0, ,N, ,9, , , , , ,382958, , , ,1,1,0,0,0,0,0,0,0,0,0,1,1,0,0,0,0,0,0,0,1,0,0,0,0,0,0,0,0,0,0,0,1,0,0,4,0,39.9237,-75.1797, , 
 ,36166,2015115036,6,67,67301,2015,10,5,1210,12,1,1,0,4,1, , ,N,1,2,0,3,0,0,2,2,N, ,40 05:15.133,74 58:16.083,1210, ,1210, ,0, , , ,3, , , , , ,382980, , , ,2,2,0,0,0,0,0,0,0,0,0,0,0,0,0,0,0,0,0,0,0,0,0,0,0,0,0,0,0,0,0,0,0,0,0,0,0,40.0875,-74.9711, , 
 ,36167,2015120495,6,67,67301,2015,10,5,2124,21,3,1,0,8,1, , ,N,1,2,0,3,0,1,2,2,N, ,39 57:10.335,75 12:43.862,2125, ,2124,1,1,3, , ,3,Y, , , , ,383008, , , ,1,0,0,0,0,0,0,1,0,0,0,1,1,0,0,0,0,0,0,0,1,0,0,1,0,0,0,0,0,0,0,0,1,0,0,4,0,39.9529,-75.2122, , 
 ,36168,2016013240,6,67,67301,2015,10,6,830,8,1,1,0,4,1, , ,N,2,2,0,3,0,2,3,2,N,N,39 58:26.341,75 07:21.503,0, ,0, ,0, ,N, ,3, , , , , ,383025, , , ,2,0,0,0,0,0,0,0,0,0,2,0,2,0,1,0,0,0,0,0,0,0,0,0,0,0,0,0,0,0,0,0,0,0,0,3,0,39.974,-75.1226, , 
 ,36169,2014054502,6,67,67301,2014,4,7,345,3,3,1,0,7,4, , ,N,0,0,0,3,0,0,2,1,N,N,40 02:14.386,75 12:49.583,358, ,345, ,0, ,N, ,0, , , , , ,386124, , , ,1,1,0,0,0,0,0,0,0,0,0,0,0,0,0,0,0,0,0,0,0,0,0,0,0,0,0,0,0,0,0,0,0,0,0,0,0,40.0373,-75.2138, , 
 ,36170,2014032374,6,67,67301,2014,2,5,1005,10,1,1,0,6,6, , ,N,0,0,0,3,0,1,2,2,N,N,40 00:08.549,75 06:36.012,1032, ,1030, ,0, ,N, ,0, , , , , ,386155, , , ,2,0,0,0,1,1,0,0,0,0,0,0,1,1,0,0,0,0,0,0,0,0,0,0,0,0,0,0,0,0,0,0,0,0,0,8,1,40.0024,-75.11, , 
 ,36171,2014032442,6,67,67301,2014,2,5,1529,15,1,8,4,4,1, , ,N,1,3,0,3,0,1,3,2,N, ,40 04:17.724,74 59:15.885,1544, ,1542, ,0, , , ,3, , , , , ,386156, , , ,2,2,0,0,0,0,0,0,0,0,0,0,1,1,0,0,0,0,0,0,2,0,0,0,0,0,0,0,0,0,0,0,0,0,0,8,0,40.0716,-74.9877, , 
 ,36172,2014049535,6,67,67301,2014,4,7,430,4,5,2,1,7,3, , ,N,0,0,0,3,0,2,2,1,N,N,40 03:02.844,75 03:05.272,440, ,430, ,0, ,N, ,0, , , , , ,386170, , , ,1,1,0,0,0,0,0,0,0,0,0,2,2,0,0,0,0,0,0,0,0,0,0,0,0,0,0,0,0,0,0,0,0,0,0,4,0,40.0508,-75.0515, , 
 ,36173,2014025430,6,67,67301,2014,1,7,1535,15,1,4,3,7,4, , ,N,0,0,0,3,0,0,1,1,N, ,39 58:29.049,75 09:57.007,1552, ,1551,3,2,7, , ,0,Y, , , , ,386202, , , ,1,1,0,0,0,0,0,0,0,0,0,0,0,0,0,0,0,0,0,0,0,0,0,0,0,0,0,0,0,0,0,0,0,0,0,0,0,39.9747,-75.1658, , 
 ,36174,2014030274,6,67,67301,2014,2,2,310,3,3,1,0,7,5, , ,N,1,2,0,3,0,1,2,2,N,N,39 54:45.057,75 08:17.157,335, ,315, ,0, ,N, ,3, , , , , ,386208, , , ,1,1,0,0,0,0,0,0,0,0,0,1,1,0,0,0,0,0,0,0,0,0,0,0,0,0,0,0,0,0,0,0,0,0,0,4,0,39.9125,-75.1381, , 
 ,36175,2014044277,6,67,67301,2014,4,6,2053,20,3,2,1,7,2, , ,N,0,0,0,3,0,0,1,1,N,N,39 56:39.999,75 11:30.074,2057, ,2053, ,0, ,N, ,0, , , , , ,386222, , , ,1,1,0,0,0,0,0,0,0,0,0,0,0,0,0,0,0,0,0,0,0,0,0,0,0,0,0,0,0,0,0,0,0,0,0,0,0,39.9444,-75.1917, , 
 ,36176,2014044618,6,67,67301,2014,3,2,645,6,1,1,0,4,1, , ,N,1,2,0,3,0,0,2,3,N,N,39 55:12.734,75 13:48.680,702, ,701, ,0, ,N, ,3, , , , , ,386223, , , ,2,1,0,0,0,0,1,0,0,0,0,0,0,0,0,0,0,0,0,1,0,0,0,0,0,0,0,0,0,0,0,0,0,0,0,0,0,39.9202,-75.2302, , 
 ,36177,2014024763,6,67,67301,2014,2,7,223,2,3,1,0,7,4, , ,N,0,0,0,3,0,1,2,1,N,N,39 56:06.131,75 11:59.286,243, ,226,1,1,4,N, ,0,N, , , , ,386245, , , ,1,1,0,0,0,0,0,0,0,0,0,1,1,0,0,0,0,0,0,0,0,0,0,2,0,0,0,0,0,0,0,0,0,0,0,4,0,39.935,-75.1998, , 
 ,36178,2014034614,6,67,67301,2014,3,2,431,4,3,4,3,7,2, , ,N,0,0,0,3,0,1,2,2,N,N,39 53:23.688,75 12:03.725,458, ,432,2,2,2,N, ,0,N, , , , ,386250, , , ,2,1,0,0,0,1,0,0,0,0,0,0,1,1,0,0,0,0,0,0,0,0,0,0,0,0,0,0,0,0,0,0,0,0,0,8,1,39.8899,-75.201, , 
 ,36179,2014039002,6,67,67301,2014,3,4,1735,17,1,1,0,6,1, , ,N,0,0,0,3,0,2,2,2,N,N,39 59:36.054,75 11:09.607,1737, ,1735, ,0, ,N, ,0, , , , , ,386254, , , ,2,1,0,0,0,0,0,1,0,0,0,2,2,0,0,0,0,0,0,0,2,0,0,0,0,0,0,0,0,0,0,0,0,0,0,4,0,39.9933,-75.186, , 
 ,36180,2014040418,6,67,67301,2014,3,1,1844,18,3,1,0,4,1, , ,N,1,2,0,3,0,3,5,2,N,N,40 01:48.978,75 03:51.736,1930, ,1924,3,1,5,N, ,3,N, , , , ,386259, , , ,2,1,0,0,0,0,0,1,0,0,0,0,3,3,0,0,0,0,0,0,0,0,0,0,0,0,0,0,0,0,0,0,0,0,0,8,0,40.0303,-75.0644, , 
 ,36181,2014024885,6,67,67301,2014,2,4,1201,12,1,1,0,4,1, , ,N,5,2,2,3,0,3,17,2,N,N,39 57:26.413,75 09:08.132,1220, ,1205,2,2,2,N, ,3,Y, , , , ,386286, , , ,2,1,0,1,0,0,0,0,0,0,0,3,3,0,0,0,0,0,0,0,1,0,0,0,0,0,0,0,0,0,0,0,0,0,0,4,1,39.9573,-75.1523, , 
 ,36182,2014033957,6,67,67301,2014,3,7,1536,15,1,1,0,1,1, , ,N,0,0,0,3,0,2,6,4,N,N,40 01:24.203,75 02:04.036,1554, ,1538, ,0, ,N, ,0, , , , , ,386298, , , ,4,1,0,0,0,0,2,1,0,0,0,0,2,2,0,0,0,0,0,0,2,0,0,0,0,0,0,0,0,0,0,0,0,0,0,8,0,40.0234,-75.0345, , 
 ,36183,2014034212,6,67,67301,2014,2,3,1243,12,1,1,0,4,1, , ,N,1,2,0,3,0,1,2,2,N, ,40 03:41.982,74 59:18.334,1250, ,1244, ,0, , , ,3, , , , , ,386299, , , ,2,1,0,0,0,0,0,1,0,0,0,0,1,1,0,0,0,0,0,0,1,0,0,0,0,0,0,0,0,0,0,0,0,0,0,8,0,40.0616,-74.9884, , 
 ,36184,2014034252,6,67,67301,2014,2,5,1457,14,1,1,0,5,1, , ,N,1,3,0,3,0,1,3,3,N,N,40 01:13.458,75 08:24.453,1515, ,1507, ,0, ,N, ,3, , , , , ,386300, , , ,3,1,0,0,0,1,0,1,0,0,0,0,1,1,2,0,0,0,0,0,1,0,0,0,0,0,0,0,0,0,0,0,0,0,0,8,1,40.0204,-75.1401, , 
 ,36185,2014038979,6,67,67301,2014,3,4,2030,20,3,2,1,4,1, , ,N,1,3,0,3,0,2,6,2,N,N,39 59:44.750,75 10:51.931,2053, ,2050, ,0, ,N, ,3, , , , , ,386305, , , ,2,1,0,0,0,0,1,0,0,0,0,0,2,2,0,0,0,0,0,0,0,0,0,0,0,0,0,0,0,0,0,0,0,0,0,8,0,39.9958,-75.1811, , 
 ,36186,2014049780,6,67,67301,2014,4,7,2045,20,3,1,0,8,1, , ,N,1,2,0,3,0,1,2,2,N,N,40 02:20.299,75 09:00.122,2100, ,2051, ,0, ,N, ,3, , , , , ,386314, , , ,1,1,0,0,0,0,0,0,0,0,1,0,1,0,1,0,0,0,0,0,0,0,0,0,0,0,0,0,0,0,0,0,1,0,0,3,0,40.039,-75.15, , 
 ,36187,2014049450,6,67,67301,2014,4,4,1345,13,1,1,0,4,1, , ,N,1,2,0,3,0,0,2,3,N,N,40 00:20.425,75 06:03.822,1418, ,1417, ,0, ,N, ,3, , , , , ,390691, , , ,3,1,0,0,1,0,1,0,0,0,0,0,0,0,0,0,0,0,0,0,0,1,0,0,0,0,0,0,0,0,0,0,0,0,0,0,0,40.0057,-75.1011, , 
 ,36188,2014049643,6,67,67301,2014,4,7,1700,17,1,1,0,4,1, , ,N,1,2,0,3,0,2,3,2,N,N,40 02:58.768,75 09:37.864,9999, ,1714, ,0, ,N, ,3, , , , , ,390692, , , ,2,1,0,0,0,0,1,0,0,0,2,0,2,0,1,0,0,0,0,0,0,1,0,0,0,0,0,0,0,0,0,0,0,0,0,3,0,40.0497,-75.1605, , 
 ,36189,2014049729,6,67,67301,2014,4,7,530,5,1,1,0,4,1, , ,N,3,0,0,3,0,1,2,2,N,N,40 03:21.661,75 09:30.110,735, ,545, ,0, ,N, ,0, , , , , ,390693, , , ,2,2,0,0,0,0,0,0,0,0,0,1,1,0,0,0,0,0,0,0,1,0,0,0,0,0,0,0,0,0,0,0,0,0,0,4,0,40.056,-75.1584, , 
 ,36190,2014020679,6,67,67301,2014,2,7,1255,12,1,1,0,1,1, , ,N,0,0,0,3,0,1,3,2,N,N,39 59:44.515,75 11:50.368,1307, ,1256,2,2,4,N, ,0,N, , , , ,390707, , , ,2,2,0,0,0,0,0,0,0,0,1,0,1,0,0,0,0,0,0,1,0,0,0,0,0,0,0,0,0,0,0,0,0,0,0,3,0,39.9957,-75.1973, , 
 ,36191,2014029613,6,67,67301,2014,3,3,1400,14,1,1,0,1,1, , ,N,0,0,0,3,0,1,2,2,N,N,40 01:16.120,75 08:26.004,1415, ,1401,2,1,2,N, ,0,N, , , , ,390717, , , ,2,1,0,0,0,1,0,0,0,0,1,0,1,0,0,0,0,0,0,0,0,0,0,1,0,0,0,0,0,0,0,0,0,0,0,3,1,40.0211,-75.1406, , 
 ,36192,2014029904,6,67,67301,2014,2,2,550,5,1,4,3,6,1, , ,N,0,0,0,3,0,0,2,2,N,N,40 02:52.422,75 10:48.629,625, ,620,2,2,3,N, ,0,Y, , , , ,390718, , , ,2,1,0,0,0,0,0,1,0,0,0,0,0,0,0,0,0,0,0,0,0,0,0,0,0,0,0,0,0,0,0,0,0,0,0,0,0,40.0479,-75.1802, , 
 ,36193,2014054521,6,67,67301,2014,4,5,1500,15,1,1,0,4,1, , ,N,1,2,0,3,0,1,3,2,N,N,40 00:43.064,75 10:33.675,1625, ,1615, ,0, ,N, ,3, , , , , ,390736, , , ,2,2,0,0,0,0,0,0,0,0,0,1,1,0,0,0,0,0,0,0,0,0,0,0,0,0,0,0,0,0,0,0,0,0,0,4,0,40.012,-75.176, , 
 ,36194,2014059017,6,67,67301,2014,5,4,1825,18,1,1,0,5,1, , ,N,0,0,0,3,0,1,2,2,N,N,39 57:09.526,75 09:25.965,1833, ,1830, ,0, ,N, ,0, , , , , ,390741, , , ,1,1,0,0,0,0,0,0,1,0,0,1,1,0,0,0,0,0,0,0,0,0,0,0,0,0,0,0,0,0,0,0,0,0,0,4,0,39.9526,-75.1572, , 
 ,36195,2014013023,6,67,67301,2014,1,7,2107,21,2,4,4,7,3, , ,N,0,0,0,3,0,0,1,1,N,N,40 04:22.545,75 02:11.184,2110, ,2107,1,1,2,N, ,0,N, , , , ,390757, , , ,1,0,0,0,0,0,1,0,0,0,0,0,0,0,0,0,0,0,0,0,0,1,0,0,0,0,0,0,0,0,0,0,0,0,0,0,0,40.0729,-75.0364, , 
 ,36196,2014042714,6,67,67301,2014,3,2,1300,13,1,1,0,4,1, , ,N,1,3,0,3,0,2,3,2,N,N,39 59:23.884,75 08:11.425,1900, ,9999, ,0, ,N, ,3, , , , , ,390780, , , ,2,1,0,0,0,0,1,0,0,0,0,2,2,0,0,0,0,0,0,0,0,0,0,0,0,0,0,0,0,0,0,0,0,0,0,4,0,39.99,-75.1365, , 
 ,36197,2014049439,6,67,67301,2014,2,1,1250,12,1,1,0,1,1, , ,N,1,1,0,3,0,3,5,4,N,N,40 01:25.513,75 09:34.095,1305, ,1257,9,2,7,N, ,3,Y, , , , ,390785, , , ,4,3,0,0,0,0,1,0,0,0,1,2,3,0,0,0,0,0,0,0,0,0,1,0,0,0,0,0,0,0,0,0,0,0,0,3,0,40.0238,-75.1595, , 
 ,36198,2014043032,6,67,67301,2014,3,1,226,2,3,1,0,7,3, , ,N,1,2,0,3,0,0,1,1,N, ,40 00:35.379,75 09:03.622,245, ,243,1,1,2, , ,3,N, , , , ,390830, , , ,1,1,0,0,0,0,0,0,0,0,0,0,0,0,0,0,0,0,0,0,0,0,0,0,0,0,0,0,0,0,0,0,0,0,0,0,0,40.0098,-75.151, , 
 ,36199,2014049718,6,67,67301,2014,4,7,115,1,3,1,1,4,1, , ,N,1,2,0,3,0,0,10,3,N,N,39 58:13.489,75 08:47.550,130, ,126, ,0, ,N, ,3, , , , , ,390834, , , ,3,3,0,0,0,0,0,0,0,0,0,0,0,0,2,0,0,0,0,0,0,0,0,0,0,0,0,0,0,0,0,0,0,0,0,9,0,39.9703,-75.1466, , 
 ,36200,2014061080,6,67,67301,2014,5,6,800,8,1,1,0,4,1, , ,N,1,2,0,3,0,1,4,2,N,N,39 56:52.684,75 10:21.874,814, ,809, ,0, ,N, ,3, , , , , ,390839, , , ,2,2,0,0,0,0,0,0,0,0,0,1,1,0,0,0,0,0,0,1,0,0,0,0,0,0,0,0,0,0,0,0,0,0,0,4,0,39.948,-75.1727, , 
 ,36201,2014034246,6,67,67301,2014,2,4,2040,20,3,1,0,1,1, , ,N,0,2,0,3,0,1,3,3,N,N,40 00:05.700,75 06:14.800,2100, ,2055, ,0, ,N, ,3, , , , , ,390865, , , ,3,1,0,0,0,0,1,1,0,0,0,0,1,1,2,0,0,0,0,0,0,0,0,1,0,0,0,0,0,0,0,0,0,0,0,8,0,40.0016,-75.1041, , 
 ,36202,2014039348,6,67,67301,2014,3,5,1450,14,1,1,0,5,1, , ,N,0,0,0,3,0,1,2,2,N,N,39 57:29.066,75 09:01.738,1505, ,1500, ,0, , , ,0, , , , , ,390869, , , ,2,0,0,0,0,0,1,1,0,0,1,0,1,0,0,0,0,0,0,0,0,0,0,0,0,0,0,0,0,0,0,0,0,0,0,3,0,39.9581,-75.1505, , 
 ,36203,2014049445,6,67,67301,2014,4,7,1310,13,1,1,0,4,1, , ,N,0,0,7,3,0,1,2,2,N,N,40 06:46.411,74 58:08.189,1320, ,1315, ,0, ,N, ,0, , , , , ,390879, , , ,2,1,0,0,0,0,1,0,0,0,0,0,1,1,1,0,0,0,0,0,1,0,0,0,0,0,0,0,0,0,0,0,0,0,0,8,0,40.1129,-74.9689, , 
 ,36204,2014059085,6,67,67301,2014,5,2,1545,15,1,1,0,4,1, , ,N,1,3,0,3,0,1,2,3,N,N,39 58:12.043,75 09:32.061,1549, ,1546, ,0, ,N, ,3, , , , , ,390888, , , ,3,0,0,0,1,0,2,0,0,0,0,1,1,0,0,0,0,0,0,0,0,0,0,0,0,0,0,0,0,0,0,0,0,0,0,4,0,39.97,-75.1589, , 
 ,36205,2014029865,6,67,67301,2014,1,3,9999,99,4,1,0,6,1, , ,N,1,2,0,3,0,3,4,2,N,N,39 59:17.883,75 15:14.303,9999, ,9999, ,0, ,N, ,3, , , , , ,393045, , , ,2,1,0,0,0,0,1,0,0,0,0,3,3,0,0,0,0,0,0,0,0,1,0,0,0,0,0,0,0,0,0,0,0,0,0,4,0,39.9883,-75.254, , 
 ,36206,2014043183,6,67,67301,2014,4,4,726,7,1,1,0,1,1, , ,N,0,0,0,3,0,1,2,2,N,N,40 00:05.200,75 04:43.531,750, ,728, ,0, ,N, ,0, , , , , ,393053, , , ,2,2,0,0,0,0,0,0,0,0,0,1,1,0,0,0,0,0,0,0,0,0,0,0,0,0,0,0,0,0,0,0,0,0,0,4,0,40.0014,-75.0788, , 
 ,36207,2014044623,6,67,67301,2014,4,4,9999,99,1,1,0,3,1, , ,N,0,0,0,3,0,2,3,2,N,N,39 57:18.078,75 08:21.218,1425, ,1425, ,0, , , ,0, , , , , ,393056, , , ,2,2,0,0,0,0,0,0,0,0,0,2,2,0,1,0,0,0,0,0,0,0,0,0,0,0,0,0,0,0,0,0,0,0,0,4,0,39.955,-75.1392, , 
 ,36208,2014049459,6,67,67301,2014,4,5,1834,18,1,1,0,8,1, , ,N,2,2,0,3,0,1,2,2,N,N,39 56:46.736,75 14:16.867,1837, ,1834, ,0, , , ,3, , , , , ,393104, , , ,1,1,0,0,0,0,0,0,0,0,0,0,1,1,0,0,0,0,0,0,0,0,0,0,0,0,0,0,0,0,0,0,1,0,0,8,0,39.9463,-75.238, , 
 ,36209,2014052547,6,67,67301,2014,5,7,131,1,3,1,0,4,1, , ,N,1,2,0,3,0,0,3,2,N,N,40 02:02.361,75 04:27.863,134, ,132,2,2,7,N, ,3,Y, , , , ,393108, , , ,2,2,0,0,0,0,0,0,0,0,0,0,0,0,0,0,0,0,0,0,0,0,0,0,0,0,0,0,0,0,0,0,0,0,0,0,0,40.034,-75.0744, , 
 ,36210,2014016172,6,67,67301,2014,1,2,650,6,6,1,0,5,1, , ,N,0,0,0,3,0,1,2,2,N,N,39 56:46.323,75 08:47.649,659, ,654, ,0, ,N, ,0, , , , , ,393130, , , ,1,0,0,0,0,0,1,0,1,0,1,0,1,0,0,0,0,0,0,0,0,0,0,0,0,0,0,0,0,0,0,0,0,0,0,3,0,39.9462,-75.1466, , 
 ,36211,2014016471,6,67,67301,2014,1,1,3,0,3,4,1,9,2, , ,N,6,0,2,3,0,1,1,1,N,N,39 58:54.695,75 06:05.853,21, ,4, ,0, ,N, ,0, , , , , ,393168, , , ,1,1,0,0,0,0,0,0,0,0,0,1,1,0,0,0,0,0,0,0,0,0,0,0,0,0,0,0,0,0,0,0,0,0,0,4,0,39.9819,-75.1016, , 