wz_ln_closure,objectid_1,crn,district,county,municipality,crash_year,crash_month,day_of_week,time_of_day,hour_of_day,illumination,weather,road_condition,collision_type,relation_to_road,work_zone_type,work_zone_loc,work_zone_ind,intersect_type,tcd_type,location_type,urban_rural,fatal_count,injury_count,person_count,total_units,sch_bus_ind,sch_zone_ind,latitude,longitude,arrival_tm,cons_zone_spd_lim,dispatch_tm,est_hrs_closed,lane_closed,ln_close_dir,ntfy_hiwy_maint,spec_juris_cd,tcd_func_cd,tfc_detour_ind,workers_pres,wz_close_detour,wz_flagger,wz_law_offcr_ind,objectid,wz_moving,wz_other,wz_shlder_mdn,vehicle_count,automobile_count,motorcycle_count,bus_count,small_truck_count,heavy_truck_count,suv_count,van_count,bicycle_count,maj_inj_count,mod_inj_count,min_inj_count,tot_inj_count,unk_inj_deg_count,unk_inj_per_count,driver_count_16yr,driver_count_17yr,driver_count_18yr,driver_count_19yr,driver_count_20yr,driver_count_50_64yr,driver_count_65_74yr,driver_count_75plus,unbelted_occ_count,unb_death_count,unb_maj_inj_count,belted_death_count,belted_maj_inj_count,mcycle_death_count,mcycle_maj_inj_count,bicycle_death_count,bicycle_maj_inj_count,ped_count,ped_death_count,ped_maj_inj_count,max_severity_level,comm_veh_count,dec_lat,dec_long,rdwy_surf_type_cd,county_name
 ,36345,2014044597,6,67,67301,2014,3,1,1245,12,1,1,0,4,1, , ,N,1,2,0,3,0,0,2,2,N, ,39 57:27.036,75 13:02.383,1255, ,1245, ,0, , , ,3, , , , , ,391363, , , ,2,1,0,0,0,0,0,1,0,0,0,0,0,0,0,0,0,0,0,0,0,1,0,0,0,0,0,0,0,0,0,0,0,0,0,0,0,39.9575,-75.2173, , 
 ,36346,2014049639,6,67,67301,2014,4,7,147,1,3,1,0,7,4, , ,N,0,0,0,3,0,0,1,1,N,N,39 55:02.740,75 13:28.693,204, ,203, ,0, ,N, ,0, , , , , ,391367, , , ,1,1,0,0,0,0,0,0,0,0,0,0,0,0,0,0,0,0,0,0,1,0,0,0,0,0,0,0,0,0,0,0,0,0,0,0,0,39.9174,-75.2246, , 
 ,36347,2014032460,6,67,67301,2014,2,1,1710,17,1,8,5,4,1, , ,N,1,0,0,3,0,1,3,2,N, ,40 01:16.921,75 08:54.965,1720, ,1716, ,0, , , ,0, , , , , ,391400, , , ,2,1,0,0,0,0,1,0,0,0,0,1,1,0,0,0,0,0,0,1,0,0,0,0,0,0,0,0,0,0,0,0,0,0,0,4,0,40.0214,-75.1485, , 
 ,36348,2014039016,6,67,67301,2014,3,7,1529,15,1,1,0,4,1, , ,N,0,0,7,3,0,1,2,2,N,N,40 00:26.047,75 11:21.338,1600, ,1555, ,0, , , ,0, , , , , ,391405, , , ,1,1,0,0,0,0,0,0,1,0,0,1,1,0,0,0,0,0,0,0,0,0,0,0,0,0,0,0,0,0,0,0,0,0,0,4,0,40.0072,-75.1893, , 
 ,36349,2014054536,6,67,67301,2014,4,1,558,5,1,1,0,4,1, , ,N,1,2,0,3,0,1,2,3,N,N,39 59:54.633,75 07:45.412,600, ,600, ,0, ,N, ,3, , , , , ,391420, , , ,3,3,0,0,0,0,0,0,0,0,1,0,1,0,1,0,0,0,0,0,0,1,0,0,0,0,0,0,0,0,0,0,0,0,0,3,0,39.9985,-75.1293, , 
 ,36350,2014025142,6,67,67301,2014,2,4,850,8,1,4,4,7,1, , ,N,2,3,0,3,0,1,1,1,N,N,40 05:28.303,74 58:35.579,930, ,850,4,2,4,N, ,3,Y, , , , ,391431, , , ,1,0,0,0,0,1,0,0,0,0,1,0,1,0,0,0,0,0,0,0,0,0,0,0,0,0,0,0,0,0,0,0,0,0,0,3,1,40.0912,-74.9765, , 
 ,36351,2014025863,6,67,67301,2014,1,4,1500,15,1,1,0,1,1, , ,N,0,0,0,3,0,1,2,2,N, ,40 05:17.094,74 58:24.053,1530, ,1525, ,0, , , ,0, , , , , ,394102, , , ,2,2,0,0,0,0,0,0,0,0,1,0,1,0,0,0,0,0,0,0,0,0,0,0,0,0,0,0,0,0,0,0,0,0,0,3,0,40.0881,-74.9733, , 
 ,36352,2014043093,6,67,67301,2014,3,6,800,8,1,2,1,1,1, , ,N,2,3,0,3,0,1,2,2,N,N,39 55:37.984,75 13:45.926,845, ,840, ,0, ,N, ,3, , , , , ,394125, , , ,2,1,0,0,0,0,0,1,0,0,0,1,1,0,0,0,0,0,0,0,0,0,0,0,0,0,0,0,0,0,0,0,0,0,0,4,0,39.9272,-75.2294, , 
N,36353,2014049953,6,67,67301,2014,5,3,545,5,1,1,0,5,1,1,4,Y,0,0,0,3,0,0,2,2,N,N,40 01:44.921,75 01:22.157,618,45,547, ,0, ,N, ,0, ,Y,N,N,N,394172,N,N,Y,2,1,0,0,0,1,0,0,0,0,0,0,0,0,0,0,0,0,0,0,2,0,0,0,0,0,0,0,0,0,0,0,0,0,0,0,1,40.0291,-75.0228, , 
 ,36354,2014002413,6,67,67301,2014,1,6,1115,11,1,1,4,5,1, , ,N,0,0,0,3,0,0,2,2,N,N,39 58:09.944,75 07:35.676,1120, ,1115,1,1,1,N, ,0,N, , , , ,394176, , , ,2,1,0,0,1,0,0,0,0,0,0,0,0,0,0,0,0,0,0,0,0,0,0,0,0,0,0,0,0,0,0,0,0,0,0,0,0,39.9694,-75.1267, , 
 ,36355,2014038876,6,67,67301,2014,3,5,820,8,1,1,0,1,1, , ,N,1,2,0,3,0,1,2,2,N,N,40 02:14.748,75 10:54.526,842, ,826, ,0, ,N, ,3, , , , , ,394206, , , ,2,2,0,0,0,0,0,0,0,0,0,1,1,0,0,0,0,0,0,0,0,0,0,0,0,0,0,0,0,0,0,0,0,0,0,4,0,40.0374,-75.1818, , 
 ,36356,2014059092,6,67,67301,2014,5,4,2040,20,3,2,1,6,1, , ,N,0,0,0,3,0,1,3,2,N,N,40 02:00.391,75 10:37.488,2044, ,2042, ,0, ,N, ,0, , , , , ,394219, , , ,2,2,0,0,0,0,0,0,0,0,0,0,1,1,1,0,0,0,0,0,0,0,0,0,0,0,0,0,0,0,0,0,0,0,0,8,0,40.0334,-75.1771, , 
 ,36357,2014025413,6,67,67301,2014,1,5,2310,23,3,1,0,5,6, , ,N,0,0,0,3,0,1,1,3,N,N,40 02:20.416,75 08:17.914,2320, ,2315, ,0, ,N, ,0, , , , , ,394241, , , ,3,1,0,0,0,0,2,0,0,0,0,0,1,1,0,0,0,0,0,0,1,0,0,0,0,0,0,0,0,0,0,0,0,0,0,8,0,40.039,-75.1383, , 
 ,36358,2014032487,6,67,67301,2014,2,7,1445,14,1,2,1,1,1, , ,N,0,0,0,3,0,4,6,3,N, ,39 57:44.349,75 09:41.332,1506, ,1503,2,1,2, , ,0,N, , , , ,394247, , , ,3,3,0,0,0,0,0,0,0,0,0,0,4,4,0,0,0,0,0,1,2,0,0,0,0,0,0,0,0,0,0,0,0,0,0,8,0,39.9623,-75.1615, , 
 ,36359,2014034155,6,67,67301,2014,3,3,30,0,3,4,5,7,4, , ,N,1,2,0,3,0,1,1,5,N, ,39 55:14.279,75 10:13.546,32, ,30,1,1,1, , ,3,N, , , , ,394249, , , ,5,5,0,0,0,0,0,0,0,0,0,0,1,1,0,0,0,0,0,0,0,0,0,0,0,0,0,0,0,0,0,0,0,0,0,8,0,39.9206,-75.1704, , 
 ,36360,2014039335,6,67,67301,2014,3,6,1859,18,3,1,0,1,1, , ,N,1,2,0,3,0,1,2,2,N,N,40 05:04.128,74 58:25.148,1905, ,1901, ,0, ,N, ,3, , , , , ,394309, , , ,2,0,0,0,1,0,0,1,0,0,0,1,1,0,0,0,0,0,0,0,0,0,0,0,0,0,0,0,0,0,0,0,0,0,0,4,0,40.0845,-74.9737, , 
 ,36361,2014025425,6,67,67301,2014,1,6,1420,14,1,1,6,4,1, , ,N,1,3,0,3,0,2,4,3,N,N,39 59:55.424,75 05:40.664,1435, ,1430, ,0, ,N, ,3, , , , , ,394348, , , ,3,1,0,0,1,0,1,0,0,0,0,0,2,2,0,0,0,0,0,0,0,0,0,0,0,0,0,0,0,0,0,0,0,0,0,8,0,39.9987,-75.0946, , 
 ,36362,2014034255,6,67,67301,2014,3,3,1530,15,1,1,5,4,1, , ,N,1,3,0,3,0,1,4,2,N, ,40 01:28.560,75 10:25.345,1543, ,1540, ,0, , , ,3, , , , , ,394361, , , ,2,2,0,0,0,0,0,0,0,0,0,0,1,1,1,0,1,0,0,0,0,0,0,0,0,0,0,0,0,0,0,0,0,0,0,8,0,40.0246,-75.1737, , 
 ,36363,2014074871,6,67,67301,2014,6,7,1305,13,1,1,0,7,4, , ,N,0,0,3,3,0,1,1,1,N,N,40 00:31.194,75 11:25.671,1325, ,1307,1,1,2,N, ,0,N, , , , ,394400, , , ,1,1,0,0,0,0,0,0,0,0,0,1,1,0,0,0,0,0,0,0,0,0,0,0,0,0,0,0,0,0,0,0,0,0,0,4,0,40.0087,-75.1905, , 
 ,36364,2014088894,6,67,67301,2014,8,5,726,7,1,1,0,1,1, , ,N,2,0,0,3,0,2,4,3,N, ,39 58:04.605,75 09:36.966,751, ,728, ,0, , , ,0, , , , , ,394409, , , ,3,1,0,0,1,0,1,0,0,0,0,0,2,2,0,0,0,0,0,0,0,0,0,0,0,0,0,0,0,0,0,0,0,0,0,8,0,39.9678,-75.1602, , 
 ,36365,2014032513,6,67,67301,2014,2,3,2038,20,3,1,6,4,1, , ,N,1,2,0,3,0,1,7,2,N,N,40 03:17.359,75 09:09.802,2100, ,2056, ,0, ,N, ,3, , , , , ,394448, , , ,2,1,0,0,0,0,1,0,0,0,0,0,1,1,6,0,0,0,0,0,0,0,0,0,0,0,0,0,0,0,0,0,0,0,0,8,0,40.0548,-75.1527, , 
 ,36366,2014038851,6,67,67301,2014,3,6,4,0,3,1,0,5,1, , ,N,0,2,2,3,0,0,6,3,N, ,39 58:20.844,75 07:21.481,35, ,26, ,0, , , ,3, , , , , ,394450, , , ,2,1,0,0,0,0,1,0,0,0,0,0,0,0,0,0,0,0,0,0,0,0,0,0,0,0,0,0,0,0,0,0,0,0,0,0,0,39.9725,-75.1226, , 
 ,36367,2014049455,6,67,67301,2014,4,5,1124,11,1,1,0,8,1, , ,N,2,0,0,3,0,1,2,2,N,N,40 02:38.036,75 10:06.513,1144, ,1142, ,0, ,N, ,0, , , , , ,394459, , , ,1,1,0,0,0,0,0,0,0,0,0,1,1,0,0,0,0,0,0,0,0,0,0,0,0,0,0,0,0,0,0,0,1,0,0,4,0,40.0439,-75.1685, , 
 ,36368,2014019136,6,67,67301,2014,1,2,956,9,1,1,0,4,1, , ,N,1,2,0,3,0,1,2,2,N,N,40 02:34.252,75 03:47.603,956, ,956,2,1,1,N, ,3,N, , , , ,394483, , , ,2,2,0,0,0,0,0,0,0,0,0,1,1,0,0,0,0,0,0,0,0,0,1,0,0,0,0,0,0,0,0,0,0,0,0,4,0,40.0428,-75.0631, , 
 ,36369,2015128584,6,67,67301,2015,11,5,1857,18,3,1,0,1,1, , ,N,0,2,0,3,0,1,2,2,N, ,39 57:12.804,75 11:52.793,1904, ,1901, ,0, , , ,3, , , , , ,383423, , , ,2,0,0,0,0,0,2,0,0,0,0,1,1,0,0,0,0,0,0,0,0,0,0,0,0,0,0,0,0,0,0,0,0,0,0,4,0,39.9536,-75.198, , 
 ,36370,2015114563,6,67,67301,2015,10,6,1048,10,1,1,0,1,1, , ,N,1,2,0,3,0,1,4,2,N, ,39 57:41.735,75 09:16.329,1048, ,1048, ,0, , , ,3, , , , , ,383439, , , ,2,2,0,0,0,0,0,0,0,0,0,1,1,0,0,0,0,0,0,0,0,1,0,0,0,0,0,0,0,0,0,0,0,0,0,4,0,39.9616,-75.1545, , 
 ,36371,2015115058,6,67,67301,2015,10,7,2023,20,3,1,0,8,1, , ,N,0,0,0,3,1,0,2,2,N,N,40 02:57.278,74 59:19.971,2030, ,2024,3,2,5,N,0,0,Y, , , , ,383441, , , ,1,1,0,0,0,0,0,0,0,0,0,0,0,0,0,0,0,0,0,0,1,0,0,0,0,0,0,0,0,0,0,0,1,1,0,1,0,40.0492,-74.9889,2, 
 ,36372,2015115256,6,67,67301,2015,11,3,651,6,1,1,0,1,1, , ,N,0,0,0,3,0,0,2,2,N,N,39 55:41.519,75 11:46.027,713, ,652, ,0, ,N, ,0, , , , , ,383442, , , ,2,1,0,0,1,0,0,0,0,0,0,0,0,0,0,0,0,0,0,0,1,0,0,0,0,0,0,0,0,0,0,0,0,0,0,0,0,39.9282,-75.1961, , 
 ,36373,2015123404,6,46,46102,2015,11,6,900,9,1,1,0,7,5, , ,N,1,2,0,3,0,0,2,2,N,N,40 03:16.724,75 07:29.999,906, ,900, ,0, ,N, ,3, , , , , ,383453, , , ,1,1,0,0,0,0,0,0,0,0,0,0,0,0,0,0,0,0,0,0,0,0,0,0,0,0,0,0,0,0,0,0,0,0,0,0,0,40.0546,-75.125, , 
 ,36374,2015105097,6,67,67301,2015,9,3,1357,13,1,1,0,7,4, , ,N,0,0,0,3,0,2,2,1,N,N,40 06:04.461,75 01:46.159,1410, ,1404, ,0, ,N, ,0, , , , , ,383464, , , ,1,1,0,0,0,0,0,0,0,0,0,0,2,2,0,0,0,0,0,0,0,0,1,0,0,0,0,0,0,0,0,0,0,0,0,8,0,40.1012,-75.0295, , 
 ,36375,2015117954,6,67,67301,2015,11,5,1850,18,3,1,0,1,1, , ,N,0,0,0,3,0,1,2,2,N,N,39 57:12.504,75 10:54.128,1915, ,1854,1,2,3,N, ,0,N, , , , ,383473, , , ,2,2,0,0,0,0,0,0,0,0,0,0,1,1,0,0,0,0,0,0,0,0,0,0,0,0,0,0,0,0,0,0,0,0,0,8,0,39.9535,-75.1817, , 
 ,36376,2016002600,6,67,67301,2015,12,2,815,8,1,1,0,1,1, , ,N,0,0,0,3,0,1,3,2,N,N,40 00:50.548,75 10:44.481,815, ,815,1,1,2,N, ,0,N, , , , ,383488, , , ,2,2,0,0,0,0,0,0,0,0,0,0,1,1,0,0,0,0,0,0,0,0,0,0,0,0,0,0,0,0,0,0,0,0,0,8,0,40.014,-75.179, , 
 ,36377,2015130259,6,67,67301,2015,11,3,1610,16,1,1,0,8,6, , ,N,0,0,0,3,0,1,2,2,N,N,39 56:31.340,75 08:56.407,1655, ,1653, ,0, ,N, ,0, , , , , ,383541, , , ,1,0,0,0,0,0,1,0,0,0,0,1,1,0,0,0,0,0,0,0,1,0,0,0,0,0,0,0,0,0,0,0,1,0,0,4,0,39.942,-75.149, , 
 ,36378,2015133762,6,67,67301,2015,11,1,1405,14,1,1,0,1,1, , ,N,2,3,0,3,0,1,2,2,N,N,39 55:59.902,75 08:36.154,1606, ,1605, ,0, ,N, ,3, , , , , ,383543, , , ,2,1,0,0,0,0,1,0,0,0,0,1,1,0,0,0,0,0,0,0,1,0,0,0,0,0,0,0,0,0,0,0,0,0,0,4,0,39.9333,-75.1434, , 
 ,36379,2015125364,6,67,67301,2015,11,7,812,8,1,1,0,1,1, , ,N,2,2,0,3,0,6,16,2,N,N,39 58:15.096,75 07:25.112,812, ,812,2,1,1,N, ,3,N, , , , ,383555, , , ,2,0,0,0,1,0,0,1,0,0,1,5,6,0,0,0,0,0,0,0,1,0,0,15,0,0,0,0,0,0,0,0,0,0,0,3,0,39.9707,-75.124, , 
 ,36380,2015130125,6,67,67301,2015,11,4,724,7,1,1,0,8,1, , ,N,1,2,0,3,0,1,2,2,N,N,40 01:54.735,75 07:53.327,729, ,725, ,0, ,N, ,3, , , , , ,383562, , , ,1,1,0,0,0,0,0,0,0,0,0,1,1,0,0,0,0,0,0,0,1,0,0,0,0,0,0,0,0,0,0,0,1,0,0,4,0,40.0319,-75.1315, , 
N,36381,2015133388,6,67,67301,2015,12,1,734,7,1,1,0,7,4,1,4,Y,0,0,0,3,0,0,1,1,N,N,39 58:36.187,75 06:49.287,734,45,734, ,0, ,N, ,0, ,N,N,N,N,383564,N,N,Y,1,1,0,0,0,0,0,0,0,0,0,0,0,0,0,0,0,0,0,0,0,0,0,0,0,0,0,0,0,0,0,0,0,0,0,0,0,39.9767,-75.1137, , 
 ,36382,2015135892,6,67,67301,2015,12,7,37,0,3,1,0,5,6, , ,N,0,0,0,3,0,0,2,4,N, ,39 56:52.904,75 10:49.033,42, ,39, ,0, , , ,0, , , , , ,383567, , , ,4,3,0,0,0,0,1,0,0,0,0,0,0,0,0,0,0,0,0,0,0,0,0,2,0,0,0,0,0,0,0,0,0,0,0,0,0,39.948,-75.1803, , 
 ,36383,2016000961,6,67,67301,2015,12,5,1815,18,3,1,0,8,1, , ,N,1,0,0,3,0,1,2,2,N, ,40 02:02.626,75 05:05.182,1825, ,1821, ,0, , , ,0, , , , , ,383569, , , ,1,0,0,0,0,0,0,1,0,0,0,0,1,1,0,1,0,0,0,0,0,0,0,0,0,0,0,0,0,0,0,0,1,0,0,8,0,40.0341,-75.0848, , 
 ,36384,2016001020,6,67,67301,2015,12,4,1309,13,1,1,0,1,1, , ,N,1,2,0,3,0,2,7,3,N, ,40 04:37.796,75 05:06.825,1321, ,1317, ,0, , , ,3, , , , , ,383582, , , ,3,1,0,0,0,0,1,1,0,0,0,2,2,0,0,0,0,0,0,0,3,0,0,0,0,0,0,0,0,0,0,0,0,0,0,4,0,40.0772,-75.0852, , 
 ,36385,2016002422,6,67,67301,2015,12,5,1700,17,3,1,0,8,1, , ,N,2,3,0,3,0,1,2,2,N,N,39 55:48.112,75 08:44.334,1720, ,1712, ,0, ,N, ,3, , , , , ,383584, , , ,1,0,0,0,0,0,0,1,0,0,0,1,1,0,0,0,0,0,0,0,1,0,0,0,0,0,0,0,0,0,0,0,1,0,0,4,0,39.93,-75.1456, , 
 ,36386,2015110880,6,67,67301,2015,10,2,939,9,1,1,0,5,1, , ,N,0,0,0,3,0,1,2,2,N,N,39 58:19.652,75 11:36.948,946, ,939,2,1,3,N, ,0,N, , , , ,383595, , , ,2,1,0,0,0,0,1,0,0,0,1,0,1,0,0,0,0,0,0,0,1,0,0,0,0,0,0,0,0,0,0,0,0,0,0,3,0,39.9721,-75.1936, , 
 ,36387,2015118134,6,67,67301,2015,10,6,1812,18,1,1,0,1,1, , ,N,0,2,0,3,0,0,2,2,N,N,39 59:23.343,75 06:27.153,1822, ,1820, ,0, ,N, ,3, , , , , ,383600, , , ,2,1,0,0,0,0,1,0,0,0,0,0,0,0,1,0,0,0,0,0,1,0,0,0,0,0,0,0,0,0,0,0,0,0,0,9,0,39.9898,-75.1075, , 
 ,36388,2014030374,6,67,67301,2014,2,5,948,9,1,1,0,7,2, , ,N,0,0,0,3,0,1,1,1,N,N,39 55:46.957,75 08:46.297,1005, ,949,1,2,2,N, ,0,N, , , , ,386924, , , ,1,1,0,0,0,0,0,0,0,0,0,0,1,1,0,0,0,0,0,0,1,0,0,1,0,0,0,0,0,0,0,0,0,0,0,8,0,39.9297,-75.1462, , 
 ,36389,2014046689,6,67,67301,2014,4,7,1101,11,1,1,0,1,1, , ,N,0,0,0,3,0,2,5,3,N,N,39 58:47.293,75 12:17.171,1118, ,1101,1,1,3,N, ,0,N, , , , ,386936, , , ,3,2,0,0,1,0,0,0,0,0,0,2,2,0,0,0,0,0,0,0,1,0,0,0,0,0,0,0,0,0,0,0,0,0,0,4,0,39.9798,-75.2048, , 
 ,36390,2014049504,6,67,67301,2014,4,5,730,7,1,1,0,4,1, , ,N,1,2,0,3,0,0,2,2,N, ,39 56:18.900,75 11:54.432,900, ,855, ,0, , , ,3, , , , , ,386938, , , ,2,1,0,0,0,0,1,0,0,0,0,0,0,0,0,0,0,0,0,0,0,0,0,0,0,0,0,0,0,0,0,0,0,0,0,0,0,39.9386,-75.1985, , 
 ,36391,2014049701,6,67,67301,2014,4,5,914,9,1,1,0,8,1, , ,N,0,0,0,3,0,1,2,2,N,N,40 02:10.183,75 02:52.162,920, ,916, ,0, ,N, ,0, , , , , ,386939, , , ,1,1,0,0,0,0,0,0,0,0,0,1,1,0,0,0,0,0,0,0,0,0,0,0,0,0,0,0,0,0,0,0,1,0,0,4,0,40.0362,-75.0478, , 
 ,36392,2014043082,6,67,67301,2014,3,6,742,7,1,1,0,4,1, , ,N,1,2,0,3,0,2,2,2,N,N,40 00:19.857,75 06:19.237,753, ,748, ,0, ,N, ,3, , , , , ,386980, , , ,2,2,0,0,0,0,0,0,0,0,0,0,2,2,0,0,0,0,0,0,0,0,0,0,0,0,0,0,0,0,0,0,0,0,0,8,0,40.0055,-75.1053, , 
 ,36393,2014034230,6,67,67301,2014,2,6,2153,21,3,1,0,4,1, , ,N,0,0,7,3,0,1,3,2,N,N,40 05:13.462,74 57:33.501,2153, ,2153, ,0, , , ,0, , , , , ,387020, , , ,2,1,0,0,1,0,0,0,0,0,0,0,1,1,0,0,0,0,0,0,0,0,0,0,0,0,0,0,0,0,0,0,0,0,0,8,0,40.0871,-74.9593, , 
 ,36394,2014044624,6,67,67301,2014,3,4,1225,12,1,1,0,4,1, , ,N,2,3,0,3,0,2,2,2,N,N,39 58:31.037,75 10:05.801,1240, ,1231,1,1,1,N, ,3,N, , , , ,387027, , , ,2,0,0,0,1,0,1,0,0,0,0,0,2,2,0,0,0,0,0,0,1,0,0,0,0,0,0,0,0,0,0,0,0,0,0,8,0,39.9753,-75.1683, , 
 ,36395,2014018204,6,67,67301,2014,2,7,1735,17,3,1,0,1,1, , ,N,0,0,0,3,0,1,3,2,N,N,39 57:33.702,75 10:29.065,1740, ,1735, ,0, ,N, ,0, , , , , ,387058, , , ,2,1,0,0,0,0,1,0,0,0,0,0,1,1,0,0,0,0,0,0,0,0,0,0,0,0,0,0,0,0,0,0,0,0,0,8,0,39.9594,-75.1747, , 
 ,36396,2014025300,6,67,67301,2014,1,4,150,1,3,4,3,7,5, , ,N,0,0,0,3,0,1,1,1,N,N,40 01:32.303,75 07:31.144,210, ,159, ,0, ,N, ,0, , , , , ,387068, , , ,1,1,0,0,0,0,0,0,0,0,0,1,1,0,0,0,0,1,0,0,0,0,0,1,0,0,0,0,0,0,0,0,0,0,0,4,0,40.0256,-75.1253, , 
 ,36397,2014049720,6,67,67301,2014,4,5,1700,17,1,1,0,4,1, , ,N,2,3,0,3,0,1,2,2,N,N,39 57:26.823,75 11:16.299,1700, ,1700, ,0, ,N, ,3, , , , , ,387088, , , ,2,1,1,0,0,0,0,0,0,1,0,0,1,0,0,0,0,0,0,0,0,0,0,0,0,0,0,0,0,1,0,0,0,0,0,2,0,39.9575,-75.1879, , 
 ,36398,2014027694,6,67,67301,2014,1,5,1140,11,1,1,0,8,1, , ,N,1,2,0,3,0,1,2,2,N,N,39 57:01.634,75 11:33.356,1147, ,1147, ,0, ,N, ,3, , , , , ,387123, , , ,1,0,0,0,0,1,0,0,0,0,0,1,1,0,0,0,0,0,0,0,0,0,0,1,0,0,0,0,0,0,0,0,1,0,0,4,1,39.9505,-75.1926, , 
 ,36399,2014028149,6,67,67301,2014,3,2,809,8,1,4,3,7,2, , ,N,0,0,0,3,0,1,1,1,N,N,39 58:40.540,75 12:05.347,817, ,809,1,2,4,N, ,0,N, , , , ,387128, , , ,1,1,0,0,0,0,0,0,0,0,0,1,1,0,0,0,0,0,0,0,0,0,0,0,0,0,0,0,0,0,0,0,0,0,0,4,0,39.9779,-75.2015, , 
 ,36400,2014032360,6,67,67301,2014,2,3,1941,19,2,1,0,8,1, , ,N,1,2,0,3,0,1,2,2,N,N,39 59:38.209,75 09:16.513,1955, ,1945, ,0, ,N, ,3, , , , , ,387133, , , ,1,1,0,0,0,0,0,0,0,0,0,1,1,0,0,0,0,0,0,0,1,0,0,0,0,0,0,0,0,0,0,0,1,0,0,4,0,39.9939,-75.1545, , 
 ,36401,2014054468,6,67,67301,2014,5,6,1542,15,1,1,0,5,1, , ,N,0,0,0,3,0,2,5,2,N,N,39 57:07.268,75 09:45.490,1622, ,1604,1,2,3, , ,0,N, , , , ,387184, , , ,2,1,0,1,0,0,0,0,0,0,0,2,2,0,0,0,1,0,0,0,0,0,0,0,0,0,0,0,0,0,0,0,0,0,0,4,1,39.952,-75.1626, , 
 ,36402,2014030275,6,67,67301,2014,1,3,1527,15,1,2,1,4,1, , ,N,1,2,0,3,0,0,2,2,N,N,39 56:03.010,75 10:02.990,1545, ,1538,3,1,1,N, ,3,Y, , , , ,387207, , , ,2,2,0,0,0,0,0,0,0,0,0,0,0,0,0,0,0,0,0,0,1,0,0,0,0,0,0,0,0,0,0,0,0,0,0,0,0,39.9342,-75.1675, , 
 ,36403,2014034149,6,67,67301,2014,3,2,1755,17,3,4,3,1,1, , ,N,1,3,0,3,0,1,4,2,N,N,39 55:45.769,75 13:06.099,1805, ,1759, ,0, ,N, ,3, , , , , ,387210, , , ,2,1,0,0,1,0,0,0,0,0,0,1,1,0,0,0,0,0,0,0,0,0,0,0,0,0,0,0,0,0,0,0,0,0,0,4,0,39.9294,-75.2184, , 
 ,36404,2014039381,6,67,67301,2014,2,3,630,6,5,1,0,4,1, , ,N,1,2,0,3,0,0,2,2,N,N,39 57:17.442,75 13:40.835,715, ,630, ,0, ,N, ,3, , , , , ,387214, , , ,2,1,0,0,1,0,0,0,0,0,0,0,0,0,0,0,0,0,0,0,1,0,0,0,0,0,0,0,0,0,0,0,0,0,0,0,0,39.9548,-75.228, , 
 ,36405,2014049671,6,67,67301,2014,4,5,9999,99,3,2,1,5,6, , ,N,0,0,0,3,0,0,1,2,N, ,40 03:40.459,75 03:06.529,1110, ,1100, ,0, , , ,0, , , , , ,387220, , , ,2,1,0,0,1,0,0,0,0,0,0,0,0,0,0,0,0,0,0,0,1,0,0,0,0,0,0,0,0,0,0,0,0,0,0,0,0,40.0612,-75.0518, , 
 ,36406,2014025279,6,67,67301,2014,1,6,1540,15,1,4,4,8,1, , ,N,1,2,0,3,0,1,2,2,N,N,39 57:12.139,75 10:17.641,1553, ,542, ,0, ,N, ,3, , , , , ,391432, , , ,1,0,0,0,0,0,1,0,0,0,0,1,1,0,0,0,0,0,0,0,0,0,0,0,0,0,0,0,0,0,0,0,1,0,0,4,0,39.9534,-75.1716, , 
 ,36407,2014043459,6,67,67301,2014,4,2,1839,18,1,1,0,5,1, , ,N,0,0,0,3,0,2,4,3,N,N,39 59:54.633,75 11:44.806,1851, ,1843,1,1,3,N, ,0,N, , , , ,391446, , , ,3,2,0,1,0,0,0,0,0,0,0,1,2,1,0,0,0,0,1,0,0,0,0,0,0,0,0,0,0,0,0,0,0,0,0,4,1,39.9985,-75.1958, , 
 ,36408,2014030283,6,67,67301,2014,1,4,20,0,3,1,0,8,1, , ,N,0,0,2,3,0,1,5,2,N,N,39 57:28.754,75 08:30.612,24, ,22,3,2,2,N, ,0,Y, , , , ,391490, , , ,1,0,0,0,0,0,1,0,0,1,0,0,1,0,0,0,0,0,0,0,0,0,0,0,0,0,0,0,0,0,0,0,1,0,1,2,0,39.9572,-75.1441, , 
 ,36409,2014034236,6,67,67301,2014,2,5,1516,15,1,1,0,8,1, , ,N,1,2,0,3,0,1,3,2,N, ,40 03:12.900,75 08:29.229,1530, ,1524, ,0, , , ,3, , , , , ,391492, , , ,1,1,0,0,0,0,0,0,0,0,1,0,1,0,0,0,0,0,0,0,1,0,0,0,0,0,0,0,0,0,0,0,1,0,0,3,0,40.0537,-75.1414, , 
 ,36410,2014059111,6,67,67301,2014,4,4,9999,99,1,2,1,6,1, , ,N,0,0,0,3,0,0,2,2,N, ,39 55:49.009,75 14:35.872,1340, ,1332, ,0, , , ,0, , , , , ,391515, , , ,2,1,0,0,0,0,1,0,0,0,0,0,0,0,0,0,0,0,0,0,0,0,0,0,0,0,0,0,0,0,0,0,0,0,0,0,0,39.9303,-75.2433, , 