wz_ln_closure,objectid_1,crn,district,county,municipality,crash_year,crash_month,day_of_week,time_of_day,hour_of_day,illumination,weather,road_condition,collision_type,relation_to_road,work_zone_type,work_zone_loc,work_zone_ind,intersect_type,tcd_type,location_type,urban_rural,fatal_count,injury_count,person_count,total_units,sch_bus_ind,sch_zone_ind,latitude,longitude,arrival_tm,cons_zone_spd_lim,dispatch_tm,est_hrs_closed,lane_closed,ln_close_dir,ntfy_hiwy_maint,spec_juris_cd,tcd_func_cd,tfc_detour_ind,workers_pres,wz_close_detour,wz_flagger,wz_law_offcr_ind,objectid,wz_moving,wz_other,wz_shlder_mdn,vehicle_count,automobile_count,motorcycle_count,bus_count,small_truck_count,heavy_truck_count,suv_count,van_count,bicycle_count,maj_inj_count,mod_inj_count,min_inj_count,tot_inj_count,unk_inj_deg_count,unk_inj_per_count,driver_count_16yr,driver_count_17yr,driver_count_18yr,driver_count_19yr,driver_count_20yr,driver_count_50_64yr,driver_count_65_74yr,driver_count_75plus,unbelted_occ_count,unb_death_count,unb_maj_inj_count,belted_death_count,belted_maj_inj_count,mcycle_death_count,mcycle_maj_inj_count,bicycle_death_count,bicycle_maj_inj_count,ped_count,ped_death_count,ped_maj_inj_count,max_severity_level,comm_veh_count,dec_lat,dec_long,rdwy_surf_type_cd,county_name
 ,36411,2014016142,6,67,67301,2014,1,4,125,1,3,1,0,8,1, , ,N,0,0,0,3,0,1,2,2,N,N,40 01:16.372,75 09:06.975,143, ,141, ,0, ,N, ,0, , , , , ,391530, , , ,1,1,0,0,0,0,0,0,0,0,1,0,1,0,0,0,0,0,0,0,0,0,0,0,0,0,0,0,0,0,0,0,1,0,0,3,0,40.0212,-75.1519, , 
 ,36412,2014019112,6,67,67301,2014,1,6,1235,12,1,1,0,8,1, , ,N,1,2,0,3,0,1,2,2,N,N,39 57:05.578,75 09:24.232,1247, ,1240, ,0, ,N, ,3, , , , , ,391534, , , ,1,0,0,0,0,0,1,0,0,0,0,1,1,0,1,0,0,0,0,0,1,0,0,0,0,0,0,0,0,0,0,0,1,0,0,4,0,39.9515,-75.1567, , 
 ,36413,2014020020,6,67,67301,2014,1,1,245,2,3,1,0,7,2, , ,N,0,0,0,3,0,4,5,3,N,N,39 59:43.600,75 11:51.934,252, ,246,2,1,3,N, ,0,N, , , , ,391536, , , ,3,3,0,0,0,0,0,0,0,0,0,2,4,2,0,0,0,0,0,0,0,0,0,0,0,0,0,0,0,0,0,0,0,0,0,4,0,39.9954,-75.1978, , 
 ,36414,2014034152,6,67,67301,2014,3,7,1645,16,1,1,0,5,6, , ,N,0,3,0,3,0,1,4,2,N,N,39 57:46.743,75 13:20.043,1711, ,1701, ,0, ,N, ,3, , , , , ,391552, , , ,2,1,0,0,1,0,0,0,0,0,0,1,1,0,3,0,0,0,0,0,0,0,0,0,0,0,0,0,0,0,0,0,0,0,0,4,0,39.963,-75.2222, , 
 ,36415,2014038966,6,67,67301,2014,3,3,1245,12,1,1,0,4,1, , ,N,1,3,0,3,0,2,2,2,N,N,40 04:11.348,75 10:14.411,1259, ,1254, ,0, ,N, ,3, , , , , ,391562, , , ,2,2,0,0,0,0,0,0,0,0,1,0,2,1,0,0,0,0,0,1,1,0,0,0,0,0,0,0,0,0,0,0,0,0,0,3,0,40.0698,-75.1707, , 
 ,36416,2014016160,6,67,67301,2014,1,5,1050,10,1,1,0,7,4, , ,N,0,0,0,3,0,0,1,1,N,N,40 01:45.021,75 07:09.551,1053, ,1051, ,0, ,N, ,0, , , , , ,391579, , , ,1,1,0,0,0,0,0,0,0,0,0,0,0,0,1,0,0,0,0,0,1,0,0,0,0,0,0,0,0,0,0,0,0,0,0,9,0,40.0292,-75.1193, , 
 ,36417,2014025299,6,67,67301,2014,1,6,708,7,1,3,4,5,1, , ,N,0,0,0,3,0,1,2,2,N, ,39 58:23.077,75 15:44.964,750, ,740, ,0, , , ,0, , , , , ,391587, , , ,2,1,0,1,0,0,0,0,0,0,0,1,1,0,0,0,0,0,0,0,0,0,0,0,0,0,0,0,0,0,0,0,0,0,0,4,1,39.9731,-75.2625, , 
 ,36418,2014025491,6,67,67301,2014,1,6,743,7,1,4,1,1,1, , ,N,0,0,0,3,0,3,5,2,N,N,39 55:08.983,75 12:39.337,833, ,825,9,1,2,N, ,0,N, , , , ,391588, , , ,2,1,0,0,0,0,1,0,0,0,0,3,3,0,0,0,0,0,0,0,0,0,0,0,0,0,0,0,0,0,0,0,0,0,0,4,0,39.9192,-75.2109, , 
 ,36419,2014039059,6,67,67301,2014,3,5,210,2,3,1,0,1,1, , ,N,0,0,0,3,0,2,2,2,N,N,40 00:55.696,75 10:36.780,220, ,213,9,1,2,N, ,0,N, , , , ,391601, , , ,2,2,0,0,0,0,0,0,0,0,1,1,2,0,0,0,0,0,0,0,0,0,0,1,0,0,0,0,0,0,0,0,0,0,0,3,0,40.0155,-75.1769, , 
 ,36420,2014001316,6,67,67301,2014,1,5,2224,22,3,4,3,0,1, , ,N,0,0,0,3,0,0,1,1,N,N,40 00:50.306,75 10:44.833,2302, ,2226,2,2,2,N, ,0,N, , , , ,391617, , , ,1,0,0,0,0,0,1,0,0,0,0,0,0,0,0,0,0,0,0,0,1,0,0,0,0,0,0,0,0,0,0,0,0,0,0,0,0,40.014,-75.1791, , 
 ,36421,2014024279,6,67,67301,2014,2,3,813,8,1,1,0,1,1, , ,N,0,0,2,3,0,1,2,2,N,N,39 57:22.998,75 08:55.752,813, ,813, ,0, ,N, ,0, , , , , ,391634, , , ,2,1,0,0,0,0,1,0,0,0,0,1,1,0,0,0,0,0,0,0,0,0,0,0,0,0,0,0,0,0,0,0,0,0,0,4,0,39.9564,-75.1488, , 
 ,36422,2014049578,6,67,67301,2014,4,6,618,6,1,1,0,4,1, , ,N,1,2,0,3,0,2,2,2,N, ,39 59:40.590,75 09:35.349,621, ,620, ,0, , , ,3, , , , , ,391656, , , ,2,2,0,0,0,0,0,0,0,0,0,2,2,0,0,0,0,0,0,0,0,0,0,0,0,0,0,0,0,0,0,0,0,0,0,4,0,39.9946,-75.1598, , 
 ,36423,2014014606,6,67,67301,2014,1,6,935,9,1,1,0,1,1, , ,N,0,0,0,3,0,0,2,2,N,N,40 01:17.386,75 02:26.320,955, ,935, ,0, ,N, ,0, , , , , ,391671, , , ,2,1,0,0,0,0,1,0,0,0,0,0,0,0,0,0,0,0,0,0,0,0,0,0,0,0,0,0,0,0,0,0,0,0,0,0,0,40.0215,-75.0406, , 
 ,36424,2015114585,6,67,67301,2015,10,3,1205,12,1,1,0,4,1, , ,N,5,2,3,3,0,0,3,2,N,N,40 01:53.078,75 05:05.038,1210, ,1205,2,1,1,N, ,3,N, , , , ,380695, , , ,2,1,0,0,1,0,0,0,0,0,0,0,0,0,0,0,0,0,0,0,2,0,0,0,0,0,0,0,0,0,0,0,0,0,0,0,0,40.0314,-75.0847, , 
 ,36425,2015129981,6,67,67301,2015,11,3,1803,18,3,1,0,4,1, , ,N,2,2,0,3,0,1,3,2,N,N,39 57:40.266,75 14:49.451,1808, ,1805, ,0, ,N, ,3, , , , , ,380702, , , ,2,1,0,0,0,0,1,0,0,0,0,1,1,0,0,0,0,0,0,0,1,0,0,0,0,0,0,0,0,0,0,0,0,0,0,4,0,39.9612,-75.2471, , 
 ,36426,2015130225,6,67,67301,2015,11,7,2355,23,3,1,0,5,6, , ,N,0,0,0,3,0,0,1,3,N,N,40 02:32.801,75 11:08.714,39, ,36, ,0, ,N, ,0, , , , , ,380703, , , ,3,2,0,0,0,0,1,0,0,0,0,0,0,0,1,0,0,0,0,0,0,0,0,0,0,0,0,0,0,0,0,0,0,0,0,9,0,40.0424,-75.1858, , 
 ,36427,2016012460,6,67,67301,2015,12,6,9999,99,1,1,0,5,1, , ,N,0,0,0,3,0,1,3,3,N,N,39 58:52.700,75 10:26.400,9999, ,1403, ,0, ,N, ,0, , , , , ,380708, , , ,2,2,0,0,0,0,0,0,0,0,0,1,1,0,0,0,0,0,0,0,1,0,0,0,0,0,0,0,0,0,0,0,1,0,0,4,0,39.9813,-75.174, , 
 ,36428,2015120979,6,67,67301,2015,11,1,100,1,3,1,0,1,1, , ,N,0,0,0,3,0,0,4,3,N,N,40 00:41.399,75 09:47.880,116, ,116,2,1,3,N, ,0,N, , , , ,380728, , , ,3,2,0,0,0,0,0,1,0,0,0,0,0,0,0,0,0,0,0,0,2,0,0,0,0,0,0,0,0,0,0,0,0,0,0,0,0,40.0115,-75.1633, , 
 ,36429,2016000957,6,67,67301,2015,12,5,1702,17,4,1,0,4,1, , ,N,0,0,7,3,0,1,2,2,N, ,40 02:09.317,75 02:23.417,1800, ,1744, ,0, , , ,0, , , , , ,380744, , , ,1,1,0,0,0,0,0,0,1,0,0,1,1,0,0,0,0,0,0,0,0,1,0,0,0,0,0,0,0,0,0,0,0,0,0,4,0,40.0359,-75.0398, , 
 ,36430,2015092938,6,67,67301,2015,8,3,1755,17,1,1,0,4,1, , ,N,1,2,0,3,0,1,2,2,N,N,39 56:46.716,75 09:34.207,1806, ,1802,1,1,1,N, ,3,N, , , , ,380751, , , ,1,1,0,0,0,0,0,0,1,0,1,0,1,0,0,0,0,0,0,0,1,0,0,0,0,0,0,0,0,0,0,0,0,0,0,3,0,39.9463,-75.1595, , 
 ,36431,2015128052,6,67,67301,2015,11,5,2021,20,2,2,1,8,1, , ,N,1,3,0,3,0,1,2,2,N, ,40 03:59.116,75 11:03.811,2021, ,2021, ,0, , , ,3, , , , , ,380773, , , ,1,0,0,0,0,0,0,0,0,0,0,0,1,1,0,0,0,0,0,0,0,0,0,0,0,0,0,0,0,0,0,0,1,0,0,8,0,40.0664,-75.1844, , 
 ,36432,2015131214,6,67,67301,2015,11,6,1700,17,3,1,0,8,1, , ,N,1,2,0,3,0,1,2,2,N,N,40 02:58.765,75 04:42.916,1715, ,1704, ,0, ,N, ,3, , , , , ,380775, , , ,1,0,0,0,0,0,1,0,0,0,0,0,1,1,0,0,0,0,0,0,0,0,0,0,0,0,0,0,0,0,0,0,1,0,0,8,0,40.0497,-75.0786, , 
 ,36433,2015131404,6,67,67301,2015,11,2,2016,20,3,1,0,7,2, , ,N,0,0,0,3,0,1,1,1,N,N,39 58:01.822,75 11:17.776,2020, ,2017,2,1,4,N, ,0,N, , , , ,380776, , , ,1,0,0,0,0,0,1,0,0,0,1,0,1,0,0,0,0,0,0,0,0,0,0,1,0,0,0,0,0,0,0,0,0,0,0,3,0,39.9672,-75.1883, , 
 ,36434,2015137000,6,67,67301,2015,12,5,615,6,3,1,1,4,1, , ,N,1,2,0,3,0,4,4,2,N,N,40 03:04.093,75 07:07.134,624, ,617, ,0, ,N, ,3, , , , , ,380778, , , ,2,1,0,0,0,0,1,0,0,0,0,4,4,0,0,0,0,0,0,0,2,0,0,0,0,0,0,0,0,0,0,0,0,0,0,4,0,40.0511,-75.1186, , 
 ,36435,2016012863,6,67,67301,2015,7,7,2130,21,3,1,0,1,1, , ,N,1,2,0,3,0,2,5,3,N,N,39 55:47.038,75 10:54.947,0, ,0, ,0, ,N, ,3, , , , , ,380781, , , ,3,2,0,0,0,0,0,0,0,0,0,0,2,2,0,0,0,0,0,0,1,0,0,1,0,0,0,0,0,0,0,0,0,0,0,8,0,39.9297,-75.1819, , 
 ,36436,2015130043,6,67,67301,2015,11,3,1219,12,1,2,1,4,1, , ,N,1,2,0,3,0,2,3,2,N, ,40 00:51.570,75 10:41.163,1256, ,1253, ,0, , , ,3, , , , , ,380797, , , ,2,2,0,0,0,0,0,0,0,0,0,2,2,0,0,0,0,0,0,0,0,0,0,0,0,0,0,0,0,0,0,0,0,0,0,4,0,40.0143,-75.1781, , 
 ,36437,2015127304,6,67,67301,2015,10,5,1212,12,1,1,0,4,1, , ,N,1,3,0,3,0,1,2,2,N, ,40 03:59.756,75 08:55.629,1220, ,1218,2,2,5, , ,3,Y, , , , ,380807, , , ,2,0,0,0,1,0,1,0,0,0,0,0,1,1,0,0,0,0,0,0,1,0,0,1,0,0,0,0,0,0,0,0,0,0,0,8,0,40.0666,-75.1488, , 
 ,36438,2015130242,6,67,67301,2015,11,3,1645,16,2,1,0,8,1, , ,N,0,0,0,3,0,1,2,2,N, ,40 01:33.942,75 10:23.754,1655, ,1650, ,0, , , ,0, , , , , ,380809, , , ,1,1,0,0,0,0,0,0,0,0,0,0,1,1,0,0,0,0,0,0,0,0,0,1,0,0,0,0,0,0,0,0,1,0,0,8,0,40.0261,-75.1733, , 
 ,36439,2015114621,6,67,67301,2015,10,3,1440,14,1,1,0,4,1, , ,N,1,3,0,3,0,2,3,2,N,N,40 02:14.784,75 07:56.283,1830, ,1830, ,0, , , ,3, , , , , ,380820, , , ,2,1,0,0,0,0,1,0,0,0,0,2,2,0,0,0,0,0,0,0,0,0,0,0,0,0,0,0,0,0,0,0,0,0,0,4,0,40.0374,-75.1323, , 
 ,36440,2015130015,6,67,67301,2015,11,5,640,6,1,1,0,1,1, , ,N,6,4,2,3,0,1,2,2,N, ,39 55:08.626,75 11:28.036,712, ,710, ,0, , , ,3, , , , , ,380831, , , ,2,1,0,0,1,0,0,0,0,0,0,1,1,0,0,0,0,0,0,0,1,0,0,0,0,0,0,0,0,0,0,0,0,0,0,4,0,39.9196,-75.191, , 
 ,36441,2015135901,6,67,67301,2015,12,7,525,5,3,1,0,7,4, , ,N,0,0,0,3,0,1,1,4,N, ,40 00:21.196,75 10:14.199,536, ,531,2,2,5, , ,0,Y, , , , ,380836, , , ,4,2,0,0,1,0,1,0,0,0,0,1,1,0,0,0,0,0,0,0,0,0,0,0,0,0,0,0,0,0,0,0,0,0,0,4,0,40.0059,-75.1706, , 
 ,36442,2016007507,6,67,67301,2015,12,5,2205,22,3,2,1,4,1, , ,N,1,4,0,3,0,1,2,2,N,N,39 58:59.466,75 06:54.921,2239, ,2234, ,0, ,N, ,3, , , , , ,383612, , , ,1,1,0,0,0,0,0,0,1,0,0,0,1,1,0,0,0,0,0,0,0,0,0,0,0,0,0,0,0,0,0,0,0,0,0,8,0,39.9832,-75.1153, , 
 ,36443,2015128522,6,67,67301,2015,11,7,1715,17,3,2,1,1,1, , ,N,0,0,0,3,0,1,3,2,N,N,40 06:00.378,75 01:19.228,1739, ,1726,3,1,3, , ,0,N, , , , ,383618, , , ,2,2,0,0,0,0,0,0,0,0,0,0,1,1,0,0,0,0,0,0,1,0,0,0,0,0,0,0,0,0,0,0,0,0,0,8,0,40.1001,-75.022, , 
 ,36444,2015129990,6,67,67301,2015,11,6,800,8,1,1,0,4,1, , ,N,0,0,7,3,0,1,2,2,N,N,40 00:35.682,75 10:50.543,810, ,807, ,0, , , ,0, , , , , ,383621, , , ,2,2,0,0,0,0,0,0,0,0,0,0,1,1,0,0,0,0,0,0,0,0,0,0,0,0,0,0,0,0,0,0,0,0,0,8,0,40.0099,-75.1807, , 
 ,36445,2015133152,6,67,67301,2015,11,5,1640,16,4,1,0,7,3, , ,N,0,0,0,3,0,1,8,3,N,N,39 53:24.157,75 14:24.314,1659, ,1650,3,2,2,N, ,0,N, , , , ,383623, , , ,3,0,0,0,0,0,3,0,0,0,0,0,1,1,0,0,0,0,0,0,1,0,0,0,0,0,0,0,0,0,0,0,0,0,0,8,0,39.89,-75.2401, , 
 ,36446,2015130084,6,67,67301,2015,11,3,1025,10,1,2,1,7,4, , ,N,1,2,0,3,0,1,1,2,N, ,39 53:43.557,75 14:00.547,1058, ,1035, ,0, , , ,3, , , , , ,383635, , , ,1,1,0,0,0,0,0,0,0,0,0,0,1,1,0,0,0,0,0,0,1,0,0,0,0,0,0,0,0,0,0,0,0,0,0,8,0,39.8954,-75.2335, , 
 ,36447,2015130282,6,67,67301,2015,11,4,1716,17,3,1,0,4,1, , ,N,1,2,0,3,0,1,2,2,N,N,40 01:00.648,75 08:58.512,1735, ,1721,9,1,3,N, ,3,N, , , , ,383636, , , ,2,1,0,0,0,0,0,1,0,0,0,1,1,0,0,0,0,0,0,0,1,0,0,1,0,0,0,0,0,0,0,0,0,0,0,4,0,40.0169,-75.1495, , 
 ,36448,2016019307,6,67,67301,2015,12,6,2355,23,3,1,0,7,2, , ,N,0,0,0,3,0,0,1,1,N,N,40 02:48.216,75 00:02.841,10, ,2358,1,1,1, , ,0,N, , , , ,383649, , , ,1,0,0,0,0,0,1,0,0,0,0,0,0,0,0,0,0,0,0,0,0,0,0,0,0,0,0,0,0,0,0,0,0,0,0,0,0,40.0467,-75.0008, , 
 ,36449,2015130035,6,67,67301,2015,11,4,1855,18,3,1,0,8,1, , ,N,0,0,0,3,0,1,3,2,N,N,40 02:31.261,75 10:06.502,1907, ,1906, ,0, , , ,0, , , , , ,383700, , , ,1,1,0,0,0,0,0,0,0,0,0,0,1,1,0,0,0,0,0,0,0,0,0,0,0,0,0,0,0,0,0,0,1,0,0,8,0,40.042,-75.1685, , 
 ,36450,2015131277,6,67,67301,2015,12,3,1615,16,1,2,1,5,1, , ,N,0,0,0,3,0,1,2,3,N,N,40 01:00.979,75 09:30.462,1619, ,1619, ,0, ,N, ,0, , , , , ,383720, , , ,3,0,0,0,0,0,2,1,0,0,0,0,1,1,0,0,0,0,0,0,1,0,0,2,0,0,0,0,0,0,0,0,0,0,0,8,0,40.0169,-75.1585, , 
 ,36451,2016007561,6,67,67301,2015,12,5,2330,23,3,1,0,4,1, , ,N,3,2,0,3,0,0,2,2,N,N,40 00:23.847,75 05:17.639,2340, ,2337, ,0, , , ,3, , , , , ,383726, , , ,2,2,0,0,0,0,0,0,0,0,0,0,0,0,1,0,0,0,0,0,1,0,0,0,0,0,0,0,0,0,0,0,0,0,0,9,0,40.0066,-75.0882, , 
 ,36452,2016000936,6,67,67301,2015,12,7,2030,20,3,1,0,7,4, , ,N,0,0,0,3,0,0,1,1,N,N,40 01:07.845,75 11:24.446,2036, ,2034, ,0, ,N, ,0, , , , , ,383740, , , ,1,0,0,0,0,0,1,0,0,0,0,0,0,0,0,0,0,0,0,0,0,0,0,0,0,0,0,0,0,0,0,0,0,0,0,0,0,40.0188,-75.1901, , 
 ,36453,2015117671,6,67,67301,2015,10,4,1328,13,1,2,1,2,1, , ,N,0,0,0,3,0,3,6,3,N,N,40 06:13.158,75 01:49.206,1336, ,1330,3,2,4, , ,0,Y, , , , ,383745, , , ,3,0,0,0,1,1,1,0,0,0,0,0,3,3,0,0,0,0,0,0,0,1,0,0,0,0,0,0,0,0,0,0,0,0,0,8,1,40.1037,-75.0303, , 
 ,36454,2015120981,6,67,67301,2015,11,2,1625,16,4,1,0,5,6, , ,N,0,0,0,3,0,0,1,3,N, ,40 01:14.795,75 11:34.104,1640, ,1630, ,0, , , ,0, , , , , ,383746, , , ,2,1,0,0,0,0,1,0,0,0,0,0,0,0,0,0,0,0,0,0,0,0,0,0,0,0,0,0,0,0,0,0,0,0,0,0,0,40.0208,-75.1928, , 
 ,36455,2015135992,6,67,67301,2015,12,1,204,2,3,2,1,7,2, , ,N,0,0,0,3,0,0,1,1,N,N,39 55:26.920,75 08:50.750,223, ,205,1,1,2,N, ,0,N, , , , ,383766, , , ,1,1,0,0,0,0,0,0,0,0,0,0,0,0,0,0,0,0,0,0,0,0,0,0,0,0,0,0,0,0,0,0,0,0,0,0,0,39.9241,-75.1474, , 
 ,36456,2016007830,6,67,67301,2015,12,1,312,3,3,1,0,7,3, , ,N,0,0,0,3,0,0,1,1,N,N,39 57:32.980,75 10:19.549,315, ,314,1,1,4, , ,0,N, , , , ,383775, , , ,1,1,0,0,0,0,0,0,0,0,0,0,0,0,0,0,0,0,0,0,0,0,0,0,0,0,0,0,0,0,0,0,0,0,0,0,0,39.9592,-75.1721, , 
 ,36457,2015129971,6,67,67301,2015,11,1,1700,17,1,1,0,1,1, , ,N,0,0,0,3,0,3,4,3,N,N,39 58:41.907,75 16:02.133,1704, ,1702,3,2,3,N, ,0,Y, , , , ,383782, , , ,2,2,0,0,0,0,0,0,0,1,0,2,3,0,0,0,0,0,0,0,1,0,0,0,0,0,0,0,0,0,0,0,1,0,1,2,0,39.9783,-75.2673, , 
 ,36458,2016006034,6,67,67301,2015,12,7,1956,19,3,1,0,1,1, , ,N,1,2,0,3,0,2,5,3,N,N,39 59:40.673,75 05:40.311,9999, ,9999, ,0, ,N, ,3, , , , , ,383791, , , ,3,2,0,0,1,0,0,0,0,0,0,1,2,1,0,0,0,0,0,0,1,0,0,0,0,0,0,0,0,0,0,0,0,0,0,4,0,39.9946,-75.0945, , 
 ,36459,2016007552,6,67,67301,2015,12,5,1825,18,3,6,1,1,1, , ,N,0,0,0,3,0,2,4,2,N,N,39 57:28.776,75 14:01.787,1915, ,1915, ,0, ,N, ,0, , , , , ,383792, , , ,2,1,0,0,0,0,1,0,0,0,0,2,2,0,0,0,0,0,0,0,1,0,0,0,0,0,0,0,0,0,0,0,0,0,0,4,0,39.958,-75.2338, , 
 ,36460,2014023739,6,67,67301,2014,2,4,1510,15,1,1,0,7,3, , ,N,0,0,0,3,0,1,1,1,N,N,39 58:48.326,75 06:21.097,1522, ,1510,1,2,2,N, ,0,N, , , , ,387401, , , ,1,1,0,0,0,0,0,0,0,0,0,0,1,1,0,0,0,0,0,1,0,0,0,0,0,0,0,0,0,0,0,0,0,0,0,8,0,39.9801,-75.1059, , 
 ,36461,2014034618,6,67,67301,2014,3,7,424,4,3,1,0,7,2, , ,N,0,0,0,3,0,0,1,1,N,N,39 57:41.301,75 08:24.705,431, ,426,1,1,2,N, ,0,N, , , , ,387412, , , ,1,1,0,0,0,0,0,0,0,0,0,0,0,0,1,0,0,0,0,0,0,0,0,0,0,0,0,0,0,0,0,0,0,0,0,9,0,39.9615,-75.1402, , 
 ,36462,2014049834,6,67,67301,2014,4,5,822,8,1,1,0,6,1, , ,N,0,0,0,3,0,1,5,2,N,N,40 03:20.331,75 11:24.417,832, ,827, ,0, ,N, ,0, , , , , ,387422, , , ,2,1,0,0,0,0,0,1,0,0,0,0,1,1,0,0,0,0,0,0,0,0,0,0,0,0,0,0,0,0,0,0,0,0,0,8,0,40.0556,-75.1901, , 
 ,36463,2014049880,6,67,67301,2014,4,6,830,8,1,1,0,1,1, , ,N,0,0,0,3,0,2,5,3,N,N,40 02:17.278,75 06:41.694,900, ,845,2,2,5,N, ,0,N, , , , ,387423, , , ,3,3,0,0,0,0,0,0,0,0,0,2,2,0,0,0,0,0,0,0,1,0,0,0,0,0,0,0,0,0,0,0,0,0,0,4,0,40.0381,-75.1116, , 
 ,36464,2014034207,6,67,67301,2014,2,6,2150,21,3,1,0,1,1, , ,N,0,0,0,3,0,1,4,3,N, ,39 59:53.127,75 06:38.372,2200, ,2158,2,1,2, , ,0,N, , , , ,387446, , , ,3,2,0,0,0,0,0,0,0,0,1,0,1,0,0,0,0,0,0,0,0,0,0,1,0,0,0,0,0,0,0,0,0,0,0,3,0,39.9981,-75.1107, , 
 ,36465,2014042715,6,67,67301,2014,3,4,1654,16,1,1,0,1,1, , ,N,1,2,0,3,0,1,4,3,N,N,40 01:06.292,75 03:49.243,1654, ,1654,9,1,1, , ,3,N, , , , ,387452, , , ,3,3,0,0,0,0,0,0,0,0,0,1,1,0,0,0,0,0,0,0,1,0,0,0,0,0,0,0,0,0,0,0,0,0,0,4,0,40.0184,-75.0637, , 
 ,36466,2014007541,6,67,67301,2014,1,7,900,9,1,4,0,1,6, , ,N,0,0,0,3,0,3,3,3,N,N,40 00:16.243,75 09:07.783,900, ,900, ,0, ,N, ,0, , , , , ,387479, , , ,3,1,0,0,0,0,2,0,0,0,0,0,3,3,0,0,0,0,0,0,0,0,0,0,0,0,0,0,0,0,0,0,0,0,0,8,0,40.0045,-75.1522, , 
 ,36467,2014025860,6,67,67301,2014,1,6,1056,10,1,9,5,1,1, , ,N,1,2,0,3,0,1,2,2,N, ,40 02:29.408,75 09:30.138,1122, ,1056, ,0, , , ,3, , , , , ,387532, , , ,2,1,0,0,0,0,1,0,0,0,0,1,1,0,0,0,0,0,0,0,1,0,0,0,0,0,0,0,0,0,0,0,0,0,0,4,0,40.0415,-75.1584, , 
 ,36468,2014037982,6,67,67301,2014,4,4,1213,12,1,1,0,1,1, , ,N,0,0,0,3,0,1,3,3,N,N,39 53:24.232,75 13:13.653,1229, ,1213,1,1,1,N, ,0,N, , , , ,387546, , , ,3,2,0,0,0,0,0,0,0,0,0,0,1,1,1,0,0,0,0,0,0,0,0,0,0,0,0,0,0,0,0,0,0,0,0,8,0,39.8901,-75.2205, , 
 ,36469,2014065548,6,67,67301,2014,5,1,1829,18,1,1,0,1,6, , ,N,0,0,0,3,0,1,1,2,N,N,39 59:22.383,75 08:26.426,1829, ,1829,2,2,1,N, ,0,Y, , , , ,387568, , , ,2,0,1,0,1,0,0,0,0,1,0,0,1,0,0,0,0,0,0,0,0,0,0,0,0,0,0,0,0,1,0,0,0,0,0,2,0,39.9896,-75.1407, , 
 ,36470,2014010192,6,67,67301,2014,1,1,2033,20,3,1,0,1,1, , ,N,0,0,0,3,0,1,5,3,N,N,39 58:04.956,75 11:24.955,2033, ,2033,1,2,4,N, ,0,N, , , , ,387575, , , ,3,1,0,0,0,0,2,0,0,0,0,0,1,1,1,0,0,0,0,0,0,0,0,0,0,0,0,0,0,0,0,0,0,0,0,8,0,39.968,-75.1903, , 
 ,36471,2014039389,6,67,67301,2014,3,1,955,9,1,1,0,1,1, , ,N,0,0,0,3,0,2,3,2,N,N,40 02:16.742,75 03:42.422,1010, ,957,2,1,2,N, ,0,N, , , , ,387600, , , ,2,0,0,1,0,0,0,1,0,0,0,0,2,2,0,0,0,0,0,0,0,0,0,0,0,0,0,0,0,0,0,0,0,0,0,8,1,40.038,-75.0618, , 
 ,36472,2014054610,6,67,67301,2014,4,1,2050,20,3,1,0,4,1, , ,N,1,2,0,3,0,1,2,3,N,N,39 55:05.527,75 13:58.911,2057, ,2052, ,0, ,N, ,3, , , , , ,387609, , , ,3,3,0,0,0,0,0,0,0,0,0,0,1,1,0,0,0,0,0,0,1,0,0,0,0,0,0,0,0,0,0,0,0,0,0,8,0,39.9182,-75.233, , 
 ,36473,2014057076,6,67,67301,2014,6,3,1308,13,1,1,0,5,2, , ,N,0,0,0,3,0,1,2,2,N,N,40 02:30.097,75 00:15.790,1308, ,1308, ,0, ,N, ,0, , , , , ,387615, , , ,2,1,0,0,0,1,0,0,0,0,0,0,1,1,0,0,0,0,0,0,0,1,0,0,0,0,0,0,0,0,0,0,0,0,0,8,1,40.0417,-75.0044, , 
 ,36474,2014021544,6,67,67301,2014,1,4,2155,21,6,1,0,4,1, , ,N,1,2,0,3,0,1,2,2,N,N,39 55:33.889,75 13:29.313,2200, ,2157, ,0, ,N, ,3, , , , , ,387632, , , ,2,1,0,0,1,0,0,0,0,0,0,1,1,0,0,0,0,0,0,0,0,0,0,0,0,0,0,0,0,0,0,0,0,0,0,4,0,39.9261,-75.2248, , 
 ,36475,2014025901,6,67,67301,2014,1,3,940,9,1,1,0,1,1, , ,N,1,2,0,3,0,0,3,2,N,N,40 01:42.775,75 03:28.507,951, ,951, ,0, ,N, ,3, , , , , ,387634, , , ,2,1,0,0,0,0,1,0,0,0,0,0,0,0,0,0,0,0,0,0,1,0,0,0,0,0,0,0,0,0,0,0,0,0,0,0,0,40.0285,-75.0579, , 
 ,36476,2014038887,6,67,67301,2014,3,7,2315,23,3,1,0,5,1, , ,N,0,0,0,3,0,1,8,2,N,N,39 57:53.327,75 10:42.195,2321, ,2320, ,0, ,N, ,0, , , , , ,387648, , , ,2,1,0,1,0,0,0,0,0,0,0,0,1,1,0,0,0,0,0,0,0,0,0,0,0,0,0,0,0,0,0,0,0,0,0,8,1,39.9648,-75.1784, , 