wz_ln_closure,objectid_1,crn,district,county,municipality,crash_year,crash_month,day_of_week,time_of_day,hour_of_day,illumination,weather,road_condition,collision_type,relation_to_road,work_zone_type,work_zone_loc,work_zone_ind,intersect_type,tcd_type,location_type,urban_rural,fatal_count,injury_count,person_count,total_units,sch_bus_ind,sch_zone_ind,latitude,longitude,arrival_tm,cons_zone_spd_lim,dispatch_tm,est_hrs_closed,lane_closed,ln_close_dir,ntfy_hiwy_maint,spec_juris_cd,tcd_func_cd,tfc_detour_ind,workers_pres,wz_close_detour,wz_flagger,wz_law_offcr_ind,objectid,wz_moving,wz_other,wz_shlder_mdn,vehicle_count,automobile_count,motorcycle_count,bus_count,small_truck_count,heavy_truck_count,suv_count,van_count,bicycle_count,maj_inj_count,mod_inj_count,min_inj_count,tot_inj_count,unk_inj_deg_count,unk_inj_per_count,driver_count_16yr,driver_count_17yr,driver_count_18yr,driver_count_19yr,driver_count_20yr,driver_count_50_64yr,driver_count_65_74yr,driver_count_75plus,unbelted_occ_count,unb_death_count,unb_maj_inj_count,belted_death_count,belted_maj_inj_count,mcycle_death_count,mcycle_maj_inj_count,bicycle_death_count,bicycle_maj_inj_count,ped_count,ped_death_count,ped_maj_inj_count,max_severity_level,comm_veh_count,dec_lat,dec_long,rdwy_surf_type_cd,county_name
 ,36544,2014025500,6,67,67301,2014,1,6,1115,11,1,8,5,6,1, , ,N,2,0,0,3,0,1,3,2,N,N,40 04:49.555,75 12:19.421,1145, ,1138, ,0, ,N, ,0, , , , , ,433249, , , ,2,1,0,0,0,0,1,0,0,0,0,1,1,0,0,0,0,0,0,0,0,0,0,0,0,0,0,0,0,0,0,0,0,0,0,4,0,40.0804,-75.2054, , 
 ,36545,2014038867,6,67,67301,2014,3,5,812,8,1,1,0,8,1, , ,N,2,0,0,3,0,1,2,2,N,N,40 02:33.388,75 11:08.116,817, ,813,1,1,4,N, ,0,N, , , , ,433258, , , ,1,1,0,0,0,0,0,0,0,0,0,1,1,0,0,0,0,0,0,0,1,0,0,0,0,0,0,0,0,0,0,0,1,0,0,4,0,40.0426,-75.1856, , 
 ,36546,2014074476,6,67,67301,2014,6,4,2030,20,3,1,0,4,1, , ,N,1,2,0,3,0,1,2,2,N,N,39 57:16.822,75 11:40.080,2255, ,2249, ,0, ,N, ,3, , , , , ,433292, , , ,1,0,0,0,1,0,0,0,1,0,0,1,1,0,0,0,0,0,0,0,0,0,0,0,0,0,0,0,0,0,0,0,0,0,0,4,0,39.9547,-75.1944, , 
 ,36547,2014075224,6,67,67301,2014,6,4,1537,15,1,1,0,4,1, , ,N,1,2,0,3,0,1,2,2,N,N,39 56:46.615,75 10:42.045,1540, ,1537, ,0, ,N, ,3, , , , , ,433293, , , ,1,0,0,0,0,0,1,0,1,0,0,0,1,1,0,0,0,0,0,0,0,0,0,0,0,0,0,0,0,0,0,0,0,0,0,8,0,39.9463,-75.1783, , 
 ,36548,2014083932,6,67,67301,2014,8,4,1959,19,1,1,0,1,1, , ,N,6,4,8,3,0,1,3,2,N,N,39 57:18.571,75 08:50.361,2009, ,1959, ,0, ,N, ,3, , , , , ,433307, , , ,2,1,0,0,0,0,1,0,0,0,0,0,1,1,0,0,0,0,0,0,0,0,0,0,0,0,0,0,0,0,0,0,0,0,0,8,0,39.9552,-75.1473, , 
 ,36549,2014054508,6,67,67301,2014,4,6,1219,12,1,1,0,4,1, , ,N,1,2,0,3,0,2,4,2,N, ,39 57:29.289,75 09:01.655,1223, ,1221, ,0, , , ,3, , , , , ,433323, , , ,2,2,0,0,0,0,0,0,0,0,0,2,2,0,0,0,0,0,0,0,1,0,0,0,0,0,0,0,0,0,0,0,0,0,0,4,0,39.9581,-75.1505, , 
 ,36550,2014059015,6,67,67301,2014,5,1,2210,22,3,1,0,7,5, , ,N,0,0,0,3,0,1,1,1,N,N,39 55:45.490,75 10:56.938,2230, ,2222, ,0, ,N, ,0, , , , , ,436469, , , ,1,1,0,0,0,0,0,0,0,0,1,0,1,0,0,0,0,0,0,0,0,0,1,1,0,0,0,0,0,0,0,0,0,0,0,3,0,39.9293,-75.1825, , 
 ,36551,2014083057,6,67,67301,2014,6,5,125,1,3,2,1,7,4, , ,N,1,0,0,3,0,0,1,1,N, ,39 59:50.437,75 07:13.185,132, ,130, ,0, ,N, ,0, , , , , ,436490, , , ,1,1,0,0,0,0,0,0,0,0,0,0,0,0,1,0,0,0,0,0,0,0,0,0,0,0,0,0,0,0,0,0,0,0,0,9,0,39.9973,-75.1203, , 
 ,36552,2014087967,6,67,67301,2014,8,7,9999,99,1,1,0,7,4, , ,N,3,0,0,3,0,0,1,1,N,N,40 07:36.613,75 00:51.642,1859, ,1840,9,1,2,N, ,0,N, , , , ,436494, , , ,1,1,0,0,0,0,0,0,0,0,0,0,0,0,1,0,0,0,0,0,0,0,0,0,0,0,0,0,0,0,0,0,0,0,0,9,0,40.1268,-75.0142, , 
 ,36553,2014088851,6,67,67301,2014,8,6,9999,99,1,1,0,4,1, , ,N,0,0,0,3,0,1,3,2,N,N,39 59:37.528,75 07:23.404,1735, ,1730, ,0, ,N, ,0, , , , , ,436495, , , ,1,0,0,0,0,0,1,0,1,0,1,0,1,0,0,0,0,0,0,0,0,0,0,0,0,0,0,0,0,0,0,0,0,0,0,3,0,39.9938,-75.1232, , 
 ,36554,2014101510,6,67,67301,2014,10,1,2015,20,2,1,0,1,1, , ,N,0,0,0,3,0,1,2,2,N,N,40 00:33.033,75 04:00.784,2037, ,2020, ,0, ,N, ,0, , , , , ,436503, , , ,2,1,0,0,0,0,1,0,0,0,1,0,1,0,0,0,0,0,0,0,0,0,0,0,0,0,0,0,0,0,0,0,0,0,0,3,0,40.0092,-75.0669, , 
 ,36555,2014065588,6,67,67301,2014,5,2,1500,15,1,1,0,5,1, , ,N,0,0,0,3,0,1,2,2,N,N,39 56:35.019,75 09:56.457,1730, ,1723, ,0, ,N, ,0, , , , , ,436513, , , ,1,1,0,0,0,0,0,0,1,0,0,1,1,0,0,0,0,0,0,0,0,0,0,0,0,0,0,0,0,0,0,0,0,0,0,4,0,39.9431,-75.1657, , 
 ,36556,2014088037,6,67,67301,2014,7,5,2105,21,3,1,0,8,1, , ,N,1,3,0,3,0,1,2,2,N,N,40 00:53.607,75 06:33.559,2341, ,2107, ,0, , , ,3, , , , , ,436538, , , ,1,0,0,0,0,0,0,1,0,0,0,1,1,0,0,0,0,0,0,0,0,0,0,0,0,0,0,0,0,0,0,0,1,0,0,4,0,40.0149,-75.1093, , 
 ,36557,2014088904,6,67,67301,2014,7,5,1503,15,1,1,0,5,6, , ,N,0,3,0,3,0,1,1,6,N, ,40 02:16.992,75 07:52.219,1503, ,1503, ,0, , , ,3, , , , , ,436539, , , ,6,3,0,0,1,0,1,1,0,0,1,0,1,0,0,0,0,1,0,0,0,0,0,0,0,0,0,0,0,0,0,0,0,0,0,3,0,40.0381,-75.1312, , 
 ,36558,2014091326,6,67,67301,2014,8,6,1844,18,1,1,0,1,1, , ,N,0,2,0,3,0,3,6,5,N,N,40 01:37.481,75 05:54.343,1851, ,1845,2,1,1,Y, ,3,Y, , , , ,436543, , , ,4,0,0,0,0,0,2,2,0,0,1,2,3,0,0,0,0,0,0,0,1,0,0,0,0,0,0,0,0,0,0,0,1,0,0,3,0,40.0271,-75.0984, , 
 ,36559,2014091365,6,67,67301,2014,9,7,1230,12,1,1,0,1,1, , ,N,2,0,0,3,0,0,7,3,N, ,40 02:03.005,75 12:29.994,1238, ,1230, ,0, , , ,0, , , , , ,436544, , , ,3,1,0,0,0,0,0,2,0,0,0,0,0,0,0,0,0,0,0,0,1,0,0,0,0,0,0,0,0,0,0,0,0,0,0,0,0,40.0342,-75.2083, , 
 ,36560,2014029843,6,67,67301,2014,2,7,2030,20,3,1,0,8,1, , ,N,0,0,0,3,0,2,3,3,N,N,39 56:09.281,75 10:44.263,2330, ,2311, ,0, ,N, ,0, , , , , ,436575, , , ,1,1,0,0,0,0,0,0,0,0,1,1,2,0,0,0,0,0,0,0,0,0,0,0,0,0,0,0,0,0,0,0,2,0,0,3,0,39.9359,-75.179, , 
 ,36561,2014087412,6,67,67301,2014,9,5,1803,18,1,1,0,1,1, , ,N,0,0,0,3,0,0,3,2,N,N,39 57:34.441,75 10:31.312,1833, ,1813, ,0, ,N, ,0, , , , , ,436618, , , ,2,2,0,0,0,0,0,0,0,0,0,0,0,0,0,0,0,0,0,0,1,0,0,0,0,0,0,0,0,0,0,0,0,0,0,0,0,39.9596,-75.1754, , 
 ,36562,2014111493,6,67,67301,2014,10,2,655,6,1,1,0,4,1, , ,N,2,3,0,3,0,2,2,2,N,N,40 01:49.767,75 06:55.609,725, ,720, ,0, ,N, ,3, , , , , ,436643, , , ,2,1,0,0,0,0,1,0,0,0,0,2,2,0,0,0,0,0,0,0,0,0,0,0,0,0,0,0,0,0,0,0,0,0,0,4,0,40.0305,-75.1154, , 
 ,36563,2014113252,6,67,67301,2014,10,6,2110,21,3,1,0,4,1, , ,N,1,3,0,3,0,2,2,2,N,N,39 57:37.485,75 08:20.093,2115, ,2115, ,0, , , ,3, , , , , ,436645, , , ,2,1,0,0,0,0,1,0,0,0,0,0,2,2,0,0,0,0,0,0,0,0,0,0,0,0,0,0,0,0,0,0,0,0,0,8,0,39.9603,-75.1389, , 
 ,36564,2014090617,6,67,67301,2014,9,7,1005,10,1,1,0,7,2, , ,N,0,0,2,3,0,0,2,1,N,N,39 53:36.885,75 13:45.581,1019, ,1012,2,1,2,N, ,0,N, , , , ,436664, , , ,1,1,0,0,0,0,0,0,0,0,0,0,0,0,0,0,0,0,0,0,0,0,0,0,0,0,0,0,0,0,0,0,0,0,0,0,0,39.8936,-75.2293, , 
 ,36565,2014092209,6,67,67301,2014,9,2,2200,22,3,1,0,7,2, , ,N,7,0,2,3,0,0,1,1,N,N,39 57:37.115,75 10:54.549,2211, ,2208,2,2,4,N, ,0,N, , , , ,436667, , , ,1,1,0,0,0,0,0,0,0,0,0,0,0,0,0,0,0,0,0,0,1,0,0,0,0,0,0,0,0,0,0,0,0,0,0,0,0,39.9596,-75.181, , 
 ,36566,2014096429,6,67,67301,2014,9,7,1715,17,1,1,0,8,1, , ,N,1,2,0,3,0,1,2,2,N, ,39 57:34.106,75 13:59.495,1719, ,1715, ,0, , , ,3, , , , , ,436668, , , ,1,1,0,0,0,0,0,0,0,0,0,0,1,1,0,0,0,0,0,0,0,0,0,0,0,0,0,0,0,0,0,0,1,0,0,8,0,39.9595,-75.2332, , 
 ,36567,2014106652,6,67,67301,2014,9,3,1246,12,1,1,0,8,1, , ,N,1,2,0,3,0,1,2,2,N, ,39 57:20.286,75 12:08.187,1247, ,1246, ,0, , , ,3, , , , , ,436679, , , ,1,1,0,0,0,0,0,0,0,0,0,1,1,0,0,0,0,0,0,0,0,1,0,0,0,0,0,0,0,0,0,0,1,0,0,4,0,39.9556,-75.2023, , 
 ,36568,2014059231,6,67,67301,2014,5,1,1740,17,1,1,0,8,1, , ,N,0,0,0,3,0,1,2,2,N, ,40 00:07.475,75 10:07.629,1850, ,1845, ,0, , , ,0, , , , , ,441755, , , ,1,0,0,0,0,0,1,0,0,0,0,1,1,0,0,0,0,0,0,0,0,0,0,0,0,0,0,0,0,0,0,0,1,0,0,4,0,40.0021,-75.1688, , 
 ,36569,2014042651,6,67,67301,2014,3,6,1908,19,3,1,0,1,1, , ,N,2,2,0,3,0,4,9,3,N, ,40 03:52.074,74 59:56.307,1910, ,1908,1,1,3, , ,3,N, , , , ,441778, , , ,3,1,0,0,0,0,1,1,0,0,0,0,4,4,3,0,0,0,0,0,1,0,0,0,0,0,0,0,0,0,0,0,0,0,0,8,0,40.0645,-74.999, , 
 ,36570,2014049461,6,67,67301,2014,4,3,630,6,1,2,1,4,1, , ,N,1,2,0,3,0,2,3,2,N,N,39 57:04.665,75 10:25.093,634, ,633,1,2,1,N, ,3,Y, , , , ,441786, , , ,2,2,0,0,0,0,0,0,0,0,0,2,2,0,0,0,0,0,0,0,0,0,0,0,0,0,0,0,0,0,0,0,0,0,0,4,0,39.9513,-75.1736, , 
 ,36571,2014054529,6,67,67301,2014,4,5,1610,16,1,1,0,8,1, , ,N,1,2,0,3,0,1,2,2,N,N,39 56:42.324,75 09:40.921,1627, ,1621, ,0, ,N, ,3, , , , , ,441790, , , ,1,0,0,0,0,0,1,0,0,0,0,1,1,0,0,0,0,0,0,0,0,0,0,0,0,0,0,0,0,0,0,0,1,0,0,4,0,39.9451,-75.1614, , 
 ,36572,2014056737,6,67,67301,2014,6,4,1545,15,1,1,0,1,1, , ,N,0,0,0,3,0,1,4,2,N,N,39 54:00.002,75 09:34.797,1626, ,1617, ,0, ,N, ,0, , , , , ,441795, , , ,2,1,0,0,0,0,1,0,0,0,0,1,1,0,0,0,0,0,0,0,0,0,0,0,0,0,0,0,0,0,0,0,0,0,0,4,0,39.9,-75.1597, , 
 ,36573,2014065528,6,67,67301,2014,5,6,735,7,1,2,1,1,1, , ,N,0,0,3,3,0,0,3,3,N, ,39 56:35.018,75 11:47.892,832, ,825,2,1,1, , ,0,N, , , , ,441801, , , ,3,2,0,0,0,0,0,1,0,0,0,0,0,0,0,0,0,0,0,0,1,0,0,0,0,0,0,0,0,0,0,0,0,0,0,0,0,39.9431,-75.1966, , 
 ,36574,2014080603,6,67,67301,2014,8,1,829,8,1,1,0,7,2, , ,N,0,0,0,3,0,1,1,1,N,N,40 00:28.806,75 04:17.556,840, ,830, ,0, ,N, ,0, , , , , ,441802, , , ,1,1,0,0,0,0,0,0,0,0,0,0,1,1,0,0,0,0,0,0,0,0,0,0,0,0,0,0,0,0,0,0,0,0,0,8,0,40.008,-75.0715, , 
 ,36575,2014084226,6,67,67301,2014,7,4,508,5,3,1,0,4,1, , ,N,2,2,0,3,0,1,3,2,N, ,39 54:49.317,75 13:18.046,512, ,508, ,0, , , ,3, , , , , ,441805, , , ,2,0,0,0,0,0,2,0,0,0,1,0,1,0,0,0,0,0,0,0,0,0,0,0,0,0,0,0,0,0,0,0,0,0,0,3,0,39.9136,-75.2216, , 
 ,36576,2014091293,6,67,67301,2014,8,7,1945,19,4,1,0,1,1, , ,N,5,2,0,3,0,1,2,2,N,N,39 59:42.637,75 06:56.944,1945, ,1945, ,0, ,N, ,3, , , , , ,441827, , , ,1,0,0,0,0,0,1,0,1,0,1,0,1,0,0,0,0,0,0,0,0,0,0,0,0,0,0,0,0,0,0,0,0,0,0,3,0,39.9952,-75.1158, , 
 ,36577,2014104418,6,67,67301,2014,10,1,1209,12,1,1,0,6,1, , ,N,1,3,0,3,0,1,2,2,N,N,40 04:20.236,75 14:20.957,1216, ,1209, ,0, ,N, ,3, , , , , ,441839, , , ,2,1,1,0,0,0,0,0,0,0,0,0,1,1,0,0,0,0,0,0,0,0,0,0,0,0,0,0,0,0,0,0,0,0,0,8,0,40.0723,-75.2392, , 
 ,36578,2014109939,6,67,67301,2014,10,1,1850,18,3,1,0,4,1, , ,N,1,2,0,3,0,1,3,2,N,N,40 06:43.320,74 59:25.838,1856, ,1853,2,2,2,N, ,3,N, , , , ,441844, , , ,2,2,0,0,0,0,0,0,0,0,0,1,1,0,0,0,0,0,0,0,0,1,0,0,0,0,0,0,0,0,0,0,0,0,0,4,0,40.1121,-74.9907, , 
 ,36579,2014112717,6,67,67301,2014,4,7,2030,20,1,9,0,4,1, , ,N,1,3,0,3,0,0,2,2,N,N,40 01:34.816,75 04:52.910,0, ,0, ,0, ,N, ,3, , , , , ,441847, , , ,2,0,0,0,0,0,0,1,0,0,0,0,0,0,1,0,0,0,0,0,0,0,0,0,0,0,0,0,0,0,0,0,0,0,0,9,0,40.0263,-75.0814, , 
 ,36580,2014064835,6,67,67301,2014,6,6,11,0,3,2,1,7,2, , ,N,0,0,0,3,0,2,2,1,N,N,39 56:53.263,75 11:12.941,18, ,12,2,2,3,N, ,0,Y, , , , ,441850, , , ,1,1,0,0,0,0,0,0,0,0,1,1,2,0,0,0,0,1,0,0,0,0,0,1,0,0,0,0,0,0,0,0,0,0,0,3,0,39.9481,-75.1869, , 
 ,36581,2014074880,6,67,67301,2014,6,7,2210,22,3,1,0,4,1, , ,N,1,2,0,3,0,4,5,2,N, ,39 55:26.682,75 14:43.799,2225, ,2217, ,0, , , ,3, , , , , ,441869, , , ,2,0,0,0,0,0,2,0,0,0,0,4,4,0,0,0,0,0,0,0,0,1,0,0,0,0,0,0,0,0,0,0,0,0,0,4,0,39.9241,-75.2455, , 
 ,36582,2014091340,6,67,67301,2014,9,6,1600,16,1,1,0,8,1, , ,N,2,3,0,3,0,1,2,2,N,N,39 59:11.536,75 08:00.257,1648, ,1640, ,0, ,N, ,3, , , , , ,441883, , , ,1,0,0,0,1,0,0,0,1,0,0,1,1,0,0,0,0,0,0,0,0,0,0,0,0,0,0,0,0,0,0,0,0,0,0,4,0,39.9865,-75.1334, , 
 ,36583,2014059038,6,67,67301,2014,5,3,1250,12,1,1,0,1,1, , ,N,0,0,0,3,0,1,3,2,N,N,39 54:54.308,75 09:29.201,1304, ,1258, ,0, , , ,0, , , , , ,441899, , , ,2,2,0,0,0,0,0,0,0,0,0,0,1,1,1,0,0,0,0,0,0,0,0,0,0,0,0,0,0,0,0,0,0,0,0,8,0,39.9151,-75.1581, , 
 ,36584,2014059148,6,67,67301,2014,5,5,1530,15,1,1,0,5,6, , ,N,0,0,0,3,0,0,2,2,N,N,39 57:15.930,75 14:32.694,1620, ,1618, ,0, ,N, ,0, , , , , ,441900, , , ,2,1,0,0,1,0,0,0,0,0,0,0,0,0,0,0,0,0,0,0,1,0,0,0,0,0,0,0,0,0,0,0,0,0,0,0,0,39.9544,-75.2424, , 
 ,36585,2014049842,6,67,67301,2014,4,5,9999,99,1,1,0,2,1, , ,N,2,0,0,3,0,1,2,2,N, ,39 58:53.950,75 13:34.463,9999, ,9999, ,0, , , ,0, , , , , ,441937, , , ,2,1,0,0,0,0,0,1,0,0,0,0,1,1,0,0,0,0,0,0,1,0,0,0,0,0,0,0,0,0,0,0,0,0,0,8,0,39.9817,-75.2262, , 
 ,36586,2014088279,6,67,67301,2014,6,4,2139,21,3,1,0,8,1, , ,N,0,0,0,3,0,1,3,2,N, ,39 54:51.308,75 09:06.434,2145, ,2141, ,0, , , ,0, , , , , ,430213, , , ,1,1,0,0,0,0,0,0,0,0,0,0,1,1,0,0,0,0,0,0,1,0,0,0,0,0,0,0,0,0,0,0,1,0,0,8,0,39.9143,-75.1518, , 
 ,36587,2014098682,6,67,67301,2014,9,1,1800,18,1,2,1,7,2, , ,N,0,0,3,3,0,0,1,1,N,N,39 55:09.814,75 12:13.885,1855, ,1811, ,0, ,N, ,0, , , , , ,430224, , , ,1,0,0,0,0,0,0,1,0,0,0,0,0,0,0,0,0,0,0,0,0,0,0,0,0,0,0,0,0,0,0,0,0,0,0,0,0,39.9194,-75.2039, , 
 ,36588,2014104679,6,67,67301,2014,10,4,646,6,3,2,1,1,1, , ,N,0,0,0,3,0,0,2,2,N,N,40 02:58.324,74 59:39.682,714, ,649,2,1,1,N, ,0,N, , , , ,430234, , , ,2,2,0,0,0,0,0,0,0,0,0,0,0,0,0,0,0,0,0,0,0,0,0,0,0,0,0,0,0,0,0,0,0,0,0,0,0,40.0495,-74.9944, , 
 ,36589,2014016475,6,67,67301,2014,1,4,423,4,3,4,4,1,1, , ,N,0,0,0,3,0,0,3,2,N,N,40 02:33.751,75 00:11.788,436, ,427, ,0, ,N, ,0, , , , , ,430246, , , ,2,1,0,0,0,1,0,0,0,0,0,0,0,0,2,0,0,0,0,0,1,0,0,0,0,0,0,0,0,0,0,0,0,0,0,9,1,40.0427,-75.0033, , 
 ,36590,2014041092,6,67,67301,2014,4,5,1725,17,1,1,0,1,1, , ,N,0,2,0,3,0,3,5,4,N,N,39 59:10.874,75 09:22.497,1725, ,1725, ,0, ,N, ,3, , , , , ,430262, , , ,4,1,0,0,1,0,2,0,0,0,0,0,3,3,0,0,0,0,0,0,3,0,0,0,0,0,0,0,0,0,0,0,0,0,0,8,0,39.9864,-75.1562, , 
 ,36591,2014049462,6,67,67301,2014,4,5,252,2,3,1,0,4,1, , ,N,1,0,0,3,0,6,6,2,N, ,40 01:49.407,75 08:59.762,252, ,234, ,0, ,N, ,0, , , , , ,430269, , , ,2,2,0,0,0,0,0,0,0,0,4,2,6,0,0,0,0,0,0,0,0,0,0,0,0,0,0,0,0,0,0,0,0,0,0,3,0,40.0304,-75.1499, , 
 ,36592,2014074194,6,67,67301,2014,7,2,220,2,3,2,1,7,2, , ,N,0,0,0,3,0,0,1,1,N,N,39 57:05.293,75 10:57.914,242, ,228,1,1,3,N, ,0,N, , , , ,430303, , , ,1,0,0,0,0,0,0,1,0,0,0,0,0,0,0,0,0,0,0,0,0,0,0,0,0,0,0,0,0,0,0,0,0,0,0,0,0,39.9515,-75.1828, , 
 ,36593,2014078886,6,67,67301,2014,6,2,1756,17,1,1,0,4,1, , ,N,1,3,0,3,0,1,7,2,N, ,40 01:27.699,75 02:31.469,1845, ,1836, ,0, , , ,3, , , , , ,430310, , , ,2,2,0,0,0,0,0,0,0,0,0,1,1,0,0,0,0,0,0,0,0,0,0,0,0,0,0,0,0,0,0,0,0,0,0,4,0,40.0244,-75.0421, , 
 ,36594,2014088131,6,67,67301,2014,7,6,1607,16,1,1,0,8,1, , ,N,1,3,0,3,0,1,2,2,N,N,40 03:36.565,75 11:19.354,1615, ,1609, ,0, ,N, ,3, , , , , ,430319, , , ,1,1,0,0,0,0,0,0,0,0,0,0,1,1,0,0,0,0,0,0,0,0,0,0,0,0,0,0,0,0,0,0,1,0,0,8,0,40.0602,-75.1887, , 
 ,36595,2014091425,6,67,67301,2014,8,4,1512,15,1,1,0,4,1, , ,N,1,2,0,3,0,2,5,2,N,N,40 02:08.676,75 04:51.649,1515, ,1515, ,0, ,N, ,3, , , , , ,430322, , , ,2,0,0,0,0,0,0,2,0,0,2,0,2,0,0,0,0,0,0,0,0,0,0,0,0,0,0,0,0,0,0,0,0,0,0,3,0,40.0356,-75.081, , 
 ,36596,2014091543,6,67,67301,2014,9,2,802,8,1,1,0,1,1, , ,N,7,0,2,3,0,0,2,2,N,N,39 54:39.103,75 08:56.529,826, ,812, ,0, ,N, ,0, , , , , ,430323, , , ,2,2,0,0,0,0,0,0,0,0,0,0,0,0,0,0,0,0,0,0,1,0,0,1,0,0,0,0,0,0,0,0,0,0,0,0,0,39.9109,-75.149, , 
 ,36597,2014104538,6,67,67301,2014,9,2,1729,17,1,2,1,4,1, , ,N,1,2,0,3,0,4,5,2,N,N,39 56:07.602,75 13:13.393,1737, ,1733,3,1,5,N, ,3,Y, , , , ,430333, , , ,2,1,0,0,0,0,0,1,0,0,0,4,4,0,1,0,0,0,0,0,0,0,1,0,0,0,0,0,0,0,0,0,0,0,0,4,0,39.9354,-75.2204, , 
 ,36598,2014039035,6,67,67301,2014,3,2,24,0,3,3,1,7,4, , ,N,2,2,0,3,0,2,2,5,N, ,39 57:34.816,75 14:50.653,26, ,224, ,0, , , ,3, , , , , ,430364, , , ,5,2,0,0,1,0,2,0,0,0,2,0,2,0,0,0,0,0,0,0,0,0,0,2,0,0,0,0,0,0,0,0,0,0,0,3,0,39.9597,-75.2474, , 
 ,36599,2014042635,6,67,67301,2014,3,1,2029,20,3,1,0,4,1, , ,N,1,2,0,3,0,0,2,2,N, ,39 59:30.115,75 11:08.190,2032, ,2030,3,1,2, , ,3,Y, , , , ,430366, , , ,2,2,0,0,0,0,0,0,0,0,0,0,0,0,1,0,0,0,0,0,0,0,0,0,0,0,0,0,0,0,0,0,0,0,0,9,0,39.9917,-75.1856, , 
 ,36600,2014049611,6,67,67301,2014,4,7,855,8,1,1,0,4,1, , ,N,1,2,0,3,0,4,5,2,N,N,40 02:02.361,75 04:27.863,900, ,855,1,1,1,N, ,3,N, , , , ,430374, , , ,2,1,0,0,1,0,0,0,0,0,0,4,4,0,0,0,0,0,0,0,1,0,0,0,0,0,0,0,0,0,0,0,0,0,0,4,0,40.034,-75.0744, , 
 ,36601,2014005509,6,67,67301,2014,1,6,917,9,1,2,1,1,1, , ,N,0,0,0,3,0,1,2,2,N,Y,40 00:39.876,75 03:42.844,938, ,922, ,0, ,N, ,0, , , , , ,430383, , , ,2,0,0,0,1,0,1,0,0,0,0,1,1,0,0,0,0,0,0,0,0,0,0,0,0,0,0,0,0,0,0,0,0,0,0,4,0,40.0111,-75.0619, , 
 ,36602,2014069434,6,67,67301,2014,6,3,1415,14,1,2,1,8,1, , ,N,1,2,0,3,0,1,2,2,N,N,39 59:23.294,75 09:31.625,1430, ,1426, ,0, ,N, ,3, , , , , ,430391, , , ,1,1,0,0,0,0,0,0,0,0,1,0,1,0,0,0,0,0,0,0,0,1,0,0,0,0,0,0,0,0,0,0,1,0,0,3,0,39.9898,-75.1588, , 
 ,36603,2014099668,6,67,67301,2014,9,1,2250,22,3,1,0,1,1, , ,N,0,0,2,3,0,1,2,2,N,N,39 59:59.575,75 04:49.381,2323, ,2253, ,0, ,N, ,0, , , , , ,430427, , , ,2,2,0,0,0,0,0,0,0,0,0,1,1,0,1,0,0,0,1,0,0,0,0,0,0,0,0,0,0,0,0,0,0,0,0,4,0,39.9999,-75.0804, , 
 ,36604,2014039013,6,67,67301,2014,3,6,1423,14,1,1,0,8,1, , ,N,3,2,0,3,0,1,2,2,N,N,40 01:23.655,75 08:11.842,1440, ,1425,1,1,2,N, ,3,N, , , , ,433357, , , ,1,0,0,0,0,0,1,0,0,0,0,1,1,0,1,0,0,0,0,0,0,0,0,0,0,0,0,0,0,0,0,0,1,0,0,4,0,40.0232,-75.1366, , 
 ,36605,2014062765,6,67,67301,2014,6,7,530,5,1,1,0,5,1, , ,N,6,0,0,3,0,0,2,2,N,N,39 57:36.094,75 10:47.782,530, ,530, ,0, ,N, ,0, , , , , ,433379, , , ,2,0,0,0,1,0,1,0,0,0,0,0,0,0,0,0,0,0,0,0,0,0,1,0,0,0,0,0,0,0,0,0,0,0,0,0,0,39.96,-75.1799, , 
 ,36606,2014089351,6,67,67301,2014,8,6,1909,19,1,1,0,4,1, , ,N,1,3,2,3,0,2,6,2,N,N,39 59:11.983,75 12:29.919,1930, ,1923,2,1,3,N, ,3,N, , , , ,433403, , , ,2,0,0,0,0,0,1,1,0,0,0,2,2,0,0,0,0,0,0,0,0,0,0,0,0,0,0,0,0,0,0,0,0,0,0,4,0,39.9867,-75.2083, , 
 ,36607,2014096004,6,67,67301,2014,9,6,9999,99,1,1,0,4,1, , ,N,1,2,0,3,0,1,2,2,N,N,39 59:52.789,75 07:31.478,1321, ,1319, ,0, ,N, ,3, , , , , ,433412, , , ,1,0,0,0,0,1,0,0,1,0,0,0,1,1,0,0,0,0,0,0,1,0,0,0,0,0,0,0,0,0,0,0,0,0,0,8,0,39.998,-75.1254, , 
 ,36608,2014025353,6,67,67301,2014,2,7,1830,18,3,1,0,1,1, , ,N,0,0,0,3,0,2,4,2,N, ,40 00:34.481,75 08:50.922,1850, ,1845,1,1,2, , ,0,N, , , , ,433444, , , ,2,2,0,0,0,0,0,0,0,0,0,2,2,0,0,0,0,0,0,0,1,0,0,0,0,0,0,0,0,0,0,0,0,0,0,4,0,40.0096,-75.1475, , 
 ,36609,2014032371,6,67,67301,2014,2,7,240,2,3,1,1,1,1, , ,N,3,2,0,3,0,2,3,2,N,N,40 04:57.151,75 02:15.941,241, ,241, ,0, ,N, ,3, , , , , ,433450, , , ,2,2,0,0,0,0,0,0,0,0,0,2,2,0,0,0,0,0,0,0,0,0,0,1,0,0,0,0,0,0,0,0,0,0,0,4,0,40.0825,-75.0378, , 