wz_ln_closure,objectid_1,crn,district,county,municipality,crash_year,crash_month,day_of_week,time_of_day,hour_of_day,illumination,weather,road_condition,collision_type,relation_to_road,work_zone_type,work_zone_loc,work_zone_ind,intersect_type,tcd_type,location_type,urban_rural,fatal_count,injury_count,person_count,total_units,sch_bus_ind,sch_zone_ind,latitude,longitude,arrival_tm,cons_zone_spd_lim,dispatch_tm,est_hrs_closed,lane_closed,ln_close_dir,ntfy_hiwy_maint,spec_juris_cd,tcd_func_cd,tfc_detour_ind,workers_pres,wz_close_detour,wz_flagger,wz_law_offcr_ind,objectid,wz_moving,wz_other,wz_shlder_mdn,vehicle_count,automobile_count,motorcycle_count,bus_count,small_truck_count,heavy_truck_count,suv_count,van_count,bicycle_count,maj_inj_count,mod_inj_count,min_inj_count,tot_inj_count,unk_inj_deg_count,unk_inj_per_count,driver_count_16yr,driver_count_17yr,driver_count_18yr,driver_count_19yr,driver_count_20yr,driver_count_50_64yr,driver_count_65_74yr,driver_count_75plus,unbelted_occ_count,unb_death_count,unb_maj_inj_count,belted_death_count,belted_maj_inj_count,mcycle_death_count,mcycle_maj_inj_count,bicycle_death_count,bicycle_maj_inj_count,ped_count,ped_death_count,ped_maj_inj_count,max_severity_level,comm_veh_count,dec_lat,dec_long,rdwy_surf_type_cd,county_name
 ,36876,2014058837,6,67,67301,2014,6,1,221,2,3,1,0,7,2, , ,N,0,0,0,3,0,0,1,1,N,N,39 57:02.923,75 10:58.751,221, ,221,1,2,4,N, ,0,N, , , , ,431011, , , ,1,1,0,0,0,0,0,0,0,0,0,0,0,0,0,0,0,0,0,0,0,0,0,0,0,0,0,0,0,0,0,0,0,0,0,0,0,39.9508,-75.183, , 
 ,36877,2014059239,6,67,67301,2014,5,5,2330,23,3,1,0,4,1, , ,N,1,3,2,3,0,0,2,2,N, ,40 01:10.999,75 09:56.602,27, ,20, ,0, ,N, ,3, , , , , ,431012, , , ,2,2,0,0,0,0,0,0,0,0,0,0,0,0,0,0,0,0,0,0,0,0,0,0,0,0,0,0,0,0,0,0,0,0,0,0,0,40.0197,-75.1657, , 
 ,36878,2014034164,6,67,67301,2014,2,5,430,4,3,9,0,7,4, , ,N,0,0,0,3,0,1,1,1,N,N,39 56:07.375,75 12:01.314,438, ,435,9,2,2,N, ,0,N, , , , ,431033, , , ,1,0,0,0,1,0,0,0,0,0,0,0,1,1,0,0,0,0,0,0,1,0,0,0,0,0,0,0,0,0,0,0,0,0,0,8,0,39.9354,-75.2004, , 
 ,36879,2014044556,6,67,67301,2014,3,5,1224,12,1,1,0,8,5, , ,N,1,2,0,3,0,1,2,2,N,N,39 59:18.146,75 06:35.283,1250, ,1242, ,0, , , ,3, , , , , ,431040, , , ,1,1,0,0,0,0,0,0,0,0,0,1,1,0,0,0,0,0,0,0,0,0,0,1,0,0,0,0,0,0,0,0,1,0,0,4,0,39.9884,-75.1098, , 
 ,36880,2014053826,6,67,67301,2014,5,7,1934,19,1,1,0,7,5, , ,N,0,0,0,3,0,3,3,1,N,N,40 02:05.485,75 01:07.943,1935, ,1934,2,2,2,N, ,0,N, , , , ,431051, , , ,1,1,0,0,0,0,0,0,0,0,0,3,3,0,0,0,0,1,0,0,0,0,0,0,0,0,0,0,0,0,0,0,0,0,0,4,0,40.0349,-75.0189, , 
 ,36881,2014013089,6,67,67301,2014,1,2,2042,20,3,3,5,7,4, , ,N,0,0,0,3,0,0,1,1,N, ,40 05:03.469,74 57:34.257,2047, ,2046, ,0, , , ,0, , , , , ,431057, , , ,1,1,0,0,0,0,0,0,0,0,0,0,0,0,0,0,0,0,0,0,0,0,0,0,0,0,0,0,0,0,0,0,0,0,0,0,0,40.0843,-74.9595, , 
 ,36882,2014059229,6,67,67301,2014,4,6,2335,23,3,2,1,8,1, , ,N,1,2,0,3,0,1,2,2,N, ,39 57:37.816,75 13:43.179,2340, ,2340, ,0, , , ,3, , , , , ,431067, , , ,1,1,0,0,0,0,0,0,0,0,1,0,1,0,1,0,0,0,0,0,0,0,0,0,0,0,0,0,0,0,0,0,1,0,0,3,0,39.9604,-75.2287, , 
 ,36883,2014071853,6,67,67301,2014,7,5,1811,18,1,1,0,5,1, , ,N,7,0,2,3,0,3,3,2,N,N,39 53:29.072,75 14:13.179,1826, ,1815,2,2,1,N, ,0,Y, , , , ,431073, , , ,2,1,0,0,0,0,1,0,0,1,1,1,3,0,0,0,0,0,0,0,0,0,0,0,0,0,0,1,0,0,0,0,0,0,0,2,0,39.8927,-75.2338, , 
 ,36884,2014081136,6,67,67301,2014,8,3,2012,20,3,2,1,1,1, , ,N,0,0,0,3,0,1,5,2,N,N,39 56:48.930,75 08:32.328,2042, ,2018, ,0, ,N, ,0, , , , , ,431078, , , ,2,1,0,0,1,0,0,0,0,0,0,0,1,1,0,0,0,0,0,0,1,0,0,0,0,0,0,0,0,0,0,0,0,0,0,8,0,39.9469,-75.1423, , 
 ,36885,2014088310,6,67,67301,2014,8,7,1210,12,1,1,0,8,1, , ,N,1,3,0,3,0,1,2,2,N,N,40 02:12.763,75 01:34.149,1213, ,1213, ,0, ,N, ,3, , , , , ,431081, , , ,1,1,0,0,0,0,0,0,0,0,0,1,1,0,0,0,0,0,0,0,0,0,0,0,0,0,0,0,0,0,0,0,1,0,0,4,0,40.0369,-75.0262, , 
 ,36886,2014088689,6,67,67301,2014,8,3,2020,20,3,2,1,8,1, , ,N,2,0,0,3,0,1,2,2,N, ,39 57:43.056,75 13:39.640,9999, ,1700, ,0, , , ,0, , , , , ,431082, , , ,1,1,0,0,0,0,0,0,0,0,1,0,1,0,0,0,0,0,0,0,0,0,0,0,0,0,0,0,0,0,0,0,1,0,0,3,0,39.962,-75.2277, , 
 ,36887,2014074471,6,67,67301,2014,6,7,1502,15,1,1,0,1,1, , ,N,0,0,0,3,0,1,3,2,N,N,39 56:50.708,75 13:35.886,1531, ,1523, ,0, ,N, ,0, , , , , ,431119, , , ,2,1,0,0,0,0,1,0,0,0,0,0,1,1,0,0,0,0,0,0,1,0,0,0,0,0,0,0,0,0,0,0,0,0,0,8,0,39.9474,-75.2266, , 
 ,36888,2014089731,6,67,67301,2014,8,2,930,9,1,1,0,1,1, , ,N,0,0,7,3,0,0,2,2,N,N,39 57:32.810,75 12:50.110,940, ,933, ,0, ,N, ,0, , , , , ,431132, , , ,2,0,0,0,0,0,2,0,0,0,0,0,0,0,0,0,0,0,0,0,1,0,0,1,0,0,0,0,0,0,0,0,0,0,0,0,0,39.9591,-75.2139, , 
 ,36889,2014097848,6,67,67301,2014,9,6,2009,20,3,1,0,1,1, , ,N,0,0,0,3,0,1,2,2,N,N,39 58:52.891,75 06:09.823,2019, ,2016, ,0, ,N, ,0, , , , , ,431137, , , ,2,1,0,0,0,0,1,0,0,0,0,0,1,1,0,0,0,0,0,0,0,0,0,0,0,0,0,0,0,0,0,0,0,0,0,8,0,39.9814,-75.1027, , 
 ,36890,2014104388,6,67,67301,2014,10,6,2320,23,3,1,0,1,1, , ,N,0,0,0,3,0,1,2,2,N,N,39 56:10.653,75 09:13.010,2331, ,2327, ,0, ,N, ,0, , , , , ,431143, , , ,1,1,0,0,0,0,0,0,1,0,0,1,1,0,0,0,0,0,0,0,0,0,0,0,0,0,0,0,0,0,0,0,0,0,0,4,0,39.9363,-75.1536, , 
 ,36891,2014113345,6,67,67301,2014,10,6,211,2,3,1,0,7,4, , ,N,3,8,0,3,0,0,1,1,N, ,40 00:54.775,75 10:37.437,217, ,211,9,1,1, , ,3,Y, , , , ,431150, , , ,1,0,0,0,0,0,1,0,0,0,0,0,0,0,0,0,0,0,0,0,0,0,0,0,0,0,0,0,0,0,0,0,0,0,0,0,0,40.0152,-75.1771, , 
 ,36892,2014029901,6,67,67301,2014,2,7,9999,99,3,1,0,7,4, , ,N,0,0,0,3,0,1,1,2,N,N,40 01:14.021,75 10:32.753,2030, ,2016, ,0, ,N, ,0, , , , , ,431175, , , ,1,1,0,0,0,0,0,0,0,0,0,1,1,0,0,0,0,0,0,0,0,0,0,1,0,0,0,0,0,0,0,0,0,0,0,4,0,40.0206,-75.1758, , 
 ,36893,2014039012,6,67,67301,2014,3,6,0,0,3,1,0,5,1, , ,N,0,0,0,3,0,3,4,3,N,N,40 02:44.571,75 09:13.574,41, ,29, ,0, ,N, ,0, , , , , ,431179, , , ,3,2,0,0,0,0,1,0,0,0,0,3,3,0,0,0,0,0,0,0,0,0,0,0,0,0,0,0,0,0,0,0,0,0,0,4,0,40.0457,-75.1538, , 
 ,36894,2014091322,6,67,67301,2014,9,1,2113,21,3,1,0,7,4, , ,N,2,2,0,3,0,0,1,1,N,N,39 54:26.956,75 09:04.460,2315, ,2310,3,1,1,N, ,3,N, , , , ,434074, , , ,1,0,0,0,0,0,1,0,0,0,0,0,0,0,1,0,0,0,0,0,0,0,0,0,0,0,0,0,0,0,0,0,0,0,0,9,0,39.9075,-75.1512, , 
 ,36895,2014067928,6,67,67301,2014,6,5,1421,14,1,1,0,5,1, , ,N,0,0,0,3,0,1,2,2,N, ,40 05:38.322,74 58:47.098,1630, ,1620, ,0, , , ,0, , , , , ,434094, , , ,1,1,0,0,0,0,0,0,1,0,0,0,1,1,0,0,0,0,0,0,0,0,0,0,0,0,0,0,0,0,0,0,0,0,0,8,0,40.094,-74.9797, , 
 ,36896,2014087737,6,67,67301,2014,7,2,1309,13,1,1,0,8,1, , ,N,1,2,0,3,0,1,2,2,N,N,39 57:41.520,75 13:28.357,1326, ,1321, ,0, ,N, ,3, , , , , ,434107, , , ,1,1,0,0,0,0,0,0,0,0,0,1,1,0,0,0,0,0,0,0,0,0,0,1,0,0,0,0,0,0,0,0,1,0,0,4,0,39.9615,-75.2245, , 
 ,36897,2014103211,6,67,67301,2014,10,6,1920,19,3,1,0,1,1, , ,N,0,0,0,3,0,0,2,2,N,N,39 59:37.972,75 05:04.667,1931, ,1925, ,0, ,N, ,0, , , , , ,434123, , , ,2,1,0,0,1,0,0,0,0,0,0,0,0,0,0,0,0,0,0,0,0,0,0,0,0,0,0,0,0,0,0,0,0,0,0,0,0,39.9939,-75.0846, , 
 ,36898,2014084328,6,67,67301,2014,7,4,1017,10,1,1,0,4,1, , ,N,1,3,0,3,0,1,4,3,N,N,39 57:38.541,75 14:13.174,1017, ,1017, ,0, ,N, ,3, , , , , ,434159, , , ,3,2,0,0,0,0,1,0,0,0,0,0,1,1,0,0,0,0,0,0,0,0,0,1,0,0,0,0,0,0,0,0,0,0,0,8,0,39.9607,-75.237, , 
 ,36899,2014091300,6,67,67301,2014,8,6,537,5,3,1,0,8,1, , ,N,1,2,0,3,0,1,2,2,N,N,40 02:20.942,75 06:36.006,540, ,538, ,0, ,N, ,3, , , , , ,434164, , , ,1,1,0,0,0,0,0,0,0,0,0,1,1,0,0,0,0,0,0,0,0,0,0,0,0,0,0,0,0,0,0,0,1,0,0,4,0,40.0392,-75.11, , 
 ,36900,2014061242,6,67,67301,2014,6,1,1610,16,1,1,0,1,1, , ,N,0,0,0,3,0,0,2,2,N,N,39 58:38.172,75 12:00.549,1615, ,1615,1,1,3,N, ,0,N, , , , ,434193, , , ,2,1,0,0,1,0,0,0,0,0,0,0,0,0,0,0,0,0,0,0,0,1,0,0,0,0,0,0,0,0,0,0,0,0,0,0,0,39.9773,-75.2002, , 
 ,36901,2014057916,6,67,67301,2014,6,2,1921,19,4,2,1,7,5, , ,N,2,0,0,3,0,0,3,1,N,N,40 04:47.440,75 12:03.335,1927, ,1921, ,0, ,N, ,0, , , , , ,434200, , , ,1,0,0,0,0,0,1,0,0,0,0,0,0,0,0,1,0,0,0,0,0,0,0,0,0,0,0,0,0,0,0,0,0,0,0,0,0,40.0798,-75.2009, , 
 ,36902,2014059059,6,67,67301,2014,5,6,1630,16,1,1,0,1,1, , ,N,2,2,0,3,0,3,5,2,N,N,40 04:53.936,74 59:39.961,1640, ,1633, ,0, , , ,3, , , , , ,434203, , , ,2,1,0,0,0,0,1,0,0,0,0,2,3,1,0,0,0,0,0,0,0,0,0,0,0,0,0,0,0,0,0,0,0,0,0,4,0,40.0816,-74.9944, , 
 ,36903,2014068030,6,67,67301,2014,5,4,1810,18,1,1,0,1,1, , ,N,5,2,0,3,0,1,3,3,N,N,40 03:30.268,75 08:57.263,1845, ,1831, ,0, ,N, ,3, , , , , ,434211, , , ,3,2,0,0,0,0,1,0,0,0,0,1,1,0,0,0,0,0,0,0,1,0,0,0,0,0,0,0,0,0,0,0,0,0,0,4,0,40.0584,-75.1492, , 
 ,36904,2014068066,6,67,67301,2014,5,1,1146,11,1,1,0,4,1, , ,N,0,0,7,3,0,0,4,2,N,N,40 00:20.550,75 06:00.443,1146, ,1146, ,0, ,N, ,0, , , , , ,434212, , , ,2,1,0,0,0,0,1,0,0,0,0,0,0,0,0,0,0,0,0,0,0,1,0,0,0,0,0,0,0,0,0,0,0,0,0,0,0,40.0057,-75.1001, , 
 ,36905,2014061092,6,67,67301,2014,5,3,1405,14,1,1,0,4,1, , ,N,1,2,0,3,0,2,3,2,N,N,40 00:28.738,75 06:17.312,1413, ,1410, ,0, ,N, ,3, , , , , ,434239, , , ,2,2,0,0,0,0,0,0,0,1,0,1,2,0,0,0,0,0,0,0,0,0,0,1,0,1,0,0,0,0,0,0,0,0,0,2,0,40.008,-75.1048, , 
N,36906,2014044260,6,67,67301,2014,4,1,1246,12,1,1,0,1,1,1,4,Y,0,0,0,3,0,3,14,4,N,N,40 01:27.916,75 01:50.981,1322,45,1248,3,2,2,N, ,0,N,N,N,N,N,434265,N,N,Y,4,1,0,0,1,0,2,0,0,0,0,0,3,3,0,0,0,0,0,0,0,0,0,0,0,0,0,0,0,0,0,0,0,0,0,8,0,40.0244,-75.0308, , 
 ,36907,2014075023,6,67,67301,2014,7,7,314,3,3,1,0,7,2, , ,N,0,0,0,3,0,0,2,1,N,N,39 59:24.833,75 05:13.551,314, ,314,1,1,2,N, ,0,N, , , , ,434280, , , ,1,1,0,0,0,0,0,0,0,0,0,0,0,0,0,0,0,0,0,0,0,0,0,0,0,0,0,0,0,0,0,0,0,0,0,0,0,39.9902,-75.0871, , 
 ,36908,2014069430,6,67,67301,2014,5,5,1647,16,1,1,0,4,1, , ,N,1,2,0,3,0,0,3,2,N,N,40 04:12.522,75 10:00.271,1650, ,1648,2,2,7, , ,3,Y, , , , ,434300, , , ,2,1,0,0,0,0,1,0,0,0,0,0,0,0,3,0,0,0,0,0,2,0,0,0,0,0,0,0,0,0,0,0,0,0,0,9,0,40.0701,-75.1667, , 
 ,36909,2014075965,6,67,67301,2014,6,6,1015,10,1,1,1,8,1, , ,N,1,2,0,3,0,1,2,2,N,N,39 57:25.867,75 12:07.023,1015, ,1015,2,1,3,N, ,3,Y, , , , ,434307, , , ,1,1,0,0,0,0,0,0,0,0,1,0,1,0,0,0,0,0,0,0,1,0,0,0,0,0,0,0,0,0,0,0,1,0,0,3,0,39.9571,-75.2019, , 
 ,36910,2014078853,6,67,67301,2014,2,6,9999,99,3,1,0,3,1, , ,N,1,3,0,3,0,3,18,2,Y,N,39 58:56.452,75 09:43.307,1911, ,1911,1,2,3,N, ,3,N, , , , ,434311, , , ,2,1,0,1,0,0,0,0,0,0,0,3,3,0,0,0,0,0,1,0,0,0,0,0,0,0,0,0,0,0,0,0,0,0,0,4,1,39.9823,-75.162, , 
 ,36911,2014084361,6,67,67301,2014,7,4,230,2,2,1,0,7,4, , ,N,0,0,0,3,0,1,1,1,N,N,39 58:03.313,75 10:53.236,234, ,233, ,0, ,N, ,0, , , , , ,434317, , , ,1,1,0,0,0,0,0,0,0,0,0,1,1,0,0,0,0,0,0,0,0,0,0,1,0,0,0,0,0,0,0,0,0,0,0,4,0,39.9676,-75.1815, , 
 ,36912,2014087962,6,67,67301,2014,7,4,1721,17,1,1,0,1,1, , ,N,0,0,0,3,0,4,6,2,N, ,39 59:00.755,75 08:34.826,1745, ,1731, ,0, , , ,0, , , , , ,439806, , , ,2,0,0,0,0,0,1,1,0,0,0,0,4,4,0,0,0,0,0,0,1,0,0,0,0,0,0,0,0,0,0,0,0,0,0,8,0,39.9835,-75.143, , 
 ,36913,2014088876,6,67,67301,2014,8,6,1105,11,1,1,0,4,1, , ,N,1,3,0,3,0,1,2,2,N, ,39 58:10.746,75 12:41.274,1242, ,1236, ,0, , , ,3, , , , , ,439807, , , ,1,1,0,0,0,0,0,0,1,0,0,1,1,0,0,0,0,0,0,0,0,0,0,0,0,0,0,0,0,0,0,0,0,0,0,4,0,39.9697,-75.2115, , 
 ,36914,2014088903,6,67,67301,2014,8,6,2200,22,3,1,0,1,1, , ,N,0,0,0,3,0,1,3,2,N,N,39 55:28.948,75 14:42.810,2350, ,2345, ,0, ,N, ,0, , , , , ,439808, , , ,2,1,0,0,0,0,1,0,0,0,1,0,1,0,1,0,0,0,0,0,1,0,0,0,0,0,0,0,0,0,0,0,0,0,0,3,0,39.9247,-75.2452, , 
 ,36915,2014065569,6,67,67301,2014,5,5,750,7,1,1,0,5,6, , ,N,0,0,0,3,0,1,1,3,N,N,39 55:30.592,75 14:01.817,753, ,750, ,0, ,N, ,0, , , , , ,439838, , , ,3,0,0,0,2,0,1,0,0,0,0,0,1,1,0,0,0,0,0,0,1,0,0,0,0,0,0,0,0,0,0,0,0,0,0,8,0,39.9252,-75.2338, , 
 ,36916,2014067958,6,67,67301,2014,6,4,1713,17,1,1,0,8,1, , ,N,2,3,0,3,0,1,3,2,N, ,39 56:59.005,75 09:50.709,1718, ,1715, ,0, ,N, ,3, , , , , ,439839, , , ,1,1,0,0,0,0,0,0,0,0,0,1,1,0,0,0,0,0,0,0,0,1,0,0,0,0,0,0,0,0,0,0,1,0,0,4,0,39.9497,-75.1641, , 
 ,36917,2014081477,6,67,67301,2014,6,1,241,2,3,1,0,1,1, , ,N,1,2,0,3,0,2,3,3,N,N,40 02:04.999,75 07:51.139,432, ,430,2,1,2, , ,3,N, , , , ,439845, , , ,3,3,0,0,0,0,0,0,0,0,1,1,2,0,0,0,0,0,0,0,0,0,0,0,0,0,0,0,0,0,0,0,0,0,0,3,0,40.0347,-75.1309, , 
 ,36918,2014095918,6,67,67301,2014,9,5,9999,99,3,1,0,4,1, , ,N,1,0,0,3,0,0,1,2,N,N,39 59:34.443,75 08:45.915,2040, ,2030, ,0, ,N, ,0, , , , , ,439855, , , ,2,0,0,0,0,0,2,0,0,0,0,0,0,0,0,0,0,0,0,0,1,0,0,0,0,0,0,0,0,0,0,0,0,0,0,0,0,39.9928,-75.1461, , 
 ,36919,2014096416,6,67,67301,2014,9,3,1400,14,1,9,0,7,4, , ,N,0,0,0,3,0,1,1,1,N,N,39 59:40.875,75 11:54.544,1540, ,1530, ,0, ,N, ,0, , , , , ,439856, , , ,1,0,1,0,0,0,0,0,0,0,0,0,1,1,0,0,0,0,0,0,0,0,0,0,0,0,0,0,0,0,0,0,0,0,0,8,0,39.9947,-75.1985, , 
 ,36920,2014098636,6,67,67301,2014,9,7,2030,20,3,1,0,1,6, , ,N,0,0,0,3,0,0,1,2,N,N,40 00:42.407,75 09:02.094,2256, ,2254, ,0, ,N, ,0, , , , , ,439860, , , ,2,1,0,0,0,0,1,0,0,0,0,0,0,0,1,0,0,0,0,0,0,0,0,0,0,0,0,0,0,0,0,0,0,0,0,9,0,40.0118,-75.1506, , 
 ,36921,2014104458,6,67,67301,2014,9,7,220,2,3,1,0,8,1, , ,N,0,2,0,3,0,1,2,2,N,N,39 57:04.058,75 09:50.071,229, ,221, ,0, ,N, ,3, , , , , ,439864, , , ,1,1,0,0,0,0,0,0,0,0,0,1,1,0,0,0,0,0,0,0,0,0,0,0,0,0,0,0,0,0,0,0,1,0,0,4,0,39.9511,-75.1639, , 
 ,36922,2014065607,6,67,67301,2014,5,2,2300,23,3,1,0,8,1, , ,N,0,0,0,3,0,1,2,2,N,N,39 59:16.504,75 10:56.071,1547, ,1546, ,0, ,N, ,0, , , , , ,439878, , , ,1,1,0,0,0,0,0,0,0,0,0,0,1,1,1,0,0,0,0,0,0,0,0,0,0,0,0,0,0,0,0,0,1,0,0,8,0,39.9879,-75.1822, , 
 ,36923,2014029899,6,67,67301,2014,2,5,1520,15,1,1,1,8,1, , ,N,0,0,7,3,0,1,2,2,N,Y,40 02:40.397,75 03:58.112,1659, ,1651, ,0, ,N, ,0, , , , , ,439896, , , ,1,0,0,0,0,0,1,0,0,0,0,1,1,0,0,0,0,0,0,0,0,0,0,0,0,0,0,0,0,0,0,0,1,0,0,4,0,40.0446,-75.0661, , 
 ,36924,2014038266,6,67,67301,2014,2,1,148,1,3,1,0,8,1, , ,N,1,2,0,3,1,0,2,2,N,N,40 01:43.697,75 05:23.235,150, ,148, ,0, ,N,0,3, , , , , ,439899, , , ,1,1,0,0,0,0,0,0,0,0,0,0,0,0,0,0,0,0,0,0,0,0,0,0,0,0,0,0,0,0,0,0,1,1,0,1,0,40.0288,-75.0898,2, 
 ,36925,2014038935,6,67,67301,2014,3,4,2026,20,3,2,1,4,1, , ,N,1,2,0,3,0,1,6,3,N,N,39 57:25.085,75 13:31.946,2028, ,2027, ,0, ,N, ,3, , , , , ,439900, , , ,2,1,0,0,0,0,1,0,0,0,0,0,1,1,1,0,0,0,0,0,0,1,0,0,0,0,0,0,0,0,0,0,1,0,0,8,0,39.957,-75.2255, , 
 ,36926,2014054606,6,67,67301,2014,4,4,1800,18,4,2,1,1,1, , ,N,0,0,0,3,0,1,2,2,N,N,40 02:44.424,75 08:35.856,1835, ,1830,1,1,2,N, ,0,N, , , , ,439915, , , ,2,1,0,0,1,0,0,0,0,0,0,1,1,0,0,0,0,0,1,0,0,1,0,0,0,0,0,0,0,0,0,0,0,0,0,4,0,40.0457,-75.1433, , 
 ,36927,2014056809,6,67,67301,2014,6,5,2255,22,3,1,0,7,3, , ,N,5,0,0,3,0,1,1,1,N,N,40 02:11.789,75 03:52.061,2256, ,2255,2,1,2,Y, ,0,N, , , , ,439918, , , ,1,1,0,0,0,0,0,0,0,0,1,0,1,0,0,0,0,0,0,0,0,0,0,1,0,0,0,0,0,0,0,0,0,0,0,3,0,40.0366,-75.0645, , 
 ,36928,2014063473,6,67,67301,2014,6,3,1536,15,1,1,0,1,1, , ,N,0,0,0,3,0,0,2,2,N,N,39 57:31.998,75 10:15.428,1600, ,1540,1,2,3,N, ,0,N, , , , ,439922, , , ,2,1,0,0,0,0,1,0,0,0,0,0,0,0,0,0,0,0,0,0,0,0,0,0,0,0,0,0,0,0,0,0,0,0,0,0,0,39.9589,-75.171, , 
 ,36929,2014091361,6,67,67301,2014,9,3,1415,14,1,1,0,1,1, , ,N,0,0,0,3,0,1,2,2,N,N,40 02:44.935,75 03:24.382,1520, ,1508, ,0, ,N, ,0, , , , , ,439933, , , ,2,1,0,0,0,0,0,1,0,0,0,0,1,1,1,0,0,0,0,0,0,0,0,0,0,0,0,0,0,0,0,0,0,0,0,8,0,40.0458,-75.0568, , 
 ,36930,2014049852,6,67,67301,2014,4,7,9999,99,1,1,0,7,4, , ,N,1,2,0,3,0,1,1,3,N,N,39 56:49.562,75 08:46.924,9999, ,9999,2,1,1,N, ,3,Y, , , , ,437369, , , ,3,2,0,0,0,0,1,0,0,0,0,1,1,0,0,0,0,0,0,0,0,0,0,0,0,0,0,0,0,0,0,0,0,0,0,4,0,39.9471,-75.1464, , 
 ,36931,2014084259,6,67,67301,2014,7,7,1845,18,1,1,0,4,1, , ,N,1,3,0,3,0,4,4,2,N,N,40 01:15.553,75 09:50.223,1910, ,1905, ,0, ,N, ,3, , , , , ,437381, , , ,2,1,0,0,0,0,0,1,0,0,0,2,4,2,0,0,0,0,1,0,0,0,0,0,0,0,0,0,0,0,0,0,0,0,0,4,0,40.021,-75.164, , 
 ,36932,2014087969,6,67,67301,2014,7,5,706,7,1,1,0,6,6, , ,N,0,0,0,3,0,2,3,3,N,N,40 00:12.535,75 08:10.032,810, ,810, ,0, ,N, ,0, , , , , ,437385, , , ,2,2,0,0,0,0,0,0,0,0,0,2,2,0,0,0,0,0,0,0,0,0,0,1,0,0,0,0,0,0,0,0,0,0,0,4,0,40.0035,-75.1361, , 
 ,36933,2014088057,6,67,67301,2014,7,6,9999,99,3,1,0,2,1, , ,N,1,2,0,3,0,3,7,2,N,N,39 58:10.213,75 12:45.380,440, ,437,2,2,6,N, ,3,Y, , , , ,437386, , , ,2,1,0,0,0,0,0,0,0,0,0,1,3,2,0,0,0,0,0,0,0,0,0,0,0,0,0,0,0,0,0,0,0,0,0,4,0,39.9695,-75.2126, , 
 ,36934,2014088991,6,67,67301,2014,8,6,1837,18,1,1,0,4,1, , ,N,2,2,0,3,0,3,3,2,N, ,40 04:53.936,74 59:39.961,1845, ,1838, ,0, , , ,3, , , , , ,437387, , , ,2,1,0,0,0,0,1,0,0,0,0,0,3,3,0,0,0,1,0,0,0,0,0,0,0,0,0,0,0,0,0,0,0,0,0,8,0,40.0816,-74.9944, , 
 ,36935,2014122466,6,67,67301,2014,11,6,849,8,1,1,0,4,1, , ,N,5,2,0,3,0,3,3,2,N,N,39 59:13.382,75 07:20.404,859, ,854, ,0, , , ,3, , , , , ,437416, , , ,2,1,0,0,0,0,1,0,0,0,0,3,3,0,0,0,0,0,0,0,0,0,0,0,0,0,0,0,0,0,0,0,0,0,0,4,0,39.9871,-75.1223, , 
 ,36936,2014067986,6,67,67301,2014,5,7,320,3,3,1,0,7,4, , ,N,0,0,0,3,0,0,1,1,N,N,39 56:39.469,75 11:51.814,335, ,332,1,2,2,N, ,0,Y, , , , ,437418, , , ,1,0,0,0,0,0,1,0,0,0,0,0,0,0,0,0,0,0,0,0,1,0,0,0,0,0,0,0,0,0,0,0,0,0,0,0,0,39.9443,-75.1977, , 
 ,36937,2014075024,6,67,67301,2014,7,1,2325,23,3,1,0,1,1, , ,N,0,0,0,3,0,0,6,3,N,N,39 58:28.791,75 11:39.052,2338, ,2333, ,0, ,N, ,0, , , , , ,437423, , , ,3,2,0,0,0,0,0,0,0,0,0,0,0,0,1,0,0,0,0,0,0,0,0,0,0,0,0,0,0,0,0,0,0,0,0,9,0,39.9747,-75.1942, , 
 ,36938,2014013144,6,67,67301,2014,1,7,1238,12,1,4,3,5,1, , ,N,0,0,0,3,0,0,1,2,N,N,39 55:33.124,75 08:57.829,1241, ,1240, ,0, , , ,0, , , , , ,437426, , , ,2,2,0,0,0,0,0,0,0,0,0,0,0,0,0,0,0,0,0,0,0,0,0,1,0,0,0,0,0,0,0,0,0,0,0,0,0,39.9259,-75.1494, , 
 ,36939,2014025302,6,67,67301,2014,1,7,646,6,3,6,6,7,5, , ,N,10,0,0,3,0,1,1,1,N,N,40 03:42.656,75 13:36.609,651, ,647, ,0, ,N, ,0, , , , , ,437434, , , ,1,1,0,0,0,0,0,0,0,0,0,0,1,1,0,0,0,0,0,0,0,0,0,0,0,0,0,0,0,0,0,0,0,0,0,8,0,40.0618,-75.2268, , 
 ,36940,2014038891,6,67,67301,2014,3,3,916,9,1,1,0,4,1, , ,N,1,3,0,3,0,1,3,2,N,N,39 57:52.750,75 11:30.181,922, ,920, ,0, ,N, ,3, , , , , ,437446, , , ,2,1,0,0,0,0,0,1,0,0,0,1,1,0,0,0,0,0,0,0,0,0,0,0,0,0,0,0,0,0,0,0,0,0,0,4,0,39.9647,-75.1917, , 
 ,36941,2014038916,6,67,67301,2014,3,4,1657,16,1,1,0,1,1, , ,N,0,0,0,3,0,4,6,2,N,N,40 00:15.090,75 04:38.662,1915, ,1909, ,0, , , ,0, , , , , ,437447, , , ,2,0,0,0,1,0,1,0,0,0,0,0,4,4,0,0,0,0,0,0,0,1,0,0,0,0,0,0,0,0,0,0,0,0,0,8,0,40.0042,-75.0774, , 