wz_ln_closure,objectid_1,crn,district,county,municipality,crash_year,crash_month,day_of_week,time_of_day,hour_of_day,illumination,weather,road_condition,collision_type,relation_to_road,work_zone_type,work_zone_loc,work_zone_ind,intersect_type,tcd_type,location_type,urban_rural,fatal_count,injury_count,person_count,total_units,sch_bus_ind,sch_zone_ind,latitude,longitude,arrival_tm,cons_zone_spd_lim,dispatch_tm,est_hrs_closed,lane_closed,ln_close_dir,ntfy_hiwy_maint,spec_juris_cd,tcd_func_cd,tfc_detour_ind,workers_pres,wz_close_detour,wz_flagger,wz_law_offcr_ind,objectid,wz_moving,wz_other,wz_shlder_mdn,vehicle_count,automobile_count,motorcycle_count,bus_count,small_truck_count,heavy_truck_count,suv_count,van_count,bicycle_count,maj_inj_count,mod_inj_count,min_inj_count,tot_inj_count,unk_inj_deg_count,unk_inj_per_count,driver_count_16yr,driver_count_17yr,driver_count_18yr,driver_count_19yr,driver_count_20yr,driver_count_50_64yr,driver_count_65_74yr,driver_count_75plus,unbelted_occ_count,unb_death_count,unb_maj_inj_count,belted_death_count,belted_maj_inj_count,mcycle_death_count,mcycle_maj_inj_count,bicycle_death_count,bicycle_maj_inj_count,ped_count,ped_death_count,ped_maj_inj_count,max_severity_level,comm_veh_count,dec_lat,dec_long,rdwy_surf_type_cd,county_name
 ,36942,2014042703,6,67,67301,2014,3,4,1755,17,1,2,1,8,1, , ,N,1,2,0,3,0,1,2,2,N,N,39 59:10.631,75 09:22.550,1800, ,1758,1,1,1,N, ,3,Y, , , , ,437453, , , ,1,1,0,0,0,0,0,0,0,0,0,0,1,1,0,0,0,0,0,0,0,0,0,0,0,0,0,0,0,0,0,0,1,0,0,8,0,39.9863,-75.1561, , 
 ,36943,2014043110,6,67,67301,2014,3,5,1900,19,4,1,0,2,6, , ,N,0,0,0,3,0,1,1,3,N,N,40 03:23.719,75 08:23.763,1919, ,1917,1,1,2,N, ,0,N, , , , ,437454, , , ,3,2,0,0,0,0,0,1,0,0,0,1,1,0,0,0,0,0,0,0,0,0,1,0,0,0,0,0,0,0,0,0,0,0,0,4,0,40.0566,-75.1399, , 
 ,36944,2014040135,6,67,67301,2014,4,4,1643,16,1,1,0,5,1, , ,N,0,0,0,3,0,3,4,2,N,N,39 57:03.465,75 10:58.935,1654, ,1643,2,2,3,N, ,0,N, , , , ,437497, , , ,2,1,0,0,0,0,1,0,0,0,0,0,3,3,0,0,0,0,0,0,0,0,0,0,0,0,0,0,0,0,0,0,0,0,0,8,0,39.951,-75.183, , 
 ,36945,2014049657,6,67,67301,2014,4,7,830,8,1,1,0,5,1, , ,N,1,3,0,3,0,0,2,2,N,N,39 56:27.643,75 10:04.094,1300, ,1250, ,0, ,N, ,3, , , , , ,437507, , , ,2,0,0,0,0,0,2,0,0,0,0,0,0,0,1,0,0,0,0,0,0,0,0,0,0,0,0,0,0,0,0,0,0,0,0,9,0,39.941,-75.1678, , 
 ,36946,2014050269,6,67,67301,2014,4,6,710,7,1,1,0,4,1, , ,N,0,2,7,3,0,0,2,2,N, ,40 06:51.501,75 00:18.527,725, ,725,2,1,3, , ,3,N, , , , ,437509, , , ,2,2,0,0,0,0,0,0,0,0,0,0,0,0,0,0,1,0,1,0,0,0,0,0,0,0,0,0,0,0,0,0,0,0,0,0,0,40.1143,-75.0051, , 
 ,36947,2014024974,6,67,67301,2014,2,1,220,2,3,1,0,7,4, , ,N,7,0,2,3,0,0,1,1,N,N,40 00:12.647,75 04:38.645,220, ,220,1,1,1,N, ,0,N, , , , ,437533, , , ,1,0,0,0,0,0,1,0,0,0,0,0,0,0,0,0,0,0,0,0,0,0,0,0,0,0,0,0,0,0,0,0,0,0,0,0,0,40.0035,-75.0774, , 
 ,36948,2014065497,6,67,67301,2014,5,6,1357,13,1,1,0,6,6, , ,N,0,0,0,3,0,0,2,4,N, ,39 59:18.621,75 05:57.548,1358, ,1358, ,0, , , ,0, , , , , ,431208, , , ,4,2,0,0,0,0,0,0,0,0,0,0,0,0,0,0,0,0,0,0,0,0,0,0,0,0,0,0,0,0,0,0,0,0,0,0,0,39.9885,-75.0993, , 
 ,36949,2014081418,6,67,67301,2014,6,4,1420,14,1,1,1,8,1, , ,N,1,0,0,3,0,1,2,2,N, ,39 59:50.024,75 06:55.385,1550, ,1547, ,0, , , ,0, , , , , ,431227, , , ,1,1,0,0,0,0,0,0,0,0,0,1,1,0,0,0,0,0,0,0,1,0,0,0,0,0,0,0,0,0,0,0,1,0,0,4,0,39.9972,-75.1154, , 
 ,36950,2014099185,6,67,67301,2014,9,4,40,0,3,1,1,7,4, , ,N,0,0,0,3,0,1,1,1,N,N,39 59:48.231,75 12:16.349,55, ,49, ,0, , , ,0, , , , , ,431240, , , ,1,1,0,0,0,0,0,0,0,0,0,1,1,0,0,0,0,0,0,0,0,0,0,0,0,0,0,0,0,0,0,0,0,0,0,4,0,39.9967,-75.2045, , 
 ,36951,2014013043,6,46,46102,2014,1,5,1620,16,3,4,3,1,1, , ,N,0,0,0,3,0,1,3,3,N,N,40 03:56.096,75 05:27.156,1900, ,1850, ,0, ,N, ,0, , , , , ,431260, , , ,3,1,0,0,1,0,1,0,0,0,0,1,1,0,0,0,0,0,0,0,0,0,0,0,0,0,0,0,0,0,0,0,0,0,0,4,0,40.0656,-75.0909, , 
 ,36952,2014045607,6,67,67301,2014,4,1,318,3,3,1,0,1,1, , ,N,0,0,3,3,0,2,4,3,N,N,39 54:01.166,75 09:29.065,347, ,347,2,1,2,N, ,0,N, , , , ,431288, , , ,3,2,0,0,1,0,0,0,0,0,0,2,2,0,0,0,0,0,0,0,1,0,0,0,0,0,0,0,0,0,0,0,0,0,0,4,0,39.9003,-75.1581, , 
 ,36953,2014049510,6,67,67301,2014,4,5,2232,22,3,1,0,1,1, , ,N,2,2,0,3,0,2,3,2,N,N,39 58:31.854,75 15:19.407,2250, ,2244, ,0, ,N, ,3, , , , , ,431291, , , ,2,2,0,0,0,0,0,0,0,0,0,0,2,2,0,0,0,0,0,0,1,0,0,0,0,0,0,0,0,0,0,0,0,0,0,8,0,39.9755,-75.2554, , 
 ,36954,2014049725,6,67,67301,2014,4,7,1852,18,1,1,0,4,1, , ,N,1,2,0,3,0,0,3,2,N,N,40 02:18.904,75 08:33.243,9999, ,9999, ,0, ,N, ,3, , , , , ,431292, , , ,2,1,0,0,0,0,0,1,0,0,0,0,0,0,0,0,0,0,1,0,0,0,0,0,0,0,0,0,0,0,0,0,0,0,0,0,0,40.0386,-75.1426, , 
 ,36955,2014054588,6,67,67301,2014,4,4,1647,16,1,1,0,4,1, , ,N,2,3,0,3,0,3,5,2,N,N,40 01:15.898,75 08:44.120,1712, ,1705, ,0, ,N, ,3, , , , , ,431305, , , ,2,1,0,0,0,0,1,0,0,0,0,3,3,0,0,0,0,0,0,0,0,0,0,5,0,0,0,0,0,0,0,0,0,0,0,4,0,40.0211,-75.1456, , 
 ,36956,2014068217,6,67,67301,2014,6,3,1630,16,1,1,0,4,1, , ,N,1,2,0,3,0,0,2,2,N,N,39 58:11.966,75 08:35.145,1645, ,1643, ,0, ,N, ,3, , , , , ,431317, , , ,2,2,0,0,0,0,0,0,0,0,0,0,0,0,0,0,0,0,0,0,0,0,0,0,0,0,0,0,0,0,0,0,0,0,0,0,0,39.9699,-75.1431, , 
 ,36957,2014093543,6,67,67301,2014,7,1,2338,23,3,9,1,1,1, , ,N,1,2,0,3,0,1,2,2,N, ,39 58:30.545,75 11:17.083,445, ,442, ,0, , , ,3, , , , , ,431341, , , ,2,0,0,0,0,1,1,0,0,0,0,1,1,0,0,0,0,0,0,0,1,0,0,0,0,0,0,0,0,0,0,0,0,0,0,4,1,39.9752,-75.1882, , 
 ,36958,2014049723,6,67,67301,2014,4,1,1919,19,4,1,0,8,1, , ,N,0,0,0,3,0,1,5,2,N,N,40 01:42.180,75 08:17.810,1921, ,1919, ,0, ,N, ,0, , , , , ,431347, , , ,1,1,0,0,0,0,0,0,0,0,1,0,1,0,0,0,0,0,0,0,1,0,0,0,0,0,0,0,0,0,0,0,1,0,0,3,0,40.0284,-75.1383, , 
 ,36959,2014035701,6,67,67301,2014,2,1,9999,99,1,1,5,1,1, , ,N,1,2,0,3,0,1,2,2,N, ,40 00:33.277,75 09:04.079,9999, ,9999, ,0, , , ,3, , , , , ,431361, , , ,2,0,0,1,1,0,0,0,0,0,0,1,1,0,0,0,0,0,0,0,0,0,0,0,0,0,0,0,0,0,0,0,0,0,0,4,1,40.0092,-75.1511, , 
 ,36960,2014047609,6,67,67301,2014,4,5,718,7,1,1,0,5,1, , ,N,0,0,0,3,0,1,2,2,N,N,40 00:07.083,75 04:42.984,724, ,719, ,0, ,N, ,0, , , , , ,431371, , , ,2,0,1,0,1,0,0,0,0,0,0,0,1,1,0,0,0,0,0,0,0,0,0,0,0,0,0,0,0,0,0,0,0,0,0,8,0,40.002,-75.0786, , 
 ,36961,2014054544,6,67,67301,2014,4,3,1819,18,1,2,1,6,1, , ,N,0,0,0,3,0,1,2,2,N,N,40 03:48.075,75 12:01.630,1848, ,1825, ,0, ,N, ,0, , , , , ,431377, , , ,2,2,0,0,0,0,0,0,0,0,0,0,1,1,0,0,0,0,0,0,2,0,0,0,0,0,0,0,0,0,0,0,0,0,0,8,0,40.0634,-75.2005, , 
 ,36962,2014065586,6,67,67301,2014,5,1,515,5,1,1,0,7,4, , ,N,0,0,0,3,0,0,1,2,N,N,39 57:39.318,75 09:54.292,520, ,518, ,0, ,N, ,0, , , , , ,431385, , , ,1,1,0,0,0,0,0,0,0,0,0,0,0,0,0,0,0,0,0,0,0,0,0,0,0,0,0,0,0,0,0,0,0,0,0,0,0,39.9609,-75.1651, , 
 ,36963,2014038947,6,67,67301,2014,3,6,1200,12,1,1,0,4,1, , ,N,1,2,0,3,0,1,2,2,N,N,39 59:22.394,75 10:08.017,1228, ,1223, ,0, ,Y, ,3, , , , , ,431427, , , ,2,1,0,0,0,0,1,0,0,0,0,0,1,1,0,0,0,0,0,0,1,0,0,0,0,0,0,0,0,0,0,0,0,0,0,8,0,39.9895,-75.1689, , 
 ,36964,2014043069,6,67,67301,2014,3,3,955,9,1,1,0,4,1, , ,N,1,2,0,3,0,1,2,2,N, ,39 56:59.250,75 12:25.488,1008, ,1002, ,0, , , ,3, , , , , ,431431, , , ,2,2,0,0,0,0,0,0,0,0,0,1,1,0,0,0,0,0,0,0,0,0,0,0,0,0,0,0,0,0,0,0,0,0,0,4,0,39.9498,-75.2071, , 
 ,36965,2014049617,6,67,67301,2014,4,5,100,1,3,1,0,6,6, , ,N,0,0,0,3,0,0,1,3,N,N,39 56:16.090,75 11:15.320,103, ,100, ,0, , , ,0, , , , , ,431436, , , ,3,0,0,0,1,0,1,1,0,0,0,0,0,0,1,0,0,0,0,0,0,0,0,0,0,0,0,0,0,0,0,0,0,0,0,9,0,39.9378,-75.1876, , 
 ,36966,2014091468,6,67,67301,2014,8,3,9999,99,1,1,0,4,1, , ,N,1,3,0,3,0,1,2,2,N,N,40 03:35.316,75 12:34.340,1708, ,1706, ,0, , , ,3, , , , , ,434322, , , ,2,1,1,0,0,0,0,0,0,0,0,0,1,1,1,0,0,0,0,0,2,0,0,0,0,0,0,0,0,0,0,0,0,0,0,8,0,40.0598,-75.2095, , 
 ,36967,2014104412,6,67,67301,2014,10,7,2322,23,3,1,0,7,5, , ,N,0,0,0,3,0,0,1,2,N,N,39 55:01.960,75 08:48.892,2345, ,2345, ,0, ,N, ,0, , , , , ,434332, , , ,1,0,0,0,0,0,1,0,0,0,0,0,0,0,0,0,0,0,0,0,0,0,0,0,0,0,0,0,0,0,0,0,0,0,0,0,0,39.9172,-75.1469, , 
 ,36968,2014056994,6,67,67301,2014,3,1,540,5,3,2,1,7,4, , ,N,0,0,0,3,0,1,1,1,N,N,39 55:19.064,75 11:25.909,550, ,545,1,1,4,N, ,0,Y, , , , ,434334, , , ,1,1,0,0,0,0,0,0,0,0,0,1,1,0,0,0,0,0,0,0,0,0,0,0,0,0,0,0,0,0,0,0,0,0,0,4,0,39.922,-75.1905, , 
 ,36969,2014061065,6,67,67301,2014,5,6,1005,10,1,1,0,5,1, , ,N,1,0,0,3,0,1,5,2,N,N,40 00:12.495,75 09:17.942,1012, ,1010, ,0, ,N, ,0, , , , , ,434339, , , ,2,1,0,0,0,0,1,0,0,0,0,0,1,1,1,0,0,0,0,0,0,0,0,2,0,0,0,0,0,0,0,0,0,0,0,8,0,40.0035,-75.155, , 
 ,36970,2014039070,6,67,67301,2014,3,5,710,7,1,1,0,4,1, , ,N,5,2,2,3,0,0,2,2,N,N,39 58:19.726,75 07:29.308,915, ,906, ,0, , , ,3, , , , , ,434366, , , ,2,1,0,0,1,0,0,0,0,0,0,0,0,0,2,0,0,0,0,0,1,0,0,0,0,0,0,0,0,0,0,0,0,0,0,9,0,39.9721,-75.1248, , 
 ,36971,2014049550,6,67,67301,2014,4,2,1930,19,4,1,0,8,1, , ,N,0,0,0,3,0,1,2,2,N,N,39 57:56.372,75 10:14.847,2015, ,2000, ,0, ,N, ,0, , , , , ,434380, , , ,1,1,0,0,0,0,0,0,0,0,0,0,1,1,0,0,0,0,0,0,0,0,0,0,0,0,0,0,0,0,0,0,1,0,0,8,0,39.9657,-75.1708, , 
 ,36972,2014019370,6,67,67301,2014,2,2,2309,23,3,1,0,7,3, , ,N,0,0,0,3,0,0,1,1,N,N,39 58:41.972,75 12:08.024,2324, ,2311, ,0, ,N, ,0, , , , , ,434393, , , ,1,1,0,0,0,0,0,0,0,0,0,0,0,0,0,0,0,0,0,0,0,0,0,0,0,0,0,0,0,0,0,0,0,0,0,0,0,39.9783,-75.2022, , 
 ,36973,2014029871,6,67,67301,2014,2,1,1744,17,3,4,5,1,1, , ,N,1,2,0,3,0,1,2,2,N, ,39 56:36.006,75 12:39.070,1748, ,1744, ,0, , , ,3, , , , , ,434400, , , ,2,0,0,0,0,0,1,1,0,0,0,0,1,1,0,0,0,0,0,0,1,0,0,0,0,0,0,0,0,0,0,0,0,0,0,8,0,39.9433,-75.2109, , 
 ,36974,2014035704,6,67,67301,2014,2,2,1650,16,4,4,1,5,6, , ,N,0,0,0,3,0,2,3,2,N,N,39 56:26.855,75 08:57.741,1715, ,1709, ,0, ,N, ,0, , , , , ,434406, , , ,2,1,0,1,0,0,0,0,0,0,0,2,2,0,0,0,0,0,0,0,0,0,0,0,0,0,0,0,0,0,0,0,0,0,0,4,1,39.9408,-75.1494, , 
Y,36975,2014042284,6,67,67301,2014,4,6,1421,14,1,1,0,0,1,1,2,Y,0,0,3,3,0,1,1,1,N,N,39 54:03.047,75 09:14.781,1436,50,1421, ,0, ,N, ,0, ,N,N,N,N,434411,N,N,N,1,0,0,0,0,0,0,1,0,0,0,1,1,0,0,0,0,0,0,0,1,0,0,0,0,0,0,0,0,0,0,0,0,0,0,4,0,39.9008,-75.1541, , 
 ,36976,2014059297,6,67,67301,2014,3,2,1648,16,1,1,0,1,1, , ,N,1,3,0,3,0,1,2,2,N,N,40 02:33.126,75 08:49.174,1835, ,1835, ,0, ,N, ,3, , , , , ,434433, , , ,2,2,0,0,0,0,0,0,0,0,0,1,1,0,0,0,0,0,0,0,1,0,0,0,0,0,0,0,0,0,0,0,0,0,0,4,0,40.0425,-75.147, , 
 ,36977,2014023738,6,67,67301,2014,2,2,1633,16,1,1,0,1,1, , ,N,0,0,0,3,0,1,2,2,N,N,39 59:02.329,75 05:48.907,1655, ,1649,1,1,2,N, ,0,N, , , , ,434446, , , ,2,1,0,0,0,0,1,0,0,0,0,1,1,0,0,0,0,0,0,0,0,0,0,0,0,0,0,0,0,0,0,0,0,0,0,4,0,39.984,-75.0969, , 
N,36978,2014032206,6,67,67301,2014,3,7,1503,15,1,1,0,1,1,1,4,Y,0,0,0,3,0,3,4,2,N,N,40 01:22.628,75 02:09.853,1515,45,1505,2,1,1,N, ,0,N,N,N,N,N,434458,N,Y,N,2,1,0,0,0,0,0,1,0,0,0,0,3,3,0,0,0,0,0,0,0,0,0,2,0,0,0,0,0,0,0,0,0,0,0,8,0,40.023,-75.0361, , 
 ,36979,2014038923,6,67,67301,2014,3,3,1801,18,3,1,0,4,1, , ,N,1,2,0,3,0,2,3,2,N,N,40 00:49.975,75 07:33.617,1810, ,1805,1,1,1,N, ,3,Y, , , , ,434461, , , ,2,1,0,0,0,1,0,0,0,0,0,2,2,0,0,0,0,0,0,0,0,0,0,0,0,0,0,0,0,0,0,0,0,0,0,4,1,40.0139,-75.126, , 
 ,36980,2014039109,6,67,67301,2014,4,4,836,8,1,1,0,5,1, , ,N,0,0,0,3,0,1,2,2,N,N,40 00:42.129,75 03:38.810,849, ,841, ,0, ,N, ,0, , , , , ,434462, , , ,2,2,0,0,0,0,0,0,0,0,0,1,1,0,0,0,0,0,0,0,0,0,0,0,0,0,0,0,0,0,0,0,0,0,0,4,0,40.0117,-75.0608, , 
N,36981,2014060635,6,67,67301,2014,6,7,2016,20,3,1,0,7,3,1,2,Y,0,0,0,3,0,0,2,1,N,N,40 02:04.393,75 01:09.490,2037,45,2024,2,2,2,N, ,0,N,N,N,N,N,434494,N,N,Y,1,1,0,0,0,0,0,0,0,0,0,0,0,0,0,0,0,0,0,0,0,0,0,0,0,0,0,0,0,0,0,0,0,0,0,0,0,40.0346,-75.0193, , 
 ,36982,2014061114,6,67,67301,2014,5,6,1830,18,1,1,0,4,1, , ,N,1,2,0,3,0,2,2,2,N,N,39 59:30.291,75 06:46.001,1845, ,1830, ,0, ,N, ,3, , , , , ,434496, , , ,2,2,0,0,0,0,0,0,0,0,0,0,2,2,0,0,0,0,0,0,0,0,0,0,0,0,0,0,0,0,0,0,0,0,0,8,0,39.9917,-75.1128, , 
 ,36983,2014068645,6,67,67301,2014,6,7,1031,10,1,1,0,4,1, , ,N,3,2,0,3,0,2,3,2,N, ,40 01:33.252,75 12:11.489,1035, ,1031,9,1,2, , ,3,N, , , , ,434505, , , ,2,2,0,0,0,0,0,0,0,0,0,0,2,2,0,0,0,0,0,1,0,1,0,0,0,0,0,0,0,0,0,0,0,0,0,8,0,40.0259,-75.2032, , 
 ,36984,2014095890,6,67,67301,2014,9,2,1519,15,1,1,0,8,1, , ,N,1,3,0,3,0,1,2,2,N, ,39 59:48.307,75 06:33.181,9999, ,9999, ,0, , , ,3, , , , , ,439941, , , ,1,0,0,0,0,0,0,1,0,0,1,0,1,0,0,0,0,0,0,0,0,0,0,0,0,0,0,0,0,0,0,0,1,0,0,3,0,39.9968,-75.1092, , 
 ,36985,2014098725,6,67,67301,2014,9,7,9999,99,1,1,0,4,1, , ,N,1,3,0,3,0,1,2,2,N, ,40 05:08.473,75 01:36.199,716, ,715, ,0, , , ,3, , , , , ,439945, , , ,1,1,0,0,0,0,0,0,1,0,0,0,1,1,0,0,0,0,0,0,0,0,0,0,0,0,0,0,0,0,0,0,0,0,0,8,0,40.0857,-75.0267, , 
 ,36986,2014104568,6,67,67301,2014,9,1,217,2,3,1,0,5,6, , ,N,0,0,0,3,0,0,1,5,N,N,40 05:22.664,74 59:02.009,422, ,419, ,0, ,N, ,0, , , , , ,439950, , , ,5,2,0,0,3,0,0,0,0,0,0,0,0,0,0,0,0,0,0,0,0,0,0,0,0,0,0,0,0,0,0,0,0,0,0,0,0,40.0896,-74.9839, , 
 ,36987,2014113255,6,67,67301,2014,11,1,100,1,3,1,1,7,4, , ,N,0,0,0,3,0,1,1,1,N, ,39 59:33.025,75 07:49.659,117, ,116, ,0, , , ,0, , , , , ,439958, , , ,1,1,0,0,0,0,0,0,0,0,1,0,1,0,0,0,0,0,0,0,0,0,0,0,0,0,0,0,0,0,0,0,0,0,0,3,0,39.9925,-75.1305, , 
 ,36988,2014078831,6,67,67301,2014,6,5,9999,99,1,2,1,4,1, , ,N,1,3,0,3,0,1,2,2,N, ,39 54:48.416,75 10:32.433,217, ,207,2,2,7, , ,3,Y, , , , ,439971, , , ,2,2,0,0,0,0,0,0,0,0,0,1,1,0,0,0,0,0,0,0,0,0,1,0,0,0,0,0,0,0,0,0,0,0,0,4,0,39.9134,-75.1757, , 
 ,36989,2014082645,6,67,67301,2014,6,7,48,0,3,1,0,1,1, , ,N,1,2,0,3,0,3,4,2,N,N,39 57:12.030,75 11:01.741,53, ,51, ,0, ,N, ,3, , , , , ,439994, , , ,2,2,0,0,0,0,0,0,0,0,0,3,3,0,0,0,0,0,0,0,0,0,0,0,0,0,0,0,0,0,0,0,0,0,0,4,0,39.9533,-75.1838, , 
 ,36990,2014083052,6,67,67301,2014,6,1,1043,10,1,1,0,4,1, , ,N,1,2,0,3,0,0,2,2,N,N,39 56:29.947,75 13:21.989,1047, ,1040, ,0, , , ,3, , , , , ,439995, , , ,2,2,0,0,0,0,0,0,0,0,0,0,0,0,0,0,0,0,0,0,0,0,0,0,0,0,0,0,0,0,0,0,0,0,0,0,0,39.9417,-75.2228, , 
 ,36991,2014088764,6,67,67301,2014,8,1,541,5,1,1,0,1,1, , ,N,0,0,0,3,0,1,4,2,N,N,39 55:10.140,75 12:41.500,549, ,545, ,0, ,N, ,0, , , , , ,439997, , , ,2,1,0,0,0,0,0,1,0,0,0,1,1,0,1,0,0,0,0,0,0,0,0,0,0,0,0,0,0,0,0,0,0,0,0,4,0,39.9195,-75.2115, , 
 ,36992,2014091285,6,67,67301,2014,9,6,2350,23,3,1,0,1,1, , ,N,0,0,0,3,0,1,3,2,N,N,40 00:54.615,75 10:35.558,30, ,15, ,0, ,N, ,0, , , , , ,439998, , , ,2,2,0,0,0,0,0,0,0,0,0,1,1,0,0,0,0,0,0,0,1,0,0,0,0,0,0,0,0,0,0,0,0,0,0,4,0,40.0152,-75.1765, , 
 ,36993,2014106659,6,67,67301,2014,10,6,949,9,1,1,0,5,6, , ,N,0,0,0,3,0,2,2,2,N,N,39 56:49.377,75 13:35.870,954, ,951, ,0, ,N, ,0, , , , , ,440010, , , ,2,2,0,0,0,0,0,0,0,0,2,0,2,0,0,0,0,0,0,0,0,1,0,0,0,0,0,0,0,0,0,0,0,0,0,3,0,39.947,-75.2266, , 
 ,36994,2014107213,6,67,67301,2014,10,3,645,6,1,1,1,1,1, , ,N,0,0,0,3,0,0,2,2,N, ,40 01:14.541,75 11:34.289,659, ,647, ,0, , , ,0, , , , , ,440011, , , ,2,1,0,0,0,0,1,0,0,0,0,0,0,0,0,0,0,0,0,0,0,0,0,0,0,0,0,0,0,0,0,0,0,0,0,0,0,40.0207,-75.1929, , 
 ,36995,2014111472,6,67,67301,2014,10,3,9999,99,1,1,0,4,1, , ,N,1,2,0,3,0,1,3,4,N,N,39 57:53.438,75 13:34.071,1450, ,1445, ,0, ,N, ,3, , , , , ,440015, , , ,4,2,0,0,0,0,1,1,0,0,0,1,1,0,0,0,0,0,0,0,0,0,0,0,0,0,0,0,0,0,0,0,0,0,0,4,0,39.9648,-75.2261, , 
 ,36996,2014049766,6,67,67301,2014,4,3,1350,13,1,1,0,4,1, , ,N,1,2,0,3,0,2,2,2,N,N,39 57:45.461,75 14:48.589,1405, ,1356, ,0, ,N, ,3, , , , , ,440023, , , ,2,2,0,0,0,0,0,0,0,0,0,2,2,0,0,0,0,1,0,0,0,0,0,0,0,0,0,0,0,0,0,0,0,0,0,4,0,39.9626,-75.247, , 
 ,36997,2014084362,6,67,67301,2014,7,1,2245,22,2,2,1,1,6, , ,N,0,0,0,3,0,0,1,5,N,N,39 58:19.831,75 10:31.683,2305, ,2300,4,2,3,N, ,0,Y, , , , ,440040, , , ,5,2,0,0,0,0,3,0,0,0,0,0,0,0,0,0,0,1,0,0,0,0,0,0,0,0,0,0,0,0,0,0,0,0,0,0,0,39.9722,-75.1755, , 
 ,36998,2014084467,6,67,67301,2014,7,5,1635,16,1,1,0,1,1, , ,N,0,0,0,3,0,1,7,3,N, ,40 02:46.889,75 03:37.420,1650, ,1645, ,0, , , ,0, , , , , ,440041, , , ,3,1,0,0,1,0,1,0,0,0,0,1,1,0,0,0,0,0,0,0,1,0,0,1,0,0,0,0,0,0,0,0,0,0,0,4,0,40.0464,-75.0604, , 
 ,36999,2014117591,6,67,67301,2014,11,7,1238,12,1,1,0,4,1, , ,N,1,2,0,3,0,0,2,2,N,N,40 05:57.051,75 00:44.384,1255, ,1250, ,0, ,N, ,3, , , , , ,440067, , , ,2,2,0,0,0,0,0,0,0,0,0,0,0,0,0,0,0,0,0,1,0,0,0,0,0,0,0,0,0,0,0,0,0,0,0,0,0,40.0992,-75.0123, , 
 ,37000,2014088287,6,67,67301,2014,7,3,1045,10,1,1,0,1,1, , ,N,1,2,0,3,0,3,4,2,N,N,39 56:02.036,75 08:50.171,1730, ,1730, ,0, ,N, ,3, , , , , ,440085, , , ,2,1,0,0,0,0,0,1,0,0,0,3,3,0,0,0,0,0,0,0,0,0,0,0,0,0,0,0,0,0,0,0,0,0,0,4,0,39.9339,-75.1473, , 
 ,37001,2014110386,6,67,67301,2014,10,1,1915,19,3,1,0,4,1, , ,N,1,2,0,3,0,1,5,2,N,N,39 57:01.634,75 11:33.356,1920, ,1917, ,0, ,N, ,3, , , , , ,440102, , , ,1,0,0,0,0,0,1,0,1,0,0,1,1,0,0,0,0,0,0,0,0,0,0,0,0,0,0,0,0,0,0,0,0,0,0,4,0,39.9505,-75.1926, , 
 ,37002,2014054607,6,67,67301,2014,4,2,9999,99,1,1,0,8,1, , ,N,1,2,0,3,0,1,2,2,N,N,39 59:16.284,75 09:20.883,1635, ,1630, ,0, , , ,3, , , , , ,440123, , , ,1,1,0,0,0,0,0,0,0,0,0,1,1,0,0,0,0,0,0,0,0,0,0,1,0,0,0,0,0,0,0,0,1,0,0,4,0,39.9879,-75.1558, , 
 ,37003,2014067540,6,67,67301,2014,5,1,1817,18,1,1,0,8,1, , ,N,1,2,0,3,0,1,2,2,N,N,40 03:13.667,75 13:52.026,1819, ,1817,9,2,5,N, ,3,Y, , , , ,437565, , , ,1,0,0,0,0,0,1,0,0,0,0,1,1,0,0,0,0,0,0,0,1,0,0,1,0,0,0,0,0,0,0,0,1,0,0,4,0,40.0541,-75.2315, , 
 ,37004,2014068603,6,67,67301,2014,6,1,1226,12,1,1,0,8,1, , ,N,2,2,0,3,0,1,2,2,N,N,40 05:52.988,75 01:49.773,1234, ,1233, ,0, ,N, ,3, , , , , ,437567, , , ,1,0,0,0,0,0,0,1,0,0,0,1,1,0,0,0,0,0,0,0,0,0,0,0,0,0,0,0,0,0,0,0,1,0,0,4,0,40.0981,-75.0303, , 
 ,37005,2014059087,6,67,67301,2014,5,7,2044,20,1,1,0,7,4, , ,N,0,0,7,3,0,5,5,2,N,N,40 01:07.931,75 05:47.715,2112, ,2102, ,0, ,N, ,0, , , , , ,437575, , , ,1,1,0,0,0,0,0,0,0,0,0,5,5,0,0,0,0,0,0,0,0,0,0,0,0,0,0,0,0,0,0,0,0,0,0,4,0,40.0189,-75.0966, , 
 ,37006,2014059136,6,67,67301,2014,5,6,1626,16,1,1,0,1,1, , ,N,0,2,0,3,0,2,3,2,N,N,39 58:13.574,75 08:47.528,1632, ,1626, ,0, ,N, ,3, , , , , ,437576, , , ,2,1,0,0,0,0,0,0,0,0,0,0,2,2,0,0,0,0,0,0,0,0,0,0,0,0,0,0,0,0,0,0,0,0,0,8,0,39.9704,-75.1465, , 
 ,37007,2014060985,6,67,67301,2014,6,4,1004,10,1,1,0,8,1, , ,N,1,2,0,3,0,1,2,2,N,N,40 00:22.203,75 09:06.487,1005, ,1004, ,0, ,N, ,3, , , , , ,437579, , , ,1,1,0,0,0,0,0,0,0,0,0,1,1,0,0,0,0,0,0,0,0,1,0,0,0,0,0,0,0,0,0,0,1,0,0,4,0,40.0062,-75.1518, , 
 ,37008,2014049471,6,67,67301,2014,4,7,9999,99,3,1,0,8,1, , ,N,0,0,0,3,0,1,2,2,N,N,39 59:03.032,75 09:42.010,302, ,300, ,0, , , ,0, , , , , ,437609, , , ,1,1,0,0,0,0,0,0,0,0,0,0,1,1,0,0,0,0,0,0,0,0,0,0,0,0,0,0,0,0,0,0,1,0,0,8,0,39.9842,-75.1617, , 