wz_ln_closure,objectid_1,crn,district,county,municipality,crash_year,crash_month,day_of_week,time_of_day,hour_of_day,illumination,weather,road_condition,collision_type,relation_to_road,work_zone_type,work_zone_loc,work_zone_ind,intersect_type,tcd_type,location_type,urban_rural,fatal_count,injury_count,person_count,total_units,sch_bus_ind,sch_zone_ind,latitude,longitude,arrival_tm,cons_zone_spd_lim,dispatch_tm,est_hrs_closed,lane_closed,ln_close_dir,ntfy_hiwy_maint,spec_juris_cd,tcd_func_cd,tfc_detour_ind,workers_pres,wz_close_detour,wz_flagger,wz_law_offcr_ind,objectid,wz_moving,wz_other,wz_shlder_mdn,vehicle_count,automobile_count,motorcycle_count,bus_count,small_truck_count,heavy_truck_count,suv_count,van_count,bicycle_count,maj_inj_count,mod_inj_count,min_inj_count,tot_inj_count,unk_inj_deg_count,unk_inj_per_count,driver_count_16yr,driver_count_17yr,driver_count_18yr,driver_count_19yr,driver_count_20yr,driver_count_50_64yr,driver_count_65_74yr,driver_count_75plus,unbelted_occ_count,unb_death_count,unb_maj_inj_count,belted_death_count,belted_maj_inj_count,mcycle_death_count,mcycle_maj_inj_count,bicycle_death_count,bicycle_maj_inj_count,ped_count,ped_death_count,ped_maj_inj_count,max_severity_level,comm_veh_count,dec_lat,dec_long,rdwy_surf_type_cd,county_name
 ,37009,2014034239,6,67,67301,2014,2,3,825,8,1,9,8,8,1, , ,N,2,0,0,3,0,1,2,2,N,N,40 01:34.161,75 08:08.836,830, ,825, ,0, , , ,0, , , , , ,437630, , , ,1,0,0,0,1,0,0,0,0,0,0,0,1,1,0,0,0,0,0,0,1,0,0,0,0,0,0,0,0,0,0,0,1,0,0,8,0,40.0262,-75.1358, , 
 ,37010,2014052475,6,67,67301,2014,5,4,1355,13,1,1,0,7,2, , ,N,0,0,0,3,0,0,1,1,N,N,39 59:43.624,75 11:51.912,1355, ,1355, ,0, ,N, ,0, , , , , ,437644, , , ,1,1,0,0,0,0,0,0,0,0,0,0,0,0,0,0,0,0,0,0,1,0,0,0,0,0,0,0,0,0,0,0,0,0,0,0,0,39.9955,-75.1978, , 
 ,37011,2014074486,6,67,67301,2014,6,7,1600,16,1,1,0,4,1, , ,N,1,2,0,3,0,0,7,3,N,N,40 02:25.798,75 03:31.964,1603, ,1601,1,1,2,N, ,3,N, , , , ,437670, , , ,3,3,0,0,0,0,0,0,0,0,0,0,0,0,0,0,0,0,0,0,0,0,0,0,0,0,0,0,0,0,0,0,0,0,0,0,0,40.0405,-75.0589, , 
 ,37012,2014091788,6,67,67301,2014,9,3,2018,20,3,2,1,8,1, , ,N,1,3,0,3,0,1,2,2,N,N,40 03:04.024,75 05:28.139,2025, ,2020, ,0, ,N, ,3, , , , , ,437687, , , ,1,1,0,0,0,0,0,0,0,0,0,0,1,1,0,0,0,0,0,0,0,0,0,0,0,0,0,0,0,0,0,0,1,0,0,8,0,40.0511,-75.0911, , 
 ,37013,2014095861,6,67,67301,2014,9,3,1650,16,1,1,0,4,1, , ,N,1,2,0,3,0,0,2,2,N,N,39 54:20.727,75 11:38.377,1710, ,1703, ,0, ,N, ,3, , , , , ,437691, , , ,2,1,0,0,0,0,1,0,0,0,0,0,0,0,0,0,0,0,0,0,1,0,0,0,0,0,0,0,0,0,0,0,0,0,0,0,0,39.9057,-75.1938, , 
 ,37014,2014098707,6,67,67301,2014,9,2,1430,14,1,1,0,4,1, , ,N,1,2,0,3,0,0,2,2,N,N,39 57:36.745,75 11:27.211,1457, ,1455,2,2,6,N, ,3,Y, , , , ,437695, , , ,2,1,0,0,0,1,0,0,0,0,0,0,0,0,0,0,0,0,0,0,0,0,0,0,0,0,0,0,0,0,0,0,0,0,0,0,0,39.9602,-75.1909, , 
 ,37015,2014061094,6,67,67301,2014,5,6,1945,19,4,1,0,8,1, , ,N,0,0,0,3,0,1,2,2,N,N,39 59:13.899,75 06:31.906,2015, ,2006, ,0, ,N, ,0, , , , , ,437714, , , ,1,0,0,0,0,0,0,0,0,0,0,1,1,0,0,0,0,0,0,0,0,0,0,0,0,0,0,0,0,0,0,0,1,0,0,4,0,39.9872,-75.1089, , 
 ,37016,2014068103,6,67,67301,2014,5,2,1956,19,1,1,0,8,1, , ,N,0,0,0,3,0,1,2,2,N,N,40 04:07.023,75 09:11.280,9999, ,9999, ,0, , , ,0, , , , , ,437723, , , ,1,0,0,0,0,0,1,0,0,0,0,1,1,0,0,0,0,0,0,0,1,0,0,0,0,0,0,0,0,0,0,0,1,0,0,4,0,40.0686,-75.1531, , 
 ,37017,2014088892,6,67,67301,2014,8,4,810,8,1,1,0,2,2, , ,N,0,0,0,3,0,1,1,3,N, ,40 00:04.755,75 09:47.232,822, ,816, ,0, , , ,0, , , , , ,437737, , , ,3,2,0,0,0,0,1,0,0,0,0,1,1,0,0,0,0,0,0,0,0,0,0,0,0,0,0,0,0,0,0,0,0,0,0,4,0,40.0013,-75.1631, , 
 ,37018,2014099227,6,67,67301,2014,9,6,24,0,3,1,0,5,6, , ,N,0,0,0,3,0,1,1,2,N,N,40 00:55.433,75 08:28.154,24, ,24,2,2,5,N, ,0,N, , , , ,437749, , , ,2,1,0,0,0,0,1,0,0,0,0,0,1,1,0,0,0,0,0,0,0,0,0,0,0,0,0,0,0,0,0,0,0,0,0,8,0,40.0154,-75.1412, , 
 ,37019,2014059345,6,67,67301,2014,5,3,2025,20,3,1,0,7,4, , ,N,0,0,0,3,0,1,1,1,N, ,40 03:16.075,75 04:36.580,2055, ,2051, ,0, , , ,0, , , , , ,437766, , , ,1,1,0,0,0,0,0,0,0,0,1,0,1,0,0,0,0,0,0,0,0,0,0,0,0,0,0,0,0,0,0,0,0,0,0,3,0,40.0545,-75.0768, , 
 ,37020,2014084323,6,67,67301,2014,7,5,1405,14,1,1,0,4,1, , ,N,2,2,0,3,0,0,4,2,N,N,40 03:44.577,75 02:33.887,1426, ,1410,1,1,2,N, ,3,Y, , , , ,437787, , , ,2,1,0,0,1,0,0,0,0,0,0,0,0,0,0,0,0,0,0,0,1,0,0,0,0,0,0,0,0,0,0,0,0,0,0,0,0,40.0624,-75.0427, , 
 ,37021,2014088371,6,67,67301,2014,7,2,1312,13,1,1,0,4,1, , ,N,1,3,0,3,0,1,3,2,N, ,39 56:40.315,75 09:50.965,1342, ,1340, ,0, , , ,3, , , , , ,437789, , , ,2,2,0,0,0,0,0,0,0,0,0,0,1,1,0,0,0,0,0,0,0,0,0,0,0,0,0,0,0,0,0,0,0,0,0,8,0,39.9445,-75.1642, , 
 ,37022,2014051180,6,67,67301,2014,4,1,1740,17,1,1,0,1,1, , ,N,0,0,0,3,0,0,2,2,N,N,39 59:24.676,75 12:19.735,1759, ,1743,2,1,3,N, ,0,N, , , , ,431438, , , ,2,1,0,0,0,0,1,0,0,0,0,0,0,0,0,0,0,0,0,1,0,0,0,1,0,0,0,0,0,0,0,0,0,0,0,0,0,39.9902,-75.2055, , 
 ,37023,2014053750,6,67,67301,2014,4,7,1845,18,1,1,0,8,1, , ,N,0,0,0,3,0,1,2,2,N,N,39 58:35.595,75 10:58.924,1850, ,1850, ,0, , , ,0, , , , , ,431444, , , ,1,0,0,0,0,0,1,0,0,1,0,0,1,0,0,0,0,0,0,0,0,0,0,0,0,0,0,0,0,0,0,0,1,0,1,2,0,39.9766,-75.183, , 
 ,37024,2014075210,6,67,67301,2014,6,4,2235,22,3,1,0,1,6, , ,N,0,0,0,3,0,1,1,4,N,N,40 00:03.740,75 07:29.119,2240, ,2240, ,0, ,N, ,0, , , , , ,431451, , , ,4,3,0,0,1,0,0,0,0,0,0,1,1,0,0,0,0,0,0,0,0,0,0,0,0,0,0,0,0,0,0,0,0,0,0,4,0,40.001,-75.1248, , 
 ,37025,2014088138,6,67,67301,2014,8,7,310,3,3,2,1,4,1, , ,N,1,3,0,3,0,0,2,6,N,N,40 01:28.840,75 10:14.087,320, ,312, ,0, ,N, ,3, , , , , ,431463, , , ,6,4,0,0,1,0,0,1,0,0,0,0,0,0,1,0,0,0,0,0,0,0,0,0,0,0,0,0,0,0,0,0,0,0,0,9,0,40.0247,-75.1706, , 
 ,37026,2014098631,6,67,67301,2014,9,6,2358,23,3,1,0,8,1, , ,N,1,2,0,3,1,0,4,3,N,N,40 00:13.994,75 10:14.420,24, ,2358,3,2,6,N,0,3,Y, , , , ,431472, , , ,2,0,0,0,0,0,2,0,0,0,0,0,0,0,0,0,0,0,0,0,0,0,0,1,0,0,0,0,0,0,0,0,1,1,0,1,0,40.0039,-75.1707,2, 
 ,37027,2014032447,6,67,67301,2014,2,3,827,8,1,4,4,4,1, , ,N,2,3,0,3,0,4,6,2,N,N,39 59:43.234,75 10:40.396,840, ,833, ,0, ,N, ,3, , , , , ,431516, , , ,2,1,0,0,0,0,0,1,0,0,0,0,4,4,0,0,0,0,0,0,0,0,0,0,0,0,0,0,0,0,0,0,0,0,0,8,0,39.9953,-75.1779, , 
 ,37028,2014032455,6,67,67301,2014,2,4,9999,99,1,1,3,1,1, , ,N,1,2,0,3,0,3,4,2,N, ,40 02:11.493,75 10:49.407,1251, ,1246, ,0, , , ,3, , , , , ,431517, , , ,2,1,0,0,0,0,1,0,0,0,0,3,3,0,0,0,0,0,0,0,1,0,0,0,0,0,0,0,0,0,0,0,0,0,0,4,0,40.0365,-75.1804, , 
 ,37029,2014034278,6,67,67301,2014,3,4,1705,17,1,1,0,8,1, , ,N,1,2,0,3,0,1,2,2,N,N,39 58:59.553,75 09:24.974,1715, ,1710, ,0, ,N, ,3, , , , , ,431519, , , ,1,1,0,0,0,0,0,0,0,0,0,0,1,1,0,0,0,0,0,1,0,0,0,1,0,0,0,0,0,0,0,0,1,0,0,8,0,39.9832,-75.1568, , 
 ,37030,2014049699,6,67,67301,2014,4,5,1021,10,1,1,0,5,1, , ,N,0,0,0,3,0,1,2,2,N,N,40 02:00.733,75 10:55.189,1026, ,1021,1,2,5,N, ,0,Y, , , , ,431540, , , ,2,1,0,0,0,0,1,0,0,0,0,1,1,0,0,0,0,0,0,0,0,0,0,1,0,0,0,0,0,0,0,0,0,0,0,4,0,40.0335,-75.182, , 
 ,37031,2014059023,6,67,67301,2014,5,7,445,4,3,1,0,4,1, , ,N,1,2,0,3,0,1,2,2,N,N,40 02:35.626,75 10:51.146,452, ,450, ,0, ,N, ,3, , , , , ,431545, , , ,2,2,0,0,0,0,0,0,0,0,0,0,1,1,0,0,0,0,0,0,1,0,0,0,0,0,0,0,0,0,0,0,0,0,0,8,0,40.0432,-75.1809, , 
 ,37032,2014065489,6,67,67301,2014,5,2,1800,18,1,1,0,0,1, , ,N,0,0,0,3,0,1,1,1,N, ,39 54:42.787,75 08:18.000,1809, ,1806, ,0, , , ,0, , , , , ,431550, , , ,1,0,1,0,0,0,0,0,0,0,0,1,1,0,0,0,0,0,0,0,0,0,0,0,0,0,0,0,0,0,0,0,0,0,0,4,0,39.9119,-75.1383, , 
 ,37033,2014068161,6,67,67301,2014,6,5,1220,12,1,1,0,6,6, , ,N,0,0,0,3,0,0,1,3,N,N,39 59:22.995,75 07:52.442,1342, ,1340,2,1,1,N, ,0,N, , , , ,431552, , , ,3,3,0,0,0,0,0,0,0,0,0,0,0,0,0,0,0,0,0,0,0,0,0,0,0,0,0,0,0,0,0,0,0,0,0,0,0,39.9897,-75.1312, , 
 ,37034,2014078798,6,67,67301,2014,4,1,1812,18,1,1,0,4,1, , ,N,0,0,7,3,0,1,3,2,N,N,40 01:39.205,75 04:36.238,1814, ,1813,9,1,2,N, ,0,N, , , , ,431566, , , ,2,2,0,0,0,0,0,0,0,0,0,0,1,1,0,0,0,0,0,0,0,0,0,1,0,0,0,0,0,0,0,0,0,0,0,8,0,40.0276,-75.0767, , 
 ,37035,2014088012,6,67,67301,2014,8,6,800,8,1,1,0,1,1, , ,N,1,2,0,3,0,1,2,2,N,N,39 58:42.573,75 06:52.947,1115, ,1113, ,0, , , ,3, , , , , ,431572, , , ,2,1,0,0,0,0,1,0,0,0,1,0,1,0,1,0,0,0,0,0,0,0,0,0,0,0,0,0,0,0,0,0,0,0,0,3,0,39.9785,-75.1147, , 
 ,37036,2014088896,6,67,67301,2014,8,4,1020,10,1,1,0,4,1, , ,N,1,0,0,3,0,1,11,2,N, ,39 59:24.557,75 10:48.271,1028, ,1023, ,0, , , ,0, , , , , ,431574, , , ,1,0,0,1,0,0,0,0,1,0,0,1,1,0,0,0,0,0,0,0,1,0,0,0,0,0,0,0,0,0,0,0,0,0,0,4,1,39.9902,-75.1801, , 
 ,37037,2014096856,6,67,67301,2014,7,2,1918,19,1,1,0,4,1, , ,N,1,2,0,3,0,4,6,4,N,N,40 04:51.806,75 01:43.881,1925, ,1920,3,1,6,N, ,3,Y, , , , ,431583, , , ,4,4,0,0,0,0,0,0,0,0,0,4,4,0,0,0,0,0,0,1,1,0,0,0,0,0,0,0,0,0,0,0,0,0,0,4,0,40.0811,-75.0289, , 
 ,37038,2014042279,6,67,67301,2014,4,2,1704,17,1,1,0,1,1, , ,N,0,0,0,3,0,2,4,4,N,N,39 57:30.050,75 09:56.124,1715, ,1704,2,1,4,N, ,0,N, , , , ,431629, , , ,4,3,0,0,0,0,1,0,0,0,0,2,2,0,0,0,0,0,0,0,1,0,0,0,0,0,0,0,0,0,0,0,0,0,0,4,0,39.9583,-75.1656, , 
 ,37039,2014042723,6,67,67301,2014,4,3,1635,16,1,1,0,8,1, , ,N,0,0,0,3,0,1,2,2,N,N,40 00:26.974,75 09:23.274,1649, ,1645, ,0, , , ,0, , , , , ,431632, , , ,1,1,0,0,0,0,0,0,0,0,1,0,1,0,0,0,0,0,0,0,0,0,0,0,0,0,0,0,0,0,0,0,1,0,0,3,0,40.0075,-75.1565, , 
 ,37040,2014091454,6,67,67301,2014,9,4,9999,99,3,1,0,2,1, , ,N,2,3,0,3,0,2,3,2,N,N,39 55:54.446,75 13:52.770,2016, ,2016, ,0, ,N, ,3, , , , , ,434546, , , ,2,2,0,0,0,0,0,0,0,0,0,2,2,0,0,0,0,0,0,0,1,1,0,0,0,0,0,0,0,0,0,0,0,0,0,4,0,39.9318,-75.2313, , 
 ,37041,2014092219,6,67,67301,2014,9,4,712,7,1,1,0,1,1, , ,N,0,0,0,3,0,0,2,2,N,N,40 02:09.834,75 00:57.100,724, ,716, ,0, ,N, ,0, , , , , ,434549, , , ,2,1,0,0,0,0,1,0,0,0,0,0,0,0,0,0,0,0,0,0,1,0,0,0,0,0,0,0,0,0,0,0,0,0,0,0,0,40.0361,-75.0159, , 
 ,37042,2014093507,6,67,67301,2014,9,4,2230,22,3,1,0,4,1, , ,N,1,2,0,3,0,1,2,2,N,N,39 59:57.210,75 04:30.773,2235, ,2231, ,0, ,N, ,3, , , , , ,434551, , , ,1,1,0,0,0,0,0,0,1,0,0,1,1,0,0,0,0,0,0,0,0,0,0,0,0,0,0,0,0,0,0,0,0,0,0,4,0,39.9992,-75.0752, , 
 ,37043,2014106769,6,67,67301,2014,10,3,450,4,3,2,1,7,4, , ,N,5,2,0,3,0,1,1,1,N,N,40 03:30.268,75 08:57.263,508, ,500, ,0, ,N, ,3, , , , , ,434564, , , ,1,1,0,0,0,0,0,0,0,0,0,0,1,1,0,0,0,0,0,0,0,0,0,0,0,0,0,0,0,0,0,0,0,0,0,8,0,40.0584,-75.1492, , 
 ,37044,2014059002,6,67,67301,2014,5,3,236,2,3,1,0,0,1, , ,N,5,4,0,3,0,1,1,1,N,N,39 58:37.477,75 12:19.856,236, ,236, ,0, ,N, ,3, , , , , ,434581, , , ,1,0,1,0,0,0,0,0,0,0,1,0,1,0,0,0,0,0,0,0,0,0,0,0,0,0,0,0,0,0,0,0,0,0,0,3,0,39.9771,-75.2055, , 
 ,37045,2014088173,6,67,67301,2014,7,3,1335,13,1,1,0,5,1, , ,N,0,0,0,3,0,0,3,2,N, ,39 57:40.080,75 14:25.900,1351, ,1349, ,0, , , ,0, , , , , ,434608, , , ,2,1,0,0,0,0,1,0,0,0,0,0,0,0,0,0,0,0,0,0,1,0,0,0,0,0,0,0,0,0,0,0,0,0,0,0,0,39.9611,-75.2405, , 
 ,37046,2014059300,6,67,67301,2014,5,3,800,8,1,1,0,6,6, , ,N,0,0,0,3,0,1,2,2,N,N,40 01:49.264,75 08:57.080,935, ,929, ,0, ,N, ,0, , , , , ,434624, , , ,2,1,0,0,0,0,1,0,0,0,0,1,1,0,0,0,0,0,0,0,0,0,0,0,0,0,0,0,0,0,0,0,0,0,0,4,0,40.0304,-75.1492, , 
 ,37047,2014059119,6,67,67301,2014,5,7,1733,17,1,1,1,4,1, , ,N,2,3,0,3,0,1,2,2,N,N,39 59:41.130,75 09:39.458,1741, ,1739,2,2,3,N, ,3,Y, , , , ,434631, , , ,2,2,0,0,0,0,0,0,0,0,0,1,1,0,0,0,0,0,0,0,1,0,0,0,0,0,0,0,0,0,0,0,0,0,0,4,0,39.9948,-75.1609, , 
Y,37048,2014087417,6,67,67301,2014,9,6,2101,21,2,1,0,1,1,2,4,Y,0,0,0,3,0,1,3,3,N,N,39 52:47.277,75 14:51.964,2104,45,2102, ,0, ,N, ,0, ,N,N,N,N,434666,N,N,N,3,2,0,0,0,0,0,1,0,0,0,0,1,1,2,0,0,0,0,0,1,0,0,0,0,0,0,0,0,0,0,0,0,0,0,8,0,39.8798,-75.2478, , 
 ,37049,2014056993,6,67,67301,2014,4,1,1015,10,1,1,0,1,1, , ,N,0,0,0,3,0,1,2,2,N,N,40 04:17.209,75 10:08.209,1022, ,1020, ,0, , , ,0, , , , , ,434677, , , ,2,1,0,0,0,0,1,0,0,0,0,1,1,0,0,0,0,0,0,0,0,0,0,0,0,0,0,0,0,0,0,0,0,0,0,4,0,40.0714,-75.1689, , 
 ,37050,2014039333,6,67,67301,2014,3,4,9999,99,3,8,0,4,1, , ,N,1,2,0,3,0,0,4,2,N,N,40 06:13.309,74 59:00.376,2233, ,2226,2,1,4,N, ,3,N, , , , ,434705, , , ,2,1,0,0,0,0,0,1,0,0,0,0,0,0,4,0,0,1,0,1,0,0,0,0,0,0,0,0,0,0,0,0,0,0,0,9,0,40.1037,-74.9834, , 
 ,37051,2014049666,6,67,67301,2014,4,5,2020,20,3,2,1,4,1, , ,N,1,2,0,3,0,1,3,2,N,N,40 06:00.676,75 01:18.249,2025, ,2021, ,0, ,N, ,3, , , , , ,434719, , , ,2,2,0,0,0,0,0,0,0,0,0,1,1,0,0,0,0,0,0,0,0,0,0,0,0,0,0,0,0,0,0,0,0,0,0,4,0,40.1002,-75.0217, , 
 ,37052,2014065567,6,67,67301,2014,5,3,2230,22,3,2,1,1,1, , ,N,0,0,0,3,0,2,3,2,N,N,39 56:18.992,75 13:37.927,1230, ,1222, ,0, ,N, ,0, , , , , ,434723, , , ,2,1,0,0,0,0,1,0,0,0,2,0,2,0,0,0,0,0,0,0,0,0,0,2,0,0,0,0,0,0,0,0,0,0,0,3,0,39.9386,-75.2272, , 
 ,37053,2014067927,6,67,67301,2014,6,5,1613,16,1,1,0,1,1, , ,N,0,2,0,3,0,2,3,2,N, ,40 04:09.655,75 00:25.828,1614, ,1614,1,1,2, , ,3,N, , , , ,434726, , , ,2,1,0,0,0,0,1,0,0,0,0,0,2,2,0,0,0,0,0,0,1,0,0,0,0,0,0,0,0,0,0,0,0,0,0,8,0,40.0693,-75.0072, , 
 ,37054,2014067925,6,67,67301,2014,6,1,850,8,1,1,0,8,1, , ,N,0,0,0,3,0,1,2,2,N, ,39 54:59.398,75 10:09.144,856, ,852, ,0, , , ,0, , , , , ,434729, , , ,1,1,0,0,0,0,0,0,0,0,0,1,1,0,0,0,0,0,0,0,0,0,0,0,0,0,0,0,0,0,0,0,1,0,0,4,0,39.9165,-75.1692, , 
 ,37055,2014084433,6,67,67301,2014,7,3,1620,16,1,1,0,8,1, , ,N,1,2,0,3,0,1,2,2,N, ,39 58:57.266,75 13:50.685,1630, ,1625, ,0, , , ,3, , , , , ,434745, , , ,1,1,0,0,0,0,0,0,0,0,0,1,1,0,0,0,0,0,0,0,0,0,0,0,0,0,0,0,0,0,0,0,1,0,0,4,0,39.9826,-75.2307, , 
 ,37056,2014084444,6,67,67301,2014,7,7,903,9,1,1,0,8,1, , ,N,0,0,0,3,0,1,2,2,N,N,39 58:10.275,75 08:23.755,910, ,905, ,0, ,N, ,0, , , , , ,434746, , , ,1,1,0,0,0,0,0,0,0,0,0,1,1,0,0,0,0,0,0,0,0,0,0,0,0,0,0,0,0,0,0,0,1,0,0,4,0,39.9695,-75.1399, , 
 ,37057,2014088761,6,67,67301,2014,8,7,815,8,1,1,0,5,1, , ,N,1,2,0,3,0,0,2,2,N,N,39 58:07.273,75 14:01.917,838, ,830, ,0, ,N, ,3, , , , , ,434751, , , ,2,2,0,0,0,0,0,0,0,0,0,0,0,0,2,0,0,0,0,0,0,0,0,0,0,0,0,0,0,0,0,0,0,0,0,9,0,39.9687,-75.2339, , 
 ,37058,2014107202,6,67,67301,2014,10,5,1730,17,1,1,0,1,1, , ,N,1,2,0,3,0,0,2,2,N, ,40 00:30.567,75 05:29.407,1732, ,1730,2,1,4, , ,3,N, , , , ,440158, , , ,2,1,0,0,1,0,0,0,0,0,0,0,0,0,1,0,0,0,0,0,0,0,0,0,0,0,0,0,0,0,0,0,0,0,0,9,0,40.0085,-75.0915, , 
 ,37059,2014113465,6,67,67301,2014,10,6,1027,10,1,1,0,4,1, , ,N,2,3,0,3,0,0,4,2,N,N,39 57:37.600,75 14:50.200,1030, ,1030, ,0, ,N, ,3, , , , , ,440164, , , ,2,2,0,0,0,0,0,0,0,0,0,0,0,0,0,0,0,0,0,0,0,0,0,4,0,0,0,0,0,0,0,0,0,0,0,0,0,39.9604,-75.2472, , 
 ,37060,2014068170,6,67,67301,2014,6,1,1737,17,1,1,0,4,1, , ,N,2,3,0,3,0,1,3,2,N,N,40 01:50.613,75 05:25.623,1743, ,1737, ,0, , , ,3, , , , , ,440169, , , ,2,1,1,0,0,0,0,0,0,0,0,1,1,0,0,0,0,0,0,0,0,0,0,0,0,0,0,0,0,0,0,0,0,0,0,4,0,40.0307,-75.0905, , 
 ,37061,2014065563,6,67,67301,2014,5,6,1300,13,1,1,0,4,1, , ,N,1,2,0,3,0,0,3,3,N,N,40 03:08.339,75 00:28.750,1315, ,1305, ,0, ,Y, ,3, , , , , ,440174, , , ,3,2,0,0,1,0,0,0,0,0,0,0,0,0,0,0,0,0,0,0,0,0,0,0,0,0,0,0,0,0,0,0,0,0,0,0,0,40.0523,-75.008, , 
 ,37062,2014065723,6,67,67301,2014,6,7,1328,13,1,1,0,1,1, , ,N,0,0,0,3,0,0,3,2,N,N,40 00:05.884,75 11:41.823,1334, ,1334, ,0, ,N, ,0, , , , , ,440175, , , ,2,1,0,0,1,0,0,0,0,0,0,0,0,0,0,0,0,0,0,0,0,0,0,0,0,0,0,0,0,0,0,0,0,0,0,0,0,40.0016,-75.195, , 
 ,37063,2014084385,6,67,67301,2014,6,1,1425,14,1,1,0,2,1, , ,N,2,0,0,3,0,1,3,2,N, ,39 58:06.884,75 14:51.529,1431, ,1427, ,0, , , ,0, , , , , ,440233, , , ,1,1,0,0,0,0,0,0,1,0,0,1,1,0,2,0,0,0,0,0,0,0,0,0,0,0,0,0,0,0,0,0,0,0,0,4,0,39.9686,-75.2476, , 
 ,37064,2014087753,6,67,67301,2014,7,7,327,3,6,1,0,7,4, , ,N,0,0,0,3,0,1,3,1,N,N,40 02:03.832,75 10:09.937,330, ,328, ,0, ,N, ,0, , , , , ,440239, , , ,1,0,0,0,0,0,1,0,0,0,1,0,1,0,0,0,0,0,0,0,0,0,0,0,0,0,0,0,0,0,0,0,0,0,0,3,0,40.0344,-75.1694, , 
 ,37065,2014104456,6,67,67301,2014,10,1,230,2,3,1,0,5,1, , ,N,0,0,0,3,0,1,3,2,N,N,39 56:52.489,75 09:52.179,244, ,242, ,0, ,N, ,0, , , , , ,440254, , , ,2,1,0,0,0,1,0,0,0,0,0,0,1,1,0,0,0,0,0,0,2,0,0,0,0,0,0,0,0,0,0,0,0,0,0,8,1,39.9479,-75.1645, , 
 ,37066,2014104632,6,67,67301,2014,10,1,9999,99,3,1,0,7,4, , ,N,3,0,2,3,0,0,1,1,N, ,40 00:42.920,75 12:17.697,55, ,53, ,0, , , ,0, , , , , ,440255, , , ,1,1,0,0,0,0,0,0,0,0,0,0,0,0,0,0,0,0,0,0,0,0,0,0,0,0,0,0,0,0,0,0,0,0,0,0,0,40.0119,-75.2049, , 
 ,37067,2014107199,6,67,67301,2014,10,4,9999,99,1,1,0,1,1, , ,N,0,0,0,3,0,1,2,2,N,N,40 04:56.939,74 58:01.337,9999, ,9999, ,0, ,Y, ,0, , , , , ,440261, , , ,2,1,0,0,0,0,0,0,0,0,0,1,1,0,0,0,0,0,0,0,1,0,0,0,0,0,0,0,0,0,0,0,0,0,0,4,0,40.0825,-74.967, , 
 ,37068,2014087799,6,67,67301,2014,8,3,359,3,3,1,0,4,1, , ,N,1,3,0,3,0,1,3,2,N,N,40 01:52.664,75 03:58.343,409, ,359,1,1,7,N, ,3,Y, , , , ,440277, , , ,2,2,0,0,0,0,0,0,0,0,0,0,1,1,1,0,0,0,0,0,0,0,0,0,0,0,0,0,0,0,0,0,0,0,0,8,0,40.0313,-75.0662, , 
 ,37069,2014088403,6,67,67301,2014,8,5,902,9,1,1,0,4,1, , ,N,1,3,0,3,0,1,2,2,N,N,39 57:20.206,75 08:33.025,910, ,903, ,0, ,N, ,3, , , , , ,440278, , , ,2,1,1,0,0,0,0,0,0,1,0,0,1,0,0,0,0,0,0,0,0,0,0,0,0,0,0,0,0,1,0,0,0,0,0,2,0,39.9556,-75.1425, , 
 ,37070,2014089619,6,67,67301,2014,9,6,739,7,1,1,0,4,1, , ,N,1,3,0,3,0,1,10,2,Y,N,39 57:36.982,75 12:13.409,848, ,741,3,1,1,N, ,3,Y, , , , ,440280, , , ,2,1,0,1,0,0,0,0,0,0,0,0,1,1,0,0,0,0,0,0,1,0,1,0,0,0,0,0,0,0,0,0,0,0,0,8,1,39.9603,-75.2037, , 
 ,37071,2014089719,6,67,67301,2014,7,3,1050,10,1,1,0,1,1, , ,N,5,2,0,3,0,2,6,4,N,N,40 00:11.393,75 09:08.837,1055, ,1050,2,1,1,N, ,3,N, , , , ,440281, , , ,4,1,0,0,1,0,0,0,0,0,0,0,2,2,0,0,0,0,0,0,2,0,0,0,0,0,0,0,0,0,0,0,0,0,0,8,0,40.0032,-75.1525, , 
 ,37072,2014095980,6,67,67301,2014,9,4,2010,20,3,1,0,4,1, , ,N,1,3,0,3,0,1,2,2,N,N,40 00:07.027,75 08:24.226,9999, ,2015, ,0, ,N, ,3, , , , , ,440290, , , ,1,1,0,0,0,0,0,0,1,0,0,0,1,1,0,0,0,0,0,0,0,0,0,0,0,0,0,0,0,0,0,0,0,0,0,8,0,40.002,-75.1401, , 
 ,37073,2014098686,6,67,67301,2014,9,1,2145,21,3,1,0,1,1, , ,N,0,0,0,3,0,1,2,2,N,N,40 02:10.986,75 03:57.601,2145, ,2145,1,1,2,N, ,0,N, , , , ,440292, , , ,2,1,0,0,0,0,1,0,0,0,0,1,1,0,0,0,0,0,0,0,1,0,0,0,0,0,0,0,0,0,0,0,0,0,0,4,0,40.0364,-75.066, , 
 ,37074,2014114962,6,67,67301,2014,1,5,1130,11,1,1,0,5,1, , ,N,0,0,0,3,0,1,2,2,N,N,40 00:46.661,75 07:08.069,0, ,0, ,0, ,N, ,0, , , , , ,440300, , , ,2,0,0,0,0,0,1,0,0,0,0,0,1,1,0,0,0,0,0,0,1,0,0,0,0,0,0,0,0,0,0,0,0,0,0,8,0,40.013,-75.1189, , 