wz_ln_closure,objectid_1,crn,district,county,municipality,crash_year,crash_month,day_of_week,time_of_day,hour_of_day,illumination,weather,road_condition,collision_type,relation_to_road,work_zone_type,work_zone_loc,work_zone_ind,intersect_type,tcd_type,location_type,urban_rural,fatal_count,injury_count,person_count,total_units,sch_bus_ind,sch_zone_ind,latitude,longitude,arrival_tm,cons_zone_spd_lim,dispatch_tm,est_hrs_closed,lane_closed,ln_close_dir,ntfy_hiwy_maint,spec_juris_cd,tcd_func_cd,tfc_detour_ind,workers_pres,wz_close_detour,wz_flagger,wz_law_offcr_ind,objectid,wz_moving,wz_other,wz_shlder_mdn,vehicle_count,automobile_count,motorcycle_count,bus_count,small_truck_count,heavy_truck_count,suv_count,van_count,bicycle_count,maj_inj_count,mod_inj_count,min_inj_count,tot_inj_count,unk_inj_deg_count,unk_inj_per_count,driver_count_16yr,driver_count_17yr,driver_count_18yr,driver_count_19yr,driver_count_20yr,driver_count_50_64yr,driver_count_65_74yr,driver_count_75plus,unbelted_occ_count,unb_death_count,unb_maj_inj_count,belted_death_count,belted_maj_inj_count,mcycle_death_count,mcycle_maj_inj_count,bicycle_death_count,bicycle_maj_inj_count,ped_count,ped_death_count,ped_maj_inj_count,max_severity_level,comm_veh_count,dec_lat,dec_long,rdwy_surf_type_cd,county_name
 ,37075,2014122475,6,67,67301,2014,11,7,1506,15,1,1,0,8,1, , ,N,0,0,0,3,0,1,2,2,N,N,40 03:29.731,75 03:11.508,1523, ,1520, ,0, ,N, ,0, , , , , ,440304, , , ,1,1,0,0,0,0,0,0,0,0,0,1,1,0,0,0,0,0,0,0,0,0,0,0,0,0,0,0,0,0,0,0,1,0,0,4,0,40.0583,-75.0532, , 
 ,37076,2014084367,6,67,67301,2014,7,6,120,1,3,1,1,5,1, , ,N,0,0,0,3,0,2,3,2,N,N,40 00:19.617,75 06:25.750,209, ,207, ,0, ,N, ,0, , , , , ,437815, , , ,2,2,0,0,0,0,0,0,0,0,0,2,2,0,0,0,0,1,0,0,0,0,0,0,0,0,0,0,0,0,0,0,0,0,0,4,0,40.0054,-75.1072, , 
 ,37077,2014091388,6,67,67301,2014,8,5,913,9,1,1,0,1,1, , ,N,1,2,0,3,0,1,2,2,N, ,40 02:13.977,75 03:46.522,924, ,917,9,1,2, , ,3,N, , , , ,437818, , , ,2,2,0,0,0,0,0,0,0,0,0,0,1,1,0,0,0,0,0,0,0,0,1,0,0,0,0,0,0,0,0,0,0,0,0,8,0,40.0372,-75.0629, , 
 ,37078,2014093243,6,67,67301,2014,8,6,47,0,3,1,0,7,4, , ,N,0,0,0,3,0,1,1,1,N,N,40 00:19.758,75 11:48.570,111, ,49,4,2,4,Y, ,0,Y, , , , ,437822, , , ,1,0,0,0,0,1,0,0,0,0,0,0,1,1,0,0,0,0,0,0,0,0,0,0,0,0,0,0,0,0,0,0,0,0,0,8,1,40.0055,-75.1968, , 
 ,37079,2014096853,6,67,67301,2014,9,5,1300,13,1,1,0,8,1, , ,N,1,0,0,3,0,1,2,2,N, ,39 59:21.634,75 09:19.704,1307, ,1306, ,0, , , ,0, , , , , ,437829, , , ,1,1,0,0,0,0,0,0,0,0,0,1,1,0,0,0,0,0,0,0,1,0,0,0,0,0,0,0,0,0,0,0,1,0,0,4,0,39.9893,-75.1555, , 
 ,37080,2014098712,6,67,67301,2014,9,5,1821,18,4,1,0,4,1, , ,N,1,3,0,3,0,1,2,2,N, ,40 02:26.901,75 04:22.717,1848, ,1846, ,0, , , ,3, , , , , ,437834, , , ,1,1,0,0,0,0,0,0,1,0,0,1,1,0,0,0,0,0,0,0,0,0,0,0,0,0,0,0,0,0,0,0,0,0,0,4,0,40.0408,-75.073, , 
 ,37081,2014106793,6,67,67301,2014,10,1,1621,16,1,1,0,4,1, , ,N,1,2,0,3,0,1,3,2,N,N,39 58:22.052,75 12:58.705,1709, ,1646, ,0, ,N, ,3, , , , , ,437837, , , ,2,1,0,0,0,0,0,1,0,0,0,1,1,0,0,0,0,0,0,0,2,0,0,3,0,0,0,0,0,0,0,0,0,0,0,4,0,39.9728,-75.2163, , 
 ,37082,2014054597,6,67,67301,2014,4,7,1630,16,1,1,0,7,5, , ,N,0,0,0,3,0,0,1,1,N,N,39 59:13.673,75 13:20.923,1645, ,1636,1,1,2, , ,0,N, , , , ,437852, , , ,1,1,0,0,0,0,0,0,0,0,0,0,0,0,0,0,0,0,0,0,1,0,0,0,0,0,0,0,0,0,0,0,0,0,0,0,0,39.9871,-75.2225, , 
 ,37083,2014063226,6,67,67301,2014,6,3,500,5,3,1,0,4,1, , ,N,1,2,0,3,0,2,2,2,N,N,40 03:25.655,75 07:44.297,529, ,524,2,1,4,N, ,3,N, , , , ,437856, , , ,2,2,0,0,0,0,0,0,0,0,0,0,2,2,0,0,0,0,0,0,0,0,0,0,0,0,0,0,0,0,0,0,0,0,0,8,0,40.0571,-75.1291, , 
 ,37084,2014088662,6,67,67301,2014,8,5,1640,16,1,1,0,1,1, , ,N,1,0,0,3,0,2,4,3,N, ,39 57:24.012,75 11:52.849,1642, ,1640,1,1,4, , ,0,N, , , , ,437880, , , ,3,2,0,0,0,0,1,0,0,0,0,2,2,0,0,0,0,0,0,0,0,1,0,0,0,0,0,0,0,0,0,0,0,0,0,4,0,39.9566,-75.198, , 
 ,37085,2014104485,6,67,67301,2014,10,1,610,6,1,1,0,1,1, , ,N,0,0,0,3,0,1,3,2,N,N,40 04:18.205,75 02:16.290,630, ,615, ,0, ,N, ,0, , , , , ,437891, , , ,2,1,0,0,0,0,1,0,0,0,0,1,1,0,0,0,0,0,0,0,1,0,0,0,0,0,0,0,0,0,0,0,0,0,0,4,0,40.0717,-75.0379, , 
 ,37086,2014110429,6,67,67301,2014,10,2,1948,19,3,1,0,4,1, , ,N,1,2,0,3,0,3,4,2,N,N,40 05:18.096,75 02:38.680,1953, ,1949, ,0, , , ,3, , , , , ,437897, , , ,2,1,0,0,0,0,0,1,0,0,0,3,3,0,0,0,0,0,1,0,0,0,0,0,0,0,0,0,0,0,0,0,0,0,0,4,0,40.0884,-75.044, , 
 ,37087,2014059045,6,67,67301,2014,4,3,2153,21,3,2,1,1,1, , ,N,0,0,3,3,0,1,2,2,N, ,39 54:12.969,75 11:55.285,2158, ,2153,1,1,4, , ,0,N, , , , ,437901, , , ,2,2,0,0,0,0,0,0,0,0,0,0,1,1,0,0,0,0,0,0,0,0,0,0,0,0,0,0,0,0,0,0,0,0,0,8,0,39.9036,-75.1987, , 
 ,37088,2014059056,6,67,67301,2014,5,3,730,7,1,1,0,4,1, , ,N,1,3,0,3,0,1,5,2,N, ,40 06:01.605,75 00:46.810,800, ,745, ,0, , , ,3, , , , , ,437902, , , ,2,1,0,0,0,0,1,0,0,0,0,0,1,1,0,0,0,0,0,0,0,0,0,0,0,0,0,0,0,0,0,0,0,0,0,8,0,40.1004,-75.013, , 
 ,37089,2014063871,6,67,67301,2014,6,3,914,9,1,1,0,5,1, , ,N,0,0,3,3,0,1,2,2,N,N,40 01:36.221,75 01:35.225,930, ,917,1,1,2,N, ,0,N, , , , ,437945, , , ,2,1,0,0,0,0,1,0,0,0,0,1,1,0,0,0,0,0,0,0,0,0,0,0,0,0,0,0,0,0,0,0,0,0,0,4,0,40.0267,-75.0265, , 
 ,37090,2014087922,6,67,67301,2014,8,6,2106,21,3,1,0,1,1, , ,N,1,2,0,3,0,0,2,2,N,N,40 02:34.575,75 01:26.038,2121, ,2111, ,0, , , ,3, , , , , ,437972, , , ,2,2,0,0,0,0,0,0,0,0,0,0,0,0,1,0,0,0,0,0,0,0,0,0,0,0,0,0,0,0,0,0,0,0,0,9,0,40.0429,-75.0239, , 
 ,37091,2014088683,6,67,67301,2014,7,4,943,9,1,1,0,4,1, , ,N,1,2,0,3,0,1,2,2,N,N,39 59:12.228,75 09:34.174,946, ,945, ,0, ,N, ,3, , , , , ,437975, , , ,1,1,0,0,0,0,0,0,1,0,0,0,1,1,0,0,0,0,0,0,0,0,0,0,0,0,0,0,0,0,0,0,0,0,0,8,0,39.9867,-75.1595, , 
 ,37092,2014088705,6,67,67301,2014,8,5,655,6,1,2,0,4,1, , ,N,1,3,0,3,0,0,2,2,N,N,39 57:13.402,75 13:56.207,717, ,655, ,0, , , ,3, , , , , ,437976, , , ,2,2,0,0,0,0,0,0,0,0,0,0,0,0,0,0,0,0,0,0,0,0,0,0,0,0,0,0,0,0,0,0,0,0,0,0,0,39.9537,-75.2323, , 
 ,37093,2014091358,6,67,67301,2014,8,1,9999,99,2,2,1,2,1, , ,N,0,0,0,3,0,3,5,2,N, ,40 03:10.584,75 05:12.421,1946, ,1944,2,2,5, , ,0,Y, , , , ,437980, , , ,2,1,0,0,0,0,0,1,0,0,0,0,3,3,0,0,0,0,0,0,0,0,0,0,0,0,0,0,0,0,0,0,0,0,0,8,0,40.0529,-75.0868, , 
 ,37094,2014066908,6,67,67301,2014,7,4,1447,14,1,1,0,5,1, , ,N,0,0,0,3,0,1,5,2,N,N,40 00:08.470,75 11:41.979,1510, ,1448, ,0, ,N, ,0, , , , , ,431644, , , ,2,2,0,0,0,0,0,0,0,0,0,0,1,1,2,0,0,0,0,0,0,0,0,0,0,0,0,0,0,0,0,0,0,0,0,8,0,40.0024,-75.195, , 
 ,37095,2014068063,6,67,67301,2014,5,6,1245,12,1,2,1,4,1, , ,N,1,2,0,3,0,1,2,2,N, ,39 56:18.900,75 11:54.432,1258, ,1255,1,1,1, , ,3,N, , , , ,431646, , , ,2,1,0,0,0,0,0,1,0,0,0,1,1,0,0,0,0,0,0,0,0,0,1,0,0,0,0,0,0,0,0,0,0,0,0,4,0,39.9386,-75.1985, , 
 ,37096,2014088839,6,67,67301,2014,8,2,9999,99,3,1,0,7,4, , ,N,0,0,0,3,0,1,1,1,N,N,40 01:16.310,75 12:00.950,9999, ,9999,1,1,1,N, ,0,N, , , , ,431660, , , ,1,0,0,0,0,0,1,0,0,0,0,0,1,1,0,0,0,0,0,0,1,0,0,0,0,0,0,0,0,0,0,0,0,0,0,8,0,40.0212,-75.2003, , 
 ,37097,2014088979,6,67,67301,2014,8,7,1046,10,1,1,0,8,1, , ,N,1,2,0,3,0,1,2,2,N,N,39 57:30.563,75 13:30.647,1050, ,1046, ,0, ,N, ,3, , , , , ,431661, , , ,1,1,0,0,0,0,0,0,0,0,1,0,1,0,0,0,0,0,0,1,0,0,0,0,0,0,0,0,0,0,0,0,1,0,0,3,0,39.9585,-75.2252, , 
 ,37098,2014098738,6,67,67301,2014,9,1,9999,99,1,1,0,4,1, , ,N,1,2,0,3,0,1,2,2,N,N,40 01:28.513,75 07:23.473,9999, ,9999, ,0, , , ,3, , , , , ,431665, , , ,1,1,0,0,0,0,0,0,1,0,0,0,1,1,0,0,0,0,0,0,0,1,0,0,0,0,0,0,0,0,0,0,0,0,0,8,0,40.0246,-75.1232, , 
 ,37099,2014109905,6,67,67301,2014,10,3,1615,16,1,1,0,4,1, , ,N,1,2,0,3,0,2,4,2,N,N,40 02:57.481,75 04:04.310,1626, ,1623, ,0, ,N, ,3, , , , , ,431678, , , ,2,0,0,0,0,0,2,0,0,0,0,0,2,2,0,0,0,0,0,0,0,0,0,0,0,0,0,0,0,0,0,0,0,0,0,8,0,40.0493,-75.0679, , 
 ,37100,2014059235,6,67,67301,2014,5,5,1747,17,1,1,0,4,1, , ,N,2,3,0,3,0,0,3,3,N,N,39 55:45.453,75 14:32.200,1751, ,1747, ,0, , , ,3, , , , , ,431685, , , ,3,2,0,0,0,0,0,1,0,0,0,0,0,0,0,0,0,0,0,0,1,0,0,0,0,0,0,0,0,0,0,0,0,0,0,0,0,39.9293,-75.2422, , 
 ,37101,2014054596,6,67,67301,2014,5,5,1900,19,1,1,0,1,6, , ,N,0,0,0,3,0,1,1,2,N, ,40 01:34.932,75 04:03.359,1904, ,1903, ,0, , , ,0, , , , , ,431695, , , ,2,1,0,0,0,0,1,0,0,0,0,0,1,1,0,0,0,0,0,0,1,0,0,0,0,0,0,0,0,0,0,0,0,0,0,8,0,40.0264,-75.0676, , 
 ,37102,2014061072,6,67,67301,2014,5,2,1731,17,1,1,0,8,1, , ,N,0,0,0,3,0,1,2,2,N, ,39 57:16.837,75 10:24.522,1755, ,1753, ,0, , , ,0, , , , , ,431703, , , ,1,0,0,0,0,0,1,0,1,0,0,1,1,0,0,0,0,0,0,0,0,1,0,0,0,0,0,0,0,0,0,0,0,0,0,4,0,39.9547,-75.1735, , 
 ,37103,2014078779,6,67,67301,2014,5,7,2330,23,3,1,0,1,1, , ,N,1,2,0,3,0,2,4,3,N,N,40 02:16.788,75 04:04.754,2345, ,2345,3,2,1,N, ,3,N, , , , ,431718, , , ,3,2,0,0,0,0,1,0,0,0,0,2,2,0,1,0,0,0,0,0,0,0,0,0,0,0,0,0,0,0,0,0,0,0,0,4,0,40.038,-75.068, , 
 ,37104,2014067983,6,67,67301,2014,6,6,1935,19,1,1,0,4,1, , ,N,2,3,0,3,0,1,2,2,N,N,39 55:19.843,75 13:21.219,1941, ,1940, ,0, , , ,3, , , , , ,431738, , , ,1,0,0,0,0,0,1,0,1,0,0,1,1,0,0,0,0,0,0,0,0,0,0,0,0,0,0,0,0,0,0,0,0,0,0,4,0,39.9222,-75.2226, , 
Y,37105,2014087258,6,67,67301,2014,9,2,1234,12,1,1,0,4,1,3,4,Y,1,2,0,3,0,2,2,2,N,N,40 03:25.655,75 07:44.297,1242,90,1239,2,2,4,N, ,3,Y,Y, , ,N,431758, , , ,2,1,0,0,0,0,1,0,0,0,0,0,2,2,0,0,0,0,0,0,1,1,0,0,0,0,0,0,0,0,0,0,0,0,0,8,0,40.0571,-75.1291, , 
 ,37106,2014034232,6,67,67301,2014,2,6,1500,15,1,1,0,8,1, , ,N,0,0,0,3,0,1,2,2,N,N,40 02:17.974,75 08:29.118,1930, ,9999, ,0, ,N, ,0, , , , , ,431806, , , ,1,0,0,1,0,0,0,0,0,0,0,1,1,0,0,0,0,0,0,0,0,0,0,0,0,0,0,0,0,0,0,0,1,0,0,4,1,40.0383,-75.1414, , 
 ,37107,2014038871,6,67,67301,2014,3,6,1410,14,1,1,0,5,1, , ,N,0,0,0,3,0,0,2,2,N,N,39 57:17.854,75 10:51.641,1616, ,1553, ,0, ,N, ,0, , , , , ,431808, , , ,2,1,0,0,0,1,0,0,0,0,0,0,0,0,0,0,0,0,0,0,0,0,0,0,0,0,0,0,0,0,0,0,0,0,0,0,1,39.955,-75.181, , 
 ,37108,2014038984,6,67,67301,2014,3,2,1030,10,1,1,0,3,1, , ,N,1,3,0,3,0,1,3,3,N, ,39 59:33.309,75 09:23.677,1230, ,1228, ,0, , , ,3, , , , , ,431809, , , ,2,1,0,0,0,0,1,0,0,0,0,1,1,0,0,0,0,0,0,0,0,0,0,0,0,0,0,0,0,0,0,0,1,0,0,4,0,39.9926,-75.1566, , 
 ,37109,2014068088,6,67,67301,2014,5,2,525,5,5,1,0,7,2, , ,N,0,0,8,3,0,0,1,1,N,N,40 00:22.993,75 11:38.216,535, ,529, ,0, ,N, ,0, , , , , ,431837, , , ,1,1,0,0,0,0,0,0,0,0,0,0,0,0,0,0,0,0,0,0,0,0,0,0,0,0,0,0,0,0,0,0,0,0,0,0,0,40.0064,-75.1939, , 
 ,37110,2014068674,6,67,67301,2014,6,2,1640,16,1,1,0,4,1, , ,N,1,2,0,3,0,3,3,4,N,N,39 56:43.175,75 14:30.351,1745, ,1705, ,0, ,N, ,3, , , , , ,431838, , , ,4,3,0,0,0,0,1,0,0,0,0,3,3,0,0,0,0,0,0,0,1,0,0,0,0,0,0,0,0,0,0,0,0,0,0,4,0,39.9453,-75.2418, , 
 ,37111,2014083547,6,67,67301,2014,8,6,354,3,3,2,1,7,3, , ,N,0,0,0,3,0,0,1,1,N,N,40 00:33.901,75 12:25.197,403, ,357,1,1,3,N, ,0,N, , , , ,431852, , , ,1,1,0,0,0,0,0,0,0,0,0,0,0,0,0,0,0,0,0,0,0,0,0,0,0,0,0,0,0,0,0,0,0,0,0,0,0,40.0094,-75.207, , 
 ,37112,2014088976,6,67,67301,2014,7,4,1712,17,1,1,0,6,4, , ,N,0,0,0,3,0,1,2,2,N,N,39 59:40.073,75 06:57.510,1720, ,1715, ,0, , , ,0, , , , , ,434752, , , ,2,1,0,0,1,0,0,0,0,0,1,0,1,0,0,0,0,0,0,0,0,0,0,0,0,0,0,0,0,0,0,0,0,0,0,3,0,39.9945,-75.116, , 
 ,37113,2014075457,6,46,46102,2014,8,7,934,9,1,1,0,4,1, , ,N,1,2,0,3,0,0,2,2,N,N,40 04:18.194,75 09:14.605,934, ,934, ,0, ,N, ,3, , , , , ,434779, , , ,2,2,0,0,0,0,0,0,0,0,0,0,0,0,0,0,0,0,0,0,0,0,0,0,0,0,0,0,0,0,0,0,0,0,0,0,0,40.0717,-75.1541, , 
 ,37114,2014088332,6,67,67301,2014,7,4,1415,14,1,1,0,4,1, , ,N,0,0,0,3,0,1,2,2,N, ,39 55:09.242,75 12:38.790,1504, ,1502, ,0, , , ,0, , , , , ,434782, , , ,2,2,0,0,0,0,0,0,0,0,0,0,1,1,0,0,0,0,0,0,0,0,0,0,0,0,0,0,0,0,0,0,0,0,0,8,0,39.9192,-75.2108, , 
N,37115,2014095183,6,67,67301,2014,9,7,1646,16,1,1,0,1,1,1,4,Y,0,0,0,3,0,0,4,2,N,N,40 01:13.422,75 02:35.135,1711,45,1653, ,0, ,N, ,0, ,N,N,N,N,434789,N,Y,N,2,2,0,0,0,0,0,0,0,0,0,0,0,0,0,0,0,0,0,0,1,0,1,0,0,0,0,0,0,0,0,0,0,0,0,0,0,40.0204,-75.0431, , 
 ,37116,2014122445,6,67,67301,2014,11,4,817,8,1,2,1,7,4, , ,N,1,2,0,3,0,0,1,1,N,N,39 57:32.108,75 12:18.658,818, ,817, ,0, ,Y, ,3, , , , , ,434817, , , ,1,1,0,0,0,0,0,0,0,0,0,0,0,0,0,0,0,0,0,0,0,0,0,0,0,0,0,0,0,0,0,0,0,0,0,0,0,39.9589,-75.2052, , 
 ,37117,2014059004,6,67,67301,2014,4,2,1505,15,1,1,0,7,4, , ,N,0,0,0,3,0,0,1,2,N,N,40 03:29.195,75 00:55.859,1605, ,1600, ,0, ,N, ,0, , , , , ,434824, , , ,2,1,0,0,0,0,1,0,0,0,0,0,0,0,0,0,0,0,0,0,0,0,0,0,0,0,0,0,0,0,0,0,0,0,0,0,0,40.0581,-75.0155, , 
 ,37118,2014063475,6,67,67301,2014,6,4,56,0,3,1,0,0,1, , ,N,6,0,0,3,0,1,1,1,N,N,40 00:11.864,75 11:42.460,104, ,58,1,1,3,N, ,0,N, , , , ,434829, , , ,1,0,1,0,0,0,0,0,0,0,1,0,1,0,0,0,0,0,0,0,0,0,0,0,0,0,0,0,0,0,0,0,0,0,0,3,0,40.0033,-75.1951, , 
 ,37119,2014075985,6,67,67301,2014,6,3,920,9,1,1,0,1,1, , ,N,0,0,0,3,0,3,5,2,N,N,40 01:57.798,75 04:45.517,925, ,923,2,1,1, , ,0,N, , , , ,434846, , , ,2,1,0,1,0,0,0,0,0,0,0,0,3,3,0,0,0,0,0,0,0,0,0,1,0,0,0,0,0,0,0,0,0,0,0,8,1,40.0327,-75.0793, , 
 ,37120,2014081084,6,67,67301,2014,6,2,1200,12,1,1,0,4,1, , ,N,1,2,0,3,0,3,4,3,N, ,39 59:40.673,75 05:40.311,1218, ,1216, ,0, , , ,3, , , , , ,434851, , , ,3,2,0,0,0,0,1,0,0,0,0,2,3,1,0,0,0,0,0,0,0,0,0,0,0,0,0,0,0,0,0,0,0,0,0,4,0,39.9946,-75.0945, , 
 ,37121,2014087298,6,67,67301,2014,7,5,2100,21,3,1,0,5,1, , ,N,0,0,0,3,0,1,2,2,N,N,39 59:36.490,75 07:34.430,1500, ,1500, ,0, ,N, ,0, , , , , ,434855, , , ,1,1,0,0,0,0,0,0,1,0,0,1,1,0,0,0,0,0,0,0,0,0,0,0,0,0,0,0,0,0,0,0,0,0,0,4,0,39.9935,-75.1262, , 
 ,37122,2014091790,6,67,67301,2014,9,7,1645,16,1,1,0,4,1, , ,N,1,3,0,3,0,5,5,2,N,N,40 02:25.407,75 04:07.766,1657, ,1657,9,1,6, , ,3,N, , , , ,434859, , , ,2,2,0,0,0,0,0,0,0,0,0,5,5,0,0,0,0,0,0,0,0,0,0,0,0,0,0,0,0,0,0,0,0,0,0,4,0,40.0404,-75.0688, , 
 ,37123,2014013044,6,67,67301,2014,1,3,1904,19,3,1,0,1,1, , ,N,1,2,0,3,0,1,2,4,N, ,39 59:55.016,75 04:15.335,1910, ,1908, ,0, , , ,3, , , , , ,434875, , , ,3,1,0,0,2,0,0,0,0,0,0,0,1,1,0,0,0,0,0,0,0,0,0,0,0,0,0,0,0,0,0,0,0,0,0,8,0,39.9986,-75.0709, , 
 ,37124,2014035699,6,67,67301,2014,2,5,0,0,3,4,3,1,1, , ,N,1,2,0,3,0,1,2,2,N,N,40 02:12.109,75 09:30.211,250, ,231, ,0, ,N, ,3, , , , , ,434897, , , ,2,2,0,0,0,0,0,0,0,0,0,1,1,0,0,0,0,0,0,0,0,0,0,0,0,0,0,0,0,0,0,0,0,0,0,4,0,40.0367,-75.1584, , 
 ,37125,2014037833,6,67,67301,2014,4,2,930,9,1,2,1,4,1, , ,N,1,2,0,3,0,2,3,2,N,N,39 57:40.702,75 10:30.178,1115, ,1100,2,2,4,N, ,3,Y, , , , ,434900, , , ,2,1,0,1,0,0,0,0,0,0,0,2,2,0,0,0,0,0,0,0,0,0,0,0,0,0,0,0,0,0,0,0,0,0,0,4,1,39.9613,-75.175, , 
 ,37126,2014010188,6,67,67301,2014,1,7,1224,12,1,1,0,4,1, , ,N,0,0,0,3,0,3,3,2,N,N,39 58:33.837,75 11:42.352,1230, ,1224,2,1,4,N, ,0,N, , , , ,434916, , , ,2,0,0,0,0,0,2,0,0,0,0,3,3,0,0,0,0,0,0,0,1,0,0,0,0,0,0,0,0,0,0,0,0,0,0,4,0,39.9761,-75.1951, , 
 ,37127,2014088922,6,67,67301,2014,8,7,200,2,3,1,0,4,1, , ,N,1,3,0,3,0,0,3,2,N,N,40 01:20.398,75 07:50.350,205, ,200, ,0, ,N, ,3, , , , , ,434932, , , ,2,2,0,0,0,0,0,0,0,0,0,0,0,0,1,0,0,0,0,1,0,0,0,2,0,0,0,0,0,0,0,0,0,0,0,9,0,40.0223,-75.1307, , 
 ,37128,2014098666,6,67,67301,2014,9,5,9999,99,1,1,0,2,1, , ,N,0,0,0,3,0,1,2,2,N, ,40 04:30.843,75 03:07.355,9999, ,1241,3,1,2, , ,0,N, , , , ,434937, , , ,2,0,0,0,0,0,2,0,0,0,1,0,1,0,0,0,0,0,0,0,1,0,0,0,0,0,0,0,0,0,0,0,0,0,0,3,0,40.0752,-75.052, , 
 ,37129,2014104405,6,67,67301,2014,10,1,2130,21,3,1,0,4,1, , ,N,1,2,0,3,0,0,3,2,N,N,39 56:37.392,75 09:01.267,2145, ,2136, ,0, ,Y, ,3, , , , , ,434946, , , ,2,1,0,0,0,0,1,0,0,0,0,0,0,0,0,0,0,0,0,0,0,0,0,0,0,0,0,0,0,0,0,0,0,0,0,0,0,39.9437,-75.1504, , 
 ,37130,2014114369,6,67,67301,2014,1,6,9999,99,1,1,0,1,1, , ,N,1,2,0,3,0,2,3,2,N,N,40 01:03.525,75 03:33.421,0, ,0, ,0, ,N, ,3, , , , , ,434956, , , ,2,0,0,0,0,0,1,1,0,0,0,0,2,2,0,0,0,0,0,0,0,0,0,0,0,0,0,0,0,0,0,0,0,0,0,8,0,40.0176,-75.0593, , 
 ,37131,2014084215,6,67,67301,2014,7,3,1000,10,1,1,0,1,1, , ,N,0,0,0,3,0,1,3,3,N,N,39 55:36.409,75 10:08.730,1035, ,1027, ,0, ,N, ,0, , , , , ,440329, , , ,3,2,0,0,0,0,1,0,0,0,0,1,1,0,0,0,0,0,0,0,0,0,0,0,0,0,0,0,0,0,0,0,0,0,0,4,0,39.9268,-75.1691, , 
 ,37132,2014087859,6,67,67301,2014,7,6,208,2,3,1,0,7,3, , ,N,2,2,0,3,0,3,3,1,N,N,39 57:49.599,75 09:40.200,212, ,209, ,0, , , ,3, , , , , ,440332, , , ,1,0,0,0,0,0,1,0,0,0,0,3,3,0,0,0,0,0,0,0,0,0,0,0,0,0,0,0,0,0,0,0,0,0,0,4,0,39.9637,-75.161, , 
 ,37133,2014112764,6,67,67301,2014,11,7,551,5,3,2,1,5,6, , ,N,0,0,0,3,0,0,1,2,N,N,39 59:09.932,75 10:01.653,624, ,623,2,1,4,N, ,0,N, , , , ,440351, , , ,2,2,0,0,0,0,0,0,0,0,0,0,0,0,0,0,0,0,0,0,0,0,0,1,0,0,0,0,0,0,0,0,0,0,0,0,0,39.9861,-75.1671, , 
 ,37134,2014056917,6,67,67301,2014,6,6,900,9,1,1,0,4,1, , ,N,1,2,0,3,0,9,12,2,Y,N,39 57:19.191,75 13:55.012,920, ,900,2,1,4,N, ,3,N, , , , ,440365, , , ,2,0,0,1,0,0,1,0,0,0,0,0,9,9,0,0,0,0,0,0,1,0,0,0,0,0,0,0,0,0,0,0,0,0,0,8,1,39.9553,-75.2319, , 
 ,37135,2014074481,6,67,67301,2014,6,5,2042,20,3,1,0,2,1, , ,N,1,2,0,3,0,1,3,2,N,N,40 02:34.252,75 03:47.603,2050, ,2046, ,0, ,N, ,3, , , , , ,440376, , , ,2,0,0,0,0,0,1,1,0,0,1,0,1,0,0,0,0,0,0,0,1,0,0,0,0,0,0,0,0,0,0,0,0,0,0,3,0,40.0428,-75.0631, , 
 ,37136,2014106733,6,67,67301,2014,10,6,1316,13,1,1,0,4,1, , ,N,1,3,0,3,0,3,5,2,N,N,39 55:38.431,75 10:58.990,1322, ,1318, ,0, , , ,3, , , , , ,440397, , , ,2,2,0,0,0,0,0,0,0,0,0,3,3,0,0,0,0,0,0,1,0,0,1,5,0,0,0,0,0,0,0,0,0,0,0,4,0,39.9273,-75.1831, , 
 ,37137,2014106745,6,67,67301,2014,10,5,822,8,1,1,0,4,1, , ,N,1,3,0,3,0,0,2,2,N,N,40 03:14.320,75 11:50.625,843, ,840, ,0, ,N, ,3, , , , , ,440398, , , ,2,1,0,0,0,0,1,0,0,0,0,0,0,0,0,0,0,0,0,0,0,0,0,0,0,0,0,0,0,0,0,0,0,0,0,0,0,40.054,-75.1974, , 
 ,37138,2014087349,6,46,46104,2014,8,2,1336,13,1,1,0,1,1, , ,N,2,2,3,3,0,1,7,4,N,N,40 00:00.415,75 13:43.355,1339, ,1336,1,1,2,N, ,3,N, , , , ,440430, , , ,4,2,0,0,0,0,1,1,0,0,0,1,1,0,0,0,0,0,0,0,0,0,0,0,0,0,0,0,0,0,0,0,0,0,0,4,0,40.0001,-75.2287, , 
 ,37139,2014088714,6,67,67301,2014,7,6,1242,12,1,1,0,4,1, , ,N,0,0,7,3,0,1,2,2,N, ,40 00:26.132,75 05:48.363,1252, ,1250,3,2,7, , ,0,Y, , , , ,440432, , , ,1,1,0,0,0,0,0,0,1,0,1,0,1,0,0,0,0,0,0,0,0,0,0,0,0,0,0,0,0,0,0,0,0,0,0,3,0,40.0073,-75.0968, , 
 ,37140,2014088914,6,67,67301,2014,8,4,1140,11,1,1,0,4,1, , ,N,1,2,0,3,0,1,5,3,N,N,40 00:57.144,75 09:13.828,9999, ,1143, ,0, ,N, ,3, , , , , ,440433, , , ,3,0,0,0,0,1,1,0,0,0,0,1,1,0,0,0,0,0,0,0,1,0,0,0,0,0,0,0,0,0,0,0,0,0,0,4,1,40.0159,-75.1538, , 
 ,37141,2014049856,6,67,67301,2014,3,5,2234,22,3,1,0,8,1, , ,N,0,0,0,3,0,1,2,2,N, ,40 02:39.516,75 14:04.545,2255, ,2234,1,2,6, , ,0,Y, , , , ,440454, , , ,1,0,0,0,0,0,0,0,0,1,0,0,1,0,0,0,0,0,0,0,0,0,0,0,0,0,0,0,0,0,0,0,1,0,1,2,0,40.0443,-75.2346, , 