wz_ln_closure,objectid_1,crn,district,county,municipality,crash_year,crash_month,day_of_week,time_of_day,hour_of_day,illumination,weather,road_condition,collision_type,relation_to_road,work_zone_type,work_zone_loc,work_zone_ind,intersect_type,tcd_type,location_type,urban_rural,fatal_count,injury_count,person_count,total_units,sch_bus_ind,sch_zone_ind,latitude,longitude,arrival_tm,cons_zone_spd_lim,dispatch_tm,est_hrs_closed,lane_closed,ln_close_dir,ntfy_hiwy_maint,spec_juris_cd,tcd_func_cd,tfc_detour_ind,workers_pres,wz_close_detour,wz_flagger,wz_law_offcr_ind,objectid,wz_moving,wz_other,wz_shlder_mdn,vehicle_count,automobile_count,motorcycle_count,bus_count,small_truck_count,heavy_truck_count,suv_count,van_count,bicycle_count,maj_inj_count,mod_inj_count,min_inj_count,tot_inj_count,unk_inj_deg_count,unk_inj_per_count,driver_count_16yr,driver_count_17yr,driver_count_18yr,driver_count_19yr,driver_count_20yr,driver_count_50_64yr,driver_count_65_74yr,driver_count_75plus,unbelted_occ_count,unb_death_count,unb_maj_inj_count,belted_death_count,belted_maj_inj_count,mcycle_death_count,mcycle_maj_inj_count,bicycle_death_count,bicycle_maj_inj_count,ped_count,ped_death_count,ped_maj_inj_count,max_severity_level,comm_veh_count,dec_lat,dec_long,rdwy_surf_type_cd,county_name
 ,37208,2014088999,6,67,67301,2014,8,7,2329,23,3,1,0,8,1, , ,N,1,3,0,3,0,1,2,2,N,N,40 03:11.016,75 09:05.551,2350, ,2344, ,0, ,N, ,3, , , , , ,440563, , , ,1,0,0,0,0,0,0,0,0,0,0,1,1,0,0,0,0,0,0,0,0,0,0,0,0,0,0,0,0,0,0,0,1,0,0,4,0,40.0531,-75.1515, , 
 ,37209,2014089759,6,67,67301,2014,7,5,1220,12,1,1,0,1,1, , ,N,1,2,0,3,0,0,4,3,N,N,39 57:28.635,75 14:00.646,1230, ,1230, ,0, ,N, ,3, , , , , ,440565, , , ,3,2,0,0,0,0,1,0,0,0,0,0,0,0,0,0,0,0,0,0,1,0,0,0,0,0,0,0,0,0,0,0,0,0,0,0,0,39.958,-75.2335, , 
 ,37210,2014093499,6,67,67301,2014,9,3,2000,20,3,1,0,8,1, , ,N,0,0,0,3,0,1,2,2,N,N,40 02:09.157,75 04:50.862,2008, ,2006, ,0, ,N, ,0, , , , , ,440570, , , ,1,0,0,0,0,0,1,0,0,0,0,0,1,1,0,0,0,0,0,0,1,0,0,0,0,0,0,0,0,0,0,0,1,0,0,8,0,40.0359,-75.0808, , 
 ,37211,2014113455,6,67,67301,2014,10,4,925,9,1,2,1,4,1, , ,N,1,3,2,3,0,0,2,2,N,N,39 59:11.983,75 12:29.919,940, ,926,1,1,3,N, ,3,N, , , , ,440583, , , ,2,1,0,0,0,0,0,1,0,0,0,0,0,0,0,0,0,0,0,0,1,0,0,0,0,0,0,0,0,0,0,0,0,0,0,0,0,39.9867,-75.2083, , 
 ,37212,2014053830,6,67,67301,2014,5,3,1811,18,1,2,1,1,1, , ,N,0,0,0,3,0,1,3,2,N,N,40 00:34.869,75 03:52.653,1843, ,1834, ,0, ,N, ,0, , , , , ,440602, , , ,2,0,0,0,0,0,0,2,0,0,0,1,1,0,0,0,0,0,0,0,2,0,0,0,0,0,0,0,0,0,0,0,0,0,0,4,0,40.0097,-75.0646, , 
 ,37213,2014078899,6,67,67301,2014,5,6,749,7,1,1,0,4,1, , ,N,1,3,0,3,0,5,5,3,N, ,40 03:26.326,75 08:26.228,812, ,810, ,0, , , ,3, , , , , ,440611, , , ,3,3,0,0,0,0,0,0,0,1,0,1,5,3,0,0,0,0,0,0,1,1,0,0,0,0,0,0,0,0,0,0,0,0,0,2,0,40.0573,-75.1406, , 
 ,37214,2014081073,6,67,67301,2014,6,2,1124,11,1,1,0,1,1, , ,N,0,0,0,3,0,1,3,2,N, ,39 55:36.892,75 13:25.044,1142, ,1139, ,0, , , ,0, , , , , ,440614, , , ,2,2,0,0,0,0,0,0,0,0,0,1,1,0,0,0,0,0,0,0,0,0,0,0,0,0,0,0,0,0,0,0,0,0,0,4,0,39.9269,-75.2236, , 
 ,37215,2014084288,6,67,67301,2014,7,6,1325,13,1,1,0,4,1, , ,N,1,2,0,3,0,2,4,2,N, ,40 03:13.772,75 05:10.794,9999, ,1329, ,0, , , ,3, , , , , ,440615, , , ,2,2,0,0,0,0,0,0,0,0,0,2,2,0,0,0,0,0,0,0,0,0,0,0,0,0,0,0,0,0,0,0,0,0,0,4,0,40.0538,-75.0863, , 
 ,37216,2014088160,6,67,67301,2014,7,3,803,8,1,1,0,1,1, , ,N,1,2,0,3,0,1,3,2,N,N,40 02:08.965,75 10:29.000,830, ,822, ,0, ,N, ,3, , , , , ,440617, , , ,2,1,0,0,0,0,0,0,0,0,0,1,1,0,1,0,0,0,0,0,0,0,0,0,0,0,0,0,0,0,0,0,0,0,0,4,0,40.0358,-75.1747, , 
 ,37217,2014089714,6,67,67301,2014,7,6,2119,21,3,1,0,8,1, , ,N,0,0,0,3,0,1,2,2,N,N,39 55:28.271,75 10:10.948,2132, ,2128, ,0, ,N, ,0, , , , , ,440619, , , ,1,1,0,0,0,0,0,0,1,0,0,1,1,0,0,0,0,0,0,0,1,0,0,0,0,0,0,0,0,0,0,0,0,0,0,4,0,39.9245,-75.1697, , 
 ,37218,2014091312,6,67,67301,2014,8,1,1332,13,1,1,0,4,1, , ,N,1,2,0,3,0,1,2,2,N,N,39 54:39.830,75 13:50.027,1342, ,1334, ,0, ,N, ,3, , , , , ,440622, , , ,1,0,0,0,0,0,1,0,1,0,0,1,1,0,0,0,0,0,0,0,0,0,0,0,0,0,0,0,0,0,0,0,0,0,0,4,0,39.9111,-75.2306, , 
 ,37219,2014106643,6,67,67301,2014,10,7,750,7,1,2,1,7,4, , ,N,0,0,0,3,0,1,1,1,N,N,40 00:44.062,75 10:53.914,810, ,755, ,0, ,N, ,0, , , , , ,440633, , , ,1,1,0,0,0,0,0,0,0,0,0,1,1,0,0,0,0,0,0,0,0,0,0,1,0,0,0,0,0,0,0,0,0,0,0,4,0,40.0122,-75.1816, , 
 ,37220,2014065577,6,67,67301,2014,5,7,1522,15,1,1,0,1,1, , ,N,0,2,0,3,0,2,4,2,N,N,39 56:42.791,75 08:31.254,1635, ,1625, ,0, ,N, ,3, , , , , ,440647, , , ,2,2,0,0,0,0,0,0,0,0,2,0,2,0,0,0,0,0,0,0,0,0,0,0,0,0,0,0,0,0,0,0,0,0,0,3,0,39.9452,-75.142, , 
 ,37221,2014010501,6,67,67301,2014,1,5,821,8,1,1,6,5,1, , ,N,0,0,0,3,0,2,2,2,N,N,39 55:27.787,75 08:49.710,835, ,821, ,0, ,N, ,0, , , , , ,440654, , , ,2,1,0,0,0,0,1,0,0,0,1,1,2,0,0,0,0,0,0,0,0,0,0,0,0,0,0,0,0,0,0,0,0,0,0,3,0,39.9244,-75.1471, , 
 ,37222,2014068623,6,67,67301,2014,5,6,1200,12,1,2,1,1,1, , ,N,1,2,0,3,0,0,2,2,N, ,39 55:09.827,75 10:15.002,1205, ,1200,1,2,2, , ,3,N, , , , ,438142, , , ,2,1,0,0,1,0,0,0,0,0,0,0,0,0,0,0,0,0,0,0,0,0,0,0,0,0,0,0,0,0,0,0,0,0,0,0,0,39.9194,-75.1707, , 
 ,37223,2014088303,6,67,67301,2014,7,6,1630,16,1,1,0,4,1, , ,N,0,0,7,3,0,0,2,2,N, ,40 00:20.570,75 05:59.904,1900, ,630, ,0, , , ,0, , , , , ,438159, , , ,2,2,0,0,0,0,0,0,0,0,0,0,0,0,0,0,0,0,0,0,0,0,0,0,0,0,0,0,0,0,0,0,0,0,0,0,0,40.0057,-75.1, , 
 ,37224,2014088619,6,67,67301,2014,7,1,2030,20,3,1,0,7,4, , ,N,2,2,0,3,0,2,4,4,N,N,39 58:50.713,75 13:17.277,2049, ,2045, ,0, ,N, ,3, , , , , ,438160, , , ,3,0,0,0,1,0,0,0,0,0,0,2,2,0,0,0,0,0,0,0,0,1,0,1,0,0,0,0,0,0,0,0,0,0,0,4,0,39.9807,-75.2214, , 
 ,37225,2014099230,6,67,67301,2014,9,6,2057,20,3,1,0,1,1, , ,N,5,2,0,3,0,3,3,2,N,N,40 00:33.133,75 09:02.943,2057, ,2057, ,0, ,N, ,3, , , , , ,438168, , , ,2,2,0,0,0,0,0,0,0,0,0,0,3,3,0,0,0,0,0,0,0,0,0,0,0,0,0,0,0,0,0,0,0,0,0,8,0,40.0092,-75.1511, , 
 ,37226,2014101046,6,67,67301,2014,10,2,1918,19,3,2,1,7,2, , ,N,0,0,0,3,0,0,1,1,N,N,39 54:36.504,75 09:30.952,1918, ,1918, ,0, ,N, ,0, , , , , ,438170, , , ,1,1,0,0,0,0,0,0,0,0,0,0,0,0,0,0,0,0,0,0,0,0,0,0,0,0,0,0,0,0,0,0,0,0,0,0,0,39.9101,-75.1586, , 
 ,37227,2014074526,6,67,67301,2014,6,5,1430,14,1,1,0,4,1, , ,N,0,0,0,3,0,1,2,2,N,N,39 59:48.559,75 06:40.021,9999, ,9999, ,0, ,N, ,0, , , , , ,438193, , , ,1,1,0,0,0,0,0,0,1,0,0,0,1,1,0,0,0,0,0,0,0,0,0,0,0,0,0,0,0,0,0,0,0,0,0,8,0,39.9968,-75.1111, , 
 ,37228,2014088056,6,67,67301,2014,7,2,1200,12,1,1,0,1,1, , ,N,1,2,0,3,0,1,3,3,N, ,39 58:23.685,75 12:43.721,1215, ,1208, ,0, , , ,3, , , , , ,438210, , , ,3,1,0,0,0,0,0,2,0,1,0,0,1,0,0,0,0,0,0,0,1,0,0,0,0,0,0,0,0,0,0,0,0,0,0,2,0,39.9732,-75.2121, , 
 ,37229,2014091304,6,67,67301,2014,8,1,52,0,3,1,0,7,5, , ,N,0,0,0,3,0,0,1,1,N,N,39 57:52.274,75 12:16.328,55, ,52, ,0, ,N, ,0, , , , , ,438215, , , ,1,1,0,0,0,0,0,0,0,0,0,0,0,0,0,0,0,0,0,0,0,0,0,0,0,0,0,0,0,0,0,0,0,0,0,0,0,39.9645,-75.2045, , 
 ,37230,2014081459,6,67,67301,2014,6,4,824,8,1,1,0,6,6, , ,N,0,0,0,3,0,1,1,2,N,N,40 02:09.241,75 07:34.942,830, ,826,1,2,3,N, ,0,Y, , , , ,438254, , , ,2,2,0,0,0,0,0,0,0,0,0,1,1,0,0,0,0,0,0,0,0,1,0,0,0,0,0,0,0,0,0,0,0,0,0,4,0,40.0359,-75.1264, , 
 ,37231,2014088708,6,67,67301,2014,8,6,1700,17,1,1,0,4,1, , ,N,1,2,0,3,0,1,2,2,N,N,39 57:35.260,75 13:22.523,1730, ,1715, ,0, ,N, ,3, , , , , ,438264, , , ,1,0,0,0,0,0,0,0,1,0,0,1,1,0,0,0,0,0,0,0,0,0,0,0,0,0,0,0,0,0,0,0,0,0,0,4,0,39.9597,-75.2229, , 
 ,37232,2014088809,6,67,67301,2014,8,1,2158,21,3,1,0,7,4, , ,N,0,0,0,3,0,0,1,1,N, ,40 02:19.307,75 00:28.074,2200, ,2200, ,0, , , ,0, , , , , ,438265, , , ,1,1,0,0,0,0,0,0,0,0,0,0,0,0,0,0,0,0,0,0,0,0,0,0,0,0,0,0,0,0,0,0,0,0,0,0,0,40.0387,-75.0078, , 
 ,37233,2014088915,6,67,67301,2014,8,5,1037,10,1,1,0,5,1, , ,N,0,0,0,3,0,0,2,2,N, ,40 03:49.996,75 02:32.163,1045, ,1038,2,1,2, , ,0,N, , , , ,438266, , , ,2,2,0,0,0,0,0,0,0,0,0,0,0,0,0,0,0,0,0,0,0,0,0,0,0,0,0,0,0,0,0,0,0,0,0,0,0,40.0639,-75.0423, , 
 ,37234,2014068199,6,67,67301,2014,6,1,730,7,1,1,0,4,1, , ,N,2,0,0,3,0,2,3,2,N,N,39 57:05.288,75 14:27.445,1007, ,1000, ,0, ,N, ,0, , , , , ,438290, , , ,2,1,0,0,0,0,0,0,0,0,1,1,2,0,0,0,0,0,0,0,0,0,0,0,0,0,0,0,0,0,0,0,0,0,0,3,0,39.9515,-75.241, , 
 ,37235,2014076392,6,67,67301,2014,7,2,716,7,1,1,0,5,1, , ,N,0,0,0,3,0,1,2,2,N,N,39 57:24.909,75 09:19.477,732, ,720,2,2,3,N, ,0,Y, , , , ,438306, , , ,2,2,0,0,0,0,0,0,0,0,0,0,1,1,0,0,0,0,1,0,0,0,0,0,0,0,0,0,0,0,0,0,0,0,0,8,0,39.9569,-75.1554, , 
 ,37236,2014084308,6,67,67301,2014,7,5,915,9,1,1,0,1,6, , ,N,0,0,0,3,0,1,1,3,N,N,39 56:32.357,75 09:19.779,915, ,915,1,2,2, , ,0,Y, , , , ,438310, , , ,3,2,0,0,0,0,0,1,0,0,0,0,1,1,0,0,0,0,0,0,0,1,0,0,0,0,0,0,0,0,0,0,0,0,0,8,0,39.9423,-75.1555, , 
 ,37237,2014084478,6,67,67301,2014,5,3,1617,16,1,1,0,5,1, , ,N,0,0,0,3,0,1,2,2,Y, ,39 57:13.960,75 09:34.134,1618, ,1617, ,0, , , ,0, , , , , ,438311, , , ,1,0,0,1,0,0,0,0,1,0,1,0,1,0,0,0,0,0,0,0,0,0,0,0,0,0,0,0,0,0,0,0,0,0,0,3,1,39.9539,-75.1595, , 
 ,37238,2014087302,6,67,67301,2014,8,2,1605,16,1,1,0,4,1, , ,N,1,3,0,3,0,1,2,2,N, ,40 02:49.606,75 04:20.927,1606, ,1606,2,2,4, , ,3,Y, , , , ,438315, , , ,2,1,0,0,0,0,0,1,0,0,0,1,1,0,0,0,0,0,0,0,1,0,0,0,0,0,0,0,0,0,0,0,0,0,0,4,0,40.0471,-75.0725, , 
 ,37239,2014087894,6,67,67301,2014,8,5,1353,13,1,1,0,6,1, , ,N,1,2,0,3,0,2,2,2,N,N,39 58:21.766,75 12:14.569,1401, ,1354,1,1,2,N, ,3,N, , , , ,438316, , , ,2,1,0,0,0,0,0,1,0,0,0,2,2,0,0,0,0,0,0,0,0,0,0,0,0,0,0,0,0,0,0,0,0,0,0,4,0,39.9727,-75.204, , 
 ,37240,2014096806,6,67,67301,2014,9,4,1039,10,1,1,0,8,1, , ,N,2,3,0,3,0,1,2,2,N,N,39 58:15.913,75 12:30.301,1047, ,1045, ,0, ,N, ,3, , , , , ,438325, , , ,1,1,0,0,0,0,0,0,0,0,1,0,1,0,0,0,0,0,0,0,1,0,0,0,0,0,0,0,0,0,0,0,1,0,0,3,0,39.9711,-75.2084, , 
 ,37241,2014125073,6,67,67301,2014,11,3,1512,15,1,1,0,4,1, , ,N,1,0,2,3,0,0,2,2,N,N,39 59:11.983,75 12:29.919,1522, ,1521, ,0, ,N, ,0, , , , , ,432107, , , ,2,1,0,0,0,0,1,0,0,0,0,0,0,0,0,0,0,0,0,0,1,0,0,0,0,0,0,0,0,0,0,0,0,0,0,0,0,39.9867,-75.2083, , 
 ,37242,2014127531,6,67,67301,2014,12,7,20,0,3,2,1,5,6, , ,N,0,0,0,3,0,0,1,3,N,N,40 00:20.023,75 08:32.600,22, ,20, ,0, , , ,0, , , , , ,432111, , , ,3,0,0,0,0,0,3,0,0,0,0,0,0,0,0,0,0,0,0,0,0,0,0,0,0,0,0,0,0,0,0,0,0,0,0,0,0,40.0056,-75.1424, , 
 ,37243,2014130461,6,67,67301,2014,12,3,1300,13,1,1,1,4,1, , ,N,5,2,0,3,0,0,2,4,N,N,39 58:10.111,75 08:22.610,1315, ,1310, ,0, ,N, ,3, , , , , ,432114, , , ,4,2,0,0,1,0,1,0,0,0,0,0,0,0,0,0,0,0,0,0,0,0,0,0,0,0,0,0,0,0,0,0,0,0,0,0,0,39.9695,-75.1396, , 
 ,37244,2014054531,6,67,67301,2014,4,3,1205,12,1,1,0,8,1, , ,N,0,0,0,3,0,1,2,2,N,Y,40 01:16.182,75 07:15.586,1206, ,1205, ,0, , , ,0, , , , , ,432116, , , ,1,1,0,0,0,0,0,0,0,0,0,1,1,0,1,0,0,0,0,0,0,0,0,0,0,0,0,0,0,0,0,0,1,0,0,4,0,40.0212,-75.121, , 
 ,37245,2014059049,6,67,67301,2014,5,1,1915,19,1,1,0,4,1, , ,N,1,3,0,3,0,1,3,2,N, ,39 55:41.811,75 10:37.192,1924, ,1916, ,0, , , ,3, , , , , ,432119, , , ,2,1,0,0,0,0,0,1,0,0,0,1,1,0,0,0,0,0,0,0,0,0,0,0,0,0,0,0,0,0,0,0,0,0,0,4,0,39.9283,-75.177, , 
 ,37246,2014059215,6,67,67301,2014,5,5,755,7,1,8,1,1,1, , ,N,2,0,0,3,0,1,3,2,N,N,39 53:24.716,75 13:46.524,810, ,806, ,0, , , ,0, , , , , ,432120, , , ,2,2,0,0,0,0,0,0,0,0,0,1,1,0,0,0,0,0,0,0,0,0,0,0,0,0,0,0,0,0,0,0,0,0,0,4,0,39.8902,-75.2296, , 
 ,37247,2014065494,6,67,67301,2014,5,6,2335,23,3,1,0,8,1, , ,N,0,0,0,3,0,1,2,2,N,N,40 01:18.912,75 03:46.877,2335, ,2335, ,0, ,N, ,0, , , , , ,432126, , , ,1,0,0,0,0,0,1,0,0,0,0,1,1,0,0,0,0,0,0,0,0,1,0,0,0,0,0,0,0,0,0,0,1,0,0,4,0,40.0219,-75.063, , 
 ,37248,2014091443,6,67,67301,2014,8,7,825,8,1,1,0,4,1, , ,N,0,0,7,3,0,1,2,2,N,N,40 01:40.808,75 07:13.070,831, ,831, ,0, ,N, ,0, , , , , ,432144, , , ,1,1,0,0,0,0,0,0,1,0,0,1,1,0,1,0,0,0,0,0,0,0,0,0,0,0,0,0,0,0,0,0,0,0,0,4,0,40.028,-75.1203, , 
 ,37249,2014085492,6,67,67301,2014,9,2,326,3,3,2,1,7,4, , ,N,0,0,0,3,0,0,1,1,N,N,39 58:57.309,75 12:27.900,335, ,328,2,2,4,N, ,0,N, , , , ,432182, , , ,1,1,0,0,0,0,0,0,0,0,0,0,0,0,0,0,1,0,0,0,0,0,0,1,0,0,0,0,0,0,0,0,0,0,0,0,0,39.9826,-75.2078, , 
 ,37250,2014095841,6,67,67301,2014,10,4,1606,16,1,1,0,4,1, , ,N,1,3,0,3,0,0,2,2,N,N,39 58:51.733,75 09:50.180,1610, ,1608, ,0, ,N, ,3, , , , , ,432194, , , ,2,2,0,0,0,0,0,0,0,0,0,0,0,0,0,0,0,0,0,1,0,0,0,0,0,0,0,0,0,0,0,0,0,0,0,0,0,39.981,-75.1639, , 
 ,37251,2014101005,6,67,67301,2014,10,7,720,7,1,2,1,5,1, , ,N,0,0,0,3,0,2,4,4,N,N,39 59:45.017,75 04:59.439,722, ,720,2,1,2,N, ,0,N, , , , ,432201, , , ,4,4,0,0,0,0,0,0,0,0,0,2,2,0,0,0,0,0,0,0,1,0,0,0,0,0,0,0,0,0,0,0,0,0,0,4,0,39.9958,-75.0832, , 
 ,37252,2014113208,6,67,67301,2014,8,2,2130,21,6,1,0,4,1, , ,N,1,3,0,3,0,0,2,2,N,N,40 00:23.619,75 06:20.851,0, ,0, ,0, ,N, ,3, , , , , ,432260, , , ,2,2,0,0,0,0,0,0,0,0,0,0,0,0,1,0,0,0,0,0,0,0,0,0,0,0,0,0,0,0,0,0,0,0,0,9,0,40.0066,-75.1058, , 
 ,37253,2014113260,6,67,67301,2014,10,5,730,7,1,1,0,8,1, , ,N,1,2,0,3,0,1,2,2,N,N,39 54:48.124,75 09:54.367,805, ,800, ,0, ,N, ,3, , , , , ,432261, , , ,1,0,0,0,0,0,0,1,0,0,0,1,1,0,0,0,0,0,0,0,0,0,0,0,0,0,0,0,0,0,0,0,1,0,0,4,0,39.9134,-75.1651, , 
 ,37254,2014081076,6,67,67301,2014,6,4,2133,21,3,1,0,7,3, , ,N,0,0,6,3,0,1,4,2,N,N,40 04:03.595,75 02:26.101,2148, ,2145, ,0, , , ,0, , , , , ,432274, , , ,2,1,0,0,0,0,1,0,0,0,0,0,1,1,0,0,0,1,0,1,0,0,0,0,0,0,0,0,0,0,0,0,0,0,0,8,0,40.0677,-75.0406, , 
 ,37255,2014084383,6,67,67301,2014,7,6,1515,15,1,1,0,7,4, , ,N,3,3,0,3,0,0,1,2,N,N,39 55:35.860,75 11:40.040,1520, ,1519, ,0, ,N, ,3, , , , , ,432282, , , ,1,1,0,0,0,0,0,0,0,0,0,0,0,0,0,0,0,0,0,0,0,0,0,0,0,0,0,0,0,0,0,0,0,0,0,0,0,39.9266,-75.1945, , 
 ,37256,2014087837,6,67,67301,2014,8,5,9999,99,1,9,8,5,1, , ,N,0,0,0,3,0,1,2,2,N, ,39 58:24.038,75 11:01.411,730, ,730, ,0, , , ,0, , , , , ,432284, , , ,1,0,0,0,0,0,1,0,1,0,0,1,1,0,1,0,0,0,0,0,0,0,0,0,0,0,0,0,0,0,0,0,0,0,0,4,0,39.9733,-75.1837, , 
 ,37257,2014096802,6,67,67301,2014,9,3,1013,10,1,1,0,4,1, , ,N,1,2,0,3,0,2,3,2,N,N,40 02:03.749,75 10:21.859,1017, ,1015, ,0, ,N, ,3, , , , , ,432289, , , ,2,2,0,0,0,0,0,0,0,0,0,0,2,2,0,0,0,0,0,0,0,0,0,0,0,0,0,0,0,0,0,0,0,0,0,8,0,40.0344,-75.1727, , 
 ,37258,2014114934,6,67,67301,2014,7,7,1920,19,1,9,0,8,1, , ,N,2,0,0,3,0,1,2,2,N,N,40 04:50.904,75 10:48.922,0, ,0, ,0, ,N, ,0, , , , , ,432306, , , ,1,0,0,0,0,0,1,0,0,0,0,0,1,1,0,0,0,0,0,0,1,0,0,0,0,0,0,0,0,0,0,0,1,0,0,8,0,40.0808,-75.1803, , 
 ,37259,2014088777,6,67,67301,2014,8,1,935,9,1,1,0,2,6, , ,N,0,0,0,3,0,1,1,2,N,N,40 04:48.255,74 59:27.368,955, ,945, ,0, , , ,0, , , , , ,432372, , , ,2,1,0,0,0,0,1,0,0,0,0,1,1,0,0,0,0,0,0,0,0,1,0,0,0,0,0,0,0,0,0,0,0,0,0,4,0,40.0801,-74.9909, , 
 ,37260,2014089004,6,67,67301,2014,8,7,1340,13,1,2,1,8,1, , ,N,1,2,0,3,0,1,2,2,N,N,39 55:30.123,75 13:34.666,1345, ,1343, ,0, ,N, ,3, , , , , ,435089, , , ,1,1,0,0,0,0,0,0,0,0,0,1,1,0,0,0,0,0,0,0,0,0,0,0,0,0,0,0,0,0,0,0,1,0,0,4,0,39.925,-75.2263, , 
 ,37261,2014065576,6,67,67301,2014,5,6,1110,11,1,1,0,1,1, , ,N,2,2,2,3,0,0,2,2,N,N,39 56:29.692,75 08:31.694,1130, ,1125, ,0, ,N, ,3, , , , , ,435117, , , ,2,1,0,0,0,1,0,0,0,0,0,0,0,0,0,0,0,0,0,0,0,1,0,0,0,0,0,0,0,0,0,0,0,0,0,0,1,39.9416,-75.1421, , 
 ,37262,2014074533,6,67,67301,2014,6,7,250,2,3,1,0,7,5, , ,N,0,0,0,3,0,2,2,1,N, ,40 00:13.593,75 06:12.902,306, ,254, ,0, , , ,0, , , , , ,435122, , , ,1,1,0,0,0,0,0,0,0,0,2,0,2,0,0,0,0,0,0,0,0,0,0,0,0,0,0,0,0,0,0,0,0,0,0,3,0,40.0038,-75.1036, , 
 ,37263,2014075214,6,67,67301,2014,6,3,9999,99,1,1,0,8,1, , ,N,1,2,0,3,0,1,2,2,N,N,40 03:16.700,75 08:58.941,1253, ,1010, ,0, ,N, ,3, , , , , ,435123, , , ,1,1,0,0,0,0,0,0,0,0,0,1,1,0,1,0,0,0,0,0,0,0,0,0,0,0,0,0,0,0,0,0,1,0,0,4,0,40.0546,-75.1497, , 
 ,37264,2014076004,6,67,67301,2014,6,7,1430,14,1,1,0,8,1, , ,N,0,0,0,3,0,1,2,2,N,N,40 02:40.864,75 07:16.056,1545, ,1537, ,0, ,N, ,0, , , , , ,435124, , , ,1,1,0,0,0,0,0,0,0,0,0,1,1,0,0,0,0,0,0,0,0,0,0,0,0,0,0,0,0,0,0,0,1,0,0,4,0,40.0447,-75.1211, , 
 ,37265,2014081082,6,67,67301,2014,6,7,2144,21,3,1,0,4,1, , ,N,1,2,0,3,0,4,4,2,N,N,39 59:56.501,75 07:59.705,2144, ,2144, ,0, ,N, ,3, , , , , ,435129, , , ,2,2,0,0,0,0,0,0,0,0,0,4,4,0,0,0,0,0,0,0,0,0,0,0,0,0,0,0,0,0,0,0,0,0,0,4,0,39.999,-75.1332, , 
 ,37266,2014084302,6,67,67301,2014,7,2,1009,10,1,1,0,1,1, , ,N,1,2,0,3,0,1,2,2,N, ,40 06:16.480,75 00:08.268,1015, ,1010, ,0, , , ,3, , , , , ,435131, , , ,2,1,0,0,0,0,1,0,0,0,0,1,1,0,0,0,0,0,0,0,1,0,0,0,0,0,0,0,0,0,0,0,0,0,0,4,0,40.1046,-75.0023, , 
 ,37267,2014088331,6,67,67301,2014,7,4,9999,99,1,1,1,1,1, , ,N,0,0,0,3,0,2,2,2,N,N,40 04:49.083,75 03:07.066,704, ,704,2,2,2,N, ,0,Y, , , , ,435134, , , ,2,0,0,0,0,0,2,0,0,0,0,2,2,0,0,0,0,0,0,0,1,1,0,0,0,0,0,0,0,0,0,0,0,0,0,4,0,40.0803,-75.052, , 
 ,37268,2014098706,6,67,67301,2014,9,4,9999,99,6,1,0,1,6, , ,N,0,3,0,3,0,0,1,2,N,N,39 57:57.466,75 11:31.315,750, ,746, ,0, ,N, ,3, , , , , ,435145, , , ,2,0,0,0,0,0,1,0,0,0,0,0,0,0,0,0,0,0,0,0,0,0,0,0,0,0,0,0,0,0,0,0,0,0,0,0,0,39.966,-75.192, , 
 ,37269,2014078809,6,67,67301,2014,4,2,2010,20,3,1,0,4,1, , ,N,2,2,7,3,0,1,3,2,N,N,40 05:36.345,74 57:43.771,2015, ,2011,9,2,1, , ,3,Y, , , , ,435161, , , ,2,0,1,0,1,0,0,0,0,1,0,0,1,0,0,0,0,0,0,0,0,0,0,1,0,0,0,0,0,1,0,0,0,0,0,2,0,40.0933,-74.9621, , 
 ,37270,2014088734,6,67,67301,2014,8,6,910,9,1,1,0,5,1, , ,N,1,2,0,3,0,1,3,2,N,N,39 57:15.820,75 09:47.054,945, ,932,1,1,2,N, ,3,N, , , , ,435169, , , ,2,1,0,0,0,1,0,0,0,0,1,0,1,0,0,0,0,0,0,0,0,0,0,0,0,0,0,0,0,0,0,0,0,0,0,3,1,39.9544,-75.1631, , 
 ,37271,2014098296,6,67,67301,2014,9,2,1107,11,1,1,0,7,4, , ,N,0,0,0,3,0,1,1,1,N,N,40 01:34.109,75 01:37.410,1136, ,1107,1,1,1,N, ,0,N, , , , ,435178, , , ,1,1,0,0,0,0,0,0,0,0,0,1,1,0,0,0,0,0,0,0,0,0,0,0,0,0,0,0,0,0,0,0,0,0,0,4,0,40.0261,-75.0271, , 
 ,37272,2014113211,6,67,67301,2014,8,4,9999,99,8,1,0,4,1, , ,N,1,3,0,3,0,1,2,2,N,N,40 03:17.730,75 11:04.052,0, ,0, ,0, ,N, ,3, , , , , ,435189, , , ,2,2,0,0,0,0,0,0,0,0,1,0,1,0,0,0,0,0,1,1,0,0,0,1,0,0,0,0,0,0,0,0,0,0,0,3,0,40.0549,-75.1845, , 
 ,37273,2014117614,6,67,67301,2014,10,5,1156,11,1,1,0,4,1, , ,N,0,0,0,3,0,1,3,2,N,N,40 02:39.551,75 09:46.619,1231, ,1229, ,0, , , ,0, , , , , ,435198, , , ,2,2,0,0,0,0,0,0,0,0,0,1,1,0,0,0,0,0,0,0,0,0,0,0,0,0,0,0,0,0,0,0,0,0,0,4,0,40.0443,-75.1629, , 
 ,37274,2014084290,6,67,67301,2014,6,5,1500,15,1,1,0,4,1, , ,N,1,2,0,3,0,3,3,2,N, ,40 02:07.087,75 06:30.627,1504, ,1502,1,1,4, , ,3,N, , , , ,435226, , , ,2,1,0,0,0,0,1,0,0,0,0,3,3,0,0,0,0,0,0,0,1,0,0,0,0,0,0,0,0,0,0,0,0,0,0,4,0,40.0353,-75.1085, , 