wz_ln_closure,objectid_1,crn,district,county,municipality,crash_year,crash_month,day_of_week,time_of_day,hour_of_day,illumination,weather,road_condition,collision_type,relation_to_road,work_zone_type,work_zone_loc,work_zone_ind,intersect_type,tcd_type,location_type,urban_rural,fatal_count,injury_count,person_count,total_units,sch_bus_ind,sch_zone_ind,latitude,longitude,arrival_tm,cons_zone_spd_lim,dispatch_tm,est_hrs_closed,lane_closed,ln_close_dir,ntfy_hiwy_maint,spec_juris_cd,tcd_func_cd,tfc_detour_ind,workers_pres,wz_close_detour,wz_flagger,wz_law_offcr_ind,objectid,wz_moving,wz_other,wz_shlder_mdn,vehicle_count,automobile_count,motorcycle_count,bus_count,small_truck_count,heavy_truck_count,suv_count,van_count,bicycle_count,maj_inj_count,mod_inj_count,min_inj_count,tot_inj_count,unk_inj_deg_count,unk_inj_per_count,driver_count_16yr,driver_count_17yr,driver_count_18yr,driver_count_19yr,driver_count_20yr,driver_count_50_64yr,driver_count_65_74yr,driver_count_75plus,unbelted_occ_count,unb_death_count,unb_maj_inj_count,belted_death_count,belted_maj_inj_count,mcycle_death_count,mcycle_maj_inj_count,bicycle_death_count,bicycle_maj_inj_count,ped_count,ped_death_count,ped_maj_inj_count,max_severity_level,comm_veh_count,dec_lat,dec_long,rdwy_surf_type_cd,county_name
 ,37341,2014087752,6,67,67301,2014,7,6,2302,23,3,1,0,8,1, , ,N,1,2,0,3,0,1,2,2,N, ,40 00:48.913,75 04:06.725,2305, ,2302, ,0, ,N, ,3, , , , , ,435373, , , ,1,1,0,0,0,0,0,0,0,0,0,0,1,1,0,0,0,0,0,0,0,0,0,0,0,0,0,0,0,0,0,0,1,0,0,8,0,40.0136,-75.0685, , 
 ,37342,2014087964,6,67,67301,2014,7,2,1645,16,1,1,0,8,1, , ,N,5,2,0,3,0,1,2,2,N, ,39 58:50.031,75 10:20.683,1645, ,1645, ,0, , , ,3, , , , , ,435374, , , ,1,0,0,0,0,0,1,0,0,0,1,0,1,0,0,0,0,0,0,0,0,0,0,0,0,0,0,0,0,0,0,0,1,0,0,3,0,39.9806,-75.1724, , 
 ,37343,2014068571,6,67,67301,2014,6,7,1701,17,1,1,0,4,1, , ,N,1,2,0,3,0,0,3,2,N,N,39 59:34.547,75 13:03.608,1705, ,1701,3,1,3,N, ,3,N, , , , ,435400, , , ,2,0,0,0,0,0,2,0,0,0,0,0,0,0,0,0,1,0,0,0,0,0,0,0,0,0,0,0,0,0,0,0,0,0,0,0,0,39.993,-75.2176, , 
 ,37344,2014061926,6,67,67301,2014,5,3,1105,11,1,1,0,5,1, , ,N,0,0,0,3,0,1,2,2,N,N,40 00:09.418,75 11:40.034,1116, ,1107, ,0, ,N, ,0, , , , , ,435408, , , ,2,1,0,0,0,1,0,0,0,0,0,0,1,1,0,0,0,0,0,0,2,0,0,0,0,0,0,0,0,0,0,0,0,0,0,8,1,40.0026,-75.1945, , 
 ,37345,2014065530,6,67,67301,2014,4,5,2245,22,3,1,0,1,1, , ,N,0,2,0,3,0,1,3,2,N,N,39 58:54.384,75 09:26.104,2340, ,2330, ,0, ,N, ,3, , , , , ,435413, , , ,2,0,0,0,1,0,1,0,0,0,0,1,1,0,2,0,0,0,0,0,0,0,0,0,0,0,0,0,0,0,0,0,0,0,0,4,0,39.9817,-75.1573, , 
 ,37346,2014088846,6,67,67301,2014,6,6,2000,20,1,1,0,8,1, , ,N,1,2,0,3,0,1,2,2,N, ,39 56:18.900,75 11:54.432,2020, ,2015, ,0, , , ,3, , , , , ,435437, , , ,1,0,0,0,0,0,1,0,0,0,0,1,1,0,0,0,0,0,0,0,0,0,0,0,0,0,0,0,0,0,0,0,1,0,0,4,0,39.9386,-75.1985, , 
 ,37347,2014068090,6,67,67301,2014,5,3,640,6,1,1,0,1,1, , ,N,1,2,0,3,0,1,3,3,N, ,40 01:12.662,75 08:55.511,9999, ,1554, ,0, , , ,3, , , , , ,435448, , , ,3,2,0,1,0,0,0,0,0,0,1,0,1,0,1,0,0,0,0,0,0,0,0,0,0,0,0,0,0,0,0,0,0,0,0,3,1,40.0202,-75.1488, , 
 ,37348,2014068682,6,67,67301,2014,5,1,1838,18,1,1,0,8,1, , ,N,0,0,0,3,0,2,3,3,N,N,39 55:59.817,75 10:58.390,1846, ,1844, ,0, ,N, ,0, , , , , ,435449, , , ,2,1,0,0,0,0,1,0,0,0,1,1,2,0,0,0,0,0,0,0,0,0,0,0,0,0,0,0,0,0,0,0,1,0,0,3,0,39.9333,-75.1829, , 
 ,37349,2014067620,6,67,67301,2014,6,1,427,4,3,1,0,7,2, , ,N,0,0,0,3,0,0,1,1,N,N,39 57:38.633,75 10:53.963,442, ,427, ,0, ,N, ,0, , , , , ,435455, , , ,1,1,0,0,0,0,0,0,0,0,0,0,0,0,0,0,0,0,0,0,0,0,0,0,0,0,0,0,0,0,0,0,0,0,0,0,0,39.9607,-75.1817, , 
 ,37350,2014088059,6,67,67301,2014,8,1,40,0,3,2,1,4,1, , ,N,1,2,0,3,0,1,2,2,N,N,40 01:08.216,75 08:49.391,252, ,240, ,0, ,N, ,3, , , , , ,441021, , , ,2,1,0,0,0,0,1,0,0,0,0,1,1,0,0,0,0,0,0,0,0,0,0,0,0,0,0,0,0,0,0,0,0,0,0,4,0,40.0189,-75.1471, , 
 ,37351,2014088898,6,67,67301,2014,8,7,816,8,1,1,0,4,1, , ,N,2,3,0,3,0,1,5,2,N, ,40 01:44.934,75 10:05.928,828, ,822,2,1,1,N, ,3,Y, , , , ,441022, , , ,2,2,0,0,0,0,0,0,0,0,1,0,1,0,0,0,0,0,1,0,0,0,0,0,0,0,0,0,0,0,0,0,0,0,0,3,0,40.0291,-75.1683, , 
 ,37352,2014095966,6,67,67301,2014,9,3,1356,13,1,1,0,4,1, , ,N,2,2,2,3,0,1,2,2,N,N,39 54:43.967,75 09:02.402,1525, ,1525,2,1,1, , ,3,Y, , , , ,441030, , , ,2,1,0,0,0,0,0,1,0,0,0,0,1,1,0,0,0,0,0,0,0,0,1,0,0,0,0,0,0,0,0,0,0,0,0,8,0,39.9122,-75.1507, , 
 ,37353,2014067976,6,67,67301,2014,6,2,1235,12,1,1,0,4,1, , ,N,1,3,0,3,0,2,3,2,N,N,40 03:30.297,75 02:48.137,1258, ,1248, ,0, ,N, ,3, , , , , ,441043, , , ,2,1,0,0,0,0,1,0,0,0,0,2,2,0,0,0,0,0,0,0,0,0,0,0,0,0,0,0,0,0,0,0,0,0,0,4,0,40.0584,-75.0467, , 
 ,37354,2014068187,6,67,67301,2014,6,3,1909,19,1,1,1,4,1, , ,N,2,0,0,3,0,1,3,2,N, ,39 54:14.630,75 13:34.143,1916, ,1909, ,0, , , ,0, , , , , ,441044, , , ,2,2,0,0,0,0,0,0,0,0,0,1,1,0,0,0,0,0,0,0,0,0,0,0,0,0,0,0,0,0,0,0,0,0,0,4,0,39.9041,-75.2262, , 
 ,37355,2014087414,6,67,67301,2014,9,6,1343,13,1,1,0,1,1, , ,N,0,0,0,3,0,1,2,2,N,N,39 58:37.038,75 11:52.255,1403, ,1356,2,1,3,N, ,0,N, , , , ,441064, , , ,2,1,0,0,1,0,0,0,0,0,0,0,1,1,0,0,0,0,0,1,0,0,0,0,0,0,0,0,0,0,0,0,0,0,0,8,0,39.977,-75.1978, , 
 ,37356,2014098696,6,67,67301,2014,9,3,1530,15,1,1,0,4,1, , ,N,0,0,0,3,0,1,2,2,N,N,40 00:11.978,75 07:41.583,9999, ,9999, ,0, ,N, ,0, , , , , ,441072, , , ,1,1,0,0,0,0,0,0,1,0,0,1,1,0,1,0,0,0,0,0,0,0,0,0,0,0,0,0,0,0,0,0,0,0,0,4,0,40.0033,-75.1282, , 
 ,37357,2014101003,6,67,67301,2014,10,6,618,6,1,1,0,1,1, , ,N,0,0,0,3,0,0,2,2,N,N,39 53:21.592,75 14:25.815,642, ,619, ,0, ,N, ,0, , , , , ,441073, , , ,2,1,0,0,1,0,0,0,0,0,0,0,0,0,0,0,0,0,0,0,1,0,0,0,0,0,0,0,0,0,0,0,0,0,0,0,0,39.8893,-75.2405, , 
 ,37358,2014065504,6,67,67301,2014,5,7,9999,99,3,1,0,8,1, , ,N,1,2,0,3,0,1,2,2,N,N,39 58:13.307,75 14:42.706,1824, ,1820, ,0, ,N, ,3, , , , , ,441085, , , ,1,1,0,0,0,0,0,0,0,0,1,0,1,0,0,0,0,0,0,0,0,1,0,1,0,0,0,0,0,0,0,0,1,0,0,3,0,39.9704,-75.2451, , 
 ,37359,2014032456,6,67,67301,2014,2,6,2100,21,3,1,0,5,1, , ,N,0,0,0,3,0,0,1,3,N, ,40 03:26.582,75 02:24.460,2129, ,2109, ,0, , , ,0, , , , , ,441103, , , ,3,2,0,0,0,0,1,0,0,0,0,0,0,0,0,0,0,0,0,0,0,0,0,1,0,0,0,0,0,0,0,0,0,0,0,0,0,40.0574,-75.0401, , 
 ,37360,2014038955,6,67,67301,2014,3,6,2220,22,3,1,1,8,1, , ,N,0,0,0,3,0,1,2,2,N, ,40 04:57.247,75 02:59.146,2225, ,2220, ,0, , , ,0, , , , , ,441108, , , ,1,1,0,0,0,0,0,0,0,0,1,0,1,0,0,0,0,0,0,0,0,1,0,0,0,0,0,0,0,0,0,0,1,0,0,3,0,40.0826,-75.0498, , 
 ,37361,2014039380,6,67,67301,2014,3,4,1425,14,1,1,0,4,1, , ,N,1,3,0,3,0,0,2,2,N,N,39 58:05.624,75 12:02.138,1519, ,1515, ,0, ,N, ,3, , , , , ,441109, , , ,2,1,0,0,0,0,0,1,0,0,0,0,0,0,0,0,0,0,0,0,1,0,0,0,0,0,0,0,0,0,0,0,0,0,0,0,0,39.9682,-75.2006, , 
 ,37362,2014087847,6,67,67301,2014,7,3,900,9,1,1,0,7,4, , ,N,3,2,0,3,0,0,1,1,N, ,39 58:21.514,75 15:34.689,918, ,913, ,0, , , ,3, , , , , ,441160, , , ,1,0,0,0,1,0,0,0,0,0,0,0,0,0,0,0,0,0,0,0,0,0,0,0,0,0,0,0,0,0,0,0,0,0,0,0,0,39.9726,-75.2596, , 
 ,37363,2014088149,6,67,67301,2014,8,6,1045,10,1,1,0,1,1, , ,N,1,2,0,3,0,1,2,2,N,N,39 57:26.576,75 09:37.143,1050, ,1047, ,0, , , ,3, , , , , ,441161, , , ,2,1,0,0,0,0,0,1,0,0,0,0,1,1,0,0,0,0,0,0,2,0,0,0,0,0,0,0,0,0,0,0,0,0,0,8,0,39.9574,-75.1603, , 
 ,37364,2014088397,6,67,67301,2014,7,4,9999,99,1,1,0,1,1, , ,N,1,2,0,3,0,0,3,3,N, ,39 58:00.943,75 13:47.747,9999, ,9999, ,0, , , ,3, , , , , ,441162, , , ,3,1,0,0,0,0,2,0,0,0,0,0,0,0,0,0,0,0,0,0,1,0,0,0,0,0,0,0,0,0,0,0,0,0,0,0,0,39.9669,-75.2299, , 
 ,37365,2014087775,6,67,67301,2014,7,1,1410,14,1,1,0,4,1, , ,N,1,2,0,3,0,1,3,2,N,N,40 00:51.708,75 09:10.931,1417, ,1415, ,0, ,N, ,3, , , , , ,441194, , , ,2,1,0,0,0,0,1,0,0,0,0,0,1,1,0,0,0,0,0,0,0,0,0,0,0,0,0,0,0,0,0,0,0,0,0,8,0,40.0144,-75.153, , 
 ,37366,2014088653,6,67,67301,2014,8,4,1149,11,1,1,0,4,1, , ,N,0,3,7,3,0,1,3,2,N, ,39 58:38.380,75 16:22.364,1150, ,1150, ,0, , , ,3, , , , , ,441195, , , ,2,1,0,0,0,0,1,0,0,0,0,0,1,1,0,0,0,0,0,0,0,0,0,0,0,0,0,0,0,0,0,0,0,0,0,8,0,39.9773,-75.2729, , 
 ,37367,2014054574,6,67,67301,2014,4,4,1510,15,1,2,1,1,1, , ,N,2,2,0,3,0,1,2,3,N,N,39 58:25.156,75 12:32.179,1634, ,1630, ,0, ,N, ,3, , , , , ,441224, , , ,3,2,0,0,0,0,1,0,0,0,1,0,1,0,0,0,0,0,0,0,0,1,0,0,0,0,0,0,0,0,0,0,0,0,0,3,0,39.9736,-75.2089, , 
 ,37368,2014084236,6,67,67301,2014,6,6,9999,99,1,1,0,4,1, , ,N,1,3,0,3,0,1,2,2,N,N,40 00:47.721,75 05:50.811,9999, ,2031, ,0, , , ,3, , , , , ,438506, , , ,2,0,1,0,0,0,1,0,0,0,1,0,1,0,0,0,0,0,1,0,0,0,0,0,0,0,0,0,0,0,0,0,0,0,0,3,0,40.0133,-75.0974, , 
 ,37369,2014087404,6,67,67301,2014,8,7,21,0,3,1,0,7,2, , ,N,7,0,2,3,0,1,1,1,N,N,39 53:04.770,75 14:38.828,37, ,23, ,0, ,Y, ,0, , , , , ,438509, , , ,1,0,0,0,0,0,1,0,0,0,0,1,1,0,0,0,0,0,0,0,1,0,0,0,0,0,0,0,0,0,0,0,0,0,0,4,0,39.8847,-75.2441, , 
 ,37370,2014088747,6,67,67301,2014,8,3,1710,17,1,1,0,5,1, , ,N,0,0,0,3,0,1,2,3,N,N,40 02:06.144,75 10:44.936,1718, ,1717, ,0, ,N, ,0, , , , , ,438512, , , ,2,1,0,0,0,0,1,0,1,0,0,1,1,0,0,0,0,0,0,0,0,0,0,0,0,0,0,0,0,0,0,0,0,0,0,4,0,40.035,-75.1791, , 
Y,37371,2014092950,6,67,67301,2014,9,7,1556,15,1,1,0,1,1,1,4,Y,0,0,0,3,0,0,9,2,N,N,39 58:00.751,75 08:02.227,1620,45,1609, ,0, ,N, ,0, ,N,N,N,N,438517,N,N,Y,2,1,0,0,0,0,1,0,0,0,0,0,0,0,0,0,0,0,0,0,1,0,0,0,0,0,0,0,0,0,0,0,0,0,0,0,0,39.9669,-75.134, , 
 ,37372,2014068666,6,67,67301,2014,6,2,1040,10,1,1,0,4,1, , ,N,1,3,0,3,0,3,6,2,N,N,40 01:15.542,75 05:12.577,1125, ,1117, ,0, ,N, ,3, , , , , ,438529, , , ,2,1,0,0,0,0,1,0,0,0,0,0,3,3,0,0,0,0,0,0,1,0,0,0,0,0,0,0,0,0,0,0,0,0,0,8,0,40.021,-75.0868, , 
 ,37373,2014079628,6,67,67301,2014,8,6,1351,13,1,1,0,8,1, , ,N,0,0,7,3,1,0,2,2,N,N,40 01:58.67,75 05:05.74,1420, ,1407,3,2,6,N,0,0,Y, , , , ,438538, , , ,1,0,0,0,0,1,0,0,0,0,0,0,0,0,0,0,0,0,0,0,1,0,0,0,0,0,0,0,0,0,0,0,1,1,0,1,1,40.0331,-75.085,2, 
 ,37374,2014088656,6,67,67301,2014,8,7,220,2,3,1,0,8,1, , ,N,0,0,0,3,0,2,3,3,N,N,39 56:58.016,75 08:38.086,240, ,230, ,0, ,N, ,0, , , , , ,438550, , , ,1,1,0,0,0,0,0,0,0,0,0,2,2,0,0,0,0,0,0,0,0,0,0,0,0,0,0,0,0,0,0,0,2,0,0,4,0,39.9494,-75.1439, , 
 ,37375,2014088736,6,67,67301,2014,8,6,1900,19,1,1,0,1,1, , ,N,1,2,0,3,0,2,4,2,N,N,40 00:07.236,75 09:22.067,1906, ,1904, ,0, , , ,3, , , , , ,438551, , , ,2,2,0,0,0,0,0,0,0,0,0,2,2,0,0,0,0,0,0,0,0,1,0,0,0,0,0,0,0,0,0,0,0,0,0,4,0,40.002,-75.1561, , 
 ,37376,2014098664,6,67,67301,2014,9,7,1240,12,1,1,0,4,1, , ,N,2,3,0,3,0,0,4,2,N, ,40 03:55.807,75 09:19.612,1242, ,1242,2,2,5, , ,3,Y, , , , ,438558, , , ,2,0,0,0,0,0,0,2,0,0,0,0,0,0,2,0,0,0,0,0,1,0,0,0,0,0,0,0,0,0,0,0,0,0,0,9,0,40.0655,-75.1554, , 
 ,37377,2014110404,6,67,67301,2014,10,3,908,9,1,1,0,4,1, , ,N,1,2,0,3,0,0,3,2,N, ,40 03:16.371,75 02:34.159,913, ,909, ,0, , , ,3, , , , , ,438565, , , ,2,1,0,0,0,0,1,0,0,0,0,0,0,0,0,0,0,0,0,0,0,0,1,0,0,0,0,0,0,0,0,0,0,0,0,0,0,40.0545,-75.0428, , 
 ,37378,2014115005,6,67,67301,2014,2,4,1830,18,3,1,0,1,1, , ,N,2,3,0,3,0,1,2,2,N,N,40 01:38.080,75 11:00.687,0, ,0, ,0, ,N, ,3, , , , , ,438569, , , ,2,0,0,0,0,0,1,0,0,0,1,0,1,0,0,0,0,0,0,0,0,0,0,0,0,0,0,0,0,0,0,0,0,0,0,3,0,40.0272,-75.1835, , 
 ,37379,2014116201,6,67,67301,2014,11,1,2325,23,3,2,1,7,4, , ,N,0,0,0,3,0,0,2,1,N,N,39 56:55.019,75 11:09.587,2345, ,2330, ,0, ,N, ,0, , , , , ,438570, , , ,1,1,0,0,0,0,0,0,0,0,0,0,0,0,0,0,0,0,0,0,0,0,0,0,0,0,0,0,0,0,0,0,0,0,0,0,0,39.9486,-75.186, , 
 ,37380,2014065579,6,67,67301,2014,5,1,1540,15,1,1,0,1,1, , ,N,1,2,0,3,0,0,4,3,N,N,40 02:50.960,75 08:34.014,1540, ,1540, ,0, ,N, ,3, , , , , ,438590, , , ,3,3,0,0,0,0,0,0,0,0,0,0,0,0,0,0,0,0,0,0,1,0,2,0,0,0,0,0,0,0,0,0,0,0,0,0,0,40.0475,-75.1428, , 
 ,37381,2014084171,6,67,67301,2014,7,1,257,2,3,1,0,4,1, , ,N,1,3,0,3,0,3,7,2,N,N,39 57:31.338,75 14:00.034,305, ,257, ,0, ,N, ,3, , , , , ,438602, , , ,2,1,0,0,0,0,0,1,0,0,3,0,3,0,0,0,0,0,0,0,1,0,0,0,0,0,0,0,0,0,0,0,0,0,0,3,0,39.9587,-75.2333, , 
 ,37382,2014104496,6,67,67301,2014,10,7,1345,13,1,1,0,1,1, , ,N,0,0,0,3,0,0,2,2,N, ,40 03:01.066,75 13:20.532,1355, ,1352, ,0, , , ,0, , , , , ,438615, , , ,2,0,0,0,0,0,2,0,0,0,0,0,0,0,0,0,0,0,0,0,0,1,1,0,0,0,0,0,0,0,0,0,0,0,0,0,0,40.0503,-75.2224, , 
 ,37383,2014068644,6,67,67301,2014,6,7,1002,10,1,1,0,5,1, , ,N,1,2,0,3,0,1,2,2,N, ,40 01:36.847,75 13:37.905,1008, ,1004, ,0, , , ,3, , , , , ,438632, , , ,1,1,0,0,0,0,0,0,1,0,1,0,1,0,0,0,0,0,0,0,0,0,1,0,0,0,0,0,0,0,0,0,0,0,0,3,0,40.0269,-75.2272, , 
 ,37384,2014076590,6,67,67301,2014,8,4,937,9,1,1,0,7,5, , ,N,0,8,1,3,0,1,1,1,N,N,40 00:53.222,75 03:24.811,1015, ,937,4,2,6,N, ,3,Y, , , , ,438638, , , ,1,0,0,0,0,1,0,0,0,0,0,1,1,0,0,0,0,0,0,0,1,0,0,1,0,0,0,0,0,0,0,0,0,0,0,4,1,40.0148,-75.0569, , 
 ,37385,2014087828,6,67,67301,2014,8,4,954,9,1,1,0,8,1, , ,N,2,0,0,3,0,1,3,2,N,N,39 55:15.880,75 09:36.615,957, ,955, ,0, ,N, ,0, , , , , ,438645, , , ,1,1,0,0,0,0,0,0,0,0,0,0,1,1,0,0,0,0,0,0,1,0,0,0,0,0,0,0,0,0,0,0,1,0,0,8,0,39.9211,-75.1602, , 
 ,37386,2014059016,6,67,67301,2014,4,5,1305,13,1,1,0,1,1, , ,N,0,0,0,3,0,1,2,4,N,N,39 57:45.627,75 09:46.186,1310, ,1310,2,1,4,N, ,0,N, , , , ,432606, , , ,4,2,0,0,0,0,0,2,0,0,0,1,1,0,0,0,0,0,0,0,0,0,0,0,0,0,0,0,0,0,0,0,0,0,0,4,0,39.9627,-75.1628, , 
 ,37387,2014074193,6,67,67301,2014,7,3,1515,15,1,1,0,5,2, , ,N,0,0,3,3,0,1,3,3,N,N,39 53:14.039,75 12:16.368,1530, ,1515,4,2,1,N, ,0,Y, , , , ,432616, , , ,3,1,0,0,1,0,0,1,0,0,0,0,1,1,0,0,0,0,0,0,0,2,0,0,0,0,0,0,0,0,0,0,0,0,0,8,0,39.8872,-75.2045, , 
 ,37388,2014084274,6,67,67301,2014,2,2,1613,16,1,1,0,4,1, , ,N,1,2,0,3,0,1,3,2,N, ,40 00:03.096,75 06:37.169,1625, ,1617, ,0, , , ,3, , , , , ,432629, , , ,2,1,0,0,0,0,0,1,0,0,0,0,1,1,0,0,0,0,0,0,0,0,0,0,0,0,0,0,0,0,0,0,0,0,0,8,0,40.0009,-75.1103, , 
 ,37389,2014088982,6,67,67301,2014,8,7,2208,22,3,1,0,4,1, , ,N,1,2,0,3,0,1,3,2,N, ,39 57:37.020,75 13:36.682,2239, ,2237, ,0, , , ,3, , , , , ,432631, , , ,2,1,1,0,0,0,0,0,0,0,0,1,1,0,0,0,0,0,0,0,0,0,0,0,0,0,0,0,0,0,0,0,0,0,0,4,0,39.9602,-75.2269, , 
 ,37390,2014056685,6,67,67301,2014,4,2,2020,20,4,1,0,8,1, , ,N,1,3,0,3,0,1,2,2,N,N,39 56:33.039,75 09:48.758,2115, ,2110, ,0, ,N, ,3, , , , , ,432659, , , ,1,1,0,0,0,0,0,0,0,0,0,1,1,0,0,0,0,0,0,0,0,0,0,0,0,0,0,0,0,0,0,0,1,0,0,4,0,39.9425,-75.1635, , 
 ,37391,2014059071,6,67,67301,2014,5,6,1120,11,1,1,0,5,6, , ,N,0,0,0,3,0,0,1,3,N, ,39 56:50.049,75 14:38.104,1145, ,1140, ,0, ,N, ,0, , , , , ,432662, , , ,3,2,0,0,1,0,0,0,0,0,0,0,0,0,0,0,0,0,1,0,0,0,0,0,0,0,0,0,0,0,0,0,0,0,0,0,0,39.9472,-75.2439, , 
 ,37392,2014104993,6,67,67301,2014,10,7,9999,99,3,1,0,8,1, , ,N,1,2,0,3,0,1,2,2,N,N,39 57:07.661,75 09:41.216,105, ,100, ,0, ,N, ,3, , , , , ,432694, , , ,1,0,0,0,0,0,1,0,0,0,0,1,1,0,1,0,0,0,0,0,0,0,0,0,0,0,0,0,0,0,0,0,1,0,0,4,0,39.9521,-75.1615, , 
 ,37393,2014054617,6,67,67301,2014,4,6,1623,16,1,1,0,7,4, , ,N,0,0,0,3,0,1,1,1,N, ,39 54:08.413,75 09:00.424,1627, ,1624,1,1,3, , ,0,N, , , , ,432699, , , ,1,0,0,0,1,0,0,0,0,0,1,0,1,0,0,0,0,0,0,0,0,0,0,0,0,0,0,0,0,0,0,0,0,0,0,3,0,39.9023,-75.1501, , 
 ,37394,2014029883,6,67,67301,2014,2,3,9999,99,3,1,0,4,1, , ,N,1,2,0,3,0,0,3,2,Y,N,40 00:37.460,75 04:45.357,9999, ,9999, ,0, ,N, ,3, , , , , ,432721, , , ,2,1,0,1,0,0,0,0,0,0,0,0,0,0,0,0,0,0,0,0,0,1,0,0,0,0,0,0,0,0,0,0,0,0,0,0,1,40.0104,-75.0793, , 
 ,37395,2014049848,6,67,67301,2014,4,2,2015,20,1,1,0,5,1, , ,N,0,0,0,3,0,1,3,2,N, ,39 56:59.064,75 09:17.721,2130, ,2120, ,0, , , ,0, , , , , ,432739, , , ,2,2,0,0,0,0,0,0,0,0,0,1,1,0,0,0,0,0,0,0,0,0,0,2,0,0,0,0,0,0,0,0,0,0,0,4,0,39.9497,-75.1549, , 
 ,37396,2014088301,6,67,67301,2014,8,1,338,3,3,2,1,7,4, , ,N,3,0,0,3,0,1,1,1,N, ,40 00:55.125,75 12:21.179,343, ,338, ,0, , , ,0, , , , , ,432759, , , ,1,1,0,0,0,0,0,0,0,0,0,1,1,0,0,0,0,0,0,0,0,0,0,1,0,0,0,0,0,0,0,0,0,0,0,4,0,40.0153,-75.2059, , 
 ,37397,2014099241,6,67,67301,2014,9,2,30,0,3,2,1,7,4, , ,N,0,0,0,3,0,0,1,1,N,N,40 01:00.367,75 12:09.210,39, ,33, ,0, , , ,0, , , , , ,432768, , , ,1,1,0,0,0,0,0,0,0,0,0,0,0,0,0,0,0,0,0,0,0,0,0,0,0,0,0,0,0,0,0,0,0,0,0,0,0,40.0168,-75.2026, , 
 ,37398,2014099262,6,67,67301,2014,9,7,1630,16,1,1,0,8,1, , ,N,1,3,0,3,0,1,2,2,N, ,39 59:33.889,75 07:57.230,1755, ,1745, ,0, , , ,3, , , , , ,432769, , , ,1,0,0,0,0,0,0,0,0,0,0,0,1,1,0,0,0,0,0,0,0,0,0,0,0,0,0,0,0,0,0,0,1,0,0,8,0,39.9927,-75.1326, , 
 ,37399,2014120440,6,67,67301,2014,11,7,1357,13,1,1,0,1,1, , ,N,0,0,0,3,0,1,5,4,N,N,39 57:33.865,75 10:26.690,1426, ,1420, ,0, ,N, ,0, , , , , ,432790, , , ,4,4,0,0,0,0,0,0,0,0,0,1,1,0,0,0,0,0,0,1,0,1,0,0,0,0,0,0,0,0,0,0,0,0,0,4,0,39.9594,-75.1741, , 
 ,37400,2014061618,6,67,67301,2014,3,7,201,2,2,1,0,7,4, , ,N,0,0,2,3,0,2,2,1,N,N,40 01:04.439,75 09:57.558,201, ,201,4,2,1,N, ,0,Y, , , , ,432798, , , ,1,0,0,0,0,0,1,0,0,1,1,0,2,0,0,0,0,0,0,0,0,0,0,2,0,1,0,0,0,0,0,0,0,0,0,2,0,40.0179,-75.166, , 
 ,37401,2014068582,6,67,67301,2014,5,7,440,4,3,1,0,6,6, , ,N,0,0,0,3,0,2,2,3,N,N,40 02:59.500,75 10:19.061,445, ,441, ,0, ,N, ,0, , , , , ,432803, , , ,3,2,0,0,0,0,1,0,0,0,0,0,2,2,0,0,0,0,0,0,0,0,0,2,0,0,0,0,0,0,0,0,0,0,0,8,0,40.0499,-75.172, , 
 ,37402,2014070688,6,67,67301,2014,7,5,133,1,3,1,0,5,1, , ,N,0,0,0,3,0,0,2,2,N,N,39 57:36.375,75 10:49.794,135, ,135,1,1,3,N, ,0,N, , , , ,432804, , , ,2,0,0,0,0,1,1,0,0,0,0,0,0,0,0,0,0,0,1,0,0,0,0,0,0,0,0,0,0,0,0,0,0,0,0,0,1,39.9601,-75.1805, , 
 ,37403,2014088087,6,67,67301,2014,8,5,700,7,1,1,0,8,1, , ,N,0,0,0,3,0,1,2,2,N, ,40 03:03.475,75 10:22.671,1000, ,751, ,0, , , ,0, , , , , ,432831, , , ,1,1,0,0,0,0,0,0,0,0,0,1,1,0,0,0,0,0,0,0,0,0,0,0,0,0,0,0,0,0,0,0,1,0,0,4,0,40.051,-75.173, , 
 ,37404,2014067963,6,67,67301,2014,6,7,1200,12,1,1,0,4,1, , ,N,2,0,0,3,0,1,2,2,N,N,40 04:26.723,75 10:40.881,1204, ,1204, ,0, , , ,0, , , , , ,435456, , , ,2,1,0,0,0,0,1,0,0,0,0,1,1,0,0,0,0,0,0,0,1,0,0,1,0,0,0,0,0,0,0,0,0,0,0,4,0,40.0741,-75.178, , 
 ,37405,2014078901,6,67,67301,2014,4,7,1823,18,1,1,0,4,1, , ,N,0,0,0,3,0,1,2,2,N, ,39 56:03.105,75 13:26.637,1824, ,1824,9,2,5, , ,0,Y, , , , ,435471, , , ,1,1,0,0,0,0,0,0,1,0,0,0,1,1,0,0,0,0,0,0,0,0,0,0,0,0,0,0,0,0,0,0,0,0,0,8,0,39.9342,-75.2241, , 
 ,37406,2014084260,6,67,67301,2014,7,6,1423,14,1,1,0,4,1, , ,N,1,3,0,3,0,1,2,2,N, ,39 55:41.959,75 11:26.689,1428, ,1425, ,0, , , ,3, , , , , ,435477, , , ,1,1,0,0,0,0,0,0,1,0,0,0,1,1,0,0,0,0,0,0,0,0,1,1,0,0,0,0,0,0,0,0,0,0,0,8,0,39.9283,-75.1907, , 
 ,37407,2014096807,6,67,67301,2014,9,4,1327,13,1,1,0,8,1, , ,N,2,2,0,3,0,1,2,2,N,N,39 58:16.522,75 12:42.363,1329, ,1327, ,0, ,N, ,3, , , , , ,435487, , , ,1,0,0,0,0,0,0,1,0,0,0,1,1,0,0,0,0,0,0,0,0,0,0,0,0,0,0,0,0,0,0,0,1,0,0,4,0,39.9713,-75.2118, , 