wz_ln_closure,objectid_1,crn,district,county,municipality,crash_year,crash_month,day_of_week,time_of_day,hour_of_day,illumination,weather,road_condition,collision_type,relation_to_road,work_zone_type,work_zone_loc,work_zone_ind,intersect_type,tcd_type,location_type,urban_rural,fatal_count,injury_count,person_count,total_units,sch_bus_ind,sch_zone_ind,latitude,longitude,arrival_tm,cons_zone_spd_lim,dispatch_tm,est_hrs_closed,lane_closed,ln_close_dir,ntfy_hiwy_maint,spec_juris_cd,tcd_func_cd,tfc_detour_ind,workers_pres,wz_close_detour,wz_flagger,wz_law_offcr_ind,objectid,wz_moving,wz_other,wz_shlder_mdn,vehicle_count,automobile_count,motorcycle_count,bus_count,small_truck_count,heavy_truck_count,suv_count,van_count,bicycle_count,maj_inj_count,mod_inj_count,min_inj_count,tot_inj_count,unk_inj_deg_count,unk_inj_per_count,driver_count_16yr,driver_count_17yr,driver_count_18yr,driver_count_19yr,driver_count_20yr,driver_count_50_64yr,driver_count_65_74yr,driver_count_75plus,unbelted_occ_count,unb_death_count,unb_maj_inj_count,belted_death_count,belted_maj_inj_count,mcycle_death_count,mcycle_maj_inj_count,bicycle_death_count,bicycle_maj_inj_count,ped_count,ped_death_count,ped_maj_inj_count,max_severity_level,comm_veh_count,dec_lat,dec_long,rdwy_surf_type_cd,county_name
 ,37408,2014075963,6,67,67301,2014,6,6,9999,99,1,1,0,1,1, , ,N,0,2,0,3,0,3,8,3,N, ,40 00:25.490,75 07:24.482,1858, ,1817,2,1,1, , ,3,N, , , , ,435503, , , ,3,1,0,0,0,0,2,0,0,0,0,3,3,0,0,0,0,0,0,0,0,0,0,0,0,0,0,0,0,0,0,0,0,0,0,4,0,40.0071,-75.1235, , 
 ,37409,2014078763,6,67,67301,2014,6,7,417,4,3,1,0,5,6, , ,N,0,0,0,3,0,0,1,3,N,N,39 55:31.382,75 08:51.137,426, ,420, ,0, ,N, ,0, , , , , ,435507, , , ,3,2,0,0,1,0,0,0,0,0,0,0,0,0,1,0,0,0,0,0,0,0,0,0,0,0,0,0,0,0,0,0,0,0,0,9,0,39.9254,-75.1475, , 
 ,37410,2014078789,6,67,67301,2014,3,6,12,0,3,1,0,5,6, , ,N,0,0,0,3,0,4,4,4,N,N,39 56:46.096,75 09:30.646,20, ,16,4,2,4,N, ,0,Y, , , , ,435508, , , ,4,2,0,0,1,0,1,0,0,0,1,0,4,3,0,0,0,0,0,0,0,0,0,4,0,0,0,0,0,0,0,0,0,0,0,3,0,39.9461,-75.1585, , 
 ,37411,2014083880,6,67,67301,2014,8,5,1757,17,1,1,0,8,1, , ,N,1,2,0,3,0,1,2,2,N,N,39 59:10.631,75 09:22.550,1758, ,1757, ,0, ,N, ,3, , , , , ,435512, , , ,1,1,0,0,0,0,0,0,0,0,0,1,1,0,0,0,0,0,0,0,0,0,0,0,0,0,0,0,0,0,0,0,1,0,0,4,0,39.9863,-75.1561, , 
 ,37412,2014088347,6,67,67301,2014,7,1,1907,19,1,1,0,8,1, , ,N,0,0,0,3,0,1,2,2,N,N,40 00:00.032,75 08:30.033,1909, ,1909, ,0, ,N, ,0, , , , , ,435518, , , ,1,0,0,0,0,0,1,0,0,0,0,1,1,0,0,0,0,0,0,0,0,0,0,0,0,0,0,0,0,0,0,0,1,0,0,4,0,40,-75.1417, , 
 ,37413,2014088738,6,67,67301,2014,8,7,625,6,1,1,0,4,1, , ,N,1,2,0,3,0,3,3,2,N,N,40 01:41.740,75 04:27.919,9999, ,9999, ,0, ,N, ,3, , , , , ,435519, , , ,2,1,0,0,0,0,1,0,0,1,1,0,3,1,0,0,0,0,0,0,0,0,0,0,0,0,0,0,0,0,0,0,0,0,0,2,0,40.0283,-75.0744, , 
 ,37414,2014106762,6,67,67301,2014,10,7,402,4,3,1,0,4,1, , ,N,1,3,0,3,0,0,2,2,N,N,40 02:07.022,75 03:35.114,410, ,407, ,0, ,N, ,3, , , , , ,435534, , , ,2,1,0,0,0,0,1,0,0,0,0,0,0,0,0,0,0,0,0,0,1,0,0,0,0,0,0,0,0,0,0,0,0,0,0,0,0,40.0353,-75.0598, , 
 ,37415,2014106638,6,67,67301,2014,10,6,507,5,3,1,0,5,6, , ,N,0,0,0,3,0,0,1,2,N,N,39 58:49.110,75 10:52.044,519, ,509, ,0, ,N, ,0, , , , , ,435583, , , ,2,0,0,0,0,0,1,0,0,0,0,0,0,0,1,0,0,0,0,0,0,0,0,0,0,0,0,0,0,0,0,0,0,0,0,9,0,39.9803,-75.1811, , 
 ,37416,2014113463,6,67,67301,2014,11,1,1930,19,3,1,0,1,1, , ,N,1,2,0,3,0,0,2,2,N,N,40 00:57.144,75 09:13.828,2000, ,1954, ,0, ,N, ,3, , , , , ,435588, , , ,2,0,0,0,0,0,2,0,0,0,0,0,0,0,0,0,0,0,0,0,0,0,0,0,0,0,0,0,0,0,0,0,0,0,0,0,0,40.0159,-75.1538, , 
 ,37417,2014059329,6,67,67301,2014,4,7,9999,99,1,1,0,4,1, , ,N,1,2,0,3,0,0,3,2,N, ,39 56:41.578,75 10:01.077,9999, ,9999, ,0, , , ,3, , , , , ,435589, , , ,2,1,0,0,0,0,0,1,0,0,0,0,0,0,0,0,0,0,0,0,2,0,0,0,0,0,0,0,0,0,0,0,0,0,0,0,0,39.9449,-75.167, , 
 ,37418,2014060380,6,67,67301,2014,6,2,837,8,1,1,0,4,1, , ,N,1,1,0,3,0,2,3,2,N,N,40 04:08.025,75 10:54.330,938, ,913,4,2,5,Y, ,2,Y, , , , ,435591, , , ,2,0,0,0,0,1,0,1,0,0,0,0,2,2,0,0,0,0,0,0,1,0,0,1,0,0,0,0,0,0,0,0,0,0,0,8,2,40.0689,-75.1818, , 
 ,37419,2014074278,6,67,67301,2014,7,3,2249,22,3,1,0,4,1, , ,N,1,2,0,3,0,0,2,2,N,N,39 59:04.850,75 09:23.377,2249, ,2249,1,1,1,N, ,3,N, , , , ,435598, , , ,2,2,0,0,0,0,0,0,0,0,0,0,0,0,0,0,0,0,0,0,0,0,0,2,0,0,0,0,0,0,0,0,0,0,0,0,0,39.9847,-75.1565, , 
 ,37420,2014076000,6,67,67301,2014,5,6,1649,16,1,9,0,5,1, , ,N,0,0,0,3,0,1,3,2,N, ,40 00:39.548,75 09:03.106,9999, ,1649, ,0, , , ,0, , , , , ,435599, , , ,1,0,0,0,1,0,0,0,1,0,0,0,1,1,0,0,0,0,0,0,0,0,0,0,0,0,0,0,0,0,0,0,0,0,0,8,0,40.011,-75.1509, , 
 ,37421,2014081447,6,67,67301,2014,6,5,2310,23,3,1,0,4,1, , ,N,1,2,0,3,0,3,5,2,N, ,39 56:35.610,75 09:13.269,2325, ,2323, ,0, , , ,3, , , , , ,435605, , , ,2,0,0,0,0,0,2,0,0,0,0,2,3,1,0,0,1,0,1,0,0,0,0,0,0,0,0,0,0,0,0,0,0,0,0,4,0,39.9432,-75.1537, , 
 ,37422,2014019090,6,67,67301,2014,1,7,1339,13,1,1,0,4,1, , ,N,1,3,0,3,0,1,2,2,N,N,40 01:25.222,75 02:24.089,1416, ,1414, ,0, ,N, ,3, , , , , ,441236, , , ,2,0,0,0,0,0,1,1,0,0,0,1,1,0,0,0,0,0,0,0,0,0,0,0,0,0,0,0,0,0,0,0,0,0,0,4,0,40.0237,-75.04, , 
 ,37423,2014032355,6,67,67301,2014,2,7,645,6,1,1,5,7,4, , ,N,0,0,3,3,0,2,2,2,N,N,39 59:40.630,75 11:31.260,745, ,645, ,0, ,N, ,0, , , , , ,441253, , , ,2,1,0,0,1,0,0,0,0,0,0,2,2,0,0,0,0,0,0,0,0,0,0,0,0,0,0,0,0,0,0,0,0,0,0,4,0,39.9946,-75.192, , 
 ,37424,2014040416,6,67,67301,2014,3,5,400,4,3,1,0,7,4, , ,N,0,0,0,3,0,1,2,1,N,N,40 06:01.604,75 02:33.836,415, ,407, ,0, , , ,0, , , , , ,441266, , , ,1,1,0,0,0,0,0,0,0,0,0,1,1,0,0,0,0,0,0,0,0,0,0,1,0,0,0,0,0,0,0,0,0,0,0,4,0,40.1004,-75.0427, , 
 ,37425,2014049902,6,67,67301,2014,4,2,2225,22,3,1,0,4,1, , ,N,1,2,0,3,0,0,4,2,N,N,39 57:39.360,75 14:42.201,2233, ,2229, ,0, ,N, ,3, , , , , ,441298, , , ,2,2,0,0,0,0,0,0,0,0,0,0,0,0,0,0,0,0,0,0,0,0,0,0,0,0,0,0,0,0,0,0,0,0,0,0,0,39.9609,-75.245, , 
 ,37426,2014096821,6,67,67301,2014,9,7,1540,15,1,1,0,4,1, , ,N,1,2,0,3,0,3,4,2,N, ,39 56:24.173,75 09:58.415,1555, ,1549, ,0, , , ,3, , , , , ,441342, , , ,2,1,0,0,0,0,1,0,0,0,0,0,3,3,0,0,0,0,0,0,0,0,0,0,0,0,0,0,0,0,0,0,0,0,0,8,0,39.94,-75.1662, , 
 ,37427,2014120930,6,67,67301,2014,11,2,2027,20,3,1,0,8,1, , ,N,1,3,0,3,0,1,2,2,N, ,39 57:25.401,75 14:08.753,2030, ,2027, ,0, , , ,3, , , , , ,441360, , , ,1,1,0,0,0,0,0,0,0,0,0,1,1,0,0,0,0,0,0,0,0,0,0,0,0,0,0,0,0,0,0,0,1,0,0,4,0,39.9571,-75.2358, , 
 ,37428,2014125153,6,67,67301,2014,11,5,1634,16,3,1,0,4,1, , ,N,1,0,0,3,0,2,2,2,N, ,40 02:30.624,75 09:54.327,1713, ,1709, ,0, , , ,0, , , , , ,441361, , , ,2,2,0,0,0,0,0,0,0,0,0,1,2,1,0,0,0,0,0,0,2,0,0,0,0,0,0,0,0,0,0,0,0,0,0,4,0,40.0418,-75.1651, , 
 ,37429,2014068652,6,67,67301,2014,6,4,9999,99,1,2,1,4,1, , ,N,1,2,0,3,0,0,2,2,N,N,40 03:58.061,75 03:46.964,542, ,539, ,0, ,N, ,3, , , , , ,441373, , , ,2,0,0,0,1,0,1,0,0,0,0,0,0,0,0,0,0,0,0,0,0,0,0,1,0,0,0,0,0,0,0,0,0,0,0,0,0,40.0661,-75.063, , 
 ,37430,2014078867,6,67,67301,2014,6,6,800,8,1,1,0,4,1, , ,N,1,2,0,3,0,1,2,2,N,N,39 57:35.036,75 11:45.125,918, ,915, ,0, ,N, ,3, , , , , ,441378, , , ,1,0,0,0,1,0,0,0,1,0,0,0,1,1,0,0,0,0,0,0,0,0,0,0,0,0,0,0,0,0,0,0,0,0,0,8,0,39.9597,-75.1959, , 
 ,37431,2014084190,6,67,67301,2014,7,4,9999,99,1,1,0,4,1, , ,N,0,0,7,3,0,1,3,2,N,N,40 04:22.904,75 09:29.015,1258, ,1256,1,1,1, , ,0,N, , , , ,441379, , , ,2,1,0,1,0,0,0,0,0,0,0,1,1,0,0,0,0,0,0,0,0,0,0,0,0,0,0,0,0,0,0,0,0,0,0,4,1,40.073,-75.1581, , 
 ,37432,2014087882,6,67,67301,2014,7,1,930,9,1,1,0,4,1, , ,N,0,2,7,3,0,1,2,2,N, ,39 56:21.119,75 10:39.039,937, ,933, ,0, , , ,3, , , , , ,441383, , , ,1,1,0,0,0,0,0,0,1,0,0,1,1,0,0,0,0,0,0,0,0,0,0,1,0,0,0,0,0,0,0,0,0,0,0,4,0,39.9392,-75.1775, , 
 ,37433,2014088320,6,67,67301,2014,7,5,454,4,5,1,0,1,6, , ,N,0,0,0,3,0,0,1,3,N,N,39 59:50.396,75 07:12.869,539, ,539, ,0, ,N, ,0, , , , , ,441384, , , ,3,1,0,0,0,0,1,1,0,0,0,0,0,0,1,0,0,0,0,0,0,0,0,0,0,0,0,0,0,0,0,0,0,0,0,9,0,39.9973,-75.1202, , 
 ,37434,2014093552,6,67,67301,2014,9,7,1626,16,1,1,0,4,1, , ,N,1,3,1,3,0,2,2,2,N,N,39 56:18.628,75 11:06.863,1627, ,1626, ,0, ,N, ,3, , , , , ,441392, , , ,2,1,0,0,0,0,0,1,0,0,1,0,2,1,0,0,0,0,0,0,0,0,1,0,0,0,0,0,0,0,0,0,0,0,0,3,0,39.9385,-75.1852, , 
 ,37435,2014098659,6,67,67301,2014,9,1,1706,17,1,1,0,6,1, , ,N,1,2,0,3,0,1,4,2,N,N,39 58:05.382,75 13:30.517,1708, ,1706, ,0, ,N, ,3, , , , , ,441397, , , ,2,1,0,1,0,0,0,0,0,0,1,0,1,0,0,0,0,0,0,0,0,0,0,0,0,0,0,0,0,0,0,0,0,0,0,3,1,39.9681,-75.2251, , 
 ,37436,2014098723,6,67,67301,2014,9,3,1930,19,3,1,0,8,6, , ,N,0,0,0,3,0,1,2,2,N,N,39 58:05.260,75 12:28.040,1940, ,1933, ,0, , , ,0, , , , , ,441398, , , ,1,1,0,0,0,0,0,0,0,0,0,1,1,0,0,0,0,0,0,0,0,0,0,0,0,0,0,0,0,0,0,0,1,0,0,4,0,39.9681,-75.2078, , 
 ,37437,2014099162,6,67,67301,2014,9,4,1000,10,1,1,0,8,1, , ,N,0,2,0,3,0,1,2,2,N, ,40 00:04.056,75 08:57.357,1047, ,1040, ,0, , , ,3, , , , , ,441399, , , ,1,0,0,0,1,0,0,0,0,0,0,1,1,0,0,0,0,0,0,0,0,0,0,0,0,0,0,0,0,0,0,0,1,0,0,4,0,40.0011,-75.1493, , 
 ,37438,2014104562,6,67,67301,2014,10,4,1321,13,1,1,0,7,4, , ,N,0,0,0,3,0,1,2,1,N,N,39 58:26.542,75 12:16.612,1322, ,1321, ,0, , , ,0, , , , , ,441410, , , ,1,0,0,0,0,0,0,1,0,0,0,1,1,0,0,0,0,0,0,0,0,0,0,1,0,0,0,0,0,0,0,0,0,0,0,4,0,39.974,-75.2046, , 
 ,37439,2014106794,6,67,67301,2014,10,7,1309,13,1,2,1,7,2, , ,N,0,0,3,3,0,1,1,1,N,N,39 55:10.015,75 12:14.917,1310, ,1259,1,1,4,N, ,0,N, , , , ,441411, , , ,1,1,0,0,0,0,0,0,0,0,0,1,1,0,0,0,0,0,0,0,0,0,0,0,0,0,0,0,0,0,0,0,0,0,0,4,0,39.9194,-75.2041, , 
 ,37440,2014088325,6,67,67301,2014,8,1,138,1,3,1,0,2,6, , ,N,0,0,0,3,0,0,1,2,N,N,40 00:50.436,75 05:47.184,156, ,152, ,0, ,N, ,0, , , , , ,438646, , , ,2,0,0,0,0,0,2,0,0,0,0,0,0,0,1,0,0,0,0,0,0,0,0,0,0,0,0,0,0,0,0,0,0,0,0,9,0,40.014,-75.0964, , 
 ,37441,2014113370,6,67,67301,2014,10,2,1308,13,1,1,0,5,1, , ,N,0,0,0,3,0,1,2,2,N,N,40 00:28.510,75 10:20.588,9999, ,1308, ,0, , , ,0, , , , , ,438666, , , ,1,0,0,0,0,1,0,0,1,0,1,0,1,0,0,0,0,0,0,0,1,0,0,0,0,0,0,0,0,0,0,0,0,0,0,3,1,40.0079,-75.1724, , 
 ,37442,2014067953,6,67,67301,2014,6,1,1720,17,1,1,0,4,1, , ,N,1,2,0,3,0,1,5,2,N,N,40 01:48.341,75 05:17.340,1725, ,1723, ,0, ,N, ,3, , , , , ,438676, , , ,2,1,0,0,0,0,1,0,0,0,0,1,1,0,0,0,0,0,0,0,0,1,0,0,0,0,0,0,0,0,0,0,0,0,0,4,0,40.0301,-75.0882, , 
 ,37443,2014068137,6,67,67301,2014,6,6,1830,18,1,2,1,4,1, , ,N,1,3,0,3,0,1,2,2,N, ,40 02:51.086,75 03:52.318,1835, ,1831, ,0, , , ,3, , , , , ,438677, , , ,1,0,0,0,0,0,1,0,1,0,0,1,1,0,0,0,0,0,0,0,0,0,0,0,0,0,0,0,0,0,0,0,0,0,0,4,0,40.0475,-75.0645, , 
 ,37444,2014087805,6,67,67301,2014,7,5,2050,20,3,1,0,3,1, , ,N,1,0,0,3,0,3,4,2,N,N,40 00:19.378,75 09:49.669,2050, ,2100, ,0, ,N, ,0, , , , , ,438698, , , ,2,1,0,0,1,0,0,0,0,0,0,3,3,0,0,0,0,0,0,0,1,0,0,2,0,0,0,0,0,0,0,0,0,0,0,4,0,40.0054,-75.1638, , 
 ,37445,2014099218,6,67,67301,2014,9,5,2305,23,3,1,0,4,1, , ,N,1,2,0,3,0,1,2,2,N, ,39 57:16.308,75 08:58.375,2313, ,2310, ,0, , , ,3, , , , , ,438704, , , ,2,1,0,0,0,0,1,0,0,1,0,0,1,0,0,0,0,0,0,0,0,0,0,0,0,0,0,1,0,0,0,0,0,0,0,2,0,39.9547,-75.1495, , 
Y,37446,2014061924,6,67,67301,2014,3,6,1103,11,1,1,0,1,1,1,2,Y,6,0,2,3,0,1,4,3,N,N,39 54:46.288,75 08:54.073,1150,25,1113,2,2,1,N, ,0,N,Y,N,N,N,438718,N,N,N,3,0,0,0,0,0,2,1,0,0,0,1,1,0,0,0,0,0,0,0,0,0,0,0,0,0,0,0,0,0,0,0,0,0,0,4,0,39.9129,-75.1484, , 
 ,37447,2014065505,6,67,67301,2014,5,1,1910,19,1,1,0,1,1, , ,N,1,2,0,3,0,1,2,2,N,N,39 54:45.975,75 09:37.454,1918, ,1915, ,0, ,N, ,3, , , , , ,438727, , , ,2,2,0,0,0,0,0,0,0,0,0,0,1,1,1,0,0,0,0,0,0,0,0,0,0,0,0,0,0,0,0,0,0,0,0,8,0,39.9128,-75.1604, , 
 ,37448,2014098638,6,67,67301,2014,9,3,2200,22,3,1,0,4,1, , ,N,1,2,0,3,0,1,2,2,N,N,40 01:34.204,75 02:13.707,930, ,930, ,0, ,N, ,3, , , , , ,438759, , , ,1,1,0,0,0,0,0,0,1,0,0,1,1,0,1,0,0,0,0,0,0,0,0,0,0,0,0,0,0,0,0,0,0,0,0,4,0,40.0262,-75.0371, , 
 ,37449,2014065571,6,67,67301,2014,5,7,9999,99,1,1,0,4,1, , ,N,5,2,0,3,0,3,5,2,N, ,40 01:37.193,75 03:55.299,1725, ,1722, ,0, ,N, ,3, , , , , ,438782, , , ,2,2,0,0,0,0,0,0,0,0,2,0,3,1,0,0,1,1,0,0,0,0,0,5,0,0,0,0,0,0,0,0,0,0,0,3,0,40.027,-75.0651, , 
 ,37450,2014072762,6,67,67301,2014,7,1,2313,23,3,1,0,7,4, , ,N,0,0,0,3,0,0,1,1,N,N,39 58:49.063,75 12:19.897,2330, ,2315,2,1,4,N, ,0,N, , , , ,438788, , , ,1,1,0,0,0,0,0,0,0,0,0,0,0,0,0,0,0,0,0,0,0,0,0,0,0,0,0,0,0,0,0,0,0,0,0,0,0,39.9803,-75.2055, , 
 ,37451,2014078758,6,67,67301,2014,6,7,625,6,1,1,0,7,5, , ,N,0,0,0,3,0,1,1,1,N,N,40 05:51.266,75 01:06.882,645, ,637, ,0, ,N, ,0, , , , , ,438794, , , ,1,1,0,0,0,0,0,0,0,0,0,0,1,1,0,0,0,0,0,0,0,0,0,0,0,0,0,0,0,0,0,0,0,0,0,8,0,40.0976,-75.0186, , 
 ,37452,2014084150,6,67,67301,2014,7,3,625,6,1,1,0,4,1, , ,N,1,2,0,3,0,0,2,2,N,N,39 57:30.397,75 14:14.901,630, ,625, ,0, ,Y, ,2, , , , , ,438804, , , ,2,1,0,0,0,0,1,0,0,0,0,0,0,0,0,0,0,0,0,0,0,0,0,0,0,0,0,0,0,0,0,0,0,0,0,0,0,39.9584,-75.2375, , 
 ,37453,2014099192,6,67,67301,2014,9,5,1430,14,1,1,0,4,1, , ,N,1,2,0,3,0,1,2,2,N,N,39 54:20.727,75 11:38.377,1535, ,1530, ,0, ,N, ,3, , , , , ,438811, , , ,2,1,0,0,0,0,0,1,0,0,0,0,1,1,0,0,0,0,0,0,0,0,0,0,0,0,0,0,0,0,0,0,0,0,0,8,0,39.9057,-75.1938, , 
 ,37454,2014063471,6,67,67301,2014,6,7,2129,21,3,1,0,7,3, , ,N,0,0,0,3,0,1,1,1,N,N,39 55:33.992,75 08:48.359,2137, ,2130, ,0, ,N, ,0, , , , , ,438822, , , ,1,1,0,0,0,0,0,0,0,0,1,0,1,0,0,0,0,0,0,0,0,0,0,0,0,0,0,0,0,0,0,0,0,0,0,3,0,39.9261,-75.1468, , 
 ,37455,2014065604,6,67,67301,2014,5,7,1325,13,1,1,0,1,1, , ,N,2,2,0,3,0,4,5,2,N,N,40 05:10.083,75 01:26.271,1340, ,1333,1,1,2,N, ,3,N, , , , ,438826, , , ,2,0,0,0,0,0,2,0,0,0,0,0,4,4,0,0,0,0,0,0,1,0,0,0,0,0,0,0,0,0,0,0,0,0,0,8,0,40.0861,-75.024, , 
 ,37456,2014081457,6,67,67301,2014,6,4,920,9,1,1,0,8,1, , ,N,0,0,0,3,0,1,2,2,N,N,40 01:56.042,75 08:05.269,932, ,930,9,2,4,N, ,0,N, , , , ,438837, , , ,1,0,0,0,0,0,1,0,0,0,0,1,1,0,0,0,0,0,0,0,0,0,0,1,0,0,0,0,0,0,0,0,1,0,0,4,0,40.0322,-75.1348, , 
 ,37457,2014087943,6,67,67301,2014,8,2,1618,16,1,1,0,1,1, , ,N,0,0,0,3,0,1,2,2,N,N,39 55:59.440,75 08:36.289,1622, ,1620, ,0, , , ,0, , , , , ,438840, , , ,2,1,0,0,0,0,0,1,0,0,0,1,1,0,0,0,0,0,0,0,1,0,0,0,0,0,0,0,0,0,0,0,0,0,0,4,0,39.9332,-75.1434, , 
 ,37458,2014088874,6,67,67301,2014,7,3,1123,11,1,1,0,4,1, , ,N,2,3,0,3,0,1,2,2,N,N,39 56:53.376,75 12:59.687,1127, ,1124, ,0, , , ,3, , , , , ,432833, , , ,1,0,0,0,0,0,0,1,1,0,0,1,1,0,0,0,0,0,0,0,1,0,0,0,0,0,0,0,0,0,0,0,0,0,0,4,0,39.9482,-75.2166, , 
 ,37459,2014059091,6,67,67301,2014,5,5,542,5,5,1,0,4,1, , ,N,1,2,0,3,0,0,2,2,N, ,40 00:28.738,75 06:17.312,600, ,542, ,0, , , ,3, , , , , ,432849, , , ,2,2,0,0,0,0,0,0,0,0,0,0,0,0,1,0,0,0,0,0,0,0,0,0,0,0,0,0,0,0,0,0,0,0,0,9,0,40.008,-75.1048, , 
 ,37460,2014059254,6,67,67301,2014,5,1,15,0,3,1,0,4,1, , ,N,1,2,0,3,0,0,2,2,N, ,40 00:36.531,75 07:17.602,35, ,30, ,0, , , ,3, , , , , ,432850, , , ,2,1,0,0,0,0,1,0,0,0,0,0,0,0,0,0,0,0,0,0,0,0,0,0,0,0,0,0,0,0,0,0,0,0,0,0,0,40.0101,-75.1214, , 
 ,37461,2014065596,6,67,67301,2014,5,1,1905,19,1,1,0,8,1, , ,N,0,0,0,3,0,1,3,2,N,N,40 01:41.890,75 08:03.249,2108, ,2057, ,0, ,N, ,0, , , , , ,432855, , , ,1,0,0,0,0,0,1,0,0,0,1,0,1,0,0,0,0,0,0,0,0,0,0,0,0,0,0,0,0,0,0,0,1,0,0,3,0,40.0283,-75.1342, , 
 ,37462,2014068188,6,67,67301,2014,6,7,802,8,1,1,0,4,1, , ,N,1,3,0,3,0,1,2,2,N,N,39 55:31.893,75 09:33.177,812, ,806, ,0, ,N, ,3, , , , , ,432859, , , ,1,0,0,0,0,0,0,1,1,0,0,1,1,0,0,0,0,0,0,0,0,0,0,0,0,0,0,0,0,0,0,0,0,0,0,4,0,39.9255,-75.1592, , 
 ,37463,2014087992,6,67,67301,2014,7,3,1840,18,1,1,0,4,1, , ,N,1,2,0,3,0,1,2,2,N, ,39 59:52.368,75 06:15.638,2015, ,2000, ,0, , , ,3, , , , , ,432882, , , ,2,1,1,0,0,0,0,0,0,0,1,0,1,0,0,0,0,0,0,0,0,0,0,1,0,0,0,0,0,0,0,0,0,0,0,3,0,39.9979,-75.1043, , 
 ,37464,2014088052,6,67,67301,2014,7,3,1030,10,1,1,0,4,1, , ,N,1,2,0,3,0,2,3,3,N,N,40 04:51.077,75 01:43.585,1035, ,1030,9,1,2,N, ,3,N, , , , ,432883, , , ,3,2,0,0,0,0,1,0,0,0,0,2,2,0,0,0,0,0,0,0,0,1,1,0,0,0,0,0,0,0,0,0,0,0,0,4,0,40.0809,-75.0288, , 
 ,37465,2014091303,6,67,67301,2014,9,5,1549,15,1,1,0,6,1, , ,N,1,3,0,3,0,1,2,2,N, ,40 03:11.312,75 05:12.436,1827, ,1822, ,0, , , ,3, , , , , ,432885, , , ,2,2,0,0,0,0,0,0,0,0,0,1,1,0,0,0,0,0,0,0,1,0,0,0,0,0,0,0,0,0,0,0,0,0,0,4,0,40.0531,-75.0868, , 
 ,37466,2014091448,6,67,67301,2014,9,7,100,1,3,1,0,8,1, , ,N,1,9,0,3,0,1,2,2,N,N,40 02:27.780,75 04:12.053,140, ,132, ,0, ,N, ,9, , , , , ,432886, , , ,1,0,0,0,0,1,0,0,0,0,0,1,1,0,1,0,0,0,0,0,0,0,0,0,0,0,0,0,0,0,0,0,1,0,0,4,0,40.0411,-75.07, , 
 ,37467,2014029894,6,67,67301,2014,2,7,1325,13,1,1,0,1,1, , ,N,0,2,0,3,0,0,4,2,N,N,40 01:54.001,75 05:02.045,1332, ,1331,1,1,1,N, ,3,N, , , , ,432915, , , ,2,2,0,0,0,0,0,0,0,0,0,0,0,0,0,0,0,0,0,0,1,0,0,0,0,0,0,0,0,0,0,0,0,0,0,0,0,40.0317,-75.0839, , 
 ,37468,2014050227,6,67,67301,2014,3,2,838,8,1,1,0,8,1, , ,N,1,2,0,3,0,1,2,2,N,N,40 05:04.029,75 02:18.148,843, ,840,2,1,2,N, ,3,N, , , , ,432928, , , ,1,1,0,0,0,0,0,0,0,0,0,0,1,1,0,0,0,0,0,0,0,1,0,0,0,0,0,0,0,0,0,0,1,0,0,8,0,40.0845,-75.0384, , 
 ,37469,2014054613,6,67,67301,2014,4,6,1145,11,1,1,0,1,1, , ,N,1,3,0,3,0,0,3,2,N,N,40 00:57.319,75 07:46.466,1155, ,1150, ,0, ,N, ,3, , , , , ,432932, , , ,2,1,0,0,0,0,1,0,0,0,0,0,0,0,0,0,0,0,0,0,0,0,0,0,0,0,0,0,0,0,0,0,0,0,0,0,0,40.0159,-75.1296, , 
 ,37470,2014089730,6,67,67301,2014,7,2,2349,23,2,1,0,5,6, , ,N,0,0,0,3,0,1,1,6,N,N,39 55:59.919,75 10:21.500,2352, ,2351, ,0, ,N, ,0, , , , , ,432981, , , ,6,2,0,0,1,0,3,0,0,0,0,1,1,0,0,0,0,0,0,0,0,0,0,0,0,0,0,0,0,0,0,0,0,0,0,4,0,39.9333,-75.1726, , 
 ,37471,2014061062,6,67,67301,2014,5,6,1100,11,1,1,0,4,1, , ,N,1,2,0,3,0,1,2,3,N,N,39 59:23.112,75 07:03.787,1130, ,1130, ,0, ,N, ,3, , , , , ,432992, , , ,3,1,0,0,0,0,1,1,0,0,0,1,1,0,0,0,0,0,0,0,0,0,0,0,0,0,0,0,0,0,0,0,0,0,0,4,0,39.9898,-75.1177, , 
 ,37472,2014068044,6,67,67301,2014,6,5,1301,13,1,2,1,4,1, , ,N,1,3,0,3,0,1,3,2,N,N,40 01:40.746,75 08:59.002,1330, ,1323, ,0, ,N, ,3, , , , , ,433000, , , ,2,1,0,0,0,0,1,0,0,0,0,1,1,0,0,0,0,0,0,0,1,0,0,0,0,0,0,0,0,0,0,0,0,0,0,4,0,40.028,-75.1497, , 
 ,37473,2014077278,6,67,67301,2014,6,6,1830,18,1,1,0,4,1, , ,N,1,3,0,3,0,1,2,2,N, ,40 01:21.316,75 09:26.420,1845, ,1832,2,2,3, , ,3,Y, , , , ,433009, , , ,2,2,0,0,0,0,0,0,0,0,0,1,1,0,0,0,0,0,0,0,1,0,0,0,0,0,0,0,0,0,0,0,0,0,0,4,0,40.0226,-75.1573, , 