wz_ln_closure,objectid_1,crn,district,county,municipality,crash_year,crash_month,day_of_week,time_of_day,hour_of_day,illumination,weather,road_condition,collision_type,relation_to_road,work_zone_type,work_zone_loc,work_zone_ind,intersect_type,tcd_type,location_type,urban_rural,fatal_count,injury_count,person_count,total_units,sch_bus_ind,sch_zone_ind,latitude,longitude,arrival_tm,cons_zone_spd_lim,dispatch_tm,est_hrs_closed,lane_closed,ln_close_dir,ntfy_hiwy_maint,spec_juris_cd,tcd_func_cd,tfc_detour_ind,workers_pres,wz_close_detour,wz_flagger,wz_law_offcr_ind,objectid,wz_moving,wz_other,wz_shlder_mdn,vehicle_count,automobile_count,motorcycle_count,bus_count,small_truck_count,heavy_truck_count,suv_count,van_count,bicycle_count,maj_inj_count,mod_inj_count,min_inj_count,tot_inj_count,unk_inj_deg_count,unk_inj_per_count,driver_count_16yr,driver_count_17yr,driver_count_18yr,driver_count_19yr,driver_count_20yr,driver_count_50_64yr,driver_count_65_74yr,driver_count_75plus,unbelted_occ_count,unb_death_count,unb_maj_inj_count,belted_death_count,belted_maj_inj_count,mcycle_death_count,mcycle_maj_inj_count,bicycle_death_count,bicycle_maj_inj_count,ped_count,ped_death_count,ped_maj_inj_count,max_severity_level,comm_veh_count,dec_lat,dec_long,rdwy_surf_type_cd,county_name
 ,37607,2014029884,6,67,67301,2014,2,6,1218,12,1,1,0,1,1, , ,N,0,2,0,3,0,1,6,2,N,N,39 59:50.074,75 10:02.283,1220, ,1220, ,0, , , ,3, , , , , ,422260, , , ,2,1,0,0,1,0,0,0,0,0,0,1,1,0,0,0,0,0,1,0,0,0,0,0,0,0,0,0,0,0,0,0,0,0,0,4,0,39.9972,-75.1673, , 
 ,37608,2014034166,6,67,67301,2014,2,6,9999,99,3,1,0,4,1, , ,N,1,2,0,3,0,2,6,2,N, ,40 01:58.442,75 06:24.270,2005, ,1959, ,0, , , ,3, , , , , ,422266, , , ,2,2,0,0,0,0,0,0,0,0,0,0,2,2,0,0,0,0,0,0,0,0,0,0,0,0,0,0,0,0,0,0,0,0,0,8,0,40.0329,-75.1067, , 
 ,37609,2014043182,6,67,67301,2014,4,2,1053,10,1,1,0,1,1, , ,N,0,0,0,3,0,1,5,2,N,N,39 55:07.994,75 08:52.032,1112, ,1056,3,2,1,N, ,0,N, , , , ,422326, , , ,2,2,0,0,0,0,0,0,0,0,0,0,1,1,0,0,0,0,0,1,0,0,0,0,0,0,0,0,0,0,0,0,0,0,0,8,0,39.9189,-75.1478, , 
 ,37610,2014048794,6,67,67301,2014,5,1,430,4,3,1,0,1,1, , ,N,0,0,0,3,0,1,2,2,N,N,39 59:51.203,75 11:45.848,435, ,431, ,0, ,N, ,0, , , , , ,422332, , , ,2,1,0,0,1,0,0,0,0,0,0,1,1,0,0,0,0,0,0,0,0,0,0,0,0,0,0,0,0,0,0,0,0,0,0,4,0,39.9976,-75.1961, , 
 ,37611,2014058996,6,67,67301,2014,5,3,2012,20,3,1,0,4,1, , ,N,1,2,0,3,0,1,2,6,N,N,40 02:17.896,75 04:31.313,2017, ,2014, ,0, ,N, ,3, , , , , ,422339, , , ,6,5,0,0,0,0,1,0,0,0,0,0,1,1,0,0,0,0,0,0,0,0,0,0,0,0,0,0,0,0,0,0,0,0,0,8,0,40.0383,-75.0754, , 
 ,37612,2014068020,6,67,67301,2014,5,3,2208,22,3,2,1,8,1, , ,N,1,3,0,3,0,1,2,2,N, ,39 59:51.471,75 10:13.583,2212, ,2208, ,0, , , ,3, , , , , ,422347, , , ,1,1,0,0,0,0,0,0,0,0,0,1,1,0,0,0,0,0,0,0,0,0,0,0,0,0,0,0,0,0,0,0,1,0,0,4,0,39.9976,-75.1704, , 
 ,37613,2014068186,6,67,67301,2014,6,2,654,6,1,1,0,2,4, , ,N,0,0,0,3,0,0,3,3,N,N,39 55:09.549,75 14:03.928,724, ,720, ,0, ,N, ,0, , , , , ,422348, , , ,3,3,0,0,0,0,0,0,0,0,0,0,0,0,0,0,0,0,0,0,0,0,0,0,0,0,0,0,0,0,0,0,0,0,0,0,0,39.9193,-75.2344, , 
 ,37614,2014075225,6,67,67301,2014,6,4,2137,21,3,1,0,1,1, , ,N,1,2,0,3,0,4,6,2,N,N,40 00:30.146,75 08:39.534,2138, ,2137, ,0, ,N, ,3, , , , , ,422353, , , ,2,1,0,0,1,0,0,0,0,0,0,0,4,4,0,0,0,0,0,0,0,0,0,0,0,0,0,0,0,0,0,0,0,0,0,8,0,40.0084,-75.1443, , 
 ,37615,2014087819,6,67,67301,2014,8,6,1642,16,1,1,0,1,1, , ,N,0,0,0,3,0,1,5,4,N,N,40 02:39.988,75 05:10.952,1655, ,1648,2,1,4,N, ,0,N, , , , ,422364, , , ,4,3,0,0,0,0,1,0,0,0,0,1,1,0,0,0,0,0,0,0,4,0,0,0,0,0,0,0,0,0,0,0,0,0,0,4,0,40.0444,-75.0864, , 
N,37616,2014058281,6,67,67301,2014,6,5,1122,11,1,1,0,7,4,2,4,Y,0,2,0,3,0,0,2,2,N,N,39 53:55.826,75 10:15.659,1134,45,1123,1,2,2,Y, ,3,Y,N,N,N,N,422390,N,N,Y,2,1,0,0,0,0,0,1,0,0,0,0,0,0,1,0,0,0,0,0,1,0,0,0,0,0,0,0,0,0,0,0,0,0,0,9,0,39.8988,-75.171, , 
 ,37617,2014078784,6,67,67301,2014,6,4,801,8,1,1,0,8,1, , ,N,1,2,0,3,0,1,2,2,N,N,39 57:20.839,75 13:32.687,805, ,804, ,0, ,N, ,3, , , , , ,422413, , , ,1,1,0,0,0,0,0,0,0,0,0,0,1,1,0,0,0,0,0,0,0,0,0,0,0,0,0,0,0,0,0,0,1,0,0,8,0,39.9558,-75.2257, , 
 ,37618,2014088155,6,67,67301,2014,7,5,655,6,1,1,0,1,1, , ,N,1,2,0,3,0,1,2,2,N, ,40 03:42.317,75 03:21.839,705, ,655,1,1,2, , ,3,Y, , , , ,422421, , , ,2,2,0,0,0,0,0,0,0,0,0,0,1,1,0,0,0,0,0,0,0,0,0,0,0,0,0,0,0,0,0,0,0,0,0,8,0,40.0618,-75.0561, , 
 ,37619,2014016969,6,67,67301,2014,1,6,1755,17,3,2,1,4,1, , ,N,5,2,2,3,0,0,4,2,N,N,39 57:25.688,75 09:03.847,1804, ,1801, ,0, , , ,3, , , , , ,422443, , , ,2,1,0,0,1,0,0,0,0,0,0,0,0,0,0,0,0,0,0,0,1,0,0,0,0,0,0,0,0,0,0,0,0,0,0,0,0,39.9571,-75.1511, , 
 ,37620,2014054648,6,67,67301,2014,5,6,1520,15,1,1,0,1,1, , ,N,6,0,2,3,0,1,3,2,N,N,40 06:32.507,74 59:44.998,1610, ,1535,1,1,2,N, ,0,N, , , , ,426137, , , ,2,2,0,0,0,0,0,0,0,0,0,1,1,0,0,0,0,0,0,0,1,0,0,0,0,0,0,0,0,0,0,0,0,0,0,4,0,40.109,-74.9958, , 
 ,37621,2014003012,6,67,67301,2014,1,5,1955,19,3,4,3,7,2, , ,N,0,8,3,3,0,0,1,1,N,N,39 54:20.411,75 07:57.344,2000, ,1957,1,2,3,N, ,3,N, , , , ,426143, , , ,1,0,0,0,1,0,0,0,0,0,0,0,0,0,0,0,0,0,0,0,0,0,0,0,0,0,0,0,0,0,0,0,0,0,0,0,0,39.9057,-75.1326, , 
 ,37622,2014039393,6,67,67301,2014,3,5,852,8,1,1,0,1,1, , ,N,0,2,0,3,0,2,4,3,N,N,40 03:41.274,75 09:04.497,901, ,854, ,0, ,N, ,3, , , , , ,426169, , , ,3,1,0,0,0,0,2,0,0,0,0,2,2,0,0,0,0,0,0,0,3,0,0,0,0,0,0,0,0,0,0,0,0,0,0,4,0,40.0615,-75.1512, , 
 ,37623,2014046700,6,67,67301,2014,5,7,1008,10,1,1,0,7,7, , ,N,6,0,2,3,0,1,2,2,N,N,40 00:23.138,75 11:35.350,1028, ,1011,1,2,2,Y, ,0,N, , , , ,426178, , , ,2,2,0,0,0,0,0,0,0,0,0,1,1,0,0,0,0,0,0,0,0,0,0,0,0,0,0,0,0,0,0,0,0,0,0,4,0,40.0064,-75.1932, , 
 ,37624,2014049451,6,67,67301,2014,4,3,203,2,3,1,0,6,6, , ,N,0,0,0,3,0,1,1,3,N,N,40 04:04.403,75 01:45.196,207, ,203,1,1,3,N, ,0,N, , , , ,426181, , , ,3,3,0,0,0,0,0,0,0,0,0,1,1,0,0,0,0,0,0,0,0,0,0,0,0,0,0,0,0,0,0,0,0,0,0,4,0,40.0679,-75.0292, , 
 ,37625,2014049495,6,67,67301,2014,4,6,1248,12,1,1,0,7,5, , ,N,0,0,0,3,0,0,1,1,N,N,39 55:26.810,75 09:28.913,1251, ,1248, ,0, ,N, ,0, , , , , ,426182, , , ,1,0,0,0,0,0,1,0,0,0,0,0,0,0,0,0,0,0,0,0,0,0,0,0,0,0,0,0,0,0,0,0,0,0,0,0,0,39.9241,-75.158, , 
 ,37626,2014049740,6,67,67301,2014,4,6,135,1,3,2,1,8,1, , ,N,0,0,0,3,0,1,2,2,N,N,39 57:39.949,75 08:46.914,145, ,142, ,0, ,N, ,0, , , , , ,426183, , , ,1,0,0,0,0,0,0,1,0,0,1,0,1,0,0,0,0,0,0,0,0,0,0,0,0,0,0,0,0,0,0,0,1,0,0,3,0,39.9611,-75.1464, , 
 ,37627,2014049768,6,67,67301,2014,4,3,1655,16,3,1,0,1,1, , ,N,0,0,0,3,0,2,4,2,N,N,39 59:36.210,75 05:48.839,2006, ,2006, ,0, ,N, ,0, , , , , ,426184, , , ,2,1,0,0,0,1,0,0,0,0,0,2,2,0,0,0,0,0,0,0,1,0,0,0,0,0,0,0,0,0,0,0,0,0,0,4,1,39.9934,-75.0969, , 
 ,37628,2014059270,6,67,67301,2014,4,3,9999,99,3,1,0,9,1, , ,N,0,0,0,3,0,0,1,1,N, ,40 06:51.666,74 59:16.027,9999, ,9999, ,0, , , ,0, , , , , ,426192, , , ,1,1,0,0,0,0,0,0,0,0,0,0,0,0,0,0,0,0,0,0,1,0,0,0,0,0,0,0,0,0,0,0,0,0,0,0,0,40.1144,-74.9878, , 
 ,37629,2014016171,6,67,67301,2014,1,3,1305,13,1,1,0,3,6, , ,N,0,0,0,3,0,1,2,2,N, ,39 57:41.327,75 09:07.941,10, ,10, ,0, , , ,0, , , , , ,426200, , , ,2,1,0,0,0,0,1,0,0,0,0,1,1,0,1,0,0,0,0,0,0,0,0,0,0,0,0,0,0,0,0,0,0,0,0,4,0,39.9615,-75.1522, , 
 ,37630,2014016469,6,67,67301,2014,1,7,2020,20,3,1,0,7,2, , ,N,0,0,0,3,0,0,2,1,N,N,39 53:49.544,75 11:19.616,2020, ,2020, ,0, ,N, ,0, , , , , ,426201, , , ,1,1,0,0,0,0,0,0,0,0,0,0,0,0,0,0,0,0,1,0,0,0,0,0,0,0,0,0,0,0,0,0,0,0,0,0,0,39.8971,-75.1888, , 
 ,37631,2014038989,6,67,67301,2014,2,4,1640,16,1,1,0,4,1, , ,N,1,2,0,3,0,0,3,3,N,N,39 57:40.266,75 14:49.451,1645, ,1645, ,0, ,N, ,3, , , , , ,426228, , , ,3,3,0,0,0,0,0,0,0,0,0,0,0,0,0,0,0,1,0,0,0,0,0,0,0,0,0,0,0,0,0,0,0,0,0,0,0,39.957,-75.2134, , 
 ,37632,2014024899,6,67,67301,2014,2,6,1626,16,1,1,0,4,1, , ,N,1,2,0,3,0,0,2,2,N,N,39 59:49.557,75 14:07.172,1626, ,1626,1,1,2,N, ,3,N, , , , ,426251, , , ,2,1,0,0,0,0,1,0,0,0,0,0,0,0,0,0,0,0,0,0,1,0,0,0,0,0,0,0,0,0,0,0,0,0,0,0,0,39.997,-75.2353, , 
 ,37633,2014044603,6,67,67301,2014,3,7,2100,21,3,1,0,4,1, , ,N,1,3,0,3,0,1,4,2,N,N,40 01:20.398,75 07:50.350,2109, ,2105, ,0, , , ,3, , , , , ,426268, , , ,2,1,0,0,0,0,1,0,0,0,0,1,1,0,0,0,0,0,0,0,1,0,0,0,0,0,0,0,0,0,0,0,0,0,0,4,0,40.0223,-75.1307, , 
 ,37634,2014049644,6,67,67301,2014,4,4,1350,13,1,1,0,5,1, , ,N,1,2,0,3,0,1,2,2,N,N,39 59:08.822,75 09:52.289,1405, ,1405, ,0, ,N, ,9, , , , , ,426277, , , ,1,1,0,0,0,0,0,0,1,0,0,0,1,1,0,0,0,0,0,0,0,0,0,0,0,0,0,0,0,0,0,0,0,0,0,8,0,39.9858,-75.1645, , 
 ,37635,2014051772,6,67,67301,2014,4,7,417,4,3,1,0,5,1, , ,N,0,0,0,3,0,0,1,4,N,N,39 56:54.394,75 12:28.921,600, ,555, ,0, ,N, ,0, , , , , ,426279, , , ,4,4,0,0,0,0,0,0,0,0,0,0,0,0,0,0,0,0,0,0,0,0,0,0,0,0,0,0,0,0,0,0,0,0,0,0,0,39.9484,-75.208, , 
 ,37636,2014037189,6,67,67301,2014,4,4,1405,14,1,1,0,8,1, , ,N,0,0,0,3,0,1,2,2,N,N,39 59:51.086,75 13:08.151,1405, ,1405, ,0, ,N, ,0, , , , , ,426321, , , ,1,0,0,1,0,0,0,0,0,0,0,1,1,0,0,0,0,0,0,0,0,0,0,0,0,0,0,0,0,0,0,0,1,0,0,4,1,39.9975,-75.2189, , 
 ,37637,2014074485,6,67,67301,2014,6,7,2200,22,3,1,0,4,1, , ,N,1,3,0,3,0,5,5,2,N,N,40 03:40.629,75 10:19.427,2212, ,2204, ,0, ,N, ,3, , , , , ,426354, , , ,2,2,0,0,0,0,0,0,0,0,0,4,5,1,0,0,0,0,0,0,1,0,0,0,0,0,0,0,0,0,0,0,0,0,0,4,0,40.0613,-75.1721, , 
 ,37638,2014078014,6,67,67301,2014,8,2,841,8,1,1,0,8,1, , ,N,1,2,0,3,0,1,2,2,N,N,39 59:25.796,75 14:57.065,841, ,841, ,0, ,N, ,3, , , , , ,426359, , , ,1,1,0,0,0,0,0,0,0,0,0,0,1,1,0,0,0,0,0,0,0,0,0,0,0,0,0,0,0,0,0,0,1,0,0,8,0,39.9905,-75.2492, , 
 ,37639,2014035705,6,67,67301,2014,2,2,1550,15,1,1,0,1,1, , ,N,2,2,0,3,0,2,2,2,N,N,39 57:36.624,75 08:13.909,1557, ,1556, ,0, ,N, ,3, , , , , ,414212, , , ,2,0,0,0,0,0,0,2,0,0,0,2,2,0,0,0,0,0,0,0,1,0,0,0,0,0,0,0,0,0,0,0,0,0,0,4,0,39.9602,-75.1372, , 
 ,37640,2014049514,6,67,67301,2014,4,3,847,8,1,2,1,6,1, , ,N,2,0,0,3,0,2,2,5,N, ,39 56:38.644,75 12:36.655,856, ,852,9,2,4, , ,0,Y, , , , ,414226, , , ,5,3,0,0,0,0,2,0,0,0,0,2,2,0,0,0,0,0,0,0,1,0,0,0,0,0,0,0,0,0,0,0,0,0,0,4,0,39.9441,-75.2102, , 
 ,37641,2014049525,6,67,67301,2014,4,5,1900,19,1,1,0,5,1, , ,N,0,0,0,3,0,1,2,2,N,N,40 02:22.707,75 03:51.346,1910, ,1905, ,0, ,N, ,0, , , , , ,414227, , , ,1,0,0,0,0,0,1,0,1,0,0,0,1,1,0,0,0,0,0,0,0,0,0,0,0,0,0,0,0,0,0,0,0,0,0,8,0,40.0396,-75.0643, , 
 ,37642,2014039334,6,67,67301,2014,3,1,1500,15,1,1,0,4,1, , ,N,2,2,0,3,0,4,5,2,N,N,40 01:45.754,75 06:22.752,1525, ,1508, ,0, ,N, ,3, , , , , ,414256, , , ,2,1,0,0,0,0,1,0,0,0,0,2,4,2,0,0,0,0,0,0,0,0,0,0,0,0,0,0,0,0,0,0,0,0,0,4,0,40.0294,-75.1063, , 
 ,37643,2014044622,6,67,67301,2014,3,6,1407,14,1,1,0,1,1, , ,N,1,2,0,3,0,1,2,2,N,N,39 55:35.378,75 13:59.188,1412, ,1412, ,0, , , ,3, , , , , ,414266, , , ,2,1,0,0,0,0,1,0,0,0,0,0,1,1,0,0,0,0,0,0,1,0,0,0,0,0,0,0,0,0,0,0,0,0,0,8,0,39.9265,-75.2331, , 
 ,37644,2014051672,6,67,67301,2014,5,4,710,7,1,1,0,4,1, , ,N,1,3,0,3,0,4,6,2,Y,N,39 55:51.129,75 13:02.901,855, ,835,4,2,4,N, ,3,Y, , , , ,414275, , , ,2,1,0,1,0,0,0,0,0,0,0,0,4,4,1,0,0,0,0,0,0,0,0,0,0,0,0,0,0,0,0,0,0,0,0,8,1,39.9309,-75.2175, , 
 ,37645,2014016975,6,67,67301,2014,1,2,700,7,1,1,0,4,1, , ,N,2,3,0,3,0,3,5,2,N,N,40 00:30.473,75 05:21.389,9999, ,9999, ,0, ,N, ,3, , , , , ,414290, , , ,2,2,0,0,0,0,0,0,0,0,0,3,3,0,0,0,0,0,0,0,0,0,0,0,0,0,0,0,0,0,0,0,0,0,0,4,0,40.0085,-75.0893, , 
 ,37646,2014032505,6,67,67301,2014,2,2,1400,14,1,1,0,4,1, , ,N,1,2,2,3,0,0,3,2,N,N,39 56:58.829,75 08:31.653,1405, ,1404, ,0, ,N, ,3, , , , , ,414300, , , ,2,1,0,1,0,0,0,0,0,0,0,0,0,0,0,0,0,0,0,0,0,1,0,0,0,0,0,0,0,0,0,0,0,0,0,0,1,39.9497,-75.1421, , 
 ,37647,2014039006,6,67,67301,2014,3,3,1510,15,1,1,0,8,1, , ,N,0,0,0,3,0,1,2,2,N,N,39 59:43.400,75 08:22.398,1520, ,1520, ,0, ,N, ,0, , , , , ,414306, , , ,1,0,0,0,0,0,0,1,0,0,0,1,1,0,0,0,0,0,0,0,0,0,0,0,0,0,0,0,0,0,0,0,1,0,0,4,0,39.9954,-75.1396, , 
 ,37648,2014042282,6,67,67301,2014,4,5,204,2,3,1,0,7,2, , ,N,0,0,0,3,0,0,1,1,N,N,39 58:18.187,75 07:24.083,215, ,210,1,1,2,N, ,0,Y, , , , ,414309, , , ,1,1,0,0,0,0,0,0,0,0,0,0,0,0,0,0,0,0,0,0,0,0,0,0,0,0,0,0,0,0,0,0,0,0,0,0,0,39.9717,-75.1234, , 
 ,37649,2014042738,6,67,67301,2014,3,2,1301,13,1,1,0,4,1, , ,N,0,0,0,3,0,1,3,2,N, ,40 02:34.271,75 04:26.671,1306, ,1305, ,0, , , ,0, , , , , ,414310, , , ,2,2,0,0,0,0,0,0,0,0,0,1,1,0,0,0,0,0,0,0,0,0,0,0,0,0,0,0,0,0,0,0,0,0,0,4,0,40.0429,-75.0741, , 
 ,37650,2014049592,6,67,67301,2014,4,7,1245,12,1,1,0,5,1, , ,N,0,0,0,3,0,3,6,2,N,N,39 57:19.317,75 09:09.669,1300, ,1248, ,0, ,N, ,0, , , , , ,414315, , , ,2,1,0,1,0,0,0,0,0,0,0,3,3,0,0,0,0,0,0,0,0,0,0,0,0,0,0,0,0,0,0,0,0,0,0,4,1,39.9554,-75.1527, , 
 ,37651,2014054495,6,67,67301,2014,4,7,2220,22,3,1,0,4,1, , ,N,1,2,0,3,0,2,5,3,N,N,39 59:13.322,75 10:27.753,2220, ,2220,2,2,4,N, ,3,Y, , , , ,414319, , , ,3,2,0,0,0,0,0,1,0,0,0,0,2,2,1,0,0,0,0,0,2,0,0,2,0,0,0,0,0,0,0,0,0,0,0,8,0,39.987,-75.1744, , 
 ,37652,2014054563,6,67,67301,2014,4,7,1229,12,1,1,0,4,1, , ,N,1,2,0,3,0,0,2,2,N,N,40 01:16.570,75 09:36.831,1313, ,1312, ,0, ,N, ,3, , , , , ,414320, , , ,2,0,0,0,0,0,2,0,0,0,0,0,0,0,0,0,0,0,0,1,0,0,0,0,0,0,0,0,0,0,0,0,0,0,0,0,0,40.0213,-75.1602, , 
 ,37653,2014038936,6,67,67301,2014,3,6,9999,99,1,1,0,5,6, , ,N,0,0,0,3,0,2,2,2,N, ,40 01:38.698,75 10:16.941,1226, ,1224, ,0, , , ,0, , , , , ,414350, , , ,2,1,0,0,1,0,0,0,0,0,0,2,2,0,0,0,0,0,0,0,0,0,0,0,0,0,0,0,0,0,0,0,0,0,0,4,0,40.0274,-75.1714, , 
 ,37654,2014042475,6,67,67301,2014,4,2,1126,11,1,1,0,1,1, , ,N,0,0,0,3,0,1,2,2,N,N,39 59:36.925,75 05:05.434,1144, ,1128, ,0, ,N, ,0, , , , , ,414354, , , ,2,2,0,0,0,0,0,0,0,0,0,1,1,0,0,0,0,0,0,0,0,0,0,0,0,0,0,0,0,0,0,0,0,0,0,4,0,39.9936,-75.0848, , 
 ,37655,2014049782,6,67,67301,2014,4,1,1220,12,1,1,0,1,1, , ,N,0,0,0,3,0,1,3,2,N,N,40 02:05.320,75 07:51.096,9999, ,9999, ,0, ,N, ,0, , , , , ,414360, , , ,2,0,0,0,1,0,1,0,0,0,1,0,1,0,0,0,0,0,0,0,2,0,0,1,0,0,0,0,0,0,0,0,0,0,0,3,0,40.0348,-75.1309, , 
 ,37656,2014039115,6,67,67301,2014,4,3,1035,10,1,1,0,1,1, , ,N,0,0,0,3,0,0,3,2,N,N,39 58:53.153,75 06:09.247,1035, ,1035,1,1,2,N, ,0,N, , , , ,414402, , , ,2,2,0,0,0,0,0,0,0,0,0,0,0,0,0,0,0,0,0,0,0,0,0,0,0,0,0,0,0,0,0,0,0,0,0,0,0,39.9814,-75.1026, , 
 ,37657,2014049818,6,67,67301,2014,4,1,1445,14,1,1,2,8,1, , ,N,2,0,0,3,0,1,2,2,N, ,40 01:22.422,75 06:57.743,1520, ,1515, ,0, , , ,0, , , , , ,418180, , , ,1,1,0,0,0,0,0,0,0,0,0,1,1,0,0,0,0,0,0,0,1,0,0,0,0,0,0,0,0,0,0,0,1,0,0,4,0,40.0229,-75.116, , 
N,37658,2014019372,6,67,67301,2014,2,3,634,6,1,1,0,1,1,1,4,Y,0,0,0,3,0,0,2,2,N,N,40 01:21.487,75 02:11.567,651,45,635,1,1,1,N, ,0,N,Y,N,N,N,418202,N,N,Y,2,2,0,0,0,0,0,0,0,0,0,0,0,0,0,0,0,0,0,0,1,0,0,0,0,0,0,0,0,0,0,0,0,0,0,0,0,40.0226,-75.0365, , 
 ,37659,2014025504,6,67,67301,2014,1,7,137,1,3,2,1,4,1, , ,N,1,2,0,3,0,0,2,2,N, ,39 58:13.274,75 14:08.548,150, ,140, ,0, , , ,3, , , , , ,418210, , , ,2,2,0,0,0,0,0,0,0,0,0,0,0,0,0,0,0,0,0,0,0,0,0,0,0,0,0,0,0,0,0,0,0,0,0,0,0,39.9704,-75.2357, , 
 ,37660,2014042473,6,67,67301,2014,4,1,36,0,3,1,0,1,1, , ,N,6,4,2,3,0,3,4,2,N,N,40 02:50.923,74 59:59.580,41, ,38, ,0, ,N, ,3, , , , , ,418221, , , ,2,1,0,0,1,0,0,0,0,0,0,2,3,1,0,0,0,0,0,0,0,0,0,2,0,0,0,0,0,0,0,0,0,0,0,4,0,40.0468,-75.0008, , 
 ,37661,2014043029,6,67,67301,2014,3,3,1612,16,1,4,0,4,1, , ,N,3,3,0,3,0,2,3,2,N,N,40 04:13.793,75 09:18.678,1625, ,1615, ,0, ,N, ,3, , , , , ,418222, , , ,2,2,0,0,0,0,0,0,0,0,0,1,2,1,0,0,0,0,0,0,0,0,1,0,0,0,0,0,0,0,0,0,0,0,0,4,0,40.0705,-75.1552, , 
 ,37662,2014043185,6,67,67301,2014,4,4,1445,14,1,1,0,1,1, , ,N,0,0,0,3,0,1,2,2,N,N,39 58:47.581,75 06:21.485,1508, ,1506,1,2,1,N, ,0,N, , , , ,418223, , , ,2,1,0,0,0,0,1,0,0,0,0,1,1,0,0,0,0,0,0,0,1,0,0,0,0,0,0,0,0,0,0,0,0,0,0,4,0,39.9799,-75.106, , 
 ,37663,2014034899,6,67,67301,2014,1,2,802,8,1,1,0,1,1, , ,N,0,0,0,3,0,1,2,2,N,N,39 56:46.597,75 11:20.568,844, ,804, ,0, ,N, ,0, , , , , ,418263, , , ,2,2,0,0,0,0,0,0,0,0,0,1,1,0,0,0,0,1,0,0,0,0,0,0,0,0,0,0,0,0,0,0,0,0,0,4,0,39.9463,-75.189, , 
 ,37664,2014043108,6,67,67301,2014,3,2,639,6,1,4,3,5,1, , ,N,0,0,0,3,0,1,3,4,N,N,40 02:12.399,75 03:51.474,700, ,649,2,2,2,N, ,0,Y, , , , ,418272, , , ,3,1,0,0,0,0,2,0,0,0,1,0,1,0,0,0,0,0,0,0,0,0,0,0,0,0,0,0,0,0,0,0,1,0,0,3,0,40.0368,-75.0643, , 
 ,37665,2014047192,6,67,67301,2014,4,1,2318,23,3,1,0,7,2, , ,N,0,0,0,3,0,1,1,1,N,N,39 57:36.784,75 10:50.207,2325, ,2318,2,2,3,N, ,0,N, , , , ,418276, , , ,1,1,0,0,0,0,0,0,0,0,0,0,1,1,0,0,0,0,0,0,0,0,0,1,0,0,0,0,0,0,0,0,0,0,0,8,0,39.9602,-75.1806, , 
 ,37666,2014049888,6,67,67301,2014,4,6,450,4,3,1,0,4,1, , ,N,0,0,7,3,0,1,2,2,N, ,39 53:31.622,75 14:07.140,508, ,459, ,0, , , ,0, , , , , ,418279, , , ,2,1,0,0,0,0,1,0,0,0,0,0,1,1,0,0,0,0,0,0,0,0,0,0,0,0,0,0,0,0,0,0,0,0,0,8,0,39.8921,-75.2353, , 
 ,37667,2014049893,6,67,67301,2014,4,4,935,9,1,2,1,6,1, , ,N,0,0,0,3,0,0,2,2,N, ,40 01:28.153,75 02:03.230,955, ,946, ,0, , , ,0, , , , , ,418280, , , ,2,1,0,0,0,0,0,1,0,0,0,0,0,0,0,0,0,0,0,0,1,0,0,0,0,0,0,0,0,0,0,0,0,0,0,0,0,40.0245,-75.0342, , 
 ,37668,2014073880,6,67,67301,2014,7,2,1030,10,1,1,0,7,2, , ,N,0,0,0,3,0,1,2,1,N,N,40 00:07.958,75 04:42.338,1039, ,1033, ,0, ,N, ,0, , , , , ,418286, , , ,1,1,0,0,0,0,0,0,0,0,0,1,1,0,0,0,0,0,0,0,1,0,0,0,0,0,0,0,0,0,0,0,0,0,0,4,0,40.0022,-75.0784, , 
 ,37669,2014087793,6,67,67301,2014,7,5,1624,16,1,1,0,8,1, , ,N,1,2,0,3,0,1,2,2,N,N,39 57:08.987,75 10:37.232,1628, ,1625, ,0, , , ,3, , , , , ,418301, , , ,1,1,0,0,0,0,0,0,0,0,0,0,1,1,0,0,0,0,0,0,1,0,0,0,0,0,0,0,0,0,0,0,1,0,0,8,0,39.9525,-75.177, , 
 ,37670,2014107632,6,67,67301,2014,10,5,947,9,1,1,0,7,4, , ,N,7,4,2,3,0,1,1,1,N,N,39 59:50.669,75 04:55.143,1015, ,950, ,0, ,N, ,3, , , , , ,418317, , , ,1,1,0,0,0,0,0,0,0,0,0,0,1,1,0,0,0,0,0,0,0,0,0,0,0,0,0,0,0,0,0,0,0,0,0,8,0,39.9974,-75.082, , 
 ,37671,2014110388,6,67,67301,2014,10,3,1551,15,1,1,0,0,1, , ,N,0,0,7,3,0,0,1,1,N,N,40 06:15.541,74 59:03.166,1558, ,1553,2,1,3,N, ,0,N, , , , ,418320, , , ,1,0,0,0,0,0,1,0,0,0,0,0,0,0,0,0,0,0,0,0,0,0,0,0,0,0,0,0,0,0,0,0,0,0,0,0,0,40.1043,-74.9842, , 
 ,37672,2014012682,6,67,67301,2014,1,6,111,1,3,1,0,1,1, , ,N,0,0,0,3,0,0,3,2,N,N,39 56:39.182,75 11:30.419,122, ,113, ,0, ,N, ,0, , , , , ,418336, , , ,2,0,0,0,0,0,2,0,0,0,0,0,0,0,0,0,0,0,0,1,0,0,0,0,0,0,0,0,0,0,0,0,0,0,0,0,0,39.9432,-75.1928, , 