wz_ln_closure,objectid_1,crn,district,county,municipality,crash_year,crash_month,day_of_week,time_of_day,hour_of_day,illumination,weather,road_condition,collision_type,relation_to_road,work_zone_type,work_zone_loc,work_zone_ind,intersect_type,tcd_type,location_type,urban_rural,fatal_count,injury_count,person_count,total_units,sch_bus_ind,sch_zone_ind,latitude,longitude,arrival_tm,cons_zone_spd_lim,dispatch_tm,est_hrs_closed,lane_closed,ln_close_dir,ntfy_hiwy_maint,spec_juris_cd,tcd_func_cd,tfc_detour_ind,workers_pres,wz_close_detour,wz_flagger,wz_law_offcr_ind,objectid,wz_moving,wz_other,wz_shlder_mdn,vehicle_count,automobile_count,motorcycle_count,bus_count,small_truck_count,heavy_truck_count,suv_count,van_count,bicycle_count,maj_inj_count,mod_inj_count,min_inj_count,tot_inj_count,unk_inj_deg_count,unk_inj_per_count,driver_count_16yr,driver_count_17yr,driver_count_18yr,driver_count_19yr,driver_count_20yr,driver_count_50_64yr,driver_count_65_74yr,driver_count_75plus,unbelted_occ_count,unb_death_count,unb_maj_inj_count,belted_death_count,belted_maj_inj_count,mcycle_death_count,mcycle_maj_inj_count,bicycle_death_count,bicycle_maj_inj_count,ped_count,ped_death_count,ped_maj_inj_count,max_severity_level,comm_veh_count,dec_lat,dec_long,rdwy_surf_type_cd,county_name
 ,37873,2014059332,6,67,67301,2014,5,4,2100,21,3,1,0,4,1, , ,N,1,3,0,3,0,2,5,2,N, ,39 56:33.900,75 09:42.753,2101, ,2101,2,2,2, , ,3,Y, , , , ,415045, , , ,2,2,0,0,0,0,0,0,0,0,0,0,2,2,0,0,0,0,0,0,0,0,0,0,0,0,0,0,0,0,0,0,0,0,0,8,0,39.9428,-75.1619, , 
 ,37874,2014013166,6,67,67301,2014,1,4,1515,15,1,1,0,5,1, , ,N,0,0,0,3,0,0,2,2,N,N,39 57:27.032,75 08:43.098,1525, ,1520, ,0, , , ,0, , , , , ,415061, , , ,2,1,0,0,1,0,0,0,0,0,0,0,0,0,0,0,0,0,0,0,0,0,0,2,0,0,0,0,0,0,0,0,0,0,0,0,1,39.9575,-75.1453, , 
 ,37875,2014042920,6,67,67301,2014,2,7,1345,13,1,1,0,1,1, , ,N,0,0,0,3,0,1,4,2,N,N,39 58:49.003,75 06:18.909,1605, ,1600, ,0, ,N, ,0, , , , , ,415079, , , ,2,1,0,0,1,0,0,0,0,0,0,1,1,0,0,0,0,0,0,0,0,0,0,0,0,0,0,0,0,0,0,0,0,0,0,4,0,39.9803,-75.1053, , 
 ,37876,2014049629,6,67,67301,2014,4,7,1840,18,1,1,0,4,1, , ,N,2,0,0,3,0,0,2,2,N, ,40 04:07.285,75 00:29.437,1920, ,1913, ,0, , , ,0, , , , , ,415082, , , ,2,2,0,0,0,0,0,0,0,0,0,0,0,0,0,0,0,0,0,1,0,0,0,0,0,0,0,0,0,0,0,0,0,0,0,0,0,40.0685,-75.0082, , 
 ,37877,2014027708,6,67,67301,2014,2,6,2139,21,3,1,0,8,1, , ,N,5,2,0,3,0,1,2,2,N,N,39 58:10.092,75 08:22.485,2143, ,2140, ,0, , , ,3, , , , , ,418885, , , ,1,1,0,0,0,0,0,0,0,0,0,0,1,1,0,0,0,0,0,0,0,0,0,0,0,0,0,0,0,0,0,0,1,0,0,8,0,39.9695,-75.1395, , 
 ,37878,2014039346,6,67,67301,2014,3,6,1455,14,1,1,0,7,5, , ,N,2,0,0,3,0,1,4,1,N, ,39 57:54.699,75 14:28.103,1715, ,1713, ,0, , , ,0, , , , , ,418890, , , ,1,1,0,0,0,0,0,0,0,0,1,0,1,0,0,0,0,0,0,0,0,0,0,0,0,0,0,0,0,0,0,0,0,0,0,3,0,39.9652,-75.2411, , 
 ,37879,2014002627,6,46,46102,2014,1,3,654,6,3,1,0,1,1, , ,N,0,2,0,3,0,1,2,2,N,N,40 03:55.747,75 08:35.475,654, ,654, ,0, ,N, ,3, , , , , ,418908, , , ,2,1,0,0,1,0,0,0,0,0,0,0,1,1,0,0,0,0,0,0,0,0,0,0,0,0,0,0,0,0,0,0,0,0,0,8,0,40.0655,-75.1432, , 
 ,37880,2014074867,6,67,67301,2014,6,5,930,9,1,1,0,4,1, , ,N,1,2,0,3,0,1,2,2,N, ,40 01:20.463,75 04:41.285,932, ,930, ,0, , , ,3, , , , , ,418913, , , ,2,1,0,0,0,0,0,1,0,0,0,1,1,0,0,0,0,0,0,0,0,1,0,0,0,0,0,0,0,0,0,0,0,0,0,4,0,40.0224,-75.0781, , 
 ,37881,2014078859,6,67,67301,2014,6,6,1136,11,1,1,0,0,1, , ,N,0,0,0,3,0,1,1,1,N, ,39 56:00.989,75 08:35.651,1140, ,1136, ,0, , , ,0, , , , , ,418918, , , ,1,0,1,0,0,0,0,0,0,0,0,0,1,1,0,0,0,0,0,0,0,0,0,0,0,0,0,0,0,0,0,0,0,0,0,8,0,39.9336,-75.1432, , 
 ,37882,2014088350,6,67,67301,2014,7,7,1215,12,1,1,0,4,1, , ,N,1,2,0,3,0,0,2,2,N,N,40 00:31.666,75 08:51.441,1225, ,1225, ,0, ,N, ,3, , , , , ,418924, , , ,2,1,0,0,0,0,0,1,0,0,0,0,0,0,0,0,0,0,0,0,1,0,0,0,0,0,0,0,0,0,0,0,0,0,0,0,0,40.0088,-75.1476, , 
 ,37883,2014095910,6,67,67301,2014,9,1,1655,16,1,1,0,4,1, , ,N,2,2,0,3,0,1,2,2,N,N,39 57:41.833,75 09:10.486,9999, ,9999, ,0, ,N, ,3, , , , , ,418930, , , ,1,1,0,0,0,0,0,0,1,0,0,1,1,0,0,0,0,0,1,0,0,0,0,0,0,0,0,0,0,0,0,0,0,0,0,4,0,39.9615,-75.1529, , 
 ,37884,2014130533,6,67,67301,2014,12,3,240,2,3,2,1,7,4, , ,N,0,0,0,3,0,1,3,2,N,N,40 00:58.674,75 07:50.717,247, ,240, ,0, , , ,0, , , , , ,418951, , , ,1,0,0,0,0,0,1,0,0,0,0,0,1,1,0,0,0,0,0,0,0,0,0,0,0,0,0,0,0,0,0,0,0,0,0,8,0,40.0163,-75.1308, , 
 ,37885,2014044550,6,67,67301,2014,3,7,1215,12,1,1,0,1,1, , ,N,0,0,0,3,0,1,3,2,N,N,40 05:01.773,75 12:34.664,1300, ,1230, ,0, ,N, ,0, , , , , ,418994, , , ,2,1,0,0,0,0,1,0,0,0,0,0,1,1,0,1,0,0,0,0,1,0,0,0,0,0,0,0,0,0,0,0,0,0,0,8,0,40.0838,-75.2096, , 
 ,37886,2014059341,6,67,67301,2014,3,7,1500,15,1,2,1,4,1, , ,N,1,2,0,3,0,2,9,3,N, ,39 58:11.966,75 08:35.145,1520, ,1500,9,1,3, , ,3,N, , , , ,419009, , , ,3,1,0,0,0,0,2,0,0,0,1,1,2,0,0,0,0,0,0,0,0,0,0,0,0,0,0,0,0,0,0,0,0,0,0,3,0,39.9699,-75.1431, , 
 ,37887,2014068121,6,67,67301,2014,6,3,1213,12,1,1,0,1,1, , ,N,0,0,0,3,0,3,10,4,N,N,40 01:53.155,75 03:59.224,1221, ,1217,2,2,7, , ,0,N, , , , ,419017, , , ,4,1,0,0,0,0,0,2,0,0,1,2,3,0,0,0,0,0,0,0,0,0,0,1,0,0,0,0,0,0,0,0,0,0,0,3,0,40.0314,-75.0665, , 
 ,37888,2014074724,6,67,67301,2014,7,2,242,2,3,2,1,0,1, , ,N,0,0,0,3,0,0,2,2,N,N,39 57:03.167,75 10:59.135,242, ,242,1,1,3,N, ,0,N, , , , ,419027, , , ,2,1,1,0,0,0,0,0,0,0,0,0,0,0,0,0,0,0,0,0,1,0,0,0,0,0,0,0,0,0,0,0,0,0,0,0,0,39.9509,-75.1831, , 
 ,37889,2014084409,6,67,67301,2014,7,5,1225,12,1,1,0,4,1, , ,N,1,2,0,3,0,1,4,2,N,N,39 57:45.461,75 14:48.589,1245, ,1234, ,0, ,N, ,3, , , , , ,419042, , , ,2,0,0,0,0,0,1,1,0,0,0,1,1,0,0,0,0,0,0,0,1,0,0,0,0,0,0,0,0,0,0,0,0,0,0,4,0,39.9626,-75.2468, , 
 ,37890,2014085490,6,67,67301,2014,8,1,1109,11,1,1,0,1,1, , ,N,0,0,0,3,0,1,3,2,N,N,39 56:01.591,75 12:00.183,1116, ,1110, ,0, ,N, ,0, , , , , ,419044, , , ,2,1,0,0,0,1,0,0,0,0,0,0,1,1,0,0,0,0,0,0,0,0,0,0,0,0,0,0,0,0,0,0,0,0,0,8,0,39.9338,-75.2001, , 
 ,37891,2014089010,6,67,67301,2014,8,7,1210,12,1,1,0,1,1, , ,N,1,2,0,3,0,1,4,3,N, ,39 56:45.089,75 14:25.018,1257, ,1210, ,0, , , ,3, , , , , ,419050, , , ,3,1,0,0,0,0,2,0,0,0,0,1,1,0,0,0,0,0,0,0,0,0,0,0,0,0,0,0,0,0,0,0,0,0,0,4,0,39.9459,-75.2403, , 
 ,37892,2014025375,6,67,67301,2014,1,7,405,4,3,1,1,5,6, , ,N,0,0,0,3,0,0,1,2,N,N,40 00:26.056,75 08:07.932,410, ,408, ,0, ,N, ,0, , , , , ,419082, , , ,2,1,0,0,0,1,0,0,0,0,0,0,0,0,1,0,0,0,0,0,0,0,0,0,0,0,0,0,0,0,0,0,0,0,0,9,0,40.0072,-75.1355, , 
 ,37893,2014034242,6,67,67301,2014,3,3,1804,18,3,1,0,8,1, , ,N,0,0,0,3,0,1,2,2,N,N,40 04:09.374,75 03:03.091,1810, ,1805, ,0, ,N, ,0, , , , , ,419092, , , ,1,0,0,0,1,0,0,0,0,0,0,1,1,0,0,0,0,0,0,0,1,0,0,0,0,0,0,0,0,0,0,0,1,0,0,4,0,40.0693,-75.0508, , 
 ,37894,2014029862,6,67,67301,2014,1,6,935,9,1,1,0,1,1, , ,N,0,0,0,3,0,2,5,4,N,N,40 02:49.956,75 08:26.528,954, ,952,1,1,4,N, ,0,N, , , , ,419143, , , ,4,2,0,0,0,0,1,1,0,0,0,2,2,0,0,0,0,0,0,0,3,0,0,0,0,0,0,0,0,0,0,0,0,0,0,4,0,40.0472,-75.1407, , 
 ,37895,2014088142,6,67,67301,2014,6,2,1506,15,1,1,0,5,1, , ,N,0,0,0,3,0,1,2,2,N,N,39 56:56.063,75 12:51.797,1745, ,9999, ,0, ,N, ,0, , , , , ,423269, , , ,1,1,0,0,0,0,0,0,1,0,1,0,1,0,0,0,0,0,0,0,0,0,0,0,0,0,0,0,0,0,0,0,0,0,0,3,0,39.9489,-75.2143, , 
 ,37896,2014088850,6,67,67301,2014,8,1,1338,13,1,1,0,1,1, , ,N,2,3,0,3,0,2,3,2,N, ,39 58:28.171,75 10:31.619,1355, ,1348, ,0, , , ,3, , , , , ,423271, , , ,2,1,0,0,0,0,1,0,0,0,0,2,2,0,0,0,0,0,0,0,0,0,1,0,0,0,0,0,0,0,0,0,0,0,0,4,0,39.9745,-75.1754, , 
 ,37897,2014122476,6,67,67301,2014,11,1,1446,14,1,1,0,7,4, , ,N,2,0,0,3,0,1,1,2,N,N,40 00:23.226,75 11:17.348,1535, ,1526, ,0, , , ,0, , , , , ,423294, , , ,1,0,0,0,0,0,0,1,0,0,0,1,1,0,0,0,0,0,0,0,0,0,0,0,0,0,0,0,0,0,0,0,0,0,0,4,0,40.0065,-75.1882, , 
 ,37898,2014059122,6,67,67301,2014,5,5,1000,10,1,1,0,1,1, , ,N,1,2,0,3,0,2,3,2,N,N,40 02:20.942,75 06:36.006,1100, ,1100, ,0, ,N, ,3, , , , , ,423297, , , ,2,1,0,0,1,0,0,0,0,0,0,0,2,2,0,0,0,0,0,0,0,0,0,0,0,0,0,0,0,0,0,0,0,0,0,8,0,40.0392,-75.11, , 
 ,37899,2014059146,6,67,67301,2014,5,4,1530,15,1,1,0,5,1, , ,N,0,0,0,3,0,1,2,2,N,Y,39 57:51.649,75 14:20.356,1455, ,1455, ,0, ,N, ,0, , , , , ,423298, , , ,1,0,0,0,0,0,0,1,1,0,0,0,1,1,1,0,0,0,0,0,0,0,0,0,0,0,0,0,0,0,0,0,0,0,0,8,0,39.9643,-75.239, , 
 ,37900,2014025499,6,67,67301,2014,1,7,1440,14,1,4,4,4,1, , ,N,2,3,0,3,0,0,2,2,N, ,40 03:26.013,75 11:02.176,1550, ,1547, ,0, , , ,3, , , , , ,423310, , , ,2,1,0,0,0,1,0,0,0,0,0,0,0,0,0,0,0,0,0,0,1,0,0,0,0,0,0,0,0,0,0,0,0,0,0,0,1,40.0572,-75.1839, , 
 ,37901,2014044614,6,67,67301,2014,3,1,729,7,1,1,0,7,5, , ,N,0,0,0,3,0,1,1,1,N, ,39 59:35.084,75 06:36.130,740, ,729, ,0, , , ,0, , , , , ,423331, , , ,1,0,0,0,0,0,0,1,0,0,1,0,1,0,0,0,0,0,0,0,0,0,0,1,0,0,0,0,0,0,0,0,0,0,0,3,0,39.9931,-75.11, , 
 ,37902,2014049565,6,67,67301,2014,4,2,1804,18,1,2,1,8,1, , ,N,0,0,0,3,0,1,2,3,N, ,39 59:56.036,75 10:00.339,1813, ,1810, ,0, , , ,0, , , , , ,423334, , , ,2,1,0,0,0,0,0,1,0,0,0,1,1,0,1,0,0,0,0,0,0,0,0,0,0,0,0,0,0,0,0,0,1,0,0,4,0,39.9989,-75.1668, , 
 ,37903,2014049596,6,67,67301,2014,3,3,1304,13,1,8,1,4,1, , ,N,1,3,0,3,0,0,2,2,N,N,39 58:40.814,75 09:49.600,1307, ,1304, ,0, ,N, ,3, , , , , ,423335, , , ,2,1,0,0,0,0,1,0,0,0,0,0,0,0,0,0,0,0,0,0,0,0,0,0,0,0,0,0,0,0,0,0,0,0,0,0,0,39.978,-75.1638, , 
 ,37904,2014049850,6,67,67301,2014,4,5,2354,23,3,1,0,4,1, , ,N,2,0,0,3,0,0,2,2,N,N,39 57:25.244,75 08:56.346,5, ,5, ,0, ,N, ,0, , , , , ,423336, , , ,2,2,0,0,0,0,0,0,0,0,0,0,0,0,0,0,0,0,0,0,0,0,0,0,0,0,0,0,0,0,0,0,0,0,0,0,0,39.9571,-75.149, , 
 ,37905,2014049452,6,67,67301,2014,4,4,24,0,3,1,0,1,1, , ,N,2,2,0,3,0,2,4,3,N,N,40 02:50.849,75 00:50.507,26, ,25, ,0, ,N, ,3, , , , , ,423383, , , ,3,3,0,0,0,0,0,0,0,0,0,2,2,0,0,0,0,0,1,0,0,0,0,0,0,0,0,0,0,0,0,0,0,0,0,4,0,40.0475,-75.014, , 
 ,37906,2014051486,6,67,67301,2014,5,7,1412,14,1,1,0,8,1, , ,N,1,2,0,3,0,1,2,2,N,N,39 57:19.425,75 09:21.185,1458, ,1458, ,0, ,N, ,3, , , , , ,423385, , , ,1,1,0,0,0,0,0,0,0,0,0,1,1,0,0,0,0,0,0,1,0,0,0,0,0,0,0,0,0,0,0,0,1,0,0,4,0,39.9554,-75.1559, , 
 ,37907,2014091357,6,67,67301,2014,9,5,9999,99,1,1,0,8,1, , ,N,1,2,0,3,0,1,2,2,N, ,39 57:11.447,75 10:12.074,1857, ,1856, ,0, , , ,3, , , , , ,423420, , , ,1,1,0,0,0,0,0,0,0,0,0,1,1,0,0,0,0,0,0,0,0,0,0,1,0,0,0,0,0,0,0,0,1,0,0,4,0,39.9532,-75.17, , 
 ,37908,2014109904,6,67,67301,2014,10,5,2007,20,3,1,0,4,1, , ,N,1,2,0,3,0,0,3,2,N,N,39 58:24.024,75 14:05.125,2007, ,2007,3,1,3,N, ,3,N, , , , ,423438, , , ,2,2,0,0,0,0,0,0,0,0,0,0,0,0,0,0,0,0,0,0,0,0,0,0,0,0,0,0,0,0,0,0,0,0,0,0,0,39.9733,-75.2348, , 
 ,37909,2014113448,6,67,67301,2014,10,6,1613,16,1,1,0,1,1, , ,N,1,2,2,3,0,0,2,2,N,N,39 58:21.206,75 07:24.154,1632, ,1628, ,0, , , ,3, , , , , ,423440, , , ,2,1,0,0,0,0,1,0,0,0,0,0,0,0,0,0,0,0,0,0,0,0,0,0,0,0,0,0,0,0,0,0,0,0,0,0,0,39.9726,-75.1234, , 
 ,37910,2014025275,6,67,67301,2014,1,6,1445,14,1,8,6,8,1, , ,N,1,2,0,3,0,1,2,2,N, ,39 57:12.781,75 09:22.643,1445, ,1445, ,0, ,N, ,3, , , , , ,423465, , , ,1,1,0,0,0,0,0,0,0,0,0,0,1,1,0,0,1,0,0,0,0,0,0,0,0,0,0,0,0,0,0,0,1,0,0,8,0,39.9536,-75.1563, , 
 ,37911,2014025406,6,67,67301,2014,1,3,900,9,1,1,8,4,1, , ,N,1,3,0,3,0,2,3,2,N, ,40 01:32.743,75 08:40.430,915, ,910, ,0, , , ,3, , , , , ,423466, , , ,2,1,0,0,0,0,1,0,0,0,0,2,2,0,0,0,0,0,0,0,0,0,0,0,0,0,0,0,0,0,0,0,0,0,0,4,0,40.0258,-75.1446, , 
 ,37912,2014038849,6,67,67301,2014,1,3,1200,12,1,2,1,4,1, , ,N,1,0,0,3,0,2,2,2,N,N,40 00:43.642,75 08:13.671,1233, ,1223, ,0, ,N, ,0, , , , , ,423472, , , ,2,0,0,0,0,0,0,2,0,0,0,2,2,0,0,0,0,0,0,0,0,0,0,0,0,0,0,0,0,0,0,0,0,0,0,4,0,40.0121,-75.1371, , 
 ,37913,2014059352,6,67,67301,2014,3,4,1627,16,1,1,0,1,1, , ,N,0,2,0,3,0,1,4,2,N,N,39 59:23.701,75 10:24.960,1633, ,1630, ,0, , , ,3, , , , , ,427634, , , ,2,1,0,0,0,0,0,1,0,0,0,0,1,1,0,0,0,0,0,0,1,0,0,0,0,0,0,0,0,0,0,0,0,0,0,8,0,39.9899,-75.1736, , 
 ,37914,2014025345,6,67,67301,2014,1,5,530,5,3,4,1,1,1, , ,N,0,0,0,3,0,1,3,3,N, ,40 00:45.710,75 05:14.525,540, ,530, ,0, , , ,0, , , , , ,427656, , , ,3,1,0,0,0,0,2,0,0,0,0,1,1,0,0,0,0,0,0,0,1,0,0,0,0,0,0,0,0,0,0,0,0,0,0,4,0,40.0127,-75.0874, , 
 ,37915,2014025883,6,67,67301,2014,1,2,1050,10,1,1,0,4,1, , ,N,0,0,7,3,0,0,2,2,N,N,40 03:18.894,75 05:24.221,1054, ,1051, ,0, ,N, ,0, , , , , ,427657, , , ,2,1,0,0,0,0,1,0,0,0,0,0,0,0,1,0,0,0,0,0,0,0,1,0,0,0,0,0,0,0,0,0,0,0,0,9,0,40.0552,-75.0901, , 
 ,37916,2014042713,6,67,67301,2014,3,5,1800,18,1,1,0,4,1, , ,N,1,3,0,3,0,1,2,2,N, ,39 55:32.984,75 14:12.649,1814, ,1809, ,0, , , ,3, , , , , ,427678, , , ,2,2,0,0,0,0,0,0,0,0,0,1,1,0,0,0,0,0,0,0,0,0,0,0,0,0,0,0,0,0,0,0,0,0,0,4,0,39.9258,-75.2368, , 
 ,37917,2014043047,6,67,67301,2014,3,1,2040,20,3,1,0,8,1, , ,N,0,0,0,3,0,1,2,2,N, ,39 59:50.989,75 07:00.426,2200, ,155, ,0, , , ,0, , , , , ,427680, , , ,1,1,0,0,0,0,0,0,0,0,0,1,1,0,0,0,0,0,0,0,0,0,0,0,0,0,0,0,0,0,0,0,1,0,0,4,0,39.9975,-75.1168, , 
 ,37918,2014068024,6,67,67301,2014,6,3,9999,99,1,1,1,7,4, , ,N,0,0,0,3,0,1,1,1,N,N,40 00:54.957,75 09:00.504,1010, ,1008, ,0, ,N, ,0, , , , , ,427693, , , ,1,1,0,0,0,0,0,0,0,0,0,0,1,1,0,0,0,0,0,1,0,0,0,0,0,0,0,0,0,0,0,0,0,0,0,8,0,40.0153,-75.1501, , 
 ,37919,2014089431,6,67,67301,2014,9,4,2320,23,3,1,0,4,1, , ,N,0,0,0,3,0,4,5,2,N,N,39 57:24.464,75 09:15.518,2330, ,2320,1,2,3,N, ,0,N, , , , ,427708, , , ,2,1,0,0,0,0,1,0,0,0,0,3,4,1,0,0,0,0,0,0,1,0,0,0,0,0,0,0,0,0,0,0,0,0,0,4,0,39.9568,-75.1543, , 
 ,37920,2014091460,6,67,67301,2014,8,7,632,6,5,1,0,4,1, , ,N,1,2,0,3,0,1,2,2,N, ,40 03:20.764,75 09:31.951,715, ,708, ,0, , , ,3, , , , , ,427713, , , ,2,0,0,0,0,0,1,1,0,0,0,1,1,0,0,0,0,0,0,0,2,0,0,0,0,0,0,0,0,0,0,0,0,0,0,4,0,40.0558,-75.1589, , 
 ,37921,2014098687,6,67,67301,2014,9,6,2015,20,3,1,0,8,1, , ,N,2,0,0,3,0,1,2,2,N, ,39 56:15.471,75 11:40.750,122, ,113, ,0, , , ,0, , , , , ,427719, , , ,1,0,0,0,0,0,1,0,0,0,0,0,1,1,0,0,0,0,0,0,0,0,0,0,0,0,0,0,0,0,0,0,1,0,0,8,0,39.9376,-75.1947, , 
 ,37922,2014019098,6,67,67301,2014,1,7,1944,19,3,2,1,4,1, , ,N,1,3,0,3,0,1,2,2,N,N,39 55:29.089,75 09:33.742,2007, ,2006, ,0, ,N, ,3, , , , , ,427745, , , ,2,2,0,0,0,0,0,0,0,0,0,0,1,1,0,0,0,0,1,0,1,0,0,0,0,0,0,0,0,0,0,0,0,0,0,8,0,39.9247,-75.1594, , 
 ,37923,2014027709,6,67,67301,2014,1,6,1809,18,3,1,0,1,1, , ,N,0,2,0,3,0,3,5,3,N,N,39 57:24.490,75 11:57.950,1810, ,1809,1,1,3,N, ,3,Y, , , , ,427749, , , ,3,2,0,0,0,0,1,0,0,0,0,3,3,0,0,0,0,0,0,0,0,0,0,0,0,0,0,0,0,0,0,0,0,0,0,4,0,39.9568,-75.1994, , 
 ,37924,2014041252,6,67,67301,2014,4,3,235,2,3,1,0,7,2, , ,N,0,0,0,3,0,0,1,1,N,N,39 56:48.848,75 11:17.180,235, ,235,1,2,4,N, ,0,Y, , , , ,427759, , , ,1,1,0,0,0,0,0,0,0,0,0,0,0,0,0,0,0,0,0,0,0,0,0,0,0,0,0,0,0,0,0,0,0,0,0,0,0,39.9469,-75.1881, , 
 ,37925,2014042748,6,67,67301,2014,3,2,2240,22,3,1,0,8,1, , ,N,0,0,0,3,0,1,2,2,N,N,39 58:25.025,75 10:02.449,2308, ,2305, ,0, ,N, ,0, , , , , ,427762, , , ,1,1,0,0,0,0,0,0,0,0,0,0,1,1,0,0,0,0,0,0,0,0,0,0,0,0,0,0,0,0,0,0,1,0,0,8,0,39.9736,-75.1673, , 
 ,37926,2014043085,6,67,67301,2014,3,4,1310,13,1,1,0,1,1, , ,N,1,2,0,3,0,1,3,2,N,N,40 01:31.774,75 07:31.582,1315, ,1310,1,1,2,N, ,3,N, , , , ,427763, , , ,2,2,0,0,0,0,0,0,0,0,0,0,1,1,0,0,0,0,0,0,1,0,0,0,0,0,0,0,0,0,0,0,0,0,0,8,0,40.0255,-75.1254, , 
 ,37927,2014049437,6,67,67301,2014,4,1,9999,99,3,1,0,4,1, , ,N,1,3,0,3,0,0,1,2,N,N,39 58:34.190,75 10:18.519,433, ,428,9,2,5, , ,3,Y, , , , ,427819, , , ,2,2,0,0,0,0,0,0,0,0,0,0,0,0,0,0,0,0,0,0,0,0,0,0,0,0,0,0,0,0,0,0,0,0,0,0,0,39.9762,-75.1718, , 
 ,37928,2014049636,6,67,67301,2014,4,4,1730,17,1,1,0,5,6, , ,N,0,0,0,3,0,0,1,2,N, ,40 04:01.034,75 01:56.089,1820, ,1810, ,0, , , ,0, , , , , ,427820, , , ,2,1,0,0,0,0,0,1,0,0,0,0,0,0,0,0,0,0,0,0,0,0,0,0,0,0,0,0,0,0,0,0,0,0,0,0,0,40.067,-75.0322, , 
 ,37929,2014049887,6,67,67301,2014,4,2,1013,10,1,1,0,4,1, , ,N,3,3,0,3,0,2,3,2,N, ,40 00:43.056,75 09:34.912,1035, ,1030, ,0, , , ,3, , , , , ,427821, , , ,2,2,0,0,0,0,0,0,0,0,0,1,2,1,0,0,0,0,0,0,0,0,0,0,0,0,0,0,0,0,0,0,0,0,0,4,0,40.012,-75.1597, , 
 ,37930,2014054572,6,67,67301,2014,5,6,9999,99,3,1,0,7,4, , ,N,0,0,0,3,0,0,1,2,N,N,39 57:15.150,75 09:22.091,334, ,334,2,1,2, , ,0,N, , , , ,427827, , , ,1,1,0,0,0,0,0,0,0,0,0,0,0,0,0,0,0,0,0,0,0,0,0,0,0,0,0,0,0,0,0,0,0,0,0,0,0,39.9542,-75.1561, , 
 ,37931,2014049875,6,67,67301,2014,4,6,2312,23,3,1,0,4,1, , ,N,1,2,0,3,0,1,2,2,N,N,39 57:07.268,75 09:45.490,2322, ,2320, ,0, , , ,3, , , , , ,415083, , , ,1,1,0,0,0,0,0,0,1,0,0,1,1,0,0,0,0,0,0,0,0,0,0,0,0,0,0,0,0,0,0,0,0,0,0,4,0,39.952,-75.1626, , 
 ,37932,2014036224,6,67,67301,2014,3,5,2155,21,3,1,0,1,1, , ,N,6,0,2,3,0,0,3,2,N,N,39 58:33.352,75 11:43.008,2211, ,2207, ,0, ,N, ,0, , , , , ,415125, , , ,2,2,0,0,0,0,0,0,0,0,0,0,0,0,0,0,0,0,0,0,0,0,0,0,0,0,0,0,0,0,0,0,0,0,0,0,0,39.9761,-75.1956, , 
 ,37933,2014042634,6,67,67301,2014,3,2,1255,12,1,1,0,4,1, , ,N,2,3,0,3,0,3,3,2,N, ,40 07:22.609,75 00:51.321,1302, ,1256, ,0, , , ,3, , , , , ,415128, , , ,2,2,0,0,0,0,0,0,0,0,0,3,3,0,0,0,0,0,0,0,0,1,0,0,0,0,0,0,0,0,0,0,0,0,0,4,0,40.1229,-75.0143, , 
 ,37934,2014044158,6,67,67301,2014,3,2,610,6,3,4,3,7,3, , ,N,0,0,0,3,0,0,2,2,N,N,39 52:58.679,75 15:08.071,728, ,727, ,0, ,N, ,0, , , , , ,415130, , , ,2,1,0,0,1,0,0,0,0,0,0,0,0,0,0,0,0,0,0,0,1,0,0,0,0,0,0,0,0,0,0,0,0,0,0,0,0,39.883,-75.2522, , 
 ,37935,2014033956,6,67,67301,2014,3,7,1515,15,1,1,0,1,1, , ,N,0,0,0,3,0,1,3,2,N,N,39 57:28.016,75 09:40.239,1551, ,1521,1,1,4,N, ,0,N, , , , ,415177, , , ,2,1,0,0,1,0,0,0,0,0,0,1,1,0,0,0,0,0,0,0,0,0,0,0,0,0,0,0,0,0,0,0,0,0,0,4,0,39.9578,-75.1612, , 
 ,37936,2014042687,6,67,67301,2014,3,5,1430,14,1,1,0,1,1, , ,N,1,2,0,3,0,1,3,2,N, ,39 58:14.817,75 07:20.188,1730, ,1730, ,0, , , ,3, , , , , ,415183, , , ,2,1,0,0,0,0,0,1,0,0,0,0,1,1,1,0,0,0,0,0,1,0,0,0,0,0,0,0,0,0,0,0,0,0,0,8,0,39.9708,-75.1223, , 
 ,37937,2014043038,6,67,67301,2014,3,6,329,3,3,1,0,2,6, , ,N,0,0,0,3,0,0,1,3,N,N,40 04:07.336,75 10:55.029,343, ,333, ,0, ,N, ,0, , , , , ,415184, , , ,3,3,0,0,0,0,0,0,0,0,0,0,0,0,0,0,0,0,0,0,0,0,0,0,0,0,0,0,0,0,0,0,0,0,0,0,0,40.0687,-75.182, , 
 ,37938,2014044541,6,67,67301,2014,3,4,825,8,1,1,0,5,1, , ,N,0,0,0,3,0,0,2,3,N,N,40 01:07.022,75 12:40.267,850, ,844, ,0, ,N, ,0, , , , , ,415186, , , ,3,3,0,0,0,0,0,0,0,0,0,0,0,0,0,0,0,0,0,0,1,0,0,0,0,0,0,0,0,0,0,0,0,0,0,0,0,40.0186,-75.2112, , 