wz_ln_closure,objectid_1,crn,district,county,municipality,crash_year,crash_month,day_of_week,time_of_day,hour_of_day,illumination,weather,road_condition,collision_type,relation_to_road,work_zone_type,work_zone_loc,work_zone_ind,intersect_type,tcd_type,location_type,urban_rural,fatal_count,injury_count,person_count,total_units,sch_bus_ind,sch_zone_ind,latitude,longitude,arrival_tm,cons_zone_spd_lim,dispatch_tm,est_hrs_closed,lane_closed,ln_close_dir,ntfy_hiwy_maint,spec_juris_cd,tcd_func_cd,tfc_detour_ind,workers_pres,wz_close_detour,wz_flagger,wz_law_offcr_ind,objectid,wz_moving,wz_other,wz_shlder_mdn,vehicle_count,automobile_count,motorcycle_count,bus_count,small_truck_count,heavy_truck_count,suv_count,van_count,bicycle_count,maj_inj_count,mod_inj_count,min_inj_count,tot_inj_count,unk_inj_deg_count,unk_inj_per_count,driver_count_16yr,driver_count_17yr,driver_count_18yr,driver_count_19yr,driver_count_20yr,driver_count_50_64yr,driver_count_65_74yr,driver_count_75plus,unbelted_occ_count,unb_death_count,unb_maj_inj_count,belted_death_count,belted_maj_inj_count,mcycle_death_count,mcycle_maj_inj_count,bicycle_death_count,bicycle_maj_inj_count,ped_count,ped_death_count,ped_maj_inj_count,max_severity_level,comm_veh_count,dec_lat,dec_long,rdwy_surf_type_cd,county_name
 ,38006,2014084466,6,67,67301,2014,7,5,1430,14,1,1,0,4,1, , ,N,0,0,7,3,0,1,2,2,N,N,40 01:53.000,75 05:13.200,1436, ,1431,3,1,3,N, ,0,N, , , , ,415359, , , ,2,0,0,0,0,1,1,0,0,0,0,0,1,1,1,0,0,0,0,0,0,0,0,0,0,0,0,0,0,0,0,0,0,0,0,8,1,40.0314,-75.087, , 
 ,38007,2014095946,6,67,67301,2014,9,2,1025,10,1,1,0,4,1, , ,N,1,2,0,3,0,0,2,2,N, ,39 56:23.917,75 12:49.859,1033, ,1030, ,0, , , ,3, , , , , ,415370, , , ,2,2,0,0,0,0,0,0,0,0,0,0,0,0,2,0,0,0,0,0,0,0,0,0,0,0,0,0,0,0,0,0,0,0,0,9,0,39.94,-75.2138, , 
 ,38008,2014096002,6,67,67301,2014,9,1,2021,20,3,1,0,7,3, , ,N,0,2,0,3,0,1,1,1,N,N,40 01:55.734,75 03:10.117,2022, ,2022, ,0, ,N, ,3, , , , , ,415371, , , ,1,0,1,0,0,0,0,0,0,0,1,0,1,0,0,0,0,0,0,0,0,0,0,0,0,0,0,0,0,0,0,0,0,0,0,3,0,40.0321,-75.0528, , 
 ,38009,2014104608,6,67,67301,2014,9,2,1430,14,1,1,0,1,1, , ,N,1,0,0,3,0,0,4,2,N, ,39 54:20.727,75 11:38.377,1445, ,1439, ,0, , , ,0, , , , , ,415377, , , ,2,1,0,0,0,0,0,1,0,0,0,0,0,0,0,0,0,0,0,0,1,0,0,0,0,0,0,0,0,0,0,0,0,0,0,0,0,39.9057,-75.1938, , 
 ,38010,2014122021,6,67,67301,2014,11,7,814,8,1,1,0,4,1, , ,N,1,3,0,3,0,1,4,2,N,N,39 59:32.200,75 07:11.866,853, ,850, ,0, ,N, ,3, , , , , ,415387, , , ,2,2,0,0,0,0,0,0,0,0,0,0,1,1,0,0,0,0,0,0,0,0,0,0,0,0,0,0,0,0,0,0,0,0,0,8,0,39.9923,-75.12, , 
 ,38011,2014029201,6,67,67301,2014,3,6,850,8,1,1,0,1,1, , ,N,0,0,0,3,0,1,3,3,N,N,39 57:36.310,75 10:46.393,857, ,850,2,2,4,N, ,0,Y, , , , ,415414, , , ,3,2,0,0,1,0,0,0,0,0,0,0,1,1,0,0,0,0,0,0,0,0,0,0,0,0,0,0,0,0,0,0,0,0,0,8,0,39.9601,-75.1796, , 
 ,38012,2014029880,6,67,67301,2014,2,7,310,3,3,1,0,5,1, , ,N,0,0,0,3,0,0,2,2,N,N,40 01:48.831,75 10:37.315,340, ,328, ,0, ,N, ,0, , , , , ,415415, , , ,2,1,0,0,1,0,0,0,0,0,0,0,0,0,0,0,0,0,0,0,0,0,0,0,0,0,0,0,0,0,0,0,0,0,0,0,0,40.0302,-75.177, , 
 ,38013,2014038932,6,67,67301,2014,3,1,629,6,1,1,0,4,1, , ,N,1,2,0,3,0,3,4,2,N, ,40 01:28.770,75 03:16.227,751, ,749, ,0, , , ,3, , , , , ,415424, , , ,2,0,0,0,1,0,1,0,0,0,0,3,3,0,1,0,0,0,0,0,1,0,0,0,0,0,0,0,0,0,0,0,0,0,0,4,0,40.0247,-75.0545, , 
 ,38014,2014042601,6,67,67301,2014,4,4,1400,14,1,1,0,4,1, , ,N,0,0,0,3,0,0,2,2,N,N,40 00:04.179,75 04:56.024,1430, ,1420,2,1,2,N, ,0,N, , , , ,415427, , , ,2,1,0,0,1,0,0,0,0,0,0,0,0,0,0,0,0,0,0,0,1,0,0,0,0,0,0,0,0,0,0,0,0,0,0,0,0,40.0012,-75.0822, , 
 ,38015,2014042641,6,67,67301,2014,4,4,1600,16,1,1,0,4,1, , ,N,2,3,0,3,0,1,2,2,N, ,40 01:01.406,75 09:30.795,1930, ,1927, ,0, , , ,3, , , , , ,415428, , , ,1,1,0,0,0,0,0,0,1,0,0,1,1,0,0,0,0,0,0,0,0,0,0,0,0,0,0,0,0,0,0,0,0,0,0,4,0,40.0171,-75.1586, , 
 ,38016,2014013152,6,67,67301,2014,1,2,315,3,2,2,1,7,4, , ,N,0,0,0,3,0,1,1,1,N,N,40 03:39.997,75 01:13.249,325, ,321, ,0, , , ,0, , , , , ,415454, , , ,1,1,0,0,0,0,0,0,0,0,0,0,1,1,0,0,0,0,0,0,1,0,0,0,0,0,0,0,0,0,0,0,0,0,0,8,0,40.0611,-75.0203, , 
 ,38017,2014044568,6,67,67301,2014,3,1,2019,20,3,2,1,4,1, , ,N,2,3,0,3,0,1,4,2,N, ,39 54:26.334,75 13:41.041,2024, ,2021,2,1,2, , ,3,N, , , , ,415479, , , ,2,1,0,0,0,0,1,0,0,0,0,1,1,0,0,0,0,0,0,0,1,0,0,0,0,0,0,0,0,0,0,0,0,0,0,4,0,39.9073,-75.2281, , 
 ,38018,2014025276,6,67,67301,2014,1,4,1130,11,1,1,0,8,1, , ,N,1,2,0,3,0,1,2,2,N,N,39 57:02.479,75 09:01.362,1147, ,1140,1,1,3,N, ,3,Y, , , , ,415557, , , ,1,0,0,0,0,0,0,1,0,0,0,1,1,0,0,0,0,0,0,0,0,0,0,1,0,0,0,0,0,0,0,0,1,0,0,4,0,39.9507,-75.1504, , 
 ,38019,2014031403,6,67,67301,2014,3,1,1248,12,1,1,0,7,2, , ,N,0,0,0,3,0,1,1,1,N,N,39 55:51.723,75 11:57.179,1257, ,1248,2,2,3,N, ,0,N, , , , ,415563, , , ,1,1,0,0,0,0,0,0,0,0,1,0,1,0,0,0,0,0,0,0,0,0,0,0,0,0,0,0,0,0,0,0,0,0,0,3,0,39.931,-75.1992, , 
 ,38020,2014032473,6,67,67301,2014,2,2,745,7,1,1,0,5,6, , ,N,0,0,0,3,0,1,1,2,N, ,39 57:52.029,75 09:04.573,900, ,850, ,0, , , ,0, , , , , ,415566, , , ,2,2,0,0,0,0,0,0,0,0,1,0,1,0,0,0,0,0,0,0,0,0,0,0,0,0,0,0,0,0,0,0,0,0,0,3,0,39.9645,-75.1513, , 
 ,38021,2014034177,6,67,67301,2014,2,6,820,8,1,1,0,4,1, , ,N,1,2,0,3,0,1,2,2,N,N,39 57:41.043,75 08:53.373,823, ,820, ,0, ,N, ,3, , , , , ,415567, , , ,2,0,0,0,0,0,1,1,0,0,0,1,1,0,0,0,0,0,0,0,0,0,0,0,0,0,0,0,0,0,0,0,0,0,0,4,0,39.9614,-75.1482, , 
 ,38022,2014025356,6,67,67301,2014,2,1,9999,99,1,1,0,4,1, , ,N,0,0,7,3,0,3,5,2,N,N,40 01:05.624,75 08:55.987,9999, ,9999, ,0, ,N, ,0, , , , , ,419413, , , ,2,2,0,0,0,0,0,0,0,0,0,2,3,1,1,0,0,0,0,0,1,0,0,0,0,0,0,0,0,0,0,0,0,0,0,4,0,40.0182,-75.1489, , 
 ,38023,2014028073,6,67,67301,2014,1,5,120,1,3,1,0,1,1, , ,N,1,2,0,3,0,1,3,3,N,N,39 57:19.191,75 13:55.012,130, ,130,1,1,4,N, ,3,N, , , , ,419415, , , ,3,1,0,0,2,0,0,0,0,0,0,1,1,0,0,0,0,0,0,0,0,0,0,0,0,0,0,0,0,0,0,0,0,0,0,4,0,39.9553,-75.2319, , 
 ,38024,2014034613,6,67,67301,2014,1,3,1445,14,1,4,3,1,1, , ,N,0,0,0,3,0,1,2,2,N,N,39 59:21.589,75 05:14.904,1015, ,1000, ,0, ,N, ,0, , , , , ,419419, , , ,2,1,0,0,0,0,1,0,0,0,1,0,1,0,0,0,0,0,0,0,1,0,0,0,0,0,0,0,0,0,0,0,0,0,0,3,0,39.9893,-75.0875, , 
 ,38025,2014042675,6,67,67301,2014,3,5,1400,14,1,1,0,4,1, , ,N,0,0,7,3,0,1,4,2,N,N,39 57:44.818,75 12:03.742,1405, ,1400, ,0, ,N, ,0, , , , , ,419425, , , ,2,1,0,0,1,0,0,0,0,0,0,1,1,0,0,0,0,0,0,0,0,1,0,0,0,0,0,0,0,0,0,0,0,0,0,4,0,39.9624,-75.201, , 
 ,38026,2014044619,6,67,67301,2014,3,3,1100,11,1,9,8,8,6, , ,N,0,0,0,3,0,1,2,2,N,N,39 59:12.890,75 07:50.210,1032, ,1030, ,0, ,N, ,0, , , , , ,419427, , , ,1,0,0,0,1,0,0,0,0,0,0,0,1,1,0,0,0,0,0,0,0,0,0,0,0,0,0,0,0,0,0,0,1,0,0,8,0,39.9869,-75.1306, , 
 ,38027,2014049574,6,67,67301,2014,4,7,1330,13,1,1,0,8,1, , ,N,0,0,0,3,0,1,2,2,N,N,40 02:42.375,75 10:53.101,1840, ,1832, ,0, , , ,0, , , , , ,419429, , , ,1,0,0,0,0,0,1,0,0,0,0,0,1,1,1,0,0,0,0,0,0,0,0,0,0,0,0,0,0,0,0,0,1,0,0,8,0,40.0451,-75.1814, , 
 ,38028,2014051838,6,67,67301,2014,5,7,1518,15,1,1,0,1,1, , ,N,0,0,0,3,0,3,6,4,N,N,40 00:59.305,75 03:03.863,1547, ,1521, ,0, ,N, ,0, , , , , ,419437, , , ,4,2,0,0,0,0,2,0,0,0,0,0,3,3,0,0,0,0,0,0,2,0,0,0,0,0,0,0,0,0,0,0,0,0,0,8,0,40.0165,-75.0511, , 
 ,38029,2014038885,6,67,67301,2014,3,3,2345,23,3,1,0,7,5, , ,N,0,0,0,3,0,1,1,1,N,N,39 59:25.857,75 06:04.676,2346, ,2345, ,0, ,N, ,0, , , , , ,419476, , , ,1,1,0,0,0,0,0,0,0,0,0,0,1,1,0,0,0,1,0,0,0,0,0,0,0,0,0,0,0,0,0,0,0,0,0,8,0,39.9905,-75.1013, , 
 ,38030,2014043078,6,67,67301,2014,3,6,1207,12,1,2,1,1,1, , ,N,1,2,0,3,0,1,2,2,N,N,40 00:46.713,75 07:09.797,1210, ,1207, ,0, ,N, ,3, , , , , ,419478, , , ,2,0,0,0,0,1,1,0,0,1,0,0,1,0,0,0,0,0,0,0,1,1,0,0,0,0,0,0,0,0,0,0,0,0,0,2,0,40.013,-75.1194, , 
 ,38031,2014046697,6,67,67301,2014,5,6,1635,16,1,1,0,1,1, , ,N,0,0,0,3,0,0,10,5,N,N,39 57:58.820,75 11:13.050,1635, ,1635,2,1,4,N, ,0,N, , , , ,419482, , , ,5,3,0,0,0,0,2,0,0,0,0,0,0,0,0,0,0,0,0,0,0,0,0,0,0,0,0,0,0,0,0,0,0,0,0,0,0,39.9663,-75.187, , 
 ,38032,2014016958,6,67,67301,2014,1,6,1915,19,3,2,1,4,1, , ,N,1,2,0,3,0,2,2,2,N,N,40 00:41.506,75 04:11.278,1924, ,1924, ,0, ,N, ,3, , , , , ,419496, , , ,2,2,0,0,0,0,0,0,0,0,1,0,2,1,0,0,0,0,0,0,0,0,0,0,0,0,0,0,0,0,0,0,0,0,0,3,0,40.0115,-75.0698, , 
 ,38033,2014025485,6,67,67301,2014,1,2,1245,12,1,1,0,7,4, , ,N,0,0,0,3,0,1,1,1,N,N,40 04:20.316,75 12:40.866,1325, ,1315, ,0, ,N, ,0, , , , , ,419506, , , ,1,1,0,0,0,0,0,0,0,0,0,1,1,0,0,0,0,0,0,0,0,0,1,0,0,0,0,0,0,0,0,0,0,0,0,4,0,40.0723,-75.2114, , 
 ,38034,2014027691,6,67,67301,2014,2,7,2350,23,3,1,1,6,1, , ,N,1,2,0,3,0,2,3,2,N,N,40 03:44.013,75 09:06.397,8, ,2,2,1,2, , ,3,Y, , , , ,419508, , , ,2,1,0,0,1,0,0,0,0,0,0,2,2,0,0,0,0,0,0,0,1,0,0,0,0,0,0,0,0,0,0,0,0,0,0,4,0,40.0622,-75.1518, , 
 ,38035,2014030379,6,67,67301,2014,3,7,1501,15,1,1,0,1,1, , ,N,0,0,0,3,0,2,3,2,N,N,39 56:30.642,75 11:38.875,1509, ,1501,2,1,4,N, ,0,N, , , , ,419510, , , ,2,2,0,0,0,0,0,0,0,0,0,2,2,0,0,0,0,0,0,0,0,0,0,0,0,0,0,0,0,0,0,0,0,0,0,4,0,39.9409,-75.195, , 
 ,38036,2014042752,6,67,67301,2014,3,5,2014,20,6,1,0,8,1, , ,N,0,0,0,3,0,1,2,2,N,N,40 03:13.143,75 10:45.818,2056, ,2014, ,0, ,N, ,0, , , , , ,419525, , , ,1,0,0,0,0,0,0,0,0,0,0,1,1,0,0,0,0,0,0,0,0,0,0,0,0,0,0,0,0,0,0,0,1,0,0,4,0,40.0537,-75.1794, , 
 ,38037,2014043057,6,67,67301,2014,3,4,2010,20,3,1,0,8,1, , ,N,1,0,0,3,0,1,2,2,N,N,40 01:55.812,75 07:23.084,2150, ,2145, ,0, ,N, ,0, , , , , ,419526, , , ,1,0,0,0,0,0,1,0,0,0,0,1,1,0,0,0,0,0,0,0,0,0,0,0,0,0,0,0,0,0,0,0,1,0,0,4,0,40.0322,-75.1231, , 
 ,38038,2014019099,6,67,67301,2014,1,4,1320,13,1,1,0,4,1, , ,N,1,2,0,3,0,3,4,2,N,N,40 06:06.588,75 01:38.906,1332, ,1321,9,1,3,N, ,3,N, , , , ,419547, , , ,2,1,0,0,0,0,1,0,0,0,0,0,3,3,0,0,0,0,0,0,0,0,1,0,0,0,0,0,0,0,0,0,0,0,0,8,0,40.1018,-75.0275, , 
 ,38039,2014025280,6,67,67301,2014,1,7,300,3,3,1,6,1,1, , ,N,3,2,0,3,0,2,5,2,N,N,40 02:39.405,75 05:20.426,303, ,300, ,0, ,N, ,3, , , , , ,419556, , , ,2,2,0,0,0,0,0,0,0,0,0,2,2,0,0,0,0,0,0,0,0,0,0,0,0,0,0,0,0,0,0,0,0,0,0,4,0,40.0443,-75.089, , 
 ,38040,2014067988,6,67,67301,2014,6,7,1550,15,1,1,0,4,1, , ,N,3,3,0,3,0,2,4,2,N, ,39 58:38.391,75 13:38.956,1555, ,1550, ,0, , , ,3, , , , , ,423690, , , ,2,2,0,0,0,0,0,0,0,0,0,2,2,0,0,0,0,0,0,0,1,0,0,0,0,0,0,0,0,0,0,0,0,0,0,4,0,39.9773,-75.2275, , 
 ,38041,2014068675,6,67,67301,2014,6,2,1625,16,1,1,0,4,1, , ,N,1,2,0,3,0,0,4,2,N, ,39 56:15.342,75 09:52.613,1640, ,1634,2,2,3, , ,3,Y, , , , ,423691, , , ,2,1,0,0,0,0,1,0,0,0,0,0,0,0,0,0,1,0,0,0,0,0,0,0,0,0,0,0,0,0,0,0,0,0,0,0,0,39.9376,-75.1646, , 
 ,38042,2014088923,6,67,67301,2014,8,3,9999,99,1,1,0,4,1, , ,N,1,3,8,3,0,0,3,2,N,N,40 00:53.565,75 12:23.985,940, ,936,3,1,2,N, ,3,N, , , , ,423708, , , ,2,2,0,0,0,0,0,0,0,0,0,0,0,0,0,0,0,0,0,0,0,0,0,0,0,0,0,0,0,0,0,0,0,0,0,0,0,40.0149,-75.2067, , 
 ,38043,2014098705,6,67,67301,2014,9,6,755,7,1,1,0,5,1, , ,N,0,2,0,3,0,1,2,2,N,N,39 55:23.265,75 10:11.578,805, ,800, ,0, ,N, ,3, , , , , ,423719, , , ,1,1,0,0,0,0,0,0,1,0,0,1,1,0,0,0,0,0,0,0,0,0,0,0,0,0,0,0,0,0,0,0,0,0,0,4,0,39.9231,-75.1699, , 
 ,38044,2014104504,6,67,67301,2014,10,7,40,0,3,2,1,7,4, , ,N,0,0,0,3,0,1,1,1,N,N,40 02:16.367,75 06:43.084,110, ,106, ,0, ,N, ,0, , , , , ,423721, , , ,1,0,0,0,0,0,1,0,0,0,0,1,1,0,0,0,0,0,0,0,0,0,0,0,0,0,0,0,0,0,0,0,0,0,0,4,0,40.0379,-75.112, , 
 ,38045,2014020683,6,67,67301,2014,2,5,1415,14,1,4,4,7,2, , ,N,0,0,0,3,0,0,2,1,N,N,39 59:18.212,75 05:18.417,1427, ,1415, ,0, ,N, ,0, , , , , ,423748, , , ,1,1,0,0,0,0,0,0,0,0,0,0,0,0,0,0,0,0,0,0,0,0,0,0,0,0,0,0,0,0,0,0,0,0,0,0,0,39.9884,-75.0884, , 
 ,38046,2014025514,6,67,67301,2014,1,1,2050,20,3,1,0,4,1, , ,N,1,3,0,3,0,1,6,2,N, ,39 57:34.894,75 13:43.795,2052, ,2050, ,0, , , ,3, , , , , ,423751, , , ,2,1,0,0,1,0,0,0,0,0,0,0,1,1,0,0,0,0,0,0,1,0,0,0,0,0,0,0,0,0,0,0,0,0,0,8,0,39.9597,-75.2288, , 
 ,38047,2014029826,6,67,67301,2014,2,6,1247,12,1,1,0,8,1, , ,N,0,0,0,3,0,1,2,2,N, ,39 57:20.538,75 12:08.124,1248, ,1247, ,0, , , ,0, , , , , ,423752, , , ,1,1,0,0,0,0,0,0,0,0,1,0,1,0,0,0,0,0,0,0,0,0,0,0,0,0,0,0,0,0,0,0,1,0,0,3,0,39.9557,-75.2023, , 
 ,38048,2014034271,6,67,67301,2014,2,2,1416,14,1,1,0,1,1, , ,N,1,2,0,3,0,1,2,2,N, ,39 53:40.603,75 14:12.181,1432, ,1430, ,0, ,N, ,3, , , , , ,423755, , , ,2,1,0,0,0,0,1,0,0,0,0,1,1,0,0,0,0,0,0,0,0,0,0,0,0,0,0,0,0,0,0,0,0,0,0,4,0,39.8946,-75.2367, , 
 ,38049,2014016139,6,67,67301,2014,1,6,738,7,1,2,5,1,1, , ,N,2,2,0,3,0,1,3,3,N,N,39 54:23.986,75 11:00.103,742, ,738, ,0, ,N, ,3, , , , , ,423797, , , ,3,2,0,1,0,0,0,0,0,0,0,1,1,0,0,0,0,0,0,0,2,0,0,0,0,0,0,0,0,0,0,0,0,0,0,4,1,39.9067,-75.1834, , 
 ,38050,2014038929,6,67,67301,2014,3,1,1041,10,1,1,0,4,1, , ,N,2,2,0,3,0,1,2,2,N,N,39 58:25.156,75 12:32.179,1044, ,1042, ,0, ,N, ,3, , , , , ,423814, , , ,2,1,0,0,0,0,1,0,0,0,0,1,1,0,0,0,0,0,0,0,0,1,0,0,0,0,0,0,0,0,0,0,0,0,0,4,0,39.9736,-75.2089, , 
 ,38051,2014043668,6,67,67301,2014,4,6,1545,15,1,1,0,4,1, , ,N,1,3,0,3,0,1,2,2,N,N,40 00:10.828,75 09:04.647,1550, ,1549, ,0, ,N, ,9, , , , , ,423819, , , ,2,1,1,0,0,0,0,0,0,0,0,1,1,0,0,0,0,0,0,1,0,0,0,0,0,0,0,0,0,0,0,0,0,0,0,4,0,40.003,-75.1513, , 
 ,38052,2014042709,6,67,67301,2014,3,6,820,8,1,2,1,4,1, , ,N,1,0,0,3,0,0,2,2,N, ,39 57:19.274,75 12:22.561,822, ,820, ,0, , , ,0, , , , , ,423862, , , ,2,2,0,0,0,0,0,0,0,0,0,0,0,0,0,0,0,0,0,0,0,0,0,0,0,0,0,0,0,0,0,0,0,0,0,0,0,39.9554,-75.2063, , 
 ,38053,2014043044,6,67,67301,2014,3,6,2215,22,3,1,0,8,1, , ,N,1,2,0,3,0,1,2,2,N, ,39 57:28.635,75 14:00.646,2216, ,2216,1,1,4, , ,3,Y, , , , ,423863, , , ,1,1,0,0,0,0,0,0,0,0,1,0,1,0,1,0,0,0,0,0,0,0,0,0,0,0,0,0,0,0,0,0,1,0,0,3,0,39.958,-75.2335, , 
 ,38054,2014028074,6,67,67301,2014,2,4,1016,10,1,2,1,4,1, , ,N,1,2,0,3,0,3,4,2,N,N,40 05:07.675,75 02:14.870,1019, ,1017,1,1,4,N, ,3,N, , , , ,423893, , , ,2,2,0,0,0,0,0,0,0,0,0,0,3,3,0,0,0,0,0,0,2,0,0,0,0,0,0,0,0,0,0,0,0,0,0,8,0,40.0854,-75.0374, , 
 ,38055,2014039064,6,67,67301,2014,3,3,430,4,3,1,0,5,6, , ,N,0,0,0,3,0,0,1,2,N,N,40 02:08.117,75 08:18.232,436, ,433,2,2,6,N, ,0,N, , , , ,423900, , , ,2,1,0,0,0,0,1,0,0,0,0,0,0,0,0,0,0,0,0,0,0,0,0,0,0,0,0,0,0,0,0,0,0,0,0,0,0,40.0356,-75.1384, , 
 ,38056,2014002407,6,67,67301,2014,1,5,2258,22,3,4,3,4,1, , ,N,0,0,0,3,0,0,2,2,N,N,39 56:08.372,75 11:59.315,2258, ,2258,1,2,3,N, ,0,N, , , , ,423926, , , ,2,1,0,0,1,0,0,0,0,0,0,0,0,0,0,0,0,0,0,0,1,0,0,0,0,0,0,0,0,0,0,0,0,0,0,0,0,39.9341,-75.2, , 
 ,38057,2014029544,6,67,67301,2014,2,4,1835,18,3,1,1,1,1, , ,N,0,0,0,3,0,1,2,2,N,N,40 00:39.468,75 03:42.080,1842, ,1842, ,0, ,N, ,0, , , , , ,423949, , , ,2,1,0,0,0,0,1,0,0,0,0,0,1,1,0,0,0,0,0,0,2,0,0,0,0,0,0,0,0,0,0,0,0,0,0,8,0,40.011,-75.0617, , 
 ,38058,2014058992,6,67,67301,2014,5,1,2235,22,3,1,0,8,1, , ,N,0,0,0,3,0,1,2,2,N,N,39 59:55.072,75 06:33.273,2348, ,2346, ,0, ,N, ,0, , , , , ,428265, , , ,1,1,0,0,0,0,0,0,0,0,0,1,1,0,0,0,0,0,0,0,0,0,0,0,0,0,0,0,0,0,0,0,1,0,0,4,0,39.9986,-75.1092, , 
 ,38059,2014040471,6,67,67301,2014,4,1,250,2,3,1,0,7,2, , ,N,0,0,0,3,0,0,1,1,N,N,39 53:57.997,75 09:54.710,303, ,255,1,1,2,N, ,0,N, , , , ,428289, , , ,1,1,0,0,0,0,0,0,0,0,0,0,0,0,1,0,0,0,0,0,0,0,0,0,0,0,0,0,0,0,0,0,0,0,0,9,0,39.8994,-75.1652, , 
 ,38060,2014041077,6,67,67301,2014,4,5,1409,14,1,1,0,4,1, , ,N,1,2,0,3,0,1,12,2,Y,N,39 58:10.092,75 08:22.485,1600, ,1537, ,0, ,N, ,3, , , , , ,428290, , , ,2,1,0,1,0,0,0,0,0,0,0,0,1,1,0,0,0,0,0,0,0,0,0,0,0,0,0,0,0,0,0,0,0,0,0,8,1,39.9695,-75.1395, , 
 ,38061,2014049465,6,46,46102,2014,4,6,731,7,1,1,0,1,1, , ,N,0,2,0,3,0,0,2,2,N,N,40 04:19.512,75 09:17.396,758, ,739,1,1,2,N, ,3,N, , , , ,428297, , , ,2,2,0,0,0,0,0,0,0,0,0,0,0,0,0,0,0,0,0,0,0,0,0,0,0,0,0,0,0,0,0,0,0,0,0,0,0,40.0721,-75.1548, , 
 ,38062,2014032464,6,67,67301,2014,1,4,1300,13,1,1,0,4,1, , ,N,2,3,0,3,0,1,2,2,N, ,39 55:21.021,75 10:41.966,1326, ,1313,1,2,7, , ,3,Y, , , , ,428334, , , ,2,2,0,0,0,0,0,0,0,0,0,1,1,0,0,0,0,0,0,0,0,0,0,0,0,0,0,0,0,0,0,0,0,0,0,4,0,39.9225,-75.1783, , 
 ,38063,2014042653,6,67,67301,2014,3,1,2030,20,3,2,1,8,1, , ,N,5,2,0,3,0,1,2,2,N,N,40 01:47.791,75 09:11.771,1505, ,1505, ,0, ,N, ,3, , , , , ,428379, , , ,1,1,0,0,0,0,0,0,0,1,0,0,1,0,0,0,0,0,0,0,1,0,0,0,0,0,0,0,0,0,0,0,1,0,1,2,0,40.0299,-75.1533, , 
 ,38064,2014047620,6,67,67301,2014,5,1,1328,13,1,1,0,4,1, , ,N,0,0,0,3,0,0,2,2,N,N,39 54:02.312,75 09:16.186,1355, ,1330,3,2,1,N, ,0,N, , , , ,428384, , , ,2,1,0,0,0,0,1,0,0,0,0,0,0,0,0,0,0,0,0,0,0,0,0,0,0,0,0,0,0,0,0,0,0,0,0,0,0,39.9006,-75.1545, , 
 ,38065,2014049716,6,67,67301,2014,4,6,1018,10,1,1,0,6,1, , ,N,5,2,0,3,0,0,4,2,N,N,39 57:51.984,75 08:03.331,1027, ,1027, ,0, ,N, ,3, , , , , ,428387, , , ,2,1,0,0,0,1,0,0,0,0,0,0,0,0,0,0,0,0,0,0,2,0,0,0,0,0,0,0,0,0,0,0,0,0,0,0,1,39.9644,-75.1343, , 
 ,38066,2014059250,6,67,67301,2014,4,5,1623,16,1,1,0,8,1, , ,N,2,0,0,3,0,1,2,2,N,N,40 03:15.146,75 00:15.013,1628, ,1623, ,0, ,N, ,0, , , , , ,428396, , , ,1,1,0,0,0,0,0,0,0,0,0,1,1,0,0,0,0,0,0,0,0,1,0,0,0,0,0,0,0,0,0,0,1,0,0,4,0,40.0542,-75.0042, , 
 ,38067,2014020035,6,67,67301,2014,2,6,755,7,1,1,1,5,1, , ,N,0,0,0,3,0,1,2,2,N,N,40 00:06.586,75 11:40.353,804, ,756, ,0, ,N, ,0, , , , , ,428418, , , ,2,1,0,0,0,0,0,0,0,0,0,1,1,0,1,0,0,0,0,0,0,0,0,0,0,0,0,0,0,0,0,0,0,0,0,4,0,40.0018,-75.1945, , 
 ,38068,2014042685,6,67,67301,2014,3,1,923,9,1,2,1,4,1, , ,N,1,2,0,3,0,1,2,2,N,N,40 05:04.051,75 02:18.090,932, ,927, ,0, ,N, ,3, , , , , ,428492, , , ,2,2,0,0,0,0,0,0,0,0,0,1,1,0,0,0,0,0,0,0,1,0,0,0,0,0,0,0,0,0,0,0,0,0,0,4,0,40.0845,-75.0384, , 
 ,38069,2014049708,6,67,67301,2014,4,2,2325,23,3,1,0,3,6, , ,N,0,0,7,3,0,1,1,6,N,N,40 05:02.371,75 02:28.564,2337, ,2336, ,0, , , ,0, , , , , ,428499, , , ,6,5,0,0,0,0,1,0,0,0,0,1,1,0,0,0,0,0,0,0,1,0,0,1,0,0,0,0,0,0,0,0,0,0,0,4,0,40.084,-75.0413, , 
 ,38070,2014088147,6,67,67301,2014,7,4,9999,99,1,1,0,4,1, , ,N,2,0,0,3,0,1,2,2,N,N,40 01:47.283,75 07:40.180,1619, ,1617,1,1,4, , ,0,Y, , , , ,428544, , , ,2,1,1,0,0,0,0,0,0,0,0,1,1,0,0,0,0,0,0,0,0,0,0,0,0,0,0,0,0,0,0,0,0,0,0,4,0,40.0298,-75.1278, , 
 ,38071,2014088706,6,67,67301,2014,8,4,2000,20,3,1,0,6,6, , ,N,0,0,0,3,0,1,1,4,N,N,39 57:15.220,75 13:23.180,2035, ,2034,1,1,3,N, ,0,N, , , , ,428545, , , ,4,3,0,0,0,0,0,1,0,0,0,1,1,0,0,0,0,0,0,0,0,0,0,0,0,0,0,0,0,0,0,0,0,0,0,4,0,39.9542,-75.2231, , 