wz_ln_closure,objectid_1,crn,district,county,municipality,crash_year,crash_month,day_of_week,time_of_day,hour_of_day,illumination,weather,road_condition,collision_type,relation_to_road,work_zone_type,work_zone_loc,work_zone_ind,intersect_type,tcd_type,location_type,urban_rural,fatal_count,injury_count,person_count,total_units,sch_bus_ind,sch_zone_ind,latitude,longitude,arrival_tm,cons_zone_spd_lim,dispatch_tm,est_hrs_closed,lane_closed,ln_close_dir,ntfy_hiwy_maint,spec_juris_cd,tcd_func_cd,tfc_detour_ind,workers_pres,wz_close_detour,wz_flagger,wz_law_offcr_ind,objectid,wz_moving,wz_other,wz_shlder_mdn,vehicle_count,automobile_count,motorcycle_count,bus_count,small_truck_count,heavy_truck_count,suv_count,van_count,bicycle_count,maj_inj_count,mod_inj_count,min_inj_count,tot_inj_count,unk_inj_deg_count,unk_inj_per_count,driver_count_16yr,driver_count_17yr,driver_count_18yr,driver_count_19yr,driver_count_20yr,driver_count_50_64yr,driver_count_65_74yr,driver_count_75plus,unbelted_occ_count,unb_death_count,unb_maj_inj_count,belted_death_count,belted_maj_inj_count,mcycle_death_count,mcycle_maj_inj_count,bicycle_death_count,bicycle_maj_inj_count,ped_count,ped_death_count,ped_maj_inj_count,max_severity_level,comm_veh_count,dec_lat,dec_long,rdwy_surf_type_cd,county_name
 ,38072,2014088822,6,67,67301,2014,7,4,915,9,1,1,0,8,1, , ,N,0,0,0,3,0,1,2,2,N,N,39 59:41.359,75 09:12.193,945, ,936, ,0, , , ,0, , , , , ,428546, , , ,1,0,0,0,0,0,0,1,0,0,0,1,1,0,1,0,0,0,0,0,0,0,0,0,0,0,0,0,0,0,0,0,1,0,0,4,0,39.9948,-75.1534, , 
 ,38073,2014091301,6,67,67301,2014,9,7,230,2,3,1,0,6,1, , ,N,2,0,0,3,0,0,2,2,N,N,40 02:05.345,75 02:20.528,234, ,234,3,2,7,N, ,0,Y, , , , ,428547, , , ,2,2,0,0,0,0,0,0,0,0,0,0,0,0,2,0,0,0,0,0,0,0,0,0,0,0,0,0,0,0,0,0,0,0,0,9,0,40.0348,-75.039, , 
 ,38074,2014061928,6,67,67301,2014,5,6,223,2,3,1,0,7,2, , ,N,0,0,0,3,0,0,1,1,N,N,39 57:30.697,75 10:01.215,2208, ,224,1,2,4,N, ,0,N, , , , ,428554, , , ,1,0,0,0,0,0,1,0,0,0,0,0,0,0,0,0,0,0,0,0,0,0,0,0,0,0,0,0,0,0,0,0,0,0,0,0,0,39.9585,-75.167, , 
 ,38075,2014012142,6,67,67301,2014,1,2,2348,23,3,1,0,7,2, , ,N,7,0,8,3,0,1,1,1,N,N,39 54:20.266,75 08:59.404,2352, ,2349, ,0, ,N, ,0, , , , , ,428560, , , ,1,1,0,0,0,0,0,0,0,0,0,1,1,0,0,0,0,0,0,0,0,0,0,0,0,0,0,0,0,0,0,0,0,0,0,4,0,39.9056,-75.1498, , 
 ,38076,2014042643,6,67,67301,2014,4,4,2052,20,3,1,0,4,1, , ,N,1,2,0,3,0,2,2,2,N,N,40 03:26.473,75 04:36.598,2057, ,2055, ,0, ,N, ,3, , , , , ,415576, , , ,2,2,0,0,0,0,0,0,0,0,0,0,2,2,0,0,0,0,0,0,0,1,0,0,0,0,0,0,0,0,0,0,0,0,0,8,0,40.0574,-75.0768, , 
 ,38077,2014044255,6,67,67301,2014,3,7,1300,13,1,1,0,1,1, , ,N,0,0,0,3,0,0,5,3,N,N,39 59:55.446,75 04:50.779,1315, ,1300, ,0, ,N, ,0, , , , , ,415577, , , ,3,2,0,0,0,0,1,0,0,0,0,0,0,0,0,0,0,0,0,0,0,0,0,0,0,0,0,0,0,0,0,0,0,0,0,0,0,39.9987,-75.0808, , 
 ,38078,2014025319,6,67,67301,2014,2,1,1305,13,1,1,0,4,1, , ,N,1,2,0,3,0,1,2,2,N, ,39 59:19.554,75 07:12.678,1310, ,1309, ,0, , , ,3, , , , , ,415601, , , ,2,1,0,0,0,0,1,0,0,0,0,0,1,1,1,0,0,0,0,0,0,0,0,0,0,0,0,0,0,0,0,0,0,0,0,8,0,39.9888,-75.1202, , 
 ,38079,2014034171,6,67,67301,2014,3,3,742,7,1,1,0,1,1, , ,N,1,2,0,3,0,1,3,3,N,N,40 02:06.421,75 04:15.407,747, ,747,1,1,2,N, ,3,N, , , , ,415610, , , ,3,2,0,0,0,0,0,1,0,0,0,1,1,0,0,0,0,0,0,0,1,0,0,0,0,0,0,0,0,0,0,0,0,0,0,4,0,40.0351,-75.0709, , 
 ,38080,2014043060,6,67,67301,2014,3,5,2118,21,3,1,0,1,1, , ,N,0,0,0,3,0,0,2,2,N,N,39 57:12.263,75 08:23.224,2124, ,2120, ,0, , , ,0, , , , , ,415622, , , ,2,2,0,0,0,0,0,0,0,0,0,0,0,0,0,0,0,0,0,0,0,0,0,0,0,0,0,0,0,0,0,0,0,0,0,0,0,39.9534,-75.1398, , 
 ,38081,2014044159,6,67,67301,2014,3,7,1949,19,3,2,1,8,1, , ,N,1,3,0,3,0,1,2,2,N,N,39 56:30.976,75 12:49.989,2001, ,2001, ,0, ,N, ,3, , , , , ,415623, , , ,1,0,0,0,0,0,0,1,0,0,0,1,1,0,0,0,0,0,0,0,0,0,0,1,0,0,0,0,0,0,0,0,1,0,0,4,0,39.9419,-75.2139, , 
 ,38082,2014012148,6,67,67301,2014,1,2,810,8,1,1,1,1,1, , ,N,6,0,2,3,0,0,2,2,N,N,39 56:18.041,75 11:51.584,820, ,817, ,0, ,N, ,0, , , , , ,415640, , , ,2,1,0,0,0,0,1,0,0,0,0,0,0,0,0,0,0,0,0,0,0,0,0,0,0,0,0,0,0,0,0,0,0,0,0,0,0,39.934,-75.1999, , 
 ,38083,2014028076,6,67,67301,2014,1,3,1035,10,1,4,3,7,4, , ,N,2,2,0,3,0,0,2,2,N, ,40 06:08.902,74 58:55.293,1125, ,1119, ,0, , , ,3, , , , , ,415657, , , ,2,1,0,0,0,0,0,1,0,0,0,0,0,0,0,0,0,0,0,0,1,0,0,0,0,0,0,0,0,0,0,0,0,0,0,0,0,40.1025,-74.982, , 
 ,38084,2014044269,6,67,67301,2014,4,5,922,9,1,1,0,1,1, , ,N,0,0,0,3,0,0,2,2,N,N,39 58:01.023,75 08:01.344,934, ,926,1,1,1,N, ,0,N, , , , ,415675, , , ,2,1,0,0,0,0,0,1,0,0,0,0,0,0,0,0,0,0,0,0,0,0,0,0,0,0,0,0,0,0,0,0,0,0,0,0,0,39.967,-75.1337, , 
 ,38085,2014021554,6,67,67301,2014,1,1,2000,20,6,9,0,0,1, , ,N,0,0,0,3,0,1,1,1,N,N,39 58:37.386,75 08:36.584,1220, ,1213, ,0, ,N, ,0, , , , , ,415700, , , ,1,0,1,0,0,0,0,0,0,0,1,0,1,0,0,0,0,0,0,0,0,0,0,0,0,0,0,0,0,0,0,0,0,0,0,3,0,39.9771,-75.1435, , 
 ,38086,2014027689,6,67,67301,2014,2,1,2110,21,3,1,0,4,1, , ,N,1,2,0,3,0,1,2,2,N,N,39 59:07.310,75 09:40.971,2115, ,2115,3,2,2,N, ,3,Y, , , , ,415704, , , ,2,2,0,0,0,0,0,0,0,0,0,0,1,1,0,0,0,0,0,0,1,0,0,0,0,0,0,0,0,0,0,0,0,0,0,8,0,39.9854,-75.1614, , 
 ,38087,2014030325,6,67,67301,2014,3,3,2035,20,2,1,0,7,3, , ,N,0,0,0,3,0,1,1,1,N,N,39 54:28.151,75 08:58.577,2049, ,2042,2,1,2,Y, ,0,N, , , , ,415707, , , ,1,1,0,0,0,0,0,0,0,0,0,1,1,0,0,0,0,0,1,0,0,0,0,1,0,0,0,0,0,0,0,0,0,0,0,4,0,39.9078,-75.1496, , 
 ,38088,2014032419,6,67,67301,2014,2,3,34,0,3,1,0,7,5, , ,N,0,0,0,3,0,0,1,1,N,N,40 01:50.892,75 12:26.002,39, ,35, ,0, ,N, ,0, , , , , ,415709, , , ,1,1,0,0,0,0,0,0,0,0,0,0,0,0,0,0,0,0,0,0,0,0,0,0,0,0,0,0,0,0,0,0,0,0,0,0,0,40.0308,-75.2072, , 
 ,38089,2014043095,6,67,67301,2014,3,6,1408,14,1,2,0,4,1, , ,N,2,3,0,3,0,1,11,2,N,N,39 55:17.742,75 14:24.338,1409, ,1409, ,0, ,N, ,3, , , , , ,415719, , , ,2,0,0,0,0,0,0,1,0,0,0,1,1,0,0,0,0,0,0,0,0,0,0,0,0,0,0,0,0,0,0,0,0,0,0,4,0,39.9216,-75.2401, , 
 ,38090,2014070978,6,67,67301,2014,7,5,1229,12,1,1,0,1,1, , ,N,0,0,0,3,0,0,2,2,N,N,40 00:27.621,75 12:05.669,1239, ,1235, ,0, ,N, ,0, , , , , ,415742, , , ,2,2,0,0,0,0,0,0,0,0,0,0,0,0,0,0,0,0,0,0,1,0,0,0,0,0,0,0,0,0,0,0,0,0,0,0,0,40.0077,-75.2016, , 
 ,38091,2014076770,6,67,67301,2014,8,1,202,2,3,2,1,1,1, , ,N,0,0,0,3,0,0,2,2,N,N,39 57:28.242,75 08:28.641,217, ,203,2,1,2,N, ,0,N, , , , ,415748, , , ,2,1,0,0,0,0,1,0,0,0,0,0,0,0,0,0,0,0,0,0,0,0,0,0,0,0,0,0,0,0,0,0,0,0,0,0,0,39.9578,-75.1413, , 
 ,38092,2014078991,6,67,67301,2014,7,6,1948,19,1,1,0,5,1, , ,N,0,0,0,3,0,0,5,2,N,N,40 00:26.730,75 12:00.492,2007, ,1954, ,0, ,N, ,0, , , , , ,415750, , , ,2,1,0,0,0,0,1,0,0,0,0,0,0,0,0,0,0,0,0,0,0,0,0,0,0,0,0,0,0,0,0,0,0,0,0,0,0,40.0074,-75.2001, , 
 ,38093,2014078995,6,67,67301,2014,8,3,1624,16,1,2,1,1,1, , ,N,0,0,0,3,0,1,3,3,N,N,39 57:27.634,75 09:37.367,1640, ,1626,1,1,4,N, ,0,N, , , , ,415751, , , ,3,0,0,0,0,0,1,2,0,0,0,1,1,0,0,0,0,0,0,0,0,0,0,0,0,0,0,0,0,0,0,0,0,0,0,4,0,39.9577,-75.1604, , 
 ,38094,2014084206,6,67,67301,2014,6,2,2105,21,3,1,0,1,1, , ,N,1,2,0,3,0,5,6,3,N,N,40 00:09.705,75 10:27.076,2127, ,2120, ,0, ,N, ,3, , , , , ,415755, , , ,3,3,0,0,0,0,0,0,0,0,0,0,5,5,1,0,0,0,0,1,0,0,0,0,0,0,0,0,0,0,0,0,0,0,0,8,0,40.0027,-75.1742, , 
 ,38095,2014025386,6,67,67301,2014,1,4,1236,12,1,4,3,8,1, , ,N,1,0,0,3,0,1,2,2,N,N,40 02:03.375,75 05:23.373,1239, ,1238, ,0, ,N, ,0, , , , , ,419607, , , ,1,0,0,0,0,0,1,0,0,0,0,1,1,0,0,0,0,0,0,0,0,0,0,0,0,0,0,0,0,0,0,0,1,0,0,4,0,40.0343,-75.0898, , 
 ,38096,2014039041,6,67,67301,2014,3,2,1220,12,1,1,0,4,1, , ,N,1,2,0,3,0,1,4,2,N,N,40 06:18.581,75 01:58.245,1228, ,1228,1,1,2,N, ,3,N, , , , ,419622, , , ,2,2,0,0,0,0,0,0,0,0,0,1,1,0,0,0,0,0,0,0,1,0,0,0,0,0,0,0,0,0,0,0,0,0,0,4,0,40.1052,-75.0328, , 
 ,38097,2014040387,6,67,67301,2014,4,3,1430,14,1,2,1,4,1, , ,N,1,2,0,3,0,0,2,2,N,N,40 00:14.047,75 08:57.044,1430, ,1429, ,0, ,N, ,3, , , , , ,419623, , , ,2,1,0,0,1,0,0,0,0,0,0,0,0,0,0,0,0,0,0,0,1,0,0,0,0,0,0,0,0,0,0,0,0,0,0,0,0,40.0039,-75.1492, , 
 ,38098,2014025339,6,67,67301,2014,1,5,1508,15,1,1,0,1,1, , ,N,2,2,0,3,0,1,2,2,N,N,40 02:02.689,75 12:30.292,1508, ,1508,9,1,2,N, ,3,N, , , , ,419649, , , ,2,2,0,0,0,0,0,0,0,0,0,1,1,0,0,0,0,0,0,0,0,0,0,0,0,0,0,0,0,0,0,0,0,0,0,4,0,40.0342,-75.2083, , 
 ,38099,2014025361,6,67,67301,2014,1,6,1245,12,1,4,5,1,1, , ,N,0,0,0,3,0,1,4,4,N, ,39 59:09.533,75 06:40.274,1258, ,1253,9,1,1, , ,0,N, , , , ,419650, , , ,4,3,0,0,1,0,0,0,0,0,0,0,1,1,0,0,0,0,0,0,0,1,0,0,0,0,0,0,0,0,0,0,0,0,0,8,0,39.986,-75.1112, , 
 ,38100,2014034227,6,67,67301,2014,3,2,1050,10,1,4,3,5,6, , ,N,0,0,0,3,0,0,1,3,N,N,40 01:00.714,75 09:30.255,1105, ,1100, ,0, ,N, ,0, , , , , ,419658, , , ,3,1,0,0,1,0,1,0,0,0,0,0,0,0,0,0,0,0,0,0,1,0,0,0,0,0,0,0,0,0,0,0,0,0,0,0,0,40.0169,-75.1584, , 
 ,38101,2014035833,6,67,67301,2014,3,2,139,1,3,2,1,7,2, , ,N,0,0,2,3,0,1,1,1,N,N,39 57:26.458,75 08:32.812,203, ,143, ,0, ,N, ,0, , , , , ,419661, , , ,1,1,0,0,0,0,0,0,0,0,0,0,1,1,0,0,0,0,0,1,0,0,0,1,0,0,0,0,0,0,0,0,0,0,0,8,0,39.9587,-75.1417, , 
 ,38102,2014016473,6,67,67301,2014,1,2,1844,18,3,1,0,7,2, , ,N,10,0,0,3,0,0,1,1,N,N,39 53:35.717,75 13:42.269,1849, ,1846, ,0, ,Y, ,0, , , , , ,419703, , , ,1,0,0,0,1,0,0,0,0,0,0,0,0,0,0,0,0,0,0,0,1,0,0,0,0,0,0,0,0,0,0,0,0,0,0,0,0,39.8933,-75.2284, , 
 ,38103,2014039339,6,67,67301,2014,2,6,1820,18,3,1,1,4,1, , ,N,1,2,0,3,0,2,4,2,N, ,39 59:06.403,75 14:50.558,1911, ,1903, ,0, , , ,3, , , , , ,419727, , , ,2,1,0,0,1,0,0,0,0,0,0,2,2,0,0,0,0,0,0,0,0,0,0,0,0,0,0,0,0,0,0,0,0,0,0,4,0,39.9851,-75.2474, , 
 ,38104,2014002410,6,67,67301,2014,1,6,333,3,3,1,3,1,1, , ,N,0,0,0,3,0,0,4,2,N,N,39 55:51.415,75 11:56.886,411, ,350,2,1,3,N, ,0,N, , , , ,419729, , , ,2,1,0,0,0,0,0,0,0,0,0,0,0,0,1,0,0,0,0,0,0,0,0,0,0,0,0,0,0,0,0,0,0,0,0,9,0,39.9309,-75.1991, , 
 ,38105,2014030292,6,67,67301,2014,2,3,1000,10,1,1,0,4,1, , ,N,2,2,0,3,0,0,4,2,N, ,40 03:46.988,75 05:11.702,1045, ,1037, ,0, , , ,3, , , , , ,419750, , , ,2,0,0,0,0,0,1,1,0,0,0,0,0,0,0,0,0,0,0,0,0,1,0,0,0,0,0,0,0,0,0,0,0,0,0,0,0,40.0631,-75.0866, , 
 ,38106,2014032341,6,67,67301,2014,2,6,730,7,1,6,1,4,1, , ,N,1,3,0,3,0,6,7,2,N,N,39 59:11.933,75 08:47.141,745, ,705, ,0, ,N, ,3, , , , , ,419754, , , ,2,0,0,1,0,0,0,1,0,0,0,0,6,6,0,0,0,0,0,0,1,0,0,0,0,0,0,0,0,0,0,0,0,0,0,8,1,39.9866,-75.1464, , 
 ,38107,2014032364,6,67,67301,2014,2,7,1809,18,3,4,6,4,1, , ,N,1,2,0,3,0,0,3,2,N,N,40 01:26.924,75 07:59.558,1815, ,1811,1,2,2,N, ,2,N, , , , ,419755, , , ,2,1,0,0,0,0,1,0,0,0,0,0,0,0,1,0,0,0,0,0,0,0,0,0,0,0,0,0,0,0,0,0,0,0,0,9,0,40.0242,-75.133, , 
 ,38108,2014032647,6,67,67301,2014,2,6,255,2,3,1,0,7,4, , ,N,7,0,2,3,0,0,1,1,N,N,39 59:57.902,75 04:48.046,321, ,301,1,2,3,Y, ,0,N, , , , ,419756, , , ,1,1,0,0,0,0,0,0,0,0,0,0,0,0,1,0,0,0,0,0,0,0,0,0,0,0,0,0,0,0,0,0,0,0,0,9,0,39.9949,-75.0849, , 
 ,38109,2014049576,6,67,67301,2014,3,1,337,3,3,1,0,7,4, , ,N,1,2,0,3,0,2,2,1,N, ,40 00:06.501,75 09:16.312,341, ,338, ,0, , , ,3, , , , , ,419769, , , ,1,1,0,0,0,0,0,0,0,1,1,0,2,0,0,0,0,0,0,0,0,0,0,0,0,0,0,0,0,0,0,0,0,0,0,2,0,40.0018,-75.1545, , 
 ,38110,2014049994,6,67,67301,2014,4,5,200,2,3,1,0,4,1, , ,N,1,3,0,3,0,0,2,3,N, ,39 57:24.296,75 13:02.938,230, ,220, ,0, , , ,3, , , , , ,419770, , , ,3,3,0,0,0,0,0,0,0,0,0,0,0,0,0,0,0,0,0,0,0,0,0,0,0,0,0,0,0,0,0,0,0,0,0,0,0,39.9567,-75.2175, , 
 ,38111,2014043042,6,67,67301,2014,3,7,809,8,1,1,0,8,1, , ,N,0,0,0,3,0,1,2,2,N,N,40 03:33.304,75 14:16.054,815, ,809, ,0, ,N, ,0, , , , , ,419811, , , ,1,1,0,0,0,0,0,0,0,0,0,0,1,1,0,0,0,0,0,0,0,1,0,1,0,0,0,0,0,0,0,0,1,0,0,8,0,40.0593,-75.2378, , 
 ,38112,2014050282,6,67,67301,2014,4,2,416,4,3,1,0,7,4, , ,N,0,0,0,3,0,0,1,1,N,N,40 05:27.524,75 01:58.066,417, ,416, ,0, , , ,0, , , , , ,419818, , , ,1,0,0,0,0,0,1,0,0,0,0,0,0,0,1,0,0,0,0,0,0,0,0,0,0,0,0,0,0,0,0,0,0,0,0,9,0,40.091,-75.0328, , 
 ,38113,2014029873,6,67,67301,2014,2,2,9999,99,3,4,4,5,6, , ,N,0,0,0,3,0,0,1,3,N, ,40 00:17.726,75 08:14.877,9999, ,9999, ,0, , , ,0, , , , , ,423950, , , ,3,2,0,0,1,0,0,0,0,0,0,0,0,0,0,0,0,0,0,0,0,0,0,0,0,0,0,0,0,0,0,0,0,0,0,0,0,40.0049,-75.1375, , 
 ,38114,2014039031,6,67,67301,2014,3,5,1230,12,1,1,0,1,1, , ,N,0,2,0,3,0,0,2,2,N, ,39 59:48.226,75 06:56.005,1230, ,1230, ,0, , , ,3, , , , , ,423961, , , ,2,2,0,0,0,0,0,0,0,0,0,0,0,0,0,0,0,0,1,0,0,0,0,0,0,0,0,0,0,0,0,0,0,0,0,0,0,39.9967,-75.1156, , 
 ,38115,2014050299,6,67,67301,2014,3,3,1255,12,1,1,0,4,1, , ,N,0,0,7,3,0,0,2,2,N, ,40 06:24.426,74 58:41.278,1259, ,1257, ,0, , , ,0, , , , , ,423971, , , ,2,2,0,0,0,0,0,0,0,0,0,0,0,0,0,0,0,1,0,0,0,0,0,0,0,0,0,0,0,0,0,0,0,0,0,0,0,40.1068,-74.9781, , 
 ,38116,2014088780,6,67,67301,2014,8,6,9999,99,3,1,0,8,1, , ,N,1,0,0,3,0,1,2,2,N, ,40 00:14.292,75 08:04.876,1536, ,1536, ,0, , , ,0, , , , , ,423999, , , ,1,0,0,0,0,0,0,0,0,0,0,1,1,0,0,0,0,0,0,0,0,0,0,0,0,0,0,0,0,0,0,0,1,0,0,4,0,40.004,-75.1347, , 
 ,38117,2014104994,6,67,67301,2014,10,5,1940,19,4,1,0,5,1, , ,N,0,0,0,3,0,1,2,2,N,N,39 56:39.560,75 09:18.651,2005, ,2001, ,0, ,N, ,0, , , , , ,424016, , , ,1,1,0,0,0,0,0,0,1,0,0,1,1,0,0,0,0,0,0,0,0,0,0,0,0,0,0,0,0,0,0,0,0,0,0,4,0,39.9443,-75.1552, , 
 ,38118,2014038328,6,67,67301,2014,3,7,758,7,1,2,1,5,1, , ,N,0,0,0,3,0,0,3,3,N,N,39 57:36.871,75 10:51.891,800, ,758,1,1,3,N, ,0,N, , , , ,424048, , , ,3,2,0,0,0,0,0,1,0,0,0,0,0,0,0,0,0,0,0,0,1,0,0,0,0,0,0,0,0,0,0,0,0,0,0,0,0,39.9602,-75.1811, , 
 ,38119,2014044583,6,67,67301,2014,3,2,655,6,1,4,3,4,1, , ,N,1,2,0,3,0,2,9,3,Y,N,40 02:11.493,75 10:49.407,705, ,659, ,0, ,N, ,2, , , , , ,424053, , , ,3,1,0,1,0,0,0,1,0,0,0,0,2,2,0,0,0,0,0,0,1,0,0,0,0,0,0,0,0,0,0,0,0,0,0,8,1,40.0365,-75.1804, , 
 ,38120,2014056684,6,67,67301,2014,4,7,220,2,3,2,1,4,1, , ,N,1,2,0,3,0,2,4,2,N,N,39 57:04.187,75 09:12.892,225, ,221,1,1,3,N, ,3,Y, , , , ,424062, , , ,2,2,0,0,0,0,0,0,0,0,0,2,2,0,0,0,0,0,0,0,0,0,0,1,0,0,0,0,0,0,0,0,0,0,0,4,0,39.9511,-75.1536, , 
 ,38121,2014058998,6,67,67301,2014,5,3,1722,17,1,1,0,1,1, , ,N,0,0,0,3,0,0,2,2,N,N,40 00:42.709,75 07:13.155,1736, ,1723, ,0, ,N, ,0, , , , , ,424064, , , ,2,1,0,0,0,0,0,1,0,0,0,0,0,0,0,0,0,0,0,0,0,0,0,0,0,0,0,0,0,0,0,0,0,0,0,0,0,40.0119,-75.1203, , 
 ,38122,2014031401,6,67,67301,2014,3,2,933,9,1,4,4,7,2, , ,N,0,0,3,3,0,0,1,2,N,N,39 53:59.111,75 09:45.697,933, ,933,1,1,2,N, ,0,N, , , , ,424092, , , ,2,1,0,0,1,0,0,0,0,0,0,0,0,0,0,0,0,0,0,0,0,0,0,0,0,0,0,0,0,0,0,0,0,0,0,0,0,39.8998,-75.1627, , 
 ,38123,2014045448,6,67,67301,2014,4,3,809,8,1,1,0,1,1, , ,N,0,0,0,3,0,1,2,2,N,N,39 59:40.385,75 05:02.883,809, ,809, ,0, ,N, ,0, , , , , ,424103, , , ,2,1,0,0,0,0,1,0,0,0,0,1,1,0,0,0,0,0,0,0,1,0,0,0,0,0,0,0,0,0,0,0,0,0,0,4,0,39.9946,-75.0841, , 
 ,38124,2014049562,6,67,67301,2014,4,3,1835,18,1,1,0,4,1, , ,N,4,4,0,3,0,4,6,2,N,N,40 01:04.924,75 05:49.177,1850, ,1845, ,0, ,N, ,3, , , , , ,424106, , , ,2,2,0,0,0,0,0,0,0,0,0,0,4,4,0,0,0,0,0,0,0,0,0,4,0,0,0,0,0,0,0,0,0,0,0,8,0,40.018,-75.097, , 
 ,38125,2014049651,6,67,67301,2014,4,3,840,8,1,1,1,4,1, , ,N,1,3,0,3,0,2,3,2,N,N,39 57:33.487,75 12:01.753,850, ,846, ,0, ,N, ,3, , , , , ,424107, , , ,2,1,0,0,1,0,0,0,0,0,0,2,2,0,0,0,0,0,0,0,0,0,0,0,0,0,0,0,0,0,0,0,0,0,0,4,0,39.9593,-75.2005, , 
 ,38126,2014054582,6,67,67301,2014,4,2,9999,99,1,1,1,7,4, , ,N,0,0,0,3,0,0,1,1,N,N,40 02:39.934,75 07:07.597,1915, ,1915, ,0, ,N, ,0, , , , , ,424111, , , ,1,0,0,0,0,0,1,0,0,0,0,0,0,0,0,0,0,0,0,0,0,0,0,0,0,0,0,0,0,0,0,0,0,0,0,0,0,40.0444,-75.1188, , 
 ,38127,2014054605,6,67,67301,2014,4,3,2130,21,3,2,1,4,1, , ,N,1,3,0,3,0,1,3,2,N,N,40 01:34.525,75 08:54.369,2130, ,2130, ,0, ,N, ,3, , , , , ,424112, , , ,2,1,0,0,0,0,1,0,0,0,0,1,1,0,0,0,0,0,0,0,0,0,0,1,0,0,0,0,0,0,0,0,0,0,0,4,0,40.0263,-75.1484, , 
 ,38128,2014043033,6,67,67301,2014,3,1,845,8,1,1,0,5,6, , ,N,0,0,0,3,0,0,1,4,N,N,39 56:52.677,75 09:21.222,850, ,849,3,1,1,N, ,0,N, , , , ,424148, , , ,4,3,0,0,1,0,0,0,0,0,0,0,0,0,0,0,0,0,0,0,0,0,0,0,0,0,0,0,0,0,0,0,0,0,0,0,0,39.948,-75.1559, , 
 ,38129,2014044542,6,67,67301,2014,3,5,1945,19,3,1,0,1,1, , ,N,2,2,0,3,0,0,3,2,N,N,40 00:20.317,75 11:27.417,2002, ,1948, ,0, ,N, ,3, , , , , ,424151, , , ,2,1,0,0,0,0,1,0,0,0,0,0,0,0,0,0,0,0,0,0,2,0,0,0,0,0,0,0,0,0,0,0,0,0,0,0,0,40.0056,-75.1909, , 
 ,38130,2014050308,6,67,67301,2014,4,1,1825,18,1,1,0,4,1, , ,N,1,2,0,3,0,0,5,3,N,N,40 01:27.102,75 05:43.897,1830, ,1825,1,1,1,N, ,3,N, , , , ,424159, , , ,3,2,0,0,1,0,0,0,0,0,0,0,0,0,0,0,1,0,0,0,0,0,0,0,0,0,0,0,0,0,0,0,0,0,0,0,0,40.0242,-75.0955, , 
 ,38131,2014021567,6,67,67301,2014,1,7,1420,14,1,8,5,4,1, , ,N,3,0,0,3,0,2,4,2,N, ,39 53:56.128,75 10:13.503,1435, ,1420, ,0, , , ,0, , , , , ,424180, , , ,2,0,0,0,0,0,2,0,0,0,2,0,2,0,0,0,0,0,0,0,0,0,0,0,0,0,0,0,0,0,0,0,0,0,0,3,0,39.8989,-75.1704, , 
 ,38132,2014021561,6,67,67301,2014,1,4,1912,19,3,1,0,4,1, , ,N,1,2,0,3,0,1,2,2,N,N,39 54:11.988,75 14:35.285,1921, ,1917,1,1,4,N, ,3,N, , , , ,428569, , , ,2,1,0,0,0,0,0,1,0,0,0,0,1,1,0,0,0,0,0,0,1,0,0,0,0,0,0,0,0,0,0,0,0,0,0,8,0,39.9033,-75.2431, , 
 ,38133,2014042732,6,67,67301,2014,3,7,257,2,3,1,0,4,1, , ,N,1,2,0,3,0,2,5,4,N,N,39 56:28.388,75 10:33.005,259, ,258, ,0, ,N, ,3, , , , , ,428587, , , ,4,3,0,0,0,0,1,0,0,0,0,2,2,0,0,0,0,0,0,0,0,0,0,0,0,0,0,0,0,0,0,0,0,0,0,4,0,39.9412,-75.1758, , 
 ,38134,2014043023,6,67,67301,2014,3,6,935,9,1,1,0,4,1, , ,N,1,2,0,3,0,0,2,2,N,N,40 01:17.505,75 03:06.381,943, ,942, ,0, ,N, ,3, , , , , ,428588, , , ,2,1,0,0,0,1,0,0,0,0,0,0,0,0,0,0,0,0,0,0,1,0,0,0,0,0,0,0,0,0,0,0,0,0,0,0,1,40.0215,-75.0518, , 
 ,38135,2014049599,6,67,67301,2014,4,6,1015,10,1,1,0,4,1, , ,N,1,3,0,3,0,2,2,2,N,N,39 55:28.394,75 10:50.476,1021, ,1017, ,0, ,N, ,3, , , , , ,428592, , , ,2,2,0,0,0,0,0,0,0,0,0,2,2,0,0,0,0,0,0,0,0,0,0,0,0,0,0,0,0,0,0,0,0,0,0,4,0,39.9246,-75.1807, , 
 ,38136,2014059261,6,67,67301,2014,5,6,2350,23,3,1,0,1,1, , ,N,1,2,0,3,0,2,5,2,N,N,40 05:07.675,75 02:14.870,3, ,2, ,0, ,N, ,3, , , , , ,428596, , , ,2,0,0,0,0,0,2,0,0,0,0,2,2,0,0,0,0,0,0,0,1,0,0,0,0,0,0,0,0,0,0,0,0,0,0,4,0,40.0854,-75.0374, , 
 ,38137,2014069436,6,67,67301,2014,6,3,1226,12,1,1,0,4,1, , ,N,0,0,7,3,0,1,3,2,N, ,39 56:30.046,75 12:43.165,1248, ,1243,9,1,6, , ,0,N, , , , ,428612, , , ,2,1,0,0,0,0,1,0,0,0,0,0,1,1,0,0,0,0,0,0,0,0,0,1,0,0,0,0,0,0,0,0,0,0,0,8,0,39.9417,-75.212, , 
 ,38138,2014074509,6,67,67301,2014,6,1,2110,21,3,1,0,4,1, , ,N,1,2,0,3,0,0,3,2,N,N,40 06:46.747,75 01:23.201,2114, ,2114, ,0, ,N, ,3, , , , , ,428619, , , ,2,1,0,0,0,0,1,0,0,0,0,0,0,0,0,0,0,0,0,0,1,0,0,0,0,0,0,0,0,0,0,0,0,0,0,0,0,40.113,-75.023, , 