wz_ln_closure,objectid_1,crn,district,county,municipality,crash_year,crash_month,day_of_week,time_of_day,hour_of_day,illumination,weather,road_condition,collision_type,relation_to_road,work_zone_type,work_zone_loc,work_zone_ind,intersect_type,tcd_type,location_type,urban_rural,fatal_count,injury_count,person_count,total_units,sch_bus_ind,sch_zone_ind,latitude,longitude,arrival_tm,cons_zone_spd_lim,dispatch_tm,est_hrs_closed,lane_closed,ln_close_dir,ntfy_hiwy_maint,spec_juris_cd,tcd_func_cd,tfc_detour_ind,workers_pres,wz_close_detour,wz_flagger,wz_law_offcr_ind,objectid,wz_moving,wz_other,wz_shlder_mdn,vehicle_count,automobile_count,motorcycle_count,bus_count,small_truck_count,heavy_truck_count,suv_count,van_count,bicycle_count,maj_inj_count,mod_inj_count,min_inj_count,tot_inj_count,unk_inj_deg_count,unk_inj_per_count,driver_count_16yr,driver_count_17yr,driver_count_18yr,driver_count_19yr,driver_count_20yr,driver_count_50_64yr,driver_count_65_74yr,driver_count_75plus,unbelted_occ_count,unb_death_count,unb_maj_inj_count,belted_death_count,belted_maj_inj_count,mcycle_death_count,mcycle_maj_inj_count,bicycle_death_count,bicycle_maj_inj_count,ped_count,ped_death_count,ped_maj_inj_count,max_severity_level,comm_veh_count,dec_lat,dec_long,rdwy_surf_type_cd,county_name
 ,38405,2014088954,6,67,67301,2014,8,3,1948,19,3,1,0,8,1, , ,N,2,0,0,3,0,1,2,2,N,N,39 55:30.475,75 11:07.018,1954, ,1952, ,0, ,N, ,0, , , , , ,420772, , , ,1,1,0,0,0,0,0,0,0,0,0,0,1,1,0,0,0,0,0,0,0,0,0,0,0,0,0,0,0,0,0,0,1,0,0,8,0,39.9251,-75.1853, , 
 ,38406,2014043461,6,67,67301,2014,4,2,1304,13,1,1,0,1,1, , ,N,0,0,0,3,0,4,4,2,N,N,39 57:46.468,75 11:00.156,1315, ,1306,1,1,4,N, ,0,N, , , , ,425016, , , ,2,1,0,0,0,0,0,1,0,0,0,0,4,4,0,0,0,0,0,0,0,0,0,0,0,0,0,0,0,0,0,0,0,0,0,8,0,39.9629,-75.1834, , 
 ,38407,2014013138,6,67,67301,2014,1,5,730,7,1,1,0,5,1, , ,N,1,3,0,3,0,0,1,2,N,N,40 04:23.073,75 09:50.047,813, ,804, ,0, ,N, ,3, , , , , ,425042, , , ,2,1,0,0,0,0,1,0,0,0,0,0,0,0,0,0,0,1,0,0,0,0,0,0,0,0,0,0,0,0,0,0,0,0,0,0,0,40.0731,-75.1639, , 
 ,38408,2014032482,6,67,67301,2014,2,4,930,9,1,2,1,5,1, , ,N,1,2,0,3,0,1,2,2,N,N,39 57:17.840,75 11:01.951,935, ,930, ,0, ,N, ,3, , , , , ,425053, , , ,2,0,0,1,1,0,0,0,0,0,0,0,1,1,0,0,0,0,0,0,0,0,0,0,0,0,0,0,0,0,0,0,0,0,0,8,1,39.9549,-75.1839, , 
 ,38409,2014032485,6,67,67301,2014,2,7,630,6,5,8,5,7,4, , ,N,0,0,0,3,0,0,1,1,N,N,40 00:25.531,75 04:49.836,959, ,957, ,0, ,N, ,0, , , , , ,425054, , , ,1,1,0,0,0,0,0,0,0,0,0,0,0,0,0,0,0,0,0,0,0,0,0,0,0,0,0,0,0,0,0,0,0,0,0,0,0,40.0071,-75.0805, , 
 ,38410,2014036230,6,67,67301,2014,3,2,401,4,3,1,1,1,1, , ,N,0,0,0,3,0,1,2,2,N,N,39 59:43.616,75 11:51.104,410, ,404, ,0, ,N, ,0, , , , , ,425057, , , ,2,2,0,0,0,0,0,0,0,0,0,1,1,0,0,0,0,0,0,1,0,0,0,0,0,0,0,0,0,0,0,0,0,0,0,4,0,39.9954,-75.1975, , 
 ,38411,2014049847,6,67,67301,2014,4,7,1729,17,1,1,0,4,1, , ,N,1,2,0,3,0,1,4,2,N,N,39 59:45.716,75 10:14.767,1745, ,1744, ,0, ,N, ,3, , , , , ,425075, , , ,2,1,0,0,0,0,1,0,0,0,0,1,1,0,0,0,0,0,1,0,0,0,0,4,0,0,0,0,0,0,0,0,0,0,0,4,0,39.996,-75.1707, , 
 ,38412,2014068016,6,67,67301,2014,6,6,1535,15,1,1,0,8,1, , ,N,5,2,0,3,0,1,2,2,N,Y,39 57:56.235,75 13:54.861,1536, ,1535, ,0, ,N, ,3, , , , , ,425096, , , ,1,0,0,0,0,0,1,0,0,1,0,0,1,0,0,0,0,0,0,0,0,0,0,0,0,0,0,0,0,0,0,0,1,0,1,2,0,39.9656,-75.2319, , 
 ,38413,2014068579,6,67,67301,2014,5,4,424,4,3,1,0,4,6, , ,N,2,3,0,3,0,0,1,3,N,N,39 59:58.149,75 06:43.667,610, ,604,9,2,3,N, ,3,Y, , , , ,425097, , , ,3,2,0,0,0,0,0,1,0,0,0,0,0,0,0,0,0,0,0,0,0,0,0,0,0,0,0,0,0,0,0,0,0,0,0,0,0,39.9995,-75.1121, , 
 ,38414,2014083897,6,67,67301,2014,8,4,807,8,1,1,0,7,7, , ,N,7,0,0,3,0,0,1,1,N,N,39 56:55.117,75 11:09.395,815, ,807, ,0, ,N, ,0, , , , , ,425109, , , ,1,1,0,0,0,0,0,0,0,0,0,0,0,0,0,0,0,0,0,0,1,0,0,0,0,0,0,0,0,0,0,0,0,0,0,0,0,39.9486,-75.1859, , 
 ,38415,2014084395,6,67,67301,2014,7,6,1145,11,1,1,0,8,1, , ,N,0,0,0,3,0,1,2,2,N,N,39 57:16.812,75 13:37.812,1203, ,1156, ,0, , , ,0, , , , , ,425110, , , ,1,1,0,0,0,0,0,0,1,0,0,1,1,0,0,0,0,0,0,0,1,0,0,0,0,0,0,0,0,0,0,0,0,0,0,4,0,39.9547,-75.2272, , 
 ,38416,2014088740,6,67,67301,2014,8,5,2336,23,3,1,0,1,1, , ,N,0,3,0,3,0,3,4,2,N,N,39 58:01.210,75 11:47.457,2345, ,2336, ,0, , , ,3, , , , , ,425116, , , ,2,1,0,0,0,0,1,0,0,0,0,2,3,1,1,0,0,0,0,0,0,0,0,0,0,0,0,0,0,0,0,0,0,0,0,4,0,39.967,-75.1965, , 
 ,38417,2014095909,6,67,67301,2014,9,6,1852,18,1,1,0,1,1, , ,N,0,0,0,3,0,1,3,3,N,N,40 01:25.497,75 07:56.208,1906, ,1854,1,1,1,N, ,0,N, , , , ,425125, , , ,3,2,0,0,0,1,0,0,0,0,0,1,1,0,0,0,0,0,0,0,2,0,0,0,0,0,0,0,0,0,0,0,0,0,0,4,0,40.0237,-75.1323, , 
 ,38418,2014025414,6,67,67301,2014,1,6,1430,14,1,4,1,1,1, , ,N,1,2,0,3,0,1,3,3,N,N,40 01:58.974,75 06:57.861,1440, ,1432, ,0, ,N, ,3, , , , , ,425146, , , ,3,3,0,0,0,0,0,0,0,0,0,1,1,0,0,0,0,0,0,0,1,0,1,0,0,0,0,0,0,0,0,0,0,0,0,4,0,40.033,-75.1161, , 
 ,38419,2014059079,6,67,67301,2014,5,2,1625,16,1,1,0,1,1, , ,N,0,0,0,3,0,1,4,2,N,N,40 00:25.759,75 08:31.436,1630, ,1630,9,1,3,N, ,0,N, , , , ,425180, , , ,2,1,0,0,1,0,0,0,0,0,0,1,1,0,0,0,0,0,0,0,0,0,0,0,0,0,0,0,0,0,0,0,0,0,0,4,0,40.0072,-75.1421, , 
 ,38420,2014030644,6,67,67301,2014,3,5,1126,11,1,1,0,1,1, , ,N,0,0,0,3,0,1,2,2,N,N,39 58:43.804,75 12:11.799,1130, ,1126,1,1,3,N, ,0,N, , , , ,425194, , , ,2,1,0,0,0,1,0,0,0,0,0,1,1,0,0,0,0,0,0,1,0,1,0,0,0,0,0,0,0,0,0,0,0,0,0,4,1,39.9788,-75.2033, , 
 ,38421,2014034208,6,67,67301,2014,3,2,1530,15,1,4,3,1,1, , ,N,1,2,0,3,0,1,2,2,N,N,40 00:19.933,75 05:48.721,1543, ,1540, ,0, ,N, ,3, , , , , ,425200, , , ,2,0,0,0,0,0,2,0,0,0,0,0,1,1,0,0,0,0,0,0,1,0,0,0,0,0,0,0,0,0,0,0,0,0,0,8,0,40.0055,-75.0969, , 
 ,38422,2014044604,6,67,67301,2014,3,6,1005,10,1,1,0,5,6, , ,N,0,0,0,3,0,1,1,4,N,N,39 56:25.058,75 09:16.758,1020, ,1014, ,0, ,N, ,0, , , , , ,425205, , , ,4,2,0,0,0,0,2,0,0,0,0,0,1,1,0,0,0,0,0,0,0,0,0,0,0,0,0,0,0,0,0,0,0,0,0,8,0,39.9403,-75.1547, , 
 ,38423,2014059243,6,67,67301,2014,5,2,1815,18,1,1,0,4,1, , ,N,1,3,0,3,0,1,3,3,N, ,40 07:06.031,75 02:09.653,1820, ,1815, ,0, , , ,3, , , , , ,425223, , , ,3,2,0,0,0,0,1,0,0,0,0,1,1,0,0,0,0,0,0,0,0,1,0,0,0,0,0,0,0,0,0,0,0,0,0,4,0,40.1183,-75.036, , 
 ,38424,2014025314,6,67,67301,2014,1,4,1434,14,1,4,3,8,1, , ,N,1,2,0,3,0,1,2,3,N, ,40 00:36.288,75 08:10.709,1510, ,1506, ,0, , , ,3, , , , , ,427844, , , ,2,2,0,0,0,0,0,0,0,0,0,1,1,0,0,0,0,0,0,0,0,0,0,0,0,0,0,0,0,0,0,0,1,0,0,4,0,40.0101,-75.1363, , 
 ,38425,2014025858,6,67,67301,2014,1,4,725,7,3,1,0,8,1, , ,N,1,2,0,3,0,1,2,2,N, ,40 03:55.900,75 03:09.041,731, ,729, ,0, , , ,3, , , , , ,427845, , , ,1,0,0,0,0,0,1,0,0,0,1,0,1,0,0,0,0,0,0,0,1,0,0,0,0,0,0,0,0,0,0,0,1,0,0,3,0,40.0655,-75.0525, , 
 ,38426,2014027308,6,67,67301,2014,1,1,2245,22,3,1,1,8,1, , ,N,0,0,0,3,1,0,2,2,N,N,40 02:04.184,75 04:17.834,2310, ,2252, ,0, ,N,0,0, , , , , ,427846, , , ,1,1,0,0,0,0,0,0,0,0,0,0,0,0,0,0,0,0,0,0,0,0,0,0,0,0,0,0,0,0,0,0,1,1,0,1,0,40.0345,-75.0716,2, 
 ,38427,2014027387,6,67,67301,2014,2,6,1858,18,3,1,0,5,1, , ,N,0,0,0,3,0,0,3,2,N,N,39 57:24.720,75 09:18.174,1942, ,1902, ,0, ,N, ,0, , , , , ,427847, , , ,2,2,0,0,0,0,0,0,0,0,0,0,0,0,0,0,0,0,0,0,0,1,0,0,0,0,0,0,0,0,0,0,0,0,0,0,0,39.9569,-75.155, , 
 ,38428,2014032452,6,67,67301,2014,2,4,1510,15,1,1,1,8,1, , ,N,1,3,0,3,0,1,2,2,N,N,40 02:33.612,75 04:47.042,1825, ,1800, ,0, ,N, ,3, , , , , ,427850, , , ,1,0,0,0,1,0,0,0,0,0,1,0,1,0,1,0,0,0,0,0,0,0,0,0,0,0,0,0,0,0,0,0,1,0,0,3,0,40.0427,-75.0797, , 
 ,38429,2014049713,6,67,67301,2014,4,1,800,8,1,1,0,4,1, , ,N,1,2,0,3,0,2,3,2,N,N,39 59:11.018,75 10:10.592,1820, ,1815, ,0, ,N, ,3, , , , , ,427862, , , ,2,1,0,0,0,0,1,0,0,0,0,2,2,0,0,0,0,0,0,0,0,0,0,0,0,0,0,0,0,0,0,0,0,0,0,4,0,39.9864,-75.1696, , 
 ,38430,2014088298,6,67,67301,2014,6,3,850,8,1,1,0,4,1, , ,N,1,2,0,3,0,1,2,2,N,N,39 55:54.237,75 10:04.883,900, ,855,2,1,1,N, ,3,N, , , , ,427901, , , ,1,0,0,0,0,0,1,0,1,0,0,1,1,0,0,0,0,0,0,0,0,0,1,0,0,0,0,0,0,0,0,0,0,0,0,4,0,39.9317,-75.168, , 
 ,38431,2014106672,6,67,67301,2014,10,7,1906,19,3,1,0,5,1, , ,N,0,0,0,3,0,1,2,3,N, ,40 00:51.078,75 04:41.226,1908, ,1908, ,0, , , ,0, , , , , ,427911, , , ,3,1,1,1,0,0,0,0,0,0,1,0,1,0,0,0,0,0,0,0,0,0,0,0,0,0,0,0,0,0,0,0,0,0,0,3,1,40.0142,-75.0781, , 
 ,38432,2014025857,6,67,67301,2014,2,7,1058,10,1,1,0,8,1, , ,N,1,2,0,3,0,1,2,2,N,N,40 01:48.464,75 02:06.579,1101, ,1059, ,0, ,Y, ,3, , , , , ,427935, , , ,1,1,0,0,0,0,0,0,0,0,0,0,1,1,0,0,0,0,0,0,1,0,0,0,0,0,0,0,0,0,0,0,1,0,0,8,0,40.0301,-75.0352, , 
 ,38433,2014035830,6,67,67301,2014,3,7,2315,23,3,2,1,7,2, , ,N,0,0,0,3,0,0,2,2,N,N,39 59:51.079,75 04:53.983,2342, ,2319,2,2,1,N, ,0,N, , , , ,427948, , , ,2,1,0,0,0,1,0,0,0,0,0,0,0,0,0,0,0,0,0,0,0,0,0,0,0,0,0,0,0,0,0,0,0,0,0,0,1,39.9975,-75.0817, , 
 ,38434,2014054586,6,67,67301,2014,5,5,2120,21,3,2,1,1,1, , ,N,0,0,7,3,0,3,7,2,N,N,40 02:39.570,75 08:40.435,2122, ,2121,9,2,5,N, ,0,Y, , , , ,427961, , , ,2,1,0,0,0,0,1,0,0,0,0,0,3,3,0,0,0,0,0,0,0,0,0,0,0,0,0,0,0,0,0,0,0,0,0,8,0,40.0443,-75.1446, , 
 ,38435,2014059013,6,67,67301,2014,4,3,2000,20,3,2,1,4,1, , ,N,1,3,0,3,0,1,2,2,N,N,39 56:22.693,75 13:58.907,2120, ,2119, ,0, ,N, ,3, , , , , ,427963, , , ,2,1,0,0,0,0,0,1,0,0,0,1,1,0,1,0,0,0,0,0,1,0,0,0,0,0,0,0,0,0,0,0,0,0,0,4,0,39.9396,-75.233, , 
 ,38436,2014019082,6,67,67301,2014,1,6,945,9,1,3,6,4,1, , ,N,1,0,0,3,0,1,2,2,N, ,39 56:31.419,75 12:42.235,1110, ,945, ,0, , , ,0, , , , , ,427990, , , ,2,0,0,0,1,0,0,1,0,0,0,1,1,0,1,0,0,0,0,0,0,0,0,0,0,0,0,0,0,0,0,0,0,0,0,4,0,39.9421,-75.2117, , 
 ,38437,2014049534,6,67,67301,2014,4,2,909,9,1,1,0,5,1, , ,N,0,0,0,3,0,1,3,3,N,N,40 06:59.059,74 59:05.287,914, ,911,1,1,2,Y, ,0,N, , , , ,428017, , , ,3,2,0,0,1,0,0,0,0,0,0,0,1,1,0,0,0,0,0,0,1,0,0,0,0,0,0,0,0,0,0,0,0,0,0,8,0,40.1164,-74.9848, , 
 ,38438,2014049868,6,67,67301,2014,4,7,1220,12,1,1,0,4,1, , ,N,1,2,0,3,0,2,2,2,N, ,39 56:18.900,75 11:54.432,1235, ,1228, ,0, , , ,3, , , , , ,428018, , , ,2,2,0,0,0,0,0,0,0,0,0,2,2,0,0,0,0,0,0,0,0,0,0,0,0,0,0,0,0,0,0,0,0,0,0,4,0,39.9386,-75.1985, , 
 ,38439,2014087773,6,67,67301,2014,7,6,1435,14,1,1,0,5,1, , ,N,0,0,0,3,0,1,5,2,N, ,39 55:24.246,75 13:43.027,1537, ,1536, ,0, , , ,0, , , , , ,428040, , , ,2,0,1,0,0,0,1,0,0,0,0,0,1,1,0,0,0,0,0,0,0,0,0,0,0,0,0,0,0,0,0,0,0,0,0,8,0,39.9234,-75.2286, , 
 ,38440,2014091386,6,67,67301,2014,9,4,1830,18,1,1,0,8,1, , ,N,1,0,0,3,0,1,2,2,N, ,40 01:18.819,75 12:33.138,1842, ,1837,9,1,4, , ,0,N, , , , ,428041, , , ,1,1,0,0,0,0,0,0,0,0,0,0,1,1,0,0,0,0,0,0,0,0,0,0,0,0,0,0,0,0,0,0,1,0,0,8,0,40.0219,-75.2092, , 
 ,38441,2014096814,6,67,67301,2014,9,7,1618,16,1,2,1,4,1, , ,N,1,2,0,3,0,1,5,3,N,N,39 56:32.336,75 14:01.801,1623, ,1621, ,0, , , ,3, , , , , ,428047, , , ,3,3,0,0,0,0,0,0,0,0,0,1,1,0,0,0,0,0,0,0,1,1,0,0,0,0,0,0,0,0,0,0,0,0,0,4,0,39.9423,-75.2338, , 
 ,38442,2014049560,6,67,67301,2014,4,4,830,8,1,1,0,1,1, , ,N,0,2,0,3,0,1,2,2,N, ,40 03:41.329,74 59:18.975,924, ,920, ,0, , , ,3, , , , , ,416633, , , ,2,1,0,0,0,0,1,0,0,0,0,1,1,0,0,0,0,0,0,0,0,0,0,0,0,0,0,0,0,0,0,0,0,0,0,4,0,40.0615,-74.9886, , 
 ,38443,2014050261,6,67,67301,2014,4,4,1714,17,1,2,1,3,1, , ,N,0,0,0,3,0,1,2,2,N,N,39 56:08.307,75 09:31.161,1725, ,1716, ,0, ,N, ,0, , , , , ,416634, , , ,2,1,0,0,1,0,0,0,0,0,0,0,1,1,0,0,0,0,0,0,0,0,0,0,0,0,0,0,0,0,0,0,0,0,0,8,0,39.9356,-75.1587, , 
 ,38444,2014054551,6,67,67301,2014,5,5,9999,99,1,1,0,8,1, , ,N,1,2,0,3,0,1,2,2,N, ,39 59:32.825,75 10:46.468,854, ,852, ,0, , , ,3, , , , , ,416637, , , ,1,1,0,0,0,0,0,0,0,0,0,1,1,0,0,0,0,0,0,0,0,0,0,0,0,0,0,0,0,0,0,0,1,0,0,4,0,39.9925,-75.1796, , 
 ,38445,2014049749,6,67,67301,2014,4,2,1854,18,4,1,0,7,5, , ,N,1,2,0,3,0,0,2,1,N,N,40 02:58.479,75 05:44.227,1935, ,1909, ,0, ,N, ,3, , , , , ,416681, , , ,1,1,0,0,0,0,0,0,0,0,0,0,0,0,0,0,0,0,0,0,0,0,0,0,0,0,0,0,0,0,0,0,0,0,0,0,0,40.0496,-75.0956, , 
 ,38446,2014027700,6,67,67301,2014,1,6,1300,13,1,4,6,8,1, , ,N,1,2,0,3,0,1,2,2,N,Y,40 03:20.764,75 09:31.951,1312, ,1312, ,0, ,N, ,3, , , , , ,416704, , , ,1,1,0,0,0,0,0,0,0,0,0,1,1,0,0,0,0,0,0,0,1,0,0,0,0,0,0,0,0,0,0,0,1,0,0,4,0,40.0558,-75.1589, , 
 ,38447,2014034905,6,67,67301,2014,3,3,1105,11,1,1,0,7,2, , ,N,0,0,2,3,0,1,1,1,N,N,39 53:08.693,75 14:38.481,1112, ,1107,2,1,2,Y, ,0,N, , , , ,416709, , , ,1,1,0,0,0,0,0,0,0,0,0,1,1,0,0,0,0,0,0,0,0,0,0,0,0,0,0,0,0,0,0,0,0,0,0,4,0,39.8857,-75.244, , 
 ,38448,2014042610,6,67,67301,2014,3,3,2021,20,3,1,0,1,1, , ,N,6,4,2,3,0,1,4,2,N,N,40 00:47.390,75 10:49.073,2024, ,2023,3,2,4,N, ,3,N, , , , ,416719, , , ,2,1,0,0,0,0,0,1,0,0,0,1,1,0,0,0,0,0,0,0,0,0,0,0,0,0,0,0,0,0,0,0,0,0,0,4,0,40.0137,-75.1796, , 
 ,38449,2014060629,6,67,67301,2014,6,6,634,6,1,6,1,7,2, , ,N,0,0,0,3,0,0,2,1,N,N,40 02:15.186,75 00:42.971,657, ,638,2,2,1,N, ,0,N, , , , ,416735, , , ,1,1,0,0,0,0,0,0,0,0,0,0,0,0,0,0,0,0,0,0,0,0,0,0,0,0,0,0,0,0,0,0,0,0,0,0,0,40.0376,-75.0119, , 
 ,38450,2014029890,6,67,67301,2014,2,3,902,9,1,1,5,8,1, , ,N,0,0,0,3,0,1,2,2,N,N,40 01:56.193,75 09:27.566,950, ,945, ,0, ,N, ,0, , , , , ,416765, , , ,1,1,0,0,0,0,0,0,0,0,0,1,1,0,0,0,0,0,0,0,0,0,0,0,0,0,0,0,0,0,0,0,1,0,0,4,0,40.0323,-75.1577, , 
 ,38451,2014032437,6,67,67301,2014,2,5,112,1,3,4,3,7,4, , ,N,3,2,0,3,0,1,1,1,N,N,39 57:20.601,75 10:50.529,124, ,114, ,0, ,N, ,3, , , , , ,416767, , , ,1,1,0,0,0,0,0,0,0,0,0,1,1,0,0,0,0,0,0,0,0,0,0,0,0,0,0,0,0,0,0,0,0,0,0,4,0,39.9557,-75.1807, , 
 ,38452,2014067278,6,67,67301,2014,6,3,231,2,3,1,0,7,3, , ,N,0,0,0,3,0,0,1,1,N,N,39 55:45.517,75 08:46.618,300, ,244,1,1,2,N, ,0,N, , , , ,416788, , , ,1,1,0,0,0,0,0,0,0,0,0,0,0,0,1,0,0,0,0,0,0,0,0,0,0,0,0,0,0,0,0,0,0,0,0,9,0,39.9293,-75.1463, , 
 ,38453,2014049524,6,67,67301,2014,4,3,1230,12,1,1,0,0,1, , ,N,0,0,0,3,0,1,1,1,N,N,40 04:53.201,74 59:56.239,1250, ,1245, ,0, , , ,0, , , , , ,416830, , , ,1,0,1,0,0,0,0,0,0,0,0,1,1,0,0,0,0,0,0,0,1,0,0,0,0,0,0,0,0,0,0,0,0,0,0,4,0,40.0814,-74.999, , 
 ,38454,2014016966,6,67,67301,2014,1,4,1602,16,1,1,0,4,1, , ,N,2,0,0,3,0,1,2,4,N,N,39 57:17.713,75 09:05.995,1610, ,1607,2,1,3,N, ,0,N, , , , ,416847, , , ,4,4,0,0,0,0,0,0,0,0,1,0,1,0,0,0,0,0,0,0,2,0,0,0,0,0,0,0,0,0,0,0,0,0,0,3,0,39.9549,-75.1517, , 
 ,38455,2014049601,6,67,67301,2014,4,2,9999,99,1,1,0,7,4, , ,N,0,0,0,3,0,1,1,1,N,N,39 59:54.221,75 09:31.105,1713, ,9999, ,0, ,N, ,0, , , , , ,416879, , , ,1,0,1,0,0,0,0,0,0,1,0,0,1,0,0,0,0,0,0,1,0,0,0,0,0,0,0,0,0,1,0,0,0,0,0,2,0,39.9984,-75.1586, , 
 ,38456,2014054570,6,67,67301,2014,4,4,1427,14,1,2,1,4,1, , ,N,1,3,0,3,0,1,4,3,N,N,39 57:57.225,75 12:26.989,1513, ,1502, ,0, ,N, ,3, , , , , ,416882, , , ,3,2,0,0,0,0,1,0,0,0,0,1,1,0,0,0,0,0,0,0,0,2,0,0,0,0,0,0,0,0,0,0,0,0,0,4,0,39.9659,-75.2075, , 
 ,38457,2014036231,6,67,67301,2014,3,2,1006,10,1,1,0,1,1, , ,N,0,0,0,3,0,1,3,3,N,N,39 59:40.003,75 05:03.166,1025, ,1017, ,0, ,N, ,0, , , , , ,416911, , , ,3,2,0,0,1,0,0,0,0,0,0,0,1,1,0,0,0,0,0,0,1,0,0,0,0,0,0,0,0,0,0,0,0,0,0,8,0,39.9944,-75.0842, , 
 ,38458,2014061813,6,67,67301,2014,5,7,504,5,3,1,0,1,6, , ,N,0,0,0,3,0,0,2,2,N,N,40 01:02.819,75 09:04.145,508, ,505, ,0, , , ,0, , , , , ,416930, , , ,2,0,0,0,0,0,1,1,0,0,0,0,0,0,2,0,1,0,0,0,0,0,0,0,0,0,0,0,0,0,0,0,0,0,0,9,0,40.0174,-75.1512, , 
 ,38459,2014013294,6,67,67301,2014,1,4,1917,19,3,1,0,1,1, , ,N,0,0,0,3,0,0,3,3,N,N,39 58:52.876,75 06:09.857,1929, ,1918, ,0, ,N, ,0, , , , , ,416940, , , ,3,2,0,0,0,0,1,0,0,0,0,0,0,0,0,0,0,0,0,0,0,0,0,0,0,0,0,0,0,0,0,0,0,0,0,0,0,39.9814,-75.1027, , 
 ,38460,2014002408,6,67,67301,2014,1,6,227,2,3,4,3,7,2, , ,N,0,0,0,3,0,0,1,1,N,N,40 00:26.101,75 12:01.358,230, ,229,1,1,3,N, ,0,N, , , , ,420794, , , ,1,1,0,0,0,0,0,0,0,0,0,0,0,0,0,0,0,0,0,0,1,0,0,0,0,0,0,0,0,0,0,0,0,0,0,0,0,40.0073,-75.2004, , 
 ,38461,2014059058,6,67,67301,2014,5,5,9999,99,3,1,0,4,1, , ,N,0,0,7,3,0,2,3,2,N,N,40 03:08.899,75 00:29.380,2055, ,2045, ,0, ,N, ,0, , , , , ,420835, , , ,2,0,0,0,0,0,1,1,0,0,0,1,2,1,0,0,0,0,0,0,0,0,0,0,0,0,0,0,0,0,0,0,0,0,0,4,0,40.0525,-75.0082, , 
 ,38462,2014025310,6,67,67301,2014,1,1,140,1,3,1,0,2,1, , ,N,0,0,0,3,0,2,3,2,N, ,39 59:08.246,75 10:52.966,200, ,150, ,0, , , ,0, , , , , ,420851, , , ,2,1,0,0,0,0,1,0,0,0,0,2,2,0,0,0,0,0,0,0,1,0,0,0,0,0,0,0,0,0,0,0,0,0,0,4,0,39.9856,-75.1814, , 
 ,38463,2014049719,6,67,67301,2014,4,1,359,3,3,1,0,5,6, , ,N,0,0,0,3,0,1,1,5,N, ,39 59:10.536,75 07:25.662,405, ,400,3,2,2, , ,0,Y, , , , ,420876, , , ,5,1,0,0,1,0,0,3,0,0,0,1,1,0,0,0,0,0,0,0,0,0,0,0,0,0,0,0,0,0,0,0,0,0,0,4,0,39.9863,-75.1238, , 
 ,38464,2014049759,6,67,67301,2014,4,7,1337,13,1,1,0,4,1, , ,N,1,2,0,3,0,1,2,2,N, ,39 58:44.220,75 10:16.237,1337, ,1337, ,0, , , ,3, , , , , ,420877, , , ,2,1,0,0,0,0,1,0,0,0,0,1,1,0,0,0,0,0,0,0,2,0,0,0,0,0,0,0,0,0,0,0,0,0,0,4,0,39.979,-75.1712, , 
 ,38465,2014028067,6,67,67301,2014,1,7,1149,11,1,4,3,1,1, , ,N,1,2,0,3,0,1,3,2,N,N,39 56:54.369,75 14:07.781,1156, ,1153, ,0, ,N, ,3, , , , , ,420915, , , ,2,1,0,0,1,0,0,0,0,0,0,1,1,0,0,0,0,0,0,0,1,0,0,0,0,0,0,0,0,0,0,0,0,0,0,4,0,39.9484,-75.2355, , 
 ,38466,2014049469,6,67,67301,2014,4,6,1545,15,1,1,0,1,1, , ,N,0,0,0,3,0,0,2,2,N,N,39 57:28.928,75 10:32.743,1615, ,1608, ,0, ,N, ,0, , , , , ,420934, , , ,2,0,0,0,0,0,1,1,0,0,0,0,0,0,0,0,0,0,0,0,0,0,0,2,0,0,0,0,0,0,0,0,0,0,0,0,0,39.958,-75.1758, , 
 ,38467,2014049489,6,67,67301,2014,3,2,1300,13,1,1,0,4,1, , ,N,1,3,0,3,0,1,4,2,N, ,39 55:15.805,75 13:44.269,1330, ,1320, ,0, , , ,3, , , , , ,420935, , , ,2,0,0,0,1,0,0,1,0,0,1,0,1,0,0,0,0,0,0,0,2,0,0,0,0,0,0,0,0,0,0,0,0,0,0,3,0,39.921,-75.2289, , 
 ,38468,2014003973,6,67,67301,2014,1,2,756,7,1,2,1,1,1, , ,N,0,0,0,3,0,0,2,2,N,N,39 59:36.866,75 05:05.478,812, ,800,1,1,2,N, ,0,N, , , , ,420941, , , ,2,0,0,0,2,0,0,0,0,0,0,0,0,0,1,0,0,0,0,0,1,0,0,0,0,0,0,0,0,0,0,0,0,0,0,9,0,39.9936,-75.0849, , 
 ,38469,2014025403,6,67,67301,2014,1,3,9999,99,1,4,5,1,1, , ,N,0,0,0,3,0,2,5,2,N,Y,40 00:58.917,75 10:15.172,9999, ,9999,9,1,2,N, ,0,N, , , , ,421005, , , ,2,2,0,0,0,0,0,0,0,0,0,2,2,0,0,0,0,0,0,0,1,0,0,0,0,0,0,0,0,0,0,0,0,0,0,4,0,40.0164,-75.1709, , 
 ,38470,2014034135,6,67,67301,2014,2,5,1100,11,1,1,0,7,4, , ,N,0,0,0,3,0,2,2,2,N, ,39 55:19.728,75 11:25.725,1120, ,1108,3,2,3, , ,0,Y, , , , ,421013, , , ,2,1,0,0,1,0,0,0,0,0,0,2,2,0,0,0,0,0,0,0,1,0,0,2,0,0,0,0,0,0,0,0,0,0,0,4,0,39.9221,-75.1905, , 