wz_ln_closure,objectid_1,crn,district,county,municipality,crash_year,crash_month,day_of_week,time_of_day,hour_of_day,illumination,weather,road_condition,collision_type,relation_to_road,work_zone_type,work_zone_loc,work_zone_ind,intersect_type,tcd_type,location_type,urban_rural,fatal_count,injury_count,person_count,total_units,sch_bus_ind,sch_zone_ind,latitude,longitude,arrival_tm,cons_zone_spd_lim,dispatch_tm,est_hrs_closed,lane_closed,ln_close_dir,ntfy_hiwy_maint,spec_juris_cd,tcd_func_cd,tfc_detour_ind,workers_pres,wz_close_detour,wz_flagger,wz_law_offcr_ind,objectid,wz_moving,wz_other,wz_shlder_mdn,vehicle_count,automobile_count,motorcycle_count,bus_count,small_truck_count,heavy_truck_count,suv_count,van_count,bicycle_count,maj_inj_count,mod_inj_count,min_inj_count,tot_inj_count,unk_inj_deg_count,unk_inj_per_count,driver_count_16yr,driver_count_17yr,driver_count_18yr,driver_count_19yr,driver_count_20yr,driver_count_50_64yr,driver_count_65_74yr,driver_count_75plus,unbelted_occ_count,unb_death_count,unb_maj_inj_count,belted_death_count,belted_maj_inj_count,mcycle_death_count,mcycle_maj_inj_count,bicycle_death_count,bicycle_maj_inj_count,ped_count,ped_death_count,ped_maj_inj_count,max_severity_level,comm_veh_count,dec_lat,dec_long,rdwy_surf_type_cd,county_name
 ,38471,2014042705,6,67,67301,2014,3,4,1110,11,1,1,0,8,1, , ,N,0,0,0,3,0,1,2,2,N, ,39 57:36.507,75 13:57.300,1210, ,1201, ,0, , , ,0, , , , , ,421017, , , ,1,1,0,0,0,0,0,0,0,0,0,1,1,0,0,0,0,0,0,0,0,0,0,0,0,0,0,0,0,0,0,0,1,0,0,4,0,39.9601,-75.2326, , 
 ,38472,2014020021,6,67,67301,2014,1,3,1150,11,1,1,3,5,1, , ,N,0,0,0,3,0,0,2,2,N,N,39 53:15.408,75 12:57.322,1214, ,1150, ,0, ,N, ,0, , , , , ,421058, , , ,2,1,0,0,0,1,0,0,0,0,0,0,0,0,0,0,0,0,0,0,0,0,0,0,0,0,0,0,0,0,0,0,0,0,0,0,1,39.8876,-75.2159, , 
 ,38473,2014032369,6,67,67301,2014,2,2,850,8,1,1,0,8,1, , ,N,1,2,0,3,0,1,2,2,N,N,40 00:03.985,75 07:29.066,905, ,900,9,1,2, , ,3,Y, , , , ,421070, , , ,1,0,0,0,0,0,1,0,0,0,0,0,1,1,0,0,0,0,0,0,1,0,0,0,0,0,0,0,0,0,0,0,1,0,0,8,0,40.0011,-75.1247, , 
 ,38474,2014016141,6,67,67301,2014,1,2,1654,16,3,1,0,4,1, , ,N,2,3,0,3,0,1,2,2,N,N,39 59:41.216,75 06:46.886,1830, ,1744, ,0, ,N, ,3, , , , , ,421094, , , ,2,2,0,0,0,0,0,0,0,0,0,1,1,0,0,0,0,1,0,0,0,0,0,0,0,0,0,0,0,0,0,0,0,0,0,4,0,39.9948,-75.113, , 
 ,38475,2014032392,6,67,67301,2014,2,3,900,9,1,1,0,1,1, , ,N,0,0,0,3,0,1,3,2,N, ,40 03:44.082,75 01:17.528,905, ,901, ,0, , , ,0, , , , , ,421112, , , ,2,1,0,0,1,0,0,0,0,0,0,0,1,1,1,0,0,0,0,0,0,0,0,0,0,0,0,0,0,0,0,0,0,0,0,8,0,40.0622,-75.0215, , 
 ,38476,2014020680,6,67,67301,2014,2,2,603,6,1,1,3,4,1, , ,N,0,0,0,3,0,1,2,2,N,N,39 53:30.237,75 13:22.108,640, ,622, ,0, ,N, ,0, , , , , ,421142, , , ,2,1,0,0,0,0,1,0,0,0,0,1,1,0,0,0,0,0,0,0,1,0,0,1,0,0,0,0,0,0,0,0,0,0,0,4,0,39.8917,-75.2228, , 
 ,38477,2014025321,6,67,67301,2014,1,5,1615,16,1,1,0,4,1, , ,N,1,3,0,3,0,0,2,2,N,N,39 55:57.478,75 11:40.793,1625, ,1025, ,0, ,N, ,3, , , , , ,421145, , , ,2,1,0,0,0,0,1,0,0,0,0,0,0,0,0,0,0,0,0,0,0,0,0,0,0,0,0,0,0,0,0,0,0,0,0,0,0,39.9326,-75.1947, , 
 ,38478,2014013285,6,67,67301,2014,1,7,1556,15,1,4,4,5,1, , ,N,0,0,0,3,0,0,3,2,N,N,39 53:19.913,75 13:06.621,1716, ,1608,3,2,1,N, ,0,N, , , , ,425237, , , ,2,2,0,0,0,0,0,0,0,0,0,0,0,0,0,0,0,0,0,0,1,0,0,0,0,0,0,0,0,0,0,0,0,0,0,0,0,39.8889,-75.2185, , 
 ,38479,2014019158,6,67,67301,2014,1,6,735,7,1,2,5,4,1, , ,N,1,2,0,3,0,0,2,2,N,N,39 58:53.029,75 06:49.373,739, ,739, ,0, ,N, ,3, , , , , ,425239, , , ,2,1,0,0,1,0,0,0,0,0,0,0,0,0,0,0,0,0,0,0,0,0,0,0,0,0,0,0,0,0,0,0,0,0,0,0,0,39.9814,-75.1137, , 
 ,38480,2014059145,6,67,67301,2014,4,6,9999,99,3,2,1,4,1, , ,N,1,2,0,3,0,4,8,3,N,N,39 58:31.286,75 14:43.805,1945, ,1934,3,1,2, , ,3,N, , , , ,425272, , , ,3,1,0,0,1,0,0,1,0,0,0,4,4,0,0,0,0,0,0,0,0,1,0,0,0,0,0,0,0,0,0,0,0,0,0,4,0,39.9753,-75.2455, , 
 ,38481,2014025881,6,67,67301,2014,1,5,601,6,3,1,0,7,4, , ,N,0,0,0,3,0,0,1,1,N, ,40 01:14.793,75 12:58.676,607, ,601, ,0, , , ,0, , , , , ,425297, , , ,1,1,0,0,0,0,0,0,0,0,0,0,0,0,0,0,0,0,0,1,0,0,0,0,0,0,0,0,0,0,0,0,0,0,0,0,0,40.0208,-75.2163, , 
 ,38482,2014013577,6,67,67301,2014,1,1,840,8,1,1,5,4,1, , ,N,0,0,0,3,0,0,1,2,N,N,40 03:39.588,75 00:34.306,843, ,843, ,0, , , ,0, , , , , ,425382, , , ,2,2,0,0,0,0,0,0,0,0,0,0,0,0,0,0,0,0,0,1,0,0,0,0,0,0,0,0,0,0,0,0,0,0,0,0,0,40.061,-75.0095, , 
 ,38483,2014029198,6,67,67301,2014,3,2,1148,11,1,1,1,7,2, , ,N,0,0,0,3,0,0,1,1,N,N,39 55:21.477,75 08:51.967,1158, ,1150,1,1,2,N, ,0,N, , , , ,425400, , , ,1,1,0,0,0,0,0,0,0,0,0,0,0,0,0,0,0,0,0,1,0,0,0,1,0,0,0,0,0,0,0,0,0,0,0,0,0,39.9226,-75.1478, , 
 ,38484,2014029835,6,67,67301,2014,2,7,1930,19,3,1,0,6,1, , ,N,5,2,0,3,0,0,3,3,N,N,39 56:45.165,75 14:24.752,1933, ,1931,2,1,3,N, ,3,Y, , , , ,425401, , , ,3,3,0,0,0,0,0,0,0,0,0,0,0,0,0,0,0,0,0,0,1,0,0,0,0,0,0,0,0,0,0,0,0,0,0,0,0,39.9459,-75.2403, , 
 ,38485,2014042630,6,67,67301,2014,3,6,1025,10,1,2,1,4,1, , ,N,1,2,0,3,0,1,3,2,N,N,39 54:42.724,75 10:21.917,1028, ,1026, ,0, , , ,3, , , , , ,425406, , , ,2,0,0,0,0,1,1,0,0,0,1,0,1,0,0,0,0,0,0,0,2,0,0,0,0,0,0,0,0,0,0,0,0,0,0,3,1,39.9119,-75.1728, , 
 ,38486,2014042750,6,67,67301,2014,3,7,2200,22,3,2,1,1,1, , ,N,0,0,0,3,0,4,4,3,N, ,39 58:40.497,75 10:11.133,2228, ,2227, ,0, , , ,0, , , , , ,425407, , , ,3,1,0,0,0,0,2,0,0,0,3,0,4,1,0,0,0,0,0,0,1,0,0,0,0,0,0,0,0,0,0,0,0,0,0,3,0,39.9779,-75.1698, , 
 ,38487,2014032483,6,67,67301,2014,2,2,1010,10,1,1,0,4,1, , ,N,1,3,0,3,0,1,3,2,N,N,39 58:33.531,75 09:34.070,1016, ,1015, ,0, ,N, ,3, , , , , ,425437, , , ,2,2,0,0,0,0,0,0,0,0,0,0,1,1,1,0,0,0,0,0,0,0,0,0,0,0,0,0,0,0,0,0,0,0,0,8,0,39.976,-75.1595, , 
 ,38488,2014039046,6,67,67301,2014,3,5,1545,15,1,1,0,8,1, , ,N,1,0,0,3,0,1,2,2,N,N,40 02:43.414,75 07:35.925,1550, ,1545, ,0, ,N, ,0, , , , , ,425441, , , ,1,1,0,0,0,0,0,0,0,0,0,1,1,0,0,0,0,0,0,0,0,0,0,0,0,0,0,0,0,0,0,0,1,0,0,4,0,40.0454,-75.1266, , 
 ,38489,2014045445,6,67,67301,2014,4,4,129,1,3,1,0,1,1, , ,N,0,0,2,3,0,3,3,2,N,N,39 53:30.810,75 14:09.207,148, ,130,1,1,1,N, ,0,N, , , , ,425489, , , ,2,1,0,0,1,0,0,0,0,0,0,3,3,0,0,0,0,0,0,0,1,0,0,0,0,0,0,0,0,0,0,0,0,0,0,4,0,39.8919,-75.2359, , 
 ,38490,2014054512,6,67,67301,2014,4,3,2040,20,3,2,1,4,1, , ,N,1,3,0,3,0,1,2,2,N,N,39 55:48.741,75 09:58.453,2050, ,2045, ,0, ,N, ,3, , , , , ,425497, , , ,1,1,0,0,0,0,0,0,1,0,0,1,1,0,0,0,0,0,0,0,0,0,0,0,0,0,0,0,0,0,0,0,0,0,0,4,0,39.9302,-75.1662, , 
 ,38491,2014054639,6,67,67301,2014,4,2,1230,12,1,1,0,4,1, , ,N,1,2,0,3,0,3,5,3,N,N,40 02:03.403,75 04:28.523,1242, ,1233,2,2,2,N, ,3,Y, , , , ,425498, , , ,3,2,0,0,0,0,1,0,0,0,0,0,3,3,0,0,0,0,0,0,1,0,0,1,0,0,0,0,0,0,0,0,0,0,0,8,0,40.0343,-75.0746, , 
 ,38492,2014065498,6,67,67301,2014,5,4,623,6,5,1,0,4,1, , ,N,1,2,0,3,0,0,2,2,N, ,40 04:50.725,75 01:42.964,647, ,636,2,1,1, , ,3,N, , , , ,425510, , , ,2,0,0,0,0,0,1,1,0,0,0,0,0,0,0,0,0,0,0,0,1,0,0,0,0,0,0,0,0,0,0,0,0,0,0,0,0,40.0808,-75.0286, , 
 ,38493,2014019089,6,67,67301,2014,1,6,935,9,1,3,5,6,1, , ,N,0,0,0,3,0,0,4,2,N,N,40 03:16.133,75 03:15.162,1000, ,957,2,1,5,N, ,0,N, , , , ,425521, , , ,2,1,0,0,0,1,0,0,0,0,0,0,0,0,0,0,0,0,0,0,0,0,0,0,0,0,0,0,0,0,0,0,0,0,0,0,1,40.0544,-75.0542, , 
 ,38494,2014025283,6,67,67301,2014,1,3,1602,16,1,4,3,7,5, , ,N,2,3,0,3,0,4,11,1,Y,N,40 02:11.932,75 10:08.559,1631, ,1613,3,2,7,N, ,3,Y, , , , ,425524, , , ,1,0,0,1,0,0,0,0,0,0,0,4,4,0,0,0,0,0,0,0,0,0,0,0,0,0,0,0,0,0,0,0,0,0,0,4,1,40.0366,-75.169, , 
 ,38495,2014034173,6,67,67301,2014,3,2,405,4,3,4,3,7,4, , ,N,5,2,0,3,0,4,6,1,N,N,40 01:24.135,75 05:04.142,420, ,405, ,0, ,N, ,3, , , , , ,425535, , , ,1,0,0,0,0,0,0,1,0,0,1,3,4,0,0,0,0,0,0,0,0,0,0,0,0,0,0,0,0,0,0,0,0,0,0,3,0,40.0234,-75.0845, , 
 ,38496,2014043116,6,67,67301,2014,3,6,1215,12,1,1,0,8,1, , ,N,1,2,0,3,0,1,2,2,N,N,40 02:11.152,75 07:49.835,1244, ,1239, ,0, ,N, ,3, , , , , ,427390, , , ,1,0,0,0,0,0,1,0,0,0,1,0,1,0,0,0,0,0,0,0,0,0,0,0,0,0,0,0,0,0,0,0,1,0,0,3,0,40.0364,-75.1305, , 
 ,38497,2014073646,6,46,46104,2014,7,1,2140,21,3,1,0,1,1, , ,N,2,2,0,3,0,1,3,2,N,N,40 00:00.415,75 13:43.355,2142, ,2140, ,0, ,N, ,3, , , , , ,427415, , , ,2,1,0,0,0,0,1,0,0,0,0,1,1,0,0,0,0,0,0,0,1,0,0,0,0,0,0,0,0,0,0,0,0,0,0,4,0,40.0001,-75.2287, , 
 ,38498,2014085479,6,67,67301,2014,8,6,900,9,1,1,0,1,1, , ,N,0,0,0,3,0,1,2,2,N,N,39 59:32.557,75 12:04.484,905, ,900, ,0, ,N, ,0, , , , , ,427421, , , ,2,1,0,0,0,1,0,0,0,0,0,1,1,0,0,0,0,0,0,0,1,0,0,0,0,0,0,0,0,0,0,0,0,0,0,4,1,39.9924,-75.2012, , 
 ,38499,2014087757,6,67,67301,2014,7,1,1045,10,1,1,0,6,1, , ,N,0,0,0,3,0,1,3,2,N,N,40 03:20.077,75 11:35.408,1055, ,1047, ,0, ,N, ,0, , , , , ,427422, , , ,2,0,0,0,0,0,2,0,0,0,0,1,1,0,0,0,0,0,0,0,1,0,0,0,0,0,0,0,0,0,0,0,0,0,0,4,0,40.0556,-75.1932, , 
 ,38500,2014091320,6,67,67301,2014,8,2,122,1,3,1,0,4,1, , ,N,1,3,0,3,0,3,3,2,N,N,40 01:20.924,75 08:40.156,134, ,130, ,0, ,N, ,3, , , , , ,427478, , , ,2,2,0,0,0,0,0,0,0,0,0,0,3,3,0,0,0,0,0,0,0,0,0,0,0,0,0,0,0,0,0,0,0,0,0,8,0,40.0225,-75.1445, , 
 ,38501,2014096397,6,67,67301,2014,9,4,840,8,1,1,0,5,1, , ,N,2,2,0,3,0,1,2,2,N,N,39 56:45.926,75 11:54.625,907, ,900, ,0, ,N, ,3, , , , , ,427481, , , ,2,1,0,0,0,0,1,0,0,0,1,0,1,0,0,0,0,0,0,0,1,1,0,0,0,0,0,0,0,0,0,0,0,0,0,3,0,39.9461,-75.1985, , 
 ,38502,2014049519,6,67,67301,2014,4,6,945,9,1,1,0,7,4, , ,N,0,0,0,3,0,1,1,1,N,N,39 58:16.888,75 13:33.034,1010, ,1001, ,0, ,N, ,0, , , , , ,427494, , , ,1,1,0,0,0,0,0,0,0,0,0,1,1,0,0,0,0,0,0,0,0,0,0,0,0,0,0,0,0,0,0,0,0,0,0,4,0,39.9714,-75.2258, , 
 ,38503,2014049748,6,67,67301,2014,3,5,1953,19,3,1,0,4,1, , ,N,1,3,0,3,0,1,3,2,N,N,39 59:27.780,75 14:10.211,1955, ,1954, ,0, , , ,3, , , , , ,427495, , , ,2,2,0,0,0,0,0,0,0,0,0,0,1,1,0,0,0,0,0,0,0,0,1,2,0,0,0,0,0,0,0,0,0,0,0,8,0,39.9911,-75.2362, , 
 ,38504,2014025608,6,67,67301,2014,2,7,1524,15,1,1,0,1,1, , ,N,0,0,0,3,0,1,2,2,N,N,40 01:26.823,75 01:52.190,1546, ,1535, ,0, ,N, ,0, , , , , ,427504, , , ,2,1,0,0,0,0,1,0,0,0,0,0,1,1,0,0,0,0,0,0,0,1,0,0,0,0,0,0,0,0,0,0,0,0,0,8,0,40.0241,-75.0312, , 
 ,38505,2014028037,6,67,67301,2014,3,5,1500,15,1,1,0,8,1, , ,N,1,2,0,3,0,1,3,2,N,N,39 58:40.787,75 09:09.269,1505, ,1504, ,0, ,N, ,3, , , , , ,427507, , , ,1,0,0,0,0,0,0,1,0,0,1,0,1,0,0,0,1,0,0,0,0,0,0,0,0,0,0,0,0,0,0,0,1,0,0,3,0,39.9779,-75.1526, , 
 ,38506,2014042688,6,67,67301,2014,3,1,100,1,3,1,0,6,6, , ,N,0,0,0,3,0,0,1,4,N,N,39 58:46.160,75 08:12.948,115, ,109, ,0, ,N, ,0, , , , , ,427522, , , ,4,2,0,0,0,0,2,0,0,0,0,0,0,0,1,0,0,0,0,0,0,0,0,0,0,0,0,0,0,0,0,0,0,0,0,9,0,39.9795,-75.1369, , 
 ,38507,2014059005,6,67,67301,2014,5,1,1321,13,1,1,0,8,1, , ,N,0,0,0,3,0,1,3,2,N, ,39 59:14.168,75 10:15.355,1335, ,1330, ,0, , , ,0, , , , , ,427534, , , ,1,1,0,0,0,0,0,0,0,0,0,0,1,1,0,0,0,0,0,0,0,0,0,0,0,0,0,0,0,0,0,0,1,0,0,8,0,39.9873,-75.1709, , 
 ,38508,2014068022,6,67,67301,2014,5,4,1528,15,1,2,1,4,1, , ,N,2,3,0,3,0,0,2,2,N,N,40 00:54.950,75 11:53.843,1540, ,1535, ,0, ,N, ,3, , , , , ,427543, , , ,2,1,0,0,0,0,1,0,0,0,0,0,0,0,0,0,0,0,0,0,0,0,0,0,0,0,0,0,0,0,0,0,0,0,0,0,0,40.0153,-75.1983, , 
 ,38509,2014068083,6,67,67301,2014,5,7,350,3,3,1,0,6,1, , ,N,2,0,0,3,0,0,3,2,N,N,39 58:51.223,75 05:58.785,431, ,427, ,0, ,N, ,0, , , , , ,427544, , , ,2,1,0,0,0,1,0,0,0,0,0,0,0,0,0,0,0,0,0,0,0,0,0,2,0,0,0,0,0,0,0,0,0,0,0,0,0,39.9809,-75.0997, , 
 ,38510,2014068158,6,67,67301,2014,6,2,653,6,1,1,0,8,1, , ,N,1,3,0,3,0,1,2,2,N,N,39 55:01.315,75 13:53.882,830, ,821, ,0, ,N, ,3, , , , , ,427545, , , ,1,1,0,0,0,0,0,0,0,0,0,1,1,0,0,0,0,0,0,0,0,0,0,0,0,0,0,0,0,0,0,0,1,0,0,4,0,39.917,-75.2316, , 
 ,38511,2014021557,6,67,67301,2014,1,6,723,7,1,1,0,8,1, , ,N,1,2,0,3,0,1,3,2,N,N,39 55:18.821,75 10:13.026,727, ,723, ,0, ,N, ,3, , , , , ,427604, , , ,1,0,0,0,1,0,0,0,0,0,1,0,1,0,0,0,0,0,0,0,0,0,0,0,0,0,0,0,0,0,0,0,1,0,0,3,0,39.9219,-75.1702, , 
 ,38512,2014051187,6,67,67301,2014,5,6,1540,15,1,2,1,1,1, , ,N,0,0,0,3,0,1,2,2,N,N,39 57:26.923,75 09:02.471,1606, ,1602, ,0, ,N, ,0, , , , , ,427625, , , ,2,1,0,0,0,0,1,0,0,0,0,1,1,0,0,0,0,0,0,0,0,0,0,0,0,0,0,0,0,0,0,0,0,0,0,4,0,39.9575,-75.1507, , 
 ,38513,2014054559,6,67,67301,2014,2,6,2207,22,3,1,0,4,1, , ,N,1,2,0,3,0,1,6,2,N,N,40 00:28.592,75 10:20.286,2215, ,2208,3,2,5, , ,3,Y, , , , ,427628, , , ,2,1,0,0,0,1,0,0,0,0,1,0,1,0,0,0,0,0,0,0,1,0,0,0,0,0,0,0,0,0,0,0,0,0,0,3,1,40.0079,-75.1723, , 
 ,38514,2014025373,6,67,67301,2014,1,4,1316,13,1,4,3,7,4, , ,N,0,0,1,3,0,1,1,1,N,N,40 01:52.795,75 05:07.346,1318, ,1317, ,0, , , ,0, , , , , ,416997, , , ,1,1,0,0,0,0,0,0,0,0,0,1,1,0,0,0,0,0,0,1,0,0,0,0,0,0,0,0,0,0,0,0,0,0,0,4,0,40.0313,-75.0854, , 
 ,38515,2014054546,6,67,67301,2014,4,5,810,8,1,1,0,2,1, , ,N,0,0,0,3,0,2,2,2,N,N,40 06:42.112,75 01:07.550,816, ,815,1,1,5,N, ,0,Y, , , , ,417020, , , ,2,0,0,0,1,0,1,0,0,0,1,1,2,0,0,0,0,0,0,0,0,0,0,0,0,0,0,0,0,0,0,0,0,0,0,3,0,40.1117,-75.0188, , 
 ,38516,2014019958,6,67,67301,2014,2,3,640,6,5,1,0,1,1, , ,N,0,0,0,3,0,1,4,4,Y,N,39 59:43.656,75 11:51.882,650, ,640,2,2,3,N, ,0,N, , , , ,417039, , , ,4,0,0,1,1,1,1,0,0,0,0,0,1,1,0,0,0,0,0,0,1,0,0,0,0,0,0,0,0,0,0,0,0,0,0,8,2,39.9955,-75.1977, , 
 ,38517,2014034267,6,67,67301,2014,2,4,950,9,1,4,6,1,1, , ,N,1,2,0,3,0,2,6,2,N,N,39 59:16.868,75 08:41.384,950, ,952, ,0, ,N, ,3, , , , , ,417051, , , ,2,2,0,0,0,0,0,0,0,0,0,0,2,2,1,0,0,0,0,0,0,0,0,0,0,0,0,0,0,0,0,0,0,0,0,8,0,39.988,-75.1448, , 
 ,38518,2014029867,6,67,67301,2014,2,2,819,8,1,4,5,5,1, , ,N,0,3,0,3,0,1,12,2,N, ,40 00:01.982,75 05:48.492,822, ,819,3,2,6, , ,3,Y, , , , ,417105, , , ,2,0,0,1,0,1,0,0,0,0,0,1,1,0,0,0,0,0,0,0,0,0,0,0,0,0,0,0,0,0,0,0,0,0,0,4,2,40.0006,-75.0968, , 
 ,38519,2014039054,6,67,67301,2014,3,2,900,9,1,1,0,8,1, , ,N,1,2,0,3,0,1,2,2,N,Y,40 03:20.764,75 09:31.951,904, ,902, ,0, ,N, ,3, , , , , ,417114, , , ,1,1,0,0,0,0,0,0,0,0,0,1,1,0,0,0,0,0,0,0,0,0,0,0,0,0,0,0,0,0,0,0,1,0,0,4,0,40.0558,-75.1589, , 
 ,38520,2014044570,6,67,67301,2014,3,2,1030,10,1,4,6,7,4, , ,N,0,0,0,3,0,1,1,1,N,N,39 57:04.508,75 10:46.472,1046, ,1039, ,0, , , ,0, , , , , ,417122, , , ,1,1,0,0,0,0,0,0,0,0,0,1,1,0,0,0,0,0,0,0,0,0,0,0,0,0,0,0,0,0,0,0,0,0,0,4,0,39.9513,-75.1796, , 
 ,38521,2014019154,6,67,67301,2014,1,3,1755,17,3,2,1,8,1, , ,N,1,2,0,3,0,1,2,2,N,N,39 56:23.917,75 12:49.859,1820, ,1813, ,0, ,N, ,3, , , , , ,417142, , , ,1,1,0,0,0,0,0,0,0,0,0,1,1,0,1,0,0,0,0,0,0,0,0,0,0,0,0,0,0,0,0,0,1,0,0,4,0,39.94,-75.2138, , 
 ,38522,2014025418,6,67,67301,2014,1,5,2325,23,3,1,0,2,1, , ,N,0,0,0,3,0,1,1,2,N, ,40 03:50.290,75 00:11.960,2334, ,2330, ,0, , , ,0, , , , , ,417144, , , ,2,2,0,0,0,0,0,0,0,0,0,0,1,1,0,0,0,0,0,0,1,0,0,0,0,0,0,0,0,0,0,0,0,0,0,8,0,40.064,-75.0033, , 
 ,38523,2014029195,6,67,67301,2014,3,1,1417,14,1,1,0,1,1, , ,N,0,0,0,3,0,1,5,3,N,N,39 58:47.748,75 06:23.078,1426, ,1420, ,0, ,N, ,0, , , , , ,417146, , , ,3,3,0,0,0,0,0,0,0,0,0,0,1,1,0,0,0,0,0,0,0,0,0,0,0,0,0,0,0,0,0,0,0,0,0,8,0,39.9799,-75.1064, , 
 ,38524,2014042742,6,67,67301,2014,3,2,755,7,1,4,3,1,1, , ,N,5,2,0,3,0,3,13,2,Y, ,40 00:17.776,75 10:43.375,805, ,758, ,0, , , ,3, , , , , ,417164, , , ,2,0,0,1,0,0,0,1,0,0,0,3,3,0,0,0,0,0,0,0,0,0,0,0,0,0,0,0,0,0,0,0,0,0,0,4,1,40.005,-75.1786, , 
 ,38525,2014043048,6,67,67301,2014,3,7,1750,17,1,1,0,1,1, , ,N,0,0,0,3,0,1,4,3,N,N,40 02:21.393,75 06:36.264,1800, ,1758, ,0, ,N, ,0, , , , , ,417165, , , ,3,1,0,0,0,0,1,1,0,0,0,1,1,0,0,0,0,0,0,0,0,0,0,0,0,0,0,0,0,0,0,0,0,0,0,4,0,40.0393,-75.1101, , 
 ,38526,2014049712,6,67,67301,2014,4,3,1904,19,1,1,0,5,6, , ,N,0,0,0,3,0,0,1,3,N, ,40 00:57.765,75 03:50.176,2000, ,1956, ,0, , , ,0, , , , , ,417171, , , ,3,3,0,0,0,0,0,0,0,0,0,0,0,0,0,0,0,0,0,0,0,0,0,0,0,0,0,0,0,0,0,0,0,0,0,0,0,40.016,-75.0639, , 
 ,38527,2014034277,6,67,67301,2014,2,5,1911,19,3,1,0,1,6, , ,N,0,0,0,3,0,1,2,4,N,N,39 58:38.768,75 07:53.170,1911, ,1911, ,0, ,N, ,0, , , , , ,417199, , , ,4,3,0,0,0,0,1,0,0,0,0,1,1,0,0,0,0,0,0,0,0,0,0,0,0,0,0,0,0,0,0,0,0,0,0,4,0,39.9774,-75.1314, , 
 ,38528,2014034900,6,67,67301,2014,3,2,441,4,2,4,3,0,1, , ,N,0,0,3,3,0,0,1,1,N,N,39 55:42.311,75 08:46.537,451, ,442,3,1,1,N, ,0,N, , , , ,417200, , , ,1,0,0,0,0,1,0,0,0,0,0,0,0,0,0,0,0,0,0,0,0,0,0,0,0,0,0,0,0,0,0,0,0,0,0,0,1,39.9284,-75.1463, , 
 ,38529,2014038959,6,67,67301,2014,3,3,1645,16,1,1,0,4,1, , ,N,0,0,7,3,0,1,3,2,N,N,40 01:28.586,75 08:52.024,1740, ,1730, ,0, ,N, ,0, , , , , ,417201, , , ,2,2,0,0,0,0,0,0,0,0,0,0,1,1,1,0,0,0,0,0,1,0,0,0,0,0,0,0,0,0,0,0,0,0,0,8,0,40.0246,-75.1478, , 
 ,38530,2014042730,6,67,67301,2014,3,3,750,7,1,1,0,8,1, , ,N,1,2,0,3,0,1,2,2,N,N,39 58:43.230,75 09:28.092,750, ,750,1,1,3,N, ,3,N, , , , ,417205, , , ,1,0,0,0,1,0,0,0,0,0,0,1,1,0,0,0,0,0,0,0,0,0,0,0,0,0,0,0,0,0,0,0,1,0,0,4,0,39.9787,-75.1578, , 
 ,38531,2014048553,6,67,67301,2014,5,1,1753,17,1,1,0,1,1, , ,N,0,0,0,3,0,1,4,2,N,N,39 57:30.407,75 10:02.439,1807, ,1757, ,0, ,N, ,0, , , , , ,417213, , , ,2,1,0,0,0,0,0,1,0,0,0,0,1,1,0,0,0,0,0,0,0,1,0,0,0,0,0,0,0,0,0,0,0,0,0,8,0,39.9584,-75.1673, , 
 ,38532,2014032510,6,67,67301,2014,2,3,1050,10,1,4,5,8,1, , ,N,0,0,0,3,0,1,1,2,N, ,40 03:20.083,75 11:08.470,1100, ,1054, ,0, , , ,0, , , , , ,421152, , , ,1,0,0,0,0,0,0,1,0,0,0,1,1,0,0,0,0,0,0,0,0,0,0,0,0,0,0,0,0,0,0,0,1,0,0,4,0,40.0556,-75.1857, , 
 ,38533,2014035700,6,67,67301,2014,3,1,836,8,1,1,0,7,3, , ,N,0,0,0,3,0,0,1,1,N,N,40 01:11.100,75 08:54.721,844, ,833,1,2,2, , ,0,N, , , , ,421155, , , ,1,1,0,0,0,0,0,0,0,0,0,0,0,0,0,0,0,0,0,1,0,0,0,0,0,0,0,0,0,0,0,0,0,0,0,0,0,40.0198,-75.1485, , 
 ,38534,2014043041,6,67,67301,2014,3,7,500,5,3,1,0,5,6, , ,N,0,0,0,3,0,0,1,2,N, ,40 00:07.639,75 10:10.293,9999, ,9999, ,0, , , ,0, , , , , ,421164, , , ,2,1,0,0,0,0,1,0,0,0,0,0,0,0,0,0,0,0,0,0,0,0,0,0,0,0,0,0,0,0,0,0,0,0,0,0,0,40.0021,-75.1695, , 
 ,38535,2014032381,6,67,67301,2014,2,1,330,3,3,4,6,6,6, , ,N,0,0,0,3,0,0,1,2,N, ,39 59:03.520,75 09:11.770,330, ,333, ,0, , , ,0, , , , , ,421250, , , ,2,0,0,0,2,0,0,0,0,0,0,0,0,0,0,0,0,0,0,0,1,0,0,0,0,0,0,0,0,0,0,0,0,0,0,0,0,39.9843,-75.1533, , 
 ,38536,2014039370,6,67,67301,2014,3,2,1450,14,1,4,4,2,1, , ,N,0,0,0,3,0,4,5,4,N,N,40 03:15.893,75 00:30.587,1503, ,1458, ,0, , , ,0, , , , , ,421258, , , ,4,1,0,0,2,0,1,0,0,0,0,4,4,0,0,0,0,0,0,0,2,0,0,4,0,0,0,0,0,0,0,0,0,0,0,4,0,40.0544,-75.0085, , 
 ,38537,2014042697,6,67,67301,2014,3,6,933,9,1,2,1,8,1, , ,N,1,0,0,3,0,1,2,2,N,N,40 02:32.695,75 06:18.240,943, ,935, ,0, ,N, ,0, , , , , ,421306, , , ,1,0,0,0,0,0,0,1,0,0,0,1,1,0,0,0,0,0,0,0,0,0,0,0,0,0,0,0,0,0,0,0,1,0,0,4,0,40.0424,-75.1051, , 