wz_ln_closure,objectid_1,crn,district,county,municipality,crash_year,crash_month,day_of_week,time_of_day,hour_of_day,illumination,weather,road_condition,collision_type,relation_to_road,work_zone_type,work_zone_loc,work_zone_ind,intersect_type,tcd_type,location_type,urban_rural,fatal_count,injury_count,person_count,total_units,sch_bus_ind,sch_zone_ind,latitude,longitude,arrival_tm,cons_zone_spd_lim,dispatch_tm,est_hrs_closed,lane_closed,ln_close_dir,ntfy_hiwy_maint,spec_juris_cd,tcd_func_cd,tfc_detour_ind,workers_pres,wz_close_detour,wz_flagger,wz_law_offcr_ind,objectid,wz_moving,wz_other,wz_shlder_mdn,vehicle_count,automobile_count,motorcycle_count,bus_count,small_truck_count,heavy_truck_count,suv_count,van_count,bicycle_count,maj_inj_count,mod_inj_count,min_inj_count,tot_inj_count,unk_inj_deg_count,unk_inj_per_count,driver_count_16yr,driver_count_17yr,driver_count_18yr,driver_count_19yr,driver_count_20yr,driver_count_50_64yr,driver_count_65_74yr,driver_count_75plus,unbelted_occ_count,unb_death_count,unb_maj_inj_count,belted_death_count,belted_maj_inj_count,mcycle_death_count,mcycle_maj_inj_count,bicycle_death_count,bicycle_maj_inj_count,ped_count,ped_death_count,ped_maj_inj_count,max_severity_level,comm_veh_count,dec_lat,dec_long,rdwy_surf_type_cd,county_name
 ,38538,2014043181,6,67,67301,2014,4,1,1754,17,1,1,0,0,1, , ,N,0,0,0,3,0,0,1,1,N,N,40 00:48.406,75 03:25.770,1756, ,1754,1,2,1,N, ,0,N, , , , ,421308, , , ,1,1,0,0,0,0,0,0,0,0,0,0,0,0,0,0,0,0,0,0,0,0,1,0,0,0,0,0,0,0,0,0,0,0,0,0,0,40.0134,-75.0572, , 
 ,38539,2014059255,6,67,67301,2014,5,6,1940,19,4,1,0,5,6, , ,N,0,0,0,3,0,3,4,3,N,N,39 56:37.215,75 14:46.462,2006, ,1944,2,1,4,N, ,0,Y, , , , ,421321, , , ,3,1,0,0,0,0,1,0,0,0,0,0,3,3,0,0,0,0,0,0,0,0,0,0,0,0,0,0,0,0,0,0,0,0,0,8,0,39.9437,-75.2462, , 
 ,38540,2014081427,6,67,67301,2014,6,1,1145,11,1,1,0,5,6, , ,N,0,0,0,3,0,0,2,3,N,N,39 59:43.418,75 06:08.010,1150, ,1150, ,0, ,N, ,0, , , , , ,421386, , , ,2,1,0,0,0,0,1,0,0,0,0,0,0,0,0,0,0,0,0,0,0,0,0,0,0,0,0,0,0,0,0,0,0,0,0,0,0,39.9954,-75.1022, , 
 ,38541,2014088667,6,67,67301,2014,7,7,302,3,3,1,0,1,1, , ,N,0,0,0,3,0,1,2,2,N,N,39 59:55.665,75 13:53.453,318, ,316,9,1,3, , ,0,N, , , , ,421393, , , ,2,0,1,0,0,0,1,0,0,0,1,0,1,0,0,0,0,0,0,0,0,0,0,0,0,0,0,0,0,0,0,0,0,0,0,3,0,39.9988,-75.2315, , 
 ,38542,2014089352,6,67,67301,2014,8,7,1245,12,1,1,0,4,1, , ,N,0,0,0,3,0,0,1,2,N,N,40 01:42.482,75 03:40.089,1345, ,1340,2,2,3,N, ,0,Y, , , , ,421395, , , ,2,1,0,0,0,0,0,1,0,0,0,0,0,0,0,0,0,0,0,0,1,0,0,0,0,0,0,0,0,0,0,0,0,0,0,0,0,40.0285,-75.0611, , 
 ,38543,2014096395,6,67,67301,2014,9,6,1741,17,1,1,0,1,1, , ,N,0,0,0,3,0,1,7,3,N,N,40 05:00.679,75 02:21.495,1743, ,1741,1,1,1,N, ,0,N, , , , ,421403, , , ,3,2,0,0,0,0,1,0,0,0,0,0,1,1,0,0,0,0,0,0,0,0,0,0,0,0,0,0,0,0,0,0,0,0,0,8,0,40.0823,-75.0407, , 
 ,38544,2014096411,6,67,67301,2014,9,2,2340,23,3,1,0,4,1, , ,N,1,3,0,3,0,0,4,2,N, ,40 00:31.212,75 09:34.394,5, ,2354, ,0, , , ,3, , , , , ,421404, , , ,2,1,0,0,0,0,1,0,0,0,0,0,0,0,4,0,0,0,0,0,0,0,0,0,0,0,0,0,0,0,0,0,0,0,0,9,0,40.0087,-75.1596, , 
 ,38545,2014020018,6,67,67301,2014,1,3,1905,19,3,1,0,1,1, , ,N,0,0,0,3,0,0,3,2,N,N,40 00:01.070,75 11:42.527,1915, ,1909, ,0, ,N, ,0, , , , , ,421432, , , ,2,1,0,0,1,0,0,0,0,0,0,0,0,0,0,0,0,0,0,0,0,0,0,0,0,0,0,0,0,0,0,0,0,0,0,0,0,40.0003,-75.1951, , 
 ,38546,2014025492,6,67,67301,2014,1,2,132,1,3,1,0,8,1, , ,N,1,2,0,3,0,1,2,2,N,N,39 56:54.970,75 10:03.935,1200, ,1200, ,0, ,N, ,3, , , , , ,421445, , , ,1,1,0,0,0,0,0,0,0,0,1,0,1,0,0,0,0,0,0,0,0,0,0,0,0,0,0,0,0,0,0,0,1,0,0,3,0,39.9486,-75.1678, , 
 ,38547,2014030288,6,67,67301,2014,2,3,300,3,3,4,5,7,4, , ,N,1,2,0,3,0,0,4,1,N,N,39 56:45.881,75 14:31.459,1900, ,1900, ,0, ,N, ,3, , , , , ,421447, , , ,1,1,0,0,0,0,0,0,0,0,0,0,0,0,0,0,0,0,0,0,0,0,0,0,0,0,0,0,0,0,0,0,0,0,0,0,0,39.9461,-75.2421, , 
 ,38548,2014039351,6,67,67301,2014,3,2,559,5,1,3,4,4,1, , ,N,3,2,0,3,0,1,3,3,Y, ,40 00:05.133,75 04:54.196,600, ,559, ,0, , , ,3, , , , , ,421453, , , ,3,1,0,1,0,0,0,1,0,0,0,1,1,0,0,0,0,0,0,0,1,0,0,1,0,0,0,0,0,0,0,0,0,0,0,4,1,40.0014,-75.0816, , 
 ,38549,2014049811,6,67,67301,2014,4,3,1535,15,1,2,1,4,1, , ,N,0,0,7,3,0,1,2,2,N,N,39 58:13.266,75 09:39.490,1944, ,1944, ,0, , , ,0, , , , , ,421460, , , ,2,1,0,0,0,0,1,0,0,0,0,1,1,0,0,0,0,0,0,0,0,0,0,0,0,0,0,0,0,0,0,0,0,0,0,4,0,39.9704,-75.161, , 
 ,38550,2014032379,6,67,67301,2014,2,7,1147,11,1,1,0,8,1, , ,N,1,2,0,3,0,1,5,2,N, ,39 57:20.808,75 09:32.558,1148, ,1148, ,0, , , ,3, , , , , ,421493, , , ,1,1,0,0,0,0,0,0,0,0,0,0,1,1,0,0,0,0,0,0,0,0,0,0,0,0,0,0,0,0,0,0,1,0,0,8,0,39.9558,-75.159, , 
 ,38551,2014034263,6,67,67301,2014,3,3,1845,18,3,1,0,4,1, , ,N,1,2,0,3,0,1,2,2,N,N,40 01:50.847,75 06:43.088,1913, ,1907, ,0, ,N, ,3, , , , , ,425536, , , ,2,1,0,0,1,0,0,0,0,0,0,1,1,0,0,0,0,0,0,0,0,0,0,0,0,0,0,0,0,0,0,0,0,0,0,4,0,40.0308,-75.112, , 
 ,38552,2014050273,6,67,67301,2014,4,2,1245,12,1,1,0,1,1, , ,N,0,0,0,3,0,1,3,2,N, ,40 03:52.964,74 59:57.876,9999, ,9999, ,0, , , ,0, , , , , ,425551, , , ,2,0,0,0,1,0,1,0,0,1,0,0,1,0,0,0,0,0,0,0,1,1,0,0,0,0,0,0,0,0,0,0,0,0,0,2,0,40.0647,-74.9994, , 
 ,38553,2014029833,6,67,67301,2014,2,6,210,2,3,1,0,4,1, , ,N,1,2,0,3,0,0,3,2,N,N,40 00:35.379,75 09:03.622,213, ,213,2,1,1,N, ,3,N, , , , ,425580, , , ,2,1,0,0,0,0,1,0,0,0,0,0,0,0,0,0,0,0,0,0,0,0,0,0,0,0,0,0,0,0,0,0,0,0,0,0,0,40.0098,-75.151, , 
 ,38554,2014038960,6,67,67301,2014,2,7,430,4,3,1,1,4,1, , ,N,0,0,0,3,0,1,2,2,N,N,39 58:35.676,75 13:31.430,438, ,434,1,1,4,N, ,0,N, , , , ,425589, , , ,2,1,0,0,0,0,0,0,0,0,0,1,1,0,1,0,0,0,0,0,0,0,0,0,0,0,0,0,0,0,0,0,0,0,0,4,0,39.9766,-75.2254, , 
 ,38555,2014044566,6,67,67301,2014,3,5,1035,10,1,1,0,4,1, , ,N,1,2,0,3,0,1,2,2,N, ,39 57:19.443,75 10:16.111,1050, ,1045,2,2,4,N, ,3,Y, , , , ,425593, , , ,2,1,0,0,0,0,1,0,0,0,0,1,1,0,0,0,0,0,0,0,0,0,0,0,0,0,0,0,0,0,0,0,0,0,0,4,0,39.9554,-75.1711, , 
 ,38556,2014052129,6,67,67301,2014,5,3,1718,17,1,1,0,1,1, , ,N,0,0,0,3,0,2,3,2,N,N,39 58:51.720,75 12:23.006,1753, ,1719, ,0, ,N, ,0, , , , , ,425596, , , ,2,2,0,0,0,0,0,0,0,0,0,0,2,2,0,0,0,0,0,0,0,0,0,0,0,0,0,0,0,0,0,0,0,0,0,8,0,39.981,-75.2064, , 
 ,38557,2014054548,6,67,67301,2014,4,4,820,8,1,1,0,1,1, , ,N,0,0,0,3,0,3,3,2,N, ,40 05:38.761,75 03:05.267,825, ,820,2,2,2, , ,0,N, , , , ,425598, , , ,2,0,0,0,1,1,0,0,0,0,0,0,3,3,0,0,0,0,0,0,0,0,0,1,0,0,0,0,0,0,0,0,0,0,0,8,1,40.0941,-75.0515, , 
 ,38558,2014059037,6,67,67301,2014,5,2,820,8,1,1,0,5,1, , ,N,0,0,0,3,0,1,3,3,N,N,39 58:25.325,75 12:27.371,836, ,824,1,2,3,N, ,0,Y, , , , ,425602, , , ,3,2,0,0,0,0,0,0,0,0,0,1,1,0,0,0,0,0,0,0,0,0,0,0,0,0,0,0,0,0,0,0,0,0,0,4,0,39.9737,-75.2076, , 
 ,38559,2014059221,6,67,67301,2014,5,3,1620,16,1,1,0,5,1, , ,N,0,0,0,3,0,1,2,2,N,N,40 01:26.927,75 07:59.545,1630, ,1625,1,2,2,N, ,0,Y, , , , ,425603, , , ,2,0,0,0,0,0,2,0,0,0,0,1,1,0,0,0,0,0,0,0,0,1,0,0,0,0,0,0,0,0,0,0,0,0,0,4,0,40.0241,-75.1332, , 
 ,38560,2014021656,6,67,67301,2014,2,4,230,2,3,1,0,7,2, , ,N,0,0,0,3,0,1,1,1,N,N,39 56:39.224,75 11:30.864,236, ,230,1,1,3,N, ,0,Y, , , , ,425624, , , ,1,1,0,0,0,0,0,0,0,0,0,0,1,1,0,0,0,0,0,0,0,0,0,1,0,0,0,0,0,0,0,0,0,0,0,8,0,39.9428,-75.1933, , 
 ,38561,2014018201,6,67,67301,2014,2,5,817,8,1,1,0,1,1, , ,N,0,0,0,3,0,0,3,3,N,N,40 00:49.183,75 03:25.833,822, ,822, ,0, ,N, ,0, , , , , ,425676, , , ,3,2,0,0,0,0,1,0,0,0,0,0,0,0,0,0,0,0,0,0,0,0,0,0,0,0,0,0,0,0,0,0,0,0,0,0,0,40.0137,-75.0572, , 
 ,38562,2014021125,6,67,67301,2014,2,7,1646,16,1,1,0,1,1, , ,N,0,0,0,3,0,0,2,2,N,N,40 00:06.359,75 04:42.678,1702, ,1647,1,1,1,N, ,0,N, , , , ,425680, , , ,2,1,0,0,0,1,0,0,0,0,0,0,0,0,0,0,0,0,0,0,1,0,0,0,0,0,0,0,0,0,0,0,0,0,0,0,0,40.0018,-75.0785, , 
 ,38563,2014034168,6,67,67301,2014,2,3,9999,99,3,1,0,4,1, , ,N,1,2,0,3,0,1,2,2,N,N,39 55:45.425,75 10:06.785,2022, ,2020, ,0, , , ,3, , , , , ,425695, , , ,1,1,0,0,0,0,0,0,1,0,0,0,1,1,0,0,0,0,0,0,0,0,0,0,0,0,0,0,0,0,0,0,0,0,0,8,0,39.9293,-75.1686, , 
 ,38564,2014042645,6,67,67301,2014,3,7,9999,99,3,1,0,1,1, , ,N,0,0,0,3,0,0,3,3,N,N,40 02:22.584,75 03:35.407,2045, ,2040, ,0, ,N, ,0, , , , , ,425703, , , ,3,1,0,0,1,0,1,0,0,0,0,0,0,0,0,0,0,0,0,0,1,0,0,1,0,0,0,0,0,0,0,0,0,0,0,0,0,40.0396,-75.0598, , 
 ,38565,2014039030,6,67,67301,2014,3,1,9,0,3,1,0,5,6, , ,N,0,0,0,3,0,0,1,6,N, ,40 01:52.812,75 12:48.387,18, ,9, ,0, , , ,0, , , , , ,425736, , , ,6,2,0,0,3,0,1,0,0,0,0,0,0,0,0,0,0,0,0,0,0,0,0,0,0,0,0,0,0,0,0,0,0,0,0,0,0,40.0313,-75.2134, , 
 ,38566,2014040908,6,67,67301,2014,4,3,1735,17,1,2,1,1,1, , ,N,0,0,0,3,0,1,2,2,N,N,39 59:22.480,75 05:14.165,1753, ,1741,1,1,1,N, ,0,N, , , , ,425739, , , ,2,1,0,0,0,0,1,0,0,0,0,1,1,0,0,0,0,0,0,0,0,0,0,0,0,0,0,0,0,0,0,0,0,0,0,4,0,39.9896,-75.0873, , 
 ,38567,2014049602,6,67,67301,2014,4,4,720,7,1,1,0,8,1, , ,N,1,2,0,3,0,1,2,2,N,N,40 02:43.800,75 09:53.514,728, ,722, ,0, , , ,3, , , , , ,425746, , , ,1,1,0,0,0,0,0,0,0,0,0,1,1,0,1,0,0,0,0,0,0,0,0,0,0,0,0,0,0,0,0,0,1,0,0,4,0,40.0455,-75.1649, , 
 ,38568,2014016126,6,67,67301,2014,1,6,1840,18,3,2,1,4,1, , ,N,1,2,0,3,0,1,2,3,N, ,40 03:02.755,75 08:55.321,1840, ,1840,2,2,7, , ,3,Y, , , , ,425768, , , ,3,1,0,0,1,0,1,0,0,0,0,1,1,0,0,0,0,0,0,0,2,0,0,0,0,0,0,0,0,0,0,0,0,0,0,4,0,40.0507,-75.1487, , 
 ,38569,2014049575,6,67,67301,2014,4,5,2210,22,3,1,0,4,1, , ,N,1,2,0,3,0,1,3,2,N,N,40 02:51.581,75 03:35.828,2210, ,2200, ,0, ,N, ,3, , , , , ,428967, , , ,2,2,0,0,0,0,0,0,0,0,0,0,1,1,0,0,0,0,0,0,0,0,0,0,0,0,0,0,0,0,0,0,0,0,0,8,0,40.0477,-75.06, , 
 ,38570,2014064844,6,67,67301,2014,6,4,839,8,1,1,0,5,1, , ,N,0,0,0,3,0,0,35,2,N,N,39 59:43.507,75 05:00.562,847, ,844,1,2,2,Y, ,0,N, , , , ,429007, , , ,2,0,0,1,0,0,1,0,0,0,0,0,0,0,0,0,0,0,0,0,0,0,0,0,0,0,0,0,0,0,0,0,0,0,0,0,1,39.9954,-75.0835, , 
 ,38571,2014084431,6,67,67301,2014,7,5,1018,10,1,1,0,1,1, , ,N,1,2,0,3,0,1,2,2,N, ,39 57:34.106,75 13:59.495,1030, ,1021, ,0, , , ,3, , , , , ,429021, , , ,2,2,0,0,0,0,0,0,0,0,0,0,1,1,0,0,0,0,0,0,1,0,0,0,0,0,0,0,0,0,0,0,0,0,0,8,0,39.9595,-75.2332, , 
 ,38572,2014088024,6,67,67301,2014,8,2,1335,13,1,1,0,4,1, , ,N,1,2,0,3,0,1,3,3,N, ,40 01:45.357,75 10:53.338,1348, ,1342, ,0, , , ,3, , , , , ,429061, , , ,3,1,1,0,0,0,0,1,0,0,0,1,1,0,0,0,0,0,0,0,0,0,0,2,0,0,0,0,0,0,0,0,0,0,0,4,0,40.0293,-75.1815, , 
 ,38573,2014106775,6,67,67301,2014,10,7,745,7,1,2,1,4,1, , ,N,1,2,0,3,0,2,3,2,N,N,40 01:37.801,75 09:04.478,900, ,845, ,0, ,N, ,3, , , , , ,429080, , , ,2,0,0,0,0,0,1,1,0,0,0,2,2,0,0,0,0,0,0,0,0,0,0,0,0,0,0,0,0,0,0,0,0,0,0,4,0,40.0272,-75.1512, , 
 ,38574,2014068058,6,67,67301,2014,6,7,1653,16,1,1,0,4,1, , ,N,0,3,7,3,0,1,3,2,N,N,40 05:35.088,74 57:40.942,1656, ,1653,2,2,5,N, ,3,Y, , , , ,429087, , , ,2,1,0,0,1,0,0,0,0,0,0,0,1,1,0,0,0,0,0,0,1,0,0,0,0,0,0,0,0,0,0,0,0,0,0,8,0,40.0931,-74.9614, , 
 ,38575,2014027716,6,67,67301,2014,1,2,735,7,1,1,1,1,1, , ,N,0,0,0,3,0,1,2,2,N,N,39 57:36.687,75 14:50.110,755, ,742, ,0, ,N, ,0, , , , , ,429108, , , ,2,1,0,0,0,0,1,0,0,0,0,0,1,1,0,0,0,0,0,0,0,0,0,0,0,0,0,0,0,0,0,0,0,0,0,8,0,39.9602,-75.2473, , 
 ,38576,2014039042,6,67,67301,2014,3,4,1453,14,1,1,0,7,4, , ,N,0,0,0,3,0,1,1,1,N, ,40 02:10.097,75 04:54.225,1500, ,1457,2,1,1, , ,0,Y, , , , ,429121, , , ,1,1,0,0,0,0,0,0,0,0,0,0,1,1,0,0,0,0,0,0,0,0,0,0,0,0,0,0,0,0,0,0,0,0,0,8,0,40.0361,-75.0817, , 
 ,38577,2014043037,6,67,67301,2014,3,6,2247,22,3,1,0,4,1, , ,N,2,3,0,3,0,0,3,2,N,N,40 01:43.298,75 12:51.083,2310, ,2304, ,0, ,N, ,3, , , , , ,429126, , , ,2,2,0,0,0,0,0,0,0,0,0,0,0,0,0,0,0,0,1,0,0,0,0,0,0,0,0,0,0,0,0,0,0,0,0,0,0,40.0287,-75.2142, , 
 ,38578,2014087792,6,67,67301,2014,8,7,926,9,1,4,0,4,1, , ,N,2,3,0,3,0,0,2,2,N, ,39 57:20.944,75 12:35.661,933, ,930, ,0, , , ,3, , , , , ,429189, , , ,2,2,0,0,0,0,0,0,0,0,0,0,0,0,0,0,0,0,0,0,0,0,0,0,0,0,0,0,0,0,0,0,0,0,0,0,0,39.9558,-75.2099, , 
 ,38579,2014087879,6,67,67301,2014,8,1,1235,12,1,1,0,4,1, , ,N,1,2,0,3,0,1,5,2,N, ,40 07:24.878,75 00:55.666,1240, ,1237, ,0, , , ,3, , , , , ,429190, , , ,2,2,0,0,0,0,0,0,0,0,0,1,1,0,0,0,0,0,0,0,0,0,1,0,0,0,0,0,0,0,0,0,0,0,0,4,0,40.1235,-75.0154, , 
 ,38580,2014088323,6,67,67301,2014,7,7,9999,99,1,1,0,4,1, , ,N,3,3,0,3,0,1,8,2,N,N,39 58:35.233,75 11:21.692,1807, ,1805,2,2,7,N, ,3,Y, , , , ,429191, , , ,2,2,0,0,0,0,0,0,0,0,0,1,1,0,0,0,0,0,0,0,1,0,0,0,0,0,0,0,0,0,0,0,0,0,0,4,0,39.9765,-75.1894, , 
 ,38581,2014095931,6,67,67301,2014,9,2,1821,18,1,1,0,4,1, , ,N,2,3,0,3,0,1,2,2,N,N,40 02:41.874,75 09:42.929,1830, ,1821, ,0, , , ,3, , , , , ,429196, , , ,1,1,0,0,0,0,0,0,1,0,0,1,1,0,0,0,0,0,0,0,0,0,0,0,0,0,0,0,0,0,0,0,0,0,0,4,0,40.045,-75.1619, , 
 ,38582,2014104399,6,67,67301,2014,10,7,1904,19,2,1,0,1,1, , ,N,0,0,0,3,0,0,2,2,N,N,39 54:20.494,75 10:24.769,1920, ,1915, ,0, , , ,0, , , , , ,429204, , , ,2,1,0,0,0,1,0,0,0,0,0,0,0,0,0,0,0,0,0,0,0,0,0,0,0,0,0,0,0,0,0,0,0,0,0,0,1,39.9057,-75.1735, , 
 ,38583,2014106720,6,67,67301,2014,10,1,1307,13,1,1,0,7,4, , ,N,1,3,0,3,0,1,1,1,N, ,40 02:48.344,75 10:00.907,1320, ,1319, ,0, , , ,3, , , , , ,429207, , , ,1,0,1,0,0,0,0,0,0,0,1,0,1,0,0,0,0,0,0,1,0,0,0,0,0,0,0,0,0,0,0,0,0,0,0,3,0,40.0468,-75.1669, , 
 ,38584,2014013058,6,67,67301,2014,1,1,730,7,1,8,6,7,4, , ,N,0,0,0,3,0,0,1,1,N,N,40 04:03.217,75 00:31.508,747, ,744,3,2,1, , ,0,N, , , , ,429239, , , ,1,0,0,1,0,0,0,0,0,0,0,0,0,0,0,0,0,0,0,0,0,0,0,0,0,0,0,0,0,0,0,0,0,0,0,0,1,40.0676,-75.0088, , 
 ,38585,2014029850,6,67,67301,2014,2,1,500,5,3,4,6,7,4, , ,N,0,0,0,3,0,1,1,1,N, ,40 05:49.896,75 03:55.735,525, ,516, ,0, , , ,0, , , , , ,429297, , , ,1,1,0,0,0,0,0,0,0,0,1,0,1,0,0,0,0,0,1,0,0,0,0,0,0,0,0,0,0,0,0,0,0,0,0,3,0,40.0972,-75.0655, , 
 ,38586,2014034161,6,67,67301,2014,3,1,1545,15,1,2,1,1,6, , ,N,0,0,0,3,0,1,1,2,N,N,40 02:51.370,75 05:06.406,1555, ,1549, ,0, ,N, ,0, , , , , ,429304, , , ,2,1,0,0,0,0,0,1,0,0,1,0,1,0,0,0,0,0,0,0,1,0,0,0,0,0,0,0,0,0,0,0,0,0,0,3,0,40.0476,-75.0851, , 
 ,38587,2014029204,6,67,67301,2014,3,7,1015,10,1,1,0,1,1, , ,N,0,0,0,3,0,1,2,2,N,N,39 57:28.611,75 09:44.726,1025, ,1016, ,0, ,N, ,0, , , , , ,417242, , , ,2,2,0,0,0,0,0,0,0,0,0,1,1,0,0,0,0,0,0,1,0,0,0,0,0,0,0,0,0,0,0,0,0,0,0,4,0,39.9579,-75.1624, , 
 ,38588,2014039432,6,67,67301,2014,4,2,940,9,1,1,0,5,1, , ,N,0,0,0,3,0,0,2,2,N,N,40 01:46.440,75 01:19.715,1000, ,945, ,0, ,N, ,0, , , , , ,417249, , , ,2,2,0,0,0,0,0,0,0,0,0,0,0,0,0,0,0,0,0,0,0,0,0,0,0,0,0,0,0,0,0,0,0,0,0,0,0,40.0296,-75.0221, , 
 ,38589,2014043063,6,67,67301,2014,3,5,1230,12,1,1,0,4,1, , ,N,1,3,0,3,0,2,4,2,N,N,40 01:31.980,75 08:34.785,1230, ,1230, ,0, ,N, ,3, , , , , ,417253, , , ,2,0,0,1,0,0,0,1,0,0,2,0,2,0,0,0,0,0,0,0,1,0,0,0,0,0,0,0,0,0,0,0,0,0,0,3,1,40.0256,-75.143, , 
 ,38590,2014049698,6,67,67301,2014,4,3,1009,10,1,2,1,4,1, , ,N,1,2,0,3,0,1,2,2,N,N,40 02:30.603,75 11:31.679,1023, ,1018, ,0, ,N, ,3, , , , , ,417268, , , ,2,1,0,1,0,0,0,0,0,0,0,1,1,0,0,0,0,0,0,0,1,1,0,1,0,0,0,0,0,0,0,0,0,0,0,4,1,40.0418,-75.1921, , 
 ,38591,2014019146,6,67,67301,2014,1,6,9999,99,3,2,1,1,1, , ,N,0,2,0,3,0,0,2,2,N,N,40 05:05.701,75 01:29.471,9999, ,9999, ,0, ,N, ,3, , , , , ,417285, , , ,2,1,0,0,0,0,1,0,0,0,0,0,0,0,0,0,0,0,0,0,1,0,0,0,0,0,0,0,0,0,0,0,0,0,0,0,0,40.0849,-75.0249, , 
 ,38592,2014029869,6,67,67301,2014,1,1,7,0,3,4,4,7,3, , ,N,0,0,0,3,0,1,3,2,N,N,40 02:13.994,75 12:35.868,35, ,30,2,1,2,N, ,0,N, , , , ,417293, , , ,2,0,0,0,0,0,2,0,0,0,0,1,1,0,0,0,0,0,0,0,0,0,0,0,0,0,0,0,0,0,0,0,0,0,0,4,0,40.0372,-75.21, , 
 ,38593,2014030324,6,67,67301,2014,3,7,1822,18,3,1,0,1,1, , ,N,0,0,0,3,0,4,4,3,N,N,39 57:30.459,75 10:02.879,1901, ,1828,3,2,3,N, ,0,N, , , , ,417294, , , ,3,0,0,0,1,0,2,0,0,0,1,3,4,0,0,0,0,0,0,0,1,0,0,0,0,0,0,0,0,0,0,0,0,0,0,3,0,39.9585,-75.1675, , 
 ,38594,2014065512,6,67,67301,2014,5,3,24,0,3,1,0,4,1, , ,N,2,3,0,3,0,0,2,2,N,N,40 00:04.744,75 13:23.833,115, ,54, ,0, ,N, ,3, , , , , ,417320, , , ,2,2,0,0,0,0,0,0,0,0,0,0,0,0,0,0,0,0,0,0,0,0,0,0,0,0,0,0,0,0,0,0,0,0,0,0,0,40.0013,-75.2233, , 
 ,38595,2014065558,6,67,67301,2014,5,6,9999,99,1,1,0,5,1, , ,N,0,0,0,3,0,0,4,2,N,N,39 53:06.710,75 15:00.824,829, ,823, ,0, ,N, ,0, , , , , ,417321, , , ,2,1,0,0,0,0,1,0,0,0,0,0,0,0,0,0,0,0,0,0,0,0,0,0,0,0,0,0,0,0,0,0,0,0,0,0,0,39.8852,-75.2502, , 
 ,38596,2014018819,6,67,67301,2014,2,3,2230,22,3,1,0,4,1, , ,N,1,2,0,3,0,2,3,2,N,N,40 03:25.655,75 07:44.297,2232, ,2230,2,2,4,N, ,3,Y, , , , ,417333, , , ,2,2,0,0,0,0,0,0,0,0,0,0,2,2,0,0,0,0,0,0,1,0,1,0,0,0,0,0,0,0,0,0,0,0,0,8,0,40.0571,-75.1291, , 
 ,38597,2014032498,6,67,67301,2014,2,5,630,6,5,4,3,8,1, , ,N,0,0,0,3,0,1,2,2,N, ,40 02:43.225,75 13:55.356,706, ,705, ,0, , , ,0, , , , , ,417346, , , ,1,0,0,0,1,0,0,0,0,0,0,1,1,0,0,0,0,0,0,0,0,0,0,0,0,0,0,0,0,0,0,0,1,0,0,4,0,40.0453,-75.232, , 
 ,38598,2014034148,6,67,67301,2014,2,1,2105,21,3,1,0,4,1, , ,N,0,0,7,3,0,2,2,2,N,N,39 54:26.820,75 13:24.026,2115, ,2108,2,1,3,N, ,0,N, , , , ,417347, , , ,2,2,0,0,0,0,0,0,0,0,0,1,2,1,0,0,0,0,0,0,1,0,0,0,0,0,0,0,0,0,0,0,0,0,0,4,0,39.9075,-75.2233, , 
 ,38599,2014035814,6,67,67301,2014,3,7,1731,17,1,1,0,4,1, , ,N,0,0,2,3,0,0,3,2,N,N,39 53:32.707,75 13:22.044,1735, ,1735, ,0, ,N, ,0, , , , , ,417348, , , ,2,2,0,0,0,0,0,0,0,0,0,0,0,0,0,0,0,0,0,1,0,0,0,0,0,0,0,0,0,0,0,0,0,0,0,0,0,39.8924,-75.2228, , 
 ,38600,2014088717,6,67,67301,2014,8,3,1837,18,1,2,1,7,4, , ,N,0,0,0,3,0,0,1,1,N,N,39 58:16.192,75 11:24.182,1840, ,1839,1,1,4,N, ,0,N, , , , ,417377, , , ,1,1,0,0,0,0,0,0,0,0,0,0,0,0,0,0,0,0,0,0,0,0,0,1,0,0,0,0,0,0,0,0,0,0,0,0,0,39.9712,-75.1901, , 
 ,38601,2014070685,6,67,67301,2014,7,6,834,8,1,1,0,1,1, , ,N,0,0,0,3,0,1,2,2,N,N,39 59:07.756,75 05:37.976,846, ,843, ,0, ,N, ,0, , , , , ,417416, , , ,2,0,0,0,1,0,0,1,0,0,0,0,1,1,0,0,0,0,0,0,0,0,0,0,0,0,0,0,0,0,0,0,0,0,0,8,0,39.9855,-75.0939, , 
 ,38602,2014025286,6,67,67301,2014,1,5,1440,14,1,1,4,4,1, , ,N,0,0,0,3,0,1,2,2,N, ,40 03:26.316,75 05:16.895,1550, ,1544, ,0, , , ,0, , , , , ,417437, , , ,2,1,0,0,0,0,0,1,0,0,0,1,1,0,0,0,0,0,0,0,0,0,1,0,0,0,0,0,0,0,0,0,0,0,0,4,0,40.0573,-75.088, , 
 ,38603,2014039382,6,67,67301,2014,3,4,2209,22,3,1,0,4,1, , ,N,2,2,0,3,0,1,2,2,N,N,40 04:43.744,74 59:54.869,2214, ,2212, ,0, ,N, ,3, , , , , ,417447, , , ,2,2,0,0,0,0,0,0,0,0,0,1,1,0,0,0,0,1,0,0,0,0,0,0,0,0,0,0,0,0,0,0,0,0,0,4,0,40.0787,-74.9985, , 