wz_ln_closure,objectid_1,crn,district,county,municipality,crash_year,crash_month,day_of_week,time_of_day,hour_of_day,illumination,weather,road_condition,collision_type,relation_to_road,work_zone_type,work_zone_loc,work_zone_ind,intersect_type,tcd_type,location_type,urban_rural,fatal_count,injury_count,person_count,total_units,sch_bus_ind,sch_zone_ind,latitude,longitude,arrival_tm,cons_zone_spd_lim,dispatch_tm,est_hrs_closed,lane_closed,ln_close_dir,ntfy_hiwy_maint,spec_juris_cd,tcd_func_cd,tfc_detour_ind,workers_pres,wz_close_detour,wz_flagger,wz_law_offcr_ind,objectid,wz_moving,wz_other,wz_shlder_mdn,vehicle_count,automobile_count,motorcycle_count,bus_count,small_truck_count,heavy_truck_count,suv_count,van_count,bicycle_count,maj_inj_count,mod_inj_count,min_inj_count,tot_inj_count,unk_inj_deg_count,unk_inj_per_count,driver_count_16yr,driver_count_17yr,driver_count_18yr,driver_count_19yr,driver_count_20yr,driver_count_50_64yr,driver_count_65_74yr,driver_count_75plus,unbelted_occ_count,unb_death_count,unb_maj_inj_count,belted_death_count,belted_maj_inj_count,mcycle_death_count,mcycle_maj_inj_count,bicycle_death_count,bicycle_maj_inj_count,ped_count,ped_death_count,ped_maj_inj_count,max_severity_level,comm_veh_count,dec_lat,dec_long,rdwy_surf_type_cd,county_name
 ,38604,2014043107,6,67,67301,2014,3,2,940,9,1,4,4,7,2, , ,N,0,0,3,3,0,0,1,1,N,N,40 02:37.889,75 13:03.459,940, ,940, ,0, ,N, ,0, , , , , ,417450, , , ,1,1,0,0,0,0,0,0,0,0,0,0,0,0,0,0,0,0,0,0,1,0,0,0,0,0,0,0,0,0,0,0,0,0,0,0,0,40.0439,-75.2176, , 
 ,38605,2014054631,6,67,67301,2014,4,4,1153,11,1,2,1,4,1, , ,N,1,3,0,3,0,2,5,2,N,N,39 57:51.303,75 08:47.245,1207, ,1204,2,2,1,N, ,3,Y, , , , ,417456, , , ,2,1,0,0,0,0,0,1,0,0,2,0,2,0,0,0,0,0,0,0,0,0,0,0,0,0,0,0,0,0,0,0,0,0,0,3,0,39.9643,-75.1465, , 
 ,38606,2014034146,6,67,67301,2014,2,1,1345,13,1,1,0,8,1, , ,N,1,2,0,3,0,1,2,2,N, ,39 58:18.644,75 14:41.701,1349, ,1349, ,0, , , ,3, , , , , ,421494, , , ,1,0,0,0,0,0,0,0,0,0,1,0,1,0,0,0,0,0,0,0,0,0,0,0,0,0,0,0,0,0,0,0,1,0,0,3,0,39.9719,-75.2448, , 
 ,38607,2014049700,6,67,67301,2014,4,3,2029,20,3,2,1,8,1, , ,N,2,0,0,3,0,1,2,2,N,N,40 02:57.211,75 11:02.114,2040, ,2030, ,0, ,N, ,0, , , , , ,421510, , , ,1,0,0,0,0,0,0,1,0,0,0,1,1,0,0,0,0,0,0,0,1,0,0,0,0,0,0,0,0,0,0,0,1,0,0,4,0,40.0492,-75.1839, , 
 ,38608,2014078905,6,67,67301,2014,6,2,1706,17,1,1,0,7,3, , ,N,0,0,0,3,0,1,1,1,N,N,40 03:10.315,75 03:00.801,1732, ,1725,1,2,1,N, ,0,N, , , , ,421523, , , ,1,0,1,0,0,0,0,0,0,0,1,0,1,0,0,0,0,0,0,0,0,0,0,0,0,0,0,0,0,0,0,0,0,0,0,3,0,40.0529,-75.0502, , 
 ,38609,2014084474,6,67,67301,2014,7,3,1855,18,1,1,0,8,1, , ,N,0,0,0,3,0,1,2,2,N, ,39 58:04.713,75 08:48.886,1905, ,1859,1,2,2, , ,0,Y, , , , ,421526, , , ,1,1,0,0,0,0,0,0,0,0,0,1,1,0,0,0,0,0,0,0,1,0,0,0,0,0,0,0,0,0,0,0,1,0,0,4,0,39.968,-75.1469, , 
 ,38610,2014087768,6,67,67301,2014,6,6,1755,17,1,1,0,1,1, , ,N,0,0,0,3,0,0,2,2,N,N,39 53:21.810,75 10:32.790,1800, ,1755, ,0, ,N, ,0, , , , , ,421531, , , ,2,1,0,1,0,0,0,0,0,0,0,0,0,0,0,0,0,0,0,0,1,0,0,0,0,0,0,0,0,0,0,0,0,0,0,0,1,39.8894,-75.1758, , 
 ,38611,2014098523,6,67,67301,2014,10,4,815,8,1,1,0,1,6, , ,N,0,3,0,3,0,10,23,5,Y,Y,40 05:11.965,75 01:42.272,858, ,826,4,2,6,N, ,3,Y, , , , ,421541, , , ,5,2,0,1,0,0,2,0,0,0,0,0,10,10,0,0,0,0,0,0,1,0,0,0,0,0,0,0,0,0,0,0,0,0,0,8,1,40.0867,-75.0284, , 
 ,38612,2014110443,6,67,67301,2014,10,4,1530,15,1,2,1,8,1, , ,N,1,2,0,3,0,1,2,2,N, ,39 55:24.611,75 09:46.436,1623, ,1611, ,0, , , ,3, , , , , ,421553, , , ,1,1,0,0,0,0,0,0,0,0,0,1,1,0,0,0,0,0,0,0,0,0,0,0,0,0,0,0,0,0,0,0,1,0,0,4,0,39.9235,-75.1628, , 
 ,38613,2014124996,6,67,67301,2014,11,7,1210,12,1,1,0,8,1, , ,N,0,0,0,3,0,1,2,2,N, ,40 01:00.974,75 08:58.055,1220, ,1215, ,0, , , ,0, , , , , ,421560, , , ,1,0,0,0,0,0,1,0,0,0,0,1,1,0,0,0,0,0,0,1,0,0,0,0,0,0,0,0,0,0,0,0,1,0,0,4,0,40.0169,-75.1495, , 
 ,38614,2014025357,6,67,67301,2014,1,1,209,2,3,1,0,4,1, , ,N,1,3,0,3,0,0,3,7,N,N,39 56:35.646,75 10:38.553,215, ,209, ,0, ,N, ,3, , , , , ,421590, , , ,7,6,0,0,0,0,1,0,0,0,0,0,0,0,0,0,0,0,0,0,0,0,0,0,0,0,0,0,0,0,0,0,0,0,0,0,0,39.9432,-75.1774, , 
 ,38615,2014030271,6,67,67301,2014,2,4,2330,23,3,1,8,4,1, , ,N,2,2,0,3,0,3,3,2,N,N,39 53:25.696,75 14:42.046,2345, ,2337, ,0, ,N, ,3, , , , , ,421596, , , ,2,0,0,0,0,0,2,0,0,0,3,0,3,0,0,0,0,0,0,0,1,0,0,0,0,0,0,0,0,0,0,0,0,0,0,3,0,39.8903,-75.245, , 
 ,38616,2014041951,6,67,67301,2014,3,4,2340,23,3,1,0,1,6, , ,N,0,0,0,3,0,0,1,3,N,N,39 56:32.570,75 14:02.067,30, ,14, ,0, ,N, ,0, , , , , ,421605, , , ,3,2,0,0,0,0,1,0,0,0,0,0,0,0,0,0,0,0,0,0,0,0,0,0,0,0,0,0,0,0,0,0,0,0,0,0,0,39.9424,-75.2339, , 
 ,38617,2014032924,6,67,67301,2014,3,5,714,7,1,1,0,1,1, , ,N,0,0,0,3,0,1,2,2,N,N,40 00:33.277,75 03:59.420,729, ,714, ,0, ,N, ,0, , , , , ,421642, , , ,2,2,0,0,0,0,0,0,0,0,0,0,1,1,0,0,0,0,0,0,0,0,0,0,0,0,0,0,0,0,0,0,0,0,0,8,0,40.0092,-75.0665, , 
 ,38618,2014034840,6,67,67301,2014,1,4,1504,15,1,1,0,7,4, , ,N,0,0,7,3,0,1,1,1,N,N,39 58:06.197,75 08:07.670,1512, ,1507, ,0, , , ,0, , , , , ,421644, , , ,1,1,0,0,0,0,0,0,0,0,0,1,1,0,0,0,0,0,0,0,1,0,0,1,0,0,0,0,0,0,0,0,0,0,0,4,0,39.9684,-75.1355, , 
 ,38619,2014038854,6,67,67301,2014,3,1,310,3,3,1,0,4,1, , ,N,0,0,0,3,0,0,2,2,N, ,40 00:57.475,75 09:13.662,320, ,313, ,0, , , ,0, , , , , ,421700, , , ,2,2,0,0,0,0,0,0,0,0,0,0,0,0,0,0,0,0,0,0,0,0,1,0,0,0,0,0,0,0,0,0,0,0,0,0,0,40.016,-75.1538, , 
 ,38620,2014042666,6,67,67301,2014,3,7,2340,23,3,2,1,4,1, , ,N,1,2,0,3,0,0,2,2,N,N,39 55:29.143,75 14:08.116,2345, ,2342, ,0, ,N, ,3, , , , , ,421705, , , ,2,2,0,0,0,0,0,0,0,0,0,0,0,0,0,0,0,0,0,0,1,0,0,0,0,0,0,0,0,0,0,0,0,0,0,0,0,39.9248,-75.2356, , 
 ,38621,2014019144,6,67,67301,2014,1,4,1610,16,3,1,0,4,1, , ,N,2,2,2,3,0,2,6,4,N,N,39 56:19.114,75 08:31.584,1622, ,1620,3,2,2,N, ,3,Y, , , , ,421717, , , ,4,2,0,0,1,1,0,0,0,0,0,0,2,2,0,0,0,0,0,0,1,0,0,0,0,0,0,0,0,0,0,0,0,0,0,8,0,39.9386,-75.1421, , 
 ,38622,2014041030,6,67,67301,2014,4,5,1312,13,1,1,0,7,2, , ,N,0,0,0,3,0,0,1,1,N,N,39 59:39.765,75 14:27.305,1317, ,1312, ,0, ,N, ,0, , , , , ,421736, , , ,1,1,0,0,0,0,0,0,0,0,0,0,0,0,0,0,0,0,0,0,0,0,1,0,0,0,0,0,0,0,0,0,0,0,0,0,0,39.9944,-75.2409, , 
 ,38623,2014042361,6,67,67301,2014,4,7,1759,17,1,1,0,7,4, , ,N,0,0,0,3,0,0,4,1,N,N,39 59:00.595,75 05:51.242,1804, ,1803,2,2,1,N, ,0,N, , , , ,421737, , , ,1,1,0,0,0,0,0,0,0,0,0,0,0,0,0,0,0,0,0,0,0,0,0,0,0,0,0,0,0,0,0,0,0,0,0,0,0,39.9835,-75.0976, , 
 ,38624,2014068580,6,67,67301,2014,5,1,1320,13,1,1,0,4,1, , ,N,1,2,0,3,0,5,6,2,N,N,39 57:41.416,75 14:12.594,1326, ,324, ,0, ,N, ,3, , , , , ,421752, , , ,2,0,0,0,0,0,2,0,0,0,0,5,5,0,0,0,0,0,0,0,0,0,0,0,0,0,0,0,0,0,0,0,0,0,0,4,0,39.9614,-75.2369, , 
 ,38625,2014016921,6,67,67301,2014,1,2,655,6,1,1,0,8,1, , ,N,2,2,0,3,0,1,2,2,N,N,40 04:57.003,75 02:25.844,705, ,700, ,0, , , ,3, , , , , ,425769, , , ,1,1,0,0,0,0,0,0,0,0,0,1,1,0,1,0,0,0,0,0,0,0,0,0,0,0,0,0,0,0,0,0,1,0,0,4,0,40.0825,-75.0405, , 
 ,38626,2014025388,6,67,67301,2014,1,7,848,8,1,1,0,2,6, , ,N,0,0,0,3,0,1,2,4,N,N,40 03:28.434,74 59:56.239,852, ,849,3,2,5,N, ,0,Y, , , , ,425779, , , ,4,3,0,0,0,0,0,1,0,0,0,0,1,1,1,0,0,0,0,0,1,0,0,0,0,0,0,0,0,0,0,0,0,0,0,8,0,40.0579,-74.999, , 
 ,38627,2014032348,6,67,67301,2014,1,3,2305,23,3,1,0,7,5, , ,N,0,0,1,3,0,0,5,1,N,N,40 03:02.105,75 11:29.359,2313, ,2309,4,2,6,N, ,0,N, , , , ,425784, , , ,1,0,0,0,0,1,0,0,0,0,0,0,0,0,0,0,0,0,0,0,1,0,0,0,0,0,0,0,0,0,0,0,0,0,0,0,1,40.0506,-75.1915, , 
 ,38628,2014049586,6,67,67301,2014,4,3,1525,15,1,1,0,1,1, , ,N,0,0,0,3,0,2,4,3,N,N,40 03:14.732,75 02:58.980,1545, ,1536,1,2,2,N, ,0,Y, , , , ,425797, , , ,3,2,0,0,0,0,0,1,0,0,0,2,2,0,1,0,1,0,0,0,0,0,0,0,0,0,0,0,0,0,0,0,0,0,0,4,0,40.0541,-75.0497, , 
 ,38629,2014016930,6,67,67301,2014,1,5,910,9,1,1,0,8,1, , ,N,1,2,0,3,0,1,2,2,N,N,40 01:30.643,75 02:40.998,915, ,911, ,0, ,N, ,3, , , , , ,425816, , , ,1,1,0,0,0,0,0,0,0,0,0,0,1,1,0,0,0,0,0,0,0,0,0,0,0,0,0,0,0,0,0,0,1,0,0,8,0,40.0252,-75.0447, , 
 ,38630,2014025331,6,67,67301,2014,1,6,823,8,1,1,3,1,1, , ,N,0,0,0,3,0,1,2,2,N,N,40 07:03.919,75 01:18.563,839, ,839, ,0, ,N, ,0, , , , , ,425824, , , ,2,1,0,0,0,0,1,0,0,0,0,1,1,0,0,0,0,0,0,0,0,0,0,0,0,0,0,0,0,0,0,0,0,0,0,4,0,40.1178,-75.0218, , 
 ,38631,2014028058,6,67,67301,2014,2,7,350,3,3,1,0,2,1, , ,N,1,2,0,3,0,1,2,2,N,N,39 56:56.688,75 09:43.661,404, ,400, ,0, ,N, ,3, , , , , ,425830, , , ,2,1,0,0,0,0,1,0,0,0,0,0,1,1,0,0,0,0,0,0,0,0,0,0,0,0,0,0,0,0,0,0,0,0,0,8,0,39.9491,-75.162, , 
 ,38632,2014034262,6,67,67301,2014,2,6,1320,13,1,1,1,5,1, , ,N,0,0,0,3,0,1,2,2,N,N,40 04:50.386,75 01:43.292,1323, ,1323,2,1,1,N, ,0,N, , , , ,425837, , , ,2,0,0,0,0,0,0,2,0,0,0,0,1,1,0,0,0,0,0,0,0,1,0,0,0,0,0,0,0,0,0,0,0,0,0,8,0,40.0807,-75.0287, , 
 ,38633,2014047200,6,67,67301,2014,5,3,656,6,1,1,0,1,1, , ,N,0,0,0,3,0,0,2,2,N,N,39 58:54.248,75 06:06.836,701, ,656, ,0, ,N, ,0, , , , , ,425850, , , ,2,1,0,0,0,1,0,0,0,0,0,0,0,0,0,0,0,0,0,0,1,0,0,0,0,0,0,0,0,0,0,0,0,0,0,0,1,39.9817,-75.1019, , 
 ,38634,2014025291,6,67,67301,2014,1,5,1218,12,1,4,6,7,4, , ,N,0,0,0,3,0,1,1,1,N, ,40 01:39.349,75 11:30.824,1221, ,1218,1,2,2, , ,0,N, , , , ,425876, , , ,1,1,0,0,0,0,0,0,0,0,0,1,1,0,0,0,0,0,0,0,0,0,0,0,0,0,0,0,0,0,0,0,0,0,0,4,0,40.0276,-75.1919, , 
 ,38635,2014025301,6,67,67301,2014,1,6,100,1,2,1,0,8,1, , ,N,1,2,0,3,0,1,2,2,N,N,39 57:42.285,75 14:19.698,135, ,130, ,0, ,N, ,3, , , , , ,425877, , , ,1,0,0,0,1,0,0,0,0,0,1,0,1,0,0,0,0,0,0,0,1,0,0,1,0,0,0,0,0,0,0,0,1,0,0,3,0,39.9616,-75.2388, , 
 ,38636,2014040422,6,67,67301,2014,2,6,1500,15,1,1,0,8,1, , ,N,1,2,0,3,0,1,2,2,N, ,40 00:25.981,75 07:24.378,1520, ,1514, ,0, , , ,3, , , , , ,425889, , , ,1,0,0,0,1,0,0,0,0,0,0,1,1,0,0,0,0,0,0,0,1,0,0,0,0,0,0,0,0,0,0,0,1,0,0,4,0,40.0072,-75.1234, , 
 ,38637,2014049528,6,67,67301,2014,4,7,1318,13,1,1,0,4,1, , ,N,1,2,0,3,0,3,4,3,N,N,40 00:41.506,75 04:11.278,1321, ,1318,1,2,4, , ,3,Y, , , , ,425894, , , ,3,3,0,0,0,0,0,0,0,0,0,3,3,0,0,0,0,0,0,1,0,0,0,0,0,0,0,0,0,0,0,0,0,0,0,4,0,40.0115,-75.0698, , 
 ,38638,2014030290,6,67,67301,2014,2,5,1150,11,1,4,3,8,1, , ,N,0,0,0,3,0,1,3,2,N, ,39 55:54.267,75 10:42.978,1155, ,1150, ,0, , , ,0, , , , , ,425916, , , ,1,0,0,0,0,0,0,1,0,0,0,0,1,1,0,0,0,0,0,0,0,0,0,0,0,0,0,0,0,0,0,0,1,0,0,8,0,39.9317,-75.1786, , 
 ,38639,2014043071,6,67,67301,2014,3,6,2130,21,3,1,0,8,1, , ,N,1,3,0,3,0,1,2,2,N, ,40 04:06.779,75 11:55.098,812, ,806, ,0, , , ,3, , , , , ,425928, , , ,1,1,0,0,0,0,0,0,0,0,0,1,1,0,0,0,0,0,0,0,0,0,0,0,0,0,0,0,0,0,0,0,1,0,0,4,0,40.0685,-75.1986, , 
 ,38640,2014059796,6,67,67301,2014,6,1,44,0,3,1,0,5,1, , ,N,0,0,0,3,0,1,2,2,N,N,40 02:22.010,75 00:25.472,56, ,46, ,0, ,N, ,0, , , , , ,425944, , , ,2,2,0,0,0,0,0,0,0,0,0,1,1,0,0,0,0,0,0,0,0,0,1,0,0,0,0,0,0,0,0,0,0,0,0,4,0,40.0394,-75.0071, , 
 ,38641,2014049606,6,67,67301,2014,4,7,1240,12,1,1,0,8,1, , ,N,0,0,0,3,0,1,2,2,N,N,40 03:55.638,75 09:26.294,1400, ,1400, ,0, ,N, ,0, , , , , ,425949, , , ,1,0,0,0,0,0,0,1,0,0,0,1,1,0,0,0,0,0,0,0,0,0,0,0,0,0,0,0,0,0,0,0,1,0,0,4,0,40.0655,-75.1573, , 
 ,38642,2014025397,6,67,67301,2014,1,6,1315,13,1,1,0,8,1, , ,N,1,2,0,3,0,1,3,2,N, ,39 57:15.789,75 10:16.899,1330, ,1325,1,1,4, , ,3,N, , , , ,425960, , , ,1,0,0,0,0,0,1,0,0,0,0,1,1,0,0,0,0,0,0,0,0,0,0,0,0,0,0,0,0,0,0,0,1,0,0,4,0,39.9544,-75.1714, , 
 ,38643,2014106700,6,67,67301,2014,10,6,1325,13,1,1,0,4,1, , ,N,2,3,0,3,0,1,2,2,N,N,39 59:33.001,75 08:34.852,1400, ,1337,1,1,3,N, ,3,N, , , , ,428065, , , ,2,1,0,0,0,0,1,0,0,0,0,0,1,1,0,0,0,0,0,0,0,0,0,0,0,0,0,0,0,0,0,0,0,0,0,8,0,39.9924,-75.143, , 
 ,38644,2014066596,6,46,46102,2014,7,7,1705,17,1,1,0,4,1, , ,N,0,0,7,3,0,1,3,2,N,N,40 04:25.777,75 09:28.497,1707, ,1706, ,0, ,N, ,0, , , , , ,428071, , , ,2,2,0,0,0,0,0,0,0,0,0,1,1,0,0,0,0,0,0,0,0,0,0,1,0,0,0,0,0,0,0,0,0,0,0,4,0,40.0738,-75.1579, , 
 ,38645,2014068092,6,67,67301,2014,6,1,259,2,3,1,0,5,6, , ,N,0,3,0,3,0,0,1,2,N,N,39 55:22.525,75 11:36.764,310, ,305, ,0, ,N, ,3, , , , , ,428072, , , ,2,0,0,0,0,0,1,1,0,0,0,0,0,0,0,0,0,0,0,0,0,0,0,0,0,0,0,0,0,0,0,0,0,0,0,0,0,39.9229,-75.1935, , 
 ,38646,2014068672,6,67,67301,2014,6,5,1348,13,1,1,0,4,1, , ,N,1,2,0,3,0,1,2,2,N,N,40 05:40.718,75 00:54.707,1400, ,1350,9,1,6,N, ,3,N, , , , ,428074, , , ,2,0,0,0,0,0,2,0,0,0,0,1,1,0,0,0,0,0,0,0,0,0,0,0,0,0,0,0,0,0,0,0,0,0,0,4,0,40.0946,-75.0152, , 
 ,38647,2014068149,6,67,67301,2014,6,1,1450,14,1,1,0,4,1, , ,N,1,2,0,3,0,2,4,2,N,N,40 04:19.712,75 00:46.649,1505, ,1500,9,1,1, , ,3,N, , , , ,428079, , , ,2,1,0,0,0,0,0,1,0,0,0,2,2,0,0,0,0,0,0,0,1,0,0,0,0,0,0,0,0,0,0,0,0,0,0,4,0,40.0721,-75.013, , 
 ,38648,2014090548,6,67,67301,2014,7,4,835,8,1,1,0,4,1, , ,N,1,1,0,3,0,1,3,2,N,N,40 02:28.908,75 01:41.719,840, ,837, ,0, ,N, ,2, , , , , ,428099, , , ,2,1,0,0,0,0,0,1,0,0,0,1,1,0,0,0,0,0,0,0,0,0,0,0,0,0,0,0,0,0,0,0,0,0,0,4,0,40.0414,-75.0283, , 
 ,38649,2014093550,6,67,67301,2014,9,4,1725,17,1,1,0,2,1, , ,N,1,0,0,3,0,2,2,2,N, ,39 59:59.964,75 09:11.322,1740, ,1734, ,0, , , ,0, , , , , ,428102, , , ,2,2,0,0,0,0,0,0,0,0,0,2,2,0,0,0,0,0,0,0,1,0,0,0,0,0,0,0,0,0,0,0,0,0,0,4,0,40,-75.1531, , 
 ,38650,2014096826,6,67,67301,2014,9,4,2343,23,3,1,0,4,1, , ,N,0,2,7,3,0,1,2,2,N, ,40 03:44.543,75 02:33.243,2355, ,2343, ,0, , , ,3, , , , , ,428110, , , ,2,1,0,0,0,0,1,0,0,0,0,1,1,0,0,0,0,0,0,0,1,0,0,0,0,0,0,0,0,0,0,0,0,0,0,4,0,40.0624,-75.0426, , 
 ,38651,2014104556,6,67,67301,2014,9,2,1008,10,1,1,0,4,1, , ,N,1,3,0,3,0,1,2,2,N,N,39 57:25.138,75 13:09.994,1012, ,1009, ,0, , , ,3, , , , , ,428115, , , ,2,1,0,0,0,0,0,1,0,0,0,0,1,1,0,0,0,0,0,0,0,0,0,0,0,0,0,0,0,0,0,0,0,0,0,8,0,39.957,-75.2194, , 
 ,38652,2014018741,6,67,67301,2014,2,2,1154,11,1,4,3,7,4, , ,N,0,0,2,3,0,0,1,1,N,N,39 59:39.500,75 05:00.200,1206, ,1156, ,0, ,Y, ,0, , , , , ,428138, , , ,1,0,0,0,0,0,1,0,0,0,0,0,0,0,0,0,0,0,0,0,0,0,0,0,0,0,0,0,0,0,0,0,0,0,0,0,0,39.9948,-75.0809, , 
 ,38653,2014031408,6,67,67301,2014,3,6,1737,17,1,1,0,1,1, , ,N,0,0,0,3,0,0,3,2,N,N,39 57:24.586,75 10:49.200,1801, ,1742,1,1,4,N, ,0,N, , , , ,428153, , , ,2,1,0,0,0,0,0,1,0,0,0,0,0,0,0,0,0,0,0,0,0,0,0,2,0,0,0,0,0,0,0,0,0,0,0,0,0,39.9568,-75.1803, , 
 ,38654,2014029424,6,67,67301,2014,2,4,2340,23,3,1,5,6,6, , ,N,0,0,0,3,0,0,1,2,N,N,39 58:00.325,75 12:42.663,2342, ,2342, ,0, ,N, ,0, , , , , ,428179, , , ,2,2,0,0,0,0,0,0,0,0,0,0,0,0,1,0,0,0,0,0,0,0,0,0,0,0,0,0,0,0,0,0,0,0,0,9,0,39.9668,-75.2119, , 
 ,38655,2014038953,6,67,67301,2014,3,7,1630,16,1,1,0,4,1, , ,N,1,3,0,3,0,2,2,2,N,N,40 03:11.455,75 09:24.155,1640, ,1638,2,1,2,N, ,3,Y, , , , ,428192, , , ,2,2,0,0,0,0,0,0,0,0,0,0,2,2,0,0,0,0,0,0,0,0,0,0,0,0,0,0,0,0,0,0,0,0,0,8,0,40.0532,-75.1567, , 
 ,38656,2014048787,6,67,67301,2014,4,1,549,5,3,1,0,5,1, , ,N,0,0,0,3,0,1,2,2,N,N,39 58:28.899,75 07:04.550,923, ,608, ,0, ,N, ,0, , , , , ,428199, , , ,2,1,0,0,1,0,0,0,0,0,0,1,1,0,1,0,0,0,0,0,0,0,0,0,0,0,0,0,0,0,0,0,0,0,0,4,0,39.9747,-75.1179, , 
 ,38657,2014054696,6,67,67301,2014,5,1,1647,16,1,1,0,0,1, , ,N,0,0,0,3,0,1,1,1,N,N,39 57:45.554,75 11:00.374,1651, ,1647,2,1,3,N, ,0,N, , , , ,428208, , , ,1,0,1,0,0,0,0,0,0,0,0,0,1,1,0,0,0,0,0,0,0,0,1,0,0,0,0,0,0,0,0,0,0,0,0,8,0,39.9627,-75.1834, , 
 ,38658,2014019118,6,67,67301,2014,1,6,735,7,1,3,6,5,1, , ,N,0,2,0,3,0,0,2,2,N, ,39 54:54.555,75 13:33.505,742, ,737,3,2,3, , ,3,Y, , , , ,428227, , , ,2,1,0,0,0,0,1,0,0,0,0,0,0,0,0,0,0,0,0,0,1,0,0,0,0,0,0,0,0,0,0,0,0,0,0,0,0,39.9152,-75.226, , 
 ,38659,2014030297,6,67,67301,2014,2,1,1105,11,1,1,0,4,1, , ,N,1,2,0,3,0,2,2,2,N,N,39 59:34.792,75 08:04.235,1117, ,1107, ,0, ,N, ,3, , , , , ,428235, , , ,2,2,0,0,0,0,0,0,0,0,0,0,2,2,0,0,0,0,1,0,1,0,0,0,0,0,0,0,0,0,0,0,0,0,0,8,0,39.993,-75.1345, , 
 ,38660,2014038878,6,67,67301,2014,3,1,343,3,3,1,1,1,6, , ,N,0,0,0,3,0,2,2,2,N,N,40 02:59.046,75 09:37.625,421, ,343, ,0, ,N, ,0, , , , , ,428245, , , ,2,1,0,0,1,0,0,0,0,0,0,0,2,2,0,0,0,0,0,0,0,0,0,0,0,0,0,0,0,0,0,0,0,0,0,8,0,40.0497,-75.1605, , 
 ,38661,2014010498,6,67,67301,2014,1,2,918,9,1,1,0,7,2, , ,N,0,0,0,3,0,0,1,1,N,N,40 03:11.772,74 59:10.760,935, ,927,1,2,1,Y, ,0,N, , , , ,417469, , , ,1,1,0,0,0,0,0,0,0,0,0,0,0,0,0,0,0,0,0,0,0,0,0,0,0,0,0,0,0,0,0,0,0,0,0,0,0,40.0533,-74.9863, , 
 ,38662,2014039108,6,67,67301,2014,4,4,627,6,1,1,0,1,1, , ,N,0,0,0,3,0,1,6,4,N,N,40 00:28.324,75 12:07.676,637, ,629,1,2,3,Y, ,0,N, , , , ,417491, , , ,4,3,0,0,1,0,0,0,0,0,1,0,1,0,0,0,0,0,0,0,0,0,0,2,0,0,0,0,0,0,0,0,0,0,0,3,0,40.0079,-75.2021, , 
 ,38663,2014040419,6,67,67301,2014,3,1,214,2,3,1,0,1,1, , ,N,0,2,0,3,0,1,4,2,Y,Y,40 01:40.390,75 03:36.244,224, ,224, ,0, , , ,3, , , , , ,417492, , , ,2,0,0,0,1,0,1,0,0,0,0,1,1,0,0,0,0,0,0,0,0,0,0,0,0,0,0,0,0,0,0,0,0,0,0,4,0,40.0279,-75.0601, , 
 ,38664,2014046078,6,67,67301,2014,5,1,1927,19,1,1,0,4,1, , ,N,2,0,0,3,0,1,2,2,N,N,39 58:35.320,75 09:06.980,1935, ,1930, ,0, ,N, ,0, , , , , ,417501, , , ,1,1,0,0,0,0,0,0,1,0,0,0,1,1,0,0,0,0,0,0,0,0,0,0,0,0,0,0,0,0,0,0,0,0,0,8,0,39.9765,-75.1519, , 
 ,38665,2014054533,6,67,67301,2014,5,7,2103,21,3,2,1,7,4, , ,N,1,2,0,3,0,1,2,2,N, ,39 59:29.209,75 08:05.493,2103, ,2103, ,0, , , ,3, , , , , ,417510, , , ,1,0,0,0,0,0,1,0,0,0,1,0,1,0,0,0,0,0,0,0,1,0,0,0,0,0,0,0,0,0,0,0,1,0,0,3,0,39.9913,-75.1349, , 
 ,38666,2014025270,6,67,67301,2014,1,6,1105,11,1,1,4,4,1, , ,N,1,2,0,3,0,0,2,2,N,N,39 57:48.112,75 11:14.766,1130, ,1121, ,0, ,N, ,3, , , , , ,417530, , , ,2,1,0,0,1,0,0,0,0,0,0,0,0,0,1,0,0,0,0,0,0,0,0,0,0,0,0,0,0,0,0,0,0,0,0,9,0,39.9634,-75.1875, , 
 ,38667,2014032415,6,67,67301,2014,2,2,102,1,3,2,1,7,4, , ,N,2,3,0,3,0,4,4,1,N,N,39 59:55.833,75 09:32.489,108, ,103, ,0, ,N, ,3, , , , , ,417534, , , ,1,0,0,0,0,0,1,0,0,0,0,4,4,0,0,0,0,0,0,0,0,0,0,0,0,0,0,0,0,0,0,0,0,0,0,4,0,39.9988,-75.159, , 
 ,38668,2014049545,6,67,67301,2014,4,5,1440,14,1,1,0,1,1, , ,N,1,2,0,3,0,1,3,2,N,N,40 01:47.862,75 05:14.656,1455, ,1440,1,1,1,N, ,3,N, , , , ,417549, , , ,2,1,0,0,0,0,0,1,0,0,0,1,1,0,0,0,0,0,0,0,0,0,0,2,0,0,0,0,0,0,0,0,0,0,0,4,0,40.03,-75.0874, , 
 ,38669,2014054484,6,67,67301,2014,4,7,47,0,3,2,1,1,1, , ,N,1,2,0,3,0,1,2,2,N,N,40 03:51.790,75 14:23.364,108, ,58, ,0, ,N, ,3, , , , , ,417555, , , ,2,0,0,0,1,0,0,1,0,0,0,0,1,1,0,0,0,0,0,1,0,0,0,0,0,0,0,0,0,0,0,0,0,0,0,8,0,40.0645,-75.2397, , 
 ,38670,2014034210,6,67,67301,2014,3,7,523,5,3,1,0,7,4, , ,N,0,0,0,3,0,0,2,1,N,N,40 00:46.657,75 12:04.886,554, ,523, ,0, ,N, ,0, , , , , ,417587, , , ,1,1,0,0,0,0,0,0,0,0,0,0,0,0,0,0,0,0,0,0,0,0,0,0,0,0,0,0,0,0,0,0,0,0,0,0,0,40.013,-75.2014, , 