wz_ln_closure,objectid_1,crn,district,county,municipality,crash_year,crash_month,day_of_week,time_of_day,hour_of_day,illumination,weather,road_condition,collision_type,relation_to_road,work_zone_type,work_zone_loc,work_zone_ind,intersect_type,tcd_type,location_type,urban_rural,fatal_count,injury_count,person_count,total_units,sch_bus_ind,sch_zone_ind,latitude,longitude,arrival_tm,cons_zone_spd_lim,dispatch_tm,est_hrs_closed,lane_closed,ln_close_dir,ntfy_hiwy_maint,spec_juris_cd,tcd_func_cd,tfc_detour_ind,workers_pres,wz_close_detour,wz_flagger,wz_law_offcr_ind,objectid,wz_moving,wz_other,wz_shlder_mdn,vehicle_count,automobile_count,motorcycle_count,bus_count,small_truck_count,heavy_truck_count,suv_count,van_count,bicycle_count,maj_inj_count,mod_inj_count,min_inj_count,tot_inj_count,unk_inj_deg_count,unk_inj_per_count,driver_count_16yr,driver_count_17yr,driver_count_18yr,driver_count_19yr,driver_count_20yr,driver_count_50_64yr,driver_count_65_74yr,driver_count_75plus,unbelted_occ_count,unb_death_count,unb_maj_inj_count,belted_death_count,belted_maj_inj_count,mcycle_death_count,mcycle_maj_inj_count,bicycle_death_count,bicycle_maj_inj_count,ped_count,ped_death_count,ped_maj_inj_count,max_severity_level,comm_veh_count,dec_lat,dec_long,rdwy_surf_type_cd,county_name
 ,38737,2014016953,6,67,67301,2014,1,4,1508,15,1,1,0,4,1, , ,N,1,2,0,3,0,2,2,2,N, ,39 57:15.980,75 12:18.387,1512, ,1510, ,0, ,N, ,3, , , , , ,417956, , , ,2,1,0,0,1,0,0,0,0,0,0,2,2,0,0,0,0,0,0,0,0,0,0,0,0,0,0,0,0,0,0,0,0,0,0,4,0,39.9544,-75.205, , 
 ,38738,2014034127,6,67,67301,2014,2,3,1600,16,1,1,0,4,1, , ,N,1,2,0,3,0,2,4,2,N, ,39 56:54.283,75 10:34.471,1617, ,1607,2,1,2, , ,3,Y, , , , ,417969, , , ,2,1,0,1,0,0,0,0,0,0,0,2,2,0,0,0,0,0,0,0,1,0,0,0,0,0,0,0,0,0,0,0,0,0,0,4,1,39.9484,-75.1762, , 
 ,38739,2014038930,6,67,67301,2014,3,4,527,5,1,1,0,4,1, , ,N,1,2,0,3,0,1,3,2,N,N,39 57:04.187,75 09:12.892,9999, ,532,2,2,2, , ,3,N, , , , ,417970, , , ,2,1,0,1,0,0,0,0,0,0,0,1,1,0,0,0,0,0,0,0,1,0,0,0,0,0,0,0,0,0,0,0,0,0,0,4,1,39.9511,-75.1536, , 
 ,38740,2014043068,6,67,67301,2014,3,2,830,8,1,2,0,8,1, , ,N,0,0,0,3,0,1,2,2,N, ,39 57:25.225,75 14:45.206,1058, ,1054, ,0, , , ,0, , , , , ,417971, , , ,1,1,0,0,0,0,0,0,0,0,0,1,1,0,0,0,0,0,0,0,0,0,0,0,0,0,0,0,0,0,0,0,1,0,0,4,0,39.957,-75.2459, , 
 ,38741,2014032490,6,67,67301,2014,2,3,800,8,1,1,1,5,1, , ,N,0,0,0,3,0,0,2,2,N, ,39 57:35.070,75 08:14.046,937, ,930, ,0, , , ,0, , , , , ,418023, , , ,2,1,0,0,0,1,0,0,0,0,0,0,0,0,2,0,0,0,0,0,1,0,0,0,0,0,0,0,0,0,0,0,0,0,0,9,1,39.9597,-75.1372, , 
 ,38742,2014019124,6,67,67301,2014,1,2,1201,12,1,1,0,8,1, , ,N,1,2,0,3,0,1,2,2,N, ,39 57:10.616,75 09:34.855,1207, ,1205, ,0, , , ,3, , , , , ,418056, , , ,1,1,0,0,0,0,0,0,0,0,0,0,1,1,0,0,0,0,0,0,0,0,0,1,0,0,0,0,0,0,0,0,1,0,0,8,0,39.9529,-75.1597, , 
 ,38743,2014025362,6,67,67301,2014,1,5,1410,14,1,1,0,8,1, , ,N,1,3,0,3,0,1,2,2,N,N,39 55:19.419,75 09:41.738,1522, ,1515, ,0, ,N, ,3, , , , , ,418063, , , ,1,1,0,0,0,0,0,0,0,0,0,1,1,0,0,0,0,0,0,0,0,1,0,0,0,0,0,0,0,0,0,0,1,0,0,4,0,39.9221,-75.1616, , 
 ,38744,2014026025,6,67,67301,2014,2,5,2338,23,3,4,3,7,3, , ,N,0,0,0,3,0,0,1,1,N,N,39 59:17.749,75 05:20.117,2356, ,2339,1,1,2,N, ,0,N, , , , ,418065, , , ,1,0,0,0,1,0,0,0,0,0,0,0,0,0,1,0,0,0,0,0,0,0,0,1,0,0,0,0,0,0,0,0,0,0,0,9,0,39.9883,-75.0889, , 
 ,38745,2014049757,6,67,67301,2014,3,4,300,3,3,1,6,5,1, , ,N,0,0,0,3,0,0,1,2,N,N,39 55:48.982,75 10:20.085,305, ,303, ,0, ,N, ,0, , , , , ,418084, , , ,2,2,0,0,0,0,0,0,0,0,0,0,0,0,0,0,0,0,0,0,0,0,0,0,0,0,0,0,0,0,0,0,0,0,0,0,0,39.9303,-75.1722, , 
 ,38746,2014016960,6,67,67301,2014,1,6,939,9,1,3,5,1,1, , ,N,1,2,0,3,0,1,2,2,N,N,40 03:08.339,75 00:28.750,943, ,941, ,0, ,N, ,3, , , , , ,418099, , , ,2,1,0,0,0,0,0,1,0,0,0,1,1,0,0,0,0,0,0,0,1,0,0,0,0,0,0,0,0,0,0,0,0,0,0,4,0,40.0523,-75.008, , 
 ,38747,2014039069,6,67,67301,2014,3,7,1057,10,1,1,0,5,1, , ,N,0,0,0,3,0,1,2,2,N, ,40 01:09.548,75 03:09.651,1058, ,1057, ,0, , , ,0, , , , , ,418117, , , ,2,1,0,0,0,0,1,0,0,0,0,1,1,0,0,0,0,0,0,0,1,0,0,0,0,0,0,0,0,0,0,0,0,0,0,4,0,40.0193,-75.0527, , 
 ,38748,2014045610,6,67,67301,2014,4,4,1645,16,1,2,1,1,1, , ,N,0,0,0,3,0,1,2,2,N,N,40 00:21.890,75 11:51.769,1655, ,1645,1,1,3,N, ,0,N, , , , ,418121, , , ,2,0,0,0,0,0,2,0,0,0,0,0,1,1,0,0,0,0,0,0,0,0,0,0,0,0,0,0,0,0,0,0,0,0,0,8,0,40.0061,-75.1977, , 
 ,38749,2014013045,6,67,67301,2014,1,4,630,6,3,1,0,7,4, , ,N,0,0,0,3,0,0,1,1,N,N,40 07:15.402,75 01:00.152,700, ,650,2,1,1,N, ,0,Y, , , , ,418141, , , ,1,1,0,0,0,0,0,0,0,0,0,0,0,0,1,0,0,0,0,0,0,0,0,0,0,0,0,0,0,0,0,0,0,0,0,9,0,40.1209,-75.0167, , 
 ,38750,2014009589,6,67,67301,2014,1,4,1545,15,1,1,4,7,2, , ,N,0,0,0,3,0,0,1,1,N,N,39 55:08.592,75 11:23.429,1551, ,1547, ,0, ,N, ,0, , , , , ,418144, , , ,1,1,0,0,0,0,0,0,0,0,0,0,0,0,0,0,0,0,0,0,0,1,0,0,0,0,0,0,0,0,0,0,0,0,0,0,0,39.9191,-75.1898, , 
 ,38751,2014043099,6,67,67301,2014,3,2,1537,15,1,1,1,1,1, , ,N,0,0,0,3,0,0,2,2,N,N,39 56:55.287,75 11:23.672,1537, ,1537, ,0, ,N, ,0, , , , , ,418175, , , ,2,1,0,0,1,0,0,0,0,0,0,0,0,0,0,0,0,0,0,0,0,0,0,0,0,0,0,0,0,0,0,0,0,0,0,0,0,39.9487,-75.1899, , 
 ,38752,2014084305,6,67,67301,2014,7,6,1710,17,1,1,0,1,1, , ,N,1,2,0,3,0,1,3,3,N, ,39 58:30.545,75 11:17.083,1737, ,1734, ,0, , , ,3, , , , , ,422016, , , ,3,2,0,0,1,0,0,0,0,0,0,1,1,0,0,0,0,0,0,0,1,0,0,0,0,0,0,0,0,0,0,0,0,0,0,4,0,39.9752,-75.1882, , 
 ,38753,2014084309,6,67,67301,2014,7,6,122,1,3,1,0,4,1, , ,N,2,2,0,3,0,1,3,2,N,N,39 53:31.043,75 14:31.507,130, ,122,1,1,2,N, ,3,N, , , , ,422017, , , ,2,1,0,0,1,0,0,0,0,0,0,0,1,1,0,0,0,0,0,0,0,0,0,0,0,0,0,0,0,0,0,0,0,0,0,8,0,39.8919,-75.2419, , 
 ,38754,2014088074,6,67,67301,2014,7,5,1523,15,1,1,0,8,1, , ,N,0,0,0,3,0,1,2,2,N,N,39 56:24.340,75 10:00.360,1620, ,1618, ,0, ,N, ,0, , , , , ,422021, , , ,1,0,0,0,1,0,0,0,0,1,0,0,1,0,0,0,0,0,0,0,0,0,0,0,0,0,0,0,0,0,0,0,1,0,1,2,0,39.9401,-75.1668, , 
 ,38755,2014088803,6,67,67301,2014,8,1,1229,12,1,1,0,4,1, , ,N,0,0,7,3,0,2,2,2,N,N,40 00:21.758,75 05:28.708,1230, ,1230, ,0, ,N, ,0, , , , , ,422022, , , ,2,2,0,0,0,0,0,0,0,0,0,0,2,2,0,0,0,0,0,0,1,0,0,0,0,0,0,0,0,0,0,0,0,0,0,8,0,40.006,-75.0913, , 
 ,38756,2014096414,6,67,67301,2014,9,6,1504,15,1,1,0,8,1, , ,N,1,2,0,3,0,1,2,2,N,N,39 59:18.584,75 06:22.955,1650, ,1644, ,0, ,N, ,3, , , , , ,422032, , , ,1,0,0,0,0,0,1,0,0,0,1,0,1,0,0,0,0,0,0,0,0,0,0,0,0,0,0,0,0,0,0,0,1,0,0,3,0,39.9885,-75.1064, , 
 ,38757,2014106852,6,67,67301,2014,9,6,814,8,1,1,0,4,1, , ,N,1,3,0,3,0,1,3,2,N,N,39 58:43.377,75 14:32.524,815, ,814,3,2,5,N, ,3,Y, , , , ,422038, , , ,2,1,0,0,0,0,1,0,0,0,0,0,1,1,0,0,0,0,0,0,0,0,0,0,0,0,0,0,0,0,0,0,0,0,0,8,0,39.9787,-75.2424, , 
 ,38758,2014107945,6,46,46102,2014,11,7,1705,17,1,1,1,1,1, , ,N,2,3,0,3,0,1,2,2,N,N,40 03:53.254,75 05:22.242,1709, ,1705, ,0, ,N, ,3, , , , , ,422040, , , ,2,1,0,0,0,0,0,1,0,0,0,1,1,0,0,0,0,0,0,0,0,0,0,1,0,0,0,0,0,0,0,0,0,0,0,4,0,40.0648,-75.0895, , 
 ,38759,2014016923,6,67,67301,2014,1,4,1810,18,3,1,1,8,1, , ,N,2,2,0,3,0,1,2,2,N,N,39 57:06.166,75 10:59.749,1818, ,1810,1,1,2,N, ,3,N, , , , ,422055, , , ,1,1,0,0,0,0,0,0,0,0,0,0,1,1,0,0,0,0,0,0,0,0,0,1,0,0,0,0,0,0,0,0,1,0,0,8,0,39.9517,-75.1832, , 
 ,38760,2014029851,6,67,67301,2014,2,1,2320,23,3,4,5,7,4, , ,N,0,0,0,3,0,1,1,1,N,N,40 06:06.947,75 02:23.873,1, ,2359, ,0, , , ,0, , , , , ,422067, , , ,1,1,0,0,0,0,0,0,0,0,0,1,1,0,0,0,0,0,0,0,0,0,0,0,0,0,0,0,0,0,0,0,0,0,0,4,0,40.1019,-75.04, , 
 ,38761,2014065523,6,67,67301,2014,5,3,1603,16,1,1,0,7,5, , ,N,0,0,0,3,0,0,1,1,N,N,40 04:14.405,74 58:53.113,1605, ,1603, ,0, ,N, ,0, , , , , ,422088, , , ,1,1,0,0,0,0,0,0,0,0,0,0,0,0,0,0,0,0,0,0,0,0,0,0,0,0,0,0,0,0,0,0,0,0,0,0,0,40.0707,-74.9814, , 
 ,38762,2014065557,6,67,67301,2014,5,1,2310,23,3,1,0,5,6, , ,N,0,0,0,3,0,1,3,4,N,N,39 57:16.797,75 13:37.696,9999, ,2310,3,2,3,N, ,0,Y, , , , ,422089, , , ,3,2,0,0,0,0,1,0,0,0,0,0,1,1,1,0,0,0,0,0,0,0,0,0,0,0,0,0,0,0,0,0,1,0,0,8,0,39.9547,-75.2271, , 
 ,38763,2014030279,6,67,67301,2014,1,3,1015,10,1,2,1,5,1, , ,N,0,0,0,3,0,0,1,3,N,N,39 57:22.683,75 14:23.461,1027, ,1020, ,0, ,N, ,0, , , , , ,422116, , , ,3,2,0,0,0,0,1,0,0,0,0,0,0,0,0,0,0,0,0,0,1,0,0,0,0,0,0,0,0,0,0,0,0,0,0,0,0,39.9563,-75.2399, , 
 ,38764,2014042922,6,67,67301,2014,4,1,815,8,1,1,0,1,1, , ,N,0,0,2,3,0,0,2,2,N,N,39 59:17.298,75 12:27.293,828, ,828, ,0, ,N, ,0, , , , , ,422125, , , ,2,1,0,0,1,0,0,0,0,0,0,0,0,0,0,0,0,0,0,0,1,0,0,0,0,0,0,0,0,0,0,0,0,0,0,0,0,39.9881,-75.2076, , 
 ,38765,2014044554,6,67,67301,2014,3,2,830,8,1,4,5,1,1, , ,N,0,0,0,3,0,0,2,2,N,N,40 03:49.598,75 14:56.315,930, ,910, ,0, ,N, ,0, , , , , ,422128, , , ,2,1,0,0,0,0,1,0,0,0,0,0,0,0,0,0,0,0,0,0,0,0,0,0,0,0,0,0,0,0,0,0,0,0,0,0,0,40.0638,-75.249, , 
 ,38766,2014032370,6,67,67301,2014,2,7,246,2,3,1,0,5,6, , ,N,0,0,0,3,0,0,1,3,N,N,39 58:48.072,75 07:26.258,253, ,248, ,0, ,N, ,0, , , , , ,422160, , , ,3,0,0,0,1,0,2,0,0,0,0,0,0,0,1,0,0,0,0,0,0,0,0,0,0,0,0,0,0,0,0,0,0,0,0,9,0,39.98,-75.124, , 
 ,38767,2014038868,6,67,67301,2014,3,2,1315,13,1,1,0,4,1, , ,N,1,2,0,3,0,0,4,2,N, ,40 01:43.905,75 06:21.601,1325, ,1320,1,1,1,N, ,3,N, , , , ,422172, , , ,2,1,0,0,0,0,1,0,0,0,0,0,0,0,0,0,0,0,0,0,1,0,0,0,0,0,0,0,0,0,0,0,0,0,0,0,0,40.0289,-75.106, , 
 ,38768,2014039342,6,67,67301,2014,3,7,1030,10,1,1,0,4,1, , ,N,1,3,0,3,0,1,2,2,N, ,40 02:38.137,75 04:42.812,1038, ,1036, ,0, , , ,3, , , , , ,422173, , , ,2,2,0,0,0,0,0,0,0,0,1,0,1,0,0,0,0,0,1,0,0,0,0,0,0,0,0,0,0,0,0,0,0,0,0,3,0,40.0439,-75.0786, , 
 ,38769,2014066229,6,67,67301,2014,7,3,1620,16,1,1,0,1,1, , ,N,0,0,3,3,0,0,2,2,N,N,39 54:39.232,75 09:39.710,1629, ,1628, ,0, ,N, ,0, , , , , ,422192, , , ,2,2,0,0,0,0,0,0,0,0,0,0,0,0,0,0,0,0,1,1,0,0,0,0,0,0,0,0,0,0,0,0,0,0,0,0,0,39.9109,-75.161, , 
 ,38770,2014091350,6,67,67301,2014,8,5,2120,21,3,1,0,4,1, , ,N,1,2,0,3,0,0,2,2,N,N,40 01:16.536,75 08:49.556,2130, ,2125, ,0, ,N, ,3, , , , , ,460909, , , ,2,2,0,0,0,0,0,0,0,0,0,0,0,0,0,0,0,0,0,1,0,0,0,0,0,0,0,0,0,0,0,0,0,0,0,0,0,40.0213,-75.1471, , 
 ,38771,2014059117,6,67,67301,2014,5,6,645,6,1,2,1,4,1, , ,N,1,2,0,3,0,1,2,2,N,N,39 57:29.289,75 09:01.655,648, ,646,2,1,4, , ,3,N, , , , ,460938, , , ,2,0,0,0,1,0,1,0,0,0,0,1,1,0,0,0,0,0,0,0,0,0,0,0,0,0,0,0,0,0,0,0,0,0,0,4,0,39.9581,-75.1505, , 
 ,38772,2014075221,6,67,67301,2014,6,5,1200,12,1,1,0,8,1, , ,N,0,0,0,3,0,1,2,2,N, ,40 00:09.700,75 07:27.833,1212, ,1212, ,0, , , ,0, , , , , ,460949, , , ,1,1,0,0,0,0,0,0,0,0,0,1,1,0,0,0,0,0,0,0,0,0,0,0,0,0,0,0,0,0,0,0,1,0,0,4,0,40.0027,-75.1244, , 
 ,38773,2014084321,6,67,67301,2014,6,1,1725,17,1,1,0,4,1, , ,N,1,2,0,3,0,1,2,2,N,N,40 04:51.446,75 12:09.698,1740, ,1726,1,1,3,N, ,3,Y, , , , ,460953, , , ,2,0,1,0,0,0,1,0,0,0,0,0,1,1,0,0,0,0,0,0,0,0,0,0,0,0,0,0,0,0,0,0,0,0,0,8,0,40.0808,-75.2027, , 
 ,38774,2014088737,6,67,67301,2014,8,6,2013,20,3,1,0,1,1, , ,N,2,0,0,3,0,1,2,2,N, ,40 03:38.631,75 01:40.807,2015, ,2015, ,0, , , ,0, , , , , ,460957, , , ,1,0,0,0,0,0,1,0,1,0,0,1,1,0,0,0,0,0,0,0,0,0,0,0,0,0,0,0,0,0,0,0,0,0,0,4,0,40.0607,-75.028, , 
 ,38775,2014091398,6,67,67301,2014,9,2,2325,23,3,1,0,4,1, , ,N,1,2,0,3,0,1,2,2,N,N,39 59:08.812,75 12:56.169,2345, ,2333, ,0, ,N, ,3, , , , , ,460958, , , ,2,1,0,0,0,0,1,0,0,0,0,1,1,0,0,0,0,0,0,0,0,0,0,1,0,0,0,0,0,0,0,0,0,0,0,4,0,39.9858,-75.2156, , 
 ,38776,2014095606,6,67,67301,2014,9,5,358,3,3,2,1,7,4, , ,N,3,0,8,3,0,0,1,1,N,N,39 54:45.274,75 09:01.326,358, ,358, ,0, ,N, ,0, , , , , ,460962, , , ,1,1,0,0,0,0,0,0,0,0,0,0,0,0,0,0,0,0,0,1,0,0,0,0,0,0,0,0,0,0,0,0,0,0,0,0,0,39.9126,-75.1504, , 
 ,38777,2014096000,6,67,67301,2014,9,7,1809,18,4,1,1,6,1, , ,N,0,0,0,3,0,1,2,2,N,N,40 03:58.727,75 12:09.530,1815, ,1809, ,0, ,N, ,0, , , , , ,460963, , , ,2,1,0,0,0,0,1,0,0,0,0,0,1,1,0,0,0,0,0,0,0,0,0,0,0,0,0,0,0,0,0,0,0,0,0,8,0,40.0663,-75.2026, , 
 ,38778,2014106717,6,67,67301,2014,10,7,1738,17,4,2,1,7,4, , ,N,0,0,0,3,0,3,3,2,N,N,40 03:32.844,75 12:02.559,1742, ,1738,1,2,5,N, ,0,Y, , , , ,460972, , , ,2,2,0,0,0,0,0,0,0,0,0,0,3,3,0,0,0,0,0,0,0,0,2,0,0,0,0,0,0,0,0,0,0,0,0,8,0,40.0591,-75.2007, , 
 ,38779,2014106726,6,67,67301,2014,10,3,1810,18,1,1,0,4,1, , ,N,1,2,0,3,0,1,2,2,N,N,40 04:04.742,75 03:09.950,1820, ,1817, ,0, ,N, ,3, , , , , ,460973, , , ,2,1,0,0,0,0,1,0,0,0,0,1,1,0,0,0,0,0,0,0,1,0,0,0,0,0,0,0,0,0,0,0,0,0,0,4,0,40.068,-75.0528, , 
 ,38780,2014054518,6,67,67301,2014,4,7,2106,21,3,1,0,4,1, , ,N,1,2,0,3,0,0,4,3,N,N,40 00:36.733,75 05:53.140,2125, ,2116, ,0, , , ,3, , , , , ,460986, , , ,3,2,0,0,0,0,1,0,0,0,0,0,0,0,0,0,0,0,0,0,0,0,0,0,0,0,0,0,0,0,0,0,0,0,0,0,0,40.0102,-75.0981, , 
 ,38781,2014054558,6,67,67301,2014,5,6,750,7,1,1,0,4,1, , ,N,2,3,0,3,0,0,2,2,N, ,40 07:45.538,75 01:19.973,818, ,806, ,0, , , ,3, , , , , ,460987, , , ,2,0,0,0,1,0,1,0,0,0,0,0,0,0,0,0,0,0,0,0,1,0,0,0,0,0,0,0,0,0,0,0,0,0,0,0,0,40.1293,-75.0222, , 
 ,38782,2014084489,6,67,67301,2014,7,4,2200,22,3,1,0,8,1, , ,N,1,2,0,3,0,1,2,2,N, ,39 56:22.855,75 13:22.544,2205, ,2200, ,0, ,N, ,3, , , , , ,460990, , , ,1,1,0,0,0,0,0,0,0,0,0,1,1,0,0,0,0,0,0,0,0,0,0,0,0,0,0,0,0,0,0,0,1,0,0,4,0,39.9397,-75.2229, , 
 ,38783,2014088046,6,67,67301,2014,7,5,2331,23,3,1,0,7,4, , ,N,0,0,0,3,0,0,1,1,N, ,39 59:49.632,75 10:23.044,9999, ,2333, ,0, , , ,0, , , , , ,460995, , , ,1,1,0,0,0,0,0,0,0,0,0,0,0,0,0,0,0,0,0,0,1,0,0,0,0,0,0,0,0,0,0,0,0,0,0,0,0,39.9971,-75.1731, , 
 ,38784,2014088124,6,67,67301,2014,7,6,1315,13,1,1,0,4,1, , ,N,1,2,0,3,0,3,3,2,N,N,40 03:05.569,75 09:00.387,1335, ,1330, ,0, ,N, ,3, , , , , ,460996, , , ,2,1,0,0,0,0,1,0,0,0,0,2,3,1,0,0,0,0,0,0,2,0,0,0,0,0,0,0,0,0,0,0,0,0,0,4,0,40.0515,-75.1501, , 
 ,38785,2014088974,6,67,67301,2014,8,7,1240,12,1,1,0,2,1, , ,N,1,2,0,3,0,1,2,2,N,N,39 59:48.427,75 06:12.178,1253, ,1249, ,0, ,N, ,3, , , , , ,460997, , , ,1,0,0,0,0,0,1,0,1,0,0,0,1,1,0,0,0,0,0,0,0,0,0,0,0,0,0,0,0,0,0,0,0,0,0,8,0,39.9968,-75.1034, , 
Y,38786,2014099671,6,67,67301,2014,9,7,150,1,3,1,0,5,1,1,4,Y,0,0,0,3,0,0,4,2,N,N,40 00:28.709,75 04:16.583,157,45,151,1,1,1,N, ,0,N,N,N,N,N,461002,N,N,Y,2,2,0,0,0,0,0,0,0,0,0,0,0,0,0,0,0,0,0,0,0,0,0,0,0,0,0,0,0,0,0,0,0,0,0,0,0,40.008,-75.0713, , 
 ,38787,2014068627,6,67,67301,2014,6,7,1530,15,1,1,0,1,1, , ,N,0,0,0,3,0,7,8,4,N, ,39 59:28.815,75 11:11.313,1559, ,1554,3,1,2,N, ,0,N, , , , ,461036, , , ,4,4,0,0,0,0,0,0,0,0,1,1,7,5,1,0,0,0,0,0,0,0,0,2,0,0,0,0,0,0,0,0,0,0,0,3,0,39.9913,-75.1865, , 
 ,38788,2014087789,6,67,67301,2014,7,7,1702,17,1,1,0,7,5, , ,N,0,0,0,3,0,0,1,1,N,N,40 02:08.414,75 08:00.845,1715, ,709, ,0, ,N, ,0, , , , , ,461058, , , ,1,1,0,0,0,0,0,0,0,0,0,0,0,0,1,0,0,0,0,0,0,0,0,0,0,0,0,0,0,0,0,0,0,0,0,9,0,40.0357,-75.1336, , 
 ,38789,2014095916,6,67,67301,2014,9,2,9999,99,1,1,0,8,1, , ,N,1,2,0,3,0,1,2,2,N,N,39 56:55.987,75 09:37.993,9999, ,9999, ,0, ,N, ,3, , , , , ,461066, , , ,1,1,0,0,0,0,0,0,0,0,0,0,1,1,0,0,0,0,0,0,0,0,0,0,0,0,0,0,0,0,0,0,1,0,0,8,0,39.9489,-75.1605, , 
 ,38790,2014068588,6,67,67301,2014,5,1,300,3,3,1,0,1,6, , ,N,0,0,0,3,0,0,1,3,N,N,39 59:34.198,75 10:29.316,307, ,304,3,2,5,N, ,0,Y, , , , ,461084, , , ,3,1,0,0,1,0,1,0,0,0,0,0,0,0,1,0,0,0,0,0,0,0,0,0,0,0,0,0,0,0,0,0,0,0,0,9,0,39.9928,-75.1748, , 
 ,38791,2014088114,6,67,67301,2014,7,6,1150,11,1,1,0,4,1, , ,N,0,0,0,3,0,1,3,2,N,N,40 00:52.818,75 03:54.107,1230, ,1226, ,0, ,N, ,0, , , , , ,461099, , , ,2,2,0,0,0,0,0,0,0,0,0,1,1,0,0,0,0,0,0,0,0,0,0,1,0,0,0,0,0,0,0,0,0,0,0,4,0,40.0147,-75.065, , 
 ,38792,2014115634,6,67,67301,2014,11,7,947,9,1,1,0,4,1, , ,N,1,2,0,3,0,1,6,2,N,N,39 59:06.544,75 07:26.844,947, ,947, ,0, ,N, ,3, , , , , ,461120, , , ,2,0,0,0,2,0,0,0,0,0,0,1,1,0,0,0,0,0,0,0,1,0,0,0,0,0,0,0,0,0,0,0,0,0,0,4,0,39.9852,-75.1241, , 
 ,38793,2014076766,6,67,67301,2014,7,4,1815,18,1,1,0,1,1, , ,N,0,0,0,3,0,0,3,3,N,N,40 01:22.621,75 02:07.745,1830, ,1817,3,1,1,N, ,0,N, , , , ,461135, , , ,3,1,0,0,1,0,1,0,0,0,0,0,0,0,0,0,0,0,0,0,2,0,0,0,0,0,0,0,0,0,0,0,0,0,0,0,0,40.023,-75.0355, , 
 ,38794,2014078873,6,67,67301,2014,5,7,1630,16,1,1,0,7,4, , ,N,0,0,0,3,0,2,2,1,N,N,39 54:57.222,75 13:14.690,1638, ,1630, ,0, ,N, ,0, , , , , ,461136, , , ,1,1,0,0,0,0,0,0,0,0,0,2,2,0,0,0,0,0,0,0,0,0,0,0,0,0,0,0,0,0,0,0,0,0,0,4,0,39.9159,-75.2207, , 
 ,38795,2014081075,6,67,67301,2014,6,3,220,2,3,1,0,7,3, , ,N,6,0,2,3,0,3,4,1,N,N,40 00:49.241,75 10:46.383,230, ,225, ,0, ,N, ,0, , , , , ,461141, , , ,1,1,0,0,0,0,0,0,0,0,0,0,3,3,0,0,0,0,0,0,0,0,0,0,0,0,0,0,0,0,0,0,0,0,0,8,0,40.0137,-75.1796, , 
 ,38796,2014088099,6,67,67301,2014,7,7,9999,99,1,1,0,5,1, , ,N,1,2,0,3,0,1,2,2,N,N,40 01:37.482,75 04:31.962,1300, ,1240, ,0, ,N, ,3, , , , , ,461149, , , ,1,0,0,0,0,0,1,0,1,0,0,1,1,0,0,0,0,0,0,0,0,0,0,0,0,0,0,0,0,0,0,0,0,0,0,4,0,40.0271,-75.0754, , 
 ,38797,2014099223,6,67,67301,2014,9,3,640,6,1,1,0,1,1, , ,N,1,2,0,3,0,2,4,4,N,N,40 01:46.545,75 06:13.959,651, ,641,1,1,1, , ,3,N, , , , ,461161, , , ,4,3,0,0,0,0,1,0,0,0,0,0,2,2,0,0,0,0,0,0,1,0,0,0,0,0,0,0,0,0,0,0,0,0,0,8,0,40.0296,-75.1039, , 
 ,38798,2014104457,6,67,67301,2014,10,4,1653,16,1,1,0,1,1, , ,N,0,2,0,3,0,1,4,3,N,N,39 59:31.363,75 05:58.099,1703, ,1701, ,0, ,N, ,3, , , , , ,461168, , , ,3,2,0,0,0,1,0,0,0,0,0,1,1,0,0,0,0,0,0,0,2,0,0,0,0,0,0,0,0,0,0,0,0,0,0,4,1,39.992,-75.0995, , 
 ,38799,2015006691,6,67,67301,2014,12,6,1315,13,1,1,0,1,1, , ,N,2,0,0,3,0,0,3,2,N,N,40 07:10.776,75 00:31.301,1400, ,1356, ,0, ,N, ,0, , , , , ,461191, , , ,2,1,0,0,0,0,1,0,0,0,0,0,0,0,0,0,0,0,0,1,0,0,0,0,0,0,0,0,0,0,0,0,0,0,0,0,0,40.1197,-75.0087, , 
 ,38800,2014068578,6,67,67301,2014,6,5,1736,17,1,2,1,4,1, , ,N,2,3,0,3,0,1,2,2,N,N,39 59:40.599,75 09:51.451,1738, ,1736, ,0, ,N, ,3, , , , , ,461204, , , ,1,0,0,0,0,0,1,0,1,0,0,1,1,0,0,0,0,0,0,0,0,0,0,0,0,0,0,0,0,0,0,0,0,0,0,4,0,39.9946,-75.1643, , 
 ,38801,2014088017,6,67,67301,2014,7,2,1111,11,1,1,0,4,1, , ,N,0,0,7,3,0,1,2,2,N,N,40 01:40.436,75 03:35.929,1112, ,1111,9,2,5,N, ,0,N, , , , ,461222, , , ,2,2,0,0,0,0,0,0,0,0,1,0,1,0,0,0,0,0,0,0,1,0,0,0,0,0,0,0,0,0,0,0,0,0,0,3,0,40.0279,-75.06, , 
 ,38802,2014088319,6,67,67301,2014,7,4,1852,18,1,1,0,4,1, , ,N,1,3,0,3,0,1,2,2,N, ,39 57:27.061,75 12:40.366,1906, ,1904,1,1,1, , ,3,N, , , , ,461223, , , ,2,1,0,0,0,0,1,0,0,0,0,1,1,0,0,0,0,0,0,0,0,1,0,0,0,0,0,0,0,0,0,0,0,0,0,4,0,39.9575,-75.2112, , 
 ,38803,2014091390,6,67,67301,2014,9,2,9999,99,3,1,0,4,1, , ,N,0,0,7,3,0,0,2,2,N,N,40 05:14.208,74 57:56.156,2350, ,2350, ,0, , , ,0, , , , , ,461225, , , ,2,1,0,0,0,0,1,0,0,0,0,0,0,0,0,0,0,0,0,0,0,0,0,0,0,0,0,0,0,0,0,0,0,0,0,0,0,40.0873,-74.9656, , 