wz_ln_closure,objectid_1,crn,district,county,municipality,crash_year,crash_month,day_of_week,time_of_day,hour_of_day,illumination,weather,road_condition,collision_type,relation_to_road,work_zone_type,work_zone_loc,work_zone_ind,intersect_type,tcd_type,location_type,urban_rural,fatal_count,injury_count,person_count,total_units,sch_bus_ind,sch_zone_ind,latitude,longitude,arrival_tm,cons_zone_spd_lim,dispatch_tm,est_hrs_closed,lane_closed,ln_close_dir,ntfy_hiwy_maint,spec_juris_cd,tcd_func_cd,tfc_detour_ind,workers_pres,wz_close_detour,wz_flagger,wz_law_offcr_ind,objectid,wz_moving,wz_other,wz_shlder_mdn,vehicle_count,automobile_count,motorcycle_count,bus_count,small_truck_count,heavy_truck_count,suv_count,van_count,bicycle_count,maj_inj_count,mod_inj_count,min_inj_count,tot_inj_count,unk_inj_deg_count,unk_inj_per_count,driver_count_16yr,driver_count_17yr,driver_count_18yr,driver_count_19yr,driver_count_20yr,driver_count_50_64yr,driver_count_65_74yr,driver_count_75plus,unbelted_occ_count,unb_death_count,unb_maj_inj_count,belted_death_count,belted_maj_inj_count,mcycle_death_count,mcycle_maj_inj_count,bicycle_death_count,bicycle_maj_inj_count,ped_count,ped_death_count,ped_maj_inj_count,max_severity_level,comm_veh_count,dec_lat,dec_long,rdwy_surf_type_cd,county_name
 ,38804,2014092417,6,67,67301,2014,9,7,2200,22,3,1,0,4,1, , ,N,1,3,0,3,0,0,3,2,N,N,39 58:39.345,75 09:38.332,2218, ,2215, ,0, ,N, ,3, , , , , ,461226, , , ,2,2,0,0,0,0,0,0,0,0,0,0,0,0,0,0,0,0,0,0,1,0,0,0,0,0,0,0,0,0,0,0,0,0,0,0,0,39.9776,-75.1606, , 
 ,38805,2014093525,6,67,67301,2014,9,1,932,9,1,1,0,2,6, , ,N,0,0,0,3,0,1,1,2,N, ,40 02:16.353,75 11:31.582,933, ,933, ,0, , , ,0, , , , , ,461228, , , ,2,1,0,0,0,0,0,1,0,0,0,0,1,1,0,0,0,0,0,0,1,0,0,0,0,0,0,0,0,0,0,0,0,0,0,8,0,40.0379,-75.1921, , 
 ,38806,2014106799,6,67,67301,2014,10,5,840,8,1,1,0,4,1, , ,N,1,3,0,3,0,3,4,2,N, ,40 00:03.643,75 07:25.222,905, ,900, ,0, , , ,3, , , , , ,455190, , , ,2,0,0,0,0,0,0,1,0,0,0,3,3,0,0,0,0,0,0,0,1,0,0,0,0,0,0,0,0,0,0,0,0,0,0,4,0,40.001,-75.1237, , 
 ,38807,2014109912,6,67,67301,2014,10,7,920,9,1,1,0,5,1, , ,N,0,0,0,3,0,1,2,2,N, ,40 02:58.552,75 06:04.237,928, ,925, ,0, , , ,0, , , , , ,455192, , , ,2,1,0,0,0,0,1,0,0,0,0,1,1,0,0,0,0,0,0,0,0,0,0,0,0,0,0,0,0,0,0,0,0,0,0,4,0,40.0496,-75.1012, , 
 ,38808,2014078144,6,46,46102,2014,8,5,738,7,1,1,0,2,6, , ,N,0,0,0,3,0,1,1,3,N,N,40 04:10.120,75 09:00.714,749, ,738, ,0, ,N, ,0, , , , , ,455205, , , ,3,3,0,0,0,0,0,0,0,0,0,0,1,1,0,0,0,0,0,0,0,0,0,0,0,0,0,0,0,0,0,0,0,0,0,8,0,40.0695,-75.1502, , 
 ,38809,2014025329,6,67,67301,2014,1,2,1150,11,1,4,1,1,1, , ,N,0,0,0,3,0,4,5,3,N, ,39 56:22.668,75 11:54.141,1159, ,154, ,0, ,N, ,0, , , , , ,455218, , , ,3,0,0,0,0,0,1,2,0,0,2,0,4,2,0,0,0,0,0,0,0,0,0,0,0,0,0,0,0,0,0,0,0,0,0,3,0,39.9396,-75.1984, , 
 ,38810,2014025519,6,67,67301,2014,1,3,1755,17,3,2,1,4,1, , ,N,0,0,0,3,0,1,2,2,N,N,39 57:23.705,75 11:58.848,1805, ,1757, ,0, , , ,0, , , , , ,455219, , , ,1,1,0,0,0,0,0,0,1,0,0,1,1,0,0,0,0,0,0,0,0,0,0,0,0,0,0,0,0,0,0,0,0,0,0,4,0,39.9566,-75.1997, , 
 ,38811,2014031735,6,67,67301,2014,2,5,751,7,1,1,0,5,1, , ,N,7,0,2,3,0,0,2,2,N,N,39 59:11.692,75 12:28.484,818, ,753, ,0, ,N, ,0, , , , , ,455227, , , ,2,2,0,0,0,0,0,0,0,0,0,0,0,0,0,0,0,0,0,0,0,0,0,0,0,0,0,0,0,0,0,0,0,0,0,0,0,39.9866,-75.2079, , 
 ,38812,2014032466,6,67,67301,2014,2,3,1800,18,3,1,6,8,1, , ,N,0,0,0,3,0,1,2,2,N,N,40 07:47.153,75 01:09.142,1810, ,1803,1,2,3,N, ,0,Y, , , , ,455228, , , ,1,1,0,0,0,0,0,0,0,0,1,0,1,0,0,0,0,0,0,0,0,1,0,0,0,0,0,0,0,0,0,0,1,0,0,3,0,40.1298,-75.0192, , 
 ,38813,2014040426,6,67,67301,2014,3,3,1935,19,3,1,0,7,4, , ,N,0,0,0,3,0,1,1,1,N, ,40 00:55.696,75 10:36.780,1937, ,1937, ,0, , , ,0, , , , , ,455240, , , ,1,1,0,0,0,0,0,0,0,0,0,1,1,0,0,0,0,0,0,0,0,0,0,0,0,0,0,0,0,0,0,0,0,0,0,4,0,40.0155,-75.1769, , 
 ,38814,2014054590,6,67,67301,2014,4,5,1539,15,1,1,0,4,1, , ,N,0,0,7,3,0,1,3,3,N, ,39 58:14.463,75 08:47.398,1624, ,1622, ,0, , , ,0, , , , , ,455247, , , ,3,3,0,0,0,0,0,0,0,0,0,0,1,1,0,0,0,0,0,0,0,0,1,0,0,0,0,0,0,0,0,0,0,0,0,8,0,39.9707,-75.1465, , 
 ,38815,2014084208,6,67,67301,2014,7,5,1248,12,1,1,0,2,1, , ,N,1,2,0,3,0,1,2,2,N, ,39 59:30.115,75 11:08.190,1416, ,1412,3,1,3, , ,3,N, , , , ,455271, , , ,2,2,0,0,0,0,0,0,0,0,0,0,1,1,0,0,0,0,0,1,0,0,0,0,0,0,0,0,0,0,0,0,0,0,0,8,0,39.9917,-75.1856, , 
 ,38816,2014091328,6,67,67301,2014,8,7,2200,22,3,1,0,4,1, , ,N,0,0,7,3,0,1,2,2,N,N,40 06:41.287,75 01:26.977,2205, ,2203,9,1,1,N, ,0,Y, , , , ,455279, , , ,2,1,1,0,0,0,0,0,0,0,0,0,1,1,1,0,0,0,0,0,0,0,0,0,0,0,0,0,0,0,0,0,0,0,0,8,0,40.1115,-75.0242, , 
 ,38817,2014087790,6,67,67301,2014,7,6,2114,21,3,1,0,4,1, , ,N,1,3,0,3,0,1,3,2,N, ,40 00:09.208,75 10:01.765,2148, ,2146, ,0, , , ,3, , , , , ,455317, , , ,2,1,0,0,0,0,0,0,0,0,0,1,1,0,1,0,0,0,0,0,1,0,0,0,0,0,0,0,0,0,0,0,0,0,0,4,0,40.0026,-75.1672, , 
 ,38818,2014088083,6,67,67301,2014,7,6,5,0,3,1,0,8,1, , ,N,1,3,0,3,0,1,2,2,N,N,39 56:12.858,75 09:00.809,1753, ,1748, ,0, , , ,3, , , , , ,455318, , , ,1,0,0,0,0,0,0,0,0,0,1,0,1,0,1,0,0,0,0,0,0,0,0,0,0,0,0,0,0,0,0,0,1,0,0,3,0,39.9369,-75.1502, , 
 ,38819,2014098633,6,67,67301,2014,9,7,1410,14,1,1,0,1,1, , ,N,1,2,0,3,0,2,3,3,N, ,39 59:58.827,75 05:56.359,1419, ,1416, ,0, , , ,3, , , , , ,455327, , , ,3,3,0,0,0,0,0,0,0,0,0,0,2,2,0,0,0,0,0,0,0,0,0,0,0,0,0,0,0,0,0,0,0,0,0,8,0,39.9997,-75.099, , 
 ,38820,2014091418,6,67,67301,2014,8,7,1752,17,1,1,0,8,1, , ,N,0,0,0,3,0,1,2,2,N,N,40 02:26.034,75 02:11.332,1826, ,1822, ,0, ,N, ,0, , , , , ,455361, , , ,1,1,0,0,0,0,0,0,0,0,1,0,1,0,0,0,0,0,0,1,0,0,0,0,0,0,0,0,0,0,0,0,1,0,0,3,0,40.0406,-75.0365, , 
 ,38821,2014096862,6,67,67301,2014,9,4,9999,99,3,1,0,4,1, , ,N,0,0,7,3,0,1,2,2,N, ,40 05:28.822,75 00:25.229,2010, ,2000, ,0, , , ,0, , , , , ,455366, , , ,2,1,0,0,0,0,1,0,0,0,0,1,1,0,0,0,1,0,0,0,0,0,0,0,0,0,0,0,0,0,0,0,0,0,0,4,0,40.0913,-75.007, , 
 ,38822,2014099198,6,67,67301,2014,9,4,2153,21,3,1,0,1,6, , ,N,0,0,0,3,0,0,1,2,N,N,40 02:02.429,75 10:19.590,2245, ,2231, ,0, ,Y, ,0, , , , , ,455370, , , ,2,2,0,0,0,0,0,0,0,0,0,0,0,0,1,0,0,0,0,0,0,0,0,0,0,0,0,0,0,0,0,0,0,0,0,9,0,40.034,-75.1721, , 
 ,38823,2014111455,6,67,67301,2014,9,7,2330,23,3,1,0,4,1, , ,N,1,2,0,3,0,2,3,4,N,N,39 57:15.642,75 13:26.511,2341, ,2339, ,0, ,N, ,3, , , , , ,455381, , , ,4,3,0,0,0,1,0,0,0,0,1,1,2,0,0,0,0,0,0,0,0,0,0,2,0,0,0,0,0,0,0,0,0,0,0,3,0,39.9543,-75.224, , 
 ,38824,2014125058,6,67,67301,2014,11,7,2015,20,3,1,0,4,1, , ,N,1,3,0,3,0,1,5,2,N,N,39 57:53.258,75 10:08.727,2021, ,2020, ,0, , , ,3, , , , , ,458133, , , ,1,1,0,0,0,0,0,0,1,0,0,0,1,1,0,0,0,0,0,0,0,0,0,0,0,0,0,0,0,0,0,0,0,0,0,8,0,39.9648,-75.1691, , 
 ,38825,2014113386,6,67,67301,2014,10,5,1830,18,3,1,0,1,1, , ,N,0,0,0,3,0,3,3,2,N,N,40 02:02.975,75 09:20.007,1850, ,1845, ,0, ,N, ,0, , , , , ,458147, , , ,2,1,0,0,0,0,1,0,0,0,0,3,3,0,0,0,0,0,0,0,1,0,0,0,0,0,0,0,0,0,0,0,0,0,0,4,0,40.0342,-75.1556, , 
 ,38826,2014091327,6,67,67301,2014,8,1,1130,11,1,1,0,4,1, , ,N,0,0,7,3,0,1,4,2,N,N,40 03:10.283,75 14:10.411,1209, ,1156, ,0, ,N, ,0, , , , , ,458169, , , ,2,2,0,0,0,0,0,0,0,0,1,0,1,0,0,0,0,0,0,0,1,0,1,0,0,0,0,0,0,0,0,0,0,0,0,3,0,40.0529,-75.2362, , 
 ,38827,2014065574,6,67,67301,2014,5,1,1335,13,1,1,0,8,1, , ,N,0,0,0,3,0,1,3,2,N,N,40 02:22.318,75 04:10.394,1343, ,1340, ,0, , , ,0, , , , , ,458178, , , ,1,0,0,0,0,0,1,0,0,0,0,1,1,0,0,0,0,0,0,0,1,0,0,0,0,0,0,0,0,0,0,0,1,0,0,4,0,40.0395,-75.0696, , 
 ,38828,2014083943,6,67,67301,2014,8,3,2253,22,3,1,0,1,1, , ,N,0,0,0,3,0,1,4,2,N,N,40 01:36.750,75 06:58.402,2302, ,2309,2,1,2,N, ,0,N, , , , ,458191, , , ,2,1,0,0,0,0,0,1,0,0,0,1,1,0,0,0,0,0,0,0,0,0,0,0,0,0,0,0,0,0,0,0,0,0,0,4,0,40.0269,-75.1162, , 
 ,38829,2014084473,6,67,67301,2014,7,4,9999,99,1,1,0,4,6, , ,N,2,3,0,3,0,1,1,3,N,N,39 59:42.493,75 06:34.509,9999, ,9999, ,0, ,N, ,3, , , , , ,458204, , , ,3,1,0,0,1,0,1,0,0,0,0,1,1,0,0,0,0,0,0,0,0,0,0,0,0,0,0,0,0,0,0,0,0,0,0,4,0,39.9951,-75.1096, , 
 ,38830,2014088707,6,67,67301,2014,8,2,713,7,1,1,0,4,1, , ,N,0,0,0,3,0,1,2,2,N,N,40 00:18.480,75 09:20.410,721, ,716, ,0, ,N, ,0, , , , , ,458206, , , ,1,0,0,0,0,0,1,0,1,0,0,1,1,0,0,0,0,0,0,0,0,0,0,1,0,0,0,0,0,0,0,0,0,0,0,4,0,40.0051,-75.1557, , 
 ,38831,2014091419,6,67,67301,2014,8,1,1910,19,4,2,1,4,1, , ,N,2,3,0,3,0,1,2,2,N,N,40 03:40.982,75 02:42.629,1930, ,1928, ,0, ,N, ,3, , , , , ,458208, , , ,2,2,0,0,0,0,0,0,0,0,0,0,1,1,0,0,0,0,0,0,0,1,0,0,0,0,0,0,0,0,0,0,0,0,0,8,0,40.0614,-75.0452, , 
Y,38832,2014094007,6,67,67301,2014,9,5,2133,21,3,1,0,1,1,2,4,Y,0,0,0,3,0,1,4,3,N,N,40 00:45.350,75 03:31.491,2149,45,2140,2,2,1,N, ,0,N,Y,N,N,N,458214,N,N,N,3,2,0,0,0,0,0,1,0,0,0,1,1,0,0,0,0,1,0,0,2,0,0,0,0,0,0,0,0,0,0,0,0,0,0,4,0,40.0126,-75.0587, , 
 ,38833,2014104597,6,67,67301,2014,8,3,1050,10,1,2,1,1,1, , ,N,1,2,0,3,0,1,3,3,N, ,40 00:05.796,75 07:42.898,9999, ,1050, ,0, , , ,3, , , , , ,458227, , , ,3,0,0,1,1,0,1,0,0,0,0,1,1,0,0,0,0,0,0,0,0,0,0,0,0,0,0,0,0,0,0,0,0,0,0,4,1,40.0016,-75.1286, , 
 ,38834,2014059247,6,67,67301,2014,5,6,1550,15,1,2,1,1,1, , ,N,1,2,0,3,0,1,4,2,N,N,40 01:28.097,75 08:52.131,1834, ,1833, ,0, ,N, ,3, , , , , ,458234, , , ,2,2,0,0,0,0,0,0,0,0,1,0,1,0,0,0,0,0,0,0,0,0,0,0,0,0,0,0,0,0,0,0,0,0,0,3,0,40.0245,-75.1478, , 
 ,38835,2014064936,6,67,67301,2014,6,1,1555,15,1,1,0,1,1, , ,N,0,0,0,3,0,1,4,2,N,N,40 02:20.373,75 00:31.190,1611, ,1602, ,0, ,N, ,0, , , , , ,458239, , , ,2,1,0,0,1,0,0,0,0,0,0,1,1,0,0,0,0,0,0,1,0,0,0,0,0,0,0,0,0,0,0,0,0,0,0,4,0,40.039,-75.0087, , 
 ,38836,2014068148,6,67,67301,2014,5,5,2250,22,3,1,0,6,1, , ,N,1,2,0,3,0,1,2,2,N,N,40 03:44.832,74 59:13.249,2255, ,2250, ,0, ,N, ,3, , , , , ,458242, , , ,2,2,0,0,0,0,0,0,0,1,0,0,1,0,0,0,0,0,0,0,0,0,0,0,0,0,0,0,0,0,0,0,0,0,0,2,0,40.0625,-74.987, , 
 ,38837,2014078772,6,67,67301,2014,5,1,1325,13,1,1,0,1,1, , ,N,1,2,0,3,0,3,6,3,N,N,39 57:41.520,75 13:28.357,1333, ,1333, ,0, ,N, ,3, , , , , ,458256, , , ,3,1,0,0,0,0,2,0,0,0,0,0,3,3,0,0,0,0,0,0,0,1,0,0,0,0,0,0,0,0,0,0,0,0,0,8,0,39.9615,-75.2245, , 
 ,38838,2014084472,6,67,67301,2014,7,7,124,1,3,1,0,1,1, , ,N,1,3,0,3,0,0,2,3,N,N,39 56:25.238,75 13:43.438,130, ,125,1,1,3,N, ,3,Y, , , , ,458262, , , ,3,3,0,0,0,0,0,0,0,0,0,0,0,0,1,0,0,0,0,0,0,0,0,0,0,0,0,0,0,0,0,0,0,0,0,9,0,39.9403,-75.2287, , 
 ,38839,2014088913,6,67,67301,2014,8,5,1500,15,1,1,0,4,1, , ,N,2,0,0,3,0,1,6,2,N, ,39 53:50.682,75 10:31.964,1510, ,1505,2,1,1, , ,0,N, , , , ,458264, , , ,2,2,0,0,0,0,0,0,0,0,0,1,1,0,0,0,0,0,0,0,1,0,0,6,0,0,0,0,0,0,0,0,0,0,0,4,0,39.8974,-75.1755, , 
 ,38840,2014111501,6,67,67301,2014,10,5,718,7,1,2,1,1,1, , ,N,0,0,0,3,0,1,2,3,N,N,40 01:49.204,75 08:47.509,729, ,718, ,0, ,N, ,0, , , , , ,458281, , , ,3,2,0,0,0,0,0,1,0,0,0,0,1,1,0,0,0,0,0,0,0,0,1,0,0,0,0,0,0,0,0,0,0,0,0,8,0,40.0303,-75.1465, , 
 ,38841,2014080604,6,67,67301,2014,8,1,1835,18,1,1,0,1,1, , ,N,0,0,0,3,0,2,10,3,N,N,39 57:35.744,75 10:41.636,1844, ,1836,1,1,3,N, ,0,N, , , , ,458294, , , ,3,3,0,0,0,0,0,0,0,0,0,2,2,0,0,0,0,0,0,0,0,0,0,4,0,0,0,0,0,0,0,0,0,0,0,4,0,39.9599,-75.1782, , 
 ,38842,2014093534,6,67,67301,2014,9,2,2135,21,3,1,0,4,1, , ,N,1,2,0,3,0,1,2,2,N, ,40 02:06.425,75 04:10.216,2139, ,2135,1,1,1,N, ,3,N, , , , ,461229, , , ,2,0,0,0,1,0,1,0,0,0,0,1,1,0,0,0,0,0,0,0,1,0,0,0,0,0,0,0,0,0,0,0,0,0,0,4,0,40.0351,-75.0695, , 
 ,38843,2014088123,6,67,67301,2014,7,7,410,4,3,1,0,4,1, , ,N,1,2,0,3,0,2,2,2,N,N,40 01:50.025,75 08:47.329,416, ,410,4,2,7,N, ,3,Y, , , , ,461231, , , ,2,2,0,0,0,0,0,0,0,0,0,0,2,2,0,0,0,0,0,0,0,0,0,1,0,0,0,0,0,0,0,0,0,0,0,8,0,40.0306,-75.1465, , 
 ,38844,2014088171,6,67,67301,2014,7,2,1640,16,1,1,0,8,1, , ,N,0,0,0,3,0,1,2,2,N,N,39 57:15.400,75 13:54.422,1646, ,1644, ,0, , , ,0, , , , , ,461232, , , ,1,1,0,0,0,0,0,0,0,0,0,1,1,0,0,0,0,0,0,0,0,0,0,0,0,0,0,0,0,0,0,0,1,0,0,4,0,39.9543,-75.2318, , 
 ,38845,2014088400,6,67,67301,2014,6,5,1200,12,1,1,0,1,1, , ,N,0,0,0,3,0,1,2,2,N, ,39 56:25.227,75 11:15.360,1211, ,1211,3,1,1, , ,0,N, , , , ,461234, , , ,1,1,0,0,0,0,0,0,1,0,0,0,1,1,0,0,0,0,0,0,0,0,0,0,0,0,0,0,0,0,0,0,0,0,0,8,0,39.9403,-75.1876, , 
 ,38846,2014098668,6,67,67301,2014,9,1,626,6,1,1,0,6,6, , ,N,0,0,0,3,0,1,1,4,N,N,39 56:01.462,75 11:28.309,630, ,628, ,0, ,N, ,0, , , , , ,461241, , , ,4,4,0,0,0,0,0,0,0,0,0,1,1,0,0,0,0,0,0,0,0,0,0,0,0,0,0,0,0,0,0,0,0,0,0,4,0,39.9337,-75.1912, , 
 ,38847,2014125045,6,67,67301,2014,11,7,2207,22,3,1,0,4,1, , ,N,1,2,0,3,0,0,4,2,N,N,40 01:43.183,75 12:19.909,2212, ,2208,1,1,3,N, ,3,N, , , , ,461255, , , ,2,1,0,0,0,0,1,0,0,0,0,0,0,0,0,0,1,0,0,0,0,0,0,0,0,0,0,0,0,0,0,0,0,0,0,0,0,40.0287,-75.2055, , 
 ,38848,2014068189,6,67,67301,2014,5,2,958,9,1,1,0,4,1, , ,N,1,2,0,3,0,1,2,2,N,N,40 05:36.611,74 58:48.599,1010, ,1002, ,0, ,N, ,3, , , , , ,461261, , , ,2,0,0,0,0,1,1,0,0,0,0,1,1,0,0,0,0,0,0,0,1,0,0,2,0,0,0,0,0,0,0,0,0,0,0,4,1,40.0935,-74.9802, , 
 ,38849,2014068570,6,67,67301,2014,5,3,1620,16,1,1,0,1,1, , ,N,0,2,0,3,0,3,3,3,N,N,40 05:07.689,75 01:25.717,1625, ,1620,1,2,1,N, ,3,Y, , , , ,461262, , , ,3,3,0,0,0,0,0,0,0,0,3,0,3,0,0,0,0,0,0,0,0,1,0,1,0,0,0,0,0,0,0,0,0,0,0,3,0,40.0855,-75.0238, , 
 ,38850,2014074494,6,67,67301,2014,6,1,1759,17,1,1,0,1,1, , ,N,0,0,3,3,0,0,2,2,N,N,40 05:57.777,74 59:11.643,1804, ,1759,1,1,4,N, ,0,N, , , , ,461266, , , ,2,2,0,0,0,0,0,0,0,0,0,0,0,0,0,0,0,0,0,0,0,0,0,0,0,0,0,0,0,0,0,0,0,0,0,0,0,40.0994,-74.9866, , 
 ,38851,2014079271,6,67,67301,2014,5,4,1656,16,1,2,0,4,1, , ,N,1,3,0,3,0,0,2,2,N,N,39 56:48.919,75 11:00.412,1710, ,1656, ,0, ,N, ,3, , , , , ,461272, , , ,2,1,0,0,0,0,1,0,0,0,0,0,0,0,2,0,1,0,0,0,0,0,0,0,0,0,0,0,0,0,0,0,0,0,0,9,0,39.9469,-75.1834, , 
 ,38852,2014081472,6,67,67301,2014,6,7,9999,99,3,1,0,5,1, , ,N,0,0,0,3,0,1,2,2,N,N,39 58:46.030,75 08:41.560,200, ,140, ,0, ,N, ,0, , , , , ,461277, , , ,2,1,1,0,0,0,0,0,0,0,1,0,1,0,0,0,0,0,0,0,0,0,0,0,0,0,0,0,0,0,0,0,0,0,0,3,0,39.9795,-75.1449, , 
 ,38853,2014074503,6,67,67301,2014,6,6,9999,99,1,8,1,4,1, , ,N,1,3,0,3,0,2,3,2,N,N,39 59:11.993,75 15:02.259,9999, ,9999, ,0, ,N, ,3, , , , , ,461279, , , ,2,2,0,0,0,0,0,0,0,0,0,1,2,1,0,0,0,0,0,0,1,0,0,0,0,0,0,0,0,0,0,0,0,0,0,4,0,39.9867,-75.2506, , 
 ,38854,2014078790,6,67,67301,2014,2,2,950,9,1,1,0,4,1, , ,N,1,2,0,3,0,6,15,4,N,N,40 00:47.439,75 04:13.514,1015, ,1004,2,2,1,N, ,3,Y, , , , ,461284, , , ,4,0,0,1,0,0,0,3,0,0,0,6,6,0,0,0,0,0,0,0,2,0,0,0,0,0,0,0,0,0,0,0,0,0,0,4,1,40.0132,-75.0704, , 
 ,38855,2014087893,6,67,67301,2014,7,5,31,0,3,1,0,8,1, , ,N,0,0,0,3,0,1,2,2,N, ,40 01:42.854,75 06:31.796,43, ,41,2,1,2, , ,0,Y, , , , ,461291, , , ,1,1,0,0,0,0,0,0,0,0,0,1,1,0,0,0,0,0,0,0,0,0,0,0,0,0,0,0,0,0,0,0,1,0,0,4,0,40.0286,-75.1088, , 
 ,38856,2014099258,6,67,67301,2014,9,1,9999,99,1,1,0,4,1, , ,N,0,0,0,3,0,1,3,2,N,N,39 56:59.666,75 08:38.420,9999, ,9999, ,0, ,N, ,0, , , , , ,461299, , , ,2,1,0,0,0,0,1,0,0,0,0,0,1,1,0,0,0,0,0,0,2,0,0,0,0,0,0,0,0,0,0,0,0,0,0,8,0,39.9499,-75.144, , 
 ,38857,2014072290,6,67,67301,2014,7,4,756,7,1,1,0,1,1, , ,N,0,0,0,3,0,1,2,2,N,N,40 06:51.193,74 59:17.861,900, ,757,3,1,2,N, ,0,N, , , , ,461331, , , ,2,1,0,1,0,0,0,0,0,0,0,1,1,0,0,0,0,0,0,0,1,0,0,0,0,0,0,0,0,0,0,0,0,0,0,4,1,40.1142,-74.9883, , 
 ,38858,2014088893,6,67,67301,2014,8,4,715,7,1,1,0,8,1, , ,N,1,3,2,3,0,1,2,2,N, ,39 57:32.553,75 09:50.045,757, ,754, ,0, , , ,3, , , , , ,461354, , , ,1,0,0,0,1,0,0,0,0,0,0,1,1,0,0,0,0,0,0,0,0,0,0,0,0,0,0,0,0,0,0,0,1,0,0,4,0,39.959,-75.1639, , 
 ,38859,2014089713,6,67,67301,2014,8,7,1838,18,1,1,0,4,1, , ,N,2,0,0,3,0,0,2,2,N, ,40 02:18.261,75 12:41.603,1839, ,1838, ,0, , , ,0, , , , , ,461356, , , ,2,1,0,0,0,0,0,1,0,0,0,0,0,0,0,0,0,0,0,0,0,1,0,0,0,0,0,0,0,0,0,0,0,0,0,0,0,40.0386,-75.2116, , 
 ,38860,2014076019,6,67,67301,2014,6,5,2002,20,1,1,0,7,4, , ,N,0,0,0,3,0,2,4,2,N,N,40 02:19.000,75 03:40.007,2007, ,2003,3,2,2,N, ,0,Y, , , , ,466483, , , ,2,1,0,0,0,0,1,0,0,0,0,1,2,1,0,0,0,0,0,1,0,1,0,1,0,0,0,0,0,0,0,0,0,0,0,4,0,40.0386,-75.0611, , 
 ,38861,2014087295,6,67,67301,2014,8,2,935,9,1,1,0,1,6, , ,N,0,0,0,3,0,1,3,2,N,N,39 57:04.765,75 09:24.400,1002, ,951, ,0, ,N, ,0, , , , , ,466489, , , ,2,2,0,0,0,0,0,0,0,0,0,0,1,1,0,0,0,0,0,0,0,0,0,1,0,0,0,0,0,0,0,0,0,0,0,8,0,39.9513,-75.1568, , 
 ,38862,2014088930,6,67,67301,2014,8,7,521,5,5,2,7,7,2, , ,N,0,0,0,3,0,1,1,1,N,N,40 01:41.579,75 11:26.285,532, ,530, ,0, ,N, ,0, , , , , ,466491, , , ,1,1,0,0,0,0,0,0,0,0,0,0,1,1,0,0,0,0,0,0,0,0,0,0,0,0,0,0,0,0,0,0,0,0,0,8,0,40.0282,-75.1906, , 
N,38863,2014100549,6,67,67301,2014,10,4,2120,21,3,1,0,7,2,1,4,Y,0,8,0,3,0,1,1,2,N,N,39 57:59.596,75 08:07.810,2215,45,2127,2,2,2,N, ,3,N,N,N,N,N,466499,N,N,Y,1,1,0,0,0,0,0,0,0,0,0,1,1,0,0,0,0,0,0,0,0,0,0,0,0,0,0,0,0,0,0,0,0,0,0,4,0,39.9666,-75.1355, , 
 ,38864,2014113408,6,67,67301,2014,10,7,1849,18,3,1,0,1,1, , ,N,0,0,0,3,0,0,2,2,N,N,40 03:34.698,75 04:50.817,1857, ,1853, ,0, ,N, ,0, , , , , ,466506, , , ,2,0,0,0,0,0,2,0,0,0,0,0,0,0,0,0,1,0,0,0,0,0,0,0,0,0,0,0,0,0,0,0,0,0,0,0,0,40.0596,-75.0808, , 
 ,38865,2014113433,6,67,67301,2014,10,7,1210,12,1,1,0,4,1, , ,N,2,2,7,3,0,1,2,2,N,N,39 56:23.664,75 11:58.965,1225, ,1220, ,0, ,N, ,3, , , , , ,466507, , , ,2,0,0,0,0,0,1,1,0,0,0,1,1,0,0,0,0,0,0,0,1,1,0,1,0,0,0,0,0,0,0,0,0,0,0,4,0,39.9399,-75.1997, , 
 ,38866,2014115656,6,67,67301,2014,11,7,1250,12,1,2,1,4,1, , ,N,1,3,0,3,0,1,5,2,N,N,40 01:38.236,75 03:18.601,1255, ,1255, ,0, ,N, ,3, , , , , ,466562, , , ,2,0,0,0,0,0,2,0,0,0,0,1,1,0,0,0,0,0,0,0,1,0,0,0,0,0,0,0,0,0,0,0,0,0,0,4,0,40.0273,-75.0552, , 
 ,38867,2014068067,6,67,67301,2014,6,2,2214,22,3,1,0,5,6, , ,N,0,0,0,3,0,0,2,3,N,N,39 55:10.538,75 10:18.022,2219, ,2216,1,2,3, , ,0,Y, , , , ,466580, , , ,3,0,0,0,0,0,3,0,0,0,0,0,0,0,0,0,0,0,0,0,1,0,0,0,0,0,0,0,0,0,0,0,0,0,0,0,0,39.9196,-75.1717, , 
N,38868,2014071848,6,67,67301,2014,7,5,1022,10,1,1,0,5,1,1,4,Y,0,0,0,3,0,1,9,7,N,N,40 01:18.998,75 02:19.237,1027,45,1022,3,2,1,N, ,0,N,Y,N,N,N,466585,N,N,Y,7,7,0,0,0,0,0,0,0,0,0,1,1,0,1,0,0,0,1,0,1,0,0,0,0,0,0,0,0,0,0,0,0,0,0,4,0,40.0219,-75.0387, , 
 ,38869,2014078895,6,67,67301,2014,6,2,1540,15,1,1,0,4,1, , ,N,1,3,0,3,0,2,2,2,N, ,39 58:55.250,75 10:17.061,1541, ,1540, ,0, , , ,3, , , , , ,466591, , , ,2,2,0,0,0,0,0,0,0,0,0,2,2,0,0,0,0,0,0,0,0,0,0,1,0,0,0,0,0,0,0,0,0,0,0,4,0,39.982,-75.1714, , 