wz_ln_closure,objectid_1,crn,district,county,municipality,crash_year,crash_month,day_of_week,time_of_day,hour_of_day,illumination,weather,road_condition,collision_type,relation_to_road,work_zone_type,work_zone_loc,work_zone_ind,intersect_type,tcd_type,location_type,urban_rural,fatal_count,injury_count,person_count,total_units,sch_bus_ind,sch_zone_ind,latitude,longitude,arrival_tm,cons_zone_spd_lim,dispatch_tm,est_hrs_closed,lane_closed,ln_close_dir,ntfy_hiwy_maint,spec_juris_cd,tcd_func_cd,tfc_detour_ind,workers_pres,wz_close_detour,wz_flagger,wz_law_offcr_ind,objectid,wz_moving,wz_other,wz_shlder_mdn,vehicle_count,automobile_count,motorcycle_count,bus_count,small_truck_count,heavy_truck_count,suv_count,van_count,bicycle_count,maj_inj_count,mod_inj_count,min_inj_count,tot_inj_count,unk_inj_deg_count,unk_inj_per_count,driver_count_16yr,driver_count_17yr,driver_count_18yr,driver_count_19yr,driver_count_20yr,driver_count_50_64yr,driver_count_65_74yr,driver_count_75plus,unbelted_occ_count,unb_death_count,unb_maj_inj_count,belted_death_count,belted_maj_inj_count,mcycle_death_count,mcycle_maj_inj_count,bicycle_death_count,bicycle_maj_inj_count,ped_count,ped_death_count,ped_maj_inj_count,max_severity_level,comm_veh_count,dec_lat,dec_long,rdwy_surf_type_cd,county_name
 ,38870,2014088768,6,67,67301,2014,8,4,2031,20,3,2,1,1,1, , ,N,1,2,0,3,0,0,2,2,N,N,40 02:58.479,75 05:44.227,2050, ,2050,1,1,1,N, ,3,Y, , , , ,466599, , , ,2,1,0,0,0,0,1,0,0,0,0,0,0,0,0,0,0,0,0,0,0,2,0,0,0,0,0,0,0,0,0,0,0,0,0,0,0,40.0496,-75.0956, , 
 ,38871,2014088790,6,67,67301,2014,8,2,9999,99,1,1,0,8,1, , ,N,1,2,0,3,0,1,2,2,N, ,40 01:49.610,75 10:35.990,1430, ,1410, ,0, , , ,3, , , , , ,466600, , , ,1,1,0,0,0,0,0,0,0,0,1,0,1,0,0,0,0,0,0,0,0,1,0,0,0,0,0,0,0,0,0,0,1,0,0,3,0,40.0304,-75.1767, , 
 ,38872,2014088791,6,67,67301,2014,8,3,1745,17,1,2,1,4,1, , ,N,1,3,0,3,0,3,4,2,N, ,40 00:40.096,75 09:11.959,1824, ,1819, ,0, , , ,3, , , , , ,466601, , , ,2,1,0,0,0,0,1,0,0,0,0,3,3,0,0,0,0,0,0,0,1,0,0,0,0,0,0,0,0,0,0,0,0,0,0,4,0,40.0111,-75.1533, , 
 ,38873,2014088842,6,67,67301,2014,8,1,2350,23,3,1,0,4,1, , ,N,1,2,0,3,0,1,3,2,N,N,40 04:27.147,75 02:05.032,2353, ,2353, ,0, ,N, ,3, , , , , ,466602, , , ,2,0,0,0,0,0,2,0,0,0,0,1,1,0,0,0,0,0,0,0,0,0,0,0,0,0,0,0,0,0,0,0,0,0,0,4,0,40.0742,-75.0347, , 
 ,38874,2014098617,6,67,67301,2014,9,4,720,7,3,1,0,4,1, , ,N,3,2,0,3,0,2,3,2,N,N,39 58:31.433,75 11:23.825,735, ,724, ,0, , , ,3, , , , , ,466607, , , ,2,1,0,0,1,0,0,0,0,0,0,2,2,0,0,0,0,0,1,0,1,0,0,2,0,0,0,0,0,0,0,0,0,0,0,4,0,39.9754,-75.19, , 
 ,38875,2014056807,6,67,67301,2014,6,1,304,3,3,1,0,1,1, , ,N,1,2,0,3,0,0,3,2,N,N,40 02:10.729,75 03:51.497,304, ,304,2,1,1,N, ,3,N, , , , ,466619, , , ,2,2,0,0,0,0,0,0,0,0,0,0,0,0,0,0,0,0,0,0,1,0,0,0,0,0,0,0,0,0,0,0,0,0,0,0,0,40.0363,-75.0643, , 
 ,38876,2014078828,6,67,67301,2014,5,7,2200,22,3,1,0,8,1, , ,N,0,0,0,3,0,1,2,2,N,N,39 56:00.290,75 11:16.609,2200, ,2200,1,1,1,N, ,0,Y, , , , ,466631, , , ,1,0,0,0,0,0,1,0,0,0,0,1,1,0,0,0,0,1,0,0,0,0,0,0,0,0,0,0,0,0,0,0,1,0,0,4,0,39.9334,-75.1879, , 
 ,38877,2014087801,6,67,67301,2014,7,2,1549,15,1,1,0,1,1, , ,N,1,2,0,3,0,7,7,3,N, ,40 00:18.388,75 08:47.979,1552, ,1549,1,2,2, , ,3,N, , , , ,466643, , , ,3,2,0,0,0,0,0,1,0,1,2,4,7,0,0,0,0,0,0,0,1,0,0,0,0,0,0,1,0,0,0,0,0,0,0,2,0,40.0051,-75.1467, , 
 ,38878,2014004638,6,46,46102,2014,1,6,1625,16,8,2,1,1,1, , ,N,5,2,0,3,0,1,5,3,N,N,40 04:26.865,75 09:30.131,1625, ,1625, ,0, ,N, ,3, , , , , ,455384, , , ,3,2,0,0,0,0,0,1,0,0,0,0,1,1,0,0,1,0,0,0,1,0,0,0,0,0,0,0,0,0,0,0,0,0,0,8,0,40.0741,-75.1584, , 
 ,38879,2014016922,6,67,67301,2014,1,2,1435,14,1,1,0,4,1, , ,N,1,2,0,3,0,0,2,2,N,N,40 02:12.235,75 03:52.193,1445, ,1438, ,0, ,N, ,3, , , , , ,455407, , , ,2,1,0,0,0,0,1,0,0,0,0,0,0,0,0,0,0,0,0,0,1,0,0,0,0,0,0,0,0,0,0,0,0,0,0,0,0,40.0367,-75.0645, , 
 ,38880,2014042647,6,67,67301,2014,3,1,2254,22,3,1,0,5,1, , ,N,6,0,2,3,0,2,3,2,N,N,40 01:06.156,75 10:06.755,2304, ,2254,1,1,2,N, ,0,N, , , , ,455428, , , ,2,1,0,1,0,0,0,0,0,0,0,0,2,2,1,0,0,0,0,1,0,0,0,0,0,0,0,0,0,0,0,0,0,0,0,8,1,40.0185,-75.1671, , 
 ,38881,2014043022,6,67,67301,2014,3,5,130,1,3,2,1,1,1, , ,N,2,0,0,3,0,0,3,2,N,N,40 06:09.097,75 03:01.486,145, ,140, ,0, , , ,0, , , , , ,455429, , , ,2,2,0,0,0,0,0,0,0,0,0,0,0,0,0,0,0,0,0,0,0,0,0,0,0,0,0,0,0,0,0,0,0,0,0,0,0,40.1026,-75.0504, , 
 ,38882,2014121439,6,67,67301,2014,11,2,1701,17,4,2,1,4,1, , ,N,1,2,0,3,0,4,12,3,Y,N,39 56:11.083,75 13:08.439,1704, ,1702, ,0, ,N, ,3, , , , , ,455466, , , ,3,1,0,1,1,0,0,0,0,0,0,4,4,0,0,0,0,0,0,0,0,0,0,0,0,0,0,0,0,0,0,0,0,0,0,4,1,39.9364,-75.219, , 
 ,38883,2014121495,6,67,67301,2014,11,4,9999,99,1,1,0,8,1, , ,N,1,2,0,3,0,1,2,2,N, ,39 59:42.556,75 06:44.112,9999, ,1308, ,0, ,N, ,3, , , , , ,455467, , , ,1,0,0,0,0,0,0,0,0,0,0,1,1,0,0,0,0,0,0,0,0,0,0,0,0,0,0,0,0,0,0,0,1,0,0,4,0,39.9952,-75.1123, , 
 ,38884,2014127612,6,67,67301,2014,12,2,815,8,1,1,0,1,1, , ,N,6,0,2,3,0,0,2,2,N,N,39 56:44.167,75 11:25.033,901, ,817,1,2,3,N, ,0,N, , , , ,455474, , , ,2,1,0,0,0,0,0,1,0,0,0,0,0,0,0,0,0,0,0,0,1,0,0,0,0,0,0,0,0,0,0,0,0,0,0,0,0,39.9456,-75.1903, , 
 ,38885,2014083044,6,67,67301,2014,6,3,718,7,1,1,0,4,6, , ,N,2,3,0,3,0,1,2,2,N,N,39 59:47.508,75 07:03.068,900, ,844, ,0, ,N, ,3, , , , , ,455491, , , ,2,2,0,0,0,0,0,0,0,0,1,0,1,0,1,0,0,0,0,0,0,0,0,0,0,0,0,0,0,0,0,0,0,0,0,3,0,39.9965,-75.1175, , 
 ,38886,2014013544,6,67,67301,2014,1,5,1814,18,2,4,3,4,1, , ,N,0,0,0,3,0,0,2,2,N,N,39 58:52.267,75 12:00.007,1826, ,1818,2,1,1,N, ,0,N, , , , ,455496, , , ,2,0,0,0,0,0,2,0,0,0,0,0,0,0,0,0,0,0,1,0,1,0,0,0,0,0,0,0,0,0,0,0,0,0,0,0,0,39.9812,-75.2, , 
 ,38887,2014038890,6,67,67301,2014,3,2,1530,15,1,1,0,1,1, , ,N,1,2,0,3,0,1,3,2,N,N,39 57:36.900,75 11:48.684,1605, ,0, ,0, ,N, ,3, , , , , ,455515, , , ,2,1,0,0,0,0,0,0,0,0,0,0,1,1,1,0,0,0,0,0,0,0,0,0,0,0,0,0,0,0,0,0,0,0,0,8,0,39.9603,-75.1969, , 
 ,38888,2014042287,6,67,67301,2014,4,7,1743,17,1,1,0,7,2, , ,N,7,0,2,3,0,1,1,1,N,N,39 57:26.940,75 08:48.293,1756, ,1748, ,0, ,N, ,0, , , , , ,455519, , , ,1,0,1,0,0,0,0,0,0,0,1,0,1,0,0,0,0,0,0,0,0,0,0,0,0,0,0,0,0,0,0,0,0,0,0,3,0,39.9575,-75.1467, , 
 ,38889,2014049726,6,67,67301,2014,4,4,900,9,1,2,1,8,1, , ,N,1,2,0,3,0,1,2,2,N,N,40 01:37.801,75 09:04.478,930, ,923, ,0, ,N, ,3, , , , , ,455526, , , ,1,1,0,0,0,0,0,0,0,0,0,1,1,0,0,0,0,0,0,0,0,0,0,0,0,0,0,0,0,0,0,0,1,0,0,4,0,40.0272,-75.1512, , 
 ,38890,2014050271,6,67,67301,2014,4,4,532,5,1,1,0,8,1, , ,N,2,2,7,3,0,1,2,2,N,N,40 02:53.993,74 59:25.348,555, ,546, ,0, ,N, ,3, , , , , ,455528, , , ,1,1,0,0,0,0,0,0,0,0,0,1,1,0,0,0,0,0,0,0,0,0,1,0,0,0,0,0,0,0,0,0,1,0,0,4,0,40.0483,-74.9904, , 
 ,38891,2014067977,6,67,67301,2014,6,5,1448,14,1,2,1,4,1, , ,N,0,0,0,3,0,1,2,2,N,N,40 00:48.983,75 04:06.418,1530, ,1514, ,0, ,N, ,0, , , , , ,455534, , , ,1,1,0,0,0,0,0,0,1,0,1,0,1,0,0,0,0,0,0,1,0,0,0,0,0,0,0,0,0,0,0,0,0,0,0,3,0,40.0136,-75.0684, , 
 ,38892,2014088763,6,67,67301,2014,7,7,9999,99,3,1,0,5,6, , ,N,0,0,0,3,0,0,1,5,Y, ,39 56:24.374,75 13:20.347,306, ,302, ,0, , , ,0, , , , , ,455549, , , ,5,1,0,1,0,0,0,3,0,0,0,0,0,0,1,0,0,0,0,0,0,0,0,0,0,0,0,0,0,0,0,0,0,0,0,9,1,39.9401,-75.2223, , 
 ,38893,2014091442,6,67,67301,2014,8,4,910,9,1,1,0,1,1, , ,N,0,0,0,3,0,2,5,3,N,N,40 02:31.827,75 08:38.185,915, ,915, ,0, ,N, ,0, , , , , ,455551, , , ,3,2,0,0,0,0,1,0,0,0,0,0,2,2,0,0,0,0,1,0,0,0,0,0,0,0,0,0,0,0,0,0,0,0,0,8,0,40.0422,-75.1439, , 
 ,38894,2014113382,6,67,67301,2014,10,2,1539,15,1,1,0,4,1, , ,N,1,3,0,3,0,1,2,2,N, ,40 01:51.034,75 13:03.745,1541, ,1541, ,0, , , ,3, , , , , ,455563, , , ,2,1,1,0,0,0,0,0,0,1,0,0,1,0,0,0,0,0,0,0,0,1,1,0,0,0,0,0,0,1,0,0,0,0,0,2,0,40.0308,-75.2177, , 
 ,38895,2014113436,6,67,67301,2014,10,2,1445,14,1,1,0,4,1, , ,N,3,2,0,3,0,1,2,2,N,N,39 56:37.899,75 10:54.955,1650, ,1645, ,0, , , ,3, , , , , ,455564, , , ,1,1,0,0,0,0,0,0,1,0,0,1,1,0,0,0,0,0,0,0,0,0,0,0,0,0,0,0,0,0,0,0,0,0,0,4,0,39.9439,-75.1819, , 
 ,38896,2014087766,6,67,67301,2014,7,7,1015,10,1,1,0,1,1, , ,N,0,0,0,3,0,1,2,2,N,N,40 01:50.943,75 11:16.144,1025, ,1017, ,0, ,N, ,0, , , , , ,458300, , , ,2,2,0,0,0,0,0,0,0,0,0,0,1,1,0,0,0,0,0,0,0,1,0,0,0,0,0,0,0,0,0,0,0,0,0,8,0,40.0308,-75.1878, , 
 ,38897,2014095875,6,67,67301,2014,9,2,2130,21,3,1,0,1,1, , ,N,3,2,0,3,0,1,3,2,N,N,39 57:20.601,75 10:50.529,2130, ,2130, ,0, ,N, ,3, , , , , ,458305, , , ,2,2,0,0,0,0,0,0,0,0,0,1,1,0,0,0,0,0,0,0,0,0,0,0,0,0,0,0,0,0,0,0,0,0,0,4,0,39.9557,-75.1807, , 
 ,38898,2014121413,6,67,67301,2014,11,2,803,8,1,2,1,2,6, , ,N,0,0,0,3,0,1,2,2,N, ,40 00:08.570,75 05:45.037,915, ,845, ,0, , , ,0, , , , , ,458327, , , ,2,1,0,0,1,0,0,0,0,1,0,0,1,0,0,0,0,0,0,0,0,0,0,0,0,0,0,1,0,0,0,0,0,0,0,2,0,40.0024,-75.0958, , 
 ,38899,2014065521,6,67,67301,2014,5,3,1535,15,1,1,0,8,1, , ,N,0,0,0,3,0,1,2,2,N, ,39 58:29.593,75 10:49.256,1547, ,1540,1,2,1, , ,0,Y, , , , ,458335, , , ,1,0,0,0,0,0,1,0,0,0,0,0,1,1,0,0,0,0,0,0,1,0,0,0,0,0,0,0,0,0,0,0,1,0,0,8,0,39.9749,-75.1803, , 
 ,38900,2014068074,6,67,67301,2014,6,1,1832,18,1,1,0,7,4, , ,N,1,2,0,3,0,0,1,1,N,N,40 02:34.433,75 08:37.617,1832, ,1832, ,0, ,N, ,3, , , , , ,458337, , , ,1,0,0,0,0,0,1,0,0,0,0,0,0,0,0,0,0,0,0,1,0,0,0,0,0,0,0,0,0,0,0,0,0,0,0,0,0,40.0429,-75.1438, , 
 ,38901,2014078923,6,67,67301,2014,6,4,930,9,1,1,0,4,1, , ,N,1,2,0,3,0,1,5,3,N,N,40 00:15.609,75 07:41.037,931, ,931, ,0, ,N, ,3, , , , , ,458357, , , ,3,3,0,0,0,0,0,0,0,0,0,1,1,0,0,0,0,0,0,0,0,0,0,0,0,0,0,0,0,0,0,0,0,0,0,4,0,40.0043,-75.1281, , 
 ,38902,2014088030,6,67,67301,2014,7,2,1350,13,1,1,0,8,1, , ,N,1,2,0,3,0,1,3,2,N,N,39 58:31.677,75 07:15.443,1350, ,1350, ,0, ,N, ,3, , , , , ,458366, , , ,1,1,0,0,0,0,0,0,0,0,0,1,1,0,0,0,0,0,0,0,0,0,0,0,0,0,0,0,0,0,0,0,1,0,0,4,0,39.9747,-75.1217, , 
 ,38903,2014089736,6,67,67301,2014,8,3,1747,17,1,2,1,1,1, , ,N,1,2,0,3,0,0,7,5,N,N,40 01:50.757,75 11:15.933,1754, ,1747, ,0, ,N, ,3, , , , , ,458368, , , ,5,4,0,0,0,0,1,0,0,0,0,0,0,0,0,0,0,0,0,0,2,0,0,0,0,0,0,0,0,0,0,0,0,0,0,0,0,40.0308,-75.1878, , 
 ,38904,2014067987,6,67,67301,2014,6,3,810,8,1,2,1,1,1, , ,N,2,0,0,3,0,1,3,3,Y,N,40 02:46.874,75 06:45.258,825, ,816,2,2,5,N, ,0,Y, , , , ,458381, , , ,3,2,0,1,0,0,0,0,0,0,0,1,1,0,0,0,0,0,0,0,1,0,0,0,0,0,0,0,0,0,0,0,0,0,0,4,1,40.0463,-75.1126, , 
 ,38905,2014068117,6,67,67301,2014,6,5,2145,21,3,1,0,1,1, , ,N,1,2,0,3,0,1,2,2,N,N,39 55:41.029,75 10:07.734,2156, ,2154, ,0, ,N, ,3, , , , , ,458382, , , ,2,1,0,0,0,0,0,1,0,0,0,1,1,0,0,0,0,0,0,0,0,0,0,0,0,0,0,0,0,0,0,0,0,0,0,4,0,39.9281,-75.1688, , 
 ,38906,2014088104,6,67,67301,2014,8,4,755,7,1,1,0,4,1, , ,N,2,2,0,3,0,1,3,2,N,N,40 04:43.216,74 59:54.741,756, ,756, ,0, ,N, ,3, , , , , ,458395, , , ,2,2,0,0,0,0,0,0,0,0,0,0,1,1,1,0,0,0,0,0,1,1,0,0,0,0,0,0,0,0,0,0,0,0,0,8,0,40.0787,-74.9985, , 
 ,38907,2014099200,6,67,67301,2014,9,4,1239,12,1,1,0,4,1, , ,N,1,2,0,3,0,1,3,2,N,N,39 58:12.895,75 07:49.748,1239, ,1239, ,0, ,N, ,3, , , , , ,458400, , , ,2,0,1,0,0,0,1,0,0,0,0,1,1,0,0,0,0,0,0,0,0,0,0,0,0,0,0,0,0,0,0,0,0,0,0,4,0,39.9701,-75.1304, , 
 ,38908,2014104404,6,67,67301,2014,9,3,1808,18,1,1,0,4,1, , ,N,1,2,0,3,0,1,4,3,N,N,39 58:13.274,75 14:08.548,1810, ,1810, ,0, , , ,3, , , , , ,458406, , , ,3,2,0,0,0,0,1,0,0,0,0,0,1,1,0,0,0,0,0,0,0,0,1,0,0,0,0,0,0,0,0,0,0,0,0,8,0,39.9704,-75.2357, , 
 ,38909,2014126758,6,67,67301,2014,12,6,1636,16,4,1,0,1,1, , ,N,0,0,0,3,0,1,2,2,N,N,39 59:12.105,75 05:29.633,1657, ,1642, ,0, ,N, ,0, , , , , ,458425, , , ,2,1,0,0,0,0,1,0,0,0,0,1,1,0,0,0,0,0,0,1,1,0,0,0,0,0,0,0,0,0,0,0,0,0,0,4,0,39.9867,-75.0916, , 
 ,38910,2014055519,6,67,67301,2014,5,3,1913,19,1,1,0,5,1, , ,N,0,0,0,3,0,2,3,2,N,N,40 02:30.900,75 00:13.970,1921, ,1914, ,0, ,N, ,0, , , , , ,458427, , , ,2,2,0,0,0,0,0,0,0,0,0,1,2,1,0,0,0,0,0,0,0,0,0,0,0,0,0,0,0,0,0,0,0,0,0,4,0,40.0419,-75.0039, , 
 ,38911,2014083184,6,67,67301,2014,8,1,2200,22,3,1,0,1,1, , ,N,6,4,2,3,0,1,2,2,N,N,39 56:44.167,75 11:25.033,2210, ,2201,1,1,4,N, ,3,N, , , , ,458439, , , ,2,1,0,0,0,0,1,0,0,0,0,0,1,1,0,0,0,0,0,0,1,0,0,0,0,0,0,0,0,0,0,0,0,0,0,8,0,39.9456,-75.1903, , 
 ,38912,2014088765,6,67,67301,2014,7,5,1535,15,1,1,0,4,1, , ,N,1,2,0,3,0,1,4,2,N, ,39 55:16.534,75 11:37.854,1600, ,1556, ,0, , , ,3, , , , , ,458444, , , ,2,0,0,0,0,1,1,0,0,0,0,0,1,1,0,0,0,0,0,0,0,1,0,0,0,0,0,0,0,0,0,0,0,0,0,8,1,39.9211,-75.1938, , 
 ,38913,2014091364,6,67,67301,2014,9,2,715,7,1,1,0,5,6, , ,N,0,0,0,3,0,1,2,2,N,N,40 01:19.344,75 03:38.293,910, ,906, ,0, ,N, ,0, , , , , ,458446, , , ,2,1,0,0,0,0,1,0,0,0,0,1,1,0,0,0,0,0,0,0,0,0,0,0,0,0,0,0,0,0,0,0,0,0,0,4,0,40.022,-75.0606, , 
 ,38914,2014122482,6,67,67301,2014,11,2,715,7,1,1,0,5,1, , ,N,1,2,0,3,0,1,5,2,N,N,40 02:25.628,75 10:43.047,800, ,757, ,0, ,N, ,3, , , , , ,464114, , , ,2,1,0,0,0,0,1,0,0,0,0,1,1,0,0,0,0,0,0,0,0,0,0,1,0,0,0,0,0,0,0,0,0,0,0,4,0,40.0405,-75.1786, , 
 ,38915,2014068068,6,67,67301,2014,6,5,1244,12,1,1,0,8,1, , ,N,0,0,0,3,0,1,2,2,N, ,39 59:40.322,75 09:33.229,1303, ,1258, ,0, , , ,0, , , , , ,464126, , , ,1,1,0,0,0,0,0,0,0,0,0,1,1,0,0,0,0,0,0,0,0,0,0,0,0,0,0,0,0,0,0,0,1,0,0,4,0,39.9945,-75.1592, , 
 ,38916,2014075228,6,67,67301,2014,6,7,2355,23,3,1,0,5,6, , ,N,0,0,0,3,0,2,3,5,N, ,40 03:52.396,75 10:07.606,3, ,2359,2,1,3, , ,0,N, , , , ,464132, , , ,5,3,0,0,0,0,2,0,0,0,0,1,2,1,0,0,0,0,0,0,0,0,0,1,0,0,0,0,0,0,0,0,0,0,0,4,0,40.0646,-75.1688, , 
 ,38917,2014084391,6,67,67301,2014,7,1,1428,14,1,1,0,7,2, , ,N,0,0,0,3,0,4,7,2,N, ,40 02:23.459,75 06:37.627,1545, ,1536, ,0, , , ,0, , , , , ,464136, , , ,2,1,0,0,0,0,0,1,0,0,0,4,4,0,0,0,0,0,0,0,0,0,0,0,0,0,0,0,0,0,0,0,0,0,0,4,0,40.0398,-75.1105, , 
 ,38918,2014087418,6,67,67301,2014,9,7,1224,12,1,1,0,7,3, , ,N,0,0,0,3,0,0,1,1,N,N,39 57:45.025,75 08:22.778,1230, ,1226,1,1,2,N, ,0,N, , , , ,464137, , , ,1,1,0,0,0,0,0,0,0,0,0,0,0,0,0,0,0,0,0,0,1,0,0,0,0,0,0,0,0,0,0,0,0,0,0,0,0,39.9625,-75.1397, , 
 ,38919,2014110358,6,67,67301,2014,10,4,842,8,1,2,1,7,2, , ,N,0,0,0,3,0,0,1,1,N,N,39 58:11.515,75 11:18.292,847, ,844,2,1,2,N, ,0,N, , , , ,464156, , , ,1,0,0,0,0,0,1,0,0,0,0,0,0,0,0,0,0,0,0,0,1,0,0,0,0,0,0,0,0,0,0,0,0,0,0,0,0,39.9699,-75.1884, , 
 ,38920,2014062338,6,67,67301,2014,6,1,1232,12,1,1,0,4,1, , ,N,1,2,0,3,0,0,2,2,N,N,40 00:05.763,75 09:10.529,1240, ,1232,1,1,2,N, ,3,N, , , , ,464169, , , ,2,1,0,0,0,0,1,0,0,0,0,0,0,0,0,0,0,0,0,0,1,0,0,0,0,0,0,0,0,0,0,0,0,0,0,0,0,40.0016,-75.1528, , 
 ,38921,2014069942,6,67,67301,2014,7,3,2350,23,3,1,0,6,6, , ,N,0,0,0,3,0,0,1,4,N,N,39 59:45.382,75 04:20.229,2350, ,2350,2,2,5,N, ,0,Y, , , , ,464180, , , ,4,1,0,0,1,0,2,0,0,0,0,0,0,0,0,1,0,0,0,0,0,0,0,1,0,0,0,0,0,0,0,0,0,0,0,0,0,39.9959,-75.0723, , 
 ,38922,2014060823,6,67,67301,2014,5,4,2350,23,3,1,0,4,1, , ,N,1,2,0,3,0,3,4,2,N,N,40 03:14.351,75 02:56.006,2355, ,2352,3,1,1,N, ,3,N, , , , ,464211, , , ,2,1,0,0,0,0,1,0,0,0,0,2,3,1,0,0,0,0,0,0,0,0,0,4,0,0,0,0,0,0,0,0,0,0,0,4,0,40.0541,-75.049, , 
 ,38923,2014065597,6,67,67301,2014,5,7,2045,20,3,1,0,8,1, , ,N,1,2,0,3,0,1,2,2,N, ,40 01:47.421,75 06:15.635,245, ,230, ,0, , , ,3, , , , , ,464215, , , ,1,1,0,0,0,0,0,0,0,0,0,1,1,0,0,0,0,0,0,0,0,0,0,0,0,0,0,0,0,0,0,0,1,0,0,4,0,40.0298,-75.1043, , 
 ,38924,2014107327,6,67,67301,2014,8,7,1713,17,1,1,0,1,1, , ,N,0,0,0,3,0,3,3,2,N,N,39 54:08.086,75 09:04.059,1736, ,1713,1,1,1,N, ,0,N, , , , ,464246, , , ,2,0,0,0,0,0,1,1,0,0,0,3,3,0,0,0,0,0,0,0,0,0,0,0,0,0,0,0,0,0,0,0,0,0,0,4,0,39.9022,-75.1511, , 
 ,38925,2014108622,6,67,67301,2014,10,5,2330,23,3,1,0,1,1, , ,N,7,0,2,3,0,0,5,2,N,N,39 56:44.167,75 11:25.033,2343, ,2333, ,0, ,N, ,0, , , , , ,464251, , , ,2,2,0,0,0,0,0,0,0,0,0,0,0,0,0,0,0,0,0,0,0,0,0,0,0,0,0,0,0,0,0,0,0,0,0,0,0,39.9456,-75.1903, , 
 ,38926,2014110390,6,67,67301,2014,10,5,1753,17,3,1,0,4,1, , ,N,1,2,0,3,0,1,2,2,N,N,39 57:12.011,75 11:01.589,1808, ,1804,9,1,7,N, ,3,N, , , , ,464253, , , ,1,1,0,0,0,0,0,0,1,0,0,1,1,0,0,0,0,0,0,0,0,0,0,1,0,0,0,0,0,0,0,0,0,0,0,4,0,39.9533,-75.1838, , 
 ,38927,2014106650,6,67,67301,2014,10,5,1245,12,1,1,0,7,4, , ,N,2,0,0,3,0,2,2,2,N,N,39 57:57.225,75 14:23.830,1300, ,1250,2,2,5,N, ,0,Y, , , , ,464254, , , ,1,1,0,0,0,0,0,0,0,0,1,1,2,0,0,0,0,0,0,0,0,0,0,0,0,0,0,0,0,0,0,0,1,0,0,3,0,39.9659,-75.24, , 
 ,38928,2014110380,6,67,67301,2014,10,4,2318,23,3,2,1,5,6, , ,N,0,0,0,3,0,0,1,2,N,N,40 06:42.044,75 00:59.713,2330, ,2325, ,0, , , ,0, , , , , ,464259, , , ,2,1,0,0,0,0,1,0,0,0,0,0,0,0,0,0,0,0,0,0,0,0,0,0,0,0,0,0,0,0,0,0,0,0,0,0,0,40.1117,-75.0166, , 
 ,38929,2014079267,6,67,67301,2014,5,6,1912,19,1,1,0,4,1, , ,N,1,2,0,3,0,7,7,2,N, ,40 02:02.039,75 04:27.141,1912, ,1912,9,2,1, , ,3,Y, , , , ,464289, , , ,2,1,0,0,0,0,1,0,0,0,3,3,7,1,0,0,0,0,0,0,0,0,0,1,0,0,0,0,0,0,0,0,0,0,0,3,0,40.0339,-75.0742, , 
 ,38930,2014087310,6,67,67301,2014,7,1,145,1,3,1,0,1,6, , ,N,0,0,0,3,0,0,1,2,N,N,40 01:14.423,75 08:55.125,1508, ,1424, ,0, ,N, ,0, , , , , ,464296, , , ,2,1,1,0,0,0,0,0,0,0,0,0,0,0,1,0,0,0,0,0,0,0,0,0,0,0,0,0,0,0,0,0,0,0,0,9,0,40.0207,-75.1486, , 
 ,38931,2014088813,6,67,67301,2014,8,1,118,1,3,1,0,4,1, , ,N,2,3,0,3,0,1,2,2,N, ,39 56:20.803,75 11:24.086,128, ,124, ,0, , , ,3, , , , , ,464298, , , ,2,1,0,0,1,0,0,0,0,0,0,1,1,0,0,0,0,0,0,0,1,0,0,0,0,0,0,0,0,0,0,0,0,0,0,4,0,39.9391,-75.19, , 
 ,38932,2014049788,6,67,67301,2014,4,4,845,8,1,1,0,4,1, , ,N,5,2,1,3,0,1,2,2,N, ,39 59:15.241,75 07:46.639,849, ,845, ,0, , , ,3, , , , , ,461373, , , ,1,0,0,0,0,0,1,0,1,0,0,1,1,0,0,0,0,0,0,0,0,0,0,1,0,0,0,0,0,0,0,0,0,0,0,4,0,39.9876,-75.1296, , 
 ,38933,2014050293,6,67,67301,2014,4,3,2210,22,3,1,0,5,6, , ,N,0,0,0,3,0,1,2,3,N,N,39 55:45.181,75 09:07.300,2325, ,2319, ,0, ,N, ,0, , , , , ,461374, , , ,2,1,0,0,0,0,0,0,0,0,0,0,1,1,0,0,0,0,0,0,0,0,0,0,0,0,0,0,0,0,0,0,1,0,0,8,0,39.9292,-75.152, , 
 ,38934,2014087402,6,67,67301,2014,8,6,726,7,1,1,0,1,1, , ,N,0,0,0,3,0,0,3,3,N,N,40 00:31.469,75 04:08.773,729, ,729, ,0, ,Y, ,0, , , , , ,461395, , , ,3,1,0,0,0,0,2,0,0,0,0,0,0,0,0,0,0,0,0,0,1,0,0,0,0,0,0,0,0,0,0,0,0,0,0,0,0,40.0087,-75.0691, , 
 ,38935,2014087817,6,67,67301,2014,7,7,2025,20,1,1,0,8,1, , ,N,2,0,0,3,0,1,2,2,N,N,40 01:19.801,75 04:32.433,2031, ,2029,1,1,1,N, ,0,Y, , , , ,461396, , , ,1,0,0,0,0,0,1,0,0,0,0,1,1,0,0,0,0,0,0,0,0,1,0,1,0,0,0,0,0,0,0,0,1,0,0,4,0,40.0222,-75.0757, , 