wz_ln_closure,objectid_1,crn,district,county,municipality,crash_year,crash_month,day_of_week,time_of_day,hour_of_day,illumination,weather,road_condition,collision_type,relation_to_road,work_zone_type,work_zone_loc,work_zone_ind,intersect_type,tcd_type,location_type,urban_rural,fatal_count,injury_count,person_count,total_units,sch_bus_ind,sch_zone_ind,latitude,longitude,arrival_tm,cons_zone_spd_lim,dispatch_tm,est_hrs_closed,lane_closed,ln_close_dir,ntfy_hiwy_maint,spec_juris_cd,tcd_func_cd,tfc_detour_ind,workers_pres,wz_close_detour,wz_flagger,wz_law_offcr_ind,objectid,wz_moving,wz_other,wz_shlder_mdn,vehicle_count,automobile_count,motorcycle_count,bus_count,small_truck_count,heavy_truck_count,suv_count,van_count,bicycle_count,maj_inj_count,mod_inj_count,min_inj_count,tot_inj_count,unk_inj_deg_count,unk_inj_per_count,driver_count_16yr,driver_count_17yr,driver_count_18yr,driver_count_19yr,driver_count_20yr,driver_count_50_64yr,driver_count_65_74yr,driver_count_75plus,unbelted_occ_count,unb_death_count,unb_maj_inj_count,belted_death_count,belted_maj_inj_count,mcycle_death_count,mcycle_maj_inj_count,bicycle_death_count,bicycle_maj_inj_count,ped_count,ped_death_count,ped_maj_inj_count,max_severity_level,comm_veh_count,dec_lat,dec_long,rdwy_surf_type_cd,county_name
 ,38936,2014098646,6,67,67301,2014,9,1,43,0,3,1,0,4,1, , ,N,1,2,0,3,0,3,4,2,N,N,40 02:44.262,75 07:42.522,108, ,105, ,0, ,N, ,3, , , , , ,461403, , , ,2,1,0,0,0,0,1,0,0,0,2,1,3,0,0,0,0,0,1,0,0,0,0,1,0,0,0,0,0,0,0,0,0,0,0,3,0,40.0456,-75.1285, , 
 ,38937,2014099157,6,67,67301,2014,9,2,2300,23,3,1,0,5,1, , ,N,1,2,0,3,0,1,3,2,N,N,39 59:39.677,75 09:28.125,30, ,27, ,0, ,N, ,3, , , , , ,461404, , , ,2,0,0,0,0,1,1,0,0,0,0,1,1,0,0,0,0,0,0,0,2,0,0,0,0,0,0,0,0,0,0,0,0,0,0,4,1,39.9944,-75.1578, , 
 ,38938,2014098620,6,67,67301,2014,9,7,556,5,3,1,0,6,1, , ,N,0,0,0,3,0,3,3,2,N,N,39 59:04.164,75 07:11.729,559, ,557,2,1,3,N, ,0,Y, , , , ,461439, , , ,2,1,0,0,0,0,1,0,0,0,1,2,3,0,0,0,0,0,0,0,0,1,0,0,0,0,0,0,0,0,0,0,0,0,0,3,0,39.9845,-75.1199, , 
 ,38939,2014120257,6,67,67301,2014,11,5,1644,16,2,2,1,7,4, , ,N,0,0,0,3,0,0,1,1,N,N,39 56:23.290,75 14:19.795,1800, ,644, ,0, ,Y, ,0, , , , , ,461454, , , ,1,1,0,0,0,0,0,0,0,0,0,0,0,0,0,0,0,0,0,0,0,0,0,0,0,0,0,0,0,0,0,0,0,0,0,0,0,39.9398,-75.2388, , 
 ,38940,2014121482,6,67,67301,2014,11,4,1618,16,4,1,0,1,1, , ,N,1,2,0,3,0,4,11,5,N,N,40 01:36.832,75 05:50.065,1627, ,1619,1,1,2, , ,3,N, , , , ,461455, , , ,5,3,0,0,0,0,2,0,0,0,0,3,4,1,3,0,0,0,0,0,1,0,1,0,0,0,0,0,0,0,0,0,0,0,0,4,0,40.0269,-75.0972, , 
 ,38941,2014054500,6,67,67301,2014,4,4,2157,21,3,2,1,4,1, , ,N,1,2,0,3,0,1,6,2,N, ,40 01:40.752,75 03:26.701,2217, ,2216, ,0, , , ,3, , , , , ,461472, , , ,2,2,0,0,0,0,0,0,0,0,0,0,1,1,0,0,0,0,0,0,0,0,0,0,0,0,0,0,0,0,0,0,0,0,0,8,0,40.028,-75.0574, , 
 ,38942,2014059066,6,67,67301,2014,5,4,1530,15,1,1,0,8,1, , ,N,2,0,0,3,0,1,2,2,N,N,39 59:28.000,75 06:51.407,9999, ,9999, ,0, ,N, ,0, , , , , ,461478, , , ,1,0,0,0,0,0,0,1,0,0,0,1,1,0,0,0,0,0,0,0,0,0,0,0,0,0,0,0,0,0,0,0,1,0,0,4,0,39.9911,-75.1143, , 
 ,38943,2014061244,6,67,67301,2014,6,2,2126,21,3,1,0,1,1, , ,N,0,0,0,3,0,0,2,2,N,N,39 57:26.895,75 09:02.605,2149, ,2139,1,2,3,N, ,0,N, , , , ,461480, , , ,2,2,0,0,0,0,0,0,0,0,0,0,0,0,0,0,0,0,0,0,1,0,0,0,0,0,0,0,0,0,0,0,0,0,0,0,0,39.9575,-75.1507, , 
 ,38944,2014068001,6,67,67301,2014,6,4,18,0,3,1,0,8,1, , ,N,1,0,0,3,0,1,2,2,N,N,39 59:33.382,75 08:37.776,22, ,18,1,1,3,N, ,0,N, , , , ,461490, , , ,1,1,0,0,0,0,0,0,0,0,0,1,1,0,1,0,0,0,0,0,0,0,0,0,0,0,0,0,0,0,0,0,1,0,0,4,0,39.9925,-75.1439, , 
 ,38945,2014089076,6,67,67301,2014,8,5,1620,16,1,1,0,8,1, , ,N,0,0,0,3,0,1,2,2,N,N,39 59:30.701,75 08:32.410,1645, ,1637, ,0, ,N, ,0, , , , , ,461504, , , ,1,1,0,0,0,0,0,0,0,0,0,1,1,0,1,0,0,0,0,0,0,0,0,0,0,0,0,0,0,0,0,0,1,0,0,4,0,39.9919,-75.1423, , 
 ,38946,2014088691,6,67,67301,2014,8,6,1435,14,1,1,0,4,1, , ,N,1,2,0,3,0,1,2,2,N,N,39 56:45.045,75 10:29.351,1440, ,1435, ,0, ,N, ,3, , , , , ,461533, , , ,1,1,0,0,0,0,0,0,1,0,0,0,1,1,0,0,0,0,0,0,0,0,0,0,0,0,0,0,0,0,0,0,0,0,0,8,0,39.9458,-75.1748, , 
 ,38947,2014091201,6,67,67301,2014,7,5,1030,10,1,1,0,4,1, , ,N,2,2,7,3,0,0,2,2,N,N,40 00:09.326,75 13:25.112,1040, ,1030,1,1,2,N, ,3,N, , , , ,461537, , , ,2,0,0,0,0,1,1,0,0,0,0,0,0,0,0,0,0,0,0,0,0,0,1,0,0,0,0,0,0,0,0,0,0,0,0,0,1,40.0025,-75.2236, , 
 ,38948,2014081460,6,67,67301,2014,6,4,1125,11,1,1,0,8,1, , ,N,1,3,0,3,0,1,2,2,N, ,40 03:58.672,75 03:26.755,1130, ,1126,1,1,4, , ,3,N, , , , ,461573, , , ,1,0,0,0,0,0,1,0,0,0,1,0,1,0,0,0,0,0,0,0,1,0,0,0,0,0,0,0,0,0,0,0,1,0,0,3,0,40.0663,-75.0574, , 
 ,38949,2014088888,6,67,67301,2014,7,2,1132,11,1,1,0,4,1, , ,N,0,0,7,3,0,1,5,2,N,N,40 03:30.285,75 03:08.993,1140, ,1134, ,0, ,N, ,0, , , , , ,461581, , , ,2,1,0,0,0,0,1,0,0,0,0,1,1,0,0,0,0,0,0,0,0,1,0,0,0,0,0,0,0,0,0,0,0,0,0,4,0,40.0584,-75.0525, , 
Y,38950,2014071851,6,67,67301,2014,7,5,1412,14,1,1,0,5,1,1,4,Y,0,0,0,3,0,1,2,2,N,N,40 01:44.233,75 01:22.800,1503,45,1500,3,2,2,N, ,0,Y,N,N,N,N,455665,N,N,Y,2,1,0,0,1,0,0,0,0,0,0,1,1,0,0,0,0,0,0,0,0,0,0,0,0,0,0,0,0,0,0,0,0,0,0,4,1,40.029,-75.023, , 
 ,38951,2014016131,6,67,67301,2014,1,3,1019,10,1,1,0,1,1, , ,N,1,2,0,3,0,1,2,2,N,N,39 55:44.578,75 13:14.118,1023, ,1020,1,2,4,N, ,3,N, , , , ,455686, , , ,2,1,0,0,0,0,0,0,0,0,0,1,1,0,0,0,0,0,0,0,1,0,0,0,0,0,0,0,0,0,0,0,0,0,0,4,0,39.9291,-75.2205, , 
 ,38952,2014066910,6,67,67301,2014,7,6,530,5,1,1,0,7,2, , ,N,7,0,2,3,0,0,1,1,N,N,39 53:09.576,75 12:40.033,648, ,534, ,0, ,N, ,0, , , , , ,455692, , , ,1,1,0,0,0,0,0,0,0,0,0,0,0,0,0,0,0,0,0,0,0,0,0,0,0,0,0,0,0,0,0,0,0,0,0,0,0,39.886,-75.2111, , 
 ,38953,2014088807,6,67,67301,2014,8,5,1441,14,1,1,0,1,1, , ,N,2,0,0,3,0,0,3,2,N,N,40 05:05.538,75 02:10.056,1520, ,1519, ,0, , , ,0, , , , , ,455717, , , ,2,1,0,0,0,1,0,0,0,0,0,0,0,0,0,0,0,0,0,0,0,0,0,0,0,0,0,0,0,0,0,0,0,0,0,0,1,40.0849,-75.0361, , 
 ,38954,2014049485,6,67,67301,2014,4,4,2056,20,3,1,0,4,1, , ,N,1,2,2,3,0,0,2,2,N,N,39 58:28.546,75 11:58.192,2056, ,2050, ,0, ,N, ,3, , , , , ,455726, , , ,2,1,0,0,1,0,0,0,0,0,0,0,0,0,0,0,0,0,0,0,1,0,0,0,0,0,0,0,0,0,0,0,0,0,0,0,0,39.9746,-75.1992, , 
 ,38955,2014078890,6,67,67301,2014,6,7,9999,99,1,1,0,1,1, , ,N,1,0,0,3,0,1,3,2,N,N,39 57:09.274,75 08:54.407,1238, ,1237, ,0, ,N, ,0, , , , , ,455749, , , ,2,1,0,1,0,0,0,0,0,0,0,0,1,1,0,0,0,0,0,0,0,1,0,0,0,0,0,0,0,0,0,0,0,0,0,8,1,39.9526,-75.1485, , 
 ,38956,2014088654,6,67,67301,2014,7,4,1720,17,1,1,0,8,1, , ,N,1,2,0,3,0,1,2,2,N,N,39 56:57.916,75 09:08.422,1721, ,1720, ,0, ,N, ,3, , , , , ,455761, , , ,1,0,0,1,0,0,0,0,0,0,0,1,1,0,0,0,0,0,0,0,0,0,0,0,0,0,0,0,0,0,0,0,1,0,0,4,1,39.9494,-75.1523, , 
 ,38957,2014088710,6,67,67301,2014,8,1,2100,21,6,9,8,4,1, , ,N,1,0,0,3,0,1,2,2,N, ,40 00:18.961,75 08:41.996,1725, ,1720, ,0, , , ,0, , , , , ,455762, , , ,1,0,0,0,0,0,0,0,1,0,0,0,1,1,1,0,0,0,0,0,0,0,0,0,0,0,0,0,0,0,0,0,0,0,0,8,0,40.0053,-75.145, , 
 ,38958,2014091355,6,67,67301,2014,8,6,1035,10,1,1,0,8,1, , ,N,2,3,0,3,0,1,3,2,N,N,39 57:22.190,75 10:38.582,1045, ,1041, ,0, ,N, ,3, , , , , ,455764, , , ,1,0,0,0,0,0,1,0,0,0,0,1,1,0,0,0,0,0,0,0,0,0,1,0,0,0,0,0,0,0,0,0,1,0,0,4,0,39.9562,-75.1774, , 
 ,38959,2014095905,6,67,67301,2014,9,6,2300,23,3,1,0,1,1, , ,N,0,2,0,3,0,3,4,2,N,N,40 01:36.095,75 07:02.646,2320, ,2304, ,0, ,N, ,3, , , , , ,455769, , , ,2,2,0,0,0,0,0,0,0,0,0,0,3,3,0,0,0,0,0,0,0,0,0,0,0,0,0,0,0,0,0,0,0,0,0,8,0,40.0267,-75.1174, , 
 ,38960,2014059281,6,67,67301,2014,5,3,1929,19,1,1,0,4,1, , ,N,5,2,2,3,0,0,2,2,N,N,39 57:11.151,75 10:54.540,1937, ,1935, ,0, , , ,3, , , , , ,455782, , , ,2,1,0,0,0,0,1,0,0,0,0,0,0,0,0,0,0,0,0,0,0,0,0,2,0,0,0,0,0,0,0,0,0,0,0,0,0,39.9531,-75.1819, , 
 ,38961,2014025866,6,67,67301,2014,1,4,9999,99,2,1,0,4,1, , ,N,1,3,0,3,0,4,6,2,N,N,39 58:47.154,75 14:21.469,9999, ,9999, ,0, ,N, ,3, , , , , ,455800, , , ,2,1,0,0,1,0,0,0,0,0,0,4,4,0,1,0,0,0,0,0,0,1,0,0,0,0,0,0,0,0,0,0,0,0,0,4,0,39.9798,-75.2393, , 
 ,38962,2014032440,6,67,67301,2014,2,3,1300,13,1,4,8,2,1, , ,N,0,0,0,3,0,2,3,2,N,N,39 58:31.926,75 12:35.499,1315, ,1300, ,0, ,N, ,0, , , , , ,455807, , , ,2,2,0,0,0,0,0,0,0,0,0,0,2,2,0,0,0,0,0,0,1,0,0,0,0,0,0,0,0,0,0,0,0,0,0,8,0,39.9755,-75.2099, , 
 ,38963,2014084204,6,67,67301,2014,7,6,1556,15,1,1,0,4,1, , ,N,1,3,0,3,0,0,2,2,N,N,39 57:41.020,75 11:56.512,1557, ,1557,1,1,6,N, ,3,N, , , , ,455834, , , ,2,1,0,0,0,0,1,0,0,0,0,0,0,0,0,0,0,0,0,0,0,0,0,0,0,0,0,0,0,0,0,0,0,0,0,0,0,39.9614,-75.199, , 
 ,38964,2014084314,6,67,67301,2014,7,7,540,5,1,1,0,1,1, , ,N,2,2,0,3,0,1,8,3,N, ,39 54:49.096,75 13:17.644,555, ,550, ,0, , , ,3, , , , , ,455835, , , ,3,1,0,0,0,0,2,0,0,0,0,0,1,1,5,0,0,0,0,0,1,0,1,2,0,0,0,0,0,0,0,0,0,0,0,8,0,39.9136,-75.2216, , 
 ,38965,2014088634,6,67,67301,2014,7,5,2029,20,3,1,0,1,1, , ,N,1,2,0,3,0,1,2,2,N,N,40 02:51.086,75 08:34.404,2103, ,2100, ,0, ,N, ,3, , , , , ,455836, , , ,2,0,0,0,0,0,2,0,0,0,0,0,1,1,0,0,0,0,0,0,0,1,0,0,0,0,0,0,0,0,0,0,0,0,0,8,0,40.0475,-75.1428, , 
 ,38966,2014131790,6,67,67301,2014,12,2,1555,15,1,1,0,1,1, , ,N,0,0,0,3,0,1,3,2,N,N,40 00:10.165,75 05:43.275,1611, ,1611, ,0, ,N, ,0, , , , , ,455859, , , ,2,0,0,0,2,0,0,0,0,0,0,0,1,1,0,0,0,0,0,0,0,0,0,0,0,0,0,0,0,0,0,0,0,0,0,8,0,40.0028,-75.0954, , 
 ,38967,2014059661,6,67,67301,2014,6,5,131,1,3,2,1,7,2, , ,N,0,0,0,3,0,1,1,1,N,N,39 56:40.776,75 11:29.224,146, ,136, ,0, ,N, ,0, , , , , ,455864, , , ,1,1,0,0,0,0,0,0,0,0,0,1,1,0,0,0,0,0,0,0,0,0,0,0,0,0,0,0,0,0,0,0,0,0,0,4,0,39.9447,-75.1915, , 
 ,38968,2014093902,6,67,67301,2014,9,5,1208,12,1,2,1,7,4, , ,N,0,8,3,3,0,1,1,1,N,N,39 54:53.319,75 11:22.428,1208, ,1208,1,1,4,N, ,3,N, , , , ,458448, , , ,1,1,0,0,0,0,0,0,0,0,1,0,1,0,0,0,0,0,0,0,0,0,0,0,0,0,0,0,0,0,0,0,0,0,0,3,0,39.9148,-75.1896, , 
 ,38969,2014104453,6,67,67301,2014,9,1,1943,19,3,1,0,1,1, , ,N,0,0,0,3,0,1,5,2,N,N,40 00:15.454,75 08:15.352,1943, ,1943, ,0, , , ,0, , , , , ,458460, , , ,2,1,0,0,0,0,0,1,0,0,0,0,1,1,0,0,0,0,0,0,0,0,0,0,0,0,0,0,0,0,0,0,0,0,0,8,0,40.0043,-75.1376, , 
 ,38970,2014078781,6,67,67301,2014,5,6,1931,19,1,1,0,4,1, , ,N,1,2,0,3,0,3,5,2,N,N,39 56:51.284,75 10:10.599,1955, ,1933, ,0, , , ,3, , , , , ,458494, , , ,2,1,0,0,0,0,1,0,0,0,0,3,3,0,0,0,0,0,0,0,1,0,0,0,0,0,0,0,0,0,0,0,0,0,0,4,0,39.9476,-75.1696, , 
 ,38971,2014082735,6,67,67301,2014,8,3,1637,16,1,1,0,1,1, , ,N,0,0,0,3,0,1,3,3,N,N,39 59:26.380,75 12:16.380,1648, ,1640,2,2,4,N, ,0,N, , , , ,458497, , , ,3,2,0,0,0,0,1,0,0,0,0,0,1,1,0,0,0,0,0,0,0,0,0,0,0,0,0,0,0,0,0,0,0,0,0,8,0,39.9907,-75.2046, , 
 ,38972,2014099239,6,67,67301,2014,9,5,1940,19,3,2,1,0,1, , ,N,0,0,3,3,0,1,1,1,N,N,40 00:26.451,75 11:55.928,2000, ,1955, ,0, ,N, ,0, , , , , ,458514, , , ,1,1,0,0,0,0,0,0,0,0,0,1,1,0,0,0,0,0,0,0,0,1,0,0,0,0,0,0,0,0,0,0,0,0,0,4,0,40.0073,-75.1989, , 
 ,38973,2014050264,6,67,67301,2014,4,7,922,9,1,1,0,4,1, , ,N,1,2,0,3,0,1,8,2,N,N,40 02:48.424,75 04:13.037,931, ,928, ,0, ,N, ,3, , , , , ,458524, , , ,2,1,0,0,0,0,0,1,0,0,0,1,1,0,0,0,0,0,0,0,1,0,0,8,0,0,0,0,0,0,0,0,0,0,0,4,0,40.0468,-75.0703, , 
 ,38974,2014088380,6,67,67301,2014,7,2,2000,20,4,1,0,0,1, , ,N,3,3,0,3,0,1,1,1,N,N,40 03:15.876,75 07:32.051,2046, ,2038, ,0, ,N, ,3, , , , , ,458560, , , ,1,0,0,0,0,0,1,0,0,0,0,1,1,0,0,0,0,0,0,0,0,0,0,0,0,0,0,0,0,0,0,0,0,0,0,4,0,40.0544,-75.1256, , 
 ,38975,2014088661,6,67,67301,2014,8,7,1150,11,1,1,0,8,1, , ,N,1,3,0,3,0,1,2,2,N,N,39 57:53.989,75 10:14.401,1159, ,1158, ,0, ,N, ,3, , , , , ,458561, , , ,1,1,0,0,0,0,0,0,0,0,0,1,1,0,0,0,0,0,0,0,0,0,0,0,0,0,0,0,0,0,0,0,1,0,0,4,0,39.965,-75.1707, , 
 ,38976,2014104628,6,67,67301,2014,10,6,2215,22,3,2,1,4,1, , ,N,2,0,0,3,0,2,3,2,N,N,40 02:41.323,75 02:00.599,2245, ,2234, ,0, ,N, ,0, , , , , ,458571, , , ,2,2,0,0,0,0,0,0,0,0,2,0,2,0,0,0,2,0,0,0,0,0,0,0,0,0,0,0,0,0,0,0,0,0,0,3,0,40.0448,-75.0335, , 
 ,38977,2014076011,6,67,67301,2014,6,3,2234,22,3,1,0,4,1, , ,N,1,2,0,3,0,2,3,2,N,N,39 56:28.692,75 12:33.670,2337, ,2334,1,2,6, , ,3,N, , , , ,458587, , , ,2,2,0,0,0,0,0,0,0,0,0,0,2,2,1,0,0,0,0,0,0,0,0,0,0,0,0,0,0,0,0,0,0,0,0,8,0,39.9412,-75.2094, , 
 ,38978,2014084140,6,67,67301,2014,7,2,730,7,1,1,0,5,6, , ,N,0,0,0,3,0,1,1,4,N,Y,39 57:12.330,75 12:32.660,733, ,730,1,1,5,N, ,0,Y, , , , ,458593, , , ,4,2,0,0,0,0,2,0,0,0,0,1,1,0,0,0,0,0,0,0,0,0,0,0,0,0,0,0,0,0,0,0,0,0,0,4,0,39.9534,-75.2091, , 
 ,38979,2014088027,6,67,67301,2014,8,2,1640,16,1,1,0,8,1, , ,N,1,2,0,3,0,1,3,2,N,N,40 00:26.675,75 04:41.014,1650, ,1645, ,0, ,N, ,3, , , , , ,458596, , , ,1,0,0,0,0,0,1,0,0,0,0,1,1,0,0,0,0,0,0,0,1,0,0,0,0,0,0,0,0,0,0,0,1,0,0,4,0,40.0074,-75.0781, , 
 ,38980,2014088694,6,67,67301,2014,7,2,9999,99,1,1,0,4,1, , ,N,1,2,1,3,0,0,2,2,N, ,39 55:36.102,75 11:15.812,1138, ,1131, ,0, , , ,3, , , , , ,458598, , , ,2,1,0,0,0,0,1,0,0,0,0,0,0,0,0,0,0,0,0,0,0,1,0,0,0,0,0,0,0,0,0,0,0,0,0,0,0,39.9267,-75.1879, , 
 ,38981,2014089754,6,67,67301,2014,7,7,2323,23,3,1,0,5,6, , ,N,0,0,0,3,0,0,1,3,N, ,39 55:05.724,75 09:42.403,2328, ,2324,3,2,3, , ,0,Y, , , , ,458599, , , ,3,2,0,0,0,0,1,0,0,0,0,0,0,0,0,0,0,0,0,0,0,0,0,0,0,0,0,0,0,0,0,0,0,0,0,0,0,39.9183,-75.1618, , 
 ,38982,2014074478,6,67,67301,2014,6,1,1545,15,1,1,0,5,1, , ,N,5,2,2,3,0,1,3,2,N,N,39 57:26.357,75 08:38.887,1550, ,1548,1,2,4,N, ,3,Y, , , , ,458624, , , ,2,1,0,0,0,0,1,0,0,0,0,0,1,1,0,0,0,1,0,0,0,0,0,0,0,0,0,0,0,0,0,0,0,0,0,8,0,39.9573,-75.1441, , 
 ,38983,2014059020,6,67,67301,2014,5,5,755,7,1,1,0,4,1, , ,N,2,0,0,3,0,2,3,2,N,N,40 01:56.755,75 11:15.640,820, ,800, ,0, ,N, ,0, , , , , ,458654, , , ,2,1,0,0,0,0,1,0,0,0,0,2,2,0,0,0,0,0,0,0,0,0,0,0,0,0,0,0,0,0,0,0,0,0,0,4,0,40.0324,-75.1877, , 
 ,38984,2014059252,6,67,67301,2014,4,3,2320,23,3,1,0,4,1, , ,N,1,2,0,3,0,2,3,2,N, ,40 03:26.394,75 02:03.904,2350, ,2345, ,0, , , ,3, , , , , ,458655, , , ,2,2,0,0,0,0,0,0,0,0,1,1,2,0,0,0,0,0,0,0,0,0,0,0,0,0,0,0,0,0,0,0,0,0,0,3,0,40.0571,-75.0345, , 
 ,38985,2014059347,6,67,67301,2014,4,5,2316,23,3,1,0,8,1, , ,N,0,0,0,3,0,1,2,2,N,N,40 01:11.405,75 10:29.670,9999, ,9999,3,2,5,N, ,0,Y, , , , ,458656, , , ,1,1,0,0,0,0,0,0,0,1,0,0,1,0,0,0,0,0,0,0,0,0,0,0,0,0,0,0,0,0,0,0,1,0,1,2,0,40.0198,-75.1749, , 
N,38986,2014079683,6,67,67301,2014,7,1,434,4,3,1,0,7,3,1,4,Y,0,0,0,3,0,0,1,1,N,N,39 58:12.355,75 07:31.998,442,45,436,2,1,1,N, ,0,N,Y,N,N,N,464321,N,N,Y,1,0,0,0,0,0,1,0,0,0,0,0,0,0,0,0,0,0,0,0,0,0,0,0,0,0,0,0,0,0,0,0,0,0,0,0,0,39.9701,-75.1256, , 
 ,38987,2014084457,6,67,67301,2014,7,6,930,9,1,1,0,5,1, , ,N,0,0,0,3,0,1,2,2,N,N,39 57:01.536,75 08:44.244,1005, ,1002, ,0, ,N, ,0, , , , , ,464328, , , ,1,0,0,0,0,1,0,0,1,0,0,1,1,0,0,0,0,0,0,0,0,0,0,0,0,0,0,0,0,0,0,0,0,0,0,4,1,39.9504,-75.1456, , 
 ,38988,2014087743,6,67,67301,2014,7,6,1605,16,1,1,0,4,1, , ,N,3,3,0,3,0,1,2,2,N, ,40 00:11.775,75 08:28.258,1615, ,1610, ,0, , , ,3, , , , , ,464330, , , ,2,1,0,0,0,0,1,0,0,0,0,1,1,0,0,0,0,0,0,0,1,0,0,0,0,0,0,0,0,0,0,0,0,0,0,4,0,40.0033,-75.1412, , 
 ,38989,2014088772,6,67,67301,2014,8,4,851,8,1,1,0,4,1, , ,N,1,2,0,3,0,4,4,2,N,N,40 05:38.461,74 58:46.899,854, ,851, ,0, ,N, ,3, , , , , ,464331, , , ,2,1,0,0,0,0,1,0,0,0,4,0,4,0,0,0,0,0,0,0,0,1,0,0,0,0,0,0,0,0,0,0,0,0,0,3,0,40.0939,-74.9797, , 
 ,38990,2014095962,6,67,67301,2014,9,3,1433,14,1,1,0,1,1, , ,N,1,2,0,3,0,1,2,2,N,N,40 03:55.900,75 03:09.041,1440, ,1433, ,0, ,N, ,3, , , , , ,464338, , , ,2,1,0,0,0,0,0,1,0,0,0,0,1,1,0,0,0,0,0,0,1,0,1,0,0,0,0,0,0,0,0,0,0,0,0,8,0,40.0655,-75.0525, , 
 ,38991,2014084289,6,67,67301,2014,7,6,48,0,3,1,0,4,1, , ,N,1,2,0,3,0,0,2,3,N, ,40 02:17.754,75 06:05.767,55, ,48, ,0, , , ,3, , , , , ,464353, , , ,3,2,0,0,0,0,1,0,0,0,0,0,0,0,0,0,0,0,0,0,1,0,0,0,0,0,0,0,0,0,0,0,0,0,0,0,0,40.0383,-75.1016, , 
 ,38992,2014087872,6,67,67301,2014,7,3,1900,19,1,1,0,4,1, , ,N,1,2,0,3,0,2,4,2,N,N,40 01:46.636,75 05:12.517,1905, ,1900, ,0, ,N, ,3, , , , , ,464357, , , ,2,1,0,0,0,0,1,0,0,1,0,1,2,0,0,0,0,0,0,0,1,0,0,0,0,0,0,1,0,0,0,0,0,0,0,2,0,40.0296,-75.0868, , 
 ,38993,2014089430,6,67,67301,2014,9,5,726,7,1,1,0,1,1, , ,N,0,0,0,3,0,0,4,4,N,N,39 57:36.574,75 10:48.709,740, ,729,2,1,4,N, ,0,N, , , , ,464358, , , ,4,4,0,0,0,0,0,0,0,0,0,0,0,0,0,0,0,0,0,0,1,0,0,0,0,0,0,0,0,0,0,0,0,0,0,0,0,39.9602,-75.1802, , 
 ,38994,2014059249,6,67,67301,2014,5,7,205,2,3,1,0,0,6, , ,N,0,0,0,3,0,1,2,2,N,N,39 57:26.442,75 12:11.779,208, ,206, ,0, ,N, ,0, , , , , ,464365, , , ,1,0,0,0,0,0,0,0,0,0,0,0,1,1,0,0,0,0,0,0,0,0,0,0,0,0,0,0,0,0,0,0,1,0,0,8,0,39.9573,-75.2033, , 
 ,38995,2014091420,6,67,67301,2014,9,6,2232,22,3,1,0,8,1, , ,N,3,0,0,3,0,1,2,2,N,N,40 01:18.625,75 09:29.699,2247, ,2233, ,0, , , ,0, , , , , ,464395, , , ,1,1,0,0,0,0,0,0,0,0,0,1,1,0,0,0,0,0,0,0,1,0,0,0,0,0,0,0,0,0,0,0,1,0,0,4,0,40.0218,-75.1582, , 
 ,38996,2014121420,6,67,67301,2014,11,5,1701,17,3,1,0,1,1, , ,N,1,2,0,3,0,1,4,3,N, ,40 01:11.208,75 09:02.246,1705, ,1704, ,0, , , ,3, , , , , ,464404, , , ,3,3,0,0,0,0,0,0,0,0,0,1,1,0,0,0,0,0,0,0,0,0,0,0,0,0,0,0,0,0,0,0,0,0,0,4,0,40.0198,-75.1506, , 
 ,38997,2014072026,6,67,67301,2014,7,3,1133,11,1,1,0,4,1, , ,N,1,2,0,3,0,1,2,2,N,N,40 06:50.926,74 59:15.880,1135, ,1133,3,1,1,N, ,3,N, , , , ,464411, , , ,2,2,0,0,0,0,0,0,0,0,0,0,1,1,1,0,0,0,0,0,0,1,0,1,0,0,0,0,0,0,0,0,0,0,0,8,0,40.1141,-74.9877, , 
 ,38998,2014104395,6,67,67301,2014,10,6,1015,10,1,1,0,4,1, , ,N,1,2,0,3,0,1,2,2,N,N,39 56:42.324,75 09:40.921,1025, ,1020,1,2,2,N, ,3,N, , , , ,464434, , , ,1,1,0,0,0,0,0,0,1,0,0,1,1,0,0,0,0,0,0,0,1,0,0,0,0,0,0,0,0,0,0,0,0,0,0,4,0,39.9451,-75.1614, , 
 ,38999,2014117804,6,67,67301,2014,11,6,615,6,1,1,0,1,1, , ,N,0,0,0,3,0,0,2,2,N,N,39 59:55.739,75 04:51.414,646, ,622, ,0, ,N, ,0, , , , , ,464444, , , ,2,1,0,0,1,0,0,0,0,0,0,0,0,0,0,0,0,0,1,0,0,0,0,0,0,0,0,0,0,0,0,0,0,0,0,0,0,39.9988,-75.0809, , 
 ,39000,2014087740,6,67,67301,2014,8,1,1820,18,4,1,1,5,1, , ,N,0,0,0,3,0,1,2,2,N,N,39 56:57.004,75 10:09.688,1830, ,1830, ,0, ,N, ,0, , , , , ,464467, , , ,1,1,0,0,0,0,0,0,1,0,0,1,1,0,0,0,0,0,0,0,0,0,0,0,0,0,0,0,0,0,0,0,0,0,0,4,0,39.9492,-75.1694, , 
 ,39001,2014088655,6,67,67301,2014,8,1,644,6,1,1,0,4,6, , ,N,0,0,0,3,0,1,1,2,N, ,40 03:52.785,75 00:08.846,647, ,646, ,0, , , ,0, , , , , ,464468, , , ,2,1,0,0,0,0,1,0,0,0,0,0,1,1,0,0,0,0,1,0,0,0,0,0,0,0,0,0,0,0,0,0,0,0,0,8,0,40.0647,-75.0025, , 
 ,39002,2014089709,6,67,67301,2014,8,6,1735,17,1,1,0,1,1, , ,N,0,0,0,3,0,1,4,2,N,N,40 06:22.434,75 01:37.711,1744, ,1742, ,0, ,N, ,0, , , , , ,464469, , , ,2,1,0,0,0,0,1,0,0,0,0,1,1,0,0,0,0,0,0,0,0,0,0,0,0,0,0,0,0,0,0,0,0,0,0,4,0,40.1062,-75.0271, , 