wz_ln_closure,objectid_1,crn,district,county,municipality,crash_year,crash_month,day_of_week,time_of_day,hour_of_day,illumination,weather,road_condition,collision_type,relation_to_road,work_zone_type,work_zone_loc,work_zone_ind,intersect_type,tcd_type,location_type,urban_rural,fatal_count,injury_count,person_count,total_units,sch_bus_ind,sch_zone_ind,latitude,longitude,arrival_tm,cons_zone_spd_lim,dispatch_tm,est_hrs_closed,lane_closed,ln_close_dir,ntfy_hiwy_maint,spec_juris_cd,tcd_func_cd,tfc_detour_ind,workers_pres,wz_close_detour,wz_flagger,wz_law_offcr_ind,objectid,wz_moving,wz_other,wz_shlder_mdn,vehicle_count,automobile_count,motorcycle_count,bus_count,small_truck_count,heavy_truck_count,suv_count,van_count,bicycle_count,maj_inj_count,mod_inj_count,min_inj_count,tot_inj_count,unk_inj_deg_count,unk_inj_per_count,driver_count_16yr,driver_count_17yr,driver_count_18yr,driver_count_19yr,driver_count_20yr,driver_count_50_64yr,driver_count_65_74yr,driver_count_75plus,unbelted_occ_count,unb_death_count,unb_maj_inj_count,belted_death_count,belted_maj_inj_count,mcycle_death_count,mcycle_maj_inj_count,bicycle_death_count,bicycle_maj_inj_count,ped_count,ped_death_count,ped_maj_inj_count,max_severity_level,comm_veh_count,dec_lat,dec_long,rdwy_surf_type_cd,county_name
 ,39136,2014075964,6,67,67301,2014,6,2,958,9,1,1,0,4,1, , ,N,3,2,0,3,0,2,3,2,N,N,40 01:48.146,75 06:11.546,1006, ,1000,2,1,2, , ,3,N, , , , ,464755, , , ,2,2,0,0,0,0,0,0,0,0,0,2,2,0,0,0,0,0,0,0,1,0,0,0,0,0,0,0,0,0,0,0,0,0,0,4,0,40.03,-75.1032, , 
 ,39137,2014062760,6,67,67301,2014,6,5,1546,15,8,2,1,1,1, , ,N,0,0,0,3,0,1,2,2,N,N,39 57:51.973,75 08:15.966,1546, ,1546,2,1,1,N, ,0,N, , , , ,464792, , , ,2,0,0,0,0,0,1,1,0,0,0,1,1,0,0,0,0,0,0,0,1,0,0,0,0,0,0,0,0,0,0,0,0,0,0,4,0,39.9644,-75.1378, , 
 ,39138,2014084161,6,67,67301,2014,7,2,1640,16,1,1,0,1,1, , ,N,6,0,2,3,0,2,3,2,N,N,40 00:49.241,75 10:46.383,1705, ,1700,2,2,2,N, ,0,N, , , , ,464807, , , ,2,2,0,0,0,0,0,0,0,0,0,2,2,0,0,0,0,0,0,0,0,0,0,0,0,0,0,0,0,0,0,0,0,0,0,4,0,40.0137,-75.1796, , 
 ,39139,2014088788,6,67,67301,2014,8,7,1644,16,1,2,1,8,1, , ,N,1,2,0,3,0,1,2,2,N,N,39 54:47.100,75 14:35.859,1650, ,1645, ,0, ,N, ,3, , , , , ,464810, , , ,1,0,0,0,0,0,0,0,0,0,0,0,1,1,0,0,0,0,0,0,0,0,0,0,0,0,0,0,0,0,0,0,1,0,0,8,0,39.9131,-75.2433, , 
 ,39140,2014106705,6,67,67301,2014,10,6,1230,12,1,1,0,4,1, , ,N,1,2,0,3,0,2,5,3,N,N,39 57:19.443,75 10:16.111,1241, ,1235,1,1,2, , ,3,N, , , , ,464829, , , ,3,1,0,1,0,0,1,0,0,0,0,2,2,0,0,0,0,0,0,0,0,0,0,0,0,0,0,0,0,0,0,0,0,0,0,4,1,39.9554,-75.1711, , 
 ,39141,2014060622,6,67,67301,2014,6,4,1201,12,1,1,0,1,1, , ,N,0,0,0,3,0,0,3,3,N,N,39 57:33.998,75 10:27.757,1201, ,1201,2,2,4,N, ,0,N, , , , ,464844, , , ,3,3,0,0,0,0,0,0,0,0,0,0,0,0,0,0,0,0,0,0,1,0,0,0,0,0,0,0,0,0,0,0,0,0,0,0,0,39.9594,-75.1744, , 
 ,39142,2014087866,6,67,67301,2014,7,2,9999,99,1,1,0,4,1, , ,N,2,0,0,3,0,2,2,2,N,N,40 02:05.491,75 04:54.391,9999, ,1305,1,2,5, , ,0,N, , , , ,464858, , , ,2,2,0,0,0,0,0,0,0,0,0,2,2,0,0,0,0,0,0,0,0,0,0,0,0,0,0,0,0,0,0,0,0,0,0,4,0,40.0349,-75.0818, , 
 ,39143,2014098716,6,67,67301,2014,9,4,1635,16,1,1,0,8,1, , ,N,2,2,0,3,0,1,2,2,N,N,39 53:31.043,75 14:31.507,1640, ,1640, ,0, , , ,3, , , , , ,464869, , , ,1,0,0,0,0,0,0,0,0,0,0,0,1,1,0,0,0,0,0,0,0,0,0,0,0,0,0,0,0,0,0,0,1,0,0,8,0,39.8919,-75.2419, , 
 ,39144,2014106729,6,67,67301,2014,10,4,1900,19,3,2,1,4,1, , ,N,1,2,0,3,0,0,2,2,N,N,39 57:48.112,75 11:14.766,1913, ,1910,2,1,6,N, ,3,Y, , , , ,464875, , , ,2,2,0,0,0,0,0,0,0,0,0,0,0,0,0,0,0,0,0,0,1,0,0,0,0,0,0,0,0,0,0,0,0,0,0,0,0,39.9634,-75.1875, , 
 ,39145,2014115654,6,67,67301,2014,11,4,625,6,1,1,0,4,1, , ,N,2,2,0,3,0,1,3,2,N,N,39 55:19.017,75 11:19.719,627, ,627, ,0, ,N, ,3, , , , , ,464880, , , ,2,2,0,0,0,0,0,0,0,0,0,1,1,0,0,0,0,0,0,0,0,0,0,0,0,0,0,0,0,0,0,0,0,0,0,4,0,39.9219,-75.1888, , 
 ,39146,2014059061,6,67,67301,2014,5,3,1520,15,1,1,0,8,1, , ,N,1,2,0,3,0,2,5,4,N,Y,39 58:26.859,75 12:15.536,1530, ,1525,2,2,5,N, ,3,Y, , , , ,464883, , , ,2,0,0,0,0,0,1,1,0,0,0,2,2,0,1,0,0,0,0,0,0,0,0,0,0,0,0,0,0,0,0,0,2,0,0,4,0,39.9741,-75.2043, , 
 ,39147,2014061096,6,67,67301,2014,5,2,800,8,1,1,0,8,1, , ,N,0,0,0,3,0,1,6,2,N,N,39 59:08.314,75 06:09.090,820, ,815, ,0, ,N, ,0, , , , , ,464886, , , ,1,0,0,0,0,0,1,0,0,0,0,1,1,0,0,0,0,1,0,0,0,0,0,0,0,0,0,0,0,0,0,0,1,0,0,4,0,39.9856,-75.1025, , 
 ,39148,2014111470,6,67,67301,2014,10,7,1525,15,8,1,0,4,1, , ,N,1,3,0,3,0,2,3,3,N,N,40 02:12.433,75 04:09.245,1530, ,1528,2,2,2, , ,3,Y, , , , ,464912, , , ,3,3,0,0,0,0,0,0,0,0,2,0,2,0,0,0,0,0,0,0,1,0,0,0,0,0,0,0,0,0,0,0,0,0,0,3,0,40.0368,-75.0692, , 
 ,39149,2014049772,6,67,67301,2014,4,5,1812,18,1,1,0,4,1, , ,N,1,3,0,3,0,2,2,2,N,N,40 03:31.504,75 03:02.099,1819, ,1814, ,0, ,N, ,3, , , , , ,464933, , , ,2,2,0,0,0,0,0,0,0,1,0,1,2,0,0,0,0,0,0,0,0,0,1,0,0,0,0,0,0,0,0,0,0,0,0,2,0,40.0588,-75.0506, , 
 ,39150,2014120901,6,67,67301,2014,11,4,1340,13,1,1,0,4,1, , ,N,1,2,0,3,0,2,3,2,N,N,40 05:49.711,75 01:05.375,1420, ,1416, ,0, ,N, ,3, , , , , ,462019, , , ,2,1,0,0,0,0,1,0,0,0,0,0,2,2,0,0,0,0,0,0,0,0,0,0,0,0,0,0,0,0,0,0,0,0,0,8,0,40.0971,-75.0182, , 
 ,39151,2014125068,6,67,67301,2014,11,5,2335,23,3,1,0,4,1, , ,N,0,0,7,3,0,2,5,2,N,Y,40 03:02.074,75 04:39.810,2340, ,2335,2,1,2,N, ,0,Y, , , , ,462021, , , ,2,1,0,0,0,0,1,0,0,0,0,2,2,0,0,0,0,0,1,0,0,0,0,0,0,0,0,0,0,0,0,0,0,0,0,4,0,40.0506,-75.0777, , 
 ,39152,2014059154,6,67,67301,2014,5,3,1931,19,1,1,0,4,1, , ,N,1,3,0,3,0,1,3,2,N,N,40 01:48.057,75 04:01.999,1940, ,1937, ,0, ,N, ,3, , , , , ,462034, , , ,1,1,0,0,0,0,0,0,1,0,1,0,1,0,0,0,0,0,0,0,0,0,0,0,0,0,0,0,0,0,0,0,0,0,0,3,0,40.03,-75.0672, , 
 ,39153,2014065545,6,67,67301,2014,5,6,1456,14,1,1,0,4,1, , ,N,2,0,7,3,0,3,3,2,N,N,39 55:59.851,75 08:41.348,1605, ,1558,3,2,3,N, ,0,N, , , , ,462038, , , ,2,2,0,0,0,0,0,0,0,0,1,0,3,2,0,0,0,0,0,0,0,0,1,1,0,0,0,0,0,0,0,0,0,0,0,3,0,39.9333,-75.1448, , 
 ,39154,2014067918,6,67,67301,2014,5,7,1415,14,1,1,0,4,1, , ,N,1,3,0,3,0,1,2,2,N,N,39 59:50.607,75 10:25.571,1418, ,1418, ,0, ,N, ,3, , , , , ,462054, , , ,2,1,0,0,0,0,1,0,0,0,0,0,1,1,0,0,0,0,0,0,0,0,0,0,0,0,0,0,0,0,0,0,0,0,0,8,0,39.9974,-75.1738, , 
 ,39155,2014093555,6,67,67301,2014,9,5,1721,17,1,1,0,2,1, , ,N,1,2,0,3,0,2,5,3,N,N,40 02:57.481,75 04:04.310,1733, ,1729,1,2,7, , ,3,Y, , , , ,462069, , , ,3,3,0,0,0,0,0,0,0,0,2,0,2,0,0,0,0,0,0,0,0,0,0,0,0,0,0,0,0,0,0,0,0,0,0,3,0,40.0493,-75.0679, , 
 ,39156,2014061078,6,67,67301,2014,5,3,1647,16,1,1,0,4,1, , ,N,1,3,0,3,0,1,2,2,N, ,39 56:22.034,75 10:11.114,1651, ,1647, ,0, , , ,3, , , , , ,462093, , , ,1,0,0,0,0,0,0,0,1,0,0,1,1,0,1,0,0,0,0,0,0,0,0,0,0,0,0,0,0,0,0,0,0,0,0,4,0,39.9395,-75.1698, , 
 ,39157,2014088285,6,67,67301,2014,7,4,920,9,1,1,0,8,1, , ,N,1,2,0,3,0,1,3,2,N,N,39 56:37.146,75 09:55.602,927, ,924, ,0, ,N, ,3, , , , , ,462129, , , ,1,1,0,0,0,0,0,0,0,0,0,0,1,1,0,0,0,0,0,0,0,0,0,1,0,0,0,0,0,0,0,0,1,0,0,8,0,39.9437,-75.1654, , 
 ,39158,2014074519,6,67,67301,2014,6,2,1243,12,1,1,0,2,1, , ,N,0,0,0,3,0,2,5,4,N,N,40 02:32.438,75 06:18.628,1347, ,1345,1,2,5,N, ,0,Y, , , , ,462153, , , ,4,3,0,0,1,0,0,0,0,0,0,0,2,2,0,0,0,0,0,0,0,1,0,0,0,0,0,0,0,0,0,0,0,0,0,8,0,40.0423,-75.1052, , 
 ,39159,2014078396,6,67,67301,2014,6,1,1732,17,1,1,0,1,6, , ,N,0,0,0,3,0,1,1,3,N,N,40 00:24.318,75 08:49.290,1745, ,1733,3,2,2,N, ,0,Y, , , , ,462154, , , ,3,1,1,0,0,0,1,0,0,0,1,0,1,0,0,0,0,0,0,0,0,0,0,0,0,0,0,0,0,0,0,0,0,0,0,3,0,40.0068,-75.147, , 
 ,39160,2014078757,6,67,67301,2014,6,1,2130,21,3,1,0,4,1, , ,N,1,2,0,3,0,1,2,2,N,N,39 56:34.191,75 09:01.951,2130, ,2130, ,0, , , ,3, , , , , ,462155, , , ,2,1,0,0,0,0,1,0,0,0,0,1,1,0,1,0,0,0,0,0,0,0,0,0,0,0,0,0,0,0,0,0,0,0,0,4,0,39.9428,-75.1505, , 
 ,39161,2014081446,6,67,67301,2014,6,6,1950,19,1,1,0,1,6, , ,N,2,0,0,3,0,1,4,2,N, ,40 02:18.099,75 05:08.113,2002, ,1955, ,0, , , ,0, , , , , ,462158, , , ,2,1,0,0,0,0,0,1,0,0,0,1,1,0,0,0,0,0,0,0,0,0,0,1,0,0,0,0,0,0,0,0,0,0,0,4,0,40.0384,-75.0856, , 
 ,39162,2014087898,6,67,67301,2014,8,7,1100,11,1,1,0,4,1, , ,N,1,2,0,3,0,1,2,2,N,N,39 54:12.423,75 14:35.429,1223, ,1218, ,0, , , ,3, , , , , ,462164, , , ,2,2,0,0,0,0,0,0,0,0,0,1,1,0,0,0,0,0,0,0,0,0,0,0,0,0,0,0,0,0,0,0,0,0,0,4,0,39.9035,-75.2432, , 
 ,39163,2014091281,6,67,67301,2014,8,2,2328,23,3,1,0,5,6, , ,N,0,0,0,3,0,1,1,4,N,N,39 57:48.585,75 14:24.691,2350, ,2341, ,0, , , ,0, , , , , ,462166, , , ,4,3,0,0,1,0,0,0,0,0,1,0,1,0,0,0,0,0,0,0,0,0,0,0,0,0,0,0,0,0,0,0,0,0,0,3,0,39.9635,-75.2402, , 
 ,39164,2014099169,6,67,67301,2014,9,4,1415,14,1,1,0,8,1, , ,N,1,0,0,3,0,1,2,2,N,N,39 57:08.168,75 10:06.941,1425, ,1415, ,0, ,N, ,0, , , , , ,462180, , , ,1,1,0,0,0,0,0,0,0,0,0,1,1,0,0,0,0,0,0,0,0,0,0,0,0,0,0,0,0,0,0,0,1,0,0,4,0,39.9523,-75.1686, , 
 ,39165,2014065552,6,67,67301,2014,5,3,1942,19,1,1,0,8,1, , ,N,0,0,0,3,0,1,4,2,N,N,39 59:59.049,75 07:07.946,1950, ,1946, ,0, ,N, ,0, , , , , ,462189, , , ,1,1,0,0,0,0,0,0,0,0,0,1,1,0,0,0,0,0,0,1,0,0,0,0,0,0,0,0,0,0,0,0,1,0,0,4,0,39.9997,-75.1189, , 
 ,39166,2014125036,6,67,67301,2014,11,4,1715,17,3,2,1,8,1, , ,N,1,2,0,3,0,1,2,2,N, ,39 58:28.020,75 09:31.391,1805, ,1800, ,0, , , ,3, , , , , ,462197, , , ,1,0,0,0,0,0,1,0,0,0,0,1,1,0,0,0,0,0,0,0,1,0,0,0,0,0,0,0,0,0,0,0,1,0,0,4,0,39.9745,-75.1587, , 
 ,39167,2015009675,6,67,67301,2014,11,7,1833,18,3,1,0,1,6, , ,N,0,0,0,3,0,0,1,4,N,N,40 03:13.554,75 01:39.651,1840, ,1833, ,0, ,N, ,0, , , , , ,462208, , , ,4,2,0,0,1,0,1,0,0,0,0,0,0,0,0,0,0,0,0,0,0,0,0,0,0,0,0,0,0,0,0,0,0,0,0,0,0,40.0538,-75.0277, , 
 ,39168,2014059263,6,67,67301,2014,5,6,1811,18,1,1,1,2,1, , ,N,0,0,0,3,0,1,3,4,N,N,39 59:01.996,75 10:36.880,1814, ,1812,2,2,6, , ,0,Y, , , , ,456221, , , ,4,3,0,0,0,0,1,0,0,0,0,0,1,1,0,0,0,0,0,0,0,1,0,0,0,0,0,0,0,0,0,0,0,0,0,8,0,39.9839,-75.1769, , 
 ,39169,2014067965,6,67,67301,2014,5,5,1630,16,1,1,0,8,1, , ,N,1,2,0,3,0,1,2,2,N,N,40 01:40.344,75 03:36.560,1648, ,1645, ,0, ,N, ,3, , , , , ,456228, , , ,1,1,0,0,0,0,0,0,0,0,0,1,1,0,0,0,0,0,0,0,0,0,0,0,0,0,0,0,0,0,0,0,1,0,0,4,0,40.0278,-75.0601, , 
 ,39170,2014079269,6,67,67301,2014,5,7,9999,99,1,1,0,4,1, , ,N,2,2,0,3,0,1,2,3,N,N,39 59:39.656,75 11:08.861,640, ,639,9,2,1, , ,3,Y, , , , ,456243, , , ,3,2,1,0,0,0,0,0,0,0,0,0,1,1,0,0,0,0,0,0,0,1,0,0,0,0,0,0,0,0,0,0,0,0,0,8,0,39.9943,-75.1858, , 
 ,39171,2014080602,6,67,67301,2014,6,6,2355,23,3,1,0,7,1, , ,N,0,0,0,3,0,3,9,3,N,N,40 00:01.233,75 11:41.536,2359, ,2356,2,2,4,N, ,0,N, , , , ,456244, , , ,3,2,0,0,0,0,1,0,0,0,1,2,3,0,0,0,0,0,0,0,1,0,0,0,0,0,0,0,0,0,0,0,0,0,0,3,0,40.0003,-75.1949, , 
 ,39172,2014088957,6,67,67301,2014,8,6,1445,14,1,1,0,4,1, , ,N,1,2,1,3,0,1,2,2,N,N,39 56:02.515,75 11:10.165,1635, ,1505, ,0, ,N, ,3, , , , , ,456248, , , ,1,1,0,0,0,0,0,0,1,0,0,1,1,0,0,0,0,0,0,0,0,0,0,0,0,0,0,0,0,0,0,0,0,0,0,4,0,39.934,-75.1862, , 
 ,39173,2014089009,6,67,67301,2014,7,6,9999,99,2,1,0,6,1, , ,N,0,2,0,3,0,4,4,3,N,N,40 01:50.536,75 07:04.945,2015, ,2010, ,0, ,N, ,3, , , , , ,456249, , , ,3,2,0,0,0,0,1,0,0,0,0,4,4,0,0,0,0,0,0,0,1,0,0,0,0,0,0,0,0,0,0,0,0,0,0,4,0,40.0307,-75.118, , 
 ,39174,2014095881,6,67,67301,2014,9,4,611,6,3,1,0,4,1, , ,N,2,2,0,3,0,1,2,2,N, ,39 53:15.430,75 14:52.961,759, ,736, ,0, , , ,3, , , , , ,456256, , , ,2,0,1,0,0,0,0,1,0,0,1,0,1,0,1,0,0,0,0,0,1,0,0,0,0,0,0,0,0,0,0,0,0,0,0,3,0,39.8875,-75.248, , 
 ,39175,2014058832,6,67,67301,2014,5,1,1554,15,1,1,0,7,4, , ,N,0,0,8,3,1,0,1,1,N,N,39 57:25.702,75 08:36.979,1601, ,1557,1,2,4,N,0,0,N, , , , ,456262, , , ,1,0,1,0,0,0,0,0,0,0,0,0,0,0,0,0,0,0,0,0,0,0,0,0,0,0,0,0,1,0,0,0,0,0,0,1,0,39.9571,-75.1436,1, 
 ,39176,2014083938,6,67,67301,2014,8,7,239,2,3,1,0,7,2, , ,N,0,0,0,3,0,0,3,1,N,N,40 03:41.006,75 02:35.530,241, ,240,2,1,1,Y, ,0,N, , , , ,456275, , , ,1,1,0,0,0,0,0,0,0,0,0,0,0,0,1,0,0,0,0,1,0,0,0,2,0,0,0,0,0,0,0,0,0,0,0,9,0,40.0614,-75.0432, , 
 ,39177,2014084379,6,67,67301,2014,6,1,9999,99,1,1,0,8,1, , ,N,0,0,0,3,0,1,2,2,N,N,40 01:10.041,75 09:32.180,9999, ,9999, ,0, ,N, ,0, , , , , ,456276, , , ,1,0,0,0,0,0,1,0,0,0,0,0,1,1,0,0,0,0,0,0,0,0,0,0,0,0,0,0,0,0,0,0,1,0,0,8,0,40.0195,-75.1589, , 
 ,39178,2014087953,6,67,67301,2014,8,1,136,1,3,2,1,7,3, , ,N,0,0,0,3,0,2,3,1,N,N,39 54:32.025,75 08:18.801,137, ,136,1,2,1,N, ,0,Y, , , , ,456282, , , ,1,1,0,0,0,0,0,0,0,0,0,1,2,1,0,0,0,0,0,0,0,0,0,0,0,0,0,0,0,0,0,0,0,0,0,4,0,39.9089,-75.1386, , 
 ,39179,2014089716,6,67,67301,2014,8,3,740,7,1,1,0,4,1, , ,N,1,2,0,3,0,0,2,2,N, ,39 57:26.251,75 14:52.347,819, ,814, ,0, , , ,3, , , , , ,456286, , , ,2,2,0,0,0,0,0,0,0,0,0,0,0,0,0,0,0,0,0,0,1,0,1,0,0,0,0,0,0,0,0,0,0,0,0,0,0,39.9573,-75.2479, , 
 ,39180,2014059152,6,46,46102,2014,5,4,1325,13,1,1,0,4,1, , ,N,1,2,0,3,0,0,2,2,N,N,40 04:26.865,75 09:30.131,9999, ,1325, ,0, , , ,3, , , , , ,456310, , , ,2,2,0,0,0,0,0,0,0,0,0,0,0,0,0,0,0,0,0,0,0,0,0,0,0,0,0,0,0,0,0,0,0,0,0,0,0,40.0741,-75.1584, , 
 ,39181,2014049613,6,67,67301,2014,4,1,824,8,1,1,0,4,1, , ,N,1,2,0,3,0,1,2,2,N,N,40 01:47.921,75 06:15.655,835, ,826,1,1,2,N, ,3,N, , , , ,456343, , , ,2,0,1,0,0,0,1,0,0,0,1,0,1,0,0,0,0,0,0,0,0,0,0,0,0,0,0,0,0,0,0,0,0,0,0,3,0,40.03,-75.1043, , 
 ,39182,2014053755,6,67,67301,2014,3,1,235,2,3,2,1,7,4, , ,N,0,0,0,3,1,0,1,1,N,N,40 01:25.650,75 10:43.243,238, ,237,9,2,6,N,0,0,Y, , , , ,456347, , , ,1,1,0,0,0,0,0,0,0,0,0,0,0,0,0,0,0,0,0,0,1,0,0,0,0,0,0,0,0,0,0,0,0,0,0,1,0,40.0238,-75.1787,2, 
 ,39183,2014081482,6,67,67301,2014,6,2,9999,99,1,1,0,5,1, , ,N,0,0,0,3,0,1,3,2,N, ,39 56:47.306,75 09:37.134,1245, ,1241, ,0, , , ,0, , , , , ,456385, , , ,1,1,0,0,0,0,0,0,1,0,1,0,1,0,0,0,0,0,0,0,0,0,0,1,0,0,0,0,0,0,0,0,0,0,0,3,0,39.9465,-75.1603, , 
 ,39184,2014088391,6,67,67301,2014,7,3,1000,10,1,1,0,5,1, , ,N,1,2,0,3,0,1,3,2,N,N,40 03:12.900,75 08:29.229,1500, ,1500, ,0, ,N, ,3, , , , , ,456394, , , ,2,2,0,0,0,0,0,0,0,0,1,0,1,0,2,0,0,0,0,0,0,0,0,0,0,0,0,0,0,0,0,0,0,0,0,3,0,40.0536,-75.1415, , 
 ,39185,2014089129,6,67,67301,2014,9,2,1606,16,1,1,0,1,1, , ,N,0,0,0,3,0,1,3,2,N,N,39 57:25.348,75 09:22.708,1615, ,1615,1,2,3,N, ,0,N, , , , ,456395, , , ,2,1,0,0,0,0,1,0,0,0,0,1,1,0,0,0,0,0,1,0,0,0,0,0,0,0,0,0,0,0,0,0,0,0,0,4,0,39.957,-75.1563, , 
 ,39186,2014089051,6,67,67301,2014,8,2,702,7,1,1,0,4,1, , ,N,1,2,0,3,0,2,2,2,N, ,40 04:07.204,75 09:50.796,710, ,704,3,1,2, , ,3,N, , , , ,459131, , , ,2,0,0,0,0,0,2,0,0,0,0,2,2,0,0,0,0,0,0,0,0,1,0,0,0,0,0,0,0,0,0,0,0,0,0,4,0,40.0687,-75.1641, , 
 ,39187,2014091440,6,67,67301,2014,9,6,1515,15,1,1,0,0,1, , ,N,1,2,0,3,0,1,2,2,N,N,40 01:40.042,75 03:36.277,1617, ,1615, ,0, ,N, ,3, , , , , ,459133, , , ,1,0,0,1,0,0,0,0,0,0,0,1,1,0,1,0,0,0,0,0,1,0,0,0,0,0,0,0,0,0,0,0,0,0,0,4,1,40.0278,-75.0601, , 
U,39188,2014099175,6,67,67301,2014,9,2,1527,15,1,1,0,4,1,8,8,Y,0,0,7,3,0,2,3,3,N,N,40 02:06.424,75 08:40.272,1527,99,1526,2,1,4,N, ,0,Y,U,U,U,U,459140,U,U,U,3,1,0,0,1,0,1,0,0,0,0,2,2,0,0,0,0,0,0,0,1,0,0,0,0,0,0,0,0,0,0,0,0,0,0,4,0,40.0351,-75.1445, , 
 ,39189,2014099222,6,67,67301,2014,9,2,1158,11,1,1,0,4,1, , ,N,1,2,0,3,0,2,2,2,N, ,40 04:27.539,75 02:05.367,1202, ,1200,1,1,7, , ,3,N, , , , ,459141, , , ,2,1,0,0,0,0,1,0,0,0,0,0,2,2,0,0,0,0,0,0,0,0,1,0,0,0,0,0,0,0,0,0,0,0,0,8,0,40.0743,-75.0348, , 
 ,39190,2014104294,6,46,46102,2014,10,5,930,9,1,2,1,1,1, , ,N,0,0,0,3,0,1,2,2,N,N,40 03:09.363,75 06:02.358,945, ,934, ,0, ,N, ,0, , , , , ,459147, , , ,2,1,0,0,0,0,0,1,0,0,0,0,1,1,0,0,0,0,0,0,1,1,0,0,0,0,0,0,0,0,0,0,0,0,0,8,0,40.0526,-75.1007, , 
 ,39191,2014075981,6,67,67301,2014,6,7,1253,12,1,1,0,4,1, , ,N,0,0,7,3,0,1,3,2,N,N,40 02:56.473,75 00:43.512,1254, ,1253, ,0, ,N, ,0, , , , , ,459167, , , ,2,2,0,0,0,0,0,0,0,0,0,1,1,0,0,0,0,0,0,0,0,0,0,0,0,0,0,0,0,0,0,0,0,0,0,4,0,40.049,-75.0121, , 
 ,39192,2014084142,6,67,67301,2014,7,5,550,5,1,1,0,0,1, , ,N,0,0,0,3,0,0,1,1,N, ,40 01:01.840,75 12:08.180,1812, ,802, ,0, , , ,0, , , , , ,459179, , , ,1,0,0,0,0,0,1,0,0,0,0,0,0,0,0,0,0,0,0,0,1,0,0,0,0,0,0,0,0,0,0,0,0,0,0,0,0,40.0172,-75.2023, , 
 ,39193,2014096415,6,67,67301,2014,9,1,9999,99,3,1,0,7,4, , ,N,0,0,1,3,0,0,1,1,N,N,39 58:46.223,75 06:46.731,530, ,515,3,1,1, , ,0,N, , , , ,459191, , , ,1,1,0,0,0,0,0,0,0,0,0,0,0,0,1,0,0,0,0,0,0,0,0,0,0,0,0,0,0,0,0,0,0,0,0,9,0,39.9795,-75.113, , 
 ,39194,2014096430,6,67,67301,2014,9,7,2142,21,3,1,0,1,1, , ,N,1,2,2,3,0,1,4,4,N,N,39 56:29.692,75 08:31.694,2342, ,2332,3,1,2,N, ,3,N, , , , ,459192, , , ,4,3,0,0,0,0,1,0,0,0,0,1,1,0,1,0,0,0,0,0,1,0,0,0,0,0,0,0,0,0,0,0,0,0,0,4,0,39.9416,-75.1421, , 
 ,39195,2014067991,6,67,67301,2014,5,1,811,8,1,1,0,8,1, , ,N,1,2,0,3,0,1,2,2,N, ,39 57:40.702,75 10:30.178,815, ,812, ,0, , , ,3, , , , , ,459206, , , ,1,0,0,0,0,0,1,0,0,0,0,1,1,0,0,0,0,0,0,0,0,0,0,0,0,0,0,0,0,0,0,0,1,0,0,4,0,39.9613,-75.175, , 
 ,39196,2014068177,6,67,67301,2014,6,4,1945,19,1,1,0,4,1, , ,N,1,2,0,3,0,4,5,2,N, ,39 58:16.582,75 13:38.114,2005, ,2000, ,0, , , ,3, , , , , ,459207, , , ,2,1,0,0,0,0,1,0,0,0,0,1,4,3,0,0,0,0,0,0,0,0,0,0,0,0,0,0,0,0,0,0,0,0,0,4,0,39.9713,-75.2273, , 
 ,39197,2014088857,6,67,67301,2014,8,7,1325,13,1,1,0,7,4, , ,N,0,0,0,3,0,0,1,1,N,N,39 58:56.229,75 07:05.265,1335, ,1330, ,0, ,N, ,0, , , , , ,459214, , , ,1,1,0,0,0,0,0,0,0,0,0,0,0,0,1,0,0,0,0,0,0,0,0,0,0,0,0,0,0,0,0,0,0,0,0,9,0,39.9823,-75.1181, , 
 ,39198,2014091412,6,67,67301,2014,8,3,1125,11,1,1,0,4,1, , ,N,1,2,0,3,0,1,4,2,N,N,40 01:34.076,75 07:18.694,1125, ,1125,1,1,4,N, ,3,N, , , , ,459216, , , ,2,2,0,0,0,0,0,0,0,0,0,1,1,0,0,0,0,0,0,0,0,0,0,0,0,0,0,0,0,0,0,0,0,0,0,4,0,40.026,-75.122, , 
 ,39199,2014099261,6,67,67301,2014,9,5,638,6,3,2,1,8,1, , ,N,1,2,0,3,0,1,2,2,N, ,40 02:07.013,75 01:30.652,655, ,650, ,0, , , ,3, , , , , ,459227, , , ,1,0,0,0,0,0,1,0,0,0,0,1,1,0,0,0,0,0,0,0,1,0,0,0,0,0,0,0,0,0,0,0,1,0,0,4,0,40.0353,-75.0252, , 
 ,39200,2014104400,6,67,67301,2014,8,2,640,6,1,1,0,4,1, , ,N,1,2,0,3,0,2,2,2,N, ,39 54:59.519,75 10:07.249,655, ,654,9,1,4, , ,3,Y, , , , ,459236, , , ,1,1,0,0,0,0,0,0,1,0,1,1,2,0,0,0,0,0,0,0,0,0,0,0,0,0,0,0,0,0,0,0,0,0,0,3,0,39.9164,-75.1686, , 
 ,39201,2014104488,6,67,67301,2014,10,4,1527,15,1,1,0,4,1, , ,N,1,2,0,3,0,1,2,2,N,N,40 04:50.725,75 01:42.964,1528, ,1528,1,1,1,Y, ,3,N, , , , ,459237, , , ,2,0,0,0,0,0,2,0,0,0,0,0,1,1,0,0,0,0,0,0,0,1,0,0,0,0,0,0,0,0,0,0,0,0,0,8,0,40.0808,-75.0286, , 