wz_ln_closure,objectid_1,crn,district,county,municipality,crash_year,crash_month,day_of_week,time_of_day,hour_of_day,illumination,weather,road_condition,collision_type,relation_to_road,work_zone_type,work_zone_loc,work_zone_ind,intersect_type,tcd_type,location_type,urban_rural,fatal_count,injury_count,person_count,total_units,sch_bus_ind,sch_zone_ind,latitude,longitude,arrival_tm,cons_zone_spd_lim,dispatch_tm,est_hrs_closed,lane_closed,ln_close_dir,ntfy_hiwy_maint,spec_juris_cd,tcd_func_cd,tfc_detour_ind,workers_pres,wz_close_detour,wz_flagger,wz_law_offcr_ind,objectid,wz_moving,wz_other,wz_shlder_mdn,vehicle_count,automobile_count,motorcycle_count,bus_count,small_truck_count,heavy_truck_count,suv_count,van_count,bicycle_count,maj_inj_count,mod_inj_count,min_inj_count,tot_inj_count,unk_inj_deg_count,unk_inj_per_count,driver_count_16yr,driver_count_17yr,driver_count_18yr,driver_count_19yr,driver_count_20yr,driver_count_50_64yr,driver_count_65_74yr,driver_count_75plus,unbelted_occ_count,unb_death_count,unb_maj_inj_count,belted_death_count,belted_maj_inj_count,mcycle_death_count,mcycle_maj_inj_count,bicycle_death_count,bicycle_maj_inj_count,ped_count,ped_death_count,ped_maj_inj_count,max_severity_level,comm_veh_count,dec_lat,dec_long,rdwy_surf_type_cd,county_name
 ,39202,2014033955,6,67,67301,2014,3,6,1925,19,3,1,0,1,1, , ,N,10,0,0,3,0,0,3,2,N,N,39 58:54.695,75 06:05.853,1950, ,1925, ,0, ,N, ,0, , , , , ,459248, , , ,2,2,0,0,0,0,0,0,0,0,0,0,0,0,0,0,0,0,0,0,0,1,0,0,0,0,0,0,0,0,0,0,0,0,0,0,0,39.9819,-75.1016, , 
 ,39203,2014051753,6,67,67301,2014,4,7,1915,19,1,1,0,2,1, , ,N,0,0,0,3,0,1,3,2,N,N,40 00:33.581,75 08:14.610,1950, ,1945, ,0, ,N, ,0, , , , , ,459264, , , ,2,1,1,0,0,0,0,0,0,0,0,0,1,1,0,0,0,1,0,0,0,0,0,0,0,0,0,0,0,0,0,0,0,0,0,8,0,40.0093,-75.1374, , 
 ,39204,2014054624,6,67,67301,2014,4,6,1300,13,1,1,0,1,1, , ,N,0,0,0,3,0,3,5,3,N, ,40 01:55.432,75 03:10.457,1340, ,1334,9,1,1, , ,0,N, , , , ,464936, , , ,3,1,0,0,1,0,0,1,0,0,0,0,3,3,1,0,0,0,0,0,2,0,0,0,0,0,0,0,0,0,0,0,0,0,0,8,0,40.0321,-75.0529, , 
 ,39205,2014059620,6,67,67301,2014,5,4,1945,19,3,2,1,4,1, , ,N,1,2,0,3,0,1,3,2,N,N,40 00:31.034,75 04:07.810,2015, ,2010,2,1,3,N, ,3,Y, , , , ,464940, , , ,2,2,0,0,0,0,0,0,0,0,0,1,1,0,0,0,0,0,1,0,0,0,0,0,0,0,0,0,0,0,0,0,0,0,0,4,0,40.0086,-75.0688, , 
 ,39206,2014068185,6,67,67301,2014,5,1,9999,99,3,1,0,4,1, , ,N,1,2,0,3,0,1,2,2,N, ,39 56:59.100,75 10:03.072,9999, ,218, ,0, , , ,3, , , , , ,464954, , , ,2,1,0,0,0,1,0,0,0,0,0,1,1,0,1,0,0,0,0,0,0,0,0,0,0,0,0,0,0,0,0,0,0,0,0,4,1,39.9497,-75.1674, , 
 ,39207,2014074499,6,67,67301,2014,6,4,2340,23,3,2,1,7,3, , ,N,0,0,0,3,0,0,2,2,N,N,40 00:51.531,75 10:42.245,2345, ,2342,1,2,1,N, ,0,N, , , , ,464961, , , ,2,2,0,0,0,0,0,0,0,0,0,0,0,0,0,0,0,0,0,0,1,0,0,0,0,0,0,0,0,0,0,0,0,0,0,0,0,40.0143,-75.1784, , 
 ,39208,2014084139,6,67,67301,2014,4,2,1635,16,1,1,0,1,1, , ,N,0,0,0,3,0,4,4,2,N, ,39 59:20.772,75 09:11.953,1640, ,1638, ,0, , , ,0, , , , , ,464968, , , ,2,1,0,0,0,0,1,0,0,0,0,4,4,0,0,0,0,0,0,0,0,0,0,2,0,0,0,0,0,0,0,0,0,0,0,4,0,39.9891,-75.1533, , 
 ,39209,2014091979,6,46,46102,2014,9,6,615,6,5,1,0,2,1, , ,N,1,2,0,3,0,3,3,2,N,N,40 04:18.194,75 09:14.605,618, ,616,3,1,7,N, ,3,N, , , , ,464977, , , ,2,1,0,0,0,0,0,1,0,0,0,0,3,3,0,0,0,0,0,0,0,0,0,2,0,0,0,0,0,0,0,0,0,0,0,8,0,40.0717,-75.1541, , 
 ,39210,2014070682,6,67,67301,2014,6,5,21,0,3,1,0,1,1, , ,N,0,0,0,3,0,1,2,2,N,N,39 56:12.730,75 08:39.049,21, ,21, ,0, ,N, ,0, , , , , ,464985, , , ,2,1,0,0,0,0,1,0,0,0,0,0,1,1,0,0,0,0,0,0,0,0,0,0,0,0,0,0,0,0,0,0,0,0,0,8,0,39.9369,-75.1442, , 
 ,39211,2014065502,6,67,67301,2014,5,2,550,5,5,1,0,4,1, , ,N,1,2,0,3,0,3,3,2,N, ,40 03:45.914,75 03:27.576,555, ,550, ,0, , , ,3, , , , , ,464990, , , ,2,1,0,0,0,0,1,0,0,0,3,0,3,0,0,0,0,0,0,0,0,1,0,0,0,0,0,0,0,0,0,0,0,0,0,3,0,40.0628,-75.0577, , 
 ,39212,2014078840,6,67,67301,2014,6,7,1915,19,1,1,0,4,1, , ,N,1,3,0,3,0,0,2,2,N,N,40 00:25.851,75 08:52.483,9999, ,9999, ,0, ,N, ,3, , , , , ,465007, , , ,2,1,0,0,0,0,1,0,0,0,0,0,0,0,2,0,0,0,0,0,0,0,0,0,0,0,0,0,0,0,0,0,0,0,0,9,0,40.0072,-75.1479, , 
 ,39213,2014068193,6,67,67301,2014,5,7,310,3,3,1,0,8,1, , ,N,0,0,0,3,0,1,2,2,N,N,39 56:24.417,75 08:39.753,316, ,314, ,0, , , ,0, , , , , ,465034, , , ,1,1,0,0,0,0,0,0,0,0,0,0,1,1,1,0,0,0,0,0,0,0,0,0,0,0,0,0,0,0,0,0,1,0,0,8,0,39.9401,-75.1444, , 
 ,39214,2014088375,6,67,67301,2014,7,7,1844,18,1,1,0,8,4, , ,N,0,0,0,3,0,1,2,2,N,N,39 58:05.649,75 11:59.118,1847, ,1845, ,0, ,N, ,0, , , , , ,465047, , , ,1,1,0,0,0,0,0,0,0,0,0,0,1,1,0,0,0,0,0,0,0,0,0,0,0,0,0,0,0,0,0,0,1,0,0,8,0,39.9682,-75.1998, , 
 ,39215,2014113249,6,67,67301,2014,10,2,2127,21,3,1,0,4,1, , ,N,1,2,0,3,0,1,2,2,N,N,40 02:46.600,75 11:32.477,2135, ,2127,9,1,2,N, ,3,N, , , , ,465068, , , ,2,1,0,0,0,0,1,0,0,0,0,1,1,0,0,0,0,0,0,0,1,0,0,0,0,0,0,0,0,0,0,0,0,0,0,4,0,40.0463,-75.1924, , 
 ,39216,2014114349,6,67,67301,2014,8,1,1440,14,1,1,0,4,1, , ,N,1,2,0,3,0,1,2,2,N,N,39 57:22.453,75 11:38.974,0, ,0, ,0, ,N, ,3, , , , , ,465069, , , ,1,1,0,0,0,0,0,0,1,0,0,0,1,1,1,0,0,0,0,0,0,0,0,0,0,0,0,0,0,0,0,0,0,0,0,8,0,39.9562,-75.1941, , 
 ,39217,2014115581,6,67,67301,2014,11,1,1150,11,1,1,0,1,1, , ,N,2,2,0,3,0,0,5,3,N, ,40 07:11.586,75 00:32.709,1155, ,1152, ,0, , , ,3, , , , , ,465070, , , ,3,2,0,0,0,0,1,0,0,0,0,0,0,0,2,0,0,0,0,0,0,0,0,0,0,0,0,0,0,0,0,0,0,0,0,9,0,40.1199,-75.0091, , 
 ,39218,2014116407,6,67,67301,2014,2,4,1815,18,3,1,0,1,1, , ,N,1,2,0,3,0,1,2,2,N,N,40 02:02.615,75 10:58.439,0, ,0, ,0, ,N, ,3, , , , , ,465071, , , ,2,1,0,0,0,0,0,0,0,0,0,0,1,1,0,0,0,0,0,0,1,0,0,0,0,0,0,0,0,0,0,0,0,0,0,8,0,40.0341,-75.1829, , 
 ,39219,2014117500,6,67,67301,2014,3,2,910,9,1,1,5,6,1, , ,N,0,0,0,3,0,1,2,2,N,N,40 07:09.041,75 01:04.501,0, ,0, ,0, ,N, ,0, , , , , ,465072, , , ,2,1,0,0,0,0,1,0,0,0,0,0,1,1,1,0,0,0,0,0,0,0,0,0,0,0,0,0,0,0,0,0,0,0,0,8,0,40.1192,-75.0179, , 
 ,39220,2014106666,6,67,67301,2014,9,5,2228,22,3,1,0,4,1, , ,N,1,2,0,3,1,0,3,2,N,N,40 02:51.896,75 04:18.775,2234, ,2231, ,0, ,N,0,3, , , , , ,465094, , , ,2,1,1,0,0,0,0,0,0,0,0,0,0,0,0,0,0,0,0,0,1,0,0,0,0,0,0,0,1,0,0,0,0,0,0,1,0,40.0477,-75.0719,2, 
 ,39221,2014120846,6,67,67301,2014,11,6,1907,19,3,1,0,8,1, , ,N,1,2,0,3,0,1,4,2,N,N,39 58:05.382,75 13:30.517,1920, ,1909, ,0, ,N, ,3, , , , , ,465109, , , ,1,1,0,0,0,0,0,0,0,0,0,1,1,0,0,0,0,0,0,0,0,1,0,0,0,0,0,0,0,0,0,0,1,0,0,4,0,39.9681,-75.2251, , 
 ,39222,2015010696,6,67,67301,2014,12,7,24,0,3,2,1,8,1, , ,N,0,0,0,3,1,0,2,2,N,N,40 06:12.338,75 00:14.282,30, ,26,9,2,2,N,0,0,Y, , , , ,462209, , , ,1,1,0,0,0,0,0,0,0,0,0,0,0,0,0,0,0,0,0,0,1,0,0,0,0,0,0,0,0,0,0,0,1,1,0,1,0,40.1034,-75.004,2, 
 ,39223,2014088110,6,67,67301,2014,7,6,745,7,1,1,0,4,1, , ,N,1,0,7,3,0,0,2,2,N,N,39 54:11.746,75 14:32.197,836, ,821, ,0, ,N, ,0, , , , , ,462254, , , ,2,2,0,0,0,0,0,0,0,0,0,0,0,0,1,0,0,0,0,0,0,0,0,0,0,0,0,0,0,0,0,0,0,0,0,9,0,39.9033,-75.2423, , 
 ,39224,2014096795,6,67,67301,2014,9,6,2028,20,3,1,0,1,1, , ,N,0,0,0,3,0,0,12,2,N,N,39 57:11.345,75 11:41.342,2028, ,2028,1,1,4,N, ,0,Y, , , , ,462262, , , ,2,0,0,1,0,0,1,0,0,0,0,0,0,0,0,0,0,0,0,0,0,1,0,0,0,0,0,0,0,0,0,0,0,0,0,0,1,39.9532,-75.1948, , 
 ,39225,2014113272,6,67,67301,2014,10,5,9999,99,1,1,0,4,1, , ,N,1,3,0,3,0,3,4,3,N,N,39 58:31.544,75 08:37.809,1300, ,1256,3,1,1,N, ,3,N, , , , ,462274, , , ,3,2,0,0,0,0,1,0,0,0,0,0,3,3,0,0,0,0,0,0,0,1,0,0,0,0,0,0,0,0,0,0,0,0,0,8,0,39.9754,-75.1438, , 
 ,39226,2014050284,6,67,67301,2014,4,4,2200,22,3,1,0,2,1, , ,N,0,0,0,3,0,2,2,2,N,N,40 07:15.370,75 00:38.996,2207, ,2202,2,2,3,N, ,0,N, , , , ,462314, , , ,2,2,0,0,0,0,0,0,0,0,0,2,2,0,0,0,0,0,0,0,1,0,0,0,0,0,0,0,0,0,0,0,0,0,0,4,0,40.1209,-75.0108, , 
 ,39227,2014054482,6,67,67301,2014,4,4,1528,15,1,2,1,4,1, , ,N,1,3,0,3,0,2,4,2,N,N,39 57:54.806,75 11:30.562,1600, ,1600, ,0, ,N, ,3, , , , , ,462317, , , ,2,2,0,0,0,0,0,0,0,0,0,0,2,2,0,0,0,0,0,0,0,0,0,0,0,0,0,0,0,0,0,0,0,0,0,8,0,39.9652,-75.1918, , 
 ,39228,2014054656,6,67,67301,2014,4,4,1719,17,1,2,1,4,1, , ,N,0,0,7,3,0,1,3,2,N,N,40 04:02.710,75 09:23.089,1730, ,1719, ,0, ,N, ,0, , , , , ,462318, , , ,2,1,0,0,0,0,1,0,0,0,0,1,1,0,0,0,0,0,0,0,1,0,0,0,0,0,0,0,0,0,0,0,0,0,0,4,0,40.0674,-75.1564, , 
 ,39229,2014061063,6,67,67301,2014,5,6,2327,23,3,1,0,8,1, , ,N,1,2,0,3,0,1,2,2,N,N,39 59:30.291,75 06:46.001,2333, ,2329,9,1,5,N, ,3,N, , , , ,462326, , , ,1,1,0,0,0,0,0,0,0,0,1,0,1,0,0,0,0,0,0,0,1,0,0,0,0,0,0,0,0,0,0,0,1,0,0,3,0,39.9917,-75.1128, , 
 ,39230,2014047023,6,67,67301,2014,4,3,210,2,3,1,0,7,4, , ,N,0,0,2,3,0,0,1,1,N,N,39 54:38.120,75 09:46.626,212, ,210, ,0, ,N, ,0, , , , , ,462330, , , ,1,1,0,0,0,0,0,0,0,0,0,0,0,0,0,0,0,0,0,0,0,0,0,0,0,0,0,0,0,0,0,0,0,0,0,0,0,39.9106,-75.163, , 
 ,39231,2014060819,6,67,67301,2014,5,7,1028,10,1,1,0,4,1, , ,N,2,2,2,3,0,2,4,2,N,N,39 54:43.160,75 09:01.849,1032, ,1030, ,0, ,N, ,3, , , , , ,462379, , , ,2,2,0,0,0,0,0,0,0,0,0,2,2,0,0,0,0,0,0,1,0,0,0,0,0,0,0,0,0,0,0,0,0,0,0,4,0,39.912,-75.1505, , 
 ,39232,2014068081,6,67,67301,2014,6,1,2030,20,4,1,0,4,1, , ,N,2,0,0,3,0,1,2,2,N,N,39 59:18.693,75 10:14.037,2040, ,2040, ,0, ,N, ,0, , , , , ,462382, , , ,1,0,0,0,0,0,0,1,1,0,0,1,1,0,0,0,0,0,0,0,0,0,0,0,0,0,0,0,0,0,0,0,0,0,0,4,0,39.9885,-75.1706, , 
 ,39233,2014068671,6,67,67301,2014,6,3,1505,15,1,6,1,4,1, , ,N,1,3,0,3,0,1,2,2,N,N,40 01:51.420,75 08:56.317,1656, ,1654, ,0, ,N, ,3, , , , , ,462384, , , ,2,2,0,0,0,0,0,0,0,0,0,1,1,0,0,0,0,0,0,0,1,0,0,0,0,0,0,0,0,0,0,0,0,0,0,4,0,40.031,-75.149, , 
 ,39234,2014068597,6,67,67301,2014,5,3,9999,99,1,1,0,5,1, , ,N,0,0,0,3,0,1,2,2,N, ,39 59:21.828,75 09:19.661,9999, ,9999, ,0, , , ,0, , , , , ,462387, , , ,2,1,1,0,0,0,0,0,0,0,0,1,1,0,0,0,0,0,0,0,1,0,0,1,0,0,0,0,0,0,0,0,0,0,0,4,0,39.9894,-75.1555, , 
 ,39235,2014081083,6,67,67301,2014,6,1,2047,20,3,1,0,8,1, , ,N,1,2,0,3,0,1,2,2,N,N,39 59:56.501,75 07:59.705,2052, ,2051,9,1,3,N, ,3,Y, , , , ,462398, , , ,1,0,0,0,0,1,0,0,0,1,0,0,1,0,0,0,0,0,0,0,0,0,0,0,0,0,0,0,0,0,0,0,1,0,1,2,1,39.999,-75.1332, , 
 ,39236,2014081135,6,67,67301,2014,8,2,718,7,1,1,0,1,1, , ,N,0,0,0,3,0,2,4,3,N,N,39 55:34.394,75 11:40.023,733, ,719,1,1,3,N, ,0,N, , , , ,462399, , , ,3,3,0,0,0,0,0,0,0,0,0,2,2,0,0,0,0,0,0,0,0,0,0,0,0,0,0,0,0,0,0,0,0,0,0,4,0,39.9262,-75.1945, , 
 ,39237,2014088135,6,67,67301,2014,8,7,930,9,1,1,1,7,4, , ,N,0,0,0,3,0,1,1,1,N, ,39 59:29.087,75 13:25.855,938, ,935, ,0, , , ,0, , , , , ,462408, , , ,1,1,0,0,0,0,0,0,0,0,0,1,1,0,0,0,0,0,0,0,0,0,0,0,0,0,0,0,0,0,0,0,0,0,0,4,0,39.9914,-75.2238, , 
 ,39238,2014095907,6,67,67301,2014,9,3,1537,15,1,1,0,2,6, , ,N,0,0,7,3,0,1,2,2,N,N,39 57:14.866,75 12:09.388,1540, ,1537, ,0, ,N, ,0, , , , , ,462414, , , ,1,1,0,0,0,0,0,0,1,0,0,1,1,0,0,0,0,0,0,0,0,1,0,0,0,0,0,0,0,0,0,0,0,0,0,4,0,39.9541,-75.2026, , 
 ,39239,2014059303,6,67,67301,2014,5,7,414,4,3,2,1,2,1, , ,N,5,2,0,3,0,2,2,2,N,N,39 59:11.294,75 08:42.176,510, ,504,9,1,5, , ,3,N, , , , ,462432, , , ,2,1,0,0,0,0,1,0,0,0,2,0,2,0,0,0,0,0,0,1,0,0,0,0,0,0,0,0,0,0,0,0,0,0,0,3,0,39.9865,-75.1451, , 
 ,39240,2014065507,6,67,67301,2014,5,3,2210,22,3,1,0,8,1, , ,N,0,0,0,3,0,1,2,2,N, ,39 58:44.501,75 09:37.943,2222, ,2212, ,0, , , ,0, , , , , ,456411, , , ,1,1,0,0,0,0,0,0,0,0,0,1,1,0,0,0,0,0,0,0,0,0,0,1,0,0,0,0,0,0,0,0,1,0,0,4,0,39.979,-75.1605, , 
 ,39241,2014084390,6,67,67301,2014,7,7,810,8,1,1,0,4,1, , ,N,1,2,0,3,0,2,2,2,N,N,40 01:40.946,75 06:36.204,820, ,811,9,2,2,N, ,3,Y, , , , ,456429, , , ,2,1,0,0,1,0,0,0,0,0,0,1,2,1,0,0,0,0,0,0,1,0,0,0,0,0,0,0,0,0,0,0,0,0,0,4,0,40.028,-75.1101, , 
 ,39242,2014087977,6,67,67301,2014,7,7,9999,99,1,1,0,7,4, , ,N,0,0,0,3,0,1,1,1,N,N,40 00:23.200,75 07:02.881,830, ,827, ,0, ,N, ,0, , , , , ,456431, , , ,1,1,0,0,0,0,0,0,0,0,1,0,1,0,0,0,0,0,0,0,0,0,0,0,0,0,0,0,0,0,0,0,0,0,0,3,0,40.0064,-75.1175, , 
 ,39243,2014089026,6,67,67301,2014,8,3,1315,13,1,1,0,4,1, , ,N,1,3,0,3,0,1,2,2,N,N,39 56:43.479,75 09:50.266,1340, ,1337, ,0, , , ,3, , , , , ,456434, , , ,2,1,0,0,0,0,1,0,0,0,0,1,1,0,0,0,0,0,0,0,1,0,0,0,0,0,0,0,0,0,0,0,0,0,0,4,0,39.9454,-75.164, , 
 ,39244,2014096394,6,67,67301,2014,9,4,2142,21,3,1,0,4,1, , ,N,1,2,0,3,0,2,3,2,N,N,39 57:09.211,75 11:24.156,2145, ,2142, ,0, ,N, ,3, , , , , ,456440, , , ,2,0,0,0,0,0,2,0,0,0,0,0,2,2,0,0,0,0,0,0,1,1,0,0,0,0,0,0,0,0,0,0,0,0,0,8,0,39.9526,-75.19, , 
 ,39245,2014065584,6,67,67301,2014,5,3,2130,21,6,9,8,8,1, , ,N,0,0,0,3,0,1,2,2,N, ,39 58:55.442,75 10:37.454,2130, ,1950, ,0, , , ,0, , , , , ,456465, , , ,1,1,0,0,0,0,0,0,0,0,0,0,1,1,0,0,0,0,0,0,0,1,0,0,0,0,0,0,0,0,0,0,1,0,0,8,0,39.9821,-75.1771, , 
 ,39246,2014087876,6,67,67301,2014,8,6,9999,99,1,1,0,1,1, , ,N,0,0,0,3,0,1,2,2,N,N,40 06:14.967,75 00:09.257,1032, ,1022,2,1,2,N, ,0,N, , , , ,456486, , , ,2,2,0,0,0,0,0,0,0,0,0,1,1,0,0,0,0,0,0,0,0,0,1,0,0,0,0,0,0,0,0,0,0,0,0,4,0,40.1042,-75.0026, , 
 ,39247,2014042623,6,67,67301,2014,3,5,9999,99,1,1,0,8,1, , ,N,2,0,0,3,0,1,4,2,N,N,40 01:47.072,75 04:25.252,1620, ,1603, ,0, ,N, ,0, , , , , ,456524, , , ,1,1,0,0,0,0,0,0,0,0,0,1,1,0,0,0,0,0,0,0,1,0,0,0,0,0,0,0,0,0,0,0,1,0,0,4,0,40.0297,-75.0737, , 
 ,39248,2014051757,6,67,67301,2014,4,1,1144,11,1,1,0,1,1, , ,N,1,2,0,3,0,0,3,3,N,N,40 02:46.600,75 11:32.477,1144, ,1144, ,0, ,N, ,3, , , , , ,456531, , , ,3,1,0,0,0,0,1,1,0,0,0,0,0,0,0,0,0,0,0,0,0,1,0,0,0,0,0,0,0,0,0,0,0,0,0,0,0,40.0463,-75.1924, , 
 ,39249,2014064852,6,67,67301,2014,6,6,1345,13,1,1,0,1,1, , ,N,0,0,0,3,0,0,3,3,N,N,39 59:27.633,75 05:11.743,1402, ,1345, ,0, ,N, ,0, , , , , ,456543, , , ,3,2,0,0,0,0,1,0,0,0,0,0,0,0,0,0,0,0,0,0,1,0,0,0,0,0,0,0,0,0,0,0,0,0,0,0,0,39.991,-75.0866, , 
U,39250,2014091377,6,67,67301,2014,8,5,1855,18,1,1,0,4,1,8,8,Y,1,2,0,3,0,2,2,2,N,N,40 01:26.280,75 02:07.317,1909,99,1907, ,0, ,N, ,3, ,U,U,U,U,456579,U,U,U,2,1,0,0,0,0,1,0,0,0,0,1,2,1,0,0,0,0,0,0,1,0,0,0,0,0,0,0,0,0,0,0,0,0,0,4,0,40.024,-75.0354, , 
 ,39251,2014093504,6,67,67301,2014,9,1,1137,11,1,1,0,1,1, , ,N,0,0,0,3,0,1,4,3,N,N,39 54:24.162,75 11:01.345,1155, ,1137,1,1,3,N, ,0,N, , , , ,456583, , , ,3,2,0,0,0,0,1,0,0,0,1,0,1,0,0,0,0,0,0,0,1,0,0,0,0,0,0,0,0,0,0,0,0,0,0,3,0,39.9067,-75.1837, , 
 ,39252,2014068087,6,67,67301,2014,6,6,1225,12,1,1,0,4,1, , ,N,1,2,0,3,0,1,4,3,N,N,40 00:04.993,75 06:52.034,1235, ,1230, ,0, ,N, ,3, , , , , ,456598, , , ,3,3,0,0,0,0,0,0,0,0,0,0,1,1,0,0,0,0,0,0,0,0,0,0,0,0,0,0,0,0,0,0,0,0,0,8,0,40.0014,-75.1145, , 
 ,39253,2014068138,6,67,67301,2014,6,7,1300,13,1,1,0,4,1, , ,N,0,0,7,3,0,0,3,3,N,N,39 56:22.130,75 11:53.326,1330, ,1313, ,0, ,N, ,0, , , , , ,456599, , , ,3,1,0,0,0,0,1,1,0,0,0,0,0,0,1,0,0,0,0,0,2,0,0,0,0,0,0,0,0,0,0,0,0,0,0,9,0,39.9395,-75.1981, , 
 ,39254,2014091727,6,67,67301,2014,9,5,712,7,1,1,0,4,1, , ,N,1,2,0,3,0,4,6,2,Y,N,39 59:41.841,75 08:15.550,825, ,800,3,2,3,N, ,3,Y, , , , ,456603, , , ,2,0,0,1,1,0,0,0,0,0,2,1,4,1,0,0,0,0,0,0,0,0,0,0,0,0,0,0,0,0,0,0,0,0,0,3,1,39.995,-75.1377, , 
 ,39255,2014094005,6,67,67301,2014,8,1,435,4,3,1,0,0,1, , ,N,0,0,0,3,0,1,1,1,N,N,39 59:54.505,75 04:51.482,444, ,436,1,1,1,N, ,0,N, , , , ,456609, , , ,1,0,0,0,0,0,1,0,0,0,0,1,1,0,0,0,0,0,0,0,0,0,0,0,0,0,0,0,0,0,0,0,0,0,0,4,0,39.9985,-75.081, , 
 ,39256,2014098730,6,67,67301,2014,9,5,1154,11,1,1,1,4,1, , ,N,1,3,0,3,0,1,2,2,N, ,40 03:34.564,75 11:16.091,1205, ,1200, ,0, , , ,3, , , , , ,456615, , , ,2,2,0,0,0,0,0,0,0,0,0,0,1,1,0,0,0,0,0,0,0,0,0,0,0,0,0,0,0,0,0,0,0,0,0,8,0,40.0596,-75.1878, , 
 ,39257,2014100101,6,67,67301,2014,10,7,1310,13,1,2,1,7,2, , ,N,0,0,2,3,0,0,1,1,N,N,39 57:18.899,75 08:52.886,1315, ,1313, ,0, ,N, ,0, , , , , ,456616, , , ,1,1,0,0,0,0,0,0,0,0,0,0,0,0,0,0,0,0,0,0,0,0,0,0,0,0,0,0,0,0,0,0,0,0,0,0,0,39.9552,-75.148, , 
 ,39258,2014054557,6,67,67301,2014,5,5,1509,15,1,1,0,4,1, , ,N,0,0,7,3,0,0,4,2,N,N,40 05:13.583,75 02:26.604,1540, ,1521,9,1,4,N, ,0,N, , , , ,459266, , , ,2,1,0,0,0,0,1,0,0,0,0,0,0,0,0,0,0,0,0,0,0,0,1,0,0,0,0,0,0,0,0,0,0,0,0,0,0,40.0871,-75.0407, , 
 ,39259,2014065534,6,67,67301,2014,5,4,1200,12,1,1,0,5,1, , ,N,0,0,0,3,0,0,2,2,N, ,40 00:43.657,75 07:54.267,1300, ,1300, ,0, , , ,0, , , , , ,459276, , , ,2,1,0,0,0,0,1,0,0,0,0,0,0,0,0,0,0,0,0,0,0,0,0,0,0,0,0,0,0,0,0,0,0,0,0,0,0,40.0121,-75.1317, , 
 ,39260,2014078921,6,67,67301,2014,5,6,201,2,3,1,0,4,1, , ,N,1,2,0,3,0,2,4,2,N,N,39 57:16.485,75 13:33.593,204, ,202, ,0, ,N, ,3, , , , , ,459291, , , ,2,1,0,0,0,0,1,0,0,0,1,1,2,0,0,0,0,0,0,0,0,0,0,0,0,0,0,0,0,0,0,0,0,0,0,3,0,39.9546,-75.226, , 
 ,39261,2014073683,6,67,67301,2014,7,2,1455,14,1,1,0,4,1, , ,N,2,2,0,3,0,2,5,2,N,N,39 59:01.993,75 09:30.509,1505, ,1500, ,0, ,N, ,3, , , , , ,459301, , , ,2,2,0,0,0,0,0,0,0,0,0,2,2,0,1,0,0,0,0,0,0,0,0,0,0,0,0,0,0,0,0,0,0,0,0,4,0,39.9839,-75.1585, , 
 ,39262,2014074493,6,67,67301,2014,6,3,645,6,1,1,1,4,1, , ,N,1,3,0,3,0,1,2,3,N,N,39 55:07.503,75 09:21.139,653, ,649, ,0, ,N, ,3, , , , , ,459302, , , ,3,1,0,0,1,0,0,1,0,0,0,0,1,1,0,0,0,0,0,0,1,0,0,0,0,0,0,0,0,0,0,0,0,0,0,8,0,39.9188,-75.1559, , 
 ,39263,2014087833,6,67,67301,2014,7,5,815,8,1,1,0,4,1, , ,N,2,3,0,3,0,2,5,8,N, ,40 00:34.916,75 07:05.242,815, ,815, ,0, , , ,3, , , , , ,459331, , , ,8,2,0,0,1,0,4,1,0,0,0,2,2,0,0,0,0,0,0,0,1,0,0,0,0,0,0,0,0,0,0,0,0,0,0,4,0,40.0097,-75.1181, , 
 ,39264,2014098685,6,67,67301,2014,9,1,1000,10,1,1,0,4,1, , ,N,1,3,0,3,0,0,5,2,N,N,39 58:18.127,75 10:54.134,1010, ,1005, ,0, , , ,3, , , , , ,459342, , , ,2,2,0,0,0,0,0,0,0,0,0,0,0,0,0,0,0,0,0,0,0,0,0,0,0,0,0,0,0,0,0,0,0,0,0,0,0,39.9717,-75.1817, , 
 ,39265,2014068176,6,67,67301,2014,6,1,10,0,3,1,0,4,1, , ,N,1,2,0,3,0,2,5,2,N,N,39 57:08.527,75 08:48.441,18, ,12,1,1,2,N, ,3,Y, , , , ,459350, , , ,2,2,0,0,0,0,0,0,0,0,0,0,2,2,0,0,0,0,0,1,0,0,0,0,0,0,0,0,0,0,0,0,0,0,0,8,0,39.9524,-75.1468, , 
 ,39266,2014068094,6,67,67301,2014,6,6,1200,12,1,1,0,5,6, , ,N,0,0,0,3,0,1,1,2,N, ,40 04:05.088,75 10:49.209,1220, ,1215, ,0, , , ,0, , , , , ,459356, , , ,2,2,0,0,0,0,0,0,0,0,0,1,1,0,0,0,0,0,1,0,0,0,0,0,0,0,0,0,0,0,0,0,0,0,0,4,0,40.0681,-75.1803, , 
 ,39267,2014082737,6,67,67301,2014,8,5,1641,16,1,1,0,1,1, , ,N,0,0,0,3,0,1,5,3,N,N,40 02:17.985,75 00:37.771,1654, ,1642,1,1,2,N, ,0,N, , , , ,459372, , , ,3,2,0,0,0,0,1,0,0,0,0,0,1,1,0,0,0,0,0,1,0,0,0,0,0,0,0,0,0,0,0,0,0,0,0,8,0,40.0383,-75.0105, , 