wz_ln_closure,objectid_1,crn,district,county,municipality,crash_year,crash_month,day_of_week,time_of_day,hour_of_day,illumination,weather,road_condition,collision_type,relation_to_road,work_zone_type,work_zone_loc,work_zone_ind,intersect_type,tcd_type,location_type,urban_rural,fatal_count,injury_count,person_count,total_units,sch_bus_ind,sch_zone_ind,latitude,longitude,arrival_tm,cons_zone_spd_lim,dispatch_tm,est_hrs_closed,lane_closed,ln_close_dir,ntfy_hiwy_maint,spec_juris_cd,tcd_func_cd,tfc_detour_ind,workers_pres,wz_close_detour,wz_flagger,wz_law_offcr_ind,objectid,wz_moving,wz_other,wz_shlder_mdn,vehicle_count,automobile_count,motorcycle_count,bus_count,small_truck_count,heavy_truck_count,suv_count,van_count,bicycle_count,maj_inj_count,mod_inj_count,min_inj_count,tot_inj_count,unk_inj_deg_count,unk_inj_per_count,driver_count_16yr,driver_count_17yr,driver_count_18yr,driver_count_19yr,driver_count_20yr,driver_count_50_64yr,driver_count_65_74yr,driver_count_75plus,unbelted_occ_count,unb_death_count,unb_maj_inj_count,belted_death_count,belted_maj_inj_count,mcycle_death_count,mcycle_maj_inj_count,bicycle_death_count,bicycle_maj_inj_count,ped_count,ped_death_count,ped_maj_inj_count,max_severity_level,comm_veh_count,dec_lat,dec_long,rdwy_surf_type_cd,county_name
 ,39401,2014091302,6,67,67301,2014,8,6,310,3,3,1,0,5,1, , ,N,0,0,0,3,0,0,1,5,N,N,40 01:35.756,75 12:36.946,313, ,312, ,0, ,N, ,0, , , , , ,456975, , , ,5,3,0,0,1,0,1,0,0,0,0,0,0,0,0,0,0,0,0,0,0,0,0,0,0,0,0,0,0,0,0,0,0,0,0,0,0,40.0266,-75.2103, , 
 ,39402,2014088338,6,67,67301,2014,7,6,230,2,3,1,0,2,1, , ,N,0,0,0,3,0,1,2,3,N,N,40 00:36.929,75 08:50.486,231, ,231,3,2,5,N, ,0,N, , , , ,456991, , , ,3,2,0,0,0,0,0,1,0,0,0,1,1,0,0,0,0,0,0,0,1,0,0,0,0,0,0,0,0,0,0,0,0,0,0,4,0,40.0103,-75.1474, , 
 ,39403,2014095903,6,67,67301,2014,9,6,1520,15,1,1,0,8,1, , ,N,1,2,0,3,0,1,2,2,N,N,39 57:25.696,75 12:51.617,1535, ,1522, ,0, ,N, ,3, , , , , ,456998, , , ,1,1,0,0,0,0,0,0,0,0,0,0,1,1,0,0,0,0,0,0,0,0,0,0,0,0,0,0,0,0,0,0,1,0,0,8,0,39.9571,-75.2143, , 
 ,39404,2014091539,6,67,67301,2014,9,3,2122,21,3,1,0,7,2, , ,N,0,0,0,3,0,1,1,1,N,N,39 57:59.681,75 11:14.186,2131, ,2126, ,0, ,N, ,0, , , , , ,459693, , , ,1,1,0,0,0,0,0,0,0,0,0,0,1,1,0,0,0,0,0,0,1,0,0,0,0,0,0,0,0,0,0,0,0,0,0,8,0,39.9666,-75.1873, , 
 ,39405,2014117610,6,67,67301,2014,11,3,1255,12,1,1,0,7,5, , ,N,0,0,0,3,0,2,2,2,N,N,39 59:29.817,75 06:47.136,1311, ,1304, ,0, ,N, ,0, , , , , ,459716, , , ,1,1,0,0,0,0,0,0,0,0,0,2,2,0,0,0,0,0,0,0,1,0,0,0,0,0,0,0,0,0,0,0,1,0,0,4,0,39.9916,-75.1131, , 
 ,39406,2014068028,6,67,67301,2014,5,6,1239,12,1,1,0,6,1, , ,N,0,0,0,3,0,1,3,2,N,N,40 03:15.166,75 08:48.368,9999, ,1239, ,0, ,N, ,0, , , , , ,459719, , , ,2,1,0,0,0,0,1,0,0,0,0,1,1,0,0,0,0,0,0,1,1,0,0,0,0,0,0,0,0,0,0,0,0,0,0,4,0,40.0542,-75.1468, , 
 ,39407,2014068660,6,67,67301,2014,6,2,1528,15,1,1,0,4,1, , ,N,1,2,0,3,0,0,2,2,N,N,40 02:22.401,75 05:03.893,1620, ,1612,2,1,2,N, ,3,Y, , , , ,459720, , , ,2,0,0,0,0,0,1,1,0,0,0,0,0,0,0,0,0,0,0,0,1,1,0,0,0,0,0,0,0,0,0,0,0,0,0,0,0,40.0396,-75.0844, , 
 ,39408,2014087890,6,67,67301,2014,8,6,1530,15,1,1,0,8,1, , ,N,1,2,0,3,0,1,2,2,N,N,39 57:01.633,75 13:36.684,1818, ,1755, ,0, , , ,3, , , , , ,459738, , , ,1,1,0,0,0,0,0,0,0,1,0,0,1,0,0,0,0,0,1,0,0,0,0,0,0,0,0,0,0,0,0,0,1,0,1,2,0,39.9505,-75.2269, , 
 ,39409,2014073966,6,67,67301,2014,7,5,1804,18,1,1,0,1,1, , ,N,0,0,0,3,0,0,4,4,N,N,39 53:59.998,75 09:34.826,1820, ,1810, ,0, ,N, ,0, , , , , ,459744, , , ,4,3,0,0,0,0,1,0,0,0,0,0,0,0,0,0,0,0,0,0,0,0,0,0,0,0,0,0,0,0,0,0,0,0,0,0,0,39.9,-75.1597, , 
 ,39410,2014087993,6,67,67301,2014,7,1,1538,15,1,1,0,4,1, , ,N,1,2,0,3,0,1,4,2,N, ,40 04:50.820,75 01:42.117,1545, ,1545, ,0, , , ,3, , , , , ,459756, , , ,2,1,0,0,0,0,0,1,0,0,0,0,1,1,0,0,0,0,0,0,0,0,0,0,0,0,0,0,0,0,0,0,0,0,0,8,0,40.0808,-75.0284, , 
 ,39411,2014109539,6,67,67301,2014,11,3,1710,17,4,1,0,1,1, , ,N,0,0,0,3,0,3,6,2,N,N,40 02:15.686,75 00:41.615,1726, ,1711,3,2,1,N, ,0,N, , , , ,459769, , , ,2,1,0,0,0,0,1,0,0,0,0,2,3,1,0,0,0,0,1,0,1,0,0,2,0,0,0,0,0,0,0,0,0,0,0,4,0,40.0377,-75.0116, , 
 ,39412,2014109941,6,67,67301,2014,10,3,1615,16,1,1,0,4,1, , ,N,1,0,0,3,0,1,1,3,N,N,40 01:41.624,75 08:23.888,1705, ,1700, ,0, ,N, ,0, , , , , ,459771, , , ,3,2,0,0,0,0,0,0,0,0,0,0,1,1,0,0,0,0,0,0,1,0,0,0,0,0,0,0,0,0,0,0,0,0,0,8,0,40.0282,-75.14, , 
 ,39413,2014068624,6,67,67301,2014,5,7,815,8,1,1,0,1,1, , ,N,1,2,0,3,0,1,3,2,N,N,39 57:14.857,75 12:09.311,825, ,821, ,0, ,N, ,3, , , , , ,459780, , , ,2,2,0,0,0,0,0,0,0,0,0,0,1,1,0,0,0,0,0,0,1,0,0,0,0,0,0,0,0,0,0,0,0,0,0,8,0,39.9541,-75.2025, , 
 ,39414,2014049569,6,67,67301,2014,4,4,1730,17,1,1,0,1,1, , ,N,1,2,0,3,0,1,2,2,N, ,40 00:33.133,75 09:02.943,2108, ,2108, ,0, , , ,3, , , , , ,459787, , , ,2,0,0,0,1,0,1,0,0,0,0,0,1,1,0,0,0,0,0,0,2,0,0,2,0,0,0,0,0,0,0,0,0,0,0,8,0,40.0092,-75.1508, , 
 ,39415,2014049814,6,67,67301,2014,4,5,2250,22,3,2,1,5,6, , ,N,0,0,0,3,0,1,2,4,N,N,39 56:42.712,75 14:24.524,36, ,36, ,0, ,N, ,0, , , , , ,459788, , , ,4,2,0,0,1,0,1,0,0,0,0,1,1,0,0,0,0,0,0,0,0,0,0,0,0,0,0,0,0,0,0,0,0,0,0,4,0,39.9452,-75.2401, , 
 ,39416,2014059024,6,67,67301,2014,5,6,6,0,3,1,0,4,1, , ,N,1,3,0,3,0,3,6,2,N,N,39 55:17.340,75 08:50.248,1240, ,1236, ,0, ,N, ,3, , , , , ,459795, , , ,2,2,0,0,0,0,0,0,0,0,3,0,3,0,0,0,0,0,0,0,0,0,0,0,0,0,0,0,0,0,0,0,0,0,0,3,0,39.9215,-75.1473, , 
 ,39417,2014091445,6,67,67301,2014,8,7,2124,21,3,1,0,4,1, , ,N,1,2,0,3,0,2,3,2,N,N,40 04:25.766,75 10:23.397,9999, ,9999, ,0, ,N, ,3, , , , , ,459823, , , ,2,2,0,0,0,0,0,0,0,0,0,0,2,2,0,0,0,0,0,0,1,0,0,0,0,0,0,0,0,0,0,0,0,0,0,8,0,40.0738,-75.1732, , 
 ,39418,2014084319,6,67,67301,2014,7,1,325,3,3,1,0,4,1, , ,N,5,2,2,3,0,3,5,2,N,N,39 57:25.688,75 09:03.847,331, ,336, ,0, ,N, ,3, , , , , ,459844, , , ,2,0,0,0,0,0,2,0,0,0,0,3,3,0,0,0,0,0,0,0,0,0,0,0,0,0,0,0,0,0,0,0,0,0,0,4,0,39.9571,-75.1511, , 
 ,39419,2014084435,6,67,67301,2014,7,4,2346,23,3,1,1,6,1, , ,N,1,2,0,3,0,0,2,2,N, ,40 02:00.207,75 12:54.409,2350, ,2348, ,0, , , ,3, , , , , ,459845, , , ,2,2,0,0,0,0,0,0,0,0,0,0,0,0,0,0,0,0,0,0,0,0,0,0,0,0,0,0,0,0,0,0,0,0,0,0,0,40.0334,-75.2151, , 
 ,39420,2014088939,6,67,67301,2014,8,3,1336,13,1,2,1,7,4, , ,N,0,3,0,3,0,0,1,1,N, ,40 00:46.668,75 12:03.986,1340, ,1336, ,0, , , ,3, , , , , ,459849, , , ,1,1,0,0,0,0,0,0,0,0,0,0,0,0,0,0,0,0,0,0,0,0,0,0,0,0,0,0,0,0,0,0,0,0,0,0,0,40.013,-75.2011, , 
 ,39421,2014106663,6,67,67301,2014,10,4,1948,19,3,2,1,6,1, , ,N,1,2,0,3,0,0,2,2,N, ,39 54:42.148,75 10:20.534,2010, ,2006, ,0, , , ,3, , , , , ,459866, , , ,2,1,0,0,0,0,1,0,0,0,0,0,0,0,0,0,0,0,0,0,1,0,0,0,0,0,0,0,0,0,0,0,0,0,0,0,0,39.9117,-75.1724, , 
 ,39422,2014068574,6,67,67301,2014,4,2,1318,13,1,1,0,4,1, , ,N,1,3,0,3,0,1,2,2,N, ,39 59:45.204,75 11:07.659,1323, ,1320, ,0, , , ,3, , , , , ,465422, , , ,2,1,0,0,1,0,0,0,0,1,0,0,1,0,0,0,0,0,0,0,0,0,0,0,0,0,0,0,0,0,0,0,0,0,0,2,0,39.9959,-75.1855, , 
 ,39423,2014087761,6,67,67301,2014,7,2,1240,12,1,1,0,4,1, , ,N,1,2,0,3,0,1,4,2,N,N,40 01:32.799,75 07:24.507,1241, ,1240,1,1,1,N, ,3,N, , , , ,465440, , , ,2,0,0,0,0,0,2,0,0,0,0,1,1,0,0,0,0,0,0,0,0,0,0,0,0,0,0,0,0,0,0,0,0,0,0,4,0,40.0258,-75.1235, , 
 ,39424,2014091449,6,67,67301,2014,9,7,140,1,3,1,0,5,1, , ,N,0,0,0,3,0,0,1,3,N,N,40 00:16.861,75 10:36.648,150, ,146, ,0, ,N, ,0, , , , , ,465443, , , ,3,2,0,0,1,0,0,0,0,0,0,0,0,0,0,0,0,0,0,0,0,0,0,0,0,0,0,0,0,0,0,0,0,0,0,0,0,40.0047,-75.1768, , 
 ,39425,2014068195,6,67,67301,2014,5,7,1910,19,1,1,0,4,1, , ,N,2,0,0,3,0,1,3,2,N,N,39 56:39.602,75 09:45.363,1918, ,1912,1,1,4,N, ,0,N, , , , ,465468, , , ,2,2,0,0,0,0,0,0,0,0,0,0,1,1,0,0,0,0,0,0,0,1,0,0,0,0,0,0,0,0,0,0,0,0,0,8,0,39.9443,-75.1626, , 
 ,39426,2014065547,6,67,67301,2014,5,7,325,3,3,1,0,5,6, , ,N,0,0,0,3,0,1,1,4,N,N,39 58:43.017,75 08:42.291,343, ,339,2,2,2,N, ,0,Y, , , , ,465475, , , ,4,0,0,0,2,0,1,1,0,0,0,1,1,0,0,0,0,0,0,0,0,0,0,0,0,0,0,0,0,0,0,0,0,0,0,4,0,39.9786,-75.1451, , 
 ,39427,2014078794,6,67,67301,2014,2,7,1143,11,1,4,4,8,1, , ,N,1,2,0,3,0,2,3,3,N, ,39 58:37.995,75 13:36.385,1145, ,1144, ,0, , , ,3, , , , , ,465484, , , ,1,1,0,0,0,0,0,0,0,0,0,2,2,0,0,0,0,0,0,0,1,0,0,0,0,0,0,0,0,0,0,0,2,0,0,4,0,39.9772,-75.2268, , 
 ,39428,2014078819,6,67,67301,2014,5,7,935,9,1,1,0,4,1, , ,N,1,2,0,3,0,1,4,2,N,N,39 56:25.327,75 14:11.791,945, ,945, ,0, ,N, ,3, , , , , ,465485, , , ,2,1,0,0,0,0,0,1,0,0,0,1,1,0,0,0,0,0,0,0,0,0,0,0,0,0,0,0,0,0,0,0,0,0,0,4,0,39.9404,-75.2366, , 
 ,39429,2014087779,6,67,67301,2014,8,7,110,1,3,1,0,4,1, , ,N,2,3,0,3,0,1,2,2,N,N,39 54:55.533,75 09:38.798,113, ,112,2,2,4,N, ,3,Y, , , , ,465502, , , ,2,0,1,0,0,0,0,1,0,0,0,0,1,1,0,0,0,0,0,0,0,0,0,0,0,0,0,0,0,0,0,0,0,0,0,8,0,39.9154,-75.1608, , 
 ,39430,2014088022,6,67,67301,2014,7,4,2100,21,3,1,0,4,1, , ,N,1,2,0,3,0,2,5,2,N, ,40 00:38.808,75 07:35.921,2155, ,2149, ,0, , , ,3, , , , , ,465503, , , ,2,1,0,0,1,0,0,0,0,0,0,2,2,0,0,0,0,0,0,0,0,0,0,0,0,0,0,0,0,0,0,0,0,0,0,4,0,40.0108,-75.1266, , 
 ,39431,2014088128,6,67,67301,2014,8,1,323,3,3,1,0,4,1, , ,N,1,2,0,3,0,1,3,2,N,N,40 01:41.728,75 06:35.304,329, ,323, ,0, , , ,3, , , , , ,465504, , , ,2,2,0,0,0,0,0,0,0,0,0,1,1,0,0,0,0,0,0,0,1,0,0,0,0,0,0,0,0,0,0,0,0,0,0,4,0,40.0283,-75.1098, , 
 ,39432,2014088730,6,67,67301,2014,7,5,9999,99,1,1,0,5,6, , ,N,0,0,0,3,0,0,1,2,N, ,40 05:25.234,74 59:30.570,1540, ,1545,1,1,1, , ,0,N, , , , ,465506, , , ,2,2,0,0,0,0,0,0,0,0,0,0,0,0,0,0,0,0,0,0,0,0,0,0,0,0,0,0,0,0,0,0,0,0,0,0,0,40.0903,-74.9918, , 
 ,39433,2014068179,6,67,67301,2014,6,1,2307,23,3,1,0,5,1, , ,N,0,0,0,3,0,2,3,3,N,N,39 59:32.903,75 10:46.451,2309, ,2307,2,2,5,N, ,0,Y, , , , ,465514, , , ,3,3,0,0,0,0,0,0,0,0,0,0,2,2,0,0,0,0,0,0,0,0,0,0,0,0,0,0,0,0,0,0,0,0,0,8,0,39.9925,-75.1796, , 
 ,39434,2014068677,6,67,67301,2014,5,1,1415,14,1,1,0,4,1, , ,N,1,3,0,3,0,2,3,2,N,N,40 00:23.619,75 06:20.851,1511, ,1511, ,0, ,N, ,3, , , , , ,465522, , , ,2,2,0,0,0,0,0,0,0,0,0,2,2,0,1,0,0,0,0,1,0,0,0,0,0,0,0,0,0,0,0,0,0,0,0,4,0,40.0066,-75.1058, , 
 ,39435,2014078833,6,67,67301,2014,6,6,1740,17,1,1,0,4,1, , ,N,2,2,0,3,0,2,3,2,N,N,39 55:11.208,75 11:17.768,1755, ,1748, ,0, ,N, ,3, , , , , ,465532, , , ,2,2,0,0,0,0,0,0,0,0,0,2,2,0,1,0,0,0,0,0,0,0,0,0,0,0,0,0,0,0,0,0,0,0,0,4,0,39.9198,-75.1883, , 
 ,39436,2014078900,6,67,67301,2014,6,1,1115,11,1,1,0,4,1, , ,N,0,0,7,3,0,1,2,2,N,N,40 03:03.639,75 08:44.483,1138, ,1120, ,0, ,N, ,0, , , , , ,465533, , , ,2,0,1,0,0,0,1,0,0,0,1,0,1,0,0,0,0,0,0,0,1,0,0,1,0,0,0,0,0,0,0,0,0,0,0,3,0,40.051,-75.1457, , 
 ,39437,2015006662,6,67,67301,2014,12,4,1356,13,1,2,1,7,7, , ,N,7,0,2,3,0,0,1,1,N,N,40 00:50.346,75 12:16.528,1415, ,1357,2,1,3,N, ,0,N, , , , ,465575, , , ,1,1,0,0,0,0,0,0,0,0,0,0,0,0,0,0,0,0,0,0,0,0,0,0,0,0,0,0,0,0,0,0,0,0,0,0,0,40.014,-75.2046, , 
 ,39438,2014120867,6,67,67301,2014,11,2,2313,23,3,1,0,4,6, , ,N,0,2,0,3,0,0,1,5,N, ,39 59:30.627,75 14:04.826,2340, ,2333, ,0, , , ,3, , , , , ,465593, , , ,5,3,0,0,0,0,0,2,0,0,0,0,0,0,0,0,0,0,0,0,0,0,0,0,0,0,0,0,0,0,0,0,0,0,0,0,0,39.9918,-75.2347, , 
 ,39439,2014120884,6,67,67301,2014,11,6,700,7,3,1,0,1,1, , ,N,2,2,0,3,0,1,2,2,N,N,40 05:02.651,74 59:24.581,910, ,900, ,0, ,N, ,3, , , , , ,465594, , , ,2,2,0,0,0,0,0,0,0,0,0,1,1,0,0,0,0,0,0,1,0,0,0,0,0,0,0,0,0,0,0,0,0,0,0,4,0,40.0841,-74.9902, , 
 ,39440,2014113281,6,67,67301,2014,10,2,1635,16,1,1,0,4,1, , ,N,1,2,0,3,0,1,2,2,N, ,39 58:27.123,75 09:23.824,1652, ,1647, ,0, , , ,3, , , , , ,462853, , , ,1,0,0,0,0,0,1,0,1,0,0,0,1,1,0,0,0,0,1,0,0,0,0,0,0,0,0,0,0,0,0,0,0,0,0,8,0,39.9742,-75.1566, , 
 ,39441,2014042728,6,67,67301,2014,3,7,2004,20,3,2,1,8,1, , ,N,1,2,0,3,0,2,3,3,N, ,39 57:12.781,75 09:22.643,2009, ,2007,1,1,3, , ,3,N, , , , ,462858, , , ,1,1,0,0,0,0,0,0,0,0,1,1,2,0,0,0,0,0,0,0,0,0,0,0,0,0,0,0,0,0,0,0,2,0,0,3,0,39.9536,-75.1563, , 
 ,39442,2014044559,6,67,67301,2014,3,6,9999,99,1,1,0,1,1, , ,N,1,2,0,3,0,1,2,2,N,N,40 03:41.901,75 14:11.684,1640, ,1635, ,0, ,N, ,3, , , , , ,462860, , , ,2,1,0,0,0,1,0,0,0,0,0,1,1,0,0,0,0,0,0,0,2,0,0,0,0,0,0,0,0,0,0,0,0,0,0,4,1,40.0616,-75.2366, , 
 ,39443,2014044704,6,67,67301,2014,3,4,1551,15,1,1,0,1,1, , ,N,0,0,3,3,0,1,2,2,N,N,39 53:30.885,75 11:53.880,1618, ,1555,2,2,2,N, ,0,N, , , , ,462861, , , ,2,1,0,0,1,0,0,0,0,0,1,0,1,0,1,0,0,0,0,0,1,0,0,0,0,0,0,0,0,0,0,0,0,0,0,3,0,39.8919,-75.1983, , 
 ,39444,2014049478,6,67,67301,2014,4,2,1153,11,1,1,0,1,1, , ,N,0,0,0,3,0,3,4,2,N,N,40 03:18.257,75 05:06.042,1205, ,1201, ,0, ,N, ,0, , , , , ,462865, , , ,2,0,0,0,0,0,1,1,0,0,0,3,3,0,0,0,0,0,0,0,0,0,1,0,0,0,0,0,0,0,0,0,0,0,0,4,0,40.0551,-75.085, , 
 ,39445,2014067923,6,67,67301,2014,6,7,1215,12,1,1,0,8,1, , ,N,1,2,0,3,0,1,2,2,N, ,40 01:12.877,75 06:50.707,1221, ,1218, ,0, , , ,3, , , , , ,462888, , , ,1,0,0,0,0,0,1,0,0,0,1,0,1,0,0,0,0,0,0,0,0,0,0,0,0,0,0,0,0,0,0,0,1,0,0,3,0,40.0202,-75.1141, , 
 ,39446,2014074498,6,67,67301,2014,6,2,1557,15,1,1,0,1,1, , ,N,0,2,0,3,0,3,5,2,N,N,40 03:15.124,75 09:27.521,1612, ,1600, ,0, ,N, ,3, , , , , ,462889, , , ,2,1,0,0,0,0,0,1,0,0,0,3,3,0,0,0,0,0,0,0,1,0,0,0,0,0,0,0,0,0,0,0,0,0,0,4,0,40.0542,-75.1576, , 
 ,39447,2014087873,6,67,67301,2014,8,4,9999,99,1,1,0,4,1, , ,N,1,2,0,3,0,0,2,2,N, ,40 01:38.846,75 03:44.583,1705, ,1657, ,0, , , ,3, , , , , ,462905, , , ,2,2,0,0,0,0,0,0,0,0,0,0,0,0,0,0,0,0,0,0,1,0,0,0,0,0,0,0,0,0,0,0,0,0,0,0,0,40.0275,-75.0624, , 
 ,39448,2014068206,6,67,67301,2014,5,1,1800,18,1,1,0,8,1, , ,N,0,0,0,3,0,2,3,2,N, ,40 00:00.676,75 07:04.306,1810, ,1804,1,2,3, , ,0,Y, , , , ,462913, , , ,1,1,0,0,0,0,0,0,0,0,0,0,2,2,0,0,0,0,0,0,0,0,0,0,0,0,0,0,0,0,0,0,1,0,0,8,0,40.0002,-75.1179, , 
 ,39449,2014081481,6,67,67301,2014,6,6,1039,10,1,1,0,8,1, , ,N,1,3,0,3,0,1,2,2,N,N,39 55:26.745,75 09:28.537,1050, ,1042, ,0, ,N, ,3, , , , , ,462923, , , ,1,1,0,0,0,0,0,0,0,0,0,1,1,0,0,0,0,0,0,0,0,0,0,0,0,0,0,0,0,0,0,0,1,0,0,4,0,39.9241,-75.1579, , 
 ,39450,2014084371,6,67,67301,2014,6,1,1215,12,1,1,0,4,1, , ,N,1,2,0,3,0,0,2,2,N,N,39 58:02.431,75 10:31.324,1220, ,1215, ,0, , , ,3, , , , , ,462926, , , ,2,1,0,0,0,0,1,0,0,0,0,0,0,0,0,0,0,0,0,0,1,0,0,0,0,0,0,0,0,0,0,0,0,0,0,0,0,39.9673,-75.1754, , 
 ,39451,2014088165,6,67,67301,2014,7,7,2045,20,3,1,0,4,1, , ,N,2,2,0,3,0,0,2,2,N,N,40 04:47.936,74 59:50.275,2055, ,2055, ,0, , , ,3, , , , , ,462928, , , ,2,1,0,0,0,0,1,0,0,0,0,0,0,0,0,0,0,0,0,0,1,0,1,0,0,0,0,0,0,0,0,0,0,0,0,0,0,40.08,-74.9973, , 
 ,39452,2014088374,6,67,67301,2014,7,2,1715,17,1,1,0,4,1, , ,N,0,0,7,3,0,2,5,2,N, ,39 59:34.955,75 05:52.012,1750, ,1745, ,0, , , ,0, , , , , ,462929, , , ,2,2,0,0,0,0,0,0,0,0,0,2,2,0,0,0,0,0,0,0,0,0,0,0,0,0,0,0,0,0,0,0,0,0,0,4,0,39.993,-75.0978, , 
 ,39453,2014106753,6,67,67301,2014,10,7,722,7,1,1,0,5,1, , ,N,0,0,0,3,0,0,2,2,N,N,39 56:17.280,75 11:55.516,724, ,723,2,1,2,N, ,0,N, , , , ,462943, , , ,2,1,0,0,0,0,1,0,0,0,0,0,0,0,0,0,0,0,0,0,1,0,0,0,0,0,0,0,0,0,0,0,0,0,0,0,0,39.9381,-75.1988, , 
 ,39454,2014087921,6,67,67301,2014,7,3,837,8,1,1,0,7,4, , ,N,0,0,0,3,0,0,1,2,N,N,40 03:42.007,74 59:17.879,838, ,837, ,0, , , ,0, , , , , ,462983, , , ,1,1,0,0,0,0,0,0,0,0,0,0,0,0,0,0,0,0,0,0,0,0,0,0,0,0,0,0,0,0,0,0,0,0,0,0,0,40.0617,-74.9883, , 
 ,39455,2014088080,6,67,67301,2014,7,1,1430,14,1,1,0,4,1, , ,N,2,2,0,3,0,2,5,2,N,N,39 58:25.181,75 12:31.951,1550, ,1546, ,0, ,N, ,3, , , , , ,462984, , , ,2,2,0,0,0,0,0,0,0,0,0,2,2,0,0,0,0,0,0,0,0,0,0,0,0,0,0,0,0,0,0,0,0,0,0,4,0,39.9736,-75.2089, , 
 ,39456,2014088143,6,67,67301,2014,8,3,705,7,1,1,1,5,6, , ,N,0,0,0,3,0,2,3,2,N,N,39 56:59.290,75 14:00.520,725, ,721, ,0, ,N, ,0, , , , , ,462985, , , ,2,0,0,0,0,1,1,0,0,0,0,2,2,0,0,0,0,0,0,0,0,0,0,0,0,0,0,0,0,0,0,0,0,0,0,4,1,39.9498,-75.2335, , 
 ,39457,2014088410,6,67,67301,2014,7,4,33,0,3,1,0,1,6, , ,N,0,0,0,3,0,0,1,2,N,N,39 57:17.789,75 12:32.986,339, ,335, ,0, ,N, ,0, , , , , ,462986, , , ,2,1,0,0,1,0,0,0,0,0,0,0,0,0,0,0,0,0,0,0,0,0,0,0,0,0,0,0,0,0,0,0,0,0,0,0,0,39.9549,-75.2092, , 
 ,39458,2014115989,6,67,67301,2014,2,6,815,8,1,2,1,5,1, , ,N,0,0,0,3,0,2,3,2,N,Y,40 02:07.832,75 01:29.067,0, ,0, ,0, ,N, ,0, , , , , ,457011, , , ,2,0,0,0,0,0,0,0,0,0,2,0,2,0,0,0,0,0,0,0,0,1,0,0,0,0,0,0,0,0,0,0,0,0,0,3,0,40.0355,-75.0247, , 
 ,39459,2014120280,6,67,67301,2014,11,2,1735,17,1,1,0,2,1, , ,N,0,0,0,3,0,15,16,2,N,N,39 56:35.746,75 12:39.325,1744, ,1742, ,0, , , ,0, , , , , ,457018, , , ,2,1,0,0,0,0,0,0,0,0,2,13,15,0,0,0,0,0,0,0,2,0,0,0,0,0,0,0,0,0,0,0,0,0,0,3,0,39.9433,-75.2109, , 
 ,39460,2014121481,6,67,67301,2014,11,4,2130,21,3,1,0,4,1, , ,N,1,2,0,3,0,1,4,3,N,N,40 05:22.585,75 03:25.253,2148, ,2145, ,0, ,N, ,3, , , , , ,457023, , , ,3,1,0,0,0,0,1,1,0,0,0,0,1,1,0,0,0,0,0,0,2,0,0,0,0,0,0,0,0,0,0,0,0,0,0,8,0,40.0896,-75.057, , 
 ,39461,2014088701,6,67,67301,2014,9,2,9999,99,1,1,0,4,1, , ,N,2,2,0,3,0,3,3,2,N, ,39 54:38.005,75 11:08.323,1419, ,1416,1,1,3, , ,3,N, , , , ,457047, , , ,2,1,0,0,0,0,1,0,0,0,0,3,3,0,0,0,0,0,0,0,0,0,0,1,0,0,0,0,0,0,0,0,0,0,0,4,0,39.9106,-75.1856, , 
 ,39462,2014099217,6,67,67301,2014,9,1,230,2,3,1,0,4,1, , ,N,1,2,0,3,0,1,2,2,N,N,39 57:07.661,75 09:41.216,305, ,256, ,0, , , ,3, , , , , ,457057, , , ,2,2,0,0,0,0,0,0,0,0,1,0,1,0,0,0,0,0,0,0,0,0,0,0,0,0,0,0,0,0,0,0,0,0,0,3,0,39.9521,-75.1615, , 
 ,39463,2014059194,6,67,67301,2014,6,1,2048,20,3,1,0,9,1, , ,N,0,0,0,3,0,1,1,1,N,N,40 00:00.664,75 11:41.708,2054, ,2050, ,0, ,N, ,0, , , , , ,457081, , , ,1,0,1,0,0,0,0,0,0,1,0,0,1,0,0,0,0,0,0,0,0,0,0,0,0,0,0,0,0,1,0,0,0,0,0,2,0,40.0002,-75.1949, , 
 ,39464,2014084381,6,67,67301,2014,6,7,939,9,1,1,0,1,1, , ,N,0,0,0,3,0,1,3,3,N,Y,39 57:48.168,75 10:06.539,941, ,940, ,0, ,N, ,0, , , , , ,457104, , , ,3,2,0,0,0,0,1,0,0,0,0,1,1,0,1,0,0,0,0,0,1,0,0,0,0,0,0,0,0,0,0,0,0,0,0,4,0,39.9634,-75.1685, , 
 ,39465,2014089057,6,67,67301,2014,8,3,2308,23,3,1,0,2,1, , ,N,0,0,0,3,0,2,5,2,N,N,40 02:28.739,75 10:45.612,2314, ,2314, ,0, ,N, ,0, , , , , ,457107, , , ,2,2,0,0,0,0,0,0,0,0,0,1,2,1,2,0,0,0,0,0,1,0,0,0,0,0,0,0,0,0,0,0,0,0,0,4,0,40.0413,-75.1793, , 
 ,39466,2014097850,6,67,67301,2014,10,5,2039,20,3,1,0,7,2, , ,N,0,0,0,3,0,1,1,1,N,N,40 02:58.819,74 59:42.289,2049, ,2040,1,2,2,N, ,0,N, , , , ,457118, , , ,1,1,0,0,0,0,0,0,0,0,0,1,1,0,0,0,0,0,0,1,0,0,0,0,0,0,0,0,0,0,0,0,0,0,0,4,0,40.0497,-74.9951, , 
 ,39467,2014025878,6,67,67301,2014,1,4,1820,18,3,1,0,7,4, , ,N,0,0,0,3,0,1,2,2,N,N,40 00:48.651,75 10:09.762,1820, ,1820, ,0, ,N, ,0, , , , , ,457159, , , ,1,1,0,0,0,0,0,0,0,0,0,0,1,1,0,0,0,0,0,1,0,0,0,0,0,0,0,0,0,0,0,0,1,0,0,8,0,40.0135,-75.1694, , 