wz_ln_closure,objectid_1,crn,district,county,municipality,crash_year,crash_month,day_of_week,time_of_day,hour_of_day,illumination,weather,road_condition,collision_type,relation_to_road,work_zone_type,work_zone_loc,work_zone_ind,intersect_type,tcd_type,location_type,urban_rural,fatal_count,injury_count,person_count,total_units,sch_bus_ind,sch_zone_ind,latitude,longitude,arrival_tm,cons_zone_spd_lim,dispatch_tm,est_hrs_closed,lane_closed,ln_close_dir,ntfy_hiwy_maint,spec_juris_cd,tcd_func_cd,tfc_detour_ind,workers_pres,wz_close_detour,wz_flagger,wz_law_offcr_ind,objectid,wz_moving,wz_other,wz_shlder_mdn,vehicle_count,automobile_count,motorcycle_count,bus_count,small_truck_count,heavy_truck_count,suv_count,van_count,bicycle_count,maj_inj_count,mod_inj_count,min_inj_count,tot_inj_count,unk_inj_deg_count,unk_inj_per_count,driver_count_16yr,driver_count_17yr,driver_count_18yr,driver_count_19yr,driver_count_20yr,driver_count_50_64yr,driver_count_65_74yr,driver_count_75plus,unbelted_occ_count,unb_death_count,unb_maj_inj_count,belted_death_count,belted_maj_inj_count,mcycle_death_count,mcycle_maj_inj_count,bicycle_death_count,bicycle_maj_inj_count,ped_count,ped_death_count,ped_maj_inj_count,max_severity_level,comm_veh_count,dec_lat,dec_long,rdwy_surf_type_cd,county_name
 ,39468,2014032208,6,67,67301,2014,3,2,1319,13,1,1,1,7,2, , ,N,0,0,0,3,0,1,1,1,N,N,39 52:35.383,75 15:21.427,1320, ,1320, ,0, ,N, ,0, , , , , ,457165, , , ,1,0,0,0,0,0,1,0,0,0,1,0,1,0,0,0,0,0,0,0,0,0,0,0,0,0,0,0,0,0,0,0,0,0,0,3,0,39.8765,-75.256, , 
 ,39469,2014054488,6,67,67301,2014,4,6,1440,14,1,1,0,7,4, , ,N,0,0,0,3,0,1,1,1,N, ,40 02:50.306,75 03:35.901,1455, ,1450, ,0, , , ,0, , , , , ,457174, , , ,1,0,0,0,0,0,1,0,0,0,0,0,1,1,0,0,0,0,0,0,1,0,0,0,0,0,0,0,0,0,0,0,0,0,0,8,0,40.0473,-75.06, , 
 ,39470,2014068169,6,67,67301,2014,6,2,1134,11,1,1,0,8,1, , ,N,1,2,0,3,0,4,5,5,N,N,40 02:20.942,75 06:36.006,1140, ,1135,2,2,4,N, ,3,Y, , , , ,457181, , , ,1,0,0,0,0,0,1,0,0,0,0,0,4,4,0,0,0,0,0,0,0,0,0,0,0,0,0,0,0,0,0,0,4,0,0,8,0,40.0392,-75.11, , 
 ,39471,2014022828,6,67,67301,2014,2,6,916,9,1,5,1,1,1, , ,N,1,3,0,3,0,3,14,2,N,N,39 59:07.758,75 08:14.790,945, ,917,3,1,1,N, ,3,N, , , , ,457191, , , ,2,0,0,1,0,1,0,0,0,0,0,3,3,0,0,0,0,0,0,0,1,0,0,0,0,0,0,0,0,0,0,0,0,0,0,4,2,39.9855,-75.1375, , 
 ,39472,2014025487,6,67,67301,2014,2,1,1830,18,3,1,0,8,1, , ,N,1,2,0,3,0,1,2,2,N, ,40 01:56.512,75 03:03.514,1925, ,1921, ,0, , , ,3, , , , , ,457193, , , ,1,1,0,0,0,0,0,0,0,0,0,1,1,0,0,0,0,0,0,0,0,0,0,0,0,0,0,0,0,0,0,0,1,0,0,4,0,40.0323,-75.051, , 
 ,39473,2014044553,6,67,67301,2014,3,6,820,8,1,1,0,3,1, , ,N,0,0,0,3,0,1,3,2,N,N,40 02:21.685,75 11:20.461,908, ,902,1,1,3,N, ,0,Y, , , , ,457206, , , ,2,0,0,0,0,1,1,0,0,0,0,1,1,0,0,0,0,0,0,0,0,0,0,2,0,0,0,0,0,0,0,0,0,0,0,4,1,40.0394,-75.189, , 
 ,39474,2014053428,6,67,67301,2014,5,1,1129,11,1,1,0,7,2, , ,N,0,0,0,3,0,1,1,2,N,N,39 56:59.260,75 08:28.778,1143, ,1129,2,2,1,N, ,0,N, , , , ,457214, , , ,1,1,0,0,0,0,0,0,0,0,0,1,1,0,0,0,0,1,0,0,0,0,0,0,0,0,0,0,0,0,0,0,0,0,0,4,0,39.9498,-75.1413, , 
 ,39475,2014087961,6,67,67301,2014,7,7,1315,13,1,1,0,4,1, , ,N,1,2,0,3,0,1,3,2,N,N,39 58:48.567,75 10:09.473,1322, ,1320, ,0, ,N, ,3, , , , , ,457265, , , ,2,1,0,0,1,0,0,0,0,0,0,0,1,1,0,0,0,0,0,0,1,0,0,0,0,0,0,0,0,0,0,0,0,0,0,8,0,39.9802,-75.1693, , 
 ,39476,2014054497,6,67,67301,2014,4,7,320,3,3,1,1,7,4, , ,N,3,2,0,3,0,1,1,1,N,N,40 02:50.984,75 06:44.541,323, ,322, ,0, ,N, ,3, , , , , ,459876, , , ,1,1,0,0,0,0,0,0,0,0,0,1,1,0,0,0,0,0,0,0,0,0,0,0,0,0,0,0,0,0,0,0,0,0,0,4,0,40.0475,-75.1124, , 
 ,39477,2014098703,6,67,67301,2014,9,2,1844,18,3,2,1,8,1, , ,N,1,3,0,3,0,1,2,2,N,N,39 56:31.282,75 10:03.298,1852, ,1850, ,0, ,N, ,3, , , , , ,459907, , , ,1,1,0,0,0,0,0,0,0,0,0,0,1,1,0,0,0,0,0,0,0,0,1,0,0,0,0,0,0,0,0,0,1,0,0,8,0,39.942,-75.1676, , 
 ,39478,2014109953,6,67,67301,2014,10,1,30,0,3,1,0,5,6, , ,N,0,0,0,3,0,0,1,3,N,N,39 55:25.561,75 10:40.965,40, ,34, ,0, , , ,0, , , , , ,459919, , , ,3,1,0,0,0,0,2,0,0,0,0,0,0,0,0,0,0,0,0,0,0,0,0,0,0,0,0,0,0,0,0,0,0,0,0,0,0,39.9238,-75.178, , 
 ,39479,2014067919,6,67,67301,2014,5,7,1539,15,1,1,0,4,1, , ,N,1,2,0,3,0,1,3,3,N,N,40 02:38.401,75 06:09.537,1541, ,1539,9,1,3,N, ,3,N, , , , ,459934, , , ,3,2,0,0,0,0,1,0,0,0,0,1,1,0,0,0,0,0,0,0,0,1,0,0,0,0,0,0,0,0,0,0,0,0,0,4,0,40.044,-75.1026, , 
 ,39480,2014068110,6,67,67301,2014,5,6,1543,15,1,1,0,1,1, , ,N,0,0,0,3,0,3,4,3,N,N,40 04:04.952,75 03:58.342,1615, ,1602, ,0, ,N, ,0, , , , , ,459935, , , ,3,3,0,0,0,0,0,0,0,0,0,0,3,3,0,0,0,0,0,1,0,0,0,1,0,0,0,0,0,0,0,0,0,0,0,8,0,40.068,-75.0662, , 
 ,39481,2014068658,6,67,67301,2014,5,4,1429,14,1,9,1,4,1, , ,N,1,2,0,3,0,6,6,3,N,N,39 59:43.508,75 06:19.956,1612, ,1610,3,1,1, , ,2,N, , , , ,459936, , , ,3,3,0,0,0,0,0,0,0,0,0,6,6,0,0,0,0,1,0,0,0,1,0,0,0,0,0,0,0,0,0,0,0,0,0,4,0,39.9954,-75.1055, , 
 ,39482,2014071850,6,67,67301,2014,7,6,1253,12,1,1,0,1,1, , ,N,7,0,2,3,0,2,4,2,N,N,39 53:04.770,75 14:38.828,1322, ,1259, ,0, ,N, ,0, , , , , ,459941, , , ,2,1,0,0,0,0,1,0,0,0,0,0,2,2,0,0,0,0,0,0,0,0,0,0,0,0,0,0,0,0,0,0,0,0,0,8,0,39.8847,-75.2441, , 
 ,39483,2014072763,6,67,67301,2014,7,2,1450,14,1,1,0,1,1, , ,N,0,0,0,3,0,0,3,3,N,N,39 57:27.036,75 09:32.872,1504, ,1455,2,2,4,N, ,0,Y, , , , ,459942, , , ,3,2,0,0,0,1,0,0,0,0,0,0,0,0,0,0,0,0,0,0,1,0,0,0,0,0,0,0,0,0,0,0,0,0,0,0,1,39.9575,-75.1591, , 
 ,39484,2014078807,6,67,67301,2014,4,2,739,7,1,1,0,5,1, , ,N,1,2,0,3,0,3,19,2,Y, ,39 57:05.578,75 09:24.232,743, ,741,9,1,3, , ,3,N, , , , ,459948, , , ,2,0,0,2,0,0,0,0,0,0,0,3,3,0,0,0,0,0,0,0,0,1,0,0,0,0,0,0,0,0,0,0,0,0,0,4,2,39.9515,-75.1567, , 
 ,39485,2014087957,6,67,67301,2014,8,1,836,8,1,1,0,7,4, , ,N,0,0,0,3,0,2,2,2,N,N,40 02:37.576,75 01:08.626,837, ,837, ,0, ,N, ,0, , , , , ,459953, , , ,1,0,0,0,0,0,1,0,0,0,2,0,2,0,0,0,0,0,0,0,0,0,0,0,0,0,0,0,0,0,0,0,0,0,0,3,0,40.0438,-75.0191, , 
 ,39486,2014088335,6,67,67301,2014,7,3,1325,13,1,1,0,4,1, , ,N,1,2,0,3,0,3,3,2,N,N,40 01:24.369,75 08:21.713,1345, ,1330,2,2,7,N, ,3,Y, , , , ,459954, , , ,2,1,0,0,0,0,1,0,0,0,0,1,3,2,0,0,0,0,0,0,2,0,0,0,0,0,0,0,0,0,0,0,0,0,0,4,0,40.0234,-75.1394, , 
 ,39487,2014098674,6,67,67301,2014,9,4,1445,14,1,1,0,8,1, , ,N,0,0,0,3,0,1,2,2,N, ,40 00:34.670,75 07:36.780,1550, ,1455, ,0, , , ,0, , , , , ,459963, , , ,1,1,0,0,0,0,0,0,0,0,0,1,1,0,0,0,0,0,0,0,1,0,0,0,0,0,0,0,0,0,0,0,1,0,0,4,0,40.0096,-75.1269, , 
 ,39488,2014087791,6,67,67301,2014,7,3,2348,23,3,1,0,3,6, , ,N,0,0,0,3,0,0,2,3,N,N,39 55:37.600,75 10:51.907,25, ,20, ,0, , , ,0, , , , , ,459983, , , ,3,2,0,0,0,0,1,0,0,0,0,0,0,0,1,0,0,0,0,0,0,0,0,0,0,0,0,0,0,0,0,0,0,0,0,9,0,39.9271,-75.1811, , 
 ,39489,2014104602,6,67,67301,2014,10,6,1735,17,1,1,0,1,1, , ,N,1,1,0,3,0,2,3,2,N,N,40 00:13.298,75 05:39.820,1752, ,1751, ,0, ,N, ,3, , , , , ,459994, , , ,2,1,0,0,0,0,1,0,0,0,0,2,2,0,0,0,0,0,0,0,0,0,0,0,0,0,0,0,0,0,0,0,0,0,0,4,0,40.0037,-75.0944, , 
 ,39490,2014109899,6,67,67301,2014,9,4,1255,12,1,1,0,4,1, , ,N,1,2,0,3,0,1,5,2,N,N,39 57:23.324,75 13:17.716,1258, ,1257, ,0, ,N, ,3, , , , , ,459996, , , ,2,2,0,0,0,0,0,0,0,0,0,0,1,1,0,0,0,0,0,0,1,0,0,0,0,0,0,0,0,0,0,0,0,0,0,8,0,39.9565,-75.2215, , 
 ,39491,2014125079,6,67,67301,2014,11,5,2200,22,3,1,0,1,1, , ,N,0,0,0,3,0,1,3,2,N,N,40 03:25.408,75 08:57.933,2220, ,2213, ,0, ,N, ,0, , , , , ,460006, , , ,2,0,0,0,1,0,0,1,0,0,0,1,1,0,0,0,0,0,0,0,1,0,0,0,0,0,0,0,0,0,0,0,0,0,0,4,0,40.0571,-75.1494, , 
 ,39492,2014074469,6,67,67301,2014,6,3,9999,99,1,1,1,1,1, , ,N,0,0,0,3,0,2,5,3,N,N,40 01:40.957,75 05:31.781,9999, ,1327,1,1,2,N, ,0,N, , , , ,460025, , , ,3,1,0,0,0,0,2,0,0,0,0,0,2,2,0,0,0,0,0,1,0,0,0,0,0,0,0,0,0,0,0,0,0,0,0,8,0,40.028,-75.0922, , 
 ,39493,2014074886,6,67,67301,2014,6,4,9999,99,1,1,0,7,4, , ,N,0,3,0,3,0,0,3,3,N, ,40 00:40.083,75 09:11.839,1450, ,1445, ,0, , , ,3, , , , , ,460043, , , ,2,1,0,0,0,0,1,0,0,0,0,0,0,0,0,0,0,0,0,0,0,0,0,0,0,0,0,0,0,0,0,0,0,0,0,0,0,40.0111,-75.1533, , 
 ,39494,2014132270,6,67,67301,2014,12,2,753,7,1,1,0,1,1, , ,N,0,0,0,3,0,1,2,2,N,N,39 57:32.101,75 10:12.456,804, ,755,2,1,4,N, ,0,N, , , , ,465602, , , ,2,0,0,0,0,0,2,0,0,0,0,0,1,1,0,0,0,0,0,0,1,0,0,0,0,0,0,0,0,0,0,0,0,0,0,8,0,39.9589,-75.1701, , 
 ,39495,2015006612,6,67,67301,2014,12,3,1435,14,1,2,1,8,1, , ,N,1,2,0,3,0,1,2,2,N, ,39 56:15.342,75 09:52.613,1503, ,1458, ,0, , , ,3, , , , , ,465606, , , ,1,0,0,0,0,0,1,0,0,0,1,0,1,0,0,0,0,0,0,0,0,0,0,0,0,0,0,0,0,0,0,0,1,0,0,3,0,39.9376,-75.1646, , 
 ,39496,2015029856,6,67,67301,2014,10,5,550,5,5,2,1,1,1, , ,N,0,2,7,3,0,1,2,2,N,N,40 01:55.888,75 01:11.844,0, ,0, ,0, ,N, ,3, , , , , ,465608, , , ,2,1,0,0,1,0,0,0,0,0,0,0,1,1,0,0,0,0,0,0,0,0,0,0,0,0,0,0,0,0,0,0,0,0,0,8,0,40.0323,-75.0198, , 
 ,39497,2014110410,6,67,67301,2014,6,5,1241,12,1,1,0,4,1, , ,N,1,3,0,3,0,2,3,2,N,N,39 59:22.866,75 09:28.871,1242, ,1241,2,2,4,N, ,3,Y, , , , ,465612, , , ,2,1,0,0,0,0,1,0,0,2,0,0,2,0,0,0,0,0,0,0,0,0,0,1,0,1,0,0,0,0,0,0,0,0,0,2,0,39.9897,-75.158, , 
 ,39498,2014120902,6,67,67301,2014,11,2,1937,19,3,1,0,4,1, , ,N,2,2,7,3,0,2,3,2,N, ,40 01:51.956,75 10:40.006,1947, ,1940, ,0, , , ,3, , , , , ,465615, , , ,1,0,0,0,0,0,0,1,1,0,0,2,2,0,0,0,0,0,0,0,0,0,0,0,0,0,0,0,0,0,0,0,0,0,0,4,0,40.0311,-75.1778, , 
 ,39499,2014127520,6,67,67301,2014,11,5,2149,21,3,1,0,1,1, , ,N,0,0,0,3,0,7,8,2,N,N,40 01:47.854,75 06:09.083,2230, ,2224,3,1,2,N, ,0,N, , , , ,465618, , , ,2,1,0,0,0,0,1,0,0,0,0,5,7,2,0,0,0,0,0,0,0,0,0,0,0,0,0,0,0,0,0,0,0,0,0,4,0,40.03,-75.1025, , 
 ,39500,2015002729,6,67,67301,2014,12,5,1945,19,3,1,0,4,1, , ,N,1,2,0,3,0,2,2,2,N,N,40 04:57.920,75 01:55.334,1955, ,1948,1,1,4,N, ,3,N, , , , ,465625, , , ,2,1,0,0,0,0,0,1,0,0,0,1,2,1,0,0,0,0,0,0,0,0,0,0,0,0,0,0,0,0,0,0,0,0,0,4,0,40.0827,-75.0321, , 
 ,39501,2014121463,6,67,67301,2014,11,5,1730,17,3,2,1,4,1, , ,N,1,3,0,3,0,1,2,2,N,N,40 01:32.304,75 08:37.597,9999, ,1900, ,0, ,N, ,3, , , , , ,465633, , , ,1,0,0,0,0,0,1,0,1,0,0,1,1,0,0,0,0,0,0,0,0,0,0,0,0,0,0,0,0,0,0,0,0,0,0,4,0,40.0256,-75.1438, , 
 ,39502,2014120928,6,67,67301,2014,11,6,9999,99,1,1,0,8,1, , ,N,5,2,2,3,0,1,2,2,N,N,39 55:17.858,75 11:25.279,1742, ,1742, ,0, ,N, ,3, , , , , ,465650, , , ,1,0,0,0,1,0,0,0,0,0,0,1,1,0,0,0,0,0,0,0,0,0,0,0,0,0,0,0,0,0,0,0,1,0,0,4,0,39.9216,-75.1904, , 
 ,39503,2014122033,6,67,67301,2014,11,6,23,0,3,2,1,7,4, , ,N,0,0,0,3,0,1,1,1,N,N,39 56:33.399,75 14:21.092,35, ,27, ,0, ,N, ,0, , , , , ,465652, , , ,1,1,0,0,0,0,0,0,0,0,0,0,1,1,0,0,0,0,0,0,0,0,0,0,0,0,0,0,0,0,0,0,0,0,0,8,0,39.9426,-75.2392, , 
 ,39504,2014120286,6,67,67301,2014,11,5,2150,21,6,2,1,7,2, , ,N,0,0,0,3,0,1,1,1,N, ,40 01:38.308,75 11:34.075,2215, ,2156, ,0, , , ,0, , , , , ,465665, , , ,1,0,0,0,0,0,0,1,0,0,0,0,1,1,0,0,0,0,0,0,1,0,0,0,0,0,0,0,0,0,0,0,0,0,0,8,0,40.0273,-75.1928, , 
 ,39505,2014127413,6,67,67301,2014,12,1,2125,21,3,1,0,5,6, , ,N,0,0,0,3,0,2,3,2,N,N,40 02:02.816,75 09:58.674,2130, ,2130, ,0, ,N, ,0, , , , , ,465670, , , ,2,1,0,0,1,0,0,0,0,0,0,0,2,2,1,0,0,0,0,0,0,0,0,0,0,0,0,0,0,0,0,0,0,0,0,8,0,40.0341,-75.1663, , 
 ,39506,2014130508,6,67,67301,2014,12,5,846,8,1,1,0,4,1, , ,N,0,2,0,3,0,1,2,2,N, ,39 57:01.642,75 11:58.143,850, ,848, ,0, , , ,3, , , , , ,465676, , , ,1,0,0,0,0,0,1,0,1,0,0,1,1,0,0,0,0,0,0,0,1,0,0,0,0,0,0,0,0,0,0,0,0,0,0,4,0,39.9504,-75.1995, , 
 ,39507,2015002706,6,67,67301,2014,12,3,1120,11,1,1,0,8,1, , ,N,3,2,0,3,0,1,2,2,N,N,39 59:01.367,75 10:36.022,1345, ,1344, ,0, ,N, ,3, , , , , ,465682, , , ,1,1,0,0,0,0,0,0,0,0,0,0,1,1,0,0,0,0,0,0,0,0,0,0,0,0,0,0,0,0,0,0,1,0,0,8,0,39.9837,-75.1767, , 
 ,39508,2014113422,6,67,67301,2014,10,4,9999,99,1,1,0,8,1, , ,N,1,3,0,3,0,1,2,2,N,N,39 56:18.981,75 09:46.007,1408, ,1407, ,0, ,N, ,3, , , , , ,465686, , , ,1,1,0,0,0,0,0,0,0,0,0,1,1,0,0,0,0,0,0,0,1,0,0,0,0,0,0,0,0,0,0,0,1,0,0,4,0,39.9386,-75.1628, , 
 ,39509,2014125080,6,67,67301,2014,11,2,2016,20,2,1,0,5,1, , ,N,2,0,0,3,0,1,2,2,N,N,40 03:00.590,75 09:04.550,2025, ,2017, ,0, ,N, ,0, , , , , ,465694, , , ,2,1,0,0,0,0,1,0,0,0,0,1,1,0,0,0,0,0,0,0,0,0,1,0,0,0,0,0,0,0,0,0,0,0,0,4,0,40.0502,-75.1513, , 
 ,39510,2014113402,6,67,67301,2014,10,2,240,2,3,1,0,1,1, , ,N,1,2,0,3,0,2,3,2,N,N,40 02:24.861,75 03:30.268,248, ,242,1,1,1,N, ,3,Y, , , , ,465702, , , ,2,2,0,0,0,0,0,0,0,0,2,0,2,0,0,0,0,0,0,1,0,0,0,0,0,0,0,0,0,0,0,0,0,0,0,3,0,40.0403,-75.0585, , 
 ,39511,2014115480,6,67,67301,2014,7,1,1900,19,1,1,0,1,1, , ,N,1,2,0,3,0,1,2,2,N,N,39 56:37.828,75 14:16.183,0, ,0, ,0, ,N, ,3, , , , , ,465707, , , ,2,0,0,0,0,0,1,1,0,0,0,1,1,0,1,0,0,0,0,0,0,0,0,0,0,0,0,0,0,0,0,0,0,0,0,4,0,39.9438,-75.2378, , 
 ,39512,2014104558,6,67,67301,2014,10,4,1425,14,1,1,0,1,1, , ,N,5,2,0,3,0,1,5,3,N,N,40 00:21.613,75 05:30.664,1440, ,1435, ,0, , , ,3, , , , , ,462997, , , ,3,2,0,0,1,0,0,0,0,0,0,0,1,1,0,0,0,0,0,0,2,0,0,0,0,0,0,0,0,0,0,0,0,0,0,8,0,40.006,-75.0919, , 
 ,39513,2014081474,6,67,67301,2014,6,2,2330,23,3,9,0,4,1, , ,N,1,3,0,3,0,1,2,2,N, ,39 58:43.896,75 07:03.165,1845, ,1845, ,0, , , ,3, , , , , ,463016, , , ,1,1,0,0,0,0,0,0,1,0,0,1,1,0,0,0,0,0,0,0,0,0,0,0,0,0,0,0,0,0,0,0,0,0,0,4,0,39.9789,-75.1175, , 
 ,39514,2014088406,6,67,67301,2014,8,3,1019,10,1,1,0,4,6, , ,N,1,3,0,3,0,1,1,2,N,N,40 04:39.162,75 10:23.357,1035, ,1027,2,2,2,N, ,3,N, , , , ,463020, , , ,2,2,0,0,0,0,0,0,0,0,0,0,1,1,0,0,0,0,0,0,1,0,0,0,0,0,0,0,0,0,0,0,0,0,0,8,0,40.0775,-75.1732, , 
 ,39515,2014088758,6,67,67301,2014,7,2,1515,15,1,1,0,4,1, , ,N,1,3,0,3,0,0,2,2,N, ,40 02:56.310,75 04:01.689,1531, ,1529, ,0, , , ,3, , , , , ,463021, , , ,2,2,0,0,0,0,0,0,0,0,0,0,0,0,0,0,0,0,1,0,0,0,0,1,0,0,0,0,0,0,0,0,0,0,0,0,0,40.049,-75.0671, , 
 ,39516,2014088928,6,67,67301,2014,8,4,9999,99,1,1,0,2,1, , ,N,1,0,0,3,0,1,3,2,N, ,40 00:03.287,75 08:50.364,1855, ,1849, ,0, , , ,0, , , , , ,463022, , , ,2,2,0,0,0,0,0,0,0,0,1,0,1,0,0,0,0,0,1,0,0,0,0,1,0,0,0,0,0,0,0,0,0,0,0,3,0,40.0009,-75.1473, , 
 ,39517,2014091429,6,67,67301,2014,8,7,2245,22,3,1,0,5,1, , ,N,0,0,0,3,0,0,1,3,N,N,39 59:55.546,75 06:10.026,2300, ,2300,3,2,1, , ,0,Y, , , , ,463025, , , ,3,0,0,0,0,0,2,1,0,0,0,0,0,0,0,0,0,0,0,0,0,0,0,0,0,0,0,0,0,0,0,0,0,0,0,0,0,39.9988,-75.1028, , 
 ,39518,2014103205,6,67,67301,2014,10,5,239,2,3,2,1,7,4, , ,N,0,0,0,3,0,0,1,1,N,N,39 59:03.161,75 05:45.660,302, ,241,1,1,1,N, ,0,N, , , , ,463038, , , ,1,1,0,0,0,0,0,0,0,0,0,0,0,0,0,0,0,0,0,0,0,0,0,0,0,0,0,0,0,0,0,0,0,0,0,0,0,39.9842,-75.096, , 
 ,39519,2014113373,6,67,67301,2014,10,1,1310,13,1,1,0,5,1, , ,N,0,0,0,3,0,0,2,2,N, ,39 57:08.270,75 11:16.315,1315, ,1310, ,0, ,N, ,0, , , , , ,463048, , , ,2,2,0,0,0,0,0,0,0,0,0,0,0,0,0,0,0,0,0,0,0,0,0,0,0,0,0,0,0,0,0,0,0,0,0,0,0,39.9523,-75.1879, , 
 ,39520,2014065537,6,67,67301,2014,5,6,1459,14,1,1,0,8,1, , ,N,1,2,0,3,0,1,2,2,N, ,40 02:34.113,75 03:47.339,1534, ,1532, ,0, , , ,3, , , , , ,463058, , , ,1,1,0,0,0,0,0,0,0,0,0,1,1,0,0,0,0,0,0,0,1,0,0,1,0,0,0,0,0,0,0,0,1,0,0,4,0,40.0428,-75.0631, , 
 ,39521,2014091352,6,67,67301,2014,8,5,1800,18,1,1,0,4,1, , ,N,1,2,0,3,0,1,3,2,N,N,40 01:43.550,75 07:55.833,1800, ,1800, ,0, ,N, ,3, , , , , ,463066, , , ,2,1,0,0,0,0,1,0,0,0,0,1,1,0,0,0,0,0,0,0,0,0,0,1,0,0,0,0,0,0,0,0,0,0,0,4,0,40.0288,-75.1322, , 
 ,39522,2014087948,6,67,67301,2014,8,5,1102,11,1,1,0,4,1, , ,N,2,0,1,3,0,1,3,3,N,N,39 58:37.759,75 08:01.833,1108, ,1103, ,0, , , ,0, , , , , ,463108, , , ,3,2,0,0,0,0,1,0,0,0,0,0,1,1,0,0,0,0,0,1,0,0,0,0,0,0,0,0,0,0,0,0,0,0,0,8,0,39.9772,-75.1338, , 
 ,39523,2014068587,6,67,67301,2014,6,2,915,9,1,1,0,4,1, , ,N,0,0,7,3,0,1,3,2,N,N,40 06:21.730,75 02:00.633,940, ,938, ,0, ,N, ,0, , , , , ,463115, , , ,2,1,1,0,0,0,0,0,0,0,0,1,1,0,0,0,0,0,0,0,0,0,0,0,0,0,0,0,0,0,0,0,0,0,0,4,0,40.106,-75.0335, , 
 ,39524,2014084228,6,67,67301,2014,7,6,2300,23,3,1,0,2,1, , ,N,1,2,0,3,0,1,2,2,N,N,39 56:52.000,75 13:38.791,2325, ,2320, ,0, ,N, ,3, , , , , ,463129, , , ,2,2,0,0,0,0,0,0,0,0,0,0,1,1,0,0,0,0,0,0,0,0,0,0,0,0,0,0,0,0,0,0,0,0,0,8,0,39.9478,-75.2274, , 
 ,39525,2014093529,6,67,67301,2014,9,3,1512,15,1,1,0,5,6, , ,N,0,0,0,3,0,1,2,2,N,N,39 56:10.450,75 10:01.787,1531, ,1529,1,1,2,N, ,0,N, , , , ,463139, , , ,2,0,0,1,0,0,0,1,0,0,0,0,1,1,0,0,0,0,0,0,0,0,0,0,0,0,0,0,0,0,0,0,0,0,0,8,1,39.9362,-75.1672, , 
 ,39526,2014095974,6,67,67301,2014,7,1,1936,19,3,1,0,1,1, , ,N,1,2,0,3,0,0,2,2,N,N,40 02:01.136,75 03:49.097,2001, ,2001, ,0, ,N, ,3, , , , , ,463166, , , ,2,1,0,0,0,0,0,1,0,0,0,0,0,0,0,0,0,0,0,0,0,0,0,0,0,0,0,0,0,0,0,0,0,0,0,0,0,40.0336,-75.0636, , 
 ,39527,2014106692,6,67,67301,2014,10,7,834,8,1,2,1,4,1, , ,N,1,2,0,3,0,0,2,2,N,Y,40 03:19.147,75 04:24.059,836, ,835,1,2,3,N, ,3,Y, , , , ,463172, , , ,2,1,0,0,1,0,0,0,0,0,0,0,0,0,0,0,0,0,0,0,0,1,0,0,0,0,0,0,0,0,0,0,0,0,0,0,0,40.0553,-75.0733, , 
 ,39528,2014112284,6,67,67301,2014,10,3,630,6,8,9,0,8,1, , ,N,1,2,0,3,0,1,2,2,N, ,39 58:33.978,75 14:18.941,631, ,630, ,0, , , ,3, , , , , ,463179, , , ,1,0,0,0,1,0,0,0,0,0,1,0,1,0,0,0,0,0,0,0,0,0,0,0,0,0,0,0,0,0,0,0,1,0,0,3,0,39.9761,-75.2386, , 
 ,39529,2014113480,6,67,67301,2014,10,7,2131,21,3,1,0,8,1, , ,N,5,2,0,3,0,1,2,2,N, ,40 00:23.562,75 08:35.203,2133, ,2135, ,0, , , ,3, , , , , ,463181, , , ,1,1,0,0,0,0,0,0,0,0,0,1,1,0,1,0,0,0,0,0,0,0,0,0,0,0,0,0,0,0,0,0,1,0,0,4,0,40.0065,-75.1431, , 
 ,39530,2014088075,6,67,67301,2014,7,6,2110,21,4,1,0,4,1, , ,N,2,3,0,3,0,1,2,2,N,N,39 56:11.983,75 11:25.997,2117, ,2115, ,0, ,N, ,3, , , , , ,457266, , , ,1,1,0,0,0,0,0,0,1,0,0,1,1,0,0,0,0,0,0,0,1,0,0,0,0,0,0,0,0,0,0,0,0,0,0,4,0,39.9367,-75.1906, , 
 ,39531,2014088133,6,67,67301,2014,8,6,1730,17,1,1,0,4,1, , ,N,5,2,0,3,0,2,4,2,N,N,39 59:55.130,75 10:41.603,1746, ,1739, ,0, ,N, ,3, , , , , ,457267, , , ,2,1,0,0,0,0,1,0,0,0,2,0,2,0,0,0,0,0,0,0,2,0,0,0,0,0,0,0,0,0,0,0,0,0,0,3,0,39.9987,-75.1782, , 
 ,39532,2014088878,6,67,67301,2014,8,4,1630,16,1,1,0,4,1, , ,N,1,2,0,3,0,1,2,2,Y,N,39 58:48.981,75 12:50.721,1651, ,1645, ,0, ,N, ,3, , , , , ,457269, , , ,2,1,0,1,0,0,0,0,0,0,0,1,1,0,0,0,0,0,0,0,0,0,0,0,0,0,0,0,0,0,0,0,0,0,0,4,1,39.9803,-75.2141, , 
 ,39533,2014059197,6,67,67301,2014,6,3,1422,14,1,1,0,1,1, , ,N,0,0,0,3,0,0,2,2,N,N,39 57:36.465,75 10:47.770,1449, ,1432, ,0, ,N, ,0, , , , , ,457271, , , ,2,1,0,0,0,0,1,0,0,0,0,0,0,0,0,0,0,0,0,1,0,1,0,0,0,0,0,0,0,0,0,0,0,0,0,0,0,39.9601,-75.1799, , 