wz_ln_closure,objectid_1,crn,district,county,municipality,crash_year,crash_month,day_of_week,time_of_day,hour_of_day,illumination,weather,road_condition,collision_type,relation_to_road,work_zone_type,work_zone_loc,work_zone_ind,intersect_type,tcd_type,location_type,urban_rural,fatal_count,injury_count,person_count,total_units,sch_bus_ind,sch_zone_ind,latitude,longitude,arrival_tm,cons_zone_spd_lim,dispatch_tm,est_hrs_closed,lane_closed,ln_close_dir,ntfy_hiwy_maint,spec_juris_cd,tcd_func_cd,tfc_detour_ind,workers_pres,wz_close_detour,wz_flagger,wz_law_offcr_ind,objectid,wz_moving,wz_other,wz_shlder_mdn,vehicle_count,automobile_count,motorcycle_count,bus_count,small_truck_count,heavy_truck_count,suv_count,van_count,bicycle_count,maj_inj_count,mod_inj_count,min_inj_count,tot_inj_count,unk_inj_deg_count,unk_inj_per_count,driver_count_16yr,driver_count_17yr,driver_count_18yr,driver_count_19yr,driver_count_20yr,driver_count_50_64yr,driver_count_65_74yr,driver_count_75plus,unbelted_occ_count,unb_death_count,unb_maj_inj_count,belted_death_count,belted_maj_inj_count,mcycle_death_count,mcycle_maj_inj_count,bicycle_death_count,bicycle_maj_inj_count,ped_count,ped_death_count,ped_maj_inj_count,max_severity_level,comm_veh_count,dec_lat,dec_long,rdwy_surf_type_cd,county_name
 ,39667,2014068662,6,67,67301,2014,6,5,4,0,3,1,0,9,1, , ,N,0,0,0,3,0,1,2,2,N, ,40 06:51.911,74 59:14.441,500, ,421,9,2,1, , ,0,Y, , , , ,463572, , , ,2,0,0,0,0,1,1,0,0,0,0,1,1,0,0,0,0,0,0,0,1,0,0,0,0,0,0,0,0,0,0,0,0,0,0,4,1,40.1144,-74.9873, , 
 ,39668,2014072757,6,67,67301,2014,7,1,2225,22,3,1,0,7,4, , ,N,0,0,2,3,0,0,1,1,N,N,39 53:25.677,75 13:18.743,2300, ,2238, ,0, ,N, ,0, , , , , ,463574, , , ,1,1,0,0,0,0,0,0,0,0,0,0,0,0,1,0,0,0,0,1,0,0,0,0,0,0,0,0,0,0,0,0,0,0,0,9,0,39.8905,-75.2219, , 
 ,39669,2014088062,6,67,67301,2014,7,4,1727,17,1,1,0,5,1, , ,N,0,0,0,3,0,1,3,2,N,N,39 56:25.314,75 08:58.326,1731, ,1729, ,0, ,N, ,0, , , , , ,463584, , , ,1,1,0,0,0,0,0,0,1,0,0,1,1,0,0,0,0,0,0,1,0,0,0,0,0,0,0,0,0,0,0,0,0,0,0,4,0,39.9404,-75.1495, , 
 ,39670,2014093546,6,67,67301,2014,9,5,840,8,1,1,0,2,1, , ,N,1,2,0,3,0,0,3,3,N,N,39 59:49.084,75 07:02.675,901, ,857, ,0, ,N, ,3, , , , , ,463588, , , ,2,2,0,0,0,0,0,0,0,0,0,0,0,0,0,0,0,0,0,0,1,0,0,0,0,0,0,0,0,0,0,0,0,0,0,0,0,39.997,-75.1174, , 
 ,39671,2014068097,6,67,67301,2014,6,5,1540,15,1,2,1,4,1, , ,N,1,3,0,3,0,1,3,2,N, ,39 59:57.041,75 08:03.904,1605, ,1600, ,0, , , ,3, , , , , ,463593, , , ,2,1,0,0,1,0,0,0,0,0,0,0,1,1,0,0,0,0,0,1,0,0,0,0,0,0,0,0,0,0,0,0,0,0,0,8,0,39.9992,-75.1344, , 
 ,39672,2014068568,6,67,67301,2014,6,3,1645,16,1,2,1,1,1, , ,N,0,0,0,3,0,2,5,3,N,N,40 06:23.361,74 59:41.700,1654, ,1652,1,1,4,N, ,0,N, , , , ,463594, , , ,3,2,0,0,0,0,1,0,0,0,0,1,2,1,0,0,0,0,0,0,0,0,0,0,0,0,0,0,0,0,0,0,0,0,0,4,0,40.1065,-74.9949, , 
 ,39673,2014078896,6,67,67301,2014,6,6,2026,20,4,1,0,8,1, , ,N,0,0,0,3,0,1,2,2,N,N,39 59:00.717,75 10:35.137,2036, ,2028, ,0, , , ,0, , , , , ,463603, , , ,1,0,0,0,0,0,1,0,0,0,0,0,1,1,0,0,0,0,0,0,0,0,0,0,0,0,0,0,0,0,0,0,1,0,0,8,0,39.9835,-75.1764, , 
 ,39674,2014091437,6,67,67301,2014,8,6,428,4,3,1,0,4,1, , ,N,1,2,0,3,0,1,2,3,N,N,40 02:08.080,75 07:25.889,441, ,433,2,2,2,N, ,3,N, , , , ,463618, , , ,3,3,0,0,0,0,0,0,0,0,0,1,1,0,0,0,0,0,0,0,0,0,0,0,0,0,0,0,0,0,0,0,0,0,0,4,0,40.0356,-75.1239, , 
 ,39675,2014088077,6,67,67301,2014,7,3,1950,19,1,1,0,7,4, , ,N,1,2,0,3,0,1,1,2,N,N,39 57:59.706,75 12:48.689,1955, ,1953, ,0, ,N, ,3, , , , , ,463665, , , ,1,0,0,0,1,0,0,0,0,0,0,1,1,0,0,0,0,0,0,0,0,0,0,0,0,0,0,0,0,0,0,0,0,0,0,4,0,39.9666,-75.2135, , 
 ,39676,2014068681,6,67,67301,2014,6,3,1940,19,1,1,0,5,1, , ,N,0,0,0,3,0,1,2,2,N,N,39 55:33.010,75 11:10.150,1941, ,1940,1,2,2,N, ,0,Y, , , , ,457528, , , ,1,1,0,0,0,0,0,0,1,0,0,0,1,1,0,0,0,0,0,0,1,0,0,1,0,0,0,0,0,0,0,0,0,0,0,8,0,39.9258,-75.1862, , 
 ,39677,2014076001,6,67,67301,2014,6,5,2110,21,3,1,0,4,1, , ,N,1,2,0,3,0,0,3,3,N,N,40 02:20.942,75 06:36.006,2115, ,2110, ,0, ,N, ,3, , , , , ,457536, , , ,3,2,0,0,0,0,1,0,0,0,0,0,0,0,0,0,0,0,0,0,0,0,0,0,0,0,0,0,0,0,0,0,0,0,0,0,0,40.0392,-75.11, , 
 ,39678,2014088354,6,67,67301,2014,8,5,1113,11,1,1,0,4,1, , ,N,2,0,0,3,0,1,2,2,N,N,40 01:23.187,75 03:11.347,1117, ,1114, ,0, ,N, ,0, , , , , ,457547, , , ,2,1,0,0,0,0,0,1,0,0,0,1,1,0,0,0,0,0,0,0,0,0,0,0,0,0,0,0,0,0,0,0,0,0,0,4,0,40.0231,-75.0532, , 
 ,39679,2014091405,6,67,67301,2014,8,7,5,0,3,1,0,1,1, , ,N,1,3,0,3,0,1,2,2,N,N,40 00:57.204,75 06:40.881,13, ,5, ,0, ,N, ,3, , , , , ,457551, , , ,2,2,0,0,0,0,0,0,0,0,0,1,1,0,0,0,0,0,0,0,0,0,0,0,0,0,0,0,0,0,0,0,0,0,0,4,0,40.0159,-75.1114, , 
 ,39680,2014088625,6,67,67301,2014,7,3,240,2,3,1,0,4,1, , ,N,1,3,0,3,0,5,6,2,N,N,40 03:57.348,75 10:19.743,300, ,251, ,0, ,N, ,3, , , , , ,457579, , , ,2,2,0,0,0,0,0,0,0,0,0,5,5,0,0,0,0,0,0,0,1,0,0,2,0,0,0,0,0,0,0,0,0,0,0,4,0,40.0659,-75.1722, , 
 ,39681,2014109959,6,67,67301,2014,10,3,1600,16,1,1,0,1,1, , ,N,1,2,0,3,0,1,3,2,N,N,40 00:16.358,75 08:22.210,1648, ,1644, ,0, ,N, ,3, , , , , ,457601, , , ,2,2,0,0,0,0,0,0,0,0,0,1,1,0,1,0,0,0,0,0,0,1,0,0,0,0,0,0,0,0,0,0,0,0,0,4,0,40.0045,-75.1395, , 
 ,39682,2014113288,6,67,67301,2014,11,7,9999,99,3,1,1,4,1, , ,N,1,2,0,3,0,1,6,2,N,N,39 54:33.696,75 09:40.053,1853, ,1852, ,0, ,N, ,3, , , , , ,457605, , , ,2,1,0,0,0,0,1,0,0,0,0,1,1,0,0,1,0,0,0,0,0,0,0,0,0,0,0,0,0,0,0,0,0,0,0,4,0,39.9094,-75.1611, , 
 ,39683,2014071858,6,67,67301,2014,7,1,1030,10,1,1,0,7,2, , ,N,0,0,0,3,0,2,2,1,N,N,39 53:56.013,75 10:21.157,1046, ,1031,1,1,1,N, ,0,N, , , , ,457625, , , ,1,0,0,0,0,0,1,0,0,0,0,0,2,2,0,0,0,0,0,0,1,0,0,0,0,0,0,0,0,0,0,0,0,0,0,8,0,39.8989,-75.1725, , 
 ,39684,2014078993,6,67,67301,2014,7,5,1443,14,1,1,0,1,1, , ,N,0,0,0,3,0,1,2,2,N,N,39 58:08.612,75 07:38.105,1510, ,1445,2,1,1,N, ,0,N, , , , ,457633, , , ,2,1,0,0,1,0,0,0,0,0,1,0,1,0,0,0,0,0,0,0,1,0,0,1,0,0,0,0,0,0,0,0,0,0,0,3,0,39.9691,-75.1273, , 
 ,39685,2014084173,6,67,67301,2014,7,7,1700,17,1,1,0,1,1, , ,N,0,0,0,3,0,4,10,3,N,N,39 56:56.930,75 12:12.280,1724, ,1707, ,0, , , ,0, , , , , ,457637, , , ,3,1,0,0,0,0,1,0,0,0,0,4,4,0,0,0,0,0,0,0,1,0,0,0,0,0,0,0,0,0,0,0,0,0,0,4,0,39.9491,-75.2034, , 
 ,39686,2014086229,6,67,67301,2014,8,2,116,1,3,1,0,7,4, , ,N,0,0,0,3,0,1,1,1,N,N,39 57:25.254,75 08:29.113,129, ,120,1,1,2,N, ,0,N, , , , ,457639, , , ,1,1,0,0,0,0,0,0,0,0,0,1,1,0,0,0,0,0,1,0,0,0,0,0,0,0,0,0,0,0,0,0,0,0,0,4,0,39.957,-75.1414, , 
 ,39687,2014087956,6,67,67301,2014,8,1,1705,17,1,1,0,1,1, , ,N,1,2,0,3,0,1,2,2,N,N,39 55:00.583,75 10:16.768,1720, ,1713, ,0, ,N, ,3, , , , , ,457644, , , ,2,0,0,0,1,0,0,1,0,0,0,0,1,1,0,0,0,0,0,0,0,0,0,0,0,0,0,0,0,0,0,0,0,0,0,8,0,39.9168,-75.1713, , 
 ,39688,2014088933,6,67,67301,2014,8,7,2130,21,2,1,0,0,1, , ,N,0,0,0,3,0,1,1,1,N,N,39 59:39.530,75 06:04.070,2135, ,2132, ,0, ,N, ,0, , , , , ,457645, , , ,1,0,1,0,0,0,0,0,0,0,0,1,1,0,0,0,0,0,0,0,0,0,0,0,0,0,0,0,0,0,0,0,0,0,0,4,0,39.9943,-75.1011, , 
 ,39689,2014059241,6,67,67301,2014,5,7,9999,99,3,2,1,8,1, , ,N,1,2,0,3,0,1,3,2,N,N,40 02:05.655,75 11:03.688,9999, ,9999, ,0, ,N, ,3, , , , , ,457659, , , ,1,1,0,0,0,0,0,0,0,0,1,0,1,0,0,0,0,0,0,0,0,1,0,0,0,0,0,0,0,0,0,0,1,0,0,3,0,40.0349,-75.1844, , 
 ,39690,2014065573,6,67,67301,2014,5,5,1717,17,1,2,1,4,1, , ,N,0,0,7,3,0,2,3,2,N,N,40 02:21.769,75 06:34.755,1720, ,1719, ,0, ,N, ,0, , , , , ,457666, , , ,2,1,0,0,0,0,1,0,0,0,0,2,2,0,0,0,0,0,0,0,0,0,0,0,0,0,0,0,0,0,0,0,0,0,0,4,0,40.0394,-75.1097, , 
 ,39691,2014078810,6,67,67301,2014,4,7,1919,19,1,1,0,8,1, , ,N,0,0,0,3,0,1,2,2,N, ,39 55:45.214,75 13:04.754,1925, ,1918, ,0, , , ,0, , , , , ,457675, , , ,1,1,0,0,0,0,0,0,0,0,0,0,1,1,0,0,0,0,0,0,0,0,0,0,0,0,0,0,0,0,0,0,1,0,0,8,0,39.9292,-75.218, , 
 ,39692,2014084283,6,67,67301,2014,7,3,1130,11,1,1,0,4,1, , ,N,5,2,0,3,0,0,2,2,N,N,39 57:16.308,75 08:58.375,1140, ,1136, ,0, ,N, ,3, , , , , ,457680, , , ,2,1,0,0,0,0,0,1,0,0,0,0,0,0,0,0,0,0,0,0,1,0,0,0,0,0,0,0,0,0,0,0,0,0,0,0,0,39.9547,-75.1495, , 
 ,39693,2014084327,6,67,67301,2014,7,3,321,3,3,1,0,6,6, , ,N,0,0,0,3,0,0,1,4,N, ,39 57:01.616,75 13:38.168,325, ,341, ,0, , , ,0, , , , , ,457681, , , ,4,0,0,0,0,0,4,0,0,0,0,0,0,0,1,0,0,0,0,0,0,0,0,0,0,0,0,0,0,0,0,0,0,0,0,9,0,39.9504,-75.2273, , 
 ,39694,2014093564,6,67,67301,2014,9,4,1431,14,1,1,0,4,1, , ,N,1,2,0,3,0,1,2,2,N,N,40 01:31.355,75 04:23.942,1509, ,1507, ,0, ,N, ,3, , , , , ,460382, , , ,2,2,0,0,0,0,0,0,0,0,0,1,1,0,0,0,0,0,1,0,0,0,0,0,0,0,0,0,0,0,0,0,0,0,0,4,0,40.0254,-75.0733, , 
 ,39695,2014117597,6,67,67301,2014,11,1,2300,23,3,1,0,7,4, , ,N,1,2,0,3,0,0,1,1,N,N,39 57:45.285,75 12:47.023,2310, ,2306, ,0, ,N, ,3, , , , , ,460397, , , ,1,1,0,0,0,0,0,0,0,0,0,0,0,0,0,0,0,0,0,0,0,0,0,0,0,0,0,0,0,0,0,0,0,0,0,0,0,39.9626,-75.2127, , 
 ,39696,2014068663,6,67,67301,2014,6,7,1554,15,1,1,0,7,4, , ,N,2,0,0,3,0,0,2,2,N,N,40 03:17.712,75 03:45.522,1600, ,1556, ,0, ,N, ,0, , , , , ,460410, , , ,1,1,0,0,0,0,0,0,0,0,0,0,0,0,0,0,0,0,0,0,0,0,0,0,0,0,0,0,0,0,0,0,0,0,0,0,0,40.0549,-75.0625, , 
 ,39697,2014070983,6,67,67301,2014,7,3,2144,21,2,2,1,7,3, , ,N,0,0,0,3,0,0,1,1,N,N,40 02:12.812,75 00:49.249,2156, ,2150,1,1,2,N, ,0,N, , , , ,460415, , , ,1,1,0,0,0,0,0,0,0,0,0,0,0,0,0,0,0,0,0,0,0,0,0,0,0,0,0,0,0,0,0,0,0,0,0,0,0,40.0369,-75.0137, , 
 ,39698,2014084295,6,67,67301,2014,7,2,1957,19,3,2,1,4,1, , ,N,1,2,0,3,0,1,3,2,N,N,40 02:38.785,75 03:43.094,2003, ,2000,1,1,1, , ,3,Y, , , , ,460426, , , ,2,2,0,0,0,0,0,0,0,0,0,1,1,0,0,0,0,0,0,0,1,0,1,0,0,0,0,0,0,0,0,0,0,0,0,4,0,40.0441,-75.0619, , 
 ,39699,2014088369,6,67,67301,2014,7,3,1304,13,1,1,0,4,1, , ,N,1,2,0,3,0,1,3,2,N,N,39 57:17.491,75 09:04.108,1306, ,1304, ,0, ,N, ,3, , , , , ,460430, , , ,2,1,0,0,0,0,1,0,0,0,1,0,1,0,0,0,0,0,0,0,0,0,0,0,0,0,0,0,0,0,0,0,0,0,0,3,0,39.9549,-75.1511, , 
 ,39700,2014093528,6,67,67301,2014,9,7,2200,22,6,9,0,8,1, , ,N,0,0,0,3,0,1,2,2,N,N,40 01:04.418,75 08:26.059,9999, ,155, ,0, ,N, ,0, , , , , ,460435, , , ,1,0,0,0,0,0,1,0,0,0,0,0,1,1,0,0,0,0,0,0,0,0,0,0,0,0,0,0,0,0,0,0,1,0,0,8,0,40.0179,-75.1406, , 
 ,39701,2014098681,6,67,67301,2014,9,5,901,9,1,2,1,4,1, , ,N,1,2,0,3,0,2,4,2,N,N,39 57:41.520,75 13:28.357,904, ,903, ,0, ,N, ,3, , , , , ,460439, , , ,2,1,0,0,0,0,0,1,0,0,0,2,2,0,0,0,0,0,0,0,1,1,0,0,0,0,0,0,0,0,0,0,0,0,0,4,0,39.9615,-75.2245, , 
 ,39702,2014106664,6,67,67301,2014,10,1,1809,18,1,1,0,4,1, , ,N,1,2,0,3,0,1,2,2,N, ,39 54:20.727,75 11:38.377,1813, ,1810,1,1,4, , ,3,N, , , , ,460444, , , ,2,1,0,0,0,1,0,0,0,0,0,1,1,0,0,0,0,0,0,0,0,0,0,1,0,0,0,0,0,0,0,0,0,0,0,4,1,39.9057,-75.1938, , 
 ,39703,2014111473,6,67,67301,2014,10,2,2340,23,3,1,0,4,1, , ,N,1,3,0,3,0,2,3,2,N,N,39 59:59.654,75 09:00.593,11, ,8, ,0, ,N, ,3, , , , , ,460470, , , ,2,2,0,0,0,0,0,0,0,0,0,2,2,0,0,0,0,0,0,1,0,0,0,0,0,0,0,0,0,0,0,0,0,0,0,4,0,39.9999,-75.1502, , 
 ,39704,2014114492,6,67,67301,2014,1,4,1630,16,4,4,3,5,1, , ,N,0,0,0,3,0,2,3,2,N,N,39 56:34.490,75 13:33.582,0, ,0, ,0, ,N, ,0, , , , , ,460475, , , ,2,0,0,0,0,0,0,1,0,0,0,0,2,2,0,0,0,0,0,0,0,0,0,0,0,0,0,0,0,0,0,0,0,0,0,8,0,39.9429,-75.226, , 
 ,39705,2014130468,6,67,67301,2014,12,7,212,2,3,1,0,4,1, , ,N,1,2,0,3,0,2,3,2,N,N,40 01:37.801,75 09:04.478,9999, ,212, ,0, ,N, ,3, , , , , ,460497, , , ,2,2,0,0,0,0,0,0,0,0,0,0,2,2,0,0,0,0,0,0,0,0,0,0,0,0,0,0,0,0,0,0,0,0,0,8,0,40.0272,-75.1512, , 
 ,39706,2014062763,6,67,67301,2014,6,6,1624,16,1,1,0,1,1, , ,N,0,0,0,3,0,1,9,2,N,N,39 59:25.658,75 05:13.001,1700, ,1637, ,0, ,N, ,0, , , , , ,460510, , , ,2,1,0,0,0,0,1,0,0,0,0,1,1,0,0,0,0,0,0,1,0,0,0,0,0,0,0,0,0,0,0,0,0,0,0,4,0,39.9905,-75.0869, , 
 ,39707,2014077277,6,67,67301,2014,5,2,1340,13,1,1,0,8,1, , ,N,0,0,0,3,1,0,2,2,N,N,39 58:13.614,75 09:02.395,1345, ,1345, ,0, , ,0,0, , , , , ,460517, , , ,1,0,0,0,0,0,0,1,0,0,0,0,0,0,0,0,0,0,0,0,1,0,0,1,0,0,0,0,0,0,0,0,1,1,0,1,0,39.9704,-75.1507,2, 
 ,39708,2014084402,6,67,67301,2014,7,6,1900,19,1,1,0,5,1, , ,N,1,2,0,3,0,0,5,3,N,N,39 57:22.004,75 12:21.970,1905, ,1905, ,0, ,N, ,3, , , , , ,460522, , , ,3,3,0,0,0,0,0,0,0,0,0,0,0,0,0,0,0,0,0,0,1,0,0,0,0,0,0,0,0,0,0,0,0,0,0,0,0,39.9561,-75.2061, , 
 ,39709,2014088902,6,67,67301,2014,8,3,1730,17,3,1,0,8,1, , ,N,1,2,0,3,0,1,2,2,N,N,39 58:05.382,75 13:30.517,1730, ,1730, ,0, ,N, ,3, , , , , ,460530, , , ,1,1,0,0,0,0,0,0,0,0,0,1,1,0,1,0,0,0,0,0,0,0,0,0,0,0,0,0,0,0,0,0,1,0,0,4,0,39.9681,-75.2251, , 
 ,39710,2014059067,6,67,67301,2014,4,6,2129,21,3,2,1,2,1, , ,N,1,2,0,3,0,3,4,2,N,N,39 58:10.310,75 13:31.350,2215, ,2129, ,0, ,N, ,3, , , , , ,460547, , , ,2,1,0,0,0,0,0,1,0,0,0,3,3,0,0,0,0,0,0,0,1,0,0,0,0,0,0,0,0,0,0,0,0,0,0,4,0,39.9695,-75.2254, , 
 ,39711,2014059322,6,67,67301,2014,5,7,1705,17,1,1,0,4,1, , ,N,1,2,0,3,0,1,2,2,N,N,39 55:43.884,75 14:07.770,1725, ,1715, ,0, ,N, ,3, , , , , ,460548, , , ,1,1,0,0,0,0,0,0,1,0,1,0,1,0,0,0,0,0,0,0,0,0,0,0,0,0,0,0,0,0,0,0,0,0,0,3,0,39.9289,-75.2355, , 
 ,39712,2014087814,6,67,67301,2014,8,7,2002,20,3,1,0,1,1, , ,N,1,2,0,3,0,2,3,2,N,N,40 04:18.292,75 09:14.575,2054, ,2047, ,0, ,N, ,3, , , , , ,466012, , , ,2,2,0,0,0,0,0,0,0,0,0,2,2,0,1,0,0,0,0,0,0,1,0,0,0,0,0,0,0,0,0,0,0,0,0,4,0,40.0717,-75.1541, , 
 ,39713,2014088021,6,67,67301,2014,7,4,1521,15,1,1,0,8,1, , ,N,0,0,0,3,0,1,2,2,N, ,40 00:10.843,75 07:58.432,1540, ,1530, ,0, , , ,0, , , , , ,466013, , , ,1,0,0,0,0,0,1,0,0,0,0,1,1,0,0,0,0,0,0,0,0,0,0,0,0,0,0,0,0,0,0,0,1,0,0,4,0,40.003,-75.1329, , 
 ,39714,2014100544,6,67,67301,2014,10,6,1159,11,1,1,0,5,1, , ,N,6,4,2,3,0,1,6,4,N,N,39 58:58.586,75 12:29.050,1159, ,1159,2,1,3,N, ,3,N, , , , ,466024, , , ,4,1,0,0,0,1,1,1,0,0,0,0,1,1,0,0,0,0,0,0,1,1,0,1,0,0,0,0,0,0,0,0,0,0,0,8,1,39.9829,-75.2081, , 
 ,39715,2014120300,6,67,67301,2014,11,1,2019,20,3,2,1,1,1, , ,N,1,2,0,3,0,4,5,3,N,N,40 01:32.829,75 07:58.227,2112, ,2056, ,0, ,N, ,3, , , , , ,466037, , , ,3,2,0,0,0,0,1,0,0,0,0,0,4,4,1,0,0,0,0,0,0,0,0,0,0,0,0,0,0,0,0,0,0,0,0,8,0,40.0258,-75.1328, , 
 ,39716,2014122432,6,67,67301,2014,11,1,2324,23,3,2,1,4,1, , ,N,1,3,0,3,0,1,3,2,Y, ,40 01:18.818,75 04:08.687,2328, ,2328, ,0, , , ,3, , , , , ,466039, , , ,2,0,0,0,0,0,1,1,0,0,0,1,1,0,0,0,0,0,0,0,0,1,0,0,0,0,0,0,0,0,0,0,0,0,0,4,0,40.0219,-75.0691, , 
 ,39717,2014113400,6,67,67301,2014,10,4,1940,19,3,2,1,8,1, , ,N,2,2,0,3,0,1,3,2,N,N,39 57:18.519,75 11:07.387,1945, ,1942, ,0, ,N, ,3, , , , , ,466043, , , ,1,0,0,0,1,0,0,0,0,0,0,1,1,0,0,0,0,0,0,0,1,0,0,0,0,0,0,0,0,0,0,0,1,0,0,4,0,39.9551,-75.1856, , 
 ,39718,2014120885,6,67,67301,2014,7,5,1030,10,1,1,0,4,1, , ,N,1,3,0,3,0,1,2,2,N, ,39 59:06.663,75 08:06.305,1043, ,1043, ,0, , , ,3, , , , , ,466047, , , ,1,1,0,0,0,0,0,0,1,0,0,1,1,0,0,0,0,0,0,0,0,0,0,0,0,0,0,0,0,0,0,0,0,0,0,4,0,39.9852,-75.1351, , 
 ,39719,2014125110,6,67,67301,2014,11,7,1602,16,1,1,0,4,1, , ,N,1,3,0,3,0,1,2,2,N,N,39 58:52.845,75 07:30.118,9999, ,9999, ,0, ,N, ,3, , , , , ,466049, , , ,2,2,0,0,0,0,0,0,0,0,0,1,1,0,0,0,0,0,0,0,0,0,0,2,0,0,0,0,0,0,0,0,0,0,0,4,0,39.9813,-75.125, , 
 ,39720,2014095940,6,67,67301,2014,9,1,1722,17,1,1,0,4,1, , ,N,0,0,0,3,0,1,2,2,N, ,40 06:28.528,75 01:35.459,1726, ,1724, ,0, , , ,0, , , , , ,466065, , , ,2,1,0,0,1,0,0,0,0,0,0,0,1,1,0,0,0,0,0,0,1,0,0,0,0,0,0,0,0,0,0,0,0,0,0,8,0,40.1079,-75.0265, , 
 ,39721,2014103942,6,67,67301,2014,10,6,722,7,1,1,0,4,1, , ,N,1,0,0,3,0,1,3,2,N,N,40 00:09.326,75 13:25.112,724, ,722, ,0, ,N, ,0, , , , , ,466068, , , ,2,1,0,0,0,0,1,0,0,0,0,0,1,1,0,0,0,0,0,0,1,0,0,0,0,0,0,0,0,0,0,0,0,0,0,8,0,40.0025,-75.2236, , 
 ,39722,2014104427,6,67,67301,2014,10,4,2045,20,3,1,0,8,1, , ,N,1,0,0,3,0,1,2,2,N,N,39 59:17.480,75 08:04.120,125, ,120, ,0, ,N, ,0, , , , , ,466069, , , ,1,1,0,0,0,0,0,0,0,0,0,0,1,1,0,0,0,0,0,0,0,0,0,0,0,0,0,0,0,0,0,0,1,0,0,8,0,39.9882,-75.1345, , 
 ,39723,2014110409,6,67,67301,2014,10,4,640,6,5,1,0,4,1, , ,N,1,2,0,3,0,2,3,2,N, ,40 02:15.589,75 02:33.074,648, ,645, ,0, , , ,3, , , , , ,466077, , , ,2,2,0,0,0,0,0,0,0,0,0,0,2,2,0,0,0,0,0,0,1,0,0,0,0,0,0,0,0,0,0,0,0,0,0,8,0,40.0377,-75.0425, , 
 ,39724,2014068679,6,67,67301,2014,6,6,849,8,1,1,0,1,1, , ,N,0,0,0,3,0,0,4,4,N,N,40 01:26.898,75 07:51.906,905, ,850,9,1,1,N, ,0,N, , , , ,466096, , , ,4,3,0,0,0,1,0,0,0,0,0,0,0,0,0,0,0,0,0,0,1,0,0,0,0,0,0,0,0,0,0,0,0,0,0,0,1,40.0241,-75.1311, , 
 ,39725,2014080607,6,67,67301,2014,8,4,550,5,1,1,1,7,3, , ,N,0,0,0,3,0,0,1,1,N,N,39 54:02.211,75 09:20.614,604, ,557,2,1,2,N, ,0,N, , , , ,466120, , , ,1,1,0,0,0,0,0,0,0,0,0,0,0,0,0,0,0,0,0,0,0,0,0,0,0,0,0,0,0,0,0,0,0,0,0,0,0,39.9006,-75.1557, , 
 ,39726,2014096412,6,67,67301,2014,9,7,1134,11,1,1,0,5,1, , ,N,0,0,0,3,0,1,1,2,N,N,39 55:46.344,75 09:08.557,1138, ,1134,1,2,3,N, ,0,Y, , , , ,466136, , , ,2,1,0,0,0,0,0,1,0,0,0,1,1,0,0,0,0,0,0,0,1,0,0,0,0,0,0,0,0,0,0,0,0,0,0,4,0,39.9295,-75.1524, , 
 ,39727,2014118849,6,67,67301,2014,9,1,227,2,3,1,0,1,1, , ,N,0,7,0,3,0,3,4,3,N,N,39 59:16.696,75 12:26.744,232, ,227,2,2,3,N, ,3,Y, , , , ,466138, , , ,3,2,0,0,0,0,1,0,0,1,0,1,3,1,0,0,0,0,0,0,1,0,0,0,0,0,0,0,0,0,0,0,0,0,0,2,0,39.988,-75.2074, , 
 ,39728,2014078884,6,67,67301,2014,5,6,1819,18,1,1,0,4,1, , ,N,1,3,0,3,0,1,2,2,N,N,39 54:58.946,75 14:30.415,1928, ,1912, ,0, ,N, ,3, , , , , ,466150, , , ,1,1,0,0,0,0,0,0,1,0,0,0,1,1,0,0,0,0,0,0,0,0,0,0,0,0,0,0,0,0,0,0,0,0,0,8,0,39.9164,-75.2418, , 
 ,39729,2014088006,6,67,67301,2014,8,2,1700,17,1,1,0,4,1, , ,N,5,2,0,3,0,1,2,2,N, ,40 03:30.268,75 08:57.263,1710, ,1704, ,0, , , ,3, , , , , ,466158, , , ,2,2,0,0,0,0,0,0,0,0,0,0,1,1,0,0,0,0,1,0,0,0,0,0,0,0,0,0,0,0,0,0,0,0,0,8,0,40.0584,-75.1492, , 
 ,39730,2014088830,6,67,67301,2014,8,2,630,6,1,1,0,8,1, , ,N,1,2,0,3,0,1,2,2,N,N,39 54:19.871,75 10:26.843,645, ,640, ,0, ,N, ,3, , , , , ,463666, , , ,1,1,0,0,0,0,0,0,0,0,0,1,1,0,0,0,0,0,0,0,0,0,0,0,0,0,0,0,0,0,0,0,1,0,0,4,0,39.9055,-75.1741, , 
 ,39731,2014098676,6,67,67301,2014,9,6,9999,99,3,1,0,4,1, , ,N,1,2,0,3,0,0,2,2,N,N,40 00:35.379,75 09:03.622,145, ,140, ,0, , , ,3, , , , , ,463679, , , ,2,2,0,0,0,0,0,0,0,0,0,0,0,0,0,0,0,0,0,0,0,0,0,0,0,0,0,0,0,0,0,0,0,0,0,0,0,40.0098,-75.151, , 
 ,39732,2014081425,6,67,67301,2014,6,5,2018,20,4,1,0,6,1, , ,N,0,0,0,3,0,4,5,3,N,N,40 00:25.956,75 07:24.188,2020, ,2018, ,0, , , ,0, , , , , ,463697, , , ,3,1,0,0,0,0,2,0,0,0,1,3,4,0,1,0,0,0,0,0,0,0,0,0,0,0,0,0,0,0,0,0,0,0,0,3,0,40.0072,-75.1234, , 
 ,39733,2014088852,6,67,67301,2014,8,4,1610,16,1,1,0,7,1, , ,N,0,0,0,3,0,0,7,2,N,N,40 04:37.008,75 01:18.291,1616, ,1615, ,0, ,N, ,0, , , , , ,463706, , , ,2,1,0,0,0,0,1,0,0,0,0,0,0,0,7,0,0,0,0,0,0,0,0,0,0,0,0,0,0,0,0,0,0,0,0,9,0,40.0769,-75.0217, , 