wz_ln_closure,objectid_1,crn,district,county,municipality,crash_year,crash_month,day_of_week,time_of_day,hour_of_day,illumination,weather,road_condition,collision_type,relation_to_road,work_zone_type,work_zone_loc,work_zone_ind,intersect_type,tcd_type,location_type,urban_rural,fatal_count,injury_count,person_count,total_units,sch_bus_ind,sch_zone_ind,latitude,longitude,arrival_tm,cons_zone_spd_lim,dispatch_tm,est_hrs_closed,lane_closed,ln_close_dir,ntfy_hiwy_maint,spec_juris_cd,tcd_func_cd,tfc_detour_ind,workers_pres,wz_close_detour,wz_flagger,wz_law_offcr_ind,objectid,wz_moving,wz_other,wz_shlder_mdn,vehicle_count,automobile_count,motorcycle_count,bus_count,small_truck_count,heavy_truck_count,suv_count,van_count,bicycle_count,maj_inj_count,mod_inj_count,min_inj_count,tot_inj_count,unk_inj_deg_count,unk_inj_per_count,driver_count_16yr,driver_count_17yr,driver_count_18yr,driver_count_19yr,driver_count_20yr,driver_count_50_64yr,driver_count_65_74yr,driver_count_75plus,unbelted_occ_count,unb_death_count,unb_maj_inj_count,belted_death_count,belted_maj_inj_count,mcycle_death_count,mcycle_maj_inj_count,bicycle_death_count,bicycle_maj_inj_count,ped_count,ped_death_count,ped_maj_inj_count,max_severity_level,comm_veh_count,dec_lat,dec_long,rdwy_surf_type_cd,county_name
 ,39800,2014068116,6,67,67301,2014,5,5,939,9,1,1,0,4,1, , ,N,3,2,7,3,0,0,2,2,N,N,39 54:45.057,75 08:17.157,944, ,939, ,0, ,N, ,3, , , , , ,466334, , , ,2,0,0,0,0,1,1,0,0,0,0,0,0,0,0,0,0,0,0,0,2,0,0,0,0,0,0,0,0,0,0,0,0,0,0,0,1,39.9125,-75.1381, , 
 ,39801,2014068596,6,67,67301,2014,6,1,520,5,1,1,0,7,4, , ,N,0,0,0,3,0,1,3,1,N,N,39 56:30.901,75 08:32.485,535, ,531, ,0, ,N, ,0, , , , , ,466335, , , ,1,1,0,0,0,0,0,0,0,0,0,1,1,0,0,0,0,0,0,0,0,0,0,0,0,0,0,0,0,0,0,0,0,0,0,4,0,39.9419,-75.1424, , 
 ,39802,2014054541,6,67,67301,2014,4,4,1208,12,1,1,0,1,1, , ,N,1,2,0,3,0,1,4,4,N,N,39 56:17.923,75 12:58.510,1210, ,1208, ,0, ,N, ,3, , , , , ,463825, , , ,4,3,0,0,1,0,0,0,0,0,0,1,1,0,0,0,0,0,0,0,2,0,1,0,0,0,0,0,0,0,0,0,0,0,0,4,0,39.9383,-75.2163, , 
 ,39803,2014055518,6,67,67301,2014,5,1,1915,19,1,1,0,7,2, , ,N,0,0,0,3,0,1,1,1,N,N,40 00:06.586,75 11:40.353,1921, ,1917,2,1,3,N, ,0,N, , , , ,463835, , , ,1,1,0,0,0,0,0,0,0,0,0,0,1,1,0,0,0,0,0,0,0,0,0,1,0,0,0,0,0,0,0,0,0,0,0,8,0,40.0018,-75.1945, , 
 ,39804,2014088762,6,67,67301,2014,8,7,1830,18,1,1,0,4,1, , ,N,1,2,0,3,0,1,2,2,N,N,40 02:25.414,75 07:27.069,1842, ,1839,2,1,1,N, ,3,N, , , , ,463860, , , ,2,0,0,0,0,0,2,0,0,0,0,1,1,0,0,0,0,0,0,0,0,0,0,0,0,0,0,0,0,0,0,0,0,0,0,4,0,40.0404,-75.1242, , 
 ,39805,2014088786,6,67,67301,2014,8,5,702,7,1,1,0,8,1, , ,N,0,0,0,3,0,1,2,2,N,N,39 55:02.875,75 14:45.811,737, ,730, ,0, ,N, ,0, , , , , ,463861, , , ,1,1,0,0,0,0,0,0,0,0,0,1,1,0,0,0,0,0,0,0,0,0,0,0,0,0,0,0,0,0,0,0,1,0,0,4,0,39.9175,-75.2461, , 
 ,39806,2014084378,6,67,67301,2014,7,1,1308,13,1,1,0,4,1, , ,N,0,0,7,3,0,1,3,2,N,N,40 02:08.124,75 06:31.115,1320, ,1308,2,2,4,N, ,0,Y, , , , ,463895, , , ,2,2,0,0,0,0,0,0,0,0,0,1,1,0,0,0,0,0,0,0,1,0,0,0,0,0,0,0,0,0,0,0,0,0,0,4,0,40.0356,-75.1086, , 
 ,39807,2014088884,6,67,67301,2014,8,1,1500,15,1,1,0,1,1, , ,N,1,2,2,3,0,1,6,2,N,N,39 54:37.276,75 09:03.431,1525, ,1514, ,0, ,N, ,3, , , , , ,463898, , , ,2,1,1,0,0,0,0,0,0,0,0,1,1,0,0,0,0,0,0,0,0,1,0,1,0,0,0,0,0,0,0,0,0,0,0,4,0,39.9104,-75.151, , 
 ,39808,2014079278,6,67,67301,2014,6,1,630,6,1,1,0,7,4, , ,N,2,0,0,3,0,0,1,1,N,N,40 03:26.064,75 12:28.504,705, ,658, ,0, ,N, ,0, , , , , ,463936, , , ,1,0,0,0,0,0,1,0,0,0,0,0,0,0,0,0,0,0,0,1,0,0,0,0,0,0,0,0,0,0,0,0,0,0,0,0,0,40.0572,-75.2079, , 
 ,39809,2014083046,6,67,67301,2014,6,4,1420,14,1,1,0,4,1, , ,N,1,3,0,3,0,1,2,2,N,N,39 59:47.115,75 07:32.807,1420, ,1420, ,0, ,N, ,3, , , , , ,463941, , , ,1,0,0,0,0,0,0,1,1,0,1,0,1,0,0,0,0,0,0,0,0,0,0,0,0,0,0,0,0,0,0,0,0,0,0,3,0,39.9964,-75.1258, , 
 ,39810,2014088845,6,67,67301,2014,7,1,9999,99,3,1,0,1,1, , ,N,0,0,0,3,0,1,2,2,N,N,40 02:08.846,75 10:01.191,0, ,9999, ,0, ,N, ,0, , , , , ,463943, , , ,2,2,0,0,0,0,0,0,0,0,0,1,1,0,0,0,0,0,0,0,0,0,0,1,0,0,0,0,0,0,0,0,0,0,0,4,0,40.0358,-75.167, , 
 ,39811,2014084419,6,67,67301,2014,6,5,1907,19,4,1,0,1,1, , ,N,2,2,0,3,0,0,3,2,N, ,40 04:30.980,75 00:05.525,1909, ,1907, ,0, , , ,3, , , , , ,464004, , , ,2,2,0,0,0,0,0,0,0,0,0,0,0,0,0,0,0,0,0,0,0,1,0,0,0,0,0,0,0,0,0,0,0,0,0,0,0,40.0751,-75.0015, , 
 ,39812,2014091336,6,67,67301,2014,8,6,1236,12,1,1,0,8,1, , ,N,1,2,0,3,0,1,2,2,N, ,39 57:19.425,75 09:21.185,1248, ,1247, ,0, , , ,3, , , , , ,464009, , , ,1,0,0,0,0,0,1,0,0,0,0,1,1,0,0,0,0,0,0,0,1,0,0,1,0,0,0,0,0,0,0,0,1,0,0,4,0,39.9554,-75.1559, , 
 ,39813,2014059346,6,67,67301,2014,5,1,53,0,3,1,0,1,1, , ,N,0,0,0,3,0,1,1,5,N,N,40 01:30.327,75 07:58.454,58, ,54,2,1,1,N, ,0,N, , , , ,464016, , , ,5,3,0,0,1,0,1,0,0,0,0,1,1,0,0,0,0,0,0,0,0,0,0,0,0,0,0,0,0,0,0,0,0,0,0,4,0,40.0251,-75.1329, , 
 ,39814,2014109536,6,67,67301,2014,11,2,1906,19,3,1,0,0,1, , ,N,6,0,2,3,0,1,2,1,N,N,39 53:55.824,75 10:15.766,1911, ,1910, ,0, ,N, ,0, , , , , ,464054, , , ,1,0,1,0,0,0,0,0,0,0,0,1,1,0,0,0,0,0,0,0,0,0,0,0,0,0,0,0,0,0,0,0,0,0,0,4,0,39.8988,-75.171, , 
 ,39815,2014087813,6,67,67301,2014,8,5,1650,16,1,1,0,4,1, , ,N,0,0,7,3,0,2,3,2,N, ,40 05:00.708,75 02:01.589,1723, ,1713, ,0, , , ,0, , , , , ,464082, , , ,2,1,0,0,0,0,1,0,0,0,0,2,2,0,0,0,0,0,0,0,0,0,0,0,0,0,0,0,0,0,0,0,0,0,0,4,0,40.0835,-75.0338, , 
 ,39816,2014106676,6,67,67301,2014,10,5,910,9,1,1,0,4,1, , ,N,1,2,0,3,0,2,2,2,N, ,40 03:19.864,75 03:42.983,925, ,918,3,2,1, , ,3,Y, , , , ,464092, , , ,2,2,0,0,0,0,0,0,0,0,0,0,2,2,0,0,0,0,0,0,1,0,0,0,0,0,0,0,0,0,0,0,0,0,0,8,0,40.0555,-75.0619, , 
 ,39817,2014106780,6,67,67301,2014,10,2,2113,21,3,1,1,4,1, , ,N,0,0,7,3,0,1,4,2,N, ,40 03:58.593,75 03:01.476,2117, ,2113,1,1,4, , ,0,N, , , , ,464093, , , ,2,1,0,0,0,0,1,0,0,0,0,0,1,1,0,0,0,0,0,0,0,0,1,0,0,0,0,0,0,0,0,0,0,0,0,8,0,40.0663,-75.0504, , 
 ,39818,2014113349,6,67,67301,2014,10,5,1220,12,1,2,1,7,5, , ,N,0,0,0,3,0,1,1,1,N, ,40 01:56.453,75 11:15.735,1236, ,1220, ,0, , , ,0, , , , , ,464101, , , ,1,0,0,0,0,0,0,1,0,0,0,1,1,0,0,0,0,0,0,0,0,0,0,0,0,0,0,0,0,0,0,0,0,0,0,4,0,40.0323,-75.1877, , 
 ,39819,2014120442,6,67,67301,2014,11,3,2125,21,3,1,0,1,1, , ,N,6,4,2,3,0,0,4,4,N,N,39 56:43.052,75 11:25.850,2128, ,2125, ,0, ,N, ,3, , , , , ,464113, , , ,4,4,0,0,0,0,0,0,0,0,0,0,0,0,0,0,0,0,0,0,1,0,0,0,0,0,0,0,0,0,0,0,0,0,0,0,0,39.9453,-75.1905, , 
 ,39820,2014078775,6,67,67301,2014,5,4,1030,10,1,1,0,1,1, , ,N,0,0,0,3,0,1,5,2,N,N,39 57:13.127,75 11:55.349,1037, ,1036, ,0, ,N, ,0, , , , , ,457877, , , ,2,0,0,0,0,0,1,1,0,0,0,0,1,1,1,0,0,0,0,0,0,0,0,0,0,0,0,0,0,0,0,0,0,0,0,8,0,39.9536,-75.1987, , 
 ,39821,2014084441,6,67,67301,2014,6,6,1958,19,1,1,0,4,1, , ,N,1,3,0,3,0,0,4,2,N,N,39 58:09.858,75 09:47.653,2001, ,2000, ,0, ,N, ,3, , , , , ,457882, , , ,2,2,0,0,0,0,0,0,0,0,0,0,0,0,0,0,0,0,0,0,1,0,0,0,0,0,0,0,0,0,0,0,0,0,0,0,0,39.9694,-75.1632, , 
 ,39822,2014088831,6,67,67301,2014,8,7,2157,21,3,1,0,2,1, , ,N,2,2,2,3,0,1,2,2,N,N,39 52:54.036,75 15:12.278,2221, ,2218, ,0, ,N, ,3, , , , , ,457886, , , ,2,2,0,0,0,0,0,0,0,0,1,0,1,0,1,0,0,0,0,0,0,0,0,0,0,0,0,0,0,0,0,0,0,0,0,3,0,39.8814,-75.2535, , 
 ,39823,2014095987,6,67,67301,2014,8,6,446,4,3,1,0,8,1, , ,N,5,2,0,3,1,0,4,4,N,N,40 01:22.343,75 08:53.781,456, ,452,9,1,2,N,0,3,Y, , , , ,457893, , , ,3,3,0,0,0,0,0,0,0,0,0,0,0,0,2,0,0,0,0,0,1,0,0,0,0,0,0,0,0,0,0,0,1,1,0,1,0,40.0229,-75.1482,2, 
 ,39824,2014059260,6,67,67301,2014,5,6,1612,16,1,2,1,4,1, , ,N,2,3,0,3,0,1,2,2,N,N,40 05:08.045,75 02:21.757,1618, ,1614, ,0, ,N, ,3, , , , , ,457909, , , ,2,1,0,0,0,0,1,0,0,0,0,1,1,0,0,0,0,0,0,0,1,0,0,0,0,0,0,0,0,0,0,0,0,0,0,4,0,40.0856,-75.0394, , 
 ,39825,2014081442,6,67,67301,2014,6,4,1915,19,1,1,0,5,1, , ,N,0,0,0,3,0,1,1,4,N,N,39 55:49.285,75 08:55.712,1930, ,1926, ,0, ,N, ,0, , , , , ,457937, , , ,4,2,0,0,0,0,2,0,0,0,0,1,1,0,0,0,0,0,0,0,1,0,0,0,0,0,0,0,0,0,0,0,0,0,0,4,0,39.9304,-75.1488, , 
 ,39826,2014087918,6,67,67301,2014,8,7,1110,11,1,1,0,4,1, , ,N,1,2,0,3,0,1,2,2,N,N,40 02:05.146,75 04:15.791,1120, ,1115,2,2,1, , ,3,Y, , , , ,457943, , , ,2,1,0,0,0,0,1,0,0,0,0,0,1,1,1,0,0,0,0,0,0,0,0,0,0,0,0,0,0,0,0,0,0,0,0,8,0,40.0348,-75.0711, , 
 ,39827,2014088126,6,67,67301,2014,8,4,850,8,1,1,0,4,1, , ,N,1,2,0,3,0,1,2,2,N,N,39 57:18.608,75 11:54.435,850, ,850, ,0, ,N, ,3, , , , , ,457944, , , ,1,1,0,0,0,0,0,0,1,0,0,0,1,1,0,0,0,0,0,0,1,0,0,0,0,0,0,0,0,0,0,0,0,0,0,8,0,39.9552,-75.1983, , 
 ,39828,2014082746,6,67,67301,2014,8,1,1602,16,1,1,0,1,1, , ,N,0,0,0,3,0,1,6,2,N,N,39 53:24.911,75 13:12.836,1618, ,1608,2,2,1,N, ,0,N, , , , ,457956, , , ,2,1,1,0,0,0,0,0,0,0,1,0,1,0,0,0,0,0,0,0,1,0,0,0,0,0,0,0,0,0,0,0,0,0,0,3,0,39.8903,-75.2202, , 
 ,39829,2014088153,6,67,67301,2014,8,1,2342,23,3,1,0,4,1, , ,N,1,2,0,3,0,1,3,2,N, ,39 57:21.499,75 09:38.239,2350, ,2345, ,0, , , ,3, , , , , ,457960, , , ,2,1,0,0,1,0,0,0,0,0,0,0,1,1,0,0,0,0,0,0,1,0,0,0,0,0,0,0,0,0,0,0,0,0,0,8,0,39.956,-75.1606, , 
 ,39830,2014093557,6,67,67301,2014,9,7,9999,99,1,1,0,1,1, , ,N,1,2,0,3,0,0,2,2,N,N,40 02:01.052,75 02:48.431,1540, ,1537,3,1,4,N, ,3,N, , , , ,457966, , , ,2,1,0,0,0,0,0,1,0,0,0,0,0,0,1,0,0,0,0,0,0,0,0,0,0,0,0,0,0,0,0,0,0,0,0,9,0,40.0336,-75.0468, , 
 ,39831,2014106657,6,67,67301,2014,10,5,38,0,3,1,0,7,4, , ,N,1,2,0,3,0,0,1,1,N, ,39 53:39.858,75 14:47.934,38, ,38, ,0, , , ,3, , , , , ,457979, , , ,1,1,0,0,0,0,0,0,0,0,0,0,0,0,0,0,0,0,0,0,1,0,0,0,0,0,0,0,0,0,0,0,0,0,0,0,0,39.8944,-75.2466, , 
 ,39832,2014084463,6,67,67301,2014,7,7,1609,16,1,1,0,4,1, , ,N,1,2,0,3,0,1,3,3,N,N,40 03:12.464,75 03:17.783,1630, ,1026, ,0, ,N, ,3, , , , , ,458006, , , ,3,2,0,0,0,0,0,1,0,0,0,0,1,1,0,0,0,0,0,0,0,1,1,0,0,0,0,0,0,0,0,0,0,0,0,8,0,40.0535,-75.0549, , 
 ,39833,2014098622,6,67,67301,2014,2,6,2026,20,3,1,0,8,1, , ,N,1,2,0,3,0,1,2,2,N,N,39 54:51.954,75 09:11.336,2033, ,2031, ,0, , , ,3, , , , , ,458018, , , ,1,1,0,0,0,0,0,0,0,0,0,0,1,1,0,0,0,0,0,0,0,0,0,0,0,0,0,0,0,0,0,0,1,0,0,8,0,39.9144,-75.1531, , 
 ,39834,2014113389,6,67,67301,2014,11,1,1000,10,1,1,0,8,1, , ,N,0,0,0,3,0,1,2,2,N, ,39 56:14.186,75 10:36.422,1005, ,1000, ,0, , , ,0, , , , , ,458031, , , ,1,0,0,0,0,0,1,0,0,0,0,0,1,1,0,0,0,0,0,0,1,0,0,0,0,0,0,0,0,0,0,0,1,0,0,8,0,39.9373,-75.1768, , 
 ,39835,2014114396,6,67,67301,2014,1,3,1030,10,1,1,0,4,1, , ,N,1,3,0,3,0,1,2,2,N,N,39 58:01.462,75 14:37.589,0, ,0, ,0, ,N, ,3, , , , , ,458034, , , ,2,0,0,0,0,0,1,0,0,0,0,0,1,1,0,0,0,0,0,0,0,0,0,0,0,0,0,0,0,0,0,0,0,0,0,8,0,39.9671,-75.2438, , 
 ,39836,2014084331,6,67,67301,2014,5,3,1530,15,1,1,0,8,1, , ,N,1,2,0,3,0,1,3,2,N,N,40 02:05.655,75 11:03.688,1535, ,1531, ,0, ,N, ,3, , , , , ,458075, , , ,1,0,0,0,0,0,0,1,0,0,0,0,1,1,0,0,0,0,0,0,0,0,0,0,0,0,0,0,0,0,0,0,1,0,0,8,0,40.0349,-75.1844, , 
 ,39837,2014124997,6,67,67301,2014,11,1,136,1,3,1,0,0,1, , ,N,0,0,0,3,0,1,2,3,N, ,40 02:04.765,75 11:04.595,140, ,136, ,0, , , ,0, , , , , ,458132, , , ,2,1,0,0,0,0,1,0,0,1,0,0,1,0,0,0,0,0,0,0,0,0,0,0,0,0,0,0,0,0,0,0,0,0,0,2,0,40.0347,-75.1846, , 
 ,39838,2014087867,6,67,67301,2014,7,2,1130,11,1,1,0,4,1, , ,N,1,2,0,3,0,3,3,2,N,N,39 57:17.442,75 13:40.835,1140, ,1133,1,1,1,N, ,3,N, , , , ,460722, , , ,2,0,0,0,0,0,1,1,0,0,0,0,3,3,0,0,0,0,0,0,1,0,0,0,0,0,0,0,0,0,0,0,0,0,0,8,0,39.9548,-75.228, , 
 ,39839,2014104450,6,67,67301,2014,10,6,2345,23,3,2,1,4,1, , ,N,0,0,0,3,0,1,3,2,N,N,40 04:36.904,75 00:00.037,2350, ,2350,2,2,1,N, ,0,Y, , , , ,460734, , , ,2,1,0,0,0,0,1,0,0,0,0,1,1,0,0,0,0,0,0,0,2,0,0,3,0,0,0,0,0,0,0,0,0,0,0,4,0,40.0769,-75, , 
 ,39840,2014111500,6,67,67301,2014,10,1,1930,19,3,1,0,1,1, , ,N,1,2,0,3,0,1,5,3,N,N,40 02:44.514,75 01:53.568,1945, ,1935, ,0, ,N, ,3, , , , , ,460738, , , ,3,1,0,0,2,0,0,0,0,0,0,1,1,0,0,0,0,0,0,0,1,0,0,0,0,0,0,0,0,0,0,0,0,0,0,4,0,40.0457,-75.0315, , 
 ,39841,2014065486,6,67,67301,2014,5,4,820,8,1,1,0,5,6, , ,N,0,0,0,3,0,0,2,2,N,N,39 57:16.009,75 12:18.629,822, ,822,2,1,4,N, ,0,N, , , , ,460742, , , ,2,2,0,0,0,0,0,0,0,0,0,0,0,0,0,0,0,0,0,0,1,0,0,0,0,0,0,0,0,0,0,0,0,0,0,0,0,39.9544,-75.2052, , 
 ,39842,2014088189,6,67,67301,2014,8,4,1229,12,1,1,0,4,1, , ,N,1,2,0,3,0,1,2,2,N,N,40 02:53.203,75 09:03.247,1232, ,1229, ,0, ,N, ,3, , , , , ,460780, , , ,1,1,0,0,0,0,0,0,1,0,0,0,1,1,0,0,0,0,0,0,0,0,1,0,0,0,0,0,0,0,0,0,0,0,0,8,0,40.0481,-75.1509, , 
 ,39843,2014088618,6,67,67301,2014,7,2,1750,17,1,1,0,7,4, , ,N,2,3,2,3,1,0,1,1,N,N,39 56:59.592,75 08:25.672,1753, ,1751, ,0, ,N,0,3, , , , , ,460781, , , ,1,0,0,0,0,0,1,0,0,0,0,0,0,0,0,0,0,0,0,0,0,0,0,0,0,0,0,0,0,0,0,0,0,0,0,1,0,39.9499,-75.1405,1, 
 ,39844,2014089020,6,67,67301,2014,8,3,1522,15,1,1,0,4,1, , ,N,2,0,0,3,0,0,2,2,N,N,40 01:48.680,75 03:11.203,1552, ,1546,2,2,2,N, ,0,Y, , , , ,460782, , , ,2,1,0,0,0,0,0,1,0,0,0,0,0,0,0,0,0,0,0,0,1,0,0,0,0,0,0,0,0,0,0,0,0,0,0,0,0,40.0302,-75.0531, , 
 ,39845,2014087300,6,67,67301,2014,8,5,1600,16,1,1,0,4,1, , ,N,1,3,0,3,0,2,2,2,N,N,40 01:11.064,75 03:40.028,1720, ,1714, ,0, ,N, ,3, , , , , ,460801, , , ,2,1,0,0,0,0,1,0,0,0,0,2,2,0,0,0,0,0,0,1,0,1,0,0,0,0,0,0,0,0,0,0,0,0,0,4,0,40.0197,-75.0611, , 
 ,39846,2014088007,6,46,46102,2014,7,6,1648,16,1,1,0,1,1, , ,N,1,2,0,3,0,0,3,3,N,N,40 04:30.988,75 09:37.550,1650, ,1648, ,0, ,N, ,3, , , , , ,460802, , , ,3,3,0,0,0,0,0,0,0,0,0,0,0,0,0,0,0,0,0,0,0,1,0,0,0,0,0,0,0,0,0,0,0,0,0,0,0,40.0753,-75.1604, , 
 ,39847,2014089046,6,67,67301,2014,8,5,2047,20,3,2,1,1,1, , ,N,2,2,0,3,0,2,3,2,N,N,39 57:00.419,75 14:57.778,2105, ,2047, ,0, ,N, ,3, , , , , ,460803, , , ,2,2,0,0,0,0,0,0,0,0,0,1,2,1,0,0,0,0,0,0,0,0,0,0,0,0,0,0,0,0,0,0,0,0,0,4,0,39.9501,-75.2494, , 
 ,39848,2014096390,6,67,67301,2014,9,6,1753,17,1,1,0,5,1, , ,N,2,2,0,3,0,3,3,3,N,N,39 54:25.394,75 09:50.428,1757, ,1755,3,2,2, , ,3,Y, , , , ,460811, , , ,3,2,0,0,0,0,1,0,0,0,0,3,3,0,0,0,0,0,0,0,0,0,0,0,0,0,0,0,0,0,0,0,0,0,0,4,0,39.9071,-75.164, , 
 ,39849,2014106642,6,67,67301,2014,10,4,1945,19,3,1,0,5,6, , ,N,0,0,0,3,0,0,1,3,N,N,39 55:14.754,75 14:29.769,1955, ,1954, ,0, ,N, ,0, , , , , ,460824, , , ,3,2,0,0,0,0,0,1,0,0,0,0,0,0,0,0,0,0,0,0,0,1,0,0,0,0,0,0,0,0,0,0,0,0,0,0,0,39.9208,-75.2416, , 
 ,39850,2014113128,6,67,67301,2014,1,3,1330,13,1,4,5,1,1, , ,N,0,0,0,3,0,4,5,2,N,N,40 01:52.035,75 03:15.189,0, ,0, ,0, ,N, ,0, , , , , ,460831, , , ,2,1,0,0,0,0,1,0,0,0,4,0,4,0,0,0,1,0,0,0,0,0,0,0,0,0,0,0,0,0,0,0,0,0,0,3,0,40.0311,-75.0542, , 
 ,39851,2014115622,6,67,67301,2014,10,3,1521,15,1,1,0,4,1, , ,N,1,2,0,3,0,1,3,2,N,N,39 56:16.512,75 13:52.078,1545, ,1530, ,0, ,N, ,3, , , , , ,460833, , , ,2,1,0,1,0,0,0,0,0,0,0,1,1,0,1,0,0,0,0,0,0,0,0,0,0,0,0,0,0,0,0,0,0,0,0,4,1,39.9379,-75.2311, , 
 ,39852,2014088158,6,67,67301,2014,8,1,9999,99,1,1,0,4,1, , ,N,1,3,0,3,0,4,4,2,N,N,39 55:10.132,75 13:37.540,1700, ,1700, ,0, ,N, ,3, , , , , ,460845, , , ,2,2,0,0,0,0,0,0,0,0,0,2,4,2,0,0,0,0,0,0,0,0,0,0,0,0,0,0,0,0,0,0,0,0,0,4,0,39.9194,-75.227, , 
 ,39853,2014078843,6,67,67301,2014,5,4,2306,23,3,1,0,4,1, , ,N,1,2,0,3,0,2,2,2,N, ,40 00:46.713,75 07:09.797,2306, ,2306,3,1,5, , ,3,Y, , , , ,460853, , , ,2,1,0,0,0,0,1,0,0,1,1,0,2,0,0,0,0,0,0,0,1,0,0,2,0,1,0,0,0,0,0,0,0,0,0,2,0,40.013,-75.1194, , 
 ,39854,2014084216,6,67,67301,2014,7,6,800,8,1,1,0,2,1, , ,N,0,0,0,3,0,1,3,2,N,N,39 58:45.811,75 10:56.703,830, ,825,9,1,2,N, ,0,N, , , , ,460856, , , ,2,0,1,0,0,0,1,0,0,0,0,1,1,0,1,0,0,0,0,0,0,0,1,0,0,0,0,0,0,0,0,0,0,0,0,4,0,39.9794,-75.1824, , 
 ,39855,2014087980,6,67,67301,2014,8,5,650,6,1,1,0,5,6, , ,N,0,0,0,3,0,0,1,2,N,N,40 06:26.799,75 01:41.092,700, ,656,1,1,1, , ,0,N, , , , ,460906, , , ,2,1,0,0,0,0,0,1,0,0,0,0,0,0,0,0,1,0,0,0,0,0,0,0,0,0,0,0,0,0,0,0,0,0,0,0,0,40.1074,-75.0281, , 
 ,39856,2014076762,6,67,67301,2014,7,4,1441,14,1,1,0,1,1, , ,N,0,0,0,3,0,1,5,3,N,N,39 57:29.310,75 09:50.260,1457, ,1443,1,1,4,N, ,0,N, , , , ,466357, , , ,3,2,0,0,0,0,1,0,0,0,0,1,1,0,0,0,0,0,0,0,1,0,0,0,0,0,0,0,0,0,0,0,0,0,0,4,0,39.9581,-75.164, , 
 ,39857,2014091439,6,67,67301,2014,8,7,1905,19,1,1,0,8,1, , ,N,0,0,0,3,0,1,2,2,N,N,40 00:58.165,75 05:25.328,1932, ,1930, ,0, ,N, ,0, , , , , ,466373, , , ,1,0,0,0,0,0,1,0,0,0,0,0,1,1,0,0,0,0,0,0,0,0,0,0,0,0,0,0,0,0,0,0,1,0,0,8,0,40.0162,-75.0904, , 
 ,39858,2014061237,6,67,67301,2014,6,4,1610,16,1,1,0,1,1, , ,N,0,0,3,3,0,1,3,3,N,N,39 59:04.276,75 05:44.758,1710, ,1630,2,1,2,N, ,0,N, , , , ,466382, , , ,3,1,0,0,1,0,1,0,0,0,1,0,1,0,0,0,0,0,0,0,0,0,0,1,0,0,0,0,0,0,0,0,0,0,0,3,0,39.9845,-75.0958, , 
 ,39859,2014068069,6,67,67301,2014,6,5,1643,16,1,1,0,6,1, , ,N,1,0,0,3,0,1,3,2,N,N,39 59:33.432,75 10:05.681,1717, ,1643, ,0, , , ,0, , , , , ,466390, , , ,2,0,0,0,0,0,0,1,0,0,0,0,1,1,0,0,0,0,0,0,0,0,0,1,0,0,0,0,0,0,0,0,0,0,0,8,0,39.9926,-75.1682, , 
 ,39860,2014081542,6,67,67301,2014,8,1,1616,16,1,1,0,1,1, , ,N,0,0,0,3,0,0,3,3,N,N,39 56:29.320,75 11:40.178,1636, ,1622,2,1,4,N, ,0,N, , , , ,466402, , , ,3,2,0,0,0,0,1,0,0,0,0,0,0,0,0,0,0,0,0,0,0,0,0,0,0,0,0,0,0,0,0,0,0,0,0,0,0,39.9415,-75.1945, , 
 ,39861,2014084479,6,67,67301,2014,7,4,2100,21,3,1,1,8,1, , ,N,1,2,0,3,0,1,2,2,N,N,39 58:53.850,75 15:03.725,2205, ,2155, ,0, ,N, ,3, , , , , ,466408, , , ,1,1,0,0,0,0,0,0,0,0,0,1,1,0,0,0,0,0,0,0,0,0,0,0,0,0,0,0,0,0,0,0,1,0,0,4,0,39.9816,-75.251, , 
 ,39862,2014088858,6,67,67301,2014,8,2,1025,10,1,1,0,7,4, , ,N,1,2,0,3,0,1,1,1,N,N,39 58:53.344,75 07:02.419,1040, ,1030, ,0, ,N, ,3, , , , , ,466411, , , ,1,1,0,0,0,0,0,0,0,0,0,1,1,0,0,0,0,0,0,0,0,0,0,0,0,0,0,0,0,0,0,0,0,0,0,4,0,39.9815,-75.1173, , 
 ,39863,2014089061,6,67,67301,2014,8,6,1135,11,1,1,0,4,1, , ,N,1,3,0,3,0,0,5,2,N,N,40 00:32.490,75 06:46.166,1141, ,1141, ,0, ,Y, ,3, , , , , ,466412, , , ,2,2,0,0,0,0,0,0,0,0,0,0,0,0,0,0,0,0,0,0,1,0,0,0,0,0,0,0,0,0,0,0,0,0,0,0,0,40.009,-75.1128, , 
 ,39864,2014095997,6,67,67301,2014,9,2,1511,15,1,1,0,7,4, , ,N,0,0,0,3,0,1,1,1,N,N,40 02:35.079,75 11:36.836,1520, ,1515,1,1,2,N, ,0,N, , , , ,466420, , , ,1,1,0,0,0,0,0,0,0,1,0,0,1,0,0,0,0,0,0,0,0,0,0,0,0,0,0,1,0,0,0,0,0,0,0,2,0,40.0431,-75.1936, , 
 ,39865,2014099259,6,67,67301,2014,9,2,9999,99,1,1,0,1,1, , ,N,1,2,0,3,0,1,2,2,N,N,39 57:25.886,75 09:31.375,9999, ,9, ,0, ,N, ,3, , , , , ,466422, , , ,2,1,0,0,0,0,1,0,0,0,0,0,1,1,0,0,0,0,0,0,1,0,0,0,0,0,0,0,0,0,0,0,0,0,0,8,0,39.9572,-75.1587, , 