wz_ln_closure,objectid_1,crn,district,county,municipality,crash_year,crash_month,day_of_week,time_of_day,hour_of_day,illumination,weather,road_condition,collision_type,relation_to_road,work_zone_type,work_zone_loc,work_zone_ind,intersect_type,tcd_type,location_type,urban_rural,fatal_count,injury_count,person_count,total_units,sch_bus_ind,sch_zone_ind,latitude,longitude,arrival_tm,cons_zone_spd_lim,dispatch_tm,est_hrs_closed,lane_closed,ln_close_dir,ntfy_hiwy_maint,spec_juris_cd,tcd_func_cd,tfc_detour_ind,workers_pres,wz_close_detour,wz_flagger,wz_law_offcr_ind,objectid,wz_moving,wz_other,wz_shlder_mdn,vehicle_count,automobile_count,motorcycle_count,bus_count,small_truck_count,heavy_truck_count,suv_count,van_count,bicycle_count,maj_inj_count,mod_inj_count,min_inj_count,tot_inj_count,unk_inj_deg_count,unk_inj_per_count,driver_count_16yr,driver_count_17yr,driver_count_18yr,driver_count_19yr,driver_count_20yr,driver_count_50_64yr,driver_count_65_74yr,driver_count_75plus,unbelted_occ_count,unb_death_count,unb_maj_inj_count,belted_death_count,belted_maj_inj_count,mcycle_death_count,mcycle_maj_inj_count,bicycle_death_count,bicycle_maj_inj_count,ped_count,ped_death_count,ped_maj_inj_count,max_severity_level,comm_veh_count,dec_lat,dec_long,rdwy_surf_type_cd,county_name
 ,39866,2014054470,6,67,67301,2014,4,6,237,2,3,1,0,7,4, , ,N,0,0,0,3,0,1,1,1,N,N,39 59:29.986,75 06:13.111,300, ,256, ,0, ,N, ,0, , , , , ,466430, , , ,1,1,0,0,0,0,0,0,0,0,0,1,1,0,0,0,0,0,0,0,0,0,0,0,0,0,0,0,0,0,0,0,0,0,0,4,0,39.9917,-75.1036, , 
 ,39867,2014078826,6,67,67301,2014,5,5,905,9,1,1,0,4,1, , ,N,1,2,0,3,0,2,2,2,N,N,39 55:43.227,75 10:07.260,915, ,910,2,2,2,N, ,3,Y, , , , ,466446, , , ,2,0,0,0,0,0,1,1,0,0,2,0,2,0,0,0,0,0,0,0,0,0,0,0,0,0,0,0,0,0,0,0,0,0,0,3,0,39.9287,-75.1687, , 
 ,39868,2014079684,6,67,67301,2014,7,2,2242,22,3,1,0,5,1, , ,N,7,0,2,3,0,2,4,3,N,N,39 57:54.032,75 08:16.083,2258, ,2246,2,2,2,N, ,0,N, , , , ,466448, , , ,3,2,0,0,0,0,1,0,0,0,2,0,2,0,0,0,0,0,0,0,0,0,0,0,0,0,0,0,0,0,0,0,0,0,0,3,0,39.9684,-75.1296, , 
 ,39869,2014081417,6,67,67301,2014,6,3,1745,17,1,9,0,4,1, , ,N,1,0,0,3,0,1,2,2,N,N,40 01:10.588,75 08:03.098,1730, ,1730, ,0, ,N, ,0, , , , , ,466452, , , ,1,1,0,0,0,0,0,0,1,0,0,0,1,1,0,0,0,0,0,0,0,0,0,0,0,0,0,0,0,0,0,0,0,0,0,8,0,40.0196,-75.1342, , 
 ,39870,2014088924,6,67,67301,2014,8,3,1030,10,1,1,0,7,4, , ,N,0,0,0,3,0,0,1,1,N,N,40 03:43.570,75 13:38.790,1037, ,1030, ,0, , , ,0, , , , , ,466458, , , ,1,1,0,0,0,0,0,0,0,0,0,0,0,0,0,0,0,0,0,0,0,0,0,0,0,0,0,0,0,0,0,0,0,0,0,0,0,40.0621,-75.2274, , 
 ,39871,2014089733,6,67,67301,2014,6,7,2316,23,3,1,0,4,1, , ,N,1,2,0,3,0,1,2,2,N,N,40 02:06.022,75 04:09.823,2320, ,2316,3,2,1,N, ,3,Y, , , , ,466460, , , ,1,1,0,0,0,0,0,0,1,0,0,0,1,1,0,0,0,0,0,0,0,0,0,0,0,0,0,0,0,0,0,0,0,0,0,8,0,40.035,-75.0694, , 
 ,39872,2014091211,6,67,67301,2014,9,4,2318,23,3,1,0,1,1, , ,N,2,2,0,3,0,3,3,3,N,N,39 58:56.525,75 15:51.966,2318, ,2318,1,1,2,N, ,3,Y, , , , ,466463, , , ,3,1,0,0,0,0,2,0,0,0,0,3,3,0,0,0,0,0,0,0,0,0,0,0,0,0,0,0,0,0,0,0,0,0,0,4,0,39.9823,-75.2644, , 
 ,39873,2014095970,6,67,67301,2014,9,1,1935,19,1,1,1,4,1, , ,N,2,3,0,3,0,1,3,2,N,N,40 03:44.614,75 03:19.674,1941, ,1941, ,0, ,N, ,3, , , , , ,466470, , , ,1,0,0,0,0,0,0,1,1,0,0,0,1,1,0,0,0,0,0,0,1,0,0,0,0,0,0,0,0,0,0,0,0,0,0,8,0,40.0624,-75.0555, , 
 ,39874,2014088836,6,67,67301,2014,8,5,2225,22,3,1,1,4,1, , ,N,3,2,7,3,0,1,5,2,N,N,40 00:55.139,75 12:29.255,2235, ,2230, ,0, ,N, ,3, , , , , ,454984, , , ,2,2,0,0,0,0,0,0,0,0,1,0,1,0,0,0,1,0,0,0,0,0,0,0,0,0,0,0,0,0,0,0,0,0,0,3,0,40.0153,-75.2081, , 
 ,39875,2014110430,6,67,67301,2014,10,4,1619,16,1,2,1,5,6, , ,N,0,0,0,3,0,1,1,2,N,N,40 01:20.337,75 03:43.315,1635, ,1628, ,0, ,N, ,0, , , , , ,455001, , , ,2,1,0,0,0,0,0,1,0,0,0,0,1,1,0,0,0,0,0,0,0,0,0,0,0,0,0,0,0,0,0,0,0,0,0,8,0,40.0223,-75.062, , 
 ,39876,2014074864,6,67,67301,2014,6,7,130,1,3,1,0,6,6, , ,N,0,0,0,3,0,0,1,2,N, ,40 00:31.683,75 06:24.159,131, ,131, ,0, , , ,0, , , , , ,455019, , , ,2,0,0,0,0,0,0,2,0,0,0,0,0,0,0,0,0,0,0,0,0,0,0,0,0,0,0,0,0,0,0,0,0,0,0,0,0,40.0088,-75.1067, , 
 ,39877,2014088154,6,67,67301,2014,7,5,812,8,1,1,0,4,1, , ,N,2,0,0,3,0,1,2,3,N,N,39 57:15.224,75 08:22.204,815, ,812, ,0, ,N, ,0, , , , , ,455029, , , ,2,1,0,0,0,0,1,0,0,0,0,1,1,0,0,0,0,1,0,0,1,0,0,0,0,0,0,0,0,0,0,0,0,0,0,4,0,39.9543,-75.1395, , 
 ,39878,2014088863,6,67,67301,2014,8,1,1653,16,1,1,0,4,1, , ,N,0,0,7,3,0,3,4,3,N,N,39 59:06.683,75 07:14.497,1713, ,1712, ,0, , , ,0, , , , , ,455032, , , ,3,1,2,0,0,0,0,0,0,0,0,3,3,0,1,0,0,1,0,0,0,1,0,0,0,0,0,0,0,0,0,0,0,0,0,4,0,39.9852,-75.1207, , 
 ,39879,2014099323,6,67,67301,2014,9,7,815,8,1,1,0,0,1, , ,N,0,0,0,3,0,0,1,1,N,N,39 58:26.769,75 07:07.463,839, ,827,3,1,1,Y, ,0,N, , , , ,455044, , , ,1,1,0,0,0,0,0,0,0,0,0,0,0,0,0,0,0,0,0,0,0,0,0,0,0,0,0,0,0,0,0,0,0,0,0,0,0,39.9741,-75.1187, , 
 ,39880,2014068130,6,67,67301,2014,6,2,1030,10,1,1,0,5,1, , ,N,1,2,0,3,0,1,2,2,N,N,39 57:09.072,75 12:33.310,1642, ,1640, ,0, ,N, ,3, , , , , ,455059, , , ,1,0,0,0,1,0,0,0,1,0,1,0,1,0,0,0,0,0,0,0,0,0,0,0,0,0,0,0,0,0,0,0,0,0,0,3,0,39.9525,-75.2093, , 
 ,39881,2014068637,6,67,67301,2014,6,6,1400,14,1,1,0,4,1, , ,N,1,2,0,3,0,1,3,2,N, ,40 01:49.177,75 07:54.609,1430, ,1415, ,0, , , ,3, , , , , ,455060, , , ,2,1,0,0,0,0,1,0,0,0,0,0,1,1,0,0,0,0,1,0,1,0,0,0,0,0,0,0,0,0,0,0,0,0,0,8,0,40.0303,-75.1318, , 
 ,39882,2014087945,6,67,67301,2014,8,3,1918,19,4,1,0,1,1, , ,N,0,0,0,3,0,1,2,2,N, ,39 58:11.783,75 07:52.976,1947, ,1942,1,1,4, , ,0,N, , , , ,455074, , , ,1,0,0,0,0,0,0,1,1,0,0,0,1,1,0,0,0,0,0,0,0,1,0,0,0,0,0,0,0,0,0,0,0,0,0,8,0,39.9699,-75.1314, , 
 ,39883,2014059280,6,67,67301,2014,5,2,1800,18,1,1,0,4,1, , ,N,1,2,0,3,0,0,3,2,N,N,39 57:37.353,75 11:22.005,1813, ,1810,2,2,6,N, ,3,Y, , , , ,455088, , , ,2,0,0,0,1,0,1,0,0,0,0,0,0,0,0,0,0,0,1,1,0,0,0,0,0,0,0,0,0,0,0,0,0,0,0,0,0,39.9604,-75.1894, , 
 ,39884,2014065506,6,67,67301,2014,5,7,1610,16,1,1,0,8,1, , ,N,0,0,0,3,0,1,2,2,N,N,39 59:16.101,75 09:59.313,1630, ,1620, ,0, ,N, ,0, , , , , ,455112, , , ,1,1,0,0,0,0,0,0,0,0,0,0,1,1,0,0,0,0,0,0,0,0,0,0,0,0,0,0,0,0,0,0,1,0,0,8,0,39.9878,-75.1665, , 
 ,39885,2014073879,6,67,67301,2014,7,6,1338,13,1,1,0,7,2, , ,N,0,0,0,3,0,0,1,1,N,N,39 58:07.486,75 11:28.994,1344, ,1338,2,1,4,N, ,0,N, , , , ,455122, , , ,1,1,0,0,0,0,0,0,0,0,0,0,0,0,0,0,0,0,0,0,0,0,0,0,0,0,0,0,0,0,0,0,0,0,0,0,0,39.9687,-75.1914, , 
 ,39886,2014084255,6,67,67301,2014,7,5,1609,16,1,1,0,4,1, , ,N,0,0,0,3,0,1,4,2,N,N,40 02:22.069,75 12:47.221,1615, ,1612,2,1,2,N, ,0,Y, , , , ,455129, , , ,2,1,0,0,0,1,0,0,0,0,0,0,1,1,0,0,0,0,0,0,0,0,0,0,0,0,0,0,0,0,0,0,0,0,0,8,1,40.0395,-75.2131, , 
 ,39887,2014088311,6,67,67301,2014,7,5,1000,10,1,1,0,8,1, , ,N,0,0,0,3,0,1,2,2,N,N,40 02:49.380,75 10:04.590,2000, ,9999, ,0, ,N, ,0, , , , , ,455134, , , ,1,0,0,0,0,0,1,0,0,0,0,1,1,0,1,0,0,0,0,0,0,0,0,0,0,0,0,0,0,0,0,0,1,0,0,4,0,40.0471,-75.1679, , 
 ,39888,2014091459,6,67,67301,2014,8,1,1035,10,1,1,0,4,1, , ,N,1,3,0,3,0,2,6,2,N,N,39 56:22.693,75 13:58.907,1039, ,1037, ,0, , , ,3, , , , , ,455137, , , ,2,2,0,0,0,0,0,0,0,0,0,0,2,2,2,0,0,0,0,0,0,0,0,0,0,0,0,0,0,0,0,0,0,0,0,8,0,39.9396,-75.233, , 
 ,39889,2014065542,6,67,67301,2014,5,2,1435,14,1,1,0,1,1, , ,N,0,2,0,3,0,0,5,3,N,N,40 05:07.419,75 02:13.716,1500, ,1457, ,0, ,N, ,3, , , , , ,455162, , , ,3,1,0,0,0,0,2,0,0,0,0,0,0,0,0,0,0,0,0,0,1,0,0,0,0,0,0,0,0,0,0,0,0,0,0,0,0,40.0854,-75.0371, , 
 ,39890,2014068203,6,67,67301,2014,5,2,1331,13,1,1,0,6,1, , ,N,0,0,0,3,0,1,3,2,N, ,40 06:14.094,74 59:32.571,1543, ,1534, ,0, , , ,0, , , , , ,455163, , , ,2,2,0,0,0,0,0,0,0,0,0,0,1,1,0,0,1,0,0,0,0,0,0,0,0,0,0,0,0,0,0,0,0,0,0,8,0,40.1039,-74.9924, , 
 ,39891,2014087845,6,67,67301,2014,7,6,1011,10,1,1,0,1,1, , ,N,0,0,0,3,0,2,5,3,N,N,39 59:08.610,75 05:46.112,1035, ,1029, ,0, , , ,0, , , , , ,455173, , , ,3,1,0,0,0,0,2,0,0,0,0,0,2,2,0,0,0,0,0,0,0,2,0,0,0,0,0,0,0,0,0,0,0,0,0,8,0,39.9857,-75.0961, , 
 ,39892,2014089722,6,67,67301,2014,7,2,1852,18,3,2,1,8,1, , ,N,1,2,0,3,0,1,2,2,N,N,39 55:35.484,75 11:10.931,1900, ,1855,2,1,2,N, ,3,N, , , , ,455175, , , ,1,0,0,0,0,0,1,0,0,0,0,1,1,0,0,0,0,0,0,0,0,0,0,0,0,0,0,0,0,0,0,0,1,0,0,4,0,39.9265,-75.1863, , 
 ,39893,2014087830,6,67,67301,2014,7,5,1207,12,1,1,0,4,1, , ,N,2,0,0,3,0,0,2,2,N,N,40 05:58.790,74 58:38.539,1221, ,1216, ,0, ,N, ,0, , , , , ,448477, , , ,2,2,0,0,0,0,0,0,0,0,0,0,0,0,0,0,0,0,0,0,0,0,0,0,0,0,0,0,0,0,0,0,0,0,0,0,0,40.0997,-74.9774, , 
 ,39894,2014088385,6,67,67301,2014,7,3,1206,12,1,1,0,4,1, , ,N,1,3,0,3,0,0,2,2,N,N,39 56:23.830,75 13:41.728,1209, ,1207, ,0, ,N, ,3, , , , , ,448479, , , ,2,2,0,0,0,0,0,0,0,0,0,0,0,0,0,0,0,0,0,0,0,0,1,0,0,0,0,0,0,0,0,0,0,0,0,0,0,39.94,-75.2283, , 
 ,39895,2014089050,6,67,67301,2014,8,5,1634,16,1,1,0,8,1, , ,N,0,0,0,3,0,1,2,2,N,N,40 02:14.408,75 08:13.308,1648, ,1644, ,0, ,N, ,0, , , , , ,448481, , , ,1,1,0,0,0,0,0,0,0,0,0,0,1,1,0,0,0,0,0,0,1,0,0,0,0,0,0,0,0,0,0,0,1,0,0,8,0,40.0373,-75.137, , 
 ,39896,2014092210,6,67,67301,2014,9,3,757,7,1,1,0,1,1, , ,N,0,0,0,3,0,0,3,3,N,N,39 57:41.996,75 08:23.064,819, ,757,1,1,1,N, ,0,N, , , , ,448487, , , ,3,2,0,0,0,0,1,0,0,0,0,0,0,0,0,0,0,0,0,0,1,0,0,0,0,0,0,0,0,0,0,0,0,0,0,0,0,39.9617,-75.1397, , 
 ,39897,2014104539,6,67,67301,2014,10,7,530,5,2,2,1,5,6, , ,N,0,0,0,3,0,0,1,2,N,N,39 59:30.201,75 10:47.040,552, ,550,2,2,1,N, ,0,Y, , , , ,448497, , , ,2,1,0,0,0,0,0,1,0,0,0,0,0,0,0,0,0,0,0,0,0,0,0,0,0,0,0,0,0,0,0,0,0,0,0,0,0,39.9919,-75.1797, , 
 ,39898,2014054505,6,67,67301,2014,4,3,1605,16,1,2,1,4,1, , ,N,1,2,0,3,0,0,2,2,N,N,40 01:26.924,75 07:59.558,1809, ,1805,2,2,5,N, ,3,Y, , , , ,448540, , , ,2,1,0,0,0,0,1,0,0,0,0,0,0,0,0,0,0,0,0,0,0,0,0,0,0,0,0,0,0,0,0,0,0,0,0,0,0,40.0242,-75.133, , 
 ,39899,2014061083,6,67,67301,2014,5,1,9999,99,1,1,0,8,1, , ,N,0,0,0,3,0,1,2,2,N, ,40 03:50.036,75 03:53.424,1546, ,1545, ,0, , , ,0, , , , , ,448562, , , ,1,1,0,0,0,0,0,0,0,0,0,1,1,0,0,0,0,0,0,0,1,0,0,0,0,0,0,0,0,0,0,0,1,0,0,4,0,40.0639,-75.0648, , 
 ,39900,2014064851,6,67,67301,2014,6,6,1143,11,1,1,0,1,1, , ,N,0,0,0,3,0,2,11,5,N,N,39 59:27.238,75 05:11.995,1214, ,1143,2,1,2,N, ,0,N, , , , ,448568, , , ,5,3,0,0,1,0,0,1,0,0,0,2,2,0,0,0,0,0,0,0,2,1,0,0,0,0,0,0,0,0,0,0,0,0,0,4,0,39.9909,-75.0867, , 
 ,39901,2014068618,6,67,67301,2014,6,3,722,7,1,1,0,5,1, , ,N,0,0,0,3,0,0,1,4,N,N,39 55:22.056,75 10:11.843,725, ,722, ,0, ,N, ,0, , , , , ,448572, , , ,4,1,0,0,1,0,1,1,0,0,0,0,0,0,0,0,0,0,0,0,1,0,0,1,0,0,0,0,0,0,0,0,0,0,0,0,0,39.9228,-75.17, , 
 ,39902,2014065493,6,67,67301,2014,5,6,1130,11,1,1,0,1,1, , ,N,0,0,0,3,0,1,2,2,N, ,39 59:07.266,75 06:44.614,1325, ,1315,3,1,2, , ,0,N, , , , ,448607, , , ,2,1,0,0,0,0,0,1,0,0,0,1,1,0,0,0,0,0,0,0,2,0,0,0,0,0,0,0,0,0,0,0,0,0,0,4,0,39.9854,-75.1124, , 
 ,39903,2014081470,6,67,67301,2014,6,2,1400,14,1,1,0,1,6, , ,N,0,0,0,3,0,2,2,2,N,N,40 05:34.599,74 58:51.197,1410, ,1402, ,0, ,N, ,0, , , , , ,448623, , , ,2,1,0,0,0,0,1,0,0,0,0,2,2,0,0,0,0,0,0,0,0,0,0,0,0,0,0,0,0,0,0,0,0,0,0,4,0,40.0929,-74.9809, , 
 ,39904,2014084332,6,67,67301,2014,7,3,855,8,1,1,0,8,1, , ,N,1,2,0,3,0,1,2,2,N,N,39 59:57.210,75 04:30.773,933, ,931, ,0, ,N, ,3, , , , , ,448626, , , ,1,0,0,0,0,1,0,0,0,0,0,1,1,0,0,0,0,0,0,0,1,0,0,0,0,0,0,0,0,0,0,0,1,0,0,4,1,39.9992,-75.0752, , 
U,39905,2014089006,6,67,67301,2014,8,7,1310,13,1,1,0,4,1,8,8,Y,1,3,0,3,0,1,2,2,N, ,39 59:44.750,75 10:51.931,1322,99,1318,1,1,4, , ,3,N,U,U,U,U,448633,U,U,U,2,2,0,0,0,0,0,0,0,0,0,1,1,0,0,0,0,0,0,0,1,0,0,0,0,0,0,0,0,0,0,0,0,0,0,4,0,39.9958,-75.1811, , 
 ,39906,2014013169,6,67,67301,2014,1,7,1405,14,1,4,5,7,4, , ,N,0,0,0,3,0,0,1,3,N,N,39 56:44.628,75 09:40.424,1410, ,1409,1,2,2,N, ,0,Y, , , , ,448647, , , ,3,2,0,0,1,0,0,0,0,0,0,0,0,0,0,0,0,0,0,0,0,0,0,0,0,0,0,0,0,0,0,0,0,0,0,0,0,39.9457,-75.1612, , 
 ,39907,2014019126,6,67,67301,2014,1,5,1100,11,1,1,0,8,1, , ,N,1,3,0,3,0,1,2,2,N,N,39 59:15.021,75 08:56.000,1235, ,1230, ,0, ,N, ,3, , , , , ,448651, , , ,1,0,0,0,0,0,0,1,0,0,0,1,1,0,0,0,0,0,0,0,0,0,0,0,0,0,0,0,0,0,0,0,1,0,0,4,0,39.9875,-75.1489, , 
 ,39908,2014088943,6,67,67301,2014,8,3,1844,18,1,1,0,8,1, , ,N,0,0,0,3,0,1,2,2,N, ,40 00:10.065,75 09:15.912,1855, ,1847, ,0, , , ,0, , , , , ,448671, , , ,1,1,0,0,0,0,0,0,0,0,0,1,1,0,0,0,0,0,0,0,0,0,1,0,0,0,0,0,0,0,0,0,1,0,0,4,0,40.0028,-75.1544, , 
 ,39909,2014059052,6,67,67301,2014,5,6,359,3,3,1,0,5,6, , ,N,0,0,0,3,0,0,1,2,N,N,39 56:11.641,75 11:53.745,405, ,401, ,0, ,N, ,0, , , , , ,448692, , , ,2,1,0,0,0,0,0,1,0,0,0,0,0,0,0,0,0,0,0,0,0,0,0,0,0,0,0,0,0,0,0,0,0,0,0,0,0,39.9366,-75.1983, , 
 ,39910,2014067936,6,67,67301,2014,5,4,2057,20,3,1,0,4,1, , ,N,1,2,0,3,0,0,2,5,N,N,39 58:18.037,75 09:40.121,2310, ,2300, ,0, ,N, ,3, , , , , ,448703, , , ,5,4,0,0,0,0,0,1,0,0,0,0,0,0,0,0,0,0,0,0,0,0,1,0,0,0,0,0,0,0,0,0,0,0,0,0,0,39.9717,-75.1611, , 
 ,39911,2014084364,6,67,67301,2014,7,4,1728,17,1,1,0,4,1, , ,N,0,0,0,3,0,1,2,2,N,N,39 58:03.137,75 10:16.672,1733, ,1730, ,0, , , ,0, , , , , ,448716, , , ,1,1,0,0,0,0,0,0,1,0,0,0,1,1,0,0,0,0,0,0,0,0,0,0,0,0,0,0,0,0,0,0,0,0,0,8,0,39.9675,-75.1713, , 
 ,39912,2014106668,6,67,67301,2014,10,7,1527,15,1,1,0,7,4, , ,N,0,0,0,3,0,1,1,1,N,N,39 56:59.144,75 08:34.210,1535, ,1530,3,1,3,N, ,0,N, , , , ,451777, , , ,1,1,0,0,0,0,0,0,0,0,0,0,1,1,0,0,0,0,0,0,0,0,0,0,0,0,0,0,0,0,0,0,0,0,0,8,0,39.9498,-75.1428, , 
 ,39913,2014016104,6,67,67301,2014,1,4,1552,15,1,1,0,5,1, , ,N,0,0,0,3,0,0,4,2,N,N,40 02:06.921,75 10:31.461,1552, ,1552, ,0, ,N, ,0, , , , , ,451789, , , ,2,0,0,0,0,0,2,0,0,0,0,0,0,0,0,0,0,0,0,0,0,0,0,0,0,0,0,0,0,0,0,0,0,0,0,0,0,40.0353,-75.1754, , 
 ,39914,2014025338,6,67,67301,2014,1,3,1800,18,3,2,1,8,1, , ,N,1,2,0,3,0,1,2,2,N, ,40 03:08.516,75 14:10.540,1820, ,1810, ,0, , , ,3, , , , , ,451797, , , ,1,1,0,0,0,0,0,0,0,0,0,0,1,1,0,0,0,0,0,0,0,0,0,0,0,0,0,0,0,0,0,0,1,0,0,8,0,40.0524,-75.2363, , 
 ,39915,2014043043,6,67,67301,2014,3,1,1030,10,1,1,0,3,1, , ,N,0,0,0,3,0,0,2,2,N,N,39 56:00.963,75 08:54.330,1040, ,1033, ,0, ,N, ,0, , , , , ,451808, , , ,2,2,0,0,0,0,0,0,0,0,0,0,0,0,0,0,0,0,0,0,0,0,0,0,0,0,0,0,0,0,0,0,0,0,0,0,0,39.9336,-75.1484, , 
N,39916,2014016459,6,67,67301,2014,1,6,2334,23,3,1,0,4,1,1,4,Y,0,0,0,3,0,2,3,2,N,N,40 01:17.386,75 02:26.320,16,45,2336,2,1,2,N, ,0,Y,Y,N,N,N,451835,N,N,Y,2,2,0,0,0,0,0,0,0,0,0,2,2,0,0,0,0,0,0,0,0,1,0,0,0,0,0,0,0,0,0,0,0,0,0,4,0,40.0215,-75.0406, , 
 ,39917,2014068656,6,67,67301,2014,5,6,9999,99,1,1,0,4,1, , ,N,1,2,0,3,0,1,2,3,N,N,40 01:32.257,75 09:15.145,9999, ,1109, ,0, , , ,3, , , , , ,451837, , , ,3,2,0,0,0,1,0,0,0,0,0,0,1,1,0,0,0,0,0,0,0,0,0,0,0,0,0,0,0,0,0,0,0,0,0,8,1,40.0256,-75.1542, , 
 ,39918,2014088177,6,67,67301,2014,7,4,1740,17,1,1,0,7,4, , ,N,2,0,0,3,0,1,1,1,N,N,39 57:31.626,75 11:23.852,1747, ,1744, ,0, ,N, ,0, , , , , ,451856, , , ,1,0,0,0,0,0,0,1,0,0,0,0,1,1,0,0,0,0,0,0,1,0,0,0,0,0,0,0,0,0,0,0,0,0,0,8,0,39.9588,-75.19, , 
 ,39919,2014088620,6,67,67301,2014,7,5,2230,22,3,1,0,8,1, , ,N,0,0,0,3,0,1,2,2,N,N,40 02:26.595,75 08:22.779,17, ,12, ,0, ,N, ,0, , , , , ,451857, , , ,1,0,0,0,0,0,1,0,0,0,0,0,1,1,0,0,0,0,0,0,0,0,0,0,0,0,0,0,0,0,0,0,1,0,0,8,0,40.0407,-75.1397, , 
 ,39920,2014096817,6,67,67301,2014,9,5,1420,14,1,1,0,1,1, , ,N,0,0,0,3,0,1,3,3,N,N,40 07:14.676,75 00:37.841,1436, ,1435, ,0, ,N, ,0, , , , , ,451868, , , ,3,2,0,0,0,0,1,0,0,0,0,0,1,1,0,0,0,0,0,0,0,1,0,0,0,0,0,0,0,0,0,0,0,0,0,8,0,40.1207,-75.0105, , 
 ,39921,2014056676,6,67,67301,2014,4,4,1124,11,1,1,0,7,4, , ,N,0,0,0,3,0,1,1,1,N,N,40 02:14.523,75 02:21.539,1132, ,1124,1,1,2,N, ,0,Y, , , , ,451891, , , ,1,1,0,0,0,0,0,0,0,0,0,1,1,0,0,0,0,0,0,0,0,0,0,0,0,0,0,0,0,0,0,0,0,0,0,4,0,40.0374,-75.0393, , 
 ,39922,2014067538,6,67,67301,2014,6,1,115,1,3,1,0,5,1, , ,N,0,0,0,3,0,1,2,2,N, ,39 59:29.115,75 08:04.771,127, ,124, ,0, , , ,0, , , , , ,451902, , , ,2,0,1,0,0,0,1,0,0,0,0,1,1,0,0,0,0,0,0,0,1,0,0,0,0,0,0,0,0,0,0,0,0,0,0,4,0,39.9914,-75.1347, , 
 ,39923,2014088134,6,67,67301,2014,7,7,2105,21,4,1,0,1,6, , ,N,0,0,0,3,0,1,2,2,N,N,40 01:05.901,75 03:49.917,2118, ,2116, ,0, ,N, ,0, , , , , ,451913, , , ,2,1,0,0,0,0,1,0,0,0,1,0,1,0,0,0,0,0,0,0,0,0,0,0,0,0,0,0,0,0,0,0,0,0,0,3,0,40.0183,-75.0639, , 
 ,39924,2014091335,6,67,67301,2014,9,4,145,1,3,1,0,1,1, , ,N,0,0,0,3,0,0,1,3,N, ,39 55:17.854,75 10:36.825,200, ,148, ,0, , , ,0, , , , , ,451916, , , ,3,1,0,0,0,0,1,1,0,0,0,0,0,0,0,0,0,0,0,0,0,0,0,1,0,0,0,0,0,0,0,0,0,0,0,0,0,39.9216,-75.1769, , 
 ,39925,2014091376,6,67,67301,2014,9,7,1755,17,1,2,1,8,1, , ,N,1,2,0,3,0,1,2,2,N, ,40 02:07.261,75 02:22.084,9999, ,1758, ,0, , , ,2, , , , , ,451917, , , ,1,0,0,0,0,0,1,0,0,0,0,0,1,1,0,0,0,0,0,0,0,0,0,0,0,0,0,0,0,0,0,0,1,0,0,8,0,40.0354,-75.0395, , 
 ,39926,2014069429,6,67,67301,2014,5,2,740,7,1,1,0,8,1, , ,N,1,2,0,3,0,1,2,2,N,N,40 02:23.373,75 08:40.028,750, ,745, ,0, ,N, ,3, , , , , ,451934, , , ,1,1,0,0,0,0,0,0,0,0,0,1,1,0,0,0,0,0,0,0,0,0,0,0,0,0,0,0,0,0,0,0,1,0,0,4,0,40.0398,-75.1445, , 
 ,39927,2014070335,6,67,67301,2014,7,2,923,9,1,1,0,1,1, , ,N,0,0,0,3,0,1,2,2,N,N,39 57:36.434,75 10:47.495,936, ,926,1,1,6,N, ,0,N, , , , ,451935, , , ,2,1,0,0,0,0,1,0,0,0,0,0,1,1,0,0,0,0,0,0,0,1,0,0,0,0,0,0,0,0,0,0,0,0,0,8,0,39.9601,-75.1799, , 
 ,39928,2014084220,6,67,67301,2014,7,5,1544,15,1,1,0,1,1, , ,N,1,2,0,3,0,0,4,2,N,N,40 05:07.441,75 02:14.475,1615, ,1613,1,1,3,N, ,3,N, , , , ,451943, , , ,2,0,0,0,1,1,0,0,0,0,0,0,0,0,0,0,0,0,0,0,0,0,0,0,0,0,0,0,0,0,0,0,0,0,0,0,1,40.0854,-75.0374, , 
 ,39929,2014091299,6,67,67301,2014,8,3,1815,18,1,1,0,4,1, , ,N,1,0,0,3,0,1,2,2,N,N,40 01:15.348,75 07:08.774,1848, ,1843, ,0, ,N, ,0, , , , , ,451946, , , ,1,1,0,0,0,0,0,0,1,0,0,1,1,0,0,0,0,0,0,0,1,0,0,0,0,0,0,0,0,0,0,0,0,0,0,4,0,40.0209,-75.1191, , 
 ,39930,2014095976,6,67,67301,2014,9,3,2302,23,3,1,0,1,1, , ,N,2,0,0,3,0,3,3,2,N,N,40 02:24.357,75 00:18.074,2335, ,2314, ,0, ,N, ,0, , , , , ,442161, , , ,2,0,0,0,0,0,1,1,0,0,0,3,3,0,0,0,0,0,0,0,0,0,0,0,0,0,0,0,0,0,0,0,0,0,0,4,0,40.0401,-75.0049, , 
 ,39931,2014112291,6,67,67301,2014,10,3,2045,20,3,1,0,1,6, , ,N,0,0,0,3,0,0,1,5,N,N,39 58:19.761,75 15:05.999,2045, ,2045,9,1,4,N, ,0,N, , , , ,442173, , , ,5,2,0,0,1,0,1,1,0,0,0,0,0,0,0,0,0,0,0,0,0,0,0,0,0,0,0,0,0,0,0,0,0,0,0,0,0,39.9722,-75.2517, , 
 ,39932,2014116490,6,67,67301,2014,2,6,1630,16,1,1,0,1,6, , ,N,0,0,0,3,0,1,2,2,N,N,40 02:07.541,75 01:29.631,0, ,0, ,0, ,N, ,0, , , , , ,442178, , , ,2,0,0,0,0,0,0,1,0,0,0,0,1,1,0,0,0,0,0,0,0,0,0,0,0,0,0,0,0,0,0,0,0,0,0,8,0,40.0354,-75.0249, , 