wz_ln_closure,objectid_1,crn,district,county,municipality,crash_year,crash_month,day_of_week,time_of_day,hour_of_day,illumination,weather,road_condition,collision_type,relation_to_road,work_zone_type,work_zone_loc,work_zone_ind,intersect_type,tcd_type,location_type,urban_rural,fatal_count,injury_count,person_count,total_units,sch_bus_ind,sch_zone_ind,latitude,longitude,arrival_tm,cons_zone_spd_lim,dispatch_tm,est_hrs_closed,lane_closed,ln_close_dir,ntfy_hiwy_maint,spec_juris_cd,tcd_func_cd,tfc_detour_ind,workers_pres,wz_close_detour,wz_flagger,wz_law_offcr_ind,objectid,wz_moving,wz_other,wz_shlder_mdn,vehicle_count,automobile_count,motorcycle_count,bus_count,small_truck_count,heavy_truck_count,suv_count,van_count,bicycle_count,maj_inj_count,mod_inj_count,min_inj_count,tot_inj_count,unk_inj_deg_count,unk_inj_per_count,driver_count_16yr,driver_count_17yr,driver_count_18yr,driver_count_19yr,driver_count_20yr,driver_count_50_64yr,driver_count_65_74yr,driver_count_75plus,unbelted_occ_count,unb_death_count,unb_maj_inj_count,belted_death_count,belted_maj_inj_count,mcycle_death_count,mcycle_maj_inj_count,bicycle_death_count,bicycle_maj_inj_count,ped_count,ped_death_count,ped_maj_inj_count,max_severity_level,comm_veh_count,dec_lat,dec_long,rdwy_surf_type_cd,county_name
 ,39933,2014125004,6,67,67301,2014,11,4,1400,14,1,2,1,1,1, , ,N,0,0,0,3,0,2,2,2,N, ,40 01:11.227,75 08:58.043,1420, ,1413, ,0, , , ,0, , , , , ,442185, , , ,2,2,0,0,0,0,0,0,0,0,0,2,2,0,0,0,0,0,0,0,0,0,0,0,0,0,0,0,0,0,0,0,0,0,0,4,0,40.0198,-75.1495, , 
 ,39934,2014054507,6,67,67301,2014,5,5,1440,14,1,1,0,1,1, , ,N,1,2,0,3,0,3,3,3,N,N,39 57:29.289,75 09:01.655,1446, ,1444, ,0, ,N, ,3, , , , , ,442193, , , ,3,3,0,0,0,0,0,0,0,0,0,3,3,0,0,0,0,0,0,0,2,0,0,1,0,0,0,0,0,0,0,0,0,0,0,4,0,39.9581,-75.1505, , 
 ,39935,2014016180,6,67,67301,2014,1,6,1627,16,1,2,1,4,1, , ,N,1,2,0,3,0,1,3,2,N,N,39 59:16.335,75 09:21.302,1635, ,1630,2,2,3,N, ,3,Y, , , , ,442200, , , ,2,1,0,0,1,0,0,0,0,0,0,0,1,1,0,0,0,0,0,0,0,0,0,0,0,0,0,0,0,0,0,0,0,0,0,8,0,39.9879,-75.1558, , 
 ,39936,2014016482,6,67,67301,2014,2,2,1530,15,1,4,1,1,1, , ,N,0,0,0,3,0,4,4,2,N,N,39 53:32.663,75 14:08.803,1552, ,1534, ,0, ,N, ,0, , , , , ,442201, , , ,2,1,0,0,0,0,1,0,0,0,0,4,4,0,0,0,0,0,0,0,1,0,0,0,0,0,0,0,0,0,0,0,0,0,0,4,0,39.8924,-75.2358, , 
 ,39937,2014032333,6,67,67301,2014,2,1,1501,15,1,1,0,4,1, , ,N,1,2,0,3,0,3,6,2,N,N,39 59:31.689,75 08:24.712,1540, ,1534, ,0, , , ,3, , , , , ,442218, , , ,2,2,0,0,0,0,0,0,0,0,0,3,3,0,0,0,0,0,0,0,0,0,0,0,0,0,0,0,0,0,0,0,0,0,0,4,0,39.992,-75.1402, , 
 ,39938,2014044574,6,67,67301,2014,3,6,2140,21,3,1,0,1,1, , ,N,0,0,0,3,0,1,4,3,N,N,40 00:06.799,75 09:10.301,2205, ,2205, ,0, ,N, ,0, , , , , ,442222, , , ,3,2,0,0,1,0,0,0,0,0,0,0,1,1,0,0,0,0,0,0,0,0,0,0,0,0,0,0,0,0,0,0,0,0,0,8,0,40.0019,-75.1529, , 
 ,39939,2014046703,6,67,67301,2014,5,7,2234,22,3,1,1,5,1, , ,N,0,0,0,3,0,0,6,2,N,N,39 59:31.107,75 12:07.113,2311, ,2308, ,0, ,N, ,0, , , , , ,442226, , , ,2,2,0,0,0,0,0,0,0,0,0,0,0,0,0,0,0,0,0,0,0,0,0,0,0,0,0,0,0,0,0,0,0,0,0,0,0,39.992,-75.202, , 
 ,39940,2014054611,6,67,67301,2014,4,5,350,3,3,1,0,7,4, , ,N,0,0,0,3,0,1,3,4,N,N,39 55:27.822,75 13:44.713,359, ,357, ,0, ,N, ,0, , , , , ,442231, , , ,4,2,0,0,1,0,1,0,0,1,0,0,1,0,2,0,0,0,0,0,0,0,0,0,0,0,0,0,0,0,0,0,0,0,0,2,0,39.9244,-75.2291, , 
 ,39941,2014065532,6,67,67301,2014,5,4,1940,19,4,1,0,4,1, , ,N,2,2,0,3,0,1,2,2,N,N,39 56:52.017,75 13:52.855,2005, ,2001, ,0, ,N, ,3, , , , , ,442239, , , ,2,2,0,0,0,0,0,0,0,0,0,1,1,0,0,0,0,0,0,0,0,0,0,0,0,0,0,0,0,0,0,0,0,0,0,4,0,39.9478,-75.2313, , 
 ,39942,2014068194,6,67,67301,2014,6,4,40,0,3,1,0,5,6, , ,N,0,0,0,3,0,1,1,3,N,N,39 56:24.255,75 09:04.169,40, ,40, ,0, ,N, ,0, , , , , ,442241, , , ,3,2,0,0,0,0,0,1,0,0,0,0,1,1,0,0,0,0,0,0,0,1,0,0,0,0,0,0,0,0,0,0,0,0,0,8,0,39.9401,-75.1512, , 
 ,39943,2014074507,6,67,67301,2014,6,2,1730,17,1,1,0,8,1, , ,N,3,3,0,3,0,1,2,2,N,N,40 00:55.112,75 04:27.555,1800, ,1736, ,0, ,N, ,3, , , , , ,442245, , , ,1,0,0,0,0,0,1,0,0,0,0,0,1,1,0,0,0,0,0,0,0,0,0,0,0,0,0,0,0,0,0,0,1,0,0,8,0,40.0153,-75.0743, , 
 ,39944,2014078849,6,67,67301,2014,6,5,9999,99,1,1,0,4,1, , ,N,1,2,0,3,0,1,2,2,N, ,40 07:07.975,75 01:04.685,1610, ,1602, ,0, , , ,3, , , , , ,442251, , , ,2,2,0,0,0,0,0,0,0,0,1,0,1,0,1,0,0,0,1,0,0,0,0,0,0,0,0,0,0,0,0,0,0,0,0,3,0,40.1189,-75.018, , 
 ,39945,2014088682,6,67,67301,2014,7,2,9999,99,1,1,0,1,1, , ,N,0,0,7,3,0,3,4,3,N, ,39 59:06.215,75 09:23.079,1705, ,1700, ,0, , , ,0, , , , , ,442264, , , ,3,1,0,0,0,0,2,0,0,0,0,1,3,2,0,0,0,0,0,0,0,0,0,0,0,0,0,0,0,0,0,0,0,0,0,4,0,39.9851,-75.1564, , 
 ,39946,2014096864,6,67,67301,2014,9,2,640,6,1,1,0,1,1, , ,N,1,2,0,3,0,0,3,3,N, ,40 01:13.197,75 04:49.613,850, ,827, ,0, , , ,3, , , , , ,442272, , , ,3,2,0,0,1,0,0,0,0,0,0,0,0,0,1,0,0,0,0,0,2,0,0,0,0,0,0,0,0,0,0,0,0,0,0,9,0,40.0203,-75.0804, , 
 ,39947,2014098697,6,67,67301,2014,9,6,743,7,1,1,0,4,1, , ,N,1,2,0,3,0,1,4,3,N,N,40 02:07.432,75 02:59.146,745, ,743,1,1,4, , ,3,Y, , , , ,442273, , , ,3,1,0,0,0,1,1,0,0,0,0,1,1,0,0,0,0,0,0,0,1,0,0,0,0,0,0,0,0,0,0,0,0,0,0,4,1,40.0354,-75.0498, , 
 ,39948,2014098695,6,67,67301,2014,9,2,1600,16,1,2,1,4,1, , ,N,1,3,0,3,0,2,3,2,N,N,39 55:34.096,75 09:50.129,1610, ,1607, ,0, , , ,3, , , , , ,445271, , , ,1,1,0,0,0,0,0,0,1,0,0,2,2,0,0,0,0,0,0,0,0,0,1,0,0,0,0,0,0,0,0,0,0,0,0,4,0,39.9261,-75.1639, , 
 ,39949,2014049821,6,67,67301,2014,4,3,2338,23,3,1,0,4,1, , ,N,1,2,0,3,0,1,4,2,N,N,40 00:25.981,75 07:24.378,2348, ,2343, ,0, , , ,3, , , , , ,445279, , , ,2,1,0,0,0,0,0,1,0,0,0,1,1,0,0,0,0,0,0,0,1,0,0,0,0,0,0,0,0,0,0,0,0,0,0,4,0,40.0072,-75.1234, , 
 ,39950,2014078759,6,67,67301,2014,6,3,1730,17,1,2,1,8,1, , ,N,1,2,0,3,0,1,2,2,N, ,39 57:23.109,75 09:52.045,1758, ,1739, ,0, , , ,3, , , , , ,445299, , , ,1,0,0,0,0,0,1,0,0,0,0,1,1,0,1,0,0,0,0,0,0,0,0,0,0,0,0,0,0,0,0,0,1,0,0,4,0,39.9564,-75.1645, , 
 ,39951,2014084265,6,67,67301,2014,7,3,1830,18,1,9,0,8,1, , ,N,1,3,0,3,0,1,2,2,N,N,39 59:41.517,75 10:27.461,1835, ,1830, ,0, ,N, ,3, , , , , ,445305, , , ,1,0,0,0,0,0,1,0,0,0,0,0,1,1,0,0,0,0,0,0,0,0,0,0,0,0,0,0,0,0,0,0,1,0,0,8,0,39.9949,-75.1743, , 
 ,39952,2014088108,6,67,67301,2014,8,6,9999,99,1,2,1,7,3, , ,N,0,0,0,3,0,2,4,2,N,N,40 01:00.382,75 12:09.238,9999, ,9999,9,1,5, , ,0,N, , , , ,445313, , , ,2,2,0,0,0,0,0,0,0,0,0,2,2,0,0,0,0,0,0,0,1,0,0,0,0,0,0,0,0,0,0,0,0,0,0,4,0,40.0168,-75.2026, , 
N,39953,2014005510,6,67,67301,2014,1,6,1540,15,1,1,1,5,1,1,4,Y,0,0,0,3,0,1,2,2,N,N,39 58:08.350,75 07:40.003,1550,45,1545,3,2,2,N, ,0,N,N,N,N,N,445322,N,Y,N,2,1,0,0,0,1,0,0,0,0,0,0,1,1,0,0,0,0,0,0,1,0,0,0,0,0,0,0,0,0,0,0,0,0,0,8,1,39.969,-75.1278, , 
 ,39954,2014076018,6,67,67301,2014,6,4,906,9,1,1,0,4,1, , ,N,1,2,0,3,0,1,3,2,N,N,40 04:40.774,75 12:38.329,939, ,930, ,0, ,N, ,3, , , , , ,445344, , , ,2,2,0,0,0,0,0,0,0,0,0,0,1,1,0,0,0,0,0,0,0,0,0,0,0,0,0,0,0,0,0,0,0,0,0,8,0,40.078,-75.2106, , 
 ,39955,2014078823,6,67,67301,2014,5,2,1203,12,1,1,0,4,1, , ,N,1,2,0,3,0,1,4,2,N, ,39 56:41.578,75 10:01.077,1230, ,1226, ,0, , , ,3, , , , , ,445381, , , ,1,1,0,0,0,0,0,0,1,0,0,1,1,0,0,0,0,0,0,0,0,0,0,0,0,0,0,0,0,0,0,0,0,0,0,4,0,39.9449,-75.167, , 
 ,39956,2014099180,6,67,67301,2014,9,2,842,8,1,1,0,5,1, , ,N,0,0,0,3,0,0,2,2,N,N,39 57:28.313,75 09:56.582,909, ,844, ,0, ,N, ,0, , , , , ,445404, , , ,2,0,0,1,0,0,1,0,0,0,0,0,0,0,0,0,0,0,0,0,0,0,0,0,0,0,0,0,0,0,0,0,0,0,0,0,1,39.9579,-75.1657, , 
 ,39957,2014104627,6,67,67301,2014,10,7,143,1,3,2,1,7,4, , ,N,1,3,0,3,0,0,1,6,N,N,40 01:12.273,75 08:16.069,149, ,143,3,2,1,N, ,3,Y, , , , ,445407, , , ,6,5,0,0,0,0,1,0,0,0,0,0,0,0,0,0,0,0,0,0,0,0,0,0,0,0,0,0,0,0,0,0,0,0,0,0,0,40.0201,-75.1378, , 
 ,39958,2014108623,6,67,67301,2014,10,6,1320,13,1,1,0,1,1, , ,N,0,0,0,3,0,0,2,2,N,N,39 57:36.515,75 10:48.208,1350, ,1335, ,0, ,N, ,0, , , , , ,445411, , , ,2,1,0,0,1,0,0,0,0,0,0,0,0,0,0,0,0,0,0,0,1,0,0,0,0,0,0,0,0,0,0,0,0,0,0,0,0,39.9601,-75.1801, , 
 ,39959,2014098734,6,67,67301,2014,9,2,809,8,1,1,0,8,1, , ,N,1,2,0,3,0,1,2,2,N,N,39 55:57.266,75 13:48.767,810, ,809, ,0, ,N, ,3, , , , , ,445457, , , ,1,0,0,0,0,0,1,0,0,0,0,1,1,0,0,0,0,0,0,0,0,0,0,0,0,0,0,0,0,0,0,0,1,0,0,4,0,39.9325,-75.2303, , 
 ,39960,2014081434,6,67,67301,2014,6,2,1330,13,1,1,0,4,1, , ,N,0,0,7,3,0,1,2,2,N, ,39 53:29.771,75 14:28.961,1440, ,1440, ,0, ,N, ,0, , , , , ,445471, , , ,2,1,1,0,0,0,0,0,0,0,1,0,1,0,0,0,0,0,0,1,0,0,0,0,0,0,0,0,0,0,0,0,0,0,0,3,0,39.8916,-75.2414, , 
 ,39961,2014068285,6,67,67301,2014,7,4,1831,18,1,1,0,5,1, , ,N,0,0,0,3,0,3,4,2,N,N,40 00:11.677,75 11:42.405,1846, ,1833, ,0, ,N, ,0, , , , , ,445475, , , ,2,1,0,0,0,1,0,0,0,0,0,0,3,3,0,0,0,0,0,0,1,0,0,0,0,0,0,0,0,0,0,0,0,0,0,8,0,40.0032,-75.1951, , 
 ,39962,2014087885,6,67,67301,2014,8,3,1110,11,1,1,0,8,1, , ,N,1,3,0,3,0,1,2,2,N,N,40 01:40.303,75 08:55.964,2231, ,2230, ,0, ,N, ,3, , , , , ,445489, , , ,1,1,0,0,0,0,0,0,0,0,0,1,1,0,1,0,0,0,0,0,0,0,0,0,0,0,0,0,0,0,0,0,1,0,0,4,0,40.0279,-75.1489, , 
 ,39963,2014088002,6,67,67301,2014,7,2,52,0,3,1,0,4,1, , ,N,2,2,0,3,0,0,2,2,N,N,40 03:40.549,75 11:30.758,52, ,52, ,0, ,N, ,3, , , , , ,445490, , , ,2,1,0,0,0,0,1,0,0,0,0,0,0,0,1,0,0,0,0,0,0,1,0,0,0,0,0,0,0,0,0,0,0,0,0,9,0,40.0613,-75.1919, , 
 ,39964,2014088615,6,67,67301,2014,7,2,750,7,1,1,0,5,1, , ,N,0,0,0,3,0,1,2,2,N, ,39 57:38.301,75 09:23.704,758, ,756, ,0, , , ,0, , , , , ,445491, , , ,1,1,0,0,0,0,0,0,1,0,0,0,1,1,0,0,0,0,0,0,0,0,0,0,0,0,0,0,0,0,0,0,0,0,0,8,0,39.9606,-75.1566, , 
 ,39965,2014088951,6,67,67301,2014,8,7,339,3,3,1,0,4,1, , ,N,1,2,0,3,0,2,6,2,N, ,39 54:57.588,75 09:52.288,425, ,415,3,2,4, , ,3,Y, , , , ,445492, , , ,2,0,0,1,0,1,0,0,0,0,0,0,2,2,0,0,0,0,0,0,0,0,0,0,0,0,0,0,0,0,0,0,0,0,0,8,2,39.9159,-75.1645, , 
 ,39966,2014084386,6,67,67301,2014,7,3,9999,99,1,1,0,5,1, , ,N,0,0,0,3,0,1,2,2,N,N,39 58:42.871,75 15:09.545,1132, ,1129, ,0, ,N, ,0, , , , , ,448717, , , ,2,1,1,0,0,0,0,0,0,0,0,1,1,0,0,0,0,0,0,0,0,0,0,0,0,0,0,0,0,0,0,0,0,0,0,4,0,39.9786,-75.2527, , 
 ,39967,2014087864,6,67,67301,2014,8,7,2125,21,3,1,0,0,1, , ,N,0,0,0,3,0,1,5,2,N,N,40 01:13.809,75 09:19.405,2130, ,2127,2,1,2,N, ,0,N, , , , ,448722, , , ,2,1,0,0,0,0,0,1,0,0,1,0,1,0,0,0,0,0,0,0,0,0,0,0,0,0,0,0,0,0,0,0,0,0,0,3,0,40.0205,-75.1554, , 
 ,39968,2014065603,6,67,67301,2014,5,7,1945,19,4,1,0,8,1, , ,N,0,0,0,3,0,1,2,2,N,N,39 55:25.562,75 14:08.337,1952, ,1949, ,0, ,N, ,0, , , , , ,448752, , , ,1,0,0,0,0,0,1,0,0,0,0,1,1,0,0,0,0,0,0,0,1,0,0,0,0,0,0,0,0,0,0,0,1,0,0,4,0,39.9238,-75.2356, , 
 ,39969,2014078782,6,67,67301,2014,6,7,1131,11,1,1,0,4,1, , ,N,1,2,0,3,0,1,2,2,N,N,39 57:41.833,75 09:10.486,1137, ,1134, ,0, , , ,3, , , , , ,448763, , , ,1,1,0,0,0,0,0,0,1,1,0,0,1,0,0,0,0,0,0,0,0,0,0,0,0,0,0,0,0,0,0,1,0,0,0,2,0,39.9615,-75.1529, , 
 ,39970,2014092944,6,67,67301,2014,9,6,1501,15,1,1,0,5,1, , ,N,0,0,0,3,0,0,5,3,N,N,39 53:56.701,75 10:01.672,1609, ,1538, ,0, ,N, ,0, , , , , ,448780, , , ,3,1,0,0,0,2,0,0,0,0,0,0,0,0,0,0,0,0,0,0,1,0,0,0,0,0,0,0,0,0,0,0,0,0,0,0,2,39.8991,-75.1671, , 
 ,39971,2014066795,6,67,67301,2014,7,2,1418,14,1,1,0,1,1, , ,N,1,2,0,3,0,2,3,2,N,N,40 01:30.637,75 07:31.531,1418, ,1418,3,1,1,N, ,3,N, , , , ,448796, , , ,2,0,1,0,1,0,0,0,0,1,0,0,2,1,0,0,0,0,0,0,1,0,0,0,0,0,0,0,0,1,0,0,0,0,0,2,0,40.0252,-75.1254, , 
 ,39972,2014081497,6,67,67301,2014,6,6,1000,10,1,1,0,1,1, , ,N,1,2,0,3,0,1,2,2,N,N,40 01:41.728,75 06:35.304,1641, ,1640, ,0, ,N, ,3, , , , , ,448806, , , ,2,1,0,0,0,0,1,0,0,0,0,1,1,0,0,0,0,0,0,0,1,0,0,0,0,0,0,0,0,0,0,0,0,0,0,4,0,40.0283,-75.1098, , 
 ,39973,2014099240,6,67,67301,2014,9,7,1230,12,1,1,0,8,1, , ,N,1,2,0,3,0,1,2,2,N, ,39 55:18.821,75 10:13.026,1245, ,1241, ,0, , , ,3, , , , , ,448827, , , ,1,1,0,0,0,0,0,0,0,0,0,1,1,0,0,0,0,0,0,0,0,0,0,0,0,0,0,0,0,0,0,0,1,0,0,4,0,39.9219,-75.1702, , 
 ,39974,2014078771,6,67,67301,2014,5,3,9999,99,1,1,0,1,1, , ,N,0,0,0,3,0,1,4,2,N,N,39 56:20.980,75 11:33.060,1715, ,1713, ,0, ,N, ,0, , , , , ,448845, , , ,2,1,0,0,0,0,0,1,0,0,0,1,1,0,0,0,0,0,0,0,0,0,0,0,0,0,0,0,0,0,0,0,0,0,0,4,0,39.9392,-75.1925, , 
 ,39975,2014084221,6,67,67301,2014,7,2,1650,16,1,1,0,4,1, , ,N,1,2,0,3,0,1,2,2,N,N,39 59:47.157,75 06:48.512,1746, ,1735, ,0, ,N, ,1, , , , , ,448852, , , ,2,0,0,0,0,0,2,0,0,0,0,1,1,0,0,0,0,0,0,0,0,0,0,0,0,0,0,0,0,0,0,0,0,0,0,4,0,39.9964,-75.1135, , 
 ,39976,2014059308,6,67,67301,2014,5,3,1536,15,1,1,0,4,1, , ,N,1,2,0,3,0,0,2,2,N,N,40 03:13.772,75 05:10.794,1550, ,1545,9,1,4,N, ,3,N, , , , ,448892, , , ,2,2,0,0,0,0,0,0,0,0,0,0,0,0,0,0,0,0,0,0,1,0,0,0,0,0,0,0,0,0,0,0,0,0,0,0,0,40.0538,-75.0863, , 
 ,39977,2014068082,6,67,67301,2014,5,7,1630,16,1,1,0,4,1, , ,N,1,3,0,3,0,1,2,2,N, ,39 57:42.814,75 13:37.667,1855, ,1845, ,0, , , ,3, , , , , ,448901, , , ,1,1,0,0,0,0,0,0,1,0,0,1,1,0,0,0,0,0,0,0,0,0,0,0,0,0,0,0,0,0,0,0,0,0,0,4,0,39.9619,-75.2271, , 
 ,39978,2014078793,6,67,67301,2014,6,7,1315,13,1,1,0,4,1, , ,N,0,0,7,3,0,1,4,2,N, ,40 01:08.173,75 08:12.796,1330, ,1320, ,0, , , ,0, , , , , ,448904, , , ,2,1,0,0,0,0,0,1,0,0,1,0,1,0,0,0,0,0,0,0,0,0,0,0,0,0,0,0,0,0,0,0,0,0,0,3,0,40.0189,-75.1369, , 
 ,39979,2014087843,6,67,67301,2014,7,1,2109,21,3,1,0,1,1, , ,N,1,2,0,3,0,8,8,3,N, ,40 04:27.539,75 02:05.367,2113, ,2110,2,2,1, , ,3,N, , , , ,448909, , , ,3,2,0,0,0,0,1,0,0,0,0,0,8,8,0,0,0,0,0,0,0,0,0,0,0,0,0,0,0,0,0,0,0,0,0,8,0,40.0743,-75.0348, , 
 ,39980,2014084175,6,67,67301,2014,7,1,341,3,3,1,0,4,1, , ,N,1,3,0,3,0,3,5,2,N,N,39 55:22.612,75 10:41.645,345, ,342,4,2,3, , ,3,Y, , , , ,448963, , , ,2,2,0,0,0,0,0,0,0,0,1,0,3,2,0,0,0,0,0,0,0,0,0,0,0,0,0,0,0,0,0,0,0,0,0,3,0,39.9229,-75.1782, , 
 ,39981,2014104609,6,67,67301,2014,9,2,9999,99,3,2,1,4,1, , ,N,2,3,0,3,0,1,2,2,N,N,39 55:21.270,75 13:58.832,1007, ,1007, ,0, ,N, ,3, , , , , ,448978, , , ,2,2,0,0,0,0,0,0,0,0,0,1,1,0,1,0,0,0,0,1,0,0,0,0,0,0,0,0,0,0,0,0,0,0,0,4,0,39.9226,-75.233, , 
 ,39982,2014062757,6,67,67301,2014,6,3,750,7,1,1,0,1,1, , ,N,0,0,0,3,0,0,3,4,N,N,39 58:49.302,75 12:19.471,756, ,750,2,2,4,N, ,0,N, , , , ,448979, , , ,4,2,0,0,0,1,1,0,0,0,0,0,0,0,0,0,0,0,0,0,1,0,0,0,0,0,0,0,0,0,0,0,0,0,0,0,1,39.9804,-75.2054, , 
 ,39983,2014078866,6,67,67301,2014,6,6,2205,22,3,1,0,1,1, , ,N,0,0,0,3,0,1,2,2,N,N,39 56:22.444,75 11:53.582,2345, ,2342, ,0, ,N, ,0, , , , , ,448988, , , ,2,2,0,0,0,0,0,0,0,0,0,1,1,0,0,0,0,1,0,0,0,0,0,0,0,0,0,0,0,0,0,0,0,0,0,4,0,39.9396,-75.1982, , 
 ,39984,2014112387,6,67,67301,2014,10,1,148,1,3,1,0,1,1, , ,N,0,0,0,3,0,1,3,2,N,N,39 59:28.398,75 12:13.930,150, ,148,1,2,3,N, ,0,N, , , , ,451966, , , ,2,1,0,0,0,0,1,0,0,0,0,1,1,0,0,0,0,0,0,0,0,0,0,0,0,0,0,0,0,0,0,0,0,0,0,4,0,39.9912,-75.2039, , 
 ,39985,2014114996,6,67,67301,2014,2,6,1515,15,1,1,0,1,1, , ,N,1,2,0,3,0,2,3,2,Y,N,39 55:51.402,75 10:54.004,0, ,0, ,0, ,N, ,3, , , , , ,451968, , , ,2,0,0,1,1,0,0,0,0,0,1,0,2,1,0,0,0,0,0,0,0,0,0,0,0,0,0,0,0,0,0,0,0,0,0,3,1,39.9309,-75.1817, , 
 ,39986,2014120875,6,67,67301,2014,11,2,1445,14,1,1,0,4,1, , ,N,3,3,0,3,0,1,2,2,N, ,39 57:56.570,75 12:23.262,1451, ,1450, ,0, , , ,3, , , , , ,451971, , , ,1,1,0,0,0,0,0,0,1,0,0,0,1,1,0,0,0,0,0,0,0,0,0,0,0,0,0,0,0,0,0,0,0,0,0,8,0,39.9657,-75.2065, , 
 ,39987,2014043065,6,67,67301,2014,3,4,2104,21,3,2,1,8,1, , ,N,1,2,0,3,0,1,2,2,N, ,40 07:53.956,75 00:43.926,2112, ,2104, ,0, , , ,3, , , , , ,451975, , , ,1,1,0,0,0,0,0,0,0,0,0,1,1,0,0,0,0,0,0,0,0,0,0,0,0,0,0,0,0,0,0,0,1,0,0,4,0,40.1317,-75.0122, , 
 ,39988,2014073886,6,67,67301,2014,7,1,314,3,3,1,0,5,1, , ,N,7,0,2,3,0,2,2,2,N,N,39 58:23.355,75 11:37.454,321, ,319,1,1,4,Y, ,0,N, , , , ,451982, , , ,2,2,0,0,0,0,0,0,0,0,1,1,2,0,0,0,0,0,0,0,0,0,0,0,0,0,0,0,0,0,0,0,0,0,0,3,0,39.9732,-75.1937, , 
 ,39989,2014078799,6,67,67301,2014,5,6,1145,11,1,1,0,5,1, , ,N,0,0,0,3,0,1,2,2,N,N,40 03:41.321,75 09:57.351,1630, ,1621, ,0, ,N, ,0, , , , , ,451988, , , ,1,1,0,0,0,0,0,0,1,0,0,1,1,0,1,0,0,0,0,0,0,0,0,1,0,0,0,0,0,0,0,0,0,0,0,4,0,40.0615,-75.1659, , 
 ,39990,2014088901,6,67,67301,2014,8,4,2121,21,3,1,0,1,1, , ,N,2,2,0,3,0,0,3,3,N, ,39 56:47.240,75 14:14.280,2158, ,2152, ,0, , , ,3, , , , , ,451998, , , ,3,1,0,0,0,1,1,0,0,0,0,0,0,0,0,0,0,0,0,0,0,0,0,0,0,0,0,0,0,0,0,0,0,0,0,0,1,39.9465,-75.2373, , 
 ,39991,2014025389,6,67,67301,2014,1,7,1230,12,1,4,4,4,1, , ,N,1,2,0,3,0,4,9,2,N,N,39 58:15.014,75 09:14.922,1310, ,1257,2,1,3, , ,3,Y, , , , ,452039, , , ,2,2,0,0,0,0,0,0,0,0,2,2,4,0,0,0,0,1,0,0,0,0,0,0,0,0,0,0,0,0,0,0,0,0,0,3,0,39.9707,-75.1541, , 
 ,39992,2014041967,6,67,67301,2014,4,7,2050,20,3,1,0,4,1, , ,N,1,0,0,3,0,3,4,2,N,N,39 59:53.100,75 13:59.645,2052, ,2050,2,2,2,N, ,0,N, , , , ,452058, , , ,2,2,0,0,0,0,0,0,0,0,0,3,3,0,0,0,0,0,0,0,0,0,0,0,0,0,0,0,0,0,0,0,0,0,0,4,0,39.998,-75.2332, , 
 ,39993,2014042613,6,67,67301,2014,3,5,145,1,3,1,0,7,4, , ,N,0,0,0,3,0,0,1,1,N,N,39 58:03.173,75 09:36.779,152, ,150, ,0, , , ,0, , , , , ,452059, , , ,1,1,0,0,0,0,0,0,0,0,0,0,0,0,0,0,0,0,0,0,0,0,0,0,0,0,0,0,0,0,0,0,0,0,0,0,0,39.9675,-75.1602, , 
 ,39994,2014095185,6,67,67301,2014,9,1,114,1,3,1,0,1,1, , ,N,0,0,0,3,0,1,1,2,N,N,39 58:00.110,75 11:15.617,121, ,118,2,2,3,N, ,0,N, , , , ,452098, , , ,2,1,0,0,0,0,1,0,0,0,0,1,1,0,0,0,0,0,0,0,0,0,0,0,0,0,0,0,0,0,0,0,0,0,0,4,0,39.9667,-75.1877, , 
 ,39995,2014049638,6,67,67301,2014,4,6,1805,18,1,1,0,4,1, , ,N,1,2,0,3,0,0,6,3,N,N,40 01:34.840,75 05:50.934,1810, ,1805,2,2,5, , ,3,Y, , , , ,452117, , , ,3,0,0,0,1,0,2,0,0,0,0,0,0,0,0,0,0,0,0,0,1,0,0,0,0,0,0,0,0,0,0,0,0,0,0,0,0,40.0263,-75.0975, , 
 ,39996,2014059074,6,67,67301,2014,5,7,1000,10,1,1,0,8,1, , ,N,2,0,0,3,0,1,2,2,N, ,39 59:51.280,75 07:02.132,1600, ,1555, ,0, , , ,0, , , , , ,452123, , , ,1,1,0,0,0,0,0,0,0,0,0,1,1,0,0,0,0,0,0,0,0,0,0,0,0,0,0,0,0,0,0,0,1,0,0,4,0,39.9976,-75.1173, , 
 ,39997,2014025411,6,67,67301,2014,1,5,1622,16,1,1,0,4,1, , ,N,5,2,0,3,0,0,2,2,N,N,40 03:59.808,75 05:02.183,1645, ,1640, ,0, , , ,3, , , , , ,452181, , , ,2,1,0,0,1,0,0,0,0,0,0,0,0,0,0,0,0,0,0,0,1,0,0,0,0,0,0,0,0,0,0,0,0,0,0,0,0,40.0667,-75.084, , 
 ,39998,2014044578,6,67,67301,2014,2,4,9999,99,1,1,0,8,1, , ,N,1,2,0,3,0,1,2,2,N,N,40 01:54.059,75 05:01.805,1218, ,1214,9,2,1,N, ,3,Y, , , , ,452195, , , ,1,1,0,0,0,0,0,0,0,1,0,0,1,0,0,0,0,0,0,0,0,0,0,0,0,0,0,0,0,0,0,0,1,0,1,2,0,40.0317,-75.0838, , 