wz_ln_closure,objectid_1,crn,district,county,municipality,crash_year,crash_month,day_of_week,time_of_day,hour_of_day,illumination,weather,road_condition,collision_type,relation_to_road,work_zone_type,work_zone_loc,work_zone_ind,intersect_type,tcd_type,location_type,urban_rural,fatal_count,injury_count,person_count,total_units,sch_bus_ind,sch_zone_ind,latitude,longitude,arrival_tm,cons_zone_spd_lim,dispatch_tm,est_hrs_closed,lane_closed,ln_close_dir,ntfy_hiwy_maint,spec_juris_cd,tcd_func_cd,tfc_detour_ind,workers_pres,wz_close_detour,wz_flagger,wz_law_offcr_ind,objectid,wz_moving,wz_other,wz_shlder_mdn,vehicle_count,automobile_count,motorcycle_count,bus_count,small_truck_count,heavy_truck_count,suv_count,van_count,bicycle_count,maj_inj_count,mod_inj_count,min_inj_count,tot_inj_count,unk_inj_deg_count,unk_inj_per_count,driver_count_16yr,driver_count_17yr,driver_count_18yr,driver_count_19yr,driver_count_20yr,driver_count_50_64yr,driver_count_65_74yr,driver_count_75plus,unbelted_occ_count,unb_death_count,unb_maj_inj_count,belted_death_count,belted_maj_inj_count,mcycle_death_count,mcycle_maj_inj_count,bicycle_death_count,bicycle_maj_inj_count,ped_count,ped_death_count,ped_maj_inj_count,max_severity_level,comm_veh_count,dec_lat,dec_long,rdwy_surf_type_cd,county_name
 ,39999,2014049795,6,67,67301,2014,4,3,1028,10,1,1,0,8,1, , ,N,0,0,0,3,0,1,2,2,N, ,40 00:18.376,75 13:05.073,9999, ,1028, ,0, , , ,0, , , , , ,452197, , , ,1,1,0,0,0,0,0,0,0,0,0,0,1,1,0,0,0,0,0,0,1,0,0,0,0,0,0,0,0,0,0,0,1,0,0,8,0,40.0051,-75.2181, , 
 ,40000,2014061069,6,67,67301,2014,5,2,9999,99,1,1,0,1,1, , ,N,1,3,0,3,0,1,2,2,N,N,39 56:18.823,75 09:22.730,2035, ,2019, ,0, , , ,3, , , , , ,452204, , , ,1,1,0,0,0,0,0,0,1,0,0,1,1,0,0,0,0,0,0,0,0,0,0,0,0,0,0,0,0,0,0,0,0,0,0,4,0,39.9386,-75.1563, , 
 ,40001,2014068647,6,67,67301,2014,6,6,1550,15,1,2,1,4,1, , ,N,0,0,0,3,0,1,2,2,N, ,40 03:49.032,75 04:29.528,1555, ,1550, ,0, , , ,0, , , , , ,452210, , , ,2,1,0,0,0,0,0,1,0,0,0,1,1,0,0,0,0,0,0,1,0,0,0,1,0,0,0,0,0,0,0,0,0,0,0,4,0,40.0636,-75.0749, , 
 ,40002,2014068283,6,67,67301,2014,7,4,1436,14,1,1,0,7,2, , ,N,0,0,0,3,0,1,1,1,N,N,39 55:44.458,75 08:46.854,1450, ,1441, ,0, ,N, ,0, , , , , ,442284, , , ,1,1,0,0,0,0,0,0,0,0,0,0,1,1,0,0,0,0,0,0,0,0,0,0,0,0,0,0,0,0,0,0,0,0,0,8,0,39.929,-75.1463, , 
 ,40003,2014068281,6,67,67301,2014,7,2,1253,12,1,1,0,1,1, , ,N,0,0,0,3,0,1,5,2,N,N,39 58:41.177,75 06:39.673,1305, ,1253, ,0, ,N, ,0, , , , , ,442295, , , ,2,1,0,0,0,0,0,1,0,0,1,0,1,0,0,0,0,0,0,0,1,0,0,0,0,0,0,0,0,0,0,0,0,0,0,3,0,39.9781,-75.111, , 
 ,40004,2014078847,6,67,67301,2014,6,3,1800,18,1,1,0,4,1, , ,N,0,0,7,3,0,1,2,2,N,N,40 04:04.477,75 09:23.617,1220, ,1145, ,0, ,N, ,0, , , , , ,442305, , , ,2,2,0,0,0,0,0,0,0,0,0,1,1,0,1,0,0,0,0,0,0,1,0,0,0,0,0,0,0,0,0,0,0,0,0,4,0,40.0679,-75.1566, , 
 ,40005,2014088756,6,67,67301,2014,8,7,9999,99,1,1,0,4,1, , ,N,1,3,0,3,0,1,3,2,N,N,40 00:28.975,75 08:30.365,9999, ,9999, ,0, ,N, ,3, , , , , ,442309, , , ,2,2,0,0,0,0,0,0,0,0,0,0,1,1,0,0,0,0,0,0,0,0,0,1,0,0,0,0,0,0,0,0,0,0,0,8,0,40.008,-75.1417, , 
 ,40006,2014088841,6,67,67301,2014,7,7,1345,13,1,1,0,1,1, , ,N,0,0,0,3,0,1,4,3,N,N,40 01:41.736,75 06:33.739,1355, ,1345,2,2,2, , ,0,Y, , , , ,442310, , , ,3,2,1,0,0,0,0,0,0,0,1,0,1,0,0,0,0,0,0,0,0,0,0,0,0,0,0,0,0,0,0,0,0,0,0,3,0,40.0283,-75.1094, , 
 ,40007,2014088955,6,67,67301,2014,8,2,845,8,1,1,0,4,1, , ,N,1,2,0,3,0,1,3,2,N, ,39 55:01.873,75 10:28.664,853, ,850, ,0, , , ,3, , , , , ,442311, , , ,2,1,0,0,0,0,1,0,0,0,0,1,1,0,0,0,0,0,0,0,0,0,1,0,0,0,0,0,0,0,0,0,0,0,0,4,0,39.9172,-75.1746, , 
 ,40008,2014067938,6,67,67301,2014,5,4,816,8,1,1,0,1,1, , ,N,2,2,0,3,0,1,5,5,N, ,40 05:36.346,75 01:52.568,818, ,817, ,0, , , ,3, , , , , ,442336, , , ,5,3,0,0,0,1,0,1,0,0,0,1,1,0,0,0,0,0,0,0,3,0,0,0,0,0,0,0,0,0,0,0,0,0,0,4,0,40.0934,-75.0313, , 
 ,40009,2014068043,6,67,67301,2014,6,3,928,9,1,1,0,4,1, , ,N,1,3,0,3,0,1,2,2,N,N,39 56:16.771,75 09:34.804,931, ,929, ,0, ,N, ,3, , , , , ,442337, , , ,1,1,0,0,0,0,0,0,1,0,0,1,1,0,0,0,0,0,0,0,0,0,0,0,0,0,0,0,0,0,0,0,0,0,0,4,0,39.938,-75.1597, , 
 ,40010,2014078911,6,67,67301,2014,6,3,1115,11,1,1,0,1,1, , ,N,1,2,0,3,0,1,5,5,N, ,39 56:18.900,75 11:54.432,1122, ,1119,2,1,1, , ,3,N, , , , ,442343, , , ,5,4,0,0,0,0,1,0,0,0,0,0,1,1,0,0,0,0,0,0,1,1,1,0,0,0,0,0,0,0,0,0,0,0,0,8,0,39.9386,-75.1985, , 
 ,40011,2014083082,6,67,67301,2014,6,7,1415,14,1,1,0,2,6, , ,N,0,0,0,3,0,1,1,2,N,N,40 03:30.131,75 08:52.209,1716, ,1711, ,0, ,N, ,0, , , , , ,442350, , , ,2,2,0,0,0,0,0,0,0,0,0,1,1,0,0,0,0,0,0,0,0,0,0,0,0,0,0,0,0,0,0,0,0,0,0,4,0,40.0584,-75.1478, , 
 ,40012,2014084242,6,67,67301,2014,7,2,835,8,1,1,0,1,6, , ,N,0,0,0,3,0,0,1,3,N,N,40 03:48.505,75 03:31.701,842, ,839, ,0, ,N, ,0, , , , , ,442351, , , ,3,3,0,0,0,0,0,0,0,0,0,0,0,0,0,0,0,0,0,0,0,0,0,0,0,0,0,0,0,0,0,0,0,0,0,0,0,40.0635,-75.0588, , 
 ,40013,2014098661,6,67,67301,2014,9,5,1034,10,1,2,1,4,1, , ,N,0,0,7,3,0,0,4,4,N,N,40 00:14.540,75 10:09.145,1035, ,9999,2,2,5,N, ,0,Y, , , , ,442366, , , ,4,2,0,0,0,1,1,0,0,0,0,0,0,0,0,0,0,0,0,0,1,0,0,0,0,0,0,0,0,0,0,0,0,0,0,0,1,40.004,-75.1692, , 
 ,40014,2014104596,6,67,67301,2014,10,7,746,7,1,2,1,4,1, , ,N,1,2,0,3,0,0,2,2,N,N,40 01:39.298,75 09:55.501,801, ,756, ,0, ,N, ,3, , , , , ,442373, , , ,2,1,0,0,0,0,1,0,0,0,0,0,0,0,0,0,0,0,0,0,1,0,0,0,0,0,0,0,0,0,0,0,0,0,0,0,0,40.0276,-75.1654, , 
 ,40015,2014106701,6,67,67301,2014,10,1,1359,13,1,1,0,5,1, , ,N,0,2,0,3,0,1,1,4,N, ,39 59:06.583,75 07:55.600,1405, ,1359, ,0, ,N, ,3, , , , , ,442376, , , ,4,3,0,0,0,0,1,0,0,0,0,0,1,1,0,0,0,0,0,0,0,0,0,1,0,0,0,0,0,0,0,0,0,0,0,8,0,39.9852,-75.1321, , 
 ,40016,2014067915,6,67,67301,2014,5,3,1955,19,4,1,0,4,1, , ,N,1,2,0,3,0,2,3,2,N,N,40 04:50.820,75 01:42.117,2005, ,1957, ,0, ,N, ,3, , , , , ,442443, , , ,2,1,0,0,0,0,1,0,0,0,0,2,2,0,0,0,0,0,0,0,1,1,0,0,0,0,0,0,0,0,0,0,0,0,0,4,0,40.0808,-75.0284, , 
 ,40017,2014078397,6,67,67301,2014,6,5,1600,16,1,9,8,8,1, , ,N,0,0,0,3,0,1,2,2,N, ,39 59:43.367,75 06:20.220,1035, ,1030, ,0, , , ,0, , , , , ,442451, , , ,1,1,0,0,0,0,0,0,1,0,1,0,1,0,1,0,0,0,0,0,0,0,0,0,0,0,0,0,0,0,0,0,0,0,0,3,0,39.9954,-75.1056, , 
 ,40018,2014089049,6,67,67301,2014,8,4,1420,14,1,2,1,4,1, , ,N,0,0,7,3,0,1,2,2,N, ,40 00:13.052,75 13:14.304,1435, ,1430, ,0, , , ,0, , , , , ,442461, , , ,1,1,0,0,0,0,0,0,1,0,0,0,1,1,1,0,0,0,0,0,0,1,0,0,0,0,0,0,0,0,0,0,0,0,0,8,0,40.0036,-75.2206, , 
 ,40019,2014068621,6,67,67301,2014,5,7,1920,19,1,1,0,4,1, , ,N,1,3,0,3,0,1,2,2,N,N,39 55:38.233,75 10:56.924,1925, ,1920, ,0, ,N, ,3, , , , , ,442479, , , ,1,1,0,0,0,0,0,0,1,0,1,0,1,0,0,0,0,0,0,0,0,0,0,0,0,0,0,0,0,0,0,0,0,0,0,3,0,39.9273,-75.1825, , 
 ,40020,2014104988,6,67,67301,2014,10,7,1306,13,1,1,0,8,1, , ,N,0,0,0,3,0,1,2,2,N,N,39 59:11.020,75 06:37.424,1348, ,1344, ,0, ,N, ,0, , , , , ,445509, , , ,1,1,0,0,0,0,0,0,0,0,0,1,1,0,0,0,0,0,0,0,0,0,0,0,0,0,0,0,0,0,0,0,1,0,0,4,0,39.9864,-75.1104, , 
 ,40021,2014059353,6,67,67301,2014,5,1,1555,15,1,1,0,4,1, , ,N,1,3,0,3,0,1,5,2,N,N,39 58:57.104,75 11:15.179,1609, ,1601,2,1,3,N, ,3,Y, , , , ,445522, , , ,2,1,0,0,0,0,1,0,0,0,0,1,1,0,1,0,0,0,0,0,0,0,0,0,0,0,0,0,0,0,0,0,0,0,0,4,0,39.9825,-75.1875, , 
 ,40022,2014068213,6,67,67301,2014,6,5,2005,20,3,1,0,7,4, , ,N,0,0,0,3,0,0,1,1,N, ,39 57:45.210,75 14:48.640,2025, ,2023, ,0, , , ,0, , , , , ,445532, , , ,1,1,0,0,0,0,0,0,0,0,0,0,0,0,0,0,0,0,0,0,0,0,0,0,0,0,0,0,0,0,0,0,0,0,0,0,0,39.9626,-75.2468, , 
 ,40023,2014088370,6,67,67301,2014,8,4,1301,13,1,8,0,5,1, , ,N,1,2,0,3,0,0,3,2,N,N,39 57:11.367,75 09:11.303,1302, ,1301, ,0, , , ,3, , , , , ,445549, , , ,2,0,0,0,0,1,1,0,0,0,0,0,0,0,0,0,0,0,0,0,0,1,0,0,0,0,0,0,0,0,0,0,0,0,0,0,1,39.9532,-75.1531, , 
 ,40024,2014088671,6,67,67301,2014,8,1,20,0,3,1,0,4,1, , ,N,1,2,0,3,0,4,5,2,N,N,40 01:41.935,75 07:12.129,221, ,220,3,1,5,N, ,3,N, , , , ,445550, , , ,2,2,0,0,0,0,0,0,0,0,1,3,4,0,1,0,0,1,0,0,0,0,0,0,0,0,0,0,0,0,0,0,0,0,0,3,0,40.0283,-75.12, , 
 ,40025,2014088745,6,67,67301,2014,8,2,645,6,1,1,0,1,6, , ,N,0,0,0,3,0,1,1,2,N,N,39 57:13.705,75 10:31.554,705, ,705, ,0, ,N, ,0, , , , , ,445551, , , ,2,2,0,0,0,0,0,0,0,0,0,1,1,0,0,0,0,0,0,0,0,0,0,0,0,0,0,0,0,0,0,0,0,0,0,4,0,39.9538,-75.1754, , 
 ,40026,2014088862,6,67,67301,2014,8,3,1500,15,1,2,1,4,1, , ,N,1,2,0,3,0,0,2,2,N, ,39 58:04.897,75 08:23.513,1536, ,1530, ,0, , , ,3, , , , , ,445552, , , ,2,2,0,0,0,0,0,0,0,0,0,0,0,0,0,0,0,0,0,0,0,0,0,0,0,0,0,0,0,0,0,0,0,0,0,0,0,39.968,-75.1399, , 
 ,40027,2014088950,6,67,67301,2014,8,6,2315,23,3,1,0,8,1, , ,N,1,2,0,3,0,1,2,2,N,N,39 54:38.552,75 09:56.365,2323, ,2323, ,0, ,N, ,9, , , , , ,445553, , , ,1,1,0,0,0,0,0,0,0,0,1,0,1,0,0,0,0,0,0,0,0,0,0,1,0,0,0,0,0,0,0,0,1,0,0,3,0,39.9107,-75.1657, , 
 ,40028,2014012768,6,67,67301,2014,1,4,2018,20,3,1,0,1,1, , ,N,7,0,2,3,0,0,4,2,N,N,39 54:41.163,75 09:54.681,2018, ,2018, ,0, ,N, ,0, , , , , ,445568, , , ,2,2,0,0,0,0,0,0,0,0,0,0,0,0,0,0,0,0,0,0,0,0,0,0,0,0,0,0,0,0,0,0,0,0,0,0,0,39.9114,-75.1652, , 
 ,40029,2014032502,6,67,67301,2014,2,1,758,7,1,1,0,1,1, , ,N,1,2,0,3,0,2,3,3,N,N,39 56:24.381,75 11:05.801,805, ,800, ,0, , , ,3, , , , , ,445581, , , ,3,3,0,0,0,0,0,0,0,0,0,0,2,2,0,0,0,0,0,0,0,0,0,0,0,0,0,0,0,0,0,0,0,0,0,8,0,39.9401,-75.1849, , 
 ,40030,2014034160,6,67,67301,2014,3,1,125,1,3,1,0,5,1, , ,N,0,2,0,3,0,0,2,3,N,N,40 02:21.533,75 07:47.618,135, ,135, ,0, ,N, ,3, , , , , ,445585, , , ,3,1,0,0,0,0,1,1,0,0,0,0,0,0,1,0,0,0,0,0,0,1,0,0,0,0,0,0,0,0,0,0,0,0,0,9,0,40.0393,-75.1299, , 
 ,40031,2014088358,6,67,67301,2014,7,3,1852,18,1,2,1,4,1, , ,N,1,2,0,3,0,1,2,2,N, ,39 58:11.253,75 08:29.393,1909, ,1909, ,0, , , ,3, , , , , ,445627, , , ,2,2,0,0,0,0,0,0,0,0,0,1,1,0,0,0,0,0,0,0,0,0,0,0,0,0,0,0,0,0,0,0,0,0,0,4,0,39.9697,-75.1416, , 
 ,40032,2014111439,6,67,67301,2014,10,1,259,2,3,1,0,4,1, , ,N,2,3,0,3,0,1,3,2,N,N,40 01:28.347,75 08:06.503,515, ,508, ,0, ,N, ,3, , , , , ,445640, , , ,2,0,0,0,0,0,1,0,0,0,0,0,1,1,2,0,0,0,0,0,0,1,0,0,0,0,0,0,0,0,0,0,0,0,0,8,0,40.0245,-75.1351, , 
 ,40033,2014060815,6,67,67301,2014,5,3,954,9,1,1,0,4,1, , ,N,2,2,3,3,2,1,3,3,N,N,39 57:06.630,75 11:02.720,959, ,954,4,2,4,N,0,3,Y, , , , ,445664, , , ,2,2,0,0,0,0,0,0,0,0,0,1,1,0,0,0,0,0,0,0,0,1,0,0,0,0,0,0,0,0,0,0,1,1,0,1,0,39.9517,-75.1832,1, 
 ,40034,2014088931,6,67,67301,2014,8,1,927,9,1,1,0,0,1, , ,N,1,2,0,3,0,1,1,2,N, ,39 54:50.789,75 08:59.633,942, ,936, ,0, , , ,3, , , , , ,445680, , , ,1,0,1,0,0,0,0,0,0,0,0,1,1,0,0,0,0,0,0,0,1,0,0,0,0,0,0,0,0,0,0,0,0,0,0,4,0,39.914,-75.1499, , 
 ,40035,2014093518,6,67,67301,2014,9,3,1724,17,1,1,0,1,1, , ,N,0,2,0,3,0,2,4,3,N,N,40 01:39.320,75 06:35.889,1726, ,1726,1,1,1,N, ,3,N, , , , ,445687, , , ,3,3,0,0,0,0,0,0,0,0,0,2,2,0,0,0,0,0,0,0,1,0,0,0,0,0,0,0,0,0,0,0,0,0,0,4,0,40.0276,-75.11, , 
 ,40036,2014084270,6,67,67301,2014,7,3,9999,99,1,1,0,4,1, , ,N,5,2,0,3,0,0,2,2,N,N,40 01:31.012,75 07:25.742,809, ,758,9,1,1,N, ,3,N, , , , ,445715, , , ,2,1,0,0,0,0,1,0,0,0,0,0,0,0,0,0,0,0,0,0,0,0,0,0,0,0,0,0,0,0,0,0,0,0,0,0,0,40.0253,-75.1238, , 
 ,40037,2014088349,6,67,67301,2014,7,6,1500,15,1,1,0,1,1, , ,N,1,2,0,3,0,1,2,2,N, ,40 01:18.154,75 06:45.449,1600, ,1547, ,0, , , ,3, , , , , ,445719, , , ,2,1,0,0,1,0,0,0,0,0,0,1,1,0,0,0,0,0,0,0,1,0,0,0,0,0,0,0,0,0,0,0,0,0,0,4,0,40.0217,-75.1126, , 
 ,40038,2014081469,6,67,67301,2014,6,7,2030,20,4,1,0,1,1, , ,N,1,2,0,3,0,2,4,2,N,N,40 00:11.036,75 09:51.469,2050, ,2047, ,0, ,N, ,3, , , , , ,448992, , , ,2,1,0,0,0,0,1,0,0,0,0,2,2,0,0,0,0,0,0,0,1,0,0,0,0,0,0,0,0,0,0,0,0,0,0,4,0,40.0031,-75.1643, , 
 ,40039,2014084447,6,67,67301,2014,7,5,1146,11,1,8,8,0,1, , ,N,0,0,0,3,0,1,1,1,N,N,39 56:40.063,75 11:51.972,1147, ,1146, ,0, , , ,0, , , , , ,448994, , , ,1,0,1,0,0,0,0,0,0,0,0,1,1,0,0,0,0,0,0,0,0,0,0,0,0,0,0,0,0,0,0,0,0,0,0,4,0,39.9445,-75.1978, , 
 ,40040,2014098660,6,67,67301,2014,9,5,1844,18,1,1,1,4,1, , ,N,0,0,7,3,0,1,2,2,N,N,39 57:22.551,75 11:09.517,1847, ,1846, ,0, ,N, ,0, , , , , ,449006, , , ,2,1,0,0,0,0,0,1,0,0,0,1,1,0,0,0,0,0,0,0,0,0,0,0,0,0,0,0,0,0,0,0,0,0,0,4,0,39.9563,-75.186, , 
 ,40041,2014099232,6,67,67301,2014,9,2,1723,17,1,1,0,4,1, , ,N,1,2,0,3,0,1,2,2,N,N,40 00:44.791,75 08:22.131,1736, ,1729, ,0, ,N, ,3, , , , , ,449007, , , ,2,0,1,0,0,0,0,1,0,0,0,1,1,0,0,0,0,1,0,0,0,0,0,0,0,0,0,0,0,0,0,0,0,0,0,4,0,40.0124,-75.1395, , 
Y,40042,2014120283,6,67,67301,2014,11,6,710,7,1,1,0,1,1,1,2,Y,0,0,0,3,0,1,3,2,N,N,40 03:22.458,75 02:47.930,724,99,710,2,1,1,N, ,0,N,U, , ,U,449020, , , ,2,2,0,0,0,0,0,0,0,0,0,1,1,0,0,0,0,0,0,0,0,0,0,0,0,0,0,0,0,0,0,0,0,0,0,4,0,40.0562,-75.0466, , 
 ,40043,2014098616,6,67,67301,2014,9,5,1050,10,1,2,1,2,1, , ,N,0,0,0,3,0,1,3,3,N,N,40 02:33.994,75 11:36.362,1105, ,1055,3,1,1,N, ,0,N, , , , ,449047, , , ,3,2,0,0,0,0,0,1,0,0,0,1,1,0,0,0,0,0,0,0,1,0,0,0,0,0,0,0,0,0,0,0,0,0,0,4,0,40.0428,-75.1934, , 
 ,40044,2014109940,6,67,67301,2014,10,3,944,9,1,1,0,8,1, , ,N,1,2,0,3,0,1,2,2,N, ,39 57:03.048,75 09:49.788,1000, ,954,2,2,3, , ,3,N, , , , ,449055, , , ,1,0,0,1,0,0,0,0,0,0,0,1,1,0,0,0,0,0,0,0,0,0,0,0,0,0,0,0,0,0,0,0,1,0,0,4,1,39.9508,-75.1638, , 
 ,40045,2014087804,6,67,67301,2014,7,5,2315,23,3,1,0,1,1, , ,N,0,0,0,3,0,1,3,2,N,N,39 56:05.908,75 08:33.746,2332, ,2326, ,0, ,N, ,0, , , , , ,449112, , , ,2,2,0,0,0,0,0,0,0,0,0,1,1,0,0,0,0,0,0,0,0,0,0,0,0,0,0,0,0,0,0,0,0,0,0,4,0,39.935,-75.1427, , 
 ,40046,2014089710,6,67,67301,2014,8,1,1940,19,1,1,0,3,1, , ,N,0,0,0,3,0,1,2,2,N,N,40 01:53.451,75 02:28.419,1955, ,1947, ,0, ,N, ,0, , , , , ,449114, , , ,1,0,0,0,0,0,1,0,1,0,0,1,1,0,0,0,0,0,0,0,1,0,0,0,0,0,0,0,0,0,0,0,0,0,0,4,0,40.0315,-75.0412, , 
N,40047,2014070337,6,67,67301,2014,7,3,338,3,3,1,0,0,1,1,4,Y,0,0,0,3,0,0,1,1,N,N,39 58:43.005,75 06:36.130,341,45,340,1,1,1,N, ,0,N,N,N,N,N,449133,N,N,Y,1,0,0,0,0,0,1,0,0,0,0,0,0,0,0,0,0,0,0,0,0,0,0,0,0,0,0,0,0,0,0,0,0,0,0,0,0,39.9786,-75.11, , 
 ,40048,2014068098,6,67,67301,2014,6,5,9999,99,1,2,1,5,1, , ,N,0,0,0,3,0,0,3,3,N, ,39 59:50.797,75 08:38.851,1920, ,1846, ,0, , , ,0, , , , , ,449135, , , ,3,1,0,0,0,0,1,1,0,0,0,0,0,0,0,0,0,0,0,0,1,0,0,0,0,0,0,0,0,0,0,0,0,0,0,0,0,39.9974,-75.1441, , 
 ,40049,2014068127,6,67,67301,2014,5,6,1355,13,1,1,0,4,1, , ,N,1,2,0,3,0,1,2,2,N, ,39 58:46.512,75 07:46.051,1415, ,1404, ,0, , , ,3, , , , , ,449136, , , ,2,0,0,0,0,0,2,0,0,0,0,1,1,0,0,0,0,0,0,0,1,0,0,0,0,0,0,0,0,0,0,0,0,0,0,4,0,39.9796,-75.1295, , 
 ,40050,2014074623,6,67,67301,2014,7,5,1,0,3,1,0,4,1, , ,N,1,2,0,3,0,0,3,2,N,N,39 59:04.850,75 09:23.377,5, ,3, ,0, ,N, ,3, , , , , ,449146, , , ,2,1,0,0,0,0,1,0,0,0,0,0,0,0,0,0,0,0,0,0,0,0,0,0,0,0,0,0,0,0,0,0,0,0,0,0,0,39.9847,-75.1565, , 
 ,40051,2014093517,6,67,67301,2014,9,1,2034,20,3,1,0,4,6, , ,N,2,0,0,3,0,1,1,2,N, ,40 05:57.217,74 58:41.404,2050, ,2046,9,2,1, , ,0,Y, , , , ,449155, , , ,2,0,0,0,0,0,2,0,0,0,0,1,1,0,0,0,0,0,0,0,0,0,0,0,0,0,0,0,0,0,0,0,0,0,0,4,0,40.0992,-74.9782, , 
 ,40052,2014096407,6,67,67301,2014,9,3,2,0,3,1,0,4,1, , ,N,1,2,0,3,0,5,5,3,N,N,40 02:30.933,75 07:26.313,10, ,7, ,0, ,N, ,3, , , , , ,449159, , , ,2,1,0,0,0,0,1,0,0,0,0,0,5,5,0,0,0,0,0,0,0,0,0,0,0,0,0,0,0,0,0,0,0,0,0,8,0,40.0419,-75.124, , 
 ,40053,2014096792,6,67,67301,2014,7,4,2310,23,3,1,0,8,1, , ,N,0,0,0,3,0,1,2,2,N,N,39 57:55.613,75 13:32.795,2339, ,2335,9,1,4,N, ,0,Y, , , , ,449160, , , ,1,1,0,0,0,0,0,0,0,0,0,0,1,1,0,0,0,0,0,0,0,0,0,0,0,0,0,0,0,0,0,0,1,0,0,8,0,39.9654,-75.2258, , 
 ,40054,2014068131,6,67,67301,2014,6,4,1934,19,1,1,0,8,1, , ,N,1,2,0,3,0,1,2,2,N,N,39 55:15.755,75 13:26.897,1940, ,1934, ,0, ,N, ,3, , , , , ,449177, , , ,1,1,0,0,0,0,0,0,0,0,0,0,1,1,0,0,0,0,0,0,0,0,0,0,0,0,0,0,0,0,0,0,1,0,0,8,0,39.9211,-75.2242, , 
 ,40055,2014026994,6,67,67301,2014,2,6,1826,18,3,1,0,1,1, , ,N,0,0,0,3,0,0,2,3,N,N,40 00:06.961,75 11:41.857,1843, ,1827, ,0, ,N, ,0, , , , , ,449192, , , ,3,2,0,0,0,0,0,1,0,0,0,0,0,0,0,0,0,0,0,0,0,0,0,0,0,0,0,0,0,0,0,0,0,0,0,0,0,40.0019,-75.195, , 
 ,40056,2014029847,6,67,67301,2014,2,6,1330,13,1,1,0,7,4, , ,N,0,0,0,3,0,0,1,1,N,N,39 54:15.901,75 09:59.281,1333, ,1331, ,0, ,N, ,0, , , , , ,449198, , , ,1,0,0,0,0,0,1,0,0,0,0,0,0,0,0,0,0,0,0,0,0,0,0,0,0,0,0,0,0,0,0,0,0,0,0,0,0,39.9044,-75.1665, , 
 ,40057,2014065551,6,67,67301,2014,5,2,255,2,3,1,0,7,4, , ,N,1,2,0,3,0,4,4,1,N, ,39 58:53.612,75 07:02.654,305, ,300, ,0, ,Y, ,3, , , , , ,452216, , , ,1,0,0,0,0,0,1,0,0,0,3,1,4,0,0,0,0,0,0,0,0,0,0,0,0,0,0,0,0,0,0,0,0,0,0,3,0,39.9815,-75.1173, , 
 ,40058,2014059129,6,67,67301,2014,4,3,1000,10,1,2,1,4,1, , ,N,1,2,0,3,0,1,2,2,N,N,39 58:25.573,75 15:29.593,1007, ,1005, ,0, ,N, ,3, , , , , ,452223, , , ,2,1,0,1,0,0,0,0,0,0,0,1,1,0,0,0,0,0,0,0,0,0,1,0,0,0,0,0,0,0,0,0,0,0,0,4,1,39.9738,-75.2582, , 
 ,40059,2014088026,6,67,67301,2014,7,2,1245,12,1,1,0,1,1, , ,N,1,2,0,3,0,1,2,2,N,N,40 01:40.042,75 03:36.277,1310, ,1304, ,0, , , ,3, , , , , ,452253, , , ,2,0,0,0,0,0,2,0,0,0,0,1,1,0,0,0,0,0,0,0,1,0,0,0,0,0,0,0,0,0,0,0,0,0,0,4,0,40.0278,-75.0601, , 
 ,40060,2014088409,6,67,67301,2014,7,5,1620,16,1,1,0,4,1, , ,N,2,2,0,3,0,3,3,2,N,N,39 59:11.558,75 12:18.363,1623, ,1620,2,1,2,N, ,3,N, , , , ,452254, , , ,2,0,0,0,1,0,1,0,0,0,1,2,3,0,0,0,0,0,0,0,1,0,0,0,0,0,0,0,0,0,0,0,0,0,0,3,0,39.9865,-75.2051, , 
 ,40061,2014088660,6,67,67301,2014,8,1,9999,99,1,1,0,8,1, , ,N,0,0,0,3,0,2,3,3,N,N,39 55:19.574,75 09:30.427,1420, ,1408, ,0, , , ,0, , , , , ,452255, , , ,1,0,0,0,1,0,0,0,0,0,0,2,2,0,0,0,0,0,0,0,0,0,0,1,0,0,0,0,0,0,0,0,2,0,0,4,0,39.9221,-75.1585, , 
 ,40062,2014091457,6,67,67301,2014,8,5,1705,17,1,1,0,4,1, , ,N,1,2,0,3,0,2,2,2,N,N,40 02:00.165,75 03:59.552,1925, ,1915,4,2,7,N, ,3,Y, , , , ,452257, , , ,2,0,0,0,0,1,1,0,0,0,0,2,2,0,0,0,0,0,0,0,1,0,0,0,0,0,0,0,0,0,0,0,0,0,0,4,1,40.0334,-75.0665, , 
 ,40063,2014088692,6,67,67301,2014,8,5,2030,20,3,1,0,4,1, , ,N,1,3,0,3,0,1,2,2,N,N,39 55:47.200,75 09:12.362,16, ,3, ,0, ,N, ,3, , , , , ,452274, , , ,1,0,0,0,0,0,1,0,1,0,0,1,1,0,0,0,0,0,1,0,0,0,0,0,0,0,0,0,0,0,0,0,0,0,0,4,0,39.9298,-75.1534, , 
 ,40064,2014088789,6,67,67301,2014,8,1,1003,10,1,1,0,8,1, , ,N,1,2,0,3,0,1,2,2,N,N,39 55:27.728,75 10:10.600,1004, ,1004,1,2,2,N, ,3,Y, , , , ,452275, , , ,1,1,0,0,0,0,0,0,0,0,0,1,1,0,0,0,0,0,0,0,0,0,0,0,0,0,0,0,0,0,0,0,1,0,0,4,0,39.9244,-75.1696, , 
 ,40065,2014097857,6,67,67301,2014,10,1,2215,22,3,1,0,5,3, , ,N,7,0,2,3,0,0,2,2,N,N,39 57:34.701,75 10:51.774,2231, ,2222,2,1,4,N, ,0,N, , , , ,452280, , , ,2,1,0,0,0,0,0,0,0,0,0,0,0,0,1,0,0,0,0,0,0,0,0,0,0,0,0,0,0,0,0,0,0,0,0,9,0,39.9596,-75.181, , 