wz_ln_closure,objectid_1,crn,district,county,municipality,crash_year,crash_month,day_of_week,time_of_day,hour_of_day,illumination,weather,road_condition,collision_type,relation_to_road,work_zone_type,work_zone_loc,work_zone_ind,intersect_type,tcd_type,location_type,urban_rural,fatal_count,injury_count,person_count,total_units,sch_bus_ind,sch_zone_ind,latitude,longitude,arrival_tm,cons_zone_spd_lim,dispatch_tm,est_hrs_closed,lane_closed,ln_close_dir,ntfy_hiwy_maint,spec_juris_cd,tcd_func_cd,tfc_detour_ind,workers_pres,wz_close_detour,wz_flagger,wz_law_offcr_ind,objectid,wz_moving,wz_other,wz_shlder_mdn,vehicle_count,automobile_count,motorcycle_count,bus_count,small_truck_count,heavy_truck_count,suv_count,van_count,bicycle_count,maj_inj_count,mod_inj_count,min_inj_count,tot_inj_count,unk_inj_deg_count,unk_inj_per_count,driver_count_16yr,driver_count_17yr,driver_count_18yr,driver_count_19yr,driver_count_20yr,driver_count_50_64yr,driver_count_65_74yr,driver_count_75plus,unbelted_occ_count,unb_death_count,unb_maj_inj_count,belted_death_count,belted_maj_inj_count,mcycle_death_count,mcycle_maj_inj_count,bicycle_death_count,bicycle_maj_inj_count,ped_count,ped_death_count,ped_maj_inj_count,max_severity_level,comm_veh_count,dec_lat,dec_long,rdwy_surf_type_cd,county_name
 ,40066,2014109430,6,67,67301,2014,10,5,1900,19,3,1,0,8,1, , ,N,0,0,0,3,0,1,3,2,N,N,39 55:18.974,75 13:02.840,1905, ,1905,3,1,2,N, ,0,Y, , , , ,452288, , , ,1,1,0,0,0,0,0,0,0,0,1,0,1,0,0,0,0,0,0,0,0,0,0,0,0,0,0,0,0,0,0,0,1,0,0,3,0,39.9219,-75.2175, , 
 ,40067,2014065479,6,67,67301,2014,5,1,2304,23,3,1,0,1,1, , ,N,0,0,0,3,0,2,3,4,N, ,40 02:52.608,75 04:09.005,1, ,2348,3,2,1, , ,0,Y, , , , ,452332, , , ,4,3,0,0,0,0,1,0,0,0,1,1,2,0,0,0,0,0,0,0,1,0,0,0,0,0,0,0,0,0,0,0,0,0,0,3,0,40.0479,-75.0692, , 
 ,40068,2014084177,6,67,67301,2014,7,3,1844,18,1,1,0,1,1, , ,N,0,0,0,3,0,1,2,2,N,N,39 57:18.154,75 10:51.160,1954, ,1943, ,0, ,N, ,0, , , , , ,452346, , , ,2,1,0,0,0,0,1,0,0,0,0,1,1,0,0,0,0,0,0,0,1,0,0,0,0,0,0,0,0,0,0,0,0,0,0,4,0,39.955,-75.1809, , 
 ,40069,2014089002,6,67,67301,2014,8,3,1404,14,1,1,0,4,1, , ,N,5,2,2,3,0,1,2,2,N, ,39 57:23.708,75 09:08.591,1409, ,1406, ,0, , , ,3, , , , , ,452352, , , ,2,0,0,0,1,0,1,0,0,1,0,0,1,0,0,0,0,0,0,0,0,0,0,0,0,0,0,1,0,0,0,0,0,0,0,2,0,39.9566,-75.1524, , 
 ,40070,2014088286,6,67,67301,2014,7,3,225,2,3,1,0,5,6, , ,N,0,0,0,3,0,0,1,2,N, ,40 03:14.835,75 04:28.128,230, ,226,1,1,1, , ,0,N, , , , ,452384, , , ,2,2,0,0,0,0,0,0,0,0,0,0,0,0,0,0,0,0,0,0,0,0,0,0,0,0,0,0,0,0,0,0,0,0,0,0,0,40.0541,-75.0745, , 
 ,40071,2014099224,6,67,67301,2014,9,5,811,8,1,2,1,1,1, , ,N,1,2,0,3,0,1,2,2,N, ,40 06:43.188,74 59:26.030,826, ,812, ,0, , , ,3, , , , , ,452389, , , ,2,2,0,0,0,0,0,0,0,0,0,0,1,1,0,0,0,0,0,0,0,0,0,0,0,0,0,0,0,0,0,0,0,0,0,8,0,40.112,-74.9906, , 
 ,40072,2014110423,6,67,67301,2014,10,4,1524,15,1,2,1,8,1, , ,N,1,2,0,3,0,1,2,2,N, ,40 01:37.420,75 02:27.884,1539, ,1535, ,0, , , ,3, , , , , ,452399, , , ,1,0,0,0,0,0,1,0,0,0,0,1,1,0,0,0,0,0,0,0,1,0,0,0,0,0,0,0,0,0,0,0,1,0,0,4,0,40.0271,-75.0411, , 
 ,40073,2014078892,6,67,67301,2014,6,1,1252,12,1,1,0,4,1, , ,N,1,2,0,3,0,2,4,2,N,N,39 59:08.941,75 09:08.931,1253, ,1253, ,0, ,N, ,3, , , , , ,452412, , , ,2,0,0,1,0,0,1,0,0,0,0,0,2,2,0,0,0,0,0,0,0,0,0,0,0,0,0,0,0,0,0,0,0,0,0,8,1,39.9858,-75.1525, , 
 ,40074,2014093541,6,67,67301,2014,9,1,210,2,3,1,0,1,1, , ,N,1,2,0,3,0,0,5,3,N, ,40 05:23.607,74 59:03.265,220, ,216, ,0, , , ,3, , , , , ,452430, , , ,3,1,0,0,1,0,1,0,0,0,0,0,0,0,0,0,0,1,0,0,0,0,0,0,0,0,0,0,0,0,0,0,0,0,0,0,0,40.0899,-74.9842, , 
 ,40075,2014049809,6,67,67301,2014,3,2,340,3,3,1,1,7,5, , ,N,1,0,0,3,0,0,1,1,N,N,39 56:57.814,75 10:09.260,355, ,353, ,0, ,N, ,0, , , , , ,442516, , , ,1,1,0,0,0,0,0,0,0,0,0,0,0,0,1,0,0,0,0,0,0,0,0,0,0,0,0,0,0,0,0,0,0,0,0,9,0,39.9494,-75.1692, , 
 ,40076,2014025401,6,67,67301,2014,2,2,248,2,3,2,1,3,1, , ,N,2,0,0,3,0,1,2,2,N, ,40 00:33.716,75 09:07.519,305, ,301, ,0, , , ,0, , , , , ,442553, , , ,2,1,0,0,0,0,1,0,0,0,0,0,1,1,0,0,0,0,0,0,0,0,0,0,0,0,0,0,0,0,0,0,0,0,0,8,0,40.0094,-75.1521, , 
 ,40077,2014032346,6,67,67301,2014,2,4,1455,14,1,2,1,0,1, , ,N,0,0,0,3,0,1,3,1,N,N,40 03:29.615,75 02:13.660,1510, ,1500, ,0, , , ,0, , , , , ,442559, , , ,1,0,0,0,0,0,0,1,0,0,0,0,1,1,0,0,0,0,0,0,1,0,0,1,0,0,0,0,0,0,0,0,0,0,0,8,0,40.0582,-75.0371, , 
 ,40078,2014043458,6,67,67301,2014,4,3,2122,21,3,1,0,5,1, , ,N,0,0,0,3,0,0,4,2,N,N,39 58:53.576,75 06:08.315,2200, ,2123, ,0, ,N, ,0, , , , , ,442567, , , ,2,1,0,0,0,1,0,0,0,0,0,0,0,0,0,0,0,0,0,0,0,0,0,0,0,0,0,0,0,0,0,0,0,0,0,0,1,39.9815,-75.1023, , 
 ,40079,2014049837,6,67,67301,2014,4,7,1147,11,1,1,0,8,1, , ,N,0,0,0,3,0,1,2,2,N, ,40 04:42.596,75 10:19.944,1151, ,1148, ,0, , , ,0, , , , , ,442574, , , ,1,1,0,0,0,0,0,0,0,0,0,0,1,1,0,0,0,0,0,0,0,0,0,0,0,0,0,0,0,0,0,0,1,0,0,8,0,40.0785,-75.1722, , 
 ,40080,2014049870,6,67,67301,2014,4,3,1755,17,1,1,0,4,1, , ,N,1,2,0,3,0,1,2,2,N,N,39 56:43.472,75 10:47.006,1818, ,1808, ,0, , , ,3, , , , , ,442575, , , ,1,1,0,0,0,0,0,0,1,0,0,1,1,0,0,0,0,0,0,0,1,0,0,1,0,0,0,0,0,0,0,0,0,0,0,4,0,39.9454,-75.1797, , 
 ,40081,2014068651,6,67,67301,2014,6,6,2125,21,3,1,0,2,1, , ,N,0,0,0,3,0,2,3,3,N,N,40 07:41.361,75 01:23.134,2130, ,2127, ,0, , , ,0, , , , , ,442578, , , ,3,1,0,0,0,0,1,1,0,0,0,2,2,0,0,0,0,0,0,0,2,0,0,0,0,0,0,0,0,0,0,0,0,0,0,4,0,40.1282,-75.0231, , 
 ,40082,2014065536,6,67,67301,2014,5,1,125,1,3,1,1,1,6, , ,N,0,0,0,3,0,0,1,3,N,N,39 59:59.112,75 08:18.942,132, ,129,2,1,1,N, ,0,N, , , , ,442583, , , ,3,2,0,0,0,0,1,0,0,0,0,0,0,0,0,0,0,0,0,0,0,0,0,0,0,0,0,0,0,0,0,0,0,0,0,0,0,39.9998,-75.1386, , 
 ,40083,2014084443,6,67,67301,2014,7,3,1403,14,1,1,0,4,1, , ,N,0,0,0,3,0,1,2,3,N,N,39 57:21.236,75 14:41.316,1405, ,1403, ,0, , , ,0, , , , , ,442594, , , ,3,2,0,0,1,0,0,0,0,0,0,1,1,0,0,0,0,0,0,0,1,0,0,2,0,0,0,0,0,0,0,0,0,0,0,4,0,39.9559,-75.2448, , 
 ,40084,2014098742,6,67,67301,2014,9,7,110,1,3,1,0,4,1, , ,N,1,3,0,3,0,3,4,2,N,N,39 59:28.722,75 08:01.720,111, ,110,3,2,7,N, ,3,Y, , , , ,442608, , , ,2,1,0,0,0,0,1,0,0,0,0,0,3,3,0,0,0,0,0,0,0,0,0,0,0,0,0,0,0,0,0,0,0,0,0,8,0,39.9912,-75.1338, , 
 ,40085,2014028081,6,67,67301,2014,2,1,9999,99,4,1,0,0,1, , ,N,0,0,0,3,0,1,2,1,N,N,40 00:23.882,75 11:38.628,1707, ,1701,2,2,5,N, ,0,Y, , , , ,442640, , , ,1,0,0,0,1,0,0,0,0,0,0,0,1,1,0,0,0,0,0,0,1,0,0,0,0,0,0,0,0,0,0,0,0,0,0,8,0,40.0066,-75.1941, , 
 ,40086,2014034233,6,67,67301,2014,3,7,1313,13,1,1,0,4,1, , ,N,1,2,0,3,0,1,5,2,N, ,40 03:40.658,75 05:00.623,1317, ,1314, ,0, , , ,3, , , , , ,442646, , , ,2,0,0,0,0,0,2,0,0,0,0,1,1,0,0,0,0,0,0,0,1,0,0,0,0,0,0,0,0,0,0,0,0,0,0,4,0,40.0612,-75.0835, , 
 ,40087,2014039101,6,67,67301,2014,3,4,904,9,1,1,0,5,1, , ,N,0,0,0,3,0,0,4,4,N,N,39 59:22.193,75 05:15.520,920, ,910, ,0, ,N, ,0, , , , , ,442652, , , ,4,1,0,0,0,0,2,1,0,0,0,0,0,0,0,0,0,0,0,0,1,0,0,0,0,0,0,0,0,0,0,0,0,0,0,0,0,39.9895,-75.0876, , 
 ,40088,2014039379,6,67,67301,2014,3,2,1938,19,3,1,0,7,5, , ,N,0,8,0,3,0,1,2,2,N,N,39 53:45.422,75 10:33.213,1952, ,1947, ,0, ,N, ,3, , , , , ,442653, , , ,1,1,0,0,0,0,0,0,0,0,0,1,1,0,0,0,0,0,0,0,0,0,0,0,0,0,0,0,0,0,0,0,1,0,0,4,0,39.896,-75.1759, , 
 ,40089,2014056996,6,67,67301,2014,4,4,1445,14,1,1,0,1,1, , ,N,0,2,0,3,0,0,2,2,N,N,40 01:34.207,75 10:08.732,1510, ,1503,1,2,1,N, ,3,N, , , , ,442666, , , ,2,1,0,0,1,0,0,0,0,0,0,0,0,0,0,0,0,0,0,0,1,0,0,0,0,0,0,0,0,0,0,0,0,0,0,0,0,40.0262,-75.1691, , 
 ,40090,2014019149,6,67,67301,2014,1,3,1953,19,3,1,1,4,1, , ,N,1,2,0,3,0,3,4,2,N,N,39 55:14.271,75 14:29.219,2000, ,1957, ,0, ,N, ,3, , , , , ,442679, , , ,2,1,0,0,0,0,1,0,0,0,0,3,3,0,0,0,0,0,0,1,0,0,0,0,0,0,0,0,0,0,0,0,0,0,0,4,0,39.9206,-75.2414, , 
 ,40091,2014043105,6,67,67301,2014,3,5,1,0,3,1,1,5,6, , ,N,0,0,0,3,0,0,1,5,N,N,39 55:45.591,75 10:45.530,2, ,1,2,2,4,N, ,0,Y, , , , ,442701, , , ,5,1,0,0,1,0,1,2,0,0,0,0,0,0,0,0,0,0,0,0,0,0,0,1,0,0,0,0,0,0,0,0,0,0,0,0,0,39.9293,-75.1793, , 
 ,40092,2014049704,6,67,67301,2014,4,2,9999,99,1,1,0,4,1, , ,N,3,0,0,3,0,1,3,2,N, ,40 00:34.514,75 05:22.410,1135, ,1130, ,0, , , ,0, , , , , ,442709, , , ,2,1,0,0,0,0,1,0,0,0,0,0,1,1,0,0,0,0,0,0,0,0,0,0,0,0,0,0,0,0,0,0,0,0,0,8,0,40.0096,-75.0896, , 
 ,40093,2014088633,6,67,67301,2014,7,7,24,0,3,1,0,5,6, , ,N,0,0,0,3,0,1,2,3,N,N,40 03:29.573,75 08:26.317,30, ,24, ,0, ,N, ,0, , , , , ,445720, , , ,2,2,0,0,0,0,0,0,0,0,0,0,1,1,1,0,0,0,0,0,0,0,0,0,0,0,0,0,0,0,0,0,1,0,0,8,0,40.0582,-75.1406, , 
 ,40094,2014088744,6,67,67301,2014,8,7,1350,13,1,2,1,7,2, , ,N,0,0,0,3,0,1,1,1,N,N,39 53:45.546,75 11:30.893,1420, ,1400, ,0, ,N, ,0, , , , , ,445721, , , ,1,0,1,0,0,0,0,0,0,0,0,0,1,1,0,0,0,0,0,0,1,0,0,0,0,0,0,0,0,0,0,0,0,0,0,8,0,39.896,-75.1919, , 
 ,40095,2014103215,6,67,67301,2014,10,7,2025,20,3,1,0,5,1, , ,N,0,0,0,3,0,1,3,2,N,N,40 00:19.314,75 11:47.963,2037, ,2025,1,1,3,N, ,0,N, , , , ,445739, , , ,2,1,0,0,0,0,1,0,0,0,0,1,1,0,0,0,0,0,0,0,2,0,0,0,0,0,0,0,0,0,0,0,0,0,0,4,0,40.0054,-75.1967, , 
 ,40096,2014107509,6,67,67301,2014,10,6,950,9,1,1,0,4,1, , ,N,2,3,0,3,0,0,4,2,N,N,39 58:40.814,75 09:49.600,952, ,950, ,0, ,N, ,3, , , , , ,445741, , , ,2,1,0,0,1,0,0,0,0,0,0,0,0,0,0,0,0,0,1,0,0,0,0,0,0,0,0,0,0,0,0,0,0,0,0,0,0,39.978,-75.1638, , 
 ,40097,2014109889,6,67,67301,2014,10,5,2043,20,3,1,0,5,6, , ,N,0,0,0,3,0,0,1,2,N, ,40 03:56.695,75 10:34.580,2100, ,2043, ,0, , , ,0, , , , , ,445744, , , ,2,2,0,0,0,0,0,0,0,0,0,0,0,0,0,0,0,0,0,0,0,0,0,0,0,0,0,0,0,0,0,0,0,0,0,0,0,40.0657,-75.1763, , 
 ,40098,2014049456,6,67,67301,2014,4,4,1405,14,1,1,0,7,4, , ,N,0,0,0,3,0,0,1,1,N, ,40 03:41.856,75 00:34.368,1409, ,1409, ,0, , , ,0, , , , , ,445754, , , ,1,0,0,0,0,0,0,1,0,0,0,0,0,0,0,0,0,0,0,0,0,0,0,0,0,0,0,0,0,0,0,0,0,0,0,0,0,40.0616,-75.0095, , 
 ,40099,2014049500,6,67,67301,2014,4,3,1004,10,1,1,0,4,1, , ,N,1,0,0,3,0,0,2,2,N,N,39 55:16.453,75 09:30.837,1014, ,1012, ,0, ,N, ,0, , , , , ,445755, , , ,2,2,0,0,0,0,0,0,0,0,0,0,0,0,1,0,0,0,0,0,1,0,0,0,0,0,0,0,0,0,0,0,0,0,0,9,0,39.9212,-75.1586, , 
 ,40100,2014068027,6,67,67301,2014,6,2,1318,13,1,1,0,4,1, , ,N,1,3,0,3,0,1,3,2,N, ,40 01:52.664,75 03:58.343,1345, ,1337, ,0, , , ,3, , , , , ,445761, , , ,2,2,0,0,0,0,0,0,0,0,0,0,1,1,0,0,0,0,0,0,1,1,0,0,0,0,0,0,0,0,0,0,0,0,0,8,0,40.0313,-75.0662, , 
 ,40101,2014068075,6,67,67301,2014,6,7,232,2,3,1,0,1,1, , ,N,1,2,0,3,0,1,3,3,N, ,40 03:02.755,75 08:55.321,328, ,326, ,0, , , ,3, , , , , ,445762, , , ,3,3,0,0,0,0,0,0,0,0,0,1,1,0,0,0,0,0,0,0,1,0,0,0,0,0,0,0,0,0,0,0,0,0,0,4,0,40.0507,-75.1487, , 
 ,40102,2014081451,6,67,67301,2014,6,5,815,8,1,1,0,8,1, , ,N,0,0,0,3,0,1,2,2,N, ,40 00:55.207,75 08:59.697,820, ,817, ,0, , , ,0, , , , , ,445772, , , ,1,1,0,0,0,0,0,0,0,0,0,0,1,1,0,0,0,0,0,0,0,0,0,0,0,0,0,0,0,0,0,0,1,0,0,8,0,40.0153,-75.1499, , 
 ,40103,2014087765,6,67,67301,2014,7,5,2145,21,3,1,0,1,1, , ,N,1,2,0,3,0,2,3,2,N,N,40 03:23.098,75 00:46.082,2151, ,2150, ,0, ,N, ,3, , , , , ,445777, , , ,2,1,0,0,1,0,0,0,0,0,0,0,2,2,0,0,0,0,0,0,0,0,0,0,0,0,0,0,0,0,0,0,0,0,0,8,0,40.0564,-75.0128, , 
 ,40104,2014091370,6,67,67301,2014,8,6,1109,11,1,1,0,1,6, , ,N,0,0,0,3,0,1,1,2,N,N,40 04:46.192,75 04:58.062,1112, ,1109, ,0, ,N, ,0, , , , , ,445779, , , ,2,1,0,0,0,0,1,0,0,0,0,0,1,1,0,0,0,0,0,1,0,0,0,1,0,0,0,0,0,0,0,0,0,0,0,8,0,40.0795,-75.0828, , 
 ,40105,2014121458,6,67,67301,2014,11,1,1630,16,4,1,0,4,1, , ,N,1,2,0,3,0,1,6,2,N,N,40 00:36.249,75 05:21.318,1634, ,1630, ,0, ,N, ,3, , , , , ,445800, , , ,2,1,0,0,0,0,0,1,0,0,0,1,1,0,0,0,0,0,0,0,1,0,0,1,0,0,0,0,0,0,0,0,0,0,0,4,0,40.0101,-75.0893, , 
 ,40106,2014065544,6,67,67301,2014,5,1,9999,99,3,1,0,2,1, , ,N,0,0,0,3,0,0,5,2,N,N,40 00:45.516,75 09:39.482,135, ,126, ,0, , , ,0, , , , , ,445803, , , ,2,1,0,0,1,0,0,0,0,0,0,0,0,0,0,0,0,0,0,0,0,0,0,0,0,0,0,0,0,0,0,0,0,0,0,0,0,40.0126,-75.161, , 
 ,40107,2014066912,6,67,67301,2014,7,7,1201,12,1,1,0,1,1, , ,N,0,0,0,3,0,1,4,2,N,N,39 58:46.695,75 12:16.249,1205, ,1201,2,2,3,N, ,0,N, , , , ,445805, , , ,2,1,0,0,0,0,1,0,0,0,0,0,1,1,0,0,0,0,0,0,0,0,0,0,0,0,0,0,0,0,0,0,0,0,0,8,0,39.9796,-75.2045, , 
 ,40108,2014032325,6,67,67301,2014,3,5,1455,14,1,1,0,1,1, , ,N,0,8,0,3,0,2,3,2,N,N,40 01:01.324,75 10:26.023,1500, ,1500,1,1,1,N, ,3,N, , , , ,445825, , , ,2,1,0,0,0,0,1,0,0,0,0,0,2,2,0,0,0,0,0,0,0,0,0,0,0,0,0,0,0,0,0,0,0,0,0,8,0,40.017,-75.1739, , 
 ,40109,2014050262,6,67,67301,2014,4,3,1430,14,1,1,0,4,1, , ,N,5,2,0,3,0,1,3,2,N,N,39 57:49.841,75 13:12.286,1438, ,1434,2,1,4,N, ,3,N, , , , ,445834, , , ,2,2,0,0,0,0,0,0,0,0,0,1,1,0,0,0,0,0,0,0,0,0,0,0,0,0,0,0,0,0,0,0,0,0,0,4,0,39.9636,-75.2194, , 
 ,40110,2014065568,6,67,67301,2014,5,4,1650,16,1,1,0,4,1, , ,N,0,0,0,3,0,1,3,2,N,N,39 55:51.483,75 14:34.667,1656, ,1654, ,0, ,N, ,0, , , , , ,445841, , , ,2,1,0,0,0,0,0,1,0,0,0,1,1,0,0,0,0,0,0,0,0,1,0,1,0,0,0,0,0,0,0,0,0,0,0,4,0,39.931,-75.243, , 
 ,40111,2014032349,6,67,67301,2014,2,1,1355,13,1,1,0,4,1, , ,N,1,0,0,3,0,1,2,2,N, ,39 55:43.881,75 10:42.707,1358, ,1356, ,0, , , ,0, , , , , ,449201, , , ,1,0,0,0,1,0,0,0,1,0,0,1,1,0,0,0,0,0,0,0,1,0,0,0,0,0,0,0,0,0,0,0,0,0,0,4,0,39.9289,-75.1785, , 
 ,40112,2014054591,6,67,67301,2014,5,7,2041,20,3,2,1,4,1, , ,N,1,2,0,3,0,1,2,2,N,N,39 59:34.443,75 08:45.915,2050, ,2044,1,1,3, , ,3,N, , , , ,449215, , , ,2,2,0,0,0,0,0,0,0,0,0,1,1,0,0,0,0,0,0,0,0,0,0,0,0,0,0,0,0,0,0,0,0,0,0,4,0,39.9928,-75.1461, , 
 ,40113,2014061075,6,67,67301,2014,5,4,746,7,1,1,0,4,1, , ,N,1,2,0,3,0,1,2,2,N,N,39 56:49.898,75 10:41.282,759, ,746, ,0, ,N, ,3, , , , , ,449222, , , ,1,0,0,0,0,1,0,0,1,0,0,1,1,0,0,0,0,0,0,0,0,0,0,0,0,0,0,0,0,0,0,0,0,0,0,4,1,39.9472,-75.1781, , 
 ,40114,2014074877,6,67,67301,2014,6,4,733,7,1,1,0,4,1, , ,N,1,2,0,3,0,0,2,2,N, ,39 59:20.627,75 05:22.626,733, ,733, ,0, , , ,3, , , , , ,449244, , , ,2,0,0,0,0,0,1,1,0,0,0,0,0,0,0,0,0,0,0,0,0,0,0,0,0,0,0,0,0,0,0,0,0,0,0,0,0,39.9891,-75.0896, , 
 ,40115,2014087884,6,67,67301,2014,7,2,755,7,1,1,0,4,1, , ,N,3,0,0,3,0,0,3,3,N,N,40 03:31.504,75 08:18.987,818, ,815, ,0, ,N, ,0, , , , , ,449259, , , ,3,2,0,0,0,0,1,0,0,0,0,0,0,0,0,0,0,0,0,0,1,1,0,0,0,0,0,0,0,0,0,0,0,0,0,0,0,40.0588,-75.1386, , 
 ,40116,2014054520,6,67,67301,2014,4,7,2316,23,3,1,0,6,6, , ,N,0,0,0,3,0,1,1,4,N,N,39 55:34.518,75 13:59.700,2317, ,2317,3,2,6,N, ,0,Y, , , , ,449271, , , ,4,4,0,0,0,0,0,0,0,0,1,0,1,0,0,0,0,0,0,0,0,0,0,0,0,0,0,0,0,0,0,0,0,0,0,3,0,39.9263,-75.2333, , 
Y,40117,2014058840,6,67,67301,2014,6,2,656,6,1,2,1,1,1,1,4,Y,0,0,0,3,0,2,2,2,N,N,39 53:55.822,75 10:15.896,700,50,658,2,2,2,N, ,0,N,N,N,N,N,449272,N,N,N,2,0,0,0,0,0,2,0,0,0,0,2,2,0,0,0,0,0,0,0,0,1,0,0,0,0,0,0,0,0,0,0,0,0,0,4,0,39.8988,-75.1711, , 
 ,40118,2014060821,6,67,67301,2014,5,2,17,0,3,1,0,7,5, , ,N,2,2,2,3,0,0,1,1,N,N,39 54:43.161,75 09:01.857,33, ,17, ,0, ,N, ,3, , , , , ,449274, , , ,1,1,0,0,0,0,0,0,0,0,0,0,0,0,0,0,0,0,0,0,0,0,0,0,0,0,0,0,0,0,0,0,0,0,0,0,0,39.912,-75.1505, , 
 ,40119,2014078869,6,67,67301,2014,6,6,2143,21,3,1,0,4,1, , ,N,1,2,0,3,0,3,4,2,N, ,39 57:40.435,75 08:47.767,2145, ,2143,9,1,3, , ,3,N, , , , ,449286, , , ,2,1,0,0,0,0,1,0,0,0,0,3,3,0,0,0,0,0,0,0,0,0,0,0,0,0,0,0,0,0,0,0,0,0,0,4,0,39.9612,-75.1466, , 
 ,40120,2014087311,6,67,67301,2014,7,3,2120,21,3,2,1,1,1, , ,N,0,0,0,3,0,2,3,2,N,N,40 04:23.730,75 10:01.790,1805, ,1759, ,0, ,N, ,0, , , , , ,449292, , , ,2,1,0,0,0,0,1,0,0,0,0,0,2,2,0,0,0,0,0,0,0,1,0,0,0,0,0,0,0,0,0,0,0,0,0,8,0,40.0733,-75.1672, , 
 ,40121,2014088360,6,67,67301,2014,7,5,1139,11,1,1,0,1,1, , ,N,0,0,0,3,0,1,4,2,N,N,39 59:33.412,75 08:40.905,1139, ,1139, ,0, ,N, ,0, , , , , ,449294, , , ,2,1,0,0,0,0,1,0,0,0,0,0,1,1,0,0,0,0,0,0,1,0,0,2,0,0,0,0,0,0,0,0,0,0,0,8,0,39.9926,-75.1447, , 
 ,40122,2014096788,6,67,67301,2014,9,6,2040,20,3,1,0,4,1, , ,N,1,2,0,3,0,2,2,2,N,N,40 02:06.421,75 04:15.407,2055, ,2040,2,1,1, , ,3,Y, , , , ,449297, , , ,2,2,0,0,0,0,0,0,0,0,1,1,2,0,0,0,0,0,0,0,0,0,0,0,0,0,0,0,0,0,0,0,0,0,0,3,0,40.0351,-75.0709, , 
 ,40123,2014113331,6,67,67301,2014,10,1,209,2,3,1,0,7,5, , ,N,2,0,0,3,0,2,2,1,N,N,39 58:21.266,75 15:15.116,217, ,209, ,0, ,N, ,0, , , , , ,449310, , , ,1,1,0,0,0,0,0,0,0,0,0,0,2,2,0,0,0,0,0,0,0,0,0,0,0,0,0,0,0,0,0,0,0,0,0,8,0,39.9726,-75.2542, , 
 ,40124,2014019107,6,67,67301,2014,1,7,315,3,3,1,0,1,6, , ,N,0,0,0,3,0,0,1,2,N, ,39 59:58.740,75 06:03.067,337, ,325, ,0, , , ,0, , , , , ,449338, , , ,2,2,0,0,0,0,0,0,0,0,0,0,0,0,1,0,0,0,0,0,0,0,0,0,0,0,0,0,0,0,0,0,0,0,0,9,0,39.9997,-75.1009, , 
 ,40125,2014032478,6,67,67301,2014,2,2,1220,12,1,1,0,5,1, , ,N,0,0,0,3,0,1,1,2,N,N,39 57:10.127,75 11:31.780,1222, ,1222, ,0, , , ,0, , , , , ,449349, , , ,2,1,0,0,0,0,0,1,0,0,1,0,1,0,0,0,0,0,0,0,0,1,0,0,0,0,0,0,0,0,0,0,0,0,0,3,0,39.9528,-75.1922, , 
 ,40126,2014034183,6,67,67301,2014,2,1,9999,99,1,1,0,1,1, , ,N,1,2,0,3,0,1,6,3,N,N,40 02:06.022,75 04:09.823,9999, ,9999,2,1,1,N, ,3,N, , , , ,449352, , , ,3,3,0,0,0,0,0,0,0,0,0,0,1,1,0,0,0,0,0,0,0,1,0,0,0,0,0,0,0,0,0,0,0,0,0,8,0,40.035,-75.0694, , 
 ,40127,2014044707,6,67,67301,2014,4,6,1253,12,1,1,0,7,2, , ,N,0,0,0,3,0,1,3,2,N,N,40 02:57.611,74 59:47.944,1309, ,1255,3,2,2,Y, ,0,Y, , , , ,449360, , , ,2,0,0,0,0,0,2,0,0,1,0,0,1,0,0,0,0,0,0,0,1,1,0,0,0,0,0,1,0,0,0,0,0,0,0,2,0,40.0493,-74.9967, , 
 ,40128,2014049832,6,67,67301,2014,4,4,900,9,1,1,0,5,1, , ,N,0,0,0,3,0,1,2,2,N,N,39 56:55.238,75 10:03.870,910, ,900, ,0, , , ,0, , , , , ,449362, , , ,1,0,0,0,0,0,0,0,1,0,0,1,1,0,0,0,0,0,0,0,0,0,0,0,0,0,0,0,0,0,0,0,0,0,0,4,0,39.9487,-75.1677, , 
 ,40129,2014096398,6,67,67301,2014,8,4,1151,11,1,1,0,1,1, , ,N,1,2,0,3,0,1,4,2,N, ,40 01:47.679,75 06:11.073,1200, ,1151, ,0, , , ,3, , , , , ,452431, , , ,2,1,0,0,0,0,1,0,0,0,0,1,1,0,1,0,0,0,0,0,0,0,0,1,0,0,0,0,0,0,0,0,0,0,0,4,0,40.0299,-75.1031, , 
 ,40130,2014088848,6,67,67301,2014,8,6,805,8,1,1,0,4,1, , ,N,1,2,0,3,0,0,2,2,N, ,39 55:00.268,75 10:22.919,2006, ,2006, ,0, , , ,3, , , , , ,452468, , , ,2,2,0,0,0,0,0,0,0,0,0,0,0,0,0,0,0,0,0,0,1,0,0,0,0,0,0,0,0,0,0,0,0,0,0,0,0,39.9165,-75.1731, , 
 ,40131,2014113330,6,67,67301,2014,10,5,1030,10,1,2,1,4,1, , ,N,1,2,0,3,0,0,2,2,N, ,39 59:46.100,75 08:49.451,1045, ,1030, ,0, , , ,3, , , , , ,452493, , , ,2,1,0,0,0,0,1,0,0,0,0,0,0,0,0,0,0,1,0,0,0,0,0,0,0,0,0,0,0,0,0,0,0,0,0,0,0,39.9961,-75.1471, , 