wz_ln_closure,objectid_1,crn,district,county,municipality,crash_year,crash_month,day_of_week,time_of_day,hour_of_day,illumination,weather,road_condition,collision_type,relation_to_road,work_zone_type,work_zone_loc,work_zone_ind,intersect_type,tcd_type,location_type,urban_rural,fatal_count,injury_count,person_count,total_units,sch_bus_ind,sch_zone_ind,latitude,longitude,arrival_tm,cons_zone_spd_lim,dispatch_tm,est_hrs_closed,lane_closed,ln_close_dir,ntfy_hiwy_maint,spec_juris_cd,tcd_func_cd,tfc_detour_ind,workers_pres,wz_close_detour,wz_flagger,wz_law_offcr_ind,objectid,wz_moving,wz_other,wz_shlder_mdn,vehicle_count,automobile_count,motorcycle_count,bus_count,small_truck_count,heavy_truck_count,suv_count,van_count,bicycle_count,maj_inj_count,mod_inj_count,min_inj_count,tot_inj_count,unk_inj_deg_count,unk_inj_per_count,driver_count_16yr,driver_count_17yr,driver_count_18yr,driver_count_19yr,driver_count_20yr,driver_count_50_64yr,driver_count_65_74yr,driver_count_75plus,unbelted_occ_count,unb_death_count,unb_maj_inj_count,belted_death_count,belted_maj_inj_count,mcycle_death_count,mcycle_maj_inj_count,bicycle_death_count,bicycle_maj_inj_count,ped_count,ped_death_count,ped_maj_inj_count,max_severity_level,comm_veh_count,dec_lat,dec_long,rdwy_surf_type_cd,county_name
 ,40132,2014089032,6,67,67301,2014,8,1,1755,17,1,1,0,7,4, , ,N,0,0,0,3,0,1,1,1,N,N,39 57:40.280,75 08:29.022,1807, ,1759, ,0, ,N, ,0, , , , , ,452513, , , ,1,0,1,0,0,0,0,0,0,0,0,1,1,0,0,0,0,0,0,0,0,0,0,0,0,0,0,0,0,0,0,0,0,0,0,4,0,39.9612,-75.1414, , 
 ,40133,2014104401,6,67,67301,2014,10,7,1052,10,1,2,1,7,4, , ,N,3,3,0,3,0,2,2,1,N,N,39 55:59.019,75 09:44.477,1058, ,1056, ,0, ,N, ,3, , , , , ,452534, , , ,1,0,0,0,0,0,1,0,0,0,0,2,2,0,0,0,0,0,0,0,0,0,0,0,0,0,0,0,0,0,0,0,0,0,0,4,0,39.9331,-75.1624, , 
 ,40134,2014125028,6,67,67301,2014,11,5,2200,22,3,1,0,3,1, , ,N,0,0,0,3,0,1,4,3,N,N,40 03:21.146,75 08:40.052,2205, ,2200, ,0, ,N, ,0, , , , , ,452546, , , ,3,2,0,0,0,0,1,0,0,0,0,1,1,0,0,0,0,0,0,0,0,0,0,2,0,0,0,0,0,0,0,0,0,0,0,4,0,40.0559,-75.1445, , 
 ,40135,2014028061,6,67,67301,2014,1,6,1211,12,1,1,0,4,1, , ,N,1,2,0,3,0,1,2,2,N,N,40 04:50.725,75 01:42.964,1215, ,1212,1,1,4,N, ,3,N, , , , ,452569, , , ,2,2,0,0,0,0,0,0,0,0,0,0,1,1,0,0,0,0,0,0,0,0,0,0,0,0,0,0,0,0,0,0,0,0,0,8,0,40.0808,-75.0286, , 
 ,40136,2014042689,6,67,67301,2014,3,2,1636,16,1,1,0,5,6, , ,N,0,0,0,3,0,0,1,2,N,N,39 59:05.815,75 07:27.461,1638, ,1636, ,0, ,N, ,0, , , , , ,452575, , , ,2,0,0,0,0,1,0,1,0,0,0,0,0,0,1,0,0,0,0,0,0,0,0,0,0,0,0,0,0,0,0,0,0,0,0,9,1,39.9849,-75.1243, , 
 ,40137,2014044710,6,67,67301,2014,4,2,836,8,1,1,0,1,1, , ,N,6,4,2,3,0,0,2,2,N,N,39 58:48.237,75 06:21.394,839, ,839, ,0, ,N, ,3, , , , , ,452580, , , ,2,0,0,0,0,1,1,0,0,0,0,0,0,0,0,0,0,0,0,0,1,0,0,0,0,0,0,0,0,0,0,0,0,0,0,0,1,39.9819,-75.1016, , 
 ,40138,2014045308,6,67,67301,2014,3,6,830,8,1,2,1,1,1, , ,N,3,4,2,3,0,0,2,2,N, ,39 58:22.086,75 07:15.374,830, ,945, ,0, , , ,3, , , , , ,452581, , , ,2,2,0,0,0,0,0,0,0,0,0,0,0,0,0,0,0,0,0,0,0,1,0,0,0,0,0,0,0,0,0,0,0,0,0,0,0,39.9728,-75.1209, , 
 ,40139,2014049675,6,67,67301,2014,4,7,1958,19,4,1,0,4,1, , ,N,5,2,0,3,0,1,2,2,N,N,39 59:16.496,75 10:56.062,2010, ,2006, ,0, , , ,3, , , , , ,452584, , , ,1,1,0,0,0,0,0,0,1,0,0,1,1,0,0,0,0,0,0,0,0,0,0,0,0,0,0,0,0,0,0,0,0,0,0,4,0,39.9879,-75.1822, , 
 ,40140,2014049787,6,67,67301,2014,4,7,1810,18,1,1,0,8,1, , ,N,0,0,0,3,0,1,2,2,N, ,39 58:08.988,75 08:03.918,1820, ,1817,1,1,5, , ,0,N, , , , ,452585, , , ,1,0,0,1,0,0,0,0,0,0,1,0,1,0,0,0,0,0,0,0,0,0,0,0,0,0,0,0,0,0,0,0,1,0,0,3,1,39.9692,-75.1344, , 
 ,40141,2014059228,6,67,67301,2014,5,4,1005,10,1,1,0,1,1, , ,N,3,0,0,3,0,5,5,2,N,N,40 02:01.588,75 04:38.406,1020, ,1010,1,1,2,N, ,0,N, , , , ,452593, , , ,2,1,0,0,0,1,0,0,0,0,0,5,5,0,0,0,0,0,0,0,0,0,0,0,0,0,0,0,0,0,0,0,0,0,0,4,1,40.0338,-75.0773, , 
 ,40142,2014059065,6,67,67301,2014,5,5,9999,99,1,1,0,5,1, , ,N,0,0,0,3,0,1,1,2,N,N,40 05:27.880,75 01:27.865,800, ,752, ,0, ,N, ,0, , , , , ,452606, , , ,2,2,0,0,0,0,0,0,0,0,0,1,1,0,0,0,1,0,0,0,0,0,0,0,0,0,0,0,0,0,0,0,0,0,0,4,0,40.0911,-75.0244, , 
 ,40143,2014062761,6,67,67301,2014,6,5,1701,17,1,1,1,1,1, , ,N,0,0,0,3,0,1,5,3,N,N,39 59:15.170,75 05:22.640,1702, ,1702,1,1,1,N, ,0,N, , , , ,452611, , , ,3,2,0,0,0,0,1,0,0,0,0,1,1,0,0,0,0,0,0,0,0,0,0,0,0,0,0,0,0,0,0,0,0,0,0,4,0,39.9875,-75.0896, , 
 ,40144,2014081432,6,67,67301,2014,6,3,1720,17,1,1,0,4,1, , ,N,0,0,0,3,0,2,2,2,N,N,40 02:15.615,75 04:44.642,1728, ,1724,1,2,5, , ,0,Y, , , , ,452625, , , ,2,1,0,0,0,0,0,1,0,0,0,2,2,0,0,0,0,0,0,0,0,0,0,0,0,0,0,0,0,0,0,0,0,0,0,4,0,40.0377,-75.0791, , 
 ,40145,2014088798,6,67,67301,2014,8,3,750,7,1,1,0,4,1, , ,N,1,3,0,3,0,1,2,2,N,N,40 03:46.831,75 03:17.585,801, ,800, ,0, ,N, ,3, , , , , ,452632, , , ,2,0,0,0,0,0,1,1,0,0,0,0,1,1,0,0,0,0,0,0,0,0,0,2,0,0,0,0,0,0,0,0,0,0,0,8,0,40.063,-75.0549, , 
 ,40146,2014089030,6,67,67301,2014,8,7,1800,18,1,2,1,4,1, , ,N,1,2,0,3,0,2,3,2,N,N,39 56:43.886,75 09:11.444,1810, ,1801,1,2,1,N, ,3,Y, , , , ,452633, , , ,2,1,0,0,0,0,0,1,0,0,0,0,2,2,0,0,0,0,0,0,0,0,1,0,0,0,0,0,0,0,0,0,0,0,0,8,0,39.9455,-75.1532, , 
 ,40147,2014051183,6,67,67301,2014,5,1,1854,18,1,1,0,1,1, , ,N,0,0,0,3,0,2,3,3,N,N,39 57:34.820,75 10:34.334,1911, ,1857,1,1,4,N, ,0,N, , , , ,442725, , , ,3,3,0,0,0,0,0,0,0,0,0,2,2,0,0,0,0,0,0,0,0,0,0,0,0,0,0,0,0,0,0,0,0,0,0,4,0,39.9597,-75.1762, , 
 ,40148,2014068680,6,67,67301,2014,6,3,2100,21,3,2,1,4,1, , ,N,2,2,0,3,0,1,3,3,N,N,40 02:35.350,75 02:41.899,2239, ,2230,9,1,3, , ,3,N, , , , ,442739, , , ,3,2,0,0,0,0,1,0,0,0,0,1,1,0,0,0,0,0,0,0,1,0,0,0,0,0,0,0,0,0,0,0,0,0,0,4,0,40.0432,-75.045, , 
 ,40149,2014078842,6,67,67301,2014,5,7,959,9,1,1,0,4,1, , ,N,1,3,0,3,0,2,3,2,N, ,39 59:42.111,75 13:39.536,1005, ,959, ,0, , , ,3, , , , , ,442749, , , ,2,1,0,0,0,0,1,0,0,0,0,2,2,0,0,0,0,0,0,0,1,0,1,0,0,0,0,0,0,0,0,0,0,0,0,4,0,39.995,-75.2276, , 
 ,40150,2014081074,6,67,67301,2014,6,2,1005,10,1,1,0,4,1, , ,N,1,2,0,3,0,0,5,3,N,N,39 57:24.012,75 11:52.849,1005, ,1005, ,0, ,N, ,3, , , , , ,442751, , , ,3,1,0,0,0,1,0,1,0,0,0,0,0,0,0,0,0,0,0,0,1,0,0,0,0,0,0,0,0,0,0,0,0,0,0,0,1,39.9566,-75.198, , 
 ,40151,2014093569,6,67,67301,2014,9,4,2325,23,3,1,0,1,1, , ,N,0,2,0,3,0,0,2,2,N,N,40 00:00.888,75 06:23.452,2354, ,2341,1,1,1,N, ,3,N, , , , ,442759, , , ,2,1,0,0,0,0,1,0,0,0,0,0,0,0,0,0,0,0,0,0,1,1,0,0,0,0,0,0,0,0,0,0,0,0,0,0,0,40.0002,-75.1065, , 
 ,40152,2014019161,6,67,67301,2014,1,4,1801,18,3,1,0,4,1, , ,N,1,3,0,3,0,0,3,2,N, ,39 58:42.420,75 07:17.759,1807, ,1803,1,1,3, , ,3,Y, , , , ,442785, , , ,2,1,0,0,0,0,1,0,0,0,0,0,0,0,1,0,0,0,0,0,1,0,0,0,0,0,0,0,0,0,0,0,0,0,0,9,0,39.9785,-75.1216, , 
 ,40153,2014025507,6,67,67301,2014,1,1,1935,19,3,1,0,1,1, , ,N,0,2,0,3,0,2,3,2,N,N,40 03:52.260,75 09:23.763,1952, ,1946, ,0, ,N, ,3, , , , , ,442791, , , ,2,2,0,0,0,0,0,0,0,0,0,2,2,0,0,0,1,0,0,0,1,0,0,0,0,0,0,0,0,0,0,0,0,0,0,4,0,40.0645,-75.1566, , 
 ,40154,2014039375,6,67,67301,2014,3,3,1230,12,1,1,0,1,1, , ,N,0,0,3,3,0,2,5,4,N,N,39 55:15.594,75 11:42.681,1235, ,1231, ,0, ,N, ,0, , , , , ,442802, , , ,4,1,0,0,1,0,2,0,0,0,0,2,2,0,0,0,0,0,0,0,1,1,0,0,0,0,0,0,0,0,0,0,0,0,0,4,0,39.921,-75.1952, , 
 ,40155,2014034181,6,67,67301,2014,3,1,44,0,3,1,0,5,6, , ,N,0,0,0,3,0,1,1,2,N,N,40 02:19.888,75 08:21.044,48, ,44,3,2,5,N, ,0,Y, , , , ,442850, , , ,2,2,0,0,0,0,0,0,0,0,0,1,1,0,0,0,0,0,0,0,0,0,0,0,0,0,0,0,0,0,0,0,0,0,0,4,0,40.0389,-75.1392, , 
 ,40156,2014078915,6,67,67301,2014,6,6,1515,15,1,1,0,7,4, , ,N,0,0,0,3,0,1,2,1,N, ,40 03:34.314,75 02:42.948,1540, ,1535,2,2,3, , ,0,Y, , , , ,442880, , , ,1,1,0,0,0,0,0,0,0,0,0,1,1,0,0,0,0,0,0,0,0,0,0,0,0,0,0,0,0,0,0,0,0,0,0,4,0,40.0595,-75.0453, , 
 ,40157,2014088632,6,67,67301,2014,7,3,1230,12,1,1,0,8,1, , ,N,1,3,0,3,0,1,2,2,N,N,40 02:37.388,75 09:21.128,1745, ,1745, ,0, ,N, ,3, , , , , ,442892, , , ,1,0,0,0,1,0,0,0,0,0,1,0,1,0,0,0,0,0,0,0,0,0,0,0,0,0,0,0,0,0,0,0,1,0,0,3,0,40.0437,-75.1559, , 
 ,40158,2014088663,6,67,67301,2014,8,6,1521,15,1,1,0,4,1, , ,N,1,3,0,3,0,1,4,2,N,N,39 56:54.708,75 12:20.462,1525, ,1523, ,0, ,N, ,3, , , , , ,442893, , , ,2,1,0,0,1,0,0,0,0,0,0,1,1,0,0,0,0,0,0,0,1,0,0,0,0,0,0,0,0,0,0,0,0,0,0,4,0,39.9485,-75.2057, , 
 ,40159,2014096865,6,67,67301,2014,9,2,1705,17,1,1,0,4,1, , ,N,1,2,0,3,0,0,4,2,N, ,40 02:00.165,75 03:59.552,1708, ,1708,2,2,5, , ,3,Y, , , , ,442900, , , ,2,2,0,0,0,0,0,0,0,0,0,0,0,0,0,0,0,0,0,0,0,0,0,0,0,0,0,0,0,0,0,0,0,0,0,0,0,40.0334,-75.0665, , 
 ,40160,2014104433,6,67,67301,2014,10,2,855,8,1,1,0,4,1, , ,N,1,2,0,3,0,2,4,2,N,N,39 59:00.200,75 10:12.957,901, ,856, ,0, ,N, ,3, , , , , ,442904, , , ,2,2,0,0,0,0,0,0,0,0,0,2,2,0,0,0,0,0,0,1,0,0,0,0,0,0,0,0,0,0,0,0,0,0,0,4,0,39.9834,-75.1703, , 
 ,40161,2014078838,6,67,67301,2014,6,4,1740,17,1,1,0,8,1, , ,N,0,0,0,3,0,1,2,2,N, ,40 05:01.227,75 02:37.811,1802, ,1800, ,0, , , ,0, , , , , ,442940, , , ,1,1,0,0,0,0,0,0,0,0,0,1,1,0,0,0,0,0,0,0,1,0,0,0,0,0,0,0,0,0,0,0,1,0,0,4,0,40.0837,-75.0438, , 
 ,40162,2014088867,6,67,67301,2014,8,4,1330,13,1,1,0,4,1, , ,N,1,2,0,3,0,1,2,2,N,N,39 57:51.138,75 11:24.597,1350, ,1344,2,1,1,N, ,3,Y, , , , ,442952, , , ,2,1,0,0,0,0,1,0,0,0,0,1,1,0,0,0,0,0,0,0,0,0,0,0,0,0,0,0,0,0,0,0,0,0,0,4,0,39.9642,-75.1902, , 
 ,40163,2014088907,6,67,67301,2014,8,6,1040,10,1,1,0,4,1, , ,N,1,3,0,3,0,0,4,2,N, ,40 00:33.166,75 09:28.054,2324, ,2321, ,0, , , ,3, , , , , ,442953, , , ,2,2,0,0,0,0,0,0,0,0,0,0,0,0,0,0,0,0,0,0,0,0,0,0,0,0,0,0,0,0,0,0,0,0,0,0,0,40.0092,-75.1578, , 
 ,40164,2014099268,6,67,67301,2014,9,5,758,7,1,2,1,4,1, , ,N,2,0,0,3,0,0,3,2,N,N,40 01:03.382,75 10:20.289,801, ,801, ,0, ,N, ,0, , , , , ,442960, , , ,2,1,0,0,0,0,1,0,0,0,0,0,0,0,0,0,0,0,0,0,1,0,0,0,0,0,0,0,0,0,0,0,0,0,0,0,0,40.0176,-75.1723, , 
 ,40165,2014068070,6,67,67301,2014,6,3,1348,13,1,1,0,4,1, , ,N,1,3,0,3,0,1,2,2,N,N,40 01:38.622,75 04:36.350,1351, ,1349,1,1,5, , ,3,Y, , , , ,445844, , , ,1,0,0,0,1,0,0,0,1,0,0,0,1,1,0,0,0,0,0,0,1,0,0,0,0,0,0,0,0,0,0,0,0,0,0,8,0,40.0274,-75.0768, , 
 ,40166,2014012150,6,67,67301,2014,1,2,1016,10,1,1,0,1,1, , ,N,6,0,2,3,0,1,2,2,N,N,39 53:04.770,75 14:38.828,1107, ,1022, ,0, ,N, ,0, , , , , ,445856, , , ,2,1,0,0,0,0,0,1,0,0,0,0,1,1,0,0,0,0,0,0,1,0,0,0,0,0,0,0,0,0,0,0,0,0,0,8,0,39.8847,-75.2441, , 
 ,40167,2014082644,6,67,67301,2014,6,3,1355,13,1,1,0,4,1, , ,N,1,3,0,3,0,2,4,2,N,N,40 02:58.034,75 04:53.965,1405, ,1357, ,0, ,N, ,3, , , , , ,445864, , , ,2,1,0,0,0,0,1,0,0,0,0,2,2,0,0,0,0,0,0,0,1,0,0,0,0,0,0,0,0,0,0,0,0,0,0,4,0,40.0495,-75.0817, , 
 ,40168,2014084299,6,67,67301,2014,7,2,1100,11,1,1,0,4,1, , ,N,1,2,0,3,0,0,3,2,N,N,40 01:24.977,75 03:23.118,1110, ,1107, ,0, ,N, ,3, , , , , ,445866, , , ,2,2,0,0,0,0,0,0,0,0,0,0,0,0,1,0,0,0,0,1,1,0,0,0,0,0,0,0,0,0,0,0,0,0,0,9,0,40.0236,-75.0564, , 
 ,40169,2014087904,6,67,67301,2014,8,6,1545,15,1,2,1,1,1, , ,N,1,2,0,3,0,1,5,2,N, ,39 54:14.619,75 14:25.049,1605, ,1600, ,0, , , ,3, , , , , ,445874, , , ,2,1,0,0,0,0,1,0,0,0,0,0,1,1,4,0,0,0,0,0,1,0,0,0,0,0,0,0,0,0,0,0,0,0,0,8,0,39.904,-75.2401, , 
 ,40170,2014088118,6,67,67301,2014,8,3,1859,18,1,2,1,4,1, , ,N,1,2,0,3,0,2,2,2,N,N,40 02:16.788,75 04:04.754,1902, ,1859,9,1,4,N, ,3,N, , , , ,445875, , , ,2,1,0,0,0,0,1,0,0,0,1,0,2,1,0,0,0,0,0,0,1,0,0,0,0,0,0,0,0,0,0,0,0,0,0,3,0,40.038,-75.068, , 
 ,40171,2014088357,6,67,67301,2014,8,2,1300,13,1,1,0,4,1, , ,N,1,2,0,3,0,0,2,2,N, ,40 00:41.644,75 06:28.900,1300, ,1300, ,0, , , ,3, , , , , ,445876, , , ,2,0,0,0,0,0,1,1,0,0,0,0,0,0,0,0,0,0,0,0,1,0,0,0,0,0,0,0,0,0,0,0,0,0,0,0,0,40.0116,-75.108, , 
 ,40172,2014103561,6,67,67301,2014,9,2,1029,10,1,1,0,8,1, , ,N,1,2,0,3,0,1,2,2,N,N,40 00:41.644,75 06:28.900,1029, ,1029, ,0, ,N, ,3, , , , , ,445890, , , ,1,0,0,0,1,0,0,0,0,0,0,0,1,1,0,0,0,0,0,0,0,0,0,0,0,0,0,0,0,0,0,0,1,0,0,8,0,40.0116,-75.108, , 
 ,40173,2014106647,6,67,67301,2014,10,4,320,3,3,8,1,7,4, , ,N,2,3,0,3,0,1,1,1,N,N,40 02:23.521,75 09:53.452,325, ,323,2,2,3,N, ,3,N, , , , ,445894, , , ,1,1,0,0,0,0,0,0,0,0,0,0,1,1,0,0,0,0,0,0,0,0,0,1,0,0,0,0,0,0,0,0,0,0,0,8,0,40.0399,-75.1648, , 
 ,40174,2014016109,6,67,67301,2014,1,2,525,5,3,1,0,8,1, , ,N,1,2,0,3,0,1,2,2,N,N,39 59:40.373,75 09:33.635,536, ,535, ,0, ,N, ,3, , , , , ,445908, , , ,1,1,0,0,0,0,0,0,0,0,1,0,1,0,0,0,0,0,0,0,0,0,0,0,0,0,0,0,0,0,0,0,1,0,0,3,0,39.9945,-75.1593, , 
 ,40175,2014016934,6,67,67301,2014,1,6,2230,22,3,4,3,3,1, , ,N,3,2,0,3,0,1,4,2,N,N,39 59:43.251,75 13:05.671,2240, ,2237, ,0, ,N, ,3, , , , , ,445909, , , ,2,1,0,0,0,1,0,0,0,0,0,1,1,0,2,0,0,0,0,0,0,0,0,0,0,0,0,0,0,0,0,0,0,0,0,4,1,39.9953,-75.2182, , 
 ,40176,2014025551,6,67,67301,2014,2,1,1520,15,1,1,0,4,1, , ,N,1,2,0,3,0,0,2,2,N,N,40 01:37.269,75 04:31.638,1526, ,1524,1,1,1,N, ,3,N, , , , ,445918, , , ,2,0,0,0,0,0,2,0,0,0,0,0,0,0,0,0,0,0,0,0,0,0,0,0,0,0,0,0,0,0,0,0,0,0,0,0,0,40.027,-75.0755, , 
 ,40177,2014045309,6,67,67301,2014,3,5,930,9,1,1,0,8,1, , ,N,1,2,0,3,0,1,2,2,N,N,39 57:45.942,75 14:48.128,934, ,931, ,0, ,N, ,3, , , , , ,445935, , , ,1,1,0,0,0,0,0,0,0,0,0,1,1,0,0,0,0,0,0,0,0,0,0,0,0,0,0,0,0,0,0,0,1,0,0,4,0,39.9627,-75.2467, , 
 ,40178,2014054589,6,67,67301,2014,5,5,1830,18,1,1,0,4,1, , ,N,1,2,0,3,0,1,2,2,N,N,40 00:03.096,75 06:37.169,1845, ,1836, ,0, ,N, ,3, , , , , ,445940, , , ,2,1,0,0,0,0,1,0,0,0,1,0,1,0,0,0,0,0,0,0,1,0,0,0,0,0,0,0,0,0,0,0,0,0,0,3,0,40.0009,-75.1103, , 
 ,40179,2014027961,6,67,67301,2014,3,2,1525,15,1,1,7,7,4, , ,N,0,0,0,3,0,1,1,1,N,N,39 53:32.737,75 14:05.708,1532, ,1526,1,2,1,N, ,0,N, , , , ,445963, , , ,1,0,0,0,0,0,0,1,0,0,0,0,1,1,0,0,0,0,0,0,0,0,0,0,0,0,0,0,0,0,0,0,0,0,0,8,0,39.8924,-75.2349, , 
 ,40180,2014038847,6,67,67301,2014,3,1,312,3,3,2,1,4,1, , ,N,0,0,0,3,0,0,2,2,N,N,39 54:15.828,75 10:07.020,320, ,315, ,0, ,N, ,0, , , , , ,445971, , , ,2,2,0,0,0,0,0,0,0,0,0,0,0,0,1,0,0,0,0,0,0,0,0,0,0,0,0,0,0,0,0,0,0,0,0,9,0,39.9044,-75.1686, , 
 ,40181,2014060624,6,67,67301,2014,6,4,2309,23,3,1,0,1,1, , ,N,0,0,0,3,0,1,2,2,N,N,39 56:50.142,75 08:32.094,2323, ,2317, ,0, ,N, ,0, , , , , ,445982, , , ,2,2,0,0,0,0,0,0,0,0,0,1,1,0,0,0,0,0,0,0,0,0,0,0,0,0,0,0,0,0,0,0,0,0,0,4,0,39.9473,-75.1422, , 
 ,40182,2014060637,6,67,67301,2014,6,1,245,2,3,1,0,5,1, , ,N,7,0,2,3,0,0,2,2,N,N,39 54:31.321,75 08:57.939,303, ,250, ,0, ,N, ,0, , , , , ,445983, , , ,2,2,0,0,0,0,0,0,0,0,0,0,0,0,1,0,0,0,0,0,0,0,0,0,0,0,0,0,0,0,0,0,0,0,0,9,0,39.9087,-75.1494, , 
 ,40183,2014051745,6,67,67301,2014,4,1,1503,15,1,1,0,1,1, , ,N,0,0,0,3,0,1,2,3,N,N,39 59:29.253,75 08:05.835,1625, ,1620, ,0, ,N, ,0, , , , , ,449367, , , ,3,2,0,0,1,0,0,0,0,0,0,1,1,0,0,0,0,0,0,0,0,0,0,0,0,0,0,0,0,0,0,0,0,0,0,4,0,39.9915,-75.135, , 
 ,40184,2014087746,6,67,67301,2014,8,2,1705,17,1,1,0,8,1, , ,N,0,0,0,3,0,1,2,2,N,N,39 59:33.664,75 04:57.129,9999, ,9999, ,0, , , ,0, , , , , ,449402, , , ,1,1,0,0,0,0,0,0,0,0,0,0,1,1,1,0,0,0,0,0,1,0,0,0,0,0,0,0,0,0,0,0,1,0,0,8,0,39.9927,-75.0825, , 
 ,40185,2014099273,6,67,67301,2014,9,4,807,8,1,1,0,1,1, , ,N,5,2,1,3,0,2,3,2,N, ,39 59:52.195,75 06:39.459,825, ,815, ,0, , , ,3, , , , , ,449409, , , ,2,2,0,0,0,0,0,0,0,0,0,2,2,0,0,0,0,0,0,0,0,0,0,0,0,0,0,0,0,0,0,0,0,0,0,4,0,39.9978,-75.111, , 
 ,40186,2014059100,6,67,67301,2014,5,1,1950,19,3,1,0,8,1, , ,N,0,0,0,3,0,1,2,2,N,N,39 59:32.514,75 10:19.981,2012, ,2005, ,0, , , ,0, , , , , ,449419, , , ,1,1,0,0,0,0,0,0,0,0,0,1,1,0,0,0,0,0,0,0,0,0,0,0,0,0,0,0,0,0,0,0,1,0,0,4,0,39.9924,-75.1722, , 
 ,40187,2014084469,6,67,67301,2014,7,6,1943,19,4,1,0,4,1, , ,N,1,3,0,3,0,1,2,2,N,N,40 04:25.381,75 05:15.417,9999, ,9999, ,0, , , ,3, , , , , ,449436, , , ,2,1,0,0,0,0,1,0,0,0,0,1,1,0,0,0,0,0,0,0,0,0,0,0,0,0,0,0,0,0,0,0,0,0,0,4,0,40.0737,-75.0876, , 
 ,40188,2014088769,6,67,67301,2014,8,6,2227,22,3,1,0,4,1, , ,N,1,2,0,3,0,1,2,2,N,N,39 55:26.156,75 13:19.597,2339, ,2333,2,1,4,N, ,3,N, , , , ,449439, , , ,2,0,0,0,0,0,1,1,0,0,0,1,1,0,1,0,0,0,0,0,0,0,0,0,0,0,0,0,0,0,0,0,0,0,0,4,0,39.9239,-75.2221, , 
 ,40189,2014113388,6,67,67301,2014,10,2,1800,18,3,1,0,5,1, , ,N,0,0,0,3,0,0,3,2,N,N,39 58:39.287,75 07:09.277,1907, ,1903, ,0, ,N, ,0, , , , , ,449456, , , ,2,0,0,0,1,0,0,0,0,0,0,0,0,0,0,0,0,0,0,0,0,0,0,0,0,0,0,0,0,0,0,0,0,0,0,0,0,39.9776,-75.1192, , 
 ,40190,2014068635,6,67,67301,2014,5,6,1440,14,1,1,0,1,1, , ,N,1,2,0,3,0,1,2,2,Y,N,40 00:41.644,75 06:28.900,1530, ,1520, ,0, ,N, ,3, , , , , ,449472, , , ,2,0,0,1,0,0,1,0,0,0,0,1,1,0,0,0,0,0,0,0,1,0,0,0,0,0,0,0,0,0,0,0,0,0,0,4,1,40.0116,-75.108, , 
 ,40191,2014084186,6,67,67301,2014,7,4,253,2,3,1,0,7,4, , ,N,0,0,0,3,0,2,2,1,N,N,40 03:23.226,75 11:29.934,258, ,256, ,0, ,N, ,0, , , , , ,449483, , , ,1,1,0,0,0,0,0,0,0,0,0,0,2,2,0,0,0,0,0,0,0,0,0,0,0,0,0,0,0,0,0,0,0,0,0,8,0,40.0565,-75.1916, , 
 ,40192,2014084262,6,67,67301,2014,7,3,9999,99,1,1,0,4,1, , ,N,1,2,0,3,0,1,2,2,N,N,40 03:38.529,75 03:14.962,1043, ,1043,1,1,3, , ,3,N, , , , ,449484, , , ,2,0,0,0,1,0,1,0,0,0,0,0,1,1,0,0,0,0,0,0,0,0,1,0,0,0,0,0,0,0,0,0,0,0,0,8,0,40.0607,-75.0542, , 
 ,40193,2014087891,6,67,67301,2014,7,4,234,2,3,1,1,2,6, , ,N,0,0,0,3,0,1,1,3,N, ,40 02:59.115,75 06:17.186,239, ,234, ,0, , , ,0, , , , , ,449488, , , ,3,1,0,0,0,0,2,0,0,0,0,1,1,0,0,0,0,0,0,0,0,0,0,1,0,0,0,0,0,0,0,0,0,0,0,4,0,40.0498,-75.1048, , 
 ,40194,2014095184,6,67,67301,2014,9,7,2200,22,3,1,0,7,4, , ,N,0,0,0,3,0,3,4,1,N,N,39 58:54.596,75 12:26.104,2221, ,2213,1,1,4,N, ,0,N, , , , ,449490, , , ,1,1,0,0,0,0,0,0,0,0,0,3,3,0,0,0,0,0,0,0,0,0,0,0,0,0,0,0,0,0,0,0,0,0,0,4,0,39.9818,-75.2073, , 
 ,40195,2014095932,6,67,67301,2014,9,3,1452,14,1,1,0,1,1, , ,N,0,0,0,3,0,0,2,2,N,N,40 03:33.362,75 09:53.939,1513, ,1500, ,0, ,N, ,0, , , , , ,449492, , , ,2,2,0,0,0,0,0,0,0,0,0,0,0,0,0,0,0,0,0,0,1,0,0,0,0,0,0,0,0,0,0,0,0,0,0,0,0,40.0593,-75.165, , 
 ,40196,2014098692,6,67,67301,2014,9,5,1730,17,2,2,1,4,1, , ,N,1,2,0,3,0,1,2,2,N, ,40 00:49.975,75 07:33.617,1817, ,1815, ,0, , , ,3, , , , , ,449499, , , ,2,1,0,0,0,0,1,0,0,0,0,1,1,0,0,0,0,0,0,0,1,0,0,0,0,0,0,0,0,0,0,0,0,0,0,4,0,40.0139,-75.126, , 
 ,40197,2014106774,6,67,67301,2014,10,5,820,8,1,1,0,4,1, , ,N,1,2,0,3,0,2,2,2,N,N,40 01:39.104,75 08:47.126,910, ,820, ,0, ,N, ,3, , , , , ,449503, , , ,2,2,0,0,0,0,0,0,0,0,0,2,2,0,0,0,0,0,0,0,0,0,0,0,0,0,0,0,0,0,0,0,0,0,0,4,0,40.0275,-75.1464, , 
 ,40198,2014113420,6,67,67301,2014,10,7,2326,23,3,1,0,4,1, , ,N,1,3,0,3,0,6,6,2,N,N,39 58:13.350,75 12:36.993,2352, ,2344, ,0, ,N, ,3, , , , , ,449510, , , ,2,0,0,0,0,0,2,0,0,0,0,6,6,0,0,0,0,1,0,0,0,0,0,0,0,0,0,0,0,0,0,0,0,0,0,4,0,39.9704,-75.2103, , 