wz_ln_closure,objectid_1,crn,district,county,municipality,crash_year,crash_month,day_of_week,time_of_day,hour_of_day,illumination,weather,road_condition,collision_type,relation_to_road,work_zone_type,work_zone_loc,work_zone_ind,intersect_type,tcd_type,location_type,urban_rural,fatal_count,injury_count,person_count,total_units,sch_bus_ind,sch_zone_ind,latitude,longitude,arrival_tm,cons_zone_spd_lim,dispatch_tm,est_hrs_closed,lane_closed,ln_close_dir,ntfy_hiwy_maint,spec_juris_cd,tcd_func_cd,tfc_detour_ind,workers_pres,wz_close_detour,wz_flagger,wz_law_offcr_ind,objectid,wz_moving,wz_other,wz_shlder_mdn,vehicle_count,automobile_count,motorcycle_count,bus_count,small_truck_count,heavy_truck_count,suv_count,van_count,bicycle_count,maj_inj_count,mod_inj_count,min_inj_count,tot_inj_count,unk_inj_deg_count,unk_inj_per_count,driver_count_16yr,driver_count_17yr,driver_count_18yr,driver_count_19yr,driver_count_20yr,driver_count_50_64yr,driver_count_65_74yr,driver_count_75plus,unbelted_occ_count,unb_death_count,unb_maj_inj_count,belted_death_count,belted_maj_inj_count,mcycle_death_count,mcycle_maj_inj_count,bicycle_death_count,bicycle_maj_inj_count,ped_count,ped_death_count,ped_maj_inj_count,max_severity_level,comm_veh_count,dec_lat,dec_long,rdwy_surf_type_cd,county_name
 ,40199,2014084483,6,67,67301,2014,7,6,2307,23,3,1,0,5,1, , ,N,0,0,0,3,0,1,2,2,N,N,39 56:45.306,75 09:54.225,2314, ,2309, ,0, ,N, ,0, , , , , ,449527, , , ,1,1,0,0,0,0,0,0,1,0,1,0,1,0,0,0,0,0,0,0,0,0,0,0,0,0,0,0,0,0,0,0,0,0,0,3,0,39.9459,-75.1651, , 
 ,40200,2014088782,6,67,67301,2014,8,4,217,2,3,1,0,7,4, , ,N,0,0,0,3,0,1,1,1,N,N,40 01:07.247,75 08:49.543,220, ,219, ,0, , , ,0, , , , , ,449531, , , ,1,1,0,0,0,0,0,0,0,0,0,1,1,0,0,0,0,0,0,0,0,0,0,1,0,0,0,0,0,0,0,0,0,0,0,4,0,40.0187,-75.1471, , 
 ,40201,2014050254,6,67,67301,2014,3,2,1537,15,1,2,1,4,1, , ,N,2,3,0,3,0,0,3,4,N, ,40 00:18.428,75 08:54.337,1547, ,1537, ,0, , , ,3, , , , , ,453086, , , ,4,3,0,0,0,0,0,1,0,0,0,0,0,0,0,0,0,0,0,0,0,0,0,0,0,0,0,0,0,0,0,0,0,0,0,0,0,40.0051,-75.1484, , 
 ,40202,2014088445,6,46,46102,2014,9,2,2008,20,3,1,0,4,1, , ,N,0,0,7,3,0,0,2,2,N,N,40 04:26.338,75 09:29.530,2032, ,2030, ,0, ,N, ,0, , , , , ,453106, , , ,2,1,0,0,0,0,1,0,0,0,0,0,0,0,0,0,0,0,0,0,0,0,0,0,0,0,0,0,0,0,0,0,0,0,0,0,0,40.074,-75.1582, , 
 ,40203,2014089338,6,67,67301,2014,8,2,835,8,1,1,0,4,1, , ,N,1,2,0,3,0,1,2,2,N,N,39 57:59.738,75 09:37.523,839, ,838, ,0, ,N, ,3, , , , , ,453108, , , ,2,1,0,0,0,0,1,0,0,0,0,1,1,0,0,0,0,0,0,0,1,0,0,0,0,0,0,0,0,0,0,0,0,0,0,4,0,39.9666,-75.1604, , 
 ,40204,2014092939,6,67,67301,2014,9,7,1301,13,1,1,0,7,4, , ,N,6,0,2,3,0,0,1,1,N,N,39 59:50.669,75 04:55.143,1301, ,1301,2,1,2,N, ,0,N, , , , ,453111, , , ,1,1,0,0,0,0,0,0,0,0,0,0,0,0,0,0,0,0,0,0,0,0,0,0,0,0,0,0,0,0,0,0,0,0,0,0,0,39.9974,-75.082, , 
 ,40205,2014106693,6,67,67301,2014,10,4,2150,21,2,2,1,8,1, , ,N,2,0,0,3,0,1,2,2,N,N,40 00:29.523,75 05:31.282,2205, ,2200, ,0, ,N, ,0, , , , , ,453121, , , ,1,0,0,0,0,0,1,0,0,0,0,1,1,0,0,0,0,0,0,0,0,0,0,0,0,0,0,0,0,0,0,0,1,0,0,4,0,40.0082,-75.092, , 
 ,40206,2014058831,6,67,67301,2014,5,7,1632,16,1,1,0,1,1, , ,N,0,0,0,3,0,0,4,2,N,N,40 01:34.119,75 01:37.390,1656, ,1634, ,0, ,N, ,0, , , , , ,453133, , , ,2,2,0,0,0,0,0,0,0,0,0,0,0,0,0,0,0,0,0,0,0,1,0,0,0,0,0,0,0,0,0,0,0,0,0,0,0,40.0261,-75.0271, , 
 ,40207,2014094447,6,67,67301,2014,9,5,606,6,3,2,1,7,3, , ,N,3,8,2,3,0,1,2,1,N,N,39 53:28.623,75 14:19.397,627, ,612,2,1,2,Y, ,3,N, , , , ,453156, , , ,1,0,0,0,0,0,1,0,0,0,0,1,1,0,0,0,0,0,0,0,0,1,0,0,0,0,0,0,0,0,0,0,0,0,0,4,0,39.8913,-75.2387, , 
 ,40208,2014055418,6,67,67301,2014,4,7,717,7,1,1,0,1,1, , ,N,2,2,0,3,0,3,4,3,N, ,39 55:59.902,75 08:36.154,717, ,739,9,1,1,N, ,3,N, , , , ,453176, , , ,3,0,0,0,1,0,1,1,0,0,0,0,3,3,0,0,0,0,0,0,1,0,0,0,0,0,0,0,0,0,0,0,0,0,0,8,0,39.9333,-75.1434, , 
 ,40209,2014059326,6,67,67301,2014,5,1,1500,15,1,1,0,4,1, , ,N,0,0,7,3,0,1,2,2,N,N,39 54:52.601,75 08:59.594,1508, ,1505,1,1,1,N, ,0,Y, , , , ,453182, , , ,2,1,1,0,0,0,0,0,0,1,0,0,1,0,0,0,0,0,0,0,0,1,0,0,0,0,0,0,0,1,0,0,0,0,0,2,0,39.9146,-75.1499, , 
N,40210,2014016458,6,67,67301,2014,1,7,2340,23,3,1,1,1,1,1,4,Y,0,0,0,3,0,4,5,2,N,N,39 54:42.531,75 08:55.100,2351,50,2345,2,1,1,N, ,0,N,N,N,N,N,453188,N,N,Y,2,2,0,0,0,0,0,0,0,0,4,0,4,0,1,0,0,0,0,0,0,0,0,0,0,0,0,0,0,0,0,0,0,0,0,3,0,39.9118,-75.1486, , 
 ,40211,2014030263,6,67,67301,2014,1,6,615,6,3,1,0,4,1, , ,N,1,3,0,3,0,2,3,2,N,N,39 58:25.273,75 15:03.002,825, ,818, ,0, ,N, ,3, , , , , ,453200, , , ,2,1,0,0,0,0,1,0,0,0,0,2,2,0,1,0,0,0,0,0,1,0,0,0,0,0,0,0,0,0,0,0,0,0,0,4,0,39.9737,-75.2508, , 
 ,40212,2014032006,6,67,67301,2014,2,4,915,9,1,2,1,8,1, , ,N,1,2,0,3,0,1,3,2,N,N,40 03:31.188,75 02:39.382,920, ,917, ,0, ,N, ,3, , , , , ,453201, , , ,1,0,0,0,0,0,1,0,0,0,1,0,1,0,0,0,0,0,0,0,0,0,0,0,0,0,0,0,0,0,0,0,1,0,0,3,0,40.0587,-75.0443, , 
 ,40213,2014032336,6,67,67301,2014,2,3,1300,13,1,1,1,4,1, , ,N,1,2,0,3,0,1,2,2,N, ,40 01:04.609,75 05:02.155,1309, ,1300,2,1,5, , ,3,N, , , , ,453202, , , ,2,1,0,0,1,0,0,0,0,0,0,1,1,0,0,0,0,0,0,0,1,0,0,0,0,0,0,0,0,0,0,0,0,0,0,4,0,40.0179,-75.0839, , 
 ,40214,2014040423,6,67,67301,2014,3,3,1810,18,1,1,0,5,6, , ,N,0,0,0,3,0,0,1,3,N,N,39 57:47.350,75 14:40.503,1820, ,1820, ,0, ,N, ,0, , , , , ,453212, , , ,3,2,0,0,0,0,1,0,0,0,0,0,0,0,0,0,0,0,0,0,0,1,0,0,0,0,0,0,0,0,0,0,0,0,0,0,0,39.9632,-75.2446, , 
 ,40215,2014042633,6,67,67301,2014,3,7,2300,23,3,2,1,6,1, , ,N,0,0,0,3,0,0,2,3,N,N,40 06:42.343,75 01:16.687,2320, ,2315,2,1,6,N, ,0,Y, , , , ,453214, , , ,3,3,0,0,0,0,0,0,0,0,0,0,0,0,0,0,0,0,0,0,1,0,0,0,0,0,0,0,0,0,0,0,0,0,0,0,0,40.1118,-75.0213, , 
 ,40216,2014044709,6,67,67301,2014,4,7,1840,18,1,1,0,1,1, , ,N,0,0,0,3,0,1,3,2,N,N,39 57:03.012,75 10:58.695,1845, ,1840, ,0, ,N, ,0, , , , , ,453216, , , ,2,1,0,0,0,0,1,0,0,0,0,1,1,0,0,0,0,0,0,0,0,0,0,0,0,0,0,0,0,0,0,0,0,0,0,4,0,39.9509,-75.183, , 
 ,40217,2014049642,6,67,67301,2014,4,5,1421,14,1,1,0,4,1, , ,N,2,3,0,3,0,0,5,2,N,N,39 55:48.957,75 13:19.160,9999, ,9999, ,0, , , ,3, , , , , ,453220, , , ,2,2,0,0,0,0,0,0,0,0,0,0,0,0,0,0,0,0,0,0,0,0,1,4,0,0,0,0,0,0,0,0,0,0,0,0,0,39.9303,-75.222, , 
 ,40218,2014061098,6,67,67301,2014,5,7,1618,16,1,2,1,4,1, , ,N,1,2,0,3,0,0,2,2,N,N,40 02:30.166,75 03:40.132,1627, ,1619, ,0, ,Y, ,1, , , , , ,453238, , , ,2,0,0,0,1,0,0,1,0,0,0,0,0,0,0,0,0,0,0,0,1,0,0,1,0,0,0,0,0,0,0,0,0,0,0,0,0,40.0417,-75.0611, , 
 ,40219,2014057073,6,67,67301,2014,5,3,2135,21,3,1,0,5,1, , ,N,0,0,0,3,0,1,3,2,N,N,40 03:02.445,74 59:27.975,2141, ,2135,2,2,2,N, ,0,N, , , , ,442961, , , ,2,0,0,0,0,1,1,0,0,0,0,0,1,1,0,0,0,0,0,1,0,0,0,1,0,0,0,0,0,0,0,0,0,0,0,8,1,40.0507,-74.9911, , 
 ,40220,2014059103,6,67,67301,2014,5,7,1222,12,1,1,0,4,1, , ,N,1,2,0,3,0,1,2,2,N, ,39 55:26.156,75 13:19.597,1300, ,1259,9,1,1, , ,3,N, , , , ,442962, , , ,2,2,0,0,0,0,0,0,0,0,1,0,1,0,0,0,0,0,0,0,0,0,0,0,0,0,0,0,0,0,0,0,0,0,0,3,0,39.9239,-75.2221, , 
 ,40221,2014065164,6,67,67301,2014,6,6,1538,15,1,1,0,1,1, , ,N,0,0,0,3,0,0,4,2,N,N,39 57:30.534,75 10:03.502,1548, ,1538, ,0, ,N, ,0, , , , , ,442968, , , ,2,2,0,0,0,0,0,0,0,0,0,0,0,0,1,0,0,1,0,0,0,1,0,1,0,0,0,0,0,0,0,0,0,0,0,9,0,39.9585,-75.1676, , 
 ,40222,2014013055,6,67,67301,2014,1,5,1809,18,3,4,1,7,4, , ,N,0,0,0,3,0,1,1,1,N,N,39 59:36.668,75 11:18.416,1811, ,1810, ,0, ,N, ,0, , , , , ,442972, , , ,1,0,0,0,1,0,0,0,0,0,0,0,1,1,0,0,0,0,0,0,0,0,0,0,0,0,0,0,0,0,0,0,0,0,0,8,0,39.9935,-75.1884, , 
 ,40223,2014038909,6,67,67301,2014,2,7,1519,15,1,8,5,1,1, , ,N,1,2,0,3,0,1,2,2,N,N,40 01:58.974,75 06:57.861,1521, ,1520, ,0, ,N, ,3, , , , , ,442998, , , ,2,0,0,0,2,0,0,0,0,0,0,0,1,1,0,0,0,0,0,0,0,0,0,0,0,0,0,0,0,0,0,0,0,0,0,8,0,40.033,-75.1161, , 
 ,40224,2014049707,6,67,67301,2014,4,3,905,9,1,2,1,4,1, , ,N,1,2,0,3,0,0,2,2,N,N,40 01:13.222,75 06:50.843,915, ,910, ,0, ,N, ,3, , , , , ,443007, , , ,2,0,0,0,0,0,2,0,0,0,0,0,0,0,0,0,0,0,0,0,0,0,0,0,0,0,0,0,0,0,0,0,0,0,0,0,0,40.0202,-75.1141, , 
 ,40225,2014077351,6,67,67301,2014,8,5,113,1,2,1,0,5,4, , ,N,0,0,0,3,0,1,6,2,N,N,39 58:26.116,75 11:38.271,118, ,114, ,0, ,N, ,0, , , , , ,443018, , , ,2,2,0,0,0,0,0,0,0,0,0,1,1,0,0,0,0,0,0,0,0,0,0,0,0,0,0,0,0,0,0,0,0,0,0,4,0,39.9739,-75.194, , 
 ,40226,2014089334,6,67,67301,2014,8,1,1730,17,1,1,0,7,3, , ,N,2,3,0,3,0,0,2,1,N,N,39 57:48.230,75 09:40.495,1733, ,1733, ,0, , , ,3, , , , , ,443027, , , ,1,0,0,0,0,0,1,0,0,0,0,0,0,0,0,0,0,0,0,0,0,1,0,0,0,0,0,0,0,0,0,0,0,0,0,0,0,39.9633,-75.1611, , 
 ,40227,2014094009,6,67,67301,2014,9,1,1239,12,1,1,0,1,1, , ,N,6,4,2,3,0,1,2,2,N,N,40 02:57.848,74 59:46.942,1257, ,1241,1,2,1,N, ,3,N, , , , ,443031, , , ,2,0,0,0,0,0,2,0,0,0,0,1,1,0,0,0,0,0,0,0,0,0,1,0,0,0,0,0,0,0,0,0,0,0,0,4,0,40.0486,-74.9986, , 
 ,40228,2014108625,6,67,67301,2014,11,7,1258,12,1,2,7,1,1, , ,N,0,0,0,3,0,1,2,2,N,N,40 02:33.751,75 00:11.788,1306, ,1259, ,0, ,N, ,0, , , , , ,443047, , , ,2,2,0,0,0,0,0,0,0,0,0,1,1,0,0,0,0,0,0,0,1,0,0,0,0,0,0,0,0,0,0,0,0,0,0,4,0,40.0427,-75.0033, , 
 ,40229,2014078075,6,67,67301,2014,8,5,1610,16,1,1,0,1,1, , ,N,0,0,0,3,0,0,2,2,N,N,39 57:28.724,75 09:48.335,1643, ,1616, ,0, ,N, ,0, , , , , ,443060, , , ,2,2,0,0,0,0,0,0,0,0,0,0,0,0,0,0,0,0,0,0,0,0,0,1,0,0,0,0,0,0,0,0,0,0,0,0,0,39.958,-75.1634, , 
 ,40230,2014068573,6,67,67301,2014,5,6,1021,10,1,1,0,4,1, , ,N,1,2,0,3,0,1,3,2,N,N,40 04:51.077,75 01:43.585,1026, ,1023,1,1,2,N, ,3,N, , , , ,443067, , , ,2,0,0,0,0,0,1,1,0,0,1,0,1,0,0,0,0,0,0,0,1,0,0,0,0,0,0,0,0,0,0,0,0,0,0,3,0,40.0809,-75.0288, , 
 ,40231,2014074717,6,67,67301,2014,6,6,421,4,3,1,0,7,2, , ,N,0,0,0,3,0,0,1,1,N,N,39 58:06.276,75 07:44.002,430, ,422,1,1,1,N, ,0,N, , , , ,443073, , , ,1,0,0,0,0,0,1,0,0,0,0,0,0,0,0,0,0,0,0,0,0,0,0,0,0,0,0,0,0,0,0,0,0,0,0,0,0,39.9684,-75.1289, , 
 ,40232,2014085480,6,67,67301,2014,8,6,1030,10,1,1,0,1,1, , ,N,0,0,0,3,0,2,6,4,N,N,39 58:56.125,75 12:27.800,1038, ,1030,1,1,3,N, ,0,N, , , , ,443081, , , ,4,3,0,0,1,0,0,0,0,0,0,2,2,0,0,0,0,0,0,0,1,0,0,0,0,0,0,0,0,0,0,0,0,0,0,4,0,39.9823,-75.2077, , 
 ,40233,2014099238,6,67,67301,2014,9,3,1520,15,1,1,0,4,1, , ,N,1,3,0,3,0,1,3,2,N,N,39 54:55.414,75 08:58.945,1642, ,1642, ,0, ,N, ,3, , , , , ,443095, , , ,2,1,0,0,0,0,0,1,0,0,0,1,1,0,0,0,0,0,0,0,1,0,0,1,0,0,0,0,0,0,0,0,0,0,0,4,0,39.9154,-75.1497, , 
 ,40234,2014099245,6,67,67301,2014,9,4,1514,15,1,1,0,8,1, , ,N,1,0,0,3,0,1,2,2,N, ,40 01:54.464,75 01:54.959,2305, ,2250, ,0, , , ,0, , , , , ,443096, , , ,1,0,0,0,0,0,0,1,0,0,1,0,1,0,1,0,0,0,0,0,0,0,0,1,0,0,0,0,0,0,0,0,1,0,0,3,0,40.0318,-75.0319, , 
 ,40235,2014059000,6,67,67301,2014,5,6,1100,11,1,1,0,8,1, , ,N,0,0,0,3,0,1,2,2,N,N,40 01:10.707,75 05:16.908,1119, ,1103, ,0, ,N, ,0, , , , , ,443108, , , ,1,1,0,0,0,0,0,0,0,0,0,1,1,0,0,0,0,0,0,0,0,0,0,1,0,0,0,0,0,0,0,0,1,0,0,4,0,40.0196,-75.088, , 
 ,40236,2014066335,6,67,67301,2014,7,6,2149,21,3,1,0,5,1, , ,N,0,0,0,3,0,0,1,2,N,N,39 58:53.061,75 09:38.577,2151, ,2150,1,2,1,N, ,0,Y, , , , ,443114, , , ,2,1,0,0,1,0,0,0,0,0,0,0,0,0,0,0,0,0,0,0,0,0,0,0,0,0,0,0,0,0,0,0,0,0,0,0,0,39.9814,-75.1607, , 
 ,40237,2014070204,6,67,67301,2014,7,5,1317,13,1,1,0,1,1, , ,N,0,0,0,3,0,0,2,2,Y,N,39 59:31.058,75 12:08.403,1342, ,1333, ,0, ,N, ,0, , , , , ,446004, , , ,2,1,0,0,0,0,0,1,0,0,0,0,0,0,0,0,0,0,0,0,0,0,0,0,0,0,0,0,0,0,0,0,0,0,0,0,0,39.992,-75.2023, , 
 ,40238,2014088060,6,67,67301,2014,7,6,2250,22,3,1,0,8,1, , ,N,0,0,0,3,0,1,4,2,N,N,39 55:36.883,75 09:12.578,2301, ,2257, ,0, ,N, ,0, , , , , ,446018, , , ,1,1,0,0,0,0,0,0,0,0,0,1,1,0,0,0,0,0,1,0,0,0,0,0,0,0,0,0,0,0,0,0,1,0,0,4,0,39.9269,-75.1535, , 
 ,40239,2014088295,6,67,67301,2014,7,2,1105,11,1,1,0,4,1, , ,N,0,0,7,3,0,1,4,2,N,N,40 05:48.637,75 01:04.963,1110, ,1106, ,0, , , ,0, , , , , ,446019, , , ,2,1,0,0,0,0,1,0,0,0,0,1,1,0,0,0,0,0,0,0,0,0,0,0,0,0,0,0,0,0,0,0,0,0,0,4,0,40.0968,-75.018, , 
 ,40240,2014091342,6,67,67301,2014,8,7,1639,16,1,1,0,1,1, , ,N,1,2,0,3,0,1,2,2,N,N,39 58:01.197,75 07:45.660,1642, ,1640, ,0, , , ,3, , , , , ,446023, , , ,2,2,0,0,0,0,0,0,0,0,0,1,1,0,0,0,0,0,0,0,0,0,0,0,0,0,0,0,0,0,0,0,0,0,0,4,0,39.967,-75.1294, , 
 ,40241,2014104411,6,67,67301,2014,9,1,1800,18,1,1,0,4,1, , ,N,1,3,0,3,0,2,2,4,N, ,39 57:16.045,75 12:53.647,1851, ,1851, ,0, , , ,3, , , , , ,446032, , , ,4,3,0,0,0,0,1,0,0,0,0,0,2,2,0,0,0,0,0,0,0,0,0,0,0,0,0,0,0,0,0,0,0,0,0,8,0,39.9545,-75.2149, , 
U,40242,2014106698,6,67,67301,2014,10,5,1110,11,1,1,0,5,1,8,8,Y,1,2,0,3,0,1,1,2,N,N,39 56:27.112,75 12:45.004,1125,99,1109,9,1,2,N, ,3,N,U,U,U,U,446035,U,U,U,2,0,0,0,0,0,1,0,0,0,0,0,1,1,0,0,0,0,0,0,0,0,0,0,0,0,0,0,0,0,0,0,0,0,0,8,0,39.9408,-75.2125, , 
 ,40243,2014088827,6,67,67301,2014,8,5,9999,99,1,1,0,1,1, , ,N,3,2,0,3,0,2,3,2,N,N,40 03:55.190,75 05:00.711,1515, ,1500, ,0, ,N, ,3, , , , , ,446067, , , ,2,2,0,0,0,0,0,0,0,0,0,2,2,0,0,0,0,0,0,0,1,0,0,0,0,0,0,0,0,0,0,0,0,0,0,4,0,40.0653,-75.0835, , 
 ,40244,2014113285,6,67,67301,2014,10,1,2200,22,3,1,0,5,6, , ,N,0,0,0,3,0,0,1,2,N,N,39 55:52.975,75 13:44.097,2320, ,2320, ,0, ,N, ,0, , , , , ,446087, , , ,2,0,0,0,1,0,0,1,0,0,0,0,0,0,1,0,0,0,0,0,0,0,0,0,0,0,0,0,0,0,0,0,0,0,0,9,0,39.9314,-75.2289, , 
 ,40245,2014115582,6,67,67301,2014,10,1,1540,15,1,1,0,4,1, , ,N,1,2,0,3,0,1,2,2,N,N,39 59:43.634,75 08:29.417,1553, ,1551, ,0, ,N, ,3, , , , , ,446088, , , ,1,0,0,0,0,0,1,0,1,1,0,0,1,0,1,0,0,0,0,0,0,0,0,0,0,0,0,0,0,0,0,1,0,0,0,2,0,39.9955,-75.1415, , 
 ,40246,2014059095,6,67,67301,2014,5,7,1750,17,1,1,0,8,1, , ,N,0,0,0,3,0,1,2,2,N,N,39 58:31.656,75 11:29.822,1800, ,1755, ,0, ,N, ,0, , , , , ,446090, , , ,1,0,0,0,0,0,0,1,0,0,0,1,1,0,0,0,0,0,0,0,0,0,0,0,0,0,0,0,0,0,0,0,1,0,0,4,0,39.9755,-75.1916, , 
 ,40247,2014059335,6,67,67301,2014,5,1,2240,22,3,1,0,1,1, , ,N,1,2,2,3,0,0,3,2,N,N,39 57:25.881,75 08:31.297,2256, ,2248, ,0, ,N, ,3, , , , , ,446091, , , ,2,1,0,0,0,0,1,0,0,0,0,0,0,0,0,0,0,0,0,0,0,0,0,2,0,0,0,0,0,0,0,0,0,0,0,0,0,39.9567,-75.1423, , 
 ,40248,2014061104,6,67,67301,2014,5,7,552,5,5,1,0,7,2, , ,N,0,0,0,3,0,2,2,1,N, ,39 56:29.676,75 14:17.011,554, ,553,1,1,2, , ,0,N, , , , ,446095, , , ,1,1,0,0,0,0,0,0,0,0,0,2,2,0,0,0,0,0,0,0,0,0,0,0,0,0,0,0,0,0,0,0,0,0,0,4,0,39.9416,-75.2381, , 
 ,40249,2014089336,6,67,67301,2014,8,1,30,0,3,1,0,7,4, , ,N,0,0,0,3,0,0,1,1,N,N,39 55:15.891,75 11:40.218,34, ,31, ,0, , , ,0, , , , , ,446098, , , ,1,1,0,0,0,0,0,0,0,0,0,0,0,0,0,0,0,0,0,0,0,0,0,0,0,0,0,0,0,0,0,0,0,0,0,0,0,39.9211,-75.1945, , 
 ,40250,2014093503,6,67,67301,2014,9,3,950,9,1,1,0,4,1, , ,N,5,2,0,3,0,0,4,2,N, ,40 00:13.178,75 10:08.095,1000, ,955, ,0, , , ,3, , , , , ,446105, , , ,2,1,0,0,0,0,1,0,0,0,0,0,0,0,0,0,0,0,0,0,1,0,0,0,0,0,0,0,0,0,0,0,0,0,0,0,0,40.0037,-75.1689, , 
 ,40251,2014115575,6,67,67301,2014,10,6,1530,15,1,1,0,4,1, , ,N,1,2,0,3,0,2,3,2,N,N,39 57:29.693,75 10:01.822,1535, ,1530,2,2,7,N, ,3,Y, , , , ,446126, , , ,2,1,0,0,0,0,1,0,0,0,2,0,2,0,0,0,0,0,0,0,0,0,0,0,0,0,0,0,0,0,0,0,0,0,0,3,0,39.9583,-75.1673, , 
 ,40252,2014081132,6,67,67301,2014,8,3,907,9,1,1,0,1,1, , ,N,0,0,0,3,0,0,2,2,N,N,40 02:33.934,75 00:12.719,1007, ,950,2,1,2,N, ,0,N, , , , ,446140, , , ,2,2,0,0,0,0,0,0,0,0,0,0,0,0,0,0,0,0,0,0,0,0,0,0,0,0,0,0,0,0,0,0,0,0,0,0,0,40.0428,-75.0035, , 
 ,40253,2014078829,6,67,67301,2014,6,5,1300,13,1,1,0,4,1, , ,N,1,2,0,3,0,1,3,2,N, ,39 56:03.010,75 10:02.990,1310, ,1307, ,0, , , ,3, , , , , ,446155, , , ,2,2,0,0,0,0,0,0,0,0,0,1,1,0,0,0,0,0,0,0,0,0,0,0,0,0,0,0,0,0,0,0,0,0,0,4,0,39.9342,-75.1675, , 
 ,40254,2014084179,6,67,67301,2014,6,4,1200,12,1,1,0,4,1, , ,N,1,2,0,3,0,2,9,2,N,N,39 58:02.632,75 10:43.087,1210, ,1206, ,0, ,N, ,3, , , , , ,446161, , , ,2,2,0,0,0,0,0,0,0,0,0,1,2,1,0,0,0,0,0,0,0,0,1,1,0,0,0,0,0,0,0,0,0,0,0,4,0,39.9674,-75.1786, , 
 ,40255,2014087747,6,67,67301,2014,7,5,1755,17,1,1,0,1,1, , ,N,0,0,0,3,0,2,3,3,N,N,39 55:11.268,75 14:48.348,1812, ,1807, ,0, ,N, ,0, , , , , ,446167, , , ,3,1,0,0,0,0,2,0,0,0,0,0,2,2,0,0,0,0,0,0,0,0,1,0,0,0,0,0,0,0,0,0,0,0,0,8,0,39.9198,-75.2468, , 
 ,40256,2014091793,6,67,67301,2014,9,6,300,3,3,1,0,8,1, , ,N,0,0,0,3,0,1,2,2,N,N,40 02:30.473,75 04:39.270,456, ,454, ,0, ,N, ,0, , , , , ,449533, , , ,1,0,0,0,0,0,1,0,0,0,0,1,1,0,0,0,0,0,0,0,0,0,0,0,0,0,0,0,0,0,0,0,1,0,0,4,0,40.0418,-75.0776, , 
 ,40257,2014065492,6,67,67301,2014,5,5,9999,99,1,1,0,5,1, , ,N,0,0,0,3,0,0,2,2,N,N,39 59:07.359,75 06:00.123,925, ,916, ,0, ,N, ,0, , , , , ,449569, , , ,2,0,0,0,0,1,1,0,0,0,0,0,0,0,0,0,0,0,0,0,0,0,0,0,0,0,0,0,0,0,0,0,0,0,0,0,1,39.9854,-75.1, , 
 ,40258,2014025400,6,67,67301,2014,2,2,630,6,1,4,4,8,1, , ,N,1,2,0,3,0,1,2,2,N,N,40 00:16.549,75 10:36.938,830, ,630, ,0, ,N, ,3, , , , , ,449572, , , ,1,1,0,0,0,0,0,0,0,0,1,0,1,0,0,0,0,0,0,0,0,0,0,0,0,0,0,0,0,0,0,0,1,0,0,3,0,40.0047,-75.1769, , 
 ,40259,2014031409,6,67,67301,2014,3,7,1540,15,1,1,0,1,1, , ,N,0,0,0,3,0,2,3,2,N,N,39 58:11.188,75 07:34.834,1556, ,1545,1,2,2,N, ,0,N, , , , ,449575, , , ,2,2,0,0,0,0,0,0,0,0,0,0,2,2,0,0,0,0,0,0,1,0,0,0,0,0,0,0,0,0,0,0,0,0,0,8,0,39.9698,-75.1263, , 
 ,40260,2014049839,6,67,67301,2014,4,6,440,4,3,1,0,4,1, , ,N,1,2,0,3,0,1,3,2,N,N,40 01:43.697,75 05:23.235,455, ,451,1,1,1,N, ,3,Y, , , , ,449586, , , ,2,1,0,0,0,0,0,1,0,0,0,1,1,0,0,0,0,0,0,0,0,0,0,1,0,0,0,0,0,0,0,0,0,0,0,4,0,40.0288,-75.0898, , 
 ,40261,2014070201,6,67,67301,2014,7,3,1744,17,1,1,0,5,1, , ,N,0,0,0,3,0,4,5,2,N,N,39 53:00.216,75 14:40.362,1808, ,1751,3,2,1,Y, ,0,Y, , , , ,449600, , , ,2,0,0,0,0,0,2,0,0,1,1,2,4,0,0,0,0,0,0,0,0,0,0,2,0,1,0,0,0,0,0,0,0,0,0,2,0,39.8834,-75.2445, , 
 ,40262,2014074720,6,67,67301,2014,7,3,1538,15,1,1,0,1,1, , ,N,0,0,0,3,0,1,3,3,N,N,39 53:29.581,75 14:13.960,1555, ,1538,2,2,1,N, ,0,Y, , , , ,449630, , , ,3,2,0,0,0,0,1,0,0,0,0,1,1,0,0,0,0,0,0,0,0,1,0,0,0,0,0,0,0,0,0,0,0,0,0,4,0,39.8916,-75.2372, , 
 ,40263,2014098658,6,67,67301,2014,9,6,1840,18,1,1,0,4,1, , ,N,1,2,0,3,0,1,3,2,N,N,39 58:52.935,75 08:33.241,1846, ,1846, ,0, , , ,3, , , , , ,449644, , , ,2,1,0,0,0,0,0,1,0,0,0,1,1,0,0,0,0,0,0,0,1,0,0,0,0,0,0,0,0,0,0,0,0,0,0,4,0,39.9814,-75.1426, , 
 ,40264,2014101388,6,67,67301,2014,9,5,1140,11,1,2,1,4,1, , ,N,2,2,0,3,0,0,6,3,N, ,39 54:23.410,75 14:06.655,1145, ,1140, ,0, , , ,3, , , , , ,449646, , , ,3,0,0,0,0,1,2,0,0,0,0,0,0,0,0,0,0,0,0,0,0,0,1,0,0,0,0,0,0,0,0,0,0,0,0,0,1,39.9065,-75.2352, , 