wz_ln_closure,objectid_1,crn,district,county,municipality,crash_year,crash_month,day_of_week,time_of_day,hour_of_day,illumination,weather,road_condition,collision_type,relation_to_road,work_zone_type,work_zone_loc,work_zone_ind,intersect_type,tcd_type,location_type,urban_rural,fatal_count,injury_count,person_count,total_units,sch_bus_ind,sch_zone_ind,latitude,longitude,arrival_tm,cons_zone_spd_lim,dispatch_tm,est_hrs_closed,lane_closed,ln_close_dir,ntfy_hiwy_maint,spec_juris_cd,tcd_func_cd,tfc_detour_ind,workers_pres,wz_close_detour,wz_flagger,wz_law_offcr_ind,objectid,wz_moving,wz_other,wz_shlder_mdn,vehicle_count,automobile_count,motorcycle_count,bus_count,small_truck_count,heavy_truck_count,suv_count,van_count,bicycle_count,maj_inj_count,mod_inj_count,min_inj_count,tot_inj_count,unk_inj_deg_count,unk_inj_per_count,driver_count_16yr,driver_count_17yr,driver_count_18yr,driver_count_19yr,driver_count_20yr,driver_count_50_64yr,driver_count_65_74yr,driver_count_75plus,unbelted_occ_count,unb_death_count,unb_maj_inj_count,belted_death_count,belted_maj_inj_count,mcycle_death_count,mcycle_maj_inj_count,bicycle_death_count,bicycle_maj_inj_count,ped_count,ped_death_count,ped_maj_inj_count,max_severity_level,comm_veh_count,dec_lat,dec_long,rdwy_surf_type_cd,county_name
 ,40398,2014059324,6,67,67301,2014,5,2,919,9,1,1,0,5,1, , ,N,1,2,0,3,0,0,2,2,N,N,40 02:04.567,75 04:16.161,922, ,919,9,1,1,N, ,3,N, , , , ,446534, , , ,2,0,0,0,0,0,1,1,0,0,0,0,0,0,0,0,0,0,0,0,0,0,0,0,0,0,0,0,0,0,0,0,0,0,0,0,0,40.0346,-75.0712, , 
 ,40399,2014083076,6,67,67301,2014,6,5,2051,20,3,1,0,4,1, , ,N,2,3,0,3,0,1,2,2,N,N,39 57:21.348,75 14:12.206,2053, ,2051, ,0, , , ,3, , , , , ,446555, , , ,1,0,0,0,0,0,0,1,1,0,0,1,1,0,0,0,0,0,0,0,0,0,0,1,0,0,0,0,0,0,0,0,0,0,0,4,0,39.9559,-75.2367, , 
 ,40400,2014084470,6,67,67301,2014,5,3,945,9,1,1,0,8,1, , ,N,0,0,0,3,0,1,3,2,N,N,40 00:13.930,75 10:51.397,954, ,953, ,0, , , ,0, , , , , ,446556, , , ,1,1,0,0,0,0,0,0,0,1,0,0,1,0,0,0,0,0,0,0,0,0,0,0,0,0,0,0,0,0,0,0,1,0,1,2,0,40.0039,-75.1809, , 
 ,40401,2014095911,6,67,67301,2014,9,6,1510,15,1,1,0,4,1, , ,N,2,0,0,3,0,1,3,2,N,N,39 55:31.256,75 09:06.371,1515, ,1515, ,0, ,N, ,0, , , , , ,446565, , , ,1,1,0,0,0,0,0,0,1,0,0,1,1,0,0,0,0,0,0,0,0,1,0,0,0,0,0,0,0,0,0,0,0,0,0,4,0,39.9253,-75.1518, , 
 ,40402,2014025498,6,67,67301,2014,1,6,1417,14,1,1,0,8,1, , ,N,1,2,0,3,0,1,2,2,N,N,40 03:15.666,75 11:38.176,1417, ,1417, ,0, , , ,3, , , , , ,446588, , , ,1,1,0,0,0,0,0,0,0,0,0,1,1,0,0,0,0,0,0,0,1,0,0,0,0,0,0,0,0,0,0,0,1,0,0,4,0,40.0544,-75.194, , 
 ,40403,2014027964,6,67,67301,2014,3,3,2244,22,3,1,0,7,4, , ,N,0,0,0,3,0,0,1,1,N,N,39 56:10.583,75 11:58.112,2252, ,2248,2,2,4,N, ,0,N, , , , ,446593, , , ,1,1,0,0,0,0,0,0,0,0,0,0,0,0,1,0,0,0,0,0,0,0,0,0,0,0,0,0,0,0,0,0,0,0,0,9,0,39.9363,-75.1995, , 
 ,40404,2014099214,6,67,67301,2014,9,6,1440,14,1,1,0,3,1, , ,N,1,2,0,3,0,1,3,2,N,N,39 59:12.447,75 10:50.908,1445, ,1444, ,0, , , ,3, , , , , ,449926, , , ,2,0,0,0,0,1,1,0,0,0,0,1,1,0,0,0,0,0,0,0,0,1,0,0,0,0,0,0,0,0,0,0,0,0,0,4,1,39.9868,-75.1808, , 
 ,40405,2014104475,6,67,67301,2014,10,7,934,9,1,1,0,5,1, , ,N,0,0,0,3,0,1,2,2,N,N,40 00:43.375,75 10:54.911,941, ,934,1,2,2,N, ,0,N, , , , ,449927, , , ,2,1,0,0,0,0,1,0,0,0,0,1,1,0,0,0,0,0,0,0,0,0,0,0,0,0,0,0,0,0,0,0,0,0,0,4,0,40.012,-75.1819, , 
 ,40406,2014059334,6,67,67301,2014,5,6,1945,19,1,2,1,4,1, , ,N,1,2,0,3,0,0,2,3,N,N,39 56:41.121,75 08:48.753,1955, ,1950,2,2,4,N, ,3,Y, , , , ,449952, , , ,3,2,0,0,0,0,1,0,0,0,0,0,0,0,0,0,0,0,0,0,0,0,0,0,0,0,0,0,0,0,0,0,0,0,0,0,0,39.9448,-75.1469, , 
 ,40407,2014068096,6,67,67301,2014,6,2,2330,23,3,1,8,8,1, , ,N,1,2,0,3,0,1,2,2,N, ,40 01:57.777,75 10:27.832,1700, ,1700, ,0, , , ,3, , , , , ,449966, , , ,1,1,0,0,0,0,0,0,0,0,0,0,1,1,1,0,0,0,0,0,0,0,0,0,0,0,0,0,0,0,0,0,1,0,0,8,0,40.0327,-75.1744, , 
 ,40408,2014089707,6,67,67301,2014,8,5,1625,16,1,1,0,4,1, , ,N,1,2,0,3,0,1,4,3,N,N,40 00:31.034,75 04:07.810,1654, ,1652,9,2,3,N, ,3,Y, , , , ,449986, , , ,3,2,0,0,0,0,1,0,0,0,0,0,1,1,0,0,0,0,0,0,1,0,0,0,0,0,0,0,0,0,0,0,0,0,0,8,0,40.0086,-75.0688, , 
 ,40409,2014049906,6,67,67301,2014,4,7,2109,21,3,1,0,4,1, , ,N,1,2,0,3,0,0,2,2,N, ,39 57:03.319,75 13:50.365,2208, ,2207, ,0, , , ,3, , , , , ,450004, , , ,2,2,0,0,0,0,0,0,0,0,0,0,0,0,0,0,0,1,1,0,0,0,0,0,0,0,0,0,0,0,0,0,0,0,0,0,0,39.9509,-75.2307, , 
 ,40410,2014016117,6,67,67301,2014,1,6,2125,21,3,4,1,5,1, , ,N,10,0,0,3,0,1,2,2,N,N,40 02:46.737,75 07:38.632,2145, ,2130, ,0, ,N, ,0, , , , , ,450009, , , ,2,2,0,0,0,0,0,0,0,0,0,0,1,1,0,0,0,0,0,0,0,0,0,0,0,0,0,0,0,0,0,0,0,0,0,8,0,40.0463,-75.1274, , 
 ,40411,2014016132,6,67,67301,2014,1,2,2145,21,3,1,0,8,1, , ,N,1,3,0,3,0,1,2,2,N, ,40 03:43.938,75 10:38.251,20, ,0, ,0, , , ,3, , , , , ,450010, , , ,1,0,0,0,0,0,0,0,0,0,0,1,1,0,0,0,0,0,0,0,0,0,0,0,0,0,0,0,0,0,0,0,1,0,0,4,0,40.0622,-75.1773, , 
 ,40412,2014032494,6,67,67301,2014,2,6,1816,18,3,1,1,1,6, , ,N,0,0,0,3,0,1,3,2,N,N,39 59:12.339,75 10:22.274,1817, ,1816, ,0, ,N, ,0, , , , , ,450063, , , ,2,2,0,0,0,0,0,0,0,0,0,1,1,0,1,0,0,0,0,0,0,0,0,0,0,0,0,0,0,0,0,0,0,0,0,4,0,39.9868,-75.1729, , 
 ,40413,2014068128,6,67,67301,2014,5,7,9999,99,1,1,0,8,1, , ,N,1,3,0,3,0,1,2,2,N,N,39 58:35.769,75 07:30.350,9999, ,9999, ,0, ,N, ,3, , , , , ,450096, , , ,1,1,0,0,0,0,0,0,0,0,0,1,1,0,0,0,0,0,0,0,1,0,0,0,0,0,0,0,0,0,0,0,1,0,0,4,0,39.9766,-75.1251, , 
 ,40414,2014036048,6,67,67301,2014,4,3,830,8,1,1,0,1,1, , ,N,0,0,3,3,0,1,2,2,N,N,39 55:21.493,75 11:25.674,854, ,840,1,1,4,N, ,0,N, , , , ,450119, , , ,2,1,0,0,0,1,0,0,0,0,1,0,1,0,0,0,0,0,0,0,1,0,0,0,0,0,0,0,0,0,0,0,0,0,0,3,1,39.9226,-75.1905, , 
 ,40415,2014054524,6,67,67301,2014,2,3,1240,12,1,1,0,8,1, , ,N,0,0,7,3,0,1,2,2,N, ,39 58:47.079,75 16:08.083,1250, ,1244, ,0, , , ,0, , , , , ,450136, , , ,1,1,0,0,0,0,0,0,0,0,0,0,1,1,0,0,0,0,0,0,0,0,0,0,0,0,0,0,0,0,0,0,1,0,0,8,0,39.9797,-75.2689, , 
 ,40416,2014067992,6,67,67301,2014,5,7,2200,22,3,1,0,4,1, , ,N,2,2,0,3,0,1,7,2,N,N,39 55:19.017,75 11:19.719,2216, ,2203, ,0, ,N, ,3, , , , , ,450147, , , ,2,1,0,0,1,0,0,0,0,0,0,1,1,0,1,0,0,0,0,0,0,0,0,5,0,0,0,0,0,0,0,0,0,0,0,4,0,39.9219,-75.1888, , 
 ,40417,2014068079,6,67,67301,2014,6,2,1818,18,1,1,0,4,1, , ,N,1,3,0,3,0,1,2,2,N,N,39 59:31.657,75 10:58.619,1828, ,1824,1,2,1,N, ,3,Y, , , , ,450148, , , ,2,1,0,0,0,0,0,1,0,0,0,0,1,1,0,0,0,0,0,0,0,0,1,0,0,0,0,0,0,0,0,0,0,0,0,8,0,39.9921,-75.1829, , 
 ,40418,2014034139,6,67,67301,2014,3,7,410,4,3,1,0,7,4, , ,N,0,0,0,3,0,1,1,1,N,N,39 55:18.779,75 14:22.913,419, ,418,2,2,6,N, ,0,Y, , , , ,450167, , , ,1,0,0,0,1,0,0,0,0,0,0,1,1,0,0,0,0,0,0,0,1,0,0,0,0,0,0,0,0,0,0,0,0,0,0,4,0,39.9219,-75.2397, , 
 ,40419,2014044711,6,67,67301,2014,4,2,1440,14,1,1,0,1,1, , ,N,0,0,2,3,0,1,2,2,N,N,40 00:06.945,75 05:06.214,1455, ,1442,1,1,3,N, ,0,N, , , , ,450179, , , ,2,1,0,0,0,0,0,1,0,0,0,1,1,0,0,0,0,0,0,0,1,0,0,0,0,0,0,0,0,0,0,0,0,0,0,4,0,40.0019,-75.0851, , 
 ,40420,2014056995,6,67,67301,2014,4,3,250,2,3,2,0,7,4, , ,N,0,0,0,3,0,1,1,1,N, ,40 01:34.720,75 05:50.646,304, ,301,1,1,1, , ,0,N, , , , ,450193, , , ,1,1,0,0,0,0,0,0,0,0,0,1,1,0,0,0,0,0,0,0,0,0,0,0,0,0,0,0,0,0,0,0,0,0,0,4,0,40.0263,-75.0974, , 
 ,40421,2014096847,6,67,67301,2014,9,7,1830,18,1,1,1,1,1, , ,N,1,2,0,3,0,1,6,2,N,N,39 57:40.557,75 14:05.578,1835, ,1830, ,0, ,N, ,3, , , , , ,450224, , , ,2,2,0,0,0,0,0,0,0,0,0,1,1,0,0,0,0,0,0,0,0,0,0,0,0,0,0,0,0,0,0,0,0,0,0,4,0,39.9612,-75.2349, , 
 ,40422,2014099183,6,67,67301,2014,9,7,1545,15,1,1,0,7,4, , ,N,0,0,0,3,0,1,1,2,N,N,39 53:47.038,75 14:16.068,1549, ,1549,1,1,2,N, ,0,N, , , , ,453823, , , ,1,1,0,0,0,0,0,0,0,0,0,0,1,1,0,0,0,0,0,1,0,0,0,0,0,0,0,0,0,0,0,0,0,0,0,8,0,39.8964,-75.2378, , 
 ,40423,2014063974,6,46,46108,2014,6,6,804,8,1,1,0,4,1, , ,N,1,2,0,3,0,1,3,3,N,N,40 05:09.951,75 12:42.717,807, ,804,1,1,1,Y, ,3,Y, , , , ,453847, , , ,3,2,0,0,0,0,1,0,0,0,0,1,1,0,1,0,0,0,0,0,0,0,0,0,0,0,0,0,0,0,0,0,0,0,0,4,0,40.0861,-75.2119, , 
 ,40424,2014064841,6,67,67301,2014,6,2,1238,12,1,1,0,0,1, , ,N,0,0,0,3,0,1,3,3,N,N,39 56:08.798,75 11:58.836,1244, ,1238,2,1,4,N, ,0,N, , , , ,453849, , , ,3,2,1,0,0,0,0,0,0,0,0,0,1,1,0,0,0,0,0,0,0,0,0,0,0,0,0,0,0,0,0,0,0,0,0,8,0,39.9358,-75.1997, , 
 ,40425,2014065580,6,67,67301,2014,5,5,1930,19,3,2,1,4,1, , ,N,2,3,0,3,0,1,2,2,N,N,39 59:06.003,75 10:58.385,2115, ,2100, ,0, ,N, ,3, , , , , ,453851, , , ,2,2,0,0,0,0,0,0,0,0,0,1,1,0,0,0,0,0,0,0,1,0,0,0,0,0,0,0,0,0,0,0,0,0,0,4,0,39.985,-75.1829, , 
 ,40426,2014028150,6,67,67301,2014,3,3,1732,17,4,1,0,5,1, , ,N,0,0,0,3,0,0,6,4,N,N,39 59:30.183,75 05:09.107,1800, ,1739, ,0, ,N, ,0, , , , , ,453874, , , ,4,4,0,0,0,0,0,0,0,0,0,0,0,0,0,0,0,0,0,0,2,1,0,0,0,0,0,0,0,0,0,0,0,0,0,0,0,39.9917,-75.0859, , 
 ,40427,2014038893,6,67,67301,2014,3,4,1,0,3,1,0,4,1, , ,N,0,0,7,3,0,1,2,3,N,N,40 00:15.179,75 10:23.603,15, ,9, ,0, , , ,0, , , , , ,453883, , , ,3,3,0,0,0,0,0,0,0,0,1,0,1,0,0,0,0,0,0,0,0,0,0,0,0,0,0,0,0,0,0,0,0,0,0,3,0,40.0042,-75.1732, , 
 ,40428,2014043070,6,67,67301,2014,3,4,805,8,1,4,1,8,1, , ,N,1,2,0,3,0,1,2,2,N,N,40 04:17.202,75 10:08.443,814, ,812, ,0, , , ,3, , , , , ,453887, , , ,1,0,0,0,0,0,1,0,0,0,0,1,1,0,0,0,0,0,0,0,0,0,0,0,0,0,0,0,0,0,0,0,1,0,0,4,0,40.0714,-75.169, , 
 ,40429,2014088322,6,67,67301,2014,7,5,1005,10,1,1,0,4,1, , ,N,0,3,7,3,0,0,5,3,N,N,40 04:10.052,75 05:10.525,1027, ,1021,2,1,1,N, ,3,N, , , , ,453911, , , ,3,2,0,0,0,1,0,0,0,0,0,0,0,0,0,0,0,0,0,0,1,1,1,0,0,0,0,0,0,0,0,0,0,0,0,0,1,40.0695,-75.0863, , 
 ,40430,2014088695,6,67,67301,2014,8,1,1825,18,4,2,1,7,4, , ,N,0,0,0,3,0,1,1,1,N,N,40 01:43.020,75 11:25.817,1835, ,1830,1,2,2,N, ,0,Y, , , , ,453912, , , ,1,0,0,0,0,0,1,0,0,0,0,1,1,0,0,0,0,0,0,0,1,0,0,0,0,0,0,0,0,0,0,0,0,0,0,4,0,40.0286,-75.1905, , 
 ,40431,2014103489,6,67,67301,2014,9,7,1351,13,1,1,0,1,1, , ,N,1,2,7,3,0,1,5,3,N,N,40 00:09.032,75 13:25.019,1354, ,1351, ,0, ,N, ,3, , , , , ,453925, , , ,3,3,0,0,0,0,0,0,0,0,0,1,1,0,0,0,0,0,1,0,1,0,0,0,0,0,0,0,0,0,0,0,0,0,0,4,0,40.0025,-75.2236, , 
 ,40432,2014115583,6,67,67301,2014,11,4,2130,21,3,1,0,8,1, , ,N,1,2,0,3,0,1,2,2,N,N,40 00:09.954,75 08:16.245,2133, ,2130, ,0, ,N, ,3, , , , , ,453936, , , ,1,1,0,0,0,0,0,0,0,0,1,0,1,0,0,0,0,0,0,0,0,0,0,0,0,0,0,0,0,0,0,0,1,0,0,3,0,40.0028,-75.1378, , 
 ,40433,2014119570,6,67,67301,2014,11,7,858,8,1,1,0,9,1, , ,N,0,0,0,3,0,0,2,1,N,N,39 59:44.382,75 11:50.477,900, ,858, ,0, ,N, ,0, , , , , ,453943, , , ,1,1,0,0,0,0,0,0,0,0,0,0,0,0,0,0,0,0,0,0,0,1,0,0,0,0,0,0,0,0,0,0,0,0,0,0,0,39.9957,-75.1974, , 
 ,40434,2014084389,6,67,67301,2014,7,4,446,4,3,1,0,7,4, , ,N,0,0,0,3,0,1,1,1,N, ,40 02:42.925,75 03:14.366,451, ,446,9,1,2, , ,0,N, , , , ,453963, , , ,1,1,0,0,0,0,0,0,0,0,0,1,1,0,0,0,0,0,0,0,0,0,0,0,0,0,0,0,0,0,0,0,0,0,0,4,0,40.0453,-75.054, , 
 ,40435,2014089073,6,67,67301,2014,6,5,1000,10,1,1,0,4,1, , ,N,2,3,0,3,0,1,2,2,N,N,40 00:16.479,75 13:09.122,1025, ,1000, ,0, ,N, ,3, , , , , ,453967, , , ,2,0,0,0,1,0,1,0,0,0,0,1,1,0,1,0,0,0,0,0,0,0,0,0,0,0,0,0,0,0,0,0,0,0,0,4,0,40.0046,-75.2192, , 
 ,40436,2014091280,6,67,67301,2014,9,4,215,2,3,1,0,2,6, , ,N,0,0,0,3,0,1,1,2,N,N,40 04:17.202,74 59:23.787,220, ,217,3,2,2,N, ,0,N, , , , ,453969, , , ,2,2,0,0,0,0,0,0,0,0,0,1,1,0,0,0,0,0,0,0,0,0,0,1,0,0,0,0,0,0,0,0,0,0,0,4,0,40.0714,-74.9899, , 
 ,40437,2014099269,6,67,67301,2014,9,5,948,9,1,2,1,4,1, , ,N,1,3,0,3,0,0,4,2,N,N,40 00:03.344,75 09:59.158,1017, ,1017, ,0, ,N, ,3, , , , , ,453978, , , ,2,1,0,0,1,0,0,0,0,0,0,0,0,0,0,0,0,0,0,0,0,1,0,0,0,0,0,0,0,0,0,0,0,0,0,0,0,40.0009,-75.1664, , 
 ,40438,2014105784,6,67,67301,2014,10,1,2327,23,3,1,0,5,1, , ,N,1,2,0,3,0,0,2,2,N,N,40 00:31.061,75 12:38.922,2330, ,2327, ,0, ,N, ,3, , , , , ,453984, , , ,2,0,0,0,0,0,1,0,0,0,0,0,0,0,1,0,0,0,0,0,0,1,0,0,0,0,0,0,0,0,0,0,0,0,0,9,0,40.0085,-75.2107, , 
 ,40439,2014032465,6,67,67301,2014,2,4,1730,17,1,1,1,4,1, , ,N,2,2,0,3,0,8,8,2,N,N,39 55:11.208,75 11:17.768,1736, ,1731, ,0, ,N, ,3, , , , , ,454014, , , ,2,1,0,0,1,0,0,0,0,0,0,7,8,1,0,0,0,0,0,0,1,0,0,0,0,0,0,0,0,0,0,0,0,0,0,4,0,39.9198,-75.1883, , 
 ,40440,2014104571,6,67,67301,2014,10,1,1250,12,1,1,0,4,1, , ,N,0,0,0,3,0,0,2,2,N, ,40 05:00.160,75 02:29.425,1255, ,1251, ,0, , , ,0, , , , , ,443562, , , ,2,1,0,0,0,0,1,0,0,0,0,0,0,0,0,0,0,0,0,0,0,0,0,0,0,0,0,0,0,0,0,0,0,0,0,0,0,40.0834,-75.0415, , 
 ,40441,2014125658,6,67,67301,2014,12,4,600,6,3,1,0,1,1, , ,N,0,0,0,3,0,2,6,6,N,N,39 58:08.176,75 07:40.437,603, ,600,2,1,2,N, ,0,N, , , , ,443576, , , ,6,1,0,0,0,0,3,2,0,0,0,0,2,2,1,0,0,0,0,0,3,0,0,0,0,0,0,0,0,0,0,0,0,0,0,8,0,39.9689,-75.1279, , 
 ,40442,2014127463,6,67,67301,2014,12,7,910,9,1,2,1,7,4, , ,N,2,3,0,3,0,1,3,1,N,N,40 01:29.582,75 05:29.181,930, ,915,2,1,2,N, ,3,Y, , , , ,443577, , , ,1,0,0,0,0,0,0,1,0,0,0,1,1,0,0,0,0,0,0,0,0,0,0,0,0,0,0,0,0,0,0,0,0,0,0,4,0,40.0249,-75.0914, , 
 ,40443,2014130380,6,67,67301,2014,12,3,1833,18,3,2,1,8,1, , ,N,1,2,0,3,0,1,2,2,N, ,39 57:25.376,75 14:45.124,1840, ,1835, ,0, , , ,3, , , , , ,443583, , , ,1,1,0,0,0,0,0,0,0,0,0,1,1,0,0,0,0,0,0,0,1,0,0,0,0,0,0,0,0,0,0,0,1,0,0,4,0,39.957,-75.2459, , 
 ,40444,2014074513,6,67,67301,2014,6,2,733,7,1,1,0,1,1, , ,N,1,2,0,3,0,3,4,2,N, ,40 00:11.788,75 09:57.272,751, ,751, ,0, , , ,3, , , , , ,443587, , , ,2,1,0,0,1,0,0,0,0,0,0,3,3,0,0,0,0,0,0,0,0,0,0,0,0,0,0,0,0,0,0,0,0,0,0,4,0,40.0033,-75.1659, , 
 ,40445,2014068166,6,67,67301,2014,6,6,2249,22,3,1,0,6,6, , ,N,0,0,0,3,0,1,2,3,N,N,40 01:05.998,75 03:56.725,1225, ,1219, ,0, , , ,0, , , , , ,443601, , , ,3,3,0,0,0,0,0,0,0,0,0,0,1,1,0,0,0,0,0,0,0,0,0,2,0,0,0,0,0,0,0,0,0,0,0,8,0,40.0183,-75.0658, , 
 ,40446,2014081444,6,67,67301,2014,6,5,1611,16,1,2,1,1,1, , ,N,0,0,0,3,0,0,2,2,N,N,39 58:30.590,75 11:29.494,1622, ,1614,1,1,1,N, ,0,N, , , , ,443615, , , ,2,2,0,0,0,0,0,0,0,0,0,0,0,0,0,0,0,0,0,0,0,0,0,0,0,0,0,0,0,0,0,0,0,0,0,0,0,39.9752,-75.1915, , 
 ,40447,2014084253,6,67,67301,2014,7,6,820,8,1,1,0,1,1, , ,N,1,2,0,3,0,1,2,2,Y, ,39 56:45.089,75 14:25.018,829, ,826,1,1,4, , ,3,N, , , , ,443618, , , ,2,0,0,1,1,0,0,0,0,0,0,0,1,1,0,0,0,0,0,0,1,0,0,0,0,0,0,0,0,0,0,0,0,0,0,8,1,39.9459,-75.2403, , 
 ,40448,2014084369,6,67,67301,2014,7,7,1737,17,4,1,0,2,1, , ,N,0,0,0,3,0,1,2,2,N,N,40 01:53.280,75 02:39.200,28, ,24, ,0, ,N, ,0, , , , , ,443619, , , ,1,1,0,0,0,0,0,0,1,0,0,1,1,0,1,0,0,0,0,0,0,0,0,0,0,0,0,0,0,0,0,0,0,0,0,4,0,40.0315,-75.0442, , 
 ,40449,2014087902,6,67,67301,2014,8,6,1310,13,1,1,0,5,1, , ,N,2,2,0,3,0,0,3,3,N, ,39 53:40.400,75 13:46.386,1322, ,1312, ,0, , , ,3, , , , , ,443623, , , ,3,1,0,0,0,0,2,0,0,0,0,0,0,0,0,0,0,0,0,0,0,0,0,0,0,0,0,0,0,0,0,0,0,0,0,0,0,39.8946,-75.2296, , 
 ,40450,2014088300,6,67,67301,2014,8,5,1723,17,1,1,0,5,1, , ,N,0,0,0,3,0,1,2,2,N, ,40 00:17.625,75 08:14.899,1730, ,1726, ,0, , , ,0, , , , , ,443624, , , ,1,0,0,0,0,0,1,0,1,0,0,0,1,1,0,0,0,0,0,0,0,0,0,0,0,0,0,0,0,0,0,0,0,0,0,8,0,40.0049,-75.1375, , 
 ,40451,2014096789,6,67,67301,2014,9,7,1453,14,1,2,1,1,1, , ,N,0,0,0,3,0,0,5,3,N,N,39 54:06.736,75 14:22.590,1453, ,1543,2,1,2,N, ,0,N, , , , ,443626, , , ,3,1,0,0,0,1,1,0,0,0,0,0,0,0,3,0,0,0,0,0,0,0,0,0,0,0,0,0,0,0,0,0,0,0,0,9,1,39.9019,-75.2396, , 
 ,40452,2014103196,6,67,67301,2014,9,3,634,6,1,1,0,1,1, , ,N,0,0,0,3,0,0,3,3,N,N,40 00:59.472,75 03:03.527,647, ,647,2,2,1,N, ,0,Y, , , , ,443631, , , ,3,2,0,0,1,0,0,0,0,0,0,0,0,0,0,0,0,0,0,0,0,0,0,0,0,0,0,0,0,0,0,0,0,0,0,0,0,40.0165,-75.051, , 
 ,40453,2014104439,6,67,67301,2014,10,2,1135,11,1,1,0,4,1, , ,N,1,2,0,3,0,0,3,2,N, ,40 01:50.524,75 03:42.293,1135, ,1135,1,1,4, , ,3,N, , , , ,443632, , , ,2,1,0,0,0,0,0,1,0,0,0,0,0,0,0,0,0,0,0,0,0,0,1,0,0,0,0,0,0,0,0,0,0,0,0,0,0,40.0307,-75.0617, , 
 ,40454,2014074474,6,67,67301,2014,6,6,2242,22,3,1,0,4,1, , ,N,0,2,7,3,0,1,4,2,N,N,40 05:05.437,74 57:55.135,2249, ,2245, ,0, ,N, ,3, , , , , ,443636, , , ,2,1,0,0,0,0,1,0,0,0,1,0,1,0,1,0,1,0,0,0,1,0,0,0,0,0,0,0,0,0,0,0,0,0,0,3,0,40.0848,-74.9653, , 
 ,40455,2014078922,6,67,67301,2014,6,3,1654,16,1,1,0,5,1, , ,N,0,0,0,3,0,1,3,2,N,N,39 57:14.178,75 11:18.955,1700, ,1657,1,1,3,N, ,0,Y, , , , ,443655, , , ,1,1,0,0,0,0,0,0,1,0,0,1,1,0,0,0,0,1,0,0,0,0,0,0,0,0,0,0,0,0,0,0,0,0,0,4,0,39.9539,-75.1886, , 
 ,40456,2014088805,6,67,67301,2014,8,1,205,2,3,1,0,4,1, , ,N,1,2,0,3,0,0,4,2,N,N,39 59:34.547,75 13:03.608,217, ,215, ,0, , , ,3, , , , , ,443669, , , ,2,1,0,0,0,0,1,0,0,0,0,0,0,0,0,0,0,0,0,0,0,0,0,0,0,0,0,0,0,0,0,0,0,0,0,0,0,39.993,-75.2176, , 
 ,40457,2014095901,6,67,67301,2014,9,6,1854,18,1,1,0,4,1, , ,N,0,0,7,3,0,1,5,2,N,N,40 01:35.583,75 09:03.117,1900, ,1854, ,0, ,N, ,0, , , , , ,443674, , , ,2,2,0,0,0,0,0,0,0,0,0,1,1,0,1,0,0,0,0,0,0,0,0,0,0,0,0,0,0,0,0,0,0,0,0,4,0,40.0266,-75.1509, , 
 ,40458,2014030262,6,67,67301,2014,1,4,102,1,3,1,0,6,1, , ,N,2,0,0,3,0,2,2,2,N,N,39 55:38.879,75 14:36.471,102, ,102,3,2,6,N, ,0,Y, , , , ,446595, , , ,2,1,0,0,0,0,1,0,0,1,0,1,2,0,0,0,0,0,0,0,0,0,0,1,0,1,0,0,0,0,0,0,0,0,0,2,0,39.9275,-75.2435, , 
 ,40459,2014030273,6,67,67301,2014,2,2,1030,10,1,4,4,5,1, , ,N,1,2,0,3,0,0,3,3,N,N,39 58:26.116,75 12:23.386,1052, ,1045, ,0, ,N, ,3, , , , , ,446596, , , ,3,1,0,0,0,0,1,1,0,0,0,0,0,0,0,0,0,0,0,0,2,0,0,0,0,0,0,0,0,0,0,0,0,0,0,0,0,39.9738,-75.2064, , 
 ,40460,2014041258,6,67,67301,2014,4,5,1935,19,3,1,0,5,1, , ,N,0,0,0,3,0,1,6,2,N,N,39 57:25.869,75 09:24.100,1950, ,1935,2,1,4,N, ,0,N, , , , ,446607, , , ,2,1,0,0,0,0,1,0,0,0,0,1,1,0,0,0,0,0,0,0,1,0,0,1,0,0,0,0,0,0,0,0,0,0,0,4,0,39.9572,-75.1567, , 
 ,40461,2014054650,6,67,67301,2014,4,7,110,1,3,1,0,7,4, , ,N,0,0,0,3,0,0,1,1,N,N,40 01:41.726,75 11:25.983,120, ,114,2,1,2,N, ,0,Y, , , , ,446618, , , ,1,0,0,0,0,0,1,0,0,0,0,0,0,0,0,0,0,0,0,0,0,0,0,0,0,0,0,0,0,0,0,0,0,0,0,0,0,40.0283,-75.1906, , 
 ,40462,2014074501,6,67,67301,2014,6,7,1100,11,1,1,0,4,1, , ,N,1,2,0,3,0,1,2,2,N,N,40 01:58.442,75 06:24.270,1115, ,1111, ,0, ,N, ,3, , , , , ,446635, , , ,2,1,0,0,0,0,1,0,0,0,0,0,1,1,0,0,0,0,0,0,1,0,0,0,0,0,0,0,0,0,0,0,0,0,0,8,0,40.0329,-75.1067, , 
 ,40463,2014075979,6,67,67301,2014,6,1,9999,99,1,1,0,4,1, , ,N,1,3,0,3,0,1,2,2,N, ,40 01:02.074,75 08:23.121,1923, ,1920, ,0, , , ,3, , , , , ,446638, , , ,1,1,0,0,0,0,0,0,1,0,0,0,1,1,0,0,0,0,0,0,1,0,0,0,0,0,0,0,0,0,0,0,0,0,0,8,0,40.0172,-75.1398, , 