wz_ln_closure,objectid_1,crn,district,county,municipality,crash_year,crash_month,day_of_week,time_of_day,hour_of_day,illumination,weather,road_condition,collision_type,relation_to_road,work_zone_type,work_zone_loc,work_zone_ind,intersect_type,tcd_type,location_type,urban_rural,fatal_count,injury_count,person_count,total_units,sch_bus_ind,sch_zone_ind,latitude,longitude,arrival_tm,cons_zone_spd_lim,dispatch_tm,est_hrs_closed,lane_closed,ln_close_dir,ntfy_hiwy_maint,spec_juris_cd,tcd_func_cd,tfc_detour_ind,workers_pres,wz_close_detour,wz_flagger,wz_law_offcr_ind,objectid,wz_moving,wz_other,wz_shlder_mdn,vehicle_count,automobile_count,motorcycle_count,bus_count,small_truck_count,heavy_truck_count,suv_count,van_count,bicycle_count,maj_inj_count,mod_inj_count,min_inj_count,tot_inj_count,unk_inj_deg_count,unk_inj_per_count,driver_count_16yr,driver_count_17yr,driver_count_18yr,driver_count_19yr,driver_count_20yr,driver_count_50_64yr,driver_count_65_74yr,driver_count_75plus,unbelted_occ_count,unb_death_count,unb_maj_inj_count,belted_death_count,belted_maj_inj_count,mcycle_death_count,mcycle_maj_inj_count,bicycle_death_count,bicycle_maj_inj_count,ped_count,ped_death_count,ped_maj_inj_count,max_severity_level,comm_veh_count,dec_lat,dec_long,rdwy_surf_type_cd,county_name
 ,40464,2014081437,6,67,67301,2014,6,5,1920,19,1,1,0,8,1, , ,N,0,0,0,3,0,1,2,2,N,N,39 57:40.219,75 13:42.222,1928, ,1925, ,0, ,N, ,0, , , , , ,446642, , , ,1,1,0,0,0,0,0,0,0,1,0,0,1,0,0,0,0,0,0,0,0,0,0,0,0,0,0,0,0,0,0,0,1,0,1,2,0,39.9612,-75.2284, , 
 ,40465,2014088630,6,67,67301,2014,7,5,1420,14,1,1,0,4,1, , ,N,2,2,7,3,0,1,2,2,N,N,39 53:31.043,75 14:31.507,1537, ,1527, ,0, ,N, ,3, , , , , ,446652, , , ,2,1,0,0,0,0,1,0,0,0,0,1,1,0,0,0,0,0,0,1,1,0,0,0,0,0,0,0,0,0,0,0,0,0,0,4,0,39.8919,-75.2419, , 
 ,40466,2014095925,6,67,67301,2014,9,2,1040,10,1,1,0,5,6, , ,N,0,0,0,3,0,1,1,2,N, ,39 55:52.942,75 13:43.798,1110, ,1103, ,0, , , ,0, , , , , ,446661, , , ,2,2,0,0,0,0,0,0,0,0,0,0,1,1,0,0,0,0,0,0,1,0,0,0,0,0,0,0,0,0,0,0,0,0,0,8,0,39.9314,-75.2288, , 
 ,40467,2014084261,6,67,67301,2014,7,5,2136,21,3,1,0,4,1, , ,N,1,2,0,3,0,3,4,2,N,N,40 00:38.808,75 07:35.921,2252, ,2250, ,0, ,N, ,3, , , , , ,446685, , , ,2,1,0,0,0,0,0,1,0,0,0,3,3,0,0,0,0,0,0,0,0,0,0,0,0,0,0,0,0,0,0,0,0,0,0,4,0,40.0108,-75.1266, , 
 ,40468,2014084477,6,67,67301,2014,7,4,2021,20,3,2,1,7,4, , ,N,0,0,0,3,0,0,1,1,N,N,39 57:37.893,75 08:42.324,2023, ,2021, ,0, ,N, ,0, , , , , ,446686, , , ,1,0,0,0,0,0,1,0,0,0,0,0,0,0,0,0,0,0,0,0,0,0,0,0,0,0,0,0,0,0,0,0,0,0,0,0,0,39.9605,-75.1451, , 
 ,40469,2014099191,6,67,67301,2014,9,2,2155,21,3,1,0,8,1, , ,N,2,0,0,3,0,1,2,2,N,N,40 02:18.939,75 04:41.440,2210, ,2200, ,0, , , ,0, , , , , ,446722, , , ,1,1,0,0,0,0,0,0,0,0,0,1,1,0,0,0,0,0,0,0,1,0,0,1,0,0,0,0,0,0,0,0,1,0,0,4,0,40.0386,-75.0782, , 
 ,40470,2014039429,6,67,67301,2014,2,3,224,2,3,1,0,5,1, , ,N,0,0,0,3,0,0,2,2,N,N,39 57:48.859,75 11:02.345,228, ,225,1,2,4,N, ,0,Y, , , , ,446745, , , ,2,1,0,0,1,0,0,0,0,0,0,0,0,0,0,0,0,0,0,0,1,0,0,0,0,0,0,0,0,0,0,0,0,0,0,0,0,39.9636,-75.184, , 
 ,40471,2014042743,6,67,67301,2014,3,2,730,7,1,4,3,8,1, , ,N,2,0,0,3,0,1,2,2,N, ,40 00:33.716,75 09:07.519,800, ,751, ,0, , , ,0, , , , , ,446749, , , ,1,0,0,0,1,0,0,0,0,0,0,1,1,0,0,0,0,0,0,0,0,1,0,0,0,0,0,0,0,0,0,0,1,0,0,4,0,40.0094,-75.1521, , 
 ,40472,2014049568,6,67,67301,2014,4,7,1049,10,1,1,0,1,6, , ,N,0,0,0,3,0,1,3,2,N,N,39 56:02.637,75 11:27.718,1051, ,1051,2,2,1,N, ,0,Y, , , , ,446757, , , ,2,2,0,0,0,0,0,0,0,0,0,0,1,1,0,0,0,0,0,0,1,0,0,0,0,0,0,0,0,0,0,0,0,0,0,8,0,39.9341,-75.191, , 
 ,40473,2014054496,6,67,67301,2014,3,2,1440,14,1,1,1,4,1, , ,N,1,2,0,3,0,0,2,2,N,N,39 58:14.289,75 09:09.224,1633, ,1630, ,0, ,N, ,3, , , , , ,446761, , , ,2,1,0,0,0,0,1,0,0,0,0,0,0,0,0,0,0,0,0,0,0,1,0,0,0,0,0,0,0,0,0,0,0,0,0,0,0,39.9705,-75.1526, , 
 ,40474,2014052479,6,67,67301,2014,5,5,826,8,1,1,0,7,2, , ,N,0,0,0,3,0,1,1,1,N,N,39 57:28.928,75 09:50.044,923, ,842, ,0, ,N, ,0, , , , , ,446774, , , ,1,1,0,0,0,0,0,0,0,0,1,0,1,0,0,0,0,0,0,0,1,0,0,0,0,0,0,0,0,0,0,0,0,0,0,3,0,39.958,-75.1639, , 
 ,40475,2014059253,6,67,67301,2014,5,7,9999,99,1,1,0,5,6, , ,N,0,0,0,3,0,2,2,3,N,N,39 59:48.897,75 08:21.206,1250, ,1243, ,0, ,N, ,0, , , , , ,446779, , , ,3,2,0,0,0,0,1,0,0,0,0,0,2,2,0,0,0,0,0,0,0,0,0,0,0,0,0,0,0,0,0,0,0,0,0,8,0,39.9969,-75.1392, , 
 ,40476,2014049447,6,67,67301,2014,4,5,1856,18,1,1,0,4,1, , ,N,5,2,2,3,0,4,5,2,N,N,39 57:11.151,75 10:54.540,1900, ,1856,1,1,1,N, ,3,Y, , , , ,450286, , , ,2,1,0,0,0,0,1,0,0,0,0,4,4,0,0,0,0,0,0,0,0,0,0,0,0,0,0,0,0,0,0,0,0,0,0,4,0,39.9531,-75.1819, , 
 ,40477,2014065162,6,67,67301,2014,6,7,555,5,5,1,0,7,5, , ,N,0,0,3,3,0,1,1,1,N,N,39 53:36.480,75 11:45.776,607, ,606,1,1,1,N, ,0,N, , , , ,450299, , , ,1,1,0,0,0,0,0,0,0,0,0,1,1,0,0,0,0,0,0,0,0,0,0,0,0,0,0,0,0,0,0,0,0,0,0,4,0,39.8935,-75.196, , 
 ,40478,2014084180,6,67,67301,2014,7,5,1950,19,4,1,0,4,1, , ,N,2,2,7,3,0,1,2,2,N,N,39 54:13.685,75 10:25.724,2000, ,1952, ,0, ,N, ,3, , , , , ,450311, , , ,1,0,0,0,0,0,1,0,1,0,0,0,1,1,0,0,0,0,0,0,0,0,0,0,0,0,0,0,0,0,0,0,0,0,0,8,0,39.9038,-75.1738, , 
 ,40479,2014095972,6,67,67301,2014,9,3,1833,18,1,1,0,1,1, , ,N,0,0,0,3,0,0,1,3,N,N,39 55:46.132,75 08:47.733,1840, ,1835, ,0, ,N, ,0, , , , , ,450319, , , ,3,0,0,0,0,0,2,1,0,0,0,0,0,0,0,0,0,0,0,0,0,0,0,1,0,0,0,0,0,0,0,0,0,0,0,0,0,39.9295,-75.1466, , 
 ,40480,2014098739,6,67,67301,2014,9,2,1030,10,1,1,0,1,1, , ,N,0,0,0,3,0,1,2,2,N, ,40 01:12.183,75 06:51.870,9999, ,9999, ,0, , , ,0, , , , , ,450323, , , ,2,1,0,0,0,0,1,0,0,0,1,0,1,0,1,0,0,0,0,0,1,0,0,0,0,0,0,0,0,0,0,0,0,0,0,3,0,40.0201,-75.1144, , 
 ,40481,2014103199,6,67,67301,2014,10,4,833,8,1,1,0,5,1, , ,N,0,0,0,3,0,0,2,2,N,N,40 00:39.663,75 03:43.229,857, ,835, ,0, ,N, ,0, , , , , ,450331, , , ,2,2,0,0,0,0,0,0,0,0,0,0,0,0,1,0,0,0,0,0,0,0,0,0,0,0,0,0,0,0,0,0,0,0,0,9,0,40.011,-75.062, , 
 ,40482,2014087788,6,67,67301,2014,7,3,705,7,1,1,0,4,1, , ,N,1,2,0,3,0,1,2,2,N,N,39 56:35.977,75 08:49.865,1650, ,1645, ,0, ,N, ,3, , , , , ,450358, , , ,1,1,0,0,0,0,0,0,1,0,0,1,1,0,0,0,0,0,0,0,0,0,0,1,0,0,0,0,0,0,0,0,0,0,0,4,0,39.9433,-75.1472, , 
 ,40483,2014088054,6,67,67301,2014,8,1,1400,14,1,1,0,4,1, , ,N,0,0,7,3,0,2,3,2,N,N,40 06:02.437,75 01:26.184,1408, ,1402,1,1,3,N, ,0,N, , , , ,450359, , , ,2,1,0,0,0,0,0,1,0,0,0,2,2,0,0,0,0,0,0,0,0,0,1,0,0,0,0,0,0,0,0,0,0,0,0,4,0,40.1007,-75.0239, , 
 ,40484,2014093511,6,67,67301,2014,9,7,1735,17,1,1,0,4,1, , ,N,1,3,0,3,0,1,3,2,N, ,40 03:15.624,75 00:04.175,1749, ,1737, ,0, , , ,3, , , , , ,450363, , , ,2,1,0,0,0,0,1,0,0,0,0,1,1,0,0,0,0,0,0,1,0,1,0,0,0,0,0,0,0,0,0,0,0,0,0,4,0,40.0543,-75.0012, , 
 ,40485,2014095984,6,67,67301,2014,9,2,1050,10,1,1,1,1,1, , ,N,0,0,0,3,0,4,4,2,N,N,40 02:41.806,75 07:23.414,2012, ,2008, ,0, ,N, ,0, , , , , ,450369, , , ,2,2,0,0,0,0,0,0,0,0,0,4,4,0,0,0,0,0,0,0,0,0,0,0,0,0,0,0,0,0,0,0,0,0,0,4,0,40.0449,-75.1232, , 
 ,40486,2014106786,6,67,67301,2014,10,5,755,7,1,1,0,8,1, , ,N,1,3,0,3,0,1,2,2,N,N,40 03:27.270,75 09:02.091,800, ,756, ,0, ,N, ,3, , , , , ,450381, , , ,1,1,0,0,0,0,0,0,0,0,0,1,1,0,0,0,0,0,0,0,0,0,0,0,0,0,0,0,0,0,0,0,1,0,0,4,0,40.0576,-75.1506, , 
 ,40487,2014050253,6,67,67301,2014,4,6,1801,18,4,2,1,4,1, , ,N,1,3,0,3,0,1,3,2,N,N,40 03:32.738,75 04:30.305,1814, ,1810, ,0, , , ,3, , , , , ,450388, , , ,2,2,0,0,0,0,0,0,0,0,0,1,1,0,0,0,0,0,0,0,1,0,0,0,0,0,0,0,0,0,0,0,0,0,0,4,0,40.0591,-75.0751, , 
 ,40488,2014103216,6,67,67301,2014,10,7,2313,23,3,1,0,1,1, , ,N,0,0,0,3,0,1,4,2,N,N,39 56:54.586,75 11:08.538,2327, ,2314,1,1,4,Y, ,0,N, , , , ,450412, , , ,2,1,0,0,1,0,0,0,0,0,0,1,1,0,0,0,0,0,0,0,1,0,0,0,0,0,0,0,0,0,0,0,0,0,0,4,0,39.9485,-75.1857, , 
 ,40489,2014104424,6,67,67301,2014,10,7,1953,19,3,1,0,8,1, , ,N,1,2,0,3,0,1,2,2,N,N,39 57:19.425,75 09:21.185,2005, ,2000, ,0, ,N, ,1, , , , , ,450413, , , ,1,0,0,0,0,0,0,1,0,0,0,0,1,1,0,0,0,0,0,0,0,0,0,0,0,0,0,0,0,0,0,0,1,0,0,8,0,39.9554,-75.1559, , 
 ,40490,2014115444,6,67,67301,2014,7,3,1600,16,1,1,0,1,1, , ,N,0,0,0,3,0,0,2,2,N,N,39 58:17.247,75 09:34.053,0, ,0, ,0, ,N, ,0, , , , , ,450421, , , ,2,2,0,0,0,0,0,0,0,0,0,0,0,0,1,0,0,0,0,0,0,0,0,0,0,0,0,0,0,0,0,0,0,0,0,9,0,39.9715,-75.1595, , 
 ,40491,2014117608,6,67,67301,2014,11,1,1750,17,3,1,0,2,1, , ,N,1,2,0,3,0,0,2,2,N,N,40 02:34.004,75 06:48.689,1805, ,1756, ,0, ,N, ,3, , , , , ,450424, , , ,2,2,0,0,0,0,0,0,0,0,0,0,0,0,0,0,0,0,0,0,0,0,0,0,0,0,0,0,0,0,0,0,0,0,0,0,0,40.0427,-75.1136, , 
 ,40492,2014120937,6,67,67301,2014,11,5,1705,17,3,2,1,8,1, , ,N,0,0,0,3,0,1,2,2,N,N,40 01:22.946,75 09:31.673,1717, ,1715, ,0, ,N, ,0, , , , , ,450431, , , ,1,1,0,0,0,0,0,0,0,0,0,1,1,0,0,0,0,0,0,0,1,0,0,1,0,0,0,0,0,0,0,0,1,0,0,4,0,40.023,-75.1588, , 
 ,40493,2014084147,6,67,67301,2014,7,6,1554,15,1,1,0,1,6, , ,N,0,0,3,3,0,1,1,2,N, ,39 57:06.047,75 10:58.813,1556, ,1554, ,0, , , ,0, , , , , ,450472, , , ,2,0,0,0,1,0,1,0,0,0,0,1,1,0,0,0,0,0,0,0,0,0,0,0,0,0,0,0,0,0,0,0,0,0,0,4,0,39.9517,-75.183, , 
 ,40494,2014068041,6,67,67301,2014,5,7,2100,21,3,1,0,8,1, , ,N,1,2,0,3,0,1,2,2,N,N,40 03:00.190,75 09:01.655,339, ,339, ,0, ,N, ,3, , , , , ,454827, , , ,1,1,0,0,0,0,0,0,0,0,0,1,1,0,0,0,0,0,0,0,0,0,0,0,0,0,0,0,0,0,0,0,1,0,0,4,0,40.0501,-75.1505, , 
 ,40495,2014084229,6,67,67301,2014,7,6,2357,23,3,1,0,7,4, , ,N,0,0,0,3,0,0,1,1,N, ,40 02:13.550,75 13:27.250,1201, ,2357,2,1,1, , ,0,Y, , , , ,454841, , , ,1,0,0,0,0,0,1,0,0,0,0,0,0,0,0,0,0,0,1,0,0,0,0,0,0,0,0,0,0,0,0,0,0,0,0,0,0,40.0371,-75.2242, , 
 ,40496,2014087741,6,67,67301,2014,7,4,1730,17,1,1,0,4,1, , ,N,1,2,0,3,0,1,14,2,N,N,39 58:15.341,75 14:27.403,1734, ,1734, ,0, ,N, ,3, , , , , ,454843, , , ,2,0,0,0,0,0,1,1,0,0,0,1,1,0,0,0,0,0,0,0,1,0,0,0,0,0,0,0,0,0,0,0,0,0,0,4,0,39.9709,-75.2409, , 
 ,40497,2014088167,6,67,67301,2014,8,2,1520,15,1,1,0,1,1, , ,N,0,0,0,3,0,2,3,2,N,N,40 03:49.617,75 02:32.979,1530, ,1527,2,1,2,N, ,0,N, , , , ,454844, , , ,2,2,0,0,0,0,0,0,0,0,0,2,2,0,0,0,0,0,0,0,0,0,0,1,0,0,0,0,0,0,0,0,0,0,0,4,0,40.0638,-75.0425, , 
 ,40498,2014101008,6,67,67301,2014,10,2,227,2,6,1,0,7,2, , ,N,0,0,0,3,0,0,1,1,N,N,39 53:29.647,75 14:15.875,239, ,228, ,0, ,N, ,0, , , , , ,454854, , , ,1,1,0,0,0,0,0,0,0,0,0,0,0,0,0,0,0,0,0,0,0,0,0,0,0,0,0,0,0,0,0,0,0,0,0,0,0,39.8916,-75.2377, , 
 ,40499,2014078872,6,67,67301,2014,6,5,2215,22,3,2,1,4,1, , ,N,1,2,0,3,0,0,3,3,N,N,40 00:27.615,75 08:19.791,2218, ,2215,3,2,7,N, ,3,Y, , , , ,454869, , , ,3,3,0,0,0,0,0,0,0,0,0,0,0,0,0,0,0,0,0,0,0,0,0,3,0,0,0,0,0,0,0,0,0,0,0,0,0,40.0077,-75.1388, , 
 ,40500,2014084165,6,67,67301,2014,7,4,815,8,1,1,0,4,1, , ,N,1,3,0,3,0,1,2,2,N,N,40 03:07.780,75 05:11.686,822, ,816, ,0, ,N, ,3, , , , , ,454878, , , ,2,1,0,0,0,0,1,0,0,0,0,1,1,0,0,0,0,0,0,0,0,0,0,0,0,0,0,0,0,0,0,0,0,0,0,4,0,40.0522,-75.0866, , 
 ,40501,2014084320,6,67,67301,2014,7,1,2018,20,4,1,0,8,1, , ,N,0,0,0,3,0,1,2,2,N,N,39 56:24.169,75 13:45.361,2022, ,2021, ,0, ,N, ,0, , , , , ,454879, , , ,1,1,0,0,0,0,0,0,0,0,0,1,1,0,0,0,0,0,0,0,1,0,0,0,0,0,0,0,0,0,0,0,1,0,0,4,0,39.94,-75.2293, , 
 ,40502,2014085482,6,67,67301,2014,8,3,1053,10,1,1,0,5,1, , ,N,0,0,0,3,0,1,5,2,N,N,39 55:35.638,75 11:40.610,1055, ,1055, ,0, ,N, ,0, , , , , ,454881, , , ,2,1,0,0,0,0,1,0,0,0,0,0,1,1,0,0,0,0,0,0,0,1,0,0,0,0,0,0,0,0,0,0,0,0,0,8,0,39.9266,-75.1946, , 
 ,40503,2014088677,6,67,67301,2014,7,6,1235,12,1,1,0,4,1, , ,N,1,2,0,3,0,0,3,2,N, ,40 01:26.924,75 07:59.558,1237, ,1236,1,1,2, , ,3,N, , , , ,454883, , , ,2,1,0,0,0,0,1,0,0,0,0,0,0,0,0,0,0,0,0,0,0,0,0,0,0,0,0,0,0,0,0,0,0,0,0,0,0,40.0242,-75.133, , 
 ,40504,2014104574,6,67,67301,2014,9,7,429,4,3,1,0,2,1, , ,N,0,0,0,3,0,0,1,2,N,N,39 57:15.537,75 12:57.359,431, ,429, ,0, ,N, ,0, , , , , ,454897, , , ,2,2,0,0,0,0,0,0,0,0,0,0,0,0,1,0,0,0,0,0,0,0,0,0,0,0,0,0,0,0,0,0,0,0,0,9,0,39.9543,-75.2159, , 
 ,40505,2014105920,6,67,67301,2014,10,1,1640,16,1,1,0,1,1, , ,N,0,0,0,3,0,2,6,3,N,N,40 01:10.842,75 02:40.637,1640, ,1640, ,0, ,N, ,0, , , , , ,454899, , , ,3,3,0,0,0,0,0,0,0,0,0,1,2,1,0,0,0,0,0,1,1,0,0,0,0,0,0,0,0,0,0,0,0,0,0,4,0,40.0197,-75.0446, , 
 ,40506,2014110364,6,67,67301,2014,10,1,1355,13,1,1,0,4,1, , ,N,1,2,0,3,0,0,2,2,N,N,39 57:40.435,75 08:47.767,1402, ,1400, ,0, ,N, ,3, , , , , ,454906, , , ,2,1,0,0,0,0,1,0,0,0,0,0,0,0,0,0,0,0,0,0,0,0,0,0,0,0,0,0,0,0,0,0,0,0,0,0,0,39.9612,-75.1466, , 
 ,40507,2014078766,6,67,67301,2014,5,7,1652,16,1,1,0,8,1, , ,N,1,3,0,3,0,1,2,2,N,N,40 03:39.285,75 10:04.293,1720, ,1717, ,0, ,N, ,3, , , , , ,454922, , , ,1,1,0,0,0,0,0,0,0,0,1,0,1,0,0,0,0,0,0,0,0,0,0,0,0,0,0,0,0,0,0,0,1,0,0,3,0,40.0609,-75.1679, , 
 ,40508,2014096785,6,67,67301,2014,9,7,1300,13,1,2,1,7,5, , ,N,1,0,0,3,0,1,1,1,N,N,39 58:09.618,75 11:04.615,1302, ,1300,2,1,3,N, ,0,N, , , , ,454945, , , ,1,1,0,0,0,0,0,0,0,0,0,1,1,0,0,0,0,0,0,0,0,0,0,0,0,0,0,0,0,0,0,0,0,0,0,4,0,39.9693,-75.1846, , 
 ,40509,2014083055,6,67,67301,2014,6,5,1330,13,1,1,0,8,1, , ,N,0,0,0,3,0,1,2,2,N, ,40 00:01.050,75 06:01.890,1550, ,1539, ,0, ,N, ,0, , , , , ,454977, , , ,1,0,0,0,0,0,0,1,0,0,0,1,1,0,0,0,0,0,0,0,0,0,0,0,0,0,0,0,0,0,0,0,1,0,0,4,0,40.0003,-75.1005, , 
 ,40510,2014087802,6,67,67301,2014,8,5,1145,11,1,1,0,4,1, , ,N,1,3,0,3,0,1,2,3,N,N,40 00:50.713,75 08:25.529,1145, ,1145, ,0, ,N, ,3, , , , , ,454982, , , ,3,2,0,0,0,0,0,1,0,0,0,1,1,0,0,0,0,0,0,0,1,0,0,0,0,0,0,0,0,0,0,0,0,0,0,4,0,40.0141,-75.1404, , 
 ,40511,2014088722,6,67,67301,2014,8,7,1155,11,1,1,0,4,1, , ,N,2,3,0,3,0,1,3,2,N, ,40 00:24.409,75 07:55.714,1218, ,1216,1,1,4, , ,3,Y, , , , ,454983, , , ,2,1,0,0,0,0,0,1,0,0,0,1,1,0,0,0,0,0,0,0,0,0,0,1,0,0,0,0,0,0,0,0,0,0,0,4,0,40.0068,-75.1321, , 
 ,40512,2014095998,6,67,67301,2014,9,4,1441,14,1,1,0,4,1, , ,N,2,3,0,3,0,1,2,2,N,N,39 57:38.001,75 11:15.593,1443, ,1443, ,0, ,N, ,3, , , , , ,443675, , , ,1,1,0,0,0,0,0,0,1,0,0,1,1,0,0,0,0,0,0,0,0,0,0,0,0,0,0,0,0,0,0,0,0,0,0,4,0,39.9606,-75.1877, , 
N,40513,2014051186,6,67,67301,2014,5,5,1922,19,1,1,0,5,1,1,4,Y,0,0,0,3,0,0,2,2,N,N,39 54:21.214,75 08:59.954,1932,45,1922,1,2,2,N, ,0,N,N,N,N,N,443687,N,N,Y,2,1,0,0,0,1,0,0,0,0,0,0,0,0,0,0,0,0,0,0,0,0,0,0,0,0,0,0,0,0,0,0,0,0,0,0,1,39.9059,-75.15, , 
 ,40514,2014054182,6,67,67301,2014,5,4,1527,15,1,2,1,1,1, , ,N,0,0,0,3,0,0,4,3,N,N,39 58:00.642,75 11:15.632,1533, ,1528, ,0, ,N, ,0, , , , , ,443690, , , ,3,2,0,0,0,0,0,0,0,0,0,0,0,0,0,0,0,0,0,0,0,0,0,0,0,0,0,0,0,0,0,0,0,0,0,0,0,39.9668,-75.1877, , 
 ,40515,2014054526,6,67,67301,2014,4,4,1450,14,1,1,0,8,1, , ,N,0,0,0,3,0,1,2,2,N,N,40 01:50.090,75 07:15.560,1515, ,1500, ,0, ,N, ,0, , , , , ,443691, , , ,1,0,0,0,0,0,1,0,0,0,0,1,1,0,0,0,0,0,0,0,0,0,0,0,0,0,0,0,0,0,0,0,1,0,0,4,0,40.0306,-75.121, , 
 ,40516,2014059219,6,67,67301,2014,5,6,752,7,1,1,0,8,1, , ,N,1,2,1,3,0,1,2,2,N,N,40 00:21.051,75 05:46.741,755, ,752, ,0, ,N, ,3, , , , , ,443697, , , ,1,0,0,0,0,0,0,1,0,0,0,1,1,0,0,0,0,0,0,0,1,0,0,0,0,0,0,0,0,0,0,0,1,0,0,4,0,40.0058,-75.0964, , 
 ,40517,2014073964,6,67,67301,2014,7,5,1254,12,1,1,0,5,1, , ,N,0,0,0,3,0,0,3,3,N,N,39 55:30.844,75 11:36.969,1303, ,1255,2,1,3,N, ,0,N, , , , ,443712, , , ,3,0,0,0,1,1,1,0,0,0,0,0,0,0,0,0,0,0,0,0,0,0,0,0,0,0,0,0,0,0,0,0,0,0,0,0,1,39.9252,-75.1936, , 
 ,40518,2014078852,6,67,67301,2014,6,5,2318,23,3,1,0,5,1, , ,N,1,2,0,3,0,2,3,2,N, ,39 58:18.181,75 07:33.198,2325, ,2325, ,0, , , ,3, , , , , ,443719, , , ,2,1,0,0,0,0,1,0,0,0,0,2,2,0,0,0,0,0,0,0,0,0,0,0,0,0,0,0,0,0,0,0,0,0,0,4,0,39.9717,-75.1259, , 
 ,40519,2014076013,6,67,67301,2014,6,5,9999,99,1,1,0,1,1, , ,N,1,2,0,3,0,4,4,3,N,N,39 57:43.226,75 09:27.608,1800, ,1755, ,0, ,N, ,3, , , , , ,443746, , , ,3,2,0,0,1,0,0,0,0,0,1,3,4,0,0,0,0,0,0,0,0,0,1,0,0,0,0,0,0,0,0,0,0,0,0,3,0,39.962,-75.1576, , 
 ,40520,2014078882,6,67,67301,2014,6,5,1610,16,1,4,1,4,1, , ,N,1,3,0,3,0,1,5,2,N, ,39 59:47.936,75 09:45.932,1613, ,1612, ,0, , , ,3, , , , , ,443750, , , ,2,2,0,0,0,0,0,0,0,0,0,1,1,0,0,0,0,0,0,0,0,0,0,0,0,0,0,0,0,0,0,0,0,0,0,4,0,39.9966,-75.1628, , 
 ,40521,2014087853,6,67,67301,2014,7,4,1723,17,1,1,0,4,1, , ,N,2,3,0,3,0,1,3,2,N,N,40 02:14.927,75 07:35.115,1726, ,1725, ,0, ,N, ,3, , , , , ,443757, , , ,2,1,0,0,0,0,0,0,0,0,0,1,1,0,0,0,0,0,0,0,0,0,0,0,0,0,0,0,0,0,0,0,0,0,0,4,0,40.0375,-75.1264, , 
 ,40522,2014098679,6,67,67301,2014,9,2,815,8,1,1,0,4,1, , ,N,0,0,0,3,0,1,2,2,N, ,39 56:37.330,75 09:57.666,836, ,833, ,0, , , ,0, , , , , ,443761, , , ,2,1,0,0,0,0,1,0,0,0,0,0,1,1,0,0,0,0,0,0,0,0,0,0,0,0,0,0,0,0,0,0,0,0,0,8,0,39.9437,-75.166, , 
 ,40523,2014099186,6,67,67301,2014,9,2,9999,99,3,1,0,4,1, , ,N,1,2,0,3,0,2,2,3,N, ,39 58:32.347,75 15:55.983,9999, ,9999, ,0, , , ,3, , , , , ,443762, , , ,3,2,0,0,0,0,1,0,0,0,0,2,2,0,0,0,0,0,0,0,0,0,0,0,0,0,0,0,0,0,0,0,0,0,0,4,0,39.9757,-75.2656, , 
 ,40524,2014104595,6,67,67301,2014,10,6,1813,18,1,1,0,4,1, , ,N,1,2,0,3,0,3,3,2,N,N,40 07:00.010,75 01:11.269,1817, ,1815, ,0, ,N, ,3, , , , , ,443768, , , ,2,2,0,0,0,0,0,0,0,0,0,0,3,3,0,0,0,0,0,0,0,0,0,0,0,0,0,0,0,0,0,0,0,0,0,8,0,40.1167,-75.0198, , 
 ,40525,2014109930,6,67,67301,2014,10,1,1435,14,1,1,0,4,1, , ,N,1,2,0,3,0,0,5,3,N,N,40 03:24.250,75 02:48.711,1440, ,1436,2,2,1,N, ,3,N, , , , ,443773, , , ,3,2,0,0,0,0,1,0,0,0,0,0,0,0,0,0,0,0,0,0,1,1,0,0,0,0,0,0,0,0,0,0,0,0,0,0,0,40.0567,-75.0469, , 
 ,40526,2014115648,6,67,67301,2014,11,2,1010,10,1,1,0,4,1, , ,N,0,0,7,3,0,0,2,2,N, ,40 06:05.796,75 01:40.345,1020, ,1016, ,0, , , ,0, , , , , ,443779, , , ,2,0,0,0,0,0,1,1,0,0,0,0,0,0,0,0,0,0,0,0,1,1,0,0,0,0,0,0,0,0,0,0,0,0,0,0,0,40.1016,-75.0279, , 
 ,40527,2014079637,6,67,67301,2014,6,5,237,2,3,2,1,4,1, , ,N,2,2,0,3,0,1,2,2,N, ,39 59:53.654,75 11:15.510,245, ,237, ,0, , , ,3, , , , , ,443794, , , ,2,2,0,0,0,0,0,0,0,0,1,0,1,0,1,0,0,0,0,0,0,0,0,0,0,0,0,0,0,0,0,0,0,0,0,3,0,39.9982,-75.1876, , 
 ,40528,2014095167,6,67,67301,2014,8,3,628,6,1,1,0,4,1, , ,N,0,0,0,3,0,0,2,2,N,N,40 00:15.065,75 11:43.928,641, ,636,1,1,3,N, ,0,N, , , , ,443807, , , ,2,1,0,0,0,1,0,0,0,0,0,0,0,0,0,0,0,0,0,0,0,0,0,0,0,0,0,0,0,0,0,0,0,0,0,0,1,40.0042,-75.1955, , 
 ,40529,2014059230,6,67,67301,2014,5,6,900,9,1,2,1,1,1, , ,N,0,0,0,3,0,1,2,2,N,N,39 57:12.075,75 09:16.985,905, ,901,2,2,4,N, ,0,Y, , , , ,443834, , , ,2,1,1,0,0,0,0,0,0,0,0,1,1,0,0,0,0,0,0,0,0,0,0,0,0,0,0,0,0,0,0,0,0,0,0,4,0,39.9534,-75.1547, , 
 ,40530,2014070584,6,67,67301,2014,7,2,1732,17,1,1,0,4,1, , ,N,0,0,3,3,0,2,4,2,N,N,39 59:21.369,75 04:29.148,1736, ,1732, ,0, ,N, ,0, , , , , ,446787, , , ,2,1,0,0,0,0,1,0,0,0,0,2,2,0,0,0,0,0,0,0,0,0,0,0,0,0,0,0,0,0,0,0,0,0,0,4,0,39.9893,-75.0748, , 