wz_ln_closure,objectid_1,crn,district,county,municipality,crash_year,crash_month,day_of_week,time_of_day,hour_of_day,illumination,weather,road_condition,collision_type,relation_to_road,work_zone_type,work_zone_loc,work_zone_ind,intersect_type,tcd_type,location_type,urban_rural,fatal_count,injury_count,person_count,total_units,sch_bus_ind,sch_zone_ind,latitude,longitude,arrival_tm,cons_zone_spd_lim,dispatch_tm,est_hrs_closed,lane_closed,ln_close_dir,ntfy_hiwy_maint,spec_juris_cd,tcd_func_cd,tfc_detour_ind,workers_pres,wz_close_detour,wz_flagger,wz_law_offcr_ind,objectid,wz_moving,wz_other,wz_shlder_mdn,vehicle_count,automobile_count,motorcycle_count,bus_count,small_truck_count,heavy_truck_count,suv_count,van_count,bicycle_count,maj_inj_count,mod_inj_count,min_inj_count,tot_inj_count,unk_inj_deg_count,unk_inj_per_count,driver_count_16yr,driver_count_17yr,driver_count_18yr,driver_count_19yr,driver_count_20yr,driver_count_50_64yr,driver_count_65_74yr,driver_count_75plus,unbelted_occ_count,unb_death_count,unb_maj_inj_count,belted_death_count,belted_maj_inj_count,mcycle_death_count,mcycle_maj_inj_count,bicycle_death_count,bicycle_maj_inj_count,ped_count,ped_death_count,ped_maj_inj_count,max_severity_level,comm_veh_count,dec_lat,dec_long,rdwy_surf_type_cd,county_name
 ,40531,2014078865,6,67,67301,2014,6,5,1435,14,1,1,0,4,1, , ,N,0,0,0,3,0,1,2,2,N,N,40 01:21.280,75 05:40.440,1450, ,1444,2,2,4,N, ,0,Y, , , , ,446798, , , ,2,1,0,0,0,0,1,0,0,0,0,1,1,0,0,0,0,0,0,0,1,0,0,0,0,0,0,0,0,0,0,0,0,0,0,4,0,40.0226,-75.0946, , 
 ,40532,2014084421,6,67,67301,2014,7,1,1004,10,1,1,0,4,1, , ,N,1,2,0,3,0,1,3,3,N,N,39 55:11.587,75 13:39.266,1011, ,1011,2,2,7,N, ,3,Y, , , , ,446805, , , ,3,1,0,0,0,0,1,1,0,0,0,1,1,0,0,0,0,0,0,0,1,0,0,0,0,0,0,0,0,0,0,0,0,0,0,4,0,39.9198,-75.2275, , 
 ,40533,2014038921,6,67,67301,2014,3,4,2335,23,3,2,1,4,1, , ,N,1,2,0,3,0,0,3,2,N,N,39 57:42.623,75 09:27.136,13, ,12,1,1,4,N, ,3,Y, , , , ,446836, , , ,2,1,0,0,0,0,1,0,0,0,0,0,0,0,0,0,0,0,0,0,0,0,0,0,0,0,0,0,0,0,0,0,0,0,0,0,0,39.9617,-75.1575, , 
 ,40534,2014038958,6,67,67301,2014,3,5,1226,12,1,1,0,1,1, , ,N,0,2,0,3,0,2,4,3,N,N,39 59:50.743,75 05:21.767,1233, ,1231, ,0, ,N, ,9, , , , , ,446837, , , ,3,1,0,0,0,0,1,1,0,0,0,2,2,0,0,0,0,0,0,0,0,0,0,0,0,0,0,0,0,0,0,0,0,0,0,4,0,39.9974,-75.0894, , 
 ,40535,2014039008,6,67,67301,2014,3,1,1328,13,1,1,0,4,1, , ,N,1,2,0,3,0,2,3,2,N,N,39 56:12.096,75 13:27.702,1329, ,1329, ,0, ,N, ,3, , , , , ,446838, , , ,2,2,0,0,0,0,0,0,0,0,0,1,2,1,0,0,0,0,0,0,0,0,0,0,0,0,0,0,0,0,0,0,0,0,0,4,0,39.9366,-75.2244, , 
 ,40536,2014049570,6,67,67301,2014,4,7,1039,10,1,1,0,4,1, , ,N,1,2,0,3,0,3,4,2,N,N,39 58:53.344,75 07:02.419,1043, ,1040, ,0, ,N, ,3, , , , , ,446852, , , ,2,1,0,0,0,0,1,0,0,0,0,3,3,0,0,0,0,0,0,0,0,0,0,0,0,0,0,0,0,0,0,0,0,0,0,4,0,39.9815,-75.1173, , 
 ,40537,2014049625,6,67,67301,2014,4,3,1600,16,1,2,1,7,6, , ,N,0,0,0,3,0,1,1,1,N, ,40 01:32.368,75 02:52.076,1603, ,1601,2,2,3, , ,0,Y, , , , ,446853, , , ,1,1,0,0,0,0,0,0,0,0,0,1,1,0,0,0,0,0,0,0,1,0,0,0,0,0,0,0,0,0,0,0,0,0,0,4,0,40.0257,-75.0478, , 
 ,40538,2014061620,6,67,67301,2014,5,2,1732,17,1,1,0,7,2, , ,N,0,0,0,3,0,0,6,2,N,N,39 59:09.148,75 05:35.304,1743, ,1738,2,2,2,N, ,0,N, , , , ,446864, , , ,2,2,0,0,0,0,0,0,0,0,0,0,0,0,0,0,0,0,0,0,0,0,0,0,0,0,0,0,0,0,0,0,0,0,0,0,0,39.9859,-75.0931, , 
 ,40539,2014084279,6,67,67301,2014,7,3,1549,15,1,1,0,4,1, , ,N,1,2,0,3,0,1,2,2,N, ,40 03:24.250,75 02:48.711,1550, ,1550, ,0, , , ,3, , , , , ,446872, , , ,2,1,0,0,0,0,1,0,0,0,0,0,1,1,0,0,0,0,0,0,0,0,0,0,0,0,0,0,0,0,0,0,0,0,0,8,0,40.0567,-75.0469, , 
 ,40540,2014088162,6,67,67301,2014,7,6,1351,13,1,2,0,4,1, , ,N,1,2,0,3,0,2,2,2,N, ,39 57:09.608,75 14:41.107,1427, ,1427, ,0, , , ,3, , , , , ,446874, , , ,2,0,0,0,0,0,1,1,0,0,0,0,2,2,0,0,0,0,0,0,0,1,0,0,0,0,0,0,0,0,0,0,0,0,0,8,0,39.9527,-75.2448, , 
 ,40541,2014088333,6,67,67301,2014,7,5,2300,23,3,2,1,4,1, , ,N,1,2,0,3,0,1,4,2,N, ,39 54:49.147,75 14:22.192,2330, ,2330, ,0, , , ,3, , , , , ,446875, , , ,2,2,0,0,0,0,0,0,0,0,1,0,1,0,1,0,0,0,0,0,1,0,0,0,0,0,0,0,0,0,0,0,0,0,0,3,0,39.9137,-75.2395, , 
 ,40542,2014095893,6,67,67301,2014,9,7,2143,21,3,1,0,1,1, , ,N,2,0,0,3,0,1,3,2,N,N,39 55:23.562,75 09:38.305,2147, ,2145, ,0, ,N, ,0, , , , , ,446883, , , ,1,1,0,0,0,0,0,0,1,0,0,1,1,0,0,0,0,0,0,0,0,0,0,2,0,0,0,0,0,0,0,0,0,0,0,4,0,39.9232,-75.1606, , 
 ,40543,2014095960,6,67,67301,2014,9,2,1220,12,1,1,0,4,1, , ,N,1,2,0,3,0,1,2,2,N,N,40 05:40.718,75 00:54.707,1235, ,1230, ,0, ,N, ,3, , , , , ,446884, , , ,2,1,0,0,0,0,1,0,0,0,0,1,1,0,0,0,0,0,0,0,0,2,0,0,0,0,0,0,0,0,0,0,0,0,0,4,0,40.0946,-75.0152, , 
 ,40544,2014099196,6,67,67301,2014,9,2,2245,22,3,1,0,4,1, , ,N,1,2,0,3,0,2,2,2,N,N,39 57:25.881,75 09:31.332,2253, ,2250, ,0, ,N, ,3, , , , , ,446888, , , ,2,2,0,0,0,0,0,0,0,0,2,0,2,0,0,0,0,0,1,0,0,0,0,0,0,0,0,0,0,0,0,0,0,0,0,3,0,39.9572,-75.1587, , 
 ,40545,2014113264,6,67,67301,2014,10,4,1010,10,1,1,0,4,1, , ,N,0,0,7,3,0,0,2,2,N, ,40 03:34.801,75 02:38.264,1020, ,1015,2,1,1, , ,0,N, , , , ,446907, , , ,2,1,0,0,0,1,0,0,0,0,0,0,0,0,0,0,0,0,0,0,0,0,0,1,0,0,0,0,0,0,0,0,0,0,0,0,1,40.0597,-75.044, , 
 ,40546,2014059195,6,67,67301,2014,6,2,550,5,1,1,0,7,2, , ,N,0,0,0,3,0,1,1,1,N,N,39 59:31.309,75 12:07.927,557, ,550, ,0, ,N, ,0, , , , , ,446909, , , ,1,1,0,0,0,0,0,0,0,0,0,0,1,1,0,0,0,0,0,0,0,0,0,0,0,0,0,0,0,0,0,0,0,0,0,8,0,39.992,-75.2022, , 
 ,40547,2014065540,6,67,67301,2014,5,5,1833,18,1,2,1,1,1, , ,N,0,0,0,3,0,1,3,3,N, ,39 59:27.959,75 07:58.607,1833, ,1833, ,0, , , ,0, , , , , ,446912, , , ,3,3,0,0,0,0,0,0,0,0,0,0,1,1,0,0,0,0,0,0,1,1,0,0,0,0,0,0,0,0,0,0,0,0,0,8,0,39.9911,-75.1329, , 
 ,40548,2014085315,6,46,46104,2014,8,5,1600,16,1,1,0,4,1, , ,N,2,3,0,3,0,1,6,2,N,N,39 58:45.276,75 16:17.482,1606, ,1600,1,1,2,N, ,3,N, , , , ,450473, , , ,2,2,0,0,0,0,0,0,0,0,0,1,1,0,0,0,0,0,0,1,0,0,0,5,0,0,0,0,0,0,0,0,0,0,0,4,0,39.9791,-75.2716, , 
 ,40549,2014065728,6,67,67301,2014,7,3,323,3,2,1,0,1,1, , ,N,0,0,0,3,0,2,4,2,N,N,39 53:16.634,75 14:31.532,346, ,326,1,2,2,N, ,0,N, , , , ,450479, , , ,2,0,0,0,0,0,1,1,0,0,0,2,2,0,0,0,0,0,0,0,1,0,0,0,0,0,0,0,0,0,0,0,0,0,0,4,0,39.888,-75.2421, , 
 ,40550,2014081452,6,67,67301,2014,6,6,1730,17,1,1,0,8,1, , ,N,0,0,0,3,0,1,2,2,N,N,39 59:58.702,75 10:26.555,1738, ,1735, ,0, ,N, ,0, , , , , ,450495, , , ,1,0,0,0,0,0,0,1,0,0,0,0,1,1,0,0,0,0,0,0,0,0,0,0,0,0,0,0,0,0,0,0,1,0,0,8,0,39.9996,-75.174, , 
 ,40551,2014088754,6,67,67301,2014,8,6,209,2,3,2,1,7,4, , ,N,10,3,0,3,0,0,1,1,N,N,40 05:04.495,75 00:09.457,211, ,209, ,0, , , ,3, , , , , ,450500, , , ,1,0,0,0,0,0,0,1,0,0,0,0,0,0,1,0,0,0,0,0,0,0,0,0,0,0,0,0,0,0,0,0,0,0,0,9,0,40.0846,-75.0026, , 
 ,40552,2014104676,6,67,67301,2014,10,3,520,5,3,1,0,5,1, , ,N,0,0,0,3,0,0,2,2,N,N,39 59:02.010,75 05:48.128,532, ,522, ,0, ,N, ,0, , , , , ,450512, , , ,2,1,0,0,1,0,0,0,0,0,0,0,0,0,0,0,0,0,0,0,2,0,0,0,0,0,0,0,0,0,0,0,0,0,0,0,0,39.9839,-75.0967, , 
 ,40553,2014114468,6,67,67301,2014,8,7,1900,19,1,1,1,1,1, , ,N,1,2,0,3,0,2,3,2,N,N,40 03:05.090,75 09:48.178,0, ,0, ,0, ,N, ,3, , , , , ,450517, , , ,2,1,0,0,0,0,0,0,0,0,0,0,2,2,1,0,0,0,0,0,1,0,0,0,0,0,0,0,0,0,0,0,0,0,0,8,0,40.0514,-75.1634, , 
 ,40554,2014088033,6,67,67301,2014,8,2,1518,15,1,1,0,8,1, , ,N,0,0,0,3,0,1,2,2,N,N,39 57:03.873,75 13:50.246,1535, ,1533, ,0, ,N, ,0, , , , , ,450547, , , ,1,0,0,0,1,0,0,0,0,0,0,0,1,1,1,0,0,0,0,0,0,0,0,1,0,0,0,0,0,0,0,0,1,0,0,8,0,39.9511,-75.2306, , 
 ,40555,2014089017,6,67,67301,2014,8,1,1805,18,1,1,0,8,1, , ,N,0,0,0,3,0,1,2,2,N,N,40 04:17.791,75 09:41.172,2010, ,1953, ,0, ,N, ,0, , , , , ,450549, , , ,1,0,0,0,0,0,1,0,0,0,0,0,1,1,0,0,0,0,0,0,1,0,0,0,0,0,0,0,0,0,0,0,1,0,0,8,0,40.0716,-75.1614, , 
 ,40556,2014091338,6,67,67301,2014,8,7,25,0,3,1,0,7,4, , ,N,2,0,0,3,0,0,2,1,N, ,40 02:41.168,75 10:31.112,30, ,28, ,0, , , ,0, , , , , ,450551, , , ,1,1,0,0,0,0,0,0,0,0,0,0,0,0,0,1,0,0,0,0,0,0,0,0,0,0,0,0,0,0,0,0,0,0,0,0,0,40.0448,-75.1753, , 
 ,40557,2014092215,6,67,67301,2014,9,1,520,5,3,1,0,7,7, , ,N,0,0,0,3,0,0,1,1,N,N,39 55:36.459,75 11:41.362,533, ,525, ,0, ,N, ,0, , , , , ,450552, , , ,1,1,0,0,0,0,0,0,0,0,0,0,0,0,0,0,0,0,0,0,0,0,0,0,0,0,0,0,0,0,0,0,0,0,0,0,0,39.9268,-75.1948, , 
 ,40558,2014106708,6,67,67301,2014,10,2,1533,15,1,2,1,4,1, , ,N,1,2,0,3,0,3,3,2,N,N,39 58:36.732,75 08:36.697,1538, ,1533, ,0, ,N, ,3, , , , , ,450566, , , ,2,2,0,0,0,0,0,0,0,0,0,3,3,0,0,0,0,0,0,0,0,0,0,1,0,0,0,0,0,0,0,0,0,0,0,4,0,39.9769,-75.1435, , 
 ,40559,2014110363,6,67,67301,2014,10,5,1114,11,1,1,0,8,1, , ,N,0,0,0,3,0,1,2,2,N,N,39 57:09.011,75 10:00.911,1116, ,1115, ,0, , , ,0, , , , , ,450569, , , ,1,0,1,0,0,0,0,0,0,0,0,1,1,0,0,0,0,0,0,0,0,0,0,0,0,0,0,0,0,0,0,0,1,0,0,4,0,39.9525,-75.1669, , 
 ,40560,2014111488,6,67,67301,2014,10,2,1635,16,1,1,0,4,1, , ,N,1,2,0,3,0,1,2,2,N,N,39 59:45.293,75 05:31.432,1645, ,1642,2,1,2, , ,3,N, , , , ,450572, , , ,2,1,0,0,0,0,0,1,0,0,0,0,1,1,0,0,0,0,0,0,0,0,0,0,0,0,0,0,0,0,0,0,0,0,0,8,0,39.9959,-75.0921, , 
 ,40561,2014113394,6,67,67301,2014,10,4,608,6,3,2,1,8,1, , ,N,1,4,0,3,0,1,2,2,N,N,40 01:46.491,75 05:32.197,615, ,608, ,0, ,N, ,3, , , , , ,450574, , , ,1,1,0,0,0,0,0,0,0,0,0,1,1,0,0,0,0,0,0,0,1,0,0,0,0,0,0,0,0,0,0,0,1,0,0,4,0,40.0296,-75.0923, , 
 ,40562,2014115611,6,67,67301,2014,11,4,1600,16,1,1,0,4,1, , ,N,1,0,0,3,0,0,2,2,N,N,39 54:26.280,75 11:16.256,1630, ,1624, ,0, ,N, ,0, , , , , ,450575, , , ,2,2,0,0,0,0,0,0,0,0,0,0,0,0,0,0,0,0,0,0,0,0,0,0,0,0,0,0,0,0,0,0,0,0,0,0,0,39.9073,-75.1878, , 
 ,40563,2014068678,6,67,67301,2014,5,4,450,4,5,1,0,5,1, , ,N,0,0,0,3,0,2,4,2,N, ,40 01:42.006,75 06:02.092,500, ,452, ,0, , , ,0, , , , , ,450583, , , ,2,1,0,0,1,0,0,0,0,0,0,2,2,0,0,0,0,0,0,0,0,0,0,0,0,0,0,0,0,0,0,0,0,0,0,4,0,40.0283,-75.1006, , 
 ,40564,2014078824,6,67,67301,2014,5,2,1205,12,1,1,0,8,1, , ,N,0,0,0,3,0,1,2,2,N,N,39 56:10.219,75 10:59.924,1210, ,1207,1,2,3,N, ,0,Y, , , , ,450594, , , ,1,0,1,0,0,0,0,0,0,0,0,1,1,0,0,0,0,0,0,0,1,0,0,0,0,0,0,0,0,0,0,0,1,0,0,4,0,39.9362,-75.1833, , 
 ,40565,2014088624,6,67,67301,2014,7,7,1626,16,1,1,0,5,1, , ,N,0,0,0,3,0,1,2,2,N,N,40 02:11.960,75 07:49.590,1652, ,1650, ,0, ,N, ,0, , , , , ,450599, , , ,2,1,1,0,0,0,0,0,0,0,0,1,1,0,0,0,0,0,0,0,1,0,0,0,0,0,0,0,0,0,0,0,0,0,0,4,0,40.0367,-75.1304, , 
Y,40566,2014012685,6,67,67301,2014,1,7,741,7,5,1,1,7,4,1,2,Y,0,0,99,3,0,1,2,2,N,Y,39 54:41.004,75 08:55.468,758,45,741,2,1,1,N, ,0,N,N,N,N,N,450630,N,Y,Y,2,1,0,0,0,0,1,0,0,0,0,0,1,1,0,0,0,0,0,0,1,0,0,0,0,0,0,0,0,0,0,0,0,0,0,8,0,39.9114,-75.1487, , 
 ,40567,2014054478,6,67,67301,2014,4,4,1810,18,1,2,1,4,1, , ,N,0,0,7,3,0,0,2,2,N, ,39 59:31.853,75 09:17.904,1819, ,1814, ,0, , , ,0, , , , , ,452650, , , ,2,1,0,0,0,0,1,0,0,0,0,0,0,0,0,0,0,0,0,0,1,0,0,0,0,0,0,0,0,0,0,0,0,0,0,0,0,39.9922,-75.155, , 
 ,40568,2014065575,6,67,67301,2014,5,4,9999,99,1,1,0,4,1, , ,N,5,2,2,3,0,1,2,2,N,N,39 57:26.413,75 09:08.132,1650, ,1645,1,1,2,N, ,3,N, , , , ,452660, , , ,2,1,0,0,0,1,0,0,0,0,0,0,1,1,0,0,0,0,0,0,1,0,0,0,0,0,0,0,0,0,0,0,0,0,0,8,1,39.9573,-75.1523, , 
 ,40569,2014084238,6,67,67301,2014,7,7,1600,16,1,1,0,4,1, , ,N,1,3,0,3,0,1,2,2,N,N,39 59:05.614,75 09:47.123,1650, ,1646, ,0, ,N, ,3, , , , , ,452674, , , ,2,2,0,0,0,0,0,0,0,0,0,0,1,1,0,0,0,0,0,0,1,1,0,0,0,0,0,0,0,0,0,0,0,0,0,8,0,39.9849,-75.1631, , 
 ,40570,2014087971,6,67,67301,2014,8,2,1127,11,1,1,0,1,1, , ,N,0,2,0,3,0,2,4,2,N,N,40 04:57.977,75 01:35.058,1202, ,1128,1,1,1,N, ,3,N, , , , ,452677, , , ,2,1,0,0,0,0,0,1,0,0,0,2,2,0,0,0,0,0,0,0,1,0,0,0,0,0,0,0,0,0,0,0,0,0,0,4,0,40.0828,-75.0264, , 
 ,40571,2014089696,6,67,67301,2014,7,3,1710,17,1,1,0,5,1, , ,N,0,0,0,3,0,2,8,5,N,N,39 57:39.688,75 08:44.442,1715, ,1711,3,2,3,N, ,0,Y, , , , ,452680, , , ,5,2,0,0,0,0,3,0,0,0,0,0,2,2,0,0,0,0,0,0,1,0,1,0,0,0,0,0,0,0,0,0,0,0,0,8,0,39.961,-75.1457, , 
 ,40572,2014096420,6,67,67301,2014,8,6,1830,18,1,1,0,8,1, , ,N,2,3,0,3,0,1,2,2,N,N,40 06:06.588,75 01:38.906,1835, ,1832, ,0, ,N, ,3, , , , , ,452684, , , ,1,0,0,0,0,0,0,1,1,0,0,0,1,1,0,0,0,0,0,0,0,0,0,0,0,0,0,0,0,0,0,0,0,0,0,8,0,40.1018,-75.0275, , 
 ,40573,2014098740,6,67,67301,2014,9,3,1900,19,2,1,0,8,1, , ,N,0,0,0,3,0,1,2,2,N,N,40 02:22.210,75 04:20.906,2100, ,2050, ,0, ,N, ,0, , , , , ,452689, , , ,1,0,0,0,0,0,0,1,0,0,0,1,1,0,0,0,0,0,0,0,1,0,0,0,0,0,0,0,0,0,0,0,1,0,0,4,0,40.0395,-75.0725, , 
 ,40574,2014077074,6,67,67301,2014,8,4,1844,18,1,1,0,1,1, , ,N,0,0,0,3,0,0,4,3,N,N,39 57:34.546,75 10:32.153,1846, ,1846,1,1,4,N, ,0,N, , , , ,452701, , , ,3,2,0,0,0,0,1,0,0,0,0,0,0,0,0,0,0,0,0,0,2,0,1,0,0,0,0,0,0,0,0,0,0,0,0,0,0,39.9596,-75.1756, , 
Y,40575,2014026990,6,67,67301,2014,2,4,2040,20,3,1,0,5,1,1,4,Y,0,0,0,3,0,1,2,2,N,N,39 58:07.718,75 07:40.053,2058,45,2049, ,0, ,N, ,0, ,N,N,N,N,452713,Y,N,N,2,1,0,0,0,0,1,0,0,0,0,0,1,1,0,0,0,0,0,0,0,0,0,0,0,0,0,0,0,0,0,0,0,0,0,8,0,39.9688,-75.1278, , 
 ,40576,2014049686,6,67,67301,2014,4,5,1414,14,1,1,0,8,1, , ,N,0,0,0,3,0,1,2,2,N, ,39 58:13.341,75 08:53.136,1432, ,1426, ,0, , , ,0, , , , , ,452738, , , ,1,1,0,0,0,0,0,0,0,0,0,1,1,0,0,0,0,0,0,0,0,1,0,0,0,0,0,0,0,0,0,0,1,0,0,4,0,39.9704,-75.1481, , 
 ,40577,2014054654,6,67,67301,2014,5,1,1555,15,1,1,0,4,1, , ,N,1,2,0,3,0,1,4,2,N,N,40 03:00.795,75 07:38.967,1610, ,1610, ,0, ,N, ,3, , , , , ,452740, , , ,2,0,0,0,0,0,2,0,0,0,0,1,1,0,0,0,0,0,0,0,0,0,0,0,0,0,0,0,0,0,0,0,0,0,0,4,0,40.0502,-75.1275, , 
 ,40578,2014088855,6,67,67301,2014,8,3,1545,15,1,2,1,4,1, , ,N,0,0,7,3,0,0,2,2,N,N,39 58:19.034,75 07:30.763,1601, ,1549,1,2,1, , ,0,N, , , , ,452751, , , ,2,1,0,0,0,0,0,1,0,0,0,0,0,0,0,0,0,0,0,0,0,0,0,0,0,0,0,0,0,0,0,0,0,0,0,0,0,39.972,-75.1252, , 
 ,40579,2014093567,6,67,67301,2014,9,4,1516,15,1,1,0,4,1, , ,N,1,3,0,3,0,1,2,2,N,N,39 56:56.623,75 09:20.444,1522, ,1517, ,0, ,N, ,3, , , , , ,452755, , , ,2,1,0,0,0,0,1,0,0,0,0,1,1,0,0,0,0,0,0,0,0,0,0,0,0,0,0,0,0,0,0,0,0,0,0,4,0,39.9491,-75.1557, , 
 ,40580,2014075980,6,67,67301,2014,6,1,2005,20,3,1,0,4,1, , ,N,3,0,0,3,0,2,3,3,N,N,40 04:34.057,75 09:43.052,2025, ,2018,3,2,5, , ,0,Y, , , , ,452782, , , ,2,0,0,0,0,0,1,1,1,0,0,0,2,2,0,0,0,0,0,0,1,0,0,0,0,0,0,0,0,0,0,0,0,0,0,8,0,40.0761,-75.1619, , 
 ,40581,2014087831,6,67,67301,2014,7,6,1150,11,1,1,0,4,1, , ,N,1,2,0,3,0,1,2,2,N,N,39 58:10.453,75 12:41.538,1202, ,1156, ,0, ,N, ,3, , , , , ,452795, , , ,2,2,0,0,0,0,0,0,0,0,0,1,1,0,1,0,0,0,0,0,1,0,0,0,0,0,0,0,0,0,0,0,0,0,0,4,0,39.9697,-75.2115, , 
 ,40582,2014088819,6,67,67301,2014,7,4,605,6,1,1,0,1,6, , ,N,0,0,0,3,0,1,1,2,N,N,39 58:44.113,75 13:49.523,640, ,605, ,0, ,N, ,0, , , , , ,452796, , , ,2,2,0,0,0,0,0,0,0,0,0,1,1,0,0,0,0,0,0,0,0,0,0,1,0,0,0,0,0,0,0,0,0,0,0,4,0,39.9789,-75.2304, , 
 ,40583,2014068604,6,67,67301,2014,5,4,1920,19,1,1,0,2,1, , ,N,3,2,0,3,0,1,2,2,N,N,39 58:21.476,75 13:03.992,1929, ,1920, ,0, , , ,3, , , , , ,452803, , , ,2,1,0,0,0,0,0,1,0,0,0,1,1,0,0,0,0,0,0,0,0,0,0,1,0,0,0,0,0,0,0,0,0,0,0,4,0,39.9726,-75.2178, , 
 ,40584,2014086492,6,67,67301,2014,7,6,1750,17,1,1,0,8,4, , ,N,1,2,0,3,0,3,3,3,N, ,39 59:27.397,75 06:05.681,1803, ,1759, ,0, , , ,3, , , , , ,452816, , , ,1,0,0,0,0,0,1,0,0,0,0,3,3,0,0,0,0,0,0,0,0,0,0,0,0,0,0,0,0,0,0,0,2,0,0,4,0,39.9909,-75.1016, , 
 ,40585,2014076768,6,67,67301,2014,8,7,213,2,3,2,1,1,1, , ,N,0,0,0,3,0,0,2,2,N,N,39 59:58.939,75 04:48.171,220, ,213,2,2,1,N, ,0,N, , , , ,443842, , , ,2,2,0,0,0,0,0,0,0,0,0,0,0,0,0,0,0,0,0,0,0,0,0,0,0,0,0,0,0,0,0,0,0,0,0,0,0,39.9997,-75.08, , 
 ,40586,2014078811,6,67,67301,2014,6,4,916,9,1,1,0,5,1, , ,N,7,0,8,3,0,5,6,2,N,N,39 54:07.825,75 09:04.304,918, ,900,9,1,1, , ,0,N, , , , ,443844, , , ,2,1,0,0,0,0,0,1,0,0,0,5,5,0,0,0,0,0,0,1,0,0,0,0,0,0,0,0,0,0,0,0,0,0,0,4,0,39.9056,-75.1498, , 
 ,40587,2014079473,6,67,67301,2014,8,5,1635,16,1,1,0,1,1, , ,N,0,0,0,3,0,1,3,2,N,N,39 53:55.826,75 10:15.659,1701, ,1641, ,0, ,N, ,0, , , , , ,443846, , , ,2,2,0,0,0,0,0,0,0,0,0,1,1,0,0,0,0,0,0,0,0,0,0,0,0,0,0,0,0,0,0,0,0,0,0,4,0,39.8988,-75.171, , 
 ,40588,2014088166,6,67,67301,2014,8,2,1138,11,1,1,0,5,1, , ,N,1,3,0,3,0,1,3,2,N,N,40 03:29.803,75 02:35.671,1140, ,1139,9,1,3,N, ,3,N, , , , ,443852, , , ,2,1,0,0,0,0,1,0,0,0,0,0,1,1,0,0,0,0,0,0,1,0,0,0,0,0,0,0,0,0,0,0,0,0,0,8,0,40.0583,-75.0432, , 
 ,40589,2014088170,6,67,67301,2014,7,2,1043,10,1,1,0,1,1, , ,N,1,2,0,3,0,2,3,2,N,Y,39 57:30.397,75 14:14.901,1045, ,1043, ,0, , , ,3, , , , , ,443853, , , ,2,2,0,0,0,0,0,0,0,0,0,0,2,2,1,0,0,0,0,0,1,0,0,0,0,0,0,0,0,0,0,0,0,0,0,8,0,39.9584,-75.2375, , 
 ,40590,2014096403,6,67,67301,2014,9,3,220,2,3,1,0,7,4, , ,N,0,0,0,3,0,0,1,1,N, ,40 03:49.964,75 13:51.952,229, ,222,3,2,1, , ,0,Y, , , , ,443862, , , ,1,1,0,0,0,0,0,0,0,0,0,0,0,0,1,0,0,0,0,0,0,0,0,0,0,0,0,0,0,0,0,0,0,0,0,9,0,40.0639,-75.2311, , 
 ,40591,2014098701,6,67,67301,2014,9,2,718,7,1,1,0,8,1, , ,N,1,3,0,3,0,1,2,2,N, ,40 03:35.406,75 03:58.499,725, ,718, ,0, , , ,3, , , , , ,443864, , , ,1,0,0,0,0,0,1,0,0,0,0,0,1,1,0,0,0,0,0,0,1,0,0,0,0,0,0,0,0,0,0,0,1,0,0,8,0,40.0598,-75.0662, , 
 ,40592,2014069943,6,67,67301,2014,7,4,1729,17,1,1,0,1,1, , ,N,0,0,0,3,0,0,4,4,N,N,39 57:30.623,75 10:04.246,1736, ,1730, ,0, ,N, ,0, , , , , ,443884, , , ,4,1,0,0,1,0,2,0,0,0,0,0,0,0,0,0,0,0,0,0,1,0,0,1,0,0,0,0,0,0,0,0,0,0,0,0,0,39.9585,-75.1678, , 
 ,40593,2014048795,6,67,67301,2014,5,2,30,0,3,1,0,1,1, , ,N,0,0,0,3,0,2,2,2,N,N,39 55:48.011,75 11:52.950,45, ,38,1,2,4,N, ,0,N, , , , ,443887, , , ,2,2,0,0,0,0,0,0,0,0,1,1,2,0,0,0,0,0,0,0,0,0,0,0,0,0,0,0,0,0,0,0,0,0,0,3,0,39.93,-75.198, , 
 ,40594,2014054646,6,67,67301,2014,4,6,2225,22,3,2,1,8,1, , ,N,0,0,0,3,0,1,2,2,N, ,40 01:59.725,75 11:48.851,2326, ,2320, ,0, ,N, ,0, , , , , ,443893, , , ,1,1,0,0,0,0,0,0,0,0,0,0,1,1,0,0,0,0,0,0,0,0,0,0,0,0,0,0,0,0,0,0,1,0,0,8,0,40.0333,-75.1969, , 
 ,40595,2014059222,6,67,67301,2014,4,7,624,6,5,1,1,4,1, , ,N,0,0,7,3,0,2,4,2,N, ,40 03:10.282,75 00:29.958,639, ,625,3,2,5, , ,0,N, , , , ,443901, , , ,2,1,0,0,0,0,1,0,0,0,0,1,2,1,0,0,0,0,0,0,0,0,0,1,0,0,0,0,0,0,0,0,0,0,0,4,0,40.0529,-75.0083, , 
 ,40596,2014059237,6,67,67301,2014,5,1,222,2,3,1,0,7,3, , ,N,0,0,0,3,0,1,1,1,N,N,40 00:32.420,75 09:04.266,227, ,224,1,1,2,N, ,0,Y, , , , ,443902, , , ,1,1,0,0,0,0,0,0,0,0,0,1,1,0,0,0,0,0,0,0,0,0,0,1,0,0,0,0,0,0,0,0,0,0,0,4,0,40.009,-75.1512, , 