wz_ln_closure,objectid_1,crn,district,county,municipality,crash_year,crash_month,day_of_week,time_of_day,hour_of_day,illumination,weather,road_condition,collision_type,relation_to_road,work_zone_type,work_zone_loc,work_zone_ind,intersect_type,tcd_type,location_type,urban_rural,fatal_count,injury_count,person_count,total_units,sch_bus_ind,sch_zone_ind,latitude,longitude,arrival_tm,cons_zone_spd_lim,dispatch_tm,est_hrs_closed,lane_closed,ln_close_dir,ntfy_hiwy_maint,spec_juris_cd,tcd_func_cd,tfc_detour_ind,workers_pres,wz_close_detour,wz_flagger,wz_law_offcr_ind,objectid,wz_moving,wz_other,wz_shlder_mdn,vehicle_count,automobile_count,motorcycle_count,bus_count,small_truck_count,heavy_truck_count,suv_count,van_count,bicycle_count,maj_inj_count,mod_inj_count,min_inj_count,tot_inj_count,unk_inj_deg_count,unk_inj_per_count,driver_count_16yr,driver_count_17yr,driver_count_18yr,driver_count_19yr,driver_count_20yr,driver_count_50_64yr,driver_count_65_74yr,driver_count_75plus,unbelted_occ_count,unb_death_count,unb_maj_inj_count,belted_death_count,belted_maj_inj_count,mcycle_death_count,mcycle_maj_inj_count,bicycle_death_count,bicycle_maj_inj_count,ped_count,ped_death_count,ped_maj_inj_count,max_severity_level,comm_veh_count,dec_lat,dec_long,rdwy_surf_type_cd,county_name
 ,40597,2014068006,6,67,67301,2014,6,1,1810,18,1,1,0,7,4, , ,N,0,0,0,3,0,1,1,2,N,N,40 05:21.681,74 58:08.205,1825, ,1820, ,0, , , ,0, , , , , ,443911, , , ,1,0,0,0,1,0,0,0,0,0,0,0,1,1,0,0,0,0,0,0,0,0,0,0,0,0,0,0,0,0,0,0,0,0,0,8,0,40.0894,-74.9689, , 
 ,40598,2014055755,6,46,46104,2014,4,4,1513,15,1,2,1,1,1, , ,N,2,2,0,3,0,0,2,2,N,N,39 59:22.038,75 15:05.086,1518, ,1513, ,0, ,N, ,3, , , , , ,443927, , , ,2,1,0,0,0,0,1,0,0,0,0,0,0,0,0,0,0,0,0,1,0,0,0,0,0,0,0,0,0,0,0,0,0,0,0,0,0,39.9895,-75.2514, , 
 ,40599,2014027704,6,67,67301,2014,2,1,215,2,3,1,0,8,1, , ,N,1,2,0,3,0,1,3,2,N,N,39 55:11.966,75 13:22.049,225, ,224, ,0, ,N, ,3, , , , , ,443945, , , ,1,1,0,0,0,0,0,0,0,0,0,1,1,0,0,0,0,0,0,0,0,1,0,0,0,0,0,0,0,0,0,0,1,0,0,4,0,39.9199,-75.2228, , 
 ,40600,2014043118,6,67,67301,2014,3,5,1830,18,4,1,0,2,1, , ,N,1,2,0,3,0,2,3,2,N,N,40 01:52.935,75 09:08.539,1850, ,1841, ,0, ,N, ,3, , , , , ,443958, , , ,2,1,0,0,1,0,0,0,0,0,2,0,2,0,0,0,0,0,0,0,0,0,0,0,0,0,0,0,0,0,0,0,0,0,0,3,0,40.0314,-75.1524, , 
 ,40601,2014049472,6,67,67301,2014,4,6,1600,16,1,1,0,8,1, , ,N,0,0,0,3,0,1,2,2,N,N,40 01:22.757,75 04:37.869,1625, ,1623, ,0, ,N, ,0, , , , , ,443964, , , ,1,1,0,0,0,0,0,0,0,0,0,0,1,1,0,0,0,1,0,0,0,0,0,0,0,0,0,0,0,0,0,0,1,0,0,8,0,40.023,-75.0772, , 
 ,40602,2014081466,6,67,67301,2014,6,4,1540,15,1,1,0,5,1, , ,N,1,2,0,3,0,4,12,2,N, ,40 04:16.614,75 02:17.825,1545, ,1540,1,1,2, , ,3,N, , , , ,443988, , , ,2,0,0,0,0,0,0,2,0,0,0,4,4,0,0,0,0,1,0,0,1,0,0,0,0,0,0,0,0,0,0,0,0,0,0,4,0,40.0713,-75.0383, , 
 ,40603,2014084406,6,67,67301,2014,7,7,2115,21,3,1,0,8,1, , ,N,1,3,0,3,0,1,2,2,N,N,39 56:12.559,75 11:53.415,2220, ,2218, ,0, ,N, ,3, , , , , ,443991, , , ,1,0,0,0,0,0,1,0,0,0,0,1,1,0,0,0,0,0,0,0,0,0,0,0,0,0,0,0,0,0,0,0,1,0,0,4,0,39.9368,-75.1982, , 
 ,40604,2014068118,6,67,67301,2014,6,1,155,1,3,1,0,7,4, , ,N,0,0,0,3,0,1,1,1,N,N,40 02:26.356,75 03:08.184,155, ,155, ,0, ,N, ,0, , , , , ,446914, , , ,1,1,0,0,0,0,0,0,0,0,0,1,1,0,0,0,0,0,0,0,0,0,0,0,0,0,0,0,0,0,0,0,0,0,0,4,0,40.0407,-75.0523, , 
 ,40605,2014078066,6,67,67301,2014,7,1,45,0,3,1,0,9,1, , ,N,0,0,0,3,0,0,1,1,N,N,39 57:17.083,75 10:51.586,53, ,47,3,2,4,N, ,0,N, , , , ,446926, , , ,1,1,0,0,0,0,0,0,0,0,0,0,0,0,1,0,0,0,0,0,0,0,0,0,0,0,0,0,0,0,0,0,0,0,0,9,0,39.9547,-75.181, , 
 ,40606,2014084394,6,67,67301,2014,7,2,1858,18,4,1,0,4,1, , ,N,1,3,0,3,0,0,5,2,N,N,39 56:41.152,75 14:39.639,2020, ,2015, ,0, ,N, ,3, , , , , ,446931, , , ,2,1,0,0,0,0,0,1,0,0,0,0,0,0,0,0,0,0,0,0,0,0,0,2,0,0,0,0,0,0,0,0,0,0,0,0,0,39.9448,-75.2443, , 
 ,40607,2014087959,6,67,67301,2014,8,2,1600,16,1,1,0,1,1, , ,N,0,0,0,3,0,1,2,2,N,N,40 00:22.480,75 07:59.610,2125, ,2120, ,0, ,N, ,0, , , , , ,446934, , , ,2,2,0,0,0,0,0,0,0,0,0,1,1,0,0,0,0,0,0,0,0,0,0,0,0,0,0,0,0,0,0,0,0,0,0,4,0,40.0062,-75.1332, , 
 ,40608,2014088616,6,67,67301,2014,7,6,1435,14,1,1,0,4,1, , ,N,1,3,0,3,0,1,4,2,N,N,39 56:32.956,75 13:28.678,1518, ,1503, ,0, ,N, ,3, , , , , ,446935, , , ,2,1,0,0,0,0,1,0,0,0,0,1,1,0,0,0,0,0,0,0,2,0,0,0,0,0,0,0,0,0,0,0,0,0,0,4,0,39.9425,-75.2246, , 
 ,40609,2014096396,6,67,67301,2014,9,2,830,8,1,1,0,5,1, , ,N,0,0,0,3,0,1,2,2,N,N,39 56:54.732,75 13:04.160,1210, ,1148, ,0, ,N, ,0, , , , , ,446944, , , ,1,1,0,0,0,0,0,0,1,0,1,0,1,0,0,0,0,0,0,0,0,0,0,0,0,0,0,0,0,0,0,0,0,0,0,3,0,39.9485,-75.2178, , 
 ,40610,2014096419,6,67,67301,2014,9,2,9999,99,1,1,0,4,1, , ,N,1,2,0,3,0,1,2,2,N,N,40 05:41.833,75 00:55.566,1820, ,1811, ,0, , , ,3, , , , , ,446945, , , ,2,2,0,0,0,0,0,0,0,0,1,0,1,0,0,0,0,0,0,0,0,0,0,0,0,0,0,0,0,0,0,0,0,0,0,3,0,40.0948,-75.0153, , 
 ,40611,2014104983,6,67,67301,2014,10,2,1638,16,1,1,0,4,1, , ,N,1,3,0,3,0,1,2,2,N,N,39 57:46.263,75 13:20.146,1642, ,1640, ,0, ,N, ,3, , , , , ,446955, , , ,2,2,0,0,0,0,0,0,0,0,0,0,1,1,0,0,0,0,0,0,0,1,0,0,0,0,0,0,0,0,0,0,0,0,0,8,0,39.9629,-75.2223, , 
 ,40612,2014084160,6,67,67301,2014,7,7,939,9,1,1,0,4,1, , ,N,1,2,0,3,0,0,4,2,N,N,40 03:14.351,75 02:56.006,950, ,945,2,2,1,N, ,3,Y, , , , ,446966, , , ,2,1,0,0,0,0,1,0,0,0,0,0,0,0,0,0,0,0,0,0,0,0,0,2,0,0,0,0,0,0,0,0,0,0,0,0,0,40.054,-75.0489, , 
 ,40613,2014097090,6,67,67301,2014,10,7,725,7,1,1,1,7,4, , ,N,0,0,0,3,0,0,1,1,N,N,39 58:58.515,75 09:24.759,735, ,730, ,0, ,Y, ,0, , , , , ,446977, , , ,1,0,0,0,0,0,1,0,0,0,0,0,0,0,0,0,0,0,0,0,0,0,0,0,0,0,0,0,0,0,0,0,0,0,0,0,0,39.9829,-75.1569, , 
 ,40614,2014109920,6,67,67301,2014,10,3,1045,10,1,2,1,8,1, , ,N,2,3,0,3,0,1,2,2,N, ,39 57:33.908,75 13:29.937,1100, ,1057, ,0, , , ,3, , , , , ,446991, , , ,1,1,0,0,0,0,0,0,0,0,0,0,1,1,0,0,0,0,0,0,0,0,0,0,0,0,0,0,0,0,0,0,1,0,0,8,0,39.9594,-75.225, , 
 ,40615,2014120866,6,67,67301,2014,11,7,722,7,1,1,0,4,1, , ,N,1,3,0,3,0,1,2,2,N, ,40 01:18.422,75 03:46.457,750, ,748, ,0, , , ,3, , , , , ,447004, , , ,2,0,0,0,0,0,2,0,0,0,0,0,1,1,0,0,0,0,0,0,0,0,0,0,0,0,0,0,0,0,0,0,0,0,0,8,0,40.0218,-75.0629, , 
 ,40616,2014069945,6,67,67301,2014,7,4,720,7,1,1,0,7,2, , ,N,0,0,0,3,0,2,2,1,N,N,40 02:05.663,75 01:05.792,726, ,720,1,2,1,N, ,0,N, , , , ,447015, , , ,1,1,0,0,0,0,0,0,0,0,0,1,2,1,0,0,0,0,0,0,0,0,0,0,0,0,0,0,0,0,0,0,0,0,0,4,0,40.0349,-75.0183, , 
 ,40617,2014081491,6,67,67301,2014,6,4,1449,14,1,1,0,4,1, , ,N,0,0,0,3,0,2,2,2,N,N,40 01:31.630,75 08:05.860,1525, ,1521, ,0, ,N, ,0, , , , , ,447022, , , ,2,1,1,0,0,0,0,0,0,0,0,2,2,0,0,0,0,0,0,0,0,0,0,0,0,0,0,0,0,0,0,0,0,0,0,4,0,40.0255,-75.135, , 
 ,40618,2014087345,6,67,67301,2014,8,7,1436,14,1,2,1,4,1, , ,N,1,2,0,3,0,2,4,3,N,N,39 59:56.763,75 13:51.120,1436, ,1436, ,0, ,N, ,3, , , , , ,447027, , , ,3,1,0,0,0,0,2,0,0,0,0,2,2,0,0,0,0,0,0,0,1,0,1,0,0,0,0,0,0,0,0,0,0,0,0,4,0,39.9991,-75.2309, , 
 ,40619,2014088318,6,67,67301,2014,7,6,542,5,5,1,0,1,1, , ,N,1,2,0,3,0,1,3,2,N, ,39 59:36.433,75 09:02.956,607, ,605,2,1,4, , ,3,N, , , , ,447028, , , ,2,1,0,0,0,0,1,0,0,0,0,1,1,0,0,0,0,0,0,0,1,0,0,0,0,0,0,0,0,0,0,0,0,0,0,4,0,39.9935,-75.1508, , 
 ,40620,2014095176,6,67,67301,2014,9,6,1928,19,4,1,0,1,1, , ,N,0,0,0,3,0,3,4,3,N,N,39 53:35.209,75 13:48.305,2010, ,1946, ,0, ,N, ,0, , , , , ,447034, , , ,3,3,0,0,0,0,0,0,0,0,0,3,3,0,1,0,0,0,0,0,1,0,0,0,0,0,0,0,0,0,0,0,0,0,0,4,0,39.8931,-75.2301, , 
 ,40621,2014095850,6,67,67301,2014,9,6,955,9,1,1,0,7,5, , ,N,0,0,0,3,0,1,1,1,N,N,40 00:23.932,75 07:08.538,955, ,955, ,0, ,N, ,0, , , , , ,447036, , , ,1,1,0,0,0,0,0,0,0,0,0,1,1,0,0,0,0,0,0,0,1,0,0,0,0,0,0,0,0,0,0,0,0,0,0,4,0,40.0066,-75.119, , 
 ,40622,2014106707,6,67,67301,2014,10,4,1400,14,1,1,0,5,1, , ,N,0,0,0,3,0,1,2,2,N,N,39 58:17.681,75 07:15.927,1500, ,1500, ,0, ,N, ,0, , , , , ,447048, , , ,2,1,0,0,0,1,0,0,0,0,0,0,1,1,0,0,0,0,0,0,1,0,0,0,0,0,0,0,0,0,0,0,0,0,0,8,1,39.9716,-75.1211, , 
 ,40623,2014098708,6,67,67301,2014,9,7,1421,14,1,1,0,4,1, , ,N,1,3,0,3,0,2,5,2,N,N,39 57:50.580,75 12:08.819,1501, ,1458, ,0, ,N, ,3, , , , , ,450659, , , ,2,2,0,0,0,0,0,0,0,0,0,0,2,2,1,0,0,0,0,0,0,0,0,0,0,0,0,0,0,0,0,0,0,0,0,8,0,39.9641,-75.2024, , 
 ,40624,2014110408,6,67,67301,2014,6,4,1750,17,1,1,0,4,1, , ,N,1,3,0,3,0,6,7,3,N,N,39 59:53.365,75 08:00.340,1751, ,1750,4,2,7,N, ,3,Y, , , , ,450667, , , ,3,1,0,0,1,0,1,0,0,1,0,4,6,1,0,0,0,0,0,0,0,0,0,1,0,0,0,0,0,0,0,0,0,0,0,2,0,39.9982,-75.1334, , 
 ,40625,2014078777,6,67,67301,2014,6,2,2021,20,4,1,0,1,1, , ,N,2,2,0,3,0,0,3,3,N,N,39 57:05.855,75 09:49.658,2028, ,2026, ,0, ,N, ,3, , , , , ,450682, , , ,3,0,0,0,0,0,3,0,0,0,0,0,0,0,0,0,0,0,0,0,0,0,0,0,0,0,0,0,0,0,0,0,0,0,0,0,0,39.9516,-75.1637, , 
 ,40626,2014078818,6,67,67301,2014,6,2,900,9,1,1,0,8,1, , ,N,0,0,0,3,0,1,2,2,N,N,40 00:01.152,75 06:55.008,1040, ,1036, ,0, ,N, ,0, , , , , ,450683, , , ,1,0,0,0,0,0,1,0,0,0,0,0,1,1,0,0,0,0,0,0,0,0,0,0,0,0,0,0,0,0,0,0,1,0,0,8,0,40.0003,-75.1153, , 
 ,40627,2014104579,6,67,67301,2014,10,2,1026,10,1,1,0,1,1, , ,N,0,0,6,3,0,2,4,2,N,N,40 04:03.613,75 02:26.093,1032, ,1026,1,1,2,N, ,0,N, , , , ,450707, , , ,2,1,0,0,0,0,1,0,0,0,0,0,2,2,0,0,0,0,0,0,0,0,0,0,0,0,0,0,0,0,0,0,0,0,0,8,0,40.0677,-75.0406, , 
 ,40628,2014084403,6,67,67301,2014,7,2,1900,19,4,1,0,5,1, , ,N,0,0,0,3,0,1,2,2,N,N,39 56:59.792,75 11:28.258,2008, ,2006, ,0, ,N, ,0, , , , , ,450743, , , ,1,1,0,0,0,0,0,0,1,0,0,0,1,1,1,0,0,0,0,0,0,0,0,0,0,0,0,0,0,0,0,0,0,0,0,8,0,39.9499,-75.1912, , 
 ,40629,2014087742,6,67,67301,2014,7,7,1651,16,1,1,0,4,1, , ,N,1,3,0,3,0,2,2,2,N, ,39 59:47.382,75 13:43.683,9999, ,1700, ,0, , , ,3, , , , , ,450744, , , ,2,2,0,0,0,0,0,0,0,0,0,0,2,2,0,0,0,0,0,0,1,1,0,0,0,0,0,0,0,0,0,0,0,0,0,8,0,39.9965,-75.2288, , 
 ,40630,2014088372,6,67,67301,2014,7,5,900,9,1,1,0,4,1, , ,N,0,0,7,3,0,1,2,2,N, ,39 55:57.039,75 09:41.738,910, ,908, ,0, ,N, ,0, , , , , ,450745, , , ,1,1,0,0,0,0,0,0,1,0,0,1,1,0,0,0,0,0,0,0,0,0,0,0,0,0,0,0,0,0,0,0,0,0,0,4,0,39.9325,-75.1616, , 
 ,40631,2014101386,6,67,67301,2014,9,5,1250,12,1,2,1,4,1, , ,N,1,3,0,3,0,0,1,5,N,N,39 56:15.936,75 09:11.872,1259, ,1256, ,0, ,N, ,3, , , , , ,450755, , , ,5,3,0,0,0,1,1,0,0,0,0,0,0,0,0,0,0,0,0,0,1,0,0,0,0,0,0,0,0,0,0,0,0,0,0,0,1,39.9378,-75.1533, , 
 ,40632,2014103214,6,67,67301,2014,10,7,1712,17,1,1,0,9,1, , ,N,0,0,0,3,0,0,2,1,N,N,39 55:20.082,75 08:51.387,1712, ,1712, ,0, ,N, ,0, , , , , ,450758, , , ,1,1,0,0,0,0,0,0,0,0,0,0,0,0,0,0,0,0,0,0,0,0,0,0,0,0,0,0,0,0,0,0,0,0,0,0,0,39.9222,-75.1476, , 
 ,40633,2014104503,6,67,67301,2014,9,3,2200,22,3,9,8,8,1, , ,N,1,2,0,3,0,1,2,2,N,N,39 56:07.965,75 09:19.396,9999, ,9999, ,0, ,N, ,3, , , , , ,450759, , , ,1,1,0,0,0,0,0,0,0,0,1,0,1,0,0,0,0,0,0,0,0,0,0,0,0,0,0,0,0,0,0,0,1,0,0,3,0,39.9355,-75.1554, , 
 ,40634,2014076773,6,67,67301,2014,8,4,130,1,3,1,0,7,3, , ,N,6,0,2,3,0,0,1,1,N,N,39 53:35.717,75 13:42.269,141, ,140,2,1,2,N, ,0,N, , , , ,450783, , , ,1,1,0,0,0,0,0,0,0,0,0,0,0,0,0,0,0,0,0,0,0,0,0,0,0,0,0,0,0,0,0,0,0,0,0,0,0,39.8933,-75.2284, , 
 ,40635,2014104386,6,67,67301,2014,9,1,2116,21,3,1,0,7,2, , ,N,0,0,0,3,0,1,1,1,N,N,39 59:08.502,75 12:57.899,2136, ,2130,2,2,3,N, ,0,Y, , , , ,450813, , , ,1,0,1,0,0,0,0,0,0,0,0,0,1,1,0,0,0,0,0,0,1,0,0,0,0,0,0,0,0,0,0,0,0,0,0,8,0,39.9857,-75.2161, , 
 ,40636,2014049630,6,67,67301,2014,4,6,1945,19,4,1,0,8,1, , ,N,1,2,0,3,0,1,2,2,N,N,40 05:49.711,75 01:05.375,9999, ,9999, ,0, ,N, ,3, , , , , ,450820, , , ,1,0,0,0,0,0,0,0,0,0,0,1,1,0,0,0,0,0,0,0,0,0,0,0,0,0,0,0,0,0,0,0,1,0,0,4,0,40.0971,-75.0182, , 
 ,40637,2014049734,6,67,67301,2014,4,2,2235,22,3,1,0,7,4, , ,N,0,0,0,3,0,1,1,1,N,N,40 06:00.475,75 02:53.902,2245, ,2241, ,0, ,N, ,0, , , , , ,450821, , , ,1,0,0,0,0,0,1,0,0,0,0,0,1,1,0,0,0,0,0,0,0,0,0,0,0,0,0,0,0,0,0,0,0,0,0,8,0,40.1001,-75.0483, , 
 ,40638,2014088396,6,67,67301,2014,7,7,1430,14,1,1,0,8,1, , ,N,2,3,0,3,0,1,2,2,N,N,40 02:28.453,75 10:14.678,1507, ,1505, ,0, , , ,3, , , , , ,450845, , , ,1,1,0,0,0,0,0,0,0,0,1,0,1,0,0,0,0,0,0,0,0,0,0,0,0,0,0,0,0,0,0,0,1,0,0,3,0,40.0412,-75.1707, , 
 ,40639,2014091463,6,67,67301,2014,9,3,9999,99,1,1,0,8,1, , ,N,1,2,0,3,0,1,2,2,N, ,39 59:40.673,75 05:40.311,1057, ,1056, ,0, , , ,3, , , , , ,450849, , , ,1,0,0,0,0,0,1,0,0,0,1,0,1,0,0,0,0,0,0,0,1,0,0,0,0,0,0,0,0,0,0,0,1,0,0,3,0,39.9946,-75.0945, , 
 ,40640,2014059073,6,67,67301,2014,5,2,2239,22,3,1,0,7,5, , ,N,0,0,0,3,0,0,1,1,N,N,40 03:44.338,75 14:21.502,2250, ,2249, ,0, ,N, ,0, , , , , ,450864, , , ,1,1,0,0,0,0,0,0,0,0,0,0,0,0,0,0,0,0,0,0,0,0,0,0,0,0,0,0,0,0,0,0,0,0,0,0,0,40.0623,-75.2393, , 
 ,40641,2014076402,6,67,67301,2014,8,2,10,0,3,1,0,7,3, , ,N,0,0,0,3,0,2,2,1,N,N,40 00:20.452,75 04:30.042,19, ,12,2,2,1,N, ,0,N, , , , ,450884, , , ,1,0,0,0,0,0,1,0,0,0,0,2,2,0,0,0,0,0,0,0,0,0,0,0,0,0,0,0,0,0,0,0,0,0,0,4,0,40.0057,-75.075, , 
 ,40642,2014054501,6,67,67301,2014,4,5,1605,16,1,1,0,6,1, , ,N,2,0,0,3,0,1,1,3,N, ,40 01:40.818,75 12:35.997,9999, ,9999, ,0, , , ,0, , , , , ,454031, , , ,3,1,0,0,0,0,2,0,0,0,0,1,1,0,0,0,0,0,0,0,0,0,0,0,0,0,0,0,0,0,0,0,0,0,0,4,0,40.028,-75.21, , 
 ,40643,2014069431,6,67,67301,2014,5,2,127,1,6,1,0,5,6, , ,N,0,0,0,3,0,0,1,2,N,N,40 01:13.300,75 09:06.800,139, ,132,9,1,4, , ,0,N, , , , ,454042, , , ,2,1,0,0,0,0,1,0,0,0,0,0,0,0,0,0,0,0,0,0,0,0,0,0,0,0,0,0,0,0,0,0,0,0,0,0,0,40.0204,-75.1519, , 
 ,40644,2014069944,6,67,67301,2014,7,3,1731,17,1,1,0,1,1, , ,N,0,0,0,3,0,1,4,4,N,N,39 58:46.997,75 06:23.538,1743, ,1732, ,0, ,N, ,0, , , , , ,454043, , , ,4,3,0,0,0,0,1,0,0,0,0,1,1,0,0,0,0,0,0,0,0,0,0,0,0,0,0,0,0,0,0,0,0,0,0,4,0,39.9797,-75.1065, , 
 ,40645,2014089042,6,67,67301,2014,8,6,1327,13,1,1,0,4,1, , ,N,1,2,0,3,0,0,3,2,N, ,40 00:59.814,75 08:49.815,1339, ,1329, ,0, , , ,3, , , , , ,454066, , , ,2,1,0,0,0,0,1,0,0,0,0,0,0,0,0,0,0,0,0,0,0,0,0,0,0,0,0,0,0,0,0,0,0,0,0,0,0,40.0166,-75.1472, , 
 ,40646,2014089341,6,67,67301,2014,8,1,1741,17,1,1,0,4,1, , ,N,1,2,0,3,0,1,2,2,N,N,40 00:25.981,75 07:24.378,1741, ,1741,2,1,1,N, ,3,N, , , , ,454067, , , ,2,0,0,0,1,0,1,0,0,0,0,0,1,1,0,0,0,0,0,0,1,1,0,0,0,0,0,0,0,0,0,0,0,0,0,8,0,40.0072,-75.1234, , 
 ,40647,2014058282,6,67,67301,2014,6,6,55,0,3,1,0,1,1, , ,N,0,0,0,3,0,0,2,2,N,N,39 57:30.530,75 09:59.816,58, ,55,1,1,4,N, ,0,N, , , , ,454094, , , ,2,2,0,0,0,0,0,0,0,0,0,0,0,0,0,0,0,0,0,0,0,0,0,0,0,0,0,0,0,0,0,0,0,0,0,0,0,39.9585,-75.1666, , 
 ,40648,2014059320,6,67,67301,2014,5,5,1645,16,1,1,0,1,1, , ,N,0,0,0,3,0,4,6,2,N,N,40 02:08.857,75 08:59.592,1710, ,1700, ,0, ,N, ,0, , , , , ,454126, , , ,2,0,0,0,0,0,1,1,0,0,0,0,4,4,0,0,0,0,0,0,1,1,0,0,0,0,0,0,0,0,0,0,0,0,0,8,0,40.0358,-75.1499, , 
 ,40649,2014060817,6,67,67301,2014,4,2,1135,11,1,9,8,1,1, , ,N,1,2,0,3,0,3,4,2,N,N,40 01:18.310,75 07:33.794,9999, ,9999, ,0, ,N, ,3, , , , , ,454130, , , ,2,1,0,0,0,0,0,0,0,0,0,3,3,0,1,0,0,0,0,0,0,0,0,0,0,0,0,0,0,0,0,0,0,0,0,4,0,40.0218,-75.1261, , 
 ,40650,2014065517,6,67,67301,2014,5,6,1742,17,1,1,0,8,1, , ,N,0,0,0,3,0,1,2,2,N, ,39 59:15.615,75 10:15.045,1758, ,1753,1,1,1, , ,0,N, , , , ,454156, , , ,1,0,0,0,0,0,1,0,0,0,0,0,1,1,0,0,0,0,0,0,0,1,0,0,0,0,0,0,0,0,0,0,1,0,0,8,0,39.9877,-75.1708, , 
 ,40651,2014059102,6,67,67301,2014,5,7,2220,22,3,8,1,4,1, , ,N,1,2,0,3,0,0,2,2,N,N,39 56:45.089,75 14:25.018,2222, ,2222, ,0, ,N, ,3, , , , , ,454191, , , ,2,2,0,0,0,0,0,0,0,0,0,0,0,0,0,0,0,0,0,0,1,0,0,0,0,0,0,0,0,0,0,0,0,0,0,0,0,39.9459,-75.2403, , 
 ,40652,2014093533,6,67,67301,2014,9,5,2324,23,3,1,0,7,2, , ,N,0,0,0,3,0,0,1,1,N, ,40 04:54.629,74 57:59.519,2350, ,2330, ,0, , , ,0, , , , , ,454209, , , ,1,1,0,0,0,0,0,0,0,0,0,0,0,0,0,0,0,1,0,0,0,0,0,0,0,0,0,0,0,0,0,0,0,0,0,0,0,40.0818,-74.9665, , 
 ,40653,2014100548,6,67,67301,2014,10,1,1034,10,1,1,0,1,1, , ,N,0,0,0,3,0,1,2,2,N,N,39 58:22.666,75 11:37.855,1043, ,1038, ,0, ,N, ,0, , , , , ,454219, , , ,2,1,0,0,0,0,1,0,0,0,0,1,1,0,0,0,0,0,0,0,0,0,0,0,0,0,0,0,0,0,0,0,0,0,0,4,0,39.973,-75.1938, , 
 ,40654,2014106718,6,67,67301,2014,10,1,1823,18,1,1,0,8,1, , ,N,0,0,0,3,0,1,2,2,N, ,40 04:08.293,75 11:56.843,1830, ,1824,1,2,5, , ,0,Y, , , , ,454228, , , ,1,1,0,0,0,0,0,0,0,0,0,0,1,1,0,0,0,0,0,0,0,0,0,0,0,0,0,0,0,0,0,0,1,0,0,8,0,40.069,-75.1991, , 
 ,40655,2014064839,6,67,67301,2014,6,7,1345,13,1,1,0,1,1, , ,N,0,0,0,3,0,0,5,3,N,N,40 00:28.466,75 12:08.080,1355, ,1347,2,2,3,N, ,0,N, , , , ,454239, , , ,3,3,0,0,0,0,0,0,0,0,0,0,0,0,0,0,0,0,0,1,1,0,0,0,0,0,0,0,0,0,0,0,0,0,0,0,0,40.0079,-75.2022, , 
 ,40656,2014068277,6,67,67301,2014,6,2,716,7,1,1,0,4,1, , ,N,0,0,0,3,0,1,2,2,N,N,40 03:05.870,74 59:18.542,725, ,721,1,1,1,N, ,0,N, , , , ,454242, , , ,2,1,0,0,0,0,1,0,0,0,0,1,1,0,0,0,0,0,0,0,0,0,0,0,0,0,0,0,0,0,0,0,0,0,0,4,0,40.0516,-74.9885, , 
 ,40657,2014027699,6,67,67301,2014,2,2,532,5,3,2,1,1,1, , ,N,1,2,0,3,0,3,3,2,N,N,39 55:16.534,75 11:37.854,534, ,532, ,0, , , ,3, , , , , ,454254, , , ,2,2,0,0,0,0,0,0,0,0,0,2,3,1,0,0,0,0,0,0,0,0,0,0,0,0,0,0,0,0,0,0,0,0,0,4,0,39.9211,-75.1938, , 
 ,40658,2014033948,6,67,67301,2014,3,1,320,3,3,2,1,5,1, , ,N,0,0,0,3,0,3,3,2,N,N,39 58:07.043,75 07:43.574,330, ,321,2,2,2,N, ,0,Y, , , , ,454260, , , ,2,0,0,0,0,0,2,0,0,0,0,3,3,0,0,0,0,0,0,0,0,0,0,1,0,0,0,0,0,0,0,0,0,0,0,4,0,39.9686,-75.1288, , 
 ,40659,2014049590,6,67,67301,2014,3,7,700,7,1,1,0,7,4, , ,N,1,2,0,3,0,1,1,1,N, ,40 03:17.072,75 00:17.300,705, ,705, ,0, , , ,3, , , , , ,454277, , , ,1,0,0,0,0,0,1,0,0,0,0,0,1,1,0,0,0,0,0,0,0,0,0,0,0,0,0,0,0,0,0,0,0,0,0,8,0,40.0547,-75.0048, , 
 ,40660,2014113351,6,67,67301,2014,11,1,230,2,3,1,0,6,1, , ,N,0,0,1,3,0,0,2,3,N,N,39 59:19.978,75 05:22.054,237, ,235,2,1,3,N, ,0,N, , , , ,454310, , , ,3,2,0,0,1,0,0,0,0,0,0,0,0,0,0,0,0,0,0,0,0,0,0,0,0,0,0,0,0,0,0,0,0,0,0,0,0,39.9889,-75.0895, , 
 ,40661,2014088169,6,67,67301,2014,7,2,9999,99,1,1,0,1,1, , ,N,0,0,0,3,0,1,1,2,N,N,40 00:35.840,75 06:45.610,1325, ,1325, ,0, ,N, ,0, , , , , ,443995, , , ,2,1,1,0,0,0,0,0,0,0,1,0,1,0,0,0,0,0,0,0,0,0,0,0,0,0,0,0,0,0,0,0,0,0,0,3,0,40.01,-75.1127, , 
 ,40662,2014089043,6,67,67301,2014,7,7,1134,11,1,1,0,4,1, , ,N,5,2,1,3,0,1,2,2,N,N,40 00:01.004,75 06:23.097,1144, ,1144, ,0, , , ,3, , , , , ,443996, , , ,1,0,0,0,0,0,1,0,1,0,0,1,1,0,0,0,0,0,0,0,0,0,0,0,0,0,0,0,0,0,0,0,0,0,0,4,0,40.0003,-75.1064, , 