wz_ln_closure,objectid_1,crn,district,county,municipality,crash_year,crash_month,day_of_week,time_of_day,hour_of_day,illumination,weather,road_condition,collision_type,relation_to_road,work_zone_type,work_zone_loc,work_zone_ind,intersect_type,tcd_type,location_type,urban_rural,fatal_count,injury_count,person_count,total_units,sch_bus_ind,sch_zone_ind,latitude,longitude,arrival_tm,cons_zone_spd_lim,dispatch_tm,est_hrs_closed,lane_closed,ln_close_dir,ntfy_hiwy_maint,spec_juris_cd,tcd_func_cd,tfc_detour_ind,workers_pres,wz_close_detour,wz_flagger,wz_law_offcr_ind,objectid,wz_moving,wz_other,wz_shlder_mdn,vehicle_count,automobile_count,motorcycle_count,bus_count,small_truck_count,heavy_truck_count,suv_count,van_count,bicycle_count,maj_inj_count,mod_inj_count,min_inj_count,tot_inj_count,unk_inj_deg_count,unk_inj_per_count,driver_count_16yr,driver_count_17yr,driver_count_18yr,driver_count_19yr,driver_count_20yr,driver_count_50_64yr,driver_count_65_74yr,driver_count_75plus,unbelted_occ_count,unb_death_count,unb_maj_inj_count,belted_death_count,belted_maj_inj_count,mcycle_death_count,mcycle_maj_inj_count,bicycle_death_count,bicycle_maj_inj_count,ped_count,ped_death_count,ped_maj_inj_count,max_severity_level,comm_veh_count,dec_lat,dec_long,rdwy_surf_type_cd,county_name
 ,40663,2014110427,6,67,67301,2014,10,7,1104,11,1,2,1,4,1, , ,N,1,3,0,3,0,2,6,2,N, ,40 03:55.202,75 13:59.411,1109, ,1106, ,0, , , ,3, , , , , ,444012, , , ,2,0,0,0,0,0,2,0,0,0,0,2,2,0,0,0,0,0,0,0,0,1,0,0,0,0,0,0,0,0,0,0,0,0,0,4,0,40.0653,-75.2332, , 
 ,40664,2014050275,6,67,67301,2014,4,7,1945,19,4,1,0,4,1, , ,N,1,2,0,3,0,1,2,2,N, ,39 55:15.755,75 13:26.897,1948, ,1945, ,0, , , ,3, , , , , ,444022, , , ,1,1,0,0,0,0,0,0,1,0,0,1,1,0,0,0,0,0,0,0,1,0,0,0,0,0,0,0,0,0,0,0,0,0,0,4,0,39.9211,-75.2242, , 
 ,40665,2014019160,6,67,67301,2014,1,7,1810,18,3,1,0,6,1, , ,N,1,1,0,3,0,1,4,2,N, ,39 59:16.858,75 06:21.436,1830, ,1815, ,0, , , ,3, , , , , ,444039, , , ,2,2,0,0,0,0,0,0,0,0,0,1,1,0,0,0,0,0,0,0,0,0,0,0,0,0,0,0,0,0,0,0,0,0,0,4,0,39.988,-75.106, , 
 ,40666,2014025285,6,67,67301,2014,1,4,1730,17,3,1,0,1,1, , ,N,2,2,0,3,0,1,4,2,N, ,40 01:19.837,75 13:05.894,1740, ,1720, ,0, , , ,3, , , , , ,444043, , , ,2,1,0,0,1,0,0,0,0,0,1,0,1,0,0,0,0,0,0,0,1,0,0,0,0,0,0,0,0,0,0,0,0,0,0,3,0,40.0222,-75.2183, , 
 ,40667,2014032481,6,67,67301,2014,1,3,900,9,1,1,0,5,1, , ,N,0,0,0,3,0,4,4,2,N,N,40 04:23.311,74 59:17.001,912, ,908, ,0, ,N, ,0, , , , , ,444049, , , ,2,0,0,0,0,1,1,0,0,0,0,4,4,0,0,0,0,0,0,0,0,0,0,0,0,0,0,0,0,0,0,0,0,0,0,4,1,40.0731,-74.9881, , 
 ,40668,2014054180,6,67,67301,2014,5,1,1516,15,1,1,0,7,2, , ,N,0,0,0,3,0,0,9,6,N,N,39 58:29.664,75 07:01.869,1530, ,1525,2,1,1,N, ,0,N, , , , ,444070, , , ,6,4,0,0,0,0,2,0,0,0,0,0,0,0,1,0,0,0,0,0,2,0,0,0,0,0,0,0,0,0,0,0,0,0,0,9,0,39.9749,-75.1172, , 
 ,40669,2014084318,6,67,67301,2014,7,3,1330,13,1,1,0,1,1, , ,N,0,0,0,3,0,1,5,3,N, ,39 57:46.010,75 09:27.100,1337, ,1330, ,0, , , ,0, , , , , ,444091, , , ,3,2,0,0,0,0,1,0,0,0,0,0,1,1,0,0,0,0,0,0,0,0,0,0,0,0,0,0,0,0,0,0,0,0,0,8,0,39.9628,-75.1575, , 
 ,40670,2014084398,6,67,67301,2014,7,5,1735,17,1,1,0,8,1, , ,N,1,3,0,3,0,1,2,2,N,N,40 01:20.946,75 04:33.661,1742, ,1742, ,0, ,N, ,3, , , , , ,444092, , , ,1,1,0,0,0,0,0,0,0,0,0,1,1,0,0,0,0,0,0,0,0,0,0,0,0,0,0,0,0,0,0,0,1,0,0,4,0,40.0225,-75.076, , 
 ,40671,2014084434,6,67,67301,2014,7,7,0,0,3,1,1,4,1, , ,N,1,2,0,3,0,0,2,2,N, ,39 57:27.036,75 13:02.383,15, ,11, ,0, , , ,3, , , , , ,444093, , , ,2,1,0,0,0,0,0,1,0,0,0,0,0,0,0,0,0,0,0,0,1,0,0,0,0,0,0,0,0,0,0,0,0,0,0,0,0,39.9575,-75.2173, , 
 ,40672,2014088179,6,67,67301,2014,7,5,1940,19,4,1,0,1,1, , ,N,1,0,0,3,0,1,3,2,N,N,39 58:01.905,75 14:41.117,1945, ,1943, ,0, ,N, ,0, , , , , ,444102, , , ,2,1,0,0,0,0,1,0,0,0,0,0,1,1,0,0,1,0,0,0,0,1,0,0,0,0,0,0,0,0,0,0,0,0,0,8,0,39.9672,-75.2448, , 
 ,40673,2014101387,6,67,67301,2014,9,7,33,0,3,1,0,1,1, , ,N,0,0,0,3,0,4,5,4,N,N,40 00:43.545,75 10:54.665,40, ,36, ,0, , , ,0, , , , , ,444113, , , ,4,3,0,0,0,0,1,0,0,0,2,2,4,0,0,0,0,0,1,0,0,0,0,0,0,0,0,0,0,0,0,0,0,0,0,3,0,40.0121,-75.1819, , 
 ,40674,2014104462,6,67,67301,2014,10,7,9999,99,4,2,1,7,4, , ,N,0,0,0,3,0,1,1,1,N,N,40 04:43.770,75 13:33.223,630, ,615, ,0, , , ,0, , , , , ,444117, , , ,1,0,0,0,1,0,0,0,0,0,1,0,1,0,0,0,0,0,0,0,0,0,0,0,0,0,0,0,0,0,0,0,0,0,0,3,0,40.0788,-75.2259, , 
 ,40675,2014084172,6,67,67301,2014,7,7,1500,15,1,1,0,1,6, , ,N,0,0,0,3,0,2,3,3,N,N,39 56:51.990,75 13:37.031,1537, ,1528, ,0, ,N, ,0, , , , , ,444141, , , ,3,1,0,0,0,0,1,1,0,0,0,2,2,0,0,0,0,0,0,0,0,0,0,0,0,0,0,0,0,0,0,0,0,0,0,4,0,39.9478,-75.227, , 
 ,40676,2014089047,6,67,67301,2014,8,2,1545,15,1,1,0,4,1, , ,N,1,2,0,3,0,1,3,2,N,N,39 57:33.918,75 14:43.386,1602, ,1559, ,0, , , ,3, , , , , ,444146, , , ,2,1,1,0,0,0,0,0,0,1,0,0,1,0,0,0,0,0,0,1,0,0,0,0,0,0,0,0,0,1,0,0,0,0,0,2,0,39.9594,-75.2453, , 
 ,40677,2014090181,6,67,67301,2014,9,7,1607,16,1,2,1,7,4, , ,N,0,0,2,3,0,0,1,1,N,N,39 54:39.889,75 09:31.266,1614, ,1614, ,0, ,N, ,0, , , , , ,444147, , , ,1,0,0,0,1,0,0,0,0,0,0,0,0,0,0,0,0,0,0,0,1,0,0,0,0,0,0,0,0,0,0,0,0,0,0,0,0,39.9111,-75.1587, , 
 ,40678,2014098702,6,67,67301,2014,9,1,450,4,3,1,0,4,1, , ,N,1,2,0,3,0,3,4,2,N, ,40 02:54.851,75 05:13.124,455, ,451,3,1,1, , ,3,Y, , , , ,444153, , , ,2,2,0,0,0,0,0,0,0,0,0,1,3,2,0,0,0,0,0,0,0,1,0,0,0,0,0,0,0,0,0,0,0,0,0,4,0,40.0486,-75.087, , 
 ,40679,2014025431,6,67,67301,2014,1,1,1745,17,3,1,1,1,6, , ,N,0,0,0,3,0,0,1,4,N, ,39 58:30.113,75 09:23.120,1807, ,1805, ,0, , , ,0, , , , , ,447067, , , ,4,3,0,0,0,0,1,0,0,0,0,0,0,0,0,0,0,0,0,0,0,0,0,0,0,0,0,0,0,0,0,0,0,0,0,0,0,39.975,-75.1564, , 
 ,40680,2014042749,6,67,67301,2014,3,6,639,6,1,1,0,5,1, , ,N,0,0,0,3,0,1,2,2,N,N,39 58:27.742,75 10:37.642,647, ,641, ,0, ,N, ,0, , , , , ,447082, , , ,2,1,0,0,0,0,0,1,0,0,0,1,1,0,0,0,0,0,0,0,0,0,0,0,0,0,0,0,0,0,0,0,0,0,0,4,0,39.9744,-75.1771, , 
 ,40681,2014044263,6,67,67301,2014,4,3,1232,12,1,2,1,1,1, , ,N,0,0,0,3,0,0,2,2,N,N,39 58:43.539,75 06:34.929,1234, ,1233, ,0, ,N, ,0, , , , , ,447084, , , ,2,1,0,0,1,0,0,0,0,0,0,0,0,0,0,0,0,0,0,0,1,0,0,0,0,0,0,0,0,0,0,0,0,0,0,0,0,39.9788,-75.1097, , 
 ,40682,2014049516,6,67,67301,2014,4,7,1650,16,1,1,0,4,1, , ,N,3,0,0,3,0,1,2,2,N,N,39 58:31.665,75 11:27.282,1658, ,1656, ,0, ,N, ,0, , , , , ,447088, , , ,2,2,0,0,0,0,0,0,0,0,0,1,1,0,0,0,0,0,0,0,0,0,0,0,0,0,0,0,0,0,0,0,0,0,0,4,0,39.9755,-75.1909, , 
 ,40683,2014049792,6,67,67301,2014,4,4,815,8,1,1,0,4,1, , ,N,2,3,0,3,0,3,3,2,N,N,40 01:08.630,75 03:18.827,825, ,820, ,0, ,N, ,3, , , , , ,447089, , , ,2,1,0,0,0,0,1,0,0,0,0,3,3,0,0,0,0,0,0,0,0,0,0,0,0,0,0,0,0,0,0,0,0,0,0,4,0,40.0191,-75.0552, , 
 ,40684,2014058278,6,67,67301,2014,5,5,1131,11,1,1,0,1,1, , ,N,0,0,0,3,0,0,2,3,N,N,39 56:53.781,75 08:30.218,1145, ,1141, ,0, ,N, ,0, , , , , ,447103, , , ,2,0,0,0,0,0,0,1,0,0,0,0,0,0,0,0,0,0,0,0,1,0,0,0,0,0,0,0,0,0,0,0,0,0,0,0,0,39.9483,-75.1417, , 
N,40685,2014051185,6,67,67301,2014,5,4,546,5,5,1,0,1,1,1,4,Y,0,0,0,3,0,0,3,3,N,N,39 58:26.417,75 07:09.201,553,45,546,1,2,2,N, ,0,Y,N,N,N,N,447138,N,N,Y,3,2,0,0,1,0,0,0,0,0,0,0,0,0,0,0,0,0,0,0,1,0,0,0,0,0,0,0,0,0,0,0,0,0,0,0,0,39.974,-75.1192, , 
 ,40686,2014059288,6,67,67301,2014,5,5,1219,12,1,1,0,4,1, , ,N,0,0,0,3,0,0,2,2,N,N,40 03:33.513,75 04:48.244,1235, ,1226, ,0, ,N, ,0, , , , , ,447142, , , ,2,2,0,0,0,0,0,0,0,0,0,0,0,0,0,0,0,0,0,0,1,0,0,0,0,0,0,0,0,0,0,0,0,0,0,0,0,40.0593,-75.0801, , 
 ,40687,2014075969,6,67,67301,2014,6,4,1740,17,1,1,0,4,1, , ,N,2,2,0,3,0,0,2,2,N,N,40 02:13.084,75 00:41.603,1748, ,1742, ,0, ,N, ,3, , , , , ,447167, , , ,2,1,0,0,1,0,0,0,0,0,0,0,0,0,0,0,0,0,0,0,0,0,0,0,0,0,0,0,0,0,0,0,0,0,0,0,0,40.037,-75.0114, , 
 ,40688,2014081453,6,67,67301,2014,6,1,843,8,1,1,0,8,1, , ,N,1,2,0,3,0,1,2,2,N,N,40 00:38.569,75 09:04.826,918, ,914, ,0, ,N, ,3, , , , , ,447175, , , ,1,1,0,0,0,0,0,0,0,0,0,0,1,1,0,0,0,0,0,0,0,0,0,0,0,0,0,0,0,0,0,0,1,0,0,8,0,40.0107,-75.1513, , 
 ,40689,2014061079,6,67,67301,2014,5,5,1440,14,1,1,0,7,4, , ,N,2,0,0,3,0,1,1,1,N,N,40 01:13.039,75 09:46.119,1441, ,1441, ,0, ,N, ,0, , , , , ,447202, , , ,1,1,0,0,0,0,0,0,0,0,0,0,1,1,0,0,0,0,0,0,0,0,0,1,0,0,0,0,0,0,0,0,0,0,0,8,0,40.0203,-75.1628, , 
 ,40690,2014084200,6,67,67301,2014,7,5,9999,99,1,1,0,4,1, , ,N,1,3,0,3,0,1,2,2,N, ,39 57:06.746,75 10:41.980,1659, ,1658, ,0, , , ,3, , , , , ,447219, , , ,1,0,0,0,0,0,1,0,1,0,0,1,1,0,0,0,0,0,0,0,0,0,0,0,0,0,0,0,0,0,0,0,0,0,0,4,0,39.9519,-75.1783, , 
 ,40691,2014089085,6,67,67301,2014,8,7,1410,14,1,1,0,7,2, , ,N,0,0,0,3,0,1,1,1,N,N,40 06:24.175,75 03:24.674,1507, ,1505, ,0, ,N, ,0, , , , , ,447222, , , ,1,1,0,0,0,0,0,0,0,0,0,1,1,0,0,0,0,0,0,0,0,0,0,0,0,0,0,0,0,0,0,0,0,0,0,4,0,40.1067,-75.0569, , 
 ,40692,2014106660,6,67,67301,2014,10,1,325,3,3,1,0,7,4, , ,N,0,0,0,3,0,0,1,1,N,N,40 01:42.700,75 11:25.882,340, ,326,9,1,1,N, ,0,N, , , , ,447243, , , ,1,1,0,0,0,0,0,0,0,0,0,0,0,0,0,0,0,0,0,0,0,0,0,0,0,0,0,0,0,0,0,0,0,0,0,0,0,40.0285,-75.1905, , 
 ,40693,2014059277,6,67,67301,2014,5,6,306,3,3,1,0,1,6, , ,N,0,0,0,3,0,0,1,3,N, ,40 00:09.709,75 07:29.765,308, ,306, ,0, , , ,0, , , , , ,447254, , , ,3,1,0,0,0,0,2,0,0,0,0,0,0,0,0,0,0,0,0,0,0,0,0,0,0,0,0,0,0,0,0,0,0,0,0,0,0,40.0027,-75.1249, , 
 ,40694,2014068204,6,67,67301,2014,6,1,1524,15,1,1,0,1,1, , ,N,1,2,0,3,0,2,3,2,N,N,40 03:48.698,75 10:11.388,1700, ,1650, ,0, ,N, ,3, , , , , ,447259, , , ,2,2,0,0,0,0,0,0,0,0,0,2,2,0,0,0,0,0,0,0,0,0,0,0,0,0,0,0,0,0,0,0,0,0,0,4,0,40.0635,-75.1698, , 
 ,40695,2014084213,6,67,67301,2014,7,4,1700,17,1,1,1,8,1, , ,N,0,0,0,3,0,1,2,2,N,N,39 57:19.562,75 13:18.714,1741, ,1739, ,0, , , ,0, , , , , ,447275, , , ,1,0,0,0,0,0,0,1,0,0,0,0,1,1,0,0,0,0,0,0,1,0,0,0,0,0,0,0,0,0,0,0,1,0,0,8,0,39.9554,-75.2219, , 
 ,40696,2014084195,6,67,67301,2014,7,4,805,8,1,1,0,4,1, , ,N,1,2,0,3,0,0,2,2,N,N,39 58:01.549,75 09:43.675,815, ,808,1,1,3,N, ,3,N, , , , ,447315, , , ,2,2,0,0,0,0,0,0,0,0,0,0,0,0,0,0,0,0,0,0,1,0,0,0,0,0,0,0,0,0,0,0,0,0,0,0,0,39.9671,-75.1621, , 
 ,40697,2014087716,6,67,67301,2014,7,7,1517,15,1,1,0,7,4, , ,N,1,2,0,3,0,0,1,1,N, ,40 01:47.816,75 12:40.562,1525, ,1518, ,0, , , ,3, , , , , ,447319, , , ,1,1,0,0,0,0,0,0,0,0,0,0,0,0,0,0,0,0,0,0,0,0,0,0,0,0,0,0,0,0,0,0,0,0,0,0,0,40.0299,-75.2113, , 
 ,40698,2014084211,6,67,67301,2014,7,2,1130,11,1,1,0,7,4, , ,N,0,0,0,3,0,1,1,1,N, ,40 03:12.928,75 03:49.513,1140, ,1133,2,1,1, , ,0,N, , , , ,450897, , , ,1,0,0,0,0,0,1,0,0,0,0,1,1,0,0,0,0,0,0,0,0,0,0,0,0,0,0,0,0,0,0,0,0,0,0,4,0,40.0536,-75.0638, , 
 ,40699,2014091422,6,67,67301,2014,9,7,920,9,1,1,0,8,1, , ,N,0,0,0,3,0,1,2,2,N,N,39 59:29.752,75 07:24.942,9999, ,9999, ,0, ,N, ,0, , , , , ,450904, , , ,1,0,0,0,0,0,1,0,0,0,0,0,1,1,0,0,0,0,0,0,0,0,0,0,0,0,0,0,0,0,0,0,1,0,0,8,0,39.9916,-75.1236, , 
 ,40700,2014098621,6,67,67301,2014,9,1,1923,19,3,1,0,5,1, , ,N,0,0,0,3,0,1,2,2,N, ,40 04:23.696,75 09:30.132,1934, ,1927, ,0, , , ,0, , , , , ,450910, , , ,1,1,0,0,0,0,0,0,1,0,0,1,1,0,0,0,0,0,0,0,1,0,0,0,0,0,0,0,0,0,0,0,0,0,0,4,0,40.0732,-75.1584, , 
 ,40701,2014068655,6,67,67301,2014,5,6,1735,17,1,1,0,1,1, , ,N,3,2,0,3,0,1,2,2,N, ,39 59:01.172,75 08:38.641,1738, ,1737, ,0, , , ,3, , , , , ,450923, , , ,1,0,0,0,0,0,1,0,1,0,0,1,1,0,0,0,0,0,0,0,0,0,0,0,0,0,0,0,0,0,0,0,0,0,0,4,0,39.9837,-75.1441, , 
 ,40702,2014084324,6,67,67301,2014,2,6,1935,19,1,1,0,8,1, , ,N,0,0,0,3,0,1,2,2,N,N,39 59:46.946,75 07:44.796,1940, ,1939, ,0, ,N, ,0, , , , , ,450938, , , ,1,1,0,0,0,0,0,0,0,0,0,1,1,0,0,0,0,0,0,0,0,0,0,1,0,0,0,0,0,0,0,0,1,0,0,4,0,39.9964,-75.1291, , 
 ,40703,2014111639,6,67,67301,2014,11,4,2320,23,3,2,1,7,2, , ,N,0,0,0,3,0,0,2,1,N,N,39 58:31.412,75 11:41.074,2358, ,2329,1,2,3,N, ,0,N, , , , ,450959, , , ,1,1,0,0,0,0,0,0,0,0,0,0,0,0,0,0,0,0,0,0,0,0,0,0,0,0,0,0,0,0,0,0,0,0,0,0,0,39.9754,-75.1947, , 
 ,40704,2014074514,6,67,67301,2014,6,2,1210,12,1,1,0,4,1, , ,N,1,3,0,3,0,1,2,2,N, ,39 58:09.631,75 08:35.678,1227, ,1225,1,2,2, , ,3,Y, , , , ,450961, , , ,2,1,0,0,0,0,0,1,0,0,0,1,1,0,0,0,0,0,0,1,0,0,0,0,0,0,0,0,0,0,0,0,0,0,0,4,0,39.9693,-75.1432, , 
 ,40705,2014074881,6,67,67301,2014,6,6,45,0,3,9,1,7,4, , ,N,0,0,0,3,0,0,1,1,N,N,40 04:23.230,74 59:16.690,53, ,47,9,2,6,N, ,0,Y, , , , ,450964, , , ,1,1,0,0,0,0,0,0,0,0,0,0,0,0,1,0,0,0,0,0,0,0,0,0,0,0,0,0,0,0,0,0,0,0,0,9,0,40.0731,-74.988, , 
 ,40706,2014078827,6,67,67301,2014,5,6,1640,16,1,1,0,4,1, , ,N,1,3,0,3,0,1,2,2,N, ,39 56:04.016,75 11:21.922,1705, ,1700, ,0, , , ,3, , , , , ,450966, , , ,1,0,0,0,0,0,1,0,1,1,0,0,1,0,1,0,0,0,0,0,0,0,0,0,0,0,0,0,0,0,0,1,0,0,0,2,0,39.9344,-75.1894, , 
 ,40707,2014078862,6,67,67301,2014,6,2,1530,15,1,1,0,8,1, , ,N,0,0,0,3,0,1,2,2,N,N,39 58:23.591,75 12:43.425,1531, ,1530, ,0, ,N, ,0, , , , , ,450981, , , ,1,0,0,0,0,0,0,0,0,0,0,1,1,0,0,0,0,0,0,0,0,0,0,0,0,0,0,0,0,0,0,0,1,0,0,4,0,39.9732,-75.2121, , 
 ,40708,2014088748,6,67,67301,2014,8,3,2,0,3,1,0,4,1, , ,N,1,2,0,3,0,0,4,2,N,N,40 02:20.299,75 09:00.122,145, ,139, ,0, ,N, ,3, , , , , ,450988, , , ,2,1,0,0,0,1,0,0,0,0,0,0,0,0,0,0,0,0,0,0,0,0,0,0,0,0,0,0,0,0,0,0,0,0,0,0,1,40.039,-75.15, , 
 ,40709,2014090612,6,67,67301,2014,8,3,535,5,5,1,0,1,1, , ,N,0,0,0,3,0,1,2,2,N,N,39 53:17.359,75 14:29.738,547, ,538,1,1,1,N, ,0,N, , , , ,450990, , , ,2,1,1,0,0,0,0,0,0,0,1,0,1,0,0,0,0,0,0,0,0,0,0,0,0,0,0,0,0,0,0,0,0,0,0,3,0,39.8882,-75.2416, , 
 ,40710,2014104509,6,67,67301,2014,10,3,1835,18,3,1,0,4,1, , ,N,0,3,7,3,0,1,3,2,N, ,40 05:33.952,74 59:28.045,1850, ,1845, ,0, , , ,3, , , , , ,451004, , , ,2,1,0,0,0,0,1,0,0,0,0,1,1,0,0,0,0,0,0,0,0,0,0,0,0,0,0,0,0,0,0,0,0,0,0,4,0,40.0928,-74.9911, , 
 ,40711,2014081071,6,67,67301,2014,6,2,1130,11,1,1,0,1,1, , ,N,2,2,0,3,0,2,4,3,N,N,39 53:25.696,75 14:42.046,1222, ,1212, ,0, ,N, ,3, , , , , ,451013, , , ,3,1,0,0,1,0,1,0,0,0,0,2,2,0,0,0,0,0,0,0,0,1,0,0,0,0,0,0,0,0,0,0,0,0,0,4,0,39.8903,-75.245, , 
 ,40712,2014084424,6,67,67301,2014,7,5,1819,18,1,1,0,6,1, , ,N,0,0,0,3,0,1,4,3,N,N,39 59:55.351,75 04:14.679,1827, ,1823, ,0, ,N, ,0, , , , , ,451016, , , ,3,2,1,0,0,0,0,0,0,0,0,0,1,1,0,0,0,0,0,0,1,0,0,0,0,0,0,0,0,0,0,0,0,0,0,8,0,39.9987,-75.0707, , 
 ,40713,2014019110,6,67,67301,2014,1,6,818,8,1,3,4,4,1, , ,N,1,2,0,3,0,2,3,2,N, ,40 03:00.396,75 03:51.268,930, ,818, ,0, , , ,3, , , , , ,451021, , , ,2,1,0,0,0,0,1,0,0,0,0,0,2,2,1,0,0,0,0,0,1,0,0,0,0,0,0,0,0,0,0,0,0,0,0,8,0,40.0501,-75.0642, , 
 ,40714,2014038265,6,67,67301,2014,2,6,2347,23,3,1,0,8,1, , ,N,0,0,0,3,1,0,2,2,N,N,39 59:28.764,75 08:04.849,2355, ,2350,5,1,3,N,0,0,N, , , , ,451047, , , ,1,1,0,0,0,0,0,0,0,0,0,0,0,0,0,0,0,0,0,0,0,0,0,0,0,0,0,0,0,0,0,0,1,1,0,1,0,39.9913,-75.1347,2, 
 ,40715,2014076012,6,67,67301,2014,6,5,1030,10,1,1,0,4,1, , ,N,1,2,0,3,0,1,2,2,N, ,40 02:11.789,75 03:52.061,1038, ,1034,1,1,2, , ,3,N, , , , ,451071, , , ,1,1,0,0,0,0,0,0,1,0,0,0,1,1,0,0,0,0,0,0,0,0,0,0,0,0,0,0,0,0,0,0,0,0,0,8,0,40.0366,-75.0645, , 
 ,40716,2014074528,6,67,67301,2014,6,3,807,8,1,1,0,1,1, , ,N,0,2,0,3,0,1,2,2,N,N,39 58:11.224,75 13:31.575,840, ,834, ,0, ,N, ,3, , , , , ,453252, , , ,2,0,0,0,0,0,1,1,0,0,0,1,1,0,0,0,0,0,0,0,1,0,0,0,0,0,0,0,0,0,0,0,0,0,0,4,0,39.9698,-75.2254, , 
 ,40717,2014075213,6,67,67301,2014,6,3,1423,14,1,1,0,4,1, , ,N,1,2,0,3,0,1,3,3,N,N,40 01:39.104,75 08:47.126,1433, ,1423,1,2,7,N, ,3,Y, , , , ,453253, , , ,3,2,0,0,0,0,1,0,0,0,0,1,1,0,0,0,0,0,0,0,1,1,0,0,0,0,0,0,0,0,0,0,0,0,0,4,0,40.0275,-75.1464, , 
 ,40718,2014084256,6,67,67301,2014,7,7,2055,20,4,1,0,4,1, , ,N,1,2,0,3,0,5,5,2,N,N,40 01:36.631,75 07:01.363,2100, ,2058, ,0, ,N, ,3, , , , , ,453262, , , ,2,0,0,0,0,0,2,0,0,0,0,4,5,1,0,0,0,0,0,0,0,0,0,0,0,0,0,0,0,0,0,0,0,0,0,4,0,40.0268,-75.117, , 
 ,40719,2014089698,6,67,67301,2014,8,2,1540,15,1,1,0,2,6, , ,N,0,0,0,3,0,2,3,3,N,N,40 02:03.015,75 07:51.895,1622, ,1619, ,0, ,N, ,0, , , , , ,453267, , , ,3,2,0,0,0,0,1,0,0,0,1,1,2,0,0,0,0,0,0,0,1,0,0,0,0,0,0,0,0,0,0,0,0,0,0,3,0,40.0342,-75.1311, , 
 ,40720,2014049470,6,67,67301,2014,4,4,9999,99,2,1,8,7,4, , ,N,0,0,0,3,0,0,1,1,N,N,39 58:26.198,75 09:18.334,107, ,100, ,0, ,N, ,0, , , , , ,453278, , , ,1,1,0,0,0,0,0,0,0,0,0,0,0,0,0,0,0,0,0,0,0,0,0,0,0,0,0,0,0,0,0,0,0,0,0,0,0,39.9739,-75.1551, , 
 ,40721,2014068648,6,67,67301,2014,6,3,945,9,1,1,0,4,1, , ,N,1,2,0,3,0,2,4,3,N, ,40 03:14.351,75 02:56.006,949, ,947,1,1,1, , ,3,N, , , , ,453282, , , ,3,2,0,0,0,0,1,0,0,0,0,0,2,2,0,0,0,0,0,0,1,0,0,0,0,0,0,0,0,0,0,0,0,0,0,8,0,40.054,-75.0489, , 
 ,40722,2014080398,6,67,67301,2014,8,6,242,2,3,1,0,7,3, , ,N,0,0,0,3,0,0,1,1,N,N,39 54:52.499,75 11:19.949,245, ,242, ,0, ,N, ,0, , , , , ,453295, , , ,1,0,0,0,0,0,1,0,0,0,0,0,0,0,0,0,0,0,0,0,0,0,0,0,0,0,0,0,0,0,0,0,0,0,0,0,0,39.9146,-75.1889, , 
 ,40723,2014081439,6,67,67301,2014,6,7,710,7,1,1,0,7,3, , ,N,0,0,0,3,0,1,1,1,N, ,39 53:44.611,75 12:58.697,724, ,714,2,2,4, , ,0,N, , , , ,453296, , , ,1,1,0,0,0,0,0,0,0,0,0,1,1,0,0,0,0,0,0,0,0,0,0,0,0,0,0,0,0,0,0,0,0,0,0,4,0,39.8957,-75.2163, , 
 ,40724,2014088043,6,67,67301,2014,8,1,2010,20,4,1,0,8,1, , ,N,0,0,0,3,0,1,2,2,N,N,40 02:18.185,75 02:01.911,2027, ,2024, ,0, ,N, ,0, , , , , ,453298, , , ,1,1,0,0,0,0,0,0,0,0,0,1,1,0,0,0,0,0,0,0,0,0,0,0,0,0,0,0,0,0,0,0,1,0,0,4,0,40.0384,-75.0339, , 
 ,40725,2014088636,6,67,67301,2014,7,3,1050,10,1,1,0,0,1, , ,N,1,0,1,3,0,1,1,2,N,N,39 59:31.308,75 07:17.698,9999, ,1055, ,0, ,N, ,0, , , , , ,453300, , , ,1,0,1,0,0,0,0,0,0,0,0,0,1,1,0,0,0,0,0,0,0,0,0,0,0,0,0,0,0,0,0,0,0,0,0,8,0,39.992,-75.1216, , 
 ,40726,2014088781,6,67,67301,2014,8,3,1310,13,1,1,0,4,1, , ,N,1,2,0,3,0,1,2,2,N, ,39 59:31.689,75 08:24.712,1312, ,1312, ,0, , , ,3, , , , , ,453301, , , ,1,1,0,0,0,0,0,0,1,0,0,1,1,0,1,0,0,0,0,0,0,0,0,0,0,0,0,0,0,0,0,0,0,0,0,4,0,39.992,-75.1402, , 
 ,40727,2014106802,6,67,67301,2014,10,5,907,9,1,1,1,1,6, , ,N,0,0,0,3,0,1,1,3,N,N,40 00:26.372,75 05:55.360,1017, ,1017, ,0, ,N, ,0, , , , , ,453319, , , ,3,1,0,0,1,0,0,1,0,0,0,0,1,1,0,0,0,0,0,0,0,0,0,0,0,0,0,0,0,0,0,0,0,0,0,8,0,40.0073,-75.0987, , 
 ,40728,2014049454,6,67,67301,2014,4,2,1016,10,1,1,0,8,1, , ,N,10,0,0,3,0,2,4,3,N,N,40 02:40.544,75 10:10.662,1035, ,1032, ,0, ,N, ,0, , , , , ,453359, , , ,1,0,0,0,0,0,1,0,0,0,0,1,2,1,0,0,0,0,0,0,0,0,0,0,0,0,0,0,0,0,0,0,2,0,0,4,0,40.0446,-75.1696, , 
 ,40729,2014074483,6,67,67301,2014,6,7,2115,21,3,1,0,4,1, , ,N,1,3,0,3,0,1,6,2,N,N,40 00:28.461,75 09:34.883,2120, ,2120, ,0, ,N, ,3, , , , , ,453373, , , ,2,1,0,0,0,0,1,0,0,0,0,0,1,1,0,0,0,0,0,0,0,0,0,0,0,0,0,0,0,0,0,0,0,0,0,8,0,40.0079,-75.1597, , 