wz_ln_closure,objectid_1,crn,district,county,municipality,crash_year,crash_month,day_of_week,time_of_day,hour_of_day,illumination,weather,road_condition,collision_type,relation_to_road,work_zone_type,work_zone_loc,work_zone_ind,intersect_type,tcd_type,location_type,urban_rural,fatal_count,injury_count,person_count,total_units,sch_bus_ind,sch_zone_ind,latitude,longitude,arrival_tm,cons_zone_spd_lim,dispatch_tm,est_hrs_closed,lane_closed,ln_close_dir,ntfy_hiwy_maint,spec_juris_cd,tcd_func_cd,tfc_detour_ind,workers_pres,wz_close_detour,wz_flagger,wz_law_offcr_ind,objectid,wz_moving,wz_other,wz_shlder_mdn,vehicle_count,automobile_count,motorcycle_count,bus_count,small_truck_count,heavy_truck_count,suv_count,van_count,bicycle_count,maj_inj_count,mod_inj_count,min_inj_count,tot_inj_count,unk_inj_deg_count,unk_inj_per_count,driver_count_16yr,driver_count_17yr,driver_count_18yr,driver_count_19yr,driver_count_20yr,driver_count_50_64yr,driver_count_65_74yr,driver_count_75plus,unbelted_occ_count,unb_death_count,unb_maj_inj_count,belted_death_count,belted_maj_inj_count,mcycle_death_count,mcycle_maj_inj_count,bicycle_death_count,bicycle_maj_inj_count,ped_count,ped_death_count,ped_maj_inj_count,max_severity_level,comm_veh_count,dec_lat,dec_long,rdwy_surf_type_cd,county_name
 ,40863,2014089066,6,67,67301,2014,8,7,1700,17,1,9,8,8,6, , ,N,0,0,0,3,0,1,2,2,N,N,39 59:42.734,75 11:01.788,9999, ,9999, ,0, , , ,0, , , , , ,454369, , , ,1,0,0,0,0,0,0,0,0,0,0,1,1,0,1,0,0,0,0,0,0,0,0,0,0,0,0,0,0,0,0,0,1,0,0,4,0,39.9952,-75.1838, , 
 ,40864,2014058835,6,67,67301,2014,6,3,352,3,3,1,0,7,7, , ,N,7,0,2,3,0,0,1,1,N,N,39 53:56.745,75 10:42.154,356, ,354,1,2,1,N, ,0,Y, , , , ,454415, , , ,1,1,0,0,0,0,0,0,0,0,0,0,0,0,0,0,0,0,0,0,0,0,0,1,0,0,0,0,0,0,0,0,0,0,0,0,0,39.8991,-75.1784, , 
 ,40865,2014044266,6,67,67301,2014,4,2,1639,16,1,1,0,1,1, , ,N,0,0,0,3,0,0,3,4,N,N,39 58:57.238,75 06:00.229,1644, ,1641,1,1,2,N, ,0,N, , , , ,454461, , , ,4,2,0,0,0,0,1,0,0,0,0,0,0,0,0,0,0,0,1,0,1,0,0,0,0,0,0,0,0,0,0,0,0,0,0,0,0,39.9826,-75.1001, , 
 ,40866,2014044544,6,67,67301,2014,3,3,2115,21,3,1,0,4,1, , ,N,2,3,0,3,0,6,6,2,N, ,40 02:05.820,75 09:41.093,2122, ,2120, ,0, , , ,3, , , , , ,454462, , , ,2,1,0,0,0,0,0,1,0,0,0,0,6,6,0,0,0,0,0,0,0,0,0,0,0,0,0,0,0,0,0,0,0,0,0,8,0,40.035,-75.1614, , 
 ,40867,2014049898,6,67,67301,2014,4,4,2055,20,1,1,1,4,1, , ,N,1,2,0,3,0,2,5,2,N, ,39 58:40.465,75 09:46.832,2103, ,2100, ,0, , , ,3, , , , , ,454465, , , ,2,2,0,0,0,0,0,0,0,0,0,0,2,2,0,0,0,0,0,0,0,0,0,0,0,0,0,0,0,0,0,0,0,0,0,8,0,39.9779,-75.163, , 
 ,40868,2014054657,6,67,67301,2014,4,3,2112,21,3,2,1,8,1, , ,N,5,2,0,3,0,2,4,3,N,N,40 01:00.293,75 05:01.121,2115, ,2114,1,1,1,N, ,3,Y, , , , ,454470, , , ,1,1,0,0,0,0,0,0,0,0,0,0,2,2,0,0,0,0,0,1,0,0,0,0,0,0,0,0,0,0,0,0,2,0,0,8,0,40.0168,-75.0836, , 
 ,40869,2014078778,6,67,67301,2014,6,4,2200,22,3,1,0,7,4, , ,N,0,0,7,3,0,1,4,1,N, ,40 06:03.135,75 00:33.940,2310, ,2306, ,0, , , ,0, , , , , ,454496, , , ,1,1,0,0,0,0,0,0,0,0,0,1,1,0,1,1,0,0,0,0,0,0,0,0,0,0,0,0,0,0,0,0,0,0,0,4,0,40.1009,-75.0094, , 
 ,40870,2014104630,6,67,67301,2014,10,4,1835,18,4,1,0,5,1, , ,N,1,2,0,3,0,1,4,2,N,N,40 01:04.608,75 08:57.650,1855, ,1849, ,0, ,N, ,3, , , , , ,454521, , , ,2,1,0,0,1,0,0,0,0,0,0,0,1,1,1,0,0,0,0,0,1,0,0,0,0,0,0,0,0,0,0,0,0,0,0,8,0,40.0179,-75.1493, , 
 ,40871,2014068155,6,67,67301,2014,6,5,1350,13,1,6,1,4,1, , ,N,1,2,0,3,0,1,4,2,N,N,40 01:39.104,75 08:47.126,1410, ,1400, ,0, ,N, ,3, , , , , ,454525, , , ,2,1,0,0,1,0,0,0,0,0,0,1,1,0,0,0,0,0,0,0,0,0,0,0,0,0,0,0,0,0,0,0,0,0,0,4,0,40.0275,-75.1464, , 
 ,40872,2014029827,6,67,67301,2014,2,1,334,3,3,9,0,4,1, , ,N,1,2,0,3,0,1,2,2,N, ,40 03:08.049,75 10:32.957,334, ,334,2,2,6, , ,3,N, , , , ,454549, , , ,2,2,0,0,0,0,0,0,0,0,0,0,1,1,1,0,0,0,0,0,0,0,0,0,0,0,0,0,0,0,0,0,0,0,0,8,0,40.0522,-75.1758, , 
 ,40873,2014049652,6,67,67301,2014,4,1,2240,22,3,1,0,4,1, , ,N,2,2,0,3,0,0,3,2,N,N,39 58:25.156,75 12:32.179,2249, ,2244,2,2,3,N, ,3,Y, , , , ,454562, , , ,2,1,0,0,1,0,0,0,0,0,0,0,0,0,0,0,0,0,1,0,0,0,0,0,0,0,0,0,0,0,0,0,0,0,0,0,0,39.9736,-75.2089, , 
 ,40874,2014054487,6,67,67301,2014,5,5,309,3,3,2,1,7,4, , ,N,0,0,0,3,0,1,1,1,N, ,40 06:37.825,75 00:12.553,311, ,310, ,0, , , ,0, , , , , ,454567, , , ,1,1,0,0,0,0,0,0,0,0,0,0,1,1,0,0,1,0,0,0,0,0,0,0,0,0,0,0,0,0,0,0,0,0,0,8,0,40.1105,-75.0035, , 
 ,40875,2014059688,6,67,67301,2014,6,4,2145,21,3,1,0,7,2, , ,N,0,0,3,3,0,1,2,1,N,N,39 53:56.393,75 10:04.192,2153, ,2145, ,0, ,N, ,0, , , , , ,454579, , , ,1,1,0,0,0,0,0,0,0,0,0,0,1,1,0,0,0,1,0,0,0,0,0,0,0,0,0,0,0,0,0,0,0,0,0,8,0,39.899,-75.1678, , 
 ,40876,2014059128,6,67,67301,2014,4,1,2148,21,3,1,0,7,4, , ,N,1,2,0,3,0,0,1,1,N, ,39 57:02.780,75 10:32.599,2154, ,2151, ,0, , , ,3, , , , , ,454584, , , ,1,1,0,0,0,0,0,0,0,0,0,0,0,0,0,0,0,0,0,0,0,0,0,0,0,0,0,0,0,0,0,0,0,0,0,0,0,39.9508,-75.1757, , 
 ,40877,2014064848,6,67,67301,2014,6,6,551,5,1,1,0,1,1, , ,N,0,0,0,3,0,0,6,2,N,N,39 56:10.652,75 11:58.463,556, ,551,1,1,3,N, ,0,N, , , , ,454589, , , ,2,0,1,0,0,0,0,1,0,0,0,0,0,0,0,0,0,0,0,0,0,0,0,0,0,0,0,0,0,0,0,0,0,0,0,0,0,39.9347,-75.1999, , 
 ,40878,2014084202,6,67,67301,2014,7,6,1819,18,1,1,0,1,1, , ,N,1,2,0,3,0,1,3,2,N,N,39 56:30.547,75 09:57.427,1826, ,1824, ,0, ,N, ,3, , , , , ,454608, , , ,2,2,0,0,0,0,0,0,0,0,0,1,1,0,0,0,0,0,0,0,1,0,0,0,0,0,0,0,0,0,0,0,0,0,0,4,0,39.9418,-75.1658, , 
 ,40879,2014095177,6,67,67301,2014,9,6,2225,22,3,1,0,1,7, , ,N,10,0,0,3,0,0,3,2,N,N,39 57:24.497,75 09:12.843,2301, ,2251, ,0, ,N, ,0, , , , , ,444634, , , ,2,1,0,0,0,0,1,0,0,0,0,0,0,0,1,0,0,0,0,0,0,0,0,0,0,0,0,0,0,0,0,0,0,0,0,9,0,39.9568,-75.1536, , 
 ,40880,2014103564,6,67,67301,2014,9,2,1105,11,1,1,0,2,2, , ,N,0,0,0,3,0,0,1,2,N,N,40 07:24.636,75 01:09.008,1127, ,1124, ,0, ,N, ,0, , , , , ,444641, , , ,2,1,0,0,0,0,1,0,0,0,0,0,0,0,0,0,0,0,0,0,0,0,0,0,0,0,0,0,0,0,0,0,0,0,0,0,0,40.1235,-75.0192, , 
 ,40881,2014104573,6,67,67301,2014,9,3,1800,18,1,1,0,4,1, , ,N,1,3,0,3,0,0,3,2,N, ,39 57:38.354,75 11:33.417,1811, ,1807,3,2,1, , ,3,N, , , , ,444643, , , ,2,2,0,0,0,0,0,0,0,0,0,0,0,0,3,0,0,0,0,1,0,0,0,0,0,0,0,0,0,0,0,0,0,0,0,9,0,39.9607,-75.1926, , 
 ,40882,2014039385,6,67,67301,2014,3,1,1705,17,1,2,1,4,1, , ,N,1,2,0,3,0,0,2,2,N, ,39 56:41.578,75 10:01.077,9999, ,1710, ,0, , , ,3, , , , , ,444686, , , ,2,2,0,0,0,0,0,0,0,0,0,0,0,0,0,0,0,0,0,0,0,0,0,0,0,0,0,0,0,0,0,0,0,0,0,0,0,39.9449,-75.167, , 
 ,40883,2014016105,6,67,67301,2014,1,2,1145,11,1,2,1,8,1, , ,N,2,3,0,3,0,1,2,2,N,N,39 55:23.469,75 10:35.637,1300, ,1248, ,0, ,N, ,3, , , , , ,444702, , , ,1,1,0,0,0,0,0,0,0,0,0,1,1,0,0,0,0,0,0,0,0,0,0,0,0,0,0,0,0,0,0,0,1,0,0,4,0,39.9232,-75.1766, , 
 ,40884,2014070196,6,67,67301,2014,7,3,1223,12,1,1,0,1,1, , ,N,0,0,0,3,0,3,6,2,N,N,39 57:32.216,75 10:13.389,1233, ,1226,2,1,4,N, ,0,N, , , , ,444705, , , ,2,2,0,0,0,0,0,0,0,0,0,0,3,3,3,0,0,0,0,0,0,0,0,0,0,0,0,0,0,0,0,0,0,0,0,8,0,39.9589,-75.1704, , 
 ,40885,2014084311,6,67,67301,2014,7,4,9999,99,1,1,0,8,1, , ,N,1,3,0,3,0,1,2,2,N, ,40 00:13.629,75 09:26.557,1315, ,1308, ,0, , , ,3, , , , , ,444717, , , ,1,0,0,0,0,0,0,0,0,0,0,0,1,1,0,0,0,0,0,0,0,0,0,0,0,0,0,0,0,0,0,0,1,0,0,8,0,40.0038,-75.1574, , 
 ,40886,2014091282,6,67,67301,2014,9,3,1010,10,1,1,0,1,1, , ,N,0,0,0,3,0,1,3,3,N,N,40 06:11.075,74 59:28.062,1010, ,1009,3,1,3,Y, ,0,N, , , , ,444725, , , ,3,0,0,0,0,2,1,0,0,0,0,0,1,1,0,0,0,0,0,0,2,0,0,0,0,0,0,0,0,0,0,0,0,0,0,8,0,40.1031,-74.9911, , 
 ,40887,2014091417,6,67,67301,2014,9,5,1430,14,1,1,0,4,1, , ,N,1,2,0,3,0,0,2,2,N, ,40 03:41.901,75 14:11.684,9999, ,1436,2,1,2, , ,3,Y, , , , ,444726, , , ,2,1,0,0,0,0,0,1,0,0,0,0,0,0,0,0,0,0,0,0,1,0,0,0,0,0,0,0,0,0,0,0,0,0,0,0,0,40.0616,-75.2366, , 
Y,40888,2014092945,6,67,67301,2014,9,6,1731,17,1,1,0,1,1,1,4,Y,0,0,0,3,0,2,4,3,N,N,40 01:36.464,75 01:34.782,1842,45,1815,2,2,2,N, ,0,N,Y,N,N,N,444727,Y,N,Y,3,2,0,0,0,0,1,0,0,0,0,2,2,0,0,0,0,0,0,0,0,0,0,0,0,0,0,0,0,0,0,0,0,0,0,4,0,40.0268,-75.0263, , 
 ,40889,2014054503,6,67,67301,2014,5,5,1659,16,1,1,0,4,1, , ,N,1,2,0,3,0,3,3,2,N,N,40 01:41.450,75 02:20.031,1725, ,1721,2,1,1,N, ,3,N, , , , ,444746, , , ,2,0,0,0,1,0,1,0,0,0,0,0,3,3,0,0,0,0,0,0,0,0,0,0,0,0,0,0,0,0,0,0,0,0,0,8,0,40.0282,-75.0389, , 
 ,40890,2014096001,6,67,67301,2014,9,6,1728,17,1,1,0,8,1, , ,N,0,0,0,3,0,1,2,2,N,N,40 01:56.046,75 02:02.486,1735, ,1730, ,0, ,N, ,0, , , , , ,444763, , , ,1,0,0,0,0,0,1,0,0,0,1,0,1,0,0,0,0,0,0,0,1,0,0,0,0,0,0,0,0,0,0,0,1,0,0,3,0,40.0322,-75.034, , 
 ,40891,2014109916,6,67,67301,2014,10,5,855,8,1,2,1,4,1, , ,N,0,0,7,3,0,0,2,2,N,N,39 54:54.846,75 14:41.259,905, ,900,1,2,7,N, ,0,Y, , , , ,444772, , , ,2,2,0,0,0,0,0,0,0,0,0,0,0,0,2,0,0,0,0,0,0,0,0,0,0,0,0,0,0,0,0,0,0,0,0,9,0,39.9152,-75.2446, , 
 ,40892,2014113306,6,67,67301,2014,10,1,547,5,3,1,0,5,6, , ,N,0,0,0,3,0,1,1,2,N,N,39 56:15.532,75 13:02.283,607, ,603,2,1,4,N, ,0,Y, , , , ,444775, , , ,2,2,0,0,0,0,0,0,0,0,0,1,1,0,0,0,0,0,0,0,1,0,0,0,0,0,0,0,0,0,0,0,0,0,0,4,0,39.9376,-75.2173, , 
 ,40893,2014087745,6,67,67301,2014,7,4,9999,99,3,1,0,5,1, , ,N,5,2,2,3,0,1,6,2,N,N,40 00:33.068,75 04:08.444,9999, ,9999, ,0, ,N, ,3, , , , , ,444813, , , ,2,0,0,0,0,0,1,0,0,0,0,0,1,1,0,0,1,0,0,0,0,0,0,0,0,0,0,0,0,0,0,0,0,0,0,8,0,40.0092,-75.069, , 
 ,40894,2014098735,6,67,67301,2014,9,7,1340,13,1,1,0,4,1, , ,N,0,0,7,3,0,1,2,2,N,N,40 02:41.514,75 04:09.246,1344, ,1340, ,0, ,N, ,0, , , , , ,444826, , , ,1,1,0,0,0,0,0,0,1,0,0,0,1,1,0,0,0,0,0,0,0,0,1,0,0,0,0,0,0,0,0,0,0,0,0,8,0,40.0449,-75.0692, , 
 ,40895,2014104429,6,67,67301,2014,10,2,230,2,3,1,0,5,6, , ,N,0,0,0,3,0,0,1,2,N, ,39 59:28.743,75 08:04.684,355, ,350, ,0, , , ,0, , , , , ,444829, , , ,2,0,0,0,0,1,1,0,0,0,0,0,0,0,0,0,0,0,0,0,0,0,0,0,0,0,0,0,0,0,0,0,0,0,0,0,0,39.9913,-75.1346, , 
 ,40896,2014034247,6,67,67301,2014,3,1,2250,22,3,2,1,5,6, , ,N,0,0,0,3,0,0,1,4,N,N,40 01:08.014,75 06:38.268,2253, ,2253, ,0, ,N, ,0, , , , , ,444863, , , ,4,3,0,0,1,0,0,0,0,0,0,0,0,0,0,0,0,0,0,0,0,0,0,0,0,0,0,0,0,0,0,0,0,0,0,0,0,40.0189,-75.1106, , 
 ,40897,2014042921,6,67,67301,2014,4,4,1614,16,1,1,0,1,1, , ,N,0,0,0,3,0,1,2,2,N,N,39 59:28.226,75 05:10.300,1618, ,1618, ,0, ,N, ,0, , , , , ,444873, , , ,2,2,0,0,0,0,0,0,0,0,0,1,1,0,0,0,0,0,0,0,0,0,0,0,0,0,0,0,0,0,0,0,0,0,0,4,0,39.9912,-75.0862, , 
 ,40898,2014084462,6,67,67301,2014,7,3,1629,16,1,1,0,8,1, , ,N,0,0,0,3,0,1,2,2,N,N,40 03:03.010,75 03:58.982,1635, ,1631, ,0, ,N, ,0, , , , , ,447800, , , ,1,0,0,0,0,0,1,0,0,0,0,0,1,1,0,0,0,0,0,0,1,0,0,0,0,0,0,0,0,0,0,0,1,0,0,8,0,40.0508,-75.0664, , 
 ,40899,2014084487,6,67,67301,2014,7,7,732,7,1,1,0,4,1, , ,N,1,3,0,3,0,2,2,2,N,N,39 59:22.851,75 08:02.972,732, ,732, ,0, ,N, ,3, , , , , ,447801, , , ,2,2,0,0,0,0,0,0,0,0,0,1,2,1,0,0,0,0,0,0,0,0,0,0,0,0,0,0,0,0,0,0,0,0,0,4,0,39.9897,-75.1342, , 
 ,40900,2014088004,6,67,67301,2014,7,6,1600,16,1,9,8,1,1, , ,N,1,2,0,3,0,1,2,2,N,N,40 03:20.782,75 09:31.982,9999, ,950, ,0, , , ,3, , , , , ,447807, , , ,2,1,0,0,0,0,1,0,0,0,0,1,1,0,1,0,0,0,0,0,0,0,0,0,0,0,0,0,0,0,0,0,0,0,0,4,0,40.0558,-75.1589, , 
 ,40901,2014016939,6,67,67301,2014,1,4,9999,99,4,1,0,8,1, , ,N,0,0,0,3,0,1,2,2,N,N,40 00:54.384,75 05:18.992,510, ,505, ,0, ,N, ,0, , , , , ,447839, , , ,1,1,0,0,0,0,0,0,0,0,0,1,1,0,0,0,0,0,0,0,0,0,0,0,0,0,0,0,0,0,0,0,1,0,0,4,0,40.0151,-75.0886, , 
 ,40902,2014039015,6,67,67301,2014,3,3,2026,20,3,1,0,8,1, , ,N,1,0,0,3,0,1,3,2,N,N,40 01:22.525,75 09:47.379,2053, ,2050, ,0, ,N, ,0, , , , , ,447859, , , ,1,0,0,0,0,0,0,1,0,0,1,0,1,0,0,0,0,0,0,0,0,0,0,0,0,0,0,0,0,0,0,0,1,0,0,3,0,40.0229,-75.1632, , 
 ,40903,2014059118,6,67,67301,2014,5,7,1615,16,1,2,1,8,1, , ,N,0,0,0,3,0,1,2,2,N,N,39 58:37.448,75 09:56.534,1640, ,1638, ,0, ,N, ,0, , , , , ,447880, , , ,1,0,0,0,0,0,0,1,0,0,0,0,1,1,0,0,0,0,0,0,0,0,0,0,0,0,0,0,0,0,0,0,1,0,0,8,0,39.9771,-75.1657, , 
 ,40904,2014045447,6,67,67301,2014,4,3,725,7,1,1,0,1,1, , ,N,0,0,0,3,0,2,4,3,N,N,39 59:41.887,75 05:01.766,809, ,730, ,0, ,N, ,0, , , , , ,447904, , , ,3,0,0,0,1,0,1,0,0,0,0,2,2,0,1,0,0,0,0,0,0,0,0,0,0,0,0,0,0,0,0,0,0,0,0,4,0,39.995,-75.0838, , 
 ,40905,2014016461,6,67,67301,2014,1,7,1041,10,1,1,0,1,1, , ,N,6,0,2,3,0,1,2,2,N,N,39 56:57.647,75 11:03.883,1056, ,1050,1,1,4,N, ,0,N, , , , ,447933, , , ,2,1,0,0,0,0,0,1,0,0,0,0,1,1,0,0,0,0,0,0,0,0,0,0,0,0,0,0,0,0,0,0,0,0,0,8,0,39.9493,-75.1844, , 
 ,40906,2014039114,6,67,67301,2014,4,3,238,2,2,2,1,7,3, , ,N,0,0,0,3,0,0,1,1,N,N,40 01:18.385,75 02:21.106,243, ,239, ,0, ,N, ,0, , , , , ,447948, , , ,1,1,0,0,0,0,0,0,0,0,0,0,0,0,0,0,0,0,0,0,0,0,0,0,0,0,0,0,0,0,0,0,0,0,0,0,0,40.0218,-75.0392, , 
 ,40907,2014049802,6,67,67301,2014,4,4,1025,10,1,2,1,1,1, , ,N,2,0,0,3,0,1,2,2,N,N,39 57:08.287,75 09:11.998,1055, ,1055, ,0, ,N, ,0, , , , , ,447964, , , ,2,2,0,0,0,0,0,0,0,0,0,1,1,0,0,0,0,0,0,0,0,1,0,0,0,0,0,0,0,0,0,0,0,0,0,4,0,39.9523,-75.1533, , 
 ,40908,2014049829,6,67,67301,2014,3,2,0,0,3,2,1,5,1, , ,N,0,0,0,3,0,1,2,3,N, ,40 02:21.124,75 01:03.339,17, ,7,3,2,5, , ,0,Y, , , , ,447965, , , ,3,2,0,0,0,0,1,0,0,0,0,1,1,0,0,0,0,0,0,0,0,0,0,0,0,0,0,0,0,0,0,0,0,0,0,4,0,40.0392,-75.0176, , 
 ,40909,2014054635,6,67,67301,2014,4,3,1732,17,1,1,0,1,1, , ,N,0,0,0,3,0,0,2,2,N,N,40 01:48.009,75 12:40.734,1739, ,1733,9,1,1, , ,0,N, , , , ,447967, , , ,2,1,0,0,0,0,1,0,0,0,0,0,0,0,0,0,0,0,1,0,0,0,0,0,0,0,0,0,0,0,0,0,0,0,0,0,0,40.03,-75.2113, , 
 ,40910,2014091436,6,67,67301,2014,8,7,353,3,3,1,0,1,1, , ,N,1,2,0,3,0,2,3,3,N, ,39 56:00.699,75 12:55.912,427, ,421,2,2,6, , ,3,Y, , , , ,447994, , , ,3,1,0,0,0,0,1,0,0,0,0,2,2,0,0,0,0,0,0,0,0,0,0,0,0,0,0,0,0,0,0,0,0,0,0,4,0,39.9335,-75.2155, , 
 ,40911,2014095879,6,67,67301,2014,9,1,2107,21,3,1,0,4,1, , ,N,1,2,0,3,0,4,5,2,N,N,40 03:12.823,75 10:40.715,2107, ,2107,3,1,2,N, ,3,Y, , , , ,447999, , , ,2,2,0,0,0,0,0,0,0,0,0,3,4,1,0,0,0,0,0,0,1,0,0,1,0,0,0,0,0,0,0,0,0,0,0,4,0,40.0536,-75.178, , 
 ,40912,2014096852,6,67,67301,2014,9,2,1330,13,1,1,0,5,1, , ,N,1,2,0,3,0,0,4,2,N, ,39 59:27.441,75 10:47.643,1335, ,1333, ,0, , , ,3, , , , , ,448001, , , ,2,2,0,0,0,0,0,0,0,0,0,0,0,0,0,0,0,0,0,0,0,0,0,0,0,0,0,0,0,0,0,0,0,0,0,0,0,39.991,-75.1799, , 
 ,40913,2014109918,6,67,67301,2014,10,3,2200,22,3,1,0,1,1, , ,N,0,0,0,3,0,1,2,2,N,N,39 59:02.223,75 07:10.558,40, ,40,4,1,3,N, ,0,N, , , , ,448014, , , ,2,0,0,0,1,0,1,0,0,0,0,1,1,0,0,0,0,0,0,0,0,0,0,0,0,0,0,0,0,0,0,0,0,0,0,4,0,39.984,-75.1196, , 
 ,40914,2014076006,6,67,67301,2014,6,6,1850,18,1,1,0,8,1, , ,N,5,2,1,3,0,1,2,2,N,N,40 00:10.274,75 06:06.094,1853, ,1851, ,0, , , ,3, , , , , ,448034, , , ,1,0,0,0,0,0,0,0,0,0,0,1,1,0,0,0,0,0,0,0,0,0,0,0,0,0,0,0,0,0,0,0,1,0,0,4,0,40.0029,-75.1017, , 
 ,40915,2014080319,6,67,67301,2014,8,2,918,9,1,1,0,1,1, , ,N,0,0,0,3,0,1,1,2,N,N,40 02:03.357,75 10:59.720,1010, ,958,3,1,2,N, ,0,Y, , , , ,448037, , , ,2,1,0,0,0,1,0,0,0,0,1,0,1,0,0,0,0,0,0,0,0,1,0,0,0,0,0,0,0,0,0,0,0,0,0,3,1,40.0343,-75.1833, , 
 ,40916,2014068032,6,67,67301,2014,5,4,2241,22,3,1,0,4,1, , ,N,1,2,0,3,0,2,5,2,N,N,40 02:17.617,75 03:53.223,2245, ,2242,9,1,2,N, ,3,N, , , , ,451513, , , ,2,2,0,0,0,0,0,0,0,0,0,2,2,0,0,0,0,0,1,0,0,0,0,0,0,0,0,0,0,0,0,0,0,0,0,4,0,40.0382,-75.0648, , 
 ,40917,2014074532,6,67,67301,2014,6,7,1955,19,1,1,0,4,1, , ,N,0,0,0,3,0,1,2,2,N,N,40 00:06.037,75 10:16.597,2000, ,2000, ,0, , , ,0, , , , , ,451522, , , ,1,1,0,0,0,0,0,0,1,0,0,1,1,0,0,0,0,0,0,0,0,0,0,0,0,0,0,0,0,0,0,0,0,0,0,4,0,40.0017,-75.1713, , 
 ,40918,2014078918,6,67,67301,2014,1,5,2020,20,3,1,0,8,1, , ,N,0,0,0,3,0,1,2,2,N,N,40 03:46.324,75 01:18.715,2028, ,2021,2,2,6,N, ,0,Y, , , , ,451526, , , ,1,1,0,0,0,0,0,0,0,0,0,0,1,1,0,0,0,0,0,0,1,0,0,0,0,0,0,0,0,0,0,0,1,0,0,8,0,40.0629,-75.0219, , 
 ,40919,2014084266,6,67,67301,2014,7,7,1515,15,1,1,0,5,6, , ,N,0,0,0,3,0,1,2,2,N, ,39 55:00.152,75 09:40.356,1615, ,1610, ,0, , , ,0, , , , , ,451533, , , ,2,0,0,0,0,0,1,1,0,0,0,1,1,0,0,0,0,0,0,0,0,0,0,0,0,0,0,0,0,0,0,0,0,0,0,4,0,39.9167,-75.1612, , 
 ,40920,2014065484,6,67,67301,2014,5,7,1640,16,1,1,0,7,5, , ,N,1,3,0,3,0,0,1,1,N, ,40 01:20.946,75 04:33.661,1658, ,1653,3,2,2, , ,3,Y, , , , ,451542, , , ,1,0,0,0,0,0,1,0,0,0,0,0,0,0,0,0,0,0,0,0,0,0,0,0,0,0,0,0,0,0,0,0,0,0,0,0,0,40.0225,-75.076, , 
 ,40921,2014076397,6,67,67301,2014,8,1,238,2,3,2,1,7,4, , ,N,0,0,0,3,0,3,3,2,N,N,39 58:52.468,75 12:24.723,247, ,239,2,2,3,N, ,0,N, , , , ,451558, , , ,1,1,0,0,0,0,0,0,0,0,0,1,3,2,0,0,0,0,0,0,0,0,0,0,0,0,0,0,0,0,0,0,0,0,0,4,0,39.9812,-75.2069, , 
 ,40922,2014081420,6,67,67301,2014,6,3,9999,99,1,1,0,4,1, , ,N,1,2,0,3,0,0,3,2,N,N,40 01:28.897,75 07:50.164,1407, ,1405,1,1,7,N, ,3,N, , , , ,451562, , , ,2,1,0,0,0,0,1,0,0,0,0,0,0,0,0,0,0,0,0,0,1,0,0,0,0,0,0,0,0,0,0,0,0,0,0,0,0,40.0247,-75.1304, , 
 ,40923,2014087905,6,67,67301,2014,8,6,2045,20,3,1,0,4,1, , ,N,3,2,0,3,0,0,2,2,N, ,39 53:40.926,75 13:46.059,2100, ,2050, ,0, , , ,3, , , , , ,451570, , , ,2,0,0,0,0,0,1,0,0,0,0,0,0,0,1,0,0,0,0,0,0,0,0,0,0,0,0,0,0,0,0,0,0,0,0,9,0,39.8946,-75.2296, , 
 ,40924,2014088363,6,67,67301,2014,7,4,825,8,1,1,0,1,1, , ,N,1,0,0,3,0,1,3,2,N,N,40 02:15.589,75 02:33.074,835, ,830, ,0, ,N, ,0, , , , , ,451571, , , ,2,1,0,0,0,0,0,0,0,0,0,1,1,0,0,0,0,0,0,1,1,0,0,0,0,0,0,0,0,0,0,0,0,0,0,4,0,40.0377,-75.0425, , 
 ,40925,2014091389,6,67,67301,2014,9,4,1615,16,1,1,0,1,1, , ,N,1,0,0,3,0,0,3,3,N,N,40 01:41.728,75 06:35.304,1620, ,1616,9,1,2, , ,0,N, , , , ,451573, , , ,3,2,0,0,0,0,1,0,0,0,0,0,0,0,0,0,0,0,0,0,0,1,0,0,0,0,0,0,0,0,0,0,0,0,0,0,0,40.0283,-75.1098, , 
 ,40926,2014095937,6,67,67301,2014,9,7,1530,15,1,1,0,1,1, , ,N,1,2,0,3,0,0,6,2,N,N,40 04:51.806,75 01:43.881,1557, ,1554, ,0, ,N, ,3, , , , , ,451576, , , ,2,1,0,0,0,0,1,0,0,0,0,0,0,0,0,0,0,0,0,0,2,0,0,0,0,0,0,0,0,0,0,0,0,0,0,0,0,40.0811,-75.0289, , 
 ,40927,2014099243,6,67,67301,2014,9,2,1450,14,1,1,0,8,5, , ,N,1,2,0,3,0,1,2,2,N, ,39 58:27.359,75 13:34.907,1918, ,1915, ,0, , , ,3, , , , , ,451578, , , ,1,0,0,0,0,0,0,1,0,0,0,1,1,0,0,0,0,0,0,0,0,0,0,0,0,0,0,0,0,0,0,0,1,0,0,4,0,39.9743,-75.2264, , 
 ,40928,2014101009,6,67,67301,2014,10,2,933,9,1,1,0,5,1, , ,N,0,0,0,3,0,4,4,4,N,N,40 02:54.229,74 59:54.174,939, ,934, ,0, ,N, ,0, , , , , ,451584, , , ,4,1,0,0,0,1,2,0,0,0,0,0,4,4,0,0,0,0,0,0,0,1,0,0,0,0,0,0,0,0,0,0,0,0,0,8,1,40.0484,-74.9984, , 