wz_ln_closure,objectid_1,crn,district,county,municipality,crash_year,crash_month,day_of_week,time_of_day,hour_of_day,illumination,weather,road_condition,collision_type,relation_to_road,work_zone_type,work_zone_loc,work_zone_ind,intersect_type,tcd_type,location_type,urban_rural,fatal_count,injury_count,person_count,total_units,sch_bus_ind,sch_zone_ind,latitude,longitude,arrival_tm,cons_zone_spd_lim,dispatch_tm,est_hrs_closed,lane_closed,ln_close_dir,ntfy_hiwy_maint,spec_juris_cd,tcd_func_cd,tfc_detour_ind,workers_pres,wz_close_detour,wz_flagger,wz_law_offcr_ind,objectid,wz_moving,wz_other,wz_shlder_mdn,vehicle_count,automobile_count,motorcycle_count,bus_count,small_truck_count,heavy_truck_count,suv_count,van_count,bicycle_count,maj_inj_count,mod_inj_count,min_inj_count,tot_inj_count,unk_inj_deg_count,unk_inj_per_count,driver_count_16yr,driver_count_17yr,driver_count_18yr,driver_count_19yr,driver_count_20yr,driver_count_50_64yr,driver_count_65_74yr,driver_count_75plus,unbelted_occ_count,unb_death_count,unb_maj_inj_count,belted_death_count,belted_maj_inj_count,mcycle_death_count,mcycle_maj_inj_count,bicycle_death_count,bicycle_maj_inj_count,ped_count,ped_death_count,ped_maj_inj_count,max_severity_level,comm_veh_count,dec_lat,dec_long,rdwy_surf_type_cd,county_name
 ,41129,2014089604,6,67,67301,2014,7,2,1750,17,1,1,0,4,1, , ,N,1,2,0,3,0,1,3,2, , ,39 57:08.527,75 08:48.441,1753, ,1751,3,2,2, , ,3,Y, , , , ,480854, , , ,2,1,0,0,0,0,1,0,0,0,0,1,1,0,0,0,0,0,0,0,0,0,0,0,0,0,0,0,0,0,0,0,0,0,0,4,0,39.9524,-75.1468, , 
 ,41130,2014089760,6,67,67301,2014,8,5,2254,22,3,1,0,4,1, , ,N,1,2,0,3,0,0,3,2,N,N,39 57:48.112,75 11:14.766,2259, ,2258, ,0, ,N, ,3, , , , , ,480855, , , ,2,1,0,0,0,0,1,0,0,0,0,0,0,0,0,0,0,0,0,0,0,0,0,0,0,0,0,0,0,0,0,0,0,0,0,0,0,39.9634,-75.1875, , 
 ,41131,2014091427,6,67,67301,2014,9,6,1659,16,1,1,0,8,1, , ,N,2,0,0,3,0,1,2,2,N,N,39 59:35.797,75 09:42.717,1706, ,1702, ,0, , , ,0, , , , , ,480859, , , ,1,1,0,0,0,0,0,0,0,0,0,1,1,0,0,0,0,0,0,0,0,1,0,0,0,0,0,0,0,0,0,0,1,0,0,4,0,39.9933,-75.1619, , 
 ,41132,2014093566,6,67,67301,2014,9,7,1128,11,1,1,0,4,1, , ,N,1,2,0,3,0,0,2,2,N, ,39 56:54.579,75 09:26.606,1132, ,1132, ,0, ,N, ,3, , , , , ,480863, , , ,2,2,0,0,0,0,0,0,0,0,0,0,0,0,0,0,0,0,1,0,1,0,0,0,0,0,0,0,0,0,0,0,0,0,0,0,0,39.9485,-75.1573, , 
 ,41133,2014025360,6,67,67301,2014,1,2,1605,16,4,1,0,4,1, , ,N,2,0,0,3,0,2,4,2,N,N,39 56:02.177,75 11:42.753,1700, ,1605, ,0, ,N, ,0, , , , , ,483530, , , ,2,2,0,0,0,0,0,0,0,0,0,2,2,0,0,0,0,0,0,0,0,1,0,0,0,0,0,0,0,0,0,0,0,0,0,4,0,39.9339,-75.1952, , 
 ,41134,2014034143,6,67,67301,2014,2,3,1330,13,1,1,0,1,1, , ,N,0,0,0,3,0,1,3,2,N, ,40 03:16.883,75 05:26.216,1350, ,1340, ,0, , , ,0, , , , , ,483536, , , ,2,1,0,0,0,0,1,0,0,0,0,0,1,1,0,0,0,0,0,0,1,0,0,0,0,0,0,0,0,0,0,0,0,0,0,8,0,40.0547,-75.0906, , 
 ,41135,2014039374,6,67,67301,2014,3,6,835,8,1,1,0,4,1, , ,N,1,2,0,3,0,1,2,2,N,N,39 57:16.390,75 10:52.053,855, ,840, ,0, ,N, ,3, , , , , ,483543, , , ,1,0,0,0,1,0,0,0,1,0,1,0,1,0,0,0,0,0,0,0,0,0,0,0,0,0,0,0,0,0,0,0,0,0,0,3,0,39.9546,-75.1813, , 
 ,41136,2014113392,6,67,67301,2014,11,2,1924,19,3,1,0,5,1, , ,N,0,0,0,3,0,1,2,3,N,N,39 56:06.284,75 10:09.030,1925, ,1924, ,0, ,N, ,0, , , , , ,483563, , , ,2,1,0,0,0,0,0,0,1,0,1,0,1,0,0,0,0,0,0,0,0,0,0,0,0,0,0,0,0,0,0,0,0,0,0,3,0,39.9351,-75.1692, , 
 ,41137,2014118749,6,67,67301,2014,11,3,1825,18,3,1,0,1,1, , ,N,0,0,0,3,0,1,3,3,N, ,40 00:24.716,75 12:51.497,1841, ,1831,2,1,1, , ,0,N, , , , ,483571, , , ,3,2,0,0,0,0,1,0,0,0,1,0,1,0,0,0,0,0,0,0,0,0,0,0,0,0,0,0,0,0,0,0,0,0,0,3,0,40.0069,-75.2143, , 
 ,41138,2014054489,6,67,67301,2014,4,2,2008,20,3,1,0,8,1, , ,N,5,3,0,3,0,1,3,2,N,N,39 55:11.139,75 09:49.255,2009, ,2008, ,0, ,N, ,3, , , , , ,483576, , , ,1,0,0,0,0,0,1,0,0,0,0,1,1,0,0,0,0,0,0,0,0,0,0,0,0,0,0,0,0,0,0,0,1,0,0,4,0,39.9198,-75.1637, , 
 ,41139,2014054575,6,67,67301,2014,4,4,1609,16,1,2,1,1,1, , ,N,1,2,0,3,0,0,2,2,N,N,39 58:38.270,75 09:29.632,1622, ,1619, ,0, ,N, ,3, , , , , ,483577, , , ,2,2,0,0,0,0,0,0,0,0,0,0,0,0,0,0,0,0,0,0,0,1,0,0,0,0,0,0,0,0,0,0,0,0,0,0,0,39.9773,-75.1581, , 
 ,41140,2014084455,6,67,67301,2014,6,6,856,8,1,1,0,1,1, , ,N,1,2,0,3,0,2,3,2,N,N,39 57:12.851,75 10:23.488,1045, ,1030, ,0, ,N, ,3, , , , , ,483604, , , ,2,0,0,0,0,0,1,1,0,0,0,0,2,2,0,0,0,0,0,0,0,0,0,0,0,0,0,0,0,0,0,0,0,0,0,8,0,39.9536,-75.1731, , 
 ,41141,2014088393,6,67,67301,2014,8,2,1106,11,1,1,0,8,1, , ,N,2,2,0,3,0,1,2,2,N,N,39 56:56.025,75 11:22.873,1111, ,1106, ,0, ,N, ,3, , , , , ,483608, , , ,1,0,0,0,0,0,0,1,0,0,1,0,1,0,0,0,0,0,0,0,1,0,0,0,0,0,0,0,0,0,0,0,1,0,0,3,0,39.9489,-75.1897, , 
 ,41142,2014081129,6,67,67301,2014,7,3,1110,11,1,1,0,7,5, , ,N,0,8,0,3,0,0,3,2,N,N,39 57:15.230,75 10:52.285,1124, ,1115,4,2,4,Y, ,3,N, , , , ,483639, , , ,2,1,0,0,0,1,0,0,0,0,0,0,0,0,0,0,0,0,0,0,1,0,0,0,0,0,0,0,0,0,0,0,0,0,0,0,1,39.9542,-75.1812, , 
 ,41143,2014075220,6,67,67301,2014,6,6,619,6,1,1,0,4,1,8,8,Y,2,0,0,3,1,0,2,2,N,N,39 58:17.330,75 07:16.350,626,99,621,4,2,1,N,0,0,Y,U, , ,U,483647, , , ,2,0,1,0,1,0,0,0,0,0,0,0,0,0,0,0,0,0,0,0,0,1,0,0,0,0,0,0,1,0,0,0,0,0,0,1,0,39.9711,-75.1216,2, 
 ,41144,2014083855,6,67,67301,2014,7,4,1121,11,1,1,0,7,2, , ,N,0,0,0,3,0,0,1,1,N,N,40 00:03.995,75 04:45.255,1128, ,1122,1,1,2,N, ,0,N, , , , ,483655, , , ,1,0,0,0,0,0,1,0,0,0,0,0,0,0,0,0,0,0,0,0,0,0,0,0,0,0,0,0,0,0,0,0,0,0,0,0,0,40.0011,-75.0792, , 
 ,41145,2014088341,6,67,67301,2014,8,2,2340,23,3,1,0,4,1, , ,N,2,3,0,3,0,5,5,2,N, ,40 03:20.278,75 10:12.896,2358, ,2350,2,2,5, , ,3,Y, , , , ,483660, , , ,2,0,0,0,1,1,0,0,0,0,0,5,5,0,0,0,0,0,0,0,0,0,0,0,0,0,0,0,0,0,0,0,0,0,0,4,1,40.0556,-75.1702, , 
 ,41146,2014088969,6,67,67301,2014,8,1,1230,12,1,1,0,4,1, , ,N,1,3,0,3,0,1,2,2,N,N,39 55:31.209,75 10:02.369,1252, ,1249, ,0, , , ,3, , , , , ,483661, , , ,1,1,0,0,0,0,0,0,1,0,0,1,1,0,0,0,0,0,0,0,0,0,0,0,0,0,0,0,0,0,0,0,0,0,0,4,0,39.9253,-75.1673, , 
 ,41147,2014098719,6,67,67301,2014,9,2,650,6,3,2,1,5,6, , ,N,0,0,0,3,0,1,1,4,N, ,40 01:02.549,75 03:55.496,701, ,656, ,0, , , ,0, , , , , ,483671, , , ,4,1,0,0,0,0,2,1,0,0,0,1,1,0,0,0,0,0,0,0,0,0,0,1,0,0,0,0,0,0,0,0,0,0,0,4,0,40.0174,-75.0654, , 
 ,41148,2014108488,6,67,67301,2014,11,2,1240,12,1,1,0,1,1, , ,N,1,2,0,3,0,2,4,2,N,N,39 55:47.706,75 08:39.988,1430, ,1410, ,0, ,N, ,3, , , , , ,483680, , , ,2,1,0,0,0,1,0,0,0,0,0,0,2,2,0,0,0,0,0,0,1,0,0,0,0,0,0,0,0,0,0,0,0,0,0,8,1,39.9298,-75.1442, , 
 ,41149,2014056682,6,67,67301,2014,5,7,1145,11,1,1,0,1,1, , ,N,1,3,0,3,0,1,2,2,N,N,39 58:55.599,75 10:19.898,1155, ,1152, ,0, ,N, ,3, , , , , ,483689, , , ,2,0,0,0,0,0,0,0,0,0,1,0,1,0,0,0,1,0,0,0,0,0,0,0,0,0,0,0,0,0,0,0,0,0,0,3,0,39.9821,-75.1722, , 
 ,41150,2014068031,6,67,67301,2014,5,7,840,8,1,1,0,8,1, , ,N,0,0,0,3,0,1,2,2,N,N,39 55:12.797,75 11:13.074,850, ,844, ,0, ,N, ,0, , , , , ,483692, , , ,1,0,0,0,1,0,0,0,0,0,0,0,1,1,0,0,0,0,0,0,0,0,0,0,0,0,0,0,0,0,0,0,1,0,0,8,0,39.9202,-75.187, , 
 ,41151,2014088881,6,67,67301,2014,8,4,1222,12,1,1,0,1,1, , ,N,0,2,0,3,0,0,5,4,N,N,39 56:33.937,75 09:56.298,1228, ,1224,1,1,1, , ,3,N, , , , ,488756, , , ,4,3,0,0,0,0,1,0,0,0,0,0,0,0,0,0,0,0,0,0,1,1,0,0,0,0,0,0,0,0,0,0,0,0,0,0,0,39.9428,-75.1656, , 
 ,41152,2014104493,6,67,67301,2014,10,6,2006,20,3,1,0,1,1, , ,N,0,0,0,3,0,0,2,2,N, ,39 56:20.696,75 14:06.347,2014, ,2012, ,0, , , ,0, , , , , ,488788, , , ,2,1,0,0,1,0,0,0,0,0,0,0,0,0,0,0,0,0,0,0,1,0,0,0,0,0,0,0,0,0,0,0,0,0,0,0,0,39.9391,-75.2351, , 
 ,41153,2014106691,6,67,67301,2014,10,2,1901,19,3,2,1,4,1, , ,N,1,2,0,3,0,1,2,2,N,N,40 03:19.147,75 04:24.059,1909, ,1905,1,1,2,N, ,3,N, , , , ,488791, , , ,2,1,0,0,0,0,1,0,0,0,0,1,1,0,0,0,0,0,0,0,0,0,1,0,0,0,0,0,0,0,0,0,0,0,0,4,0,40.0553,-75.0733, , 
 ,41154,2014096406,6,67,67301,2014,9,6,803,8,1,1,0,8,1, , ,N,1,2,0,3,0,1,4,2,N,N,39 56:35.142,75 12:54.968,853, ,846, ,0, ,N, ,3, , , , , ,488814, , , ,1,1,0,0,0,0,0,0,0,0,0,1,1,0,0,0,0,0,0,0,0,0,0,0,0,0,0,0,0,0,0,0,1,0,0,4,0,39.9431,-75.2153, , 
 ,41155,2014113362,6,67,67301,2014,10,5,930,9,1,1,0,8,1, , ,N,1,3,0,3,0,1,1,2,N,N,39 58:13.332,75 10:01.617,1205, ,1158, ,0, ,N, ,3, , , , , ,488829, , , ,1,1,0,0,0,0,0,0,0,0,0,1,1,0,0,0,0,0,0,0,0,0,0,0,0,0,0,0,0,0,0,0,1,0,0,4,0,39.9704,-75.1671, , 
 ,41156,2014057839,6,67,67301,2014,6,1,1550,15,1,1,0,7,2, , ,N,0,0,0,3,0,0,3,2,N,N,39 59:06.115,75 05:39.774,1613, ,1551,2,1,1,N, ,0,N, , , , ,488838, , , ,2,2,0,0,0,0,0,0,0,0,0,0,0,0,0,0,0,0,1,0,0,0,0,0,0,0,0,0,0,0,0,0,0,0,0,0,0,39.985,-75.0944, , 
 ,41157,2014089022,6,67,67301,2014,8,4,1015,10,1,1,0,4,1, , ,N,0,0,0,3,0,0,3,2,N,N,40 01:02.247,75 10:53.155,1032, ,1028, ,0, ,N, ,0, , , , , ,488881, , , ,2,1,0,0,0,0,1,0,0,0,0,0,0,0,0,0,0,0,0,0,0,0,0,0,0,0,0,0,0,0,0,0,0,0,0,0,0,40.0173,-75.1814, , 
 ,41158,2014104513,6,67,67301,2014,10,6,1801,18,1,1,0,8,1, , ,N,1,3,0,3,0,1,2,2,N,N,39 59:45.293,75 05:31.432,1835, ,1830, ,0, ,N, ,3, , , , , ,488894, , , ,1,1,0,0,0,0,0,0,0,0,0,1,1,0,0,0,0,0,0,0,0,0,0,0,0,0,0,0,0,0,0,0,1,0,0,4,0,39.9959,-75.0921, , 
Y,41159,2014081538,6,67,67301,2014,8,1,1224,12,1,1,0,1,1,1,4,Y,0,0,0,3,0,5,8,3,N,N,39 58:30.007,75 07:02.433,1238,45,1226,2,1,2,Y, ,0,N,N,N,N,N,488905,N,N,N,3,2,0,0,0,0,1,0,0,0,0,1,5,4,0,0,0,0,0,0,0,0,2,0,0,0,0,0,0,0,0,0,0,0,0,4,0,39.975,-75.1173, , 
 ,41160,2014091369,6,67,67301,2014,9,3,1950,19,6,2,1,8,1, , ,N,2,2,0,3,0,2,3,3,N,N,40 00:34.506,75 10:49.505,1957, ,1954, ,0, ,N, ,3, , , , , ,488913, , , ,1,0,0,0,1,0,0,0,0,0,0,2,2,0,0,0,0,0,0,0,1,0,0,0,0,0,0,0,0,0,0,0,2,0,0,4,0,40.0096,-75.1803, , 
 ,41161,2014120294,6,67,67301,2014,11,1,1705,17,4,1,0,4,1, , ,N,1,2,0,3,0,1,3,2,N,N,40 00:47.439,75 04:13.514,1712, ,1710, ,0, , , ,3, , , , , ,488932, , , ,2,1,0,0,0,0,0,1,0,0,0,0,1,1,0,0,0,0,0,0,1,0,0,0,0,0,0,0,0,0,0,0,0,0,0,8,0,40.0132,-75.0704, , 
 ,41162,2015031456,6,67,67301,2014,12,4,1000,10,1,1,0,5,1, , ,N,3,2,0,3,0,1,2,2,N,N,39 57:12.352,75 09:49.776,0, ,0, ,0, ,N, ,3, , , , , ,488945, , , ,2,0,0,0,1,0,1,0,0,0,0,0,1,1,0,0,0,0,0,0,0,0,0,0,0,0,0,0,0,0,0,0,0,0,0,8,0,39.9534,-75.1638, , 
 ,41163,2015002699,6,67,67301,2014,12,6,2105,21,3,1,0,7,4, , ,N,0,0,0,3,0,1,1,1,N,N,39 56:47.327,75 11:48.216,2112, ,2108,1,1,4,N, ,0,N, , , , ,488948, , , ,1,1,0,0,0,0,0,0,0,0,0,1,1,0,0,0,0,0,0,1,0,0,0,0,0,0,0,0,0,0,0,0,0,0,0,4,0,39.9465,-75.1967, , 
 ,41164,2014087826,6,67,67301,2014,8,3,1905,19,1,1,0,4,1, , ,N,1,2,0,3,0,3,4,2,N,N,40 00:25.981,75 07:24.378,1910, ,1910, ,0, , , ,3, , , , , ,488976, , , ,2,0,0,0,0,0,1,1,0,0,0,3,3,0,0,0,0,0,0,0,0,0,0,0,0,0,0,0,0,0,0,0,0,0,0,4,0,40.0072,-75.1234, , 
 ,41165,2014104550,6,67,67301,2014,10,7,655,6,1,2,1,6,1, , ,N,0,0,0,3,0,1,2,2,N, ,40 07:06.558,75 00:25.089,705, ,700, ,0, , , ,0, , , , , ,489001, , , ,2,1,0,0,0,0,1,0,0,0,0,1,1,0,0,0,0,0,0,0,0,0,0,0,0,0,0,0,0,0,0,0,0,0,0,4,0,40.1185,-75.007, , 
 ,41166,2014109954,6,67,67301,2014,10,7,1520,15,1,1,0,4,1, , ,N,1,3,0,3,0,0,8,3,N, ,40 02:10.662,75 04:18.319,1527, ,1525, ,0, , , ,3, , , , , ,489009, , , ,3,2,0,0,0,0,0,1,0,0,0,0,0,0,0,0,1,0,0,0,1,0,0,0,0,0,0,0,0,0,0,0,0,0,0,0,0,40.0363,-75.0718, , 
 ,41167,2014089702,6,67,67301,2014,7,4,1230,12,1,1,0,4,1, , ,N,1,3,0,3,0,1,4,2,N,N,39 59:15.919,75 09:18.061,1245, ,1245,2,2,3,N, ,3,Y, , , , ,489040, , , ,2,2,0,0,0,0,0,0,0,0,0,1,1,0,0,0,0,0,0,0,0,0,0,0,0,0,0,0,0,0,0,0,0,0,0,4,0,39.9878,-75.155, , 
 ,41168,2014093753,6,67,67301,2014,9,6,737,7,1,1,0,1,1, , ,N,0,0,0,3,0,0,3,3,N,N,40 00:28.395,75 12:05.129,745, ,738, ,0, ,N, ,0, , , , , ,489042, , , ,3,2,0,0,0,0,1,0,0,0,0,0,0,0,0,0,0,0,0,0,0,0,0,0,0,0,0,0,0,0,0,0,0,0,0,0,0,40.0079,-75.2014, , 
 ,41169,2015021393,6,67,67301,2014,12,4,655,6,5,1,0,4,1, , ,N,1,2,0,3,0,3,4,2,N,N,39 57:02.132,75 09:42.447,9999, ,704,4,2,3,N, ,3,Y, , , , ,478160, , , ,2,1,0,0,0,0,1,0,0,0,3,0,3,0,0,0,0,0,0,0,1,0,0,0,0,0,0,0,0,0,0,0,0,0,0,3,0,39.9506,-75.1617, , 
 ,41170,2014121448,6,67,67301,2014,11,7,2152,21,3,1,0,4,1, , ,N,1,2,2,3,0,1,5,2,N, ,39 54:37.276,75 09:03.431,2240, ,2152, ,0, , , ,3, , , , , ,478162, , , ,2,1,0,0,1,0,0,0,0,0,0,0,1,1,0,0,0,0,0,1,0,0,0,0,0,0,0,0,0,0,0,0,0,0,0,8,0,39.9104,-75.151, , 
 ,41171,2014125098,6,67,67301,2014,11,3,745,7,1,1,0,4,1, , ,N,1,3,0,3,0,0,4,2,N, ,40 03:57.816,75 03:37.447,750, ,745,1,1,2, , ,3,N, , , , ,478168, , , ,2,1,0,0,0,0,1,0,0,0,0,0,0,0,0,0,0,0,0,1,0,0,0,0,0,0,0,0,0,0,0,0,0,0,0,0,0,40.0661,-75.0604, , 
 ,41172,2015002714,6,67,67301,2014,12,7,1830,18,3,1,0,8,1, , ,N,0,0,0,3,0,1,2,2,N,N,40 01:36.929,75 08:50.197,1840, ,1830, ,0, ,N, ,0, , , , , ,478178, , , ,1,1,0,0,0,0,0,0,0,0,0,1,1,0,0,0,0,0,0,0,1,0,0,1,0,0,0,0,0,0,0,0,1,0,0,4,0,40.0269,-75.1473, , 
 ,41173,2014086579,6,67,67301,2014,9,3,1006,10,1,1,0,5,1, , ,N,0,0,0,3,0,1,2,2,N,N,39 53:16.859,75 14:31.361,1024, ,1018,2,2,2,Y, ,0,N, , , , ,478191, , , ,2,1,0,0,0,1,0,0,0,0,0,0,1,1,0,0,0,0,0,0,1,0,0,0,0,0,0,0,0,0,0,0,0,0,0,8,1,39.888,-75.242, , 
 ,41174,2014088127,6,67,67301,2014,8,1,1345,13,1,1,0,4,1, , ,N,1,2,0,3,0,1,3,2,N,N,39 55:21.701,75 09:23.883,1355, ,1349, ,0, ,N, ,3, , , , , ,478193, , , ,1,0,0,0,0,0,1,0,1,0,0,0,1,1,0,0,0,0,0,0,0,0,0,0,0,0,0,0,0,0,0,0,0,0,0,8,0,39.9227,-75.1565, , 
 ,41175,2014115104,6,67,67301,2014,10,6,545,5,1,1,0,7,4, , ,N,0,0,0,3,0,0,1,1,N,N,39 57:05.646,75 09:45.970,545, ,550,9,1,1,N, ,0,N, , , , ,478197, , , ,1,0,0,0,0,1,0,0,0,0,0,0,0,0,0,0,0,0,0,0,0,0,0,0,0,0,0,0,0,0,0,0,0,0,0,0,1,39.9516,-75.1628, , 
 ,41176,2014130502,6,67,67301,2014,11,6,1530,15,1,1,0,4,1, , ,N,1,2,0,3,0,1,2,2,N,N,39 57:01.634,75 11:33.356,1600, ,1555, ,0, , , ,3, , , , , ,478211, , , ,1,1,0,0,0,0,0,0,1,0,0,0,1,1,0,0,0,0,1,0,0,0,0,1,0,0,0,0,0,0,0,0,0,0,0,8,0,39.9505,-75.1926, , 
 ,41177,2014067539,6,67,67301,2014,5,2,1455,14,1,1,0,8,1, , ,N,0,0,0,3,0,1,4,2,N,N,39 58:10.730,75 12:41.831,1531, ,1527, ,0, ,N, ,0, , , , , ,478220, , , ,1,0,0,0,0,0,1,0,0,0,0,1,1,0,0,0,0,0,0,0,0,0,0,0,0,0,0,0,0,0,0,0,1,0,0,4,0,39.9696,-75.2116, , 
 ,41178,2014069437,6,67,67301,2014,6,2,2110,21,3,1,0,4,1, , ,N,1,3,1,3,0,1,2,2,N,N,39 58:34.863,75 08:02.432,2337, ,2335, ,0, ,N, ,3, , , , , ,478222, , , ,1,0,0,0,0,0,0,1,1,0,0,1,1,0,1,0,0,0,0,0,0,0,0,0,0,0,0,0,0,0,0,0,0,0,0,4,0,39.9764,-75.134, , 
 ,41179,2014115591,6,67,67301,2014,11,2,1540,15,1,1,0,1,1, , ,N,0,0,0,3,0,1,4,2,N,N,40 01:33.599,75 07:18.829,1555, ,1545,1,1,2,N, ,0,N, , , , ,478262, , , ,2,1,0,0,0,0,0,1,0,0,0,1,1,0,0,0,0,0,0,0,1,0,0,0,0,0,0,0,0,0,0,0,0,0,0,4,0,40.026,-75.1219, , 
 ,41180,2014130407,6,67,67301,2014,12,6,900,9,1,1,0,4,1, , ,N,1,2,0,3,0,2,2,2,N, ,40 01:22.391,75 08:13.477,910, ,900,1,1,2,N, ,3,N, , , , ,478274, , , ,2,2,0,0,0,0,0,0,0,0,2,0,2,0,0,0,0,0,0,0,0,0,0,0,0,0,0,0,0,0,0,0,0,0,0,3,0,40.0229,-75.1371, , 
 ,41181,2014084396,6,67,67301,2014,7,5,1330,13,1,1,0,8,1,8,8,Y,0,0,0,3,0,1,2,2,N,N,40 01:25.425,75 01:56.742,1720,99,1720, ,0, ,N, ,0, ,U, , ,U,478292, , , ,1,0,0,0,0,0,1,0,0,0,1,0,1,0,1,0,0,0,0,0,0,0,0,0,0,0,0,0,0,0,0,0,1,0,0,3,0,40.0237,-75.0324, , 
 ,41182,2014084485,6,67,67301,2014,7,6,355,3,3,1,0,4,1, , ,N,1,2,0,3,0,1,2,2,N,N,39 57:40.435,75 08:47.767,400, ,356,1,2,3,N, ,3,Y, , , , ,478293, , , ,1,0,0,0,0,0,1,0,1,0,0,1,1,0,0,0,0,0,0,0,1,0,0,0,0,0,0,0,0,0,0,0,0,0,0,4,0,39.9612,-75.1466, , 
 ,41183,2014087754,6,67,67301,2014,7,5,938,9,1,1,0,4,1, , ,N,0,0,7,3,0,1,2,2,N,N,39 58:18.985,75 09:33.350,943, ,941, ,0, ,N, ,0, , , , , ,478295, , , ,1,1,0,0,0,0,0,0,1,0,0,0,1,1,0,0,0,0,0,0,0,0,0,0,0,0,0,0,0,0,0,0,0,0,0,8,0,39.9719,-75.1593, , 
 ,41184,2014059295,6,67,67301,2014,5,3,1106,11,1,1,0,4,1, , ,N,1,2,0,3,0,1,3,2,N,N,39 54:14.563,75 14:24.409,1113, ,1110,2,1,1,N, ,3,N, , , , ,478312, , , ,2,1,0,0,0,0,1,0,0,0,1,0,1,0,0,0,0,0,0,0,0,1,0,0,0,0,0,0,0,0,0,0,0,0,0,3,0,39.904,-75.2401, , 
 ,41185,2014068046,6,67,67301,2014,6,1,9999,99,1,1,0,1,1, , ,N,0,0,0,3,0,1,4,4,N,N,40 02:43.345,75 05:37.776,9999, ,9999, ,0, ,N, ,0, , , , , ,478321, , , ,4,3,0,0,0,0,1,0,0,0,0,0,1,1,0,0,0,0,0,1,0,0,0,0,0,0,0,0,0,0,0,0,0,0,0,8,0,40.0454,-75.0938, , 
 ,41186,2014104984,6,67,67301,2014,9,2,9999,99,6,2,1,4,1, , ,N,1,3,0,3,0,2,3,3,N,N,39 55:02.456,75 14:25.508,2152, ,2147, ,0, , , ,3, , , , , ,478340, , , ,3,2,0,0,0,0,0,1,0,0,0,2,2,0,1,0,0,0,0,0,0,0,0,1,0,0,0,0,0,0,0,0,0,0,0,4,0,39.9173,-75.2404, , 
 ,41187,2014059233,6,67,67301,2014,5,2,1525,15,1,1,0,4,1, , ,N,1,2,0,3,0,1,2,2,N,N,39 57:15.624,75 11:30.453,1530, ,1529, ,0, ,N, ,3, , , , , ,480872, , , ,1,0,0,0,0,0,1,0,1,0,0,1,1,0,0,0,0,0,0,0,0,0,0,0,0,0,0,0,0,0,0,0,0,0,0,4,0,39.9543,-75.1918, , 
 ,41188,2014075897,6,46,46102,2014,8,2,850,8,1,1,0,4,1, , ,N,1,2,0,3,0,2,2,2,N,N,40 03:16.724,75 07:29.999,856, ,850,1,2,4,N, ,3,N, , , , ,480894, , , ,2,0,0,0,0,0,2,0,0,0,0,0,2,2,0,0,0,0,0,0,2,0,0,1,0,0,0,0,0,0,0,0,0,0,0,8,0,40.0546,-75.125, , 
 ,41189,2014078904,6,67,67301,2014,6,7,826,8,1,1,0,4,1, , ,N,5,2,2,3,0,1,2,2,N, ,39 57:28.095,75 09:50.999,833, ,829, ,0, , , ,3, , , , , ,480895, , , ,2,0,0,0,0,0,1,1,0,0,1,0,1,0,0,0,0,0,0,0,1,0,0,0,0,0,0,0,0,0,0,0,0,0,0,3,0,39.9579,-75.1641, , 
 ,41190,2014127614,6,67,67301,2014,12,3,1849,18,3,1,0,1,1, , ,N,0,0,0,3,0,0,1,2,N,N,40 02:13.795,75 00:49.370,1913, ,1849,1,1,1,N, ,0,N, , , , ,480909, , , ,2,1,0,0,1,0,0,0,0,0,0,0,0,0,1,0,0,0,0,0,0,0,0,0,0,0,0,0,0,0,0,0,0,0,0,9,0,40.0372,-75.0137, , 
 ,41191,2014113317,6,67,67301,2014,11,7,1831,18,3,1,0,5,6, , ,N,0,0,0,3,0,0,1,2,N,N,39 58:46.562,75 10:15.950,1837, ,1836,2,2,6,N, ,0,Y, , , , ,480939, , , ,2,1,0,0,0,0,0,1,0,0,0,0,0,0,0,0,0,0,0,0,0,0,1,0,0,0,0,0,0,0,0,0,0,0,0,0,0,39.9796,-75.1711, , 
 ,41192,2014113355,6,67,67301,2014,10,2,1910,19,3,1,0,4,1, , ,N,3,2,0,3,0,2,3,2,N,N,39 58:21.476,75 13:03.992,1935, ,1929, ,0, ,N, ,3, , , , , ,480940, , , ,2,2,0,0,0,0,0,0,0,0,0,2,2,0,0,0,0,0,0,0,1,0,0,0,0,0,0,0,0,0,0,0,0,0,0,4,0,39.9726,-75.2178, , 
 ,41193,2014095868,6,67,67301,2014,9,4,455,4,3,1,0,7,4, , ,N,0,0,0,3,0,1,1,1,N, ,40 02:28.640,75 02:28.482,503, ,500, ,0, , , ,0, , , , , ,480945, , , ,1,0,0,0,0,0,0,1,0,0,0,0,1,1,0,0,0,1,0,0,0,0,0,0,0,0,0,0,0,0,0,0,0,0,0,8,0,40.0413,-75.0412, , 
 ,41194,2014096825,6,67,67301,2014,9,4,523,5,3,1,0,4,1, , ,N,1,2,0,3,0,3,4,3,N, ,40 04:51.806,75 01:43.881,530, ,524,2,1,6, , ,3,Y, , , , ,480946, , , ,3,2,0,0,0,0,0,1,0,0,0,0,3,3,0,0,0,0,1,1,1,0,0,0,0,0,0,0,0,0,0,0,0,0,0,8,0,40.0811,-75.0289, , 