wz_ln_closure,objectid_1,crn,district,county,municipality,crash_year,crash_month,day_of_week,time_of_day,hour_of_day,illumination,weather,road_condition,collision_type,relation_to_road,work_zone_type,work_zone_loc,work_zone_ind,intersect_type,tcd_type,location_type,urban_rural,fatal_count,injury_count,person_count,total_units,sch_bus_ind,sch_zone_ind,latitude,longitude,arrival_tm,cons_zone_spd_lim,dispatch_tm,est_hrs_closed,lane_closed,ln_close_dir,ntfy_hiwy_maint,spec_juris_cd,tcd_func_cd,tfc_detour_ind,workers_pres,wz_close_detour,wz_flagger,wz_law_offcr_ind,objectid,wz_moving,wz_other,wz_shlder_mdn,vehicle_count,automobile_count,motorcycle_count,bus_count,small_truck_count,heavy_truck_count,suv_count,van_count,bicycle_count,maj_inj_count,mod_inj_count,min_inj_count,tot_inj_count,unk_inj_deg_count,unk_inj_per_count,driver_count_16yr,driver_count_17yr,driver_count_18yr,driver_count_19yr,driver_count_20yr,driver_count_50_64yr,driver_count_65_74yr,driver_count_75plus,unbelted_occ_count,unb_death_count,unb_maj_inj_count,belted_death_count,belted_maj_inj_count,mcycle_death_count,mcycle_maj_inj_count,bicycle_death_count,bicycle_maj_inj_count,ped_count,ped_death_count,ped_maj_inj_count,max_severity_level,comm_veh_count,dec_lat,dec_long,rdwy_surf_type_cd,county_name
 ,41195,2014104449,6,67,67301,2014,10,5,1254,12,1,1,0,1,2, , ,N,0,0,0,3,0,2,2,2,N,N,40 03:59.196,74 58:55.726,1256, ,1254, ,0, ,N, ,0, , , , , ,480954, , , ,2,0,0,0,0,0,1,1,0,0,0,2,2,0,0,0,0,0,0,0,0,0,0,0,0,0,0,0,0,0,0,0,0,0,0,4,0,40.0664,-74.9821, , 
 ,41196,2014122492,6,67,67301,2014,11,5,1640,16,1,2,1,1,1, , ,N,5,2,0,3,0,2,3,2,N,N,40 01:21.651,75 08:53.543,9999, ,811, ,0, ,N, ,3, , , , , ,480966, , , ,2,2,0,0,0,0,0,0,0,0,0,2,2,0,1,0,0,0,0,0,0,0,0,0,0,0,0,0,0,0,0,0,0,0,0,4,0,40.0227,-75.1482, , 
 ,41197,2014098722,6,67,67301,2014,9,4,738,7,1,1,0,1,1, , ,N,0,0,0,3,0,1,2,2,N,N,40 01:10.076,75 08:45.424,742, ,739,1,1,2,N, ,0,N, , , , ,480979, , , ,2,0,0,0,1,0,1,0,0,0,0,1,1,0,0,0,0,0,0,0,1,0,0,0,0,0,0,0,0,0,0,0,0,0,0,4,0,40.0195,-75.146, , 
 ,41198,2014104580,6,67,67301,2014,10,7,1254,12,1,1,0,1,1, , ,N,1,2,0,3,0,1,5,2,N, ,40 04:03.341,75 11:49.759,1305, ,1302, ,0, , , ,3, , , , , ,480996, , , ,2,2,0,0,0,0,0,0,0,0,0,0,1,1,0,0,0,0,0,0,0,0,0,0,0,0,0,0,0,0,0,0,0,0,0,8,0,40.0676,-75.1972, , 
 ,41199,2014113319,6,67,67301,2014,10,5,748,7,1,1,0,4,1, , ,N,1,2,0,3,0,2,2,2,N, ,40 02:07.087,75 06:30.627,805, ,754,9,1,6, , ,3,N, , , , ,481003, , , ,2,0,0,0,0,0,2,0,0,0,0,1,2,1,0,0,0,0,0,0,0,1,0,0,0,0,0,0,0,0,0,0,0,0,0,4,0,40.0353,-75.1085, , 
 ,41200,2014110413,6,67,67301,2014,9,1,135,1,3,1,0,2,6, , ,N,0,0,0,3,0,1,1,4,N,N,40 06:13.381,74 59:47.929,145, ,139, ,0, ,N, ,0, , , , , ,481004, , , ,4,3,0,0,0,0,1,0,0,0,1,0,1,0,0,0,0,0,0,0,0,0,0,0,0,0,0,0,0,0,0,0,0,0,0,3,0,40.1037,-74.9966, , 
 ,41201,2014125064,6,67,67301,2014,11,6,10,0,3,1,0,5,6, , ,N,0,0,0,3,0,2,3,3,N,N,39 59:19.534,75 08:55.013,26, ,23, ,0, ,N, ,0, , , , , ,481011, , , ,3,2,0,0,0,0,1,0,0,0,0,2,2,0,0,0,0,0,0,0,0,0,0,0,0,0,0,0,0,0,0,0,0,0,0,4,0,39.9888,-75.1486, , 
 ,41202,2015001508,6,67,67301,2014,12,3,1110,11,1,2,1,1,1, , ,N,2,2,0,3,0,1,2,2,N,N,40 02:16.795,75 05:19.253,1314, ,1308, ,0, ,N, ,3, , , , , ,481018, , , ,2,1,0,0,1,0,0,0,0,0,0,0,1,1,0,0,0,0,0,0,1,0,0,0,0,0,0,0,0,0,0,0,0,0,0,8,0,40.038,-75.0887, , 
 ,41203,2014095860,6,67,67301,2014,9,7,330,3,6,1,0,8,1, , ,N,0,0,0,3,0,1,2,2,N,N,40 02:23.485,75 10:31.731,331, ,330, ,0, ,N, ,0, , , , , ,481041, , , ,1,1,0,0,0,0,0,0,0,0,0,1,1,0,0,0,0,0,0,0,0,0,0,0,0,0,0,0,0,0,0,0,1,0,0,4,0,40.0399,-75.1755, , 
 ,41204,2014103555,6,67,67301,2014,9,4,1923,19,3,1,0,4,1, , ,N,1,2,0,3,0,1,2,2,N, ,39 56:37.828,75 14:16.183,1925, ,1925, ,0, , , ,3, , , , , ,481053, , , ,1,0,0,0,0,0,0,1,1,0,0,1,1,0,0,0,0,0,0,0,1,0,0,0,0,0,0,0,0,0,0,0,0,0,0,4,0,39.9438,-75.2378, , 
 ,41205,2014115483,6,67,67301,2014,7,4,1230,12,1,1,0,1,1, , ,N,3,2,0,3,0,1,2,2,N,N,40 00:51.603,75 12:16.803,0, ,0, ,0, ,N, ,3, , , , , ,486011, , , ,2,1,0,0,0,0,1,0,0,0,0,0,1,1,1,0,0,0,0,0,1,0,0,0,0,0,0,0,0,0,0,0,0,0,0,8,0,40.0143,-75.2047, , 
 ,41206,2014130510,6,67,67301,2014,12,4,1050,10,1,1,0,8,1, , ,N,1,2,0,3,0,1,2,2,N,N,39 57:30.009,75 09:07.358,1055, ,1052, ,0, ,N, ,3, , , , , ,486045, , , ,1,1,0,0,0,0,0,0,0,0,0,1,1,0,0,0,0,0,1,0,0,0,0,0,0,0,0,0,0,0,0,0,1,0,0,4,0,39.9583,-75.152, , 
 ,41207,2014115588,6,67,67301,2014,11,5,810,8,1,2,1,1,6, , ,N,0,0,0,3,0,1,2,2,N, ,39 54:11.354,75 08:22.833,833, ,827, ,0, , , ,0, , , , , ,486069, , , ,2,0,0,0,0,0,1,0,0,0,0,1,1,0,0,0,0,0,0,0,1,0,0,0,0,0,0,0,0,0,0,0,0,0,0,4,0,39.9032,-75.1397, , 
 ,41208,2014052044,6,67,67301,2014,5,4,1954,19,4,9,0,1,1, , ,N,0,2,0,3,0,0,4,2,N,N,40 00:27.846,75 09:05.666,1955, ,1954, ,0, ,N, ,3, , , , , ,486073, , , ,2,0,0,0,0,0,2,0,0,0,0,0,0,0,0,0,0,0,0,1,0,0,0,0,0,0,0,0,0,0,0,0,0,0,0,0,0,40.0077,-75.1516, , 
 ,41209,2014055883,6,67,67301,2014,4,7,55,0,3,1,0,4,1, , ,N,0,0,0,3,0,3,5,2,N,N,40 01:21.487,75 02:11.567,104, ,59,2,2,1,N, ,0,N, , , , ,486079, , , ,2,2,0,0,0,0,0,0,0,0,0,3,3,0,0,0,0,0,0,0,0,0,0,0,0,0,0,0,0,0,0,0,0,0,0,4,0,40.0226,-75.0365, , 
 ,41210,2014065499,6,67,67301,2014,5,5,1213,12,1,1,0,4,1, , ,N,1,2,0,3,0,1,4,2,N,N,39 57:28.799,75 13:16.548,1234, ,1234,1,2,3,N, ,3,Y, , , , ,486089, , , ,2,1,0,0,1,0,0,0,0,0,0,1,1,0,0,0,0,0,0,0,0,0,0,0,0,0,0,0,0,0,0,0,0,0,0,4,0,39.958,-75.2212, , 
 ,41211,2014065550,6,67,67301,2014,5,2,1340,13,1,1,0,8,1, , ,N,5,2,2,3,0,1,2,2,N,N,39 57:11.151,75 10:54.540,1349, ,1341,9,1,1, , ,3,N, , , , ,486090, , , ,1,1,0,0,0,0,0,0,0,0,0,1,1,0,0,0,0,0,0,0,0,0,0,0,0,0,0,0,0,0,0,0,1,0,0,4,0,39.9531,-75.1819, , 
 ,41212,2014130488,6,67,67301,2014,12,2,1515,15,1,1,0,8,1, , ,N,1,2,0,3,0,1,2,2,N,Y,39 56:37.146,75 09:55.602,1525, ,1520, ,0, ,N, ,3, , , , , ,486130, , , ,1,0,0,0,0,0,1,0,0,0,1,0,1,0,0,0,0,0,0,0,0,0,0,0,0,0,0,0,0,0,0,0,1,0,0,3,0,39.9437,-75.1654, , 
 ,41213,2014130503,6,67,67301,2014,12,4,1140,11,1,1,0,8,1, , ,N,3,0,0,3,0,1,2,2,N,N,40 01:42.582,75 08:55.510,1602, ,1602, ,0, ,N, ,0, , , , , ,486131, , , ,1,1,0,0,0,0,0,0,0,0,0,0,1,1,0,0,0,0,0,0,0,0,0,0,0,0,0,0,0,0,0,0,1,0,0,8,0,40.0285,-75.1488, , 
 ,41214,2015006109,6,67,67301,2014,12,2,1650,16,4,1,0,3,1, , ,N,0,0,0,3,0,1,3,2,N,N,39 55:36.694,75 10:45.002,1659, ,1655, ,0, , , ,0, , , , , ,486137, , , ,2,1,0,1,0,0,0,0,0,0,0,0,1,1,0,0,0,0,0,0,0,0,0,0,0,0,0,0,0,0,0,0,0,0,0,8,1,39.9269,-75.1792, , 
 ,41215,2014113488,6,67,67301,2014,10,2,1400,14,1,1,1,4,1, , ,N,1,3,0,3,0,2,3,2,N,N,39 59:31.844,75 05:19.521,1403, ,1402, ,0, ,N, ,3, , , , , ,486144, , , ,2,1,0,0,0,0,0,1,0,0,0,0,2,2,0,0,0,0,0,0,0,0,0,0,0,0,0,0,0,0,0,0,0,0,0,8,0,39.9922,-75.0888, , 
 ,41216,2014116499,6,67,67301,2014,3,7,1100,11,1,1,0,0,1, , ,N,1,2,0,3,0,1,2,1,N,N,40 00:33.277,75 09:04.079,0, ,0, ,0, ,N, ,3, , , , , ,486149, , , ,1,0,0,0,0,0,1,0,0,1,0,0,1,0,0,0,0,0,0,0,1,0,0,0,0,0,0,1,0,0,0,0,0,0,0,2,0,40.0092,-75.1511, , 
 ,41217,2014125124,6,67,67301,2014,11,7,1300,13,1,1,0,5,1, , ,N,0,0,0,3,0,0,3,2,N, ,39 57:12.386,75 09:19.477,1304, ,1304, ,0, , , ,0, , , , , ,486155, , , ,2,1,0,0,1,0,0,0,0,0,0,0,0,0,0,0,0,0,0,0,0,1,0,0,0,0,0,0,0,0,0,0,0,0,0,0,0,39.9534,-75.1554, , 
 ,41218,2014122422,6,67,67301,2014,11,6,855,8,1,1,0,4,1, , ,N,1,2,0,3,0,0,2,2,N, ,40 03:53.634,75 03:05.284,920, ,919, ,0, , , ,3, , , , , ,486177, , , ,2,1,0,0,0,0,0,1,0,0,0,0,0,0,0,0,0,0,0,0,1,0,0,0,0,0,0,0,0,0,0,0,0,0,0,0,0,40.0649,-75.0515, , 
 ,41219,2014122544,6,67,67301,2014,12,2,652,6,1,1,0,1,1, , ,N,0,0,0,3,0,1,3,3,N,N,40 00:03.468,75 04:45.645,708, ,654, ,0, ,N, ,0, , , , , ,486178, , , ,3,2,0,0,0,0,0,0,0,0,0,0,1,1,1,0,0,0,0,0,0,0,0,0,0,0,0,0,0,0,0,0,0,0,0,8,0,40.001,-75.0793, , 
 ,41220,2015002764,6,67,67301,2014,12,1,536,5,3,1,0,4,1, , ,N,1,2,0,3,0,1,2,2,N, ,39 56:47.637,75 10:49.900,553, ,538, ,0, , , ,3, , , , , ,486190, , , ,2,1,0,0,0,0,1,0,0,0,1,0,1,0,0,0,0,0,0,0,0,0,0,0,0,0,0,0,0,0,0,0,0,0,0,3,0,39.9466,-75.1805, , 
 ,41221,2014106716,6,67,67301,2014,10,5,9999,99,1,2,1,7,4, , ,N,3,0,0,3,0,0,1,1,N, ,40 02:28.863,75 11:30.177,730, ,9999, ,0, , , ,0, , , , , ,486209, , , ,1,1,0,0,0,0,0,0,0,0,0,0,0,0,0,0,0,0,0,0,0,0,0,1,0,0,0,0,0,0,0,0,0,0,0,0,0,40.0414,-75.1917, , 
 ,41222,2015003314,6,67,67301,2014,12,4,10,0,3,1,0,7,4, , ,N,0,0,0,3,0,0,1,1,N,N,39 58:58.030,75 12:07.985,25, ,13, ,0, ,N, ,0, , , , , ,486231, , , ,1,1,0,0,0,0,0,0,0,0,0,0,0,0,0,0,0,0,0,0,1,0,0,0,0,0,0,0,0,0,0,0,0,0,0,0,0,39.9828,-75.2022, , 
 ,41223,2014125657,6,67,67301,2014,11,7,430,4,3,1,0,7,4, , ,N,0,0,0,3,0,0,1,1,N,N,39 53:09.549,75 12:39.759,442, ,434, ,0, ,Y, ,0, , , , , ,486245, , , ,1,0,0,0,0,1,0,0,0,0,0,0,0,0,0,0,0,0,0,0,1,0,0,0,0,0,0,0,0,0,0,0,0,0,0,0,1,39.886,-75.211, , 
 ,41224,2014116484,6,67,67301,2014,2,4,1815,18,3,1,0,1,1, , ,N,0,2,0,3,0,1,2,2,N,N,40 01:59.854,75 10:53.672,0, ,0, ,0, ,N, ,3, , , , , ,483717, , , ,2,1,0,0,0,0,0,0,0,0,0,0,1,1,0,0,0,0,0,0,1,0,0,0,0,0,0,0,0,0,0,0,0,0,0,8,0,40.0333,-75.1816, , 
 ,41225,2015003335,6,67,67301,2014,12,4,720,7,1,1,0,4,1, , ,N,1,2,0,3,0,3,6,2,N,N,39 57:16.503,75 10:22.776,730, ,720, ,0, ,N, ,3, , , , , ,483731, , , ,2,1,0,1,0,0,0,0,0,0,0,3,3,0,0,0,0,0,0,0,0,0,0,0,0,0,0,0,0,0,0,0,0,0,0,4,1,39.9546,-75.173, , 
N,41226,2014103191,6,67,67301,2014,9,1,500,5,3,1,0,7,4,1,8,Y,0,0,0,3,0,1,1,1,N,N,40 01:16.002,75 02:28.261,607,45,600,2,1,1,N, ,0,N,N,N,N,N,483747,N,N,Y,1,1,0,0,0,0,0,0,0,0,0,1,1,0,0,0,0,0,0,1,0,0,0,0,0,0,0,0,0,0,0,0,0,0,0,4,0,40.0211,-75.0412, , 
 ,41227,2015020684,6,67,67301,2014,7,5,1746,17,1,1,0,4,1, , ,N,1,2,0,3,0,6,9,9,N, ,39 58:15.236,75 13:50.408,9999, ,1746,3,2,7, , ,3,Y, , , , ,483770, , , ,9,9,0,0,0,0,0,0,0,0,0,0,6,6,0,0,0,0,0,0,1,0,0,0,0,0,0,0,0,0,0,0,0,0,0,8,0,39.9709,-75.2307, , 
 ,41228,2014099177,6,67,67301,2014,9,4,440,4,3,1,0,4,6, , ,N,0,2,0,3,0,1,2,3,N, ,39 54:18.496,75 09:29.325,446, ,445, ,0, , , ,3, , , , , ,483773, , , ,3,0,0,0,2,1,0,0,0,0,1,0,1,0,0,0,0,0,0,0,0,0,0,0,0,0,0,0,0,0,0,0,0,0,0,3,1,39.9051,-75.1581, , 
 ,41229,2014104487,6,67,67301,2014,10,7,2200,22,3,1,0,8,1, , ,N,0,0,0,3,0,1,2,2,N,N,39 56:48.934,75 09:51.987,2217, ,2214, ,0, , , ,0, , , , , ,483781, , , ,1,1,0,0,0,0,0,0,0,0,1,0,1,0,1,0,0,0,0,0,0,0,0,0,0,0,0,0,0,0,0,0,1,0,0,3,0,39.9469,-75.1644, , 
 ,41230,2014104569,6,67,67301,2014,10,7,150,1,3,2,1,5,6, , ,N,0,0,0,3,0,1,2,3,N,N,39 56:14.627,75 10:16.599,156, ,155, ,0, ,N, ,0, , , , , ,483782, , , ,3,2,0,0,0,0,1,0,0,0,0,1,1,0,0,0,0,0,0,0,0,0,0,0,0,0,0,0,0,0,0,0,0,0,0,4,0,39.9374,-75.1713, , 
 ,41231,2014056990,6,67,67301,2014,4,3,1437,14,1,2,1,1,1, , ,N,1,2,0,3,0,1,2,3,N,N,39 57:13.845,75 13:12.349,1440, ,1437,1,2,3,N, ,3,Y, , , , ,483799, , , ,3,0,0,0,1,0,2,0,0,0,0,1,1,0,0,0,0,0,0,0,0,0,0,0,0,0,0,0,0,0,0,0,0,0,0,4,0,39.9538,-75.2201, , 
 ,41232,2014104480,6,67,67301,2014,9,6,345,3,3,1,0,5,6, , ,N,0,0,0,3,0,0,3,2,N,N,40 02:30.434,75 01:37.497,400, ,352,2,2,1,N, ,0,N, , , , ,483833, , , ,2,1,0,0,0,1,0,0,0,0,0,0,0,0,0,0,0,0,0,0,0,0,0,0,0,0,0,0,0,0,0,0,0,0,0,0,1,40.0418,-75.0271, , 
 ,41233,2014109958,6,67,67301,2014,10,2,1330,13,1,1,0,4,1, , ,N,1,2,0,3,0,1,3,2,N, ,39 59:48.618,75 09:13.788,1539, ,1539, ,0, , , ,3, , , , , ,483838, , , ,1,1,0,0,0,0,0,0,1,0,0,0,1,1,0,0,0,0,0,0,0,0,1,0,0,0,0,0,0,0,0,0,0,0,0,8,0,39.9968,-75.1538, , 
 ,41234,2014121487,6,67,67301,2014,11,1,1521,15,1,1,0,4,1, , ,N,1,2,0,3,0,2,3,2,N, ,39 56:12.483,75 13:47.092,1644, ,1644, ,0, , , ,3, , , , , ,483844, , , ,2,1,0,0,0,0,1,0,0,0,0,0,2,2,0,0,0,0,0,0,1,0,0,2,0,0,0,0,0,0,0,0,0,0,0,8,0,39.9368,-75.2297, , 
 ,41235,2014124989,6,67,67301,2014,11,6,2335,23,3,1,0,4,1, , ,N,1,3,0,3,0,1,3,2,N,N,40 03:08.206,75 09:05.993,2345, ,2340, ,0, ,N, ,3, , , , , ,483850, , , ,2,1,0,0,0,0,1,0,0,0,0,1,1,0,0,0,0,0,1,0,0,1,0,0,0,0,0,0,0,0,0,0,0,0,0,4,0,40.0523,-75.1516, , 
 ,41236,2014112286,6,67,67301,2014,10,5,900,9,1,2,1,8,1, , ,N,1,2,0,3,0,1,2,2,N,N,39 56:51.284,75 10:10.599,1010, ,951, ,0, ,N, ,3, , , , , ,483864, , , ,1,0,0,0,0,0,1,0,0,0,0,0,1,1,0,0,0,0,0,0,0,0,0,0,0,0,0,0,0,0,0,0,1,0,0,8,0,39.9476,-75.1696, , 
 ,41237,2014115626,6,67,67301,2014,10,4,430,4,3,1,0,4,1, , ,N,2,3,0,3,0,1,2,2,N, ,39 52:57.144,75 13:33.841,450, ,443, ,0, , , ,3, , , , , ,483869, , , ,2,1,0,1,0,0,0,0,0,0,0,0,1,1,0,0,0,0,0,0,0,1,0,0,0,0,0,0,0,0,0,0,0,0,0,8,1,39.8825,-75.2261, , 
 ,41238,2014115641,6,67,67301,2014,11,5,1835,18,3,2,1,6,1, , ,N,0,0,0,3,0,1,8,2,N,N,39 58:30.208,75 11:46.805,1905, ,1857, ,0, ,N, ,0, , , , , ,483870, , , ,2,0,0,0,0,0,0,1,0,0,0,0,1,1,0,0,0,0,0,0,0,0,0,0,0,0,0,0,0,0,0,0,0,0,0,8,0,39.9751,-75.1963, , 
 ,41239,2014125227,6,67,67301,2014,12,7,555,5,3,1,1,5,1, , ,N,0,0,0,3,0,1,2,2,N,N,39 58:51.801,75 12:23.118,610, ,600,2,2,3,N, ,0,N, , , , ,483878, , , ,2,1,0,0,1,0,0,0,0,0,0,0,1,1,0,0,0,0,0,0,0,0,0,0,0,0,0,0,0,0,0,0,0,0,0,8,0,39.9811,-75.2064, , 
 ,41240,2014104435,6,67,67301,2014,10,2,1645,16,1,1,0,4,1, , ,N,1,2,0,3,0,0,2,2,N,N,40 03:34.246,75 03:07.165,1700, ,1700,2,1,2,N, ,3,Y, , , , ,483891, , , ,2,1,0,0,0,1,0,0,0,0,0,0,0,0,0,0,0,0,0,0,1,0,0,0,0,0,0,0,0,0,0,0,0,0,0,0,1,40.0595,-75.052, , 
 ,41241,2014104589,6,67,67301,2014,10,6,1840,18,3,1,0,1,1, , ,N,1,2,0,3,0,0,3,3,N,N,39 59:10.535,75 06:15.872,1849, ,1849,2,2,2,N, ,3,Y, , , , ,483892, , , ,3,2,0,0,1,0,0,0,0,0,0,0,0,0,0,0,0,0,0,0,2,0,0,0,0,0,0,0,0,0,0,0,0,0,0,0,0,39.9863,-75.1044, , 
U,41242,2014113263,6,67,67301,2014,11,1,1440,14,1,1,0,4,1,8,8,Y,1,2,0,3,0,1,3,2,N,N,40 01:48.341,75 05:17.340,1445,99,1440,2,2,2,N, ,3,Y,U,U,U,U,478344,U,U,U,2,1,0,0,0,0,1,0,0,0,1,0,1,0,0,0,0,0,0,0,0,0,0,1,0,0,0,0,0,0,0,0,0,0,0,3,0,40.0301,-75.0882, , 
 ,41243,2014113460,6,67,67301,2014,10,2,850,8,1,1,0,4,1, , ,N,1,2,0,3,0,1,2,2,N,N,40 00:35.522,75 09:21.676,922, ,918, ,0, ,N, ,3, , , , , ,478345, , , ,2,1,0,0,0,0,1,0,0,0,0,1,1,0,0,0,0,0,0,0,1,0,0,0,0,0,0,0,0,0,0,0,0,0,0,4,0,40.0099,-75.156, , 
 ,41244,2014115637,6,67,67301,2014,11,4,2250,22,3,2,1,4,1, , ,N,1,2,0,3,0,2,4,2,N, ,39 55:23.275,75 10:11.576,2300, ,2255,2,2,5, , ,3,N, , , , ,478356, , , ,2,1,0,0,0,0,1,0,0,0,0,2,2,0,0,0,0,1,0,0,0,0,0,1,0,0,0,0,0,0,0,0,0,0,0,4,0,39.9231,-75.1699, , 
 ,41245,2014120886,6,67,67301,2014,10,1,9999,99,3,1,0,5,6, , ,N,0,0,0,3,0,0,1,2,N, ,40 01:13.476,75 07:06.387,9999, ,9999, ,0, , , ,0, , , , , ,478362, , , ,2,1,0,0,0,0,1,0,0,0,0,0,0,0,1,0,0,0,0,0,0,0,0,0,0,0,0,0,0,0,0,0,0,0,0,9,0,40.0204,-75.1184, , 
 ,41246,2014121484,6,67,67301,2014,11,4,839,8,1,1,1,4,1, , ,N,1,2,0,3,0,1,2,2,N,N,39 56:25.327,75 14:11.791,851, ,848, ,0, , , ,3, , , , , ,478363, , , ,2,1,0,0,0,0,1,0,0,0,0,1,1,0,0,0,0,0,0,0,0,0,1,0,0,0,0,0,0,0,0,0,0,0,0,4,0,39.9404,-75.2366, , 
 ,41247,2015002747,6,67,67301,2014,12,1,1932,19,3,1,0,1,1, , ,N,1,2,0,3,0,1,3,3,N,N,40 00:10.925,75 10:38.163,1936, ,1935, ,0, ,N, ,3, , , , , ,478412, , , ,3,1,0,0,0,0,2,0,0,0,0,1,1,0,0,0,0,0,0,0,1,0,1,0,0,0,0,0,0,0,0,0,0,0,0,4,0,40.0031,-75.1773, , 
 ,41248,2015027154,6,67,67301,2014,9,6,1400,14,1,1,0,1,1, , ,N,1,2,0,3,0,3,4,2,N,N,40 02:13.851,75 07:25.305,0, ,0, ,0, ,N, ,3, , , , , ,478415, , , ,2,1,0,0,0,0,0,1,0,0,0,0,3,3,0,0,0,0,0,0,0,0,0,0,0,0,0,0,0,0,0,0,0,0,0,8,0,40.0372,-75.1237, , 
 ,41249,2014099561,6,67,67301,2014,9,1,143,1,3,1,0,7,5, , ,N,1,2,0,3,0,2,4,1,N,N,40 00:04.340,75 13:35.009,144, ,143,2,2,4,N, ,2,N, , , , ,478416, , , ,1,0,0,0,0,0,1,0,0,0,0,1,2,1,2,0,0,0,0,1,0,0,0,1,0,0,0,0,0,0,0,0,0,0,0,4,0,40.0012,-75.2264, , 
 ,41250,2014104534,6,67,67301,2014,9,6,2100,21,3,1,0,8,1, , ,N,1,2,0,3,0,1,2,2,N,N,39 58:33.394,75 15:13.492,2100, ,2053, ,0, ,N, ,3, , , , , ,478420, , , ,1,0,0,0,1,0,0,0,0,0,0,1,1,0,0,0,0,0,0,0,0,0,0,0,0,0,0,0,0,0,0,0,1,0,0,4,0,39.9759,-75.2537, , 
 ,41251,2014104626,6,67,67301,2014,9,3,1035,10,1,1,0,1,1, , ,N,2,2,0,3,0,1,4,2,N,N,39 58:28.009,75 12:06.339,1047, ,1042, ,0, ,N, ,3, , , , , ,478439, , , ,2,2,0,0,0,0,0,0,0,0,0,0,1,1,3,0,0,0,0,0,1,0,0,4,0,0,0,0,0,0,0,0,0,0,0,8,0,39.9744,-75.2017, , 
 ,41252,2014113381,6,67,67301,2014,10,2,908,9,1,1,0,1,1, , ,N,0,2,0,3,0,2,4,2,N, ,39 59:38.193,75 09:16.393,9999, ,908, ,0, , , ,3, , , , , ,478454, , , ,2,0,0,0,0,0,1,1,0,0,0,1,2,1,2,0,0,0,0,0,0,0,0,0,0,0,0,0,0,0,0,0,0,0,0,4,0,39.9939,-75.1546, , 
 ,41253,2014116424,6,67,67301,2014,2,2,930,9,1,1,0,1,1, , ,N,1,2,0,3,0,1,2,2,N,N,39 56:42.709,75 13:03.813,0, ,0, ,0, ,N, ,3, , , , , ,478455, , , ,2,1,0,0,0,0,1,0,0,0,1,0,1,0,0,0,0,0,0,0,0,0,0,1,0,0,0,0,0,0,0,0,0,0,0,3,0,39.9452,-75.2177, , 
 ,41254,2014113278,6,67,67301,2014,10,6,1258,12,1,1,0,4,1, , ,N,1,2,0,3,0,3,3,2,N,N,40 03:41.901,75 14:11.684,1305, ,1302, ,0, ,N, ,3, , , , , ,478470, , , ,2,2,0,0,0,0,0,0,0,0,2,1,3,0,0,0,0,0,0,0,0,0,1,0,0,0,0,0,0,0,0,0,0,0,0,3,0,40.0616,-75.2366, , 
 ,41255,2014117789,6,67,67301,2014,11,6,30,0,3,2,1,1,1, , ,N,0,0,0,3,0,1,2,2,N,N,39 57:34.581,75 10:36.020,30, ,30,2,2,3,N, ,0,N, , , , ,478475, , , ,2,2,0,0,0,0,0,0,0,0,0,1,1,0,0,0,0,0,0,0,0,0,0,0,0,0,0,0,0,0,0,0,0,0,0,4,0,39.9596,-75.1767, , 
 ,41256,2014120872,6,67,67301,2014,11,2,1301,13,1,1,0,4,1, , ,N,0,0,7,3,0,2,3,2,N, ,40 05:14.015,75 02:28.339,1311, ,1310,9,1,3, , ,0,N, , , , ,478477, , , ,2,1,0,0,0,0,0,1,0,0,0,0,2,2,0,0,0,0,0,0,0,0,1,0,0,0,0,0,0,0,0,0,0,0,0,8,0,40.0872,-75.0412, , 
 ,41257,2014087912,6,67,67301,2014,7,4,1650,16,1,1,0,4,1, , ,N,1,2,0,3,0,1,3,2,N, ,40 01:12.662,75 08:55.511,1715, ,1707,9,1,2, , ,3,N, , , , ,478483, , , ,2,1,0,0,0,0,0,0,0,0,0,1,1,0,0,0,0,0,0,0,1,0,0,0,0,0,0,0,0,0,0,0,0,0,0,4,0,40.0202,-75.1488, , 
 ,41258,2014089048,6,67,67301,2014,8,4,1110,11,1,1,0,4,1, , ,N,1,2,0,3,0,1,2,2,N,N,39 57:36.745,75 11:27.211,1115, ,1115,2,1,2,N, ,3,N, , , , ,478484, , , ,2,1,0,0,1,0,0,0,0,0,0,0,1,1,0,0,0,0,0,0,1,1,0,0,0,0,0,0,0,0,0,0,0,0,0,8,0,39.9602,-75.1909, , 
 ,41259,2014098650,6,67,67301,2014,9,6,1318,13,1,1,0,4,1, , ,N,1,2,0,3,0,0,2,2,N,N,39 57:06.231,75 10:37.822,1350, ,1336, ,0, ,N, ,3, , , , , ,478489, , , ,2,1,0,0,0,0,1,0,0,0,0,0,0,0,0,0,0,0,0,0,0,0,0,0,0,0,0,0,0,0,0,0,0,0,0,0,0,39.9517,-75.1772, , 
 ,41260,2014112393,6,67,67301,2014,11,5,2040,20,3,2,1,1,1, , ,N,0,0,0,3,0,0,3,3,N,N,39 59:28.438,75 12:13.856,2053, ,2040, ,0, ,N, ,0, , , , , ,481062, , , ,3,2,0,0,0,0,0,0,0,0,0,0,0,0,1,0,0,0,0,0,0,0,0,0,0,0,0,0,0,0,0,0,0,0,0,9,0,39.9912,-75.2038, , 
 ,41261,2014106689,6,67,67301,2014,10,5,9999,99,1,1,0,4,1, , ,N,1,2,0,3,0,1,2,2,N,N,40 02:50.960,75 08:34.014,1829, ,1827, ,0, ,N, ,3, , , , , ,481067, , , ,1,0,0,0,0,0,1,0,1,0,0,0,1,1,0,0,0,0,0,1,0,0,0,0,0,0,0,0,0,0,0,0,0,0,0,8,0,40.0475,-75.1428, , 