wz_ln_closure,objectid_1,crn,district,county,municipality,crash_year,crash_month,day_of_week,time_of_day,hour_of_day,illumination,weather,road_condition,collision_type,relation_to_road,work_zone_type,work_zone_loc,work_zone_ind,intersect_type,tcd_type,location_type,urban_rural,fatal_count,injury_count,person_count,total_units,sch_bus_ind,sch_zone_ind,latitude,longitude,arrival_tm,cons_zone_spd_lim,dispatch_tm,est_hrs_closed,lane_closed,ln_close_dir,ntfy_hiwy_maint,spec_juris_cd,tcd_func_cd,tfc_detour_ind,workers_pres,wz_close_detour,wz_flagger,wz_law_offcr_ind,objectid,wz_moving,wz_other,wz_shlder_mdn,vehicle_count,automobile_count,motorcycle_count,bus_count,small_truck_count,heavy_truck_count,suv_count,van_count,bicycle_count,maj_inj_count,mod_inj_count,min_inj_count,tot_inj_count,unk_inj_deg_count,unk_inj_per_count,driver_count_16yr,driver_count_17yr,driver_count_18yr,driver_count_19yr,driver_count_20yr,driver_count_50_64yr,driver_count_65_74yr,driver_count_75plus,unbelted_occ_count,unb_death_count,unb_maj_inj_count,belted_death_count,belted_maj_inj_count,mcycle_death_count,mcycle_maj_inj_count,bicycle_death_count,bicycle_maj_inj_count,ped_count,ped_death_count,ped_maj_inj_count,max_severity_level,comm_veh_count,dec_lat,dec_long,rdwy_surf_type_cd,county_name
 ,41262,2014127430,6,67,67301,2014,12,1,2000,20,3,1,0,4,1, , ,N,1,2,0,3,0,1,2,2,N, ,40 02:35.289,75 10:02.002,2005, ,2005,1,1,4, , ,3,N, , , , ,481085, , , ,1,1,0,0,0,0,0,0,1,0,0,1,1,0,0,0,0,0,0,0,0,0,0,0,0,0,0,0,0,0,0,0,0,0,0,4,0,40.0431,-75.1672, , 
 ,41263,2014130472,6,67,67301,2014,12,5,1801,18,3,1,0,1,1, , ,N,0,0,7,3,0,2,2,2,N,N,39 55:53.072,75 13:34.154,1808, ,1806,2,2,6, , ,0,Y, , , , ,481087, , , ,2,1,0,0,0,0,1,0,0,0,0,2,2,0,0,0,0,0,0,0,0,0,0,0,0,0,0,0,0,0,0,0,0,0,0,4,0,39.9314,-75.2262, , 
 ,41264,2015006625,6,67,67301,2014,12,7,640,6,1,1,0,4,1, , ,N,1,2,0,3,0,0,2,2,N,N,39 59:38.209,75 09:16.513,650, ,642, ,0, ,N, ,3, , , , , ,481094, , , ,2,1,0,0,0,0,1,0,0,0,0,0,0,0,0,0,0,0,0,0,1,1,0,0,0,0,0,0,0,0,0,0,0,0,0,0,0,39.9939,-75.1545, , 
 ,41265,2014127893,6,67,67301,2014,12,7,1216,12,1,2,1,1,1, , ,N,0,0,0,3,0,0,3,3,N,N,40 02:43.962,75 03:22.028,1226, ,1224, ,0, ,N, ,0, , , , , ,481113, , , ,3,2,0,0,0,0,1,0,0,0,0,0,0,0,0,0,0,0,0,0,1,0,0,0,0,0,0,0,0,0,0,0,0,0,0,0,0,40.0455,-75.0561, , 
 ,41266,2015006658,6,67,67301,2014,12,2,1045,10,1,1,0,7,4, , ,N,0,0,0,3,0,1,1,1,N, ,40 05:03.212,75 13:19.096,1108, ,1052, ,0, , , ,0, , , , , ,481119, , , ,1,1,0,0,0,0,0,0,0,0,0,1,1,0,0,0,0,0,0,0,0,0,1,0,0,0,0,0,0,0,0,0,0,0,0,4,0,40.0842,-75.222, , 
 ,41267,2015002742,6,67,67301,2014,12,4,1830,18,2,1,0,7,4, , ,N,0,0,0,3,0,2,2,2,N,N,40 02:10.994,75 07:48.604,1856, ,1847, ,0, ,N, ,0, , , , , ,481138, , , ,2,1,0,0,0,0,1,0,0,0,0,0,2,2,0,0,0,0,0,0,1,0,0,0,0,0,0,0,0,0,0,0,0,0,0,8,0,40.0364,-75.1302, , 
 ,41268,2015006703,6,67,67301,2014,12,5,1425,14,1,1,0,5,1, , ,N,0,0,0,3,0,1,2,2,N, ,39 58:20.840,75 14:41.856,1700, ,1647, ,0, , , ,0, , , , , ,481139, , , ,2,2,0,0,0,0,0,0,0,0,0,0,1,1,1,0,0,1,0,0,0,0,0,0,0,0,0,0,0,0,0,0,0,0,0,8,0,39.9725,-75.245, , 
 ,41269,2014110414,6,67,67301,2014,10,6,1450,14,1,1,0,8,1, , ,N,0,0,0,3,0,1,2,2,N, ,40 03:18.743,75 00:14.879,1452, ,1451, ,0, , , ,0, , , , , ,481146, , , ,1,0,0,0,0,0,1,0,0,0,1,0,1,0,0,0,0,0,0,0,1,0,0,0,0,0,0,0,0,0,0,0,1,0,0,3,0,40.0552,-75.0041, , 
 ,41270,2014122419,6,67,67301,2014,11,6,15,0,3,2,1,7,4, , ,N,10,3,0,3,0,0,1,1,N,N,40 01:56.884,75 12:20.415,30, ,20,2,1,5,N, ,3,N, , , , ,481158, , , ,1,1,0,0,0,0,0,0,0,0,0,0,0,0,0,0,0,0,0,0,0,0,0,0,0,0,0,0,0,0,0,0,0,0,0,0,0,40.0325,-75.2057, , 
 ,41271,2014120318,6,67,67301,2014,11,2,1444,14,1,1,0,4,1, , ,N,1,3,0,3,0,2,2,2,N, ,40 03:54.889,75 10:17.414,1613, ,1602, ,0, , , ,3, , , , , ,481181, , , ,2,2,0,0,0,0,0,0,0,0,0,2,2,0,0,0,0,0,0,0,0,1,0,0,0,0,0,0,0,0,0,0,0,0,0,4,0,40.0652,-75.1715, , 
 ,41272,2015006654,6,67,67301,2014,12,4,1015,10,1,2,1,4,1, , ,N,2,2,0,3,0,0,3,2,N,N,40 03:46.988,75 05:11.702,1023, ,1019, ,0, , , ,3, , , , , ,481205, , , ,2,1,0,0,0,0,0,1,0,0,0,0,0,0,0,0,0,0,0,0,0,0,0,0,0,0,0,0,0,0,0,0,0,0,0,0,0,40.0631,-75.0866, , 
 ,41273,2016012849,6,67,67301,2014,5,4,1330,13,1,1,0,1,1, , ,N,0,0,0,3,0,2,2,2,N,N,40 00:16.330,75 07:56.990,0, ,0, ,0, ,N, ,0, , , , , ,481228, , , ,2,0,0,0,0,0,2,0,0,0,0,0,2,2,0,0,0,0,0,0,0,0,0,0,0,0,0,0,0,0,0,0,0,0,0,8,0,40.0045,-75.1325, , 
 ,41274,2014110370,6,67,67301,2014,10,7,1202,12,1,1,0,4,1, , ,N,2,3,0,3,0,1,3,2,N,N,39 59:14.866,75 15:20.369,1210, ,1204, ,0, ,N, ,3, , , , , ,481232, , , ,2,2,0,0,0,0,0,0,0,0,0,0,1,1,0,0,0,0,0,0,1,0,0,0,0,0,0,0,0,0,0,0,0,0,0,8,0,39.9875,-75.2557, , 
 ,41275,2014126755,6,67,67301,2014,12,5,1649,16,3,1,1,1,1, , ,N,0,0,0,3,0,0,2,2,N,N,39 53:57.958,75 09:55.026,1659, ,1653, ,0, ,N, ,0, , , , , ,481239, , , ,2,1,0,0,1,0,0,0,0,0,0,0,0,0,0,0,0,0,0,0,1,0,0,0,0,0,0,0,0,0,0,0,0,0,0,0,0,39.8994,-75.1653, , 
 ,41276,2014130411,6,67,67301,2014,12,1,250,2,3,1,0,1,1, , ,N,0,0,0,3,0,3,5,2,N,N,40 00:49.934,75 07:33.173,256, ,255, ,0, ,N, ,0, , , , , ,481243, , , ,2,2,0,0,0,0,0,0,0,0,0,3,3,0,0,0,0,0,0,0,0,0,0,0,0,0,0,0,0,0,0,0,0,0,0,4,0,40.0139,-75.1259, , 
 ,41277,2014104432,6,67,67301,2014,9,7,2007,20,2,1,0,4,1, , ,N,1,3,0,3,0,1,2,2,N, ,39 57:01.504,75 14:42.907,2012, ,2007, ,0, , , ,3, , , , , ,481249, , , ,2,2,0,0,0,0,0,0,0,0,0,1,1,0,0,0,0,0,0,0,0,1,0,0,0,0,0,0,0,0,0,0,0,0,0,4,0,39.9504,-75.2453, , 
 ,41278,2014120927,6,67,67301,2014,11,6,2215,22,3,1,0,1,1, , ,N,1,2,1,3,0,4,6,2,N,N,39 55:44.943,75 11:13.894,2305, ,2300, ,0, , , ,3, , , , , ,481265, , , ,2,2,0,0,0,0,0,0,0,4,0,0,4,0,0,0,0,0,0,0,0,0,0,0,0,0,0,0,0,0,0,0,0,0,0,2,0,39.9292,-75.1872, , 
U,41279,2014091310,6,67,67301,2014,8,1,1630,16,1,1,0,1,1,8,8,Y,1,2,0,3,0,1,4,2,Y,Y,40 01:43.905,75 06:21.601,1636,99,1635,1,1,1, , ,3,N,U,U,U,U,486247,U,U,U,2,2,0,0,0,0,0,0,0,0,0,1,1,0,0,0,0,0,0,0,0,0,1,0,0,0,0,0,0,0,0,0,0,0,0,4,0,40.029,-75.1061, , 
 ,41280,2014093752,6,67,67301,2014,9,5,1836,18,3,1,0,1,1, , ,N,0,0,0,3,0,0,3,3,N,N,39 57:36.297,75 10:46.280,1857, ,1840,1,1,4,N, ,0,N, , , , ,486252, , , ,3,2,0,0,0,0,1,0,0,0,0,0,0,0,0,0,0,0,0,0,0,0,0,0,0,0,0,0,0,0,0,0,0,0,0,0,0,39.9601,-75.1795, , 
 ,41281,2014104542,6,67,67301,2014,10,6,1735,17,1,1,0,4,1, , ,N,2,0,0,3,0,1,3,2,N,N,40 02:26.916,75 04:53.453,1745, ,1741, ,0, ,N, ,0, , , , , ,486265, , , ,1,1,0,0,0,0,0,0,1,0,0,1,1,0,0,0,0,0,0,0,0,0,0,0,0,0,0,0,0,0,0,0,0,0,0,4,0,40.0408,-75.0815, , 
 ,41282,2014054592,6,67,67301,2014,4,5,152,1,3,1,0,7,3, , ,N,0,0,0,3,0,1,3,1,N, ,39 57:46.830,75 08:09.158,158, ,156, ,0, , , ,0, , , , , ,486286, , , ,1,1,0,0,0,0,0,0,0,0,0,0,1,1,0,0,0,0,0,0,0,0,0,0,0,0,0,0,0,0,0,0,0,0,0,8,0,39.963,-75.1359, , 
 ,41283,2014088628,6,67,67301,2014,6,2,2023,20,3,1,8,7,4, , ,N,0,0,0,3,0,1,1,1,N,N,40 00:42.660,75 08:06.993,2030, ,2023, ,0, ,N, ,0, , , , , ,486294, , , ,1,1,0,0,0,0,0,0,0,0,1,0,1,0,0,0,0,0,0,0,0,0,0,0,0,0,0,0,0,0,0,0,0,0,0,3,0,40.0119,-75.1353, , 
 ,41284,2014065602,6,67,67301,2014,5,5,9999,99,1,1,0,1,1, , ,N,0,0,0,3,0,3,4,2,N,Y,40 04:04.871,75 09:26.362,1254, ,1252, ,0, ,N, ,0, , , , , ,486319, , , ,2,1,0,0,0,0,1,0,0,0,0,0,3,3,1,0,0,0,0,0,0,0,0,0,0,0,0,0,0,0,0,0,0,0,0,8,0,40.068,-75.1573, , 
 ,41285,2014078795,6,67,67301,2014,3,6,1955,19,3,1,0,6,1, , ,N,0,0,0,3,0,3,6,3,N,N,40 04:17.063,75 01:48.324,2010, ,2000, ,0, ,N, ,0, , , , , ,486330, , , ,3,2,0,0,0,0,1,0,0,0,2,1,3,0,1,0,0,0,0,0,1,0,0,0,0,0,0,0,0,0,0,0,0,0,0,3,0,40.0714,-75.0301, , 
 ,41286,2014087755,6,67,67301,2014,7,4,2140,21,3,2,1,7,4, , ,N,0,0,0,3,0,2,2,1,N, ,39 55:12.797,75 13:59.315,2140, ,2140, ,0, , , ,0, , , , , ,486339, , , ,1,1,0,0,0,0,0,0,0,0,0,0,2,2,0,0,0,0,0,0,0,0,0,2,0,0,0,0,0,0,0,0,0,0,0,8,0,39.9202,-75.2331, , 
 ,41287,2014088676,6,67,67301,2014,8,6,2230,22,3,1,0,4,1, , ,N,1,2,0,3,0,1,4,2,N,N,39 57:00.666,75 08:44.461,2236, ,2236, ,0, ,N, ,3, , , , , ,486340, , , ,1,1,0,0,0,0,0,0,1,0,1,0,1,0,0,0,0,0,0,0,1,0,0,2,0,0,0,0,0,0,0,0,0,0,0,3,0,39.9501,-75.1457, , 
 ,41288,2014088814,6,67,67301,2014,8,2,1335,13,1,1,0,5,6, , ,N,0,0,0,3,0,1,1,3,N,N,39 55:59.849,75 11:24.685,1343, ,1340, ,0, ,N, ,0, , , , , ,486341, , , ,3,2,0,0,0,0,1,0,0,0,1,0,1,0,0,0,0,0,0,0,1,0,0,0,0,0,0,0,0,0,0,0,0,0,0,3,0,39.9333,-75.1902, , 
 ,41289,2014088068,6,67,67301,2014,8,6,1350,13,1,1,0,8,1, , ,N,1,2,0,3,0,1,2,2,N,N,40 02:15.774,75 02:32.795,1355, ,1353,2,1,4,N, ,3,N, , , , ,486349, , , ,1,0,0,0,0,0,0,1,0,0,0,1,1,0,0,0,0,0,0,0,0,0,0,0,0,0,0,0,0,0,0,0,1,0,0,4,0,40.0377,-75.0425, , 
 ,41290,2014089732,6,67,67301,2014,8,1,1113,11,1,1,0,1,1, , ,N,1,3,0,3,0,2,4,2,N,N,39 55:38.416,75 09:14.331,1226, ,1220, ,0, ,N, ,3, , , , , ,486350, , , ,2,1,0,0,0,0,1,0,0,0,0,2,2,0,1,0,0,0,0,0,0,0,0,0,0,0,0,0,0,0,0,0,0,0,0,4,0,39.9273,-75.154, , 
 ,41291,2014059225,6,67,67301,2014,5,6,1550,15,1,2,1,8,1, , ,N,2,2,0,3,0,1,2,2,N,N,39 57:49.599,75 09:40.200,9999, ,1556, ,0, ,N, ,3, , , , , ,486384, , , ,1,0,0,0,0,0,1,0,0,0,0,1,1,0,0,0,0,0,0,0,0,0,0,0,0,0,0,0,0,0,0,0,1,0,0,4,0,39.9637,-75.161, , 
 ,41292,2014059262,6,67,67301,2014,5,7,2033,20,3,1,0,4,1, , ,N,1,2,0,3,0,1,3,2,N,N,39 58:45.724,75 10:27.796,2036, ,2033, ,0, ,N, ,3, , , , , ,486385, , , ,1,1,0,0,0,0,0,0,1,0,0,1,1,0,0,0,0,0,0,0,1,0,0,1,0,0,0,0,0,0,0,0,0,0,0,4,0,39.9794,-75.1744, , 
 ,41293,2014113366,6,67,67301,2014,10,6,605,6,3,1,0,7,2, , ,N,0,0,0,3,0,1,1,2,N, ,40 00:57.808,75 10:33.277,635, ,615,1,1,2, , ,0,N, , , , ,486398, , , ,1,1,0,0,0,0,0,0,0,0,0,1,1,0,0,0,0,0,0,0,0,0,0,0,0,0,0,0,0,0,0,0,0,0,0,4,0,40.0161,-75.1759, , 
 ,41294,2014130558,6,67,67301,2014,12,3,9999,99,1,2,1,4,1, , ,N,1,2,0,3,0,1,2,2,N, ,40 00:43.977,75 08:16.141,1134, ,1134, ,0, , , ,3, , , , , ,486419, , , ,2,1,0,0,0,0,0,1,0,0,0,1,1,0,0,0,0,0,1,0,0,0,0,0,0,0,0,0,0,0,0,0,0,0,0,4,0,40.0122,-75.1378, , 
 ,41295,2015009591,6,67,67301,2014,12,6,9999,99,3,1,0,4,1, , ,N,1,2,0,3,0,1,2,2,N,N,39 57:42.847,75 08:28.208,2010, ,2006, ,0, ,N, ,3, , , , , ,486434, , , ,2,0,1,0,0,0,1,0,0,0,0,1,1,0,0,0,0,0,0,0,0,0,0,1,0,0,0,0,0,0,0,0,0,0,0,4,0,39.9619,-75.1412, , 
 ,41296,2014049656,6,67,67301,2014,4,4,1725,17,1,1,0,5,1, , ,N,0,0,0,3,0,1,2,2,N, ,39 56:38.570,75 10:01.773,1741, ,1730, ,0, , , ,0, , , , , ,486445, , , ,1,1,0,0,0,0,0,0,1,0,0,1,1,0,0,0,0,0,0,0,0,0,0,0,0,0,0,0,0,0,0,0,0,0,0,4,0,39.944,-75.1672, , 
 ,41297,2014104992,6,67,67301,2014,10,5,230,2,3,1,0,8,1, , ,N,1,3,0,3,0,1,2,2,N, ,40 02:37.809,75 08:20.356,1730, ,1730, ,0, , , ,3, , , , , ,483893, , , ,1,0,0,0,0,0,1,0,0,0,0,1,1,0,1,0,0,0,0,0,0,0,0,0,0,0,0,0,0,0,0,0,1,0,0,4,0,40.0438,-75.139, , 
 ,41298,2014113296,6,67,67301,2014,11,7,1913,19,3,1,1,4,1, , ,N,5,2,0,3,0,1,3,2,N,N,40 02:25.526,75 03:55.923,1927, ,1925,2,1,2,N, ,3,N, , , , ,483900, , , ,2,1,0,0,0,0,1,0,0,0,0,1,1,0,0,0,0,0,0,0,1,0,0,0,0,0,0,0,0,0,0,0,0,0,0,4,0,40.0404,-75.0655, , 
 ,41299,2014131788,6,67,67301,2014,12,6,240,2,3,1,0,1,1, , ,N,1,2,0,3,0,1,5,2,N,N,40 04:35.200,75 01:57.222,240, ,240,2,2,1,N, ,3,Y, , , , ,483914, , , ,2,0,0,0,0,0,2,0,0,0,0,1,1,0,0,0,0,0,0,0,0,0,0,0,0,0,0,0,0,0,0,0,0,0,0,4,0,40.0765,-75.0327, , 
 ,41300,2014131936,6,67,67301,2014,12,5,228,2,3,2,1,0,4, , ,N,0,0,0,3,0,0,3,1,N,N,39 58:51.844,75 12:23.977,237, ,230,2,1,3,N, ,0,N, , , , ,483970, , , ,1,1,0,0,0,0,0,0,0,0,0,0,0,0,0,0,0,0,0,0,0,0,0,0,0,0,0,0,0,0,0,0,0,0,0,0,0,39.9811,-75.2067, , 
 ,41301,2014087806,6,67,67301,2014,7,1,1331,13,1,1,0,4,1, , ,N,1,2,0,3,0,1,2,2,N,N,40 00:54.823,75 10:11.829,1337, ,1337, ,0, , , ,3, , , , , ,483990, , , ,2,2,0,0,0,0,0,0,0,0,0,1,1,0,0,0,0,0,0,0,0,0,0,0,0,0,0,0,0,0,0,0,0,0,0,4,0,40.0152,-75.1699, , 
 ,41302,2014088181,6,67,67301,2014,7,3,1612,16,1,2,0,4,1, , ,N,1,3,0,3,0,1,2,2,N,N,39 56:35.624,75 14:13.721,1655, ,1645, ,0, ,N, ,3, , , , , ,483991, , , ,1,1,0,0,0,0,0,0,1,0,1,0,1,0,0,0,0,0,0,0,1,0,0,0,0,0,0,0,0,0,0,0,0,0,0,3,0,39.9432,-75.2371, , 
 ,41303,2014089699,6,67,67301,2014,8,4,750,7,1,1,0,5,1, , ,N,1,3,0,3,0,1,2,2,N,N,39 56:51.985,75 12:41.108,824, ,820, ,0, ,N, ,3, , , , , ,483992, , , ,1,1,0,0,0,0,0,0,1,0,0,1,1,0,1,0,0,0,0,0,0,0,0,0,0,0,0,0,0,0,0,0,0,0,0,4,0,39.9478,-75.2114, , 
 ,41304,2014099226,6,67,67301,2014,9,2,9999,99,3,1,0,8,1, , ,N,1,2,0,3,0,1,2,2,N, ,40 01:21.712,75 08:00.711,9999, ,9999, ,0, , , ,3, , , , , ,483999, , , ,1,0,0,0,0,0,0,1,0,0,1,0,1,0,1,0,0,0,0,0,0,0,0,0,0,0,0,0,0,0,0,0,1,0,0,3,0,40.0227,-75.1335, , 
 ,41305,2014103549,6,67,67301,2014,9,7,9999,99,1,1,0,4,1, , ,N,1,2,0,3,0,4,5,2,N,N,39 55:58.508,75 08:55.373,1815, ,1802, ,0, ,N, ,3, , , , , ,484001, , , ,2,1,0,0,0,0,1,0,0,0,0,3,4,1,0,0,0,0,0,0,1,0,0,0,0,0,0,0,0,0,0,0,0,0,0,4,0,39.9329,-75.1487, , 
 ,41306,2014104613,6,67,67301,2014,10,2,1330,13,1,1,0,6,1, , ,N,0,0,0,3,0,1,4,2,N,N,40 00:57.505,75 04:16.145,1455, ,1413, ,0, ,N, ,0, , , , , ,484003, , , ,2,1,0,0,0,1,0,0,0,0,0,0,1,1,0,0,0,0,0,0,0,0,0,1,0,0,0,0,0,0,0,0,0,0,0,8,0,40.016,-75.0712, , 
 ,41307,2014110356,6,67,67301,2014,10,4,1925,19,3,2,1,1,1, , ,N,0,2,0,3,0,0,2,2,N, ,39 56:25.511,75 14:12.011,1939, ,1934, ,0, , , ,3, , , , , ,484010, , , ,2,1,0,0,0,0,1,0,0,0,0,0,0,0,0,0,0,0,0,0,0,0,0,0,0,0,0,0,0,0,0,0,0,0,0,0,0,39.9404,-75.2367, , 
 ,41308,2014078800,6,67,67301,2014,6,1,505,5,1,1,0,4,1, , ,N,1,2,0,3,0,0,2,2,N,N,39 59:14.726,75 13:56.711,512, ,510, ,0, ,N, ,3, , , , , ,484029, , , ,2,2,0,0,0,0,0,0,0,0,0,0,0,0,0,0,0,0,0,0,0,0,0,0,0,0,0,0,0,0,0,0,0,0,0,0,0,39.9874,-75.2324, , 
 ,41309,2014084291,6,67,67301,2014,7,6,1510,15,1,1,0,4,1, , ,N,2,2,0,3,0,1,2,2,N,N,39 58:25.181,75 12:31.951,1602, ,1600, ,0, ,N, ,3, , , , , ,484034, , , ,2,1,0,0,0,0,1,0,0,0,0,0,1,1,0,0,0,0,0,0,0,0,0,0,0,0,0,0,0,0,0,0,0,0,0,8,0,39.9736,-75.2089, , 
 ,41310,2014087896,6,67,67301,2014,8,5,2030,20,3,1,0,8,9, , ,N,1,3,0,3,0,1,2,2,N,N,39 55:08.457,75 13:43.654,2130, ,2125, ,0, ,N, ,3, , , , , ,484038, , , ,1,0,0,0,0,0,1,0,0,0,0,1,1,0,0,0,0,0,0,0,0,0,0,0,0,0,0,0,0,0,0,0,1,0,0,4,0,39.919,-75.2288, , 
 ,41311,2014098717,6,67,67301,2014,9,4,9999,99,1,1,0,8,1, , ,N,1,2,0,3,0,1,2,2,N, ,39 54:14.563,75 14:24.409,1700, ,1700, ,0, , , ,3, , , , , ,484052, , , ,1,0,0,0,0,0,0,0,0,0,0,0,1,1,0,0,0,0,0,0,0,1,0,0,0,0,0,0,0,0,0,0,1,0,0,8,0,39.904,-75.2401, , 
 ,41312,2014104413,6,67,67301,2014,10,6,555,5,5,1,0,8,1, , ,N,1,2,0,3,0,1,2,2,N,N,39 57:14.549,75 10:36.033,610, ,600, ,0, ,N, ,3, , , , , ,484055, , , ,1,1,0,0,0,0,0,0,0,0,0,0,1,1,0,0,0,0,0,0,0,0,0,0,0,0,0,0,0,0,0,0,1,0,0,8,0,39.954,-75.1767, , 
 ,41313,2015029912,6,67,67301,2014,10,2,1830,18,1,1,0,7,3, , ,N,0,0,0,3,0,1,3,2,N,N,39 57:44.854,75 10:58.574,0, ,0, ,0, ,N, ,0, , , , , ,484080, , , ,2,2,0,0,0,0,0,0,0,0,0,0,1,1,0,0,0,0,1,0,0,0,0,1,0,0,0,0,0,0,0,0,0,0,0,8,0,39.9625,-75.1829, , 
 ,41314,2014120922,6,67,67301,2014,11,5,1315,13,1,1,0,4,1, , ,N,0,0,7,3,0,1,2,2,N,N,40 05:23.170,75 02:00.128,1321, ,1317, ,0, ,N, ,0, , , , , ,484087, , , ,1,0,0,0,0,0,1,0,1,0,0,1,1,0,0,0,0,0,0,0,1,0,0,0,0,0,0,0,0,0,0,0,0,0,0,4,0,40.0898,-75.0334, , 
 ,41315,2014109960,6,67,67301,2014,10,3,1419,14,1,1,0,8,1, , ,N,1,0,0,3,0,1,2,2,N, ,39 59:56.097,75 08:41.348,1920, ,1907, ,0, , , ,0, , , , , ,478498, , , ,1,0,0,0,0,0,0,1,0,0,0,0,1,1,1,0,0,0,0,0,0,0,0,0,0,0,0,0,0,0,0,0,1,0,0,8,0,39.9989,-75.1448, , 
 ,41316,2014113484,6,67,67301,2014,11,7,400,4,3,2,1,7,2, , ,N,0,0,0,3,0,0,1,1,N,N,40 00:46.217,75 12:16.178,433, ,430, ,0, ,N, ,0, , , , , ,478502, , , ,1,1,0,0,0,0,0,0,0,0,0,0,0,0,0,0,0,0,0,0,0,0,0,0,0,0,0,0,0,0,0,0,0,0,0,0,0,40.0128,-75.2045, , 
 ,41317,2014116193,6,67,67301,2014,11,3,1109,11,1,1,0,1,1, , ,N,0,0,0,3,0,0,2,2,N,N,39 56:43.789,75 08:33.411,1117, ,1110, ,0, ,N, ,0, , , , , ,478507, , , ,2,2,0,0,0,0,0,0,0,0,0,0,0,0,0,0,0,0,0,0,0,1,0,0,0,0,0,0,0,0,0,0,0,0,0,0,0,39.9455,-75.1426, , 
 ,41318,2014124447,6,67,67301,2014,11,4,1811,18,3,1,0,8,1, , ,N,1,3,0,3,1,0,2,2,N,N,40 03:54.183,75 11:25.414,1820, ,1811, ,0, ,N,0,3, , , , , ,478513, , , ,1,0,0,0,0,0,1,0,0,0,0,0,0,0,0,0,0,0,0,0,1,0,0,1,0,0,0,0,0,0,0,0,1,1,0,1,0,40.0651,-75.1904,2, 
 ,41319,2014125054,6,67,67301,2014,11,1,1030,10,1,1,0,4,1, , ,N,1,3,0,3,0,0,6,2,N,N,39 58:06.913,75 12:07.693,1033, ,1033, ,0, ,N, ,3, , , , , ,478514, , , ,2,2,0,0,0,0,0,0,0,0,0,0,0,0,0,0,0,0,0,0,0,0,0,1,0,0,0,0,0,0,0,0,0,0,0,0,0,39.9686,-75.2021, , 
 ,41320,2014122455,6,67,67301,2014,11,2,1615,16,1,2,1,4,1, , ,N,0,0,7,3,0,3,5,6,N,N,40 07:56.081,75 00:34.323,1623, ,1619, ,0, ,N, ,0, , , , , ,478518, , , ,6,3,0,0,2,0,1,0,0,0,0,0,3,3,0,0,0,0,0,0,0,0,0,0,0,0,0,0,0,0,0,0,0,0,0,8,0,40.1322,-75.0095, , 
 ,41321,2014122421,6,46,46108,2014,11,7,1200,12,1,1,0,4,1, , ,N,1,2,0,3,0,3,3,2,N, ,40 05:15.200,75 12:51.480,1205, ,1204, ,0, , , ,3, , , , , ,478531, , , ,2,0,0,0,0,0,2,0,0,0,0,3,3,0,0,0,0,0,0,0,0,0,0,0,0,0,0,0,0,0,0,0,0,0,0,4,0,40.0876,-75.2143, , 
 ,41322,2015030997,6,67,67301,2014,12,3,9999,99,1,2,1,4,1, , ,N,1,2,1,3,0,1,2,2,N,N,40 01:04.383,75 04:57.342,0, ,0, ,0, ,N, ,3, , , , , ,478541, , , ,2,2,0,0,0,0,0,0,0,0,0,0,1,1,0,0,0,0,0,1,1,0,0,0,0,0,0,0,0,0,0,0,0,0,0,8,0,40.0179,-75.0826, , 
 ,41323,2014059269,6,67,67301,2014,5,7,1200,12,1,1,0,4,1, , ,N,5,2,0,3,0,1,2,2,N, ,40 00:21.196,75 08:59.283,1222, ,1221,1,1,1, , ,3,Y, , , , ,478552, , , ,2,2,0,0,0,0,0,0,0,0,0,0,1,1,1,0,0,0,0,0,0,0,0,0,0,0,0,0,0,0,0,0,0,0,0,8,0,40.0059,-75.1498, , 
 ,41324,2014078753,6,67,67301,2014,6,6,1614,16,1,1,0,4,1, , ,N,2,2,0,3,0,1,3,2,N,N,39 58:25.156,75 12:32.179,1616, ,1615,1,2,6,N, ,3,Y, , , , ,478561, , , ,2,1,0,0,0,0,0,1,0,0,0,0,1,1,2,0,0,0,0,0,0,0,0,0,0,0,0,0,0,0,0,0,0,0,0,8,0,39.9736,-75.2089, , 
 ,41325,2014082738,6,67,67301,2014,8,6,240,2,3,2,1,7,4, , ,N,0,0,0,3,0,1,1,1,N,N,40 02:17.460,75 00:36.749,256, ,250, ,0, ,N, ,0, , , , , ,478565, , , ,1,1,0,0,0,0,0,0,0,0,0,1,1,0,0,0,0,0,0,0,0,0,0,0,0,0,0,0,0,0,0,0,0,0,0,4,0,40.0382,-75.0102, , 
 ,41326,2014084188,6,67,67301,2014,7,4,625,6,1,1,0,4,1, , ,N,0,0,0,3,0,0,2,2,N, ,40 02:38.407,75 05:42.856,725, ,721,3,2,1,N, ,0,Y, , , , ,478566, , , ,2,2,0,0,0,0,0,0,0,0,0,0,0,0,0,0,0,0,0,0,2,0,0,0,0,0,0,0,0,0,0,0,0,0,0,0,0,40.044,-75.0952, , 
 ,41327,2014084410,6,67,67301,2014,7,7,1218,12,1,1,0,4,1, , ,N,1,2,0,3,0,2,3,2,N,N,39 57:54.205,75 14:24.511,1228, ,1220, ,0, ,N, ,3, , , , , ,478567, , , ,2,2,0,0,0,0,0,0,0,0,0,0,2,2,0,0,0,0,0,0,0,0,0,0,0,0,0,0,0,0,0,0,0,0,0,8,0,39.9651,-75.2401, , 