wz_ln_closure,objectid_1,crn,district,county,municipality,crash_year,crash_month,day_of_week,time_of_day,hour_of_day,illumination,weather,road_condition,collision_type,relation_to_road,work_zone_type,work_zone_loc,work_zone_ind,intersect_type,tcd_type,location_type,urban_rural,fatal_count,injury_count,person_count,total_units,sch_bus_ind,sch_zone_ind,latitude,longitude,arrival_tm,cons_zone_spd_lim,dispatch_tm,est_hrs_closed,lane_closed,ln_close_dir,ntfy_hiwy_maint,spec_juris_cd,tcd_func_cd,tfc_detour_ind,workers_pres,wz_close_detour,wz_flagger,wz_law_offcr_ind,objectid,wz_moving,wz_other,wz_shlder_mdn,vehicle_count,automobile_count,motorcycle_count,bus_count,small_truck_count,heavy_truck_count,suv_count,van_count,bicycle_count,maj_inj_count,mod_inj_count,min_inj_count,tot_inj_count,unk_inj_deg_count,unk_inj_per_count,driver_count_16yr,driver_count_17yr,driver_count_18yr,driver_count_19yr,driver_count_20yr,driver_count_50_64yr,driver_count_65_74yr,driver_count_75plus,unbelted_occ_count,unb_death_count,unb_maj_inj_count,belted_death_count,belted_maj_inj_count,mcycle_death_count,mcycle_maj_inj_count,bicycle_death_count,bicycle_maj_inj_count,ped_count,ped_death_count,ped_maj_inj_count,max_severity_level,comm_veh_count,dec_lat,dec_long,rdwy_surf_type_cd,county_name
 ,41328,2014088023,6,67,67301,2014,7,2,701,7,1,1,0,4,1, , ,N,2,3,0,3,0,1,2,2,N, ,40 00:55.984,75 11:23.958,702, ,701, ,0, , , ,3, , , , , ,478569, , , ,1,0,0,0,0,0,0,0,1,0,0,1,1,0,0,0,0,0,0,0,0,0,0,0,0,0,0,0,0,0,0,0,0,0,0,4,0,40.0156,-75.19, , 
 ,41329,2014095992,6,67,67301,2014,9,4,140,1,3,1,0,4,6, , ,N,2,3,0,3,0,0,1,2,N,N,40 01:29.712,75 06:47.876,150, ,140,3,1,1,N, ,3,N, , , , ,478580, , , ,2,1,0,0,0,0,0,1,0,0,0,0,0,0,0,0,0,0,0,0,0,0,0,0,0,0,0,0,0,0,0,0,0,0,0,0,0,40.0249,-75.1133, , 
 ,41330,2014059292,6,67,67301,2014,5,3,922,9,1,1,0,5,6, , ,N,0,0,0,3,0,0,1,2,N,Y,39 59:48.658,75 07:13.546,930, ,925, ,0, , , ,0, , , , , ,478583, , , ,2,2,0,0,0,0,0,0,0,0,0,0,0,0,0,0,0,0,0,0,0,0,0,0,0,0,0,0,0,0,0,0,0,0,0,0,0,39.9968,-75.1204, , 
 ,41331,2014084293,6,67,67301,2014,7,5,925,9,1,1,0,4,1, , ,N,2,0,0,3,0,1,2,2,N,N,39 58:14.567,75 12:41.994,925, ,925, ,0, ,N, ,0, , , , , ,478635, , , ,1,0,0,0,0,0,1,0,1,0,0,1,1,0,0,0,0,0,0,0,0,0,0,0,0,0,0,0,0,0,0,0,0,0,0,4,0,39.9707,-75.2117, , 
 ,41332,2014085478,6,67,67301,2014,8,1,1324,13,1,1,0,7,2, , ,N,0,0,0,3,0,0,3,1,N,N,40 02:02.970,75 01:09.726,1345, ,1324, ,0, ,N, ,0, , , , , ,478636, , , ,1,0,0,0,0,0,1,0,0,0,0,0,0,0,0,0,0,0,0,0,0,0,0,0,0,0,0,0,0,0,0,0,0,0,0,0,0,40.0342,-75.0194, , 
 ,41333,2014089757,6,67,67301,2014,8,2,1855,18,1,1,0,8,1, , ,N,0,0,0,3,0,1,2,2,N,N,39 58:13.558,75 10:10.437,1903, ,1859, ,0, ,N, ,0, , , , , ,478639, , , ,1,1,0,0,0,0,0,0,0,0,0,0,1,1,0,0,0,0,0,0,0,0,0,0,0,0,0,0,0,0,0,0,1,0,0,8,0,39.9704,-75.1696, , 
 ,41334,2014125095,6,67,67301,2014,11,3,2355,23,3,1,0,7,4, , ,N,0,0,0,3,0,0,1,1,N, ,40 01:02.434,75 10:19.380,2355, ,2355,1,2,1, , ,0,Y, , , , ,481267, , , ,1,1,0,0,0,0,0,0,0,0,0,0,0,0,0,0,0,0,0,0,0,0,0,0,0,0,0,0,0,0,0,0,0,0,0,0,0,40.0173,-75.1721, , 
 ,41335,2014125097,6,67,67301,2014,12,2,9999,99,1,1,0,1,1, , ,N,6,0,2,3,0,1,2,2,N, ,40 00:34.498,75 11:14.124,1135, ,1113,1,1,1, , ,0,N, , , , ,481268, , , ,2,1,1,0,0,0,0,0,0,0,0,1,1,0,0,0,0,0,0,0,0,0,0,0,0,0,0,0,0,0,0,0,0,0,0,4,0,40.0096,-75.1873, , 
 ,41336,2014128364,6,67,67301,2014,12,7,750,7,1,2,1,1,1, , ,N,0,0,0,3,0,1,3,3,N, ,40 01:38.184,75 11:34.061,800, ,755,1,2,5,N, ,0,Y, , , , ,481271, , , ,3,2,0,0,0,0,1,0,0,0,0,1,1,0,0,0,0,0,0,0,2,0,0,0,0,0,0,0,0,0,0,0,0,0,0,4,0,40.0273,-75.1928, , 
 ,41337,2015002738,6,67,67301,2014,9,4,1051,10,1,1,0,8,1, , ,N,1,2,0,3,0,1,2,2,N,N,39 57:13.359,75 09:27.283,1105, ,1100, ,0, ,N, ,3, , , , , ,481278, , , ,1,0,0,0,1,0,0,0,0,1,0,0,1,0,0,0,0,0,0,0,0,0,0,0,0,0,0,0,0,0,0,0,1,0,1,2,0,39.9537,-75.1579, , 
 ,41338,2014125162,6,67,67301,2014,11,3,1830,18,3,1,0,1,1, , ,N,0,0,0,3,0,1,3,2,N,N,39 56:44.005,75 10:19.387,1855, ,1852, ,0, ,N, ,0, , , , , ,481288, , , ,2,1,0,0,0,0,1,0,0,0,0,1,1,0,0,0,0,0,0,0,0,0,0,0,0,0,0,0,0,0,0,0,0,0,0,4,0,39.9456,-75.1721, , 
 ,41339,2014113384,6,67,67301,2014,10,6,1915,19,3,1,0,8,1, , ,N,0,0,0,3,0,1,3,2,N, ,40 00:50.716,75 11:23.150,1920, ,1915, ,0, , , ,0, , , , , ,481299, , , ,1,0,0,0,1,0,0,0,0,0,0,0,1,1,0,0,0,0,0,0,1,0,0,0,0,0,0,0,0,0,0,0,1,0,0,8,0,40.0141,-75.1898, , 
 ,41340,2014121496,6,67,67301,2014,11,5,604,6,5,1,5,0,1, , ,N,0,0,0,3,0,0,1,1,N, ,39 59:53.132,75 05:38.635,627, ,619, ,0, , , ,0, , , , , ,481306, , , ,1,0,0,0,1,0,0,0,0,0,0,0,0,0,0,0,0,0,0,0,0,0,0,0,0,0,0,0,0,0,0,0,0,0,0,0,0,39.9981,-75.0941, , 
 ,41341,2014127513,6,67,67301,2014,12,5,1342,13,1,1,0,8,1, , ,N,2,0,0,3,0,1,2,2,N,N,39 55:05.124,75 10:09.919,1347, ,1344, ,0, , , ,0, , , , , ,481313, , , ,1,0,0,0,0,0,1,0,0,0,0,0,1,1,0,0,0,0,0,0,1,0,0,0,0,0,0,0,0,0,0,0,1,0,0,8,0,39.9181,-75.1694, , 
 ,41342,2015027136,6,67,67301,2014,9,7,1830,18,1,1,0,4,1, , ,N,0,0,0,3,0,1,2,2,N,N,40 02:20.721,75 09:04.854,0, ,0, ,0, ,N, ,0, , , , , ,481319, , , ,2,1,0,0,0,0,0,0,0,0,0,0,1,1,0,0,0,0,0,0,0,1,0,0,0,0,0,0,0,0,0,0,0,0,0,8,0,40.0391,-75.1513, , 
 ,41343,2014113380,6,67,67301,2014,10,4,1433,14,1,2,1,1,6, , ,N,0,0,0,3,0,1,1,3,N,N,40 03:03.347,75 14:10.475,1440, ,1433, ,0, ,N, ,0, , , , , ,481322, , , ,3,1,0,0,0,0,2,0,0,0,0,1,1,0,0,0,0,0,0,0,1,0,0,0,0,0,0,0,0,0,0,0,0,0,0,4,0,40.0509,-75.2362, , 
 ,41344,2014120275,6,67,67301,2014,11,2,1550,15,1,1,0,1,1, , ,N,0,0,0,3,0,1,3,2,N,N,40 01:24.435,75 12:28.316,1555, ,1550, ,0, , , ,0, , , , , ,481329, , , ,2,0,0,0,2,0,0,0,0,0,0,1,1,0,0,0,0,0,0,0,1,0,0,3,0,0,0,0,0,0,0,0,0,0,0,4,0,40.0235,-75.2079, , 
 ,41345,2014099168,6,67,67301,2014,9,4,1202,12,1,9,8,8,1, , ,N,1,2,0,3,0,1,2,2,N,N,40 02:22.876,75 08:36.160,9999, ,9999, ,0, ,N, ,3, , , , , ,481362, , , ,1,1,0,0,0,0,0,0,0,0,0,0,1,1,1,0,0,0,0,0,1,0,0,0,0,0,0,0,0,0,0,0,1,0,0,8,0,40.0397,-75.1434, , 
 ,41346,2014104543,6,67,67301,2014,10,7,1032,10,1,1,1,1,1, , ,N,1,2,0,3,0,1,2,2,N,N,40 01:37.420,75 02:27.884,1033, ,1032,2,2,2,N, ,3,Y, , , , ,481369, , , ,2,1,0,0,0,0,1,0,0,0,0,1,1,0,0,0,0,0,0,0,0,0,1,1,0,0,0,0,0,0,0,0,0,0,0,4,0,40.0271,-75.0411, , 
 ,41347,2014109915,6,67,67301,2014,10,3,2230,22,3,1,0,4,1, , ,N,1,2,0,3,0,1,2,2,N,N,39 57:16.538,75 12:23.154,2234, ,2232, ,0, ,N, ,3, , , , , ,481391, , , ,1,1,0,0,0,0,0,0,1,0,0,0,1,1,0,0,0,0,0,0,0,0,0,0,0,0,0,0,0,0,0,0,0,0,0,8,0,39.9546,-75.2064, , 
 ,41348,2014109936,6,67,67301,2014,10,6,1919,19,4,1,0,7,4, , ,N,1,2,0,3,0,0,1,1,N, ,40 04:22.410,75 04:33.193,1930, ,1920, ,0, , , ,3, , , , , ,481392, , , ,1,1,0,0,0,0,0,0,0,0,0,0,0,0,0,0,0,0,0,0,0,0,0,0,0,0,0,0,0,0,0,0,0,0,0,0,0,40.0729,-75.0759, , 
 ,41349,2014113271,6,67,67301,2014,11,1,1328,13,1,1,0,4,1, , ,N,1,2,0,3,0,1,3,2,N,N,39 57:32.119,75 09:24.206,1340, ,1330, ,0, ,N, ,3, , , , , ,481394, , , ,2,1,0,0,0,0,1,0,0,0,0,1,1,0,0,0,0,0,0,0,0,0,0,0,0,0,0,0,0,0,0,0,0,0,0,4,0,39.9589,-75.1567, , 
 ,41350,2014098726,6,67,67301,2014,9,2,9999,99,3,1,0,8,1, , ,N,1,3,0,3,0,1,2,2,N, ,40 01:25.870,75 08:33.165,9999, ,9999,9,1,1,N, ,3,N, , , , ,481397, , , ,1,0,0,0,0,0,0,1,0,0,0,0,1,1,0,0,0,0,0,0,0,0,0,0,0,0,0,0,0,0,0,0,1,0,0,8,0,40.0239,-75.1425, , 
 ,41351,2014115571,6,67,67301,2014,11,7,1730,17,1,2,1,7,2, , ,N,3,0,2,3,0,1,1,1,N,N,39 53:27.054,75 13:38.627,1740, ,1735, ,0, ,Y, ,0, , , , , ,481409, , , ,1,1,0,0,0,0,0,0,0,0,0,1,1,0,0,0,0,0,0,0,0,0,0,0,0,0,0,0,0,0,0,0,0,0,0,4,0,39.8908,-75.2282, , 
 ,41352,2014049854,6,67,67301,2014,4,3,730,7,1,1,0,5,6, , ,N,0,0,0,3,0,0,1,2,N, ,40 01:21.123,75 12:20.956,740, ,738, ,0, , , ,0, , , , , ,486446, , , ,2,1,0,0,1,0,0,0,0,0,0,0,0,0,0,0,0,0,0,0,0,0,0,0,0,0,0,0,0,0,0,0,0,0,0,0,0,40.0225,-75.2058, , 
 ,41353,2014057072,6,67,67301,2014,5,7,1557,15,1,1,0,1,1, , ,N,0,0,0,3,0,1,3,2,N,N,39 58:21.355,75 11:37.464,1615, ,1601, ,0, ,N, ,0, , , , , ,486456, , , ,2,2,0,0,0,0,0,0,0,0,0,1,1,0,0,0,0,0,0,0,0,0,0,0,0,0,0,0,0,0,0,0,0,0,0,4,0,39.9726,-75.1937, , 
 ,41354,2014076015,6,67,67301,2014,6,2,1910,19,1,1,0,4,1, , ,N,1,2,0,3,0,1,2,2,N, ,39 59:43.508,75 06:19.956,1930, ,1925, ,0, , , ,3, , , , , ,486470, , , ,2,2,0,0,0,0,0,0,0,0,0,0,1,1,0,0,0,0,0,0,0,0,1,0,0,0,0,0,0,0,0,0,0,0,0,8,0,39.9954,-75.1055, , 
 ,41355,2014088731,6,67,67301,2014,8,3,1720,17,1,1,0,1,1, , ,N,1,2,0,3,0,0,2,2,N,N,40 05:05.539,75 01:30.621,1725, ,1720,1,2,2,N, ,3,N, , , , ,486483, , , ,2,2,0,0,0,0,0,0,0,0,0,0,0,0,0,0,0,0,0,0,1,0,0,0,0,0,0,0,0,0,0,0,0,0,0,0,0,40.0847,-75.0251, , 
 ,41356,2014077276,6,67,67301,2014,6,2,951,9,1,1,0,1,1, , ,N,0,2,0,3,0,2,4,3,N,N,40 04:53.598,75 01:42.149,955, ,951,2,2,2,N, ,3,Y, , , , ,486495, , , ,3,2,0,0,1,0,0,0,0,0,0,2,2,0,0,0,0,0,1,0,1,0,0,0,0,0,0,0,0,0,0,0,0,0,0,4,0,40.0816,-75.0284, , 
 ,41357,2014078868,6,67,67301,2014,6,6,1503,15,1,1,0,4,1, , ,N,0,0,0,3,0,1,2,2,N, ,39 55:21.789,75 11:05.172,1647, ,1646, ,0, , , ,0, , , , , ,486496, , , ,1,0,0,0,0,0,1,0,1,0,0,1,1,0,1,0,0,0,0,0,0,0,0,0,0,0,0,0,0,0,0,0,0,0,0,4,0,39.9227,-75.1848, , 
 ,41358,2014087862,6,67,67301,2014,7,3,1530,15,1,1,0,4,1, , ,N,2,0,0,3,0,1,2,2,N, ,40 03:05.423,75 00:04.045,1550, ,1546, ,0, , , ,0, , , , , ,486500, , , ,1,0,0,0,1,0,0,0,1,0,0,1,1,0,0,0,0,0,0,0,1,0,0,1,0,0,0,0,0,0,0,0,0,0,0,4,0,40.0515,-75.0011, , 
 ,41359,2014087911,6,67,67301,2014,7,1,9999,99,3,1,0,5,1, , ,N,0,0,0,3,0,0,1,4,N,N,40 00:34.639,75 11:29.292,1200, ,1200,2,1,4,N, ,0,Y, , , , ,486501, , , ,4,3,0,0,0,0,1,0,0,0,0,0,0,0,0,0,0,0,0,0,0,0,0,0,0,0,0,0,0,0,0,0,0,0,0,0,0,40.0096,-75.1915, , 
 ,41360,2014107221,6,67,67301,2014,10,5,2050,20,3,1,0,5,6, , ,N,0,0,0,3,0,0,1,5,N,N,40 03:27.123,75 11:02.220,2057, ,2052, ,0, , , ,0, , , , , ,486517, , , ,5,4,0,0,0,0,1,0,0,0,0,0,0,0,0,0,0,0,0,0,0,0,0,0,0,0,0,0,0,0,0,0,0,0,0,0,0,40.0575,-75.184, , 
 ,41361,2014109896,6,67,67301,2014,10,5,1535,15,1,1,0,4,1, , ,N,2,3,0,3,0,1,2,2,N,N,39 57:15.552,75 10:23.012,1605, ,1600, ,0, ,N, ,3, , , , , ,486523, , , ,1,1,0,0,0,0,0,0,1,0,0,0,1,1,0,0,0,0,0,0,1,0,0,0,0,0,0,0,0,0,0,0,0,0,0,8,0,39.9543,-75.1731, , 
 ,41362,2014112392,6,67,67301,2014,11,5,251,2,3,2,1,7,2, , ,N,0,0,0,3,0,0,3,1,N,N,40 03:10.231,74 59:14.172,251, ,251, ,0, ,N, ,0, , , , , ,486525, , , ,1,1,0,0,0,0,0,0,0,0,0,0,0,0,0,0,0,0,0,1,0,0,0,0,0,0,0,0,0,0,0,0,0,0,0,0,0,40.0528,-74.9873, , 
 ,41363,2014068630,6,67,67301,2014,5,4,2359,23,3,1,0,1,6, , ,N,0,0,0,3,0,1,1,5,N,N,40 06:50.050,75 01:29.010,2359, ,2359,2,2,6,N, ,0,Y, , , , ,486531, , , ,5,5,0,0,0,0,0,0,0,0,0,1,1,0,0,0,0,0,0,0,0,0,0,0,0,0,0,0,0,0,0,0,0,0,0,4,0,40.1139,-75.0247, , 
 ,41364,2014118745,6,67,67301,2014,9,3,1922,19,3,1,0,8,1, , ,N,1,2,0,3,1,0,2,2,N,N,39 59:41.254,75 14:02.558,1922, ,1922,3,2,7,N,0,3,Y, , , , ,486550, , , ,1,1,0,0,0,0,0,0,0,0,0,0,0,0,0,0,0,0,0,0,0,0,0,0,0,0,0,0,0,0,0,0,1,1,0,1,0,39.9948,-75.234,2, 
 ,41365,2014127437,6,67,67301,2014,12,7,240,2,3,2,1,4,1, , ,N,1,2,0,3,0,1,2,2,N,N,39 58:30.316,75 11:41.875,250, ,244, ,0, ,N, ,3, , , , , ,486563, , , ,2,1,0,0,0,0,1,0,0,0,0,1,1,0,0,0,0,0,0,0,1,0,0,0,0,0,0,0,0,0,0,0,0,0,0,4,0,39.9751,-75.195, , 
 ,41366,2014130383,6,67,67301,2014,12,2,329,3,3,1,0,5,6, , ,N,0,0,0,3,0,0,1,3,N, ,40 01:23.710,75 09:49.543,350, ,330,2,2,5, , ,0,Y, , , , ,486565, , , ,3,3,0,0,0,0,0,0,0,0,0,0,0,0,0,0,0,0,0,0,0,0,0,0,0,0,0,0,0,0,0,0,0,0,0,0,0,40.0233,-75.1638, , 
 ,41367,2015001505,6,67,67301,2014,12,3,2000,20,2,2,1,8,1, , ,N,1,2,0,3,0,1,2,2,N,N,39 56:31.419,75 12:42.235,2014, ,2009, ,0, ,N, ,3, , , , , ,486574, , , ,1,1,0,0,0,0,0,0,0,0,0,0,1,1,0,0,0,0,0,0,0,0,0,1,0,0,0,0,0,0,0,0,1,0,0,8,0,39.9421,-75.2117, , 
 ,41368,2014059109,6,67,67301,2014,5,3,9999,99,3,1,0,1,6, , ,N,0,0,0,3,0,0,1,2,N, ,40 03:05.266,75 05:56.240,2136, ,2134, ,0, ,N, ,0, , , , , ,486575, , , ,2,1,0,0,0,0,1,0,0,0,0,0,0,0,0,0,0,0,0,0,0,0,0,1,0,0,0,0,0,0,0,0,0,0,0,0,0,40.0515,-75.099, , 
 ,41369,2014113302,6,46,46102,2014,10,4,815,8,1,1,0,4,1, , ,N,1,2,0,3,0,2,2,2,N,N,40 03:55.027,75 05:25.289,853, ,847, ,0, ,N, ,3, , , , , ,486589, , , ,2,2,0,0,0,0,0,0,0,0,0,0,2,2,0,0,0,0,0,0,0,1,0,0,0,0,0,0,0,0,0,0,0,0,0,8,0,40.0653,-75.0904, , 
 ,41370,2014087865,6,67,67301,2014,8,4,1425,14,1,1,0,7,4, , ,N,0,0,7,3,0,2,3,2,N,N,39 59:21.950,75 09:20.072,1433, ,1429, ,0, ,N, ,0, , , , , ,486603, , , ,2,1,0,0,0,0,1,0,0,0,0,2,2,0,0,0,0,0,0,0,0,0,0,0,0,0,0,0,0,0,0,0,0,0,0,4,0,39.9894,-75.1556, , 
 ,41371,2014127901,6,67,67301,2014,5,5,9999,99,3,1,0,5,6, , ,N,0,0,0,3,0,0,1,2,N,N,40 04:08.970,75 10:32.990,45, ,40,9,2,5, , ,0,Y, , , , ,484091, , , ,2,0,0,0,0,0,2,0,0,0,0,0,0,0,1,0,0,0,0,0,0,0,0,0,0,0,0,0,0,0,0,0,0,0,0,9,0,40.0692,-75.1758, , 
 ,41372,2015003329,6,67,67301,2014,12,1,1057,10,1,1,0,1,1, , ,N,0,0,0,3,0,4,6,3,N, ,40 00:38.622,75 11:03.546,1110, ,1057,1,1,2, , ,0,N, , , , ,484096, , , ,3,1,0,0,0,0,1,0,0,0,1,3,4,0,0,0,0,0,0,0,0,0,0,1,0,0,0,0,0,0,0,0,0,0,0,3,0,40.0107,-75.1843, , 
 ,41373,2015028141,6,67,67301,2014,9,3,1430,14,1,1,0,1,1, , ,N,5,2,0,3,0,1,2,2,N,N,40 00:15.188,75 08:55.136,0, ,0, ,0, ,N, ,3, , , , , ,484098, , , ,2,0,0,0,0,0,0,0,0,0,0,0,1,1,0,0,0,0,0,0,1,0,0,0,0,0,0,0,0,0,0,0,0,0,0,8,0,40.0042,-75.1486, , 
 ,41374,2014123630,6,67,67301,2014,12,7,228,2,3,2,1,1,1, , ,N,0,0,3,3,0,0,4,2,N,N,39 56:29.320,75 11:40.178,237, ,229,1,1,4,N, ,0,N, , , , ,484109, , , ,2,0,0,0,1,0,1,0,0,0,0,0,0,0,0,0,0,0,0,0,0,0,0,0,0,0,0,0,0,0,0,0,0,0,0,0,0,39.9415,-75.1945, , 
 ,41375,2015002246,6,67,67301,2014,12,2,158,1,3,1,0,7,2, , ,N,0,0,0,3,0,0,1,1,N,N,39 57:53.150,75 08:14.812,217, ,201,2,1,1,N, ,0,N, , , , ,484118, , , ,1,0,0,0,1,0,0,0,0,0,0,0,0,0,0,0,0,0,0,0,0,0,0,0,0,0,0,0,0,0,0,0,0,0,0,0,0,39.9648,-75.1374, , 
 ,41376,2015028573,6,67,67301,2014,10,4,1800,18,1,1,0,1,1, , ,N,0,0,0,3,0,1,2,2,N,N,40 01:37.974,75 05:55.088,0, ,0, ,0, ,N, ,0, , , , , ,484121, , , ,2,2,0,0,0,0,0,0,0,0,1,0,1,0,0,0,0,0,0,0,0,0,0,0,0,0,0,0,0,0,0,0,0,0,0,3,0,40.0272,-75.0986, , 
 ,41377,2014120265,6,67,67301,2014,11,7,9999,99,3,1,0,4,1, , ,N,1,2,0,3,0,0,3,2,N,N,40 02:25.414,75 07:27.069,212, ,9999,2,2,7,N, ,3,Y, , , , ,484133, , , ,2,2,0,0,0,0,0,0,0,0,0,0,0,0,0,0,0,0,0,0,0,0,0,0,0,0,0,0,0,0,0,0,0,0,0,0,0,40.0404,-75.1242, , 
 ,41378,2015006084,6,67,67301,2014,12,6,525,5,3,1,0,7,4, , ,N,0,0,0,3,0,1,1,1,N, ,39 58:28.980,75 09:43.500,540, ,530,9,2,7, , ,0,Y, , , , ,484148, , , ,1,1,0,0,0,0,0,0,0,0,0,0,1,1,0,0,0,0,0,0,0,0,0,0,0,0,0,0,0,0,0,0,0,0,0,8,0,39.9747,-75.1621, , 
 ,41379,2014115565,6,67,67301,2014,11,4,1050,10,1,1,0,1,1, , ,N,1,2,0,3,0,1,3,2,N,N,39 56:55.789,75 08:51.234,1050, ,1050, ,0, ,N, ,3, , , , , ,484166, , , ,2,1,0,0,0,0,1,0,0,0,0,1,1,0,0,0,0,0,0,0,0,0,0,0,0,0,0,0,0,0,0,0,0,0,0,4,0,39.9488,-75.1476, , 
 ,41380,2014121419,6,67,67301,2014,11,2,2100,21,1,1,0,2,1, , ,N,0,0,0,3,0,3,3,2,N,N,40 02:36.369,75 06:49.491,2115, ,2109, ,0, ,N, ,0, , , , , ,484173, , , ,2,2,0,0,0,0,0,0,0,0,0,0,3,3,0,0,0,0,0,0,0,0,0,0,0,0,0,0,0,0,0,0,0,0,0,8,0,40.0434,-75.1137, , 
 ,41381,2014120297,6,67,67301,2014,11,6,1916,19,3,1,0,1,1, , ,N,0,0,0,3,0,2,7,4,N,N,40 02:35.267,75 06:47.830,1923, ,1920, ,0, ,N, ,0, , , , , ,484199, , , ,4,4,0,0,0,0,0,0,0,0,0,1,2,1,0,0,0,0,0,0,0,0,0,0,0,0,0,0,0,0,0,0,0,0,0,4,0,40.0431,-75.1133, , 
 ,41382,2014125167,6,67,67301,2014,11,4,2349,23,3,2,1,4,1, , ,N,1,2,0,3,0,0,6,2,N, ,39 55:28.408,75 10:28.385,2358, ,2353, ,0, , , ,3, , , , , ,484202, , , ,2,1,0,0,0,0,1,0,0,0,0,0,0,0,0,0,0,0,0,0,0,0,0,0,0,0,0,0,0,0,0,0,0,0,0,0,0,39.9246,-75.1745, , 
 ,41383,2014125224,6,67,67301,2014,12,3,2151,21,3,2,1,7,2, , ,N,0,0,0,3,0,0,1,1,N,N,39 56:44.761,75 11:24.265,2235, ,2159, ,0, ,N, ,0, , , , , ,484203, , , ,1,1,0,0,0,0,0,0,0,0,0,0,0,0,0,0,0,0,0,0,0,0,0,0,0,0,0,0,0,0,0,0,0,0,0,0,0,39.9458,-75.1901, , 
 ,41384,2014126757,6,67,67301,2014,12,5,1727,17,3,1,0,1,1, , ,N,0,0,0,3,0,0,2,2,N,N,40 00:48.206,75 03:27.748,1753, ,1737, ,0, ,N, ,0, , , , , ,484205, , , ,2,2,0,0,0,0,0,0,0,0,0,0,0,0,0,0,0,0,0,0,1,0,0,0,0,0,0,0,0,0,0,0,0,0,0,0,0,40.0134,-75.0577, , 
 ,41385,2014088673,6,67,67301,2014,8,1,0,0,3,1,0,4,1, , ,N,3,0,0,3,0,1,3,2,N, ,39 58:24.850,75 11:13.216,35, ,30, ,0, , , ,0, , , , , ,484223, , , ,2,2,0,0,0,0,0,0,0,0,0,1,1,0,0,0,0,0,0,0,0,1,0,0,0,0,0,0,0,0,0,0,0,0,0,4,0,39.9736,-75.187, , 
 ,41386,2014088980,6,67,67301,2014,8,6,1256,12,1,1,0,1,1, , ,N,2,2,0,3,0,0,2,2,N,N,39 56:51.748,75 11:55.037,1309, ,1303, ,0, ,N, ,3, , , , , ,484224, , , ,2,2,0,0,0,0,0,0,0,0,0,0,0,0,0,0,0,0,0,1,0,0,0,0,0,0,0,0,0,0,0,0,0,0,0,0,0,39.9477,-75.1986, , 
 ,41387,2014091323,6,67,67301,2014,8,7,2245,22,3,1,0,4,1, , ,N,1,3,0,3,0,1,3,2,N,N,40 02:03.606,75 09:37.515,2250, ,2246, ,0, ,N, ,3, , , , , ,484225, , , ,2,2,0,0,0,0,0,0,0,0,0,1,1,0,1,0,0,0,0,0,0,0,0,0,0,0,0,0,0,0,0,0,0,0,0,4,0,40.0343,-75.1604, , 
 ,41388,2014117598,6,67,67301,2014,11,1,100,1,3,1,0,4,1, , ,N,2,3,0,3,0,1,2,2,N,N,39 59:15.679,75 09:16.209,1645, ,1645, ,0, ,N, ,3, , , , , ,484245, , , ,2,1,0,0,0,0,1,0,0,0,0,1,1,0,0,0,0,0,0,0,0,0,0,0,0,0,0,0,0,0,0,0,0,0,0,4,0,39.9877,-75.1545, , 
 ,41389,2014126738,6,67,67301,2014,11,1,1746,17,3,1,0,1,1, , ,N,0,0,0,3,0,0,6,2,N,N,39 57:27.913,75 09:39.465,1804, ,1750, ,0, ,N, ,0, , , , , ,484255, , , ,2,0,0,0,0,0,2,0,0,0,0,0,0,0,0,0,0,0,0,0,1,0,0,0,0,0,0,0,0,0,0,0,0,0,0,0,0,39.9578,-75.161, , 
 ,41390,2014095870,6,67,67301,2014,9,5,1300,13,1,1,0,1,1, , ,N,1,3,0,3,0,1,2,2,N,N,39 55:14.608,75 08:29.014,1350, ,1300, ,0, ,N, ,3, , , , , ,478644, , , ,2,1,0,0,0,0,0,0,0,0,0,0,1,1,0,0,0,0,0,0,0,0,0,0,0,0,0,0,0,0,0,0,0,0,0,8,0,39.9207,-75.1411, , 
 ,41391,2014095877,6,67,67301,2014,8,3,1904,19,1,2,1,4,1, , ,N,1,2,0,3,0,1,2,2,N,N,40 02:07.082,75 04:14.554,1910, ,1904,2,2,5,N, ,3,Y, , , , ,478645, , , ,1,0,0,0,0,0,1,0,1,0,0,0,1,1,0,0,0,0,0,0,0,0,0,0,0,0,0,0,0,0,0,0,0,0,0,8,0,40.0353,-75.0707, , 
 ,41392,2014096833,6,67,67301,2014,8,6,736,7,1,1,0,7,4, , ,N,0,0,0,3,1,0,1,1,N,N,39 57:26.404,75 14:55.513,737, ,736,3,1,1,N,0,0,N, , , , ,478646, , , ,1,1,0,0,0,0,0,0,0,0,0,0,0,0,0,0,0,0,0,0,0,1,0,0,0,0,0,0,0,0,0,0,0,0,0,1,0,39.9573,-75.2488,2, 
 ,41393,2014111465,6,67,67301,2014,10,5,1940,19,3,8,1,1,6, , ,N,0,0,0,3,0,1,2,3,N,N,39 59:28.643,75 08:43.625,1958, ,1946, ,0, ,N, ,0, , , , , ,478664, , , ,3,3,0,0,0,0,0,0,0,0,0,1,1,0,0,0,0,0,0,0,0,0,0,0,0,0,0,0,0,0,0,0,0,0,0,4,0,39.9913,-75.1455, , 