wz_ln_closure,objectid_1,crn,district,county,municipality,crash_year,crash_month,day_of_week,time_of_day,hour_of_day,illumination,weather,road_condition,collision_type,relation_to_road,work_zone_type,work_zone_loc,work_zone_ind,intersect_type,tcd_type,location_type,urban_rural,fatal_count,injury_count,person_count,total_units,sch_bus_ind,sch_zone_ind,latitude,longitude,arrival_tm,cons_zone_spd_lim,dispatch_tm,est_hrs_closed,lane_closed,ln_close_dir,ntfy_hiwy_maint,spec_juris_cd,tcd_func_cd,tfc_detour_ind,workers_pres,wz_close_detour,wz_flagger,wz_law_offcr_ind,objectid,wz_moving,wz_other,wz_shlder_mdn,vehicle_count,automobile_count,motorcycle_count,bus_count,small_truck_count,heavy_truck_count,suv_count,van_count,bicycle_count,maj_inj_count,mod_inj_count,min_inj_count,tot_inj_count,unk_inj_deg_count,unk_inj_per_count,driver_count_16yr,driver_count_17yr,driver_count_18yr,driver_count_19yr,driver_count_20yr,driver_count_50_64yr,driver_count_65_74yr,driver_count_75plus,unbelted_occ_count,unb_death_count,unb_maj_inj_count,belted_death_count,belted_maj_inj_count,mcycle_death_count,mcycle_maj_inj_count,bicycle_death_count,bicycle_maj_inj_count,ped_count,ped_death_count,ped_maj_inj_count,max_severity_level,comm_veh_count,dec_lat,dec_long,rdwy_surf_type_cd,county_name
 ,41394,2014059311,6,67,67301,2014,5,2,1736,17,1,1,0,4,1, , ,N,1,0,7,3,0,1,2,2,N,N,39 56:37.717,75 14:16.351,1815, ,1746, ,0, ,N, ,0, , , , , ,478668, , , ,2,2,0,0,0,0,0,0,0,0,0,0,1,1,0,0,0,0,0,0,0,0,0,0,0,0,0,0,0,0,0,0,0,0,0,8,0,39.9438,-75.2379, , 
 ,41395,2014129886,6,67,67301,2014,10,6,1701,17,1,1,0,7,4, , ,N,0,0,0,3,0,1,1,1,N,N,39 58:50.467,75 12:17.132,1713, ,1704,3,2,5,N, ,0,Y, , , , ,478687, , , ,1,0,0,0,0,0,1,0,0,0,1,0,1,0,0,0,1,0,0,0,0,0,0,1,0,0,0,0,0,0,0,0,0,0,0,3,0,39.9807,-75.2048, , 
 ,41396,2014130451,6,67,67301,2014,11,6,530,5,5,1,0,4,1, , ,N,1,2,0,3,0,0,2,4,N, ,39 56:59.440,75 12:20.485,600, ,552, ,0, , , ,3, , , , , ,478688, , , ,4,3,0,0,0,0,0,0,0,0,0,0,0,0,0,0,0,0,0,0,0,0,0,0,0,0,0,0,0,0,0,0,0,0,0,0,0,39.9498,-75.2058, , 
 ,41397,2015088049,6,67,67301,2014,4,4,1230,12,1,1,0,5,1, , ,N,0,0,0,3,0,0,2,2,N,N,39 57:09.255,75 10:39.375,0, ,0, ,0, ,N, ,0, , , , , ,478693, , , ,2,1,0,0,0,0,0,0,0,0,0,0,0,0,0,0,0,0,0,0,0,0,0,0,0,0,0,0,0,0,0,0,0,0,0,0,0,39.9526,-75.1776, , 
 ,41398,2014120833,6,67,67301,2014,11,6,600,6,1,8,1,7,4, , ,N,0,0,0,3,0,1,1,2,N,Y,39 56:49.024,75 13:47.625,730, ,721, ,0, ,N, ,0, , , , , ,478706, , , ,1,0,0,0,0,0,0,1,0,0,0,1,1,0,0,0,0,0,0,0,0,0,0,0,0,0,0,0,0,0,0,0,0,0,0,4,0,39.947,-75.2299, , 
 ,41399,2014122697,6,67,67301,2014,12,7,133,1,3,2,1,7,3, , ,N,0,0,2,3,0,2,2,1,N,N,39 57:19.145,75 08:52.006,133, ,133, ,0, ,N, ,0, , , , , ,478707, , , ,1,1,0,0,0,0,0,0,0,0,2,0,2,0,0,0,0,0,0,0,0,0,0,2,0,0,0,0,0,0,0,0,0,0,0,3,0,39.9553,-75.1478, , 
 ,41400,2014127425,6,67,67301,2014,12,3,1100,11,1,2,1,7,2, , ,N,6,0,2,3,0,0,1,1,N,N,39 53:26.786,75 13:41.563,1109, ,1105,1,1,3,N, ,0,N, , , , ,478712, , , ,1,1,0,0,0,0,0,0,0,0,0,0,0,0,0,0,0,0,0,0,1,0,0,0,0,0,0,0,0,0,0,0,0,0,0,0,0,39.8908,-75.2282, , 
 ,41401,2014124457,6,67,67301,2014,11,6,1706,17,3,1,0,5,1, , ,N,0,7,0,3,0,0,4,3,N,N,39 59:43.260,75 07:47.825,1710, ,1706, ,0, ,N, ,3, , , , , ,478736, , , ,3,3,0,0,0,0,0,0,0,0,0,0,0,0,0,0,0,0,0,0,1,0,0,0,0,0,0,0,0,0,0,0,0,0,0,0,0,39.9954,-75.13, , 
 ,41402,2014127892,6,67,67301,2014,12,7,1717,17,3,2,1,4,1, , ,N,0,0,0,3,0,0,2,2,N, ,40 04:19.929,75 10:42.537,1805, ,1750, ,0, , , ,0, , , , , ,478738, , , ,2,1,0,0,1,0,0,0,0,0,0,0,0,0,0,0,0,0,0,0,1,0,0,0,0,0,0,0,0,0,0,0,0,0,0,0,0,40.0722,-75.1785, , 
 ,41403,2015001516,6,67,67301,2014,12,4,1645,16,1,1,0,8,1, , ,N,1,2,0,3,0,1,2,2,N,N,40 00:21.442,75 05:35.994,1720, ,1720, ,0, , , ,3, , , , , ,478742, , , ,1,1,0,0,0,0,0,0,0,0,0,0,1,1,0,0,0,0,0,0,0,0,0,0,0,0,0,0,0,0,0,0,1,0,0,8,0,40.006,-75.0933, , 
 ,41404,2014116481,6,67,67301,2014,2,2,2035,20,3,1,0,3,6, , ,N,0,0,0,3,0,1,2,2,N,N,40 03:51.408,75 09:07.577,0, ,0, ,0, ,N, ,0, , , , , ,478746, , , ,2,1,0,0,0,0,1,0,0,0,0,0,1,1,0,0,0,0,0,0,0,0,0,0,0,0,0,0,0,0,0,0,0,0,0,8,0,40.0643,-75.1521, , 
 ,41405,2014121408,6,67,67301,2014,11,1,2346,23,3,2,1,4,1, , ,N,1,2,0,3,0,1,3,4,N,N,40 02:30.166,75 03:40.132,2348, ,2346, ,0, ,N, ,3, , , , , ,478750, , , ,4,4,0,0,0,0,0,0,0,0,0,0,1,1,0,0,0,0,1,0,0,0,0,0,0,0,0,0,0,0,0,0,0,0,0,8,0,40.0417,-75.0611, , 
 ,41406,2014122469,6,67,67301,2014,11,1,1508,15,1,1,0,4,1, , ,N,1,3,0,3,0,1,2,2,N, ,39 58:03.716,75 12:49.244,1511, ,1510, ,0, , , ,3, , , , , ,478752, , , ,2,2,0,0,0,0,0,0,0,0,1,0,1,0,0,0,0,0,0,0,0,0,0,0,0,0,0,0,0,0,0,0,0,0,0,3,0,39.9677,-75.2137, , 
 ,41407,2014129473,6,67,67301,2014,12,6,559,5,3,1,0,7,4, , ,N,0,0,0,3,0,1,1,1,N,N,39 58:32.132,75 11:41.706,559, ,559, ,0, ,N, ,0, , , , , ,478757, , , ,1,1,0,0,0,0,0,0,0,0,0,1,1,0,0,0,0,0,0,0,0,0,0,1,0,0,0,0,0,0,0,0,0,0,0,4,0,39.9756,-75.1949, , 
 ,41408,2014074510,6,67,67301,2014,6,1,500,5,3,1,0,4,1, , ,N,1,2,0,3,0,1,3,2,N, ,40 01:59.581,75 04:47.111,9999, ,509, ,0, , , ,3, , , , , ,478779, , , ,2,2,0,0,0,0,0,0,0,0,0,0,1,1,0,0,0,0,0,0,1,0,0,0,0,0,0,0,0,0,0,0,0,0,0,8,0,40.0332,-75.0798, , 
 ,41409,2014122479,6,67,67301,2014,11,7,1825,18,3,1,0,8,1, , ,N,0,0,0,3,0,1,3,2,N, ,40 06:19.979,75 01:55.354,1845, ,1828,9,1,1, , ,0,N, , , , ,481417, , , ,1,1,0,0,0,0,0,0,0,0,0,0,1,1,0,0,0,0,0,0,0,0,0,0,0,0,0,0,0,0,0,0,1,0,0,8,0,40.1055,-75.032, , 
 ,41410,2014124646,6,67,67301,2014,12,2,1635,16,4,1,0,7,4, , ,N,6,0,2,3,0,1,2,1,N,N,39 57:36.094,75 10:47.782,1642, ,1638,1,2,3,N, ,0,N, , , , ,481420, , , ,1,1,0,0,0,0,0,0,0,0,1,0,1,0,1,0,0,0,0,0,0,0,0,1,0,0,0,0,0,0,0,0,0,0,0,3,0,39.96,-75.1799, , 
 ,41411,2014088053,6,67,67301,2014,7,1,1526,15,1,1,0,1,1, , ,N,1,2,0,3,0,2,3,2,N, ,40 01:36.153,75 07:02.268,1534, ,1528,9,1,2, , ,3,N, , , , ,481430, , , ,2,0,0,0,0,0,1,1,0,0,0,2,2,0,0,0,0,0,0,0,1,0,0,0,0,0,0,0,0,0,0,0,0,0,0,4,0,40.0267,-75.1173, , 
 ,41412,2014115599,6,67,67301,2014,11,6,825,8,1,1,0,4,1, , ,N,0,0,7,3,0,1,2,2,N, ,40 00:51.910,75 07:49.850,834, ,831,9,1,3, , ,0,Y, , , , ,481443, , , ,2,2,0,0,0,0,0,0,0,0,0,0,1,1,0,0,0,0,0,0,0,0,1,0,0,0,0,0,0,0,0,0,0,0,0,8,0,40.0144,-75.1305, , 
 ,41413,2014120273,6,67,67301,2014,11,5,118,1,3,1,0,7,4, , ,N,0,0,0,3,0,0,1,1,N,N,40 02:12.911,75 09:43.193,120, ,118, ,0, ,N, ,0, , , , , ,481446, , , ,1,1,0,0,0,0,0,0,0,0,0,0,0,0,0,0,0,0,0,0,0,0,0,0,0,0,0,0,0,0,0,0,0,0,0,0,0,40.0369,-75.162, , 
 ,41414,2014120862,6,67,67301,2014,11,2,1415,14,1,1,0,8,1, , ,N,0,0,0,3,0,1,3,2,N,N,40 02:16.078,75 07:48.670,1415, ,1415,2,2,2,N, ,0,Y, , , , ,481447, , , ,1,1,0,0,0,0,0,0,0,0,0,0,1,1,0,0,0,0,0,0,0,0,0,0,0,0,0,0,0,0,0,0,1,0,0,8,0,40.0378,-75.1302, , 
 ,41415,2014125013,6,67,67301,2014,11,5,230,2,3,1,1,1,1, , ,N,1,2,0,3,0,0,2,2,N,N,40 01:59.691,75 02:15.936,245, ,230,2,2,2,N, ,3,Y, , , , ,481451, , , ,2,1,0,0,0,0,1,0,0,0,0,0,0,0,0,0,0,0,0,0,0,0,0,0,0,0,0,0,0,0,0,0,0,0,0,0,0,40.0332,-75.0378, , 
 ,41416,2014125017,6,67,67301,2014,11,5,1355,13,1,1,0,8,1, , ,N,0,0,0,3,0,1,3,2,N,N,40 01:37.552,75 08:13.315,1358, ,1355, ,0, ,N, ,0, , , , , ,481452, , , ,1,0,0,0,0,0,1,0,0,0,0,1,1,0,0,0,0,0,0,0,0,0,0,0,0,0,0,0,0,0,0,0,1,0,0,4,0,40.0271,-75.137, , 
 ,41417,2014120263,6,67,67301,2014,11,2,1707,17,3,2,1,1,1, , ,N,0,0,0,3,0,0,5,3,N,N,40 06:24.104,75 01:46.730,1712, ,1708, ,0, ,N, ,0, , , , , ,481469, , , ,3,1,0,0,0,0,1,1,0,0,0,0,0,0,3,0,0,0,0,0,0,0,0,0,0,0,0,0,0,0,0,0,0,0,0,9,0,40.1067,-75.0296, , 
 ,41418,2014125022,6,67,67301,2014,11,7,2125,21,3,1,0,8,1, , ,N,2,2,0,3,0,1,2,2,N,N,39 57:05.896,75 09:55.699,2135, ,2130,1,1,2, , ,3,N, , , , ,481473, , , ,1,1,0,0,0,0,0,0,0,0,0,1,1,0,0,0,0,0,0,0,0,0,0,0,0,0,0,0,0,0,0,0,1,0,0,4,0,39.9516,-75.1655, , 
 ,41419,2014120824,6,67,67301,2014,11,2,728,7,1,1,0,4,1, , ,N,0,0,7,3,0,0,2,2,N,N,39 58:30.110,75 07:14.758,735, ,730, ,0, ,N, ,0, , , , , ,481478, , , ,2,1,0,0,0,0,1,0,0,0,0,0,0,0,0,0,0,0,0,0,0,0,0,0,0,0,0,0,0,0,0,0,0,0,0,0,0,39.975,-75.1208, , 
 ,41420,2014120847,6,67,67301,2014,11,5,9999,99,3,2,1,4,1, , ,N,1,2,0,3,0,0,2,2,N, ,39 58:02.632,75 10:43.087,1648, ,1645,1,1,2, , ,3,N, , , , ,481479, , , ,2,2,0,0,0,0,0,0,0,0,0,0,0,0,0,0,0,0,0,0,0,0,0,0,0,0,0,0,0,0,0,0,0,0,0,0,0,39.9674,-75.1786, , 
 ,41421,2014065564,6,67,67301,2014,5,3,2147,21,3,2,1,4,1, , ,N,1,3,0,3,0,1,5,2,N,N,40 02:46.590,75 08:53.066,119, ,101, ,0, ,N, ,3, , , , , ,481493, , , ,2,1,0,0,0,0,1,0,0,0,0,1,1,0,0,0,0,0,0,0,0,0,0,0,0,0,0,0,0,0,0,0,0,0,0,4,0,40.0463,-75.1481, , 
 ,41422,2014081422,6,67,67301,2014,6,1,130,1,3,1,0,1,1, , ,N,1,2,0,3,0,1,3,2,N,N,39 59:46.444,75 10:20.389,211, ,9999, ,0, , , ,3, , , , , ,481507, , , ,2,2,0,0,0,0,0,0,0,0,1,0,1,0,0,0,0,0,0,0,0,0,0,0,0,0,0,0,0,0,0,0,0,0,0,3,0,39.9962,-75.1723, , 
N,41423,2014095173,6,67,67301,2014,9,6,1332,13,1,1,0,5,1,1,4,Y,0,0,0,3,0,2,3,2,N,N,39 58:19.278,75 07:21.401,1340,45,1332, ,0, ,N, ,0, ,Y,N,N,N,481522,N,Y,N,2,1,0,0,0,1,0,0,0,0,0,0,2,2,0,0,0,0,0,0,1,0,0,0,0,0,0,0,0,0,0,0,0,0,0,8,1,39.972,-75.1226, , 
 ,41424,2014125122,6,67,67301,2014,11,6,2044,20,3,1,0,5,1, , ,N,0,0,0,3,0,1,2,2,N,N,40 01:32.037,75 08:16.846,2055, ,2045, ,0, ,N, ,0, , , , , ,481525, , , ,1,0,0,0,0,0,0,1,1,0,0,0,1,1,0,0,0,0,0,0,0,0,0,0,0,0,0,0,0,0,0,0,0,0,0,8,0,40.0256,-75.138, , 
 ,41425,2014127476,6,67,67301,2014,12,7,135,1,3,2,1,5,6, , ,N,0,0,0,3,0,1,2,2,N,N,40 03:38.584,75 04:05.453,138, ,136,1,1,1, , ,0,N, , , , ,481532, , , ,2,1,0,0,0,1,0,0,0,0,0,1,1,0,0,0,0,0,0,0,0,0,0,0,0,0,0,0,0,0,0,0,0,0,0,4,0,40.0607,-75.0682, , 
 ,41426,2014128667,6,46,46225,2014,12,3,1642,16,3,2,1,7,5, , ,N,0,0,0,3,0,0,1,1,N,N,40 05:09.643,75 12:43.212,1646, ,1643, ,0, ,N, ,0, , , , , ,481535, , , ,1,0,0,0,0,0,1,0,0,0,0,0,0,0,0,0,0,0,1,0,0,0,0,0,0,0,0,0,0,0,0,0,0,0,0,0,0,40.086,-75.212, , 
 ,41427,2014087996,6,67,67301,2014,8,6,1427,14,1,2,1,4,1, , ,N,1,2,0,3,0,0,2,2,N,N,40 06:50.926,74 59:15.880,1532, ,1502,2,1,1, , ,3,N, , , , ,486604, , , ,2,0,0,0,1,0,1,0,0,0,0,0,0,0,0,0,0,0,0,0,1,0,0,0,0,0,0,0,0,0,0,0,0,0,0,0,0,40.1141,-74.9877, , 
 ,41428,2014095996,6,67,67301,2014,8,1,2050,20,3,1,0,8,1, , ,N,1,3,0,3,0,1,2,2,N, ,40 01:46.297,75 05:01.039,335, ,333, ,0, , , ,3, , , , , ,486617, , , ,1,0,0,0,0,0,0,0,0,1,0,0,1,0,0,0,0,0,0,0,0,0,0,0,0,0,0,0,0,0,0,0,1,0,1,2,0,40.0295,-75.0836, , 
 ,41429,2014103554,6,67,67301,2014,9,4,9999,99,1,1,0,3,1, , ,N,3,3,0,3,0,1,3,2,N,N,39 58:38.391,75 13:38.956,2008, ,1955, ,0, ,N, ,3, , , , , ,486625, , , ,2,0,0,0,0,0,1,1,0,0,1,0,1,0,0,0,0,0,0,0,0,0,0,0,0,0,0,0,0,0,0,0,0,0,0,3,0,39.9773,-75.2275, , 
 ,41430,2014106791,6,67,67301,2014,10,3,218,2,3,2,1,1,1, , ,N,1,2,0,3,0,1,2,2,N,N,39 57:14.940,75 09:39.775,225, ,218, ,0, , , ,3, , , , , ,486629, , , ,2,2,0,0,0,0,0,0,0,0,0,1,1,0,0,0,0,0,0,0,0,0,0,0,0,0,0,0,0,0,0,0,0,0,0,4,0,39.9541,-75.161, , 
 ,41431,2014098715,6,67,67301,2014,9,5,1055,10,1,1,0,4,1, , ,N,1,2,0,3,0,1,2,2,N, ,40 02:34.252,75 03:47.603,1100, ,1058, ,0, , , ,3, , , , , ,486637, , , ,2,0,0,0,0,0,2,0,0,0,0,1,1,0,0,0,0,0,0,0,1,0,0,0,0,0,0,0,0,0,0,0,0,0,0,4,0,40.0428,-75.0631, , 
 ,41432,2014104501,6,67,67301,2014,10,4,2003,20,3,1,0,4,1, , ,N,1,3,0,3,0,1,2,2,N, ,39 57:28.137,75 11:37.737,2011, ,2009, ,0, , , ,3, , , , , ,486645, , , ,2,1,0,0,0,0,1,0,0,0,1,0,1,0,0,0,0,0,0,0,1,0,0,0,0,0,0,0,0,0,0,0,0,0,0,3,0,39.9578,-75.1938, , 
 ,41433,2014079268,6,67,67301,2014,5,6,1045,10,1,2,1,8,1, , ,N,1,2,0,3,0,1,2,2,N, ,39 55:14.279,75 10:13.546,1048, ,1046, ,0, , , ,3, , , , , ,486687, , , ,1,0,0,0,0,0,1,0,0,0,1,0,1,0,0,0,0,0,0,0,0,0,0,0,0,0,0,0,0,0,0,0,1,0,0,3,0,39.9206,-75.1704, , 
 ,41434,2014088935,6,67,67301,2014,8,6,1955,19,3,1,0,4,1, , ,N,0,0,7,3,0,2,6,2,N,N,39 57:59.432,75 14:09.088,2020, ,2017, ,0, ,N, ,0, , , , , ,486699, , , ,2,1,0,1,0,0,0,0,0,0,0,2,2,0,0,0,0,0,0,0,0,0,0,0,0,0,0,0,0,0,0,0,0,0,0,4,1,39.9665,-75.2359, , 
 ,41435,2014091403,6,67,67301,2014,8,4,1952,19,1,1,0,4,1, , ,N,1,3,0,3,0,1,3,2,N,N,40 02:51.331,75 05:00.463,2005, ,1955, ,0, , , ,3, , , , , ,486704, , , ,2,0,0,0,1,0,1,0,0,0,0,1,1,0,0,0,0,0,0,1,1,0,0,0,0,0,0,0,0,0,0,0,0,0,0,4,0,40.0476,-75.0835, , 
 ,41436,2014059276,6,67,67301,2014,5,3,855,8,1,1,0,4,1, , ,N,1,3,0,3,0,2,3,2,N, ,40 00:37.677,75 08:10.298,905, ,900, ,0, , , ,3, , , , , ,486722, , , ,2,1,0,0,0,0,0,1,0,0,0,2,2,0,0,0,0,0,0,0,0,0,0,0,0,0,0,0,0,0,0,0,0,0,0,4,0,40.0105,-75.1362, , 
 ,41437,2015009059,6,67,67301,2014,12,3,1701,17,3,2,1,4,1, , ,N,1,2,0,3,0,2,3,2,N, ,40 04:27.539,75 02:05.367,1710, ,1701,1,1,2, , ,3,N, , , , ,486743, , , ,2,1,0,0,0,0,1,0,0,0,0,1,2,1,0,0,0,0,0,1,1,0,0,0,0,0,0,0,0,0,0,0,0,0,0,4,0,40.0743,-75.0348, , 
 ,41438,2014109906,6,67,67301,2014,10,7,1915,19,3,1,0,4,1, , ,N,1,2,0,3,0,2,2,2,N,N,40 03:20.701,75 05:22.429,1915, ,1915, ,0, ,N, ,3, , , , , ,486745, , , ,2,0,0,0,0,0,2,0,0,0,0,2,2,0,0,0,0,0,0,0,0,0,0,0,0,0,0,0,0,0,0,0,0,0,0,4,0,40.0558,-75.0896, , 
 ,41439,2015088073,6,67,67301,2014,10,6,1730,17,1,1,0,1,1, , ,N,2,2,0,3,0,2,3,2,N,N,39 54:45.057,75 08:17.157,0, ,0, ,0, ,N, ,3, , , , , ,486768, , , ,2,1,0,0,0,0,0,0,0,1,1,0,2,0,0,0,0,0,0,0,0,0,0,0,0,0,0,1,0,0,0,0,0,0,0,2,0,39.9125,-75.1381, , 
 ,41440,2014120843,6,67,67301,2014,11,6,1340,13,1,1,0,1,1, , ,N,0,0,0,3,0,0,3,3,N, ,40 02:42.686,75 03:20.487,1350, ,1348,1,1,3, , ,0,Y, , , , ,486782, , , ,3,0,0,0,0,0,2,1,0,0,0,0,0,0,1,0,0,0,0,0,2,0,0,1,0,0,0,0,0,0,0,0,0,0,0,9,0,40.0452,-75.0557, , 
 ,41441,2015009063,6,67,67301,2014,12,3,1149,11,1,1,0,4,1, , ,N,1,3,2,3,0,0,4,2,N,N,40 01:11.998,75 09:07.891,1149, ,1149,1,1,3,N, ,3,Y, , , , ,486799, , , ,2,2,0,0,0,0,0,0,0,0,0,0,0,0,0,0,0,0,0,0,1,0,0,0,0,0,0,0,0,0,0,0,0,0,0,0,0,40.02,-75.1522, , 
 ,41442,2015015622,6,67,67301,2014,12,2,1030,10,1,1,0,1,1, , ,N,1,2,0,3,0,1,2,2,N,N,40 01:03.525,75 03:33.421,1636, ,1636, ,0, ,N, ,3, , , , , ,486800, , , ,2,1,0,0,0,0,1,0,0,0,0,1,1,0,1,0,0,0,0,0,0,0,0,0,0,0,0,0,0,0,0,0,0,0,0,4,0,40.0176,-75.0593, , 
 ,41443,2014112629,6,67,67301,2014,4,4,1200,12,1,1,0,1,1, , ,N,3,2,0,3,0,3,3,2,N,N,40 00:05.039,75 04:53.662,0, ,0, ,0, ,N, ,3, , , , , ,486831, , , ,2,1,0,0,0,0,0,0,0,0,0,2,3,1,0,0,0,0,0,0,0,1,0,0,0,0,0,0,0,0,0,0,0,0,0,4,0,40.0014,-75.0816, , 
 ,41444,2014112721,6,67,67301,2014,4,5,1600,16,1,1,0,4,1, , ,N,0,0,7,3,0,1,2,2,N,N,40 00:57.379,75 03:05.795,0, ,0, ,0, ,N, ,0, , , , , ,486832, , , ,2,0,0,0,0,1,0,1,0,0,0,0,1,1,1,0,0,0,0,0,0,0,0,0,0,0,0,0,0,0,0,0,0,0,0,8,1,40.0159,-75.0516, , 
 ,41445,2014127478,6,67,67301,2014,12,7,157,1,3,2,1,7,4, , ,N,0,2,0,3,0,1,1,1,N,N,40 03:34.557,75 02:39.109,205, ,200,2,2,2,N, ,3,N, , , , ,484256, , , ,1,0,0,0,0,0,0,1,0,0,0,1,1,0,0,0,0,0,0,0,0,0,0,0,0,0,0,0,0,0,0,0,0,0,0,4,0,40.0596,-75.0442, , 
 ,41446,2014130458,6,67,67301,2014,12,1,1635,16,1,1,0,1,1, , ,N,0,0,0,3,0,1,2,2,N,N,40 03:36.198,75 01:40.762,1652, ,1645, ,0, ,N, ,0, , , , , ,484275, , , ,2,0,0,0,0,0,2,0,0,0,0,0,1,1,0,0,0,0,0,0,1,0,0,0,0,0,0,0,0,0,0,0,0,0,0,8,0,40.0601,-75.028, , 
 ,41447,2015003297,6,67,67301,2014,12,2,1430,14,1,1,0,6,6, , ,N,0,0,0,3,0,0,2,4,N,N,39 59:42.464,75 06:06.476,1506, ,1505, ,0, ,N, ,0, , , , , ,484281, , , ,4,2,0,0,0,0,2,0,0,0,0,0,0,0,0,0,0,0,0,0,0,0,0,2,0,0,0,0,0,0,0,0,0,0,0,0,0,39.9951,-75.1018, , 
 ,41448,2014113242,6,67,67301,2014,11,7,1000,10,1,2,1,3,6, , ,N,0,0,0,3,0,1,3,2,N, ,39 59:29.822,75 06:47.124,1604, ,1600, ,0, , , ,0, , , , , ,484288, , , ,2,0,0,0,0,0,1,1,0,0,0,1,1,0,0,0,0,0,0,0,0,0,0,0,0,0,0,0,0,0,0,0,0,0,0,4,0,39.9916,-75.1131, , 
 ,41449,2014088163,6,67,67301,2014,7,4,1417,14,1,1,0,4,1, , ,N,1,3,0,3,0,1,2,2,N,N,39 57:01.659,75 14:20.864,1419, ,1418, ,0, , , ,3, , , , , ,484320, , , ,1,1,0,0,0,0,0,0,1,0,0,0,1,1,0,0,0,0,0,0,0,0,0,0,0,0,0,0,0,0,0,0,0,0,0,8,0,39.9505,-75.2391, , 
 ,41450,2014088384,6,67,67301,2014,7,3,930,9,1,1,0,8,1, , ,N,0,0,0,3,0,2,2,2,N,N,39 55:36.544,75 13:25.538,935, ,933, ,0, ,N, ,0, , , , , ,484321, , , ,1,0,1,0,0,0,0,0,0,0,0,0,2,2,0,0,0,0,0,0,0,0,0,0,0,0,0,0,0,0,0,0,1,0,0,8,0,39.9268,-75.2238, , 
 ,41451,2014088870,6,67,67301,2014,8,3,2100,21,3,1,0,4,1, , ,N,1,2,0,3,0,3,7,2,N,N,40 08:03.425,75 00:32.780,2109, ,2101, ,0, , , ,3, , , , , ,484322, , , ,2,1,0,0,0,0,1,0,0,0,0,0,3,3,0,0,0,0,0,0,0,0,0,0,0,0,0,0,0,0,0,0,0,0,0,8,0,40.1343,-75.0091, , 
 ,41452,2014104491,6,67,67301,2014,10,3,1435,14,1,1,0,6,6, , ,N,0,0,0,3,0,0,1,3,N,N,40 06:00.673,75 01:02.460,1518, ,1514, ,0, ,N, ,0, , , , , ,484335, , , ,3,1,0,0,0,0,1,1,0,0,0,0,0,0,0,0,0,0,0,0,0,1,0,0,0,0,0,0,0,0,0,0,0,0,0,0,0,40.1002,-75.0174, , 
 ,41453,2014106703,6,67,67301,2014,10,4,9999,99,1,1,0,8,1, , ,N,1,2,0,3,0,1,2,2,N,N,39 57:14.802,75 10:40.176,842, ,839,1,1,4, , ,3,N, , , , ,484338, , , ,1,1,0,0,0,0,0,0,0,0,0,1,1,0,0,0,0,0,0,0,0,0,0,0,0,0,0,0,0,0,0,0,1,0,0,4,0,39.9541,-75.1778, , 
 ,41454,2014068638,6,67,67301,2014,6,5,1315,13,1,2,1,1,1, , ,N,0,0,0,3,0,2,3,2,N,N,39 58:48.738,75 09:26.891,1325, ,1320,1,1,2,N, ,0,N, , , , ,484343, , , ,2,1,0,0,0,0,1,0,0,0,0,0,2,2,0,0,0,0,0,0,0,1,1,0,0,0,0,0,0,0,0,0,0,0,0,8,0,39.9802,-75.1575, , 
 ,41455,2014084438,6,67,67301,2014,7,2,1430,14,1,1,0,4,1, , ,N,2,0,0,3,0,1,2,2,N,N,40 00:16.426,75 07:48.082,1743, ,1743, ,0, ,N, ,0, , , , , ,484357, , , ,2,1,1,0,0,0,0,0,0,0,0,0,1,1,0,0,0,0,0,0,0,0,0,0,0,0,0,0,0,0,0,0,0,0,0,8,0,40.0046,-75.13, , 
 ,41456,2015020583,6,67,67301,2014,12,2,156,1,3,1,0,4,1, , ,N,5,2,0,3,0,1,2,2,N,N,40 01:06.292,75 03:49.243,220, ,210, ,0, ,N, ,3, , , , , ,484367, , , ,2,2,0,0,0,0,0,0,0,0,0,1,1,0,1,0,0,0,0,0,0,0,0,0,0,0,0,0,0,0,0,0,0,0,0,4,0,40.0184,-75.0637, , 
 ,41457,2014114524,6,67,67301,2014,10,3,1153,11,1,1,0,4,1, , ,N,0,0,7,3,0,0,2,2,N, ,40 02:20.205,75 06:37.129,1210, ,1153, ,0, , , ,0, , , , , ,484369, , , ,2,1,0,0,0,0,0,0,0,0,0,0,0,0,1,0,0,0,0,0,0,0,0,0,0,0,0,0,0,0,0,0,0,0,0,9,0,40.0389,-75.1103, , 
 ,41458,2014104390,6,67,67301,2014,10,1,745,7,6,1,0,4,1, , ,N,2,3,0,3,0,0,2,2,N,N,40 04:59.013,75 12:22.898,2130, ,2058, ,0, ,N, ,3, , , , , ,484389, , , ,2,2,0,0,0,0,0,0,0,0,0,0,0,0,0,0,0,0,0,0,1,0,0,1,0,0,0,0,0,0,0,0,0,0,0,0,0,40.0829,-75.2063, , 
 ,41459,2014104420,6,67,67301,2014,10,4,2237,22,3,1,0,4,6, , ,N,1,2,0,3,0,0,2,2,N,N,39 55:26.800,75 10:03.408,2253, ,2239,3,2,1,N, ,3,Y, , , , ,484390, , , ,2,0,0,0,0,0,1,1,0,0,0,0,0,0,0,0,0,0,0,0,0,0,0,0,0,0,0,0,0,0,0,0,0,0,0,0,0,39.9241,-75.1675, , 
 ,41460,2015020865,6,67,67301,2014,12,4,1836,18,3,1,0,4,1, , ,N,5,2,0,3,0,3,3,2,N, ,40 02:25.526,75 03:55.923,1840, ,1836,9,2,7, , ,3,Y, , , , ,484422, , , ,2,2,0,0,0,0,0,0,0,0,0,3,3,0,0,0,0,0,0,0,0,0,0,0,0,0,0,0,0,0,0,0,0,0,0,4,0,40.0404,-75.0655, , 