wz_ln_closure,objectid_1,crn,district,county,municipality,crash_year,crash_month,day_of_week,time_of_day,hour_of_day,illumination,weather,road_condition,collision_type,relation_to_road,work_zone_type,work_zone_loc,work_zone_ind,intersect_type,tcd_type,location_type,urban_rural,fatal_count,injury_count,person_count,total_units,sch_bus_ind,sch_zone_ind,latitude,longitude,arrival_tm,cons_zone_spd_lim,dispatch_tm,est_hrs_closed,lane_closed,ln_close_dir,ntfy_hiwy_maint,spec_juris_cd,tcd_func_cd,tfc_detour_ind,workers_pres,wz_close_detour,wz_flagger,wz_law_offcr_ind,objectid,wz_moving,wz_other,wz_shlder_mdn,vehicle_count,automobile_count,motorcycle_count,bus_count,small_truck_count,heavy_truck_count,suv_count,van_count,bicycle_count,maj_inj_count,mod_inj_count,min_inj_count,tot_inj_count,unk_inj_deg_count,unk_inj_per_count,driver_count_16yr,driver_count_17yr,driver_count_18yr,driver_count_19yr,driver_count_20yr,driver_count_50_64yr,driver_count_65_74yr,driver_count_75plus,unbelted_occ_count,unb_death_count,unb_maj_inj_count,belted_death_count,belted_maj_inj_count,mcycle_death_count,mcycle_maj_inj_count,bicycle_death_count,bicycle_maj_inj_count,ped_count,ped_death_count,ped_maj_inj_count,max_severity_level,comm_veh_count,dec_lat,dec_long,rdwy_surf_type_cd,county_name
 ,41593,2014098691,6,67,67301,2014,9,3,500,5,3,1,0,4,1, , ,N,2,3,0,3,0,4,5,2,N, ,40 01:01.632,75 08:01.528,505, ,500, ,0, , , ,3, , , , , ,484611, , , ,2,1,0,0,0,0,0,1,0,0,0,4,4,0,0,0,0,0,0,0,1,0,0,4,0,0,0,0,0,0,0,0,0,0,0,4,0,40.0171,-75.1338, , 
 ,41594,2014113423,6,67,67301,2014,10,6,2100,21,3,1,0,1,1, , ,N,0,0,0,3,0,3,6,2,N,N,40 01:17.620,75 08:23.057,2105, ,2100, ,0, ,N, ,0, , , , , ,484620, , , ,2,0,0,0,0,0,1,1,0,0,0,2,3,1,0,0,0,0,0,0,1,0,0,0,0,0,0,0,0,0,0,0,0,0,0,4,0,40.0216,-75.1397, , 
 ,41595,2014113467,6,67,67301,2014,10,2,722,7,1,1,0,8,1, , ,N,1,2,0,3,0,1,2,2,N,N,39 56:27.112,75 12:45.004,730, ,723, ,0, ,N, ,3, , , , , ,484621, , , ,1,1,0,0,0,0,0,0,0,0,0,1,1,0,0,0,0,0,0,0,0,0,0,0,0,0,0,0,0,0,0,0,1,0,0,4,0,39.9408,-75.2125, , 
 ,41596,2014110425,6,67,67301,2014,10,2,145,1,3,1,0,1,1, , ,N,2,2,0,3,0,1,2,2,N,N,39 56:42.547,75 08:31.306,153, ,151, ,0, ,N, ,3, , , , , ,484639, , , ,2,0,0,0,0,0,2,0,0,0,0,1,1,0,0,0,0,0,0,0,0,0,0,0,0,0,0,0,0,0,0,0,0,0,0,4,0,39.9452,-75.1418, , 
 ,41597,2014111448,6,67,67301,2014,10,6,1043,10,1,1,0,1,1, , ,N,1,2,0,3,0,1,2,2,N,N,39 58:14.458,75 13:57.305,1047, ,1047, ,0, , , ,3, , , , , ,484642, , , ,2,1,0,0,1,0,0,0,0,0,0,1,1,0,0,0,0,0,0,1,1,0,0,0,0,0,0,0,0,0,0,0,0,0,0,4,0,39.9707,-75.2326, , 
 ,41598,2014110405,6,67,67301,2014,9,7,50,0,3,1,0,1,6, , ,N,0,0,0,3,0,0,1,3,N,N,39 56:52.464,75 13:25.068,51, ,50, ,0, ,N, ,0, , , , , ,484658, , , ,3,2,0,0,0,0,1,0,0,0,0,0,0,0,0,0,0,0,0,1,0,0,0,0,0,0,0,0,0,0,0,0,0,0,0,0,0,39.9479,-75.2236, , 
 ,41599,2014113385,6,67,67301,2014,10,3,730,7,1,1,0,1,1, , ,N,0,0,0,3,0,1,2,2,N, ,40 04:52.174,75 10:18.925,9999, ,9999, ,0, , , ,0, , , , , ,484661, , , ,2,1,0,0,1,0,0,0,0,0,0,1,1,0,0,0,0,0,0,0,0,1,0,0,0,0,0,0,0,0,0,0,0,0,0,4,0,40.0812,-75.1719, , 
 ,41600,2014065478,6,67,67301,2014,5,1,1650,16,1,1,0,4,1, , ,N,1,3,0,3,0,1,2,2,N,N,39 59:55.424,75 05:40.664,9999, ,9999, ,0, ,N, ,3, , , , , ,484672, , , ,2,1,1,0,0,0,0,0,0,0,0,0,1,1,0,0,0,0,0,0,0,0,0,0,0,0,0,0,0,0,0,0,0,0,0,8,0,39.9987,-75.0946, , 
 ,41601,2014067967,6,67,67301,2014,2,6,2105,21,3,1,1,8,1, , ,N,1,2,0,3,0,1,2,2,N,N,39 56:52.000,75 13:38.791,2117, ,2117, ,0, ,N, ,3, , , , , ,484674, , , ,1,1,0,0,0,0,0,0,0,0,1,0,1,0,0,0,0,0,0,0,0,0,0,0,0,0,0,0,0,0,0,0,1,0,0,3,0,39.9478,-75.2274, , 
 ,41602,2014083048,6,67,67301,2014,6,3,1234,12,1,1,0,4,1, , ,N,1,2,0,3,0,1,2,2,N,N,39 58:31.677,75 07:15.443,1243, ,1242, ,0, ,N, ,3, , , , , ,484687, , , ,2,2,0,0,0,0,0,0,0,0,0,1,1,0,0,0,0,0,0,1,0,0,0,0,0,0,0,0,0,0,0,0,0,0,0,4,0,39.9747,-75.1217, , 
 ,41603,2014087889,6,67,67301,2014,7,7,1430,14,1,2,0,4,1, , ,N,1,2,0,3,0,1,2,2,N, ,39 57:24.462,75 14:38.029,1435, ,1435,1,1,3, , ,3,N, , , , ,484691, , , ,2,2,0,0,0,0,0,0,0,0,0,1,1,0,0,0,0,0,0,0,0,0,0,0,0,0,0,0,0,0,0,0,0,0,0,4,0,39.9568,-75.2439, , 
 ,41604,2014088019,6,67,67301,2014,7,5,1813,18,1,1,0,4,1, , ,N,1,0,0,3,0,0,2,2,N, ,39 57:23.497,75 10:21.241,1820, ,1815, ,0, , , ,0, , , , , ,484692, , , ,2,1,0,0,1,0,0,0,0,0,0,0,0,0,0,0,0,0,0,0,1,0,0,0,0,0,0,0,0,0,0,0,0,0,0,0,0,39.9565,-75.1726, , 
 ,41605,2014097851,6,67,67301,2014,10,5,2245,22,3,1,0,7,3, , ,N,0,0,0,3,0,0,1,1,N,N,39 56:01.745,75 11:59.779,2302, ,2248,1,2,4,N, ,0,N, , , , ,484698, , , ,1,1,0,0,0,0,0,0,0,0,0,0,0,0,0,0,0,0,1,0,0,0,0,0,0,0,0,0,0,0,0,0,0,0,0,0,0,39.9338,-75.1999, , 
 ,41606,2014074873,6,67,67301,2014,6,1,1445,14,1,1,0,4,1, , ,N,1,2,0,3,0,5,5,2,N,N,39 55:58.508,75 08:55.373,1649, ,1447, ,0, , , ,3, , , , , ,484710, , , ,2,0,0,0,1,0,1,0,0,0,0,0,5,5,0,0,0,0,0,0,1,0,0,0,0,0,0,0,0,0,0,0,0,0,0,8,0,39.9329,-75.1487, , 
 ,41607,2014088849,6,67,67301,2014,7,2,713,7,1,1,0,2,1, , ,N,0,0,0,3,0,2,2,2,N,N,39 58:34.340,75 11:21.415,735, ,734, ,0, ,N, ,0, , , , , ,479156, , , ,2,1,1,0,0,0,0,0,0,0,2,0,2,0,0,0,0,0,1,0,0,0,0,0,0,0,0,0,0,0,0,0,0,0,0,3,0,39.9762,-75.1893, , 
 ,41608,2014121042,6,67,67301,2014,11,2,1256,12,1,2,1,7,2, , ,N,0,0,0,3,0,0,1,1,N,N,39 56:53.228,75 08:31.626,1310, ,1300,1,1,2,Y, ,0,N, , , , ,479161, , , ,1,0,0,0,0,1,0,0,0,0,0,0,0,0,0,0,0,0,0,0,0,0,0,0,0,0,0,0,0,0,0,0,0,0,0,0,1,39.9481,-75.1421, , 
 ,41609,2014125076,6,67,67301,2014,11,6,240,2,3,4,1,5,1, , ,N,0,0,0,3,0,0,4,3,N,N,40 01:18.392,75 08:54.644,251, ,244,2,1,2,N, ,0,N, , , , ,479169, , , ,3,0,0,0,0,0,2,1,0,0,0,0,0,0,1,0,0,0,0,0,1,0,0,0,0,0,0,0,0,0,0,0,0,0,0,9,0,40.0218,-75.1485, , 
 ,41610,2014125111,6,67,67301,2014,11,4,9999,99,1,2,1,8,1, , ,N,0,0,0,3,0,1,2,2,N, ,39 59:16.152,75 06:46.148,1410, ,1402, ,0, , , ,0, , , , , ,479200, , , ,1,1,0,0,0,0,0,0,0,0,0,1,1,0,1,0,0,0,0,0,0,0,0,0,0,0,0,0,0,0,0,0,1,0,0,4,0,39.9878,-75.1128, , 
 ,41611,2014098709,6,67,67301,2014,9,7,1948,19,3,1,0,1,6, , ,N,0,0,0,3,0,1,2,2,N,N,40 00:31.824,75 06:40.104,2045, ,2031, ,0, ,N, ,0, , , , , ,479207, , , ,2,2,0,0,0,0,0,0,0,0,0,1,1,0,0,0,0,0,0,0,0,0,0,0,0,0,0,0,0,0,0,0,0,0,0,4,0,40.0088,-75.1111, , 
 ,41612,2014099172,6,67,67301,2014,9,7,1440,14,1,1,0,8,1, , ,N,0,0,0,3,0,1,2,2,N,N,39 59:39.648,75 10:10.274,1443, ,1440, ,0, ,N, ,0, , , , , ,479208, , , ,1,1,0,0,0,0,0,0,0,0,0,1,1,0,0,0,0,0,0,0,1,0,0,0,0,0,0,0,0,0,0,0,1,0,0,4,0,39.9943,-75.1695, , 
 ,41613,2014110382,6,67,67301,2014,8,6,2324,23,3,1,0,4,1, , ,N,1,2,0,3,0,1,3,2,N, ,39 55:54.223,75 10:05.306,2331, ,2324, ,0, , , ,3, , , , , ,479216, , , ,2,1,0,0,0,0,0,1,0,0,0,1,1,0,0,0,0,0,0,0,0,0,0,0,0,0,0,0,0,0,0,0,0,0,0,4,0,39.9317,-75.168, , 
 ,41614,2014074874,6,67,67301,2014,6,6,728,7,1,1,0,8,1, , ,N,1,2,0,3,0,1,2,2,N,N,40 01:50.664,75 07:20.636,738, ,729, ,0, ,N, ,3, , , , , ,479253, , , ,1,1,0,0,0,0,0,0,0,0,0,0,1,1,0,0,0,0,0,0,0,0,0,0,0,0,0,0,0,0,0,0,1,0,0,8,0,40.0307,-75.1224, , 
 ,41615,2014084169,6,67,67301,2014,7,4,1845,18,1,1,0,4,1, , ,N,1,2,0,3,0,1,2,2,N, ,39 56:49.128,75 09:52.935,1855, ,1855, ,0, , , ,3, , , , , ,479259, , , ,1,1,0,0,0,0,0,0,1,0,0,0,1,1,0,0,0,0,0,0,0,0,1,0,0,0,0,0,0,0,0,0,0,0,0,8,0,39.947,-75.1647, , 
 ,41616,2014088817,6,67,67301,2014,8,1,1525,15,1,1,0,8,1, , ,N,0,0,0,3,0,1,2,2,N, ,39 56:12.332,75 13:34.777,1530, ,1528, ,0, , , ,0, , , , , ,479261, , , ,1,0,0,0,0,0,1,0,0,0,0,1,1,0,0,0,0,0,0,0,0,0,0,0,0,0,0,0,0,0,0,0,1,0,0,4,0,39.9368,-75.2263, , 
 ,41617,2014089005,6,67,67301,2014,8,1,1958,19,3,1,0,4,1, , ,N,2,0,0,3,0,1,2,2,N,N,39 59:10.713,75 10:51.284,2008, ,2005, ,0, ,N, ,0, , , , , ,479262, , , ,1,1,0,0,0,0,0,0,1,0,0,1,1,0,0,0,0,0,0,0,0,0,0,0,0,0,0,0,0,0,0,0,0,0,0,4,0,39.9863,-75.1809, , 
 ,41618,2014107207,6,67,67301,2014,10,4,1330,13,1,8,1,4,1, , ,N,1,2,0,3,0,0,3,2,N,N,40 02:10.701,75 03:04.967,1332, ,1330,9,9,7,N, ,3,N, , , , ,479272, , , ,2,0,0,0,0,0,1,1,0,0,0,0,0,0,0,0,0,0,0,0,1,0,1,0,0,0,0,0,0,0,0,0,0,0,0,0,0,40.0363,-75.0514, , 
 ,41619,2014120895,6,67,67301,2014,11,5,1301,13,1,2,1,7,4, , ,N,2,2,0,3,0,0,1,1,N,N,40 02:09.049,75 08:59.276,1401, ,1346, ,0, ,N, ,3, , , , , ,479281, , , ,1,1,0,0,0,0,0,0,0,0,0,0,0,0,0,0,0,0,0,0,0,0,0,0,0,0,0,0,0,0,0,0,0,0,0,0,0,40.0358,-75.1498, , 
 ,41620,2014122449,6,67,67301,2014,11,5,1230,12,1,1,0,1,1, , ,N,1,2,0,3,0,0,3,2,N,N,40 02:34.433,75 08:37.617,1239, ,1239, ,0, ,N, ,3, , , , , ,479283, , , ,2,2,0,0,0,0,0,0,0,0,0,0,0,0,0,0,0,0,0,0,0,0,0,0,0,0,0,0,0,0,0,0,0,0,0,0,0,40.0429,-75.1438, , 
 ,41621,2014130395,6,67,67301,2014,12,2,1500,15,1,1,0,1,1, , ,N,0,0,0,3,0,1,3,2,N, ,39 55:49.426,75 08:39.602,1537, ,1527, ,0, , , ,0, , , , , ,479291, , , ,2,0,0,0,0,0,0,2,0,0,0,1,1,0,0,0,0,0,0,0,0,0,1,1,0,0,0,0,0,0,0,0,0,0,0,4,0,39.9304,-75.1443, , 
 ,41622,2014078885,6,67,67301,2014,6,2,856,8,1,2,1,4,1, , ,N,0,0,7,3,0,0,3,3,N,N,40 02:09.183,75 02:23.308,901, ,857,4,1,3, , ,0,N, , , , ,479303, , , ,3,2,0,0,0,0,1,0,0,0,0,0,0,0,0,0,0,0,0,0,0,0,0,0,0,0,0,0,0,0,0,0,0,0,0,0,0,40.0359,-75.0398, , 
 ,41623,2014087750,6,67,67301,2014,7,5,2119,21,2,1,0,4,1, , ,N,1,2,0,3,0,1,2,2,N, ,39 57:23.640,75 12:35.107,2133, ,2129, ,0, , , ,3, , , , , ,479309, , , ,2,2,0,0,0,0,0,0,0,0,0,1,1,0,0,0,0,0,0,1,0,0,0,0,0,0,0,0,0,0,0,0,0,0,0,4,0,39.9566,-75.2098, , 
 ,41624,2014088993,6,67,67301,2014,8,3,1410,14,1,1,0,4,1, , ,N,1,2,0,3,0,2,4,3,N, ,40 02:03.872,75 04:55.948,1415, ,1912,3,2,2, , ,3,Y, , , , ,479310, , , ,3,1,0,0,0,0,1,0,0,1,0,1,2,0,1,0,0,0,0,0,2,0,0,0,0,0,0,0,0,0,0,0,0,0,0,2,0,40.0344,-75.0822, , 
 ,41625,2014104625,6,67,67301,2014,10,6,2200,22,3,1,0,5,1, , ,N,0,0,0,3,0,1,2,2,N,N,39 56:43.929,75 09:16.977,2350, ,2345, ,0, ,N, ,0, , , , , ,481919, , , ,1,1,0,0,0,0,0,0,1,0,0,1,1,0,0,0,0,0,0,0,0,0,0,0,0,0,0,0,0,0,0,0,0,0,0,4,0,39.9455,-75.1547, , 
 ,41626,2014115612,6,67,67301,2014,11,7,1918,19,3,1,0,4,1, , ,N,0,2,7,3,0,0,3,2,N,N,39 55:34.959,75 08:41.871,1925, ,1920, ,0, ,N, ,3, , , , , ,481927, , , ,2,2,0,0,0,0,0,0,0,0,0,0,0,0,0,0,0,0,0,1,0,0,0,0,0,0,0,0,0,0,0,0,0,0,0,0,0,39.9264,-75.145, , 
 ,41627,2014127910,6,67,67301,2014,12,5,1835,18,3,1,0,5,1, , ,N,0,0,0,3,0,1,2,2,N,N,39 58:11.077,75 08:27.978,1846, ,846,1,1,4,N, ,0,N, , , , ,481938, , , ,2,2,0,0,0,0,0,0,0,0,0,0,1,1,0,0,0,0,0,0,0,1,0,0,0,0,0,0,0,0,0,0,0,0,0,8,0,39.9697,-75.1411, , 
 ,41628,2014130444,6,67,67301,2014,12,3,1301,13,1,2,1,7,3, , ,N,0,0,0,3,0,1,1,1,N,N,40 00:59.975,75 12:09.415,1306, ,1302,2,2,1,N, ,0,N, , , , ,481941, , , ,1,0,0,0,0,0,1,0,0,0,0,1,1,0,0,0,0,0,0,0,0,0,0,0,0,0,0,0,0,0,0,0,0,0,0,4,0,40.0167,-75.2026, , 
 ,41629,2015002734,6,67,67301,2014,12,5,2310,23,3,1,0,1,1, , ,N,0,0,0,3,0,1,1,2,N,N,40 02:14.779,75 02:20.838,2326, ,2324, ,0, ,N, ,0, , , , , ,481948, , , ,2,1,0,1,0,0,0,0,0,0,0,1,1,0,0,0,0,0,0,1,0,0,0,0,0,0,0,0,0,0,0,0,0,0,0,4,1,40.0374,-75.0391, , 
 ,41630,2015006073,6,67,67301,2014,12,3,9999,99,3,2,1,4,1, , ,N,1,2,0,3,0,1,4,2,N,N,39 59:30.115,75 11:08.190,9999, ,2012, ,0, ,N, ,3, , , , , ,481949, , , ,2,2,0,0,0,0,0,0,0,0,0,1,1,0,0,0,0,0,0,0,0,0,0,0,0,0,0,0,0,0,0,0,0,0,0,4,0,39.9917,-75.1856, , 
 ,41631,2014130478,6,67,67301,2014,12,5,1215,12,1,1,0,5,1, , ,N,0,0,0,3,0,1,2,3,N, ,40 01:00.040,75 08:50.118,1235, ,1230, ,0, , , ,0, , , , , ,481969, , , ,3,1,0,0,0,0,0,1,0,0,0,1,1,0,0,0,0,0,0,0,1,0,0,0,0,0,0,0,0,0,0,0,0,0,0,4,0,40.0167,-75.1473, , 
 ,41632,2015006698,6,67,67301,2014,12,4,1520,15,1,1,0,4,1, , ,N,1,2,0,3,0,0,2,2,N,N,40 00:27.734,75 06:10.133,1530, ,1525, ,9, ,N, ,2, , , , , ,481974, , , ,2,2,0,0,0,0,0,0,0,0,0,0,0,0,0,0,0,0,0,0,1,0,0,0,0,0,0,0,0,0,0,0,0,0,0,0,0,40.0077,-75.1028, , 
 ,41633,2014121444,6,67,67301,2014,11,2,1745,17,3,2,1,4,1, , ,N,1,2,0,3,0,1,2,2,N, ,39 59:50.247,75 05:21.971,1814, ,1812, ,0, ,N, ,3, , , , , ,481982, , , ,2,2,0,0,0,0,0,0,0,0,0,0,1,1,0,0,0,0,0,0,1,0,0,0,0,0,0,0,0,0,0,0,0,0,0,8,0,39.9973,-75.0894, , 
 ,41634,2014110362,6,67,67301,2014,10,4,1737,17,3,2,1,7,4, , ,N,0,0,0,3,0,1,2,1,N,N,40 02:14.164,75 09:58.694,1743, ,1740, ,0, ,N, ,0, , , , , ,482008, , , ,1,0,0,0,0,0,0,1,0,0,0,1,1,0,0,0,0,0,0,0,0,0,0,0,0,0,0,0,0,0,0,0,0,0,0,4,0,40.0373,-75.1663, , 
 ,41635,2014120291,6,67,67301,2014,11,5,1730,17,3,2,1,8,1, , ,N,1,2,0,3,0,1,2,2,N,N,40 02:19.838,75 10:17.839,1807, ,1807, ,0, ,N, ,3, , , , , ,482023, , , ,1,1,0,0,0,0,0,0,0,0,0,1,1,0,0,0,0,0,0,0,0,0,0,0,0,0,0,0,0,0,0,0,1,0,0,4,0,40.0388,-75.1716, , 
 ,41636,2014125161,6,67,67301,2014,11,7,9999,99,3,1,0,4,1, , ,N,1,1,0,3,0,2,8,3,N,N,39 56:00.200,75 10:52.082,1738, ,1735, ,0, ,N, ,3, , , , , ,482028, , , ,3,2,0,0,0,1,0,0,0,0,0,0,2,2,5,0,0,0,0,0,0,1,0,1,0,0,0,0,0,0,0,0,0,0,0,8,1,39.9334,-75.1811, , 
 ,41637,2014127512,6,67,67301,2014,12,4,824,8,1,2,1,1,1, , ,N,0,0,0,3,0,0,2,2,N,N,40 03:27.953,75 08:21.165,849, ,841, ,0, ,N, ,0, , , , , ,482032, , , ,2,0,0,0,0,0,2,0,0,0,0,0,0,0,0,0,0,0,0,0,0,0,0,0,0,0,0,0,0,0,0,0,0,0,0,0,0,40.0578,-75.1392, , 
 ,41638,2014104586,6,67,67301,2014,10,6,1800,18,1,1,1,1,1, , ,N,0,0,0,3,0,1,2,2,N,N,39 57:01.738,75 09:39.294,1500, ,1500, ,0, ,N, ,0, , , , , ,482059, , , ,1,0,0,0,0,0,1,0,1,0,1,0,1,0,0,0,0,0,0,0,0,0,0,0,0,0,0,0,0,0,0,0,0,0,0,3,0,39.9505,-75.1609, , 
 ,41639,2014120890,6,67,67301,2014,11,1,110,1,3,1,0,1,1, , ,N,0,0,0,3,0,2,5,2,N,N,39 58:35.299,75 12:46.928,222, ,124, ,0, ,N, ,0, , , , , ,482077, , , ,2,2,0,0,0,0,0,0,0,0,0,2,2,0,0,0,0,0,0,1,0,0,0,0,0,0,0,0,0,0,0,0,0,0,0,4,0,39.9765,-75.213, , 
 ,41640,2015006126,6,67,67301,2014,12,7,2007,20,3,1,0,4,1, , ,N,2,0,0,3,0,5,5,2,N, ,40 03:15.202,75 08:46.780,2015, ,2015,2,2,5,N, ,0,Y, , , , ,482088, , , ,2,1,0,0,0,0,1,0,0,0,0,0,5,5,0,0,0,0,0,0,0,0,0,0,0,0,0,0,0,0,0,0,0,0,0,8,0,40.0542,-75.1463, , 
 ,41641,2015002708,6,67,67301,2014,12,3,735,7,1,2,1,1,1, , ,N,0,0,0,3,0,0,3,3,N,N,40 03:42.748,75 14:12.616,752, ,747, ,0, ,N, ,0, , , , , ,482107, , , ,3,3,0,0,0,0,0,0,0,0,0,0,0,0,0,0,0,0,0,0,2,0,0,0,0,0,0,0,0,0,0,0,0,0,0,0,0,40.0619,-75.2368, , 
 ,41642,2015002713,6,67,67301,2014,12,4,500,5,3,2,1,7,3, , ,N,0,0,0,3,0,0,1,1,N,N,40 00:59.747,75 12:09.611,510, ,501, ,0, ,N, ,0, , , , , ,482108, , , ,1,1,0,0,0,0,0,0,0,0,0,0,0,0,0,0,0,0,0,0,0,0,0,0,0,0,0,0,0,0,0,0,0,0,0,0,0,40.0166,-75.2027, , 
 ,41643,2014104459,6,67,67301,2014,10,5,1529,15,1,1,0,5,1, , ,N,0,0,0,3,0,1,3,2,N,N,39 57:58.655,75 09:38.248,1534, ,1530, ,0, , , ,0, , , , , ,482120, , , ,1,0,0,0,0,0,0,1,1,0,0,0,1,1,0,0,0,0,0,0,0,0,0,2,0,0,0,0,0,0,0,0,0,0,0,8,0,39.9663,-75.1606, , 
 ,41644,2014089353,6,67,67301,2014,8,5,900,9,1,1,0,0,1, , ,N,0,0,0,3,0,1,1,1,N,N,39 59:01.423,75 12:22.247,905, ,901, ,0, ,N, ,0, , , , , ,487162, , , ,1,0,1,0,0,0,0,0,0,0,0,1,1,0,0,0,0,0,0,0,0,0,0,0,0,0,0,0,0,0,0,0,0,0,0,4,0,39.9837,-75.2062, , 
 ,41645,2014109079,6,67,67301,2014,11,1,220,2,3,1,0,7,4, , ,N,0,0,0,3,0,0,1,1,N,N,39 58:07.676,75 07:40.152,228, ,221,1,1,1,N, ,0,N, , , , ,487179, , , ,1,0,0,0,0,0,1,0,0,0,0,0,0,0,0,0,0,0,0,0,0,0,0,0,0,0,0,0,0,0,0,0,0,0,0,0,0,39.9688,-75.1278, , 
 ,41646,2014122495,6,67,67301,2014,11,6,1709,17,3,1,0,8,1, , ,N,1,2,0,3,0,1,2,2,N,N,40 01:01.180,75 11:17.957,1713, ,1712, ,0, , , ,3, , , , , ,487193, , , ,1,1,0,0,0,0,0,0,0,0,0,0,1,1,0,0,0,0,0,0,0,0,0,0,0,0,0,0,0,0,0,0,1,0,0,8,0,40.017,-75.1883, , 
 ,41647,2014106767,6,67,67301,2014,10,6,923,9,1,1,0,8,1, , ,N,0,0,0,3,0,1,2,2,Y,N,39 59:43.565,75 11:14.901,927, ,923, ,0, ,N, ,0, , , , , ,487216, , , ,1,0,0,1,0,0,0,0,0,0,0,1,1,0,0,0,0,0,0,0,0,0,0,0,0,0,0,0,0,0,0,0,1,0,0,4,1,39.9954,-75.1875, , 
 ,41648,2014094291,6,46,46105,2014,9,3,851,8,1,1,1,7,4, , ,N,2,2,0,3,0,0,3,3,N,N,40 06:31.161,75 03:15.325,853, ,851,1,1,2,N, ,3,N, , , , ,487219, , , ,3,3,0,0,0,0,0,0,0,0,0,0,0,0,0,0,0,0,0,0,1,0,0,0,0,0,0,0,0,0,0,0,0,0,0,0,0,40.1087,-75.0543, , 
 ,41649,2014114999,6,67,67301,2014,7,4,1707,17,1,1,0,1,7, , ,N,6,3,2,3,0,1,2,2,N,N,39 59:11.983,75 12:29.919,0, ,0, ,0, ,N, ,3, , , , , ,487235, , , ,2,1,0,0,0,0,0,0,0,0,0,0,1,1,1,0,0,0,0,0,0,0,0,0,0,0,0,0,0,0,0,0,0,0,0,8,0,39.9876,-75.208, , 
 ,41650,2015002680,6,67,67301,2014,12,5,2204,22,3,1,0,6,6, , ,N,0,0,0,3,0,0,1,2,N,N,40 02:18.480,75 10:07.635,2249, ,2239, ,0, ,N, ,0, , , , , ,487248, , , ,2,2,0,0,0,0,0,0,0,0,0,0,0,0,0,0,0,0,0,0,0,0,0,0,0,0,0,0,0,0,0,0,0,0,0,0,0,40.0385,-75.1688, , 
 ,41651,2014108615,6,67,67301,2014,10,7,424,4,3,1,0,7,4, , ,N,0,0,0,3,0,0,1,1,N,N,39 59:59.366,75 11:42.161,432, ,425, ,0, ,N, ,0, , , , , ,487263, , , ,1,1,0,0,0,0,0,0,0,0,0,0,0,0,0,0,0,0,0,0,0,0,0,0,0,0,0,0,0,0,0,0,0,0,0,0,0,39.9998,-75.195, , 
 ,41652,2014115191,6,67,67301,2014,10,7,226,2,3,1,0,7,4, , ,N,0,0,1,3,0,0,1,1,N,N,39 56:37.263,75 08:34.766,226, ,226, ,0, ,N, ,0, , , , , ,487273, , , ,1,1,0,0,0,0,0,0,0,0,0,0,0,0,0,0,0,0,0,0,0,0,0,0,0,0,0,0,0,0,0,0,0,0,0,0,0,39.9437,-75.143, , 
 ,41653,2014116204,6,67,67301,2014,11,2,1741,17,3,2,1,1,1, , ,N,0,0,0,3,0,2,5,3,N,N,39 55:42.361,75 08:46.526,1813, ,1751,1,2,1,N, ,0,N, , , , ,487275, , , ,3,1,0,0,1,0,1,0,0,0,0,2,2,0,0,0,0,0,0,0,0,0,0,0,0,0,0,0,0,0,0,0,0,0,0,4,0,39.9284,-75.1463, , 
 ,41654,2014125072,6,67,67301,2014,11,1,1400,14,1,1,0,4,1, , ,N,1,2,0,3,0,1,4,2,N,N,40 01:32.799,75 07:24.507,1415, ,1405,1,1,2,N, ,3,Y, , , , ,487280, , , ,2,1,0,0,0,0,1,0,0,0,0,1,1,0,0,0,0,0,0,0,0,0,0,0,0,0,0,0,0,0,0,0,0,0,0,4,0,40.0258,-75.1235, , 
 ,41655,2014127411,6,67,67301,2014,11,1,30,0,3,1,0,4,1, , ,N,1,2,0,3,0,2,4,2,N,N,39 57:30.652,75 09:56.236,40, ,35, ,0, ,N, ,3, , , , , ,487284, , , ,2,1,0,0,0,0,1,0,0,0,0,0,2,2,0,0,0,0,0,0,0,0,0,0,0,0,0,0,0,0,0,0,0,0,0,8,0,39.9585,-75.1656, , 
 ,41656,2014059139,6,67,67301,2014,4,3,1800,18,1,2,1,5,1, , ,N,0,0,1,3,0,0,2,2,N,N,39 53:33.450,75 13:23.210,1814, ,1809,3,1,3,N, ,0,N, , , , ,487291, , , ,2,2,0,0,0,0,0,0,0,0,0,0,0,0,0,0,0,0,0,0,0,0,0,0,0,0,0,0,0,0,0,0,0,0,0,0,0,39.8926,-75.2231, , 
 ,41657,2014061066,6,67,67301,2014,5,2,9999,99,1,1,0,1,1, , ,N,0,0,0,3,0,1,6,3,N,N,40 02:50.944,75 05:30.704,1854, ,9999,1,1,3,N, ,0,N, , , , ,487292, , , ,3,2,0,0,0,0,1,0,0,0,0,0,1,1,2,0,0,0,0,0,1,0,0,0,0,0,0,0,0,0,0,0,0,0,0,8,0,40.0475,-75.0919, , 
 ,41658,2014068174,6,67,67301,2014,6,1,1730,17,1,1,0,4,1, , ,N,1,2,0,3,0,2,3,2,N,N,39 57:08.527,75 08:48.441,1747, ,1742,1,1,4,N, ,3,N, , , , ,487298, , , ,2,1,0,0,0,0,1,0,0,0,0,2,2,0,0,0,0,0,0,0,0,0,0,0,0,0,0,0,0,0,0,0,0,0,0,4,0,39.9524,-75.1468, , 
 ,41659,2014078806,6,67,67301,2014,6,4,2030,20,3,1,0,1,1, , ,N,0,0,0,3,0,1,2,2,N,N,40 01:34.290,75 10:51.990,2350, ,2335, ,0, ,N, ,0, , , , , ,487302, , , ,1,1,0,0,0,0,0,0,1,0,0,0,1,1,0,0,0,0,0,0,0,0,0,0,0,0,0,0,0,0,0,0,0,0,0,8,0,40.0262,-75.1811, , 