wz_ln_closure,objectid_1,crn,district,county,municipality,crash_year,crash_month,day_of_week,time_of_day,hour_of_day,illumination,weather,road_condition,collision_type,relation_to_road,work_zone_type,work_zone_loc,work_zone_ind,intersect_type,tcd_type,location_type,urban_rural,fatal_count,injury_count,person_count,total_units,sch_bus_ind,sch_zone_ind,latitude,longitude,arrival_tm,cons_zone_spd_lim,dispatch_tm,est_hrs_closed,lane_closed,ln_close_dir,ntfy_hiwy_maint,spec_juris_cd,tcd_func_cd,tfc_detour_ind,workers_pres,wz_close_detour,wz_flagger,wz_law_offcr_ind,objectid,wz_moving,wz_other,wz_shlder_mdn,vehicle_count,automobile_count,motorcycle_count,bus_count,small_truck_count,heavy_truck_count,suv_count,van_count,bicycle_count,maj_inj_count,mod_inj_count,min_inj_count,tot_inj_count,unk_inj_deg_count,unk_inj_per_count,driver_count_16yr,driver_count_17yr,driver_count_18yr,driver_count_19yr,driver_count_20yr,driver_count_50_64yr,driver_count_65_74yr,driver_count_75plus,unbelted_occ_count,unb_death_count,unb_maj_inj_count,belted_death_count,belted_maj_inj_count,mcycle_death_count,mcycle_maj_inj_count,bicycle_death_count,bicycle_maj_inj_count,ped_count,ped_death_count,ped_maj_inj_count,max_severity_level,comm_veh_count,dec_lat,dec_long,rdwy_surf_type_cd,county_name
 ,41660,2014083045,6,67,67301,2014,6,6,1505,15,1,1,0,1,6, , ,N,0,0,0,3,0,0,1,3,N,N,40 00:25.000,75 08:13.090,1535, ,1505, ,0, ,N, ,0, , , , , ,487304, , , ,3,3,0,0,0,0,0,0,0,0,0,0,0,0,0,0,0,0,0,0,1,0,0,0,0,0,0,0,0,0,0,0,0,0,0,0,0,40.0069,-75.137, , 
 ,41661,2014083083,6,67,67301,2014,6,6,738,7,1,1,0,1,1, , ,N,1,2,0,3,0,1,2,2,N,N,40 01:31.774,75 07:31.582,743, ,739,9,1,2,N, ,3,N, , , , ,487305, , , ,2,0,0,0,0,0,2,0,0,0,0,0,1,1,0,0,0,0,0,0,0,0,0,0,0,0,0,0,0,0,0,0,0,0,0,8,0,40.0255,-75.1254, , 
 ,41662,2014120911,6,67,67301,2014,11,5,927,9,1,1,0,8,1, , ,N,0,0,0,3,0,1,4,2,N,N,39 59:34.958,75 07:06.322,930, ,927, ,0, ,N, ,0, , , , , ,487308, , , ,1,1,0,0,0,0,0,0,0,0,1,0,1,0,0,0,0,0,0,0,0,0,0,0,0,0,0,0,0,0,0,0,1,0,0,3,0,39.993,-75.1184, , 
 ,41663,2014075966,6,67,67301,2014,6,5,1400,14,1,1,0,7,4, , ,N,0,0,0,3,0,2,2,1,N,N,40 05:06.534,75 01:29.669,1405, ,1401,1,1,2,N, ,0,N, , , , ,484713, , , ,1,1,0,0,0,0,0,0,0,0,0,0,2,2,0,0,0,0,0,0,0,1,0,0,0,0,0,0,0,0,0,0,0,0,0,8,0,40.0851,-75.0249, , 
 ,41664,2014084207,6,67,67301,2014,6,2,1250,12,1,1,0,4,1, , ,N,1,3,0,3,0,3,3,2,N,N,40 00:31.935,75 09:39.959,1340, ,1337, ,0, ,N, ,3, , , , , ,484718, , , ,2,2,0,0,0,0,0,0,0,0,0,1,3,2,0,0,0,0,0,0,1,0,0,0,0,0,0,0,0,0,0,0,0,0,0,4,0,40.0089,-75.1611, , 
 ,41665,2014084461,6,67,67301,2014,7,7,1646,16,1,1,0,4,1, , ,N,1,3,0,3,0,1,2,2,N, ,39 57:27.730,75 13:31.245,1718, ,1646, ,0, , , ,3, , , , , ,484719, , , ,1,1,0,0,0,0,0,0,1,1,0,0,1,0,0,0,0,0,0,0,1,0,0,0,0,0,0,0,0,0,0,1,0,0,0,2,0,39.9577,-75.2253, , 
 ,41666,2014088808,6,67,67301,2014,8,7,100,1,3,1,0,1,1, , ,N,0,0,0,3,0,1,1,2,N,N,40 05:06.064,75 01:11.195,110, ,103, ,0, ,N, ,0, , , , , ,484722, , , ,2,1,0,0,0,1,0,0,0,0,1,0,1,0,0,0,0,0,0,0,0,0,0,0,0,0,0,0,0,0,0,0,0,0,0,3,1,40.085,-75.0198, , 
 ,41667,2014109917,6,67,67301,2014,10,3,1211,12,1,1,0,1,1, , ,N,2,2,0,3,0,3,4,3,N, ,39 57:12.878,75 08:23.942,1258, ,1256, ,0, , , ,3, , , , , ,484738, , , ,3,1,0,0,0,1,1,0,0,0,0,0,3,3,0,0,0,0,0,0,2,0,1,0,0,0,0,0,0,0,0,0,0,0,0,8,1,39.9535,-75.1398, , 
 ,41668,2014087928,6,67,67301,2014,7,5,255,2,3,1,0,7,4, , ,N,5,2,0,3,0,1,1,1,N,N,40 02:53.422,75 01:33.866,303, ,300, ,0, , , ,3, , , , , ,484747, , , ,1,0,0,0,0,0,1,0,0,0,0,0,1,1,0,0,0,0,0,0,0,0,0,0,0,0,0,0,0,0,0,0,0,0,0,8,0,40.0482,-75.0261, , 
 ,41669,2014121421,6,67,67301,2014,11,6,1220,12,1,1,0,4,1, , ,N,2,3,0,3,0,3,5,2,N, ,39 55:36.304,75 13:25.880,1306, ,1304, ,0, , , ,3, , , , , ,484753, , , ,2,1,0,0,0,0,1,0,0,0,0,2,3,1,0,0,0,0,0,0,0,0,0,0,0,0,0,0,0,0,0,0,0,0,0,4,0,39.9268,-75.2239, , 
 ,41670,2014122423,6,67,67301,2014,11,2,1800,18,3,2,1,5,6, , ,N,0,0,0,3,0,1,1,2,N, ,40 05:35.646,75 02:56.911,1810, ,1806,1,1,3, , ,0,N, , , , ,484755, , , ,2,2,0,0,0,0,0,0,0,0,0,0,1,1,0,0,0,0,0,0,0,0,1,0,0,0,0,0,0,0,0,0,0,0,0,8,0,40.0932,-75.0491, , 
 ,41671,2014087756,6,67,67301,2014,8,4,1825,18,1,1,0,5,1, , ,N,0,0,0,3,0,1,2,2,N,N,39 57:04.753,75 11:58.855,1833, ,1830, ,0, ,N, ,0, , , , , ,484820, , , ,1,0,0,0,0,0,1,0,1,0,0,1,1,0,0,0,0,0,0,0,0,0,0,0,0,0,0,0,0,0,0,0,0,0,0,4,0,39.9513,-75.1997, , 
 ,41672,2014089723,6,67,67301,2014,7,3,9999,99,1,1,0,4,1, , ,N,1,3,0,3,0,1,2,2,N, ,39 55:37.473,75 10:51.175,1535, ,1530, ,0, , , ,3, , , , , ,484823, , , ,1,1,0,0,0,0,0,0,1,0,0,1,1,0,0,0,0,0,0,0,0,1,0,1,0,0,0,0,0,0,0,0,0,0,0,4,0,39.9271,-75.1809, , 
 ,41673,2014121433,6,67,67301,2014,11,2,1829,18,3,1,0,5,6, , ,N,0,0,0,3,0,0,1,2,N,N,39 59:38.609,75 06:41.991,1852, ,1852, ,0, ,N, ,0, , , , , ,484846, , , ,2,2,0,0,0,0,0,0,0,0,0,0,0,0,0,0,0,0,0,0,0,0,0,0,0,0,0,0,0,0,0,0,0,0,0,0,0,39.9941,-75.1117, , 
 ,41674,2014121451,6,67,67301,2014,11,7,100,1,3,1,0,5,4, , ,N,0,0,0,3,0,0,1,2,N,N,39 59:21.573,75 05:23.460,106, ,100, ,0, ,N, ,0, , , , , ,484847, , , ,2,1,0,0,0,0,0,1,0,0,0,0,0,0,0,0,0,0,0,0,0,0,0,0,0,0,0,0,0,0,0,0,0,0,0,0,0,39.9893,-75.0899, , 
 ,41675,2014070687,6,67,67301,2014,7,4,1622,16,1,1,0,7,2, , ,N,0,0,0,3,0,0,1,1,N,N,39 56:05.658,75 08:42.095,1638, ,1638,2,2,2,N, ,0,N, , , , ,484860, , , ,1,0,0,0,0,0,1,0,0,0,0,0,0,0,0,0,0,0,0,0,1,0,0,0,0,0,0,0,0,0,0,0,0,0,0,0,0,39.9349,-75.145, , 
 ,41676,2014087777,6,67,67301,2014,8,6,1358,13,1,1,0,7,4, , ,N,0,0,0,3,0,0,1,1,N,N,40 00:53.329,75 10:39.616,1410, ,1400,1,1,1,N, ,0,N, , , , ,484876, , , ,1,1,0,0,0,0,0,0,0,0,0,0,0,0,0,0,0,0,0,0,0,0,0,0,0,0,0,0,0,0,0,0,0,0,0,0,0,40.0148,-75.1777, , 
 ,41677,2014088909,6,67,67301,2014,8,4,1025,10,1,1,0,8,1, , ,N,1,3,0,3,0,1,2,2,N,N,39 55:40.994,75 10:43.323,1040, ,1036, ,0, ,N, ,3, , , , , ,484877, , , ,1,0,0,0,0,0,1,0,0,0,0,1,1,0,0,0,0,0,0,0,0,0,0,1,0,0,0,0,0,0,0,0,1,0,0,4,0,39.9281,-75.1787, , 
 ,41678,2014091452,6,67,67301,2014,8,2,640,6,1,1,0,8,1, , ,N,2,2,0,3,0,1,2,2,N, ,40 02:24.310,75 13:27.374,640, ,640, ,0, , , ,3, , , , , ,484880, , , ,1,0,0,0,1,0,0,0,0,0,1,0,1,0,0,0,0,0,0,0,0,0,0,0,0,0,0,0,0,0,0,0,1,0,0,3,0,40.0401,-75.2243, , 
 ,41679,2014098729,6,67,67301,2014,9,2,2055,20,3,1,0,7,5, , ,N,0,0,0,3,0,1,1,1,N,N,40 01:15.326,75 08:25.023,2104, ,2059, ,0, ,N, ,0, , , , , ,484895, , , ,1,1,0,0,0,0,0,0,0,0,0,1,1,0,0,0,0,0,0,1,0,0,0,0,0,0,0,0,0,0,0,0,0,0,0,4,0,40.0209,-75.1403, , 
 ,41680,2014109811,6,46,46104,2014,10,2,1502,15,1,2,1,4,1, , ,N,1,2,0,3,0,2,5,3,N,N,39 58:44.064,75 16:20.216,1505, ,1502,1,1,1,N, ,3,N, , , , ,484906, , , ,3,3,0,0,0,0,0,0,0,0,1,0,2,1,2,0,0,0,0,0,0,0,0,0,0,0,0,0,0,0,0,0,0,0,0,3,0,39.9788,-75.2722, , 
 ,41681,2014117787,6,67,67301,2014,11,4,630,6,3,1,0,0,1, , ,N,0,0,0,3,0,0,3,3,N,N,39 59:50.224,75 11:47.176,630, ,630, ,0, ,N, ,0, , , , , ,484925, , , ,3,1,0,0,0,0,1,1,0,0,0,0,0,0,0,0,0,0,0,0,0,0,0,0,0,0,0,0,0,0,0,0,0,0,0,0,0,39.9973,-75.1964, , 
 ,41682,2014091402,6,67,67301,2014,8,4,648,6,1,1,0,1,1, , ,N,1,2,0,3,0,2,3,2,N, ,40 04:50.725,75 01:42.964,1230, ,1230, ,0, , , ,3, , , , , ,479312, , , ,2,2,0,0,0,0,0,0,0,0,0,2,2,0,1,0,0,0,0,0,0,0,0,0,0,0,0,0,0,0,0,0,0,0,0,4,0,40.0808,-75.0286, , 
 ,41683,2014092942,6,67,67301,2014,9,6,1000,10,1,1,0,7,4, , ,N,0,0,0,3,0,1,1,1,N,N,40 00:33.523,75 04:01.136,1019, ,1000,2,1,2,N, ,0,Y, , , , ,479315, , , ,1,1,0,0,0,0,0,0,0,0,0,1,1,0,0,0,0,0,0,0,0,0,0,0,0,0,0,0,0,0,0,0,0,0,0,4,0,40.0093,-75.067, , 
 ,41684,2014055887,6,67,67301,2014,5,7,1624,16,1,1,0,7,4, , ,N,0,0,0,3,0,1,1,1,N,N,39 59:45.365,75 04:59.181,1631, ,1634,2,2,2,N, ,0,N, , , , ,479326, , , ,1,1,0,0,0,0,0,0,0,0,0,1,1,0,0,0,0,0,0,1,0,0,0,0,0,0,0,0,0,0,0,0,0,0,0,4,0,39.9959,-75.0831, , 
 ,41685,2014127617,6,67,67301,2014,12,6,113,1,3,1,0,7,2, , ,N,0,0,0,3,0,0,1,1,N,N,39 58:52.970,75 12:24.579,117, ,116,1,1,4,N, ,0,Y, , , , ,479372, , , ,1,1,0,0,0,0,0,0,0,0,0,0,0,0,0,0,0,0,0,0,0,0,0,0,0,0,0,0,0,0,0,0,0,0,0,0,0,39.9814,-75.2068, , 
 ,41686,2014088073,6,67,67301,2014,8,7,1006,10,1,1,0,4,1, , ,N,1,2,0,3,0,1,3,2,N,N,40 03:04.368,75 03:57.572,1006, ,1006,9,1,4,N, ,3,N, , , , ,479437, , , ,2,2,0,0,0,0,0,0,0,0,1,0,1,0,0,0,0,0,0,0,0,0,0,0,0,0,0,0,0,0,0,0,0,0,0,3,0,40.0512,-75.0661, , 
 ,41687,2014093554,6,67,67301,2014,9,2,2215,22,3,1,0,7,2, , ,N,7,8,2,3,0,1,1,1,N,N,40 00:05.577,75 11:40.535,2225, ,2220,9,2,1,N, ,3,Y, , , , ,479445, , , ,1,0,1,0,0,0,0,0,0,1,0,0,1,0,0,0,0,0,0,0,0,0,0,0,0,0,0,0,0,1,0,0,0,0,0,2,0,40.0058,-75.1963, , 
 ,41688,2014087907,6,67,67301,2014,7,6,1625,16,1,1,0,8,1, , ,N,0,0,0,3,0,1,2,2,N, ,39 59:14.690,75 06:16.452,1640, ,1632,2,2,1, , ,0,Y, , , , ,479475, , , ,1,0,0,0,1,0,0,0,0,0,1,0,1,0,0,0,0,0,1,0,0,0,0,0,0,0,0,0,0,0,0,0,1,0,0,3,0,39.9874,-75.1046, , 
 ,41689,2014087936,6,67,67301,2014,7,1,330,3,3,1,0,7,6, , ,N,0,0,0,3,0,0,1,1,N,N,39 56:04.918,75 10:18.821,337, ,335, ,0, ,N, ,0, , , , , ,479476, , , ,1,0,0,0,0,0,0,1,0,0,0,0,0,0,0,0,0,0,0,0,0,0,0,0,0,0,0,0,0,0,0,0,0,0,0,0,0,39.9347,-75.1719, , 
 ,41690,2014089720,6,67,67301,2014,7,3,718,7,1,1,0,8,1, , ,N,0,0,0,3,0,1,2,2,N,N,40 02:14.906,75 08:15.519,1925, ,1921, ,0, ,N, ,0, , , , , ,479478, , , ,1,1,0,0,0,0,0,0,0,0,0,0,1,1,0,0,0,0,1,0,0,0,0,0,0,0,0,0,0,0,0,0,1,0,0,8,0,40.0375,-75.1376, , 
 ,41691,2014096798,6,67,67301,2014,8,4,1850,18,1,1,0,8,1, , ,N,0,0,0,3,0,1,2,2,N,N,39 56:56.644,75 14:01.978,1856, ,1854, ,0, ,N, ,0, , , , , ,479486, , , ,1,1,0,0,0,0,0,0,1,0,0,1,1,0,0,0,0,0,0,0,0,0,0,0,0,0,0,0,0,0,0,0,0,0,0,4,0,39.9491,-75.2339, , 
 ,41692,2014096809,6,67,67301,2014,9,3,815,8,1,1,1,2,1, , ,N,0,0,0,3,0,0,2,2,N,N,40 00:46.697,75 12:04.007,912, ,910, ,0, , , ,0, , , , , ,479487, , , ,2,1,0,0,0,0,1,0,0,0,0,0,0,0,0,0,0,0,0,0,0,0,0,0,0,0,0,0,0,0,0,0,0,0,0,0,0,40.013,-75.2011, , 
 ,41693,2014087850,6,67,67301,2014,8,2,914,9,1,1,0,4,1, , ,N,1,2,0,3,0,4,4,3,N,N,40 03:17.359,75 09:09.802,917, ,915, ,0, ,N, ,3, , , , , ,479508, , , ,3,2,0,0,0,0,1,0,0,0,0,0,4,4,0,0,0,0,0,1,1,0,0,0,0,0,0,0,0,0,0,0,0,0,0,8,0,40.0548,-75.1527, , 
 ,41694,2014088795,6,67,67301,2014,8,2,1847,18,1,1,0,4,1, , ,N,1,3,0,3,0,1,3,2,N,N,39 57:22.935,75 12:52.250,1851, ,1848, ,0, , , ,3, , , , , ,479509, , , ,2,1,0,0,0,0,1,0,0,0,0,0,1,1,0,0,0,0,0,0,0,0,0,0,0,0,0,0,0,0,0,0,0,0,0,8,0,39.9564,-75.2145, , 
 ,41695,2014089023,6,67,67301,2014,6,2,2345,23,3,1,0,4,6, , ,N,1,3,0,3,0,0,1,2,N, ,39 55:14.307,75 10:49.159,2355, ,2352, ,0, , , ,3, , , , , ,479510, , , ,2,2,0,0,0,0,0,0,0,0,0,0,0,0,0,0,0,0,0,0,0,0,0,1,0,0,0,0,0,0,0,0,0,0,0,0,0,39.9206,-75.1803, , 
 ,41696,2014068152,6,67,67301,2014,5,6,1145,11,1,1,0,4,1, , ,N,1,3,0,3,0,1,4,2,N,N,40 00:21.214,75 09:42.303,1153, ,1152, ,0, ,N, ,3, , , , , ,479519, , , ,1,1,0,0,0,0,0,0,1,0,0,1,1,0,0,0,0,0,0,0,0,1,0,0,0,0,0,0,0,0,0,0,0,0,0,4,0,40.0059,-75.1618, , 
 ,41697,2014078871,6,67,67301,2014,6,5,1639,16,1,1,0,1,1, , ,N,0,0,0,3,0,1,4,3,N,N,39 56:46.609,75 10:42.247,1641, ,1640, ,0, ,N, ,0, , , , , ,479527, , , ,3,1,0,0,0,0,0,2,0,0,0,1,1,0,1,0,0,0,0,0,1,0,0,0,0,0,0,0,0,0,0,0,0,0,0,4,0,39.9463,-75.1784, , 
 ,41698,2014084303,6,67,67301,2014,7,3,1104,11,1,1,0,7,3, , ,N,0,0,0,3,0,2,5,1,N,N,40 04:47.192,75 01:46.390,1110, ,1105, ,0, ,N, ,0, , , , , ,479533, , , ,1,1,0,0,0,0,0,0,0,0,1,1,2,0,0,0,0,0,0,0,0,0,0,1,0,0,0,0,0,0,0,0,0,0,0,3,0,40.0798,-75.0296, , 
 ,41699,2014087811,6,67,67301,2014,7,4,1705,17,1,1,0,4,1, , ,N,0,0,0,3,0,0,2,2,N,N,39 58:50.600,75 12:17.800,1717, ,1708, ,0, ,N, ,0, , , , , ,479537, , , ,2,1,0,0,0,0,1,0,0,0,0,0,0,0,0,0,0,0,0,0,0,0,0,0,0,0,0,0,0,0,0,0,0,0,0,0,0,39.9807,-75.2049, , 
 ,41700,2014091464,6,67,67301,2014,9,3,1630,16,1,1,0,8,1, , ,N,0,0,0,3,0,1,2,2,N,N,39 59:38.983,75 06:22.978,1035, ,1026, ,0, ,N, ,0, , , , , ,479540, , , ,1,1,0,0,0,0,0,0,0,0,1,0,1,0,0,0,0,0,0,0,0,0,0,0,0,0,0,0,0,0,0,0,1,0,0,3,0,39.9942,-75.1064, , 
 ,41701,2014111458,6,67,67301,2014,10,2,1730,17,3,1,0,4,1, , ,N,1,3,0,3,0,1,3,2,N, ,39 58:09.440,75 09:48.286,1745, ,1735,9,1,1, , ,3,N, , , , ,482124, , , ,2,2,0,0,0,0,0,0,0,0,0,1,1,0,0,0,0,0,0,0,0,0,0,0,0,0,0,0,0,0,0,0,0,0,0,4,0,39.9693,-75.1634, , 
 ,41702,2014065585,6,67,67301,2014,5,2,1830,18,1,1,0,8,1, , ,N,0,0,0,3,0,1,2,2,N, ,39 59:13.683,75 10:12.483,9999, ,1905, ,0, , , ,0, , , , , ,482149, , , ,1,1,0,0,0,0,0,0,0,0,0,1,1,0,0,0,0,0,0,0,0,0,0,0,0,0,0,0,0,0,0,0,1,0,0,4,0,39.9871,-75.1701, , 
 ,41703,2014084272,6,67,67301,2014,7,2,1718,17,1,1,0,1,1, , ,N,1,3,0,3,0,1,2,2,N,N,40 01:17.814,75 02:39.397,1834, ,1833, ,0, ,N, ,3, , , , , ,482161, , , ,2,2,0,0,0,0,0,0,0,0,0,1,1,0,1,0,0,0,0,0,0,0,0,0,0,0,0,0,0,0,0,0,0,0,0,4,0,40.0216,-75.0443, , 
 ,41704,2014084464,6,67,67301,2014,7,4,1530,15,1,1,0,4,1, , ,N,1,2,0,3,0,1,4,2,N,N,40 03:12.900,75 08:29.229,1540, ,1535, ,0, ,N, ,2, , , , , ,482162, , , ,2,1,0,0,0,0,1,0,0,0,0,1,1,0,0,0,0,0,0,0,1,0,0,0,0,0,0,0,0,0,0,0,0,0,0,4,0,40.0537,-75.1414, , 
 ,41705,2014087771,6,67,67301,2014,7,6,1410,14,1,1,0,4,1, , ,N,2,2,0,3,0,3,5,5,N,N,39 55:01.268,75 12:57.480,1434, ,1428, ,0, ,N, ,3, , , , , ,482165, , , ,5,2,0,0,2,0,1,0,0,0,0,3,3,0,0,0,0,0,0,0,3,0,0,0,0,0,0,0,0,0,0,0,0,0,0,4,0,39.9169,-75.2159, , 
 ,41706,2014087958,6,67,67301,2014,8,2,1500,15,1,1,0,4,1, , ,N,1,0,0,3,0,1,3,2,N, ,39 57:27.432,75 08:44.473,1517, ,1513, ,0, , , ,0, , , , , ,482166, , , ,2,1,0,0,1,0,0,0,0,0,0,0,1,1,0,0,0,0,0,0,1,0,0,0,0,0,0,0,0,0,0,0,0,0,0,8,0,39.9576,-75.1457, , 
 ,41707,2014088296,6,67,67301,2014,7,7,930,9,1,2,1,4,1, , ,N,3,2,0,3,0,2,4,2,N,N,40 05:38.581,75 01:51.296,935, ,931,9,1,1,N, ,3,N, , , , ,482167, , , ,2,0,0,0,1,0,0,1,0,0,0,2,2,0,0,0,0,0,0,0,1,0,0,0,0,0,0,0,0,0,0,0,0,0,0,4,0,40.0941,-75.0309, , 
 ,41708,2014095876,6,67,67301,2014,8,7,714,7,1,1,0,7,4, , ,N,0,0,0,3,1,0,1,1,N,N,39 54:54.035,75 08:16.026,719, ,714, ,0, ,N,0,0, , , , , ,482172, , , ,1,1,0,0,0,0,0,0,0,0,0,0,0,0,0,0,0,0,0,0,0,0,0,0,0,0,1,0,0,0,0,0,0,0,0,1,0,39.915,-75.1378,2, 
 ,41709,2014106694,6,67,67301,2014,10,4,1631,16,1,1,0,1,6, , ,N,0,0,0,3,0,1,1,2,N,N,39 59:05.056,75 14:58.840,1650, ,1646, ,0, ,N, ,0, , , , , ,482179, , , ,2,2,0,0,0,0,0,0,0,0,0,0,1,1,0,0,0,0,0,0,1,0,0,0,0,0,0,0,0,0,0,0,0,0,0,8,0,39.9847,-75.2497, , 
 ,41710,2014110393,6,67,67301,2014,10,4,657,6,5,2,1,8,1, , ,N,1,2,0,3,0,1,2,2,N,N,40 01:20.770,75 03:00.073,659, ,657, ,0, ,N, ,3, , , , , ,482208, , , ,1,0,0,0,0,0,1,0,0,0,0,1,1,0,1,0,0,0,0,0,1,0,0,0,0,0,0,0,0,0,0,0,1,0,0,4,0,40.0224,-75.05, , 
 ,41711,2014111460,6,67,67301,2014,10,2,9999,99,1,1,0,6,1, , ,N,1,3,0,3,0,1,3,2,N, ,40 01:43.939,75 03:20.235,1550, ,1550,2,1,2, , ,3,N, , , , ,482211, , , ,2,1,0,0,0,0,1,0,0,0,1,0,1,0,0,0,0,0,0,0,1,0,0,1,0,0,0,0,0,0,0,0,0,0,0,3,0,40.0289,-75.0556, , 
 ,41712,2014115564,6,67,67301,2014,11,4,133,1,3,1,0,4,1, , ,N,1,2,0,3,0,1,2,2,N,N,39 56:45.344,75 09:22.870,156, ,155, ,0, ,N, ,3, , , , , ,482214, , , ,1,1,0,0,0,0,0,0,1,0,0,0,1,1,0,0,0,0,0,0,0,0,0,0,0,0,0,0,0,0,0,0,0,0,0,8,0,39.9459,-75.1564, , 
 ,41713,2014125168,6,67,67301,2014,11,3,1725,17,3,1,0,5,6, , ,N,0,0,0,3,0,1,2,4,N, ,40 01:33.824,75 02:34.848,1725, ,1816, ,0, , , ,0, , , , , ,482228, , , ,4,1,0,0,0,0,2,1,0,0,0,1,1,0,1,0,0,0,0,0,0,0,0,0,0,0,0,0,0,0,0,0,0,0,0,4,0,40.0261,-75.043, , 
 ,41714,2015000385,6,67,67301,2014,12,1,37,0,3,1,0,7,3, , ,N,0,0,0,3,0,0,1,1,N,N,39 59:34.038,75 09:16.970,46, ,44,2,2,5,N, ,0,Y, , , , ,482238, , , ,1,0,0,0,1,0,0,0,0,0,0,0,0,0,1,0,0,0,0,0,1,0,0,0,0,0,0,0,0,0,0,0,0,0,0,9,0,39.9928,-75.1547, , 
 ,41715,2014088383,6,67,67301,2014,7,2,2123,21,3,2,1,5,1, , ,N,0,0,3,3,0,1,2,2,N, ,39 55:09.257,75 12:19.016,2128, ,2126, ,0, , , ,0, , , , , ,482240, , , ,2,1,0,0,1,0,0,0,0,0,0,0,1,1,0,0,0,0,0,0,1,0,0,0,0,0,0,0,0,0,0,0,0,0,0,8,0,39.9192,-75.2053, , 
 ,41716,2014127524,6,67,67301,2014,12,1,328,3,3,1,1,5,6, , ,N,0,0,0,3,0,0,1,3,N,N,40 02:30.663,75 08:51.100,336, ,333, ,0, ,N, ,0, , , , , ,482253, , , ,3,3,0,0,0,0,0,0,0,0,0,0,0,0,0,0,0,0,0,0,0,0,0,0,0,0,0,0,0,0,0,0,0,0,0,0,0,40.0419,-75.1475, , 
 ,41717,2014061086,6,67,67301,2014,5,6,2254,22,3,1,0,4,1, , ,N,1,2,0,3,0,2,3,2,N,N,39 55:26.584,75 13:39.696,2325, ,1316, ,0, ,N, ,3, , , , , ,482262, , , ,2,2,0,0,0,0,0,0,0,0,0,2,2,0,0,0,0,0,0,0,0,1,0,0,0,0,0,0,0,0,0,0,0,0,0,4,0,39.9241,-75.2277, , 
 ,41718,2014078797,6,67,67301,2014,6,7,2315,23,3,1,0,4,1, , ,N,1,2,3,3,0,1,2,2,N, ,39 57:29.829,75 09:50.647,2040, ,2030, ,0, , , ,3, , , , , ,482279, , , ,1,0,0,0,0,0,0,0,1,1,0,0,1,0,0,0,0,0,0,0,0,0,0,0,0,0,0,0,0,0,0,1,0,0,0,2,0,39.9583,-75.1641, , 
 ,41719,2014125074,6,67,67301,2014,11,2,1222,12,1,1,0,4,1, , ,N,1,2,0,3,0,1,5,2,N,N,40 02:25.798,75 03:31.964,1237, ,1233,1,1,3,N, ,3,N, , , , ,487312, , , ,2,0,0,0,0,0,2,0,0,0,0,1,1,0,0,0,0,0,0,0,1,0,0,0,0,0,0,0,0,0,0,0,0,0,0,4,0,40.0405,-75.0589, , 
 ,41720,2014127474,6,67,67301,2014,12,1,1605,16,3,1,0,4,1, , ,N,1,2,0,3,0,1,2,2,N,N,40 02:44.136,75 04:17.168,1647, ,1640, ,0, ,N, ,3, , , , , ,487314, , , ,2,1,0,0,0,0,0,1,0,0,0,0,1,1,0,0,0,0,0,0,0,0,0,0,0,0,0,0,0,0,0,0,0,0,0,8,0,40.0456,-75.0714, , 
 ,41721,2014088832,6,67,67301,2014,8,4,2,0,3,2,1,1,1, , ,N,2,2,0,3,0,1,3,3,N,N,39 55:05.910,75 12:31.905,26, ,26, ,0, ,N, ,3, , , , , ,487349, , , ,3,2,0,0,0,0,0,1,0,0,1,0,1,0,0,0,0,0,0,0,0,1,0,1,0,0,0,0,0,0,0,0,0,0,0,3,0,39.9183,-75.209, , 
 ,41722,2014088977,6,67,67301,2014,8,4,1435,14,1,1,0,4,1, , ,N,0,0,0,3,0,0,2,2,N,N,39 59:41.782,75 05:38.930,1435, ,1935, ,0, ,N, ,0, , , , , ,487350, , , ,2,2,0,0,0,0,0,0,0,0,0,0,0,0,0,0,0,0,0,0,0,0,1,0,0,0,0,0,0,0,0,0,0,0,0,0,0,39.9949,-75.0941, , 
 ,41723,2014067911,6,67,67301,2014,6,2,1704,17,1,1,0,4,1, , ,N,2,0,0,3,0,1,2,2,N, ,40 00:29.592,75 05:41.301,1815, ,1800, ,0, , , ,0, , , , , ,487359, , , ,2,2,0,0,0,0,0,0,0,0,0,1,1,0,0,0,0,0,0,0,0,0,0,0,0,0,0,0,0,0,0,0,0,0,0,4,0,40.0082,-75.0948, , 
 ,41724,2014091378,6,67,67301,2014,8,4,1722,17,1,1,0,5,1, , ,N,0,0,0,3,0,1,2,2,N, ,39 56:01.461,75 10:58.047,1732, ,1727, ,0, , , ,0, , , , , ,487373, , , ,1,1,0,0,0,0,0,0,1,0,0,0,1,1,0,0,0,0,0,0,0,0,0,0,0,0,0,0,0,0,0,0,0,0,0,8,0,39.9337,-75.1828, , 
 ,41725,2014091395,6,67,67301,2014,9,4,1055,10,1,1,0,7,5, , ,N,0,0,0,3,0,0,2,1,N, ,40 00:17.843,75 10:44.265,1110, ,1104, ,0, , , ,0, , , , , ,487374, , , ,1,1,0,0,0,0,0,0,0,0,0,0,0,0,2,0,0,0,0,0,0,0,0,0,0,0,0,0,0,0,0,0,0,0,0,9,0,40.005,-75.179, , 