wz_ln_closure,objectid_1,crn,district,county,municipality,crash_year,crash_month,day_of_week,time_of_day,hour_of_day,illumination,weather,road_condition,collision_type,relation_to_road,work_zone_type,work_zone_loc,work_zone_ind,intersect_type,tcd_type,location_type,urban_rural,fatal_count,injury_count,person_count,total_units,sch_bus_ind,sch_zone_ind,latitude,longitude,arrival_tm,cons_zone_spd_lim,dispatch_tm,est_hrs_closed,lane_closed,ln_close_dir,ntfy_hiwy_maint,spec_juris_cd,tcd_func_cd,tfc_detour_ind,workers_pres,wz_close_detour,wz_flagger,wz_law_offcr_ind,objectid,wz_moving,wz_other,wz_shlder_mdn,vehicle_count,automobile_count,motorcycle_count,bus_count,small_truck_count,heavy_truck_count,suv_count,van_count,bicycle_count,maj_inj_count,mod_inj_count,min_inj_count,tot_inj_count,unk_inj_deg_count,unk_inj_per_count,driver_count_16yr,driver_count_17yr,driver_count_18yr,driver_count_19yr,driver_count_20yr,driver_count_50_64yr,driver_count_65_74yr,driver_count_75plus,unbelted_occ_count,unb_death_count,unb_maj_inj_count,belted_death_count,belted_maj_inj_count,mcycle_death_count,mcycle_maj_inj_count,bicycle_death_count,bicycle_maj_inj_count,ped_count,ped_death_count,ped_maj_inj_count,max_severity_level,comm_veh_count,dec_lat,dec_long,rdwy_surf_type_cd,county_name
 ,41726,2014095908,6,67,67301,2014,9,3,1630,16,1,1,0,4,1, , ,N,1,2,0,3,0,1,3,2,N,N,39 57:01.634,75 11:33.356,1630, ,1630, ,0, , , ,3, , , , , ,487380, , , ,1,1,0,0,0,0,0,0,1,0,0,0,1,1,0,0,0,0,0,0,1,0,0,0,0,0,0,0,0,0,0,0,0,0,0,8,0,39.9505,-75.1926, , 
 ,41727,2014115602,6,67,67301,2014,10,5,815,8,1,1,0,8,1, , ,N,1,3,0,3,0,1,2,2,N,N,39 59:29.871,75 13:41.095,822, ,812,2,2,3,N, ,3,Y, , , , ,487395, , , ,1,1,0,0,0,0,0,0,0,0,1,0,1,0,0,0,0,0,0,0,0,1,0,0,0,0,0,0,0,0,0,0,1,0,0,3,0,39.9916,-75.2281, , 
 ,41728,2014116601,6,67,67301,2014,11,3,1812,18,3,1,0,1,1, , ,N,0,0,0,3,0,1,2,2,N,N,39 58:20.503,75 11:37.209,1821, ,1816, ,0, ,N, ,0, , , , , ,487403, , , ,2,2,0,0,0,0,0,0,0,0,0,0,1,1,0,0,0,0,0,0,0,0,0,0,0,0,0,0,0,0,0,0,0,0,0,8,0,39.9724,-75.1937, , 
 ,41729,2014125107,6,67,67301,2014,11,1,1032,10,1,1,0,1,6, , ,N,0,0,0,3,0,0,1,4,N,N,39 58:45.987,75 08:14.391,1055, ,1045,9,1,2,N, ,0,N, , , , ,487416, , , ,4,2,0,0,2,0,0,0,0,0,0,0,0,0,1,0,0,0,0,0,0,0,0,0,0,0,0,0,0,0,0,0,0,0,0,9,0,39.9794,-75.1373, , 
 ,41730,2014127544,6,67,67301,2014,12,5,840,8,1,1,0,1,1, , ,N,0,0,0,3,0,1,4,2,N, ,40 00:23.032,75 07:54.008,855, ,855, ,0, , , ,0, , , , , ,487418, , , ,2,2,0,0,0,0,0,0,0,0,0,0,1,1,0,0,0,0,0,0,0,0,0,0,0,0,0,0,0,0,0,0,0,0,0,8,0,40.0064,-75.1317, , 
 ,41731,2014122413,6,67,67301,2014,10,4,9999,99,1,1,0,4,1, , ,N,2,2,0,3,0,1,3,2,N,N,39 54:54.574,75 09:28.933,1540, ,1537,3,1,3,N, ,3,N, , , , ,487426, , , ,2,1,1,0,0,0,0,0,0,0,0,1,1,0,0,0,0,0,0,0,1,0,0,0,0,0,0,0,0,0,0,0,0,0,0,4,0,39.9151,-75.158, , 
 ,41732,2014130390,6,67,67301,2014,12,1,215,2,3,1,0,5,1, , ,N,0,0,0,3,0,1,3,2,N,N,40 01:32.826,75 09:33.876,244, ,235, ,0, ,N, ,0, , , , , ,487430, , , ,2,2,0,0,0,0,0,0,0,0,0,0,1,1,2,0,0,0,0,0,0,0,0,1,0,0,0,0,0,0,0,0,0,0,0,8,0,40.0258,-75.1594, , 
 ,41733,2014111491,6,67,67301,2014,9,1,1500,15,1,1,0,5,1, , ,N,0,0,0,3,0,1,3,2,N,N,39 55:56.838,75 09:51.280,2030, ,2030, ,0, ,N, ,0, , , , , ,487457, , , ,1,1,0,0,0,0,0,0,1,0,0,1,1,0,0,0,0,0,0,0,0,0,0,0,0,0,0,0,0,0,0,0,0,0,0,4,0,39.9325,-75.1642, , 
 ,41734,2014121485,6,67,67301,2014,11,5,1435,14,1,1,0,1,1, , ,N,2,2,0,3,0,2,2,2,N,N,39 53:40.546,75 14:48.116,1500, ,1455,2,2,1,N, ,3,N, , , , ,487468, , , ,2,1,0,0,0,0,0,1,0,0,0,2,2,0,0,0,0,0,0,1,0,0,0,0,0,0,0,0,0,0,0,0,0,0,0,4,0,39.8944,-75.2466, , 
 ,41735,2014127483,6,67,67301,2014,12,3,1113,11,1,2,1,4,1, , ,N,5,2,0,3,0,0,2,2,N,N,40 00:24.105,75 08:35.066,1125, ,1118, ,0, , , ,3, , , , , ,487474, , , ,2,2,0,0,0,0,0,0,0,0,0,0,0,0,0,0,0,0,0,0,1,0,0,0,0,0,0,0,0,0,0,0,0,0,0,0,0,40.0067,-75.1431, , 
 ,41736,2014130529,6,67,67301,2014,11,3,1850,18,3,1,0,4,1, , ,N,2,3,0,3,0,1,2,2,N,N,39 56:48.507,75 14:52.803,1852, ,1850, ,0, ,N, ,3, , , , , ,487477, , , ,2,1,1,0,0,0,0,0,0,0,1,0,1,0,0,0,0,0,0,0,0,0,0,0,0,0,0,0,0,0,0,0,0,0,0,3,0,39.9468,-75.248, , 
 ,41737,2014038900,6,67,67301,2014,2,6,836,8,1,1,0,8,1, , ,N,1,2,0,3,0,1,2,2,N,N,39 57:13.719,75 09:59.863,840, ,837, ,0, ,N, ,3, , , , , ,484942, , , ,1,0,0,0,0,0,0,1,0,0,0,1,1,0,0,0,0,0,0,0,1,0,0,0,0,0,0,0,0,0,0,0,1,0,0,4,0,39.9538,-75.1666, , 
 ,41738,2014113485,6,67,67301,2014,10,5,1810,18,3,1,0,4,1, , ,N,2,0,0,3,0,0,3,3,N,N,40 02:18.806,75 12:41.675,1928, ,1810, ,0, ,N, ,0, , , , , ,484979, , , ,3,1,0,0,0,0,1,1,0,0,0,0,0,0,0,0,0,0,0,0,0,0,0,3,0,0,0,0,0,0,0,0,0,0,0,0,0,40.0386,-75.2116, , 
 ,41739,2014065488,6,67,67301,2014,5,1,9999,99,1,1,0,4,1, , ,N,1,2,0,3,0,2,2,2,N,N,40 00:35.506,75 10:00.508,1108, ,1108,1,1,1,N, ,3,Y, , , , ,484988, , , ,2,1,0,0,0,0,1,0,0,0,0,0,2,2,0,0,0,0,0,0,0,1,0,0,0,0,0,0,0,0,0,0,0,0,0,8,0,40.0098,-75.1669, , 
 ,41740,2014112766,6,67,67301,2014,11,2,1749,17,2,1,0,1,1, , ,N,2,2,0,3,0,3,4,2,N,N,39 58:38.175,75 11:53.584,1805, ,1800,1,1,4,N, ,3,N, , , , ,485001, , , ,2,1,0,0,1,0,0,0,0,0,0,0,3,3,1,0,0,0,0,0,0,0,0,0,0,0,0,0,0,0,0,0,0,0,0,8,0,39.9773,-75.1982, , 
 ,41741,2014113183,6,67,67301,2014,8,2,1630,16,1,1,0,1,1, , ,N,0,0,0,3,0,2,2,2,N,N,40 03:10.182,74 59:14.233,0, ,0, ,0, ,N, ,0, , , , , ,485004, , , ,2,0,0,0,2,0,0,0,0,0,0,0,2,2,0,0,0,0,0,0,0,0,0,0,0,0,0,0,0,0,0,0,0,0,0,8,0,40.0528,-74.9873, , 
 ,41742,2014113367,6,67,67301,2014,10,4,1850,18,3,2,1,1,3, , ,N,0,0,0,3,0,1,3,2,N,N,40 05:05.362,75 00:08.958,1855, ,1853, ,0, ,N, ,0, , , , , ,485006, , , ,2,1,0,0,0,0,0,1,0,0,1,0,1,0,0,0,0,0,0,0,0,1,0,2,0,0,0,0,0,0,0,0,0,0,0,3,0,40.0848,-75.0025, , 
 ,41743,2015003331,6,67,67301,2014,12,4,1045,10,1,1,0,1,1, , ,N,2,2,0,3,0,1,2,2,N,N,40 05:03.219,74 59:24.172,1055, ,1050, ,0, , , ,3, , , , , ,485031, , , ,2,2,0,0,0,0,0,0,0,0,0,0,1,1,0,0,0,0,0,0,1,0,0,0,0,0,0,0,0,0,0,0,0,0,0,8,0,40.0841,-74.9902, , 
 ,41744,2014074488,6,67,67301,2014,6,2,9999,99,1,1,0,1,1, , ,N,0,0,0,3,0,0,3,3,N, ,40 00:39.982,75 05:52.451,1518, ,1518, ,0, , , ,0, , , , , ,485063, , , ,3,2,0,0,0,0,0,1,0,0,0,0,0,0,0,0,0,0,0,0,1,0,0,1,0,0,0,0,0,0,0,0,0,0,0,0,0,40.0111,-75.0979, , 
 ,41745,2014075303,6,67,67301,2014,7,7,806,8,1,1,0,1,1, , ,N,0,0,0,3,0,0,2,2,N,N,39 57:48.608,75 11:02.962,822, ,811, ,0, ,N, ,0, , , , , ,485064, , , ,2,0,0,0,0,2,0,0,0,0,0,0,0,0,0,0,0,0,0,0,1,0,0,0,0,0,0,0,0,0,0,0,0,0,0,0,2,39.9635,-75.1842, , 
 ,41746,2014088348,6,67,67301,2014,7,3,9999,99,1,9,0,9,1, , ,N,1,2,0,3,0,1,2,2,N, ,39 59:43.623,75 07:47.693,1035, ,1030, ,0, , , ,3, , , , , ,485071, , , ,1,1,0,0,0,0,0,0,1,0,0,0,1,1,0,0,0,0,0,0,0,0,0,0,0,0,0,0,0,0,0,0,0,0,0,8,0,39.9955,-75.1299, , 
 ,41747,2014104515,6,67,67301,2014,9,1,120,1,3,1,0,1,6, , ,N,0,0,0,3,0,0,2,3,N, ,39 58:34.122,75 13:40.548,146, ,120,3,1,5, , ,0,Y, , , , ,485085, , , ,3,2,0,0,0,0,1,0,0,0,0,0,0,0,2,0,0,0,0,0,0,0,0,1,0,0,0,0,0,0,0,0,0,0,0,9,0,39.9761,-75.2279, , 
 ,41748,2014068123,6,67,67301,2014,6,2,1515,15,1,1,0,4,1, , ,N,1,3,0,3,0,5,5,2,N,N,39 59:11.933,75 08:47.141,1533, ,1531, ,0, ,N, ,3, , , , , ,485088, , , ,2,1,0,0,0,0,1,0,0,0,0,5,5,0,0,0,0,0,0,0,1,0,0,0,0,0,0,0,0,0,0,0,0,0,0,4,0,39.9866,-75.1464, , 
 ,41749,2014084484,6,67,67301,2014,5,3,745,7,1,1,0,8,1, , ,N,1,2,0,3,0,1,3,2,N,N,40 00:58.803,75 03:42.545,820, ,815,1,1,2,N, ,3,N, , , , ,485097, , , ,1,1,0,0,0,0,0,0,0,0,1,0,1,0,0,0,0,0,0,0,0,0,0,0,0,0,0,0,0,0,0,0,1,0,0,3,0,40.0163,-75.0618, , 
 ,41750,2014088680,6,67,67301,2014,8,7,1021,10,1,1,0,8,1, , ,N,0,0,0,3,0,1,2,3,N, ,39 55:30.774,75 13:45.072,1033, ,1032, ,0, , , ,0, , , , , ,485098, , , ,2,0,0,0,1,0,0,0,0,0,0,1,1,0,0,0,0,0,0,0,0,0,0,0,0,0,0,0,0,0,0,0,1,0,0,4,0,39.9252,-75.2292, , 
 ,41751,2014088889,6,67,67301,2014,8,2,1035,10,1,1,0,4,1, , ,N,1,2,0,3,0,1,3,2,N,N,40 02:07.087,75 06:30.627,1045, ,1038,2,1,4,N, ,3,Y, , , , ,485099, , , ,2,2,0,0,0,0,0,0,0,0,0,1,1,0,0,0,0,0,0,0,0,0,1,0,0,0,0,0,0,0,0,0,0,0,0,4,0,40.0353,-75.1085, , 
 ,41752,2014089130,6,67,67301,2014,9,2,2240,22,3,1,0,7,3, , ,N,0,0,0,3,0,0,1,1,N,N,40 03:11.965,74 59:12.162,2311, ,2245, ,0, ,Y, ,0, , , , , ,485100, , , ,1,0,0,0,0,0,0,1,0,0,0,0,0,0,0,0,0,0,0,0,0,0,0,0,0,0,0,0,0,0,0,0,0,0,0,0,0,40.0533,-74.9867, , 
 ,41753,2014105917,6,67,67301,2014,10,6,1055,10,1,1,0,7,4, , ,N,0,0,0,3,0,3,5,1,N,N,39 57:26.888,75 09:34.212,1055, ,1055,1,1,3,Y, ,0,N, , , , ,485113, , , ,1,0,0,0,0,0,1,0,0,0,0,3,3,0,0,0,0,0,0,0,0,0,0,0,0,0,0,0,0,0,0,0,0,0,0,4,0,39.9575,-75.1595, , 
 ,41754,2014068192,6,67,67301,2014,5,3,1840,18,1,2,1,4,1, , ,N,0,0,7,3,0,2,6,5,N,N,39 58:39.332,75 13:35.625,1905, ,1850,3,2,2,N, ,0,Y, , , , ,485119, , , ,5,2,0,0,0,0,3,0,0,0,0,0,2,2,0,0,0,0,1,0,2,0,1,0,0,0,0,0,0,0,0,0,0,0,0,8,0,39.9776,-75.2266, , 
 ,41755,2014112297,6,67,67301,2014,10,7,740,7,1,1,0,7,4, , ,N,0,0,7,3,0,0,2,1,N,N,40 04:53.965,74 59:39.910,749, ,749, ,0, ,N, ,0, , , , , ,479545, , , ,1,1,0,0,0,0,0,0,0,0,0,0,0,0,0,0,0,0,0,0,0,0,0,0,0,0,0,0,0,0,0,0,0,0,0,0,0,40.0817,-74.9944, , 
 ,41756,2014113472,6,67,67301,2014,10,7,1900,19,3,1,0,1,6, , ,N,0,0,0,3,0,0,1,2,N, ,40 03:45.446,75 03:15.678,1902, ,1900, ,0, , , ,0, , , , , ,479547, , , ,2,0,0,0,0,0,1,1,0,0,0,0,0,0,0,0,0,0,0,0,1,0,0,0,0,0,0,0,0,0,0,0,0,0,0,0,0,40.0626,-75.0544, , 
 ,41757,2014124574,6,67,67301,2014,11,2,355,3,3,2,1,7,4, , ,N,6,0,2,3,0,0,1,1,N,N,39 56:58.829,75 08:31.653,414, ,358,4,2,2,N, ,0,N, , , , ,479554, , , ,1,0,0,0,0,1,0,0,0,0,0,0,0,0,0,0,0,0,0,0,1,0,0,0,0,0,0,0,0,0,0,0,0,0,0,0,1,39.9497,-75.1421, , 
Y,41758,2014124578,6,67,67301,2014,12,2,2054,20,2,1,0,1,1,1,4,Y,0,0,0,3,0,0,1,2,N,N,40 01:34.596,75 01:36.493,2122,45,2105, ,0, ,N, ,0, ,Y,N,N,N,479555,N,N,N,2,2,0,0,0,0,0,0,0,0,0,0,0,0,0,0,0,0,0,0,0,0,0,0,0,0,0,0,0,0,0,0,0,0,0,0,0,40.0263,-75.0268, , 
 ,41759,2015006135,6,67,67301,2014,12,1,1909,19,3,1,0,4,1, , ,N,1,2,0,3,0,1,2,2,N,N,39 55:22.123,75 14:08.509,1929, ,1909, ,0, , , ,3, , , , , ,479567, , , ,2,2,0,0,0,0,0,0,0,0,0,0,1,1,0,0,0,0,0,0,0,0,0,0,0,0,0,0,0,0,0,0,0,0,0,8,0,39.9228,-75.2357, , 
 ,41760,2014110227,6,67,67301,2014,11,3,1723,17,3,1,0,1,1, , ,N,0,0,8,3,0,1,4,2,N,N,39 57:19.699,75 08:53.114,1732, ,1725, ,0, ,N, ,0, , , , , ,479574, , , ,2,2,0,0,0,0,0,0,0,0,1,0,1,0,0,0,0,0,0,0,0,0,0,1,0,0,0,0,0,0,0,0,0,0,0,3,0,39.9555,-75.1481, , 
 ,41761,2014128363,6,67,67301,2014,12,7,720,7,1,2,1,6,1, , ,N,0,0,0,3,0,2,2,2,N,N,40 01:00.311,75 12:09.314,730, ,725,1,2,5,N, ,0,Y, , , , ,479589, , , ,2,2,0,0,0,0,0,0,0,0,0,2,2,0,0,0,0,0,0,0,1,1,0,0,0,0,0,0,0,0,0,0,0,0,0,4,0,40.0168,-75.2026, , 
 ,41762,2014087778,6,67,67301,2014,7,2,1337,13,1,1,0,1,6, , ,N,0,0,0,3,0,1,1,2,N,N,39 58:30.560,75 16:07.620,1638, ,1632,3,2,2,N, ,0,Y, , , , ,479598, , , ,2,1,0,0,1,0,0,0,0,0,0,1,1,0,0,0,0,1,0,0,0,0,0,0,0,0,0,0,0,0,0,0,0,0,0,4,0,39.9752,-75.2688, , 
 ,41763,2014103210,6,67,67301,2014,10,6,1856,18,3,1,0,1,1, , ,N,0,0,0,3,0,2,3,3,N,N,39 59:55.138,75 04:51.009,1904, ,1902, ,0, ,N, ,0, , , , , ,479612, , , ,3,3,0,0,0,0,0,0,0,0,0,2,2,0,0,0,0,0,0,1,0,0,0,0,0,0,0,0,0,0,0,0,0,0,0,4,0,39.9986,-75.0808, , 
 ,41764,2014111503,6,67,67301,2014,10,6,1423,14,1,1,0,1,6, , ,N,0,0,0,3,0,1,1,2,N,N,39 59:23.816,75 09:54.507,1640, ,1642, ,0, ,N, ,0, , , , , ,479618, , , ,2,2,0,0,0,0,0,0,0,0,1,0,1,0,0,0,0,0,0,0,0,0,0,1,0,0,0,0,0,0,0,0,0,0,0,3,0,39.9899,-75.1651, , 
 ,41765,2014112739,6,67,67301,2014,1,2,200,2,3,1,5,4,1, , ,N,1,2,0,3,0,0,2,2,N,N,39 55:05.239,75 10:51.193,0, ,0, ,0, ,N, ,3, , , , , ,479621, , , ,2,1,0,0,1,0,0,0,0,0,0,0,0,0,0,0,0,0,0,0,0,0,0,0,0,0,0,0,0,0,0,0,0,0,0,0,0,39.9181,-75.1809, , 
 ,41766,2014112880,6,67,67301,2014,11,3,1912,19,3,1,0,1,1, , ,N,6,0,2,3,0,3,4,2,N,N,39 58:48.237,75 06:21.394,1930, ,1914, ,0, ,N, ,0, , , , , ,479622, , , ,2,2,0,0,0,0,0,0,0,0,0,3,3,0,0,0,0,0,0,0,0,0,0,0,0,0,0,0,0,0,0,0,0,0,0,4,0,39.9819,-75.1016, , 
 ,41767,2014111466,6,67,67301,2014,10,3,2008,20,2,1,0,5,6, , ,N,0,2,0,3,0,1,1,4,N,N,40 02:30.854,75 11:10.334,2025, ,2020, ,0, ,N, ,3, , , , , ,479656, , , ,4,3,0,0,0,0,1,0,0,0,0,1,1,0,0,0,0,0,0,0,1,0,0,1,0,0,0,0,0,0,0,0,0,0,0,4,0,40.0419,-75.1862, , 
 ,41768,2014117799,6,67,67301,2014,11,5,714,7,1,1,0,1,1, , ,N,0,0,0,3,0,0,2,2,N,N,39 57:03.684,75 10:58.805,724, ,716,2,1,3,N, ,0,N, , , , ,479662, , , ,2,1,0,0,0,0,1,0,0,0,0,0,0,0,0,0,0,0,0,0,0,0,0,0,0,0,0,0,0,0,0,0,0,0,0,0,0,39.951,-75.183, , 
 ,41769,2014109882,6,67,67301,2014,10,3,2110,21,3,1,0,7,4, , ,N,0,0,0,3,0,1,1,1,N,N,39 56:59.447,75 09:20.825,2113, ,2112,9,2,1, , ,0,Y, , , , ,479685, , , ,1,0,0,0,0,0,1,0,0,0,1,0,1,0,0,0,0,0,0,0,1,0,0,0,0,0,0,0,0,0,0,0,0,0,0,3,0,39.9498,-75.1558, , 
 ,41770,2014113452,6,67,67301,2014,10,2,1115,11,1,1,0,8,1, , ,N,1,2,0,3,0,1,2,2,N,N,39 59:20.627,75 05:22.626,1127, ,1126, ,0, , , ,3, , , , , ,479687, , , ,1,0,0,0,1,0,0,0,0,0,1,0,1,0,0,0,0,0,0,0,1,0,0,0,0,0,0,0,0,0,0,0,1,0,0,3,0,39.9891,-75.0896, , 
 ,41771,2014091306,6,67,67301,2014,9,3,640,6,1,1,0,1,1, , ,N,0,0,0,3,0,1,2,2,N,N,40 01:36.955,75 06:57.067,750, ,735, ,0, ,N, ,0, , , , , ,479692, , , ,2,1,1,0,0,0,0,0,0,0,0,1,1,0,0,0,0,0,0,0,0,0,0,0,0,0,0,0,0,0,0,0,0,0,0,4,0,40.0269,-75.1159, , 
 ,41772,2014099272,6,67,67301,2014,9,6,2019,20,3,1,0,1,1, , ,N,0,0,0,3,0,1,2,2,N, ,40 00:26.834,75 06:04.741,2023, ,2019, ,0, , , ,0, , , , , ,479699, , , ,2,1,0,0,0,0,1,0,0,0,0,0,1,1,0,0,0,0,0,0,1,0,0,0,0,0,0,0,0,0,0,0,0,0,0,8,0,40.0075,-75.1013, , 
 ,41773,2014113469,6,67,67301,2014,10,6,1428,14,1,1,0,8,1, , ,N,1,0,0,3,0,2,4,3,N,N,39 55:05.721,75 09:06.382,1456, ,1450, ,0, ,N, ,0, , , , , ,479724, , , ,1,0,0,0,0,0,1,0,0,0,0,0,2,2,2,0,0,0,0,0,0,0,0,0,0,0,0,0,0,0,0,0,2,0,0,8,0,39.9183,-75.1518, , 
 ,41774,2014083546,6,67,67301,2014,8,6,218,2,3,2,7,7,3, , ,N,0,0,0,3,0,1,1,1,N,N,39 59:32.886,75 05:07.326,230, ,221, ,0, ,Y, ,0, , , , , ,482283, , , ,1,0,0,0,0,0,1,0,0,0,1,0,1,0,0,0,0,0,0,0,0,0,0,1,0,0,0,0,0,0,0,0,0,0,0,3,0,39.9925,-75.0854, , 
 ,41775,2014088028,6,67,67301,2014,8,7,1205,12,1,1,0,1,1, , ,N,1,3,0,3,0,1,3,2,N, ,39 55:30.392,75 09:21.977,1240, ,1234, ,0, , , ,3, , , , , ,482285, , , ,2,2,0,0,0,0,0,0,0,0,0,1,1,0,0,0,0,0,0,0,1,0,0,0,0,0,0,0,0,0,0,0,0,0,0,4,0,39.9251,-75.1561, , 
 ,41776,2014088373,6,67,67301,2014,8,2,1020,10,1,1,0,1,1, , ,N,1,2,0,3,0,1,4,2,N,N,39 54:56.121,75 09:40.915,1044, ,1034, ,0, ,N, ,3, , , , , ,482286, , , ,2,1,0,0,0,0,1,0,0,0,0,1,1,0,1,0,0,0,0,0,0,0,0,0,0,0,0,0,0,0,0,0,0,0,0,4,0,39.9155,-75.1615, , 
 ,41777,2014096843,6,67,67301,2014,9,5,1530,15,1,1,0,4,1, , ,N,1,3,7,3,0,1,2,2,N,N,39 55:00.318,75 08:23.935,1645, ,1639, ,0, ,N, ,3, , , , , ,482292, , , ,2,1,0,0,0,0,1,0,0,0,0,0,1,1,0,0,0,0,0,0,1,1,0,0,0,0,0,0,0,0,0,0,0,0,0,8,0,39.9168,-75.14, , 
 ,41778,2014125150,6,67,67301,2014,11,7,9999,99,1,1,0,7,2, , ,N,0,0,0,3,0,0,1,1,N,N,39 55:43.836,75 11:49.007,1430, ,1412, ,0, ,N, ,0, , , , , ,482303, , , ,1,1,0,0,0,0,0,0,0,0,0,0,0,0,0,0,0,0,0,0,0,0,0,0,0,0,0,0,0,0,0,0,0,0,0,0,0,39.9288,-75.1969, , 
 ,41779,2015028173,6,67,67301,2014,6,5,1607,16,1,1,0,1,1, , ,N,1,2,0,3,0,1,2,2,N,N,39 59:38.150,75 09:16.063,0, ,0, ,0, ,N, ,3, , , , , ,482315, , , ,2,2,0,0,0,0,0,0,0,0,0,0,1,1,0,0,0,0,0,0,1,0,0,0,0,0,0,0,0,0,0,0,0,0,0,8,0,39.9939,-75.1545, , 
 ,41780,2015003852,6,67,67301,2014,12,2,2115,21,3,2,1,7,4, , ,N,0,0,0,3,0,0,3,2,N,N,40 01:12.646,75 08:55.898,2115, ,2115, ,0, ,N, ,0, , , , , ,482324, , , ,2,0,0,0,0,1,0,1,0,0,0,0,0,0,0,0,0,0,0,0,0,0,0,0,0,0,0,0,0,0,0,0,0,0,0,0,1,40.0201,-75.1488, , 
 ,41781,2015001500,6,67,67301,2014,12,4,1645,16,4,8,0,7,4, , ,N,0,0,0,3,0,0,1,1,N,N,39 59:58.963,75 12:02.282,1845, ,1651, ,0, ,N, ,0, , , , , ,482337, , , ,1,1,0,0,0,0,0,0,0,0,0,0,0,0,1,0,0,0,0,0,0,1,0,0,0,0,0,0,0,0,0,0,0,0,0,9,0,39.9997,-75.2006, , 
 ,41782,2014127484,6,67,67301,2014,11,1,1114,11,1,1,0,4,1, , ,N,1,3,0,3,0,1,2,2,N, ,40 03:01.058,75 04:10.189,1139, ,1122, ,0, , , ,3, , , , , ,482355, , , ,2,2,0,0,0,0,0,0,0,0,0,1,1,0,0,0,0,0,0,0,1,1,0,0,0,0,0,0,0,0,0,0,0,0,0,4,0,40.0503,-75.0695, , 
 ,41783,2014128370,6,67,67301,2014,12,6,1835,18,3,2,1,1,1, , ,N,1,2,0,3,0,1,4,3,N, ,40 03:49.709,75 10:22.442,1840, ,1838,1,1,5, , ,3,Y, , , , ,482358, , , ,3,2,0,0,0,0,1,0,0,0,0,1,1,0,0,0,0,0,0,0,0,0,1,0,0,0,0,0,0,0,0,0,0,0,0,4,0,40.0638,-75.1729, , 
 ,41784,2014117545,6,67,67301,2014,3,2,1530,15,1,1,0,1,1, , ,N,1,2,0,3,0,1,2,2,N,N,40 01:43.697,75 05:23.235,0, ,0, ,0, ,N, ,3, , , , , ,482372, , , ,2,1,0,0,0,0,0,1,0,0,0,0,1,1,0,0,0,0,0,0,1,0,0,0,0,0,0,0,0,0,0,0,0,0,0,8,0,40.0288,-75.0898, , 
 ,41785,2014095943,6,67,67301,2014,9,7,650,6,1,1,0,8,1, , ,N,2,2,0,3,0,1,2,2,N,N,39 57:40.266,75 14:49.451,745, ,735, ,0, ,N, ,3, , , , , ,482392, , , ,1,1,0,0,0,0,0,0,0,0,1,0,1,0,1,0,0,0,0,0,0,0,0,0,0,0,0,0,0,0,0,0,1,0,0,3,0,39.9612,-75.2471, , 
 ,41786,2014083074,6,67,67301,2014,6,3,1230,12,1,1,0,8,1, , ,N,0,0,0,3,0,1,2,2,N, ,40 07:17.627,75 00:58.884,1240, ,1232,2,2,5, , ,0,Y, , , , ,482394, , , ,1,1,0,0,0,0,0,0,0,0,1,0,1,0,0,0,0,0,0,0,0,0,1,0,0,0,0,0,0,0,0,0,1,0,0,3,0,40.1216,-75.0164, , 
 ,41787,2014087810,6,67,67301,2014,7,5,900,9,1,1,0,8,1, , ,N,1,2,0,3,0,1,2,2,N, ,39 59:33.432,75 10:05.681,950, ,944, ,0, , , ,3, , , , , ,482398, , , ,1,0,0,0,0,0,1,0,0,0,1,0,1,0,0,0,0,0,0,0,0,0,0,0,0,0,0,0,0,0,0,0,1,0,0,3,0,39.9926,-75.1682, , 
 ,41788,2014088136,6,67,67301,2014,8,4,1700,17,1,1,0,8,1, , ,N,1,3,0,3,0,1,2,2,N,N,40 00:56.206,75 04:22.393,2100, ,1700, ,0, , , ,3, , , , , ,482399, , , ,1,1,0,0,0,0,0,0,0,0,0,0,1,1,0,0,0,0,0,0,0,0,0,0,0,0,0,0,0,0,0,0,1,0,0,8,0,40.0156,-75.0729, , 
 ,41789,2014092211,6,67,67301,2014,9,3,1554,15,1,1,0,1,1, , ,N,0,0,0,3,0,1,4,3,N,N,39 59:22.446,75 05:14.192,1556, ,1555, ,0, ,N, ,0, , , , , ,482404, , , ,3,2,0,0,0,0,1,0,0,0,0,0,1,1,0,0,0,0,0,0,0,0,0,0,0,0,0,0,0,0,0,0,0,0,0,8,0,39.9896,-75.0873, , 
 ,41790,2014096410,6,67,67301,2014,9,5,1535,15,1,1,0,4,1, , ,N,0,0,0,3,0,1,2,2,N,N,39 57:47.370,75 11:14.641,1605, ,1600, ,0, ,N, ,0, , , , , ,482406, , , ,1,0,0,0,0,0,1,0,1,0,0,0,1,1,0,0,0,0,0,0,0,0,0,0,0,0,0,0,0,0,0,0,0,0,0,8,0,39.9632,-75.1874, , 
 ,41791,2014067952,6,67,67301,2014,5,3,9999,99,1,1,0,4,1, , ,N,1,2,0,3,0,1,2,2,N,N,40 01:26.933,75 07:49.341,900, ,844, ,0, , , ,3, , , , , ,482420, , , ,2,1,0,0,0,1,0,0,0,0,0,1,1,0,0,0,0,0,0,0,2,0,0,0,0,0,0,0,0,0,0,0,0,0,0,4,1,40.0241,-75.1305, , 