wz_ln_closure,objectid_1,crn,district,county,municipality,crash_year,crash_month,day_of_week,time_of_day,hour_of_day,illumination,weather,road_condition,collision_type,relation_to_road,work_zone_type,work_zone_loc,work_zone_ind,intersect_type,tcd_type,location_type,urban_rural,fatal_count,injury_count,person_count,total_units,sch_bus_ind,sch_zone_ind,latitude,longitude,arrival_tm,cons_zone_spd_lim,dispatch_tm,est_hrs_closed,lane_closed,ln_close_dir,ntfy_hiwy_maint,spec_juris_cd,tcd_func_cd,tfc_detour_ind,workers_pres,wz_close_detour,wz_flagger,wz_law_offcr_ind,objectid,wz_moving,wz_other,wz_shlder_mdn,vehicle_count,automobile_count,motorcycle_count,bus_count,small_truck_count,heavy_truck_count,suv_count,van_count,bicycle_count,maj_inj_count,mod_inj_count,min_inj_count,tot_inj_count,unk_inj_deg_count,unk_inj_per_count,driver_count_16yr,driver_count_17yr,driver_count_18yr,driver_count_19yr,driver_count_20yr,driver_count_50_64yr,driver_count_65_74yr,driver_count_75plus,unbelted_occ_count,unb_death_count,unb_maj_inj_count,belted_death_count,belted_maj_inj_count,mcycle_death_count,mcycle_maj_inj_count,bicycle_death_count,bicycle_maj_inj_count,ped_count,ped_death_count,ped_maj_inj_count,max_severity_level,comm_veh_count,dec_lat,dec_long,rdwy_surf_type_cd,county_name
 ,41792,2015003293,6,67,67301,2014,12,2,1618,16,1,1,0,4,1, , ,N,1,2,0,3,0,1,2,4,N,N,39 57:27.914,75 13:09.434,1630, ,1621, ,0, , , ,3, , , , , ,487478, , , ,4,2,0,0,0,0,2,0,0,0,0,1,1,0,0,0,0,0,0,0,0,0,0,0,0,0,0,0,0,0,0,0,0,0,0,4,0,39.9578,-75.2193, , 
 ,41793,2014088306,6,67,67301,2014,7,6,2015,20,3,1,0,8,1, , ,N,1,2,0,3,0,1,2,2,N,N,40 02:11.152,75 07:49.835,2337, ,2015, ,0, ,N, ,3, , , , , ,487491, , , ,1,1,0,0,0,0,0,0,0,0,0,1,1,0,1,0,0,0,0,0,0,0,0,0,0,0,0,0,0,0,0,0,1,0,0,4,0,40.0364,-75.1305, , 
 ,41794,2014130455,6,67,67301,2014,12,6,840,8,1,1,0,4,1, , ,N,5,2,0,3,0,1,2,2,N,Y,39 59:55.130,75 10:41.603,840, ,840,9,1,3, , ,3,N, , , , ,487566, , , ,2,1,0,1,0,0,0,0,0,0,0,1,1,0,0,0,0,0,0,0,0,0,0,0,0,0,0,0,0,0,0,0,0,0,0,4,1,39.9987,-75.1782, , 
 ,41795,2015027100,6,67,67301,2014,9,5,1100,11,1,1,0,1,1, , ,N,2,2,0,3,0,3,4,2,N,N,39 54:26.956,75 09:04.460,0, ,0, ,0, ,N, ,3, , , , , ,487574, , , ,2,0,0,0,0,0,1,0,0,0,0,0,3,3,0,0,0,0,0,0,1,0,0,0,0,0,0,0,0,0,0,0,0,0,0,8,0,39.9075,-75.1512, , 
 ,41796,2014130419,6,67,67301,2014,12,2,410,4,3,1,0,5,6, , ,N,0,0,0,3,0,0,1,5,N,N,40 04:09.516,75 02:52.080,425, ,417, ,0, ,N, ,0, , , , , ,487583, , , ,5,2,0,0,1,0,1,1,0,0,0,0,0,0,0,0,0,0,0,0,0,0,0,0,0,0,0,0,0,0,0,0,0,0,0,0,0,40.0693,-75.0478, , 
N,41797,2014132268,6,67,67301,2014,12,7,2134,21,2,1,0,1,1,1,4,Y,0,0,0,3,0,1,4,2,N,N,39 58:01.643,75 08:01.721,2206,45,2144,2,2,2,N, ,0,N,N,N,N,N,487586,N,Y,N,2,1,0,0,0,0,1,0,0,0,0,0,1,1,0,0,0,0,0,0,0,0,0,0,0,0,0,0,0,0,0,0,0,0,0,8,0,39.9671,-75.1338, , 
 ,41798,2014083856,6,67,67301,2014,8,2,705,7,1,1,0,7,2, , ,N,0,0,0,3,0,1,1,1,N,N,39 53:16.781,75 14:31.420,711, ,708,2,2,2,N, ,0,N, , , , ,487596, , , ,1,1,0,0,0,0,0,0,0,0,0,0,1,1,0,0,0,0,0,0,0,0,0,0,0,0,0,0,0,0,0,0,0,0,0,8,0,39.888,-75.2421, , 
 ,41799,2014088316,6,67,67301,2014,8,4,1500,15,1,1,0,1,1, , ,N,0,0,0,3,0,2,4,2,N,N,39 58:13.290,75 08:51.396,1544, ,1540, ,0, ,N, ,0, , , , , ,487602, , , ,2,1,0,0,1,0,0,0,0,0,0,0,2,2,0,0,0,0,0,0,0,0,0,0,0,0,0,0,0,0,0,0,0,0,0,8,0,39.9704,-75.1476, , 
 ,41800,2014088986,6,67,67301,2014,8,7,1843,18,1,2,1,4,1, , ,N,3,3,0,3,0,3,4,2,N,N,40 03:31.504,75 08:18.987,1857, ,1850, ,0, ,N, ,3, , , , , ,487603, , , ,2,2,0,0,0,0,0,0,0,0,0,1,3,2,0,0,0,0,0,0,1,0,0,0,0,0,0,0,0,0,0,0,0,0,0,4,0,40.0588,-75.1386, , 
 ,41801,2014091430,6,67,67301,2014,9,7,2132,21,3,2,1,1,1, , ,N,1,2,0,3,0,2,7,3,N,N,39 54:59.773,75 10:09.214,2134, ,2132,1,1,1,N, ,3,N, , , , ,487605, , , ,3,2,0,0,1,0,0,0,0,0,0,0,2,2,0,0,0,0,0,1,1,0,0,0,0,0,0,0,0,0,0,0,0,0,0,8,0,39.9165,-75.1693, , 
 ,41802,2014093536,6,67,67301,2014,9,2,1437,14,1,1,0,4,1, , ,N,1,2,0,3,0,4,4,2,N,N,40 00:02.702,75 08:36.116,1441, ,1437,3,2,7, , ,3,Y, , , , ,487606, , , ,2,1,0,0,0,0,1,0,0,0,4,0,4,0,0,0,0,0,0,0,1,0,0,0,0,0,0,0,0,0,0,0,0,0,0,3,0,40.0008,-75.1434, , 
 ,41803,2014098656,6,67,67301,2014,9,7,2115,21,3,1,0,4,1, , ,N,0,0,0,3,0,2,3,2,N, ,39 59:33.025,75 08:37.898,9999, ,2130, ,0, , , ,0, , , , , ,487609, , , ,2,1,1,0,0,0,0,0,0,2,0,0,2,0,0,0,0,0,0,0,1,0,0,0,0,0,0,0,0,2,0,0,0,0,0,2,0,39.9925,-75.1439, , 
 ,41804,2014049745,6,67,67301,2014,3,1,9999,99,1,2,1,8,1, , ,N,0,0,0,3,0,1,2,2,N,N,39 58:17.994,75 13:51.229,1548, ,1535,9,1,2,N, ,0,N, , , , ,487615, , , ,1,0,0,0,0,0,1,0,0,0,0,0,1,1,0,0,0,0,0,0,0,0,0,0,0,0,0,0,0,0,0,0,1,0,0,8,0,39.9717,-75.2309, , 
 ,41805,2014050288,6,67,67301,2014,4,3,1731,17,1,1,0,4,1, , ,N,1,3,0,3,0,4,4,2,N,N,40 03:11.660,75 09:27.723,1814, ,1803, ,0, ,N, ,3, , , , , ,487616, , , ,2,2,0,0,0,0,0,0,0,0,0,4,4,0,0,0,0,0,0,1,0,0,0,0,0,0,0,0,0,0,0,0,0,0,0,4,0,40.0532,-75.1577, , 
 ,41806,2014050295,6,67,67301,2014,4,3,856,8,1,1,0,4,1, , ,N,1,2,0,3,0,1,2,2,N,N,39 56:23.459,75 12:41.033,859, ,857, ,0, ,N, ,3, , , , , ,487617, , , ,2,1,0,0,0,0,1,0,0,0,0,1,1,0,0,0,0,0,0,0,0,0,0,0,0,0,0,0,0,0,0,0,0,0,0,4,0,39.9398,-75.2114, , 
 ,41807,2014055890,6,67,67301,2014,6,1,1445,14,1,1,0,1,1, , ,N,0,0,0,3,0,2,3,2,N,N,39 57:27.657,75 09:37.538,1454, ,1446,2,1,4,N, ,0,N, , , , ,487623, , , ,2,2,0,0,0,0,0,0,0,0,0,2,2,0,0,0,0,0,0,0,0,0,0,0,0,0,0,0,0,0,0,0,0,0,0,4,0,39.9577,-75.1604, , 
 ,41808,2014067541,6,67,67301,2014,5,7,230,2,3,1,0,8,1, , ,N,0,2,0,3,0,1,2,2,N,N,39 57:25.813,75 12:06.580,1345, ,1345, ,0, ,N, ,3, , , , , ,487629, , , ,1,1,0,0,0,0,0,0,0,0,0,0,1,1,0,0,0,0,0,0,0,0,0,0,0,0,0,0,0,0,0,0,1,0,0,8,0,39.9572,-75.2018, , 
 ,41809,2015005031,6,67,67301,2014,12,7,625,6,3,1,0,1,1, , ,N,2,0,0,3,0,0,9,2,N,N,39 59:38.856,75 14:29.980,629, ,625,1,1,2,N, ,0,N, , , , ,487656, , , ,2,2,0,0,0,0,0,0,0,0,0,0,0,0,0,0,0,0,0,0,1,0,0,7,0,0,0,0,0,0,0,0,0,0,0,0,1,39.994,-75.2416, , 
 ,41810,2014068659,6,67,67301,2014,6,5,1601,16,1,2,1,4,1, , ,N,1,3,0,3,0,3,6,2,N,N,39 57:46.897,75 11:45.052,1710, ,1710, ,0, ,N, ,3, , , , , ,485120, , , ,2,2,0,0,0,0,0,0,0,0,0,3,3,0,1,0,0,0,0,0,0,0,0,0,0,0,0,0,0,0,0,0,0,0,0,4,0,39.963,-75.1958, , 
 ,41811,2014088818,6,67,67301,2014,8,2,1742,17,1,1,0,4,1, , ,N,0,0,0,3,0,1,4,3,N,N,39 57:18.254,75 13:33.225,1746, ,1745, ,0, ,N, ,0, , , , , ,485129, , , ,3,1,0,0,1,0,1,0,0,0,0,1,1,0,0,0,0,0,0,0,0,0,0,0,0,0,0,0,0,0,0,0,0,0,0,4,0,39.9551,-75.2259, , 
 ,41812,2014088998,6,67,67301,2014,7,7,2350,23,3,1,0,4,1, , ,N,1,2,0,3,0,0,4,2,N,N,40 01:45.919,75 07:28.901,15, ,11, ,0, ,N, ,3, , , , , ,485130, , , ,2,2,0,0,0,0,0,0,0,0,0,0,0,0,0,0,1,0,0,0,0,0,0,0,0,0,0,0,0,0,0,0,0,0,0,0,0,40.0294,-75.1247, , 
 ,41813,2014083075,6,67,67301,2014,6,5,1129,11,1,1,0,7,4, , ,N,1,2,0,3,0,2,2,1,N, ,40 03:31.188,75 02:39.382,1146, ,1132,1,2,1, , ,3,Y, , , , ,485136, , , ,1,0,0,0,0,0,0,1,0,1,0,1,2,0,0,0,0,0,0,0,0,0,0,1,0,1,0,0,0,0,0,0,0,0,0,2,0,40.0587,-75.0443, , 
 ,41814,2014084145,6,67,67301,2014,7,5,1045,10,1,1,0,5,1, , ,N,0,0,0,3,0,0,2,2,N,N,39 57:01.382,75 10:08.770,1100, ,1045, ,0, , , ,0, , , , , ,485137, , , ,2,1,0,0,0,1,0,0,0,0,0,0,0,0,0,0,0,0,0,0,0,0,0,0,0,0,0,0,0,0,0,0,0,0,0,0,1,39.9504,-75.1691, , 
 ,41815,2014087307,6,67,67301,2014,7,4,1335,13,1,1,0,8,1, , ,N,0,0,0,3,0,1,2,2,N,N,39 58:56.306,75 09:43.350,1342, ,1340, ,0, ,N, ,0, , , , , ,485141, , , ,1,0,0,0,0,0,1,0,0,0,0,1,1,0,0,0,0,0,0,0,0,0,0,0,0,0,0,0,0,0,0,0,1,0,0,4,0,39.9823,-75.162, , 
 ,41816,2014089040,6,67,67301,2014,6,7,1300,13,1,1,0,4,1, , ,N,1,2,0,3,0,1,2,2,N, ,39 59:00.666,75 07:08.642,1325, ,1320,1,1,1,N, ,3,N, , , , ,485142, , , ,2,0,1,0,0,0,1,0,0,0,0,1,1,0,0,0,0,0,0,0,0,0,0,0,0,0,0,0,0,0,0,0,0,0,0,4,0,39.9834,-75.1191, , 
 ,41817,2014093510,6,67,67301,2014,9,4,820,8,1,1,0,6,1, , ,N,1,0,0,3,0,2,3,2,N, ,40 00:25.948,75 08:31.009,830, ,824, ,0, , , ,0, , , , , ,485149, , , ,2,2,0,0,0,0,0,0,0,0,1,1,2,0,0,0,0,0,0,0,0,0,0,1,0,0,0,0,0,0,0,0,0,0,0,3,0,40.0072,-75.1419, , 
 ,41818,2014095969,6,67,67301,2014,9,1,1913,19,4,1,0,4,1, , ,N,1,2,0,3,0,2,2,2,N,N,40 00:38.544,75 09:02.934,1913, ,1913,1,1,1,N, ,3,N, , , , ,485152, , , ,2,2,0,0,0,0,0,0,0,0,0,2,2,0,0,0,0,0,1,0,1,0,0,0,0,0,0,0,0,0,0,0,0,0,0,4,0,40.0107,-75.1508, , 
 ,41819,2014104445,6,67,67301,2014,10,1,1355,13,1,1,0,4,1, , ,N,1,3,0,3,0,0,2,2,N, ,39 56:39.592,75 13:51.478,1400, ,1355, ,0, , , ,3, , , , , ,485158, , , ,2,1,0,0,0,0,1,0,0,0,0,0,0,0,2,0,0,0,0,0,0,1,0,0,0,0,0,0,0,0,0,0,0,0,0,9,0,39.9444,-75.2309, , 
 ,41820,2014110428,6,67,67301,2014,10,5,840,8,1,2,1,7,3, , ,N,1,2,0,3,0,1,1,1,N,N,40 04:51.077,75 01:43.585,855, ,847,1,1,2,N, ,3,N, , , , ,485165, , , ,1,1,0,0,0,0,0,0,0,0,0,1,1,0,0,0,0,0,0,0,0,0,0,0,0,0,0,0,0,0,0,0,0,0,0,4,0,40.0809,-75.0288, , 
 ,41821,2014113429,6,67,67301,2014,11,3,2345,23,3,1,0,0,1, , ,N,0,0,0,3,0,0,1,2,N,N,40 00:25.717,75 05:53.774,16, ,19,2,2,6,N, ,0,Y, , , , ,485168, , , ,2,2,0,0,0,0,0,0,0,0,0,0,0,0,1,0,0,0,0,0,1,0,0,0,0,0,0,0,0,0,0,0,0,0,0,9,0,40.0071,-75.0983, , 
 ,41822,2014060850,6,67,67301,2014,6,1,1238,12,1,1,0,3,1, , ,N,0,0,0,3,0,3,7,3,N,N,39 58:28.632,75 11:39.008,1240, ,1239, ,0, ,N, ,0, , , , , ,485179, , , ,3,1,0,0,1,0,1,0,0,0,0,0,3,3,0,0,0,0,0,0,0,0,0,0,0,0,0,0,0,0,0,0,0,0,0,8,0,39.9746,-75.1942, , 
 ,41823,2014060631,6,67,67301,2014,6,6,942,9,1,1,1,4,1, , ,N,1,2,2,3,0,1,4,2,N,N,39 56:50.808,75 11:15.478,949, ,942,2,1,3,N, ,3,N, , , , ,485187, , , ,2,0,0,0,0,0,1,1,0,0,0,0,1,1,0,0,0,0,0,0,1,0,0,0,0,0,0,0,0,0,0,0,0,0,0,8,0,39.9474,-75.1876, , 
 ,41824,2014067989,6,67,67301,2014,6,5,2247,22,3,2,1,5,1, , ,N,0,0,0,3,0,1,2,2,N,N,40 01:29.324,75 08:52.256,2247, ,2247, ,0, ,N, ,0, , , , , ,485195, , , ,2,2,0,0,0,0,0,0,0,0,0,0,1,1,0,0,0,0,0,0,0,0,0,0,0,0,0,0,0,0,0,0,0,0,0,8,0,40.0248,-75.1478, , 
 ,41825,2014087759,6,67,67301,2014,7,3,2138,21,3,1,0,7,5, , ,N,2,3,0,3,0,1,1,1,N, ,39 58:27.292,75 10:40.209,2140, ,2140, ,0, , , ,3, , , , , ,485217, , , ,1,1,0,0,0,0,0,0,0,0,0,1,1,0,0,0,0,0,1,0,0,0,0,0,0,0,0,0,0,0,0,0,0,0,0,4,0,39.9742,-75.1778, , 
 ,41826,2014088340,6,67,67301,2014,7,3,1730,17,1,1,0,4,1, , ,N,2,3,0,3,0,3,5,2,N,N,40 03:47.639,75 11:16.071,1830, ,1820, ,0, ,N, ,3, , , , , ,485218, , , ,2,2,0,0,0,0,0,0,0,0,3,0,3,0,0,0,0,0,0,0,0,1,0,0,0,0,0,0,0,0,0,0,0,0,0,3,0,40.0632,-75.1878, , 
 ,41827,2014091296,6,67,67301,2014,9,2,2100,21,3,1,0,1,1, , ,N,0,0,0,3,0,1,2,2,N,N,39 58:54.527,75 10:54.801,2340, ,2331, ,0, ,N, ,0, , , , , ,485221, , , ,1,0,0,0,0,0,0,1,1,0,0,1,1,0,1,0,0,0,0,0,0,0,0,0,0,0,0,0,0,0,0,0,0,0,0,4,0,39.9818,-75.1819, , 
 ,41828,2014111457,6,67,67301,2014,10,4,2145,21,3,2,1,8,1, , ,N,1,2,0,3,0,1,2,2,N,N,39 57:07.661,75 09:41.216,2155, ,2150, ,0, , , ,3, , , , , ,479779, , , ,1,1,0,0,0,0,0,0,0,0,0,1,1,0,0,0,0,0,0,0,0,1,0,0,0,0,0,0,0,0,0,0,1,0,0,4,0,39.9521,-75.1615, , 
 ,41829,2014120443,6,67,67301,2014,11,4,2115,21,3,2,1,1,1, , ,N,0,0,0,3,0,0,2,2,N,N,39 59:16.566,75 12:26.268,2115, ,2115, ,0, ,N, ,0, , , , , ,479782, , , ,2,1,0,0,0,0,1,0,0,0,0,0,0,0,0,0,0,0,0,0,0,0,0,0,0,0,0,0,0,0,0,0,0,0,0,0,0,39.9879,-75.2073, , 
 ,41830,2014088797,6,67,67301,2014,8,2,1337,13,1,1,0,1,1, , ,N,0,0,0,3,0,1,2,2,N,N,40 06:38.232,75 01:14.748,1353, ,1340, ,0, ,N, ,0, , , , , ,479800, , , ,2,1,0,0,0,1,0,0,0,0,0,1,1,0,0,0,0,0,0,0,1,0,0,0,0,0,0,0,0,0,0,0,0,0,0,4,1,40.1106,-75.0208, , 
 ,41831,2014088802,6,67,67301,2014,8,3,1900,19,1,1,0,5,6, , ,N,0,0,0,3,0,1,2,2,N,N,40 00:43.949,75 05:16.541,1920, ,1920, ,0, ,N, ,0, , , , , ,479801, , , ,2,0,1,0,0,0,0,1,0,0,0,0,1,1,0,0,0,0,0,0,0,1,0,0,0,0,0,0,0,0,0,0,0,0,0,8,0,40.0122,-75.0879, , 
 ,41832,2014099167,6,67,67301,2014,9,7,9999,99,1,1,0,2,1, , ,N,1,2,0,3,0,2,3,2,N,N,40 02:18.904,75 08:33.243,1306, ,1305, ,0, ,N, ,3, , , , , ,479814, , , ,2,1,1,0,0,0,0,0,0,0,1,1,2,0,0,0,0,0,0,0,2,0,0,0,0,0,0,0,0,0,0,0,0,0,0,3,0,40.0386,-75.1426, , 
 ,41833,2014084285,6,67,67301,2014,7,4,930,9,1,1,0,4,1, , ,N,5,2,0,3,0,1,2,2,N,N,40 00:44.761,75 09:07.494,9999, ,9999, ,0, ,N, ,3, , , , , ,479834, , , ,1,0,0,0,0,0,1,0,1,0,0,0,1,1,1,0,0,0,0,0,0,0,0,0,0,0,0,0,0,0,0,0,0,0,0,8,0,40.0124,-75.1521, , 
 ,41834,2014087808,6,67,67301,2014,7,6,1620,16,1,1,0,4,1, , ,N,1,2,0,3,0,4,5,2,N,Y,39 58:49.602,75 14:21.875,1630, ,1622, ,0, ,N, ,3, , , , , ,479839, , , ,2,2,0,0,0,0,0,0,0,0,2,1,4,1,1,0,0,0,0,0,0,0,0,0,0,0,0,0,0,0,0,0,0,0,0,3,0,39.9804,-75.2394, , 
 ,41835,2014087975,6,67,67301,2014,8,5,100,1,3,1,0,1,1, , ,N,1,2,0,3,0,1,3,2,N, ,39 56:45.926,75 11:54.625,105, ,100, ,0, , , ,3, , , , , ,479840, , , ,2,1,0,1,0,0,0,0,0,0,0,0,1,1,0,0,0,0,0,0,0,0,0,0,0,0,0,0,0,0,0,0,0,0,0,8,1,39.9461,-75.1985, , 
 ,41836,2014088398,6,67,67301,2014,8,2,1830,18,1,1,0,4,1, , ,N,1,2,0,3,0,1,2,2,N,N,39 56:43.175,75 14:30.351,2007, ,1914, ,0, ,N, ,3, , , , , ,479841, , , ,2,2,0,0,0,0,0,0,0,0,0,1,1,0,1,0,0,0,0,0,0,0,0,0,0,0,0,0,0,0,0,0,0,0,0,4,0,39.9453,-75.2418, , 
 ,41837,2014094006,6,67,67301,2014,9,1,2025,20,3,1,0,1,1, , ,N,0,0,0,3,0,0,8,5,N,N,40 00:26.381,75 12:02.153,2036, ,2030,2,1,3,N, ,0,N, , , , ,479843, , , ,5,3,0,0,0,0,1,1,0,0,0,0,0,0,1,0,0,0,0,0,2,0,0,0,0,0,0,0,0,0,0,0,0,0,0,9,0,40.0073,-75.2006, , 
 ,41838,2014084157,6,67,67301,2014,7,3,905,9,1,1,0,4,1, , ,N,1,2,0,3,0,2,4,2,N,N,40 00:31.034,75 04:07.810,910, ,910, ,0, ,N, ,3, , , , , ,479870, , , ,2,1,0,0,0,0,1,0,0,0,0,2,2,0,0,0,0,0,0,0,0,0,0,0,0,0,0,0,0,0,0,0,0,0,0,4,0,40.0086,-75.0688, , 
 ,41839,2014091416,6,67,67301,2014,8,7,9999,99,1,2,1,5,1, , ,N,0,0,0,3,0,2,3,3,N,N,40 01:32.500,75 11:51.200,1408, ,1400,2,2,5,N, ,0,Y, , , , ,479875, , , ,3,2,0,0,0,0,1,0,0,0,0,0,2,2,0,0,0,0,0,0,0,0,0,0,0,0,0,0,0,0,0,0,0,0,0,8,0,40.0257,-75.1976, , 
 ,41840,2014121423,6,67,67301,2014,11,1,1545,15,1,1,0,8,1, , ,N,0,0,0,3,0,1,2,2,N,N,39 58:39.468,75 14:05.395,1612, ,1604, ,0, ,N, ,0, , , , , ,479890, , , ,1,0,0,0,1,0,0,0,0,0,0,0,1,1,1,0,0,0,0,0,0,0,0,0,0,0,0,0,0,0,0,0,1,0,0,8,0,39.9776,-75.2348, , 
 ,41841,2015006652,6,67,67301,2014,12,2,140,1,3,1,0,5,6, , ,N,0,0,0,3,0,0,1,2,N,Y,40 02:00.835,75 06:23.424,148, ,147, ,0, ,N, ,0, , , , , ,479900, , , ,2,2,0,0,0,0,0,0,0,0,0,0,0,0,0,0,0,0,0,0,0,0,0,0,0,0,0,0,0,0,0,0,0,0,0,0,0,40.0336,-75.1065, , 
 ,41842,2014069443,6,67,67301,2014,6,1,1925,19,1,1,0,4,1, , ,N,1,2,0,3,0,1,2,2,N,N,39 59:48.600,75 10:37.062,1948, ,1944, ,0, ,N, ,3, , , , , ,479914, , , ,1,0,0,0,0,0,1,0,1,0,0,0,1,1,0,0,0,0,0,0,1,0,0,0,0,0,0,0,0,0,0,0,0,0,0,8,0,39.9968,-75.1769, , 
 ,41843,2015002749,6,67,67301,2014,12,4,1040,10,1,2,1,7,4, , ,N,0,0,0,3,0,0,1,1,N, ,39 59:29.409,75 07:32.654,1052, ,1052, ,0, , , ,0, , , , , ,479950, , , ,1,1,0,0,0,0,0,0,0,0,0,0,0,0,1,0,0,0,0,0,0,0,0,0,0,0,0,0,0,0,0,0,0,0,0,9,0,39.9915,-75.1257, , 
 ,41844,2014112637,6,67,67301,2014,4,7,2100,21,3,1,0,4,1, , ,N,1,3,0,3,0,0,5,5,N,N,40 02:19.179,75 02:39.344,0, ,0, ,0, ,N, ,3, , , , , ,479953, , , ,4,2,0,0,0,0,0,0,0,0,0,0,0,0,1,1,0,0,0,0,0,0,0,0,0,0,0,0,0,0,0,0,1,0,0,9,0,40.0387,-75.0443, , 
 ,41845,2014125129,6,67,67301,2014,11,1,910,9,1,1,0,7,4, , ,N,0,0,0,3,0,0,1,1,N, ,39 58:58.983,75 05:03.429,919, ,917, ,0, , , ,0, , , , , ,479961, , , ,1,1,0,0,0,0,0,0,0,0,0,0,0,0,0,0,0,0,0,0,0,0,0,0,0,0,0,0,0,0,0,0,0,0,0,0,0,39.9831,-75.0843, , 
 ,41846,2014068106,6,67,67301,2014,5,3,1803,18,1,2,1,4,1, , ,N,1,2,0,3,0,1,6,3,N, ,40 02:25.153,75 12:51.058,1808, ,1803, ,0, , , ,3, , , , , ,482421, , , ,3,2,0,0,0,0,1,0,0,0,0,0,1,1,0,0,0,0,0,0,1,1,0,4,0,0,0,0,0,0,0,0,0,0,0,8,0,40.0403,-75.2142, , 
 ,41847,2014081128,6,67,67301,2014,7,3,1608,16,1,1,0,5,1, , ,N,6,0,2,3,0,1,2,2,N,N,39 57:26.940,75 08:48.293,1620, ,1608, ,0, ,N, ,0, , , , , ,482433, , , ,2,1,0,0,0,1,0,0,0,0,0,1,1,0,0,0,0,0,0,0,0,0,0,0,0,0,0,0,0,0,0,0,0,0,0,4,1,39.9575,-75.1467, , 
 ,41848,2014120270,6,67,67301,2014,11,1,9999,99,3,1,0,4,6, , ,N,1,3,0,3,0,1,1,2,N,N,39 58:46.506,75 14:27.387,24, ,21, ,0, ,N, ,3, , , , , ,482443, , , ,2,2,0,0,0,0,0,0,0,0,0,1,1,0,0,0,0,0,0,0,1,0,0,0,0,0,0,0,0,0,0,0,0,0,0,4,0,39.9796,-75.2409, , 
 ,41849,2014120910,6,67,67301,2014,11,1,1830,18,4,1,0,4,1, , ,N,1,3,0,3,0,0,2,2,N,N,39 58:09.631,75 08:35.678,9999, ,9999, ,0, ,N, ,3, , , , , ,482466, , , ,2,2,0,0,0,0,0,0,0,0,0,0,0,0,0,0,0,0,0,0,0,0,0,0,0,0,0,0,0,0,0,0,0,0,0,0,0,39.9693,-75.1432, , 
 ,41850,2014122487,6,67,67301,2014,11,3,703,7,3,1,0,5,6, , ,N,0,0,0,3,0,0,1,2,N, ,40 01:41.456,75 02:20.020,715, ,705, ,0, , , ,0, , , , , ,482469, , , ,2,2,0,0,0,0,0,0,0,0,0,0,0,0,0,0,0,0,0,0,0,0,0,0,0,0,0,0,0,0,0,0,0,0,0,0,0,40.0282,-75.0389, , 
 ,41851,2014120316,6,67,67301,2014,11,4,913,9,1,1,0,8,1, , ,N,2,0,0,3,0,1,2,2,N, ,39 57:16.999,75 13:18.951,1255, ,1255, ,0, , , ,0, , , , , ,482496, , , ,1,1,0,0,0,0,0,0,0,0,0,0,1,1,0,0,0,0,0,0,0,0,0,0,0,0,0,0,0,0,0,0,1,0,0,8,0,39.9547,-75.2219, , 
 ,41852,2014120868,6,67,67301,2014,11,5,1734,17,3,2,1,8,1, , ,N,0,0,0,3,0,1,2,2,N,N,39 57:52.725,75 12:36.039,1740, ,1734, ,0, ,N, ,0, , , , , ,482499, , , ,1,0,0,0,0,0,1,0,0,0,0,0,1,1,0,0,0,0,0,0,1,0,0,0,0,0,0,0,0,0,0,0,1,0,0,8,0,39.9646,-75.21, , 
 ,41853,2015002754,6,67,67301,2014,12,7,1117,11,1,1,0,4,1, , ,N,1,2,0,3,0,0,4,2,N,N,40 01:35.316,75 05:50.739,1125, ,1120,9,1,2,N, ,3,N, , , , ,482517, , , ,2,2,0,0,0,0,0,0,0,0,0,0,0,0,0,0,0,0,0,0,0,0,0,0,0,0,0,0,0,0,0,0,0,0,0,0,0,40.0265,-75.0974, , 
 ,41854,2015003310,6,67,67301,2014,12,2,1756,17,3,2,1,4,1, , ,N,3,2,0,3,0,0,4,3,N,N,40 01:05.072,75 02:49.675,1807, ,1759, ,0, ,N, ,3, , , , , ,482518, , , ,3,0,0,0,1,0,2,0,0,0,0,0,0,0,0,0,0,0,0,1,0,0,0,0,0,0,0,0,0,0,0,0,0,0,0,0,0,40.0181,-75.0472, , 
 ,41855,2014065562,6,67,67301,2014,5,4,9999,99,1,2,1,8,1, , ,N,0,0,7,3,0,1,2,2,N,N,40 04:24.259,75 02:02.557,1420, ,1402, ,0, ,N, ,0, , , , , ,482521, , , ,1,1,0,0,0,0,0,0,0,0,0,0,1,1,0,0,0,0,0,0,0,0,1,0,0,0,0,0,0,0,0,0,1,0,0,8,0,40.0734,-75.034, , 
 ,41856,2015019063,6,67,67301,2014,10,7,740,7,1,2,1,7,2, , ,N,0,0,0,3,0,0,1,1,N,N,39 56:41.028,75 11:28.402,800, ,740,1,2,3,N, ,0,N, , , , ,482548, , , ,1,1,0,0,0,0,0,0,0,0,0,0,0,0,0,0,0,0,1,0,0,0,0,0,0,0,0,0,0,0,0,0,0,0,0,0,0,39.9447,-75.1912, , 
 ,41857,2015003301,6,67,67301,2014,12,5,1618,16,1,1,0,5,1, , ,N,0,0,0,3,0,1,2,2,N,N,39 57:02.222,75 11:38.129,1622, ,1618,1,2,3,N, ,0,N, , , , ,482559, , , ,1,1,0,0,0,0,0,0,1,0,1,0,1,0,0,0,0,0,0,0,0,0,0,0,0,0,0,0,0,0,0,0,0,0,0,3,0,39.9506,-75.1939, , 
 ,41858,2014104565,6,67,67301,2014,10,4,1945,19,4,1,0,4,1, , ,N,1,2,0,3,0,3,4,3,N, ,40 02:21.627,75 11:05.396,1955, ,1955, ,0, , , ,3, , , , , ,482562, , , ,3,3,0,0,0,0,0,0,0,0,0,0,3,3,0,0,0,0,0,1,0,0,0,0,0,0,0,0,0,0,0,0,0,0,0,8,0,40.0393,-75.1848, , 