wz_ln_closure,objectid_1,crn,district,county,municipality,crash_year,crash_month,day_of_week,time_of_day,hour_of_day,illumination,weather,road_condition,collision_type,relation_to_road,work_zone_type,work_zone_loc,work_zone_ind,intersect_type,tcd_type,location_type,urban_rural,fatal_count,injury_count,person_count,total_units,sch_bus_ind,sch_zone_ind,latitude,longitude,arrival_tm,cons_zone_spd_lim,dispatch_tm,est_hrs_closed,lane_closed,ln_close_dir,ntfy_hiwy_maint,spec_juris_cd,tcd_func_cd,tfc_detour_ind,workers_pres,wz_close_detour,wz_flagger,wz_law_offcr_ind,objectid,wz_moving,wz_other,wz_shlder_mdn,vehicle_count,automobile_count,motorcycle_count,bus_count,small_truck_count,heavy_truck_count,suv_count,van_count,bicycle_count,maj_inj_count,mod_inj_count,min_inj_count,tot_inj_count,unk_inj_deg_count,unk_inj_per_count,driver_count_16yr,driver_count_17yr,driver_count_18yr,driver_count_19yr,driver_count_20yr,driver_count_50_64yr,driver_count_65_74yr,driver_count_75plus,unbelted_occ_count,unb_death_count,unb_maj_inj_count,belted_death_count,belted_maj_inj_count,mcycle_death_count,mcycle_maj_inj_count,bicycle_death_count,bicycle_maj_inj_count,ped_count,ped_death_count,ped_maj_inj_count,max_severity_level,comm_veh_count,dec_lat,dec_long,rdwy_surf_type_cd,county_name
 ,41925,2014106748,6,67,67301,2014,10,7,333,3,3,2,1,8,1, , ,N,0,0,0,3,0,1,2,2,N, ,40 01:14.480,75 07:00.663,345, ,335,3,2,4, , ,0,Y, , , , ,482660, , , ,1,1,0,0,0,0,0,0,0,0,0,1,1,0,0,0,0,0,0,0,0,0,0,0,0,0,0,0,0,0,0,0,1,0,0,4,0,40.0207,-75.1169, , 
 ,41926,2014113311,6,67,67301,2014,10,6,1050,10,1,1,0,7,4, , ,N,0,0,0,3,0,0,1,1,N,N,39 59:14.942,75 08:55.712,1100, ,1053, ,0, ,N, ,0, , , , , ,482672, , , ,1,0,0,0,1,0,0,0,0,0,0,0,0,0,1,0,0,0,0,0,0,0,0,1,0,0,0,0,0,0,0,0,0,0,0,9,0,39.9875,-75.1488, , 
 ,41927,2014113390,6,67,67301,2014,10,7,1220,12,1,1,8,0,1, , ,N,0,0,0,3,0,1,2,1,N, ,39 56:06.983,75 11:10.093,1223, ,1220, ,0, , , ,0, , , , , ,482673, , , ,1,1,0,0,0,0,0,0,0,0,0,0,1,1,0,0,0,0,0,0,0,1,0,0,0,0,0,0,0,0,0,0,0,0,0,8,0,39.9353,-75.1861, , 
 ,41928,2014126748,6,67,67301,2014,12,4,627,6,3,1,0,1,1, , ,N,0,0,0,3,0,0,3,3,N,N,40 00:19.215,75 04:32.299,657, ,630,2,1,2,N, ,0,N, , , , ,482685, , , ,3,2,0,0,0,0,1,0,0,0,0,0,0,0,0,0,0,0,0,0,3,0,0,0,0,0,0,0,0,0,0,0,0,0,0,0,0,40.0053,-75.0756, , 
 ,41929,2014127403,6,67,67301,2014,12,1,246,2,3,2,1,4,1, , ,N,1,2,0,3,0,2,4,2,N,N,39 56:02.828,75 08:57.152,310, ,304, ,0, , , ,3, , , , , ,482686, , , ,2,1,0,0,0,0,1,0,0,0,0,2,2,0,0,0,0,0,0,0,1,0,0,4,0,0,0,0,0,0,0,0,0,0,0,4,0,39.9341,-75.1492, , 
 ,41930,2015002746,6,67,67301,2014,11,4,9999,99,1,1,0,8,1, , ,N,1,2,0,3,0,2,3,3,N, ,40 01:36.995,75 12:33.945,1623, ,1623,9,2,2, , ,3,N, , , , ,482694, , , ,1,1,0,0,0,0,0,0,0,0,0,0,2,2,0,0,0,0,0,0,0,0,0,0,0,0,0,0,0,0,0,0,2,0,0,8,0,40.0269,-75.2094, , 
 ,41931,2014120831,6,67,67301,2014,10,6,9999,99,1,1,0,4,1, , ,N,0,0,7,3,0,0,5,2,N,N,39 57:23.623,75 09:55.079,1340, ,1320, ,0, ,N, ,0, , , , , ,482704, , , ,2,1,0,0,0,0,1,0,0,0,0,0,0,0,0,0,0,0,0,0,0,0,0,0,0,0,0,0,0,0,0,0,0,0,0,0,0,39.9566,-75.1653, , 
 ,41932,2014122483,6,67,67301,2014,11,2,811,8,1,1,0,8,1, , ,N,2,2,0,3,0,1,2,2,N,N,39 57:32.239,75 13:44.330,812, ,811, ,0, ,N, ,3, , , , , ,482707, , , ,1,0,0,0,0,0,1,0,0,0,1,0,1,0,0,0,0,0,0,0,0,0,0,0,0,0,0,0,0,0,0,0,1,0,0,3,0,39.959,-75.229, , 
 ,41933,2015021329,6,67,67301,2014,8,5,1205,12,1,1,0,1,1, , ,N,0,0,0,3,0,1,2,2,N,N,40 02:28.589,75 13:30.703,1210, ,1205, ,0, ,N, ,0, , , , , ,482722, , , ,2,0,0,0,0,1,1,0,0,0,0,1,1,0,0,0,0,0,0,0,1,0,0,0,0,0,0,0,0,0,0,0,0,0,0,4,1,40.0413,-75.2252, , 
 ,41934,2015030410,6,67,67301,2014,11,2,2030,20,3,1,0,5,1, , ,N,0,0,0,3,0,1,2,2,N,N,39 58:04.239,75 07:50.735,0, ,0, ,0, ,N, ,0, , , , , ,482723, , , ,2,0,0,0,0,0,1,0,0,0,0,0,1,1,0,0,0,0,0,0,1,0,0,0,0,0,0,0,0,0,0,0,0,0,0,8,0,39.9678,-75.1308, , 
 ,41935,2014116186,6,67,67301,2014,10,1,326,3,3,1,0,7,4, , ,N,0,0,0,3,0,0,3,1,N,N,39 58:19.148,75 07:21.617,345, ,327,1,1,1,N, ,0,N, , , , ,482735, , , ,1,1,0,0,0,0,0,0,0,0,0,0,0,0,0,0,0,0,0,0,0,0,0,0,0,0,0,0,0,0,0,0,0,0,0,0,0,39.972,-75.1227, , 
U,41936,2014124995,6,67,67301,2014,11,2,115,1,2,2,1,7,4,8,8,Y,0,0,0,3,0,0,1,1,N,N,40 00:36.143,75 09:59.178,123,99,121,1,2,1,N, ,0,Y,U,U,U,U,482745,U,U,U,1,0,0,0,0,0,0,0,0,0,0,0,0,0,0,0,0,0,0,0,1,0,0,0,0,0,0,0,0,0,0,0,0,0,0,0,0,40.01,-75.1664, , 
 ,41937,2015088267,6,67,67301,2014,11,2,1600,16,1,1,0,4,1, , ,N,0,0,0,3,0,0,2,2,N,N,40 01:15.101,75 11:34.524,0, ,0, ,0, ,N, ,0, , , , , ,482759, , , ,2,2,0,0,0,0,0,0,0,0,0,0,0,0,0,0,0,0,0,0,0,0,0,0,0,0,0,0,0,0,0,0,0,0,0,0,0,40.0209,-75.1929, , 
 ,41938,2014104601,6,67,67301,2014,9,3,2009,20,3,1,0,8,1, , ,N,1,3,0,3,0,1,2,2,N,N,40 03:14.266,75 04:58.979,2010, ,2009, ,0, ,N, ,3, , , , , ,487845, , , ,1,1,0,0,0,0,0,0,0,0,0,1,1,0,0,0,0,0,0,0,0,0,0,0,0,0,0,0,0,0,0,0,1,0,0,4,0,40.054,-75.083, , 
 ,41939,2014110418,6,67,67301,2014,10,1,2010,20,3,1,0,8,1, , ,N,0,0,0,3,0,1,2,2,N,N,39 57:24.597,75 13:28.001,2012, ,2012, ,0, ,N, ,0, , , , , ,487847, , , ,1,0,0,0,0,0,0,0,0,0,1,0,1,0,0,0,0,0,0,0,0,0,0,0,0,0,0,0,0,0,0,0,1,0,0,3,0,39.9568,-75.2244, , 
 ,41940,2014075227,6,67,67301,2014,6,3,1724,17,1,2,1,1,1, , ,N,0,0,1,3,0,1,5,4,N,N,40 01:27.817,75 11:42.662,1744, ,1729,3,2,5,N, ,0,Y, , , , ,487893, , , ,4,2,0,0,0,0,1,1,0,0,0,1,1,0,0,0,0,0,0,0,1,0,0,0,0,0,0,0,0,0,0,0,0,0,0,4,0,40.0244,-75.1952, , 
 ,41941,2014088718,6,67,67301,2014,8,3,1950,19,1,1,0,8,1, , ,N,1,2,0,3,0,1,2,2,N, ,40 01:24.977,75 03:23.118,1955, ,1950,9,1,3, , ,3,Y, , , , ,487903, , , ,1,1,0,0,0,0,0,0,0,0,0,1,1,0,0,0,0,0,0,0,0,0,0,0,0,0,0,0,0,0,0,0,1,0,0,4,0,40.0236,-75.0564, , 
 ,41942,2014096786,6,67,67301,2014,9,7,1318,13,1,2,1,7,5, , ,N,0,0,0,3,0,0,1,1,N,N,39 58:50.038,75 11:52.493,1320, ,1319,2,1,3,N, ,0,N, , , , ,487909, , , ,1,1,0,0,0,0,0,0,0,0,0,0,0,0,0,0,0,0,0,0,0,0,0,0,0,0,0,0,0,0,0,0,0,0,0,0,0,39.9806,-75.1979, , 
 ,41943,2014096794,6,67,67301,2014,8,5,1113,11,1,1,0,4,1, , ,N,1,2,0,3,0,1,2,2,N,N,39 57:12.030,75 11:01.741,1115, ,1114, ,0, ,N, ,3, , , , , ,487910, , , ,2,1,0,0,0,0,0,1,0,0,0,0,1,1,0,0,0,0,0,0,0,2,0,0,0,0,0,0,0,0,0,0,0,0,0,8,0,39.9533,-75.1838, , 
 ,41944,2014059072,6,67,67301,2014,5,7,2227,22,3,2,1,6,6, , ,N,0,0,0,3,0,0,1,3,N,N,40 01:35.299,75 12:44.647,2254, ,2248,3,1,1, , ,0,N, , , , ,487920, , , ,3,3,0,0,0,0,0,0,0,0,0,0,0,0,1,0,0,0,0,0,1,0,0,0,0,0,0,0,0,0,0,0,0,0,0,9,0,40.0265,-75.2124, , 
 ,41945,2014061103,6,67,67301,2014,5,3,1745,17,1,1,0,8,1, , ,N,0,0,0,3,0,1,2,2,N,N,40 01:22.764,75 02:46.701,1800, ,1755, ,0, ,N, ,0, , , , , ,487921, , , ,1,0,0,0,0,0,1,0,0,0,0,1,1,0,0,0,0,0,0,0,1,0,0,0,0,0,0,0,0,0,0,0,1,0,0,4,0,40.023,-75.0463, , 
 ,41946,2014088725,6,67,67301,2014,8,5,1256,12,1,1,0,7,5, , ,N,1,3,0,3,0,1,1,2,N,N,39 56:07.684,75 11:15.313,1258, ,1256, ,0, ,N, ,3, , , , , ,487950, , , ,2,1,0,0,0,0,1,0,0,0,0,1,1,0,0,0,0,0,0,0,0,0,0,0,0,0,0,0,0,0,0,0,0,0,0,4,0,39.9355,-75.1876, , 
 ,41947,2014091334,6,67,67301,2014,8,6,1251,12,1,1,0,1,1, , ,N,0,0,7,3,0,4,5,4,N,N,39 55:13.028,75 12:47.701,1255, ,1252, ,0, , , ,0, , , , , ,487954, , , ,4,2,0,0,0,0,0,2,0,0,0,0,4,4,0,0,0,0,0,0,0,1,0,0,0,0,0,0,0,0,0,0,0,0,0,8,0,39.9203,-75.2133, , 
 ,41948,2014093539,6,67,67301,2014,9,1,5,0,3,1,0,4,1, , ,N,1,2,0,3,0,5,5,2,N,N,39 59:08.812,75 12:56.169,51, ,5, ,0, ,N, ,3, , , , , ,487957, , , ,2,2,0,0,0,0,0,0,0,0,0,0,5,5,0,0,0,0,0,0,0,1,0,2,0,0,0,0,0,0,0,0,0,0,0,8,0,39.9858,-75.2156, , 
 ,41949,2014098643,6,67,67301,2014,9,5,130,1,3,2,1,7,5, , ,N,3,0,0,3,0,0,2,1,N,N,39 56:19.878,75 12:37.109,226, ,221, ,0, ,N, ,0, , , , , ,487959, , , ,1,1,0,0,0,0,0,0,0,0,0,0,0,0,0,0,0,0,0,0,0,0,0,0,0,0,0,0,0,0,0,0,0,0,0,0,0,39.9388,-75.2103, , 
 ,41950,2014113442,6,67,67301,2014,10,5,1238,12,1,2,1,4,1, , ,N,1,3,0,3,0,1,2,2,N,N,40 03:16.948,75 09:01.976,1346, ,1345, ,0, ,N, ,3, , , , , ,487972, , , ,2,1,0,0,0,0,1,0,0,0,0,0,1,1,1,0,0,0,0,0,0,1,0,0,0,0,0,0,0,0,0,0,0,0,0,8,0,40.0547,-75.1505, , 
 ,41951,2014116045,6,67,67301,2014,11,5,936,9,1,1,0,1,1, , ,N,0,0,5,3,0,2,3,2,N,N,39 54:34.227,75 09:20.026,937, ,936, ,0, ,N, ,0, , , , , ,487976, , , ,2,1,0,0,0,0,1,0,0,0,0,0,2,2,0,0,0,0,0,0,0,1,0,1,0,0,0,0,0,0,0,0,0,0,0,8,0,39.9095,-75.1556, , 
 ,41952,2014054636,6,67,67301,2014,4,5,1704,17,1,1,0,1,1, , ,N,0,0,0,3,0,0,4,2,N,N,40 01:01.868,75 12:41.135,1709, ,1704, ,0, , , ,0, , , , , ,487986, , , ,2,1,0,0,1,0,0,0,0,0,0,0,0,0,0,0,0,0,0,0,0,0,0,0,0,0,0,0,0,0,0,0,0,0,0,0,0,40.0172,-75.2114, , 
 ,41953,2014088187,6,67,67301,2014,8,3,1103,11,1,2,1,1,1, , ,N,1,2,0,3,0,2,6,3,N,N,39 59:21.740,75 10:48.885,1708, ,1707, ,0, , , ,3, , , , , ,488014, , , ,3,2,0,0,0,0,1,0,0,0,0,2,2,0,0,0,0,0,0,0,0,1,0,0,0,0,0,0,0,0,0,0,0,0,0,4,0,39.9894,-75.1802, , 
 ,41954,2014089801,6,67,67301,2014,9,5,749,7,1,1,0,1,1, , ,N,0,0,4,3,0,3,6,6,N,N,39 56:54.117,75 08:30.133,811, ,751,1,2,1,N, ,0,N, , , , ,488050, , , ,6,4,0,0,0,1,0,1,0,0,0,0,3,3,0,0,0,0,0,0,1,0,0,0,0,0,0,0,0,0,0,0,0,0,0,8,1,39.9484,-75.1417, , 
 ,41955,2014095945,6,67,67301,2014,9,3,2109,21,3,1,0,4,1, , ,N,1,3,0,3,0,1,6,2,N,N,39 57:57.333,75 12:24.494,2115, ,2109,9,2,6,N, ,3,Y, , , , ,488054, , , ,2,2,0,0,0,0,0,0,0,0,0,0,1,1,0,0,0,0,0,0,0,0,0,0,0,0,0,0,0,0,0,0,0,0,0,8,0,39.9659,-75.2068, , 
 ,41956,2014126413,6,67,67301,2014,12,6,910,9,1,1,0,5,1, , ,N,0,0,0,3,0,1,2,2,Y,N,40 00:43.732,75 09:25.984,1000, ,935, ,0, ,N, ,0, , , , , ,485483, , , ,1,0,0,1,0,0,0,0,1,0,1,0,1,0,0,0,0,0,0,0,0,0,0,0,0,0,0,0,0,0,0,0,0,0,0,3,1,40.0121,-75.1572, , 
 ,41957,2015003319,6,67,67301,2014,12,1,1034,10,1,1,0,4,1, , ,N,1,2,1,3,0,2,6,2,N,N,39 55:36.102,75 11:15.812,1034, ,1034,1,1,1,N, ,3,Y, , , , ,485513, , , ,2,2,0,0,0,0,0,0,0,0,0,0,2,2,4,0,0,0,0,1,0,0,0,0,0,0,0,0,0,0,0,0,0,0,0,8,0,39.9267,-75.1879, , 
 ,41958,2014095862,6,67,67301,2014,9,3,1105,11,1,1,0,1,1, , ,N,1,3,0,3,0,0,4,2,N,N,39 56:16.321,75 09:13.399,1110, ,1107, ,0, ,N, ,3, , , , , ,485519, , , ,2,1,0,0,0,0,0,1,0,0,0,0,0,0,3,0,0,0,0,0,0,0,0,0,0,0,0,0,0,0,0,0,0,0,0,9,0,39.9379,-75.1537, , 
 ,41959,2014130489,6,67,67301,2014,12,2,1615,16,1,1,0,8,1, , ,N,1,3,0,3,0,1,2,2,N, ,39 56:00.960,75 10:58.119,1622, ,1619, ,0, , , ,3, , , , , ,485533, , , ,1,1,0,0,0,0,0,0,0,0,0,0,1,1,0,0,0,0,0,0,1,0,0,0,0,0,0,0,0,0,0,0,1,0,0,8,0,39.9336,-75.1828, , 
 ,41960,2014110369,6,67,67301,2014,7,4,1535,15,1,1,0,8,1, , ,N,0,0,0,3,0,1,2,2,N,N,39 58:31.764,75 14:03.134,1550, ,1546, ,0, ,N, ,0, , , , , ,485541, , , ,1,0,0,0,0,1,0,0,0,0,0,1,1,0,0,0,0,0,0,0,1,0,0,0,0,0,0,0,0,0,0,0,1,0,0,4,1,39.9755,-75.2342, , 
 ,41961,2014115576,6,67,67301,2014,11,6,1100,11,1,1,0,8,1, , ,N,5,2,1,3,0,1,2,2,N,N,39 59:29.295,75 07:21.395,1300, ,1300, ,0, ,N, ,3, , , , , ,485546, , , ,1,1,0,0,0,0,0,0,0,0,0,1,1,0,0,0,0,0,0,0,0,0,0,0,0,0,0,0,0,0,0,0,1,0,0,4,0,39.9915,-75.1226, , 
 ,41962,2014117601,6,67,67301,2014,10,6,813,8,1,1,0,8,1, , ,N,0,0,0,3,0,1,2,2,N, ,39 58:29.632,75 14:55.064,822, ,820, ,0, , , ,0, , , , , ,485549, , , ,1,0,0,0,0,0,1,0,0,0,0,0,1,1,0,0,0,0,0,0,1,0,0,0,0,0,0,0,0,0,0,0,1,0,0,8,0,39.9749,-75.2486, , 
 ,41963,2014125062,6,67,67301,2014,11,2,1745,17,3,2,1,1,1, , ,N,0,0,2,3,0,0,3,2,N,N,39 57:43.559,75 10:41.808,1758, ,1752, ,0, ,N, ,0, , , , , ,485556, , , ,2,2,0,0,0,0,0,0,0,0,0,0,0,0,0,0,0,0,0,0,0,0,0,0,0,0,0,0,0,0,0,0,0,0,0,0,0,39.9621,-75.1783, , 
 ,41964,2015002755,6,67,67301,2014,12,7,940,9,1,1,0,4,1, , ,N,1,2,0,3,0,0,2,2,N,N,40 02:16.393,75 08:22.102,956, ,948, ,0, ,N, ,3, , , , , ,485575, , , ,2,0,0,0,0,0,2,0,0,0,0,0,0,0,1,0,0,0,0,0,0,0,0,2,0,0,0,0,0,0,0,0,0,0,0,9,0,40.0379,-75.1395, , 
 ,41965,2014127541,6,67,67301,2014,12,6,2119,21,3,2,1,8,1, , ,N,1,2,0,3,0,1,2,2,N,N,40 01:54.231,75 10:43.900,2137, ,2133,1,1,3,N, ,3,Y, , , , ,485588, , , ,1,1,0,0,0,0,0,0,0,0,0,0,1,1,0,0,0,0,0,0,0,0,1,0,0,0,0,0,0,0,0,0,1,0,0,8,0,40.0317,-75.1789, , 
 ,41966,2014110440,6,67,67301,2014,10,6,1732,17,3,1,0,1,1, , ,N,1,2,0,3,0,0,3,2,N, ,39 57:23.324,75 13:17.716,1846, ,1844, ,0, , , ,3, , , , , ,485602, , , ,2,1,0,0,0,0,1,0,0,0,0,0,0,0,1,0,0,0,0,0,0,0,0,0,0,0,0,0,0,0,0,0,0,0,0,9,0,39.9565,-75.2215, , 
 ,41967,2014104553,6,67,67301,2014,8,6,15,0,3,1,0,7,5, , ,N,1,2,0,3,0,1,1,1,N,N,40 01:41.801,75 07:12.241,40, ,29, ,0, , , ,3, , , , , ,485623, , , ,1,0,0,0,1,0,0,0,0,0,1,0,1,0,0,0,0,0,0,0,0,0,0,0,0,0,0,0,0,0,0,0,0,0,0,3,0,40.0283,-75.1201, , 
 ,41968,2014122458,6,67,67301,2014,11,3,2235,22,3,1,0,4,1, , ,N,1,3,2,3,0,1,4,2,N,N,40 01:12.005,75 09:07.946,2240, ,2240, ,0, ,N, ,3, , , , , ,485645, , , ,2,1,0,0,0,0,1,0,0,0,0,1,1,0,3,0,0,0,0,0,1,0,0,0,0,0,0,0,0,0,0,0,0,0,0,4,0,40.02,-75.1522, , 
 ,41969,2014124998,6,67,67301,2014,11,1,1448,14,1,1,0,4,1, , ,N,1,2,0,3,0,1,3,2,N,N,39 54:47.100,75 14:35.859,1453, ,1451, ,0, ,N, ,3, , , , , ,485648, , , ,2,1,0,0,0,0,1,0,0,0,0,1,1,0,0,0,0,0,0,0,0,1,0,0,0,0,0,0,0,0,0,0,0,0,0,4,0,39.9131,-75.2433, , 
 ,41970,2014125069,6,67,67301,2014,11,1,1340,13,1,1,0,4,6, , ,N,0,0,7,3,0,0,2,2,N,N,39 55:27.646,75 10:09.966,1350, ,1341, ,0, ,N, ,0, , , , , ,485649, , , ,2,2,0,0,0,0,0,0,0,0,0,0,0,0,0,0,0,0,0,0,0,0,1,0,0,0,0,0,0,0,0,0,0,0,0,0,0,39.9243,-75.1694, , 
 ,41971,2014130422,6,67,67301,2014,12,3,1847,18,3,2,1,4,1, , ,N,1,3,0,3,0,1,2,2,N, ,40 04:52.338,75 04:50.278,1925, ,1917, ,0, , , ,3, , , , , ,485655, , , ,2,2,0,0,0,0,0,0,0,0,0,1,1,0,0,0,0,0,0,0,0,1,0,0,0,0,0,0,0,0,0,0,0,0,0,4,0,40.0812,-75.0806, , 
 ,41972,2014132662,6,67,67301,2014,12,3,1335,13,1,1,0,7,2, , ,N,0,0,0,3,0,1,1,1,N,N,40 02:30.199,75 00:15.694,1400, ,1335,1,1,2,N, ,0,N, , , , ,485657, , , ,1,1,0,0,0,0,0,0,0,0,0,1,1,0,0,0,0,0,0,0,0,0,0,0,0,0,0,0,0,0,0,0,0,0,0,4,0,40.0417,-75.0044, , 
 ,41973,2015006111,6,67,67301,2014,12,7,2050,20,3,1,0,4,1, , ,N,1,2,0,3,0,1,2,2,N,N,40 02:07.511,75 04:10.636,2052, ,2050, ,0, ,N, ,3, , , , , ,485674, , , ,2,1,0,0,1,0,0,0,0,0,0,1,1,0,0,0,0,0,1,0,0,0,0,0,0,0,0,0,0,0,0,0,0,0,0,4,0,40.0354,-75.0696, , 
 ,41974,2014124986,6,67,67301,2014,11,1,1450,14,1,1,0,5,1, , ,N,0,0,0,3,0,2,5,2,N,N,39 54:06.246,75 08:44.520,1515, ,1510,9,2,1,N, ,0,Y, , , , ,480152, , , ,2,1,0,0,0,0,1,0,0,0,0,2,2,0,0,0,0,0,0,0,1,0,0,1,0,0,0,0,0,0,0,0,0,0,0,4,0,39.9017,-75.1457, , 
 ,41975,2014079274,6,67,67301,2014,6,6,254,2,3,1,0,4,1, , ,N,1,2,0,3,0,0,4,3,N, ,40 06:50.926,74 59:15.880,320, ,254, ,0, , , ,3, , , , , ,480176, , , ,3,1,0,0,0,0,2,0,0,0,0,0,0,0,0,0,0,0,0,0,1,2,0,0,0,0,0,0,0,0,0,0,0,0,0,0,0,40.1141,-74.9877, , 
 ,41976,2014084241,6,67,67301,2014,7,3,1812,18,1,1,0,8,1, , ,N,1,2,1,3,0,1,2,2,N,N,40 01:13.023,75 04:49.359,1855, ,1848, ,0, ,N, ,3, , , , , ,480182, , , ,1,1,0,0,0,0,0,0,0,0,1,0,1,0,0,0,0,0,0,0,0,0,0,0,0,0,0,0,0,0,0,0,1,0,0,3,0,40.0203,-75.0804, , 
 ,41977,2014087785,6,67,67301,2014,8,3,1722,17,1,1,0,5,1, , ,N,0,0,0,3,0,0,3,2,N,N,39 55:27.768,75 11:17.633,1741, ,1741, ,0, ,N, ,0, , , , , ,480184, , , ,2,1,0,0,0,0,1,0,0,0,0,0,0,0,0,0,0,1,0,0,0,0,0,0,0,0,0,0,0,0,0,0,0,0,0,0,0,39.9244,-75.1882, , 
 ,41978,2014091426,6,67,67301,2014,8,7,2248,22,3,1,0,7,4, , ,N,1,2,0,3,0,1,1,1,N,N,39 57:49.841,75 13:12.286,2254, ,2252,1,1,4,N, ,3,N, , , , ,480188, , , ,1,1,0,0,0,0,0,0,0,0,0,0,1,1,0,0,0,0,0,0,0,1,0,0,0,0,0,0,0,0,0,0,0,0,0,8,0,39.9637,-75.2196, , 
 ,41979,2014122481,6,67,67301,2014,11,2,807,8,1,1,0,8,1, , ,N,1,3,0,3,0,1,2,2,N,N,40 03:22.316,75 09:19.951,820, ,814, ,0, ,N, ,3, , , , , ,480222, , , ,1,0,0,0,0,0,0,1,0,0,0,0,1,1,0,0,0,0,0,0,0,0,0,1,0,0,0,0,0,0,0,0,1,0,0,8,0,40.0562,-75.1555, , 
 ,41980,2015001646,6,67,67301,2014,12,1,210,2,3,1,0,5,1, , ,N,0,0,0,3,0,0,3,2,N,N,39 59:07.585,75 12:29.389,215, ,2010, ,0, ,N, ,0, , , , , ,480235, , , ,2,2,0,0,0,0,0,0,0,0,0,0,0,0,0,0,0,0,0,0,0,0,0,0,0,0,0,0,0,0,0,0,0,0,0,0,0,39.9854,-75.2082, , 
 ,41981,2014120293,6,67,67301,2014,11,5,815,8,1,1,0,4,1, , ,N,1,2,0,3,0,1,2,2,N,N,40 00:19.858,75 06:19.198,822, ,821,1,2,3,N, ,3,Y, , , , ,480241, , , ,2,1,0,0,0,0,1,0,0,0,0,1,1,0,0,0,0,0,0,0,0,0,0,0,0,0,0,0,0,0,0,0,0,0,0,4,0,40.0055,-75.1053, , 
 ,41982,2014125154,6,67,67301,2014,11,7,205,2,3,1,0,1,1, , ,N,0,0,0,3,0,0,2,2,N,N,40 02:17.770,75 10:36.537,213, ,206, ,0, ,N, ,0, , , , , ,480246, , , ,2,1,0,0,0,0,1,0,0,0,0,0,0,0,0,0,0,0,0,0,1,0,0,0,0,0,0,0,0,0,0,0,0,0,0,0,0,40.0383,-75.1768, , 
 ,41983,2014128366,6,67,67301,2014,12,2,739,7,1,1,0,5,1, , ,N,7,0,2,3,0,1,2,2,N,N,40 00:23.964,75 11:36.713,752, ,746,1,1,2,N, ,0,N, , , , ,480249, , , ,2,2,0,0,0,0,0,0,0,0,0,1,1,0,0,0,0,0,0,0,0,0,0,0,0,0,0,0,0,0,0,0,0,0,0,4,0,40.0067,-75.1935, , 
 ,41984,2015002761,6,67,67301,2014,12,7,9999,99,1,1,0,8,6, , ,N,0,0,0,3,0,1,2,2,N,N,39 57:18.364,75 09:15.624,1520, ,1240, ,0, , , ,0, , , , , ,480253, , , ,1,0,0,0,0,0,0,1,0,0,0,0,1,1,0,0,0,0,0,0,0,0,0,0,0,0,0,0,0,0,0,0,1,0,0,8,0,39.9551,-75.1543, , 
 ,41985,2015006663,6,67,67301,2014,12,3,2154,21,3,8,5,7,3, , ,N,0,0,0,3,0,1,1,1,N,N,40 01:34.100,75 11:38.200,2210, ,2200, ,0, ,Y, ,0, , , , , ,480255, , , ,1,0,0,0,0,0,1,0,0,0,0,1,1,0,0,0,0,0,0,0,0,0,0,0,0,0,0,0,0,0,0,0,0,0,0,4,0,40.0261,-75.1939, , 
 ,41986,2014122452,6,67,67301,2014,11,5,710,7,1,1,0,4,1, , ,N,5,2,2,3,0,1,2,2,N,N,39 57:26.413,75 09:08.132,714, ,712, ,0, ,N, ,3, , , , , ,480264, , , ,2,2,0,0,0,0,0,0,0,0,0,0,1,1,0,0,0,0,0,0,1,0,0,0,0,0,0,0,0,0,0,0,0,0,0,8,0,39.9573,-75.1523, , 
 ,41987,2014114547,6,67,67301,2014,11,4,1349,13,1,1,0,1,1, , ,N,1,2,0,3,0,0,3,2,N,N,40 00:25.966,75 12:49.671,1350, ,1349, ,0, ,N, ,3, , , , , ,480271, , , ,2,1,0,0,0,0,1,0,0,0,0,0,0,0,0,0,0,0,0,0,1,0,0,0,0,0,0,0,0,0,0,0,0,0,0,0,0,40.0072,-75.2134, , 
 ,41988,2014114920,6,67,67301,2014,7,4,1412,14,1,1,0,1,1, , ,N,0,0,0,3,0,1,2,2,N,N,40 01:24.203,75 02:01.574,0, ,0, ,0, ,N, ,0, , , , , ,480289, , , ,2,1,0,0,1,0,0,0,0,0,0,0,1,1,1,0,0,0,0,0,1,0,0,0,0,0,0,0,0,0,0,0,0,0,0,8,0,40.0234,-75.0338, , 
 ,41989,2014125171,6,67,67301,2014,11,1,2120,21,3,1,0,1,1, , ,N,2,2,0,3,0,1,6,3,N,N,40 02:55.898,75 00:44.231,2140, ,2130, ,0, ,N, ,3, , , , , ,480296, , , ,3,0,0,0,1,0,2,0,0,0,0,1,1,0,0,0,0,1,0,0,2,0,0,6,0,0,0,0,0,0,0,0,0,0,0,4,0,40.0489,-75.0123, , 
 ,41990,2014084209,6,67,67301,2014,7,4,335,3,3,1,1,7,4, , ,N,0,0,0,3,0,2,2,1,N, ,40 04:47.695,75 01:45.149,339, ,335,3,2,1, , ,0,Y, , , , ,480327, , , ,1,0,0,0,0,0,1,0,0,0,0,2,2,0,0,0,0,0,0,0,0,0,0,0,0,0,0,0,0,0,0,0,0,0,0,4,0,40.0799,-75.0292, , 