wz_ln_closure,objectid_1,crn,district,county,municipality,crash_year,crash_month,day_of_week,time_of_day,hour_of_day,illumination,weather,road_condition,collision_type,relation_to_road,work_zone_type,work_zone_loc,work_zone_ind,intersect_type,tcd_type,location_type,urban_rural,fatal_count,injury_count,person_count,total_units,sch_bus_ind,sch_zone_ind,latitude,longitude,arrival_tm,cons_zone_spd_lim,dispatch_tm,est_hrs_closed,lane_closed,ln_close_dir,ntfy_hiwy_maint,spec_juris_cd,tcd_func_cd,tfc_detour_ind,workers_pres,wz_close_detour,wz_flagger,wz_law_offcr_ind,objectid,wz_moving,wz_other,wz_shlder_mdn,vehicle_count,automobile_count,motorcycle_count,bus_count,small_truck_count,heavy_truck_count,suv_count,van_count,bicycle_count,maj_inj_count,mod_inj_count,min_inj_count,tot_inj_count,unk_inj_deg_count,unk_inj_per_count,driver_count_16yr,driver_count_17yr,driver_count_18yr,driver_count_19yr,driver_count_20yr,driver_count_50_64yr,driver_count_65_74yr,driver_count_75plus,unbelted_occ_count,unb_death_count,unb_maj_inj_count,belted_death_count,belted_maj_inj_count,mcycle_death_count,mcycle_maj_inj_count,bicycle_death_count,bicycle_maj_inj_count,ped_count,ped_death_count,ped_maj_inj_count,max_severity_level,comm_veh_count,dec_lat,dec_long,rdwy_surf_type_cd,county_name
 ,42257,2015001653,6,67,67301,2014,12,4,1418,14,1,1,1,1,1, , ,N,0,0,0,3,0,1,5,2,N,N,39 56:49.137,75 11:16.733,1428, ,1422, ,0, ,N, ,0, , , , , ,469565, , , ,2,0,0,0,0,0,2,0,0,0,0,1,1,0,0,0,0,0,0,0,1,0,0,0,0,0,0,0,0,0,0,0,0,0,0,4,0,39.947,-75.188, , 
 ,42258,2014091438,6,67,67301,2014,8,5,1120,11,1,1,0,4,1, , ,N,0,0,7,3,0,1,2,2,N,N,39 59:42.801,75 06:44.327,1222, ,1216, ,0, ,N, ,0, , , , , ,469581, , , ,1,1,0,0,0,0,0,0,1,0,0,1,1,0,0,0,0,0,0,0,0,1,0,0,0,0,0,0,0,0,0,0,0,0,0,4,0,39.9952,-75.1123, , 
 ,42259,2014092940,6,67,67301,2014,9,3,905,9,1,1,1,1,1, , ,N,0,0,0,3,0,0,3,3,N,N,40 01:57.841,75 01:15.534,915, ,905, ,0, ,N, ,0, , , , , ,469586, , , ,3,2,0,0,0,0,0,1,0,0,0,0,0,0,0,0,0,0,0,0,2,0,0,0,0,0,0,0,0,0,0,0,0,0,0,0,0,40.0327,-75.021, , 
 ,42260,2014113478,6,67,67301,2014,10,4,1120,11,1,1,0,7,4, , ,N,0,0,0,3,0,1,1,1,N,N,40 06:35.124,74 59:05.492,1131, ,1125, ,0, ,N, ,0, , , , , ,469600, , , ,1,0,0,0,0,0,1,0,0,0,0,0,1,1,0,0,0,0,0,0,0,0,0,0,0,0,0,0,0,0,0,0,0,0,0,8,0,40.1098,-74.9849, , 
 ,42261,2014068632,6,67,67301,2014,6,4,9999,99,3,1,0,5,6, , ,N,0,0,0,3,0,0,1,3,N,N,39 55:37.334,75 10:44.113,9999, ,9999, ,0, ,N, ,0, , , , , ,469614, , , ,3,1,0,0,0,0,2,0,0,0,0,0,0,0,1,0,0,0,0,0,0,0,0,0,0,0,0,0,0,0,0,0,0,0,0,9,0,39.927,-75.1789, , 
 ,42262,2014088072,6,67,67301,2014,8,4,1418,14,1,1,0,4,1, , ,N,3,3,0,3,0,0,3,2,N,N,40 01:05.151,75 12:40.803,1600, ,1552, ,0, ,N, ,3, , , , , ,469638, , , ,2,1,0,0,0,0,0,1,0,0,0,0,0,0,0,0,0,0,0,0,0,0,0,0,0,0,0,0,0,0,0,0,0,0,0,0,0,40.0181,-75.2113, , 
 ,42263,2014088089,6,67,67301,2014,8,6,640,6,1,1,0,1,1, , ,N,2,0,7,3,0,1,2,2,N,N,39 59:35.577,75 05:35.812,736, ,734, ,0, ,N, ,0, , , , , ,469639, , , ,2,1,0,0,0,0,0,1,0,0,0,1,1,0,0,0,0,0,0,0,0,0,0,0,0,0,0,0,0,0,0,0,0,0,0,4,0,39.9932,-75.0933, , 
 ,42264,2014127503,6,67,67301,2014,12,7,1840,18,3,2,1,8,1, , ,N,1,2,0,3,0,1,2,2,N,N,40 01:12.877,75 06:50.707,1842, ,1840, ,0, ,N, ,3, , , , , ,469666, , , ,1,0,0,0,0,0,1,0,0,0,0,1,1,0,0,0,0,0,0,0,0,0,0,0,0,0,0,0,0,0,0,0,1,0,0,4,0,40.0202,-75.1141, , 
 ,42265,2014131804,6,67,67301,2014,12,7,2144,21,3,2,1,8,1, , ,N,1,2,0,3,0,1,2,2,N,N,39 55:23.878,75 09:40.753,2150, ,2146, ,0, , , ,3, , , , , ,469710, , , ,1,1,0,0,0,0,0,0,0,0,0,1,1,0,0,0,0,0,0,0,0,0,0,0,0,0,0,0,0,0,0,0,1,0,0,4,0,39.9233,-75.1612, , 
 ,42266,2015002735,6,67,67301,2014,12,7,2111,21,3,1,0,2,1, , ,N,1,2,0,3,0,2,3,2,N,N,40 03:04.296,75 03:58.096,2120, ,2113,1,2,1,N, ,3,Y, , , , ,469714, , , ,2,2,0,0,0,0,0,0,0,0,0,0,2,2,0,0,0,0,0,0,0,1,0,0,0,0,0,0,0,0,0,0,0,0,0,8,0,40.0512,-75.0661, , 
 ,42267,2014068156,6,67,67301,2014,6,6,1115,11,1,1,0,4,1, , ,N,2,3,0,3,0,1,2,2,N,N,40 01:14.581,75 08:49.603,1333, ,1325, ,0, ,N, ,3, , , , , ,469722, , , ,1,0,0,0,1,0,0,0,1,0,0,1,1,0,0,0,0,0,0,0,0,0,0,0,0,0,0,0,0,0,0,0,0,0,0,4,0,40.0207,-75.1471, , 
 ,42268,2014127618,6,67,67301,2014,12,7,453,4,3,1,0,1,1, , ,N,0,0,0,3,0,3,3,2,N,N,39 56:32.365,75 11:37.622,504, ,455,1,1,3,N, ,0,N, , , , ,472484, , , ,2,2,0,0,0,0,0,0,0,0,0,3,3,0,0,0,0,0,0,0,0,0,0,0,0,0,0,0,0,0,0,0,0,0,0,4,0,39.9423,-75.1938, , 
 ,42269,2015010690,6,67,67301,2014,12,5,1600,16,1,1,0,1,1, , ,N,1,2,0,3,0,1,3,3,N,N,39 57:31.207,75 12:50.450,1645, ,1645, ,0, , , ,3, , , , , ,472495, , , ,3,1,0,0,0,0,1,0,0,0,0,1,1,0,0,0,0,0,0,0,0,0,0,0,0,0,0,0,0,0,0,0,0,0,0,4,0,39.9586,-75.214, , 
 ,42270,2014130517,6,67,67301,2014,11,3,1555,15,1,1,0,4,1, , ,N,2,2,0,3,0,1,2,2,N,N,39 57:12.696,75 11:07.083,1557, ,1557, ,0, ,N, ,3, , , , , ,472505, , , ,1,0,0,0,0,1,0,0,1,0,0,1,1,0,0,0,0,0,0,0,1,0,0,0,0,0,0,0,0,0,0,0,0,0,0,4,1,39.9535,-75.1853, , 
 ,42271,2014075219,6,67,67301,2014,6,6,1700,17,1,1,0,4,1, , ,N,1,3,0,3,0,0,2,2,N,N,40 03:22.744,75 10:10.433,1720, ,1703, ,0, ,N, ,3, , , , , ,472511, , , ,2,2,0,0,0,0,0,0,0,0,0,0,0,0,0,0,0,0,1,0,0,1,0,0,0,0,0,0,0,0,0,0,0,0,0,0,0,40.0563,-75.1696, , 
 ,42272,2014087767,6,67,67301,2014,8,6,1415,14,1,1,0,1,1, , ,N,2,0,0,3,0,1,4,4,N,N,40 04:15.063,75 10:47.395,1433, ,1429, ,0, ,N, ,0, , , , , ,472520, , , ,4,3,0,0,0,0,1,0,0,0,1,0,1,0,0,0,0,0,0,0,0,0,1,0,0,0,0,0,0,0,0,0,0,0,0,3,0,40.0709,-75.1798, , 
 ,42273,2014089427,6,67,67301,2014,8,6,1607,16,1,1,0,3,1, , ,N,0,0,0,3,0,0,1,2,N,N,40 00:31.604,75 12:14.070,1629, ,1618, ,0, ,N, ,0, , , , , ,472521, , , ,2,1,0,0,0,1,0,0,0,0,0,0,0,0,0,0,0,0,0,1,0,0,0,0,0,0,0,0,0,0,0,0,0,0,0,0,1,40.0088,-75.2039, , 
 ,42274,2014111469,6,67,67301,2014,10,7,1315,13,1,1,0,4,1, , ,N,1,2,1,3,0,1,3,2,N,N,39 55:49.303,75 11:12.947,1328, ,1317, ,0, ,N, ,3, , , , , ,472538, , , ,2,1,0,0,1,0,0,0,0,0,0,0,1,1,0,0,0,0,0,0,1,0,0,0,0,0,0,0,0,0,0,0,0,0,0,8,0,39.9304,-75.1869, , 
 ,42275,2014115567,6,67,67301,2014,11,1,1400,14,1,1,0,8,1, , ,N,0,0,0,3,0,1,2,2,N,N,39 59:27.852,75 08:47.417,1550, ,1530, ,0, ,N, ,0, , , , , ,472539, , , ,1,1,0,0,0,0,0,0,0,0,0,1,1,0,0,0,0,0,0,0,0,1,0,1,0,0,0,0,0,0,0,0,1,0,0,4,0,39.9911,-75.1465, , 
 ,42276,2014059034,6,67,67301,2014,5,4,755,7,1,1,0,4,1, , ,N,1,2,0,3,0,0,2,2,N,N,39 56:02.993,75 10:03.404,810, ,800, ,0, , , ,3, , , , , ,472554, , , ,2,1,0,0,0,0,1,0,0,0,0,0,0,0,0,0,0,0,0,0,1,0,0,0,0,0,0,0,0,0,0,0,0,0,0,0,0,39.9342,-75.1675, , 
 ,42277,2014059339,6,67,67301,2014,5,6,1717,17,1,2,1,7,2, , ,N,6,0,2,3,0,0,3,2,N,N,39 53:26.786,75 13:41.563,1717, ,1717,1,1,3, , ,0,N, , , , ,472555, , , ,2,1,0,0,0,0,1,0,0,0,0,0,0,0,0,0,0,0,0,0,0,0,0,0,0,0,0,0,0,0,0,0,0,0,0,0,0,39.8908,-75.2282, , 
 ,42278,2014068107,6,67,67301,2014,5,7,9999,99,3,1,0,4,1, , ,N,1,2,0,3,0,1,2,2,N,N,40 02:09.477,75 02:33.014,38, ,33, ,0, , , ,3, , , , , ,472569, , , ,2,1,0,0,0,0,0,1,0,0,0,1,1,0,0,0,0,0,0,0,0,0,0,0,0,0,0,0,0,0,0,0,0,0,0,4,0,40.0359,-75.0424, , 
 ,42279,2014069426,6,67,67301,2014,6,2,815,8,1,1,0,4,1, , ,N,1,0,0,3,0,2,3,3,N, ,40 03:30.710,75 04:43.351,840, ,9999, ,0, , , ,0, , , , , ,472572, , , ,3,2,0,0,0,0,0,0,0,0,0,0,2,2,0,0,0,0,0,0,0,0,1,0,0,0,0,0,0,0,0,0,0,0,0,8,0,40.0585,-75.0788, , 
 ,42280,2014081080,6,67,67301,2014,7,2,207,2,3,1,0,7,4, , ,N,1,2,0,3,1,1,2,1,N,N,40 00:36.531,75 07:17.602,210, ,207,3,2,7, ,0,3,Y, , , , ,472584, , , ,1,1,0,0,0,0,0,0,0,1,0,0,1,0,0,0,0,0,0,0,0,0,0,1,1,0,0,0,0,0,0,0,0,0,0,1,0,40.0101,-75.1214,2, 
 ,42281,2014083058,6,67,67301,2014,6,2,240,2,3,1,0,5,6, , ,N,0,0,0,3,0,0,1,6,N,N,39 56:35.896,75 14:19.036,250, ,245,3,1,4, , ,0,N, , , , ,472590, , , ,6,4,0,0,0,0,2,0,0,0,0,0,0,0,0,0,0,0,0,0,0,0,0,0,0,0,0,0,0,0,0,0,0,0,0,0,0,39.9433,-75.2386, , 
 ,42282,2014068569,6,67,67301,2014,6,7,1535,15,1,1,0,9,1, , ,N,0,0,0,3,0,1,2,2,N,N,39 58:35.824,75 09:51.062,1540, ,1540, ,0, ,N, ,0, , , , , ,472592, , , ,1,0,0,0,1,0,0,0,1,0,0,1,1,0,1,0,0,0,0,0,0,0,0,0,0,0,0,0,0,0,0,0,0,0,0,4,0,39.9766,-75.1642, , 
 ,42283,2015002715,6,67,67301,2014,12,5,1210,12,1,1,0,2,1, , ,N,0,2,0,3,0,1,2,2,N,N,39 54:10.402,75 10:26.428,1250, ,1226, ,0, ,N, ,2, , , , , ,472612, , , ,2,2,0,0,0,0,0,0,0,0,1,0,1,0,0,0,0,0,0,0,1,0,0,0,0,0,0,0,0,0,0,0,0,0,0,3,0,39.9029,-75.174, , 
 ,42284,2015028128,6,67,67301,2014,9,2,1600,16,1,1,0,4,1, , ,N,1,3,0,3,0,4,5,2,N,N,39 59:13.857,75 09:02.072,0, ,0, ,0, ,N, ,3, , , , , ,472614, , , ,2,0,0,0,0,0,1,0,0,0,4,0,4,0,0,0,0,0,0,0,1,0,0,0,0,0,0,0,0,0,0,0,0,0,0,3,0,39.9872,-75.1505, , 
 ,42285,2015031446,6,67,67301,2014,12,2,2000,20,3,1,0,7,5, , ,N,0,0,0,3,0,3,3,2,N,N,39 53:55.716,75 14:20.671,0, ,0, ,0, ,N, ,0, , , , , ,472615, , , ,1,1,0,0,0,0,0,0,0,0,0,0,3,3,0,0,0,0,0,0,0,0,0,0,0,0,0,0,0,0,0,0,0,0,0,8,0,39.8988,-75.2391, , 
 ,42286,2014113428,6,67,67301,2014,10,6,334,3,3,1,0,7,4, , ,N,2,2,0,3,0,0,5,1,N, ,40 05:47.006,74 58:15.579,339, ,336,9,2,7,N, ,3,Y, , , , ,472621, , , ,1,1,0,0,0,0,0,0,0,0,0,0,0,0,0,0,0,0,0,0,0,0,0,0,0,0,0,0,0,0,0,0,0,0,0,0,0,40.0964,-74.971, , 
 ,42287,2014087824,6,67,67301,2014,7,5,1220,12,1,1,0,5,1, , ,N,0,0,0,3,0,0,2,3,N,N,40 02:06.248,75 07:50.610,1225, ,1224,1,1,1,N, ,0,N, , , , ,475117, , , ,3,3,0,0,0,0,0,0,0,0,0,0,0,0,0,0,0,0,0,0,0,0,0,2,0,0,0,0,0,0,0,0,0,0,0,0,0,40.0351,-75.1307, , 
 ,42288,2014088937,6,67,67301,2014,8,1,9999,99,3,1,0,4,1, , ,N,1,2,0,3,0,1,5,2,N,N,40 01:21.712,75 08:00.711,2226, ,2152,1,1,1, , ,3,N, , , , ,475119, , , ,2,2,0,0,0,0,0,0,0,0,0,1,1,0,3,0,0,0,0,0,0,0,0,0,0,0,0,0,0,0,0,0,0,0,0,4,0,40.0227,-75.1335, , 
 ,42289,2014098615,6,67,67301,2014,9,6,1741,17,1,1,0,4,1, , ,N,1,2,0,3,0,0,2,2,N,N,40 00:02.469,75 08:52.972,1746, ,1746, ,0, ,N, ,3, , , , , ,475124, , , ,2,1,0,0,0,0,1,0,0,0,0,0,0,0,0,0,0,0,0,0,0,0,0,0,0,0,0,0,0,0,0,0,0,0,0,0,0,40.0007,-75.148, , 
 ,42290,2014121441,6,67,67301,2014,9,7,156,1,3,1,0,7,4, , ,N,0,0,0,3,0,1,1,1,N,N,40 01:17.328,75 08:56.814,208, ,158,4,2,3,N, ,0,Y, , , , ,475135, , , ,1,1,0,0,0,0,0,0,0,0,0,1,1,0,0,0,0,0,0,0,1,0,0,0,0,0,0,0,0,0,0,0,0,0,0,4,0,40.0215,-75.1491, , 
 ,42291,2014049609,6,67,67301,2014,4,6,1557,15,1,1,0,7,4, , ,N,1,2,0,3,0,2,2,2,N,N,40 03:28.882,75 03:09.932,1605, ,1600, ,0, , , ,3, , , , , ,475172, , , ,1,1,0,0,0,0,0,0,0,0,0,0,2,2,0,0,0,0,0,0,0,0,0,0,0,0,0,0,0,0,0,0,1,0,0,8,0,40.058,-75.0527, , 
 ,42292,2014058991,6,67,67301,2014,4,5,9999,99,1,1,0,8,1, , ,N,0,0,0,3,0,1,2,2,N,N,39 57:53.626,75 09:51.630,2001, ,1958, ,0, ,N, ,0, , , , , ,475176, , , ,1,1,0,0,0,0,0,0,0,0,0,1,1,0,0,0,0,0,0,0,0,0,0,0,0,0,0,0,0,0,0,0,1,0,0,4,0,39.9649,-75.1643, , 
 ,42293,2014059302,6,67,67301,2014,5,4,205,2,3,1,0,5,6, , ,N,0,0,0,3,0,1,1,4,N, ,39 59:36.928,75 06:39.141,212, ,211,3,1,4, , ,0,Y, , , , ,475177, , , ,4,1,0,0,0,0,3,0,0,0,0,1,1,0,0,0,0,0,0,0,0,0,0,0,0,0,0,0,0,0,0,0,0,0,0,4,0,39.9936,-75.1109, , 
 ,42294,2014076405,6,67,67301,2014,8,2,1839,18,1,1,0,1,1, , ,N,0,0,0,3,0,2,2,2,N,N,40 00:10.024,75 11:40.037,1850, ,1842,1,1,4,N, ,0,N, , , , ,475191, , , ,2,0,0,0,1,0,1,0,0,0,0,0,2,2,0,0,0,0,0,0,0,0,0,0,0,0,0,0,0,0,0,0,0,0,0,8,0,40.0028,-75.1945, , 
 ,42295,2014084358,6,67,67301,2014,7,5,938,9,1,1,0,5,1, , ,N,0,0,0,3,0,1,2,2,N,N,39 57:09.090,75 12:33.490,942, ,939, ,0, ,N, ,0, , , , , ,475200, , , ,1,1,0,0,0,0,0,0,1,0,0,1,1,0,0,0,0,0,0,0,0,0,0,0,0,0,0,0,0,0,0,0,0,0,0,4,0,39.9525,-75.2093, , 
 ,42296,2014088106,6,67,67301,2014,7,3,1605,16,1,1,0,4,1, , ,N,1,2,0,3,0,1,2,2,N,N,40 01:24.369,75 08:21.713,1630, ,1620, ,0, ,N, ,2, , , , , ,475207, , , ,2,2,0,0,0,0,0,0,0,0,0,1,1,0,0,0,0,0,0,0,0,0,0,0,0,0,0,0,0,0,0,0,0,0,0,4,0,40.0234,-75.1394, , 
 ,42297,2014088794,6,67,67301,2014,8,4,2315,23,3,1,0,1,1, , ,N,0,0,0,3,0,1,2,2,N,N,39 54:47.410,75 09:54.290,1228, ,1223, ,0, ,N, ,0, , , , , ,475208, , , ,1,0,1,0,0,0,0,0,1,0,0,0,1,1,0,0,0,0,0,0,0,0,0,0,0,0,0,0,0,0,0,0,0,0,0,8,0,39.9132,-75.1651, , 
 ,42298,2014122471,6,67,67301,2014,11,5,1025,10,1,2,1,4,1, , ,N,1,3,0,3,0,1,2,2,N, ,39 57:34.894,75 13:43.795,1040, ,1038, ,0, , , ,3, , , , , ,475261, , , ,2,2,0,0,0,0,0,0,0,0,0,1,1,0,0,0,0,0,0,0,0,0,0,0,0,0,0,0,0,0,0,0,0,0,0,4,0,39.9597,-75.2288, , 
 ,42299,2014127306,6,67,67301,2014,12,4,800,8,1,1,0,4,1, , ,N,1,2,0,3,0,1,2,2,N,N,39 58:42.242,75 09:20.526,805, ,800,1,1,3,N, ,3,Y, , , , ,475266, , , ,2,1,0,0,0,1,0,0,0,0,0,1,1,0,0,0,0,0,0,0,1,0,0,0,0,0,0,0,0,0,0,0,0,0,0,4,1,39.9783,-75.1557, , 
 ,42300,2015006646,6,67,67301,2014,12,4,1608,16,4,2,2,7,4, , ,N,0,0,0,3,0,1,4,1,N,N,39 59:14.693,75 09:56.814,1614, ,1610, ,0, ,N, ,0, , , , , ,475288, , , ,1,0,0,0,0,0,1,0,0,0,0,1,1,0,0,0,0,0,0,0,0,0,0,0,0,0,0,0,0,0,0,0,0,0,0,4,0,39.9874,-75.1658, , 
 ,42301,2014091380,6,67,67301,2014,8,6,1027,10,1,1,0,4,1, , ,N,1,2,0,3,0,1,2,2,N, ,40 00:36.435,75 07:17.178,1033, ,1029,2,2,6, , ,3,Y, , , , ,475316, , , ,2,2,0,0,0,0,0,0,0,0,0,1,1,0,0,0,0,0,0,0,0,0,0,0,0,0,0,0,0,0,0,0,0,0,0,4,0,40.0101,-75.1214, , 
 ,42302,2014104551,6,67,67301,2014,9,5,1820,18,1,1,0,8,1, , ,N,2,2,0,3,0,1,2,2,N,N,39 56:56.025,75 11:22.873,1826, ,1825, ,0, ,N, ,3, , , , , ,475327, , , ,1,1,0,0,0,0,0,0,0,0,0,0,1,1,0,0,0,0,0,0,1,0,0,0,0,0,0,0,0,0,0,0,1,0,0,8,0,39.9489,-75.1897, , 
 ,42303,2014107216,6,67,67301,2014,10,7,1515,15,1,2,1,5,1, , ,N,0,0,0,3,0,1,3,3,N,N,40 01:13.502,75 09:12.567,1531, ,1515,2,2,2,N, ,0,Y, , , , ,475329, , , ,3,2,0,0,0,0,1,0,0,0,0,1,1,0,0,0,0,0,0,0,1,0,0,0,0,0,0,0,0,0,0,0,0,0,0,4,0,40.0204,-75.1535, , 
 ,42304,2014116034,6,67,67301,2014,5,7,2130,21,1,1,0,5,1, , ,N,0,0,0,3,0,0,3,2,N,N,39 58:04.487,75 11:24.950,0, ,0, ,0, ,N, ,0, , , , , ,475336, , , ,2,0,0,0,1,0,0,0,0,0,0,0,0,0,1,0,0,0,0,0,1,0,0,0,0,0,0,0,0,0,0,0,0,0,0,9,0,39.9679,-75.1903, , 
 ,42305,2014073963,6,67,67301,2014,6,7,1145,11,1,1,0,1,1, , ,N,0,0,0,3,0,1,5,2,N,N,40 00:06.702,75 11:41.845,1150, ,1150, ,0, ,N, ,0, , , , , ,466966, , , ,2,1,0,0,1,0,0,0,0,0,0,1,1,0,0,0,0,0,0,0,0,1,0,0,0,0,0,0,0,0,0,0,0,0,0,4,0,40.0019,-75.195, , 
 ,42306,2014088082,6,67,67301,2014,8,1,1520,15,1,1,0,4,1, , ,N,1,2,0,3,0,2,3,2,N,N,39 54:15.296,75 09:52.610,1626, ,1609, ,0, ,N, ,3, , , , , ,466972, , , ,2,2,0,0,0,0,0,0,0,0,0,0,2,2,0,0,0,0,0,1,1,0,0,0,0,0,0,0,0,0,0,0,0,0,0,8,0,39.9042,-75.1646, , 
 ,42307,2014096804,6,67,67301,2014,9,5,1130,11,1,1,0,1,1, , ,N,2,2,0,3,0,1,3,2,N,N,40 01:50.524,75 03:42.293,1203, ,1150,1,1,4,N, ,3,N, , , , ,466980, , , ,2,2,0,0,0,0,0,0,0,0,0,1,1,0,0,0,0,0,0,0,1,1,0,0,0,0,0,0,0,0,0,0,0,0,0,4,0,40.0307,-75.0617, , 
 ,42308,2014098652,6,67,67301,2014,9,6,230,2,3,1,0,5,6, , ,N,0,0,0,3,0,0,1,2,N,N,39 56:57.021,75 09:51.683,239, ,235, ,0, ,N, ,0, , , , , ,466981, , , ,2,2,0,0,0,0,0,0,0,0,0,0,0,0,0,0,0,0,0,0,0,0,0,1,0,0,0,0,0,0,0,0,0,0,0,0,0,39.9492,-75.1644, , 
 ,42309,2014113316,6,67,67301,2014,10,6,1850,18,1,1,0,3,1, , ,N,1,3,0,3,0,1,4,2,Y, ,39 57:03.654,75 13:29.060,1026, ,1858, ,0, , , ,3, , , , , ,467006, , , ,2,1,0,1,0,0,0,0,0,0,0,0,1,1,0,0,0,0,0,0,0,0,0,0,0,0,0,0,0,0,0,0,0,0,0,8,1,39.951,-75.2247, , 
 ,42310,2014119571,6,67,67301,2014,11,7,917,9,1,1,0,1,1, , ,N,0,0,0,3,0,0,6,3,N,N,39 58:22.317,75 11:37.146,928, ,920,1,1,4,N, ,0,N, , , , ,467011, , , ,3,2,0,0,0,0,1,0,0,0,0,0,0,0,0,0,0,0,0,0,0,0,0,0,0,0,0,0,0,0,0,0,0,0,0,0,0,39.9729,-75.1937, , 
 ,42311,2014083081,6,67,67301,2014,6,3,1148,11,1,1,0,8,1, , ,N,0,0,0,3,0,1,2,2,N,N,39 57:22.133,75 09:43.577,1308, ,1258, ,0, , , ,0, , , , , ,467020, , , ,1,1,0,0,0,0,0,0,0,0,0,1,1,0,0,0,0,0,0,0,0,0,0,0,0,0,0,0,0,0,0,0,1,0,0,4,0,39.9561,-75.1621, , 
 ,42312,2014087860,6,67,67301,2014,7,5,836,8,1,1,1,4,1, , ,N,3,0,0,3,0,1,2,2,N,N,39 58:04.262,75 10:48.560,837, ,806, ,0, , , ,0, , , , , ,467022, , , ,1,0,0,0,0,0,1,0,1,0,0,1,1,0,0,0,0,0,0,0,1,0,0,0,0,0,0,0,0,0,0,0,0,0,0,4,0,39.9678,-75.1802, , 
 ,42313,2014095954,6,67,67301,2014,9,1,2126,21,3,1,0,4,1, , ,N,1,3,0,3,0,1,2,2,N, ,39 58:25.946,75 08:35.552,2134, ,2130,2,2,3, , ,3,Y, , , , ,467025, , , ,1,1,0,0,0,0,0,0,1,0,1,0,1,0,0,0,0,0,0,0,1,0,0,0,0,0,0,0,0,0,0,0,0,0,0,3,0,39.9739,-75.1432, , 
 ,42314,2014096401,6,67,67301,2014,9,1,107,1,3,1,0,4,1, , ,N,0,0,0,3,0,5,6,3,N,N,39 57:46.426,75 12:06.810,112, ,108,2,2,4,N, ,0,Y, , , , ,467026, , , ,3,2,0,0,0,0,0,0,0,0,0,5,5,0,0,0,0,0,0,0,0,0,0,0,0,0,0,0,0,0,0,0,0,0,0,4,0,39.9629,-75.2019, , 
 ,42315,2014097849,6,67,67301,2014,10,5,1717,17,1,1,0,7,4, , ,N,0,0,0,3,0,1,2,2,N,N,40 00:35.194,75 03:53.756,1724, ,1717,2,1,2,N, ,0,N, , , , ,467027, , , ,2,1,0,0,0,0,0,1,0,0,0,1,1,0,0,0,0,0,0,0,0,0,0,1,0,0,0,0,0,0,0,0,0,0,0,4,0,40.0098,-75.0649, , 
 ,42316,2014110421,6,67,67301,2014,10,2,1100,11,1,1,0,8,1, , ,N,5,2,1,3,0,1,2,2,N, ,40 00:01.004,75 06:23.097,1100, ,1100, ,0, , , ,3, , , , , ,467038, , , ,1,1,0,0,0,0,0,0,0,0,0,1,1,0,0,0,0,0,0,0,0,0,0,0,0,0,0,0,0,0,0,0,1,0,0,4,0,40.0003,-75.1064, , 
 ,42317,2014122440,6,67,67301,2014,11,1,1310,13,1,1,0,4,1, , ,N,1,2,0,3,0,4,6,2,N,N,40 03:58.061,75 03:46.964,1320, ,1310,3,1,1,N, ,3,N, , , , ,467058, , , ,2,1,0,0,0,0,1,0,0,0,0,0,4,4,0,0,0,0,0,0,0,1,0,0,0,0,0,0,0,0,0,0,0,0,0,8,0,40.0661,-75.063, , 
 ,42318,2014124992,6,67,67301,2014,11,2,1805,18,4,1,0,4,1, , ,N,2,0,2,3,0,2,4,2,N,N,39 57:15.224,75 08:22.204,1810, ,9999,2,1,1,N, ,0,N, , , , ,467060, , , ,2,2,0,0,0,0,0,0,0,0,0,2,2,0,0,0,0,0,0,0,1,0,0,0,0,0,0,0,0,0,0,0,0,0,0,4,0,39.9542,-75.1395, , 
 ,42319,2014110400,6,67,67301,2014,10,6,1822,18,4,1,0,4,1, , ,N,1,0,0,3,0,1,2,2,N,N,39 57:18.295,75 11:29.875,1824, ,1824, ,0, ,N, ,0, , , , , ,467087, , , ,1,1,0,0,0,0,0,0,1,0,0,0,1,1,0,0,0,0,0,0,0,0,0,0,0,0,0,0,0,0,0,0,0,0,0,8,0,39.9551,-75.1916, , 
 ,42320,2014113346,6,67,67301,2014,10,5,941,9,1,2,1,7,2, , ,N,0,0,0,3,0,0,1,2,N,N,40 01:45.019,75 11:23.960,948, ,942,2,1,2,N, ,0,N, , , , ,467090, , , ,1,1,0,0,0,0,0,0,0,0,0,0,0,0,0,0,0,0,0,0,1,0,0,0,0,0,0,0,0,0,0,0,0,0,0,0,0,40.0292,-75.19, , 
 ,42321,2014075021,6,67,67301,2014,7,3,1155,11,1,1,0,1,1, , ,N,0,0,0,3,0,0,2,2,N,N,40 03:01.008,74 59:29.023,1206, ,1200, ,0, ,N, ,0, , , , , ,467135, , , ,2,0,0,0,1,0,0,1,0,0,0,0,0,0,0,1,0,0,0,0,0,0,0,0,0,0,0,0,0,0,0,0,0,0,0,0,0,40.0503,-74.9914, , 
 ,42322,2014075984,6,67,67301,2014,6,3,1145,11,1,1,0,4,1, , ,N,1,2,0,3,0,2,3,2,N, ,39 57:13.024,75 13:05.347,1148, ,1148,2,1,3, , ,3,Y, , , , ,467137, , , ,2,1,0,0,0,0,0,1,0,0,0,1,2,1,0,0,0,0,0,0,0,1,0,0,0,0,0,0,0,0,0,0,0,0,0,4,0,39.9536,-75.2182, , 