wz_ln_closure,objectid_1,crn,district,county,municipality,crash_year,crash_month,day_of_week,time_of_day,hour_of_day,illumination,weather,road_condition,collision_type,relation_to_road,work_zone_type,work_zone_loc,work_zone_ind,intersect_type,tcd_type,location_type,urban_rural,fatal_count,injury_count,person_count,total_units,sch_bus_ind,sch_zone_ind,latitude,longitude,arrival_tm,cons_zone_spd_lim,dispatch_tm,est_hrs_closed,lane_closed,ln_close_dir,ntfy_hiwy_maint,spec_juris_cd,tcd_func_cd,tfc_detour_ind,workers_pres,wz_close_detour,wz_flagger,wz_law_offcr_ind,objectid,wz_moving,wz_other,wz_shlder_mdn,vehicle_count,automobile_count,motorcycle_count,bus_count,small_truck_count,heavy_truck_count,suv_count,van_count,bicycle_count,maj_inj_count,mod_inj_count,min_inj_count,tot_inj_count,unk_inj_deg_count,unk_inj_per_count,driver_count_16yr,driver_count_17yr,driver_count_18yr,driver_count_19yr,driver_count_20yr,driver_count_50_64yr,driver_count_65_74yr,driver_count_75plus,unbelted_occ_count,unb_death_count,unb_maj_inj_count,belted_death_count,belted_maj_inj_count,mcycle_death_count,mcycle_maj_inj_count,bicycle_death_count,bicycle_maj_inj_count,ped_count,ped_death_count,ped_maj_inj_count,max_severity_level,comm_veh_count,dec_lat,dec_long,rdwy_surf_type_cd,county_name
 ,42456,2014054630,6,67,67301,2014,5,5,1605,16,1,1,0,5,1, , ,N,0,0,0,3,0,2,3,2,N,N,39 57:07.458,75 09:39.564,1605, ,1605,2,1,4,N, ,0,N, , , , ,467345, , , ,2,1,0,0,0,0,1,0,0,0,0,0,2,2,0,0,0,0,0,0,1,0,0,0,0,0,0,0,0,0,0,0,0,0,0,8,0,39.9521,-75.161, , 
 ,42457,2014103559,6,67,67301,2014,9,4,1340,13,1,1,0,1,1, , ,N,0,0,0,3,0,0,3,3,N,N,40 02:41.885,75 03:15.475,1344, ,1340,2,1,2,N, ,0,N, , , , ,467351, , , ,3,1,0,0,0,0,0,2,0,0,0,0,0,0,0,0,0,0,0,0,1,0,0,0,0,0,0,0,0,0,0,0,0,0,0,0,0,40.045,-75.0543, , 
 ,42458,2014113398,6,67,67301,2014,10,3,1020,10,1,1,0,1,1, , ,N,1,2,0,3,0,1,2,2,N,N,39 55:51.967,75 10:23.350,1027, ,1025, ,0, ,N, ,3, , , , , ,467359, , , ,2,1,0,0,0,0,1,0,0,0,0,0,1,1,0,0,0,0,0,0,0,0,0,0,0,0,0,0,0,0,0,0,0,0,0,8,0,39.9311,-75.1732, , 
 ,42459,2014051768,6,67,67301,2014,4,6,712,7,1,1,0,5,6, , ,N,0,0,0,3,0,0,1,5,N, ,39 56:34.011,75 13:10.516,722, ,713,3,1,2, , ,0,N, , , , ,467362, , , ,5,2,0,0,0,1,1,1,0,0,0,0,0,0,0,0,0,0,0,0,0,0,0,0,0,0,0,0,0,0,0,0,0,0,0,0,1,39.9428,-75.2196, , 
 ,42460,2014059135,6,67,67301,2014,5,5,953,9,1,1,0,7,3, , ,N,0,0,0,3,0,0,3,2,N,N,40 03:11.195,75 03:00.051,1000, ,954,2,2,2,N, ,0,N, , , , ,467368, , , ,2,0,0,0,1,0,0,1,0,0,0,0,0,0,0,0,0,0,0,1,0,0,0,0,0,0,0,0,0,0,0,0,0,0,0,0,0,40.0531,-75.05, , 
 ,42461,2014088932,6,67,67301,2014,8,1,1650,16,1,1,0,4,1, , ,N,0,0,0,3,0,1,3,2,N,N,39 54:56.924,75 09:47.140,1658, ,1655, ,0, ,N, ,0, , , , , ,467392, , , ,1,1,0,0,0,0,0,0,1,0,0,0,1,1,0,0,0,0,0,0,0,0,0,0,0,0,0,0,0,0,0,0,0,0,0,8,0,39.9158,-75.1631, , 
 ,42462,2014084168,6,67,67301,2014,7,4,1740,17,1,1,0,4,1, , ,N,1,2,0,3,0,1,3,2,N,N,39 56:03.465,75 09:02.912,1742, ,1742, ,0, ,N, ,3, , , , , ,467405, , , ,1,0,0,0,0,0,1,0,1,0,0,0,1,1,0,0,0,0,0,0,0,0,0,0,0,0,0,0,0,0,0,0,0,0,0,8,0,39.9343,-75.1508, , 
 ,42463,2014084218,6,67,67301,2014,7,1,1425,14,1,1,0,4,1, , ,N,1,3,0,3,0,2,3,2,N,N,39 59:47.115,75 07:32.807,1619, ,1619, ,0, , , ,3, , , , , ,467406, , , ,2,1,1,0,0,0,0,0,0,0,0,0,2,2,0,0,0,0,0,0,0,1,0,0,0,0,0,0,0,0,0,0,0,0,0,8,0,39.9964,-75.1258, , 
 ,42464,2014087406,6,67,67301,2014,8,2,2212,22,3,1,0,1,1, , ,N,0,0,0,3,0,2,2,2,N,N,39 57:21.505,75 08:29.600,2224, ,2214,2,1,2,Y, ,0,N, , , , ,467410, , , ,2,0,0,0,0,0,1,1,0,1,1,0,2,0,0,0,0,0,0,0,1,0,0,0,0,0,0,0,0,0,0,0,0,0,0,2,0,39.956,-75.1416, , 
 ,42465,2014087934,6,67,67301,2014,8,4,1325,13,1,1,0,4,1, , ,N,1,2,0,3,0,0,2,2,N, ,40 04:50.725,75 01:42.964,1533, ,1531, ,0, , , ,3, , , , , ,467411, , , ,2,1,0,0,0,0,1,0,0,0,0,0,0,0,0,0,0,0,0,0,0,0,0,0,0,0,0,0,0,0,0,0,0,0,0,0,0,40.0808,-75.0286, , 
 ,42466,2014087984,6,67,67301,2014,8,6,1855,18,1,1,0,4,1, , ,N,2,0,0,3,0,2,4,3,N,N,40 02:33.215,75 04:28.018,1900, ,1900, ,0, , , ,0, , , , , ,467412, , , ,3,2,0,0,0,0,0,1,0,0,2,0,2,0,0,0,0,0,0,0,0,0,0,1,0,0,0,0,0,0,0,0,0,0,0,3,0,40.0425,-75.0744, , 
 ,42467,2014088668,6,67,67301,2014,8,6,219,2,3,1,0,6,6, , ,N,0,0,0,3,0,1,1,3,N,N,39 58:35.673,75 14:19.485,219, ,219, ,0, ,N, ,0, , , , , ,467414, , , ,3,1,0,0,0,0,2,0,0,0,0,0,1,1,0,0,0,0,0,0,0,0,0,0,0,0,0,0,0,0,0,0,0,0,0,8,0,39.9766,-75.2387, , 
 ,42468,2014091392,6,67,67301,2014,8,2,1930,19,4,1,0,7,5, , ,N,2,0,0,3,0,1,1,1,N,N,39 59:34.728,75 07:42.466,2000, ,1949, ,0, ,N, ,0, , , , , ,467417, , , ,1,0,0,0,0,0,1,0,0,0,0,0,1,1,0,0,0,0,0,0,0,0,0,1,0,0,0,0,0,0,0,0,0,0,0,8,0,39.993,-75.1285, , 
 ,42469,2014095968,6,67,67301,2014,8,7,1700,17,1,1,0,4,1, , ,N,2,3,0,3,0,1,2,2,N,N,39 57:32.714,75 14:33.645,1707, ,1703, ,0, ,N, ,3, , , , , ,470029, , , ,1,1,0,0,0,0,0,0,1,0,0,1,1,0,0,0,0,0,0,0,0,0,0,0,0,0,0,0,0,0,0,0,0,0,0,4,0,39.9591,-75.2427, , 
 ,42470,2014106685,6,67,67301,2014,10,7,1821,18,1,1,0,8,1, , ,N,1,3,0,3,0,1,2,2,N,N,39 56:58.131,75 13:08.453,1823, ,1822,1,1,1, , ,3,Y, , , , ,470040, , , ,1,1,0,0,0,0,0,0,0,0,0,1,1,0,0,0,0,0,0,0,0,1,0,0,0,0,0,0,0,0,0,0,1,0,0,4,0,39.9495,-75.219, , 
 ,42471,2014116194,6,67,67301,2014,11,4,1553,15,1,1,0,1,1, , ,N,0,0,0,3,0,0,3,3,N,N,39 57:18.225,75 10:51.132,1606, ,1556,1,2,4,N, ,0,N, , , , ,470043, , , ,3,2,0,0,1,0,0,0,0,0,0,0,0,0,0,0,0,0,0,0,0,0,0,0,0,0,0,0,0,0,0,0,0,0,0,0,0,39.9551,-75.1809, , 
 ,42472,2014125126,6,67,67301,2014,11,4,2005,20,2,2,1,8,1, , ,N,1,2,0,3,0,1,2,2,N, ,40 00:07.962,75 09:27.759,2015, ,2010, ,0, , , ,3, , , , , ,470049, , , ,1,1,0,0,0,0,0,0,0,0,0,1,1,0,0,0,0,0,0,1,0,0,0,0,0,0,0,0,0,0,0,0,1,0,0,4,0,40.0022,-75.1576, , 
 ,42473,2015002768,6,67,67301,2014,12,7,1800,18,3,1,0,4,1, , ,N,1,2,0,3,0,1,2,2,N,N,40 01:37.801,75 09:04.478,1845, ,1800, ,0, ,N, ,3, , , , , ,470053, , , ,2,1,0,0,1,0,0,0,0,0,0,1,1,0,0,0,0,0,0,0,1,0,0,0,0,0,0,0,0,0,0,0,0,0,0,4,0,40.0272,-75.1512, , 
 ,42474,2014120845,6,67,67301,2014,11,3,2010,20,3,1,0,5,6, , ,N,0,0,0,3,0,1,2,3,N,N,40 01:42.300,75 02:18.400,2010, ,2010, ,0, ,N, ,0, , , , , ,470054, , , ,3,2,0,0,0,0,1,0,0,0,0,1,1,0,0,0,0,0,0,0,0,0,0,1,0,0,0,0,0,0,0,0,0,0,0,4,0,40.0284,-75.0384, , 
 ,42475,2014126744,6,67,67301,2014,12,1,1137,11,1,1,0,7,2, , ,N,0,0,0,3,0,0,2,1,N,N,39 54:39.990,75 08:56.366,1139, ,1137,1,1,2,N, ,0,N, , , , ,470060, , , ,1,1,0,0,0,0,0,0,0,0,0,0,0,0,0,0,0,0,0,0,0,0,0,0,0,0,0,0,0,0,0,0,0,0,0,0,0,39.9111,-75.149, , 
 ,42476,2015006058,6,67,67301,2014,12,5,1722,17,3,1,0,4,1, , ,N,1,2,0,3,0,4,5,3,N,N,39 57:29.691,75 13:23.712,1725, ,1723,3,2,2,N, ,3,Y, , , , ,470066, , , ,3,3,0,0,0,0,0,0,0,0,1,3,4,0,0,0,0,0,0,0,0,1,0,0,0,0,0,0,0,0,0,0,0,0,0,3,0,39.9582,-75.2232, , 
 ,42477,2014076769,6,67,67301,2014,8,7,2330,23,3,1,0,1,1, , ,N,0,0,0,3,0,0,5,2,N,N,39 58:41.714,75 06:40.021,2340, ,2330,2,1,2,N, ,0,N, , , , ,470079, , , ,2,2,0,0,0,0,0,0,0,0,0,0,0,0,0,0,0,0,0,0,1,0,0,0,0,0,0,0,0,0,0,0,0,0,0,0,0,39.9783,-75.1111, , 
 ,42478,2014083087,6,67,67301,2014,6,6,1453,14,1,1,0,4,1, , ,N,1,2,0,3,0,0,2,2,N,N,40 03:23.018,75 01:08.607,1533, ,1522, ,0, , , ,3, , , , , ,470084, , , ,2,2,0,0,0,0,0,0,0,0,0,0,0,0,0,0,0,0,0,0,0,0,0,0,0,0,0,0,0,0,0,0,0,0,0,0,0,40.0564,-75.0191, , 
 ,42479,2014089726,6,67,67301,2014,7,7,9999,99,1,1,0,4,1, , ,N,1,2,0,3,0,1,3,2,N,N,40 02:06.009,75 10:25.403,9999, ,9999, ,0, ,N, ,3, , , , , ,470091, , , ,2,1,0,0,0,0,1,0,0,0,0,1,1,0,0,0,0,0,0,0,1,1,0,0,0,0,0,0,0,0,0,0,0,0,0,4,0,40.035,-75.1737, , 
 ,42480,2014095941,6,67,67301,2014,9,6,1515,15,1,1,0,4,1, , ,N,1,3,0,3,0,1,3,2,N, ,39 55:46.592,75 10:16.651,1550, ,1543, ,0, , , ,3, , , , , ,470099, , , ,2,1,0,0,0,0,1,0,0,0,0,1,1,0,0,0,0,0,0,0,0,0,0,0,0,0,0,0,0,0,0,0,0,0,0,4,0,39.9296,-75.1713, , 
 ,42481,2014130447,6,67,67301,2014,12,5,1925,19,3,4,1,8,1, , ,N,2,2,0,3,0,1,2,2,N,N,40 02:32.276,75 11:21.944,2045, ,2045, ,0, ,N, ,3, , , , , ,470103, , , ,1,1,0,0,0,0,0,0,0,0,0,1,1,0,0,0,0,0,0,0,0,0,0,0,0,0,0,0,0,0,0,0,1,0,0,4,0,40.0423,-75.1894, , 
 ,42482,2015006042,6,67,67301,2014,12,4,18,0,3,1,0,4,1, , ,N,1,2,0,3,0,1,5,3,N,N,39 57:14.731,75 13:19.437,18, ,18, ,0, ,N, ,3, , , , , ,470106, , , ,3,1,0,0,0,0,2,0,0,0,0,0,1,1,0,0,0,0,0,0,2,0,0,0,0,0,0,0,0,0,0,0,0,0,0,8,0,39.9541,-75.2221, , 
 ,42483,2014084176,6,67,67301,2014,6,5,853,8,1,1,0,4,1, , ,N,1,2,0,3,0,2,2,2,N,N,39 59:11.194,75 14:13.923,853, ,854, ,0, ,N, ,3, , , , , ,470124, , , ,2,1,0,0,0,0,1,0,0,1,0,0,2,1,0,0,0,0,0,0,1,0,1,0,0,0,0,0,0,0,0,0,0,0,0,2,0,39.9864,-75.2372, , 
 ,42484,2014084183,6,67,67301,2014,3,4,1925,19,3,2,1,6,6, , ,N,0,0,0,3,0,0,0,3,N, ,39 56:10.399,75 09:28.499,1929, ,1928,9,1,4, , ,0,N, , , , ,470125, , , ,3,2,0,0,0,0,1,0,0,0,0,0,0,0,0,0,0,0,0,0,0,0,0,0,0,0,0,0,0,0,0,0,0,0,0,9,0,39.9362,-75.1579, , 
 ,42485,2014084449,6,67,67301,2014,7,5,2023,20,3,2,1,4,1, , ,N,1,2,0,3,0,1,3,2,N,N,40 01:40.946,75 06:36.204,2025, ,2024, ,0, ,N, ,1, , , , , ,470126, , , ,2,1,0,0,0,0,1,0,0,0,0,1,1,0,0,0,0,0,0,0,0,0,0,0,0,0,0,0,0,0,0,0,0,0,0,4,0,40.028,-75.1101, , 
 ,42486,2014088345,6,67,67301,2014,7,6,1140,11,1,1,0,4,1, , ,N,0,0,7,3,0,1,3,2,N,N,40 03:44.856,75 09:07.236,1155, ,1150, ,0, ,N, ,0, , , , , ,470129, , , ,2,1,0,0,0,0,0,1,0,0,0,1,1,0,0,0,0,0,0,0,1,1,0,0,0,0,0,0,0,0,0,0,0,0,0,4,0,40.0625,-75.152, , 
 ,42487,2014110403,6,67,67301,2014,10,3,1525,15,1,1,0,4,1, , ,N,1,2,0,3,0,1,2,2,N,N,39 55:45.425,75 10:06.785,1550, ,1546, ,0, ,N, ,3, , , , , ,473002, , , ,1,1,0,0,0,0,0,0,1,0,0,0,1,1,0,0,0,0,0,0,0,0,0,1,0,0,0,0,0,0,0,0,0,0,0,8,0,39.9293,-75.1686, , 
 ,42488,2014084280,6,67,67301,2014,7,7,9999,99,3,1,0,4,1, , ,N,1,2,0,3,0,0,4,2,N,N,39 57:07.822,75 08:42.804,342, ,342, ,0, , , ,3, , , , , ,473018, , , ,2,2,0,0,0,0,0,0,0,0,0,0,0,0,0,0,0,0,0,0,0,0,0,0,0,0,0,0,0,0,0,0,0,0,0,0,0,39.9522,-75.1452, , 
 ,42489,2014087841,6,67,67301,2014,8,7,2000,20,1,1,0,1,1, , ,N,0,0,0,3,0,1,2,2,N, ,39 59:25.210,75 07:59.190,2355, ,9999, ,0, , , ,0, , , , , ,473023, , , ,2,2,0,0,0,0,0,0,0,0,0,1,1,0,0,0,0,0,0,0,0,0,0,0,0,0,0,0,0,0,0,0,0,0,0,4,0,39.9903,-75.1331, , 
 ,42490,2014088787,6,67,67301,2014,8,5,1300,13,1,1,0,8,1, , ,N,1,0,0,3,0,1,2,2,N, ,39 55:14.170,75 14:39.299,1505, ,1504, ,0, , , ,0, , , , , ,473025, , , ,1,1,0,0,0,0,0,0,0,0,0,1,1,0,0,0,0,0,0,0,1,0,0,0,0,0,0,0,0,0,0,0,1,0,0,4,0,39.9206,-75.2442, , 
 ,42491,2014088821,6,67,67301,2014,8,7,9999,99,1,1,0,4,1, , ,N,1,0,0,3,0,1,3,2,N,N,39 57:59.670,75 14:23.337,1632, ,1630, ,0, , , ,0, , , , , ,473026, , , ,2,2,0,0,0,0,0,0,0,0,0,0,1,1,0,0,0,0,0,0,0,0,0,0,0,0,0,0,0,0,0,0,0,0,0,8,0,39.9666,-75.2398, , 
 ,42492,2014088304,6,67,67301,2014,7,5,1430,14,1,1,0,4,1, , ,N,0,0,0,3,0,1,2,2,N,N,40 00:11.334,75 08:16.001,1450, ,1450, ,0, ,N, ,0, , , , , ,473043, , , ,1,0,0,0,1,0,0,0,1,0,1,0,1,0,0,0,0,0,0,0,0,0,0,0,0,0,0,0,0,0,0,0,0,0,0,3,0,40.0031,-75.1378, , 
 ,42493,2014104421,6,67,67301,2014,9,2,1144,11,1,1,0,8,1, , ,N,2,2,0,3,0,1,2,2,N,N,39 56:59.578,75 12:16.853,1146, ,1144, ,0, ,N, ,3, , , , , ,473057, , , ,1,0,0,0,0,0,1,0,0,0,0,0,1,1,0,0,0,0,0,0,1,0,0,0,0,0,0,0,0,0,0,0,1,0,0,8,0,39.9499,-75.2047, , 
 ,42494,2014122409,6,67,67301,2014,11,5,1152,11,1,2,1,4,1, , ,N,2,3,0,3,0,0,2,2,N, ,39 56:59.578,75 12:16.853,1154, ,1154, ,0, , , ,3, , , , , ,473064, , , ,2,1,0,0,0,0,1,0,0,0,0,0,0,0,0,0,0,0,0,0,0,0,0,0,0,0,0,0,0,0,0,0,0,0,0,0,0,39.9499,-75.2047, , 
 ,42495,2015009651,6,67,67301,2014,12,2,1230,12,1,1,0,8,1, , ,N,1,2,0,3,0,1,3,2,N,N,39 56:49.048,75 09:16.145,1234, ,1232, ,0, , , ,3, , , , , ,473076, , , ,1,1,0,0,0,0,0,0,0,0,0,1,1,0,0,0,0,0,0,0,1,0,0,0,0,0,0,0,0,0,0,0,1,0,0,4,0,39.947,-75.1545, , 
 ,42496,2015020630,6,67,67301,2014,12,3,637,6,1,2,1,8,1, , ,N,0,0,0,3,0,1,2,2,N,N,40 03:52.786,75 04:16.849,650, ,641,9,1,2,N, ,0,N, , , , ,473077, , , ,1,1,0,0,0,0,0,0,0,1,0,0,1,0,0,0,0,0,0,0,0,0,0,0,0,0,0,0,0,0,0,0,1,0,1,2,0,40.0647,-75.0713, , 
 ,42497,2014055525,6,67,67301,2014,5,5,1609,16,1,1,0,1,1, , ,N,0,0,0,3,0,1,2,2,N,N,39 58:54.718,75 06:05.802,1614, ,1610,1,1,1,N, ,0,N, , , , ,473078, , , ,2,0,0,0,2,0,0,0,0,0,0,0,1,1,0,0,0,0,0,0,1,0,0,0,0,0,0,0,0,0,0,0,0,0,0,8,0,39.9819,-75.1016, , 
 ,42498,2014121443,6,67,67301,2014,11,7,900,9,1,1,0,2,1, , ,N,1,2,0,3,0,3,3,2,N,N,40 00:42.414,75 05:51.936,1152, ,1152, ,0, ,N, ,3, , , , , ,473087, , , ,2,1,0,0,0,0,0,1,0,0,0,3,3,0,0,0,0,0,0,0,0,0,0,0,0,0,0,0,0,0,0,0,0,0,0,4,0,40.0118,-75.0978, , 
 ,42499,2015017339,6,67,67301,2014,11,2,1330,13,1,1,0,3,1, , ,N,0,0,3,3,1,5,9,3,N,N,39 53:32.525,75 14:06.416,1340, ,1332,5,2,1,Y,0,0,N, , , , ,473099, , , ,3,2,0,0,0,0,1,0,0,1,2,2,5,0,0,0,0,0,0,0,0,0,1,1,1,0,0,1,0,0,0,0,0,0,0,1,0,39.8924,-75.2351,2, 
 ,42500,2014074530,6,67,67301,2014,6,6,651,6,1,2,1,5,1, , ,N,0,0,0,3,0,1,2,2,N,N,40 00:59.811,75 12:09.495,653, ,651, ,0, ,N, ,0, , , , , ,473118, , , ,2,2,0,0,0,0,0,0,0,0,0,1,1,0,1,0,0,0,1,0,0,0,0,0,0,0,0,0,0,0,0,0,0,0,0,4,0,40.0166,-75.2026, , 
 ,42501,2014085489,6,67,67301,2014,8,7,1813,18,1,1,0,4,1, , ,N,0,0,2,3,0,0,2,2,N,N,39 57:29.714,75 09:59.308,1841, ,1823,2,2,3,N, ,0,N, , , , ,473129, , , ,2,2,0,0,0,0,0,0,0,0,0,0,0,0,0,0,0,1,0,0,0,0,0,1,0,0,0,0,0,0,0,0,0,0,0,0,0,39.9583,-75.1665, , 
 ,42502,2014087991,6,67,67301,2014,8,6,1107,11,1,1,0,4,1, , ,N,5,2,0,3,0,1,2,2,N, ,39 54:46.993,75 10:20.708,1114, ,1108, ,0, , , ,3, , , , , ,473132, , , ,2,1,0,0,0,0,0,0,0,0,0,1,1,0,0,0,0,0,0,0,1,0,0,0,0,0,0,0,0,0,0,0,0,0,0,4,0,39.9131,-75.1724, , 
 ,42503,2014091348,6,67,67301,2014,8,5,1827,18,1,1,0,4,1, , ,N,1,2,0,3,0,3,3,2,N,N,40 03:12.900,75 08:29.229,1827, ,1827, ,0, , , ,3, , , , , ,473171, , , ,2,1,0,0,1,0,0,0,0,0,2,1,3,0,0,0,0,1,0,0,1,0,0,0,0,0,0,0,0,0,0,0,0,0,0,3,0,40.0537,-75.1414, , 
 ,42504,2014091393,6,67,67301,2014,9,6,1045,10,1,1,0,1,1, , ,N,1,3,0,3,0,0,2,2,N, ,39 55:19.725,75 10:18.951,1053, ,1047, ,0, , , ,3, , , , , ,473172, , , ,2,1,0,0,0,0,0,1,0,0,0,0,0,0,0,0,0,0,0,0,0,0,0,0,0,0,0,0,0,0,0,0,0,0,0,0,0,39.9221,-75.1719, , 
 ,42505,2014079285,6,67,67301,2014,6,1,1930,19,1,1,0,4,6, , ,N,1,3,0,3,0,2,3,4,N,N,39 57:56.527,75 11:52.234,1932, ,1930,2,2,1,N, ,3,Y, , , , ,476123, , , ,4,2,0,0,0,0,2,0,0,0,0,0,2,2,1,0,0,0,0,0,0,0,0,0,0,0,0,0,0,0,0,0,0,0,0,8,0,39.9657,-75.1978, , 
 ,42506,2014088381,6,67,67301,2014,7,3,2100,21,3,1,0,8,1, , ,N,1,2,0,3,0,1,2,2,N, ,40 02:04.023,75 06:53.623,2119, ,2109, ,0, , , ,3, , , , , ,476146, , , ,1,0,0,0,0,0,1,0,0,0,0,0,1,1,0,0,0,0,0,0,1,0,0,0,0,0,0,0,0,0,0,0,1,0,0,8,0,40.0345,-75.1149, , 
 ,42507,2014087974,6,67,67301,2014,7,1,100,1,3,1,1,7,4, , ,N,2,2,0,3,0,0,1,1,N, ,39 56:57.404,75 11:58.259,110, ,107, ,0, , , ,3, , , , , ,476174, , , ,1,0,0,0,0,0,0,1,0,0,0,0,0,0,0,0,0,0,0,0,0,0,0,0,0,0,0,0,0,0,0,0,0,0,0,0,0,39.9493,-75.1995, , 
 ,42508,2014106860,6,67,67301,2014,10,2,1740,17,4,2,1,2,1, , ,N,0,0,0,3,0,0,2,2,N,N,40 00:46.667,75 12:06.985,1750, ,1746,1,1,3,N, ,0,N, , , , ,476183, , , ,2,1,0,0,0,0,1,0,0,0,0,0,0,0,0,0,0,0,0,0,0,1,0,0,0,0,0,0,0,0,0,0,0,0,0,0,0,40.013,-75.2019, , 
 ,42509,2014107218,6,67,67301,2014,10,7,1555,15,1,1,1,1,1, , ,N,0,0,0,3,0,2,3,2,N,N,40 02:33.548,75 06:16.950,1635, ,1624,1,1,1,N, ,0,N, , , , ,476185, , , ,2,0,0,0,0,0,1,1,0,0,0,2,2,0,0,0,0,0,0,0,1,0,0,0,0,0,0,0,0,0,0,0,0,0,0,4,0,40.0427,-75.1047, , 
 ,42510,2014068064,6,67,67301,2014,5,1,323,3,3,1,0,5,6, , ,N,0,0,0,3,0,0,1,7,N, ,39 56:08.874,75 10:08.233,9999, ,9999,2,2,2, , ,0,N, , , , ,476190, , , ,7,2,0,0,0,0,3,2,0,0,0,0,0,0,0,0,0,0,0,0,0,0,0,0,0,0,0,0,0,0,0,0,0,0,0,0,0,39.9358,-75.169, , 
 ,42511,2014068108,6,67,67301,2014,6,4,700,7,1,1,0,5,1, , ,N,0,0,0,3,0,0,1,2,N, ,40 00:26.879,75 04:39.472,736, ,730,1,1,2, , ,0,N, , , , ,476191, , , ,2,0,0,0,0,0,1,0,0,0,0,0,0,0,1,0,0,0,0,0,0,0,0,0,0,0,0,0,0,0,0,0,0,0,0,9,0,40.0075,-75.0776, , 
 ,42512,2014095887,6,67,67301,2014,9,6,2236,22,3,1,0,8,1, , ,N,2,0,1,3,0,1,2,2,N,N,40 01:07.010,75 04:55.321,2238, ,2238, ,0, ,N, ,0, , , , , ,476221, , , ,1,1,0,0,0,0,0,0,0,0,0,0,1,1,0,0,0,0,0,0,0,1,0,0,0,0,0,0,0,0,0,0,1,0,0,8,0,40.0186,-75.082, , 
 ,42513,2014078920,6,67,67301,2014,6,4,835,8,1,1,0,8,1, , ,N,1,2,0,3,0,1,2,2,N,N,39 57:25.376,75 14:45.124,839, ,839, ,0, ,N, ,3, , , , , ,476223, , , ,1,0,0,0,0,0,0,1,0,0,0,1,1,0,0,0,0,0,0,0,0,0,0,0,0,0,0,0,0,0,0,0,1,0,0,4,0,39.957,-75.2459, , 
 ,42514,2014087313,6,67,67301,2014,7,7,58,0,3,1,0,4,1, , ,N,1,2,0,3,0,1,2,2,N, ,40 00:27.502,75 07:38.377,115, ,58, ,0, , , ,3, , , , , ,476233, , , ,2,1,0,0,0,0,0,1,0,1,0,0,1,0,1,0,0,0,0,0,0,0,0,0,0,0,0,0,0,0,0,0,0,0,0,2,0,40.0076,-75.1273, , 
 ,42515,2014101316,6,67,67301,2014,10,4,1120,11,1,8,1,8,1, , ,N,0,3,0,3,0,1,2,2,N,N,39 58:53.230,75 09:18.518,1127, ,1120, ,0, ,N, ,3, , , , , ,476239, , , ,1,1,0,0,0,0,0,0,0,0,1,0,1,0,0,0,0,0,0,0,0,0,0,0,0,0,0,0,0,0,0,0,1,0,0,3,0,39.9815,-75.1551, , 
 ,42516,2014113437,6,67,67301,2014,10,6,1515,15,1,1,0,4,1, , ,N,1,2,0,3,0,1,3,2,N,N,39 56:29.972,75 10:45.670,1559, ,1554, ,0, ,N, ,3, , , , , ,476249, , , ,2,1,0,0,1,0,0,0,0,0,1,0,1,0,0,0,0,0,0,0,0,0,0,0,0,0,0,0,0,0,0,0,0,0,0,3,0,39.9417,-75.1794, , 
 ,42517,2014122025,6,67,67301,2014,11,5,2030,20,3,1,0,4,1, , ,N,2,2,0,3,0,1,2,2,N, ,39 53:25.139,75 14:42.137,2110, ,2055, ,0, , , ,1, , , , , ,476255, , , ,2,2,0,0,0,0,0,0,0,0,0,1,1,0,0,0,0,0,0,0,1,0,0,0,0,0,0,0,0,0,0,0,0,0,0,4,0,39.8903,-75.245, , 
 ,42518,2014111453,6,67,67301,2014,9,3,1014,10,1,2,0,5,6, , ,N,0,0,0,3,0,1,1,3,N, ,39 56:47.516,75 14:44.761,1014, ,1014, ,0, , , ,0, , , , , ,476265, , , ,3,3,0,0,0,0,0,0,0,0,0,0,1,1,0,0,0,0,0,0,1,0,0,0,0,0,0,0,0,0,0,0,0,0,0,8,0,39.9465,-75.2458, , 
 ,42519,2014113435,6,67,67301,2014,10,2,1150,11,1,1,0,8,1, , ,N,1,2,0,3,0,1,2,2,N,N,39 56:43.472,75 10:47.006,1200, ,1200, ,0, ,N, ,3, , , , , ,476266, , , ,1,1,0,0,0,0,0,0,0,0,0,1,1,0,0,0,0,0,0,0,1,0,0,0,0,0,0,0,0,0,0,0,1,0,0,4,0,39.9454,-75.1797, , 
Y,42520,2014113430,6,67,67301,2014,10,2,818,8,1,1,0,1,1,1,3,Y,0,8,0,3,0,1,2,2,N,N,39 58:10.301,75 07:33.447,831,99,830,9,1,2, , ,4,N,U, , ,U,476277, , , ,2,2,0,0,0,0,0,0,0,0,0,1,1,0,0,0,0,0,0,0,2,0,0,0,0,0,0,0,0,0,0,0,0,0,0,4,0,39.9695,-75.126, , 
 ,42521,2014120828,6,67,67301,2014,11,3,945,9,1,1,0,4,1, , ,N,1,2,0,3,0,1,2,2,N, ,39 56:29.947,75 12:31.928,1110, ,1056, ,0, , , ,3, , , , , ,476282, , , ,2,0,0,0,0,0,2,0,0,0,0,0,1,1,0,0,0,0,0,0,0,0,0,1,0,0,0,0,0,0,0,0,0,0,0,8,0,39.9417,-75.2089, , 