wz_ln_closure,objectid_1,crn,district,county,municipality,crash_year,crash_month,day_of_week,time_of_day,hour_of_day,illumination,weather,road_condition,collision_type,relation_to_road,work_zone_type,work_zone_loc,work_zone_ind,intersect_type,tcd_type,location_type,urban_rural,fatal_count,injury_count,person_count,total_units,sch_bus_ind,sch_zone_ind,latitude,longitude,arrival_tm,cons_zone_spd_lim,dispatch_tm,est_hrs_closed,lane_closed,ln_close_dir,ntfy_hiwy_maint,spec_juris_cd,tcd_func_cd,tfc_detour_ind,workers_pres,wz_close_detour,wz_flagger,wz_law_offcr_ind,objectid,wz_moving,wz_other,wz_shlder_mdn,vehicle_count,automobile_count,motorcycle_count,bus_count,small_truck_count,heavy_truck_count,suv_count,van_count,bicycle_count,maj_inj_count,mod_inj_count,min_inj_count,tot_inj_count,unk_inj_deg_count,unk_inj_per_count,driver_count_16yr,driver_count_17yr,driver_count_18yr,driver_count_19yr,driver_count_20yr,driver_count_50_64yr,driver_count_65_74yr,driver_count_75plus,unbelted_occ_count,unb_death_count,unb_maj_inj_count,belted_death_count,belted_maj_inj_count,mcycle_death_count,mcycle_maj_inj_count,bicycle_death_count,bicycle_maj_inj_count,ped_count,ped_death_count,ped_maj_inj_count,max_severity_level,comm_veh_count,dec_lat,dec_long,rdwy_surf_type_cd,county_name
 ,42522,2014130534,6,67,67301,2014,12,4,1747,17,3,1,0,1,1, , ,N,0,0,0,3,0,1,2,2,N,N,39 57:43.285,75 14:27.877,1602, ,1555, ,0, , , ,0, , , , , ,476289, , , ,2,0,0,0,0,0,1,0,0,0,0,1,1,0,0,0,0,0,0,0,1,0,0,0,0,0,0,0,0,0,0,0,0,0,0,4,0,39.962,-75.2411, , 
 ,42523,2015003336,6,67,67301,2014,12,5,1805,18,3,1,0,8,1, , ,N,1,3,0,3,0,1,2,2,N, ,40 00:01.346,75 07:51.319,9999, ,9999, ,0, , , ,3, , , , , ,467434, , , ,1,0,0,0,1,0,0,0,0,0,0,1,1,0,0,0,0,0,0,0,0,0,0,1,0,0,0,0,0,0,0,0,1,0,0,4,0,40.0004,-75.1309, , 
 ,42524,2014120904,6,67,67301,2014,11,2,37,0,3,1,0,6,6, , ,N,0,0,0,3,0,0,2,3,N,N,40 02:23.993,75 07:54.268,59, ,43, ,0, ,N, ,0, , , , , ,467451, , , ,3,1,0,0,0,0,0,2,0,0,0,0,0,0,0,0,0,0,0,0,0,0,0,0,0,0,0,0,0,0,0,0,0,0,0,0,0,40.04,-75.1317, , 
 ,42525,2014120926,6,67,67301,2014,11,2,2045,20,3,1,1,2,6, , ,N,0,0,0,3,0,3,4,3,N, ,40 03:33.947,75 09:54.960,2055, ,2049, ,0, , , ,0, , , , , ,467452, , , ,3,3,0,0,0,0,0,0,0,0,0,1,3,2,0,0,0,0,0,0,0,0,0,0,0,0,0,0,0,0,0,0,0,0,0,4,0,40.0594,-75.1653, , 
 ,42526,2014121472,6,67,67301,2014,11,5,1218,12,1,1,0,8,1, , ,N,1,2,0,3,0,1,3,2,N,N,40 02:34.484,75 06:15.533,1226, ,1224,1,1,4,N, ,3,N, , , , ,467454, , , ,1,0,0,0,0,0,1,0,0,0,0,1,1,0,0,0,0,0,0,0,0,0,0,0,0,0,0,0,0,0,0,0,1,0,0,4,0,40.0429,-75.1043, , 
 ,42527,2014064840,6,67,67301,2014,6,2,737,7,1,1,0,1,1, , ,N,2,2,0,3,0,0,2,2,N,N,39 59:59.334,75 13:10.068,737, ,737, ,0, ,N, ,3, , , , , ,467474, , , ,2,1,0,0,0,0,1,0,0,0,0,0,0,0,0,0,0,0,0,0,0,1,0,0,0,0,0,0,0,0,0,0,0,0,0,0,0,39.9998,-75.2195, , 
 ,42528,2014088992,6,67,67301,2014,8,2,1041,10,1,1,0,1,1, , ,N,0,0,0,3,0,2,2,2,N, ,40 04:10.169,75 04:08.126,1044, ,1041, ,0, , , ,0, , , , , ,467490, , , ,2,1,0,0,1,0,0,0,0,0,2,0,2,0,0,0,0,0,0,0,0,0,1,0,0,0,0,0,0,0,0,0,0,0,0,3,0,40.0695,-75.0689, , 
 ,42529,2014091441,6,67,67301,2014,8,1,1920,19,4,2,1,7,4, , ,N,0,0,0,3,0,1,1,1,N,N,40 01:05.944,75 05:53.347,1928, ,1921, ,0, ,N, ,0, , , , , ,467492, , , ,1,0,0,0,0,0,0,1,0,0,0,1,1,0,0,0,0,0,0,0,1,0,0,0,0,0,0,0,0,0,0,0,0,0,0,4,0,40.0183,-75.0982, , 
 ,42530,2014120903,6,67,67301,2014,11,7,9999,99,3,1,0,5,6, , ,N,0,0,0,3,0,0,1,3,N,N,40 02:44.854,75 07:47.093,150, ,149, ,0, ,N, ,0, , , , , ,467495, , , ,3,2,0,0,0,0,1,0,0,0,0,0,0,0,1,0,0,0,0,0,0,0,0,0,0,0,0,0,0,0,0,0,0,0,0,9,0,40.0458,-75.1297, , 
 ,42531,2014113443,6,67,67301,2014,10,1,1322,13,1,1,0,1,6, , ,N,0,0,0,3,0,3,6,6,N, ,40 01:33.140,75 07:58.139,1326, ,1324,4,2,7, , ,0,Y, , , , ,467511, , , ,6,1,0,0,0,0,1,0,0,0,1,0,3,2,1,0,0,0,0,0,0,0,0,0,0,0,0,0,0,0,0,0,0,0,0,3,0,40.0259,-75.1328, , 
 ,42532,2014125166,6,67,67301,2014,11,4,9999,99,3,3,4,8,1, , ,N,1,3,0,3,0,1,2,2,N, ,39 55:37.473,75 10:51.175,1733, ,1733, ,0, , , ,3, , , , , ,467518, , , ,1,0,0,0,0,0,1,0,0,0,0,0,1,1,0,0,0,0,0,0,0,1,0,0,0,0,0,0,0,0,0,0,1,0,0,8,0,39.9271,-75.1809, , 
 ,42533,2014125232,6,67,67301,2014,12,3,1807,18,3,2,1,1,1, , ,N,0,0,0,3,0,2,3,2,N,N,39 59:42.177,75 11:52.398,1812, ,1809,1,2,4,N, ,0,N, , , , ,467519, , , ,2,1,0,0,0,0,1,0,0,0,0,1,2,1,0,0,0,0,0,0,0,0,0,0,0,0,0,0,0,0,0,0,0,0,0,4,0,39.995,-75.1979, , 
 ,42534,2014127911,6,67,67301,2014,12,3,2225,22,3,2,1,8,1, , ,N,1,2,0,3,0,1,2,2,N,N,39 57:01.379,75 08:50.098,2235, ,2230, ,0, ,N, ,3, , , , , ,467521, , , ,1,1,0,0,0,0,0,0,0,0,0,0,1,1,0,0,0,0,0,0,1,0,0,0,0,0,0,0,0,0,0,0,1,0,0,8,0,39.9503,-75.1473, , 
 ,42535,2015003294,6,67,67301,2014,12,4,2,0,3,1,1,1,1, , ,N,1,2,0,3,0,0,3,3,N,N,40 00:57.350,75 09:13.935,46, ,37,1,1,4,N, ,3,N, , , , ,467528, , , ,3,2,0,0,0,0,1,0,0,0,0,0,0,0,0,0,0,0,0,0,0,0,0,0,0,0,0,0,0,0,0,0,0,0,0,0,0,40.0159,-75.1538, , 
 ,42536,2015003347,6,67,67301,2014,12,4,240,2,3,2,1,7,4, , ,N,2,0,0,3,0,1,2,1,N,N,40 01:38.632,75 06:25.594,246, ,244, ,0, ,N, ,0, , , , , ,467529, , , ,1,1,0,0,0,0,0,0,0,0,0,1,1,0,0,0,0,0,0,0,0,0,0,1,0,0,0,0,0,0,0,0,0,0,0,4,0,40.0273,-75.107, , 
 ,42537,2015006669,6,67,67301,2014,12,4,935,9,1,1,0,7,3, , ,N,1,2,0,3,0,0,3,1,N,N,40 03:14.351,75 02:56.006,945, ,942,1,2,1,N, ,3,Y, , , , ,467531, , , ,1,1,0,0,0,0,0,0,0,0,0,0,0,0,0,0,0,0,0,0,0,0,0,0,0,0,0,0,0,0,0,0,0,0,0,0,0,40.0541,-75.049, , 
 ,42538,2014095979,6,67,67301,2014,9,7,2329,23,3,1,0,8,1, , ,N,1,2,0,3,0,1,2,2,N,N,39 55:28.506,75 13:59.344,2348, ,2343, ,0, ,N, ,3, , , , , ,467535, , , ,1,1,0,0,0,0,0,0,0,0,0,1,1,0,0,0,0,0,0,0,0,0,0,0,0,0,0,0,0,0,0,0,1,0,0,4,0,39.9246,-75.2331, , 
 ,42539,2014096380,6,67,67301,2014,9,6,2035,20,3,1,0,1,1, , ,N,0,0,0,3,0,1,4,2,N,N,40 02:32.767,75 09:35.611,2035, ,2035,1,2,5,N, ,0,Y, , , , ,467537, , , ,2,1,0,0,0,0,1,0,0,0,1,0,1,0,0,0,0,0,0,0,0,0,0,0,0,0,0,0,0,0,0,0,0,0,0,3,0,40.0424,-75.1599, , 
 ,42540,2014127526,6,67,67301,2014,12,6,1743,17,3,2,1,1,1, , ,N,0,0,0,3,0,1,3,2,N, ,39 56:23.244,75 13:22.979,1840, ,1833, ,0, , , ,0, , , , , ,467545, , , ,2,1,0,0,0,0,1,0,0,0,0,1,1,0,0,0,0,0,0,0,1,0,0,0,0,0,0,0,0,0,0,0,0,0,0,4,0,39.9398,-75.223, , 
 ,42541,2014104633,6,67,67301,2014,9,3,1435,14,1,1,0,5,1, , ,N,0,0,0,3,0,1,2,2,N,N,40 01:29.715,75 13:20.881,1440, ,1438, ,0, ,N, ,0, , , , , ,470139, , , ,2,1,0,0,0,0,1,0,0,0,0,1,1,0,0,0,0,0,0,0,0,0,0,0,0,0,0,0,0,0,0,0,0,0,0,4,0,40.0249,-75.2225, , 
 ,42542,2014113244,6,67,67301,2014,10,5,9999,99,5,1,0,8,1, , ,N,1,2,0,3,0,1,2,2,N,N,39 57:32.119,75 09:24.206,9999, ,9999, ,0, ,N, ,3, , , , , ,470143, , , ,1,1,0,0,0,0,0,0,0,0,0,0,1,1,0,0,0,0,0,0,0,0,0,0,0,0,0,0,0,0,0,0,1,0,0,8,0,39.9589,-75.1567, , 
 ,42543,2014125030,6,67,67301,2014,11,3,800,8,1,1,0,4,1, , ,N,2,2,0,3,0,1,4,2,N,N,40 04:23.306,75 11:21.255,817, ,814, ,0, , , ,3, , , , , ,470160, , , ,2,0,0,0,0,0,2,0,0,0,0,0,1,1,1,0,0,0,0,0,0,0,0,0,0,0,0,0,0,0,0,0,0,0,0,8,0,40.0731,-75.1892, , 
 ,42544,2014106730,6,67,67301,2014,10,3,1250,12,1,1,0,1,1, , ,N,3,2,0,3,0,1,4,4,N, ,40 01:28.848,75 07:40.129,1256, ,1253,2,1,1,N, ,3,N, , , , ,470207, , , ,4,4,0,0,0,0,0,0,0,0,0,1,1,0,0,0,0,0,0,0,1,1,0,0,0,0,0,0,0,0,0,0,0,0,0,4,0,40.0247,-75.1279, , 
 ,42545,2014084252,6,67,67301,2014,7,4,805,8,1,1,0,6,1, , ,N,2,0,0,3,0,1,4,2,N, ,40 07:47.388,75 00:36.176,830, ,820,1,1,6, , ,0,N, , , , ,470233, , , ,2,1,0,0,0,0,1,0,0,0,0,0,1,1,1,0,0,0,0,0,1,0,0,1,0,0,0,0,0,0,0,0,0,0,0,8,0,40.1298,-75.01, , 
 ,42546,2014084468,6,67,67301,2014,6,6,846,8,1,1,0,1,1, , ,N,1,2,0,3,0,2,3,2,N,N,40 03:28.882,75 03:09.932,851, ,848, ,0, ,N, ,3, , , , , ,470234, , , ,2,2,0,0,0,0,0,0,0,0,0,2,2,0,0,0,0,0,0,0,0,0,0,1,0,0,0,0,0,0,0,0,0,0,0,4,0,40.058,-75.0527, , 
 ,42547,2014089029,6,67,67301,2014,8,3,1100,11,1,1,0,8,1, , ,N,1,3,0,3,0,1,2,2,N, ,39 57:09.230,75 09:23.425,1100, ,1100, ,0, , , ,3, , , , , ,470240, , , ,1,0,0,0,0,0,1,0,0,0,1,0,1,0,0,0,0,0,0,0,1,0,0,0,0,0,0,0,0,0,0,0,1,0,0,3,0,39.9526,-75.1565, , 
 ,42548,2014075211,6,67,67301,2014,6,5,1515,15,1,1,0,1,1, , ,N,1,2,0,3,0,1,3,3,N,N,39 59:55.564,75 07:52.533,1521, ,1515, ,0, ,N, ,3, , , , , ,470249, , , ,3,2,0,0,1,0,0,0,0,0,0,1,1,0,0,0,0,0,0,0,0,0,0,0,0,0,0,0,0,0,0,0,0,0,0,4,0,39.9988,-75.1313, , 
 ,42549,2014099264,6,67,67301,2014,9,5,901,9,1,2,1,4,1, , ,N,3,2,0,3,0,2,2,2,N,N,40 00:21.955,75 10:35.772,920, ,901, ,0, ,N, ,3, , , , , ,470265, , , ,2,2,0,0,0,0,0,0,0,0,0,2,2,0,0,0,0,1,0,0,0,0,0,0,0,0,0,0,0,0,0,0,0,0,0,4,0,40.006,-75.1766, , 
 ,42550,2014104995,6,67,67301,2014,9,3,1809,18,1,1,0,4,1, , ,N,2,3,0,3,0,1,2,2,N,N,39 58:21.069,75 12:04.988,1812, ,1809, ,0, , , ,3, , , , , ,470268, , , ,1,1,0,0,0,0,0,0,1,0,1,0,1,0,0,0,0,0,0,0,1,0,0,0,0,0,0,0,0,0,0,0,0,0,0,3,0,39.9725,-75.2014, , 
 ,42551,2014110387,6,67,67301,2014,10,2,1010,10,1,1,0,4,1, , ,N,1,2,0,3,0,1,2,2,N,N,39 57:16.822,75 11:40.080,1012, ,1010, ,0, ,N, ,3, , , , , ,470274, , , ,2,1,0,0,0,0,1,0,0,0,0,0,1,1,0,0,0,0,0,0,0,0,0,0,0,0,0,0,0,0,0,0,0,0,0,8,0,39.9547,-75.1944, , 
 ,42552,2014122429,6,67,67301,2014,11,1,9999,99,1,9,8,4,1, , ,N,1,2,0,3,0,1,3,2,N, ,40 03:17.448,75 10:08.247,9999, ,9999, ,0, , , ,3, , , , , ,470280, , , ,2,2,0,0,0,0,0,0,0,0,0,1,1,0,1,0,0,0,0,0,0,1,0,0,0,0,0,0,0,0,0,0,0,0,0,4,0,40.0548,-75.169, , 
 ,42553,2014112293,6,67,67301,2014,10,7,400,4,3,1,0,6,6, , ,N,0,0,0,3,0,1,1,4,N,N,39 57:56.534,75 14:24.270,415, ,403,3,2,5,N, ,0,Y, , , , ,470296, , , ,4,3,0,0,0,0,1,0,0,0,0,1,1,0,0,0,0,0,0,0,0,0,0,0,0,0,0,0,0,0,0,0,0,0,0,4,0,39.9657,-75.2401, , 
 ,42554,2014115193,6,67,67301,2014,10,1,326,3,3,1,0,7,4, , ,N,0,0,0,3,0,0,3,1,N,N,39 58:23.243,75 07:15.232,345, ,327,2,1,1,N, ,0,N, , , , ,470299, , , ,1,0,0,0,0,0,1,0,0,0,0,0,0,0,0,0,0,0,0,0,0,0,0,0,0,0,0,0,0,0,0,0,0,0,0,0,0,39.9731,-75.1209, , 
 ,42555,2014084486,6,67,67301,2014,7,7,900,9,1,1,0,8,1, , ,N,0,0,0,3,0,1,2,2,N,N,39 59:10.831,75 08:36.587,908, ,908, ,0, , , ,0, , , , , ,470309, , , ,1,1,0,0,0,0,0,0,0,0,0,1,1,0,0,0,0,0,0,0,0,0,0,0,0,0,0,0,0,0,0,0,1,0,0,4,0,39.9863,-75.1435, , 
 ,42556,2014088401,6,67,67301,2014,7,2,2100,21,3,2,1,7,4, , ,N,0,0,0,3,0,0,1,1,N,N,40 00:59.621,75 12:09.702,2140, ,2129, ,0, ,N, ,0, , , , , ,470315, , , ,1,0,0,0,0,0,1,0,0,0,0,0,0,0,0,0,0,0,1,0,0,0,0,0,0,0,0,0,0,0,0,0,0,0,0,0,0,40.0166,-75.2027, , 
 ,42557,2014089345,6,67,67301,2014,8,5,2130,21,3,1,0,7,4, , ,N,0,0,0,3,0,1,1,1,N,N,39 58:12.705,75 08:43.301,2135, ,2130, ,0, ,N, ,0, , , , , ,470316, , , ,1,1,0,0,0,0,0,0,0,0,0,0,1,1,0,0,0,0,0,0,0,0,0,0,0,0,0,0,0,0,0,0,0,0,0,8,0,39.9702,-75.1454, , 
 ,42558,2014115625,6,67,67301,2014,10,5,1530,15,1,1,0,3,6, , ,N,0,0,0,3,0,1,2,2,N, ,39 57:36.630,75 08:15.801,1534, ,1530, ,0, , , ,0, , , , , ,470335, , , ,2,2,0,0,0,0,0,0,0,0,0,0,1,1,0,0,0,0,0,0,1,0,0,0,0,0,0,0,0,0,0,0,0,0,0,8,0,39.9602,-75.1377, , 
 ,42559,2014107331,6,67,67301,2014,10,2,1149,11,1,1,0,5,1, , ,N,7,0,2,3,0,0,4,2,N,N,39 56:55.117,75 11:09.395,1226, ,1157, ,0, ,N, ,0, , , , , ,473223, , , ,2,1,0,0,0,0,1,0,0,0,0,0,0,0,0,0,0,0,0,0,0,0,0,0,0,0,0,0,0,0,0,0,0,0,0,0,0,39.9486,-75.1859, , 
 ,42560,2014078870,6,67,67301,2014,6,7,1928,19,1,1,0,4,1, , ,N,1,3,0,3,0,1,2,2,N,N,39 55:14.293,75 09:13.737,1938, ,1933, ,0, ,N, ,3, , , , , ,473236, , , ,1,1,0,0,0,0,0,0,1,0,0,1,1,0,0,0,0,0,0,0,0,0,0,0,0,0,0,0,0,0,0,0,0,0,0,4,0,39.9206,-75.1538, , 
 ,42561,2014081090,6,67,67301,2014,6,1,1158,11,1,1,0,4,1, , ,N,1,2,0,3,0,3,4,3,N, ,39 56:59.870,75 14:06.658,1203, ,1200, ,0, , , ,3, , , , , ,473237, , , ,3,1,0,0,0,0,2,0,0,0,0,3,3,0,0,0,0,0,0,1,1,0,0,0,0,0,0,0,0,0,0,0,0,0,0,4,0,39.95,-75.2352, , 
 ,42562,2014081141,6,67,67301,2014,8,3,1622,16,1,1,0,1,1, , ,N,0,0,0,3,0,0,2,2,N,N,39 59:05.622,75 05:40.719,1650, ,1632,1,2,1,N, ,0,N, , , , ,473238, , , ,2,1,0,0,0,0,1,0,0,0,0,0,0,0,0,0,0,0,0,0,0,0,0,0,0,0,0,0,0,0,0,0,0,0,0,0,0,39.9849,-75.0946, , 
 ,42563,2014098663,6,67,67301,2014,9,5,1738,17,1,2,1,1,1, , ,N,2,3,0,3,0,3,4,2,N,N,40 02:14.985,75 09:30.319,1750, ,1747, ,0, ,N, ,3, , , , , ,473249, , , ,2,1,0,0,0,0,0,1,0,0,0,3,3,0,0,0,0,0,0,0,0,0,0,0,0,0,0,0,0,0,0,0,0,0,0,4,0,40.0375,-75.1584, , 
 ,42564,2014104417,6,67,67301,2014,10,6,814,8,1,1,0,0,1, , ,N,0,3,0,3,0,1,1,1,N,N,40 01:32.423,75 12:10.112,822, ,816,1,1,2,N, ,3,N, , , , ,473251, , , ,1,0,1,0,0,0,0,0,0,0,1,0,1,0,0,0,0,0,0,0,0,0,0,0,0,0,0,0,0,0,0,0,0,0,0,3,0,40.0257,-75.2028, , 
 ,42565,2014113329,6,67,67301,2014,10,4,1400,14,1,2,1,5,6, , ,N,0,0,0,3,0,3,4,2,N,N,39 59:53.422,75 10:12.799,1520, ,1515, ,0, ,N, ,0, , , , , ,473264, , , ,2,1,0,0,0,0,1,0,0,3,0,0,3,0,0,0,0,0,0,0,0,0,0,0,0,0,0,3,0,0,0,0,0,0,0,2,0,39.9982,-75.1702, , 
 ,42566,2014068631,6,67,67301,2014,6,5,1500,15,1,2,1,4,1, , ,N,0,3,7,3,0,2,4,2,N,N,40 05:43.945,75 00:58.693,1505, ,1502,9,1,3,N, ,3,N, , , , ,473280, , , ,2,1,0,0,0,0,1,0,0,0,0,2,2,0,0,0,0,0,1,0,0,0,0,0,0,0,0,0,0,0,0,0,0,0,0,4,0,40.0955,-75.0163, , 
 ,42567,2014084414,6,67,67301,2014,7,7,9999,99,1,1,0,7,4, , ,N,0,0,0,3,0,0,1,1,N, ,40 01:14.353,75 11:34.008,1625, ,1624,3,1,2, , ,0,N, , , , ,473294, , , ,1,1,0,0,0,0,0,0,0,0,0,0,0,0,0,0,0,0,0,0,0,0,0,0,0,0,0,0,0,0,0,0,0,0,0,0,0,40.0207,-75.1928, , 
 ,42568,2014096791,6,67,67301,2014,5,2,1350,13,1,1,0,4,1, , ,N,5,2,1,3,0,1,3,2,N, ,39 59:37.726,75 07:05.858,1354, ,1351,9,2,1, , ,3,Y, , , , ,473304, , , ,1,0,0,0,1,0,0,0,1,0,1,0,1,0,0,0,0,1,0,0,0,0,0,2,0,0,0,0,0,0,0,0,0,0,0,3,0,39.9938,-75.1183, , 
Y,42569,2014081539,6,67,67301,2014,8,4,1313,13,1,1,0,5,1,1,4,Y,0,0,0,3,0,0,3,2,N,N,40 01:34.289,75 01:38.749,1336,45,1321, ,0, ,N, ,0, ,Y,N,N,N,473325,Y,N,Y,2,1,0,0,0,1,0,0,0,0,0,0,0,0,0,0,0,0,0,0,0,0,1,0,0,0,0,0,0,0,0,0,0,0,0,0,2,40.0262,-75.0274, , 
 ,42570,2014084199,6,67,67301,2014,6,4,9999,99,1,1,0,4,1, , ,N,1,2,0,3,0,0,2,3,N, ,40 02:29.839,75 03:51.611,1742, ,1736,1,1,2, , ,3,N, , , , ,473326, , , ,3,2,0,0,0,0,1,0,0,0,0,0,0,0,0,0,0,0,0,0,0,0,0,0,0,0,0,0,0,0,0,0,0,0,0,0,0,40.0416,-75.0643, , 
 ,42571,2014125071,6,67,67301,2014,11,6,1051,10,1,2,1,1,1, , ,N,0,0,0,3,0,0,2,2,N, ,39 57:59.010,75 10:46.112,1100, ,1053,2,1,2,Y, ,0,N, , , , ,473327, , , ,2,1,0,0,0,0,1,0,0,0,0,0,0,0,0,0,0,0,0,0,1,0,0,0,0,0,0,0,0,0,0,0,0,0,0,0,0,39.9664,-75.1795, , 
 ,42572,2014059041,6,67,67301,2014,5,2,809,8,1,1,0,8,1, , ,N,1,2,0,3,0,1,2,2,N, ,39 57:01.634,75 11:33.356,811, ,810, ,0, , , ,3, , , , , ,473334, , , ,1,1,0,0,0,0,0,0,0,0,0,1,1,0,0,0,0,0,0,0,0,0,0,0,0,0,0,0,0,0,0,0,1,0,0,4,0,39.9505,-75.1926, , 
 ,42573,2014068059,6,67,67301,2014,5,6,1202,12,1,2,1,1,1, , ,N,1,2,0,3,0,0,3,2,N,N,40 04:55.700,74 58:01.300,1218, ,1216, ,0, ,N, ,3, , , , , ,473344, , , ,2,1,0,0,0,0,0,1,0,0,0,0,0,0,0,0,0,0,0,1,0,1,0,0,0,0,0,0,0,0,0,0,0,0,0,0,0,40.0821,-74.967, , 
 ,42574,2014079270,6,67,67301,2014,6,3,15,0,3,1,0,1,1, , ,N,0,0,0,3,0,1,4,3,N,N,39 57:25.816,75 13:37.856,27, ,15, ,0, ,N, ,0, , , , , ,473351, , , ,3,2,0,0,0,0,1,0,0,0,0,1,1,0,0,0,0,0,0,0,0,0,0,0,0,0,0,0,0,0,0,0,0,0,0,4,0,39.9572,-75.2272, , 
 ,42575,2014087419,6,67,67301,2014,9,1,1116,11,1,1,0,7,3, , ,N,0,0,0,3,0,1,2,1,N,N,39 57:33.117,75 10:24.393,1135, ,1117,1,1,3,N, ,0,N, , , , ,473360, , , ,1,1,0,0,0,0,0,0,0,0,0,0,1,1,0,0,0,0,0,0,0,0,0,0,0,0,0,0,0,0,0,0,0,0,0,8,0,39.9592,-75.1734, , 
 ,42576,2014088132,6,67,67301,2014,7,6,2230,22,3,1,0,1,1, , ,N,0,0,0,3,0,3,5,2,N,N,40 00:56.710,75 10:36.410,2250, ,2241, ,0, ,N, ,0, , , , , ,473361, , , ,2,1,0,0,0,0,1,0,0,0,0,3,3,0,0,0,0,0,0,0,0,1,0,0,0,0,0,0,0,0,0,0,0,0,0,4,0,40.0158,-75.1768, , 
 ,42577,2014127511,6,67,67301,2014,12,7,1546,15,1,2,1,7,3, , ,N,0,0,0,3,0,0,1,1,N,N,40 01:48.003,75 11:16.606,1552, ,1547,2,2,2,N, ,0,N, , , , ,477466, , , ,1,1,0,0,0,0,0,0,0,0,0,0,0,0,0,0,0,0,0,0,0,0,0,0,0,0,0,0,0,0,0,0,0,0,0,0,0,40.03,-75.1879, , 
 ,42578,2014127903,6,67,67301,2014,12,6,750,7,1,1,0,5,1, , ,N,2,2,2,3,0,0,3,2,N,N,39 58:29.022,75 11:53.809,753, ,753,2,1,3,N, ,3,N, , , , ,477467, , , ,2,1,0,0,0,0,1,0,0,0,0,0,0,0,0,0,0,0,0,0,0,0,0,0,0,0,0,0,0,0,0,0,0,0,0,0,0,39.9747,-75.1984, , 
 ,42579,2014064850,6,67,67301,2014,6,6,848,8,1,1,0,4,1, , ,N,0,0,0,3,0,1,2,2,N,N,40 03:01.170,74 59:28.583,930, ,922, ,0, ,N, ,0, , , , , ,477484, , , ,2,1,0,0,0,1,0,0,0,0,0,1,1,0,0,0,0,0,0,0,0,0,0,0,0,0,0,0,0,0,0,0,0,0,0,4,1,40.0503,-74.9913, , 
 ,42580,2014087812,6,67,67301,2014,8,2,1630,16,1,1,0,4,1, , ,N,1,2,0,3,0,2,2,2,N,N,40 04:35.499,75 01:57.662,1642, ,1638,2,1,1,N, ,3,N, , , , ,477502, , , ,2,2,0,0,0,0,0,0,0,0,1,1,2,0,0,0,0,0,0,0,1,0,0,0,0,0,0,0,0,0,0,0,0,0,0,3,0,40.0765,-75.0327, , 
 ,42581,2014084442,6,67,67301,2014,7,2,1150,11,1,1,0,4,1, , ,N,1,2,0,3,0,1,2,2,N,N,40 07:44.528,75 01:30.881,1205, ,1158, ,0, ,N, ,3, , , , , ,477523, , , ,2,1,0,0,0,0,1,0,0,0,0,1,1,0,0,0,0,0,0,0,0,0,0,0,0,0,0,0,0,0,0,0,0,0,0,4,0,40.129,-75.0252, , 
 ,42582,2014087770,6,67,67301,2014,8,4,2224,22,3,1,0,1,1, , ,N,0,0,0,3,0,3,5,2,N, ,39 57:40.231,75 14:12.831,2224, ,2224,9,1,1, , ,0,Y, , , , ,477527, , , ,2,1,0,0,0,0,1,0,0,0,0,0,3,3,1,0,0,0,0,0,0,0,0,0,0,0,0,0,0,0,0,0,0,0,0,8,0,39.9612,-75.2369, , 
 ,42583,2014089072,6,67,67301,2014,8,1,9999,99,3,1,0,5,6, , ,N,0,0,0,3,0,1,1,2,N,N,40 01:57.339,75 07:27.917,9999, ,9999, ,0, ,N, ,0, , , , , ,477528, , , ,2,1,0,0,0,0,0,1,0,0,0,0,1,1,0,0,0,0,0,0,0,0,0,0,0,0,0,0,0,0,0,0,0,0,0,8,0,40.0326,-75.1244, , 
 ,42584,2014104536,6,67,67301,2014,9,5,1755,17,4,2,1,7,5, , ,N,0,0,0,3,0,0,5,1,N,N,39 59:46.128,75 12:06.938,1825, ,1805, ,0, ,N, ,0, , , , , ,477546, , , ,1,1,0,0,0,0,0,0,0,0,0,0,0,0,0,0,0,0,0,0,0,0,0,0,0,0,0,0,0,0,0,0,0,0,0,0,0,39.9961,-75.2019, , 
 ,42585,2014106864,6,67,67301,2014,10,7,1830,18,3,1,0,6,6, , ,N,0,0,0,3,0,0,1,5,N,N,40 01:53.994,75 02:11.310,1841, ,1841, ,0, ,N, ,0, , , , , ,477549, , , ,4,2,0,0,0,0,0,2,0,0,0,0,0,0,0,0,0,0,0,0,0,0,0,0,0,0,0,0,0,0,0,0,0,0,0,0,0,40.0317,-75.0365, , 
 ,42586,2014113372,6,67,67301,2014,10,4,1855,18,3,1,1,4,1, , ,N,0,0,7,3,0,2,3,2,N,N,40 03:51.840,74 59:55.894,1911, ,1910, ,0, ,N, ,0, , , , , ,477556, , , ,2,2,0,0,0,0,0,0,0,0,0,2,2,0,0,0,0,0,0,0,0,0,0,0,0,0,0,0,0,0,0,0,0,0,0,4,0,40.0644,-74.9989, , 
 ,42587,2014059051,6,67,67301,2014,5,6,351,3,3,1,0,1,6, , ,N,0,0,0,3,0,0,2,2,N,N,40 01:48.006,75 13:08.632,355, ,351, ,0, ,N, ,0, , , , , ,477563, , , ,2,2,0,0,0,0,0,0,0,0,0,0,0,0,0,0,0,0,0,1,0,0,0,0,0,0,0,0,0,0,0,0,0,0,0,0,0,40.03,-75.2191, , 
 ,42588,2014059078,6,67,67301,2014,5,2,1140,11,1,1,0,8,1, , ,N,0,0,0,3,0,1,2,2,N,N,40 01:21.117,75 08:00.838,1155, ,1150, ,0, , , ,0, , , , , ,477573, , , ,1,0,0,0,0,0,0,1,0,0,1,0,1,0,0,0,0,0,0,0,0,0,0,0,0,0,0,0,0,0,0,0,1,0,0,3,0,40.0225,-75.1336, , 