wz_ln_closure,objectid_1,crn,district,county,municipality,crash_year,crash_month,day_of_week,time_of_day,hour_of_day,illumination,weather,road_condition,collision_type,relation_to_road,work_zone_type,work_zone_loc,work_zone_ind,intersect_type,tcd_type,location_type,urban_rural,fatal_count,injury_count,person_count,total_units,sch_bus_ind,sch_zone_ind,latitude,longitude,arrival_tm,cons_zone_spd_lim,dispatch_tm,est_hrs_closed,lane_closed,ln_close_dir,ntfy_hiwy_maint,spec_juris_cd,tcd_func_cd,tfc_detour_ind,workers_pres,wz_close_detour,wz_flagger,wz_law_offcr_ind,objectid,wz_moving,wz_other,wz_shlder_mdn,vehicle_count,automobile_count,motorcycle_count,bus_count,small_truck_count,heavy_truck_count,suv_count,van_count,bicycle_count,maj_inj_count,mod_inj_count,min_inj_count,tot_inj_count,unk_inj_deg_count,unk_inj_per_count,driver_count_16yr,driver_count_17yr,driver_count_18yr,driver_count_19yr,driver_count_20yr,driver_count_50_64yr,driver_count_65_74yr,driver_count_75plus,unbelted_occ_count,unb_death_count,unb_maj_inj_count,belted_death_count,belted_maj_inj_count,mcycle_death_count,mcycle_maj_inj_count,bicycle_death_count,bicycle_maj_inj_count,ped_count,ped_death_count,ped_maj_inj_count,max_severity_level,comm_veh_count,dec_lat,dec_long,rdwy_surf_type_cd,county_name
 ,42589,2014061238,6,67,67301,2014,6,3,2055,20,3,1,0,7,2, , ,N,0,0,2,3,0,0,3,1,N,N,40 00:20.914,75 04:30.385,2111, ,2058,1,2,1,N, ,0,Y, , , , ,477577, , , ,1,0,0,0,0,0,1,0,0,0,0,0,0,0,0,0,0,0,0,0,0,0,0,0,0,0,0,0,0,0,0,0,0,0,0,0,0,40.0058,-75.0751, , 
 ,42590,2014076017,6,67,67301,2014,6,3,2130,21,3,1,0,8,1, , ,N,0,0,0,3,0,1,2,2,N,N,39 58:09.379,75 14:50.733,2137, ,2135, ,0, ,N, ,0, , , , , ,477593, , , ,1,1,0,0,0,0,0,0,0,0,0,1,1,0,0,0,0,0,0,0,0,0,0,0,0,0,0,0,0,0,0,0,1,0,0,4,0,39.9693,-75.2474, , 
 ,42591,2014091462,6,67,67301,2014,8,5,853,8,1,1,0,8,1, , ,N,2,2,0,3,0,1,2,2,N,N,40 05:00.920,75 13:20.330,903, ,858, ,0, ,N, ,3, , , , , ,477603, , , ,1,0,0,0,0,0,1,0,0,0,0,1,1,0,0,0,0,0,0,0,0,1,0,0,0,0,0,0,0,0,0,0,1,0,0,4,0,40.0836,-75.2223, , 
 ,42592,2014088833,6,67,67301,2014,8,4,1858,18,1,1,0,1,1, , ,N,2,2,0,3,0,2,4,2,N, ,39 53:40.400,75 13:46.386,1912, ,1909, ,0, , , ,3, , , , , ,477626, , , ,2,1,0,0,0,0,1,0,0,0,0,0,2,2,0,0,0,0,0,0,0,0,0,0,0,0,0,0,0,0,0,0,0,0,0,8,0,39.8946,-75.2296, , 
 ,42593,2014124459,6,67,67301,2014,11,3,1240,12,1,1,0,8,1, , ,N,0,0,0,3,0,1,2,2,N, ,39 55:15.134,75 11:08.866,1242, ,1242, ,0, , , ,0, , , , , ,477651, , , ,1,1,0,0,0,0,0,0,0,0,0,0,1,1,0,0,0,0,0,0,0,1,0,0,0,0,0,0,0,0,0,0,1,0,0,8,0,39.9209,-75.1858, , 
 ,42594,2014130393,6,67,67301,2014,12,3,1646,16,4,2,1,4,1, , ,N,1,2,0,3,0,1,5,3,N,N,40 03:00.396,75 03:51.268,1655, ,1647,1,1,3,N, ,3,N, , , , ,477655, , , ,3,1,0,0,0,0,1,1,0,0,0,0,1,1,0,0,0,0,0,0,1,0,0,0,0,0,0,0,0,0,0,0,0,0,0,8,0,40.0501,-75.0642, , 
 ,42595,2014130612,6,67,67301,2014,12,2,2215,22,3,2,1,7,5, , ,N,0,0,0,3,0,0,2,1,N,N,39 57:36.108,75 10:47.884,2227, ,2223, ,0, ,N, ,0, , , , , ,477656, , , ,1,1,0,0,0,0,0,0,0,0,0,0,0,0,0,0,0,0,0,0,0,0,0,0,0,0,0,0,0,0,0,0,0,0,0,0,0,39.96,-75.18, , 
 ,42596,2014113347,6,67,67301,2014,10,5,1223,12,1,2,1,7,2, , ,N,0,0,0,3,0,0,1,1,N,N,40 01:00.229,75 12:09.252,1228, ,1226,2,1,1,N, ,0,N, , , , ,467555, , , ,1,1,0,0,0,0,0,0,0,0,0,0,0,0,0,0,0,0,0,0,0,0,0,0,0,0,0,0,0,0,0,0,0,0,0,0,0,40.0167,-75.2026, , 
 ,42597,2014112641,6,67,67301,2014,6,2,1400,14,1,1,1,6,1, , ,N,0,0,0,3,0,0,2,2,N,N,39 56:24.830,75 14:13.058,0, ,0, ,0, ,N, ,0, , , , , ,467578, , , ,2,1,0,0,0,0,0,0,0,0,0,0,0,0,0,0,0,0,0,0,0,0,0,0,0,0,0,0,0,0,0,0,0,0,0,0,0,39.9402,-75.237, , 
 ,42598,2014113323,6,67,67301,2014,10,6,437,4,3,1,0,5,6, , ,N,0,0,0,3,0,0,1,6,N,N,39 55:42.858,75 10:31.196,440, ,439,2,2,1, , ,0,N, , , , ,467579, , , ,6,2,0,0,0,0,3,1,0,0,0,0,0,0,0,0,0,0,0,0,0,0,0,0,0,0,0,0,0,0,0,0,0,0,0,0,0,39.9286,-75.1753, , 
 ,42599,2014117605,6,67,67301,2014,10,7,1114,11,1,1,0,4,1, , ,N,1,2,0,3,0,1,2,2,N, ,39 56:41.420,75 10:30.111,1117, ,1114, ,0, , , ,3, , , , , ,467582, , , ,1,1,0,0,0,0,0,0,1,0,0,1,1,0,0,0,0,0,0,0,0,0,0,0,0,0,0,0,0,0,0,0,0,0,0,4,0,39.9448,-75.175, , 
 ,42600,2014124453,6,67,67301,2014,11,7,1007,10,1,1,0,4,1, , ,N,1,2,0,3,0,1,2,2,N, ,39 58:47.528,75 08:34.317,1015, ,1010,2,2,7, , ,3,Y, , , , ,467591, , , ,2,2,0,0,0,0,0,0,0,0,0,1,1,0,0,0,0,0,0,0,1,0,0,0,0,0,0,0,0,0,0,0,0,0,0,4,0,39.9799,-75.1429, , 
 ,42601,2014088687,6,67,67301,2014,6,1,1550,15,1,1,0,8,1, , ,N,2,0,0,3,0,1,2,2,N,N,39 58:11.074,75 13:56.665,1602, ,1559, ,0, ,N, ,0, , , , , ,467604, , , ,1,0,0,0,0,0,0,1,0,0,0,0,1,1,0,0,0,0,0,0,0,0,0,0,0,0,0,0,0,0,0,0,1,0,0,8,0,39.9697,-75.2324, , 
 ,42602,2014088699,6,67,67301,2014,6,5,1730,17,1,1,0,4,1, , ,N,1,2,0,3,0,0,4,3,N,N,39 59:16.900,75 14:14.974,1743, ,1740,1,1,6,N, ,3,N, , , , ,467605, , , ,3,1,0,0,1,0,1,0,0,0,0,0,0,0,0,0,0,0,0,0,1,0,0,0,0,0,0,0,0,0,0,0,0,0,0,0,0,39.988,-75.2375, , 
 ,42603,2014093558,6,67,67301,2014,9,4,1934,19,3,1,0,4,1, , ,N,0,0,7,3,0,1,3,2,N,N,40 01:17.008,75 03:07.340,1942, ,1939, ,0, ,N, ,0, , , , , ,467611, , , ,2,2,0,0,0,0,0,0,0,0,0,0,1,1,1,0,0,0,0,0,0,0,0,0,0,0,0,0,0,0,0,0,0,0,0,8,0,40.0214,-75.052, , 
 ,42604,2014104618,6,67,67301,2014,9,1,600,6,1,1,0,5,6, , ,N,0,0,0,3,0,0,1,2,N, ,40 02:41.024,75 13:27.156,615, ,600, ,0, , , ,0, , , , , ,467621, , , ,2,1,0,0,0,0,1,0,0,0,0,0,0,0,0,0,0,0,0,0,1,0,0,1,0,0,0,0,0,0,0,0,0,0,0,0,0,40.0447,-75.2242, , 
 ,42605,2014106670,6,67,67301,2014,10,3,2330,23,3,2,1,8,1, , ,N,0,0,0,3,0,1,2,2,N,N,40 02:11.692,75 08:40.797,25, ,15, ,0, ,N, ,0, , , , , ,467623, , , ,1,0,0,0,0,0,0,1,0,0,0,1,1,0,0,0,0,0,0,0,1,0,0,0,0,0,0,0,0,0,0,0,1,0,0,4,0,40.0366,-75.1447, , 
 ,42606,2014107217,6,67,67301,2014,10,6,1910,19,3,1,0,4,1, , ,N,1,2,0,3,0,0,5,2,N,N,39 57:25.253,75 12:48.054,1916, ,1914,1,1,3,N, ,3,N, , , , ,467625, , , ,2,2,0,0,0,0,0,0,0,0,0,0,0,0,0,0,0,0,0,0,0,0,0,0,0,0,0,0,0,0,0,0,0,0,0,0,0,39.957,-75.2133, , 
 ,42607,2014068591,6,67,67301,2014,6,4,2145,21,2,2,1,8,1, , ,N,3,0,0,3,0,1,2,2,N, ,40 03:25.264,75 05:35.815,2200, ,2157, ,0, ,N, ,0, , , , , ,467636, , , ,1,1,0,0,0,0,0,0,0,0,0,1,1,0,0,0,0,0,0,0,0,0,0,0,0,0,0,0,0,0,0,0,1,0,0,4,0,40.057,-75.0933, , 
 ,42608,2014130457,6,67,67301,2014,12,1,710,7,1,1,0,7,4, , ,N,0,0,0,3,0,1,1,1,N,N,40 03:54.119,74 58:56.593,745, ,743, ,0, ,N, ,0, , , , , ,467643, , , ,1,1,0,0,0,0,0,0,0,0,0,1,1,0,0,0,0,0,0,0,0,0,0,0,0,0,0,0,0,0,0,0,0,0,0,4,0,40.065,-74.9824, , 
 ,42609,2014130382,6,67,67301,2014,12,4,2100,21,3,9,1,4,1, , ,N,1,3,0,3,0,1,2,2,N, ,40 03:41.310,75 09:13.111,1157, ,1147, ,0, , , ,3, , , , , ,467660, , , ,2,2,0,0,0,0,0,0,0,0,0,1,1,0,0,0,0,0,0,0,0,0,0,0,0,0,0,0,0,0,0,0,0,0,0,4,0,40.0615,-75.1536, , 
 ,42610,2015006694,6,67,67301,2014,12,2,1515,15,1,1,0,1,1, , ,N,3,0,0,3,0,1,4,3,N,N,39 57:50.939,75 10:48.361,1600, ,1550, ,0, ,N, ,0, , , , , ,467663, , , ,3,3,0,0,0,0,0,0,0,0,0,0,1,1,0,0,0,0,0,0,0,0,0,0,0,0,0,0,0,0,0,0,0,0,0,8,0,39.9641,-75.1801, , 
 ,42611,2014118303,6,67,67301,2014,10,1,1058,10,1,1,0,1,1, , ,N,0,0,0,3,0,1,2,2,N,N,39 57:25.779,75 10:48.962,1105, ,1058,2,1,4,N, ,0,N, , , , ,467678, , , ,2,0,0,0,1,0,0,1,0,0,0,1,1,0,0,0,0,0,0,0,1,0,0,0,0,0,0,0,0,0,0,0,0,0,0,4,0,39.9572,-75.1803, , 
 ,42612,2014084380,6,67,67301,2014,7,2,1754,17,1,1,0,4,1, , ,N,1,3,0,3,0,0,2,2,N,N,39 55:29.816,75 09:39.452,1755, ,1754, ,0, ,N, ,3, , , , , ,467692, , , ,2,1,0,0,0,0,1,0,0,0,0,0,0,0,0,0,0,0,0,0,1,0,0,2,0,0,0,0,0,0,0,0,0,0,0,0,0,39.9249,-75.161, , 
 ,42613,2014088965,6,67,67301,2014,8,7,1315,13,1,1,0,1,1, , ,N,1,2,0,3,0,0,4,3,N, ,40 03:04.368,75 03:57.572,1323, ,1320, ,0, , , ,3, , , , , ,467695, , , ,3,1,0,0,0,0,2,0,0,0,0,0,0,0,0,0,0,0,0,0,0,0,0,0,0,0,0,0,0,0,0,0,0,0,0,0,0,40.0512,-75.0661, , 
 ,42614,2014091288,6,67,67301,2014,8,1,739,7,1,1,0,7,4, , ,N,1,3,0,3,0,0,1,1,N,N,40 03:34.337,75 09:55.640,755, ,745, ,0, ,N, ,3, , , , , ,467698, , , ,1,1,0,0,0,0,0,0,0,0,0,0,0,0,1,0,0,0,0,0,0,0,0,0,0,0,0,0,0,0,0,0,0,0,0,9,0,40.0595,-75.1655, , 
 ,42615,2014116077,6,67,67301,2014,3,7,9999,99,8,2,1,4,1, , ,N,1,3,0,3,0,4,5,2,N,N,39 55:47.870,75 11:01.737,0, ,0, ,0, ,N, ,3, , , , , ,470336, , , ,2,1,0,0,1,0,0,0,0,2,2,0,4,0,1,0,0,0,0,0,1,0,0,0,0,0,0,2,0,0,0,0,0,0,0,2,0,39.93,-75.1838, , 
 ,42616,2014116417,6,67,67301,2014,2,2,845,8,1,1,0,1,1, , ,N,1,2,0,3,0,1,2,2,N,N,40 03:19.147,75 04:24.059,0, ,0, ,0, ,N, ,3, , , , , ,470337, , , ,2,0,0,0,0,0,2,0,0,0,0,0,1,1,0,0,0,0,0,0,1,1,0,0,0,0,0,0,0,0,0,0,0,0,0,8,0,40.0553,-75.0733, , 
Y,42617,2014119576,6,67,67301,2014,11,6,1619,16,4,1,0,1,1,1,4,Y,0,0,0,3,0,0,2,2,N,N,39 59:04.343,75 05:43.233,1630,45,1628, ,0, ,N, ,0, ,N,N,N,N,470340,N,N,Y,2,0,0,0,0,0,0,2,0,0,0,0,0,0,0,0,0,0,0,0,0,0,0,0,0,0,0,0,0,0,0,0,0,0,0,0,0,39.9845,-75.0953, , 
 ,42618,2014109952,6,67,67301,2014,10,7,1118,11,1,1,0,4,1, , ,N,1,3,0,3,0,0,4,2,N,N,39 55:19.725,75 10:18.951,1125, ,1120, ,0, , , ,3, , , , , ,470370, , , ,2,2,0,0,0,0,0,0,0,0,0,0,0,0,0,0,0,0,0,0,1,0,0,0,0,0,0,0,0,0,0,0,0,0,0,0,0,39.9221,-75.1719, , 
 ,42619,2014122181,6,46,46102,2014,12,5,1852,18,3,1,0,8,1, , ,N,0,0,0,3,0,1,2,2,N,N,40 04:26.865,75 09:30.131,1853, ,1853,1,1,4,N, ,0,N, , , , ,470384, , , ,1,1,0,0,0,0,0,0,0,0,0,0,1,1,0,0,0,0,0,0,0,1,0,0,0,0,0,0,0,0,0,0,1,0,0,8,0,40.0741,-75.1584, , 
 ,42620,2014087822,6,67,67301,2014,7,5,705,7,1,1,0,7,4, , ,N,0,0,0,3,0,0,1,1,N,N,40 01:36.577,75 05:39.879,745, ,735, ,0, , , ,0, , , , , ,470395, , , ,1,1,0,0,0,0,0,0,0,0,0,0,0,0,0,0,0,0,0,0,0,0,0,0,0,0,0,0,0,0,0,0,0,0,0,0,0,40.0268,-75.0944, , 
 ,42621,2014087998,6,67,67301,2014,8,4,634,6,1,1,0,5,1, , ,N,0,0,6,3,0,1,3,3,N,N,40 01:37.022,75 06:47.739,639, ,636,1,1,1, , ,0,N, , , , ,470396, , , ,3,2,0,0,0,0,1,0,0,0,0,1,1,0,1,0,0,0,0,0,1,0,0,0,0,0,0,0,0,0,0,0,0,0,0,4,0,40.0269,-75.1133, , 
 ,42622,2014111444,6,67,67301,2014,10,7,1845,18,3,1,0,5,1, , ,N,0,0,0,3,0,1,2,2,N,N,39 56:02.750,75 10:03.457,1845, ,1845, ,0, ,N, ,0, , , , , ,470416, , , ,1,1,0,0,0,0,0,0,1,0,0,0,1,1,0,0,0,0,0,0,0,0,0,0,0,0,0,0,0,0,0,0,0,0,0,8,0,39.9341,-75.1676, , 
 ,42623,2014112659,6,67,67301,2014,6,5,1515,15,1,1,0,1,1, , ,N,1,2,0,3,0,1,3,2,N,N,40 06:18.581,75 01:58.245,0, ,0, ,0, ,N, ,3, , , , , ,470420, , , ,2,2,0,0,0,0,0,0,0,0,1,0,1,0,0,0,0,0,0,0,0,0,0,0,0,0,0,0,0,0,0,0,0,0,0,3,0,40.1052,-75.0328, , 
 ,42624,2014104587,6,67,67301,2014,10,4,2130,21,3,1,0,6,1, , ,N,1,2,0,3,0,2,2,2,N,N,40 03:26.473,75 04:36.598,2142, ,2134, ,0, ,N, ,3, , , , , ,470438, , , ,2,1,0,0,0,0,1,0,0,0,1,1,2,0,0,0,0,0,0,0,1,0,0,0,0,0,0,0,0,0,0,0,0,0,0,3,0,40.0574,-75.0768, , 
 ,42625,2014124446,6,67,67301,2014,11,7,1722,17,3,1,0,4,1, , ,N,1,3,0,3,0,2,2,2,N,N,39 56:00.340,75 11:28.503,1725, ,1724,3,1,7,N, ,3,Y, , , , ,470459, , , ,2,1,0,0,1,0,0,0,0,0,0,0,2,2,0,0,0,0,0,0,1,0,0,0,0,0,0,0,0,0,0,0,0,0,0,8,0,39.9334,-75.1913, , 
 ,42626,2014128015,6,67,67301,2014,12,5,841,8,1,4,0,7,2, , ,N,0,0,0,3,0,0,1,1,N,N,39 56:36.698,75 08:34.879,859, ,843, ,0, ,N, ,0, , , , , ,470464, , , ,1,1,0,0,0,0,0,0,0,0,0,0,0,0,0,0,0,0,0,0,0,0,0,0,0,0,0,0,0,0,0,0,0,0,0,0,0,39.9435,-75.143, , 
 ,42627,2015002757,6,67,67301,2014,12,2,2207,22,3,9,1,4,1, , ,N,1,3,0,3,0,2,3,3,N,N,40 03:11.930,75 07:36.436,24, ,17, ,0, ,N, ,3, , , , , ,470470, , , ,3,2,0,0,1,0,0,0,0,0,0,2,2,0,0,0,0,0,0,1,0,0,0,0,0,0,0,0,0,0,0,0,0,0,0,4,0,40.0533,-75.1268, , 
 ,42628,2014059293,6,67,67301,2014,4,2,1600,16,1,1,0,8,1, , ,N,1,2,0,3,0,1,2,2,N,N,39 54:54.566,75 14:25.230,2135, ,2130, ,0, ,N, ,3, , , , , ,470473, , , ,1,1,0,0,0,0,0,0,0,1,0,0,1,0,0,0,0,0,0,0,0,0,0,0,0,0,0,0,0,0,0,0,1,0,1,2,0,39.9152,-75.2403, , 
 ,42629,2014084197,6,67,67301,2014,7,4,9999,99,1,1,0,1,6, , ,N,0,0,0,3,0,0,1,3,N, ,40 02:36.210,75 03:44.220,2003, ,1958, ,0, , , ,0, , , , , ,470487, , , ,3,1,0,0,1,0,1,0,0,0,0,0,0,0,0,0,0,0,0,0,1,0,0,0,0,0,0,0,0,0,0,0,0,0,0,0,0,40.0434,-75.0623, , 
 ,42630,2014088411,6,67,67301,2014,7,1,849,8,1,1,0,8,1, , ,N,1,2,0,3,0,1,2,2,N,N,40 03:42.905,75 09:47.363,900, ,849, ,0, , , ,3, , , , , ,470489, , , ,1,1,0,0,0,0,0,0,0,0,0,1,1,0,0,0,0,0,0,0,1,0,0,0,0,0,0,0,0,0,0,0,1,0,0,4,0,40.0619,-75.1632, , 
 ,42631,2014095981,6,67,67301,2014,9,7,9999,99,1,1,0,4,1, , ,N,1,2,0,3,0,3,4,2,N,N,40 01:21.348,75 03:09.739,950, ,944, ,0, ,N, ,3, , , , , ,470497, , , ,2,2,0,0,0,0,0,0,0,0,0,3,3,0,0,0,0,0,0,0,1,0,0,0,0,0,0,0,0,0,0,0,0,0,0,4,0,40.0226,-75.0527, , 
N,42632,2014106352,6,67,67301,2014,10,2,1654,16,1,1,0,1,1,1,4,Y,0,0,0,3,0,1,3,2,N,N,39 58:47.704,75 06:23.235,1725,45,1655,1,1,2,N, ,0,N,N,N,N,N,470503,N,Y,N,2,1,0,0,0,1,0,0,0,0,0,0,1,1,0,0,0,0,0,0,0,0,0,0,0,0,0,0,0,0,0,0,0,0,0,8,1,39.9799,-75.1065, , 
 ,42633,2014104447,6,67,67301,2014,10,7,1135,11,1,1,0,4,1, , ,N,0,0,0,3,0,1,3,2,N,N,40 00:18.579,75 10:02.505,1138, ,1137, ,0, , , ,0, , , , , ,473369, , , ,2,2,0,0,0,0,0,0,0,0,0,0,1,1,0,0,0,0,0,0,0,0,0,0,0,0,0,0,0,0,0,0,0,0,0,8,0,40.0052,-75.1674, , 
 ,42634,2014106777,6,67,67301,2014,9,3,816,8,1,1,0,7,4, , ,N,0,0,0,3,1,0,1,1,N,N,40 02:04.780,75 11:51.970,826, ,820,9,1,1,N,0,0,N, , , , ,473370, , , ,1,1,0,0,0,0,0,0,0,0,0,0,0,0,0,0,0,0,0,0,0,0,1,0,0,0,1,0,0,0,0,0,0,0,0,1,0,40.0347,-75.1978,2, 
 ,42635,2014120887,6,67,67301,2014,11,1,9999,99,3,1,0,5,6, , ,N,0,0,0,3,0,1,1,4,N, ,40 01:30.315,75 03:27.780,240, ,235, ,0, , , ,0, , , , , ,473377, , , ,4,2,0,0,0,0,2,0,0,0,0,1,1,0,0,0,0,1,0,0,0,0,0,0,0,0,0,0,0,0,0,0,0,0,0,4,0,40.0251,-75.0577, , 
 ,42636,2014127421,6,67,67301,2014,10,5,1750,17,4,1,0,1,1, , ,N,0,0,0,3,0,1,3,3,N,N,39 57:26.010,75 14:48.094,1755, ,1750, ,0, ,N, ,0, , , , , ,473390, , , ,3,0,0,0,0,0,2,1,0,0,0,0,1,1,0,0,0,0,0,0,1,0,0,0,0,0,0,0,0,0,0,0,0,0,0,8,0,39.9572,-75.2467, , 
 ,42637,2014068276,6,67,67301,2014,5,4,645,6,1,1,0,4,1, , ,N,7,2,2,3,0,1,2,2,N,N,39 58:11.326,75 08:09.949,654, ,645,2,1,3,N, ,3,N, , , , ,473407, , , ,2,0,0,0,0,1,1,0,0,0,0,1,1,0,0,0,0,0,0,0,2,0,0,0,0,0,0,0,0,0,0,0,0,0,0,4,1,39.9698,-75.1361, , 
 ,42638,2014121476,6,67,67301,2014,11,1,1200,12,1,1,0,4,1, , ,N,1,2,0,3,0,1,2,2,N,N,39 59:18.574,75 08:55.215,1235, ,1230,1,1,2,N, ,3,N, , , , ,473424, , , ,2,2,0,0,0,0,0,0,0,0,0,0,1,1,0,0,0,1,0,0,0,0,0,0,0,0,0,0,0,0,0,0,0,0,0,8,0,39.9885,-75.1487, , 
 ,42639,2014104403,6,67,67301,2014,10,1,9999,99,3,1,0,6,6, , ,N,0,0,0,3,0,1,2,4,N,N,40 02:11.101,75 04:37.628,5, ,5, ,0, ,N, ,0, , , , , ,473435, , , ,4,2,0,0,1,0,1,0,0,0,0,1,1,0,0,0,0,0,0,0,0,0,0,0,0,0,0,0,0,0,0,0,0,0,0,4,0,40.0364,-75.0771, , 
 ,42640,2014104506,6,67,67301,2014,10,6,1455,14,1,1,0,4,1, , ,N,2,3,0,3,0,2,4,2,N,N,40 01:52.777,75 04:23.107,1525, ,9999, ,0, ,N, ,3, , , , , ,473436, , , ,2,1,0,0,0,0,1,0,0,0,0,1,2,1,0,0,1,0,0,0,0,0,0,0,0,0,0,0,0,0,0,0,0,0,0,4,0,40.0313,-75.073, , 
 ,42641,2014104533,6,67,67301,2014,10,2,1800,18,1,9,0,4,1, , ,N,5,2,0,3,0,1,3,2,N, ,40 04:17.125,75 09:40.567,1854, ,1834, ,0, , , ,3, , , , , ,473437, , , ,2,2,0,0,0,0,0,0,0,0,1,0,1,0,2,0,0,0,0,0,0,0,0,0,0,0,0,0,0,0,0,0,0,0,0,3,0,40.0714,-75.1613, , 
 ,42642,2014109948,6,67,67301,2014,10,4,2009,20,3,2,1,4,1, , ,N,1,2,0,3,0,3,4,3,N,N,39 58:49.154,75 12:51.152,2015, ,2012,2,2,1,N, ,3,Y, , , , ,473440, , , ,3,2,0,0,0,1,0,0,0,0,0,3,3,0,0,0,0,0,0,0,1,0,0,0,0,0,0,0,0,0,0,0,0,0,0,4,0,39.9803,-75.2141, , 
 ,42643,2014120192,6,46,46104,2014,11,6,1400,14,1,1,0,4,1, , ,N,0,0,7,3,0,0,3,2,N,N,39 58:44.794,75 16:17.793,1403, ,1401, ,0, ,N, ,0, , , , , ,473451, , , ,2,0,0,0,1,0,1,0,0,0,0,0,0,0,0,0,0,0,0,0,0,0,0,0,0,0,0,0,0,0,0,0,0,0,0,0,0,39.9791,-75.2716, , 
 ,42644,2015018951,6,67,67301,2014,8,1,1230,12,1,1,0,4,1, , ,N,0,0,7,3,0,1,2,2,N, ,40 02:35.966,75 13:39.550,1240, ,1233,9,1,2, , ,0,N, , , , ,473465, , , ,2,1,0,0,0,0,0,1,0,0,0,0,1,1,0,0,0,0,0,0,0,0,0,0,0,0,0,0,0,0,0,0,0,0,0,8,0,40.0433,-75.2277, , 
 ,42645,2014059120,6,67,67301,2014,4,3,1640,16,1,2,1,7,4, , ,N,10,0,0,3,0,3,3,2,N,N,39 56:44.368,75 14:06.554,1643, ,1641, ,0, ,N, ,0, , , , , ,473470, , , ,1,1,0,0,0,0,0,0,0,0,0,3,3,0,0,0,0,0,0,0,0,0,0,0,0,0,0,0,0,0,0,0,0,0,0,4,0,39.9457,-75.2352, , 
 ,42646,2014068214,6,67,67301,2014,5,3,2140,21,1,1,0,4,1, , ,N,1,2,0,3,0,0,4,2,N,N,40 02:18.514,75 11:29.614,2144, ,2140, ,0, ,N, ,3, , , , , ,473472, , , ,2,2,0,0,0,0,0,0,0,0,0,0,0,0,2,0,0,0,0,0,0,0,1,0,0,0,0,0,0,0,0,0,0,0,0,9,0,40.0384,-75.1915, , 
 ,42647,2014088101,6,67,67301,2014,8,1,1430,14,1,1,0,5,6, , ,N,0,0,0,3,0,1,1,3,N,N,40 03:08.384,75 07:54.200,1500, ,1456, ,0, , , ,0, , , , , ,473493, , , ,3,2,0,0,0,0,0,1,0,0,0,1,1,0,0,0,0,0,0,0,0,0,0,0,0,0,0,0,0,0,0,0,0,0,0,4,0,40.0523,-75.1317, , 
 ,42648,2014088120,6,67,67301,2014,7,5,1815,18,1,1,0,1,1, , ,N,1,2,0,3,0,5,8,3,N,N,40 03:10.198,75 09:10.288,9999, ,1815, ,0, ,N, ,3, , , , , ,473494, , , ,3,2,0,0,0,0,1,0,0,0,0,5,5,0,3,0,0,0,0,0,0,0,0,0,0,0,0,0,0,0,0,0,0,0,0,4,0,40.0528,-75.1529, , 
 ,42649,2014088693,6,67,67301,2014,8,1,550,5,1,1,0,1,6, , ,N,0,0,0,3,0,0,1,3,N,N,39 57:51.469,75 11:21.213,615, ,600, ,0, ,N, ,0, , , , , ,473495, , , ,3,3,0,0,0,0,0,0,0,0,0,0,0,0,0,0,0,0,0,0,0,0,0,0,0,0,0,0,0,0,0,0,0,0,0,0,0,39.9643,-75.1892, , 
 ,42650,2014095865,6,67,67301,2014,9,1,5,0,3,1,0,4,1, , ,N,2,3,0,3,0,2,3,2,N,N,40 01:15.747,75 03:15.058,12, ,12, ,0, ,N, ,3, , , , , ,473503, , , ,2,1,0,0,0,0,0,0,0,0,0,2,2,0,0,0,0,0,0,0,1,0,0,0,0,0,0,0,0,0,0,0,0,0,0,4,0,40.021,-75.0542, , 
 ,42651,2014122436,6,46,46102,2014,11,2,1140,11,1,1,0,1,1, , ,N,1,2,0,3,0,1,4,2,N,N,40 03:55.027,75 05:25.289,1153, ,1143,1,1,4, , ,3,N, , , , ,476803, , , ,2,0,0,0,0,0,1,1,0,0,0,1,1,0,0,0,0,0,0,0,0,0,0,0,0,0,0,0,0,0,0,0,0,0,0,4,0,40.0653,-75.0904, , 
 ,42652,2014066667,6,46,46108,2014,7,1,2246,22,3,1,0,4,1, , ,N,5,2,0,3,0,2,4,2,N,N,40 05:09.951,75 12:42.717,2248, ,2246,1,1,2,N, ,3,N, , , , ,476820, , , ,2,1,0,0,0,0,1,0,0,0,0,0,2,2,0,0,0,0,0,0,1,1,0,2,0,0,0,0,0,0,0,0,0,0,0,8,0,40.0861,-75.2119, , 
 ,42653,2014084277,6,67,67301,2014,7,6,2325,23,3,1,0,4,1, , ,N,1,2,0,3,0,1,3,2,N,N,40 02:25.817,75 03:32.713,2327, ,2325,1,2,2,N, ,3,Y, , , , ,476840, , , ,2,1,0,0,0,0,0,1,0,0,0,0,1,1,0,0,0,0,0,0,1,0,0,0,0,0,0,0,0,0,0,0,0,0,0,8,0,40.0405,-75.0591, , 
 ,42654,2014087932,6,67,67301,2014,7,1,45,0,3,1,0,5,6, , ,N,0,0,0,3,0,0,1,5,N, ,39 56:36.726,75 10:16.708,56, ,50, ,0, , , ,0, , , , , ,476854, , , ,5,5,0,0,0,0,0,0,0,0,0,0,0,0,0,0,0,0,0,0,1,0,0,0,0,0,0,0,0,0,0,0,0,0,0,0,0,39.9435,-75.1713, , 