wz_ln_closure,objectid_1,crn,district,county,municipality,crash_year,crash_month,day_of_week,time_of_day,hour_of_day,illumination,weather,road_condition,collision_type,relation_to_road,work_zone_type,work_zone_loc,work_zone_ind,intersect_type,tcd_type,location_type,urban_rural,fatal_count,injury_count,person_count,total_units,sch_bus_ind,sch_zone_ind,latitude,longitude,arrival_tm,cons_zone_spd_lim,dispatch_tm,est_hrs_closed,lane_closed,ln_close_dir,ntfy_hiwy_maint,spec_juris_cd,tcd_func_cd,tfc_detour_ind,workers_pres,wz_close_detour,wz_flagger,wz_law_offcr_ind,objectid,wz_moving,wz_other,wz_shlder_mdn,vehicle_count,automobile_count,motorcycle_count,bus_count,small_truck_count,heavy_truck_count,suv_count,van_count,bicycle_count,maj_inj_count,mod_inj_count,min_inj_count,tot_inj_count,unk_inj_deg_count,unk_inj_per_count,driver_count_16yr,driver_count_17yr,driver_count_18yr,driver_count_19yr,driver_count_20yr,driver_count_50_64yr,driver_count_65_74yr,driver_count_75plus,unbelted_occ_count,unb_death_count,unb_maj_inj_count,belted_death_count,belted_maj_inj_count,mcycle_death_count,mcycle_maj_inj_count,bicycle_death_count,bicycle_maj_inj_count,ped_count,ped_death_count,ped_maj_inj_count,max_severity_level,comm_veh_count,dec_lat,dec_long,rdwy_surf_type_cd,county_name
 ,42655,2014088679,6,67,67301,2014,8,5,135,1,3,1,0,1,6, , ,N,0,0,0,3,0,0,1,2,N,N,39 56:30.400,75 09:00.637,151, ,145,3,1,3,N, ,0,Y, , , , ,476855, , , ,2,2,0,0,0,0,0,0,0,0,0,0,0,0,0,0,0,0,0,0,0,0,0,0,0,0,0,0,0,0,0,0,0,0,0,0,0,39.9418,-75.1502, , 
 ,42656,2014095917,6,67,67301,2014,9,3,1800,18,1,1,0,4,1, , ,N,2,3,0,3,0,1,2,2,N,N,40 02:00.996,75 08:28.283,2103, ,2058, ,0, ,N, ,3, , , , , ,476859, , , ,1,1,0,0,0,0,0,0,1,0,0,0,1,1,0,0,0,0,0,0,1,0,0,0,0,0,0,0,0,0,0,0,0,0,0,8,0,40.0336,-75.1412, , 
 ,42657,2014099201,6,67,67301,2014,9,1,1759,17,1,1,0,8,4, , ,N,0,0,0,3,0,3,4,4,N,N,39 59:17.873,75 08:35.066,1800, ,1759, ,0, ,N, ,0, , , , , ,476864, , , ,1,1,0,0,0,0,0,0,0,0,0,3,3,0,0,0,0,0,0,0,0,0,0,0,0,0,0,0,0,0,0,0,3,0,0,4,0,39.9883,-75.1431, , 
 ,42658,2014104448,6,67,67301,2014,10,3,9999,99,1,1,0,1,1, , ,N,7,2,2,3,0,1,5,3,N,N,40 06:23.288,74 59:54.940,1050, ,1041,1,1,1,N, ,3,N, , , , ,476867, , , ,3,1,0,0,0,0,2,0,0,0,0,0,1,1,0,0,0,0,0,0,0,1,0,1,0,0,0,0,0,0,0,0,0,0,0,8,0,40.1065,-74.9986, , 
 ,42659,2014104604,6,67,67301,2014,9,2,2115,21,3,1,0,7,4, , ,N,0,0,0,3,0,0,1,1,N,N,39 57:03.310,75 10:36.859,2120, ,2115,1,2,4,N, ,0,Y, , , , ,476868, , , ,1,1,0,0,0,0,0,0,0,0,0,0,0,0,0,0,0,0,0,0,0,0,0,1,0,0,0,0,0,0,0,0,0,0,0,0,0,39.9509,-75.1769, , 
 ,42660,2014059043,6,67,67301,2014,5,4,1000,10,1,1,0,8,1, , ,N,1,3,0,3,0,1,3,2,N,N,39 59:43.245,75 09:44.708,1700, ,1655, ,0, , , ,3, , , , , ,476911, , , ,1,1,0,0,0,0,0,0,0,0,0,1,1,0,0,0,0,0,0,0,0,0,0,0,0,0,0,0,0,0,0,0,1,0,0,4,0,39.9953,-75.1624, , 
N,42661,2014085486,6,67,67301,2014,8,7,140,1,3,1,0,7,5,1,8,Y,0,0,0,3,0,0,1,1,N,N,39 58:10.246,75 07:35.193,147,45,145,2,2,1,N, ,0,N,N,N,N,N,476965,N,Y,N,1,1,0,0,0,0,0,0,0,0,0,0,0,0,0,0,0,0,0,0,0,0,0,0,0,0,0,0,0,0,0,0,0,0,0,0,0,39.9695,-75.1264, , 
 ,42662,2014088314,6,67,67301,2014,7,3,815,8,1,2,0,8,1, , ,N,1,2,0,3,0,1,2,2,N, ,40 00:03.985,75 07:29.066,9999, ,1415, ,0, , , ,3, , , , , ,476969, , , ,1,0,0,0,1,0,0,0,0,0,0,1,1,0,0,0,0,0,0,0,0,0,0,0,0,0,0,0,0,0,0,0,1,0,0,4,0,40.0011,-75.1247, , 
 ,42663,2014088835,6,67,67301,2014,8,3,1800,18,1,2,1,5,6, , ,N,0,0,0,3,0,1,1,3,N,N,40 00:10.009,75 07:34.853,1800, ,1800, ,0, ,N, ,0, , , , , ,476970, , , ,3,0,0,0,1,0,2,0,0,0,0,0,1,1,0,0,0,0,0,0,0,0,0,0,0,0,0,0,0,0,0,0,0,0,0,8,0,40.0028,-75.1263, , 
 ,42664,2014096835,6,67,67301,2014,8,5,1204,12,1,1,0,2,1, , ,N,2,0,0,3,1,1,2,2,N,N,39 59:28.000,75 06:51.407,1207, ,1207,9,2,7,N,0,0,Y, , , , ,476974, , , ,2,0,1,0,0,0,0,1,0,0,0,0,1,1,0,0,0,0,0,0,0,0,0,0,0,0,0,0,1,0,0,0,0,0,0,1,0,39.9911,-75.1143,2, 
 ,42665,2014065531,6,67,67301,2014,5,5,1741,17,1,1,0,4,1, , ,N,1,2,0,3,0,1,5,2,N,N,39 57:37.020,75 13:36.682,1746, ,1743, ,0, ,N, ,3, , , , , ,476979, , , ,2,2,0,0,0,0,0,0,0,0,0,1,1,0,0,0,0,0,0,0,2,0,0,1,0,0,0,0,0,0,0,0,0,0,0,4,0,39.9602,-75.2269, , 
 ,42666,2014067956,6,67,67301,2014,6,2,1230,12,1,1,0,1,1, , ,N,0,0,0,3,0,1,2,2,N,N,40 02:07.862,75 04:11.851,9999, ,1208, ,0, ,N, ,0, , , , , ,476982, , , ,2,2,0,0,0,0,0,0,0,1,0,0,1,0,0,0,0,0,0,0,0,0,0,0,0,0,0,0,0,0,0,0,0,0,0,2,0,40.0356,-75.0695, , 
 ,42667,2014131926,6,67,67301,2014,12,5,1900,19,3,1,0,7,7, , ,N,7,0,2,3,0,0,1,1,N,N,39 57:29.748,75 09:56.922,1913, ,1900, ,0, ,Y, ,0, , , , , ,476995, , , ,1,1,0,0,0,0,0,0,0,0,0,0,0,0,0,0,0,0,0,0,0,0,0,0,0,0,0,0,0,0,0,0,0,0,0,0,0,39.9583,-75.1658, , 
 ,42668,2014110359,6,67,67301,2014,10,7,2100,21,3,1,0,5,1, , ,N,0,0,0,3,0,3,4,2,N,N,40 05:46.690,74 58:59.208,2118, ,2108,2,1,3,N, ,0,N, , , , ,477007, , , ,2,1,0,0,0,0,1,0,0,0,0,3,3,0,0,0,0,0,0,0,1,0,0,0,0,0,0,0,0,0,0,0,0,0,0,4,0,40.0963,-74.9831, , 
 ,42669,2014111443,6,67,67301,2014,10,2,1615,16,1,1,0,6,1, , ,N,0,0,0,3,0,0,3,2,N, ,40 00:12.775,75 10:54.109,1624, ,1617, ,0, , , ,0, , , , , ,477009, , , ,2,1,0,0,0,0,1,0,0,0,0,0,0,0,0,0,0,0,0,0,1,0,0,0,0,0,0,0,0,0,0,0,0,0,0,0,0,40.0035,-75.1817, , 
 ,42670,2014098648,6,67,67301,2014,9,7,1110,11,1,1,0,6,1, , ,N,2,2,0,3,0,0,4,2,N, ,39 57:29.829,75 09:50.647,1125, ,1118, ,0, , , ,3, , , , , ,467699, , , ,2,2,0,0,0,0,0,0,0,0,0,0,0,0,0,0,0,0,0,0,2,0,0,0,0,0,0,0,0,0,0,0,0,0,0,0,0,39.9582,-75.1643, , 
 ,42671,2014104545,6,67,67301,2014,10,2,1818,18,1,1,0,4,1, , ,N,1,2,0,3,0,2,2,2,N,N,40 04:51.077,75 01:43.585,1822, ,1820,1,1,2,N, ,3,N, , , , ,467703, , , ,2,1,0,0,0,0,1,0,0,0,0,0,2,2,0,0,0,0,0,0,1,1,0,0,0,0,0,0,0,0,0,0,0,0,0,8,0,40.0809,-75.0288, , 
 ,42672,2014104582,6,67,67301,2014,10,2,1732,17,1,1,0,8,1, , ,N,0,0,0,3,0,1,2,2,N,N,39 59:35.404,75 06:42.361,1800, ,1756, ,0, ,N, ,0, , , , , ,467704, , , ,1,1,0,0,0,0,0,0,0,0,0,0,1,1,0,0,0,0,0,0,0,1,0,0,0,0,0,0,0,0,0,0,1,0,0,8,0,39.9932,-75.1118, , 
 ,42673,2014060816,6,67,67301,2014,4,1,2010,20,1,1,0,5,1, , ,N,0,0,0,3,0,2,3,2,N, ,40 00:56.323,75 08:32.618,2027, ,2020, ,0, , , ,0, , , , , ,467717, , , ,2,1,0,0,0,0,0,0,0,0,0,1,2,1,0,0,0,0,0,0,0,0,0,0,0,0,0,0,0,0,0,0,0,0,0,4,0,40.0156,-75.1424, , 
 ,42674,2014068584,6,67,67301,2014,5,3,930,9,1,1,0,1,1, , ,N,1,2,0,3,0,1,2,2,N,N,40 03:48.675,75 10:11.412,1000, ,930, ,0, ,N, ,3, , , , , ,467724, , , ,2,2,0,0,0,0,0,0,0,0,0,0,1,1,0,0,0,0,0,0,0,0,0,0,0,0,0,0,0,0,0,0,0,0,0,8,0,40.0635,-75.1698, , 
 ,42675,2014076398,6,67,67301,2014,8,1,1835,18,1,1,1,1,1, , ,N,0,0,0,3,0,0,3,2,N,N,39 57:36.016,75 10:43.785,1844, ,1836,2,2,4,N, ,0,N, , , , ,467730, , , ,2,2,0,0,0,0,0,0,0,0,0,0,0,0,0,0,0,0,0,1,0,0,0,0,0,0,0,0,0,0,0,0,0,0,0,0,0,39.96,-75.1788, , 
 ,42676,2014091366,6,67,67301,2014,9,3,916,9,1,1,0,4,1, , ,N,1,2,0,3,0,1,2,2,N,N,40 00:51.570,75 10:41.163,950, ,945, ,0, ,N, ,3, , , , , ,467750, , , ,2,2,0,0,0,0,0,0,0,0,0,1,1,0,0,0,0,0,0,0,0,0,0,0,0,0,0,0,0,0,0,0,0,0,0,4,0,40.0143,-75.1781, , 
 ,42677,2014109924,6,67,67301,2014,10,6,1654,16,1,1,0,1,1, , ,N,1,2,0,3,0,1,6,2,N, ,39 59:54.554,75 09:12.498,1801, ,1756, ,0, ,N, ,3, , , , , ,467761, , , ,2,2,0,0,0,0,0,0,0,0,0,0,1,1,5,0,0,0,0,0,2,0,0,0,0,0,0,0,0,0,0,0,0,0,0,8,0,39.9985,-75.1535, , 
 ,42678,2014111649,6,67,67301,2014,11,7,1923,19,3,1,0,1,1, , ,N,0,0,0,3,0,0,2,2,N,N,39 54:01.950,75 09:22.724,1935, ,1923,1,1,1,N, ,0,N, , , , ,467763, , , ,2,1,0,0,0,0,1,0,0,0,0,0,0,0,0,0,0,0,0,0,1,0,0,0,0,0,0,0,0,0,0,0,0,0,0,0,0,39.9005,-75.1563, , 
 ,42679,2014120877,6,67,67301,2014,11,1,1702,17,2,1,0,2,6, , ,N,0,0,0,3,0,0,2,3,N,N,40 02:47.845,74 59:36.428,1708, ,1702, ,0, ,N, ,0, , , , , ,467767, , , ,3,1,0,0,1,0,1,0,0,0,0,0,0,0,0,0,0,0,0,0,0,0,0,2,0,0,0,0,0,0,0,0,0,0,0,0,0,40.0466,-74.9935, , 
 ,42680,2014106790,6,67,67301,2014,10,7,9999,99,3,1,0,4,1, , ,N,1,2,0,3,0,2,2,2,N,N,40 01:54.735,75 07:53.327,2130, ,2130, ,0, ,N, ,3, , , , , ,467800, , , ,2,2,0,0,0,0,0,0,0,0,0,0,2,2,0,0,0,0,0,0,0,1,0,0,0,0,0,0,0,0,0,0,0,0,0,8,0,40.0319,-75.1315, , 
N,42681,2014014608,6,67,67301,2014,2,7,300,3,3,1,0,1,1,1,4,Y,0,0,0,3,0,0,3,2,N,N,40 01:20.709,75 02:13.972,300,45,300, ,0, ,N, ,0, ,N,N,N,N,467828,N,N,Y,2,1,0,0,0,0,0,0,0,0,0,0,0,0,1,0,0,0,0,0,0,0,0,0,0,0,0,0,0,0,0,0,0,0,0,9,0,40.0224,-75.0372, , 
 ,42682,2014016119,6,67,67301,2014,1,7,1920,19,3,2,1,4,1, , ,N,1,2,0,3,0,0,3,2,N,N,39 54:42.724,75 10:21.917,1930, ,1925,1,1,3, , ,3,N, , , , ,467830, , , ,2,2,0,0,0,0,0,0,0,0,0,0,0,0,1,0,0,0,0,0,0,0,0,0,0,0,0,0,0,0,0,0,0,0,0,9,0,39.9119,-75.1728, , 
 ,42683,2014084326,6,67,67301,2014,7,6,2320,23,3,1,0,4,1, , ,N,1,2,0,3,0,2,3,2,N,N,39 57:17.840,75 11:01.951,2321, ,2320, ,0, ,N, ,3, , , , , ,467842, , , ,2,1,1,0,0,0,0,0,0,0,1,0,2,1,0,0,0,0,0,0,0,0,0,1,0,0,0,0,0,0,0,0,0,0,0,3,0,39.9549,-75.1838, , 
 ,42684,2014088065,6,67,67301,2014,8,6,9999,99,1,1,0,0,1, , ,N,0,0,0,3,0,1,1,1,N,N,39 54:51.215,75 08:16.269,9999, ,9999, ,0, ,N, ,0, , , , , ,467844, , , ,1,0,1,0,0,0,0,0,0,1,0,0,1,0,0,0,0,0,0,0,0,0,0,0,0,0,0,0,0,1,0,0,0,0,0,2,0,39.9142,-75.1379, , 
 ,42685,2014088926,6,67,67301,2014,8,4,1328,13,1,1,0,4,1, , ,N,0,0,0,3,0,2,5,2,N,N,39 57:28.437,75 09:49.848,1400, ,1354, ,0, ,N, ,0, , , , , ,467845, , , ,2,0,0,0,0,0,2,0,0,0,0,2,2,0,0,0,0,0,0,0,0,1,0,0,0,0,0,0,0,0,0,0,0,0,0,4,0,39.9579,-75.1638, , 
 ,42686,2014059336,6,67,67301,2014,5,3,1522,15,1,1,0,8,1, , ,N,1,3,0,3,0,3,3,2,N, ,39 57:16.282,75 13:47.657,1527, ,1522, ,0, , , ,3, , , , , ,467871, , , ,1,0,0,0,0,0,1,0,0,0,1,2,3,0,0,0,0,0,0,0,1,0,0,0,0,0,0,0,0,0,0,0,1,0,0,3,0,39.9545,-75.2299, , 
 ,42687,2014065480,6,67,67301,2014,5,1,1019,10,1,1,0,8,1, , ,N,1,2,0,3,0,1,2,2,N,N,40 01:40.752,75 03:26.701,1026, ,1023,2,1,6,N, ,3,N, , , , ,467880, , , ,1,1,0,0,0,0,0,0,0,0,0,0,1,1,0,0,0,0,0,0,1,0,0,0,0,0,0,0,0,0,0,0,1,0,0,8,0,40.028,-75.0574, , 
 ,42688,2014074477,6,67,67301,2014,6,7,1120,11,1,1,0,4,1, , ,N,2,0,1,3,0,1,2,2,N,N,39 59:48.793,75 06:45.889,1120, ,1120, ,0, , , ,0, , , , , ,470516, , , ,2,1,0,0,0,0,1,0,0,0,0,0,1,1,0,0,0,0,0,1,1,0,0,2,0,0,0,0,0,0,0,0,0,0,0,8,0,39.9969,-75.1127, , 
 ,42689,2014088704,6,67,67301,2014,8,1,1547,15,1,1,0,4,1, , ,N,1,3,0,3,0,2,4,2,N,N,40 00:32.335,75 08:11.486,1553, ,1550, ,0, ,N, ,3, , , , , ,470532, , , ,2,2,0,0,0,0,0,0,0,0,0,0,2,2,2,0,0,0,0,0,0,1,0,0,0,0,0,0,0,0,0,0,0,0,0,8,0,40.009,-75.1365, , 
 ,42690,2014088906,6,67,67301,2014,8,2,505,5,5,1,0,8,1, , ,N,0,0,0,3,0,1,2,2,N,N,40 01:12.673,75 09:54.341,505, ,503, ,0, ,N, ,0, , , , , ,470533, , , ,1,0,0,0,0,0,0,0,0,0,0,1,1,0,0,0,0,0,0,0,0,0,0,0,0,0,0,0,0,0,0,0,1,0,0,4,0,40.0202,-75.1651, , 
 ,42691,2014093837,6,46,46102,2014,9,5,800,8,1,2,1,4,1, , ,N,1,2,0,3,0,0,2,2,N,N,40 04:30.988,75 09:37.550,809, ,804, ,0, ,N, ,3, , , , , ,470537, , , ,2,2,0,0,0,0,0,0,0,0,0,0,0,0,0,0,0,0,0,0,0,0,0,0,0,0,0,0,0,0,0,0,0,0,0,0,0,40.0753,-75.1604, , 
 ,42692,2014096393,6,67,67301,2014,9,7,1955,19,1,1,0,4,1, , ,N,0,0,0,3,0,0,2,2,N,N,39 57:43.045,75 08:27.884,1955, ,1958, ,0, ,N, ,0, , , , , ,470541, , , ,2,0,0,0,0,0,2,0,0,0,0,0,0,0,0,0,0,0,0,1,0,0,0,0,0,0,0,0,0,0,0,0,0,0,0,0,0,39.962,-75.1411, , 
 ,42693,2014113399,6,67,67301,2014,10,7,1218,12,1,1,0,1,1, , ,N,0,0,0,3,0,1,2,2,N,N,40 01:30.538,75 07:58.702,1226, ,1221, ,0, ,N, ,0, , , , , ,470549, , , ,2,2,0,0,0,0,0,0,0,0,0,1,1,0,0,0,0,0,0,0,1,0,0,0,0,0,0,0,0,0,0,0,0,0,0,4,0,40.0251,-75.133, , 
 ,42694,2014068159,6,67,67301,2014,5,5,2010,20,3,2,1,8,1, , ,N,0,0,0,3,0,1,2,2,N,N,39 59:09.938,75 06:54.662,2025, ,2012, ,0, ,N, ,0, , , , , ,470555, , , ,1,1,0,0,0,0,0,0,0,0,0,1,1,0,0,0,0,1,0,0,0,0,0,0,0,0,0,0,0,0,0,0,1,0,0,4,0,39.9861,-75.1152, , 
 ,42695,2014078877,6,67,67301,2014,6,6,640,6,1,1,0,5,1, , ,N,1,0,0,3,0,1,2,2,N,N,39 57:26.640,75 11:52.455,706, ,703, ,0, ,N, ,0, , , , , ,470564, , , ,2,0,0,0,1,0,1,0,0,0,0,1,1,0,0,0,0,0,0,0,0,0,0,0,0,0,0,0,0,0,0,0,0,0,0,4,0,39.9574,-75.1978, , 
 ,42696,2014081465,6,67,67301,2014,6,2,355,3,3,1,0,4,1, , ,N,1,2,0,3,0,1,2,2,N,N,40 00:29.434,75 08:33.954,520, ,518, ,0, ,N, ,3, , , , , ,470565, , , ,2,2,0,0,0,0,0,0,0,0,0,1,1,0,0,0,0,0,0,0,0,0,0,0,0,0,0,0,0,0,0,0,0,0,0,4,0,40.0082,-75.1427, , 
 ,42697,2014096425,6,67,67301,2014,8,7,1919,19,1,1,0,4,1, , ,N,1,0,0,3,0,1,2,2,N, ,40 01:45.850,75 03:16.505,2042, ,2040, ,0, , , ,0, , , , , ,470587, , , ,1,1,0,0,0,0,0,0,1,0,1,0,1,0,0,0,0,0,0,0,0,0,0,0,0,0,0,0,0,0,0,0,0,0,0,3,0,40.0294,-75.0546, , 
 ,42698,2014109884,6,67,67301,2014,10,5,9999,99,3,1,0,8,1, , ,N,3,0,0,3,0,1,3,3,N, ,40 02:57.211,75 11:02.114,1940, ,1936, ,0, , , ,0, , , , , ,470595, , , ,2,0,0,0,0,0,1,1,0,0,0,0,1,1,0,0,0,0,0,0,1,0,1,2,0,0,0,0,0,0,0,0,1,0,0,8,0,40.0492,-75.1839, , 
 ,42699,2014067622,6,67,67301,2014,7,7,1856,18,1,1,0,7,2, , ,N,0,0,0,3,0,0,1,1,N,N,39 58:38.172,75 12:00.549,1901, ,1859, ,0, ,N, ,0, , , , , ,470621, , , ,1,1,0,0,0,0,0,0,0,0,0,0,0,0,0,0,0,0,0,0,0,0,0,0,0,0,0,0,0,0,0,0,0,0,0,0,0,39.9773,-75.2002, , 
 ,42700,2014086486,6,67,67301,2014,7,3,730,7,1,1,0,1,1, , ,N,0,0,3,3,0,1,3,3,N, ,40 00:44.722,75 12:18.152,740, ,735,1,1,2,N, ,0,N, , , , ,470630, , , ,3,1,0,1,0,0,1,0,0,0,0,1,1,0,0,0,0,0,0,0,0,0,0,0,0,0,0,0,0,0,0,0,0,0,0,4,1,40.0124,-75.205, , 
 ,42701,2014088967,6,67,67301,2014,7,3,9999,99,1,1,0,1,1, , ,N,0,0,0,3,0,2,3,2,N,N,39 56:59.154,75 09:39.502,825, ,820,1,1,4, , ,0,Y, , , , ,470632, , , ,2,0,0,0,0,0,1,1,0,0,0,0,2,2,0,0,0,0,0,0,1,0,0,0,0,0,0,0,0,0,0,0,0,0,0,8,0,39.9498,-75.161, , 
 ,42702,2014091333,6,67,67301,2014,9,7,1051,10,1,1,0,7,4, , ,N,0,2,0,3,0,1,1,1,N,N,40 01:43.564,75 05:27.048,1054, ,1054,1,1,2,N, ,3,N, , , , ,470633, , , ,1,0,0,0,0,0,0,1,0,0,1,0,1,0,0,0,0,0,0,0,0,0,0,1,0,0,0,0,0,0,0,0,0,0,0,3,0,40.0288,-75.0908, , 
 ,42703,2014115632,6,67,67301,2014,11,4,805,8,1,1,0,4,1, , ,N,0,0,7,3,0,1,2,2,N,N,39 59:29.610,75 08:11.408,910, ,905, ,0, ,N, ,0, , , , , ,470638, , , ,2,1,0,0,0,0,0,1,0,0,0,1,1,0,0,0,0,0,0,0,0,0,0,2,0,0,0,0,0,0,0,0,0,0,0,4,0,39.9916,-75.1365, , 
 ,42704,2014130495,6,67,67301,2014,12,7,125,1,3,1,0,5,6, , ,N,0,0,0,3,0,0,1,6,N,N,40 01:03.777,75 07:55.030,131, ,131, ,0, ,N, ,0, , , , , ,470647, , , ,6,3,0,0,0,0,1,2,0,0,0,0,0,0,0,0,0,0,0,0,0,0,0,0,0,0,0,0,0,0,0,0,0,0,0,0,0,40.0177,-75.132, , 
 ,42705,2014068060,6,67,67301,2014,5,7,1118,11,1,1,0,7,3, , ,N,0,0,0,3,0,2,2,1,N, ,40 03:42.015,74 59:37.393,1125, ,1121, ,0, , , ,0, , , , , ,470656, , , ,1,1,0,0,0,0,0,0,0,1,1,0,2,0,0,0,0,0,0,0,0,0,0,1,0,1,0,0,0,0,0,0,0,0,0,2,0,40.0617,-74.9937, , 
 ,42706,2014096418,6,67,67301,2014,9,7,1630,16,1,2,1,7,4, , ,N,0,4,0,3,0,0,1,1,N,N,40 01:03.100,75 12:07.680,1630, ,1630,1,1,1,N, ,3,N, , , , ,473504, , , ,1,0,0,0,1,0,0,0,0,0,0,0,0,0,1,0,0,0,0,0,0,0,0,0,0,0,0,0,0,0,0,0,0,0,0,9,0,40.0175,-75.2021, , 
 ,42707,2014120894,6,67,67301,2014,11,7,1900,19,3,1,0,7,4, , ,N,0,0,0,3,0,0,1,1,N,N,40 00:13.203,75 11:25.898,1915, ,1906,1,2,2,Y, ,0,N, , , , ,473516, , , ,1,1,0,0,0,0,0,0,0,0,0,0,0,0,1,0,0,0,0,0,0,0,0,0,0,0,0,0,0,0,0,0,0,0,0,9,0,40.0037,-75.1905, , 
 ,42708,2014120917,6,67,67301,2014,11,2,1640,16,1,2,1,1,1, , ,N,1,3,0,3,0,1,3,2,N,N,40 00:18.349,75 09:19.673,1642, ,1645, ,0, ,N, ,3, , , , , ,473517, , , ,2,1,0,0,0,0,1,0,0,0,0,0,1,1,2,0,0,0,0,0,1,0,0,3,0,0,0,0,0,0,0,0,0,0,0,8,0,40.0051,-75.1555, , 
 ,42709,2014122031,6,67,67301,2014,11,7,1801,18,3,1,0,8,1, , ,N,0,0,0,3,0,1,2,2,N, ,39 56:32.557,75 12:55.267,1808, ,1801, ,0, , , ,0, , , , , ,473519, , , ,1,1,0,0,0,0,0,0,0,0,1,0,1,0,0,0,0,0,0,0,0,0,0,0,0,0,0,0,0,0,0,0,1,0,0,3,0,39.9424,-75.2154, , 
 ,42710,2014074475,6,67,67301,2014,6,5,1104,11,1,1,0,4,1, , ,N,1,2,0,3,0,1,2,2,N,N,40 03:15.666,75 11:38.176,1117, ,1116, ,0, ,N, ,3, , , , , ,473520, , , ,2,1,0,0,0,0,1,0,0,0,0,1,1,0,0,0,0,0,0,0,1,0,0,0,0,0,0,0,0,0,0,0,0,0,0,4,0,40.0544,-75.194, , 
N,42711,2014076767,6,67,67301,2014,7,4,2213,22,3,1,0,5,1,1,4,Y,0,8,0,3,0,1,6,5,N,N,39 58:49.797,75 06:14.979,2228,45,2217, ,0, ,N, ,3, ,N,N,N,N,473522,N,N,Y,5,1,0,0,1,3,0,0,0,0,0,1,1,0,0,0,0,0,0,0,2,0,0,0,0,0,0,0,0,0,0,0,0,0,0,4,3,39.9805,-75.1042, , 
 ,42712,2014087951,6,67,67301,2014,8,5,1437,14,1,1,0,8,1, , ,N,0,0,0,3,0,1,2,2,N,N,39 57:09.500,75 13:07.003,1513, ,1511, ,0, ,N, ,0, , , , , ,473529, , , ,1,1,0,0,0,0,0,0,0,0,0,1,1,0,0,0,0,0,0,0,0,0,0,0,0,0,0,0,0,0,0,0,1,0,0,4,0,39.9526,-75.2186, , 
 ,42713,2014088367,6,67,67301,2014,7,6,2324,23,3,1,0,5,6, , ,N,0,0,0,3,0,0,2,4,N,N,39 57:05.097,75 08:49.520,2344, ,2342,1,1,2, , ,0,N, , , , ,473530, , , ,4,3,0,0,0,0,1,0,0,0,0,0,0,0,0,0,0,0,0,0,0,0,0,0,0,0,0,0,0,0,0,0,0,0,0,0,0,39.9514,-75.1471, , 
 ,42714,2014091209,6,67,67301,2014,9,4,916,9,1,1,0,1,1, , ,N,1,2,0,3,0,0,3,2,N,N,40 00:14.091,75 13:14.544,925, ,918, ,0, ,N, ,3, , , , , ,473533, , , ,2,1,0,0,0,0,1,0,0,0,0,0,0,0,0,0,0,0,0,0,1,0,0,0,0,0,0,0,0,0,0,0,0,0,0,0,0,40.0039,-75.2207, , 
 ,42715,2014106768,6,67,67301,2014,10,2,1400,14,1,1,0,5,6, , ,N,0,0,0,3,0,1,2,2,N,N,40 02:06.007,75 08:20.392,1407, ,1405, ,0, ,N, ,0, , , , , ,473549, , , ,2,0,0,0,0,0,2,0,0,0,0,0,1,1,0,0,0,0,0,0,0,0,0,0,0,0,0,0,0,0,0,0,0,0,0,8,0,40.035,-75.139, , 
 ,42716,2014106804,6,67,67301,2014,10,5,2029,20,3,1,0,6,1, , ,N,0,0,0,3,0,1,3,2,N,N,40 00:28.988,75 04:23.454,2058, ,2053, ,0, ,N, ,0, , , , , ,473550, , , ,2,1,0,0,0,0,1,0,0,0,0,1,1,0,0,0,0,0,0,0,0,0,0,0,0,0,0,0,0,0,0,0,0,0,0,4,0,40.0081,-75.0732, , 
 ,42717,2014111643,6,67,67301,2014,11,6,210,2,3,1,0,7,5, , ,N,3,0,0,3,0,2,3,1,N,N,39 59:51.182,75 04:53.908,231, ,211, ,0, ,N, ,0, , , , , ,473553, , , ,1,1,0,0,0,0,0,0,0,0,0,0,2,2,0,0,0,0,0,0,0,0,0,1,0,0,0,0,0,0,0,0,0,0,0,8,0,39.9976,-75.0816, , 
 ,42718,2014084430,6,67,67301,2014,7,6,1138,11,1,1,0,5,1, , ,N,0,0,0,3,0,0,3,2,N,N,39 56:56.830,75 09:57.790,1145, ,1139, ,0, ,N, ,0, , , , , ,473555, , , ,2,1,0,0,0,1,0,0,0,0,0,0,0,0,0,0,0,0,0,0,1,0,0,0,0,0,0,0,0,0,0,0,0,0,0,0,1,39.9491,-75.1661, , 
 ,42719,2014113113,6,67,67301,2014,1,6,1335,13,1,1,1,1,1, , ,N,0,2,0,3,0,2,8,3,N,N,40 00:59.148,75 05:02.174,0, ,0, ,0, ,N, ,3, , , , , ,473569, , , ,3,0,0,0,0,0,1,1,0,0,2,0,2,0,0,0,0,0,0,0,1,0,0,0,0,0,0,0,0,0,0,0,0,0,0,3,0,40.0164,-75.0839, , 
 ,42720,2014122028,6,67,67301,2014,11,3,1911,19,1,1,0,5,1, , ,N,2,2,0,3,0,1,2,2,N,N,39 57:40.266,75 14:49.451,1911, ,1911, ,0, , , ,3, , , , , ,473577, , , ,2,1,0,0,0,0,1,0,0,0,0,0,1,1,0,0,0,0,0,0,0,1,0,0,0,0,0,0,0,0,0,0,0,0,0,8,0,39.9612,-75.2471, , 
 ,42721,2015003342,6,67,67301,2014,12,2,1145,11,1,1,0,1,1, , ,N,2,0,0,3,0,2,2,2,N,N,40 04:23.322,75 03:21.463,1200, ,1153, ,0, ,N, ,0, , , , , ,473587, , , ,2,2,0,0,0,0,0,0,0,0,0,2,2,0,0,0,0,0,0,0,0,2,0,0,0,0,0,0,0,0,0,0,0,0,0,4,0,40.0731,-75.056, , 