wz_ln_closure,objectid_1,crn,district,county,municipality,crash_year,crash_month,day_of_week,time_of_day,hour_of_day,illumination,weather,road_condition,collision_type,relation_to_road,work_zone_type,work_zone_loc,work_zone_ind,intersect_type,tcd_type,location_type,urban_rural,fatal_count,injury_count,person_count,total_units,sch_bus_ind,sch_zone_ind,latitude,longitude,arrival_tm,cons_zone_spd_lim,dispatch_tm,est_hrs_closed,lane_closed,ln_close_dir,ntfy_hiwy_maint,spec_juris_cd,tcd_func_cd,tfc_detour_ind,workers_pres,wz_close_detour,wz_flagger,wz_law_offcr_ind,objectid,wz_moving,wz_other,wz_shlder_mdn,vehicle_count,automobile_count,motorcycle_count,bus_count,small_truck_count,heavy_truck_count,suv_count,van_count,bicycle_count,maj_inj_count,mod_inj_count,min_inj_count,tot_inj_count,unk_inj_deg_count,unk_inj_per_count,driver_count_16yr,driver_count_17yr,driver_count_18yr,driver_count_19yr,driver_count_20yr,driver_count_50_64yr,driver_count_65_74yr,driver_count_75plus,unbelted_occ_count,unb_death_count,unb_maj_inj_count,belted_death_count,belted_maj_inj_count,mcycle_death_count,mcycle_maj_inj_count,bicycle_death_count,bicycle_maj_inj_count,ped_count,ped_death_count,ped_maj_inj_count,max_severity_level,comm_veh_count,dec_lat,dec_long,rdwy_surf_type_cd,county_name
 ,42788,2014095990,6,67,67301,2014,9,1,1800,18,8,9,0,8,9, , ,N,0,0,0,3,0,1,2,2,N,N,39 58:28.964,75 11:54.346,1400, ,1401, ,0, ,N, ,0, , , , , ,473681, , , ,1,1,0,0,0,0,0,0,0,0,0,1,1,0,1,0,0,0,0,0,0,0,0,0,0,0,0,0,0,0,0,0,1,0,0,4,0,39.9747,-75.1984, , 
 ,42789,2014099205,6,67,67301,2014,9,4,902,9,1,1,0,1,1, , ,N,1,2,0,3,0,1,2,2,N, ,39 54:14.563,75 14:24.409,942, ,939, ,0, , , ,3, , , , , ,473686, , , ,2,1,0,0,0,0,1,0,0,0,0,1,1,0,0,0,0,0,0,0,0,0,0,0,0,0,0,0,0,0,0,0,0,0,0,4,0,39.904,-75.2401, , 
 ,42790,2014104410,6,67,67301,2014,9,3,1700,17,1,1,0,4,1, , ,N,1,2,0,3,0,1,4,2,N,N,39 57:35.859,75 14:13.747,1704, ,1703, ,0, ,N, ,3, , , , , ,473692, , , ,2,1,0,0,0,0,1,0,0,0,0,1,1,0,0,0,0,0,0,0,0,0,0,0,0,0,0,0,0,0,0,0,0,0,0,4,0,39.96,-75.2371, , 
 ,42791,2014112762,6,67,67301,2014,10,6,1220,12,1,1,0,1,1, , ,N,0,0,0,3,0,1,3,3,N,N,40 03:32.467,75 07:55.927,1230, ,1222, ,0, ,N, ,0, , , , , ,473701, , , ,3,0,0,0,1,0,0,1,0,0,0,1,1,0,0,0,0,0,0,0,0,0,1,0,0,0,0,0,0,0,0,0,0,0,0,4,0,40.059,-75.1322, , 
 ,42792,2014067535,6,67,67301,2014,4,2,1923,19,1,1,0,7,4, , ,N,1,3,0,3,0,1,1,1,N,N,39 57:45.792,75 13:16.611,1923, ,1923, ,0, ,N, ,3, , , , , ,473708, , , ,1,0,1,0,0,0,0,0,0,0,0,0,1,1,0,0,0,0,0,0,0,0,0,0,0,0,0,0,0,0,0,0,0,0,0,8,0,39.9627,-75.2213, , 
 ,42793,2014068643,6,67,67301,2014,6,5,1233,12,1,1,0,7,4, , ,N,0,0,0,3,0,0,1,1,N,N,40 04:14.303,75 14:28.083,1248, ,1233, ,0, ,N, ,0, , , , , ,473709, , , ,1,1,0,0,0,0,0,0,0,0,0,0,0,0,0,0,0,0,0,0,0,0,0,0,0,0,0,0,0,0,0,0,0,0,0,0,0,40.0706,-75.2411, , 
 ,42794,2014070122,6,67,67301,2014,7,2,1528,15,1,1,0,1,1, , ,N,3,3,2,3,0,1,2,2,N,N,39 59:26.968,75 04:35.466,1534, ,1528, ,0, ,N, ,3, , , , , ,473710, , , ,2,1,0,0,1,0,0,0,0,0,1,0,1,0,0,0,0,0,0,0,0,0,0,0,0,0,0,0,0,0,0,0,0,0,0,3,0,39.9944,-75.0799, , 
 ,42795,2014089753,6,67,67301,2014,8,2,1310,13,1,1,0,1,1, , ,N,0,0,0,3,0,0,6,2,N, ,39 59:39.504,75 09:15.769,1310, ,1310, ,0, , , ,0, , , , , ,473717, , , ,2,2,0,0,0,0,0,0,0,0,0,0,0,0,0,0,0,0,0,0,0,0,0,0,0,0,0,0,0,0,0,0,0,0,0,0,0,39.9943,-75.1544, , 
 ,42796,2014091456,6,67,67301,2014,9,3,816,8,1,1,0,7,4, , ,N,0,0,0,3,0,1,1,1,N,N,40 02:04.976,75 11:52.066,826, ,820,1,1,1,N, ,0,N, , , , ,473719, , , ,1,0,0,0,0,0,1,0,0,0,0,0,1,1,0,0,0,0,0,0,0,0,1,0,0,0,0,0,0,0,0,0,0,0,0,8,0,40.0347,-75.1978, , 
 ,42797,2014104532,6,67,67301,2014,8,1,1610,16,1,1,0,4,1, , ,N,1,2,0,3,0,3,6,3,N, ,40 00:28.592,75 10:20.286,1614, ,1612,3,2,7, , ,3,Y, , , , ,473724, , , ,3,3,0,0,0,0,0,0,0,0,3,0,3,0,3,0,0,0,0,0,1,0,1,0,0,0,0,0,0,0,0,0,0,0,0,3,0,40.0079,-75.1723, , 
 ,42798,2015001659,6,67,67301,2014,12,4,1821,18,3,1,0,1,1, , ,N,0,0,0,3,0,1,5,3,N,N,39 58:37.549,75 11:58.035,1821, ,1821, ,0, ,N, ,0, , , , , ,477663, , , ,3,1,0,0,1,0,0,0,0,0,0,1,1,0,1,0,0,0,0,0,0,0,0,0,0,0,0,0,0,0,0,0,0,0,0,4,0,39.9771,-75.1995, , 
 ,42799,2014074490,6,67,67301,2014,6,2,150,1,3,1,0,5,6, , ,N,0,0,0,3,0,0,1,5,N,N,40 06:25.725,75 01:59.761,150, ,150, ,0, ,N, ,0, , , , , ,477679, , , ,5,4,0,0,0,0,0,1,0,0,0,0,0,0,0,0,0,0,0,0,0,0,0,0,0,0,0,0,0,0,0,0,0,0,0,0,0,40.1071,-75.0333, , 
 ,42800,2014085487,6,67,67301,2014,8,7,238,2,3,1,0,7,2, , ,N,0,0,0,3,0,0,1,1,N,N,39 56:01.591,75 12:00.183,238, ,238,2,2,3,N, ,0,N, , , , ,477687, , , ,1,1,0,0,0,0,0,0,0,0,0,0,0,0,0,0,0,0,0,0,0,0,0,0,0,0,0,0,0,0,0,0,0,0,0,0,0,39.9338,-75.2001, , 
 ,42801,2014096793,6,67,67301,2014,7,5,2253,22,6,1,0,5,6, , ,N,0,0,0,3,0,0,1,2,N,N,39 58:29.424,75 10:49.288,2313, ,2311, ,0, ,N, ,0, , , , , ,477701, , , ,2,0,0,0,0,0,1,1,0,0,0,0,0,0,0,0,0,0,0,0,1,0,0,1,0,0,0,0,0,0,0,0,0,0,0,0,0,39.9748,-75.1804, , 
 ,42802,2014098662,6,67,67301,2014,9,6,1700,17,1,1,0,4,1, , ,N,5,2,0,3,0,0,3,2,N, ,40 00:18.026,75 10:42.917,9999, ,1700, ,0, , , ,3, , , , , ,477703, , , ,2,0,0,0,0,0,0,1,0,0,0,0,0,0,0,0,0,0,0,0,1,0,0,0,0,0,0,0,0,0,0,0,0,0,0,0,0,40.005,-75.1786, , 
 ,42803,2014088339,6,67,67301,2014,7,2,1800,18,1,1,0,8,1, , ,N,0,0,0,3,0,1,3,3,N,N,40 02:28.000,75 10:45.001,1826, ,1815, ,0, ,N, ,0, , , , , ,477706, , , ,2,2,0,0,0,0,0,0,0,0,1,0,1,0,1,0,0,0,0,0,0,1,0,0,0,0,0,0,0,0,0,0,1,0,0,3,0,40.0411,-75.1792, , 
 ,42804,2014088407,6,67,67301,2014,7,1,1624,16,1,1,0,4,1, , ,N,1,2,0,3,0,2,5,4,N,N,40 03:54.789,75 10:05.158,1628, ,1626,1,2,6, , ,3,Y, , , , ,477707, , , ,4,4,0,0,0,0,0,0,0,0,0,0,2,2,0,0,0,0,1,0,0,0,1,0,0,0,0,0,0,0,0,0,0,0,0,8,0,40.0652,-75.1681, , 
 ,42805,2014095906,6,67,67301,2014,9,7,1500,15,1,2,1,1,1, , ,N,0,0,7,3,0,3,3,2,N, ,40 05:51.961,75 01:07.564,1508, ,1506,1,1,3, , ,0,N, , , , ,477710, , , ,2,0,0,0,1,0,1,0,0,0,0,1,3,2,0,0,0,0,0,0,0,1,0,0,0,0,0,0,0,0,0,0,0,0,0,4,0,40.0978,-75.0188, , 
 ,42806,2014121411,6,67,67301,2014,11,3,1150,11,1,1,0,4,1, , ,N,1,2,0,3,0,1,2,2,N, ,40 02:12.339,75 03:51.744,1200, ,1152,1,1,2, , ,3,N, , , , ,477732, , , ,2,1,0,0,0,0,1,0,0,0,0,1,1,0,0,0,0,0,0,0,1,0,0,0,0,0,0,0,0,0,0,0,0,0,0,4,0,40.0368,-75.0644, , 
 ,42807,2014079283,6,67,67301,2014,5,3,1825,18,1,1,0,4,1, , ,N,2,0,0,3,0,1,2,2,N,N,39 56:33.259,75 13:34.805,1830, ,1828, ,0, ,N, ,0, , , , , ,477761, , , ,2,1,1,0,0,0,0,0,0,1,0,0,1,0,0,0,0,0,1,0,1,0,0,0,0,0,0,0,0,1,0,0,0,0,0,2,0,39.9426,-75.2263, , 
 ,42808,2014120310,6,67,67301,2014,11,1,2030,20,3,2,1,4,1, , ,N,5,2,0,3,0,1,3,2,N,N,40 03:18.103,75 09:27.202,1015, ,1003, ,0, ,N, ,3, , , , , ,477766, , , ,2,2,0,0,0,0,0,0,0,0,0,1,1,0,0,0,0,0,0,0,0,1,0,0,0,0,0,0,0,0,0,0,0,0,0,4,0,40.055,-75.1576, , 
 ,42809,2015002784,6,67,67301,2014,12,6,1904,19,1,1,0,4,1, , ,N,1,0,0,3,0,1,4,2,N, ,39 59:51.110,75 07:18.415,1911, ,1909, ,0, , , ,0, , , , , ,477782, , , ,2,2,0,0,0,0,0,0,0,0,0,0,1,1,0,0,0,0,0,0,0,0,0,0,0,0,0,0,0,0,0,0,0,0,0,8,0,39.9975,-75.1218, , 
 ,42810,2014054642,6,67,67301,2014,5,6,1845,18,1,1,0,4,1, , ,N,1,1,0,3,0,2,4,2,N,N,40 03:00.795,75 07:38.967,1934, ,1930,1,1,3,N, ,2,N, , , , ,477787, , , ,2,2,0,0,0,0,0,0,0,0,1,0,2,1,0,0,0,0,0,0,1,0,0,0,0,0,0,0,0,0,0,0,0,0,0,3,0,40.0502,-75.1275, , 
 ,42811,2014059316,6,67,67301,2014,5,5,847,8,1,1,0,4,1, , ,N,1,3,0,3,0,1,2,2,N,N,39 58:21.403,75 09:39.365,853, ,852, ,0, ,N, ,3, , , , , ,477792, , , ,2,2,0,0,0,0,0,0,0,0,0,0,1,1,0,0,0,0,0,0,0,0,0,0,0,0,0,0,0,0,0,0,0,0,0,8,0,39.9726,-75.1609, , 
 ,42812,2014068168,6,67,67301,2014,6,3,1642,16,1,2,1,8,1, , ,N,1,2,0,3,0,3,4,4,N,N,40 00:37.460,75 04:45.357,1645, ,1645, ,0, , , ,3, , , , , ,477799, , , ,1,0,0,0,0,0,1,0,0,0,0,0,3,3,0,0,0,0,0,0,1,0,0,0,0,0,0,0,0,0,0,0,3,0,0,8,0,40.0104,-75.0793, , 
 ,42813,2014074473,6,67,67301,2014,6,1,1300,13,1,1,0,4,1, , ,N,1,2,0,3,0,2,2,3,N,N,39 57:47.872,75 14:18.509,1310, ,1302, ,0, , , ,3, , , , , ,477808, , , ,3,3,0,0,0,0,0,0,0,0,0,2,2,0,0,0,0,0,1,0,1,0,0,0,0,0,0,0,0,0,0,0,0,0,0,4,0,39.9633,-75.2385, , 
 ,42814,2014089011,6,67,67301,2014,8,6,1653,16,1,1,0,4,1, , ,N,1,3,0,3,0,1,2,2,N,N,39 55:38.416,75 09:14.331,1700, ,1655, ,0, ,N, ,3, , , , , ,477832, , , ,1,1,0,0,0,0,0,0,1,0,0,0,1,1,0,0,0,0,0,0,0,0,0,0,0,0,0,0,0,0,0,0,0,0,0,8,0,39.9273,-75.154, , 
 ,42815,2014096389,6,67,67301,2014,9,7,1309,13,1,2,1,4,1, , ,N,1,2,0,3,0,3,9,2,N,N,39 57:32.561,75 13:01.166,1335, ,1334, ,0, ,N, ,3, , , , , ,477838, , , ,2,1,0,0,0,0,1,0,0,0,0,3,3,0,0,0,0,0,0,0,2,0,0,0,0,0,0,0,0,0,0,0,0,0,0,4,0,39.959,-75.217, , 
 ,42816,2014089429,6,67,67301,2014,8,2,1548,15,1,1,0,5,1, , ,N,0,0,0,3,0,2,4,2,N,N,39 57:48.464,75 11:02.306,1556, ,1548,2,2,4,N, ,0,N, , , , ,468029, , , ,2,1,0,0,0,1,0,0,0,0,0,1,2,1,0,0,0,0,0,0,1,0,0,0,0,0,0,0,0,0,0,0,0,0,0,4,1,39.9635,-75.184, , 
 ,42817,2014095849,6,67,67301,2014,9,3,1800,18,1,1,0,1,6, , ,N,0,0,0,3,0,0,1,2,N, ,40 01:17.454,75 08:35.296,1815, ,1801, ,0, , , ,0, , , , , ,468033, , , ,2,2,0,0,0,0,0,0,0,0,0,0,0,0,1,0,0,0,0,0,0,0,0,0,0,0,0,0,0,0,0,0,0,0,0,9,0,40.0215,-75.1431, , 
 ,42818,2014098657,6,67,67301,2014,9,5,2020,20,3,1,0,5,6, , ,N,0,0,0,3,0,1,1,2,N,N,39 59:04.639,75 08:52.108,2030, ,2027, ,0, ,N, ,0, , , , , ,468037, , , ,2,1,1,0,0,0,0,0,0,0,1,0,1,0,0,0,0,0,0,0,0,0,0,0,0,0,0,0,0,0,0,0,0,0,0,3,0,39.9846,-75.1478, , 
 ,42819,2014121442,6,67,67301,2014,11,7,710,7,1,2,0,7,5, , ,N,1,2,0,3,0,2,2,1,N,N,40 00:57.144,75 09:13.828,715, ,710, ,0, , , ,3, , , , , ,468060, , , ,1,1,0,0,0,0,0,0,0,0,0,2,2,0,0,0,0,0,0,0,0,0,0,0,0,0,0,0,0,0,0,0,0,0,0,4,0,40.0159,-75.1538, , 
 ,42820,2014068683,6,67,67301,2014,5,7,715,7,1,1,0,4,1, , ,N,1,2,0,3,0,2,5,4,N,N,40 04:15.522,75 02:16.209,719, ,715,2,1,7,N, ,3,N, , , , ,468067, , , ,4,3,0,0,0,0,0,1,0,0,1,1,2,0,0,0,0,0,0,1,1,0,0,0,0,0,0,0,0,0,0,0,0,0,0,3,0,40.071,-75.0378, , 
 ,42821,2014072764,6,67,67301,2014,7,2,1943,19,1,1,0,7,2, , ,N,6,0,2,3,0,1,1,1,N,N,39 57:41.763,75 10:57.486,1959, ,1944,2,2,6,N, ,0,Y, , , , ,468083, , , ,1,1,0,0,0,0,0,0,0,0,0,1,1,0,0,0,0,0,0,1,0,0,0,0,0,0,0,0,0,0,0,0,0,0,0,4,0,39.9614,-75.1825, , 
 ,42822,2014083071,6,67,67301,2014,6,3,1250,12,1,1,0,4,1, , ,N,5,2,0,3,0,1,2,2,N, ,39 56:40.549,75 14:01.478,1256, ,1250, ,0, , , ,3, , , , , ,468093, , , ,1,0,0,0,0,0,1,0,1,0,0,0,1,1,0,0,0,0,0,0,0,0,0,0,0,0,0,0,0,0,0,0,0,0,0,8,0,39.9446,-75.2337, , 
 ,42823,2014065721,6,67,67301,2014,6,1,2245,22,3,1,0,1,1, , ,N,0,0,0,3,0,1,1,2,N,N,39 58:47.386,75 06:24.384,2303, ,2249,2,2,2,N, ,0,Y, , , , ,468120, , , ,2,1,0,0,0,0,1,0,0,0,0,1,1,0,0,0,0,0,0,0,0,0,0,0,0,0,0,0,0,0,0,0,0,0,0,4,0,39.9798,-75.1068, , 
 ,42824,2014066902,6,67,67301,2014,6,5,1957,19,1,1,0,1,1, , ,N,0,0,0,3,0,0,3,3,N,N,39 58:40.609,75 12:06.632,2010, ,2000, ,0, ,N, ,0, , , , , ,468129, , , ,3,0,0,0,0,0,2,1,0,0,0,0,0,0,0,0,0,0,0,0,1,0,0,0,0,0,0,0,0,0,0,0,0,0,0,0,0,39.9779,-75.2018, , 
 ,42825,2014069439,6,67,67301,2014,6,7,9999,99,1,1,0,1,1, , ,N,0,0,3,3,0,1,3,2,N,N,39 58:30.055,75 11:13.364,9999, ,2120, ,0, ,N, ,0, , , , , ,468134, , , ,2,1,0,0,0,0,1,0,0,0,1,0,1,0,2,0,0,0,0,0,0,0,0,0,0,0,0,0,0,0,0,0,0,0,0,3,0,39.975,-75.187, , 
 ,42826,2014084491,6,67,67301,2014,7,3,936,9,1,1,0,7,4, , ,N,1,2,0,3,1,0,1,1,N,N,40 03:33.132,75 02:38.341,940, ,938,9,1,1,N,0,3,N, , , , ,468145, , , ,1,1,0,0,0,0,0,0,0,0,0,0,0,0,0,0,0,0,0,0,0,0,1,0,0,0,0,0,0,0,0,0,0,0,0,1,0,40.0592,-75.044,2, 
 ,42827,2014088824,6,67,67301,2014,8,7,1930,19,4,1,0,5,1, , ,N,0,0,0,3,0,2,4,3,N,N,39 59:45.978,75 07:24.679,9999, ,9999, ,0, ,N, ,0, , , , , ,468149, , , ,3,3,0,0,0,0,0,0,0,0,0,2,2,0,0,0,0,0,0,0,0,0,0,0,0,0,0,0,0,0,0,0,0,0,0,4,0,39.9961,-75.1235, , 
 ,42828,2014118309,6,67,67301,2014,11,1,645,6,5,1,0,7,5, , ,N,0,0,0,3,0,1,1,1,N,N,39 55:56.408,75 12:00.496,653, ,645,2,1,4,N, ,0,N, , , , ,468163, , , ,1,1,0,0,0,0,0,0,0,0,1,0,1,0,0,0,0,0,0,0,0,0,0,0,0,0,0,0,0,0,0,0,0,0,0,3,0,39.9323,-75.2001, , 
 ,42829,2014122402,6,67,67301,2014,11,7,1117,11,1,1,0,1,1, , ,N,1,2,0,3,0,1,5,2,N,N,40 01:36.580,75 05:52.985,1122, ,1119,1,1,1,N, ,3,N, , , , ,468168, , , ,2,1,0,0,0,0,1,0,0,0,0,0,1,1,0,0,0,0,0,0,0,0,0,0,0,0,0,0,0,0,0,0,0,0,0,8,0,40.0268,-75.0981, , 
 ,42830,2014095961,6,67,67301,2014,9,7,1729,17,1,2,1,4,1, , ,N,2,0,0,3,0,1,3,3,N,N,40 07:27.763,75 00:53.921,1734, ,1730,2,2,5,N, ,0,Y, , , , ,468173, , , ,2,0,0,0,1,0,1,0,0,0,0,0,1,1,0,0,0,0,0,0,0,0,0,0,0,0,0,0,0,0,0,0,1,0,0,8,0,40.1244,-75.015, , 
 ,42831,2014043088,6,67,67301,2014,3,3,1227,12,1,1,0,7,4, , ,N,1,0,0,3,0,1,1,1,N,N,39 59:29.569,75 13:35.687,1233, ,1230, ,0, ,N, ,0, , , , , ,468199, , , ,1,1,0,0,0,0,0,0,0,0,0,0,1,1,0,0,0,0,0,0,0,0,1,1,0,0,0,0,0,0,0,0,0,0,0,8,0,39.9915,-75.2266, , 
 ,42832,2014044551,6,67,67301,2014,3,3,1800,18,1,4,1,5,6, , ,N,0,0,0,3,0,0,1,3,N,N,40 01:53.845,75 10:04.677,1825, ,1821, ,0, ,N, ,0, , , , , ,468200, , , ,3,0,0,0,1,0,2,0,0,0,0,0,0,0,0,0,0,0,0,0,0,0,0,0,0,0,0,0,0,0,0,0,0,0,0,0,0,40.0316,-75.168, , 
 ,42833,2014049796,6,67,67301,2014,4,6,1815,18,1,1,0,4,1, , ,N,1,2,0,3,0,1,2,2,N,N,40 00:31.061,75 12:38.922,1920, ,1828,9,1,1,N, ,3,N, , , , ,468205, , , ,2,1,0,0,1,0,0,0,0,0,0,1,1,0,0,0,0,0,0,0,0,0,0,0,0,0,0,0,0,0,0,0,0,0,0,4,0,40.0085,-75.2107, , 
 ,42834,2014050277,6,67,67301,2014,4,1,1637,16,1,1,0,4,1, , ,N,0,0,0,3,0,1,2,2,N,N,40 03:04.449,75 11:12.613,1640, ,1639, ,0, ,N, ,0, , , , , ,470887, , , ,1,1,0,0,0,0,0,0,1,0,0,1,1,0,0,0,0,0,0,0,0,0,0,0,0,0,0,0,0,0,0,0,0,0,0,4,0,40.0512,-75.1868, , 
 ,42835,2014061930,6,67,67301,2014,6,5,1540,15,1,2,1,1,1, , ,N,0,0,0,3,0,0,8,3,N,N,40 03:11.987,74 59:12.137,1540, ,1540, ,0, ,N, ,0, , , , , ,470897, , , ,3,1,0,0,0,0,2,0,0,0,0,0,0,0,0,0,0,2,0,0,0,0,0,0,0,0,0,0,0,0,0,0,0,0,0,0,0,40.0533,-74.9867, , 
 ,42836,2014065589,6,67,67301,2014,5,3,1043,10,1,1,0,4,1, , ,N,1,3,0,3,0,1,2,2,N, ,39 58:09.850,75 09:47.670,1103, ,1053,2,2,1, , ,3,Y, , , , ,470908, , , ,2,2,0,0,0,0,0,0,0,0,0,0,1,1,1,0,0,0,0,0,0,0,0,0,0,0,0,0,0,0,0,0,0,0,0,8,0,39.9694,-75.1632, , 
 ,42837,2015002718,6,67,67301,2014,12,7,242,2,3,1,0,5,6, , ,N,0,0,0,3,0,2,3,4,N, ,39 59:50.333,75 07:12.377,248, ,242,3,2,6, , ,0,N, , , , ,470918, , , ,4,2,0,0,0,0,2,0,0,0,1,1,2,0,0,0,0,0,0,0,0,0,0,0,0,0,0,0,0,0,0,0,0,0,0,3,0,39.9973,-75.1201, , 
 ,42838,2015012333,6,67,67301,2014,12,4,155,1,3,1,0,4,1, , ,N,2,2,0,3,0,0,2,2,N,N,39 59:53.654,75 11:15.510,209, ,205, ,0, ,N, ,3, , , , , ,470919, , , ,2,1,0,0,0,0,0,0,0,0,0,0,0,0,1,0,0,0,0,0,0,0,0,0,0,0,0,0,0,0,0,0,0,0,0,9,0,39.9982,-75.1876, , 
 ,42839,2014106681,6,67,67301,2014,10,1,0,0,3,1,0,1,1, , ,N,0,0,0,3,0,0,1,2,N,N,39 59:05.607,75 14:45.742,25, ,14,3,2,2,N, ,0,Y, , , , ,470929, , , ,2,1,0,0,0,1,0,0,0,0,0,0,0,0,1,0,0,0,0,0,0,0,0,0,0,0,0,0,0,0,0,0,0,0,0,9,1,39.9849,-75.246, , 
 ,42840,2014114923,6,67,67301,2014,7,5,1430,14,1,1,0,1,1, , ,N,0,0,0,3,0,4,6,3,N,N,39 58:30.052,75 11:41.949,0, ,0, ,0, ,N, ,0, , , , , ,470936, , , ,3,2,0,0,0,0,0,1,0,0,0,3,4,1,2,0,0,0,0,0,0,0,0,0,0,0,0,0,0,0,0,0,0,0,0,4,0,39.975,-75.195, , 
 ,42841,2014102101,6,67,67301,2014,10,5,1100,11,1,1,0,1,1, , ,N,1,2,0,3,0,1,2,2,N,N,39 58:08.176,75 09:35.694,1130, ,1103,3,2,1,N, ,3,N, , , , ,470955, , , ,2,1,0,0,0,1,0,0,0,0,0,0,1,1,0,0,0,0,0,0,1,0,1,1,0,0,0,0,0,0,0,0,0,0,0,8,1,39.9689,-75.1599, , 
 ,42842,2014109945,6,67,67301,2014,10,5,1600,16,1,1,0,8,1, , ,N,1,2,0,3,0,1,2,2,N,N,40 02:11.152,75 07:49.835,1640, ,1640, ,0, ,N, ,3, , , , , ,470963, , , ,1,1,0,0,0,0,0,0,0,0,0,0,1,1,0,0,0,0,0,0,0,0,1,0,0,0,0,0,0,0,0,0,1,0,0,8,0,40.0364,-75.1305, , 
 ,42843,2014083079,6,67,67301,2014,6,1,213,2,3,1,0,1,6, , ,N,0,0,0,3,0,3,3,3,N,N,39 57:37.598,75 13:22.270,217, ,213, ,0, ,N, ,0, , , , , ,470978, , , ,3,1,0,0,0,0,1,1,0,0,2,1,3,0,0,0,0,0,0,0,0,0,0,0,0,0,0,0,0,0,0,0,0,0,0,3,0,39.9604,-75.2229, , 
 ,42844,2014110376,6,67,67301,2014,10,1,200,2,3,1,0,7,4, , ,N,0,0,0,3,0,0,1,1,N,N,40 03:34.668,75 01:06.924,215, ,206, ,0, ,N, ,0, , , , , ,470997, , , ,1,1,0,0,0,0,0,0,0,0,0,0,0,0,0,0,0,1,0,0,0,0,0,0,0,0,0,0,0,0,0,0,0,0,0,0,0,40.0596,-75.0186, , 
 ,42845,2014088069,6,67,67301,2014,7,5,1808,18,1,1,0,4,1, , ,N,1,3,0,3,0,1,2,2,N, ,40 02:14.258,75 02:52.702,1823, ,1817, ,0, , , ,3, , , , , ,471015, , , ,2,1,0,0,0,0,1,0,0,0,0,1,1,0,0,0,0,0,1,0,0,0,0,0,0,0,0,0,0,0,0,0,0,0,0,4,0,40.0373,-75.048, , 
 ,42846,2014088394,6,67,67301,2014,8,7,2003,20,3,1,0,4,1, , ,N,0,0,0,3,0,1,2,2,N,N,39 55:27.724,75 09:11.926,2008, ,2006, ,0, ,N, ,0, , , , , ,471016, , , ,1,1,0,0,0,0,0,0,1,0,0,0,1,1,0,0,0,0,0,0,0,0,0,0,0,0,0,0,0,0,0,0,0,0,0,8,0,39.9244,-75.1533, , 
 ,42847,2014091290,6,67,67301,2014,9,1,2033,20,4,1,0,4,1, , ,N,1,3,0,3,0,3,3,3,N,N,40 01:43.906,75 05:09.211,2055, ,2039, ,0, , , ,3, , , , , ,471019, , , ,3,1,0,0,1,0,1,0,0,0,0,3,3,0,0,0,0,0,0,0,0,0,0,3,0,0,0,0,0,0,0,0,0,0,0,4,0,40.0289,-75.0859, , 
 ,42848,2014095924,6,67,67301,2014,9,1,943,9,1,1,0,5,1, , ,N,0,0,0,3,0,0,2,4,N,N,39 56:40.021,75 12:58.122,952, ,948, ,0, ,N, ,0, , , , , ,471023, , , ,4,3,0,0,0,0,1,0,0,0,0,0,0,0,0,0,0,0,0,0,0,0,0,0,0,0,0,0,0,0,0,0,0,0,0,0,0,39.9445,-75.2161, , 
 ,42849,2014104514,6,67,67301,2014,10,4,1045,10,1,1,0,8,1, , ,N,0,0,0,3,0,1,2,2,N,Y,39 59:31.491,75 06:43.511,1049, ,1049, ,0, ,N, ,0, , , , , ,471033, , , ,1,1,0,0,0,0,0,0,0,0,0,0,1,1,0,0,0,0,0,0,0,0,0,0,0,0,0,0,0,0,0,0,1,0,0,8,0,39.9921,-75.1121, , 
 ,42850,2014054514,6,67,67301,2014,5,6,850,8,1,1,0,8,1, , ,N,1,2,0,3,0,1,2,2,N,N,40 02:34.433,75 08:37.617,920, ,853, ,0, ,N, ,3, , , , , ,471057, , , ,1,0,0,1,0,0,0,0,0,0,0,1,1,0,0,0,0,0,0,0,0,0,0,0,0,0,0,0,0,0,0,0,1,0,0,4,1,40.0429,-75.1438, , 
 ,42851,2014106751,6,67,67301,2014,10,5,1655,16,1,1,0,1,1, , ,N,0,2,0,3,0,1,2,2,N,N,40 00:21.004,75 06:46.056,1707, ,1707,1,1,4,N, ,3,N, , , , ,471062, , , ,2,1,1,0,0,0,0,0,0,0,0,1,1,0,0,0,0,0,0,1,0,0,0,0,0,0,0,0,0,0,0,0,0,0,0,4,0,40.0058,-75.1128, , 
 ,42852,2014115195,6,67,67301,2014,11,3,850,8,1,1,0,7,4, , ,N,0,0,0,3,0,0,1,1,N,N,40 00:37.227,75 12:25.505,900, ,900,2,1,1,N, ,0,N, , , , ,471066, , , ,1,0,0,0,1,0,0,0,0,0,0,0,0,0,0,0,0,0,0,0,0,0,0,0,0,0,0,0,0,0,0,0,0,0,0,0,0,40.0103,-75.2071, , 
 ,42853,2014106853,6,67,67301,2014,10,2,9999,99,1,2,7,4,1, , ,N,1,3,0,3,0,3,4,3,N, ,39 55:18.854,75 10:48.248,1257, ,1253, ,0, , , ,3, , , , , ,473729, , , ,3,1,0,0,1,0,1,0,0,0,3,0,3,0,0,0,0,1,0,0,0,0,0,3,0,0,0,0,0,0,0,0,0,0,0,3,0,39.9219,-75.1801, , 