wz_ln_closure,objectid_1,crn,district,county,municipality,crash_year,crash_month,day_of_week,time_of_day,hour_of_day,illumination,weather,road_condition,collision_type,relation_to_road,work_zone_type,work_zone_loc,work_zone_ind,intersect_type,tcd_type,location_type,urban_rural,fatal_count,injury_count,person_count,total_units,sch_bus_ind,sch_zone_ind,latitude,longitude,arrival_tm,cons_zone_spd_lim,dispatch_tm,est_hrs_closed,lane_closed,ln_close_dir,ntfy_hiwy_maint,spec_juris_cd,tcd_func_cd,tfc_detour_ind,workers_pres,wz_close_detour,wz_flagger,wz_law_offcr_ind,objectid,wz_moving,wz_other,wz_shlder_mdn,vehicle_count,automobile_count,motorcycle_count,bus_count,small_truck_count,heavy_truck_count,suv_count,van_count,bicycle_count,maj_inj_count,mod_inj_count,min_inj_count,tot_inj_count,unk_inj_deg_count,unk_inj_per_count,driver_count_16yr,driver_count_17yr,driver_count_18yr,driver_count_19yr,driver_count_20yr,driver_count_50_64yr,driver_count_65_74yr,driver_count_75plus,unbelted_occ_count,unb_death_count,unb_maj_inj_count,belted_death_count,belted_maj_inj_count,mcycle_death_count,mcycle_maj_inj_count,bicycle_death_count,bicycle_maj_inj_count,ped_count,ped_death_count,ped_maj_inj_count,max_severity_level,comm_veh_count,dec_lat,dec_long,rdwy_surf_type_cd,county_name
 ,42854,2014112882,6,67,67301,2014,11,4,940,9,1,1,0,1,1, , ,N,0,0,0,3,0,0,5,5,N,N,39 58:47.923,75 12:18.142,947, ,940,1,2,3,N, ,0,N, , , , ,473737, , , ,5,4,0,0,0,0,1,0,0,0,0,0,0,0,0,0,0,0,0,0,1,1,0,0,0,0,0,0,0,0,0,0,0,0,0,0,0,39.98,-75.205, , 
 ,42855,2014125128,6,67,67301,2014,11,5,1700,17,3,1,0,4,1, , ,N,1,2,0,3,0,1,2,3,N, ,40 00:26.780,75 06:02.440,1720, ,1714, ,0, , , ,9, , , , , ,473748, , , ,3,1,0,0,0,0,2,0,0,0,0,1,1,0,0,0,0,0,0,0,0,0,0,0,0,0,0,0,0,0,0,0,0,0,0,4,0,40.0074,-75.1007, , 
N,42856,2014116606,6,67,67301,2014,11,5,615,6,3,1,0,5,1,1,8,Y,0,0,0,3,0,0,2,2,N,N,40 01:23.313,75 02:05.102,638,45,617,2,2,1,Y, ,0,N,N,N,N,N,473760,N,Y,Y,2,0,0,0,0,2,0,0,0,0,0,0,0,0,0,0,0,0,0,0,1,0,0,0,0,0,0,0,0,0,0,0,0,0,0,0,2,40.0231,-75.0348, , 
 ,42857,2014113289,6,67,67301,2014,10,4,9999,99,1,1,0,4,1, , ,N,1,2,0,3,0,1,2,2,N,N,39 58:18.181,75 07:33.198,1428, ,1427, ,0, ,N, ,3, , , , , ,473761, , , ,2,1,1,0,0,0,0,0,0,0,1,0,1,0,0,0,0,0,0,0,0,0,0,0,0,0,0,0,0,0,0,0,0,0,0,3,0,39.9717,-75.1259, , 
 ,42858,2014127905,6,67,67301,2014,12,4,1255,12,1,2,1,4,1, , ,N,1,2,0,3,0,1,2,2,N,N,39 55:14.736,75 13:34.723,1407, ,1407,2,1,7,N, ,3,Y, , , , ,473770, , , ,2,2,0,0,0,0,0,0,0,0,0,1,1,0,0,0,0,0,0,0,0,1,0,0,0,0,0,0,0,0,0,0,0,0,0,4,0,39.9208,-75.2263, , 
 ,42859,2014068208,6,67,67301,2014,6,2,1040,10,1,1,0,3,1, , ,N,1,3,0,3,0,1,3,2,N, ,40 00:49.006,75 08:12.569,1108, ,1059, ,0, , , ,3, , , , , ,473804, , , ,2,0,0,0,0,0,2,0,0,0,0,1,1,0,1,0,0,0,0,0,0,0,0,0,0,0,0,0,0,0,0,0,0,0,0,4,0,40.0136,-75.1368, , 
 ,42860,2014061111,6,67,67301,2014,5,6,803,8,1,1,0,8,1, , ,N,2,0,0,3,0,1,2,2,N, ,40 01:14.947,75 04:47.581,812, ,807, ,0, , , ,0, , , , , ,473819, , , ,1,0,0,0,1,0,0,0,0,0,0,0,1,1,0,0,0,0,0,0,0,0,0,0,0,0,0,0,0,0,0,0,1,0,0,8,0,40.0208,-75.0799, , 
N,42861,2014062762,6,67,67301,2014,6,5,1952,19,1,8,0,7,3,1,4,Y,0,0,0,3,0,1,1,1,N,N,39 58:53.095,75 06:07.668,1959,45,1953, ,0, ,N, ,0, ,N,N,N,N,473821,N,N,Y,1,1,0,0,0,0,0,0,0,0,1,0,1,0,0,0,0,0,0,1,0,0,0,1,0,0,0,0,0,0,0,0,0,0,0,3,0,39.9814,-75.1021, , 
 ,42862,2014067940,6,67,67301,2014,6,2,2325,23,3,1,0,7,5, , ,N,2,2,0,3,0,1,1,1,N, ,40 00:34.506,75 10:49.505,9999, ,2328, ,0, , , ,3, , , , , ,473826, , , ,1,1,0,0,0,0,0,0,0,0,0,0,1,1,0,0,0,0,0,0,0,0,0,0,0,0,0,0,0,0,0,0,0,0,0,8,0,40.0096,-75.1803, , 
 ,42863,2014078857,6,67,67301,2014,6,6,2300,23,2,1,1,5,6, , ,N,0,0,0,3,0,0,3,2,N,N,39 58:55.610,75 08:54.731,1210, ,1210, ,0, ,N, ,0, , , , , ,473833, , , ,2,2,0,0,0,0,0,0,0,0,0,0,0,0,0,0,0,0,0,0,0,0,0,0,0,0,0,0,0,0,0,0,0,0,0,0,0,39.9821,-75.1485, , 
 ,42864,2014087875,6,67,67301,2014,7,4,750,7,1,1,0,7,4, , ,N,0,0,0,3,0,0,1,1,N,N,40 07:51.377,75 00:50.241,810, ,805, ,0, , , ,0, , , , , ,473843, , , ,1,0,0,0,0,0,1,0,0,0,0,0,0,0,1,0,0,0,0,0,0,0,0,0,0,0,0,0,0,0,0,0,0,0,0,9,0,40.1309,-75.014, , 
 ,42865,2014087929,6,67,67301,2014,7,6,1300,13,1,1,0,4,1, , ,N,1,3,0,3,0,1,2,2,N,N,40 03:08.449,75 11:15.561,1315, ,1313, ,0, ,N, ,3, , , , , ,473844, , , ,1,0,0,0,0,0,0,1,1,0,0,0,1,1,0,0,0,0,0,0,0,0,0,0,0,0,0,0,0,0,0,0,0,0,0,8,0,40.0523,-75.1877, , 
 ,42866,2014130418,6,67,67301,2014,12,7,2300,23,3,1,0,4,1, , ,N,1,2,0,3,0,3,3,2,N, ,39 57:16.308,75 08:58.375,24, ,22, ,0, , , ,3, , , , , ,473863, , , ,2,2,0,0,0,0,0,0,0,0,0,3,3,0,0,0,0,0,0,0,2,0,0,0,0,0,0,0,0,0,0,0,0,0,0,4,0,39.9547,-75.1495, , 
 ,42867,2014122431,6,67,67301,2014,11,7,935,9,1,1,0,4,1, , ,N,1,2,0,3,0,0,3,2,N,N,39 59:27.154,75 05:28.375,1231, ,1222, ,0, ,N, ,3, , , , , ,473870, , , ,2,1,0,0,1,0,0,0,0,0,0,0,0,0,0,0,0,0,0,0,0,0,0,0,0,0,0,0,0,0,0,0,0,0,0,0,0,39.9909,-75.0912, , 
 ,42868,2014127440,6,67,67301,2014,12,3,2115,21,3,2,1,5,6, , ,N,0,0,0,3,0,0,1,8,N,N,39 59:41.597,75 10:50.489,2140, ,2136,3,2,2,N, ,0,Y, , , , ,473876, , , ,8,8,0,0,0,0,0,0,0,0,0,0,0,0,0,0,0,0,0,0,0,0,0,0,0,0,0,0,0,0,0,0,0,0,0,0,0,39.9949,-75.1807, , 
 ,42869,2014130530,6,67,67301,2014,12,6,707,7,1,1,0,8,1, , ,N,1,0,0,3,0,1,2,2,N,N,39 57:25.253,75 12:48.054,727, ,722, ,0, ,N, ,0, , , , , ,473878, , , ,1,0,0,0,0,0,0,0,0,0,0,1,1,0,1,0,0,0,0,0,0,0,0,0,0,0,0,0,0,0,0,0,1,0,0,4,0,39.957,-75.2133, , 
 ,42870,2015002712,6,67,67301,2014,12,4,210,2,3,2,1,7,4, , ,N,3,0,2,3,0,0,1,1,N,N,40 00:48.869,75 12:19.880,218, ,211,1,1,3,N, ,0,Y, , , , ,473881, , , ,1,1,0,0,0,0,0,0,0,0,0,0,0,0,0,0,0,0,0,0,0,0,0,0,0,0,0,0,0,0,0,0,0,0,0,0,0,40.0131,-75.205, , 
 ,42871,2014113140,6,67,67301,2014,1,1,100,1,3,5,1,1,1, , ,N,2,2,0,3,0,1,2,2,N,N,39 59:15.701,75 12:58.133,0, ,0, ,0, ,N, ,3, , , , , ,475770, , , ,2,1,0,0,0,0,0,0,0,1,0,0,1,0,0,0,0,0,0,0,1,0,0,0,0,0,0,1,0,0,0,0,0,0,0,2,0,39.9877,-75.2161, , 
 ,42872,2014065490,6,67,67301,2014,5,5,2311,23,3,2,1,4,1, , ,N,1,2,0,3,0,2,2,2,N,N,40 05:04.029,75 02:18.148,2311, ,2311,3,1,1,N, ,3,N, , , , ,475787, , , ,2,1,0,0,0,0,1,0,0,0,0,2,2,0,0,0,0,0,0,0,1,1,0,0,0,0,0,0,0,0,0,0,0,0,0,4,0,40.0845,-75.0384, , 
 ,42873,2014081498,6,67,67301,2014,6,7,140,1,3,1,0,0,1, , ,N,2,2,0,3,0,1,1,1,N,N,39 57:34.816,75 14:50.653,144, ,143, ,0, ,N, ,2, , , , , ,475789, , , ,1,0,0,0,0,0,1,0,0,0,0,1,1,0,0,0,0,0,0,0,0,0,0,0,0,0,0,0,0,0,0,0,0,0,0,4,0,39.9597,-75.2474, , 
 ,42874,2014067982,6,67,67301,2014,6,6,9999,99,1,1,0,8,1, , ,N,1,2,0,3,0,1,2,2,N,N,39 56:32.336,75 14:01.801,2015, ,2006, ,0, ,N, ,3, , , , , ,475804, , , ,1,0,0,0,0,0,1,0,0,0,0,0,1,1,0,0,0,0,0,0,1,0,0,0,0,0,0,0,0,0,0,0,1,0,0,8,0,39.9423,-75.2338, , 
 ,42875,2014087839,6,67,67301,2014,8,6,2238,22,3,1,0,6,1, , ,N,0,0,0,3,0,1,3,2,N, ,40 01:55.346,75 11:35.238,2300, ,2250, ,0, , , ,0, , , , , ,475822, , , ,2,0,0,0,0,0,2,0,0,0,0,0,1,1,2,0,0,0,0,0,1,0,0,0,0,0,0,0,0,0,0,0,0,0,0,8,0,40.032,-75.1931, , 
 ,42876,2015027102,6,67,67301,2014,9,5,900,9,1,1,0,1,1, , ,N,1,2,0,3,0,3,4,2,N,N,39 57:44.247,75 11:49.914,0, ,0, ,0, ,N, ,3, , , , , ,475841, , , ,2,1,0,0,0,0,1,0,0,0,0,0,3,3,0,0,0,0,0,0,0,0,0,0,0,0,0,0,0,0,0,0,0,0,0,8,0,39.9623,-75.1972, , 
 ,42877,2014113188,6,67,67301,2014,8,5,2215,22,3,1,0,4,1, , ,N,1,3,0,3,0,1,2,2,N,N,40 06:50.749,75 01:41.703,0, ,0, ,0, ,N, ,3, , , , , ,475842, , , ,2,1,0,0,0,0,0,0,0,0,1,0,1,0,1,0,0,0,0,0,0,0,0,0,0,0,0,0,0,0,0,0,0,0,0,3,0,40.1141,-75.0283, , 
 ,42878,2014117088,6,67,67301,2014,11,6,1815,18,3,1,0,1,1, , ,N,2,2,0,3,0,0,6,3,N,N,40 05:07.207,75 12:37.474,1818, ,1815,2,1,1,N, ,3,N, , , , ,475846, , , ,3,1,0,0,0,0,2,0,0,0,0,0,0,0,0,0,0,0,0,0,0,0,0,0,0,0,0,0,0,0,0,0,0,0,0,0,0,40.0853,-75.2104, , 
 ,42879,2014120870,6,67,67301,2014,11,1,1545,15,1,1,0,4,1, , ,N,2,2,2,3,0,1,3,2,N,N,39 58:29.022,75 11:53.809,1620, ,1615, ,0, ,N, ,3, , , , , ,475849, , , ,2,0,0,0,0,0,1,1,0,0,0,1,1,0,0,0,0,0,0,0,0,0,0,1,0,0,0,0,0,0,0,0,0,0,0,4,0,39.9747,-75.1983, , 
 ,42880,2014121401,6,67,67301,2014,11,7,1005,10,1,1,0,2,1, , ,N,0,0,0,3,0,1,2,2,N,N,39 56:14.378,75 14:02.016,1013, ,1009, ,0, ,N, ,0, , , , , ,475850, , , ,1,0,0,0,0,0,1,0,1,0,0,0,1,1,0,0,0,0,0,0,0,0,0,0,0,0,0,0,0,0,0,0,0,0,0,8,0,39.9373,-75.2339, , 
 ,42881,2014127485,6,67,67301,2014,12,1,920,9,1,1,0,1,1, , ,N,0,0,0,3,0,1,2,2,N,N,40 03:15.735,75 05:14.881,932, ,925, ,0, ,N, ,0, , , , , ,475854, , , ,2,2,0,0,0,0,0,0,0,0,0,1,1,0,0,0,0,0,0,0,0,0,0,0,0,0,0,0,0,0,0,0,0,0,0,4,0,40.0544,-75.0875, , 
 ,42882,2014130462,6,67,67301,2014,12,6,2329,23,3,1,0,4,1, , ,N,2,0,0,3,0,1,5,2,N,N,39 57:15.358,75 08:22.158,2337, ,2335,2,1,2, , ,0,N, , , , ,475857, , , ,2,0,0,0,0,0,1,1,0,0,0,1,1,0,0,0,0,0,0,0,0,0,0,0,0,0,0,0,0,0,0,0,0,0,0,4,0,39.9543,-75.1395, , 
 ,42883,2014106754,6,67,67301,2014,10,2,1311,13,1,1,0,4,1, , ,N,1,2,0,3,0,3,3,2,N,N,39 57:57.326,75 13:13.061,1316, ,1313,3,2,6,N, ,3,Y, , , , ,475863, , , ,2,1,0,0,0,0,1,0,0,0,0,2,3,1,0,0,0,0,0,0,1,0,0,0,0,0,0,0,0,0,0,0,0,0,0,4,0,39.9659,-75.2203, , 
 ,42884,2014113439,6,67,67301,2014,10,5,1236,12,1,1,0,7,4, , ,N,0,0,0,3,0,1,1,1,N,N,40 01:03.523,75 12:07.977,1245, ,1236,2,1,2,N, ,0,N, , , , ,475876, , , ,1,0,0,0,0,0,1,0,0,0,0,0,1,1,0,0,0,0,0,0,0,0,0,0,0,0,0,0,0,0,0,0,0,0,0,8,0,40.0176,-75.2022, , 
Y,42885,2014117810,6,67,67301,2014,11,6,2050,20,3,1,0,1,1,1,4,Y,0,0,0,3,0,0,2,2,N,N,40 01:15.988,75 02:28.304,2110,45,2100,1,2,1,N, ,0,N,Y,N,N,N,475880,Y,N,Y,2,2,0,0,0,0,0,0,0,0,0,0,0,0,0,0,0,0,0,0,0,0,0,0,0,0,0,0,0,0,0,0,0,0,0,0,0,40.0211,-75.0412, , 
 ,42886,2014121488,6,67,67301,2014,11,1,1714,17,4,1,0,4,1, , ,N,1,3,0,3,0,2,4,2,N, ,39 56:23.870,75 13:51.772,1830, ,1820, ,0, , , ,3, , , , , ,475881, , , ,2,2,0,0,0,0,0,0,0,0,0,0,2,2,0,0,0,1,0,0,0,1,0,0,0,0,0,0,0,0,0,0,0,0,0,8,0,39.94,-75.231, , 
 ,42887,2014030286,6,67,67301,2014,2,3,630,6,5,4,4,4,1, , ,N,3,2,0,3,0,1,2,2,N,N,40 02:50.984,75 06:44.541,1440, ,1440, ,0, ,N, ,3, , , , , ,475905, , , ,2,1,0,0,0,0,1,0,0,0,0,1,1,0,0,0,0,0,0,0,1,0,0,0,0,0,0,0,0,0,0,0,0,0,0,4,0,40.0475,-75.1124, , 
 ,42888,2014122485,6,67,67301,2014,11,5,1425,14,1,1,0,1,1, , ,N,0,0,0,3,0,2,3,2,N,N,39 57:28.182,75 13:56.981,1430, ,1430, ,0, , , ,0, , , , , ,475934, , , ,2,1,0,0,0,0,0,1,0,0,0,2,2,0,0,0,0,0,0,0,1,0,0,1,0,0,0,0,0,0,0,0,0,0,0,4,0,39.9578,-75.2325, , 
 ,42889,2014059081,6,67,67301,2014,5,7,1506,15,1,1,0,3,1, , ,N,0,0,7,3,0,1,3,2,N,N,40 00:47.889,75 03:24.634,1608, ,1604, ,0, ,N, ,0, , , , , ,468216, , , ,1,1,0,0,0,0,0,0,1,0,0,1,1,0,0,0,0,0,0,0,0,0,0,0,0,0,0,0,0,0,0,0,0,0,0,4,0,40.0133,-75.0568, , 
 ,42890,2014078856,6,67,67301,2014,6,6,810,8,1,1,0,7,5, , ,N,1,2,0,3,0,1,1,1,N,N,40 02:03.071,75 04:17.001,819, ,812, ,0, ,N, ,3, , , , , ,468236, , , ,1,0,0,0,0,0,1,0,0,0,0,1,1,0,0,0,0,0,0,0,0,0,0,0,0,0,0,0,0,0,0,0,0,0,0,4,0,40.0342,-75.0714, , 
 ,42891,2014081450,6,67,67301,2014,6,3,1008,10,1,1,0,4,1, , ,N,1,0,0,3,0,1,2,2,N,N,40 05:37.163,74 58:48.657,1015, ,1013,9,1,6,N, ,0,N, , , , ,468238, , , ,2,2,0,0,0,0,0,0,0,0,0,1,1,0,0,0,0,0,0,0,0,0,0,0,0,0,0,0,0,0,0,0,0,0,0,4,0,40.0935,-74.9802, , 
 ,42892,2014086493,6,67,67301,2014,7,6,225,2,3,1,0,4,1, , ,N,1,3,0,3,0,0,5,2,N,N,39 57:37.092,75 08:20.094,245, ,239, ,0, , , ,3, , , , , ,468241, , , ,2,2,0,0,0,0,0,0,0,0,0,0,0,0,5,0,0,0,0,0,0,0,0,0,0,0,0,0,0,0,0,0,0,0,0,9,0,39.9603,-75.1389, , 
 ,42893,2014088778,6,67,67301,2014,7,4,1905,19,1,1,0,5,6, , ,N,0,0,0,3,0,1,2,2,N, ,39 57:04.342,75 11:56.939,1912, ,1910, ,0, , , ,0, , , , , ,468244, , , ,2,1,0,0,0,1,0,0,0,0,0,0,1,1,0,0,0,0,0,0,1,0,0,0,0,0,0,0,0,0,0,0,0,0,0,8,1,39.9512,-75.1991, , 
 ,42894,2014093512,6,67,67301,2014,9,7,1210,12,1,1,0,5,1, , ,N,1,2,0,3,0,4,8,2,N, ,39 57:16.308,75 08:58.375,1225, ,1219, ,0, , , ,3, , , , , ,468251, , , ,2,1,0,0,0,0,1,0,0,0,0,4,4,0,0,0,0,0,0,0,0,0,0,1,0,0,0,0,0,0,0,0,0,0,0,4,0,39.9547,-75.1495, , 
 ,42895,2014115652,6,67,67301,2014,11,7,1235,12,1,2,1,4,1, , ,N,5,2,0,3,0,1,2,2,N,N,40 03:30.268,75 08:57.263,1340, ,1320, ,0, ,N, ,3, , , , , ,468260, , , ,2,0,0,0,0,0,1,1,0,0,0,1,1,0,0,0,0,0,0,0,1,0,0,1,0,0,0,0,0,0,0,0,0,0,0,4,0,40.0584,-75.1492, , 
 ,42896,2015001511,6,67,67301,2014,12,3,1620,16,2,2,1,4,1, , ,N,1,3,0,3,0,0,2,2,N,N,40 02:56.557,75 05:40.778,1630, ,1624, ,0, ,N, ,3, , , , , ,468269, , , ,2,0,0,0,0,0,2,0,0,0,0,0,0,0,0,0,0,0,0,0,0,0,0,0,0,0,0,0,0,0,0,0,0,0,0,0,0,40.049,-75.0947, , 
 ,42897,2015015596,6,67,67301,2014,12,7,640,6,5,1,0,6,1, , ,N,0,0,0,3,0,1,1,4,N,N,40 03:09.115,75 05:01.323,810, ,804, ,0, ,N, ,0, , , , , ,468271, , , ,4,3,0,0,0,0,1,0,0,0,0,1,1,0,0,0,0,0,0,0,0,0,0,0,0,0,0,0,0,0,0,0,0,0,0,4,0,40.0525,-75.0837, , 
 ,42898,2014109919,6,67,67301,2014,10,7,615,6,1,1,0,4,6, , ,N,5,2,0,3,0,0,1,2,N,N,39 59:13.221,75 07:20.575,701, ,700, ,0, ,N, ,3, , , , , ,468273, , , ,2,1,0,0,0,0,0,1,0,0,0,0,0,0,1,0,0,0,0,0,0,0,0,0,0,0,0,0,0,0,0,0,0,0,0,9,0,39.9871,-75.1223, , 
 ,42899,2014115569,6,67,67301,2014,11,5,835,8,1,2,1,1,1, , ,N,0,0,0,3,0,0,3,2,N,N,40 01:15.363,75 08:24.947,840, ,835,1,1,1,N, ,0,N, , , , ,468279, , , ,2,2,0,0,0,0,0,0,0,0,0,0,0,0,0,0,0,0,0,0,1,0,0,0,0,0,0,0,0,0,0,0,0,0,0,0,0,40.0209,-75.1403, , 
 ,42900,2014115661,6,67,67301,2014,10,5,136,1,3,1,1,4,1, , ,N,1,2,0,3,0,1,2,2,N, ,40 01:53.078,75 05:05.038,145, ,143,3,1,1, , ,3,Y, , , , ,468280, , , ,2,0,0,0,0,0,2,0,0,0,1,0,1,0,0,0,0,0,0,0,0,0,0,0,0,0,0,0,0,0,0,0,0,0,0,3,0,40.0314,-75.0847, , 
 ,42901,2015002674,6,67,67301,2014,11,2,1300,13,1,1,0,4,1, , ,N,0,3,7,3,0,1,2,2,N,N,39 59:45.168,75 13:06.521,1303, ,1302,1,1,2,N, ,3,N, , , , ,468304, , , ,2,2,0,0,0,0,0,0,0,0,0,0,1,1,0,0,0,0,0,0,1,0,1,0,0,0,0,0,0,0,0,0,0,0,0,8,0,39.9959,-75.2185, , 
 ,42902,2015009672,6,67,67301,2014,12,2,1325,13,1,1,0,8,1, , ,N,0,2,0,3,0,1,3,2,N,N,39 55:29.288,75 10:22.887,1327, ,1327, ,0, ,N, ,3, , , , , ,468305, , , ,1,1,0,0,0,0,0,0,0,0,0,0,1,1,0,0,0,0,0,0,0,0,0,0,0,0,0,0,0,0,0,0,1,0,0,8,0,39.9248,-75.173, , 
 ,42903,2014125033,6,67,67301,2014,11,4,1235,12,1,1,0,8,1, , ,N,1,2,0,3,0,1,2,2,N,N,40 02:27.297,75 11:14.369,1243, ,1241, ,0, ,N, ,3, , , , , ,468311, , , ,1,0,0,0,0,0,0,1,0,0,0,1,1,0,0,0,0,0,0,0,1,0,0,0,0,0,0,0,0,0,0,0,1,0,0,4,0,40.0409,-75.1873, , 
 ,42904,2014087863,6,67,67301,2014,7,5,1943,19,3,2,1,1,1, , ,N,0,0,0,3,0,11,11,3,N,N,40 06:13.700,75 00:09.879,1948, ,1944,3,2,1,N, ,0,Y, , , , ,468341, , , ,3,1,0,0,0,0,2,0,0,0,5,6,11,0,0,0,0,0,0,0,1,0,0,0,0,0,0,0,0,0,0,0,0,0,0,3,0,40.1038,-75.0027, , 
 ,42905,2014087960,6,67,67301,2014,8,2,2115,21,3,1,0,4,1, , ,N,1,2,0,3,0,0,3,2,N, ,40 02:59.510,75 04:32.444,2121, ,2116, ,0, , , ,3, , , , , ,468342, , , ,2,1,0,0,0,0,1,0,0,0,0,0,0,0,0,0,0,0,0,0,1,0,0,0,0,0,0,0,0,0,0,0,0,0,0,0,0,40.0499,-75.0757, , 
 ,42906,2014088887,6,67,67301,2014,8,6,950,9,1,1,0,1,1, , ,N,1,2,0,3,0,1,2,2,N, ,39 56:51.874,75 09:38.843,1005, ,1000, ,0, , , ,3, , , , , ,468343, , , ,1,1,0,0,0,0,0,0,1,0,1,0,1,0,1,0,0,0,0,0,0,0,0,0,0,0,0,0,0,0,0,0,0,0,0,3,0,39.9477,-75.1608, , 
 ,42907,2014120266,6,67,67301,2014,11,7,1059,10,1,1,0,4,1, , ,N,1,2,0,3,0,0,2,2,N,N,40 04:38.723,75 10:31.829,1059, ,1059, ,0, , , ,3, , , , , ,471069, , , ,2,1,0,0,0,0,1,0,0,0,0,0,0,0,0,0,0,0,0,0,1,1,0,0,0,0,0,0,0,0,0,0,0,0,0,0,0,40.0774,-75.1755, , 
 ,42908,2014120837,6,67,67301,2014,11,6,9999,99,1,1,0,4,1, , ,N,2,0,0,3,0,1,2,2,N, ,39 57:37.983,75 10:30.921,754, ,752, ,0, ,N, ,0, , , , , ,471070, , , ,2,1,0,0,0,0,1,0,0,0,0,1,1,0,0,0,0,0,0,0,0,0,0,0,0,0,0,0,0,0,0,0,0,0,0,4,0,39.9606,-75.1753, , 
 ,42909,2014123634,6,67,67301,2014,12,1,1238,12,1,1,0,1,1, , ,N,0,0,0,3,0,0,5,2,N,N,40 00:25.240,75 11:58.956,1243, ,1241,1,1,3,N, ,0,N, , , , ,471074, , , ,2,1,0,0,0,0,1,0,0,0,0,0,0,0,0,0,0,0,0,0,0,1,0,0,0,0,0,0,0,0,0,0,0,0,0,0,0,40.007,-75.1997, , 
 ,42910,2014125135,6,67,67301,2014,11,4,1841,18,3,2,1,8,1, , ,N,1,2,0,3,0,1,2,2,N,N,39 55:24.611,75 09:46.436,1849, ,1846, ,0, , , ,3, , , , , ,471075, , , ,1,0,0,0,0,0,1,0,0,0,1,0,1,0,0,0,0,0,0,1,0,0,0,0,0,0,0,0,0,0,0,0,1,0,0,3,0,39.9235,-75.1628, , 
 ,42911,2015015592,6,67,67301,2014,12,3,1445,14,1,2,1,4,1, , ,N,1,2,0,3,0,1,2,2,N,N,40 02:57.663,75 04:04.482,1515, ,1526, ,0, ,N, ,3, , , , , ,471083, , , ,2,1,0,0,0,0,1,0,0,0,0,0,1,1,0,0,0,0,0,0,2,0,0,0,0,0,0,0,0,0,0,0,0,0,0,8,0,40.0493,-75.0679, , 
 ,42912,2014120437,6,67,67301,2014,11,7,435,4,3,1,0,7,4, , ,N,0,0,6,3,0,2,2,1,N,N,39 57:31.071,75 10:49.208,435, ,435,2,2,3,Y, ,0,Y, , , , ,471095, , , ,1,1,0,0,0,0,0,0,0,0,2,0,2,0,0,0,0,0,0,0,0,0,0,0,0,0,0,0,0,0,0,0,0,0,0,3,0,39.9586,-75.1803, , 
 ,42913,2014122401,6,67,67301,2014,11,7,820,8,1,1,0,4,1, , ,N,2,2,6,3,0,1,6,3,N,N,40 01:39.788,75 05:55.565,822, ,820,9,1,2, , ,3,N, , , , ,471098, , , ,3,1,0,0,1,0,0,1,0,0,0,1,1,0,0,0,0,0,0,0,1,0,0,0,0,0,0,0,0,0,0,0,0,0,0,4,0,40.0277,-75.0988, , 
 ,42914,2014125024,6,67,67301,2014,11,7,1440,14,1,1,0,1,1, , ,N,1,2,0,3,0,2,4,3,N, ,39 57:52.149,75 10:57.115,1447, ,1443,1,1,4, , ,3,N, , , , ,471099, , , ,3,1,0,0,0,0,2,0,0,0,1,1,2,0,0,0,0,0,1,0,1,0,0,0,0,0,0,0,0,0,0,0,0,0,0,3,0,39.9645,-75.1825, , 
 ,42915,2014088719,6,67,67301,2014,8,7,9999,99,1,1,0,7,4, , ,N,0,0,0,3,0,1,1,1,N,N,39 59:57.192,75 04:30.414,9999, ,9999, ,0, ,N, ,0, , , , , ,471124, , , ,1,1,0,0,0,0,0,0,0,0,0,1,1,0,0,0,0,0,0,0,0,0,0,0,0,0,0,0,0,0,0,0,0,0,0,4,0,39.9992,-75.0751, , 
 ,42916,2014093521,6,67,67301,2014,9,7,300,3,3,1,0,5,6, , ,N,0,0,0,3,0,0,1,3,N,N,39 56:42.298,75 09:00.309,304, ,302,2,2,4, , ,0,Y, , , , ,471130, , , ,3,2,0,0,0,0,1,0,0,0,0,0,0,0,0,0,0,0,0,0,0,0,0,0,0,0,0,0,0,0,0,0,0,0,0,0,0,39.9451,-75.1501, , 
 ,42917,2014095250,6,67,67301,2014,9,2,2349,23,3,1,0,8,1, , ,N,1,2,1,3,0,1,3,2,N,N,39 58:44.727,75 09:39.689,2351, ,2350, ,0, ,N, ,3, , , , , ,471133, , , ,1,1,0,0,0,0,0,0,0,0,0,0,1,1,0,0,0,0,0,0,0,0,0,2,0,0,0,0,0,0,0,0,1,0,0,8,0,39.9791,-75.161, , 
 ,42918,2014096405,6,67,67301,2014,9,5,1253,12,1,1,0,4,1, , ,N,1,3,0,3,0,1,2,2,N,N,39 56:03.274,75 12:59.057,1310, ,1308, ,0, ,N, ,3, , , , , ,471134, , , ,2,2,0,0,0,0,0,0,0,0,0,0,1,1,0,0,0,0,0,0,0,1,0,0,0,0,0,0,0,0,0,0,0,0,0,8,0,39.9342,-75.2164, , 
 ,42919,2014120309,6,67,67301,2014,11,3,1505,15,1,1,0,8,1, , ,N,0,0,0,3,0,1,2,2,N, ,40 02:42.954,75 09:54.264,1558, ,1548, ,0, , , ,0, , , , , ,471163, , , ,1,1,0,0,0,0,0,0,0,0,0,1,1,0,0,0,0,0,0,0,0,0,0,0,0,0,0,0,0,0,0,0,1,0,0,4,0,40.0453,-75.1651, , 
 ,42920,2014120909,6,67,67301,2014,11,2,731,7,1,1,0,8,1, , ,N,1,2,0,3,0,1,2,2,N,N,40 02:20.942,75 06:36.006,745, ,731, ,0, ,N, ,3, , , , , ,471166, , , ,1,0,0,0,0,0,1,0,0,0,0,0,1,1,0,0,0,0,0,0,0,0,0,0,0,0,0,0,0,0,0,0,1,0,0,8,0,40.0392,-75.11, , 