wz_ln_closure,objectid_1,crn,district,county,municipality,crash_year,crash_month,day_of_week,time_of_day,hour_of_day,illumination,weather,road_condition,collision_type,relation_to_road,work_zone_type,work_zone_loc,work_zone_ind,intersect_type,tcd_type,location_type,urban_rural,fatal_count,injury_count,person_count,total_units,sch_bus_ind,sch_zone_ind,latitude,longitude,arrival_tm,cons_zone_spd_lim,dispatch_tm,est_hrs_closed,lane_closed,ln_close_dir,ntfy_hiwy_maint,spec_juris_cd,tcd_func_cd,tfc_detour_ind,workers_pres,wz_close_detour,wz_flagger,wz_law_offcr_ind,objectid,wz_moving,wz_other,wz_shlder_mdn,vehicle_count,automobile_count,motorcycle_count,bus_count,small_truck_count,heavy_truck_count,suv_count,van_count,bicycle_count,maj_inj_count,mod_inj_count,min_inj_count,tot_inj_count,unk_inj_deg_count,unk_inj_per_count,driver_count_16yr,driver_count_17yr,driver_count_18yr,driver_count_19yr,driver_count_20yr,driver_count_50_64yr,driver_count_65_74yr,driver_count_75plus,unbelted_occ_count,unb_death_count,unb_maj_inj_count,belted_death_count,belted_maj_inj_count,mcycle_death_count,mcycle_maj_inj_count,bicycle_death_count,bicycle_maj_inj_count,ped_count,ped_death_count,ped_maj_inj_count,max_severity_level,comm_veh_count,dec_lat,dec_long,rdwy_surf_type_cd,county_name
 ,42921,2015002698,6,67,67301,2014,12,1,1401,14,1,1,0,4,1, , ,N,1,2,0,3,0,1,2,2,N,N,39 56:01.291,75 08:44.379,1407, ,1404, ,0, ,N, ,3, , , , , ,471178, , , ,2,2,0,0,0,0,0,0,0,0,0,1,1,0,0,0,0,0,0,0,0,0,0,1,0,0,0,0,0,0,0,0,0,0,0,4,0,39.9337,-75.1457, , 
 ,42922,2014123627,6,67,67301,2014,12,2,510,5,3,2,1,7,3, , ,N,0,0,0,3,0,0,1,1,N,N,39 57:35.723,75 10:45.065,519, ,516,3,1,3,N, ,0,N, , , , ,471181, , , ,1,1,0,0,0,0,0,0,0,0,0,0,0,0,0,0,0,0,0,0,0,0,0,0,0,0,0,0,0,0,0,0,0,0,0,0,0,39.9599,-75.1792, , 
 ,42923,2014111442,6,67,67301,2014,9,5,2310,23,3,1,0,4,1, , ,N,0,0,7,3,0,2,4,2,N, ,40 00:46.021,75 07:10.295,2325, ,2317, ,0, , , ,0, , , , , ,471202, , , ,2,1,0,0,0,0,1,0,0,0,0,0,2,2,0,0,0,0,0,1,1,0,0,0,0,0,0,0,0,0,0,0,0,0,0,8,0,40.0128,-75.1195, , 
 ,42924,2014111480,6,67,67301,2014,9,6,9999,99,4,1,0,5,1, , ,N,0,0,0,3,0,1,2,2,N,N,39 57:05.682,75 10:01.746,1926, ,1924, ,0, ,N, ,0, , , , , ,471203, , , ,1,1,0,0,0,0,0,0,1,0,0,1,1,0,0,0,0,0,0,0,0,0,0,0,0,0,0,0,0,0,0,0,0,0,0,4,0,39.9516,-75.1672, , 
 ,42925,2014130420,6,67,67301,2014,12,3,35,0,2,1,0,7,4, , ,N,0,0,0,3,0,0,1,1,N,N,40 04:16.008,75 02:57.124,42, ,42, ,0, , , ,0, , , , , ,473885, , , ,1,1,0,0,0,0,0,0,0,0,0,0,0,0,0,0,0,0,0,0,0,0,0,0,0,0,0,0,0,0,0,0,0,0,0,0,0,40.0711,-75.0492, , 
 ,42926,2014120284,6,67,67301,2014,11,4,615,6,1,6,1,4,1, , ,N,1,2,0,3,0,2,2,2,N,N,40 05:18.096,75 02:38.680,629, ,629, ,0, ,N, ,3, , , , , ,473897, , , ,2,1,0,0,0,0,1,0,0,0,0,2,2,0,0,0,0,0,0,0,1,1,0,0,0,0,0,0,0,0,0,0,0,0,0,4,0,40.0884,-75.044, , 
N,42927,2014129485,6,67,67301,2014,12,7,1700,17,3,1,0,1,1,1,8,Y,7,2,2,3,0,2,4,2,N,N,40 01:40.821,75 01:27.042,1714,25,1700, ,0, ,N, ,3, ,N,N,N,N,473902,N,N,Y,2,1,0,0,0,0,0,0,0,0,0,0,2,2,1,0,0,0,0,0,0,0,0,0,0,0,0,0,0,0,0,0,0,0,0,8,0,40.028,-75.0242, , 
 ,42928,2014106865,6,67,67301,2014,9,2,2052,20,3,1,0,8,1, , ,N,1,2,0,3,0,1,2,2,N,N,39 57:21.085,75 11:29.255,9999, ,9999, ,0, , , ,3, , , , , ,473906, , , ,1,1,0,0,0,0,0,0,0,0,0,0,1,1,0,0,0,0,0,0,0,1,0,0,0,0,0,0,0,0,0,0,1,0,0,8,0,39.9558,-75.1915, , 
 ,42929,2014113313,6,67,67301,2014,10,5,659,6,1,1,0,7,4, , ,N,0,0,0,3,0,3,3,2,N,N,40 02:06.042,75 08:44.233,825, ,821, ,0, ,N, ,0, , , , , ,473912, , , ,1,0,0,0,0,0,1,0,0,0,3,0,3,0,0,0,0,0,0,0,1,0,0,0,0,0,0,0,0,0,0,0,0,0,0,3,0,40.035,-75.1456, , 
 ,42930,2014117611,6,67,67301,2014,10,6,425,4,3,1,0,5,6, , ,N,0,0,0,3,0,1,2,5,N,N,40 01:52.755,75 08:52.929,437, ,432, ,0, , , ,0, , , , , ,473917, , , ,5,4,0,0,0,0,1,0,0,0,0,0,1,1,1,0,0,0,0,0,0,0,0,0,0,0,0,0,0,0,0,0,0,0,0,8,0,40.0313,-75.148, , 
 ,42931,2014127916,6,67,67301,2014,12,6,1355,13,1,1,0,7,4, , ,N,1,2,0,3,0,1,1,2,N,N,39 58:14.012,75 08:59.857,1420, ,1410,1,2,3,N, ,3,N, , , , ,473956, , , ,1,1,0,0,0,0,0,0,0,0,0,1,1,0,0,0,0,0,0,0,0,0,0,0,0,0,0,0,0,0,0,0,0,0,0,4,0,39.9704,-75.15, , 
 ,42932,2015009676,6,67,67301,2014,12,4,9999,99,3,1,0,8,1, , ,N,2,0,0,3,0,1,2,2,N,N,40 05:35.998,74 57:43.476,1930, ,1930, ,0, ,N, ,0, , , , , ,473959, , , ,1,1,0,0,0,0,0,0,0,0,1,0,1,0,0,0,0,0,0,0,0,0,0,0,0,0,0,0,0,0,0,0,1,0,0,3,0,40.0933,-74.9621, , 
 ,42933,2014096428,6,67,67301,2014,9,7,1536,15,1,2,1,2,1, , ,N,0,0,0,3,0,1,2,2,N,N,39 59:47.877,75 11:49.171,1730, ,1724,2,1,6,N, ,0,N, , , , ,473983, , , ,2,1,0,0,0,0,1,0,0,0,1,0,1,0,1,0,0,0,0,0,0,0,0,1,0,0,0,0,0,0,0,0,0,0,0,3,0,39.9966,-75.197, , 
 ,42934,2014102202,6,67,67301,2014,10,6,1459,14,1,1,0,2,1, , ,N,0,0,0,3,0,1,7,2,Y,Y,39 58:56.355,75 14:59.121,1520, ,1515,2,2,6,N, ,0,Y, , , , ,473988, , , ,2,0,0,1,0,1,0,0,0,0,0,0,1,1,0,0,0,0,0,0,1,0,0,0,0,0,0,0,0,0,0,0,0,0,0,8,2,39.9823,-75.2498, , 
 ,42935,2014104467,6,67,67301,2014,10,6,1948,19,3,1,0,7,4, , ,N,0,0,0,3,0,0,1,1,N,N,39 56:10.687,75 08:52.011,1957, ,1953,3,2,6,N, ,0,Y, , , , ,473994, , , ,1,1,0,0,0,0,0,0,0,0,0,0,0,0,0,0,0,0,0,0,0,0,0,0,0,0,0,0,0,0,0,0,0,0,0,0,0,39.9363,-75.1478, , 
 ,42936,2014106702,6,67,67301,2014,10,1,1148,11,1,1,0,4,1, , ,N,0,0,7,3,0,0,2,2,N,N,39 58:39.198,75 07:09.035,1153, ,1149,1,2,1,N, ,0,Y, , , , ,473998, , , ,2,1,0,0,0,0,1,0,0,0,0,0,0,0,0,0,0,0,0,0,0,0,0,0,0,0,0,0,0,0,0,0,0,0,0,0,0,39.9776,-75.1192, , 
 ,42937,2015006626,6,67,67301,2014,12,2,845,8,1,1,0,4,1, , ,N,1,3,0,3,0,2,9,2,N,N,39 56:10.582,75 11:37.939,852, ,850,1,2,5,N, ,3,N, , , , ,474008, , , ,2,1,0,1,0,0,0,0,0,0,0,2,2,0,0,0,0,0,0,0,1,1,0,0,0,0,0,0,0,0,0,0,0,0,0,4,1,39.9363,-75.1939, , 
 ,42938,2014122018,6,67,67301,2014,11,4,1303,13,1,1,0,7,5, , ,N,1,3,0,3,0,1,2,2,N,N,40 03:31.504,75 03:02.099,9999, ,1305, ,0, ,N, ,3, , , , , ,474036, , , ,1,1,0,0,0,0,0,0,0,0,0,1,1,0,0,0,0,0,0,0,0,0,0,0,0,0,0,0,0,0,0,0,0,0,0,4,0,40.0588,-75.0506, , 
 ,42939,2014125152,6,67,67301,2014,11,3,1721,17,3,1,0,1,1, , ,N,2,3,0,3,0,1,4,2,N,N,40 02:27.564,75 09:49.334,1750, ,1743, ,0, ,N, ,3, , , , , ,474041, , , ,2,1,0,0,0,0,1,0,0,0,0,0,1,1,0,0,0,0,0,0,1,0,0,0,0,0,0,0,0,0,0,0,0,0,0,8,0,40.041,-75.1637, , 
 ,42940,2014072759,6,67,67301,2014,7,3,2057,20,2,2,1,7,4, , ,N,0,0,0,3,0,1,1,1,N,N,40 02:19.903,75 00:32.485,2117, ,2102,2,1,2,N, ,0,N, , , , ,474066, , , ,1,1,0,0,0,0,0,0,0,1,0,0,1,0,0,0,0,0,0,0,0,0,0,1,0,1,0,0,0,0,0,0,0,0,0,2,0,40.0389,-75.009, , 
 ,42941,2014088061,6,67,67301,2014,7,3,1231,12,1,1,0,8,1, , ,N,1,3,0,3,0,1,2,2,N,N,39 55:17.340,75 08:50.248,1310, ,1305, ,0, , , ,3, , , , , ,474079, , , ,1,0,0,0,0,0,1,0,0,0,0,1,1,0,0,0,0,0,0,0,0,0,0,0,0,0,0,0,0,0,0,0,1,0,0,4,0,39.9215,-75.1473, , 
 ,42942,2014113282,6,67,67301,2014,10,4,715,7,1,1,0,8,1, , ,N,1,2,0,3,0,1,2,2,N,Y,39 58:39.389,75 07:52.816,845, ,830, ,0, ,N, ,3, , , , , ,474088, , , ,1,1,0,0,0,0,0,0,0,0,1,0,1,0,0,0,0,0,0,0,0,0,0,0,0,0,0,0,0,0,0,0,1,0,0,3,0,39.9776,-75.1313, , 
 ,42943,2014120306,6,67,67301,2014,11,6,920,9,1,1,0,4,1, , ,N,1,3,0,3,0,1,3,2,N,N,40 01:33.510,75 02:30.415,945, ,929,2,2,7, , ,3,Y, , , , ,477203, , , ,2,1,0,0,0,0,1,0,0,0,0,1,1,0,0,0,0,0,0,0,0,0,0,0,0,0,0,0,0,0,0,0,0,0,0,4,0,40.026,-75.0418, , 
 ,42944,2014122412,6,67,67301,2014,11,1,215,2,3,1,0,5,6, , ,N,0,0,0,3,0,0,1,2,N, ,40 04:01.682,75 09:40.701,223, ,220, ,0, , , ,0, , , , , ,477205, , , ,2,1,0,0,0,0,1,0,0,0,0,0,0,0,0,0,0,0,0,0,0,0,0,0,0,0,0,0,0,0,0,0,0,0,0,0,0,40.0671,-75.1613, , 
 ,42945,2015012320,6,67,67301,2014,11,2,1545,15,1,1,1,8,1, , ,N,2,3,0,3,0,1,2,2,N,N,40 07:04.320,74 59:28.340,2001, ,2000, ,0, ,N, ,3, , , , , ,477216, , , ,1,1,0,0,0,0,0,0,0,0,1,0,1,0,0,0,0,0,0,0,1,0,0,0,0,0,0,0,0,0,0,0,1,0,0,3,0,40.1179,-74.9912, , 
 ,42946,2014096491,6,67,67301,2014,10,4,1449,14,1,1,0,7,3, , ,N,0,0,0,3,0,0,1,1,N,N,39 54:02.532,75 09:14.799,1506, ,1455,2,2,1,N, ,0,N, , , , ,477220, , , ,1,1,0,0,0,0,0,0,0,0,0,0,0,0,0,0,0,0,0,0,0,0,0,0,0,0,0,0,0,0,0,0,0,0,0,0,0,39.9007,-75.1541, , 
 ,42947,2014119581,6,67,67301,2014,11,2,404,4,3,1,1,7,7, , ,N,0,0,0,3,0,0,2,2,N,N,39 57:38.730,75 10:54.085,515, ,503,3,1,4,N, ,0,N, , , , ,477233, , , ,2,0,0,0,0,2,0,0,0,0,0,0,0,0,0,0,0,0,0,0,0,0,0,0,0,0,0,0,0,0,0,0,0,0,0,0,1,39.9608,-75.1817, , 
 ,42948,2014122489,6,67,67301,2014,11,1,1225,12,1,1,0,1,1, , ,N,1,2,0,3,0,2,3,2,N,N,39 56:47.637,75 10:49.900,1345, ,1342, ,0, ,N, ,3, , , , , ,477235, , , ,2,1,0,0,0,0,1,0,0,0,0,0,2,2,1,0,1,0,0,0,0,0,0,0,0,0,0,0,0,0,0,0,0,0,0,8,0,39.9466,-75.1805, , 
 ,42949,2014125132,6,67,67301,2014,11,3,1015,10,1,1,0,8,1, , ,N,0,0,0,3,0,1,2,2,N, ,39 59:49.214,75 10:41.808,1035, ,1030,1,1,3, , ,0,Y, , , , ,477238, , , ,1,0,0,0,1,0,0,0,0,0,1,0,1,0,0,0,0,0,0,0,1,0,0,0,0,0,0,0,0,0,0,0,1,0,0,3,0,39.997,-75.1783, , 
 ,42950,2014122015,6,67,67301,2014,11,5,804,8,1,1,0,7,4, , ,N,1,2,0,3,0,2,2,2,N,N,39 55:26.156,75 13:19.597,905, ,857, ,0, ,N, ,3, , , , , ,477259, , , ,2,0,0,0,0,0,0,2,0,0,2,0,2,0,0,0,0,0,0,0,2,0,0,0,0,0,0,0,0,0,0,0,0,0,0,3,0,39.9239,-75.2221, , 
 ,42951,2014125038,6,67,67301,2014,12,3,9999,99,1,2,1,1,1, , ,N,1,2,0,3,0,1,2,2,N,N,40 04:15.148,75 14:28.555,1601, ,1548, ,0, ,N, ,3, , , , , ,477264, , , ,2,1,0,0,0,0,1,0,0,0,1,0,1,0,0,0,0,0,0,0,0,0,0,0,0,0,0,0,0,0,0,0,0,0,0,3,0,40.0709,-75.2413, , 
 ,42952,2015006686,6,67,67301,2014,12,3,1426,14,1,2,1,7,4, , ,N,0,0,0,3,0,1,1,1,N,N,39 58:13.169,75 11:22.862,1433, ,1426,2,2,1,N, ,0,N, , , , ,477275, , , ,1,0,0,0,0,0,1,0,0,0,0,1,1,0,0,0,0,0,0,0,1,0,0,0,0,0,0,0,0,0,0,0,0,0,0,4,0,39.9703,-75.1897, , 
 ,42953,2014067277,6,67,67301,2014,5,2,1928,19,1,1,0,7,2, , ,N,0,0,2,3,0,1,1,1,N,N,39 54:38.817,75 08:55.393,1937, ,1928,1,1,1,N, ,0,N, , , , ,477278, , , ,1,0,1,0,0,0,0,0,0,1,0,0,1,0,0,0,0,0,0,0,0,0,0,0,0,0,0,0,0,1,0,0,0,0,0,2,0,39.9108,-75.1487, , 
 ,42954,2014067542,6,67,67301,2014,5,6,1500,15,1,1,0,8,1, , ,N,2,0,0,3,0,1,2,2,N,N,40 03:29.984,75 08:49.390,1630, ,1533, ,0, ,N, ,0, , , , , ,477284, , , ,1,1,0,0,0,0,0,0,0,0,0,1,1,0,0,0,0,0,0,0,0,0,0,0,0,0,0,0,0,0,0,0,1,0,0,4,0,40.0583,-75.1471, , 
 ,42955,2014069790,6,46,46102,2014,7,3,910,9,1,1,0,4,1, , ,N,0,0,7,3,0,0,2,2,N,N,40 04:31.720,75 09:38.836,917, ,913,1,1,4,N, ,0,N, , , , ,477285, , , ,2,2,0,0,0,0,0,0,0,0,0,0,0,0,0,0,0,0,0,0,0,0,1,0,0,0,0,0,0,0,0,0,0,0,0,0,0,40.0755,-75.1608, , 
 ,42956,2014075212,6,67,67301,2014,6,4,2350,23,3,1,0,5,6, , ,N,0,0,0,3,0,0,1,6,N,N,39 55:55.725,75 10:23.016,2354, ,2352,2,2,2, , ,0,Y, , , , ,477292, , , ,6,3,0,0,0,0,3,0,0,0,0,0,0,0,1,0,0,0,0,0,1,0,0,0,0,0,0,0,0,0,0,0,0,0,0,9,0,39.9321,-75.1731, , 
 ,42957,2014088063,6,67,67301,2014,8,4,1545,15,1,1,0,8,1, , ,N,0,0,0,3,0,1,2,2,N,N,39 55:17.101,75 09:36.075,1609, ,1608, ,0, ,N, ,0, , , , , ,477302, , , ,1,0,0,0,0,0,1,0,0,0,0,1,1,0,0,0,0,0,0,0,0,1,0,0,0,0,0,0,0,0,0,0,1,0,0,4,0,39.9214,-75.16, , 
 ,42958,2014088883,6,67,67301,2014,9,2,850,8,1,1,1,4,1, , ,N,1,3,0,3,0,0,2,2,N,N,39 55:29.089,75 09:33.742,900, ,853, ,0, ,N, ,3, , , , , ,477303, , , ,2,1,0,0,0,0,1,0,0,0,0,0,0,0,0,0,0,0,0,0,0,0,0,0,0,0,0,0,0,0,0,0,0,0,0,0,0,39.9247,-75.1594, , 
 ,42959,2014091346,6,67,67301,2014,9,5,1018,10,1,1,0,4,1, , ,N,0,0,0,3,0,1,2,2,N,N,39 59:01.382,75 07:31.389,1028, ,1021, ,0, , , ,0, , , , , ,477307, , , ,1,1,0,0,0,0,0,0,1,0,0,0,1,1,0,0,0,0,1,0,0,0,0,0,0,0,0,0,0,0,0,0,0,0,0,8,0,39.9837,-75.1254, , 
 ,42960,2014098694,6,67,67301,2014,9,7,1720,17,1,1,0,4,1, , ,N,1,2,0,3,0,1,2,2,N,N,40 07:53.956,75 00:43.926,1730, ,1724, ,0, ,N, ,3, , , , , ,477311, , , ,2,2,0,0,0,0,0,0,0,0,0,0,1,1,0,0,0,0,0,0,0,0,1,0,0,0,0,0,0,0,0,0,0,0,0,8,0,40.1317,-75.0122, , 
 ,42961,2014089038,6,67,67301,2014,8,2,830,8,1,1,0,4,1, , ,N,1,3,0,3,0,1,2,3,N,N,39 57:12.441,75 13:48.482,1638, ,1632, ,0, ,N, ,3, , , , , ,468344, , , ,3,2,0,0,0,0,1,0,0,0,0,1,1,0,0,0,0,0,0,0,0,0,1,0,0,0,0,0,0,0,0,0,0,0,0,4,0,39.9535,-75.2301, , 
 ,42962,2014091473,6,67,67301,2014,9,3,1445,14,1,1,0,8,9, , ,N,1,0,0,3,0,1,2,2,N,N,40 00:48.913,75 04:06.725,1640, ,1635, ,0, ,N, ,0, , , , , ,468348, , , ,1,1,0,0,0,0,0,0,0,0,0,1,1,0,0,0,0,0,0,0,0,0,0,0,0,0,0,0,0,0,0,0,1,0,0,4,0,40.0136,-75.0685, , 
 ,42963,2014098817,6,67,67301,2014,10,1,300,3,3,1,0,7,2, , ,N,0,0,0,3,0,0,2,1,N,N,39 56:44.598,75 11:24.476,333, ,300, ,0, ,N, ,0, , , , , ,468356, , , ,1,1,0,0,0,0,0,0,0,0,0,0,0,0,0,0,0,0,0,0,0,0,0,0,0,0,0,0,0,0,0,0,0,0,0,0,0,39.9457,-75.1901, , 
 ,42964,2014099667,6,67,67301,2014,8,7,1224,12,1,1,0,7,4, , ,N,7,0,2,3,0,1,1,1,N,N,39 54:39.103,75 08:56.529,1233, ,1225,1,2,2,Y, ,0,N, , , , ,468358, , , ,1,0,1,0,0,0,0,0,0,1,0,0,1,0,0,0,0,0,0,0,0,0,0,0,0,0,0,0,0,1,0,0,0,0,0,2,0,39.9109,-75.149, , 
 ,42965,2014104428,6,67,67301,2014,10,6,106,1,3,1,0,4,1, , ,N,2,0,0,3,0,1,3,3,N,N,39 58:28.305,75 07:59.213,112, ,109, ,0, ,N, ,0, , , , , ,468363, , , ,3,2,0,0,0,0,1,0,0,0,1,0,1,0,1,0,0,0,0,0,0,0,0,0,0,0,0,0,0,0,0,0,0,0,0,3,0,39.9745,-75.1331, , 
 ,42966,2014078067,6,67,67301,2014,7,1,45,0,3,1,0,1,1, , ,N,0,0,1,3,0,1,3,2,N,N,39 57:14.866,75 10:52.441,53, ,47,2,1,4,N, ,0,N, , , , ,468367, , , ,2,1,0,0,1,0,0,0,0,0,1,0,1,0,0,0,0,0,0,1,0,0,0,0,0,0,0,0,0,0,0,0,0,0,0,3,0,39.9541,-75.1812, , 
 ,42967,2014099216,6,67,67301,2014,9,2,915,9,1,1,8,8,1,1,4,Y,2,0,0,3,0,1,2,2,N, ,39 59:18.625,75 07:40.695,1115,99,1100, ,0, , , ,0, ,U, , ,N,468387, , , ,1,0,0,0,1,0,0,0,0,0,0,1,1,0,0,0,0,0,0,0,0,0,0,0,0,0,0,0,0,0,0,0,1,0,0,4,0,39.9885,-75.128, , 
 ,42968,2014117616,6,67,67301,2014,11,3,1657,16,1,1,0,4,1, , ,N,1,3,0,3,0,0,2,2,N,N,40 03:15.670,75 09:18.658,1717, ,1715,2,2,7,N, ,3,Y, , , , ,468403, , , ,2,0,0,0,0,0,2,0,0,0,0,0,0,0,2,0,0,0,0,0,0,0,0,0,0,0,0,0,0,0,0,0,0,0,0,9,0,40.0544,-75.1552, , 
 ,42969,2014059019,6,67,67301,2014,5,3,1700,17,1,1,0,1,1, , ,N,0,0,0,3,0,1,2,2,N, ,39 54:57.359,75 09:50.513,1704, ,1702, ,0, , , ,0, , , , , ,468405, , , ,2,1,0,0,0,0,1,0,0,0,0,1,1,0,0,0,0,0,0,0,0,0,1,0,0,0,0,0,0,0,0,0,0,0,0,4,0,39.9159,-75.164, , 
 ,42970,2014127535,6,67,67301,2014,12,2,1712,17,3,1,0,8,1, , ,N,1,2,1,3,0,1,2,2,N,N,39 59:23.298,75 07:31.934,1715, ,1712, ,0, ,N, ,3, , , , , ,468422, , , ,1,0,0,0,0,0,0,0,0,0,0,1,1,0,0,0,0,0,0,0,0,0,0,0,0,0,0,0,0,0,0,0,1,0,0,4,0,39.9898,-75.1255, , 
 ,42971,2014128012,6,67,67301,2014,12,7,1355,13,1,2,1,1,1, , ,N,6,0,2,3,0,1,4,2,N,N,39 56:57.647,75 11:03.883,1428, ,1417, ,0, ,N, ,0, , , , , ,468424, , , ,2,0,0,0,0,0,2,0,0,0,0,1,1,0,1,0,0,1,0,0,1,0,0,0,0,0,0,0,0,0,0,0,0,0,0,4,0,39.9487,-75.1855, , 
 ,42972,2014084281,6,67,67301,2014,7,4,2155,21,3,2,1,4,1, , ,N,5,2,2,3,0,0,3,2,N,N,39 57:25.688,75 09:03.847,2328, ,2326, ,0, , , ,3, , , , , ,468447, , , ,2,1,0,0,0,0,1,0,0,0,0,0,0,0,0,0,0,0,0,0,0,0,0,0,0,0,0,0,0,0,0,0,0,0,0,0,0,39.9571,-75.1511, , 
 ,42973,2014116391,6,67,67301,2014,2,4,9999,99,3,1,5,7,3, , ,N,6,0,2,3,0,1,1,2,N,N,40 00:33.653,75 12:18.287,0, ,0, ,0, ,N, ,0, , , , , ,468494, , , ,1,1,0,0,0,0,0,0,0,0,0,0,1,1,0,0,0,0,0,0,0,0,0,0,0,0,0,0,0,0,0,0,0,0,0,8,0,40.0093,-75.2051, , 
 ,42974,2014122437,6,67,67301,2014,11,5,1549,15,1,2,1,1,1, , ,N,2,2,0,3,0,2,3,3,N,N,40 04:53.936,74 59:39.961,1600, ,1549, ,0, ,N, ,3, , , , , ,468510, , , ,3,1,0,0,0,0,2,0,0,0,0,0,2,2,0,0,0,0,0,0,1,0,0,0,0,0,0,0,0,0,0,0,0,0,0,8,0,40.0816,-74.9944, , 
 ,42975,2014127444,6,67,67301,2014,11,4,1755,17,3,2,1,8,1, , ,N,1,2,0,3,0,1,2,2,N, ,39 58:41.837,75 14:46.077,1800, ,1756, ,0, , , ,3, , , , , ,468516, , , ,1,1,0,0,0,0,0,0,0,0,0,0,1,1,1,0,0,0,0,0,0,0,0,0,0,0,0,0,0,0,0,0,1,0,0,8,0,39.9783,-75.2461, , 
 ,42976,2015006095,6,67,67301,2014,12,4,1050,10,1,2,1,4,1, , ,N,5,2,0,3,0,1,2,2,N,N,39 58:07.388,75 12:40.729,1112, ,1102, ,0, ,N, ,3, , , , , ,468527, , , ,2,2,0,0,0,0,0,0,0,0,0,0,1,1,0,0,0,0,0,0,2,0,0,0,0,0,0,0,0,0,0,0,0,0,0,8,0,39.9687,-75.2113, , 
 ,42977,2014111446,6,67,67301,2014,10,5,1014,10,1,1,1,1,6, , ,N,1,2,0,3,0,0,1,3,N, ,39 57:04.309,75 13:58.126,1040, ,1040, ,0, , , ,3, , , , , ,468541, , , ,3,0,0,0,0,0,3,0,0,0,0,0,0,0,0,0,0,0,0,0,1,0,0,0,0,0,0,0,0,0,0,0,0,0,0,0,0,39.9512,-75.2328, , 
 ,42978,2014113300,6,67,67301,2014,10,1,349,3,3,1,0,5,6, , ,N,0,0,0,3,0,0,1,2,N,N,39 54:38.365,75 14:53.059,527, ,514,2,2,5,N, ,0,Y, , , , ,468545, , , ,2,2,0,0,0,0,0,0,0,0,0,0,0,0,1,0,0,0,0,0,0,0,0,0,0,0,0,0,0,0,0,0,0,0,0,9,0,39.9107,-75.2481, , 
 ,42979,2014113270,6,67,67301,2014,10,4,1910,19,3,1,0,5,6, , ,N,0,0,0,3,0,0,1,2,N, ,39 57:32.424,75 09:00.961,1920, ,1916, ,0, , , ,0, , , , , ,471210, , , ,2,1,0,0,0,0,1,0,0,0,0,0,0,0,1,0,0,0,0,0,1,0,0,0,0,0,0,0,0,0,0,0,0,0,0,9,0,39.959,-75.1503, , 
 ,42980,2014115587,6,67,67301,2014,11,7,1530,15,1,2,1,1,1, , ,N,1,2,0,3,0,1,4,2,N,N,40 02:12.235,75 03:52.193,1536, ,1533,9,1,2,N, ,3,N, , , , ,471213, , , ,2,1,0,0,0,0,1,0,0,0,0,0,1,1,0,0,0,0,0,0,0,0,0,0,0,0,0,0,0,0,0,0,0,0,0,8,0,40.0366,-75.0645, , 
 ,42981,2014121435,6,67,67301,2014,11,5,1053,10,1,1,0,4,1, , ,N,1,3,0,3,0,0,2,2,N,N,39 57:54.104,75 13:06.113,1237, ,1053, ,0, ,N, ,3, , , , , ,471220, , , ,2,2,0,0,0,0,0,0,0,0,0,0,0,0,0,0,0,0,0,0,0,0,0,0,0,0,0,0,0,0,0,0,0,0,0,0,0,39.965,-75.2184, , 
 ,42982,2014120304,6,67,67301,2014,11,7,248,2,3,1,0,1,1, , ,N,1,2,0,3,0,1,4,3,N, ,39 57:17.622,75 12:31.637,310, ,307, ,0, , , ,3, , , , , ,471239, , , ,3,3,0,0,0,0,0,0,0,0,1,0,1,0,0,0,0,0,0,0,0,0,0,0,0,0,0,0,0,0,0,0,0,0,0,3,0,39.9549,-75.2087, , 
 ,42983,2014130520,6,67,67301,2014,12,3,745,7,1,2,1,8,1, , ,N,0,0,0,3,0,1,2,2,N,Y,40 00:49.312,75 08:37.888,756, ,751, ,0, ,N, ,0, , , , , ,471252, , , ,1,1,0,0,0,0,0,0,0,0,1,0,1,0,0,0,0,0,0,0,0,0,1,0,0,0,0,0,0,0,0,0,1,0,0,3,0,40.0137,-75.1439, , 
 ,42984,2014065556,6,67,67301,2014,5,2,1930,19,1,1,0,4,1, , ,N,1,2,0,3,0,1,3,2,N, ,39 58:23.617,75 11:01.532,1949, ,1930,2,1,5, , ,3,Y, , , , ,471257, , , ,2,0,0,0,0,0,2,0,0,0,0,1,1,0,0,0,0,0,0,0,1,0,0,0,0,0,0,0,0,0,0,0,0,0,0,4,0,39.9732,-75.1838, , 
 ,42985,2014081485,6,67,67301,2014,6,2,2115,21,3,1,0,4,1, , ,N,5,2,0,3,0,1,2,2,N, ,40 00:32.156,75 04:19.191,2125, ,2120, ,0, , , ,3, , , , , ,471272, , , ,2,1,0,0,0,0,1,0,0,0,0,1,1,0,0,0,0,0,0,0,0,0,0,0,0,0,0,0,0,0,0,0,0,0,0,4,0,40.0089,-75.0719, , 
 ,42986,2014088891,6,67,67301,2014,8,5,1510,15,1,1,0,5,1, , ,N,0,0,0,3,0,1,2,2,N,N,39 58:22.788,75 09:32.525,1633, ,1630, ,0, ,N, ,0, , , , , ,471280, , , ,1,0,0,0,0,0,1,0,1,0,1,0,1,0,0,0,0,0,0,0,0,0,0,0,0,0,0,0,0,0,0,0,0,0,0,3,0,39.973,-75.159, , 