wz_ln_closure,objectid_1,crn,district,county,municipality,crash_year,crash_month,day_of_week,time_of_day,hour_of_day,illumination,weather,road_condition,collision_type,relation_to_road,work_zone_type,work_zone_loc,work_zone_ind,intersect_type,tcd_type,location_type,urban_rural,fatal_count,injury_count,person_count,total_units,sch_bus_ind,sch_zone_ind,latitude,longitude,arrival_tm,cons_zone_spd_lim,dispatch_tm,est_hrs_closed,lane_closed,ln_close_dir,ntfy_hiwy_maint,spec_juris_cd,tcd_func_cd,tfc_detour_ind,workers_pres,wz_close_detour,wz_flagger,wz_law_offcr_ind,objectid,wz_moving,wz_other,wz_shlder_mdn,vehicle_count,automobile_count,motorcycle_count,bus_count,small_truck_count,heavy_truck_count,suv_count,van_count,bicycle_count,maj_inj_count,mod_inj_count,min_inj_count,tot_inj_count,unk_inj_deg_count,unk_inj_per_count,driver_count_16yr,driver_count_17yr,driver_count_18yr,driver_count_19yr,driver_count_20yr,driver_count_50_64yr,driver_count_65_74yr,driver_count_75plus,unbelted_occ_count,unb_death_count,unb_maj_inj_count,belted_death_count,belted_maj_inj_count,mcycle_death_count,mcycle_maj_inj_count,bicycle_death_count,bicycle_maj_inj_count,ped_count,ped_death_count,ped_maj_inj_count,max_severity_level,comm_veh_count,dec_lat,dec_long,rdwy_surf_type_cd,county_name
 ,42987,2014088916,6,67,67301,2014,8,7,1250,12,1,1,0,1,1, , ,N,2,2,0,3,0,1,4,2,N,N,40 05:00.849,75 01:35.146,1250, ,1250,1,1,2,N, ,3,N, , , , ,471281, , , ,2,1,0,0,1,0,0,0,0,0,0,0,1,1,1,0,0,0,0,0,0,0,0,0,0,0,0,0,0,0,0,0,0,0,0,8,0,40.0836,-75.0264, , 
 ,42988,2014088983,6,67,67301,2014,8,7,1102,11,1,1,0,4,1, , ,N,1,3,0,3,0,0,5,3,N,N,39 56:49.135,75 12:54.644,1110, ,1108, ,0, ,N, ,3, , , , , ,471282, , , ,3,2,0,0,0,0,1,0,0,0,0,0,0,0,0,0,0,0,0,0,0,1,0,2,0,0,0,0,0,0,0,0,0,0,0,0,0,39.947,-75.2152, , 
 ,42989,2014098645,6,67,67301,2014,9,7,145,1,3,1,0,7,4, , ,N,5,2,0,3,0,1,2,3,N,N,40 03:30.268,75 08:57.263,153, ,149, ,0, , , ,3, , , , , ,471290, , , ,3,3,0,0,0,0,0,0,0,0,0,1,1,0,0,0,0,1,0,0,0,0,0,0,0,0,0,0,0,0,0,0,0,0,0,4,0,40.0584,-75.1492, , 
 ,42990,2014099184,6,67,67301,2014,9,7,1310,13,1,1,0,5,1, , ,N,0,8,1,3,0,2,4,2,N,N,39 55:23.194,75 11:18.629,1310, ,1310,1,2,2,N, ,3,Y, , , , ,471291, , , ,2,0,0,0,0,0,2,0,0,0,0,0,2,2,0,0,0,0,0,0,2,0,0,0,0,0,0,0,0,0,0,0,0,0,0,8,0,39.9231,-75.1885, , 
 ,42991,2014099208,6,67,67301,2014,9,3,1540,15,1,1,0,4,1, , ,N,1,2,0,3,0,1,3,2,N,N,40 02:23.726,75 07:13.540,1623, ,1620, ,0, ,N, ,3, , , , , ,471292, , , ,2,1,0,0,0,0,1,0,0,0,0,1,1,0,0,0,0,0,0,0,0,0,0,0,0,0,0,0,0,0,0,0,0,0,0,4,0,40.0399,-75.1204, , 
 ,42992,2014104990,6,67,67301,2014,9,2,9999,99,1,1,0,4,1, , ,N,1,0,0,3,0,3,3,2,N, ,40 00:42.501,75 06:35.945,944, ,940, ,0, , , ,0, , , , , ,471295, , , ,2,2,0,0,0,0,0,0,0,0,1,2,3,0,0,0,0,0,0,0,0,0,1,0,0,0,0,0,0,0,0,0,0,0,0,3,0,40.0118,-75.11, , 
 ,42993,2014106695,6,67,67301,2014,10,6,630,6,3,1,0,8,1, , ,N,2,2,0,3,0,1,2,2,N,N,39 55:00.228,75 10:52.435,635, ,632,1,1,2,N, ,3,Y, , , , ,471298, , , ,1,1,0,0,0,0,0,0,0,0,0,0,1,1,0,0,0,0,0,0,1,0,0,0,0,0,0,0,0,0,0,0,1,0,0,8,0,39.9167,-75.1812, , 
 ,42994,2014104494,6,67,67301,2014,10,7,1850,18,3,2,1,4,1, , ,N,1,3,0,3,0,1,2,2,N,N,40 01:43.798,75 04:31.490,1856, ,1851, ,0, ,N, ,3, , , , , ,471309, , , ,1,1,0,0,0,0,0,0,1,0,0,1,1,0,0,0,0,0,0,0,0,0,0,0,0,0,0,0,0,0,0,0,0,0,0,4,0,40.0288,-75.0754, , 
 ,42995,2014127460,6,67,67301,2014,12,3,200,2,3,1,0,7,4, , ,N,0,0,0,3,0,1,1,1,N,N,40 01:10.694,75 09:38.022,218, ,212, ,0, ,N, ,0, , , , , ,471326, , , ,1,0,0,0,0,0,1,0,0,0,0,0,1,1,0,0,0,0,0,0,0,0,0,0,0,0,0,0,0,0,0,0,0,0,0,8,0,40.0196,-75.1606, , 
 ,42996,2014130535,6,67,67301,2014,12,4,1923,19,3,1,0,8,1, , ,N,1,3,0,3,0,1,2,2,N,N,40 01:45.825,75 08:13.473,1924, ,1924,9,1,4,N, ,3,N, , , , ,471332, , , ,1,1,0,0,0,0,0,0,0,0,0,1,1,0,0,0,0,0,0,0,0,0,0,0,0,0,0,0,0,0,0,0,1,0,0,4,0,40.0294,-75.1371, , 
 ,42997,2014084448,6,67,67301,2014,7,2,932,9,1,1,0,4,1, , ,N,1,2,0,3,0,1,5,2,N,N,39 56:23.459,75 12:41.033,937, ,934, ,0, , , ,3, , , , , ,474101, , , ,2,0,1,0,0,1,0,0,0,0,0,1,1,0,0,0,0,0,0,0,1,0,0,0,0,0,0,0,0,0,0,0,0,0,0,4,1,39.9398,-75.2114, , 
 ,42998,2014088865,6,67,67301,2014,8,7,1641,16,1,1,0,4,1, , ,N,1,2,0,3,0,1,2,2,N, ,39 58:47.528,75 08:34.317,1645, ,1641, ,0, , , ,3, , , , , ,474104, , , ,2,0,0,0,0,0,2,0,0,0,0,0,1,1,0,0,0,0,0,0,0,1,0,0,0,0,0,0,0,0,0,0,0,0,0,8,0,39.9799,-75.1429, , 
 ,42999,2014089729,6,67,67301,2014,8,7,1807,18,1,2,0,4,1, , ,N,1,3,0,3,0,1,3,2,N,N,39 59:42.417,75 07:38.521,1807, ,1807, ,0, ,N, ,3, , , , , ,474106, , , ,2,2,0,0,0,0,0,0,0,0,0,1,1,0,0,0,0,1,0,0,0,0,0,2,0,0,0,0,0,0,0,0,0,0,0,4,0,39.9951,-75.1274, , 
 ,43000,2014096808,6,67,67301,2014,9,5,2028,20,3,1,0,4,1, , ,N,1,0,2,3,0,1,2,2,N,N,40 00:53.487,75 12:23.665,2030, ,2028, ,0, , , ,0, , , , , ,474113, , , ,2,1,0,0,0,0,1,0,0,0,0,1,1,0,0,0,0,0,0,0,0,0,0,0,0,0,0,0,0,0,0,0,0,0,0,4,0,40.0149,-75.2067, , 
 ,43001,2014120939,6,67,67301,2014,10,2,1412,14,1,1,0,1,1, , ,N,0,0,0,3,0,1,2,2,N, ,39 59:37.422,75 09:10.510,9999, ,9999, ,0, , , ,0, , , , , ,474130, , , ,2,2,0,0,0,0,0,0,0,0,0,1,1,0,0,0,0,0,0,0,0,0,0,0,0,0,0,0,0,0,0,0,0,0,0,4,0,39.9937,-75.1529, , 
 ,43002,2014131934,6,67,67301,2014,12,4,1505,15,1,6,1,7,2, , ,N,0,0,0,3,0,2,2,1,N,N,39 58:57.309,75 12:27.900,1510, ,1510, ,0, ,N, ,0, , , , , ,474133, , , ,1,0,0,0,1,0,0,0,0,0,0,0,2,2,0,0,0,0,0,0,0,0,0,0,0,0,0,0,0,0,0,0,0,0,0,8,0,39.9826,-75.2078, , 
 ,43003,2014111387,6,67,67301,2014,10,5,1531,15,1,1,0,1,1, , ,N,1,0,0,3,0,0,4,2,N,N,39 59:28.204,75 14:52.677,1535, ,1532, ,0, ,N, ,0, , , , , ,474137, , , ,2,0,0,0,0,0,2,0,0,0,0,0,0,0,0,0,0,0,0,0,1,0,0,0,0,0,0,0,0,0,0,0,0,0,0,0,0,39.9911,-75.2479, , 
 ,43004,2014112726,6,67,67301,2014,6,2,1510,15,1,1,0,4,1, , ,N,1,2,0,3,0,2,3,2,N,N,40 00:54.079,75 08:06.611,0, ,0, ,0, ,N, ,3, , , , , ,474139, , , ,2,0,0,0,0,0,0,0,0,0,1,0,2,1,0,0,0,0,0,0,0,0,1,0,0,0,0,0,0,0,0,0,0,0,0,3,0,40.015,-75.1352, , 
 ,43005,2014115064,6,67,67301,2014,7,7,1545,15,1,9,0,4,1, , ,N,3,3,0,3,0,0,2,2,N,N,39 58:35.832,75 11:21.931,0, ,0, ,0, ,N, ,3, , , , , ,474142, , , ,2,1,0,0,0,0,1,0,0,0,0,0,0,0,1,0,0,0,0,0,0,0,0,0,0,0,0,0,0,0,0,0,0,0,0,9,0,39.9765,-75.1894, , 
 ,43006,2014118308,6,67,67301,2014,11,7,2210,22,3,1,0,1,1, , ,N,0,0,0,3,0,0,5,2,N,N,39 55:38.472,75 11:43.206,2237, ,2226,2,1,3,N, ,0,N, , , , ,474146, , , ,2,1,0,0,0,0,0,1,0,0,0,0,0,0,0,0,0,0,0,0,0,0,0,0,0,0,0,0,0,0,0,0,0,0,0,0,0,39.9274,-75.1953, , 
 ,43007,2014111459,6,67,67301,2014,10,5,756,7,1,2,1,4,1, , ,N,1,3,0,3,0,1,2,2,N,N,39 58:14.952,75 09:52.433,801, ,757, ,0, ,N, ,3, , , , , ,474162, , , ,1,1,0,0,0,0,0,0,1,0,0,1,1,0,0,0,0,0,0,0,0,0,0,0,0,0,0,0,0,0,0,0,0,0,0,4,0,39.9708,-75.1646, , 
 ,43008,2014113456,6,67,67301,2014,10,6,950,9,1,1,0,4,1, , ,N,1,3,0,3,0,1,3,2,N,N,39 57:48.643,75 11:29.421,1000, ,955,1,1,2,N, ,3,N, , , , ,474164, , , ,2,1,0,0,0,1,0,0,0,0,0,0,1,1,0,0,0,0,0,0,0,0,0,0,0,0,0,0,0,0,0,0,0,0,0,8,1,39.9635,-75.1915, , 
 ,43009,2014120858,6,67,67301,2014,11,5,9999,99,3,2,1,1,1, , ,N,5,2,0,3,0,2,5,4,N,N,40 02:25.526,75 03:55.923,1959, ,1958,1,1,2, , ,3,N, , , , ,474170, , , ,4,2,0,0,0,0,0,1,0,0,0,2,2,0,0,0,0,0,0,0,0,0,0,0,0,0,0,0,0,0,0,0,0,0,0,4,0,40.0404,-75.0655, , 
 ,43010,2014121624,6,67,67301,2014,12,2,855,8,1,1,0,1,1, , ,N,0,0,0,3,0,1,2,2,N,N,39 59:37.095,75 11:57.882,910, ,855,2,1,4,N, ,0,N, , , , ,474171, , , ,2,1,0,0,0,1,0,0,0,0,1,0,1,0,0,0,0,0,0,0,0,0,0,0,0,0,0,0,0,0,0,0,0,0,0,3,1,39.9936,-75.1994, , 
 ,43011,2014129488,6,67,67301,2014,12,1,1729,17,3,1,0,0,1, , ,N,0,0,0,3,0,0,1,1,N,N,39 59:09.148,75 05:35.304,1742, ,1742, ,0, ,N, ,0, , , , , ,474194, , , ,1,1,0,0,0,0,0,0,0,0,0,0,0,0,0,0,0,0,0,0,0,0,0,0,0,0,0,0,0,0,0,0,0,0,0,0,0,39.9859,-75.0931, , 
 ,43012,2014106667,6,67,67301,2014,10,5,2333,23,3,1,0,4,1, , ,N,2,2,0,3,0,0,2,2,N,N,40 04:57.003,75 02:25.844,2334, ,2333, ,0, ,N, ,3, , , , , ,474216, , , ,2,2,0,0,0,0,0,0,0,0,0,0,0,0,0,0,0,0,0,0,0,0,0,0,0,0,0,0,0,0,0,0,0,0,0,0,0,40.0825,-75.0405, , 
 ,43013,2014096849,6,67,67301,2014,9,1,1800,18,1,1,0,1,1, , ,N,0,0,0,3,0,1,5,4,N,N,40 02:56.772,75 01:57.926,1812, ,1810,1,1,4,N, ,0,N, , , , ,474314, , , ,4,2,0,0,0,0,1,1,0,0,0,0,1,1,4,0,0,0,0,0,1,0,0,0,0,0,0,0,0,0,0,0,0,0,0,8,0,40.0491,-75.0328, , 
 ,43014,2014104581,6,67,67301,2014,10,4,1355,13,1,1,0,4,1, , ,N,1,3,0,3,0,0,2,2,N,N,39 58:33.106,75 12:22.514,1559, ,1556, ,0, ,N, ,3, , , , , ,474320, , , ,2,1,0,0,0,0,1,0,0,0,0,0,0,0,1,0,0,0,0,0,1,1,0,0,0,0,0,0,0,0,0,0,0,0,0,9,0,39.9759,-75.2063, , 
 ,43015,2014117593,6,67,67301,2014,10,6,946,9,1,1,0,4,1, , ,N,0,0,7,3,0,2,3,2,N,N,40 00:27.154,75 07:40.551,955, ,948, ,0, ,N, ,0, , , , , ,476297, , , ,2,2,0,0,0,0,0,0,0,0,0,2,2,0,0,0,0,0,0,0,1,0,0,0,0,0,0,0,0,0,0,0,0,0,0,4,0,40.0075,-75.1279, , 
 ,43016,2014130456,6,67,67301,2014,12,6,41,0,3,1,0,4,1, , ,N,1,2,0,3,0,0,2,2,N,N,40 04:28.594,75 02:06.267,43, ,42,1,1,2,N, ,3,Y, , , , ,476307, , , ,2,1,0,1,0,0,0,0,0,0,0,0,0,0,0,0,0,0,0,0,1,0,0,0,0,0,0,0,0,0,0,0,0,0,0,0,1,40.0746,-75.0351, , 
 ,43017,2014130522,6,67,67301,2014,12,3,1515,15,1,2,1,4,1, , ,N,1,3,0,3,0,1,2,2,N,N,39 57:43.221,75 11:33.907,1717, ,1716, ,0, ,N, ,3, , , , , ,476308, , , ,2,1,0,0,0,0,1,0,0,0,0,0,1,1,0,0,0,0,0,0,0,0,0,0,0,0,0,0,0,0,0,0,0,0,0,8,0,39.962,-75.1928, , 
 ,43018,2014065554,6,67,67301,2014,5,7,233,2,3,1,0,4,1, , ,N,5,2,0,3,1,0,3,2,N,N,39 58:10.092,75 08:22.485,239, ,237,4,2,3,N,0,3,Y, , , , ,476336, , , ,1,1,0,0,0,0,0,0,1,0,0,0,0,0,0,0,0,0,0,0,0,0,0,0,0,0,0,0,0,0,1,0,0,0,0,1,0,39.9695,-75.1395,2, 
 ,43019,2014081502,6,46,46102,2014,8,5,1735,17,1,1,0,8,1, , ,N,2,2,0,3,0,1,3,2,N,N,40 03:16.724,75 07:29.999,1735, ,1735, ,0, ,N, ,3, , , , , ,476347, , , ,1,1,0,0,0,0,0,0,1,0,0,1,1,0,0,0,0,0,0,0,0,0,0,0,0,0,0,0,0,0,0,0,0,0,0,4,0,40.0546,-75.125, , 
 ,43020,2014084360,6,67,67301,2014,7,4,1029,10,1,1,0,8,1, , ,N,2,2,0,3,0,1,2,2,N, ,40 01:19.837,75 13:05.894,1034, ,1029, ,0, , , ,3, , , , , ,476367, , , ,1,1,0,0,0,0,0,0,0,0,0,0,1,1,0,0,0,0,0,0,0,0,0,0,0,0,0,0,0,0,0,0,1,0,0,8,0,40.0222,-75.2183, , 
 ,43021,2014087842,6,67,67301,2014,7,4,1900,19,1,1,0,1,1, , ,N,3,2,0,3,0,1,2,2,N,N,40 03:12.351,75 00:30.527,2025, ,2025, ,0, ,N, ,3, , , , , ,476371, , , ,2,1,0,0,0,0,1,0,0,0,0,1,1,0,1,0,0,0,0,0,0,0,0,0,0,0,0,0,0,0,0,0,0,0,0,4,0,40.0536,-75.0085, , 
 ,43022,2014111461,6,67,67301,2014,10,6,315,3,3,1,0,7,4, , ,N,4,0,0,3,0,1,1,1,N,N,40 01:05.357,75 05:50.528,324, ,320, ,0, ,N, ,0, , , , , ,476392, , , ,1,1,0,0,0,0,0,0,0,0,0,1,1,0,0,0,0,0,0,0,0,0,0,0,0,0,0,0,0,0,0,0,0,0,0,4,0,40.0182,-75.0974, , 
 ,43023,2014115643,6,67,67301,2014,10,5,810,8,1,1,0,8,1, , ,N,1,3,0,3,0,1,2,2,N,N,39 58:31.324,75 09:17.085,852, ,845, ,0, ,N, ,3, , , , , ,476400, , , ,1,1,0,0,0,0,0,0,0,0,0,0,1,1,0,0,0,0,0,0,1,0,0,0,0,0,0,0,0,0,0,0,1,0,0,8,0,39.9754,-75.1547, , 
 ,43024,2015006607,6,67,67301,2014,12,6,435,4,3,1,0,6,1, , ,N,1,2,0,3,0,2,3,2,N,N,39 56:36.006,75 12:39.070,445, ,443, ,0, ,N, ,3, , , , , ,476546, , , ,2,2,0,0,0,0,0,0,0,0,0,0,2,2,0,0,0,0,0,1,1,0,0,0,0,0,0,0,0,0,0,0,0,0,0,8,0,39.9433,-75.2109, , 
 ,43025,2014098736,6,67,67301,2014,9,2,920,9,1,1,0,4,1, , ,N,0,0,0,3,0,1,2,2,N,N,40 03:37.349,75 05:05.809,940, ,935, ,0, ,N, ,0, , , , , ,476550, , , ,1,1,0,0,0,0,0,0,1,0,0,1,1,0,0,0,0,0,0,0,1,0,0,0,0,0,0,0,0,0,0,0,0,0,0,4,0,40.0604,-75.0849, , 
 ,43026,2014089068,6,67,67301,2014,8,6,1239,12,1,1,0,4,1, , ,N,0,0,7,3,0,1,3,2,N, ,39 58:53.912,75 11:28.619,1300, ,1255, ,0, , , ,0, , , , , ,476569, , , ,2,1,0,0,0,0,1,0,0,0,0,1,1,0,0,0,0,0,0,0,1,0,0,0,0,0,0,0,0,0,0,0,0,0,0,4,0,39.9816,-75.1913, , 
 ,43027,2014098693,6,67,67301,2014,9,5,644,6,1,1,0,4,1, , ,N,1,2,0,3,1,0,3,3,N,N,40 07:43.802,75 00:49.406,720, ,714,2,2,1,N,0,3,Y, , , , ,476581, , , ,3,1,1,0,1,0,0,0,0,0,0,0,0,0,0,0,0,0,0,0,1,0,0,0,0,0,0,0,1,0,0,0,0,0,0,1,0,40.1288,-75.0137,2, 
 ,43028,2014068640,6,67,67301,2014,5,2,405,4,3,1,0,5,6, , ,N,0,0,0,3,0,0,1,2,N, ,40 04:06.422,75 14:25.068,420, ,419, ,0, , , ,0, , , , , ,476597, , , ,2,2,0,0,0,0,0,0,0,0,0,0,0,0,0,0,0,0,0,0,0,0,0,0,0,0,0,0,0,0,0,0,0,0,0,0,0,40.0685,-75.2403, , 
 ,43029,2014068673,6,67,67301,2014,6,4,251,2,3,1,0,5,6, , ,N,0,0,0,3,0,0,1,4,N,N,40 01:40.260,75 06:32.959,257, ,251,2,2,1, , ,0,Y, , , , ,476598, , , ,4,2,0,0,1,0,1,0,0,0,0,0,0,0,1,0,0,0,0,0,0,0,0,0,0,0,0,0,0,0,0,0,0,0,0,9,0,40.0279,-75.1092, , 
 ,43030,2014067921,6,67,67301,2014,5,3,9999,99,1,2,1,4,1, , ,N,1,2,0,3,0,1,2,2,N, ,39 59:44.224,75 10:03.233,243, ,240, ,0, , , ,1, , , , , ,476617, , , ,2,2,0,0,0,0,0,0,0,0,0,1,1,0,0,0,0,0,0,0,0,1,0,0,0,0,0,0,0,0,0,0,0,0,0,4,0,39.9956,-75.1675, , 
 ,43031,2014088282,6,67,67301,2014,7,3,1525,15,1,1,0,1,1, , ,N,0,0,7,3,0,1,4,2,N, ,39 56:42.800,75 14:22.441,1636, ,1631,2,1,2, , ,0,N, , , , ,476637, , , ,2,2,0,0,0,0,0,0,0,0,0,1,1,0,0,0,0,0,0,0,1,0,0,0,0,0,0,0,0,0,0,0,0,0,0,4,0,39.9452,-75.2396, , 
 ,43032,2014089712,6,67,67301,2014,7,6,730,7,1,1,0,4,1, , ,N,1,3,0,3,0,1,3,2,N, ,39 55:57.104,75 10:28.167,736, ,731, ,0, , , ,3, , , , , ,476641, , , ,1,1,0,0,0,0,0,0,1,0,1,0,1,0,0,0,0,0,0,0,0,0,0,1,0,0,0,0,0,0,0,0,0,0,0,3,0,39.9325,-75.1745, , 
 ,43033,2014113418,6,67,67301,2014,10,2,2010,20,3,1,0,1,1, , ,N,2,0,0,3,0,2,3,3,N,N,40 04:25.251,74 58:48.825,2030, ,2020,2,1,2,N, ,0,N, , , , ,468546, , , ,3,1,0,0,0,0,1,1,0,0,0,2,2,0,0,0,0,0,1,0,0,0,0,0,0,0,0,0,0,0,0,0,0,0,0,4,0,40.0737,-74.9802, , 
 ,43034,2015002701,6,67,67301,2014,12,3,1830,18,3,2,1,8,1, , ,N,1,2,0,3,0,1,2,2,N,N,40 03:20.764,75 09:31.951,1951, ,1950, ,0, ,N, ,3, , , , , ,468560, , , ,1,0,0,0,0,0,1,0,0,0,0,0,1,1,0,0,0,0,0,0,0,0,0,1,0,0,0,0,0,0,0,0,1,0,0,8,0,40.0558,-75.1589, , 
 ,43035,2014120857,6,67,67301,2014,11,6,617,6,1,1,0,1,1, , ,N,1,2,0,3,0,1,2,2,N,N,39 57:35.260,75 13:22.523,619, ,617,2,1,4,N, ,3,Y, , , , ,468570, , , ,2,0,0,0,0,0,1,0,0,0,0,0,1,1,0,0,0,0,0,0,0,0,0,0,0,0,0,0,0,0,0,0,0,0,0,8,0,39.9597,-75.2229, , 
 ,43036,2015002772,6,67,67301,2014,12,6,1309,13,1,1,0,4,1, , ,N,2,2,0,3,0,0,2,2,N,N,39 53:31.043,75 14:31.507,1310, ,1310, ,0, ,N, ,3, , , , , ,468579, , , ,2,2,0,0,0,0,0,0,0,0,0,0,0,0,0,0,0,0,1,0,0,0,0,0,0,0,0,0,0,0,0,0,0,0,0,0,0,39.8919,-75.2419, , 
 ,43037,2014104612,6,67,67301,2014,10,7,100,1,3,2,1,1,1, , ,N,1,3,0,3,0,0,2,2,N, ,40 00:40.819,75 04:37.389,140, ,132, ,0, , , ,3, , , , , ,468586, , , ,2,1,0,0,0,1,0,0,0,0,0,0,0,0,0,0,0,0,0,0,0,0,0,0,0,0,0,0,0,0,0,0,0,0,0,0,1,40.0113,-75.0771, , 
 ,43038,2014086843,6,67,67301,2014,8,7,348,3,3,1,0,1,1, , ,N,0,0,0,3,0,0,2,2,N,N,40 02:26.758,75 03:28.253,358, ,352,2,1,1,N, ,0,N, , , , ,468615, , , ,2,1,0,0,1,0,0,0,0,0,0,0,0,0,0,0,0,0,0,0,2,0,0,2,0,0,0,0,0,0,0,0,0,0,0,0,0,40.0408,-75.0578, , 
 ,43039,2014095867,6,67,67301,2014,9,6,1616,16,1,1,0,4,1, , ,N,0,0,0,3,0,1,2,2,N,N,39 58:30.934,75 09:31.240,1619, ,1617,1,1,2,N, ,0,N, , , , ,468624, , , ,2,1,0,0,1,0,0,0,0,0,0,0,1,1,1,0,0,0,0,0,0,0,0,0,0,0,0,0,0,0,0,0,0,0,0,8,0,39.9753,-75.1587, , 
 ,43040,2014111511,6,67,67301,2014,10,2,1630,16,1,1,0,8,1, , ,N,1,0,0,3,0,1,2,2,N, ,40 01:36.217,75 03:22.736,1935, ,1933, ,0, , , ,0, , , , , ,468636, , , ,1,0,0,0,0,0,1,0,0,0,0,0,1,1,1,0,0,0,0,0,0,0,0,0,0,0,0,0,0,0,0,0,1,0,0,8,0,40.0267,-75.0563, , 
 ,43041,2014113432,6,67,67301,2014,9,1,1055,10,1,1,0,4,1, , ,N,1,2,0,3,0,0,4,2,N,N,39 57:22.453,75 11:38.974,1055, ,1055, ,0, ,N, ,3, , , , , ,468646, , , ,2,1,0,0,0,0,1,0,0,0,0,0,0,0,0,0,0,0,0,0,1,0,0,0,0,0,0,0,0,0,0,0,0,0,0,0,0,39.9562,-75.1941, , 
 ,43042,2014098720,6,67,67301,2014,9,5,2331,23,3,1,0,4,1, , ,N,1,2,0,3,0,1,2,2,N, ,40 00:46.940,75 07:10.109,2345, ,2338,2,2,2, , ,3,N, , , , ,468659, , , ,2,1,0,0,0,0,1,0,0,0,1,0,1,0,0,0,0,0,0,0,1,0,0,0,0,0,0,0,0,0,0,0,0,0,0,3,0,40.013,-75.1194, , 
Y,43043,2014100551,6,67,67301,2014,10,5,1445,14,1,1,0,1,1,1,4,Y,0,0,0,3,0,1,3,2,N,N,40 01:54.111,75 01:17.286,1607,45,1501,3,1,2,N, ,0,N,Y,N,N,N,468663,Y,N,Y,2,0,0,0,0,0,2,0,0,0,0,1,1,0,0,0,0,0,0,0,0,0,0,1,0,0,0,0,0,0,0,0,0,0,0,4,0,40.0317,-75.0215, , 
 ,43044,2014063915,6,67,67301,2014,6,3,1115,11,1,1,0,5,1, , ,N,0,0,3,3,0,0,2,2,N,N,39 54:34.075,75 09:19.591,1115, ,1115, ,0, ,N, ,0, , , , , ,468669, , , ,2,1,0,0,1,0,0,0,0,0,0,0,0,0,0,0,0,0,0,0,1,0,0,0,0,0,0,0,0,0,0,0,0,0,0,0,0,39.9095,-75.1554, , 
N,43045,2014074191,6,67,67301,2014,7,7,1956,19,3,1,0,7,4,1,4,Y,0,0,0,3,0,0,1,1,N,N,39 58:04.125,75 07:53.281,2014,45,1958,1,1,2,Y, ,0,N,N,N,N,N,468683,N,N,Y,1,1,0,0,0,0,0,0,0,0,0,0,0,0,0,0,0,0,0,0,0,0,0,0,0,0,0,0,0,0,0,0,0,0,0,0,0,39.9678,-75.1315, , 
 ,43046,2014095923,6,67,67301,2014,9,4,755,7,1,1,0,8,1, , ,N,1,2,0,3,0,1,2,2,N,N,40 01:49.440,75 10:49.133,835, ,830, ,0, ,N, ,3, , , , , ,468701, , , ,1,0,0,0,0,0,0,1,0,0,0,1,1,0,0,0,0,0,0,0,0,0,0,0,0,0,0,0,0,0,0,0,1,0,0,4,0,40.0304,-75.1803, , 
 ,43047,2014069440,6,67,67301,2014,6,7,1920,19,1,1,0,4,1, , ,N,1,2,0,3,0,2,3,2,N, ,39 58:52.935,75 08:33.241,1930, ,1924, ,0, , , ,2, , , , , ,468716, , , ,2,1,0,0,0,0,0,0,0,1,0,1,2,0,0,0,0,0,0,0,0,0,0,1,0,0,0,0,0,0,0,0,0,0,0,2,0,39.9814,-75.1426, , 
 ,43048,2014081494,6,67,67301,2014,6,1,2300,23,3,1,0,7,3, , ,N,1,2,0,3,0,1,1,1,N, ,40 01:31.669,75 07:24.547,2310, ,2303, ,0, , , ,3, , , , , ,468727, , , ,1,1,0,0,0,0,0,0,0,0,0,1,1,0,0,0,0,0,0,0,1,0,0,0,0,0,0,0,0,0,0,0,0,0,0,4,0,40.0255,-75.1235, , 
 ,43049,2014084237,6,67,67301,2014,7,5,230,2,3,9,0,8,1, , ,N,0,0,0,3,0,1,2,2,N, ,39 55:34.571,75 11:03.818,2140, ,2132, ,0, , , ,0, , , , , ,468729, , , ,1,0,0,0,0,0,0,0,0,0,0,0,1,1,0,0,0,0,0,0,0,0,0,0,0,0,0,0,0,0,0,0,1,0,0,8,0,39.9263,-75.1844, , 
 ,43050,2014084249,6,67,67301,2014,7,3,1112,11,1,1,0,4,1, , ,N,1,2,0,3,0,1,2,2,N,N,39 58:24.945,75 09:06.901,1115, ,1114, ,0, ,N, ,3, , , , , ,468730, , , ,1,0,0,0,0,0,1,0,1,0,0,0,1,1,0,0,0,0,0,0,0,0,0,0,0,0,0,0,0,0,0,0,0,0,0,8,0,39.9736,-75.1519, , 
 ,43051,2015002725,6,67,67301,2014,12,4,1147,11,1,1,0,6,6, , ,N,0,0,0,3,0,0,1,2,N,N,40 00:06.390,75 07:03.242,1150, ,1148, ,0, ,N, ,0, , , , , ,471337, , , ,2,0,0,0,1,0,1,0,0,0,0,0,0,0,0,0,0,0,0,0,0,0,0,0,0,0,0,0,0,0,0,0,0,0,0,0,0,40.0018,-75.1176, , 
 ,43052,2015002766,6,67,67301,2014,12,4,1948,19,3,4,1,4,1, , ,N,1,3,0,3,0,0,2,2,N,N,40 02:42.126,75 08:10.723,1953, ,1948, ,0, ,N, ,3, , , , , ,471338, , , ,2,1,0,0,0,0,1,0,0,0,0,0,0,0,2,0,0,0,0,0,0,0,0,0,0,0,0,0,0,0,0,0,0,0,0,9,0,40.045,-75.1363, , 
 ,43053,2015002670,6,67,67301,2014,12,4,2200,22,3,1,0,4,1, , ,N,0,0,7,3,0,0,2,2,N,N,40 01:48.686,75 12:24.396,2207, ,2204, ,0, ,N, ,0, , , , , ,471347, , , ,2,2,0,0,0,0,0,0,0,0,0,0,0,0,0,0,0,0,0,0,0,0,0,0,0,0,0,0,0,0,0,0,0,0,0,0,0,40.0302,-75.2068, , 