wz_ln_closure,objectid_1,crn,district,county,municipality,crash_year,crash_month,day_of_week,time_of_day,hour_of_day,illumination,weather,road_condition,collision_type,relation_to_road,work_zone_type,work_zone_loc,work_zone_ind,intersect_type,tcd_type,location_type,urban_rural,fatal_count,injury_count,person_count,total_units,sch_bus_ind,sch_zone_ind,latitude,longitude,arrival_tm,cons_zone_spd_lim,dispatch_tm,est_hrs_closed,lane_closed,ln_close_dir,ntfy_hiwy_maint,spec_juris_cd,tcd_func_cd,tfc_detour_ind,workers_pres,wz_close_detour,wz_flagger,wz_law_offcr_ind,objectid,wz_moving,wz_other,wz_shlder_mdn,vehicle_count,automobile_count,motorcycle_count,bus_count,small_truck_count,heavy_truck_count,suv_count,van_count,bicycle_count,maj_inj_count,mod_inj_count,min_inj_count,tot_inj_count,unk_inj_deg_count,unk_inj_per_count,driver_count_16yr,driver_count_17yr,driver_count_18yr,driver_count_19yr,driver_count_20yr,driver_count_50_64yr,driver_count_65_74yr,driver_count_75plus,unbelted_occ_count,unb_death_count,unb_maj_inj_count,belted_death_count,belted_maj_inj_count,mcycle_death_count,mcycle_maj_inj_count,bicycle_death_count,bicycle_maj_inj_count,ped_count,ped_death_count,ped_maj_inj_count,max_severity_level,comm_veh_count,dec_lat,dec_long,rdwy_surf_type_cd,county_name
 ,43253,2014084170,6,67,67301,2014,7,6,1545,15,1,1,0,4,1, , ,N,1,2,0,3,0,0,2,2,N,N,39 57:09.508,75 10:41.403,1615, ,1600,1,2,2,N, ,3,Y, , , , ,469082, , , ,2,2,0,0,0,0,0,0,0,0,0,0,0,0,0,0,0,0,0,0,1,0,0,0,0,0,0,0,0,0,0,0,0,0,0,0,0,39.9526,-75.1781, , 
 ,43254,2014088119,6,67,67301,2014,7,5,813,8,1,1,0,1,1, , ,N,0,0,0,3,0,0,3,2,N,N,39 54:29.855,75 14:30.364,824, ,820,1,1,2,N, ,0,N, , , , ,469084, , , ,2,2,0,0,0,0,0,0,0,0,0,0,0,0,0,0,0,0,0,0,0,0,0,0,0,0,0,0,0,0,0,0,0,0,0,0,0,39.9083,-75.2418, , 
 ,43255,2014088343,6,67,67301,2014,7,7,1454,14,1,1,0,4,1, , ,N,1,3,0,3,0,0,3,3,N, ,40 04:36.212,75 10:34.207,1511, ,1458, ,0, , , ,3, , , , , ,469085, , , ,3,3,0,0,0,0,0,0,0,0,0,0,0,0,0,0,0,0,0,0,2,0,0,0,0,0,0,0,0,0,0,0,0,0,0,0,0,40.0767,-75.1762, , 
 ,43256,2014049475,6,67,67301,2014,3,5,1610,16,1,1,0,8,1, , ,N,1,2,0,3,0,1,2,2,N, ,39 59:03.239,75 05:56.509,1615, ,1614, ,0, , , ,3, , , , , ,469102, , , ,1,1,0,0,0,0,0,0,0,0,0,1,1,0,0,0,0,0,0,0,0,0,0,0,0,0,0,0,0,0,0,0,1,0,0,4,0,39.9842,-75.099, , 
 ,43257,2014054628,6,67,67301,2014,4,4,1839,18,1,1,0,4,1, , ,N,1,2,0,3,0,4,5,2,N, ,40 00:11.036,75 09:51.469,1844, ,1841,1,2,3, , ,3,Y, , , , ,469110, , , ,2,0,0,0,0,0,0,2,0,0,0,3,4,1,0,0,0,0,0,0,0,1,0,0,0,0,0,0,0,0,0,0,0,0,0,4,0,40.0031,-75.1643, , 
 ,43258,2014078813,6,67,67301,2014,6,3,1620,16,1,8,1,5,1, , ,N,0,0,0,3,0,1,2,3,N, ,39 58:34.329,75 12:47.049,1720, ,1712,3,1,1,N, ,0,N, , , , ,469129, , , ,3,3,0,0,0,0,0,0,0,0,1,0,1,0,0,0,0,0,0,0,1,0,0,0,0,0,0,0,0,0,0,0,0,0,0,3,0,39.9762,-75.2131, , 
 ,43259,2014084350,6,67,67301,2014,6,2,1430,14,1,1,0,8,1, , ,N,1,2,0,3,0,1,2,2,N, ,39 56:59.816,75 10:08.819,1455, ,1450, ,0, , , ,3, , , , , ,469144, , , ,1,0,0,0,0,0,0,1,0,0,0,0,1,1,0,0,0,0,0,0,1,0,0,0,0,0,0,0,0,0,0,0,1,0,0,8,0,39.9499,-75.169, , 
 ,43260,2014087973,6,67,67301,2014,7,7,300,3,3,1,0,7,5, , ,N,0,0,0,3,0,0,1,1,N, ,39 57:17.114,75 12:27.656,435, ,430, ,0, , , ,0, , , , , ,469147, , , ,1,0,0,0,0,0,1,0,0,0,0,0,0,0,0,0,0,0,0,0,0,0,0,0,0,0,0,0,0,0,0,0,0,0,0,0,0,39.9548,-75.2077, , 
 ,43261,2014088085,6,67,67301,2014,7,7,815,8,1,1,0,1,1, , ,N,0,0,0,3,0,1,2,2,N,N,39 56:03.367,75 08:34.366,823, ,818, ,0, , , ,0, , , , , ,469148, , , ,2,2,0,0,0,0,0,0,0,0,0,0,1,1,0,0,1,0,0,0,0,0,0,0,0,0,0,0,0,0,0,0,0,0,0,8,0,39.9343,-75.1429, , 
 ,43262,2014095852,6,67,67301,2014,9,6,1934,19,1,1,0,4,1, , ,N,5,2,2,3,0,1,3,2,N, ,39 57:26.357,75 08:38.887,1937, ,1936,2,1,4, , ,3,N, , , , ,469155, , , ,2,1,0,0,0,0,1,0,0,0,0,1,1,0,0,0,0,0,0,0,0,0,0,0,0,0,0,0,0,0,0,0,0,0,0,4,0,39.9573,-75.1441, , 
 ,43263,2014098671,6,67,67301,2014,9,3,2315,23,3,1,0,1,1, , ,N,1,2,0,3,0,1,2,2,N,N,40 01:39.836,75 06:35.867,2330, ,2326, ,0, ,N, ,3, , , , , ,469160, , , ,2,1,0,0,0,1,0,0,0,0,0,1,1,0,0,0,0,0,0,0,0,0,0,0,0,0,0,0,0,0,0,0,0,0,0,4,1,40.0277,-75.11, , 
 ,43264,2014101879,6,67,67301,2014,9,3,316,3,3,1,0,7,2, , ,N,0,0,0,3,0,1,2,2,N,N,40 01:01.270,75 02:18.330,320, ,318,6,2,5,Y, ,0,Y, , , , ,469167, , , ,2,0,0,0,0,1,0,1,0,1,0,0,1,0,0,0,0,0,0,0,1,0,0,0,0,0,0,1,0,0,0,0,0,0,0,2,1,40.017,-75.0384, , 
 ,43265,2014074869,6,67,67301,2014,6,4,929,9,1,1,0,4,1, , ,N,1,2,0,3,0,0,5,2,N,N,40 04:51.446,75 12:09.698,939, ,929, ,0, ,N, ,3, , , , , ,469173, , , ,2,1,0,0,0,0,1,0,0,0,0,0,0,0,0,0,0,0,0,0,1,0,0,0,0,0,0,0,0,0,0,0,0,0,0,0,0,40.0808,-75.2027, , 
 ,43266,2014068592,6,67,67301,2014,6,2,1110,11,1,1,0,5,1, , ,N,0,0,0,3,0,0,2,2,N,N,39 57:43.110,75 11:38.716,1113, ,1110, ,0, ,N, ,0, , , , , ,469191, , , ,2,0,0,0,1,0,1,0,0,0,0,0,0,0,0,0,0,0,0,0,0,0,0,0,0,0,0,0,0,0,0,0,0,0,0,0,0,39.962,-75.1941, , 
N,43267,2014078078,6,67,67301,2014,8,7,1146,11,1,1,0,7,4,1,4,Y,0,0,0,3,0,1,4,2,N,N,39 58:05.392,75 07:49.063,1158,45,1146,1,1,1,N, ,0,N,N,N,N,N,469200,N,Y,N,2,1,0,0,0,0,1,0,0,0,0,0,1,1,0,0,0,0,0,0,0,0,0,0,0,0,0,0,0,0,0,0,0,0,0,8,0,39.9682,-75.1303, , 
 ,43268,2014089738,6,67,67301,2014,8,3,2037,20,3,1,0,1,1, , ,N,0,2,0,3,0,2,2,2,N, ,39 56:45.456,75 14:28.004,2127, ,2126, ,0, , , ,3, , , , , ,469213, , , ,2,2,0,0,0,0,0,0,0,0,0,2,2,0,0,0,0,0,0,0,0,0,0,1,0,0,0,0,0,0,0,0,0,0,0,4,0,39.946,-75.2411, , 
 ,43269,2014084499,6,67,67301,2014,6,1,1315,13,1,1,0,5,6, , ,N,0,0,0,3,0,1,1,3,N,N,40 02:48.850,75 09:52.400,1327, ,1318, ,0, ,N, ,0, , , , , ,471896, , , ,3,2,0,0,0,0,1,0,0,0,0,1,1,0,0,0,0,0,0,0,0,0,0,1,0,0,0,0,0,0,0,0,0,0,0,4,0,40.0469,-75.1646, , 
 ,43270,2014088307,6,67,67301,2014,7,3,2050,20,3,1,0,5,1, , ,N,0,0,0,3,0,1,2,2,N,N,39 59:43.850,75 07:48.460,2100, ,2050, ,0, ,N, ,0, , , , , ,471897, , , ,1,1,0,0,0,0,0,0,1,0,0,1,1,0,0,0,0,0,0,0,0,0,0,0,0,0,0,0,0,0,0,0,0,0,0,4,0,39.9955,-75.1301, , 
 ,43271,2014096374,6,67,67301,2014,9,6,2344,23,3,1,0,4,1, , ,N,1,2,0,3,0,2,3,2,N,N,40 02:02.039,75 04:27.141,2348, ,2346,2,2,7,N, ,3,N, , , , ,471903, , , ,2,1,0,0,1,0,0,0,0,0,1,1,2,0,0,0,0,0,0,0,0,1,0,2,0,0,0,0,0,0,0,0,0,0,0,3,0,40.034,-75.0744, , 
 ,43272,2014110378,6,67,67301,2014,9,1,419,4,3,1,0,7,4, , ,N,1,2,0,3,0,4,4,1,N,N,39 58:33.078,75 07:12.081,419, ,419,9,2,7,N, ,3,Y, , , , ,471916, , , ,1,0,0,0,0,0,1,0,0,0,0,0,4,4,0,0,0,0,0,0,0,0,0,4,0,0,0,0,0,0,0,0,0,0,0,8,0,39.9759,-75.12, , 
 ,43273,2014115624,6,67,67301,2014,11,3,215,2,3,1,0,7,4, , ,N,0,0,0,3,0,1,1,1,N, ,40 01:31.345,75 10:11.800,230, ,226,1,1,5, , ,0,N, , , , ,471922, , , ,1,1,0,0,0,0,0,0,0,0,1,0,1,0,0,0,0,0,0,0,0,0,0,0,0,0,0,0,0,0,0,0,0,0,0,3,0,40.0254,-75.1699, , 
 ,43274,2014096433,6,67,67301,2014,9,2,110,1,3,1,0,5,6, , ,N,0,0,0,3,0,0,1,2,N,N,40 02:21.438,75 02:46.090,125, ,117, ,0, ,N, ,0, , , , , ,471949, , , ,2,2,0,0,0,0,0,0,0,0,0,0,0,0,0,0,0,0,0,1,0,0,0,0,0,0,0,0,0,0,0,0,0,0,0,0,0,40.0393,-75.0461, , 
 ,43275,2014098626,6,67,67301,2014,7,7,2042,20,4,1,0,8,1, , ,N,0,0,0,3,0,1,2,2,N, ,39 59:26.408,75 08:25.999,2049, ,2044, ,0, , , ,0, , , , , ,471950, , , ,1,0,0,0,0,0,0,1,0,0,0,1,1,0,0,0,0,0,0,0,0,0,0,0,0,0,0,0,0,0,0,0,1,0,0,4,0,39.9907,-75.1406, , 
 ,43276,2014104414,6,67,67301,2014,10,4,1500,15,1,1,0,8,1, , ,N,0,0,0,3,0,1,3,2,N,N,39 55:36.557,75 10:43.902,1517, ,1514, ,0, ,N, ,0, , , , , ,471953, , , ,1,1,0,0,0,0,0,0,0,0,0,1,1,0,0,0,0,0,0,0,1,0,0,0,0,0,0,0,0,0,0,0,1,0,0,4,0,39.9268,-75.1789, , 
 ,43277,2014104978,6,67,67301,2014,9,4,1000,10,1,1,0,1,1, , ,N,0,0,0,3,0,2,5,3,N,N,40 06:40.867,74 59:31.675,1010, ,1004,3,1,2,N, ,0,N, , , , ,471955, , , ,3,2,0,0,0,1,0,0,0,0,1,0,2,1,0,0,0,0,0,0,0,1,0,2,0,0,0,0,0,0,0,0,0,0,0,3,1,40.1114,-74.9921, , 
 ,43278,2014055520,6,67,67301,2014,5,5,1217,12,1,1,0,1,1, , ,N,0,0,0,3,0,0,3,3,N,N,39 56:46.809,75 08:32.775,1217, ,1217,1,1,2,N, ,0,N, , , , ,471965, , , ,3,3,0,0,0,0,0,0,0,0,0,0,0,0,0,0,0,0,1,0,1,0,1,1,0,0,0,0,0,0,0,0,0,0,0,0,0,39.9463,-75.1424, , 
 ,43279,2014059236,6,67,67301,2014,5,7,1000,10,1,1,2,7,4, , ,N,0,0,0,3,0,1,1,1,N,N,40 07:42.668,75 00:49.690,1010, ,1004,3,2,1,N, ,0,Y, , , , ,471966, , , ,1,0,0,0,0,0,1,0,0,0,0,0,1,1,0,0,0,0,0,0,1,0,0,0,0,0,0,0,0,0,0,0,0,0,0,8,0,40.1285,-75.0138, , 
 ,43280,2014068201,6,67,67301,2014,5,4,950,9,1,1,0,7,4, , ,N,0,0,0,3,0,0,1,1,N,N,40 01:38.776,75 11:33.788,1005, ,955, ,0, ,N, ,0, , , , , ,471975, , , ,1,1,0,0,0,0,0,0,0,0,0,0,0,0,0,0,0,0,0,0,0,0,0,0,0,0,0,0,0,0,0,0,0,0,0,0,0,40.0274,-75.1927, , 
 ,43281,2014078834,6,67,67301,2014,6,2,1417,14,1,1,0,4,1, , ,N,2,3,0,3,0,1,2,3,N,N,40 02:13.781,75 02:22.718,1430, ,1417, ,0, ,N, ,3, , , , , ,471982, , , ,3,1,0,0,1,0,1,0,0,0,0,1,1,0,0,0,0,0,0,0,2,0,0,0,0,0,0,0,0,0,0,0,0,0,0,4,0,40.0372,-75.0396, , 
 ,43282,2014087855,6,67,67301,2014,7,3,631,6,5,1,0,7,4, , ,N,1,2,0,3,0,0,1,1,N,N,40 00:09.954,75 08:16.245,710, ,705, ,0, , , ,3, , , , , ,471990, , , ,1,1,0,0,0,0,0,0,0,0,0,0,0,0,0,0,0,0,0,0,0,0,0,0,0,0,0,0,0,0,0,0,0,0,0,0,0,40.0028,-75.1378, , 
 ,43283,2014095851,6,67,67301,2014,9,6,1425,14,1,1,0,4,1, , ,N,0,0,7,3,0,0,3,2,N, ,39 57:33.116,75 09:06.922,1543, ,1543, ,0, , , ,0, , , , , ,471997, , , ,2,1,0,0,0,0,0,1,0,0,0,0,0,0,0,0,0,0,0,0,0,0,0,0,0,0,0,0,0,0,0,0,0,0,0,0,0,39.9592,-75.1519, , 
 ,43284,2014104975,6,67,67301,2014,10,6,730,7,1,1,0,4,1, , ,N,1,2,0,3,0,1,3,2,N, ,40 01:39.836,75 06:35.867,744, ,735,1,1,1, , ,3,Y, , , , ,472004, , , ,2,2,0,0,0,0,0,0,0,0,0,0,1,1,0,0,0,1,0,0,0,0,0,0,0,0,0,0,0,0,0,0,0,0,0,8,0,40.0277,-75.11, , 
 ,43285,2014107210,6,67,67301,2014,10,4,949,9,1,1,0,2,1, , ,N,0,0,0,3,0,1,2,2,N, ,40 02:37.612,75 11:27.877,957, ,950, ,0, , , ,0, , , , , ,472007, , , ,2,0,1,0,0,0,1,0,0,0,0,1,1,0,0,0,0,0,0,0,1,0,0,0,0,0,0,0,0,0,0,0,0,0,0,4,0,40.0438,-75.1911, , 
 ,43286,2014107211,6,67,67301,2014,10,4,938,9,1,1,0,4,1, , ,N,0,0,0,3,0,2,3,3,N,N,40 02:47.594,75 09:49.744,1016, ,1014, ,0, ,N, ,0, , , , , ,472008, , , ,3,2,0,0,0,0,0,1,0,0,0,2,2,0,0,0,0,0,0,0,0,0,0,0,0,0,0,0,0,0,0,0,0,0,0,4,0,40.0466,-75.1638, , 
 ,43287,2014110438,6,67,67301,2014,10,3,1807,18,1,1,0,8,1, , ,N,0,0,0,3,0,1,2,2,N,N,40 01:26.136,75 12:49.881,1812, ,1807, ,0, ,N, ,0, , , , , ,474916, , , ,1,0,0,0,0,0,1,0,0,0,0,1,1,0,1,0,0,0,0,0,0,0,0,0,0,0,0,0,0,0,0,0,1,0,0,4,0,40.0239,-75.2139, , 
 ,43288,2014081476,6,67,67301,2014,6,2,1330,13,1,1,0,8,1, , ,N,1,0,0,3,0,1,2,2,N,N,40 03:17.100,75 09:04.633,1415, ,1415, ,0, , , ,0, , , , , ,474920, , , ,1,0,0,0,0,0,0,0,0,0,0,0,1,1,1,0,0,0,0,0,0,0,0,0,0,0,0,0,0,0,0,0,1,0,0,8,0,40.0548,-75.1513, , 
 ,43289,2014084492,6,67,67301,2014,6,5,2330,23,3,1,0,4,1, , ,N,1,3,0,3,0,2,4,2,N, ,39 57:10.789,75 14:04.394,2337, ,2335, ,0, , , ,3, , , , , ,474924, , , ,2,1,0,0,0,0,1,0,0,0,0,2,2,0,0,0,0,0,0,0,0,0,0,0,0,0,0,0,0,0,0,0,0,0,0,4,0,39.953,-75.2346, , 
 ,43290,2014093509,6,67,67301,2014,9,6,1731,17,1,1,0,4,7, , ,N,2,0,2,3,0,1,2,2,N,N,39 58:29.370,75 11:54.251,1801, ,1750, ,0, ,N, ,0, , , , , ,474927, , , ,2,1,0,0,1,0,0,0,0,0,0,1,1,0,0,0,0,0,0,0,1,0,0,0,0,0,0,0,0,0,0,0,0,0,0,4,0,39.9748,-75.1984, , 
 ,43291,2014104979,6,67,67301,2014,10,1,1410,14,1,1,0,4,1, , ,N,1,2,0,3,0,2,4,2,N,N,40 01:54.059,75 05:01.805,1425, ,1415, ,0, ,N, ,3, , , , , ,474940, , , ,2,1,0,0,0,0,1,0,0,0,0,0,2,2,0,0,0,0,1,0,1,0,0,0,0,0,0,0,0,0,0,0,0,0,0,8,0,40.0317,-75.0838, , 
 ,43292,2014106714,6,67,67301,2014,10,7,1730,17,4,2,1,4,1, , ,N,1,2,0,3,0,0,3,2,N,N,40 00:51.570,75 10:41.163,1750, ,1745, ,0, ,N, ,3, , , , , ,474943, , , ,2,2,0,0,0,0,0,0,0,0,0,0,0,0,0,0,0,0,0,0,1,0,0,0,0,0,0,0,0,0,0,0,0,0,0,0,0,40.0143,-75.1781, , 
 ,43293,2014081421,6,67,67301,2014,6,2,1445,14,1,1,0,5,1, , ,N,1,2,0,3,0,6,8,2,N, ,40 00:09.630,75 08:55.719,1450, ,1455, ,0, , , ,3, , , , , ,474956, , , ,2,0,0,1,0,0,1,0,0,0,5,1,6,0,0,0,0,0,0,0,1,0,0,0,0,0,0,0,0,0,0,0,0,0,0,3,1,40.0027,-75.1488, , 
 ,43294,2014087899,6,67,67301,2014,8,2,950,9,1,1,0,8,1, , ,N,2,2,0,3,0,1,2,2,N, ,39 56:16.525,75 14:02.111,1031, ,1031, ,0, ,N, ,3, , , , , ,474961, , , ,1,1,0,0,0,0,0,0,0,0,0,1,1,0,0,0,0,0,0,0,0,0,0,0,0,0,0,0,0,0,0,0,1,0,0,4,0,39.9379,-75.2339, , 
 ,43295,2014091408,6,67,67301,2014,8,6,1035,10,1,1,0,4,1, , ,N,1,2,0,3,0,2,4,2,N,N,40 02:02.039,75 04:27.141,1039, ,1035,9,2,1,N, ,3,Y, , , , ,474964, , , ,2,2,0,0,0,0,0,0,0,0,1,0,2,1,0,0,0,0,0,0,1,0,0,0,0,0,0,0,0,0,0,0,0,0,0,3,0,40.034,-75.0744, , 
 ,43296,2014065561,6,67,67301,2014,5,6,9999,99,5,9,0,5,6, , ,N,0,0,0,3,0,0,1,3,N,N,40 04:20.532,75 10:05.527,754, ,754,2,1,4,N, ,0,N, , , , ,474972, , , ,3,1,0,0,0,0,2,0,0,0,0,0,0,0,0,0,0,0,0,0,0,0,0,0,0,0,0,0,0,0,0,0,0,0,0,0,0,40.0724,-75.1682, , 
 ,43297,2014080606,6,67,67301,2014,8,6,1240,12,1,1,0,1,1, , ,N,0,0,0,3,0,0,2,2,N,N,39 59:28.291,75 12:14.129,1246, ,1241, ,0, ,N, ,0, , , , , ,474984, , , ,2,0,0,0,1,0,0,1,0,0,0,0,0,0,0,0,0,0,0,0,0,0,0,0,0,0,0,0,0,0,0,0,0,0,0,0,0,39.9912,-75.2039, , 
 ,43298,2014084219,6,67,67301,2014,7,5,1500,15,1,1,0,1,1, , ,N,0,0,0,3,0,1,3,2,N,N,40 05:19.261,75 02:03.014,1502, ,1501, ,0, ,N, ,0, , , , , ,474988, , , ,2,2,0,0,0,0,0,0,0,0,0,1,1,0,0,0,0,0,0,0,1,0,0,0,0,0,0,0,0,0,0,0,0,0,0,4,0,40.0887,-75.0342, , 
 ,43299,2014088182,6,67,67301,2014,7,4,849,8,1,1,0,8,1, , ,N,1,3,0,3,0,1,2,2,N, ,39 56:36.304,75 13:12.928,850, ,850, ,0, , , ,3, , , , , ,474993, , , ,1,1,0,0,0,0,0,0,0,0,0,1,1,0,0,0,0,0,0,0,1,0,0,0,0,0,0,0,0,0,0,0,1,0,0,4,0,39.9434,-75.2203, , 
 ,43300,2014092839,6,67,67301,2014,9,2,749,7,1,1,0,1,1, , ,N,0,0,0,3,0,1,3,3,N,N,39 57:32.971,75 10:50.074,749, ,749, ,0, ,N, ,0, , , , , ,474998, , , ,3,2,0,0,0,0,1,0,0,0,0,0,1,1,0,0,0,0,0,0,2,0,0,0,0,0,0,0,0,0,0,0,0,0,0,8,0,39.9592,-75.1806, , 
 ,43301,2014093516,6,67,67301,2014,9,4,1700,17,1,1,0,2,2, , ,N,0,0,0,3,0,0,2,4,N,N,39 59:54.686,75 07:01.092,1830, ,1820, ,0, ,N, ,0, , , , , ,474999, , , ,4,2,1,0,0,0,0,0,0,0,0,0,0,0,2,0,0,0,0,0,0,0,0,0,0,0,0,0,0,0,0,0,0,0,0,9,0,39.9985,-75.117, , 
 ,43302,2014094445,6,67,67301,2014,9,4,2340,23,3,2,1,7,4, , ,N,3,0,2,3,0,0,1,1,N,N,39 57:33.594,75 10:49.812,2348, ,2343,1,1,3,Y, ,0,N, , , , ,475003, , , ,1,1,0,0,0,0,0,0,0,0,0,0,0,0,0,0,0,0,0,0,0,0,0,0,0,0,0,0,0,0,0,0,0,0,0,0,0,39.9593,-75.1805, , 
 ,43303,2014095880,6,67,67301,2014,8,7,2136,21,3,1,0,8,1, , ,N,1,2,0,3,0,1,2,2,N, ,39 57:18.234,75 13:47.243,2143, ,2138, ,0, , , ,3, , , , , ,475004, , , ,1,1,0,0,0,0,0,0,0,1,0,0,1,0,0,0,0,0,0,0,0,0,0,0,0,0,0,0,0,0,0,0,1,0,1,2,0,39.9551,-75.2298, , 
 ,43304,2014096799,6,67,67301,2014,9,5,1532,15,1,1,0,4,1, , ,N,1,2,0,3,0,2,3,2,N, ,39 58:11.253,75 08:29.393,1644, ,1636, ,0, , , ,3, , , , , ,475005, , , ,2,2,0,0,0,0,0,0,0,0,0,2,2,0,0,0,0,0,0,0,1,0,1,0,0,0,0,0,0,0,0,0,0,0,0,4,0,39.9697,-75.1416, , 
 ,43305,2014088920,6,67,67301,2014,8,5,1853,18,1,1,0,5,6, , ,N,0,0,0,3,0,1,2,7,N,N,40 02:42.930,75 09:47.980,1900, ,1853, ,0, , , ,0, , , , , ,466644, , , ,7,5,1,0,1,0,0,0,0,0,0,1,1,0,0,0,0,0,0,0,0,0,0,0,0,0,0,0,0,0,0,0,0,0,0,4,0,40.0453,-75.1633, , 
 ,43306,2014095920,6,67,67301,2014,9,5,857,8,1,1,0,8,1, , ,N,0,0,0,3,0,1,2,2,N,N,39 58:34.925,75 07:10.919,908, ,904, ,0, ,N, ,0, , , , , ,466650, , , ,1,1,0,0,0,0,0,0,0,0,0,1,1,0,0,0,0,0,0,0,0,0,0,0,0,0,0,0,0,0,0,0,1,0,0,4,0,39.9764,-75.1197, , 
 ,43307,2014098822,6,67,67301,2014,10,3,2309,23,3,2,1,5,2, , ,N,0,0,0,3,0,1,2,2,N,N,39 58:56.685,75 12:27.555,2330, ,2317, ,0, ,N, ,0, , , , , ,466652, , , ,2,1,0,0,0,0,0,0,0,0,1,0,1,0,1,0,0,0,0,0,0,0,0,0,0,0,0,0,0,0,0,0,0,0,0,3,0,39.9824,-75.2077, , 
 ,43308,2014088866,6,67,67301,2014,8,1,1822,18,1,1,0,4,1, , ,N,1,2,0,3,0,3,3,2,N,N,39 58:26.116,75 12:23.386,1831, ,1824, ,0, ,N, ,3, , , , , ,466665, , , ,2,2,0,0,0,0,0,0,0,0,1,2,3,0,0,0,0,0,0,0,0,1,0,0,0,0,0,0,0,0,0,0,0,0,0,3,0,39.9738,-75.2064, , 
 ,43309,2014093524,6,67,67301,2014,9,6,1631,16,1,1,0,8,1, , ,N,0,0,0,3,0,1,3,2,N, ,40 04:43.468,75 12:28.630,1703, ,1702, ,0, , , ,0, , , , , ,466673, , , ,1,0,0,0,0,0,1,0,0,0,1,0,1,0,0,0,0,0,0,0,0,0,0,0,0,0,0,0,0,0,0,0,1,0,0,3,0,40.0787,-75.208, , 
 ,43310,2014070195,6,67,67301,2014,6,2,1803,18,1,1,0,7,2, , ,N,0,0,0,3,0,0,1,1,N,N,39 55:19.685,75 08:51.473,1814, ,1807,1,2,1,N, ,0,N, , , , ,466675, , , ,1,0,0,0,1,0,0,0,0,0,0,0,0,0,0,1,0,0,0,0,0,0,0,0,0,0,0,0,0,0,0,0,0,0,0,0,0,39.9221,-75.1476, , 
 ,43311,2014084502,6,67,67301,2014,7,6,2230,22,3,1,0,7,5, , ,N,1,3,0,3,0,1,1,1,N,N,39 58:25.287,75 08:30.357,2250, ,2245, ,0, ,N, ,3, , , , , ,466696, , , ,1,1,0,0,0,0,0,0,0,0,0,1,1,0,0,0,0,0,0,0,0,1,0,0,0,0,0,0,0,0,0,0,0,0,0,4,0,39.9737,-75.1418, , 
 ,43312,2014088860,6,67,67301,2014,8,1,707,7,1,1,0,8,1, , ,N,0,0,0,3,0,1,2,2,N,N,39 59:01.210,75 08:00.690,715, ,707, ,0, ,N, ,0, , , , , ,466701, , , ,1,0,0,0,0,0,1,0,0,0,0,0,1,1,0,0,0,0,0,0,1,0,0,0,0,0,0,0,0,0,0,0,1,0,0,8,0,39.9837,-75.1335, , 
 ,43313,2014117624,6,67,67301,2014,10,2,1020,10,1,1,0,4,1, , ,N,1,3,0,3,0,3,5,2,N,N,39 59:38.590,75 07:50.732,1033, ,1030,2,1,3,N, ,3,Y, , , , ,466725, , , ,2,0,0,0,0,1,0,0,0,0,0,0,3,3,0,0,0,0,0,1,0,0,0,1,0,0,0,0,0,0,0,0,0,0,0,8,1,39.9941,-75.1308, , 
 ,43314,2014130477,6,67,67301,2014,12,5,2345,23,3,1,0,5,6, , ,N,0,0,0,3,0,0,1,5,N, ,39 58:27.908,75 07:58.126,227, ,225,2,2,3, , ,0,Y, , , , ,466741, , , ,5,4,0,0,0,0,1,0,0,0,0,0,0,0,0,0,0,0,0,0,1,0,0,0,0,0,0,0,0,0,0,0,0,0,0,0,0,39.9744,-75.1328, , 
 ,43315,2015002723,6,67,67301,2014,12,7,554,5,3,1,0,5,6, , ,N,0,0,0,3,0,0,1,3,N,N,39 59:10.373,75 06:38.664,615, ,613,9,2,1,N, ,0,N, , , , ,466744, , , ,3,1,0,0,0,0,0,2,0,0,0,0,0,0,0,0,0,0,0,0,0,0,0,0,0,0,0,0,0,0,0,0,0,0,0,0,0,39.9862,-75.1107, , 
 ,43316,2015002781,6,67,67301,2014,12,2,1934,19,3,2,1,4,1, , ,N,1,2,0,3,0,2,4,2,N,N,40 00:04.340,75 13:35.009,2210, ,1934, ,0, ,N, ,3, , , , , ,466745, , , ,2,1,0,0,0,0,0,1,0,0,0,0,2,2,1,0,0,0,0,0,0,1,0,0,0,0,0,0,0,0,0,0,0,0,0,8,0,40.0012,-75.2264, , 
 ,43317,2014117602,6,67,67301,2014,10,1,105,1,3,1,0,1,1, , ,N,1,2,0,3,0,0,3,2,N,N,40 03:08.339,75 00:28.750,110, ,110, ,0, , , ,3, , , , , ,466755, , , ,2,0,0,0,0,0,2,0,0,0,0,0,0,0,0,0,0,0,0,0,1,0,0,0,0,0,0,0,0,0,0,0,0,0,0,0,0,40.0523,-75.008, , 
 ,43318,2014121403,6,67,67301,2014,9,3,9999,99,3,1,0,4,1, , ,N,1,2,0,3,0,1,3,2,N,N,39 59:23.298,75 07:31.934,251, ,251,9,2,4,N, ,3,Y, , , , ,466761, , , ,2,2,0,0,0,0,0,0,0,0,0,1,1,0,1,0,0,0,0,0,0,0,0,0,0,0,0,0,0,0,0,0,0,0,0,4,0,39.9898,-75.1255, , 