wz_ln_closure,objectid_1,crn,district,county,municipality,crash_year,crash_month,day_of_week,time_of_day,hour_of_day,illumination,weather,road_condition,collision_type,relation_to_road,work_zone_type,work_zone_loc,work_zone_ind,intersect_type,tcd_type,location_type,urban_rural,fatal_count,injury_count,person_count,total_units,sch_bus_ind,sch_zone_ind,latitude,longitude,arrival_tm,cons_zone_spd_lim,dispatch_tm,est_hrs_closed,lane_closed,ln_close_dir,ntfy_hiwy_maint,spec_juris_cd,tcd_func_cd,tfc_detour_ind,workers_pres,wz_close_detour,wz_flagger,wz_law_offcr_ind,objectid,wz_moving,wz_other,wz_shlder_mdn,vehicle_count,automobile_count,motorcycle_count,bus_count,small_truck_count,heavy_truck_count,suv_count,van_count,bicycle_count,maj_inj_count,mod_inj_count,min_inj_count,tot_inj_count,unk_inj_deg_count,unk_inj_per_count,driver_count_16yr,driver_count_17yr,driver_count_18yr,driver_count_19yr,driver_count_20yr,driver_count_50_64yr,driver_count_65_74yr,driver_count_75plus,unbelted_occ_count,unb_death_count,unb_maj_inj_count,belted_death_count,belted_maj_inj_count,mcycle_death_count,mcycle_maj_inj_count,bicycle_death_count,bicycle_maj_inj_count,ped_count,ped_death_count,ped_maj_inj_count,max_severity_level,comm_veh_count,dec_lat,dec_long,rdwy_surf_type_cd,county_name
 ,43319,2014122407,6,67,67301,2014,11,4,1,0,3,1,0,4,1, , ,N,1,2,0,3,0,2,4,2,N,N,39 57:50.770,75 12:59.018,21, ,19,3,2,7,N, ,2,Y, , , , ,466762, , , ,2,2,0,0,0,0,0,0,0,0,0,0,2,2,1,0,0,0,0,0,1,0,0,0,0,0,0,0,0,0,0,0,0,0,0,8,0,39.9641,-75.2164, , 
 ,43320,2014122414,6,67,67301,2014,11,2,9999,99,1,2,1,4,1, , ,N,1,3,0,3,0,1,2,2,N,N,40 03:51.696,75 11:04.642,9999, ,9999, ,0, ,N, ,3, , , , , ,466763, , , ,2,1,0,0,0,0,1,0,0,0,1,0,1,0,0,0,0,0,0,0,1,0,0,0,0,0,0,0,0,0,0,0,0,0,0,3,0,40.0644,-75.1846, , 
 ,43321,2014127556,6,67,67301,2014,12,2,1730,17,3,2,1,8,1, , ,N,5,2,0,3,0,1,2,2,N, ,40 02:30.909,75 04:29.910,1757, ,1755, ,0, , , ,3, , , , , ,466772, , , ,1,1,0,0,0,0,0,0,0,0,0,1,1,0,0,0,0,0,0,0,0,0,0,0,0,0,0,0,0,0,0,0,1,0,0,4,0,40.0419,-75.075, , 
 ,43322,2014082739,6,67,67301,2014,8,6,414,4,3,2,7,0,1, , ,N,0,0,0,3,0,0,1,1,N,N,39 59:41.259,75 05:02.233,435, ,416,1,2,2,N, ,0,Y, , , , ,466795, , , ,1,1,0,0,0,0,0,0,0,0,0,0,0,0,0,0,0,0,0,0,0,0,0,0,0,0,0,0,0,0,0,0,0,0,0,0,0,39.9948,-75.084, , 
 ,43323,2014106737,6,67,67301,2014,10,7,1850,18,3,1,1,4,1, , ,N,2,2,0,3,0,1,2,2,N, ,40 05:44.901,74 59:28.492,1905, ,1900, ,0, , , ,3, , , , , ,469227, , , ,2,1,0,0,1,0,0,0,0,0,0,1,1,0,0,0,0,0,0,0,0,0,1,0,0,0,0,0,0,0,0,0,0,0,0,4,0,40.0958,-74.9912, , 
 ,43324,2014081468,6,67,67301,2014,6,4,1250,12,1,1,0,8,1, , ,N,1,3,0,3,0,1,4,2,N,N,39 59:52.119,75 10:19.081,1301, ,1251,2,1,4, , ,3,Y, , , , ,469234, , , ,1,1,0,0,0,0,0,0,0,0,0,1,1,0,0,0,0,0,0,0,0,1,0,0,0,0,0,0,0,0,0,0,1,0,0,4,0,39.9978,-75.172, , 
 ,43325,2014087818,6,67,67301,2014,7,2,1400,14,1,1,0,7,6, , ,N,0,0,0,3,0,1,1,2,N, ,39 58:58.140,75 05:39.770,1620, ,1610, ,0, , , ,0, , , , , ,469238, , , ,1,1,0,0,0,0,0,0,0,0,1,0,1,0,0,0,0,0,0,0,0,0,0,0,0,0,0,0,0,0,0,0,0,0,0,3,0,39.9828,-75.0944, , 
 ,43326,2014087861,6,67,67301,2014,7,2,1650,16,1,1,0,4,1, , ,N,1,2,0,3,0,1,2,2,N,N,40 02:21.129,75 04:00.301,1654, ,1651, ,0, ,N, ,3, , , , , ,469239, , , ,2,2,0,0,0,0,0,0,0,0,0,1,1,0,0,0,0,0,0,0,1,0,0,0,0,0,0,0,0,0,0,0,0,0,0,4,0,40.0392,-75.0668, , 
 ,43327,2014096780,6,67,67301,2014,9,4,120,1,2,1,0,6,6, , ,N,0,0,0,3,0,1,1,4,N,N,40 03:28.542,75 09:26.689,136, ,129, ,0, ,N, ,0, , , , , ,469249, , , ,4,3,0,0,0,0,1,0,0,0,0,0,1,1,0,0,0,0,0,0,0,0,0,0,0,0,0,0,0,0,0,0,0,0,0,8,0,40.0579,-75.1574, , 
 ,43328,2014096801,6,67,67301,2014,9,4,1223,12,1,1,0,6,1, , ,N,1,2,0,3,0,1,3,2,N,N,39 58:28.752,75 07:18.052,1252, ,1250, ,0, ,N, ,3, , , , , ,469250, , , ,2,1,0,0,0,0,0,1,0,0,0,1,1,0,0,0,0,0,0,0,1,0,0,0,0,0,0,0,0,0,0,0,0,0,0,4,0,39.9747,-75.1217, , 
 ,43329,2014074866,6,67,67301,2014,6,5,1800,18,1,2,1,4,1, , ,N,1,2,0,3,0,1,4,3,N,N,39 55:15.755,75 13:26.897,1820, ,1817, ,0, , , ,3, , , , , ,469298, , , ,3,2,0,0,0,0,0,1,0,0,0,0,1,1,0,0,0,0,0,1,1,0,0,0,0,0,0,0,0,0,0,0,0,0,0,8,0,39.9211,-75.2242, , 
 ,43330,2014110419,6,67,67301,2014,10,1,347,3,3,1,0,5,6, , ,N,0,0,0,3,0,0,1,3,N,N,40 00:29.379,75 05:41.198,352, ,348, ,0, ,N, ,0, , , , , ,469326, , , ,3,1,0,0,0,0,1,1,0,0,0,0,0,0,0,0,0,1,0,0,0,0,0,0,0,0,0,0,0,0,0,0,0,0,0,0,0,40.0082,-75.0948, , 
 ,43331,2014049581,6,67,67301,2014,4,3,106,1,3,1,0,1,1, , ,N,0,0,0,3,0,1,2,2,N,N,39 58:19.604,75 07:30.233,109, ,109, ,0, ,N, ,0, , , , , ,469356, , , ,2,0,1,0,0,0,1,0,0,0,0,0,1,1,0,0,0,0,0,0,0,0,0,0,0,0,0,0,0,0,0,0,0,0,0,8,0,39.9721,-75.1251, , 
 ,43332,2014020027,6,67,67301,2014,2,5,1220,12,1,1,5,7,2, , ,N,6,0,2,3,0,0,1,1,N,N,40 01:24.359,75 02:00.959,1247, ,1221, ,0, ,N, ,0, , , , , ,469370, , , ,1,0,0,0,0,0,1,0,0,0,0,0,0,0,0,0,0,0,0,0,1,0,0,0,0,0,0,0,0,0,0,0,0,0,0,0,0,40.0234,-75.0336, , 
 ,43333,2014067973,6,67,67301,2014,6,1,1535,15,1,1,0,1,1, , ,N,0,0,0,3,0,1,2,2,N,N,40 00:54.206,75 12:26.223,1555, ,1535, ,0, ,N, ,0, , , , , ,469379, , , ,2,1,0,0,0,0,1,0,0,0,0,0,1,1,0,0,0,0,0,0,0,0,0,0,0,0,0,0,0,0,0,0,0,0,0,8,0,40.0151,-75.2073, , 
 ,43334,2014068021,6,67,67301,2014,5,6,1010,10,1,1,0,4,1, , ,N,1,2,0,3,0,2,2,3,N,N,40 03:02.755,75 08:55.321,1012, ,1011,2,1,6,N, ,3,Y, , , , ,469380, , , ,3,3,0,0,0,0,0,0,0,0,0,0,2,2,0,0,0,0,0,0,1,0,0,0,0,0,0,0,0,0,0,0,0,0,0,8,0,40.0507,-75.1487, , 
 ,43335,2014092936,6,67,67301,2014,9,1,406,4,3,1,0,7,3, , ,N,7,0,2,3,0,0,2,1,N,N,39 57:31.564,75 10:48.973,417, ,413,3,2,3,N, ,0,Y, , , , ,469403, , , ,1,0,0,0,0,0,1,0,0,0,0,0,0,0,0,0,0,0,0,0,0,0,0,0,0,0,0,0,0,0,0,0,0,0,0,0,0,39.9595,-75.1808, , 
 ,43336,2014087774,6,67,67301,2014,7,7,2044,20,3,1,0,5,1, , ,N,1,2,0,3,0,1,2,2,N,N,39 59:27.116,75 09:18.941,2315, ,2306,3,2,1,N, ,3,Y, , , , ,469443, , , ,2,2,0,0,0,0,0,0,0,0,1,0,1,0,0,0,0,0,0,0,2,0,0,0,0,0,0,0,0,0,0,0,0,0,0,3,0,39.9909,-75.1551, , 
 ,43337,2014087888,6,67,67301,2014,6,6,1730,17,1,1,0,1,1, , ,N,1,2,0,3,0,0,2,2,N, ,40 00:38.808,75 07:35.921,1736, ,1736, ,0, , , ,3, , , , , ,469444, , , ,2,2,0,0,0,0,0,0,0,0,0,0,0,0,0,0,0,0,0,0,1,0,0,0,0,0,0,0,0,0,0,0,0,0,0,0,0,40.0108,-75.1266, , 
 ,43338,2014106346,6,67,67301,2014,10,5,1949,19,3,1,0,1,1, , ,N,0,0,3,3,0,1,4,3,N,N,39 53:46.088,75 11:31.042,1951, ,1949,1,2,2,N, ,0,N, , , , ,469456, , , ,3,1,0,0,0,0,2,0,0,0,0,1,1,0,0,0,0,0,0,0,1,0,0,1,0,0,0,0,0,0,0,0,0,0,0,4,0,39.8961,-75.192, , 
 ,43339,2014106661,6,67,67301,2014,10,1,200,2,3,1,0,7,2, , ,N,0,0,0,3,0,0,1,1,N,N,40 00:30.228,75 11:27.651,210, ,202, ,0, ,N, ,0, , , , , ,469457, , , ,1,1,0,0,0,0,0,0,0,0,0,0,0,0,0,0,0,0,0,0,0,0,0,0,0,0,0,0,0,0,0,0,0,0,0,0,0,40.0084,-75.191, , 
 ,43340,2014068029,6,67,67301,2014,6,1,1220,12,1,1,0,4,1, , ,N,1,3,0,3,0,1,2,5,N, ,39 59:35.664,75 10:11.063,1231, ,1227, ,0, , , ,3, , , , , ,469471, , , ,5,3,0,0,0,0,2,0,0,0,0,0,1,1,0,0,0,0,0,0,0,1,0,0,0,0,0,0,0,0,0,0,0,0,0,8,0,39.9932,-75.1697, , 
 ,43341,2014095948,6,67,67301,2014,9,1,1040,10,1,1,0,6,6, , ,N,0,2,0,3,0,1,1,5,N, ,39 58:44.708,75 06:54.829,1105, ,1100,1,1,4, , ,3,Y, , , , ,472029, , , ,5,3,0,0,0,0,1,1,0,0,0,0,1,1,0,0,0,0,0,0,0,0,0,0,0,0,0,0,0,0,0,0,0,0,0,8,0,39.9791,-75.1152, , 
 ,43342,2014099234,6,67,67301,2014,9,2,1130,11,1,1,0,4,1, , ,N,1,0,0,3,0,0,5,2,N,N,39 57:45.942,75 14:48.128,1220, ,1212, ,0, ,N, ,0, , , , , ,472032, , , ,2,2,0,0,0,0,0,0,0,0,0,0,0,0,2,0,0,0,0,1,1,0,0,0,0,0,0,0,0,0,0,0,0,0,0,9,0,39.9627,-75.2467, , 
 ,43343,2014115577,6,67,67301,2014,11,1,1908,19,2,1,0,7,1,1,8,Y,0,0,0,3,0,0,1,1,N,N,40 01:20.005,75 12:36.474,1914,99,1910, ,0, ,N, ,0, ,U, , ,U,472049, , , ,1,1,0,0,0,0,0,0,0,0,0,0,0,0,0,0,0,0,0,0,0,0,0,0,0,0,0,0,0,0,0,0,0,0,0,0,0,40.0222,-75.2101, , 
 ,43344,2014088895,6,67,67301,2014,8,6,1830,18,1,1,0,4,1, , ,N,3,3,0,3,0,0,3,2,N, ,39 58:17.961,75 11:08.293,1835, ,1834, ,0, , , ,3, , , , , ,472051, , , ,2,1,0,0,1,0,0,0,0,0,0,0,0,0,1,0,0,0,0,0,0,0,0,0,0,0,0,0,0,0,0,0,0,0,0,9,0,39.9717,-75.1856, , 
 ,43345,2014095933,6,67,67301,2014,9,5,2145,21,3,1,0,4,1, , ,N,0,0,0,3,0,3,4,2,N,N,40 03:08.632,75 08:26.487,24, ,13, ,0, ,N, ,0, , , , , ,472056, , , ,2,0,0,0,0,0,2,0,0,0,0,0,3,3,0,0,0,0,0,0,0,0,0,0,0,0,0,0,0,0,0,0,0,0,0,8,0,40.0524,-75.1407, , 
 ,43346,2014096492,6,67,67301,2014,10,4,1723,17,1,1,0,1,1, , ,N,0,0,0,3,0,0,2,2,N,N,40 00:40.859,75 03:39.584,1740, ,1724, ,0, ,N, ,0, , , , , ,472057, , , ,2,1,0,0,0,1,0,0,0,0,0,0,0,0,0,0,0,0,0,0,0,0,0,1,0,0,0,0,0,0,0,0,0,0,0,0,1,40.0113,-75.061, , 
 ,43347,2014096805,6,67,67301,2014,9,4,9999,99,1,1,0,4,1, , ,N,1,3,0,3,0,2,3,2,N, ,39 59:21.076,75 08:31.981,1722, ,1717, ,0, , , ,3, , , , , ,472058, , , ,2,1,0,0,0,1,0,0,0,0,0,1,2,1,0,0,0,0,0,0,1,0,0,0,0,0,0,0,0,0,0,0,0,0,0,4,0,39.9892,-75.1422, , 
 ,43348,2014097846,6,67,67301,2014,8,5,1711,17,1,1,0,1,1, , ,N,0,0,0,3,0,4,4,4,N,N,39 59:44.130,75 11:51.487,1715, ,1711,1,1,3,N, ,0,N, , , , ,472061, , , ,4,3,0,0,0,0,1,0,0,1,0,3,4,0,0,0,0,0,0,0,0,0,0,1,0,0,0,1,0,0,0,0,0,0,0,2,0,39.9956,-75.1976, , 
 ,43349,2014104572,6,67,67301,2014,9,7,2330,23,3,1,0,1,1, , ,N,2,0,0,3,0,0,2,2,N, ,39 56:48.520,75 14:52.891,2338, ,2334,9,1,2, , ,0,N, , , , ,472067, , , ,2,1,0,0,0,0,1,0,0,0,0,0,0,0,0,0,0,0,0,0,0,0,0,0,0,0,0,0,0,0,0,0,0,0,0,0,0,39.9468,-75.248, , 
 ,43350,2014109168,6,67,67301,2014,11,3,1941,19,3,1,0,1,1, , ,N,0,0,0,3,0,1,2,2,N,N,39 54:22.284,75 10:24.677,1944, ,1942, ,0, ,N, ,0, , , , , ,472069, , , ,2,1,0,0,0,0,0,1,0,0,1,0,1,0,0,0,0,0,0,0,1,0,0,1,0,0,0,0,0,0,0,0,0,0,0,3,0,39.9062,-75.1735, , 
 ,43351,2014106711,6,67,67301,2014,10,5,2159,21,3,1,0,7,4, , ,N,0,0,0,3,0,1,2,1,N, ,39 58:48.710,75 11:50.972,2215, ,2159, ,0, ,Y, ,0, , , , , ,472083, , , ,1,1,0,0,0,0,0,0,0,0,0,1,1,0,0,0,0,0,0,0,0,0,0,0,0,0,0,0,0,0,0,0,0,0,0,4,0,39.9802,-75.1975, , 
 ,43352,2014106858,6,67,67301,2014,9,2,1350,13,1,1,0,5,1, , ,N,0,0,0,3,0,1,3,2,N,N,39 57:02.602,75 13:07.215,1923, ,1421, ,0, ,N, ,0, , , , , ,472084, , , ,2,2,0,0,0,0,0,0,0,0,0,1,1,0,0,0,0,0,0,0,0,0,0,1,0,0,0,0,0,0,0,0,0,0,0,4,0,39.9507,-75.2187, , 
 ,43353,2014106351,6,67,67301,2014,10,2,721,7,1,1,0,1,1, , ,N,0,0,0,3,0,1,2,2,N,N,40 01:22.566,75 02:07.946,748, ,722,2,1,1,N, ,0,N, , , , ,472097, , , ,2,1,0,0,0,0,1,0,0,0,1,0,1,0,0,0,0,0,1,0,0,0,0,0,0,0,0,0,0,0,0,0,0,0,0,3,0,40.0229,-75.0355, , 
 ,43354,2014106855,6,67,67301,2014,10,4,1510,15,1,1,0,8,1, , ,N,0,0,0,3,0,1,2,3,N, ,40 02:30.504,75 04:47.902,1613, ,1611, ,0, , , ,0, , , , , ,472098, , , ,2,2,0,0,0,0,0,0,0,0,0,1,1,0,0,0,0,0,0,0,0,0,0,0,0,0,0,0,0,0,0,0,1,0,0,4,0,40.0418,-75.08, , 
 ,43355,2014092220,6,67,67301,2014,9,4,1514,15,1,1,0,1,1, , ,N,0,0,0,3,0,2,3,3,N,N,39 55:37.324,75 11:42.742,1619, ,1559, ,0, ,N, ,0, , , , , ,472134, , , ,3,3,0,0,0,0,0,0,0,0,1,1,2,0,0,0,0,0,0,0,1,1,0,0,0,0,0,0,0,0,0,0,0,0,0,3,0,39.927,-75.1952, , 
 ,43356,2014106649,6,67,67301,2014,10,5,1130,11,1,1,0,8,1, , ,N,1,2,0,3,0,1,2,2,N,Y,40 02:22.238,75 09:15.873,1131, ,1130, ,0, ,N, ,3, , , , , ,472146, , , ,1,1,0,0,0,0,0,0,0,0,0,1,1,0,0,0,0,0,0,0,0,1,0,0,0,0,0,0,0,0,0,0,1,0,0,4,0,40.0395,-75.1544, , 
 ,43357,2014088812,6,67,67301,2014,7,7,1750,17,1,1,0,8,1, , ,N,0,0,0,3,0,1,2,2,N,N,39 56:16.879,75 11:22.016,1800, ,1755, ,0, ,N, ,0, , , , , ,472169, , , ,1,1,0,0,0,0,0,0,0,0,0,1,1,0,0,0,0,0,0,0,0,0,0,0,0,0,0,0,0,0,0,0,1,0,0,4,0,39.938,-75.1894, , 
 ,43358,2014114221,6,67,67301,2014,11,1,2115,21,2,2,1,7,5, , ,N,0,1,0,3,0,0,1,1,N,N,40 02:51.025,75 08:34.215,2120, ,2118, ,0, ,N, ,3, , , , , ,472193, , , ,1,1,0,0,0,0,0,0,0,0,0,0,0,0,0,0,0,0,0,0,0,0,0,0,0,0,0,0,0,0,0,0,0,0,0,0,0,40.0475,-75.1428, , 
 ,43359,2014115592,6,67,67301,2014,11,5,15,0,3,2,1,4,1, , ,N,1,2,0,3,0,4,4,2,N,N,40 04:51.806,75 01:43.881,25, ,20, ,0, ,N, ,3, , , , , ,472194, , , ,2,2,0,0,0,0,0,0,0,0,2,1,4,1,0,0,0,0,0,0,1,0,0,2,0,0,0,0,0,0,0,0,0,0,0,3,0,40.0809,-75.0288, , 
 ,43360,2015006676,6,67,67301,2014,12,7,9999,99,1,9,8,8,1, , ,N,1,3,0,3,0,1,2,2,N,N,40 03:20.772,75 08:45.545,1530, ,1530, ,0, ,N, ,3, , , , , ,505779, , , ,1,1,0,0,0,0,0,0,0,0,1,0,1,0,0,0,0,0,0,0,0,0,0,0,0,0,0,0,0,0,0,0,1,0,0,3,0,40.0558,-75.146, , 
 ,43361,2014113320,6,67,67301,2014,10,5,1430,14,1,1,0,1,1, , ,N,2,0,0,3,0,1,2,2,N,N,40 07:59.003,75 00:39.090,1439, ,1434, ,0, ,N, ,0, , , , , ,505785, , , ,2,1,0,0,1,0,0,0,0,0,0,1,1,0,0,0,0,0,0,0,1,0,0,0,0,0,0,0,0,0,0,0,0,0,0,4,0,40.133,-75.0108, , 
 ,43362,2014128368,6,67,67301,2014,12,7,230,2,3,2,1,4,1, , ,N,1,2,0,3,0,2,2,2,N,N,40 05:04.029,75 02:18.148,232, ,230, ,0, ,N, ,3, , , , , ,505799, , , ,2,1,0,0,0,0,1,0,0,0,2,0,2,0,0,0,0,0,0,1,0,0,0,0,0,0,0,0,0,0,0,0,0,0,0,3,0,40.0845,-75.0384, , 
 ,43363,2014103563,6,67,67301,2014,9,1,125,1,3,1,0,6,1, , ,N,1,2,0,3,0,0,4,2,N, ,40 00:11.393,75 09:08.837,145, ,135, ,0, , , ,3, , , , , ,505812, , , ,2,2,0,0,0,0,0,0,0,0,0,0,0,0,2,0,0,0,0,1,1,0,0,2,0,0,0,0,0,0,0,0,0,0,0,9,0,40.0032,-75.1525, , 
 ,43364,2014104548,6,67,67301,2014,8,1,2033,20,4,1,0,8,1, , ,N,1,2,0,3,0,1,2,2,N, ,40 07:24.747,75 00:55.270,2040, ,2033, ,0, , , ,3, , , , , ,505813, , , ,1,0,0,0,0,0,0,0,0,0,0,0,1,1,0,0,0,0,0,0,0,0,0,0,0,0,0,0,0,0,0,0,1,0,0,8,0,40.1235,-75.0154, , 
 ,43365,2014104575,6,67,67301,2014,9,2,1230,12,1,1,0,4,1, , ,N,2,2,0,3,0,1,3,3,N, ,39 53:43.557,75 14:00.547,1240, ,1235, ,0, , , ,3, , , , , ,505814, , , ,3,3,0,0,0,0,0,0,0,0,0,1,1,0,0,0,0,0,0,0,1,0,0,0,0,0,0,0,0,0,0,0,0,0,0,4,0,39.8954,-75.2335, , 
 ,43366,2015001645,6,67,67301,2014,12,1,24,0,3,1,0,7,4, , ,N,0,0,0,3,0,0,3,1,N,N,39 57:35.530,75 10:43.534,24, ,24,1,1,3,N, ,0,N, , , , ,505829, , , ,1,1,0,0,0,0,0,0,0,0,0,0,0,0,0,0,0,0,0,0,0,0,0,0,0,0,0,0,0,0,0,0,0,0,0,0,0,39.9599,-75.1788, , 
 ,43367,2015030502,6,67,67301,2014,11,5,330,3,3,1,0,4,1, , ,N,1,2,0,3,0,6,7,2,N,N,40 00:19.420,75 06:33.689,0, ,0, ,0, ,N, ,3, , , , , ,505831, , , ,2,1,0,0,0,1,0,0,0,3,0,2,6,1,0,0,0,0,0,0,1,0,0,0,0,0,0,3,0,0,0,0,0,0,0,2,1,40.0054,-75.1094, , 
 ,43368,2014115619,6,67,67301,2014,11,4,809,8,1,1,0,6,6, , ,N,0,0,0,3,0,1,3,4,N,N,39 57:54.752,75 14:24.439,832, ,811, ,0, ,N, ,0, , , , , ,505840, , , ,4,2,0,0,0,0,0,0,0,0,0,1,1,0,0,0,0,0,0,0,1,1,0,0,0,0,0,0,0,0,0,0,0,0,0,4,0,39.9652,-75.2401, , 
 ,43369,2014120925,6,67,67301,2014,11,7,1005,10,1,1,0,5,1, , ,N,0,0,0,3,0,0,2,2,N,N,40 03:34.489,75 03:07.109,1013, ,1009, ,0, ,N, ,0, , , , , ,505845, , , ,2,2,0,0,0,0,0,0,0,0,0,0,0,0,0,0,0,0,0,0,1,0,0,0,0,0,0,0,0,0,0,0,0,0,0,0,0,40.0596,-75.052, , 
 ,43370,2015030424,6,67,67301,2014,11,3,1120,11,1,1,0,1,1, , ,N,2,3,0,3,0,3,4,2,N,N,39 54:26.334,75 13:41.041,0, ,0, ,0, ,N, ,3, , , , , ,505859, , , ,2,2,0,0,0,0,0,0,0,3,0,0,3,0,0,0,0,0,0,0,0,0,0,0,0,0,0,3,0,0,0,0,0,0,0,2,0,39.9073,-75.2281, , 
 ,43371,2014129890,6,67,67301,2014,11,6,1815,18,3,1,0,8,1, , ,N,1,3,0,3,0,1,2,2,N,N,39 56:22.808,75 10:16.798,1820, ,1818, ,0, ,N, ,3, , , , , ,505861, , , ,1,1,0,0,0,0,0,0,0,0,0,1,1,0,0,0,0,0,0,0,1,0,0,0,0,0,0,0,0,0,0,0,1,0,0,4,0,39.9397,-75.1713, , 
 ,43372,2015020609,6,67,67301,2014,7,3,850,8,1,1,0,4,1, , ,N,1,2,0,3,0,1,2,3,N,N,39 58:41.188,75 09:52.480,948, ,943, ,0, ,N, ,3, , , , , ,505866, , , ,3,2,0,0,0,0,0,0,0,0,0,1,1,0,0,0,0,0,0,0,0,0,0,0,0,0,0,0,0,0,0,0,0,0,0,4,0,39.9781,-75.1646, , 
 ,43373,2015025046,6,67,67301,2014,12,6,1630,16,4,1,0,2,1, , ,N,1,2,0,3,0,3,6,4,N,N,40 03:25.988,75 00:04.335,1643, ,1633, ,0, ,N, ,3, , , , , ,505895, , , ,4,2,0,0,0,0,1,0,0,0,0,0,3,3,0,0,0,0,1,0,1,0,0,0,0,0,0,0,0,0,0,0,0,0,0,8,0,40.0572,-75.0012, , 
 ,43374,2014081140,6,67,67301,2014,8,2,1533,15,1,1,0,1,1, , ,N,0,0,0,3,0,1,2,2,N,N,39 59:44.097,75 11:51.515,1540, ,1535, ,0, ,N, ,0, , , , , ,505905, , , ,2,0,1,0,0,0,1,0,0,0,0,0,1,1,0,0,0,0,0,0,1,0,0,0,0,0,0,0,0,0,0,0,0,0,0,8,0,39.9956,-75.1976, , 
 ,43375,2014088115,6,67,67301,2014,8,5,1840,18,1,1,0,4,1, , ,N,1,3,0,3,0,2,2,2,N,N,40 01:08.120,75 02:58.216,1920, ,1909, ,0, ,N, ,3, , , , , ,505911, , , ,2,2,0,0,0,0,0,0,0,0,0,2,2,0,0,0,0,0,0,0,1,0,0,0,0,0,0,0,0,0,0,0,0,0,0,4,0,40.0189,-75.0495, , 
 ,43376,2015002667,6,67,67301,2014,9,5,1240,12,1,2,1,6,1, , ,N,0,0,0,3,0,6,6,4,N,N,39 59:07.618,75 12:08.693,1256, ,1246,3,2,5,N, ,0,Y, , , , ,505935, , , ,4,3,0,0,0,0,1,0,0,1,0,0,6,5,0,0,0,0,0,0,0,2,1,0,0,0,0,1,0,0,0,0,0,0,0,2,0,39.9854,-75.2024, , 
 ,43377,2015020768,6,67,67301,2014,12,7,545,5,5,9,8,1,6, , ,N,0,0,0,3,0,3,3,2,N,N,39 59:59.420,75 05:55.462,730, ,718, ,0, ,N, ,0, , , , , ,505938, , , ,2,1,0,0,0,0,0,0,0,0,0,0,3,3,0,0,0,0,0,0,0,0,0,0,0,0,0,0,0,0,0,0,0,0,0,8,0,39.9998,-75.0987, , 
 ,43378,2015002689,6,67,67301,2014,11,1,715,7,1,1,0,8,1, , ,N,0,0,0,3,0,1,2,2,N, ,39 59:25.426,75 07:38.969,754, ,740, ,0, , , ,0, , , , , ,505947, , , ,1,1,0,0,0,0,0,0,0,1,0,0,1,0,0,0,0,0,0,0,0,0,0,0,0,0,0,0,0,0,0,0,1,0,1,2,0,39.9904,-75.1275, , 
 ,43379,2015020619,6,67,67301,2014,7,7,7,0,3,1,0,4,1, , ,N,0,0,0,3,0,3,5,2,N,N,39 59:50.497,75 05:36.277,44, ,40,3,2,6,N, ,0,Y, , , , ,505957, , , ,2,2,0,0,0,0,0,0,0,2,0,1,3,0,0,0,0,0,0,0,0,0,0,2,0,1,0,1,0,0,0,0,0,0,0,2,0,39.9974,-75.0934, , 
 ,43380,2014130396,6,67,67301,2014,12,6,1249,12,1,1,0,5,1, , ,N,0,0,0,3,0,1,2,2,N,N,39 57:12.895,75 10:25.184,1258, ,1253,1,1,3,N, ,0,Y, , , , ,505977, , , ,2,2,0,0,0,0,0,0,0,1,0,0,1,0,0,0,0,0,0,0,1,0,0,0,0,0,0,1,0,0,0,0,0,0,0,2,0,39.9536,-75.1737, , 
Y,43381,2014106348,6,67,67301,2014,10,6,2321,23,3,1,0,1,1,1,4,Y,0,0,0,3,0,3,8,3,N,N,40 01:05.943,75 02:52.137,2341,45,2321,2,1,2,N, ,0,N,Y,N,N,N,505986,N,N,Y,3,2,0,0,0,0,1,0,0,0,0,0,3,3,0,1,0,0,0,0,0,0,0,0,0,0,0,0,0,0,0,0,0,0,0,8,0,40.0183,-75.0478, , 
 ,43382,2014106651,6,67,67301,2014,10,1,938,9,1,1,0,4,1, , ,N,0,0,7,3,0,1,3,2,N,N,39 54:17.416,75 14:17.075,945, ,941,2,1,3, , ,0,N, , , , ,505987, , , ,2,1,0,0,0,0,1,0,0,0,0,1,1,0,0,0,0,0,0,0,0,0,1,0,0,0,0,0,0,0,0,0,0,0,0,4,0,39.9048,-75.2381, , 
 ,43383,2014113304,6,67,67301,2014,10,2,1520,15,1,1,0,4,1, , ,N,1,2,0,3,0,1,2,2,N,N,39 55:26.880,75 14:43.716,1530, ,1530, ,0, , , ,3, , , , , ,505992, , , ,2,1,0,0,0,0,1,0,0,0,0,0,1,1,0,0,0,0,0,0,1,1,0,0,0,0,0,0,0,0,0,0,0,0,0,8,0,39.9241,-75.2455, , 
 ,43384,2014121449,6,67,67301,2014,11,5,1814,18,2,1,0,4,1, , ,N,1,3,0,3,0,1,2,2,N,N,39 55:32.642,75 09:38.829,1824, ,1814, ,0, ,N, ,3, , , , , ,506016, , , ,1,0,0,0,0,0,0,1,1,0,0,0,1,1,0,0,0,0,0,0,0,1,0,0,0,0,0,0,0,0,0,0,0,0,0,8,0,39.9257,-75.1608, , 
 ,43385,2014121477,6,67,67301,2014,11,6,1545,15,1,1,0,4,1, , ,N,1,3,0,3,0,0,2,2,N,N,40 01:11.910,75 07:28.883,1600, ,1558, ,0, ,N, ,3, , , , , ,506017, , , ,2,0,0,0,0,0,0,2,0,0,0,0,0,0,0,0,0,0,0,0,1,0,0,0,0,0,0,0,0,0,0,0,0,0,0,0,0,40.02,-75.1247, , 