wz_ln_closure,objectid_1,crn,district,county,municipality,crash_year,crash_month,day_of_week,time_of_day,hour_of_day,illumination,weather,road_condition,collision_type,relation_to_road,work_zone_type,work_zone_loc,work_zone_ind,intersect_type,tcd_type,location_type,urban_rural,fatal_count,injury_count,person_count,total_units,sch_bus_ind,sch_zone_ind,latitude,longitude,arrival_tm,cons_zone_spd_lim,dispatch_tm,est_hrs_closed,lane_closed,ln_close_dir,ntfy_hiwy_maint,spec_juris_cd,tcd_func_cd,tfc_detour_ind,workers_pres,wz_close_detour,wz_flagger,wz_law_offcr_ind,objectid,wz_moving,wz_other,wz_shlder_mdn,vehicle_count,automobile_count,motorcycle_count,bus_count,small_truck_count,heavy_truck_count,suv_count,van_count,bicycle_count,maj_inj_count,mod_inj_count,min_inj_count,tot_inj_count,unk_inj_deg_count,unk_inj_per_count,driver_count_16yr,driver_count_17yr,driver_count_18yr,driver_count_19yr,driver_count_20yr,driver_count_50_64yr,driver_count_65_74yr,driver_count_75plus,unbelted_occ_count,unb_death_count,unb_maj_inj_count,belted_death_count,belted_maj_inj_count,mcycle_death_count,mcycle_maj_inj_count,bicycle_death_count,bicycle_maj_inj_count,ped_count,ped_death_count,ped_maj_inj_count,max_severity_level,comm_veh_count,dec_lat,dec_long,rdwy_surf_type_cd,county_name
 ,43386,2014130416,6,67,67301,2014,12,7,138,1,3,1,0,7,4, , ,N,0,0,0,3,0,0,1,1,N,N,40 02:11.001,75 05:16.846,143, ,140,4,2,6,N, ,0,Y, , , , ,506024, , , ,1,1,0,0,0,0,0,0,0,0,0,0,0,0,0,0,0,0,0,0,0,0,0,0,0,0,0,0,0,0,0,0,0,0,0,0,0,40.0364,-75.088, , 
 ,43387,2015006682,6,67,67301,2014,12,1,245,2,3,1,0,1,2, , ,N,0,0,0,3,0,1,3,2,N, ,39 58:20.740,75 08:40.180,314, ,255, ,0, , , ,0, , , , , ,506040, , , ,2,1,0,0,0,0,0,0,0,0,1,0,1,0,0,0,0,0,0,0,0,0,0,0,0,0,0,0,0,0,0,0,0,0,0,3,0,39.9724,-75.1445, , 
 ,43388,2014125138,6,67,67301,2014,11,1,2000,20,3,1,0,4,1, , ,N,1,3,0,3,0,1,2,2,N,N,40 03:31.504,75 03:02.099,2055, ,2050, ,0, , , ,3, , , , , ,506043, , , ,2,2,0,0,0,0,0,0,0,0,0,1,1,0,0,0,0,0,0,1,1,0,0,0,0,0,0,0,0,0,0,0,0,0,0,4,0,40.0588,-75.0506, , 
 ,43389,2014130438,6,67,67301,2014,12,7,19,0,3,1,0,1,1, , ,N,1,2,0,3,0,0,3,3,N,N,39 56:37.139,75 09:55.997,21, ,19, ,0, ,N, ,3, , , , , ,506047, , , ,3,2,0,0,0,0,1,0,0,0,0,0,0,0,0,0,0,0,0,0,1,0,0,0,0,0,0,0,0,0,0,0,0,0,0,0,0,39.9437,-75.1654, , 
 ,43390,2014125008,6,67,67301,2014,11,4,733,7,1,2,1,5,1, , ,N,2,2,0,3,0,0,2,2,N,N,39 57:36.624,75 08:13.909,849, ,844, ,0, ,N, ,3, , , , , ,506056, , , ,2,1,0,0,0,1,0,0,0,0,0,0,0,0,0,0,0,0,0,0,0,0,0,0,0,0,0,0,0,0,0,0,0,0,0,0,1,39.9602,-75.1372, , 
 ,43391,2014127551,6,67,67301,2014,12,1,9999,99,3,1,0,8,1, , ,N,5,2,1,3,0,1,2,2,N,N,39 59:56.641,75 06:31.521,9999, ,9999, ,0, ,N, ,3, , , , , ,506060, , , ,1,1,0,0,0,0,0,0,0,0,1,0,1,0,0,0,0,0,0,0,0,0,0,0,0,0,0,0,0,0,0,0,1,0,0,3,0,39.9991,-75.1088, , 
 ,43392,2015006704,6,67,67301,2014,12,6,655,6,1,1,0,5,6, , ,N,0,0,0,3,0,0,1,5,N,N,40 00:50.684,75 08:50.294,659, ,655, ,0, ,N, ,0, , , , , ,506069, , , ,5,2,0,0,0,0,1,2,0,0,0,0,0,0,0,0,0,0,0,0,0,0,0,0,0,0,0,0,0,0,0,0,0,0,0,0,0,40.0141,-75.1473, , 
 ,43393,2015000387,6,67,67301,2014,12,6,1120,11,1,1,0,5,1, , ,N,0,0,0,3,0,2,3,2,N,N,39 57:04.131,75 10:43.446,1130, ,1124, ,0, ,N, ,0, , , , , ,506073, , , ,2,0,0,1,0,0,1,0,0,0,2,0,2,0,0,0,0,0,0,0,0,0,1,0,0,0,0,0,0,0,0,0,0,0,0,3,1,39.9511,-75.1787, , 
 ,43394,2015006103,6,67,67301,2014,12,3,1450,14,1,2,1,6,1, , ,N,0,0,0,3,0,2,2,2,N,N,39 58:52.360,75 12:00.191,1457, ,1457,1,2,1,N, ,0,Y, , , , ,506075, , , ,2,2,0,0,0,0,0,0,0,0,0,0,2,2,0,0,0,0,0,0,1,0,0,0,0,0,0,0,0,0,0,0,0,0,0,8,0,39.9812,-75.2001, , 
 ,43395,2014130391,6,67,67301,2014,12,1,1600,16,1,1,0,4,1, , ,N,1,2,0,3,0,0,5,3,N,N,40 04:38.723,75 10:31.829,1623, ,1621,2,2,6,N, ,3,Y, , , , ,506090, , , ,3,1,0,0,0,0,2,0,0,0,0,0,0,0,0,0,0,0,0,0,1,0,0,0,0,0,0,0,0,0,0,0,0,0,0,0,0,40.0774,-75.1755, , 
 ,43396,2014120933,6,67,67301,2014,11,2,830,8,1,1,0,4,1, , ,N,1,2,0,3,0,1,2,2,N,N,40 01:27.102,75 05:43.897,9999, ,830, ,0, ,N, ,3, , , , , ,500431, , , ,2,1,0,0,1,0,0,0,0,0,0,1,1,0,0,0,0,0,0,0,1,0,0,0,0,0,0,0,0,0,0,0,0,0,0,4,0,40.0242,-75.0955, , 
 ,43397,2015006616,6,67,67301,2014,12,4,1829,18,3,1,0,1,1, , ,N,1,2,0,3,0,1,3,2,N,N,39 59:05.257,75 10:41.330,1833, ,1830, ,0, ,N, ,3, , , , , ,500439, , , ,2,1,0,0,1,0,0,0,0,0,0,0,1,1,0,0,0,0,0,0,0,0,0,0,0,0,0,0,0,0,0,0,0,0,0,8,0,39.9848,-75.1781, , 
 ,43398,2015006651,6,67,67301,2014,12,4,1621,16,1,1,0,4,1, , ,N,0,0,7,3,0,0,2,2,N,N,40 07:22.902,75 00:56.188,1640, ,1632, ,0, , , ,0, , , , , ,500440, , , ,2,1,0,0,1,0,0,0,0,0,0,0,0,0,0,0,0,0,0,0,0,0,0,0,0,0,0,0,0,0,0,0,0,0,0,0,0,40.123,-75.0156, , 
 ,43399,2014131805,6,67,67301,2014,12,2,845,8,1,1,0,4,1, , ,N,1,2,0,3,0,0,3,3,N,N,40 06:50.926,74 59:15.880,930, ,926,9,1,1,N, ,3,N, , , , ,500452, , , ,3,2,0,0,1,0,0,0,0,0,0,0,0,0,0,0,0,0,0,0,0,1,0,0,0,0,0,0,0,0,0,0,0,0,0,0,0,40.1141,-74.9877, , 
 ,43400,2014104591,6,67,67301,2014,10,7,1820,18,1,1,0,4,1, , ,N,1,2,0,3,0,1,2,2,N, ,39 58:56.395,75 06:42.922,1837, ,1835, ,0, , , ,3, , , , , ,500460, , , ,2,1,0,0,0,0,1,0,0,0,0,1,1,0,0,0,0,0,0,0,0,0,0,0,0,0,0,0,0,0,0,0,0,0,0,4,0,39.9823,-75.1119, , 
 ,43401,2014113254,6,67,67301,2014,10,1,9999,99,1,1,0,1,1, , ,N,0,0,0,3,0,0,4,3,N,N,40 00:25.017,75 12:50.759,1340, ,1331, ,0, ,N, ,0, , , , , ,500470, , , ,3,3,0,0,0,0,0,0,0,0,0,0,0,0,0,0,0,0,0,0,0,0,0,0,0,0,0,0,0,0,0,0,0,0,0,0,0,40.0069,-75.2141, , 
 ,43402,2014113301,6,67,67301,2014,11,7,1650,16,4,2,1,4,1, , ,N,1,2,0,3,0,1,2,2,N,N,39 59:05.157,75 07:00.015,9999, ,1659, ,0, ,N, ,3, , , , , ,500471, , , ,2,2,0,0,0,0,0,0,0,0,1,0,1,0,0,0,0,0,0,0,1,0,0,0,0,0,0,0,0,0,0,0,0,0,0,3,0,39.9848,-75.1167, , 
 ,43403,2014113312,6,67,67301,2014,10,4,1635,16,1,2,1,8,1, , ,N,0,2,0,3,0,1,2,2,N,N,39 55:55.179,75 12:59.687,1655, ,1643, ,0, ,N, ,3, , , , , ,500472, , , ,1,1,0,0,0,0,0,0,0,0,0,1,1,0,0,0,0,0,0,0,1,0,0,0,0,0,0,0,0,0,0,0,1,0,0,4,0,39.932,-75.2166, , 
 ,43404,2014115658,6,67,67301,2014,11,5,1703,17,3,2,1,8,1, , ,N,3,0,0,3,0,1,2,2,N, ,40 00:01.386,75 09:59.579,1714, ,1707, ,0, , , ,0, , , , , ,500478, , , ,1,1,0,0,0,0,0,0,0,0,0,1,1,0,1,0,0,0,0,0,0,0,0,0,0,0,0,0,0,0,0,0,1,0,0,4,0,40.0004,-75.1665, , 
 ,43405,2014127442,6,67,67301,2014,12,7,115,1,3,2,1,6,1, , ,N,2,0,0,3,0,0,2,2,N,N,40 01:13.039,75 09:46.119,124, ,119, ,0, ,N, ,0, , , , , ,500489, , , ,2,1,0,0,1,0,0,0,0,0,0,0,0,0,0,0,0,0,0,0,0,0,0,0,0,0,0,0,0,0,0,0,0,0,0,0,0,40.0203,-75.1628, , 
 ,43406,2014099207,6,67,67301,2014,9,2,9999,99,1,1,0,4,1, , ,N,1,3,0,3,0,1,2,2,N,N,40 02:26.275,75 09:05.486,1838, ,1836, ,0, ,N, ,3, , , , , ,500498, , , ,1,1,0,0,0,0,0,0,1,0,0,1,1,0,0,0,0,0,0,0,0,0,0,0,0,0,0,0,0,0,0,0,0,0,0,4,0,40.0406,-75.1515, , 
 ,43407,2014107208,6,67,67301,2014,10,3,1750,17,1,1,0,1,1, , ,N,5,2,0,3,0,1,2,2,N,N,39 59:00.507,75 10:53.502,1800, ,1753, ,0, ,N, ,3, , , , , ,500509, , , ,2,2,0,0,0,0,0,0,0,0,0,1,1,0,0,0,0,0,0,0,0,0,0,0,0,0,0,0,0,0,0,0,0,0,0,4,0,39.9835,-75.1815, , 
 ,43408,2014109910,6,67,67301,2014,10,2,2320,23,3,1,0,7,5, , ,N,0,0,0,3,0,1,1,1,N,N,39 59:49.178,75 12:17.532,2335, ,2326, ,0, ,N, ,0, , , , , ,500511, , , ,1,0,0,0,0,0,1,0,0,0,0,1,1,0,0,0,0,0,0,0,0,0,0,0,0,0,0,0,0,0,0,0,0,0,0,4,0,39.997,-75.2049, , 
 ,43409,2014130410,6,67,67301,2014,12,2,1740,17,3,2,1,8,1, , ,N,1,2,0,3,0,1,2,2,N,N,39 57:07.402,75 10:24.565,1810, ,1754, ,0, ,N, ,3, , , , , ,500532, , , ,1,0,0,0,0,0,1,0,0,0,0,1,1,0,0,0,0,0,0,0,0,1,0,0,0,0,0,0,0,0,0,0,1,0,0,4,0,39.952,-75.1734, , 
 ,43410,2014104991,6,67,67301,2014,9,7,1327,13,1,1,0,4,1, , ,N,1,2,0,3,0,4,5,2,N, ,39 56:25.327,75 14:11.791,1334, ,1328, ,0, , , ,3, , , , , ,500545, , , ,2,1,0,0,0,0,1,0,0,0,0,0,4,4,0,0,0,0,0,0,0,0,0,0,0,0,0,0,0,0,0,0,0,0,0,8,0,39.9404,-75.2366, , 
 ,43411,2015002753,6,67,67301,2014,12,6,804,8,1,1,0,4,1, , ,N,1,2,0,3,0,1,4,2,N, ,40 01:43.697,75 05:23.235,814, ,804,9,1,1, , ,3,N, , , , ,500570, , , ,2,2,0,0,0,0,0,0,0,0,0,1,1,0,0,0,0,0,1,0,0,0,0,0,0,0,0,0,0,0,0,0,0,0,0,4,0,40.0288,-75.0898, , 
 ,43412,2014113286,6,67,67301,2014,10,4,1800,18,3,2,1,5,6, , ,N,0,0,0,3,0,0,1,2,N,N,39 54:52.807,75 10:48.261,1820, ,1819, ,0, ,N, ,0, , , , , ,500576, , , ,2,2,0,0,0,0,0,0,0,0,0,0,0,0,0,0,0,0,0,0,1,0,0,0,0,0,0,0,0,0,0,0,0,0,0,0,0,39.9147,-75.1801, , 
 ,43413,2014120282,6,67,67301,2014,11,7,150,1,3,1,0,1,1, , ,N,5,2,0,3,0,0,2,2,N,N,40 02:26.242,75 10:11.315,156, ,156, ,0, ,N, ,3, , , , , ,500584, , , ,2,2,0,0,0,0,0,0,0,0,0,0,0,0,0,0,0,0,0,0,1,0,0,1,0,0,0,0,0,0,0,0,0,0,0,0,0,40.0406,-75.1698, , 
 ,43414,2015006074,6,67,67301,2014,12,3,1300,13,1,2,1,8,1, , ,N,1,2,0,3,0,1,2,2,N, ,39 58:17.205,75 09:33.736,1315, ,1310, ,0, , , ,3, , , , , ,502900, , , ,1,1,0,0,0,0,0,0,0,0,0,0,1,1,0,0,0,0,0,0,0,0,0,0,0,0,0,0,0,0,0,0,1,0,0,8,0,39.9714,-75.1594, , 
 ,43415,2014130484,6,67,67301,2014,11,4,425,4,3,1,0,4,1, , ,N,1,1,0,3,0,1,2,2,N, ,39 57:25.085,75 13:31.946,430, ,426, ,0, , , ,3, , , , , ,502909, , , ,2,1,0,0,0,0,1,0,0,0,1,0,1,0,0,0,0,0,0,0,1,0,0,0,0,0,0,0,0,0,0,0,0,0,0,3,0,39.957,-75.2255, , 
 ,43416,2014127471,6,67,67301,2014,11,5,2250,22,3,8,1,7,5, , ,N,1,0,0,3,0,2,2,1,N,N,39 57:17.946,75 14:39.393,2250, ,2240, ,0, ,N, ,0, , , , , ,502920, , , ,1,0,0,0,0,0,1,0,0,0,0,0,2,2,0,0,0,0,0,0,0,0,0,0,0,0,0,0,0,0,0,0,0,0,0,8,0,39.955,-75.2443, , 
 ,43417,2014096850,6,67,67301,2014,8,7,529,5,3,1,0,8,1, , ,N,1,2,0,3,1,0,2,2,N,N,40 01:24.369,75 08:21.713,536, ,532,3,2,5,N,0,3,Y, , , , ,502930, , , ,1,0,0,0,0,0,0,0,0,0,0,0,0,0,1,0,0,0,0,0,0,0,0,0,0,0,0,0,0,0,0,0,1,1,0,1,0,40.0234,-75.1394,2, 
 ,43418,2015006133,6,67,67301,2014,12,2,9999,99,3,1,0,4,1, , ,N,1,3,0,3,0,1,3,3,N, ,40 01:23.210,75 07:26.428,2030, ,1900, ,0, , , ,3, , , , , ,502944, , , ,3,1,0,0,0,0,1,1,0,0,0,1,1,0,2,0,0,0,0,0,0,1,0,0,0,0,0,0,0,0,0,0,0,0,0,4,0,40.0231,-75.124, , 
 ,43419,2015009583,6,67,67301,2014,11,1,230,2,3,1,0,7,4, , ,N,0,0,0,3,1,0,1,1,N,N,39 54:50.048,75 08:16.548,231, ,232,9,2,2,N,0,0,Y, , , , ,502945, , , ,1,1,0,0,0,0,0,0,0,0,0,0,0,0,0,0,0,0,0,0,0,0,0,0,0,0,0,0,0,0,0,0,0,0,0,1,0,39.9139,-75.1379,2, 
 ,43420,2015030534,6,67,67301,2014,11,4,1130,11,1,1,0,1,1, , ,N,0,2,0,3,0,1,2,2,N,N,40 03:13.142,75 05:29.925,0, ,0, ,0, ,N, ,3, , , , , ,502946, , , ,2,0,0,0,0,0,0,1,0,0,0,0,1,1,0,0,0,0,0,0,0,0,0,0,0,0,0,0,0,0,0,0,0,0,0,8,0,40.0537,-75.0916, , 
 ,43421,2014095942,6,67,67301,2014,8,5,1325,13,1,1,0,4,1, , ,N,1,3,0,3,0,1,3,2,N,N,39 56:59.870,75 14:06.658,1325, ,1325, ,0, ,N, ,3, , , , , ,502947, , , ,2,2,0,0,0,0,0,0,0,1,0,0,1,0,0,0,0,0,0,0,1,1,0,0,0,0,0,0,0,0,0,0,0,0,0,2,0,39.95,-75.2352, , 
 ,43422,2014106787,6,67,67301,2014,9,6,2030,20,3,1,0,4,1, , ,N,1,3,0,3,1,3,4,2,N,N,40 03:42.926,75 10:49.843,2035, ,2032,4,2,7, ,0,3,Y, , , , ,502957, , , ,2,1,0,0,0,0,1,0,0,0,0,1,3,2,0,0,0,0,0,0,0,1,0,0,0,0,0,0,0,0,0,0,0,0,0,1,0,40.0619,-75.1805,1, 
 ,43423,2014130518,6,67,67301,2014,12,4,1600,16,1,1,0,4,1, , ,N,1,3,0,3,0,1,2,2,N,N,39 58:44.983,75 10:22.119,1602, ,1601, ,0, ,N, ,3, , , , , ,502991, , , ,1,1,0,0,0,0,0,0,1,0,0,0,1,1,0,0,0,0,0,0,1,0,0,0,0,0,0,0,0,0,0,0,0,0,0,8,0,39.9792,-75.1728, , 
 ,43424,2014104554,6,67,67301,2014,9,1,215,2,3,1,0,4,1, , ,N,1,3,0,3,0,0,6,2,N, ,39 57:29.433,75 13:44.921,220, ,219, ,0, , , ,3, , , , , ,503004, , , ,2,2,0,0,0,0,0,0,0,0,0,0,0,0,0,0,0,0,0,0,0,0,0,0,0,0,0,0,0,0,0,0,0,0,0,0,0,39.9582,-75.2291, , 
 ,43425,2014113379,6,67,67301,2014,10,3,552,5,6,1,0,1,1, , ,N,0,0,0,3,0,1,2,2,N,N,40 00:02.537,75 04:59.171,617, ,553, ,0, ,Y, ,0, , , , , ,503012, , , ,2,1,0,0,1,0,0,0,0,0,0,0,1,1,1,0,0,0,0,0,0,0,0,0,0,0,0,0,0,0,0,0,0,0,0,8,0,40.0007,-75.0831, , 
 ,43426,2014124458,6,67,67301,2014,11,1,1115,11,1,1,0,4,1, , ,N,0,0,0,3,0,0,2,2,N, ,39 53:28.110,75 14:04.924,1210, ,1204, ,0, , , ,0, , , , , ,503024, , , ,2,2,0,0,0,0,0,0,0,0,0,0,0,0,0,0,0,0,0,0,2,0,0,0,0,0,0,0,0,0,0,0,0,0,0,0,0,39.8911,-75.2347, , 
 ,43427,2014109909,6,67,67301,2014,10,6,800,8,1,1,0,1,1, , ,N,0,0,0,3,0,1,3,3,N,N,40 02:28.603,75 05:53.053,815, ,801,9,1,2,N, ,0,N, , , , ,503031, , , ,3,1,0,0,0,0,1,1,0,0,0,1,1,0,0,0,0,0,0,0,1,0,0,0,0,0,0,0,0,0,0,0,0,0,0,4,0,40.0413,-75.0981, , 
 ,43428,2014111499,6,67,67301,2014,10,3,1910,19,3,1,0,1,1, , ,N,1,2,0,3,0,1,5,2,N, ,40 06:06.760,75 02:22.992,1918, ,1913, ,0, , , ,3, , , , , ,503054, , , ,2,1,0,0,0,0,0,1,0,0,0,1,1,0,0,0,0,0,0,0,0,0,0,0,0,0,0,0,0,0,0,0,0,0,0,4,0,40.1019,-75.0397, , 
 ,43429,2014113291,6,67,67301,2014,10,7,1515,15,1,1,0,4,1, , ,N,5,2,0,3,0,1,3,2,N,N,39 58:53.480,75 13:26.612,1530, ,1521, ,0, ,N, ,3, , , , , ,503055, , , ,2,1,1,0,0,0,0,0,0,1,0,0,1,0,0,0,0,0,0,0,0,0,0,0,0,0,0,0,0,1,0,0,0,0,0,2,0,39.9815,-75.2241, , 
 ,43430,2014123611,6,67,67301,2014,11,7,37,0,3,1,0,7,2, , ,N,0,0,0,3,0,0,1,1,N,N,39 59:18.754,75 05:18.903,48, ,38,1,1,2,N, ,0,N, , , , ,503064, , , ,1,1,0,0,0,0,0,0,0,0,0,0,0,0,0,0,0,0,0,0,1,0,0,0,0,0,0,0,0,0,0,0,0,0,0,0,0,39.9885,-75.0886, , 
 ,43431,2014127412,6,67,67301,2014,11,4,1255,12,1,2,1,4,1, , ,N,1,2,0,3,0,1,2,2,N,N,39 57:55.296,75 09:45.035,1305, ,1300, ,0, ,N, ,3, , , , , ,503068, , , ,1,1,0,0,0,0,0,0,1,0,0,1,1,0,0,0,0,0,0,0,0,0,0,0,0,0,0,0,0,0,0,0,0,0,0,4,0,39.9654,-75.1625, , 
 ,43432,2015018959,6,67,67301,2014,10,7,2125,21,3,1,0,8,1, , ,N,1,2,0,3,0,1,2,2,N,N,40 06:40.188,75 01:27.736,2128, ,2128, ,0, , , ,3, , , , , ,506094, , , ,1,1,0,0,0,0,0,0,0,0,0,1,1,0,0,0,0,0,0,0,0,0,0,0,0,0,0,0,0,0,0,0,1,0,0,4,0,40.1112,-75.0243, , 
 ,43433,2015002696,6,67,67301,2014,12,2,1730,17,3,1,0,8,1, , ,N,2,2,0,3,0,1,2,2,N,N,39 55:11.208,75 11:17.768,1906, ,1730, ,0, ,N, ,3, , , , , ,506108, , , ,1,1,0,0,0,0,0,0,0,0,0,1,1,0,0,0,0,0,0,0,0,1,0,0,0,0,0,0,0,0,0,0,1,0,0,4,0,39.9198,-75.1883, , 
 ,43434,2015040562,6,67,67301,2014,10,7,2019,20,3,2,1,6,1, , ,N,1,2,0,3,0,0,2,3,N, ,39 58:46.973,75 09:57.111,2023, ,2023,3,2,3, , ,3,Y, , , , ,506109, , , ,3,3,0,0,0,0,0,0,0,0,0,0,0,0,1,0,0,0,0,0,0,0,0,0,0,0,0,0,0,0,0,0,0,0,0,9,0,39.9797,-75.1658, , 
 ,43435,2014110373,6,67,67301,2014,8,1,1758,17,1,2,1,7,4, , ,N,1,3,0,3,0,4,4,2,N,N,39 58:36.426,75 16:09.548,1805, ,1758, ,0, ,N, ,3, , , , , ,506113, , , ,1,1,0,0,0,0,0,0,0,1,0,2,4,1,0,0,0,1,0,0,0,0,0,0,0,0,0,0,0,0,0,0,0,0,0,2,0,39.9768,-75.2693, , 
 ,43436,2014124983,6,67,67301,2014,11,6,2115,21,3,1,0,7,4, , ,N,1,0,0,3,0,0,1,1,N,N,39 53:40.603,75 14:12.181,2305, ,2300, ,0, ,N, ,0, , , , , ,506129, , , ,1,1,0,0,0,0,0,0,0,0,0,0,0,0,0,0,0,0,0,0,1,0,0,0,0,0,0,0,0,0,0,0,0,0,0,0,0,39.8946,-75.2367, , 
 ,43437,2014125027,6,67,67301,2014,11,1,25,0,3,1,0,4,1, , ,N,1,2,0,3,0,1,3,2,N,N,39 58:03.012,75 10:47.758,1559, ,1555, ,0, ,N, ,3, , , , , ,506163, , , ,2,1,0,0,0,0,1,0,0,0,0,0,1,1,1,0,0,0,0,0,0,0,0,0,0,0,0,0,0,0,0,0,0,0,0,8,0,39.9675,-75.1799, , 
 ,43438,2014127509,6,67,67301,2014,12,6,312,3,3,1,0,7,4, , ,N,2,2,2,3,0,0,1,1,N,N,39 58:29.022,75 11:53.809,320, ,313,3,2,6,N, ,3,Y, , , , ,506167, , , ,1,1,0,0,0,0,0,0,0,0,0,0,0,0,0,0,0,0,0,0,0,0,0,0,0,0,0,0,0,0,0,0,0,0,0,0,0,39.9747,-75.1983, , 
 ,43439,2014130398,6,67,67301,2014,12,5,755,7,1,4,5,1,1, , ,N,0,0,0,3,0,0,2,2,N,N,40 04:06.902,75 14:12.768,755, ,755,2,2,1,N, ,0,Y, , , , ,506171, , , ,2,1,0,0,0,0,1,0,0,0,0,0,0,0,0,0,0,0,0,0,0,0,0,0,0,0,0,0,0,0,0,0,0,0,0,0,0,40.0686,-75.2369, , 
 ,43440,2014113403,6,67,67301,2014,10,6,1155,11,1,1,0,4,1, , ,N,1,2,0,3,0,0,2,2,N, ,40 03:28.059,75 00:31.473,1204, ,1200,1,1,1, , ,3,N, , , , ,506174, , , ,2,2,0,0,0,0,0,0,0,0,0,0,0,0,0,0,0,0,0,0,2,0,0,0,0,0,0,0,0,0,0,0,0,0,0,0,0,40.0578,-75.0087, , 
 ,43441,2014121398,6,67,67301,2014,11,7,15,0,3,1,0,4,1, , ,N,0,0,7,3,0,2,3,2,N,N,40 03:04.075,75 08:57.683,55, ,48, ,0, ,N, ,0, , , , , ,506181, , , ,2,1,0,0,0,1,0,0,0,0,0,2,2,0,0,0,0,0,0,1,0,0,0,0,0,0,0,0,0,0,0,0,0,0,0,4,1,40.0511,-75.1494, , 
 ,43442,2014121536,6,67,67301,2014,11,7,317,3,3,1,0,7,2, , ,N,0,0,0,3,0,1,1,1,N,N,39 54:05.345,75 09:07.398,330, ,319,1,2,1,Y, ,0,N, , , , ,506182, , , ,1,1,0,0,0,0,0,0,0,0,1,0,1,0,0,0,0,0,0,0,0,0,0,0,0,0,0,0,0,0,0,0,0,0,0,3,0,39.9015,-75.1521, , 
 ,43443,2014131929,6,67,67301,2014,12,1,1238,12,1,1,0,1,1, , ,N,0,0,0,3,0,1,3,2,N,N,40 00:34.863,75 03:52.675,1254, ,1239, ,0, ,N, ,0, , , , , ,506188, , , ,2,0,0,0,0,0,2,0,0,0,0,0,1,1,0,0,0,0,0,0,1,0,0,0,0,0,0,0,0,0,0,0,0,0,0,8,0,40.0097,-75.0646, , 
 ,43444,2014103565,6,67,67301,2014,9,1,410,4,6,1,0,1,1, , ,N,1,0,0,3,0,1,3,2,N,N,40 01:01.180,75 11:17.957,411, ,410, ,0, , , ,0, , , , , ,506194, , , ,2,2,0,0,0,0,0,0,0,0,0,1,1,0,0,0,0,0,0,0,1,0,0,0,0,0,0,0,0,0,0,0,0,0,0,4,0,40.017,-75.1883, , 
 ,43445,2014113295,6,67,67301,2014,11,3,140,1,3,1,0,4,1, , ,N,1,2,0,3,0,3,3,3,N, ,39 55:26.156,75 13:19.597,155, ,148, ,0, , , ,3, , , , , ,506201, , , ,3,1,0,0,0,0,2,0,0,0,0,0,3,3,0,0,0,0,0,0,0,0,0,0,0,0,0,0,0,0,0,0,0,0,0,8,0,39.9239,-75.2221, , 
 ,43446,2015006637,6,67,67301,2014,12,7,1530,15,1,1,0,8,1, , ,N,1,2,0,3,0,1,3,2,N,N,40 02:50.960,75 08:34.014,1532, ,1532, ,0, ,N, ,3, , , , , ,506221, , , ,1,1,0,0,0,0,0,0,0,0,0,1,1,0,0,0,0,0,0,0,0,0,0,0,0,0,0,0,0,0,0,0,1,0,0,4,0,40.0475,-75.1428, , 
 ,43447,2015028775,6,67,67301,2014,7,2,37,0,3,2,1,5,1, , ,N,0,0,0,3,0,0,1,8,N,N,39 59:24.936,75 11:12.157,40, ,38, ,0, ,N, ,0, , , , , ,506225, , , ,8,7,0,0,1,0,0,0,0,0,0,0,0,0,0,0,0,0,0,0,0,0,0,0,0,0,0,0,0,0,0,0,0,0,0,0,0,39.9903,-75.1867, , 
 ,43448,2014130038,6,67,67301,2014,12,3,1423,14,1,2,1,1,1, , ,N,0,0,0,3,0,2,7,2,N,N,39 57:36.153,75 10:45.000,1453, ,1436, ,0, ,N, ,0, , , , , ,506230, , , ,2,0,0,0,0,0,2,0,0,0,0,0,2,2,0,0,0,0,0,0,0,0,0,0,0,0,0,0,0,0,0,0,0,0,0,8,0,39.96,-75.1792, , 
 ,43449,2014130433,6,67,67301,2014,12,3,1736,17,3,1,1,8,1, , ,N,1,2,0,3,0,3,4,4,N,N,39 57:34.106,75 13:59.495,1738, ,1738, ,0, ,N, ,3, , , , , ,506231, , , ,1,1,0,0,0,0,0,0,0,0,0,0,3,3,0,0,0,0,0,0,0,0,0,0,0,0,0,0,0,0,0,0,3,0,0,8,0,39.9595,-75.2332, , 
 ,43450,2013046407,6,67,67301,2013,4,5,845,8,1,1,0,4,1, , ,N,0,0,7,3,0,0,2,2,N,N,40 01:42.569,75 03:28.176,909, ,900, ,0, ,N, ,0, , , , , ,513059, , , ,2,2,0,0,0,0,0,0,0,0,0,0,0,0,0,0,0,0,0,1,0,0,0,0,0,0,0,0,0,0,0,0,0,0,0,0,0,40.0285,-75.0578, , 
 ,43451,2013029700,6,67,67301,2013,2,7,21,0,3,4,4,7,2, , ,N,0,0,0,3,0,0,1,1,N,N,39 58:32.386,75 07:30.594,25, ,23, ,0, ,N, ,0, , , , , ,513078, , , ,1,0,0,0,1,0,0,0,0,0,0,0,0,0,0,0,0,0,0,0,1,0,0,0,0,0,0,0,0,0,0,0,0,0,0,0,0,39.9757,-75.1252, , 