wz_ln_closure,objectid_1,crn,district,county,municipality,crash_year,crash_month,day_of_week,time_of_day,hour_of_day,illumination,weather,road_condition,collision_type,relation_to_road,work_zone_type,work_zone_loc,work_zone_ind,intersect_type,tcd_type,location_type,urban_rural,fatal_count,injury_count,person_count,total_units,sch_bus_ind,sch_zone_ind,latitude,longitude,arrival_tm,cons_zone_spd_lim,dispatch_tm,est_hrs_closed,lane_closed,ln_close_dir,ntfy_hiwy_maint,spec_juris_cd,tcd_func_cd,tfc_detour_ind,workers_pres,wz_close_detour,wz_flagger,wz_law_offcr_ind,objectid,wz_moving,wz_other,wz_shlder_mdn,vehicle_count,automobile_count,motorcycle_count,bus_count,small_truck_count,heavy_truck_count,suv_count,van_count,bicycle_count,maj_inj_count,mod_inj_count,min_inj_count,tot_inj_count,unk_inj_deg_count,unk_inj_per_count,driver_count_16yr,driver_count_17yr,driver_count_18yr,driver_count_19yr,driver_count_20yr,driver_count_50_64yr,driver_count_65_74yr,driver_count_75plus,unbelted_occ_count,unb_death_count,unb_maj_inj_count,belted_death_count,belted_maj_inj_count,mcycle_death_count,mcycle_maj_inj_count,bicycle_death_count,bicycle_maj_inj_count,ped_count,ped_death_count,ped_maj_inj_count,max_severity_level,comm_veh_count,dec_lat,dec_long,rdwy_surf_type_cd,county_name
 ,43452,2013012022,6,67,67301,2013,1,2,1853,18,3,1,0,7,5, , ,N,0,0,0,3,0,0,1,1,N,N,40 05:37.121,75 01:52.148,1855, ,1854, ,0, ,N, ,0, , , , , ,513118, , , ,1,1,0,0,0,0,0,0,0,0,0,0,0,0,1,0,0,0,0,0,0,0,1,0,0,0,0,0,0,0,0,0,0,0,0,9,0,40.0936,-75.0312, , 
N,43453,2013022776,6,67,67301,2013,2,6,1016,10,1,1,0,1,1,1,4,Y,0,0,0,3,0,0,1,2,N,N,40 01:18.101,75 02:21.968,1030,45,1021, ,0, ,N, ,0, ,Y,N,N,N,513130,N,N,Y,2,1,0,0,0,0,1,0,0,0,0,0,0,0,0,0,0,0,0,0,0,0,0,0,0,0,0,0,0,0,0,0,0,0,0,0,0,40.0216,-75.0396, , 
 ,43454,2013024930,6,67,67301,2013,1,2,655,6,1,1,0,4,1, , ,N,0,0,0,3,0,1,2,2,N,N,39 57:52.789,75 11:03.929,716, ,655,2,1,2,N, ,0,N, , , , ,513131, , , ,2,1,0,0,0,0,1,0,0,0,0,1,1,0,0,0,0,0,0,0,1,0,0,0,0,0,0,0,0,0,0,0,0,0,0,4,0,39.9647,-75.1844, , 
 ,43455,2013026956,6,67,67301,2013,2,1,302,3,3,1,0,4,1, , ,N,1,2,0,3,0,0,2,2,N,N,39 59:11.018,75 10:10.592,310, ,304, ,0, ,N, ,3, , , , , ,513133, , , ,2,0,0,0,0,0,1,1,0,0,0,0,0,0,0,0,0,0,0,0,0,0,0,0,0,0,0,0,0,0,0,0,0,0,0,0,0,39.9864,-75.1696, , 
 ,43456,2013034385,6,67,67301,2013,3,5,915,9,1,1,0,5,1, , ,N,0,0,0,3,0,0,3,2,N,N,40 00:27.641,75 12:03.044,927, ,927,2,1,4,N, ,0,N, , , , ,513144, , , ,2,1,0,0,0,0,0,0,0,0,0,0,0,0,1,0,0,0,0,0,0,0,0,0,0,0,0,0,0,0,0,0,0,0,0,9,0,40.0077,-75.2008, , 
 ,43457,2013037413,6,67,67301,2013,3,7,2007,20,3,1,1,1,1, , ,N,0,0,0,3,0,1,2,2,N,N,39 59:29.436,75 07:20.766,2020, ,2007, ,0, ,N, ,0, , , , , ,513149, , , ,2,0,0,0,0,0,2,0,0,0,0,1,1,0,0,0,0,0,0,0,0,0,0,1,0,0,0,0,0,0,0,0,0,0,0,4,0,39.9915,-75.1224, , 
 ,43458,2013041291,6,67,67301,2013,3,1,227,2,3,1,0,8,1, , ,N,0,0,0,3,0,1,2,2,N, ,39 57:10.753,75 10:06.504,1205, ,1200, ,0, , , ,0, , , , , ,513152, , , ,1,0,0,0,0,0,0,0,0,0,0,0,1,1,0,0,0,0,0,0,0,0,0,0,0,0,0,0,0,0,0,0,1,0,0,8,0,39.953,-75.1685, , 
 ,43459,2013016226,6,67,67301,2013,1,1,1359,13,1,1,0,6,1, , ,N,1,2,0,3,0,2,3,2,N,N,40 04:44.486,75 01:30.863,1402, ,1400, ,0, ,N, ,3, , , , , ,513167, , , ,2,1,0,0,0,0,1,0,0,0,0,0,2,2,0,0,0,0,0,0,2,0,0,0,0,0,0,0,0,0,0,0,0,0,0,8,0,40.0789,-75.0253, , 
 ,43460,2013024975,6,67,67301,2013,1,1,412,4,3,1,0,7,2, , ,N,0,0,0,3,1,0,1,1,N,N,40 05:13.206,74 58:16.635,418, ,416,3,2,3,Y,0,0,Y, , , , ,513171, , , ,1,0,0,0,0,0,1,0,0,0,0,0,0,0,0,0,0,0,0,0,0,0,0,0,0,0,0,0,0,0,0,0,0,0,0,1,0,40.087,-74.9713,2, 
 ,43461,2013029756,6,67,67301,2013,2,7,2330,23,3,1,0,4,1, , ,N,2,2,0,3,0,3,3,2,N, ,40 01:32.421,75 01:53.914,2340, ,2337, ,0, , , ,3, , , , , ,513174, , , ,2,1,0,0,0,0,1,0,0,0,0,0,3,3,0,0,0,1,0,0,0,0,0,0,0,0,0,0,0,0,0,0,0,0,0,8,0,40.0257,-75.0316, , 
 ,43462,2013029798,6,67,67301,2013,2,3,1318,13,1,1,0,3,1, , ,N,0,1,0,3,0,1,3,2,N,N,40 00:15.534,75 08:15.122,1318, ,1318, ,0, ,N, ,3, , , , , ,513175, , , ,2,1,0,0,1,0,0,0,0,0,0,0,1,1,0,0,0,0,0,1,0,0,0,1,0,0,0,0,0,0,0,0,0,0,0,8,0,40.0043,-75.1375, , 
 ,43463,2013046249,6,67,67301,2013,4,6,1300,13,1,1,0,4,1, , ,N,1,2,0,3,0,3,5,2,N, ,40 00:30.704,75 12:38.642,1307, ,1327,9,1,1, , ,3,N, , , , ,513194, , , ,2,1,0,0,0,0,0,1,0,0,0,0,3,3,0,0,0,0,0,0,0,0,0,0,0,0,0,0,0,0,0,0,0,0,0,8,0,40.0084,-75.211, , 
 ,43464,2013050238,6,67,67301,2013,4,2,2300,23,3,1,0,5,1, , ,N,0,0,0,3,0,0,1,2,N,N,40 02:31.894,75 08:18.988,2355, ,2345, ,0, ,N, ,0, , , , , ,513199, , , ,2,1,0,0,0,0,1,0,0,0,0,0,0,0,0,0,0,0,0,0,0,0,0,0,0,0,0,0,0,0,0,0,0,0,0,0,0,40.0422,-75.1386, , 
 ,43465,2013055336,6,67,67301,2013,5,2,1718,17,1,1,0,1,1, , ,N,0,0,0,3,0,0,2,2,N, ,40 05:26.096,75 01:58.442,1719, ,1718,1,1,1,N, ,0,N, , , , ,513204, , , ,2,1,0,0,0,0,1,0,0,0,0,0,0,0,0,0,0,0,0,0,0,0,0,0,0,0,0,0,0,0,0,0,0,0,0,0,0,40.0906,-75.0329, , 
 ,43466,2013024883,6,67,67301,2013,2,2,821,8,1,8,1,1,1, , ,N,0,0,0,3,0,2,4,2,N,N,40 02:42.464,75 05:38.752,830, ,821, ,0, , , ,0, , , , , ,513226, , , ,2,0,0,0,0,0,2,0,0,0,0,1,2,1,0,0,0,0,0,0,0,0,0,0,0,0,0,0,0,0,0,0,0,0,0,4,0,40.0451,-75.0941, , 
 ,43467,2013050266,6,67,67301,2013,4,1,1720,17,1,1,0,8,1, , ,N,0,0,0,3,0,1,2,2,N,N,39 55:51.211,75 10:18.116,1735, ,1730, ,0, ,N, ,0, , , , , ,513243, , , ,1,0,0,0,0,0,0,0,0,0,0,1,1,0,0,0,0,0,0,0,0,0,0,0,0,0,0,0,0,0,0,0,1,0,0,4,0,39.9309,-75.1717, , 
 ,43468,2013055632,6,67,67301,2013,5,7,2241,22,3,2,1,8,1, , ,N,1,0,0,3,0,1,2,2,N,N,40 01:21.280,75 03:19.890,2325, ,2325, ,0, ,N, ,0, , , , , ,513249, , , ,1,0,0,0,0,0,1,0,0,0,1,0,1,0,0,0,0,0,0,0,0,1,0,0,0,0,0,0,0,0,0,0,1,0,0,3,0,40.0226,-75.0555, , 
 ,43469,2015002745,6,67,67301,2014,12,1,1400,14,1,1,0,1,1, , ,N,0,0,0,3,0,2,3,2,N,N,39 58:29.937,75 11:12.472,9999, ,1400, ,0, ,N, ,0, , , , , ,500598, , , ,2,2,0,0,0,0,0,0,0,0,0,2,2,0,1,0,0,0,0,0,1,0,0,0,0,0,0,0,0,0,0,0,0,0,0,4,0,39.975,-75.1868, , 
 ,43470,2015006684,6,67,67301,2014,12,4,1105,11,1,1,0,4,1, , ,N,1,3,0,3,0,3,4,2,N,N,40 01:01.999,75 06:39.869,1108, ,1105, ,0, ,N, ,2, , , , , ,500599, , , ,2,2,0,0,0,0,0,0,0,0,0,3,3,0,0,0,0,0,0,0,0,0,0,2,0,0,0,0,0,0,0,0,0,0,0,4,0,40.0172,-75.1111, , 
 ,43471,2014130541,6,67,67301,2014,12,5,1740,17,3,1,0,1,1, , ,N,0,0,0,3,0,1,3,3,N, ,39 57:38.521,75 08:29.752,1745, ,1742, ,0, , , ,0, , , , , ,500607, , , ,3,3,0,0,0,0,0,0,0,0,0,0,1,1,0,0,0,0,0,0,0,0,1,0,0,0,0,0,0,0,0,0,0,0,0,8,0,39.9607,-75.1416, , 
 ,43472,2015006667,6,67,67301,2014,12,1,848,8,1,1,0,7,2, , ,N,0,0,6,3,0,0,2,2,N,N,40 02:47.035,75 03:09.994,848, ,848, ,0, ,N, ,0, , , , , ,500610, , , ,2,2,0,0,0,0,0,0,0,0,0,0,0,0,0,0,0,0,0,0,1,0,0,0,0,0,0,0,0,0,0,0,0,0,0,0,0,40.0464,-75.0528, , 
 ,43473,2014129479,6,67,67301,2014,12,5,1604,16,1,1,0,1,1, , ,N,0,0,0,3,0,1,3,3,N,N,40 00:43.006,75 03:37.234,1645, ,1615, ,0, ,N, ,0, , , , , ,500622, , , ,3,2,0,0,0,0,1,0,0,0,0,1,1,0,0,0,0,0,0,0,1,0,0,0,0,0,0,0,0,0,0,0,0,0,0,4,0,40.0119,-75.0603, , 
 ,43474,2014130539,6,67,67301,2014,12,7,1120,11,1,2,1,5,1, , ,N,0,0,0,3,0,1,2,2,N, ,40 05:51.463,75 00:42.183,1135, ,1128,1,2,1, , ,0,Y, , , , ,500623, , , ,2,1,0,0,1,0,0,0,0,0,1,0,1,0,0,0,0,0,1,0,0,0,1,0,0,0,0,0,0,0,0,0,0,0,0,3,0,40.0976,-75.0117, , 
Y,43475,2014105868,6,67,67301,2014,10,6,2343,23,3,1,0,1,1,1,4,Y,0,8,0,3,0,1,4,3,N,N,40 01:32.265,75 01:42.451,6,55,2353,2,1,2,N, ,3,N,Y,N,N,N,500644,N,N,N,3,2,0,0,0,0,1,0,0,0,0,0,1,1,1,0,0,0,0,0,0,0,0,1,0,0,0,0,0,0,0,0,0,0,0,8,0,40.0256,-75.0285, , 
 ,43476,2014121491,6,67,67301,2014,11,2,9999,99,1,1,0,4,1, , ,N,1,2,0,3,0,1,2,2,N, ,40 00:02.702,75 08:36.116,914, ,914, ,0, , , ,3, , , , , ,500656, , , ,2,1,0,0,0,1,0,0,0,0,0,0,1,1,0,0,0,0,0,0,0,0,0,0,0,0,0,0,0,0,0,0,0,0,0,8,1,40.0008,-75.1434, , 
 ,43477,2015002737,6,67,67301,2014,12,7,1712,17,3,1,0,1,3, , ,N,0,0,0,3,0,5,5,2,N,N,40 00:07.312,75 04:49.313,1712, ,1714,2,1,2,N, ,0,Y, , , , ,500666, , , ,2,2,0,0,0,0,0,0,0,0,5,0,5,0,0,0,0,0,0,1,0,0,0,2,0,0,0,0,0,0,0,0,0,0,0,3,0,40.002,-75.0804, , 
 ,43478,2015002751,6,67,67301,2014,12,1,9999,99,1,1,0,5,6, , ,N,0,0,0,3,0,0,1,4,N,N,40 06:41.680,75 01:30.183,710, ,705,1,1,3, , ,0,N, , , , ,500667, , , ,4,3,0,0,1,0,0,0,0,0,0,0,0,0,0,0,0,0,0,0,0,0,0,0,0,0,0,0,0,0,0,0,0,0,0,0,0,40.1116,-75.0251, , 
 ,43479,2014106656,6,67,67301,2014,10,3,2025,20,3,2,1,4,1, , ,N,1,2,0,3,0,0,3,3,N, ,39 58:55.079,75 14:20.664,2030, ,2030, ,0, , , ,3, , , , , ,500670, , , ,2,0,0,0,0,0,2,0,0,0,0,0,0,0,0,0,0,0,0,0,1,0,0,0,0,0,0,0,0,0,0,0,0,0,0,0,0,39.9819,-75.239, , 
 ,43480,2014120932,6,67,67301,2014,11,1,9999,99,1,1,0,6,1, , ,N,0,0,0,3,0,0,4,5,N,N,40 01:32.338,75 04:19.614,1058, ,1050, ,0, , , ,0, , , , , ,500683, , , ,5,4,0,0,0,0,1,0,0,0,0,0,0,0,0,0,0,0,0,0,0,0,0,0,0,0,0,0,0,0,0,0,0,0,0,0,0,40.0256,-75.0721, , 
 ,43481,2014127525,6,67,67301,2014,12,4,1400,14,1,2,1,1,1, , ,N,1,2,0,3,0,1,2,2,N,N,40 01:52.935,75 09:08.539,15, ,15, ,0, ,N, ,3, , , , , ,500702, , , ,2,1,0,0,0,0,1,0,0,0,1,0,1,0,0,0,0,0,0,0,0,0,0,0,0,0,0,0,0,0,0,0,0,0,0,3,0,40.0314,-75.1524, , 
 ,43482,2015003954,6,67,67301,2014,12,7,2158,21,6,1,0,7,2, , ,N,0,0,0,3,0,0,1,1,N,N,40 01:07.688,75 02:48.603,2210, ,2159, ,0, ,N, ,0, , , , , ,500706, , , ,1,0,0,0,1,0,0,0,0,0,0,0,0,0,0,0,0,0,0,0,0,0,0,0,0,0,0,0,0,0,0,0,0,0,0,0,0,40.0188,-75.0468, , 
 ,43483,2014122123,6,67,67301,2014,12,4,653,6,3,2,1,1,1, , ,N,6,8,2,3,0,0,2,2,N,N,40 02:38.224,75 00:10.295,658, ,654, ,0, ,N, ,3, , , , , ,500722, , , ,2,1,0,0,1,0,0,0,0,0,0,0,0,0,0,0,0,0,0,0,0,0,0,1,0,0,0,0,0,0,0,0,0,0,0,0,0,40.046,-75.0018, , 
 ,43484,2015015556,6,67,67301,2014,11,4,1146,11,1,4,4,4,1, , ,N,1,2,0,3,0,1,3,3,N, ,39 59:31.996,75 14:44.598,1220, ,1217,1,1,1, , ,3,N, , , , ,500734, , , ,3,0,0,0,0,0,0,0,0,0,0,1,1,0,0,0,0,0,0,0,1,0,0,0,0,0,0,0,0,0,0,0,0,0,0,4,0,39.9922,-75.2457, , 
 ,43485,2014115633,6,67,67301,2014,11,5,9999,99,3,6,1,8,1, , ,N,5,2,1,3,0,1,2,2,N, ,39 59:15.241,75 07:46.639,1708, ,1708, ,0, , , ,3, , , , , ,500751, , , ,1,1,0,0,0,0,0,0,0,0,0,1,1,0,0,0,0,0,0,0,0,0,0,0,0,0,0,0,0,0,0,0,1,0,0,4,0,39.9876,-75.1296, , 
 ,43486,2014125100,6,67,67301,2014,11,7,1700,17,3,1,0,5,6, , ,N,0,0,0,3,0,0,4,2,N,N,40 04:35.634,75 02:21.865,1709, ,1705, ,0, ,N, ,0, , , , , ,500756, , , ,2,1,0,0,0,0,1,0,0,0,0,0,0,0,0,0,0,0,0,0,0,0,1,0,0,0,0,0,0,0,0,0,0,0,0,0,0,40.0766,-75.0394, , 
 ,43487,2015020790,6,67,67301,2014,12,3,123,1,3,2,1,8,1, , ,N,1,2,0,3,0,1,2,2,N,N,40 03:28.946,75 03:09.904,128, ,125,3,2,7,N, ,3,Y, , , , ,503078, , , ,1,1,0,0,0,0,0,0,0,0,0,0,1,1,0,0,0,0,0,0,0,0,0,0,0,0,0,0,0,0,0,0,1,0,0,8,0,40.058,-75.0527, , 
 ,43488,2014113250,6,67,67301,2014,10,5,1350,13,1,1,0,2,1, , ,N,1,3,0,3,0,1,3,2,N,N,40 03:40.942,75 10:07.191,1418, ,1359, ,0, , , ,3, , , , , ,503097, , , ,2,2,0,0,0,0,0,0,0,0,1,0,1,0,0,0,0,0,0,0,0,0,0,0,0,0,0,0,0,0,0,0,0,0,0,3,0,40.0614,-75.1687, , 
 ,43489,2014115659,6,67,67301,2014,11,5,1635,16,3,2,1,8,1, , ,N,2,2,0,3,0,1,2,2,N, ,39 59:54.554,75 09:12.498,1645, ,1643, ,0, , , ,3, , , , , ,503099, , , ,1,0,0,0,0,0,1,0,0,0,0,1,1,0,0,0,0,0,0,0,0,0,0,1,0,0,0,0,0,0,0,0,1,0,0,4,0,39.9985,-75.1535, , 
 ,43490,2014117609,6,67,67301,2014,11,1,1040,10,1,1,0,7,5, , ,N,0,0,0,3,0,0,1,1,N,N,40 04:53.392,75 01:42.348,1053, ,1041,3,1,2,N, ,0,N, , , , ,503102, , , ,1,1,0,0,0,0,0,0,0,0,0,0,0,0,1,0,0,0,0,0,0,0,0,0,0,0,0,0,0,0,0,0,0,0,0,9,0,40.0815,-75.0284, , 
 ,43491,2014125173,6,67,67301,2014,11,3,446,4,3,1,0,5,1, , ,N,0,0,3,3,0,0,6,2,N,N,39 54:13.650,75 11:53.073,500, ,447, ,0, ,N, ,0, , , , , ,503105, , , ,2,2,0,0,0,0,0,0,0,0,0,0,0,0,0,0,0,0,0,0,0,0,0,0,0,0,0,0,0,0,0,0,0,0,0,0,0,39.9038,-75.1981, , 
 ,43492,2014130613,6,67,67301,2014,12,3,900,9,1,2,1,1,1, , ,N,0,0,0,3,0,0,3,3,N,N,39 57:29.898,75 09:58.177,915, ,900, ,0, ,N, ,0, , , , , ,503112, , , ,3,2,0,0,0,0,1,0,0,0,0,0,0,0,0,0,0,0,0,0,0,0,0,0,0,0,0,0,0,0,0,0,0,0,0,0,0,39.9583,-75.1662, , 
 ,43493,2015002693,6,67,67301,2014,12,3,2017,20,3,2,1,4,1, , ,N,1,2,0,3,0,1,2,2,N, ,39 56:53.442,75 08:33.053,2018, ,2018,3,2,1, , ,3,N, , , , ,503116, , , ,1,1,0,0,0,0,0,0,1,0,0,1,1,0,0,0,0,0,0,0,0,0,0,0,0,0,0,0,0,0,0,0,0,0,0,4,0,39.9482,-75.1425, , 
 ,43494,2014104384,6,67,67301,2014,10,7,800,8,1,2,1,4,1, , ,N,1,0,0,3,0,1,2,2,N, ,39 55:27.717,75 14:15.176,805, ,802,1,1,4, , ,0,Y, , , , ,503118, , , ,2,0,0,0,0,0,2,0,0,0,0,1,1,0,0,0,0,0,0,0,0,0,0,0,0,0,0,0,0,0,0,0,0,0,0,4,0,39.9244,-75.2375, , 
 ,43495,2014109950,6,67,67301,2014,10,1,1230,12,1,1,0,4,1, , ,N,0,0,0,3,0,1,2,2,N, ,39 57:16.082,75 14:54.494,1510, ,1501, ,0, ,N, ,0, , , , , ,503123, , , ,2,2,0,0,0,0,0,0,0,0,0,0,1,1,0,0,0,0,0,0,1,0,0,0,0,0,0,0,0,0,0,0,0,0,0,8,0,39.9545,-75.2485, , 
 ,43496,2015006114,6,67,67301,2014,12,3,1703,17,3,2,1,8,1, , ,N,1,2,0,3,0,1,2,2,N, ,40 02:32.362,75 01:32.162,1721, ,1703, ,0, , , ,3, , , , , ,503131, , , ,1,1,0,0,0,0,0,0,0,0,1,0,1,0,0,0,0,0,0,0,1,0,0,0,0,0,0,0,0,0,0,0,1,0,0,3,0,40.0423,-75.0256, , 
 ,43497,2014091294,6,67,67301,2014,9,1,1932,19,3,1,0,8,1, , ,N,1,2,0,3,0,1,2,2,N,N,39 59:24.820,75 09:43.023,1956, ,1952, ,0, ,N, ,3, , , , , ,503135, , , ,1,1,0,0,0,0,0,0,0,0,1,0,1,0,0,0,0,0,0,0,0,0,0,0,0,0,0,0,0,0,0,0,1,0,0,3,0,39.9902,-75.162, , 
 ,43498,2014093537,6,67,67301,2014,9,5,1200,12,1,1,0,4,1, , ,N,2,0,0,3,0,1,2,2,N,N,40 00:04.525,75 08:24.835,1420, ,1420, ,0, ,N, ,0, , , , , ,503137, , , ,1,0,0,0,0,0,0,1,1,0,0,1,1,0,1,0,0,0,0,0,0,0,0,0,0,0,0,0,0,0,0,0,0,0,0,4,0,40.0013,-75.1402, , 
 ,43499,2014107200,6,67,67301,2014,10,4,755,7,1,1,0,1,1, , ,N,0,2,0,3,0,0,4,3,N,N,40 01:24.082,75 08:19.501,805, ,757, ,0, ,N, ,3, , , , , ,503150, , , ,3,2,0,0,0,0,1,0,0,0,0,0,0,0,0,0,0,0,0,0,1,0,0,1,0,0,0,0,0,0,0,0,0,0,0,0,0,40.0234,-75.1388, , 
 ,43500,2014117606,6,67,67301,2014,10,5,1957,19,3,1,0,4,1, , ,N,1,2,0,3,0,4,6,2,N,N,39 56:12.386,75 09:35.812,2000, ,1957, ,0, ,N, ,3, , , , , ,503155, , , ,2,2,0,0,0,0,0,0,0,0,0,4,4,0,0,0,0,0,0,0,0,0,0,0,0,0,0,0,0,0,0,0,0,0,0,4,0,39.9368,-75.1599, , 
 ,43501,2014113294,6,67,67301,2014,11,7,2053,20,3,1,0,8,1, , ,N,0,0,0,3,0,1,2,2,N,N,40 02:53.027,75 04:08.946,2100, ,2055, ,0, ,N, ,0, , , , , ,503180, , , ,1,1,0,0,0,0,0,0,0,1,0,0,1,0,0,0,0,0,0,0,1,0,0,1,0,0,0,0,0,0,0,0,1,0,1,2,0,40.0481,-75.0692, , 
 ,43502,2015027127,6,67,67301,2014,9,2,1420,14,1,1,0,1,1, , ,N,1,2,0,3,0,1,2,2,N,N,39 57:29.061,75 09:44.627,0, ,0, ,0, ,N, ,3, , , , , ,503200, , , ,2,1,0,0,1,0,0,0,0,0,0,0,1,1,0,0,0,0,0,0,0,0,0,0,0,0,0,0,0,0,0,0,0,0,0,8,0,39.9579,-75.1623, , 
 ,43503,2014113417,6,67,67301,2014,10,2,1030,10,1,1,0,8,1, , ,N,1,2,0,3,0,1,2,2,N,N,40 05:03.884,75 02:18.482,1300, ,1255, ,0, ,N, ,3, , , , , ,503211, , , ,1,0,0,0,0,1,0,0,0,0,0,1,1,0,0,0,0,0,0,0,0,0,0,0,0,0,0,0,0,0,0,0,1,0,0,4,1,40.0845,-75.0384, , 
 ,43504,2014109961,6,67,67301,2014,10,5,9999,99,1,1,0,8,1, , ,N,5,2,1,3,0,1,3,2,N, ,40 01:00.541,75 05:01.289,1410, ,1405, ,0, , , ,3, , , , , ,503265, , , ,1,0,0,0,0,0,0,1,0,0,0,1,1,0,0,0,0,0,0,0,0,0,0,0,0,0,0,0,0,0,0,0,1,0,0,4,0,40.0167,-75.0836, , 
 ,43505,2013035600,6,67,67301,2013,3,2,2342,23,3,1,0,5,1, , ,N,0,8,0,3,0,0,3,2,N, ,39 57:40.419,75 09:48.294,2349, ,2348,9,1,2,N, ,3,Y, , , , ,509577, , , ,2,1,0,0,0,0,1,0,0,0,0,0,0,0,2,0,0,0,0,0,1,0,0,0,0,0,0,0,0,0,0,0,0,0,0,9,0,39.9612,-75.1634, , 
 ,43506,2013035291,6,67,67301,2013,3,1,1723,17,1,1,0,4,1, , ,N,1,2,0,3,0,2,4,3,N, ,40 03:26.473,75 04:36.598,1726, ,1726,2,2,4, , ,3,Y, , , , ,509612, , , ,3,3,0,0,0,0,0,0,0,0,0,2,2,0,0,0,0,0,0,0,2,0,0,0,0,0,0,0,0,0,0,0,0,0,0,4,0,40.0574,-75.0768, , 
 ,43507,2013053029,6,67,67301,2013,4,5,9999,99,1,1,0,8,1, , ,N,2,2,0,3,0,1,2,2,N, ,39 58:11.602,75 14:21.150,9999, ,9999, ,0, , , ,3, , , , , ,509674, , , ,1,0,0,0,0,0,1,0,0,0,0,0,1,1,0,0,0,0,0,0,0,0,0,0,0,0,0,0,0,0,0,0,1,0,0,8,0,39.9699,-75.2392, , 
 ,43508,2013057471,6,67,67301,2013,5,5,1649,16,1,1,0,1,1, , ,N,0,0,0,3,0,0,2,2,N,N,40 00:18.683,75 04:32.879,1649, ,1649, ,0, ,N, ,0, , , , , ,509678, , , ,2,1,0,0,0,0,0,1,0,0,0,0,0,0,1,0,0,0,0,0,0,0,0,0,0,0,0,0,0,0,0,0,0,0,0,9,0,40.0052,-75.0758, , 
U,43509,2013035596,6,67,67301,2013,2,2,1811,18,3,1,0,7,2,8,8,Y,0,0,0,3,0,0,2,1,Y,N,39 52:56.791,75 13:34.305,1835,99,1828,4,2,4,N, ,0,Y,U,U,U,U,509707,U,U,U,1,0,0,0,0,0,0,1,0,0,0,0,0,0,0,0,0,0,0,0,1,0,0,0,0,0,0,0,0,0,0,0,0,0,0,0,0,39.8824,-75.2262, , 
 ,43510,2013037377,6,67,67301,2013,3,5,1335,13,1,1,0,4,1, , ,N,5,2,0,3,0,1,2,2,N,N,39 57:29.529,75 10:11.608,1342, ,1335,1,1,1,N, ,3,Y, , , , ,509708, , , ,2,0,0,0,2,0,0,0,0,0,0,1,1,0,0,0,0,0,0,0,1,0,1,1,0,0,0,0,0,0,0,0,0,0,0,4,0,39.9582,-75.1699, , 
 ,43511,2013024884,6,67,67301,2013,2,2,1353,13,1,1,0,7,5, , ,N,3,2,0,3,0,1,2,1,N,N,40 02:39.405,75 05:20.426,1354, ,1353, ,0, , , ,3, , , , , ,509759, , , ,1,1,0,0,0,0,0,0,0,0,0,1,1,0,0,0,0,0,0,0,0,0,0,0,0,0,0,0,0,0,0,0,0,0,0,4,0,40.0443,-75.089, , 
N,43512,2013037164,6,67,67301,2013,3,4,802,8,1,1,0,1,1,1,4,Y,0,0,0,3,0,1,3,3,N,N,40 01:06.771,75 02:48.860,815,45,802,1,2,1,N, ,0,N,Y,N,N,N,509769,N,N,Y,3,1,0,0,0,0,1,1,0,0,0,1,1,0,0,0,0,0,0,0,1,0,0,0,0,0,0,0,0,0,0,0,0,0,0,4,0,40.0185,-75.0471, , 
 ,43513,2013050874,6,67,67301,2013,5,3,1657,16,1,1,0,1,1, , ,N,0,0,0,3,0,0,5,4,N,N,39 58:36.494,75 11:52.399,1700, ,1659, ,0, ,N, ,0, , , , , ,509779, , , ,4,2,0,0,0,0,1,1,0,0,0,0,0,0,0,0,0,0,0,0,1,0,0,0,0,0,0,0,0,0,0,0,0,0,0,0,0,39.9768,-75.1979, , 
 ,43514,2013029676,6,67,67301,2013,2,6,825,8,1,1,0,8,1, , ,N,2,3,0,3,0,1,2,2,N, ,39 54:55.412,75 09:35.425,845, ,830, ,0, , , ,3, , , , , ,509809, , , ,1,1,0,0,0,0,0,0,0,0,0,1,1,0,0,0,0,0,0,0,0,0,0,0,0,0,0,0,0,0,0,0,1,0,0,4,0,39.9154,-75.1598, , 
 ,43515,2013032483,6,67,67301,2013,2,3,1858,18,3,1,0,4,1, , ,N,1,2,0,3,0,1,4,2,N,N,40 03:28.059,75 00:31.473,1915, ,1858, ,0, ,N, ,3, , , , , ,509812, , , ,2,2,0,0,0,0,0,0,0,0,1,0,1,0,0,0,0,0,0,0,1,0,0,0,0,0,0,0,0,0,0,0,0,0,0,3,0,40.0578,-75.0087, , 
 ,43516,2013047262,6,67,67301,2013,4,6,2350,23,3,2,1,4,1, , ,N,3,2,0,3,0,1,2,2,N, ,40 01:54.382,75 06:32.605,1240, ,2350, ,0, , , ,3, , , , , ,509821, , , ,1,1,0,0,0,0,0,0,1,0,0,1,1,0,0,0,0,0,0,0,0,0,0,0,0,0,0,0,0,0,0,0,0,0,0,4,0,40.0318,-75.1091, , 
 ,43517,2013025004,6,67,67301,2013,1,7,1407,14,1,1,0,4,1, , ,N,1,2,0,3,0,3,4,2,N,N,39 58:51.848,75 14:34.202,1445, ,1439, ,0, ,N, ,3, , , , , ,509846, , , ,2,1,0,0,1,0,0,0,0,0,0,3,3,0,0,0,0,0,0,0,0,0,0,1,0,0,0,0,0,0,0,0,0,0,0,4,0,39.9811,-75.2428, , 