wz_ln_closure,objectid_1,crn,district,county,municipality,crash_year,crash_month,day_of_week,time_of_day,hour_of_day,illumination,weather,road_condition,collision_type,relation_to_road,work_zone_type,work_zone_loc,work_zone_ind,intersect_type,tcd_type,location_type,urban_rural,fatal_count,injury_count,person_count,total_units,sch_bus_ind,sch_zone_ind,latitude,longitude,arrival_tm,cons_zone_spd_lim,dispatch_tm,est_hrs_closed,lane_closed,ln_close_dir,ntfy_hiwy_maint,spec_juris_cd,tcd_func_cd,tfc_detour_ind,workers_pres,wz_close_detour,wz_flagger,wz_law_offcr_ind,objectid,wz_moving,wz_other,wz_shlder_mdn,vehicle_count,automobile_count,motorcycle_count,bus_count,small_truck_count,heavy_truck_count,suv_count,van_count,bicycle_count,maj_inj_count,mod_inj_count,min_inj_count,tot_inj_count,unk_inj_deg_count,unk_inj_per_count,driver_count_16yr,driver_count_17yr,driver_count_18yr,driver_count_19yr,driver_count_20yr,driver_count_50_64yr,driver_count_65_74yr,driver_count_75plus,unbelted_occ_count,unb_death_count,unb_maj_inj_count,belted_death_count,belted_maj_inj_count,mcycle_death_count,mcycle_maj_inj_count,bicycle_death_count,bicycle_maj_inj_count,ped_count,ped_death_count,ped_maj_inj_count,max_severity_level,comm_veh_count,dec_lat,dec_long,rdwy_surf_type_cd,county_name
 ,43518,2013035103,6,67,67301,2013,2,4,1853,18,3,1,0,6,1, , ,N,1,2,0,3,0,1,2,2,N, ,39 56:29.824,75 13:12.602,1931, ,1929, ,0, , , ,3, , , , , ,509852, , , ,2,1,0,0,0,0,1,0,0,0,0,1,1,0,0,0,0,0,0,0,1,0,0,0,0,0,0,0,0,0,0,0,0,0,0,4,0,39.9416,-75.2202, , 
 ,43519,2013037480,6,67,67301,2013,2,2,1851,18,3,1,0,4,1, , ,N,1,2,0,3,0,2,2,2,N,N,39 57:41.314,75 08:59.291,1859, ,1851, ,0, ,N, ,3, , , , , ,509858, , , ,2,2,0,0,0,0,0,0,0,0,1,1,2,0,0,0,0,0,0,1,0,0,0,0,0,0,0,0,0,0,0,0,0,0,0,3,0,39.9614,-75.1498, , 
 ,43520,2013050216,6,67,67301,2013,4,6,735,7,1,1,0,8,1, , ,N,5,2,0,3,0,1,2,2,N, ,39 58:24.390,75 10:02.071,744, ,737, ,0, , , ,3, , , , , ,509873, , , ,1,0,0,0,0,0,1,0,0,0,0,0,1,1,0,0,0,0,0,0,0,0,0,0,0,0,0,0,0,0,0,0,1,0,0,8,0,39.9734,-75.1672, , 
 ,43521,2013054727,6,67,67301,2013,5,3,1717,17,1,2,1,4,1, , ,N,0,0,0,3,0,0,2,2,N,N,40 00:21.911,75 09:06.550,1717, ,1717,1,1,1,N, ,0,N, , , , ,509876, , , ,2,2,0,0,0,0,0,0,0,0,0,0,0,0,0,0,0,0,0,0,0,0,0,0,0,0,0,0,0,0,0,0,0,0,0,0,0,40.0061,-75.1518, , 
 ,43522,2013016160,6,67,67301,2013,1,5,2332,23,3,1,0,4,1, , ,N,0,0,0,3,0,0,2,2,N, ,40 03:27.565,75 12:00.115,1230, ,1221,2,2,6,N, ,0,N, , , , ,509890, , , ,2,2,0,0,0,0,0,0,0,0,0,0,0,0,0,0,0,0,0,0,0,0,0,0,0,0,0,0,0,0,0,0,0,0,0,0,0,40.0577,-75.2, , 
 ,43523,2015010683,6,67,67301,2014,12,7,2315,23,3,1,0,4,1, , ,N,1,2,0,3,0,0,2,2,N,N,39 57:16.601,75 09:53.486,2315, ,2315, ,0, ,N, ,3, , , , , ,506237, , , ,2,1,0,0,0,0,1,0,0,0,0,0,0,0,0,0,0,0,0,0,1,0,0,0,0,0,0,0,0,0,0,0,0,0,0,0,0,39.9546,-75.1648, , 
 ,43524,2014111456,6,67,67301,2014,10,4,1100,11,1,1,0,4,1, , ,N,1,3,0,3,0,2,2,2,N,N,39 58:10.600,75 08:26.370,1113, ,1109, ,0, ,N, ,3, , , , , ,506248, , , ,2,2,0,0,0,0,0,0,0,0,0,0,2,2,0,0,0,0,1,0,0,0,0,0,0,0,0,0,0,0,0,0,0,0,0,8,0,39.9696,-75.1407, , 
 ,43525,2014120449,6,67,67301,2014,11,7,1635,16,4,1,0,0,1, , ,N,0,0,0,3,0,1,2,1,N,N,39 54:58.400,75 08:51.854,1635, ,1635, ,0, ,N, ,0, , , , , ,506256, , , ,1,1,0,0,0,0,0,0,0,0,0,0,1,1,0,0,0,0,0,0,0,0,0,0,0,0,0,0,0,0,0,0,0,0,0,8,0,39.9162,-75.1477, , 
 ,43526,2015028587,6,67,67301,2014,10,2,2025,20,3,2,1,1,1, , ,N,0,2,0,3,0,1,2,2,N,N,39 55:04.620,75 12:36.818,0, ,0, ,0, ,N, ,3, , , , , ,506268, , , ,2,1,0,0,0,1,0,0,0,0,0,0,1,1,0,0,0,0,0,0,1,0,0,0,0,0,0,0,0,0,0,0,0,0,0,8,1,39.918,-75.2102, , 
 ,43527,2015011923,6,67,67301,2014,12,6,2151,21,3,1,0,1,1, , ,N,0,0,0,3,0,1,2,2,N,N,39 55:33.330,75 11:39.081,2208, ,2200,1,1,3,N, ,0,N, , , , ,506271, , , ,2,0,0,0,0,0,1,1,0,0,1,0,1,0,0,0,0,0,0,0,0,0,0,1,0,0,0,0,0,0,0,0,0,0,0,3,0,39.9259,-75.1942, , 
 ,43528,2014112765,6,67,67301,2014,11,4,2121,21,3,1,0,5,1, , ,N,0,0,0,3,0,1,3,2,N,N,40 01:31.508,75 05:27.300,2125, ,2121,9,2,1,N, ,0,Y, , , , ,506275, , , ,1,1,0,0,0,0,0,0,1,0,1,0,1,0,0,0,0,0,0,0,0,0,0,0,0,0,0,0,0,0,0,0,0,0,0,3,0,40.0254,-75.0909, , 
 ,43529,2015001649,6,67,67301,2014,12,3,43,0,3,2,1,7,2, , ,N,0,0,0,3,0,0,1,1,N,N,39 58:51.731,75 12:23.833,48, ,45,1,1,3,N, ,0,N, , , , ,506290, , , ,1,1,0,0,0,0,0,0,0,0,0,0,0,0,0,0,0,0,0,0,0,0,0,0,0,0,0,0,0,0,0,0,0,0,0,0,0,39.981,-75.2066, , 
 ,43530,2015006116,6,67,67301,2014,12,7,9999,99,3,1,0,2,1, , ,N,1,3,0,3,0,1,3,4,N, ,39 58:36.548,75 15:08.294,2147, ,2140, ,0, , , ,3, , , , , ,506291, , , ,4,2,0,0,0,0,2,0,0,0,0,1,1,0,0,0,0,0,0,0,0,0,0,0,0,0,0,0,0,0,0,0,0,0,0,4,0,39.9768,-75.2523, , 
 ,43531,2014130408,6,67,67301,2014,12,5,1320,13,1,6,1,4,1, , ,N,1,2,0,3,0,1,3,2,N,N,40 04:51.077,75 01:43.585,1325, ,1320,1,1,2,N, ,3,N, , , , ,506308, , , ,2,1,0,0,0,0,1,0,0,0,0,1,1,0,0,0,0,0,0,0,1,0,0,0,0,0,0,0,0,0,0,0,0,0,0,4,0,40.0809,-75.0288, , 
 ,43532,2015006061,6,67,67301,2014,12,3,2036,20,3,1,0,1,6, , ,N,0,0,0,3,0,0,2,2,N,N,40 01:50.800,75 06:42.600,2039, ,2037,2,2,3,N, ,0,Y, , , , ,506311, , , ,2,1,0,0,0,0,1,0,0,0,0,0,0,0,1,0,0,0,0,0,0,0,0,0,0,0,0,0,0,0,0,0,0,0,0,9,0,40.0308,-75.1118, , 
 ,43533,2015006631,6,67,67301,2014,12,1,1435,14,1,1,0,4,1, , ,N,1,2,0,3,0,2,3,2,N, ,40 02:37.429,75 05:06.333,1458, ,1457,2,1,4, , ,3,N, , , , ,506312, , , ,2,0,0,0,0,0,0,2,0,0,0,0,2,2,0,0,0,0,0,0,0,0,0,0,0,0,0,0,0,0,0,0,0,0,0,8,0,40.0437,-75.0851, , 
 ,43534,2014130480,6,67,67301,2014,12,2,10,0,3,1,0,6,1, , ,N,0,0,0,3,0,1,3,2,N,N,40 05:17.815,75 04:21.476,28, ,17, ,0, ,N, ,0, , , , , ,506322, , , ,2,0,0,0,2,0,0,0,0,0,0,1,1,0,0,0,0,0,0,0,1,0,0,0,0,0,0,0,0,0,0,0,0,0,0,4,0,40.0883,-75.0726, , 
 ,43535,2015006608,6,67,67301,2014,12,3,1600,16,3,1,0,1,1, , ,N,0,0,0,3,0,1,3,3,N, ,40 00:32.352,75 08:56.818,1603, ,1601, ,0, , , ,0, , , , , ,506323, , , ,3,1,0,0,0,0,2,0,0,0,0,1,1,0,0,0,0,0,0,0,0,0,0,0,0,0,0,0,0,0,0,0,0,0,0,4,0,40.009,-75.1491, , 
 ,43536,2013043807,6,67,67301,2013,4,2,1219,12,1,1,0,2,1, , ,N,1,2,0,3,0,4,5,2,N,N,40 00:48.913,75 04:06.725,1230, ,1224, ,0, ,N, ,3, , , , , ,506366, , , ,2,1,0,0,0,0,1,0,0,0,0,0,4,4,0,0,0,0,0,0,0,0,0,0,0,0,0,0,0,0,0,0,0,0,0,8,0,40.0136,-75.0685, , 
 ,43537,2013014142,6,67,67301,2013,2,6,1233,12,1,1,0,0,2, , ,N,7,0,2,3,0,0,1,1,N,N,39 58:59.444,75 05:55.271,1239, ,1239,2,2,1,N, ,0,N, , , , ,506430, , , ,1,0,0,0,1,0,0,0,0,0,0,0,0,0,0,0,0,0,0,0,1,0,0,0,0,0,0,0,0,0,0,0,0,0,0,0,0,39.9832,-75.0987, , 
 ,43538,2013037468,6,67,67301,2013,3,3,1250,12,1,1,0,8,1, , ,N,0,0,0,3,0,1,3,2,N,N,40 01:12.705,75 07:35.526,1340, ,1300, ,0, ,N, ,0, , , , , ,506458, , , ,1,0,0,0,1,0,0,0,0,0,0,0,1,1,0,0,0,0,0,0,0,0,0,0,0,0,0,0,0,0,0,0,1,0,0,8,0,40.0202,-75.1265, , 
 ,43539,2013022225,6,67,67301,2013,1,6,232,2,3,1,0,4,1, , ,N,1,2,0,3,0,0,2,2,N,N,39 58:50.080,75 11:01.676,240, ,235, ,0, ,N, ,3, , , , , ,506488, , , ,2,1,0,0,1,0,0,0,0,0,0,0,0,0,0,0,0,0,0,0,0,0,0,0,0,0,0,0,0,0,0,0,0,0,0,0,0,39.9806,-75.1838, , 
 ,43540,2013037341,6,67,67301,2013,3,7,830,8,3,1,0,8,1, , ,N,1,2,0,3,0,1,2,2,N, ,40 00:55.959,75 03:48.040,53, ,53, ,0, , , ,3, , , , , ,506504, , , ,1,1,0,0,0,0,0,0,0,1,0,0,1,0,0,0,0,0,0,0,0,0,0,0,0,0,0,0,0,0,0,0,1,0,1,2,0,40.0155,-75.0633, , 
 ,43541,2013041307,6,67,67301,2013,3,2,924,9,1,1,0,8,1, , ,N,0,0,0,3,0,1,2,2,N, ,40 02:22.462,75 00:50.605,940, ,932, ,0, , , ,0, , , , , ,506508, , , ,1,1,0,0,0,0,0,0,0,0,1,0,1,0,0,0,0,0,0,0,0,0,0,0,0,0,0,0,0,0,0,0,1,0,0,3,0,40.0396,-75.0141, , 
 ,43542,2014126759,6,67,67301,2014,12,6,1705,17,3,1,0,1,1, , ,N,7,0,2,3,0,0,2,2,N,N,39 59:57.902,75 04:48.046,1715, ,1705, ,0, ,N, ,0, , , , , ,500757, , , ,2,1,0,0,0,0,1,0,0,0,0,0,0,0,0,0,0,0,0,0,0,0,0,0,0,0,0,0,0,0,0,0,0,0,0,0,0,39.9949,-75.0849, , 
 ,43543,2014130543,6,67,67301,2014,11,5,1530,15,8,9,8,3,6, , ,N,0,0,0,3,0,1,2,2,N,N,39 59:13.512,75 09:21.919,2300, ,2300, ,0, ,N, ,0, , , , , ,500759, , , ,2,1,0,0,0,0,0,0,0,0,0,0,1,1,0,0,0,0,0,0,0,0,0,0,0,0,0,0,0,0,0,0,0,0,0,8,0,39.9871,-75.1561, , 
 ,43544,2015003955,6,67,67301,2014,12,5,250,2,3,2,1,7,4, , ,N,0,7,0,3,0,1,1,3,N,N,39 58:52.311,75 12:24.547,250, ,250,1,2,3,N, ,3,N, , , , ,500763, , , ,3,2,0,0,0,0,1,0,0,0,0,0,1,1,0,0,0,0,0,0,0,0,0,0,0,0,0,0,0,0,0,0,0,0,0,8,0,39.9812,-75.2068, , 
 ,43545,2015042719,6,67,67301,2014,12,3,345,3,3,1,0,8,1, , ,N,0,0,0,3,0,2,3,3,N, ,39 58:33.630,75 13:27.051,356, ,350, ,0, , , ,0, , , , , ,500764, , , ,1,0,0,0,0,0,1,0,0,0,0,2,2,0,0,0,0,0,0,0,0,0,0,0,0,0,0,0,0,0,0,0,2,0,0,4,0,39.976,-75.2242, , 
 ,43546,2014129891,6,67,67301,2014,11,7,1530,15,1,1,0,8,1, , ,N,1,2,0,3,0,1,2,2,N,N,39 57:56.904,75 14:46.137,1905, ,1850, ,0, ,N, ,3, , , , , ,500784, , , ,1,1,0,0,0,0,0,0,0,0,0,1,1,0,0,0,0,0,0,0,0,0,0,0,0,0,0,0,0,0,0,0,1,0,0,4,0,39.9658,-75.2461, , 
 ,43547,2014129892,6,67,67301,2014,11,1,2055,20,3,1,0,1,1, , ,N,0,0,0,3,0,0,2,3,N,N,39 56:53.864,75 13:12.250,2057, ,2056,2,2,6,N, ,0,Y, , , , ,500785, , , ,3,1,0,0,0,0,2,0,0,0,0,0,0,0,0,0,0,0,0,0,0,0,0,0,0,0,0,0,0,0,0,0,0,0,0,0,0,39.9483,-75.2201, , 
 ,43548,2015030941,6,67,67301,2014,12,6,1430,14,1,1,0,5,6, , ,N,0,0,0,3,0,1,3,2,N,N,39 59:18.168,75 08:07.584,0, ,0, ,0, ,N, ,0, , , , , ,500792, , , ,2,0,0,0,0,0,0,1,0,0,0,0,1,1,0,0,0,0,0,0,0,0,0,0,0,0,0,0,0,0,0,0,0,0,0,8,0,39.9884,-75.1354, , 
 ,43549,2014103558,6,67,67301,2014,9,3,9999,99,1,1,0,6,1, , ,N,0,0,0,3,0,1,2,2,N,N,39 58:16.050,75 13:42.915,711, ,704, ,0, , , ,0, , , , , ,500830, , , ,1,0,0,0,0,0,0,0,1,0,1,0,1,0,1,0,0,0,0,0,0,0,0,0,0,0,0,0,0,0,0,0,0,0,0,3,0,39.9711,-75.2286, , 
 ,43550,2014104517,6,67,67301,2014,10,5,1029,10,1,1,0,4,1, , ,N,0,0,7,3,0,0,2,2,N, ,40 00:22.935,75 05:43.159,1047, ,1045, ,0, , , ,0, , , , , ,500832, , , ,2,1,0,0,0,0,0,1,0,0,0,0,0,0,0,0,0,0,0,0,0,0,0,0,0,0,0,0,0,0,0,0,0,0,0,0,0,40.0064,-75.0953, , 
 ,43551,2014120311,6,67,67301,2014,11,2,600,6,3,1,0,8,1, , ,N,0,0,0,3,0,1,2,2,N,N,39 58:01.473,75 08:09.261,945, ,933, ,0, ,N, ,0, , , , , ,500851, , , ,1,1,0,0,0,0,0,0,0,0,1,0,1,0,1,0,0,0,0,0,0,0,0,0,0,0,0,0,0,0,0,0,1,0,0,3,0,39.9671,-75.1359, , 
 ,43552,2014127479,6,67,67301,2014,11,4,1845,18,3,1,0,8,1, , ,N,1,2,0,3,0,1,2,2,N, ,39 56:59.440,75 12:20.485,1855, ,1853, ,0, ,N, ,3, , , , , ,500858, , , ,1,1,0,0,0,0,0,0,0,0,0,0,1,1,0,0,0,0,0,0,0,0,0,0,0,0,0,0,0,0,0,0,1,0,0,8,0,39.9498,-75.2058, , 
 ,43553,2014130544,6,67,67301,2014,12,1,1810,18,3,1,0,8,1, , ,N,1,2,0,3,0,1,2,2,N,N,40 00:06.501,75 09:16.312,1820, ,1817, ,0, ,N, ,3, , , , , ,500861, , , ,1,1,0,0,0,0,0,0,0,0,0,0,1,1,0,0,0,0,0,0,0,0,0,0,0,0,0,0,0,0,0,0,1,0,0,8,0,40.0018,-75.1545, , 
 ,43554,2014132657,6,67,67301,2014,12,7,1819,18,3,1,0,1,1, , ,N,0,0,0,3,0,1,5,3,N,N,40 01:30.035,75 01:46.529,1840, ,1830,1,1,2,N, ,0,N, , , , ,500864, , , ,3,1,0,0,0,0,2,0,0,0,1,0,1,0,0,0,0,0,0,0,0,1,0,0,0,0,0,0,0,0,0,0,0,0,0,3,0,40.025,-75.0296, , 
 ,43555,2015024987,6,67,67301,2014,6,3,112,1,3,1,0,4,1, , ,N,1,2,0,3,0,2,2,2,N,N,40 02:00.165,75 03:59.552,113, ,112,9,1,4,N, ,3,N, , , , ,500899, , , ,2,2,0,0,0,0,0,0,0,0,2,0,2,0,0,0,0,0,0,0,0,0,0,1,0,0,0,0,0,0,0,0,0,0,0,3,0,40.0334,-75.0665, , 
 ,43556,2014125021,6,67,67301,2014,11,3,630,6,1,1,0,4,1, , ,N,1,2,0,3,0,1,2,2,N,N,39 57:30.009,75 09:07.358,638, ,634, ,0, ,N, ,3, , , , , ,500906, , , ,2,2,0,0,0,0,0,0,0,0,0,0,1,1,0,0,0,0,0,0,0,0,0,0,0,0,0,0,0,0,0,0,0,0,0,8,0,39.9583,-75.152, , 
 ,43557,2015030993,6,67,67301,2014,12,7,500,5,3,1,0,8,1, , ,N,0,0,0,3,0,1,3,2,N,N,39 57:44.985,75 14:33.352,0, ,0, ,0, ,N, ,0, , , , , ,500915, , , ,1,1,0,0,0,0,0,0,0,0,0,0,1,1,0,0,0,0,0,0,0,0,0,0,0,0,0,0,0,0,0,0,1,0,0,8,0,39.9625,-75.2426, , 
 ,43558,2014113453,6,67,67301,2014,10,7,9999,99,1,1,0,1,1, , ,N,0,2,0,3,0,2,4,2,N, ,40 03:59.833,75 14:23.748,1705, ,1655, ,0, , , ,3, , , , , ,500937, , , ,2,0,0,0,0,0,2,0,0,0,0,2,2,0,0,0,0,0,0,0,0,1,0,0,0,0,0,0,0,0,0,0,0,0,0,4,0,40.0666,-75.2399, , 
 ,43559,2014113466,6,67,67301,2014,10,3,1845,18,3,1,0,4,1, , ,N,1,2,0,3,0,1,3,2,N, ,39 56:36.006,75 12:39.070,1901, ,1847, ,0, , , ,3, , , , , ,500938, , , ,2,2,0,0,0,0,0,0,0,0,0,0,1,1,0,0,0,0,0,0,1,0,1,0,0,0,0,0,0,0,0,0,0,0,0,8,0,39.9433,-75.2109, , 
 ,43560,2014122022,6,67,67301,2014,11,7,1047,10,1,1,0,4,1, , ,N,1,2,0,3,0,2,3,2,N, ,39 59:18.584,75 06:22.955,1110, ,1055, ,0, , , ,3, , , , , ,500950, , , ,2,0,0,0,0,1,1,0,0,0,0,0,2,2,0,0,0,0,0,0,0,0,0,0,0,0,0,0,0,0,0,0,0,0,0,8,1,39.9885,-75.1064, , 
 ,43561,2014113354,6,67,67301,2014,10,1,1650,16,1,1,0,4,1, , ,N,1,2,0,3,0,1,4,4,N,N,39 57:27.667,75 12:21.885,1710, ,1705, ,0, ,N, ,3, , , , , ,503269, , , ,4,3,1,0,0,0,0,0,0,0,0,0,1,1,0,0,0,0,0,0,0,0,0,0,0,0,0,0,0,0,0,0,0,0,0,8,0,39.9576,-75.206, , 
 ,43562,2014106731,6,67,67301,2014,10,1,25,0,3,1,0,4,1, , ,N,1,2,0,3,0,0,6,2,N, ,40 02:40.890,75 03:16.537,30, ,27, ,0, , , ,3, , , , , ,503297, , , ,2,2,0,0,0,0,0,0,0,0,0,0,0,0,0,0,0,0,0,0,0,0,0,0,0,0,0,0,0,0,0,0,0,0,0,0,0,40.0446,-75.0547, , 
 ,43563,2014113280,6,67,67301,2014,10,3,1545,15,1,1,0,5,1, , ,N,0,0,0,3,0,1,2,2,N, ,39 56:03.859,75 13:39.401,1556, ,1554, ,0, , , ,0, , , , , ,503305, , , ,1,1,0,0,0,0,0,0,1,0,0,0,1,1,0,0,0,0,0,0,0,0,0,0,0,0,0,0,0,0,0,0,0,0,0,8,0,39.9344,-75.2276, , 
 ,43564,2014116531,6,67,67301,2014,10,6,315,3,3,1,0,4,1, , ,N,1,2,0,3,0,0,3,2,N,N,39 57:15.789,75 10:16.899,318, ,315, ,0, ,N, ,3, , , , , ,503309, , , ,2,0,0,0,0,1,1,0,0,0,0,0,0,0,0,0,0,0,0,0,0,1,0,0,0,0,0,0,0,0,0,0,0,0,0,0,1,39.9544,-75.1714, , 
 ,43565,2015006136,6,67,67301,2014,12,7,1600,16,1,1,0,5,1, , ,N,0,0,0,3,0,1,1,2,N,N,39 58:59.455,75 07:51.242,1620, ,1611, ,0, ,N, ,0, , , , , ,503330, , , ,2,1,1,0,0,0,0,0,0,0,1,0,1,0,0,0,0,0,0,0,1,0,0,0,0,0,0,0,0,0,0,0,0,0,0,3,0,39.9832,-75.1309, , 
 ,43566,2014130551,6,67,67301,2014,11,3,955,9,1,1,0,1,6, , ,N,0,0,0,3,0,1,3,2,N,N,39 56:58.257,75 14:07.245,958, ,954, ,0, , , ,0, , , , , ,503344, , , ,2,1,0,0,0,0,0,1,0,0,0,1,1,0,0,0,0,0,0,0,0,0,0,0,0,0,0,0,0,0,0,0,0,0,0,4,0,39.9495,-75.2353, , 
 ,43567,2014127537,6,67,67301,2014,12,4,739,7,1,2,1,7,5, , ,N,3,2,0,3,0,0,2,2,N,N,40 05:30.716,75 02:50.638,743, ,740, ,0, ,N, ,3, , , , , ,503350, , , ,2,2,0,0,0,0,0,0,0,0,0,0,0,0,0,0,1,0,0,0,0,0,0,0,0,0,0,0,0,0,0,0,0,0,0,0,0,40.0919,-75.0474, , 
 ,43568,2015009595,6,67,67301,2014,12,3,700,7,1,2,1,8,1, , ,N,2,0,0,3,0,1,2,2,N, ,39 58:47.773,75 13:09.340,725, ,720, ,0, , , ,0, , , , , ,503359, , , ,1,1,0,0,0,0,0,0,0,0,1,0,1,0,0,0,0,0,0,0,1,0,0,1,0,0,0,0,0,0,0,0,1,0,0,3,0,39.9799,-75.2193, , 
 ,43569,2014127438,6,67,67301,2014,12,4,823,8,1,1,1,1,6, , ,N,0,0,0,3,0,1,2,2,N, ,39 59:55.067,75 05:40.289,829, ,827,1,1,3, , ,0,Y, , , , ,503376, , , ,2,0,0,0,1,0,1,0,0,0,0,1,1,0,0,0,0,0,0,0,0,0,0,0,0,0,0,0,0,0,0,0,0,0,0,4,0,39.9986,-75.0945, , 
 ,43570,2014095993,6,67,67301,2014,9,1,22,0,3,1,1,4,1, , ,N,1,2,0,3,0,2,4,2,N,N,40 01:18.310,75 07:33.794,35, ,22, ,0, , , ,3, , , , , ,503385, , , ,2,2,0,0,0,0,0,0,0,0,0,2,2,0,0,0,0,0,0,0,1,0,0,0,0,0,0,0,0,0,0,0,0,0,0,4,0,40.0218,-75.1261, , 
 ,43571,2014123633,6,67,67301,2014,12,1,140,1,3,2,1,7,3, , ,N,0,0,0,3,0,0,2,1,N,N,40 02:11.368,75 00:56.004,153, ,142,2,1,2,N, ,0,N, , , , ,503396, , , ,1,1,0,0,0,0,0,0,0,0,0,0,0,0,0,0,0,1,0,0,0,0,0,0,0,0,0,0,0,0,0,0,0,0,0,0,0,40.0365,-75.0156, , 
 ,43572,2014127502,6,67,67301,2014,11,6,1738,17,3,1,0,4,1, , ,N,1,2,0,3,0,2,3,2,N,N,40 01:31.746,75 07:20.688,1738, ,1111, ,0, ,N, ,3, , , , , ,503399, , , ,2,1,0,0,0,0,1,0,0,2,0,0,2,0,0,0,0,0,0,0,0,0,0,0,0,0,0,0,0,0,0,0,0,0,0,2,0,40.0255,-75.1224, , 
 ,43573,2015024986,6,67,67301,2014,11,7,252,2,3,1,0,7,4, , ,N,2,0,0,3,0,2,2,1,N,N,39 56:55.105,75 14:58.903,253, ,252,3,2,5, , ,0,Y, , , , ,503409, , , ,1,1,0,0,0,0,0,0,0,0,1,1,2,0,0,0,0,0,0,0,0,0,0,0,0,0,0,0,0,0,0,0,0,0,0,3,0,39.9486,-75.2497, , 
 ,43574,2014106756,6,67,67301,2014,10,4,1546,15,1,1,0,1,1, , ,N,0,0,0,3,0,1,3,2,N, ,39 57:17.692,75 11:03.011,1601, ,1550, ,0, , , ,0, , , , , ,503410, , , ,2,1,0,0,0,0,1,0,0,0,1,0,1,0,1,0,0,0,0,0,0,0,0,0,0,0,0,0,0,0,0,0,0,0,0,3,0,39.9549,-75.1842, , 
 ,43575,2014124456,6,67,67301,2014,11,2,1930,19,3,1,0,8,1, , ,N,1,0,0,3,0,1,2,2,N, ,40 02:41.395,75 09:49.611,1946, ,1943, ,0, , , ,0, , , , , ,503421, , , ,1,1,0,0,0,0,0,0,0,0,0,1,1,0,1,0,0,0,0,0,0,0,0,0,0,0,0,0,0,0,0,0,1,0,0,4,0,40.0448,-75.1638, , 
 ,43576,2015003299,6,67,67301,2014,12,3,2015,20,3,2,1,1,1, , ,N,0,0,0,3,0,1,2,2,N,N,40 02:20.360,75 08:55.607,2021, ,2020, ,0, ,N, ,0, , , , , ,503427, , , ,2,2,0,0,0,0,0,0,0,0,0,1,1,0,0,0,0,0,0,0,0,0,0,0,0,0,0,0,0,0,0,0,0,0,0,4,0,40.039,-75.1488, , 
 ,43577,2014114650,6,67,67301,2014,11,5,1752,17,3,2,1,1,1, , ,N,0,0,0,3,0,0,2,2,N,N,39 55:48.831,75 11:53.778,1752, ,1752,2,1,4,N, ,0,N, , , , ,503457, , , ,2,2,0,0,0,0,0,0,0,0,0,0,0,0,0,0,0,0,0,0,0,0,0,0,0,0,0,0,0,0,0,0,0,0,0,0,0,39.9302,-75.1983, , 
 ,43578,2014120860,6,67,67301,2014,11,7,1443,14,1,1,0,8,1, , ,N,1,2,0,3,0,1,3,3,N,N,40 01:17.486,75 08:23.326,1518, ,1445,1,1,2,N, ,3,N, , , , ,503496, , , ,1,1,0,0,0,0,0,0,0,0,1,0,1,0,0,0,0,0,0,0,0,0,0,0,0,0,0,0,0,0,0,0,2,0,0,3,0,40.0215,-75.1398, , 
 ,43579,2014122417,6,67,67301,2014,11,3,1415,14,1,1,0,8,1, , ,N,1,2,0,3,0,1,2,2,N,N,39 59:33.382,75 08:37.776,1434, ,1922, ,0, ,N, ,3, , , , , ,503500, , , ,1,1,0,0,0,0,0,0,0,0,0,1,1,0,0,0,0,0,0,0,0,0,0,0,0,0,0,0,0,0,0,0,1,0,0,4,0,39.9925,-75.1439, , 
 ,43580,2013037451,6,67,67301,2013,3,7,9999,99,3,1,0,4,1, , ,N,1,2,0,3,0,1,3,2,N,N,40 00:31.061,75 12:38.922,300, ,243, ,0, ,N, ,3, , , , , ,509904, , , ,2,1,0,0,0,0,1,0,0,0,0,0,1,1,0,0,0,0,0,0,0,0,0,0,0,0,0,0,0,0,0,0,0,0,0,8,0,40.0085,-75.2107, , 
 ,43581,2013043800,6,67,67301,2013,3,4,900,9,1,1,0,4,1, , ,N,1,2,0,3,0,1,2,2,N,N,40 02:25.164,75 03:30.735,915, ,910,1,1,2,N, ,3,N, , , , ,509907, , , ,2,1,0,0,0,0,1,0,0,0,0,0,1,1,0,0,0,0,0,0,0,0,0,0,0,0,0,0,0,0,0,0,0,0,0,8,0,40.0403,-75.0585, , 
 ,43582,2013046265,6,67,67301,2013,3,6,2330,23,3,1,0,7,2, , ,N,0,0,0,3,0,0,1,1,N,N,39 57:29.176,75 10:08.174,2347, ,2344, ,0, ,N, ,0, , , , , ,509911, , , ,1,1,0,0,0,0,0,0,0,0,0,0,0,0,0,0,0,0,0,0,0,0,0,0,0,0,0,0,0,0,0,0,0,0,0,0,0,39.9581,-75.1689, , 
 ,43583,2013047233,6,67,67301,2013,4,1,755,7,1,1,0,4,1, , ,N,1,2,0,3,0,2,2,2,N,N,40 01:58.707,75 04:48.880,810, ,800,1,1,6,N, ,3,Y, , , , ,509913, , , ,2,1,0,0,1,0,0,0,0,0,0,0,2,2,0,0,0,0,0,0,0,0,1,0,0,0,0,0,0,0,0,0,0,0,0,8,0,40.033,-75.0802, , 
 ,43584,2013050348,6,67,67301,2013,4,4,900,9,1,1,0,4,1, , ,N,1,2,0,3,0,2,3,2,N,N,39 58:40.465,75 09:46.832,904, ,902,2,2,2,N, ,3,Y, , , , ,509917, , , ,2,2,0,0,0,0,0,0,0,0,0,0,2,2,0,0,0,0,0,0,0,0,0,0,0,0,0,0,0,0,0,0,0,0,0,8,0,39.9779,-75.163, , 