wz_ln_closure,objectid_1,crn,district,county,municipality,crash_year,crash_month,day_of_week,time_of_day,hour_of_day,illumination,weather,road_condition,collision_type,relation_to_road,work_zone_type,work_zone_loc,work_zone_ind,intersect_type,tcd_type,location_type,urban_rural,fatal_count,injury_count,person_count,total_units,sch_bus_ind,sch_zone_ind,latitude,longitude,arrival_tm,cons_zone_spd_lim,dispatch_tm,est_hrs_closed,lane_closed,ln_close_dir,ntfy_hiwy_maint,spec_juris_cd,tcd_func_cd,tfc_detour_ind,workers_pres,wz_close_detour,wz_flagger,wz_law_offcr_ind,objectid,wz_moving,wz_other,wz_shlder_mdn,vehicle_count,automobile_count,motorcycle_count,bus_count,small_truck_count,heavy_truck_count,suv_count,van_count,bicycle_count,maj_inj_count,mod_inj_count,min_inj_count,tot_inj_count,unk_inj_deg_count,unk_inj_per_count,driver_count_16yr,driver_count_17yr,driver_count_18yr,driver_count_19yr,driver_count_20yr,driver_count_50_64yr,driver_count_65_74yr,driver_count_75plus,unbelted_occ_count,unb_death_count,unb_maj_inj_count,belted_death_count,belted_maj_inj_count,mcycle_death_count,mcycle_maj_inj_count,bicycle_death_count,bicycle_maj_inj_count,ped_count,ped_death_count,ped_maj_inj_count,max_severity_level,comm_veh_count,dec_lat,dec_long,rdwy_surf_type_cd,county_name
 ,43718,2015029841,6,67,67301,2014,10,4,1700,17,1,2,1,5,1, , ,N,0,0,0,3,0,1,2,2,N,N,39 57:01.977,75 10:59.393,0, ,0, ,0, ,N, ,0, , , , , ,503774, , , ,2,2,0,0,0,0,0,0,0,0,0,0,1,1,0,0,0,0,0,0,1,0,0,0,0,0,0,0,0,0,0,0,0,0,0,8,0,39.9505,-75.1832, , 
 ,43719,2014124450,6,67,67301,2014,11,4,358,3,3,1,0,4,1, , ,N,1,2,0,3,1,1,2,2,N,N,40 03:19.147,75 04:24.059,411, ,403,9,2,7,N,0,3,Y, , , , ,503782, , , ,2,2,0,0,0,0,0,0,0,0,1,0,1,0,0,0,0,0,0,0,0,1,0,0,0,0,0,0,0,0,0,0,0,0,0,1,0,40.0553,-75.0733,2, 
 ,43720,2014128453,6,67,67301,2014,12,5,1915,19,3,1,0,1,1, , ,N,0,0,0,3,0,0,2,2,N,N,39 59:50.080,75 04:55.569,1925, ,1925,1,1,2,N, ,0,N, , , , ,503788, , , ,2,1,0,0,0,0,1,0,0,0,0,0,0,0,1,0,0,0,0,0,1,0,0,0,0,0,0,0,0,0,0,0,0,0,0,9,0,39.9972,-75.0821, , 
N,43721,2014104083,6,67,67301,2014,10,1,1353,13,1,1,0,1,1,1,8,Y,0,0,0,3,0,0,5,3,N,N,40 01:20.789,75 02:13.726,1421,45,1356,2,1,1,N, ,0,Y,N,N,N,N,503796,N,N,Y,3,2,0,0,1,0,0,0,0,0,0,0,0,0,0,0,0,1,0,0,0,0,0,0,0,0,0,0,0,0,0,0,0,0,0,0,0,40.0224,-75.0371, , 
 ,43722,2014127540,6,67,67301,2014,2,2,2122,21,3,1,0,6,1, , ,N,0,0,0,3,0,1,4,2,N,N,40 03:38.681,75 09:49.933,2122, ,2122, ,0, , , ,0, , , , , ,503825, , , ,2,1,0,0,0,0,1,0,0,0,0,1,1,0,0,1,1,0,0,0,0,0,0,0,0,0,0,0,0,0,0,0,0,0,0,4,0,40.0607,-75.1639, , 
 ,43723,2014130397,6,67,67301,2014,12,5,1205,12,1,4,6,0,5, , ,N,0,0,0,3,0,0,1,1,N,N,40 04:44.093,75 13:35.688,1210, ,1205,1,1,3,N, ,0,N, , , , ,503826, , , ,1,0,0,0,0,0,1,0,0,0,0,0,0,0,0,0,0,0,0,0,0,0,0,0,0,0,0,0,0,0,0,0,0,0,0,0,0,40.0789,-75.2266, , 
 ,43724,2014120849,6,67,67301,2014,11,6,1224,12,1,1,0,4,1, , ,N,1,2,0,3,0,2,3,2,N,N,39 58:10.746,75 12:41.274,1232, ,1229, ,0, ,N, ,3, , , , , ,503847, , , ,2,2,0,0,0,0,0,0,0,0,0,2,2,0,0,0,0,0,0,0,0,0,1,0,0,0,0,0,0,0,0,0,0,0,0,4,0,39.9697,-75.2115, , 
 ,43725,2014125067,6,67,67301,2014,11,2,717,7,1,2,1,4,1, , ,N,2,3,0,3,0,3,3,3,N,N,39 58:15.794,75 13:45.472,808, ,803, ,0, ,N, ,3, , , , , ,503853, , , ,3,2,0,0,0,0,0,1,0,0,0,3,3,0,0,0,0,0,0,0,0,0,0,0,0,0,0,0,0,0,0,0,0,0,0,4,0,39.9711,-75.2293, , 
 ,43726,2014127500,6,67,67301,2014,12,6,1234,12,1,1,0,7,7, , ,N,7,0,2,3,0,1,2,2,N, ,40 00:38.272,75 11:04.414,1242, ,1236,1,2,2, , ,0,Y, , , , ,503855, , , ,1,1,0,0,0,0,0,0,0,0,0,1,1,0,0,0,0,0,0,0,0,0,0,1,0,0,0,0,0,0,0,0,0,0,0,4,0,40.0106,-75.1846, , 
 ,43727,2014131800,6,67,67301,2014,12,5,1530,15,1,1,0,5,1, , ,N,0,0,0,3,0,1,2,2,N,N,39 57:15.383,75 10:35.805,1530, ,1530, ,0, ,N, ,0, , , , , ,503860, , , ,1,1,0,0,0,0,0,0,1,0,0,0,1,1,0,0,0,0,0,0,0,1,0,0,0,0,0,0,0,0,0,0,0,0,0,8,0,39.9543,-75.1766, , 
 ,43728,2015002703,6,67,67301,2014,12,1,2355,23,3,1,0,4,1, , ,N,1,2,0,3,0,0,3,2,N,N,40 00:19.933,75 05:48.721,30, ,1158, ,0, ,N, ,3, , , , , ,503861, , , ,2,2,0,0,0,0,0,0,0,0,0,0,0,0,0,0,0,0,1,0,0,0,0,0,0,0,0,0,0,0,0,0,0,0,0,0,0,40.0055,-75.0969, , 
 ,43729,2013064098,6,67,67301,2013,6,5,607,6,1,1,0,7,4, , ,N,0,0,0,3,0,1,1,1,N,N,39 53:51.902,75 11:07.151,629, ,614,1,2,1,N, ,0,N, , , , ,510354, , , ,1,1,0,0,0,0,0,0,0,0,1,0,1,0,0,0,0,0,0,0,1,0,0,0,0,0,0,0,0,0,0,0,0,0,0,3,0,39.8978,-75.1853, , 
 ,43730,2013022279,6,67,67301,2013,1,3,1716,17,1,1,0,4,1, , ,N,0,0,0,3,0,1,2,2,N,N,40 00:33.894,75 06:16.002,1720, ,1716, ,0, ,N, ,0, , , , , ,510373, , , ,2,2,0,0,0,0,0,0,0,0,1,0,1,0,0,0,0,0,0,0,0,0,0,1,0,0,0,0,0,0,0,0,0,0,0,3,0,40.0094,-75.1044, , 
 ,43731,2013029731,6,67,67301,2013,2,7,1458,14,1,1,0,4,1, , ,N,0,0,0,3,0,2,3,2,N,N,39 59:31.720,75 08:24.952,1630, ,1558, ,0, ,N, ,0, , , , , ,510386, , , ,2,1,0,0,0,0,1,0,0,0,0,2,2,0,0,0,0,0,0,0,0,0,0,0,0,0,0,0,0,0,0,0,0,0,0,4,0,39.9921,-75.1403, , 
 ,43732,2013035273,6,67,67301,2013,3,3,1712,17,1,1,0,4,1, , ,N,0,0,0,3,0,1,2,2,N,N,40 00:27.447,75 05:26.877,1800, ,1748, ,0, ,N, ,0, , , , , ,510388, , , ,2,0,1,0,0,0,0,0,0,0,0,1,1,0,0,0,0,0,0,0,0,0,0,0,0,0,0,0,0,0,0,0,0,0,0,4,0,40.0076,-75.0908, , 
 ,43733,2013047915,6,67,67301,2013,5,4,730,7,1,1,0,5,1, , ,N,0,0,0,3,0,0,3,3,N,N,39 53:19.236,75 14:28.111,800, ,730, ,0, ,N, ,0, , , , , ,510399, , , ,3,1,0,0,0,1,1,0,0,0,0,0,0,0,0,0,0,0,0,0,1,0,0,0,0,0,0,0,0,0,0,0,0,0,0,0,1,39.8887,-75.2411, , 
 ,43734,2013050226,6,67,67301,2013,4,6,2119,21,3,2,1,8,1, , ,N,1,0,0,3,0,1,2,2,N,N,39 57:55.173,75 12:55.137,2134, ,2128, ,0, ,N, ,0, , , , , ,510402, , , ,1,1,0,0,0,0,0,0,0,0,0,1,1,0,1,0,0,0,0,0,0,0,0,0,0,0,0,0,0,0,0,0,1,0,0,4,0,39.9653,-75.2153, , 
 ,43735,2013053023,6,67,67301,2013,4,1,2228,22,3,1,0,4,1, , ,N,2,2,3,3,0,3,6,2,N, ,39 54:04.758,75 14:21.973,2231, ,2228,3,1,2, , ,3,N, , , , ,510404, , , ,2,2,0,0,0,0,0,0,0,0,0,0,3,3,0,0,0,0,0,0,0,0,0,0,0,0,0,0,0,0,0,0,0,0,0,8,0,39.9014,-75.2393, , 
 ,43736,2013017592,6,67,67301,2013,1,5,1450,14,1,1,0,4,1, , ,N,2,0,0,3,0,0,2,2,N,N,40 04:12.178,75 14:27.057,1500, ,1455,1,1,1,N, ,0,Y, , , , ,510423, , , ,2,2,0,0,0,0,0,0,0,0,0,0,0,0,0,0,0,0,0,0,0,1,0,0,0,0,0,0,0,0,0,0,0,0,0,0,0,40.07,-75.2408, , 
 ,43737,2013022281,6,67,67301,2013,1,6,1741,17,3,2,1,8,1, , ,N,1,0,0,3,0,1,2,2,N, ,39 58:09.685,75 08:18.735,1820, ,1916, ,0, , , ,0, , , , , ,510426, , , ,1,1,0,0,0,0,0,0,0,0,0,0,1,1,0,0,0,0,0,0,0,0,0,0,0,0,0,0,0,0,0,0,1,0,0,8,0,39.9693,-75.1385, , 
 ,43738,2013039298,6,67,67301,2013,3,3,234,2,3,1,0,7,2, , ,N,0,0,2,3,0,1,1,1,N,N,39 57:35.839,75 10:46.403,241, ,234,1,1,4,N, ,0,N, , , , ,510483, , , ,1,1,0,0,0,0,0,0,0,0,1,0,1,0,0,0,0,0,0,0,0,0,0,1,0,0,0,0,0,0,0,0,0,0,0,3,0,39.96,-75.1796, , 
 ,43739,2013032492,6,67,67301,2013,2,6,108,1,3,1,0,7,4, , ,N,2,2,0,3,0,1,1,1,N,N,40 05:31.676,74 58:54.775,112, ,110,1,1,1,N, ,3,N, , , , ,510524, , , ,1,1,0,0,0,0,0,0,0,0,0,0,1,1,0,0,0,0,0,0,1,0,0,0,0,0,0,0,0,0,0,0,0,0,0,8,0,40.0921,-74.9819, , 
 ,43740,2013035038,6,67,67301,2013,2,3,1535,15,1,1,0,8,1, , ,N,1,2,0,3,0,1,2,2,N, ,40 03:57.346,75 09:33.410,1607, ,1607, ,0, , , ,3, , , , , ,510528, , , ,1,1,0,0,0,0,0,0,0,0,0,1,1,0,0,0,0,0,0,0,0,0,0,0,0,0,0,0,0,0,0,0,1,0,0,4,0,40.0659,-75.1593, , 
 ,43741,2013037658,6,67,67301,2013,4,4,901,9,1,1,0,1,1, , ,N,0,0,0,3,0,1,2,2,N,N,39 59:37.861,75 11:56.964,901, ,901, ,0, ,N, ,0, , , , , ,510530, , , ,2,2,0,0,0,0,0,0,0,0,0,1,1,0,0,0,0,0,0,0,0,0,0,0,0,0,0,0,0,0,0,0,0,0,0,4,0,39.9939,-75.1992, , 
 ,43742,2013053027,6,67,67301,2013,4,5,318,3,3,1,0,5,1, , ,N,0,0,0,3,0,1,1,3,N,N,39 54:38.919,75 10:16.730,320, ,318,9,2,2,N, ,0,Y, , , , ,510539, , , ,3,1,0,0,1,0,1,0,0,0,0,1,1,0,0,0,0,0,0,0,0,0,0,0,0,0,0,0,0,0,0,0,0,0,0,4,0,39.9108,-75.1713, , 
 ,43743,2013001632,6,46,46102,2013,1,6,2357,23,3,1,0,0,6, , ,N,0,0,7,3,0,2,2,1,N,N,40 04:04.349,75 08:50.462,2359, ,2357, ,0, ,N, ,0, , , , , ,510552, , , ,1,1,0,0,0,0,0,0,0,0,0,0,2,2,0,0,0,0,0,0,0,0,0,0,0,0,0,0,0,0,0,0,0,0,0,8,0,40.0679,-75.1474, , 
 ,43744,2013016173,6,67,67301,2013,1,6,1825,18,3,2,1,8,1, , ,N,1,2,0,3,0,1,2,2,N,N,39 59:58.827,75 05:56.359,2142, ,2134, ,0, ,N, ,3, , , , , ,510608, , , ,1,0,0,0,0,0,0,1,0,0,0,1,1,0,0,0,0,0,0,0,0,0,0,0,0,0,0,0,0,0,0,0,1,0,0,4,0,39.9997,-75.099, , 
 ,43745,2013026917,6,67,67301,2013,2,7,908,9,1,1,5,8,1, , ,N,1,2,3,3,0,3,6,6,N,N,39 58:00.800,75 11:31.732,920, ,908, ,0, ,N, ,3, , , , , ,510613, , , ,3,2,0,0,0,0,0,0,0,0,0,3,3,0,0,0,0,0,0,0,0,0,1,0,0,0,0,0,0,0,0,0,3,0,0,4,0,39.9669,-75.1921, , 
 ,43746,2013035214,6,67,67301,2013,3,6,240,2,3,1,0,7,5, , ,N,1,2,0,3,0,0,1,1,N,N,39 56:28.692,75 12:33.670,344, ,343, ,0, , , ,3, , , , , ,510622, , , ,1,1,0,0,0,0,0,0,0,0,0,0,0,0,0,0,0,0,0,0,0,0,0,0,0,0,0,0,0,0,0,0,0,0,0,0,0,39.9412,-75.2094, , 
 ,43747,2013035637,6,67,67301,2013,3,1,629,6,1,1,0,4,1, , ,N,0,0,0,3,0,0,1,3,N, ,40 00:13.590,75 08:43.810,632, ,632, ,0, , , ,0, , , , , ,507168, , , ,3,1,0,0,0,0,1,1,0,0,0,0,0,0,0,0,0,0,0,0,0,0,0,0,0,0,0,0,0,0,0,0,0,0,0,0,0,40.0038,-75.1455, , 
 ,43748,2013034147,6,67,67301,2013,3,4,1628,16,1,1,0,5,1, , ,N,0,0,0,3,0,1,3,3,N,N,39 59:06.115,75 05:39.774,1700, ,1632,2,1,1,N, ,0,N, , , , ,507224, , , ,3,0,0,0,0,1,2,0,0,0,0,0,1,1,0,0,0,0,0,0,0,0,0,0,0,0,0,0,0,0,0,0,0,0,0,8,1,39.985,-75.0945, , 
 ,43749,2013038555,6,67,67301,2013,3,6,1848,18,4,1,0,4,1, , ,N,2,3,0,3,0,2,3,2,N,N,40 02:00.614,75 09:02.930,1856, ,1858, ,0, ,N, ,3, , , , , ,507230, , , ,2,2,0,0,0,0,0,0,0,0,0,2,2,0,0,0,0,0,0,0,0,0,0,1,0,0,0,0,0,0,0,0,0,0,0,4,0,40.0335,-75.1508, , 
 ,43750,2013043821,6,67,67301,2013,3,6,525,5,5,1,0,1,1, , ,N,2,2,0,3,0,1,2,2,N,N,39 57:34.816,75 14:50.653,540, ,530, ,0, ,N, ,3, , , , , ,507236, , , ,2,2,0,0,0,0,0,0,0,0,1,0,1,0,0,0,0,0,0,0,1,0,0,0,0,0,0,0,0,0,0,0,0,0,0,3,0,39.9597,-75.2474, , 
 ,43751,2013029682,6,67,67301,2013,2,1,1555,15,1,1,0,7,4, , ,N,2,0,0,3,0,1,1,1,N,N,40 04:34.237,74 59:27.347,1614, ,1610,1,1,4,N, ,0,Y, , , , ,507270, , , ,1,1,0,0,0,0,0,0,0,0,0,1,1,0,0,0,0,0,0,0,0,1,0,0,0,0,0,0,0,0,0,0,0,0,0,4,0,40.0762,-74.9909, , 
 ,43752,2013039256,6,67,67301,2013,4,2,1159,11,1,1,0,1,2, , ,N,0,0,0,3,0,1,2,2,N,N,39 58:14.548,75 11:34.687,1210, ,1206,1,1,4,N, ,0,N, , , , ,507283, , , ,2,1,0,0,1,0,0,0,0,0,0,1,1,0,0,0,0,0,0,0,0,2,0,0,0,0,0,0,0,0,0,0,0,0,0,4,0,39.9707,-75.193, , 
 ,43753,2013035117,6,67,67301,2013,2,1,301,3,3,1,0,7,2, , ,N,1,0,0,3,0,0,1,1,N,N,39 58:09.893,75 07:33.422,305, ,301,1,2,1, , ,0,Y, , , , ,507308, , , ,1,0,0,0,0,0,1,0,0,0,0,0,0,0,1,0,0,0,0,0,0,0,0,0,0,0,0,0,0,0,0,0,0,0,0,9,0,39.9694,-75.126, , 
 ,43754,2013044098,6,67,67301,2013,3,4,1810,18,1,1,0,4,1, , ,N,1,3,0,3,0,1,3,2,Y,N,39 57:59.428,75 12:52.091,1823, ,1820, ,0, ,N, ,3, , , , , ,507315, , , ,2,1,0,1,0,0,0,0,0,0,0,0,1,1,0,0,0,0,0,0,1,1,0,0,0,0,0,0,0,0,0,0,0,0,0,8,1,39.9665,-75.2145, , 
 ,43755,2013053051,6,67,67301,2013,4,6,627,6,1,1,0,4,1, , ,N,2,3,0,3,0,0,1,2,N,N,40 02:17.336,75 01:57.406,640, ,633, ,0, , , ,3, , , , , ,507323, , , ,2,1,0,0,0,0,1,0,0,0,0,0,0,0,0,0,0,0,0,0,0,0,0,0,0,0,0,0,0,0,0,0,0,0,0,0,0,40.0381,-75.0326, , 
 ,43756,2013016180,6,67,67301,2013,1,2,2114,21,3,2,1,4,1, , ,N,1,3,0,3,0,2,3,2,N,N,40 01:12.005,75 09:07.946,2122, ,2114,1,2,3,N, ,3,Y, , , , ,507344, , , ,2,1,0,0,1,0,0,0,0,0,0,0,2,2,0,0,0,0,0,0,0,0,0,0,0,0,0,0,0,0,0,0,0,0,0,8,0,40.02,-75.1522, , 
 ,43757,2013023532,6,67,67301,2013,1,4,1918,19,3,2,1,8,9, , ,N,1,2,0,3,0,1,2,2,N,N,40 01:34.968,75 05:05.711,9999, ,918, ,0, , , ,3, , , , , ,507352, , , ,1,0,0,0,0,0,1,0,0,1,0,0,1,0,0,0,0,0,0,0,1,0,0,0,0,0,0,0,0,0,0,0,1,0,1,2,0,40.0264,-75.0849, , 
 ,43758,2013032469,6,67,67301,2013,2,4,2038,20,3,2,1,4,1, , ,N,0,0,0,3,0,3,3,3,N,N,39 57:23.054,75 14:25.857,2042, ,2042,1,2,6,N, ,0,N, , , , ,507361, , , ,3,2,0,0,0,0,0,0,0,0,0,3,3,0,0,0,0,0,0,0,1,0,0,0,0,0,0,0,0,0,0,0,0,0,0,4,0,39.9564,-75.2405, , 
 ,43759,2013050470,6,67,67301,2013,5,2,1158,11,1,1,0,5,1, , ,N,7,0,2,3,0,4,5,2,N,N,39 57:41.049,75 10:57.066,1209, ,1207, ,0, ,N, ,0, , , , , ,507374, , , ,2,2,0,0,0,0,0,0,0,0,0,4,4,0,0,0,0,0,0,0,0,0,0,0,0,0,0,0,0,0,0,0,0,0,0,4,0,39.9614,-75.1825, , 
Y,43760,2013010616,6,67,67301,2013,1,6,1156,11,1,1,0,1,1,1,4,Y,0,0,0,3,0,0,3,2,N,N,40 01:34.077,75 01:37.469,1213,45,1206,1,1,1,N, ,0,N,Y,N,N,Y,507389,N,N,N,2,1,0,0,0,0,0,1,0,0,0,0,0,0,0,0,0,0,0,0,0,1,0,0,0,0,0,0,0,0,0,0,0,0,0,0,0,40.026,-75.0273, , 
 ,43761,2013018531,6,67,67301,2013,2,5,1800,18,3,1,0,1,1, , ,N,0,0,0,3,0,1,2,2,N,N,39 59:11.688,75 05:29.081,1836, ,1814, ,0, ,N, ,0, , , , , ,507392, , , ,2,1,0,0,0,0,1,0,0,0,0,0,1,1,0,0,0,0,0,0,1,0,0,0,0,0,0,0,0,0,0,0,0,0,0,8,0,39.9865,-75.0915, , 
 ,43762,2013043415,6,67,67301,2013,3,4,2235,22,3,1,0,8,1, , ,N,1,2,0,3,0,1,2,2,N,N,39 57:25.085,75 13:31.946,2235, ,2235, ,0, , , ,3, , , , , ,507404, , , ,1,1,0,0,0,0,0,0,0,0,0,1,1,0,0,0,0,0,0,0,0,0,0,0,0,0,0,0,0,0,0,0,1,0,0,4,0,39.957,-75.2255, , 
 ,43763,2013065522,6,67,67301,2013,5,2,1154,11,1,2,1,4,1, , ,N,1,2,0,3,0,1,4,2,N,N,40 00:35.506,75 10:00.508,1200, ,1156,1,1,4,N, ,3,N, , , , ,507420, , , ,2,1,0,0,1,0,0,0,0,0,0,0,1,1,0,0,0,0,0,0,0,0,0,0,0,0,0,0,0,0,0,0,0,0,0,8,0,40.0098,-75.1669, , 
 ,43764,2013070947,6,67,67301,2013,6,3,1830,18,1,1,0,4,1, , ,N,1,3,0,3,0,1,2,2,N,N,40 01:05.649,75 06:39.103,2040, ,2036, ,0, ,N, ,3, , , , , ,507423, , , ,1,1,0,0,0,0,0,0,1,0,0,1,1,0,0,0,0,0,0,0,0,0,0,0,0,0,0,0,0,0,0,0,0,0,0,4,0,40.0182,-75.1109, , 
 ,43765,2015020737,6,67,67301,2014,11,5,924,9,1,1,0,4,1, , ,N,1,2,0,3,0,0,2,2,N, ,40 02:05.655,75 11:03.688,929, ,925, ,0, , , ,3, , , , , ,501316, , , ,2,2,0,0,0,0,0,0,0,0,0,0,0,0,2,0,0,0,0,0,0,0,0,0,0,0,0,0,0,0,0,0,0,0,0,9,0,40.0349,-75.1844, , 
 ,43766,2014106750,6,67,67301,2014,10,5,936,9,1,1,0,5,1, , ,N,1,3,0,3,0,1,2,2,N,N,39 56:26.746,75 09:26.873,1100, ,936, ,0, ,N, ,3, , , , , ,501322, , , ,1,0,0,0,0,0,1,0,1,0,0,1,1,0,0,0,0,0,0,0,0,1,0,0,0,0,0,0,0,0,0,0,0,0,0,4,0,39.9408,-75.1575, , 
 ,43767,2014113490,6,67,67301,2014,10,2,1453,14,1,1,0,5,6, , ,N,0,0,0,3,0,1,1,2,N, ,40 01:35.309,75 06:28.411,1459, ,1453,1,2,1, , ,0,Y, , , , ,501328, , , ,2,1,0,0,0,0,1,0,0,0,0,0,1,1,0,0,0,0,0,0,0,0,0,0,0,0,0,0,0,0,0,0,0,0,0,8,0,40.0265,-75.1079, , 
 ,43768,2014109926,6,67,67301,2014,10,2,800,8,1,1,0,4,6, , ,N,1,3,0,3,0,1,3,2,Y, ,40 00:22.489,75 08:27.049,813, ,810, ,0, , , ,3, , , , , ,501347, , , ,2,0,0,1,0,0,0,1,0,0,0,1,1,0,0,0,0,0,0,0,0,0,0,0,0,0,0,0,0,0,0,0,0,0,0,4,1,40.0062,-75.1408, , 
 ,43769,2014120919,6,67,67301,2014,11,7,1832,18,3,2,1,1,1, , ,N,0,0,0,3,0,1,2,2,N, ,39 57:09.671,75 14:55.828,1856, ,1851, ,0, ,N, ,0, , , , , ,501359, , , ,2,1,0,0,0,0,1,0,0,0,0,1,1,0,0,0,0,0,0,0,1,0,0,0,0,0,0,0,0,0,0,0,0,0,0,4,0,39.9527,-75.2488, , 
 ,43770,2014120934,6,67,67301,2014,11,3,120,1,3,1,0,5,1, , ,N,0,0,0,3,0,1,1,2,N,N,39 59:47.313,75 04:46.480,126, ,123, ,0, , , ,0, , , , , ,501360, , , ,2,1,0,0,1,0,0,0,0,0,1,0,1,0,0,0,0,0,0,0,0,0,0,0,0,0,0,0,0,0,0,0,0,0,0,3,0,39.9965,-75.0796, , 
 ,43771,2015006693,6,67,67301,2014,12,3,1610,16,4,2,1,1,1, , ,N,0,0,0,3,0,1,2,2,N,N,39 57:14.076,75 12:03.011,1616, ,1615, ,0, ,N, ,0, , , , , ,501364, , , ,1,1,0,0,0,0,0,0,1,0,0,1,1,0,0,0,0,0,0,0,0,0,1,0,0,0,0,0,0,0,0,0,0,0,0,4,0,39.9539,-75.2008, , 
 ,43772,2015015582,6,67,67301,2014,12,2,1719,17,3,1,0,8,1, , ,N,1,2,0,3,0,1,2,2,N,N,40 01:27.245,75 02:47.562,1719, ,1719, ,0, ,N, ,3, , , , , ,501367, , , ,1,1,0,0,0,0,0,0,0,0,0,1,1,0,0,0,0,0,0,0,0,0,0,0,0,0,0,0,0,0,0,0,1,0,0,4,0,40.0242,-75.0465, , 
 ,43773,2014088946,6,67,67301,2014,8,2,1107,11,1,1,0,1,1, , ,N,0,0,0,3,0,1,2,2,N,N,40 01:04.048,75 10:19.748,1109, ,1108, ,0, ,N, ,0, , , , , ,501369, , , ,2,2,0,0,0,0,0,0,0,0,0,1,1,0,0,0,0,0,0,0,1,0,0,0,0,0,0,0,0,0,0,0,0,0,0,4,0,40.0178,-75.1722, , 
 ,43774,2014095891,6,67,67301,2014,9,7,1340,13,1,2,1,4,1, , ,N,0,0,0,3,0,4,5,3,N, ,40 03:11.399,75 02:24.970,1344, ,1341,3,2,6, , ,0,Y, , , , ,501373, , , ,3,1,0,0,2,0,0,0,0,0,1,3,4,0,0,0,0,0,0,0,0,0,0,1,0,0,0,0,0,0,0,0,0,0,0,3,0,40.0532,-75.0403, , 
 ,43775,2014104593,6,67,67301,2014,9,6,1806,18,1,1,0,4,1, , ,N,1,2,0,3,0,5,5,2,N,N,39 56:12.246,75 13:37.826,1806, ,1806,9,2,7, , ,3,Y, , , , ,501380, , , ,2,1,0,0,0,0,1,0,0,0,0,5,5,0,0,0,0,0,0,0,0,1,0,0,0,0,0,0,0,0,0,0,0,0,0,4,0,39.9367,-75.2272, , 
 ,43776,2014109942,6,67,67301,2014,10,6,1100,11,1,1,0,6,1, , ,N,1,2,0,3,0,3,6,2,N,N,40 02:00.178,75 07:52.165,1540, ,1536, ,0, ,N, ,3, , , , , ,501385, , , ,2,2,0,0,0,0,0,0,0,0,1,2,3,0,0,0,0,0,0,0,1,0,0,1,0,0,0,0,0,0,0,0,0,0,0,3,0,40.0334,-75.1312, , 
 ,43777,2014106742,6,67,67301,2014,10,6,1605,16,1,1,0,4,1, , ,N,2,2,0,3,0,2,2,2,N,N,39 53:23.517,75 14:44.676,1620, ,1611, ,0, ,N, ,3, , , , , ,501406, , , ,2,2,0,0,0,0,0,0,0,0,0,0,2,2,0,0,0,0,0,0,0,0,0,1,0,0,0,0,0,0,0,0,0,0,0,8,0,39.8899,-75.2457, , 
 ,43778,2014120261,6,67,67301,2014,10,4,859,8,1,2,1,2,1, , ,N,0,0,1,3,1,2,3,2,N,N,39 58:30.860,75 11:39.230,908, ,900,3,2,5,N,0,0,Y, , , , ,501418, , , ,2,0,0,0,0,0,2,0,0,0,0,1,2,1,0,0,0,0,0,0,0,0,0,0,0,0,0,0,0,0,0,0,0,0,0,1,0,39.9752,-75.1942,2, 
 ,43779,2015002790,6,67,67301,2014,12,6,2110,21,3,1,0,8,1, , ,N,0,0,0,3,0,1,2,2,N, ,40 02:24.047,75 06:31.312,2116, ,2110, ,0, , , ,0, , , , , ,501432, , , ,1,0,0,0,0,0,0,0,0,0,0,0,1,1,0,0,0,0,0,0,0,0,0,0,0,0,0,0,0,0,0,0,1,0,0,8,0,40.04,-75.1087, , 
 ,43780,2015015615,6,67,67301,2014,12,3,1610,16,4,2,1,7,4, , ,N,0,0,0,3,0,3,3,1,N,N,40 04:14.034,75 01:51.758,1616, ,1612, ,0, , , ,0, , , , , ,501436, , , ,1,0,0,0,0,0,1,0,0,0,2,0,3,1,0,0,0,0,0,0,0,0,0,0,0,0,0,0,0,0,0,0,0,0,0,3,0,40.0706,-75.031, , 
 ,43781,2014111450,6,67,67301,2014,10,7,1520,15,1,1,0,4,1, , ,N,2,0,0,3,0,1,4,2,N,N,39 57:15.358,75 08:22.158,1538, ,1532,2,1,2, , ,0,N, , , , ,501440, , , ,2,1,0,0,0,0,1,0,0,0,0,0,1,1,0,0,0,0,0,0,1,0,0,0,0,0,0,0,0,0,0,0,0,0,0,8,0,39.9543,-75.1395, , 
 ,43782,2014117622,6,67,67301,2014,10,4,1710,17,4,2,1,1,1, , ,N,0,0,0,3,0,1,3,2,N, ,40 03:48.459,75 12:01.462,1751, ,1727, ,0, , , ,0, , , , , ,501443, , , ,2,1,0,0,0,0,0,1,0,0,0,1,1,0,0,0,0,0,0,0,2,0,0,0,0,0,0,0,0,0,0,0,0,0,0,4,0,40.0635,-75.2004, , 
 ,43783,2014122034,6,67,67301,2014,11,7,927,9,1,1,0,1,1, , ,N,1,2,0,3,0,1,4,3,N,N,39 59:03.239,75 05:56.509,955, ,945, ,0, ,N, ,3, , , , , ,503867, , , ,3,3,0,0,0,0,0,0,0,0,1,0,1,0,0,0,0,0,0,0,1,0,0,0,0,0,0,0,0,0,0,0,0,0,0,3,0,39.9842,-75.099, , 