wz_ln_closure,objectid_1,crn,district,county,municipality,crash_year,crash_month,day_of_week,time_of_day,hour_of_day,illumination,weather,road_condition,collision_type,relation_to_road,work_zone_type,work_zone_loc,work_zone_ind,intersect_type,tcd_type,location_type,urban_rural,fatal_count,injury_count,person_count,total_units,sch_bus_ind,sch_zone_ind,latitude,longitude,arrival_tm,cons_zone_spd_lim,dispatch_tm,est_hrs_closed,lane_closed,ln_close_dir,ntfy_hiwy_maint,spec_juris_cd,tcd_func_cd,tfc_detour_ind,workers_pres,wz_close_detour,wz_flagger,wz_law_offcr_ind,objectid,wz_moving,wz_other,wz_shlder_mdn,vehicle_count,automobile_count,motorcycle_count,bus_count,small_truck_count,heavy_truck_count,suv_count,van_count,bicycle_count,maj_inj_count,mod_inj_count,min_inj_count,tot_inj_count,unk_inj_deg_count,unk_inj_per_count,driver_count_16yr,driver_count_17yr,driver_count_18yr,driver_count_19yr,driver_count_20yr,driver_count_50_64yr,driver_count_65_74yr,driver_count_75plus,unbelted_occ_count,unb_death_count,unb_maj_inj_count,belted_death_count,belted_maj_inj_count,mcycle_death_count,mcycle_maj_inj_count,bicycle_death_count,bicycle_maj_inj_count,ped_count,ped_death_count,ped_maj_inj_count,max_severity_level,comm_veh_count,dec_lat,dec_long,rdwy_surf_type_cd,county_name
 ,43784,2015015603,6,67,67301,2014,12,3,1636,16,1,1,0,4,1, , ,N,0,0,7,3,0,0,2,2,N,N,39 55:36.600,75 10:15.200,1638, ,1636, ,0, ,N, ,0, , , , , ,503878, , , ,2,1,0,0,0,1,0,0,0,0,0,0,0,0,0,0,0,0,0,0,1,0,0,0,0,0,0,0,0,0,0,0,0,0,0,0,1,39.9268,-75.1709, , 
 ,43785,2015030529,6,67,67301,2014,11,3,930,9,1,1,0,1,1, , ,N,0,0,0,3,0,1,2,2,N,N,39 56:59.216,75 10:04.000,0, ,0, ,0, ,N, ,0, , , , , ,503879, , , ,2,2,0,0,0,0,0,0,0,0,0,0,1,1,0,0,0,0,0,0,0,0,0,0,0,0,0,0,0,0,0,0,0,0,0,8,0,39.9498,-75.1678, , 
 ,43786,2014097438,6,46,46102,2014,10,1,1440,14,1,1,0,8,2, , ,N,1,2,0,3,0,1,2,2,N,N,40 04:30.988,75 09:37.550,1445, ,1442, ,0, ,N, ,3, , , , , ,503884, , , ,1,1,0,0,0,0,0,0,0,0,1,0,1,0,0,0,0,0,0,0,0,0,0,0,0,0,0,0,0,0,0,0,1,0,0,3,0,40.0753,-75.1604, , 
 ,43787,2014124984,6,67,67301,2014,11,1,759,7,1,1,0,4,1, , ,N,1,2,0,3,0,1,2,4,N,N,39 53:50.886,75 15:07.506,820, ,9999,2,1,2,N, ,3,N, , , , ,503906, , , ,4,3,0,0,0,0,1,0,0,0,0,1,1,0,0,0,0,0,0,0,1,0,0,0,0,0,0,0,0,0,0,0,0,0,0,4,0,39.8974,-75.2522, , 
 ,43788,2014104610,6,67,67301,2014,9,3,9999,99,1,1,0,8,1, , ,N,0,0,0,3,0,1,2,2,N,N,39 57:14.593,75 09:37.031,1416, ,1413, ,0, ,N, ,0, , , , , ,503913, , , ,1,1,0,0,0,0,0,0,0,0,0,0,1,1,0,0,0,0,0,0,0,0,1,0,0,0,0,0,0,0,0,0,1,0,0,8,0,39.9541,-75.1603, , 
 ,43789,2014115918,6,67,67301,2014,5,5,1915,19,1,2,1,1,1, , ,N,0,0,0,3,0,1,3,2,N,N,40 00:21.279,75 10:14.142,0, ,0, ,0, ,N, ,0, , , , , ,503922, , , ,2,2,0,0,0,0,0,0,0,1,0,0,1,0,1,0,0,0,0,0,0,0,0,0,0,0,0,1,0,0,0,0,0,0,0,2,0,40.0059,-75.1706, , 
 ,43790,2015030418,6,67,67301,2014,11,3,1530,15,1,1,0,1,1, , ,N,5,2,0,3,0,1,3,3,N,N,40 01:41.707,75 09:07.390,0, ,0, ,0, ,N, ,3, , , , , ,503948, , , ,3,0,0,0,0,0,0,0,0,0,0,0,1,1,0,0,0,0,0,0,1,0,0,0,0,0,0,0,0,0,0,0,0,0,0,8,0,40.0283,-75.1521, , 
 ,43791,2014106781,6,67,67301,2014,10,4,1745,17,1,2,1,1,1, , ,N,1,2,0,3,0,4,4,2,N,N,40 06:00.676,75 01:18.249,1747, ,1746,2,2,5,N, ,3,Y, , , , ,503956, , , ,2,1,0,0,0,0,0,1,0,0,1,3,4,0,0,0,0,0,0,0,0,1,0,0,0,0,0,0,0,0,0,0,0,0,0,3,0,40.1002,-75.0217, , 
 ,43792,2014115650,6,67,67301,2014,11,7,1430,14,1,2,1,4,1, , ,N,0,0,7,3,0,1,3,3,N,N,40 03:58.245,75 09:32.544,1500, ,1430,3,2,4,N, ,0,Y, , , , ,503962, , , ,3,0,0,0,0,0,3,0,0,0,0,0,1,1,0,0,0,0,0,0,1,0,0,0,0,0,0,0,0,0,0,0,0,0,0,8,0,40.0662,-75.159, , 
 ,43793,2014120258,6,67,67301,2014,11,7,9999,99,1,1,0,5,1, , ,N,0,0,0,3,0,0,2,2,N,N,40 00:14.684,75 13:12.952,905, ,847, ,0, ,N, ,0, , , , , ,503965, , , ,2,0,0,0,1,1,0,0,0,0,0,0,0,0,1,0,0,0,0,0,0,0,0,0,0,0,0,0,0,0,0,0,0,0,0,9,1,40.0041,-75.2203, , 
 ,43794,2014122439,6,67,67301,2014,11,5,1411,14,1,1,0,4,1, , ,N,1,2,0,3,0,1,3,2,N, ,39 57:25.253,75 12:48.054,1418, ,1411, ,0, , , ,3, , , , , ,503966, , , ,2,1,0,0,0,0,1,0,0,0,0,0,1,1,1,0,0,0,0,0,0,0,0,3,0,0,0,0,0,0,0,0,0,0,0,8,0,39.957,-75.2133, , 
 ,43795,2014130524,6,67,67301,2014,11,7,2306,23,3,1,0,1,1, , ,N,2,2,0,3,0,1,2,2,N,N,39 56:45.926,75 11:54.625,2308, ,2300,9,1,2, , ,3,N, , , , ,503974, , , ,2,1,0,0,0,0,1,0,0,0,0,0,1,1,1,0,0,0,0,0,0,0,0,1,0,0,0,0,0,0,0,0,0,0,0,8,0,39.9461,-75.1985, , 
 ,43796,2015020641,6,67,67301,2014,5,2,122,1,3,1,0,2,1, , ,N,0,0,0,3,0,4,6,3,N,N,39 55:02.770,75 12:48.474,125, ,122, ,0, ,N, ,0, , , , , ,503981, , , ,2,2,0,0,0,0,0,0,0,2,0,2,4,0,0,0,0,0,0,0,0,0,0,0,0,0,0,0,0,0,0,0,0,0,0,2,0,39.9174,-75.2135, , 
 ,43797,2015020727,6,67,67301,2014,8,4,1325,13,1,1,0,4,1, , ,N,1,2,0,3,0,1,2,2,N,N,39 55:17.302,75 09:24.832,1340, ,1335, ,0, ,N, ,3, , , , , ,503982, , , ,1,0,0,0,0,0,1,0,1,0,1,0,1,0,0,0,0,0,0,0,0,0,0,0,0,0,0,0,0,0,0,0,0,0,0,3,0,39.9215,-75.1569, , 
 ,43798,2015028617,6,67,67301,2014,10,7,2240,22,3,1,0,1,1, , ,N,1,2,0,3,0,1,2,2,N,N,39 58:07.843,75 14:43.849,0, ,0, ,0, ,N, ,3, , , , , ,503983, , , ,2,2,0,0,0,0,0,0,0,0,0,0,1,1,0,0,0,0,0,0,0,0,0,0,0,0,0,0,0,0,0,0,0,0,0,8,0,39.9688,-75.2454, , 
 ,43799,2015009670,6,67,67301,2014,12,3,1254,12,1,2,1,1,1, , ,N,5,2,0,3,0,1,4,3,N, ,40 03:47.120,75 03:05.897,1258, ,1258, ,0, , , ,3, , , , , ,503996, , , ,3,2,0,0,0,0,1,0,0,0,0,0,1,1,0,0,0,0,1,0,1,0,1,0,0,0,0,0,0,0,0,0,0,0,0,8,0,40.0631,-75.0516, , 
 ,43800,2014122468,6,67,67301,2014,11,2,1800,18,3,2,1,1,1, , ,N,1,2,0,3,0,1,2,2,N,N,40 04:33.706,75 10:36.476,1817, ,1805, ,0, ,N, ,3, , , , , ,504002, , , ,2,1,0,0,0,0,1,0,0,0,0,1,1,0,0,0,0,0,0,0,1,0,1,0,0,0,0,0,0,0,0,0,0,0,0,4,0,40.076,-75.1768, , 
 ,43801,2013046395,6,67,67301,2013,3,5,2310,23,2,1,0,5,1, , ,N,0,0,0,3,0,2,4,3,N, ,40 01:11.574,75 08:58.303,2338, ,2315,3,1,2, , ,0,N, , , , ,510630, , , ,3,1,0,0,0,0,2,0,0,0,0,2,2,0,0,0,0,0,0,0,1,0,0,0,0,0,0,0,0,0,0,0,0,0,0,4,0,40.0199,-75.1495, , 
 ,43802,2013050299,6,67,67301,2013,4,5,9999,99,3,1,0,4,1, , ,N,1,2,0,3,0,1,4,2,N,N,39 56:45.089,75 14:25.018,124, ,116, ,0, ,N, ,3, , , , , ,510631, , , ,2,1,0,0,0,0,1,0,0,0,0,0,1,1,0,0,0,0,0,0,0,0,0,0,0,0,0,0,0,0,0,0,0,0,0,8,0,39.9459,-75.2403, , 
 ,43803,2013050319,6,67,67301,2013,4,4,1900,19,1,1,0,4,1, , ,N,2,0,2,3,0,1,4,2,N,N,39 57:15.358,75 08:22.158,1920, ,1918, ,0, ,N, ,0, , , , , ,510632, , , ,2,2,0,0,0,0,0,0,0,0,0,1,1,0,0,0,0,0,0,0,0,0,0,0,0,0,0,0,0,0,0,0,0,0,0,4,0,39.9543,-75.1395, , 
 ,43804,2013055537,6,67,67301,2013,5,7,1711,17,1,1,0,4,1, , ,N,0,0,0,3,0,1,2,2,N,N,40 05:15.936,75 03:09.212,1727, ,1724,9,1,4,N, ,0,N, , , , ,510638, , , ,1,1,0,0,0,0,0,0,1,0,0,1,1,0,0,0,1,0,0,0,0,0,0,0,0,0,0,0,0,0,0,0,0,0,0,4,0,40.0878,-75.0526, , 
 ,43805,2013016144,6,67,67301,2013,1,2,1035,10,1,1,0,8,1, , ,N,1,0,0,3,0,1,2,2,N,N,39 56:55.280,75 09:08.917,1035, ,1035, ,0, , , ,0, , , , , ,510655, , , ,1,0,0,0,0,0,0,1,0,0,0,0,1,1,0,0,0,0,0,0,0,0,0,0,0,0,0,0,0,0,0,0,1,0,0,8,0,39.9487,-75.1525, , 
 ,43806,2013018520,6,67,67301,2013,1,5,154,1,3,2,1,7,2, , ,N,0,0,0,3,0,0,1,1,N,N,39 59:42.455,75 11:52.135,154, ,154, ,0, ,N, ,0, , , , , ,510657, , , ,1,1,0,0,0,0,0,0,0,0,0,0,0,0,0,0,0,0,0,0,0,0,0,0,0,0,0,0,0,0,0,0,0,0,0,0,0,39.9951,-75.1978, , 
N,43807,2013022777,6,67,67301,2013,2,6,1016,10,1,1,0,1,1,1,4,Y,0,0,0,3,0,0,2,2,N,N,40 01:18.101,75 02:21.968,1030,45,1021, ,0, ,N, ,0, ,Y,N,N,N,510659,N,N,Y,2,0,0,0,0,0,2,0,0,0,0,0,0,0,0,0,0,0,0,0,0,0,0,0,0,0,0,0,0,0,0,0,0,0,0,0,0,40.0216,-75.0396, , 
 ,43808,2013035081,6,67,67301,2013,3,6,2138,21,3,1,0,4,1, , ,N,1,2,0,3,0,1,4,2,N,N,40 00:20.425,75 06:03.822,2148, ,2145,1,1,4,N, ,3,N, , , , ,510669, , , ,2,1,0,0,0,0,1,0,0,0,0,1,1,0,0,0,0,0,0,0,0,0,0,0,0,0,0,0,0,0,0,0,0,0,0,4,0,40.0057,-75.1011, , 
 ,43809,2013044125,6,67,67301,2013,3,6,643,6,1,1,0,4,1, , ,N,1,3,0,3,0,2,16,2,Y,Y,40 03:36.165,75 10:12.032,656, ,652,3,1,7,N, ,3,Y, , , , ,510675, , , ,2,0,0,1,0,0,1,0,0,0,0,2,2,0,0,0,0,0,0,0,1,0,0,0,0,0,0,0,0,0,0,0,0,0,0,4,1,40.06,-75.17, , 
 ,43810,2013074745,6,67,67301,2013,6,7,530,5,1,1,0,2,1, , ,N,1,2,0,3,0,2,4,4,N, ,39 59:07.481,75 14:53.054,547, ,538, ,0, , , ,3, , , , , ,510691, , , ,4,4,0,0,0,0,0,0,0,0,0,1,2,1,0,0,0,0,0,0,1,1,0,0,0,0,0,0,0,0,0,0,0,0,0,4,0,39.9854,-75.2481, , 
 ,43811,2013035109,6,67,67301,2013,2,1,2042,20,3,1,0,4,1, , ,N,1,3,0,3,0,2,3,2,N,N,39 59:12.339,75 06:30.121,2327, ,2324, ,0, ,N, ,3, , , , , ,510727, , , ,2,2,0,0,0,0,0,0,0,0,0,0,2,2,1,0,0,0,1,0,0,0,0,0,0,0,0,0,0,0,0,0,0,0,0,8,0,39.9868,-75.1084, , 
 ,43812,2013053109,6,67,67301,2013,4,4,1125,11,1,1,0,8,1, , ,N,0,0,0,3,0,1,2,2,N,N,39 57:26.510,75 14:08.380,1125, ,1125,1,1,5, , ,0,Y, , , , ,510740, , , ,1,1,0,0,0,0,0,0,0,0,0,1,1,0,0,0,0,0,0,0,0,0,0,0,0,0,0,0,0,0,0,0,1,0,0,4,0,39.9574,-75.2357, , 
 ,43813,2013015643,6,67,67301,2013,1,2,2236,22,2,4,4,5,1, , ,N,0,0,0,3,0,0,5,2,N,N,39 53:56.135,75 10:10.359,2307, ,2250,2,1,1,N, ,0,N, , , , ,510760, , , ,2,1,0,0,0,0,0,1,0,0,0,0,0,0,0,0,0,0,0,0,0,0,0,0,0,0,0,0,0,0,0,0,0,0,0,0,0,39.8989,-75.1695, , 
 ,43814,2013029878,6,67,67301,2013,3,7,938,9,1,1,0,1,1, , ,N,0,0,0,3,0,2,6,4,N,N,39 57:36.527,75 10:48.321,940, ,939,1,1,4,N, ,0,N, , , , ,510804, , , ,4,1,0,0,0,0,2,1,0,0,0,2,2,0,0,0,0,0,0,1,1,2,0,0,0,0,0,0,0,0,0,0,0,0,0,4,0,39.9601,-75.1801, , 
 ,43815,2013039598,6,67,67301,2013,4,7,815,8,1,1,0,7,4, , ,N,0,0,0,3,0,0,1,1,N,N,39 57:31.470,75 08:28.740,822, ,819,1,2,3,N, ,0,N, , , , ,510807, , , ,1,1,0,0,0,0,0,0,0,0,0,0,0,0,0,0,0,0,0,0,0,0,0,0,0,0,0,0,0,0,0,0,0,0,0,0,0,39.9587,-75.1413, , 
 ,43816,2013046297,6,67,67301,2013,4,2,1700,17,1,1,0,1,1, , ,N,0,0,0,3,0,1,3,2,N,N,40 02:30.239,75 09:31.507,1704, ,1700, ,0, ,N, ,0, , , , , ,510812, , , ,2,1,0,0,0,0,0,1,0,0,0,0,1,1,0,0,0,0,0,0,1,0,0,0,0,0,0,0,0,0,0,0,0,0,0,8,0,40.0417,-75.1588, , 
 ,43817,2013055365,6,67,67301,2013,5,6,137,1,3,1,0,8,1, , ,N,1,1,0,3,0,1,2,2,N,N,39 57:21.085,75 11:29.255,137, ,137, ,0, ,N, ,3, , , , , ,510816, , , ,1,1,0,0,0,0,0,0,0,0,1,0,1,0,0,0,0,0,0,0,0,0,0,0,0,0,0,0,0,0,0,0,1,0,0,3,0,39.9558,-75.1915, , 
 ,43818,2013055629,6,67,67301,2013,5,4,1640,16,1,1,0,4,1, , ,N,0,0,7,3,0,1,3,2,N,N,39 59:27.842,75 06:04.830,1648, ,1644, ,0, ,N, ,0, , , , , ,510817, , , ,2,1,0,0,1,0,0,0,0,0,0,1,1,0,0,0,0,0,0,0,2,0,0,0,0,0,0,0,0,0,0,0,0,0,0,4,0,39.9911,-75.1013, , 
 ,43819,2013077422,6,67,67301,2013,7,3,2100,21,2,2,1,7,2, , ,N,0,0,0,3,0,0,2,1,N,N,39 58:52.146,75 11:59.710,2102, ,2102,1,1,2, , ,0,N, , , , ,507428, , , ,1,1,0,0,0,0,0,0,0,0,0,0,0,0,0,0,0,0,0,0,0,0,0,0,0,0,0,0,0,0,0,0,0,0,0,0,0,39.9812,-75.1999, , 
 ,43820,2013024939,6,67,67301,2013,2,2,1515,15,1,1,8,1,1, , ,N,0,0,0,3,0,2,4,2,N,N,39 59:49.516,75 06:44.607,1610, ,1555, ,0, ,N, ,0, , , , , ,507446, , , ,2,2,0,0,0,0,0,0,0,0,0,2,2,0,0,0,0,0,1,0,0,0,0,0,0,0,0,0,0,0,0,0,0,0,0,4,0,39.9971,-75.1124, , 
 ,43821,2013035056,6,67,67301,2013,2,3,1140,11,1,1,0,5,1, , ,N,2,3,0,3,0,1,4,2,N,N,39 59:23.859,75 07:01.843,1141, ,1140, ,0, , , ,3, , , , , ,507462, , , ,2,1,0,0,0,0,0,1,0,0,0,0,1,1,0,0,0,0,0,0,0,1,0,0,0,0,0,0,0,0,0,0,0,0,0,8,0,39.99,-75.1172, , 
 ,43822,2013035137,6,67,67301,2013,2,7,2036,20,3,1,5,8,1, , ,N,1,0,0,3,0,1,2,2,N,N,39 55:56.906,75 13:28.606,2039, ,2037, ,0, ,N, ,0, , , , , ,507463, , , ,1,0,0,0,0,0,1,0,0,0,0,1,1,0,0,0,0,0,0,0,0,0,0,0,0,0,0,0,0,0,0,0,1,0,0,4,0,39.9325,-75.2246, , 
 ,43823,2013045509,6,67,67301,2013,4,7,1125,11,1,1,0,1,1, , ,N,0,0,0,3,0,4,9,3,N,N,39 57:25.242,75 09:19.353,1135, ,1126,1,2,4,N, ,0,N, , , , ,507474, , , ,3,2,0,0,0,0,1,0,0,0,0,0,4,4,0,0,0,0,0,0,1,0,0,0,0,0,0,0,0,0,0,0,0,0,0,8,0,39.957,-75.1554, , 
 ,43824,2013013583,6,67,67301,2013,1,2,2112,21,3,4,3,7,2, , ,N,0,0,0,3,0,0,2,1,N,N,39 55:58.197,75 08:43.789,2112, ,2112, ,0, ,N, ,0, , , , , ,507488, , , ,1,0,0,0,1,0,0,0,0,0,0,0,0,0,0,0,0,0,0,0,0,0,0,0,0,0,0,0,0,0,0,0,0,0,0,0,0,39.9329,-75.1455, , 
 ,43825,2013035149,6,67,67301,2013,2,7,2105,21,3,2,1,4,1, , ,N,1,2,0,3,0,1,4,2,N,N,39 58:10.092,75 08:22.485,2110, ,2109,1,1,1,N, ,3,N, , , , ,507506, , , ,2,1,0,0,1,0,0,0,0,0,0,0,1,1,0,0,0,0,0,0,0,0,0,0,0,0,0,0,0,0,0,0,0,0,0,8,0,39.9695,-75.1396, , 
 ,43826,2013036250,6,67,67301,2013,3,6,2137,21,3,1,0,4,1, , ,N,1,3,0,3,0,2,4,2,N,N,40 01:44.014,75 07:59.505,2150, ,2138,1,2,7,N, ,3,Y, , , , ,507507, , , ,2,2,0,0,0,0,0,0,0,0,0,2,2,0,0,0,0,0,0,0,0,0,0,0,0,0,0,0,0,0,0,0,0,0,0,4,0,40.0289,-75.1332, , 
 ,43827,2013013584,6,67,67301,2013,1,4,939,9,1,1,1,7,2, , ,N,7,0,2,3,0,0,1,1,N,N,40 01:22.756,75 02:09.397,1010, ,942, ,0, ,N, ,0, , , , , ,507539, , , ,1,1,0,0,0,0,0,0,0,0,0,0,0,0,0,0,0,0,0,0,0,0,0,0,0,0,0,0,0,0,0,0,0,0,0,0,0,40.023,-75.0359, , 
 ,43828,2013022264,6,67,67301,2013,1,5,945,9,1,1,0,5,1, , ,N,2,0,0,3,0,0,2,2,N,N,39 57:13.136,75 09:10.943,957, ,949,2,1,2,N, ,0,N, , , , ,507548, , , ,2,2,0,0,0,0,0,0,0,0,0,0,0,0,0,0,0,0,0,0,0,0,0,0,0,0,0,0,0,0,0,0,0,0,0,0,0,39.9536,-75.153, , 
 ,43829,2013035084,6,67,67301,2013,3,7,1206,12,1,1,0,4,1, , ,N,2,3,0,3,0,1,3,2,N,N,40 02:27.826,75 02:29.849,1215, ,1207,1,2,5,N, ,3,N, , , , ,507564, , , ,2,0,1,0,0,0,1,0,0,0,0,0,1,1,0,0,0,0,0,0,0,1,0,0,0,0,0,0,0,0,0,0,0,0,0,8,0,40.0411,-75.0416, , 
 ,43830,2013037422,6,67,67301,2013,3,6,1214,12,1,1,0,1,1, , ,N,1,2,0,3,0,2,2,2,N,N,39 54:42.724,75 10:21.917,1216, ,1215, ,0, ,N, ,3, , , , , ,507570, , , ,2,1,0,0,1,0,0,0,0,0,1,1,2,0,0,0,0,0,0,0,0,0,0,0,0,0,0,0,0,0,0,0,0,0,0,3,0,39.9119,-75.1728, , 
 ,43831,2013022785,6,67,67301,2013,2,3,705,7,1,1,0,7,3, , ,N,0,0,0,3,0,0,1,1,N,N,39 55:01.212,75 08:51.865,724, ,708,1,1,2,N, ,0,N, , , , ,507637, , , ,1,1,0,0,0,0,0,0,0,0,0,0,0,0,0,0,0,0,0,0,1,0,0,0,0,0,0,0,0,0,0,0,0,0,0,0,0,39.9171,-75.1478, , 
 ,43832,2013032463,6,46,46104,2013,2,2,25,0,3,1,0,4,1, , ,N,1,2,0,3,0,0,2,2,N,N,40 00:14.091,75 13:14.544,108, ,59,3,1,1, , ,3,N, , , , ,507644, , , ,2,2,0,0,0,0,0,0,0,0,0,0,0,0,0,0,0,0,0,0,0,0,0,0,0,0,0,0,0,0,0,0,0,0,0,0,0,40.0039,-75.2207, , 
 ,43833,2013035606,6,67,67301,2013,3,7,1349,13,1,1,0,4,1, , ,N,1,2,0,3,0,1,4,2,N,N,40 01:38.505,75 05:56.834,1400, ,1355,2,1,1,N, ,3,N, , , , ,507649, , , ,2,1,0,0,0,0,1,0,0,0,1,0,1,0,0,0,0,0,0,0,1,1,0,0,0,0,0,0,0,0,0,0,0,0,0,3,0,40.0274,-75.0991, , 
 ,43834,2013041305,6,67,67301,2013,3,7,2012,20,3,1,0,4,1, , ,N,1,3,0,3,0,0,3,2,N,N,39 57:36.482,75 12:19.195,2024, ,2024, ,0, ,N, ,3, , , , , ,507698, , , ,2,1,0,0,1,0,0,0,0,0,0,0,0,0,1,0,0,0,0,0,1,0,0,0,0,0,0,0,0,0,0,0,0,0,0,9,0,39.9601,-75.2053, , 
 ,43835,2013046415,6,67,67301,2013,4,4,1720,17,1,1,0,8,6, , ,N,0,0,0,3,0,1,2,2,N,N,39 55:42.553,75 10:32.664,1745, ,1740, ,0, ,N, ,0, , , , , ,507703, , , ,1,1,0,0,0,0,0,0,0,0,0,0,1,1,0,0,0,0,0,0,0,0,0,0,0,0,0,0,0,0,0,0,1,0,0,8,0,39.9285,-75.1757, , 
 ,43836,2013050193,6,67,67301,2013,4,3,1200,12,1,1,0,8,1, , ,N,0,0,0,3,0,1,2,2,N,N,39 56:58.444,75 09:57.807,1540, ,1530, ,0, ,N, ,0, , , , , ,507707, , , ,1,1,0,0,0,0,0,0,0,0,0,0,1,1,0,0,0,0,0,0,0,0,0,0,0,0,0,0,0,0,0,0,1,0,0,8,0,39.9496,-75.1661, , 
 ,43837,2013050199,6,67,67301,2013,4,7,2130,21,3,1,0,7,2, , ,N,0,0,0,3,0,0,1,1,N,N,39 59:43.224,75 09:50.691,2135, ,2133, ,0, ,N, ,0, , , , , ,507708, , , ,1,0,0,0,1,0,0,0,0,0,0,0,0,0,0,0,0,0,0,0,0,0,0,0,0,0,0,0,0,0,0,0,0,0,0,0,0,39.9953,-75.1641, , 
 ,43838,2014118306,6,67,67301,2014,11,4,1736,17,3,1,0,1,1, , ,N,0,0,0,3,0,3,4,3,N,N,39 55:45.821,75 11:51.224,1844, ,1745, ,0, ,N, ,0, , , , , ,501444, , , ,3,3,0,0,0,0,0,0,0,0,2,1,3,0,0,0,0,0,0,0,0,1,0,0,0,0,0,0,0,0,0,0,0,0,0,3,0,39.9294,-75.1976, , 
 ,43839,2014120323,6,67,67301,2014,11,7,1015,10,1,1,0,1,1, , ,N,2,2,0,3,0,1,3,2,N,N,40 00:00.100,75 13:17.248,1030, ,1020, ,0, ,N, ,3, , , , , ,501445, , , ,2,1,0,0,1,0,0,0,0,0,0,0,1,1,0,0,0,0,0,0,0,0,1,1,0,0,0,0,0,0,0,0,0,0,0,8,0,40,-75.2215, , 
 ,43840,2014122490,6,67,67301,2014,11,1,2300,23,3,1,0,1,1, , ,N,2,0,0,3,0,1,4,2,N,N,40 01:08.324,75 03:08.584,2315, ,2311, ,0, ,N, ,0, , , , , ,501450, , , ,2,2,0,0,0,0,0,0,0,0,0,1,1,0,0,0,0,0,0,0,0,0,0,0,0,0,0,0,0,0,0,0,0,0,0,4,0,40.019,-75.0524, , 
 ,43841,2014122496,6,67,67301,2014,11,4,836,8,1,1,0,6,1, , ,N,2,0,0,3,0,1,2,2,N,Y,39 59:40.081,75 06:54.633,849, ,848, ,0, ,N, ,0, , , , , ,501451, , , ,1,1,0,0,0,0,0,0,1,0,1,0,1,0,0,0,0,0,0,0,0,0,0,0,0,0,0,0,0,0,0,0,0,0,0,3,0,39.9945,-75.1152, , 
 ,43842,2015006052,6,67,67301,2014,12,6,138,1,3,1,0,5,6, , ,N,0,0,0,3,0,1,2,4,N,N,39 57:18.989,75 12:42.685,145, ,141, ,0, ,N, ,0, , , , , ,501456, , , ,3,3,0,0,0,0,0,0,0,0,1,0,1,0,0,0,0,0,0,0,0,0,0,0,0,0,0,0,0,0,0,0,0,0,0,3,0,39.9553,-75.2119, , 
 ,43843,2014122446,6,67,67301,2014,11,1,1445,14,1,1,0,8,4, , ,N,0,0,0,3,0,2,2,3,N,N,40 01:19.426,75 04:39.615,1455, ,1450, ,0, ,N, ,0, , , , , ,501465, , , ,1,1,0,0,0,0,0,0,0,0,0,2,2,0,0,0,0,0,0,0,0,0,0,0,0,0,0,0,0,0,0,0,1,0,0,4,0,40.0221,-75.0777, , 
 ,43844,2014120848,6,67,67301,2014,10,7,9999,99,3,1,0,5,1, , ,N,0,0,0,3,0,0,2,2,N,N,40 04:49.603,75 01:43.306,9999, ,9999, ,0, ,N, ,0, , , , , ,501492, , , ,2,2,0,0,0,0,0,0,0,0,0,0,0,0,0,0,0,0,0,0,1,0,0,0,0,0,0,0,0,0,0,0,0,0,0,0,0,40.0804,-75.0287, , 
 ,43845,2014122027,6,67,67301,2014,11,2,1243,12,1,1,0,4,1, , ,N,1,2,0,3,0,1,3,3,N,N,40 01:40.095,75 05:55.134,1245, ,1243,9,1,2,N, ,3,N, , , , ,501495, , , ,3,1,0,0,1,0,0,1,0,0,0,1,1,0,0,0,0,0,0,0,0,0,0,0,0,0,0,0,0,0,0,0,0,0,0,4,0,40.0277,-75.0988, , 
 ,43846,2014125015,6,67,67301,2014,11,1,123,1,3,1,0,5,1, , ,N,0,0,0,3,0,0,2,2,N,N,39 54:54.252,75 10:36.219,123, ,123, ,0, , , ,0, , , , , ,501501, , , ,2,1,0,0,0,0,0,1,0,0,0,0,0,0,0,0,0,0,0,0,0,0,0,2,0,0,0,0,0,0,0,0,0,0,0,0,0,39.9151,-75.1767, , 
 ,43847,2014110384,6,67,67301,2014,10,6,1820,18,4,1,0,8,1, , ,N,2,3,0,3,0,1,2,2,N,N,39 55:48.957,75 13:19.160,1826, ,1825, ,0, ,N, ,3, , , , , ,501515, , , ,1,1,0,0,0,0,0,0,0,0,0,0,1,1,0,0,0,0,0,0,1,0,0,0,0,0,0,0,0,0,0,0,1,0,0,8,0,39.9303,-75.222, , 
 ,43848,2014112767,6,67,67301,2014,10,2,113,1,3,1,0,8,1, , ,N,1,2,0,3,0,1,2,2,N,N,40 02:21.930,75 04:38.559,117, ,116, ,0, ,N, ,3, , , , , ,501518, , , ,1,0,0,0,0,0,0,0,0,0,1,0,1,0,0,0,0,0,0,0,0,0,0,0,0,0,0,0,0,0,0,0,1,0,0,3,0,40.0394,-75.0774, , 
 ,43849,2014113275,6,67,67301,2014,10,5,1442,14,1,1,0,1,1, , ,N,3,3,0,3,0,1,2,2,N, ,40 03:43.175,75 05:00.400,1545, ,1542, ,0, , , ,3, , , , , ,501520, , , ,2,1,0,0,1,0,0,0,0,0,0,0,1,1,0,0,0,0,0,0,0,0,0,0,0,0,0,0,0,0,0,0,0,0,0,8,0,40.062,-75.0834, , 