wz_ln_closure,objectid_1,crn,district,county,municipality,crash_year,crash_month,day_of_week,time_of_day,hour_of_day,illumination,weather,road_condition,collision_type,relation_to_road,work_zone_type,work_zone_loc,work_zone_ind,intersect_type,tcd_type,location_type,urban_rural,fatal_count,injury_count,person_count,total_units,sch_bus_ind,sch_zone_ind,latitude,longitude,arrival_tm,cons_zone_spd_lim,dispatch_tm,est_hrs_closed,lane_closed,ln_close_dir,ntfy_hiwy_maint,spec_juris_cd,tcd_func_cd,tfc_detour_ind,workers_pres,wz_close_detour,wz_flagger,wz_law_offcr_ind,objectid,wz_moving,wz_other,wz_shlder_mdn,vehicle_count,automobile_count,motorcycle_count,bus_count,small_truck_count,heavy_truck_count,suv_count,van_count,bicycle_count,maj_inj_count,mod_inj_count,min_inj_count,tot_inj_count,unk_inj_deg_count,unk_inj_per_count,driver_count_16yr,driver_count_17yr,driver_count_18yr,driver_count_19yr,driver_count_20yr,driver_count_50_64yr,driver_count_65_74yr,driver_count_75plus,unbelted_occ_count,unb_death_count,unb_maj_inj_count,belted_death_count,belted_maj_inj_count,mcycle_death_count,mcycle_maj_inj_count,bicycle_death_count,bicycle_maj_inj_count,ped_count,ped_death_count,ped_maj_inj_count,max_severity_level,comm_veh_count,dec_lat,dec_long,rdwy_surf_type_cd,county_name
 ,44049,2013031359,6,67,67301,2013,1,1,611,6,3,1,0,1,1, , ,N,0,0,0,3,0,3,6,2,N,N,39 53:05.115,75 14:38.620,628, ,617,3,1,2,N, ,0,N, , , , ,508328, , , ,2,0,0,0,0,1,0,1,0,3,0,0,3,0,0,0,0,0,0,0,1,0,0,2,0,2,0,1,0,0,0,0,0,0,0,2,1,39.8848,-75.2441, , 
 ,44050,2013037439,6,67,67301,2013,3,4,1545,15,1,1,0,4,1, , ,N,0,0,0,3,0,0,4,2,N, ,39 55:25.100,75 13:17.133,1550, ,1545, ,0, , , ,0, , , , , ,508334, , , ,2,2,0,0,0,0,0,0,0,0,0,0,0,0,0,0,0,0,0,1,0,0,0,0,0,0,0,0,0,0,0,0,0,0,0,0,0,39.9236,-75.2214, , 
 ,44051,2013022247,6,67,67301,2013,1,1,938,9,8,5,1,1,1, , ,N,0,0,0,3,0,0,1,3,N,N,39 58:24.319,75 15:11.966,944, ,941, ,0, ,N, ,0, , , , , ,508361, , , ,3,1,0,0,0,0,2,0,0,0,0,0,0,0,0,0,0,0,0,0,0,0,0,0,0,0,0,0,0,0,0,0,0,0,0,0,0,39.9734,-75.2533, , 
 ,44052,2013055484,6,67,67301,2013,5,7,935,9,1,1,0,4,1, , ,N,1,2,0,3,0,5,6,3,N,N,39 57:46.071,75 09:52.682,1050, ,1030,3,2,6,N, ,3,Y, , , , ,508387, , , ,3,0,0,0,0,1,2,0,0,0,0,5,5,0,0,0,0,0,0,0,2,0,0,3,0,0,0,0,0,0,0,0,0,0,0,4,1,39.9628,-75.1646, , 
 ,44053,2013025019,6,67,67301,2013,1,2,1844,18,3,1,0,8,1, , ,N,0,0,0,3,0,1,2,2,N,N,39 58:56.168,75 07:30.025,1850, ,1845, ,0, ,N, ,0, , , , , ,508409, , , ,1,1,0,0,0,0,0,0,0,0,0,0,1,1,0,0,0,0,0,0,0,0,0,0,0,0,0,0,0,0,0,0,1,0,0,8,0,39.9823,-75.125, , 
 ,44054,2013037395,6,67,67301,2013,3,5,1050,10,1,1,0,1,1, , ,N,0,0,0,3,0,1,3,2,N,N,40 01:36.342,75 08:50.326,1100, ,1054,3,1,1,N, ,0,N, , , , ,508419, , , ,2,0,0,0,1,0,0,1,0,0,0,0,1,1,0,0,0,0,0,0,1,0,0,1,0,0,0,0,0,0,0,0,0,0,0,8,0,40.0268,-75.1473, , 
 ,44055,2013055837,6,67,67301,2013,5,2,633,6,1,1,0,4,2, , ,N,0,0,0,3,0,5,5,2,N, ,40 00:55.642,75 08:18.229,1836, ,1835, ,0, , , ,0, , , , , ,508429, , , ,2,1,0,0,0,0,1,0,0,0,0,1,5,4,0,0,0,0,0,1,0,0,0,0,0,0,0,0,0,0,0,0,0,0,0,4,0,40.0155,-75.1384, , 
N,44056,2013026276,6,67,67301,2013,3,7,26,0,3,1,0,1,1,1,4,Y,0,0,0,3,0,4,4,2,N,N,39 58:02.664,75 07:56.012,34,45,28,1,2,1,N, ,0,Y,N,N,N,N,508461,N,N,Y,2,2,0,0,0,0,0,0,0,0,0,4,4,0,0,0,0,0,0,0,1,0,0,0,0,0,0,0,0,0,0,0,0,0,0,4,0,39.9674,-75.1323, , 
 ,44057,2013029724,6,67,67301,2013,2,7,200,2,3,1,1,4,1, , ,N,0,0,0,3,0,1,3,6,N,N,39 59:17.908,75 05:40.621,212, ,205,4,2,2,N, ,0,Y, , , , ,508467, , , ,4,3,0,0,1,0,0,0,0,0,0,1,1,0,0,0,0,0,0,0,0,0,0,0,0,0,0,0,0,0,0,0,2,0,0,4,1,39.9883,-75.0946, , 
 ,44058,2013035075,6,67,67301,2013,2,2,132,1,3,1,0,4,1, , ,N,1,2,0,3,0,3,5,3,N,N,40 01:13.249,75 08:02.518,135, ,134, ,0, ,N, ,3, , , , , ,508474, , , ,3,1,0,0,0,0,1,1,0,0,0,3,3,0,0,0,0,0,0,0,0,0,0,0,0,0,0,0,0,0,0,0,0,0,0,4,0,40.0203,-75.134, , 
 ,44059,2014104474,6,67,67301,2014,10,7,934,9,1,2,1,5,1, , ,N,0,0,0,3,0,1,4,2,N,N,40 00:43.813,75 10:54.275,941, ,931,1,2,2,N, ,0,N, , , , ,502023, , , ,2,2,0,0,0,0,0,0,0,0,0,1,1,0,0,0,1,0,0,0,0,0,0,0,0,0,0,0,0,0,0,0,0,0,0,4,0,40.0122,-75.1817, , 
 ,44060,2014113265,6,67,67301,2014,10,5,555,5,3,1,0,8,1, , ,N,2,0,0,3,0,1,2,2,N, ,39 55:34.957,75 08:49.557,9999, ,559, ,0, , , ,0, , , , , ,502029, , , ,1,0,0,0,1,0,0,0,0,0,0,1,1,0,0,0,0,0,0,0,1,0,0,1,0,0,0,0,0,0,0,0,1,0,0,4,0,39.9264,-75.1471, , 
 ,44061,2015010698,6,67,67301,2014,12,7,1624,16,1,1,0,1,1, , ,N,2,2,0,3,0,0,2,2,N, ,39 57:40.430,75 08:47.717,1638, ,1635, ,0, , , ,3, , , , , ,502039, , , ,2,0,0,0,0,0,2,0,0,0,0,0,0,0,0,0,0,0,0,0,0,0,0,0,0,0,0,0,0,0,0,0,0,0,0,0,0,39.9612,-75.1466, , 
 ,44062,2014112644,6,67,67301,2014,4,3,2358,23,6,2,1,7,9, , ,N,1,2,0,3,0,2,2,1,N,N,39 59:23.298,75 07:31.934,0, ,0, ,0, ,N, ,3, , , , , ,502047, , , ,1,1,0,0,0,0,0,0,0,0,0,0,2,2,0,0,0,0,0,0,0,0,0,0,0,0,0,0,0,0,0,0,0,0,0,8,0,39.9898,-75.1255, , 
 ,44063,2014113477,6,67,67301,2014,10,7,1424,14,1,1,0,4,1, , ,N,1,3,0,3,0,5,5,2,N, ,40 04:02.316,75 00:31.866,1429, ,1425, ,0, , , ,3, , , , , ,502048, , , ,2,1,0,0,0,0,1,0,0,0,0,4,5,1,0,0,0,0,0,0,1,0,0,0,0,0,0,0,0,0,0,0,0,0,0,4,0,40.0673,-75.0089, , 
 ,44064,2014122416,6,67,67301,2014,11,2,610,6,3,2,1,8,1, , ,N,1,4,0,3,0,1,2,2,N,N,40 02:10.346,75 03:51.114,612, ,612, ,0, , , ,3, , , , , ,502056, , , ,1,1,0,0,0,0,0,0,0,0,0,1,1,0,0,0,0,0,0,0,0,0,0,1,0,0,0,0,0,0,0,0,1,0,0,4,0,40.0362,-75.0642, , 
 ,44065,2014111489,6,67,67301,2014,10,7,812,8,1,1,0,4,1, , ,N,1,2,0,3,0,2,2,2,N, ,40 01:53.078,75 05:05.038,818, ,815,2,1,3, , ,3,Y, , , , ,502072, , , ,2,2,0,0,0,0,0,0,0,0,0,2,2,0,0,0,0,0,0,0,0,0,1,0,0,0,0,0,0,0,0,0,0,0,0,4,0,40.0314,-75.0847, , 
 ,44066,2014115621,6,67,67301,2014,11,6,2245,22,3,1,0,8,1, , ,N,1,2,0,3,0,1,2,2,N, ,40 02:01.052,75 02:48.431,2311, ,2309, ,0, , , ,3, , , , , ,502078, , , ,1,1,0,0,0,0,0,0,0,1,0,0,1,0,0,0,0,0,0,0,0,0,0,0,0,0,0,0,0,0,0,0,1,0,1,2,0,40.0336,-75.0468, , 
 ,44067,2014120914,6,67,67301,2014,11,7,36,0,3,1,0,4,1, , ,N,1,2,0,3,0,4,5,2,N,N,39 57:48.112,75 11:14.766,40, ,36, ,0, ,N, ,3, , , , , ,502085, , , ,2,1,0,0,0,0,1,0,0,0,0,0,4,4,1,0,0,0,0,1,1,0,0,0,0,0,0,0,0,0,0,0,0,0,0,8,0,39.9634,-75.1875, , 
 ,44068,2014112769,6,67,67301,2014,11,2,700,7,1,1,0,4,1, , ,N,1,2,0,3,0,1,2,2,N,N,39 57:33.501,75 09:35.521,740, ,730, ,0, ,N, ,2, , , , , ,502097, , , ,1,1,0,0,0,0,0,0,1,0,0,1,1,0,0,0,0,0,0,0,0,0,0,0,0,0,0,0,0,0,0,0,0,0,0,4,0,39.9593,-75.1599, , 
 ,44069,2014124985,6,67,67301,2014,12,2,946,9,1,1,0,4,1, , ,N,2,0,0,3,0,1,3,2,N,N,40 07:47.388,75 00:36.176,950, ,946, ,0, , , ,0, , , , , ,502109, , , ,2,0,0,0,0,0,2,0,0,0,0,1,1,0,0,0,0,0,0,0,0,0,0,0,0,0,0,0,0,0,0,0,0,0,0,4,0,40.1298,-75.01, , 
 ,44070,2015003312,6,67,67301,2014,12,7,1150,11,1,1,0,4,1, , ,N,0,0,7,3,0,1,3,2,N,N,40 03:03.770,75 03:58.250,1155, ,1155, ,0, ,N, ,0, , , , , ,502117, , , ,2,0,0,0,1,0,1,0,0,0,0,0,1,1,0,0,0,0,1,0,0,0,0,0,0,0,0,0,0,0,0,0,0,0,0,8,0,40.051,-75.0662, , 
 ,44071,2014111475,6,67,67301,2014,10,6,940,9,1,1,0,5,6, , ,N,0,0,0,3,0,1,1,2,N,N,39 54:40.010,75 13:32.203,949, ,940, ,0, ,N, ,0, , , , , ,502133, , , ,2,2,0,0,0,0,0,0,0,0,0,1,1,0,0,0,0,0,0,0,0,0,0,0,0,0,0,0,0,0,0,0,0,0,0,4,0,39.9111,-75.2256, , 
 ,44072,2014111508,6,67,67301,2014,10,4,906,9,1,2,1,5,1, , ,N,0,0,0,3,0,1,2,2,N,N,39 58:35.552,75 12:36.362,1026, ,1023, ,0, ,N, ,0, , , , , ,502134, , , ,2,2,0,0,0,0,0,0,0,0,0,1,1,0,1,0,0,0,0,0,0,0,0,0,0,0,0,0,0,0,0,0,0,0,0,4,0,39.9765,-75.2101, , 
 ,44073,2014128369,6,67,67301,2014,12,4,715,7,1,1,0,4,1, , ,N,1,2,0,3,0,1,2,2,N,N,40 02:12.848,75 08:02.883,735, ,133, ,0, ,N, ,3, , , , , ,502143, , , ,2,1,0,1,0,0,0,0,0,0,0,1,1,0,0,0,0,0,0,0,0,0,0,0,0,0,0,0,0,0,0,0,0,0,0,4,1,40.0369,-75.1341, , 
 ,44074,2014130516,6,67,67301,2014,12,7,920,9,1,4,1,4,1, , ,N,0,0,7,3,0,0,3,2,N,N,40 03:51.525,74 59:54.510,945, ,930, ,0, ,N, ,0, , , , , ,502146, , , ,2,1,0,0,0,0,1,0,0,0,0,0,0,0,0,0,0,0,0,0,0,0,1,0,0,0,0,0,0,0,0,0,0,0,0,0,0,40.0643,-74.9985, , 
 ,44075,2014127557,6,67,67301,2014,12,5,1645,16,3,1,0,8,1, , ,N,0,0,0,3,0,1,2,2,N, ,40 03:03.828,75 03:58.546,1648, ,1646, ,0, , , ,0, , , , , ,502150, , , ,1,1,0,0,0,0,0,0,0,0,0,1,1,0,0,0,0,0,0,0,1,0,0,0,0,0,0,0,0,0,0,0,1,0,0,4,0,40.0511,-75.0663, , 
 ,44076,2015006655,6,67,67301,2014,12,2,900,9,1,1,0,1,1, , ,N,6,4,2,3,0,2,3,2,N,N,40 06:22.731,74 59:41.839,915, ,905,1,1,3,N, ,3,N, , , , ,502152, , , ,2,1,0,0,1,0,0,0,0,0,0,2,2,0,0,0,0,0,0,0,0,0,0,0,0,0,0,0,0,0,0,0,0,0,0,4,0,40.1063,-74.995, , 
 ,44077,2014115660,6,67,67301,2014,11,7,2349,23,3,2,1,7,4, , ,N,0,0,0,3,0,0,2,1,N,N,39 58:12.734,75 11:22.830,2355, ,2348, ,0, ,N, ,0, , , , , ,504571, , , ,1,1,0,0,0,0,0,0,0,0,0,0,0,0,0,0,0,0,0,0,0,0,0,0,0,0,0,0,0,0,0,0,0,0,0,0,0,39.9702,-75.1897, , 
 ,44078,2014117806,6,67,67301,2014,11,6,1715,17,3,1,0,5,1, , ,N,0,0,0,3,0,0,2,2,N,N,40 00:07.958,75 04:42.338,1740, ,1717,2,1,2,N, ,0,N, , , , ,504576, , , ,2,2,0,0,0,0,0,0,0,0,0,0,0,0,0,0,0,0,0,0,0,0,0,0,0,0,0,0,0,0,0,0,0,0,0,0,0,40.0022,-75.0784, , 
Y,44079,2014130611,6,67,67301,2014,12,6,103,1,3,1,0,7,2,1,4,Y,0,0,0,3,0,0,1,1,N,N,39 58:02.559,75 07:56.354,117,45,104,2,2,1,N, ,0,N,Y,N,N,N,504588,Y,N,Y,1,1,0,0,0,0,0,0,0,0,0,0,0,0,0,0,0,0,0,0,0,0,0,0,0,0,0,0,0,0,0,0,0,0,0,0,0,39.9674,-75.1323, , 
 ,44080,2014106706,6,67,67301,2014,10,2,745,7,1,1,0,4,1, , ,N,5,2,0,3,0,3,3,2,N,N,39 59:13.382,75 07:20.404,747, ,745, ,0, ,N, ,3, , , , , ,504592, , , ,2,1,0,0,1,0,0,0,0,0,0,3,3,0,0,0,0,0,0,0,0,0,0,0,0,0,0,0,0,0,0,0,0,0,0,4,0,39.9871,-75.1223, , 
 ,44081,2014113279,6,67,67301,2014,10,6,1805,18,3,1,0,4,1, , ,N,2,3,0,3,0,0,2,2,N,N,40 01:32.502,75 12:09.049,1820, ,1817, ,0, ,N, ,3, , , , , ,504615, , , ,2,1,0,0,0,0,1,0,0,0,0,0,0,0,0,0,0,0,0,0,1,0,0,0,0,0,0,0,0,0,0,0,0,0,0,0,0,40.0257,-75.2025, , 
 ,44082,2014109907,6,67,67301,2014,10,3,9999,99,3,1,0,1,1, , ,N,1,2,0,3,0,1,2,2,N,N,40 01:08.216,75 08:49.391,1100, ,1100, ,0, ,N, ,3, , , , , ,504646, , , ,2,2,0,0,0,0,0,0,0,0,0,0,1,1,0,0,0,0,0,0,1,0,0,0,0,0,0,0,0,0,0,0,0,0,0,8,0,40.0189,-75.1471, , 
 ,44083,2014130515,6,67,67301,2014,12,3,1811,18,3,2,1,8,1, , ,N,1,2,0,3,0,1,2,2,N,N,40 05:18.096,75 02:38.680,1836, ,1820, ,0, ,N, ,3, , , , , ,504676, , , ,1,1,0,0,0,0,0,0,0,0,1,0,1,0,0,0,0,0,0,0,0,0,0,0,0,0,0,0,0,0,0,0,1,0,0,3,0,40.0884,-75.044, , 
 ,44084,2014104426,6,67,67301,2014,10,4,1654,16,1,1,0,8,1, , ,N,1,3,0,3,0,1,2,2,N, ,39 58:44.101,75 08:07.846,9999, ,1654, ,0, , , ,3, , , , , ,504693, , , ,1,0,0,0,1,0,0,0,0,0,0,1,1,0,0,0,0,0,0,0,0,0,0,1,0,0,0,0,0,0,0,0,1,0,0,4,0,39.9789,-75.1355, , 
 ,44085,2014106854,6,67,67301,2014,10,7,2158,21,2,1,0,4,1, , ,N,1,2,0,3,0,1,4,2,N, ,40 05:37.163,74 58:48.657,2200, ,2159,1,1,3, , ,3,Y, , , , ,504695, , , ,2,1,0,0,1,0,0,0,0,0,0,1,1,0,0,0,1,0,0,0,0,0,0,0,0,0,0,0,0,0,0,0,0,0,0,4,0,40.0935,-74.9802, , 
 ,44086,2015006706,6,67,67301,2014,12,6,9999,99,3,1,0,4,1, , ,N,1,2,0,3,0,3,4,2,N,N,39 59:48.618,75 09:13.788,145, ,131,3,1,1,N, ,3,N, , , , ,504710, , , ,2,1,0,0,0,0,1,0,0,0,0,2,3,1,1,0,0,0,0,0,1,0,0,0,0,0,0,0,0,0,0,0,0,0,0,4,0,39.9968,-75.1538, , 
 ,44087,2014128450,6,67,67301,2014,12,3,1924,19,3,2,1,7,2, , ,N,0,0,0,3,0,0,2,1,N,N,39 58:45.768,75 12:14.815,1933, ,1926, ,0, ,N, ,0, , , , , ,504731, , , ,1,1,0,0,0,0,0,0,0,0,0,0,0,0,0,0,0,0,0,0,1,0,0,0,0,0,0,0,0,0,0,0,0,0,0,0,0,39.9794,-75.2041, , 
 ,44088,2014125090,6,67,67301,2014,11,4,1207,12,1,1,0,4,1, , ,N,1,2,0,3,0,0,2,3,N, ,39 59:13.077,75 14:04.844,1341, ,1334, ,0, , , ,3, , , , , ,504768, , , ,3,2,0,0,0,0,1,0,0,0,0,0,0,0,0,0,0,0,0,0,0,0,1,0,0,0,0,0,0,0,0,0,0,0,0,0,0,39.987,-75.2347, , 
 ,44089,2014125226,6,67,67301,2014,12,4,1448,14,1,2,1,1,1, , ,N,0,0,0,3,0,0,6,2,N,N,39 57:26.617,75 08:49.702,1448, ,1448, ,0, ,N, ,0, , , , , ,504769, , , ,2,1,0,0,0,0,1,0,0,0,0,0,0,0,0,0,0,0,0,0,0,1,0,0,0,0,0,0,0,0,0,0,0,0,0,0,0,39.9574,-75.1471, , 
 ,44090,2014130475,6,67,67301,2014,12,6,1731,17,4,1,0,1,1, , ,N,0,2,0,3,0,0,3,2,N,N,39 57:21.377,75 14:12.507,1745, ,1735, ,0, ,N, ,3, , , , , ,504775, , , ,2,1,0,0,0,0,1,0,0,0,0,0,0,0,1,0,0,0,0,0,0,0,0,0,0,0,0,0,0,0,0,0,0,0,0,9,0,39.9559,-75.2368, , 
 ,44091,2014131928,6,67,67301,2014,12,1,1203,12,1,1,0,4,1, , ,N,0,0,0,3,0,1,2,2,N,N,39 58:10.942,75 07:34.125,1215, ,1203,2,1,1,N, ,0,N, , , , ,504777, , , ,2,2,0,0,0,0,0,0,0,1,0,0,1,0,0,0,0,0,0,0,1,0,0,0,0,0,0,1,0,0,0,0,0,0,0,2,0,39.9697,-75.1261, , 
 ,44092,2015015625,6,67,67301,2014,12,1,1823,18,1,2,1,4,1, , ,N,0,0,7,3,0,1,4,2,N,N,40 01:00.980,75 10:17.601,1916, ,1825, ,0, ,N, ,0, , , , , ,504781, , , ,2,2,0,0,0,0,0,0,0,0,0,0,1,1,0,0,0,0,0,0,0,0,0,0,0,0,0,0,0,0,0,0,0,0,0,8,0,40.0169,-75.1716, , 
 ,44093,2014120289,6,67,67301,2014,9,4,1140,11,1,1,0,4,1, , ,N,1,2,0,3,0,1,2,2,N, ,39 57:41.416,75 14:12.594,1216, ,1213, ,0, , , ,3, , , , , ,504797, , , ,1,1,0,0,0,0,0,0,1,0,0,0,1,1,0,0,0,0,0,0,0,0,0,0,0,0,0,0,0,0,0,0,0,0,0,8,0,39.9615,-75.2368, , 
 ,44094,2015002730,6,67,67301,2014,12,2,1445,14,1,1,0,4,1, , ,N,2,3,0,3,0,1,3,2,N,N,40 07:20.686,74 59:56.273,1605, ,1602, ,0, , , ,3, , , , , ,504809, , , ,2,1,0,0,0,0,1,0,0,0,0,1,1,0,0,0,1,0,0,0,0,0,0,0,0,0,0,0,0,0,0,0,0,0,0,4,0,40.1224,-74.999, , 
 ,44095,2013072336,6,67,67301,2013,7,3,703,7,1,1,0,4,1, , ,N,0,0,0,3,0,2,3,2,Y,N,39 57:40.134,75 08:23.902,735, ,706, ,0, ,N, ,0, , , , , ,511463, , , ,2,1,0,1,0,0,0,0,0,0,0,0,2,2,0,0,0,0,0,0,1,0,0,0,0,0,0,0,0,0,0,0,0,0,0,8,1,39.961,-75.14, , 
 ,44096,2013037473,6,67,67301,2013,3,4,1215,12,1,1,0,1,1, , ,N,0,0,0,3,0,1,3,2,N, ,39 59:00.775,75 06:56.157,1229, ,1227, ,0, , , ,0, , , , , ,511488, , , ,2,1,0,0,0,0,1,0,0,0,1,0,1,0,0,0,0,0,0,0,0,0,1,0,0,0,0,0,0,0,0,0,0,0,0,3,0,39.9948,-75.0945, , 
 ,44097,2013053056,6,67,67301,2013,4,6,240,2,3,1,0,7,3, , ,N,0,0,0,3,0,0,2,1,N,N,40 02:03.193,75 04:31.445,431, ,427, ,0, ,N, ,0, , , , , ,511502, , , ,1,1,0,0,0,0,0,0,0,0,0,0,0,0,0,0,0,0,0,0,0,0,0,2,0,0,0,0,0,0,0,0,0,0,0,0,0,40.0342,-75.0754, , 
 ,44098,2013063113,6,67,67301,2013,5,6,120,1,3,2,1,4,1, , ,N,1,2,0,3,0,1,2,2,N,N,39 57:42.366,75 09:22.144,129, ,128,1,1,3,N, ,3,N, , , , ,511507, , , ,1,0,0,0,1,0,0,0,1,0,1,0,1,0,0,0,0,0,0,0,0,0,0,0,0,0,0,0,0,0,0,0,0,0,0,3,0,39.9617,-75.1561, , 
 ,44099,2013070929,6,67,67301,2013,6,7,2224,22,3,1,0,1,1, , ,N,0,0,0,3,0,3,3,4,N,N,40 00:00.431,75 08:29.076,2232, ,2226, ,0, ,N, ,0, , , , , ,511511, , , ,4,1,0,0,2,0,1,0,0,0,0,0,3,3,0,0,0,0,0,0,0,0,0,0,0,0,0,0,0,0,0,0,0,0,0,8,0,40.0001,-75.1414, , 
 ,44100,2013050285,6,67,67301,2013,4,1,100,1,3,1,0,1,1, , ,N,0,0,0,3,0,1,2,2,N,N,39 56:27.182,75 08:38.716,1020, ,115, ,0, ,N, ,0, , , , , ,511542, , , ,2,0,1,0,0,0,1,0,0,0,0,1,1,0,0,0,0,0,0,0,0,0,0,0,0,0,0,0,0,0,0,0,0,0,0,4,0,39.9409,-75.1441, , 
 ,44101,2013054640,6,67,67301,2013,4,5,1829,18,1,1,0,4,1, , ,N,1,0,0,3,0,1,6,2,N, ,40 01:03.320,75 11:27.445,1847, ,1845, ,0, , , ,0, , , , , ,511545, , , ,2,1,0,0,0,0,1,0,0,0,0,0,1,1,0,0,0,0,1,0,0,0,0,0,0,0,0,0,0,0,0,0,0,0,0,8,0,40.0176,-75.191, , 
 ,44102,2013058708,6,67,67301,2013,4,3,447,4,3,2,1,7,2, , ,N,0,0,0,3,0,0,1,1,N,N,39 58:54.163,75 12:26.377,504, ,449,1,1,3,N, ,0,N, , , , ,511548, , , ,1,1,0,0,0,0,0,0,0,0,0,0,0,0,0,0,0,0,0,0,0,0,0,0,0,0,0,0,0,0,0,0,0,0,0,0,0,39.9817,-75.2073, , 
 ,44103,2013035114,6,67,67301,2013,2,5,1457,14,1,1,0,5,1, , ,N,1,0,0,3,0,1,2,2,N,N,39 57:28.256,75 11:27.797,1501, ,1500,1,1,2,N, ,0,N, , , , ,511592, , , ,2,1,0,0,1,0,0,0,0,0,0,1,1,0,0,0,0,0,0,0,0,1,0,0,0,0,0,0,0,0,0,0,0,0,0,4,0,39.9578,-75.1911, , 
 ,44104,2013037410,6,67,67301,2013,3,6,1615,16,1,1,0,8,1, , ,N,0,0,0,3,0,1,2,2,N,N,40 00:31.780,75 05:13.848,1618, ,1616,1,2,2,N, ,0,Y, , , , ,511593, , , ,1,1,0,0,0,0,0,0,0,0,0,0,1,1,0,0,0,0,0,0,0,0,0,0,0,0,0,0,0,0,0,0,1,0,0,8,0,40.0088,-75.0872, , 
 ,44105,2013043747,6,67,67301,2013,3,7,1715,17,1,1,0,4,2, , ,N,0,0,0,3,0,1,3,2,N,N,39 58:57.326,75 12:53.397,1725, ,1725,1,1,3,N, ,0,N, , , , ,511596, , , ,1,1,0,0,0,0,0,0,1,0,0,1,1,0,0,0,0,0,0,0,0,1,0,0,0,0,0,0,0,0,0,0,0,0,0,4,0,39.9826,-75.2148, , 
 ,44106,2013029614,6,67,67301,2013,1,2,1511,15,1,2,1,4,1, , ,N,1,2,0,3,0,1,14,2,Y,N,40 03:42.317,75 03:21.839,1513, ,1511,3,2,1,N, ,3,Y, , , , ,511631, , , ,2,0,0,1,0,0,1,0,0,1,0,0,1,0,11,0,0,0,0,0,0,1,0,0,0,0,0,0,0,0,0,0,0,0,0,2,1,40.0618,-75.0561, , 
 ,44107,2013065590,6,67,67301,2013,5,4,1020,10,1,1,0,4,1, , ,N,1,2,0,3,0,1,2,2,N, ,39 55:58.105,75 11:11.075,1020, ,1020, ,0, , , ,3, , , , , ,511654, , , ,1,1,0,0,0,0,0,0,1,0,0,1,1,0,0,0,0,0,0,0,0,0,0,0,0,0,0,0,0,0,0,0,0,0,0,4,0,39.9328,-75.1864, , 
 ,44108,2013022209,6,67,67301,2013,1,3,855,8,1,8,6,4,1, , ,N,0,0,0,3,0,0,5,4,N, ,40 01:33.708,75 11:58.599,905, ,858, ,0, , , ,0, , , , , ,511671, , , ,4,4,0,0,0,0,0,0,0,0,0,0,0,0,0,0,0,0,0,0,0,1,0,0,0,0,0,0,0,0,0,0,0,0,0,0,0,40.026,-75.1996, , 
 ,44109,2013029809,6,67,67301,2013,2,4,2030,20,3,1,0,8,1, , ,N,1,2,0,3,0,1,2,2,N, ,40 03:25.988,75 00:04.335,2043, ,2037, ,0, , , ,3, , , , , ,511678, , , ,1,1,0,0,0,0,0,0,0,0,0,0,1,1,0,0,0,0,0,0,0,0,0,0,0,0,0,0,0,0,0,0,1,0,0,8,0,40.0572,-75.0012, , 
 ,44110,2013047249,6,67,67301,2013,4,7,1708,17,1,1,0,4,1, , ,N,1,2,0,3,0,3,4,2,N,N,40 01:21.712,75 08:00.711,1722, ,1709,9,2,3,N, ,3,Y, , , , ,511689, , , ,2,2,0,0,0,0,0,0,0,0,0,0,3,3,1,0,0,0,0,0,0,0,0,0,0,0,0,0,0,0,0,0,0,0,0,8,0,40.0227,-75.1335, , 
 ,44111,2013055402,6,67,67301,2013,5,7,2230,22,3,1,0,4,1, , ,N,1,3,0,3,0,1,4,2,N, ,40 02:38.137,75 04:42.812,2237, ,2230,3,1,2, , ,3,Y, , , , ,511697, , , ,2,2,0,0,0,0,0,0,0,0,0,0,1,1,1,0,0,0,0,0,1,0,0,0,0,0,0,0,0,0,0,0,0,0,0,8,0,40.0439,-75.0786, , 
 ,44112,2013026127,6,67,67301,2013,2,3,749,7,1,4,1,4,1, , ,N,0,0,0,3,0,1,1,5,N,N,40 01:29.986,75 06:33.698,800, ,752, ,0, ,N, ,0, , , , , ,511719, , , ,5,2,0,0,1,0,1,1,0,0,0,1,1,0,0,0,0,0,0,0,0,0,0,0,0,0,0,0,0,0,0,0,0,0,0,4,0,40.025,-75.1094, , 
 ,44113,2013033048,6,67,67301,2013,3,5,835,8,1,1,0,7,2, , ,N,0,0,0,3,0,0,1,3,N,N,39 54:04.410,75 09:09.092,845, ,835, ,0, ,Y, ,0, , , , , ,508504, , , ,3,1,0,0,1,1,0,0,0,0,0,0,0,0,0,0,0,0,0,0,1,0,0,0,0,0,0,0,0,0,0,0,0,0,0,0,1,39.9012,-75.1525, , 
 ,44114,2013035268,6,67,67301,2013,2,7,1810,18,4,2,1,1,1, , ,N,0,0,0,3,0,1,3,2,N,N,40 00:05.619,75 06:15.328,1830, ,1810, ,0, ,N, ,0, , , , , ,508505, , , ,2,1,0,0,1,0,0,0,0,0,0,1,1,0,0,0,0,0,0,0,1,0,0,0,0,0,0,0,0,0,0,0,0,0,0,4,0,40.0016,-75.1043, , 
 ,44115,2013046359,6,67,67301,2013,4,7,249,2,3,1,0,5,1, , ,N,0,0,0,3,0,0,1,3,N, ,39 59:09.798,75 13:51.621,255, ,249, ,0, , , ,0, , , , , ,508518, , , ,3,2,0,0,0,0,0,1,0,0,0,0,0,0,0,0,0,0,1,0,0,0,0,1,0,0,0,0,0,0,0,0,0,0,0,0,0,39.9861,-75.231, , 