wz_ln_closure,objectid_1,crn,district,county,municipality,crash_year,crash_month,day_of_week,time_of_day,hour_of_day,illumination,weather,road_condition,collision_type,relation_to_road,work_zone_type,work_zone_loc,work_zone_ind,intersect_type,tcd_type,location_type,urban_rural,fatal_count,injury_count,person_count,total_units,sch_bus_ind,sch_zone_ind,latitude,longitude,arrival_tm,cons_zone_spd_lim,dispatch_tm,est_hrs_closed,lane_closed,ln_close_dir,ntfy_hiwy_maint,spec_juris_cd,tcd_func_cd,tfc_detour_ind,workers_pres,wz_close_detour,wz_flagger,wz_law_offcr_ind,objectid,wz_moving,wz_other,wz_shlder_mdn,vehicle_count,automobile_count,motorcycle_count,bus_count,small_truck_count,heavy_truck_count,suv_count,van_count,bicycle_count,maj_inj_count,mod_inj_count,min_inj_count,tot_inj_count,unk_inj_deg_count,unk_inj_per_count,driver_count_16yr,driver_count_17yr,driver_count_18yr,driver_count_19yr,driver_count_20yr,driver_count_50_64yr,driver_count_65_74yr,driver_count_75plus,unbelted_occ_count,unb_death_count,unb_maj_inj_count,belted_death_count,belted_maj_inj_count,mcycle_death_count,mcycle_maj_inj_count,bicycle_death_count,bicycle_maj_inj_count,ped_count,ped_death_count,ped_maj_inj_count,max_severity_level,comm_veh_count,dec_lat,dec_long,rdwy_surf_type_cd,county_name
 ,44315,2013044117,6,67,67301,2013,3,5,820,8,1,1,0,4,1, , ,N,1,3,0,3,0,1,3,2,N,N,40 01:32.113,75 04:48.125,822, ,820, ,0, ,N, ,3, , , , , ,512263, , , ,2,1,0,0,0,0,1,0,0,0,0,0,1,1,0,0,0,0,0,1,1,0,0,0,0,0,0,0,0,0,0,0,0,0,0,8,0,40.0256,-75.08, , 
 ,44316,2013046424,6,67,67301,2013,4,6,2200,22,3,1,0,1,7, , ,N,6,0,2,3,0,2,3,2,N,N,40 00:34.234,75 11:14.082,2205, ,2200, ,0, ,N, ,0, , , , , ,512265, , , ,2,1,0,0,0,0,0,1,0,0,0,2,2,0,0,0,0,0,0,0,0,0,0,0,0,0,0,0,0,0,0,0,0,0,0,4,0,40.0099,-75.1863, , 
 ,44317,2013055638,6,67,67301,2013,5,1,9999,99,1,1,0,8,1, , ,N,0,0,0,3,0,1,2,2,N,N,39 55:23.720,75 13:55.195,9999, ,9999, ,0, ,N, ,0, , , , , ,512279, , , ,1,1,0,0,0,0,0,0,0,0,0,1,1,0,0,0,0,0,0,0,1,0,0,0,0,0,0,0,0,0,0,0,1,0,0,4,0,39.9233,-75.232, , 
 ,44318,2013016212,6,67,67301,2013,1,6,2225,22,3,2,1,4,1, , ,N,1,2,0,3,0,1,2,2,N, ,40 02:06.568,75 08:41.251,2231, ,2228, ,0, , , ,3, , , , , ,512292, , , ,2,2,0,0,0,0,0,0,0,0,0,0,1,1,0,0,0,0,0,0,0,0,0,0,0,0,0,0,0,0,0,0,0,0,0,8,0,40.0352,-75.1448, , 
 ,44319,2013022249,6,67,67301,2013,1,5,800,8,1,1,0,8,1, , ,N,1,2,0,3,0,1,2,2,N,Y,40 00:17.801,75 10:43.939,824, ,820, ,0, ,N, ,3, , , , , ,512294, , , ,1,1,0,0,0,0,0,0,0,0,0,1,1,0,0,0,0,0,0,0,0,0,0,0,0,0,0,0,0,0,0,0,1,0,0,4,0,40.0049,-75.1787, , 
 ,44320,2013028980,6,67,67301,2013,3,6,1802,18,3,1,0,1,2, , ,N,0,0,0,3,0,1,2,2,N,N,39 58:28.712,75 11:39.707,1810, ,1805,2,2,3,N, ,0,N, , , , ,512303, , , ,2,1,0,0,1,0,0,0,0,0,0,0,1,1,0,0,0,0,0,0,0,0,0,1,0,0,0,0,0,0,0,0,0,0,0,8,0,39.9746,-75.1944, , 
 ,44321,2013055541,6,67,67301,2013,5,6,1235,12,1,1,0,4,1, , ,N,2,0,0,3,0,2,3,2,N, ,40 01:06.326,75 09:34.630,1245, ,1239, ,0, , , ,0, , , , , ,512321, , , ,2,1,0,0,0,0,1,0,0,0,0,1,2,1,0,0,0,0,0,0,1,0,0,0,0,0,0,0,0,0,0,0,0,0,0,4,0,40.0184,-75.1596, , 
 ,44322,2013035189,6,67,67301,2013,3,4,1057,10,1,2,1,7,4, , ,N,1,0,0,3,0,1,1,1,N,N,40 03:11.312,75 05:12.436,1113, ,1110, ,0, ,N, ,0, , , , , ,512357, , , ,1,1,0,0,0,0,0,0,0,0,0,1,1,0,0,0,0,0,1,0,0,0,0,0,0,0,0,0,0,0,0,0,0,0,0,4,0,40.0531,-75.0868, , 
 ,44323,2013049953,6,67,67301,2013,4,2,1150,11,1,1,0,7,2, , ,N,0,0,0,3,0,2,2,1,N,N,39 59:26.933,75 05:11.128,1155, ,1150,2,2,1,Y, ,0,N, , , , ,512369, , , ,1,0,0,0,0,0,0,1,0,0,0,0,2,2,0,0,0,0,0,0,0,0,0,1,0,0,0,0,0,0,0,0,0,0,0,8,0,39.9907,-75.0865, , 
 ,44324,2013005328,6,67,67301,2013,1,6,1315,13,1,1,0,1,1, , ,N,0,0,0,3,0,2,6,2,N,N,39 57:24.842,75 09:14.358,1321, ,1316,1,2,4,N, ,0,N, , , , ,512383, , , ,2,1,0,0,0,0,0,1,0,0,0,0,2,2,0,0,0,0,1,0,0,1,0,0,0,0,0,0,0,0,0,0,0,0,0,8,0,39.9569,-75.154, , 
 ,44325,2013036797,6,67,67301,2013,3,1,1845,18,1,2,1,1,1, , ,N,0,0,0,3,0,2,4,2,N,N,39 57:35.911,75 10:42.928,1953, ,1848, ,0, ,N, ,0, , , , , ,512409, , , ,2,1,0,0,0,0,0,1,0,0,0,1,2,1,0,0,0,1,0,0,0,0,0,0,0,0,0,0,0,0,0,0,0,0,0,4,0,39.96,-75.1786, , 
 ,44326,2013022244,6,67,67301,2013,1,7,9999,99,3,1,0,4,6, , ,N,0,0,0,3,0,0,1,3,N, ,40 00:01.400,75 06:23.266,253, ,250, ,0, , , ,0, , , , , ,512446, , , ,3,1,0,0,1,0,0,1,0,0,0,0,0,0,0,0,0,0,0,0,0,0,0,0,0,0,0,0,0,0,0,0,0,0,0,0,0,40.0004,-75.1065, , 
N,44327,2013029365,6,67,67301,2013,3,3,234,2,3,1,0,7,3,1,4,Y,0,0,0,3,0,1,1,1,N,N,40 00:57.553,75 03:09.020,242,45,235,2,2,2,Y, ,0,U,N,N,N,N,512451,N,Y,N,1,1,0,0,0,0,0,0,0,0,0,0,1,1,0,0,0,0,0,0,0,0,0,1,0,0,0,0,0,0,0,0,0,0,0,8,0,40.016,-75.0525, , 
 ,44328,2013029752,6,67,67301,2013,2,1,1046,10,1,1,0,7,2, , ,N,0,0,4,3,0,0,1,1,N,N,39 57:50.853,75 10:48.744,1123, ,1116, ,0, ,N, ,0, , , , , ,512452, , , ,1,0,0,0,0,0,0,1,0,0,0,0,0,0,0,0,0,0,0,0,0,0,0,0,0,0,0,0,0,0,0,0,0,0,0,0,0,39.9641,-75.1802, , 
 ,44329,2013054614,6,67,67301,2013,4,3,2032,20,3,1,0,4,1, , ,N,5,2,0,3,1,0,4,2,N,N,40 01:45.685,75 03:45.831,2036, ,2035,3,2,7,N,0,3,Y, , , , ,512471, , , ,2,1,1,0,0,0,0,0,0,0,0,0,0,0,0,0,0,0,0,0,1,0,0,0,0,0,0,0,1,0,0,0,0,0,0,1,0,40.0294,-75.0627,2, 
 ,44330,2013016197,6,67,67301,2013,1,6,9999,99,1,2,1,7,5, , ,N,0,0,0,3,0,0,1,1,N,N,40 01:02.132,75 12:08.323,1401, ,1352,1,2,1,N, ,0,N, , , , ,512489, , , ,1,1,0,0,0,0,0,0,0,0,0,0,0,0,0,0,0,0,1,0,0,0,0,0,0,0,0,0,0,0,0,0,0,0,0,0,0,40.0173,-75.2023, , 
 ,44331,2013016224,6,67,67301,2013,1,3,2147,21,3,1,0,4,1, , ,N,5,2,0,3,0,1,2,2,N,N,40 01:38.846,75 03:44.583,2153, ,2149, ,0, ,N, ,3, , , , , ,512490, , , ,2,1,0,0,1,0,0,0,0,0,0,0,1,1,0,0,0,0,0,0,0,0,0,0,0,0,0,0,0,0,0,0,0,0,0,8,0,40.0275,-75.0624, , 
 ,44332,2013029786,6,67,67301,2013,2,7,53,0,3,2,1,4,2, , ,N,0,0,0,3,0,1,1,2,N,N,40 02:41.649,75 01:51.394,115, ,100,1,1,3,N, ,0,N, , , , ,512500, , , ,2,1,0,0,1,0,0,0,0,0,0,1,1,0,0,0,0,0,0,1,0,0,0,0,0,0,0,0,0,0,0,0,0,0,0,4,0,40.0449,-75.0309, , 
 ,44333,2013043820,6,67,67301,2013,3,6,215,2,3,1,0,7,4, , ,N,0,0,0,3,0,0,1,1,N,N,39 54:44.179,75 13:19.496,220, ,218,2,1,4, , ,0,Y, , , , ,509193, , , ,1,1,0,0,0,0,0,0,0,0,0,0,0,0,0,0,0,0,0,0,0,0,0,0,0,0,0,0,0,0,0,0,0,0,0,0,0,39.9131,-75.2219, , 
 ,44334,2013026932,6,67,67301,2013,2,7,235,2,3,4,4,4,1, , ,N,2,0,0,3,0,0,2,2,N,N,39 57:52.131,75 11:15.536,240, ,235, ,0, ,N, ,0, , , , , ,509222, , , ,2,2,0,0,0,0,0,0,0,0,0,0,0,0,1,0,0,0,0,0,0,0,0,0,0,0,0,0,0,0,0,0,0,0,0,9,0,39.9645,-75.1876, , 
 ,44335,2013047220,6,67,67301,2013,4,7,1530,15,1,1,0,7,5, , ,N,0,0,0,3,0,0,1,2,N,N,40 01:00.958,75 04:50.980,1635, ,1630, ,0, ,N, ,0, , , , , ,509241, , , ,2,0,0,0,0,1,0,1,0,0,0,0,0,0,0,0,0,0,0,0,0,0,0,0,0,0,0,0,0,0,0,0,0,0,0,0,0,40.0169,-75.0808, , 
 ,44336,2013006177,6,67,67301,2013,1,4,2320,23,3,1,1,1,1, , ,N,1,2,0,3,0,0,3,3,N,N,39 57:17.840,75 11:01.951,2345, ,2335, ,0, ,N, ,3, , , , , ,509255, , , ,3,3,0,0,0,0,0,0,0,0,0,0,0,0,0,0,0,0,0,0,0,0,0,0,0,0,0,0,0,0,0,0,0,0,0,0,0,39.955,-75.184, , 
 ,44337,2013050223,6,67,67301,2013,4,3,735,7,1,1,0,8,1, , ,N,1,2,0,3,0,1,2,2,N,N,39 58:30.604,75 09:11.469,812, ,735, ,0, ,N, ,3, , , , , ,509287, , , ,1,1,0,0,0,0,0,0,0,0,0,1,1,0,0,0,0,0,0,0,0,0,0,0,0,0,0,0,0,0,0,0,1,0,0,4,0,39.9752,-75.1532, , 
 ,44338,2013055563,6,67,67301,2013,5,4,356,3,6,1,0,4,1, , ,N,0,0,0,3,0,0,1,2,N,N,40 03:02.544,75 08:06.033,413, ,356, ,0, ,N, ,0, , , , , ,509294, , , ,2,1,0,0,0,0,1,0,0,0,0,0,0,0,1,0,0,0,0,0,0,0,0,0,0,0,0,0,0,0,0,0,0,0,0,9,0,40.0507,-75.135, , 
 ,44339,2013063314,6,67,67301,2013,6,6,835,8,1,2,1,7,4, , ,N,7,0,2,3,0,1,6,1,N,N,39 57:26.940,75 08:48.293,847, ,835,1,2,1,N, ,0,N, , , , ,509299, , , ,1,0,0,0,0,0,0,1,0,0,0,0,1,1,3,0,0,0,0,0,0,0,0,1,0,0,0,0,0,0,0,0,0,0,0,8,1,39.9575,-75.1467, , 
 ,44340,2013063670,6,67,67301,2013,6,5,1930,19,1,1,0,0,2, , ,N,0,0,0,3,0,0,2,1,N,N,39 58:20.506,75 11:36.610,1935, ,1935,1,1,4,N, ,0,N, , , , ,509300, , , ,1,1,0,0,0,0,0,0,0,0,0,0,0,0,0,0,0,0,0,0,0,0,0,0,0,0,0,0,0,0,0,0,0,0,0,0,0,39.9724,-75.1935, , 
 ,44341,2013012018,6,67,67301,2013,1,5,2050,20,3,1,0,1,6, , ,N,0,0,0,3,0,1,1,2,N,N,40 00:34.808,75 09:33.591,2055, ,2053,3,2,1,N, ,0,N, , , , ,509305, , , ,2,1,0,0,0,0,0,1,0,0,1,0,1,0,0,0,0,0,0,0,0,0,0,0,0,0,0,0,0,0,0,0,0,0,0,3,0,40.0097,-75.1593, , 
 ,44342,2013012026,6,67,67301,2013,1,4,1747,17,3,1,0,4,1, , ,N,0,0,7,3,0,1,2,2,N,N,40 00:27.181,75 07:40.414,1812, ,1809, ,0, ,N, ,0, , , , , ,509306, , , ,2,2,0,0,0,0,0,0,0,0,0,1,1,0,0,0,0,0,0,1,1,0,0,0,0,0,0,0,0,0,0,0,0,0,0,4,0,40.0076,-75.1279, , 
 ,44343,2013022231,6,67,67301,2013,1,7,1400,14,1,1,1,4,1, , ,N,1,2,0,3,0,0,4,2,N,N,39 55:30.729,75 10:16.566,1402, ,1402,1,1,3,N, ,3,Y, , , , ,509310, , , ,2,1,0,0,1,0,0,0,0,0,0,0,0,0,0,0,0,0,0,0,1,0,0,2,0,0,0,0,0,0,0,0,0,0,0,0,0,39.9252,-75.1711, , 
 ,44344,2013050478,6,67,67301,2013,5,5,2048,20,3,1,0,7,2, , ,N,0,0,0,3,0,0,1,1,N,N,39 53:32.708,75 14:08.687,2054, ,2050, ,0, ,N, ,0, , , , , ,509329, , , ,1,1,0,0,0,0,0,0,0,0,0,0,0,0,0,0,0,0,0,0,0,0,0,0,0,0,0,0,0,0,0,0,0,0,0,0,0,39.8924,-75.2357, , 
Y,44345,2013052708,6,67,67301,2013,5,1,1230,12,1,1,0,1,1,1,4,Y,0,0,0,3,0,1,3,2,N,N,40 01:14.359,75 02:32.834,1242,45,1232,2,1,1,N, ,0,N,N,N,N,N,509330,Y,N,Y,2,2,0,0,0,0,0,0,0,0,0,1,1,0,0,0,0,0,0,1,0,0,0,0,0,0,0,0,0,0,0,0,0,0,0,4,0,40.0206,-75.0426, , 
 ,44346,2013062111,6,67,67301,2013,5,1,1908,19,1,1,0,4,1, , ,N,1,2,0,3,1,4,5,2,N,N,39 58:12.871,75 07:49.819,1914, ,1910, ,0, , ,0,3, , , , , ,509337, , , ,2,2,0,0,0,0,0,0,0,0,0,0,4,4,0,0,0,0,0,0,0,0,0,1,1,0,0,0,0,0,0,0,0,0,0,1,0,39.9701,-75.1304,2, 
 ,44347,2013070054,6,67,67301,2013,6,6,1700,17,1,1,0,8,1, , ,N,0,0,0,3,0,1,2,2,N,N,40 00:17.170,75 04:38.240,1704, ,1702,1,2,2,N, ,0,Y, , , , ,509342, , , ,1,0,0,0,0,0,1,0,0,0,0,1,1,0,0,0,0,0,0,0,0,0,0,0,0,0,0,0,0,0,0,0,1,0,0,4,0,40.0048,-75.0773, , 
 ,44348,2013007411,6,67,67301,2013,1,5,1125,11,1,1,0,1,1, , ,N,0,0,0,3,0,2,2,2,N,N,39 57:34.406,75 10:51.535,1134, ,1129,1,1,4,N, ,0,N, , , , ,509352, , , ,2,1,0,0,0,0,1,0,0,0,0,2,2,0,0,0,0,0,0,0,0,0,0,0,0,0,0,0,0,0,0,0,0,0,0,4,0,39.9596,-75.181, , 
 ,44349,2013022187,6,67,67301,2013,1,6,100,1,3,1,0,8,1, , ,N,2,2,0,3,0,1,2,2,N,N,39 58:25.156,75 12:32.179,1020, ,1020, ,0, ,N, ,3, , , , , ,509372, , , ,1,0,0,0,0,0,1,0,0,0,1,0,1,0,0,0,0,0,0,0,0,0,0,0,0,0,0,0,0,0,0,0,1,0,0,3,0,39.9736,-75.2089, , 
 ,44350,2013041310,6,67,67301,2013,3,6,1709,17,1,1,0,5,1, , ,N,6,2,0,3,0,1,3,2,N,N,39 53:22.529,75 13:54.909,1750, ,1725,2,1,4,N, ,3,N, , , , ,509391, , , ,2,1,0,0,0,1,0,0,0,0,0,0,1,1,0,0,0,0,0,0,0,0,0,0,0,0,0,0,0,0,0,0,0,0,0,8,1,39.8901,-75.2303, , 
 ,44351,2013044147,6,67,67301,2013,3,2,1300,13,1,2,1,1,1, , ,N,2,2,0,3,0,2,9,3,N, ,39 56:24.382,75 12:02.446,1309, ,1306, ,0, , , ,3, , , , , ,509393, , , ,3,2,0,0,1,0,0,0,0,0,0,0,2,2,0,0,0,0,1,0,1,0,0,0,0,0,0,0,0,0,0,0,0,0,0,8,0,39.9401,-75.2007, , 
 ,44352,2014127904,6,67,67301,2014,12,6,2348,23,3,2,1,8,1, , ,N,1,2,0,3,0,1,2,2,N,N,39 56:11.083,75 13:08.439,25, ,15, ,0, ,N, ,3, , , , , ,502621, , , ,1,0,0,0,0,0,1,0,0,0,1,0,1,0,0,0,0,0,0,0,0,0,0,0,0,0,0,0,0,0,0,0,1,0,0,3,0,39.9364,-75.219, , 
 ,44353,2014093515,6,67,67301,2014,9,2,233,2,3,1,0,7,4, , ,N,0,0,0,3,0,0,1,1,N, ,40 02:28.809,75 03:52.641,239, ,235,9,2,5, , ,0,Y, , , , ,502629, , , ,1,1,0,0,0,0,0,0,0,0,0,0,0,0,0,0,0,0,0,0,0,0,0,0,0,0,0,0,0,0,0,0,0,0,0,0,0,40.0413,-75.0646, , 
 ,44354,2015002760,6,67,67301,2014,12,5,1730,17,3,1,1,1,1, , ,N,0,2,0,3,0,1,3,2,N,N,39 55:04.282,75 10:16.219,2005, ,2000, ,0, , , ,3, , , , , ,502652, , , ,2,1,0,0,0,0,1,0,0,0,0,0,1,1,1,0,0,0,0,0,0,0,0,0,0,0,0,0,0,0,0,0,0,0,0,8,0,39.9179,-75.1712, , 
 ,44355,2015018953,6,67,67301,2014,9,1,1130,11,1,1,0,4,1, , ,N,1,2,0,3,0,1,3,2,N, ,39 54:42.724,75 10:21.917,1134, ,1130, ,0, , , ,3, , , , , ,502653, , , ,2,1,0,0,0,0,1,0,0,0,0,0,1,1,0,0,0,0,0,0,0,0,0,0,0,0,0,0,0,0,0,0,0,0,0,8,0,39.9119,-75.1728, , 
 ,44356,2014104559,6,67,67301,2014,9,6,1823,18,1,1,0,4,1, , ,N,1,3,0,3,0,2,2,2,N, ,39 57:26.802,75 14:37.600,1845, ,1840, ,0, , , ,3, , , , , ,502658, , , ,2,1,0,0,0,0,1,0,0,0,0,1,2,1,0,0,0,0,0,0,0,0,0,0,0,0,0,0,0,0,0,0,0,0,0,4,0,39.9574,-75.2438, , 
 ,44357,2014106796,6,67,67301,2014,10,4,149,1,3,2,1,4,1, , ,N,0,0,7,3,0,2,3,2,N,N,40 00:27.309,75 07:53.115,151, ,150,3,2,5,N, ,0,Y, , , , ,502661, , , ,2,2,0,0,0,0,0,0,0,2,0,0,2,0,0,0,0,0,0,0,0,0,0,0,0,0,0,0,0,0,0,0,0,0,0,2,0,40.0076,-75.1314, , 
 ,44358,2014131801,6,67,67301,2014,12,3,1000,10,1,2,1,1,1, , ,N,0,0,0,3,0,1,5,2,N, ,39 58:31.811,75 07:15.185,1035, ,1030, ,0, , , ,0, , , , , ,502686, , , ,2,1,0,0,0,0,0,1,0,0,0,1,1,0,0,0,0,0,0,0,2,0,0,0,0,0,0,0,0,0,0,0,0,0,0,4,0,39.9755,-75.1209, , 
 ,44359,2014121468,6,67,67301,2014,11,5,1355,13,1,1,0,4,1, , ,N,1,2,0,3,0,2,5,2,N, ,40 01:13.862,75 03:13.412,1356, ,1356, ,0, , , ,3, , , , , ,502696, , , ,2,0,0,0,0,0,0,2,0,0,1,1,2,0,3,0,0,0,0,0,0,0,0,0,0,0,0,0,0,0,0,0,0,0,0,3,0,40.0205,-75.0537, , 
 ,44360,2014120315,6,67,67301,2014,11,5,1705,17,3,2,1,5,1, , ,N,1,2,0,3,0,0,4,3,N,N,39 56:45.165,75 14:24.752,1708, ,1705, ,0, ,N, ,3, , , , , ,502713, , , ,3,3,0,0,0,0,0,0,0,0,0,0,0,0,0,0,0,0,0,1,0,0,0,0,0,0,0,0,0,0,0,0,0,0,0,0,0,39.9459,-75.2403, , 
 ,44361,2014120882,6,67,67301,2014,11,3,9999,99,1,1,0,1,1, , ,N,1,2,0,3,0,2,6,3,N, ,39 57:28.342,75 10:32.807,1020, ,1015, ,0, , , ,3, , , , , ,502714, , , ,3,0,0,0,0,0,1,2,0,0,0,2,2,0,0,0,0,0,0,0,1,0,0,0,0,0,0,0,0,0,0,0,0,0,0,4,0,39.9579,-75.1758, , 
 ,44362,2014125040,6,67,67301,2014,11,4,840,8,1,2,1,6,1, , ,N,0,0,0,3,0,1,3,2,N,N,39 55:58.628,75 13:31.002,902, ,859, ,0, ,N, ,0, , , , , ,502717, , , ,2,1,0,0,1,0,0,0,0,0,0,1,1,0,0,0,0,0,0,0,0,0,0,0,0,0,0,0,0,0,0,0,0,0,0,4,0,39.933,-75.2253, , 
 ,44363,2014125178,6,67,67301,2014,11,3,1712,17,3,1,0,8,1, , ,N,0,2,0,3,0,1,2,2,N,N,39 54:55.911,75 14:07.184,1720, ,1712, ,0, ,N, ,3, , , , , ,502718, , , ,1,1,0,0,0,0,0,0,0,0,0,0,1,1,0,0,0,0,0,0,0,0,0,0,0,0,0,0,0,0,0,0,1,0,0,8,0,39.9155,-75.2353, , 
 ,44364,2014130448,6,67,67301,2014,12,3,1447,14,1,2,1,4,1, , ,N,1,2,0,3,0,1,2,3,N, ,40 04:12.522,75 10:00.271,1659, ,1655, ,0, , , ,3, , , , , ,502737, , , ,3,3,0,0,0,0,0,0,0,0,0,0,1,1,0,0,0,0,0,0,1,0,0,0,0,0,0,0,0,0,0,0,0,0,0,8,0,40.0701,-75.1667, , 
 ,44365,2015002679,6,67,67301,2014,12,5,908,9,1,1,0,7,4, , ,N,1,3,0,3,0,0,3,1,N, ,40 03:05.418,75 09:34.912,908, ,908, ,0, , , ,3, , , , , ,502739, , , ,1,0,0,0,0,0,1,0,0,0,0,0,0,0,3,0,0,0,0,0,0,0,0,0,0,0,0,0,0,0,0,0,0,0,0,9,0,40.0515,-75.1597, , 
 ,44366,2014107209,6,67,67301,2014,10,4,1100,11,1,1,0,8,1, , ,N,1,3,0,3,0,1,2,2,N,N,39 58:35.688,75 09:50.817,1100, ,1100, ,0, ,N, ,9, , , , , ,502743, , , ,1,1,0,0,0,0,0,0,0,0,0,0,1,1,1,0,0,0,0,0,0,0,0,0,0,0,0,0,0,0,0,0,1,0,0,8,0,39.9766,-75.1641, , 
 ,44367,2014124048,6,67,67301,2014,12,3,1835,18,2,2,1,1,1, , ,N,0,0,0,3,0,1,2,2,N,N,40 02:33.934,75 00:12.719,1900, ,1835, ,0, ,N, ,0, , , , , ,502754, , , ,2,1,0,0,0,0,1,0,0,0,0,0,1,1,0,0,0,0,0,0,1,1,0,0,0,0,0,0,0,0,0,0,0,0,0,8,0,40.0428,-75.0035, , 
 ,44368,2014124580,6,67,67301,2014,12,3,615,6,3,2,1,7,2, , ,N,0,0,0,3,0,0,1,1,N,N,39 56:44.761,75 11:24.265,626, ,620, ,0, ,N, ,0, , , , , ,502755, , , ,1,1,0,0,0,0,0,0,0,0,0,0,0,0,0,0,0,0,0,0,0,0,0,0,0,0,0,0,0,0,0,0,0,0,0,0,0,39.9458,-75.1901, , 
 ,44369,2014125029,6,67,67301,2014,11,3,1852,18,3,1,0,5,6, , ,N,0,0,0,3,0,0,2,2,N,N,40 01:41.614,75 08:49.171,1900, ,1854, ,0, ,N, ,0, , , , , ,502756, , , ,2,1,0,0,0,0,1,0,0,0,0,0,0,0,0,0,0,0,1,0,0,0,0,0,0,0,0,0,0,0,0,0,0,0,0,0,0,40.0282,-75.147, , 
 ,44370,2014127918,6,67,67301,2014,12,3,1753,17,3,2,1,8,1, , ,N,0,0,0,3,0,2,4,4,N,N,40 02:24.293,75 04:18.115,1753, ,1753,1,2,6,N, ,0,Y, , , , ,505452, , , ,1,1,0,0,0,0,0,0,0,0,0,2,2,0,0,0,0,0,0,0,0,0,0,0,0,0,0,0,0,0,0,0,3,0,0,4,0,40.0401,-75.0717, , 
 ,44371,2015003305,6,67,67301,2014,12,7,310,3,3,1,0,1,6, , ,N,0,0,0,3,0,0,2,3,N,N,39 58:19.732,75 09:45.473,340, ,332,3,2,1,N, ,0,Y, , , , ,505460, , , ,3,2,0,0,0,0,1,0,0,0,0,0,0,0,0,0,0,0,0,0,0,0,0,0,0,0,0,0,0,0,0,0,0,0,0,0,0,39.9721,-75.1626, , 
 ,44372,2015009061,6,67,67301,2014,12,6,1730,17,3,1,0,6,6, , ,N,0,0,0,3,0,1,1,2,N,N,40 04:39.180,74 59:38.331,1750, ,1740, ,0, ,N, ,0, , , , , ,505461, , , ,2,2,0,0,0,0,0,0,0,0,0,0,1,1,0,0,0,0,0,0,1,0,0,0,0,0,0,0,0,0,0,0,0,0,0,8,0,40.0776,-74.994, , 
 ,44373,2014107631,6,67,67301,2014,10,5,703,7,1,1,0,1,1, , ,N,0,0,0,3,0,2,3,2,N,N,40 02:22.140,75 00:27.007,711, ,705, ,0, ,N, ,0, , , , , ,505467, , , ,2,0,0,0,0,0,2,0,0,0,0,0,2,2,0,0,0,0,0,0,0,1,0,0,0,0,0,0,0,0,0,0,0,0,0,8,0,40.0395,-75.0075, , 
 ,44374,2014112673,6,67,67301,2014,6,6,2230,22,3,1,0,1,1, , ,N,0,0,0,3,0,1,2,2,N,N,39 58:13.257,75 11:22.962,0, ,0, ,0, ,N, ,0, , , , , ,505470, , , ,2,1,0,0,0,0,0,0,0,0,1,0,1,0,0,0,0,0,0,0,0,0,0,0,0,0,0,0,0,0,0,0,0,0,0,3,0,39.9703,-75.1897, , 
 ,44375,2015002684,6,67,67301,2014,12,3,1735,17,3,2,1,4,1, , ,N,2,2,7,3,0,3,3,2,N,N,39 55:11.208,75 11:17.768,1745, ,1740, ,0, ,N, ,3, , , , , ,505489, , , ,2,2,0,0,0,0,0,0,0,0,0,3,3,0,0,0,0,0,0,1,0,0,0,0,0,0,0,0,0,0,0,0,0,0,0,4,0,39.9198,-75.1883, , 
 ,44376,2015040581,6,67,67301,2014,12,1,1430,14,1,1,0,8,1, , ,N,1,2,0,3,0,1,2,2,N,N,39 58:33.009,75 09:30.309,1435, ,1432, ,0, ,N, ,3, , , , , ,505490, , , ,1,0,0,0,0,0,1,0,0,1,0,0,1,0,0,0,0,0,0,0,1,0,0,0,0,0,0,0,0,0,0,0,1,0,1,2,0,39.9758,-75.1584, , 
 ,44377,2014131787,6,67,67301,2014,12,4,2235,22,3,1,0,1,1, , ,N,0,0,3,3,0,1,3,3,N,N,40 01:12.164,75 09:40.994,2245, ,2237,1,1,2,N, ,0,N, , , , ,505492, , , ,3,2,0,0,0,0,1,0,0,0,0,1,1,0,2,0,0,0,0,0,1,0,0,0,0,0,0,0,0,0,0,0,0,0,0,4,0,40.02,-75.1614, , 
 ,44378,2015003304,6,67,67301,2014,11,6,1157,11,1,1,0,5,1, , ,N,0,0,0,3,0,4,6,2,N, ,39 57:05.917,75 09:18.403,1202, ,1157, ,0, , , ,0, , , , , ,505501, , , ,2,1,0,0,0,0,1,0,0,0,0,0,4,4,0,0,0,0,0,0,0,0,0,0,0,0,0,0,0,0,0,0,0,0,0,8,0,39.9516,-75.1551, , 
 ,44379,2014116442,6,67,67301,2014,2,2,1830,18,3,1,0,5,1, , ,N,0,0,0,3,0,1,2,2,N,N,40 05:34.507,75 01:53.609,0, ,0, ,0, ,N, ,0, , , , , ,505508, , , ,2,1,0,0,0,0,0,0,0,0,0,1,1,0,0,0,0,0,0,0,0,0,0,0,0,0,0,0,0,0,0,0,0,0,0,4,0,40.0929,-75.0316, , 
 ,44380,2014130426,6,67,67301,2014,12,2,1326,13,1,1,0,6,6, , ,N,0,0,0,3,0,3,4,2,N, ,39 59:13.538,75 14:23.132,1333, ,1328, ,0, , , ,0, , , , , ,505519, , , ,2,1,0,0,1,0,0,0,0,0,2,1,3,0,0,0,0,0,0,0,0,0,0,0,0,0,0,0,0,0,0,0,0,0,0,3,0,39.9871,-75.2398, , 
 ,44381,2014130608,6,67,67301,2014,12,7,355,3,3,2,1,7,3, , ,N,0,0,0,3,0,0,2,1,N,N,40 03:05.117,74 59:22.032,412, ,400,2,2,2,N, ,0,N, , , , ,505520, , , ,1,1,0,0,0,0,0,0,0,0,0,0,0,0,0,0,0,0,0,0,0,0,0,0,0,0,0,0,0,0,0,0,0,0,0,0,0,40.0514,-74.9895, , 