wz_ln_closure,objectid_1,crn,district,county,municipality,crash_year,crash_month,day_of_week,time_of_day,hour_of_day,illumination,weather,road_condition,collision_type,relation_to_road,work_zone_type,work_zone_loc,work_zone_ind,intersect_type,tcd_type,location_type,urban_rural,fatal_count,injury_count,person_count,total_units,sch_bus_ind,sch_zone_ind,latitude,longitude,arrival_tm,cons_zone_spd_lim,dispatch_tm,est_hrs_closed,lane_closed,ln_close_dir,ntfy_hiwy_maint,spec_juris_cd,tcd_func_cd,tfc_detour_ind,workers_pres,wz_close_detour,wz_flagger,wz_law_offcr_ind,objectid,wz_moving,wz_other,wz_shlder_mdn,vehicle_count,automobile_count,motorcycle_count,bus_count,small_truck_count,heavy_truck_count,suv_count,van_count,bicycle_count,maj_inj_count,mod_inj_count,min_inj_count,tot_inj_count,unk_inj_deg_count,unk_inj_per_count,driver_count_16yr,driver_count_17yr,driver_count_18yr,driver_count_19yr,driver_count_20yr,driver_count_50_64yr,driver_count_65_74yr,driver_count_75plus,unbelted_occ_count,unb_death_count,unb_maj_inj_count,belted_death_count,belted_maj_inj_count,mcycle_death_count,mcycle_maj_inj_count,bicycle_death_count,bicycle_maj_inj_count,ped_count,ped_death_count,ped_maj_inj_count,max_severity_level,comm_veh_count,dec_lat,dec_long,rdwy_surf_type_cd,county_name
 ,44448,2015020679,6,67,67301,2014,12,2,1429,14,1,1,0,8,1, , ,N,1,2,0,3,0,1,2,2,N,N,40 02:01.052,75 02:48.431,1435, ,1429, ,0, ,N, ,3, , , , , ,505637, , , ,1,1,0,0,0,0,0,0,0,1,0,0,1,0,0,0,0,0,0,0,0,0,0,1,0,0,0,0,0,0,0,0,1,0,1,2,0,40.0336,-75.0468, , 
 ,44449,2014099204,6,67,67301,2014,9,7,255,2,3,1,0,4,1, , ,N,1,2,0,3,0,2,6,3,N,N,40 00:13.178,75 10:08.095,259, ,256,1,1,6,N, ,3,Y, , , , ,505640, , , ,3,1,0,0,0,0,2,0,0,0,0,1,2,1,0,0,0,0,0,0,0,0,0,0,0,0,0,0,0,0,0,0,0,0,0,4,0,40.0037,-75.1689, , 
 ,44450,2014110416,6,67,67301,2014,8,4,1514,15,1,1,0,1,1, , ,N,0,0,0,3,0,1,5,2,N, ,39 54:51.337,75 09:06.651,1518, ,1514,4,1,3, , ,0,N, , , , ,505654, , , ,2,0,1,0,0,0,0,1,0,0,1,0,1,0,0,0,0,0,0,0,0,0,0,0,0,0,0,0,0,0,0,0,0,0,0,3,0,39.9143,-75.1518, , 
 ,44451,2014130526,6,67,67301,2014,12,6,1005,10,1,1,0,7,4, , ,N,0,0,0,3,0,1,1,1,N,N,40 05:22.775,74 57:32.717,1012, ,1009, ,0, ,N, ,0, , , , , ,505676, , , ,1,1,0,0,0,0,0,0,0,0,1,0,1,0,0,0,0,0,0,0,0,0,0,0,0,0,0,0,0,0,0,0,0,0,0,3,0,40.0897,-74.9591, , 
 ,44452,2015009653,6,67,67301,2014,12,6,1847,18,3,1,0,1,1, , ,N,0,0,0,3,0,3,11,4,N,N,40 02:07.874,75 04:09.049,1853, ,1849,2,1,2,N, ,0,N, , , , ,505679, , , ,4,2,0,0,0,0,1,1,0,0,0,0,3,3,0,0,0,0,0,0,0,0,0,0,0,0,0,0,0,0,0,0,0,0,0,8,0,40.0355,-75.0692, , 
 ,44453,2014120281,6,67,67301,2014,11,1,243,2,3,1,0,6,1, , ,N,0,0,0,3,0,2,4,2,N, ,39 56:53.684,75 13:13.929,302, ,257, ,0, , , ,0, , , , , ,505697, , , ,2,1,0,0,0,0,1,0,0,0,0,0,2,2,0,0,0,0,0,0,0,0,0,0,0,0,0,0,0,0,0,0,0,0,0,8,0,39.9482,-75.2205, , 
 ,44454,2015020683,6,67,67301,2014,12,6,1530,15,1,1,0,5,1, , ,N,0,0,0,3,0,1,2,2,N, ,39 55:48.055,75 09:53.519,1700, ,1714, ,0, , , ,0, , , , , ,505710, , , ,1,1,0,0,0,0,0,0,1,0,0,1,1,0,0,0,0,0,0,0,0,0,0,0,0,0,0,0,0,0,0,0,0,0,0,4,0,39.93,-75.1649, , 
 ,44455,2014104540,6,67,67301,2014,9,1,1635,16,1,1,0,4,1, , ,N,1,2,0,3,0,0,7,3,N,N,39 57:18.608,75 11:54.435,1642, ,1638, ,0, ,N, ,2, , , , , ,505712, , , ,3,1,0,0,0,0,2,0,0,0,0,0,0,0,0,0,0,1,0,0,0,0,0,0,0,0,0,0,0,0,0,0,0,0,0,0,0,39.9552,-75.1983, , 
 ,44456,2014115605,6,67,67301,2014,11,1,1230,12,1,1,0,4,1, , ,N,1,2,0,3,0,1,4,2,N,N,39 56:18.900,75 11:54.432,1236, ,1236,3,1,2,N, ,3,N, , , , ,505727, , , ,2,0,1,0,0,0,0,1,0,0,0,1,1,0,0,0,0,0,0,0,0,0,0,0,0,0,0,0,0,0,0,0,0,0,0,4,0,39.9386,-75.1985, , 
 ,44457,2015006656,6,67,67301,2014,12,6,420,4,3,1,0,6,1, , ,N,0,0,0,3,0,2,3,2,N, ,39 56:33.170,75 14:20.999,435, ,428, ,0, , , ,0, , , , , ,505732, , , ,2,1,0,0,0,0,1,0,0,0,0,0,2,2,0,0,0,0,0,0,0,0,0,0,0,0,0,0,0,0,0,0,0,0,0,8,0,39.9425,-75.2392, , 
 ,44458,2014122430,6,67,67301,2014,11,6,1600,16,1,1,0,4,1, , ,N,1,2,0,3,0,1,2,2,N,N,40 02:09.918,75 11:38.294,1631, ,1628, ,0, ,N, ,3, , , , , ,505742, , , ,2,1,0,0,1,0,0,0,0,0,0,1,1,0,0,0,0,0,0,0,1,0,0,0,0,0,0,0,0,0,0,0,0,0,0,4,0,40.0361,-75.194, , 
 ,44459,2014121471,6,67,67301,2014,11,7,1435,14,1,1,0,4,1, , ,N,1,2,0,3,0,0,5,2,N, ,40 01:49.116,75 05:06.064,1513, ,1505, ,0, , , ,3, , , , , ,505752, , , ,2,2,0,0,0,0,0,0,0,0,0,0,0,0,0,0,0,0,0,1,1,0,0,0,0,0,0,0,0,0,0,0,0,0,0,0,0,40.0303,-75.085, , 
 ,44460,2015006638,6,67,67301,2014,12,2,1430,14,1,1,0,4,1, , ,N,1,2,0,3,0,1,2,2,N,N,40 01:28.770,75 03:16.227,1436, ,1436, ,0, , , ,3, , , , , ,505778, , , ,2,1,0,0,0,0,0,1,0,0,1,0,1,0,0,0,0,0,1,0,0,0,1,0,0,0,0,0,0,0,0,0,0,0,0,3,0,40.0247,-75.0545, , 
 ,44461,2013012125,6,67,67301,2013,1,3,9999,99,1,1,0,1,2, , ,N,0,0,0,3,0,1,1,4,N, ,40 00:58.389,75 04:02.171,910, ,906, ,0, , , ,0, , , , , ,512780, , , ,4,4,0,0,0,0,0,0,0,0,0,1,1,0,0,0,0,0,0,0,0,1,0,0,0,0,0,0,0,0,0,0,0,0,0,4,0,40.0163,-75.0672, , 
 ,44462,2013046275,6,67,67301,2013,4,2,1840,18,1,1,0,8,1, , ,N,2,0,0,3,0,1,2,2,N,N,39 59:19.026,75 09:42.045,1957, ,1952, ,0, ,N, ,0, , , , , ,512812, , , ,1,0,0,1,0,0,0,0,0,0,0,1,1,0,1,0,0,0,0,0,0,0,0,0,0,0,0,0,0,0,0,0,1,0,0,4,1,39.9886,-75.1617, , 
 ,44463,2013047209,6,67,67301,2013,4,2,915,9,1,9,0,1,1, , ,N,0,0,0,3,0,2,3,2,N,N,39 56:58.586,75 11:58.815,930, ,915, ,0, ,N, ,0, , , , , ,512814, , , ,2,1,0,0,0,0,0,1,0,0,0,2,2,0,0,0,0,0,0,0,1,0,0,0,0,0,0,0,0,0,0,0,0,0,0,4,0,39.9496,-75.1997, , 
 ,44464,2013050312,6,67,67301,2013,4,7,1837,18,1,1,0,4,1, , ,N,1,3,0,3,0,0,3,2,N, ,40 03:29.225,75 04:41.355,1848, ,1842, ,0, , , ,3, , , , , ,512815, , , ,2,2,0,0,0,0,0,0,0,0,0,0,0,0,0,0,0,0,0,0,1,0,1,0,0,0,0,0,0,0,0,0,0,0,0,0,0,40.0581,-75.0782, , 
 ,44465,2013035205,6,67,67301,2013,3,4,730,7,1,1,0,8,1, , ,N,1,3,0,3,0,1,2,2,N,N,40 03:22.316,75 09:19.951,1200, ,1145, ,0, ,N, ,3, , , , , ,512847, , , ,1,1,0,0,0,0,0,0,0,0,1,0,1,0,1,0,0,0,0,0,0,0,0,0,0,0,0,0,0,0,0,0,1,0,0,3,0,40.0562,-75.1555, , 
 ,44466,2013046244,6,67,67301,2013,4,3,1510,15,1,1,0,1,1, , ,N,1,2,0,3,0,1,2,2,N,N,40 01:31.774,75 07:31.582,1525, ,1514, ,0, ,N, ,3, , , , , ,512861, , , ,2,1,0,0,0,0,1,0,0,0,0,1,1,0,0,0,0,0,0,0,0,0,0,0,0,0,0,0,0,0,0,0,0,0,0,4,0,40.0255,-75.1254, , 
 ,44467,2013026960,6,67,67301,2013,2,4,755,7,1,1,0,6,1, , ,N,1,2,0,3,0,1,5,2,N,N,40 02:06.826,75 08:44.062,851, ,850, ,0, ,N, ,3, , , , , ,512894, , , ,2,2,0,0,0,0,0,0,0,0,0,1,1,0,0,0,0,0,0,0,0,0,0,0,0,0,0,0,0,0,0,0,0,0,0,4,0,40.0352,-75.1455, , 
 ,44468,2013046348,6,67,67301,2013,3,7,1148,11,1,1,0,4,1, , ,N,0,0,7,3,0,1,3,2,N,N,40 03:19.465,75 02:34.072,1225, ,1213, ,0, ,N, ,0, , , , , ,512912, , , ,2,0,0,0,1,0,1,0,0,0,0,0,1,1,0,0,0,0,0,0,0,0,0,0,0,0,0,0,0,0,0,0,0,0,0,8,0,40.0554,-75.0428, , 
 ,44469,2013005340,6,67,67301,2013,1,1,2219,22,3,2,1,7,3, , ,N,0,0,0,3,0,0,1,1,N,N,39 58:56.125,75 12:27.800,2230, ,2227,1,1,3,N, ,0,N, , , , ,512918, , , ,1,1,0,0,0,0,0,0,0,0,0,0,0,0,0,0,0,0,0,0,1,0,0,0,0,0,0,0,0,0,0,0,0,0,0,0,0,39.9823,-75.2077, , 
 ,44470,2013023553,6,67,67301,2013,1,3,1119,11,1,1,6,1,1, , ,N,1,0,0,3,0,1,3,2,N, ,40 04:22.709,75 12:08.938,1225, ,1219, ,0, , , ,0, , , , , ,512932, , , ,2,1,0,0,0,0,1,0,0,0,0,1,1,0,0,0,0,0,0,0,0,0,0,0,0,0,0,0,0,0,0,0,0,0,0,4,0,40.073,-75.2025, , 
 ,44471,2013046368,6,67,67301,2013,4,5,135,1,3,1,0,4,1, , ,N,1,2,0,3,0,1,2,2,N,N,40 02:34.004,75 06:48.689,143, ,141, ,0, ,N, ,3, , , , , ,512955, , , ,2,1,0,0,1,0,0,0,0,0,0,1,1,0,0,0,0,0,0,0,0,0,0,0,0,0,0,0,0,0,0,0,0,0,0,4,0,40.0428,-75.1135, , 
 ,44472,2013050871,6,67,67301,2013,5,1,1400,14,1,1,0,7,2, , ,N,0,0,0,3,0,1,1,1,N,N,39 57:44.401,75 08:23.134,1420, ,1402, ,0, ,N, ,0, , , , , ,512962, , , ,1,1,0,0,0,0,0,0,0,0,0,1,1,0,0,0,0,0,0,0,0,0,0,0,0,0,0,0,0,0,0,0,0,0,0,4,0,39.9624,-75.1397, , 
 ,44473,2013055872,6,67,67301,2013,5,1,1130,11,1,1,0,4,1, , ,N,1,2,0,3,0,3,3,2,N, ,40 02:40.636,75 03:16.819,1140, ,1130,1,1,3, , ,3,N, , , , ,513004, , , ,2,1,0,0,0,0,1,0,0,0,0,3,3,0,0,0,0,0,0,0,1,0,0,0,0,0,0,0,0,0,0,0,0,0,0,4,0,40.0446,-75.0547, , 
 ,44474,2013062621,6,67,67301,2013,4,4,1755,17,1,1,0,1,2, , ,N,0,0,0,3,0,1,2,2,N,N,40 02:59.042,75 06:58.048,1808, ,1806,1,1,3,N, ,0,N, , , , ,513012, , , ,2,1,0,0,0,0,0,1,0,0,0,1,1,0,0,0,0,0,0,1,0,0,0,0,0,0,0,0,0,0,0,0,0,0,0,4,0,40.0497,-75.1161, , 
 ,44475,2013017591,6,67,67301,2013,1,2,630,6,1,1,0,1,1, , ,N,0,0,0,3,0,1,3,3,N,N,39 56:38.123,75 11:31.949,740, ,700, ,0, ,N, ,0, , , , , ,513031, , , ,3,1,0,0,0,0,1,1,0,0,0,1,1,0,0,0,0,0,0,0,2,0,0,0,0,0,0,0,0,0,0,0,0,0,0,4,0,39.9425,-75.1936, , 
 ,44476,2013041716,6,46,46108,2013,4,5,1624,16,1,1,0,1,1, , ,N,0,0,0,3,0,0,2,2,N,N,40 05:32.782,75 13:21.927,1628, ,1624, ,0, ,N, ,0, , , , , ,513051, , , ,2,1,0,0,0,0,1,0,0,0,0,0,0,0,0,0,0,0,0,0,1,0,0,0,0,0,0,0,0,0,0,0,0,0,0,0,0,40.0924,-75.2228, , 
 ,44477,2013043416,6,67,67301,2013,3,4,1820,18,1,1,0,5,6, , ,N,0,0,0,3,0,1,1,4,N,N,39 56:41.170,75 12:45.270,1820, ,1820, ,0, ,N, ,0, , , , , ,513053, , , ,4,1,0,0,1,0,1,1,0,0,0,0,1,1,0,0,0,0,0,0,1,0,0,1,0,0,0,0,0,0,0,0,0,0,0,8,0,39.9448,-75.2126, , 
 ,44478,2013043468,6,67,67301,2013,3,3,2052,20,3,1,0,4,1, , ,N,1,2,0,3,0,3,5,2,N,N,40 01:07.456,75 06:54.889,2052, ,2052,1,2,2,N, ,3,Y, , , , ,513054, , , ,2,2,0,0,0,0,0,0,0,0,0,0,3,3,0,0,0,0,0,0,1,0,0,0,0,0,0,0,0,0,0,0,0,0,0,8,0,40.0187,-75.1152, , 
 ,44479,2014127497,6,67,67301,2014,12,7,1824,18,3,2,1,4,1, , ,N,1,2,0,3,0,0,4,3,N,N,39 57:36.745,75 11:27.211,1826, ,1826, ,0, ,N, ,3, , , , , ,500264, , , ,3,1,0,0,0,0,2,0,0,0,0,0,0,0,0,0,0,0,0,0,0,0,0,0,0,0,0,0,0,0,0,0,0,0,0,0,0,39.9602,-75.1909, , 
 ,44480,2015002678,6,67,67301,2014,12,1,2359,23,3,1,0,7,4, , ,N,0,0,0,3,0,2,2,1,N,N,40 01:33.898,75 09:33.807,1, ,2359,3,2,6,N, ,0,Y, , , , ,500268, , , ,1,0,0,0,0,0,1,0,0,0,2,0,2,0,0,0,0,0,0,0,0,0,0,0,0,0,0,0,0,0,0,0,0,0,0,3,0,40.0261,-75.1594, , 
 ,44481,2015006613,6,67,67301,2014,12,4,1218,12,1,2,1,4,1, , ,N,1,2,0,3,0,3,3,2,N,N,39 55:49.693,75 10:06.289,1220, ,1219,1,1,2,N, ,3,N, , , , ,500271, , , ,2,1,0,0,0,0,1,0,0,0,0,3,3,0,0,0,0,0,0,0,0,0,0,0,0,0,0,0,0,0,0,0,0,0,0,4,0,39.9305,-75.1683, , 
 ,44482,2015035155,6,67,67301,2014,9,4,1410,14,1,1,0,5,1, , ,N,0,0,0,3,0,0,3,2,N, ,39 58:13.360,75 08:46.475,1415, ,1410, ,0, ,N, ,0, , , , , ,500272, , , ,2,0,0,0,0,0,2,0,0,0,0,0,0,0,0,0,0,0,0,0,1,0,0,0,0,0,0,0,0,0,0,0,0,0,0,0,0,39.9704,-75.1462, , 
 ,44483,2014113444,6,67,67301,2014,10,7,218,2,3,1,0,7,4, , ,N,0,0,0,3,0,2,2,1,N,N,39 59:59.069,75 09:29.571,220, ,220,1,1,5,N, ,0,Y, , , , ,500293, , , ,1,1,0,0,0,0,0,0,0,0,1,1,2,0,0,0,0,0,0,0,0,0,0,1,0,0,0,0,0,0,0,0,0,0,0,3,0,39.9997,-75.1582, , 
 ,44484,2015025084,6,67,67301,2014,12,2,113,1,3,1,0,7,4, , ,N,2,0,0,3,0,1,1,1,N,N,40 03:29.145,75 10:38.675,125, ,117, ,0, ,N, ,0, , , , , ,500306, , , ,1,1,0,0,0,0,0,0,0,0,0,0,1,1,0,0,0,0,0,0,0,0,0,0,0,0,0,0,0,0,0,0,0,0,0,8,0,40.0581,-75.1774, , 
 ,44485,2014122026,6,67,67301,2014,11,4,1732,17,4,1,0,7,2, , ,N,0,0,0,3,0,0,1,1,N,N,40 05:08.553,74 58:11.618,1740, ,1735,2,1,3,Y, ,0,N, , , , ,500314, , , ,1,0,0,0,0,0,1,0,0,0,0,0,0,0,0,0,0,0,0,0,0,0,0,0,0,0,0,0,0,0,0,0,0,0,0,0,0,40.0857,-74.9699, , 
 ,44486,2015002778,6,67,67301,2014,11,5,1020,10,1,2,1,4,1, , ,N,1,3,0,3,0,2,3,2,N,N,40 04:09.667,75 09:55.263,1030, ,1025,9,2,5,N, ,3,Y, , , , ,500324, , , ,2,1,0,0,1,0,0,0,0,0,0,0,2,2,0,0,0,0,0,0,0,0,0,0,0,0,0,0,0,0,0,0,0,0,0,8,0,40.0694,-75.1654, , 
 ,44487,2014099253,6,67,67301,2014,9,4,1016,10,1,1,0,5,1, , ,N,0,0,0,3,0,0,2,2,N,N,39 57:17.536,75 10:59.519,1025, ,1016, ,0, ,N, ,0, , , , , ,500338, , , ,2,0,0,0,0,1,0,1,0,0,0,0,0,0,0,0,0,0,0,0,0,0,0,0,0,0,0,0,0,0,0,0,0,0,0,0,1,39.9549,-75.1832, , 
 ,44488,2014107201,6,67,67301,2014,10,1,1855,18,3,1,0,4,1, , ,N,2,0,0,3,0,2,3,2,N, ,39 56:59.704,75 14:21.299,2030, ,1900, ,0, , , ,0, , , , , ,500342, , , ,2,0,0,0,0,0,2,0,0,0,0,0,2,2,0,0,0,0,0,0,0,0,0,0,0,0,0,0,0,0,0,0,0,0,0,8,0,39.9499,-75.2392, , 
 ,44489,2014109938,6,67,67301,2014,10,5,5,0,3,2,1,7,4, , ,N,0,0,0,3,0,1,1,1,N,N,40 02:08.571,75 08:59.876,22, ,15, ,0, ,N, ,0, , , , , ,500344, , , ,1,1,0,0,0,0,0,0,0,0,0,0,1,1,0,0,0,0,0,0,1,0,0,0,0,0,0,0,0,0,0,0,0,0,0,8,0,40.0357,-75.15, , 
 ,44490,2014127532,6,67,67301,2014,12,7,1345,13,1,2,1,4,1, , ,N,2,3,0,3,0,0,2,2,N,N,39 58:57.978,75 07:34.740,1405, ,1405, ,0, ,N, ,3, , , , , ,500358, , , ,2,2,0,0,0,0,0,0,0,0,0,0,0,0,0,0,0,0,0,0,1,0,0,0,0,0,0,0,0,0,0,0,0,0,0,0,0,39.9828,-75.1263, , 
 ,44491,2015045404,6,67,67301,2014,9,5,2313,23,3,2,1,6,1, , ,N,0,0,0,3,0,4,5,2,N,N,39 56:08.487,75 08:43.857,2319, ,2313, ,0, , , ,0, , , , , ,500400, , , ,2,2,0,0,0,0,0,0,0,0,0,4,4,0,0,0,0,0,0,0,0,0,0,0,0,0,0,0,0,0,0,0,0,0,0,4,0,39.9357,-75.1455, , 
 ,44492,2014087849,6,67,67301,2014,7,5,1417,14,1,1,0,4,1, , ,N,5,2,0,3,0,2,4,2,N,N,40 01:29.110,75 08:58.358,1421, ,1410,3,1,4,N, ,3,N, , , , ,500403, , , ,2,1,0,0,0,0,1,0,0,0,0,1,2,1,1,0,0,0,0,0,1,0,0,0,0,0,0,0,0,0,0,0,0,0,0,4,0,40.0248,-75.1495, , 
 ,44493,2014099221,6,67,67301,2014,9,3,9999,99,1,2,1,7,4, , ,N,0,0,0,3,0,1,1,1,N,N,39 59:45.571,75 11:28.953,812, ,812, ,0, ,N, ,0, , , , , ,500411, , , ,1,1,0,0,0,0,0,0,0,0,0,0,1,1,0,0,0,0,0,0,0,0,0,0,0,0,0,0,0,0,0,0,0,0,0,8,0,39.996,-75.1914, , 
 ,44494,2014104089,6,67,67301,2014,10,4,144,1,3,1,0,7,2, , ,N,0,0,0,3,0,2,2,2,N,N,39 59:40.403,75 05:01.845,144, ,144,1,1,1,Y, ,0,N, , , , ,500417, , , ,2,1,0,0,0,0,1,0,0,0,0,2,2,0,0,0,0,0,0,0,0,0,0,0,0,0,0,0,0,0,0,0,0,0,0,4,0,39.9946,-75.0838, , 
 ,44495,2014104416,6,67,67301,2014,10,1,9999,99,1,1,0,1,1, , ,N,1,2,0,3,0,1,3,2,N,N,40 02:43.800,75 09:53.514,9999, ,9999, ,0, ,N, ,3, , , , , ,500418, , , ,2,0,0,0,0,0,2,0,0,0,0,0,1,1,2,0,0,0,0,0,1,1,0,0,0,0,0,0,0,0,0,0,0,0,0,8,0,40.0455,-75.1649, , 
 ,44496,2014106758,6,67,67301,2014,10,6,1348,13,1,1,0,4,1, , ,N,1,2,0,3,0,2,2,2,N,N,40 04:50.820,75 01:42.117,1412, ,1400,9,1,1,N, ,3,N, , , , ,500420, , , ,2,0,0,0,0,0,2,0,0,0,0,2,2,0,0,0,0,0,0,0,1,0,0,0,0,0,0,0,0,0,0,0,0,0,0,4,0,40.0808,-75.0284, , 
 ,44497,2014107219,6,67,67301,2014,10,6,2010,20,3,1,0,5,6, , ,N,0,0,0,3,0,1,2,3,N,N,40 02:41.234,75 03:34.792,2130, ,2122, ,0, ,N, ,0, , , , , ,500422, , , ,2,2,0,0,0,0,0,0,0,0,0,1,1,0,0,0,0,0,0,0,0,0,0,0,0,0,0,0,0,0,0,0,1,0,0,4,0,40.0448,-75.0597, , 
 ,44498,2014113415,6,67,67301,2014,10,4,1535,15,1,1,0,1,1, , ,N,0,0,3,3,0,1,2,2,N,N,39 57:05.692,75 10:55.984,1540, ,1535,9,1,4, , ,0,N, , , , ,494918, , , ,1,0,0,0,1,0,0,0,1,0,0,0,1,1,0,0,0,0,0,0,0,0,0,0,0,0,0,0,0,0,0,0,0,0,0,8,0,39.9516,-75.1822, , 
 ,44499,2014115580,6,67,67301,2014,11,2,1430,14,1,1,0,5,1, , ,N,0,0,0,3,0,1,2,2,N, ,39 56:55.865,75 09:58.114,1445, ,1440, ,0, , , ,0, , , , , ,494936, , , ,1,1,0,0,0,0,0,0,1,0,0,1,1,0,1,0,0,0,0,0,0,0,0,0,0,0,0,0,0,0,0,0,0,0,0,4,0,39.9489,-75.1661, , 
 ,44500,2014120834,6,67,67301,2014,10,3,650,6,5,1,0,4,1, , ,N,1,2,0,3,0,1,2,2,N, ,39 57:56.904,75 14:46.137,9999, ,9999, ,0, , , ,3, , , , , ,494943, , , ,1,1,0,0,0,0,0,0,1,0,0,1,1,0,0,0,0,0,0,0,0,0,0,0,0,0,0,0,0,0,0,0,0,0,0,4,0,39.9658,-75.2461, , 
 ,44501,2015002763,6,67,67301,2014,12,1,1600,16,4,1,0,4,1, , ,N,1,2,0,3,0,1,3,2,N,N,39 57:06.231,75 10:37.822,1610, ,1600,1,1,1,N, ,3,N, , , , ,494953, , , ,2,1,0,0,1,0,0,0,0,0,0,0,1,1,0,0,0,0,0,0,1,0,0,0,0,0,0,0,0,0,0,0,0,0,0,8,0,39.9517,-75.1772, , 
 ,44502,2015020983,6,67,67301,2014,12,1,245,2,3,1,0,1,1, , ,N,0,0,0,3,0,2,5,4,N,N,40 06:43.583,74 59:26.550,245, ,245,2,1,1,N, ,0,Y, , , , ,494956, , , ,3,1,0,0,0,0,1,1,0,1,0,1,2,0,0,0,0,0,0,0,0,0,0,1,0,0,0,0,0,0,0,0,1,0,1,2,0,40.1121,-74.9907, , 
 ,44503,2014125119,6,67,67301,2014,12,2,1917,19,3,2,1,5,1, , ,N,0,0,0,3,0,1,2,2,N, ,39 56:49.557,75 09:16.034,1942, ,1935, ,0, ,N, ,0, , , , , ,494974, , , ,1,0,0,0,0,0,0,1,1,0,0,1,1,0,0,0,0,0,0,0,0,0,0,0,0,0,0,0,0,0,0,0,0,0,0,4,0,39.9471,-75.1545, , 
 ,44504,2014130437,6,67,67301,2014,12,2,1300,13,1,1,0,1,1, , ,N,0,0,0,3,0,1,8,2,Y, ,39 56:58.607,75 12:06.953,1344, ,1340, ,0, , , ,0, , , , , ,494976, , , ,2,0,0,1,0,0,1,0,0,1,0,0,1,0,0,0,0,0,0,0,1,1,0,0,0,0,0,0,0,0,0,0,0,0,0,2,1,39.9496,-75.2019, , 
 ,44505,2015006696,6,67,67301,2014,12,7,1400,14,1,1,0,4,4, , ,N,0,0,7,3,0,1,3,2,N, ,39 59:39.760,75 05:42.055,1500, ,1445, ,0, , , ,0, , , , , ,494980, , , ,2,2,0,0,0,0,0,0,0,0,0,1,1,0,0,0,0,1,0,0,0,0,0,0,0,0,0,0,0,0,0,0,0,0,0,4,0,39.9944,-75.095, , 
 ,44506,2014126935,6,67,67301,2014,11,7,155,1,3,2,1,7,4, , ,N,0,0,0,3,1,0,2,1,N,N,40 01:49.966,75 09:31.037,202, ,158,3,2,6,N,0,0,N, , , , ,494995, , , ,1,1,0,0,0,0,0,0,0,0,0,0,0,0,0,0,0,0,0,0,1,0,0,2,1,0,0,0,0,0,0,0,0,0,0,1,0,40.0305,-75.1586,2, 
 ,44507,2015002759,6,67,67301,2014,12,7,2047,20,3,1,0,7,4, , ,N,0,0,0,3,0,1,1,1,N,N,40 03:01.177,75 02:30.951,2051, ,2048, ,0, ,N, ,0, , , , , ,494999, , , ,1,1,0,0,0,0,0,0,0,0,0,0,1,1,0,0,0,0,0,0,0,0,0,0,0,0,0,0,0,0,0,0,0,0,0,8,0,40.0503,-75.0419, , 
 ,44508,2015010681,6,67,67301,2014,11,3,1156,11,1,1,0,7,5, , ,N,2,2,0,3,1,0,1,1,N,N,39 59:58.649,75 11:26.101,1204, ,1158,3,2,7,N,0,3,Y, , , , ,495002, , , ,1,1,0,0,0,0,0,0,0,0,0,0,0,0,0,0,0,0,0,0,0,0,0,0,0,0,0,0,0,0,0,0,0,0,0,1,0,39.9996,-75.1905,2, 
 ,44509,2014112745,6,67,67301,2014,1,2,945,9,1,4,1,1,1, , ,N,1,3,0,3,0,1,2,2,N,N,39 58:59.466,75 06:54.921,0, ,0, ,0, ,N, ,3, , , , , ,495011, , , ,2,1,0,0,1,0,0,0,0,0,0,0,1,1,0,0,0,0,0,0,0,0,0,0,0,0,0,0,0,0,0,0,0,0,0,8,0,39.9832,-75.1153, , 
 ,44510,2014117596,6,67,67301,2014,10,6,1915,19,3,1,0,4,1, , ,N,1,2,0,3,0,0,2,2,N, ,40 03:54.789,75 10:05.158,1925, ,1918, ,0, , , ,3, , , , , ,495017, , , ,2,1,0,0,0,0,1,0,0,0,0,0,0,0,0,0,0,0,0,0,1,0,0,0,0,0,0,0,0,0,0,0,0,0,0,0,0,40.0652,-75.1681, , 
 ,44511,2014103204,6,67,67301,2014,10,4,1647,16,1,2,1,1,1, , ,N,0,0,0,3,0,1,2,2,N,N,39 57:30.856,75 10:06.200,1655, ,1648,1,1,3,N, ,0,N, , , , ,495025, , , ,2,1,0,0,0,1,0,0,0,0,0,1,1,0,0,0,0,0,0,0,1,0,0,0,0,0,0,0,0,0,0,0,0,0,0,4,1,39.9586,-75.1684, , 
 ,44512,2014106658,6,67,67301,2014,10,6,1300,13,1,1,0,4,1, , ,N,1,2,0,3,0,1,2,2,N,N,40 00:27.502,75 07:38.377,1308, ,1306,1,1,7,N, ,3,Y, , , , ,495029, , , ,2,2,0,0,0,0,0,0,0,0,0,1,1,0,0,0,0,1,0,0,1,0,0,2,0,0,0,0,0,0,0,0,0,0,0,4,0,40.0076,-75.1273, , 
 ,44513,2014108627,6,67,67301,2014,11,7,1602,16,1,2,1,1,1, , ,N,0,2,0,3,0,0,3,2,N,N,39 58:24.394,75 07:13.037,1636, ,1606,2,1,2,N, ,3,N, , , , ,495038, , , ,2,2,0,0,0,0,0,0,0,0,0,0,0,0,0,0,0,0,0,0,1,0,0,0,0,0,0,0,0,0,0,0,0,0,0,0,0,39.9734,-75.1203, , 