wz_ln_closure,objectid_1,crn,district,county,municipality,crash_year,crash_month,day_of_week,time_of_day,hour_of_day,illumination,weather,road_condition,collision_type,relation_to_road,work_zone_type,work_zone_loc,work_zone_ind,intersect_type,tcd_type,location_type,urban_rural,fatal_count,injury_count,person_count,total_units,sch_bus_ind,sch_zone_ind,latitude,longitude,arrival_tm,cons_zone_spd_lim,dispatch_tm,est_hrs_closed,lane_closed,ln_close_dir,ntfy_hiwy_maint,spec_juris_cd,tcd_func_cd,tfc_detour_ind,workers_pres,wz_close_detour,wz_flagger,wz_law_offcr_ind,objectid,wz_moving,wz_other,wz_shlder_mdn,vehicle_count,automobile_count,motorcycle_count,bus_count,small_truck_count,heavy_truck_count,suv_count,van_count,bicycle_count,maj_inj_count,mod_inj_count,min_inj_count,tot_inj_count,unk_inj_deg_count,unk_inj_per_count,driver_count_16yr,driver_count_17yr,driver_count_18yr,driver_count_19yr,driver_count_20yr,driver_count_50_64yr,driver_count_65_74yr,driver_count_75plus,unbelted_occ_count,unb_death_count,unb_maj_inj_count,belted_death_count,belted_maj_inj_count,mcycle_death_count,mcycle_maj_inj_count,bicycle_death_count,bicycle_maj_inj_count,ped_count,ped_death_count,ped_maj_inj_count,max_severity_level,comm_veh_count,dec_lat,dec_long,rdwy_surf_type_cd,county_name
 ,44581,2015009624,6,67,67301,2014,12,3,1025,10,1,1,0,4,1, , ,N,1,2,0,3,0,0,2,2,N,N,39 57:41.043,75 08:53.373,1029, ,1026, ,0, , , ,3, , , , , ,495171, , , ,2,1,0,0,0,0,1,0,0,0,0,0,0,0,1,0,0,0,0,0,0,1,0,0,0,0,0,0,0,0,0,0,0,0,0,9,0,39.9614,-75.1482, , 
 ,44582,2015020871,6,67,67301,2014,12,3,717,7,1,2,1,2,1, , ,N,0,0,0,3,0,3,3,3,N,N,40 00:22.546,75 06:57.821,719, ,719,3,1,4,N, ,0,Y, , , , ,495180, , , ,3,1,0,0,0,0,1,0,0,0,0,0,3,3,0,0,0,0,0,0,1,0,0,2,0,0,0,0,0,0,0,0,0,0,0,8,0,40.0063,-75.1161, , 
 ,44583,2014078893,6,67,67301,2014,5,2,1722,17,1,1,0,1,6, , ,N,0,0,0,3,0,2,4,4,N, ,39 59:31.881,75 10:37.944,1729, ,1725,3,2,4, , ,0,Y, , , , ,495197, , , ,3,1,0,0,0,0,2,0,0,0,0,1,2,1,1,0,0,0,0,0,0,0,0,2,0,0,0,0,0,0,0,0,1,0,0,4,0,39.9922,-75.1772, , 
 ,44584,2014093548,6,67,67301,2014,9,6,1510,15,1,1,0,7,5, , ,N,0,0,0,3,0,0,2,1,N,N,40 02:16.576,75 10:57.846,1524, ,1513, ,0, ,N, ,0, , , , , ,495212, , , ,1,1,0,0,0,0,0,0,0,0,0,0,0,0,0,0,0,0,0,0,1,0,0,0,0,0,0,0,0,0,0,0,0,0,0,0,0,40.0379,-75.1827, , 
 ,44585,2014110407,6,67,67301,2014,10,1,220,2,3,1,0,7,4, , ,N,0,0,0,3,0,0,1,1,N,N,40 00:58.204,75 10:32.610,233, ,226, ,0, ,N, ,0, , , , , ,495215, , , ,1,1,0,0,0,0,0,0,0,0,0,0,0,0,0,0,0,0,0,0,0,0,0,0,0,0,0,0,0,0,0,0,0,0,0,0,0,40.0162,-75.1757, , 
 ,44586,2014120319,6,67,67301,2014,11,5,1937,19,3,2,1,5,6, , ,N,0,0,0,3,0,1,2,2,N,N,39 55:21.036,75 11:10.486,1940, ,1937, ,0, , , ,0, , , , , ,495223, , , ,2,2,0,0,0,0,0,0,0,0,0,0,1,1,0,0,0,0,0,0,0,0,1,0,0,0,0,0,0,0,0,0,0,0,0,8,0,39.9225,-75.1862, , 
 ,44587,2014127462,6,67,67301,2014,1,5,825,8,1,1,4,8,1, , ,N,1,2,0,3,0,1,2,2,N,N,40 02:50.105,75 10:03.773,832, ,829, ,0, ,N, ,3, , , , , ,495232, , , ,1,0,0,0,0,0,0,0,0,0,0,1,1,0,0,0,0,0,0,0,0,0,0,0,0,0,0,0,0,0,0,0,1,0,0,4,0,40.0473,-75.1677, , 
 ,44588,2015018946,6,67,67301,2014,12,5,258,2,3,4,1,4,1, , ,N,1,2,0,3,0,4,4,4,N,N,39 59:23.218,75 06:14.002,258, ,258,9,2,7,N, ,3,Y, , , , ,495242, , , ,4,3,0,0,0,0,1,0,0,0,0,1,4,3,0,0,0,0,0,0,0,0,0,0,0,0,0,0,0,0,0,0,0,0,0,4,0,39.9898,-75.1039, , 
 ,44589,2014107198,6,67,67301,2014,10,5,2038,20,3,1,0,2,6, , ,N,0,0,0,3,0,1,3,2,N, ,39 57:50.281,75 14:39.943,2055, ,2050, ,0, ,N, ,0, , , , , ,495243, , , ,2,1,0,0,0,0,1,0,0,0,0,1,1,0,0,0,0,0,0,0,0,0,0,0,0,0,0,0,0,0,0,0,0,0,0,4,0,39.964,-75.2444, , 
 ,44590,2014113374,6,67,67301,2014,10,3,1537,15,1,1,0,4,1, , ,N,1,2,0,3,0,1,2,2,N,N,39 57:24.012,75 11:52.849,1540, ,1537, ,0, ,N, ,3, , , , , ,497763, , , ,1,0,0,0,0,0,1,0,1,0,0,1,1,0,0,0,0,0,0,0,0,0,0,1,0,0,0,0,0,0,0,0,0,0,0,4,0,39.9566,-75.198, , 
 ,44591,2014113393,6,67,67301,2014,10,3,1310,13,1,1,0,1,1, , ,N,1,0,0,3,0,7,12,5,N,N,39 56:17.059,75 10:06.455,1316, ,1315, ,0, ,N, ,0, , , , , ,497764, , , ,5,3,0,0,0,0,2,0,0,0,0,7,7,0,1,0,0,0,0,1,0,0,0,0,0,0,0,0,0,0,0,0,0,0,0,4,0,39.9381,-75.1685, , 
 ,44592,2015020830,6,67,67301,2014,12,4,627,6,5,2,1,8,1, , ,N,1,2,0,3,0,1,2,2,N,N,40 03:14.351,75 02:56.006,700, ,628,3,2,1,N, ,3,N, , , , ,497772, , , ,1,0,0,0,1,0,0,0,0,1,0,0,1,0,0,0,0,0,0,0,0,0,0,0,0,0,0,0,0,0,0,0,1,0,1,2,0,40.054,-75.0489, , 
 ,44593,2014117615,6,67,67301,2014,10,3,1919,19,1,1,0,4,1, , ,N,1,2,0,3,0,1,2,2,N,N,40 01:28.097,75 08:52.131,1950, ,1942, ,0, ,N, ,3, , , , , ,497778, , , ,2,1,0,0,0,0,1,0,0,0,1,0,1,0,1,0,0,0,0,0,0,0,0,0,0,0,0,0,0,0,0,0,0,0,0,3,0,40.0245,-75.1478, , 
 ,44594,2014117625,6,67,67301,2014,10,3,9999,99,1,1,0,1,1, , ,N,3,3,0,3,0,2,2,2,N,N,40 01:16.165,75 07:34.193,845, ,819, ,0, ,N, ,3, , , , , ,497779, , , ,2,0,0,0,0,0,2,0,0,0,0,2,2,0,0,0,0,0,0,0,0,0,0,0,0,0,0,0,0,0,0,0,0,0,0,4,0,40.0212,-75.1262, , 
 ,44595,2015009609,6,67,67301,2014,12,1,1711,17,3,2,1,8,1, , ,N,1,3,0,3,0,1,3,2,N,N,39 56:53.041,75 09:48.203,1720, ,1716,9,9,7,N, ,3,N, , , , ,497795, , , ,1,1,0,0,0,0,0,0,0,0,1,0,1,0,0,0,0,0,0,0,1,0,0,0,0,0,0,0,0,0,0,0,1,0,0,3,0,39.9481,-75.1634, , 
 ,44596,2015020807,6,67,67301,2014,11,2,307,3,6,2,1,4,1, , ,N,1,2,0,3,0,1,3,2,N,N,40 01:23.848,75 02:54.126,308, ,308, ,0, ,N, ,3, , , , , ,497798, , , ,2,1,0,0,1,0,0,0,0,0,0,0,1,1,0,0,0,0,0,0,0,0,0,0,0,0,0,0,0,0,0,0,0,0,0,8,0,40.0233,-75.0484, , 
 ,44597,2015020850,6,67,67301,2014,6,3,650,6,1,1,0,4,1, , ,N,5,2,0,3,0,0,3,2,N, ,40 03:47.120,75 03:05.897,700, ,653,9,2,1, , ,3,Y, , , , ,497814, , , ,2,1,0,0,0,0,1,0,0,0,0,0,0,0,0,0,0,0,0,0,0,0,0,1,0,0,0,0,0,0,0,0,0,0,0,0,0,40.0631,-75.0516, , 
 ,44598,2014119584,6,67,67301,2014,11,3,2301,23,3,1,0,7,1, , ,N,0,0,0,3,0,0,3,1,N,N,39 58:52.587,75 06:10.493,2325, ,2304,2,1,2,N, ,0,N, , , , ,497819, , , ,1,1,0,0,0,0,0,0,0,0,0,0,0,0,0,0,0,0,1,0,0,0,0,0,0,0,0,0,0,0,0,0,0,0,0,0,0,39.9813,-75.1029, , 
 ,44599,2014125055,6,67,67301,2014,11,1,20,0,3,1,0,4,1, , ,N,1,2,0,3,0,0,2,2,N,N,40 06:18.581,75 01:58.245,30, ,26, ,0, , , ,3, , , , , ,497825, , , ,2,2,0,0,0,0,0,0,0,0,0,0,0,0,0,0,0,0,0,0,0,0,0,0,0,0,0,0,0,0,0,0,0,0,0,0,0,40.1052,-75.0328, , 
 ,44600,2014127472,6,67,67301,2014,12,5,1850,18,3,1,0,8,1, , ,N,1,2,0,3,0,1,2,2,N,N,40 03:20.842,75 10:34.267,1900, ,1854,1,1,4, , ,3,N, , , , ,497827, , , ,1,1,0,0,0,0,0,0,0,0,1,0,1,0,0,0,0,0,0,0,0,1,0,0,0,0,0,0,0,0,0,0,1,0,0,3,0,40.0558,-75.1762, , 
 ,44601,2015000419,6,46,46104,2014,12,7,1209,12,1,1,0,5,1, , ,N,0,0,0,3,0,0,4,2,N,N,39 58:48.521,75 16:09.977,1213, ,1209, ,0, ,N, ,0, , , , , ,497833, , , ,2,1,0,0,0,0,0,0,0,0,0,0,0,0,0,0,0,0,0,0,0,0,0,0,0,0,0,0,0,0,0,0,0,0,0,0,0,39.9801,-75.2694, , 
 ,44602,2015002677,6,67,67301,2014,12,5,730,7,1,1,1,8,1, , ,N,1,2,0,3,0,1,2,2,N,N,39 57:21.690,75 10:34.388,740, ,739,1,1,1,N, ,3,N, , , , ,497834, , , ,1,0,0,0,0,0,1,0,0,0,0,1,1,0,0,0,0,0,0,0,1,0,0,0,0,0,0,0,0,0,0,0,1,0,0,4,0,39.956,-75.1762, , 
 ,44603,2014050228,6,67,67301,2014,4,4,655,6,1,1,0,8,1, , ,N,1,2,0,3,0,1,3,2,N,N,40 02:10.729,75 03:51.497,705, ,658,1,2,1,N, ,3,Y, , , , ,497837, , , ,1,1,0,0,0,0,0,0,0,0,0,1,1,0,0,0,0,0,0,0,0,0,0,0,0,0,0,0,0,0,0,0,1,0,0,4,0,40.0363,-75.0643, , 
 ,44604,2014061084,6,67,67301,2014,5,1,2103,21,3,1,0,5,1, , ,N,0,0,0,3,0,1,3,2,N,N,40 04:24.760,75 05:05.510,2108, ,2105, ,0, ,N, ,0, , , , , ,497847, , , ,2,1,1,0,0,0,0,0,0,0,0,1,1,0,0,0,0,0,1,0,0,0,0,0,0,0,0,0,0,0,0,0,0,0,0,4,0,40.0735,-75.0849, , 
 ,44605,2014081138,6,67,67301,2014,8,7,129,1,3,1,0,7,4, , ,N,0,0,0,3,0,0,1,1,N,N,39 57:40.711,75 10:56.107,138, ,130, ,0, ,N, ,0, , , , , ,497860, , , ,1,1,0,0,0,0,0,0,0,0,0,0,0,0,1,0,0,0,0,0,0,0,0,0,0,0,0,0,0,0,0,0,0,0,0,9,0,39.9613,-75.1823, , 
 ,44606,2014084301,6,67,67301,2014,7,1,2100,21,4,1,0,8,1, , ,N,0,0,0,3,0,1,2,2,N,N,39 57:58.960,75 09:06.670,2115, ,2108, ,0, ,N, ,0, , , , , ,497867, , , ,1,0,1,0,0,0,0,0,0,0,0,0,1,1,1,0,0,0,0,0,0,0,0,0,0,0,0,0,0,0,0,0,1,0,0,8,0,39.9664,-75.1519, , 
 ,44607,2014084387,6,67,67301,2014,6,2,1755,17,1,1,0,4,1, , ,N,1,3,0,3,0,2,2,2,N,N,39 59:58.790,75 10:27.562,1759, ,1757,1,2,2,N, ,3,Y, , , , ,497868, , , ,2,2,0,0,0,0,0,0,0,0,0,2,2,0,0,0,0,0,0,0,1,0,0,0,0,0,0,0,0,0,0,0,0,0,0,4,0,39.9997,-75.1743, , 
 ,44608,2015031460,6,67,67301,2014,12,4,1620,16,1,1,0,4,1, , ,N,0,0,0,3,0,1,2,2,N,N,39 55:30.030,75 10:18.990,0, ,0, ,0, ,N, ,0, , , , , ,489325, , , ,2,2,0,0,0,0,0,0,0,0,0,0,1,1,0,0,0,0,0,0,1,0,0,0,0,0,0,0,0,0,0,0,0,0,0,8,0,39.925,-75.1719, , 
 ,44609,2014060638,6,67,67301,2014,6,1,1339,13,1,1,0,1,1, , ,N,0,0,0,3,0,0,7,2,N,N,40 00:25.240,75 11:58.956,1346, ,1343,1,2,3,N, ,0,N, , , , ,489335, , , ,2,2,0,0,0,0,0,0,0,0,0,0,0,0,0,0,0,0,1,0,0,1,0,0,0,0,0,0,0,0,0,0,0,0,0,0,0,40.007,-75.1997, , 
 ,44610,2014104440,6,67,67301,2014,10,6,1652,16,1,1,0,4,1, , ,N,1,3,0,3,0,0,3,2,N,N,40 02:04.960,75 01:34.629,1659, ,1657,2,1,2,N, ,3,N, , , , ,489399, , , ,2,2,0,0,0,0,0,0,0,0,0,0,0,0,0,0,0,0,0,0,0,0,0,0,0,0,0,0,0,0,0,0,0,0,0,0,0,40.0347,-75.0263, , 
 ,44611,2014100399,6,67,67301,2014,10,5,1607,16,1,1,0,1,1, , ,N,0,8,0,3,0,0,3,3,N,N,39 54:42.021,75 10:01.304,1607, ,1607,1,1,4,N, ,3,N, , , , ,489407, , , ,3,1,0,0,0,2,0,0,0,0,0,0,0,0,0,0,0,0,0,0,1,0,0,0,0,0,0,0,0,0,0,0,0,0,0,0,2,39.9117,-75.167, , 
 ,44612,2014121625,6,67,67301,2014,12,3,1525,15,1,2,1,7,4, , ,N,0,0,0,3,0,0,1,1,N,N,39 58:57.309,75 12:27.900,1535, ,1525, ,0, ,N, ,0, , , , , ,489421, , , ,1,1,0,0,0,0,0,0,0,0,0,0,0,0,0,0,0,0,0,0,0,0,0,1,0,0,0,0,0,0,0,0,0,0,0,0,0,39.9826,-75.2078, , 
 ,44613,2014130512,6,67,67301,2014,12,4,2014,20,3,1,0,6,6, , ,N,0,0,0,3,0,0,1,3,N,N,39 57:09.662,75 14:42.900,2150, ,2148, ,0, ,N, ,0, , , , , ,489428, , , ,3,0,0,0,1,0,2,0,0,0,0,0,0,0,0,0,0,0,0,0,0,0,0,1,0,0,0,0,0,0,0,0,0,0,0,0,0,39.9527,-75.2453, , 
 ,44614,2014105078,6,67,67301,2014,10,6,1625,16,1,1,0,1,1, , ,N,0,0,0,3,0,0,3,3,N,N,39 59:06.458,75 05:39.116,1640, ,1625,2,1,1,N, ,0,N, , , , ,489454, , , ,3,2,0,0,0,0,1,0,0,0,0,0,0,0,0,0,0,0,0,1,1,0,0,0,0,0,0,0,0,0,0,0,0,0,0,0,0,39.9851,-75.0942, , 
 ,44615,2014081454,6,67,67301,2014,6,5,1740,17,1,1,0,4,1, , ,N,1,2,0,3,0,3,4,3,N,N,39 57:07.894,75 14:26.897,1750, ,1749, ,0, ,N, ,3, , , , , ,489483, , , ,2,2,0,0,0,0,0,0,0,0,1,2,3,0,0,0,0,0,0,0,1,0,0,0,0,0,0,0,0,0,0,0,1,0,0,3,0,39.9522,-75.2408, , 
 ,44616,2014088329,6,67,67301,2014,6,7,1711,17,1,1,0,9,1, , ,N,0,0,0,3,0,1,6,4,N,N,39 56:06.669,75 14:06.342,1808, ,1805, ,0, ,N, ,0, , , , , ,489487, , , ,4,2,0,0,0,0,0,0,0,0,0,1,1,0,0,0,0,0,0,0,0,0,0,0,0,0,0,0,0,0,0,0,0,0,0,4,0,39.9352,-75.2351, , 
 ,44617,2014089727,6,67,67301,2014,8,4,1619,16,1,1,0,8,1, , ,N,1,2,0,3,0,2,3,3,N, ,40 02:06.009,75 10:25.403,1625, ,1619, ,0, , , ,3, , , , , ,489489, , , ,1,1,0,0,0,0,0,0,0,0,0,2,2,0,0,0,0,0,0,0,0,0,0,0,0,0,0,0,0,0,0,0,2,0,0,4,0,40.035,-75.1737, , 
 ,44618,2014101383,6,67,67301,2014,9,1,2320,23,3,1,0,4,1, , ,N,1,2,0,3,0,1,3,2,N,N,40 00:48.913,75 04:06.725,2320, ,2320, ,0, , , ,3, , , , , ,489500, , , ,2,2,0,0,0,0,0,0,0,0,1,0,1,0,0,0,0,0,1,0,0,0,0,0,0,0,0,0,0,0,0,0,0,0,0,3,0,40.0136,-75.0685, , 
 ,44619,2014128451,6,67,67301,2014,12,4,2338,23,3,1,0,1,1, , ,N,6,0,2,3,0,3,3,2,N,N,39 58:06.137,75 07:46.529,2351, ,2339,1,1,2,N, ,0,N, , , , ,489535, , , ,2,2,0,0,0,0,0,0,0,0,0,3,3,0,0,0,0,0,0,0,0,0,0,0,0,0,0,0,0,0,0,0,0,0,0,4,0,39.9684,-75.1296, , 
 ,44620,2015006069,6,67,67301,2014,12,2,1100,11,1,1,0,8,1, , ,N,1,2,0,3,0,1,2,2,N,N,39 56:16.512,75 13:52.078,957, ,950, ,0, ,N, ,9, , , , , ,489541, , , ,1,1,0,0,0,0,0,0,0,0,0,1,1,0,1,0,0,0,0,0,0,0,0,0,0,0,0,0,0,0,0,0,1,0,0,4,0,39.9379,-75.2311, , 
 ,44621,2014111463,6,67,67301,2014,10,3,1545,15,1,1,0,1,1, , ,N,2,2,2,3,0,0,3,3,N, ,39 58:24.529,75 07:22.688,1551, ,1550, ,0, , , ,3, , , , , ,489551, , , ,3,2,0,0,1,0,0,0,0,0,0,0,0,0,0,0,0,0,0,0,1,0,0,0,0,0,0,0,0,0,0,0,0,0,0,0,0,39.9735,-75.123, , 
 ,44622,2014122447,6,67,67301,2014,11,5,9999,99,1,2,1,2,1, , ,N,0,0,0,3,0,0,4,4,N, ,39 59:02.770,75 12:11.648,1559, ,1543,2,2,5, , ,0,Y, , , , ,489558, , , ,4,3,0,0,0,0,1,0,0,0,0,0,0,0,0,0,0,0,0,0,0,1,0,0,0,0,0,0,0,0,0,0,0,0,0,0,0,39.9841,-75.2032, , 
 ,44623,2014130482,6,67,67301,2014,12,5,1658,16,3,1,1,8,1, , ,N,0,0,0,3,0,1,2,2,N, ,40 00:35.439,75 10:47.785,1658, ,1657, ,0, , , ,0, , , , , ,489562, , , ,1,1,0,0,0,0,0,0,0,0,0,0,1,1,0,0,0,0,0,0,0,0,0,0,0,0,0,0,0,0,0,0,1,0,0,8,0,40.0098,-75.1799, , 
 ,44624,2015001655,6,67,67301,2014,12,3,2141,21,3,1,0,7,2, , ,N,0,0,0,3,0,0,1,1,N,N,39 57:03.412,75 08:27.811,2205, ,2155, ,0, ,N, ,0, , , , , ,489564, , , ,1,1,0,0,0,0,0,0,0,0,0,0,0,0,0,0,0,0,0,0,0,0,0,0,0,0,0,0,0,0,0,0,0,0,0,0,0,39.9509,-75.1411, , 
 ,44625,2014125018,6,67,67301,2014,11,1,1958,19,2,1,0,1,1, , ,N,1,2,0,3,0,1,3,3,N, ,40 03:45.334,75 00:34.383,2005, ,2000,9,1,1, , ,3,N, , , , ,489583, , , ,3,3,0,0,0,0,0,0,0,1,0,0,1,0,0,0,0,0,0,0,0,1,0,0,0,0,0,0,0,0,0,0,0,0,0,2,0,40.0625,-75.0094, , 
 ,44626,2015002731,6,67,67301,2014,12,4,1638,16,3,2,1,5,6, , ,N,0,0,0,3,0,0,1,3,N,N,39 55:36.786,75 10:12.471,1845, ,1840,2,2,3,N, ,0,Y, , , , ,489595, , , ,3,3,0,0,0,0,0,0,0,0,0,0,0,0,0,0,0,0,0,0,0,0,0,1,0,0,0,0,0,0,0,0,0,0,0,0,0,39.9269,-75.1701, , 
 ,44627,2014087952,6,67,67301,2014,8,4,1428,14,1,1,0,4,1, , ,N,1,2,0,3,0,1,3,2,N, ,39 57:18.043,75 14:17.451,1434, ,1432, ,0, , , ,3, , , , , ,492274, , , ,2,1,0,0,0,0,1,0,0,0,1,0,1,0,0,0,0,0,0,0,0,0,0,0,0,0,0,0,0,0,0,0,0,0,0,3,0,39.955,-75.2382, , 
 ,44628,2014091315,6,67,67301,2014,8,6,1224,12,1,1,0,4,1, , ,N,1,2,0,3,0,0,2,2,N,N,39 57:27.432,75 08:44.473,1230, ,1224, ,0, ,N, ,3, , , , , ,492276, , , ,2,2,0,0,0,0,0,0,0,0,0,0,0,0,0,0,0,0,0,0,0,0,0,0,0,0,0,0,0,0,0,0,0,0,0,0,0,39.9576,-75.1457, , 
 ,44629,2014093538,6,67,67301,2014,9,2,9999,99,3,1,0,0,1, , ,N,0,0,0,3,0,1,1,1,N,N,39 58:20.280,75 07:24.357,1247, ,1245, ,0, ,N, ,0, , , , , ,492278, , , ,1,0,1,0,0,0,0,0,0,0,1,0,1,0,0,0,0,0,0,0,0,0,0,0,0,0,0,0,0,0,0,0,0,0,0,3,0,39.9723,-75.1234, , 
 ,44630,2014110375,6,67,67301,2014,10,6,9999,99,1,1,0,5,6, , ,N,0,0,0,3,0,1,2,3,N,N,40 04:51.240,74 58:41.664,1130, ,1130, ,0, ,N, ,0, , , , , ,492292, , , ,3,3,0,0,0,0,0,0,0,0,0,1,1,0,0,0,0,0,0,0,0,0,0,0,0,0,0,0,0,0,0,0,0,0,0,4,0,40.0809,-74.9782, , 
 ,44631,2014110420,6,67,67301,2014,9,7,258,2,3,1,0,8,1, , ,N,0,0,0,3,0,1,2,2,N,N,40 02:10.129,75 09:20.401,309, ,306, ,0, ,N, ,0, , , , , ,492293, , , ,1,0,0,0,0,0,1,0,0,1,0,0,1,0,0,0,0,0,0,0,0,0,0,0,0,0,0,0,0,0,0,0,1,0,1,2,0,40.0361,-75.1557, , 
 ,44632,2014115668,6,67,67301,2014,11,6,1915,19,3,1,0,4,1, , ,N,1,3,0,3,0,1,4,2,N,N,39 58:50.462,75 07:21.590,1930, ,1922, ,0, ,N, ,3, , , , , ,492299, , , ,2,1,0,0,0,0,0,1,0,0,1,0,1,0,0,0,0,0,1,1,0,0,0,0,0,0,0,0,0,0,0,0,0,0,0,3,0,39.9807,-75.1227, , 
 ,44633,2014106743,6,67,67301,2014,10,5,2030,20,3,1,0,4,1, , ,N,1,3,0,3,0,1,5,2,N,N,40 02:07.098,75 05:00.981,2042, ,2038, ,0, ,N, ,3, , , , , ,492310, , , ,2,2,0,0,0,0,0,0,0,0,0,1,1,0,0,0,0,0,0,0,0,0,0,2,0,0,0,0,0,0,0,0,0,0,0,4,0,40.0353,-75.0836, , 
 ,44634,2014054463,6,67,67301,2014,5,6,904,9,1,1,0,4,1, , ,N,2,2,0,3,0,0,2,2,N,N,39 58:57.511,75 11:18.156,925, ,921, ,0, ,N, ,3, , , , , ,492324, , , ,2,1,0,1,0,0,0,0,0,0,0,0,0,0,2,0,0,0,0,0,0,0,0,0,0,0,0,0,0,0,0,0,0,0,0,9,1,39.9828,-75.1883, , 
 ,44635,2014068011,6,67,67301,2014,6,7,2243,22,3,1,0,4,1, , ,N,1,2,0,3,0,1,2,2,N,N,39 58:30.302,75 11:42.002,2306, ,2257, ,0, ,N, ,3, , , , , ,492331, , , ,1,0,0,0,0,0,1,0,1,0,0,1,1,0,0,0,0,0,0,0,1,0,0,0,0,0,0,0,0,0,0,0,0,0,0,4,0,39.9751,-75.195, , 
 ,44636,2014084212,6,67,67301,2014,3,7,1718,17,1,1,0,0,1, , ,N,0,0,0,3,0,1,2,1,N, ,39 58:58.620,75 10:32.288,1723, ,1721, ,0, , , ,0, , , , , ,492342, , , ,1,0,1,0,0,0,0,0,0,1,0,0,1,0,0,0,0,0,0,0,0,0,0,0,0,0,0,0,0,1,0,0,0,0,0,2,0,39.9829,-75.1756, , 
 ,44637,2014088011,6,67,67301,2014,8,2,1045,10,1,1,0,4,1, , ,N,1,2,0,3,0,3,4,2,N,N,40 03:55.900,75 03:09.041,1053, ,1050, ,0, ,N, ,3, , , , , ,492347, , , ,2,2,0,0,0,0,0,0,0,0,0,1,3,2,0,0,0,0,0,0,1,0,0,0,0,0,0,0,0,0,0,0,0,0,0,4,0,40.0655,-75.0525, , 
 ,44638,2014088356,6,67,67301,2014,8,6,1655,16,1,2,1,1,1, , ,N,1,2,0,3,0,0,2,2,N, ,40 05:12.438,74 58:18.635,1736, ,1733, ,0, , , ,3, , , , , ,492348, , , ,2,1,0,0,0,0,0,1,0,0,0,0,0,0,0,0,0,0,1,0,0,0,0,2,0,0,0,0,0,0,0,0,0,0,0,0,0,40.0868,-74.9718, , 
 ,44639,2014099164,6,67,67301,2014,9,3,2210,22,3,1,0,4,1, , ,N,2,2,0,3,0,1,2,2,N,N,40 02:09.049,75 08:59.276,2211, ,2211, ,0, ,N, ,3, , , , , ,492351, , , ,1,0,0,0,0,0,1,0,1,0,0,1,1,0,0,0,0,0,0,0,0,0,0,1,0,0,0,0,0,0,0,0,0,0,0,4,0,40.0358,-75.1498, , 
 ,44640,2014104518,6,67,67301,2014,10,1,1710,17,1,1,0,6,1, , ,N,2,0,0,3,0,0,2,2,N,N,40 00:04.157,75 05:49.913,1725, ,1722, ,0, , , ,0, , , , , ,492355, , , ,2,2,0,0,0,0,0,0,0,0,0,0,0,0,0,0,0,0,0,0,0,0,0,1,0,0,0,0,0,0,0,0,0,0,0,0,0,40.0012,-75.0972, , 
 ,44641,2014110431,6,67,67301,2014,10,6,500,5,3,1,0,7,4, , ,N,0,0,0,3,0,1,1,1,N, ,40 00:45.984,75 05:14.273,509, ,507, ,0, , , ,0, , , , , ,492357, , , ,1,1,0,0,0,0,0,0,0,0,0,1,1,0,0,0,0,0,0,0,0,0,0,0,0,0,0,0,0,0,0,0,0,0,0,4,0,40.0128,-75.0873, , 
 ,44642,2014115598,6,67,67301,2014,11,3,1250,12,1,1,0,5,1, , ,N,0,2,0,3,0,1,2,2,N,N,39 56:46.478,75 09:34.263,1351, ,1349, ,0, ,N, ,1, , , , , ,492364, , , ,1,0,0,0,0,0,1,0,1,0,0,1,1,0,0,0,0,0,0,0,0,0,0,0,0,0,0,0,0,0,0,0,0,0,0,4,0,39.9462,-75.1595, , 
 ,44643,2014084481,6,67,67301,2014,6,6,819,8,1,1,0,4,1, , ,N,1,2,0,3,0,1,3,2,N,N,39 57:01.634,75 11:33.356,819, ,819, ,0, ,N, ,3, , , , , ,492369, , , ,1,1,0,0,0,0,0,0,1,0,0,0,1,1,0,0,0,0,0,0,1,0,0,0,0,0,0,0,0,0,0,0,0,0,0,8,0,39.9505,-75.1926, , 
 ,44644,2014104619,6,67,67301,2014,9,3,1830,18,1,1,0,4,1, , ,N,1,2,0,3,0,1,4,2,N, ,40 01:53.934,75 12:27.524,1845, ,1841, ,0, , , ,3, , , , , ,492384, , , ,2,2,0,0,0,0,0,0,0,0,0,0,1,1,0,0,0,0,0,0,0,1,0,0,0,0,0,0,0,0,0,0,0,0,0,8,0,40.0316,-75.2076, , 
 ,44645,2014114397,6,67,67301,2014,8,7,1000,10,1,1,0,1,6, , ,N,0,0,0,3,0,1,4,2,N,N,40 00:57.770,75 08:31.544,0, ,0, ,0, ,N, ,0, , , , , ,495250, , , ,2,1,0,0,1,0,0,0,0,0,0,0,1,1,0,0,0,0,0,0,0,0,0,0,0,0,0,0,0,0,0,0,0,0,0,8,0,40.016,-75.1421, , 
 ,44646,2014125156,6,67,67301,2014,11,2,1609,16,4,1,0,5,1, , ,N,1,2,0,3,0,1,2,2,N,N,39 55:15.755,75 13:26.897,1615, ,1612, ,0, , , ,3, , , , , ,495259, , , ,2,1,0,0,0,1,0,0,0,0,0,0,1,1,0,0,0,0,0,0,0,0,0,0,0,0,0,0,0,0,0,0,0,0,0,8,1,39.9211,-75.2242, , 