wz_ln_closure,objectid_1,crn,district,county,municipality,crash_year,crash_month,day_of_week,time_of_day,hour_of_day,illumination,weather,road_condition,collision_type,relation_to_road,work_zone_type,work_zone_loc,work_zone_ind,intersect_type,tcd_type,location_type,urban_rural,fatal_count,injury_count,person_count,total_units,sch_bus_ind,sch_zone_ind,latitude,longitude,arrival_tm,cons_zone_spd_lim,dispatch_tm,est_hrs_closed,lane_closed,ln_close_dir,ntfy_hiwy_maint,spec_juris_cd,tcd_func_cd,tfc_detour_ind,workers_pres,wz_close_detour,wz_flagger,wz_law_offcr_ind,objectid,wz_moving,wz_other,wz_shlder_mdn,vehicle_count,automobile_count,motorcycle_count,bus_count,small_truck_count,heavy_truck_count,suv_count,van_count,bicycle_count,maj_inj_count,mod_inj_count,min_inj_count,tot_inj_count,unk_inj_deg_count,unk_inj_per_count,driver_count_16yr,driver_count_17yr,driver_count_18yr,driver_count_19yr,driver_count_20yr,driver_count_50_64yr,driver_count_65_74yr,driver_count_75plus,unbelted_occ_count,unb_death_count,unb_maj_inj_count,belted_death_count,belted_maj_inj_count,mcycle_death_count,mcycle_maj_inj_count,bicycle_death_count,bicycle_maj_inj_count,ped_count,ped_death_count,ped_maj_inj_count,max_severity_level,comm_veh_count,dec_lat,dec_long,rdwy_surf_type_cd,county_name
 ,44647,2014109434,6,67,67301,2014,9,2,36,0,3,1,0,4,1, , ,N,1,2,0,3,0,4,4,4,N,N,40 00:20.422,75 06:03.912,36, ,36,4,2,6,N, ,3,Y, , , , ,495275, , , ,4,3,0,0,0,0,1,0,0,2,0,2,4,0,0,0,0,0,0,0,0,0,0,3,0,2,0,0,0,0,0,0,0,0,0,2,0,40.0057,-75.1011, , 
 ,44648,2014111496,6,67,67301,2014,10,2,1415,14,1,1,0,4,1, , ,N,1,2,0,3,0,1,4,4,N,N,40 03:42.317,75 03:21.839,1420, ,1417, ,0, ,N, ,3, , , , , ,495279, , , ,4,1,0,0,0,0,2,1,0,0,0,0,1,1,0,0,0,0,0,0,2,1,0,0,0,0,0,0,0,0,0,0,0,0,0,8,0,40.0618,-75.0561, , 
 ,44649,2014113322,6,67,67301,2014,10,4,1705,17,4,2,1,6,1, , ,N,0,0,0,3,0,0,3,2,N,N,40 03:47.039,75 12:01.474,1751, ,1727, ,0, ,N, ,0, , , , , ,495283, , , ,2,1,0,0,0,0,1,0,0,0,0,0,0,0,0,0,0,0,0,1,0,0,0,0,0,0,0,0,0,0,0,0,0,0,0,0,0,40.0631,-75.2004, , 
 ,44650,2014126941,6,67,67301,2014,11,5,2221,22,2,1,0,4,1, , ,N,1,2,0,3,0,1,5,2,N, ,40 00:35.522,75 09:21.676,2230, ,2227, ,0, , , ,3, , , , , ,495289, , , ,2,0,0,0,0,0,2,0,0,0,0,0,1,1,4,0,0,0,0,0,1,0,0,5,0,0,0,0,0,0,0,0,0,0,0,8,0,40.0099,-75.156, , 
 ,44651,2015029926,6,67,67301,2014,10,4,1005,10,1,1,0,4,1, , ,N,1,2,0,3,0,1,2,2,N,N,39 57:11.367,75 09:11.303,0, ,0, ,0, ,N, ,3, , , , , ,495295, , , ,2,0,0,1,0,0,0,0,0,0,0,0,1,1,0,0,0,0,0,0,0,0,0,0,0,0,0,0,0,0,0,0,0,0,0,8,1,39.9532,-75.1531, , 
 ,44652,2014083077,6,67,67301,2014,6,6,1002,10,1,1,0,1,1, , ,N,1,2,0,3,0,1,2,2,N, ,40 01:44.574,75 06:01.934,1009, ,1005,1,1,2, , ,3,N, , , , ,495323, , , ,2,1,1,0,0,0,0,0,0,0,0,0,1,1,0,0,0,0,0,0,0,0,0,0,0,0,0,0,0,0,0,0,0,0,0,8,0,40.029,-75.1005, , 
 ,44653,2014120256,6,67,67301,2014,11,7,1453,14,1,1,0,4,1, , ,N,1,2,0,3,0,2,2,2,N, ,40 04:38.723,75 10:31.829,1503, ,1458,2,2,1, , ,1,Y, , , , ,495349, , , ,2,2,0,0,0,0,0,0,0,0,2,0,2,0,0,0,0,0,0,0,0,0,0,0,0,0,0,0,0,0,0,0,0,0,0,3,0,40.0774,-75.1755, , 
 ,44654,2014127501,6,67,67301,2014,8,2,1135,11,1,1,0,8,1, , ,N,0,0,0,3,0,1,4,2,N, ,39 58:01.844,75 09:55.540,1136, ,1135, ,0, , , ,0, , , , , ,495353, , , ,1,0,0,0,0,1,0,0,0,0,0,1,1,0,0,0,0,0,0,0,0,0,0,0,0,0,0,0,0,0,0,0,1,0,0,4,1,39.9672,-75.1654, , 
 ,44655,2015003953,6,67,67301,2014,12,7,1116,11,1,1,0,1,1, , ,N,0,0,0,3,0,0,2,2,N,N,39 57:27.393,75 08:28.796,1125, ,1116, ,0, ,N, ,0, , , , , ,495356, , , ,2,2,0,0,0,0,0,0,0,0,0,0,0,0,0,0,0,0,0,0,0,0,0,0,0,0,0,0,0,0,0,0,0,0,0,0,0,39.9576,-75.1413, , 
 ,44656,2014131797,6,67,67301,2014,12,3,1500,15,1,1,0,1,1, , ,N,0,0,0,3,0,1,2,2,N,N,40 06:43.033,74 59:27.342,1510, ,1505,1,1,1,N, ,0,N, , , , ,495377, , , ,2,1,0,0,0,0,1,0,0,0,0,1,1,0,0,0,0,0,0,0,0,0,0,2,0,0,0,0,0,0,0,0,0,0,0,4,0,40.112,-74.9909, , 
 ,44657,2015006124,6,67,67301,2014,12,6,2212,22,3,1,0,1,1, , ,N,0,0,1,3,0,3,5,3,N, ,40 01:11.241,75 08:55.822,2215, ,2215,2,1,2, , ,0,N, , , , ,495383, , , ,3,2,0,0,0,0,1,0,0,0,0,2,3,1,0,0,0,0,0,0,0,0,0,0,0,0,0,0,0,0,0,0,0,0,0,4,0,40.0198,-75.1488, , 
 ,44658,2014104409,6,67,67301,2014,10,2,1219,12,1,1,0,4,1, , ,N,1,2,0,3,0,0,2,2,N,N,39 56:03.465,75 09:02.912,1237, ,1235,2,1,3,N, ,3,N, , , , ,495393, , , ,2,1,0,0,0,0,0,1,0,0,0,0,0,0,0,0,0,0,0,0,1,0,0,0,0,0,0,0,0,0,0,0,0,0,0,0,0,39.9343,-75.1508, , 
 ,44659,2014105076,6,67,67301,2014,10,3,1630,16,1,1,0,1,1, , ,N,0,0,0,3,0,0,3,3,N,N,40 00:28.106,75 12:07.050,1641, ,1631,1,2,3,N, ,0,N, , , , ,495395, , , ,3,2,0,0,0,0,1,0,0,0,0,0,0,0,0,0,0,0,0,0,1,0,0,0,0,0,0,0,0,0,0,0,0,0,0,0,0,40.0078,-75.202, , 
 ,44660,2014115603,6,67,67301,2014,11,3,1730,17,3,1,0,4,1, , ,N,3,3,0,3,0,3,3,2,N,N,39 58:53.950,75 13:34.463,1742, ,1732,9,2,3, , ,3,Y, , , , ,495399, , , ,2,2,0,0,0,0,0,0,0,0,0,3,3,0,0,0,0,0,0,0,1,1,0,0,0,0,0,0,0,0,0,0,0,0,0,4,0,39.9817,-75.2262, , 
 ,44661,2015003340,6,67,67301,2014,12,7,1225,12,1,1,0,4,1, , ,N,5,3,0,3,0,0,3,2,N,N,39 58:35.875,75 08:30.026,1235, ,1230,1,1,3,N, ,3,N, , , , ,495414, , , ,2,2,0,0,0,0,0,0,0,0,0,0,0,0,0,0,0,0,0,0,1,0,0,0,0,0,0,0,0,0,0,0,0,0,0,0,0,39.9766,-75.1417, , 
 ,44662,2015018977,6,67,67301,2014,6,1,2130,21,3,1,0,4,1, , ,N,3,2,2,3,0,1,3,2,N, ,40 01:22.204,75 02:01.017,20, ,11, ,0, , , ,3, , , , , ,495416, , , ,2,1,1,0,0,0,0,0,0,1,0,0,1,0,0,0,0,0,0,0,0,0,0,0,0,0,0,0,0,1,0,0,0,0,0,2,0,40.0228,-75.0336, , 
 ,44663,2014095936,6,67,67301,2014,9,7,2157,21,3,1,0,1,1, , ,N,0,0,0,3,0,5,7,3,N,N,40 03:46.064,75 03:18.782,2158, ,2157, ,0, ,N, ,0, , , , , ,497878, , , ,3,1,0,0,0,0,2,0,0,0,0,0,5,5,2,0,0,0,0,0,0,0,0,0,0,0,0,0,0,0,0,0,0,0,0,8,0,40.0628,-75.0552, , 
 ,44664,2014093385,6,67,67301,2014,9,4,715,7,1,1,0,7,1, , ,N,0,2,3,3,0,1,1,1,N,N,39 57:34.313,75 10:51.460,715, ,715,1,1,3,N, ,3,N, , , , ,497887, , , ,1,1,0,0,0,0,0,0,0,0,1,0,1,0,0,0,0,0,0,0,0,1,0,0,0,0,0,0,0,0,0,0,0,0,0,3,0,39.9595,-75.181, , 
 ,44665,2014106792,6,67,67301,2014,10,3,1520,15,1,1,0,1,1, , ,N,0,0,0,3,0,1,2,2,N, ,39 57:03.416,75 09:01.154,1530, ,1530, ,0, , , ,0, , , , , ,497903, , , ,1,0,0,1,0,0,0,0,1,0,0,1,1,0,0,0,0,0,0,0,0,0,0,0,0,0,0,0,0,0,0,0,0,0,0,4,1,39.9509,-75.1503, , 
 ,44666,2014127616,6,67,67301,2014,12,5,709,7,1,1,6,7,2, , ,N,0,0,2,3,0,0,6,5,N,N,40 02:50.224,74 59:56.628,709, ,709,1,1,1,N, ,0,N, , , , ,497916, , , ,5,4,0,0,0,0,1,0,0,0,0,0,0,0,0,0,0,0,0,0,0,0,0,0,0,0,0,0,0,0,0,0,0,0,0,0,0,40.0473,-74.9991, , 
 ,44667,2015002682,6,67,67301,2014,12,5,855,8,1,1,0,5,6, , ,N,0,0,0,3,0,0,2,6,N,N,39 55:26.916,75 10:36.709,900, ,858,9,1,4,N, ,0,N, , , , ,497920, , , ,6,4,0,0,0,0,1,1,0,0,0,0,0,0,0,0,0,0,0,0,0,1,0,0,0,0,0,0,0,0,0,0,0,0,0,0,0,39.9241,-75.1769, , 
 ,44668,2015006666,6,67,67301,2014,12,3,1815,18,1,2,1,4,1, , ,N,5,2,0,3,0,1,3,2,N,N,40 02:07.511,75 04:10.636,1822, ,1819,1,1,2,N, ,3,N, , , , ,497923, , , ,2,1,0,0,0,0,0,1,0,0,0,0,1,1,0,0,0,0,0,0,1,0,0,0,0,0,0,0,0,0,0,0,0,0,0,8,0,40.0354,-75.0696, , 
 ,44669,2014120302,6,67,67301,2014,11,3,1800,18,3,1,0,8,1, , ,N,1,2,0,3,0,1,2,2,N,N,39 56:46.615,75 10:42.045,1810, ,1804, ,0, , , ,3, , , , , ,497929, , , ,1,1,0,0,0,0,0,0,0,0,0,1,1,0,0,0,0,0,0,0,0,0,0,0,0,0,0,0,0,0,0,0,1,0,0,4,0,39.9463,-75.1783, , 
 ,44670,2014121446,6,67,67301,2014,11,4,930,9,1,1,0,4,1, , ,N,1,2,0,3,0,1,3,2,N, ,40 03:15.344,75 03:47.239,945, ,930, ,0, , , ,3, , , , , ,497935, , , ,2,0,0,0,0,0,2,0,0,0,0,0,1,1,0,0,0,0,0,0,0,1,0,0,0,0,0,0,0,0,0,0,0,0,0,8,0,40.0543,-75.0631, , 
 ,44671,2014125042,6,67,67301,2014,11,4,1715,17,1,1,0,4,1, , ,N,0,0,7,3,0,1,3,2,N,N,39 59:40.161,75 14:06.812,1720, ,1715, ,0, ,N, ,0, , , , , ,497941, , , ,2,2,0,0,0,0,0,0,0,0,0,1,1,0,0,0,0,0,1,0,0,0,0,0,0,0,0,0,0,0,0,0,0,0,0,4,0,39.9945,-75.2352, , 
Y,44672,2014127420,6,67,67301,2014,11,2,1802,18,3,1,0,4,1,1,4,Y,1,2,0,3,0,2,2,2,N,N,39 57:18.608,75 11:54.435,1804,30,1802,2,2,1,N, ,3,Y,N,U,U,N,497945,U,U,Y,2,1,0,0,0,0,1,0,0,0,2,0,2,0,0,0,0,0,0,0,2,0,0,0,0,0,0,0,0,0,0,0,0,0,0,3,0,39.9552,-75.1983, , 
 ,44673,2014130428,6,67,67301,2014,12,5,1820,18,3,1,0,4,1, , ,N,1,3,0,3,0,1,2,2,N,N,40 04:05.455,75 10:26.738,1832, ,1832, ,0, ,N, ,3, , , , , ,497947, , , ,2,1,0,0,0,0,1,0,0,0,1,0,1,0,0,0,0,0,0,0,1,0,0,0,0,0,0,0,0,0,0,0,0,0,0,3,0,40.0682,-75.1741, , 
 ,44674,2014129483,6,67,67301,2014,12,6,2335,23,3,1,0,7,5, , ,N,0,0,0,3,0,0,1,1,N,N,39 58:01.212,75 08:00.728,2335, ,2335,1,2,1,N, ,0,N, , , , ,497962, , , ,1,1,0,0,0,0,0,0,0,0,0,0,0,0,0,0,0,0,0,0,0,0,0,0,0,0,0,0,0,0,0,0,0,0,0,0,0,39.967,-75.1335, , 
 ,44675,2014130467,6,67,67301,2014,12,6,1520,15,1,1,0,4,1, , ,N,1,3,0,3,0,1,3,2,N,N,39 57:53.172,75 10:27.371,1544, ,1540, ,0, ,N, ,3, , , , , ,497989, , , ,2,1,0,0,0,0,1,0,0,0,0,0,1,1,0,0,0,0,0,0,0,0,0,0,0,0,0,0,0,0,0,0,0,0,0,8,0,39.9648,-75.1743, , 
 ,44676,2015020580,6,67,67301,2014,1,5,1215,12,1,1,0,3,1, , ,N,0,0,7,3,0,1,2,2,N,N,39 55:04.373,75 10:48.520,1230, ,1224, ,0, ,N, ,0, , , , , ,497994, , , ,2,0,1,0,0,0,1,0,0,0,0,1,1,0,0,0,0,0,0,0,0,1,0,0,0,0,0,0,0,0,0,0,0,0,0,4,0,39.9179,-75.1801, , 
 ,44677,2014127504,6,67,67301,2014,12,3,1650,16,4,2,1,4,1, , ,N,2,3,0,3,0,0,2,2,N,N,40 01:38.809,75 09:13.741,1650, ,1639,9,1,2,N, ,3,N, , , , ,498002, , , ,2,1,0,0,0,0,1,0,0,0,0,0,0,0,1,0,0,0,0,0,1,0,0,0,0,0,0,0,0,0,0,0,0,0,0,9,0,40.0274,-75.1538, , 
 ,44678,2014088036,6,67,67301,2014,8,6,720,7,1,1,0,8,1, , ,N,5,2,0,3,0,1,2,2,N,N,39 59:56.641,75 06:31.521,730, ,726, ,0, ,N, ,3, , , , , ,498011, , , ,1,1,0,0,0,0,0,0,0,0,1,0,1,0,1,0,0,0,0,0,0,0,0,0,0,0,0,0,0,0,0,0,1,0,0,3,0,39.9991,-75.1088, , 
 ,44679,2014089044,6,67,67301,2014,8,1,2050,20,3,1,0,4,1, , ,N,1,2,0,3,0,0,2,2,N, ,40 00:03.096,75 06:37.169,2100, ,2100, ,0, ,N, ,3, , , , , ,498013, , , ,2,1,0,0,0,0,0,1,0,0,0,0,0,0,0,0,0,0,0,0,0,0,0,0,0,0,0,0,0,0,0,0,0,0,0,0,0,40.0009,-75.1103, , 
 ,44680,2014093547,6,67,67301,2014,9,5,1647,16,1,1,0,8,1, , ,N,2,3,0,3,0,1,3,2,N,N,40 02:57.292,75 12:01.346,1700, ,1655, ,0, , , ,3, , , , , ,498020, , , ,1,1,0,0,0,0,0,0,0,0,0,1,1,0,0,0,0,0,0,0,0,0,0,2,0,0,0,0,0,0,0,0,1,0,0,4,0,40.0492,-75.2004, , 
 ,44681,2014049641,6,67,67301,2014,4,2,1400,14,1,1,0,1,1, , ,N,0,0,0,3,0,3,4,2,N, ,39 55:37.474,75 13:24.216,1718, ,1717, ,0, , , ,0, , , , , ,489600, , , ,2,2,0,0,0,0,0,0,0,0,0,1,3,2,0,0,0,0,0,0,0,0,0,0,0,0,0,0,0,0,0,0,0,0,0,4,0,39.9271,-75.2234, , 
 ,44682,2014049881,6,67,67301,2014,4,6,805,8,1,1,0,8,1, , ,N,0,0,0,3,0,1,3,2,N,N,40 03:26.048,75 05:17.159,808, ,808,1,1,2,N, ,0,N, , , , ,489601, , , ,1,1,0,0,0,0,0,0,0,0,0,1,1,0,0,0,1,0,0,0,0,0,0,0,0,0,0,0,0,0,0,0,1,0,0,4,0,40.0572,-75.0881, , 
 ,44683,2014121478,6,67,67301,2014,11,1,1829,18,2,2,8,6,1, , ,N,0,0,0,3,0,0,3,2,N, ,39 59:48.346,75 09:09.617,1829, ,1829, ,0, , , ,0, , , , , ,489627, , , ,2,0,0,0,1,0,1,0,0,0,0,0,0,0,0,0,0,0,0,0,0,0,0,2,0,0,0,0,0,0,0,0,0,0,0,0,0,39.9968,-75.1527, , 
 ,44684,2014130509,6,67,67301,2014,12,4,1040,10,1,1,0,5,1, , ,N,1,2,0,3,0,1,4,2,N,N,39 55:35.601,75 10:01.358,1045, ,1040, ,0, ,N, ,3, , , , , ,489635, , , ,1,1,0,0,0,0,0,0,1,0,0,0,1,1,0,0,0,0,0,0,1,0,0,0,0,0,0,0,0,0,0,0,0,0,0,8,0,39.9266,-75.167, , 
 ,44685,2015003309,6,67,67301,2014,12,4,2240,22,3,1,0,4,1, , ,N,1,2,0,3,0,0,2,2,N,N,39 57:23.109,75 09:52.045,2307, ,2304, ,0, ,N, ,3, , , , , ,489640, , , ,2,1,0,0,0,0,1,0,0,0,0,0,0,0,1,0,0,0,0,0,0,0,0,0,0,0,0,0,0,0,0,0,0,0,0,9,0,39.9564,-75.1645, , 
 ,44686,2014112879,6,67,67301,2014,11,3,1519,15,1,1,0,1,1, , ,N,0,0,0,3,0,0,3,3,N,N,39 56:54.761,75 11:08.276,1526, ,1520, ,0, ,N, ,0, , , , , ,489651, , , ,3,2,0,0,0,0,1,0,0,0,0,0,0,0,0,0,0,0,0,0,1,0,0,0,0,0,0,0,0,0,0,0,0,0,0,0,0,39.9485,-75.1856, , 
 ,44687,2014116189,6,67,67301,2014,11,7,316,3,3,1,0,7,2, , ,N,0,0,0,3,0,1,1,1,N,N,39 57:20.292,75 10:50.333,330, ,318,2,1,4,Y, ,0,N, , , , ,489653, , , ,1,0,0,0,0,0,1,0,0,0,0,1,1,0,0,0,0,0,0,0,0,0,0,0,0,0,0,0,0,0,0,0,0,0,0,4,0,39.9556,-75.1806, , 
N,44688,2014122125,6,67,67301,2014,12,4,1430,14,8,2,1,5,1,1,2,Y,0,0,0,3,0,1,2,2,N,N,40 02:12.368,75 00:53.309,1539,45,1506, ,0, ,N, ,0, ,N,N,N,N,489656,N,Y,N,2,1,0,0,1,0,0,0,0,0,0,0,1,1,0,0,0,0,0,1,0,0,0,0,0,0,0,0,0,0,0,0,0,0,0,8,0,40.0368,-75.0148, , 
 ,44689,2014122404,6,67,67301,2014,11,1,9999,99,1,1,0,7,4, , ,N,0,0,1,3,0,1,2,1,N, ,39 55:16.758,75 11:26.266,945, ,930, ,0, , , ,0, , , , , ,489657, , , ,1,1,0,0,0,0,0,0,0,0,0,1,1,0,0,0,0,0,0,1,0,0,0,1,0,0,0,0,0,0,0,0,0,0,0,4,0,39.9213,-75.1906, , 
 ,44690,2014124579,6,67,67301,2014,12,3,342,3,3,2,7,5,1, , ,N,2,0,0,3,0,3,3,3,N,N,39 59:35.013,75 05:06.819,348, ,345,3,2,2,N, ,0,N, , , , ,489659, , , ,3,3,0,0,0,0,0,0,0,0,0,0,3,3,0,0,0,0,1,0,0,0,0,0,0,0,0,0,0,0,0,0,0,0,0,8,0,39.9931,-75.0852, , 
 ,44691,2014129889,6,67,67301,2014,11,2,800,8,1,2,1,8,1, , ,N,1,2,0,3,0,1,2,2,N, ,40 02:11.789,75 03:52.061,828, ,820, ,0, , , ,3, , , , , ,489666, , , ,1,0,0,0,1,0,0,0,0,0,1,0,1,0,0,0,0,0,0,0,0,0,0,0,0,0,0,0,0,0,0,0,1,0,0,3,0,40.0366,-75.0645, , 
 ,44692,2014104438,6,67,67301,2014,9,6,1530,15,1,1,0,8,1, , ,N,0,0,0,3,0,1,3,2,N,N,40 02:04.817,75 03:49.839,1542, ,1536,3,1,1,N, ,0,N, , , , ,489677, , , ,1,1,0,0,0,0,0,0,0,0,0,0,1,1,0,0,0,0,0,0,1,0,0,0,0,0,0,0,0,0,0,0,1,0,0,8,0,40.0347,-75.0638, , 
 ,44693,2014112643,6,67,67301,2014,6,5,925,9,1,2,1,1,1, , ,N,1,2,0,3,0,1,2,2,N,N,40 04:36.380,75 01:58.776,0, ,0, ,0, ,N, ,3, , , , , ,489689, , , ,2,2,0,0,0,0,0,0,0,0,0,1,1,0,0,0,0,0,0,0,0,0,0,1,0,0,0,0,0,0,0,0,0,0,0,4,0,40.0766,-75.0329, , 
 ,44694,2014113441,6,67,67301,2014,10,3,1230,12,1,1,0,4,1, , ,N,1,2,0,3,0,1,3,2,N,N,40 01:54.428,75 05:07.226,1303, ,1240,1,1,2,N, ,3,N, , , , ,489690, , , ,2,0,0,0,0,0,1,1,0,0,0,0,1,1,0,0,0,0,0,0,1,0,0,0,0,0,0,0,0,0,0,0,0,0,0,8,0,40.0318,-75.0853, , 
 ,44695,2014113259,6,67,67301,2014,10,6,1740,17,3,1,0,8,1, , ,N,0,2,0,3,0,1,2,2,N, ,39 59:34.121,75 08:43.446,1815, ,1801, ,0, , , ,3, , , , , ,489705, , , ,1,0,0,0,0,0,0,0,0,0,0,1,1,0,1,0,0,0,0,0,0,0,0,0,0,0,0,0,0,0,0,0,1,0,0,4,0,39.9928,-75.1454, , 
 ,44696,2014113276,6,67,67301,2014,10,6,1905,19,3,1,0,8,1, , ,N,1,2,0,3,0,1,2,2,N,N,40 01:53.630,75 12:46.938,1910, ,1905, ,0, ,N, ,3, , , , , ,489706, , , ,1,0,0,0,0,0,1,0,0,0,0,1,1,0,0,0,0,0,0,0,0,0,0,0,0,0,0,0,0,0,0,0,1,0,0,4,0,40.0316,-75.213, , 
 ,44697,2014076404,6,67,67301,2014,8,2,1017,10,1,1,0,1,1, , ,N,0,0,0,3,0,2,3,2,N,N,40 00:27.905,75 12:06.476,1022, ,1017,1,1,3,N, ,0,N, , , , ,489721, , , ,2,1,0,0,1,0,0,0,0,1,0,1,2,0,0,0,0,0,0,0,0,0,0,0,0,0,0,1,0,0,0,0,0,0,0,2,0,40.0078,-75.2018, , 
 ,44698,2014087910,6,67,67301,2014,8,1,225,2,3,1,0,5,6, , ,N,0,0,0,3,0,0,1,2,N,N,40 00:27.885,75 09:23.079,230, ,227, ,0, ,N, ,0, , , , , ,489726, , , ,2,0,0,0,0,1,1,0,0,0,0,0,0,0,0,0,0,0,0,0,0,0,0,0,0,0,0,0,0,0,0,0,0,0,0,0,0,40.0077,-75.1564, , 
 ,44699,2014120253,6,67,67301,2014,11,1,1705,17,3,1,1,4,1, , ,N,1,3,0,3,0,2,3,2,N,N,39 57:17.208,75 13:55.430,1707, ,1705, ,0, ,N, ,3, , , , , ,492395, , , ,2,2,0,0,0,0,0,0,0,0,0,0,2,2,0,0,0,0,0,0,0,1,0,0,0,0,0,0,0,0,0,0,0,0,0,8,0,39.9548,-75.2321, , 
 ,44700,2014120441,6,67,67301,2014,11,2,1348,13,1,1,0,7,4, , ,N,7,0,2,3,0,1,1,1,N,N,39 57:34.053,75 10:50.657,1359, ,1353, ,0, ,Y, ,0, , , , , ,492396, , , ,1,0,0,0,0,0,1,0,0,0,0,1,1,0,0,0,0,0,0,0,0,0,1,1,0,0,0,0,0,0,0,0,0,0,0,4,0,39.9595,-75.1807, , 
 ,44701,2014120292,6,67,67301,2014,11,1,1440,14,1,1,0,1,1, , ,N,1,2,0,3,0,2,3,2,N,N,39 55:07.618,75 11:09.725,1453, ,1444, ,0, , , ,3, , , , , ,492428, , , ,2,1,0,0,0,0,1,0,0,0,1,0,2,1,0,0,0,0,0,0,1,0,0,2,0,0,0,0,0,0,0,0,0,0,0,3,0,39.9188,-75.186, , 
 ,44702,2014122464,6,67,67301,2014,11,6,1758,17,3,1,0,4,1, , ,N,5,2,0,3,0,2,3,2,N, ,39 59:17.415,75 08:46.215,1800, ,1800, ,0, , , ,3, , , , , ,492434, , , ,2,1,0,0,0,0,1,0,0,0,0,1,2,1,0,0,0,0,0,0,0,1,0,1,0,0,0,0,0,0,0,0,0,0,0,4,0,39.9882,-75.1462, , 
 ,44703,2014127443,6,67,67301,2014,12,1,200,2,3,2,1,7,4, , ,N,0,0,0,3,0,1,1,1,N,N,39 58:50.663,75 11:54.703,205, ,203, ,0, ,N, ,0, , , , , ,492441, , , ,1,1,0,0,0,0,0,0,0,0,0,1,1,0,0,0,0,0,0,0,0,0,0,0,0,0,0,0,0,0,0,0,0,0,0,4,0,39.9807,-75.1985, , 
 ,44704,2015002767,6,67,67301,2014,12,2,1915,19,3,1,0,8,1, , ,N,2,0,0,3,0,1,2,2,N,N,40 02:39.523,75 08:58.732,1925, ,1920, ,0, ,N, ,0, , , , , ,492448, , , ,1,1,0,0,0,0,0,0,0,0,1,0,1,0,0,0,0,0,0,0,0,0,0,0,0,0,0,0,0,0,0,0,1,0,0,3,0,40.0443,-75.1496, , 
 ,44705,2015020712,6,67,67301,2014,10,2,1642,16,1,1,0,4,1, , ,N,2,0,0,3,0,1,2,2,N,N,40 00:59.152,75 12:38.052,1645, ,1643, ,0, ,N, ,0, , , , , ,492449, , , ,2,0,1,0,0,0,1,0,0,1,0,0,1,0,0,0,0,0,0,0,1,0,0,0,0,0,0,0,0,1,0,0,0,0,0,2,0,40.0164,-75.2106, , 
 ,44706,2014125078,6,67,67301,2014,11,1,9999,99,1,1,0,4,1, , ,N,1,2,0,3,0,1,3,2,N, ,39 59:14.726,75 13:56.711,931, ,929, ,0, , , ,3, , , , , ,492469, , , ,2,2,0,0,0,0,0,0,0,0,0,1,1,0,0,0,0,0,0,1,1,0,0,0,0,0,0,0,0,0,0,0,0,0,0,4,0,39.9874,-75.2324, , 
 ,44707,2014127494,6,67,67301,2014,12,7,529,5,3,1,1,4,1, , ,N,0,0,0,3,0,2,2,2,N,N,40 02:53.860,75 08:33.381,548, ,542, ,0, ,N, ,0, , , , , ,492475, , , ,2,2,0,0,0,0,0,0,0,0,1,1,2,0,0,0,0,0,1,0,1,0,0,0,0,0,0,0,0,0,0,0,0,0,0,3,0,40.0483,-75.1426, , 
 ,44708,2014068164,6,67,67301,2014,6,5,1800,18,1,1,0,4,1, , ,N,1,3,0,3,0,3,5,2,N,N,39 59:18.578,75 08:12.530,1810, ,1800, ,0, , , ,3, , , , , ,492490, , , ,2,2,0,0,0,0,0,0,0,0,0,3,3,0,0,0,0,0,0,1,0,0,0,0,0,0,0,0,0,0,0,0,0,0,0,4,0,39.9885,-75.1368, , 
 ,44709,2014124460,6,67,67301,2014,11,1,2350,23,3,1,0,1,1, , ,N,0,0,0,3,0,1,2,2,N,N,40 04:56.974,75 00:00.266,2359, ,2353, ,0, ,N, ,0, , , , , ,492519, , , ,2,2,0,0,0,0,0,0,0,0,0,1,1,0,0,0,0,0,0,0,2,0,0,0,0,0,0,0,0,0,0,0,0,0,0,4,0,40.0825,-75.0001, , 
 ,44710,2014121469,6,67,67301,2014,7,6,1120,11,1,1,0,8,5, , ,N,0,2,0,3,4,3,7,5,N,N,40 00:04.238,75 08:53.693,1210, ,1145,6,2,7,N,0,3,Y, , , , ,492531, , , ,1,0,0,0,0,0,1,0,0,0,0,3,3,0,0,0,0,0,0,0,0,0,0,3,0,0,0,0,0,0,0,0,4,4,0,1,0,40.0012,-75.1482,2, 
 ,44711,2014124449,6,67,67301,2014,11,2,945,9,1,1,0,8,1, , ,N,1,3,0,3,0,1,2,2,N,N,39 58:40.872,75 16:13.072,1040, ,1033, ,0, ,N, ,3, , , , , ,492532, , , ,1,1,0,0,0,0,0,0,0,0,0,1,1,0,0,0,0,0,0,0,0,1,0,0,0,0,0,0,0,0,0,0,1,0,0,4,0,39.978,-75.2703, , 
 ,44712,2015030500,6,67,67301,2014,11,4,1610,16,1,1,0,5,1, , ,N,1,2,0,3,0,1,2,2,N,N,40 00:54.079,75 08:06.611,0, ,0, ,0, ,N, ,3, , , , , ,492541, , , ,2,0,0,0,0,0,1,0,0,0,0,0,1,1,0,0,0,0,0,0,1,0,0,0,0,0,0,0,0,0,0,0,0,0,0,8,0,40.015,-75.1352, , 