wz_ln_closure,objectid_1,crn,district,county,municipality,crash_year,crash_month,day_of_week,time_of_day,hour_of_day,illumination,weather,road_condition,collision_type,relation_to_road,work_zone_type,work_zone_loc,work_zone_ind,intersect_type,tcd_type,location_type,urban_rural,fatal_count,injury_count,person_count,total_units,sch_bus_ind,sch_zone_ind,latitude,longitude,arrival_tm,cons_zone_spd_lim,dispatch_tm,est_hrs_closed,lane_closed,ln_close_dir,ntfy_hiwy_maint,spec_juris_cd,tcd_func_cd,tfc_detour_ind,workers_pres,wz_close_detour,wz_flagger,wz_law_offcr_ind,objectid,wz_moving,wz_other,wz_shlder_mdn,vehicle_count,automobile_count,motorcycle_count,bus_count,small_truck_count,heavy_truck_count,suv_count,van_count,bicycle_count,maj_inj_count,mod_inj_count,min_inj_count,tot_inj_count,unk_inj_deg_count,unk_inj_per_count,driver_count_16yr,driver_count_17yr,driver_count_18yr,driver_count_19yr,driver_count_20yr,driver_count_50_64yr,driver_count_65_74yr,driver_count_75plus,unbelted_occ_count,unb_death_count,unb_maj_inj_count,belted_death_count,belted_maj_inj_count,mcycle_death_count,mcycle_maj_inj_count,bicycle_death_count,bicycle_maj_inj_count,ped_count,ped_death_count,ped_maj_inj_count,max_severity_level,comm_veh_count,dec_lat,dec_long,rdwy_surf_type_cd,county_name
 ,44912,2014101509,6,67,67301,2014,10,1,1106,11,1,1,0,1,1, , ,N,0,0,0,3,0,2,5,4,N,N,39 53:59.851,75 09:36.023,1110, ,1106,1,2,1,N, ,0,Y, , , , ,490172, , , ,4,3,0,0,1,0,0,0,0,0,0,0,2,2,0,0,0,0,0,0,1,0,0,0,0,0,0,0,0,0,0,0,0,0,0,8,0,39.9,-75.16, , 
 ,44913,2014104996,6,67,67301,2014,10,6,1740,17,4,1,0,4,1, , ,N,1,2,0,3,0,3,5,2,N,N,39 59:34.672,75 13:03.324,1749, ,1743, ,0, ,N, ,3, , , , , ,490176, , , ,2,0,0,0,0,0,1,1,0,0,0,3,3,0,0,0,0,0,0,0,1,0,0,0,0,0,0,0,0,0,0,0,0,0,0,4,0,39.993,-75.2176, , 
 ,44914,2014117620,6,67,67301,2014,11,3,9999,99,1,1,0,1,1, , ,N,3,2,0,3,0,1,3,3,N, ,40 05:13.428,75 02:26.887,636, ,633,2,1,4, , ,3,N, , , , ,490190, , , ,3,1,0,0,0,0,2,0,0,0,0,1,1,0,0,0,0,0,0,0,1,0,0,0,0,0,0,0,0,0,0,0,0,0,0,4,0,40.0871,-75.0408, , 
 ,44915,2014125118,6,67,67301,2014,11,5,330,3,3,1,1,5,6, , ,N,0,0,0,3,0,0,1,2,N,N,39 56:38.396,75 09:00.802,338, ,335, ,0, ,N, ,0, , , , , ,490197, , , ,2,1,0,0,0,0,1,0,0,0,0,0,0,0,0,0,0,0,0,0,0,0,0,0,0,0,0,0,0,0,0,0,0,0,0,0,0,39.944,-75.1502, , 
 ,44916,2014125005,6,67,67301,2014,11,7,1904,19,3,1,0,4,1, , ,N,1,3,0,3,0,2,3,2,N,N,39 59:20.788,75 09:12.225,1915, ,1908, ,0, ,N, ,3, , , , , ,490207, , , ,2,1,0,0,0,0,1,0,0,0,0,2,2,0,0,0,0,0,0,0,1,0,1,2,0,0,0,0,0,0,0,0,0,0,0,4,0,39.9891,-75.1534, , 
 ,44917,2014095934,6,67,67301,2014,9,1,1200,12,1,1,0,4,1, , ,N,0,0,0,3,0,1,5,2,N,N,40 02:40.074,75 08:58.680,1221, ,1228, ,0, ,N, ,0, , , , , ,492974, , , ,2,1,0,0,0,0,1,0,0,0,0,1,1,0,0,0,0,0,0,0,0,1,0,0,0,0,0,0,0,0,0,0,0,0,0,4,0,40.0445,-75.1496, , 
 ,44918,2014095975,6,67,67301,2014,9,3,20,0,3,1,0,1,1, , ,N,0,0,0,3,0,0,1,2,N,N,40 00:42.479,75 05:17.575,39, ,29, ,0, ,N, ,0, , , , , ,492975, , , ,2,1,0,0,0,0,1,0,0,0,0,0,0,0,0,0,0,0,0,0,0,0,0,1,0,0,0,0,0,0,0,0,0,0,0,0,0,40.0118,-75.0882, , 
 ,44919,2014095983,6,67,67301,2014,9,2,1100,11,1,1,0,4,1, , ,N,1,2,0,3,0,0,2,2,N,N,39 57:08.527,75 08:48.441,1107, ,1104, ,0, ,N, ,3, , , , , ,492976, , , ,2,2,0,0,0,0,0,0,0,0,0,0,0,0,0,0,0,0,0,0,0,0,0,0,0,0,0,0,0,0,0,0,0,0,0,0,0,39.9524,-75.1468, , 
 ,44920,2014121395,6,67,67301,2014,11,1,205,2,3,1,0,7,4, , ,N,10,0,0,3,0,0,1,1,N,N,39 58:43.342,75 05:51.613,214, ,213, ,0, ,N, ,0, , , , , ,493002, , , ,1,1,0,0,0,0,0,0,0,0,0,0,0,0,0,0,0,0,0,0,0,0,0,0,0,0,0,0,0,0,0,0,0,0,0,0,0,39.9787,-75.0977, , 
 ,44921,2014127410,6,67,67301,2014,12,2,1700,17,3,2,1,2,1, , ,N,0,0,0,3,0,2,2,3,N,N,40 04:42.679,74 59:37.330,1720, ,1711, ,0, ,N, ,0, , , , , ,493006, , , ,3,2,0,0,0,0,0,1,0,0,0,2,2,0,0,0,0,0,0,0,0,0,1,0,0,0,0,0,0,0,0,0,0,0,0,4,0,40.0785,-74.9937, , 
 ,44922,2014070329,6,67,67301,2014,6,2,1556,15,1,1,0,1,1, , ,N,0,0,0,3,0,0,2,2,N,N,39 59:29.906,75 05:09.276,1619, ,1602,1,1,1,N, ,0,N, , , , ,493008, , , ,2,0,0,0,0,0,2,0,0,0,0,0,0,0,1,0,0,0,0,0,1,0,0,1,0,0,0,0,0,0,0,0,0,0,0,9,0,39.9916,-75.0859, , 
 ,44923,2014088997,6,67,67301,2014,7,3,552,5,1,1,0,4,1, , ,N,1,1,0,3,0,0,4,2,N, ,39 53:40.603,75 14:12.181,745, ,724, ,0, , , ,2, , , , , ,493020, , , ,2,0,0,0,0,0,1,1,0,0,0,0,0,0,0,0,0,0,0,0,0,0,0,0,0,0,0,0,0,0,0,0,0,0,0,0,0,39.8946,-75.2367, , 
 ,44924,2014103550,6,67,67301,2014,9,4,112,1,3,1,0,7,4, , ,N,0,0,0,3,0,1,1,1,N,N,39 59:23.337,75 10:15.330,117, ,115, ,0, ,N, ,0, , , , , ,493039, , , ,1,1,0,0,0,0,0,0,0,0,0,1,1,0,0,0,0,0,0,0,0,0,0,0,0,0,0,0,0,0,0,0,0,0,0,4,0,39.9898,-75.1709, , 
 ,44925,2014078851,6,67,67301,2014,6,7,1946,19,4,1,0,5,1, , ,N,0,0,0,3,0,1,2,2,N,N,39 56:01.943,75 09:21.413,1956, ,1951,1,2,4,N, ,0,Y, , , , ,493040, , , ,1,0,0,0,0,0,0,0,1,0,1,0,1,0,1,0,0,0,0,0,0,0,0,0,0,0,0,0,0,0,0,0,0,0,0,3,0,39.9339,-75.1559, , 
 ,44926,2014087794,6,67,67301,2014,7,6,9999,99,3,1,0,6,1, , ,N,0,0,0,3,0,1,4,3,N, ,39 55:18.472,75 08:58.910,2154, ,2153,1,1,7, , ,0,Y, , , , ,493045, , , ,3,3,0,0,0,0,0,0,0,0,0,1,1,0,0,0,0,0,0,0,0,0,0,0,0,0,0,0,0,0,0,0,0,0,0,4,0,39.9218,-75.1497, , 
 ,44927,2014088157,6,67,67301,2014,7,7,1316,13,1,2,1,4,1, , ,N,1,2,0,3,0,1,2,2,N, ,39 55:22.123,75 14:08.509,1326, ,1320,3,1,4, , ,3,N, , , , ,493046, , , ,2,1,0,0,0,0,1,0,0,1,0,0,1,0,0,0,0,0,0,0,0,0,0,0,0,0,0,0,0,0,0,0,0,0,0,2,0,39.9228,-75.2357, , 
 ,44928,2014091472,6,67,67301,2014,9,6,606,6,1,1,0,1,1, , ,N,1,2,0,3,0,2,2,4,N,N,40 03:14.457,75 08:41.146,611, ,606, ,0, ,N, ,3, , , , , ,493049, , , ,4,1,0,0,1,0,1,1,0,0,0,2,2,0,0,0,0,0,0,0,0,0,0,0,0,0,0,0,0,0,0,0,0,0,0,4,0,40.054,-75.1448, , 
 ,44929,2014122448,6,67,67301,2014,11,5,2028,20,3,2,1,7,4, , ,N,0,0,0,3,0,0,1,1,N, ,39 59:01.205,75 12:10.798,2035, ,2038,1,1,2, , ,0,N, , , , ,493075, , , ,1,1,0,0,0,0,0,0,0,0,0,0,0,0,0,0,0,0,0,0,0,0,0,0,0,0,0,0,0,0,0,0,0,0,0,0,0,39.9837,-75.203, , 
 ,44930,2014125104,6,67,67301,2014,11,5,9999,99,3,2,1,7,4, , ,N,0,0,0,3,0,0,1,1,N,N,39 59:56.762,75 11:26.361,208, ,208,9,1,2,N, ,0,N, , , , ,493078, , , ,1,1,0,0,0,0,0,0,0,0,0,0,0,0,0,0,0,0,0,0,0,0,0,0,0,0,0,0,0,0,0,0,0,0,0,0,0,39.9991,-75.1907, , 
 ,44931,2014084366,6,67,67301,2014,7,1,755,7,1,1,0,1,1, , ,N,2,3,0,3,0,3,5,3,N,N,40 02:32.002,75 06:29.606,815, ,810,2,1,3,N, ,3,Y, , , , ,493090, , , ,3,1,0,0,0,0,2,0,0,0,0,3,3,0,0,0,0,0,0,0,0,0,0,0,0,0,0,0,0,0,0,0,0,0,0,4,0,40.0422,-75.1082, , 
 ,44932,2014084452,6,67,67301,2014,6,5,2019,20,1,1,0,6,1, , ,N,0,0,0,3,0,1,3,2,N,N,40 02:49.552,75 05:52.483,2045, ,2042, ,0, , , ,0, , , , , ,493091, , , ,2,2,0,0,0,0,0,0,0,0,0,1,1,0,1,0,0,0,0,0,0,0,0,0,0,0,0,0,0,0,0,0,0,0,0,4,0,40.0471,-75.0979, , 
 ,44933,2014084453,6,67,67301,2014,6,7,9999,99,1,1,0,4,1, , ,N,0,0,7,3,0,1,2,2,N,N,40 01:51.999,75 06:24.843,2144, ,1956, ,0, ,N, ,0, , , , , ,493092, , , ,1,0,0,0,1,0,0,0,1,0,0,1,1,0,0,0,0,0,0,0,0,0,0,0,0,0,0,0,0,0,0,0,0,0,0,4,0,40.0311,-75.1069, , 
 ,44934,2014088041,6,67,67301,2014,7,4,100,1,3,9,0,4,1, , ,N,5,2,1,3,0,1,2,2,N,N,39 59:52.195,75 06:39.459,146, ,146, ,0, ,N, ,3, , , , , ,493098, , , ,1,1,0,0,0,0,0,0,1,0,1,0,1,0,0,0,0,0,0,0,0,0,0,0,0,0,0,0,0,0,0,0,0,0,0,3,0,39.9978,-75.111, , 
 ,44935,2014096427,6,67,67301,2014,9,2,1430,14,1,1,0,1,1, , ,N,2,2,0,3,0,1,3,2,N,N,40 04:44.058,75 02:33.363,1641, ,1636, ,0, ,N, ,3, , , , , ,493107, , , ,2,1,0,0,0,0,1,0,0,0,0,1,1,0,0,0,0,0,0,0,0,1,0,0,0,0,0,0,0,0,0,0,0,0,0,4,0,40.0775,-75.0438, , 
 ,44936,2014130453,6,67,67301,2014,12,5,1705,17,1,1,0,5,1, , ,N,0,0,0,3,0,1,4,2,N,N,39 55:47.554,75 13:09.903,1913, ,1846, ,0, ,N, ,0, , , , , ,496012, , , ,2,0,0,0,0,0,2,0,0,0,0,0,1,1,0,0,0,0,0,0,0,0,1,0,0,0,0,0,0,0,0,0,0,0,0,8,0,39.9299,-75.2194, , 
 ,44937,2014107215,6,67,67301,2014,10,7,1230,12,1,2,1,7,4, , ,N,0,0,1,3,0,0,2,2,N,N,39 55:16.453,75 11:25.969,1315, ,1257, ,0, ,N, ,0, , , , , ,496023, , , ,2,1,0,0,0,1,0,0,0,0,0,0,0,0,0,0,0,0,0,0,0,0,0,0,0,0,0,0,0,0,0,0,0,0,0,0,1,39.9212,-75.1905, , 
 ,44938,2014110396,6,67,67301,2014,10,6,713,7,1,1,0,8,1, , ,N,1,3,0,3,0,1,2,2,N,N,40 04:32.980,75 09:52.376,815, ,809, ,0, ,N, ,3, , , , , ,496030, , , ,1,0,0,0,0,0,1,0,0,0,1,0,1,0,0,0,0,0,0,0,0,0,0,0,0,0,0,0,0,0,0,0,1,0,0,3,0,40.0758,-75.1645, , 
 ,44939,2014120264,6,67,67301,2014,11,3,1805,18,3,1,0,4,1, , ,N,0,0,0,3,0,1,2,2,N,N,39 55:58.861,75 10:04.301,1825, ,1817, ,0, ,N, ,0, , , , , ,496067, , , ,1,1,0,0,0,0,0,0,1,0,0,1,1,0,0,0,0,0,0,0,0,0,0,0,0,0,0,0,0,0,0,0,0,0,0,4,0,39.933,-75.1679, , 
 ,44940,2014129806,6,67,67301,2014,12,3,742,7,1,2,1,4,1, , ,N,2,2,0,3,0,1,2,2,N,N,39 55:05.910,75 12:31.905,945, ,743,4,2,1,N, ,3,Y, , , , ,496075, , , ,2,1,0,0,0,1,0,0,0,0,0,1,1,0,0,0,0,0,0,0,1,0,0,1,0,0,0,0,0,0,0,0,0,0,0,4,1,39.9183,-75.2089, , 
 ,44941,2014115586,6,67,67301,2014,5,4,955,9,1,1,0,7,3, , ,N,0,0,0,3,1,0,1,1,N, ,40 01:05.620,75 03:50.312,1005, ,957, ,0, , ,0,0, , , , , ,496099, , , ,1,0,1,0,0,0,0,0,0,0,0,0,0,0,0,0,0,0,0,0,0,0,0,0,0,0,0,0,1,0,0,0,0,0,0,1,0,40.0182,-75.064,2, 
 ,44942,2014122013,6,67,67301,2014,11,2,600,6,1,2,1,1,6, , ,N,0,0,0,3,0,0,1,2,N,N,40 04:55.951,75 01:51.537,612, ,608, ,0, , , ,0, , , , , ,496107, , , ,2,1,0,0,0,0,1,0,0,0,0,0,0,0,0,0,0,0,1,0,0,0,0,0,0,0,0,0,0,0,0,0,0,0,0,0,0,40.0822,-75.031, , 
 ,44943,2014130476,6,67,67301,2014,12,5,1145,11,1,4,1,4,1, , ,N,1,3,0,3,0,1,2,2,N,N,39 58:28.228,75 08:53.098,1305, ,1303, ,0, , , ,3, , , , , ,496113, , , ,2,0,0,0,0,0,1,1,0,0,1,0,1,0,1,0,0,0,0,0,0,0,0,0,0,0,0,0,0,0,0,0,0,0,0,3,0,39.9745,-75.1481, , 
 ,44944,2015009674,6,67,67301,2014,12,2,1728,17,3,2,1,8,1, , ,N,2,0,0,3,1,0,3,2,N,N,40 02:54.754,75 03:40.736,1734, ,1730,3,2,7,N,0,0,Y, , , , ,496119, , , ,1,1,0,0,0,0,0,0,0,0,0,0,0,0,0,0,0,0,0,0,1,0,0,0,0,0,0,0,0,0,0,0,1,1,0,1,0,40.0485,-75.0615,2, 
 ,44945,2014106803,6,67,67301,2014,10,5,1920,19,3,1,0,1,6, , ,N,0,0,0,3,0,2,3,2,N, ,39 59:44.239,75 07:08.126,1920, ,1920, ,0, , , ,0, , , , , ,496130, , , ,2,2,0,0,0,0,0,0,0,0,2,0,2,0,0,0,0,0,0,0,0,0,0,0,0,0,0,0,0,0,0,0,0,0,0,3,0,39.9956,-75.1189, , 
 ,44946,2014109913,6,67,67301,2014,10,6,2100,21,6,9,0,5,1, , ,N,0,0,0,3,0,1,2,2,N,N,39 59:45.815,75 10:15.529,1134, ,1119, ,0, ,N, ,0, , , , , ,496133, , , ,1,1,0,0,0,0,0,0,1,0,0,0,1,1,0,0,0,0,0,0,0,0,0,0,0,0,0,0,0,0,0,0,0,0,0,8,0,39.9961,-75.171, , 
 ,44947,2014111506,6,67,67301,2014,10,5,2000,20,3,1,0,4,1, , ,N,2,3,0,3,0,1,3,2,N,N,40 01:14.257,75 08:55.161,2010, ,2000, ,0, , , ,3, , , , , ,496135, , , ,2,1,0,0,0,0,0,1,0,0,0,0,1,1,0,0,0,0,0,0,0,0,0,0,0,0,0,0,0,0,0,0,0,0,0,8,0,40.0206,-75.1487, , 
 ,44948,2014117623,6,67,67301,2014,10,1,0,0,3,1,0,5,6, , ,N,0,0,0,3,0,2,2,2,N, ,40 04:17.472,74 59:12.721,15, ,0,4,2,6, , ,0,Y, , , , ,496140, , , ,2,0,0,0,2,0,0,0,0,2,0,0,2,0,0,0,0,0,0,0,0,0,0,0,0,0,0,0,0,0,0,0,0,0,0,2,0,40.0715,-74.9869, , 
 ,44949,2014125056,6,67,67301,2014,11,2,1726,17,3,1,0,4,1, , ,N,1,2,0,3,0,1,2,2,N,N,39 55:09.777,75 10:14.532,1750, ,1728, ,0, ,N, ,3, , , , , ,496145, , , ,1,0,0,0,0,0,1,0,1,0,0,1,1,0,0,0,0,0,0,0,0,0,0,0,0,0,0,0,0,0,0,0,0,0,0,4,0,39.9194,-75.1707, , 
 ,44950,2014125176,6,67,67301,2014,11,7,1638,16,3,1,0,4,1, , ,N,1,2,0,3,0,2,2,2,N,N,39 57:59.670,75 14:23.337,1645, ,1641, ,0, ,N, ,3, , , , , ,496146, , , ,2,1,0,1,0,0,0,0,0,0,0,1,2,1,0,0,0,0,0,0,0,0,0,0,0,0,0,0,0,0,0,0,0,0,0,4,1,39.9666,-75.2398, , 
 ,44951,2014127423,6,67,67301,2014,11,5,2015,20,3,1,0,4,1, , ,N,3,0,0,3,0,1,3,2,N, ,39 58:25.587,75 13:10.766,2024, ,2017, ,0, , , ,0, , , , , ,496151, , , ,2,1,0,0,0,0,1,0,0,0,0,1,1,0,0,0,0,0,0,0,0,0,0,0,0,0,0,0,0,0,0,0,0,0,0,4,0,39.9738,-75.2197, , 
 ,44952,2014130399,6,67,67301,2014,12,2,1704,17,2,2,1,8,1, , ,N,1,2,0,3,0,1,2,2,N,N,39 57:44.547,75 09:41.289,1705, ,1705, ,0, ,N, ,3, , , , , ,496155, , , ,1,1,0,0,0,0,0,0,0,0,1,0,1,0,0,0,0,0,0,0,1,0,0,0,0,0,0,0,0,0,0,0,1,0,0,3,0,39.9621,-75.1614, , 
 ,44953,2015006120,6,67,67301,2014,12,4,9999,99,1,1,0,8,1, , ,N,1,2,0,3,0,1,2,2,N,N,40 01:39.188,75 08:49.702,1648, ,1441, ,9, ,N, ,3, , , , , ,496156, , , ,1,1,0,0,0,0,0,0,0,0,0,1,1,0,1,0,0,0,0,0,0,0,0,0,0,0,0,0,0,0,0,0,1,0,0,4,0,40.0276,-75.1471, , 
 ,44954,2015018987,6,67,67301,2014,6,1,1236,12,1,1,0,4,1, , ,N,1,2,0,3,0,3,4,2,N, ,39 57:25.376,75 14:45.124,1245, ,1240,2,1,5, , ,3,N, , , , ,499150, , , ,2,1,0,0,0,0,0,1,0,0,1,2,3,0,0,0,0,0,0,0,1,0,1,0,0,0,0,0,0,0,0,0,0,0,0,3,0,39.957,-75.2459, , 
 ,44955,2014122465,6,67,67301,2014,11,7,1045,10,1,1,0,4,1, , ,N,1,2,0,3,0,1,3,3,N,N,39 58:47.528,75 08:34.317,1126, ,1121, ,0, , , ,3, , , , , ,499157, , , ,3,2,0,0,1,0,0,0,0,0,0,0,1,1,1,0,0,0,0,0,1,0,0,1,0,0,0,0,0,0,0,0,0,0,0,8,0,39.9799,-75.1429, , 
 ,44956,2014104464,6,67,67301,2014,10,3,9999,99,1,1,0,4,1, , ,N,1,1,0,3,0,1,4,2,N,N,39 58:13.818,75 08:53.306,1740, ,1729, ,0, ,N, ,3, , , , , ,499169, , , ,2,1,0,0,0,0,0,1,0,0,0,1,1,0,0,0,0,0,0,0,1,0,0,0,0,0,0,0,0,0,0,0,0,0,0,4,0,39.9704,-75.1482, , 
 ,44957,2014110401,6,67,67301,2014,10,4,925,9,1,1,0,4,1, , ,N,2,3,0,3,0,1,3,2,N, ,39 56:34.076,75 12:56.627,935, ,930, ,0, , , ,3, , , , , ,499176, , , ,2,1,0,0,0,0,1,0,0,0,0,0,1,1,0,0,0,0,0,0,0,0,0,0,0,0,0,0,0,0,0,0,0,0,0,8,0,39.9428,-75.2157, , 
 ,44958,2014117808,6,67,67301,2014,11,6,1842,18,3,1,0,1,1, , ,N,0,0,0,3,0,2,4,3,N,N,39 59:53.677,75 11:45.269,1904, ,1846, ,0, ,N, ,0, , , , , ,499181, , , ,3,3,0,0,0,0,0,0,0,0,0,0,2,2,0,0,0,0,0,0,0,0,0,0,0,0,0,0,0,0,0,0,0,0,0,8,0,39.9982,-75.1959, , 
 ,44959,2014113267,6,67,67301,2014,11,2,1521,15,1,1,0,4,1, , ,N,0,0,7,3,0,3,4,3,N, ,40 00:21.266,75 05:40.834,1627, ,1622, ,0, , , ,0, , , , , ,499207, , , ,3,1,0,0,0,0,1,1,0,0,0,3,3,0,0,0,0,0,1,0,0,0,0,0,0,0,0,0,0,0,0,0,0,0,0,4,0,40.0059,-75.0947, , 
 ,44960,2014124644,6,67,67301,2014,12,4,1840,18,3,1,0,5,1, , ,N,0,0,3,3,0,2,7,5,N,N,39 53:41.569,75 11:38.687,1851, ,1840,2,2,1,N, ,0,N, , , , ,499216, , , ,5,4,0,0,0,0,1,0,0,0,2,0,2,0,0,0,0,0,0,0,2,0,0,0,0,0,0,0,0,0,0,0,0,0,0,3,0,39.8949,-75.1941, , 
 ,44961,2015006673,6,67,67301,2014,12,6,1620,16,1,1,0,1,1, , ,N,0,0,0,3,0,3,5,2,N,N,40 04:50.307,74 59:46.271,1638, ,1629, ,0, , , ,0, , , , , ,499229, , , ,2,2,0,0,0,0,0,0,0,0,0,0,3,3,0,0,0,0,1,0,0,0,0,0,0,0,0,0,0,0,0,0,0,0,0,8,0,40.0806,-74.9962, , 
 ,44962,2014125113,6,67,67301,2014,11,6,811,8,1,1,0,4,1, , ,N,2,3,0,3,0,1,3,3,N,N,40 04:08.058,75 12:01.241,825, ,819, ,0, ,N, ,3, , , , , ,499262, , , ,3,2,0,0,0,0,1,0,0,0,0,0,1,1,0,0,0,0,0,0,2,0,0,0,0,0,0,0,0,0,0,0,0,0,0,8,0,40.0689,-75.2003, , 
 ,44963,2014127889,6,67,67301,2014,12,1,305,3,3,1,0,4,1, , ,N,1,2,0,3,0,0,3,2,N,N,39 57:33.501,75 09:35.521,312, ,309, ,0, ,N, ,3, , , , , ,499266, , , ,2,2,0,0,0,0,0,0,0,0,0,0,0,0,0,0,0,0,0,0,0,0,0,0,0,0,0,0,0,0,0,0,0,0,0,0,0,39.9593,-75.1599, , 
 ,44964,2014110434,6,67,67301,2014,7,3,9999,99,1,1,0,4,1, , ,N,0,0,0,3,0,1,2,2,N, ,40 01:08.687,75 08:56.762,1928, ,1923,2,2,2, , ,0,Y, , , , ,499278, , , ,1,0,0,0,0,0,1,0,1,0,0,0,1,1,0,0,0,0,0,0,0,0,0,0,0,0,0,0,0,0,0,0,0,0,0,8,0,40.0191,-75.1491, , 
 ,44965,2014127917,6,67,67301,2014,12,3,830,8,1,2,1,8,1, , ,N,1,2,0,3,0,1,2,2,N,N,39 55:58.633,75 10:03.935,900, ,854, ,0, ,N, ,3, , , , , ,499297, , , ,1,0,0,0,0,0,1,0,0,0,1,0,1,0,0,0,0,0,0,0,0,0,0,0,0,0,0,0,0,0,0,0,1,0,0,3,0,39.933,-75.1678, , 
 ,44966,2015001557,6,46,46104,2014,11,6,1614,16,1,1,0,1,1, , ,N,0,0,0,3,0,1,6,2,N,N,39 58:45.287,75 16:16.698,1620, ,1614, ,0, ,N, ,0, , , , , ,499300, , , ,2,2,0,0,0,0,0,0,0,0,0,0,1,1,0,0,0,0,0,0,0,1,0,0,0,0,0,0,0,0,0,0,0,0,0,8,0,39.9792,-75.2713, , 
 ,44967,2015006054,6,67,67301,2014,12,3,1510,15,1,2,1,6,1, , ,N,0,0,0,3,0,3,4,2,N,N,40 03:48.415,75 12:01.385,1520, ,1514, ,0, ,N, ,0, , , , , ,499302, , , ,2,1,0,0,0,0,1,0,0,0,0,3,3,0,0,0,0,0,0,0,0,1,0,0,0,0,0,0,0,0,0,0,0,0,0,4,0,40.0634,-75.2004, , 
 ,44968,2015006635,6,67,67301,2014,12,4,1816,18,3,1,0,8,1, , ,N,1,3,0,3,0,1,2,2,N,N,40 01:17.817,75 04:37.793,1825, ,1818, ,0, ,N, ,3, , , , , ,499303, , , ,1,1,0,0,0,0,0,0,0,0,0,1,1,0,1,0,0,0,0,0,0,0,0,0,0,0,0,0,0,0,0,0,1,0,0,4,0,40.0216,-75.0772, , 
 ,44969,2014125084,6,67,67301,2014,11,5,9999,99,3,2,1,4,1, , ,N,1,2,0,3,0,1,3,2,N,N,40 01:54.059,75 05:01.805,540, ,537,9,1,4,N, ,3,N, , , , ,499316, , , ,2,1,0,0,0,0,1,0,0,0,0,0,1,1,1,0,0,0,0,0,0,0,0,0,0,0,0,0,0,0,0,0,0,0,0,8,0,40.0317,-75.0838, , 
 ,44970,2014127468,6,67,67301,2014,11,6,9999,99,1,1,0,5,6, , ,N,0,0,0,3,0,1,2,3,N, ,40 00:33.332,75 08:51.048,1505, ,1955, ,0, , , ,0, , , , , ,499324, , , ,3,1,0,0,0,0,2,0,0,0,0,0,1,1,0,0,0,0,1,0,0,0,0,0,0,0,0,0,0,0,0,0,0,0,0,8,0,40.0093,-75.1475, , 
 ,44971,2015006597,6,67,67301,2014,12,3,1920,19,3,2,1,1,1, , ,N,0,0,7,3,0,1,3,2,N, ,40 03:26.763,75 01:44.511,1955, ,1948, ,0, , , ,0, , , , , ,499331, , , ,2,1,0,0,0,0,1,0,0,0,0,1,1,0,0,0,0,0,0,0,0,0,0,0,0,0,0,0,0,0,0,0,0,0,0,4,0,40.0574,-75.029, , 
 ,44972,2014113298,6,67,67301,2014,10,3,2216,22,3,1,0,8,1, , ,N,1,2,0,3,0,1,2,2,N,N,40 02:28.801,75 06:24.126,2218, ,2215, ,0, ,N, ,3, , , , , ,490227, , , ,1,0,0,0,0,0,1,0,0,0,0,0,1,1,0,0,0,0,1,0,0,0,0,0,0,0,0,0,0,0,0,0,1,0,0,8,0,40.0413,-75.1067, , 
 ,44973,2014124993,6,67,67301,2014,11,2,9999,99,1,1,0,8,1, , ,N,1,2,0,3,0,1,2,2,N,N,40 00:21.351,75 06:48.588,1250, ,1226, ,0, ,N, ,3, , , , , ,490251, , , ,1,0,0,0,0,0,0,1,0,0,1,0,1,0,0,0,0,0,0,0,0,0,0,0,0,0,0,0,0,0,0,0,1,0,0,3,0,40.0059,-75.1135, , 
 ,44974,2015088269,6,67,67301,2014,11,4,800,8,1,1,0,1,1, , ,N,5,2,0,3,0,1,2,2,N,N,40 02:03.671,75 04:29.368,0, ,0, ,0, ,N, ,3, , , , , ,490263, , , ,2,1,0,0,0,0,0,0,0,0,1,0,1,0,0,0,0,0,0,0,0,0,0,0,0,0,0,0,0,0,0,0,0,0,0,3,0,40.0344,-75.0748, , 
 ,44975,2014104512,6,67,67301,2014,10,4,1920,19,3,1,0,8,1, , ,N,2,0,0,3,0,2,2,2,N,N,40 01:10.491,75 06:29.973,1930, ,1923, ,0, ,N, ,0, , , , , ,490267, , , ,1,0,0,0,0,0,1,0,0,0,0,0,2,2,0,0,0,0,0,0,0,0,0,0,0,0,0,0,0,0,0,0,1,0,0,8,0,40.0196,-75.1083, , 
 ,44976,2014112399,6,67,67301,2014,11,3,2,0,3,1,0,1,1, , ,N,0,0,0,3,0,0,2,2,N,N,39 58:52.378,75 12:24.623,25, ,12, ,0, ,N, ,0, , , , , ,490278, , , ,2,2,0,0,0,0,0,0,0,0,0,0,0,0,1,0,0,0,0,0,0,0,0,0,0,0,0,0,0,0,0,0,0,0,0,9,0,39.9812,-75.2068, , 
 ,44977,2014120912,6,67,67301,2014,11,6,2010,20,3,1,0,4,1, , ,N,1,2,0,3,0,1,2,2,N,N,39 59:23.298,75 07:31.934,2016, ,2016, ,0, ,N, ,3, , , , , ,490284, , , ,2,1,0,0,1,0,0,0,0,0,0,1,1,0,0,0,0,0,0,0,1,0,0,0,0,0,0,0,0,0,0,0,0,0,0,4,0,39.9898,-75.1255, , 
 ,44978,2014122441,6,67,67301,2014,11,7,635,6,6,2,1,5,6, , ,N,0,0,0,3,0,1,1,2,N,N,40 02:24.381,75 11:30.326,655, ,642, ,0, ,N, ,0, , , , , ,490299, , , ,2,1,0,0,0,0,1,0,0,0,0,0,1,1,0,0,0,0,0,0,0,0,0,0,0,0,0,0,0,0,0,0,0,0,0,8,0,40.0401,-75.1918, , 