wz_ln_closure,objectid_1,crn,district,county,municipality,crash_year,crash_month,day_of_week,time_of_day,hour_of_day,illumination,weather,road_condition,collision_type,relation_to_road,work_zone_type,work_zone_loc,work_zone_ind,intersect_type,tcd_type,location_type,urban_rural,fatal_count,injury_count,person_count,total_units,sch_bus_ind,sch_zone_ind,latitude,longitude,arrival_tm,cons_zone_spd_lim,dispatch_tm,est_hrs_closed,lane_closed,ln_close_dir,ntfy_hiwy_maint,spec_juris_cd,tcd_func_cd,tfc_detour_ind,workers_pres,wz_close_detour,wz_flagger,wz_law_offcr_ind,objectid,wz_moving,wz_other,wz_shlder_mdn,vehicle_count,automobile_count,motorcycle_count,bus_count,small_truck_count,heavy_truck_count,suv_count,van_count,bicycle_count,maj_inj_count,mod_inj_count,min_inj_count,tot_inj_count,unk_inj_deg_count,unk_inj_per_count,driver_count_16yr,driver_count_17yr,driver_count_18yr,driver_count_19yr,driver_count_20yr,driver_count_50_64yr,driver_count_65_74yr,driver_count_75plus,unbelted_occ_count,unb_death_count,unb_maj_inj_count,belted_death_count,belted_maj_inj_count,mcycle_death_count,mcycle_maj_inj_count,bicycle_death_count,bicycle_maj_inj_count,ped_count,ped_death_count,ped_maj_inj_count,max_severity_level,comm_veh_count,dec_lat,dec_long,rdwy_surf_type_cd,county_name
 ,44979,2014068005,6,67,67301,2014,5,5,1533,15,1,1,0,8,1, , ,N,0,0,7,3,0,1,4,2,N,N,40 00:54.589,75 12:27.497,1537, ,1533, ,0, ,N, ,0, , , , , ,490318, , , ,1,0,0,1,0,0,0,0,0,0,0,0,1,1,0,0,0,0,0,0,0,0,0,0,0,0,0,0,0,0,0,0,1,0,0,8,1,40.0152,-75.2076, , 
Y,44980,2014085485,6,67,67301,2014,8,5,2029,20,3,1,0,9,1,1,4,Y,0,0,0,3,0,1,4,2,N,N,39 58:04.279,75 07:50.601,2054,45,2045,2,2,1,N, ,0,N,N,N,N,N,490333,N,N,Y,2,0,0,0,0,0,2,0,0,0,0,1,1,0,0,0,0,0,0,0,0,0,0,0,0,0,0,0,0,0,0,0,0,0,0,4,0,39.9679,-75.1307, , 
 ,44981,2014101385,6,67,67301,2014,9,2,1909,19,3,1,0,2,1, , ,N,3,0,0,3,0,1,3,3,N,N,39 56:10.274,75 14:04.097,1932, ,1932, ,0, ,N, ,0, , , , , ,490339, , , ,3,3,0,0,0,0,0,0,0,0,0,0,1,1,0,0,0,0,0,0,0,0,0,0,0,0,0,0,0,0,0,0,0,0,0,8,0,39.9361,-75.2345, , 
 ,44982,2014076302,6,67,67301,2014,8,3,1425,14,1,1,0,4,1, , ,N,1,2,0,3,0,0,3,2,N,N,39 58:57.093,75 09:05.770,1430, ,1428, ,0, ,Y, ,3, , , , , ,490353, , , ,2,1,0,0,0,0,1,0,0,0,0,0,0,0,0,0,0,0,1,0,0,0,0,0,0,0,0,0,0,0,0,0,0,0,0,0,0,39.9825,-75.1516, , 
 ,44983,2014088816,6,67,67301,2014,8,4,1305,13,1,1,0,4,1, , ,N,0,0,0,3,0,1,2,2,N,N,39 55:51.302,75 10:53.511,1321, ,1312,9,2,3,N, ,0,Y, , , , ,490363, , , ,1,0,0,0,0,0,0,0,1,0,0,0,1,1,0,0,0,0,0,0,0,0,0,0,0,0,0,0,0,0,0,0,0,0,0,8,0,39.9309,-75.1815, , 
 ,44984,2014095928,6,67,67301,2014,9,4,650,6,3,1,0,1,1, , ,N,2,0,0,3,0,1,2,2,N,N,39 54:49.096,75 13:17.644,710, ,655, ,0, ,N, ,0, , , , , ,490367, , , ,2,0,0,0,0,0,0,0,0,0,0,1,1,0,0,0,0,0,0,0,1,0,0,0,0,0,0,0,0,0,0,0,0,0,0,4,0,39.9136,-75.2216, , 
 ,44985,2014103560,6,67,67301,2014,9,5,133,1,3,1,0,4,1, , ,N,1,2,0,3,0,3,3,2,N,N,40 01:31.012,75 07:25.742,140, ,133, ,0, ,N, ,3, , , , , ,490373, , , ,2,2,0,0,0,0,0,0,0,0,0,3,3,0,0,0,0,0,1,0,0,0,0,0,0,0,0,0,0,0,0,0,0,0,0,4,0,40.0253,-75.1238, , 
 ,44986,2014104385,6,67,67301,2014,10,7,1735,17,1,1,0,4,1, , ,N,1,2,0,3,0,1,5,3,N,N,39 58:09.149,75 11:04.199,1750, ,1741,2,1,2,N, ,3,N, , , , ,490374, , , ,3,2,0,0,1,0,0,0,0,0,0,0,1,1,0,0,0,0,0,0,1,0,0,0,0,0,0,0,0,0,0,0,0,0,0,8,0,39.9693,-75.1846, , 
 ,44987,2014118750,6,67,67301,2014,10,4,420,4,3,1,0,7,4, , ,N,0,0,0,3,1,0,1,1,N, ,39 59:33.341,75 14:40.992,428, ,424,9,2,5, ,0,0,Y, , , , ,490377, , , ,1,1,0,0,0,0,0,0,0,0,0,0,0,0,0,0,0,0,0,0,0,0,0,0,0,0,0,0,0,0,0,0,0,0,0,1,0,39.9926,-75.2447,2, 
 ,44988,2014122457,6,67,67301,2014,11,3,1750,17,3,1,0,8,1, , ,N,2,0,0,3,0,2,3,3,N,N,40 00:38.032,75 10:02.787,1820, ,1805, ,0, , , ,0, , , , , ,490380, , , ,1,0,0,0,0,0,0,0,0,0,0,0,2,2,0,0,0,0,0,0,0,0,0,0,0,0,0,0,0,0,0,0,2,0,0,8,0,40.0106,-75.1674, , 
 ,44989,2014121397,6,67,67301,2014,11,7,510,5,5,1,0,5,6, , ,N,0,0,0,3,0,0,1,2,N,N,40 01:45.481,75 08:11.077,519, ,517,2,2,6,N, ,0,Y, , , , ,490404, , , ,2,1,0,0,0,0,1,0,0,0,0,0,0,0,0,0,0,0,0,0,0,0,0,0,0,0,0,0,0,0,0,0,0,0,0,0,0,40.0293,-75.1364, , 
 ,44990,2014127546,6,67,67301,2014,12,2,1900,19,3,2,1,7,4, , ,N,0,0,0,3,0,2,7,3,N, ,40 00:29.074,75 07:38.161,1905, ,1900, ,0, , , ,0, , , , , ,490445, , , ,3,2,0,0,0,0,0,1,0,0,0,2,2,0,0,0,0,0,0,0,1,0,0,0,0,0,0,0,0,0,0,0,0,0,0,4,0,40.0081,-75.1273, , 
 ,44991,2014099263,6,67,67301,2014,9,1,2140,21,3,1,0,8,1, , ,N,0,0,0,3,0,1,2,2,N, ,40 00:53.879,75 07:05.113,2150, ,2146, ,0, , , ,0, , , , , ,493111, , , ,1,0,0,0,0,0,0,0,0,1,0,0,1,0,0,0,0,0,0,0,0,0,0,0,0,0,0,0,0,0,0,0,1,0,1,2,0,40.015,-75.1181, , 
 ,44992,2014111440,6,67,67301,2014,10,5,811,8,1,1,0,4,1, , ,N,2,3,7,3,0,0,2,2,N,N,40 04:52.788,74 59:55.705,938, ,936, ,0, , , ,3, , , , , ,493121, , , ,2,0,0,0,1,0,1,0,0,0,0,0,0,0,0,0,0,0,0,0,0,0,0,0,0,0,0,0,0,0,0,0,0,0,0,0,0,40.0813,-74.9988, , 
 ,44993,2014059060,6,67,67301,2014,4,2,830,8,1,1,0,4,1, , ,N,1,2,0,3,0,1,2,2,N,N,40 06:50.926,74 59:15.880,1800, ,9999, ,0, ,N, ,3, , , , , ,493124, , , ,2,1,0,0,0,0,1,0,0,0,0,1,1,0,0,0,0,0,0,0,0,0,0,0,0,0,0,0,0,0,0,0,0,0,0,4,0,40.1141,-74.9877, , 
 ,44994,2014084178,6,67,67301,2014,6,6,1604,16,1,1,0,4,1,8,8,Y,0,0,0,3,0,1,3,2,N,N,39 59:45.399,75 11:44.106,1614,99,1606,1,2,5,N, ,0,Y,U, , ,U,493145, , , ,2,1,1,0,0,0,0,0,0,1,0,0,1,0,0,0,0,0,0,0,0,0,0,0,0,0,0,0,0,1,0,0,0,0,0,2,0,39.9959,-75.1956, , 
 ,44995,2014087949,6,67,67301,2014,7,7,1630,16,1,1,0,4,1, , ,N,2,3,0,3,0,1,2,2,N,N,39 59:18.177,75 09:35.494,447, ,437, ,0, ,N, ,3, , , , , ,493149, , , ,1,0,0,0,0,0,1,0,1,0,0,1,1,0,0,0,0,0,0,0,0,0,0,0,0,0,0,0,0,0,0,0,0,0,0,4,0,39.9884,-75.1599, , 
 ,44996,2014106684,6,67,67301,2014,10,6,632,6,5,1,0,5,1, , ,N,0,0,3,3,0,1,2,2,N,N,39 56:54.990,75 11:21.373,645, ,632, ,0, ,N, ,0, , , , , ,493165, , , ,1,0,0,0,0,0,1,0,1,0,0,1,1,0,0,0,0,0,0,0,0,0,0,0,0,0,0,0,0,0,0,0,0,0,0,4,0,39.9486,-75.1893, , 
 ,44997,2015002711,6,67,67301,2014,12,7,1800,18,3,1,0,4,1, , ,N,1,2,0,3,0,1,2,2,N,N,39 59:50.003,75 07:09.812,1820, ,1805, ,0, ,N, ,3, , , , , ,493202, , , ,2,1,0,0,0,0,0,0,0,0,0,1,1,0,1,0,0,0,0,1,0,0,0,0,0,0,0,0,0,0,0,0,0,0,0,4,0,39.9972,-75.1194, , 
 ,44998,2015018981,6,67,67301,2014,10,4,1219,12,1,2,1,1,1, , ,N,0,0,3,3,0,0,4,4,N,N,39 57:37.859,75 10:52.887,1235, ,1219,3,1,4,N, ,0,N, , , , ,493207, , , ,4,2,0,0,0,1,1,0,0,0,0,0,0,0,0,0,0,0,0,0,1,0,0,0,0,0,0,0,0,0,0,0,0,0,0,0,1,39.9605,-75.1814, , 
 ,44999,2014081473,6,67,67301,2014,6,7,1920,19,1,1,0,0,1, , ,N,0,0,0,3,0,0,1,2,N, ,39 58:30.055,75 07:44.761,9999, ,9999, ,0, , , ,0, , , , , ,493217, , , ,2,1,0,0,0,0,1,0,0,0,0,0,0,0,0,0,0,0,0,0,0,0,0,0,0,0,0,0,0,0,0,0,0,0,0,0,0,39.975,-75.1291, , 
 ,45000,2014087836,6,67,67301,2014,8,4,1035,10,1,1,0,5,1, , ,N,1,2,0,3,0,1,2,2,N, ,39 57:32.371,75 10:26.147,1050, ,1045, ,0, , , ,3, , , , , ,493221, , , ,1,0,0,0,1,0,0,0,1,1,0,0,1,0,0,0,0,0,0,0,0,0,0,0,0,0,0,0,0,0,0,1,0,0,0,2,0,39.959,-75.1739, , 
 ,45001,2014087917,6,67,67301,2014,7,2,1400,14,1,1,0,5,1, , ,N,1,2,0,3,0,1,6,2,N,N,40 01:56.602,75 04:50.717,1407, ,1402,2,1,1,N, ,3,N, , , , ,493222, , , ,2,1,0,0,0,0,0,1,0,0,0,0,1,1,0,0,0,0,0,0,0,0,0,4,0,0,0,0,0,0,0,0,0,0,0,8,0,40.0324,-75.0808, , 
 ,45002,2014088095,6,67,67301,2014,7,2,2345,23,3,1,0,4,1, , ,N,1,2,0,3,0,1,2,2,N, ,39 54:12.423,75 14:35.429,1249, ,1247, ,0, , , ,3, , , , , ,493223, , , ,2,2,0,0,0,0,0,0,0,0,0,0,1,1,0,0,0,0,0,0,0,0,0,0,0,0,0,0,0,0,0,0,0,0,0,8,0,39.9035,-75.2432, , 
 ,45003,2014063746,6,67,67301,2014,6,5,1726,17,1,1,0,4,1, , ,N,0,0,0,3,0,1,3,2,N,N,39 59:06.513,75 09:23.451,1726, ,1726,1,1,1,N, ,0,Y, , , , ,493247, , , ,2,1,1,0,0,0,0,0,0,0,0,0,1,1,0,0,0,0,0,0,0,0,0,1,0,0,0,0,0,0,0,0,0,0,0,8,0,39.9851,-75.1565, , 
 ,45004,2014088382,6,67,67301,2014,7,1,1145,11,1,1,0,4,1, , ,N,1,3,0,3,0,1,3,2,N, ,39 55:13.281,75 13:33.020,1151, ,1150, ,0, , , ,3, , , , , ,493267, , , ,2,1,0,0,0,0,1,0,0,0,0,1,1,0,1,0,0,0,0,0,1,0,0,0,0,0,0,0,0,0,0,0,0,0,0,4,0,39.9204,-75.2258, , 
 ,45005,2014096832,6,67,67301,2014,9,7,1610,16,1,1,0,8,1, , ,N,0,0,0,3,0,1,2,2,N, ,39 59:25.374,75 09:40.874,1625, ,1623, ,0, , , ,0, , , , , ,493300, , , ,1,0,0,0,0,0,0,0,0,0,0,1,1,0,0,0,0,0,0,0,0,0,0,0,0,0,0,0,0,0,0,0,1,0,0,4,0,39.9904,-75.1614, , 
 ,45006,2014098713,6,67,67301,2014,9,6,1626,16,1,1,0,2,1, , ,N,0,0,7,3,0,1,2,2,N,N,39 57:40.043,75 12:59.417,1632, ,1629, ,0, ,N, ,0, , , , , ,493302, , , ,1,0,0,0,0,0,1,0,1,0,0,0,1,1,0,0,0,0,0,0,0,1,0,0,0,0,0,0,0,0,0,0,0,0,0,8,0,39.9611,-75.2165, , 
 ,45007,2014089064,6,67,67301,2014,8,7,9999,99,1,1,0,4,1, , ,N,3,0,0,3,0,1,2,2,N, ,39 59:30.184,75 10:12.169,1608, ,1605, ,0, , , ,0, , , , , ,493351, , , ,2,2,0,0,0,0,0,0,0,0,0,1,1,0,0,0,0,0,0,0,0,0,0,0,0,0,0,0,0,0,0,0,0,0,0,4,0,39.9917,-75.17, , 
 ,45008,2014096431,6,67,67301,2014,9,5,2130,21,3,1,0,4,1, , ,N,2,2,0,3,0,3,4,2,N,N,39 57:11.353,75 14:55.491,2135, ,2130,2,1,7,N, ,3,Y, , , , ,493356, , , ,2,1,0,0,0,0,1,0,0,0,0,3,3,0,0,0,0,1,0,0,1,0,0,0,0,0,0,0,0,0,0,0,0,0,0,4,0,39.9532,-75.2487, , 
 ,45009,2014124987,6,67,67301,2014,11,4,1102,11,1,3,4,1,1, , ,N,1,2,0,3,0,1,3,2,N,N,40 03:02.755,75 08:55.321,1107, ,1104, ,0, ,N, ,3, , , , , ,496161, , , ,2,1,0,0,0,0,1,0,0,0,0,1,1,0,0,0,0,0,0,0,0,0,0,0,0,0,0,0,0,0,0,0,0,0,0,4,0,40.0507,-75.1487, , 
 ,45010,2014130463,6,67,67301,2014,11,7,2148,21,3,1,0,8,1, , ,N,1,2,0,3,0,1,4,2,N, ,39 57:38.428,75 08:28.873,2152, ,2148, ,0, , , ,3, , , , , ,496164, , , ,1,1,0,0,0,0,0,0,0,0,0,1,1,0,0,0,0,0,0,0,0,0,0,0,0,0,0,0,0,0,0,0,1,0,0,4,0,39.9606,-75.1414, , 
 ,45011,2014130492,6,67,67301,2014,12,3,1900,19,3,2,1,8,1, , ,N,1,2,0,3,0,1,2,2,N,N,39 56:44.329,75 10:23.764,2040, ,2030, ,0, , , ,3, , , , , ,496185, , , ,1,1,0,0,0,0,0,0,0,0,0,1,1,0,0,0,0,0,0,0,0,0,0,0,0,0,0,0,0,0,0,0,1,0,0,4,0,39.9456,-75.1733, , 
 ,45012,2015003311,6,67,67301,2014,12,7,2048,20,3,1,0,4,1, , ,N,1,2,0,3,0,2,3,2,N,N,40 01:57.808,75 04:19.924,2056, ,2054,2,1,3,N, ,3,Y, , , , ,496190, , , ,2,0,0,0,1,0,1,0,0,0,0,2,2,0,1,0,0,0,0,0,0,0,0,0,0,0,0,0,0,0,0,0,0,0,0,4,0,40.0327,-75.0722, , 
 ,45013,2015006633,6,67,67301,2014,12,4,1713,17,3,6,1,8,1, , ,N,1,2,0,3,0,1,1,2,N, ,40 01:57.808,75 04:19.924,250, ,245, ,0, , , ,3, , , , , ,496191, , , ,1,0,0,0,0,0,1,0,0,0,0,1,1,0,0,0,0,0,0,0,0,0,0,0,0,0,0,0,0,0,0,0,1,0,0,4,0,40.0327,-75.0722, , 
 ,45014,2014109922,6,67,67301,2014,10,2,2203,22,3,1,0,1,1, , ,N,1,2,0,3,0,0,4,3,N,N,40 00:57.223,75 11:13.338,2211, ,2207, ,0, ,N, ,3, , , , , ,496192, , , ,3,2,0,0,0,0,1,0,0,0,0,0,0,0,0,0,0,0,0,0,1,0,0,0,0,0,0,0,0,0,0,0,0,0,0,0,0,40.0159,-75.187, , 
 ,45015,2015003351,6,67,67301,2014,12,4,9999,99,1,1,1,1,1, , ,N,0,0,0,3,0,1,3,3,N,N,40 00:39.369,75 11:01.832,856, ,854,1,2,2,N, ,0,N, , , , ,496207, , , ,3,3,0,0,0,0,0,0,0,0,0,0,1,1,0,0,0,0,0,0,0,0,1,0,0,0,0,0,0,0,0,0,0,0,0,8,0,40.0109,-75.1838, , 
 ,45016,2015021335,6,67,67301,2014,8,5,2253,22,3,1,0,4,1, , ,N,1,2,1,3,0,1,2,2,N,N,40 01:13.023,75 04:49.359,2315, ,2315,3,2,4,N, ,3,Y, , , , ,496209, , , ,2,1,0,0,0,0,1,0,0,0,0,1,1,0,0,0,0,0,0,0,0,0,0,0,0,0,0,0,0,0,0,0,0,0,0,4,0,40.0203,-75.0804, , 
 ,45017,2015001498,6,67,67301,2014,12,7,1750,17,3,2,1,8,1, , ,N,1,2,0,3,0,1,2,2,N,N,40 00:55.051,75 08:13.761,1752, ,1752, ,0, ,N, ,3, , , , , ,496218, , , ,1,0,0,0,0,0,0,1,0,0,1,0,1,0,0,0,0,0,0,0,0,0,0,0,0,0,0,0,0,0,0,0,1,0,0,3,0,40.0153,-75.1372, , 
 ,45018,2015006081,6,67,67301,2014,12,2,1836,18,3,2,1,4,1, , ,N,1,3,0,3,0,1,2,2,N,N,39 57:11.818,75 12:19.202,1836, ,1836, ,0, ,N, ,3, , , , , ,496219, , , ,1,1,0,0,0,0,0,0,1,0,0,1,1,0,1,0,0,0,0,0,0,0,0,0,0,0,0,0,0,0,0,0,0,0,0,4,0,39.9533,-75.2053, , 
 ,45019,2014103570,6,67,67301,2014,9,4,1330,13,1,1,0,4,1, , ,N,1,3,0,3,0,0,2,2,N, ,39 54:26.334,75 13:41.041,1535, ,1535,9,1,1, , ,3,N, , , , ,496232, , , ,2,1,0,0,0,0,1,0,0,0,0,0,0,0,2,0,0,0,0,0,1,0,0,0,0,0,0,0,0,0,0,0,0,0,0,9,0,39.9073,-75.2281, , 
 ,45020,2014104585,6,67,67301,2014,9,1,1800,18,1,2,1,7,2, , ,N,0,0,3,3,0,0,1,1,N,N,39 55:10.184,75 12:13.998,1830, ,1811, ,0, ,N, ,0, , , , , ,496233, , , ,1,1,0,0,0,0,0,0,0,0,0,0,0,0,0,0,0,0,0,0,0,0,0,0,0,0,0,0,0,0,0,0,0,0,0,0,0,39.9195,-75.2039, , 
 ,45021,2014113359,6,67,67301,2014,10,6,1830,18,4,1,0,1,1, , ,N,0,0,0,3,0,1,2,2,N,N,39 56:18.344,75 08:31.574,1915, ,1905, ,0, ,N, ,0, , , , , ,496240, , , ,2,2,0,0,0,0,0,0,0,0,0,1,1,0,1,0,0,1,0,0,0,0,0,0,0,0,0,0,0,0,0,0,0,0,0,4,0,39.9384,-75.1421, , 
 ,45022,2014120869,6,67,67301,2014,11,2,1131,11,1,1,0,1,1, , ,N,1,2,0,3,0,1,3,2,N, ,40 02:31.564,75 10:47.878,1137, ,1137, ,0, , , ,3, , , , , ,496245, , , ,2,0,0,0,0,0,2,0,0,0,0,0,1,1,0,0,0,0,0,0,0,0,0,0,0,0,0,0,0,0,0,0,0,0,0,8,0,40.0421,-75.18, , 
 ,45023,2014122474,6,67,67301,2014,11,5,707,7,1,1,0,4,1, , ,N,1,2,0,3,0,2,2,2,N,N,40 02:28.801,75 06:24.126,720, ,712, ,0, ,N, ,3, , , , , ,496247, , , ,2,2,0,0,0,0,0,0,0,0,0,2,2,0,0,0,0,0,0,0,0,0,0,0,0,0,0,0,0,0,0,0,0,0,0,4,0,40.0413,-75.1067, , 
 ,45024,2015088071,6,67,67301,2014,9,5,1650,16,1,2,1,1,1, , ,N,2,3,0,3,0,1,2,2,N,N,40 00:04.157,75 05:49.913,0, ,0, ,0, ,N, ,3, , , , , ,496257, , , ,2,1,0,0,0,0,0,0,0,0,0,0,1,1,0,0,0,0,0,0,0,0,0,0,0,0,0,0,0,0,0,0,0,0,0,8,0,40.0012,-75.0972, , 
 ,45025,2014113459,6,67,67301,2014,10,7,100,1,3,1,0,8,1, , ,N,2,0,0,3,0,1,2,2,N,N,40 00:35.152,75 09:18.773,1332, ,1330, ,0, ,N, ,0, , , , , ,496263, , , ,1,1,0,0,0,0,0,0,0,0,1,0,1,0,1,0,0,0,0,0,0,0,0,0,0,0,0,0,0,0,0,0,1,0,0,3,0,40.0098,-75.1552, , 
 ,45026,2014127518,6,67,67301,2014,12,4,2003,20,3,1,0,4,1, , ,N,1,2,0,3,0,0,3,2,N,N,40 02:19.773,75 08:37.097,2007, ,2005, ,0, ,N, ,3, , , , , ,496276, , , ,2,0,0,0,0,0,2,0,0,0,0,0,0,0,0,0,0,1,0,0,0,0,0,0,0,0,0,0,0,0,0,0,0,0,0,0,0,40.0388,-75.1436, , 
 ,45027,2014087738,6,67,67301,2014,7,7,9999,99,1,1,0,8,1, , ,N,1,2,0,3,0,1,3,3,N,N,40 01:31.746,75 07:20.688,1800, ,1800, ,0, ,N, ,3, , , , , ,499340, , , ,1,1,0,0,0,0,0,0,0,0,0,1,1,0,0,0,0,0,0,0,0,0,0,0,0,0,0,0,0,0,0,0,2,0,0,4,0,40.0255,-75.1224, , 
 ,45028,2014088081,6,67,67301,2014,8,6,1300,13,1,1,0,1,1, , ,N,1,2,0,3,0,1,5,2,N, ,39 57:01.433,75 09:36.847,1632, ,9999, ,0, , , ,3, , , , , ,499341, , , ,2,2,0,0,0,0,0,0,0,0,0,1,1,0,2,0,0,0,0,0,0,0,0,0,0,0,0,0,0,0,0,0,0,0,0,4,0,39.9504,-75.1601, , 
 ,45029,2014095181,6,67,67301,2014,9,7,1241,12,1,1,0,1,1, , ,N,0,0,0,3,0,2,5,2,N,N,39 57:35.963,75 10:51.743,1241, ,1241, ,0, ,N, ,0, , , , , ,499346, , , ,2,2,0,0,0,0,0,0,0,0,0,0,2,2,0,0,0,0,0,0,0,0,0,0,0,0,0,0,0,0,0,0,0,0,0,8,0,39.96,-75.181, , 
 ,45030,2014106738,6,67,67301,2014,10,6,1525,15,1,1,0,8,1, , ,N,0,0,0,3,0,1,2,2,N,N,39 58:42.908,75 09:26.324,1527, ,1525, ,0, ,N, ,0, , , , , ,499359, , , ,1,1,0,0,0,0,0,0,0,0,0,0,1,1,0,0,0,0,0,0,0,0,0,0,0,0,0,0,0,0,0,0,1,0,0,8,0,39.9786,-75.1573, , 
 ,45031,2014125144,6,67,67301,2014,11,7,740,7,1,1,0,4,1, , ,N,1,2,0,3,0,1,2,2,N, ,40 03:55.900,75 03:09.041,751, ,750, ,0, , , ,3, , , , , ,499370, , , ,2,2,0,0,0,0,0,0,0,0,0,1,1,0,0,0,0,0,0,0,1,0,0,0,0,0,0,0,0,0,0,0,0,0,0,4,0,40.0655,-75.0525, , 
 ,45032,2014127487,6,67,67301,2014,12,2,927,9,1,1,0,4,1, , ,N,1,3,0,3,0,0,2,2,N,N,40 03:50.306,75 03:34.568,1002, ,955,1,1,3,N, ,3,N, , , , ,499371, , , ,2,2,0,0,0,0,0,0,0,0,0,0,0,0,0,0,0,0,0,0,1,0,1,0,0,0,0,0,0,0,0,0,0,0,0,0,0,40.064,-75.0596, , 
 ,45033,2014088776,6,67,67301,2014,7,3,511,5,1,1,0,0,1, , ,N,0,0,0,3,0,1,1,2,N,N,40 03:16.837,75 03:00.122,513, ,513, ,0, ,N, ,0, , , , , ,499377, , , ,1,0,1,0,0,0,0,0,0,0,1,0,1,0,0,0,0,0,0,0,0,1,0,0,0,0,0,0,0,0,0,0,0,0,0,3,0,40.0547,-75.05, , 
 ,45034,2014096860,6,67,67301,2014,9,7,30,0,6,1,0,4,1, , ,N,1,3,0,3,0,1,2,2,N, ,40 00:40.819,75 04:37.389,50, ,41, ,0, , , ,3, , , , , ,499382, , , ,2,1,0,0,0,0,1,0,0,0,0,0,1,1,0,0,0,0,0,0,0,0,0,0,0,0,0,0,0,0,0,0,0,0,0,8,0,40.0113,-75.0771, , 
 ,45035,2014125157,6,67,67301,2014,11,5,30,0,3,1,1,7,3, , ,N,0,0,0,3,0,0,1,1,N,N,39 56:17.468,75 14:02.665,40, ,35, ,0, , , ,0, , , , , ,499394, , , ,1,1,0,0,0,0,0,0,0,0,0,0,0,0,1,0,0,0,0,0,0,0,0,0,0,0,0,0,0,0,0,0,0,0,0,9,0,39.9382,-75.2341, , 
 ,45036,2014125660,6,67,67301,2014,12,5,632,6,3,1,6,7,3, , ,N,6,0,2,3,0,0,1,1,N,N,40 02:51.412,74 59:57.168,653, ,635,1,2,1,N, ,0,N, , , , ,499395, , , ,1,0,0,0,0,0,1,0,0,0,0,0,0,0,0,0,0,0,0,0,0,0,0,0,0,0,0,0,0,0,0,0,0,0,0,0,0,40.0476,-74.9992, , 
 ,45037,2014130531,6,67,67301,2014,12,6,4,0,3,1,0,7,4, , ,N,0,0,0,3,0,1,1,1,N,N,40 00:12.178,75 03:56.967,9, ,9, ,0, ,N, ,0, , , , , ,499399, , , ,1,1,0,0,0,0,0,0,0,0,0,1,1,0,0,0,0,0,0,0,1,0,0,0,0,0,0,0,0,0,0,0,0,0,0,4,0,40.0034,-75.0658, , 
 ,45038,2014130547,6,67,67301,2014,11,3,9999,99,1,1,0,4,1, , ,N,1,2,0,3,0,0,2,2,N,N,40 04:19.804,75 10:29.042,910, ,910, ,0, ,N, ,3, , , , , ,499400, , , ,2,1,0,0,0,0,1,0,0,0,0,0,0,0,0,0,0,0,0,0,1,0,1,0,0,0,0,0,0,0,0,0,0,0,0,0,0,40.0722,-75.1747, , 
 ,45039,2014130548,6,67,67301,2014,12,3,1800,18,2,2,1,8,1, , ,N,1,3,0,3,0,1,2,2,N, ,40 03:49.132,75 09:14.867,1805, ,1801, ,0, , , ,3, , , , , ,499407, , , ,1,0,0,0,0,0,1,0,0,0,0,1,1,0,0,0,0,0,0,0,0,0,0,0,0,0,0,0,0,0,0,0,1,0,0,4,0,40.0636,-75.1541, , 
 ,45040,2014127458,6,67,67301,2014,12,3,1730,17,4,2,1,8,1, , ,N,1,2,0,3,0,1,2,2,N,N,39 56:57.916,75 09:08.422,1735, ,1735, ,0, ,N, ,3, , , , , ,499418, , , ,1,0,0,0,0,0,1,0,0,0,0,1,1,0,0,0,0,0,0,0,0,0,0,0,0,0,0,0,0,0,0,0,1,0,0,4,0,39.9494,-75.1523, , 
 ,45041,2014130405,6,67,67301,2014,12,5,1030,10,1,1,0,8,1, , ,N,0,0,0,3,0,1,2,2,N,N,39 56:12.804,75 10:00.876,1100, ,1045, ,0, ,N, ,0, , , , , ,499420, , , ,1,0,0,0,0,0,1,0,0,0,0,1,1,0,0,0,0,0,0,0,0,0,0,0,0,0,0,0,0,0,0,0,1,0,0,4,0,39.9369,-75.1669, , 
 ,45042,2014112763,6,67,67301,2014,11,3,1949,19,3,1,0,8,1, , ,N,1,2,0,3,0,1,2,2,N,N,40 02:11.152,75 07:49.835,2001, ,1959,1,1,1,N, ,3,Y, , , , ,499441, , , ,1,1,0,0,0,0,0,0,0,0,0,0,1,1,0,0,0,0,0,0,0,0,0,0,0,0,0,0,0,0,0,0,1,0,0,8,0,40.0364,-75.1305, , 
 ,45043,2014131931,6,67,67301,2014,12,3,1030,10,8,2,1,7,2, , ,N,0,0,0,3,0,1,1,1,N,N,40 02:27.777,75 00:18.283,1055, ,1030,1,1,2,N, ,0,N, , , , ,499457, , , ,1,1,0,0,0,0,0,0,0,0,0,0,1,1,0,0,0,0,0,0,0,0,0,0,0,0,0,0,0,0,0,0,0,0,0,8,0,40.041,-75.0051, , 
 ,45044,2015006598,6,67,67301,2014,12,5,111,1,3,2,1,7,4, , ,N,0,0,3,3,0,5,5,1,N,N,39 56:33.972,75 11:48.478,121, ,119, ,0, , , ,0, , , , , ,499460, , , ,1,1,0,0,0,0,0,0,0,0,0,0,5,5,0,0,0,0,0,0,0,0,0,0,0,0,0,0,0,0,0,0,0,0,0,8,0,39.9428,-75.1968, , 