wz_ln_closure,objectid_1,crn,district,county,municipality,crash_year,crash_month,day_of_week,time_of_day,hour_of_day,illumination,weather,road_condition,collision_type,relation_to_road,work_zone_type,work_zone_loc,work_zone_ind,intersect_type,tcd_type,location_type,urban_rural,fatal_count,injury_count,person_count,total_units,sch_bus_ind,sch_zone_ind,latitude,longitude,arrival_tm,cons_zone_spd_lim,dispatch_tm,est_hrs_closed,lane_closed,ln_close_dir,ntfy_hiwy_maint,spec_juris_cd,tcd_func_cd,tfc_detour_ind,workers_pres,wz_close_detour,wz_flagger,wz_law_offcr_ind,objectid,wz_moving,wz_other,wz_shlder_mdn,vehicle_count,automobile_count,motorcycle_count,bus_count,small_truck_count,heavy_truck_count,suv_count,van_count,bicycle_count,maj_inj_count,mod_inj_count,min_inj_count,tot_inj_count,unk_inj_deg_count,unk_inj_per_count,driver_count_16yr,driver_count_17yr,driver_count_18yr,driver_count_19yr,driver_count_20yr,driver_count_50_64yr,driver_count_65_74yr,driver_count_75plus,unbelted_occ_count,unb_death_count,unb_maj_inj_count,belted_death_count,belted_maj_inj_count,mcycle_death_count,mcycle_maj_inj_count,bicycle_death_count,bicycle_maj_inj_count,ped_count,ped_death_count,ped_maj_inj_count,max_severity_level,comm_veh_count,dec_lat,dec_long,rdwy_surf_type_cd,county_name
 ,45045,2014087989,6,67,67301,2014,8,5,1915,19,1,1,0,6,1, , ,N,0,0,0,3,0,3,8,3,N,N,39 59:50.919,75 10:54.760,1955, ,1940, ,0, ,N, ,0, , , , , ,499462, , , ,3,1,0,0,0,0,1,1,0,0,0,3,3,0,1,0,0,0,0,0,1,0,0,0,0,0,0,0,0,0,0,0,0,0,0,4,0,39.9975,-75.1819, , 
 ,45046,2014131798,6,67,67301,2014,12,6,1950,19,3,1,0,1,1, , ,N,0,0,0,3,0,1,4,2,N, ,40 00:33.905,75 11:16.095,1955, ,1951,1,2,1, , ,0,N, , , , ,490449, , , ,2,1,0,0,0,0,0,1,0,0,0,1,1,0,0,0,0,1,0,0,0,0,0,4,0,0,0,0,0,0,0,0,0,0,0,4,0,40.0094,-75.1878, , 
 ,45047,2015001654,6,67,67301,2014,12,2,1158,11,1,1,0,7,2, , ,N,0,0,0,3,0,0,1,1,N,N,39 53:56.284,75 10:08.780,1204, ,1159,1,1,2,N, ,0,N, , , , ,490450, , , ,1,1,0,0,0,0,0,0,0,0,0,0,0,0,0,0,0,0,0,0,0,0,0,0,0,0,0,0,0,0,0,0,0,0,0,0,0,39.899,-75.1691, , 
 ,45048,2014068055,6,67,67301,2014,6,3,1635,16,1,1,0,4,1, , ,N,0,0,7,3,0,1,5,2,N, ,40 05:44.115,75 01:33.939,1839, ,1835,1,1,2, , ,0,N, , , , ,490456, , , ,2,0,0,0,0,0,1,1,0,0,0,1,1,0,0,0,0,0,0,0,0,0,0,0,0,0,0,0,0,0,0,0,0,0,0,4,0,40.0956,-75.0261, , 
 ,45049,2014088995,6,67,67301,2014,8,3,1325,13,1,2,1,5,1, , ,N,0,0,0,3,0,1,4,2,N, ,40 02:00.318,75 04:47.850,1333, ,1329, ,0, , , ,0, , , , , ,490474, , , ,2,1,0,0,0,0,1,0,0,0,0,0,1,1,0,0,0,0,0,0,0,0,0,0,0,0,0,0,0,0,0,0,0,0,0,8,0,40.0334,-75.08, , 
 ,45050,2014095958,6,67,67301,2014,9,4,9999,99,1,1,0,7,4, , ,N,0,0,0,3,0,0,1,1,N, ,39 58:34.784,75 11:25.202,2026, ,2022, ,0, , , ,0, , , , , ,490477, , , ,1,1,0,0,0,0,0,0,0,0,0,0,0,0,0,0,0,0,0,0,0,0,0,0,0,0,0,0,0,0,0,0,0,0,0,0,0,39.9763,-75.1903, , 
 ,45051,2014109437,6,67,67301,2014,10,4,1252,12,1,2,1,7,4, , ,N,0,0,0,3,0,1,1,1,N,N,40 01:22.004,75 12:17.106,1315, ,1253,9,1,1,N, ,0,N, , , , ,490486, , , ,1,0,1,0,0,0,0,0,0,1,0,0,1,0,0,0,0,0,0,0,0,0,0,0,0,0,0,0,0,1,0,0,0,0,0,2,0,40.0228,-75.2048, , 
 ,45052,2014111452,6,67,67301,2014,10,5,816,8,1,1,0,1,1, , ,N,1,2,0,3,0,2,3,3,N,N,39 57:33.197,75 13:52.115,858, ,9999, ,0, , , ,3, , , , , ,490490, , , ,3,2,0,0,0,0,0,1,0,0,0,0,2,2,0,0,0,0,0,0,1,0,0,0,0,0,0,0,0,0,0,0,0,0,0,8,0,39.9592,-75.2311, , 
 ,45053,2014115618,6,67,67301,2014,11,3,1444,14,1,1,0,2,1, , ,N,0,0,0,3,0,1,2,2,N, ,39 59:26.862,75 07:50.107,1450, ,1449,1,1,4, , ,0,N, , , , ,490493, , , ,2,1,0,0,0,1,0,0,0,0,0,1,1,0,0,0,0,0,0,0,0,0,0,0,0,0,0,0,0,0,0,0,0,0,0,4,1,39.9908,-75.1306, , 
 ,45054,2014127528,6,67,67301,2014,12,3,1204,12,1,2,1,6,1, , ,N,0,0,0,3,0,1,3,2,N,N,39 55:48.534,75 14:01.167,1207, ,1204, ,0, , , ,0, , , , , ,490514, , , ,2,0,0,0,0,0,0,1,0,0,0,0,1,1,0,0,0,0,0,0,0,0,0,0,0,0,0,0,0,0,0,0,0,0,0,8,0,39.9301,-75.2337, , 
 ,45055,2014130465,6,67,67301,2014,12,2,1410,14,1,1,0,5,1, , ,N,0,0,0,3,0,1,3,2,N,N,39 57:13.696,75 09:47.964,1420, ,1420, ,0, ,N, ,0, , , , , ,490519, , , ,2,0,0,0,0,0,2,0,0,0,0,0,1,1,0,0,0,0,0,0,1,0,0,0,0,0,0,0,0,0,0,0,0,0,0,8,0,39.9538,-75.1633, , 
 ,45056,2014130540,6,67,67301,2014,11,2,245,2,3,2,1,1,1, , ,N,0,0,0,3,0,0,1,2,N,N,40 02:16.982,75 02:13.978,251, ,249, ,0, , , ,0, , , , , ,490520, , , ,2,1,0,0,0,0,1,0,0,0,0,0,0,0,0,0,0,0,0,0,0,0,0,0,0,0,0,0,0,0,0,0,0,0,0,0,0,40.0381,-75.0372, , 
 ,45057,2014113458,6,67,67301,2014,10,2,9999,99,1,1,0,4,1, , ,N,1,3,0,3,0,0,2,2,N,N,40 01:18.739,75 09:06.472,9999, ,9999,1,2,2,N, ,3,Y, , , , ,490551, , , ,2,1,0,0,0,0,1,0,0,0,0,0,0,0,0,0,0,0,0,0,1,0,0,0,0,0,0,0,0,0,0,0,0,0,0,0,0,40.0219,-75.1518, , 
 ,45058,2014122484,6,67,67301,2014,11,7,1255,12,1,1,0,8,1, , ,N,1,2,0,3,0,1,2,2,N,N,39 57:22.741,75 14:23.794,1331, ,1330, ,0, ,N, ,3, , , , , ,490556, , , ,1,1,0,0,0,0,0,0,0,0,0,1,1,0,1,0,0,0,0,0,0,0,0,0,0,0,0,0,0,0,0,0,1,0,0,4,0,39.9563,-75.2399, , 
 ,45059,2014114913,6,67,67301,2014,7,3,1400,14,1,1,0,4,1, , ,N,1,3,0,3,0,0,2,2,N,N,39 55:07.184,75 14:48.818,0, ,0, ,0, ,N, ,3, , , , , ,490574, , , ,2,2,0,0,0,0,0,0,0,0,0,0,0,0,1,0,0,0,0,0,0,0,1,0,0,0,0,0,0,0,0,0,0,0,0,9,0,39.9187,-75.2469, , 
 ,45060,2014115628,6,67,67301,2014,11,6,918,9,1,1,0,4,1, , ,N,0,0,7,3,0,1,3,2,N, ,40 00:22.505,75 07:53.930,930, ,919, ,0, , , ,0, , , , , ,490576, , , ,2,1,0,0,0,0,0,1,0,0,0,1,1,0,0,0,0,0,0,0,1,0,0,3,0,0,0,0,0,0,0,0,0,0,0,4,0,40.0063,-75.1316, , 
 ,45061,2014125177,6,67,67301,2014,11,7,3,0,3,1,0,7,4, , ,N,0,0,3,3,0,0,1,1,N, ,39 58:57.936,75 14:19.135,5, ,3,3,2,1,N, ,0,Y, , , , ,490582, , , ,1,1,0,0,0,0,0,0,0,0,0,0,0,0,1,0,0,0,0,0,0,0,0,0,0,0,0,0,0,0,0,0,0,0,0,9,0,39.9828,-75.2386, , 
 ,45062,2014119575,6,67,67301,2014,11,5,714,7,1,1,0,1,1, , ,N,0,0,0,3,0,2,6,5,N,N,39 57:03.684,75 10:58.805,724, ,716,2,1,3,N, ,0,N, , , , ,490591, , , ,5,2,0,0,0,0,2,1,0,0,0,0,2,2,0,0,0,0,0,0,2,0,0,0,0,0,0,0,0,0,0,0,0,0,0,8,0,39.951,-75.183, , 
 ,45063,2014122403,6,67,67301,2014,11,2,1800,18,3,2,1,4,1, , ,N,1,2,0,3,0,4,4,2,N,N,40 05:40.718,75 00:54.707,1805, ,1805, ,0, ,N, ,3, , , , , ,490594, , , ,2,1,0,0,0,0,0,1,0,0,0,1,4,3,0,0,0,0,0,0,0,0,0,0,0,0,0,0,0,0,0,0,0,0,0,4,0,40.0946,-75.0152, , 
 ,45064,2014122488,6,67,67301,2014,11,1,1700,17,4,1,0,4,6, , ,N,1,2,0,3,0,0,2,4,N, ,39 55:57.266,75 13:48.767,1709, ,1703, ,0, , , ,3, , , , , ,490595, , , ,4,3,0,0,0,0,1,0,0,0,0,0,0,0,0,0,0,0,0,1,0,0,0,0,0,0,0,0,0,0,0,0,0,0,0,0,0,39.9325,-75.2303, , 
 ,45065,2014098655,6,67,67301,2014,9,6,2200,22,3,1,0,1,1, , ,N,1,0,0,3,0,1,2,2,N, ,39 58:25.784,75 08:23.827,2310, ,2300, ,0, , , ,0, , , , , ,493358, , , ,1,1,0,0,0,0,0,0,1,0,0,1,1,0,0,0,0,0,0,0,0,0,0,0,0,0,0,0,0,0,0,0,0,0,0,4,0,39.9738,-75.14, , 
 ,45066,2014099209,6,67,67301,2014,9,7,129,1,3,1,0,4,1, , ,N,1,2,0,3,0,1,2,2,N,N,39 55:45.308,75 10:07.240,134, ,132, ,0, ,N, ,3, , , , , ,493359, , , ,1,0,0,0,0,0,0,1,1,0,0,1,1,0,0,0,0,0,0,0,0,0,0,0,0,0,0,0,0,0,0,0,0,0,0,4,0,39.9293,-75.1686, , 
 ,45067,2014109885,6,67,67301,2014,10,6,1800,18,4,1,0,8,1, , ,N,0,0,0,3,0,1,2,2,N,N,39 57:09.277,75 14:06.050,1810, ,1807, ,0, ,N, ,0, , , , , ,493369, , , ,1,0,0,0,0,0,1,0,0,0,0,1,1,0,0,0,0,0,0,0,0,0,0,0,0,0,0,0,0,0,0,0,1,0,0,4,0,39.9526,-75.235, , 
 ,45068,2014119589,6,67,67301,2014,11,5,2036,20,3,1,0,0,2, , ,N,0,0,0,3,0,0,1,1,N,N,40 00:14.869,75 11:43.806,2040, ,2036, ,0, ,N, ,0, , , , , ,493373, , , ,1,1,0,0,0,0,0,0,0,0,0,0,0,0,0,0,0,0,0,0,0,0,0,0,0,0,0,0,0,0,0,0,0,0,0,0,0,40.0041,-75.1955, , 
 ,45069,2014084232,6,67,67301,2014,7,7,1140,11,1,1,0,4,1, , ,N,1,2,0,3,0,0,2,2,N,N,39 55:11.072,75 13:29.970,1150, ,1145, ,0, ,N, ,3, , , , , ,493408, , , ,2,2,0,0,0,0,0,0,0,0,0,0,0,0,0,0,0,0,0,0,1,0,0,0,0,0,0,0,0,0,0,0,0,0,0,0,0,39.9197,-75.225, , 
 ,45070,2014091470,6,67,67301,2014,9,6,9999,99,1,1,0,1,1, , ,N,0,0,0,3,0,2,3,3,N, ,39 58:36.364,75 11:22.148,547, ,530, ,0, , , ,0, , , , , ,493412, , , ,3,1,0,0,0,0,1,1,0,0,1,1,2,0,0,0,0,0,0,0,0,1,0,0,0,0,0,0,0,0,0,0,0,0,0,3,0,39.9768,-75.1895, , 
 ,45071,2014111481,6,67,67301,2014,10,5,1548,15,8,1,0,4,1, , ,N,1,2,0,3,0,2,4,3,N,N,40 02:07.796,75 10:43.589,1550, ,1549,2,1,4,N, ,3,Y, , , , ,493436, , , ,3,2,0,0,0,0,1,0,0,0,0,2,2,0,0,0,0,0,0,0,0,0,0,3,0,0,0,0,0,0,0,0,0,0,0,4,0,40.0355,-75.1788, , 
 ,45072,2014113253,6,67,67301,2014,10,4,640,6,1,1,8,1,1, , ,N,0,0,0,3,0,3,5,3,N,N,40 00:32.852,75 06:47.927,750, ,747, ,0, ,N, ,0, , , , , ,493437, , , ,3,2,0,0,0,0,1,0,0,0,0,3,3,0,0,0,0,0,0,0,1,0,0,0,0,0,0,0,0,0,0,0,0,0,0,4,0,40.0091,-75.1133, , 
 ,45073,2014113406,6,67,67301,2014,11,7,1128,11,1,2,1,4,1, , ,N,1,2,0,3,0,1,2,2,N,N,40 03:52.885,74 58:56.121,1131, ,1130,9,1,1,N, ,3,N, , , , ,493438, , , ,2,1,0,0,0,0,0,1,0,0,0,0,1,1,0,0,0,0,0,0,0,0,1,0,0,0,0,0,0,0,0,0,0,0,0,8,0,40.0647,-74.9823, , 
 ,45074,2014127907,6,67,67301,2014,12,7,2143,21,3,2,1,8,1, , ,N,1,3,0,3,0,2,3,3,N,N,40 04:41.113,75 10:21.359,2154, ,2154, ,0, , , ,3, , , , , ,493449, , , ,1,1,0,0,0,0,0,0,0,0,0,2,2,0,0,0,0,0,0,0,0,0,0,0,0,0,0,0,0,0,0,0,2,0,0,4,0,40.0781,-75.1726, , 
 ,45075,2014131940,6,67,67301,2014,12,6,1900,19,3,1,0,5,1, , ,N,0,0,0,3,0,2,3,2,N,N,39 57:36.310,75 10:46.393,1930, ,1924,1,2,3,N, ,0,N, , , , ,493452, , , ,2,2,0,0,0,0,0,0,0,0,0,0,2,2,0,0,0,0,0,0,0,0,0,0,0,0,0,0,0,0,0,0,0,0,0,8,0,39.9601,-75.1796, , 
 ,45076,2015001656,6,67,67301,2014,12,4,930,9,1,1,0,0,1, , ,N,0,0,0,3,0,1,1,1,N,N,40 00:20.035,75 04:30.532,932, ,931,3,1,1,Y, ,0,N, , , , ,493456, , , ,1,0,0,0,1,0,0,0,0,0,0,0,1,1,0,0,0,0,0,0,1,0,0,0,0,0,0,0,0,0,0,0,0,0,0,8,1,40.0056,-75.0751, , 
 ,45077,2014125137,6,67,67301,2014,11,2,1005,10,1,1,0,5,1, , ,N,0,0,0,3,0,1,2,2,N, ,40 00:50.449,75 10:19.940,1014, ,1008, ,0, , , ,0, , , , , ,493475, , , ,2,2,0,0,0,0,0,0,0,0,0,1,1,0,0,0,0,0,0,0,0,0,0,0,0,0,0,0,0,0,0,0,0,0,0,4,0,40.014,-75.1722, , 
 ,45078,2014125163,6,67,67301,2014,11,1,1005,10,1,1,0,4,1, , ,N,1,2,0,3,0,0,3,2,N,N,39 56:17.761,75 10:12.111,1007, ,1007, ,0, ,N, ,3, , , , , ,493476, , , ,2,1,0,0,0,0,1,0,0,0,0,0,0,0,0,0,0,0,0,0,0,0,0,0,0,0,0,0,0,0,0,0,0,0,0,0,0,39.9383,-75.17, , 
 ,45079,2015006668,6,67,67301,2014,12,3,1340,13,1,1,0,5,1, , ,N,0,0,6,3,0,1,3,3,N,N,40 01:43.818,75 06:03.923,1350, ,1347,2,1,4,N, ,0,N, , , , ,493488, , , ,3,1,0,0,0,0,0,2,0,0,0,0,1,1,0,0,0,0,0,0,0,0,0,0,0,0,0,0,0,0,0,0,0,0,0,8,0,40.0288,-75.1011, , 
 ,45080,2014087721,6,67,67301,2014,7,5,1820,18,1,1,0,8,1, , ,N,1,2,0,3,0,1,2,2,N,N,39 56:53.175,75 09:15.257,1835, ,1824, ,0, ,N, ,3, , , , , ,493511, , , ,1,1,0,0,0,0,0,0,0,0,0,0,1,1,1,0,0,0,0,0,0,0,0,0,0,0,0,0,0,0,0,0,1,0,0,8,0,39.9481,-75.1542, , 
 ,45081,2014087955,6,67,67301,2014,8,4,1845,18,1,1,0,4,1, , ,N,0,2,0,3,0,1,2,2,N,N,39 54:37.456,75 09:51.307,1905, ,1852, ,0, ,N, ,3, , , , , ,493512, , , ,1,0,0,0,0,0,1,0,1,0,0,1,1,0,0,0,0,0,0,0,0,1,0,0,0,0,0,0,0,0,0,0,0,0,0,4,0,39.9104,-75.1643, , 
 ,45082,2014088678,6,67,67301,2014,7,1,1455,14,1,1,0,4,1, , ,N,1,2,0,3,0,1,2,2,N, ,40 04:04.742,75 03:09.950,1545, ,1544, ,0, , , ,3, , , , , ,493513, , , ,2,1,0,0,0,0,0,0,0,0,0,0,1,1,0,0,0,0,0,0,0,0,0,0,0,0,0,0,0,0,0,0,0,0,0,8,0,40.068,-75.0528, , 
 ,45083,2015002688,6,67,67301,2014,8,6,2317,23,3,1,0,4,1, , ,N,3,0,0,3,0,1,2,2,N,N,40 02:13.960,75 08:11.320,2327, ,2327, ,0, ,N, ,0, , , , , ,496280, , , ,1,0,0,0,0,0,1,0,1,1,0,0,1,0,0,0,0,0,0,0,0,0,0,0,0,0,0,0,0,0,0,1,0,0,0,2,0,40.0372,-75.1365, , 
 ,45084,2015006603,6,67,67301,2014,12,3,1819,18,3,1,0,1,1, , ,N,7,0,2,3,0,1,7,3,N,N,40 06:22.716,74 59:40.944,1825, ,1819,1,1,4,N, ,0,N, , , , ,496283, , , ,3,1,0,0,0,0,2,0,0,0,0,1,1,0,0,0,0,0,0,0,0,0,0,0,0,0,0,0,0,0,0,0,0,0,0,4,0,40.1063,-74.9947, , 
 ,45085,2015006697,6,67,67301,2014,12,7,1555,15,1,1,0,4,1, , ,N,1,2,0,3,0,1,2,2,N,N,40 01:12.646,75 08:55.898,1605, ,1558, ,0, ,N, ,3, , , , , ,496284, , , ,2,0,1,0,1,0,0,0,0,0,0,1,1,0,0,0,0,0,0,0,0,1,0,0,0,0,0,0,0,0,0,0,0,0,0,4,0,40.0202,-75.1488, , 
 ,45086,2014099171,6,67,67301,2014,9,1,2342,23,3,8,8,2,1, , ,N,0,0,0,3,0,3,3,2,N,N,40 04:51.744,75 13:18.048,22, ,18,3,2,6,N, ,0,N, , , , ,496288, , , ,2,1,0,0,0,0,0,1,0,0,0,0,3,3,0,0,0,0,0,0,1,0,0,0,0,0,0,0,0,0,0,0,0,0,0,8,0,40.081,-75.2217, , 
 ,45087,2014099211,6,67,67301,2014,9,6,2303,23,3,1,0,4,1, , ,N,1,2,0,3,0,1,3,2,N,N,39 58:10.746,75 12:41.274,2306, ,2304, ,0, ,N, ,3, , , , , ,496289, , , ,2,1,0,0,1,0,0,0,0,0,0,1,1,0,0,0,0,0,0,0,1,0,0,0,0,0,0,0,0,0,0,0,0,0,0,4,0,39.9697,-75.2115, , 
 ,45088,2014104486,6,67,67301,2014,10,4,1800,18,1,1,0,8,1, , ,N,1,2,0,3,0,1,2,2,N,N,39 55:28.506,75 13:59.344,1807, ,1807, ,0, ,N, ,3, , , , , ,496295, , , ,1,1,0,0,0,0,0,0,0,1,0,0,1,0,0,0,0,0,0,0,0,0,0,0,0,0,0,0,0,0,0,0,1,0,1,2,0,39.9246,-75.2331, , 
 ,45089,2014104507,6,67,67301,2014,9,3,1120,11,1,1,0,4,5, , ,N,0,0,7,3,0,2,2,2,N,N,40 04:40.619,74 59:56.946,1127, ,1123, ,0, ,N, ,0, , , , , ,496296, , , ,2,2,0,0,0,0,0,0,0,0,0,2,2,0,0,0,0,0,0,1,0,0,0,0,0,0,0,0,0,0,0,0,0,0,0,4,0,40.0779,-74.9992, , 
 ,45090,2014117504,6,67,67301,2014,3,3,1645,16,1,1,0,1,1, , ,N,3,3,0,3,0,1,2,2,N,N,39 56:09.964,75 14:04.264,0, ,0, ,0, ,N, ,3, , , , , ,496311, , , ,2,1,0,0,0,0,0,0,0,0,0,0,1,1,1,0,0,0,0,0,1,0,0,0,0,0,0,0,0,0,0,0,0,0,0,8,0,39.9361,-75.2345, , 
 ,45091,2014130609,6,67,67301,2014,12,1,206,2,3,1,0,1,1, , ,N,0,7,0,3,0,0,4,3,N,N,39 59:00.489,75 12:29.619,206, ,206,3,2,3,N, ,3,N, , , , ,496317, , , ,3,3,0,0,0,0,0,0,0,0,0,0,0,0,0,0,0,0,0,0,0,0,0,0,0,0,0,0,0,0,0,0,0,0,0,0,0,39.9835,-75.2082, , 
 ,45092,2014130436,6,67,67301,2014,11,7,1700,17,3,1,0,5,1, , ,N,0,0,0,3,0,1,2,2,N,N,39 57:18.615,75 11:10.361,1700, ,1700,3,1,3, , ,0,N, , , , ,496334, , , ,2,0,0,1,0,0,1,0,0,0,0,0,1,1,0,0,0,0,0,0,2,0,0,0,0,0,0,0,0,0,0,0,0,0,0,8,1,39.9552,-75.1862, , 
 ,45093,2015002668,6,67,67301,2014,12,4,1950,19,3,2,1,4,6, , ,N,1,0,1,3,0,1,1,2,N,N,39 59:23.298,75 07:31.934,2005, ,1955,1,1,4,N, ,0,N, , , , ,496339, , , ,2,1,0,0,0,1,0,0,0,0,0,1,1,0,0,0,0,0,0,0,0,0,0,0,0,0,0,0,0,0,0,0,0,0,0,4,1,39.9898,-75.1255, , 
 ,45094,2015002770,6,67,67301,2014,12,4,1706,17,3,1,0,1,1, , ,N,0,0,0,3,0,1,3,2,N,N,39 55:43.678,75 14:17.366,1709, ,1708, ,0, ,N, ,0, , , , , ,496340, , , ,2,2,0,0,0,0,0,0,0,0,0,1,1,0,0,0,0,0,0,0,0,0,0,0,0,0,0,0,0,0,0,0,0,0,0,4,0,39.9288,-75.2382, , 
 ,45095,2015006624,6,67,67301,2014,12,3,1544,15,1,2,1,4,1, , ,N,1,2,0,3,0,0,4,2,N,N,40 01:04.807,75 08:57.222,1637, ,1630, ,0, ,N, ,3, , , , , ,496342, , , ,2,1,0,0,0,0,0,1,0,0,0,0,0,0,0,0,0,0,0,0,0,0,0,0,0,0,0,0,0,0,0,0,0,0,0,0,0,40.0179,-75.1493, , 
 ,45096,2015006695,6,67,67301,2014,12,6,18,0,3,1,0,4,1, , ,N,2,3,0,3,0,2,3,2,N, ,40 01:14.671,75 08:11.612,107, ,18, ,0, , , ,3, , , , , ,496343, , , ,2,1,0,0,0,0,1,0,0,0,0,0,2,2,1,0,0,0,0,0,0,0,0,1,0,0,0,0,0,0,0,0,0,0,0,8,0,40.0207,-75.1366, , 
 ,45097,2014078812,6,67,67301,2014,6,2,1220,12,1,1,0,4,1, , ,N,2,3,0,3,0,1,2,2,N, ,40 01:26.024,75 06:37.633,1235, ,1230, ,0, , , ,3, , , , , ,496370, , , ,1,0,0,0,0,0,1,0,1,0,0,0,1,1,1,0,0,0,0,0,0,0,0,0,0,0,0,0,0,0,0,0,0,0,0,8,0,40.0239,-75.1105, , 
 ,45098,2014084214,6,67,67301,2014,7,5,1605,16,1,1,0,8,1, , ,N,0,0,0,3,0,1,5,2,N, ,39 55:36.323,75 08:42.134,1613, ,1610, ,0, , , ,0, , , , , ,496377, , , ,1,0,0,0,0,0,0,1,0,0,1,0,1,0,0,0,0,0,0,0,0,0,0,0,0,0,0,0,0,0,0,0,1,0,0,3,0,39.9268,-75.145, , 
 ,45099,2014084408,6,67,67301,2014,7,2,332,3,3,1,0,4,1, , ,N,1,3,0,3,0,1,2,3,N, ,39 57:01.659,75 14:20.864,340, ,336, ,0, , , ,3, , , , , ,496378, , , ,3,2,0,0,0,0,1,0,0,0,0,0,1,1,0,0,0,0,0,0,0,0,0,0,0,0,0,0,0,0,0,0,0,0,0,8,0,39.9505,-75.2391, , 
 ,45100,2014088092,6,67,67301,2014,7,7,1715,17,1,1,0,0,1, , ,N,1,3,0,3,0,1,4,2,N, ,40 00:30.214,75 06:28.789,1717, ,1715, ,0, , , ,3, , , , , ,496382, , , ,2,1,1,0,0,0,0,0,0,0,0,0,1,1,0,0,0,0,0,0,0,0,0,0,0,0,0,0,0,0,0,0,0,0,0,8,0,40.0084,-75.108, , 
 ,45101,2014125083,6,67,67301,2014,11,4,1126,11,1,3,1,7,4, , ,N,0,0,0,3,0,0,2,1,N, ,40 00:59.841,75 12:09.432,1139, ,1127,2,1,1, , ,0,Y, , , , ,500079, , , ,1,1,0,0,0,0,0,0,0,0,0,0,0,0,0,0,0,0,0,1,0,0,0,0,0,0,0,0,0,0,0,0,0,0,0,0,0,40.0166,-75.2026, , 
 ,45102,2015001650,6,67,67301,2014,12,3,1343,13,1,2,1,1,1, , ,N,0,0,0,3,0,1,2,2,N,N,39 58:44.803,75 12:13.322,1353, ,1345, ,0, ,N, ,0, , , , , ,500102, , , ,2,0,0,0,0,1,1,0,0,0,0,1,1,0,0,0,0,0,0,0,0,0,1,0,0,0,0,0,0,0,0,0,0,0,0,4,1,39.9791,-75.2037, , 
 ,45103,2014117802,6,67,67301,2014,11,5,1925,19,3,1,0,7,3, , ,N,0,0,0,3,0,2,2,1,N,N,40 00:10.030,75 04:40.752,1940, ,1925, ,0, ,N, ,0, , , , , ,500103, , , ,1,1,0,0,0,0,0,0,0,0,2,0,2,0,0,0,0,0,0,0,0,0,0,0,0,0,0,0,0,0,0,0,0,0,0,3,0,40.0028,-75.078, , 
 ,45104,2014130381,6,67,67301,2014,12,7,239,2,3,1,0,5,6, , ,N,0,0,0,3,0,0,1,3,N, ,39 58:53.997,75 06:32.065,258, ,256,3,1,1, , ,0,Y, , , , ,500113, , , ,3,2,0,0,0,0,0,1,0,0,0,0,0,0,0,0,0,0,0,0,0,0,0,0,0,0,0,0,0,0,0,0,0,0,0,0,0,39.9817,-75.1089, , 
 ,45105,2015006088,6,67,67301,2014,12,6,2210,22,3,1,0,4,1, , ,N,0,0,7,3,0,2,3,2,N,N,40 02:49.513,75 08:34.746,2220, ,2210, ,0, ,N, ,0, , , , , ,500117, , , ,2,2,0,0,0,0,0,0,0,0,0,1,2,1,0,0,0,0,0,0,1,0,0,0,0,0,0,0,0,0,0,0,0,0,0,4,0,40.0471,-75.143, , 
 ,45106,2015030998,6,67,67301,2014,12,6,1500,15,1,1,0,4,1, , ,N,1,2,0,3,0,1,5,2,N,N,39 56:43.207,75 13:46.335,0, ,0, ,0, ,N, ,3, , , , , ,500118, , , ,2,0,0,0,0,0,1,1,0,0,0,1,1,0,0,0,0,0,0,0,0,1,0,0,0,0,0,0,0,0,0,0,0,0,0,4,0,39.9453,-75.2295, , 
 ,45107,2014115664,6,67,67301,2014,11,5,1635,16,4,2,1,1,1, , ,N,0,0,0,3,0,0,6,2,N,N,39 58:57.272,75 06:00.152,1655, ,1641,1,1,2,N, ,0,N, , , , ,500123, , , ,2,1,0,0,0,1,0,0,0,0,0,0,0,0,0,0,0,0,0,0,0,0,0,0,0,0,0,0,0,0,0,0,0,0,0,0,0,39.9825,-75.1002, , 
 ,45108,2015002777,6,67,67301,2014,12,7,1835,18,1,1,0,4,1, , ,N,1,2,0,3,0,1,7,3,N,N,40 08:03.425,75 00:32.780,1845, ,1840,2,1,3,N, ,3,Y, , , , ,500142, , , ,3,1,0,0,0,0,2,0,0,0,1,0,1,0,0,0,0,0,0,0,0,0,0,0,0,0,0,0,0,0,0,0,0,0,0,3,0,40.1343,-75.0091, , 
 ,45109,2014111494,6,67,67301,2014,10,7,238,2,3,1,0,2,1, , ,N,0,0,0,3,0,1,2,2,N, ,40 01:36.559,75 06:59.636,241, ,238,1,2,2, , ,0,Y, , , , ,500146, , , ,2,1,0,0,0,0,1,0,0,0,0,0,1,1,1,0,0,0,0,0,1,0,0,0,0,0,0,0,0,0,0,0,0,0,0,8,0,40.0268,-75.1166, , 
 ,45110,2014113332,6,67,67301,2014,11,4,1956,19,3,1,0,1,1, , ,N,0,2,0,3,0,3,4,2,N,N,40 00:52.634,75 04:05.649,1959, ,1956,9,1,1,N, ,3,N, , , , ,500158, , , ,2,1,0,0,0,0,1,0,0,0,0,0,3,3,0,0,0,0,0,0,0,1,1,0,0,0,0,0,0,0,0,0,0,0,0,8,0,40.0146,-75.0682, , 