wz_ln_closure,objectid_1,crn,district,county,municipality,crash_year,crash_month,day_of_week,time_of_day,hour_of_day,illumination,weather,road_condition,collision_type,relation_to_road,work_zone_type,work_zone_loc,work_zone_ind,intersect_type,tcd_type,location_type,urban_rural,fatal_count,injury_count,person_count,total_units,sch_bus_ind,sch_zone_ind,latitude,longitude,arrival_tm,cons_zone_spd_lim,dispatch_tm,est_hrs_closed,lane_closed,ln_close_dir,ntfy_hiwy_maint,spec_juris_cd,tcd_func_cd,tfc_detour_ind,workers_pres,wz_close_detour,wz_flagger,wz_law_offcr_ind,objectid,wz_moving,wz_other,wz_shlder_mdn,vehicle_count,automobile_count,motorcycle_count,bus_count,small_truck_count,heavy_truck_count,suv_count,van_count,bicycle_count,maj_inj_count,mod_inj_count,min_inj_count,tot_inj_count,unk_inj_deg_count,unk_inj_per_count,driver_count_16yr,driver_count_17yr,driver_count_18yr,driver_count_19yr,driver_count_20yr,driver_count_50_64yr,driver_count_65_74yr,driver_count_75plus,unbelted_occ_count,unb_death_count,unb_maj_inj_count,belted_death_count,belted_maj_inj_count,mcycle_death_count,mcycle_maj_inj_count,bicycle_death_count,bicycle_maj_inj_count,ped_count,ped_death_count,ped_maj_inj_count,max_severity_level,comm_veh_count,dec_lat,dec_long,rdwy_surf_type_cd,county_name
 ,45111,2015020786,6,67,67301,2014,12,3,1950,19,3,2,1,8,1, , ,N,0,0,0,3,0,1,2,2,N, ,40 03:01.628,75 08:32.104,2000, ,2000, ,0, , , ,0, , , , , ,500180, , , ,1,1,0,0,0,0,0,0,0,0,0,0,1,1,0,0,0,0,0,0,0,0,0,0,0,0,0,0,0,0,0,0,1,0,0,8,0,40.0505,-75.1423, , 
 ,45112,2014125134,6,67,67301,2014,11,4,9999,99,5,2,1,8,1, , ,N,1,2,0,3,0,1,2,2,N,N,39 54:45.975,75 09:37.454,9999, ,9999, ,0, ,N, ,3, , , , , ,500191, , , ,1,0,0,0,0,0,1,0,0,0,0,1,1,0,0,0,0,0,0,1,0,0,0,0,0,0,0,0,0,0,0,0,1,0,0,4,0,39.9128,-75.1604, , 
 ,45113,2014127529,6,67,67301,2014,12,3,115,1,3,2,1,8,1, , ,N,1,2,0,3,0,1,2,2,N,N,39 56:57.198,75 09:02.606,129, ,121, ,0, ,N, ,3, , , , , ,500193, , , ,1,0,0,1,0,0,0,0,0,0,0,1,1,0,0,0,0,0,0,0,1,0,0,0,0,0,0,0,0,0,0,0,1,0,0,4,1,39.9492,-75.1508, , 
 ,45114,2014125053,6,67,67301,2014,11,1,1309,13,1,1,0,4,1, , ,N,0,0,7,3,0,0,2,2,N,N,40 05:51.273,75 01:49.945,1321, ,1316, ,0, ,N, ,0, , , , , ,500202, , , ,2,2,0,0,0,0,0,0,0,0,0,0,0,0,0,0,0,0,0,0,0,1,1,0,0,0,0,0,0,0,0,0,0,0,0,0,0,40.0976,-75.0305, , 
 ,45115,2014127415,6,67,67301,2014,12,1,200,2,3,2,1,7,4, , ,N,0,0,0,3,0,0,1,1,N, ,39 58:32.853,75 11:21.576,221, ,203, ,0, , , ,0, , , , , ,500204, , , ,1,1,0,0,0,0,0,0,0,0,0,0,0,0,1,0,0,0,0,0,0,0,0,0,0,0,0,0,0,0,0,0,0,0,0,9,0,39.9758,-75.1893, , 
 ,45116,2015006068,6,67,67301,2014,12,3,2047,20,3,1,0,8,1, , ,N,1,3,0,3,0,1,2,2,N,N,39 56:00.960,75 10:58.119,2047, ,2047, ,0, ,N, ,3, , , , , ,500210, , , ,1,1,0,0,0,0,0,0,0,0,0,0,1,1,0,0,0,0,0,0,0,0,0,0,0,0,0,0,0,0,0,0,1,0,0,8,0,39.9336,-75.1828, , 
 ,45117,2014115630,6,67,67301,2014,11,1,1320,13,1,1,0,8,1, , ,N,0,0,0,3,0,1,2,2,N, ,40 01:25.341,75 05:19.208,1323, ,1320, ,0, , , ,0, , , , , ,500232, , , ,1,1,0,0,0,0,0,0,0,0,0,1,1,0,0,0,0,0,0,0,0,0,0,0,0,0,0,0,0,0,0,0,1,0,0,4,0,40.0237,-75.0887, , 
 ,45118,2014120842,6,67,67301,2014,11,7,1453,14,1,1,0,1,1, , ,N,0,2,0,3,0,1,2,2,N,N,39 56:45.501,75 14:23.202,1619, ,1617, ,0, , , ,3, , , , , ,500256, , , ,2,2,0,0,0,0,0,0,0,0,0,1,1,0,1,0,0,0,0,0,0,0,0,0,0,0,0,0,0,0,0,0,0,0,0,4,0,39.946,-75.2398, , 
 ,45119,2015002673,6,67,67301,2014,12,1,1058,10,1,1,0,4,1, , ,N,1,3,0,3,0,6,8,2,N, ,39 58:54.206,75 10:52.697,1101, ,1100,2,1,3, , ,3,N, , , , ,490610, , , ,2,2,0,0,0,0,0,0,0,0,0,6,6,0,0,0,0,0,0,0,0,0,0,0,0,0,0,0,0,0,0,0,0,0,0,4,0,39.9817,-75.1813, , 
 ,45120,2014115579,6,67,67301,2014,10,3,1726,17,1,1,0,5,6, , ,N,0,0,0,3,0,1,1,4,N,N,39 59:41.977,75 06:56.381,1750, ,1247,3,1,3,N, ,0,Y, , , , ,490620, , , ,4,4,0,0,0,0,0,0,0,1,0,0,1,0,0,0,0,0,0,0,0,0,0,0,0,0,0,0,0,0,0,0,0,0,0,2,0,39.995,-75.1157, , 
 ,45121,2015000348,6,67,67301,2014,12,2,936,9,1,1,0,4,1, , ,N,1,2,0,3,0,4,4,2,N,N,39 59:17.883,75 15:14.303,936, ,936,1,2,4,N, ,3,N, , , , ,490637, , , ,2,1,0,0,0,0,1,0,0,0,0,4,4,0,0,0,0,0,0,0,2,0,0,0,0,0,0,0,0,0,0,0,0,0,0,4,0,39.9883,-75.254, , 
 ,45122,2014104423,6,67,67301,2014,10,4,1442,14,1,1,0,4,1, , ,N,1,3,0,3,0,0,2,2,N,N,40 05:08.311,74 58:34.345,1502, ,1457, ,0, , , ,3, , , , , ,490670, , , ,2,2,0,0,0,0,0,0,0,0,0,0,0,0,0,0,0,0,0,1,1,0,0,0,0,0,0,0,0,0,0,0,0,0,0,0,0,40.0856,-74.9762, , 
 ,45123,2014099206,6,67,67301,2014,9,7,1323,13,1,1,0,8,1, , ,N,1,2,0,3,0,1,2,2,N, ,40 02:13.610,75 08:22.736,1324, ,1223, ,0, , , ,3, , , , , ,490704, , , ,1,0,0,0,0,0,1,0,0,0,0,1,1,0,0,0,0,0,0,0,1,0,0,0,0,0,0,0,0,0,0,0,1,0,0,4,0,40.0371,-75.1396, , 
 ,45124,2014079282,6,67,67301,2014,6,4,2130,21,3,1,0,4,1, , ,N,5,2,2,3,0,1,3,2,N,N,39 57:11.151,75 10:54.540,2152, ,2147, ,0, ,N, ,3, , , , , ,490732, , , ,2,2,0,0,0,0,0,0,0,0,0,1,1,0,0,0,0,0,0,0,0,0,0,0,0,0,0,0,0,0,0,0,0,0,0,4,0,39.9531,-75.1819, , 
 ,45125,2014081433,6,67,67301,2014,6,3,1140,11,1,1,0,4,1, , ,N,1,3,0,3,0,4,4,2,N,N,39 55:17.340,75 08:50.248,1215, ,1157,2,2,1,N, ,3,N, , , , ,490733, , , ,2,1,0,0,0,0,1,0,0,0,0,0,4,4,0,0,0,1,0,0,1,0,0,0,0,0,0,0,0,0,0,0,0,0,0,8,0,39.9215,-75.1473, , 
 ,45126,2014082990,6,67,67301,2014,8,3,1100,11,1,1,0,5,6, , ,N,0,0,0,3,0,0,1,3,N,N,39 58:59.370,75 09:31.090,1115, ,1110, ,0, ,N, ,0, , , , , ,490735, , , ,3,1,0,0,0,0,2,0,0,0,0,0,0,0,0,0,0,0,0,0,0,1,0,0,0,0,0,0,0,0,0,0,0,0,0,0,0,39.9832,-75.1586, , 
 ,45127,2014096379,6,67,67301,2014,9,7,1418,14,1,2,1,7,4, , ,N,2,3,0,3,0,2,2,1,N, ,40 02:39.278,75 12:00.291,1508, ,1500, ,0, , , ,3, , , , , ,490741, , , ,1,1,0,0,0,0,0,0,0,0,1,0,2,1,0,0,0,0,0,0,0,0,1,0,0,0,0,0,0,0,0,0,0,0,0,3,0,40.0442,-75.2001, , 
 ,45128,2014106776,6,67,67301,2014,10,4,1740,17,4,1,0,5,6, , ,N,0,0,0,3,0,3,5,4,N,N,40 01:29.666,75 07:50.479,1750, ,1740,1,1,2,N, ,0,Y, , , , ,490751, , , ,4,0,0,0,0,0,3,1,0,0,0,3,3,0,0,0,0,0,0,0,1,0,0,0,0,0,0,0,0,0,0,0,0,0,0,4,0,40.0249,-75.1307, , 
 ,45129,2014112289,6,67,67301,2014,10,2,2120,21,3,1,0,4,1, , ,N,2,2,0,3,0,2,7,2,N,N,40 05:03.219,74 59:24.172,2130, ,2124,2,1,1,N, ,3,N, , , , ,490757, , , ,2,1,0,0,0,0,1,0,0,0,0,2,2,0,0,0,0,0,0,0,0,0,0,5,0,0,0,0,0,0,0,0,0,0,0,4,0,40.0841,-74.9902, , 
 ,45130,2014122428,6,67,67301,2014,11,2,1412,14,1,1,0,8,1, , ,N,0,0,0,3,0,1,2,2,N,N,40 05:55.680,74 58:19.286,1423, ,1416, ,0, , , ,0, , , , , ,490763, , , ,1,0,0,0,0,0,0,1,0,0,1,0,1,0,0,0,0,0,0,0,0,0,0,0,0,0,0,0,0,0,0,0,1,0,0,3,0,40.0988,-74.972, , 
 ,45131,2014125120,6,67,67301,2014,11,1,2312,23,3,1,0,4,1, , ,N,1,2,2,3,0,1,2,2,N, ,39 57:15.887,75 08:53.056,2337, ,2334,9,1,1, , ,3,N, , , , ,490797, , , ,2,1,0,0,0,0,1,0,0,0,0,0,1,1,0,0,0,0,0,0,0,0,0,0,0,0,0,0,0,0,0,0,0,0,0,8,0,39.9544,-75.1481, , 
 ,45132,2015002691,6,67,67301,2014,12,7,2030,20,3,1,0,4,1, , ,N,1,2,0,3,0,2,5,2,N,N,40 01:54.231,75 10:43.900,2038, ,2035, ,0, ,N, ,3, , , , , ,490800, , , ,2,2,0,0,0,0,0,0,0,0,0,0,2,2,0,0,0,0,0,0,1,0,0,0,0,0,0,0,0,0,0,0,0,0,0,8,0,40.0317,-75.1789, , 
 ,45133,2014121434,6,67,67301,2014,11,6,935,9,1,1,0,4,1, , ,N,1,2,0,3,0,2,5,2,N,N,39 58:02.378,75 14:44.992,1010, ,1005, ,0, ,N, ,3, , , , , ,490814, , , ,2,1,0,0,0,0,1,0,0,0,0,2,2,0,0,0,0,0,0,0,0,0,0,0,0,0,0,0,0,0,0,0,0,0,0,4,0,39.9673,-75.2457, , 
 ,45134,2014130545,6,67,67301,2014,12,6,1810,18,3,2,1,8,1, , ,N,1,2,0,3,0,1,2,2,N, ,39 57:25.085,75 13:31.946,1830, ,1822, ,0, , , ,3, , , , , ,490820, , , ,1,1,0,0,0,0,0,0,0,0,0,1,1,0,0,0,0,0,0,0,0,0,0,1,0,0,0,0,0,0,0,0,1,0,0,4,0,39.957,-75.2255, , 
 ,45135,2014131922,6,67,67301,2014,12,2,1400,14,1,1,0,1,1, , ,N,0,0,0,3,0,0,3,2,N,N,39 57:01.843,75 10:59.486,1456, ,1400,1,1,4,N, ,0,N, , , , ,490822, , , ,2,2,0,0,0,0,0,0,0,0,0,0,0,0,0,0,0,0,0,0,0,0,0,0,0,0,0,0,0,0,0,0,0,0,0,0,0,39.9505,-75.1832, , 
 ,45136,2015029958,6,67,67301,2014,11,6,803,8,1,1,0,1,1, , ,N,0,0,0,3,0,1,2,2,N,N,40 01:57.293,75 04:18.518,0, ,0, ,0, ,N, ,0, , , , , ,490825, , , ,2,2,0,0,0,0,0,0,0,0,1,0,1,0,0,0,0,0,0,0,0,0,0,0,0,0,0,0,0,0,0,0,0,0,0,3,0,40.0326,-75.0718, , 
 ,45137,2014109881,6,67,67301,2014,10,5,930,9,1,2,1,6,1, , ,N,0,0,0,3,0,0,2,2,N, ,39 58:50.980,75 11:55.722,930, ,930,1,1,1, , ,0,N, , , , ,493524, , , ,2,1,0,0,0,0,0,1,0,0,0,0,0,0,0,0,0,0,0,0,1,0,0,0,0,0,0,0,0,0,0,0,0,0,0,0,0,39.9808,-75.1988, , 
 ,45138,2014113450,6,67,67301,2014,10,6,1910,19,3,1,0,4,1, , ,N,1,0,0,3,0,1,2,2,N,N,39 58:10.883,75 08:26.410,1925, ,1920, ,0, ,N, ,0, , , , , ,493528, , , ,2,2,0,0,0,0,0,0,0,0,0,0,1,1,1,0,0,0,0,1,0,0,0,2,0,0,0,0,0,0,0,0,0,0,0,8,0,39.9696,-75.1407, , 
 ,45139,2014120290,6,67,67301,2014,11,4,733,7,1,5,1,1,1, , ,N,2,0,0,3,0,0,2,2,N,N,40 02:12.957,75 11:41.884,745, ,734, ,0, ,N, ,0, , , , , ,493539, , , ,2,0,0,0,0,0,2,0,0,0,0,0,0,0,0,1,0,0,0,0,0,0,0,2,0,0,0,0,0,0,0,0,0,0,0,0,0,40.0369,-75.195, , 
 ,45140,2014120295,6,67,67301,2014,11,6,1607,16,1,1,0,7,4, , ,N,0,0,0,3,0,1,1,1,N, ,40 02:31.075,75 02:39.481,1615, ,1607, ,0, , , ,0, , , , , ,493540, , , ,1,0,0,0,0,0,1,0,0,0,0,0,1,1,0,0,0,0,0,0,0,0,0,0,0,0,0,0,0,0,0,0,0,0,0,8,0,40.042,-75.0443, , 
 ,45141,2014124648,6,67,67301,2014,12,3,2238,22,3,1,1,7,2, , ,N,0,0,0,3,0,0,1,1,N,N,39 57:36.375,75 10:49.794,2248, ,2241,1,1,3,N, ,0,N, , , , ,493543, , , ,1,1,0,0,0,0,0,0,0,0,0,0,0,0,0,0,0,0,0,0,0,0,0,0,0,0,0,0,0,0,0,0,0,0,0,0,0,39.9601,-75.1805, , 
 ,45142,2014126746,6,67,67301,2014,12,3,1000,10,1,2,1,7,2, , ,N,0,0,0,3,0,1,1,1,N,N,39 58:57.899,75 12:28.184,1010, ,1006,1,1,4,N, ,0,N, , , , ,493545, , , ,1,0,0,0,1,0,0,0,0,0,0,1,1,0,0,0,0,0,0,0,1,0,0,0,0,0,0,0,0,0,0,0,0,0,0,4,0,39.9827,-75.2078, , 
 ,45143,2015003326,6,67,67301,2014,12,7,2308,23,3,4,0,7,2, , ,N,0,0,0,3,0,0,5,1,N,N,40 01:18.437,75 08:22.555,2315, ,2308,1,1,2,N, ,0,N, , , , ,493575, , , ,1,0,0,0,0,0,1,0,0,0,0,0,0,0,0,0,0,0,0,0,0,0,0,0,0,0,0,0,0,0,0,0,0,0,0,0,0,40.0216,-75.1396, , 
 ,45144,2015009060,6,67,67301,2014,12,3,9999,99,3,2,1,8,1, , ,N,1,2,0,3,0,1,2,2,N, ,40 03:14.351,75 02:56.006,1812, ,1801,1,1,1, , ,3,N, , , , ,493576, , , ,1,0,0,0,0,0,0,0,0,0,0,0,1,1,0,0,0,0,0,0,0,0,0,0,0,0,0,0,0,0,0,0,1,0,0,8,0,40.0541,-75.049, , 
 ,45145,2014075022,6,67,67301,2014,7,1,224,2,3,1,0,7,5, , ,N,0,0,0,3,0,0,2,1,N,N,39 57:30.051,75 08:26.610,236, ,225,1,1,1,N, ,0,N, , , , ,493584, , , ,1,1,0,0,0,0,0,0,0,0,0,0,0,0,0,0,0,0,0,0,0,0,0,0,0,0,0,0,0,0,0,0,0,0,0,0,0,39.9583,-75.1407, , 
 ,45146,2014087846,6,67,67301,2014,7,4,830,8,1,1,0,3,6, , ,N,0,0,0,3,0,1,1,2,N,N,40 04:30.223,74 59:22.444,847, ,830, ,0, , , ,0, , , , , ,493594, , , ,2,1,0,0,1,0,0,0,0,0,0,1,1,0,0,0,0,0,0,0,0,0,1,0,0,0,0,0,0,0,0,0,0,0,0,4,0,40.0751,-74.9896, , 
 ,45147,2014087920,6,67,67301,2014,8,2,1317,13,1,1,0,4,1, , ,N,2,2,0,3,0,1,2,2,N, ,40 05:29.941,74 57:56.517,1317, ,1317, ,0, , , ,3, , , , , ,493595, , , ,2,2,0,0,0,0,0,0,0,0,0,0,1,1,0,0,0,0,0,0,1,0,0,0,0,0,0,0,0,0,0,0,0,0,0,8,0,40.0915,-74.9656, , 
 ,45148,2014120897,6,67,67301,2014,11,6,2225,22,2,1,0,7,4, , ,N,2,2,0,3,0,1,2,1,N, ,39 58:49.522,75 11:52.178,2230, ,2225,1,1,1, , ,3,N, , , , ,493626, , , ,1,1,0,0,0,0,0,0,0,0,0,1,1,0,0,0,0,0,0,0,0,0,0,1,0,0,0,0,0,0,0,0,0,0,0,4,0,39.9805,-75.1978, , 
 ,45149,2014106688,6,67,67301,2014,10,7,35,0,3,2,1,4,1, , ,N,1,2,0,3,0,0,3,2,N,N,40 02:02.615,75 10:58.439,55, ,51, ,0, ,N, ,3, , , , , ,493642, , , ,2,2,0,0,0,0,0,0,0,0,0,0,0,0,3,0,0,1,0,0,0,0,0,0,0,0,0,0,0,0,0,0,0,0,0,9,0,40.0341,-75.1829, , 
 ,45150,2014107732,6,67,67301,2014,11,7,140,1,3,2,1,8,1, , ,N,0,0,0,3,0,1,2,2,N,N,39 58:43.748,75 09:32.106,142, ,140, ,0, ,N, ,0, , , , , ,493644, , , ,1,1,0,0,0,0,0,0,0,0,0,1,1,0,0,0,0,0,0,0,0,0,0,0,0,0,0,0,0,0,0,0,1,0,0,4,0,39.9788,-75.1589, , 
 ,45151,2014112768,6,67,67301,2014,10,4,27,0,3,1,0,1,1, , ,N,1,4,0,3,0,2,3,3,N,N,39 56:37.717,75 14:16.351,32, ,28,2,1,4, , ,3,N, , , , ,493650, , , ,3,1,0,0,0,0,2,0,0,0,0,0,2,2,0,0,0,0,0,0,1,0,0,0,0,0,0,0,0,0,0,0,0,0,0,8,0,39.9438,-75.2378, , 
N,45152,2014124045,6,67,67301,2014,11,7,1640,16,1,1,0,7,2,1,4,Y,0,0,0,3,0,1,2,1,N,N,40 01:06.943,75 02:50.105,1640,45,1640, ,0, ,N, ,0, ,N,N,N,N,493658,N,Y,N,1,1,0,0,0,0,0,0,0,0,0,1,1,0,0,0,0,0,0,0,0,0,0,0,0,0,0,0,0,0,0,0,0,0,0,4,0,40.0186,-75.0473, , 
 ,45153,2014111510,6,67,67301,2014,10,1,1115,11,1,1,0,5,1, , ,N,0,0,0,3,0,1,3,2,N, ,39 55:53.692,75 09:57.461,1150, ,1140, ,0, , , ,0, , , , , ,493670, , , ,1,0,0,0,0,0,1,0,1,0,0,1,1,0,0,0,0,0,0,0,0,0,0,0,0,0,0,0,0,0,0,0,0,0,0,4,0,39.9316,-75.166, , 
 ,45154,2014127414,6,67,67301,2014,12,1,400,4,3,2,1,1,6, , ,N,0,0,0,3,0,0,1,3,N,N,39 57:45.745,75 13:14.350,404, ,400, ,0, ,N, ,0, , , , , ,493690, , , ,3,0,0,0,0,0,2,0,0,0,0,0,0,0,0,0,0,0,0,0,0,0,0,0,0,0,0,0,0,0,0,0,0,0,0,0,0,39.9627,-75.2207, , 
 ,45155,2014104481,6,67,67301,2014,10,3,415,4,3,8,1,7,4, , ,N,1,2,0,3,0,2,2,1,N,N,39 56:59.100,75 10:03.072,420, ,415, ,0, ,N, ,3, , , , , ,493710, , , ,1,1,0,0,0,0,0,0,0,0,0,0,2,2,0,0,0,0,0,0,0,0,0,0,0,0,0,0,0,0,0,0,0,0,0,8,0,39.9497,-75.1674, , 
 ,45156,2014107673,6,67,67301,2014,10,1,900,9,1,1,0,9,1, , ,N,0,0,0,3,0,0,1,1,N,N,39 59:26.333,75 12:17.430,906, ,901,1,1,3,N, ,0,N, , , , ,496398, , , ,1,0,0,0,0,0,1,0,0,0,0,0,0,0,0,0,0,0,0,0,0,0,0,0,0,0,0,0,0,0,0,0,0,0,0,0,0,39.9906,-75.2048, , 
 ,45157,2014113454,6,67,67301,2014,11,7,210,2,3,1,0,1,6, , ,N,0,0,0,3,0,0,2,3,N,N,39 58:27.250,75 12:10.139,212, ,212, ,0, ,N, ,0, , , , , ,496404, , , ,3,1,0,0,0,0,2,0,0,0,0,0,0,0,0,0,0,0,0,0,0,0,0,0,0,0,0,0,0,0,0,0,0,0,0,0,0,39.9742,-75.2028, , 
 ,45158,2014114549,6,46,46105,2014,11,4,1905,19,3,1,0,4,1, , ,N,2,2,0,3,0,0,3,2,N,N,40 06:31.161,75 03:15.325,1907, ,1905,1,2,3,N, ,3,N, , , , ,496406, , , ,2,2,0,0,0,0,0,0,0,0,0,0,0,0,0,0,0,0,0,0,0,0,0,0,0,0,0,0,0,0,0,0,0,0,0,0,0,40.1087,-75.0543, , 
 ,45159,2014106709,6,67,67301,2014,10,5,648,6,5,1,0,1,6, , ,N,0,0,0,3,0,1,1,5,N,N,39 59:29.300,75 08:18.322,910, ,900, ,0, ,N, ,0, , , , , ,496408, , , ,5,3,0,0,0,0,1,0,0,0,0,1,1,0,0,0,0,0,0,0,0,0,0,0,0,0,0,0,0,0,0,0,0,0,0,4,0,39.9915,-75.1384, , 
 ,45160,2014110439,6,67,67301,2014,10,7,650,6,1,1,0,4,1, , ,N,1,2,0,3,0,2,3,2,N,N,39 57:15.166,75 08:47.061,700, ,655, ,0, ,N, ,3, , , , , ,496414, , , ,2,1,0,0,0,0,1,0,0,0,1,0,2,1,0,0,0,0,0,0,1,0,0,0,0,0,0,0,0,0,0,0,0,0,0,3,0,39.9542,-75.1464, , 
 ,45161,2014121450,6,67,67301,2014,11,4,1600,16,1,1,0,4,1, , ,N,1,3,0,3,0,0,2,2,N, ,40 03:23.403,75 03:49.064,1610, ,1606, ,0, , , ,3, , , , , ,496416, , , ,2,2,0,0,0,0,0,0,0,0,0,0,0,0,0,0,0,1,0,0,0,0,0,0,0,0,0,0,0,0,0,0,0,0,0,0,0,40.0565,-75.0636, , 
 ,45162,2014114450,6,67,67301,2014,8,4,1800,18,1,1,0,1,1, , ,N,1,2,0,3,0,1,2,2,N,N,40 02:40.636,75 03:16.819,0, ,0, ,0, ,N, ,3, , , , , ,496419, , , ,2,1,0,0,0,0,0,0,0,0,0,0,1,1,1,0,0,0,0,0,0,0,0,0,0,0,0,0,0,0,0,0,0,0,0,8,0,40.0446,-75.0547, , 
 ,45163,2014120320,6,67,67301,2014,11,1,1509,15,1,1,0,4,1, , ,N,1,2,0,3,0,6,8,2,N, ,39 56:33.464,75 13:17.018,1516, ,1514, ,0, , , ,3, , , , , ,496427, , , ,2,1,0,0,0,0,1,0,0,0,0,6,6,0,0,0,0,0,0,0,0,0,0,0,0,0,0,0,0,0,0,0,0,0,0,4,0,39.9426,-75.2214, , 
 ,45164,2014127429,6,67,67301,2014,12,2,1250,12,1,1,0,8,1, , ,N,1,2,0,3,0,1,2,2,N, ,39 56:59.326,75 09:19.840,1304, ,1302, ,0, , , ,3, , , , , ,496437, , , ,1,0,0,0,0,0,0,1,0,0,0,1,1,0,0,0,0,0,0,0,0,0,0,0,0,0,0,0,0,0,0,0,1,0,0,4,0,39.9498,-75.1554, , 
 ,45165,2015088298,6,67,67301,2014,12,6,2200,22,3,1,0,4,1, , ,N,1,2,0,3,0,2,3,2,N,N,40 00:19.424,75 06:33.741,0, ,0, ,0, ,N, ,3, , , , , ,496443, , , ,2,2,0,0,0,0,0,0,0,0,0,0,2,2,0,0,0,0,1,0,0,0,0,0,0,0,0,0,0,0,0,0,0,0,0,8,0,40.0054,-75.1094, , 
 ,45166,2014122459,6,67,67301,2014,11,4,400,4,3,1,0,7,3, , ,N,0,0,0,3,0,1,1,1,N,N,40 01:25.618,75 08:53.065,406, ,403, ,0, ,N, ,0, , , , , ,496449, , , ,1,1,0,0,0,0,0,0,0,0,1,0,1,0,0,0,0,0,0,0,1,0,0,1,0,0,0,0,0,0,0,0,0,0,0,3,0,40.0238,-75.1481, , 
 ,45167,2014127492,6,67,67301,2014,12,2,820,8,1,1,0,1,1, , ,N,0,2,0,3,0,1,6,3,N,N,40 00:22.747,75 06:59.381,828, ,828, ,0, ,N, ,3, , , , , ,496456, , , ,3,1,0,0,1,0,0,1,0,0,1,0,1,0,0,0,0,0,0,0,1,0,0,0,0,0,0,0,0,0,0,0,0,0,0,3,0,40.0063,-75.1165, , 
 ,45168,2014127417,6,67,67301,2014,12,7,2100,21,3,9,8,8,1, , ,N,1,2,0,3,0,1,2,2,N,N,39 57:05.578,75 09:24.232,1035, ,1032, ,0, ,N, ,3, , , , , ,496466, , , ,1,1,0,0,0,0,0,0,0,0,0,1,1,0,1,0,0,0,0,0,0,0,0,0,0,0,0,0,0,0,0,0,1,0,0,4,0,39.9515,-75.1567, , 
 ,45169,2014132660,6,67,67301,2014,12,2,1745,17,3,1,0,1,1, , ,N,0,0,0,3,0,1,3,3,N,N,39 58:08.516,75 07:38.305,1816, ,1751, ,0, ,N, ,0, , , , , ,496472, , , ,3,3,0,0,0,0,0,0,0,0,0,1,1,0,0,0,0,0,0,0,0,0,0,0,0,0,0,0,0,0,0,0,0,0,0,4,0,39.969,-75.1273, , 
 ,45170,2014126754,6,67,67301,2014,12,5,1329,13,1,4,1,1,1, , ,N,0,0,0,3,0,1,3,3,N,N,39 56:26.505,75 08:36.706,1339, ,1332,1,1,2,N, ,0,N, , , , ,496483, , , ,3,1,0,0,1,1,0,0,0,0,0,0,1,1,0,0,0,0,0,0,1,0,0,0,0,0,0,0,0,0,0,0,0,0,0,8,1,39.9407,-75.1435, , 
 ,45171,2014127506,6,67,67301,2014,12,3,1700,17,3,2,1,4,1, , ,N,1,3,0,3,0,1,3,3,N, ,40 02:59.290,75 05:57.778,1715, ,1709, ,0, , , ,3, , , , , ,496484, , , ,3,0,0,0,0,0,1,2,0,0,0,0,1,1,0,0,0,0,0,0,2,0,0,0,0,0,0,0,0,0,0,0,0,0,0,8,0,40.0498,-75.0994, , 
 ,45172,2015006115,6,67,67301,2014,12,2,1235,12,1,1,0,4,1, , ,N,0,0,7,3,0,1,2,2,N,N,40 01:59.400,75 05:27.000,1241, ,1237,1,1,2,N, ,0,N, , , , ,496490, , , ,1,0,0,0,0,0,1,0,1,0,0,1,1,0,0,0,0,0,0,0,0,0,0,0,0,0,0,0,0,0,0,0,0,0,0,4,0,40.0332,-75.0908, , 
 ,45173,2014124454,6,67,67301,2014,11,5,1140,11,1,1,0,4,1, , ,N,1,3,0,3,0,0,4,2,N,N,40 02:30.991,75 02:11.691,1159, ,1152, ,0, , , ,3, , , , , ,496505, , , ,2,1,0,0,1,0,0,0,0,0,0,0,0,0,0,0,0,0,0,0,0,0,0,0,0,0,0,0,0,0,0,0,0,0,0,0,0,40.0419,-75.0366, , 
 ,45174,2014124999,6,67,67301,2014,11,1,1632,16,1,1,0,4,1, , ,N,5,2,2,3,0,0,3,2,N,N,39 53:56.856,75 10:29.425,1650, ,1640,2,2,1,N, ,3,Y, , , , ,496506, , , ,2,0,0,0,1,0,0,1,0,0,0,0,0,0,0,0,0,0,0,0,1,0,0,0,0,0,0,0,0,0,0,0,0,0,0,0,0,39.8991,-75.1748, , 
 ,45175,2014125044,6,67,67301,2014,11,4,1017,10,1,4,1,5,1, , ,N,0,0,0,3,0,0,2,2,N,N,39 57:14.863,75 11:24.433,1021, ,1018,1,2,4,N, ,0,N, , , , ,498252, , , ,2,1,0,0,0,0,1,0,0,0,0,0,0,0,0,0,0,0,0,0,0,0,0,0,0,0,0,0,0,0,0,0,0,0,0,0,0,39.9541,-75.1901, , 
 ,45176,2015006070,6,67,67301,2014,12,7,2315,23,3,1,0,4,1, , ,N,0,0,0,3,0,0,2,2,N,N,39 57:37.083,75 13:29.270,2330, ,2323, ,0, ,N, ,0, , , , , ,498260, , , ,2,2,0,0,0,0,0,0,0,0,0,0,0,0,0,0,0,0,0,0,0,0,0,0,0,0,0,0,0,0,0,0,0,0,0,0,0,39.9603,-75.2248, , 
 ,45177,2015009660,6,67,67301,2014,12,6,20,0,3,1,1,7,5, , ,N,0,0,0,3,1,0,1,1,N,N,39 56:10.980,75 12:47.610,52, ,48,3,1,4, ,0,0,N, , , , ,498261, , , ,1,1,0,0,0,0,0,0,0,0,0,0,0,0,0,0,0,0,0,0,0,0,0,1,1,0,0,0,0,0,0,0,0,0,0,1,0,39.9364,-75.2132,1, 