wz_ln_closure,objectid_1,crn,district,county,municipality,crash_year,crash_month,day_of_week,time_of_day,hour_of_day,illumination,weather,road_condition,collision_type,relation_to_road,work_zone_type,work_zone_loc,work_zone_ind,intersect_type,tcd_type,location_type,urban_rural,fatal_count,injury_count,person_count,total_units,sch_bus_ind,sch_zone_ind,latitude,longitude,arrival_tm,cons_zone_spd_lim,dispatch_tm,est_hrs_closed,lane_closed,ln_close_dir,ntfy_hiwy_maint,spec_juris_cd,tcd_func_cd,tfc_detour_ind,workers_pres,wz_close_detour,wz_flagger,wz_law_offcr_ind,objectid,wz_moving,wz_other,wz_shlder_mdn,vehicle_count,automobile_count,motorcycle_count,bus_count,small_truck_count,heavy_truck_count,suv_count,van_count,bicycle_count,maj_inj_count,mod_inj_count,min_inj_count,tot_inj_count,unk_inj_deg_count,unk_inj_per_count,driver_count_16yr,driver_count_17yr,driver_count_18yr,driver_count_19yr,driver_count_20yr,driver_count_50_64yr,driver_count_65_74yr,driver_count_75plus,unbelted_occ_count,unb_death_count,unb_maj_inj_count,belted_death_count,belted_maj_inj_count,mcycle_death_count,mcycle_maj_inj_count,bicycle_death_count,bicycle_maj_inj_count,ped_count,ped_death_count,ped_maj_inj_count,max_severity_level,comm_veh_count,dec_lat,dec_long,rdwy_surf_type_cd,county_name
 ,45377,2014113262,6,67,67301,2014,11,1,1125,11,1,1,0,1,1, , ,N,0,0,0,3,0,0,6,2,N,N,40 01:40.573,75 06:37.366,1134, ,1128,9,1,2, , ,0,N, , , , ,494206, , , ,2,1,0,0,0,0,1,0,0,0,0,0,0,0,0,0,0,0,0,0,0,0,0,4,0,0,0,0,0,0,0,0,0,0,0,0,0,40.0279,-75.1104, , 
 ,45378,2014113481,6,67,67301,2014,10,6,1735,17,1,1,0,8,1, , ,N,1,0,0,3,0,1,2,2,N, ,40 01:10.588,75 08:03.098,1739, ,1739, ,0, , , ,0, , , , , ,494207, , , ,1,1,0,0,0,0,0,0,0,0,0,1,1,0,0,0,0,0,0,0,0,0,0,0,0,0,0,0,0,0,0,0,1,0,0,4,0,40.0196,-75.1342, , 
 ,45379,2014121417,6,67,67301,2014,11,7,2110,21,3,1,0,4,1, , ,N,1,2,0,3,0,1,2,2,N,N,40 02:08.995,75 04:39.601,2118, ,2115, ,0, ,N, ,3, , , , , ,494212, , , ,1,1,0,0,0,0,0,0,1,0,0,1,1,0,0,0,0,0,0,0,0,0,0,0,0,0,0,0,0,0,0,0,0,0,0,4,0,40.0358,-75.0777, , 
 ,45380,2014123619,6,67,67301,2014,11,2,1215,12,1,1,0,5,1, , ,N,0,0,0,3,0,1,2,2,N,N,40 00:19.595,75 11:44.513,1253, ,1237, ,0, ,N, ,0, , , , , ,494214, , , ,2,0,0,0,1,1,0,0,0,0,1,0,1,0,0,0,0,0,0,0,0,0,0,0,0,0,0,0,0,0,0,0,0,0,0,3,0,40.0054,-75.1957, , 
 ,45381,2015002690,6,67,67301,2014,12,6,1156,11,1,1,0,5,1, , ,N,6,0,2,3,0,2,2,2,N,N,40 01:06.762,75 10:01.463,1205, ,1157,2,1,2,N, ,0,N, , , , ,496848, , , ,2,2,0,0,0,0,0,0,0,0,0,2,2,0,0,0,0,0,0,1,0,0,0,0,0,0,0,0,0,0,0,0,0,0,0,4,0,40.0185,-75.1671, , 
 ,45382,2015015590,6,67,67301,2014,12,4,1708,17,3,1,0,8,1, , ,N,1,2,0,3,0,1,3,2,N,N,40 02:16.070,75 02:16.468,1712, ,1708, ,0, ,N, ,3, , , , , ,496850, , , ,1,1,0,0,0,0,0,0,0,0,1,0,1,0,0,0,1,0,0,0,0,0,0,0,0,0,0,0,0,0,0,0,1,0,0,3,0,40.0378,-75.0379, , 
 ,45383,2014095858,6,67,67301,2014,9,2,1837,18,1,1,0,5,1, , ,N,0,0,0,3,0,1,2,2,N,N,39 56:51.100,75 09:52.492,1838, ,1838, ,0, ,N, ,0, , , , , ,496852, , , ,1,0,0,0,1,0,0,0,1,0,1,0,1,0,0,0,0,0,0,0,0,0,0,0,0,0,0,0,0,0,0,0,0,0,0,3,0,39.9475,-75.1647, , 
 ,45384,2014104600,6,67,67301,2014,10,5,1915,19,3,1,0,8,1, , ,N,2,2,7,3,0,1,3,2,N, ,40 02:56.762,75 03:44.902,1940, ,1934, ,0, , , ,3, , , , , ,496860, , , ,1,1,0,0,0,0,0,0,0,0,0,1,1,0,0,0,0,0,0,0,0,0,0,0,0,0,0,0,0,0,0,0,1,0,0,4,0,40.0491,-75.0625, , 
 ,45385,2015003313,6,67,67301,2014,12,3,1830,18,1,2,1,8,1, , ,N,1,2,0,3,0,1,2,2,N,N,40 02:39.873,75 08:36.849,1835, ,1830, ,0, ,N, ,3, , , , , ,496883, , , ,1,1,0,0,0,0,0,0,0,0,0,1,1,0,1,0,0,0,0,0,0,0,0,0,0,0,0,0,0,0,0,0,1,0,0,4,0,40.0444,-75.1435, , 
 ,45386,2014130466,6,67,67301,2014,12,2,940,9,1,1,0,8,1, , ,N,1,2,0,3,0,1,2,2,N, ,39 57:10.729,75 10:06.306,955, ,943, ,0, , , ,3, , , , , ,496898, , , ,1,1,0,0,0,0,0,0,0,0,0,0,1,1,0,0,0,0,0,0,0,0,0,0,0,0,0,0,0,0,0,0,1,0,0,8,0,39.953,-75.1685, , 
 ,45387,2014112724,6,67,67301,2014,6,7,800,8,1,1,0,1,1, , ,N,0,2,7,3,0,1,2,2,N,N,40 05:34.210,75 03:09.978,0, ,0, ,0, ,N, ,3, , , , , ,496914, , , ,2,0,0,0,1,0,1,0,0,0,1,0,1,0,0,0,0,0,0,0,1,0,0,0,0,0,0,0,0,0,0,0,0,0,0,3,0,40.0928,-75.0528, , 
 ,45388,2015001644,6,67,67301,2014,12,6,2303,23,3,1,0,1,1, , ,N,0,0,0,3,0,0,2,2,N,N,39 57:28.231,75 09:44.245,2315, ,2304,1,1,3,N, ,0,N, , , , ,496931, , , ,2,1,0,0,0,0,0,0,0,0,0,0,0,0,2,0,0,0,0,0,0,0,0,0,0,0,0,0,0,0,0,0,0,0,0,9,0,39.9578,-75.1623, , 
 ,45389,2014105081,6,67,67301,2014,10,5,258,2,3,1,1,7,4, , ,N,0,0,0,3,0,1,2,1,N,N,39 59:00.706,75 12:29.119,303, ,259, ,0, ,N, ,0, , , , , ,496938, , , ,1,1,0,0,0,0,0,0,0,0,0,1,1,0,0,0,0,0,0,0,0,0,0,1,0,0,0,0,0,0,0,0,0,0,0,4,0,39.9835,-75.2081, , 
 ,45390,2014113358,6,67,67301,2014,10,7,450,4,3,1,0,7,4, , ,N,0,0,0,3,0,0,1,2,N,N,39 57:24.577,75 12:42.627,452, ,450,1,1,3, , ,0,N, , , , ,496959, , , ,2,2,0,0,0,0,0,0,0,0,0,0,0,0,0,0,0,0,0,0,0,0,0,1,0,0,0,0,0,0,0,0,0,0,0,0,0,39.9568,-75.2118, , 
 ,45391,2014104446,6,67,67301,2014,10,1,1820,18,1,1,0,1,1, , ,N,2,2,0,3,0,1,2,2,N,N,40 01:46.337,75 12:12.519,1835, ,1830, ,0, ,N, ,3, , , , , ,496978, , , ,2,1,0,0,0,0,0,1,0,0,0,1,1,0,0,0,0,0,0,0,0,1,0,0,0,0,0,0,0,0,0,0,0,0,0,4,0,40.0295,-75.2035, , 
 ,45392,2014125223,6,67,67301,2014,11,5,110,1,3,1,0,1,1, , ,N,0,0,0,3,0,1,3,2,N,N,39 57:32.340,75 10:14.386,118, ,117,1,2,4,N, ,0,N, , , , ,496998, , , ,2,2,0,0,0,0,0,0,0,0,0,0,1,1,0,0,0,0,0,0,1,0,0,0,0,0,0,0,0,0,0,0,0,0,0,8,0,39.959,-75.1707, , 
 ,45393,2014130040,6,67,67301,2014,12,2,1617,16,1,1,0,1,1, , ,N,0,0,2,3,0,5,6,2,N,N,39 57:25.940,75 08:34.524,1632, ,1625,2,2,4,N, ,0,N, , , , ,497042, , , ,2,2,0,0,0,0,0,0,0,0,0,5,5,0,0,0,0,0,0,0,0,0,0,0,0,0,0,0,0,0,0,0,0,0,0,4,0,39.9572,-75.1429, , 
 ,45394,2014122450,6,67,67301,2014,11,3,1812,18,3,1,0,1,1, , ,N,0,2,0,3,0,1,3,2,N,N,40 03:37.787,75 01:09.604,1828, ,1820, ,0, ,N, ,3, , , , , ,497049, , , ,2,2,0,0,0,0,0,0,0,0,1,0,1,0,0,0,0,0,0,0,0,0,0,0,0,0,0,0,0,0,0,0,0,0,0,3,0,40.0605,-75.0193, , 
 ,45395,2014125077,6,67,67301,2014,11,6,1404,14,1,1,0,1,1, , ,N,0,0,0,3,0,1,5,2,N, ,40 00:26.330,75 05:11.751,1410, ,9999, ,0, , , ,0, , , , , ,497051, , , ,2,2,0,0,0,0,0,0,0,0,0,1,1,0,0,0,0,0,0,1,0,0,0,0,0,0,0,0,0,0,0,0,0,0,0,4,0,40.0073,-75.0866, , 
 ,45396,2014128013,6,67,67301,2014,12,7,1800,18,3,2,1,4,1, , ,N,0,0,0,3,0,1,2,3,N,N,39 59:40.924,75 11:53.614,1800, ,1800, ,0, ,N, ,0, , , , , ,497056, , , ,3,1,0,0,0,0,1,0,0,0,0,1,1,0,0,0,0,0,0,0,0,0,0,0,0,0,0,0,0,0,0,0,0,0,0,4,0,39.9947,-75.1982, , 
 ,45397,2014117603,6,67,67301,2014,10,5,2003,20,3,1,0,5,1, , ,N,0,0,0,3,0,1,2,2,N,N,39 57:03.638,75 11:49.735,2009, ,2005, ,0, ,N, ,0, , , , , ,497071, , , ,1,0,0,0,0,0,1,0,1,0,0,1,1,0,0,0,0,0,0,0,0,0,0,0,0,0,0,0,0,0,0,0,0,0,0,4,0,39.951,-75.1971, , 
 ,45398,2014122299,6,67,67301,2014,10,6,1043,10,1,1,0,5,6, , ,N,0,0,0,3,0,0,1,3,N,N,39 58:22.476,75 13:44.878,1047, ,1047, ,0, ,N, ,0, , , , , ,497073, , , ,3,2,0,0,0,0,0,1,0,0,0,0,0,0,0,0,0,0,0,1,0,0,0,0,0,0,0,0,0,0,0,0,0,0,0,0,0,39.9729,-75.2291, , 
 ,45399,2014132658,6,67,67301,2014,12,2,57,0,3,1,0,1,1, , ,N,0,0,0,3,0,2,3,2,N,N,39 55:51.668,75 08:45.246,111, ,101,1,2,2,N, ,0,N, , , , ,497084, , , ,2,1,0,0,0,0,1,0,0,0,0,0,2,2,0,0,0,0,0,0,0,0,0,0,0,0,0,0,0,0,0,0,0,0,0,8,0,39.931,-75.1459, , 
 ,45400,2014125175,6,67,67301,2014,11,7,545,5,3,1,0,7,4, , ,N,1,2,0,3,0,0,1,1,N,N,40 01:50.664,75 07:20.636,557, ,554, ,0, ,N, ,3, , , , , ,498391, , , ,1,1,0,0,0,0,0,0,0,0,0,0,0,0,0,0,0,0,0,0,0,0,0,0,0,0,0,0,0,0,0,0,0,0,0,0,0,40.0307,-75.1224, , 
 ,45401,2015006660,6,67,67301,2014,12,2,1345,13,1,1,0,4,1, , ,N,1,2,0,3,0,1,2,2,N,N,39 54:57.913,75 14:09.812,1418, ,1413,2,2,5,N, ,3,Y, , , , ,498399, , , ,2,2,0,0,0,0,0,0,0,0,0,1,1,0,0,0,0,0,0,0,1,0,0,1,0,0,0,0,0,0,0,0,0,0,0,4,0,39.9161,-75.2361, , 
 ,45402,2015001501,6,67,67301,2014,12,5,1635,16,1,1,0,4,1, , ,N,1,2,0,3,0,1,3,4,N,N,40 03:27.560,75 02:54.814,1650, ,1637, ,0, ,N, ,3, , , , , ,498414, , , ,4,4,0,0,0,0,0,0,0,0,0,1,1,0,0,0,0,0,0,0,1,0,0,0,0,0,0,0,0,0,0,0,0,0,0,4,0,40.0577,-75.0486, , 
 ,45403,2014118114,6,46,46104,2014,10,5,1045,10,1,1,0,5,4, , ,N,0,0,7,3,0,2,3,2,N,N,39 58:44.546,75 16:18.340,1050, ,1045,1,1,2,N, ,0,N, , , , ,498443, , , ,2,0,0,0,1,0,1,0,0,0,0,2,2,0,0,0,0,0,0,0,0,0,0,0,0,0,0,0,0,0,0,0,0,0,0,4,0,39.979,-75.2718, , 
 ,45404,2014125659,6,67,67301,2014,12,4,1721,17,3,1,0,1,1, , ,N,0,8,0,3,0,0,3,2,N,N,40 02:28.638,75 00:17.283,1744, ,1728,1,2,2,N, ,3,N, , , , ,498449, , , ,2,1,0,0,0,0,0,1,0,0,0,0,0,0,0,0,0,0,0,0,0,0,0,0,0,0,0,0,0,0,0,0,0,0,0,0,0,40.0413,-75.0048, , 
 ,45405,2015018967,6,67,67301,2014,12,3,707,7,1,2,1,1,1, , ,N,0,0,0,3,0,0,3,3,N,N,40 05:46.457,74 59:26.339,740, ,730, ,0, ,N, ,0, , , , , ,498457, , , ,3,2,0,0,1,0,0,0,0,0,0,0,0,0,0,0,0,0,0,0,0,0,0,0,0,0,0,0,0,0,0,0,0,0,0,0,0,40.0962,-74.9906, , 
 ,45406,2014125089,6,67,67301,2014,11,5,1721,17,3,1,0,1,1, , ,N,1,2,0,3,0,4,5,2,N,N,40 02:10.346,75 03:51.114,9999, ,9999, ,0, ,N, ,3, , , , , ,498458, , , ,2,1,0,0,0,0,0,0,0,0,0,2,4,2,0,0,0,0,0,0,1,0,0,0,0,0,0,0,0,0,0,0,0,0,0,4,0,40.0362,-75.0642, , 
 ,45407,2014130483,6,67,67301,2014,11,4,1130,11,1,3,1,4,1, , ,N,2,0,0,3,0,1,2,2,N, ,39 57:22.441,75 14:53.151,1250, ,1240, ,0, , , ,0, , , , , ,498464, , , ,2,2,0,0,0,0,0,0,0,0,0,0,1,1,0,0,0,0,0,0,0,0,0,0,0,0,0,0,0,0,0,0,0,0,0,8,0,39.9562,-75.2481, , 
 ,45408,2014113277,6,67,67301,2014,10,3,1157,11,1,1,0,4,1, , ,N,1,3,0,3,0,1,5,2,N,N,40 00:54.597,75 04:21.716,1205, ,1200, ,0, , , ,3, , , , , ,498476, , , ,2,0,0,0,0,0,1,1,0,0,0,1,1,0,0,0,0,0,0,0,1,0,0,0,0,0,0,0,0,0,0,0,0,0,0,4,0,40.0152,-75.0727, , 
 ,45409,2014117786,6,67,67301,2014,11,6,810,8,1,1,0,1,1, , ,N,0,0,0,3,0,2,3,3,N,N,39 59:33.976,75 05:07.557,823, ,811, ,0, ,N, ,0, , , , , ,498484, , , ,3,2,0,0,0,0,1,0,0,0,1,1,2,0,0,0,0,0,0,0,1,0,1,1,0,0,0,0,0,0,0,0,0,0,0,3,0,39.9928,-75.0854, , 
 ,45410,2014117795,6,67,67301,2014,11,2,1315,13,1,2,1,7,3, , ,N,0,0,0,3,0,0,1,1,N,N,40 02:08.810,75 00:59.494,1326, ,1315,2,1,1,N, ,0,N, , , , ,498485, , , ,1,0,0,0,0,1,0,0,0,0,0,0,0,0,0,0,0,0,0,0,0,0,0,0,0,0,0,0,0,0,0,0,0,0,0,0,1,40.0358,-75.0165, , 
 ,45411,2014121393,6,67,67301,2014,11,6,2355,23,3,1,0,7,4, , ,N,1,2,0,3,0,0,1,1,N, ,39 54:47.100,75 14:35.859,1, ,2357, ,0, , , ,3, , , , , ,498490, , , ,1,0,0,0,0,0,1,0,0,0,0,0,0,0,0,0,0,0,0,0,1,0,0,0,0,0,0,0,0,0,0,0,0,0,0,0,0,39.9131,-75.2433, , 
 ,45412,2014113376,6,67,67301,2014,10,7,4,0,3,1,0,1,1, , ,N,0,0,0,3,0,1,2,3,N,N,40 02:25.625,75 04:35.000,317, ,317,3,1,1,N, ,0,N, , , , ,498501, , , ,3,2,0,0,0,0,1,0,0,0,0,1,1,0,0,0,0,0,0,0,0,0,0,0,0,0,0,0,0,0,0,0,0,0,0,4,0,40.0405,-75.0764, , 
 ,45413,2014113476,6,67,67301,2014,10,3,1343,13,1,1,0,4,1, , ,N,1,2,0,3,0,2,3,2,N,N,40 01:40.026,75 05:06.849,1345, ,1345, ,0, ,N, ,3, , , , , ,498502, , , ,2,1,0,0,0,0,0,1,0,0,0,2,2,0,0,0,0,0,0,0,1,0,0,0,0,0,0,0,0,0,0,0,0,0,0,4,0,40.0278,-75.0852, , 
 ,45414,2014115635,6,67,67301,2014,11,7,1803,18,4,2,1,4,1, , ,N,1,2,0,3,0,0,2,2,N,N,39 58:33.078,75 07:12.081,1815, ,1806, ,0, , , ,3, , , , , ,498507, , , ,2,2,0,0,0,0,0,0,0,0,0,0,0,0,0,0,0,0,0,0,1,0,0,0,0,0,0,0,0,0,0,0,0,0,0,0,0,39.9759,-75.12, , 
 ,45415,2014121394,6,67,67301,2014,11,7,128,1,3,1,0,5,1, , ,N,0,0,0,3,0,0,3,3,N, ,39 54:45.500,75 14:35.059,128, ,128,2,1,1, , ,0,N, , , , ,498516, , , ,3,1,0,1,0,0,1,0,0,0,0,0,0,0,0,0,0,0,0,0,0,0,0,0,0,0,0,0,0,0,0,0,0,0,0,0,1,39.9126,-75.2431, , 
 ,45416,2014130553,6,67,67301,2014,11,3,1716,17,4,1,0,4,1, , ,N,5,2,0,3,0,1,2,2,N,N,40 00:09.954,75 08:16.245,1720, ,1720, ,0, , , ,3, , , , , ,498531, , , ,2,1,0,0,0,0,1,0,0,0,0,0,1,1,0,0,0,0,0,0,1,0,0,0,0,0,0,0,0,0,0,0,0,0,0,8,0,40.0028,-75.1378, , 
 ,45417,2015003325,6,67,67301,2014,12,3,1838,18,3,2,1,4,1, , ,N,1,2,0,3,0,1,2,2,N,N,39 56:35.142,75 12:54.968,1926, ,1926, ,0, ,N, ,3, , , , , ,498538, , , ,2,0,0,0,0,0,2,0,0,0,0,1,1,0,0,0,0,0,0,0,1,0,0,0,0,0,0,0,0,0,0,0,0,0,0,4,0,39.9431,-75.2153, , 
 ,45418,2014121626,6,67,67301,2014,12,3,1610,16,3,2,1,5,1, , ,N,0,0,0,3,0,1,2,2,N,N,39 57:53.189,75 08:16.815,1620, ,1610, ,0, ,N, ,0, , , , , ,491348, , , ,2,1,0,0,0,0,0,1,0,0,0,1,1,0,0,0,0,0,0,0,0,0,0,0,0,0,0,0,0,0,0,0,0,0,0,4,0,39.9648,-75.138, , 
 ,45419,2015006062,6,67,67301,2014,12,7,2025,20,3,1,0,5,1, , ,N,2,2,0,3,0,1,3,2,N,N,39 58:49.494,75 14:02.566,2035, ,2030, ,0, ,N, ,3, , , , , ,491354, , , ,2,2,0,0,0,0,0,0,0,0,0,0,1,1,0,0,0,0,0,0,1,0,0,0,0,0,0,0,0,0,0,0,0,0,0,8,0,39.9804,-75.234, , 
 ,45420,2014109928,6,67,67301,2014,10,1,2345,23,3,1,0,5,1, , ,N,0,0,3,3,0,2,2,2,N,N,39 54:13.388,75 11:54.350,15, ,5, ,0, ,N, ,0, , , , , ,491369, , , ,2,1,0,0,0,0,1,0,0,0,0,0,2,2,0,0,0,0,0,0,1,0,0,0,0,0,0,0,0,0,0,0,0,0,0,8,0,39.9037,-75.1984, , 
 ,45421,2014113328,6,67,67301,2014,11,3,1849,18,3,1,0,1,1, , ,N,0,0,0,3,0,0,3,3,N,N,40 01:11.038,75 03:48.529,1900, ,1849, ,0, ,N, ,0, , , , , ,491370, , , ,3,1,0,0,1,0,1,0,0,0,0,0,0,0,0,0,0,0,0,0,1,0,0,0,0,0,0,0,0,0,0,0,0,0,0,0,0,40.0197,-75.0635, , 
 ,45422,2014088376,6,67,67301,2014,7,6,140,1,3,2,1,6,1, , ,N,0,0,0,3,0,3,3,2,N,N,39 59:07.075,75 12:44.408,147, ,142, ,0, ,N, ,0, , , , , ,491400, , , ,2,0,0,0,0,0,1,1,0,0,1,2,3,0,0,0,0,0,0,1,0,0,0,0,0,0,0,0,0,0,0,0,0,0,0,3,0,39.9853,-75.2123, , 
 ,45423,2014088743,6,67,67301,2014,8,4,2257,22,3,1,0,4,1, , ,N,1,3,0,3,0,1,2,2,N,N,39 55:38.780,75 10:26.227,2300, ,2259, ,0, ,N, ,3, , , , , ,491401, , , ,1,1,0,0,0,0,0,0,1,0,0,0,1,1,0,0,0,0,0,0,0,0,0,0,0,0,0,0,0,0,0,0,0,0,0,8,0,39.9274,-75.174, , 
 ,45424,2014074885,6,67,67301,2014,6,5,904,9,1,2,1,1,1, , ,N,0,0,0,3,0,2,3,2,N,N,40 02:38.790,75 07:01.039,907, ,904,1,1,4,N, ,0,Y, , , , ,491415, , , ,2,2,0,0,0,0,0,0,0,0,0,2,2,0,0,0,0,0,0,0,0,0,0,0,0,0,0,0,0,0,0,0,0,0,0,4,0,40.0441,-75.117, , 
 ,45425,2014100450,6,67,67301,2014,10,2,953,9,1,1,0,4,1, , ,N,0,0,0,3,0,0,2,2,N,N,39 53:37.994,75 14:19.628,1025, ,954,3,2,2,N, ,0,Y, , , , ,491434, , , ,2,0,0,0,1,1,0,0,0,0,0,0,0,0,0,0,0,0,0,0,2,0,0,0,0,0,0,0,0,0,0,0,0,0,0,0,1,39.8938,-75.2387, , 
 ,45426,2014111513,6,67,67301,2014,10,7,1330,13,1,1,0,1,6, , ,N,1,3,0,3,0,0,2,3,N, ,40 01:19.484,75 09:12.200,1344, ,1340, ,0, , , ,3, , , , , ,491439, , , ,3,2,0,0,1,0,0,0,0,0,0,0,0,0,0,0,0,0,1,0,0,0,0,0,0,0,0,0,0,0,0,0,0,0,0,0,0,40.0221,-75.1534, , 
 ,45427,2014112395,6,67,67301,2014,11,1,1950,19,3,1,0,7,1, , ,N,0,0,0,3,0,1,1,1,N,N,39 59:50.863,75 11:46.798,1956, ,1954,1,1,3,N, ,0,N, , , , ,491442, , , ,1,1,0,0,0,0,0,0,0,0,1,0,1,0,0,0,0,0,0,0,0,0,0,0,0,0,0,0,0,0,0,0,0,0,0,3,0,39.9975,-75.1963, , 
 ,45428,2014130507,6,67,67301,2014,12,1,1520,15,1,1,0,4,1, , ,N,1,3,0,3,0,0,3,3,N, ,39 57:28.627,75 13:38.423,1610, ,1602, ,0, ,N, ,3, , , , , ,491461, , , ,3,3,0,0,0,0,0,0,0,0,0,0,0,0,0,0,0,0,0,0,1,0,0,0,0,0,0,0,0,0,0,0,0,0,0,0,0,39.958,-75.2273, , 
 ,45429,2015001745,6,67,67301,2014,12,1,29,0,3,1,0,7,2, , ,N,7,0,2,3,0,0,4,1,N,N,39 57:18.571,75 08:50.361,30, ,29,1,1,4,N, ,0,N, , , , ,491464, , , ,1,0,0,0,0,0,1,0,0,0,0,0,0,0,0,0,0,0,0,1,0,0,0,1,0,0,0,0,0,0,0,0,0,0,0,0,0,39.9552,-75.1473, , 
 ,45430,2014088760,6,67,67301,2014,8,7,2004,20,3,1,0,4,1, , ,N,0,0,0,3,0,1,2,2,N,N,39 58:36.678,75 09:56.764,2012, ,2005, ,0, , , ,0, , , , , ,491485, , , ,1,0,0,0,0,0,1,0,1,0,0,0,1,1,0,0,0,0,0,0,0,0,0,0,0,0,0,0,0,0,0,0,0,0,0,8,0,39.9769,-75.1658, , 
 ,45431,2014099256,6,67,67301,2014,9,3,800,8,1,1,0,4,1, , ,N,1,3,0,3,0,1,3,2,N, ,39 59:37.010,75 06:26.272,825, ,825,1,1,1, , ,3,N, , , , ,491491, , , ,2,2,0,0,0,0,0,0,0,0,0,1,1,0,0,0,0,0,0,0,0,0,0,1,0,0,0,0,0,0,0,0,0,0,0,4,0,39.9936,-75.1073, , 
 ,45432,2014084286,6,67,67301,2014,6,1,110,1,3,1,0,7,3, , ,N,0,0,0,3,0,0,1,1,N, ,39 54:55.744,75 13:16.079,120, ,115, ,0, , , ,0, , , , , ,491500, , , ,1,1,0,0,0,0,0,0,0,0,0,0,0,0,0,0,0,0,0,0,0,0,0,0,0,0,0,0,0,0,0,0,0,0,0,0,0,39.9155,-75.2211, , 
 ,45433,2014088362,6,67,67301,2014,7,2,2040,20,3,2,1,4,1, , ,N,1,3,0,3,0,1,3,2,N,N,40 02:09.884,75 08:23.539,2045, ,2045, ,0, ,N, ,3, , , , , ,491504, , , ,2,2,0,0,0,0,0,0,0,0,0,1,1,0,0,0,0,0,0,0,0,1,0,0,0,0,0,0,0,0,0,0,0,0,0,4,0,40.0361,-75.1399, , 
 ,45434,2014088759,6,67,67301,2014,8,7,1612,16,1,1,0,4,1, , ,N,1,2,0,3,0,1,2,2,N,N,39 58:21.556,75 10:44.875,1830, ,1824, ,0, , , ,3, , , , , ,491505, , , ,2,2,0,0,0,0,0,0,0,0,0,0,1,1,1,0,0,0,0,0,1,0,0,0,0,0,0,0,0,0,0,0,0,0,0,8,0,39.9727,-75.1791, , 
 ,45435,2014096855,6,67,67301,2014,9,3,851,8,1,2,1,0,4, , ,N,0,0,0,3,0,1,1,1,N,N,39 58:48.993,75 11:50.869,859, ,853,3,2,5, , ,0,Y, , , , ,491509, , , ,1,1,0,0,0,0,0,0,0,0,0,1,1,0,0,0,0,0,0,0,0,0,0,0,0,0,0,0,0,0,0,0,0,0,0,4,0,39.9803,-75.1975, , 
 ,45436,2014120255,6,67,67301,2014,11,4,1813,18,3,1,0,4,1, , ,N,2,2,0,3,0,1,4,2,N,N,40 04:21.894,75 11:18.513,1830, ,1823, ,0, ,N, ,3, , , , , ,491527, , , ,2,2,0,0,0,0,0,0,0,0,0,0,1,1,0,0,0,0,0,0,0,0,0,0,0,0,0,0,0,0,0,0,0,0,0,8,0,40.0727,-75.1885, , 
 ,45437,2014130041,6,67,67301,2014,12,2,2158,21,3,2,1,7,2, , ,N,0,0,0,3,0,0,1,1,N,N,39 58:57.685,75 12:28.088,2214, ,2159, ,0, ,N, ,0, , , , , ,494221, , , ,1,1,0,0,0,0,0,0,0,0,0,0,0,0,0,0,0,0,0,0,0,0,0,0,0,0,0,0,0,0,0,0,0,0,0,0,0,39.9827,-75.2078, , 
 ,45438,2015002765,6,67,67301,2014,12,6,20,0,3,1,0,7,4, , ,N,0,0,0,3,0,0,1,1,N,N,40 01:41.661,75 09:03.812,100, ,53, ,0, ,N, ,0, , , , , ,494253, , , ,1,1,0,0,0,0,0,0,0,0,0,0,0,0,1,0,0,0,0,0,0,0,0,0,0,0,0,0,0,0,0,0,0,0,0,9,0,40.0282,-75.1511, , 
 ,45439,2014088129,6,67,67301,2014,7,4,2230,22,3,1,8,1,1, , ,N,1,2,0,3,0,1,2,2,N, ,40 02:39.450,75 03:14.767,2334, ,2324, ,0, , , ,3, , , , , ,494255, , , ,2,1,0,0,0,0,1,0,0,0,0,1,1,0,1,0,0,0,0,0,0,0,0,0,0,0,0,0,0,0,0,0,0,0,0,4,0,40.0443,-75.0541, , 
 ,45440,2014088364,6,67,67301,2014,7,3,2045,20,3,2,1,8,1, , ,N,0,0,0,3,0,1,2,2,N,N,39 56:00.340,75 10:54.728,2049, ,2049, ,0, ,N, ,0, , , , , ,494256, , , ,1,1,0,0,0,0,0,0,0,0,0,1,1,0,0,0,0,0,0,0,0,0,0,0,0,0,0,0,0,0,0,0,1,0,0,4,0,39.9334,-75.1819, , 
 ,45441,2014093505,6,67,67301,2014,9,6,1100,11,1,1,0,8,1, , ,N,1,2,0,3,0,1,2,2,N, ,39 57:54.315,75 09:38.699,1105, ,1100, ,0, , , ,3, , , , , ,494261, , , ,1,0,0,0,0,0,1,0,0,0,0,0,1,1,0,0,0,0,0,0,0,0,0,0,0,0,0,0,0,0,0,0,1,0,0,8,0,39.9651,-75.1607, , 
 ,45442,2014104584,6,67,67301,2014,10,5,1315,13,1,1,0,4,1, , ,N,1,2,0,3,0,2,3,2,N,N,39 58:26.116,75 12:23.386,1316, ,1314, ,0, ,N, ,3, , , , , ,494270, , , ,2,2,0,0,0,0,0,0,0,0,1,0,2,1,1,0,0,0,0,0,0,0,0,0,0,0,0,0,0,0,0,0,0,0,0,3,0,39.9738,-75.2064, , 