wz_ln_closure,objectid_1,crn,district,county,municipality,crash_year,crash_month,day_of_week,time_of_day,hour_of_day,illumination,weather,road_condition,collision_type,relation_to_road,work_zone_type,work_zone_loc,work_zone_ind,intersect_type,tcd_type,location_type,urban_rural,fatal_count,injury_count,person_count,total_units,sch_bus_ind,sch_zone_ind,latitude,longitude,arrival_tm,cons_zone_spd_lim,dispatch_tm,est_hrs_closed,lane_closed,ln_close_dir,ntfy_hiwy_maint,spec_juris_cd,tcd_func_cd,tfc_detour_ind,workers_pres,wz_close_detour,wz_flagger,wz_law_offcr_ind,objectid,wz_moving,wz_other,wz_shlder_mdn,vehicle_count,automobile_count,motorcycle_count,bus_count,small_truck_count,heavy_truck_count,suv_count,van_count,bicycle_count,maj_inj_count,mod_inj_count,min_inj_count,tot_inj_count,unk_inj_deg_count,unk_inj_per_count,driver_count_16yr,driver_count_17yr,driver_count_18yr,driver_count_19yr,driver_count_20yr,driver_count_50_64yr,driver_count_65_74yr,driver_count_75plus,unbelted_occ_count,unb_death_count,unb_maj_inj_count,belted_death_count,belted_maj_inj_count,mcycle_death_count,mcycle_maj_inj_count,bicycle_death_count,bicycle_maj_inj_count,ped_count,ped_death_count,ped_maj_inj_count,max_severity_level,comm_veh_count,dec_lat,dec_long,rdwy_surf_type_cd,county_name
 ,45443,2014105074,6,67,67301,2014,9,1,1646,16,1,1,0,1,1, , ,N,0,0,0,3,0,0,9,4,N,N,39 57:59.959,75 11:14.587,1657, ,1653,2,2,4,N, ,0,N, , , , ,494271, , , ,4,0,0,0,1,0,2,1,0,0,0,0,0,0,0,0,0,0,0,0,1,0,0,0,0,0,0,0,0,0,0,0,0,0,0,0,0,39.9667,-75.1874, , 
 ,45444,2014110368,6,67,67301,2014,10,2,1356,13,1,1,0,4,1, , ,N,0,2,7,3,0,1,4,2,N,N,39 59:52.287,75 11:05.141,1405, ,1359, ,0, , , ,3, , , , , ,494275, , , ,2,1,1,0,0,0,0,0,0,0,0,0,1,1,0,0,0,0,0,0,0,0,0,0,0,0,0,0,0,0,0,0,0,0,0,8,0,39.9979,-75.1848, , 
 ,45445,2014121298,6,67,67301,2014,12,3,1228,12,1,2,1,5,1, , ,N,0,0,0,3,0,1,1,2,N,N,40 01:56.566,75 04:05.338,1328, ,1229,5,2,7,N, ,0,Y, , , , ,494286, , , ,2,0,0,0,0,1,1,0,0,0,0,1,1,0,0,0,0,0,0,0,1,0,0,0,0,0,0,0,0,0,0,0,0,0,0,4,1,40.0324,-75.0681, , 
 ,45446,2014130413,6,67,67301,2014,12,6,1130,11,1,1,0,5,1, , ,N,0,0,0,3,0,0,2,3,N,N,40 01:23.955,75 09:30.380,1250, ,1238, ,0, ,N, ,0, , , , , ,494292, , , ,3,1,0,0,1,0,0,1,0,0,0,0,0,0,0,0,0,0,0,0,1,0,0,0,0,0,0,0,0,0,0,0,0,0,0,0,0,40.0233,-75.1584, , 
 ,45447,2014121425,6,67,67301,2014,11,7,1150,11,1,1,0,4,1, , ,N,1,2,0,3,0,0,3,3,N,N,40 02:38.691,75 07:43.766,1155, ,1150,1,2,1,N, ,3,N, , , , ,494301, , , ,3,3,0,0,0,0,0,0,0,0,0,0,0,0,0,0,0,0,0,0,1,0,0,0,0,0,0,0,0,0,0,0,0,0,0,0,0,40.0441,-75.1288, , 
 ,45448,2014130490,6,67,67301,2014,12,2,1640,16,1,1,0,1,1, , ,N,0,0,0,3,0,1,2,2,N,N,39 56:10.305,75 10:43.712,1648, ,1645, ,0, ,N, ,0, , , , , ,494310, , , ,1,1,0,0,0,0,0,0,1,0,0,1,1,0,0,0,0,0,0,0,0,0,0,0,0,0,0,0,0,0,0,0,0,0,0,4,0,39.9362,-75.1788, , 
 ,45449,2014109817,6,67,67301,2014,10,6,1620,16,1,1,0,1,1, , ,N,2,2,0,3,0,1,2,2,N,N,40 00:18.001,75 13:05.874,1620, ,1620,1,2,2,N, ,3,N, , , , ,494314, , , ,2,1,0,0,0,0,0,1,0,0,1,0,1,0,0,0,0,0,0,1,0,1,0,0,0,0,0,0,0,0,0,0,0,0,0,3,0,40.005,-75.2183, , 
 ,45450,2014115585,6,67,67301,2014,11,5,1631,16,3,2,1,8,1, , ,N,2,2,0,3,0,1,2,2,N, ,39 59:54.554,75 09:12.498,1730, ,1721, ,0, , , ,3, , , , , ,494318, , , ,1,0,0,0,0,0,0,0,0,0,0,1,1,0,0,0,0,0,0,0,0,0,0,0,0,0,0,0,0,0,0,0,1,0,0,4,0,39.9985,-75.1535, , 
 ,45451,2014120880,6,67,67301,2014,11,2,114,1,3,1,0,1,1, , ,N,2,2,0,3,0,3,3,2,N,N,39 57:25.085,75 13:31.946,119, ,115, ,0, ,N, ,3, , , , , ,494324, , , ,2,2,0,0,0,0,0,0,0,0,0,3,3,0,0,0,0,0,0,0,0,0,0,0,0,0,0,0,0,0,0,0,0,0,0,4,0,39.957,-75.2255, , 
N,45452,2014103206,6,67,67301,2014,10,5,810,8,1,1,0,5,1,1,4,Y,0,0,0,3,0,3,4,2,N,N,39 58:43.822,75 06:34.204,822,45,810,1,2,1,N, ,0,N,Y,N,N,N,494338,N,N,Y,2,1,0,0,0,1,0,0,0,0,0,0,3,3,1,0,0,0,0,0,0,0,0,0,0,0,0,0,0,0,0,0,0,0,0,8,1,39.9788,-75.1095, , 
 ,45453,2014088847,6,67,67301,2014,8,6,900,9,1,1,0,4,1, , ,N,1,2,0,3,0,1,2,2,N,N,40 00:19.933,75 05:48.721,915, ,910,9,1,1,N, ,3,N, , , , ,494345, , , ,2,0,0,0,1,0,0,1,0,0,0,1,1,0,0,0,0,0,0,0,2,0,0,0,0,0,0,0,0,0,0,0,0,0,0,4,0,40.0055,-75.0969, , 
 ,45454,2014098699,6,67,67301,2014,9,7,2340,23,3,1,0,4,1, , ,N,0,0,0,3,0,0,4,2,N,N,40 02:54.620,75 08:40.769,130, ,2340, ,0, ,N, ,0, , , , , ,494353, , , ,2,2,0,0,0,0,0,0,0,0,0,0,0,0,0,0,0,1,0,0,0,0,0,0,0,0,0,0,0,0,0,0,0,0,0,0,0,40.0485,-75.1447, , 
 ,45455,2015020843,6,67,67301,2014,6,2,720,7,1,1,0,4,1, , ,N,2,0,0,3,0,0,3,2,N,N,40 00:25.275,75 05:50.884,755, ,750, ,0, ,N, ,0, , , , , ,497087, , , ,2,1,0,0,0,1,0,0,0,0,0,0,0,0,0,0,0,0,0,0,0,0,0,3,0,0,0,0,0,0,0,0,0,0,0,0,1,40.007,-75.0975, , 
 ,45456,2015014365,6,67,67301,2014,12,2,2231,22,2,1,0,7,4, , ,N,3,0,2,3,1,3,4,1,N,N,40 01:05.053,75 09:55.730,9999, ,9999,9,2,3,N,0,0,Y, , , , ,497102, , , ,1,1,0,0,0,0,0,0,0,0,2,1,3,0,0,0,0,0,0,0,0,0,0,0,0,0,0,0,0,0,0,0,0,0,0,1,0,40.0181,-75.1655,2, 
 ,45457,2014113318,6,67,67301,2014,10,2,1430,14,1,1,0,4,1, , ,N,0,0,7,3,0,1,5,2,N, ,40 00:44.503,75 06:53.330,1631, ,1630, ,0, , , ,0, , , , , ,497107, , , ,2,2,0,0,0,0,0,0,0,0,0,1,1,0,0,0,0,0,0,0,1,0,0,0,0,0,0,0,0,0,0,0,0,0,0,4,0,40.0124,-75.1148, , 
 ,45458,2014125060,6,67,67301,2014,11,2,1505,15,1,1,0,7,4, , ,N,1,2,0,3,0,1,1,1,N,N,39 57:49.599,75 09:40.200,1528, ,1520,9,1,5,N, ,3,N, , , , ,497116, , , ,1,1,0,0,0,0,0,0,0,0,0,0,1,1,0,0,0,0,0,0,0,0,1,0,0,0,0,0,0,0,0,0,0,0,0,8,0,39.9637,-75.161, , 
 ,45459,2014125125,6,67,67301,2014,11,2,1020,10,1,1,1,6,1, , ,N,0,0,0,3,0,2,3,2,N,N,39 59:07.358,75 12:42.940,1040, ,1035, ,0, ,N, ,0, , , , , ,497117, , , ,2,2,0,0,0,0,0,0,0,0,0,0,2,2,0,0,0,0,0,0,0,0,0,0,0,0,0,0,0,0,0,0,0,0,0,8,0,39.9854,-75.2119, , 
 ,45460,2014127490,6,67,67301,2014,12,3,1628,16,3,2,1,8,1, , ,N,1,2,0,3,0,1,2,2,N,N,40 03:24.231,75 03:38.871,1653, ,1648, ,0, ,N, ,3, , , , , ,497121, , , ,1,1,0,0,0,0,0,0,0,0,1,0,1,0,1,0,0,0,0,0,0,0,0,0,0,0,0,0,0,0,0,0,1,0,0,3,0,40.0567,-75.0608, , 
 ,45461,2014127539,6,67,67301,2014,12,6,638,6,1,1,0,4,1, , ,N,1,2,0,3,0,0,4,2,N,N,39 55:36.102,75 11:15.812,638, ,638,1,1,1,N, ,3,Y, , , , ,497122, , , ,2,1,0,0,0,0,1,0,0,0,0,0,0,0,0,0,0,0,0,0,1,0,0,0,0,0,0,0,0,0,0,0,0,0,0,0,0,39.9267,-75.1879, , 
 ,45462,2014123625,6,67,67301,2014,11,1,1742,17,3,1,0,1,1, , ,N,6,4,2,3,0,2,4,3,N,N,39 56:55.146,75 11:07.694,1751, ,1742,1,1,4,N, ,3,N, , , , ,497130, , , ,3,3,0,0,0,0,0,0,0,0,0,2,2,0,0,0,0,0,0,0,3,0,0,0,0,0,0,0,0,0,0,0,0,0,0,4,0,39.9487,-75.1855, , 
 ,45463,2014110432,6,67,67301,2014,10,6,924,9,1,1,0,5,1, , ,N,0,0,0,3,0,1,2,2,N, ,40 00:31.565,75 05:24.273,928, ,923, ,0, , , ,0, , , , , ,497144, , , ,1,0,0,0,0,1,0,0,1,0,0,1,1,0,0,0,0,0,0,0,0,0,0,0,0,0,0,0,0,0,0,0,0,0,0,4,1,40.0088,-75.0901, , 
 ,45464,2014120859,6,67,67301,2014,11,6,1521,15,1,1,0,1,1, , ,N,1,2,0,3,0,0,2,2,N,N,40 01:39.836,75 06:35.867,1532, ,1523,1,1,1,N, ,3,N, , , , ,497160, , , ,2,2,0,0,0,0,0,0,0,0,0,0,0,0,1,0,0,0,0,0,0,0,0,0,0,0,0,0,0,0,0,0,0,0,0,9,0,40.0277,-75.11, , 
 ,45465,2014125102,6,67,67301,2014,11,6,9999,99,3,1,0,7,4, , ,N,0,0,0,3,0,0,1,1,N,N,39 55:24.488,75 13:36.930,2035, ,2030, ,0, , , ,0, , , , , ,497163, , , ,1,0,0,0,1,0,0,0,0,0,0,0,0,0,0,0,0,0,0,0,1,0,0,0,0,0,0,0,0,0,0,0,0,0,0,0,0,39.9235,-75.2269, , 
 ,45466,2014127405,6,67,67301,2014,11,7,2320,23,3,1,0,8,1, , ,N,2,0,0,3,0,2,3,3,N,N,40 03:03.483,75 00:01.856,2335, ,2330,3,2,6,N, ,0,Y, , , , ,497165, , , ,1,1,0,0,0,0,0,0,0,0,1,1,2,0,0,0,0,0,0,0,0,0,0,0,0,0,0,0,0,0,0,0,2,0,0,3,0,40.051,-75.0005, , 
 ,45467,2014130527,6,67,67301,2014,12,1,1045,10,1,1,0,4,1, , ,N,0,0,0,3,0,1,3,2,N, ,40 00:49.762,75 07:32.131,1100, ,1045, ,0, , , ,0, , , , , ,497170, , , ,2,2,0,0,0,0,0,0,0,0,0,0,1,1,1,0,0,0,0,0,0,0,0,0,0,0,0,0,0,0,0,0,0,0,0,8,0,40.0138,-75.1256, , 
 ,45468,2014109902,6,67,67301,2014,10,7,2008,20,3,1,0,5,1, , ,N,1,0,0,3,0,1,2,2,N,N,40 00:56.606,75 08:25.936,2043, ,2038, ,0, ,N, ,0, , , , , ,497178, , , ,2,2,0,0,0,0,0,0,0,0,0,0,1,1,0,0,0,0,0,0,0,0,0,0,0,0,0,0,0,0,0,0,0,0,0,8,0,40.0157,-75.1405, , 
 ,45469,2014121480,6,67,67301,2014,11,2,620,6,5,2,1,8,1, , ,N,1,2,0,3,0,1,3,2,N, ,40 05:22.585,75 03:25.253,706, ,701, ,0, , , ,3, , , , , ,497183, , , ,1,0,0,0,0,0,1,0,0,0,0,1,1,0,0,0,0,0,0,0,0,0,0,0,0,0,0,0,0,0,0,0,1,0,0,4,0,40.0896,-75.057, , 
 ,45470,2014123616,6,67,67301,2014,11,5,353,3,3,1,0,7,5, , ,N,0,0,0,3,0,1,1,1,N,N,39 57:38.501,75 10:53.782,403, ,358,2,2,4,N, ,0,Y, , , , ,497188, , , ,1,1,0,0,0,0,0,0,0,0,1,0,1,0,0,0,0,0,0,0,0,0,0,0,0,0,0,0,0,0,0,0,0,0,0,3,0,39.9607,-75.1816, , 
 ,45471,2014116532,6,67,67301,2014,9,1,1600,16,1,2,1,1,1, , ,N,0,0,0,3,0,6,29,2,Y,N,39 55:31.310,75 10:16.435,1620, ,1610, ,0, ,N, ,0, , , , , ,497201, , , ,2,0,0,1,1,0,0,0,0,0,0,6,6,0,0,0,0,0,0,0,0,0,0,0,0,0,0,0,0,0,0,0,0,0,0,4,1,39.9254,-75.1712, , 
 ,45472,2014117793,6,67,67301,2014,11,1,440,4,3,1,0,1,1, , ,N,0,8,0,3,0,0,2,2,N,N,39 59:42.505,75 11:52.943,450, ,443,1,2,3,N, ,3,N, , , , ,497204, , , ,2,1,0,0,0,0,1,0,0,0,0,0,0,0,0,0,0,0,1,0,0,0,0,0,0,0,0,0,0,0,0,0,0,0,0,0,0,39.9951,-75.198, , 
 ,45473,2014112676,6,67,67301,2014,6,7,9999,99,1,1,0,4,1, , ,N,1,3,0,3,0,1,2,2,N,N,39 56:41.449,75 14:39.704,0, ,0, ,0, ,N, ,3, , , , , ,499710, , , ,2,1,0,0,0,0,0,0,0,0,0,1,1,0,0,0,0,0,0,0,0,0,1,0,0,0,0,0,0,0,0,0,0,0,0,4,0,39.9448,-75.2444, , 
 ,45474,2014084480,6,67,67301,2014,7,1,1250,12,1,1,0,8,1, , ,N,1,0,0,3,0,1,2,2,N,N,39 56:57.814,75 10:09.260,1255, ,1250,2,2,3, , ,0,Y, , , , ,499731, , , ,1,1,0,0,0,0,0,0,0,0,0,1,1,0,0,0,0,0,0,0,0,0,0,1,0,0,0,0,0,0,0,0,1,0,0,4,0,39.9494,-75.1692, , 
 ,45475,2014095067,6,67,67301,2014,9,2,1355,13,1,1,0,8,1, , ,N,1,2,0,3,0,1,2,2,N,N,39 58:45.509,75 09:45.755,1355, ,1355, ,0, ,N, ,3, , , , , ,499741, , , ,1,1,0,0,0,0,0,0,1,0,0,1,1,0,0,0,0,0,0,0,0,0,0,0,0,0,0,0,0,0,0,0,0,0,0,4,0,39.9793,-75.1627, , 
 ,45476,2014096824,6,67,67301,2014,9,6,1700,17,1,1,0,4,1, , ,N,1,3,0,3,0,1,2,2,N, ,39 59:41.823,75 07:33.923,9999, ,9999, ,0, , , ,3, , , , , ,499744, , , ,2,1,1,0,0,0,0,0,0,0,1,0,1,0,0,0,0,0,1,0,0,0,0,0,0,0,0,0,0,0,0,0,0,0,0,3,0,39.995,-75.1261, , 
 ,45477,2014099212,6,67,67301,2014,9,6,1630,16,1,1,0,1,1, , ,N,1,2,0,3,0,1,5,2,N,N,39 56:07.602,75 13:13.393,1634, ,1634, ,0, ,N, ,3, , , , , ,499745, , , ,2,2,0,0,0,0,0,0,0,0,0,1,1,0,0,0,0,0,0,0,0,0,0,0,0,0,0,0,0,0,0,0,0,0,0,4,0,39.9354,-75.2204, , 
 ,45478,2014113451,6,67,67301,2014,11,7,410,4,3,2,1,1,1, , ,N,0,0,0,3,0,4,4,2,N,N,39 59:31.459,75 08:22.926,426, ,415, ,0, ,N, ,0, , , , , ,499752, , , ,2,2,0,0,0,0,0,0,0,0,0,0,4,4,0,0,0,0,0,0,0,0,0,0,0,0,0,0,0,0,0,0,0,0,0,8,0,39.9921,-75.1399, , 
 ,45479,2014120907,6,67,67301,2014,10,3,9999,99,1,1,0,4,1, , ,N,1,2,0,3,0,1,2,2,N,N,40 02:16.393,75 08:22.102,1625, ,1620, ,0, ,N, ,3, , , , , ,499754, , , ,2,0,0,0,1,0,1,0,0,0,0,1,1,0,1,0,0,0,0,0,0,0,0,0,0,0,0,0,0,0,0,0,0,0,0,4,0,40.0379,-75.1395, , 
 ,45480,2014127464,6,67,67301,2014,12,1,1315,13,1,1,0,4,1, , ,N,1,3,0,3,0,2,4,2,N,N,39 56:01.248,75 13:53.583,1337, ,1335, ,0, ,N, ,3, , , , , ,499759, , , ,2,2,0,0,0,0,0,0,0,1,0,1,2,0,0,0,0,0,0,0,1,0,0,0,0,0,0,0,0,0,0,0,0,0,0,2,0,39.9337,-75.2316, , 
 ,45481,2014104465,6,67,67301,2014,10,6,1150,11,1,1,0,8,1, , ,N,0,0,0,3,0,1,2,2,N,N,39 59:59.996,75 06:59.284,1150, ,1150, ,0, ,N, ,0, , , , , ,499762, , , ,1,0,0,0,0,0,0,1,0,0,0,0,1,1,0,0,0,0,0,0,0,0,0,0,0,0,0,0,0,0,0,0,1,0,0,8,0,40,-75.1165, , 
 ,45482,2014113326,6,67,67301,2014,10,5,1547,15,1,1,0,4,1, , ,N,2,0,0,3,0,2,5,2,N,N,39 56:48.703,75 13:44.101,1605, ,1550, ,0, ,N, ,0, , , , , ,499771, , , ,2,2,0,0,0,0,0,0,0,0,0,0,2,2,0,0,0,0,0,0,0,0,0,0,0,0,0,0,0,0,0,0,0,0,0,8,0,39.9469,-75.2289, , 
 ,45483,2014126937,6,67,67301,2014,11,7,540,5,3,2,1,8,1, , ,N,0,0,0,3,2,1,3,3,N,N,40 03:00.647,75 03:03.491,550, ,545, ,0, ,N,0,0, , , , , ,499804, , , ,1,1,0,0,0,0,0,0,0,0,0,0,1,1,0,0,0,1,0,0,0,0,0,0,0,0,0,0,0,0,0,0,2,2,0,1,0,40.0502,-75.051,2, 
 ,45484,2015002720,6,67,67301,2014,9,3,1433,14,1,1,0,1,1, , ,N,0,0,0,3,0,1,5,2,N,N,39 58:39.434,75 09:29.377,1442, ,1439, ,0, , , ,0, , , , , ,499809, , , ,2,1,0,0,0,0,0,1,0,0,0,1,1,0,0,0,0,0,0,1,1,0,0,2,0,0,0,0,0,0,0,0,0,0,0,4,0,39.9776,-75.1582, , 
 ,45485,2014104397,6,67,67301,2014,10,7,55,0,3,2,1,7,9, , ,N,0,0,0,3,0,0,1,1,N,N,39 55:42.426,75 09:02.103,55, ,55, ,0, ,N, ,0, , , , , ,499842, , , ,1,1,0,0,0,0,0,0,0,0,0,0,0,0,0,0,0,0,0,0,0,0,0,0,0,0,0,0,0,0,0,0,0,0,0,0,0,39.9285,-75.1506, , 
 ,45486,2014130388,6,67,67301,2014,12,3,1805,18,3,2,1,4,1, , ,N,2,0,0,3,0,0,5,2,N,N,40 04:03.341,75 11:49.759,1811, ,1811,1,1,3,N, ,0,Y, , , , ,499866, , , ,2,1,0,0,0,0,1,0,0,0,0,0,0,0,0,0,1,0,0,0,1,0,0,0,0,0,0,0,0,0,0,0,0,0,0,0,0,40.0676,-75.1972, , 
 ,45487,2015002787,6,67,67301,2014,12,1,1802,18,3,2,1,4,1, , ,N,1,2,0,3,0,1,3,2,N,N,40 00:20.131,75 06:11.812,1832, ,1825, ,0, , , ,3, , , , , ,499874, , , ,1,1,0,0,0,0,0,0,1,1,0,0,1,0,0,0,0,0,0,0,0,0,0,0,0,0,0,0,0,0,0,1,0,0,0,2,0,40.0056,-75.1033, , 
 ,45488,2015006628,6,67,67301,2014,12,6,906,9,1,1,0,4,1, , ,N,1,3,0,3,0,2,3,2,N, ,40 03:56.012,75 10:45.123,906, ,906, ,0, , , ,3, , , , , ,499875, , , ,2,2,0,0,0,0,0,0,0,0,0,2,2,0,0,0,0,0,0,0,0,1,0,0,0,0,0,0,0,0,0,0,0,0,0,4,0,40.0656,-75.1792, , 
 ,45489,2014125037,6,67,67301,2014,11,7,1610,16,4,2,0,1,1, , ,N,2,2,0,3,0,1,2,2,N,N,39 59:41.792,75 11:14.022,1622, ,1621,9,1,4, , ,3,N, , , , ,499879, , , ,2,0,0,0,1,0,1,0,0,0,0,1,1,0,0,0,0,0,0,0,0,0,0,2,0,0,0,0,0,0,0,0,0,0,0,4,0,39.9949,-75.1872, , 
 ,45490,2014127545,6,67,67301,2014,12,3,1358,13,1,2,1,8,6, , ,N,0,0,0,3,0,1,2,2,N, ,39 59:49.938,75 07:09.307,1500, ,1458, ,0, , , ,0, , , , , ,499882, , , ,1,0,0,0,0,0,0,1,0,0,0,0,1,1,0,0,0,0,0,0,0,0,0,0,0,0,0,0,0,0,0,0,1,0,0,8,0,39.9972,-75.1193, , 
N,45491,2014050675,6,67,67301,2014,5,4,546,5,5,1,0,1,1,1,4,Y,0,0,0,3,0,0,4,4,N,N,39 58:00.066,75 08:06.645,546,45,546, ,0, ,N, ,0, ,Y,N,N,N,491530,N,Y,Y,4,0,0,0,1,0,1,1,0,0,0,0,0,0,2,0,0,0,0,0,2,0,0,0,0,0,0,0,0,0,0,0,0,0,0,9,0,39.9667,-75.1352, , 
 ,45492,2014059075,6,67,67301,2014,5,7,1800,18,1,1,0,8,1, , ,N,0,0,0,3,0,1,2,2,N,N,40 00:35.084,75 08:29.013,2045, ,2040, ,0, , , ,0, , , , , ,491535, , , ,1,1,0,0,0,0,0,0,0,0,0,1,1,0,0,0,0,0,0,0,0,0,0,0,0,0,0,0,0,0,0,0,1,0,0,4,0,40.0097,-75.1414, , 
 ,45493,2014127461,6,67,67301,2014,12,2,1727,17,3,2,1,5,6, , ,N,0,0,0,3,0,1,2,2,N,N,40 02:41.974,75 03:58.971,1740, ,1727, ,0, ,N, ,0, , , , , ,491551, , , ,2,1,0,0,0,0,0,1,0,0,1,0,1,0,0,0,1,0,0,0,0,0,0,1,0,0,0,0,0,0,0,0,0,0,0,3,0,40.045,-75.0664, , 
 ,45494,2015000384,6,67,67301,2014,12,7,819,8,1,1,0,4,1, , ,N,0,0,7,3,0,0,2,2,N,N,40 05:35.919,75 00:15.066,819, ,830, ,0, ,N, ,0, , , , , ,491554, , , ,2,1,0,0,0,0,1,0,0,0,0,0,0,0,2,0,0,0,0,0,0,2,0,0,0,0,0,0,0,0,0,0,0,0,0,9,0,40.0933,-75.0042, , 
 ,45495,2015028135,6,67,67301,2014,9,3,1330,13,1,1,0,4,1, , ,N,1,2,0,3,0,2,3,2,N,N,39 56:51.762,75 09:03.936,0, ,0, ,0, ,N, ,3, , , , , ,491555, , , ,2,1,0,0,0,0,0,0,0,1,1,0,2,0,0,0,0,0,0,0,0,0,0,0,0,0,0,1,0,0,0,0,0,0,0,2,0,39.9477,-75.1511, , 
 ,45496,2015002719,6,67,67301,2014,12,5,1919,19,3,1,0,1,1, , ,N,0,0,0,3,0,1,4,3,N,N,40 03:08.502,75 03:01.994,1925, ,1920,1,1,1,N, ,0,N, , , , ,491558, , , ,3,1,0,0,0,0,1,0,0,0,0,1,1,0,0,0,0,0,0,0,2,0,0,0,0,0,0,0,0,0,0,0,0,0,0,4,0,40.0524,-75.0506, , 
 ,45497,2015030543,6,67,67301,2014,11,7,1230,12,1,1,0,6,1, , ,N,0,0,0,3,0,2,3,2,N,N,39 53:55.759,75 14:20.669,0, ,0, ,0, ,N, ,0, , , , , ,491560, , , ,2,1,0,0,0,0,0,0,0,0,2,0,2,0,0,0,0,0,0,0,0,0,0,0,0,0,0,0,0,0,0,0,0,0,0,3,0,39.8988,-75.2391, , 
 ,45498,2014121432,6,67,67301,2014,11,2,1513,15,1,2,1,4,1, , ,N,1,2,0,3,0,1,2,2,N, ,40 00:02.702,75 08:36.116,1517, ,1516, ,0, , , ,3, , , , , ,491569, , , ,2,1,0,0,0,1,0,0,0,0,0,0,1,1,0,0,0,0,0,0,0,0,0,0,0,0,0,0,0,0,0,0,0,0,0,8,0,40.0008,-75.1434, , 
 ,45499,2014122601,6,67,67301,2014,12,5,1051,10,1,1,0,1,1, , ,N,0,0,0,3,0,3,4,2,N,N,39 59:21.523,75 12:23.165,1100, ,1054, ,0, ,N, ,0, , , , , ,491570, , , ,2,1,0,0,0,0,1,0,0,0,0,3,3,0,0,0,0,0,0,0,0,0,0,0,0,0,0,0,0,0,0,0,0,0,0,4,0,39.9893,-75.2064, , 
 ,45500,2014089059,6,67,67301,2014,8,1,9999,99,3,1,0,0,1, , ,N,1,2,0,3,0,0,1,1,N,N,40 03:12.823,75 10:40.715,200, ,155, ,0, , , ,3, , , , , ,491605, , , ,1,1,0,0,0,0,0,0,0,0,0,0,0,0,0,0,0,0,0,0,0,0,0,0,0,0,0,0,0,0,0,0,0,0,0,0,0,40.0536,-75.178, , 
 ,45501,2014096385,6,67,67301,2014,9,1,330,3,3,1,0,5,6, , ,N,0,0,0,3,0,1,1,2,N, ,39 59:14.896,75 10:50.375,331, ,330, ,0, , , ,0, , , , , ,491611, , , ,2,1,0,0,0,0,1,0,0,0,0,1,1,0,0,0,0,0,0,0,1,0,0,0,0,0,0,0,0,0,0,0,0,0,0,4,0,39.9875,-75.1807, , 
 ,45502,2014104622,6,67,67301,2014,9,7,1330,13,1,1,0,4,1, , ,N,1,3,0,3,0,1,2,2,N,N,40 02:39.224,75 08:54.682,1430, ,1430, ,0, , , ,3, , , , , ,491621, , , ,1,0,0,0,0,0,0,1,1,0,0,0,1,1,0,0,0,0,0,0,0,0,1,0,0,0,0,0,0,0,0,0,0,0,0,8,0,40.0442,-75.1485, , 
 ,45503,2014104974,6,67,67301,2014,10,2,2046,20,3,1,0,4,1, , ,N,1,2,0,3,0,2,2,2,N,N,40 00:45.131,75 04:23.853,2046, ,2046, ,0, ,N, ,3, , , , , ,491622, , , ,2,1,0,0,0,0,1,0,0,0,2,0,2,0,0,0,0,0,0,0,1,0,0,0,0,0,0,0,0,0,0,0,0,0,0,3,0,40.0125,-75.0733, , 
 ,45504,2014113486,6,67,67301,2014,10,4,1718,17,1,1,0,8,1, , ,N,1,2,0,3,0,1,2,2,N,N,40 01:00.708,75 08:58.113,1735, ,1730, ,0, ,N, ,3, , , , , ,491631, , , ,1,1,0,0,0,0,0,0,0,0,0,1,1,0,0,0,0,0,0,0,0,0,0,0,0,0,0,0,0,0,0,0,1,0,0,4,0,40.0169,-75.1495, , 
 ,45505,2014067281,6,67,67301,2014,7,2,1449,14,1,1,0,1,1, , ,N,0,0,0,3,0,1,4,3,N,N,39 57:30.879,75 10:02.694,1449, ,1449, ,0, ,N, ,0, , , , , ,491642, , , ,3,1,0,0,0,0,2,0,0,0,0,1,1,0,0,0,0,0,0,0,1,0,0,0,0,0,0,0,0,0,0,0,0,0,0,4,0,39.9586,-75.1674, , 
 ,45506,2014106683,6,67,67301,2014,10,4,830,8,1,1,0,4,1, , ,N,1,2,0,3,0,1,2,2,N, ,40 01:45.357,75 10:53.338,833, ,830, ,0, , , ,3, , , , , ,491644, , , ,2,1,0,0,0,0,0,1,0,0,0,1,1,0,0,0,0,0,0,0,0,0,0,0,0,0,0,0,0,0,0,0,0,0,0,4,0,40.0293,-75.1815, , 
 ,45507,2014115623,6,67,67301,2014,10,3,630,6,5,1,0,4,1, , ,N,1,2,0,3,0,0,11,3,Y,N,40 02:38.730,75 03:42.723,635, ,630,3,1,2, , ,3,Y, , , , ,491648, , , ,3,1,0,1,0,0,1,0,0,0,0,0,0,0,0,0,0,0,0,0,1,0,0,0,0,0,0,0,0,0,0,0,0,0,0,0,1,40.0441,-75.0619, , 
 ,45508,2014120307,6,67,67301,2014,11,1,9999,99,3,1,0,8,1, , ,N,5,2,0,3,0,1,2,2,N,N,40 00:13.178,75 10:08.095,1900, ,1849, ,0, ,N, ,3, , , , , ,491652, , , ,1,1,0,0,0,0,0,0,0,0,0,0,1,1,0,0,0,0,0,0,1,0,0,0,0,0,0,0,0,0,0,0,1,0,0,8,0,40.0037,-75.1689, , 