wz_ln_closure,objectid_1,crn,district,county,municipality,crash_year,crash_month,day_of_week,time_of_day,hour_of_day,illumination,weather,road_condition,collision_type,relation_to_road,work_zone_type,work_zone_loc,work_zone_ind,intersect_type,tcd_type,location_type,urban_rural,fatal_count,injury_count,person_count,total_units,sch_bus_ind,sch_zone_ind,latitude,longitude,arrival_tm,cons_zone_spd_lim,dispatch_tm,est_hrs_closed,lane_closed,ln_close_dir,ntfy_hiwy_maint,spec_juris_cd,tcd_func_cd,tfc_detour_ind,workers_pres,wz_close_detour,wz_flagger,wz_law_offcr_ind,objectid,wz_moving,wz_other,wz_shlder_mdn,vehicle_count,automobile_count,motorcycle_count,bus_count,small_truck_count,heavy_truck_count,suv_count,van_count,bicycle_count,maj_inj_count,mod_inj_count,min_inj_count,tot_inj_count,unk_inj_deg_count,unk_inj_per_count,driver_count_16yr,driver_count_17yr,driver_count_18yr,driver_count_19yr,driver_count_20yr,driver_count_50_64yr,driver_count_65_74yr,driver_count_75plus,unbelted_occ_count,unb_death_count,unb_maj_inj_count,belted_death_count,belted_maj_inj_count,mcycle_death_count,mcycle_maj_inj_count,bicycle_death_count,bicycle_maj_inj_count,ped_count,ped_death_count,ped_maj_inj_count,max_severity_level,comm_veh_count,dec_lat,dec_long,rdwy_surf_type_cd,county_name
 ,45575,2015030498,6,67,67301,2014,11,4,1800,18,1,1,0,1,1, , ,N,1,2,0,3,0,1,3,2,N,N,40 01:34.840,75 05:50.934,0, ,0, ,0, ,N, ,3, , , , , ,491788, , , ,2,0,0,0,0,0,0,1,0,0,0,0,1,1,0,0,0,0,0,0,0,0,0,0,0,0,0,0,0,0,0,0,0,0,0,8,0,40.0263,-75.0975, , 
 ,45576,2014088871,6,67,67301,2014,8,4,1541,15,1,1,0,4,1, , ,N,0,2,7,3,0,1,3,2,N,N,40 05:06.923,75 02:12.750,1550, ,1546, ,0, , , ,3, , , , , ,491806, , , ,2,1,0,0,0,0,0,1,0,0,0,0,1,1,0,0,0,0,0,0,0,0,0,0,0,0,0,0,0,0,0,0,0,0,0,8,0,40.0853,-75.0369, , 
 ,45577,2014095957,6,67,67301,2014,9,6,1440,14,1,1,0,4,1, , ,N,1,3,0,3,0,1,2,2,N, ,39 59:10.636,75 10:07.651,1441, ,1441, ,0, , , ,3, , , , , ,491811, , , ,1,1,0,0,0,0,0,0,1,0,0,1,1,0,0,0,0,0,0,0,0,0,0,0,0,0,0,0,0,0,0,0,0,0,0,4,0,39.9863,-75.1688, , 
 ,45578,2014096378,6,67,67301,2014,9,4,1230,12,1,1,0,8,1, , ,N,1,3,0,3,0,2,3,3,N,N,39 57:47.991,75 13:34.381,1241, ,1241, ,0, ,N, ,3, , , , , ,491812, , , ,1,0,0,0,0,1,0,0,0,0,0,2,2,0,0,0,0,0,0,0,0,0,0,0,0,0,0,0,0,0,0,0,2,0,0,4,0,39.9633,-75.2262, , 
 ,45579,2014115662,6,67,67301,2014,11,2,9999,99,1,1,0,8,1, , ,N,0,0,0,3,0,1,2,2,N, ,39 59:55.410,75 08:19.508,315, ,300, ,0, , , ,0, , , , , ,491834, , , ,1,1,0,0,0,0,0,0,0,0,0,1,1,0,0,0,0,0,0,0,0,0,0,1,0,0,0,0,0,0,0,0,1,0,0,4,0,39.9987,-75.1388, , 
 ,45580,2014116210,6,67,67301,2014,11,4,737,7,1,1,0,1,1, , ,N,6,0,2,3,0,0,2,2,N,N,39 56:44.167,75 11:25.033,747, ,737,2,1,3,N, ,0,N, , , , ,491854, , , ,2,2,0,0,0,0,0,0,0,0,0,0,0,0,0,0,0,0,0,0,0,0,0,0,0,0,0,0,0,0,0,0,0,0,0,0,0,39.9456,-75.1903, , 
 ,45581,2014125099,6,67,67301,2014,11,7,2115,21,3,1,0,4,4, , ,N,0,0,7,3,0,1,1,2,N, ,40 05:19.464,75 02:35.181,2135, ,2125, ,0, , , ,0, , , , , ,491861, , , ,2,0,0,0,1,0,0,1,0,0,0,1,1,0,0,0,0,0,0,0,1,0,0,0,0,0,0,0,0,0,0,0,0,0,0,4,0,40.0887,-75.0431, , 
 ,45582,2014081495,6,67,67301,2014,6,1,2300,23,3,1,0,5,1, , ,N,0,0,0,3,0,2,3,4,N,N,40 00:55.540,75 10:37.027,2310, ,2307,2,2,2,N, ,0,Y, , , , ,494520, , , ,3,1,0,0,1,0,1,0,0,0,0,2,2,0,0,0,0,0,0,0,1,0,0,0,0,0,0,0,0,0,0,0,0,0,0,4,0,40.0154,-75.177, , 
 ,45583,2014087305,6,67,67301,2014,8,3,820,8,1,1,0,1,1, , ,N,0,0,0,3,0,1,2,2,N,N,39 58:30.807,75 11:41.477,825, ,823, ,0, ,N, ,0, , , , , ,494528, , , ,2,1,0,0,0,1,0,0,0,0,0,0,1,1,0,0,0,0,0,0,0,0,0,1,0,0,0,0,0,0,0,0,0,0,0,8,1,39.9752,-75.1949, , 
 ,45584,2014118746,6,67,67301,2014,11,4,820,8,1,1,0,8,1, , ,N,1,2,0,3,0,1,2,2,N,Y,39 58:46.036,75 13:31.401,840, ,820, ,0, ,N, ,3, , , , , ,494545, , , ,1,1,0,0,0,0,0,0,0,0,0,0,1,1,0,0,0,0,0,0,0,0,0,0,0,0,0,0,0,0,0,0,1,0,0,8,0,39.9794,-75.2253, , 
 ,45585,2014081866,6,67,67301,2014,8,7,1355,13,1,1,0,1,1, , ,N,0,0,0,3,0,0,5,2,N,N,39 58:06.070,75 07:46.758,1358, ,1355,1,2,2,N, ,0,N, , , , ,494570, , , ,2,2,0,0,0,0,0,0,0,0,0,0,0,0,0,0,0,0,0,0,0,0,0,0,0,0,0,0,0,0,0,0,0,0,0,0,0,39.9684,-75.1297, , 
 ,45586,2015021379,6,67,67301,2014,12,3,2335,23,3,6,1,4,1, , ,N,1,2,0,3,0,6,6,2,N,N,39 58:54.847,75 10:14.127,2335, ,2335, ,0, ,N, ,3, , , , , ,494584, , , ,2,2,0,0,0,0,0,0,0,0,0,0,6,6,0,0,0,0,0,0,0,0,0,0,0,0,0,0,0,0,0,0,0,0,0,8,0,39.9819,-75.1706, , 
 ,45587,2015025082,6,67,67301,2014,10,6,744,7,1,1,0,4,1, , ,N,1,0,0,3,0,2,2,3,N,N,40 02:00.348,75 01:51.581,800, ,747, ,0, ,N, ,0, , , , , ,494585, , , ,3,2,0,0,1,0,0,0,0,0,0,0,2,2,0,0,1,0,0,0,0,0,0,0,0,0,0,0,0,0,0,0,0,0,0,8,0,40.0334,-75.031, , 
 ,45588,2014122016,6,67,67301,2014,11,5,1610,16,4,1,0,1,1, , ,N,1,2,0,3,0,1,2,2,N,N,40 02:34.484,75 06:15.533,1621, ,1620, ,0, ,N, ,3, , , , , ,494596, , , ,2,2,0,0,0,0,0,0,0,0,0,1,1,0,0,0,0,0,0,0,0,0,0,0,0,0,0,0,0,0,0,0,0,0,0,4,0,40.0429,-75.1043, , 
 ,45589,2014125141,6,67,67301,2014,11,5,38,0,3,1,1,1,1, , ,N,1,2,0,3,0,3,4,2,N,N,40 05:07.441,75 02:14.475,43, ,42, ,0, ,N, ,3, , , , , ,494601, , , ,2,2,0,0,0,0,0,0,0,0,0,3,3,0,0,0,0,0,0,1,1,0,0,0,0,0,0,0,0,0,0,0,0,0,0,4,0,40.0854,-75.0374, , 
 ,45590,2015001506,6,67,67301,2014,3,4,1820,18,3,1,0,4,1, , ,N,0,0,7,3,0,3,4,2,N,N,40 00:17.686,75 06:12.415,1825, ,1821,3,2,5,N, ,0,Y, , , , ,494613, , , ,2,1,0,0,0,0,1,0,0,0,0,3,3,0,0,0,0,0,0,0,1,0,0,0,0,0,0,0,0,0,0,0,0,0,0,4,0,40.0049,-75.1034, , 
 ,45591,2014093523,6,67,67301,2014,9,6,944,9,1,1,0,4,1, , ,N,1,2,0,3,0,1,2,2,N,N,39 57:39.193,75 08:36.072,947, ,946, ,0, ,N, ,3, , , , , ,494620, , , ,2,0,0,0,0,0,1,1,0,0,0,0,1,1,0,0,0,0,0,0,0,0,0,0,0,0,0,0,0,0,0,0,0,0,0,8,0,39.9608,-75.1435, , 
 ,45592,2014093530,6,67,67301,2014,9,4,1355,13,1,1,0,5,1, , ,N,0,0,0,3,0,1,2,2,N, ,39 56:12.027,75 10:49.559,1357, ,1355, ,0, , , ,0, , , , , ,494621, , , ,1,1,0,0,0,0,0,0,1,0,0,0,1,1,0,0,0,0,0,0,0,0,0,0,0,0,0,0,0,0,0,0,0,0,0,8,0,39.9367,-75.1804, , 
 ,45593,2014081445,6,67,67301,2014,6,3,2020,20,4,1,0,4,1, , ,N,1,3,0,3,0,1,4,2,N,N,39 57:09.036,75 14:19.352,2027, ,2025,1,2,7,N, ,3,Y, , , , ,494638, , , ,2,1,0,0,0,0,1,0,0,0,0,0,1,1,1,0,0,0,0,0,0,1,0,0,0,0,0,0,0,0,0,0,0,0,0,8,0,39.9525,-75.2387, , 
 ,45594,2014089337,6,67,67301,2014,8,4,140,1,3,2,1,5,6, , ,N,0,0,0,3,0,1,1,4,N,N,39 59:07.342,75 08:03.062,148, ,146, ,0, ,N, ,0, , , , , ,494642, , , ,4,2,0,0,1,0,0,1,0,0,0,1,1,0,0,0,0,0,0,0,0,0,0,0,0,0,0,0,0,0,0,0,0,0,0,4,0,39.9854,-75.1342, , 
 ,45595,2014089756,6,67,67301,2014,7,5,1633,16,1,1,0,4,1, , ,N,2,0,0,3,0,0,3,2,N,N,39 58:58.072,75 12:22.561,1640, ,1633,2,1,2,N, ,0,N, , , , ,494643, , , ,2,1,0,0,0,0,1,0,0,0,0,0,0,0,0,0,0,0,0,0,0,0,0,0,0,0,0,0,0,0,0,0,0,0,0,0,0,39.9828,-75.2063, , 
 ,45596,2014106779,6,67,67301,2014,10,2,2033,20,3,2,1,4,1, , ,N,1,2,0,3,0,0,2,2,N, ,40 04:15.211,75 02:57.868,2040, ,2040,1,1,2, , ,3,N, , , , ,494660, , , ,2,1,0,0,0,0,0,1,0,0,0,0,0,0,0,0,0,0,0,0,0,0,1,0,0,0,0,0,0,0,0,0,0,0,0,0,0,40.0709,-75.0494, , 
 ,45597,2014115593,6,67,67301,2014,11,2,1930,19,3,1,0,4,1, , ,N,1,2,0,3,0,3,3,2,N,N,39 57:57.326,75 13:13.061,1942, ,1936, ,0, ,N, ,3, , , , , ,494670, , , ,2,1,0,0,0,0,1,0,0,0,0,3,3,0,0,0,0,0,0,0,2,0,0,0,0,0,0,0,0,0,0,0,0,0,0,4,0,39.9659,-75.2203, , 
 ,45598,2014084240,6,67,67301,2014,7,3,1421,14,1,1,0,4,1, , ,N,1,2,0,3,0,2,2,2,N, ,40 02:17.196,75 03:16.819,1423, ,1422,3,1,3, , ,3,Y, , , , ,494685, , , ,2,1,1,0,0,0,0,0,0,1,0,1,2,0,0,0,0,0,0,0,0,0,0,0,0,0,0,0,0,1,0,0,0,0,0,2,0,40.0381,-75.0547, , 
 ,45599,2014084282,6,67,67301,2014,7,1,9999,99,3,1,0,8,1, , ,N,5,2,2,3,0,1,2,2,N,N,39 56:59.546,75 08:37.466,1758, ,1756, ,0, ,N, ,3, , , , , ,494686, , , ,1,1,0,0,0,0,0,0,0,0,1,0,1,0,1,0,0,0,0,0,0,0,0,0,0,0,0,0,0,0,0,0,1,0,0,3,0,39.9499,-75.1437, , 
 ,45600,2014120825,6,67,67301,2014,11,7,1226,12,1,1,0,1,1, , ,N,0,0,0,3,0,3,3,2,N,N,40 00:41.859,75 10:57.172,1227, ,1226,2,1,2,N, ,0,N, , , , ,497419, , , ,2,1,0,0,0,0,1,0,0,0,0,3,3,0,0,0,0,0,0,0,0,0,0,0,0,0,0,0,0,0,0,0,0,0,0,4,0,40.0116,-75.1825, , 
 ,45601,2014109955,6,67,67301,2014,10,7,1100,11,1,1,0,8,1, , ,N,1,2,0,3,0,1,2,2,N, ,40 01:14.041,75 06:58.561,1109, ,1105, ,0, , , ,3, , , , , ,497427, , , ,1,0,0,0,1,0,0,0,0,0,0,0,1,1,0,0,0,0,0,0,0,0,0,0,0,0,0,0,0,0,0,0,1,0,0,8,0,40.0206,-75.1163, , 
 ,45602,2015002727,6,67,67301,2014,12,3,1750,17,3,2,1,8,1, , ,N,5,2,0,3,0,1,2,2,N,N,40 01:37.455,75 03:55.390,1758, ,1756,1,1,3,N, ,3,Y, , , , ,497434, , , ,1,0,0,0,0,0,0,1,0,0,0,1,1,0,0,0,0,0,0,0,1,0,0,0,0,0,0,0,0,0,0,0,1,0,0,4,0,40.027,-75.0654, , 
 ,45603,2014127439,6,67,67301,2014,11,2,1345,13,1,1,0,1,1, , ,N,1,0,0,3,0,1,2,2,N,N,39 56:54.708,75 12:20.462,1410, ,1400, ,0, ,N, ,0, , , , , ,497441, , , ,2,1,0,0,0,0,1,0,0,0,0,1,1,0,1,0,0,0,0,0,0,0,0,0,0,0,0,0,0,0,0,0,0,0,0,4,0,39.9485,-75.2057, , 
 ,45604,2015002775,6,67,67301,2014,12,6,1139,11,1,1,0,7,5, , ,N,0,0,0,3,0,0,1,2,N,N,40 00:47.415,75 12:06.385,1248, ,1139, ,0, ,N, ,0, , , , , ,497444, , , ,2,1,0,0,0,0,1,0,0,0,0,0,0,0,0,0,0,0,0,0,0,1,0,0,0,0,0,0,0,0,0,0,0,0,0,0,0,40.0132,-75.2018, , 
 ,45605,2015006085,6,67,67301,2014,12,4,1240,12,1,2,1,4,1, , ,N,2,3,0,3,0,0,6,3,N,N,40 01:55.046,75 10:06.788,1250, ,1245, ,0, ,N, ,3, , , , , ,497445, , , ,3,2,0,0,0,0,1,0,0,0,0,0,0,0,3,0,0,0,0,0,0,0,0,0,0,0,0,0,0,0,0,0,0,0,0,9,0,40.032,-75.1686, , 
 ,45606,2014109946,6,67,67301,2014,10,7,30,0,3,1,0,4,1, , ,N,1,2,0,3,0,1,2,2,N,N,40 02:20.299,75 09:00.122,100, ,49, ,0, ,N, ,3, , , , , ,497452, , , ,2,1,0,0,0,0,1,0,0,0,0,0,1,1,1,0,0,0,0,0,0,0,0,0,0,0,0,0,0,0,0,0,0,0,0,8,0,40.039,-75.15, , 
 ,45607,2014112296,6,67,67301,2014,10,3,1438,14,1,1,0,4,1, , ,N,2,2,0,3,0,0,3,2,N,N,40 03:52.300,74 59:55.871,1444, ,1439, ,0, , , ,3, , , , , ,497455, , , ,2,2,0,0,0,0,0,0,0,0,0,0,0,0,2,0,0,0,0,0,0,0,1,0,0,0,0,0,0,0,0,0,0,0,0,9,0,40.0645,-74.999, , 
 ,45608,2014120314,6,67,67301,2014,10,5,856,8,1,1,0,8,1, , ,N,1,2,0,3,0,1,2,2,N, ,39 57:21.570,75 13:03.535,900, ,856, ,0, , , ,3, , , , , ,497464, , , ,1,0,0,0,1,0,0,0,0,0,0,1,1,0,0,0,0,0,0,0,1,0,0,0,0,0,0,0,0,0,0,0,1,0,0,4,0,39.956,-75.2176, , 
 ,45609,2014122399,6,67,67301,2014,11,4,430,4,3,1,0,6,6, , ,N,0,0,0,3,0,0,1,3,N,N,39 59:42.687,75 09:29.120,433, ,432,3,2,6, , ,0,Y, , , , ,497469, , , ,3,2,0,0,0,0,1,0,0,0,0,0,0,0,0,0,0,0,0,0,0,0,0,0,0,0,0,0,0,0,0,0,0,0,0,0,0,39.9952,-75.1581, , 
 ,45610,2014098732,6,67,67301,2014,9,3,9999,99,3,1,0,4,1, , ,N,1,2,0,3,0,1,2,2,N,N,40 02:00.178,75 07:52.165,9999, ,9999, ,0, ,N, ,3, , , , , ,497482, , , ,2,1,1,0,0,0,0,0,0,0,0,1,1,0,0,0,0,0,0,0,0,0,0,0,0,0,0,0,0,0,0,0,0,0,0,4,0,40.0334,-75.1312, , 
 ,45611,2014099229,6,67,67301,2014,8,7,1011,10,1,2,1,4,1, , ,N,1,2,0,3,0,2,2,2,N,N,40 04:08.025,75 10:54.330,1013, ,1011,3,2,7,N, ,3,Y, , , , ,497483, , , ,2,2,0,0,0,0,0,0,0,0,2,0,2,0,0,0,0,0,0,0,0,0,0,0,0,0,0,0,0,0,0,0,0,0,0,3,0,40.0689,-75.1818, , 
 ,45612,2014127422,6,67,67301,2014,12,7,2036,20,3,2,1,8,1, , ,N,0,0,0,3,0,1,2,2,N,N,40 03:16.345,75 11:29.667,2046, ,2038,3,2,5,N, ,0,N, , , , ,497523, , , ,1,1,0,0,0,0,0,0,0,0,0,0,1,1,0,0,0,0,0,0,0,0,0,0,0,0,0,0,0,0,0,0,1,0,0,8,0,40.0545,-75.1916, , 
 ,45613,2014127894,6,67,67301,2014,12,7,9999,99,1,2,1,6,1, , ,N,0,0,0,3,0,0,3,3,N, ,40 03:10.495,75 11:35.948,1530, ,1520, ,0, , , ,0, , , , , ,497537, , , ,3,3,0,0,0,0,0,0,0,0,0,0,0,0,0,0,0,0,0,0,0,0,1,0,0,0,0,0,0,0,0,0,0,0,0,0,0,40.0529,-75.1933, , 
 ,45614,2015002722,6,67,67301,2014,12,6,745,7,1,1,0,1,1, , ,N,2,2,0,3,0,1,2,2,N,N,39 58:40.830,75 16:00.367,806, ,759, ,0, ,N, ,3, , , , , ,497541, , , ,2,1,0,0,0,0,1,0,0,0,0,1,1,0,0,0,0,0,0,0,0,0,0,0,0,0,0,0,0,0,0,0,0,0,0,4,0,39.978,-75.2668, , 
 ,45615,2014059354,6,67,67301,2014,5,2,1613,16,1,1,0,4,1, , ,N,1,3,0,3,0,3,3,2,N,N,39 59:14.679,75 11:08.185,1616, ,1615,3,2,2, , ,3,Y, , , , ,497545, , , ,2,2,0,0,0,0,0,0,0,0,0,2,3,1,0,0,0,0,0,0,0,0,0,0,0,0,0,0,0,0,0,0,0,0,0,4,0,39.9874,-75.1856, , 
 ,45616,2014068038,6,67,67301,2014,6,5,1308,13,1,2,1,1,1, , ,N,1,2,0,3,0,1,3,2,N,N,40 01:54.059,75 05:01.805,1319, ,1308,1,1,1,N, ,3,N, , , , ,497550, , , ,2,1,0,0,1,0,0,0,0,0,0,1,1,0,0,0,0,0,0,0,1,0,0,0,0,0,0,0,0,0,0,0,0,0,0,4,0,40.0317,-75.0838, , 
 ,45617,2014088739,6,67,67301,2014,8,3,1930,19,1,1,0,4,1, , ,N,1,2,0,3,0,1,2,2,N, ,40 02:37.429,75 05:06.333,1942, ,9999,2,1,4, , ,3,Y, , , , ,497570, , , ,2,1,0,0,0,0,1,0,0,0,0,0,1,1,0,0,0,0,0,0,0,0,0,0,0,0,0,0,0,0,0,0,0,0,0,8,0,40.0437,-75.0851, , 
 ,45618,2014121418,6,67,67301,2014,11,3,1138,11,1,1,0,4,1, , ,N,1,2,0,3,0,1,3,3,N,N,40 03:19.147,75 04:24.059,1140, ,1140,1,1,3, , ,3,N, , , , ,489048, , , ,3,1,0,0,0,0,2,0,0,0,0,0,1,1,0,0,0,0,0,0,0,1,1,0,0,0,0,0,0,0,0,0,0,0,0,8,0,40.0553,-75.0733, , 
 ,45619,2014127552,6,67,67301,2014,12,6,2100,21,3,2,1,5,1, , ,N,0,0,0,3,0,1,2,2,N, ,39 59:23.192,75 05:36.251,2335, ,2330, ,0, , , ,0, , , , , ,489051, , , ,1,0,0,0,0,0,1,0,1,0,0,0,1,1,0,0,0,0,0,0,0,0,0,1,0,0,0,0,0,0,0,0,0,0,0,8,0,39.9898,-75.0934, , 
 ,45620,2015002786,6,67,67301,2014,12,4,1117,11,1,2,1,4,1, , ,N,2,3,0,3,0,1,2,2,N,N,39 58:59.788,75 06:06.416,1122, ,1118, ,0, ,N, ,3, , , , , ,489058, , , ,2,1,0,0,0,0,1,0,0,0,0,0,1,1,1,0,0,0,0,0,1,0,0,0,0,0,0,0,0,0,0,0,0,0,0,8,0,39.9833,-75.1018, , 
 ,45621,2014106677,6,67,67301,2014,10,4,1603,16,1,2,1,4,1, , ,N,5,2,0,3,0,2,2,2,N,N,40 02:34.044,75 04:35.630,1640, ,1628, ,0, ,N, ,3, , , , , ,489061, , , ,2,1,0,0,0,0,0,1,0,0,0,2,2,0,0,0,0,0,0,0,1,0,0,0,0,0,0,0,0,0,0,0,0,0,0,4,0,40.0428,-75.0766, , 
 ,45622,2014117594,6,67,67301,2014,10,7,1330,13,1,1,0,4,1, , ,N,1,3,0,3,0,1,3,2,N,N,39 57:29.433,75 13:44.921,1903, ,1900, ,0, ,N, ,3, , , , , ,489070, , , ,2,2,0,0,0,0,0,0,0,0,0,1,1,0,0,0,0,0,0,0,0,0,0,3,0,0,0,0,0,0,0,0,0,0,0,4,0,39.9582,-75.2291, , 
 ,45623,2014117792,6,67,67301,2014,11,7,315,3,3,1,0,1,1, , ,N,0,0,0,3,0,0,4,2,N,N,39 58:44.050,75 06:35.297,318, ,318,2,2,2,N, ,0,N, , , , ,489071, , , ,2,2,0,0,0,0,0,0,0,0,0,0,0,0,0,0,0,0,0,0,0,0,0,0,0,0,0,0,0,0,0,0,0,0,0,0,0,39.9789,-75.1098, , 
 ,45624,2014122472,6,67,67301,2014,11,2,932,9,1,2,1,8,1, , ,N,0,0,0,3,0,1,2,2,N,N,39 59:02.583,75 10:29.650,945, ,935, ,0, ,N, ,0, , , , , ,489078, , , ,1,0,0,0,0,0,1,0,0,0,0,1,1,0,0,0,0,0,0,0,0,0,0,0,0,0,0,0,0,0,0,0,1,0,0,4,0,39.9841,-75.1749, , 
 ,45625,2015002716,6,67,67301,2014,12,1,1900,19,3,1,0,0,1, , ,N,2,0,0,3,0,0,3,2,N,N,40 07:34.008,75 00:51.845,1917, ,1914, ,0, ,N, ,0, , , , , ,489088, , , ,2,1,0,0,0,0,0,1,0,0,0,0,0,0,0,0,0,0,0,0,0,1,0,0,0,0,0,0,0,0,0,0,0,0,0,0,0,40.1261,-75.0144, , 
 ,45626,2015001503,6,67,67301,2014,12,4,1604,16,1,1,0,4,1, , ,N,1,3,0,3,0,0,3,3,N,N,39 59:44.756,75 05:43.919,1620, ,1620, ,0, ,N, ,3, , , , , ,489105, , , ,3,2,0,0,0,0,1,0,0,0,0,0,0,0,0,0,0,0,0,0,0,0,0,1,0,0,0,0,0,0,0,0,0,0,0,0,0,39.9958,-75.0955, , 
 ,45627,2014115016,6,67,67301,2014,7,5,1640,16,1,1,0,5,1, , ,N,0,0,0,3,0,1,2,2,N,N,39 57:25.138,75 09:21.134,0, ,0, ,0, ,N, ,0, , , , , ,489108, , , ,2,1,0,0,0,0,1,0,0,0,0,0,1,1,1,0,0,0,0,0,0,0,0,0,0,0,0,0,0,0,0,0,0,0,0,8,0,39.957,-75.1559, , 
 ,45628,2014121493,6,67,67301,2014,11,7,640,6,1,1,0,5,6, , ,N,0,0,0,3,0,1,1,2,N,N,39 55:13.792,75 10:13.653,650, ,645,2,1,1,N, ,0,Y, , , , ,489114, , , ,2,1,0,0,0,0,0,1,0,0,0,1,1,0,0,0,0,0,0,0,0,0,0,0,0,0,0,0,0,0,0,0,0,0,0,4,0,39.9205,-75.1705, , 
 ,45629,2014125012,6,67,67301,2014,11,4,2326,23,3,2,1,5,6, , ,N,0,0,0,3,0,0,1,5,N,N,39 55:04.627,75 09:08.620,2333, ,2327,2,2,2, , ,0,Y, , , , ,489116, , , ,5,3,0,0,0,0,1,1,0,0,0,0,0,0,0,0,0,0,0,0,1,0,0,0,0,0,0,0,0,0,0,0,0,0,0,0,0,39.918,-75.1524, , 
 ,45630,2014127912,6,67,67301,2014,12,1,843,8,1,1,0,8,1, , ,N,5,2,0,3,0,1,2,2,N,N,40 01:47.791,75 09:11.771,853, ,843, ,0, ,N, ,3, , , , , ,489120, , , ,1,1,0,0,0,0,0,0,0,0,0,1,1,0,0,0,0,0,0,0,0,0,0,0,0,0,0,0,0,0,0,0,1,0,0,4,0,40.0299,-75.1533, , 
 ,45631,2014130441,6,67,67301,2014,12,2,2200,22,3,1,0,4,1, , ,N,1,2,0,3,0,1,2,2,N,N,39 56:44.595,75 09:17.139,2210, ,2205, ,0, ,N, ,3, , , , , ,489122, , , ,1,0,0,0,0,0,1,0,1,0,1,0,1,0,0,0,0,0,0,0,0,0,0,0,0,0,0,0,0,0,0,0,0,0,0,3,0,39.9457,-75.1548, , 
 ,45632,2014087924,6,67,67301,2014,8,6,730,7,1,1,0,1,1, , ,N,2,0,0,3,0,1,2,2,N,N,40 03:23.650,75 01:32.886,815, ,808, ,0, ,N, ,0, , , , , ,489142, , , ,2,2,0,0,0,0,0,0,0,0,1,0,1,0,0,0,0,0,0,1,0,0,0,0,0,0,0,0,0,0,0,0,0,0,0,3,0,40.0564,-75.0258, , 
 ,45633,2014088658,6,67,67301,2014,8,4,9999,99,1,1,8,1,1, , ,N,0,0,0,3,0,1,2,2,N, ,40 04:29.933,75 14:07.598,745, ,735,9,1,4, , ,0,N, , , , ,489143, , , ,2,1,0,0,0,0,1,0,0,0,0,0,1,1,1,0,0,0,0,0,1,0,0,0,0,0,0,0,0,0,0,0,0,0,0,8,0,40.075,-75.2354, , 
 ,45634,2014106752,6,67,67301,2014,10,3,1400,14,1,1,0,4,1, , ,N,0,1,7,3,0,1,2,2,N,N,39 56:30.246,75 10:46.390,1415, ,1400, ,0, ,N, ,3, , , , , ,489155, , , ,2,2,0,0,0,0,0,0,0,0,1,0,1,0,0,0,0,0,0,0,1,0,1,1,0,0,0,0,0,0,0,0,0,0,0,3,0,39.9417,-75.1796, , 
 ,45635,2014113333,6,67,67301,2014,10,5,147,1,3,2,1,8,1, , ,N,1,2,0,3,0,1,2,2,N,N,39 59:33.987,75 08:42.421,158, ,151,2,2,1,N, ,3,Y, , , , ,489160, , , ,1,0,0,0,1,0,0,0,0,0,0,0,1,1,0,0,0,0,0,0,0,0,0,0,0,0,0,0,0,0,0,0,1,0,0,8,0,39.9927,-75.1451, , 
 ,45636,2014130554,6,67,67301,2014,12,7,115,1,3,2,1,1,1, , ,N,1,2,0,3,0,1,3,2,N,N,40 00:20.422,75 06:03.912,118, ,117,1,1,1,N, ,3,N, , , , ,491867, , , ,2,0,0,0,0,0,1,1,0,0,0,0,1,1,1,0,0,0,0,0,1,0,0,2,0,0,0,0,0,0,0,0,0,0,0,8,0,40.0057,-75.1011, , 
 ,45637,2014114496,6,67,67301,2014,1,5,1330,13,1,1,0,5,1, , ,N,1,2,0,3,0,1,2,2,N,N,39 57:01.144,75 09:56.951,0, ,0, ,0, ,N, ,3, , , , , ,491871, , , ,2,1,0,0,0,0,0,0,0,0,0,0,1,1,0,0,0,0,0,0,0,0,0,0,0,0,0,0,0,0,0,0,0,0,0,8,0,39.9503,-75.1658, , 
 ,45638,2015024971,6,67,67301,2014,7,7,9999,99,1,1,0,4,1, , ,N,1,2,0,3,0,1,4,2,N, ,39 59:23.334,75 08:06.773,1744, ,1742, ,0, , , ,3, , , , , ,491884, , , ,2,2,0,0,0,0,0,0,0,0,0,1,1,0,0,0,0,0,0,0,0,0,0,0,0,0,0,0,0,0,0,0,0,0,0,4,0,39.9898,-75.1352, , 
 ,45639,2014065572,6,67,67301,2014,5,2,717,7,1,1,0,4,1, , ,N,5,2,2,3,0,6,6,2,N,N,39 57:16.308,75 08:58.375,718, ,717, ,0, , , ,3, , , , , ,491906, , , ,2,2,0,0,0,0,0,0,0,0,0,6,6,0,0,0,0,0,0,0,1,0,0,0,0,0,0,0,0,0,0,0,0,0,0,4,0,39.9547,-75.1495, , 
 ,45640,2014079471,6,67,67301,2014,8,1,202,2,3,2,1,4,1, , ,N,0,0,0,3,0,0,3,3,N,N,39 57:11.291,75 08:29.493,217, ,203,1,1,2,N, ,0,N, , , , ,491921, , , ,3,1,0,0,0,0,2,0,0,0,0,0,0,0,0,0,0,0,0,0,0,1,0,0,0,0,0,0,0,0,0,0,0,0,0,0,0,39.9531,-75.1415, , 
 ,45641,2014084181,6,67,67301,2014,6,7,145,1,3,1,0,1,1, , ,N,0,0,0,3,0,1,2,3,N,N,39 57:46.580,75 13:11.120,320, ,316, ,0, , , ,0, , , , , ,491933, , , ,2,2,0,0,0,0,0,0,0,0,0,0,1,1,0,0,0,0,0,0,0,0,0,0,0,0,0,0,0,0,0,0,0,0,0,8,0,39.9629,-75.2198, , 