wz_ln_closure,objectid_1,crn,district,county,municipality,crash_year,crash_month,day_of_week,time_of_day,hour_of_day,illumination,weather,road_condition,collision_type,relation_to_road,work_zone_type,work_zone_loc,work_zone_ind,intersect_type,tcd_type,location_type,urban_rural,fatal_count,injury_count,person_count,total_units,sch_bus_ind,sch_zone_ind,latitude,longitude,arrival_tm,cons_zone_spd_lim,dispatch_tm,est_hrs_closed,lane_closed,ln_close_dir,ntfy_hiwy_maint,spec_juris_cd,tcd_func_cd,tfc_detour_ind,workers_pres,wz_close_detour,wz_flagger,wz_law_offcr_ind,objectid,wz_moving,wz_other,wz_shlder_mdn,vehicle_count,automobile_count,motorcycle_count,bus_count,small_truck_count,heavy_truck_count,suv_count,van_count,bicycle_count,maj_inj_count,mod_inj_count,min_inj_count,tot_inj_count,unk_inj_deg_count,unk_inj_per_count,driver_count_16yr,driver_count_17yr,driver_count_18yr,driver_count_19yr,driver_count_20yr,driver_count_50_64yr,driver_count_65_74yr,driver_count_75plus,unbelted_occ_count,unb_death_count,unb_maj_inj_count,belted_death_count,belted_maj_inj_count,mcycle_death_count,mcycle_maj_inj_count,bicycle_death_count,bicycle_maj_inj_count,ped_count,ped_death_count,ped_maj_inj_count,max_severity_level,comm_veh_count,dec_lat,dec_long,rdwy_surf_type_cd,county_name
 ,45642,2014087869,6,67,67301,2014,8,6,1703,17,1,1,0,1,1, , ,N,2,2,0,3,0,0,3,3,N, ,39 57:34.816,75 14:50.653,1708, ,1706,3,1,1, , ,3,N, , , , ,491937, , , ,3,2,0,0,1,0,0,0,0,0,0,0,0,0,1,0,0,0,0,0,1,0,0,0,0,0,0,0,0,0,0,0,0,0,0,9,0,39.9597,-75.2474, , 
 ,45643,2014088050,6,67,67301,2014,6,4,1125,11,1,1,0,4,1, , ,N,1,3,0,3,0,1,2,2,N, ,39 56:09.052,75 10:37.250,1135, ,35,1,2,2, , ,3,Y, , , , ,491938, , , ,2,1,0,0,0,0,1,0,0,0,0,0,1,1,0,0,0,0,0,0,0,1,0,0,0,0,0,0,0,0,0,0,0,0,0,8,0,39.9358,-75.177, , 
 ,45644,2014093526,6,67,67301,2014,9,2,1714,17,1,1,0,1,1, , ,N,0,0,0,3,0,1,1,3,N,N,40 02:49.520,75 11:55.208,1735, ,1729, ,0, ,N, ,0, , , , , ,491944, , , ,3,3,0,0,0,0,0,0,0,0,0,0,1,1,0,0,0,0,0,0,1,0,0,0,0,0,0,0,0,0,0,0,0,0,0,8,0,40.0471,-75.1987, , 
 ,45645,2014117595,6,67,67301,2014,10,5,52,0,3,1,0,2,1, , ,N,0,0,0,3,0,1,2,4,N, ,40 03:13.068,75 04:29.816,54, ,53,1,2,1, , ,0,N, , , , ,491975, , , ,4,2,0,0,0,0,1,0,0,0,1,0,1,0,0,0,0,0,0,0,2,0,0,0,0,0,0,0,0,0,0,0,0,0,0,3,0,40.0536,-75.0749, , 
 ,45646,2014115615,6,67,67301,2014,11,3,1845,18,3,1,0,5,6, , ,N,0,0,0,3,0,0,1,2,N, ,39 59:54.026,75 07:17.924,2340, ,2340, ,0, , , ,0, , , , , ,491983, , , ,2,1,0,0,0,0,0,0,0,0,0,0,0,0,0,0,0,0,0,0,0,0,0,0,0,0,0,0,0,0,0,0,0,0,0,0,0,39.9983,-75.1216, , 
 ,45647,2014068190,6,67,67301,2014,5,2,222,2,3,1,0,4,1, , ,N,1,2,0,3,0,0,4,2,N, ,40 01:34.401,75 07:02.499,225, ,222,2,1,2, , ,3,N, , , , ,491997, , , ,2,2,0,0,0,0,0,0,0,0,0,0,0,0,0,0,0,0,0,1,0,0,0,0,0,0,0,0,0,0,0,0,0,0,0,0,0,40.0262,-75.1174, , 
 ,45648,2014069428,6,67,67301,2014,6,1,1720,17,1,1,0,4,1, , ,N,1,3,0,3,0,1,2,2,N,N,39 55:42.808,75 09:13.359,1722, ,1721,1,1,1,N, ,3,N, , , , ,492000, , , ,2,1,1,0,0,0,0,0,0,0,0,0,1,1,0,0,0,0,0,0,2,0,0,0,0,0,0,0,0,0,0,0,0,0,0,8,0,39.9286,-75.1537, , 
 ,45649,2014084278,6,67,67301,2014,7,5,1715,17,1,1,0,8,3, , ,N,2,3,0,3,0,1,2,2,N,N,39 57:30.772,75 12:46.744,1727, ,1724, ,0, ,N, ,3, , , , , ,492012, , , ,1,0,0,0,0,0,1,0,0,0,0,0,1,1,0,0,0,0,0,0,0,0,0,0,0,0,0,0,0,0,0,0,1,0,0,8,0,39.9585,-75.213, , 
 ,45650,2014096408,6,67,67301,2014,8,3,1705,17,1,1,0,4,1, , ,N,1,2,0,3,0,1,2,2,N, ,39 56:18.900,75 11:54.432,1720, ,1715, ,0, , , ,3, , , , , ,492019, , , ,2,1,0,0,0,0,1,0,0,0,0,1,1,0,0,0,0,0,0,0,0,0,0,1,0,0,0,0,0,0,0,0,0,0,0,4,0,39.9386,-75.1985, , 
 ,45651,2014088346,6,67,67301,2014,8,6,650,6,1,1,0,8,1, , ,N,1,3,0,3,0,1,2,2,N,N,39 59:03.469,75 07:30.305,750, ,740, ,0, , , ,3, , , , , ,492041, , , ,1,0,0,0,0,0,0,1,0,0,0,1,1,0,1,0,0,0,0,0,0,0,0,0,0,0,0,0,0,0,0,0,1,0,0,4,0,39.9843,-75.1251, , 
 ,45652,2014109435,6,67,67301,2014,10,4,1536,15,1,2,1,1,1, , ,N,0,0,0,3,0,0,3,4,N,N,40 02:56.738,75 07:40.069,1540, ,1538, ,0, ,N, ,0, , , , , ,492056, , , ,3,2,0,0,1,0,0,0,0,0,0,0,0,0,0,0,0,0,0,0,0,0,0,0,0,0,0,0,0,0,0,0,0,0,0,0,0,40.0491,-75.1278, , 
 ,45653,2014104463,6,67,67301,2014,10,7,9999,99,1,2,1,6,1, , ,N,0,0,0,3,0,1,2,2,N, ,40 00:46.593,75 12:04.600,911, ,910, ,0, , , ,0, , , , , ,492066, , , ,2,0,0,0,0,1,0,1,0,0,0,0,1,1,0,0,0,0,0,0,0,0,0,2,0,0,0,0,0,0,0,0,0,0,0,8,0,40.0129,-75.2013, , 
 ,45654,2014106788,6,67,67301,2014,10,6,1300,13,1,1,0,8,1, , ,N,1,2,0,3,0,1,2,2,N,N,40 01:46.123,75 08:48.184,1310, ,1310, ,0, ,N, ,3, , , , , ,494708, , , ,1,1,0,0,0,0,0,0,0,0,0,1,1,0,0,0,0,0,0,0,0,0,0,1,0,0,0,0,0,0,0,0,1,0,0,4,0,40.0295,-75.1467, , 
 ,45655,2014111487,6,67,67301,2014,10,5,655,6,5,2,1,4,1, , ,N,1,2,0,3,0,0,2,2,N,N,40 05:09.739,75 12:42.976,710, ,704, ,0, ,N, ,3, , , , , ,494711, , , ,2,2,0,0,0,0,0,0,0,0,0,0,0,0,0,0,0,0,0,0,0,0,0,0,0,0,0,0,0,0,0,0,0,0,0,0,0,40.0861,-75.2119, , 
 ,45656,2014118310,6,67,67301,2014,11,2,15,0,3,2,1,0,1, , ,N,0,0,0,3,0,0,1,1,N,N,39 58:58.698,75 12:28.503,25, ,17,1,1,4,N, ,0,N, , , , ,494714, , , ,1,1,0,0,0,0,0,0,0,0,0,0,0,0,0,0,0,0,0,1,0,0,0,0,0,0,0,0,0,0,0,0,0,0,0,0,0,39.983,-75.2079, , 
 ,45657,2014123623,6,67,67301,2014,11,5,1221,12,1,1,0,7,2, , ,N,0,0,0,3,0,0,1,1,N,N,39 59:34.124,75 12:01.988,1238, ,1232, ,0, ,N, ,0, , , , , ,494717, , , ,1,1,0,0,0,0,0,0,0,0,0,0,0,0,0,0,0,0,0,0,0,0,0,0,0,0,0,0,0,0,0,0,0,0,0,0,0,39.9928,-75.2006, , 
 ,45658,2014099275,6,67,67301,2014,9,5,800,8,1,1,0,1,9, , ,N,0,0,0,3,0,1,2,2,N,N,40 01:16.894,75 08:20.740,1043, ,1041, ,0, ,N, ,0, , , , , ,494729, , , ,2,1,0,0,0,0,1,0,0,0,0,1,1,0,1,0,0,0,0,0,0,0,0,0,0,0,0,0,0,0,0,0,0,0,0,4,0,40.0214,-75.1391, , 
 ,45659,2014111482,6,67,67301,2014,8,7,135,1,3,2,1,8,1, , ,N,0,0,0,3,0,1,3,2,N,N,40 00:15.131,75 10:23.235,144, ,136, ,0, ,N, ,0, , , , , ,494740, , , ,1,1,0,0,0,0,0,0,0,1,0,0,1,0,0,0,0,0,0,0,0,0,0,0,0,0,0,0,0,0,0,0,1,0,1,2,0,40.0042,-75.1731, , 
 ,45660,2014122426,6,67,67301,2014,11,4,1600,16,1,1,0,4,1, , ,N,1,3,0,3,0,1,2,2,N, ,40 02:13.052,75 12:52.365,1610, ,1605, ,0, , , ,3, , , , , ,494751, , , ,2,1,0,0,0,0,1,0,0,0,0,1,1,0,0,0,0,1,0,0,1,0,0,0,0,0,0,0,0,0,0,0,0,0,0,4,0,40.037,-75.2145, , 
 ,45661,2015024091,6,67,67301,2014,9,5,1635,16,1,1,0,7,4, , ,N,2,2,0,3,0,1,2,2,N,N,40 00:18.001,75 13:05.874,1638, ,1635, ,0, ,N, ,3, , , , , ,494765, , , ,1,0,0,0,0,0,0,1,0,0,0,0,1,1,0,0,0,0,0,0,0,0,0,0,0,0,0,0,0,0,0,0,1,0,0,8,0,40.005,-75.2183, , 
 ,45662,2014120896,6,67,67301,2014,11,6,1631,16,1,1,0,4,1, , ,N,1,3,0,3,0,3,4,2,N,N,39 55:03.072,75 09:56.897,1639, ,1636, ,0, ,N, ,3, , , , , ,494776, , , ,2,2,0,0,0,0,0,0,0,0,0,0,3,3,0,0,0,0,0,0,0,0,0,2,0,0,0,0,0,0,0,0,0,0,0,8,0,39.9175,-75.1658, , 
 ,45663,2014110381,6,67,67301,2014,10,1,2315,23,3,1,0,2,6, , ,N,0,0,0,3,0,1,1,4,N, ,40 04:32.201,74 59:00.561,2353, ,2350, ,0, , , ,0, , , , , ,494782, , , ,4,3,0,0,0,0,0,1,0,0,0,1,1,0,0,0,0,0,0,0,1,0,0,0,0,0,0,0,0,0,0,0,0,0,0,4,0,40.0756,-74.9835, , 
 ,45664,2014106783,6,67,67301,2014,10,3,2144,21,3,1,0,8,1, , ,N,1,2,0,3,0,1,2,2,N,N,40 00:48.913,75 04:06.725,2149, ,2147, ,0, , , ,3, , , , , ,494788, , , ,1,1,0,0,0,0,0,0,0,0,0,0,1,1,0,0,0,0,0,0,0,0,1,1,0,0,0,0,0,0,0,0,1,0,0,8,0,40.0136,-75.0685, , 
 ,45665,2014113487,6,67,67301,2014,10,7,9999,99,1,1,0,4,1, , ,N,1,3,0,3,0,1,5,4,N,N,39 57:01.814,75 13:14.825,1720, ,1657, ,0, , , ,3, , , , , ,494794, , , ,4,3,0,0,0,0,1,0,0,0,0,0,1,1,0,0,0,0,0,0,1,0,0,0,0,0,0,0,0,0,0,0,0,0,0,8,0,39.9505,-75.2208, , 
 ,45666,2014125108,6,67,67301,2014,11,7,57,0,3,1,0,5,6, , ,N,0,0,0,3,0,0,1,2,N,N,39 58:42.377,75 08:00.933,100, ,57,2,1,1, , ,0,N, , , , ,494804, , , ,2,1,0,0,0,0,1,0,0,0,0,0,0,0,0,0,0,0,0,0,0,0,0,0,0,0,0,0,0,0,0,0,0,0,0,0,0,39.9784,-75.1336, , 
 ,45667,2014109929,6,67,67301,2014,10,5,1800,18,1,1,0,1,1, , ,N,0,0,0,3,0,1,2,2,N,N,39 57:02.913,75 11:43.635,1816, ,1816, ,0, , , ,0, , , , , ,494812, , , ,1,1,0,0,0,0,0,0,1,0,1,0,1,0,0,0,0,0,0,0,0,0,0,0,0,0,0,0,0,0,0,0,0,0,0,3,0,39.9508,-75.1955, , 
 ,45668,2014088958,6,67,67301,2014,8,4,2031,20,3,1,0,8,1, , ,N,1,2,0,3,0,1,2,2,N,N,39 56:36.373,75 10:44.230,2037, ,2036, ,0, ,N, ,3, , , , , ,494845, , , ,1,1,0,0,0,0,0,0,0,0,0,1,1,0,0,0,0,0,0,0,0,0,0,0,0,0,0,0,0,0,0,0,1,0,0,4,0,39.9434,-75.179, , 
 ,45669,2014091330,6,67,67301,2014,8,1,1614,16,1,1,0,1,1, , ,N,1,2,0,3,0,1,2,2,N,N,40 05:40.346,75 00:54.155,1625, ,1614, ,0, ,N, ,3, , , , , ,494847, , , ,2,2,0,0,0,0,0,0,0,0,0,1,1,0,0,0,0,0,0,0,1,0,0,0,0,0,0,0,0,0,0,0,0,0,0,4,0,40.0946,-75.0152, , 
 ,45670,2014091353,6,67,67301,2014,8,5,800,8,1,1,0,4,1, , ,N,1,2,0,3,0,0,2,2,N,N,39 57:40.702,75 10:30.178,820, ,813, ,0, ,N, ,3, , , , , ,494902, , , ,2,1,0,0,0,1,0,0,0,0,0,0,0,0,0,0,0,0,0,0,1,0,0,0,0,0,0,0,0,0,0,0,0,0,0,0,1,39.9613,-75.175, , 
 ,45671,2014099178,6,67,67301,2014,9,5,1549,15,1,2,1,7,4, , ,N,0,0,0,3,0,0,1,1,N, ,40 06:12.074,75 01:47.463,1633, ,1630, ,0, , , ,0, , , , , ,494905, , , ,1,1,0,0,0,0,0,0,0,0,0,0,0,0,0,0,0,0,1,0,0,0,0,1,0,0,0,0,0,0,0,0,0,0,0,0,0,40.1034,-75.0299, , 
 ,45672,2014099194,6,67,67301,2014,9,4,1720,17,1,1,0,8,1, , ,N,0,0,0,3,0,1,2,2,N,N,39 57:13.858,75 09:31.236,1730, ,1720, ,0, ,N, ,0, , , , , ,494906, , , ,1,1,0,0,0,0,0,0,0,0,1,0,1,0,0,0,0,0,0,0,0,0,0,0,0,0,0,0,0,0,0,0,1,0,0,3,0,39.9538,-75.1587, , 
 ,45673,2013023520,6,67,67301,2013,1,3,1255,12,1,1,0,4,1, , ,N,1,2,0,3,0,1,3,2,N,N,40 01:38.846,75 03:44.583,1255, ,1255, ,0, ,N, ,3, , , , , ,535498, , , ,2,2,0,0,0,0,0,0,0,0,0,1,1,0,0,0,0,0,0,0,0,0,0,0,0,0,0,0,0,0,0,0,0,0,0,4,0,40.0275,-75.0624, , 
 ,45674,2013023528,6,67,67301,2013,1,4,1744,17,3,1,6,8,1, , ,N,1,2,0,3,0,1,3,2,N,N,40 00:26.697,75 08:12.693,1745, ,1745, ,0, ,N, ,3, , , , , ,535499, , , ,1,1,0,0,0,0,0,0,0,0,0,1,1,0,0,0,0,0,0,0,0,0,0,0,0,0,0,0,0,0,0,0,1,0,0,4,0,40.0074,-75.1369, , 
 ,45675,2013035175,6,67,67301,2013,3,2,1455,14,1,1,0,4,1, , ,N,2,3,0,3,0,1,4,3,N,N,40 05:13.062,75 02:08.772,1506, ,1503, ,0, , , ,3, , , , , ,535510, , , ,3,2,0,0,0,0,0,1,0,0,0,1,1,0,0,0,0,0,0,0,0,0,0,0,0,0,0,0,0,0,0,0,0,0,0,4,0,40.087,-75.0358, , 
 ,45676,2013041373,6,67,67301,2013,3,7,950,9,1,1,0,4,1, , ,N,1,2,0,3,0,0,2,2,N,N,39 57:18.079,75 10:04.799,950, ,950,2,1,4,Y, ,3,N, , , , ,535513, , , ,2,2,0,0,0,0,0,0,0,0,0,0,0,0,0,0,0,0,0,0,0,1,0,0,0,0,0,0,0,0,0,0,0,0,0,0,0,39.955,-75.168, , 
 ,45677,2013053021,6,67,67301,2013,4,3,2220,22,3,1,0,4,1, , ,N,1,2,0,3,0,1,5,2,N,N,40 01:47.816,75 12:40.562,2224, ,2222,1,1,2,N, ,3,Y, , , , ,535523, , , ,2,2,0,0,0,0,0,0,0,0,0,1,1,0,0,0,0,0,0,0,0,0,0,2,0,0,0,0,0,0,0,0,0,0,0,4,0,40.0299,-75.2113, , 
 ,45678,2013058717,6,67,67301,2013,6,3,1332,13,1,1,0,7,2, , ,N,0,0,0,3,0,0,1,1,N,N,39 55:43.704,75 08:46.229,1355, ,1344,1,2,1,N, ,0,N, , , , ,535526, , , ,1,1,0,0,0,0,0,0,0,0,0,0,0,0,0,0,0,0,0,0,0,0,0,0,0,0,0,0,0,0,0,0,0,0,0,0,0,39.9287,-75.1462, , 
 ,45679,2013005319,6,67,67301,2013,1,4,959,9,1,1,0,1,1, , ,N,0,0,0,3,0,1,3,2,N,N,39 57:28.461,75 09:43.589,1015, ,1010, ,0, ,N, ,0, , , , , ,535530, , , ,2,2,0,0,0,0,0,0,0,0,1,0,1,0,0,0,0,0,0,0,0,1,0,0,0,0,0,0,0,0,0,0,0,0,0,3,0,39.9579,-75.1621, , 
 ,45680,2013012040,6,67,67301,2013,1,3,643,6,1,1,0,5,1, , ,N,0,0,0,3,0,1,2,2,N,N,40 02:20.793,75 03:37.326,710, ,645, ,0, ,N, ,0, , , , , ,535535, , , ,2,2,0,0,0,0,0,0,0,0,0,0,1,1,0,0,0,0,0,0,1,0,0,0,0,0,0,0,0,0,0,0,0,0,0,8,0,40.0391,-75.0604, , 
 ,45681,2013047257,6,67,67301,2013,4,5,100,1,3,2,1,7,4, , ,N,0,0,0,3,0,0,1,1,N,N,39 59:07.072,75 12:44.198,110, ,107, ,0, ,N, ,0, , , , , ,535569, , , ,1,0,0,0,0,0,1,0,0,0,0,0,0,0,0,0,0,0,0,1,0,0,0,0,0,0,0,0,0,0,0,0,0,0,0,0,0,39.9853,-75.2123, , 
 ,45682,2013016214,6,67,67301,2013,1,2,815,8,1,1,0,1,1, , ,N,1,2,0,3,0,1,2,2,N,N,40 01:15.937,75 08:23.758,825, ,815,1,1,1,N, ,3,N, , , , ,535589, , , ,2,2,0,0,0,0,0,0,0,0,0,1,1,0,0,0,0,0,0,0,0,0,0,0,0,0,0,0,0,0,0,0,0,0,0,4,0,40.0211,-75.1399, , 
 ,45683,2013017688,6,67,67301,2013,2,2,651,6,1,1,0,7,2, , ,N,0,0,0,3,0,0,1,1,N,N,40 02:05.678,75 01:05.766,656, ,654, ,0, ,N, ,0, , , , , ,535591, , , ,1,1,0,0,0,0,0,0,0,0,0,0,0,0,0,0,0,0,0,0,0,0,0,0,0,0,0,0,0,0,0,0,0,0,0,0,0,40.0349,-75.0184, , 
 ,45684,2013041346,6,67,67301,2013,3,4,716,7,1,1,0,4,1, , ,N,1,2,0,3,0,3,4,3,N,N,39 59:36.433,75 09:02.956,721, ,719,2,2,7,N, ,3,Y, , , , ,535615, , , ,3,1,0,0,0,0,1,1,0,0,2,0,3,1,0,0,0,0,0,0,2,0,0,0,0,0,0,0,0,0,0,0,0,0,0,3,0,39.9934,-75.1508, , 
 ,45685,2013046317,6,67,67301,2013,4,3,1302,13,1,1,0,4,1, , ,N,0,3,0,3,0,2,4,2,N,N,39 59:55.377,75 06:01.606,1337, ,1332, ,0, ,N, ,3, , , , , ,535619, , , ,2,1,0,0,0,0,1,0,0,0,0,2,2,0,0,0,0,0,0,0,0,0,0,0,0,0,0,0,0,0,0,0,0,0,0,4,0,39.9987,-75.1004, , 
 ,45686,2013013194,6,67,67301,2013,1,6,1920,19,3,1,0,8,1, , ,N,1,2,0,3,0,2,3,3,N, ,40 05:47.042,74 58:32.747,1930, ,1925, ,0, , , ,3, , , , , ,535636, , , ,1,1,0,0,0,0,0,0,0,0,2,0,2,0,0,0,0,0,0,0,0,0,0,0,0,0,0,0,0,0,0,0,2,0,0,3,0,40.0964,-74.9758, , 
 ,45687,2013035614,6,46,46102,2013,3,2,1717,17,1,1,0,1,1, , ,N,1,2,0,3,0,1,4,3,N,N,40 03:55.027,75 05:25.289,1722, ,1719,2,2,4,N, ,3,N, , , , ,535652, , , ,3,2,0,0,0,0,1,0,0,0,0,1,1,0,0,0,0,0,1,0,0,1,0,0,0,0,0,0,0,0,0,0,0,0,0,4,0,40.0653,-75.0904, , 
 ,45688,2013035645,6,67,67301,2013,2,7,1050,10,1,2,1,7,2, , ,N,0,0,0,3,0,0,1,1,N,N,40 01:06.022,75 12:06.497,1050, ,1051,1,2,4,N, ,0,N, , , , ,535653, , , ,1,1,0,0,0,0,0,0,0,0,0,0,0,0,0,0,1,0,0,0,0,0,0,0,0,0,0,0,0,0,0,0,0,0,0,0,0,40.0183,-75.2018, , 
 ,45689,2013043886,6,67,67301,2013,4,2,1830,18,1,1,0,1,1, , ,N,0,0,0,3,0,0,3,3,N,N,39 53:09.279,75 14:34.920,1858, ,1838, ,0, ,N, ,0, , , , , ,535656, , , ,3,3,0,0,0,0,0,0,0,0,0,0,0,0,0,0,0,0,0,0,0,0,0,0,0,0,0,0,0,0,0,0,0,0,0,0,0,39.8859,-75.243, , 
 ,45690,2013051119,6,67,67301,2013,4,7,1305,13,1,1,0,4,6, , ,N,0,0,0,3,0,3,6,6,N, ,39 56:40.739,75 14:19.958,1315, ,1310, ,0, , , ,0, , , , , ,535659, , , ,6,1,0,0,2,0,1,2,0,0,0,3,3,0,2,0,0,0,0,0,2,0,0,1,0,0,0,0,0,0,0,0,0,0,0,4,0,39.9447,-75.2388, , 
 ,45691,2013052712,6,67,67301,2013,5,5,225,2,3,1,0,7,3, , ,N,0,0,0,3,0,0,1,1,N,N,39 57:21.559,75 10:50.596,234, ,230,1,2,3,N, ,0,N, , , , ,535663, , , ,1,1,0,0,0,0,0,0,0,0,0,0,0,0,0,0,0,0,0,0,0,0,0,1,0,0,0,0,0,0,0,0,0,0,0,0,0,39.956,-75.1807, , 
 ,45692,2013047318,6,67,67301,2013,3,2,1919,19,3,2,1,8,1, , ,N,1,2,0,3,0,1,3,2,N,N,39 56:46.754,75 14:38.561,1935, ,1925,3,1,3,N, ,3,N, , , , ,535714, , , ,1,1,0,0,0,0,0,0,0,0,0,0,1,1,0,0,0,0,0,0,0,0,0,0,0,0,0,0,0,0,0,0,1,0,0,8,0,39.9463,-75.2441, , 
 ,45693,2013025013,6,67,67301,2013,2,3,1325,13,1,1,0,4,1, , ,N,1,3,0,3,0,2,4,2,N,N,40 00:16.686,75 08:14.798,1329, ,1328, ,0, ,N, ,3, , , , , ,535733, , , ,2,1,0,0,1,0,0,0,0,0,0,2,2,0,2,0,0,0,0,0,0,0,0,0,0,0,0,0,0,0,0,0,0,0,0,4,0,40.0046,-75.1374, , 
 ,45694,2013057451,6,67,67301,2013,5,4,622,6,1,1,0,7,2, , ,N,0,0,0,3,0,1,1,1,N,N,39 58:28.200,75 11:39.548,626, ,622, ,0, ,N, ,0, , , , , ,535757, , , ,1,0,1,0,0,0,0,0,0,0,0,1,1,0,0,0,0,0,0,0,0,0,0,0,0,0,0,0,0,0,0,0,0,0,0,4,0,39.9745,-75.1943, , 
 ,45695,2013070026,6,67,67301,2013,6,1,615,6,1,1,0,4,1, , ,N,2,0,2,3,0,1,3,2,N,N,39 57:15.224,75 08:22.204,630, ,622, ,0, ,N, ,0, , , , , ,535767, , , ,2,1,0,0,0,0,1,0,0,0,0,1,1,0,0,0,0,0,0,0,1,0,0,0,0,0,0,0,0,0,0,0,0,0,0,4,0,39.9542,-75.1395, , 
 ,45696,2013070445,6,67,67301,2013,6,4,1230,12,1,1,0,1,1, , ,N,1,0,0,3,0,3,5,4,N,N,40 03:42.428,75 10:09.790,1233, ,1233,2,1,1,N, ,0,N, , , , ,535768, , , ,4,3,0,0,1,0,0,0,0,0,0,3,3,0,0,0,0,0,0,0,0,1,0,0,0,0,0,0,0,0,0,0,0,0,0,4,0,40.0618,-75.1694, , 
 ,45697,2013035642,6,67,67301,2013,3,3,1227,12,8,2,1,8,1, , ,N,1,2,0,3,0,1,2,2,N,N,39 57:11.367,75 09:11.303,1240, ,1235, ,0, ,N, ,3, , , , , ,535797, , , ,1,1,0,0,0,0,0,0,0,0,0,1,1,0,0,0,0,0,0,0,0,1,0,0,0,0,0,0,0,0,0,0,1,0,0,4,0,39.9532,-75.1531, , 
 ,45698,2013046261,6,67,67301,2013,4,1,250,2,3,1,0,4,1, , ,N,1,2,0,3,0,0,2,2,N, ,39 56:43.472,75 10:47.006,256, ,255, ,0, , , ,3, , , , , ,535806, , , ,2,2,0,0,0,0,0,0,0,0,0,0,0,0,0,0,0,0,0,0,0,0,0,0,0,0,0,0,0,0,0,0,0,0,0,0,0,39.9454,-75.1797, , 
 ,45699,2013047239,6,67,67301,2013,4,3,1415,14,1,1,0,4,1, , ,N,0,0,0,3,0,1,3,2,N,N,39 56:57.721,75 09:52.009,1430, ,1421,1,1,4,N, ,0,N, , , , ,535807, , , ,1,1,0,0,0,0,0,0,1,0,0,1,1,0,0,0,0,0,0,0,0,0,0,0,0,0,0,0,0,0,0,0,0,0,0,4,0,39.9494,-75.1644, , 
 ,45700,2013063544,6,67,67301,2013,6,5,2028,20,2,2,1,5,1, , ,N,0,0,0,3,0,0,2,2,N,N,40 00:20.891,75 11:50.187,2046, ,2029, ,0, ,N, ,0, , , , , ,535815, , , ,2,1,0,0,0,1,0,0,0,0,0,0,0,0,0,0,0,0,0,0,0,0,0,0,0,0,0,0,0,0,0,0,0,0,0,0,0,40.0058,-75.1973, , 
 ,45701,2013046358,6,67,67301,2013,4,3,905,9,1,1,0,7,4, , ,N,0,0,0,3,0,0,1,1,N,N,40 02:24.368,75 00:17.225,913, ,905,4,1,1,N, ,0,N, , , , ,535850, , , ,1,1,0,0,0,0,0,0,0,0,0,0,0,0,0,0,0,0,0,0,1,0,0,0,0,0,0,0,0,0,0,0,0,0,0,0,0,40.0401,-75.0048, , 
 ,45702,2013055363,6,67,67301,2013,5,1,1900,19,1,1,0,7,2, , ,N,0,0,0,3,0,0,1,1,N,N,40 02:16.735,75 06:37.796,1905, ,1903, ,0, , , ,0, , , , , ,535854, , , ,1,1,0,0,0,0,0,0,0,0,0,0,0,0,0,0,0,0,0,0,0,0,0,0,0,0,0,0,0,0,0,0,0,0,0,0,0,40.038,-75.1105, , 
 ,45703,2013065388,6,67,67301,2013,5,6,710,7,1,1,0,4,1, , ,N,1,2,0,3,0,3,3,2,N,N,40 02:32.322,75 03:02.319,734, ,729,1,1,3, , ,3,Y, , , , ,535861, , , ,2,0,0,0,0,0,2,0,0,0,0,3,3,0,0,0,0,0,0,0,0,0,0,0,0,0,0,0,0,0,0,0,0,0,0,4,0,40.0423,-75.0506, , 
 ,45704,2013070511,6,67,67301,2013,6,1,555,5,1,1,0,4,2, , ,N,0,0,0,3,0,1,1,2,N,N,40 02:44.087,75 09:00.357,604, ,557,2,2,7,N, ,0,Y, , , , ,535864, , , ,2,1,0,0,1,0,0,0,0,0,0,1,1,0,0,0,0,0,0,0,0,0,0,0,0,0,0,0,0,0,0,0,0,0,0,4,0,40.0456,-75.1501, , 
 ,45705,2013021390,6,67,67301,2013,2,3,1628,16,1,1,0,1,1, , ,N,0,0,0,3,0,1,2,2,N,N,40 02:16.689,75 00:41.345,1703, ,1641, ,0, ,N, ,0, , , , , ,535881, , , ,2,2,0,0,0,0,0,0,0,0,0,0,1,1,0,0,0,0,0,0,0,0,0,0,0,0,0,0,0,0,0,0,0,0,0,8,0,40.038,-75.0115, , 
 ,45706,2013038542,6,67,67301,2013,3,4,1850,18,1,1,0,8,1, , ,N,1,0,0,3,0,1,2,2,N, ,40 00:01.501,75 07:09.155,1920, ,1900, ,0, , , ,0, , , , , ,535898, , , ,1,1,0,0,0,0,0,0,0,0,0,1,1,0,0,0,0,0,0,0,0,0,0,0,0,0,0,0,0,0,0,0,1,0,0,4,0,40.0004,-75.1192, , 
 ,45707,2013041964,6,67,67301,2013,3,4,1620,16,1,1,0,1,1, , ,N,0,0,0,3,0,1,2,2,N,N,40 00:46.809,75 07:09.729,1635, ,1628, ,0, ,N, ,0, , , , , ,535900, , , ,2,2,0,0,0,0,0,0,0,0,0,1,1,0,0,0,0,0,0,0,1,0,0,0,0,0,0,0,0,0,0,0,0,0,0,4,0,40.013,-75.1194, , 