wz_ln_closure,objectid_1,crn,district,county,municipality,crash_year,crash_month,day_of_week,time_of_day,hour_of_day,illumination,weather,road_condition,collision_type,relation_to_road,work_zone_type,work_zone_loc,work_zone_ind,intersect_type,tcd_type,location_type,urban_rural,fatal_count,injury_count,person_count,total_units,sch_bus_ind,sch_zone_ind,latitude,longitude,arrival_tm,cons_zone_spd_lim,dispatch_tm,est_hrs_closed,lane_closed,ln_close_dir,ntfy_hiwy_maint,spec_juris_cd,tcd_func_cd,tfc_detour_ind,workers_pres,wz_close_detour,wz_flagger,wz_law_offcr_ind,objectid,wz_moving,wz_other,wz_shlder_mdn,vehicle_count,automobile_count,motorcycle_count,bus_count,small_truck_count,heavy_truck_count,suv_count,van_count,bicycle_count,maj_inj_count,mod_inj_count,min_inj_count,tot_inj_count,unk_inj_deg_count,unk_inj_per_count,driver_count_16yr,driver_count_17yr,driver_count_18yr,driver_count_19yr,driver_count_20yr,driver_count_50_64yr,driver_count_65_74yr,driver_count_75plus,unbelted_occ_count,unb_death_count,unb_maj_inj_count,belted_death_count,belted_maj_inj_count,mcycle_death_count,mcycle_maj_inj_count,bicycle_death_count,bicycle_maj_inj_count,ped_count,ped_death_count,ped_maj_inj_count,max_severity_level,comm_veh_count,dec_lat,dec_long,rdwy_surf_type_cd,county_name
 ,45708,2013043433,6,67,67301,2013,3,1,1415,14,1,1,0,5,1, , ,N,0,0,0,3,0,1,3,2,N,N,40 01:47.389,75 06:09.029,1429, ,1425, ,0, ,N, ,0, , , , , ,535902, , , ,2,1,0,0,0,0,1,0,0,0,0,1,1,0,0,0,0,0,0,0,0,0,0,0,0,0,0,0,0,0,0,0,0,0,0,4,0,40.0298,-75.1025, , 
 ,45709,2013055362,6,67,67301,2013,5,5,850,8,1,1,0,5,1, , ,N,0,0,0,3,0,0,2,3,N,N,39 57:13.137,75 12:32.536,920, ,910, ,0, ,N, ,0, , , , , ,535908, , , ,3,2,0,0,0,0,0,1,0,0,0,0,0,0,0,0,0,0,0,0,0,0,0,0,0,0,0,0,0,0,0,0,0,0,0,0,0,39.9536,-75.209, , 
 ,45710,2013016145,6,67,67301,2013,1,1,1630,16,1,1,0,7,5, , ,N,2,2,0,3,0,0,1,1,N,N,39 53:40.395,75 13:46.507,1640, ,1632, ,0, ,N, ,2, , , , , ,528406, , , ,1,1,0,0,0,0,0,0,0,0,0,0,0,0,0,0,0,0,0,0,0,0,0,0,0,0,0,0,0,0,0,0,0,0,0,0,0,39.8946,-75.2296, , 
 ,45711,2013026969,6,67,67301,2013,2,6,925,9,1,2,1,8,1, , ,N,1,2,0,3,0,1,2,2,N,N,40 02:11.152,75 07:49.835,937, ,928, ,0, ,N, ,3, , , , , ,528416, , , ,1,1,0,0,0,0,0,0,0,0,1,0,1,0,0,0,0,0,0,0,0,0,0,0,0,0,0,0,0,0,0,0,1,0,0,3,0,40.0364,-75.1305, , 
 ,45712,2013035302,6,67,67301,2013,3,5,1001,10,1,1,0,7,5, , ,N,0,0,0,3,0,1,1,2,N, ,40 04:06.781,75 04:49.156,1009, ,1002,1,1,1, , ,0,N, , , , ,528423, , , ,2,0,0,0,1,0,0,1,0,0,0,1,1,0,0,0,0,0,0,0,0,0,1,0,0,0,0,0,0,0,0,0,0,0,0,4,0,40.0686,-75.0803, , 
 ,45713,2013043409,6,67,67301,2013,3,7,718,7,1,1,0,7,4, , ,N,3,0,0,3,0,1,1,2,N,N,39 58:20.556,75 08:03.667,720, ,720, ,0, ,N, ,0, , , , , ,528427, , , ,1,0,0,0,0,0,1,0,0,0,1,0,1,0,0,0,0,0,0,0,0,0,0,1,0,0,0,0,0,0,0,0,0,0,0,3,0,39.9724,-75.1344, , 
 ,45714,2013007243,6,67,67301,2013,1,5,1035,10,1,1,0,6,1, , ,N,1,2,0,3,0,1,2,2,N,N,40 01:17.505,75 03:06.381,1040, ,1035,1,2,5,N, ,3,Y, , , , ,528442, , , ,2,1,0,0,1,0,0,0,0,0,1,0,1,0,0,0,0,0,0,0,0,1,0,0,0,0,0,0,0,0,0,0,0,0,0,3,0,40.0215,-75.0518, , 
 ,45715,2013024928,6,67,67301,2013,1,6,1641,16,3,1,0,8,1, , ,N,1,2,0,3,0,1,2,2,N, ,40 01:20.770,75 03:00.073,1703, ,1659, ,0, , , ,3, , , , , ,528457, , , ,1,0,0,0,1,0,0,0,0,0,1,0,1,0,0,0,0,0,0,0,0,0,0,0,0,0,0,0,0,0,0,0,1,0,0,3,0,40.0224,-75.05, , 
 ,45716,2013041368,6,67,67301,2013,3,7,210,2,3,1,0,7,5, , ,N,0,0,0,3,0,0,1,1,N,N,40 00:19.224,75 09:25.334,245, ,239, ,0, ,N, ,0, , , , , ,528475, , , ,1,1,0,0,0,0,0,0,0,0,0,0,0,0,0,0,0,0,0,0,0,1,0,0,0,0,0,0,0,0,0,0,0,0,0,0,0,40.0053,-75.157, , 
 ,45717,2013022341,6,67,67301,2013,1,3,1230,12,1,1,0,8,4, , ,N,1,2,0,3,0,1,2,2,N,N,39 59:59.072,75 08:18.639,1759, ,1750, ,0, ,N, ,3, , , , , ,528505, , , ,1,0,0,0,0,0,1,0,0,0,0,0,1,1,0,0,0,0,0,0,0,0,0,0,0,0,0,0,0,0,0,0,1,0,0,8,0,39.9997,-75.1385, , 
 ,45718,2013041378,6,67,67301,2013,3,7,1556,15,1,4,6,1,1, , ,N,0,0,0,3,0,1,2,2,N,N,39 58:12.045,75 11:21.465,1558, ,1557, ,0, ,N, ,0, , , , , ,528520, , , ,2,2,0,0,0,0,0,0,0,0,1,0,1,0,0,0,0,0,0,0,0,0,1,0,0,0,0,0,0,0,0,0,0,0,0,3,0,39.97,-75.1893, , 
 ,45719,2013050201,6,67,67301,2013,4,7,1803,18,1,1,0,1,1, , ,N,1,2,0,3,0,1,4,2,N,N,39 54:46.808,75 10:55.131,1845, ,1840, ,0, ,N, ,3, , , , , ,528534, , , ,2,2,0,0,0,0,0,0,0,0,0,1,1,0,0,0,0,0,0,0,1,0,0,0,0,0,0,0,0,0,0,0,0,0,0,4,0,39.913,-75.182, , 
 ,45720,2013012106,6,67,67301,2013,1,5,1810,18,3,1,0,8,1, , ,N,2,0,0,3,0,1,2,2,N, ,40 02:06.230,75 04:22.540,1830, ,1818, ,0, , , ,0, , , , , ,528545, , , ,1,0,0,0,0,0,1,0,0,0,0,1,1,0,0,0,0,0,0,0,0,0,0,0,0,0,0,0,0,0,0,0,1,0,0,4,0,40.0351,-75.0729, , 
 ,45721,2013022293,6,67,67301,2013,1,7,1518,15,1,1,0,4,1, , ,N,0,0,7,3,0,1,3,2,N, ,40 02:39.613,75 03:14.353,1528, ,1523,2,1,4, , ,0,Y, , , , ,528551, , , ,2,1,0,0,0,0,1,0,0,0,1,0,1,0,0,0,1,0,0,0,0,0,0,0,0,0,0,0,0,0,0,0,0,0,0,3,0,40.0443,-75.054, , 
 ,45722,2013029760,6,67,67301,2013,2,7,1129,11,1,1,0,1,1, , ,N,1,2,0,3,0,1,3,2,N,N,39 56:04.178,75 13:18.249,1222, ,1212, ,0, ,N, ,3, , , , , ,528616, , , ,2,2,0,0,0,0,0,0,0,0,0,1,1,0,0,0,0,0,0,0,1,0,0,0,0,0,0,0,0,0,0,0,0,0,0,4,0,39.9345,-75.2217, , 
 ,45723,2013045357,6,67,67301,2013,3,7,9999,99,3,1,0,6,6, , ,N,0,0,0,3,0,0,1,4,N,N,40 01:17.961,75 07:20.496,120, ,103,3,1,2, , ,0,N, , , , ,528630, , , ,4,4,0,0,0,0,0,0,0,0,0,0,0,0,1,0,0,0,0,0,0,0,0,0,0,0,0,0,0,0,0,0,0,0,0,9,0,40.0217,-75.1224, , 
 ,45724,2013016265,6,67,67301,2013,1,7,1900,19,3,1,0,4,1, , ,N,1,2,0,3,0,2,8,2,N, ,40 04:50.725,75 01:42.964,1906, ,1900,1,1,1, , ,3,N, , , , ,528649, , , ,2,2,0,0,0,0,0,0,0,0,0,0,2,2,0,0,0,0,1,0,0,0,0,4,0,0,0,0,0,0,0,0,0,0,0,8,0,40.0808,-75.0286, , 
 ,45725,2013041299,6,67,67301,2013,3,7,1852,18,1,1,0,4,6, , ,N,0,0,0,3,0,1,1,3,N, ,40 00:19.915,75 11:00.343,1855, ,1854, ,0, , , ,0, , , , , ,528670, , , ,3,1,0,0,1,0,1,0,0,0,0,1,1,0,0,0,0,0,0,0,0,0,0,1,0,0,0,0,0,0,0,0,0,0,0,4,0,40.0055,-75.1834, , 
 ,45726,2013023524,6,67,67301,2013,1,3,710,7,1,1,0,1,2, , ,N,0,0,0,3,0,1,2,2,N,N,39 55:15.873,75 12:55.800,714, ,712, ,0, ,N, ,0, , , , , ,528704, , , ,2,0,0,0,1,1,0,0,0,0,1,0,1,0,0,0,0,0,0,0,1,0,0,0,0,0,0,0,0,0,0,0,0,0,0,3,1,39.9211,-75.2155, , 
 ,45727,2013027337,6,67,67301,2013,2,6,9999,99,1,3,1,4,1, , ,N,2,2,0,3,0,1,2,2,N,N,40 02:12.961,75 08:42.306,832, ,830, ,0, ,N, ,3, , , , , ,528710, , , ,2,1,0,0,0,0,1,0,0,0,0,0,1,1,0,0,0,0,0,0,0,0,0,0,0,0,0,0,0,0,0,0,0,0,0,8,0,40.0369,-75.1451, , 
 ,45728,2013055564,6,67,67301,2013,5,5,9999,99,1,1,0,4,1, , ,N,1,2,0,3,0,0,2,2,N, ,40 01:59.118,75 10:52.400,9999, ,1407,1,1,2, , ,3,N, , , , ,531957, , , ,2,1,0,0,0,0,1,0,0,0,0,0,0,0,0,0,0,0,0,0,0,0,0,0,0,0,0,0,0,0,0,0,0,0,0,0,0,40.0331,-75.1812, , 
 ,45729,2013012059,6,67,67301,2013,1,7,1741,17,3,1,0,8,1, , ,N,1,2,0,3,0,1,2,2,N,N,40 03:25.671,75 02:04.150,1749, ,1743, ,0, ,N, ,3, , , , , ,531965, , , ,1,1,0,0,0,0,0,0,0,0,0,0,1,1,0,0,0,0,0,0,0,0,1,0,0,0,0,0,0,0,0,0,1,0,0,8,0,40.0571,-75.0345, , 
 ,45730,2013027669,6,67,67301,2013,2,3,1945,19,3,4,5,5,1, , ,N,0,0,0,3,0,1,2,2,N, ,40 03:04.640,75 15:01.360,1959, ,1931, ,0, , , ,0, , , , , ,531976, , , ,2,1,0,0,1,0,0,0,0,0,0,0,1,1,0,0,0,0,0,0,0,0,0,0,0,0,0,0,0,0,0,0,0,0,0,8,0,40.0513,-75.2504, , 
 ,45731,2013038545,6,67,67301,2013,3,7,1615,16,1,3,5,7,2, , ,N,2,0,0,3,0,1,2,1,N, ,40 01:08.034,75 04:21.383,1628, ,1620, ,0, , , ,0, , , , , ,531987, , , ,1,1,0,0,0,0,0,0,0,0,0,1,1,0,0,0,0,0,0,0,0,0,0,0,0,0,0,0,0,0,0,0,0,0,0,4,0,40.0189,-75.0726, , 
 ,45732,2013009131,6,67,67301,2013,1,6,1742,17,3,1,0,7,2, , ,N,0,0,0,3,0,0,1,1,N,N,39 54:05.345,75 09:07.398,1806, ,1743, ,0, ,N, ,0, , , , , ,532010, , , ,1,1,0,0,0,0,0,0,0,0,0,0,0,0,0,0,0,0,0,0,0,0,0,0,0,0,0,0,0,0,0,0,0,0,0,0,0,39.9015,-75.1521, , 
 ,45733,2013027668,6,67,67301,2013,2,2,1000,10,1,8,0,4,1, , ,N,2,0,0,3,0,0,3,2,N, ,40 01:18.757,75 12:59.309,1110, ,1059, ,0, , , ,0, , , , , ,532022, , , ,2,2,0,0,0,0,0,0,0,0,0,0,0,0,0,0,0,0,0,0,1,0,0,0,0,0,0,0,0,0,0,0,0,0,0,0,0,40.0219,-75.2165, , 
 ,45734,2013035173,6,67,67301,2013,3,3,245,2,3,1,0,5,1, , ,N,1,2,0,3,0,1,5,3,N,N,40 00:51.290,75 10:40.912,255, ,249,3,2,4,N, ,3,Y, , , , ,532028, , , ,3,1,0,0,2,0,0,0,0,0,0,1,1,0,0,0,0,0,0,0,1,0,0,0,0,0,0,0,0,0,0,0,0,0,0,4,0,40.0142,-75.178, , 
 ,45735,2013055603,6,67,67301,2013,5,6,1650,16,1,1,0,1,1, , ,N,0,2,0,3,0,1,3,2,N,N,40 06:45.630,75 00:15.710,1705, ,1654,2,1,4,N, ,3,N, , , , ,532048, , , ,2,0,0,0,1,0,1,0,0,0,1,0,1,0,0,0,0,0,0,0,1,0,0,0,0,0,0,0,0,0,0,0,0,0,0,3,0,40.1127,-75.0044, , 
 ,45736,2013063661,6,67,67301,2013,6,7,300,3,3,1,1,7,2, , ,N,0,0,1,3,0,0,4,1,N,N,39 56:35.884,75 08:35.046,306, ,301,1,1,1,N, ,0,N, , , , ,532052, , , ,1,1,0,0,0,0,0,0,0,0,0,0,0,0,0,1,0,0,0,0,0,0,0,0,0,0,0,0,0,0,0,0,0,0,0,0,0,39.9433,-75.1431, , 
 ,45737,2013012029,6,67,67301,2013,1,1,237,2,3,4,1,7,5, , ,N,0,0,0,3,0,0,2,1,N,N,40 00:17.755,75 10:43.579,255, ,250, ,0, ,N, ,0, , , , , ,532064, , , ,1,1,0,0,0,0,0,0,0,0,0,0,0,0,0,0,0,0,0,0,0,0,0,0,0,0,0,0,0,0,0,0,0,0,0,0,0,40.0049,-75.1788, , 
 ,45738,2013016257,6,67,67301,2013,1,6,9999,99,1,1,0,4,1, , ,N,1,2,0,3,0,3,4,3,N,N,39 58:49.769,75 13:29.078,1658, ,1640, ,0, ,N, ,3, , , , , ,532067, , , ,3,1,0,0,2,0,0,0,0,0,0,3,3,0,0,0,0,0,0,0,1,0,0,0,0,0,0,0,0,0,0,0,0,0,0,4,0,39.9804,-75.2247, , 
 ,45739,2013022220,6,67,67301,2013,1,4,1604,16,1,1,0,6,1, , ,N,1,1,0,3,0,1,2,2,N,N,39 59:16.184,75 10:50.095,1610, ,1609,1,1,2,N, ,3,Y, , , , ,532072, , , ,2,2,0,0,0,0,0,0,0,0,0,0,1,1,0,0,0,0,0,0,0,1,0,1,0,0,0,0,0,0,0,0,0,0,0,8,0,39.9878,-75.1806, , 
 ,45740,2013035597,6,67,67301,2013,1,5,1511,15,1,1,1,4,1, , ,N,1,2,0,3,0,0,2,2,N,N,40 03:35.475,75 10:24.377,1554, ,1550,1,1,2, , ,3,N, , , , ,532089, , , ,2,1,0,0,0,0,0,1,0,0,0,0,0,0,0,0,0,0,0,1,0,0,0,0,0,0,0,0,0,0,0,0,0,0,0,0,0,40.0599,-75.1734, , 
 ,45741,2013037464,6,67,67301,2013,3,1,955,9,1,1,0,0,1, , ,N,1,2,0,3,0,1,2,2,N, ,40 02:25.798,75 03:31.964,1010, ,1000, ,0, , , ,3, , , , , ,532091, , , ,2,1,1,0,0,0,0,0,0,0,1,0,1,0,0,0,0,0,0,0,0,0,0,0,0,0,0,0,0,0,0,0,0,0,0,3,0,40.0405,-75.0589, , 
 ,45742,2013041324,6,67,67301,2013,3,7,100,1,3,1,0,8,1, , ,N,0,0,0,3,0,1,2,2,N,N,40 02:13.850,75 02:30.037,105, ,101, ,0, ,N, ,0, , , , , ,532094, , , ,1,1,0,0,0,0,0,0,0,0,0,0,1,1,0,0,0,0,0,0,0,0,0,0,0,0,0,0,0,0,0,0,1,0,0,8,0,40.0372,-75.0417, , 
 ,45743,2013037460,6,67,67301,2013,3,6,1630,16,1,1,0,8,1, , ,N,2,2,0,3,0,1,2,2,N,N,40 01:46.558,75 12:22.846,1632, ,1630, ,0, ,N, ,3, , , , , ,532133, , , ,1,1,0,0,0,0,0,0,0,0,0,0,1,1,0,0,0,0,0,0,0,0,0,0,0,0,0,0,0,0,0,0,1,0,0,8,0,40.0296,-75.2063, , 
 ,45744,2013003324,6,67,67301,2013,1,3,137,1,3,1,0,7,2, , ,N,0,0,0,3,0,0,1,1,N,N,39 57:27.616,75 08:52.952,153, ,140, ,0, ,N, ,0, , , , , ,532152, , , ,1,1,0,0,0,0,0,0,0,0,0,0,0,0,0,0,0,0,0,0,0,0,0,0,0,0,0,0,0,0,0,0,0,0,0,0,0,39.9577,-75.148, , 
 ,45745,2013024937,6,67,67301,2013,2,1,1924,19,3,1,0,2,1, , ,N,0,0,0,3,0,1,2,3,N, ,39 59:09.808,75 06:39.522,1929, ,1926,2,1,5, , ,0,N, , , , ,532167, , , ,3,2,0,0,1,0,0,0,0,0,0,0,1,1,0,0,0,0,1,0,0,0,0,0,0,0,0,0,0,0,0,0,0,0,0,8,0,39.9861,-75.111, , 
 ,45746,2013055531,6,67,67301,2013,5,3,1741,17,1,1,0,4,2, , ,N,0,0,0,3,0,1,1,3,N, ,40 02:57.472,75 03:53.816,1757, ,1747, ,0, , , ,0, , , , , ,535909, , , ,3,2,0,0,0,0,1,0,0,0,1,0,1,0,0,0,0,0,0,0,0,0,0,0,0,0,0,0,0,0,0,0,0,0,0,3,0,40.0493,-75.0649, , 
 ,45747,2013055643,6,67,67301,2013,2,7,100,1,3,2,1,8,1, , ,N,0,0,0,3,0,1,2,2,N,N,40 02:22.205,75 06:36.732,103, ,100,3,2,6,N, ,0,Y, , , , ,535910, , , ,1,1,0,0,0,0,0,0,0,1,0,0,1,0,0,0,0,0,0,0,1,0,0,0,0,0,0,0,0,0,0,0,1,0,1,2,0,40.0395,-75.1102, , 
 ,45748,2013012081,6,67,67301,2013,1,6,738,7,1,1,0,5,1, , ,N,0,0,0,3,0,0,2,2,N,N,40 02:37.636,75 12:28.101,738, ,800, ,0, ,N, ,0, , , , , ,535917, , , ,2,1,0,0,1,0,0,0,0,0,0,0,0,0,0,0,0,0,0,0,1,0,0,0,0,0,0,0,0,0,0,0,0,0,0,0,0,40.0438,-75.2078, , 
 ,45749,2013024980,6,67,67301,2013,2,6,935,9,1,4,1,4,1, , ,N,2,2,0,3,0,1,2,2,N,N,40 06:01.721,75 01:46.861,945, ,943, ,0, ,N, ,3, , , , , ,535930, , , ,2,2,0,0,0,0,0,0,0,0,0,0,1,1,0,0,0,0,0,0,1,0,0,0,0,0,0,0,0,0,0,0,0,0,0,8,0,40.1005,-75.0297, , 
 ,45750,2013005321,6,67,67301,2013,1,5,435,4,3,1,0,7,4, , ,N,0,0,0,3,0,1,1,1,N,N,39 56:43.253,75 11:26.213,447, ,438,2,2,3,N, ,0,Y, , , , ,535965, , , ,1,1,0,0,0,0,0,0,0,0,0,1,1,0,0,0,0,0,0,0,0,0,0,0,0,0,0,0,0,0,0,0,0,0,0,4,0,39.9453,-75.1906, , 
 ,45751,2013035650,6,67,67301,2013,2,2,15,0,3,1,0,5,6, , ,N,0,0,0,3,0,0,1,5,N,N,39 56:16.594,75 10:50.340,20, ,19, ,0, ,N, ,0, , , , , ,535985, , , ,5,3,0,0,0,0,1,0,0,0,0,0,0,0,1,0,0,0,0,0,0,0,0,0,0,0,0,0,0,0,0,0,0,0,0,9,0,39.9379,-75.1807, , 
 ,45752,2013043751,6,67,67301,2013,3,6,2100,21,3,1,0,4,1, , ,N,0,0,0,3,0,0,1,2,N,N,39 56:31.012,75 14:08.120,2112, ,2112, ,0, ,N, ,0, , , , , ,535988, , , ,2,1,0,0,0,0,0,0,0,0,0,0,0,0,0,0,0,0,0,0,0,0,0,0,0,0,0,0,0,0,0,0,0,0,0,0,0,39.9419,-75.2356, , 
 ,45753,2013046273,6,67,67301,2013,4,4,1730,17,1,1,0,4,1, , ,N,1,3,0,3,0,1,2,2,N,N,39 59:24.554,75 09:41.021,1800, ,1754, ,0, ,N, ,3, , , , , ,535990, , , ,2,1,0,0,1,0,0,0,0,0,0,0,1,1,0,0,0,0,0,0,0,0,0,0,0,0,0,0,0,0,0,0,0,0,0,8,0,39.9902,-75.1614, , 
 ,45754,2013050092,6,67,67301,2013,5,5,1956,19,3,1,0,7,2, , ,N,0,0,0,3,0,0,1,1,N,N,39 59:16.471,75 12:26.874,2004, ,1958, ,0, ,N, ,0, , , , , ,535991, , , ,1,1,0,0,0,0,0,0,0,0,0,0,0,0,0,0,0,0,0,0,0,0,0,0,0,0,0,0,0,0,0,0,0,0,0,0,0,39.9879,-75.2075, , 
 ,45755,2013057456,6,67,67301,2013,5,1,702,7,1,2,1,7,2, , ,N,0,0,0,3,0,1,1,1,N,N,39 58:34.963,75 11:44.105,702, ,702,2,1,3,N, ,0,N, , , , ,535995, , , ,1,1,0,0,0,0,0,0,0,0,1,0,1,0,0,0,0,0,0,1,0,0,0,0,0,0,0,0,0,0,0,0,0,0,0,3,0,39.9764,-75.1956, , 
 ,45756,2013079989,6,67,67301,2013,7,6,1000,10,1,1,0,4,1, , ,N,2,3,0,3,0,1,2,2,N,N,40 02:40.689,75 08:42.734,9999, ,9999, ,0, ,N, ,3, , , , , ,536009, , , ,1,0,0,0,0,0,1,0,1,0,0,0,1,1,0,0,0,0,0,0,0,0,0,0,0,0,0,0,0,0,0,0,0,0,0,8,0,40.0446,-75.1452, , 
 ,45757,2013086658,6,67,67301,2013,7,6,1730,17,1,1,0,4,1, , ,N,1,3,0,3,0,2,3,2,N,N,40 00:04.122,75 07:29.036,9999, ,9999, ,0, ,N, ,3, , , , , ,536044, , , ,2,0,0,0,1,0,0,1,0,0,0,2,2,0,1,0,0,0,0,0,0,0,0,0,0,0,0,0,0,0,0,0,0,0,0,4,0,40.0011,-75.1247, , 
 ,45758,2013101191,6,67,67301,2013,8,4,1702,17,8,2,1,4,1, , ,N,5,2,0,3,0,3,7,3,N, ,40 04:26.850,75 09:30.148,1735, ,1730, ,0, , , ,3, , , , , ,536050, , , ,3,1,0,0,0,0,1,1,0,0,0,0,3,3,3,0,0,0,0,0,1,0,0,0,0,0,0,0,0,0,0,0,0,0,0,8,0,40.0741,-75.1584, , 
 ,45759,2013025076,6,67,67301,2013,2,6,1114,11,1,1,0,5,2, , ,N,0,0,0,3,0,0,2,2,N,N,40 00:34.246,75 03:57.510,1135, ,1123, ,0, ,N, ,0, , , , , ,536069, , , ,2,0,0,0,2,0,0,0,0,0,0,0,0,0,0,0,0,0,0,0,1,0,0,0,0,0,0,0,0,0,0,0,0,0,0,0,0,40.0095,-75.0659, , 
 ,45760,2013029748,6,67,67301,2013,2,6,2257,22,3,2,1,8,1, , ,N,0,0,0,3,0,1,2,2,N, ,40 03:00.294,75 03:03.517,2312, ,2302, ,0, , , ,0, , , , , ,536072, , , ,1,1,0,0,0,0,0,0,0,0,0,1,1,0,0,0,0,0,0,0,0,0,0,0,0,0,0,0,0,0,0,0,1,0,0,4,0,40.0501,-75.051, , 
 ,45761,2013041274,6,67,67301,2013,3,5,1950,19,3,1,0,4,7, , ,N,2,2,2,3,0,0,4,2,N,N,39 56:19.114,75 08:31.584,2005, ,1955,1,1,1,N, ,3,N, , , , ,536082, , , ,2,2,0,0,0,0,0,0,0,0,0,0,0,0,0,0,0,0,0,0,0,0,0,0,0,0,0,0,0,0,0,0,0,0,0,0,0,39.9386,-75.1421, , 
 ,45762,2013046277,6,67,67301,2013,4,4,1420,14,1,1,0,7,5, , ,N,2,2,0,3,0,2,6,2,N,N,39 59:37.726,75 07:05.858,1430, ,1429, ,0, , , ,3, , , , , ,536086, , , ,2,1,0,0,1,0,0,0,0,0,0,1,2,1,1,0,0,0,0,0,0,0,0,0,0,0,0,0,0,0,0,0,0,0,0,4,0,39.9938,-75.1183, , 
 ,45763,2013053546,6,67,67301,2013,4,3,1312,13,1,8,0,3,2, , ,N,2,3,7,3,0,1,2,2,N,N,39 56:09.175,75 11:38.245,1325, ,1323, ,0, ,N, ,3, , , , , ,536090, , , ,2,1,0,0,0,0,1,0,0,0,0,1,1,0,0,0,0,0,0,0,0,0,0,0,0,0,0,0,0,0,0,0,0,0,0,4,0,39.9359,-75.194, , 
 ,45764,2013070094,6,67,67301,2013,6,3,1658,16,1,2,1,8,1, , ,N,0,0,0,3,0,1,2,2,N,N,39 57:00.350,75 13:29.740,1702, ,1658, ,0, ,N, ,0, , , , , ,536104, , , ,1,1,0,0,0,0,0,0,0,0,1,0,1,0,0,0,0,0,0,0,0,0,0,0,0,0,0,0,0,0,0,0,1,0,0,3,0,39.9501,-75.2249, , 
 ,45765,2013017687,6,67,67301,2013,2,1,2205,22,3,1,8,7,2, , ,N,0,0,2,3,0,0,1,1,N,N,39 52:54.927,75 14:44.010,2227, ,2219, ,0, ,N, ,0, , , , , ,542188, , , ,1,0,0,0,0,0,0,1,0,0,0,0,0,0,0,0,0,0,0,0,0,0,0,0,0,0,0,0,0,0,0,0,0,0,0,0,0,39.8819,-75.2456, , 
 ,45766,2013026970,6,67,67301,2013,2,4,1200,12,1,1,0,4,1, , ,N,1,2,0,3,0,1,3,2,N,N,40 02:16.612,75 07:48.705,1230, ,1230, ,0, ,N, ,3, , , , , ,542196, , , ,2,2,0,0,0,0,0,0,0,0,0,1,1,0,0,0,0,0,0,0,0,0,0,0,0,0,0,0,0,0,0,0,0,0,0,4,0,40.0379,-75.1302, , 
 ,45767,2013055523,6,67,67301,2013,5,1,1503,15,1,1,0,4,1, , ,N,3,2,0,3,0,0,3,2,N,Y,39 54:57.347,75 14:42.963,1511, ,1510, ,0, ,N, ,3, , , , , ,542225, , , ,2,2,0,0,0,0,0,0,0,0,0,0,0,0,0,0,0,0,0,1,0,0,0,1,0,0,0,0,0,0,0,0,0,0,0,0,0,39.9159,-75.2453, , 
 ,45768,2013037408,6,67,67301,2013,3,5,1437,14,1,1,0,5,2, , ,N,1,2,0,3,0,1,1,2,N, ,40 01:28.740,75 07:25.247,1503, ,1500, ,0, , , ,3, , , , , ,542254, , , ,2,2,0,0,0,0,0,0,0,0,0,1,1,0,0,0,0,0,0,0,0,0,0,0,0,0,0,0,0,0,0,0,0,0,0,4,0,40.0247,-75.1237, , 
 ,45769,2013055874,6,67,67301,2013,5,7,1425,14,1,1,0,4,1, , ,N,3,4,0,3,0,1,5,2,N,N,39 59:08.581,75 11:48.299,1433, ,1430, ,0, ,N, ,3, , , , , ,542267, , , ,2,1,0,0,0,0,1,0,0,0,0,1,1,0,0,0,0,0,0,0,0,0,0,0,0,0,0,0,0,0,0,0,0,0,0,4,0,39.9857,-75.1967, , 
 ,45770,2013027667,6,67,67301,2013,2,6,1253,12,1,2,1,6,2, , ,N,1,3,0,3,0,1,2,2,N, ,39 59:03.710,75 06:46.713,1305, ,1300, ,0, , , ,3, , , , , ,542296, , , ,2,1,0,0,1,0,0,0,0,0,0,1,1,0,0,0,0,0,0,0,0,0,0,0,0,0,0,0,0,0,0,0,0,0,0,4,0,39.9844,-75.113, , 
 ,45771,2013035145,6,67,67301,2013,2,7,455,4,3,2,1,7,2, , ,N,0,0,0,3,0,0,1,1,N,N,40 00:11.087,75 09:51.862,459, ,459, ,0, ,N, ,0, , , , , ,542306, , , ,1,1,0,0,0,0,0,0,0,0,0,0,0,0,0,0,0,0,0,0,0,0,0,0,0,0,0,0,0,0,0,0,0,0,0,0,0,40.0031,-75.1644, , 
 ,45772,2013035397,6,67,67301,2013,3,4,1624,16,1,1,0,0,1, , ,N,0,0,0,3,0,0,1,1,N,N,39 57:32.545,75 10:19.809,1634, ,1627,1,1,3,N, ,0,N, , , , ,542307, , , ,1,0,0,0,0,0,1,0,0,0,0,0,0,0,0,0,0,0,0,0,0,1,0,0,0,0,0,0,0,0,0,0,0,0,0,0,0,39.959,-75.1722, , 
 ,45773,2013044105,6,67,67301,2013,3,7,9999,99,1,1,0,4,1, , ,N,1,2,0,3,0,1,3,2,N,N,40 03:11.009,75 03:51.845,1851, ,1841,9,1,6,Y, ,1,N, , , , ,542314, , , ,2,1,0,0,0,0,1,0,0,1,0,0,1,0,0,0,0,0,0,0,0,1,0,0,0,0,0,1,0,0,0,0,0,0,0,2,0,40.053,-75.0643, , 
 ,45774,2013017019,6,46,46104,2013,2,6,958,9,1,4,6,4,1, , ,N,1,2,0,3,0,0,2,2,N,N,40 00:14.091,75 13:14.544,1002, ,958,1,1,4,N, ,3,N, , , , ,542335, , , ,2,2,0,0,0,0,0,0,0,0,0,0,0,0,0,0,0,0,0,0,0,0,0,0,0,0,0,0,0,0,0,0,0,0,0,0,0,40.0039,-75.2207, , 