wz_ln_closure,objectid_1,crn,district,county,municipality,crash_year,crash_month,day_of_week,time_of_day,hour_of_day,illumination,weather,road_condition,collision_type,relation_to_road,work_zone_type,work_zone_loc,work_zone_ind,intersect_type,tcd_type,location_type,urban_rural,fatal_count,injury_count,person_count,total_units,sch_bus_ind,sch_zone_ind,latitude,longitude,arrival_tm,cons_zone_spd_lim,dispatch_tm,est_hrs_closed,lane_closed,ln_close_dir,ntfy_hiwy_maint,spec_juris_cd,tcd_func_cd,tfc_detour_ind,workers_pres,wz_close_detour,wz_flagger,wz_law_offcr_ind,objectid,wz_moving,wz_other,wz_shlder_mdn,vehicle_count,automobile_count,motorcycle_count,bus_count,small_truck_count,heavy_truck_count,suv_count,van_count,bicycle_count,maj_inj_count,mod_inj_count,min_inj_count,tot_inj_count,unk_inj_deg_count,unk_inj_per_count,driver_count_16yr,driver_count_17yr,driver_count_18yr,driver_count_19yr,driver_count_20yr,driver_count_50_64yr,driver_count_65_74yr,driver_count_75plus,unbelted_occ_count,unb_death_count,unb_maj_inj_count,belted_death_count,belted_maj_inj_count,mcycle_death_count,mcycle_maj_inj_count,bicycle_death_count,bicycle_maj_inj_count,ped_count,ped_death_count,ped_maj_inj_count,max_severity_level,comm_veh_count,dec_lat,dec_long,rdwy_surf_type_cd,county_name
 ,45908,2013050333,6,67,67301,2013,4,6,1158,11,1,1,0,8,1, , ,N,0,0,7,3,0,1,2,2,N, ,40 03:48.360,75 14:26.160,1207, ,1158, ,0, , , ,0, , , , , ,539318, , , ,1,0,0,0,1,0,0,0,0,0,0,0,1,1,0,0,0,0,0,0,1,0,0,0,0,0,0,0,0,0,0,0,1,0,0,8,0,40.0634,-75.2406, , 
N,45909,2013012637,6,46,46104,2013,1,5,2114,21,3,1,0,1,1,2,4,Y,2,2,0,3,0,0,2,2,N,N,40 00:00.674,75 13:43.553,2117,00,2114, ,0, ,N, ,3, ,Y,N,N,N,539338,N,N,Y,2,0,0,0,0,0,1,1,0,0,0,0,0,0,0,0,0,0,0,0,0,0,0,0,0,0,0,0,0,0,0,0,0,0,0,0,0,40.0001,-75.2287, , 
 ,45910,2013035182,6,67,67301,2013,2,4,610,6,5,2,1,4,1, , ,N,1,2,0,3,0,0,2,2,N, ,39 55:16.534,75 11:37.851,634, ,630, ,0, , , ,3, , , , , ,536286, , , ,2,2,0,0,0,0,0,0,0,0,0,0,0,0,0,0,0,0,0,0,0,0,0,0,0,0,0,0,0,0,0,0,0,0,0,0,0,39.9211,-75.1938, , 
 ,45911,2013035260,6,67,67301,2013,3,2,1428,14,1,1,0,8,1, , ,N,1,2,0,3,0,1,2,2,N,N,40 06:18.581,75 01:58.245,1436, ,1434,1,1,2,N, ,3,Y, , , , ,536287, , , ,1,1,0,0,0,0,0,0,0,0,0,0,1,1,0,0,0,0,0,0,0,0,0,0,0,0,0,0,0,0,0,0,1,0,0,8,0,40.1052,-75.0328, , 
 ,45912,2013009122,6,67,67301,2013,1,4,439,4,2,2,1,7,4, , ,N,0,0,0,3,0,0,1,1,N,N,39 57:18.567,75 10:51.593,450, ,445,1,1,3,N, ,0,N, , , , ,536306, , , ,1,1,0,0,0,0,0,0,0,0,0,0,0,0,0,0,0,0,0,0,0,0,0,0,0,0,0,0,0,0,0,0,0,0,0,0,0,39.9552,-75.181, , 
 ,45913,2013012640,6,67,67301,2013,1,1,1813,18,3,1,0,1,1, , ,N,2,2,0,3,0,0,3,2,N,N,39 59:38.856,75 14:29.980,1813, ,1813,1,2,2,N, ,2,N, , , , ,536358, , , ,2,2,0,0,0,0,0,0,0,0,0,0,0,0,0,0,0,0,1,0,0,1,0,0,0,0,0,0,0,0,0,0,0,0,0,0,0,39.994,-75.2416, , 
 ,45914,2013016159,6,67,67301,2013,1,7,9999,99,1,1,0,1,1, , ,N,1,2,0,3,0,1,2,2,N, ,40 04:26.772,75 12:12.142,1845, ,1755,1,2,2, , ,3,Y, , , , ,536360, , , ,2,1,0,0,0,0,1,0,0,0,0,0,1,1,0,0,0,0,0,0,0,1,0,0,0,0,0,0,0,0,0,0,0,0,0,8,0,40.0741,-75.2034, , 
 ,45915,2013037412,6,67,67301,2013,3,1,40,0,3,1,0,4,6, , ,N,0,0,0,3,0,1,1,3,N, ,40 02:25.803,75 01:59.552,122, ,117, ,0, , , ,0, , , , , ,536382, , , ,3,2,0,0,1,0,0,0,0,0,0,1,1,0,0,0,0,0,0,0,0,0,0,0,0,0,0,0,0,0,0,0,0,0,0,4,0,40.0405,-75.0332, , 
 ,45916,2013044115,6,67,67301,2013,3,2,1610,16,1,2,1,8,1, , ,N,1,2,0,3,0,1,3,2,N,N,39 57:06.145,75 14:12.782,1617, ,1616,2,1,1,N, ,3,N, , , , ,536388, , , ,1,1,0,0,0,0,0,0,0,0,0,1,1,0,0,0,0,0,0,0,0,0,0,0,0,0,0,0,0,0,0,0,1,0,0,4,0,39.9517,-75.2369, , 
 ,45917,2013047191,6,67,67301,2013,4,3,54,0,3,1,0,1,1, , ,N,1,2,0,3,0,0,5,4,N,N,40 06:51.342,74 59:16.507,56, ,54, ,0, , , ,3, , , , , ,536392, , , ,4,2,0,0,1,0,0,0,0,0,0,0,0,0,4,0,0,0,0,0,1,0,0,0,0,0,0,0,0,0,0,0,0,0,0,9,0,40.1143,-74.9879, , 
 ,45918,2013026973,6,67,67301,2013,2,7,1955,19,3,1,0,1,2, , ,N,0,0,0,3,0,0,1,3,N,N,39 58:54.609,75 06:46.263,2005, ,1958, ,0, , , ,0, , , , , ,536413, , , ,3,1,0,0,0,0,1,1,0,0,0,0,0,0,0,0,0,0,0,0,0,0,0,0,0,0,0,0,0,0,0,0,0,0,0,0,0,39.9818,-75.1129, , 
 ,45919,2013043812,6,67,67301,2013,3,5,1805,18,1,1,0,1,1, , ,N,0,0,0,3,0,1,3,2,N,N,39 58:53.884,75 14:17.180,900, ,9999, ,0, , , ,0, , , , , ,536429, , , ,2,2,0,0,0,0,0,0,0,0,0,0,1,1,0,0,0,0,0,0,0,0,0,0,0,0,0,0,0,0,0,0,0,0,0,8,0,39.9816,-75.2381, , 
 ,45920,2013046294,6,67,67301,2013,4,7,1450,14,1,1,0,6,1, , ,N,1,2,0,3,0,2,2,2,N, ,40 00:54.748,75 08:49.919,1510, ,1453, ,0, , , ,3, , , , , ,536430, , , ,2,1,0,0,0,0,1,0,0,0,0,2,2,0,0,0,0,1,0,0,0,0,0,0,0,0,0,0,0,0,0,0,0,0,0,4,0,40.0152,-75.1472, , 
 ,45921,2013055903,6,67,67301,2013,5,7,1950,19,1,1,0,4,1, , ,N,2,0,0,3,0,1,2,2,N,N,39 57:47.473,75 11:39.861,2008, ,2000, ,0, ,N, ,0, , , , , ,536436, , , ,1,0,0,0,0,0,0,1,1,0,0,1,1,0,0,0,0,0,0,0,0,0,0,0,0,0,0,0,0,0,0,0,0,0,0,4,0,39.9632,-75.1944, , 
 ,45922,2013055919,6,67,67301,2013,5,3,1725,17,1,1,0,4,1, , ,N,2,3,0,3,0,1,2,2,N, ,40 02:24.504,75 10:24.261,1730, ,1730,9,1,1, , ,3,N, , , , ,536437, , , ,2,1,0,0,0,0,0,0,0,0,0,0,1,1,0,0,0,0,0,0,1,0,0,0,0,0,0,0,0,0,0,0,0,0,0,8,0,40.0401,-75.1734, , 
 ,45923,2013070377,6,67,67301,2013,6,4,920,9,1,1,0,4,1, , ,N,1,3,0,3,0,1,2,2,N,N,39 55:48.741,75 09:58.453,1300, ,1300, ,0, ,N, ,3, , , , , ,536445, , , ,2,1,0,0,0,0,0,0,0,0,0,0,1,1,1,0,0,0,0,0,1,0,0,0,0,0,0,0,0,0,0,0,0,0,0,8,0,39.9302,-75.1662, , 
 ,45924,2013070957,6,67,67301,2013,6,4,1210,12,1,1,0,4,1, , ,N,1,2,0,3,0,3,3,2,N, ,40 01:23.655,75 08:11.842,1210, ,1210, ,0, ,N, ,3, , , , , ,536446, , , ,2,2,0,0,0,0,0,0,0,0,0,3,3,0,0,0,0,0,0,0,1,0,0,0,0,0,0,0,0,0,0,0,0,0,0,4,0,40.0232,-75.1366, , 
N,45925,2013013051,6,67,67301,2013,1,2,2117,21,2,1,0,1,1,1,4,Y,0,0,0,3,0,0,1,2,N,N,40 01:16.022,75 02:28.202,2126,55,2118,2,2,1,N, ,0,N,N,N,N,N,536457,N,Y,N,2,2,0,0,0,0,0,0,0,0,0,0,0,0,0,0,0,0,0,0,1,0,0,0,0,0,0,0,0,0,0,0,0,0,0,0,0,40.0211,-75.0413, , 
 ,45926,2013022273,6,67,67301,2013,1,3,740,7,1,1,0,8,1, , ,N,1,3,0,3,0,1,2,2,N, ,39 56:57.213,75 13:23.152,1840, ,1834, ,0, , , ,3, , , , , ,536463, , , ,1,0,0,0,0,0,1,0,0,0,0,1,1,0,1,0,0,0,0,0,0,0,0,0,0,0,0,0,0,0,0,0,1,0,0,4,0,39.9492,-75.2231, , 
 ,45927,2013022322,6,67,67301,2013,1,1,1504,15,1,1,0,1,1, , ,N,0,0,0,3,0,0,2,2,N,N,39 54:18.178,75 11:42.768,1522, ,1514,2,1,3,N, ,0,N, , , , ,536464, , , ,2,1,0,0,1,0,0,0,0,0,0,0,0,0,0,0,0,0,0,0,0,0,0,0,0,0,0,0,0,0,0,0,0,0,0,0,0,39.905,-75.1952, , 
 ,45928,2013024911,6,67,67301,2013,2,6,1006,10,1,4,1,1,1, , ,N,1,2,0,3,0,0,5,3,N,N,40 00:25.549,75 05:38.543,1010, ,1008, ,0, ,N, ,3, , , , , ,536466, , , ,3,2,0,0,0,0,1,0,0,0,0,0,0,0,0,0,0,0,0,0,0,0,0,0,0,0,0,0,0,0,0,0,0,0,0,0,0,40.0071,-75.094, , 
 ,45929,2013022196,6,67,67301,2013,1,3,755,7,1,1,0,1,1, , ,N,1,0,0,3,0,3,5,2,N,N,40 01:42.750,75 05:28.527,810, ,759,1,1,2,N, ,0,N, , , , ,529195, , , ,2,1,0,1,0,0,0,0,0,0,0,0,3,3,0,0,0,0,0,0,0,0,0,0,0,0,0,0,0,0,0,0,0,0,0,8,1,40.0285,-75.0913, , 
 ,45930,2013029364,6,67,67301,2013,3,7,929,9,1,1,0,4,1, , ,N,0,0,0,3,0,1,3,2,N,N,39 56:39.183,75 11:30.906,933, ,931, ,0, ,N, ,0, , , , , ,529203, , , ,2,1,0,0,0,1,0,0,0,0,0,0,1,1,0,0,0,0,0,0,0,1,0,0,0,0,0,0,0,0,0,0,0,0,0,8,1,39.9428,-75.1933, , 
 ,45931,2013029649,6,67,67301,2013,2,2,1845,18,6,1,0,8,1, , ,N,0,0,0,3,0,1,2,2,N, ,40 05:17.836,75 02:55.586,2058, ,2056, ,0, , , ,0, , , , , ,529204, , , ,1,1,0,0,0,0,0,0,0,0,0,1,1,0,0,0,0,0,0,0,0,0,0,0,0,0,0,0,0,0,0,0,1,0,0,4,0,40.0883,-75.0488, , 
 ,45932,2013035305,6,67,67301,2013,3,6,835,8,1,1,0,1,2, , ,N,2,0,0,3,0,2,4,2,N, ,39 56:11.565,75 11:45.484,836, ,835, ,0, , , ,0, , , , , ,529210, , , ,2,2,0,0,0,0,0,0,0,0,1,1,2,0,0,0,0,0,0,0,0,0,0,0,0,0,0,0,0,0,0,0,0,0,0,3,0,39.9365,-75.196, , 
 ,45933,2013035604,6,67,67301,2013,3,1,1835,18,1,1,0,4,1, , ,N,1,2,0,3,0,0,3,2,N,N,39 59:31.689,75 08:24.712,1835, ,1835,1,1,3,N, ,3,Y, , , , ,529211, , , ,2,1,0,0,1,0,0,0,0,0,0,0,0,0,0,0,0,0,0,0,0,0,0,0,0,0,0,0,0,0,0,0,0,0,0,0,0,39.992,-75.1402, , 
 ,45934,2013006101,6,67,67301,2013,1,3,354,3,3,1,0,5,2, , ,N,0,0,0,3,0,0,1,2,N,N,39 58:48.648,75 09:56.642,449, ,448, ,0, ,N, ,0, , , , , ,529220, , , ,2,1,0,0,0,0,1,0,0,0,0,0,0,0,0,0,0,0,0,0,0,0,0,0,0,0,0,0,0,0,0,0,0,0,0,0,0,39.9802,-75.1657, , 
 ,45935,2013012027,6,67,67301,2013,1,7,2250,22,3,1,0,4,1, , ,N,2,0,0,3,0,1,2,2,N,N,40 01:14.653,75 08:02.151,2300, ,2255, ,0, , , ,0, , , , , ,529223, , , ,2,1,0,0,1,0,0,0,0,0,0,1,1,0,0,0,0,0,0,0,0,0,0,0,0,0,0,0,0,0,0,0,0,0,0,4,0,40.0207,-75.1339, , 
 ,45936,2013028597,6,67,67301,2013,2,4,524,5,3,2,1,7,2, , ,N,0,0,0,3,0,2,2,2,N,N,39 59:11.548,75 12:28.526,530, ,526,1,1,4,N, ,0,N, , , , ,529234, , , ,2,2,0,0,0,0,0,0,0,0,0,2,2,0,0,0,0,0,0,0,0,0,0,0,0,0,0,0,0,0,0,0,0,0,0,4,0,39.9865,-75.2079, , 
 ,45937,2013043834,6,67,67301,2013,3,7,849,8,1,1,0,1,1, , ,N,0,0,0,3,0,0,1,2,N, ,40 05:59.625,75 02:32.708,901, ,859,1,1,3, , ,0,N, , , , ,529248, , , ,2,2,0,0,0,0,0,0,0,0,0,0,0,0,0,0,0,0,0,0,0,0,0,0,0,0,0,0,0,0,0,0,0,0,0,0,0,40.0999,-75.0424, , 
 ,45938,2013056470,6,67,67301,2013,6,7,1840,18,1,1,0,8,1, , ,N,1,1,0,3,0,1,2,2,N,N,39 58:54.229,75 09:26.138,1840, ,1840, ,0, ,N, ,3, , , , , ,529257, , , ,1,1,0,0,0,0,0,0,0,0,0,1,1,0,0,0,0,0,0,0,0,0,0,0,0,0,0,0,0,0,0,0,1,0,0,4,0,39.9817,-75.1571, , 
 ,45939,2013024998,6,67,67301,2013,1,3,309,3,3,2,1,7,4, , ,N,1,2,0,3,0,0,1,1,N,N,39 55:06.758,75 13:33.159,312, ,309,3,2,3, , ,3,Y, , , , ,529277, , , ,1,1,0,0,0,0,0,0,0,0,0,0,0,0,0,0,0,0,0,0,0,0,0,0,0,0,0,0,0,0,0,0,0,0,0,0,0,39.9185,-75.2259, , 
 ,45940,2013035154,6,67,67301,2013,3,4,1110,11,1,1,0,4,1, , ,N,1,3,0,3,0,2,2,2,N,N,39 58:26.400,75 08:38.965,1115, ,1112, ,0, ,N, ,3, , , , , ,529290, , , ,2,1,0,0,1,0,0,0,0,0,0,1,2,1,0,0,0,0,0,0,0,0,0,0,0,0,0,0,0,0,0,0,0,0,0,4,0,39.974,-75.1442, , 
N,45941,2013036788,6,67,67301,2013,3,1,39,0,3,1,1,1,1,1,3,Y,0,0,0,3,0,0,1,2,N,N,39 58:05.290,75 07:47.242,44,45,44,2,2,1,N, ,0,N,N,N,N,N,529292,N,N,Y,2,2,0,0,0,0,0,0,0,0,0,0,0,0,0,0,0,0,0,0,0,0,0,0,0,0,0,0,0,0,0,0,0,0,0,0,0,39.9681,-75.1299, , 
 ,45942,2013046372,6,67,67301,2013,3,1,9999,99,1,1,0,4,2, , ,N,0,0,0,3,0,0,1,2,N,N,40 00:02.503,75 13:33.231,1810, ,1725, ,0, ,N, ,0, , , , , ,529304, , , ,2,2,0,0,0,0,0,0,0,0,0,0,0,0,0,0,0,0,0,0,0,0,1,0,0,0,0,0,0,0,0,0,0,0,0,0,0,40.0007,-75.2259, , 
 ,45943,2013017680,6,67,67301,2013,1,5,1604,16,1,1,0,1,1, , ,N,0,0,0,3,0,4,7,3,N,N,40 00:59.561,75 03:03.349,1632, ,1611,3,1,1,N, ,0,N, , , , ,529324, , , ,3,1,0,0,1,0,1,0,0,0,0,4,4,0,0,0,0,1,0,0,1,0,0,1,0,0,0,0,0,0,0,0,0,0,0,4,0,40.0165,-75.051, , 
 ,45944,2013024961,6,67,67301,2013,2,1,1845,18,3,1,0,4,1, , ,N,0,0,0,3,0,0,3,3,N, ,40 00:21.455,75 05:35.608,1900, ,1900, ,0, , , ,0, , , , , ,529331, , , ,3,3,0,0,0,0,0,0,0,0,0,0,0,0,2,0,0,0,0,0,0,0,0,0,0,0,0,0,0,0,0,0,0,0,0,9,0,40.006,-75.0932, , 
 ,45945,2013025008,6,67,67301,2013,1,4,1816,18,3,2,1,8,1, , ,N,0,0,0,3,0,1,2,2,N,N,40 05:31.254,75 01:14.804,1830, ,1822, ,0, ,N, ,0, , , , , ,529332, , , ,1,1,0,0,0,0,0,0,0,0,1,0,1,0,0,0,0,0,0,0,0,0,0,0,0,0,0,0,0,0,0,0,1,0,0,3,0,40.092,-75.0208, , 
 ,45946,2013035242,6,67,67301,2013,2,3,1130,11,1,2,1,8,2, , ,N,1,2,0,3,0,1,2,2,N,N,39 56:00.200,75 10:52.082,1145, ,1130, ,0, ,N, ,3, , , , , ,529383, , , ,1,1,0,0,0,0,0,0,0,0,0,1,1,0,0,0,0,0,0,0,1,0,0,0,0,0,0,0,0,0,0,0,1,0,0,4,0,39.9334,-75.1811, , 
 ,45947,2013041370,6,67,67301,2013,3,1,130,1,3,1,0,8,1, , ,N,0,0,0,3,0,1,2,2,N,N,39 57:40.706,75 08:54.328,135, ,132,1,2,3,N, ,0,N, , , , ,529390, , , ,1,1,0,0,0,0,0,0,0,0,1,0,1,0,0,0,0,0,0,0,0,0,0,0,0,0,0,0,0,0,0,0,1,0,0,3,0,39.9613,-75.1484, , 
 ,45948,2013024900,6,67,67301,2013,2,7,1114,11,1,1,0,4,1, , ,N,1,2,0,3,0,1,3,2,N,N,39 58:23.647,75 12:44.071,1130, ,1114, ,0, , , ,3, , , , , ,532642, , , ,2,0,0,0,2,0,0,0,0,0,0,1,1,0,1,0,0,0,0,1,0,0,0,0,0,0,0,0,0,0,0,0,0,0,0,4,0,39.9732,-75.2121, , 
 ,45949,2013031715,6,67,67301,2013,3,7,543,5,2,1,0,7,2, , ,N,0,0,0,3,0,1,1,1,N,N,39 56:01.745,75 11:59.779,543, ,549,2,1,4,N, ,0,N, , , , ,532646, , , ,1,1,0,0,0,0,0,0,0,0,0,1,1,0,0,0,0,0,0,1,0,0,0,0,0,0,0,0,0,0,0,0,0,0,0,4,0,39.9338,-75.1999, , 
 ,45950,2013037372,6,67,67301,2013,3,3,930,9,1,2,1,4,1, , ,N,1,3,0,3,0,1,3,2,N,N,40 00:50.410,75 08:23.197,955, ,950, ,0, ,N, ,3, , , , , ,532650, , , ,2,1,0,0,0,0,1,0,0,0,0,1,1,0,0,0,0,1,0,0,0,0,0,0,0,0,0,0,0,0,0,0,0,0,0,4,0,40.014,-75.1398, , 
 ,45951,2013044404,6,67,67301,2013,4,7,848,8,1,1,0,7,5, , ,N,0,0,0,3,0,0,1,1,N,N,40 03:26.767,75 07:46.011,851, ,850,4,2,6,N, ,0,Y, , , , ,532658, , , ,1,0,0,0,1,0,0,0,0,0,0,0,0,0,0,0,0,0,0,0,0,0,0,0,0,0,0,0,0,0,0,0,0,0,0,0,0,40.0574,-75.1294, , 
 ,45952,2013046431,6,67,67301,2013,4,2,1704,17,1,1,0,4,1, , ,N,1,2,0,3,0,0,4,3,N,N,39 57:30.397,75 14:14.901,1706, ,1704, ,0, ,N, ,3, , , , , ,532664, , , ,3,1,0,0,0,0,1,1,0,0,0,0,0,0,0,0,0,0,0,0,0,0,0,0,0,0,0,0,0,0,0,0,0,0,0,0,0,39.9584,-75.2375, , 
 ,45953,2013022291,6,67,67301,2013,1,3,1724,17,1,1,0,4,1, , ,N,1,3,0,3,0,0,2,2,N,N,40 00:37.740,75 09:38.779,9999, ,9999, ,0, ,N, ,3, , , , , ,532693, , , ,2,2,0,0,0,0,0,0,0,0,0,0,0,0,1,0,0,0,0,0,0,0,0,0,0,0,0,0,0,0,0,0,0,0,0,9,0,40.0105,-75.1608, , 
 ,45954,2013029366,6,67,67301,2013,3,2,1644,16,1,1,0,1,1, , ,N,0,0,0,3,0,0,4,3,N,N,39 57:28.887,75 09:49.702,1709, ,1648,3,2,3,N, ,0,N, , , , ,532697, , , ,3,0,0,0,1,0,2,0,0,0,0,0,0,0,0,0,0,0,0,0,0,0,0,0,0,0,0,0,0,0,0,0,0,0,0,0,0,39.958,-75.1638, , 
 ,45955,2013029730,6,67,67301,2013,2,1,230,2,3,1,0,4,1, , ,N,1,2,0,3,0,0,3,2,N,N,39 56:16.111,75 10:00.162,237, ,235,1,1,3,N, ,3,N, , , , ,532699, , , ,2,1,0,0,0,0,1,0,0,0,0,0,0,0,1,0,0,0,0,0,0,0,0,0,0,0,0,0,0,0,0,0,0,0,0,9,0,39.9379,-75.1667, , 
 ,45956,2013047274,6,67,67301,2013,4,5,1908,19,3,1,0,8,1, , ,N,0,0,0,3,0,1,3,2,N, ,40 02:32.748,75 03:56.725,1945, ,1942, ,0, , , ,0, , , , , ,532718, , , ,1,1,0,0,0,0,0,0,0,0,0,1,1,0,0,1,0,0,0,0,0,0,0,1,0,0,0,0,0,0,0,0,1,0,0,4,0,40.0424,-75.0658, , 
 ,45957,2013055540,6,67,67301,2013,5,5,1126,11,1,1,0,8,1, , ,N,0,0,0,3,0,1,2,2,N, ,40 00:08.226,75 10:16.032,1135, ,1129, ,0, , , ,0, , , , , ,532725, , , ,1,1,0,0,0,0,0,0,0,0,0,1,1,0,0,0,0,0,0,0,0,0,0,0,0,0,0,0,0,0,0,0,1,0,0,4,0,40.0023,-75.1711, , 
 ,45958,2013047213,6,67,67301,2013,4,6,9999,99,1,1,0,4,1, , ,N,1,2,0,3,0,1,4,2,N,N,39 58:53.180,75 07:39.465,9999, ,9999, ,0, ,N, ,3, , , , , ,532758, , , ,2,1,0,0,0,0,1,0,0,0,0,1,1,0,0,0,0,0,0,0,0,0,0,0,0,0,0,0,0,0,0,0,0,0,0,4,0,39.9814,-75.1276, , 
 ,45959,2013055857,6,67,67301,2013,4,2,1410,14,1,2,1,4,1, , ,N,1,3,0,3,0,1,7,2,N,N,39 59:14.776,75 07:37.257,1430, ,1420, ,0, ,N, ,3, , , , , ,532765, , , ,2,2,0,0,0,0,0,0,0,0,0,0,1,1,2,0,0,0,0,0,0,0,0,2,0,0,0,0,0,0,0,0,0,0,0,8,0,39.9874,-75.127, , 
 ,45960,2013029711,6,67,67301,2013,2,3,920,9,1,1,0,6,1, , ,N,0,0,0,3,0,1,2,2,N,N,40 03:04.342,75 05:30.250,925, ,923, ,0, ,N, ,0, , , , , ,532799, , , ,2,1,0,0,0,1,0,0,0,0,0,0,1,1,0,0,0,0,0,0,1,0,0,1,0,0,0,0,0,0,0,0,0,0,0,8,1,40.0512,-75.0917, , 
 ,45961,2013050868,6,67,67301,2013,5,3,2331,23,3,2,1,4,1, , ,N,0,0,0,3,0,1,2,2,N,N,39 57:28.844,75 10:49.271,2331, ,2331,1,2,3,N, ,0,N, , , , ,532823, , , ,2,2,0,0,0,0,0,0,0,0,0,1,1,0,0,0,0,0,1,0,1,0,0,0,0,0,0,0,0,0,0,0,0,0,0,4,0,39.958,-75.1804, , 
 ,45962,2013023558,6,67,67301,2013,1,5,9999,99,1,1,0,8,1, , ,N,1,2,0,3,0,1,2,2,N,N,39 58:49.839,75 07:42.754,1543, ,1541, ,0, ,N, ,3, , , , , ,532850, , , ,1,0,0,0,0,0,0,1,0,0,0,1,1,0,0,0,0,0,0,0,0,0,0,0,0,0,0,0,0,0,0,0,1,0,0,4,0,39.9805,-75.1285, , 
 ,45963,2013024885,6,67,67301,2013,1,5,1226,12,1,1,0,7,2, , ,N,0,0,0,3,0,0,1,1,N,N,40 02:13.182,75 02:24.341,1239, ,1236,1,1,1,N, ,0,N, , , , ,532852, , , ,1,1,0,0,0,0,0,0,0,0,0,0,0,0,0,0,0,0,0,0,0,0,0,0,0,0,0,0,0,0,0,0,0,0,0,0,0,40.037,-75.0401, , 
 ,45964,2013024927,6,67,67301,2013,2,7,9999,99,3,1,0,4,1, , ,N,0,0,0,3,0,2,3,3,N,N,40 03:24.949,75 11:00.445,301, ,247, ,0, ,N, ,0, , , , , ,532853, , , ,3,3,0,0,0,0,0,0,0,0,0,1,2,1,0,0,0,0,0,0,0,0,0,0,0,0,0,0,0,0,0,0,0,0,0,4,0,40.0569,-75.1835, , 
 ,45965,2013027410,6,67,67301,2013,3,6,1914,19,3,1,0,0,1, , ,N,0,0,0,3,0,1,6,3,N,N,39 59:00.961,75 05:50.436,1918, ,1914, ,0, ,N, ,0, , , , , ,532855, , , ,3,2,0,0,0,0,1,0,0,0,0,1,1,0,0,0,0,0,0,1,0,0,0,0,0,0,0,0,0,0,0,0,0,0,0,4,0,39.9835,-75.0975, , 
 ,45966,2013020203,6,67,67301,2013,2,4,2147,21,3,2,1,5,1, , ,N,0,0,0,3,0,0,5,2,N,N,39 58:14.217,75 11:34.532,2159, ,2158, ,0, ,N, ,0, , , , , ,539349, , , ,2,1,0,0,0,0,1,0,0,0,0,0,0,0,0,0,0,0,0,0,0,0,0,0,0,0,0,0,0,0,0,0,0,0,0,0,0,39.9706,-75.1929, , 
 ,45967,2013037385,6,67,67301,2013,2,7,1545,15,1,1,0,8,2, , ,N,0,0,0,3,0,3,4,4,N, ,39 56:00.415,75 12:56.105,1547, ,1547,3,1,4, , ,0,Y, , , , ,539366, , , ,1,1,0,0,0,0,0,0,0,3,0,0,3,0,0,0,0,0,0,0,1,0,0,0,0,0,0,0,0,0,0,0,3,0,3,2,0,39.9334,-75.2156, , 
 ,45968,2013046385,6,67,67301,2013,4,3,2216,22,3,1,0,4,1, , ,N,1,2,0,3,0,1,2,2,N,N,40 02:10.346,75 03:51.114,2243, ,2246,9,1,1,N, ,3,N, , , , ,539370, , , ,2,1,0,0,0,0,0,1,0,0,0,1,1,0,0,0,0,0,0,1,1,0,0,0,0,0,0,0,0,0,0,0,0,0,0,4,0,40.0363,-75.0643, , 
 ,45969,2013065383,6,67,67301,2013,5,2,2245,22,3,1,0,1,1, , ,N,3,2,6,3,0,0,3,3,N, ,40 01:47.679,75 06:11.073,2255, ,2245, ,0, , , ,3, , , , , ,539381, , , ,3,1,0,0,1,0,1,0,0,0,0,0,0,0,0,0,0,0,0,0,3,0,0,0,0,0,0,0,0,0,0,0,0,0,0,0,0,40.0299,-75.1031, , 
 ,45970,2013065427,6,67,67301,2013,5,4,1905,19,1,1,0,4,1, , ,N,1,2,0,3,0,2,4,2,N,N,39 56:23.042,75 13:31.760,2055, ,2035, ,0, , , ,3, , , , , ,539382, , , ,2,2,0,0,0,0,0,0,0,0,0,2,2,0,0,0,0,0,0,0,1,0,0,0,0,0,0,0,0,0,0,0,0,0,0,4,0,39.9397,-75.2255, , 
 ,45971,2013029723,6,67,67301,2013,1,3,1257,12,1,1,0,1,1, , ,N,1,2,0,3,0,5,5,3,N, ,40 01:54.231,75 10:43.900,1305, ,1257,9,1,3, , ,3,N, , , , ,539409, , , ,3,3,0,0,0,0,0,0,0,0,0,0,5,5,0,0,0,0,0,0,0,1,0,0,0,0,0,0,0,0,0,0,0,0,0,8,0,40.0317,-75.1789, , 
 ,45972,2013029793,6,67,67301,2013,2,7,727,7,1,2,1,4,1, , ,N,1,3,0,3,0,1,2,2,N,N,40 01:43.190,75 02:32.729,738, ,732, ,0, ,N, ,3, , , , , ,539410, , , ,2,2,0,0,0,0,0,0,0,0,0,0,1,1,0,0,0,0,0,0,0,0,1,0,0,0,0,0,0,0,0,0,0,0,0,8,0,40.0287,-75.0424, , 
 ,45973,2013012028,6,67,67301,2013,1,1,1205,12,1,1,0,4,1, , ,N,1,3,0,3,0,1,6,2,N,N,40 00:11.775,75 08:28.258,1210, ,1207,3,2,7,N, ,3,Y, , , , ,539438, , , ,2,2,0,0,0,0,0,0,0,0,1,0,1,0,2,0,0,0,0,0,0,0,0,1,0,0,0,0,0,0,0,0,0,0,0,3,0,40.0033,-75.1412, , 