wz_ln_closure,objectid_1,crn,district,county,municipality,crash_year,crash_month,day_of_week,time_of_day,hour_of_day,illumination,weather,road_condition,collision_type,relation_to_road,work_zone_type,work_zone_loc,work_zone_ind,intersect_type,tcd_type,location_type,urban_rural,fatal_count,injury_count,person_count,total_units,sch_bus_ind,sch_zone_ind,latitude,longitude,arrival_tm,cons_zone_spd_lim,dispatch_tm,est_hrs_closed,lane_closed,ln_close_dir,ntfy_hiwy_maint,spec_juris_cd,tcd_func_cd,tfc_detour_ind,workers_pres,wz_close_detour,wz_flagger,wz_law_offcr_ind,objectid,wz_moving,wz_other,wz_shlder_mdn,vehicle_count,automobile_count,motorcycle_count,bus_count,small_truck_count,heavy_truck_count,suv_count,van_count,bicycle_count,maj_inj_count,mod_inj_count,min_inj_count,tot_inj_count,unk_inj_deg_count,unk_inj_per_count,driver_count_16yr,driver_count_17yr,driver_count_18yr,driver_count_19yr,driver_count_20yr,driver_count_50_64yr,driver_count_65_74yr,driver_count_75plus,unbelted_occ_count,unb_death_count,unb_maj_inj_count,belted_death_count,belted_maj_inj_count,mcycle_death_count,mcycle_maj_inj_count,bicycle_death_count,bicycle_maj_inj_count,ped_count,ped_death_count,ped_maj_inj_count,max_severity_level,comm_veh_count,dec_lat,dec_long,rdwy_surf_type_cd,county_name
 ,45974,2013029363,6,67,67301,2013,3,6,808,8,1,1,0,1,1, , ,N,7,3,2,3,0,1,2,2,N,N,40 02:48.583,75 00:02.433,845, ,815, ,0, ,N, ,3, , , , , ,539450, , , ,2,2,0,0,0,0,0,0,0,0,0,1,1,0,0,0,0,0,0,0,0,0,0,0,0,0,0,0,0,0,0,0,0,0,0,4,0,40.0468,-75.0008, , 
 ,45975,2013034608,6,67,67301,2013,2,1,2032,20,3,1,0,4,1, , ,N,1,3,0,3,0,2,7,2,N, ,39 56:56.040,75 14:44.033,2035, ,2035, ,0, ,N, ,3, , , , , ,539457, , , ,2,1,0,0,0,0,1,0,0,0,0,0,2,2,5,0,0,0,0,0,0,0,0,6,0,0,0,0,0,0,0,0,0,0,0,8,0,39.9489,-75.2456, , 
 ,45976,2013035240,6,67,67301,2013,2,1,1313,13,1,1,0,4,2, , ,N,0,0,0,3,0,0,2,2,N,N,40 01:35.862,75 07:04.157,1333, ,1328,2,1,2,N, ,0,N, , , , ,539458, , , ,2,2,0,0,0,0,0,0,0,0,0,0,0,0,0,0,0,0,0,0,0,1,0,0,0,0,0,0,0,0,0,0,0,0,0,0,0,40.0266,-75.1178, , 
 ,45977,2013037339,6,67,67301,2013,2,5,1230,12,1,1,0,1,1, , ,N,0,0,0,3,0,2,3,2,N,N,39 57:04.034,75 10:42.670,1730, ,1730, ,0, ,N, ,0, , , , , ,539461, , , ,2,2,0,0,0,0,0,0,0,0,0,2,2,0,0,0,0,0,0,0,0,0,0,0,0,0,0,0,0,0,0,0,0,0,0,4,0,39.9511,-75.1785, , 
 ,45978,2013055423,6,67,67301,2013,5,7,1240,12,1,1,0,4,1, , ,N,2,3,0,3,0,0,2,2,N, ,40 01:45.015,75 13:05.908,1300, ,1247,3,2,7, , ,3,Y, , , , ,539477, , , ,2,2,0,0,0,0,0,0,0,0,0,0,0,0,0,0,0,0,0,0,0,0,0,0,0,0,0,0,0,0,0,0,0,0,0,0,0,40.0292,-75.2183, , 
 ,45979,2013043450,6,67,67301,2013,3,7,830,8,1,1,0,7,2, , ,N,2,0,0,3,0,1,2,1,N,N,39 59:50.974,75 05:49.416,845, ,843, ,0, ,N, ,0, , , , , ,539508, , , ,1,0,0,0,0,0,1,0,0,0,0,1,1,0,0,0,0,0,0,0,0,0,0,0,0,0,0,0,0,0,0,0,0,0,0,4,0,39.9975,-75.0971, , 
 ,45980,2013043824,6,67,67301,2013,3,6,1555,15,1,1,0,8,1, , ,N,2,0,0,3,0,1,2,2,N,N,39 58:03.133,75 08:23.873,1630, ,1626,1,1,2,N, ,0,N, , , , ,539509, , , ,1,1,0,0,0,0,0,0,1,0,0,0,1,1,0,0,0,0,0,0,0,0,0,0,0,0,0,0,0,0,0,0,0,0,0,8,0,39.9675,-75.14, , 
 ,45981,2013050221,6,67,67301,2013,4,1,2131,21,3,1,1,6,1, , ,N,1,2,0,3,0,0,1,2,N,N,39 56:39.836,75 10:43.474,2135, ,2131, ,0, ,N, ,3, , , , , ,539515, , , ,2,2,0,0,0,0,0,0,0,0,0,0,0,0,0,0,0,0,0,0,0,0,0,0,0,0,0,0,0,0,0,0,0,0,0,0,0,39.9444,-75.1787, , 
 ,45982,2013053014,6,67,67301,2013,4,3,1150,11,1,1,0,4,1, , ,N,1,2,0,3,0,2,2,2,N,N,39 56:31.419,75 12:42.235,1154, ,1152, ,0, , , ,3, , , , , ,539518, , , ,2,1,0,0,0,0,0,1,0,0,0,1,2,1,0,0,0,0,0,0,0,0,0,0,0,0,0,0,0,0,0,0,0,0,0,4,0,39.9421,-75.2117, , 
 ,45983,2013024879,6,67,67301,2013,2,2,843,8,1,1,0,4,1, , ,N,0,0,0,3,0,0,2,2,N,N,39 57:14.706,75 11:23.186,846, ,845, ,0, ,N, ,0, , , , , ,539550, , , ,2,2,0,0,0,0,0,0,0,0,0,0,0,0,0,0,0,0,0,0,0,0,0,0,0,0,0,0,0,0,0,0,0,0,0,0,0,39.9541,-75.1898, , 
 ,45984,2013035068,6,67,67301,2013,3,6,1624,16,1,1,0,7,5, , ,N,0,0,0,3,0,0,1,1,N,N,39 55:46.057,75 14:35.274,1641, ,1629,1,1,1,N, ,0,Y, , , , ,536480, , , ,1,1,0,0,0,0,0,0,0,0,0,0,0,0,0,0,0,0,0,0,0,0,0,0,0,0,0,0,0,0,0,0,0,0,0,0,0,39.9295,-75.2431, , 
 ,45985,2013008886,6,67,67301,2013,1,4,2256,22,3,1,0,1,1, , ,N,2,2,7,3,0,1,2,2,N,N,39 59:07.644,75 15:30.753,2258, ,2257,1,2,2,N, ,3,N, , , , ,536500, , , ,2,2,0,0,0,0,0,0,0,0,0,1,1,0,0,0,0,0,0,0,1,0,0,0,0,0,0,0,0,0,0,0,0,0,0,4,0,39.9855,-75.2585, , 
 ,45986,2013012071,6,67,67301,2013,1,4,830,8,1,1,0,1,1, , ,N,0,2,0,3,0,2,4,2,N,N,40 02:08.178,75 04:13.632,830, ,830,1,1,3,N, ,3,N, , , , ,536504, , , ,2,1,0,1,0,0,0,0,0,0,0,2,2,0,0,0,0,0,0,0,1,0,0,0,0,0,0,0,0,0,0,0,0,0,0,4,1,40.0356,-75.0705, , 
 ,45987,2013012069,6,67,67301,2013,1,2,1420,14,1,1,0,4,1, , ,N,1,2,0,3,0,1,3,2,N,N,40 00:36.435,75 07:17.178,1513, ,1512, ,0, , , ,3, , , , , ,536558, , , ,2,2,0,0,0,0,0,0,0,0,0,1,1,0,1,0,0,0,0,0,0,0,0,0,0,0,0,0,0,0,0,0,0,0,0,4,0,40.0101,-75.1214, , 
 ,45988,2013030103,6,67,67301,2013,2,3,30,0,3,1,0,4,1, , ,N,1,3,0,3,0,2,3,2,N,N,39 57:06.454,75 12:44.668,103, ,101, ,0, ,N, ,3, , , , , ,536581, , , ,2,2,0,0,0,0,0,0,0,0,0,0,2,2,0,0,0,0,0,0,0,0,0,0,0,0,0,0,0,0,0,0,0,0,0,8,0,39.9518,-75.2124, , 
 ,45989,2013037416,6,67,67301,2013,3,4,730,7,1,1,0,8,1, , ,N,2,3,0,3,0,1,2,2,N,N,40 00:14.313,75 08:48.872,1402, ,1400, ,0, ,N, ,3, , , , , ,536611, , , ,1,1,0,0,0,0,0,0,0,0,0,1,1,0,0,0,0,0,0,0,0,0,0,1,0,0,0,0,0,0,0,0,1,0,0,4,0,40.004,-75.1469, , 
 ,45990,2013053919,6,67,67301,2013,5,1,215,2,3,1,1,2,1, , ,N,0,0,7,3,0,2,3,3,N,N,39 55:56.350,75 11:59.946,233, ,219,1,1,4,N, ,0,Y, , , , ,536625, , , ,3,3,0,0,0,0,0,0,0,0,0,2,2,0,0,0,0,0,0,0,0,0,0,2,0,0,0,0,0,0,0,0,0,0,0,4,0,39.9323,-75.2, , 
 ,45991,2013055904,6,67,67301,2013,5,5,1235,12,1,1,0,4,1, , ,N,0,2,0,3,0,1,3,2,N,N,39 57:12.164,75 11:55.231,1235, ,1235, ,0, ,N, ,3, , , , , ,536627, , , ,2,2,0,0,0,0,0,0,0,0,0,1,1,0,0,0,0,0,0,0,0,0,0,0,0,0,0,0,0,0,0,0,0,0,0,4,0,39.9534,-75.1987, , 
 ,45992,2013061062,6,67,67301,2013,5,5,110,1,3,2,1,7,7, , ,N,6,0,2,3,0,1,1,1,N,N,39 57:06.095,75 08:29.301,133, ,116, ,0, ,N, ,0, , , , , ,536632, , , ,1,1,0,0,0,0,0,0,0,0,0,1,1,0,0,0,0,0,0,1,0,0,0,1,0,0,0,0,0,0,0,0,0,0,0,4,0,39.9517,-75.1415, , 
 ,45993,2013070909,6,67,67301,2013,6,4,1600,16,1,1,0,8,1, , ,N,0,0,0,3,0,1,3,2,N,N,39 57:44.380,75 08:55.480,1606, ,1603, ,0, ,N, ,0, , , , , ,536635, , , ,1,1,0,0,0,0,0,0,0,0,0,0,1,1,0,0,0,0,0,0,0,0,0,0,0,0,0,0,0,0,0,0,1,0,0,8,0,39.9623,-75.1487, , 
 ,45994,2013029707,6,67,67301,2013,2,2,1130,11,1,1,0,4,1, , ,N,1,2,0,3,0,0,2,3,N, ,39 59:05.784,75 09:29.717,1141, ,1136, ,0, , , ,3, , , , , ,536661, , , ,3,3,0,0,0,0,0,0,0,0,0,0,0,0,0,0,0,0,0,0,0,0,0,0,0,0,0,0,0,0,0,0,0,0,0,0,0,39.9849,-75.1583, , 
 ,45995,2013029742,6,67,67301,2013,2,1,1912,19,3,1,0,4,1, , ,N,1,2,0,3,0,0,3,2,N,N,40 04:07.165,75 14:25.269,1916, ,1912, ,0, ,N, ,3, , , , , ,536662, , , ,2,2,0,0,0,0,0,0,0,0,0,0,0,0,0,0,0,0,0,0,1,0,0,0,0,0,0,0,0,0,0,0,0,0,0,0,0,40.0687,-75.2404, , 
 ,45996,2013037374,6,67,67301,2013,3,5,1914,19,3,1,0,5,1, , ,N,1,3,0,3,0,0,2,2,N,N,40 03:05.713,75 11:49.095,1930, ,1918,1,1,3,N, ,3,N, , , , ,536671, , , ,2,1,0,0,0,0,1,0,0,0,0,0,0,0,0,0,0,1,0,0,0,1,0,0,0,0,0,0,0,0,0,0,0,0,0,0,0,40.0516,-75.197, , 
 ,45997,2013053134,6,67,67301,2013,4,2,1221,12,1,1,0,8,1, , ,N,1,2,0,3,0,1,2,2,N,N,39 57:25.867,75 12:07.023,1221, ,1221, ,0, , , ,3, , , , , ,536680, , , ,1,1,0,0,0,0,0,0,0,0,0,0,1,1,0,0,0,0,0,0,0,0,0,0,0,0,0,0,0,0,0,0,1,0,0,8,0,39.9571,-75.2019, , 
 ,45998,2013055444,6,67,67301,2013,5,4,1228,12,1,1,0,7,5, , ,N,0,0,0,3,0,0,1,1,N, ,40 04:49.778,75 02:30.359,1230, ,1230, ,0, , , ,0, , , , , ,536686, , , ,1,1,0,0,0,0,0,0,0,0,0,0,0,0,0,0,0,0,0,0,1,0,0,0,0,0,0,0,0,0,0,0,0,0,0,0,0,40.0805,-75.0418, , 
 ,45999,2013016208,6,67,67301,2013,1,3,827,8,1,1,0,5,1, , ,N,0,0,0,3,0,2,2,3,N, ,39 56:50.172,75 10:01.761,834, ,829, ,0, , , ,0, , , , , ,536704, , , ,3,2,0,0,0,0,1,0,0,0,0,2,2,0,0,0,0,0,0,0,0,0,1,0,0,0,0,0,0,0,0,0,0,0,0,4,0,39.9473,-75.1672, , 
 ,46000,2013016220,6,67,67301,2013,1,7,2020,20,3,1,0,7,5, , ,N,1,2,0,3,0,1,1,1,N, ,39 55:10.311,75 14:34.799,2030, ,2027, ,0, , , ,3, , , , , ,536705, , , ,1,1,0,0,0,0,0,0,0,0,0,0,1,1,0,0,0,0,0,0,1,0,0,0,0,0,0,0,0,0,0,0,0,0,0,8,0,39.9195,-75.243, , 
 ,46001,2013043815,6,67,67301,2013,3,6,1035,10,1,1,0,4,1, , ,N,1,3,0,3,0,1,3,2,N, ,40 03:19.864,75 03:42.983,1049, ,1042, ,0, , , ,3, , , , , ,536731, , , ,2,1,0,0,1,0,0,0,0,0,0,0,1,1,0,0,0,0,0,0,2,0,0,1,0,0,0,0,0,0,0,0,0,0,0,8,0,40.0555,-75.0619, , 
 ,46002,2013042795,6,67,67301,2013,4,4,659,6,1,1,0,1,1, , ,N,0,0,0,3,0,1,3,3,N,N,40 01:06.771,75 02:48.860,713, ,701,1,1,1,N, ,0,N, , , , ,529392, , , ,3,1,0,0,0,0,2,0,0,0,0,1,1,0,0,0,0,0,0,0,0,0,0,0,0,0,0,0,0,0,0,0,0,0,0,4,0,40.0185,-75.0471, , 
 ,46003,2013046292,6,67,67301,2013,4,7,1806,18,1,1,0,4,1, , ,N,0,0,0,3,0,1,2,2,N, ,39 55:50.685,75 09:40.658,1811, ,1807, ,0, , , ,0, , , , , ,529395, , , ,2,2,0,0,0,0,0,0,0,0,0,1,1,0,0,0,0,0,0,0,0,0,0,1,0,0,0,0,0,0,0,0,0,0,0,4,0,39.9307,-75.1613, , 
 ,46004,2013055435,6,67,67301,2013,5,4,1153,11,1,1,0,5,1, , ,N,0,0,0,3,0,1,1,3,N,N,39 57:28.830,75 10:26.990,1159, ,1155,1,1,2,N, ,0,N, , , , ,529402, , , ,3,1,0,0,1,0,1,0,0,0,0,1,1,0,0,0,0,0,0,0,1,0,0,0,0,0,0,0,0,0,0,0,0,0,0,4,0,39.958,-75.1742, , 
 ,46005,2013018524,6,67,67301,2013,2,1,1057,10,1,1,0,7,2, , ,N,6,0,2,3,0,0,1,1,N,N,39 57:26.940,75 08:48.293,1106, ,1100,1,2,4,N, ,0,N, , , , ,529474, , , ,1,1,0,0,0,0,0,0,0,0,0,0,0,0,0,0,0,0,0,0,0,0,0,0,0,0,0,0,0,0,0,0,0,0,0,0,0,39.9575,-75.1467, , 
 ,46006,2013037160,6,67,67301,2013,3,2,1230,12,1,1,0,1,1, , ,N,0,0,0,3,0,1,4,3,N,N,39 59:08.064,75 05:36.037,1235, ,1232, ,0, ,N, ,0, , , , , ,529481, , , ,3,0,0,0,0,0,2,1,0,0,0,0,1,1,0,0,0,0,0,0,1,0,0,0,0,0,0,0,0,0,0,0,0,0,0,8,0,39.9855,-75.0935, , 
 ,46007,2013053087,6,67,67301,2013,4,5,1306,13,1,1,0,1,1, , ,N,1,2,0,3,0,2,5,2,N,N,40 03:55.668,75 03:09.739,1309, ,1308,1,1,2, , ,3,N, , , , ,529492, , , ,2,1,0,0,0,0,1,0,0,0,0,0,2,2,0,0,0,0,0,0,1,1,0,0,0,0,0,0,0,0,0,0,0,0,0,8,0,40.0655,-75.0525, , 
 ,46008,2013055375,6,67,67301,2013,5,3,2320,23,3,1,0,4,1, , ,N,1,2,0,3,0,0,3,2,N,N,39 59:50.247,75 05:21.971,2329, ,2322,2,1,1,N, ,3,N, , , , ,529495, , , ,2,1,0,0,0,0,1,0,0,0,0,0,0,0,0,0,0,0,0,0,1,0,0,0,0,0,0,0,0,0,0,0,0,0,0,0,0,39.9973,-75.0894, , 
 ,46009,2013061064,6,67,67301,2013,5,2,915,9,1,1,0,1,1, , ,N,0,0,0,3,0,1,4,3,N,N,39 58:38.769,75 06:44.300,926, ,926,1,1,1,N, ,0,N, , , , ,529501, , , ,3,1,0,0,1,0,1,0,0,0,0,1,1,0,0,0,0,0,0,0,1,0,0,0,0,0,0,0,0,0,0,0,0,0,0,4,0,39.9774,-75.1124, , 
 ,46010,2013009124,6,67,67301,2013,1,5,1425,14,1,1,0,1,1, , ,N,0,0,0,3,0,1,4,3,N,N,39 56:12.256,75 11:57.142,1500, ,1439,1,1,4,N, ,0,N, , , , ,529512, , , ,3,3,0,0,0,0,0,0,0,0,0,1,1,0,0,0,0,0,0,0,1,0,0,0,0,0,0,0,0,0,0,0,0,0,0,4,0,39.9357,-75.1997, , 
 ,46011,2013013204,6,67,67301,2013,1,5,745,7,1,1,0,4,1, , ,N,1,2,0,3,0,0,2,2,N,N,39 55:51.967,75 10:23.350,758, ,751, ,0, ,N, ,3, , , , , ,529517, , , ,2,2,0,0,0,0,0,0,0,0,0,0,0,0,0,0,0,0,0,0,1,0,0,0,0,0,0,0,0,0,0,0,0,0,0,0,0,39.9311,-75.1732, , 
 ,46012,2013016202,6,67,67301,2013,1,3,1508,15,1,1,0,4,1, , ,N,1,2,0,3,0,1,3,2,N,N,40 05:18.096,75 02:38.680,1508, ,1508,1,2,1,N, ,3,N, , , , ,529522, , , ,2,1,0,0,1,0,0,0,0,0,0,1,1,0,0,0,0,0,0,0,1,0,1,0,0,0,0,0,0,0,0,0,0,0,0,4,0,40.0884,-75.044, , 
 ,46013,2013016275,6,67,67301,2013,1,5,1635,16,1,1,0,4,1, , ,N,1,2,0,3,0,0,2,2,N,Y,40 01:47.237,75 03:36.393,1645, ,1641, ,0, ,N, ,3, , , , , ,529523, , , ,2,1,0,0,0,0,0,1,0,0,0,0,0,0,1,0,0,0,0,0,0,0,0,0,0,0,0,0,0,0,0,0,0,0,0,9,0,40.0298,-75.0601, , 
 ,46014,2013036671,6,67,67301,2013,2,6,940,9,1,1,0,1,1, , ,N,0,0,0,3,0,1,2,2,N,N,39 57:18.370,75 10:29.267,1000, ,957,9,1,2,N, ,0,N, , , , ,529538, , , ,2,2,0,0,0,0,0,0,0,0,0,0,1,1,0,0,0,0,0,0,0,0,0,0,0,0,0,0,0,0,0,0,0,0,0,8,0,39.9551,-75.1748, , 
 ,46015,2013046379,6,67,67301,2013,4,3,1750,17,1,1,0,4,1, , ,N,1,2,0,3,0,1,3,2,N, ,39 59:05.017,75 08:38.576,1810, ,1800, ,0, , , ,3, , , , , ,529547, , , ,2,1,0,0,1,0,0,0,0,0,0,1,1,0,0,0,0,0,0,0,1,0,0,0,0,0,0,0,0,0,0,0,0,0,0,4,0,39.9847,-75.144, , 
 ,46016,2013049755,6,67,67301,2013,4,4,912,9,1,1,0,1,1, , ,N,0,0,0,3,0,2,3,3,N,N,39 57:27.995,75 09:40.079,932, ,912,2,1,4,N, ,0,N, , , , ,529551, , , ,3,1,0,0,0,0,2,0,0,0,0,1,2,1,0,0,0,0,0,0,0,0,0,0,0,0,0,0,0,0,0,0,0,0,0,4,0,39.9578,-75.1611, , 
 ,46017,2013006145,6,67,67301,2013,1,4,1628,16,1,1,0,1,1, , ,N,0,2,0,3,0,3,6,3,N,N,40 06:09.861,75 02:16.579,1635, ,1630, ,0, ,N, ,3, , , , , ,529554, , , ,3,2,0,0,0,0,1,0,0,0,0,1,3,2,2,0,0,0,0,0,0,0,0,0,0,0,0,0,0,0,0,0,0,0,0,4,0,40.1027,-75.0379, , 
 ,46018,2013022774,6,67,67301,2013,1,2,1030,10,1,2,1,7,5, , ,N,0,0,0,3,0,1,1,1,N,N,39 56:03.275,75 12:00.001,1038, ,1030,3,2,4,N, ,0,N, , , , ,529565, , , ,1,0,0,0,0,0,1,0,0,0,1,0,1,0,0,0,0,0,0,0,0,0,0,1,0,0,0,0,0,0,0,0,0,0,0,3,0,39.9341,-75.2, , 
 ,46019,2013055429,6,67,67301,2013,5,3,800,8,1,1,0,4,1, , ,N,1,3,0,3,0,2,2,2,N, ,40 01:39.370,75 05:13.538,805, ,801, ,0, , , ,3, , , , , ,529586, , , ,2,2,0,0,0,0,0,0,0,0,1,1,2,0,0,0,0,0,0,0,0,0,0,0,0,0,0,0,0,0,0,0,0,0,0,3,0,40.0276,-75.0871, , 
 ,46020,2013043788,6,67,67301,2013,3,6,1444,14,1,1,0,7,2, , ,N,0,0,0,3,0,0,1,2,N,N,40 05:08.668,74 58:11.723,1449, ,1446, ,0, , , ,0, , , , , ,532872, , , ,1,1,0,0,0,0,0,0,0,0,0,0,0,0,0,0,0,0,0,0,0,0,0,0,0,0,0,0,0,0,0,0,0,0,0,0,0,40.0857,-74.9699, , 
 ,46021,2013070936,6,67,67301,2013,6,5,1643,16,1,1,0,7,5, , ,N,2,3,0,3,0,1,1,2,N,N,39 54:26.334,75 13:41.041,1750, ,1746, ,0, ,N, ,3, , , , , ,532918, , , ,2,1,0,0,0,0,0,1,0,0,0,0,1,1,0,0,0,0,0,1,0,0,0,0,0,0,0,0,0,0,0,0,0,0,0,8,0,39.9073,-75.2281, , 
 ,46022,2013023508,6,67,67301,2013,1,4,1045,10,1,1,0,4,1, , ,N,0,0,0,3,0,1,3,2,N,N,40 02:01.469,75 08:44.823,1105, ,1100,2,2,5,N, ,0,Y, , , , ,532933, , , ,2,1,0,0,0,0,1,0,0,0,0,1,1,0,0,0,0,0,0,0,1,0,0,0,0,0,0,0,0,0,0,0,0,0,0,4,0,40.0337,-75.1458, , 
 ,46023,2013037945,6,67,67301,2013,4,3,1510,15,1,1,0,1,1, , ,N,0,0,0,3,0,3,4,2,N,N,39 57:35.911,75 10:42.928,1530, ,1517,1,1,4,N, ,0,N, , , , ,532947, , , ,2,1,0,0,0,1,0,0,0,0,0,3,3,0,0,0,0,0,0,0,0,0,0,0,0,0,0,0,0,0,0,0,0,0,0,4,1,39.96,-75.1786, , 
 ,46024,2013044123,6,67,67301,2013,3,4,1554,15,1,1,0,4,1, , ,N,1,3,0,3,0,0,2,2,N,N,40 03:05.713,75 11:49.095,1600, ,1556, ,0, ,N, ,3, , , , , ,532953, , , ,2,1,0,0,0,0,1,0,0,0,0,0,0,0,0,0,0,0,0,0,0,0,0,0,0,0,0,0,0,0,0,0,0,0,0,0,0,40.0516,-75.197, , 
 ,46025,2013046445,6,67,67301,2013,4,2,1900,19,3,1,0,8,2, , ,N,0,0,0,3,0,1,2,2,N, ,40 01:19.063,75 09:04.492,9999, ,9999, ,0, , , ,0, , , , , ,532957, , , ,1,1,0,0,0,0,0,0,0,0,1,0,1,0,0,0,0,0,0,0,0,0,0,0,0,0,0,0,0,0,0,0,1,0,0,3,0,40.022,-75.1512, , 
Y,46026,2013052709,6,67,67301,2013,5,1,1230,12,1,1,0,1,1,1,4,Y,0,0,0,3,0,0,2,2,N,N,40 01:14.359,75 02:32.834,1242,45,1232,2,1,1,N, ,0,N,N,N,N,N,532962,Y,N,Y,2,2,0,0,0,0,0,0,0,0,0,0,0,0,0,0,0,0,0,1,0,0,0,0,0,0,0,0,0,0,0,0,0,0,0,0,0,40.0206,-75.0426, , 
 ,46027,2013016151,6,67,67301,2013,1,7,710,7,1,2,1,5,1, , ,N,2,2,7,3,0,1,2,2,N,N,40 01:52.654,75 01:18.461,715, ,713, ,0, , , ,3, , , , , ,532979, , , ,2,1,0,0,0,0,1,0,0,0,0,0,1,1,0,0,0,0,0,0,2,0,0,0,0,0,0,0,0,0,0,0,0,0,0,8,0,40.0312,-75.0217, , 
 ,46028,2013035167,6,67,67301,2013,3,3,1525,15,1,2,1,4,1, , ,N,1,3,0,3,0,2,2,2,N,N,40 01:12.208,75 03:22.150,1635, ,1628, ,0, ,N, ,3, , , , , ,532995, , , ,2,2,0,0,0,0,0,0,0,0,0,0,2,2,0,0,0,0,0,0,0,0,0,0,0,0,0,0,0,0,0,0,0,0,0,8,0,40.0201,-75.0562, , 
 ,46029,2013036670,6,67,67301,2013,3,5,900,9,1,1,0,4,1, , ,N,1,2,0,3,0,1,3,5,N,Y,39 56:15.867,75 13:32.487,915, ,912, ,0, , , ,3, , , , , ,532996, , , ,5,4,0,0,0,0,0,0,0,0,1,0,1,0,2,0,0,0,0,0,2,0,0,0,0,0,0,0,0,0,0,0,0,0,0,3,0,39.9377,-75.2257, , 
 ,46030,2013037338,6,67,67301,2013,3,5,1900,19,1,1,0,4,1, , ,N,1,2,0,3,0,2,5,2,N,N,39 57:59.706,75 12:48.689,1905, ,1900, ,0, ,N, ,3, , , , , ,532997, , , ,2,1,0,0,0,0,0,1,0,0,0,2,2,0,0,0,0,0,0,0,0,1,0,0,0,0,0,0,0,0,0,0,0,0,0,4,0,39.9666,-75.2135, , 
 ,46031,2013055586,6,67,67301,2013,5,1,1508,15,1,1,0,4,1, , ,N,1,2,0,3,0,3,3,2,N,N,40 02:25.152,75 00:55.542,1515, ,1510,1,1,1,N, ,3,N, , , , ,533010, , , ,2,1,0,0,0,0,1,0,0,0,0,0,3,3,0,0,0,0,0,0,0,0,1,1,0,0,0,0,0,0,0,0,0,0,0,8,0,40.0403,-75.0154, , 
 ,46032,2013065373,6,67,67301,2013,5,6,1708,17,1,1,0,4,1, , ,N,0,0,0,3,0,1,2,2,N,N,39 59:29.610,75 06:01.448,1720, ,1710, ,0, ,N, ,0, , , , , ,533018, , , ,2,1,0,1,0,0,0,0,0,0,0,1,1,0,0,0,0,0,0,0,1,0,0,1,0,0,0,0,0,0,0,0,0,0,0,4,1,39.9916,-75.1004, , 
 ,46033,2013022194,6,67,67301,2013,1,2,9999,99,3,4,5,1,1, , ,N,0,0,3,3,0,1,3,2,N, ,39 55:10.887,75 12:10.194,9999, ,9999,2,1,4, , ,0,Y, , , , ,533038, , , ,2,2,0,0,0,0,0,0,0,0,1,0,1,0,0,0,0,0,0,0,0,0,0,0,0,0,0,0,0,0,0,0,0,0,0,3,0,39.9197,-75.2027, , 
 ,46034,2013035196,6,67,67301,2013,3,2,1706,17,1,1,0,4,1, , ,N,1,0,0,3,0,0,2,2,N,N,40 02:28.777,75 10:32.714,1719, ,1713, ,0, ,N, ,0, , , , , ,533053, , , ,2,2,0,0,0,0,0,0,0,0,0,0,0,0,0,0,0,0,0,0,1,0,0,0,0,0,0,0,0,0,0,0,0,0,0,0,0,40.0413,-75.1758, , 
 ,46035,2013047263,6,67,67301,2013,4,3,1644,16,1,1,0,4,1, , ,N,0,2,0,3,0,1,2,2,N,N,40 04:28.439,75 05:05.393,1652, ,1646, ,0, ,N, ,3, , , , , ,533066, , , ,2,0,0,1,0,0,1,0,0,0,0,0,1,1,0,0,0,0,0,0,0,0,0,0,0,0,0,0,0,0,0,0,0,0,0,8,1,40.0746,-75.0848, , 
 ,46036,2013016158,6,67,67301,2013,1,5,735,7,1,1,0,7,5, , ,N,0,0,0,3,0,0,2,1,N, ,40 01:57.140,75 09:50.216,745, ,737, ,0, , , ,0, , , , , ,533075, , , ,1,1,0,0,0,0,0,0,0,0,0,0,0,0,0,0,0,0,0,0,0,0,0,1,0,0,0,0,0,0,0,0,0,0,0,0,0,40.0325,-75.1639, , 
 ,46037,2013022308,6,67,67301,2013,1,7,1135,11,1,1,0,1,1, , ,N,2,2,0,3,0,0,2,2,N,N,40 00:25.981,75 07:24.378,1143, ,1139, ,0, ,N, ,3, , , , , ,533079, , , ,2,1,0,0,1,0,0,0,0,0,0,0,0,0,1,0,0,0,0,0,0,0,0,0,0,0,0,0,0,0,0,0,0,0,0,9,0,40.0072,-75.1234, , 
 ,46038,2013024910,6,67,67301,2013,2,6,1304,13,1,1,0,4,1, , ,N,0,0,0,3,0,1,1,2,N,N,40 01:47.020,75 03:36.003,1322, ,1320,1,2,4, , ,0,Y, , , , ,539551, , , ,2,2,0,0,0,0,0,0,0,0,0,1,1,0,0,0,0,0,0,0,0,0,0,0,0,0,0,0,0,0,0,0,0,0,0,4,0,40.0297,-75.06, , 
 ,46039,2013029807,6,67,67301,2013,2,7,1309,13,1,1,0,4,1, , ,N,1,3,0,3,0,1,2,2,N, ,39 58:54.156,75 08:42.853,1313, ,1311, ,0, , , ,3, , , , , ,539558, , , ,2,1,0,0,0,0,1,0,0,0,0,1,1,0,0,0,0,0,0,0,0,0,0,0,0,0,0,0,0,0,0,0,0,0,0,4,0,39.9817,-75.1452, , 
 ,46040,2013042805,6,67,67301,2013,4,7,1418,14,1,1,0,1,1, , ,N,1,2,0,3,0,1,6,2,N,N,39 58:25.802,75 07:22.009,1452, ,1446, ,0, ,N, ,3, , , , , ,539572, , , ,2,2,0,0,0,0,0,0,0,0,0,0,1,1,0,0,0,0,1,0,1,0,0,0,0,0,0,0,0,0,0,0,0,0,0,8,0,39.9738,-75.1228, , 