wz_ln_closure,objectid_1,crn,district,county,municipality,crash_year,crash_month,day_of_week,time_of_day,hour_of_day,illumination,weather,road_condition,collision_type,relation_to_road,work_zone_type,work_zone_loc,work_zone_ind,intersect_type,tcd_type,location_type,urban_rural,fatal_count,injury_count,person_count,total_units,sch_bus_ind,sch_zone_ind,latitude,longitude,arrival_tm,cons_zone_spd_lim,dispatch_tm,est_hrs_closed,lane_closed,ln_close_dir,ntfy_hiwy_maint,spec_juris_cd,tcd_func_cd,tfc_detour_ind,workers_pres,wz_close_detour,wz_flagger,wz_law_offcr_ind,objectid,wz_moving,wz_other,wz_shlder_mdn,vehicle_count,automobile_count,motorcycle_count,bus_count,small_truck_count,heavy_truck_count,suv_count,van_count,bicycle_count,maj_inj_count,mod_inj_count,min_inj_count,tot_inj_count,unk_inj_deg_count,unk_inj_per_count,driver_count_16yr,driver_count_17yr,driver_count_18yr,driver_count_19yr,driver_count_20yr,driver_count_50_64yr,driver_count_65_74yr,driver_count_75plus,unbelted_occ_count,unb_death_count,unb_maj_inj_count,belted_death_count,belted_maj_inj_count,mcycle_death_count,mcycle_maj_inj_count,bicycle_death_count,bicycle_maj_inj_count,ped_count,ped_death_count,ped_maj_inj_count,max_severity_level,comm_veh_count,dec_lat,dec_long,rdwy_surf_type_cd,county_name
 ,46041,2013024892,6,67,67301,2013,2,4,1215,12,1,1,0,8,1, , ,N,2,2,0,3,0,1,2,2,N, ,39 56:55.789,75 08:51.234,1240, ,1224, ,0, , , ,3, , , , , ,539589, , , ,1,0,0,0,0,0,1,0,0,0,0,0,1,1,0,0,0,0,0,0,0,0,0,0,0,0,0,0,0,0,0,0,1,0,0,8,0,39.9488,-75.1476, , 
 ,46042,2013026945,6,67,67301,2013,2,6,1810,18,3,2,1,8,1, , ,N,1,2,0,3,0,1,2,2,N,N,40 00:51.572,75 04:15.064,1815, ,1813, ,0, ,N, ,3, , , , , ,539590, , , ,1,0,0,1,0,0,0,0,0,0,0,1,1,0,0,0,0,0,0,0,0,0,0,0,0,0,0,0,0,0,0,0,1,0,0,4,1,40.0143,-75.0709, , 
 ,46043,2013053257,6,67,67301,2013,5,1,1338,13,1,1,0,1,1, , ,N,0,0,0,3,0,1,3,2,N,N,39 58:38.556,75 06:44.713,1351, ,1351,2,1,1,N, ,0,N, , , , ,539614, , , ,2,2,0,0,0,0,0,0,0,0,0,0,1,1,0,0,0,0,0,0,1,0,0,1,0,0,0,0,0,0,0,0,0,0,0,8,0,39.9773,-75.1125, , 
 ,46044,2013054365,6,67,67301,2013,4,5,719,7,1,1,0,5,1, , ,N,0,0,0,3,0,0,3,3,N,N,39 56:41.671,75 11:27.673,720, ,720,1,1,3,N, ,0,N, , , , ,539616, , , ,3,2,0,0,0,0,1,0,0,0,0,0,0,0,0,0,0,0,0,0,1,0,0,0,0,0,0,0,0,0,0,0,0,0,0,0,0,39.9449,-75.191, , 
Y,46045,2013013581,6,67,67301,2013,1,7,322,3,3,1,0,1,2,8,4,Y,0,8,0,3,0,1,1,2,N,N,39 59:21.747,75 05:14.768,322,55,322,2,2,1,N, ,3,Y,Y,N,N,Y,539631,N,N,Y,2,0,0,0,1,0,1,0,0,0,1,0,1,0,0,0,0,0,0,0,0,0,0,0,0,0,0,0,0,0,0,0,0,0,0,3,0,39.9893,-75.0875, , 
 ,46046,2013035589,6,67,67301,2013,3,6,13,0,3,1,0,1,1, , ,N,1,2,0,3,0,1,2,2,N,N,39 56:19.388,75 13:27.483,16, ,16, ,0, ,N, ,3, , , , , ,539648, , , ,2,2,0,0,0,0,0,0,0,0,0,1,1,0,0,0,0,0,0,0,0,0,0,0,0,0,0,0,0,0,0,0,0,0,0,4,0,39.9387,-75.2243, , 
 ,46047,2013043406,6,67,67301,2013,3,7,2020,20,3,1,0,4,6, , ,N,0,0,0,3,0,0,1,2,N,N,40 02:32.673,75 13:34.575,2025, ,2020, ,0, ,N, ,0, , , , , ,539651, , , ,2,1,0,0,0,0,1,0,0,0,0,0,0,0,1,0,0,0,0,0,1,0,0,0,0,0,0,0,0,0,0,0,0,0,0,9,0,40.0424,-75.2263, , 
 ,46048,2013055410,6,67,67301,2013,5,1,1430,14,1,1,0,4,1, , ,N,1,3,0,3,0,1,3,2,N,N,39 57:44.978,75 11:18.106,1440, ,1435, ,0, ,N, ,3, , , , , ,539664, , , ,2,1,0,0,0,0,1,0,0,0,0,0,1,1,0,0,0,0,0,0,1,0,0,0,0,0,0,0,0,0,0,0,0,0,0,8,0,39.9625,-75.1884, , 
 ,46049,2013065356,6,67,67301,2013,5,6,1330,13,1,1,0,8,1, , ,N,1,2,0,3,0,1,2,2,N, ,39 58:46.036,75 13:31.401,1413, ,1351, ,0, , , ,3, , , , , ,539668, , , ,1,0,0,0,1,0,0,0,0,0,1,0,1,0,0,0,0,0,0,0,1,0,0,0,0,0,0,0,0,0,0,0,1,0,0,3,0,39.9794,-75.2253, , 
 ,46050,2013065507,6,67,67301,2013,5,7,1220,12,1,1,0,4,1, , ,N,1,3,0,3,0,2,5,2,N, ,39 57:08.535,75 09:17.776,1235, ,1227,1,1,3, , ,3,N, , , , ,539669, , , ,2,1,0,1,0,0,0,0,0,0,0,0,2,2,0,0,0,0,0,0,0,0,0,0,0,0,0,0,0,0,0,0,0,0,0,8,1,39.9524,-75.1549, , 
 ,46051,2013050469,6,67,67301,2013,5,5,742,7,1,1,0,1,1, , ,N,0,0,0,3,0,1,2,2,N,N,40 00:02.503,75 11:41.175,744, ,744, ,0, ,N, ,0, , , , , ,539714, , , ,2,1,0,0,0,0,1,0,0,0,0,1,1,0,0,0,0,0,0,0,0,0,0,0,0,0,0,0,0,0,0,0,0,0,0,4,0,40.0007,-75.1948, , 
 ,46052,2013026976,6,67,67301,2013,1,7,157,1,3,1,1,7,4, , ,N,0,0,0,3,1,1,2,1,N,N,40 01:26.542,75 07:54.467,200, ,157,5,2,1,N,0,0,Y, , , , ,539732, , , ,1,1,0,0,0,0,0,0,0,1,0,0,1,0,0,0,0,0,0,0,0,0,0,0,0,0,0,0,0,0,0,0,0,0,0,1,0,40.024,-75.1318,2, 
 ,46053,2013041360,6,67,67301,2013,3,7,2324,23,3,1,1,7,2, , ,N,0,0,0,3,0,0,1,1,N,N,39 54:32.789,75 14:31.699,2, ,1357,2,1,2,N, ,0,N, , , , ,539745, , , ,1,0,0,0,0,0,1,0,0,0,0,0,0,0,0,0,0,0,0,0,0,0,0,0,0,0,0,0,0,0,0,0,0,0,0,0,0,39.9091,-75.2421, , 
 ,46054,2013047350,6,67,67301,2013,4,7,303,3,3,1,0,1,1, , ,N,0,2,0,3,0,2,3,2,N,N,40 02:39.613,75 03:14.353,310, ,305,1,1,4,N, ,3,Y, , , , ,539750, , , ,2,2,0,0,0,0,0,0,0,0,0,2,2,0,0,0,0,0,0,0,1,0,0,0,0,0,0,0,0,0,0,0,0,0,0,4,0,40.0443,-75.054, , 
 ,46055,2013055918,6,67,67301,2013,4,4,1450,14,1,1,0,4,1, , ,N,0,0,0,3,0,1,3,2,N,N,39 57:45.963,75 10:40.599,1459, ,1459, ,0, , , ,0, , , , , ,539760, , , ,2,2,0,0,0,0,0,0,0,0,0,1,1,0,0,0,0,0,0,0,1,0,0,0,0,0,0,0,0,0,0,0,0,0,0,4,0,39.9628,-75.1779, , 
 ,46056,2013046453,6,67,67301,2013,3,1,1609,16,1,2,1,4,1, , ,N,1,0,0,3,0,0,4,2,N,N,40 02:08.080,75 07:25.889,1613, ,1610, ,0, ,N, ,0, , , , , ,536732, , , ,2,1,0,0,1,0,0,0,0,0,0,0,0,0,0,0,0,0,0,0,1,0,0,0,0,0,0,0,0,0,0,0,0,0,0,0,0,40.0356,-75.1239, , 
 ,46057,2013047215,6,67,67301,2013,4,7,15,0,3,2,1,4,1, , ,N,1,2,0,3,0,4,4,2,N,N,40 02:39.450,75 03:14.767,29, ,20, ,0, ,N, ,3, , , , , ,536734, , , ,2,2,0,0,0,0,0,0,0,0,0,4,4,0,0,0,0,0,0,0,2,0,0,0,0,0,0,0,0,0,0,0,0,0,0,4,0,40.0443,-75.0541, , 
 ,46058,2013007244,6,67,67301,2013,1,3,22,0,3,1,0,7,5, , ,N,0,0,0,3,0,2,2,1,N,N,40 01:07.162,75 11:24.065,26, ,25, ,0, ,Y, ,0, , , , , ,536741, , , ,1,0,0,0,0,0,1,0,0,0,0,2,2,0,0,0,0,0,0,0,0,0,0,0,0,0,0,0,0,0,0,0,0,0,0,4,0,40.0187,-75.19, , 
 ,46059,2013016153,6,67,67301,2013,1,1,941,9,1,1,0,4,1, , ,N,1,2,0,3,0,1,3,3,N, ,39 57:25.376,75 14:45.124,949, ,941, ,0, , , ,3, , , , , ,536752, , , ,3,1,0,0,0,0,0,1,0,0,0,1,1,0,0,0,0,0,0,0,1,0,0,0,0,0,0,0,0,0,0,0,0,0,0,4,0,39.957,-75.2459, , 
 ,46060,2013016263,6,67,67301,2013,1,7,220,2,3,6,1,7,4, , ,N,0,0,0,3,0,0,1,1,N,N,39 57:21.979,75 11:04.904,249, ,240, ,0, ,N, ,0, , , , , ,536753, , , ,1,1,0,0,0,0,0,0,0,0,0,0,0,0,0,0,0,0,0,0,0,0,0,0,0,0,0,0,0,0,0,0,0,0,0,0,0,39.9561,-75.1847, , 
 ,46061,2013023536,6,67,67301,2013,1,6,9999,99,1,1,0,8,2, , ,N,1,0,0,3,0,1,2,2,N, ,39 56:53.268,75 09:38.552,9999, ,422, ,0, , , ,0, , , , , ,536762, , , ,1,0,0,0,1,0,0,0,0,0,0,1,1,0,0,0,0,0,0,0,0,0,0,0,0,0,0,0,0,0,0,0,1,0,0,4,0,39.9481,-75.1607, , 
 ,46062,2013028598,6,67,67301,2013,3,6,744,7,1,1,0,1,1, , ,N,0,0,0,3,0,0,3,3,N,N,39 57:28.771,75 09:48.730,758, ,748, ,0, ,N, ,0, , , , , ,536772, , , ,3,3,0,0,0,0,0,0,0,0,0,0,0,0,0,0,0,0,0,0,0,0,0,0,0,0,0,0,0,0,0,0,0,0,0,0,0,39.958,-75.1635, , 
 ,46063,2013035135,6,67,67301,2013,2,3,9999,99,1,2,1,4,1, , ,N,1,2,0,3,0,1,3,2,N,N,39 55:02.019,75 14:14.620,1235, ,1228,1,2,7, , ,3,Y, , , , ,536784, , , ,2,1,0,0,0,1,0,0,0,0,0,1,1,0,0,0,0,0,0,0,0,0,0,0,0,0,0,0,0,0,0,0,0,0,0,4,1,39.9172,-75.2374, , 
 ,46064,2013043761,6,67,67301,2013,3,4,1150,11,1,1,0,4,1, , ,N,3,2,0,3,0,0,2,2,N,N,39 59:15.720,75 12:58.139,1220, ,1155, ,0, ,N, ,3, , , , , ,536818, , , ,2,2,0,0,0,0,0,0,0,0,0,0,0,0,0,0,0,0,0,0,1,0,0,0,0,0,0,0,0,0,0,0,0,0,0,0,0,39.9877,-75.2161, , 
 ,46065,2013050224,6,67,67301,2013,4,1,915,9,1,1,0,8,1, , ,N,5,0,0,3,0,1,2,2,N,N,39 55:29.415,75 10:22.201,955, ,951, ,0, , , ,0, , , , , ,536821, , , ,1,0,0,0,0,0,0,0,0,0,0,0,1,1,0,0,0,0,0,0,0,0,0,0,0,0,0,0,0,0,0,0,1,0,0,8,0,39.9248,-75.173, , 
 ,46066,2013032511,6,67,67301,2013,2,2,9999,99,1,1,0,4,1, , ,N,1,2,0,3,0,1,2,2,N,N,39 57:40.669,75 08:53.470,937, ,933, ,0, ,N, ,3, , , , , ,536851, , , ,2,2,0,0,0,0,0,0,0,0,0,0,1,1,0,0,0,0,0,0,0,0,0,0,0,0,0,0,0,0,0,0,0,0,0,8,0,39.9613,-75.1482, , 
 ,46067,2013050350,6,67,67301,2013,4,1,1545,15,1,1,0,1,1, , ,N,1,2,0,3,0,1,2,2,N,N,40 01:56.185,75 03:03.545,9999, ,9999, ,0, ,N, ,3, , , , , ,536862, , , ,2,1,0,0,0,0,1,0,0,0,0,1,1,0,1,0,0,0,0,0,1,0,0,0,0,0,0,0,0,0,0,0,0,0,0,4,0,40.0323,-75.051, , 
 ,46068,2013050357,6,67,67301,2013,4,2,1720,17,1,1,0,4,1, , ,N,0,0,0,3,0,1,2,2,N, ,40 02:45.998,75 05:58.091,1727, ,1727,9,1,1,N, ,0,N, , , , ,536863, , , ,2,1,0,0,0,0,1,0,0,0,0,1,1,0,0,0,0,0,0,0,0,0,0,0,0,0,0,0,0,0,0,0,0,0,0,4,0,40.0461,-75.0995, , 
 ,46069,2013057787,6,67,67301,2013,5,2,1915,19,4,1,0,4,1, , ,N,1,3,0,3,0,2,3,2,N,N,39 59:49.311,75 08:31.142,9999, ,9999, ,0, ,N, ,3, , , , , ,536870, , , ,2,1,0,0,0,0,0,1,0,0,0,2,2,0,0,0,0,0,0,1,0,1,0,0,0,0,0,0,0,0,0,0,0,0,0,4,0,39.997,-75.142, , 
 ,46070,2013065503,6,67,67301,2013,5,6,2315,23,2,2,1,7,5, , ,N,0,0,0,3,0,1,1,1,N, ,40 02:03.386,75 12:34.335,2330, ,2321, ,0, , , ,0, , , , , ,536878, , , ,1,1,0,0,0,0,0,0,0,0,0,1,1,0,0,0,0,0,0,0,0,0,0,1,0,0,0,0,0,0,0,0,0,0,0,4,0,40.0343,-75.2095, , 
Y,46071,2013003325,6,67,67301,2013,1,2,2125,21,3,1,0,1,1,2,4,Y,0,0,0,3,0,1,1,2,N,N,40 00:54.206,75 03:14.124,2125,55,2125, ,0, ,N, ,0, ,Y,N,N,Y,536883,Y,N,Y,2,1,0,0,0,0,0,0,0,0,0,1,1,0,0,0,0,0,0,0,0,0,0,0,0,0,0,0,0,0,0,0,0,0,0,4,0,40.015,-75.054, , 
 ,46072,2013026942,6,67,67301,2013,2,7,1049,10,1,4,4,7,4, , ,N,0,0,0,3,0,1,1,1,N,N,40 01:12.532,75 02:29.695,1049, ,1049,9,1,1,N, ,0,N, , , , ,536903, , , ,1,1,0,0,0,0,0,0,0,0,0,0,1,1,0,0,0,0,0,0,1,0,0,0,0,0,0,0,0,0,0,0,0,0,0,8,0,40.0201,-75.0416, , 
 ,46073,2013031488,6,67,67301,2013,2,1,2025,20,3,1,0,8,1, , ,N,2,2,0,3,0,1,2,2,N, ,40 02:32.444,75 03:25.605,2041, ,2032,1,1,2, , ,3,N, , , , ,536906, , , ,1,0,0,0,0,0,0,0,0,0,0,1,1,0,0,0,0,0,0,0,0,0,0,0,0,0,0,0,0,0,0,0,1,0,0,4,0,40.0423,-75.0571, , 
 ,46074,2013070415,6,67,67301,2013,5,1,20,0,3,2,1,1,1, , ,N,1,2,0,3,0,0,2,2,N, ,40 03:23.817,75 00:47.353,29, ,21,2,1,4, , ,3,N, , , , ,529600, , , ,2,1,0,0,1,0,0,0,0,0,0,0,0,0,0,0,0,0,1,0,1,0,0,0,0,0,0,0,0,0,0,0,0,0,0,0,0,40.0564,-75.0128, , 
 ,46075,2013016233,6,67,67301,2013,1,6,1815,18,2,2,1,8,1, , ,N,0,0,0,3,0,1,2,2,N,N,40 03:41.138,75 05:01.930,1843, ,1839, ,0, , , ,0, , , , , ,529612, , , ,1,1,0,0,0,0,0,0,0,0,0,1,1,0,0,0,0,0,0,0,1,0,0,0,0,0,0,0,0,0,0,0,1,0,0,4,0,40.0614,-75.0839, , 
 ,46076,2013019417,6,67,67301,2013,2,2,347,3,3,1,0,7,4, , ,N,0,0,0,3,0,1,1,1,N,N,39 58:57.309,75 12:27.900,349, ,348,1,1,4,N, ,0,Y, , , , ,529617, , , ,1,1,0,0,0,0,0,0,0,0,0,1,1,0,0,0,0,0,0,0,0,0,0,0,0,0,0,0,0,0,0,0,0,0,0,4,0,39.9826,-75.2078, , 
 ,46077,2013035199,6,67,67301,2013,3,7,2046,20,3,1,0,4,1, , ,N,0,0,7,3,0,2,2,2,N,N,40 04:35.338,74 58:44.044,2050, ,2047, ,0, , , ,0, , , , , ,529633, , , ,2,1,1,0,0,0,0,0,0,0,0,0,2,2,0,0,0,0,0,0,0,0,0,0,0,0,0,0,0,0,0,0,0,0,0,8,0,40.0765,-74.9789, , 
 ,46078,2013037387,6,67,67301,2013,3,4,800,8,1,1,0,8,1, , ,N,1,2,0,3,0,1,2,2,N,Y,40 03:08.516,75 14:10.540,810, ,803, ,0, , , ,3, , , , , ,529634, , , ,1,1,0,0,0,0,0,0,0,0,0,1,1,0,0,0,0,0,0,0,0,0,0,1,0,0,0,0,0,0,0,0,1,0,0,4,0,40.0524,-75.2363, , 
 ,46079,2013043167,6,67,67301,2013,4,6,1727,17,1,1,0,1,1, , ,N,0,0,0,3,0,1,2,2,N,N,39 59:43.665,75 11:51.875,1738, ,1731, ,0, ,N, ,0, , , , , ,529637, , , ,2,2,0,0,0,0,0,0,0,0,0,0,1,1,0,0,0,0,0,0,1,0,0,0,0,0,0,0,0,0,0,0,0,0,0,8,0,39.9955,-75.1977, , 
 ,46080,2013050311,6,67,67301,2013,4,2,1100,11,1,1,0,4,1, , ,N,2,0,0,3,0,1,4,2,N,N,39 57:29.836,75 11:20.929,1101, ,1101, ,0, ,N, ,0, , , , , ,529642, , , ,1,1,0,0,0,0,0,0,1,0,0,0,1,1,0,0,0,0,0,0,0,0,0,0,0,0,0,0,0,0,0,0,0,0,0,8,0,39.9583,-75.1891, , 
 ,46081,2013012009,6,67,67301,2013,1,3,2023,20,3,1,0,7,2, , ,N,1,2,0,3,0,2,2,1,N,N,40 00:25.549,75 05:38.543,2054, ,2053,1,1,1, , ,3,N, , , , ,529655, , , ,1,1,0,0,0,0,0,0,0,1,0,1,2,0,0,0,0,0,0,0,0,1,0,0,0,0,0,1,0,0,0,0,0,0,0,2,0,40.0071,-75.094, , 
 ,46082,2013046242,6,67,67301,2013,4,6,2202,22,3,1,0,4,1, , ,N,0,0,7,3,0,8,8,2,N,N,40 00:21.744,75 12:57.885,2235, ,2226,3,2,1, , ,0,Y, , , , ,529677, , , ,2,0,0,0,1,0,0,0,0,0,1,7,8,0,0,0,0,0,0,0,0,0,0,0,0,0,0,0,0,0,0,0,0,0,0,3,0,40.006,-75.2161, , 
 ,46083,2013062607,6,67,67301,2013,5,7,2200,22,3,2,1,8,1, , ,N,2,0,7,3,0,1,3,2,N, ,39 59:26.114,75 07:44.310,2235, ,2227, ,0, , , ,0, , , , , ,529688, , , ,1,1,0,0,0,0,0,0,0,0,1,0,1,0,0,0,0,0,0,0,0,0,0,0,0,0,0,0,0,0,0,0,1,0,0,3,0,39.9906,-75.129, , 
 ,46084,2013030099,6,67,67301,2013,2,6,2205,22,3,1,0,4,1, , ,N,0,0,0,3,0,2,3,2,N,N,39 55:40.839,75 13:19.433,2215, ,2211,2,2,6,N, ,0,N, , , , ,529711, , , ,2,1,0,0,0,0,1,0,0,0,0,1,2,1,0,0,0,0,0,0,0,1,0,0,0,0,0,0,0,0,0,0,0,0,0,4,0,39.928,-75.2221, , 
 ,46085,2013035150,6,67,67301,2013,2,1,1540,15,1,1,0,4,1, , ,N,0,0,0,3,0,0,2,2,N,N,39 58:38.390,75 07:09.402,2000, ,2000, ,0, ,N, ,0, , , , , ,529716, , , ,2,1,0,0,1,0,0,0,0,0,0,0,0,0,0,0,0,0,0,0,0,0,0,0,0,0,0,0,0,0,0,0,0,0,0,0,0,39.9759,-75.1199, , 
 ,46086,2013055316,6,67,67301,2013,5,4,1700,17,1,9,0,8,1, , ,N,0,0,0,3,0,1,2,2,N,N,40 01:22.404,75 08:36.924,1315, ,1310, ,0, ,N, ,0, , , , , ,529736, , , ,1,0,0,0,1,0,0,0,0,1,0,0,1,0,0,0,0,0,0,0,0,0,1,0,0,0,0,0,0,0,0,0,1,0,1,2,0,40.0229,-75.1436, , 
 ,46087,2013055560,6,67,67301,2013,5,4,1529,15,1,1,1,4,1, , ,N,0,0,7,3,0,2,3,2,N, ,40 02:42.548,75 03:20.249,1533, ,1530, ,0, , , ,0, , , , , ,529737, , , ,2,2,0,0,0,0,0,0,0,0,0,0,2,2,0,0,0,0,0,0,0,0,0,0,0,0,0,0,0,0,0,0,0,0,0,8,0,40.0452,-75.0556, , 
 ,46088,2013014141,6,67,67301,2013,2,6,1010,10,1,4,1,7,2, , ,N,0,0,0,3,0,1,1,1,N,N,40 00:10.140,75 04:39.845,1043, ,1043, ,0, ,N, ,0, , , , , ,529752, , , ,1,1,0,0,0,0,0,0,0,0,0,0,1,1,0,0,0,0,0,0,0,0,0,0,0,0,0,0,0,0,0,0,0,0,0,8,0,40.0027,-75.0778, , 
 ,46089,2013024957,6,67,67301,2013,1,6,2350,23,3,2,1,1,1, , ,N,2,2,0,3,0,3,4,2,N,N,39 55:23.732,75 13:14.087,50, ,38, ,0, ,N, ,3, , , , , ,529760, , , ,2,2,0,0,0,0,0,0,0,0,0,0,3,3,0,0,0,1,0,0,0,0,0,1,0,0,0,0,0,0,0,0,0,0,0,8,0,39.9233,-75.2206, , 
N,46090,2013028988,6,67,67301,2013,3,2,903,9,1,1,0,1,1,1,4,Y,0,0,0,3,0,0,3,3,N,N,40 01:05.080,75 02:52.258,915,45,906,1,1,1,N, ,0,N,Y,N,N,N,529764,N,N,Y,3,3,0,0,0,0,0,0,0,0,0,0,0,0,0,0,0,0,0,0,1,0,0,0,0,0,0,0,0,0,0,0,0,0,0,0,0,40.018,-75.048, , 
 ,46091,2013035063,6,67,67301,2013,2,4,1148,11,1,1,0,4,1, , ,N,1,3,0,3,0,1,3,3,N,N,39 57:31.338,75 14:00.034,1157, ,1152, ,0, ,N, ,3, , , , , ,529769, , , ,3,2,0,0,0,0,1,0,0,0,0,1,1,0,0,0,0,0,0,0,1,0,1,0,0,0,0,0,0,0,0,0,0,0,0,4,0,39.9587,-75.2333, , 
 ,46092,2013035615,6,67,67301,2013,3,3,1927,19,3,1,0,5,1, , ,N,0,0,0,3,0,1,6,2,N,N,40 02:17.278,75 06:41.694,1940, ,1932, ,0, ,N, ,0, , , , , ,533091, , , ,2,2,0,0,0,0,0,0,0,0,0,1,1,0,0,0,0,0,0,0,0,0,0,0,0,0,0,0,0,0,0,0,0,0,0,4,0,40.0381,-75.1116, , 
 ,46093,2013047246,6,67,67301,2013,4,5,1220,12,1,1,0,8,1, , ,N,1,2,0,3,0,1,2,2,N, ,39 57:07.661,75 09:41.216,1222, ,1220, ,0, , , ,3, , , , , ,533104, , , ,1,1,0,0,0,0,0,0,0,0,0,1,1,0,0,0,0,0,0,0,0,0,0,0,0,0,0,0,0,0,0,0,1,0,0,4,0,39.9521,-75.1615, , 
 ,46094,2013007408,6,67,67301,2013,1,4,1434,14,1,1,0,5,1, , ,N,0,0,0,3,0,2,5,5,N,N,40 00:28.395,75 12:05.129,1434, ,1434,1,1,4,N, ,0,N, , , , ,533117, , , ,5,5,0,0,0,0,0,0,0,0,0,2,2,0,0,0,0,0,0,0,1,0,0,0,0,0,0,0,0,0,0,0,0,0,0,4,0,40.0079,-75.2014, , 
 ,46095,2013029725,6,67,67301,2013,1,7,9999,99,3,2,1,7,2, , ,N,0,0,0,3,0,2,2,1,N,N,40 01:31.689,75 05:47.950,9999, ,213, ,0, ,N, ,0, , , , , ,533134, , , ,1,1,0,0,0,0,0,0,0,2,0,0,2,0,0,0,1,0,0,0,0,0,0,0,0,0,0,0,0,0,0,0,0,0,0,2,0,40.0255,-75.0967, , 
 ,46096,2013043466,6,67,67301,2013,3,2,1140,11,1,4,1,4,1, , ,N,1,2,0,3,0,1,5,2,N,N,40 01:28.513,75 07:23.473,1140, ,1140, ,0, ,N, ,3, , , , , ,533153, , , ,2,1,0,0,0,0,1,0,0,0,0,1,1,0,0,0,0,0,0,0,1,0,0,0,0,0,0,0,0,0,0,0,0,0,0,4,0,40.0246,-75.1232, , 
 ,46097,2013043801,6,67,67301,2013,3,4,1050,10,1,1,0,4,1, , ,N,1,2,0,3,0,0,2,2,N,N,40 03:24.250,75 02:48.711,1105, ,1057,1,1,2, , ,3,N, , , , ,533154, , , ,2,1,0,0,0,0,0,1,0,0,0,0,0,0,0,0,0,0,0,0,1,0,0,0,0,0,0,0,0,0,0,0,0,0,0,0,0,40.0567,-75.0469, , 
 ,46098,2013046378,6,67,67301,2013,4,3,1030,10,1,1,0,4,1, , ,N,1,2,0,3,0,1,3,4,N,N,39 59:16.468,75 08:38.288,1045, ,1030, ,0, ,N, ,3, , , , , ,533155, , , ,4,2,0,0,2,0,0,0,0,0,0,1,1,0,0,0,0,0,0,0,0,0,0,2,0,0,0,0,0,0,0,0,0,0,0,4,0,39.9879,-75.144, , 
 ,46099,2013055422,6,67,67301,2013,5,4,1050,10,1,2,1,4,1, , ,N,0,0,0,3,0,1,1,2,N, ,40 00:21.146,75 06:47.094,1058, ,1055, ,0, , , ,0, , , , , ,533162, , , ,2,0,0,0,1,1,0,0,0,0,1,0,1,0,0,0,0,0,0,0,0,1,0,0,0,0,0,0,0,0,0,0,0,0,0,3,1,40.0059,-75.1131, , 
 ,46100,2013055452,6,67,67301,2013,5,2,9999,99,1,1,0,1,1, , ,N,2,2,0,3,0,2,5,3,N,N,39 53:40.551,75 14:48.126,1805, ,1757,1,2,1,N, ,3,Y, , , , ,533163, , , ,3,3,0,0,0,0,0,0,0,0,0,1,2,1,0,0,0,0,0,0,0,0,0,1,0,0,0,0,0,0,0,0,0,0,0,4,0,39.8944,-75.2466, , 
 ,46101,2013028603,6,67,67301,2013,3,3,1251,12,1,1,0,5,1, , ,N,0,0,0,3,0,1,2,2,N,N,39 59:09.652,75 05:32.990,1301, ,1252,1,1,1,N, ,0,N, , , , ,533195, , , ,2,2,0,0,0,0,0,0,0,0,0,0,1,1,0,0,0,0,0,0,0,0,0,0,0,0,0,0,0,0,0,0,0,0,0,8,0,39.986,-75.0926, , 
 ,46102,2013010609,6,67,67301,2013,1,4,1322,13,1,1,0,1,1, , ,N,0,0,0,3,0,2,2,2,N,N,39 58:08.637,75 07:38.054,1335, ,1330,1,1,1,N, ,0,N, , , , ,533218, , , ,2,1,0,0,0,0,1,0,0,0,0,2,2,0,0,0,0,0,0,0,0,0,0,0,0,0,0,0,0,0,0,0,0,0,0,4,0,39.969,-75.1273, , 
 ,46103,2013017683,6,67,67301,2013,2,6,1825,18,3,1,0,1,1, , ,N,0,0,0,3,0,0,4,3,N,N,39 58:53.826,75 06:06.057,1825, ,1825,2,1,1,N, ,0,N, , , , ,533224, , , ,3,3,0,0,0,0,0,0,0,0,0,0,0,0,0,0,0,0,0,0,0,0,0,0,0,0,0,0,0,0,0,0,0,0,0,0,0,39.9816,-75.1018, , 
 ,46104,2013022791,6,67,67301,2013,2,5,1805,18,3,1,0,1,2, , ,N,0,0,0,3,0,1,4,3,N,N,40 00:28.594,75 04:18.027,1816, ,1807, ,0, ,N, ,0, , , , , ,533227, , , ,3,2,0,0,0,0,0,0,0,0,0,1,1,0,1,0,0,0,0,0,1,0,0,0,0,0,0,0,0,0,0,0,0,0,0,4,0,40.008,-75.0716, , 
 ,46105,2013026962,6,67,67301,2013,2,1,1450,14,1,1,0,1,1, , ,N,0,0,0,3,0,1,4,2,N,N,40 01:37.003,75 06:58.841,1508, ,1457,1,1,2,N, ,0,N, , , , ,533233, , , ,2,1,0,0,0,0,1,0,0,0,0,1,1,0,2,0,0,0,0,0,0,0,0,0,0,0,0,0,0,0,0,0,0,0,0,4,0,40.0269,-75.1163, , 
 ,46106,2013035253,6,67,67301,2013,2,2,310,3,3,1,0,7,4, , ,N,1,0,0,3,0,1,2,1,N,N,39 57:06.746,75 10:41.980,326, ,324, ,0, ,N, ,0, , , , , ,533239, , , ,1,1,0,0,0,0,0,0,0,0,1,0,1,0,0,0,0,0,0,0,0,0,0,0,0,0,0,0,0,0,0,0,0,0,0,3,0,39.9519,-75.1783, , 