wz_ln_closure,objectid_1,crn,district,county,municipality,crash_year,crash_month,day_of_week,time_of_day,hour_of_day,illumination,weather,road_condition,collision_type,relation_to_road,work_zone_type,work_zone_loc,work_zone_ind,intersect_type,tcd_type,location_type,urban_rural,fatal_count,injury_count,person_count,total_units,sch_bus_ind,sch_zone_ind,latitude,longitude,arrival_tm,cons_zone_spd_lim,dispatch_tm,est_hrs_closed,lane_closed,ln_close_dir,ntfy_hiwy_maint,spec_juris_cd,tcd_func_cd,tfc_detour_ind,workers_pres,wz_close_detour,wz_flagger,wz_law_offcr_ind,objectid,wz_moving,wz_other,wz_shlder_mdn,vehicle_count,automobile_count,motorcycle_count,bus_count,small_truck_count,heavy_truck_count,suv_count,van_count,bicycle_count,maj_inj_count,mod_inj_count,min_inj_count,tot_inj_count,unk_inj_deg_count,unk_inj_per_count,driver_count_16yr,driver_count_17yr,driver_count_18yr,driver_count_19yr,driver_count_20yr,driver_count_50_64yr,driver_count_65_74yr,driver_count_75plus,unbelted_occ_count,unb_death_count,unb_maj_inj_count,belted_death_count,belted_maj_inj_count,mcycle_death_count,mcycle_maj_inj_count,bicycle_death_count,bicycle_maj_inj_count,ped_count,ped_death_count,ped_maj_inj_count,max_severity_level,comm_veh_count,dec_lat,dec_long,rdwy_surf_type_cd,county_name
 ,46107,2013043785,6,67,67301,2013,3,7,240,2,3,1,0,5,1, , ,N,0,0,0,3,0,1,1,3,N,N,39 56:20.151,75 08:54.924,248, ,244, ,0, ,N, ,0, , , , , ,533249, , , ,3,3,0,0,0,0,0,0,0,0,0,1,1,0,0,0,0,0,0,0,0,0,0,0,0,0,0,0,0,0,0,0,0,0,0,4,0,39.9389,-75.1486, , 
 ,46108,2013016252,6,67,67301,2013,1,1,9999,99,3,1,0,4,1, , ,N,1,2,0,3,0,0,2,2,N,N,39 57:49.280,75 10:15.428,9999, ,9999, ,0, ,N, ,3, , , , , ,533272, , , ,2,2,0,0,0,0,0,0,0,0,0,0,0,0,0,0,0,0,0,0,0,0,0,0,0,0,0,0,0,0,0,0,0,0,0,0,0,39.9636,-75.171, , 
 ,46109,2013026939,6,67,67301,2013,2,6,2302,23,3,1,0,4,1, , ,N,3,3,0,3,0,1,3,2,N,N,40 04:13.793,75 09:18.678,100, ,50,3,2,7, , ,3,Y, , , , ,533284, , , ,2,1,0,0,0,0,1,0,0,0,0,1,1,0,0,0,0,0,0,0,0,0,0,0,0,0,0,0,0,0,0,0,0,0,0,4,0,40.0705,-75.1552, , 
 ,46110,2013006121,6,67,67301,2013,1,4,1255,12,1,1,0,6,1, , ,N,1,2,0,3,0,1,3,2,N,N,39 57:28.799,75 13:16.548,1305, ,1300, ,0, , , ,3, , , , , ,539770, , , ,2,1,0,0,0,0,1,0,0,0,0,1,1,0,1,0,0,0,0,0,1,0,0,0,0,0,0,0,0,0,0,0,0,0,0,4,0,39.958,-75.2212, , 
 ,46111,2013016243,6,67,67301,2013,1,3,809,8,1,1,0,8,1, , ,N,1,2,0,3,0,1,2,2,N,N,40 01:23.700,75 04:36.637,815, ,811, ,0, ,N, ,3, , , , , ,539778, , , ,1,1,0,0,0,0,0,0,0,0,0,1,1,0,0,0,0,0,0,0,0,0,0,0,0,0,0,0,0,0,0,0,1,0,0,4,0,40.0233,-75.0768, , 
 ,46112,2013035304,6,67,67301,2013,3,3,745,7,1,1,0,8,1, , ,N,1,3,0,3,0,2,3,3,N,Y,39 56:06.936,75 11:44.563,810, ,806, ,0, ,N, ,3, , , , , ,539803, , , ,1,1,0,0,0,0,0,0,0,0,0,2,2,0,0,0,0,0,0,0,0,0,0,0,0,0,0,0,0,0,0,0,2,0,0,4,0,39.9353,-75.1957, , 
 ,46113,2013029640,6,67,67301,2013,2,1,13,0,3,1,0,2,1, , ,N,0,0,0,3,0,0,4,2,N,N,39 59:17.749,75 06:22.220,13, ,13, ,0, ,N, ,0, , , , , ,539833, , , ,2,1,0,0,0,0,1,0,0,0,0,0,0,0,0,0,0,0,0,1,0,0,0,4,0,0,0,0,0,0,0,0,0,0,0,0,0,39.9883,-75.1062, , 
 ,46114,2013037944,6,67,67301,2013,3,7,1645,16,1,1,0,1,1, , ,N,0,0,0,3,0,1,2,2,N,N,39 53:55.573,75 10:46.284,1655, ,1647,1,1,3,N, ,0,N, , , , ,539837, , , ,2,2,0,0,0,0,0,0,0,0,0,1,1,0,0,0,0,0,0,0,0,0,0,0,0,0,0,0,0,0,0,0,0,0,0,4,0,39.8988,-75.1795, , 
 ,46115,2013046455,6,67,67301,2013,4,5,1415,14,1,1,0,4,1, , ,N,0,0,0,3,0,1,2,2,N,N,40 00:55.716,75 10:45.896,1440, ,1430, ,0, ,N, ,0, , , , , ,539844, , , ,2,2,0,0,0,0,0,0,0,0,0,1,1,0,0,0,0,0,0,0,0,0,0,1,0,0,0,0,0,0,0,0,0,0,0,4,0,40.0155,-75.1794, , 
 ,46116,2013041285,6,67,67301,2013,2,5,2300,23,3,1,0,4,1, , ,N,1,2,0,3,0,3,5,4,N, ,39 59:10.631,75 09:22.550,2305, ,2300, ,0, , , ,3, , , , , ,539890, , , ,4,3,0,0,0,0,1,0,0,0,1,1,3,1,1,0,0,0,0,0,0,0,0,0,0,0,0,0,0,0,0,0,0,0,0,3,0,39.9863,-75.1561, , 
 ,46117,2013022259,6,67,67301,2013,1,2,1945,19,3,2,1,4,1, , ,N,1,2,0,3,0,0,2,2,N,N,40 02:25.164,75 03:30.735,1959, ,1951, ,0, ,N, ,3, , , , , ,539926, , , ,2,1,0,0,0,0,1,0,0,0,0,0,0,0,0,0,0,0,0,0,0,0,0,0,0,0,0,0,0,0,0,0,0,0,0,0,0,40.0402,-75.0584, , 
 ,46118,2013029639,6,67,67301,2013,2,6,1448,14,1,1,0,4,6, , ,N,0,0,0,3,0,1,1,2,N, ,39 59:25.546,75 06:57.454,1711, ,1708, ,0, , , ,0, , , , , ,539933, , , ,2,1,0,0,0,0,1,0,0,0,0,1,1,0,0,0,0,0,0,0,1,0,0,0,0,0,0,0,0,0,0,0,0,0,0,4,0,39.9904,-75.116, , 
 ,46119,2013043793,6,67,67301,2013,3,1,2330,23,3,8,1,7,5, , ,N,0,0,0,3,0,0,3,1,N, ,40 05:58.203,75 00:41.313,2340, ,2335,3,2,2, , ,0,Y, , , , ,539943, , , ,1,0,0,0,1,0,0,0,0,0,0,0,0,0,0,0,0,0,0,0,0,0,0,0,0,0,0,0,0,0,0,0,0,0,0,0,0,40.0995,-75.0115, , 
 ,46120,2013046233,6,67,67301,2013,4,3,1349,13,1,1,0,8,1, , ,N,0,0,0,3,0,1,2,2,N, ,40 00:34.264,75 09:07.606,1351, ,1350, ,0, , , ,0, , , , , ,539946, , , ,1,1,0,0,0,0,0,0,0,0,0,0,1,1,0,0,0,0,0,0,0,0,0,0,0,0,0,0,0,0,0,0,1,0,0,8,0,40.0095,-75.1521, , 
 ,46121,2013046444,6,67,67301,2013,4,6,1654,16,1,1,0,3,7, , ,N,1,2,2,3,0,1,2,2,N,N,40 00:33.068,75 04:08.444,1715, ,1709, ,0, , , ,3, , , , , ,539947, , , ,2,1,0,0,0,1,0,0,0,0,0,0,1,1,1,0,0,0,0,0,0,0,0,0,0,0,0,0,0,0,0,0,0,0,0,8,1,40.0092,-75.069, , 
 ,46122,2013057466,6,67,67301,2013,5,4,1217,12,1,1,0,1,1, , ,N,0,0,0,3,0,4,4,2,N,N,39 57:50.108,75 11:04.226,1223, ,1219,1,1,3,N, ,0,N, , , , ,539951, , , ,2,1,0,0,0,0,1,0,0,0,0,4,4,0,0,0,0,0,0,0,0,0,0,0,0,0,0,0,0,0,0,0,0,0,0,4,0,39.9639,-75.1845, , 
 ,46123,2013022295,6,67,67301,2013,1,6,1800,18,3,4,3,8,1, , ,N,2,0,0,3,0,1,2,2,N,N,39 55:25.878,75 11:24.205,1808, ,1803, ,0, ,N, ,0, , , , , ,539983, , , ,1,0,0,0,0,0,0,1,0,0,0,1,1,0,0,0,0,0,0,0,0,0,0,0,0,0,0,0,0,0,0,0,1,0,0,4,0,39.9239,-75.1901, , 
 ,46124,2013029804,6,67,67301,2013,1,3,1645,16,1,1,0,4,1, , ,N,0,0,0,3,0,0,2,2,N, ,39 59:27.034,75 07:51.439,1710, ,1702, ,0, , , ,0, , , , , ,539991, , , ,2,2,0,0,0,0,0,0,0,0,0,0,0,0,0,0,0,0,0,0,0,0,0,0,0,0,0,0,0,0,0,0,0,0,0,0,0,39.9908,-75.131, , 
 ,46125,2013035222,6,67,67301,2013,3,3,1345,13,1,1,0,1,1, , ,N,1,2,0,3,0,4,5,2,N,N,40 01:47.231,75 05:16.817,1350, ,1345,2,1,1,N, ,3,N, , , , ,539999, , , ,2,0,0,0,0,1,1,0,0,0,0,4,4,0,0,0,0,0,0,0,0,0,0,0,0,0,0,0,0,0,0,0,0,0,0,4,1,40.0298,-75.088, , 
 ,46126,2013046324,6,67,67301,2013,3,5,1425,14,1,1,0,1,1, , ,N,2,2,0,3,0,1,3,3,N,N,40 06:35.672,75 01:30.401,1435, ,1430, ,0, ,N, ,3, , , , , ,540038, , , ,3,2,0,0,1,0,0,0,0,0,0,1,1,0,0,0,0,0,1,0,2,0,0,0,0,0,0,0,0,0,0,0,0,0,0,4,0,40.1099,-75.0251, , 
 ,46127,2013024914,6,67,67301,2013,2,1,311,3,3,4,3,4,1, , ,N,2,3,0,3,0,0,2,2,N, ,39 56:21.059,75 14:06.781,311, ,311,1,1,1, , ,3,Y, , , , ,540076, , , ,2,2,0,0,0,0,0,0,0,0,0,0,0,0,0,0,0,0,0,0,0,0,0,0,0,0,0,0,0,0,0,0,0,0,0,0,0,39.9392,-75.2352, , 
 ,46128,2013043767,6,67,67301,2013,3,2,1900,19,6,9,8,4,6, , ,N,0,0,0,3,0,0,1,2,N,N,39 59:05.647,75 08:43.684,218, ,218, ,0, ,N, ,0, , , , , ,536914, , , ,2,1,0,1,0,0,0,0,0,0,0,0,0,0,1,0,0,0,0,0,0,0,0,0,0,0,0,0,0,0,0,0,0,0,0,9,1,39.9849,-75.1455, , 
 ,46129,2013022333,6,67,67301,2013,1,3,1830,18,3,2,1,1,1, , ,N,1,2,0,3,0,1,2,2,N, ,40 01:12.662,75 08:55.511,9999, ,9999, ,0, , , ,3, , , , , ,536945, , , ,2,1,0,0,0,0,0,0,0,0,0,0,1,1,0,0,0,0,0,0,0,0,0,0,0,0,0,0,0,0,0,0,0,0,0,8,0,40.0202,-75.1488, , 
 ,46130,2013035045,6,67,67301,2013,3,6,100,1,3,1,0,1,1, , ,N,2,2,0,3,0,0,2,2,N,N,39 57:15.080,75 10:11.059,108, ,105,1,2,1,N, ,3,Y, , , , ,536961, , , ,2,0,0,0,0,0,2,0,0,0,0,0,0,0,2,0,0,0,0,0,0,0,0,0,0,0,0,0,0,0,0,0,0,0,0,9,0,39.9542,-75.1697, , 
 ,46131,2013055398,6,67,67301,2013,5,3,2220,22,3,1,0,4,1, , ,N,0,0,0,3,0,2,2,5,N, ,40 07:11.172,75 02:15.147,2320, ,2315, ,0, , , ,0, , , , , ,536976, , , ,5,4,0,0,1,0,0,0,0,0,1,1,2,0,0,0,0,0,0,0,0,0,0,0,0,0,0,0,0,0,0,0,0,0,0,3,0,40.1198,-75.0375, , 
 ,46132,2013029717,6,67,67301,2013,2,2,9999,99,1,2,1,7,3, , ,N,0,0,0,3,0,0,1,1,N,N,39 57:28.356,75 10:16.937,829, ,828, ,0, , , ,0, , , , , ,537002, , , ,1,1,0,0,0,0,0,0,0,0,0,0,0,0,0,0,0,0,0,0,0,0,1,0,0,0,0,0,0,0,0,0,0,0,0,0,0,39.9579,-75.1714, , 
 ,46133,2013034988,6,67,67301,2013,3,6,1430,14,1,1,0,1,1, , ,N,1,2,0,3,0,2,4,3,N,N,39 53:23.105,75 14:01.659,1943, ,1937, ,0, ,N, ,3, , , , , ,537008, , , ,3,0,0,0,0,0,3,0,0,0,0,2,2,0,0,0,0,0,0,0,0,0,0,0,0,0,0,0,0,0,0,0,0,0,0,4,0,39.8898,-75.2338, , 
 ,46134,2013046257,6,67,67301,2013,4,4,2115,21,3,1,0,4,1, , ,N,1,3,0,3,0,2,4,2,N,N,39 55:08.922,75 10:07.273,2121, ,2116, ,0, ,N, ,3, , , , , ,537020, , , ,2,2,0,0,0,0,0,0,0,0,0,2,2,0,0,0,0,0,0,1,0,0,0,0,0,0,0,0,0,0,0,0,0,0,0,4,0,39.9191,-75.1687, , 
 ,46135,2013025305,6,67,67301,2013,1,5,1550,15,1,1,0,8,1, , ,N,0,0,0,3,0,1,2,2,N,N,39 57:29.034,75 10:08.204,1620, ,1611, ,0, ,N, ,0, , , , , ,537040, , , ,1,0,0,0,0,0,0,1,0,0,0,1,1,0,0,0,0,0,0,0,1,0,0,0,0,0,0,0,0,0,0,0,1,0,0,4,0,39.9581,-75.1689, , 
N,46136,2013032698,6,67,67301,2013,3,3,1700,17,1,1,0,1,1,1,4,Y,0,0,0,3,0,1,2,2,N,N,39 58:01.953,75 08:00.673,1710,45,1707,1,1,2,N, ,0,N,N,N,N,N,537046,N,N,Y,2,1,0,0,0,0,1,0,0,0,0,0,1,1,0,0,0,0,0,0,1,0,0,0,0,0,0,0,0,0,0,0,0,0,0,8,0,39.9672,-75.1335, , 
 ,46137,2013035143,6,67,67301,2013,3,6,1003,10,1,4,1,1,1, , ,N,3,2,0,3,0,1,2,2,N,N,39 54:04.758,75 14:21.973,1012, ,1003, ,0, ,N, ,3, , , , , ,537050, , , ,2,1,0,0,1,0,0,0,0,0,0,0,1,1,0,0,0,0,0,0,0,0,0,1,0,0,0,0,0,0,0,0,0,0,0,8,1,39.9014,-75.2393, , 
 ,46138,2013046239,6,67,67301,2013,4,2,1200,12,1,1,0,8,5, , ,N,0,0,0,3,0,1,2,3,N,N,39 58:13.031,75 09:34.641,1225, ,1215, ,0, ,N, ,0, , , , , ,537063, , , ,2,1,0,0,1,0,0,0,0,0,0,1,1,0,0,0,0,0,0,0,0,0,0,0,0,0,0,0,0,0,0,0,1,0,0,4,0,39.9703,-75.1598, , 
 ,46139,2013046443,6,67,67301,2013,4,1,2130,21,3,1,0,4,1, , ,N,1,2,0,3,0,2,5,2,N,N,40 00:47.439,75 04:13.514,2135, ,2133,1,2,7,N, ,3,N, , , , ,537064, , , ,2,1,0,0,0,0,1,0,0,0,0,1,2,1,1,0,0,0,0,0,1,0,0,0,0,0,0,0,0,0,0,0,0,0,0,4,0,40.0132,-75.0704, , 
 ,46140,2013050228,6,67,67301,2013,4,4,1100,11,1,1,0,8,1, , ,N,2,2,0,3,0,1,3,2,N,N,39 57:06.693,75 10:18.893,1405, ,1400, ,0, ,N, ,3, , , , , ,537067, , , ,1,1,0,0,0,0,0,0,0,0,0,1,1,0,2,0,0,0,0,0,0,0,0,0,0,0,0,0,0,0,0,0,1,0,0,4,0,39.9519,-75.1719, , 
 ,46141,2013023505,6,67,67301,2013,1,5,1120,11,1,1,0,4,1, , ,N,0,0,0,3,0,0,1,3,N,N,40 01:12.048,75 10:30.428,1121, ,1120,1,1,5,N, ,0,N, , , , ,537090, , , ,3,2,0,0,0,0,0,0,0,0,0,0,0,0,1,0,0,0,0,0,1,0,0,0,0,0,0,0,0,0,0,0,0,0,0,9,0,40.02,-75.1751, , 
 ,46142,2013035069,6,67,67301,2013,2,2,1342,13,1,1,0,8,1, , ,N,1,2,0,3,0,1,2,2,N, ,39 59:54.633,75 07:45.412,1411, ,1342, ,0, , , ,3, , , , , ,537099, , , ,1,0,0,0,1,0,0,0,0,0,0,1,1,0,0,0,0,0,0,0,0,0,0,0,0,0,0,0,0,0,0,0,1,0,0,4,0,39.9985,-75.1293, , 
 ,46143,2013037352,6,67,67301,2013,3,4,727,7,1,1,0,8,1, , ,N,0,0,0,3,1,0,2,2,N,N,39 56:57.073,75 11:58.443,728, ,727, ,0, ,N,0,0, , , , , ,537102, , , ,1,0,0,0,0,0,1,0,0,0,0,0,0,0,0,0,0,0,0,0,0,0,0,0,0,0,0,0,0,0,0,0,1,1,0,1,0,39.9492,-75.1996,9, 
 ,46144,2013037435,6,67,67301,2013,2,4,2000,20,3,1,0,4,1, , ,N,1,2,0,3,0,1,2,2,N,N,40 01:08.216,75 08:49.391,2020, ,2015,3,1,1,N, ,3,N, , , , ,537103, , , ,2,1,0,0,0,0,1,0,0,0,0,1,1,0,0,0,0,0,0,0,0,0,0,0,0,0,0,0,0,0,0,0,0,0,0,4,0,40.0189,-75.1471, , 
 ,46145,2013046321,6,67,67301,2013,4,6,835,8,1,2,1,7,3, , ,N,0,0,0,3,0,2,2,1,Y,N,39 54:49.669,75 13:37.754,905, ,902, ,0, ,N, ,0, , , , , ,537113, , , ,1,0,0,1,0,0,0,0,0,0,0,0,2,2,0,0,0,0,0,0,0,0,0,0,0,0,0,0,0,0,0,0,0,0,0,8,1,39.9138,-75.2272, , 
 ,46146,2013036799,6,67,67301,2013,4,2,1349,13,1,1,0,7,2, , ,N,0,0,0,3,0,0,1,1,N,N,39 58:38.586,75 12:01.964,1400, ,1350,1,1,3,N, ,0,N, , , , ,529772, , , ,1,1,0,0,0,0,0,0,0,0,0,0,0,0,0,0,0,0,0,0,0,0,0,0,0,0,0,0,0,0,0,0,0,0,0,0,0,39.9774,-75.2005, , 
 ,46147,2013043446,6,67,67301,2013,3,7,2243,22,3,1,0,8,1, , ,N,0,0,0,3,0,2,3,3,N,N,39 57:58.132,75 14:10.801,2245, ,2243, ,0, , , ,0, , , , , ,529782, , , ,2,1,0,0,0,0,0,1,0,0,0,0,2,2,0,0,0,0,0,0,0,0,0,0,0,0,0,0,0,0,0,0,1,0,0,8,0,39.9661,-75.2363, , 
 ,46148,2013047303,6,67,67301,2013,4,4,845,8,1,8,0,6,1, , ,N,1,0,0,3,0,0,2,2,N, ,39 57:32.371,75 10:26.147,855, ,850, ,0, , , ,0, , , , , ,529788, , , ,2,1,0,0,1,0,0,0,0,0,0,0,0,0,0,0,0,0,0,0,0,0,0,0,0,0,0,0,0,0,0,0,0,0,0,0,0,39.959,-75.1739, , 
 ,46149,2013047335,6,67,67301,2013,4,4,1530,15,1,1,0,1,1, , ,N,1,2,0,3,0,1,2,2,N,N,40 01:47.658,75 08:45.592,1640, ,1640, ,0, ,N, ,3, , , , , ,529789, , , ,2,1,0,0,0,0,1,0,0,0,0,0,1,1,0,0,0,0,0,0,0,0,0,0,0,0,0,0,0,0,0,0,0,0,0,8,0,40.0299,-75.146, , 
 ,46150,2013050271,6,67,67301,2013,4,1,837,8,1,1,0,4,1, , ,N,1,2,0,3,0,2,2,2,N,N,39 57:28.095,75 09:50.999,845, ,843,3,1,2,N, ,2,Y, , , , ,529792, , , ,2,2,0,0,0,0,0,0,0,0,2,0,2,0,0,0,0,0,0,0,0,0,0,1,0,0,0,0,0,0,0,0,0,0,0,3,0,39.9579,-75.1641, , 
N,46151,2013010612,6,67,67301,2013,1,5,1017,10,1,1,0,1,1,1,4,Y,0,0,0,3,0,2,3,3,N,N,39 58:03.840,75 07:54.253,1028,45,1019, ,0, ,N, ,0, ,Y,N,N,N,529798,N,N,Y,3,2,0,0,1,0,0,0,0,0,0,2,2,0,0,0,0,0,0,0,0,0,0,0,0,0,0,0,0,0,0,0,0,0,0,4,1,39.9677,-75.1317, , 
 ,46152,2013016302,6,67,67301,2013,1,4,1020,10,1,1,0,1,1, , ,N,1,2,0,3,0,0,2,2,N,N,39 57:47.805,75 10:37.724,1040, ,1030, ,0, ,N, ,3, , , , , ,529800, , , ,2,1,0,0,0,0,1,0,0,0,0,0,0,0,0,0,0,0,0,0,0,0,0,0,0,0,0,0,0,0,0,0,0,0,0,0,0,39.9633,-75.1771, , 
 ,46153,2013023527,6,67,67301,2013,1,7,1205,12,1,1,0,4,1, , ,N,1,2,0,3,0,4,4,2,N,N,40 00:44.524,75 09:02.023,1205, ,1204, ,0, ,N, ,3, , , , , ,529808, , , ,2,2,0,0,0,0,0,0,0,0,4,0,4,0,0,0,0,0,0,0,0,1,0,1,0,0,0,0,0,0,0,0,0,0,0,3,0,40.0122,-75.1505, , 
 ,46154,2013050480,6,67,67301,2013,5,6,1519,15,1,1,0,1,1, , ,N,0,0,2,3,0,1,3,2,N,N,39 57:37.868,75 10:55.172,1544, ,1530, ,0, ,N, ,0, , , , , ,529826, , , ,2,1,0,0,1,0,0,0,0,0,0,1,1,0,0,0,0,0,0,0,0,0,0,0,0,0,0,0,0,0,0,0,0,0,0,4,0,39.9605,-75.182, , 
 ,46155,2013022240,6,67,67301,2013,1,3,2255,22,3,2,1,4,1, , ,N,1,2,0,3,0,3,3,2,N, ,39 55:26.156,75 13:19.597,2305, ,2301,1,2,7, , ,3,N, , , , ,529853, , , ,2,1,0,0,0,0,1,0,0,0,0,0,3,3,0,0,0,0,0,0,0,0,0,2,0,0,0,0,0,0,0,0,0,0,0,8,0,39.9239,-75.2221, , 
 ,46156,2013026934,6,67,67301,2013,2,3,1306,13,1,1,1,4,1, , ,N,2,3,0,3,0,3,3,2,N, ,39 57:10.702,75 14:19.017,1330, ,1306, ,0, , , ,3, , , , , ,529855, , , ,2,2,0,0,0,0,0,0,0,0,0,3,3,0,0,0,0,0,0,0,0,0,0,0,0,0,0,0,0,0,0,0,0,0,0,4,0,39.953,-75.2386, , 
 ,46157,2013029629,6,67,67301,2013,1,3,613,6,5,1,0,2,1, , ,N,0,0,0,3,0,3,3,2,N,N,39 54:29.660,75 14:31.023,839, ,835,9,2,2,N, ,0,Y, , , , ,529860, , , ,2,1,0,0,0,0,1,0,0,1,1,1,3,0,0,0,0,0,0,0,1,0,0,0,0,0,0,0,0,0,0,0,0,0,0,2,0,39.9082,-75.242, , 
 ,46158,2013029702,6,67,67301,2013,2,1,1630,16,1,1,0,1,1, , ,N,1,2,0,3,0,1,4,3,N,N,39 56:08.815,75 13:42.823,1710, ,1707, ,0, ,N, ,3, , , , , ,529861, , , ,3,0,0,0,0,0,2,1,0,0,0,0,1,1,0,0,0,0,0,0,2,0,0,0,0,0,0,0,0,0,0,0,0,0,0,8,0,39.9358,-75.2286, , 
 ,46159,2013012114,6,67,67301,2013,1,4,9999,99,1,1,0,1,1, , ,N,0,0,0,3,0,0,3,2,N, ,40 04:06.405,75 04:03.565,1150, ,1141, ,0, , , ,0, , , , , ,529892, , , ,2,1,0,0,0,0,1,0,0,0,0,0,0,0,0,0,0,0,0,0,1,0,0,0,0,0,0,0,0,0,0,0,0,0,0,0,0,40.0684,-75.0677, , 
 ,46160,2013013078,6,46,46102,2013,2,6,758,7,1,1,0,1,1, , ,N,1,2,0,3,0,1,3,2,N,N,40 03:16.724,75 07:29.999,758, ,758, ,0, ,N, ,3, , , , , ,529893, , , ,2,2,0,0,0,0,0,0,0,0,0,0,1,1,0,0,0,0,0,0,0,0,0,0,0,0,0,0,0,0,0,0,0,0,0,8,0,40.0546,-75.125, , 
 ,46161,2013013585,6,67,67301,2013,1,4,1546,15,1,1,0,1,1, , ,N,6,4,2,3,0,1,2,2,N,N,39 56:44.167,75 11:25.033,1552, ,1552, ,0, ,N, ,3, , , , , ,529894, , , ,2,1,0,0,0,0,1,0,0,0,0,1,1,0,0,0,0,0,0,0,1,0,0,0,0,0,0,0,0,0,0,0,0,0,0,4,0,39.9456,-75.1903, , 
 ,46162,2013016225,6,67,67301,2013,1,3,1935,19,3,1,0,2,1, , ,N,1,2,0,3,0,2,4,2,N, ,40 01:12.662,75 08:55.511,1940, ,1935, ,0, , , ,3, , , , , ,529897, , , ,2,1,0,1,0,0,0,0,0,0,0,2,2,0,0,0,0,0,0,0,1,0,0,0,0,0,0,0,0,0,0,0,0,0,0,4,1,40.0202,-75.1488, , 
 ,46163,2013024915,6,67,67301,2013,1,4,1635,16,1,1,0,4,7, , ,N,1,2,2,3,0,1,4,2,N,N,39 57:28.354,75 09:50.944,1637, ,1636, ,0, ,N, ,3, , , , , ,529901, , , ,2,2,0,0,0,0,0,0,0,0,0,0,1,1,0,0,0,0,0,0,0,0,0,1,0,0,0,0,0,0,0,0,0,0,0,8,0,39.9579,-75.1641, , 
 ,46164,2013029720,6,67,67301,2013,2,6,9999,99,1,1,0,8,1, , ,N,0,0,0,3,0,1,2,2,N,N,39 59:34.078,75 08:46.081,1630, ,1623, ,0, ,N, ,0, , , , , ,533287, , , ,1,0,0,0,0,0,0,1,0,0,0,0,1,1,0,0,0,0,0,0,0,0,0,0,0,0,0,0,0,0,0,0,1,0,0,8,0,39.9928,-75.1461, , 
 ,46165,2013030066,6,67,67301,2013,2,6,459,4,5,1,0,5,7, , ,N,6,0,2,3,0,1,2,2,N,N,40 05:07.699,74 58:10.087,510, ,459,1,1,4,N, ,0,N, , , , ,533288, , , ,2,2,0,0,0,0,0,0,0,0,0,0,1,1,0,0,0,0,0,0,1,0,0,0,0,0,0,0,0,0,0,0,0,0,0,8,0,40.0855,-74.9695, , 
 ,46166,2013043465,6,67,67301,2013,3,4,1730,17,1,1,0,4,1, , ,N,1,2,0,3,0,2,3,2,N,N,40 02:03.671,75 04:29.368,1738, ,1735,9,1,2,N, ,3,N, , , , ,533303, , , ,2,2,0,0,0,0,0,0,0,0,0,2,2,0,0,0,0,0,0,0,0,0,0,1,0,0,0,0,0,0,0,0,0,0,0,4,0,40.0344,-75.0748, , 
 ,46167,2013045359,6,67,67301,2013,3,6,1720,17,1,1,0,8,2, , ,N,0,0,0,3,0,1,2,2,N,N,39 55:21.631,75 11:05.377,1725, ,1720, ,0, ,N, ,0, , , , , ,533304, , , ,1,1,0,0,0,0,0,0,0,0,0,1,1,0,0,0,0,0,0,0,0,0,0,0,0,0,0,0,0,0,0,0,1,0,0,4,0,39.9226,-75.1853, , 
 ,46168,2013024909,6,67,67301,2013,1,4,1345,13,1,1,0,4,1, , ,N,5,2,0,3,0,4,4,2,N, ,40 03:23.726,75 01:42.707,1352, ,1352,1,1,3, , ,3,N, , , , ,533324, , , ,2,2,0,0,0,0,0,0,0,0,0,1,4,3,0,0,0,0,0,0,0,0,0,0,0,0,0,0,0,0,0,0,0,0,0,4,0,40.0566,-75.0285, , 
 ,46169,2013016228,6,67,67301,2013,1,5,9999,99,3,1,0,4,1, , ,N,1,2,0,3,0,2,3,2,N, ,40 01:02.392,75 06:58.530,1825, ,820, ,0, , , ,3, , , , , ,533412, , , ,2,2,0,0,0,0,0,0,0,0,0,0,2,2,0,0,0,0,0,1,0,0,0,0,0,0,0,0,0,0,0,0,0,0,0,8,0,40.0173,-75.1163, , 
 ,46170,2013022182,6,67,67301,2013,1,7,1348,13,1,1,0,8,2, , ,N,0,0,0,3,0,1,2,2,N,N,40 02:13.980,75 10:33.501,1511, ,1510,1,1,2,N, ,0,N, , , , ,533417, , , ,1,1,0,0,0,0,0,0,0,0,0,0,1,1,0,0,0,0,0,0,0,0,0,0,0,0,0,0,0,0,0,0,1,0,0,8,0,40.0372,-75.176, , 
 ,46171,2013026958,6,67,67301,2013,2,3,9999,99,1,1,0,4,1, , ,N,0,0,0,3,0,1,2,2,N, ,40 01:42.276,75 09:44.545,848, ,830, ,0, , , ,0, , , , , ,533425, , , ,2,2,0,0,0,0,0,0,0,0,0,1,1,0,0,0,0,0,0,0,0,0,0,0,0,0,0,0,0,0,0,0,0,0,0,4,0,40.0284,-75.1624, , 
 ,46172,2013055430,6,67,67301,2013,5,7,158,1,3,2,1,2,1, , ,N,2,2,0,3,0,1,3,2,N,N,40 00:49.519,75 09:00.935,230, ,223,1,1,2,N, ,3,Y, , , , ,533438, , , ,2,2,0,0,0,0,0,0,0,0,0,0,1,1,0,0,0,0,0,1,0,0,0,0,0,0,0,0,0,0,0,0,0,0,0,8,0,40.0137,-75.1502, , 
 ,46173,2013017594,6,67,67301,2013,1,1,1204,12,1,1,0,7,2, , ,N,2,0,0,3,0,1,1,1,N,N,40 01:01.667,75 09:04.024,1206, ,1205,9,1,2,Y, ,0,N, , , , ,533464, , , ,1,1,0,0,0,0,0,0,0,0,0,0,1,1,0,0,0,0,0,0,0,0,0,1,0,0,0,0,0,0,0,0,0,0,0,8,0,40.0171,-75.1511, , 