wz_ln_closure,objectid_1,crn,district,county,municipality,crash_year,crash_month,day_of_week,time_of_day,hour_of_day,illumination,weather,road_condition,collision_type,relation_to_road,work_zone_type,work_zone_loc,work_zone_ind,intersect_type,tcd_type,location_type,urban_rural,fatal_count,injury_count,person_count,total_units,sch_bus_ind,sch_zone_ind,latitude,longitude,arrival_tm,cons_zone_spd_lim,dispatch_tm,est_hrs_closed,lane_closed,ln_close_dir,ntfy_hiwy_maint,spec_juris_cd,tcd_func_cd,tfc_detour_ind,workers_pres,wz_close_detour,wz_flagger,wz_law_offcr_ind,objectid,wz_moving,wz_other,wz_shlder_mdn,vehicle_count,automobile_count,motorcycle_count,bus_count,small_truck_count,heavy_truck_count,suv_count,van_count,bicycle_count,maj_inj_count,mod_inj_count,min_inj_count,tot_inj_count,unk_inj_deg_count,unk_inj_per_count,driver_count_16yr,driver_count_17yr,driver_count_18yr,driver_count_19yr,driver_count_20yr,driver_count_50_64yr,driver_count_65_74yr,driver_count_75plus,unbelted_occ_count,unb_death_count,unb_maj_inj_count,belted_death_count,belted_maj_inj_count,mcycle_death_count,mcycle_maj_inj_count,bicycle_death_count,bicycle_maj_inj_count,ped_count,ped_death_count,ped_maj_inj_count,max_severity_level,comm_veh_count,dec_lat,dec_long,rdwy_surf_type_cd,county_name
 ,46240,2013053078,6,67,67301,2013,4,1,1429,14,1,1,1,5,1, , ,N,1,2,0,3,0,2,2,2,N, ,40 02:46.150,75 04:44.993,1445, ,1440, ,0, , , ,3, , , , , ,533638, , , ,2,2,0,0,0,0,0,0,0,0,2,0,2,0,0,0,0,0,0,0,0,0,1,1,0,0,0,0,0,0,0,0,0,0,0,3,0,40.0462,-75.0792, , 
 ,46241,2013055519,6,67,67301,2013,5,2,1900,19,1,1,0,4,1, , ,N,1,2,0,3,0,1,3,2,N,N,39 57:41.043,75 08:53.373,1908, ,1902, ,0, ,N, ,3, , , , , ,533641, , , ,2,2,0,0,0,0,0,0,0,0,0,1,1,0,0,0,0,0,0,0,0,0,0,0,0,0,0,0,0,0,0,0,0,0,0,4,0,39.9614,-75.1482, , 
 ,46242,2013055558,6,67,67301,2013,5,4,1347,13,1,1,0,4,1, , ,N,0,0,0,3,0,1,2,2,N,N,39 53:32.370,75 14:33.974,1405, ,1430,3,1,3,N, ,0,N, , , , ,533642, , , ,2,2,0,0,0,0,0,0,0,0,0,1,1,0,0,0,0,0,0,0,0,0,0,1,0,0,0,0,0,0,0,0,0,0,0,4,0,39.8923,-75.2428, , 
 ,46243,2013022329,6,67,67301,2013,1,5,1710,17,3,1,0,8,1, , ,N,1,2,0,3,0,1,2,2,N, ,40 04:33.221,75 04:51.260,1730, ,1717, ,0, , , ,3, , , , , ,533657, , , ,1,1,0,0,0,0,0,0,1,0,0,1,1,0,0,0,0,0,0,0,0,0,0,0,0,0,0,0,0,0,0,0,0,0,0,4,0,40.0759,-75.0809, , 
 ,46244,2013043161,6,67,67301,2013,4,7,2230,22,3,1,0,1,1, , ,N,0,0,0,3,0,0,8,3,N,N,39 53:55.395,75 10:14.476,2251, ,2239, ,0, ,N, ,0, , , , , ,533671, , , ,3,0,0,0,0,0,3,0,0,0,0,0,0,0,0,0,0,0,0,0,0,0,0,0,0,0,0,0,0,0,0,0,0,0,0,0,0,39.8987,-75.1707, , 
 ,46245,2013022788,6,67,67301,2013,2,4,1403,14,1,1,0,1,1, , ,N,0,0,0,3,0,0,3,2,N,N,39 58:14.824,75 07:29.217,1403, ,1403,2,2,2,N, ,0,N, , , , ,533710, , , ,2,1,0,0,0,0,0,1,0,0,0,0,0,0,0,0,0,0,0,0,0,0,0,0,0,0,0,0,0,0,0,0,0,0,0,0,0,39.9708,-75.1247, , 
 ,46246,2013023539,6,67,67301,2013,1,4,1138,11,1,1,0,4,1, , ,N,2,0,0,3,0,1,4,2,N,N,39 56:40.207,75 13:25.075,1142, ,1138, ,0, ,N, ,0, , , , , ,533712, , , ,2,1,0,0,1,0,0,0,0,0,0,0,1,1,0,0,0,0,0,0,2,0,0,0,0,0,0,0,0,0,0,0,0,0,0,8,0,39.9445,-75.2236, , 
 ,46247,2013035093,6,67,67301,2013,3,7,200,2,3,1,0,1,1, , ,N,1,2,0,3,0,3,4,2,N,N,39 57:52.333,75 08:03.809,202, ,200, ,0, ,N, ,3, , , , , ,533723, , , ,2,2,0,0,0,0,0,0,0,0,2,0,3,1,0,0,0,0,0,0,0,0,0,3,0,0,0,0,0,0,0,0,0,0,0,3,0,39.9645,-75.1342, , 
 ,46248,2013022260,6,67,67301,2013,1,5,1733,17,4,1,0,8,1, , ,N,0,0,1,3,0,1,2,2,N,N,39 56:26.998,75 09:38.440,1736, ,1733, ,0, ,N, ,0, , , , , ,533754, , , ,1,1,0,0,0,0,0,0,0,0,1,0,1,0,0,0,0,0,0,0,0,0,0,0,0,0,0,0,0,0,0,0,1,0,0,3,0,39.9408,-75.1607, , 
 ,46249,2013035119,6,67,67301,2013,3,3,1442,14,1,2,1,5,4, , ,N,0,0,0,3,0,1,2,2,N,N,40 06:15.780,75 01:27.480,1535, ,1531, ,0, ,N, ,0, , , , , ,533762, , , ,2,2,0,0,0,0,0,0,0,0,0,1,1,0,0,0,0,0,0,0,0,0,0,0,0,0,0,0,0,0,0,0,0,0,0,4,0,40.1044,-75.0243, , 
 ,46250,2013047248,6,67,67301,2013,4,3,2316,23,3,1,0,1,2, , ,N,2,0,0,3,0,0,1,2,N,N,40 03:39.325,75 08:14.188,134, ,125, ,0, ,N, ,0, , , , , ,533768, , , ,2,2,0,0,0,0,0,0,0,0,0,0,0,0,0,0,0,0,0,0,0,0,0,0,0,0,0,0,0,0,0,0,0,0,0,0,0,40.0609,-75.1373, , 
 ,46251,2013050095,6,67,67301,2013,5,1,215,2,3,2,1,1,1, , ,N,0,0,0,3,0,0,4,3,N,N,39 56:20.510,75 11:49.009,233, ,219,2,2,4,N, ,0,Y, , , , ,533772, , , ,3,2,0,0,0,0,1,0,0,0,0,0,0,0,1,0,0,0,0,0,0,0,0,0,0,0,0,0,0,0,0,0,0,0,0,9,0,39.9382,-75.1978, , 
 ,46252,2013055544,6,67,67301,2013,5,7,2255,22,3,2,1,4,1, , ,N,1,2,0,3,0,2,8,5,N,N,39 55:05.900,75 12:31.948,2305, ,2303,3,2,6,N, ,3,Y, , , , ,533776, , , ,5,1,0,0,1,0,2,1,0,0,1,0,2,1,0,0,0,0,0,0,1,0,0,0,0,0,0,0,0,0,0,0,0,0,0,3,0,39.9182,-75.2088, , 
 ,46253,2013057899,6,67,67301,2013,4,4,1031,10,1,1,0,4,1, , ,N,0,0,0,3,0,0,4,4,N,N,39 58:39.913,75 12:03.973,1049, ,1033,1,1,3,N, ,0,N, , , , ,533778, , , ,4,1,0,0,1,0,1,1,0,0,0,0,0,0,0,0,0,0,0,0,1,0,0,0,0,0,0,0,0,0,0,0,0,0,0,0,0,39.9778,-75.2011, , 
 ,46254,2013012035,6,67,67301,2013,1,4,1822,18,3,1,0,8,1, , ,N,2,3,0,3,0,1,2,3,N,N,40 07:11.834,74 59:43.018,1825, ,1823,1,1,1,N, ,2,Y, , , , ,533800, , , ,2,1,0,0,1,0,0,0,0,0,1,0,1,0,0,0,0,0,0,0,1,0,0,0,0,0,0,0,0,0,0,0,1,0,0,3,0,40.12,-74.9953, , 
 ,46255,2013016217,6,67,67301,2013,1,1,1528,15,1,8,0,2,1, , ,N,1,2,0,3,0,0,3,2,N,N,39 55:17.779,75 08:53.544,1530, ,1528, ,0, , , ,3, , , , , ,540312, , , ,2,1,0,0,0,0,0,1,0,0,0,0,0,0,3,0,0,0,0,0,0,0,0,0,0,0,0,0,0,0,0,0,0,0,0,9,0,39.9263,-75.1469, , 
 ,46256,2013035019,6,67,67301,2013,2,7,1458,14,1,2,1,4,1, , ,N,1,2,0,3,0,1,2,2,N,N,39 59:06.403,75 14:50.558,1522, ,1518, ,0, ,N, ,3, , , , , ,540322, , , ,2,2,0,0,0,0,0,0,0,0,0,1,1,0,0,0,0,0,0,0,0,0,0,0,0,0,0,0,0,0,0,0,0,0,0,4,0,39.9851,-75.2474, , 
 ,46257,2013041377,6,67,67301,2013,3,6,1055,10,1,1,0,4,1, , ,N,1,2,0,3,0,1,2,2,N,N,39 56:33.952,75 09:56.688,1120, ,1115, ,0, , , ,3, , , , , ,540329, , , ,1,1,0,0,0,0,0,0,1,0,0,1,1,0,0,0,0,0,0,0,1,0,0,0,0,0,0,0,0,0,0,0,0,0,0,4,0,39.9428,-75.1656, , 
 ,46258,2013046519,6,67,67301,2013,4,7,1027,10,1,1,0,1,1, , ,N,0,0,0,3,0,2,5,3,N,N,39 56:48.637,75 11:17.504,1046, ,1033, ,0, ,N, ,0, , , , , ,540333, , , ,3,3,0,0,0,0,0,0,0,0,0,2,2,0,0,0,0,0,0,0,1,0,0,0,0,0,0,0,0,0,0,0,0,0,0,4,0,39.9468,-75.1882, , 
 ,46259,2013024880,6,67,67301,2013,2,6,1848,18,3,1,0,4,1, , ,N,0,0,7,3,0,1,3,3,N,N,40 03:27.520,75 02:54.741,1925, ,1920,1,1,4,N, ,0,N, , , , ,540362, , , ,3,2,0,0,1,0,0,0,0,0,0,0,1,1,0,0,0,0,0,0,0,0,0,1,0,0,0,0,0,0,0,0,0,0,0,8,0,40.0576,-75.0485, , 
 ,46260,2013029785,6,67,67301,2013,1,4,1140,11,1,1,0,4,1, , ,N,1,2,0,3,0,1,2,2,N, ,40 02:51.581,75 03:35.828,1152, ,1145, ,0, , , ,3, , , , , ,540368, , , ,1,0,0,0,0,0,1,0,1,0,0,1,1,0,0,0,0,0,0,0,1,0,0,0,0,0,0,0,0,0,0,0,0,0,0,4,0,40.0477,-75.06, , 
 ,46261,2013037455,6,67,67301,2013,2,4,819,8,1,2,1,1,1, , ,N,1,2,0,3,0,0,2,2,N,N,40 00:49.835,75 03:21.481,826, ,822,3,1,2,N, ,3,N, , , , ,540374, , , ,2,1,0,0,0,0,0,1,0,0,0,0,0,0,0,0,0,0,0,0,0,0,0,0,0,0,0,0,0,0,0,0,0,0,0,0,0,40.0138,-75.056, , 
 ,46262,2013051947,6,67,67301,2013,5,7,1654,16,1,2,1,7,2, , ,N,6,0,2,3,0,1,1,1,N,N,39 57:06.095,75 08:29.301,1706, ,1658,1,1,4,N, ,0,N, , , , ,540385, , , ,1,0,0,0,0,0,0,1,0,0,0,1,1,0,0,0,0,0,0,0,0,0,0,0,0,0,0,0,0,0,0,0,0,0,0,4,0,39.9517,-75.1415, , 
 ,46263,2013053137,6,67,67301,2013,4,4,1352,13,1,1,0,8,1, , ,N,1,2,0,3,0,1,2,2,N, ,39 59:38.150,75 09:16.063,9999, ,9999, ,0, , , ,3, , , , , ,540387, , , ,1,1,0,0,0,0,0,0,0,0,0,1,1,0,1,0,0,0,0,0,0,0,0,0,0,0,0,0,0,0,0,0,1,0,0,4,0,39.9939,-75.1545, , 
 ,46264,2013011714,6,67,67301,2013,1,2,2032,20,3,4,5,1,1, , ,N,0,0,0,3,0,4,6,3,N,N,39 55:20.438,75 08:52.199,2057, ,2038,2,1,2,N, ,0,Y, , , , ,540401, , , ,3,1,0,0,1,1,0,0,0,0,0,0,4,4,0,0,0,0,0,0,1,0,0,0,0,0,0,0,0,0,0,0,0,0,0,8,1,39.9224,-75.1478, , 
 ,46265,2013016156,6,67,67301,2013,1,1,1835,18,3,6,1,4,1, , ,N,0,0,7,3,0,0,3,2,N,N,39 56:58.969,75 12:01.746,1839, ,1837,2,2,4,N, ,0,Y, , , , ,540407, , , ,2,1,0,0,0,0,1,0,0,0,0,0,0,0,0,0,0,0,0,0,0,0,0,0,0,0,0,0,0,0,0,0,0,0,0,0,0,39.9497,-75.2005, , 
 ,46266,2013042793,6,67,67301,2013,4,3,817,8,1,1,0,7,2, , ,N,0,0,0,3,0,1,1,1,N,N,39 55:50.003,75 08:45.617,822, ,820, ,0, ,N, ,0, , , , , ,540429, , , ,1,1,0,0,0,0,0,0,0,0,0,0,1,1,0,0,0,0,0,0,0,0,0,0,0,0,0,0,0,0,0,0,0,0,0,8,0,39.9306,-75.146, , 
 ,46267,2013044116,6,67,67301,2013,3,5,1929,19,3,1,0,4,1, , ,N,1,3,0,3,0,1,3,2,N,N,39 57:25.138,75 13:09.994,1940, ,1936,1,1,2,N, ,3,N, , , , ,540475, , , ,2,2,0,0,0,0,0,0,0,0,0,1,1,0,0,0,0,0,0,0,0,0,0,0,0,0,0,0,0,0,0,0,0,0,0,4,0,39.957,-75.2194, , 
 ,46268,2013046338,6,67,67301,2013,4,4,1840,18,1,1,0,8,1, , ,N,1,2,0,3,0,1,2,2,N, ,40 01:45.919,75 07:28.901,1857, ,1852, ,0, , , ,3, , , , , ,540479, , , ,1,1,0,0,0,0,0,0,0,0,0,1,1,0,1,0,0,0,0,0,1,0,0,0,0,0,0,0,0,0,0,0,1,0,0,4,0,40.0294,-75.1247, , 
 ,46269,2013029783,6,67,67301,2013,2,2,929,9,1,1,0,1,1, , ,N,1,2,0,3,0,0,3,2,N,N,40 01:47.679,75 06:11.073,940, ,930,1,2,2,N, ,3,N, , , , ,540517, , , ,2,2,0,0,0,0,0,0,0,0,0,0,0,0,0,0,0,0,0,0,1,0,0,0,0,0,0,0,0,0,0,0,0,0,0,0,0,40.0299,-75.1031, , 
 ,46270,2013019415,6,67,67301,2013,2,7,1907,19,3,1,0,1,1, , ,N,0,0,0,3,0,1,2,2,N,N,39 59:26.495,75 12:17.188,1919, ,1919, ,0, ,N, ,0, , , , , ,540555, , , ,2,0,0,0,0,0,2,0,0,0,0,1,1,0,0,0,0,0,0,0,0,0,0,0,0,0,0,0,0,0,0,0,0,0,0,4,0,39.9907,-75.2048, , 
 ,46271,2013022781,6,67,67301,2013,2,2,833,8,1,1,0,7,4, , ,N,0,0,0,3,0,0,1,1,N,N,39 59:31.090,75 12:07.144,836, ,835, ,0, ,N, ,0, , , , , ,540560, , , ,1,1,0,0,0,0,0,0,0,0,0,0,0,0,0,0,0,0,1,0,0,0,0,0,0,0,0,0,0,0,0,0,0,0,0,0,0,39.992,-75.202, , 
 ,46272,2013024969,6,67,67301,2013,2,2,824,8,1,8,5,1,1, , ,N,1,2,0,3,0,1,2,2,Y,N,40 05:54.088,75 02:49.438,828, ,826,1,2,3,Y, ,3,N, , , , ,540563, , , ,2,1,0,1,0,0,0,0,0,0,0,0,1,1,0,0,0,0,0,0,1,0,0,0,0,0,0,0,0,0,0,0,0,0,0,8,1,40.0984,-75.0471, , 
 ,46273,2013022242,6,67,67301,2013,1,1,1420,14,1,1,0,8,2, , ,N,1,2,0,3,0,1,2,2,N, ,40 00:45.131,75 04:23.853,1421, ,1420, ,0, , , ,3, , , , , ,537371, , , ,1,1,0,0,0,0,0,0,0,0,0,1,1,0,0,0,0,0,0,0,0,0,0,0,0,0,0,0,0,0,0,0,1,0,0,4,0,40.0125,-75.0733, , 
 ,46274,2013054637,6,67,67301,2013,4,6,9999,99,1,1,0,4,1, , ,N,1,2,0,3,0,1,2,2,N,N,39 57:12.074,75 09:16.973,1005, ,1000, ,0, , , ,3, , , , , ,537391, , , ,2,1,0,1,0,0,0,0,0,0,0,1,1,0,0,0,0,0,0,0,0,0,0,1,0,0,0,0,0,0,0,0,0,0,0,4,1,39.9534,-75.1547, , 
 ,46275,2013055863,6,67,67301,2013,5,7,18,0,3,2,1,1,1, , ,N,1,2,0,3,0,1,2,2,N,N,40 04:28.594,75 02:06.267,19, ,19, ,0, , , ,3, , , , , ,537393, , , ,2,1,0,0,1,0,0,0,0,0,0,1,1,0,0,0,0,0,0,0,0,0,0,0,0,0,0,0,0,0,0,0,0,0,0,4,0,40.0746,-75.0351, , 
 ,46276,2013031906,6,67,67301,2013,3,5,1530,15,1,1,0,0,1, , ,N,0,0,0,3,0,0,1,1,N,N,39 52:55.521,75 14:43.528,1548, ,1538, ,0, ,N, ,0, , , , , ,537423, , , ,1,0,0,0,0,1,0,0,0,0,0,0,0,0,0,0,0,0,0,0,0,0,0,0,0,0,0,0,0,0,0,0,0,0,0,0,1,39.8821,-75.2454, , 
 ,46277,2013035123,6,67,67301,2013,2,4,1500,15,1,1,0,4,1, , ,N,0,0,7,3,0,0,2,2,N,N,40 02:58.479,75 05:44.227,1628, ,1627, ,0, ,N, ,0, , , , , ,537428, , , ,2,2,0,0,0,0,0,0,0,0,0,0,0,0,0,0,0,0,0,0,1,0,0,0,0,0,0,0,0,0,0,0,0,0,0,0,0,40.0496,-75.0956, , 
 ,46278,2013047363,6,67,67301,2013,3,6,1401,14,1,1,8,7,5, , ,N,0,0,0,3,0,0,1,1,N, ,40 05:44.901,74 59:28.514,1455, ,1448, ,0, , , ,0, , , , , ,537434, , , ,1,1,0,0,0,0,0,0,0,0,0,0,0,0,0,0,1,0,0,0,0,0,0,0,0,0,0,0,0,0,0,0,0,0,0,0,0,40.0958,-74.9913, , 
 ,46279,2013065338,6,67,67301,2013,5,6,814,8,1,1,0,1,1, , ,N,0,0,0,3,0,4,5,3,N,N,40 01:27.618,75 09:33.973,820, ,815,3,2,5,N, ,0,Y, , , , ,537445, , , ,3,2,0,0,1,0,0,0,0,0,0,4,4,0,0,0,0,0,0,0,0,0,0,0,0,0,0,0,0,0,0,0,0,0,0,4,0,40.0243,-75.1594, , 
 ,46280,2013065565,6,67,67301,2013,5,3,1458,14,1,1,0,8,6, , ,N,0,0,0,3,0,1,2,2,N,N,40 01:59.001,75 10:39.210,1505, ,1500, ,0, ,N, ,0, , , , , ,537446, , , ,1,1,0,0,0,0,0,0,0,0,1,0,1,0,0,0,0,0,0,0,1,0,0,0,0,0,0,0,0,0,0,0,1,0,0,3,0,40.0331,-75.1776, , 
 ,46281,2013070212,6,67,67301,2013,6,5,1902,19,1,1,0,1,1, , ,N,1,2,0,3,0,1,2,2,N,N,40 00:27.586,75 08:19.563,1911, ,1905, ,0, ,N, ,3, , , , , ,537452, , , ,2,1,0,0,0,0,1,0,0,0,0,1,1,0,0,0,0,0,0,0,2,0,0,0,0,0,0,0,0,0,0,0,0,0,0,4,0,40.0077,-75.1388, , 
 ,46282,2013070214,6,67,67301,2013,6,7,2022,20,3,1,0,4,1, , ,N,0,0,0,3,0,1,2,2,N,N,40 02:40.729,75 05:45.693,2038, ,2031, ,0, ,N, ,0, , , , , ,537453, , , ,1,1,0,0,0,0,0,0,1,0,0,0,1,1,0,0,0,0,0,0,0,0,0,0,0,0,0,0,0,0,0,0,0,0,0,8,0,40.0446,-75.096, , 
 ,46283,2013070300,6,67,67301,2013,6,7,1305,13,1,1,0,4,1, , ,N,1,2,0,3,0,1,5,2,N, ,39 57:28.162,75 08:50.070,1325, ,1315, ,0, , , ,3, , , , , ,537454, , , ,2,2,0,0,0,0,0,0,0,0,0,1,1,0,0,0,0,0,0,0,1,0,0,0,0,0,0,0,0,0,0,0,0,0,0,4,0,39.9578,-75.1472, , 
 ,46284,2013017686,6,67,67301,2013,2,1,2007,20,3,1,0,1,1, , ,N,0,0,0,3,0,2,2,2,N,N,40 00:36.265,75 12:23.664,2027, ,2012, ,0, ,N, ,0, , , , , ,537472, , , ,2,1,0,0,0,0,1,0,0,0,0,2,2,0,0,0,0,1,0,0,0,0,0,0,0,0,0,0,0,0,0,0,0,0,0,4,0,40.0101,-75.2066, , 
 ,46285,2013035266,6,67,67301,2013,2,7,2044,20,3,2,1,4,1, , ,N,1,3,0,3,0,1,6,2,N,N,40 01:47.384,75 08:25.573,2054, ,2051, ,0, ,N, ,3, , , , , ,537492, , , ,2,0,0,0,1,0,0,1,0,0,0,1,1,0,0,0,0,0,0,0,0,1,0,2,0,0,0,0,0,0,0,0,0,0,0,4,0,40.0298,-75.1404, , 
 ,46286,2013053009,6,67,67301,2013,4,5,1100,11,1,1,0,5,1, , ,N,1,2,0,3,0,2,4,2,N,N,39 58:00.943,75 13:47.747,1139, ,1111, ,0, ,N, ,3, , , , , ,537505, , , ,2,1,0,0,0,0,0,1,0,0,0,0,2,2,0,0,0,0,0,0,0,0,0,0,0,0,0,0,0,0,0,0,0,0,0,8,0,39.9669,-75.2299, , 
 ,46287,2013016258,6,67,67301,2013,1,7,203,2,3,2,1,7,2, , ,N,1,2,0,3,0,0,2,1,N,N,39 53:51.964,75 15:06.973,205, ,203, ,0, ,N, ,3, , , , , ,537518, , , ,1,1,0,0,0,0,0,0,0,0,0,0,0,0,0,0,0,0,0,1,0,0,0,0,0,0,0,0,0,0,0,0,0,0,0,0,0,39.8978,-75.2519, , 
 ,46288,2013032502,6,67,67301,2013,2,2,805,8,1,1,0,1,1, , ,N,0,0,0,3,0,1,2,2,N,N,40 04:30.950,75 04:24.492,813, ,809, ,0, , , ,0, , , , , ,537526, , , ,2,1,0,0,0,0,1,0,0,0,0,1,1,0,0,0,0,0,0,0,0,0,0,0,0,0,0,0,0,0,0,0,0,0,0,4,0,40.0753,-75.0735, , 
 ,46289,2013035203,6,67,67301,2013,2,5,900,9,1,1,0,4,1, , ,N,1,2,0,3,0,0,2,2,N, ,40 03:17.448,75 10:08.247,910, ,905, ,0, , , ,3, , , , , ,537529, , , ,2,2,0,0,0,0,0,0,0,0,0,0,0,0,0,0,0,0,0,0,0,1,0,0,0,0,0,0,0,0,0,0,0,0,0,0,0,40.0548,-75.169, , 
 ,46290,2013037477,6,67,67301,2013,3,2,1044,10,1,1,0,4,1, , ,N,1,2,0,3,0,1,2,3,N,N,40 02:16.088,75 04:28.064,1055, ,1046,1,1,7,N, ,3,Y, , , , ,537532, , , ,3,1,0,0,0,0,2,0,0,0,0,0,1,1,0,0,0,0,0,0,0,0,0,0,0,0,0,0,0,0,0,0,0,0,0,8,0,40.0378,-75.0745, , 
 ,46291,2013046290,6,67,67301,2013,4,4,701,7,1,1,8,7,2, , ,N,1,2,0,3,0,0,1,1,N,N,40 01:34.079,75 08:51.217,719, ,712, ,0, ,N, ,3, , , , , ,530170, , , ,1,0,0,0,0,0,1,0,0,0,0,0,0,0,0,0,0,0,0,0,0,0,0,0,0,0,0,0,0,0,0,0,0,0,0,0,0,40.0261,-75.1475, , 
 ,46292,2013053071,6,67,67301,2013,4,3,1240,12,1,1,0,4,1, , ,N,2,3,0,3,0,1,2,2,N, ,39 58:10.600,75 08:26.370,1245, ,1240, ,0, ,N, ,3, , , , , ,530176, , , ,2,0,0,0,1,0,1,0,0,0,0,0,1,1,0,0,0,0,0,0,1,0,0,0,0,0,0,0,0,0,0,0,0,0,0,8,0,39.9696,-75.1407, , 
 ,46293,2013053099,6,67,67301,2013,4,6,800,8,1,1,0,4,2, , ,N,0,0,7,3,0,1,2,2,N,N,40 04:08.359,75 11:56.917,1035, ,1033, ,0, ,N, ,0, , , , , ,530177, , , ,1,1,0,0,0,0,0,0,1,0,1,0,1,0,1,0,0,0,0,0,0,0,0,0,0,0,0,0,0,0,0,0,0,0,0,3,0,40.069,-75.1991, , 
 ,46294,2013038550,6,67,67301,2013,3,6,345,3,3,1,0,4,6, , ,N,0,0,0,3,0,0,2,4,N,N,40 03:49.946,75 08:50.910,345, ,345, ,0, ,N, ,0, , , , , ,530207, , , ,4,4,0,0,0,0,0,0,0,0,0,0,0,0,0,0,0,0,0,0,0,0,0,0,0,0,0,0,0,0,0,0,0,0,0,0,0,40.0639,-75.1475, , 
 ,46295,2013046361,6,67,67301,2013,4,7,626,6,1,1,0,4,1, , ,N,1,0,0,3,0,0,2,2,N, ,40 07:24.747,75 00:55.270,630, ,626, ,0, ,N, ,0, , , , , ,530215, , , ,2,2,0,0,0,0,0,0,0,0,0,0,0,0,0,0,0,0,0,0,0,0,0,0,0,0,0,0,0,0,0,0,0,0,0,0,0,40.1235,-75.0154, , 
 ,46296,2013047238,6,67,67301,2013,4,3,1844,18,1,1,0,7,4, , ,N,0,0,0,3,0,0,1,1,N,N,39 59:48.084,75 11:49.970,1847, ,1844, ,0, ,N, ,0, , , , , ,530217, , , ,1,1,0,0,0,0,0,0,0,0,0,0,0,0,0,0,0,0,0,0,0,0,0,0,0,0,0,0,0,0,0,0,0,0,0,0,0,39.9967,-75.1972, , 
 ,46297,2013005311,6,67,67301,2013,1,6,1337,13,1,1,0,4,1, , ,N,1,0,0,3,0,0,2,2,N,N,40 03:10.404,74 59:46.575,1337, ,1337, ,0, ,N, ,0, , , , , ,530228, , , ,2,2,0,0,0,0,0,0,0,0,0,0,0,0,0,0,0,0,0,0,1,0,1,0,0,0,0,0,0,0,0,0,0,0,0,0,0,40.0529,-74.9963, , 
 ,46298,2013011996,6,67,67301,2013,1,6,2235,22,3,1,0,8,1, , ,N,0,0,0,3,0,1,2,2,N,N,40 02:13.323,75 10:32.984,2245, ,2236, ,0, , , ,0, , , , , ,530234, , , ,1,1,0,0,0,0,0,0,0,0,0,0,1,1,1,0,0,0,0,0,0,0,0,0,0,0,0,0,0,0,0,0,1,0,0,8,0,40.037,-75.1758, , 
 ,46299,2013012067,6,67,67301,2013,1,4,1250,12,1,1,0,1,1, , ,N,1,2,0,3,0,1,2,2,N, ,39 55:16.534,75 11:37.851,1305, ,1300, ,0, , , ,3, , , , , ,530235, , , ,2,1,0,0,1,0,0,0,0,0,0,0,1,1,0,0,0,0,0,0,1,0,0,2,0,0,0,0,0,0,0,0,0,0,0,8,0,39.9213,-75.1938, , 
 ,46300,2013023995,6,46,46105,2013,2,1,511,5,2,1,0,9,1, , ,N,0,0,0,3,0,0,1,1,N,N,40 07:31.868,75 01:07.003,512, ,511, ,0, ,N, ,0, , , , , ,530246, , , ,1,1,0,0,0,0,0,0,0,0,0,0,0,0,0,0,0,0,0,0,1,0,0,0,0,0,0,0,0,0,0,0,0,0,0,0,0,40.1255,-75.0186, , 
 ,46301,2013026964,6,67,67301,2013,2,1,1629,16,1,1,0,4,1, , ,N,1,2,0,3,0,2,4,2,N,N,40 04:51.806,75 01:43.881,1635, ,1629,1,1,3,N, ,3,N, , , , ,530252, , , ,2,2,0,0,0,0,0,0,0,0,0,2,2,0,0,0,0,0,0,0,0,0,0,0,0,0,0,0,0,0,0,0,0,0,0,4,0,40.0811,-75.0289, , 
 ,46302,2013043421,6,67,67301,2013,3,3,625,6,5,8,1,4,1, , ,N,0,0,0,3,0,1,1,2,N,N,40 00:20.793,75 09:25.020,635, ,629, ,0, , , ,0, , , , , ,530271, , , ,2,2,0,0,0,0,0,0,0,1,0,0,1,0,0,0,0,0,0,0,0,0,0,0,0,0,0,0,0,0,0,0,0,0,0,2,0,40.0058,-75.157, , 
 ,46303,2013043454,6,67,67301,2013,3,4,2215,22,3,1,0,5,1, , ,N,1,2,0,3,0,1,3,3,N,N,40 03:24.532,75 02:49.228,2249, ,2216, ,0, , , ,3, , , , , ,530272, , , ,3,1,0,0,1,0,1,0,0,0,0,1,1,0,0,0,0,0,1,0,1,0,0,0,0,0,0,0,0,0,0,0,0,0,0,4,0,40.0568,-75.047, , 
 ,46304,2013043467,6,67,67301,2013,3,4,945,9,1,1,0,4,1, , ,N,1,2,0,3,0,0,2,2,N, ,40 02:22.401,75 05:03.893,955, ,949, ,0, , , ,3, , , , , ,530273, , , ,2,1,0,0,0,0,0,1,0,0,0,0,0,0,0,0,0,0,0,0,0,0,1,0,0,0,0,0,0,0,0,0,0,0,0,0,0,40.0396,-75.0844, , 
 ,46305,2013016187,6,67,67301,2013,1,4,1600,16,1,1,0,8,1, , ,N,1,2,0,3,0,1,2,2,N,N,39 58:02.378,75 14:44.992,1607, ,1604,9,1,2,N, ,3,N, , , , ,530285, , , ,1,1,0,0,0,0,0,0,0,0,0,1,1,0,0,0,0,0,0,0,0,0,0,0,0,0,0,0,0,0,0,0,1,0,0,4,0,39.9673,-75.2457, , 
N,46306,2013034154,6,67,67301,2013,3,1,709,7,1,1,0,7,3,1,4,Y,0,0,0,3,0,0,1,1,N,N,40 01:14.273,75 02:35.006,718,45,712,1,1,2,N, ,0,N,N,N,N,N,530303,N,N,Y,1,0,0,0,0,0,1,0,0,0,0,0,0,0,0,0,0,0,0,0,0,0,0,0,0,0,0,0,0,0,0,0,0,0,0,0,0,40.0206,-75.043, , 