wz_ln_closure,objectid_1,crn,district,county,municipality,crash_year,crash_month,day_of_week,time_of_day,hour_of_day,illumination,weather,road_condition,collision_type,relation_to_road,work_zone_type,work_zone_loc,work_zone_ind,intersect_type,tcd_type,location_type,urban_rural,fatal_count,injury_count,person_count,total_units,sch_bus_ind,sch_zone_ind,latitude,longitude,arrival_tm,cons_zone_spd_lim,dispatch_tm,est_hrs_closed,lane_closed,ln_close_dir,ntfy_hiwy_maint,spec_juris_cd,tcd_func_cd,tfc_detour_ind,workers_pres,wz_close_detour,wz_flagger,wz_law_offcr_ind,objectid,wz_moving,wz_other,wz_shlder_mdn,vehicle_count,automobile_count,motorcycle_count,bus_count,small_truck_count,heavy_truck_count,suv_count,van_count,bicycle_count,maj_inj_count,mod_inj_count,min_inj_count,tot_inj_count,unk_inj_deg_count,unk_inj_per_count,driver_count_16yr,driver_count_17yr,driver_count_18yr,driver_count_19yr,driver_count_20yr,driver_count_50_64yr,driver_count_65_74yr,driver_count_75plus,unbelted_occ_count,unb_death_count,unb_maj_inj_count,belted_death_count,belted_maj_inj_count,mcycle_death_count,mcycle_maj_inj_count,bicycle_death_count,bicycle_maj_inj_count,ped_count,ped_death_count,ped_maj_inj_count,max_severity_level,comm_veh_count,dec_lat,dec_long,rdwy_surf_type_cd,county_name
 ,46373,2013034998,6,67,67301,2013,3,1,9999,99,3,1,0,7,2, , ,N,0,0,0,3,0,0,1,1,N,N,39 59:48.345,75 10:26.040,2250, ,2247,1,1,2,N, ,0,N, , , , ,530502, , , ,1,1,0,0,0,0,0,0,0,0,0,0,0,0,0,0,0,0,0,0,0,0,0,0,0,0,0,0,0,0,0,0,0,0,0,0,0,39.9968,-75.1739, , 
 ,46374,2013037487,6,67,67301,2013,3,1,2153,21,3,1,0,4,6, , ,N,0,0,0,3,0,0,1,2,N,N,40 05:33.975,75 02:37.150,2156, ,2154,1,1,2,N, ,0,N, , , , ,530505, , , ,2,2,0,0,0,0,0,0,0,0,0,0,0,0,0,0,0,0,0,0,0,0,0,1,0,0,0,0,0,0,0,0,0,0,0,0,0,40.0928,-75.0437, , 
 ,46375,2013044483,6,67,67301,2013,1,6,2212,22,3,1,0,5,1, , ,N,0,0,0,3,0,1,2,2,N,N,39 54:09.800,75 09:03.367,2243, ,2232, ,0, ,N, ,0, , , , , ,530508, , , ,2,2,0,0,0,0,0,0,0,0,0,1,1,0,0,0,0,0,0,0,0,0,0,0,0,0,0,0,0,0,0,0,0,0,0,4,0,39.9027,-75.1509, , 
 ,46376,2013035278,6,67,67301,2013,3,4,1032,10,1,2,1,1,1, , ,N,0,2,0,3,0,2,2,3,N, ,39 56:44.167,75 09:13.305,1058, ,1049,9,1,2, , ,3,N, , , , ,530540, , , ,3,2,0,0,0,0,1,0,0,0,0,2,2,0,0,0,0,0,0,0,1,0,0,0,0,0,0,0,0,0,0,0,0,0,0,4,0,39.9456,-75.1537, , 
 ,46377,2013055376,6,67,67301,2013,5,7,145,1,3,1,0,7,5, , ,N,0,0,0,3,0,0,2,1,N,N,39 55:24.150,75 11:30.290,150, ,150,1,1,1,N, ,0,N, , , , ,530557, , , ,1,1,0,0,0,0,0,0,0,0,0,0,0,0,0,0,0,0,0,0,0,0,0,0,0,0,0,0,0,0,0,0,0,0,0,0,0,39.9234,-75.1917, , 
 ,46378,2013021391,6,67,67301,2013,2,1,1535,15,1,1,0,1,1, , ,N,6,0,2,3,0,0,3,2,N,N,39 56:55.117,75 11:09.395,1537, ,1536, ,0, ,N, ,0, , , , , ,530585, , , ,2,2,0,0,0,0,0,0,0,0,0,0,0,0,0,0,0,0,0,0,1,0,0,0,0,0,0,0,0,0,0,0,0,0,0,0,0,39.9486,-75.1859, , 
 ,46379,2013037450,6,67,67301,2013,3,5,2050,20,3,4,1,4,1, , ,N,1,2,0,3,0,0,2,2,N,N,40 00:30.704,75 12:38.642,2200, ,2110, ,0, ,N, ,3, , , , , ,530598, , , ,2,2,0,0,0,0,0,0,0,0,0,0,0,0,0,0,0,0,0,0,1,0,0,0,0,0,0,0,0,0,0,0,0,0,0,0,0,40.0084,-75.211, , 
 ,46380,2013043810,6,67,67301,2013,3,2,910,9,1,4,1,8,1, , ,N,1,1,0,3,0,1,2,2,N,N,39 57:02.541,75 09:45.727,925, ,920, ,0, ,N, ,2, , , , , ,530609, , , ,1,1,0,0,0,0,0,0,0,0,0,1,1,0,0,0,0,0,0,0,0,0,0,0,0,0,0,0,0,0,0,0,1,0,0,4,0,39.9507,-75.1627, , 
 ,46381,2013032476,6,67,67301,2013,2,1,1400,14,1,1,0,4,1, , ,N,1,3,0,3,0,0,2,2,N,N,39 56:58.131,75 13:08.453,1500, ,1440, ,0, ,N, ,3, , , , , ,530633, , , ,2,2,0,0,0,0,0,0,0,0,0,0,0,0,0,0,0,0,0,0,0,0,2,0,0,0,0,0,0,0,0,0,0,0,0,0,0,39.9495,-75.219, , 
 ,46382,2013037426,6,67,67301,2013,3,4,813,8,1,1,0,7,2, , ,N,0,0,0,3,0,1,1,1,N,N,40 03:16.133,75 02:55.142,825, ,813, ,0, ,N, ,0, , , , , ,530641, , , ,1,1,0,0,0,0,0,0,0,0,0,1,1,0,0,0,0,0,0,0,1,0,0,0,0,0,0,0,0,0,0,0,0,0,0,4,0,40.0545,-75.0487, , 
 ,46383,2013046362,6,67,67301,2013,4,6,2220,22,3,1,0,4,1, , ,N,0,0,7,3,0,1,2,3,N,N,40 02:09.769,75 07:16.524,2223, ,2222,2,1,2,N, ,0,Y, , , , ,534024, , , ,3,2,0,0,0,0,1,0,0,0,0,1,1,0,0,0,0,0,0,0,0,0,0,1,0,0,0,0,0,0,0,0,0,0,0,4,0,40.036,-75.1213, , 
 ,46384,2013025310,6,67,67301,2013,2,1,1600,16,1,1,0,5,1, , ,N,2,2,0,3,0,0,4,2,N,N,40 01:14.063,75 08:26.428,1612, ,1602,2,1,2,N, ,3,Y, , , , ,534049, , , ,2,1,0,0,0,1,0,0,0,0,0,0,0,0,0,0,0,0,0,0,0,0,0,0,0,0,0,0,0,0,0,0,0,0,0,0,1,40.0206,-75.1407, , 
 ,46385,2013043440,6,67,67301,2013,3,3,2000,20,3,1,0,8,1, , ,N,0,0,0,3,0,1,2,2,N, ,40 02:28.431,75 04:29.163,2008, ,2001, ,0, , , ,0, , , , , ,534065, , , ,1,0,0,0,0,0,0,0,0,0,1,0,1,0,0,0,0,0,0,0,0,0,0,0,0,0,0,0,0,0,0,0,1,0,0,3,0,40.0412,-75.0748, , 
 ,46386,2013044109,6,67,67301,2013,3,5,1950,19,1,1,0,4,1, , ,N,1,3,0,3,0,2,3,2,N, ,39 57:14.446,75 14:18.200,2010, ,2000, ,0, , , ,3, , , , , ,534066, , , ,2,1,0,0,0,0,1,0,0,0,0,0,2,2,0,0,0,0,0,0,1,0,0,3,0,0,0,0,0,0,0,0,0,0,0,8,0,39.954,-75.2384, , 
 ,46387,2013053077,6,67,67301,2013,4,2,845,8,1,2,1,8,1, , ,N,1,2,0,3,0,1,2,2,N, ,39 57:00.345,75 12:39.981,850, ,845, ,0, , , ,3, , , , , ,534078, , , ,1,1,0,0,0,0,0,0,0,0,0,0,1,1,0,0,0,0,0,0,0,0,0,1,0,0,0,0,0,0,0,0,1,0,0,8,0,39.9501,-75.2111, , 
 ,46388,2013023561,6,67,67301,2013,1,6,1903,19,3,2,1,8,1, , ,N,1,0,0,3,0,1,2,2,N,N,39 58:35.072,75 07:22.144,1910, ,1908, ,0, ,N, ,0, , , , , ,534095, , , ,1,0,0,0,0,0,0,1,0,0,0,0,1,1,0,0,0,0,0,0,0,0,0,0,0,0,0,0,0,0,0,0,1,0,0,8,0,39.9764,-75.1228, , 
 ,46389,2013035194,6,67,67301,2013,3,7,1730,17,1,1,0,4,2, , ,N,0,0,0,3,0,1,3,5,N,N,40 00:26.302,75 08:20.048,1755, ,1745, ,0, ,N, ,0, , , , , ,534108, , , ,5,1,0,0,4,0,0,0,0,0,0,1,1,0,0,0,0,0,0,0,0,0,0,0,0,0,0,0,0,0,0,0,0,0,0,4,0,40.0073,-75.1389, , 
 ,46390,2013029693,6,67,67301,2013,2,4,1515,15,1,1,0,4,1, , ,N,0,0,7,3,0,4,5,2,N,N,40 05:03.437,75 02:06.882,1518, ,1516, ,0, ,N, ,0, , , , , ,534149, , , ,2,2,0,0,0,0,0,0,0,0,1,3,4,0,0,0,0,0,0,1,0,0,0,0,0,0,0,0,0,0,0,0,0,0,0,3,0,40.0843,-75.0352, , 
 ,46391,2013035626,6,67,67301,2013,3,7,215,2,3,1,0,4,1, , ,N,1,3,0,3,0,1,3,2,N, ,39 57:42.022,75 14:41.618,215, ,215, ,0, , , ,3, , , , , ,534154, , , ,2,2,0,0,0,0,0,0,0,0,0,0,1,1,0,0,0,0,0,1,1,0,0,0,0,0,0,0,0,0,0,0,0,0,0,8,0,39.9617,-75.2449, , 
 ,46392,2013043826,6,67,67301,2013,3,1,1107,11,1,1,0,1,1, , ,N,1,2,0,3,0,1,5,3,N,N,40 02:25.164,75 03:30.735,1115, ,1108,1,1,1,N, ,3,N, , , , ,534159, , , ,3,2,0,0,0,0,1,0,0,0,0,1,1,0,0,0,0,0,0,0,0,0,0,0,0,0,0,0,0,0,0,0,0,0,0,4,0,40.0403,-75.0585, , 
 ,46393,2013050320,6,67,67301,2013,4,4,522,5,3,2,1,4,1, , ,N,1,2,0,3,0,2,3,2,N,N,40 01:37.801,75 09:04.478,538, ,530, ,0, ,N, ,3, , , , , ,534163, , , ,2,2,0,0,0,0,0,0,0,0,0,2,2,0,0,0,0,0,0,0,0,0,0,0,0,0,0,0,0,0,0,0,0,0,0,4,0,40.0272,-75.1512, , 
 ,46394,2013016157,6,67,67301,2013,1,2,1705,17,1,2,1,7,4, , ,N,0,0,0,3,0,0,1,1,N,N,40 05:03.051,75 13:19.138,1717, ,1712, ,0, ,N, ,0, , , , , ,534189, , , ,1,1,0,0,0,0,0,0,0,0,0,0,0,0,0,0,0,0,0,0,0,0,0,0,0,0,0,0,0,0,0,0,0,0,0,0,0,40.0842,-75.222, , 
 ,46395,2013032440,6,67,67301,2013,2,1,1430,14,1,1,0,4,1, , ,N,5,2,0,3,0,1,2,2,N,N,39 55:31.964,75 10:10.131,1440, ,1432, ,0, ,N, ,3, , , , , ,534206, , , ,2,0,1,0,0,0,1,0,0,0,0,0,1,1,0,0,0,0,0,1,0,0,0,0,0,0,0,0,0,0,0,0,0,0,0,8,0,39.9256,-75.1693, , 
 ,46396,2013035185,6,67,67301,2013,3,4,745,7,1,1,0,1,1, , ,N,0,2,0,3,0,2,4,3,N,N,40 01:49.958,75 05:14.399,808, ,747,1,1,2, , ,3,N, , , , ,534209, , , ,3,1,0,0,0,0,1,1,0,0,0,2,2,0,0,0,0,0,0,0,0,0,0,0,0,0,0,0,0,0,0,0,0,0,0,4,0,40.0305,-75.0873, , 
 ,46397,2013012003,6,67,67301,2013,1,3,751,7,1,1,0,1,1, , ,N,1,2,0,3,0,0,2,2,N, ,40 02:25.153,75 12:51.058,804, ,756, ,0, , , ,3, , , , , ,534232, , , ,2,2,0,0,0,0,0,0,0,0,0,0,0,0,0,0,0,0,1,0,0,0,0,0,0,0,0,0,0,0,0,0,0,0,0,0,0,40.0403,-75.2142, , 
 ,46398,2013037402,6,67,67301,2013,3,6,1537,15,1,1,0,4,1, , ,N,5,2,0,3,0,1,4,3,N,N,40 03:48.323,75 03:05.784,1549, ,1542, ,0, ,N, ,3, , , , , ,534252, , , ,3,2,0,0,0,0,1,0,0,0,0,1,1,0,2,0,0,0,0,0,2,0,0,0,0,0,0,0,0,0,0,0,0,0,0,4,0,40.0634,-75.0516, , 
 ,46399,2013046282,6,67,67301,2013,4,1,2220,22,3,1,0,4,1, , ,N,1,2,0,3,0,1,3,2,N,N,40 00:54.079,75 08:06.611,2230, ,2220, ,0, , , ,3, , , , , ,534260, , , ,2,2,0,0,0,0,0,0,0,0,0,1,1,0,0,0,0,0,0,1,0,0,0,0,0,0,0,0,0,0,0,0,0,0,0,4,0,40.015,-75.1352, , 
 ,46400,2013050329,6,67,67301,2013,4,4,910,9,1,1,0,1,1, , ,N,0,8,0,3,0,3,3,2,N,N,40 00:57.322,75 10:34.094,914, ,911,2,2,4,N, ,3,N, , , , ,534264, , , ,2,1,0,0,0,0,0,1,0,0,3,0,3,0,0,0,0,0,0,0,0,1,0,0,0,0,0,0,0,0,0,0,0,0,0,3,0,40.0159,-75.1761, , 
 ,46401,2013016204,6,67,67301,2013,1,7,1323,13,1,1,0,4,1, , ,N,1,3,0,3,0,0,2,2,N, ,39 56:43.479,75 09:50.266,1350, ,1347,1,2,2, , ,3,N, , , , ,540839, , , ,2,0,0,0,1,0,1,0,0,0,0,0,0,0,0,0,0,0,0,0,1,0,0,0,0,0,0,0,0,0,0,0,0,0,0,0,0,39.9454,-75.164, , 
 ,46402,2013017689,6,67,67301,2013,2,3,1705,17,4,4,1,5,4, , ,N,0,0,0,3,0,0,2,2,N,N,39 57:29.765,75 10:49.348,1710, ,1710,1,1,4,N, ,0,N, , , , ,540840, , , ,2,1,0,0,1,0,0,0,0,0,0,0,0,0,0,0,0,0,0,0,0,0,0,0,0,0,0,0,0,0,0,0,0,0,0,0,0,39.9583,-75.1804, , 
 ,46403,2013036669,6,67,67301,2013,3,5,815,8,1,1,0,1,1, , ,N,7,0,2,3,0,1,2,2,N,N,40 00:38.272,75 11:04.414,827, ,815,1,1,2,N, ,0,N, , , , ,540846, , , ,2,1,0,0,0,1,0,0,0,0,0,1,1,0,0,0,0,0,0,0,0,0,0,0,0,0,0,0,0,0,0,0,0,0,0,4,1,40.0106,-75.1846, , 
 ,46404,2013041283,6,67,67301,2013,3,7,2310,23,3,1,0,1,1, , ,N,1,2,0,3,0,2,2,2,N,N,40 02:04.023,75 06:53.623,2315, ,2312, ,0, ,N, ,3, , , , , ,540851, , , ,2,2,0,0,0,0,0,0,0,0,1,0,2,1,0,0,0,0,0,0,0,0,0,0,0,0,0,0,0,0,0,0,0,0,0,3,0,40.0345,-75.1149, , 
 ,46405,2013046399,6,67,67301,2013,4,4,1251,12,1,1,0,5,1, , ,N,1,2,0,3,0,2,3,2,N,N,40 00:09.954,75 08:16.245,1300, ,1251, ,0, ,N, ,3, , , , , ,540857, , , ,2,1,0,0,0,0,0,1,0,0,0,2,2,0,0,0,0,0,0,0,0,0,1,3,0,0,0,0,0,0,0,0,0,0,0,4,0,40.0028,-75.1378, , 
 ,46406,2013022203,6,67,67301,2013,1,2,1510,15,1,1,0,5,1, , ,N,0,0,0,3,0,1,4,2,N,N,39 57:04.500,75 10:07.791,1520, ,1515, ,0, ,N, ,0, , , , , ,540899, , , ,2,1,0,0,1,0,0,0,0,0,0,1,1,0,0,0,0,0,0,0,2,0,0,0,0,0,0,0,0,0,0,0,0,0,0,4,0,39.9513,-75.1688, , 
 ,46407,2013026916,6,67,67301,2013,2,6,1840,18,3,2,1,4,1, , ,N,1,2,0,3,0,1,2,2,N,N,39 57:46.285,75 12:08.510,1845, ,1840, ,0, ,N, ,3, , , , , ,540902, , , ,2,2,0,0,0,0,0,0,0,0,0,1,1,0,0,0,0,0,0,0,1,0,0,0,0,0,0,0,0,0,0,0,0,0,0,4,0,39.9629,-75.2024, , 
 ,46408,2013027336,6,67,67301,2013,2,6,1553,15,1,1,0,2,1, , ,N,0,8,0,3,0,4,4,2,N, ,40 03:31.215,75 14:14.477,1732, ,1704,3,2,5, , ,3,Y, , , , ,540904, , , ,2,1,0,1,0,0,0,0,0,0,0,0,4,4,0,0,0,0,0,0,0,0,0,0,0,0,0,0,0,0,0,0,0,0,0,8,1,40.0587,-75.2374, , 
 ,46409,2013055450,6,67,67301,2013,4,2,955,9,1,1,0,4,1, , ,N,1,2,0,3,0,0,2,2,N,N,39 57:40.697,75 10:30.951,1000, ,959, ,0, ,N, ,3, , , , , ,540918, , , ,2,1,0,1,0,0,0,0,0,0,0,0,0,0,0,0,0,0,0,0,0,0,1,0,0,0,0,0,0,0,0,0,0,0,0,0,1,39.9613,-75.175, , 
 ,46410,2013006374,6,67,67301,2013,1,3,27,0,3,2,1,5,1, , ,N,0,0,0,3,0,0,1,2,N,N,39 53:14.809,75 14:32.780,45, ,29, ,0, ,N, ,0, , , , , ,540934, , , ,2,0,0,0,0,1,0,1,0,0,0,0,0,0,0,0,0,0,0,0,0,0,0,0,0,0,0,0,0,0,0,0,0,0,0,0,0,39.8874,-75.2424, , 
N,46411,2013018535,6,67,67301,2013,2,6,1259,12,1,2,1,1,1,1,2,Y,0,0,0,3,0,4,4,3,N,N,39 58:17.431,75 07:25.245,1308,45,1302,2,2,2,N, ,0,N,N,N,N,N,540943,N,Y,N,3,1,0,0,0,1,1,0,0,0,0,2,4,2,0,0,0,0,1,0,0,0,0,0,0,0,0,0,0,0,0,0,0,0,0,4,1,39.9715,-75.1236, , 
 ,46412,2013029637,6,67,67301,2013,2,3,1510,15,1,1,0,8,1, , ,N,0,0,0,3,0,1,3,2,N,Y,39 56:24.615,75 13:56.132,1525, ,1516, ,0, ,N, ,0, , , , , ,540951, , , ,1,1,0,0,0,0,0,0,0,0,0,1,1,0,0,0,0,0,0,0,0,0,0,0,0,0,0,0,0,0,0,0,1,0,0,4,0,39.9402,-75.2323, , 
 ,46413,2013037400,6,67,67301,2013,3,7,1432,14,1,3,1,1,1, , ,N,0,0,0,3,0,1,3,2,N,N,40 05:44.452,75 00:59.165,1520, ,512, ,0, ,N, ,0, , , , , ,540958, , , ,2,0,0,0,0,0,1,0,0,0,0,0,1,1,0,0,0,0,0,0,0,0,0,1,0,0,0,0,0,0,0,0,0,0,0,8,0,40.0957,-75.0164, , 
 ,46414,2013043766,6,67,67301,2013,3,6,1110,11,1,1,0,4,1, , ,N,3,3,0,3,0,3,3,2,N,N,39 58:24.856,75 11:13.183,1129, ,1124, ,0, ,N, ,3, , , , , ,540966, , , ,2,1,0,0,1,0,0,0,0,0,0,0,3,3,0,0,0,0,0,0,1,0,0,0,0,0,0,0,0,0,0,0,0,0,0,8,0,39.9736,-75.187, , 
 ,46415,2013043880,6,67,67301,2013,4,6,2317,23,3,2,1,1,1, , ,N,0,0,0,3,0,0,3,3,N,N,40 01:41.830,75 01:24.024,2339, ,2319,2,1,2,N, ,0,Y, , , , ,540967, , , ,3,3,0,0,0,0,0,0,0,0,0,0,0,0,0,0,0,0,1,0,1,0,0,0,0,0,0,0,0,0,0,0,0,0,0,0,0,40.0281,-75.0235, , 
 ,46416,2013045928,6,67,67301,2013,4,6,1714,17,1,1,0,2,1, , ,N,1,2,0,3,0,1,3,2,N,N,40 00:22.155,75 09:06.498,1716, ,1715,1,1,1,N, ,3,N, , , , ,540969, , , ,2,2,0,0,0,0,0,0,0,0,1,0,1,0,0,0,0,0,0,0,0,0,0,3,0,0,0,0,0,0,0,0,0,0,0,3,0,40.0062,-75.1518, , 
 ,46417,2013026936,6,67,67301,2013,2,1,1,0,3,1,0,4,1, , ,N,1,2,0,3,0,2,4,2,N, ,40 02:12.854,75 04:47.301,10, ,5, ,0, , , ,3, , , , , ,540999, , , ,2,1,0,0,1,0,0,0,0,0,0,1,2,1,0,0,1,0,0,0,0,0,0,0,0,0,0,0,0,0,0,0,0,0,0,4,0,40.0369,-75.0798, , 
 ,46418,2013035133,6,67,67301,2013,3,3,0,0,3,1,0,1,1, , ,N,2,2,7,3,0,1,4,3,N, ,39 56:05.542,75 08:33.939,6, ,3, ,0, , , ,3, , , , , ,541007, , , ,3,2,0,0,1,0,0,0,0,0,0,0,1,1,0,0,0,0,0,0,0,0,0,0,0,0,0,0,0,0,0,0,0,0,0,8,0,39.9348,-75.1426, , 
 ,46419,2013047286,6,67,67301,2013,4,2,2346,23,3,1,0,1,6, , ,N,0,0,0,3,0,0,1,3,N, ,39 57:22.279,75 12:24.177,25, ,22, ,0, , , ,0, , , , , ,537675, , , ,3,2,0,0,0,0,0,1,0,0,0,0,0,0,0,0,0,0,0,0,1,0,0,0,0,0,0,0,0,0,0,0,0,0,0,0,0,39.9562,-75.2067, , 
 ,46420,2013065414,6,67,67301,2013,5,5,1000,10,1,1,0,4,1, , ,N,2,2,7,3,0,1,2,2,N,N,39 58:09.149,75 11:04.199,1018, ,1010, ,0, ,N, ,3, , , , , ,537688, , , ,1,1,0,0,0,0,0,0,1,0,1,0,1,0,0,0,0,0,0,0,0,1,0,0,0,0,0,0,0,0,0,0,0,0,0,3,0,39.9693,-75.1846, , 
 ,46421,2013070237,6,67,67301,2013,6,4,1524,15,1,1,0,4,1, , ,N,1,2,0,3,0,0,3,2,N,N,39 59:31.730,75 05:57.398,1528, ,1525, ,0, ,N, ,3, , , , , ,537694, , , ,2,1,0,0,0,0,1,0,0,0,0,0,0,0,0,0,0,0,0,0,0,0,0,0,0,0,0,0,0,0,0,0,0,0,0,0,0,39.9921,-75.0993, , 
 ,46422,2013022230,6,67,67301,2013,1,2,1040,10,1,2,1,1,1, , ,N,1,3,0,3,0,3,4,2,N,N,39 57:55.389,75 11:25.403,1040, ,1042,2,2,1,N, ,3,Y, , , , ,537709, , , ,2,0,0,0,0,1,1,0,0,0,0,0,3,3,0,0,0,0,0,0,2,0,0,0,0,0,0,0,0,0,0,0,0,0,0,8,1,39.9654,-75.1904, , 
 ,46423,2013032484,6,67,67301,2013,2,1,950,9,1,1,0,1,1, , ,N,1,2,0,3,0,1,2,2,N,N,40 03:35.733,75 01:06.209,954, ,953, ,0, , , ,3, , , , , ,537712, , , ,2,1,0,0,0,0,1,0,0,0,0,0,1,1,0,0,0,0,0,0,0,1,0,0,0,0,0,0,0,0,0,0,0,0,0,8,0,40.0599,-75.0184, , 
 ,46424,2013042623,6,67,67301,2013,4,2,1144,11,1,1,0,1,1, , ,N,0,0,0,3,0,2,2,5,N,N,39 55:26.756,75 09:45.975,1200, ,1145,2,2,2,N, ,0,Y, , , , ,537720, , , ,5,3,0,0,0,0,2,0,0,0,0,0,2,2,0,0,0,0,0,0,0,0,0,0,0,0,0,0,0,0,0,0,0,0,0,8,0,39.9241,-75.1628, , 
 ,46425,2013050466,6,67,67301,2013,4,4,155,1,3,1,0,1,1, , ,N,0,0,0,3,0,1,4,2,N,N,39 53:55.822,75 10:15.896,155, ,155, ,0, ,N, ,0, , , , , ,537727, , , ,2,1,0,0,1,0,0,0,0,0,0,0,1,1,1,0,0,0,0,0,0,0,1,0,0,0,0,0,0,0,0,0,0,0,0,8,0,39.8988,-75.171, , 
 ,46426,2013053036,6,67,67301,2013,4,2,845,8,1,1,0,5,1, , ,N,5,2,0,3,0,2,2,2,N,N,40 01:39.133,75 03:44.544,853, ,848, ,0, , , ,3, , , , , ,537730, , , ,2,1,1,0,0,0,0,0,0,0,0,0,2,2,0,0,0,0,0,0,0,0,0,0,0,0,0,0,0,0,0,0,0,0,0,8,0,40.0274,-75.0627, , 
 ,46427,2013055617,6,67,67301,2013,5,1,1800,18,1,1,0,4,1, , ,N,1,2,0,3,0,2,5,2,N,N,40 04:12.010,75 09:45.872,1803, ,1803,1,2,6,N, ,3,Y, , , , ,537733, , , ,2,1,0,0,0,0,1,0,0,0,1,1,2,0,0,0,0,0,0,0,0,1,0,0,0,0,0,0,0,0,0,0,0,0,0,3,0,40.07,-75.1627, , 
 ,46428,2013061079,6,67,67301,2013,6,3,720,7,1,1,0,1,1, , ,N,0,0,0,3,0,1,2,2,N,N,40 02:14.692,75 00:46.874,734, ,720, ,0, ,N, ,0, , , , , ,537739, , , ,2,2,0,0,0,0,0,0,0,0,0,1,1,0,0,0,0,0,0,0,1,0,0,0,0,0,0,0,0,0,0,0,0,0,0,4,0,40.0374,-75.013, , 
 ,46429,2013007400,6,67,67301,2013,1,1,2219,22,2,1,1,1,1, , ,N,0,0,0,3,0,0,2,2,N,N,39 58:19.554,75 11:36.917,2230, ,2227, ,0, ,N, ,0, , , , , ,537747, , , ,2,2,0,0,0,0,0,0,0,0,0,0,0,0,0,0,0,0,0,0,0,1,0,0,0,0,0,0,0,0,0,0,0,0,0,0,0,39.9721,-75.1936, , 
 ,46430,2013023530,6,67,67301,2013,1,6,129,1,3,1,0,4,1, , ,N,1,2,0,3,0,1,2,2,N,N,40 02:04.023,75 06:53.623,212, ,159,3,1,1,N, ,3,Y, , , , ,537763, , , ,2,0,0,0,0,0,2,0,0,0,0,0,1,1,1,0,0,0,0,0,0,0,0,0,0,0,0,0,0,0,0,0,0,0,0,8,0,40.0345,-75.1149, , 
 ,46431,2013034148,6,67,67301,2013,3,5,213,2,3,1,0,7,2, , ,N,0,0,2,3,0,0,1,1,N,N,40 00:16.139,75 04:33.615,218, ,216,1,1,1,N, ,0,N, , , , ,537773, , , ,1,1,0,0,0,0,0,0,0,0,0,0,0,0,0,0,0,0,0,1,0,0,0,0,0,0,0,0,0,0,0,0,0,0,0,0,0,40.0045,-75.076, , 
 ,46432,2013046450,6,67,67301,2013,3,6,9999,99,1,1,0,4,1, , ,N,2,3,0,3,0,1,2,2,N,N,40 05:50.283,74 58:34.082,1400, ,1354, ,0, ,N, ,3, , , , , ,537788, , , ,2,2,0,0,0,0,0,0,0,0,0,0,1,1,0,0,0,1,0,0,1,0,0,0,0,0,0,0,0,0,0,0,0,0,0,8,0,40.0973,-74.9761, , 
 ,46433,2013053045,6,67,67301,2013,4,2,1817,18,1,1,0,4,1, , ,N,1,2,0,3,0,1,3,2,N,N,39 55:01.859,75 14:46.691,1820, ,1819,1,1,4,N, ,3,N, , , , ,537793, , , ,2,1,0,0,0,0,1,0,0,0,0,0,1,1,0,0,0,0,0,0,0,0,0,0,0,0,0,0,0,0,0,0,0,0,0,8,0,39.9172,-75.2463, , 
 ,46434,2013022268,6,67,67301,2013,1,3,1111,11,1,1,0,5,1, , ,N,1,0,0,3,0,1,2,2,N,N,40 01:24.369,75 08:21.713,1147, ,1113, ,0, ,N, ,0, , , , , ,537808, , , ,2,1,0,0,1,0,0,0,0,0,0,1,1,0,0,0,0,0,0,0,0,0,0,1,0,0,0,0,0,0,0,0,0,0,0,4,0,40.0234,-75.1394, , 
 ,46435,2013024950,6,67,67301,2013,1,2,850,8,1,4,1,8,1, , ,N,0,0,7,3,0,1,2,2,N,N,39 59:29.193,75 08:08.173,859, ,853, ,0, ,N, ,0, , , , , ,537809, , , ,1,1,0,0,0,0,0,0,0,0,0,0,1,1,0,0,0,0,0,0,0,0,1,0,0,0,0,0,0,0,0,0,1,0,0,8,0,39.9914,-75.1356, , 
 ,46436,2013070044,6,67,67301,2013,6,3,1744,17,1,1,0,4,1, , ,N,0,0,7,3,0,1,2,2,N, ,40 02:01.240,75 05:17.650,1754, ,1749, ,0, , , ,0, , , , , ,537840, , , ,1,0,0,0,1,0,0,0,1,0,1,0,1,0,0,0,0,0,0,0,0,1,0,0,0,0,0,0,0,0,0,0,0,0,0,3,0,40.0337,-75.0882, , 
 ,46437,2013047283,6,67,67301,2013,4,3,1717,17,1,1,0,1,1, , ,N,2,0,0,3,0,1,3,3,N, ,40 06:08.974,75 02:18.448,1719, ,1717,3,2,1,N, ,0,Y, , , , ,530648, , , ,3,2,0,0,0,0,1,0,0,0,0,0,1,1,0,0,0,0,0,0,0,0,0,0,0,0,0,0,0,0,0,0,0,0,0,8,0,40.1025,-75.0385, , 
 ,46438,2013050352,6,67,67301,2013,4,6,324,3,3,1,0,5,6, , ,N,0,0,0,3,0,2,2,3,N,N,39 55:44.770,75 09:01.213,324, ,324,3,2,4,N, ,0,Y, , , , ,530652, , , ,3,1,0,0,1,0,1,0,0,0,0,0,2,2,0,0,0,0,0,0,0,0,0,2,0,0,0,0,0,0,0,0,0,0,0,8,0,39.9291,-75.1503, , 
 ,46439,2013012089,6,67,67301,2013,1,4,1421,14,1,1,0,8,1, , ,N,1,2,0,3,0,1,2,2,N,N,40 02:07.762,75 13:02.189,1424, ,1421, ,0, ,N, ,3, , , , , ,530662, , , ,1,1,0,0,0,0,0,0,0,0,0,1,1,0,0,0,0,0,0,0,1,0,0,0,0,0,0,0,0,0,0,0,1,0,0,4,0,40.0355,-75.2173, , 