wz_ln_closure,objectid_1,crn,district,county,municipality,crash_year,crash_month,day_of_week,time_of_day,hour_of_day,illumination,weather,road_condition,collision_type,relation_to_road,work_zone_type,work_zone_loc,work_zone_ind,intersect_type,tcd_type,location_type,urban_rural,fatal_count,injury_count,person_count,total_units,sch_bus_ind,sch_zone_ind,latitude,longitude,arrival_tm,cons_zone_spd_lim,dispatch_tm,est_hrs_closed,lane_closed,ln_close_dir,ntfy_hiwy_maint,spec_juris_cd,tcd_func_cd,tfc_detour_ind,workers_pres,wz_close_detour,wz_flagger,wz_law_offcr_ind,objectid,wz_moving,wz_other,wz_shlder_mdn,vehicle_count,automobile_count,motorcycle_count,bus_count,small_truck_count,heavy_truck_count,suv_count,van_count,bicycle_count,maj_inj_count,mod_inj_count,min_inj_count,tot_inj_count,unk_inj_deg_count,unk_inj_per_count,driver_count_16yr,driver_count_17yr,driver_count_18yr,driver_count_19yr,driver_count_20yr,driver_count_50_64yr,driver_count_65_74yr,driver_count_75plus,unbelted_occ_count,unb_death_count,unb_maj_inj_count,belted_death_count,belted_maj_inj_count,mcycle_death_count,mcycle_maj_inj_count,bicycle_death_count,bicycle_maj_inj_count,ped_count,ped_death_count,ped_maj_inj_count,max_severity_level,comm_veh_count,dec_lat,dec_long,rdwy_surf_type_cd,county_name
 ,46440,2013035129,6,67,67301,2013,3,1,1348,13,1,1,0,8,1, , ,N,0,0,0,3,0,1,2,2,N,N,40 00:35.928,75 03:59.911,1352, ,1352, ,0, ,N, ,0, , , , , ,530683, , , ,1,0,0,0,0,0,0,0,0,0,0,0,1,1,0,0,0,0,0,0,0,0,0,0,0,0,0,0,0,0,0,0,1,0,0,8,0,40.01,-75.0666, , 
 ,46441,2013037353,6,67,67301,2013,2,6,820,8,1,1,0,4,1, , ,N,1,0,2,3,0,0,2,2,N,N,39 57:35.612,75 10:31.307,835, ,830, ,0, ,N, ,0, , , , , ,530686, , , ,2,2,0,0,0,0,0,0,0,0,0,0,0,0,1,0,0,0,0,0,0,0,0,0,0,0,0,0,0,0,0,0,0,0,0,9,0,39.9599,-75.1754, , 
 ,46442,2013037398,6,67,67301,2013,3,6,1005,10,1,1,0,4,1, , ,N,0,0,0,3,0,1,4,2,N,N,40 05:39.002,75 01:51.076,1015, ,1012, ,0, ,N, ,0, , , , , ,530687, , , ,2,1,0,0,1,0,0,0,0,0,0,0,1,1,1,0,0,0,0,0,0,0,0,0,0,0,0,0,0,0,0,0,0,0,0,8,0,40.0942,-75.0309, , 
 ,46443,2013050355,6,67,67301,2013,4,4,1600,16,1,1,0,5,2, , ,N,2,2,0,3,0,1,2,3,N,N,39 59:43.623,75 07:47.693,1735, ,1730, ,0, ,N, ,3, , , , , ,530700, , , ,3,1,0,0,0,1,1,0,0,0,0,0,1,1,0,0,0,0,0,0,1,0,0,0,0,0,0,0,0,0,0,0,0,0,0,8,1,39.9955,-75.1299, , 
 ,46444,2013052566,6,67,67301,2013,5,4,1632,16,1,1,0,4,1, , ,N,1,2,0,3,1,3,4,4,N,N,39 57:47.866,75 10:04.092,1637, ,1634,9,2,7,N,0,3,Y, , , , ,530703, , , ,2,2,0,0,0,0,0,0,0,0,0,0,3,3,0,0,0,0,0,0,1,0,0,0,0,0,0,0,0,0,0,0,2,1,0,1,0,39.9632,-75.1678,2, 
Y,46445,2013052707,6,67,67301,2013,5,1,1230,12,1,1,0,1,1,1,4,Y,0,0,0,3,0,1,7,4,N,N,40 01:14.359,75 02:32.834,1242,45,1232,2,1,1,N, ,0,N,N,N,N,N,530704,Y,N,Y,4,2,0,0,0,0,2,0,0,0,0,1,1,0,0,0,0,0,0,0,1,0,0,0,0,0,0,0,0,0,0,0,0,0,0,4,0,40.0206,-75.0426, , 
 ,46446,2013016272,6,67,67301,2013,1,2,9999,99,2,2,1,8,1, , ,N,1,3,0,3,0,1,2,2,N,N,40 01:24.628,75 10:17.986,2019, ,2006, ,0, ,N, ,3, , , , , ,530718, , , ,1,1,0,0,0,0,0,0,0,0,0,1,1,0,0,0,0,0,0,0,0,0,0,0,0,0,0,0,0,0,0,0,1,0,0,4,0,40.0235,-75.1717, , 
 ,46447,2013016203,6,67,67301,2013,1,6,543,5,3,1,0,4,1, , ,N,1,2,0,3,0,4,4,2,N,N,39 57:00.719,75 09:31.120,545, ,543, ,0, ,N, ,3, , , , , ,530766, , , ,2,2,0,0,0,0,0,0,0,0,0,0,4,4,0,0,0,0,0,0,1,0,0,1,0,0,0,0,0,0,0,0,0,0,0,8,0,39.9502,-75.1586, , 
 ,46448,2013035256,6,67,67301,2013,2,5,1615,16,1,1,0,4,1, , ,N,1,2,0,3,0,1,2,2,N, ,40 00:59.814,75 08:49.815,1631, ,1631, ,0, , , ,3, , , , , ,530779, , , ,2,2,0,0,0,0,0,0,0,0,0,1,1,0,0,0,0,0,0,0,0,0,0,0,0,0,0,0,0,0,0,0,0,0,0,4,0,40.0166,-75.1472, , 
 ,46449,2013046412,6,67,67301,2013,4,2,1940,19,3,1,0,4,1, , ,N,0,3,7,3,0,1,2,2,N,N,40 05:36.930,75 01:52.252,1950, ,1950, ,0, ,N, ,3, , , , , ,530794, , , ,2,2,0,0,0,0,0,0,0,0,0,0,1,1,0,0,0,1,0,0,0,0,0,0,0,0,0,0,0,0,0,0,0,0,0,8,0,40.0936,-75.0312, , 
 ,46450,2013046440,6,67,67301,2013,4,3,1955,19,3,1,0,6,1, , ,N,1,2,0,3,0,1,2,2,N,N,39 57:04.866,75 11:56.817,1956, ,1955,1,1,4,N, ,3,Y, , , , ,530795, , , ,2,2,0,0,0,0,0,0,0,0,0,1,1,0,0,0,0,0,0,0,0,0,0,2,0,0,0,0,0,0,0,0,0,0,0,4,0,39.9514,-75.1991, , 
 ,46451,2013055328,6,67,67301,2013,5,6,1915,19,1,1,0,8,1, , ,N,0,0,0,3,0,1,2,2,N, ,39 59:08.808,75 10:20.056,1920, ,1915,2,2,2, , ,0,Y, , , , ,530801, , , ,1,1,0,0,0,0,0,0,0,0,1,0,1,0,0,0,0,0,0,0,0,0,0,0,0,0,0,0,0,0,0,0,1,0,0,3,0,39.9858,-75.1722, , 
 ,46452,2013022300,6,67,67301,2013,1,7,1738,17,3,1,0,7,5, , ,N,1,2,0,3,0,0,1,1,N,N,39 54:20.727,75 11:38.377,1745, ,1740, ,0, ,N, ,3, , , , , ,530814, , , ,1,1,0,0,0,0,0,0,0,0,0,0,0,0,0,0,0,0,0,0,1,0,0,0,0,0,0,0,0,0,0,0,0,0,0,0,0,39.9057,-75.1938, , 
 ,46453,2013046315,6,67,67301,2013,3,6,230,2,3,1,0,1,2, , ,N,0,0,0,3,0,0,1,3,N,N,40 03:07.503,75 08:30.406,324, ,323, ,0, ,N, ,0, , , , , ,530832, , , ,3,1,0,0,0,0,1,0,0,0,0,0,0,0,0,0,0,0,0,0,0,0,0,0,0,0,0,0,0,0,0,0,0,0,0,0,0,40.0521,-75.1418, , 
 ,46454,2013053057,6,67,67301,2013,4,6,2222,22,3,1,0,4,1, , ,N,0,0,0,3,0,1,2,4,N,N,39 58:57.038,75 07:49.109,2222, ,2222, ,0, ,N, ,0, , , , , ,530838, , , ,4,4,0,0,0,0,0,0,0,0,0,1,1,0,0,0,0,0,0,0,0,0,0,0,0,0,0,0,0,0,0,0,0,0,0,4,0,39.9825,-75.1303, , 
 ,46455,2013065402,6,67,67301,2013,5,4,1615,16,1,1,0,4,1, , ,N,1,2,0,3,0,1,4,2,N, ,40 02:39.816,75 04:21.663,1621, ,1617,9,1,6, , ,3,N, , , , ,534272, , , ,2,2,0,0,0,0,0,0,0,0,0,1,1,0,0,0,0,0,0,0,1,0,0,0,0,0,0,0,0,0,0,0,0,0,0,4,0,40.0444,-75.0726, , 
 ,46456,2013012030,6,67,67301,2013,1,2,1410,14,1,1,0,4,1, , ,N,1,2,0,3,0,1,2,2,N,N,40 03:20.701,75 05:22.429,1415, ,1411, ,0, ,N, ,3, , , , , ,534280, , , ,2,1,0,0,0,0,1,0,0,0,0,0,1,1,0,0,0,0,0,0,2,0,0,0,0,0,0,0,0,0,0,0,0,0,0,8,0,40.0558,-75.0896, , 
 ,46457,2013016176,6,67,67301,2013,1,6,1945,19,3,2,1,4,1, , ,N,2,3,7,3,0,1,2,2,N, ,40 02:00.042,75 06:04.179,2156, ,2149, ,0, , , ,3, , , , , ,534331, , , ,2,2,0,0,0,0,0,0,0,0,0,0,1,1,0,0,0,0,1,0,0,0,0,0,0,0,0,0,0,0,0,0,0,0,0,8,0,40.0333,-75.1012, , 
 ,46458,2013026277,6,67,67301,2013,3,7,117,1,3,1,0,5,1, , ,N,0,0,0,3,0,1,2,2,N,N,39 58:37.928,75 11:57.578,122, ,118,2,1,4,N, ,0,N, , , , ,534341, , , ,2,1,0,0,0,0,0,1,0,0,0,0,1,1,1,0,0,0,0,0,1,0,0,0,0,0,0,0,0,0,0,0,0,0,0,8,0,39.9772,-75.1993, , 
 ,46459,2013012098,6,67,67301,2013,1,3,125,1,3,1,0,0,1, , ,N,0,0,0,3,0,0,1,1,N,N,40 01:20.571,75 11:55.103,130, ,125,1,2,7,N, ,0,Y, , , , ,534378, , , ,1,1,0,0,0,0,0,0,0,0,0,0,0,0,0,0,0,0,0,1,0,0,0,0,0,0,0,0,0,0,0,0,0,0,0,0,0,40.0224,-75.1986, , 
 ,46460,2013050471,6,67,67301,2013,5,4,730,7,1,2,1,4,1, , ,N,0,0,0,3,0,0,3,3,N,N,39 58:58.281,75 12:28.350,741, ,740,1,1,4,N, ,0,N, , , , ,534402, , , ,3,2,0,0,0,0,0,1,0,0,0,0,0,0,0,0,0,0,0,0,0,0,0,0,0,0,0,0,0,0,0,0,0,0,0,0,0,39.9829,-75.2079, , 
 ,46461,2013055843,6,67,67301,2013,5,2,1925,19,1,1,0,7,2, , ,N,3,2,0,3,0,2,3,1,N, ,40 05:30.716,75 02:50.638,1929, ,1927,1,1,3, , ,3,N, , , , ,534406, , , ,1,1,0,0,0,0,0,0,0,0,0,1,2,1,1,0,0,1,0,0,0,0,0,1,0,0,0,0,0,0,0,0,0,0,0,4,0,40.0919,-75.0474, , 
 ,46462,2013029650,6,67,67301,2013,2,1,1300,13,1,8,4,4,1, , ,N,1,2,2,3,0,1,2,2,N, ,40 05:58.224,74 59:10.989,1425, ,1411, ,0, , , ,3, , , , , ,534438, , , ,2,0,0,0,0,0,2,0,0,0,0,0,1,1,0,0,0,0,0,0,0,0,0,0,0,0,0,0,0,0,0,0,0,0,0,8,0,40.0995,-74.9864, , 
 ,46463,2013029655,6,67,67301,2013,2,3,940,9,1,1,0,8,1, , ,N,0,0,0,3,0,1,2,2,N,N,40 02:56.609,75 03:44.634,943, ,941, ,0, ,N, ,0, , , , , ,534489, , , ,1,0,0,0,0,0,1,0,0,0,1,0,1,0,1,0,0,0,0,0,0,0,0,0,0,0,0,0,0,0,0,0,1,0,0,3,0,40.0491,-75.0624, , 
 ,46464,2013032446,6,67,67301,2013,2,7,2040,20,3,2,1,8,1, , ,N,1,2,0,3,0,1,2,2,N,N,39 57:09.211,75 11:24.156,2047, ,2045, ,0, ,N, ,3, , , , , ,534490, , , ,1,1,0,0,0,0,0,0,0,0,0,0,1,1,0,0,0,0,0,0,0,0,0,0,0,0,0,0,0,0,0,0,1,0,0,8,0,39.9526,-75.19, , 
 ,46465,2013022326,6,67,67301,2013,1,2,9999,99,1,1,0,4,1, , ,N,2,3,0,3,0,1,2,2,N,N,39 56:56.623,75 09:20.444,320, ,315, ,0, ,N, ,3, , , , , ,534528, , , ,2,1,0,0,0,0,1,0,0,0,0,1,1,0,0,0,0,0,0,0,1,0,0,0,0,0,0,0,0,0,0,0,0,0,0,4,0,39.9491,-75.1557, , 
 ,46466,2013029743,6,67,67301,2013,2,5,816,8,1,8,1,8,1, , ,N,1,0,0,3,0,1,2,2,N,N,40 03:41.901,75 14:11.684,9999, ,819,1,1,1, , ,0,Y, , , , ,534540, , , ,1,1,0,0,0,0,0,0,0,0,0,1,1,0,0,0,0,0,0,0,0,0,0,1,0,0,0,0,0,0,0,0,1,0,0,4,0,40.0616,-75.2366, , 
 ,46467,2013053030,6,67,67301,2013,4,2,732,7,1,1,0,5,1, , ,N,2,0,0,3,0,1,3,2,N,N,39 58:38.391,75 13:38.956,753, ,743, ,0, , , ,0, , , , , ,534561, , , ,2,1,0,0,1,0,0,0,0,0,0,0,1,1,0,0,0,0,0,0,0,0,0,0,0,0,0,0,0,0,0,0,0,0,0,8,0,39.9773,-75.2275, , 
 ,46468,2013013586,6,67,67301,2013,1,5,1326,13,1,1,0,7,1, , ,N,0,0,0,3,0,0,1,1,N,N,40 01:25.700,75 01:57.998,1347, ,1327, ,0, ,N, ,0, , , , , ,534571, , , ,1,1,0,0,0,0,0,0,0,0,0,0,0,0,0,0,0,0,0,0,0,0,0,0,0,0,0,0,0,0,0,0,0,0,0,0,0,40.0238,-75.0327, , 
 ,46469,2013035046,6,67,67301,2013,2,7,9999,99,3,1,0,4,1, , ,N,1,2,0,3,0,0,5,2,N,N,39 57:27.736,75 09:44.915,2330, ,2329, ,0, ,N, ,3, , , , , ,534592, , , ,2,2,0,0,0,0,0,0,0,0,0,0,0,0,0,0,0,0,0,0,0,0,0,0,0,0,0,0,0,0,0,0,0,0,0,0,0,39.9577,-75.1624, , 
 ,46470,2013035187,6,67,67301,2013,3,7,731,7,1,1,0,1,1, , ,N,3,2,6,3,0,1,3,2,N,N,40 01:47.170,75 06:16.717,745, ,734,1,1,2,N, ,3,N, , , , ,534593, , , ,2,1,0,0,0,0,1,0,0,0,0,1,1,0,0,0,0,0,0,0,0,0,0,0,0,0,0,0,0,0,0,0,0,0,0,4,0,40.0298,-75.1046, , 
 ,46471,2013046240,6,67,67301,2013,4,1,215,2,3,1,0,8,1, , ,N,1,2,0,3,0,1,2,2,N, ,39 59:16.496,75 10:56.062,236, ,230, ,0, , , ,3, , , , , ,534602, , , ,1,1,0,0,0,0,0,0,0,0,0,1,1,0,0,0,0,0,0,0,0,0,0,0,0,0,0,0,0,0,0,0,1,0,0,4,0,39.9879,-75.1822, , 
 ,46472,2013041369,6,67,67301,2013,3,3,2005,20,3,1,0,4,1, , ,N,1,2,0,3,0,2,2,2,N, ,39 56:40.704,75 09:54.830,2030, ,2020,9,1,4, , ,3,N, , , , ,534649, , , ,2,2,0,0,0,0,0,0,0,0,0,0,2,2,0,0,0,0,0,0,1,0,0,0,0,0,0,0,0,0,0,0,0,0,0,8,0,39.9447,-75.1652, , 
 ,46473,2013035254,6,67,67301,2013,2,4,9999,99,1,1,0,8,1, , ,N,1,2,0,3,0,1,2,2,N, ,39 58:00.447,75 10:43.839,1124, ,9999, ,0, , , ,3, , , , , ,541008, , , ,1,1,0,0,0,0,0,0,0,0,0,0,1,1,0,0,0,0,0,0,0,0,0,0,0,0,0,0,0,0,0,0,1,0,0,8,0,39.9668,-75.1788, , 
N,46474,2013039597,6,67,67301,2013,4,5,1605,16,1,1,0,1,1,1,1,Y,0,0,0,3,0,1,2,2,N,N,39 59:13.143,75 05:26.288,1615,55,1607, ,0, ,N, ,0, ,N,N,N,N,541012,N,N,Y,2,2,0,0,0,0,0,0,0,0,0,1,1,0,1,0,0,0,1,0,0,0,0,0,0,0,0,0,0,0,0,0,0,0,0,4,0,39.9869,-75.0908, , 
 ,46475,2013054638,6,67,67301,2013,4,3,2200,22,3,1,0,8,1, , ,N,0,0,0,3,0,1,2,2,N, ,40 01:34.767,75 05:50.762,2206, ,2206,9,2,1, , ,0,Y, , , , ,541022, , , ,1,1,0,0,0,0,0,0,0,0,0,0,1,1,0,0,0,0,0,0,0,0,0,0,0,0,0,0,0,0,0,0,1,0,0,8,0,40.0263,-75.0974, , 
 ,46476,2013022278,6,67,67301,2013,1,2,1752,17,3,1,0,1,1, , ,N,0,0,0,3,0,1,3,2,N,N,40 00:09.498,75 09:39.607,1910, ,1910, ,0, , , ,0, , , , , ,541044, , , ,2,1,0,0,0,0,1,0,0,0,0,0,1,1,0,0,0,0,0,0,0,1,0,0,0,0,0,0,0,0,0,0,0,0,0,8,0,40.0026,-75.161, , 
 ,46477,2013050196,6,67,67301,2013,4,2,1236,12,1,1,0,5,1, , ,N,1,0,0,3,0,1,3,2,N,N,40 01:17.486,75 08:23.326,1244, ,1239,1,1,2,N, ,0,N, , , , ,541071, , , ,2,0,0,0,0,0,1,1,0,0,0,1,1,0,0,0,0,0,0,0,0,0,0,0,0,0,0,0,0,0,0,0,0,0,0,4,0,40.0215,-75.1398, , 
 ,46478,2013016155,6,67,67301,2013,1,5,2355,23,3,1,0,8,1, , ,N,2,2,0,3,0,1,2,2,N,N,39 56:56.025,75 11:22.873,2356, ,2355, ,0, ,N, ,3, , , , , ,541079, , , ,1,0,0,0,0,0,1,0,0,0,0,1,1,0,0,0,0,0,0,0,0,1,0,0,0,0,0,0,0,0,0,0,1,0,0,4,0,39.9489,-75.1897, , 
 ,46479,2013022255,6,67,67301,2013,1,5,1900,19,3,1,0,1,1, , ,N,0,0,0,3,0,0,3,2,N,N,39 58:04.313,75 13:30.328,1923, ,1923, ,0, ,N, ,0, , , , , ,541083, , , ,2,1,0,0,0,0,1,0,0,0,0,0,0,0,2,0,0,0,0,0,0,0,0,0,0,0,0,0,0,0,0,0,0,0,0,9,0,39.9679,-75.2251, , 
 ,46480,2013032461,6,67,67301,2013,2,5,1307,13,1,1,0,1,1, , ,N,0,0,0,3,0,0,4,3,N,N,39 57:43.532,75 13:27.943,1320, ,1317,2,1,2,N, ,0,N, , , , ,541092, , , ,3,1,0,0,0,0,0,2,0,0,0,0,0,0,0,0,0,0,0,0,0,0,0,0,0,0,0,0,0,0,0,0,0,0,0,0,0,39.9621,-75.2244, , 
 ,46481,2013035633,6,67,67301,2013,3,6,2240,22,3,1,0,7,4, , ,N,0,0,0,3,0,1,1,1,N, ,40 06:21.844,74 58:44.821,2249, ,2245, ,0, , , ,0, , , , , ,541094, , , ,1,0,0,0,0,0,1,0,0,0,0,0,1,1,0,1,0,0,0,0,0,0,0,0,0,0,0,0,0,0,0,0,0,0,0,8,0,40.1061,-74.9791, , 
 ,46482,2013046329,6,67,67301,2013,4,2,1734,17,1,1,0,1,1, , ,N,2,3,0,3,0,0,4,2,N,N,40 01:33.170,75 07:10.932,1745, ,1739,1,1,1,N, ,3,N, , , , ,541106, , , ,2,0,0,0,1,0,1,0,0,0,0,0,0,0,0,0,0,0,0,0,1,0,0,0,0,0,0,0,0,0,0,0,0,0,0,0,0,40.0259,-75.1197, , 
 ,46483,2013046374,6,67,67301,2013,4,4,610,6,1,1,0,8,1, , ,N,0,0,0,3,0,1,2,2,N,N,39 59:10.186,75 08:29.403,620, ,618,1,2,1,N, ,0,Y, , , , ,541107, , , ,1,1,0,0,0,0,0,0,0,0,0,0,1,1,0,0,0,0,0,0,0,0,0,0,0,0,0,0,0,0,0,0,1,0,0,8,0,39.9862,-75.1415, , 
 ,46484,2013035651,6,67,67301,2013,2,5,1730,17,4,1,0,4,1, , ,N,1,3,0,3,0,0,2,2,N, ,39 56:18.900,75 11:54.432,1950, ,1947, ,0, , , ,3, , , , , ,541149, , , ,2,1,0,0,0,0,1,0,0,0,0,0,0,0,0,0,0,0,0,0,0,0,0,0,0,0,0,0,0,0,0,0,0,0,0,0,0,39.9386,-75.1985, , 
 ,46485,2013041335,6,67,67301,2013,3,5,559,5,3,1,0,8,1, , ,N,2,3,0,3,0,1,2,2,N,N,39 59:31.635,75 06:09.428,607, ,607, ,0, ,N, ,3, , , , , ,541157, , , ,1,1,0,0,0,0,0,0,0,0,1,0,1,0,0,0,0,0,0,0,1,0,0,0,0,0,0,0,0,0,0,0,1,0,0,3,0,39.9921,-75.1026, , 
 ,46486,2013043798,6,67,67301,2013,3,2,1623,16,1,3,1,5,1, , ,N,2,2,0,3,0,1,2,2,N,N,39 53:43.550,75 14:00.600,1634, ,1634,2,1,1,N, ,3,N, , , , ,541159, , , ,2,1,0,0,0,1,0,0,0,0,0,1,1,0,0,0,0,0,0,0,1,0,0,0,0,0,0,0,0,0,0,0,0,0,0,4,1,39.8954,-75.2335, , 
 ,46487,2013046401,6,67,67301,2013,4,1,1412,14,1,1,0,1,2, , ,N,0,0,0,3,0,1,2,3,N, ,40 04:10.398,75 01:57.615,1420, ,1412, ,0, , , ,0, , , , , ,541162, , , ,2,1,0,0,1,0,0,0,0,0,0,0,1,1,0,0,0,0,0,0,0,0,0,0,0,0,0,0,0,0,0,0,1,0,0,8,0,40.0696,-75.0327, , 
 ,46488,2013026266,6,67,67301,2013,2,5,2115,21,3,1,0,1,1, , ,N,6,0,2,3,0,0,2,2,N,N,39 53:14.758,75 10:32.030,2158, ,2118, ,0, ,N, ,0, , , , , ,541183, , , ,2,1,0,0,0,0,0,0,0,0,0,0,0,0,1,0,0,0,0,0,1,0,0,0,0,0,0,0,0,0,0,0,0,0,0,9,0,39.8874,-75.1756, , 
 ,46489,2013047305,6,67,67301,2013,4,6,1025,10,1,2,1,1,1, , ,N,2,2,0,3,0,0,3,3,N,N,39 57:19.579,75 10:59.273,1050, ,1050,1,1,2,N, ,3,N, , , , ,541197, , , ,3,3,0,0,0,0,0,0,0,0,0,0,0,0,0,0,0,0,0,0,0,0,0,0,0,0,0,0,0,0,0,0,0,0,0,0,0,39.9554,-75.1831, , 
 ,46490,2013047353,6,67,67301,2013,4,4,1730,17,1,1,0,1,1, , ,N,1,2,0,3,0,1,3,2,N,N,39 56:16.216,75 10:00.536,1820, ,1818, ,0, ,N, ,3, , , , , ,541198, , , ,2,1,0,0,0,0,0,1,0,0,0,1,1,0,0,0,0,0,1,0,0,1,0,0,0,0,0,0,0,0,0,0,0,0,0,4,0,39.9379,-75.1667, , 
 ,46491,2013005339,6,67,67301,2013,1,7,1716,17,3,1,0,1,1, , ,N,0,0,0,3,0,0,7,3,N,N,39 59:19.066,75 12:25.193,1734, ,1718,1,1,3,N, ,0,N, , , , ,537843, , , ,3,0,0,0,0,0,2,1,0,0,0,0,0,0,0,0,0,0,0,0,2,0,0,0,0,0,0,0,0,0,0,0,0,0,0,0,0,39.9886,-75.207, , 
 ,46492,2013041286,6,67,67301,2013,3,3,930,9,1,2,1,4,6, , ,N,0,0,0,3,0,1,3,2,N, ,39 57:36.068,75 09:55.616,1215, ,1206, ,0, , , ,0, , , , , ,537871, , , ,2,1,0,0,0,0,1,0,0,0,0,1,1,0,1,0,0,0,0,0,0,0,0,0,0,0,0,0,0,0,0,0,0,0,0,4,0,39.96,-75.1654, , 
 ,46493,2013055324,6,67,67301,2013,4,2,1850,18,4,2,1,4,1, , ,N,1,2,0,3,0,0,2,2,N,N,39 58:20.370,75 14:55.737,1910, ,1859, ,0, ,N, ,3, , , , , ,537884, , , ,2,1,0,0,0,0,0,1,0,0,0,0,0,0,0,0,0,0,0,0,0,0,0,0,0,0,0,0,0,0,0,0,0,0,0,0,0,39.9723,-75.2488, , 
 ,46494,2013017684,6,67,67301,2013,2,6,1850,18,3,1,0,1,1, , ,N,0,0,0,3,0,1,2,2,N,N,39 59:43.152,75 11:51.512,1859, ,1854,1,1,4,N, ,0,N, , , , ,537906, , , ,2,1,0,0,0,0,1,0,0,0,0,1,1,0,0,0,0,0,0,0,0,0,0,0,0,0,0,0,0,0,0,0,0,0,0,4,0,39.9953,-75.1976, , 
 ,46495,2013035100,6,67,67301,2013,3,2,1200,12,1,1,0,4,1, , ,N,2,3,0,3,0,2,4,2,N,N,40 02:40.423,75 08:40.657,1205, ,1200,1,1,3,N, ,3,N, , , , ,537917, , , ,2,2,0,0,0,0,0,0,0,0,0,0,2,2,0,0,0,0,0,0,1,0,0,0,0,0,0,0,0,0,0,0,0,0,0,8,0,40.0446,-75.1446, , 
 ,46496,2013054367,6,67,67301,2013,5,2,1420,14,1,1,0,7,2, , ,N,0,0,2,3,0,1,2,2,N,N,39 54:39.650,75 09:01.571,1549, ,1518,3,2,2,Y, ,0,N, , , , ,537972, , , ,2,0,0,0,1,1,0,0,0,0,0,0,1,1,0,0,0,0,0,0,0,0,0,1,0,0,0,0,0,0,0,0,0,0,0,8,1,39.911,-75.1504, , 
 ,46497,2013037033,6,67,67301,2013,1,6,703,7,1,1,0,8,1, , ,N,1,2,0,3,1,0,2,2,N,N,40 03:34.205,75 04:49.964,730, ,723,3,2,1, ,0,3,Y, , , , ,538017, , , ,1,0,0,0,0,0,1,0,0,0,0,0,0,0,0,0,0,0,0,0,0,1,0,0,0,0,0,0,0,0,0,0,1,1,0,1,0,40.0595,-75.0805,2, 
 ,46498,2013050254,6,67,67301,2013,4,1,300,3,3,1,0,7,5, , ,N,0,0,0,3,0,2,3,1,N,N,40 01:15.916,75 05:29.220,310, ,307, ,0, ,N, ,0, , , , , ,538027, , , ,1,1,0,0,0,0,0,0,0,0,0,2,2,0,0,0,0,0,0,0,0,0,0,2,0,0,0,0,0,0,0,0,0,0,0,4,0,40.0211,-75.0915, , 
 ,46499,2013023562,6,67,67301,2013,1,1,858,8,1,1,0,1,1, , ,N,1,2,0,3,0,1,2,2,N,N,40 04:39.685,75 04:15.594,925, ,919, ,0, ,N, ,3, , , , , ,538051, , , ,2,2,0,0,0,0,0,0,0,0,0,0,1,1,1,0,0,0,0,0,0,1,0,0,0,0,0,0,0,0,0,0,0,0,0,8,0,40.0777,-75.071, , 
 ,46500,2013047272,6,67,67301,2013,4,2,740,7,1,1,0,8,1, , ,N,1,3,0,3,0,1,2,2,N,N,39 55:58.569,75 10:39.525,750, ,745, ,0, ,N, ,3, , , , , ,538071, , , ,1,1,0,0,0,0,0,0,0,0,0,0,1,1,1,0,0,0,0,0,1,0,0,0,0,0,0,0,0,0,0,0,1,0,0,8,0,39.9329,-75.1776, , 
 ,46501,2013050269,6,67,67301,2013,4,5,814,8,1,1,0,6,1, , ,N,0,8,7,3,0,1,4,2,N, ,40 01:12.048,75 10:30.428,859, ,814, ,0, ,N, ,3, , , , , ,538074, , , ,2,2,0,0,0,0,0,0,0,0,0,0,1,1,3,0,0,0,0,0,0,0,0,0,0,0,0,0,0,0,0,0,0,0,0,8,0,40.02,-75.1751, , 
 ,46502,2013034748,6,67,67301,2013,3,5,50,0,3,1,0,7,4, , ,N,0,0,0,3,0,2,3,1,N,N,39 55:53.387,75 11:58.754,104, ,57,2,1,4,N, ,0,N, , , , ,538111, , , ,1,1,0,0,0,0,0,0,0,0,0,2,2,0,0,0,0,0,1,0,0,0,0,0,0,0,0,0,0,0,0,0,0,0,0,4,0,39.9315,-75.1997, , 
 ,46503,2013054631,6,67,67301,2013,4,2,1253,12,1,1,0,7,5, , ,N,0,0,2,3,0,0,2,1,N,N,40 05:06.849,74 58:10.887,1318, ,1313, ,0, ,N, ,0, , , , , ,538128, , , ,1,1,0,0,0,0,0,0,0,0,0,0,0,0,0,0,0,0,0,0,0,0,0,0,0,0,0,0,0,0,0,0,0,0,0,0,0,40.0852,-74.9697, , 
 ,46504,2013029604,6,67,67301,2013,2,7,9999,99,3,1,0,7,7, , ,N,2,0,0,3,0,1,1,1,N,N,39 56:45.926,75 11:54.625,323, ,323, ,0, , , ,0, , , , , ,538157, , , ,1,1,0,0,0,0,0,0,0,1,0,0,1,0,0,0,0,0,0,0,0,0,0,1,0,1,0,0,0,0,0,0,0,0,0,2,0,39.9461,-75.1985, , 
 ,46505,2013029777,6,67,67301,2013,2,4,728,7,1,1,0,5,1, , ,N,0,0,0,3,0,0,2,2,N,N,40 01:05.938,75 10:08.610,732, ,730,2,1,4,N, ,0,Y, , , , ,538158, , , ,2,1,0,0,1,0,0,0,0,0,0,0,0,0,0,0,0,0,0,0,1,0,0,0,0,0,0,0,0,0,0,0,0,0,0,0,0,40.0183,-75.1691, , 