wz_ln_closure,objectid_1,crn,district,county,municipality,crash_year,crash_month,day_of_week,time_of_day,hour_of_day,illumination,weather,road_condition,collision_type,relation_to_road,work_zone_type,work_zone_loc,work_zone_ind,intersect_type,tcd_type,location_type,urban_rural,fatal_count,injury_count,person_count,total_units,sch_bus_ind,sch_zone_ind,latitude,longitude,arrival_tm,cons_zone_spd_lim,dispatch_tm,est_hrs_closed,lane_closed,ln_close_dir,ntfy_hiwy_maint,spec_juris_cd,tcd_func_cd,tfc_detour_ind,workers_pres,wz_close_detour,wz_flagger,wz_law_offcr_ind,objectid,wz_moving,wz_other,wz_shlder_mdn,vehicle_count,automobile_count,motorcycle_count,bus_count,small_truck_count,heavy_truck_count,suv_count,van_count,bicycle_count,maj_inj_count,mod_inj_count,min_inj_count,tot_inj_count,unk_inj_deg_count,unk_inj_per_count,driver_count_16yr,driver_count_17yr,driver_count_18yr,driver_count_19yr,driver_count_20yr,driver_count_50_64yr,driver_count_65_74yr,driver_count_75plus,unbelted_occ_count,unb_death_count,unb_maj_inj_count,belted_death_count,belted_maj_inj_count,mcycle_death_count,mcycle_maj_inj_count,bicycle_death_count,bicycle_maj_inj_count,ped_count,ped_death_count,ped_maj_inj_count,max_severity_level,comm_veh_count,dec_lat,dec_long,rdwy_surf_type_cd,county_name
 ,46706,2013050310,6,67,67301,2013,4,3,740,7,1,1,0,1,1, , ,N,1,2,0,3,0,0,2,2,N,N,40 03:03.985,75 09:32.569,750, ,742, ,0, ,N, ,3, , , , , ,541927, , , ,2,1,0,0,0,0,1,0,0,0,0,0,0,0,0,0,0,0,0,0,0,0,0,0,0,0,0,0,0,0,0,0,0,0,0,0,0,40.0511,-75.159, , 
 ,46707,2013053017,6,67,67301,2013,4,5,524,5,5,1,0,7,2, , ,N,0,0,0,3,0,0,1,1,N,N,40 04:20.177,75 02:11.713,540, ,528,2,1,1,Y, ,0,N, , , , ,541928, , , ,1,1,0,0,0,0,0,0,0,0,0,0,0,0,1,0,0,0,0,0,0,0,0,0,0,0,0,0,0,0,0,0,0,0,0,9,0,40.0723,-75.0366, , 
 ,46708,2013023506,6,67,67301,2013,1,6,1239,12,1,1,0,1,1, , ,N,3,2,0,3,0,1,2,2,N,N,40 01:52.626,75 05:06.090,1255, ,1241,1,1,1,N, ,3,N, , , , ,538725, , , ,2,1,0,0,1,0,0,0,0,0,0,1,1,0,0,0,0,0,0,0,1,0,0,0,0,0,0,0,0,0,0,0,0,0,0,4,0,40.0313,-75.085, , 
 ,46709,2013024565,6,67,67301,2013,2,6,6,0,3,1,0,7,4, , ,N,7,0,2,3,0,0,1,1,N,N,39 56:42.208,75 11:26.989,14, ,7,1,1,3,N, ,0,N, , , , ,538728, , , ,1,1,0,0,0,0,0,0,0,0,0,0,0,0,1,0,0,0,0,0,0,0,0,0,0,0,0,0,0,0,0,0,0,0,0,9,0,39.9451,-75.1908, , 
 ,46710,2013024881,6,67,67301,2013,2,6,1349,13,1,1,0,1,1, , ,N,2,0,0,3,0,2,2,2,N,N,40 06:11.588,75 02:12.942,1415, ,1411,1,1,5,N, ,0,Y, , , , ,538730, , , ,2,2,0,0,0,0,0,0,0,0,2,0,2,0,0,0,0,0,0,0,0,0,0,0,0,0,0,0,0,0,0,0,0,0,0,3,0,40.1032,-75.0369, , 
N,46711,2013032697,6,67,67301,2013,3,3,1700,17,1,1,0,1,1,1,4,Y,0,0,0,3,0,0,3,3,N,N,39 58:01.953,75 08:00.673,1710,45,1707,1,1,2,N, ,0,N,N,N,N,N,538737,N,N,Y,3,2,0,0,1,0,0,0,0,0,0,0,0,0,0,0,0,0,0,0,0,0,0,0,0,0,0,0,0,0,0,0,0,0,0,0,0,39.9672,-75.1335, , 
 ,46712,2013053066,6,67,67301,2013,4,3,9999,99,1,1,0,1,1, , ,N,0,0,0,3,0,0,6,2,N, ,39 59:23.013,75 07:59.491,9999, ,9999, ,0, , , ,0, , , , , ,538752, , , ,2,1,0,0,0,0,1,0,0,0,0,0,0,0,0,0,0,0,0,0,0,0,0,0,0,0,0,0,0,0,0,0,0,0,0,0,0,39.9897,-75.1332, , 
 ,46713,2013029806,6,67,67301,2013,2,7,910,9,1,1,0,8,1, , ,N,1,2,0,3,0,1,2,2,N, ,39 58:19.726,75 07:29.308,920, ,914, ,0, , , ,3, , , , , ,538778, , , ,1,1,0,0,0,0,0,0,0,0,1,0,1,0,0,0,0,0,0,0,1,0,0,0,0,0,0,0,0,0,0,0,1,0,0,3,0,39.9721,-75.1248, , 
 ,46714,2013036989,6,46,46102,2013,4,4,1045,10,1,1,0,4,1, , ,N,1,2,2,3,0,0,3,2,N,N,40 03:42.744,75 08:12.512,1052, ,1049,1,1,2,N, ,3,N, , , , ,538785, , , ,2,1,0,0,0,0,1,0,0,0,0,0,0,0,0,0,0,0,0,0,0,1,0,0,0,0,0,0,0,0,0,0,0,0,0,0,0,40.0619,-75.1368, , 
 ,46715,2013037391,6,67,67301,2013,3,7,2029,20,3,2,1,4,1, , ,N,1,3,0,3,0,0,2,2,N,N,40 01:29.780,75 03:47.699,2117, ,2115, ,0, , , ,3, , , , , ,538786, , , ,2,1,0,0,0,0,0,1,0,0,0,0,0,0,0,0,0,1,0,0,0,0,0,0,0,0,0,0,0,0,0,0,0,0,0,0,0,40.0249,-75.0632, , 
 ,46716,2013046400,6,67,67301,2013,4,7,725,7,5,1,0,4,1, , ,N,1,2,0,3,0,3,3,3,N,N,39 58:30.302,75 11:42.002,727, ,725,2,2,7,N, ,3,Y, , , , ,538789, , , ,3,2,0,0,0,0,1,0,0,0,0,0,3,3,0,0,0,0,0,0,1,0,0,1,0,0,0,0,0,0,0,0,0,0,0,8,0,39.9751,-75.195, , 
 ,46717,2013055438,6,67,67301,2013,5,5,259,2,3,1,0,7,5, , ,N,0,0,0,3,0,1,1,1,N, ,40 03:12.183,75 11:35.708,307, ,305, ,0, , , ,0, , , , , ,538799, , , ,1,1,0,0,0,0,0,0,0,0,1,0,1,0,0,0,0,0,0,0,0,0,0,1,0,0,0,0,0,0,0,0,0,0,0,3,0,40.0534,-75.1933, , 
 ,46718,2013055909,6,67,67301,2013,5,2,1758,17,1,1,0,8,1, , ,N,2,0,7,3,0,1,3,2,N, ,40 02:40.254,75 06:06.700,1800, ,1800, ,0, , , ,0, , , , , ,538800, , , ,1,1,0,0,0,0,0,0,0,0,0,1,1,0,0,0,0,0,0,1,0,0,0,0,0,0,0,0,0,0,0,0,1,0,0,4,0,40.0445,-75.1019, , 
 ,46719,2013024905,6,67,67301,2013,1,4,1550,15,1,2,1,6,6, , ,N,0,0,0,3,0,1,1,3,N, ,40 04:16.467,75 10:32.368,1701, ,1646,1,1,6, , ,0,Y, , , , ,538821, , , ,3,3,0,0,0,0,0,0,0,0,0,1,1,0,0,0,0,0,0,0,1,0,0,0,0,0,0,0,0,0,0,0,0,0,0,4,0,40.0712,-75.1757, , 
 ,46720,2013035177,6,67,67301,2013,3,3,1650,16,1,2,1,7,2, , ,N,2,0,0,3,0,1,1,1,N,N,40 07:53.956,75 00:43.926,1740, ,1731, ,0, ,N, ,0, , , , , ,538834, , , ,1,1,0,0,0,0,0,0,0,0,0,0,1,1,0,0,0,0,0,0,0,0,0,0,0,0,0,0,0,0,0,0,0,0,0,8,0,40.1317,-75.0122, , 
 ,46721,2013044137,6,67,67301,2013,3,1,1315,13,1,1,0,6,1, , ,N,2,0,0,3,0,0,2,2,N,N,39 55:42.917,75 08:40.122,1319, ,1316,2,1,2,N, ,0,N, , , , ,538841, , , ,2,2,0,0,0,0,0,0,0,0,0,0,0,0,0,0,0,0,0,0,1,0,0,0,0,0,0,0,0,0,0,0,0,0,0,0,0,39.9286,-75.1445, , 
 ,46722,2013051125,6,67,67301,2013,4,2,655,6,1,1,0,8,1, , ,N,2,3,0,3,0,1,2,2,N,N,40 01:23.912,75 05:41.927,715, ,715, ,0, ,N, ,3, , , , , ,538849, , , ,1,1,0,0,0,0,0,0,0,0,0,1,1,0,0,0,0,0,0,0,0,0,0,0,0,0,0,0,0,0,0,0,1,0,0,4,0,40.0233,-75.095, , 
 ,46723,2013032510,6,67,67301,2013,2,3,1253,12,1,1,0,4,1, , ,N,2,3,0,3,0,1,2,3,N, ,39 57:34.765,75 09:11.977,1300, ,1256,1,1,1, , ,3,Y, , , , ,538879, , , ,3,2,0,0,1,0,0,0,0,0,0,0,1,1,0,0,0,0,0,0,1,0,0,0,0,0,0,0,0,0,0,0,0,0,0,8,0,39.9597,-75.1533, , 
 ,46724,2013043436,6,67,67301,2013,3,4,1000,10,1,1,0,4,1, , ,N,2,3,0,3,0,1,3,2,N, ,39 59:46.551,75 06:15.031,1010, ,1004,1,1,5, , ,3,Y, , , , ,538892, , , ,2,1,0,0,0,0,1,0,0,0,0,1,1,0,0,0,0,0,0,0,0,0,0,1,0,0,0,0,0,0,0,0,0,0,0,4,0,39.9963,-75.1042, , 
 ,46725,2013019403,6,67,67301,2013,2,6,956,9,1,4,3,4,1, , ,N,0,0,0,3,0,1,2,2,N,N,39 58:32.963,75 06:55.480,1339, ,1324, ,0, ,N, ,0, , , , , ,538914, , , ,2,0,0,0,0,1,1,0,0,0,0,1,1,0,0,0,0,0,0,0,1,0,0,0,0,0,0,0,0,0,0,0,0,0,0,4,1,39.9758,-75.1156, , 
 ,46726,2013032515,6,67,67301,2013,2,4,230,2,3,1,0,7,3, , ,N,1,2,0,3,0,0,1,1,N,N,39 58:27.676,75 12:06.216,250, ,245, ,0, ,N, ,3, , , , , ,531701, , , ,1,1,0,0,0,0,0,0,0,0,0,0,0,0,0,0,0,0,0,0,0,0,0,0,0,0,0,0,0,0,0,0,0,0,0,0,0,39.9744,-75.2017, , 
 ,46727,2013035170,6,67,67301,2013,3,5,1650,16,1,1,0,4,2, , ,N,3,0,0,3,0,0,2,2,N,N,40 00:17.232,75 11:14.750,1720, ,1705,1,1,4,N, ,0,N, , , , ,531704, , , ,2,2,0,0,0,0,0,0,0,0,0,0,0,0,0,0,0,0,0,0,0,0,0,0,0,0,0,0,0,0,0,0,0,0,0,0,0,40.0048,-75.1874, , 
 ,46728,2013046349,6,67,67301,2013,4,7,200,2,3,1,0,7,5, , ,N,2,2,0,3,0,1,2,1,N,N,39 57:28.502,75 08:55.805,210, ,200, ,0, ,N, ,3, , , , , ,531715, , , ,1,1,0,0,0,0,0,0,0,0,0,1,1,0,0,0,0,0,0,0,0,0,0,1,0,0,0,0,0,0,0,0,0,0,0,4,0,39.9579,-75.1488, , 
 ,46729,2013006175,6,67,67301,2013,1,4,1700,17,3,1,0,4,1, , ,N,0,0,7,3,0,1,2,2,N,N,39 56:52.256,75 11:37.357,1703, ,1700, ,0, , , ,0, , , , , ,531720, , , ,1,1,0,0,0,0,0,0,1,0,1,0,1,0,0,0,0,0,0,0,1,0,0,0,0,0,0,0,0,0,0,0,0,0,0,3,0,39.9478,-75.1937, , 
 ,46730,2013026926,6,67,67301,2013,2,2,1835,18,3,1,5,1,1, , ,N,1,3,0,3,0,1,2,2,N,N,40 04:28.167,75 10:21.014,1908, ,1906, ,0, ,N, ,3, , , , , ,531737, , , ,2,2,0,0,0,0,0,0,0,0,0,1,1,0,0,0,0,0,0,0,0,0,0,0,0,0,0,0,0,0,0,0,0,0,0,4,0,40.0745,-75.1725, , 
 ,46731,2013011717,6,67,67301,2013,1,6,1812,18,3,4,4,7,2, , ,N,0,0,0,3,0,1,3,3,N,N,39 53:09.652,75 12:31.704,1820, ,1820, ,0, ,N, ,0, , , , , ,531770, , , ,3,3,0,0,0,0,0,0,0,0,0,0,1,1,0,0,0,0,0,0,1,0,0,0,0,0,0,0,0,0,0,0,0,0,0,8,0,39.886,-75.2088, , 
 ,46732,2013013050,6,67,67301,2013,1,2,1905,19,2,2,1,1,1, , ,N,0,0,0,3,0,3,4,2,N,N,40 03:19.670,74 59:04.758,1917, ,1907,2,2,2,N, ,0,N, , , , ,531771, , , ,2,2,0,0,0,0,0,0,0,0,0,0,3,3,0,0,0,0,0,0,0,0,0,0,0,0,0,0,0,0,0,0,0,0,0,8,0,40.0555,-74.9846, , 
 ,46733,2013035157,6,67,67301,2013,3,4,2154,21,3,2,1,1,1, , ,N,0,4,6,3,0,0,2,2,N,N,40 02:48.623,75 03:07.389,2200, ,2154,1,1,2,N, ,3,N, , , , ,531788, , , ,2,2,0,0,0,0,0,0,0,0,0,0,0,0,0,0,0,0,0,0,0,0,0,0,0,0,0,0,0,0,0,0,0,0,0,0,0,40.0468,-75.0521, , 
 ,46734,2013046307,6,67,67301,2013,4,3,841,8,1,1,0,4,1, , ,N,2,0,0,3,0,1,2,2,N,N,39 57:08.168,75 10:06.941,930, ,910, ,0, , , ,0, , , , , ,531797, , , ,2,1,0,1,0,0,0,0,0,0,0,1,1,0,0,0,0,0,0,0,1,0,0,0,0,0,0,0,0,0,0,0,0,0,0,4,1,39.9523,-75.1686, , 
 ,46735,2013047312,6,67,67301,2013,4,6,1300,13,1,1,0,8,1, , ,N,0,0,0,3,0,1,3,2,N,N,39 55:09.037,75 09:32.850,1810, ,1807,1,2,4,N, ,0,Y, , , , ,531800, , , ,1,1,0,0,0,0,0,0,0,0,1,0,1,0,0,0,0,1,0,0,0,0,0,0,0,0,0,0,0,0,0,0,1,0,0,3,0,39.9192,-75.1591, , 
 ,46736,2013022339,6,67,67301,2013,1,2,630,6,1,1,0,8,2, , ,N,1,2,0,3,0,1,2,2,N,N,39 58:07.829,75 08:10.292,1750, ,1744, ,0, ,N, ,3, , , , , ,531826, , , ,1,0,0,0,0,0,1,0,0,0,0,0,1,1,1,0,0,0,0,0,0,0,0,0,0,0,0,0,0,0,0,0,1,0,0,8,0,39.9688,-75.1362, , 
 ,46737,2013029688,6,67,67301,2013,2,7,750,7,1,1,5,1,1, , ,N,0,0,0,3,0,0,2,2,N,N,39 58:11.023,75 08:29.769,758, ,753,2,1,3,N, ,0,N, , , , ,531833, , , ,2,1,0,0,0,0,0,1,0,0,0,0,0,0,0,0,0,0,0,0,1,0,0,0,0,0,0,0,0,0,0,0,0,0,0,0,0,39.9697,-75.1416, , 
 ,46738,2013058718,6,67,67301,2013,6,4,1639,16,1,1,0,1,1, , ,N,0,0,0,3,0,1,3,3,N,N,39 57:25.308,75 09:22.406,1655, ,1645, ,0, ,N, ,0, , , , , ,531855, , , ,3,2,0,0,0,0,1,0,0,0,0,1,1,0,0,0,0,0,0,0,0,0,0,0,0,0,0,0,0,0,0,0,0,0,0,4,0,39.957,-75.1562, , 
 ,46739,2013033052,6,67,67301,2013,3,5,807,8,1,4,1,4,1, , ,N,6,8,2,3,0,0,2,2,N,N,39 59:21.294,75 12:23.365,812, ,811,1,1,1,N, ,3,N, , , , ,531889, , , ,2,2,0,0,0,0,0,0,0,0,0,0,0,0,0,0,0,0,0,0,1,0,0,0,0,0,0,0,0,0,0,0,0,0,0,0,0,39.9892,-75.2065, , 
 ,46740,2013035209,6,67,67301,2013,3,3,740,7,1,1,0,4,1, , ,N,0,0,0,3,0,2,2,2,N,N,40 02:31.377,75 08:39.893,800, ,757,1,1,1,N, ,0,N, , , , ,531891, , , ,2,2,0,0,0,0,0,0,0,0,0,2,2,0,0,0,0,0,0,0,0,0,0,0,0,0,0,0,0,0,0,0,0,0,0,4,0,40.042,-75.1444, , 
 ,46741,2013045356,6,67,67301,2013,3,1,1207,12,1,1,0,8,1, , ,N,0,0,0,3,0,1,2,2,N,N,39 58:01.725,75 09:55.666,1209, ,1209, ,0, , , ,0, , , , , ,531901, , , ,1,0,0,0,0,0,0,0,0,0,1,0,1,0,0,0,0,0,0,0,0,0,0,0,0,0,0,0,0,0,0,0,1,0,0,3,0,39.9671,-75.1655, , 
 ,46742,2013011216,6,67,67301,2013,1,1,1956,19,3,1,0,9,1, , ,N,0,0,0,3,0,0,5,1,N,N,39 59:21.049,75 12:22.908,1958, ,1957, ,0, ,N, ,0, , , , , ,531916, , , ,1,0,0,0,0,0,1,0,0,0,0,0,0,0,0,0,0,0,0,0,0,0,0,0,0,0,0,0,0,0,0,0,0,0,0,0,0,39.9892,-75.2064, , 
 ,46743,2013026918,6,67,67301,2013,2,4,837,8,1,1,0,4,1, , ,N,0,0,7,3,0,1,2,2,N,N,39 58:29.221,75 11:06.902,905, ,902, ,0, ,N, ,0, , , , , ,531932, , , ,2,2,0,0,0,0,0,0,0,0,0,1,1,0,0,0,0,0,0,0,0,0,0,0,0,0,0,0,0,0,0,0,0,0,0,4,0,39.9748,-75.1853, , 
 ,46744,2013036246,6,67,67301,2013,2,5,1105,11,1,1,0,4,1, , ,N,1,2,0,3,0,2,2,4,N,N,40 04:17.202,75 10:08.443,1112, ,1106, ,0, ,N, ,3, , , , , ,531939, , , ,4,4,0,0,0,0,0,0,0,0,0,2,2,0,0,0,0,0,0,0,0,2,0,0,0,0,0,0,0,0,0,0,0,0,0,4,0,40.0714,-75.169, , 
 ,46745,2013035022,6,67,67301,2013,2,3,1047,10,1,1,0,4,1, , ,N,1,3,0,3,0,1,2,4,N, ,40 01:34.525,75 08:54.369,1130, ,1120, ,0, , , ,3, , , , , ,535261, , , ,4,2,0,0,2,0,0,0,0,0,1,0,1,0,0,0,0,0,1,0,0,0,0,0,0,0,0,0,0,0,0,0,0,0,0,3,0,40.0263,-75.1484, , 
 ,46746,2013035179,6,67,67301,2013,3,7,513,5,3,1,0,4,1, , ,N,1,2,0,3,0,1,3,2,N,N,40 01:08.216,75 08:49.391,518, ,513, ,0, , , ,3, , , , , ,535262, , , ,2,0,0,0,1,0,0,1,0,0,0,1,1,0,0,0,0,1,0,0,0,0,0,0,0,0,0,0,0,0,0,0,0,0,0,4,0,40.0189,-75.1471, , 
 ,46747,2013035192,6,67,67301,2013,2,5,1300,13,1,1,0,4,1, , ,N,1,3,0,3,0,3,4,2,N, ,40 01:23.210,75 07:26.428,1600, ,1600, ,0, , , ,3, , , , , ,535263, , , ,2,2,0,0,0,0,0,0,0,0,0,0,3,3,0,0,0,0,0,0,0,0,0,1,0,0,0,0,0,0,0,0,0,0,0,8,0,40.0231,-75.124, , 
 ,46748,2013037404,6,67,67301,2013,3,5,906,9,1,1,0,5,1, , ,N,1,2,0,3,0,1,2,2,N,N,40 01:28.513,75 07:23.473,910, ,906, ,0, ,N, ,3, , , , , ,535267, , , ,2,2,0,0,0,0,0,0,0,0,0,0,1,1,1,0,0,0,0,0,0,0,0,0,0,0,0,0,0,0,0,0,0,0,0,8,0,40.0246,-75.1232, , 
 ,46749,2013022250,6,67,67301,2013,1,1,2230,22,3,1,0,8,1, , ,N,2,3,0,3,0,3,5,2,N,N,40 01:47.020,75 08:22.729,46, ,45, ,0, ,N, ,3, , , , , ,535303, , , ,1,1,0,0,0,0,0,0,0,0,0,0,3,3,0,0,0,0,0,0,0,1,0,3,0,0,0,0,0,0,0,0,1,0,0,8,0,40.0297,-75.1396, , 
 ,46750,2013047819,6,67,67301,2013,4,3,1417,14,1,1,0,6,1, , ,N,0,0,0,3,0,0,2,2,Y,N,40 04:25.894,75 04:38.980,1427, ,1417,1,2,6,N, ,0,Y, , , , ,535362, , , ,2,1,0,1,0,0,0,0,0,0,0,0,0,0,0,0,0,0,0,0,0,0,0,0,0,0,0,0,0,0,0,0,0,0,0,0,1,40.0739,-75.0775, , 
 ,46751,2013054619,6,67,67301,2013,4,2,1824,18,4,2,1,2,1, , ,N,0,0,3,3,0,3,3,2,N,N,39 58:28.253,75 11:15.370,1834, ,1834,3,2,7,N, ,0,Y, , , , ,535366, , , ,2,2,0,0,0,0,0,0,0,0,0,0,3,3,0,0,0,0,0,0,0,0,0,0,0,0,0,0,0,0,0,0,0,0,0,8,0,39.9745,-75.1876, , 
 ,46752,2013070303,6,67,67301,2013,6,6,1225,12,1,1,0,4,1, , ,N,2,0,0,3,0,2,2,2,N,N,39 57:12.878,75 08:23.942,1227, ,1227,9,2,2, , ,0,N, , , , ,535373, , , ,2,2,0,0,0,0,0,0,0,0,1,1,2,0,0,0,0,0,0,0,0,0,0,0,0,0,0,0,0,0,0,0,0,0,0,3,0,39.9535,-75.1398, , 
 ,46753,2013022284,6,67,67301,2013,1,1,1700,17,2,1,0,5,2, , ,N,0,0,0,3,0,0,1,3,N,N,39 58:21.655,75 07:30.489,1735, ,1726, ,0, ,N, ,0, , , , , ,535397, , , ,3,2,0,0,1,0,0,0,0,0,0,0,0,0,0,0,0,0,0,0,0,0,0,0,0,0,0,0,0,0,0,0,0,0,0,0,0,39.9727,-75.1251, , 
 ,46754,2013047300,6,67,67301,2013,4,6,1200,12,1,2,1,4,1, , ,N,1,2,0,3,0,0,3,2,N,N,40 06:46.663,75 01:22.836,1205, ,1205, ,0, ,N, ,3, , , , , ,535418, , , ,2,1,0,0,0,0,0,1,0,0,0,0,0,0,0,0,0,0,0,0,1,1,0,0,0,0,0,0,0,0,0,0,0,0,0,0,0,40.113,-75.023, , 
 ,46755,2013050288,6,67,67301,2013,4,3,800,8,1,1,0,4,1, , ,N,1,2,0,3,0,2,2,2,N, ,40 00:13.665,75 08:22.783,840, ,830, ,0, , , ,3, , , , , ,535421, , , ,2,0,0,0,0,0,1,1,0,0,0,2,2,0,0,0,0,0,0,0,0,0,0,0,0,0,0,0,0,0,0,0,0,0,0,4,0,40.0038,-75.1397, , 
 ,46756,2013012112,6,67,67301,2013,1,3,500,5,3,1,0,0,1, , ,N,0,0,2,3,0,0,1,1,N,N,39 58:26.858,75 11:40.668,507, ,506, ,0, ,N, ,0, , , , , ,535442, , , ,1,1,0,0,0,0,0,0,0,0,0,0,0,0,1,0,0,0,0,0,0,0,0,0,0,0,0,0,0,0,0,0,0,0,0,9,0,39.9741,-75.1946, , 
 ,46757,2013035074,6,67,67301,2013,3,7,1145,11,1,1,0,5,1, , ,N,0,0,0,3,0,1,2,3,N, ,40 07:43.645,75 01:27.023,1215, ,1210,2,1,4, , ,0,N, , , , ,535455, , , ,3,2,0,0,0,0,0,1,0,0,0,1,1,0,0,0,0,0,0,0,0,1,1,1,0,0,0,0,0,0,0,0,0,0,0,4,0,40.1288,-75.0242, , 
 ,46758,2013035330,6,46,46104,2013,3,2,1706,17,1,2,1,5,1, , ,N,2,2,0,3,0,0,3,2,N,N,39 59:22.038,75 15:05.086,1711, ,1707, ,0, ,N, ,3, , , , , ,535457, , , ,2,2,0,0,0,0,0,0,0,0,0,0,0,0,0,0,0,0,0,0,0,0,0,0,0,0,0,0,0,0,0,0,0,0,0,0,0,39.9895,-75.2514, , 
 ,46759,2013041313,6,67,67301,2013,3,5,2335,23,3,1,0,4,1, , ,N,1,2,0,3,0,1,2,2,N,N,39 59:11.018,75 10:10.592,100, ,56, ,0, ,N, ,3, , , , , ,535463, , , ,2,2,0,0,0,0,0,0,0,0,0,1,1,0,1,0,0,0,0,0,0,0,0,0,0,0,0,0,0,0,0,0,0,0,0,4,0,39.9864,-75.1696, , 
 ,46760,2013047195,6,67,67301,2013,4,7,1054,10,1,1,0,4,1, , ,N,1,2,0,3,0,1,2,2,N, ,39 58:30.302,75 11:42.002,1055, ,1054, ,0, , , ,3, , , , , ,535465, , , ,1,1,0,0,0,0,0,0,1,0,0,1,1,0,0,0,0,0,0,0,0,0,0,0,0,0,0,0,0,0,0,0,0,0,0,4,0,39.9751,-75.195, , 
 ,46761,2013047271,6,67,67301,2013,4,6,2155,21,3,1,0,4,1, , ,N,1,2,0,3,0,6,6,2,N,N,40 01:31.774,75 07:31.582,2215, ,2159,2,2,2, , ,3,Y, , , , ,535466, , , ,2,1,0,0,0,0,1,0,0,0,0,0,6,6,0,0,0,0,0,0,0,0,0,6,0,0,0,0,0,0,0,0,0,0,0,8,0,40.0255,-75.1254, , 
 ,46762,2013013196,6,67,67301,2013,1,3,1330,13,1,1,0,4,1, , ,N,1,3,0,3,0,1,2,2,N, ,40 07:22.609,75 00:51.321,1420, ,1410, ,0, , , ,3, , , , , ,535490, , , ,2,2,0,0,0,0,0,0,0,0,0,0,1,1,0,0,0,0,0,0,0,0,0,0,0,0,0,0,0,0,0,0,0,0,0,8,0,40.1229,-75.0143, , 
 ,46763,2013062519,6,67,67301,2013,4,2,2100,21,3,2,1,8,1, , ,N,1,2,0,3,0,1,2,2,N,N,40 02:11.152,75 07:49.835,2114, ,2114, ,0, ,N, ,3, , , , , ,541938, , , ,1,1,0,0,0,0,0,0,0,0,0,0,1,1,1,0,0,0,0,0,0,0,0,0,0,0,0,0,0,0,0,0,1,0,0,8,0,40.0364,-75.1305, , 
 ,46764,2013062637,6,67,67301,2013,5,7,1720,17,1,1,0,4,1, , ,N,2,3,0,3,0,2,5,2,N,N,39 55:31.860,75 10:42.695,1740, ,1732, ,0, ,N, ,3, , , , , ,541939, , , ,2,2,0,0,0,0,0,0,0,0,0,0,2,2,0,0,0,0,0,1,0,0,0,1,0,0,0,0,0,0,0,0,0,0,0,8,0,39.9255,-75.1785, , 
 ,46765,2013035050,6,67,67301,2013,3,2,717,7,1,1,0,4,1, , ,N,1,2,0,3,0,0,2,2,N, ,40 02:48.424,75 04:13.037,720, ,720, ,0, , , ,3, , , , , ,541971, , , ,2,1,0,0,0,0,1,0,0,0,0,0,0,0,0,0,0,0,0,0,0,0,0,0,0,0,0,0,0,0,0,0,0,0,0,0,0,40.0468,-75.0703, , 
 ,46766,2013035105,6,67,67301,2013,2,3,2118,21,3,2,1,4,1, , ,N,1,3,0,3,0,1,3,2,N,N,39 55:42.085,75 09:54.125,2123, ,2118, ,0, ,N, ,3, , , , , ,541972, , , ,2,1,0,0,1,0,0,0,0,0,0,1,1,0,0,0,0,0,0,0,0,0,0,0,0,0,0,0,0,0,0,0,0,0,0,4,0,39.9284,-75.165, , 
 ,46767,2013046364,6,67,67301,2013,4,6,1030,10,1,1,0,1,6, , ,N,0,0,0,3,0,0,2,3,N, ,39 56:34.864,75 09:37.285,1034, ,1034, ,0, , , ,0, , , , , ,541982, , , ,3,2,0,0,0,0,1,0,0,0,0,0,0,0,0,0,0,0,0,0,0,0,1,0,0,0,0,0,0,0,0,0,0,0,0,0,0,39.943,-75.1604, , 
 ,46768,2013047234,6,67,67301,2013,4,1,1438,14,1,1,0,1,1, , ,N,0,0,0,3,0,0,3,2,N,N,40 01:01.623,75 12:08.546,1459, ,1450,2,1,2,N, ,0,N, , , , ,541983, , , ,2,0,0,0,0,0,2,0,0,0,0,0,0,0,0,0,0,0,0,0,0,0,0,0,0,0,0,0,0,0,0,0,0,0,0,0,0,40.0171,-75.2024, , 
Y,46769,2013050647,6,67,67301,2013,4,3,1340,13,1,1,0,7,4,1,4,Y,0,0,0,3,0,0,3,1,N,N,40 01:16.201,75 02:29.924,1356,45,1341,2,1,2,Y, ,0,N,Y,N,N,N,541987,N,N,Y,1,0,0,0,1,0,0,0,0,0,0,0,0,0,0,0,0,0,0,0,0,0,0,0,0,0,0,0,0,0,0,0,0,0,0,0,0,40.0212,-75.0416, , 
 ,46770,2013027665,6,67,67301,2013,2,6,750,7,1,2,1,8,1, , ,N,1,3,0,3,0,1,2,2,N,N,40 02:07.764,75 05:18.974,845, ,830, ,0, ,N, ,3, , , , , ,542000, , , ,1,1,0,0,0,0,0,0,0,0,0,1,1,0,0,0,0,0,0,0,0,0,0,0,0,0,0,0,0,0,0,0,1,0,0,4,0,40.0355,-75.0886, , 
 ,46771,2013050280,6,67,67301,2013,4,1,1914,19,1,1,0,4,1, , ,N,0,0,7,3,0,1,4,2,N,N,40 02:01.389,75 02:48.432,1915, ,1914,1,1,1,N, ,0,N, , , , ,542017, , , ,2,1,0,0,0,0,1,0,0,0,1,0,1,0,0,0,0,0,0,0,0,0,0,0,0,0,0,0,0,0,0,0,0,0,0,3,0,40.0337,-75.0468, , 