wz_ln_closure,objectid_1,crn,district,county,municipality,crash_year,crash_month,day_of_week,time_of_day,hour_of_day,illumination,weather,road_condition,collision_type,relation_to_road,work_zone_type,work_zone_loc,work_zone_ind,intersect_type,tcd_type,location_type,urban_rural,fatal_count,injury_count,person_count,total_units,sch_bus_ind,sch_zone_ind,latitude,longitude,arrival_tm,cons_zone_spd_lim,dispatch_tm,est_hrs_closed,lane_closed,ln_close_dir,ntfy_hiwy_maint,spec_juris_cd,tcd_func_cd,tfc_detour_ind,workers_pres,wz_close_detour,wz_flagger,wz_law_offcr_ind,objectid,wz_moving,wz_other,wz_shlder_mdn,vehicle_count,automobile_count,motorcycle_count,bus_count,small_truck_count,heavy_truck_count,suv_count,van_count,bicycle_count,maj_inj_count,mod_inj_count,min_inj_count,tot_inj_count,unk_inj_deg_count,unk_inj_per_count,driver_count_16yr,driver_count_17yr,driver_count_18yr,driver_count_19yr,driver_count_20yr,driver_count_50_64yr,driver_count_65_74yr,driver_count_75plus,unbelted_occ_count,unb_death_count,unb_maj_inj_count,belted_death_count,belted_maj_inj_count,mcycle_death_count,mcycle_maj_inj_count,bicycle_death_count,bicycle_maj_inj_count,ped_count,ped_death_count,ped_maj_inj_count,max_severity_level,comm_veh_count,dec_lat,dec_long,rdwy_surf_type_cd,county_name
 ,46839,2013035283,6,67,67301,2013,3,6,1415,14,1,1,0,6,1, , ,N,1,2,0,3,0,2,2,2,N, ,39 59:14.726,75 13:56.711,1425, ,1420, ,0, , , ,3, , , , , ,513519, , , ,2,0,0,0,1,0,1,0,0,0,0,0,2,2,0,0,0,0,1,0,1,0,0,0,0,0,0,0,0,0,0,0,0,0,0,8,0,39.9874,-75.2324, , 
 ,46840,2013023525,6,67,67301,2013,1,1,9999,99,1,1,0,1,1, , ,N,0,0,0,3,0,0,3,3,N,N,39 56:47.893,75 10:26.148,1503, ,1455, ,0, ,N, ,0, , , , , ,513565, , , ,3,3,0,0,0,0,0,0,0,0,0,0,0,0,1,0,0,0,0,0,0,0,0,0,0,0,0,0,0,0,0,0,0,0,0,9,0,39.9466,-75.1739, , 
 ,46841,2013024126,6,67,67301,2013,2,7,109,1,3,2,1,7,3, , ,N,0,0,0,3,0,1,1,1,N,N,39 59:06.233,75 12:30.039,112, ,111,1,1,3,N, ,0,N, , , , ,513566, , , ,1,1,0,0,0,0,0,0,0,1,0,0,1,0,0,0,0,0,0,0,0,0,0,1,0,1,0,0,0,0,0,0,0,0,0,2,0,39.9851,-75.2083, , 
 ,46842,2013041303,6,67,67301,2013,3,2,1041,10,1,1,0,4,2, , ,N,0,0,0,3,0,0,1,2,N, ,40 05:32.881,74 59:14.373,1043, ,1042, ,0, , , ,0, , , , , ,513581, , , ,2,0,0,0,1,1,0,0,0,0,0,0,0,0,0,0,0,0,0,0,1,0,0,0,0,0,0,0,0,0,0,0,0,0,0,0,1,40.0925,-74.9873, , 
 ,46843,2013041354,6,67,67301,2013,3,5,215,2,3,1,0,7,4, , ,N,5,2,0,3,0,0,1,1,N,N,40 03:24.231,75 01:42.351,225, ,212, ,0, , , ,3, , , , , ,513582, , , ,1,1,0,0,0,0,0,0,0,0,0,0,0,0,0,0,0,0,0,0,0,0,0,0,0,0,0,0,0,0,0,0,0,0,0,0,0,40.0567,-75.0284, , 
 ,46844,2013047251,6,67,67301,2013,4,2,948,9,1,1,0,4,1, , ,N,1,2,0,3,0,2,2,2,N, ,39 57:49.671,75 09:31.990,953, ,950, ,0, , , ,3, , , , , ,513590, , , ,2,2,0,0,0,0,0,0,0,0,2,0,2,0,0,0,0,0,0,0,1,0,0,0,0,0,0,0,0,0,0,0,0,0,0,3,0,39.9638,-75.1589, , 
 ,46845,2013013195,6,67,67301,2013,1,1,1750,17,3,1,0,4,1, , ,N,1,2,0,3,0,1,4,2,N,N,40 02:11.789,75 03:52.061,1800, ,1756,2,1,2,N, ,3,Y, , , , ,513604, , , ,2,2,0,0,0,0,0,0,0,0,0,1,1,0,0,0,0,0,0,1,0,0,0,0,0,0,0,0,0,0,0,0,0,0,0,4,0,40.0366,-75.0645, , 
 ,46846,2013025313,6,67,67301,2013,1,1,35,0,3,1,0,4,1, , ,N,1,2,0,3,0,0,5,3,N,N,39 58:10.092,75 08:22.485,35, ,30, ,0, , , ,3, , , , , ,513617, , , ,3,3,0,0,0,0,0,0,0,0,0,0,0,0,0,0,0,0,0,0,0,0,0,0,0,0,0,0,0,0,0,0,0,0,0,0,0,39.9695,-75.1396, , 
 ,46847,2013035639,6,67,67301,2013,3,6,1520,15,1,1,0,5,1, , ,N,1,2,0,3,0,0,3,3,N,N,40 00:33.068,75 04:08.444,1525, ,1523, ,0, ,N, ,3, , , , , ,513623, , , ,3,2,0,0,1,0,0,0,0,0,0,0,0,0,0,0,0,0,0,0,1,0,0,0,0,0,0,0,0,0,0,0,0,0,0,0,0,40.0092,-75.069, , 
 ,46848,2013047245,6,67,67301,2013,4,4,1800,18,1,1,0,4,1, , ,N,1,3,0,3,0,2,4,3,N, ,40 00:47.289,75 09:24.926,1801, ,1800,9,1,1, , ,3,N, , , , ,513638, , , ,3,1,0,0,1,0,1,0,0,0,0,1,2,1,0,0,1,0,0,0,1,0,0,0,0,0,0,0,0,0,0,0,0,0,0,4,0,40.0131,-75.1569, , 
 ,46849,2013017597,6,67,67301,2013,1,6,2343,23,3,1,0,1,1, , ,N,0,0,0,3,0,1,6,2,N,N,39 58:07.820,75 09:33.649,2345, ,2343, ,0, ,N, ,0, , , , , ,513652, , , ,2,0,0,0,0,0,0,2,0,0,0,1,1,0,0,0,0,0,0,0,0,0,0,1,0,0,0,0,0,0,0,0,0,0,0,4,0,39.9688,-75.1593, , 
 ,46850,2013025303,6,67,67301,2013,2,2,1851,18,3,1,0,4,1, , ,N,2,2,0,3,0,0,2,2,N,N,40 01:46.545,75 06:13.959,1905, ,1854,2,1,1,N, ,3,N, , , , ,513661, , , ,2,1,0,0,0,0,1,0,0,0,0,0,0,0,0,0,0,0,0,0,0,0,0,0,0,0,0,0,0,0,0,0,0,0,0,0,0,40.0295,-75.1038, , 
Y,46851,2013025073,6,67,67301,2013,2,2,736,7,1,2,1,1,1,1,4,Y,0,0,0,3,0,0,4,2,N,N,40 01:16.685,75 02:26.223,801,45,747, ,0, ,N, ,0, ,Y,N,N,N,513704,N,N,Y,2,1,0,0,0,0,1,0,0,0,0,0,0,0,0,0,0,0,0,0,0,0,0,0,0,0,0,0,0,0,0,0,0,0,0,0,0,40.0212,-75.0408, , 
 ,46852,2013029631,6,67,67301,2013,2,7,2120,21,3,4,1,4,1, , ,N,1,2,0,3,0,2,3,3,N, ,39 57:14.549,75 10:36.033,2125, ,2125,9,1,4, , ,3,Y, , , , ,513712, , , ,3,2,0,0,1,0,0,0,0,0,0,0,2,2,0,0,0,0,1,0,0,0,0,0,0,0,0,0,0,0,0,0,0,0,0,8,0,39.954,-75.1767, , 
 ,46853,2013047199,6,67,67301,2013,4,2,546,5,3,1,0,1,1, , ,N,0,0,0,3,0,0,4,3,N,N,40 00:54.444,75 10:38.745,610, ,604,1,1,2,N, ,0,N, , , , ,517108, , , ,3,2,0,0,0,0,1,0,0,0,0,0,0,0,0,0,0,0,0,0,1,0,0,0,0,0,0,0,0,0,0,0,0,0,0,0,0,40.0151,-75.1774, , 
 ,46854,2013022213,6,67,67301,2013,1,7,9999,99,1,1,0,5,1, , ,N,1,0,0,3,0,1,3,2,N,N,40 04:03.488,75 11:49.994,1025, ,1020, ,0, , , ,0, , , , , ,517128, , , ,2,0,0,1,0,0,1,0,0,0,0,1,1,0,0,0,0,0,0,0,2,0,0,0,0,0,0,0,0,0,0,0,0,0,0,4,1,40.0676,-75.1972, , 
 ,46855,2013046387,6,67,67301,2013,4,5,758,7,1,1,0,8,1, , ,N,0,0,0,3,0,1,2,2,N,Y,39 59:44.041,75 09:01.882,802, ,800, ,0, ,N, ,0, , , , , ,517144, , , ,1,1,0,0,0,0,0,0,0,0,0,1,1,0,0,0,1,0,0,0,0,0,0,1,0,0,0,0,0,0,0,0,1,0,0,4,0,39.9956,-75.1505, , 
 ,46856,2013053074,6,67,67301,2013,4,1,1425,14,1,1,0,4,1, , ,N,1,3,0,3,0,1,2,2,N,N,39 58:39.093,75 07:43.010,1622, ,1617, ,0, ,N, ,3, , , , , ,517147, , , ,2,1,0,0,0,0,1,0,0,0,0,1,1,0,0,0,0,0,0,0,1,0,0,0,0,0,0,0,0,0,0,0,0,0,0,4,0,39.9775,-75.1286, , 
 ,46857,2013055380,6,67,67301,2013,5,6,229,2,3,1,0,4,2, , ,N,0,0,0,3,0,2,3,5,N, ,40 00:21.859,75 08:17.440,240, ,235, ,0, , , ,0, , , , , ,517150, , , ,5,1,0,0,2,0,1,1,0,0,2,0,2,0,0,0,0,0,0,0,0,0,0,2,0,0,0,0,0,0,0,0,0,0,0,3,0,40.0061,-75.1382, , 
 ,46858,2013047348,6,67,67301,2013,4,7,830,8,1,1,0,4,1, , ,N,1,3,0,3,0,1,4,2,N,N,40 03:01.407,75 06:01.475,840, ,837, ,0, ,N, ,3, , , , , ,517186, , , ,2,2,0,0,0,0,0,0,0,0,0,1,1,0,0,0,0,0,0,0,0,0,0,0,0,0,0,0,0,0,0,0,0,0,0,4,0,40.0504,-75.1004, , 
 ,46859,2013055395,6,67,67301,2013,5,7,1531,15,1,1,0,1,1, , ,N,1,3,0,3,0,2,3,2,N,N,40 02:45.740,75 05:45.545,1536, ,1536,2,2,4, , ,3,Y, , , , ,517194, , , ,2,2,0,0,0,0,0,0,0,0,0,0,2,2,0,0,0,0,0,0,2,0,0,0,0,0,0,0,0,0,0,0,0,0,0,8,0,40.046,-75.096, , 
 ,46860,2013053128,6,67,67301,2013,4,5,1306,13,1,1,0,2,1, , ,N,2,0,0,3,0,2,3,2,N, ,40 02:19.245,75 02:07.797,1309, ,1307,2,1,2, , ,0,N, , , , ,517238, , , ,2,2,0,0,0,0,0,0,0,2,0,0,2,0,0,0,0,0,0,0,1,1,0,0,0,0,0,0,0,0,0,0,0,0,0,2,0,40.0387,-75.0355, , 
 ,46861,2013066691,6,67,67301,2013,4,6,2145,21,6,2,1,5,1, , ,N,0,0,0,3,0,0,3,2,N,N,40 03:36.130,75 04:52.818,0, ,0, ,0, ,N, ,0, , , , , ,517250, , , ,2,2,0,0,0,0,0,0,0,0,0,0,0,0,0,0,0,0,0,0,0,0,0,0,0,0,0,0,0,0,0,0,0,0,0,0,0,40.06,-75.0813, , 
 ,46862,2013026655,6,67,67301,2013,2,1,1931,19,3,1,0,7,2, , ,N,0,0,0,3,0,1,1,1,N,N,39 56:48.555,75 11:19.322,1938, ,1932,2,1,3,N, ,0,N, , , , ,517282, , , ,1,0,0,0,0,0,1,0,0,0,0,0,1,1,0,0,0,0,0,0,1,0,0,0,0,0,0,0,0,0,0,0,0,0,0,8,0,39.9468,-75.1887, , 
 ,46863,2013037167,6,67,67301,2013,3,5,1158,11,1,1,0,7,3, , ,N,0,0,0,3,0,0,3,2,N,N,39 59:35.513,75 11:59.949,1204, ,1202,1,1,4,N, ,0,N, , , , ,517293, , , ,2,1,0,0,0,0,1,0,0,0,0,0,0,0,0,0,0,0,0,0,1,0,0,0,0,0,0,0,0,0,0,0,0,0,0,0,0,39.9932,-75.2, , 
 ,46864,2013029881,6,67,67301,2013,3,3,836,8,1,2,1,5,1, , ,N,0,0,0,3,0,0,3,2,N,N,39 53:57.874,75 09:52.120,857, ,844, ,0, ,N, ,0, , , , , ,517374, , , ,2,0,0,0,0,0,2,0,0,0,0,0,0,0,0,0,0,0,0,0,0,0,0,0,0,0,0,0,0,0,0,0,0,0,0,0,0,39.8994,-75.1645, , 
 ,46865,2013031365,6,67,67301,2013,3,6,230,2,3,1,0,1,1, , ,N,0,0,0,3,0,0,2,2,N,N,39 57:25.295,75 10:49.517,239, ,233,1,1,3,N, ,0,Y, , , , ,517375, , , ,2,1,0,0,0,0,1,0,0,0,0,0,0,0,0,0,0,0,0,0,0,0,0,0,0,0,0,0,0,0,0,0,0,0,0,0,0,39.957,-75.1804, , 
 ,46866,2013035221,6,67,67301,2013,2,1,1534,15,1,1,0,1,1, , ,N,1,2,0,3,0,2,4,2,N,N,40 01:15.937,75 08:23.758,1552, ,1540,1,2,3,N, ,3,N, , , , ,517379, , , ,2,2,0,0,0,0,0,0,0,0,2,0,2,0,0,0,0,0,0,0,1,0,0,0,0,0,0,0,0,0,0,0,0,0,0,3,0,40.0211,-75.1399, , 
 ,46867,2013042932,6,67,67301,2013,4,1,1534,15,1,1,0,5,1, , ,N,7,0,2,3,0,0,2,2,N,N,39 53:35.717,75 13:42.269,1558, ,1541,1,2,1,N, ,0,N, , , , ,517387, , , ,2,2,0,0,0,0,0,0,0,0,0,0,0,0,0,0,0,0,0,0,0,0,0,0,0,0,0,0,0,0,0,0,0,0,0,0,0,39.8933,-75.2284, , 
 ,46868,2013050242,6,67,67301,2013,4,3,1137,11,1,1,0,5,1,8,8,Y,0,0,0,3,0,1,2,2,N, ,39 56:47.587,75 09:40.053,1149,99,1149, ,0, ,N, ,0, ,U, , ,U,517395, , , ,1,1,0,0,0,0,0,0,1,0,0,1,1,0,0,0,0,0,0,0,1,0,0,0,0,0,0,0,0,0,0,0,0,0,0,4,0,39.9466,-75.1611, , 
 ,46869,2013035017,6,67,67301,2013,3,2,1325,13,1,1,0,4,1, , ,N,1,2,0,3,0,0,2,2,N,N,40 01:36.153,75 07:02.268,1355, ,1347, ,0, ,N, ,3, , , , , ,517414, , , ,2,1,0,0,0,0,1,0,0,0,0,0,0,0,0,0,0,0,0,0,0,0,0,0,0,0,0,0,0,0,0,0,0,0,0,0,0,40.0268,-75.117, , 
 ,46870,2013043444,6,67,67301,2013,3,1,2155,21,6,1,0,7,5, , ,N,1,2,0,3,0,1,1,1,N,N,39 57:18.194,75 12:36.257,2200, ,2200, ,0, ,N, ,3, , , , , ,517423, , , ,1,1,0,0,0,0,0,0,0,0,0,0,1,1,0,0,0,0,0,0,0,0,0,0,0,0,0,0,0,0,0,0,0,0,0,8,0,39.9551,-75.2101, , 
 ,46871,2013063322,6,67,67301,2013,6,7,752,7,1,1,0,7,4, , ,N,0,0,0,3,0,1,1,1,N,N,39 58:35.417,75 11:47.249,812, ,755,1,1,4,N, ,0,N, , , , ,517440, , , ,1,1,0,0,0,0,0,0,0,0,0,1,1,0,0,0,0,0,0,0,0,0,0,0,0,0,0,0,0,0,0,0,0,0,0,4,0,39.9765,-75.1965, , 
 ,46872,2013041275,6,67,67301,2013,3,3,9999,99,3,1,0,8,1, , ,N,1,2,0,3,0,1,2,2,N, ,39 55:01.859,75 14:46.691,850, ,850, ,0, , , ,3, , , , , ,521335, , , ,1,1,0,0,0,0,0,0,0,0,0,1,1,0,0,0,0,0,0,0,0,1,0,0,0,0,0,0,0,0,0,0,1,0,0,4,0,39.9172,-75.2463, , 
N,46873,2013050645,6,67,67301,2013,4,1,59,0,3,1,0,5,1,1,4,Y,0,0,0,3,0,0,5,2,N,N,40 00:48.893,75 03:24.806,59,45,59,1,2,1,N, ,0,Y,N,N,N,N,521344,N,N,Y,2,1,0,0,0,0,1,0,0,0,0,0,0,0,0,0,0,0,0,0,0,0,0,0,0,0,0,0,0,0,0,0,0,0,0,0,0,40.0135,-75.057, , 
 ,46874,2013061071,6,67,67301,2013,6,6,237,2,3,2,1,7,2, , ,N,0,0,0,3,0,0,1,1,N,N,39 57:03.512,75 10:58.905,237, ,237,1,2,1,N, ,0,N, , , , ,521352, , , ,1,1,0,0,0,0,0,0,0,0,0,0,0,0,0,0,0,0,0,0,0,0,0,1,0,0,0,0,0,0,0,0,0,0,0,0,0,39.951,-75.183, , 
 ,46875,2013055565,6,67,67301,2013,5,1,9999,99,6,2,1,7,2, , ,N,0,0,2,3,0,2,3,1,N,N,40 00:46.324,75 12:16.919,9999, ,154, ,0, ,N, ,0, , , , , ,521400, , , ,1,1,0,0,0,0,0,0,0,0,0,0,2,2,0,0,0,0,0,0,0,0,0,0,0,0,0,0,0,0,0,0,0,0,0,8,0,40.0129,-75.2047, , 
 ,46876,2013057462,6,67,67301,2013,5,3,1436,14,1,2,1,1,1, , ,N,0,0,0,3,0,0,4,3,N,N,39 58:23.700,75 07:13.287,1436, ,1436,1,1,1,N, ,0,N, , , , ,521401, , , ,3,0,0,0,2,0,1,0,0,0,0,0,0,0,0,0,0,0,0,0,1,1,0,1,0,0,0,0,0,0,0,0,0,0,0,0,0,39.9732,-75.1205, , 
 ,46877,2013007405,6,67,67301,2013,1,3,1811,18,3,1,0,1,1, , ,N,0,0,0,3,0,0,2,2,N,N,40 03:09.192,74 59:15.530,1829, ,1815, ,0, ,N, ,0, , , , , ,521410, , , ,2,0,0,0,0,0,2,0,0,0,0,0,0,0,0,0,0,0,0,0,0,0,0,0,0,0,0,0,0,0,0,0,0,0,0,0,0,40.0526,-74.9876, , 
 ,46878,2013022210,6,67,67301,2013,1,6,1030,10,1,1,0,8,3, , ,N,1,2,0,3,0,1,2,2,N,N,40 04:40.774,75 12:38.329,1245, ,1238, ,0, ,N, ,3, , , , , ,521469, , , ,1,1,0,0,0,0,0,0,0,0,1,0,1,0,1,0,0,0,0,0,0,0,0,0,0,0,0,0,0,0,0,0,1,0,0,3,0,40.078,-75.2106, , 
 ,46879,2013025304,6,67,67301,2013,2,2,909,9,1,4,5,4,1, , ,N,2,2,0,3,0,0,3,2,N,N,40 05:30.716,75 02:50.638,910, ,908,1,1,3,Y, ,3,N, , , , ,521471, , , ,2,0,0,0,0,0,2,0,0,0,0,0,0,0,0,0,0,0,0,0,1,0,0,0,0,0,0,0,0,0,0,0,0,0,0,0,0,40.0919,-75.0474, , 
 ,46880,2013055525,6,67,67301,2013,5,5,1450,14,1,1,0,4,1, , ,N,1,3,0,3,0,2,3,2,Y,N,39 59:11.918,75 08:47.027,1707, ,1546, ,0, ,N, ,3, , , , , ,521494, , , ,2,0,0,1,1,0,0,0,0,0,0,2,2,0,0,0,0,0,0,0,0,0,0,0,0,0,0,0,0,0,0,0,0,0,0,4,1,39.9866,-75.1464, , 
 ,46881,2013035124,6,67,67301,2013,3,7,1726,17,1,1,0,4,1, , ,N,1,2,0,3,0,2,5,2,N,N,40 02:54.566,75 05:37.204,1736, ,1731, ,0, ,N, ,3, , , , , ,521527, , , ,2,1,0,0,0,0,1,0,0,0,0,2,2,0,0,0,0,0,0,0,1,0,0,0,0,0,0,0,0,0,0,0,0,0,0,4,0,40.0485,-75.0937, , 
 ,46882,2013055513,6,67,67301,2013,4,2,1525,15,1,2,1,4,1, , ,N,1,2,0,3,0,2,3,2,N,N,39 59:11.010,75 10:10.530,1535, ,1535, ,0, ,N, ,3, , , , , ,521544, , , ,2,2,0,0,0,0,0,0,0,0,0,0,2,2,0,0,0,0,0,0,0,0,0,0,0,0,0,0,0,0,0,0,0,0,0,8,0,39.9864,-75.1696, , 
 ,46883,2013055912,6,67,67301,2013,5,5,1529,15,1,1,0,4,2, , ,N,0,0,0,3,1,0,2,2,N,N,40 02:39.289,75 09:17.096,9999, ,9999, ,0, ,N,0,0, , , , , ,521547, , , ,2,1,1,0,0,0,0,0,0,0,0,0,0,0,0,0,0,0,0,1,0,0,0,0,0,0,0,0,1,0,0,0,0,0,0,1,0,40.0442,-75.1547,2, 
 ,46884,2013026931,6,67,67301,2013,2,7,920,9,1,8,5,4,1, , ,N,1,2,0,3,0,1,2,2,N,N,39 58:00.800,75 11:31.732,922, ,920,2,2,7,N, ,3,Y, , , , ,521568, , , ,2,1,0,1,0,0,0,0,0,0,0,0,1,1,0,0,0,0,0,0,0,0,0,0,0,0,0,0,0,0,0,0,0,0,0,8,1,39.9669,-75.1921, , 
 ,46885,2013029621,6,67,67301,2013,2,1,150,1,3,3,5,7,2, , ,N,0,0,3,3,0,0,1,1,N, ,40 05:04.128,75 13:40.807,545, ,545, ,0, , , ,0, , , , , ,521571, , , ,1,0,0,0,0,0,1,0,0,0,0,0,0,0,0,0,0,0,0,0,0,0,0,0,0,0,0,0,0,0,0,0,0,0,0,0,0,40.0845,-75.228, , 
 ,46886,2013037442,6,67,67301,2013,3,7,1150,11,1,2,1,1,1, , ,N,1,2,0,3,0,1,2,2,N, ,40 01:22.098,75 08:49.318,1233, ,1226, ,0, , , ,3, , , , , ,521580, , , ,2,2,0,0,0,0,0,0,0,0,0,1,1,0,0,0,0,0,0,0,0,1,0,0,0,0,0,0,0,0,0,0,0,0,0,4,0,40.0228,-75.147, , 
 ,46887,2013055346,6,67,67301,2013,5,6,1340,13,1,1,0,4,1, , ,N,1,2,0,3,0,2,4,2,N,N,39 59:35.829,75 11:09.657,1342, ,1340,1,1,1,N, ,3,N, , , , ,521597, , , ,2,1,0,0,0,0,1,0,0,0,0,2,2,0,0,0,0,0,0,0,0,1,0,0,0,0,0,0,0,0,0,0,0,0,0,4,0,39.9933,-75.186, , 
 ,46888,2013006161,6,67,67301,2013,1,3,1834,18,2,1,0,4,7, , ,N,2,2,0,3,0,4,4,2,N,N,40 01:11.208,75 09:02.246,1854, ,1834, ,0, , , ,3, , , , , ,521599, , , ,2,1,0,0,0,0,0,1,0,0,0,0,4,4,0,0,0,0,0,0,1,0,0,4,0,0,0,0,0,0,0,0,0,0,0,8,0,40.0198,-75.1506, , 
 ,46889,2013016215,6,67,67301,2013,1,1,15,0,3,1,0,5,1, , ,N,1,0,0,3,0,2,4,2,N,N,40 01:36.505,75 05:50.523,21, ,18,9,1,2,N, ,0,N, , , , ,521606, , , ,2,0,0,0,0,0,2,0,0,0,0,0,2,2,0,0,0,0,0,0,1,0,0,0,0,0,0,0,0,0,0,0,0,0,0,8,0,40.0268,-75.0974, , 
 ,46890,2013022789,6,67,67301,2013,2,4,1758,17,3,1,0,1,1, , ,N,0,0,0,3,0,0,2,2,N,N,40 00:33.621,75 12:18.217,1821, ,1800, ,0, ,N, ,0, , , , , ,524975, , , ,2,1,0,0,0,0,1,0,0,0,0,0,0,0,0,0,0,0,0,0,0,0,0,0,0,0,0,0,0,0,0,0,0,0,0,0,0,40.0093,-75.2051, , 
 ,46891,2013026982,6,67,67301,2013,2,3,1654,16,4,1,0,8,1, , ,N,1,3,0,3,0,1,2,2,N,N,40 03:53.748,75 10:02.402,1710, ,1654, ,0, ,N, ,3, , , , , ,524981, , , ,1,1,0,0,0,0,0,0,0,0,1,0,1,0,1,0,0,0,0,0,0,0,0,0,0,0,0,0,0,0,0,0,1,0,0,3,0,40.0649,-75.1673, , 
 ,46892,2013029651,6,67,67301,2013,2,4,1629,16,1,1,0,1,1, , ,N,1,2,0,3,0,1,3,2,N,N,40 00:28.388,75 08:25.762,1645, ,1640, ,0, ,N, ,3, , , , , ,524984, , , ,2,1,0,0,1,0,0,0,0,0,0,1,1,0,0,0,0,0,0,0,0,0,0,0,0,0,0,0,0,0,0,0,0,0,0,4,0,40.0079,-75.1405, , 
 ,46893,2013034995,6,67,67301,2013,3,2,1858,18,1,1,0,4,1, , ,N,2,3,0,3,0,2,4,2,N,N,40 03:55.807,75 09:19.612,1910, ,1900, ,0, ,N, ,3, , , , , ,524991, , , ,2,1,0,0,1,0,0,0,0,0,0,0,2,2,0,0,0,0,0,0,0,0,0,0,0,0,0,0,0,0,0,0,0,0,0,8,0,40.0655,-75.1554, , 
 ,46894,2013041367,6,67,67301,2013,3,6,1257,12,1,1,0,8,1, , ,N,1,2,0,3,0,1,2,2,N,N,40 02:07.013,75 01:30.652,1420, ,1418, ,0, ,N, ,3, , , , , ,524997, , , ,1,0,0,0,0,0,0,0,0,0,0,0,1,1,0,0,0,0,0,0,0,0,0,0,0,0,0,0,0,0,0,0,1,0,0,8,0,40.0353,-75.0252, , 
 ,46895,2013016148,6,67,67301,2013,1,1,9999,99,5,4,5,7,3, , ,N,0,0,0,3,0,0,1,1,N,N,39 54:03.653,75 14:21.067,9999, ,830,2,1,5,Y, ,0,N, , , , ,525017, , , ,1,0,0,0,0,0,1,0,0,0,0,0,0,0,0,0,0,0,0,0,0,0,0,0,0,0,0,0,0,0,0,0,0,0,0,0,0,39.901,-75.2392, , 
 ,46896,2013024970,6,67,67301,2013,1,3,614,6,5,2,1,8,1, , ,N,2,3,0,3,0,1,2,2,N,N,39 57:30.278,75 10:12.382,616, ,614, ,0, ,N, ,3, , , , , ,525019, , , ,1,1,0,0,0,0,0,0,0,0,0,0,1,1,0,0,0,0,0,0,0,0,1,0,0,0,0,0,0,0,0,0,1,0,0,8,0,39.9582,-75.1699, , 
 ,46897,2013029620,6,67,67301,2013,2,1,244,2,3,1,0,4,6, , ,N,0,0,0,3,0,0,2,2,N,N,40 03:34.218,75 09:28.962,247, ,244, ,0, ,N, ,0, , , , , ,525022, , , ,2,2,0,0,0,0,0,0,0,0,0,0,0,0,0,0,0,0,0,0,0,0,0,0,0,0,0,0,0,0,0,0,0,0,0,0,0,40.0595,-75.158, , 
 ,46898,2013029689,6,67,67301,2013,2,1,1745,17,3,1,0,8,2, , ,N,0,0,0,3,0,2,3,3,N, ,40 00:21.690,75 09:45.594,1751, ,1745, ,0, , , ,0, , , , , ,525023, , , ,1,1,0,0,0,0,0,0,0,0,0,0,2,2,0,0,0,0,0,0,0,0,1,0,0,0,0,0,0,0,0,0,2,0,0,8,0,40.006,-75.1627, , 
 ,46899,2013032686,6,67,67301,2013,2,7,240,2,3,1,0,7,5, , ,N,0,0,0,3,0,0,3,1,N,N,39 59:32.886,75 05:07.326,240, ,240,1,1,1,N, ,0,N, , , , ,525026, , , ,1,1,0,0,0,0,0,0,0,0,0,0,0,0,0,0,0,1,0,0,0,0,0,0,0,0,0,0,0,0,0,0,0,0,0,0,0,39.9924,-75.0854, , 
 ,46900,2013038685,6,67,67301,2013,4,2,1318,13,1,1,0,7,2, , ,N,0,0,0,3,0,0,3,1,N,N,40 02:45.093,75 00:06.707,1332, ,1324, ,0, ,Y, ,0, , , , , ,525031, , , ,1,1,0,0,0,0,0,0,0,0,0,0,0,0,0,0,0,0,0,0,1,0,0,0,0,0,0,0,0,0,0,0,0,0,0,0,0,40.0459,-75.0019, , 
 ,46901,2013043461,6,67,67301,2013,3,5,1330,13,1,1,0,5,1, , ,N,1,3,0,3,0,1,3,2,N,N,39 57:59.785,75 08:31.862,1350, ,1345, ,0, ,N, ,3, , , , , ,525038, , , ,2,2,0,0,0,0,0,0,0,0,0,1,1,0,0,0,0,0,0,0,1,0,0,3,0,0,0,0,0,0,0,0,0,0,0,4,0,39.9666,-75.1422, , 
 ,46902,2013016241,6,67,67301,2013,1,7,826,8,1,2,1,7,3, , ,N,0,0,0,3,0,0,1,1,N,N,40 01:19.874,75 11:56.797,834, ,828,2,2,1,N, ,0,N, , , , ,525072, , , ,1,0,0,0,1,0,0,0,0,0,0,0,0,0,0,0,0,0,0,0,1,0,0,0,0,0,0,0,0,0,0,0,0,0,0,0,0,40.0222,-75.1991, , 
 ,46903,2013029599,6,67,67301,2013,2,6,1204,12,1,1,0,8,1, , ,N,0,0,0,3,0,1,2,2,N,N,40 00:35.877,75 07:13.436,1206, ,1205, ,0, ,N, ,0, , , , , ,525080, , , ,1,1,0,0,0,0,0,0,0,0,0,1,1,0,0,0,0,0,0,0,1,0,0,0,0,0,0,0,0,0,0,0,1,0,0,4,0,40.01,-75.1204, , 
 ,46904,2013041366,6,67,67301,2013,3,1,2105,21,3,1,0,4,1, , ,N,0,0,0,3,0,0,2,2,N,N,39 59:54.303,75 07:42.918,2125, ,2124,2,1,3,N, ,0,Y, , , , ,525091, , , ,2,1,0,0,0,0,1,0,0,0,0,0,0,0,0,0,0,0,0,0,0,0,0,0,0,0,0,0,0,0,0,0,0,0,0,0,0,39.9984,-75.1286, , 