wz_ln_closure,objectid_1,crn,district,county,municipality,crash_year,crash_month,day_of_week,time_of_day,hour_of_day,illumination,weather,road_condition,collision_type,relation_to_road,work_zone_type,work_zone_loc,work_zone_ind,intersect_type,tcd_type,location_type,urban_rural,fatal_count,injury_count,person_count,total_units,sch_bus_ind,sch_zone_ind,latitude,longitude,arrival_tm,cons_zone_spd_lim,dispatch_tm,est_hrs_closed,lane_closed,ln_close_dir,ntfy_hiwy_maint,spec_juris_cd,tcd_func_cd,tfc_detour_ind,workers_pres,wz_close_detour,wz_flagger,wz_law_offcr_ind,objectid,wz_moving,wz_other,wz_shlder_mdn,vehicle_count,automobile_count,motorcycle_count,bus_count,small_truck_count,heavy_truck_count,suv_count,van_count,bicycle_count,maj_inj_count,mod_inj_count,min_inj_count,tot_inj_count,unk_inj_deg_count,unk_inj_per_count,driver_count_16yr,driver_count_17yr,driver_count_18yr,driver_count_19yr,driver_count_20yr,driver_count_50_64yr,driver_count_65_74yr,driver_count_75plus,unbelted_occ_count,unb_death_count,unb_maj_inj_count,belted_death_count,belted_maj_inj_count,mcycle_death_count,mcycle_maj_inj_count,bicycle_death_count,bicycle_maj_inj_count,ped_count,ped_death_count,ped_maj_inj_count,max_severity_level,comm_veh_count,dec_lat,dec_long,rdwy_surf_type_cd,county_name
 ,46905,2013052706,6,67,67301,2013,5,1,439,4,3,1,1,7,2, , ,N,6,0,2,3,0,0,1,1,N,N,39 53:23.105,75 14:01.659,449, ,442,1,1,2,N, ,0,N, , , , ,525101, , , ,1,1,0,0,0,0,0,0,0,0,0,0,0,0,0,0,0,0,0,0,0,0,0,1,0,0,0,0,0,0,0,0,0,0,0,0,0,39.8898,-75.2338, , 
 ,46906,2013032441,6,67,67301,2013,1,3,13,0,6,8,6,7,2, , ,N,0,0,0,3,0,2,2,1,N,N,39 56:12.015,75 11:49.664,14, ,13, ,0, ,N, ,0, , , , , ,525135, , , ,1,1,0,0,0,0,0,0,0,0,0,0,2,2,0,0,0,0,0,0,0,0,0,0,0,0,0,0,0,0,0,0,0,0,0,8,0,39.9367,-75.1971, , 
 ,46907,2013041328,6,67,67301,2013,3,6,1720,17,1,1,0,1,1, , ,N,0,0,0,3,0,0,2,4,N, ,39 58:51.819,75 07:25.773,1730, ,1225, ,0, , , ,0, , , , , ,525145, , , ,4,2,0,0,1,0,1,0,0,0,0,0,0,0,0,0,0,0,0,0,0,0,0,0,0,0,0,0,0,0,0,0,0,0,0,0,0,39.9811,-75.1238, , 
 ,46908,2013050244,6,67,67301,2013,4,7,2100,21,3,1,0,4,2, , ,N,1,2,0,3,0,0,4,2,N, ,39 55:43.884,75 14:07.770,2105, ,2105, ,0, , , ,3, , , , , ,525153, , , ,2,2,0,0,0,0,0,0,0,0,0,0,0,0,0,0,0,0,0,0,1,0,0,0,0,0,0,0,0,0,0,0,0,0,0,0,0,39.9289,-75.2355, , 
 ,46909,2013034997,6,67,67301,2013,2,3,730,7,3,2,1,4,1, , ,N,1,2,0,3,0,2,3,2,N, ,39 59:38.137,75 08:30.674,734, ,731, ,0, , , ,3, , , , , ,513717, , , ,2,2,0,0,0,0,0,0,0,0,0,2,2,0,0,0,0,0,1,0,0,0,0,0,0,0,0,0,0,0,0,0,0,0,0,4,0,39.9939,-75.1419, , 
 ,46910,2013012043,6,67,67301,2013,1,7,2050,20,3,1,0,1,1, , ,N,0,4,6,3,0,1,4,2,N,N,40 04:59.294,75 01:36.647,2057, ,2054, ,0, ,N, ,3, , , , , ,513740, , , ,2,1,0,0,0,0,1,0,0,0,0,1,1,0,0,0,0,0,0,0,1,0,0,0,0,0,0,0,0,0,0,0,0,0,0,4,0,40.0831,-75.0268, , 
 ,46911,2013025302,6,67,67301,2013,2,6,1937,19,3,1,0,4,1, , ,N,1,3,0,3,0,2,5,2,N,N,40 03:30.663,75 04:43.841,1948, ,1937, ,0, , , ,3, , , , , ,513751, , , ,2,2,0,0,0,0,0,0,0,0,0,1,2,1,2,0,0,0,0,0,0,0,0,0,0,0,0,0,0,0,0,0,0,0,0,4,0,40.0585,-75.0788, , 
Y,46912,2013031378,6,67,67301,2013,3,5,1834,18,4,1,0,1,1,1,4,Y,0,0,0,3,0,4,9,4,N,N,40 01:33.372,75 01:40.426,1850,45,1836,2,2,2,N, ,0,N,Y,N,N,N,513761,N,N,Y,4,4,0,0,0,0,0,0,0,0,0,4,4,0,0,0,0,0,0,1,0,0,0,1,0,0,0,0,0,0,0,0,0,0,0,4,0,40.026,-75.0279, , 
 ,46913,2013034753,6,67,67301,2013,3,1,1701,17,1,1,0,4,1, , ,N,0,0,0,3,0,0,5,2,N,N,39 58:48.132,75 12:17.710,1713, ,1707, ,0, ,N, ,0, , , , , ,513763, , , ,2,0,0,0,0,0,1,1,0,0,0,0,0,0,0,0,0,0,0,0,0,0,0,0,0,0,0,0,0,0,0,0,0,0,0,0,0,39.98,-75.2049, , 
 ,46914,2013046305,6,67,67301,2013,3,7,1600,16,1,1,0,5,1, , ,N,1,2,0,3,0,1,3,2,N, ,39 59:18.574,75 08:55.215,9999, ,2000, ,0, , , ,3, , , , , ,513771, , , ,2,1,0,0,0,0,1,0,0,0,1,0,1,0,0,0,0,0,0,0,0,0,0,0,0,0,0,0,0,0,0,0,0,0,0,3,0,39.9885,-75.1487, , 
 ,46915,2013046388,6,67,67301,2013,4,4,1600,16,1,1,0,4,1, , ,N,1,0,0,3,0,0,2,3,N,N,40 00:25.755,75 10:28.143,1705, ,1700, ,0, ,N, ,0, , , , , ,513772, , , ,3,2,0,0,1,0,0,0,0,0,0,0,0,0,0,0,0,0,0,0,0,0,0,2,0,0,0,0,0,0,0,0,0,0,0,0,0,40.0072,-75.1745, , 
 ,46916,2013052357,6,67,67301,2013,4,7,1704,17,1,1,0,1,1, , ,N,0,0,0,3,0,2,5,4,N,N,40 00:35.793,75 03:49.942,1729, ,1713, ,0, ,N, ,0, , , , , ,513776, , , ,4,2,0,0,0,0,2,0,0,0,0,2,2,0,0,0,0,0,0,0,2,0,0,0,0,0,0,0,0,0,0,0,0,0,0,4,0,40.0099,-75.064, , 
 ,46917,2013052711,6,67,67301,2013,5,4,635,6,1,1,0,1,1, , ,N,0,0,0,3,0,0,3,3,N,N,39 57:35.911,75 10:42.928,654, ,642,1,1,4,N, ,0,N, , , , ,513777, , , ,3,1,0,0,1,0,0,1,0,0,0,0,0,0,1,0,0,0,0,0,0,0,0,0,0,0,0,0,0,0,0,0,0,0,0,9,0,39.96,-75.1786, , 
 ,46918,2013057459,6,67,67301,2013,5,7,1203,12,1,1,0,7,2, , ,N,0,0,0,3,0,1,1,1,N,N,39 57:00.424,75 08:28.458,1213, ,1206,1,1,1,N, ,0,N, , , , ,513782, , , ,1,0,0,0,0,0,1,0,0,0,0,1,1,0,0,0,0,0,0,0,0,0,0,0,0,0,0,0,0,0,0,0,0,0,0,4,0,39.95,-75.1413, , 
 ,46919,2013016147,6,67,67301,2013,1,6,1345,13,1,2,1,4,1, , ,N,2,2,2,3,0,0,2,2,N, ,39 53:59.535,75 10:28.835,1350, ,1350, ,0, , , ,3, , , , , ,513796, , , ,2,2,0,0,0,0,0,0,0,0,0,0,0,0,0,0,0,0,0,0,2,0,0,0,0,0,0,0,0,0,0,0,0,0,0,0,0,39.8994,-75.1748, , 
 ,46920,2013022215,6,67,67301,2013,1,5,1440,14,1,1,0,4,1, , ,N,1,3,0,3,0,2,2,2,N,N,40 01:06.858,75 03:00.575,1450, ,1441,2,1,4,N, ,3,N, , , , ,513801, , , ,2,1,0,0,1,0,0,0,0,0,0,0,2,2,0,0,0,0,0,0,0,0,1,0,0,0,0,0,0,0,0,0,0,0,0,8,0,40.0187,-75.0499, , 
 ,46921,2013041272,6,67,67301,2013,3,1,2130,21,3,1,0,1,1, , ,N,1,0,0,3,0,3,5,2,N,N,39 58:26.116,75 12:23.386,2138, ,2133, ,0, ,N, ,0, , , , , ,513823, , , ,2,2,0,0,0,0,0,0,0,0,0,0,3,3,1,0,0,0,0,0,0,0,1,0,0,0,0,0,0,0,0,0,0,0,0,8,0,39.9738,-75.2064, , 
Y,46922,2013025078,6,67,67301,2013,2,7,2220,22,3,1,1,1,1,1,4,Y,0,0,0,3,0,0,3,2,N,N,40 00:57.553,75 03:09.020,2234,45,2229,1,1,2,N, ,0,N,N,N,N,N,513857,N,N,Y,2,1,0,0,1,0,0,0,0,0,0,0,0,0,0,0,0,0,0,0,0,0,0,0,0,0,0,0,0,0,0,0,0,0,0,0,0,40.016,-75.0525, , 
 ,46923,2013026122,6,67,67301,2013,2,6,1028,10,1,1,0,4,1, , ,N,0,0,0,3,0,0,4,6,N, ,40 00:39.762,75 07:35.839,1040, ,1028,2,1,1, , ,0,N, , , , ,513861, , , ,6,6,0,0,0,0,0,0,0,0,0,0,0,0,0,0,0,0,1,0,0,0,0,0,0,0,0,0,0,0,0,0,0,0,0,0,0,40.011,-75.1266, , 
 ,46924,2013035588,6,67,67301,2013,3,7,256,2,3,1,0,7,4, , ,N,2,2,0,3,0,1,1,1,N, ,39 59:53.654,75 11:15.510,256, ,256,9,1,2, , ,3,N, , , , ,513871, , , ,1,0,0,0,0,0,1,0,0,0,0,0,1,1,0,0,0,0,0,0,0,0,0,0,0,0,0,0,0,0,0,0,0,0,0,8,0,39.9982,-75.1876, , 
 ,46925,2013047216,6,67,67301,2013,4,1,259,2,3,1,0,5,1, , ,N,0,0,0,3,0,0,1,5,N,N,39 58:18.125,75 10:00.745,301, ,259, ,0, ,N, ,0, , , , , ,513880, , , ,5,4,0,0,1,0,0,0,0,0,0,0,0,0,0,0,0,0,0,0,0,0,0,0,0,0,0,0,0,0,0,0,0,0,0,0,0,39.9717,-75.1669, , 
 ,46926,2013046360,6,67,67301,2013,4,3,708,7,1,1,0,4,1, , ,N,2,3,0,3,0,1,3,2,N, ,40 07:10.776,75 00:31.301,708, ,710, ,0, , , ,3, , , , , ,513914, , , ,2,1,0,0,1,0,0,0,0,0,0,1,1,0,0,0,0,0,0,0,1,0,0,0,0,0,0,0,0,0,0,0,0,0,0,4,0,40.1197,-75.0087, , 
 ,46927,2013016284,6,67,67301,2013,1,7,1937,19,3,1,0,4,1, , ,N,2,0,0,3,0,0,2,2,N,N,39 58:17.457,75 10:48.712,1950, ,1939, ,0, , , ,0, , , , , ,517450, , , ,2,2,0,0,0,0,0,0,0,0,0,0,0,0,0,0,0,0,0,0,0,0,0,0,0,0,0,0,0,0,0,0,0,0,0,0,0,39.9715,-75.1802, , 
 ,46928,2013029737,6,67,67301,2013,2,3,708,7,1,1,0,4,1, , ,N,1,3,0,3,0,2,3,2,N,N,40 03:07.828,75 05:35.123,725, ,716,1,1,4,N, ,3,Y, , , , ,517466, , , ,2,1,0,0,0,0,1,0,0,0,0,1,2,1,0,0,0,0,0,0,0,0,0,0,0,0,0,0,0,0,0,0,0,0,0,4,0,40.0522,-75.0931, , 
 ,46929,2013035296,6,67,67301,2013,3,4,1400,14,8,2,1,7,3, , ,N,1,2,0,3,0,1,2,1,N, ,40 00:25.549,75 05:38.543,9999, ,1427, ,0, , , ,3, , , , , ,517470, , , ,1,1,0,0,0,0,0,0,0,0,0,0,1,1,0,0,0,0,1,0,0,0,0,0,0,0,0,0,0,0,0,0,0,0,0,8,0,40.0071,-75.094, , 
 ,46930,2013041339,6,67,67301,2013,3,6,155,1,3,1,0,7,5, , ,N,0,0,2,3,0,0,2,1,N,N,40 01:04.397,75 09:57.747,200, ,158,1,1,3,N, ,0,Y, , , , ,517475, , , ,1,1,0,0,0,0,0,0,0,0,0,0,0,0,0,0,0,0,0,1,0,0,0,0,0,0,0,0,0,0,0,0,0,0,0,0,0,40.0179,-75.166, , 
 ,46931,2013046260,6,67,67301,2013,4,5,910,9,1,1,0,6,1, , ,N,1,3,0,3,0,1,2,2,N,N,39 59:52.821,75 07:45.821,933, ,933, ,0, ,N, ,3, , , , , ,517478, , , ,2,1,0,0,0,0,1,0,0,0,1,0,1,0,0,0,0,0,0,0,0,0,0,0,0,0,0,0,0,0,0,0,0,0,0,3,0,39.998,-75.1294, , 
 ,46932,2013065345,6,67,67301,2013,5,6,1527,15,1,1,0,4,1, , ,N,0,0,0,3,0,1,2,2,N,N,40 05:50.233,75 03:20.336,1540, ,1535,2,2,4,N, ,0,N, , , , ,517491, , , ,2,2,0,0,0,0,0,0,0,0,0,1,1,0,0,1,0,0,0,0,0,0,0,0,0,0,0,0,0,0,0,0,0,0,0,4,0,40.0973,-75.0556, , 
 ,46933,2013065513,6,67,67301,2013,5,5,1715,17,1,1,0,4,1, , ,N,1,3,0,3,0,1,2,2,N,N,39 56:01.507,75 10:27.213,1735, ,1733, ,0, ,N, ,3, , , , , ,517492, , , ,2,0,1,0,0,0,1,0,0,0,1,0,1,0,0,0,0,0,1,0,0,0,0,0,0,0,0,0,0,0,0,0,0,0,0,3,0,39.9338,-75.1742, , 
 ,46934,2013016236,6,67,67301,2013,1,4,1620,16,1,1,0,5,1, , ,N,0,0,0,3,0,1,4,3,N,N,40 03:52.848,75 09:15.087,1635, ,1628,2,2,5,N, ,0,Y, , , , ,517503, , , ,3,1,0,0,0,0,1,1,0,0,0,0,1,1,0,0,0,0,0,0,1,2,0,0,0,0,0,0,0,0,0,0,0,0,0,8,0,40.0647,-75.1542, , 
 ,46935,2013024925,6,67,67301,2013,2,6,1850,18,3,1,0,8,1, , ,N,0,0,0,3,0,1,3,2,N,N,40 01:54.001,75 07:02.036,1910, ,1908, ,0, ,N, ,0, , , , , ,517507, , , ,1,0,0,0,0,0,0,1,0,0,1,0,1,0,0,0,0,0,0,0,0,0,0,0,0,0,0,0,0,0,0,0,1,0,0,3,0,40.0317,-75.1172, , 
 ,46936,2013041361,6,67,67301,2013,3,4,1413,14,1,1,0,1,1, , ,N,2,0,2,3,0,1,3,3,N,N,39 56:18.571,75 08:31.577,1420, ,1413, ,0, ,N, ,0, , , , , ,517521, , , ,3,0,0,0,1,0,1,1,0,0,1,0,1,0,0,0,0,0,0,0,1,0,0,0,0,0,0,0,0,0,0,0,0,0,0,3,0,39.9385,-75.1421, , 
 ,46937,2013041376,6,67,67301,2013,3,6,726,7,1,1,0,2,1, , ,N,2,3,0,3,0,2,4,2,N,N,40 07:15.297,75 01:22.180,740, ,730,2,1,6,N, ,3,N, , , , ,517522, , , ,2,2,0,0,0,0,0,0,0,0,0,0,2,2,0,0,0,0,0,0,0,0,0,0,0,0,0,0,0,0,0,0,0,0,0,8,0,40.1209,-75.0228, , 
 ,46938,2013047825,6,67,67301,2013,4,6,2245,22,3,2,1,8,1, , ,N,5,2,0,3,0,1,2,2,N,N,40 01:38.846,75 03:44.583,1238, ,1233, ,0, ,N, ,3, , , , , ,517532, , , ,1,1,0,0,0,0,0,0,0,0,0,1,1,0,0,0,0,0,0,0,0,0,0,0,0,0,0,0,0,0,0,0,1,0,0,4,0,40.0275,-75.0624, , 
 ,46939,2013062675,6,67,67301,2013,5,6,1520,15,1,2,1,4,1, , ,N,0,0,7,3,0,0,2,2,N, ,40 02:15.961,75 06:33.126,1541, ,1531, ,0, , , ,0, , , , , ,517541, , , ,2,1,0,0,1,0,0,0,0,0,0,0,0,0,0,0,0,0,1,0,1,0,0,0,0,0,0,0,0,0,0,0,0,0,0,0,0,40.0378,-75.1092, , 
 ,46940,2013028519,6,46,46104,2013,3,7,2126,21,3,1,0,8,1, , ,N,1,2,0,3,0,1,2,2,N,N,40 00:14.091,75 13:14.544,2128, ,2126,2,2,4,N, ,3,Y, , , , ,517563, , , ,1,1,0,0,0,0,0,0,0,0,0,0,1,1,0,0,0,0,0,0,1,0,0,0,0,0,0,0,0,0,0,0,1,0,0,8,0,40.0039,-75.2207, , 
 ,46941,2013035138,6,67,67301,2013,3,2,1630,16,1,1,0,8,1, , ,N,1,3,0,3,0,1,2,2,N, ,39 55:01.380,75 14:04.822,1631, ,1630, ,0, , , ,3, , , , , ,517571, , , ,1,1,0,0,0,0,0,0,0,0,0,1,1,0,0,0,0,0,0,0,0,0,0,0,0,0,0,0,0,0,0,0,1,0,0,4,0,39.9171,-75.2347, , 
 ,46942,2013035255,6,67,67301,2013,3,2,647,6,1,1,0,8,6, , ,N,0,0,0,3,0,1,2,2,N,N,39 57:12.999,75 09:54.546,648, ,648, ,0, ,N, ,0, , , , , ,517572, , , ,1,1,0,0,0,0,0,0,0,0,0,0,1,1,0,0,0,0,0,0,0,0,0,0,0,0,0,0,0,0,0,0,1,0,0,8,0,39.9536,-75.1652, , 
 ,46943,2013050257,6,67,67301,2013,4,6,1740,17,1,1,0,7,5, , ,N,2,0,0,3,0,1,1,1,N, ,39 59:59.787,75 07:07.633,1740, ,1740, ,0, , , ,0, , , , , ,517587, , , ,1,0,1,0,0,0,0,0,0,0,0,1,1,0,0,0,0,0,1,0,0,0,0,0,0,0,0,0,0,0,0,0,0,0,0,4,0,39.9999,-75.1188, , 
 ,46944,2013024953,6,67,67301,2013,1,5,150,1,3,2,1,4,1, , ,N,1,2,0,3,0,1,2,3,N,N,40 01:34.998,75 07:01.744,155, ,150, ,0, ,N, ,3, , , , , ,517613, , , ,3,1,0,0,1,0,1,0,0,0,0,1,1,0,0,0,0,0,0,0,2,0,0,0,0,0,0,0,0,0,0,0,0,0,0,4,0,40.0264,-75.1172, , 
 ,46945,2013026952,6,67,67301,2013,2,3,2010,20,3,1,1,4,1, , ,N,1,2,0,3,0,1,2,2,N,N,40 01:50.847,75 06:43.088,2038, ,2030, ,0, ,N, ,3, , , , , ,521615, , , ,2,2,0,0,0,0,0,0,0,0,0,1,1,0,0,0,0,0,0,0,0,0,0,2,0,0,0,0,0,0,0,0,0,0,0,4,0,40.0308,-75.112, , 
 ,46946,2013034144,6,67,67301,2013,3,5,1042,10,1,1,0,1,1, , ,N,0,0,0,3,0,0,3,3,N,N,39 58:04.931,75 11:24.906,1046, ,1042, ,0, ,N, ,0, , , , , ,521621, , , ,3,1,0,0,0,0,2,0,0,0,0,0,0,0,2,0,0,0,0,0,1,0,0,0,0,0,0,0,0,0,0,0,0,0,0,9,0,39.968,-75.1903, , 
 ,46947,2013035080,6,67,67301,2013,3,7,1400,14,1,1,0,4,1, , ,N,0,3,7,3,0,0,6,2,N,N,40 02:08.335,75 03:59.786,1430, ,1420,2,2,1,N, ,3,Y, , , , ,521624, , , ,2,1,0,0,0,0,1,0,0,0,0,0,0,0,0,0,0,0,0,0,1,0,0,0,0,0,0,0,0,0,0,0,0,0,0,0,0,40.0356,-75.0666, , 
 ,46948,2013043786,6,67,67301,2013,3,7,2255,22,3,1,0,1,1, , ,N,0,0,0,3,0,0,3,3,N,N,40 00:23.018,75 07:01.474,2259, ,2258, ,0, ,N, ,0, , , , , ,521631, , , ,3,3,0,0,0,0,0,0,0,0,0,0,0,0,0,0,0,0,0,0,0,0,0,0,0,0,0,0,0,0,0,0,0,0,0,0,0,40.0064,-75.1171, , 
 ,46949,2013047806,6,67,67301,2013,4,3,1105,11,1,1,0,8,2, , ,N,0,0,0,3,0,1,2,2,N,N,39 56:53.718,75 09:53.586,1124, ,1119, ,0, ,N, ,0, , , , , ,521635, , , ,1,0,0,0,0,0,0,1,0,0,0,1,1,0,0,0,0,0,0,0,0,1,0,0,0,0,0,0,0,0,0,0,1,0,0,4,0,39.9483,-75.1649, , 
 ,46950,2013007403,6,67,67301,2013,1,3,505,5,3,1,1,7,4, , ,N,0,0,0,3,0,1,1,1,N,N,39 53:21.977,75 14:26.806,602, ,534, ,0, ,N, ,0, , , , , ,521650, , , ,1,1,0,0,0,0,0,0,0,0,0,0,1,1,0,0,0,0,0,0,0,1,0,0,0,0,0,0,0,0,0,0,0,0,0,8,0,39.8894,-75.2408, , 
 ,46951,2013022262,6,67,67301,2013,1,2,1315,13,1,1,0,1,1, , ,N,2,2,0,3,0,1,2,2,N,N,39 56:46.746,75 14:16.817,1329, ,1324, ,0, ,N, ,3, , , , , ,521663, , , ,2,0,0,0,1,0,1,0,0,0,0,0,1,1,0,0,0,0,0,0,0,0,0,0,0,0,0,0,0,0,0,0,0,0,0,8,0,39.9463,-75.238, , 
 ,46952,2013029697,6,67,67301,2013,2,6,1635,16,1,2,1,2,1, , ,N,1,2,0,3,0,1,3,2,N, ,39 58:31.045,75 07:15.692,1652, ,1649, ,0, , , ,3, , , , , ,521670, , , ,2,1,0,0,0,0,0,1,0,0,0,1,1,0,0,0,0,0,1,0,0,0,0,0,0,0,0,0,0,0,0,0,0,0,0,4,0,39.9749,-75.1215, , 
 ,46953,2013036248,6,67,67301,2013,2,1,326,3,3,1,0,4,1, , ,N,2,2,0,3,0,0,2,2,N,N,39 56:47.166,75 10:46.214,330, ,326, ,0, ,N, ,3, , , , , ,521675, , , ,2,2,0,0,0,0,0,0,0,0,0,0,0,0,1,0,0,0,0,0,0,0,0,0,0,0,0,0,0,0,0,0,0,0,0,9,0,39.9464,-75.1795, , 
 ,46954,2013057453,6,67,67301,2013,5,6,2235,22,3,1,0,0,1, , ,N,0,0,0,3,0,1,7,4,N,N,39 57:49.594,75 11:03.798,2248, ,2244, ,0, ,N, ,0, , , , , ,521693, , , ,4,1,1,0,1,0,0,1,0,0,0,1,1,0,0,0,0,0,0,0,1,0,0,0,0,0,0,0,0,0,0,0,0,0,0,4,0,39.9638,-75.1844, , 
 ,46955,2013023555,6,67,67301,2013,1,6,800,8,1,1,0,4,1, , ,N,2,0,0,3,0,0,2,2,N,N,40 02:28.937,75 08:38.815,800, ,800, ,0, ,N, ,0, , , , , ,521704, , , ,2,2,0,0,0,0,0,0,0,0,0,0,0,0,1,0,0,0,0,0,0,0,0,2,0,0,0,0,0,0,0,0,0,0,0,9,0,40.0414,-75.1441, , 
 ,46956,2013055441,6,67,67301,2013,4,7,1652,16,1,1,0,4,1, , ,N,1,2,0,3,0,1,2,2,N,N,39 58:46.236,75 09:51.389,1652, ,1652, ,0, ,N, ,3, , , , , ,521731, , , ,1,0,0,0,0,0,1,0,1,0,0,1,1,0,0,0,0,0,0,0,0,0,0,0,0,0,0,0,0,0,0,0,0,0,0,4,0,39.9795,-75.1643, , 
 ,46957,2013070388,6,67,67301,2013,6,6,1430,14,1,2,1,8,1, , ,N,1,2,0,3,0,1,2,2,N,N,39 56:59.100,75 10:03.072,1450, ,1430,2,1,4,N, ,3,Y, , , , ,521738, , , ,1,0,0,0,1,0,0,0,0,0,0,0,1,1,0,0,1,0,0,0,0,0,0,0,0,0,0,0,0,0,0,0,1,0,0,8,0,39.9497,-75.1674, , 
 ,46958,2013038690,6,67,67301,2013,4,5,1213,12,1,1,0,1,1, , ,N,0,0,1,3,0,7,10,5,N,N,39 57:28.114,75 09:43.378,1229, ,1229,3,1,3,N, ,0,N, , , , ,521774, , , ,5,4,0,0,0,0,0,1,0,0,1,6,7,0,0,0,0,0,0,0,2,0,0,0,0,0,0,0,0,0,0,0,0,0,0,3,0,39.9578,-75.162, , 
 ,46959,2013023564,6,67,67301,2013,1,4,1550,15,1,1,0,4,1, , ,N,1,2,0,3,0,1,2,2,N,N,40 04:10.107,75 03:02.148,1804, ,1802, ,0, ,N, ,3, , , , , ,521806, , , ,2,1,0,0,0,0,1,0,0,0,0,0,1,1,0,0,0,0,0,1,1,0,0,0,0,0,0,0,0,0,0,0,0,0,0,8,0,40.0695,-75.0506, , 
 ,46960,2013034150,6,67,67301,2013,3,5,1448,14,1,1,0,1,1, , ,N,0,0,0,3,0,1,3,2,N,N,40 00:08.550,75 11:40.120,1511, ,1507,1,2,4,N, ,0,N, , , , ,521819, , , ,2,0,0,0,0,0,1,1,0,0,0,0,1,1,0,0,0,0,0,0,1,0,0,0,0,0,0,0,0,0,0,0,0,0,0,8,0,40.0024,-75.1945, , 
 ,46961,2013034993,6,67,67301,2013,3,3,850,8,1,1,0,8,1, , ,N,1,2,0,3,0,1,2,2,N,N,39 57:23.057,75 12:30.428,925, ,850,9,2,7,N, ,3,N, , , , ,521820, , , ,1,0,0,0,0,0,1,0,0,0,0,1,1,0,0,0,0,0,0,0,1,0,0,1,0,0,0,0,0,0,0,0,1,0,0,4,0,39.9564,-75.2085, , 
 ,46962,2013035602,6,67,67301,2013,2,3,630,6,1,1,0,4,1, , ,N,2,0,0,3,0,0,2,2,N, ,39 58:26.987,75 07:59.978,753, ,741, ,0, , , ,0, , , , , ,521821, , , ,2,1,0,0,1,0,0,0,0,0,0,0,0,0,0,0,0,0,0,0,0,0,0,0,0,0,0,0,0,0,0,0,0,0,0,0,0,39.9742,-75.1333, , 
 ,46963,2013012124,6,67,67301,2013,1,3,1340,13,1,1,0,6,6, , ,N,0,0,0,3,0,1,1,2,N, ,40 00:20.600,75 06:43.106,1400, ,1338, ,0, , , ,0, , , , , ,525166, , , ,2,2,0,0,0,0,0,0,0,0,0,1,1,0,0,0,0,0,0,0,0,0,0,0,0,0,0,0,0,0,0,0,0,0,0,4,0,40.0057,-75.112, , 
 ,46964,2013022219,6,67,67301,2013,1,4,2001,20,1,1,0,8,1, , ,N,1,2,0,3,0,1,2,2,N, ,39 57:06.984,75 09:35.699,2009, ,2007, ,0, , , ,3, , , , , ,525175, , , ,1,1,0,0,0,0,0,0,0,0,0,1,1,0,0,0,0,0,0,0,0,0,0,1,0,0,0,0,0,0,0,0,1,0,0,4,0,39.9519,-75.1598, , 
 ,46965,2013024567,6,67,67301,2013,2,2,1557,15,1,1,0,1,1, , ,N,0,0,0,3,0,0,2,2,N,N,40 00:46.710,75 03:29.009,1617, ,1604, ,0, ,N, ,0, , , , , ,525177, , , ,2,2,0,0,0,0,0,0,0,0,0,0,0,0,0,0,0,0,0,0,0,0,0,0,0,0,0,0,0,0,0,0,0,0,0,0,0,40.0129,-75.0582, , 
 ,46966,2013023521,6,67,67301,2013,1,3,1537,15,1,1,0,1,1, , ,N,1,2,0,3,0,0,1,4,N,N,40 03:27.887,75 02:29.677,1548, ,1537, ,0, ,N, ,3, , , , , ,525227, , , ,4,2,0,0,0,0,1,1,0,0,0,0,0,0,0,0,0,0,0,0,1,0,0,0,0,0,0,0,0,0,0,0,0,0,0,0,0,40.0577,-75.0416, , 
 ,46967,2013024897,6,67,67301,2013,2,7,2200,22,3,1,0,4,1, , ,N,1,3,0,3,0,0,2,2,N, ,40 00:09.964,75 07:32.368,25, ,15,3,1,4, , ,3,N, , , , ,525228, , , ,2,2,0,0,0,0,0,0,0,0,0,0,0,0,0,0,0,0,0,0,0,0,0,0,0,0,0,0,0,0,0,0,0,0,0,0,0,40.0028,-75.1257, , 
 ,46968,2013024991,6,67,67301,2013,1,3,500,5,3,1,0,8,1, , ,N,0,0,7,3,0,1,2,2,N, ,40 00:01.710,75 13:40.603,515, ,510, ,0, , , ,0, , , , , ,525229, , , ,1,1,0,0,0,0,0,0,0,0,0,1,1,0,0,0,0,0,0,0,0,0,0,0,0,0,0,0,0,0,0,0,1,0,0,4,0,40.0005,-75.2279, , 
 ,46969,2013029714,6,67,67301,2013,2,5,2110,21,3,1,0,6,1, , ,N,1,3,0,3,0,1,6,2,N,N,40 00:27.748,75 09:29.267,2119, ,2115, ,0, ,N, ,3, , , , , ,525281, , , ,2,1,0,0,0,0,1,0,0,0,0,0,1,1,0,0,0,0,0,0,1,0,0,0,0,0,0,0,0,0,0,0,0,0,0,8,0,40.0077,-75.1581, , 
 ,46970,2013016281,6,67,67301,2013,1,4,1158,11,1,2,1,4,1, , ,N,2,3,0,3,0,1,2,2,N,N,40 01:36.819,75 03:33.460,1233, ,1232, ,0, ,N, ,3, , , , , ,525315, , , ,2,0,0,0,0,0,2,0,0,0,0,1,1,0,0,0,0,0,0,1,0,0,0,0,0,0,0,0,0,0,0,0,0,0,0,4,0,40.0269,-75.0593, , 
 ,46971,2013041308,6,67,67301,2013,3,2,1220,12,1,1,0,8,1, , ,N,1,2,0,3,0,1,2,2,N,N,39 59:01.460,75 08:11.468,1800, ,1800, ,0, ,N, ,3, , , , , ,525343, , , ,1,0,0,0,0,0,1,0,0,0,0,1,1,0,1,0,0,0,0,0,0,0,0,0,0,0,0,0,0,0,0,0,1,0,0,4,0,39.9837,-75.1365, , 