wz_ln_closure,objectid_1,crn,district,county,municipality,crash_year,crash_month,day_of_week,time_of_day,hour_of_day,illumination,weather,road_condition,collision_type,relation_to_road,work_zone_type,work_zone_loc,work_zone_ind,intersect_type,tcd_type,location_type,urban_rural,fatal_count,injury_count,person_count,total_units,sch_bus_ind,sch_zone_ind,latitude,longitude,arrival_tm,cons_zone_spd_lim,dispatch_tm,est_hrs_closed,lane_closed,ln_close_dir,ntfy_hiwy_maint,spec_juris_cd,tcd_func_cd,tfc_detour_ind,workers_pres,wz_close_detour,wz_flagger,wz_law_offcr_ind,objectid,wz_moving,wz_other,wz_shlder_mdn,vehicle_count,automobile_count,motorcycle_count,bus_count,small_truck_count,heavy_truck_count,suv_count,van_count,bicycle_count,maj_inj_count,mod_inj_count,min_inj_count,tot_inj_count,unk_inj_deg_count,unk_inj_per_count,driver_count_16yr,driver_count_17yr,driver_count_18yr,driver_count_19yr,driver_count_20yr,driver_count_50_64yr,driver_count_65_74yr,driver_count_75plus,unbelted_occ_count,unb_death_count,unb_maj_inj_count,belted_death_count,belted_maj_inj_count,mcycle_death_count,mcycle_maj_inj_count,bicycle_death_count,bicycle_maj_inj_count,ped_count,ped_death_count,ped_maj_inj_count,max_severity_level,comm_veh_count,dec_lat,dec_long,rdwy_surf_type_cd,county_name
 ,47038,2013043776,6,67,67301,2013,3,7,920,9,1,1,0,4,1, , ,N,1,2,0,3,0,1,6,3,N,N,39 59:00.666,75 07:08.642,930, ,922,1,1,4,N, ,3,Y, , , , ,525492, , , ,3,2,0,0,0,1,0,0,0,0,0,0,1,1,0,0,0,0,0,0,1,0,0,0,0,0,0,0,0,0,0,0,0,0,0,8,1,39.9834,-75.1191, , 
 ,47039,2013047331,6,67,67301,2013,4,3,723,7,1,1,0,4,1, , ,N,1,3,0,3,0,1,2,2,N, ,40 01:36.217,75 03:22.736,743, ,740, ,0, , , ,3, , , , , ,525497, , , ,2,2,0,0,0,0,0,0,0,0,0,0,1,1,0,0,0,0,0,0,0,0,0,0,0,0,0,0,0,0,0,0,0,0,0,8,0,40.0267,-75.0563, , 
 ,47040,2013012090,6,67,67301,2013,1,7,1230,12,1,1,0,1,1, , ,N,0,0,0,3,0,0,2,2,N, ,40 03:16.428,75 14:09.388,9999, ,9999, ,0, , , ,0, , , , , ,525507, , , ,2,2,0,0,0,0,0,0,0,0,0,0,0,0,0,0,0,0,0,0,1,0,0,0,0,0,0,0,0,0,0,0,0,0,0,0,0,40.0546,-75.2359, , 
 ,47041,2013014140,6,67,67301,2013,2,6,1012,10,1,4,1,7,2, , ,N,0,0,0,3,0,0,1,1,N,N,40 00:10.140,75 04:39.845,1043, ,1043, ,0, ,N, ,0, , , , , ,525509, , , ,1,0,0,0,1,0,0,0,0,0,0,0,0,0,0,0,0,0,0,0,0,0,0,0,0,0,0,0,0,0,0,0,0,0,0,0,0,40.0027,-75.0778, , 
 ,47042,2013053922,6,67,67301,2013,5,6,1204,12,1,1,0,7,2, , ,N,0,0,0,3,0,0,1,1,N,N,39 55:33.206,75 11:38.974,1208, ,1204,1,2,3,N, ,0,N, , , , ,525541, , , ,1,1,0,0,0,0,0,0,0,0,0,0,0,0,0,0,0,0,0,0,0,0,0,0,0,0,0,0,0,0,0,0,0,0,0,0,0,39.9259,-75.1942, , 
 ,47043,2013062569,6,67,67301,2013,5,4,957,9,1,1,0,8,1, , ,N,1,2,0,3,0,1,2,2,N,N,40 02:16.612,75 07:48.705,1006, ,1002, ,0, ,N, ,3, , , , , ,525545, , , ,1,0,0,0,1,0,0,0,0,0,0,1,1,0,0,0,0,0,0,0,0,0,0,0,0,0,0,0,0,0,0,0,1,0,0,4,0,40.0379,-75.1302, , 
 ,47044,2013016262,6,67,67301,2013,1,6,2033,20,3,2,1,4,1, , ,N,1,2,0,3,0,0,3,2,N,N,39 58:10.213,75 12:45.380,2035, ,2033,1,2,4,N, ,3,Y, , , , ,525553, , , ,2,2,0,0,0,0,0,0,0,0,0,0,0,0,0,0,0,0,0,0,0,1,0,0,0,0,0,0,0,0,0,0,0,0,0,0,0,39.9695,-75.2126, , 
 ,47045,2013022263,6,67,67301,2013,1,3,1615,16,1,1,0,5,1, , ,N,1,2,0,3,0,1,4,3,N,N,40 03:15.451,75 04:17.588,1618, ,1615, ,0, ,N, ,3, , , , , ,525559, , , ,3,3,0,0,0,0,0,0,0,0,0,1,1,0,0,0,0,0,0,0,0,0,1,0,0,0,0,0,0,0,0,0,0,0,0,4,0,40.0544,-75.0717, , 
 ,47046,2013047345,6,67,67301,2013,3,5,136,1,3,1,0,7,5, , ,N,0,0,0,3,0,1,4,3,N,N,40 00:52.070,75 07:12.982,136, ,136, ,0, ,N, ,0, , , , , ,525572, , , ,3,2,0,0,0,0,1,0,0,0,0,1,1,0,0,0,0,1,0,0,0,0,0,0,0,0,0,0,0,0,0,0,0,0,0,4,0,40.0145,-75.1203, , 
 ,47047,2013037470,6,67,67301,2013,3,5,2149,21,3,1,0,4,1, , ,N,1,2,0,3,0,2,3,2,N,N,39 59:27.011,75 07:51.262,2149, ,2149, ,0, ,N, ,3, , , , , ,525625, , , ,2,1,0,0,0,0,0,0,0,0,1,0,2,1,0,0,0,1,0,0,0,1,0,0,0,0,0,0,0,0,0,0,0,0,0,3,0,39.9908,-75.1309, , 
 ,47048,2013037472,6,67,67301,2013,3,3,747,7,1,1,0,4,2, , ,N,0,0,0,3,0,1,1,2,N,N,40 01:00.253,75 03:39.744,840, ,835,2,1,1,N, ,0,N, , , , ,525626, , , ,2,2,0,0,0,0,0,0,0,0,0,1,1,0,0,0,0,0,0,0,1,0,0,0,0,0,0,0,0,0,0,0,0,0,0,4,0,40.0167,-75.061, , 
 ,47049,2013026930,6,67,67301,2013,2,4,1940,19,3,1,0,4,1, , ,N,2,3,0,3,0,4,5,2,N, ,39 56:46.567,75 13:41.553,9999, ,9999, ,0, , , ,3, , , , , ,525662, , , ,2,1,0,0,0,0,0,1,0,0,0,3,4,1,0,0,0,0,0,0,1,0,0,0,0,0,0,0,0,0,0,0,0,0,0,4,0,39.9463,-75.2282, , 
 ,47050,2013043422,6,67,67301,2013,3,1,1250,12,1,1,0,4,1, , ,N,3,2,7,3,0,1,4,2,N,N,40 00:54.937,75 12:28.613,1305, ,1258, ,0, ,N, ,3, , , , , ,525682, , , ,2,1,0,0,0,0,1,0,0,0,0,1,1,0,0,0,0,0,0,0,0,0,0,0,0,0,0,0,0,0,0,0,0,0,0,4,0,40.0153,-75.2081, , 
 ,47051,2013052702,6,67,67301,2013,4,6,1859,18,1,1,0,0,1, , ,N,0,0,0,3,0,1,1,1,N,N,40 01:16.032,75 02:28.173,1914, ,1904, ,0, ,N, ,0, , , , , ,525688, , , ,1,0,0,0,1,0,0,0,0,0,0,1,1,0,0,0,0,0,0,0,1,0,0,0,0,0,0,0,0,0,0,0,0,0,0,4,0,40.0211,-75.0413, , 
 ,47052,2013035391,6,67,67301,2013,2,7,1911,19,3,1,0,7,3, , ,N,0,0,0,3,0,1,2,1,N,N,40 00:33.327,75 12:17.531,1912, ,1911, ,0, ,N, ,0, , , , , ,525709, , , ,1,0,0,0,0,0,1,0,0,0,0,1,1,0,0,0,0,0,0,0,1,0,0,0,0,0,0,0,0,0,0,0,0,0,0,4,0,40.0093,-75.2049, , 
 ,47053,2013046426,6,67,67301,2013,4,6,540,5,3,2,1,8,1, , ,N,2,0,0,3,0,1,4,2,N,N,39 55:34.312,75 11:39.396,544, ,543,3,2,4,N, ,0,Y, , , , ,525721, , , ,1,0,0,0,0,0,1,0,0,1,0,0,1,0,0,0,0,0,0,0,1,0,0,0,0,0,0,0,0,0,0,0,1,0,1,2,0,39.9262,-75.1943, , 
 ,47054,2013055532,6,67,67301,2013,5,4,1940,19,4,1,1,5,2, , ,N,0,0,0,3,0,0,1,2,N, ,40 02:38.579,75 05:08.409,1944, ,1941, ,0, , , ,0, , , , , ,525730, , , ,2,0,0,0,1,0,1,0,0,0,0,0,0,0,0,0,0,0,0,1,0,0,0,0,0,0,0,0,0,0,0,0,0,0,0,0,0,40.044,-75.0857, , 
 ,47055,2013050289,6,67,67301,2013,4,3,1820,18,1,1,0,4,1, , ,N,1,0,0,3,0,1,6,3,N, ,40 00:46.713,75 07:09.797,9999, ,9999, ,0, , , ,0, , , , , ,514111, , , ,3,1,0,0,1,0,0,1,0,0,1,0,1,0,0,0,0,0,0,0,0,0,0,0,0,0,0,0,0,0,0,0,0,0,0,3,0,40.013,-75.1194, , 
 ,47056,2013053041,6,67,67301,2013,4,5,1700,17,1,1,0,1,1, , ,N,0,2,7,3,0,1,2,2,N, ,40 06:49.402,75 00:17.686,1710, ,1704, ,0, , , ,3, , , , , ,514115, , , ,2,1,0,0,0,0,1,0,0,0,0,0,1,1,0,0,0,0,0,1,0,0,0,0,0,0,0,0,0,0,0,0,0,0,0,8,0,40.1137,-75.0049, , 
 ,47057,2013021898,6,67,67301,2013,2,7,2028,20,3,1,0,1,1, , ,N,0,0,0,3,0,1,3,3,N,N,39 59:02.968,75 12:29.994,2057, ,2043, ,0, ,N, ,0, , , , , ,514142, , , ,3,3,0,0,0,0,0,0,0,0,0,1,1,0,0,0,0,0,0,0,1,0,0,0,0,0,0,0,0,0,0,0,0,0,0,4,0,39.9842,-75.2083, , 
 ,47058,2013032499,6,67,67301,2013,2,4,2230,22,3,1,0,4,1, , ,N,1,2,0,3,0,0,2,2,N, ,40 04:27.539,75 02:05.367,2234, ,2230, ,0, , , ,3, , , , , ,514152, , , ,2,2,0,0,0,0,0,0,0,0,0,0,0,0,0,0,0,0,0,0,0,1,0,0,0,0,0,0,0,0,0,0,0,0,0,0,0,40.0743,-75.0348, , 
 ,47059,2013047207,6,67,67301,2013,3,1,554,5,3,1,0,4,1, , ,N,1,2,0,3,0,3,5,4,N,N,40 02:24.861,75 03:30.268,625, ,604,2,2,7,N, ,3,Y, , , , ,514165, , , ,4,2,0,0,2,0,0,0,0,0,1,2,3,0,0,0,0,0,0,0,1,0,0,0,0,0,0,0,0,0,0,0,0,0,0,3,0,40.0402,-75.0584, , 
 ,47060,2013029628,6,67,67301,2013,2,3,830,8,1,1,1,1,1, , ,N,0,0,0,3,0,1,2,2,N, ,39 53:32.580,75 14:34.364,9999, ,855, ,0, , , ,0, , , , , ,514200, , , ,2,2,0,0,0,0,0,0,0,0,0,0,1,1,0,0,0,0,0,0,0,0,0,0,0,0,0,0,0,0,0,0,0,0,0,8,0,39.8924,-75.2429, , 
 ,47061,2013041341,6,67,67301,2013,3,4,9999,99,1,1,0,1,1, , ,N,0,0,0,3,0,1,3,3,N,N,40 02:27.966,75 08:39.446,9999, ,9999,1,1,2,N, ,0,N, , , , ,514206, , , ,3,2,0,0,0,0,1,0,0,0,0,1,1,0,0,0,0,0,0,0,0,0,1,0,0,0,0,0,0,0,0,0,0,0,0,4,0,40.0411,-75.1443, , 
 ,47062,2013005942,6,67,67301,2013,1,4,1728,17,3,1,0,1,1, , ,N,6,0,0,3,0,0,3,2,N,N,40 00:12.565,75 04:38.714,1803, ,1732, ,0, ,N, ,0, , , , , ,514220, , , ,2,0,0,0,1,0,1,0,0,0,0,0,0,0,0,0,0,0,0,0,1,0,0,0,0,0,0,0,0,0,0,0,0,0,0,0,0,40.0035,-75.0774, , 
 ,47063,2013013193,6,67,67301,2013,1,6,1532,15,1,1,0,5,1, , ,N,5,2,0,3,0,2,4,2,N,N,40 03:33.132,75 02:38.341,1539, ,1534,1,2,2,N, ,3,N, , , , ,514223, , , ,2,1,0,1,0,0,0,0,0,0,0,2,2,0,1,0,0,0,0,0,0,0,0,0,0,0,0,0,0,0,0,0,0,0,0,4,1,40.0592,-75.044, , 
 ,47064,2013038541,6,67,67301,2013,3,4,1650,16,1,1,0,1,1, , ,N,0,2,0,3,0,1,2,2,N,N,39 59:50.112,75 06:43.154,1708, ,1706, ,0, ,N, ,3, , , , , ,514288, , , ,2,2,0,0,0,0,0,0,0,0,0,0,1,1,0,0,0,0,0,0,0,0,0,0,0,0,0,0,0,0,0,0,0,0,0,8,0,39.9973,-75.112, , 
 ,47065,2013043046,6,67,67301,2013,3,3,1217,12,1,1,0,7,5, , ,N,0,0,0,3,0,1,1,1,N,N,39 58:15.326,75 11:24.398,1229, ,1218,3,2,5,N, ,0,Y, , , , ,514293, , , ,1,1,0,0,0,0,0,0,0,1,0,0,1,0,0,0,0,0,0,0,0,1,0,0,0,0,0,0,0,0,0,0,0,0,0,2,0,39.9709,-75.1901, , 
 ,47066,2013043781,6,67,67301,2013,3,2,1940,19,6,2,1,4,1, , ,N,0,0,0,3,0,1,2,3,N,N,39 55:22.878,75 13:12.677,2026, ,2021, ,0, ,N, ,0, , , , , ,514294, , , ,3,2,0,0,1,0,0,0,0,0,0,1,1,0,0,0,0,0,0,0,0,0,0,2,0,0,0,0,0,0,0,0,0,0,0,4,0,39.923,-75.2202, , 
 ,47067,2013050275,6,67,67301,2013,4,1,1645,16,1,1,0,5,1, , ,N,0,0,0,3,0,0,2,2,N,N,39 58:25.349,75 11:40.793,1646, ,1646, ,0, ,N, ,0, , , , , ,514300, , , ,2,2,0,0,0,0,0,0,0,0,0,0,0,0,0,0,0,0,0,0,2,0,0,0,0,0,0,0,0,0,0,0,0,0,0,0,0,39.9737,-75.1947, , 
 ,47068,2013051127,6,67,67301,2013,4,6,1621,16,1,1,0,4,1, , ,N,0,0,7,3,0,1,2,2,N, ,40 03:52.751,74 58:57.322,1625, ,1621,9,2,2, , ,0,Y, , , , ,514301, , , ,2,1,0,0,1,0,0,0,0,0,0,0,1,1,0,0,0,0,0,0,1,0,0,0,0,0,0,0,0,0,0,0,0,0,0,8,0,40.0647,-74.9826, , 
 ,47069,2013012104,6,67,67301,2013,1,2,1840,18,3,1,0,4,1, , ,N,1,0,0,3,0,1,3,2,N,N,40 02:43.580,75 06:18.694,1846, ,1844, ,0, ,N, ,0, , , , , ,514321, , , ,2,1,0,0,0,0,1,0,0,0,0,1,1,0,0,0,0,0,0,0,1,0,0,0,0,0,0,0,0,0,0,0,0,0,0,4,0,40.0454,-75.1052, , 
 ,47070,2013024990,6,67,67301,2013,2,4,1819,18,3,1,0,1,1, , ,N,1,0,0,3,0,1,2,2,N,N,40 04:11.391,75 04:44.447,1922, ,1917, ,0, , , ,0, , , , , ,514332, , , ,2,1,0,0,0,0,1,0,0,0,0,0,1,1,0,0,0,1,0,0,1,0,0,0,0,0,0,0,0,0,0,0,0,0,0,8,0,40.0698,-75.079, , 
 ,47071,2013035181,6,67,67301,2013,3,3,1000,10,8,2,1,4,1, , ,N,1,0,0,3,0,2,2,2,N,N,40 04:01.087,75 09:29.811,1010, ,1002, ,0, ,N, ,0, , , , , ,514342, , , ,2,2,0,0,0,0,0,0,0,0,0,0,2,2,0,0,0,0,0,0,0,1,0,0,0,0,0,0,0,0,0,0,0,0,0,8,0,40.067,-75.1583, , 
 ,47072,2013035208,6,67,67301,2013,2,3,840,8,1,1,0,1,1, , ,N,0,0,0,3,0,2,3,2,N,N,40 02:13.938,75 08:56.961,840, ,840,1,2,2,N, ,0,N, , , , ,514343, , , ,2,2,0,0,0,0,0,0,0,0,0,2,2,0,0,0,0,0,0,0,0,0,0,0,0,0,0,0,0,0,0,0,0,0,0,4,0,40.0372,-75.1492, , 
 ,47073,2013037423,6,67,67301,2013,3,1,2125,21,3,1,0,5,6, , ,N,0,0,0,3,0,0,1,5,N, ,40 03:28.607,75 11:29.684,2230, ,2222,9,2,4, , ,0,N, , , , ,514345, , , ,5,5,0,0,0,0,0,0,0,0,0,0,0,0,0,0,1,0,0,0,0,0,0,0,0,0,0,0,0,0,0,0,0,0,0,0,0,40.0579,-75.1916, , 
 ,47074,2013043413,6,67,67301,2013,3,3,825,8,1,1,0,4,1, , ,N,1,2,0,3,0,1,2,2,N,N,40 00:17.589,75 09:14.000,852, ,832,2,1,2,Y, ,3,Y, , , , ,517963, , , ,2,2,0,0,0,0,0,0,0,0,0,1,1,0,0,0,0,0,0,0,0,0,0,0,0,0,0,0,0,0,0,0,0,0,0,4,0,40.0049,-75.1539, , 
 ,47075,2013043827,6,67,67301,2013,3,2,1829,18,1,2,1,7,2, , ,N,0,0,0,3,0,0,2,1,N,N,39 59:32.957,75 11:38.595,1854, ,1854, ,0, ,N, ,0, , , , , ,517964, , , ,1,0,0,0,0,0,1,0,0,0,0,0,0,0,0,0,0,0,0,0,0,0,0,0,0,0,0,0,0,0,0,0,0,0,0,0,0,39.9925,-75.1941, , 
 ,47076,2013053034,6,67,67301,2013,4,7,1521,15,1,1,0,8,1, , ,N,0,0,0,3,0,1,2,2,N,N,39 59:18.675,75 10:05.898,1657, ,1654, ,0, ,N, ,0, , , , , ,517971, , , ,1,1,0,0,0,0,0,0,0,0,0,0,1,1,1,0,0,0,0,0,0,0,0,0,0,0,0,0,0,0,0,0,1,0,0,8,0,39.9885,-75.1683, , 
 ,47077,2013058713,6,67,67301,2013,5,4,1500,15,1,1,0,1,1, , ,N,0,0,0,3,0,0,3,3,N,N,40 02:36.567,75 00:11.088,1600, ,1530,1,1,2,N, ,0,N, , , , ,517975, , , ,3,3,0,0,0,0,0,0,0,0,0,0,0,0,0,0,0,0,0,1,0,0,0,0,0,0,0,0,0,0,0,0,0,0,0,0,0,40.0435,-75.0031, , 
 ,47078,2013027407,6,67,67301,2013,2,1,2345,23,3,1,0,5,1, , ,N,0,0,0,3,0,0,2,2,N,N,39 58:47.606,75 06:21.398,2345, ,2345,1,2,1,N, ,0,N, , , , ,517999, , , ,2,2,0,0,0,0,0,0,0,0,0,0,0,0,1,0,0,0,0,0,1,0,0,0,0,0,0,0,0,0,0,0,0,0,0,9,0,39.9798,-75.1061, , 
 ,47079,2013047210,6,67,67301,2013,4,7,1145,11,1,1,0,8,1, , ,N,1,2,0,3,0,2,3,3,N, ,39 56:58.408,75 12:33.123,1145, ,1145, ,0, , , ,3, , , , , ,518019, , , ,1,0,0,0,0,0,0,1,0,0,0,0,2,2,0,0,0,0,0,0,0,0,0,0,0,0,0,0,0,0,0,0,2,0,0,8,0,39.9495,-75.2093, , 
 ,47080,2013009120,6,67,67301,2013,1,3,2248,22,3,1,0,1,1, , ,N,7,3,0,3,0,1,4,3,N,N,40 00:39.639,75 12:22.116,2302, ,2256,1,1,1,N, ,3,N, , , , ,518030, , , ,3,2,0,0,0,0,1,0,0,0,0,1,1,0,0,0,0,0,0,0,0,0,0,1,0,0,0,0,0,0,0,0,0,0,0,4,0,40.011,-75.2061, , 
 ,47081,2013012119,6,67,67301,2013,1,7,124,1,3,1,0,1,2, , ,N,0,0,0,3,0,1,1,3,N, ,39 59:53.828,75 04:17.658,145, ,140, ,0, , , ,0, , , , , ,518033, , , ,3,1,0,0,1,0,1,0,0,0,0,1,1,0,0,0,0,0,0,0,0,0,0,0,0,0,0,0,0,0,0,0,0,0,0,4,0,39.9983,-75.0716, , 
 ,47082,2013016290,6,67,67301,2013,1,5,800,8,1,1,0,8,1, , ,N,1,2,0,3,0,1,2,2,N,N,40 05:07.441,75 02:14.475,800, ,800,1,1,3,N, ,3,Y, , , , ,518035, , , ,1,1,0,0,0,0,0,0,0,0,0,1,1,0,0,0,0,0,0,0,0,0,1,0,0,0,0,0,0,0,0,0,1,0,0,4,0,40.0854,-75.0374, , 
 ,47083,2013022267,6,67,67301,2013,1,2,1545,15,1,2,1,4,1, , ,N,1,2,0,3,0,1,2,2,N, ,39 57:20.286,75 12:08.187,1555, ,1545, ,0, , , ,3, , , , , ,518045, , , ,1,1,0,0,0,0,0,0,1,0,0,1,1,0,0,0,0,0,0,0,0,1,0,0,0,0,0,0,0,0,0,0,0,0,0,4,0,39.9556,-75.2023, , 
 ,47084,2013055897,6,67,67301,2013,5,1,630,6,1,1,0,8,1, , ,N,1,2,0,3,0,1,2,2,N, ,39 55:00.583,75 10:16.768,735, ,730,4,2,7, , ,3,Y, , , , ,518064, , , ,1,1,0,0,0,0,0,0,0,0,0,0,1,1,0,0,0,0,0,0,0,0,0,0,0,0,0,0,0,0,0,0,1,0,0,8,0,39.9168,-75.1713, , 
 ,47085,2013013188,6,67,67301,2013,1,6,910,9,1,1,0,4,1, , ,N,1,2,0,3,0,1,6,2,N,N,40 05:40.718,75 00:54.707,920, ,915,1,1,1,N, ,3,N, , , , ,518076, , , ,2,2,0,0,0,0,0,0,0,0,0,1,1,0,0,0,0,0,0,0,0,0,0,0,0,0,0,0,0,0,0,0,0,0,0,4,0,40.0946,-75.0152, , 
 ,47086,2013016266,6,67,67301,2013,1,2,559,5,3,5,1,1,1, , ,N,1,2,0,3,0,1,2,2,N,N,40 04:51.077,75 01:43.585,642, ,619, ,0, ,N, ,3, , , , , ,518080, , , ,2,2,0,0,0,0,0,0,0,0,0,1,1,0,0,0,0,0,0,0,1,0,0,0,0,0,0,0,0,0,0,0,0,0,0,4,0,40.0809,-75.0288, , 
 ,47087,2013046318,6,67,67301,2013,4,6,2320,23,3,2,1,4,1, , ,N,2,3,0,3,0,1,2,2,N,N,39 54:14.630,75 13:34.143,2330, ,2326,2,2,2,N, ,3,Y, , , , ,518101, , , ,2,2,0,0,0,0,0,0,0,0,0,1,1,0,0,0,0,0,0,0,0,0,0,0,0,0,0,0,0,0,0,0,0,0,0,4,0,39.9041,-75.2262, , 
 ,47088,2013046392,6,67,67301,2013,4,4,1725,17,1,1,0,8,5, , ,N,0,0,0,3,0,1,2,2,N, ,40 06:22.434,75 01:37.711,1735, ,1730, ,0, , , ,0, , , , , ,518102, , , ,1,0,0,0,0,0,1,0,0,0,0,1,1,0,0,0,0,0,0,0,0,0,0,0,0,0,0,0,0,0,0,0,1,0,0,4,0,40.1062,-75.0271, , 
 ,47089,2013050192,6,67,67301,2013,4,6,1545,15,1,1,0,8,1, , ,N,2,0,0,3,0,1,2,2,N,N,40 01:42.642,75 12:36.980,1550, ,1545, ,0, ,N, ,0, , , , , ,518107, , , ,1,1,0,0,0,0,0,0,0,0,0,0,1,1,0,0,0,0,0,0,0,0,0,1,0,0,0,0,0,0,0,0,1,0,0,8,0,40.0285,-75.2103, , 
 ,47090,2013016432,6,67,67301,2013,2,1,1113,11,1,1,0,7,2, , ,N,0,0,0,3,0,1,1,1,N,N,39 58:16.031,75 11:35.232,1115, ,1115,1,2,4,Y, ,0,Y, , , , ,518125, , , ,1,1,0,0,0,0,0,0,0,0,0,1,1,0,0,0,0,0,0,0,0,0,0,1,0,0,0,0,0,0,0,0,0,0,0,4,0,39.9711,-75.1931, , 
 ,47091,2013035244,6,67,67301,2013,2,7,702,7,3,2,1,4,1, , ,N,0,0,7,3,0,0,3,2,N,N,40 05:51.219,75 01:07.777,705, ,702,1,1,4,N, ,0,N, , , , ,518146, , , ,2,2,0,0,0,0,0,0,0,0,0,0,0,0,0,0,0,0,0,1,0,0,0,0,0,0,0,0,0,0,0,0,0,0,0,0,0,40.0976,-75.0188, , 
 ,47092,2013047302,6,67,67301,2013,4,4,1810,18,1,1,0,4,1, , ,N,3,3,0,3,0,3,5,5,N,N,39 58:08.659,75 09:53.726,1813, ,1811,2,2,4, , ,3,Y, , , , ,522116, , , ,4,2,0,0,2,0,0,0,0,0,0,3,3,0,0,0,0,0,0,0,1,0,0,0,0,0,0,0,0,0,0,0,1,0,0,4,0,39.9691,-75.1649, , 
 ,47093,2013047530,6,67,67301,2013,4,5,222,2,3,1,0,5,1, , ,N,0,0,2,3,0,0,2,2,N,N,39 54:44.013,75 09:06.101,233, ,226,2,1,2,N, ,0,N, , , , ,522117, , , ,2,1,0,0,0,1,0,0,0,0,0,0,0,0,0,0,0,0,0,0,1,0,0,0,0,0,0,0,0,0,0,0,0,0,0,0,1,39.9122,-75.1517, , 
 ,47094,2013029636,6,67,67301,2013,2,4,1708,17,1,1,0,8,4, , ,N,0,0,0,3,0,2,2,3,N,N,39 59:00.243,75 10:42.380,1711, ,1710, ,0, ,N, ,0, , , , , ,522149, , , ,2,1,0,0,0,0,0,0,0,0,1,1,2,0,0,0,0,0,0,0,0,0,0,0,0,0,0,0,0,0,0,0,1,0,0,3,0,39.9834,-75.1784, , 
 ,47095,2013035624,6,67,67301,2013,3,3,1720,17,1,1,0,1,1, , ,N,1,2,0,3,0,1,3,3,N,N,39 56:36.193,75 14:23.398,1755, ,1753, ,0, ,N, ,3, , , , , ,522152, , , ,3,2,0,0,0,0,0,1,0,0,0,1,1,0,0,0,0,0,0,0,1,0,0,0,0,0,0,0,0,0,0,0,0,0,0,4,0,39.9434,-75.2398, , 
 ,47096,2013041966,6,67,67301,2013,3,6,1410,14,1,1,0,1,1, , ,N,0,0,0,3,0,5,9,2,N,N,39 58:23.604,75 09:32.348,1414, ,1412,2,1,2,N, ,0,N, , , , ,522155, , , ,2,1,0,1,0,0,0,0,0,0,0,0,5,5,0,0,0,0,1,0,0,0,0,0,0,0,0,0,0,0,0,0,0,0,0,8,1,39.9733,-75.1591, , 
 ,47097,2013044112,6,67,67301,2013,3,5,2301,23,3,1,0,1,1, , ,N,1,2,0,3,0,1,3,3,N, ,40 01:48.341,75 05:17.340,2312, ,2301, ,0, , , ,3, , , , , ,522157, , , ,3,1,0,0,0,0,0,0,0,0,0,1,1,0,0,0,0,0,0,0,0,0,0,0,0,0,0,0,0,0,0,0,0,0,0,4,0,40.0301,-75.0882, , 
 ,47098,2013012070,6,67,67301,2013,1,5,9999,99,3,1,0,8,1, , ,N,0,0,0,3,0,1,2,2,N,N,39 59:47.032,75 07:32.552,1818, ,1808, ,0, ,N, ,0, , , , , ,522183, , , ,1,0,0,0,0,0,1,0,0,0,0,1,1,0,0,0,0,0,0,0,0,0,0,0,0,0,0,0,0,0,0,0,1,0,0,4,0,39.9964,-75.1257, , 
 ,47099,2013025009,6,67,67301,2013,2,2,1049,10,1,1,5,4,1, , ,N,1,2,0,3,0,0,2,2,N, ,40 03:05.806,75 05:57.148,1142, ,1125, ,0, , , ,3, , , , , ,522192, , , ,2,1,0,0,0,0,1,0,0,0,0,0,0,0,0,0,0,0,0,0,1,0,0,0,0,0,0,0,0,0,0,0,0,0,0,0,0,40.0516,-75.0992, , 
 ,47100,2013029605,6,67,67301,2013,2,1,715,7,1,1,0,4,1, , ,N,2,3,0,3,0,0,2,2,N, ,39 59:22.866,75 09:28.871,825, ,819, ,0, , , ,3, , , , , ,522198, , , ,2,1,0,0,0,0,0,0,0,0,0,0,0,0,0,0,0,0,0,0,0,0,0,0,0,0,0,0,0,0,0,0,0,0,0,0,0,39.9897,-75.158, , 
 ,47101,2013032635,6,67,67301,2013,1,3,130,1,3,4,3,7,5, , ,N,0,0,0,3,0,0,1,1,N,N,39 53:55.468,75 10:12.780,152, ,134, ,0, ,N, ,0, , , , , ,522202, , , ,1,1,0,0,0,0,0,0,0,0,0,0,0,0,0,0,0,0,0,0,0,0,0,0,0,0,0,0,0,0,0,0,0,0,0,0,0,39.8987,-75.1702, , 
 ,47102,2013035090,6,67,67301,2013,2,6,1727,17,4,1,0,5,1, , ,N,0,0,0,3,0,1,2,3,N,N,39 54:10.761,75 13:40.469,1732, ,1732,9,1,3,N, ,0,N, , , , ,522204, , , ,3,2,0,0,1,0,0,0,0,0,0,0,1,1,0,0,0,0,0,0,0,0,0,0,0,0,0,0,0,0,0,0,0,0,0,8,0,39.903,-75.2279, , 
 ,47103,2013035586,6,67,67301,2013,3,4,1645,16,1,2,1,8,6, , ,N,0,0,0,3,0,1,3,2,N,N,39 57:57.604,75 09:37.986,1700, ,1655, ,0, ,N, ,0, , , , , ,522205, , , ,1,0,0,0,0,0,1,0,0,0,0,1,1,0,0,0,0,0,0,0,0,0,0,0,0,0,0,0,0,0,0,0,1,0,0,4,0,39.9668,-75.1605, , 
 ,47104,2013043457,6,67,67301,2013,3,2,1815,18,4,2,1,4,1, , ,N,1,2,0,3,0,1,2,2,N,N,39 59:31.689,75 08:24.712,1833, ,1828, ,0, ,N, ,3, , , , , ,522212, , , ,2,2,0,0,0,0,0,0,0,0,0,0,1,1,0,0,0,0,0,1,0,0,0,0,0,0,0,0,0,0,0,0,0,0,0,8,0,39.992,-75.1402, , 