wz_ln_closure,objectid_1,crn,district,county,municipality,crash_year,crash_month,day_of_week,time_of_day,hour_of_day,illumination,weather,road_condition,collision_type,relation_to_road,work_zone_type,work_zone_loc,work_zone_ind,intersect_type,tcd_type,location_type,urban_rural,fatal_count,injury_count,person_count,total_units,sch_bus_ind,sch_zone_ind,latitude,longitude,arrival_tm,cons_zone_spd_lim,dispatch_tm,est_hrs_closed,lane_closed,ln_close_dir,ntfy_hiwy_maint,spec_juris_cd,tcd_func_cd,tfc_detour_ind,workers_pres,wz_close_detour,wz_flagger,wz_law_offcr_ind,objectid,wz_moving,wz_other,wz_shlder_mdn,vehicle_count,automobile_count,motorcycle_count,bus_count,small_truck_count,heavy_truck_count,suv_count,van_count,bicycle_count,maj_inj_count,mod_inj_count,min_inj_count,tot_inj_count,unk_inj_deg_count,unk_inj_per_count,driver_count_16yr,driver_count_17yr,driver_count_18yr,driver_count_19yr,driver_count_20yr,driver_count_50_64yr,driver_count_65_74yr,driver_count_75plus,unbelted_occ_count,unb_death_count,unb_maj_inj_count,belted_death_count,belted_maj_inj_count,mcycle_death_count,mcycle_maj_inj_count,bicycle_death_count,bicycle_maj_inj_count,ped_count,ped_death_count,ped_maj_inj_count,max_severity_level,comm_veh_count,dec_lat,dec_long,rdwy_surf_type_cd,county_name
 ,47105,2013006103,6,67,67301,2013,1,5,9999,99,1,1,0,4,1, , ,N,1,3,0,3,0,0,2,3,N, ,40 02:30.692,75 04:49.843,1555, ,1542, ,0, , , ,3, , , , , ,522226, , , ,3,2,0,0,1,0,0,0,0,0,0,0,0,0,0,0,0,0,0,0,1,0,0,0,0,0,0,0,0,0,0,0,0,0,0,0,0,40.0419,-75.0805, , 
 ,47106,2013035054,6,67,67301,2013,3,5,840,8,3,1,1,1,1, , ,N,1,2,0,3,0,1,2,2,N,N,39 59:30.184,75 10:12.169,908, ,906, ,0, ,N, ,3, , , , , ,522256, , , ,2,0,0,0,0,0,2,0,0,0,0,0,1,1,0,0,0,0,0,0,1,0,0,0,0,0,0,0,0,0,0,0,0,0,0,8,0,39.9917,-75.17, , 
Y,47107,2013005333,6,67,67301,2013,1,7,2319,23,3,2,1,5,1,2,4,Y,0,3,0,3,0,1,2,2,N,N,40 02:29.130,75 00:16.717,2319,55,2319,5,1,2,Y, ,3,N,Y,N,N,Y,522273,N,N,N,2,1,0,0,0,0,1,0,0,0,1,0,1,0,0,0,0,0,0,0,1,0,0,0,0,0,0,0,0,0,0,0,0,0,0,3,0,40.0414,-75.0046, , 
 ,47108,2013016433,6,67,67301,2013,2,2,159,1,3,1,0,7,4, , ,N,6,0,2,3,0,0,1,1,N,N,39 58:06.224,75 07:44.162,224, ,159,1,2,3,N, ,0,N, , , , ,522286, , , ,1,1,0,0,0,0,0,0,0,0,0,0,0,0,0,0,0,0,0,0,0,0,0,0,0,0,0,0,0,0,0,0,0,0,0,0,0,39.9684,-75.129, , 
 ,47109,2013044053,6,67,67301,2013,4,6,1053,10,1,1,0,4,1, , ,N,1,2,0,3,0,0,2,2,N,N,39 58:57.093,75 09:05.770,1053, ,1053, ,0, ,N, ,3, , , , , ,522306, , , ,2,2,0,0,0,0,0,0,0,0,0,0,0,0,1,0,0,0,0,0,0,0,0,0,0,0,0,0,0,0,0,0,0,0,0,9,0,39.9825,-75.1516, , 
 ,47110,2013035057,6,67,67301,2013,2,3,2200,22,3,2,1,4,1, , ,N,2,3,0,3,0,0,2,2,N,N,40 00:04.157,75 05:49.913,2230, ,2200, ,0, ,N, ,3, , , , , ,526154, , , ,2,2,0,0,0,0,0,0,0,0,0,0,0,0,0,0,0,0,0,0,0,0,0,2,0,0,0,0,0,0,0,0,0,0,0,0,0,40.0012,-75.0972, , 
 ,47111,2013037390,6,67,67301,2013,3,4,2037,20,3,1,0,8,1, , ,N,1,2,0,3,0,1,2,2,N,N,39 59:12.570,75 10:21.975,2038, ,2038, ,0, ,N, ,3, , , , , ,526155, , , ,1,0,0,0,0,0,1,0,0,0,0,1,1,0,0,0,0,0,0,0,0,0,0,0,0,0,0,0,0,0,0,0,1,0,0,4,0,39.9868,-75.1728, , 
 ,47112,2013055408,6,67,67301,2013,5,4,203,2,3,1,0,7,4, , ,N,3,3,0,3,0,0,1,1,N,N,40 04:31.148,75 02:25.936,209, ,206, ,0, ,N, ,3, , , , , ,526168, , , ,1,1,0,0,0,0,0,0,0,0,0,0,0,0,0,0,0,0,0,0,0,0,0,1,0,0,0,0,0,0,0,0,0,0,0,0,0,40.0753,-75.0405, , 
 ,47113,2013055639,6,67,67301,2013,5,3,625,6,1,1,0,5,1, , ,N,2,2,0,3,0,1,2,2,N,N,40 03:01.364,75 03:05.380,633, ,628,1,1,2,N, ,3,N, , , , ,526169, , , ,2,1,0,0,1,0,0,0,0,0,1,0,1,0,0,0,0,0,0,0,0,0,0,0,0,0,0,0,0,0,0,0,0,0,0,3,0,40.0504,-75.0515, , 
 ,47114,2013012083,6,67,67301,2013,1,4,931,9,1,1,0,5,1, , ,N,1,0,0,3,0,2,3,2,N,N,39 57:40.298,75 14:27.484,931, ,931, ,0, ,N, ,0, , , , , ,526183, , , ,2,2,0,0,0,0,0,0,0,0,0,2,2,0,0,0,0,0,0,0,0,1,0,0,0,0,0,0,0,0,0,0,0,0,0,4,0,39.9612,-75.241, , 
 ,47115,2013037344,6,67,67301,2013,2,2,1027,10,1,1,0,4,1, , ,N,1,2,0,3,0,2,2,2,N, ,39 57:12.114,75 12:58.132,1100, ,1027, ,0, , , ,3, , , , , ,526205, , , ,2,1,0,0,0,0,1,0,0,0,0,0,2,2,0,0,0,0,0,0,1,0,0,0,0,0,0,0,0,0,0,0,0,0,0,8,0,39.9534,-75.2161, , 
 ,47116,2013046410,6,67,67301,2013,3,2,1335,13,1,1,0,8,1, , ,N,0,0,0,3,0,1,2,2,N,N,39 59:42.749,75 09:51.826,1337, ,1337,9,1,4, , ,0,N, , , , ,526211, , , ,1,0,0,0,1,0,0,0,0,1,0,0,1,0,0,0,0,0,0,0,0,0,0,0,0,0,0,0,0,0,0,0,1,0,1,2,0,39.9952,-75.1644, , 
 ,47117,2013053093,6,67,67301,2013,4,5,1810,18,4,1,0,5,7, , ,N,1,2,2,3,0,2,3,2,N,N,39 57:26.357,75 08:38.887,1827, ,1819,2,1,4,N, ,3,N, , , , ,526214, , , ,2,2,0,0,0,0,0,0,0,0,0,0,2,2,0,0,0,0,0,0,0,0,0,0,0,0,0,0,0,0,0,0,0,0,0,8,0,39.9573,-75.1441, , 
 ,47118,2013055424,6,67,67301,2013,5,4,1420,14,1,2,1,7,5, , ,N,0,0,0,3,0,1,1,1,N,N,40 02:56.590,75 14:45.850,1439, ,1434, ,0, ,N, ,0, , , , , ,526215, , , ,1,0,0,0,1,0,0,0,0,0,0,0,1,1,0,0,0,0,0,0,0,0,0,0,0,0,0,0,0,0,0,0,0,0,0,8,0,40.0491,-75.2461, , 
 ,47119,2013024923,6,67,67301,2013,2,2,830,8,1,4,5,1,1, , ,N,1,2,0,3,0,1,3,3,N, ,40 01:06.992,75 10:59.131,850, ,845, ,0, , , ,3, , , , , ,526237, , , ,3,1,0,0,0,0,0,1,0,0,0,1,1,0,0,0,0,0,0,0,0,0,0,0,0,0,0,0,0,0,0,0,0,0,0,4,0,40.0186,-75.1831, , 
Y,47120,2013044341,6,67,67301,2013,4,1,325,3,3,1,0,1,1,2,4,Y,7,8,2,3,0,0,2,2,N,N,39 54:39.013,75 08:56.545,332,35,327,1,2,2,N, ,3,Y,N,N,N,N,526260,N,N,N,2,2,0,0,0,0,0,0,0,0,0,0,0,0,1,0,0,0,0,1,0,0,0,0,0,0,0,0,0,0,0,0,0,0,0,9,0,39.9109,-75.149, , 
 ,47121,2013016166,6,67,67301,2013,1,6,844,8,1,1,0,4,1, , ,N,0,0,0,3,0,1,1,2,N, ,39 55:15.080,75 12:54.060,848, ,844, ,0, , , ,0, , , , , ,526282, , , ,2,1,0,0,0,1,0,0,0,1,0,0,1,0,0,0,0,0,0,0,0,0,0,0,0,0,0,1,0,0,0,0,0,0,0,2,1,39.9209,-75.215, , 
 ,47122,2013046373,6,67,67301,2013,4,6,9999,99,3,1,0,4,1, , ,N,1,2,0,3,0,3,5,2,N,N,40 02:11.152,75 07:49.835,9999, ,9999, ,0, ,N, ,3, , , , , ,526304, , , ,2,1,0,0,0,1,0,0,0,0,0,0,3,3,0,0,0,0,0,0,1,0,0,0,0,0,0,0,0,0,0,0,0,0,0,8,1,40.0364,-75.1305, , 
 ,47123,2013055637,6,67,67301,2013,5,5,2030,20,4,1,0,4,1, , ,N,0,3,6,3,0,2,2,2,N,N,39 53:35.220,75 14:09.282,2030, ,2023,3,1,2, , ,3,N, , , , ,526311, , , ,2,2,0,0,0,0,0,0,0,0,1,1,2,0,0,0,0,0,1,0,1,0,0,0,0,0,0,0,0,0,0,0,0,0,0,3,0,39.8931,-75.2359, , 
 ,47124,2013035316,6,67,67301,2013,2,3,2032,20,3,2,1,8,1, , ,N,2,0,0,3,0,1,2,2,N,N,39 56:01.338,75 09:26.571,2049, ,2049, ,0, ,N, ,0, , , , , ,526333, , , ,1,0,0,0,0,0,0,0,0,0,0,0,1,1,0,0,0,0,0,0,0,0,0,0,0,0,0,0,0,0,0,0,1,0,0,8,0,39.9337,-75.1574, , 
 ,47125,2013035625,6,67,67301,2013,3,7,1210,12,1,1,0,5,1, , ,N,1,2,0,3,0,0,2,2,N,N,39 57:04.866,75 11:56.817,1220, ,1215, ,0, , , ,3, , , , , ,526335, , , ,2,2,0,0,0,0,0,0,0,0,0,0,0,0,0,0,0,0,0,0,0,0,0,0,0,0,0,0,0,0,0,0,0,0,0,0,0,39.9514,-75.1991, , 
 ,47126,2013035653,6,67,67301,2013,2,1,1725,17,1,1,0,2,1, , ,N,1,3,0,3,0,0,3,2,N,N,40 02:40.966,75 07:32.631,1748, ,1730, ,0, ,N, ,3, , , , , ,526336, , , ,2,1,0,0,0,0,1,0,0,0,0,0,0,0,0,0,0,0,0,0,0,0,0,0,0,0,0,0,0,0,0,0,0,0,0,0,0,40.0447,-75.1257, , 
 ,47127,2013053047,6,67,67301,2013,4,4,1405,14,1,1,0,4,1, , ,N,0,0,0,3,0,0,2,2,N, ,39 54:45.011,75 08:17.952,1406, ,1406, ,0, ,N, ,0, , , , , ,526354, , , ,2,2,0,0,0,0,0,0,0,0,0,0,0,0,0,0,0,0,0,0,0,0,0,0,0,0,0,0,0,0,0,0,0,0,0,0,0,39.9125,-75.1383, , 
 ,47128,2013022328,6,67,67301,2013,1,4,1412,14,1,1,0,4,1, , ,N,1,2,0,3,0,0,4,2,N,N,40 01:53.211,75 05:04.703,1450, ,1433,1,1,4,N, ,3,N, , , , ,514384, , , ,2,1,0,0,1,0,0,0,0,0,0,0,0,0,0,0,0,0,0,0,2,0,0,0,0,0,0,0,0,0,0,0,0,0,0,0,0,40.0314,-75.0846, , 
 ,47129,2013023542,6,67,67301,2013,1,1,2019,20,8,1,0,1,6, , ,N,0,0,0,3,0,0,1,2,N,N,40 03:13.957,75 02:55.316,2023, ,2021, ,0, ,N, ,0, , , , , ,514385, , , ,2,2,0,0,0,0,0,0,0,0,0,0,0,0,0,0,0,0,0,0,0,0,0,0,0,0,0,0,0,0,0,0,0,0,0,0,0,40.0539,-75.0487, , 
 ,47130,2013044124,6,67,67301,2013,3,1,127,1,3,1,1,5,6, , ,N,0,0,0,3,0,0,1,3,N,N,40 04:14.153,75 09:43.677,230, ,221, ,0, ,N, ,0, , , , , ,514407, , , ,3,1,0,0,0,0,2,0,0,0,0,0,0,0,0,0,0,0,0,0,0,0,0,0,0,0,0,0,0,0,0,0,0,0,0,0,0,40.0706,-75.1621, , 
 ,47131,2013046427,6,67,67301,2013,4,1,2224,22,3,1,0,5,1, , ,N,0,0,0,3,0,0,1,3,N,N,40 02:58.275,75 05:43.861,2228, ,2226, ,0, ,N, ,0, , , , , ,514447, , , ,3,1,0,0,0,0,1,1,0,0,0,0,0,0,0,0,0,0,0,0,0,0,0,0,0,0,0,0,0,0,0,0,0,0,0,0,0,40.0495,-75.0955, , 
 ,47132,2013047296,6,67,67301,2013,4,7,6,0,3,2,1,8,1, , ,N,2,3,0,3,0,1,2,2,N,N,40 01:23.984,75 06:48.887,20, ,6, ,0, , , ,3, , , , , ,514449, , , ,1,0,0,0,0,0,1,0,0,0,1,0,1,0,0,0,0,0,0,0,0,0,0,0,0,0,0,0,0,0,0,0,1,0,0,3,0,40.0233,-75.1136, , 
 ,47133,2013053550,6,67,67301,2013,4,3,2100,21,3,1,0,4,1, , ,N,0,0,0,3,0,1,2,2,N, ,39 56:16.267,75 10:00.216,2110, ,2106, ,0, , , ,0, , , , , ,514457, , , ,1,0,0,0,0,0,1,0,1,0,0,1,1,0,0,0,0,0,0,0,0,0,0,0,0,0,0,0,0,0,0,0,0,0,0,4,0,39.9379,-75.1667, , 
Y,47134,2013009138,6,67,67301,2013,1,2,2130,21,3,4,5,7,2,1,4,Y,0,0,0,3,0,0,3,3,N,N,40 01:51.084,75 01:18.532,2155,45,2135, ,0, ,N, ,0, ,N,N,N,N,514461,N,N,N,3,2,0,0,0,0,1,0,0,0,0,0,0,0,0,0,0,0,0,0,2,0,0,0,0,0,0,0,0,0,0,0,0,0,0,0,0,40.0309,-75.0218, , 
 ,47135,2013010626,6,67,67301,2013,1,7,1432,14,1,1,0,1,1, , ,N,0,0,0,3,0,0,8,4,N,N,39 58:40.195,75 12:05.788,1440, ,1433,2,1,3,N, ,0,N, , , , ,514462, , , ,4,2,0,0,0,0,0,1,0,0,0,0,0,0,1,0,0,0,0,0,0,1,0,0,0,0,0,0,0,0,0,0,0,0,0,9,0,39.9778,-75.2016, , 
 ,47136,2013024945,6,67,67301,2013,2,1,502,5,3,8,1,2,1, , ,N,1,2,0,3,0,2,4,4,N,N,40 01:42.531,75 03:28.266,502, ,502,2,2,4,N, ,3,Y, , , , ,514473, , , ,4,2,0,0,1,0,0,1,0,0,1,1,2,0,0,0,0,0,0,0,1,1,0,0,0,0,0,0,0,0,0,0,0,0,0,3,0,40.0285,-75.0579, , 
 ,47137,2013046258,6,67,67301,2013,4,4,1200,12,1,1,0,1,1, , ,N,1,2,0,3,0,2,2,2,N, ,40 01:39.836,75 06:35.867,1216, ,1204,1,2,1, , ,3,N, , , , ,514497, , , ,2,0,0,0,0,0,2,0,0,0,0,0,2,2,0,0,0,0,0,0,1,0,0,0,0,0,0,0,0,0,0,0,0,0,0,8,0,40.0277,-75.11, , 
 ,47138,2013046420,6,67,67301,2013,4,3,1500,15,1,1,0,2,1, , ,N,0,0,0,3,1,0,2,2,N,N,40 04:43.795,75 04:11.405,1506, ,1506, ,0, ,N,0,0, , , , , ,514498, , , ,2,1,0,0,0,0,1,0,0,0,0,0,0,0,0,0,0,0,0,0,1,0,1,0,0,0,0,0,0,0,0,0,0,0,0,1,0,40.0788,-75.0698,2, 
 ,47139,2013047344,6,67,67301,2013,4,5,1345,13,1,1,0,4,1, , ,N,0,0,0,3,0,0,14,4,N, ,39 54:57.310,75 14:21.324,1350, ,1350, ,0, , , ,0, , , , , ,514499, , , ,4,3,0,0,0,0,0,0,0,0,0,0,0,0,1,0,1,0,0,0,0,0,0,0,0,0,0,0,0,0,0,0,0,0,0,9,0,39.9159,-75.2393, , 
 ,47140,2013050340,6,67,67301,2013,4,7,1935,19,3,1,0,4,1, , ,N,0,0,0,3,0,1,2,2,N, ,40 01:50.232,75 02:34.764,1937, ,1936,2,2,2, , ,0,Y, , , , ,514500, , , ,1,1,0,0,0,0,0,0,1,0,0,0,1,1,0,0,0,0,0,0,0,0,0,0,0,0,0,0,0,0,0,0,0,0,0,8,0,40.0306,-75.043, , 
 ,47141,2013016172,6,67,67301,2013,1,7,1123,11,1,1,0,0,1, , ,N,1,2,0,3,0,1,1,1,N,N,39 53:40.603,75 14:12.181,1135, ,1126,3,2,1,N, ,3,Y, , , , ,514514, , , ,1,0,0,0,0,1,0,0,0,0,0,1,1,0,0,0,0,0,0,0,0,0,0,0,0,0,0,0,0,0,0,0,0,0,0,4,1,39.8946,-75.2367, , 
 ,47142,2013026943,6,67,67301,2013,2,3,1345,13,1,1,0,8,4, , ,N,0,0,0,3,0,1,2,2,N,N,40 01:22.737,75 08:53.305,1700, ,1700, ,0, ,N, ,0, , , , , ,514523, , , ,1,0,0,0,0,0,1,0,0,0,0,1,1,0,0,0,0,0,0,0,0,0,0,0,0,0,0,0,0,0,0,0,1,0,0,4,0,40.023,-75.1481, , 
 ,47143,2013026948,6,67,67301,2013,1,3,1816,18,3,1,0,8,1, , ,N,0,0,0,3,1,0,2,2,N,N,40 05:47.847,74 57:31.573,1825, ,1816, ,0, ,N,0,0, , , , , ,514524, , , ,1,1,0,0,0,0,0,0,0,0,0,0,0,0,0,0,0,0,0,0,0,0,0,0,0,0,0,0,0,0,0,0,1,1,0,1,0,40.0966,-74.9588,2, 
 ,47144,2013029780,6,67,67301,2013,2,2,1207,12,1,2,1,4,1, , ,N,1,2,0,3,0,1,2,2,N,N,40 06:50.926,74 59:15.880,1222, ,1209, ,0, , , ,3, , , , , ,514528, , , ,2,2,0,0,0,0,0,0,0,0,0,0,1,1,0,0,0,0,0,0,0,0,0,0,0,0,0,0,0,0,0,0,0,0,0,8,0,40.1141,-74.9877, , 
 ,47145,2013037448,6,67,67301,2013,3,5,1610,16,1,1,0,7,2, , ,N,0,0,0,3,0,1,1,2,N,N,39 57:40.720,75 14:06.906,1619, ,1617,3,2,4,N, ,0,Y, , , , ,514534, , , ,2,1,0,0,0,0,1,0,0,0,1,0,1,0,0,0,0,0,0,0,0,0,0,0,0,0,0,0,0,0,0,0,0,0,0,3,0,39.9613,-75.2353, , 
 ,47146,2013064090,6,67,67301,2013,6,3,850,8,1,1,0,1,1, , ,N,0,0,0,3,0,1,2,2,N,N,39 59:28.246,75 12:12.992,906, ,850, ,0, ,N, ,0, , , , , ,514548, , , ,2,2,0,0,0,0,0,0,0,0,0,1,1,0,0,0,0,0,0,0,0,0,0,0,0,0,0,0,0,0,0,0,0,0,0,4,0,39.9912,-75.2036, , 
 ,47147,2013053135,6,67,67301,2013,4,1,9999,99,3,1,0,4,1, , ,N,0,0,7,3,0,1,3,2,N, ,40 01:30.600,75 06:33.089,9999, ,9999, ,0, , , ,0, , , , , ,518158, , , ,2,1,0,0,0,0,0,0,0,0,0,0,1,1,0,0,0,1,0,0,0,0,0,0,0,0,0,0,0,0,0,0,0,0,0,8,0,40.0252,-75.1092, , 
 ,47148,2013002435,6,67,67301,2013,1,5,2143,21,3,1,0,1,1, , ,N,0,0,0,3,0,1,3,3,N,N,39 58:00.642,75 11:15.632,2150, ,2143,1,1,4,N, ,0,N, , , , ,518168, , , ,3,2,0,0,0,0,1,0,0,0,0,1,1,0,0,0,0,0,0,0,1,0,0,0,0,0,0,0,0,0,0,0,0,0,0,4,0,39.9668,-75.1877, , 
 ,47149,2013035030,6,67,67301,2013,3,4,707,7,1,1,0,4,1, , ,N,1,2,0,3,0,0,2,2,Y,N,40 02:09.918,75 11:38.294,712, ,709, ,0, ,N, ,3, , , , , ,518198, , , ,2,1,0,1,0,0,0,0,0,0,0,0,0,0,0,0,0,0,0,0,1,0,0,0,0,0,0,0,0,0,0,0,0,0,0,0,1,40.0361,-75.194, , 
 ,47150,2013041969,6,67,67301,2013,3,4,2108,21,3,1,0,4,1, , ,N,2,2,6,3,0,0,2,2,N,N,40 01:34.840,75 05:50.934,2112, ,2110,9,1,1,N, ,3,N, , , , ,518205, , , ,2,1,0,0,0,0,1,0,0,0,0,0,0,0,0,0,0,0,0,0,0,0,0,0,0,0,0,0,0,0,0,0,0,0,0,0,0,40.0263,-75.0975, , 
 ,47151,2013047291,6,67,67301,2013,4,6,217,2,3,1,0,4,1, , ,N,1,2,0,3,0,6,7,2,N,N,39 57:02.132,75 09:42.447,221, ,220, ,0, ,N, ,3, , , , , ,518211, , , ,2,2,0,0,0,0,0,0,0,0,0,6,6,0,0,0,0,0,0,0,0,0,0,2,0,0,0,0,0,0,0,0,0,0,0,4,0,39.9506,-75.1618, , 
 ,47152,2013022192,6,67,67301,2013,1,5,1500,15,1,1,0,4,1, , ,N,1,3,0,3,0,0,2,2,N,N,39 55:00.289,75 09:36.298,1610, ,1602, ,0, ,N, ,3, , , , , ,518230, , , ,2,2,0,0,0,0,0,0,0,0,0,0,0,0,0,0,0,0,0,0,1,0,0,0,0,0,0,0,0,0,0,0,0,0,0,0,0,39.9167,-75.1601, , 
 ,47153,2013025074,6,67,67301,2013,2,5,2205,22,3,1,0,7,3, , ,N,6,0,2,3,0,0,1,1,N,N,40 00:21.126,75 04:29.236,2232, ,2225, ,0, ,N, ,0, , , , , ,518233, , , ,1,1,0,0,0,0,0,0,0,0,0,0,0,0,0,0,0,0,0,0,0,0,0,0,0,0,0,0,0,0,0,0,0,0,0,0,0,40.004,-75.0767, , 
 ,47154,2013026941,6,67,67301,2013,2,2,2230,22,3,1,0,4,1, , ,N,1,3,0,3,0,0,4,2,N, ,40 03:08.305,75 12:05.257,2310, ,2258, ,0, , , ,3, , , , , ,518234, , , ,2,0,0,0,0,0,1,1,0,0,0,0,0,0,0,0,0,0,0,0,0,0,0,4,0,0,0,0,0,0,0,0,0,0,0,0,0,40.0523,-75.2015, , 
 ,47155,2013029794,6,67,67301,2013,1,7,1823,18,3,1,0,8,1, , ,N,3,0,0,3,0,1,2,2,N, ,40 01:12.021,75 05:03.361,1826, ,1825,9,1,1, , ,0,N, , , , ,518238, , , ,1,1,0,0,0,0,0,0,0,0,0,0,1,1,0,0,0,0,0,0,0,0,1,0,0,0,0,0,0,0,0,0,1,0,0,8,0,40.02,-75.0843, , 
 ,47156,2013032504,6,67,67301,2013,2,7,1000,10,1,2,1,4,1, , ,N,2,3,0,3,0,2,5,2,N,N,40 01:00.822,75 03:12.329,1006, ,1005,2,1,1,N, ,3,N, , , , ,518246, , , ,2,2,0,0,0,0,0,0,0,0,0,1,2,1,0,0,0,0,0,0,0,0,0,0,0,0,0,0,0,0,0,0,0,0,0,4,0,40.0169,-75.0534, , 
 ,47157,2013037474,6,67,67301,2013,3,6,20,0,3,1,0,4,1, , ,N,1,2,0,3,0,2,7,2,N,N,40 01:31.355,75 04:23.942,45, ,35, ,0, ,N, ,3, , , , , ,518252, , , ,2,2,0,0,0,0,0,0,0,0,0,2,2,0,2,0,0,0,0,0,0,0,0,0,0,0,0,0,0,0,0,0,0,0,0,4,0,40.0254,-75.0733, , 
 ,47158,2013012010,6,67,67301,2013,1,5,910,9,1,1,0,1,1, , ,N,0,0,0,3,0,0,2,2,N, ,40 00:54.528,75 12:27.294,921, ,916, ,0, , , ,0, , , , , ,518276, , , ,2,1,0,0,0,0,1,0,0,0,0,0,0,0,0,0,0,0,0,0,0,0,0,0,0,0,0,0,0,0,0,0,0,0,0,0,0,40.0152,-75.2078, , 
 ,47159,2013022265,6,67,67301,2013,1,2,2041,20,3,4,5,4,1, , ,N,0,0,3,3,0,8,9,4,N,N,39 59:48.084,75 11:49.970,2045, ,2042,1,2,4,N, ,0,Y, , , , ,518286, , , ,4,1,0,0,0,0,3,0,0,0,0,8,8,0,0,0,0,0,0,0,1,0,0,0,0,0,0,0,0,0,0,0,0,0,0,4,0,39.9967,-75.1972, , 
 ,47160,2013043814,6,67,67301,2013,3,6,1340,13,1,1,0,5,1, , ,N,0,0,0,3,0,0,2,2,N,N,40 02:02.882,75 04:30.782,1344, ,1341,2,1,2,N, ,0,N, , , , ,518306, , , ,2,2,0,0,0,0,0,0,0,0,0,0,0,0,0,0,0,0,0,0,0,0,0,0,0,0,0,0,0,0,0,0,0,0,0,0,0,40.0341,-75.0752, , 
 ,47161,2013017681,6,67,67301,2013,2,6,1030,10,1,1,1,7,2, , ,N,6,0,2,3,0,0,3,2,N,N,39 57:26.940,75 08:48.293,1049, ,1036,2,2,4,N, ,0,N, , , , ,518321, , , ,2,1,0,0,0,1,0,0,0,0,0,0,0,0,0,0,0,0,0,0,0,0,0,0,0,0,0,0,0,0,0,0,0,0,0,0,1,39.9575,-75.1467, , 
 ,47162,2013070230,6,67,67301,2013,6,7,9999,99,3,1,0,4,1, , ,N,1,3,0,3,0,0,2,2,N,N,40 00:33.552,75 09:52.480,111, ,111, ,0, , , ,3, , , , , ,518357, , , ,2,1,0,0,0,1,0,0,0,0,0,0,0,0,0,0,0,0,0,1,0,0,0,0,0,0,0,0,0,0,0,0,0,0,0,0,1,40.0093,-75.1646, , 
 ,47163,2013070291,6,67,67301,2013,6,6,1520,15,1,2,1,8,1, , ,N,1,0,0,3,0,1,2,2,N, ,40 03:28.882,75 03:09.932,1535, ,1530, ,0, , , ,0, , , , , ,518358, , , ,1,0,0,0,0,0,1,0,0,0,0,1,1,0,0,0,0,0,0,0,0,0,0,1,0,0,0,0,0,0,0,0,1,0,0,4,0,40.058,-75.0527, , 
N,47164,2013017691,6,67,67301,2013,2,5,640,6,5,1,0,1,1,1,4,Y,0,0,0,3,0,1,8,6,N,N,40 01:11.159,75 02:39.996,649,45,643,2,1,1,N, ,0,N,Y,N,N,N,518372,N,N,Y,6,1,0,0,0,0,5,0,0,0,0,0,1,1,0,0,0,0,0,0,0,0,0,0,0,0,0,0,0,0,0,0,0,0,0,8,0,40.0197,-75.0446, , 
 ,47165,2013024986,6,67,67301,2013,1,3,1130,11,1,1,0,1,1, , ,N,1,2,0,3,0,2,3,2,N, ,40 00:46.940,75 07:10.109,9999, ,9999, ,0, , , ,3, , , , , ,518385, , , ,2,2,0,0,0,0,0,0,0,0,0,2,2,0,1,0,0,0,0,0,0,0,0,0,0,0,0,0,0,0,0,0,0,0,0,4,0,40.013,-75.1194, , 
 ,47166,2013047208,6,67,67301,2013,4,1,302,3,3,1,0,4,1, , ,N,1,3,0,3,0,0,2,2,N,N,40 00:37.740,75 09:38.779,309, ,302, ,0, ,N, ,3, , , , , ,522309, , , ,2,2,0,0,0,0,0,0,0,0,0,0,0,0,0,0,0,0,0,0,0,0,0,0,0,0,0,0,0,0,0,0,0,0,0,0,0,40.0105,-75.1608, , 
 ,47167,2013053145,6,67,67301,2013,4,5,2040,20,3,1,0,4,1, , ,N,1,2,0,3,0,2,3,2,N,N,40 01:45.310,75 05:23.878,2050, ,2040,2,1,2, , ,3,N, , , , ,522312, , , ,2,1,0,0,0,0,1,0,0,0,1,1,2,0,0,0,0,0,0,0,1,0,0,0,0,0,0,0,0,0,0,0,0,0,0,3,0,40.0293,-75.09, , 
 ,47168,2013029609,6,67,67301,2013,2,4,1635,16,1,1,0,1,1, , ,N,0,0,0,3,0,1,3,2,N,N,40 02:01.870,75 04:27.875,1640, ,1636, ,0, ,N, ,0, , , , , ,522342, , , ,2,1,0,0,0,0,1,0,0,0,0,1,1,0,0,0,0,0,0,0,0,0,0,0,0,0,0,0,0,0,0,0,0,0,0,4,0,40.0339,-75.0744, , 
Y,47169,2013037166,6,67,67301,2013,3,5,625,6,5,1,0,1,1,1,4,Y,0,0,0,3,0,0,4,2,N,N,39 58:02.882,75 07:57.532,639,45,626, ,0, ,N, ,0, ,N,N,N,N,522349,N,N,Y,2,1,0,0,0,0,1,0,0,0,0,0,0,0,0,0,0,0,0,0,0,0,0,0,0,0,0,0,0,0,0,0,0,0,0,0,0,39.9675,-75.1326, , 
 ,47170,2013055404,6,67,67301,2013,5,2,1730,17,1,1,0,1,1, , ,N,0,0,0,3,0,2,3,2,N,N,39 56:53.588,75 08:34.182,1734, ,1730, ,0, ,N, ,0, , , , , ,522364, , , ,2,2,0,0,0,0,0,0,0,0,0,0,2,2,0,0,0,0,0,0,1,0,0,3,0,0,0,0,0,0,0,0,0,0,0,8,0,39.9482,-75.1428, , 