wz_ln_closure,objectid_1,crn,district,county,municipality,crash_year,crash_month,day_of_week,time_of_day,hour_of_day,illumination,weather,road_condition,collision_type,relation_to_road,work_zone_type,work_zone_loc,work_zone_ind,intersect_type,tcd_type,location_type,urban_rural,fatal_count,injury_count,person_count,total_units,sch_bus_ind,sch_zone_ind,latitude,longitude,arrival_tm,cons_zone_spd_lim,dispatch_tm,est_hrs_closed,lane_closed,ln_close_dir,ntfy_hiwy_maint,spec_juris_cd,tcd_func_cd,tfc_detour_ind,workers_pres,wz_close_detour,wz_flagger,wz_law_offcr_ind,objectid,wz_moving,wz_other,wz_shlder_mdn,vehicle_count,automobile_count,motorcycle_count,bus_count,small_truck_count,heavy_truck_count,suv_count,van_count,bicycle_count,maj_inj_count,mod_inj_count,min_inj_count,tot_inj_count,unk_inj_deg_count,unk_inj_per_count,driver_count_16yr,driver_count_17yr,driver_count_18yr,driver_count_19yr,driver_count_20yr,driver_count_50_64yr,driver_count_65_74yr,driver_count_75plus,unbelted_occ_count,unb_death_count,unb_maj_inj_count,belted_death_count,belted_maj_inj_count,mcycle_death_count,mcycle_maj_inj_count,bicycle_death_count,bicycle_maj_inj_count,ped_count,ped_death_count,ped_maj_inj_count,max_severity_level,comm_veh_count,dec_lat,dec_long,rdwy_surf_type_cd,county_name
 ,47238,2013053020,6,67,67301,2013,4,6,817,8,1,1,0,0,1, , ,N,1,3,0,3,0,1,1,1,N,N,40 03:14.320,75 11:50.625,835, ,827, ,0, , , ,3, , , , , ,518643, , , ,1,0,1,0,0,0,0,0,0,0,1,0,1,0,0,0,0,0,0,0,1,0,0,0,0,0,0,0,0,0,0,0,0,0,0,3,0,40.054,-75.1974, , 
 ,47239,2013070076,6,67,67301,2013,6,3,713,7,1,1,0,4,1, , ,N,1,3,0,3,0,1,3,2,N,N,40 02:11.605,75 08:13.937,720, ,715, ,0, ,N, ,3, , , , , ,522609, , , ,2,2,0,0,0,0,0,0,0,0,0,1,1,0,0,0,0,0,0,0,1,0,0,0,0,0,0,0,0,0,0,0,0,0,0,4,0,40.0366,-75.1372, , 
 ,47240,2013005505,6,67,67301,2013,1,2,744,7,1,1,1,1,1, , ,N,0,0,0,3,0,0,4,3,N,N,39 57:27.589,75 08:57.426,754, ,752,1,1,3,N, ,0,N, , , , ,522612, , , ,3,2,0,0,0,0,0,1,0,0,0,0,0,0,0,0,0,0,0,0,1,0,0,0,0,0,0,0,0,0,0,0,0,0,0,0,0,39.9577,-75.1493, , 
 ,47241,2013009650,6,67,67301,2013,1,6,1350,13,1,1,0,4,2, , ,N,0,0,0,3,0,1,1,2,Y,N,40 00:25.545,75 08:49.779,1405, ,1350,3,1,4,N, ,0,N, , , , ,522618, , , ,2,1,0,1,0,0,0,0,0,0,0,1,1,0,0,0,0,0,0,0,0,0,0,0,0,0,0,0,0,0,0,0,0,0,0,4,1,40.0071,-75.1472, , 
 ,47242,2013035010,6,67,67301,2013,3,2,1213,12,1,1,0,1,1, , ,N,0,0,0,3,0,0,3,2,N,N,40 03:14.814,75 02:55.545,1216, ,1214,1,1,1,N, ,0,N, , , , ,522634, , , ,2,1,0,0,0,0,1,0,0,0,0,0,0,0,0,0,0,0,0,0,0,0,0,0,0,0,0,0,0,0,0,0,0,0,0,0,0,40.0541,-75.0488, , 
 ,47243,2013036577,6,46,46102,2013,4,3,713,7,1,1,0,1,1, , ,N,0,0,0,3,0,0,3,2,N,N,40 04:09.924,75 09:00.374,717, ,713, ,0, ,N, ,0, , , , , ,522636, , , ,2,0,0,0,0,0,2,0,0,0,0,0,0,0,0,0,0,0,0,0,0,0,0,0,0,0,0,0,0,0,0,0,0,0,0,0,0,40.0694,-75.1501, , 
 ,47244,2013005393,6,67,67301,2013,1,6,1314,13,1,1,0,1,1, , ,N,0,0,0,3,0,2,7,2,N,N,39 57:24.842,75 09:14.358,1321, ,1316,1,2,4,N, ,0,N, , , , ,522662, , , ,2,2,0,0,0,0,0,0,0,0,0,0,2,2,0,0,0,0,1,0,0,1,0,0,0,0,0,0,0,0,0,0,0,0,0,8,0,39.9569,-75.154, , 
 ,47245,2013016261,6,67,67301,2013,1,5,644,6,1,1,0,4,1, , ,N,1,2,0,3,0,1,2,2,N,N,39 57:34.444,75 11:49.297,712, ,711, ,0, ,N, ,3, , , , , ,522667, , , ,2,1,0,0,1,0,0,0,0,0,0,1,1,0,0,0,0,0,0,0,0,0,0,2,0,0,0,0,0,0,0,0,0,0,0,4,0,39.9596,-75.197, , 
 ,47246,2013017682,6,67,67301,2013,2,6,1530,15,1,1,0,1,1, , ,N,0,0,0,3,0,1,2,2,N,N,39 59:11.615,75 12:28.506,1532, ,1532,1,1,4,N, ,0,N, , , , ,522668, , , ,2,1,0,0,0,0,0,1,0,0,0,1,1,0,0,0,0,0,1,0,0,0,0,0,0,0,0,0,0,0,0,0,0,0,0,4,0,39.9866,-75.2079, , 
 ,47247,2013058706,6,67,67301,2013,4,7,315,3,3,1,0,7,2, , ,N,0,0,0,3,0,0,1,1,N,N,40 00:32.381,75 04:07.045,321, ,316, ,0, ,N, ,0, , , , , ,522699, , , ,1,1,0,0,0,0,0,0,0,0,0,0,0,0,0,0,0,0,0,0,0,0,0,0,0,0,0,0,0,0,0,0,0,0,0,0,0,40.009,-75.0686, , 
 ,47248,2013062552,6,67,67301,2013,5,2,2210,22,3,1,0,7,5, , ,N,0,0,0,3,0,0,1,1,N,N,39 58:38.677,75 11:55.842,2220, ,2210, ,0, , , ,0, , , , , ,522702, , , ,1,1,0,0,0,0,0,0,0,0,0,0,0,0,0,0,0,0,0,0,0,0,0,0,0,0,0,0,0,0,0,0,0,0,0,0,0,39.9774,-75.1988, , 
 ,47249,2013062671,6,67,67301,2013,5,5,1100,11,1,1,0,1,1, , ,N,0,0,0,3,0,0,3,3,N,N,40 01:34.722,75 10:09.673,1107, ,1104,2,2,5,N, ,0,Y, , , , ,522703, , , ,3,1,0,0,1,0,0,1,0,0,0,0,0,0,0,0,0,0,0,0,1,1,0,0,0,0,0,0,0,0,0,0,0,0,0,0,0,40.0263,-75.1694, , 
 ,47250,2013016232,6,67,67301,2013,1,1,235,2,3,5,0,1,1, , ,N,1,2,0,3,0,0,3,2,N,N,39 55:28.531,75 10:16.770,240, ,238, ,0, ,N, ,3, , , , , ,522717, , , ,2,2,0,0,0,0,0,0,0,0,0,0,0,0,0,0,0,0,0,0,0,0,0,0,0,0,0,0,0,0,0,0,0,0,0,0,0,39.9246,-75.1713, , 
 ,47251,2013022199,6,67,67301,2013,1,3,1557,15,1,1,0,1,1, , ,N,0,0,0,3,0,2,4,3,N,N,40 05:59.986,74 59:14.279,1600, ,1558,2,1,4,N, ,0,N, , , , ,522722, , , ,3,1,0,0,1,0,0,1,0,0,0,2,2,0,0,0,0,0,0,0,1,0,0,0,0,0,0,0,0,0,0,0,0,0,0,4,0,40.1,-74.9873, , 
 ,47252,2013035044,6,67,67301,2013,3,7,932,9,1,1,0,8,1, , ,N,0,0,0,3,0,1,3,2,N,N,39 59:02.605,75 11:14.582,932, ,932,2,2,6,N, ,0,Y, , , , ,522733, , , ,1,1,0,0,0,0,0,0,0,0,1,0,1,0,0,0,0,0,0,0,0,0,1,0,0,0,0,0,0,0,0,0,1,0,0,3,0,39.9841,-75.1874, , 
 ,47253,2013043401,6,67,67301,2013,3,6,2009,20,3,1,0,8,1, , ,N,1,0,0,3,0,1,2,2,N,N,39 57:33.040,75 14:36.283,2015, ,2009, ,0, ,N, ,0, , , , , ,522741, , , ,1,1,0,0,0,0,0,0,0,0,0,0,1,1,0,0,0,0,0,0,0,0,0,0,0,0,0,0,0,0,0,0,1,0,0,8,0,39.9592,-75.2434, , 
 ,47254,2013009517,6,67,67301,2013,1,6,1734,17,3,1,0,1,1, , ,N,0,0,0,3,0,1,3,2,N,N,39 57:35.547,75 10:40.102,1748, ,1737, ,0, ,N, ,0, , , , , ,522761, , , ,2,1,0,0,0,0,1,0,0,0,0,1,1,0,0,0,0,0,0,0,1,0,0,0,0,0,0,0,0,0,0,0,0,0,0,4,0,39.9599,-75.1778, , 
 ,47255,2013026946,6,67,67301,2013,2,4,318,3,3,1,0,7,4, , ,N,0,0,0,3,0,0,1,1,N,N,40 04:10.556,75 02:29.194,333, ,326, ,0, ,N, ,0, , , , , ,522774, , , ,1,1,0,0,0,0,0,0,0,0,0,0,0,0,0,0,0,0,0,0,0,0,0,0,0,0,0,0,0,0,0,0,0,0,0,0,0,40.0696,-75.0414, , 
 ,47256,2013044345,6,67,67301,2013,4,2,1224,12,1,1,0,1,1, , ,N,0,0,0,3,0,2,4,3,N,N,39 57:31.998,75 10:15.428,1232, ,1225, ,0, ,N, ,0, , , , , ,522786, , , ,3,3,0,0,0,0,0,0,0,0,0,2,2,0,0,0,0,0,0,0,1,0,0,1,0,0,0,0,0,0,0,0,0,0,0,4,0,39.9589,-75.171, , 
 ,47257,2013045354,6,67,67301,2013,3,7,500,5,3,1,0,7,2, , ,N,1,2,0,3,0,1,1,1,N, ,39 56:04.178,75 13:18.249,505, ,504, ,0, , , ,3, , , , , ,522789, , , ,1,1,0,0,0,0,0,0,0,0,0,1,1,0,0,0,0,0,0,0,1,0,0,0,0,0,0,0,0,0,0,0,0,0,0,4,0,39.9345,-75.2217, , 
 ,47258,2013047203,6,67,67301,2013,4,4,1130,11,1,1,0,4,1, , ,N,1,3,0,3,0,1,2,2,N,N,39 58:14.361,75 08:14.801,1138, ,1125, ,0, ,N, ,3, , , , , ,526744, , , ,1,1,0,0,0,0,0,0,1,0,0,1,1,0,0,0,0,0,0,0,1,0,0,0,0,0,0,0,0,0,0,0,0,0,0,4,0,39.9707,-75.1374, , 
 ,47259,2013024999,6,67,67301,2013,1,5,158,1,3,2,1,7,3, , ,N,1,2,0,3,0,1,2,1,N,N,40 01:46.545,75 06:13.959,215, ,200, ,0, ,N, ,3, , , , , ,526768, , , ,1,1,0,0,0,0,0,0,0,0,0,1,1,0,0,0,0,0,0,0,0,0,0,0,0,0,0,0,0,0,0,0,0,0,0,4,0,40.0296,-75.1039, , 
 ,47260,2013046268,6,67,67301,2013,4,4,2224,22,3,2,1,1,1, , ,N,3,2,0,3,0,0,2,2,N, ,40 05:38.581,75 01:51.296,2229, ,2229, ,0, , , ,3, , , , , ,526784, , , ,2,1,0,0,0,0,1,0,0,0,0,0,0,0,0,0,0,0,0,0,0,0,0,0,0,0,0,0,0,0,0,0,0,0,0,0,0,40.0941,-75.0309, , 
 ,47261,2013046310,6,67,67301,2013,3,6,1527,15,1,1,0,4,1, , ,N,0,0,7,3,0,2,6,2,N,N,39 59:27.034,75 07:51.439,1552, ,1550, ,0, ,N, ,0, , , , , ,526785, , , ,2,1,0,0,0,0,0,1,0,0,0,2,2,0,2,0,0,0,0,0,0,0,0,4,0,0,0,0,0,0,0,0,0,0,0,4,0,39.9908,-75.131, , 
 ,47262,2013046433,6,67,67301,2013,4,6,1757,17,1,1,0,4,1, , ,N,1,2,0,3,0,1,2,2,N,N,40 01:34.998,75 07:01.744,1758, ,1757,2,1,1,N, ,3,N, , , , ,526786, , , ,2,2,0,0,0,0,0,0,0,0,1,0,1,0,0,0,0,0,0,1,0,0,1,1,0,0,0,0,0,0,0,0,0,0,0,3,0,40.0262,-75.1174, , 
 ,47263,2013055935,6,67,67301,2013,5,2,1650,16,1,1,0,1,1, , ,N,0,0,0,3,0,1,18,2,Y,N,40 01:44.633,75 06:54.773,1729, ,1650, ,0, ,N, ,0, , , , , ,526795, , , ,2,1,0,1,0,0,0,0,0,0,0,0,1,1,0,0,0,0,0,0,0,0,0,0,0,0,0,0,0,0,0,0,0,0,0,8,1,40.0291,-75.1152, , 
 ,47264,2013031371,6,67,67301,2013,3,3,1427,14,1,2,1,5,1, , ,N,0,0,0,3,0,0,5,3,N,N,39 59:35.269,75 05:05.635,1522, ,1503, ,0, ,N, ,0, , , , , ,526828, , , ,3,2,0,0,1,0,0,0,0,0,0,0,0,0,0,0,0,0,0,0,1,0,0,0,0,0,0,0,0,0,0,0,0,0,0,0,0,39.993,-75.085, , 
 ,47265,2013035178,6,67,67301,2013,2,7,1520,15,1,2,1,1,1, , ,N,1,2,0,3,0,3,4,3,N,N,39 59:56.501,75 07:59.705,1544, ,1523, ,0, ,N, ,3, , , , , ,526833, , , ,3,1,0,0,1,0,0,1,0,0,0,0,3,3,0,0,0,0,0,0,0,0,0,0,0,0,0,0,0,0,0,0,0,0,0,8,0,39.999,-75.1333, , 
 ,47266,2013050270,6,67,67301,2013,4,5,2315,23,3,1,0,7,2, , ,N,0,2,0,3,0,1,1,1,N,N,39 57:39.554,75 10:28.618,2330, ,2325,9,2,3, , ,3,Y, , , , ,526844, , , ,1,1,0,0,0,0,0,0,0,1,0,0,1,0,0,0,0,0,0,0,1,0,0,1,0,1,0,0,0,0,0,0,0,0,0,2,0,39.961,-75.1746, , 
 ,47267,2013035640,6,67,67301,2013,3,6,1135,11,1,4,6,1,1, , ,N,0,0,0,3,0,4,7,4,N,N,40 03:48.901,75 05:14.792,1201, ,1154,1,1,4,N, ,0,N, , , , ,526879, , , ,4,1,0,0,1,0,2,0,0,0,0,2,4,2,0,0,1,0,0,1,1,0,0,0,0,0,0,0,0,0,0,0,0,0,0,4,0,40.0636,-75.0874, , 
 ,47268,2013046326,6,67,67301,2013,4,1,9999,99,1,1,0,8,1, , ,N,1,0,0,3,0,1,2,2,N, ,39 59:16.288,75 06:46.551,1835, ,1830, ,0, , , ,0, , , , , ,526893, , , ,1,0,0,0,0,0,0,0,0,0,0,0,1,1,0,0,0,0,0,0,0,0,0,0,0,0,0,0,0,0,0,0,1,0,0,8,0,39.9879,-75.1129, , 
 ,47269,2013012056,6,67,67301,2013,1,6,1240,12,1,1,0,4,1, , ,N,0,0,0,3,0,1,2,2,N, ,40 00:13.168,75 10:52.099,1242, ,1240, ,0, , , ,0, , , , , ,526913, , , ,2,0,0,0,0,0,2,0,0,0,1,0,1,0,0,0,0,0,0,0,1,1,0,0,0,0,0,0,0,0,0,0,0,0,0,3,0,40.0037,-75.1811, , 
 ,47270,2013016150,6,67,67301,2013,1,2,620,6,5,5,1,2,1, , ,N,2,2,0,3,0,1,2,2,N,N,39 58:25.156,75 12:32.179,632, ,625, ,0, ,N, ,3, , , , , ,526917, , , ,2,2,0,0,0,0,0,0,0,0,0,0,1,1,0,0,0,0,0,0,1,0,0,0,0,0,0,0,0,0,0,0,0,0,0,8,0,39.9736,-75.2089, , 
 ,47271,2013032459,6,67,67301,2013,2,1,343,3,3,1,0,7,4, , ,N,0,0,0,3,1,1,2,1,N,N,40 05:19.752,75 02:42.870,344, ,343, ,0, , ,0,0, , , , , ,526932, , , ,1,0,0,0,0,0,1,0,0,1,0,0,1,0,0,0,0,1,0,0,0,0,0,0,0,0,0,0,0,0,0,0,0,0,0,1,0,40.0888,-75.0452,2, 
 ,47272,2013035139,6,67,67301,2013,3,3,9999,99,3,1,0,7,2, , ,N,2,0,0,3,0,1,1,1,N,N,39 55:08.724,75 13:24.337,126, ,126, ,0, , , ,0, , , , , ,526935, , , ,1,1,0,0,0,0,0,0,0,0,1,0,1,0,0,0,0,0,0,0,0,0,0,0,0,0,0,0,0,0,0,0,0,0,0,3,0,39.9191,-75.2234, , 
 ,47273,2013047360,6,67,67301,2013,4,5,2105,21,3,1,0,8,1, , ,N,1,3,0,3,0,1,2,2,N,N,39 56:55.975,75 10:48.118,2112, ,2109, ,0, ,N, ,3, , , , , ,526942, , , ,1,1,0,0,0,0,0,0,0,0,0,1,1,0,0,0,0,0,0,0,0,0,0,0,0,0,0,0,0,0,0,0,1,0,0,4,0,39.9489,-75.18, , 
 ,47274,2013024943,6,67,67301,2013,2,6,246,2,3,1,0,6,2, , ,N,0,0,0,3,0,0,1,2,N,N,39 58:27.756,75 10:55.282,252, ,248, ,0, ,N, ,0, , , , , ,526963, , , ,2,2,0,0,0,0,0,0,0,0,0,0,0,0,0,0,0,0,0,0,0,0,0,0,0,0,0,0,0,0,0,0,0,0,0,0,0,39.9744,-75.182, , 
 ,47275,2013037366,6,67,67301,2013,3,7,450,4,3,1,0,5,6, , ,N,0,0,0,3,0,0,1,3,N, ,40 03:32.640,75 14:04.526,505, ,455, ,0, , , ,0, , , , , ,526972, , , ,3,3,0,0,0,0,0,0,0,0,0,0,0,0,0,0,0,0,0,0,0,0,0,0,0,0,0,0,0,0,0,0,0,0,0,0,0,40.059,-75.2344, , 
 ,47276,2013029772,6,67,67301,2013,2,7,930,9,1,4,3,1,6, , ,N,0,0,0,3,0,1,2,2,N, ,40 02:41.337,75 00:45.450,930, ,945, ,0, , , ,0, , , , , ,514767, , , ,2,1,0,0,0,0,0,0,0,0,0,0,1,1,0,0,0,0,0,0,0,0,0,1,0,0,0,0,0,0,0,0,0,0,0,8,0,40.0448,-75.0126, , 
 ,47277,2013039253,6,67,67301,2013,4,2,744,7,1,1,0,1,1, , ,N,0,0,0,3,0,0,4,4,N,N,40 01:04.754,75 02:52.911,754, ,747, ,0, ,N, ,0, , , , , ,514776, , , ,4,4,0,0,0,0,0,0,0,0,0,0,0,0,0,0,0,0,0,0,0,0,1,0,0,0,0,0,0,0,0,0,0,0,0,0,0,40.0179,-75.0482, , 
 ,47278,2013046386,6,67,67301,2013,4,7,1830,18,4,1,0,6,1, , ,N,1,3,0,3,0,1,2,2,N,N,40 00:01.684,75 07:10.714,30, ,23, ,0, ,N, ,3, , , , , ,514783, , , ,2,1,0,0,0,0,1,0,0,0,0,0,1,1,0,0,0,0,0,0,0,0,0,0,0,0,0,0,0,0,0,0,0,0,0,8,0,40.0005,-75.1196, , 
 ,47279,2013046403,6,67,67301,2013,4,3,2106,21,1,1,0,4,2, , ,N,0,0,0,3,0,1,1,3,N,N,40 03:57.914,75 01:51.311,2115, ,2106, ,0, ,N, ,0, , , , , ,514784, , , ,3,1,0,0,1,0,0,1,0,0,0,0,1,1,0,0,0,0,0,0,0,0,0,0,0,0,0,0,0,0,0,0,0,0,0,8,0,40.0661,-75.0309, , 
 ,47280,2013050089,6,67,67301,2013,5,6,1814,18,1,1,0,1,1, , ,N,0,0,0,3,0,0,2,2,N,N,39 58:48.957,75 06:19.044,1835, ,1816, ,0, ,N, ,0, , , , , ,514786, , , ,2,1,0,0,1,0,0,0,0,0,0,0,0,0,0,0,0,0,0,0,0,0,0,0,0,0,0,0,0,0,0,0,0,0,0,0,0,39.9803,-75.1053, , 
 ,47281,2013055436,6,67,67301,2013,4,4,2007,20,4,1,0,4,1, , ,N,2,0,0,3,0,1,2,2,N,N,39 57:52.225,75 09:39.634,2010, ,2008, ,0, ,N, ,0, , , , , ,514789, , , ,2,2,0,0,0,0,0,0,0,0,1,0,1,0,0,0,0,0,0,0,0,0,0,0,0,0,0,0,0,0,0,0,0,0,0,3,0,39.9644,-75.1609, , 
 ,47282,2013062587,6,67,67301,2013,5,4,933,9,1,1,0,1,1, , ,N,1,2,0,3,0,2,4,2,N, ,40 00:55.846,75 08:19.712,933, ,933, ,0, , , ,3, , , , , ,514796, , , ,2,2,0,0,0,0,0,0,0,0,0,2,2,0,2,0,0,0,0,0,1,0,0,0,0,0,0,0,0,0,0,0,0,0,0,4,0,40.0155,-75.1388, , 
 ,47283,2013065282,6,67,67301,2013,5,7,2015,20,3,2,1,4,6, , ,N,0,0,0,3,0,1,1,2,N, ,39 58:12.246,75 12:48.727,2017, ,2015,2,2,3, , ,0,Y, , , , ,514798, , , ,2,1,0,0,0,1,0,0,0,1,0,0,1,0,0,0,0,0,0,0,0,0,0,0,0,0,0,1,0,0,0,0,0,0,0,2,1,39.9701,-75.2135, , 
 ,47284,2013026953,6,67,67301,2013,2,4,1924,19,3,1,0,4,1, , ,N,2,3,0,3,0,2,3,2,N, ,40 01:35.680,75 09:33.469,1950, ,1938,3,1,2, , ,3,Y, , , , ,514814, , , ,2,2,0,0,0,0,0,0,0,0,0,2,2,0,0,0,0,0,0,0,0,0,0,0,0,0,0,0,0,0,0,0,0,0,0,4,0,40.0266,-75.1593, , 
 ,47285,2013029611,6,67,67301,2013,2,5,1432,14,1,1,0,1,1, , ,N,1,2,0,3,0,1,3,3,N, ,40 02:45.606,75 03:25.542,1436, ,1433, ,0, , , ,3, , , , , ,514817, , , ,3,3,0,0,0,0,0,0,0,0,0,0,1,1,0,0,0,0,0,1,0,0,0,0,0,0,0,0,0,0,0,0,0,0,0,8,0,40.046,-75.0571, , 
 ,47286,2013012045,6,67,67301,2013,1,6,1211,12,1,1,0,4,1, , ,N,1,2,0,3,0,1,4,2,N,N,39 59:04.850,75 09:23.377,1216, ,1215, ,0, ,N, ,3, , , , , ,514854, , , ,2,2,0,0,0,0,0,0,0,0,0,0,1,1,2,0,0,0,0,0,1,0,0,0,0,0,0,0,0,0,0,0,0,0,0,8,0,39.9847,-75.1565, , 
 ,47287,2013024831,6,67,67301,2013,2,5,825,8,1,1,0,4,1, , ,N,1,2,0,3,0,1,2,2,N,N,40 02:35.626,75 10:51.146,930, ,826, ,0, ,N, ,3, , , , , ,514867, , , ,2,0,0,0,0,1,1,0,0,0,1,0,1,0,0,0,0,0,0,0,1,0,0,0,0,0,0,0,0,0,0,0,0,0,0,3,1,40.0432,-75.1809, , 
 ,47288,2013037482,6,67,67301,2013,3,1,1845,18,3,1,0,2,1, , ,N,0,0,0,3,0,0,2,2,N,N,40 05:43.502,75 00:52.843,1900, ,1850,9,1,2,N, ,0,N, , , , ,514883, , , ,2,1,0,0,0,0,1,0,0,0,0,0,0,0,0,0,0,0,0,0,0,0,0,0,0,0,0,0,0,0,0,0,0,0,0,0,0,40.0954,-75.0147, , 
 ,47289,2013043752,6,67,67301,2013,3,7,405,4,2,1,0,7,4, , ,N,1,2,0,3,0,1,1,1,N,N,39 55:01.859,75 14:46.691,425, ,420,1,1,2,N, ,3,N, , , , ,514893, , , ,1,1,0,0,0,0,0,0,0,0,0,1,1,0,0,0,0,0,0,0,0,0,0,0,0,0,0,0,0,0,0,0,0,0,0,4,0,39.9172,-75.2463, , 
 ,47290,2013044128,6,67,67301,2013,4,2,1118,11,1,1,0,4,1, , ,N,0,0,0,3,0,1,1,3,N, ,40 03:40.294,75 03:54.003,1125, ,1118, ,0, , , ,0, , , , , ,514894, , , ,3,2,0,0,1,0,0,0,0,0,0,0,1,1,0,0,0,0,0,0,0,0,0,0,0,0,0,0,0,0,0,0,0,0,0,8,0,40.0612,-75.065, , 
 ,47291,2013016174,6,67,67301,2013,1,5,2140,21,3,1,0,6,1, , ,N,0,0,0,3,0,0,1,5,N,N,40 02:13.376,75 02:44.721,2144, ,2141, ,0, , , ,0, , , , , ,514913, , , ,5,4,0,0,0,0,1,0,0,0,0,0,0,0,0,0,0,0,0,0,0,0,0,1,0,0,0,0,0,0,0,0,0,0,0,0,0,40.037,-75.0458, , 
 ,47292,2013027664,6,67,67301,2013,1,3,1651,16,3,1,0,1,1, , ,N,0,2,0,3,0,7,11,4,N,N,40 02:45.998,75 05:58.091,1655, ,1652,2,2,5,N, ,3,Y, , , , ,514921, , , ,4,3,0,0,0,0,0,1,0,0,1,6,7,0,1,0,0,0,0,1,1,0,0,0,0,0,0,0,0,0,0,0,0,0,0,3,0,40.0461,-75.0995, , 
 ,47293,2013016231,6,67,67301,2013,1,6,2015,20,3,2,1,8,1, , ,N,1,3,0,3,0,1,2,2,N,N,39 56:14.362,75 09:06.335,2025, ,2017, ,0, ,N, ,3, , , , , ,514955, , , ,1,0,0,0,1,0,0,0,0,0,0,1,1,0,0,0,0,0,0,0,0,0,0,0,0,0,0,0,0,0,0,0,1,0,0,4,0,39.9373,-75.1518, , 
 ,47294,2013053142,6,67,67301,2013,4,6,2028,20,3,1,0,7,5, , ,N,1,0,0,3,0,1,1,3,N,N,40 00:05.418,75 06:14.947,2034, ,2029,2,1,1,N, ,0,N, , , , ,518644, , , ,3,2,0,0,0,0,1,0,0,0,1,0,1,0,0,0,0,0,0,0,0,0,0,0,0,0,0,0,0,0,0,0,0,0,0,3,0,40.0015,-75.1042, , 
 ,47295,2013016246,6,67,67301,2013,1,2,735,7,1,5,1,1,1, , ,N,1,2,3,3,0,1,2,2,N, ,39 56:28.421,75 12:33.849,745, ,736, ,0, , , ,3, , , , , ,518661, , , ,2,1,0,1,0,0,0,0,0,0,0,0,1,1,0,0,0,0,0,0,1,0,0,1,0,0,0,0,0,0,0,0,0,0,0,8,1,39.9412,-75.2094, , 
 ,47296,2013024929,6,67,67301,2013,2,1,1149,11,1,1,1,8,1, , ,N,1,2,0,3,0,1,2,2,N,N,39 59:13.933,75 06:31.625,1151, ,1150,1,1,2,N, ,3,N, , , , ,518670, , , ,1,1,0,0,0,0,0,0,0,0,0,0,1,1,0,0,0,0,0,0,0,0,0,0,0,0,0,0,0,0,0,0,1,0,0,8,0,39.9872,-75.1088, , 
 ,47297,2013035603,6,67,67301,2013,2,2,1430,14,1,1,0,4,1, , ,N,1,2,0,3,0,1,2,2,N, ,39 59:17.415,75 08:46.215,9999, ,9999, ,0, , , ,3, , , , , ,518679, , , ,2,0,0,0,2,0,0,0,0,0,0,1,1,0,1,0,0,0,0,0,1,0,0,0,0,0,0,0,0,0,0,0,0,0,0,4,0,39.9882,-75.1462, , 
 ,47298,2013044099,6,67,67301,2013,4,2,101,1,3,1,1,4,7, , ,N,3,4,2,3,0,1,4,2,N,N,40 00:26.097,75 04:24.812,117, ,112, ,0, ,N, ,3, , , , , ,518684, , , ,2,0,0,0,1,0,1,0,0,0,0,0,1,1,1,0,0,0,0,0,1,0,0,0,0,0,0,0,0,0,0,0,0,0,0,8,0,40.0072,-75.0736, , 
 ,47299,2013050245,6,67,67301,2013,4,6,1000,10,1,1,0,7,5, , ,N,1,2,0,3,0,1,1,3,N,N,40 01:26.228,75 07:52.714,1005, ,1000,1,1,1,N, ,3,N, , , , ,518689, , , ,3,3,0,0,0,0,0,0,0,0,0,1,1,0,0,0,0,0,0,0,0,0,0,0,0,0,0,0,0,0,0,0,0,0,0,4,0,40.024,-75.1313, , 
 ,47300,2013029787,6,67,67301,2013,2,3,1159,11,1,1,0,8,1, , ,N,2,2,0,3,0,1,2,2,N, ,40 01:29.957,75 10:00.963,1228, ,1223, ,0, , , ,3, , , , , ,518720, , , ,1,0,0,0,0,0,0,0,0,0,0,1,1,0,0,0,0,0,0,0,0,0,0,0,0,0,0,0,0,0,0,0,1,0,0,4,0,40.025,-75.1669, , 
 ,47301,2013035648,6,67,67301,2013,2,1,1739,17,1,1,0,4,1, , ,N,0,0,7,3,0,1,2,2,N,N,39 56:18.434,75 10:17.835,1749, ,1744, ,0, ,N, ,0, , , , , ,518724, , , ,1,1,0,0,0,0,0,0,1,0,0,1,1,0,1,0,0,0,0,0,0,0,0,1,0,0,0,0,0,0,0,0,0,0,0,4,0,39.9385,-75.1716, , 
 ,47302,2013043404,6,67,67301,2013,3,4,2035,20,3,1,0,1,1, , ,N,1,2,0,3,0,1,5,2,N,N,39 57:21.570,75 13:03.535,2054, ,2045, ,0, ,N, ,3, , , , , ,518734, , , ,2,1,0,1,0,0,0,0,0,0,0,1,1,0,1,0,0,0,0,0,0,0,0,0,0,0,0,0,0,0,0,0,0,0,0,4,1,39.956,-75.2176, , 
 ,47303,2013032453,6,67,67301,2013,2,7,2005,20,3,2,0,4,1, , ,N,1,2,0,3,0,1,3,2,N,N,39 58:38.996,75 09:35.477,2013, ,2010, ,0, ,N, ,3, , , , , ,518771, , , ,2,1,0,0,0,0,1,0,0,0,0,1,1,0,0,0,1,0,1,0,0,0,0,0,0,0,0,0,0,0,0,0,0,0,0,4,0,39.9775,-75.1599, , 