wz_ln_closure,objectid_1,crn,district,county,municipality,crash_year,crash_month,day_of_week,time_of_day,hour_of_day,illumination,weather,road_condition,collision_type,relation_to_road,work_zone_type,work_zone_loc,work_zone_ind,intersect_type,tcd_type,location_type,urban_rural,fatal_count,injury_count,person_count,total_units,sch_bus_ind,sch_zone_ind,latitude,longitude,arrival_tm,cons_zone_spd_lim,dispatch_tm,est_hrs_closed,lane_closed,ln_close_dir,ntfy_hiwy_maint,spec_juris_cd,tcd_func_cd,tfc_detour_ind,workers_pres,wz_close_detour,wz_flagger,wz_law_offcr_ind,objectid,wz_moving,wz_other,wz_shlder_mdn,vehicle_count,automobile_count,motorcycle_count,bus_count,small_truck_count,heavy_truck_count,suv_count,van_count,bicycle_count,maj_inj_count,mod_inj_count,min_inj_count,tot_inj_count,unk_inj_deg_count,unk_inj_per_count,driver_count_16yr,driver_count_17yr,driver_count_18yr,driver_count_19yr,driver_count_20yr,driver_count_50_64yr,driver_count_65_74yr,driver_count_75plus,unbelted_occ_count,unb_death_count,unb_maj_inj_count,belted_death_count,belted_maj_inj_count,mcycle_death_count,mcycle_maj_inj_count,bicycle_death_count,bicycle_maj_inj_count,ped_count,ped_death_count,ped_maj_inj_count,max_severity_level,comm_veh_count,dec_lat,dec_long,rdwy_surf_type_cd,county_name
 ,47304,2013062659,6,67,67301,2013,5,6,750,7,1,1,1,8,1, , ,N,2,0,0,3,0,1,2,2,N,N,40 04:00.327,75 03:50.667,805, ,759, ,0, ,N, ,0, , , , , ,518793, , , ,1,0,0,0,0,0,1,0,0,0,0,0,1,1,0,0,0,0,0,0,0,1,0,0,0,0,0,0,0,0,0,0,1,0,0,8,0,40.0668,-75.0641, , 
 ,47305,2013024993,6,67,67301,2013,2,7,1510,15,1,1,0,5,1, , ,N,0,0,0,3,0,0,2,2,N,N,39 57:27.916,75 08:38.560,1527, ,1526, ,0, ,N, ,0, , , , , ,518816, , , ,2,2,0,0,0,0,0,0,0,0,0,0,0,0,0,0,0,0,0,0,1,0,0,0,0,0,0,0,0,0,0,0,0,0,0,0,0,39.9578,-75.144, , 
 ,47306,2013032450,6,67,67301,2013,2,6,2319,23,3,2,1,4,1, , ,N,0,0,0,3,0,2,4,2,N,N,39 56:21.447,75 11:49.995,2325, ,2320, ,0, ,N, ,0, , , , , ,518825, , , ,2,2,0,0,0,0,0,0,0,0,2,0,2,0,0,0,0,0,0,0,0,0,0,0,0,0,0,0,0,0,0,0,0,0,0,3,0,39.9393,-75.1972, , 
 ,47307,2013043169,6,67,67301,2013,4,6,2056,20,3,2,1,7,4, , ,N,0,0,0,3,0,1,1,1,N,N,40 03:09.903,74 59:14.589,2127, ,2106,2,1,2,N, ,0,Y, , , , ,518837, , , ,1,1,0,0,0,0,0,0,0,0,0,0,1,1,0,0,0,0,0,0,0,1,0,0,0,0,0,0,0,0,0,0,0,0,0,8,0,40.0528,-74.9874, , 
 ,47308,2013043164,6,67,67301,2013,4,3,1645,16,1,1,0,1,7, , ,N,6,0,2,3,0,1,3,2,N,N,40 00:23.687,75 11:58.117,1309, ,1257, ,0, ,N, ,0, , , , , ,518870, , , ,2,0,0,0,0,0,2,0,0,0,0,0,1,1,0,0,0,0,0,0,0,0,0,0,0,0,0,0,0,0,0,0,0,0,0,8,0,40.0066,-75.1995, , 
 ,47309,2013044122,6,67,67301,2013,3,4,6,0,3,1,0,1,1, , ,N,0,0,7,3,0,0,2,2,N,N,40 02:34.154,75 10:52.645,210, ,18, ,0, ,N, ,0, , , , , ,518872, , , ,2,2,0,0,0,0,0,0,0,0,0,0,0,0,0,0,0,0,0,0,0,0,0,0,0,0,0,0,0,0,0,0,0,0,0,0,0,40.0428,-75.1813, , 
 ,47310,2013044133,6,67,67301,2013,3,1,1455,14,1,1,0,4,1, , ,N,2,3,0,3,0,3,3,2,N,N,40 02:51.086,75 03:52.318,1505, ,1535, ,0, ,N, ,3, , , , , ,518873, , , ,2,1,0,0,0,0,1,0,0,0,2,1,3,0,0,0,0,0,0,0,1,0,0,0,0,0,0,0,0,0,0,0,0,0,0,3,0,40.0475,-75.0645, , 
 ,47311,2013007311,6,67,67301,2013,1,5,815,8,1,1,0,1,1, , ,N,1,0,0,3,0,1,2,2,N,Y,40 06:50.346,75 01:28.894,825, ,818, ,0, ,N, ,0, , , , , ,518898, , , ,2,2,0,0,0,0,0,0,0,0,0,0,1,1,0,0,0,0,0,0,0,0,0,0,0,0,0,0,0,0,0,0,0,0,0,8,0,40.114,-75.0247, , 
 ,47312,2013016240,6,67,67301,2013,1,7,622,6,3,2,1,7,2, , ,N,0,0,0,3,0,0,1,1,N,N,40 01:00.233,75 12:09.117,645, ,622,2,2,1,N, ,0,N, , , , ,522811, , , ,1,1,0,0,0,0,0,0,0,0,0,0,0,0,0,0,0,0,0,1,0,0,0,0,0,0,0,0,0,0,0,0,0,0,0,0,0,40.0167,-75.2025, , 
 ,47313,2013053106,6,67,67301,2013,4,2,1113,11,1,2,1,1,1, , ,N,1,2,0,3,0,1,2,2,N,N,40 01:41.707,75 05:05.272,1135, ,1131, ,0, ,N, ,3, , , , , ,522838, , , ,2,1,0,0,1,0,0,0,0,0,0,1,1,0,1,0,0,0,0,0,0,0,0,0,0,0,0,0,0,0,0,0,0,0,0,4,0,40.0283,-75.0848, , 
 ,47314,2013070125,6,67,67301,2013,6,3,1737,17,1,1,0,4,1, , ,N,2,3,0,3,0,1,6,2,N,N,40 01:56.872,75 09:50.065,1750, ,1743, ,0, ,N, ,3, , , , , ,522848, , , ,2,1,0,0,0,0,1,0,0,0,0,0,1,1,1,0,0,0,0,0,1,0,0,0,0,0,0,0,0,0,0,0,0,0,0,8,0,40.0325,-75.1639, , 
 ,47315,2013075155,6,67,67301,2013,6,1,1613,16,1,1,0,1,1, , ,N,1,2,0,3,0,1,4,3,N, ,39 53:50.886,75 15:07.506,1643, ,1643,2,1,1, , ,3,N, , , , ,522851, , , ,3,2,0,0,0,0,1,0,0,0,0,1,1,0,0,0,0,0,0,0,0,0,0,0,0,0,0,0,0,0,0,0,0,0,0,4,0,39.8974,-75.2522, , 
 ,47316,2013022205,6,67,67301,2013,1,1,100,1,6,1,6,8,1, , ,N,0,0,0,3,0,1,2,2,N,N,40 02:01.878,75 07:41.620,140, ,132, ,0, ,N, ,0, , , , , ,522863, , , ,1,1,0,0,0,0,0,0,0,0,1,0,1,0,1,0,0,0,0,0,0,0,0,0,0,0,0,0,0,0,0,0,1,0,0,3,0,40.0339,-75.1282, , 
 ,47317,2013018526,6,67,67301,2013,2,2,1056,10,1,1,0,4,1, , ,N,0,0,0,3,0,0,4,2,N,N,39 56:48.499,75 08:31.441,1101, ,1100, ,0, ,N, ,0, , , , , ,522909, , , ,2,2,0,0,0,0,0,0,0,0,0,0,0,0,0,0,0,0,0,0,0,1,0,0,0,0,0,0,0,0,0,0,0,0,0,0,0,39.9467,-75.1421, , 
 ,47318,2013021387,6,67,67301,2013,2,7,2044,20,3,4,5,4,1, , ,N,0,0,0,3,0,0,2,2,N,N,40 00:21.078,75 04:29.296,2120, ,2102, ,0, ,N, ,0, , , , , ,522911, , , ,2,1,0,0,0,1,0,0,0,0,0,0,0,0,0,0,0,0,0,0,0,0,0,0,0,0,0,0,0,0,0,0,0,0,0,0,0,40.0058,-75.0749, , 
 ,47319,2013055546,6,67,67301,2013,5,3,9999,99,1,1,0,1,1, , ,N,2,2,0,3,0,1,2,2,N,N,39 56:47.053,75 08:30.358,128, ,123, ,0, , , ,3, , , , , ,522947, , , ,2,2,0,0,0,0,0,0,0,0,0,1,1,0,0,0,0,0,0,0,0,0,0,0,0,0,0,0,0,0,0,0,0,0,0,4,0,39.9465,-75.1415, , 
 ,47320,2013035047,6,67,67301,2013,2,1,207,2,3,1,0,4,2, , ,N,1,2,0,3,0,4,5,2,N, ,39 58:00.185,75 09:37.919,211, ,209,4,2,2, , ,3,N, , , , ,522970, , , ,2,2,0,0,0,0,0,0,0,0,1,3,4,0,0,0,0,0,0,0,0,0,0,0,0,0,0,0,0,0,0,0,0,0,0,3,0,39.9666,-75.1604, , 
 ,47321,2013037496,6,67,67301,2013,2,2,2145,21,3,1,0,4,1, , ,N,0,0,7,3,0,1,2,2,N, ,40 06:34.848,74 59:03.217,2153, ,2149, ,0, , , ,0, , , , , ,522973, , , ,2,0,1,0,0,0,1,0,0,1,0,0,1,0,0,0,0,0,1,0,0,0,0,0,0,0,0,0,0,1,0,0,0,0,0,2,0,40.1097,-74.9842, , 
 ,47322,2013055474,6,67,67301,2013,5,6,1720,17,1,1,0,8,1, , ,N,0,0,0,3,0,2,4,3,N, ,40 01:03.655,75 09:12.718,1743, ,1733, ,0, , , ,0, , , , , ,522988, , , ,1,1,0,0,0,0,0,0,0,0,2,0,2,0,0,0,0,0,0,0,0,0,0,0,0,0,0,0,0,0,0,0,2,0,0,3,0,40.0177,-75.1535, , 
 ,47323,2013057791,6,67,67301,2013,4,7,106,1,3,1,0,5,6, , ,N,0,0,0,3,0,0,1,3,N,N,39 58:19.027,75 13:38.542,112, ,110, ,0, ,N, ,0, , , , , ,522991, , , ,3,3,0,0,0,0,0,0,0,0,0,0,0,0,0,0,0,0,0,0,0,0,0,0,0,0,0,0,0,0,0,0,0,0,0,0,0,39.972,-75.2274, , 
 ,47324,2013029635,6,67,67301,2013,2,1,2105,21,3,1,0,4,1, , ,N,1,2,0,3,0,0,5,2,N,N,39 58:49.315,75 10:15.272,2130, ,2126, ,0, ,N, ,3, , , , , ,523011, , , ,2,1,0,0,1,0,0,0,0,0,0,0,0,0,3,0,0,0,0,0,0,0,0,0,0,0,0,0,0,0,0,0,0,0,0,9,0,39.9804,-75.1709, , 
 ,47325,2013032432,6,67,67301,2013,2,4,1316,13,1,1,0,4,1, , ,N,1,2,0,3,0,1,5,5,N,N,39 57:47.143,75 11:23.844,1322, ,1319,1,2,1,N, ,3,Y, , , , ,523014, , , ,5,3,0,0,1,0,1,0,0,0,0,0,1,1,1,0,0,0,0,0,1,0,0,0,0,0,0,0,0,0,0,0,0,0,0,8,0,39.9631,-75.19, , 
 ,47326,2013032955,6,67,67301,2013,2,4,710,7,1,1,0,4,1, , ,N,0,0,0,3,0,0,1,2,N,N,39 58:27.807,75 15:13.528,845, ,840, ,0, , , ,0, , , , , ,523015, , , ,2,0,0,0,0,0,1,0,0,0,0,0,0,0,1,0,0,0,0,0,0,0,0,0,0,0,0,0,0,0,0,0,0,0,0,9,0,39.9744,-75.2538, , 
 ,47327,2013053061,6,67,67301,2013,4,3,1530,15,1,1,0,8,1, , ,N,0,0,0,3,0,1,2,2,N,N,40 01:56.412,75 01:51.185,9999, ,1730, ,0, ,N, ,0, , , , , ,523036, , , ,1,1,0,0,0,0,0,0,0,0,0,1,1,0,1,0,0,0,0,0,0,0,0,0,0,0,0,0,0,0,0,0,1,0,0,4,0,40.0323,-75.0309, , 
 ,47328,2013053086,6,67,67301,2013,4,7,1701,17,1,1,0,1,1, , ,N,2,0,0,3,0,1,2,2,N,N,40 07:04.443,75 00:24.231,1740, ,1733, ,0, , , ,0, , , , , ,523037, , , ,2,1,0,0,1,0,0,0,0,0,0,0,1,1,0,0,0,0,0,0,0,0,0,0,0,0,0,0,0,0,0,0,0,0,0,8,0,40.1179,-75.0067, , 
 ,47329,2013006154,6,67,67301,2013,1,3,445,4,6,1,0,8,1, , ,N,1,2,0,3,0,1,2,2,N, ,40 01:51.464,75 05:08.198,750, ,730, ,0, , , ,3, , , , , ,523047, , , ,1,1,0,0,0,0,0,0,0,0,1,0,1,0,0,0,0,0,0,0,0,0,0,0,0,0,0,0,0,0,0,0,1,0,0,3,0,40.031,-75.0856, , 
 ,47330,2013053054,6,67,67301,2013,4,7,1620,16,1,1,0,5,2, , ,N,0,0,0,3,0,0,1,2,N,N,39 56:58.125,75 08:27.069,1700, ,1648, ,0, ,N, ,0, , , , , ,523082, , , ,2,0,0,0,0,0,2,0,0,0,0,0,0,0,0,0,0,0,0,0,0,0,0,0,0,0,0,0,0,0,0,0,0,0,0,0,0,39.9495,-75.1409, , 
 ,47331,2013047269,6,67,67301,2013,4,2,2301,23,3,1,0,4,1, , ,N,0,0,0,3,0,2,3,2,N,N,40 01:58.364,75 04:20.050,15, ,8, ,0, ,N, ,0, , , , , ,526981, , , ,2,0,1,0,0,0,1,0,0,0,1,1,2,0,0,0,0,0,0,0,0,0,0,0,0,0,0,0,0,0,0,0,0,0,0,3,0,40.0329,-75.0722, , 
 ,47332,2013032470,6,67,67301,2013,2,4,1945,19,3,2,1,1,1, , ,N,1,2,0,3,0,2,3,2,N,N,39 57:16.601,75 09:53.486,2145, ,2133, ,0, ,N, ,3, , , , , ,527022, , , ,2,0,0,0,0,0,1,0,0,0,0,2,2,0,0,0,0,0,0,0,0,0,0,0,0,0,0,0,0,0,0,0,0,0,0,4,0,39.9546,-75.1649, , 
 ,47333,2013035204,6,67,67301,2013,2,5,9999,99,3,1,0,8,1, , ,N,0,0,0,3,0,1,2,2,N,N,40 02:53.660,75 07:54.966,2315, ,2300, ,0, ,N, ,0, , , , , ,527028, , , ,1,0,0,0,1,0,0,0,0,0,0,1,1,0,0,0,0,0,0,0,0,0,0,0,0,0,0,0,0,0,0,0,1,0,0,4,0,40.0482,-75.1319, , 
 ,47334,2013035264,6,67,67301,2013,3,7,9999,99,3,1,0,8,1, , ,N,1,2,0,3,0,1,2,2,N,N,40 01:34.079,75 08:51.217,2212, ,2210,1,1,5,N, ,3,Y, , , , ,527029, , , ,1,1,0,0,0,0,0,0,0,0,0,1,1,0,0,0,0,0,0,0,0,0,0,0,0,0,0,0,0,0,0,0,1,0,0,4,0,40.0261,-75.1475, , 
 ,47335,2013038682,6,67,67301,2013,3,7,230,2,3,1,0,7,3, , ,N,0,0,0,3,0,0,1,1,N,N,39 59:04.991,75 05:41.930,230, ,230,1,1,1,N, ,0,N, , , , ,527034, , , ,1,1,0,0,0,0,0,0,0,0,0,0,0,0,0,0,0,0,0,0,0,0,0,0,0,0,0,0,0,0,0,0,0,0,0,0,0,39.9847,-75.0951, , 
 ,47336,2013046300,6,67,67301,2013,3,2,745,7,1,1,0,1,1, , ,N,2,2,0,3,0,1,3,2,N,N,39 58:53.626,75 13:48.460,815, ,802, ,0, ,N, ,3, , , , , ,527041, , , ,2,1,0,0,0,0,1,0,0,0,0,1,1,0,0,0,0,0,0,0,1,0,0,1,0,0,0,0,0,0,0,0,0,0,0,4,0,39.9816,-75.2301, , 
 ,47337,2013022252,6,67,67301,2013,1,6,1600,16,1,4,5,4,1, , ,N,0,0,0,3,0,2,4,2,N, ,40 06:11.833,75 01:34.302,1611, ,1611, ,0, , , ,0, , , , , ,527054, , , ,2,1,0,0,0,0,1,0,0,0,1,0,2,1,0,0,0,0,0,0,0,0,0,0,0,0,0,0,0,0,0,0,0,0,0,3,0,40.1033,-75.0262, , 
 ,47338,2013036251,6,67,67301,2013,3,3,1150,11,1,2,1,7,2, , ,N,0,0,0,3,0,1,1,1,N,N,40 01:12.152,75 09:02.570,1152, ,1152,1,2,2,N, ,0,N, , , , ,527066, , , ,1,0,0,0,0,0,1,0,0,0,0,0,1,1,0,0,0,0,0,0,0,0,0,0,0,0,0,0,0,0,0,0,0,0,0,8,0,40.02,-75.1507, , 
 ,47339,2013036792,6,67,67301,2013,3,6,1755,17,1,1,0,1,1, , ,N,0,0,0,3,0,0,2,2,N,N,39 57:02.958,75 10:58.728,1803, ,1755,1,2,4,N, ,0,N, , , , ,527068, , , ,2,1,0,0,0,0,1,0,0,0,0,0,0,0,0,0,0,0,0,0,0,0,0,0,0,0,0,0,0,0,0,0,0,0,0,0,0,39.9509,-75.183, , 
 ,47340,2013037425,6,67,67301,2013,3,3,720,7,1,2,1,4,1, , ,N,1,2,0,3,0,1,3,2,N,N,40 04:08.025,75 10:54.330,801, ,758, ,0, ,N, ,3, , , , , ,527069, , , ,2,1,0,0,0,0,1,0,0,0,0,1,1,0,0,0,0,0,0,0,0,0,0,0,0,0,0,0,0,0,0,0,0,0,0,4,0,40.0689,-75.1818, , 
 ,47341,2013016193,6,67,67301,2013,1,2,1756,17,3,1,0,8,1, , ,N,0,0,0,3,0,1,2,2,N,N,40 03:20.304,74 59:57.750,1759, ,1756,1,2,6,N, ,0,Y, , , , ,527099, , , ,1,1,0,0,0,0,0,0,0,0,0,1,1,0,0,0,0,0,0,0,0,1,0,0,0,0,0,0,0,0,0,0,1,0,0,4,0,40.0556,-74.9994, , 
 ,47342,2013024877,6,67,67301,2013,2,6,9999,99,1,1,0,1,1, , ,N,1,2,0,3,0,2,3,2,N,N,39 59:53.714,75 07:38.470,2015, ,2015, ,0, ,N, ,3, , , , , ,527103, , , ,2,0,0,0,0,0,2,0,0,0,0,0,2,2,0,0,0,0,0,0,0,0,0,0,0,0,0,0,0,0,0,0,0,0,0,8,0,39.9983,-75.1274, , 
 ,47343,2013029687,6,67,67301,2013,2,3,1539,15,1,1,0,8,1, , ,N,1,3,0,3,0,1,2,2,N,N,39 55:07.431,75 09:55.897,1619, ,1610, ,0, ,N, ,3, , , , , ,527106, , , ,1,0,0,0,1,0,0,0,0,0,0,1,1,0,0,0,0,0,0,0,0,0,0,0,0,0,0,0,0,0,0,0,1,0,0,4,0,39.9187,-75.1655, , 
 ,47344,2013011212,6,67,67301,2013,1,4,1834,18,3,1,0,1,1, , ,N,0,2,0,3,0,2,4,2,N,N,39 53:44.041,75 14:00.451,1845, ,1841, ,0, ,N, ,3, , , , , ,527144, , , ,2,2,0,0,0,0,0,0,0,0,0,2,2,0,0,0,0,0,0,0,0,0,0,0,0,0,0,0,0,0,0,0,0,0,0,4,0,39.8956,-75.2335, , 
 ,47345,2013022309,6,67,67301,2013,1,2,2350,23,3,1,1,4,1, , ,N,1,3,0,3,0,3,4,5,N,N,39 56:52.447,75 12:49.931,2351, ,2351,3,2,7, , ,3,Y, , , , ,527158, , , ,5,5,0,0,0,0,0,0,0,1,1,0,3,1,1,0,0,0,0,0,0,0,0,0,0,0,0,0,0,0,0,0,0,0,0,2,0,39.9479,-75.2139, , 
 ,47346,2013043439,6,67,67301,2013,3,5,1205,12,1,1,0,4,1, , ,N,0,0,0,3,0,1,3,3,N,N,39 57:13.921,75 11:16.897,1215, ,1214, ,0, ,N, ,0, , , , , ,527179, , , ,3,1,0,0,0,1,1,0,0,0,0,1,1,0,0,0,0,0,0,0,0,0,0,0,0,0,0,0,0,0,0,0,0,0,0,4,1,39.9539,-75.188, , 
 ,47347,2013047265,6,67,67301,2013,4,6,1647,16,1,1,0,1,1, , ,N,0,0,0,3,0,1,4,2,N,N,40 05:51.741,75 00:41.781,1652, ,1647, ,0, ,N, ,0, , , , , ,527184, , , ,2,1,0,0,0,0,1,0,0,0,0,1,1,0,0,0,0,0,0,0,0,0,0,0,0,0,0,0,0,0,0,0,0,0,0,4,0,40.0977,-75.0116, , 
 ,47348,2013050305,6,67,67301,2013,3,6,850,8,1,1,0,8,1, , ,N,1,2,0,3,0,2,3,3,N, ,40 01:17.655,75 07:27.663,856, ,855, ,0, , , ,3, , , , , ,527185, , , ,1,1,0,0,0,0,0,0,0,0,0,2,2,0,1,0,0,0,0,0,0,0,0,0,0,0,0,0,0,0,0,0,2,0,0,4,0,40.0216,-75.1244, , 
 ,47349,2013045882,6,67,67301,2013,5,5,1058,10,1,1,0,8,1, , ,N,1,2,0,3,0,1,2,2,N,N,39 58:43.287,75 09:28.532,1058, ,1058, ,0, ,N, ,3, , , , , ,514987, , , ,1,1,0,0,0,0,0,0,0,0,0,1,1,0,0,0,0,1,0,0,0,0,0,1,0,0,0,0,0,0,0,0,1,0,0,4,0,39.9787,-75.1578, , 
 ,47350,2013046309,6,67,67301,2013,4,6,1000,10,1,1,0,8,1, , ,N,0,0,0,3,0,1,2,2,N,N,39 57:23.466,75 09:45.844,1030, ,1014, ,0, ,N, ,0, , , , , ,514989, , , ,1,0,0,0,0,0,0,1,0,0,0,0,1,1,0,0,0,0,0,0,0,1,0,1,0,0,0,0,0,0,0,0,1,0,0,8,0,39.9566,-75.1627, , 
 ,47351,2013016219,6,67,67301,2013,1,3,1625,16,1,1,0,8,1, , ,N,1,2,0,3,0,1,2,2,N,N,40 00:00.478,75 07:43.960,1703, ,1657, ,0, , , ,3, , , , , ,515002, , , ,1,0,0,0,0,0,1,0,0,0,0,1,1,0,0,0,0,0,0,0,0,0,0,0,0,0,0,0,0,0,0,0,1,0,0,4,0,40.0001,-75.1289, , 
 ,47352,2013024899,6,67,67301,2013,2,1,329,3,3,4,3,7,5, , ,N,0,0,0,3,0,0,1,1,N, ,39 56:10.665,75 13:08.684,436, ,436, ,0, ,N, ,0, , , , , ,515012, , , ,1,1,0,0,0,0,0,0,0,0,0,0,0,0,1,0,0,0,0,0,0,0,0,0,0,0,0,0,0,0,0,0,0,0,0,9,0,39.9363,-75.2191, , 
 ,47353,2013039911,6,67,67301,2013,4,1,1256,12,1,1,0,7,4, , ,N,0,0,2,3,0,1,2,1,N,N,39 57:31.638,75 10:49.001,1309, ,1303, ,0, ,N, ,0, , , , , ,515019, , , ,1,1,0,0,0,0,0,0,0,0,0,0,1,1,0,0,0,0,0,0,0,0,0,0,0,0,0,0,0,0,0,0,0,0,0,8,0,39.9588,-75.1803, , 
 ,47354,2013011998,6,67,67301,2013,1,7,930,9,1,1,0,5,1, , ,N,0,0,0,3,0,1,4,2,N,N,40 02:14.586,75 02:41.658,936, ,935, ,0, ,N, ,0, , , , , ,515051, , , ,2,0,0,0,0,1,0,1,0,0,0,1,1,0,0,0,0,0,0,0,0,0,0,2,0,0,0,0,0,0,0,0,0,0,0,4,1,40.0374,-75.0449, , 
 ,47355,2013027408,6,67,67301,2013,2,7,233,2,3,2,1,5,1, , ,N,0,0,0,3,0,0,2,2,N,N,39 58:38.514,75 12:01.726,245, ,240, ,0, ,N, ,0, , , , , ,515065, , , ,2,1,0,0,0,0,0,0,0,0,0,0,0,0,1,0,0,0,0,0,0,0,0,0,0,0,0,0,0,0,0,0,0,0,0,9,0,39.9774,-75.2005, , 
 ,47356,2013044129,6,67,67301,2013,3,6,1519,15,1,1,0,4,1, , ,N,0,0,0,3,0,1,2,2,N,N,39 57:04.773,75 11:58.603,1521, ,1519,9,1,4, , ,0,N, , , , ,515081, , , ,2,2,0,0,0,0,0,0,0,0,0,1,1,0,0,0,0,0,0,0,0,0,0,0,0,0,0,0,0,0,0,0,0,0,0,4,0,39.9513,-75.1996, , 
 ,47357,2013007308,6,67,67301,2013,1,3,1615,16,1,1,0,4,1, , ,N,2,3,0,3,0,2,7,2,N, ,40 01:30.201,75 05:04.595,1624, ,1624,1,1,2, , ,3,N, , , , ,515093, , , ,2,2,0,0,0,0,0,0,0,0,0,0,2,2,0,0,0,0,0,0,0,0,0,0,0,0,0,0,0,0,0,0,0,0,0,8,0,40.0251,-75.0846, , 
 ,47358,2013020685,6,46,46102,2013,2,1,1611,16,1,1,0,1,1, , ,N,2,3,0,3,0,4,9,4,N,N,40 03:58.293,75 05:30.995,1613, ,1611, ,0, ,N, ,3, , , , , ,515104, , , ,4,2,0,0,1,0,1,0,0,0,1,3,4,0,0,1,1,0,0,0,1,0,0,0,0,0,0,0,0,0,0,0,0,0,0,3,0,40.0662,-75.0919, , 
 ,47359,2013023501,6,67,67301,2013,1,1,400,4,3,1,0,1,6, , ,N,0,0,0,3,0,0,2,4,N,N,40 02:56.173,75 08:04.365,410, ,406, ,0, ,N, ,0, , , , , ,515108, , , ,4,3,0,0,0,0,1,0,0,0,0,0,0,0,0,0,0,0,0,0,0,0,0,0,0,0,0,0,0,0,0,0,0,0,0,0,0,40.0489,-75.1345, , 
 ,47360,2013030114,6,67,67301,2013,2,5,700,7,1,1,1,4,1, , ,N,1,3,0,3,0,3,4,2,N,N,40 01:23.484,75 07:27.893,708, ,706, ,0, ,N, ,3, , , , , ,515112, , , ,2,2,0,0,0,0,0,0,0,0,0,0,3,3,0,0,0,0,0,0,0,0,0,0,0,0,0,0,0,0,0,0,0,0,0,8,0,40.0232,-75.1244, , 
 ,47361,2013035027,6,67,67301,2013,3,4,1844,18,3,2,1,8,1, , ,N,1,3,0,3,0,1,2,2,N,N,40 04:23.073,75 09:50.047,1919, ,1905, ,0, ,N, ,3, , , , , ,515120, , , ,1,1,0,0,0,0,0,0,0,0,0,0,1,1,0,0,0,0,0,0,1,0,0,0,0,0,0,0,0,0,0,0,1,0,0,8,0,40.0731,-75.1639, , 
 ,47362,2013024979,6,67,67301,2013,1,5,1315,13,1,1,0,4,1, , ,N,2,0,0,3,0,0,2,2,N, ,39 58:55.872,75 12:52.614,1338, ,1325, ,0, , , ,0, , , , , ,515161, , , ,2,2,0,0,0,0,0,0,0,0,0,0,0,0,2,0,0,0,0,0,0,1,1,0,0,0,0,0,0,0,0,0,0,0,0,9,0,39.9822,-75.2146, , 
 ,47363,2013026922,6,67,67301,2013,2,3,2040,20,3,1,1,8,1, , ,N,1,2,0,3,0,1,2,2,N,N,40 04:07.262,75 09:24.365,2047, ,2042, ,0, ,N, ,3, , , , , ,515163, , , ,1,0,0,0,1,0,0,0,0,0,0,0,1,1,0,0,0,0,0,0,0,0,0,0,0,0,0,0,0,0,0,0,1,0,0,8,0,40.0687,-75.1568, , 
 ,47364,2013046276,6,67,67301,2013,4,3,900,9,1,1,0,4,1, , ,N,2,3,0,3,0,1,2,2,N,N,39 58:39.345,75 09:38.332,911, ,911, ,0, ,N, ,3, , , , , ,515185, , , ,2,2,0,0,0,0,0,0,0,0,0,1,1,0,0,0,0,0,0,0,0,0,0,0,0,0,0,0,0,0,0,0,0,0,0,4,0,39.9776,-75.1606, , 
 ,47365,2013029654,6,67,67301,2013,2,1,1815,18,3,1,0,4,2, , ,N,0,0,0,3,0,1,1,3,N,N,40 01:48.230,75 07:21.061,1820, ,1815,1,1,2,N, ,0,Y, , , , ,515211, , , ,3,2,0,0,0,0,0,1,0,0,1,0,1,0,0,0,0,0,0,0,0,0,0,0,0,0,0,0,0,0,0,0,0,0,0,3,0,40.0301,-75.1225, , 
 ,47366,2013032436,6,67,67301,2013,2,7,230,2,3,2,1,8,1, , ,N,1,2,0,3,0,1,2,2,N,N,39 57:06.318,75 12:11.069,233, ,232,1,1,6,N, ,3,N, , , , ,515215, , , ,1,0,0,0,0,0,1,0,0,0,0,0,1,1,0,0,0,0,0,0,0,0,0,0,0,0,0,0,0,0,0,0,1,0,0,8,0,39.9518,-75.2031, , 
 ,47367,2013026963,6,67,67301,2013,2,7,1300,13,1,1,1,4,1, , ,N,1,2,0,3,0,1,4,2,N,N,39 59:10.276,75 10:04.717,1309, ,1300, ,0, ,N, ,3, , , , , ,518919, , , ,2,1,0,0,0,0,0,1,0,0,0,0,1,1,0,0,0,0,0,0,1,1,0,0,0,0,0,0,0,0,0,0,0,0,0,8,0,39.9862,-75.168, , 
 ,47368,2013032951,6,67,67301,2013,2,6,2220,22,3,4,4,4,1, , ,N,0,0,0,3,0,1,2,2,N,N,40 01:52.661,75 01:18.451,2230, ,2223, ,0, , , ,0, , , , , ,518927, , , ,2,1,0,0,1,0,0,0,0,0,0,1,1,0,0,0,0,0,0,0,1,0,0,0,0,0,0,0,0,0,0,0,0,0,0,4,0,40.0313,-75.0218, , 
 ,47369,2013035286,6,67,67301,2013,2,7,1017,10,1,2,1,7,4, , ,N,0,0,0,3,0,0,1,1,N,N,40 01:46.078,75 11:18.601,1025, ,1018,1,2,4,N, ,0,N, , , , ,518931, , , ,1,0,0,0,0,0,1,0,0,0,0,0,0,0,0,0,0,0,0,1,0,0,0,0,0,0,0,0,0,0,0,0,0,0,0,0,0,40.0295,-75.1885, , 
 ,47370,2013037436,6,67,67301,2013,3,6,1520,15,1,1,0,1,1, , ,N,0,0,0,3,0,1,2,2,N,N,39 58:33.135,75 09:30.281,1535, ,1530, ,0, , , ,0, , , , , ,518933, , , ,2,1,0,0,1,0,0,0,0,0,0,0,1,1,0,0,0,0,0,0,1,0,1,0,0,0,0,0,0,0,0,0,0,0,0,8,0,39.9759,-75.1584, , 