wz_ln_closure,objectid_1,crn,district,county,municipality,crash_year,crash_month,day_of_week,time_of_day,hour_of_day,illumination,weather,road_condition,collision_type,relation_to_road,work_zone_type,work_zone_loc,work_zone_ind,intersect_type,tcd_type,location_type,urban_rural,fatal_count,injury_count,person_count,total_units,sch_bus_ind,sch_zone_ind,latitude,longitude,arrival_tm,cons_zone_spd_lim,dispatch_tm,est_hrs_closed,lane_closed,ln_close_dir,ntfy_hiwy_maint,spec_juris_cd,tcd_func_cd,tfc_detour_ind,workers_pres,wz_close_detour,wz_flagger,wz_law_offcr_ind,objectid,wz_moving,wz_other,wz_shlder_mdn,vehicle_count,automobile_count,motorcycle_count,bus_count,small_truck_count,heavy_truck_count,suv_count,van_count,bicycle_count,maj_inj_count,mod_inj_count,min_inj_count,tot_inj_count,unk_inj_deg_count,unk_inj_per_count,driver_count_16yr,driver_count_17yr,driver_count_18yr,driver_count_19yr,driver_count_20yr,driver_count_50_64yr,driver_count_65_74yr,driver_count_75plus,unbelted_occ_count,unb_death_count,unb_maj_inj_count,belted_death_count,belted_maj_inj_count,mcycle_death_count,mcycle_maj_inj_count,bicycle_death_count,bicycle_maj_inj_count,ped_count,ped_death_count,ped_maj_inj_count,max_severity_level,comm_veh_count,dec_lat,dec_long,rdwy_surf_type_cd,county_name
 ,47371,2013035644,6,67,67301,2013,2,3,35,0,3,1,0,1,1, , ,N,1,2,0,3,0,1,2,2,N, ,39 56:43.954,75 09:54.099,39, ,36,9,1,2, , ,3,Y, , , , ,518973, , , ,2,1,0,0,0,0,0,1,0,0,0,1,1,0,0,0,0,0,0,0,1,0,0,0,0,0,0,0,0,0,0,0,0,0,0,4,0,39.9456,-75.165, , 
 ,47372,2013041322,6,67,67301,2013,3,4,1740,17,1,1,0,7,3, , ,N,0,0,0,3,0,1,5,1,N, ,40 05:17.071,75 02:36.109,1750, ,1745,1,1,1, , ,0,N, , , , ,518976, , , ,1,1,0,0,0,0,0,0,0,0,0,0,1,1,0,0,0,0,0,0,0,0,0,1,0,0,0,0,0,0,0,0,0,0,0,8,0,40.0881,-75.0434, , 
 ,47373,2013043403,6,67,67301,2013,3,7,1425,14,1,1,0,6,1, , ,N,0,0,0,3,0,1,4,2,N,N,39 58:44.789,75 10:13.595,1432, ,1430, ,0, ,N, ,0, , , , , ,518979, , , ,2,0,0,1,1,0,0,0,0,0,0,1,1,0,0,0,0,0,0,0,1,0,0,0,0,0,0,0,0,0,0,0,0,0,0,4,1,39.9791,-75.1704, , 
 ,47374,2013032508,6,67,67301,2013,2,7,1715,17,4,1,0,7,5, , ,N,0,0,0,3,0,1,1,1,N,N,39 58:21.865,75 15:18.359,1731, ,1730, ,0, ,N, ,0, , , , , ,519011, , , ,1,1,0,0,0,0,0,0,0,0,0,1,1,0,0,0,1,0,0,0,0,0,0,0,0,0,0,0,0,0,0,0,0,0,0,4,0,39.9727,-75.2551, , 
 ,47375,2013043411,6,67,67301,2013,3,2,1500,15,1,2,1,4,1, , ,N,1,2,0,3,0,0,2,2,N,N,39 57:48.112,75 11:14.766,1507, ,1505, ,0, ,N, ,3, , , , , ,519026, , , ,2,2,0,0,0,0,0,0,0,0,0,0,0,0,0,0,0,0,0,0,0,0,0,1,0,0,0,0,0,0,0,0,0,0,0,0,0,39.9634,-75.1875, , 
 ,47376,2013050096,6,67,67301,2013,5,2,1819,18,1,1,0,5,1, , ,N,0,0,0,3,0,1,3,3,N,N,39 58:45.810,75 06:27.818,1839, ,1827, ,0, ,N, ,0, , , , , ,519033, , , ,3,3,0,0,0,0,0,0,0,0,0,0,1,1,1,0,0,0,0,0,1,0,0,0,0,0,0,0,0,0,0,0,0,0,0,8,0,39.9794,-75.1079, , 
 ,47377,2013053408,6,67,67301,2013,5,2,845,8,1,1,0,7,3, , ,N,0,0,0,3,0,1,1,1,N,N,39 55:23.747,75 08:50.589,852, ,846,1,1,1,N, ,0,N, , , , ,519037, , , ,1,1,0,0,0,0,0,0,0,0,0,0,1,1,0,0,0,0,0,0,0,0,0,0,0,0,0,0,0,0,0,0,0,0,0,8,0,39.9232,-75.1474, , 
 ,47378,2013016216,6,67,67301,2013,1,1,255,2,3,5,1,1,1, , ,N,0,0,7,3,0,1,4,2,N,N,40 02:08.335,75 03:59.786,302, ,300,9,1,1,N, ,0,N, , , , ,519049, , , ,2,1,0,0,0,0,1,0,0,0,0,1,1,0,0,0,0,0,0,0,0,0,0,0,0,0,0,0,0,0,0,0,0,0,0,4,0,40.0356,-75.0666, , 
 ,47379,2013035102,6,67,67301,2013,3,6,245,2,3,1,0,4,1, , ,N,1,2,0,3,0,3,7,2,N, ,39 57:25.376,75 14:45.124,249, ,247, ,0, , , ,3, , , , , ,519070, , , ,2,1,0,0,0,0,0,1,0,0,0,0,3,3,0,0,0,0,0,0,0,0,0,0,0,0,0,0,0,0,0,0,0,0,0,8,0,39.957,-75.2459, , 
 ,47380,2013041273,6,67,67301,2013,3,7,442,4,3,1,0,7,2, , ,N,0,0,0,3,0,0,1,1,N,N,40 05:12.975,74 58:15.665,450, ,442, ,0, ,Y, ,0, , , , , ,519077, , , ,1,0,0,0,0,0,1,0,0,0,0,0,0,0,0,0,0,0,0,0,0,0,0,0,0,0,0,0,0,0,0,0,0,0,0,0,0,40.0869,-74.971, , 
 ,47381,2013048448,6,67,67301,2013,5,5,1040,10,1,1,0,1,1, , ,N,0,2,0,3,0,1,2,2,N,N,39 55:40.679,75 10:07.809,1042, ,1040, ,0, ,N, ,3, , , , , ,519085, , , ,2,1,1,0,0,0,0,0,0,0,0,1,1,0,0,0,0,0,0,0,0,0,0,1,0,0,0,0,0,0,0,0,0,0,0,4,0,39.9281,-75.1688, , 
 ,47382,2013024987,6,67,67301,2013,1,3,9999,99,1,1,0,2,1, , ,N,1,2,0,3,0,2,4,2,N,N,40 00:27.502,75 07:38.377,712, ,708, ,0, ,N, ,3, , , , , ,519101, , , ,2,2,0,0,0,0,0,0,0,0,0,2,2,0,0,0,0,0,0,0,1,0,0,0,0,0,0,0,0,0,0,0,0,0,0,4,0,40.0076,-75.1276, , 
 ,47383,2013044094,6,67,67301,2013,3,1,1213,12,1,1,0,4,1, , ,N,1,3,0,3,0,3,5,4,N,N,39 58:21.021,75 09:36.266,1219, ,1215, ,0, ,N, ,3, , , , , ,519118, , , ,4,3,0,0,0,0,0,1,0,0,0,0,3,3,0,0,0,0,1,0,0,0,0,0,0,0,0,0,0,0,0,0,0,0,0,8,0,39.9725,-75.1601, , 
 ,47384,2013053549,6,67,67301,2013,4,3,843,8,1,1,0,4,1, , ,N,1,3,0,3,0,2,2,2,N, ,40 01:37.478,75 05:21.466,849, ,843,9,1,3, , ,3,N, , , , ,519130, , , ,2,2,0,0,0,0,0,0,0,0,1,1,2,0,0,0,0,0,0,0,1,0,0,0,0,0,0,0,0,0,0,0,0,0,0,3,0,40.0272,-75.0892, , 
 ,47385,2013061058,6,67,67301,2013,3,1,301,3,3,1,0,7,2, , ,N,7,0,2,3,0,2,3,2,N,N,39 56:21.493,75 08:37.679,301, ,301,1,2,2,N, ,0,N, , , , ,523088, , , ,1,1,0,0,0,0,0,0,0,0,0,0,2,2,0,0,0,0,0,0,0,0,0,3,0,0,0,0,0,0,0,0,0,0,0,8,0,39.9407,-75.1435, , 
 ,47386,2013012048,6,67,67301,2013,1,5,1150,11,1,1,0,5,1, , ,N,0,0,0,3,0,2,4,4,N,N,39 57:11.249,75 09:40.324,1215, ,1210,3,2,4,N, ,0,N, , , , ,523095, , , ,2,0,0,0,0,0,1,1,0,0,0,0,2,2,0,0,0,0,0,0,0,0,0,2,0,0,0,0,0,0,0,0,2,0,0,8,0,39.9531,-75.1612, , 
 ,47387,2013035072,6,67,67301,2013,3,3,9999,99,3,1,0,1,1, , ,N,0,0,0,3,0,0,4,2,N, ,39 58:51.297,75 16:02.961,2140, ,2135, ,0, , , ,0, , , , , ,523113, , , ,2,1,0,0,0,0,0,1,0,0,0,0,0,0,0,0,0,1,0,0,1,0,0,1,0,0,0,0,0,0,0,0,0,0,0,0,0,39.9809,-75.2675, , 
 ,47388,2013035097,6,67,67301,2013,3,7,225,2,3,1,0,5,2, , ,N,0,0,0,3,0,0,1,2,N,N,40 02:33.016,75 07:43.552,251, ,251, ,0, ,N, ,0, , , , , ,523114, , , ,2,0,0,0,1,0,0,1,0,0,0,0,0,0,0,0,0,0,0,0,0,0,0,0,0,0,0,0,0,0,0,0,0,0,0,0,0,40.0425,-75.1288, , 
 ,47389,2013046380,6,67,67301,2013,4,3,1850,18,1,1,0,8,1, , ,N,0,0,0,3,0,1,2,2,N,N,39 58:30.500,75 10:26.767,2050, ,2035, ,0, ,N, ,0, , , , , ,523126, , , ,1,1,0,0,0,0,0,0,0,0,1,0,1,0,0,0,0,0,0,0,0,0,0,0,0,0,0,0,0,0,0,0,1,0,0,3,0,39.9751,-75.1741, , 
 ,47390,2013055834,6,67,67301,2013,4,7,734,7,1,7,0,4,7, , ,N,2,2,0,3,0,2,2,2,N,N,40 03:47.120,75 03:05.897,745, ,740,3,2,1,N, ,3,Y, , , , ,523132, , , ,2,0,0,0,1,0,1,0,0,0,2,0,2,0,0,0,0,0,0,0,2,0,0,0,0,0,0,0,0,0,0,0,0,0,0,3,0,40.0631,-75.0516, , 
 ,47391,2013025025,6,67,67301,2013,2,6,1500,15,1,1,0,1,1, , ,N,0,0,0,3,0,1,2,2,N,N,40 06:01.490,75 01:21.732,1540, ,1535, ,0, ,N, ,0, , , , , ,523155, , , ,2,1,0,0,0,0,1,0,0,0,0,1,1,0,0,0,1,0,0,0,1,0,0,0,0,0,0,0,0,0,0,0,0,0,0,4,0,40.1004,-75.0227, , 
 ,47392,2013062577,6,67,67301,2013,5,6,800,8,1,1,1,4,1, , ,N,1,0,0,3,0,1,2,2,N, ,40 01:04.364,75 11:07.868,812, ,808, ,0, , , ,0, , , , , ,523182, , , ,1,0,0,0,0,0,1,0,1,0,0,1,1,0,0,0,0,0,0,0,1,0,0,0,0,0,0,0,0,0,0,0,0,0,0,4,0,40.0179,-75.1855, , 
 ,47393,2013065577,6,67,67301,2013,5,1,129,1,3,1,0,5,6, , ,N,0,0,0,3,0,0,3,4,N,N,39 57:29.211,75 14:51.623,9999, ,129, ,0, ,N, ,0, , , , , ,523185, , , ,4,1,0,0,0,0,2,1,0,0,0,0,0,0,0,0,0,0,0,0,0,0,0,0,0,0,0,0,0,0,0,0,0,0,0,0,0,39.9581,-75.2477, , 
 ,47394,2013002857,6,67,67301,2013,1,2,1344,13,1,1,0,7,2, , ,N,0,0,0,3,0,0,1,1,N,N,39 55:34.027,75 08:48.351,1357, ,1349, ,0, ,N, ,0, , , , , ,523188, , , ,1,0,0,0,0,0,0,0,0,0,0,0,0,0,0,0,0,0,0,0,0,0,0,0,0,0,0,0,0,0,0,0,0,0,0,0,0,39.926,-75.1468, , 
 ,47395,2013037485,6,67,67301,2013,3,3,648,6,3,2,1,4,1, , ,N,1,2,0,3,0,0,2,2,N,N,40 01:48.790,75 05:17.559,700, ,653,1,1,2,N, ,3,N, , , , ,523214, , , ,2,2,0,0,0,0,0,0,0,0,0,0,0,0,0,0,0,0,0,0,1,0,0,0,0,0,0,0,0,0,0,0,0,0,0,0,0,40.0302,-75.0882, , 
 ,47396,2013053930,6,67,67301,2013,5,4,1640,16,1,1,0,1,1, , ,N,0,0,0,3,0,0,4,2,N,N,39 58:45.622,75 06:28.506,1647, ,1644,1,1,1,N, ,0,N, , , , ,523229, , , ,2,1,0,0,0,0,1,0,0,0,0,0,0,0,0,0,0,0,0,0,0,0,0,0,0,0,0,0,0,0,0,0,0,0,0,0,0,39.9793,-75.1081, , 
 ,47397,2013011718,6,67,67301,2013,1,2,2311,23,3,1,1,7,2, , ,N,0,0,0,3,0,0,1,1,N,N,39 58:28.516,75 11:39.646,2325, ,2323,1,1,3,N, ,0,N, , , , ,523244, , , ,1,1,0,0,0,0,0,0,0,0,0,0,0,0,1,0,0,0,0,0,0,0,0,1,0,0,0,0,0,0,0,0,0,0,0,9,0,39.9746,-75.1943, , 
 ,47398,2013035147,6,67,67301,2013,3,4,9999,99,1,2,1,4,1, , ,N,1,3,0,3,0,0,2,2,Y,N,39 59:20.029,75 08:23.819,9999, ,1318, ,0, ,N, ,3, , , , , ,523267, , , ,2,1,0,1,0,0,0,0,0,0,0,0,0,0,0,0,0,0,0,0,1,0,0,0,0,0,0,0,0,0,0,0,0,0,0,0,1,39.9889,-75.1399, , 
 ,47399,2013047316,6,67,67301,2013,4,2,915,9,1,1,0,7,5, , ,N,1,0,0,3,0,0,1,1,N,N,39 58:34.996,75 11:01.280,920, ,917, ,0, ,N, ,0, , , , , ,523278, , , ,1,0,0,0,0,0,1,0,0,0,0,0,0,0,0,0,0,0,0,0,1,0,0,0,0,0,0,0,0,0,0,0,0,0,0,0,0,39.9764,-75.1837, , 
U,47400,2013024984,6,67,67301,2013,2,7,6,0,3,1,0,1,6,8,8,Y,0,0,0,3,0,0,1,3,N,N,40 02:13.938,75 08:56.961,18,99,16,1,1,1,N, ,0,Y,U,U,U,U,523294,U,U,U,3,2,0,0,0,0,1,0,0,0,0,0,0,0,0,0,0,0,1,0,0,0,0,0,0,0,0,0,0,0,0,0,0,0,0,0,0,40.0372,-75.1492, , 
 ,47401,2013032449,6,67,67301,2013,2,3,2140,21,3,1,0,4,1, , ,N,1,3,0,3,0,1,2,2,N,N,39 59:30.796,75 09:04.179,2149, ,2147, ,0, , , ,3, , , , , ,523297, , , ,2,1,0,0,0,0,0,0,0,0,0,1,1,0,0,0,0,0,0,0,0,0,0,1,0,0,0,0,0,0,0,0,0,0,0,4,0,39.9919,-75.1512, , 
 ,47402,2013032457,6,67,67301,2013,2,1,450,4,3,1,0,1,6, , ,N,0,0,0,3,0,0,1,3,N, ,39 57:06.417,75 11:01.723,454, ,454, ,0, , , ,0, , , , , ,523298, , , ,3,2,0,0,0,0,1,0,0,0,0,0,0,0,0,0,0,0,0,0,0,0,0,0,0,0,0,0,0,0,0,0,0,0,0,0,0,39.9518,-75.1838, , 
 ,47403,2013035000,6,67,67301,2013,2,4,1549,15,1,1,0,1,1, , ,N,1,4,0,3,0,1,2,2,N,N,39 54:14.563,75 14:24.409,1630, ,1622, ,0, ,N, ,3, , , , , ,523299, , , ,2,0,0,0,1,0,1,0,0,0,0,1,1,0,0,0,0,0,0,0,0,1,0,0,0,0,0,0,0,0,0,0,0,0,0,4,0,39.904,-75.2401, , 
 ,47404,2013047314,6,67,67301,2013,4,4,1223,12,1,1,0,5,1, , ,N,2,3,0,3,0,2,3,2,N,N,39 55:15.736,75 11:01.773,1235, ,1225, ,0, ,N, ,3, , , , , ,528000, , , ,2,2,0,0,0,0,0,0,0,0,0,2,2,0,0,0,0,0,0,0,1,0,0,0,0,0,0,0,0,0,0,0,0,0,0,4,0,39.921,-75.1838, , 
 ,47405,2013057009,6,67,67301,2013,6,1,1440,14,1,1,0,1,1, , ,N,0,0,0,3,0,0,2,2,N,N,39 55:54.605,75 08:43.740,1518, ,1502, ,0, ,N, ,0, , , , , ,528007, , , ,2,1,0,0,0,0,1,0,0,0,0,0,0,0,0,0,0,0,0,0,0,0,0,0,0,0,0,0,0,0,0,0,0,0,0,0,0,39.9317,-75.1455, , 
 ,47406,2013050220,6,67,67301,2013,4,2,1521,15,1,1,0,4,1, , ,N,2,3,0,3,0,1,2,2,N,N,39 57:47.866,75 11:17.165,1537, ,1531, ,0, ,N, ,3, , , , , ,528033, , , ,1,0,0,0,1,0,0,0,1,0,0,1,1,0,0,0,0,0,0,0,0,0,0,0,0,0,0,0,0,0,0,0,0,0,0,4,0,39.9633,-75.1881, , 
 ,47407,2013053092,6,67,67301,2013,4,4,2200,22,3,1,0,1,1, , ,N,0,0,0,3,0,3,4,2,N, ,39 57:13.813,75 09:16.548,2214, ,2212, ,0, , , ,0, , , , , ,528037, , , ,2,2,0,0,0,0,0,0,0,0,0,3,3,0,0,0,0,0,0,0,0,0,0,0,0,0,0,0,0,0,0,0,0,0,0,4,0,39.9538,-75.1546, , 
 ,47408,2013037382,6,67,67301,2013,3,7,1408,14,1,2,1,4,1, , ,N,0,0,0,3,0,2,2,2,N, ,39 58:39.292,75 11:37.720,1425, ,1418,1,1,5, , ,0,N, , , , ,528081, , , ,2,2,0,0,0,0,0,0,0,0,0,0,2,2,0,0,0,0,0,0,0,0,0,0,0,0,0,0,0,0,0,0,0,0,0,8,0,39.9776,-75.1938, , 
 ,47409,2013045358,6,67,67301,2013,3,4,2123,21,3,1,0,4,1, , ,N,1,3,0,3,0,0,3,2,N,N,39 55:08.846,75 13:36.014,2127, ,2123, ,0, ,N, ,3, , , , , ,528090, , , ,2,2,0,0,0,0,0,0,0,0,0,0,0,0,0,0,0,0,0,0,0,0,0,0,0,0,0,0,0,0,0,0,0,0,0,0,0,39.9191,-75.2266, , 
 ,47410,2013047270,6,67,67301,2013,4,4,2014,20,3,1,0,4,1, , ,N,2,0,7,3,0,2,10,2,N,N,39 59:31.469,75 10:46.764,2017, ,2014, ,0, ,N, ,0, , , , , ,528091, , , ,2,1,0,1,0,0,0,0,0,0,0,0,2,2,0,0,0,0,0,0,0,1,0,0,0,0,0,0,0,0,0,0,0,0,0,8,1,39.9921,-75.1796, , 
 ,47411,2013047337,6,67,67301,2013,4,5,9999,99,1,1,0,8,1, , ,N,0,0,0,3,0,1,2,2,N,N,40 01:11.589,75 04:46.516,9999, ,1517, ,0, ,N, ,0, , , , , ,528092, , , ,1,1,0,0,0,0,0,0,0,0,0,0,1,1,0,0,0,0,0,0,1,0,0,0,0,0,0,0,0,0,0,0,1,0,0,8,0,40.0199,-75.0796, , 
 ,47412,2013050344,6,67,67301,2013,4,1,1510,15,1,1,0,8,1, , ,N,0,0,0,3,0,1,2,2,N,N,40 00:16.992,75 04:39.025,1545, ,1538, ,0, , , ,0, , , , , ,528096, , , ,1,1,0,0,0,0,0,0,0,0,0,1,1,0,0,0,0,0,0,0,0,0,0,0,0,0,0,0,0,0,0,0,1,0,0,4,0,40.0047,-75.0775, , 
 ,47413,2013053031,6,67,67301,2013,4,4,800,8,1,1,0,1,1, , ,N,7,0,2,3,0,1,2,2,N,N,40 00:58.180,75 12:16.051,809, ,807, ,0, , , ,0, , , , , ,528101, , , ,2,2,0,0,0,0,0,0,0,0,0,0,1,1,0,0,0,0,0,0,0,0,0,0,0,0,0,0,0,0,0,0,0,0,0,8,0,40.0162,-75.2045, , 
 ,47414,2013055310,6,67,67301,2013,5,4,1305,13,1,1,8,4,1, , ,N,1,2,0,3,0,2,6,2,N, ,39 58:53.796,75 08:40.041,1310, ,1306,1,1,2, , ,3,N, , , , ,528103, , , ,2,1,0,0,0,0,0,1,0,0,0,2,2,0,0,0,0,0,0,1,0,1,0,0,0,0,0,0,0,0,0,0,0,0,0,4,0,39.9816,-75.1445, , 
N,47415,2013007406,6,67,67301,2013,1,4,630,6,3,2,1,1,1,1,4,Y,0,0,0,3,0,2,2,2,N,N,39 58:05.953,75 07:45.044,638,45,632,1,1,1,N, ,0,N,N,N,N,N,528106,N,N,Y,2,0,0,0,0,0,2,0,0,0,0,2,2,0,0,0,0,0,0,0,0,1,0,0,0,0,0,0,0,0,0,0,0,0,0,4,0,39.9683,-75.1293, , 
 ,47416,2013006884,6,67,67301,2013,1,5,1602,16,1,1,0,4,1, , ,N,0,2,0,3,0,3,8,2,N,N,40 01:39.556,75 06:42.469,1605, ,1603,2,1,2,N, ,3,N, , , , ,528108, , , ,2,0,0,2,0,0,0,0,0,0,0,3,3,0,0,0,0,0,0,0,0,0,0,0,0,0,0,0,0,0,0,0,0,0,0,4,2,40.0277,-75.1118, , 
 ,47417,2013016428,6,67,67301,2013,1,4,37,0,3,1,0,7,7, , ,N,0,0,0,3,0,1,1,1,N,N,39 57:30.062,75 08:26.609,42, ,37,2,2,1,Y, ,0,Y, , , , ,528112, , , ,1,0,0,0,0,0,1,0,0,0,0,0,1,1,0,0,0,0,0,0,0,0,0,0,0,0,0,0,0,0,0,0,0,0,0,8,0,39.9582,-75.1407, , 
 ,47418,2013022270,6,67,67301,2013,1,6,9999,99,3,1,0,4,1, , ,N,1,2,0,3,0,0,3,2,N,N,40 05:04.029,75 02:18.148,1758, ,1751, ,0, ,N, ,3, , , , , ,528116, , , ,2,0,0,0,1,0,1,0,0,0,0,0,0,0,0,0,0,0,0,0,0,0,0,0,0,0,0,0,0,0,0,0,0,0,0,0,0,40.0845,-75.0384, , 
 ,47419,2013024936,6,67,67301,2013,1,4,1715,17,3,2,1,4,1, , ,N,0,0,0,3,0,0,2,2,N, ,39 56:00.312,75 08:44.419,1720, ,1716,1,1,2, , ,0,Y, , , , ,528119, , , ,2,2,0,0,0,0,0,0,0,0,0,0,0,0,0,0,0,0,0,0,1,0,0,0,0,0,0,0,0,0,0,0,0,0,0,0,0,39.9334,-75.1457, , 
 ,47420,2013032433,6,67,67301,2013,2,2,2231,22,3,1,0,8,1, , ,N,1,3,0,3,0,1,3,2,N,N,39 57:10.080,75 13:13.115,2236, ,2233,2,1,7,N, ,3,Y, , , , ,528128, , , ,1,0,0,0,0,0,1,0,0,0,0,1,1,0,0,0,0,0,0,0,0,0,0,0,0,0,0,0,0,0,0,0,1,0,0,4,0,39.9528,-75.2203, , 
 ,47421,2013047909,6,67,67301,2013,4,3,805,8,1,1,0,5,1, , ,N,0,0,0,3,0,1,2,2,N,N,39 58:47.844,75 06:20.579,816, ,807,2,1,5,N, ,0,N, , , , ,528140, , , ,2,1,0,0,0,1,0,0,0,0,1,0,1,0,0,0,0,0,0,0,1,0,0,0,0,0,0,0,0,0,0,0,0,0,0,3,1,39.9799,-75.1059, , 
 ,47422,2013053026,6,67,67301,2013,4,4,1236,12,1,1,0,8,6, , ,N,0,0,0,3,0,1,2,2,N, ,39 57:14.103,75 12:03.227,1236, ,1236, ,0, , , ,0, , , , , ,515232, , , ,1,1,0,0,0,0,0,0,0,0,0,1,1,0,0,0,0,0,0,0,0,0,0,0,0,0,0,0,0,0,0,0,1,0,0,4,0,39.9539,-75.2009, , 
 ,47423,2013010610,6,67,67301,2013,1,4,2216,22,3,1,0,5,1, , ,N,0,0,0,3,0,1,4,2,N,N,39 57:24.834,75 09:14.828,2227, ,2220,1,1,4,N, ,0,N, , , , ,515244, , , ,2,1,0,0,0,0,1,0,0,0,0,1,1,0,0,1,0,0,0,0,0,0,0,0,0,0,0,0,0,0,0,0,0,0,0,4,0,39.9569,-75.1541, , 
 ,47424,2013032496,6,67,67301,2013,2,1,1300,13,1,1,0,8,1, , ,N,1,2,0,3,0,1,2,2,N, ,39 57:16.822,75 11:40.080,1318, ,1316, ,0, , , ,3, , , , , ,515261, , , ,1,0,0,0,0,0,0,1,0,0,0,0,1,1,0,0,0,0,0,0,0,0,0,0,0,0,0,0,0,0,0,0,1,0,0,8,0,39.9547,-75.1945, , 
 ,47425,2013041372,6,67,67301,2013,3,5,950,9,1,1,0,4,1, , ,N,1,3,0,3,0,4,4,2,N,N,39 57:45.834,75 12:13.931,1000, ,958, ,0, ,N, ,3, , , , , ,515272, , , ,2,0,0,0,0,0,2,0,0,0,0,0,4,4,0,0,0,0,0,0,0,1,0,4,0,0,0,0,0,0,0,0,0,0,0,8,0,39.9627,-75.2039, , 
 ,47426,2013045362,6,67,67301,2013,3,2,909,9,1,1,0,4,1, , ,N,0,0,3,3,0,0,2,2,N,N,40 00:44.144,75 12:18.865,925, ,917,2,1,4,N, ,0,N, , , , ,515275, , , ,2,2,0,0,0,0,0,0,0,0,0,0,0,0,0,0,0,0,0,0,0,0,0,0,0,0,0,0,0,0,0,0,0,0,0,0,0,40.0123,-75.2052, , 
 ,47427,2013013048,6,67,67301,2013,1,2,618,6,3,1,0,9,1, , ,N,0,0,0,3,0,0,1,1,N,N,39 55:50.268,75 08:44.730,641, ,621, ,0, ,N, ,0, , , , , ,515290, , , ,1,1,0,0,0,0,0,0,0,0,0,0,0,0,0,0,0,0,0,0,0,0,0,0,0,0,0,0,0,0,0,0,0,0,0,0,0,39.9305,-75.1458, , 
 ,47428,2013037349,6,67,67301,2013,3,5,1525,15,1,1,0,1,1, , ,N,0,0,0,3,0,2,3,2,N,N,40 01:26.508,75 07:54.773,1553, ,1527, ,0, ,N, ,0, , , , , ,515309, , , ,2,1,0,0,0,0,0,1,0,0,0,0,2,2,0,0,0,0,0,0,0,0,0,0,0,0,0,0,0,0,0,0,0,0,0,8,0,40.024,-75.1319, , 
 ,47429,2013041965,6,67,67301,2013,3,3,9999,99,1,1,0,4,1, , ,N,1,3,0,3,0,1,2,2,N, ,39 55:05.952,75 10:19.837,1630, ,1616, ,0, , , ,3, , , , , ,515313, , , ,2,1,0,0,1,0,0,0,0,0,0,1,1,0,0,0,0,0,0,0,2,0,0,0,0,0,0,0,0,0,0,0,0,0,0,4,0,39.9183,-75.1722, , 
 ,47430,2013046397,6,67,67301,2013,4,2,250,2,3,1,0,7,2, , ,N,0,0,0,3,0,0,1,1,N, ,40 02:48.746,75 03:08.357,258, ,252, ,0, , , ,0, , , , , ,515318, , , ,1,1,0,0,0,0,0,0,0,0,0,0,0,0,0,0,0,0,0,1,0,0,0,0,0,0,0,0,0,0,0,0,0,0,0,0,0,40.0469,-75.0523, , 
 ,47431,2013047317,6,67,67301,2013,3,2,1058,10,1,1,0,4,1, , ,N,1,3,0,3,0,1,2,6,N,N,39 58:57.522,75 09:51.872,9999, ,1058,3,2,7,N, ,3,Y, , , , ,515320, , , ,6,5,0,0,0,0,1,0,0,0,0,1,1,0,0,0,0,0,0,0,1,0,0,0,0,0,0,0,0,0,0,0,0,0,0,4,0,39.9826,-75.1644, , 
 ,47432,2013047362,6,67,67301,2013,4,6,9999,99,1,1,0,4,1, , ,N,0,0,7,3,0,1,2,2,N, ,40 02:24.622,75 10:44.500,1459, ,1459, ,0, , , ,0, , , , , ,515321, , , ,2,0,1,0,1,0,0,0,0,0,0,1,1,0,0,0,0,0,0,0,0,1,0,0,0,0,0,0,0,0,0,0,0,0,0,4,0,40.0402,-75.179, , 
 ,47433,2013055611,6,67,67301,2013,4,3,1330,13,1,1,0,1,1, , ,N,2,2,0,3,0,1,2,2,N,N,39 57:28.586,75 09:50.892,1359, ,1346, ,0, ,N, ,3, , , , , ,515330, , , ,2,1,0,0,0,0,1,0,0,0,0,0,1,1,0,0,0,0,0,0,1,0,0,0,0,0,0,0,0,0,0,0,0,0,0,8,0,39.9579,-75.1641, , 
 ,47434,2013037375,6,67,67301,2013,3,1,1057,10,1,1,0,4,1, , ,N,1,2,0,3,0,1,2,2,N,N,39 58:24.024,75 14:05.125,1057, ,1057,9,1,1,N, ,3,N, , , , ,515360, , , ,2,2,0,0,0,0,0,0,0,0,1,0,1,0,0,0,0,0,0,0,0,0,0,0,0,0,0,0,0,0,0,0,0,0,0,3,0,39.9733,-75.2348, , 
 ,47435,2013047292,6,67,67301,2013,4,4,1615,16,1,1,0,4,1, , ,N,1,3,0,3,0,1,4,3,N,N,39 57:46.318,75 11:50.257,1620, ,1615,2,2,1,N, ,3,Y, , , , ,515367, , , ,3,1,0,0,1,0,0,0,0,0,0,1,1,0,0,0,0,0,0,0,1,0,0,0,0,0,0,0,0,0,0,0,0,0,0,4,0,39.9629,-75.1973, , 
 ,47436,2013016183,6,67,67301,2013,1,2,1835,18,3,1,0,8,4, , ,N,1,2,0,3,0,1,2,2,N,N,40 02:07.261,75 02:22.084,1836, ,1836,2,2,3,N, ,2,Y, , , , ,515386, , , ,1,0,0,0,1,0,0,0,0,0,1,0,1,0,0,0,0,0,0,0,0,0,0,1,0,0,0,0,0,0,0,0,1,0,0,3,0,40.0354,-75.0395, , 