wz_ln_closure,objectid_1,crn,district,county,municipality,crash_year,crash_month,day_of_week,time_of_day,hour_of_day,illumination,weather,road_condition,collision_type,relation_to_road,work_zone_type,work_zone_loc,work_zone_ind,intersect_type,tcd_type,location_type,urban_rural,fatal_count,injury_count,person_count,total_units,sch_bus_ind,sch_zone_ind,latitude,longitude,arrival_tm,cons_zone_spd_lim,dispatch_tm,est_hrs_closed,lane_closed,ln_close_dir,ntfy_hiwy_maint,spec_juris_cd,tcd_func_cd,tfc_detour_ind,workers_pres,wz_close_detour,wz_flagger,wz_law_offcr_ind,objectid,wz_moving,wz_other,wz_shlder_mdn,vehicle_count,automobile_count,motorcycle_count,bus_count,small_truck_count,heavy_truck_count,suv_count,van_count,bicycle_count,maj_inj_count,mod_inj_count,min_inj_count,tot_inj_count,unk_inj_deg_count,unk_inj_per_count,driver_count_16yr,driver_count_17yr,driver_count_18yr,driver_count_19yr,driver_count_20yr,driver_count_50_64yr,driver_count_65_74yr,driver_count_75plus,unbelted_occ_count,unb_death_count,unb_maj_inj_count,belted_death_count,belted_maj_inj_count,mcycle_death_count,mcycle_maj_inj_count,bicycle_death_count,bicycle_maj_inj_count,ped_count,ped_death_count,ped_maj_inj_count,max_severity_level,comm_veh_count,dec_lat,dec_long,rdwy_surf_type_cd,county_name
Y,47437,2013022578,6,67,67301,2013,2,5,40,0,3,1,0,1,1,2,4,Y,0,0,0,3,0,2,3,2,N,N,39 54:01.727,75 09:24.529,45,55,43,2,2,2,N, ,0,N,Y,N,N,Y,515394,Y,N,N,2,1,0,0,0,0,1,0,0,0,0,2,2,0,0,0,0,0,0,1,1,0,0,1,0,0,0,0,0,0,0,0,0,0,0,4,0,39.9005,-75.1568, , 
 ,47438,2013023545,6,67,67301,2013,1,3,1745,17,3,1,0,8,1, , ,N,1,2,0,3,0,1,2,2,N,N,40 03:10.938,74 58:57.912,1818, ,1810, ,0, ,N, ,3, , , , , ,515395, , , ,1,1,0,0,0,0,0,0,0,0,0,1,1,0,1,0,0,0,0,0,0,0,0,0,0,0,0,0,0,0,0,0,1,0,0,4,0,40.053,-74.9827, , 
 ,47439,2013024912,6,67,67301,2013,1,5,1135,11,1,1,0,8,1, , ,N,0,0,0,3,0,1,5,2,N,N,40 01:35.940,75 09:08.380,1150, ,1145, ,0, ,N, ,0, , , , , ,515396, , , ,1,1,0,0,0,0,0,0,0,0,1,0,1,0,0,0,0,0,0,0,0,0,0,3,0,0,0,0,0,0,0,0,1,0,0,3,0,40.0267,-75.1523, , 
 ,47440,2013055321,6,67,67301,2013,5,7,1725,17,1,1,0,4,1, , ,N,0,0,0,3,0,3,3,2,N,N,39 57:19.147,75 11:29.697,1734, ,1730, ,0, ,N, ,0, , , , , ,519132, , , ,2,2,0,0,0,0,0,0,0,0,2,0,3,1,0,0,0,0,0,0,0,0,1,0,0,0,0,0,0,0,0,0,0,0,0,3,0,39.9553,-75.1916, , 
 ,47441,2013022782,6,67,67301,2013,2,2,1411,14,1,1,0,1,1, , ,N,6,4,2,3,0,1,3,2,N,N,39 56:44.167,75 11:25.033,1425, ,1415,1,1,4,N, ,3,N, , , , ,519152, , , ,2,1,0,0,0,0,1,0,0,0,0,0,1,1,0,0,0,0,0,0,0,0,0,0,0,0,0,0,0,0,0,0,0,0,0,8,0,39.9456,-75.1903, , 
 ,47442,2013030108,6,67,67301,2013,2,6,1745,17,3,2,1,4,1, , ,N,1,2,0,3,0,2,4,2,N,N,39 57:11.721,75 14:11.587,1755, ,1745, ,0, , , ,3, , , , , ,519161, , , ,2,2,0,0,0,0,0,0,0,0,0,0,2,2,0,0,0,0,0,0,0,1,0,0,0,0,0,0,0,0,0,0,0,0,0,8,0,39.9533,-75.2366, , 
 ,47443,2013035155,6,67,67301,2013,3,6,2025,20,4,1,0,8,1, , ,N,1,2,0,3,0,1,2,2,N,N,39 56:52.000,75 13:38.791,2025, ,2025, ,0, ,N, ,3, , , , , ,519169, , , ,1,0,0,0,1,0,0,0,0,0,1,0,1,0,0,0,0,0,0,0,0,0,0,0,0,0,0,0,0,0,0,0,1,0,0,3,0,39.9478,-75.2274, , 
 ,47444,2013035612,6,67,67301,2013,2,4,1700,17,1,1,0,4,1, , ,N,3,0,0,3,0,1,5,3,N, ,39 59:55.504,75 09:12.757,1715, ,1710, ,0, , , ,0, , , , , ,519170, , , ,3,3,0,0,0,0,0,0,0,0,0,1,1,0,0,0,0,0,0,0,0,0,0,0,0,0,0,0,0,0,0,0,0,0,0,4,0,39.9987,-75.1534, , 
 ,47445,2013043414,6,67,67301,2013,3,3,2010,20,3,1,0,8,1, , ,N,0,0,0,3,0,1,2,2,N,N,40 00:34.209,75 10:03.284,2017, ,2016, ,0, ,N, ,0, , , , , ,519175, , , ,1,1,0,0,0,0,0,0,0,0,1,0,1,0,0,0,0,0,0,0,0,0,0,0,0,0,0,0,0,0,0,0,1,0,0,3,0,40.0095,-75.1676, , 
 ,47446,2013024448,6,46,46104,2013,2,5,657,6,1,1,0,4,1, , ,N,1,2,0,3,0,2,2,2,N,N,39 59:17.883,75 15:14.303,703, ,658,2,2,2,N, ,3,Y, , , , ,519197, , , ,2,1,0,0,0,0,1,0,0,0,0,0,2,2,0,0,0,0,0,0,0,0,0,0,0,0,0,0,0,0,0,0,0,0,0,8,0,39.9883,-75.254, , 
 ,47447,2013026126,6,67,67301,2013,1,2,1850,18,4,2,1,8,1, , ,N,1,2,0,3,0,1,2,2,N,N,39 57:12.138,75 10:17.638,1920, ,1910, ,0, ,N, ,3, , , , , ,519200, , , ,1,1,0,0,0,0,0,0,0,0,0,0,1,1,0,0,0,0,0,0,0,0,0,0,0,0,0,0,0,0,0,0,1,0,0,8,0,39.9534,-75.1716, , 
 ,47448,2013029745,6,67,67301,2013,2,2,815,8,1,2,1,7,4, , ,N,0,0,0,3,0,9,9,1,N,N,39 58:56.213,75 12:22.131,833, ,821,2,2,5,N, ,0,Y, , , , ,519206, , , ,1,0,0,0,0,0,0,1,0,0,0,9,9,0,0,0,0,0,0,0,0,0,0,0,0,0,0,0,0,0,0,0,0,0,0,4,0,39.9823,-75.2061, , 
 ,47449,2013032949,6,67,67301,2013,2,2,1225,12,1,1,0,8,1, , ,N,1,3,0,3,0,1,2,2,N, ,39 56:59.046,75 13:15.470,1241, ,1225, ,0, , , ,3, , , , , ,519212, , , ,1,1,0,0,0,0,0,0,0,0,0,1,1,0,0,0,0,0,0,0,0,0,0,0,0,0,0,0,0,0,0,0,1,0,0,4,0,39.9497,-75.221, , 
 ,47450,2013046266,6,67,67301,2013,4,6,1143,11,1,2,1,5,1, , ,N,0,0,0,3,0,0,2,2,N,N,39 59:10.251,75 12:56.578,1210, ,1206, ,0, ,N, ,0, , , , , ,519220, , , ,2,1,0,0,1,0,0,0,0,0,0,0,0,0,0,0,0,0,0,0,0,0,0,0,0,0,0,0,0,0,0,0,0,0,0,0,0,39.9862,-75.2157, , 
 ,47451,2013005943,6,67,67301,2013,1,2,501,5,3,5,1,5,1, , ,N,0,0,0,3,0,0,2,2,N,N,39 58:50.726,75 12:22.455,502, ,502,1,1,3,N, ,0,N, , , , ,519232, , , ,2,1,0,0,0,0,1,0,0,0,0,0,0,0,0,0,0,0,0,0,1,0,0,0,0,0,0,0,0,0,0,0,0,0,0,0,0,39.9808,-75.2062, , 
 ,47452,2013037441,6,67,67301,2013,3,7,337,3,3,1,0,1,1, , ,N,1,2,0,3,0,3,3,2,N,N,40 00:57.144,75 09:13.828,339, ,338,1,2,7,N, ,3,Y, , , , ,519262, , , ,2,2,0,0,0,0,0,0,0,0,1,1,3,1,0,0,0,0,0,0,0,0,0,2,0,0,0,0,0,0,0,0,0,0,0,3,0,40.0159,-75.1538, , 
 ,47453,2013055495,6,67,67301,2013,5,5,1554,15,1,1,0,4,1, , ,N,0,0,7,3,0,1,2,2,N,N,39 59:52.987,75 04:39.054,1610, ,1606, ,0, ,N, ,0, , , , , ,519277, , , ,1,1,0,0,0,0,0,0,1,0,0,1,1,0,0,0,0,0,0,0,1,0,0,0,0,0,0,0,0,0,0,0,0,0,0,4,0,39.9981,-75.0775, , 
 ,47454,2013035220,6,67,67301,2013,3,2,1629,16,1,1,0,1,1, , ,N,2,2,0,3,0,0,6,5,N,N,40 01:41.058,75 05:27.008,1636, ,1631,2,1,1,N, ,3,N, , , , ,519301, , , ,5,2,0,0,0,0,2,1,0,0,0,0,0,0,0,0,0,0,0,0,2,0,0,0,0,0,0,0,0,0,0,0,0,0,0,0,0,40.0281,-75.0908, , 
 ,47455,2013035623,6,67,67301,2013,3,6,2300,23,3,1,0,1,2, , ,N,1,0,0,3,0,0,1,4,N,N,40 01:49.519,75 06:58.726,2345, ,2330, ,0, ,N, ,0, , , , , ,519302, , , ,4,3,0,0,0,0,0,0,0,0,0,0,0,0,0,0,0,0,0,0,0,0,0,0,0,0,0,0,0,0,0,0,0,0,0,0,0,40.0304,-75.1163, , 
 ,47456,2013043757,6,67,67301,2013,3,2,1220,12,1,4,1,1,1, , ,N,1,2,0,3,0,1,3,2,N,N,39 58:48.797,75 09:27.327,1220, ,1220, ,0, ,N, ,3, , , , , ,519307, , , ,2,1,0,0,0,0,1,0,0,0,0,1,1,0,0,0,0,0,0,0,1,0,0,0,0,0,0,0,0,0,0,0,0,0,0,4,0,39.9802,-75.1575, , 
 ,47457,2013043410,6,67,67301,2013,3,1,1805,18,3,2,1,7,4, , ,N,0,0,0,3,0,0,1,1,N,N,39 59:07.720,75 08:10.165,1925, ,1915, ,0, , , ,0, , , , , ,519357, , , ,1,1,0,0,0,0,0,0,0,0,0,0,0,0,1,0,1,0,0,0,0,0,0,0,0,0,0,0,0,0,0,0,0,0,0,9,0,39.9855,-75.1362, , 
 ,47458,2013047106,6,67,67301,2013,5,6,1440,14,1,1,0,1,1, , ,N,2,2,0,3,0,1,4,2,N, ,39 54:09.565,75 09:08.096,1500, ,1440,2,1,2,N, ,3,N, , , , ,523315, , , ,2,0,0,0,1,1,0,0,0,0,0,1,1,0,0,0,0,0,0,0,1,1,0,0,0,0,0,0,0,0,0,0,0,0,0,4,1,39.9027,-75.1522, , 
 ,47459,2013053003,6,67,67301,2013,4,3,1627,16,1,1,0,4,1, , ,N,2,3,0,3,0,3,4,2,N,N,39 57:39.963,75 14:24.723,1639, ,1639, ,0, , , ,3, , , , , ,523320, , , ,2,2,0,0,0,0,0,0,0,0,0,3,3,0,0,0,0,1,0,0,0,0,0,1,0,0,0,0,0,0,0,0,0,0,0,4,0,39.9611,-75.2402, , 
 ,47460,2013022216,6,67,67301,2013,1,4,2045,20,3,8,1,4,1, , ,N,1,2,0,3,0,0,2,2,N,N,39 56:44.732,75 10:00.371,2105, ,2057,1,2,3,N, ,3,Y, , , , ,523349, , , ,2,2,0,0,0,0,0,0,0,0,0,0,0,0,0,0,0,0,0,0,0,0,0,0,0,0,0,0,0,0,0,0,0,0,0,0,0,39.9458,-75.1668, , 
 ,47461,2013025015,6,46,46102,2013,1,1,1214,12,1,1,0,4,1, , ,N,0,0,0,3,0,1,2,2,N,N,40 04:35.466,75 09:45.515,1224, ,1216, ,0, ,N, ,0, , , , , ,523352, , , ,2,1,0,0,0,0,0,0,0,0,0,0,1,1,0,0,0,0,0,0,0,0,1,0,0,0,0,0,0,0,0,0,0,0,0,8,0,40.0765,-75.1626, , 
 ,47462,2013029692,6,67,67301,2013,2,6,2009,20,3,1,0,4,1, , ,N,0,0,0,3,0,1,1,3,N,N,39 57:33.595,75 10:02.748,2027, ,2019, ,0, ,N, ,0, , , , , ,523356, , , ,3,3,0,0,0,0,0,0,0,0,0,1,1,0,0,0,0,0,0,0,0,0,0,0,0,0,0,0,0,0,0,0,0,0,0,4,0,39.9593,-75.1674, , 
 ,47463,2013032509,6,67,67301,2013,2,2,1636,16,1,1,0,5,1, , ,N,1,0,0,3,0,1,3,2,N, ,39 57:11.738,75 09:44.747,1704, ,1701, ,0, , , ,0, , , , , ,523360, , , ,2,1,0,1,0,0,0,0,0,0,0,0,1,1,0,0,0,0,0,0,0,0,0,2,0,0,0,0,0,0,0,0,0,0,0,8,1,39.9533,-75.1625, , 
 ,47464,2013041342,6,67,67301,2013,3,7,2120,21,3,1,0,4,1, , ,N,0,0,0,3,0,0,1,5,N, ,40 02:06.788,75 10:49.472,2130, ,2125,1,2,4,N, ,0,Y, , , , ,523366, , , ,5,4,0,0,0,0,1,0,0,0,0,0,0,0,0,0,0,0,0,0,1,0,0,0,0,0,0,0,0,0,0,0,0,0,0,0,0,40.0352,-75.1804, , 
 ,47465,2013047332,6,67,67301,2013,4,1,139,1,3,1,0,1,2, , ,N,0,0,0,3,0,1,1,2,N,N,40 01:51.452,75 07:27.103,149, ,144, ,0, ,N, ,0, , , , , ,523372, , , ,2,0,0,0,1,0,1,0,0,0,0,1,1,0,0,0,0,0,0,0,0,0,0,1,0,0,0,0,0,0,0,0,0,0,0,4,0,40.031,-75.1242, , 
 ,47466,2013037363,6,67,67301,2013,3,4,2029,20,3,2,1,7,4, , ,N,0,0,3,3,0,1,1,1,N,N,39 56:40.965,75 14:19.820,2031, ,2031,3,2,5, , ,0,Y, , , , ,523412, , , ,1,0,0,0,1,0,0,0,0,0,0,1,1,0,0,0,0,0,0,0,1,0,0,1,0,0,0,0,0,0,0,0,0,0,0,4,0,39.9447,-75.2388, , 
 ,47467,2013043791,6,67,67301,2013,3,4,927,9,1,1,0,4,1, , ,N,1,2,0,3,0,0,2,3,N,N,39 58:08.006,75 08:03.925,932, ,930,2,1,4,N, ,3,N, , , , ,523417, , , ,3,1,0,0,0,0,1,1,0,0,0,0,0,0,0,0,0,0,0,0,1,0,0,0,0,0,0,0,0,0,0,0,0,0,0,0,0,39.9689,-75.1344, , 
 ,47468,2013046414,6,67,67301,2013,4,2,1715,17,1,1,0,4,1, , ,N,1,2,0,3,0,4,5,2,N,N,40 03:44.697,75 09:18.946,1715, ,1710, ,0, , , ,3, , , , , ,523421, , , ,2,2,0,0,0,0,0,0,0,0,0,4,4,0,0,0,0,0,0,1,0,0,0,0,0,0,0,0,0,0,0,0,0,0,0,4,0,40.0624,-75.1553, , 
 ,47469,2013053547,6,67,67301,2013,4,5,808,8,1,1,0,8,1, , ,N,1,2,0,3,0,1,2,2,N,N,39 56:41.420,75 10:30.111,815, ,813, ,0, ,N, ,3, , , , , ,523426, , , ,1,1,0,0,0,0,0,0,0,0,0,1,1,0,0,0,0,0,0,0,0,0,0,0,0,0,0,0,0,0,0,0,1,0,0,4,0,39.9448,-75.175, , 
 ,47470,2013029686,6,67,67301,2013,1,5,1050,10,1,1,0,2,1, , ,N,1,2,0,3,0,0,2,2,N, ,39 59:38.228,75 10:45.289,1056, ,1050, ,0, , , ,3, , , , , ,523445, , , ,2,1,0,0,1,0,0,0,0,0,0,0,0,0,0,0,0,0,0,0,0,0,0,0,0,0,0,0,0,0,0,0,0,0,0,0,0,39.994,-75.1792, , 
 ,47471,2013037397,6,67,67301,2013,3,6,650,6,1,1,0,1,1, , ,N,1,0,0,3,0,2,3,2,N,N,40 01:08.421,75 08:50.014,700, ,655,1,1,2,N, ,0,N, , , , ,523453, , , ,2,1,0,0,0,0,0,1,0,0,0,2,2,0,0,0,0,0,0,0,0,0,0,0,0,0,0,0,0,0,0,0,0,0,0,4,0,40.019,-75.1472, , 
 ,47472,2013043829,6,67,67301,2013,3,2,1209,12,1,3,1,8,1, , ,N,1,2,0,3,0,1,2,2,N,N,40 00:09.954,75 08:16.245,1217, ,1214, ,0, ,N, ,3, , , , , ,523458, , , ,1,1,0,0,0,0,0,0,0,0,1,0,1,0,0,0,0,0,0,0,0,0,0,0,0,0,0,0,0,0,0,0,1,0,0,3,0,40.0028,-75.1378, , 
 ,47473,2013046319,6,67,67301,2013,2,2,1831,18,3,1,0,8,1, , ,N,0,0,0,3,0,1,2,2,N,N,40 02:12.814,75 07:49.386,1840, ,1834,9,2,5,N, ,0,Y, , , , ,523462, , , ,1,1,0,0,0,0,0,0,0,0,1,0,1,0,0,0,0,0,0,0,1,0,0,0,0,0,0,0,0,0,0,0,1,0,0,3,0,40.0369,-75.1304, , 
 ,47474,2013052568,6,67,67301,2013,4,4,2300,23,3,1,0,4,1, , ,N,0,0,7,3,1,0,2,2,N,N,40 05:27.059,75 02:48.600,2308, ,2304, ,0, , ,0,0, , , , , ,523470, , , ,2,1,1,0,0,0,0,0,0,0,0,0,0,0,0,0,0,1,0,0,0,0,0,0,0,0,0,0,1,0,0,0,0,0,0,1,0,40.0908,-75.0468,2, 
 ,47475,2013055885,6,67,67301,2013,4,7,1307,13,1,1,0,1,7, , ,N,7,0,2,3,0,4,4,2,N,N,40 05:09.676,74 58:12.680,1310, ,1307, ,0, ,N, ,0, , , , , ,523474, , , ,2,1,0,0,0,0,0,1,0,0,0,2,4,2,0,0,0,0,0,0,1,0,0,2,0,0,0,0,0,0,0,0,0,0,0,4,0,40.086,-74.9702, , 
 ,47476,2013062635,6,67,67301,2013,5,4,240,2,3,1,0,7,5, , ,N,3,2,0,3,0,2,2,1,N,N,40 00:34.488,75 09:59.875,240, ,240, ,0, , , ,3, , , , , ,525734, , , ,1,1,0,0,0,0,0,0,0,0,2,0,2,0,0,0,0,0,0,0,0,0,0,0,0,0,0,0,0,0,0,0,0,0,0,3,0,40.0096,-75.1666, , 
 ,47477,2013065361,6,67,67301,2013,5,6,1400,14,1,1,0,4,1, , ,N,1,3,0,3,0,1,5,2,N,N,39 57:24.307,75 10:27.847,1629, ,1625, ,0, ,N, ,3, , , , , ,525737, , , ,2,1,0,0,0,0,0,1,0,0,0,0,1,1,0,0,0,0,0,0,0,0,0,0,0,0,0,0,0,0,0,0,0,0,0,8,0,39.9568,-75.1744, , 
 ,47478,2013012113,6,67,67301,2013,1,4,734,7,1,1,0,4,1, , ,N,1,2,0,3,0,0,2,2,N,N,39 54:38.089,75 10:22.870,815, ,815,2,2,2,N, ,3,N, , , , ,525745, , , ,2,2,0,0,0,0,0,0,0,0,0,0,0,0,0,0,0,0,0,0,0,0,0,0,0,0,0,0,0,0,0,0,0,0,0,0,0,39.9106,-75.1727, , 
 ,47479,2013026913,6,67,67301,2013,2,6,2120,21,3,4,1,7,5, , ,N,0,0,0,3,0,1,1,1,N,N,40 01:16.805,75 11:36.276,2135, ,2125,3,1,2,N, ,0,N, , , , ,525756, , , ,1,1,0,0,0,0,0,0,0,0,0,0,1,1,0,0,0,0,0,1,0,0,0,0,0,0,0,0,0,0,0,0,0,0,0,8,0,40.0213,-75.1934, , 
 ,47480,2013042789,6,67,67301,2013,4,6,1656,16,1,1,0,1,1, , ,N,0,0,0,3,0,2,3,2,N,N,39 59:17.698,75 05:19.050,1709, ,1658,1,1,1,N, ,0,Y, , , , ,525773, , , ,2,1,0,0,0,0,0,1,0,0,0,0,2,2,0,0,0,0,0,0,0,0,0,0,0,0,0,0,0,0,0,0,0,0,0,8,0,39.9882,-75.0887, , 
 ,47481,2013046296,6,67,67301,2013,4,2,1556,15,1,1,0,8,1, , ,N,0,0,0,3,0,1,2,2,N,N,40 01:53.796,75 09:57.423,1630, ,1610, ,0, ,N, ,0, , , , , ,525775, , , ,1,1,0,0,0,0,0,0,0,0,1,0,1,0,0,0,0,0,0,0,0,0,0,0,0,0,0,0,0,0,0,0,1,0,0,3,0,40.0316,-75.166, , 
 ,47482,2013046421,6,67,67301,2013,4,4,1045,10,1,1,0,7,5, , ,N,0,0,0,3,0,1,1,1,N,N,40 05:14.015,75 02:28.339,1100, ,1100,9,2,3, , ,0,Y, , , , ,525776, , , ,1,1,0,0,0,0,0,0,0,0,0,1,1,0,0,0,0,0,0,0,0,0,0,0,0,0,0,0,0,0,0,0,0,0,0,4,0,40.0872,-75.0412, , 
 ,47483,2013029790,6,67,67301,2013,2,4,9999,99,1,1,0,8,1, , ,N,1,2,0,3,0,2,3,3,N,N,40 00:15.609,75 07:41.037,800, ,759, ,0, ,N, ,3, , , , , ,525809, , , ,1,0,0,0,1,0,0,0,0,0,2,0,2,0,0,0,0,0,0,0,1,0,0,0,0,0,0,0,0,0,0,0,2,0,0,3,0,40.0043,-75.1281, , 
 ,47484,2013041292,6,67,67301,2013,3,1,1730,17,1,1,0,4,1, , ,N,1,2,0,3,0,1,2,2,N,N,39 58:00.447,75 10:43.839,1740, ,1735, ,0, ,N, ,3, , , , , ,525819, , , ,1,1,0,0,0,0,0,0,1,0,0,1,1,0,0,0,0,0,0,0,0,0,0,0,0,0,0,0,0,0,0,0,0,0,0,4,0,39.9668,-75.1788, , 
 ,47485,2013050649,6,67,67301,2013,5,7,1400,14,1,1,0,1,1, , ,N,0,0,0,3,0,0,5,3,N,N,39 57:35.950,75 10:43.235,1417, ,1405,1,1,4,N, ,0,N, , , , ,525825, , , ,3,3,0,0,0,0,0,0,0,0,0,0,0,0,0,0,0,0,0,0,0,0,0,0,0,0,0,0,0,0,0,0,0,0,0,0,0,39.96,-75.1787, , 
 ,47486,2013006100,6,67,67301,2013,1,3,1645,16,4,1,0,2,1, , ,N,0,0,0,3,0,1,4,2,N,N,39 59:35.994,75 11:11.395,1715, ,1654,2,1,4,N, ,0,N, , , , ,525837, , , ,2,1,0,0,0,0,1,0,0,0,0,1,1,0,0,0,0,0,0,0,0,0,1,0,0,0,0,0,0,0,0,0,0,0,0,4,0,39.9933,-75.1865, , 
 ,47487,2013037376,6,67,67301,2013,3,2,1045,10,1,1,0,4,1, , ,N,2,3,0,3,0,5,6,3,N, ,40 00:32.335,75 08:11.486,1100, ,1045, ,0, , , ,3, , , , , ,525860, , , ,3,2,0,0,1,0,0,0,0,0,0,0,5,5,0,0,0,0,0,0,0,0,0,0,0,0,0,0,0,0,0,0,0,0,0,8,0,40.009,-75.1365, , 
 ,47488,2013051131,6,67,67301,2013,4,1,18,0,3,1,0,1,1, , ,N,2,2,0,3,0,1,3,2,N, ,40 02:03.472,75 02:19.006,22, ,20, ,0, , , ,3, , , , , ,525873, , , ,2,1,0,0,1,0,0,0,0,0,0,1,1,0,0,0,0,0,0,0,0,0,0,0,0,0,0,0,0,0,0,0,0,0,0,4,0,40.0343,-75.0386, , 
 ,47489,2013055925,6,67,67301,2013,4,3,1730,17,1,1,0,8,1, , ,N,0,0,0,3,0,1,5,2,N,N,40 01:46.534,75 03:16.905,1745, ,1741, ,0, ,N, ,0, , , , , ,525875, , , ,1,1,0,0,0,0,0,0,0,0,1,0,1,0,0,0,0,0,0,0,1,0,0,0,0,0,0,0,0,0,0,0,1,0,0,3,0,40.0296,-75.0547, , 
 ,47490,2013019757,6,67,67301,2013,2,3,1647,16,1,1,0,1,1, , ,N,0,0,0,3,0,0,2,2,N,N,39 55:35.394,75 11:40.940,1702, ,1648,1,1,3,N, ,0,N, , , , ,525896, , , ,2,0,0,0,0,0,2,0,0,0,0,0,0,0,0,0,0,0,0,0,0,0,0,0,0,0,0,0,0,0,0,0,0,0,0,0,0,39.9265,-75.1947, , 
 ,47491,2013045355,6,67,67301,2013,3,5,1845,18,1,1,0,4,1, , ,N,0,0,0,3,0,1,5,3,N, ,39 59:11.227,75 08:29.043,9999, ,1845, ,0, , , ,0, , , , , ,525927, , , ,3,1,0,0,0,0,0,2,0,0,0,0,1,1,0,0,0,0,0,0,0,0,0,0,0,0,0,0,0,0,0,0,0,0,0,8,0,39.9865,-75.1414, , 
 ,47492,2013019966,6,67,67301,2013,2,5,1555,15,1,1,0,5,1, , ,N,1,2,0,3,0,1,2,2,N,N,39 57:25.871,75 08:31.299,1615, ,1559,1,1,2,N, ,3,N, , , , ,525943, , , ,2,1,0,0,0,1,0,0,0,0,0,1,1,0,0,0,0,0,0,0,0,1,0,0,0,0,0,0,0,0,0,0,0,0,0,4,1,39.9573,-75.1452, , 
 ,47493,2013022251,6,67,67301,2013,1,7,2116,21,3,1,1,4,1, , ,N,1,2,0,3,0,5,12,4,N,N,40 02:23.726,75 07:13.540,2132, ,2125,2,2,6,N, ,3,Y, , , , ,525945, , , ,4,3,0,0,0,0,1,0,0,0,3,2,5,0,0,0,0,0,0,0,0,0,0,0,0,0,0,0,0,0,0,0,0,0,0,3,0,40.0399,-75.1204, , 
 ,47494,2013046246,6,67,67301,2013,3,1,1620,16,1,2,1,1,2, , ,N,1,2,0,3,0,0,1,4,N,N,40 02:46.713,75 08:09.655,1625, ,1622,2,1,3, , ,3,Y, , , , ,515419, , , ,4,2,0,0,1,0,1,0,0,0,0,0,0,0,1,0,0,0,0,0,1,0,0,0,0,0,0,0,0,0,0,0,0,0,0,9,0,40.0463,-75.136, , 
 ,47495,2013045608,6,67,67301,2013,4,5,1928,19,1,1,0,4,1, , ,N,1,2,0,3,1,0,2,2,N,N,39 58:39.875,75 12:48.192,1935, ,1929,3,2,7,N,9,3,Y, , , , ,515459, , , ,2,0,1,0,0,0,1,0,0,0,0,0,0,0,0,0,0,0,0,0,0,0,0,0,0,0,0,0,1,0,0,0,0,0,0,1,0,39.9777,-75.2134,2, 
 ,47496,2013007398,6,67,67301,2013,1,4,2128,21,3,1,0,1,1, , ,N,0,0,0,3,0,4,4,3,N,N,39 57:33.082,75 10:20.367,2132, ,2132,2,2,4,N, ,0,N, , , , ,515480, , , ,3,2,0,0,0,0,1,0,0,0,0,1,4,3,0,0,0,0,0,0,2,0,0,0,0,0,0,0,0,0,0,0,0,0,0,4,0,39.9592,-75.1723, , 
 ,47497,2013032500,6,67,67301,2013,2,3,716,7,1,1,0,8,1, , ,N,0,8,0,3,0,1,2,2,N, ,40 06:26.217,75 01:36.102,721, ,716,2,1,1, , ,3,N, , , , ,515497, , , ,1,1,0,0,0,0,0,0,0,0,1,0,1,0,0,0,0,0,0,0,0,0,0,0,0,0,0,0,0,0,0,0,1,0,0,3,0,40.1073,-75.0267, , 
 ,47498,2013047325,6,67,67301,2013,4,2,1205,12,1,1,0,4,1, , ,N,1,2,0,3,0,2,2,2,N,N,40 00:51.570,75 10:41.163,1217, ,1215,2,1,7,Y, ,3,Y, , , , ,515515, , , ,2,1,0,0,0,0,1,0,0,0,0,0,2,2,0,0,0,0,0,0,0,0,0,0,0,0,0,0,0,0,0,0,0,0,0,8,0,40.0143,-75.1781, , 
 ,47499,2013021887,6,67,67301,2013,1,1,224,2,3,1,0,7,4, , ,N,1,2,0,3,0,1,2,1,N,N,40 01:26.280,75 02:07.317,344, ,224, ,0, ,N, ,3, , , , , ,515537, , , ,1,0,0,0,1,0,0,0,0,0,1,0,1,0,0,0,0,0,0,0,0,0,0,2,0,0,0,0,0,0,0,0,0,0,0,3,0,40.024,-75.0354, , 
 ,47500,2013050241,6,67,67301,2013,4,6,1440,14,1,1,0,1,1, , ,N,0,0,0,3,0,1,2,2,N, ,40 07:12.302,75 00:33.930,1446, ,1443, ,0, , , ,0, , , , , ,515558, , , ,2,2,0,0,0,0,0,0,0,0,0,1,1,0,0,0,0,0,1,0,1,0,0,0,0,0,0,0,0,0,0,0,0,0,0,4,0,40.1201,-75.0094, , 
 ,47501,2013065382,6,46,46102,2013,5,7,1803,18,4,2,1,5,1, , ,N,5,2,0,3,0,1,4,2,N,N,40 04:26.865,75 09:30.131,1816, ,1812, ,0, ,N, ,3, , , , , ,515570, , , ,2,2,0,0,0,0,0,0,0,0,0,0,1,1,0,0,0,0,0,0,0,0,0,0,0,0,0,0,0,0,0,0,0,0,0,8,0,40.0741,-75.1584, , 
 ,47502,2013041287,6,67,67301,2013,3,1,1300,13,1,1,0,4,1, , ,N,1,2,0,3,0,0,4,2,N,N,39 58:18.037,75 09:40.121,1404, ,1402, ,0, ,N, ,3, , , , , ,515601, , , ,2,0,0,0,0,0,2,0,0,0,0,0,0,0,0,0,0,0,0,1,0,0,0,0,0,0,0,0,0,0,0,0,0,0,0,0,1,39.9717,-75.1611, , 
 ,47503,2013041316,6,67,67301,2013,3,4,802,8,1,6,0,6,1, , ,N,1,2,0,3,0,2,4,2,N,N,40 00:03.985,75 07:29.066,808, ,804,9,1,1,N, ,3,Y, , , , ,515602, , , ,2,1,0,0,0,1,0,0,0,0,0,2,2,0,0,0,0,0,0,0,2,0,0,0,0,0,0,0,0,0,0,0,0,0,0,4,1,40.0011,-75.1247, , 