wz_ln_closure,objectid_1,crn,district,county,municipality,crash_year,crash_month,day_of_week,time_of_day,hour_of_day,illumination,weather,road_condition,collision_type,relation_to_road,work_zone_type,work_zone_loc,work_zone_ind,intersect_type,tcd_type,location_type,urban_rural,fatal_count,injury_count,person_count,total_units,sch_bus_ind,sch_zone_ind,latitude,longitude,arrival_tm,cons_zone_spd_lim,dispatch_tm,est_hrs_closed,lane_closed,ln_close_dir,ntfy_hiwy_maint,spec_juris_cd,tcd_func_cd,tfc_detour_ind,workers_pres,wz_close_detour,wz_flagger,wz_law_offcr_ind,objectid,wz_moving,wz_other,wz_shlder_mdn,vehicle_count,automobile_count,motorcycle_count,bus_count,small_truck_count,heavy_truck_count,suv_count,van_count,bicycle_count,maj_inj_count,mod_inj_count,min_inj_count,tot_inj_count,unk_inj_deg_count,unk_inj_per_count,driver_count_16yr,driver_count_17yr,driver_count_18yr,driver_count_19yr,driver_count_20yr,driver_count_50_64yr,driver_count_65_74yr,driver_count_75plus,unbelted_occ_count,unb_death_count,unb_maj_inj_count,belted_death_count,belted_maj_inj_count,mcycle_death_count,mcycle_maj_inj_count,bicycle_death_count,bicycle_maj_inj_count,ped_count,ped_death_count,ped_maj_inj_count,max_severity_level,comm_veh_count,dec_lat,dec_long,rdwy_surf_type_cd,county_name
 ,47570,2013041326,6,67,67301,2013,2,1,130,1,3,4,1,4,1, , ,N,1,2,0,3,0,1,4,2,N,N,40 00:28.314,75 10:20.141,327, ,317, ,0, ,N, ,3, , , , , ,515788, , , ,2,2,0,0,0,0,0,0,0,1,0,0,1,0,1,0,0,0,0,0,0,0,0,0,0,0,0,1,0,0,0,0,0,0,0,2,0,40.0079,-75.1723, , 
 ,47571,2013047815,6,67,67301,2013,4,7,1030,10,1,1,0,4,1, , ,N,0,0,0,3,0,1,2,2,N,N,40 05:39.002,75 01:51.076,1030, ,1030,1,1,1,N, ,0,N, , , , ,515790, , , ,1,1,0,0,0,0,0,0,1,0,1,0,1,0,0,0,0,0,1,0,0,0,0,0,0,0,0,0,0,0,0,0,0,0,0,3,0,40.0942,-75.0309, , 
 ,47572,2013055340,6,67,67301,2013,5,7,1229,12,1,1,0,4,1, , ,N,1,2,2,3,0,1,3,2,N,N,39 59:12.208,75 12:27.247,1235, ,1229, ,0, ,N, ,9, , , , , ,515797, , , ,2,2,0,0,0,0,0,0,0,0,0,0,1,1,0,0,0,0,0,0,1,0,0,0,0,0,0,0,0,0,0,0,0,0,0,8,0,39.9867,-75.2076, , 
 ,47573,2013062631,6,67,67301,2013,5,4,1540,15,1,1,0,4,1, , ,N,1,3,0,3,0,2,3,2,N,N,40 01:12.550,75 04:42.977,1545, ,1545, ,0, ,N, ,3, , , , , ,515804, , , ,2,2,0,0,0,0,0,0,0,0,1,1,2,0,0,0,0,0,0,1,0,0,0,1,0,0,0,0,0,0,0,0,0,0,0,3,0,40.0202,-75.0786, , 
N,47574,2013062976,6,67,67301,2013,6,4,640,6,1,1,0,1,1,1,4,Y,0,0,0,3,0,0,5,4,N,N,40 01:27.916,75 01:50.981,657,45,640,1,2,1,N, ,0,Y,N,N,N,N,515805,N,Y,N,4,1,0,0,1,0,2,0,0,0,0,0,0,0,1,0,0,0,0,0,0,0,0,0,0,0,0,0,0,0,0,0,0,0,0,9,0,40.0244,-75.0308, , 
 ,47575,2013065559,6,67,67301,2013,5,7,1637,16,1,1,0,8,1, , ,N,2,3,0,3,0,1,2,2,N,N,40 01:34.093,75 07:40.519,1735, ,1659, ,0, ,N, ,3, , , , , ,515806, , , ,1,1,0,0,0,0,0,0,0,0,0,1,1,0,0,0,0,0,0,0,0,0,0,0,0,0,0,0,0,0,0,0,1,0,0,4,0,40.0261,-75.1279, , 
 ,47576,2013011987,6,67,67301,2013,1,3,1829,18,1,1,0,1,1, , ,N,0,0,0,3,0,0,1,2,N,N,40 01:35.178,75 05:44.893,1846, ,1820,1,1,2,N, ,0,N, , , , ,515819, , , ,2,1,0,0,0,0,1,0,0,0,0,0,0,0,0,0,0,0,0,0,0,1,0,0,0,0,0,0,0,0,0,0,0,0,0,0,0,40.0264,-75.0958, , 
 ,47577,2013024919,6,67,67301,2013,1,5,1424,14,1,1,0,1,1, , ,N,0,0,0,3,0,0,2,2,N,N,40 04:53.938,74 59:40.757,1640, ,1639, ,0, ,N, ,0, , , , , ,515828, , , ,2,1,0,0,1,0,0,0,0,0,0,0,0,0,0,0,0,0,0,0,0,0,0,0,0,0,0,0,0,0,0,0,0,0,0,0,0,40.0816,-74.9947, , 
 ,47578,2013030109,6,67,67301,2013,2,4,1650,16,1,1,0,4,1, , ,N,1,2,0,3,0,1,3,2,N,N,40 02:12.235,75 03:52.193,1705, ,1655, ,0, ,N, ,3, , , , , ,515834, , , ,2,1,0,0,0,0,0,1,0,0,0,1,1,0,0,0,0,0,0,1,0,0,0,0,0,0,0,0,0,0,0,0,0,0,0,4,0,40.0367,-75.0645, , 
 ,47579,2013032488,6,67,67301,2013,2,7,2145,21,3,1,0,4,1, , ,N,1,3,0,3,0,3,3,3,N, ,40 02:04.768,75 06:37.094,2155, ,2150, ,0, , , ,3, , , , , ,515838, , , ,2,0,0,0,1,0,0,1,0,0,0,1,3,2,0,0,0,0,0,0,0,0,0,0,0,0,0,0,0,0,0,0,0,0,0,4,0,40.0347,-75.1103, , 
 ,47580,2013038999,6,67,67301,2013,3,3,119,1,3,2,1,7,2, , ,N,0,0,0,3,0,0,1,1,N,N,39 57:38.799,75 10:54.172,126, ,123,1,2,4,N, ,0,Y, , , , ,515891, , , ,1,1,0,0,0,0,0,0,0,0,0,0,0,0,0,0,0,0,0,0,0,0,0,0,0,0,0,0,0,0,0,0,0,0,0,0,0,39.9608,-75.1817, , 
 ,47581,2013012109,6,67,67301,2013,1,2,1500,15,1,1,0,5,1, , ,N,0,0,0,3,0,1,7,2,Y,N,40 01:34.517,75 07:15.705,1515, ,1503,1,2,2,N, ,0,Y, , , , ,515914, , , ,2,0,0,1,1,0,0,0,0,0,0,1,1,0,0,0,0,0,0,0,0,0,0,0,0,0,0,0,0,0,0,0,0,0,0,4,1,40.0263,-75.121, , 
 ,47582,2013026981,6,67,67301,2013,2,6,1850,18,6,1,0,8,1, , ,N,1,3,0,3,0,1,2,2,N,N,39 56:06.640,75 10:31.933,1910, ,1900, ,0, ,N, ,3, , , , , ,515925, , , ,1,0,0,0,0,0,1,0,0,0,0,1,1,0,0,0,0,0,0,0,0,1,0,0,0,0,0,0,0,0,0,0,1,0,0,4,0,39.9352,-75.1755, , 
 ,47583,2013055475,6,67,67301,2013,5,7,1920,19,1,1,0,4,1, , ,N,1,2,0,3,0,2,2,2,N, ,39 58:51.848,75 14:34.202,1938, ,1935,2,2,7, , ,3,N, , , , ,515953, , , ,2,2,0,0,0,0,0,0,0,0,0,1,2,1,0,0,0,0,0,0,1,0,0,1,0,0,0,0,0,0,0,0,0,0,0,4,0,39.9811,-75.2428, , 
 ,47584,2013030097,6,67,67301,2013,2,4,725,7,1,1,0,1,1, , ,N,0,0,0,3,0,0,7,3,N,N,40 02:42.082,75 07:25.567,731, ,729, ,0, ,N, ,0, , , , , ,515984, , , ,3,1,0,0,0,0,1,1,0,0,0,0,0,0,0,0,0,0,0,0,2,0,0,0,0,0,0,0,0,0,0,0,0,0,0,0,0,40.045,-75.1238, , 
 ,47585,2013041352,6,67,67301,2013,3,7,1255,12,1,1,0,4,7, , ,N,7,0,2,3,0,2,5,2,N,N,40 00:38.272,75 11:04.414,1305, ,1256,1,1,2,N, ,0,N, , , , ,515997, , , ,2,2,0,0,0,0,0,0,0,0,0,2,2,0,0,0,0,0,0,0,0,0,0,0,0,0,0,0,0,0,0,0,0,0,0,4,0,40.0106,-75.1846, , 
 ,47586,2013050225,6,67,67301,2013,4,5,804,8,1,1,0,4,7, , ,N,1,3,2,3,0,1,2,2,N,N,39 59:11.983,75 12:29.919,812, ,809, ,0, ,N, ,3, , , , , ,519604, , , ,2,2,0,0,0,0,0,0,0,0,0,0,1,1,0,0,0,0,0,0,1,0,0,0,0,0,0,0,0,0,0,0,0,0,0,8,0,39.9867,-75.2083, , 
 ,47587,2013009133,6,67,67301,2013,1,7,1247,12,1,1,0,7,2, , ,N,0,0,0,3,0,1,2,1,N,N,39 58:49.617,75 12:20.750,1254, ,1248,1,1,4,N, ,0,N, , , , ,519618, , , ,1,0,0,0,0,0,1,0,0,0,0,0,1,1,0,0,0,0,0,1,0,0,0,0,0,0,0,0,0,0,0,0,0,0,0,8,0,39.9804,-75.2058, , 
 ,47588,2013026652,6,67,67301,2013,2,6,630,6,5,1,0,1,1, , ,N,0,0,0,3,0,0,2,2,N,N,40 02:19.052,75 00:34.832,647, ,632, ,0, ,N, ,0, , , , , ,519629, , , ,2,2,0,0,0,0,0,0,0,0,0,0,0,0,0,0,0,0,0,0,0,0,0,0,0,0,0,0,0,0,0,0,0,0,0,0,0,40.0386,-75.0097, , 
 ,47589,2013043402,6,67,67301,2013,3,7,2150,21,3,1,0,4,1, , ,N,0,0,0,3,0,1,1,2,N,N,39 59:42.576,75 06:06.829,25, ,18, ,0, , , ,0, , , , , ,519646, , , ,2,1,0,0,1,0,0,0,0,0,0,0,1,1,0,0,0,0,0,0,0,0,1,0,0,0,0,0,0,0,0,0,0,0,0,8,0,39.9952,-75.1019, , 
 ,47590,2013043773,6,67,67301,2013,3,7,125,1,3,1,0,4,1, , ,N,1,3,0,3,0,4,4,4,N,N,39 55:14.869,75 09:05.601,207, ,207,9,2,7,N, ,3,Y, , , , ,519647, , , ,4,4,0,0,0,0,0,0,0,0,0,4,4,0,0,0,1,0,0,0,0,0,0,0,0,0,0,0,0,0,0,0,0,0,0,4,0,39.9208,-75.1516, , 
 ,47591,2013062547,6,67,67301,2013,4,2,1431,14,1,2,1,4,1, , ,N,1,3,0,3,0,1,2,3,N,N,39 59:51.432,75 07:46.127,1635, ,1633, ,0, ,N, ,3, , , , , ,519660, , , ,3,1,0,0,0,0,0,2,0,0,0,0,1,1,0,0,0,0,0,0,1,0,0,2,0,0,0,0,0,0,0,0,0,0,0,8,0,39.9976,-75.1295, , 
 ,47592,2013024921,6,67,67301,2013,2,2,140,1,3,1,1,4,1, , ,N,1,3,0,3,0,2,4,2,N,N,39 56:12.858,75 09:00.809,147, ,143, ,0, ,N, ,3, , , , , ,519672, , , ,2,2,0,0,0,0,0,0,0,0,0,2,2,0,0,0,0,0,0,0,0,0,0,0,0,0,0,0,0,0,0,0,0,0,0,4,0,39.9369,-75.1502, , 
 ,47593,2013026933,6,67,67301,2013,2,2,806,8,1,2,1,4,1, , ,N,1,1,0,3,0,1,2,2,N,N,39 55:47.512,75 08:40.032,811, ,806,2,1,2,N, ,3,N, , , , ,519673, , , ,2,0,0,0,0,0,0,2,0,0,0,1,1,0,0,0,0,0,0,0,0,0,0,0,0,0,0,0,0,0,0,0,0,0,0,4,0,39.9299,-75.1445, , 
 ,47594,2013027677,6,67,67301,2013,2,7,841,8,1,1,0,1,1, , ,N,1,2,0,3,0,5,7,2,N,N,39 56:38.601,75 10:07.543,849, ,841, ,0, ,N, ,3, , , , , ,519674, , , ,2,2,0,0,0,0,0,0,0,0,0,5,5,0,0,0,0,0,0,0,0,0,0,7,0,0,0,0,0,0,0,0,0,0,0,4,0,39.9441,-75.1688, , 
 ,47595,2013055486,6,67,67301,2013,5,4,707,7,1,2,1,6,1, , ,N,0,0,0,3,0,1,2,2,N,N,39 59:07.141,75 12:44.788,710, ,707, ,0, ,N, ,0, , , , , ,519695, , , ,2,1,0,0,0,0,0,1,0,0,0,0,1,1,0,0,0,0,0,0,0,0,0,0,0,0,0,0,0,0,0,0,0,0,0,8,0,39.9853,-75.2124, , 
 ,47596,2013044103,6,67,67301,2013,3,4,700,7,1,1,0,4,6, , ,N,0,0,0,3,0,0,1,2,N,N,39 54:53.301,75 09:19.056,725, ,718, ,0, ,N, ,0, , , , , ,519746, , , ,2,0,0,0,1,0,1,0,0,0,0,0,0,0,0,0,0,0,0,0,0,0,0,1,0,0,0,0,0,0,0,0,0,0,0,0,0,39.9148,-75.1553, , 
 ,47597,2013024968,6,67,67301,2013,2,2,900,9,1,1,1,8,5, , ,N,1,2,0,3,0,1,2,2,N,N,40 05:41.833,75 00:55.566,930, ,930, ,0, ,N, ,3, , , , , ,519774, , , ,1,0,0,0,1,0,0,0,0,0,0,0,1,1,0,0,0,0,0,0,0,0,0,0,0,0,0,0,0,0,0,0,1,0,0,8,0,40.095,-75.0154, , 
 ,47598,2013029670,6,67,67301,2013,2,6,855,8,1,2,1,4,1, , ,N,0,0,0,3,0,0,2,2,N, ,40 05:48.958,74 58:14.487,902, ,856, ,0, , , ,0, , , , , ,519780, , , ,2,1,0,0,0,0,1,0,0,0,0,0,0,0,0,0,0,0,0,0,0,0,0,0,0,0,0,0,0,0,0,0,0,0,0,0,0,40.0969,-74.9707, , 
 ,47599,2013038691,6,67,67301,2013,4,6,440,4,3,2,1,7,2, , ,N,0,0,0,3,0,0,2,1,N,N,39 56:42.247,75 11:27.484,452, ,443, ,0, ,N, ,0, , , , , ,519795, , , ,1,1,0,0,0,0,0,0,0,0,0,0,0,0,0,0,0,0,0,0,0,0,0,0,0,0,0,0,0,0,0,0,0,0,0,0,0,39.9451,-75.191, , 
 ,47600,2013012015,6,67,67301,2013,1,3,731,7,1,1,0,7,5, , ,N,0,0,0,3,0,1,1,1,N,N,40 01:16.140,75 04:35.518,737, ,731,9,1,4, , ,0,N, , , , ,519815, , , ,1,1,0,0,0,0,0,0,0,0,0,1,1,0,0,0,0,0,0,0,0,0,0,0,0,0,0,0,0,0,0,0,0,0,0,4,0,40.0212,-75.0765, , 
 ,47601,2013016286,6,67,67301,2013,1,6,740,7,1,1,0,4,1, , ,N,1,2,0,3,0,4,4,2,N,N,40 02:33.169,75 07:44.993,749, ,749,3,2,7,N, ,3,Y, , , , ,519821, , , ,2,1,0,0,0,0,1,0,0,0,2,2,4,0,0,0,0,0,0,0,0,0,0,0,0,0,0,0,0,0,0,0,0,0,0,3,0,40.0425,-75.1292, , 
 ,47602,2013022276,6,67,67301,2013,1,1,1350,13,1,1,0,1,1, , ,N,0,0,0,3,0,3,5,2,N,N,40 02:47.017,75 03:08.748,1359, ,1352,1,1,2,N, ,0,N, , , , ,519826, , , ,2,1,0,0,0,0,0,1,0,0,0,0,3,3,0,0,0,0,0,0,0,0,0,0,0,0,0,0,0,0,0,0,0,0,0,8,0,40.0464,-75.0524, , 
 ,47603,2013035279,6,67,67301,2013,3,6,1048,10,1,1,0,4,1, , ,N,2,0,0,3,0,0,2,2,N,N,39 57:41.068,75 08:35.811,1111, ,1107, ,0, ,N, ,0, , , , , ,519835, , , ,2,1,0,0,1,0,0,0,0,0,0,0,0,0,0,0,0,0,0,0,0,0,0,0,0,0,0,0,0,0,0,0,0,0,0,0,0,39.9614,-75.1433, , 
 ,47604,2013050351,6,67,67301,2013,4,2,1506,15,1,1,0,8,1, , ,N,0,0,0,3,0,1,2,2,N,N,39 55:10.855,75 09:10.580,1550, ,1546, ,0, ,N, ,0, , , , , ,523715, , , ,1,0,0,0,0,0,1,0,0,0,0,0,1,1,0,0,0,0,0,0,0,0,0,0,0,0,0,0,0,0,0,0,1,0,0,8,0,39.9197,-75.1529, , 
 ,47605,2013006098,6,67,67301,2013,1,3,750,7,1,1,0,7,4, , ,N,2,0,0,3,0,1,1,1,N,N,39 57:15.535,75 08:23.018,803, ,800, ,0, ,N, ,0, , , , , ,523718, , , ,1,0,0,0,0,0,1,0,0,0,0,0,1,1,0,0,0,0,0,0,0,0,0,0,0,0,0,0,0,0,0,0,0,0,0,8,0,39.9543,-75.1395, , 
 ,47606,2013022229,6,67,67301,2013,1,1,330,3,3,1,0,4,1, , ,N,5,2,0,3,0,3,4,2,N,N,40 03:15.991,75 05:09.164,335, ,330, ,0, , , ,3, , , , , ,523737, , , ,2,2,0,0,0,0,0,0,0,0,0,0,3,3,0,0,0,0,0,0,0,0,0,0,0,0,0,0,0,0,0,0,0,0,0,8,0,40.0544,-75.0859, , 
 ,47607,2013025024,6,67,67301,2013,2,3,1723,17,3,4,1,6,1, , ,N,0,0,0,3,0,1,2,2,N,N,40 07:51.174,75 00:53.979,1735, ,1724, ,0, , , ,0, , , , , ,523742, , , ,2,2,0,0,0,0,0,0,0,0,0,0,1,1,0,0,0,0,0,0,1,0,0,0,0,0,0,0,0,0,0,0,0,0,0,8,0,40.1309,-75.015, , 
 ,47608,2013035241,6,67,67301,2013,2,4,1238,12,1,2,1,4,1, , ,N,1,2,0,3,0,0,3,2,N,N,40 01:36.153,75 07:02.268,1251, ,1249,2,1,2,N, ,3,N, , , , ,523747, , , ,2,1,0,0,1,0,0,0,0,0,0,0,0,0,0,0,0,0,0,0,0,1,0,0,0,0,0,0,0,0,0,0,0,0,0,0,0,40.0267,-75.1173, , 
 ,47609,2013047309,6,67,67301,2013,2,4,1235,12,1,1,0,8,1, , ,N,0,0,0,3,0,1,2,2,N,Y,40 03:30.159,75 09:48.349,1240, ,1235, ,0, ,N, ,0, , , , , ,523760, , , ,1,1,0,0,0,0,0,0,0,0,0,1,1,0,0,0,0,0,0,0,0,0,0,1,0,0,0,0,0,0,0,0,1,0,0,4,0,40.0584,-75.1634, , 
 ,47610,2013022208,6,67,67301,2013,1,3,1835,18,3,1,0,4,1, , ,N,1,2,0,3,0,2,3,2,N, ,40 03:55.900,75 03:09.041,1842, ,1840, ,0, , , ,3, , , , , ,523777, , , ,2,2,0,0,0,0,0,0,0,0,1,1,2,0,0,0,0,0,0,0,0,0,0,0,0,0,0,0,0,0,0,0,0,0,0,3,0,40.0655,-75.0525, , 
 ,47611,2013031376,6,67,67301,2013,3,5,1330,13,1,1,0,1,1, , ,N,0,0,0,3,0,2,3,2,N,N,39 57:27.553,75 10:48.742,1347, ,1333, ,0, ,N, ,0, , , , , ,523786, , , ,2,2,0,0,0,0,0,0,0,0,0,2,2,0,0,0,0,0,0,0,0,0,0,0,0,0,0,0,0,0,0,0,0,0,0,4,0,39.9577,-75.1802, , 
 ,47612,2013035025,6,67,67301,2013,2,1,1835,18,3,1,0,4,1, , ,N,1,0,0,3,0,0,4,2,N,N,40 01:54.231,75 10:43.900,1845, ,1837,2,2,6,N, ,0,Y, , , , ,523789, , , ,2,1,0,0,0,0,1,0,0,0,0,0,0,0,0,0,0,0,0,0,0,0,0,0,0,0,0,0,0,0,0,0,0,0,0,0,0,40.0317,-75.1789, , 
 ,47613,2013035284,6,67,67301,2013,3,3,2008,20,2,1,0,1,1, , ,N,0,0,0,3,0,1,6,2,N,N,40 01:05.676,75 10:10.844,2008, ,2007,1,1,4,N, ,0,N, , , , ,523790, , , ,2,2,0,0,0,0,0,0,0,0,0,1,1,0,0,0,0,0,0,0,0,0,0,0,0,0,0,0,0,0,0,0,0,0,0,4,0,40.0182,-75.1697, , 
 ,47614,2013043779,6,67,67301,2013,3,3,1725,17,1,1,0,4,1, , ,N,0,0,0,3,0,0,3,3,N,N,39 58:58.072,75 12:22.561,1730, ,1726,1,1,5,N, ,0,N, , , , ,523797, , , ,3,3,0,0,0,0,0,0,0,0,0,0,0,0,0,0,0,0,0,0,0,0,0,0,0,0,0,0,0,0,0,0,0,0,0,0,0,39.9828,-75.2063, , 
 ,47615,2013050276,6,67,67301,2013,4,2,1717,17,1,1,0,4,7, , ,N,1,3,2,3,0,0,3,2,N,N,39 59:11.983,75 12:29.919,1723, ,1723, ,0, ,N, ,3, , , , , ,523805, , , ,2,2,0,0,0,0,0,0,0,0,0,0,0,0,0,0,0,0,0,0,0,0,0,0,0,0,0,0,0,0,0,0,0,0,0,0,0,39.9867,-75.2083, , 
 ,47616,2013053107,6,67,67301,2013,4,1,1228,12,1,1,0,4,1, , ,N,1,2,0,3,0,4,6,2,N,N,39 56:28.692,75 12:33.670,1245, ,1233, ,0, ,N, ,3, , , , , ,523811, , , ,2,2,0,0,0,0,0,0,0,0,0,0,4,4,1,0,0,0,0,0,1,0,0,0,0,0,0,0,0,0,0,0,0,0,0,8,0,39.9412,-75.2094, , 
 ,47617,2013006153,6,67,67301,2013,1,3,149,1,3,1,0,5,1, , ,N,0,0,0,3,0,0,4,2,N,N,40 01:41.682,75 08:49.156,154, ,153, ,0, ,N, ,0, , , , , ,523814, , , ,2,2,0,0,0,0,0,0,0,0,0,0,0,0,2,0,0,0,0,0,0,0,0,0,0,0,0,0,0,0,0,0,0,0,0,9,0,40.0282,-75.147, , 
 ,47618,2013047276,6,67,67301,2013,4,5,1940,19,3,1,0,1,2, , ,N,0,0,0,3,0,1,2,2,N,N,39 58:29.182,75 09:49.240,1955, ,1940, ,0, ,N, ,0, , , , , ,523844, , , ,2,1,0,0,0,0,0,1,0,0,0,1,1,0,0,0,1,0,0,0,0,0,0,0,0,0,0,0,0,0,0,0,0,0,0,4,0,39.9748,-75.1637, , 
 ,47619,2013053042,6,67,67301,2013,4,5,1500,15,1,1,0,4,2, , ,N,0,0,7,3,0,2,4,2,N,N,40 05:06.286,75 02:12.346,1515, ,1512, ,0, ,N, ,0, , , , , ,523848, , , ,2,2,0,0,0,0,0,0,0,0,0,2,2,0,0,0,0,0,0,0,1,0,0,0,0,0,0,0,0,0,0,0,0,0,0,4,0,40.0851,-75.0368, , 
 ,47620,2013063547,6,67,67301,2013,6,1,600,6,1,1,0,1,1, , ,N,0,0,0,3,0,1,3,2,N,N,39 57:35.547,75 10:40.102,622, ,608,1,2,4,N, ,0,N, , , , ,523857, , , ,2,0,0,0,0,1,1,0,0,0,0,1,1,0,0,0,0,0,0,0,1,0,0,0,0,0,0,0,0,0,0,0,0,0,0,4,1,39.9599,-75.1778, , 
 ,47621,2013041279,6,67,67301,2013,3,5,1143,11,1,1,0,4,1, , ,N,1,2,0,3,0,3,4,2,N,N,40 02:02.361,75 04:27.863,1153, ,1149,1,1,1,N, ,3,N, , , , ,523893, , , ,2,2,0,0,0,0,0,0,0,0,1,2,3,0,0,0,0,0,0,0,0,0,0,0,0,0,0,0,0,0,0,0,0,0,0,3,0,40.034,-75.0744, , 
 ,47622,2013043792,6,67,67301,2013,3,7,858,8,1,1,0,4,1, , ,N,0,2,6,3,0,0,2,2,N,N,39 54:24.897,75 10:25.740,903, ,859, ,0, ,Y, ,3, , , , , ,523900, , , ,2,2,0,0,0,0,0,0,0,0,0,0,0,0,0,0,0,0,0,1,0,1,0,0,0,0,0,0,0,0,0,0,0,0,0,0,0,39.9069,-75.1738, , 
 ,47623,2013063109,6,67,67301,2013,5,5,1730,17,1,1,0,1,1, , ,N,1,3,0,3,0,1,2,2,N,N,40 00:32.335,75 08:11.486,9999, ,9999, ,0, ,N, ,3, , , , , ,526362, , , ,2,1,0,0,0,0,1,0,0,0,1,0,1,0,0,0,0,0,0,0,0,0,0,0,0,0,0,0,0,0,0,0,0,0,0,3,0,40.009,-75.1365, , 
 ,47624,2013026951,6,67,67301,2013,2,3,1720,17,3,1,1,4,1, , ,N,1,2,0,3,0,1,3,2,N, ,39 58:20.544,75 09:59.380,1932, ,1930, ,0, , , ,3, , , , , ,526381, , , ,2,1,0,0,0,0,0,0,0,0,0,0,1,1,0,0,0,0,1,0,0,0,0,0,0,0,0,0,0,0,0,0,0,0,0,8,0,39.9724,-75.1665, , 
 ,47625,2013035095,6,67,67301,2013,3,3,219,2,3,1,0,4,1, , ,N,1,3,0,3,0,0,2,2,N,N,39 58:47.085,75 07:18.670,220, ,219, ,0, ,N, ,3, , , , , ,526390, , , ,2,2,0,0,0,0,0,0,0,0,0,0,0,0,0,0,0,0,0,0,0,0,0,0,0,0,0,0,0,0,0,0,0,0,0,0,0,39.9797,-75.1219, , 
 ,47626,2013035636,6,67,67301,2013,2,5,800,8,1,1,0,8,1, , ,N,1,2,0,3,0,1,4,2,N,N,39 58:01.120,75 09:37.224,806, ,801, ,0, ,N, ,3, , , , , ,526391, , , ,1,1,0,0,0,0,0,0,0,0,1,0,1,0,3,0,0,0,0,0,0,0,0,2,0,0,0,0,0,0,0,0,1,0,0,3,0,39.967,-75.1603, , 
 ,47627,2013001119,6,67,67301,2013,1,5,901,9,1,1,0,7,4, , ,N,0,0,0,3,0,1,2,1,N,N,39 56:44.988,75 08:33.159,912, ,904,1,1,2,N, ,0,N, , , , ,526414, , , ,1,1,0,0,0,0,0,0,0,0,0,1,1,0,1,0,0,0,0,0,1,0,0,0,0,0,0,0,0,0,0,0,0,0,0,4,0,39.9458,-75.1425, , 
 ,47628,2013027672,6,67,67301,2013,2,4,821,8,1,1,0,4,1, , ,N,3,3,0,3,0,2,4,2,N,N,39 56:40.833,75 10:51.355,831, ,827, ,0, ,N, ,3, , , , , ,526439, , , ,2,1,0,0,1,0,0,0,0,0,0,2,2,0,1,0,0,0,0,0,1,0,0,0,0,0,0,0,0,0,0,0,0,0,0,4,0,39.9447,-75.1809, , 
 ,47629,2013032444,6,67,67301,2013,2,6,1350,13,1,1,0,7,5, , ,N,1,2,0,3,0,1,1,1,N,N,39 57:04.866,75 11:56.817,1351, ,1350, ,0, ,N, ,3, , , , , ,526444, , , ,1,0,0,0,0,0,1,0,0,0,0,0,1,1,0,0,0,0,0,0,0,1,0,0,0,0,0,0,0,0,0,0,0,0,0,8,0,39.9514,-75.1991, , 
 ,47630,2013035020,6,67,67301,2013,2,7,1933,19,3,2,1,4,1, , ,N,2,3,0,3,0,2,3,3,N,N,39 58:46.873,75 14:47.028,1939, ,1934, ,0, ,N, ,3, , , , , ,526450, , , ,3,3,0,0,0,0,0,0,0,0,0,2,2,0,0,0,0,0,0,0,1,0,0,0,0,0,0,0,0,0,0,0,0,0,0,4,0,39.9797,-75.2463, , 
 ,47631,2013029704,6,67,67301,2013,2,6,645,6,1,1,0,6,1, , ,N,2,2,0,3,0,1,2,2,N,N,40 01:52.459,75 01:18.271,704, ,653,1,1,4,N, ,3,Y, , , , ,526482, , , ,2,1,0,0,0,0,1,0,0,0,0,0,1,1,0,0,0,0,0,0,0,0,0,0,0,0,0,0,0,0,0,0,0,0,0,8,0,40.0312,-75.0217, , 
 ,47632,2013035628,6,67,67301,2013,2,2,1440,14,1,1,0,4,1, , ,N,1,3,0,3,0,1,3,2,N,N,39 58:04.803,75 13:36.001,1545, ,1500, ,0, ,N, ,3, , , , , ,526490, , , ,2,2,0,0,0,0,0,0,0,0,0,1,1,0,0,0,0,0,0,0,0,0,0,0,0,0,0,0,0,0,0,0,0,0,0,4,0,39.968,-75.2267, , 
 ,47633,2013035649,6,67,67301,2013,2,6,140,1,3,1,0,7,5, , ,N,2,2,0,3,0,1,1,1,N,N,39 56:24.382,75 12:02.446,140, ,140, ,0, ,N, ,3, , , , , ,526491, , , ,1,1,0,0,0,0,0,0,0,0,0,1,1,0,0,0,0,0,0,0,0,0,0,0,0,0,0,0,0,0,0,0,0,0,0,4,0,39.9401,-75.2007, , 
 ,47634,2013037421,6,67,67301,2013,3,6,1526,15,1,1,0,8,1, , ,N,0,0,0,3,0,1,2,2,N,Y,39 55:47.118,75 10:55.520,1530, ,1528, ,0, ,N, ,0, , , , , ,526494, , , ,1,1,0,0,0,0,0,0,0,0,0,0,1,1,0,0,0,0,0,0,0,0,0,0,0,0,0,0,0,0,0,0,1,0,0,8,0,39.9298,-75.1821, , 
 ,47635,2013055890,6,67,67301,2013,4,6,2247,22,3,1,0,8,1, , ,N,0,0,0,3,0,1,5,2,N,N,39 57:16.759,75 10:53.328,2247, ,2247,2,1,3,N, ,0,N, , , , ,526508, , , ,1,1,0,0,0,0,0,0,0,0,0,0,1,1,0,0,0,0,0,0,0,0,0,3,0,0,0,0,0,0,0,0,1,0,0,8,0,39.9547,-75.1815, , 
 ,47636,2013055906,6,67,67301,2013,5,3,850,8,1,1,0,4,1, , ,N,2,3,0,3,0,1,3,2,N, ,40 00:31.385,75 06:38.305,1000, ,953, ,0, , , ,3, , , , , ,526509, , , ,2,2,0,0,0,0,0,0,0,0,0,1,1,0,0,0,0,0,0,0,0,0,0,0,0,0,0,0,0,0,0,0,0,0,0,4,0,40.0087,-75.1106, , 