wz_ln_closure,objectid_1,crn,district,county,municipality,crash_year,crash_month,day_of_week,time_of_day,hour_of_day,illumination,weather,road_condition,collision_type,relation_to_road,work_zone_type,work_zone_loc,work_zone_ind,intersect_type,tcd_type,location_type,urban_rural,fatal_count,injury_count,person_count,total_units,sch_bus_ind,sch_zone_ind,latitude,longitude,arrival_tm,cons_zone_spd_lim,dispatch_tm,est_hrs_closed,lane_closed,ln_close_dir,ntfy_hiwy_maint,spec_juris_cd,tcd_func_cd,tfc_detour_ind,workers_pres,wz_close_detour,wz_flagger,wz_law_offcr_ind,objectid,wz_moving,wz_other,wz_shlder_mdn,vehicle_count,automobile_count,motorcycle_count,bus_count,small_truck_count,heavy_truck_count,suv_count,van_count,bicycle_count,maj_inj_count,mod_inj_count,min_inj_count,tot_inj_count,unk_inj_deg_count,unk_inj_per_count,driver_count_16yr,driver_count_17yr,driver_count_18yr,driver_count_19yr,driver_count_20yr,driver_count_50_64yr,driver_count_65_74yr,driver_count_75plus,unbelted_occ_count,unb_death_count,unb_maj_inj_count,belted_death_count,belted_maj_inj_count,mcycle_death_count,mcycle_maj_inj_count,bicycle_death_count,bicycle_maj_inj_count,ped_count,ped_death_count,ped_maj_inj_count,max_severity_level,comm_veh_count,dec_lat,dec_long,rdwy_surf_type_cd,county_name
 ,47637,2013016274,6,67,67301,2013,1,2,1428,14,1,1,0,2,1, , ,N,1,3,0,3,0,0,4,2,N, ,40 02:13.896,75 02:23.256,1540, ,1532, ,0, , , ,3, , , , , ,526523, , , ,2,2,0,0,0,0,0,0,0,0,0,0,0,0,0,0,0,0,0,0,1,0,0,0,0,0,0,0,0,0,0,0,0,0,0,0,0,40.0371,-75.0398, , 
 ,47638,2013024992,6,67,67301,2013,1,3,2204,22,3,1,1,1,1, , ,N,1,2,0,3,0,1,3,2,N,N,39 58:25.603,75 15:29.678,2215, ,2208, ,0, , , ,3, , , , , ,526534, , , ,2,2,0,0,0,0,0,0,0,0,0,0,1,1,0,0,0,0,0,0,0,0,0,1,0,0,0,0,0,0,0,0,0,0,0,8,0,39.9738,-75.2582, , 
 ,47639,2013035599,6,67,67301,2013,2,5,1430,14,1,1,0,8,1, , ,N,0,0,0,3,0,1,2,2,N,N,40 00:23.119,75 09:06.707,1440, ,1435, ,0, ,N, ,0, , , , , ,526543, , , ,1,1,0,0,0,0,0,0,0,0,0,0,1,1,0,0,0,0,0,0,0,0,0,0,0,0,0,0,0,0,0,0,1,0,0,8,0,40.0064,-75.1519, , 
 ,47640,2013043417,6,67,67301,2013,3,7,433,4,3,1,0,5,6, , ,N,0,0,0,3,0,0,3,5,N,N,40 00:33.795,75 05:53.770,446, ,436,3,2,2,N, ,0,Y, , , , ,526593, , , ,5,5,0,0,0,0,0,0,0,0,0,0,0,0,0,0,0,0,0,0,0,0,0,0,0,0,0,0,0,0,0,0,0,0,0,0,0,40.0093,-75.0983, , 
 ,47641,2013022234,6,67,67301,2013,1,6,1947,19,3,1,0,8,1, , ,N,1,0,0,3,0,1,3,3,N,N,40 00:48.761,75 09:31.952,1954, ,1950, ,0, ,N, ,0, , , , , ,516019, , , ,2,1,0,0,1,0,0,0,0,0,0,1,1,0,0,0,0,0,0,0,1,0,0,0,0,0,0,0,0,0,0,0,1,0,0,4,0,40.0135,-75.1589, , 
 ,47642,2013029681,6,67,67301,2013,2,2,1013,10,1,1,1,1,6, , ,N,0,0,0,3,0,0,1,4,N,N,40 06:41.835,74 58:44.137,1020, ,1013, ,0, ,N, ,0, , , , , ,516025, , , ,4,2,0,0,0,0,1,1,0,0,0,0,0,0,0,0,0,0,0,0,0,0,0,0,0,0,0,0,0,0,0,0,0,0,0,0,0,40.1116,-74.9789, , 
 ,47643,2013033046,6,67,67301,2013,3,3,1550,15,1,1,0,1,1, , ,N,0,0,0,3,0,1,2,2,N,N,40 01:23.827,75 02:05.488,1613, ,1555,2,1,2,N, ,0,N, , , , ,516027, , , ,2,2,0,0,0,0,0,0,0,0,0,0,1,1,0,0,0,0,0,1,0,0,0,0,0,0,0,0,0,0,0,0,0,0,0,8,0,40.0233,-75.0348, , 
 ,47644,2013017690,6,67,67301,2013,2,3,1745,17,3,4,1,5,1, , ,N,0,0,0,3,0,0,2,2,N,N,39 56:55.806,75 11:06.688,1759, ,1751,1,1,4,N, ,0,N, , , , ,516061, , , ,2,2,0,0,0,0,0,0,0,0,0,0,0,0,0,0,0,0,0,0,0,0,0,0,0,0,0,0,0,0,0,0,0,0,0,0,0,39.9488,-75.1852, , 
 ,47645,2013022188,6,67,67301,2013,1,1,2227,22,3,1,0,7,1, , ,N,2,0,0,3,0,0,1,1,N,N,39 57:30.992,75 12:28.771,2245, ,2233, ,0, ,N, ,0, , , , , ,516065, , , ,1,1,0,0,0,0,0,0,0,0,0,0,0,0,0,0,0,0,0,0,0,0,0,0,0,0,0,0,0,0,0,0,0,0,0,0,0,39.9586,-75.208, , 
 ,47646,2013025306,6,67,67301,2013,1,2,125,1,3,1,1,7,2, , ,N,0,0,0,3,0,0,1,1,N,N,40 01:21.213,75 11:53.480,9999, ,325, ,0, , , ,0, , , , , ,516070, , , ,1,1,0,0,0,0,0,0,0,0,0,0,0,0,0,0,0,0,0,0,0,0,0,1,0,0,0,0,0,0,0,0,0,0,0,0,0,40.0226,-75.1982, , 
 ,47647,2013045512,6,67,67301,2013,4,7,1503,15,1,1,0,1,1, , ,N,0,0,0,3,0,2,3,2,N,N,40 00:26.950,75 12:03.767,1520, ,1514,1,1,3,N, ,0,N, , , , ,516139, , , ,2,1,0,0,0,0,1,0,0,0,0,2,2,0,0,0,0,0,0,0,1,0,0,0,0,0,0,0,0,0,0,0,0,0,0,4,0,40.0075,-75.201, , 
 ,47648,2013003499,6,67,67301,2013,1,3,1909,19,3,1,0,1,1, , ,N,0,0,0,3,0,0,3,3,N,N,39 58:49.459,75 06:15.797,1909, ,1909,1,1,1,N, ,0,N, , , , ,516147, , , ,3,2,0,0,0,0,1,0,0,0,0,0,0,0,0,0,0,0,0,0,0,0,0,0,0,0,0,0,0,0,0,0,0,0,0,0,0,39.9804,-75.1045, , 
 ,47649,2013023546,6,67,67301,2013,1,6,2300,23,3,1,0,8,1, , ,N,1,2,0,3,0,1,2,2,N,N,39 57:39.668,75 13:58.310,1625, ,1622, ,0, ,N, ,3, , , , , ,516178, , , ,1,1,0,0,0,0,0,0,0,0,0,1,1,0,0,0,0,0,0,0,0,0,0,0,0,0,0,0,0,0,0,0,1,0,0,4,0,39.9609,-75.2329, , 
 ,47650,2013026657,6,67,67301,2013,2,5,1812,18,3,1,0,1,1, , ,N,7,4,2,3,0,0,5,3,N,N,39 56:57.647,75 11:03.883,1821, ,1815,1,2,4,N, ,3,N, , , , ,516181, , , ,3,1,0,0,0,0,2,0,0,0,0,0,0,0,1,0,0,0,0,0,0,0,0,0,0,0,0,0,0,0,0,0,0,0,0,9,0,39.9493,-75.1844, , 
 ,47651,2013026947,6,67,67301,2013,2,7,1906,19,3,4,1,4,1, , ,N,2,2,0,3,0,1,2,2,N,N,40 00:54.937,75 12:28.613,1912, ,1906, ,0, ,N, ,3, , , , , ,516183, , , ,2,1,0,0,0,0,1,0,0,0,0,0,1,1,0,0,0,0,0,0,0,0,0,1,0,0,0,0,0,0,0,0,0,0,0,8,0,40.0153,-75.2081, , 
 ,47652,2013035064,6,67,67301,2013,2,5,930,9,1,1,0,1,1, , ,N,0,0,0,3,0,1,2,2,N,N,39 56:57.181,75 11:58.146,942, ,937, ,0, ,N, ,0, , , , , ,516189, , , ,2,1,0,0,1,0,0,0,0,0,0,1,1,0,0,0,0,0,0,0,1,0,0,0,0,0,0,0,0,0,0,0,0,0,0,4,0,39.9492,-75.1995, , 
 ,47653,2013035611,6,67,67301,2013,2,1,1255,12,1,1,0,4,1, , ,N,0,0,0,3,0,0,2,3,N,N,40 03:18.769,75 08:26.692,1402, ,1400, ,0, ,N, ,0, , , , , ,516191, , , ,3,2,0,0,0,0,1,0,0,0,0,0,0,0,0,0,0,0,0,0,1,1,0,0,0,0,0,0,0,0,0,0,0,0,0,0,0,40.0552,-75.1407, , 
 ,47654,2013029762,6,67,67301,2013,2,2,9999,99,3,1,0,6,1, , ,N,1,3,0,3,0,1,1,2,N,N,40 02:38.169,75 08:23.233,150, ,150, ,0, ,N, ,3, , , , , ,516223, , , ,2,2,0,0,0,0,0,0,0,0,1,0,1,0,0,0,0,0,0,0,1,0,0,0,0,0,0,0,0,0,0,0,0,0,0,3,0,40.0439,-75.1398, , 
 ,47655,2013035065,6,67,67301,2013,2,4,1502,15,1,1,0,8,1, , ,N,1,2,0,3,0,1,3,2,N,N,40 02:06.009,75 10:25.403,1525, ,1523,1,1,3,N, ,3,N, , , , ,516228, , , ,1,1,0,0,0,0,0,0,0,0,0,0,1,1,0,0,0,0,0,0,0,0,0,0,0,0,0,0,0,0,0,0,1,0,0,8,0,40.035,-75.1737, , 
 ,47656,2013037414,6,67,67301,2013,3,1,212,2,3,1,0,7,5, , ,N,2,0,0,3,0,0,1,1,N,N,39 59:35.488,75 04:53.544,214, ,212, ,0, ,N, ,0, , , , , ,516229, , , ,1,1,0,0,0,0,0,0,0,0,0,0,0,0,0,0,0,0,0,0,0,0,0,0,0,0,0,0,0,0,0,0,0,0,0,0,0,39.9932,-75.0815, , 
 ,47657,2013047917,6,67,67301,2013,5,1,1750,17,1,1,0,1,1, , ,N,0,0,0,3,0,1,7,4,N,N,39 57:31.259,75 10:09.501,1826, ,1818,1,1,3,N, ,0,N, , , , ,516238, , , ,4,2,0,0,1,0,1,0,0,0,0,0,1,1,0,0,0,0,0,0,0,1,0,0,0,0,0,0,0,0,0,0,0,0,0,8,0,39.9587,-75.1693, , 
 ,47658,2013029684,6,67,67301,2013,2,5,620,6,1,1,1,8,1, , ,N,1,2,0,3,0,1,2,2,N,N,40 01:59.691,75 02:15.936,855, ,850, ,0, ,N, ,3, , , , , ,516265, , , ,1,0,0,0,1,0,0,0,0,0,0,1,1,0,0,0,0,0,0,0,1,0,0,0,0,0,0,0,0,0,0,0,1,0,0,4,0,40.0332,-75.0378, , 
 ,47659,2013055427,6,67,67301,2013,5,4,1822,18,1,2,1,5,1, , ,N,0,0,0,3,0,0,2,2,N,N,40 04:35.200,75 01:58.942,1857, ,1833,1,1,2,N, ,0,N, , , , ,516288, , , ,2,2,0,0,0,0,0,0,0,0,0,0,0,0,0,0,0,0,0,0,0,0,0,0,0,0,0,0,0,0,0,0,0,0,0,0,0,40.0764,-75.033, , 
 ,47660,2013047228,6,67,67301,2013,4,3,830,8,1,1,0,8,1, , ,N,0,0,0,3,0,1,2,2,N, ,40 01:14.869,75 07:28.347,842, ,838, ,0, , , ,0, , , , , ,519845, , , ,1,1,0,0,0,0,0,0,0,0,0,1,1,0,1,0,0,0,0,0,0,0,0,0,0,0,0,0,0,0,0,0,1,0,0,4,0,40.0208,-75.1245, , 
 ,47661,2013047253,6,67,67301,2013,4,7,1225,12,1,1,0,4,1, , ,N,0,0,0,3,0,1,2,2,N,N,39 58:31.547,75 07:15.654,1239, ,2228, ,0, , , ,0, , , , , ,519846, , , ,2,2,0,0,0,0,0,0,0,0,1,0,1,0,0,0,0,0,0,0,0,0,0,0,0,0,0,0,0,0,0,0,0,0,0,3,0,39.9754,-75.121, , 
 ,47662,2013016168,6,67,67301,2013,1,7,1310,13,1,1,0,4,1, , ,N,0,0,7,3,0,2,4,2,N,N,40 01:51.726,75 06:16.720,1319, ,1317, ,0, ,N, ,0, , , , , ,519864, , , ,2,2,0,0,0,0,0,0,0,0,0,0,2,2,0,0,0,0,0,0,0,0,0,0,0,0,0,0,0,0,0,0,0,0,0,8,0,40.031,-75.1046, , 
 ,47663,2013024949,6,67,67301,2013,2,6,1957,19,3,1,0,4,1, , ,N,1,2,0,3,0,1,2,2,N,N,39 57:57.056,75 14:02.155,1958, ,1958, ,0, ,N, ,3, , , , , ,519873, , , ,2,0,0,0,1,0,0,1,0,0,0,1,1,0,0,0,0,0,0,0,0,0,0,0,0,0,0,0,0,0,0,0,0,0,0,4,0,39.9658,-75.2339, , 
 ,47664,2013031361,6,67,67301,2013,2,7,45,0,3,2,1,7,2, , ,N,0,0,0,3,0,0,5,1,N,N,40 01:47.514,75 01:19.048,53, ,48, ,0, ,N, ,0, , , , , ,519882, , , ,1,1,0,0,0,0,0,0,0,0,0,0,0,0,0,0,0,0,0,0,0,0,0,3,0,0,0,0,0,0,0,0,0,0,0,0,0,40.0297,-75.0221, , 
 ,47665,2013054626,6,67,67301,2013,4,4,818,8,1,1,0,8,1, , ,N,1,2,0,3,0,1,2,2,N,Y,39 59:23.298,75 07:31.934,823, ,819, ,0, ,N, ,3, , , , , ,519950, , , ,1,0,0,0,1,0,0,0,0,0,0,1,1,0,1,0,0,0,0,0,0,0,0,0,0,0,0,0,0,0,0,0,1,0,0,4,0,39.9898,-75.1255, , 
 ,47666,2013055649,6,67,67301,2013,5,5,2030,20,3,1,0,7,5, , ,N,0,0,0,3,0,2,2,1,N,N,40 02:33.820,75 10:18.490,2031, ,2031,2,2,5,N, ,0,Y, , , , ,519951, , , ,1,1,0,0,0,0,0,0,0,0,0,0,2,2,0,0,0,0,0,0,1,0,0,2,0,0,0,0,0,0,0,0,0,0,0,8,0,40.0427,-75.1718, , 
 ,47667,2013035631,6,67,67301,2013,3,5,1414,14,1,1,0,5,1, , ,N,1,3,0,3,0,2,3,2,N,N,40 01:30.478,75 04:57.665,1557, ,1545, ,0, ,N, ,3, , , , , ,519984, , , ,2,1,0,0,0,0,1,0,0,0,0,2,2,0,1,0,0,0,0,0,0,0,0,0,0,0,0,0,0,0,0,0,0,0,0,4,0,40.0251,-75.0827, , 
 ,47668,2013046243,6,67,67301,2013,4,3,1930,19,4,1,0,4,1, , ,N,1,3,0,3,0,1,2,2,N,N,40 02:33.903,75 09:14.209,1947, ,1944, ,0, ,N, ,3, , , , , ,520000, , , ,1,1,0,0,0,0,0,0,1,0,0,1,1,0,0,0,0,0,0,0,0,0,0,0,0,0,0,0,0,0,0,0,0,0,0,4,0,40.0428,-75.1539, , 
 ,47669,2013037409,6,67,67301,2013,3,5,1931,19,3,1,0,6,1, , ,N,2,0,0,3,0,0,2,2,N,N,39 56:27.423,75 13:05.933,1934, ,1934, ,0, ,N, ,0, , , , , ,520033, , , ,2,2,0,0,0,0,0,0,0,0,0,0,0,0,0,0,0,0,0,0,0,0,0,0,0,0,0,0,0,0,0,0,0,0,0,0,0,39.941,-75.2183, , 
 ,47670,2013037419,6,67,67301,2013,3,6,1000,10,1,1,0,4,1, , ,N,2,0,0,3,0,1,4,3,N,N,40 00:47.880,75 11:02.857,1016, ,1013, ,0, ,N, ,0, , , , , ,520034, , , ,2,2,0,0,0,0,0,0,0,1,0,0,1,0,0,0,0,0,0,0,0,1,0,0,0,0,0,0,0,0,0,0,1,0,1,2,0,40.0134,-75.1841, , 
 ,47671,2013042788,6,67,67301,2013,4,6,1254,12,1,2,1,7,2, , ,N,0,0,0,3,0,1,1,1,N,N,40 02:30.184,75 00:15.708,1305, ,1254, ,0, ,N, ,0, , , , , ,520040, , , ,1,0,0,0,0,0,1,0,0,0,0,0,1,1,0,0,0,0,0,0,0,0,0,0,0,0,0,0,0,0,0,0,0,0,0,8,0,40.0417,-75.0044, , 
 ,47672,2013047308,6,67,67301,2013,4,4,1145,11,1,1,0,4,1, , ,N,2,3,0,3,0,1,3,2,N, ,39 59:47.900,75 10:20.017,1149, ,1148, ,0, , , ,3, , , , , ,520047, , , ,1,1,0,0,0,0,0,0,1,0,0,1,1,0,0,0,0,0,0,0,0,0,0,0,0,0,0,0,0,0,0,0,0,0,0,4,0,39.9966,-75.1722, , 
 ,47673,2013037493,6,67,67301,2013,3,1,126,1,3,1,1,4,1, , ,N,2,0,0,3,0,2,3,2,N,N,40 02:20.379,75 08:54.812,132, ,128,3,2,6,N, ,0,Y, , , , ,520071, , , ,2,2,0,0,0,0,0,0,0,0,1,1,2,0,0,0,0,1,0,0,0,0,0,1,0,0,0,0,0,0,0,0,0,0,0,3,0,40.039,-75.1486, , 
 ,47674,2013042798,6,67,67301,2013,4,5,46,0,3,1,0,7,7, , ,N,7,0,2,3,0,0,1,1,N,N,39 57:41.799,75 10:56.905,56, ,49,2,1,4,Y, ,0,N, , , , ,520074, , , ,1,1,0,0,0,0,0,0,0,0,0,0,0,0,0,0,0,0,1,0,0,0,0,0,0,0,0,0,0,0,0,0,0,0,0,0,0,39.9616,-75.1825, , 
 ,47675,2013063111,6,67,67301,2013,5,2,1635,16,1,1,0,7,2, , ,N,0,0,6,3,0,1,1,2,N,N,40 04:04.635,75 02:26.272,1648, ,1643,2,1,2,N, ,0,N, , , , ,520093, , , ,1,1,0,0,0,0,0,0,0,0,0,1,1,0,0,0,0,1,0,0,0,0,0,0,0,0,0,0,0,0,0,0,0,0,0,4,0,40.0678,-75.0407, , 
Y,47676,2013005320,6,67,67301,2013,1,4,2142,21,3,1,0,1,1,1,4,Y,0,0,0,3,0,1,6,4,N,N,40 00:57.056,75 03:08.391,2148,45,2146,1,1,1,N, ,0,N,Y,N,N,Y,520101,N,N,Y,4,4,0,0,0,0,0,0,0,0,0,1,1,0,0,0,0,0,0,0,1,0,0,2,0,0,0,0,0,0,0,0,0,0,0,4,0,40.0158,-75.0524, , 
 ,47677,2013035165,6,67,67301,2013,3,5,2044,20,3,2,1,8,1, , ,N,0,0,0,3,0,1,2,2,N,N,40 02:57.069,75 02:39.854,2055, ,2045,2,1,1, , ,0,N, , , , ,520130, , , ,1,1,0,0,0,0,0,0,0,0,1,0,1,0,1,0,0,0,0,0,0,0,0,0,0,0,0,0,0,0,0,0,1,0,0,3,0,40.0492,-75.0444, , 
 ,47678,2013055490,6,67,67301,2013,5,7,1811,18,1,1,0,4,1, , ,N,1,2,0,3,0,1,4,2,N,N,39 54:52.617,75 09:53.387,1817, ,1813,2,1,4,N, ,3,N, , , , ,520145, , , ,2,0,0,0,1,0,1,0,0,0,1,0,1,0,0,0,0,0,0,0,0,0,0,0,0,0,0,0,0,0,0,0,0,0,0,3,0,39.9146,-75.1648, , 
 ,47679,2013043879,6,67,67301,2013,4,2,1546,15,1,1,0,1,1, , ,N,0,0,0,3,0,0,3,2,N,N,39 57:26.214,75 09:26.688,1546, ,1546, ,0, ,N, ,0, , , , , ,523901, , , ,2,2,0,0,0,0,0,0,0,0,0,0,0,0,0,0,1,0,1,0,0,0,0,0,0,0,0,0,0,0,0,0,0,0,0,0,0,39.9573,-75.1574, , 
 ,47680,2013045508,6,67,67301,2013,2,6,2225,22,3,1,0,5,1, , ,N,0,0,0,3,0,1,2,2,N,N,39 59:02.329,75 05:48.907,2240, ,2228,2,1,2,N, ,0,N, , , , ,523903, , , ,2,1,0,0,0,0,1,0,0,0,0,1,1,0,0,0,0,0,0,0,1,0,0,0,0,0,0,0,0,0,0,0,0,0,0,4,0,39.984,-75.0969, , 
 ,47681,2013017095,6,67,67301,2013,2,1,2359,23,3,4,1,7,2, , ,N,0,0,0,3,0,0,2,2,N,N,39 55:38.114,75 11:42.878,27, ,20, ,0, ,N, ,0, , , , , ,523914, , , ,2,2,0,0,0,0,0,0,0,0,0,0,0,0,0,0,0,0,0,0,0,0,0,0,0,0,0,0,0,0,0,0,0,0,0,0,0,39.9273,-75.1952, , 
 ,47682,2013027679,6,67,67301,2013,2,7,2347,23,3,1,0,4,3, , ,N,1,0,0,3,0,2,2,2,N,N,40 00:41.644,75 06:28.900,2350, ,2348,3,2,7,N, ,0,Y, , , , ,523925, , , ,2,1,0,0,1,0,0,0,0,0,0,2,2,0,0,0,0,0,0,0,1,0,0,0,0,0,0,0,0,0,0,0,0,0,0,4,0,40.0116,-75.108, , 
 ,47683,2013053010,6,67,67301,2013,4,4,850,8,1,1,0,4,1, , ,N,1,3,0,3,0,1,2,2,N, ,39 59:47.382,75 13:43.683,1030, ,6, ,0, , , ,3, , , , , ,523952, , , ,2,1,0,0,1,0,0,0,0,0,0,0,1,1,0,0,0,0,0,0,0,0,1,0,0,0,0,0,0,0,0,0,0,0,0,8,0,39.9965,-75.2288, , 
 ,47684,2013055317,6,67,67301,2013,5,2,2200,22,3,1,0,4,1, , ,N,0,2,7,3,0,2,3,2,N,N,40 02:21.953,75 06:36.584,2250, ,2247, ,0, ,N, ,3, , , , , ,523953, , , ,2,2,0,0,0,0,0,0,0,0,0,2,2,0,0,0,0,0,0,0,0,0,0,0,0,0,0,0,0,0,0,0,0,0,0,4,0,40.0394,-75.1102, , 
 ,47685,2013047237,6,67,67301,2013,4,3,235,2,3,1,0,7,5, , ,N,0,0,0,3,0,1,1,1,N,N,40 02:04.192,75 04:17.795,242, ,238,2,1,1,Y, ,0,Y, , , , ,524002, , , ,1,1,0,0,0,0,0,0,0,0,0,0,1,1,0,0,0,0,0,0,0,0,0,0,0,0,0,0,0,0,0,0,0,0,0,8,0,40.0345,-75.0716, , 
 ,47686,2013039252,6,67,67301,2013,3,7,1744,17,1,1,0,1,1, , ,N,0,0,0,3,0,0,3,2,N,N,39 58:19.977,75 07:20.225,1748, ,1744, ,0, ,N, ,0, , , , , ,524027, , , ,2,1,0,0,0,0,1,0,0,0,0,0,0,0,0,0,0,0,0,0,1,0,0,0,0,0,0,0,0,0,0,0,0,0,0,0,0,39.9721,-75.1224, , 
 ,47687,2013047338,6,67,67301,2013,4,5,2317,23,3,1,0,4,1, , ,N,1,2,0,3,0,2,2,2,N,N,39 55:26.800,75 10:03.408,2327, ,2323,3,1,4,N, ,3,Y, , , , ,524036, , , ,2,1,0,0,0,0,1,0,0,0,0,2,2,0,0,0,0,0,0,0,1,0,0,0,0,0,0,0,0,0,0,0,0,0,0,4,0,39.9241,-75.1676, , 
 ,47688,2013047840,6,67,67301,2013,5,3,1615,16,1,1,0,4,1, , ,N,0,0,0,3,0,0,2,2,N,N,39 59:02.316,75 09:23.930,1623, ,1620,1,1,1,N, ,0,N, , , , ,524037, , , ,2,1,0,0,0,0,1,0,0,0,0,0,0,0,0,0,0,0,0,0,0,0,0,0,0,0,0,0,0,0,0,0,0,0,0,0,0,39.984,-75.1566, , 
 ,47689,2013066849,6,67,67301,2013,3,6,450,4,6,1,0,1,1, , ,N,1,2,0,3,0,1,2,2,N,N,39 55:11.208,75 11:17.768,0, ,0, ,0, ,N, ,3, , , , , ,524048, , , ,2,2,0,0,0,0,0,0,0,0,0,0,1,1,1,0,1,0,0,0,0,0,0,0,0,0,0,0,0,0,0,0,0,0,0,8,0,39.9198,-75.1883, , 
 ,47690,2013007310,6,67,67301,2013,1,5,655,6,1,1,0,2,1, , ,N,1,2,0,3,0,2,2,2,N,N,40 05:18.096,75 02:38.680,704, ,658,3,2,3,N, ,3,Y, , , , ,524056, , , ,2,2,0,0,0,0,0,0,0,0,0,2,2,0,0,0,0,0,0,0,0,1,1,0,0,0,0,0,0,0,0,0,0,0,0,4,0,40.0884,-75.044, , 
 ,47691,2013016177,6,67,67301,2013,1,2,1520,15,1,1,0,8,1, , ,N,1,2,0,3,0,1,2,2,N,N,39 58:26.859,75 12:15.536,1526, ,1525, ,0, ,N, ,3, , , , , ,524061, , , ,1,0,0,0,0,0,1,0,0,0,0,1,1,0,0,0,0,0,0,0,0,0,0,0,0,0,0,0,0,0,0,0,1,0,0,4,0,39.9741,-75.2043, , 
 ,47692,2013022294,6,67,67301,2013,1,7,230,2,3,1,0,7,2, , ,N,0,2,0,3,0,0,2,1,N,N,40 01:43.546,75 06:04.445,240, ,230, ,0, ,Y, ,3, , , , , ,524067, , , ,1,1,0,0,0,0,0,0,0,0,0,0,0,0,0,0,0,0,0,0,0,0,0,0,0,0,0,0,0,0,0,0,0,0,0,0,0,40.0288,-75.1012, , 
 ,47693,2013046313,6,67,67301,2013,4,1,9999,99,1,1,0,8,1, , ,N,0,0,0,3,0,1,2,2,N,N,39 59:20.666,75 08:12.145,1727, ,1715, ,0, ,N, ,0, , , , , ,524088, , , ,1,1,0,0,0,0,0,0,0,0,1,0,1,0,0,0,0,0,0,0,0,0,0,1,0,0,0,0,0,0,0,0,1,0,0,3,0,39.9891,-75.1367, , 
 ,47694,2013024869,6,67,67301,2013,2,7,1500,15,1,1,0,5,6, , ,N,0,0,0,3,0,1,1,4,N,N,39 57:46.939,75 11:25.569,1511, ,1510, ,0, ,N, ,0, , , , , ,524110, , , ,4,3,0,0,1,0,0,0,0,0,0,1,1,0,0,0,0,0,0,0,1,0,0,0,0,0,0,0,0,0,0,0,0,0,0,4,0,39.963,-75.1904, , 
 ,47695,2013035004,6,67,67301,2013,2,5,1150,11,1,1,0,4,1, , ,N,1,3,0,3,0,2,4,2,N,N,40 02:12.433,75 04:09.245,1225, ,1221, ,0, ,N, ,3, , , , , ,524119, , , ,2,1,0,0,0,0,1,0,0,0,0,0,2,2,0,0,0,0,0,0,1,0,0,0,0,0,0,0,0,0,0,0,0,0,0,8,0,40.0368,-75.0692, , 
 ,47696,2013070017,6,67,67301,2013,6,3,251,2,3,2,1,7,5, , ,N,0,0,0,3,0,1,1,1,N, ,40 02:19.404,75 06:34.980,258, ,253,3,2,6, , ,0,Y, , , , ,524142, , , ,1,1,0,0,0,0,0,0,0,0,0,0,1,1,0,0,0,0,0,0,0,0,0,0,0,0,0,0,0,0,0,0,0,0,0,8,0,40.0387,-75.1097, , 
 ,47697,2013070968,6,67,67301,2013,6,4,2315,23,3,1,0,4,1, , ,N,1,2,0,3,0,0,2,2,N,N,39 57:36.745,75 11:27.211,2315, ,2315, ,0, ,N, ,3, , , , , ,524143, , , ,2,0,0,0,0,0,2,0,0,0,0,0,0,0,0,0,0,0,0,0,0,0,0,0,0,0,0,0,0,0,0,0,0,0,0,0,0,39.9602,-75.1909, , 
 ,47698,2013029734,6,67,67301,2013,1,4,1611,16,1,1,0,2,1, , ,N,1,2,0,3,0,3,4,3,N, ,39 59:09.031,75 12:56.230,1614, ,1612,2,1,2, , ,3,N, , , , ,525951, , , ,3,3,0,0,0,0,0,0,0,0,0,3,3,0,0,0,0,0,0,0,3,0,0,0,0,0,0,0,0,0,0,0,0,0,0,4,0,39.9858,-75.2156, , 
 ,47699,2013035111,6,67,67301,2013,3,7,1237,12,1,1,0,8,1, , ,N,2,3,0,3,0,1,2,2,N,N,39 59:18.574,75 08:55.215,1243, ,1240, ,0, , , ,3, , , , , ,525956, , , ,1,0,0,0,0,0,1,0,0,0,0,1,1,0,0,0,0,0,0,0,1,0,0,0,0,0,0,0,0,0,0,0,1,0,0,4,0,39.9885,-75.1487, , 
 ,47700,2013054369,6,67,67301,2013,5,6,1320,13,1,2,1,1,1, , ,N,0,0,0,3,0,0,2,2,N,N,39 56:58.542,75 11:03.370,1339, ,1321,1,2,3,N, ,0,N, , , , ,525973, , , ,2,2,0,0,0,0,0,0,0,0,0,0,0,0,0,0,0,0,0,0,0,0,0,0,0,0,0,0,0,0,0,0,0,0,0,0,0,39.9496,-75.1843, , 
 ,47701,2013012057,6,67,67301,2013,1,4,900,9,1,1,0,1,1, , ,N,1,2,0,3,0,1,2,2,N,N,40 02:45.643,75 07:55.661,903, ,901, ,0, ,N, ,3, , , , , ,525989, , , ,2,1,0,0,0,0,0,1,0,0,0,1,1,0,0,0,0,0,0,0,1,0,0,0,0,0,0,0,0,0,0,0,0,0,0,4,0,40.046,-75.1321, , 
 ,47702,2013024887,6,67,67301,2013,1,5,1459,14,1,1,0,8,1, , ,N,1,2,0,3,0,1,2,2,N,N,39 57:12.850,75 10:23.484,1502, ,1500, ,0, ,N, ,3, , , , , ,526006, , , ,1,1,0,0,0,0,0,0,0,1,0,0,1,0,0,0,0,0,0,0,1,0,0,0,0,0,0,0,0,0,0,0,1,0,1,2,0,39.9536,-75.1732, , 