wz_ln_closure,objectid_1,crn,district,county,municipality,crash_year,crash_month,day_of_week,time_of_day,hour_of_day,illumination,weather,road_condition,collision_type,relation_to_road,work_zone_type,work_zone_loc,work_zone_ind,intersect_type,tcd_type,location_type,urban_rural,fatal_count,injury_count,person_count,total_units,sch_bus_ind,sch_zone_ind,latitude,longitude,arrival_tm,cons_zone_spd_lim,dispatch_tm,est_hrs_closed,lane_closed,ln_close_dir,ntfy_hiwy_maint,spec_juris_cd,tcd_func_cd,tfc_detour_ind,workers_pres,wz_close_detour,wz_flagger,wz_law_offcr_ind,objectid,wz_moving,wz_other,wz_shlder_mdn,vehicle_count,automobile_count,motorcycle_count,bus_count,small_truck_count,heavy_truck_count,suv_count,van_count,bicycle_count,maj_inj_count,mod_inj_count,min_inj_count,tot_inj_count,unk_inj_deg_count,unk_inj_per_count,driver_count_16yr,driver_count_17yr,driver_count_18yr,driver_count_19yr,driver_count_20yr,driver_count_50_64yr,driver_count_65_74yr,driver_count_75plus,unbelted_occ_count,unb_death_count,unb_maj_inj_count,belted_death_count,belted_maj_inj_count,mcycle_death_count,mcycle_maj_inj_count,bicycle_death_count,bicycle_maj_inj_count,ped_count,ped_death_count,ped_maj_inj_count,max_severity_level,comm_veh_count,dec_lat,dec_long,rdwy_surf_type_cd,county_name
 ,47703,2013043790,6,67,67301,2013,3,7,245,2,3,1,0,5,1, , ,N,1,0,0,3,0,0,3,2,N,N,39 58:12.142,75 08:38.778,300, ,253, ,0, ,N, ,0, , , , , ,526018, , , ,2,1,0,1,0,0,0,0,0,0,0,0,0,0,0,0,0,0,0,0,0,0,0,0,0,0,0,0,0,0,0,0,0,0,0,0,1,39.97,-75.1441, , 
 ,47704,2013035641,6,67,67301,2013,3,2,830,8,1,1,0,8,1, , ,N,2,2,0,3,0,1,2,2,N,N,39 57:04.885,75 09:18.588,830, ,830, ,0, ,N, ,3, , , , , ,526053, , , ,1,1,0,0,0,0,0,0,0,1,0,0,1,0,0,0,0,0,0,0,1,0,0,0,0,0,0,0,0,0,0,0,1,0,1,2,0,39.9513,-75.1551, , 
 ,47705,2013022236,6,67,67301,2013,1,7,637,6,1,1,0,8,1, , ,N,1,2,0,3,0,1,2,2,N,N,39 57:14.549,75 10:36.033,641, ,638, ,0, ,N, ,3, , , , , ,526088, , , ,1,0,0,0,1,0,0,0,0,0,0,0,1,1,0,0,0,0,0,0,0,0,0,0,0,0,0,0,0,0,0,0,1,0,0,8,0,39.954,-75.1767, , 
 ,47706,2013035272,6,67,67301,2013,3,3,710,7,1,1,0,4,1, , ,N,0,0,0,3,0,2,2,2,N,N,40 00:30.837,75 05:01.066,712, ,711, ,0, ,N, ,0, , , , , ,526093, , , ,2,2,0,0,0,0,0,0,0,0,1,1,2,0,0,0,0,0,0,0,0,0,0,0,0,0,0,0,0,0,0,0,0,0,0,3,0,40.0086,-75.0836, , 
 ,47707,2013038548,6,67,67301,2013,3,1,2355,23,3,1,0,5,6, , ,N,0,0,0,3,0,1,2,4,N,N,40 03:47.832,75 09:42.602,0, ,2357, ,0, ,N, ,0, , , , , ,526096, , , ,4,2,0,0,2,0,0,0,0,0,1,0,1,0,0,0,0,0,0,0,0,0,0,0,0,0,0,0,0,0,0,0,0,0,0,3,0,40.0633,-75.1618, , 
 ,47708,2013050875,6,67,67301,2013,5,3,1723,17,1,1,0,1,1, , ,N,0,0,0,3,0,1,4,2,N,N,39 56:09.093,75 11:59.122,1730, ,1730, ,0, ,N, ,0, , , , , ,526104, , , ,2,2,0,0,0,0,0,0,0,0,0,0,1,1,0,0,0,0,0,0,0,0,0,0,0,0,0,0,0,0,0,0,0,0,0,8,0,39.9343,-75.2, , 
 ,47709,2013065377,6,67,67301,2013,6,1,1326,13,1,1,0,4,1, , ,N,1,2,0,3,0,0,3,2,N,N,40 01:50.524,75 03:42.293,1327, ,1326, ,0, ,N, ,3, , , , , ,526109, , , ,2,1,0,0,0,0,1,0,0,0,0,0,0,0,1,0,0,0,0,0,0,0,0,0,0,0,0,0,0,0,0,0,0,0,0,9,0,40.0307,-75.0617, , 
 ,47710,2013065505,6,67,67301,2013,5,7,2050,20,3,2,1,4,1, , ,N,0,2,0,3,0,0,3,3,N,N,40 01:30.536,75 13:22.124,2055, ,2050,1,1,1,N, ,3,N, , , , ,526110, , , ,3,2,0,0,0,0,1,0,0,0,0,0,0,0,0,0,0,0,0,0,1,1,0,2,0,0,0,0,0,0,0,0,0,0,0,0,0,40.0251,-75.2228, , 
 ,47711,2013070914,6,67,67301,2013,6,6,630,6,1,2,1,4,1, , ,N,1,2,0,3,0,1,2,4,N,N,39 55:23.140,75 09:35.033,642, ,635,1,1,3,N, ,3,N, , , , ,526114, , , ,4,4,0,0,0,0,0,0,0,0,0,1,1,0,0,0,0,0,0,0,2,0,0,0,0,0,0,0,0,0,0,0,0,0,0,4,0,39.9231,-75.1597, , 
 ,47712,2013077393,6,67,67301,2013,6,7,1955,19,1,1,0,4,1, , ,N,1,2,0,3,0,0,3,2,N,N,39 56:39.850,75 09:47.285,2003, ,2000,1,2,1, , ,3,Y, , , , ,526123, , , ,2,2,0,0,0,0,0,0,0,0,0,0,0,0,0,0,0,1,0,0,0,0,0,0,0,0,0,0,0,0,0,0,0,0,0,0,0,39.9444,-75.1631, , 
 ,47713,2013003497,6,67,67301,2013,1,5,1136,11,1,1,0,1,1, , ,N,0,0,0,3,0,2,3,3,N,N,39 55:24.320,75 08:50.465,1143, ,1140,2,1,1,N, ,0,N, , , , ,526125, , , ,3,1,0,0,0,1,0,1,0,0,0,2,2,0,0,0,0,0,0,0,1,0,0,1,0,0,0,0,0,0,0,0,0,0,0,4,1,39.9233,-75.1474, , 
 ,47714,2013005308,6,67,67301,2013,1,4,119,1,3,1,0,7,4, , ,N,2,2,0,3,0,1,1,1,N,N,40 03:35.273,75 00:33.035,119, ,119,3,2,7,N, ,3,Y, , , , ,526127, , , ,1,1,0,0,0,0,0,0,0,0,0,1,1,0,0,0,0,1,0,0,0,0,0,1,0,0,0,0,0,0,0,0,0,0,0,4,0,40.0598,-75.0092, , 
 ,47715,2013029735,6,67,67301,2013,2,2,1131,11,1,2,1,4,1, , ,N,0,0,0,3,0,2,3,2,N,N,40 02:04.285,75 04:55.878,1140, ,1132, ,0, ,N, ,0, , , , , ,526147, , , ,2,1,0,0,1,0,0,0,0,0,0,2,2,0,0,0,0,0,0,1,1,0,0,0,0,0,0,0,0,0,0,0,0,0,0,4,0,40.0345,-75.0822, , 
 ,47716,2013055859,6,67,67301,2013,5,3,1844,18,1,1,0,4,1, , ,N,1,3,0,3,0,1,2,3,N,N,39 57:46.263,75 13:20.146,1850, ,1846, ,0, ,N, ,3, , , , , ,516289, , , ,3,2,0,0,0,0,1,0,0,0,0,0,1,1,1,0,0,0,0,0,0,0,0,1,0,0,0,0,0,0,0,0,0,0,0,8,0,39.9629,-75.2223, , 
 ,47717,2013011988,6,67,67301,2013,1,3,530,5,3,1,0,7,5, , ,N,0,0,0,3,0,1,1,1,N, ,39 55:02.651,75 12:49.104,600, ,546, ,0, , , ,0, , , , , ,516304, , , ,1,0,0,0,0,0,0,1,0,0,0,1,1,0,0,0,0,0,0,0,0,0,0,0,0,0,0,0,0,0,0,0,0,0,0,4,0,39.9172,-75.2145, , 
 ,47718,2013018533,6,67,67301,2013,2,5,1849,18,3,1,0,1,1, , ,N,0,0,0,3,0,3,6,5,N,N,39 55:36.459,75 11:41.362,1849, ,1849,1,2,3,N, ,0,N, , , , ,516313, , , ,5,3,0,0,1,0,0,1,0,0,0,0,3,3,1,0,0,0,0,0,2,0,0,0,0,0,0,0,0,0,0,0,0,0,0,8,0,39.9268,-75.1948, , 
 ,47719,2013022305,6,67,67301,2013,1,2,2055,20,3,4,5,4,1, , ,N,0,0,3,3,0,4,6,6,N,N,39 56:27.591,75 12:16.802,2100, ,2053, ,0, ,Y, ,0, , , , , ,516317, , , ,6,6,0,0,0,0,0,0,0,0,0,4,4,0,0,0,0,0,0,0,2,0,0,0,0,0,0,0,0,0,0,0,0,0,0,4,0,39.941,-75.2047, , 
 ,47720,2013024896,6,67,67301,2013,2,1,1707,17,1,1,0,4,4, , ,N,1,2,0,3,0,1,1,2,N,N,39 58:54.478,75 10:54.811,1709, ,1707, ,0, ,N, ,3, , , , , ,516321, , , ,2,2,0,0,0,0,0,0,0,0,0,0,1,1,0,0,0,0,0,0,0,0,0,0,0,0,0,0,0,0,0,0,0,0,0,8,0,39.9818,-75.1819, , 
 ,47721,2013029648,6,67,67301,2013,2,5,1917,19,3,1,0,8,1, , ,N,1,3,0,3,0,1,2,2,N,Y,40 03:10.886,75 11:19.982,1930, ,1927, ,0, , , ,3, , , , , ,516327, , , ,1,0,0,0,0,0,1,0,0,0,0,0,1,1,0,0,0,0,0,0,1,0,0,0,0,0,0,0,0,0,0,0,1,0,0,8,0,40.053,-75.1889, , 
 ,47722,2013035303,6,67,67301,2013,3,7,2054,20,3,1,0,7,4, , ,N,1,2,0,3,0,1,1,1,N,N,40 01:37.269,75 04:31.638,9999, ,2118, ,0, ,N, ,3, , , , , ,516334, , , ,1,1,0,0,0,0,0,0,0,0,0,0,1,1,0,0,0,0,0,0,0,0,0,0,0,0,0,0,0,0,0,0,0,0,0,8,0,40.027,-75.0755, , 
 ,47723,2013012037,6,67,67301,2013,1,3,955,9,1,1,0,5,1, , ,N,0,0,0,3,0,1,3,2,N,N,40 02:32.290,75 09:44.319,957, ,957,1,2,3, , ,0,Y, , , , ,516350, , , ,2,1,0,0,1,0,0,0,0,0,0,1,1,0,0,0,0,0,0,0,0,0,0,3,0,0,0,0,0,0,0,0,0,0,0,4,0,40.0423,-75.1623, , 
 ,47724,2013037096,6,67,67301,2013,3,6,1140,11,1,1,0,7,4, , ,N,0,0,0,3,0,2,2,1,N,N,39 54:53.062,75 08:52.252,1149, ,1140,2,1,1,N, ,0,N, , , , ,516370, , , ,1,0,0,0,0,0,1,0,0,0,2,0,2,0,0,0,0,0,0,0,0,0,0,2,0,0,0,0,0,0,0,0,0,0,0,3,0,39.9146,-75.1479, , 
Y,47725,2013010622,6,67,67301,2013,1,7,1000,10,1,1,0,1,1,1,4,Y,0,0,0,3,0,4,7,4,N,N,40 01:14.404,75 02:32.721,1009,45,1002,2,2,1,N, ,0,N,N,N,N,N,516391,N,N,Y,4,3,0,0,1,0,0,0,0,0,0,4,4,0,0,0,0,0,0,0,0,0,0,0,0,0,0,0,0,0,0,0,0,0,0,4,0,40.0206,-75.0426, , 
 ,47726,2013029703,6,67,67301,2013,1,1,454,4,3,1,0,7,2, , ,N,2,2,0,3,0,0,1,1,N,N,40 00:53.164,75 05:07.676,504, ,454, ,0, ,N, ,3, , , , , ,516411, , , ,1,1,0,0,0,0,0,0,0,0,0,0,0,0,0,0,0,0,0,0,0,0,0,0,0,0,0,0,0,0,0,0,0,0,0,0,0,40.0148,-75.0855, , 
 ,47727,2013032512,6,67,67301,2013,2,3,1437,14,1,2,1,4,1, , ,N,2,3,0,3,0,4,4,3,N, ,39 56:41.103,75 09:12.059,1446, ,1442, ,0, , , ,3, , , , , ,516413, , , ,3,3,0,0,0,0,0,0,0,0,4,0,4,0,0,0,0,0,0,0,0,1,1,0,0,0,0,0,0,0,0,0,0,0,0,3,0,39.9448,-75.1533, , 
 ,47728,2013037388,6,67,67301,2013,3,7,1535,15,1,1,0,4,1, , ,N,2,0,0,3,0,0,2,3,N, ,40 00:02.593,75 07:29.366,1543, ,1543, ,0, , , ,0, , , , , ,516415, , , ,3,2,0,0,0,0,1,0,0,0,0,0,0,0,0,0,0,0,0,0,1,0,0,1,0,0,0,0,0,0,0,0,0,0,0,0,0,40.0007,-75.1248, , 
 ,47729,2013046230,6,67,67301,2013,4,6,909,9,1,1,0,0,1, , ,N,1,2,0,3,0,1,1,2,N,N,39 57:33.918,75 14:43.386,9999, ,9999, ,0, ,N, ,3, , , , , ,516425, , , ,2,0,0,0,0,1,0,1,0,0,0,1,1,0,0,0,0,0,0,0,1,0,0,1,0,0,0,0,0,0,0,0,0,0,0,4,1,39.9594,-75.2453, , 
 ,47730,2013053089,6,67,67301,2013,4,5,9999,99,1,1,0,1,1, , ,N,1,2,0,3,0,3,4,2,N,N,40 00:31.996,75 04:18.728,1246, ,1243, ,0, , , ,3, , , , , ,516432, , , ,2,1,0,0,0,0,0,1,0,0,0,0,3,3,0,0,0,0,0,0,1,0,0,0,0,0,0,0,0,0,0,0,0,0,0,8,0,40.0089,-75.0719, , 
 ,47731,2013012024,6,67,67301,2013,1,4,1539,15,1,1,0,8,1, , ,N,1,0,0,3,0,1,2,2,N,N,39 59:51.162,75 06:14.547,1612, ,1602, ,0, , , ,0, , , , , ,516445, , , ,1,1,0,0,0,0,0,0,0,0,0,1,1,0,0,0,0,0,0,0,0,0,0,0,0,0,0,0,0,0,0,0,1,0,0,4,0,39.9975,-75.104, , 
 ,47732,2013023517,6,67,67301,2013,1,1,1659,16,1,1,0,4,1, , ,N,1,3,0,3,0,0,4,2,N,N,39 56:15.410,75 08:47.234,1724, ,1702, ,0, ,N, ,3, , , , , ,516452, , , ,2,1,0,0,1,0,0,0,0,0,0,0,0,0,0,0,0,0,0,0,0,0,0,0,0,0,0,0,0,0,0,0,0,0,0,0,0,39.9376,-75.1465, , 
 ,47733,2013032514,6,67,67301,2013,2,4,625,6,3,1,0,8,1, , ,N,0,0,0,3,0,1,2,2,N,N,39 57:02.955,75 11:43.623,635, ,625, ,0, ,N, ,0, , , , , ,516464, , , ,1,1,0,0,0,0,0,0,0,0,0,1,1,0,0,0,0,0,0,0,0,0,0,0,0,0,0,0,0,0,0,0,1,0,0,4,0,39.9508,-75.1955, , 
 ,47734,2013006160,6,67,67301,2013,1,4,1615,16,1,1,0,8,1, , ,N,0,0,0,3,0,1,2,2,N, ,40 05:59.607,74 58:53.713,1630, ,1625, ,0, , , ,0, , , , , ,520155, , , ,1,1,0,0,0,0,0,0,0,0,0,0,1,1,0,0,0,0,0,0,1,0,0,0,0,0,0,0,0,0,0,0,1,0,0,8,0,40.0999,-74.9816, , 
 ,47735,2013023503,6,67,67301,2013,1,6,1509,15,1,1,0,8,1, , ,N,1,2,0,3,0,1,2,2,N, ,39 57:51.984,75 08:03.331,1517, ,1511,1,2,1, , ,3,Y, , , , ,520265, , , ,1,1,0,0,0,0,0,0,0,0,1,0,1,0,0,0,0,0,0,0,0,0,0,0,0,0,0,0,0,0,0,0,1,0,0,3,0,39.9644,-75.1343, , 
 ,47736,2013029653,6,67,67301,2013,2,7,1100,11,1,1,0,1,1, , ,N,0,0,0,3,0,0,1,3,N,N,39 57:20.260,75 09:27.000,1135, ,1135, ,0, ,N, ,0, , , , , ,520267, , , ,3,2,0,0,0,0,0,1,0,0,0,0,0,0,1,0,0,0,0,0,0,0,0,0,0,0,0,0,0,0,0,0,0,0,0,9,0,39.9556,-75.1575, , 
 ,47737,2013044136,6,67,67301,2013,3,7,9999,99,1,1,0,8,2, , ,N,0,0,0,3,0,1,2,2,N, ,39 57:10.198,75 10:02.041,1245, ,1240, ,0, , , ,0, , , , , ,520278, , , ,1,1,0,0,0,0,0,0,0,0,0,0,1,1,0,0,0,0,0,0,0,0,0,0,0,0,0,0,0,0,0,0,1,0,0,8,0,39.9528,-75.1672, , 
 ,47738,2013065564,6,67,67301,2013,6,7,1531,15,1,1,0,1,1, , ,N,0,0,0,3,0,2,7,3,N,N,40 01:47.837,75 05:15.714,1538, ,1534,2,2,1,N, ,0,Y, , , , ,520289, , , ,3,2,0,0,0,0,1,0,0,0,1,1,2,0,0,0,0,0,0,0,2,0,0,0,0,0,0,0,0,0,0,0,0,0,0,3,0,40.03,-75.0877, , 
 ,47739,2013016242,6,67,67301,2013,1,6,1119,11,1,1,0,4,1, , ,N,1,2,3,3,0,0,2,2,N,N,40 00:29.747,75 11:40.309,1146, ,1121,2,1,7,N, ,3,Y, , , , ,520302, , , ,2,1,0,0,1,0,0,0,0,0,0,0,0,0,0,0,0,0,0,0,2,0,0,0,0,0,0,0,0,0,0,0,0,0,0,0,0,40.0083,-75.1945, , 
 ,47740,2013036794,6,67,67301,2013,3,7,1430,14,1,1,0,7,2, , ,N,0,0,3,3,0,1,2,2,N,N,39 53:39.067,75 11:42.725,1449, ,1430,2,2,2,N, ,0,N, , , , ,520313, , , ,2,1,0,0,0,1,0,0,0,0,0,1,1,0,0,0,0,0,0,0,0,0,0,0,0,0,0,0,0,0,0,0,0,0,0,4,1,39.8942,-75.1952, , 
 ,47741,2013043619,6,46,46108,2013,4,4,2337,23,3,1,1,7,2, , ,N,1,2,0,3,0,0,2,2,N,N,40 05:15.200,75 12:51.480,2339, ,2337,2,1,2,N, ,3,N, , , , ,520316, , , ,1,0,0,0,1,0,0,0,0,0,0,0,0,0,0,0,0,0,0,0,0,0,0,0,0,0,0,0,0,0,0,0,0,0,0,0,0,40.0876,-75.2143, , 
 ,47742,2013046365,6,67,67301,2013,3,1,1428,14,1,1,0,1,1, , ,N,0,0,0,3,0,1,4,2,N,N,40 00:56.299,75 10:12.352,1431, ,1430, ,0, ,N, ,0, , , , , ,520320, , , ,2,2,0,0,0,0,0,0,0,0,0,1,1,0,0,0,0,0,0,0,0,0,0,0,0,0,0,0,0,0,0,0,0,0,0,4,0,40.0156,-75.1701, , 
 ,47743,2013055591,6,67,67301,2013,4,6,1800,18,1,1,0,1,1, , ,N,1,2,0,3,0,1,6,2,N, ,40 06:23.287,74 59:55.982,1815, ,1805,1,2,3, , ,3,Y, , , , ,520332, , , ,2,0,0,0,0,0,2,0,0,0,0,0,1,1,0,0,0,0,0,0,1,0,0,0,0,0,0,0,0,0,0,0,0,0,0,8,0,40.1062,-74.9989, , 
 ,47744,2013041334,6,67,67301,2013,3,7,1955,19,3,1,0,1,1, , ,N,1,2,0,3,0,4,6,2,N,N,39 59:20.627,75 05:22.626,2210, ,2205, ,0, ,N, ,3, , , , , ,520378, , , ,2,0,0,0,1,0,0,1,0,0,0,0,4,4,1,0,0,0,0,0,0,0,0,0,0,0,0,0,0,0,0,0,0,0,0,8,0,39.9891,-75.0896, , 
 ,47745,2013025005,6,67,67301,2013,1,6,1727,17,3,1,0,4,1, , ,N,1,3,0,3,0,1,2,2,N, ,39 58:25.273,75 15:03.002,1845, ,1819, ,0, , , ,3, , , , , ,520403, , , ,2,1,0,0,0,0,0,1,0,0,0,1,1,0,0,0,0,0,0,0,0,0,0,0,0,0,0,0,0,0,0,0,0,0,0,4,0,39.9737,-75.2508, , 
 ,47746,2013035029,6,67,67301,2013,2,6,715,7,1,1,0,4,1, , ,N,1,3,0,3,0,1,3,3,N,N,40 03:05.713,75 11:49.095,720, ,717, ,0, ,N, ,3, , , , , ,520412, , , ,3,2,0,1,0,0,0,0,0,0,0,0,1,1,0,0,0,0,0,0,1,0,0,0,0,0,0,0,0,0,0,0,0,0,0,8,1,40.0516,-75.197, , 
 ,47747,2013047197,6,67,67301,2013,4,4,1650,16,1,1,0,8,1, , ,N,0,0,0,3,0,1,2,2,N,N,40 00:52.494,75 04:15.409,1710, ,1658, ,0, , , ,0, , , , , ,520421, , , ,1,1,0,0,0,0,0,0,0,0,0,0,1,1,0,0,0,0,0,0,1,0,0,0,0,0,0,0,0,0,0,0,1,0,0,8,0,40.0146,-75.0709, , 
 ,47748,2013050219,6,67,67301,2013,4,2,1111,11,1,1,0,4,2, , ,N,2,3,0,3,0,1,2,2,N,N,39 54:16.588,75 14:19.147,1115, ,1114,9,1,3,N, ,3,N, , , , ,520425, , , ,1,1,0,0,0,0,0,0,1,0,0,1,1,0,0,0,0,0,0,0,0,1,0,0,0,0,0,0,0,0,0,0,0,0,0,4,0,39.9046,-75.2387, , 
 ,47749,2013055481,6,67,67301,2013,5,3,911,9,1,1,0,4,1, , ,N,1,2,0,3,0,2,3,2,N,N,39 59:04.850,75 09:23.377,917, ,913, ,0, ,N, ,3, , , , , ,520429, , , ,2,1,0,0,0,0,1,0,0,0,0,1,2,1,0,0,0,0,0,0,0,1,0,0,0,0,0,0,0,0,0,0,0,0,0,4,0,39.9847,-75.1565, , 
 ,47750,2013024988,6,67,67301,2013,1,5,1945,19,3,1,0,7,5, , ,N,0,0,0,3,0,1,1,1,N, ,39 59:55.267,75 07:50.265,2010, ,1958, ,0, , , ,0, , , , , ,520456, , , ,1,0,0,0,0,0,1,0,0,0,0,1,1,0,0,0,0,0,0,0,0,0,0,0,0,0,0,0,0,0,0,0,0,0,0,4,0,39.9987,-75.1306, , 
 ,47751,2013036245,6,67,67301,2013,3,3,1535,15,1,1,0,8,1, , ,N,1,2,0,3,0,1,2,2,N,N,40 03:23.345,75 02:47.046,1550, ,1540, ,0, ,N, ,3, , , , , ,520468, , , ,1,1,0,0,0,0,0,0,0,0,0,1,1,0,0,0,0,0,0,0,1,0,0,0,0,0,0,0,0,0,0,0,1,0,0,4,0,40.0566,-75.0466, , 
 ,47752,2013024907,6,67,67301,2013,1,5,9999,99,1,1,0,8,1, , ,N,3,3,0,3,0,1,2,2,N, ,39 55:21.579,75 14:28.787,1655, ,1644, ,0, , , ,3, , , , , ,524170, , , ,1,1,0,0,0,0,0,0,0,0,0,1,1,0,0,0,0,0,0,0,0,0,0,0,0,0,0,0,0,0,0,0,1,0,0,4,0,39.9227,-75.2413, , 
 ,47753,2013037163,6,67,67301,2013,3,3,2110,21,2,1,1,1,1, , ,N,0,0,0,3,0,2,2,2,N,N,39 56:47.720,75 11:18.888,2126, ,2110, ,0, ,N, ,0, , , , , ,524176, , , ,2,2,0,0,0,0,0,0,0,0,0,1,2,1,0,0,0,0,0,0,0,0,0,0,0,0,0,0,0,0,0,0,0,0,0,4,0,39.9466,-75.1886, , 
 ,47754,2013038686,6,67,67301,2013,4,3,2220,22,3,1,0,1,1, , ,N,6,4,2,3,0,0,2,2,N,N,39 56:43.369,75 11:25.410,2234, ,2225,1,2,4,N, ,3,N, , , , ,524179, , , ,2,2,0,0,0,0,0,0,0,0,0,0,0,0,0,0,0,0,0,0,0,0,0,0,0,0,0,0,0,0,0,0,0,0,0,0,0,39.9454,-75.1904, , 
 ,47755,2013046299,6,67,67301,2013,3,1,2055,20,3,1,0,8,1, , ,N,1,2,0,3,0,1,2,2,N, ,39 57:59.670,75 14:23.337,2200, ,2100, ,0, ,N, ,3, , , , , ,524187, , , ,1,1,0,0,0,0,0,0,0,0,0,1,1,0,0,0,0,0,0,0,0,0,0,0,0,0,0,0,0,0,0,0,1,0,0,4,0,39.9666,-75.2398, , 
 ,47756,2013050229,6,67,67301,2013,4,6,1702,17,1,1,0,4,1, , ,N,1,3,0,3,0,0,5,2,N,N,39 59:46.503,75 07:27.397,1715, ,1710, ,0, ,N, ,3, , , , , ,524191, , , ,2,0,0,0,0,0,1,1,0,0,0,0,0,0,0,0,0,0,0,0,0,0,0,1,0,0,0,0,0,0,0,0,0,0,0,0,0,39.9963,-75.1243, , 
 ,47757,2013053076,6,67,67301,2013,4,7,312,3,3,2,1,4,1, , ,N,0,0,0,3,0,0,1,3,N,N,39 54:58.032,75 09:20.386,313, ,313, ,0, ,N, ,0, , , , , ,524195, , , ,3,2,0,0,0,0,1,0,0,0,0,0,0,0,1,0,0,0,0,0,0,0,0,0,0,0,0,0,0,0,0,0,0,0,0,9,0,39.9161,-75.1557, , 
 ,47758,2013031489,6,67,67301,2013,2,3,1740,17,3,4,1,4,1, , ,N,1,2,0,3,0,1,2,7,N,N,39 58:59.767,75 07:32.979,1901, ,1901, ,0, ,N, ,3, , , , , ,524217, , , ,7,5,0,0,1,0,1,0,0,0,1,0,1,0,0,0,0,0,1,0,0,0,0,0,0,0,0,0,0,0,0,0,0,0,0,3,0,39.9833,-75.1258, , 
 ,47759,2013053063,6,67,67301,2013,4,2,1928,19,3,2,1,4,1, , ,N,1,3,0,3,0,1,2,2,N,N,40 01:42.866,75 04:44.633,1953, ,1943, ,0, ,N, ,3, , , , , ,524233, , , ,2,2,0,0,0,0,0,0,0,0,0,0,1,1,0,0,0,0,0,0,1,0,0,0,0,0,0,0,0,0,0,0,0,0,0,8,0,40.0286,-75.0791, , 
 ,47760,2013050308,6,67,67301,2013,4,5,9999,99,1,1,0,1,1, , ,N,0,2,0,3,0,2,2,3,N,N,40 02:53.660,75 07:54.966,9999, ,9999,1,2,3,N, ,3,N, , , , ,524278, , , ,3,2,0,0,0,0,1,0,0,0,1,0,2,1,0,0,0,0,0,0,1,0,0,0,0,0,0,0,0,0,0,0,0,0,0,3,0,40.0482,-75.1319, , 
 ,47761,2013016247,6,67,67301,2013,1,4,740,7,1,1,0,4,1, , ,N,1,3,0,3,0,1,2,2,N, ,39 56:58.095,75 13:30.251,755, ,749, ,0, , , ,3, , , , , ,524305, , , ,2,1,0,0,1,0,0,0,0,0,0,1,1,0,0,0,0,0,0,0,0,0,1,0,0,0,0,0,0,0,0,0,0,0,0,4,0,39.9495,-75.2251, , 
 ,47762,2013018539,6,67,67301,2013,2,1,21,0,3,1,0,7,3, , ,N,0,0,0,3,0,0,1,1,N,N,39 58:42.391,75 12:09.638,28, ,28,2,2,3,N, ,0,N, , , , ,524306, , , ,1,1,0,0,0,0,0,0,0,0,0,0,0,0,0,0,0,0,0,0,0,0,0,0,0,0,0,0,0,0,0,0,0,0,0,0,0,39.9784,-75.2027, , 
 ,47763,2013038696,6,67,67301,2013,4,1,1745,17,1,1,0,5,1, , ,N,0,0,0,3,0,0,2,2,N,N,39 58:33.053,75 11:42.673,1840, ,1750,2,1,3,N, ,0,N, , , , ,524325, , , ,2,1,0,0,0,1,0,0,0,0,0,0,0,0,0,0,0,0,0,0,0,0,0,0,0,0,0,0,0,0,0,0,0,0,0,0,1,39.9758,-75.1952, , 
 ,47764,2013012073,6,67,67301,2013,1,5,925,9,1,1,0,4,1, , ,N,0,0,0,3,0,1,4,2,N,N,40 04:39.051,75 02:11.113,1003, ,1003,2,1,4,N, ,0,Y, , , , ,524347, , , ,2,1,0,0,0,0,0,1,0,0,0,1,1,0,0,0,0,0,0,0,1,0,0,0,0,0,0,0,0,0,0,0,0,0,0,4,0,40.0775,-75.0364, , 
 ,47765,2013029619,6,67,67301,2013,2,3,1800,18,6,9,8,8,1, , ,N,1,2,0,3,0,1,2,2,N,N,40 03:35.442,75 09:00.370,1230, ,1230, ,0, ,N, ,3, , , , , ,524363, , , ,1,1,0,0,0,0,0,0,0,0,0,1,1,0,0,0,0,0,0,0,0,0,0,0,0,0,0,0,0,0,0,0,1,0,0,4,0,40.0598,-75.1501, , 
 ,47766,2013043445,6,67,67301,2013,3,5,1630,16,1,1,0,8,1, , ,N,0,0,0,3,0,1,3,2,N,N,39 58:12.579,75 14:20.860,1650, ,1630, ,0, ,N, ,0, , , , , ,524378, , , ,1,1,0,0,0,0,0,0,0,0,1,0,1,0,0,0,0,0,0,0,0,0,0,0,0,0,0,0,0,0,0,0,1,0,0,3,0,39.9702,-75.2391, , 
 ,47767,2013046413,6,67,67301,2013,4,3,1500,15,1,1,0,4,1, , ,N,1,2,0,3,0,7,7,2,N,N,40 05:07.830,75 12:37.886,1515, ,1504, ,0, ,N, ,3, , , , , ,524381, , , ,2,1,0,0,0,0,0,1,0,0,5,2,7,0,0,0,0,0,0,0,1,0,0,0,0,0,0,0,0,0,0,0,0,0,0,3,0,40.0853,-75.2104, , 
 ,47768,2013046447,6,67,67301,2013,4,6,1040,10,1,1,0,8,1, , ,N,0,0,0,3,0,1,2,2,N,N,40 01:10.588,75 03:19.749,1040, ,1040, ,0, ,N, ,0, , , , , ,524382, , , ,1,0,0,0,0,0,0,1,0,1,0,0,1,0,0,0,0,0,0,0,0,1,0,0,0,0,0,0,0,0,0,0,1,0,1,2,0,40.0196,-75.0555, , 
 ,47769,2013006099,6,67,67301,2013,1,3,1350,13,1,1,0,1,1, , ,N,1,2,0,3,0,1,2,2,N,N,39 57:12.504,75 08:23.145,1403, ,1357, ,0, , , ,3, , , , , ,524392, , , ,2,2,0,0,0,0,0,0,0,0,0,1,1,0,0,0,0,0,0,0,1,0,0,0,0,0,0,0,0,0,0,0,0,0,0,4,0,39.9535,-75.1398, , 