wz_ln_closure,objectid_1,crn,district,county,municipality,crash_year,crash_month,day_of_week,time_of_day,hour_of_day,illumination,weather,road_condition,collision_type,relation_to_road,work_zone_type,work_zone_loc,work_zone_ind,intersect_type,tcd_type,location_type,urban_rural,fatal_count,injury_count,person_count,total_units,sch_bus_ind,sch_zone_ind,latitude,longitude,arrival_tm,cons_zone_spd_lim,dispatch_tm,est_hrs_closed,lane_closed,ln_close_dir,ntfy_hiwy_maint,spec_juris_cd,tcd_func_cd,tfc_detour_ind,workers_pres,wz_close_detour,wz_flagger,wz_law_offcr_ind,objectid,wz_moving,wz_other,wz_shlder_mdn,vehicle_count,automobile_count,motorcycle_count,bus_count,small_truck_count,heavy_truck_count,suv_count,van_count,bicycle_count,maj_inj_count,mod_inj_count,min_inj_count,tot_inj_count,unk_inj_deg_count,unk_inj_per_count,driver_count_16yr,driver_count_17yr,driver_count_18yr,driver_count_19yr,driver_count_20yr,driver_count_50_64yr,driver_count_65_74yr,driver_count_75plus,unbelted_occ_count,unb_death_count,unb_maj_inj_count,belted_death_count,belted_maj_inj_count,mcycle_death_count,mcycle_maj_inj_count,bicycle_death_count,bicycle_maj_inj_count,ped_count,ped_death_count,ped_maj_inj_count,max_severity_level,comm_veh_count,dec_lat,dec_long,rdwy_surf_type_cd,county_name
 ,47836,2013029656,6,67,67301,2013,2,4,530,5,3,9,8,8,1, , ,N,1,2,0,3,0,1,2,2,N,N,40 02:28.801,75 06:24.126,1005, ,959, ,0, ,N, ,3, , , , , ,524506, , , ,1,1,0,0,0,0,0,0,0,0,0,0,1,1,1,0,0,0,0,0,0,0,0,0,0,0,0,0,0,0,0,0,1,0,0,8,0,40.0413,-75.1067, , 
 ,47837,2013037034,6,67,67301,2013,2,1,935,9,1,1,0,8,5, , ,N,0,0,0,3,1,2,3,3,N,N,40 01:35.126,75 04:07.262,939, ,936,9,2,7, ,0,0,N, , , , ,524514, , , ,1,0,0,0,0,0,0,1,0,1,0,0,2,1,0,0,0,0,0,0,0,0,0,1,0,1,0,0,0,0,0,0,2,1,0,1,0,40.0264,-75.0687,2, 
 ,47838,2013046367,6,67,67301,2013,4,3,1247,12,1,1,0,8,1, , ,N,0,2,0,3,0,2,3,3,N,N,39 57:59.969,75 13:29.555,1255, ,1251,9,1,5,N, ,3,N, , , , ,524523, , , ,2,2,0,0,0,0,0,0,0,0,0,0,2,2,1,0,0,0,0,0,0,0,0,2,0,0,0,0,0,0,0,0,1,0,0,8,0,39.9667,-75.2249, , 
 ,47839,2013053039,6,67,67301,2013,4,7,1854,18,1,1,0,1,2, , ,N,1,2,0,3,0,1,1,4,N,N,40 01:37.983,75 10:15.634,1858, ,1858, ,0, ,N, ,3, , , , , ,524529, , , ,4,4,0,0,0,0,0,0,0,0,0,0,1,1,0,0,0,0,0,0,0,0,0,0,0,0,0,0,0,0,0,0,0,0,0,8,0,40.0272,-75.171, , 
 ,47840,2013019758,6,67,67301,2013,2,4,1410,14,1,1,0,1,1, , ,N,0,0,0,3,0,2,3,2,N,N,39 56:52.398,75 11:14.271,1412, ,1412,1,1,3,N, ,0,N, , , , ,524544, , , ,2,0,0,0,0,0,0,1,0,0,0,2,2,0,1,0,0,0,0,0,0,0,0,0,0,0,0,0,0,0,0,0,0,0,0,4,0,39.9479,-75.1873, , 
 ,47841,2013025079,6,67,67301,2013,2,4,25,0,3,2,1,1,1, , ,N,0,0,0,3,0,1,3,2,N,N,39 56:44.846,75 11:23.207,37, ,32, ,0, ,N, ,0, , , , , ,524548, , , ,2,2,0,0,0,0,0,0,0,0,0,0,1,1,0,0,0,0,1,0,0,0,0,0,0,0,0,0,0,0,0,0,0,0,0,8,0,39.9458,-75.1898, , 
 ,47842,2013035059,6,67,67301,2013,3,6,1530,15,1,1,0,4,1, , ,N,1,3,0,3,0,1,2,2,N, ,40 04:20.236,75 14:20.957,1540, ,1530,9,1,3, , ,3,Y, , , , ,524557, , , ,2,1,0,0,1,0,0,0,0,0,0,0,1,1,1,0,0,0,0,0,0,0,0,0,0,0,0,0,0,0,0,0,0,0,0,8,0,40.0723,-75.2392, , 
 ,47843,2013047205,6,67,67301,2013,4,4,905,9,1,1,0,4,1, , ,N,2,3,0,3,0,3,4,2,N, ,39 59:55.435,75 06:01.518,925, ,911, ,0, , , ,3, , , , , ,526597, , , ,2,1,0,0,0,0,0,1,0,0,0,0,3,3,1,0,0,0,0,0,1,0,0,0,0,0,0,0,0,0,0,0,0,0,0,8,0,39.9987,-75.1004, , 
 ,47844,2013047293,6,67,67301,2013,4,4,1527,15,1,1,0,7,2, , ,N,0,0,3,3,0,1,1,1,N, ,40 03:25.372,75 02:03.317,1540, ,1530,2,1,3, , ,0,N, , , , ,526598, , , ,1,1,0,0,0,0,0,0,0,0,0,0,1,1,0,0,0,0,0,0,0,0,0,0,0,0,0,0,0,0,0,0,0,0,0,8,0,40.057,-75.0343, , 
 ,47845,2013007407,6,67,67301,2013,1,4,1338,13,1,2,1,5,1, , ,N,6,0,2,3,0,6,7,3,N,N,39 57:21.022,75 08:26.682,1350, ,1343,2,1,1,N, ,0,N, , , , ,526612, , , ,3,1,0,0,0,0,0,2,0,0,0,3,6,3,0,0,0,0,0,0,1,0,0,0,0,0,0,0,0,0,0,0,0,0,0,4,0,39.9557,-75.1407, , 
 ,47846,2013037394,6,67,67301,2013,3,4,835,8,1,1,0,8,1, , ,N,0,0,0,3,0,1,2,2,N,N,40 01:59.318,75 07:26.709,850, ,840, ,0, ,N, ,0, , , , , ,526630, , , ,1,1,0,0,0,0,0,0,0,0,0,1,1,0,0,0,0,0,0,0,0,0,0,0,0,0,0,0,0,0,0,0,1,0,0,4,0,40.0331,-75.1241, , 
 ,47847,2013037465,6,67,67301,2013,3,6,1618,16,1,1,0,0,1, , ,N,0,0,0,3,0,1,1,1,N,N,39 55:51.920,75 10:41.005,1618, ,1618, ,0, ,N, ,0, , , , , ,526631, , , ,1,0,1,0,0,0,0,0,0,0,0,0,1,1,0,0,0,0,0,0,0,0,0,0,0,0,0,0,0,0,0,0,0,0,0,8,0,39.9311,-75.1781, , 
 ,47848,2013039254,6,67,67301,2013,4,7,115,1,3,1,0,7,3, , ,N,0,0,0,3,0,0,1,1,N,N,39 55:57.490,75 12:00.127,126, ,120,1,1,4,N, ,0,N, , , , ,526633, , , ,1,1,0,0,0,0,0,0,0,0,0,0,0,0,0,0,0,0,0,0,0,0,0,0,0,0,0,0,0,0,0,0,0,0,0,0,0,39.9326,-75.2, , 
 ,47849,2013041959,6,67,67301,2013,3,2,754,7,1,1,0,4,1, , ,N,2,3,0,3,0,0,2,2,N,N,39 54:26.168,75 13:41.483,818, ,810,2,1,1,N, ,3,N, , , , ,526640, , , ,2,1,0,0,1,0,0,0,0,0,0,0,0,0,0,0,0,0,0,0,1,0,1,0,0,0,0,0,0,0,0,0,0,0,0,0,1,39.9073,-75.2282, , 
 ,47850,2013047260,6,67,67301,2013,4,7,1856,18,1,1,0,4,1, , ,N,0,0,0,3,0,0,4,2,N,N,39 54:53.224,75 09:18.460,1902, ,1858, ,0, ,N, ,0, , , , , ,526642, , , ,2,2,0,0,0,0,0,0,0,0,0,0,0,0,0,0,1,0,0,0,0,0,0,0,0,0,0,0,0,0,0,0,0,0,0,0,0,39.9148,-75.1551, , 
 ,47851,2013050341,6,67,67301,2013,4,7,1213,12,1,1,0,4,1, , ,N,0,0,0,3,0,1,2,2,N,N,40 01:30.856,75 01:38.236,1230, ,1218,2,1,1, , ,0,N, , , , ,526644, , , ,2,1,0,0,0,0,1,0,0,0,0,1,1,0,0,0,0,0,0,0,0,1,0,0,0,0,0,0,0,0,0,0,0,0,0,4,0,40.0252,-75.0273, , 
 ,47852,2013051508,6,46,46102,2013,5,1,1235,12,1,2,1,4,1, , ,N,0,3,7,3,0,1,3,2,N,N,40 04:46.111,75 10:03.984,1245, ,1236, ,0, ,N, ,3, , , , , ,526645, , , ,2,2,0,0,0,0,0,0,0,0,0,0,1,1,0,0,0,0,0,0,1,0,0,0,0,0,0,0,0,0,0,0,0,0,0,8,0,40.0795,-75.1678, , 
 ,47853,2013055577,6,67,67301,2013,5,7,638,6,1,2,1,4,1, , ,N,1,2,0,3,0,2,2,2,N,N,40 01:37.801,75 09:04.478,655, ,47, ,0, ,N, ,3, , , , , ,526648, , , ,2,1,0,0,0,0,1,0,0,0,0,2,2,0,0,0,0,0,0,0,0,0,0,0,0,0,0,0,0,0,0,0,0,0,0,4,0,40.0272,-75.1512, , 
 ,47854,2013065288,6,67,67301,2013,5,7,840,8,1,1,0,4,1, , ,N,0,0,0,3,0,1,1,2,N,N,40 01:30.633,75 03:38.231,9999, ,908, ,0, ,N, ,0, , , , , ,526652, , , ,2,2,0,0,0,0,0,0,0,0,0,0,1,1,0,0,0,0,0,0,0,0,0,0,0,0,0,0,0,0,0,0,0,0,0,8,0,40.0252,-75.0606, , 
 ,47855,2013024985,6,67,67301,2013,1,2,1354,13,1,2,1,4,1, , ,N,2,0,0,3,0,0,2,2,N,N,40 02:13.960,75 08:11.320,1400, ,1355, ,0, ,N, ,0, , , , , ,526670, , , ,2,1,0,0,1,0,0,0,0,0,0,0,0,0,2,0,0,0,0,0,1,0,0,0,0,0,0,0,0,0,0,0,0,0,0,9,0,40.0372,-75.1365, , 
 ,47856,2013029766,6,67,67301,2013,2,4,1913,19,3,2,1,4,1, , ,N,2,0,0,3,0,1,6,2,N, ,40 00:01.275,75 05:58.505,2025, ,2013, ,0, , , ,0, , , , , ,526676, , , ,2,1,0,0,1,0,0,0,0,0,0,1,1,0,0,0,0,0,0,0,0,0,0,0,0,0,0,0,0,0,0,0,0,0,0,4,0,40.0004,-75.0996, , 
 ,47857,2013046295,6,67,67301,2013,4,6,9999,99,1,1,0,4,1, , ,N,1,2,0,3,0,0,3,3,N,N,39 58:39.716,75 09:41.201,1330, ,1328, ,0, ,N, ,3, , , , , ,526688, , , ,3,2,0,0,0,0,1,0,0,0,0,0,0,0,0,0,0,0,0,0,0,0,0,0,0,0,0,0,0,0,0,0,0,0,0,0,0,39.9777,-75.1614, , 
 ,47858,2013012063,6,67,67301,2013,1,2,705,7,1,1,0,4,1, , ,N,1,3,0,3,0,3,6,2,N,N,39 58:49.087,75 10:26.903,736, ,734, ,0, , , ,3, , , , , ,526714, , , ,2,1,0,0,0,0,1,0,0,0,0,0,3,3,0,0,0,0,0,0,1,0,0,0,0,0,0,0,0,0,0,0,0,0,0,8,0,39.9803,-75.1741, , 
 ,47859,2013046425,6,67,67301,2013,4,6,1400,14,1,1,0,4,1, , ,N,1,3,0,3,0,1,2,2,N,N,40 01:17.997,75 09:00.781,1405, ,1400, ,0, ,N, ,3, , , , , ,526741, , , ,2,2,0,0,0,0,0,0,0,0,0,1,1,0,0,0,0,0,0,0,0,0,0,1,0,0,0,0,0,0,0,0,0,0,0,4,0,40.0217,-75.1502, , 
 ,47860,2013046436,6,67,67301,2013,4,2,9999,99,4,1,0,7,4, , ,N,1,3,0,3,0,0,1,1,N,N,40 03:05.950,74 59:53.199,2010, ,2007, ,0, , , ,3, , , , , ,526742, , , ,1,0,0,0,0,0,1,0,0,0,0,0,0,0,0,0,0,0,0,0,0,0,0,0,0,0,0,0,0,0,0,0,0,0,0,0,0,40.0517,-74.9981, , 
 ,47861,2013035096,6,67,67301,2013,2,5,809,8,1,2,1,8,1, , ,N,0,0,0,3,0,1,2,2,N,N,40 02:14.587,75 08:02.483,811, ,810,1,1,5,N, ,0,Y, , , , ,516706, , , ,1,1,0,0,0,0,0,0,0,0,0,0,1,1,0,0,0,0,0,0,0,0,0,0,0,0,0,0,0,0,0,0,1,0,0,8,0,40.0374,-75.134, , 
 ,47862,2013047231,6,67,67301,2013,4,2,958,9,1,1,0,5,1, , ,N,0,0,0,3,0,0,2,5,N, ,39 57:11.383,75 11:41.642,1007, ,1000, ,0, , , ,0, , , , , ,516712, , , ,5,2,0,0,1,0,1,1,0,0,0,0,0,0,0,0,0,0,0,0,0,0,0,0,0,0,0,0,0,0,0,0,0,0,0,0,0,39.9532,-75.1949, , 
 ,47863,2013047288,6,67,67301,2013,4,6,1245,12,1,1,0,8,1, , ,N,0,0,0,3,0,1,3,2,N,N,40 00:30.776,75 05:29.493,1255, ,1247, ,0, , , ,0, , , , , ,516713, , , ,1,0,0,0,0,0,1,0,0,0,0,1,1,0,0,0,0,0,0,0,0,0,0,0,0,0,0,0,0,0,0,0,1,0,0,4,0,40.0085,-75.0915, , 
 ,47864,2013047816,6,67,67301,2013,4,7,1250,12,1,1,0,4,1, , ,N,0,0,0,3,0,1,2,2,N,N,40 07:20.292,75 00:57.487,1308, ,1257, ,0, ,N, ,0, , , , , ,516715, , , ,2,0,1,0,0,0,1,0,0,0,0,0,1,1,0,0,0,0,0,0,1,0,0,0,0,0,0,0,0,0,0,0,0,0,0,8,0,40.1223,-75.016, , 
 ,47865,2013050313,6,67,67301,2013,4,6,1340,13,1,1,0,8,1, , ,N,1,0,0,3,0,1,2,2,N,Y,39 56:57.098,75 14:07.234,1348, ,1345, ,0, ,N, ,0, , , , , ,516717, , , ,1,1,0,0,0,0,0,0,0,0,0,0,1,1,0,0,0,0,0,0,0,0,0,0,0,0,0,0,0,0,0,0,1,0,0,8,0,39.9492,-75.2353, , 
 ,47866,2013055385,6,67,67301,2013,5,6,817,8,1,1,0,4,1, , ,N,0,0,0,3,0,4,6,2,N,N,40 00:19.885,75 06:18.466,847, ,845, ,0, ,N, ,0, , , , , ,516723, , , ,2,0,0,0,1,0,0,1,0,0,0,4,4,0,0,0,0,0,1,0,0,0,0,4,0,0,0,0,0,0,0,0,0,0,0,4,0,40.0055,-75.1051, , 
 ,47867,2013035287,6,67,67301,2013,3,6,1030,10,1,1,0,1,1, , ,N,1,2,0,3,0,1,2,2,N,N,40 04:28.071,75 02:05.821,1040, ,1034, ,0, ,N, ,3, , , , , ,516740, , , ,2,2,0,0,0,0,0,0,0,0,0,1,1,0,0,0,0,0,0,0,1,0,0,0,0,0,0,0,0,0,0,0,0,0,0,4,0,40.0745,-75.035, , 
 ,47868,2013037396,6,67,67301,2013,3,2,2142,21,3,1,0,1,1, , ,N,0,2,0,3,0,4,8,3,N,N,39 56:29.551,75 12:43.465,2224, ,2214, ,0, ,N, ,3, , , , , ,516745, , , ,3,2,0,0,0,0,0,1,0,0,0,4,4,0,0,0,0,0,0,0,2,0,0,0,0,0,0,0,0,0,0,0,0,0,0,4,0,39.9415,-75.2121, , 
 ,47869,2013037437,6,67,67301,2013,3,1,923,9,1,1,0,1,1, , ,N,1,2,0,3,0,5,6,2,N,N,39 58:15.014,75 09:14.922,923, ,923,1,1,4,N, ,3,N, , , , ,516746, , , ,2,1,0,0,1,0,0,0,0,0,0,0,5,5,0,0,0,0,0,0,0,0,1,0,0,0,0,0,0,0,0,0,0,0,0,8,0,39.9707,-75.1541, , 
 ,47870,2013046279,6,67,67301,2013,3,6,1545,15,1,1,0,1,1, , ,N,2,2,7,3,0,1,2,2,N,N,40 04:44.129,75 01:31.222,1610, ,1559, ,0, ,N, ,3, , , , , ,516755, , , ,2,0,0,0,2,0,0,0,0,0,0,0,1,1,0,0,0,0,0,0,1,0,0,0,0,0,0,0,0,0,0,0,0,0,0,8,0,40.0789,-75.0253, , 
 ,47871,2013016235,6,67,67301,2013,1,3,1300,13,1,1,0,4,1, , ,N,0,0,0,3,0,0,4,2,N,N,40 02:13.962,75 11:34.041,1315, ,1310, ,0, ,N, ,0, , , , , ,516783, , , ,2,2,0,0,0,0,0,0,0,0,0,0,0,0,0,0,0,0,0,1,0,0,0,0,0,0,0,0,0,0,0,0,0,0,0,0,0,40.0372,-75.1928, , 
 ,47872,2013024934,6,67,67301,2013,2,2,2105,21,3,1,0,8,1, , ,N,0,0,0,3,0,1,2,2,N,N,40 01:20.822,75 11:54.469,2115, ,2110,1,2,2,N, ,0,N, , , , ,516839, , , ,1,1,0,0,0,0,0,0,0,0,1,0,1,0,0,0,0,0,0,0,0,0,0,0,0,0,0,0,0,0,0,0,1,0,0,3,0,40.0225,-75.1985, , 
 ,47873,2013029625,6,67,67301,2013,2,6,1600,16,1,1,0,8,1, , ,N,1,2,0,3,0,1,2,2,N,N,39 57:05.273,75 10:07.548,1610, ,1605, ,0, ,N, ,3, , , , , ,516847, , , ,1,0,0,0,1,0,0,0,0,0,0,1,1,0,1,0,0,0,0,0,0,0,0,0,0,0,0,0,0,0,0,0,1,0,0,4,0,39.9515,-75.1688, , 
 ,47874,2013035126,6,67,67301,2013,3,1,1610,16,1,1,0,4,1, , ,N,2,3,0,3,0,1,3,2,N,N,40 02:12.577,75 04:09.489,1619, ,1617, ,0, , , ,3, , , , , ,516852, , , ,2,1,0,0,0,0,0,1,0,0,0,1,1,0,0,0,0,0,0,0,1,0,0,0,0,0,0,0,0,0,0,0,0,0,0,4,0,40.0368,-75.0692, , 
 ,47875,2013043748,6,67,67301,2013,3,7,2205,22,3,1,0,4,1, , ,N,1,2,0,3,0,1,3,2,N,N,39 55:01.859,75 14:46.691,2220, ,2215, ,0, ,N, ,3, , , , , ,516862, , , ,2,0,0,0,0,0,1,0,0,0,0,0,1,1,1,0,0,0,0,0,0,0,0,2,0,0,0,0,0,0,0,0,0,0,0,8,0,39.9172,-75.2463, , 
 ,47876,2013043772,6,67,67301,2013,3,7,2328,23,3,1,0,7,3, , ,N,0,0,0,3,0,1,1,1,N,N,39 54:22.904,75 14:27.073,2333, ,2332,2,1,1,N, ,0,N, , , , ,516863, , , ,1,1,0,0,0,0,0,0,0,0,0,1,1,0,0,0,0,0,0,0,0,0,0,1,0,0,0,0,0,0,0,0,0,0,0,4,0,39.9064,-75.2409, , 
 ,47877,2013023543,6,67,67301,2013,1,7,1210,12,1,1,0,1,1, , ,N,0,0,0,3,0,1,3,2,N, ,39 59:03.577,75 13:36.436,1230, ,1215, ,0, , , ,0, , , , , ,516881, , , ,2,1,0,0,0,0,1,0,0,0,0,1,1,0,0,0,0,0,0,0,0,1,0,1,0,0,0,0,0,0,0,0,0,0,0,4,0,39.9843,-75.2268, , 
 ,47878,2013032475,6,67,67301,2013,2,5,15,0,3,1,0,4,2, , ,N,2,0,0,3,0,0,1,3,N,N,39 59:49.077,75 10:54.775,45, ,30, ,0, , , ,0, , , , , ,516888, , , ,3,3,0,0,0,0,0,0,0,0,0,0,0,0,0,0,0,0,0,0,0,0,0,1,0,0,0,0,0,0,0,0,0,0,0,0,0,39.997,-75.1819, , 
 ,47879,2013023566,6,67,67301,2013,1,6,2034,20,3,1,0,8,1, , ,N,1,2,0,3,0,1,2,2,N, ,40 05:41.192,75 03:02.752,2058, ,2054, ,0, , , ,3, , , , , ,520745, , , ,1,0,0,0,1,0,0,0,0,0,0,0,1,1,0,0,0,0,0,1,0,0,0,0,0,0,0,0,0,0,0,0,1,0,0,8,0,40.0948,-75.0508, , 
 ,47880,2013028600,6,67,67301,2013,3,7,1238,12,1,1,0,7,4, , ,N,0,0,0,3,0,1,1,1,N,N,40 03:18.133,74 59:04.628,1249, ,1246,1,2,6,Y, ,0,N, , , , ,520748, , , ,1,0,0,0,1,0,0,0,0,0,0,0,1,1,0,0,0,0,0,0,0,0,0,1,0,0,0,0,0,0,0,0,0,0,0,8,0,40.0549,-74.9847, , 
 ,47881,2013034146,6,67,67301,2013,3,2,818,8,1,1,0,7,2, , ,N,0,0,0,3,0,1,1,1,N,N,40 00:40.252,75 03:42.177,828, ,818, ,0, ,N, ,0, , , , , ,520755, , , ,1,1,0,0,0,0,0,0,0,0,0,0,1,1,0,0,0,0,0,0,1,0,0,0,0,0,0,0,0,0,0,0,0,0,0,8,0,40.0112,-75.0617, , 
 ,47882,2013035285,6,67,67301,2013,2,5,1817,18,2,1,0,7,5, , ,N,0,0,0,3,0,1,2,1,N,N,39 58:27.683,75 11:41.308,1827, ,1825, ,0, ,N, ,0, , , , , ,520757, , , ,1,1,0,0,0,0,0,0,0,0,0,1,1,0,0,0,0,0,0,0,0,0,0,0,0,0,0,0,0,0,0,0,0,0,0,4,0,39.9744,-75.1948, , 
 ,47883,2013046351,6,67,67301,2013,4,2,640,6,1,1,0,5,1, , ,N,1,2,0,3,0,1,2,2,N,N,40 02:12.854,75 04:47.301,704, ,702, ,0, ,N, ,3, , , , , ,520765, , , ,2,1,0,0,0,0,1,0,0,0,0,0,1,1,0,0,0,0,0,0,1,0,0,0,0,0,0,0,0,0,0,0,0,0,0,8,0,40.0369,-75.0798, , 
 ,47884,2013012004,6,67,67301,2013,1,3,30,0,3,1,0,8,1, , ,N,0,0,0,3,0,1,2,2,N,N,39 59:45.585,75 10:55.552,36, ,35, ,0, ,N, ,0, , , , , ,520786, , , ,1,1,0,0,0,0,0,0,0,0,1,0,1,0,1,0,0,0,0,0,0,0,0,1,0,0,0,0,0,0,0,0,1,0,0,3,0,39.996,-75.1821, , 
 ,47885,2013029792,6,67,67301,2013,2,5,630,6,1,1,0,8,1, , ,N,1,2,0,3,0,1,2,2,N,N,39 59:56.501,75 07:59.705,710, ,705, ,0, ,N, ,3, , , , , ,520803, , , ,1,0,0,0,1,0,0,0,0,0,1,0,1,0,0,0,0,0,0,0,0,0,0,0,0,0,0,0,0,0,0,0,1,0,0,3,0,39.999,-75.1333, , 
 ,47886,2013030115,6,67,67301,2013,2,5,1215,12,1,1,0,8,1, , ,N,0,0,0,3,0,1,2,2,N, ,40 00:12.034,75 08:31.786,1230, ,1220, ,0, ,N, ,0, , , , , ,520804, , , ,1,0,0,0,1,0,0,0,0,0,0,0,1,1,0,0,0,0,0,0,0,0,0,0,0,0,0,0,0,0,0,0,1,0,0,8,0,40.0033,-75.1422, , 
 ,47887,2013035616,6,67,67301,2013,3,2,2305,23,3,1,0,4,1, , ,N,1,2,0,3,0,1,4,2,N,N,40 03:08.339,75 00:28.750,2320, ,2313,3,1,6,N, ,3,N, , , , ,520808, , , ,2,1,0,0,1,0,0,0,0,0,0,1,1,0,0,0,0,0,1,0,0,0,0,0,0,0,0,0,0,0,0,0,0,0,0,4,0,40.0523,-75.008, , 
 ,47888,2013032435,6,67,67301,2013,2,6,810,8,1,1,0,5,1, , ,N,0,0,0,3,0,1,3,2,N,Y,39 56:55.123,75 09:08.946,814, ,810, ,0, , , ,0, , , , , ,520835, , , ,1,0,0,0,1,0,0,0,1,0,1,0,1,0,0,0,0,0,0,0,0,0,0,0,0,0,0,0,0,0,0,0,0,0,0,3,0,39.9486,-75.1525, , 
 ,47889,2013032506,6,67,67301,2013,2,5,635,6,1,1,0,7,5, , ,N,1,2,0,3,0,1,1,1,N, ,40 03:17.785,75 03:14.192,640, ,637, ,0, , , ,3, , , , , ,520836, , , ,1,1,0,0,0,0,0,0,0,0,0,0,1,1,0,0,0,0,0,0,0,0,0,0,0,0,0,0,0,0,0,0,0,0,0,8,0,40.0549,-75.0539, , 
 ,47890,2013036668,6,67,67301,2013,3,6,1953,19,3,9,0,4,1, , ,N,1,2,0,3,0,1,2,2,N,N,40 02:34.612,75 07:11.211,2004, ,2000, ,0, ,N, ,3, , , , , ,520843, , , ,2,0,0,0,1,0,1,0,0,0,0,1,1,0,0,0,0,0,0,0,1,0,0,0,0,0,0,0,0,0,0,0,0,0,0,4,0,40.0429,-75.1198, , 
 ,47891,2013050206,6,67,67301,2013,4,6,9999,99,1,1,0,1,1, , ,N,0,0,0,3,0,2,7,3,N,N,40 07:20.589,75 00:48.016,1655, ,1653,2,1,4,N, ,0,Y, , , , ,520856, , , ,3,3,0,0,0,0,0,0,0,0,1,1,2,0,0,0,0,0,0,0,1,0,0,1,0,0,0,0,0,0,0,0,0,0,0,3,0,40.1224,-75.0133, , 
 ,47892,2013035223,6,67,67301,2013,3,1,9999,99,1,1,0,7,2, , ,N,0,4,2,3,0,0,1,1,N,N,39 55:25.183,75 11:30.828,510, ,504, ,0, ,N, ,3, , , , , ,520905, , , ,1,1,0,0,0,0,0,0,0,0,0,0,0,0,0,0,0,0,0,0,0,0,0,0,0,0,0,0,0,0,0,0,0,0,0,0,0,39.9237,-75.1919, , 
 ,47893,2013035245,6,67,67301,2013,2,5,2335,23,3,1,0,4,1, , ,N,0,0,0,3,0,0,2,2,N,N,40 07:15.776,75 00:14.212,20, ,10, ,0, ,N, ,0, , , , , ,520906, , , ,2,0,0,0,0,0,2,0,0,0,0,0,0,0,0,0,0,0,0,0,0,0,0,0,0,0,0,0,0,0,0,0,0,0,0,0,0,40.121,-75.0039, , 
 ,47894,2013022183,6,67,67301,2013,1,4,2100,21,3,1,0,8,1, , ,N,1,2,0,3,0,1,2,2,N,N,39 57:06.984,75 09:35.699,9999, ,9999, ,0, ,N, ,3, , , , , ,520930, , , ,1,1,0,0,0,0,0,0,0,0,0,1,1,0,0,0,0,0,0,0,0,1,0,0,0,0,0,0,0,0,0,0,1,0,0,4,0,39.9519,-75.1598, , 
 ,47895,2013027670,6,67,67301,2013,2,7,745,7,1,4,6,4,1, , ,N,2,2,0,3,0,1,2,2,N,N,40 03:41.901,75 14:11.684,815, ,805, ,0, ,N, ,3, , , , , ,520935, , , ,2,2,0,0,0,0,0,0,0,0,0,0,1,1,0,0,0,0,0,0,0,0,0,0,0,0,0,0,0,0,0,0,0,0,0,8,0,40.0616,-75.2366, , 
 ,47896,2013031523,6,67,67301,2013,1,1,2325,23,3,1,0,4,1, , ,N,0,9,0,3,0,1,2,2, , ,39 55:23.002,75 10:11.635,2330, ,2228, ,0, , , ,9, , , , , ,520938, , , ,2,2,0,0,0,0,0,0,0,0,0,0,1,1,0,0,0,0,0,0,0,0,0,0,0,0,0,0,0,0,0,0,0,0,0,8,0,39.9231,-75.1699, , 
 ,47897,2013044102,6,67,67301,2013,3,2,2159,21,3,2,1,8,1, , ,N,1,2,0,3,0,1,2,2,N,N,39 56:45.520,75 11:03.285,2203, ,2159, ,0, ,N, ,3, , , , , ,524566, , , ,1,0,0,0,1,0,0,0,0,0,0,0,1,1,0,0,0,0,0,0,0,0,0,0,0,0,0,0,0,0,0,0,1,0,0,8,0,39.946,-75.1842, , 
 ,47898,2013047299,6,67,67301,2013,4,1,1822,18,1,1,0,4,1, , ,N,1,2,0,3,0,1,2,2,N, ,40 02:56.546,75 10:29.688,1827, ,1822,9,1,6, , ,3,N, , , , ,524568, , , ,2,2,0,0,0,0,0,0,0,0,0,0,1,1,0,0,0,0,0,0,0,0,0,0,0,0,0,0,0,0,0,0,0,0,0,8,0,40.049,-75.1749, , 
 ,47899,2013027660,6,67,67301,2013,2,5,1750,17,3,1,0,4,1, , ,N,2,2,0,3,0,0,3,3,N, ,39 54:09.142,75 13:29.144,1756, ,1752,2,1,2,N, ,3,Y, , , , ,524597, , , ,3,3,0,0,0,0,0,0,0,0,0,0,0,0,0,0,0,0,0,0,0,1,0,0,0,0,0,0,0,0,0,0,0,0,0,0,0,39.9025,-75.2248, , 
 ,47900,2013029623,6,67,67301,2013,2,1,2240,22,6,9,0,7,4, , ,N,0,0,0,3,0,0,1,1,N,N,40 03:29.408,75 12:00.240,2252, ,2243, ,0, ,N, ,0, , , , , ,524601, , , ,1,1,0,0,0,0,0,0,0,0,0,0,0,0,1,0,0,0,0,0,0,0,0,0,0,0,0,0,0,0,0,0,0,0,0,9,0,40.0582,-75.2001, , 
 ,47901,2013055306,6,67,67301,2013,5,6,1546,15,1,1,0,5,1, , ,N,0,0,0,3,0,1,3,3,N,N,39 57:05.408,75 09:22.846,1546, ,1546,1,1,4,N, ,0,N, , , , ,524619, , , ,2,2,0,0,0,0,0,0,1,0,0,0,1,1,0,0,0,0,0,0,1,0,0,0,0,0,0,0,0,0,0,0,0,0,0,8,0,39.9515,-75.1563, , 
 ,47902,2013055489,6,67,67301,2013,5,2,1128,11,1,1,1,8,4, , ,N,0,0,0,3,0,1,2,2,N, ,39 56:20.731,75 09:45.565,1142, ,1135, ,0, , , ,0, , , , , ,524620, , , ,1,0,0,0,0,0,0,0,0,0,0,1,1,0,0,0,0,0,0,0,1,0,0,0,0,0,0,0,0,0,0,0,1,0,0,4,0,39.9391,-75.1627, , 