wz_ln_closure,objectid_1,crn,district,county,municipality,crash_year,crash_month,day_of_week,time_of_day,hour_of_day,illumination,weather,road_condition,collision_type,relation_to_road,work_zone_type,work_zone_loc,work_zone_ind,intersect_type,tcd_type,location_type,urban_rural,fatal_count,injury_count,person_count,total_units,sch_bus_ind,sch_zone_ind,latitude,longitude,arrival_tm,cons_zone_spd_lim,dispatch_tm,est_hrs_closed,lane_closed,ln_close_dir,ntfy_hiwy_maint,spec_juris_cd,tcd_func_cd,tfc_detour_ind,workers_pres,wz_close_detour,wz_flagger,wz_law_offcr_ind,objectid,wz_moving,wz_other,wz_shlder_mdn,vehicle_count,automobile_count,motorcycle_count,bus_count,small_truck_count,heavy_truck_count,suv_count,van_count,bicycle_count,maj_inj_count,mod_inj_count,min_inj_count,tot_inj_count,unk_inj_deg_count,unk_inj_per_count,driver_count_16yr,driver_count_17yr,driver_count_18yr,driver_count_19yr,driver_count_20yr,driver_count_50_64yr,driver_count_65_74yr,driver_count_75plus,unbelted_occ_count,unb_death_count,unb_maj_inj_count,belted_death_count,belted_maj_inj_count,mcycle_death_count,mcycle_maj_inj_count,bicycle_death_count,bicycle_maj_inj_count,ped_count,ped_death_count,ped_maj_inj_count,max_severity_level,comm_veh_count,dec_lat,dec_long,rdwy_surf_type_cd,county_name
 ,47903,2013055605,6,67,67301,2013,5,6,1150,11,1,1,0,7,5, , ,N,0,0,0,3,0,1,1,1,N, ,39 56:54.342,75 10:34.928,1155, ,1151,9,2,4, , ,0,Y, , , , ,524621, , , ,1,0,0,0,0,1,0,0,0,0,0,0,1,1,0,0,0,0,0,0,1,0,0,0,0,0,0,0,0,0,0,0,0,0,0,8,1,39.9484,-75.1764, , 
 ,47904,2013062544,6,67,67301,2013,4,5,1805,18,1,1,0,4,1, , ,N,1,0,0,3,0,2,5,4,N, ,39 55:45.991,75 13:06.476,1814, ,1811, ,0, , , ,0, , , , , ,524627, , , ,4,1,0,0,2,0,0,1,0,0,0,2,2,0,0,0,0,0,0,0,0,1,0,0,0,0,0,0,0,0,0,0,0,0,0,4,0,39.9294,-75.2184, , 
 ,47905,2013028983,6,67,67301,2013,3,4,1209,12,1,2,1,7,7, , ,N,7,0,2,3,0,1,1,1,N,N,40 00:36.229,75 03:50.590,1215, ,1211,1,2,2,N, ,0,Y, , , , ,524647, , , ,1,1,0,0,0,0,0,0,0,0,0,1,1,0,0,0,0,0,0,0,0,0,0,0,0,0,0,0,0,0,0,0,0,0,0,4,0,40.0101,-75.0641, , 
 ,47906,2013035026,6,67,67301,2013,2,3,2030,20,3,2,1,6,1, , ,N,1,3,0,3,0,0,2,2,N,N,40 03:47.592,75 11:01.827,2230, ,2030, ,0, ,N, ,3, , , , , ,524655, , , ,2,1,0,0,1,0,0,0,0,0,0,0,0,0,0,0,0,0,0,0,0,0,0,0,0,0,0,0,0,0,0,0,0,0,0,0,0,40.0632,-75.1838, , 
 ,47907,2013035306,6,67,67301,2013,2,1,700,7,1,8,1,5,1, , ,N,0,0,0,3,0,1,2,3,N,N,40 00:11.955,75 08:31.038,810, ,803, ,0, ,N, ,0, , , , , ,524656, , , ,3,1,0,0,1,0,1,0,0,0,0,1,1,0,0,0,0,0,0,0,0,0,0,0,0,0,0,0,0,0,0,0,0,0,0,4,0,40.0033,-75.142, , 
 ,47908,2013038543,6,67,67301,2013,3,2,345,3,3,1,0,6,6, , ,N,0,0,0,3,0,0,1,5,N,N,39 56:51.676,75 14:31.848,345, ,337, ,0, ,N, ,0, , , , , ,524657, , , ,5,2,0,0,0,0,2,1,0,0,0,0,0,0,0,0,0,0,0,0,0,0,0,0,0,0,0,0,0,0,0,0,0,0,0,0,0,39.9477,-75.2422, , 
 ,47909,2013041276,6,67,67301,2013,3,7,2225,22,3,1,0,4,1, , ,N,1,0,0,3,0,1,2,2,N,N,40 00:00.510,75 08:29.642,2225, ,2225, ,0, ,N, ,0, , , , , ,524660, , , ,1,1,0,0,0,0,0,0,1,0,0,1,1,0,0,0,0,0,1,0,0,0,0,1,0,0,0,0,0,0,0,0,0,0,0,4,0,40.0001,-75.1416, , 
 ,47910,2013041278,6,67,67301,2013,3,5,609,6,3,1,0,4,1, , ,N,0,0,0,3,0,1,2,2,N,N,40 05:12.739,74 58:16.075,630, ,614, ,0, ,N, ,0, , , , , ,524661, , , ,2,1,0,0,0,0,0,0,0,0,0,1,1,0,0,0,0,0,1,0,0,0,0,0,0,0,0,0,0,0,0,0,0,0,0,4,0,40.0869,-74.9711, , 
 ,47911,2013043775,6,67,67301,2013,3,6,144,1,3,1,0,4,1, , ,N,0,0,0,3,0,0,1,4,N,N,39 55:47.906,75 11:43.033,147, ,146,2,2,1,N, ,0,Y, , , , ,524663, , , ,4,4,0,0,0,0,0,0,0,0,0,0,0,0,0,0,0,0,0,0,0,0,0,0,0,0,0,0,0,0,0,0,0,0,0,0,0,39.93,-75.1953, , 
 ,47912,2013046235,6,67,67301,2013,4,6,358,3,3,2,1,4,1, , ,N,0,0,0,3,0,1,2,2,N,N,39 56:14.582,75 09:47.080,419, ,911, ,0, ,N, ,0, , , , , ,524665, , , ,1,0,0,0,0,0,0,0,1,0,0,1,1,0,0,0,0,0,0,0,0,0,0,0,0,0,0,0,0,0,0,0,0,0,0,4,0,39.9374,-75.1631, , 
 ,47913,2013016085,6,67,67301,2013,2,4,624,6,3,1,0,5,1, , ,N,1,2,0,3,0,3,5,2,N,N,40 01:35.632,75 05:48.279,645, ,624,1,1,2,N, ,3,N, , , , ,524687, , , ,2,0,0,1,0,0,1,0,0,0,0,3,3,0,0,0,0,0,0,0,0,0,0,1,0,0,0,0,0,0,0,0,0,0,0,4,1,40.0266,-75.0967, , 
 ,47914,2013050198,6,67,67301,2013,4,6,934,9,1,1,0,4,1, , ,N,1,3,0,3,0,0,3,2,N, ,39 59:05.330,75 05:58.225,940, ,938, ,0, , , ,3, , , , , ,524707, , , ,2,1,0,0,1,0,0,0,0,0,0,0,0,0,0,0,0,0,0,0,1,0,0,0,0,0,0,0,0,0,0,0,0,0,0,0,0,39.9848,-75.0995, , 
 ,47915,2013021889,6,67,67301,2013,2,5,654,6,3,1,0,0,1, , ,N,0,0,0,3,0,0,2,2,N,N,39 59:53.506,75 11:44.616,654, ,654, ,0, ,N, ,0, , , , , ,513267, , , ,2,0,0,0,1,0,1,0,0,0,0,0,0,0,0,0,0,0,0,0,0,0,0,0,0,0,0,0,0,0,0,0,0,0,0,0,0,39.9982,-75.1957, , 
 ,47916,2013022238,6,67,67301,2013,1,5,9999,99,3,1,0,7,2, , ,N,3,0,0,3,0,0,1,1,N,N,40 02:12.591,75 09:50.587,10, ,0,2,1,6,N, ,0,N, , , , ,513268, , , ,1,1,0,0,0,0,0,0,0,0,0,0,0,0,1,0,0,0,0,0,0,0,0,0,0,0,0,0,0,0,0,0,0,0,0,9,0,40.0368,-75.1641, , 
 ,47917,2013022787,6,67,67301,2013,2,3,1726,17,3,2,1,1,1, , ,N,0,0,0,3,0,0,2,2,N,N,39 59:40.814,75 05:01.539,1738, ,1730, ,0, ,N, ,0, , , , , ,513269, , , ,2,0,0,0,0,0,2,0,0,0,0,0,0,0,0,0,0,0,0,0,0,0,0,0,0,0,0,0,0,0,0,0,0,0,0,0,0,39.9946,-75.0838, , 
 ,47918,2013046241,6,67,67301,2013,4,3,1211,12,1,1,0,4,1, , ,N,2,3,0,3,0,1,2,2,N,N,39 59:08.376,75 09:49.424,1222, ,1214, ,0, ,N, ,3, , , , , ,513289, , , ,1,1,0,0,0,0,0,0,1,0,0,0,1,1,0,0,0,0,0,0,0,0,0,0,0,0,0,0,0,0,0,0,0,0,0,8,0,39.9857,-75.1637, , 
 ,47919,2013047264,6,67,67301,2013,4,1,1715,17,1,1,0,4,1, , ,N,1,2,0,3,0,1,3,2,N,N,40 02:32.725,75 04:57.598,1730, ,1724, ,0, ,N, ,3, , , , , ,513290, , , ,2,2,0,0,0,0,0,0,0,0,0,1,1,0,0,0,0,0,0,0,2,0,0,0,0,0,0,0,0,0,0,0,0,0,0,4,0,40.0424,-75.0827, , 
 ,47920,2013017595,6,67,67301,2013,1,7,1745,17,3,2,1,4,1, , ,N,0,0,0,3,0,1,6,4,N, ,40 01:17.886,75 07:27.678,1749, ,1749, ,0, , , ,0, , , , , ,513308, , , ,4,3,0,0,0,0,1,0,0,0,0,0,0,0,3,0,0,0,1,0,0,0,0,0,0,0,0,0,0,0,0,0,0,0,0,9,0,40.0216,-75.1244, , 
 ,47921,2013035018,6,67,67301,2013,3,7,1325,13,1,1,0,4,1, , ,N,1,3,0,3,0,1,3,3,N,N,40 01:44.014,75 07:59.505,1330, ,1330, ,0, ,N, ,3, , , , , ,513327, , , ,3,2,0,1,0,0,0,0,0,0,0,1,1,0,0,0,0,0,0,0,0,0,0,0,0,0,0,0,0,0,0,0,0,0,0,4,1,40.0289,-75.1332, , 
 ,47922,2013035293,6,67,67301,2013,2,7,2140,21,3,2,1,4,1, , ,N,1,2,0,3,0,2,2,2,N,N,39 58:02.976,75 13:55.022,2145, ,2140, ,0, ,N, ,3, , , , , ,513328, , , ,2,1,0,0,1,0,0,0,0,0,1,1,2,0,0,0,0,0,0,0,0,0,0,0,0,0,0,0,0,0,0,0,0,0,0,3,0,39.9675,-75.232, , 
 ,47923,2013035294,6,67,67301,2013,3,6,1220,12,1,1,0,4,1, , ,N,1,3,0,3,0,1,2,2,N,N,39 58:25.604,75 14:43.036,1229, ,1221, ,0, ,N, ,3, , , , , ,513329, , , ,2,1,0,0,0,0,1,0,0,0,0,1,1,0,0,0,0,0,0,0,1,0,0,0,0,0,0,0,0,0,0,0,0,0,0,4,0,39.9738,-75.2452, , 
 ,47924,2013046405,6,67,67301,2013,4,4,1407,14,1,1,0,4,1, , ,N,1,2,0,3,0,1,2,2,N,N,40 01:26.924,75 07:59.558,1437, ,1411,2,2,1, , ,3,N, , , , ,513337, , , ,2,0,0,0,1,0,0,0,0,1,0,0,1,0,0,0,0,0,0,0,1,0,0,0,0,0,0,0,0,0,0,0,0,0,0,2,0,40.0241,-75.1332, , 
 ,47925,2013010625,6,67,67301,2013,1,7,1422,14,1,1,0,1,1, , ,N,0,0,0,3,0,0,2,2,N,N,39 58:40.195,75 12:05.788,1543, ,1440, ,0, ,N, ,0, , , , , ,513357, , , ,2,1,0,0,1,0,0,0,0,0,0,0,0,0,0,0,0,0,0,0,1,0,0,0,0,0,0,0,0,0,0,0,0,0,0,0,0,39.9778,-75.2016, , 
 ,47926,2013035288,6,67,67301,2013,3,2,1820,18,2,1,0,8,1, , ,N,2,2,0,3,0,1,2,2,N,N,40 02:21.794,75 03:37.017,1835, ,1826,3,2,2,N, ,3,Y, , , , ,513372, , , ,1,0,0,0,0,0,1,0,0,1,0,0,1,0,0,0,0,0,0,0,1,0,0,0,0,0,0,0,0,0,0,0,1,0,1,2,0,40.0394,-75.0603, , 
 ,47927,2013043831,6,67,67301,2013,3,3,1305,13,1,1,0,4,1, , ,N,1,3,0,3,0,0,2,2,N,N,40 03:17.866,75 05:05.373,1312, ,1307,1,1,4,N, ,3,Y, , , , ,513381, , , ,2,2,0,0,0,0,0,0,0,0,0,0,0,0,0,0,0,0,0,0,0,1,0,0,0,0,0,0,0,0,0,0,0,0,0,0,0,40.055,-75.0848, , 
 ,47928,2013046337,6,67,67301,2013,4,1,1757,17,1,1,0,4,1, , ,N,1,3,0,3,0,1,2,2,N, ,40 04:13.793,75 09:18.678,1805, ,1759, ,0, , , ,3, , , , , ,513382, , , ,2,2,0,0,0,0,0,0,0,0,0,0,1,1,0,0,0,0,0,0,1,1,0,0,0,0,0,0,0,0,0,0,0,0,0,8,0,40.0705,-75.1552, , 
 ,47929,2013026972,6,67,67301,2013,2,3,530,5,3,1,1,4,1, , ,N,1,2,0,3,0,2,2,2,N,N,40 02:11.152,75 07:49.835,539, ,536,1,1,1,N, ,3,Y, , , , ,513415, , , ,2,1,0,0,0,0,1,0,0,0,0,2,2,0,0,0,0,0,0,0,1,0,0,0,0,0,0,0,0,0,0,0,0,0,0,4,0,40.0364,-75.1305, , 
 ,47930,2013041344,6,67,67301,2013,3,5,2030,20,3,1,0,8,1, , ,N,1,2,0,3,0,1,2,2,N,N,39 56:17.059,75 10:06.455,2105, ,2102, ,0, , , ,3, , , , , ,513426, , , ,1,0,0,0,0,0,1,0,1,0,0,1,1,0,0,0,0,0,0,0,0,0,0,0,0,0,0,0,0,0,0,0,0,0,0,4,0,39.9381,-75.1685, , 
 ,47931,2013027085,6,67,67301,2013,3,1,2035,20,3,1,0,1,1, , ,N,6,0,2,3,0,0,3,2,N,N,39 57:59.464,75 11:14.628,2044, ,2037, ,0, ,N, ,0, , , , , ,513457, , , ,2,2,0,0,0,0,0,0,0,0,0,0,0,0,0,0,0,0,0,0,0,0,0,0,0,0,0,0,0,0,0,0,0,0,0,0,0,39.9665,-75.1874, , 
 ,47932,2013029768,6,67,67301,2013,2,5,1455,14,1,1,0,4,1, , ,N,1,3,0,3,0,1,4,2,N,N,40 01:41.404,75 02:31.106,1505, ,1459,1,2,3,N, ,3,Y, , , , ,513461, , , ,2,1,0,0,1,0,0,0,0,0,0,1,1,0,0,0,0,0,0,0,0,1,1,0,0,0,0,0,0,0,0,0,0,0,0,4,0,40.0282,-75.042, , 
 ,47933,2013037159,6,67,67301,2013,3,2,809,8,1,4,4,7,2, , ,N,6,0,8,3,0,0,1,1,N,N,39 59:50.584,75 04:55.205,815, ,810,2,2,2,N, ,0,N, , , , ,516894, , , ,1,1,0,0,0,0,0,0,0,0,0,0,0,0,0,0,1,0,0,0,0,0,0,0,0,0,0,0,0,0,0,0,0,0,0,0,0,39.9974,-75.082, , 
 ,47934,2013047295,6,67,67301,2013,4,7,2352,23,3,1,0,2,6, , ,N,0,0,0,3,0,0,1,4,N, ,40 01:20.632,75 07:52.390,2354, ,2352, ,0, , , ,0, , , , , ,516901, , , ,4,0,0,0,1,0,1,2,0,0,0,0,0,0,1,0,0,0,0,0,0,0,0,0,0,0,0,0,0,0,0,0,0,0,0,9,0,40.0224,-75.1312, , 
 ,47935,2013052132,6,67,67301,2013,4,2,1019,10,1,2,1,5,2, , ,N,0,0,0,3,0,1,2,2,N,N,40 00:30.715,75 04:12.813,1031, ,1023,2,2,2,N, ,0,N, , , , ,516906, , , ,2,1,0,0,0,0,1,0,0,0,0,0,1,1,0,0,0,0,0,0,0,0,0,0,0,0,0,0,0,0,0,0,0,0,0,8,0,40.0085,-75.0702, , 
 ,47936,2013055650,6,67,67301,2013,4,4,830,8,1,1,0,1,1, , ,N,0,0,0,3,0,1,2,2,N,N,39 58:11.359,75 11:15.172,1200, ,1200, ,0, , , ,0, , , , , ,516909, , , ,2,2,0,0,0,0,0,0,0,0,0,1,1,0,1,0,0,0,0,0,0,0,0,0,0,0,0,0,0,0,0,0,0,0,0,4,0,39.9698,-75.1875, , 
 ,47937,2013058707,6,67,67301,2013,4,1,314,3,3,1,0,7,2, , ,N,0,0,0,3,0,1,1,1,N,N,39 57:40.528,75 10:55.971,325, ,315,1,2,4,N, ,0,N, , , , ,516913, , , ,1,1,0,0,0,0,0,0,0,0,0,0,1,1,0,0,0,0,0,0,0,0,0,1,0,0,0,0,0,0,0,0,0,0,0,8,0,39.9613,-75.1822, , 
 ,47938,2013023507,6,67,67301,2013,1,4,1530,15,1,1,0,4,1, , ,N,1,2,0,3,0,2,3,2,N,N,40 05:04.061,75 01:29.192,1550, ,1535, ,0, ,N, ,3, , , , , ,516936, , , ,2,2,0,0,0,0,0,0,0,0,0,1,2,1,0,0,0,0,0,0,0,0,0,0,0,0,0,0,0,0,0,0,0,0,0,4,0,40.0846,-75.0249, , 
 ,47939,2013024959,6,67,67301,2013,2,1,425,4,3,4,3,7,3, , ,N,2,0,0,3,0,0,1,1,N,N,40 01:45.754,75 06:22.752,437, ,427,1,1,2,Y, ,0,N, , , , ,516938, , , ,1,1,0,0,0,0,0,0,0,0,0,0,0,0,1,0,0,0,0,0,0,0,0,0,0,0,0,0,0,0,0,0,0,0,0,9,0,40.0294,-75.1063, , 
 ,47940,2013029722,6,67,67301,2013,2,6,420,4,3,1,0,4,1, , ,N,1,0,0,3,0,0,2,2,N, ,40 01:50.757,75 11:15.933,439, ,428, ,0, , , ,0, , , , , ,516942, , , ,2,2,0,0,0,0,0,0,0,0,0,0,0,0,0,0,0,0,0,0,1,0,0,1,0,0,0,0,0,0,0,0,0,0,0,0,0,40.0308,-75.1878, , 
 ,47941,2013032729,6,46,46102,2013,3,5,2005,20,3,1,0,4,1, , ,N,0,0,0,3,0,0,4,2,N,N,40 03:48.454,75 08:22.894,2011, ,2008,1,1,4,N, ,0,N, , , , ,516947, , , ,2,1,0,0,0,0,0,1,0,0,0,0,0,0,0,0,0,0,0,0,1,0,0,0,0,0,0,0,0,0,0,0,0,0,0,0,0,40.0635,-75.1397, , 
 ,47942,2013012055,6,67,67301,2013,1,7,135,1,3,1,0,7,4, , ,N,1,0,0,3,0,1,1,1,N,N,40 00:22.733,75 05:22.991,141, ,140, ,0, ,N, ,0, , , , , ,516978, , , ,1,1,0,0,0,0,0,0,0,0,0,0,1,1,0,0,0,0,0,0,0,0,0,0,0,0,0,0,0,0,0,0,0,0,0,8,0,40.0063,-75.0897, , 
 ,47943,2013028986,6,67,67301,2013,3,1,1820,18,1,1,0,1,1, , ,N,0,0,0,3,0,8,10,2,N,N,39 58:17.473,75 11:35.705,1836, ,1827, ,0, ,N, ,0, , , , , ,516988, , , ,2,0,0,0,0,0,2,0,0,0,0,8,8,0,0,0,0,1,0,0,0,0,0,3,0,0,0,0,0,0,0,0,0,0,0,4,0,39.9715,-75.1933, , 
 ,47944,2013042776,6,67,67301,2013,3,2,726,7,1,1,0,1,1, , ,N,6,4,2,3,0,1,2,2,N,N,39 56:54.810,75 11:08.203,737, ,728,1,1,4,N, ,3,N, , , , ,517005, , , ,2,0,0,0,0,0,2,0,0,0,0,1,1,0,0,0,0,0,0,0,0,0,0,0,0,0,0,0,0,0,0,0,0,0,0,4,0,39.9486,-75.1856, , 
 ,47945,2013050301,6,67,67301,2013,4,5,2000,20,2,1,0,4,1, , ,N,2,3,0,3,0,1,3,2,N, ,40 01:23.939,75 09:49.962,2010, ,2005,9,2,5, , ,3,N, , , , ,517008, , , ,2,1,0,0,1,0,0,0,0,0,0,1,1,0,0,0,0,0,0,1,0,0,0,0,0,0,0,0,0,0,0,0,0,0,0,4,0,40.0233,-75.1639, , 
Y,47946,2013053929,6,67,67301,2013,5,3,1912,19,1,1,0,0,1,1,4,Y,0,0,0,3,0,0,1,1,N,N,39 58:01.638,75 08:01.740,1921,45,1913,1,2,2,N, ,0,N,N,N,N,N,517012,N,N,Y,1,1,0,0,0,0,0,0,0,0,0,0,0,0,0,0,0,0,0,0,1,0,0,0,0,0,0,0,0,0,0,0,0,0,0,0,0,39.9671,-75.1338, , 
 ,47947,2013055356,6,67,67301,2013,5,1,1615,16,1,1,0,4,1, , ,N,2,0,0,3,0,1,1,2,N, ,39 59:21.440,75 06:12.571,1621, ,1615,2,1,4, , ,0,N, , , , ,517055, , , ,2,1,0,0,1,0,0,0,0,0,0,1,1,0,0,0,0,0,0,0,0,0,0,0,0,0,0,0,0,0,0,0,0,0,0,4,0,39.9893,-75.1035, , 
 ,47948,2013055492,6,67,67301,2013,5,5,9999,99,1,1,0,8,1, , ,N,1,2,0,3,0,1,2,2,N,N,40 03:04.368,75 03:57.572,512, ,459, ,0, ,N, ,3, , , , , ,517056, , , ,1,0,0,0,0,0,0,0,0,0,0,1,1,0,0,0,0,0,0,0,0,0,0,0,0,0,0,0,0,0,0,0,1,0,0,4,0,40.0512,-75.0661, , 
 ,47949,2013041345,6,67,67301,2013,3,4,1815,18,4,1,0,4,1, , ,N,1,2,0,3,0,1,4,2,N,N,40 02:06.826,75 08:44.062,1830, ,1820, ,0, ,N, ,3, , , , , ,517095, , , ,2,0,0,0,1,0,1,0,0,0,0,1,1,0,0,0,0,0,0,0,0,0,0,0,0,0,0,0,0,0,0,0,0,0,0,4,0,40.0352,-75.1455, , 
 ,47950,2013044113,6,67,67301,2013,3,4,1420,14,1,1,0,8,1, , ,N,1,2,0,3,0,1,2,2,N, ,40 01:30.262,75 07:02.589,1439, ,1422, ,0, , , ,3, , , , , ,517098, , , ,1,0,0,0,1,0,0,0,0,0,1,0,1,0,0,0,0,0,0,0,0,0,0,0,0,0,0,0,0,0,0,0,1,0,0,3,0,40.0251,-75.1174, , 
 ,47951,2013047218,6,67,67301,2013,4,3,2010,20,3,1,0,8,1, , ,N,1,2,0,3,0,1,2,2,N,N,39 58:44.043,75 09:34.387,2020, ,2015, ,0, ,N, ,3, , , , , ,520951, , , ,1,0,0,0,0,0,1,0,0,0,0,0,1,1,0,0,0,0,0,1,0,0,0,0,0,0,0,0,0,0,0,0,1,0,0,8,0,39.9789,-75.1596, , 
 ,47952,2013047250,6,67,67301,2013,4,3,1521,15,1,1,0,8,1, , ,N,0,0,0,3,0,1,2,2,N, ,39 58:08.141,75 08:10.486,1610, ,1609, ,0, , , ,0, , , , , ,520952, , , ,1,1,0,0,0,0,0,0,0,0,0,0,1,1,0,0,0,0,0,0,1,0,0,0,0,0,0,0,0,0,0,0,1,0,0,8,0,39.9689,-75.1362, , 
 ,47953,2013057446,6,67,67301,2013,3,5,106,1,3,1,0,7,2, , ,N,0,0,0,3,0,0,1,1,N,N,40 00:38.147,75 03:44.526,117, ,107, ,0, ,N, ,0, , , , , ,520959, , , ,1,0,0,0,1,0,0,0,0,0,0,0,0,0,1,0,0,0,0,0,0,0,0,0,0,0,0,0,0,0,0,0,0,0,0,9,0,40.0105,-75.0625, , 
 ,47954,2013062655,6,67,67301,2013,5,6,2325,23,3,2,1,4,1, , ,N,5,2,0,3,0,1,2,2,N,N,40 00:28.406,75 08:25.901,2345, ,2327, ,0, ,N, ,3, , , , , ,520966, , , ,2,2,0,0,0,0,0,0,0,0,0,0,1,1,0,0,0,0,0,0,0,0,0,0,0,0,0,0,0,0,0,0,0,0,0,8,0,40.0079,-75.1405, , 
 ,47955,2013035280,6,67,67301,2013,3,7,1500,15,1,1,0,4,1, , ,N,3,3,0,3,0,0,2,2,N,N,39 57:46.836,75 09:30.286,1730, ,1730, ,0, ,N, ,3, , , , , ,520994, , , ,2,1,0,0,1,0,0,0,0,0,0,0,0,0,1,0,0,0,0,0,0,0,0,0,0,0,0,0,0,0,0,0,0,0,0,9,0,39.963,-75.1584, , 
 ,47956,2013046408,6,67,67301,2013,4,2,752,7,1,1,0,4,1, , ,N,3,2,0,3,0,0,2,2,N,N,40 00:21.955,75 10:35.772,805, ,753, ,0, ,N, ,2, , , , , ,520998, , , ,2,2,0,0,0,0,0,0,0,0,0,0,0,0,0,0,0,0,0,0,1,0,0,0,0,0,0,0,0,0,0,0,0,0,0,0,0,40.006,-75.1766, , 
 ,47957,2013047290,6,67,67301,2013,4,3,1400,14,1,1,0,4,1, , ,N,0,0,0,3,0,1,3,2,N, ,39 57:27.587,75 09:32.995,1404, ,1402, ,0, , , ,0, , , , , ,521002, , , ,1,1,0,0,0,0,0,0,1,0,0,1,1,0,0,0,0,1,0,0,0,0,0,0,0,0,0,0,0,0,0,0,0,0,0,4,0,39.9577,-75.1592, , 
 ,47958,2013065396,6,67,67301,2013,5,3,946,9,1,1,0,1,1, , ,N,1,2,0,3,0,2,3,3,N, ,40 03:06.917,74 59:04.092,952, ,948,9,1,1, , ,3,N, , , , ,521013, , , ,3,1,0,0,1,0,1,0,0,0,0,0,2,2,0,0,0,0,0,0,0,1,0,0,0,0,0,0,0,0,0,0,0,0,0,8,0,40.0519,-74.9845, , 
 ,47959,2013022180,6,67,67301,2013,1,6,1312,13,1,1,0,8,1, , ,N,1,3,0,3,0,1,2,2,N,N,39 56:52.447,75 12:49.931,1319, ,1315, ,0, ,N, ,3, , , , , ,521033, , , ,1,1,0,0,0,0,0,0,0,0,0,1,1,0,0,0,0,0,0,0,0,0,0,0,0,0,0,0,0,0,0,0,1,0,0,4,0,39.9479,-75.2139, , 
 ,47960,2013035127,6,67,67301,2013,3,3,1500,15,1,1,0,6,1, , ,N,1,3,0,3,0,1,3,2,N,N,39 59:41.830,75 08:58.923,9999, ,1522, ,0, , , ,3, , , , , ,521043, , , ,2,1,0,0,0,0,0,1,0,0,0,0,1,1,0,0,0,0,0,0,1,0,0,0,0,0,0,0,0,0,0,0,0,0,0,8,0,39.995,-75.1497, , 
 ,47961,2013062568,6,67,67301,2013,5,3,1200,12,1,2,1,4,1, , ,N,1,2,0,3,0,1,2,2,N,N,39 58:29.625,75 09:43.354,1218, ,1216, ,0, ,N, ,3, , , , , ,521060, , , ,2,1,0,0,1,0,0,0,0,0,0,1,1,0,0,0,0,1,0,0,0,1,0,0,0,0,0,0,0,0,0,0,0,0,0,4,0,39.9749,-75.162, , 
 ,47962,2013063106,6,67,67301,2013,5,2,1545,15,1,1,0,4,1, , ,N,1,2,0,3,0,1,2,2,N,N,40 00:39.311,75 09:03.157,1605, ,1600,9,1,1,N, ,3,N, , , , ,521062, , , ,2,0,1,0,0,0,0,1,0,0,0,0,1,1,0,0,0,0,0,0,0,0,0,0,0,0,0,0,0,0,0,0,0,0,0,8,0,40.0107,-75.1508, , 
 ,47963,2013065437,6,67,67301,2013,5,2,1614,16,1,1,0,4,1, , ,N,0,0,0,3,0,1,3,2,N,N,39 57:02.727,75 11:42.067,1616, ,1615, ,0, ,N, ,0, , , , , ,521064, , , ,1,1,0,0,0,0,0,0,1,0,1,0,1,0,0,0,0,0,0,0,1,0,0,0,0,0,0,0,0,0,0,0,0,0,0,3,0,39.9508,-75.195, , 
 ,47964,2013016285,6,67,67301,2013,1,7,402,4,3,2,1,4,1, , ,N,0,0,0,3,0,1,1,4,N,N,40 03:12.787,75 08:53.185,433, ,431, ,0, ,N, ,0, , , , , ,521073, , , ,4,3,0,0,0,0,0,1,0,0,0,0,1,1,0,0,0,0,0,0,0,0,0,0,0,0,0,0,0,0,0,0,0,0,0,8,0,40.0536,-75.1481, , 
 ,47965,2013022190,6,67,67301,2013,1,1,9999,99,3,1,0,2,1, , ,N,5,2,0,3,0,2,2,2,N, ,40 00:48.913,75 04:06.725,9999, ,9999, ,0, , , ,3, , , , , ,521076, , , ,2,1,0,0,1,0,0,0,0,0,0,2,2,0,0,0,0,0,0,0,0,0,0,0,0,0,0,0,0,0,0,0,0,0,0,4,0,40.0136,-75.0685, , 
 ,47966,2013023534,6,67,67301,2013,1,2,700,7,1,6,1,1,1, , ,N,1,2,0,3,0,1,2,2,N,N,39 53:40.551,75 14:48.126,730, ,723, ,0, ,N, ,3, , , , , ,521079, , , ,2,2,0,0,0,0,0,0,0,0,0,0,1,1,0,0,0,0,0,0,0,0,0,0,0,0,0,0,0,0,0,0,0,0,0,8,0,39.8946,-75.2467, , 
 ,47967,2013047687,6,67,67301,2013,4,1,1317,13,1,1,0,1,1, , ,N,0,0,0,3,0,1,5,2,N,N,39 57:34.457,75 10:31.442,1322, ,1317,1,1,4,N, ,0,Y, , , , ,521104, , , ,2,0,0,0,0,0,1,1,0,0,0,0,1,1,2,0,0,0,0,0,1,0,0,0,0,0,0,0,0,0,0,0,0,0,0,8,0,39.9596,-75.1754, , 
 ,47968,2013055854,6,67,67301,2013,5,6,1610,16,1,9,8,1,1, , ,N,0,0,0,3,0,1,3,2,N,N,39 59:51.836,75 05:19.674,1654, ,1624, ,0, , , ,0, , , , , ,521110, , , ,2,2,0,0,0,0,0,0,0,0,0,1,1,0,0,0,0,0,0,0,2,0,0,0,0,0,0,0,0,0,0,0,0,0,0,4,0,39.9977,-75.0888, , 