wz_ln_closure,objectid_1,crn,district,county,municipality,crash_year,crash_month,day_of_week,time_of_day,hour_of_day,illumination,weather,road_condition,collision_type,relation_to_road,work_zone_type,work_zone_loc,work_zone_ind,intersect_type,tcd_type,location_type,urban_rural,fatal_count,injury_count,person_count,total_units,sch_bus_ind,sch_zone_ind,latitude,longitude,arrival_tm,cons_zone_spd_lim,dispatch_tm,est_hrs_closed,lane_closed,ln_close_dir,ntfy_hiwy_maint,spec_juris_cd,tcd_func_cd,tfc_detour_ind,workers_pres,wz_close_detour,wz_flagger,wz_law_offcr_ind,objectid,wz_moving,wz_other,wz_shlder_mdn,vehicle_count,automobile_count,motorcycle_count,bus_count,small_truck_count,heavy_truck_count,suv_count,van_count,bicycle_count,maj_inj_count,mod_inj_count,min_inj_count,tot_inj_count,unk_inj_deg_count,unk_inj_per_count,driver_count_16yr,driver_count_17yr,driver_count_18yr,driver_count_19yr,driver_count_20yr,driver_count_50_64yr,driver_count_65_74yr,driver_count_75plus,unbelted_occ_count,unb_death_count,unb_maj_inj_count,belted_death_count,belted_maj_inj_count,mcycle_death_count,mcycle_maj_inj_count,bicycle_death_count,bicycle_maj_inj_count,ped_count,ped_death_count,ped_maj_inj_count,max_severity_level,comm_veh_count,dec_lat,dec_long,rdwy_surf_type_cd,county_name
 ,48036,2013052998,6,67,67301,2013,4,5,1845,18,1,1,0,4,7, , ,N,2,2,2,3,0,2,3,2,N,N,39 58:28.951,75 11:54.461,1852, ,1846, ,0, ,N, ,3, , , , , ,559874, , , ,2,1,0,0,0,0,1,0,0,0,0,0,2,2,0,0,0,0,0,0,1,0,0,0,0,0,0,0,0,0,0,0,0,0,0,8,0,39.9747,-75.1984, , 
 ,48037,2013053102,6,67,67301,2013,4,2,1009,10,1,2,1,5,1, , ,N,0,0,0,3,0,1,2,2,N,N,40 00:18.942,75 05:33.608,1040, ,1037, ,0, ,N, ,0, , , , , ,559875, , , ,2,1,0,0,0,0,1,0,0,0,0,0,1,1,0,0,0,0,0,0,0,0,0,0,0,0,0,0,0,0,0,0,0,0,0,8,0,40.0053,-75.0927, , 
 ,48038,2013099777,6,67,67301,2013,10,1,440,4,2,1,0,7,4, , ,N,0,0,0,3,0,1,1,1,N,N,39 55:04.918,75 08:52.407,455, ,445,2,1,2,N, ,0,N, , , , ,559909, , , ,1,1,0,0,0,0,0,0,0,0,1,0,1,0,0,0,0,0,0,0,0,0,0,1,0,0,0,0,0,0,0,0,0,0,0,3,0,39.918,-75.1479, , 
 ,48039,2013055521,6,67,67301,2013,5,2,1201,12,1,1,0,7,5, , ,N,0,0,7,3,0,1,1,1,N,N,39 53:57.410,75 15:08.740,1215, ,1202,1,2,7,N, ,0,Y, , , , ,559921, , , ,1,0,0,0,0,0,0,1,0,0,0,1,1,0,0,0,0,0,0,0,1,0,0,1,0,0,0,0,0,0,0,0,0,0,0,4,0,39.8993,-75.2524, , 
 ,48040,2013017679,6,67,67301,2013,1,5,847,8,1,1,0,4,1, , ,N,0,0,0,3,0,1,2,2,N,N,39 59:48.154,75 13:07.344,847, ,847,1,2,4,N, ,0,N, , , , ,559933, , , ,2,1,0,0,0,0,1,0,0,0,0,1,1,0,0,0,0,0,0,0,1,0,0,0,0,0,0,0,0,0,0,0,0,0,0,4,0,39.9967,-75.2187, , 
 ,48041,2013078962,6,67,67301,2013,7,7,856,8,1,1,0,1,1, , ,N,0,0,0,3,0,1,7,3,N,N,39 57:25.503,75 09:23.862,903, ,857,1,1,3,N, ,0,N, , , , ,562883, , , ,3,1,0,0,0,0,1,1,0,0,0,0,1,1,0,0,0,0,1,0,2,0,0,1,0,0,0,0,0,0,0,0,0,0,0,8,0,39.9571,-75.1566, , 
 ,48042,2013096450,6,67,67301,2013,8,5,1837,18,1,1,0,1,1, , ,N,1,2,0,3,0,2,2,2,N,N,40 02:35.649,75 03:08.136,1842, ,1840, ,0, , , ,3, , , , , ,562899, , , ,2,1,0,0,1,0,0,0,0,0,1,1,2,0,0,0,0,0,0,0,2,0,0,0,0,0,0,0,0,0,0,0,0,0,0,3,0,40.0432,-75.0523, , 
 ,48043,2013067041,6,67,67301,2013,6,1,2149,21,3,1,0,5,1, , ,N,0,0,0,3,0,0,2,2,N,N,39 57:09.368,75 08:29.366,2223, ,2154, ,0, ,N, ,0, , , , , ,562907, , , ,2,2,0,0,0,0,0,0,0,0,0,0,0,0,1,0,0,0,0,0,1,0,0,0,0,0,0,0,0,0,0,0,0,0,0,9,0,39.9526,-75.1415, , 
 ,48044,2013062623,6,67,67301,2013,4,2,945,9,1,2,1,7,3, , ,N,0,0,0,3,0,1,1,1,N,N,40 02:38.920,75 07:02.077,1030, ,1025, ,0, ,N, ,0, , , , , ,562921, , , ,1,0,0,0,0,0,1,0,0,0,0,1,1,0,0,0,0,0,0,0,0,0,0,0,0,0,0,0,0,0,0,0,0,0,0,4,0,40.0441,-75.1172, , 
 ,48045,2013096046,6,67,67301,2013,8,6,1455,14,1,1,0,4,1, , ,N,1,3,0,3,0,0,2,2,N,N,39 59:12.976,75 05:52.839,1502, ,1500,1,1,3,N, ,3,Y, , , , ,562950, , , ,2,2,0,0,0,0,0,0,0,0,0,0,0,0,0,0,0,0,0,0,0,0,0,0,0,0,0,0,0,0,0,0,0,0,0,0,0,39.9869,-75.098, , 
 ,48046,2013070480,6,67,67301,2013,6,7,40,0,3,2,1,6,1, , ,N,0,0,0,3,0,0,1,2,N,N,40 00:38.271,75 04:36.760,42, ,40, ,0, ,N, ,0, , , , , ,562966, , , ,2,0,0,0,1,0,1,0,0,0,0,0,0,0,0,0,0,0,0,0,0,0,0,0,0,0,0,0,0,0,0,0,0,0,0,0,0,40.0106,-75.0769, , 
 ,48047,2013103154,6,67,67301,2013,10,1,333,3,3,1,0,7,2, , ,N,6,0,2,3,0,0,1,1,N,N,40 00:12.647,75 04:38.645,333, ,333,1,1,2,N, ,0,N, , , , ,562993, , , ,1,1,0,0,0,0,0,0,0,0,0,0,0,0,0,0,0,0,0,0,0,0,0,0,0,0,0,0,0,0,0,0,0,0,0,0,0,40.0035,-75.0774, , 
 ,48048,2013065298,6,67,67301,2013,5,4,2130,21,3,1,0,5,1, , ,N,1,0,0,3,0,1,2,2,N,N,39 57:37.116,75 10:26.115,1755, ,1745, ,0, ,N, ,0, , , , , ,563001, , , ,1,1,0,0,0,0,0,0,1,0,0,1,1,0,0,0,0,0,0,0,1,0,0,0,0,0,0,0,0,0,0,0,0,0,0,4,0,39.9603,-75.1737, , 
 ,48049,2013070247,6,67,67301,2013,6,3,1642,16,1,1,0,5,1, , ,N,0,0,0,3,0,1,2,2,N,N,39 57:35.678,75 14:12.276,1645, ,1642, ,0, ,N, ,0, , , , , ,563012, , , ,2,1,1,0,0,0,0,0,0,0,0,1,1,0,1,0,0,0,0,0,0,0,0,0,0,0,0,0,0,0,0,0,0,0,0,4,0,39.9599,-75.2368, , 
 ,48050,2013077374,6,67,67301,2013,6,6,759,7,1,1,0,4,1, , ,N,2,2,0,3,0,0,2,2,N,N,39 59:11.558,75 12:18.363,805, ,801, ,0, ,N, ,3, , , , , ,563020, , , ,2,1,0,0,0,0,1,0,0,0,0,0,0,0,0,0,0,0,0,0,1,0,0,0,0,0,0,0,0,0,0,0,0,0,0,0,0,39.9865,-75.2051, , 
 ,48051,2013079454,6,67,67301,2013,6,6,1954,19,1,1,0,5,1, , ,N,1,0,0,3,0,3,5,5,N,N,39 58:58.770,75 06:05.073,1955, ,1954, ,0, , , ,0, , , , , ,563022, , , ,5,1,0,0,1,0,0,0,0,0,0,3,3,0,1,0,0,0,0,0,1,0,0,1,0,0,0,0,0,0,0,0,0,0,0,4,0,39.983,-75.1014, , 
 ,48052,2013086751,6,67,67301,2013,7,5,1648,16,1,1,0,8,1, , ,N,1,2,0,3,0,1,2,2,N,N,39 55:29.812,75 13:24.391,1708, ,1658, ,0, ,N, ,3, , , , , ,563028, , , ,1,1,0,0,0,0,0,0,0,1,0,0,1,0,0,0,0,0,0,0,0,0,0,0,0,0,0,0,0,0,0,0,1,0,1,2,0,39.9249,-75.2234, , 
 ,48053,2013086943,6,67,67301,2013,7,5,1643,16,1,1,0,8,1, , ,N,5,2,0,3,0,1,2,2,N, ,39 57:26.442,75 10:14.506,1647, ,1644, ,0, , , ,3, , , , , ,563029, , , ,1,0,0,0,0,0,1,0,0,0,0,1,1,0,0,0,0,0,0,0,0,0,0,0,0,0,0,0,0,0,0,0,1,0,0,4,0,39.9573,-75.1707, , 
 ,48054,2013099764,6,67,67301,2013,9,2,1558,15,1,1,0,0,1, , ,N,0,0,0,3,0,1,1,1,N,N,39 53:12.993,75 12:55.373,1614, ,1559,2,1,1,N, ,0,N, , , , ,563037, , , ,1,0,0,0,0,0,1,0,0,0,0,0,1,1,0,0,0,0,0,0,1,0,0,1,0,0,0,0,0,0,0,0,0,0,0,8,0,39.8869,-75.2154, , 
 ,48055,2013078985,6,67,67301,2013,8,1,630,6,1,1,0,4,1, , ,N,0,0,0,3,0,0,2,2,N,N,39 57:35.951,75 10:46.737,632, ,630,1,1,3,N, ,0,N, , , , ,563058, , , ,2,1,0,0,0,0,0,1,0,0,0,0,0,0,0,0,0,0,0,0,1,1,0,0,0,0,0,0,0,0,0,0,0,0,0,0,0,39.96,-75.1796, , 
 ,48056,2013079478,6,67,67301,2013,7,2,9999,99,3,1,0,4,1, , ,N,0,0,0,3,0,1,1,3,N,N,39 59:12.253,75 10:19.491,453, ,433, ,0, , , ,0, , , , , ,563060, , , ,3,2,0,0,0,0,0,1,0,0,0,1,1,0,0,0,0,0,0,0,0,0,0,0,0,0,0,0,0,0,0,0,0,0,0,4,0,39.9867,-75.1721, , 
 ,48057,2013095959,6,67,67301,2013,8,1,1916,19,4,1,0,4,2, , ,N,2,0,0,3,0,0,2,2,N,N,40 03:04.129,75 07:21.028,1917, ,1917, ,0, ,N, ,0, , , , , ,563077, , , ,2,1,0,0,0,0,1,0,0,0,0,0,0,0,0,0,0,0,0,0,0,0,0,0,0,0,0,0,0,0,0,0,0,0,0,0,0,40.0511,-75.1225, , 
 ,48058,2013067502,6,67,67301,2013,6,7,1739,17,1,1,0,1,1, , ,N,0,0,0,3,0,1,3,2,N,N,39 57:25.352,75 09:22.734,1756, ,1740, ,0, ,N, ,0, , , , , ,563098, , , ,2,0,0,0,1,0,1,0,0,0,0,0,1,1,0,0,0,0,0,0,1,0,0,0,0,0,0,0,0,0,0,0,0,0,0,8,0,39.957,-75.1563, , 
 ,48059,2013098371,6,67,67301,2013,8,7,1755,17,1,1,0,8,1, , ,N,0,0,0,3,0,1,2,2,N, ,39 56:14.679,75 13:21.723,1805, ,1800,2,2,5, , ,0,Y, , , , ,568200, , , ,1,1,0,0,0,0,0,0,0,0,0,1,1,0,0,0,0,0,0,0,0,0,0,0,0,0,0,0,0,0,0,0,1,0,0,4,0,39.9374,-75.2227, , 
 ,48060,2013098440,6,67,67301,2013,9,3,2212,22,3,1,0,4,1, , ,N,1,2,0,3,0,1,2,2,N,N,39 57:01.634,75 11:33.356,2215, ,2212, ,0, ,N, ,3, , , , , ,568201, , , ,1,1,0,0,0,0,0,0,1,0,0,1,1,0,0,0,0,0,0,0,0,0,0,0,0,0,0,0,0,0,0,0,0,0,0,4,0,39.9505,-75.1926, , 
 ,48061,2013055846,6,67,67301,2013,4,3,718,7,1,1,1,2,1, , ,N,0,0,0,3,0,2,4,3,N,N,39 59:41.905,75 11:31.609,740, ,728, ,0, ,N, ,0, , , , , ,568209, , , ,3,3,0,0,0,0,0,0,0,0,0,0,2,2,0,0,0,0,0,0,1,0,0,0,0,0,0,0,0,0,0,0,0,0,0,8,0,39.995,-75.1921, , 
 ,48062,2013086918,6,67,67301,2013,8,5,920,9,1,2,1,8,1, , ,N,1,2,0,3,0,1,2,2,N,N,39 59:17.068,75 09:26.951,1025, ,1021, ,0, ,N, ,9, , , , , ,568225, , , ,1,1,0,0,0,0,0,0,0,0,0,1,1,0,1,0,0,0,0,0,0,0,0,0,0,0,0,0,0,0,0,0,1,0,0,4,0,39.9881,-75.1575, , 
 ,48063,2013086926,6,67,67301,2013,7,4,600,6,1,1,0,7,5, , ,N,0,0,0,3,0,0,1,1,N, ,40 03:28.286,75 02:26.877,607, ,602, ,0, , , ,0, , , , , ,568226, , , ,1,1,0,0,0,0,0,0,0,0,0,0,0,0,0,0,0,0,0,0,0,0,0,0,0,0,0,0,0,0,0,0,0,0,0,0,0,40.0579,-75.0408, , 
 ,48064,2013090139,6,67,67301,2013,9,6,1849,18,4,1,0,1,1, , ,N,0,0,0,3,0,0,2,2,N,N,39 57:26.693,75 09:30.289,1913, ,1859,1,2,4,N, ,0,N, , , , ,568231, , , ,2,2,0,0,0,0,0,0,0,0,0,0,0,0,0,0,0,0,0,0,0,0,0,0,0,0,0,0,0,0,0,0,0,0,0,0,0,39.9574,-75.1584, , 
 ,48065,2013098418,6,67,67301,2013,9,4,1602,16,1,1,0,4,1, , ,N,1,2,0,3,0,3,3,2,N, ,40 01:36.580,75 05:52.985,1610, ,1603,1,1,1, , ,3,N, , , , ,568235, , , ,2,1,0,0,0,0,1,0,0,0,0,3,3,0,0,0,0,0,0,0,0,0,0,0,0,0,0,0,0,0,0,0,0,0,0,4,0,40.0268,-75.0981, , 
 ,48066,2013098427,6,67,67301,2013,9,3,1347,13,1,1,0,1,1, , ,N,0,0,0,3,0,1,6,3,N,N,39 54:57.709,75 09:53.226,1405, ,1359,1,1,4,N, ,0,N, , , , ,568236, , , ,3,2,0,0,0,0,1,0,0,0,0,1,1,0,0,0,0,0,0,1,0,0,0,1,0,0,0,0,0,0,0,0,0,0,0,4,0,39.916,-75.1648, , 
Y,48067,2013053921,6,67,67301,2013,5,5,1601,16,1,1,0,4,1,1,2,Y,0,0,0,3,0,3,3,2,N,N,39 58:06.904,75 07:44.007,1620,55,1609,2,1,2,Y, ,0,N,Y,N,N,N,568254,N,N,Y,2,1,0,0,0,0,0,1,0,0,2,1,3,0,0,0,0,0,0,0,0,0,0,0,0,0,0,0,0,0,0,0,0,0,0,3,0,39.9686,-75.1288, , 
 ,48068,2013054641,6,67,67301,2013,4,1,2055,20,6,1,0,1,1, , ,N,1,0,0,3,0,1,2,2,N, ,40 00:07.962,75 09:27.759,108, ,103, ,0, , , ,0, , , , , ,568255, , , ,2,2,0,0,0,0,0,0,0,0,0,0,1,1,1,0,0,0,0,0,0,0,0,0,0,0,0,0,0,0,0,0,0,0,0,8,0,40.0022,-75.1577, , 
 ,48069,2013055842,6,67,67301,2013,5,5,1550,15,1,1,0,8,1, , ,N,1,2,0,3,0,1,2,2,N, ,39 56:51.284,75 10:10.599,1613, ,1606, ,0, , , ,3, , , , , ,568256, , , ,1,0,0,0,1,0,0,0,0,0,1,0,1,0,0,0,0,0,0,0,0,0,0,0,0,0,0,0,0,0,0,0,1,0,0,3,0,39.9476,-75.1696, , 
 ,48070,2013082404,6,46,46102,2013,8,5,2130,21,3,1,0,4,1, , ,N,5,2,0,3,0,3,3,2,N,N,40 04:27.217,75 09:30.365,2135, ,2130, ,0, ,N, ,3, , , , , ,568268, , , ,2,2,0,0,0,0,0,0,0,0,0,3,3,0,0,0,0,0,0,0,0,0,0,0,0,0,0,0,0,0,0,0,0,0,0,4,0,40.0741,-75.1584, , 
 ,48071,2013109420,6,67,67301,2013,9,5,1127,11,1,1,0,7,5, , ,N,2,3,0,3,0,1,1,1,N, ,40 01:15.985,75 07:13.792,1129, ,1129, ,0, , , ,3, , , , , ,568293, , , ,1,1,0,0,0,0,0,0,0,0,0,0,1,1,0,0,0,0,0,0,0,0,0,1,0,0,0,0,0,0,0,0,0,0,0,8,0,40.0211,-75.1205, , 
 ,48072,2013065508,6,67,67301,2013,5,4,1746,17,1,1,0,5,1, , ,N,1,2,0,3,0,1,2,2,N,N,39 57:13.622,75 08:34.406,1815, ,1804, ,0, , , ,3, , , , , ,568307, , , ,1,1,0,0,0,0,0,0,1,0,0,0,1,1,1,0,0,0,0,0,0,0,0,0,0,0,0,0,0,0,0,0,0,0,0,8,0,39.9538,-75.1429, , 
 ,48073,2013086864,6,67,67301,2013,8,2,420,4,3,1,0,4,1, , ,N,2,0,0,3,0,0,1,3,N,N,40 01:04.584,75 06:31.183,750, ,744, ,0, ,N, ,0, , , , , ,568327, , , ,3,3,0,0,0,0,0,0,0,0,0,0,0,0,1,0,0,0,0,0,0,0,0,0,0,0,0,0,0,0,0,0,0,0,0,9,0,40.0179,-75.1087, , 
 ,48074,2013109387,6,67,67301,2013,9,3,2215,22,3,1,0,4,1, , ,N,2,0,0,3,0,1,2,2,N, ,40 00:08.067,75 08:00.841,1208, ,1205, ,0, , , ,0, , , , , ,568346, , , ,1,1,0,0,0,0,0,0,1,0,0,0,1,1,0,0,0,0,0,0,0,0,0,0,0,0,0,0,0,0,0,0,0,0,0,8,0,40.0022,-75.1336, , 
 ,48075,2013077476,6,67,67301,2013,6,6,1008,10,1,1,0,7,2, , ,N,0,0,0,3,0,0,1,1,N,N,39 53:31.240,75 14:49.460,1048, ,1048, ,0, ,N, ,0, , , , , ,568358, , , ,1,0,0,0,0,0,1,0,0,0,0,0,0,0,0,0,0,0,0,0,1,0,0,0,0,0,0,0,0,0,0,0,0,0,0,0,0,39.892,-75.2471, , 
 ,48076,2013094791,6,67,67301,2013,8,5,900,9,1,1,0,5,1, , ,N,0,0,0,3,0,1,2,2,N,N,40 01:41.594,75 01:25.888,0, ,0, ,0, ,N, ,0, , , , , ,568371, , , ,2,1,0,0,1,0,0,0,0,0,0,0,1,1,0,0,0,0,0,0,0,0,0,0,0,0,0,0,0,0,0,0,0,0,0,8,0,40.0282,-75.0239, , 
 ,48077,2013095321,6,67,67301,2013,9,5,2319,23,3,1,0,2,1, , ,N,2,0,0,3,0,0,1,2,N,N,39 56:12.687,75 08:32.233,2328, ,2323,1,1,2,N, ,0,N, , , , ,568373, , , ,2,1,0,0,0,0,0,1,0,0,0,0,0,0,0,0,0,0,0,0,0,0,0,0,0,0,0,0,0,0,0,0,0,0,0,0,0,39.9369,-75.1423, , 
 ,48078,2013070123,6,67,67301,2013,6,6,1300,13,1,1,0,5,1, , ,N,0,0,0,3,0,1,1,2,N,N,40 01:26.610,75 02:25.080,1312, ,1310,1,2,6,N, ,0,Y, , , , ,557050, , , ,2,1,0,0,0,0,1,0,0,0,0,1,1,0,0,0,0,0,0,0,0,0,0,0,0,0,0,0,0,0,0,0,0,0,0,4,0,40.0241,-75.0403, , 
 ,48079,2013070508,6,67,67301,2013,6,6,1550,15,1,2,1,4,1, , ,N,2,3,0,3,0,1,4,2,N,N,39 57:13.402,75 13:56.207,1624, ,1623, ,0, ,N, ,3, , , , , ,557051, , , ,2,1,0,0,0,0,1,0,0,0,0,0,1,1,0,0,0,0,0,0,1,0,0,0,0,0,0,0,0,0,0,0,0,0,0,8,0,39.9537,-75.2323, , 
 ,48080,2013070994,6,67,67301,2013,6,2,2250,22,3,1,0,4,1, , ,N,0,0,0,3,0,1,2,2,N, ,39 56:07.965,75 09:48.380,2255, ,2250, ,0, , , ,0, , , , , ,557052, , , ,1,1,0,0,0,0,0,0,1,0,0,1,1,0,0,0,0,0,0,0,0,0,0,1,0,0,0,0,0,0,0,0,0,0,0,4,0,39.9355,-75.1634, , 
 ,48081,2013093089,6,67,67301,2013,8,1,455,4,3,1,0,8,1, , ,N,1,2,0,3,0,1,2,2,N,N,40 02:41.917,75 08:58.844,510, ,504, ,0, ,N, ,3, , , , , ,557070, , , ,1,1,0,0,0,0,0,0,0,1,0,0,1,0,0,0,0,0,0,0,0,0,0,0,0,0,0,0,0,0,0,0,1,0,1,2,0,40.045,-75.1497, , 
 ,48082,2013093099,6,67,67301,2013,8,6,1500,15,1,1,0,1,1, , ,N,1,2,0,3,0,2,3,2,N,N,40 00:49.881,75 05:10.693,1526, ,1520, ,0, ,N, ,3, , , , , ,557071, , , ,2,2,0,0,0,0,0,0,0,0,1,1,2,0,0,0,0,0,0,0,1,0,0,0,0,0,0,0,0,0,0,0,0,0,0,3,0,40.0139,-75.0863, , 
 ,48083,2013061065,6,67,67301,2013,5,1,2310,23,3,1,0,7,2, , ,N,0,0,0,3,0,0,1,1,N,N,39 58:01.616,75 11:17.364,2322, ,2311, ,0, ,N, ,0, , , , , ,557089, , , ,1,0,0,0,0,0,1,0,0,0,0,0,0,0,0,0,0,0,0,1,0,0,0,0,0,0,0,0,0,0,0,0,0,0,0,0,0,39.9671,-75.1882, , 
 ,48084,2013093115,6,67,67301,2013,8,7,949,9,1,1,0,6,1, , ,N,0,0,0,3,0,0,2,2,N,N,39 59:49.055,75 07:02.447,956, ,949, ,0, ,N, ,0, , , , , ,557123, , , ,2,0,0,0,1,1,0,0,0,0,0,0,0,0,0,0,0,0,0,0,0,0,0,0,0,0,0,0,0,0,0,0,0,0,0,0,1,39.997,-75.1173, , 
 ,48085,2013068709,6,67,67301,2013,7,3,155,1,3,1,1,1,1, , ,N,0,0,0,3,0,4,9,4,N,N,39 58:29.744,75 07:01.713,209, ,156,1,2,1,N, ,0,N, , , , ,557140, , , ,4,3,0,0,0,1,0,0,0,0,1,3,4,0,0,0,0,1,0,0,2,0,0,0,0,0,0,0,0,0,0,0,0,0,0,3,1,39.9749,-75.1173, , 
 ,48086,2013077389,6,67,67301,2013,7,5,2205,22,3,1,0,4,1, , ,N,1,2,0,3,0,1,3,2,N,N,39 58:46.488,75 10:33.466,2228, ,2207,3,2,1,N, ,3,Y, , , , ,557148, , , ,2,1,0,0,0,0,0,1,0,0,0,1,1,0,0,0,0,0,0,0,0,1,0,0,0,0,0,0,0,0,0,0,0,0,0,4,0,39.9796,-75.176, , 
 ,48087,2013079447,6,67,67301,2013,7,4,1252,12,1,1,0,4,1, , ,N,2,2,0,3,0,1,2,2,N,N,40 03:15.666,75 11:38.176,1310, ,1306, ,0, ,N, ,3, , , , , ,557150, , , ,2,0,0,0,1,0,1,0,0,0,0,1,1,0,0,0,0,0,0,0,0,0,0,0,0,0,0,0,0,0,0,0,0,0,0,4,0,40.0544,-75.194, , 
 ,48088,2013077547,6,67,67301,2013,6,1,1423,14,1,2,1,4,1, , ,N,1,0,0,3,0,6,6,2,N,N,40 01:57.513,75 01:49.053,1427, ,1424,2,2,7,N, ,0,Y, , , , ,557193, , , ,2,2,0,0,0,0,0,0,0,0,0,6,6,0,0,0,0,0,0,0,0,0,0,0,0,0,0,0,0,0,0,0,0,0,0,4,0,40.0326,-75.0303, , 
 ,48089,2013079175,6,67,67301,2013,8,5,301,3,3,1,0,7,2, , ,N,0,0,0,3,0,1,1,1,N,N,39 58:01.643,75 08:01.721,317, ,312,1,1,2,N, ,0,N, , , , ,557195, , , ,1,1,0,0,0,0,0,0,0,0,0,1,1,0,0,0,0,0,0,0,0,0,0,0,0,0,0,0,0,0,0,0,0,0,0,4,0,39.9671,-75.1338, , 
 ,48090,2013092115,6,67,67301,2013,9,2,545,5,3,1,0,7,4, , ,N,0,0,0,3,0,1,1,1,N,N,39 55:21.443,75 11:28.155,554, ,549,2,2,3,N, ,0,Y, , , , ,557200, , , ,1,0,0,0,0,0,1,0,0,0,0,1,1,0,0,0,0,0,1,0,0,0,0,1,0,0,0,0,0,0,0,0,0,0,0,4,0,39.9226,-75.1912, , 
 ,48091,2013098359,6,67,67301,2013,9,6,1209,12,1,1,0,4,1, , ,N,2,1,0,3,0,2,4,2,N, ,40 02:13.966,75 03:10.861,1211, ,1211, ,0, , , ,2, , , , , ,557210, , , ,2,1,0,0,1,0,0,0,0,0,0,2,2,0,0,0,0,0,0,1,0,0,0,0,0,0,0,0,0,0,0,0,0,0,0,4,0,40.0372,-75.053, , 
 ,48092,2013101724,6,67,67301,2013,9,3,710,7,1,1,0,7,2, , ,N,0,0,0,3,0,1,1,1,N,N,40 01:37.720,75 11:34.318,720, ,715,1,2,1,N, ,0,Y, , , , ,557212, , , ,1,0,0,0,0,0,1,0,0,0,0,1,1,0,0,0,0,0,0,0,0,0,0,0,0,0,0,0,0,0,0,0,0,0,0,4,0,40.0271,-75.1929, , 
 ,48093,2013104010,6,67,67301,2013,9,5,1125,11,1,1,0,4,1, , ,N,1,3,0,3,0,1,2,2,N,N,39 54:45.050,75 10:39.669,1135, ,1130,1,1,3,N, ,3,N, , , , ,557215, , , ,2,1,0,0,1,0,0,0,0,0,0,0,1,1,0,0,0,0,0,0,1,0,0,0,0,0,0,0,0,0,0,0,0,0,0,8,0,39.9125,-75.1777, , 
 ,48094,2013055477,6,67,67301,2013,4,3,2135,21,3,1,0,1,1, , ,N,1,2,0,3,0,1,2,2,N,N,39 57:24.062,75 11:53.314,2135, ,2135, ,0, ,N, ,3, , , , , ,557260, , , ,2,0,0,0,0,0,2,0,0,0,0,0,1,1,0,0,0,0,0,0,1,0,0,0,0,0,0,0,0,0,0,0,0,0,0,8,0,39.9566,-75.198, , 
 ,48095,2013062558,6,67,67301,2013,5,3,2345,23,3,1,0,4,1, , ,N,1,2,0,3,0,2,4,2,N, ,40 04:50.725,75 01:42.964,2350, ,2350,1,1,2,N, ,3,N, , , , ,557262, , , ,2,2,0,0,0,0,0,0,0,0,0,2,2,0,0,0,0,0,0,0,0,0,0,0,0,0,0,0,0,0,0,0,0,0,0,4,0,40.0808,-75.0286, , 
 ,48096,2013023529,6,67,67301,2013,1,1,300,3,3,1,0,7,5, , ,N,0,0,0,3,0,0,2,1,N,N,39 56:40.739,75 14:19.958,324, ,321, ,0, ,N, ,0, , , , , ,559941, , , ,1,1,0,0,0,0,0,0,0,0,0,0,0,0,0,0,0,0,0,0,0,0,0,0,0,0,0,0,0,0,0,0,0,0,0,0,0,39.9446,-75.2389, , 
 ,48097,2013044182,6,67,67301,2013,4,7,2041,20,3,1,0,2,1, , ,N,1,2,0,3,0,1,4,2,N,N,39 59:17.883,75 15:14.303,2046, ,2041,1,2,4,N, ,3,Y, , , , ,559964, , , ,2,2,0,0,0,0,0,0,0,0,0,0,1,1,0,0,0,0,0,0,1,0,0,1,0,0,0,0,0,0,0,0,0,0,0,8,0,39.9883,-75.254, , 
 ,48098,2013046272,6,67,67301,2013,4,4,1645,16,1,1,0,4,1, , ,N,1,2,0,3,0,1,2,2,N,N,40 01:42.885,75 02:02.202,1648, ,1648,1,2,7,N, ,3,Y, , , , ,559967, , , ,2,1,0,0,1,0,0,0,0,0,1,0,1,0,0,0,0,0,0,1,1,0,0,0,0,0,0,0,0,0,0,0,0,0,0,3,0,40.0286,-75.0339, , 
 ,48099,2013035039,6,67,67301,2013,3,5,1246,12,1,1,1,7,2, , ,N,0,0,0,3,0,1,1,1,N,N,40 01:45.302,75 11:23.037,1310, ,1302, ,0, , , ,0, , , , , ,559993, , , ,1,0,0,0,0,0,1,0,0,0,0,1,1,0,0,0,0,0,0,0,0,0,0,0,0,0,0,0,0,0,0,0,0,0,0,4,0,40.0293,-75.1897, , 
 ,48100,2013053101,6,67,67301,2013,4,7,1130,11,1,1,0,1,1, , ,N,5,2,0,3,0,1,2,2,N,N,40 01:37.684,75 03:53.913,1135, ,1133, ,0, ,N, ,3, , , , , ,560002, , , ,2,2,0,0,0,0,0,0,0,0,0,0,1,1,0,0,0,0,0,0,1,0,0,0,0,0,0,0,0,0,0,0,0,0,0,8,0,40.0271,-75.065, , 
 ,48101,2013054617,6,67,67301,2013,4,3,1330,13,1,1,0,4,1, , ,N,1,2,0,3,0,1,2,2,N, ,39 58:13.817,75 09:09.263,1358, ,1345, ,0, , , ,3, , , , , ,560003, , , ,2,1,0,0,1,0,0,0,0,0,0,1,1,0,0,0,0,0,0,0,0,0,0,1,0,0,0,0,0,0,0,0,0,0,0,4,0,39.9705,-75.1526, , 