wz_ln_closure,objectid_1,crn,district,county,municipality,crash_year,crash_month,day_of_week,time_of_day,hour_of_day,illumination,weather,road_condition,collision_type,relation_to_road,work_zone_type,work_zone_loc,work_zone_ind,intersect_type,tcd_type,location_type,urban_rural,fatal_count,injury_count,person_count,total_units,sch_bus_ind,sch_zone_ind,latitude,longitude,arrival_tm,cons_zone_spd_lim,dispatch_tm,est_hrs_closed,lane_closed,ln_close_dir,ntfy_hiwy_maint,spec_juris_cd,tcd_func_cd,tfc_detour_ind,workers_pres,wz_close_detour,wz_flagger,wz_law_offcr_ind,objectid,wz_moving,wz_other,wz_shlder_mdn,vehicle_count,automobile_count,motorcycle_count,bus_count,small_truck_count,heavy_truck_count,suv_count,van_count,bicycle_count,maj_inj_count,mod_inj_count,min_inj_count,tot_inj_count,unk_inj_deg_count,unk_inj_per_count,driver_count_16yr,driver_count_17yr,driver_count_18yr,driver_count_19yr,driver_count_20yr,driver_count_50_64yr,driver_count_65_74yr,driver_count_75plus,unbelted_occ_count,unb_death_count,unb_maj_inj_count,belted_death_count,belted_maj_inj_count,mcycle_death_count,mcycle_maj_inj_count,bicycle_death_count,bicycle_maj_inj_count,ped_count,ped_death_count,ped_maj_inj_count,max_severity_level,comm_veh_count,dec_lat,dec_long,rdwy_surf_type_cd,county_name
 ,48169,2013095990,6,67,67301,2013,8,4,1130,11,1,2,1,1,1, , ,N,1,2,0,3,0,1,4,2,Y,N,40 00:05.705,75 09:10.074,1140, ,1139,2,1,6, , ,3,Y, , , , ,560202, , , ,2,1,0,1,0,0,0,0,0,0,0,0,1,1,2,0,0,0,0,0,0,0,0,0,0,0,0,0,0,0,0,0,0,0,0,8,1,40.0016,-75.1528, , 
 ,48170,2013065593,6,67,67301,2013,5,4,1524,15,1,1,0,1,1, , ,N,0,2,0,3,0,1,3,2,N, ,39 54:19.136,75 11:40.634,1524, ,1525, ,0, , , ,3, , , , , ,560214, , , ,2,0,0,0,1,0,1,0,0,0,0,1,1,0,0,0,0,0,0,0,0,0,0,0,0,0,0,0,0,0,0,0,0,0,0,4,0,39.9053,-75.1946, , 
 ,48171,2013074771,6,67,67301,2013,6,3,1500,15,1,1,0,4,1, , ,N,5,2,2,3,0,1,4,2,N,N,39 57:28.586,75 09:50.892,1625, ,1623, ,0, ,N, ,3, , , , , ,560231, , , ,2,2,0,0,0,0,0,0,0,0,0,1,1,0,0,0,0,0,0,0,0,0,0,0,0,0,0,0,0,0,0,0,0,0,0,4,0,39.9579,-75.1641, , 
 ,48172,2013079498,6,67,67301,2013,7,4,1619,16,1,1,0,4,1, , ,N,0,2,0,3,0,1,2,2,N,N,39 52:53.970,75 15:12.337,1625, ,1621,3,1,3,N, ,3,Y, , , , ,560240, , , ,2,1,0,0,0,0,1,0,0,0,1,0,1,0,0,0,0,0,0,0,1,1,0,0,0,0,0,0,0,0,0,0,0,0,0,3,0,39.8817,-75.2534, , 
 ,48173,2013098403,6,67,67301,2013,8,4,1517,15,1,1,0,8,1, , ,N,0,0,0,3,0,1,2,2,N,N,39 57:12.499,75 14:17.737,1526, ,1517, ,0, , , ,0, , , , , ,560256, , , ,1,1,0,0,0,0,0,0,0,0,0,0,1,1,0,0,0,0,0,0,0,1,0,0,0,0,0,0,0,0,0,0,1,0,0,8,0,39.9535,-75.2383, , 
 ,48174,2013070976,6,67,67301,2013,6,6,1800,18,4,2,1,4,1, , ,N,1,2,0,3,0,1,4,2,N,N,40 04:19.382,75 00:46.920,1825, ,1815, ,0, ,N, ,3, , , , , ,560261, , , ,2,2,0,0,0,0,0,0,0,0,0,1,1,0,0,0,0,0,0,0,0,0,0,0,0,0,0,0,0,0,0,0,0,0,0,4,0,40.0721,-75.013, , 
 ,48175,2013079980,6,67,67301,2013,7,6,1330,13,1,1,0,8,1, , ,N,1,2,0,3,0,1,2,2,N,N,40 02:04.528,75 02:41.665,1400, ,1330, ,0, ,N, ,3, , , , , ,560278, , , ,1,0,0,0,1,0,0,0,0,0,0,0,1,1,0,0,0,0,0,0,1,0,0,0,0,0,0,0,0,0,0,0,1,0,0,8,0,40.0346,-75.0449, , 
 ,48176,2013095317,6,67,67301,2013,9,5,2319,23,3,1,0,1,1, , ,N,7,2,2,3,0,0,2,2,N,N,39 56:26.540,75 08:36.700,2328, ,2323, ,0, ,N, ,3, , , , , ,560292, , , ,2,0,0,0,0,0,1,1,0,0,0,0,0,0,0,0,0,0,0,0,0,0,0,0,0,0,0,0,0,0,0,0,0,0,0,0,0,39.9407,-75.1435, , 
 ,48177,2013101751,6,67,67301,2013,9,6,0,0,3,1,0,5,1, , ,N,0,0,0,3,0,1,3,2,N,N,39 57:02.201,75 10:27.957,10, ,5, ,0, ,N, ,0, , , , , ,560302, , , ,2,1,0,1,0,0,0,0,0,0,0,1,1,0,0,0,0,0,0,0,0,0,0,0,0,0,0,0,0,0,0,0,0,0,0,4,1,39.9506,-75.1744, , 
 ,48178,2013062595,6,67,67301,2013,5,3,1855,18,1,1,1,4,1, , ,N,1,2,0,3,0,3,4,2,N,N,40 00:38.808,75 07:35.921,1925, ,1900, ,0, , , ,3, , , , , ,560312, , , ,2,1,0,0,0,0,0,1,0,0,0,3,3,0,0,0,0,0,0,0,1,0,0,0,0,0,0,0,0,0,0,0,0,0,0,4,0,40.0108,-75.1266, , 
 ,48179,2013065524,6,67,67301,2013,5,3,830,8,1,1,0,4,1, , ,N,1,2,0,3,0,0,4,2,N, ,40 00:54.823,75 10:11.829,842, ,835, ,0, , , ,3, , , , , ,560321, , , ,2,2,0,0,0,0,0,0,0,0,0,0,0,0,0,0,0,0,0,0,2,0,0,0,0,0,0,0,0,0,0,0,0,0,0,0,0,40.0152,-75.1699, , 
 ,48180,2013070015,6,67,67301,2013,6,4,1235,12,1,1,0,8,1, , ,N,1,2,0,3,0,1,2,2,N,N,39 57:24.359,75 12:40.877,1240, ,1238, ,0, ,N, ,3, , , , , ,560329, , , ,1,1,0,0,0,0,0,0,0,0,1,0,1,0,0,0,0,0,0,0,0,1,0,0,0,0,0,0,0,0,0,0,1,0,0,3,0,39.9568,-75.2114, , 
 ,48181,2013070373,6,67,67301,2013,6,4,1820,18,1,1,0,1,1, , ,N,0,0,0,3,0,1,3,2,N,N,39 55:57.511,75 10:54.217,1831, ,1825, ,0, ,N, ,0, , , , , ,560330, , , ,2,0,0,1,0,0,0,0,0,0,0,1,1,0,0,0,0,0,0,0,0,0,0,0,0,0,0,0,0,0,0,0,0,0,0,4,1,39.9326,-75.1817, , 
 ,48182,2013080055,6,67,67301,2013,7,4,1710,17,1,1,0,8,2, , ,N,1,2,0,3,0,1,2,2,N,N,40 00:52.752,75 09:24.063,1736, ,1734, ,0, , , ,3, , , , , ,560340, , , ,1,1,0,0,0,0,0,0,0,0,0,1,1,0,0,0,0,0,0,0,0,0,0,0,0,0,0,0,0,0,0,0,1,0,0,4,0,40.0146,-75.1567, , 
 ,48183,2013070457,6,67,67301,2013,5,6,1227,12,1,1,0,4,1, , ,N,1,3,0,3,0,0,2,3,N,N,40 04:19.941,75 05:06.057,1236, ,1230, ,0, ,N, ,3, , , , , ,560366, , , ,3,3,0,0,0,0,0,0,0,0,0,0,0,0,0,0,0,0,1,0,0,0,0,0,0,0,0,0,0,0,0,0,0,0,0,0,0,40.0722,-75.085, , 
 ,48184,2013073303,6,67,67301,2013,6,7,2333,23,3,1,0,0,1, , ,N,0,0,0,3,0,1,1,2,N,N,39 54:01.133,75 09:25.589,2337, ,2333,1,1,1,N, ,0,N, , , , ,560369, , , ,1,0,1,0,0,0,0,0,0,0,0,1,1,0,0,0,0,0,0,0,0,0,0,0,0,0,0,0,0,0,0,0,0,0,0,4,0,39.9003,-75.1571, , 
 ,48185,2013074672,6,67,67301,2013,6,7,9,0,3,1,0,6,1, , ,N,0,0,0,3,0,0,1,2,N,N,40 02:36.600,75 09:18.900,13, ,10, ,0, ,N, ,0, , , , , ,560372, , , ,2,2,0,0,0,0,0,0,0,0,0,0,0,0,0,0,0,0,0,0,0,0,0,1,0,0,0,0,0,0,0,0,0,0,0,0,0,40.0435,-75.1553, , 
 ,48186,2013080053,6,67,67301,2013,7,3,1629,16,1,1,0,8,1, , ,N,1,2,0,3,0,1,2,2,N,N,40 00:33.325,75 09:04.460,1630, ,1630,2,2,6,N, ,3,Y, , , , ,565718, , , ,1,0,0,0,0,0,1,0,0,0,0,0,1,1,0,0,0,0,0,0,0,0,0,0,0,0,0,0,0,0,0,0,1,0,0,8,0,40.0092,-75.1511, , 
 ,48187,2013115443,6,67,67301,2013,10,5,600,6,3,1,0,1,1, , ,N,0,8,0,3,0,1,2,2,N,N,40 01:15.788,75 02:28.901,600, ,600,2,2,1,N, ,4,N, , , , ,565748, , , ,2,0,0,0,1,1,0,0,0,0,1,0,1,0,0,0,0,0,0,0,1,0,0,0,0,0,0,0,0,0,0,0,0,0,0,3,0,40.021,-75.0415, , 
 ,48188,2013074750,6,67,67301,2013,6,5,1903,19,1,2,1,7,2, , ,N,0,0,1,3,0,0,2,1,N, ,39 56:42.573,75 11:54.100,1908, ,1906, ,0, , , ,0, , , , , ,565754, , , ,1,0,0,0,0,0,1,0,0,0,0,0,0,0,0,0,0,0,0,0,0,0,0,0,0,0,0,0,0,0,0,0,0,0,0,0,0,39.9452,-75.1984, , 
Y,48189,2013074913,6,67,67301,2013,7,1,2328,23,3,1,0,1,1,1,4,Y,0,0,0,3,0,0,6,4,N,N,40 00:48.875,75 03:26.443,2356,45,2341,1,1,2,N, ,0,N,N,N,N,N,565765,N,N,Y,4,4,0,0,0,0,0,0,0,0,0,0,0,0,1,0,1,0,0,0,0,0,0,0,0,0,0,0,0,0,0,0,0,0,0,9,0,40.0136,-75.0573, , 
 ,48190,2013079470,6,67,67301,2013,7,4,2250,22,3,1,0,4,1, , ,N,1,2,0,3,0,4,5,3,N,N,40 02:24.861,75 03:30.268,2305, ,2254,1,1,1,N, ,3,N, , , , ,565773, , , ,3,2,0,0,0,0,1,0,0,0,0,0,4,4,0,0,0,0,0,0,1,0,0,0,0,0,0,0,0,0,0,0,0,0,0,8,0,40.0403,-75.0585, , 
 ,48191,2013093061,6,67,67301,2013,8,3,1157,11,1,1,0,7,5, , ,N,1,2,0,3,0,1,1,1,N, ,40 00:57.319,75 07:46.466,1200, ,1157,3,2,6, , ,3,Y, , , , ,565779, , , ,1,1,0,0,0,0,0,0,0,0,1,0,1,0,0,0,0,0,0,0,0,0,0,0,0,0,0,0,0,0,0,0,0,0,0,3,0,40.0159,-75.1296, , 
 ,48192,2013104411,6,67,67301,2013,9,5,2155,21,3,1,0,8,1, , ,N,0,0,0,3,0,1,2,2,N,N,40 02:47.749,75 08:34.714,27, ,25, ,0, ,N, ,0, , , , , ,565787, , , ,1,1,0,0,0,0,0,0,0,0,1,0,1,0,0,0,0,0,0,0,0,0,0,0,0,0,0,0,0,0,0,0,1,0,0,3,0,40.0466,-75.143, , 
 ,48193,2013072351,6,67,67301,2013,7,7,2018,20,1,1,0,1,1, , ,N,0,0,0,3,0,1,4,2,N,N,39 57:57.972,75 11:12.714,2134, ,2126, ,0, ,N, ,0, , , , , ,565801, , , ,2,2,0,0,0,0,0,0,0,0,0,0,1,1,1,0,0,0,0,0,0,0,0,0,0,0,0,0,0,0,0,0,0,0,0,8,0,39.9661,-75.1869, , 
 ,48194,2013077497,6,67,67301,2013,7,2,1149,11,1,2,1,4,1, , ,N,1,2,0,3,0,1,3,2,N,N,40 00:31.197,75 04:08.216,1205, ,1155, ,0, ,N, ,3, , , , , ,565819, , , ,2,2,0,0,0,0,0,0,0,0,0,1,1,0,0,0,0,0,0,0,1,0,0,0,0,0,0,0,0,0,0,0,0,0,0,4,0,40.0086,-75.0688, , 
 ,48195,2013079589,6,67,67301,2013,7,6,9999,99,1,8,0,4,1, , ,N,1,3,0,3,0,0,2,2,N,N,40 02:56.832,75 05:04.214,1600, ,1554,1,1,1, , ,3,Y, , , , ,565822, , , ,2,1,0,0,0,0,0,1,0,0,0,0,0,0,0,0,0,0,0,0,1,0,0,0,0,0,0,0,0,0,0,0,0,0,0,0,0,40.0491,-75.0845, , 
 ,48196,2013065534,6,67,67301,2013,5,2,1130,11,1,1,0,8,1, , ,N,0,0,0,3,0,1,3,2,N,N,40 02:15.666,75 09:37.332,1139, ,1134,2,2,7,N, ,0,N, , , , ,565853, , , ,1,1,0,0,0,0,0,0,0,0,1,0,1,0,0,0,0,0,0,0,0,0,0,0,0,0,0,0,0,0,0,0,1,0,0,3,0,40.0377,-75.1604, , 
 ,48197,2013070447,6,67,67301,2013,6,1,1454,14,1,1,0,4,1, , ,N,0,0,0,3,0,1,2,2,N,N,40 02:10.310,75 11:11.739,1510, ,1502,3,2,2,N, ,0,N, , , , ,565870, , , ,2,2,0,0,0,0,0,0,0,0,0,1,1,0,0,0,0,0,0,1,0,0,0,0,0,0,0,0,0,0,0,0,0,0,0,4,0,40.0362,-75.1866, , 
 ,48198,2013070495,6,67,67301,2013,6,3,2330,23,3,1,0,7,5, , ,N,0,0,0,3,0,1,1,1,N,N,39 59:37.243,75 09:16.263,2332, ,2330,1,2,1,N, ,0,Y, , , , ,565871, , , ,1,1,0,0,0,0,0,0,0,0,1,0,1,0,0,0,0,0,0,0,0,0,0,0,0,0,0,0,0,0,0,0,0,0,0,3,0,39.9937,-75.1545, , 
 ,48199,2013079951,6,67,67301,2013,7,4,2312,23,3,1,0,7,5, , ,N,0,0,0,3,0,0,1,1,N,N,40 02:59.823,75 07:58.191,2348, ,2342, ,0, ,N, ,0, , , , , ,565881, , , ,1,1,0,0,0,0,0,0,0,0,0,0,0,0,1,0,0,0,0,0,0,0,0,0,0,0,0,0,0,0,0,0,0,0,0,9,0,40.05,-75.1328, , 
 ,48200,2013086181,6,67,67301,2013,8,2,1715,17,1,1,0,8,1, , ,N,0,0,0,3,0,1,3,2,N, ,40 01:48.787,75 09:55.584,1725, ,1720, ,0, , , ,0, , , , , ,565887, , , ,1,0,0,0,0,0,1,0,0,0,1,0,1,0,0,0,0,0,0,0,1,0,0,0,0,0,0,0,0,0,0,0,1,0,0,3,0,40.0302,-75.1654, , 
 ,48201,2013086775,6,67,67301,2013,8,3,429,4,3,1,0,4,1, , ,N,1,2,0,3,0,1,2,2,N,N,39 58:02.378,75 14:44.992,429, ,429, ,0, ,N, ,3, , , , , ,565888, , , ,2,2,0,0,0,0,0,0,0,0,0,0,1,1,0,0,0,0,0,0,0,0,0,2,0,0,0,0,0,0,0,0,0,0,0,8,0,39.9673,-75.2457, , 
 ,48202,2013064729,6,67,67301,2013,6,5,2255,22,3,1,0,5,1, , ,N,0,0,0,3,0,1,2,2,N,N,39 58:50.146,75 12:21.564,2309, ,2257,1,1,3,N, ,0,N, , , , ,565901, , , ,2,2,0,0,0,0,0,0,0,0,0,0,1,1,0,0,0,0,0,1,0,0,0,0,0,0,0,0,0,0,0,0,0,0,0,8,0,39.9806,-75.206, , 
 ,48203,2013070259,6,67,67301,2013,6,7,304,3,3,2,1,4,1, , ,N,1,2,0,3,0,3,4,3,N,N,39 54:59.439,75 10:09.463,310, ,307,2,2,1,N, ,3,Y, , , , ,565902, , , ,3,2,0,0,0,0,1,0,0,0,0,1,3,2,0,0,0,0,0,0,0,0,0,1,0,0,0,0,0,0,0,0,0,0,0,4,0,39.9165,-75.1693, , 
 ,48204,2013002434,6,67,67301,2013,1,5,1806,18,3,1,0,1,1, , ,N,0,0,0,3,0,0,5,3,N,N,39 58:00.642,75 11:15.632,1824, ,1816, ,0, ,N, ,0, , , , , ,563244, , , ,3,1,0,0,1,0,1,0,0,0,0,0,0,0,0,0,0,0,0,0,1,0,0,0,0,0,0,0,0,0,0,0,0,0,0,0,0,39.9668,-75.1877, , 
 ,48205,2013077411,6,67,67301,2013,7,4,631,6,1,1,0,4,2, , ,N,2,3,0,3,0,0,1,2,N,N,40 07:13.537,75 02:11.507,720, ,718, ,0, ,N, ,3, , , , , ,563262, , , ,2,2,0,0,0,0,0,0,0,0,0,0,0,0,0,0,0,0,0,0,0,0,0,0,0,0,0,0,0,0,0,0,0,0,0,0,0,40.1204,-75.0365, , 
 ,48206,2013077551,6,67,67301,2013,6,1,720,7,1,1,0,1,2, , ,N,0,0,0,3,0,0,1,3,N,N,39 57:11.403,75 11:41.792,730, ,725, ,0, ,N, ,0, , , , , ,563263, , , ,3,3,0,0,0,0,0,0,0,0,0,0,0,0,0,0,0,0,0,0,0,0,0,0,0,0,0,0,0,0,0,0,0,0,0,0,0,39.9532,-75.1949, , 
 ,48207,2013086208,6,67,67301,2013,7,4,1730,17,1,1,0,1,1, , ,N,0,0,0,3,0,0,3,3,N, ,40 00:48.609,75 09:00.745,1805, ,1756, ,0, , , ,0, , , , , ,563271, , , ,3,3,0,0,0,0,0,0,0,0,0,0,0,0,0,0,0,0,0,0,0,2,0,0,0,0,0,0,0,0,0,0,0,0,0,0,0,40.0135,-75.1502, , 
 ,48208,2013093207,6,67,67301,2013,8,7,1145,11,1,1,0,4,1, , ,N,1,0,0,3,0,1,4,2,N, ,40 01:23.484,75 07:27.893,1158, ,1147, ,0, , , ,0, , , , , ,563275, , , ,2,2,0,0,0,0,0,0,0,0,0,0,1,1,3,0,0,0,0,0,1,0,0,1,0,0,0,0,0,0,0,0,0,0,0,8,0,40.0232,-75.1244, , 
 ,48209,2013070267,6,67,67301,2013,6,7,2315,23,3,1,0,1,1, , ,N,0,0,0,3,0,1,2,2,N,N,39 57:39.525,75 08:42.909,2349, ,2347,2,2,3,N, ,0,N, , , , ,563308, , , ,2,0,0,0,1,0,1,0,0,0,0,0,1,1,0,0,0,0,0,0,0,0,0,0,0,0,0,0,0,0,0,0,0,0,0,8,0,39.961,-75.1453, , 
 ,48210,2013093160,6,67,67301,2013,8,7,1530,15,1,1,0,6,1, , ,N,0,0,0,3,0,1,6,2,N,N,40 04:15.258,75 10:33.546,1600, ,1553, ,0, ,N, ,0, , , , , ,563327, , , ,2,2,0,0,0,0,0,0,0,0,0,0,1,1,0,0,0,0,0,0,0,0,0,0,0,0,0,0,0,0,0,0,0,0,0,8,0,40.0709,-75.176, , 
 ,48211,2013098399,6,67,67301,2013,9,1,1342,13,1,1,0,4,1, , ,N,1,0,0,3,0,0,2,2,N,N,39 58:01.668,75 08:49.739,1348, ,1342, ,0, ,N, ,0, , , , , ,563335, , , ,2,2,0,0,0,0,0,0,0,0,0,0,0,0,0,0,0,0,0,0,1,0,0,0,0,0,0,0,0,0,0,0,0,0,0,0,0,39.9671,-75.1471, , 
 ,48212,2013079543,6,67,67301,2013,7,6,1445,14,1,1,0,4,1, , ,N,1,2,0,3,0,2,2,2,N,N,39 58:50.309,75 14:47.378,1605, ,1602, ,0, ,N, ,3, , , , , ,563353, , , ,2,2,0,0,0,0,0,0,0,0,0,0,2,2,0,0,0,0,0,0,2,0,0,0,0,0,0,0,0,0,0,0,0,0,0,8,0,39.9806,-75.2465, , 
 ,48213,2013083985,6,67,67301,2013,7,3,1540,15,1,1,0,5,6, , ,N,0,0,0,3,0,2,4,2,N,N,40 03:33.517,75 11:38.282,1555, ,1548, ,0, ,N, ,0, , , , , ,563362, , , ,2,1,0,0,1,0,0,0,0,0,0,2,2,0,0,0,0,0,0,0,1,0,0,0,0,0,0,0,0,0,0,0,0,0,0,4,0,40.0593,-75.194, , 
 ,48214,2013086774,6,67,67301,2013,8,5,2140,21,3,1,1,4,1, , ,N,1,2,2,3,0,1,3,2,N,N,39 57:25.688,75 09:03.847,2145, ,2140, ,0, ,N, ,3, , , , , ,563365, , , ,2,0,0,0,1,0,0,1,0,0,0,1,1,0,0,0,0,0,0,0,0,0,0,0,0,0,0,0,0,0,0,0,0,0,0,4,0,39.9571,-75.1511, , 
 ,48215,2013096099,6,67,67301,2013,8,2,2310,23,3,1,0,5,1, , ,N,0,0,0,3,0,0,1,3,N, ,39 56:47.719,75 12:47.175,35, ,33, ,0, , , ,0, , , , , ,563369, , , ,3,2,0,0,0,0,1,0,0,0,0,0,0,0,0,0,0,0,0,0,0,0,0,0,0,0,0,0,0,0,0,0,0,0,0,0,0,39.9466,-75.2131, , 
 ,48216,2013096434,6,67,67301,2013,8,4,2100,21,3,1,0,3,5, , ,N,1,0,0,3,0,2,2,2,N,N,40 01:57.513,75 01:49.053,2140, ,2135, ,0, ,N, ,0, , , , , ,563371, , , ,2,2,0,0,0,0,0,0,0,0,0,1,2,1,0,0,0,0,0,1,0,0,0,0,0,0,0,0,0,0,0,0,0,0,0,4,0,40.0326,-75.0303, , 
 ,48217,2013101783,6,67,67301,2013,9,6,1328,13,1,1,0,7,5, , ,N,0,0,0,3,0,1,1,1,N,N,40 00:25.561,75 07:21.131,1329, ,1328, ,0, , , ,0, , , , , ,563377, , , ,1,0,0,0,0,0,0,1,0,0,0,0,1,1,0,0,0,0,0,0,0,0,0,0,0,0,0,0,0,0,0,0,0,0,0,8,0,40.0071,-75.1225, , 
 ,48218,2013067046,6,67,67301,2013,6,6,1332,13,1,1,0,1,1, , ,N,6,0,2,3,0,2,3,2,N,N,39 54:39.103,75 08:56.529,1343, ,1335, ,0, ,N, ,0, , , , , ,563402, , , ,2,2,0,0,0,0,0,0,0,0,0,2,2,0,0,0,0,0,0,0,0,0,0,0,0,0,0,0,0,0,0,0,0,0,0,4,0,39.9109,-75.149, , 
 ,48219,2013070418,6,67,67301,2013,6,4,1504,15,1,1,0,4,1, , ,N,0,0,0,3,0,1,4,2,N,N,40 01:52.661,75 01:18.451,1511, ,1509,9,1,2,N, ,0,N, , , , ,563407, , , ,2,2,0,0,0,0,0,0,0,0,0,0,1,1,0,0,0,0,0,0,0,0,0,0,0,0,0,0,0,0,0,0,0,0,0,8,0,40.0313,-75.0218, , 
 ,48220,2013076378,6,67,67301,2013,7,3,1730,17,1,1,0,1,1, , ,N,0,0,0,3,0,1,2,2,N,N,39 58:32.511,75 11:40.993,1730, ,1730,1,2,4,N, ,0,N, , , , ,563411, , , ,2,1,1,0,0,0,0,0,0,0,1,0,1,0,0,0,0,0,0,0,1,0,0,0,0,0,0,0,0,0,0,0,0,0,0,3,0,39.9757,-75.1947, , 
 ,48221,2013077408,6,67,67301,2013,7,7,1513,15,1,1,0,4,1, , ,N,1,2,0,3,0,0,2,2,N,N,39 55:58.508,75 08:55.373,1533, ,1527, ,0, ,N, ,3, , , , , ,563412, , , ,2,1,0,0,0,0,1,0,0,0,0,0,0,0,0,0,0,0,0,0,0,1,0,0,0,0,0,0,0,0,0,0,0,0,0,0,0,39.9329,-75.1487, , 
 ,48222,2013086660,6,67,67301,2013,7,5,1800,18,1,1,0,4,1, , ,N,1,2,0,3,0,1,2,2,N,N,39 58:58.770,75 06:05.073,1835, ,9999, ,0, , , ,9, , , , , ,563419, , , ,1,1,0,0,0,0,0,0,1,0,0,0,1,1,0,0,0,0,0,0,0,0,0,0,0,0,0,0,0,0,0,0,0,0,0,8,0,39.983,-75.1014, , 
 ,48223,2013035257,6,67,67301,2013,2,7,2253,22,3,2,1,4,1, , ,N,1,2,0,3,0,5,5,2,N,N,39 59:23.112,75 07:03.787,2257, ,2255, ,0, ,N, ,3, , , , , ,557492, , , ,2,2,0,0,0,0,0,0,0,0,2,3,5,0,0,0,0,0,0,1,0,0,0,2,0,0,0,0,0,0,0,0,0,0,0,3,0,39.9898,-75.1177, , 
 ,48224,2013037407,6,67,67301,2013,3,3,250,2,3,9,8,8,1, , ,N,1,0,0,3,0,1,2,2,N,N,40 01:18.141,75 07:32.411,1424, ,1422, ,0, ,N, ,0, , , , , ,557495, , , ,1,0,0,0,1,0,0,0,0,0,1,0,1,0,0,0,0,0,0,0,0,0,0,0,0,0,0,0,0,0,0,0,1,0,0,3,0,40.0217,-75.1257, , 
 ,48225,2013043818,6,67,67301,2013,3,5,1,0,3,1,0,4,1, , ,N,1,3,0,3,0,1,2,4,N,N,39 56:26.361,75 13:44.774,15, ,3,3,2,7,N, ,3,Y, , , , ,557510, , , ,4,3,0,0,1,0,0,0,0,0,0,0,1,1,0,0,0,1,0,0,0,0,0,0,0,0,0,0,0,0,0,0,0,0,0,8,0,39.9407,-75.2291, , 
 ,48226,2013103985,6,67,67301,2013,9,6,1545,15,1,1,0,8,1, , ,N,1,2,0,3,0,1,2,2,N, ,39 59:34.792,75 08:04.235,9999, ,9999, ,0, , , ,3, , , , , ,557525, , , ,1,1,0,0,0,0,0,0,0,0,1,0,1,0,0,0,0,0,0,0,0,0,0,0,0,0,0,0,0,0,0,0,1,0,0,3,0,39.993,-75.1345, , 
 ,48227,2013103997,6,67,67301,2013,9,5,1030,10,1,1,0,7,5, , ,N,0,0,7,3,0,1,2,1,N,N,39 56:56.878,75 09:22.567,1040, ,1038, ,0, ,N, ,0, , , , , ,557526, , , ,1,1,0,0,0,0,0,0,0,0,0,0,1,1,0,0,0,0,0,0,0,0,1,0,0,0,0,0,0,0,0,0,0,0,0,8,0,39.9491,-75.1563, , 
 ,48228,2013104374,6,67,67301,2013,9,2,1600,16,4,1,0,7,2, , ,N,2,8,0,3,0,0,2,1,N, ,39 52:39.878,75 12:48.477,1600, ,1600, ,0, ,N, ,3, , , , , ,557527, , , ,1,0,0,0,1,0,0,0,0,0,0,0,0,0,0,0,0,0,0,0,0,0,0,0,0,0,0,0,0,0,0,0,0,0,0,0,0,39.8777,-75.2135, , 
 ,48229,2013111718,6,67,67301,2013,10,2,2240,22,3,1,0,8,1, , ,N,1,2,0,3,0,1,3,2,N,N,39 57:20.998,75 14:09.675,2345, ,2240, ,0, ,N, ,3, , , , , ,557533, , , ,1,0,0,0,0,0,0,1,0,0,0,0,1,1,0,0,0,0,0,0,0,0,0,0,0,0,0,0,0,0,0,0,1,0,0,8,0,39.9558,-75.236, , 
 ,48230,2013121441,6,67,67301,2013,10,2,746,7,1,1,0,8,1, , ,N,0,0,0,3,0,1,2,2,N,N,40 00:21.200,75 06:19.220,758, ,756, ,0, ,N, ,0, , , , , ,557541, , , ,1,1,0,0,0,0,0,0,0,0,0,1,1,0,0,0,0,0,0,0,0,0,0,0,0,0,0,0,0,0,0,0,1,0,0,4,0,40.0059,-75.1053, , 
 ,48231,2013065480,6,67,67301,2013,5,3,851,8,1,1,0,4,1, , ,N,1,3,0,3,0,1,2,2,N,N,39 57:30.398,75 13:52.701,910, ,906, ,0, ,N, ,3, , , , , ,557567, , , ,2,2,0,0,0,0,0,0,0,0,0,0,1,1,0,0,0,0,0,0,0,0,0,0,0,0,0,0,0,0,0,0,0,0,0,8,0,39.9584,-75.2313, , 
 ,48232,2013070246,6,67,67301,2013,6,7,532,5,5,1,0,5,1, , ,N,1,0,0,3,0,0,2,2,N,N,39 58:13.941,75 12:51.518,539, ,535, ,0, ,N, ,0, , , , , ,557575, , , ,2,1,0,0,0,0,1,0,0,0,0,0,0,0,0,0,0,0,0,0,1,0,0,0,0,0,0,0,0,0,0,0,0,0,0,0,0,39.9705,-75.2143, , 
 ,48233,2013074713,6,67,67301,2013,3,6,9999,99,1,1,0,4,1, , ,N,1,2,0,3,0,1,4,2,N, ,39 57:53.269,75 14:17.390,720, ,715, ,0, , , ,3, , , , , ,557577, , , ,2,2,0,0,0,0,0,0,0,0,0,0,1,1,0,0,0,0,0,0,0,0,0,0,0,0,0,0,0,0,0,0,0,0,0,8,0,39.9648,-75.2382, , 
 ,48234,2013079977,6,67,67301,2013,7,3,929,9,1,1,0,2,1, , ,N,3,3,0,3,0,1,3,2,N,N,39 58:30.545,75 11:17.083,934, ,930, ,0, ,N, ,3, , , , , ,557584, , , ,2,1,0,1,0,0,0,0,0,0,0,1,1,0,0,0,0,0,0,0,0,0,0,0,0,0,0,0,0,0,0,0,0,0,0,4,1,39.9752,-75.1881, , 