wz_ln_closure,objectid_1,crn,district,county,municipality,crash_year,crash_month,day_of_week,time_of_day,hour_of_day,illumination,weather,road_condition,collision_type,relation_to_road,work_zone_type,work_zone_loc,work_zone_ind,intersect_type,tcd_type,location_type,urban_rural,fatal_count,injury_count,person_count,total_units,sch_bus_ind,sch_zone_ind,latitude,longitude,arrival_tm,cons_zone_spd_lim,dispatch_tm,est_hrs_closed,lane_closed,ln_close_dir,ntfy_hiwy_maint,spec_juris_cd,tcd_func_cd,tfc_detour_ind,workers_pres,wz_close_detour,wz_flagger,wz_law_offcr_ind,objectid,wz_moving,wz_other,wz_shlder_mdn,vehicle_count,automobile_count,motorcycle_count,bus_count,small_truck_count,heavy_truck_count,suv_count,van_count,bicycle_count,maj_inj_count,mod_inj_count,min_inj_count,tot_inj_count,unk_inj_deg_count,unk_inj_per_count,driver_count_16yr,driver_count_17yr,driver_count_18yr,driver_count_19yr,driver_count_20yr,driver_count_50_64yr,driver_count_65_74yr,driver_count_75plus,unbelted_occ_count,unb_death_count,unb_maj_inj_count,belted_death_count,belted_maj_inj_count,mcycle_death_count,mcycle_maj_inj_count,bicycle_death_count,bicycle_maj_inj_count,ped_count,ped_death_count,ped_maj_inj_count,max_severity_level,comm_veh_count,dec_lat,dec_long,rdwy_surf_type_cd,county_name
 ,48235,2013080020,6,67,67301,2013,7,6,1530,15,1,2,1,4,1, , ,N,1,2,0,3,0,2,2,2,N, ,39 55:06.954,75 13:33.265,2008, ,2007, ,0, , , ,3, , , , , ,557585, , , ,2,1,0,0,0,0,1,0,0,0,0,1,2,1,0,0,0,0,0,0,1,0,0,0,0,0,0,0,0,0,0,0,0,0,0,4,0,39.9185,-75.2259, , 
 ,48236,2013086205,6,67,67301,2013,8,6,2010,20,4,1,0,0,1, , ,N,0,0,0,3,0,0,1,2,N,N,39 54:29.350,75 11:21.183,2023, ,2010, ,0, , , ,0, , , , , ,557592, , , ,1,0,0,0,0,0,1,0,0,0,0,0,0,0,0,0,0,0,0,0,0,0,0,0,0,0,0,0,0,0,0,0,0,0,0,0,0,39.9082,-75.1892, , 
 ,48237,2013053075,6,67,67301,2013,4,2,31,0,3,1,0,4,1, , ,N,1,3,0,3,0,1,2,2,N,N,39 59:03.638,75 07:48.799,32, ,31, ,0, ,N, ,3, , , , , ,557608, , , ,1,0,0,0,0,0,1,0,1,0,0,0,1,1,0,0,0,0,0,0,0,0,0,0,0,0,0,0,0,0,0,0,0,0,0,8,0,39.9843,-75.1302, , 
 ,48238,2013070450,6,67,67301,2013,6,7,1540,15,1,1,0,5,4, , ,N,0,0,0,3,0,0,1,4,N,N,40 03:17.096,75 10:23.480,1600, ,1553, ,0, ,N, ,0, , , , , ,557627, , , ,4,3,0,0,0,0,0,1,0,0,0,0,0,0,0,0,0,0,0,0,0,0,0,0,0,0,0,0,0,0,0,0,0,0,0,0,0,40.0547,-75.1732, , 
 ,48239,2013093104,6,67,67301,2013,8,4,605,6,1,1,0,5,1, , ,N,0,0,0,3,0,0,1,2,N,N,39 57:42.730,75 12:02.752,615, ,615, ,0, ,N, ,0, , , , , ,557648, , , ,2,1,0,0,0,0,1,0,0,0,0,0,0,0,1,0,0,0,0,0,0,0,0,0,0,0,0,0,0,0,0,0,0,0,0,9,0,39.9619,-75.2008, , 
 ,48240,2013098382,6,67,67301,2013,8,7,1400,14,1,1,0,4,1, , ,N,1,3,0,3,0,3,3,3,N,N,39 58:15.196,75 12:37.249,1430, ,1420, ,0, ,N, ,3, , , , , ,557650, , , ,3,2,0,0,0,0,1,0,0,0,0,0,3,3,0,0,0,0,0,1,1,0,0,1,0,0,0,0,0,0,0,0,0,0,0,8,0,39.9709,-75.2103, , 
 ,48241,2013093155,6,67,67301,2013,8,7,1814,18,1,1,0,1,1, , ,N,1,2,0,3,0,1,5,3,N,N,40 03:44.577,75 02:33.887,1818, ,1815,1,1,1,N, ,3,N, , , , ,560381, , , ,3,2,0,0,0,0,1,0,0,0,0,1,1,0,0,0,0,0,0,0,1,0,0,0,0,0,0,0,0,0,0,0,0,0,0,4,0,40.0624,-75.0427, , 
 ,48242,2013096442,6,67,67301,2013,8,5,1455,14,1,1,0,4,1, , ,N,1,3,0,3,0,1,5,2,N, ,40 02:29.562,75 04:39.817,1501, ,1500, ,0, , , ,3, , , , , ,560386, , , ,2,1,0,0,0,0,1,0,0,0,0,1,1,0,0,0,0,0,0,0,1,0,0,0,0,0,0,0,0,0,0,0,0,0,0,4,0,40.0415,-75.0777, , 
 ,48243,2013108624,6,67,67301,2013,10,2,1157,11,1,1,0,1,1, , ,N,0,0,0,3,0,0,2,2,N,N,39 57:41.322,75 10:57.226,1206, ,1158,1,1,3,N, ,0,N, , , , ,560399, , , ,2,0,0,0,0,0,2,0,0,0,0,0,0,0,0,0,0,0,0,0,0,0,0,0,0,0,0,0,0,0,0,0,0,0,0,0,0,39.9615,-75.1826, , 
 ,48244,2013022248,6,67,67301,2013,1,6,1335,13,1,1,1,1,1, , ,N,1,2,0,3,0,1,3,2,N,N,40 01:00.965,75 09:05.545,1354, ,1349, ,0, ,N, ,3, , , , , ,560415, , , ,2,0,0,0,2,0,0,0,0,0,0,1,1,0,0,0,0,0,0,0,1,0,0,0,0,0,0,0,0,0,0,0,0,0,0,4,0,40.0169,-75.1516, , 
 ,48245,2013027409,6,67,67301,2013,2,3,2319,23,3,2,1,7,4, , ,N,0,0,0,3,0,1,1,1,N,N,40 02:19.317,75 00:34.098,2341, ,2333,1,1,2,N, ,0,Y, , , , ,560421, , , ,1,1,0,0,0,0,0,0,0,0,0,1,1,0,0,0,0,0,0,0,0,0,0,0,0,0,0,0,0,0,0,0,0,0,0,4,0,40.0387,-75.0095, , 
 ,48246,2013029801,6,67,67301,2013,2,6,1025,10,1,2,1,5,4, , ,N,0,0,0,3,0,0,2,4,N,N,39 58:53.742,75 07:48.979,1053, ,1053, ,0, ,N, ,0, , , , , ,560423, , , ,4,3,0,0,1,0,0,0,0,0,0,0,0,0,0,0,0,0,0,0,0,1,0,0,0,0,0,0,0,0,0,0,0,0,0,0,0,39.9816,-75.1303, , 
 ,48247,2013035607,6,67,67301,2013,3,7,1700,17,1,1,0,5,1, , ,N,0,0,0,3,0,2,5,2,N,N,39 58:16.575,75 09:27.202,1710, ,1705, ,0, ,N, ,0, , , , , ,560427, , , ,2,0,0,0,0,0,2,0,0,0,0,2,2,0,0,0,0,0,0,0,0,0,0,0,0,0,0,0,0,0,0,0,0,0,0,4,0,39.9713,-75.1576, , 
 ,48248,2013036667,6,67,67301,2013,3,7,2355,23,3,1,0,4,1, , ,N,1,3,0,3,0,1,3,2,N,N,39 56:15.936,75 09:11.872,28, ,20, ,0, ,N, ,3, , , , , ,560430, , , ,2,1,0,0,0,0,1,0,0,0,0,1,1,0,0,0,0,0,0,0,0,0,0,0,0,0,0,0,0,0,0,0,0,0,0,4,0,39.9378,-75.1533, , 
 ,48249,2013054620,6,67,67301,2013,4,2,1515,15,1,2,1,1,1, , ,N,0,0,0,3,0,0,5,3,N,N,39 58:02.502,75 09:36.924,1522, ,1520, ,0, ,N, ,0, , , , , ,560451, , , ,3,3,0,0,0,0,0,0,0,0,0,0,0,0,0,0,0,0,0,0,1,1,0,0,0,0,0,0,0,0,0,0,0,0,0,0,0,39.9674,-75.1603, , 
 ,48250,2013065562,6,67,67301,2013,5,1,1826,18,1,1,0,8,1, , ,N,0,0,0,3,0,1,3,2,N,N,40 02:30.837,75 04:54.217,1835, ,1830,2,1,4,N, ,0,Y, , , , ,560457, , , ,1,1,0,0,0,0,0,0,0,0,0,1,1,0,0,0,0,0,0,0,0,0,0,0,0,0,0,0,0,0,0,0,1,0,0,4,0,40.0419,-75.0817, , 
 ,48251,2013093107,6,67,67301,2013,8,2,1530,15,1,1,0,4,1, , ,N,1,2,0,3,0,0,2,2,N,N,39 56:45.045,75 10:29.351,1537, ,1534, ,0, ,N, ,3, , , , , ,560480, , , ,2,2,0,0,0,0,0,0,0,0,0,0,0,0,0,0,0,0,0,0,0,0,0,0,0,0,0,0,0,0,0,0,0,0,0,0,0,39.9458,-75.1748, , 
 ,48252,2013103903,6,67,67301,2013,9,7,1936,19,3,2,1,4,1, , ,N,1,3,0,3,0,1,3,2,N,N,40 05:53.196,75 02:09.041,1945, ,1943,1,1,2,N, ,3,N, , , , ,560490, , , ,2,2,0,0,0,0,0,0,0,0,0,0,1,1,0,0,0,0,0,0,0,0,1,0,0,0,0,0,0,0,0,0,0,0,0,8,0,40.0981,-75.0358, , 
 ,48253,2013077399,6,67,67301,2013,7,2,1116,11,1,2,1,7,2, , ,N,0,0,0,3,0,0,1,1,N,N,40 03:52.050,75 12:02.990,1135, ,1129, ,0, ,N, ,0, , , , , ,560498, , , ,1,1,0,0,0,0,0,0,0,0,0,0,0,0,0,0,0,0,0,0,1,0,0,0,0,0,0,0,0,0,0,0,0,0,0,0,0,40.0645,-75.2008, , 
 ,48254,2013077469,6,67,67301,2013,6,6,1325,13,1,1,0,4,1, , ,N,1,0,0,3,0,1,2,2,N,N,39 55:56.100,75 10:20.380,1335, ,1331, ,0, ,N, ,0, , , , , ,560499, , , ,1,1,0,0,0,0,0,0,1,0,0,1,1,0,0,0,0,0,0,0,1,0,0,0,0,0,0,0,0,0,0,0,0,0,0,4,0,39.9323,-75.1723, , 
 ,48255,2013077502,6,67,67301,2013,7,2,523,5,1,1,0,1,1, , ,N,2,2,0,3,0,1,2,2,N, ,40 06:08.900,74 58:55.293,525, ,523, ,0, , , ,3, , , , , ,560500, , , ,2,2,0,0,0,0,0,0,0,0,0,1,1,0,1,0,0,0,0,0,0,0,0,0,0,0,0,0,0,0,0,0,0,0,0,4,0,40.1025,-74.982, , 
 ,48256,2013079536,6,67,67301,2013,7,7,1545,15,1,1,0,1,1, , ,N,0,0,0,3,0,2,5,2,N, ,39 55:16.015,75 11:38.856,1610, ,1600, ,0, , , ,0, , , , , ,560501, , , ,2,2,0,0,0,0,0,0,0,0,0,0,2,2,0,0,0,0,0,0,0,0,0,0,0,0,0,0,0,0,0,0,0,0,0,8,0,39.9211,-75.1943, , 
 ,48257,2013096026,6,67,67301,2013,8,6,745,7,1,1,0,8,1, , ,N,2,2,0,3,0,1,2,2,N,N,39 56:46.746,75 14:16.817,800, ,747, ,0, , , ,3, , , , , ,560533, , , ,1,1,0,0,0,0,0,0,0,0,0,1,1,0,0,0,0,0,0,0,0,0,0,0,0,0,0,0,0,0,0,0,1,0,0,4,0,39.9463,-75.238, , 
 ,48258,2013098362,6,67,67301,2013,9,5,850,8,1,1,0,6,1, , ,N,0,0,7,3,0,1,2,2,N,N,39 58:12.952,75 09:34.658,900, ,805, ,0, ,N, ,0, , , , , ,560535, , , ,2,2,0,0,0,0,0,0,0,0,0,0,1,1,0,0,0,0,0,0,2,0,0,0,0,0,0,0,0,0,0,0,0,0,0,8,0,39.9703,-75.1596, , 
 ,48259,2013072344,6,67,67301,2013,7,6,1515,15,1,1,0,1,1, , ,N,0,0,0,3,0,2,5,2,N,N,40 02:23.895,75 00:23.779,1522, ,1517, ,0, ,N, ,0, , , , , ,565904, , , ,2,0,0,0,0,0,2,0,0,0,0,2,2,0,0,0,0,0,0,0,1,0,0,0,0,0,0,0,0,0,0,0,0,0,0,4,0,40.04,-75.0066, , 
 ,48260,2013084027,6,67,67301,2013,7,1,1203,12,1,1,0,6,1, , ,N,1,2,0,3,0,1,2,2,N,N,39 56:50.107,75 13:36.654,1208, ,1205, ,0, ,N, ,3, , , , , ,565920, , , ,2,1,0,0,0,0,1,0,0,0,0,1,1,0,0,0,0,0,0,1,0,0,0,0,0,0,0,0,0,0,0,0,0,0,0,4,0,39.9473,-75.2268, , 
 ,48261,2013065386,6,67,67301,2013,5,4,1545,15,1,1,0,4,1, , ,N,1,3,0,3,0,1,2,2,N,N,39 55:52.244,75 11:36.092,1551, ,1549, ,0, ,N, ,3, , , , , ,565944, , , ,1,1,0,0,0,0,0,0,1,0,0,0,1,1,0,0,0,0,0,0,0,0,0,0,0,0,0,0,0,0,0,0,0,0,0,8,0,39.9312,-75.1934, , 
 ,48262,2013077488,6,67,67301,2013,6,4,1128,11,1,1,0,5,1, , ,N,0,0,0,3,0,0,1,2,N, ,40 03:04.374,75 00:02.862,1133, ,1130, ,0, , , ,0, , , , , ,565955, , , ,2,1,0,0,1,0,0,0,0,0,0,0,0,0,0,0,0,1,0,0,0,0,0,0,0,0,0,0,0,0,0,0,0,0,0,0,0,40.0512,-75.0008, , 
 ,48263,2013077499,6,67,67301,2013,7,3,1640,16,1,1,0,7,2, , ,N,1,0,0,3,0,1,5,1,N,N,40 03:49.016,75 03:15.527,1655, ,1650, ,0, ,N, ,0, , , , , ,565956, , , ,1,1,0,0,0,0,0,0,0,0,0,1,1,0,0,0,0,0,1,0,0,0,0,0,0,0,0,0,0,0,0,0,0,0,0,4,0,40.0636,-75.0543, , 
 ,48264,2013086916,6,67,67301,2013,7,2,902,9,1,1,0,1,1, , ,N,0,0,0,3,0,1,3,2,N,N,39 58:28.963,75 11:04.864,9999, ,9999, ,0, ,N, ,0, , , , , ,565962, , , ,2,1,0,0,0,0,1,0,0,0,0,1,1,0,0,0,0,0,0,0,0,0,0,0,0,0,0,0,0,0,0,0,0,0,0,4,0,39.9747,-75.1847, , 
 ,48265,2013094942,6,67,67301,2013,9,2,28,0,3,1,0,7,2, , ,N,0,0,0,3,0,1,2,1,N,N,39 58:56.752,75 12:28.176,35, ,30,1,2,3,N, ,0,N, , , , ,565968, , , ,1,1,0,0,0,0,0,0,0,0,1,0,1,0,0,0,0,0,0,0,0,0,0,0,0,0,0,0,0,0,0,0,0,0,0,3,0,39.9824,-75.2078, , 
 ,48266,2013095998,6,67,67301,2013,9,1,1030,10,1,1,0,1,6, , ,N,0,0,0,3,0,1,1,2,N,N,40 01:53.830,75 08:46.496,1035, ,1030, ,0, ,N, ,0, , , , , ,565969, , , ,2,1,0,0,0,0,0,1,0,0,0,0,1,1,0,0,0,0,0,0,0,0,0,0,0,0,0,0,0,0,0,0,0,0,0,8,0,40.0316,-75.1462, , 
 ,48267,2013098413,6,67,67301,2013,8,6,2143,21,3,1,0,5,1, , ,N,0,0,0,3,0,0,1,2,N,N,40 01:40.203,75 09:41.526,2326, ,2322, ,0, ,N, ,0, , , , , ,565973, , , ,2,1,0,0,0,0,1,0,0,0,0,0,0,0,0,0,0,0,0,0,0,0,0,0,0,0,0,0,0,0,0,0,0,0,0,0,0,40.0278,-75.1615, , 
 ,48268,2013101232,6,67,67301,2013,9,1,2135,21,3,1,0,8,1, , ,N,1,2,0,3,0,1,2,2,N,N,39 58:18.769,75 09:45.745,2215, ,2209, ,0, ,N, ,3, , , , , ,565975, , , ,1,1,0,0,0,0,0,0,0,0,1,0,1,0,1,0,0,0,0,0,0,0,0,0,0,0,0,0,0,0,0,0,1,0,0,3,0,39.9719,-75.1627, , 
 ,48269,2013104179,6,67,67301,2013,10,5,1835,18,4,1,0,4,1, , ,N,1,2,0,3,0,1,2,2,N,N,40 00:22.203,75 09:06.487,1837, ,1835, ,0, ,N, ,3, , , , , ,565981, , , ,2,2,0,0,0,0,0,0,0,0,0,0,1,1,0,0,0,0,1,0,0,0,0,0,0,0,0,0,0,0,0,0,0,0,0,8,0,40.0062,-75.1518, , 
 ,48270,2013070207,6,67,67301,2013,6,5,5,0,3,1,0,7,5, , ,N,0,0,0,3,0,0,2,1,N,N,40 02:26.735,75 10:43.959,11, ,9, ,0, , , ,0, , , , , ,566003, , , ,1,1,0,0,0,0,0,0,0,0,0,0,0,0,2,0,0,0,0,0,0,0,0,0,0,0,0,0,0,0,0,0,0,0,0,9,0,40.0408,-75.1789, , 
 ,48271,2013086243,6,67,67301,2013,8,5,1505,15,1,2,1,4,1, , ,N,1,3,0,3,0,3,3,3,N,N,39 57:33.134,75 14:14.312,1508, ,1503,2,1,1, , ,3,Y, , , , ,566019, , , ,3,0,0,0,0,0,0,3,0,0,0,0,3,3,0,0,0,0,0,0,0,0,0,0,0,0,0,0,0,0,0,0,0,0,0,8,0,39.9592,-75.2373, , 
 ,48272,2013104397,6,67,67301,2013,9,5,1830,18,1,1,0,1,1, , ,N,0,0,0,3,0,1,3,3,N, ,39 58:26.463,75 12:17.309,2135, ,2130, ,0, , , ,0, , , , , ,566033, , , ,3,0,0,0,2,0,1,0,0,0,0,1,1,0,0,0,0,0,0,0,0,0,0,0,0,0,0,0,0,0,0,0,0,0,0,4,0,39.974,-75.2048, , 
 ,48273,2013070316,6,67,67301,2013,6,4,2052,20,1,1,0,5,1, , ,N,1,2,0,3,0,2,5,3,N,N,40 02:51.581,75 03:35.828,2054, ,2054, ,0, , , ,3, , , , , ,566055, , , ,3,3,0,0,0,0,0,0,0,0,0,2,2,0,0,0,0,0,0,0,1,1,0,0,0,0,0,0,0,0,0,0,0,0,0,4,0,40.0477,-75.06, , 
 ,48274,2013070473,6,67,67301,2013,6,4,9999,99,1,1,0,2,1, , ,N,0,0,0,3,0,0,4,3,N,N,39 59:47.670,75 08:49.041,915, ,847,2,1,5,N, ,0,Y, , , , ,566056, , , ,3,2,0,0,0,0,0,1,0,0,0,0,0,0,2,0,0,0,0,0,1,0,0,0,0,0,0,0,0,0,0,0,0,0,0,9,0,39.9966,-75.147, , 
 ,48275,2013070924,6,67,67301,2013,6,2,1215,12,1,1,0,1,1, , ,N,0,0,0,3,0,2,6,2,N,N,40 05:19.469,75 02:03.214,1220, ,1219, ,0, ,N, ,0, , , , , ,566057, , , ,2,1,0,0,0,0,0,1,0,0,0,2,2,0,0,0,0,0,0,0,0,0,0,3,0,0,0,0,0,0,0,0,0,0,0,4,0,40.0887,-75.0342, , 
 ,48276,2013083971,6,67,67301,2013,7,1,340,3,3,1,0,1,1, , ,N,0,2,0,3,0,1,2,2,N,N,40 02:52.055,75 11:31.749,347, ,344, ,0, ,N, ,3, , , , , ,566068, , , ,2,2,0,0,0,0,0,0,0,0,0,0,1,1,1,0,0,0,0,0,0,0,0,0,0,0,0,0,0,0,0,0,0,0,0,8,0,40.0478,-75.1922, , 
 ,48277,2013086949,6,67,67301,2013,8,2,1131,11,1,1,0,1,1, , ,N,2,3,0,3,0,2,4,2,N,N,40 03:17.329,75 11:13.031,1202, ,1200, ,0, ,N, ,3, , , , , ,566073, , , ,2,1,0,0,1,0,0,0,0,0,0,0,2,2,0,0,0,0,0,0,1,0,0,0,0,0,0,0,0,0,0,0,0,0,0,8,0,40.0548,-75.187, , 
 ,48278,2013057470,6,67,67301,2013,5,5,1620,16,1,1,0,6,1, , ,N,0,0,0,3,0,0,3,2,N,N,39 58:34.963,75 11:44.105,1621, ,1621, ,0, ,N, ,0, , , , , ,563438, , , ,2,1,0,0,0,1,0,0,0,0,0,0,0,0,0,0,0,0,0,0,1,0,0,0,0,0,0,0,0,0,0,0,0,0,0,0,1,39.9764,-75.1956, , 
 ,48279,2013062533,6,67,67301,2013,4,4,1625,16,1,1,0,4,1, , ,N,1,2,0,3,0,1,2,2,N,N,40 02:18.904,75 08:33.243,1645, ,1640, ,0, ,N, ,3, , , , , ,563439, , , ,1,1,0,0,0,0,0,0,1,0,0,1,1,0,0,0,0,0,0,0,0,0,0,0,0,0,0,0,0,0,0,0,0,0,0,4,0,40.0386,-75.1426, , 
 ,48280,2013070107,6,67,67301,2013,6,4,1540,15,1,1,0,1,1, , ,N,0,0,0,3,0,2,3,2,N,N,40 00:55.033,75 10:37.034,1550, ,1540, ,0, ,N, ,0, , , , , ,563452, , , ,2,1,0,0,0,0,0,1,0,0,0,2,2,0,0,0,0,0,0,0,0,0,0,1,0,0,0,0,0,0,0,0,0,0,0,4,0,40.0153,-75.177, , 
N,48281,2013090137,6,67,67301,2013,9,6,720,7,1,1,0,1,1,1,4,Y,0,0,0,3,0,0,2,2,N,N,39 58:06.070,75 07:46.758,758,45,726,1,1,2,N, ,0,N,Y,N,N,N,563471,N,N,Y,2,2,0,0,0,0,0,0,0,0,0,0,0,0,1,0,0,0,0,0,0,0,0,0,0,0,0,0,0,0,0,0,0,0,0,9,0,39.9684,-75.1297, , 
 ,48282,2013096135,6,67,67301,2013,8,2,1400,14,1,1,0,1,1, , ,N,0,2,0,3,0,0,3,2,N,N,39 59:00.775,75 06:56.157,1421, ,1420, ,0, , , ,3, , , , , ,563478, , , ,2,2,0,0,0,0,0,0,0,0,0,0,0,0,0,0,0,0,0,0,2,0,0,3,0,0,0,0,0,0,0,0,0,0,0,0,0,39.9835,-75.1156, , 
 ,48283,2013101075,6,67,67301,2013,9,4,618,6,1,1,0,1,1, , ,N,1,2,0,3,0,1,2,2,N, ,40 04:35.601,75 04:57.015,642, ,627, ,0, , , ,3, , , , , ,563482, , , ,2,2,0,0,0,0,0,0,0,0,0,0,1,1,0,0,0,0,0,0,1,0,0,0,0,0,0,0,0,0,0,0,0,0,0,8,0,40.0766,-75.0825, , 
 ,48284,2013055331,6,67,67301,2013,4,5,1400,14,1,1,0,0,1, , ,N,1,2,0,3,0,1,2,2,N,N,40 01:59.258,75 04:48.508,1416, ,1409, ,0, ,N, ,3, , , , , ,563488, , , ,2,1,1,0,0,0,0,0,0,0,1,0,1,0,0,0,0,0,0,0,1,0,0,0,0,0,0,0,0,0,0,0,0,0,0,3,0,40.033,-75.0802, , 
 ,48285,2013079969,6,67,67301,2013,7,6,1930,19,1,1,0,8,1, , ,N,0,0,0,3,0,1,2,2,N, ,39 58:40.650,75 09:47.560,1938, ,1934, ,0, ,N, ,0, , , , , ,563493, , , ,1,1,0,0,0,0,0,0,0,0,0,1,1,0,0,0,0,0,0,0,0,0,0,0,0,0,0,0,0,0,0,0,1,0,0,4,0,39.978,-75.1632, , 
 ,48286,2013080078,6,67,67301,2013,7,7,2041,20,3,1,0,8,1, , ,N,0,2,0,3,0,1,2,2,N,N,40 04:02.156,75 03:03.707,2046, ,2043,1,1,1,N, ,3,N, , , , ,563494, , , ,1,1,0,0,0,0,0,0,0,0,0,0,1,1,0,0,0,0,0,0,0,0,0,0,0,0,0,0,0,0,0,0,1,0,0,8,0,40.0673,-75.051, , 
 ,48287,2013086942,6,67,67301,2013,7,6,1915,19,1,1,0,8,1, , ,N,2,2,0,3,0,1,2,2,N,N,39 59:45.390,75 11:15.366,1918, ,1915,1,1,2,N, ,3,N, , , , ,563499, , , ,1,0,0,0,1,0,0,0,0,0,0,1,1,0,0,0,0,0,0,0,0,0,0,0,0,0,0,0,0,0,0,0,1,0,0,4,0,39.9959,-75.1875, , 
 ,48288,2013103975,6,67,67301,2013,9,2,1425,14,1,1,0,5,1, , ,N,1,2,0,3,0,1,2,2,N,N,39 59:28.194,75 14:52.699,1430, ,1426,3,1,2,N, ,3,Y, , , , ,563512, , , ,2,1,0,0,0,0,1,0,0,0,0,0,1,1,0,0,0,0,0,0,0,0,0,0,0,0,0,0,0,0,0,0,0,0,0,8,0,39.9911,-75.2479, , 
 ,48289,2013111741,6,67,67301,2013,10,6,910,9,1,2,1,8,1, , ,N,1,2,0,3,0,1,2,2,N,N,39 56:53.175,75 09:15.257,922, ,918, ,0, ,N, ,3, , , , , ,563520, , , ,1,0,0,0,1,0,0,0,0,0,0,1,1,0,0,0,0,0,0,0,1,0,0,1,0,0,0,0,0,0,0,0,1,0,0,4,0,39.9481,-75.1542, , 
 ,48290,2013062550,6,67,67301,2013,5,5,1815,18,1,1,0,4,1, , ,N,0,0,7,3,0,1,2,2,N, ,40 02:37.060,75 04:28.787,1820, ,1818, ,0, , , ,0, , , , , ,563541, , , ,1,0,0,0,0,0,0,1,1,0,0,1,1,0,0,0,0,0,0,0,0,0,0,0,0,0,0,0,0,0,0,0,0,0,0,4,0,40.0436,-75.0747, , 
 ,48291,2013070969,6,67,67301,2013,5,5,1840,18,1,1,0,4,1, , ,N,0,0,0,3,0,1,2,2,N,N,40 04:25.218,75 09:29.692,1908, ,1902,9,1,1,N, ,0,N, , , , ,563554, , , ,2,1,0,1,0,0,0,0,0,0,0,0,1,1,0,0,0,0,0,0,1,0,0,0,0,0,0,0,0,0,0,0,0,0,0,8,1,40.0737,-75.1582, , 
 ,48292,2013086833,6,67,67301,2013,8,2,1955,19,3,1,0,8,1, , ,N,5,2,0,3,0,1,2,2,N,N,40 03:47.120,75 03:05.897,1956, ,1955, ,0, ,N, ,3, , , , , ,563569, , , ,1,0,0,0,1,0,0,0,0,0,0,1,1,0,0,0,0,0,0,0,0,0,0,0,0,0,0,0,0,0,0,0,1,0,0,4,0,40.0631,-75.0516, , 
 ,48293,2013063543,6,67,67301,2013,4,5,615,6,5,1,0,1,1, , ,N,0,0,0,3,0,0,2,2,N,N,40 00:33.072,75 12:16.934,621, ,618,2,1,4,N, ,0,N, , , , ,563588, , , ,2,0,0,0,1,0,1,0,0,0,0,0,0,0,0,0,0,0,0,0,0,1,0,0,0,0,0,0,0,0,0,0,0,0,0,0,0,40.0092,-75.2047, , 
 ,48294,2013074671,6,67,67301,2013,6,4,1645,16,1,9,0,8,1, , ,N,1,3,0,3,0,1,2,2,N,N,40 01:41.624,75 08:23.888,1735, ,1731, ,0, ,N, ,3, , , , , ,563594, , , ,1,0,0,0,0,0,0,0,0,0,1,0,1,0,0,0,0,0,0,0,0,0,0,0,0,0,0,0,0,0,0,0,1,0,0,3,0,40.0282,-75.14, , 
 ,48295,2013096430,6,67,67301,2013,8,3,9999,99,1,1,0,8,2, , ,N,0,0,0,3,0,1,2,2,N, ,39 56:57.462,75 09:26.712,1351, ,1351, ,0, , , ,0, , , , , ,563613, , , ,1,0,0,0,1,0,0,0,0,0,0,0,1,1,0,0,0,0,0,0,0,0,0,0,0,0,0,0,0,0,0,0,1,0,0,8,0,39.9493,-75.1574, , 
 ,48296,2013065294,6,67,67301,2013,5,1,1455,14,1,1,1,4,1, , ,N,1,3,0,3,0,1,2,2,N,N,39 58:08.947,75 10:13.288,1510, ,1508, ,0, ,N, ,3, , , , , ,557670, , , ,2,2,0,0,0,0,0,0,0,0,0,0,1,1,0,0,0,0,0,0,0,0,0,0,0,0,0,0,0,0,0,0,0,0,0,8,0,39.9692,-75.1704, , 
 ,48297,2013083839,6,67,67301,2013,8,4,1608,16,1,1,0,1,7, , ,N,0,0,0,3,0,0,7,3,N,N,39 58:07.537,75 07:42.097,1608, ,1608,1,1,2,N, ,0,N, , , , ,557691, , , ,3,2,0,0,0,0,0,1,0,0,0,0,0,0,0,0,0,0,1,0,2,0,0,0,0,0,0,0,0,0,0,0,0,0,0,0,0,39.9688,-75.1284, , 
 ,48298,2013086244,6,67,67301,2013,7,7,1450,14,1,1,0,4,1, , ,N,2,3,0,3,0,3,3,2,N, ,39 55:52.633,75 10:40.807,1458, ,1454, ,0, , , ,3, , , , , ,557692, , , ,2,2,0,0,0,0,0,0,0,0,1,0,3,2,0,0,0,0,0,0,0,0,0,0,0,0,0,0,0,0,0,0,0,0,0,3,0,39.9313,-75.178, , 
 ,48299,2013088964,6,67,67301,2013,8,6,1543,15,1,1,0,1,1, , ,N,0,0,0,3,0,0,2,2,N,N,39 58:15.333,75 11:35.548,1545, ,1545,1,2,3,N, ,0,N, , , , ,557697, , , ,2,1,0,0,1,0,0,0,0,0,0,0,0,0,1,0,0,0,0,0,1,0,0,0,0,0,0,0,0,0,0,0,0,0,0,9,0,39.9709,-75.1932, , 
 ,48300,2013055836,6,67,67301,2013,5,4,212,2,3,1,0,4,1, , ,N,3,2,0,3,0,0,1,4,N,N,40 02:23.222,75 07:27.404,220, ,216, ,0, ,N, ,3, , , , , ,557703, , , ,4,2,0,0,0,1,1,0,0,0,0,0,0,0,1,0,0,0,0,0,0,0,0,0,0,0,0,0,0,0,0,0,0,0,0,9,1,40.0398,-75.1243, , 