wz_ln_closure,objectid_1,crn,district,county,municipality,crash_year,crash_month,day_of_week,time_of_day,hour_of_day,illumination,weather,road_condition,collision_type,relation_to_road,work_zone_type,work_zone_loc,work_zone_ind,intersect_type,tcd_type,location_type,urban_rural,fatal_count,injury_count,person_count,total_units,sch_bus_ind,sch_zone_ind,latitude,longitude,arrival_tm,cons_zone_spd_lim,dispatch_tm,est_hrs_closed,lane_closed,ln_close_dir,ntfy_hiwy_maint,spec_juris_cd,tcd_func_cd,tfc_detour_ind,workers_pres,wz_close_detour,wz_flagger,wz_law_offcr_ind,objectid,wz_moving,wz_other,wz_shlder_mdn,vehicle_count,automobile_count,motorcycle_count,bus_count,small_truck_count,heavy_truck_count,suv_count,van_count,bicycle_count,maj_inj_count,mod_inj_count,min_inj_count,tot_inj_count,unk_inj_deg_count,unk_inj_per_count,driver_count_16yr,driver_count_17yr,driver_count_18yr,driver_count_19yr,driver_count_20yr,driver_count_50_64yr,driver_count_65_74yr,driver_count_75plus,unbelted_occ_count,unb_death_count,unb_maj_inj_count,belted_death_count,belted_maj_inj_count,mcycle_death_count,mcycle_maj_inj_count,bicycle_death_count,bicycle_maj_inj_count,ped_count,ped_death_count,ped_maj_inj_count,max_severity_level,comm_veh_count,dec_lat,dec_long,rdwy_surf_type_cd,county_name
 ,48434,2013109368,6,67,67301,2013,10,6,1445,14,1,1,0,4,1, , ,N,1,3,0,3,0,1,6,2,N,N,39 55:45.627,75 09:12.725,1500, ,1449, ,0, ,N, ,3, , , , , ,563852, , , ,2,0,0,0,1,0,0,0,0,0,0,1,1,0,0,0,0,0,0,0,1,0,0,0,0,0,0,0,0,0,0,0,0,0,0,4,0,39.9293,-75.1535, , 
 ,48435,2013111875,6,67,67301,2013,10,6,2256,22,3,1,0,8,1, , ,N,0,0,0,3,1,0,2,2,N, ,40 01:01.534,75 09:30.895,2351, ,2345, ,0, , ,0,0, , , , , ,563856, , , ,1,0,0,0,0,0,0,0,0,0,0,0,0,0,0,0,0,0,0,0,0,0,0,0,0,0,0,0,0,0,0,0,1,1,0,1,0,40.0171,-75.1586,2, 
 ,48436,2013053085,6,67,67301,2013,4,5,1200,12,1,1,0,8,1, , ,N,1,3,0,3,0,1,2,2,N,N,39 58:00.541,75 11:52.976,1400, ,1400, ,0, ,N, ,3, , , , , ,563872, , , ,1,0,0,0,1,0,0,0,0,0,0,0,1,1,1,0,0,0,0,0,0,0,0,0,0,0,0,0,0,0,0,0,1,0,0,8,0,39.9668,-75.198, , 
 ,48437,2013053123,6,67,67301,2013,4,4,1640,16,1,1,0,5,1, , ,N,2,2,0,3,0,1,3,2,N,N,39 57:09.624,75 09:54.855,1646, ,1642, ,0, ,N, ,3, , , , , ,563873, , , ,2,0,0,1,0,1,0,0,0,0,0,0,1,1,0,0,0,0,0,0,0,0,0,1,0,0,0,0,0,0,0,0,0,0,0,8,2,39.9527,-75.1652, , 
 ,48438,2013080433,6,67,67301,2013,6,1,1645,16,1,1,0,4,1, , ,N,2,0,0,3,0,1,3,2,N,N,39 57:15.535,75 08:23.018,1645, ,1645, ,0, ,N, ,0, , , , , ,563884, , , ,2,0,0,0,0,0,1,1,0,0,0,1,1,0,0,0,0,0,0,0,1,0,0,0,0,0,0,0,0,0,0,0,0,0,0,4,0,39.9543,-75.1395, , 
 ,48439,2013093040,6,67,67301,2013,8,4,1735,17,1,1,0,4,1, , ,N,1,3,0,3,0,1,3,3,N,N,40 02:33.824,75 04:22.947,1751, ,1750, ,0, , , ,3, , , , , ,563895, , , ,3,1,0,0,1,0,1,0,0,0,0,1,1,0,0,0,0,0,0,0,0,0,0,1,0,0,0,0,0,0,0,0,0,0,0,4,0,40.0427,-75.073, , 
 ,48440,2013101089,6,67,67301,2013,9,6,1710,17,1,1,0,4,1, , ,N,1,2,0,3,0,1,2,2,N,N,40 01:48.790,75 05:17.559,1710, ,1710,1,1,2,N, ,3,N, , , , ,563904, , , ,2,1,0,0,0,0,0,1,0,0,0,1,1,0,0,0,0,0,0,0,0,0,0,0,0,0,0,0,0,0,0,0,0,0,0,4,0,40.0301,-75.0882, , 
 ,48441,2013106670,6,67,67301,2013,9,1,1824,18,4,1,0,8,1, , ,N,0,0,0,3,0,1,2,2,N,N,40 01:57.446,75 01:42.981,2011, ,1953, ,0, ,N, ,0, , , , , ,563911, , , ,1,0,0,0,0,0,0,1,0,0,0,1,1,0,0,0,0,0,0,0,0,0,0,0,0,0,0,0,0,0,0,0,1,0,0,4,0,40.0326,-75.0286, , 
 ,48442,2013086804,6,67,67301,2013,7,4,2042,20,2,1,0,1,1, , ,N,2,2,7,3,0,1,2,2,N,N,39 56:00.741,75 12:55.882,2052, ,2052, ,0, ,N, ,3, , , , , ,558009, , , ,2,1,1,0,0,0,0,0,0,0,0,0,1,1,0,0,0,0,0,1,0,0,0,0,0,0,0,0,0,0,0,0,0,0,0,8,0,39.9335,-75.2155, , 
 ,48443,2013086900,6,67,67301,2013,7,4,210,2,3,1,0,8,1, , ,N,1,2,0,3,0,1,2,2,N,N,40 00:47.439,75 04:13.514,217, ,211, ,0, ,N, ,3, , , , , ,558010, , , ,1,1,0,0,0,0,0,0,0,0,0,1,1,0,0,0,0,0,0,0,0,0,0,0,0,0,0,0,0,0,0,0,1,0,0,4,0,40.0132,-75.0704, , 
 ,48444,2013086912,6,67,67301,2013,8,7,125,1,3,1,0,1,1, , ,N,1,2,0,3,0,0,3,2,N, ,39 54:51.468,75 10:18.968,134, ,131, ,0, , , ,3, , , , , ,558011, , , ,2,2,0,0,0,0,0,0,0,0,0,0,0,0,1,0,0,0,0,0,0,0,0,0,0,0,0,0,0,0,0,0,0,0,0,9,0,39.9142,-75.1718, , 
 ,48445,2013096092,6,67,67301,2013,8,2,1749,17,1,1,0,6,1, , ,N,0,0,0,3,0,1,2,2,N, ,39 56:34.148,75 10:57.014,1753, ,1749, ,0, , , ,0, , , , , ,558022, , , ,1,1,0,0,0,0,0,0,1,0,0,1,1,0,0,0,0,0,0,0,0,0,0,0,0,0,0,0,0,0,0,0,0,0,0,4,0,39.9428,-75.1825, , 
 ,48446,2013052999,6,67,67301,2013,4,6,2330,23,3,1,0,7,6, , ,N,0,0,0,3,0,1,1,1,N,N,40 03:27.170,75 09:49.240,2335, ,2335, ,0, ,N, ,0, , , , , ,558042, , , ,1,1,0,0,0,0,0,0,0,0,0,1,1,0,0,0,0,0,0,0,1,0,0,0,0,0,0,0,0,0,0,0,0,0,0,4,0,40.0575,-75.1637, , 
 ,48447,2013053013,6,67,67301,2013,4,4,9999,99,1,1,0,1,1, , ,N,1,0,0,3,0,1,4,2,N,N,40 01:08.973,75 04:53.510,432, ,431, ,0, , , ,0, , , , , ,558043, , , ,2,2,0,0,0,0,0,0,0,0,0,0,1,1,2,0,0,0,0,0,0,1,0,0,0,0,0,0,0,0,0,0,0,0,0,8,0,40.0191,-75.0815, , 
 ,48448,2013075115,6,67,67301,2013,7,1,157,1,6,1,0,5,1, , ,N,0,0,0,3,0,0,1,2,N,N,39 55:28.862,75 09:45.540,210, ,207,3,2,2,N, ,0,Y, , , , ,558053, , , ,2,1,0,0,0,1,0,0,0,0,0,0,0,0,1,0,0,0,0,0,0,0,0,0,0,0,0,0,0,0,0,0,0,0,0,9,0,39.9247,-75.1627, , 
 ,48449,2013079598,6,67,67301,2013,7,1,1416,14,1,1,0,1,1, , ,N,0,0,0,3,0,1,5,2,N,N,39 56:31.369,75 09:10.677,1426, ,1425,1,1,3,N, ,0,N, , , , ,558056, , , ,2,2,0,0,0,0,0,0,0,0,0,0,1,1,0,0,0,0,0,0,0,0,0,0,0,0,0,0,0,0,0,0,0,0,0,8,0,39.942,-75.153, , 
 ,48450,2013080010,6,67,67301,2013,7,7,1755,17,1,1,0,4,1, , ,N,1,3,0,3,0,2,3,2,N,N,40 01:08.120,75 02:58.216,1805, ,1756,1,1,4,N, ,3,N, , , , ,558057, , , ,2,2,0,0,0,0,0,0,0,0,0,2,2,0,0,0,0,0,0,0,0,1,0,0,0,0,0,0,0,0,0,0,0,0,0,4,0,40.0189,-75.0495, , 
 ,48451,2013088105,6,67,67301,2013,8,7,500,5,3,1,0,4,1, , ,N,0,0,0,3,0,1,3,3,N,N,40 00:21.744,75 12:57.885,507, ,505,2,2,1,N, ,0,N, , , , ,558066, , , ,3,1,0,0,0,0,2,0,0,0,1,0,1,0,0,0,0,0,0,0,0,0,0,0,0,0,0,0,0,0,0,0,0,0,0,3,0,40.006,-75.2161, , 
 ,48452,2013101277,6,67,67301,2013,9,6,1728,17,1,1,0,4,1, , ,N,2,3,0,3,0,0,4,2,N,N,39 57:09.709,75 12:19.637,1734, ,1734,2,1,4,N, ,3,Y, , , , ,558074, , , ,2,2,0,0,0,0,0,0,0,0,0,0,0,0,0,0,0,0,0,0,0,0,0,0,0,0,0,0,0,0,0,0,0,0,0,0,0,39.9527,-75.2055, , 
 ,48453,2013084013,6,67,67301,2013,7,4,840,8,1,1,0,4,1, , ,N,1,2,0,3,0,1,2,2,N,N,39 57:26.654,75 09:25.623,849, ,847,2,1,1,N, ,3,N, , , , ,558114, , , ,2,0,0,0,0,0,2,0,0,0,0,1,1,0,0,0,0,0,0,0,0,0,0,0,0,0,0,0,0,0,0,0,0,0,0,4,0,39.9574,-75.1571, , 
 ,48454,2013089318,6,67,67301,2013,9,5,737,7,1,1,0,1,1, , ,N,0,0,0,3,0,1,2,2,N,N,40 00:33.603,75 03:57.682,752, ,739, ,0, ,N, ,0, , , , , ,558119, , , ,2,1,1,0,0,0,0,0,0,0,1,0,1,0,0,0,0,0,0,0,2,0,0,0,0,0,0,0,0,0,0,0,0,0,0,3,0,40.0093,-75.0662, , 
 ,48455,2013101121,6,67,67301,2013,9,3,1415,14,1,9,8,4,1, , ,N,1,0,0,3,0,1,2,2,N,N,39 55:43.881,75 10:42.707,9999, ,9999, ,0, ,N, ,0, , , , , ,558130, , , ,1,0,0,0,0,0,0,0,1,0,0,1,1,0,0,0,0,0,0,0,0,0,0,0,0,0,0,0,0,0,0,0,0,0,0,4,0,39.9289,-75.1785, , 
 ,48456,2013101763,6,67,67301,2013,9,6,1845,18,1,1,0,8,1, , ,N,2,3,7,3,0,2,3,3,N,N,40 06:09.770,74 58:03.647,1852, ,1847, ,0, ,N, ,3, , , , , ,558131, , , ,1,0,0,0,0,0,1,0,0,0,0,0,2,2,0,0,0,0,0,0,0,0,0,0,0,0,0,0,0,0,0,0,2,0,0,8,0,40.1027,-74.9677, , 
 ,48457,2013070033,6,67,67301,2013,6,6,1750,17,1,1,0,8,1, , ,N,0,0,0,3,0,1,2,2,N,N,40 01:23.804,75 03:41.551,1755, ,1753, ,0, , , ,0, , , , , ,558143, , , ,1,1,0,0,0,0,0,0,0,0,0,1,1,0,0,0,0,0,0,0,0,0,0,0,0,0,0,0,0,0,0,0,1,0,0,4,0,40.0233,-75.0615, , 
 ,48458,2013070096,6,67,67301,2013,5,6,1703,17,1,1,0,3,1, , ,N,1,0,0,3,0,1,2,2,N, ,40 02:44.934,74 59:40.960,1724, ,1721, ,0, , , ,0, , , , , ,558144, , , ,2,1,0,0,1,0,0,0,0,0,0,1,1,0,0,0,0,0,0,0,0,0,0,0,0,0,0,0,0,0,0,0,0,0,0,4,0,40.0458,-74.9947, , 
 ,48459,2013070385,6,67,67301,2013,6,6,1638,16,1,2,1,1,1, , ,N,5,2,0,3,0,1,4,2,N, ,40 03:22.262,75 01:41.903,1705, ,1702, ,0, , , ,3, , , , , ,558145, , , ,2,1,0,0,1,0,0,0,0,0,0,0,1,1,0,0,0,0,0,0,0,0,0,0,0,0,0,0,0,0,0,0,0,0,0,8,0,40.0562,-75.0283, , 
Y,48460,2013058705,6,67,67301,2013,4,7,405,4,3,1,0,7,2,1,4,Y,0,0,0,3,0,0,1,1,N,N,39 53:58.895,75 09:43.813,427,50,408,2,1,1,N, ,0,N,N,N,N,N,560931,N,N,N,1,0,0,0,0,0,1,0,0,0,0,0,0,0,1,0,0,0,0,0,0,0,0,0,0,0,0,0,0,0,0,0,0,0,0,9,0,39.8997,-75.1622, , 
 ,48461,2013065027,6,67,67301,2013,6,6,2208,22,3,2,1,4,1, , ,N,0,0,0,3,0,0,2,2,N,N,39 57:28.227,75 08:28.644,2214, ,2210,1,2,2,N, ,0,N, , , , ,560935, , , ,2,1,0,0,1,0,0,0,0,0,0,0,0,0,0,0,0,0,0,0,1,0,0,0,0,0,0,0,0,0,0,0,0,0,0,0,0,39.9579,-75.1413, , 
 ,48462,2013053053,6,67,67301,2013,4,5,9999,99,1,1,0,8,1, , ,N,0,0,0,3,0,1,2,2,N,N,39 59:02.076,75 10:30.543,9999, ,9999, ,0, ,N, ,0, , , , , ,560937, , , ,1,0,0,0,0,0,0,0,0,0,0,0,1,1,0,0,0,0,0,0,0,0,0,0,0,0,0,0,0,0,0,0,1,0,0,8,0,39.9839,-75.1752, , 
 ,48463,2013077511,6,67,67301,2013,6,6,40,0,3,1,0,6,1, , ,N,0,0,0,3,0,0,6,2,N,N,40 03:03.037,75 00:35.460,100, ,51, ,0, ,N, ,0, , , , , ,560955, , , ,2,2,0,0,0,0,0,0,0,0,0,0,0,0,0,0,1,0,0,0,0,0,0,0,0,0,0,0,0,0,0,0,0,0,0,0,0,40.0508,-75.0099, , 
 ,48464,2013079592,6,67,67301,2013,7,6,2201,22,3,1,0,7,5, , ,N,1,2,0,3,0,1,1,1,N,N,40 01:57.777,75 10:27.832,2240, ,2235, ,0, ,N, ,3, , , , , ,560956, , , ,1,1,0,0,0,0,0,0,0,0,0,0,1,1,0,0,0,0,1,0,0,0,0,0,0,0,0,0,0,0,0,0,0,0,0,8,0,40.0327,-75.1744, , 
 ,48465,2013070398,6,67,67301,2013,6,6,0,0,3,2,1,4,1, , ,N,1,3,0,3,0,0,2,2,N,N,39 58:42.034,75 08:34.976,35, ,30, ,0, ,N, ,3, , , , , ,560982, , , ,2,2,0,0,0,0,0,0,0,0,0,0,0,0,0,0,0,0,0,0,0,0,0,2,0,0,0,0,0,0,0,0,0,0,0,0,0,39.9783,-75.143, , 
 ,48466,2013070546,6,67,67301,2013,6,7,2319,23,3,1,0,4,1, , ,N,2,0,0,3,0,3,6,2,N,N,39 55:42.820,75 08:40.147,2335, ,2327,2,2,2,N, ,0,N, , , , ,560983, , , ,2,1,0,0,0,0,1,0,0,0,0,3,3,0,0,0,0,0,0,0,1,0,0,0,0,0,0,0,0,0,0,0,0,0,0,4,0,39.9286,-75.1445, , 
 ,48467,2013062978,6,67,67301,2013,6,6,225,2,3,1,0,7,2, , ,N,0,0,0,3,0,1,1,1,N,N,39 53:32.928,75 13:31.710,244, ,225, ,0, ,N, ,0, , , , , ,560986, , , ,1,0,0,0,0,0,1,0,0,0,0,1,1,0,0,0,0,0,0,0,0,0,0,0,0,0,0,0,0,0,0,0,0,0,0,4,0,39.8925,-75.2255, , 
 ,48468,2013101054,6,67,67301,2013,9,3,2105,21,3,1,0,8,1, , ,N,1,0,0,3,0,1,2,2,N,N,40 01:01.180,75 11:17.957,2109, ,2106, ,0, ,N, ,0, , , , , ,561018, , , ,1,1,0,0,0,0,0,0,0,0,0,1,1,0,0,0,0,0,0,0,0,0,0,0,0,0,0,0,0,0,0,0,1,0,0,4,0,40.017,-75.1883, , 
 ,48469,2013101158,6,67,67301,2013,9,2,703,7,1,1,0,4,1, , ,N,0,0,7,3,0,0,3,2,N, ,40 04:05.055,74 58:49.711,726, ,719, ,0, , , ,0, , , , , ,561019, , , ,2,1,0,0,0,0,1,0,0,0,0,0,0,0,0,0,0,0,0,0,1,0,0,0,0,0,0,0,0,0,0,0,0,0,0,0,0,40.0681,-74.9805, , 
 ,48470,2013101248,6,67,67301,2013,9,7,15,0,3,1,0,8,1, , ,N,1,3,0,3,0,1,4,2,N,N,39 58:46.587,75 09:54.116,16, ,16, ,0, ,N, ,3, , , , , ,561020, , , ,1,1,0,0,0,0,0,0,0,0,0,0,1,1,0,0,0,0,0,0,0,0,0,0,0,0,0,0,0,0,0,0,1,0,0,8,0,39.9796,-75.165, , 
 ,48471,2013063443,6,67,67301,2013,5,3,1442,14,1,1,0,1,1, , ,N,0,0,0,3,0,1,6,4,N, ,40 00:36.139,75 11:10.750,1504, ,1452,1,2,2, , ,0,N, , , , ,561028, , , ,4,3,0,0,1,0,0,0,0,0,1,0,1,0,0,0,0,0,0,0,2,0,0,0,0,0,0,0,0,0,0,0,0,0,0,3,0,40.01,-75.1863, , 
 ,48472,2013064099,6,67,67301,2013,6,6,1317,13,1,1,0,5,1, , ,N,0,0,0,3,0,1,2,2,N,N,40 01:34.956,75 01:35.816,1400, ,1324,2,1,1,N, ,0,N, , , , ,561031, , , ,2,1,0,0,0,1,0,0,0,0,0,0,1,1,0,0,0,0,0,0,1,0,0,0,0,0,0,0,0,0,0,0,0,0,0,8,1,40.0263,-75.0268, , 
 ,48473,2013101053,6,67,67301,2013,9,6,1755,17,1,1,0,8,1, , ,N,3,4,0,3,0,1,2,2,N, ,40 01:11.366,75 11:29.821,1912, ,1909, ,0, ,N, ,3, , , , , ,561052, , , ,1,1,0,0,0,0,0,0,0,0,0,1,1,0,1,0,0,0,0,0,0,0,0,0,0,0,0,0,0,0,0,0,1,0,0,4,0,40.0198,-75.1916, , 
 ,48474,2013101091,6,67,67301,2013,9,6,745,7,1,1,0,6,1, , ,N,1,2,0,3,0,2,3,2,N,N,40 02:46.150,75 04:44.993,751, ,749, ,0, ,N, ,3, , , , , ,561053, , , ,2,2,0,0,0,0,0,0,0,0,0,2,2,0,0,0,0,0,0,0,0,1,0,0,0,0,0,0,0,0,0,0,0,0,0,4,0,40.0462,-75.0792, , 
 ,48475,2013103910,6,67,67301,2013,9,4,1553,15,1,1,0,5,1, , ,N,0,0,0,3,0,1,2,2,N, ,39 57:19.565,75 12:02.275,1555, ,1554, ,0, , , ,0, , , , , ,561060, , , ,2,0,0,0,1,0,1,0,0,0,0,1,1,0,0,0,0,0,0,0,0,0,0,2,0,0,0,0,0,0,0,0,0,0,0,4,0,39.9554,-75.2006, , 
 ,48476,2013106702,6,67,67301,2013,9,6,2205,22,3,2,1,7,5, , ,N,1,2,0,3,0,1,2,2,N,N,39 57:28.586,75 09:50.892,2207, ,2205, ,0, ,N, ,3, , , , , ,561061, , , ,1,1,0,0,0,0,0,0,0,0,1,0,1,0,0,0,0,0,0,0,1,0,0,0,0,0,0,0,0,0,0,0,0,0,0,3,0,39.9583,-75.1641, , 
 ,48477,2013109406,6,67,67301,2013,10,7,421,4,3,1,0,5,2, , ,N,1,2,0,3,0,0,2,2,N,N,40 01:44.450,75 08:02.954,450, ,421, ,0, ,N, ,3, , , , , ,561066, , , ,2,2,0,0,0,0,0,0,0,0,0,0,0,0,2,0,0,0,0,0,0,0,0,0,0,0,0,0,0,0,0,0,0,0,0,9,0,40.029,-75.1342, , 
 ,48478,2013114105,6,67,67301,2013,11,5,1328,13,8,2,1,1,1, , ,N,0,0,0,3,0,0,4,3,N,N,39 57:25.483,75 09:07.968,1343, ,1333, ,0, ,N, ,0, , , , , ,561070, , , ,3,1,0,0,1,0,0,1,0,0,0,0,0,0,0,0,0,0,0,0,1,0,0,2,0,0,0,0,0,0,0,0,0,0,0,0,0,39.9571,-75.1522, , 
 ,48479,2013086740,6,67,67301,2013,8,5,1250,12,1,2,1,7,4, , ,N,0,0,0,3,0,2,3,1,N,N,39 58:13.396,75 11:23.103,1300, ,1257, ,0, ,N, ,0, , , , , ,566503, , , ,1,1,0,0,0,0,0,0,0,0,0,0,2,2,0,0,0,0,0,0,0,0,0,0,0,0,0,0,0,0,0,0,0,0,0,8,0,39.9704,-75.1898, , 
 ,48480,2013065376,6,67,67301,2013,5,3,1641,16,1,2,1,4,1, , ,N,1,2,0,3,0,1,2,2,N,N,40 01:21.348,75 03:09.739,1652, ,1649, ,0, ,N, ,3, , , , , ,566522, , , ,2,2,0,0,0,0,0,0,0,0,0,0,1,1,0,0,0,0,0,0,0,1,0,0,0,0,0,0,0,0,0,0,0,0,0,8,0,40.0226,-75.0527, , 
 ,48481,2013070430,6,67,67301,2013,6,6,1050,10,1,2,1,1,1, , ,N,0,0,0,3,0,2,2,2,N,N,40 03:27.565,75 12:00.115,1115, ,1108,3,1,5,N, ,0,Y, , , , ,566526, , , ,2,1,0,0,0,0,1,0,0,0,2,0,2,0,0,0,0,0,0,0,0,1,0,0,0,0,0,0,0,0,0,0,0,0,0,3,0,40.0577,-75.2, , 
 ,48482,2013096070,6,67,67301,2013,8,5,9999,99,1,1,0,8,1, , ,N,0,0,0,3,0,1,2,2,N,N,40 03:16.567,75 04:50.358,547, ,543, ,0, , , ,0, , , , , ,566559, , , ,1,0,0,0,1,0,0,0,0,0,0,0,1,1,0,0,0,0,0,0,1,0,0,0,0,0,0,0,0,0,0,0,1,0,0,8,0,40.0546,-75.0807, , 
 ,48483,2013050214,6,67,67301,2013,4,6,1345,13,1,2,1,8,1, , ,N,2,0,0,3,0,1,2,2,N,N,39 57:06.663,75 10:01.437,1405, ,1400,1,1,1,N, ,0,Y, , , , ,566574, , , ,1,0,0,0,0,0,1,0,0,0,0,0,1,1,0,0,0,0,0,0,0,0,0,0,0,0,0,0,0,0,0,0,1,0,0,8,0,39.9519,-75.1671, , 
 ,48484,2013072210,6,67,67301,2013,6,3,1053,10,1,1,0,4,6, , ,N,0,0,0,3,0,2,2,3,N,N,39 58:36.933,75 09:47.667,1054, ,1053,2,2,2,N, ,0,Y, , , , ,566577, , , ,3,2,0,0,1,0,0,0,0,0,0,2,2,0,0,0,0,0,0,0,0,0,0,0,0,0,0,0,0,0,0,0,0,0,0,4,0,39.9769,-75.1632, , 
 ,48485,2013086672,6,67,67301,2013,8,7,1343,13,1,1,0,4,1, , ,N,1,2,0,3,0,2,4,2,N,N,40 00:45.131,75 04:23.853,1400, ,1354, ,0, , , ,3, , , , , ,566595, , , ,2,1,0,0,0,0,1,0,0,0,0,0,2,2,0,0,0,0,0,0,0,0,0,0,0,0,0,0,0,0,0,0,0,0,0,8,0,40.0125,-75.0733, , 
 ,48486,2013086735,6,67,67301,2013,7,1,35,0,3,2,1,4,1, , ,N,5,2,0,3,0,2,4,2,N,N,40 03:05.569,75 09:00.387,35, ,35, ,0, ,N, ,3, , , , , ,566596, , , ,2,2,0,0,0,0,0,0,0,0,0,0,2,2,2,0,0,0,0,0,0,0,0,0,0,0,0,0,0,0,0,0,0,0,0,8,0,40.0515,-75.1501, , 
 ,48487,2013095980,6,67,67301,2013,8,3,605,6,3,2,1,8,1, , ,N,1,2,0,3,0,1,2,2,N,N,39 59:23.298,75 07:31.934,615, ,610, ,0, ,N, ,3, , , , , ,566603, , , ,1,1,0,0,0,0,0,0,0,0,0,0,1,1,0,0,0,0,0,1,0,0,0,0,0,0,0,0,0,0,0,0,1,0,0,8,0,39.9898,-75.1255, , 
 ,48488,2013096458,6,67,67301,2013,8,7,735,7,1,1,0,8,1, , ,N,1,3,0,3,0,1,2,2,N,N,39 57:19.659,75 13:40.367,750, ,740, ,0, , , ,3, , , , , ,566604, , , ,1,0,0,0,0,0,1,0,0,0,0,0,1,1,0,0,0,0,0,0,0,0,0,0,0,0,0,0,0,0,0,0,1,0,0,8,0,39.9555,-75.2279, , 
 ,48489,2013055449,6,67,67301,2013,5,1,2023,20,3,1,0,4,1, , ,N,0,0,0,3,0,1,3,2,N,N,40 02:28.445,75 06:42.418,2135, ,2133, ,0, ,N, ,0, , , , , ,566625, , , ,2,2,0,0,0,0,0,0,0,0,1,0,1,0,0,0,0,0,0,0,0,0,0,0,0,0,0,0,0,0,0,0,0,0,0,3,0,40.0412,-75.1118, , 
 ,48490,2013074783,6,67,67301,2013,6,5,620,6,1,1,0,4,1, , ,N,1,3,0,3,0,1,2,2,N, ,40 02:33.824,75 04:22.947,625, ,621,9,1,4, , ,3,Y, , , , ,566639, , , ,2,2,0,0,0,0,0,0,0,0,0,0,1,1,0,0,0,0,0,0,1,0,0,0,0,0,0,0,0,0,0,0,0,0,0,8,0,40.0427,-75.073, , 
 ,48491,2013084014,6,67,67301,2013,7,7,1600,16,1,1,0,5,6, , ,N,0,0,0,3,0,1,2,2,N,N,40 02:34.020,75 03:46.370,1800, ,800, ,0, ,N, ,0, , , , , ,566650, , , ,2,1,0,0,1,0,0,0,0,0,1,0,1,0,0,0,0,0,0,0,0,0,0,0,0,0,0,0,0,0,0,0,0,0,0,3,0,40.0428,-75.0629, , 
 ,48492,2013086808,6,67,67301,2013,8,7,2328,23,3,1,0,1,1, , ,N,1,2,0,3,0,1,3,2,N, ,40 03:08.516,75 14:10.540,2334, ,2334, ,0, , , ,3, , , , , ,566656, , , ,2,1,0,0,0,0,1,0,0,0,0,1,1,0,1,0,0,0,0,0,1,0,0,0,0,0,0,0,0,0,0,0,0,0,0,4,0,40.0524,-75.2363, , 
 ,48493,2013093137,6,67,67301,2013,8,7,1806,18,1,1,0,8,1, , ,N,0,0,7,3,0,1,3,3,N, ,40 05:13.943,74 58:20.349,1810, ,1808, ,0, , , ,0, , , , , ,566663, , , ,1,1,0,0,0,0,0,0,0,0,0,0,1,1,0,0,0,0,0,0,0,0,0,0,0,0,0,0,0,0,0,0,2,0,0,8,0,40.0872,-74.9723, , 
 ,48494,2013093206,6,67,67301,2013,8,6,1141,11,1,1,0,6,1, , ,N,1,0,0,3,0,1,2,2,N, ,39 59:51.332,75 07:20.146,1141, ,1141,1,1,4, , ,0,N, , , , ,566664, , , ,2,1,1,0,0,0,0,0,0,0,0,0,1,1,0,0,0,0,0,0,1,0,0,0,0,0,0,0,0,0,0,0,0,0,0,8,0,39.9976,-75.1223, , 
 ,48495,2013086848,6,67,67301,2013,7,6,1817,18,1,1,0,4,1, , ,N,2,2,0,3,0,1,2,2,N,N,39 56:37.703,75 14:45.142,1846, ,1843, ,0, ,N, ,3, , , , , ,566674, , , ,2,2,0,0,0,0,0,0,0,0,0,0,1,1,0,0,0,0,0,0,1,0,0,0,0,0,0,0,0,0,0,0,0,0,0,8,0,39.9438,-75.2459, , 
 ,48496,2013110722,6,67,67301,2013,10,6,1345,13,1,1,0,4,1, , ,N,0,0,7,3,0,1,2,2,N,N,40 07:57.526,75 00:40.872,1435, ,1420, ,0, ,N, ,0, , , , , ,566689, , , ,2,2,0,0,0,0,0,0,0,0,0,1,1,0,1,0,0,0,0,0,0,1,0,0,0,0,0,0,0,0,0,0,0,0,0,4,0,40.1326,-75.0114, , 
 ,48497,2013056779,6,46,46102,2013,6,2,1626,16,1,2,1,1,1, , ,N,0,0,0,3,0,0,3,3,N,N,40 03:09.234,75 06:02.487,1628, ,1626,1,1,4,N, ,0,N, , , , ,563925, , , ,3,2,0,0,0,0,1,0,0,0,0,0,0,0,1,0,0,0,0,0,0,0,0,0,0,0,0,0,0,0,0,0,0,0,0,9,0,40.0526,-75.1007, , 
 ,48498,2013070519,6,67,67301,2013,5,6,2235,22,3,2,1,4,1, , ,N,1,2,0,3,0,4,4,2,N, ,40 05:29.578,74 57:56.181,2251, ,2244,1,1,2, , ,3,N, , , , ,563936, , , ,2,2,0,0,0,0,0,0,0,0,0,1,4,3,0,0,0,0,0,0,0,0,0,0,0,0,0,0,0,0,0,0,0,0,0,4,0,40.0915,-74.9656, , 
 ,48499,2013077432,6,67,67301,2013,6,6,1659,16,1,2,1,4,1, , ,N,2,3,0,3,0,2,8,2,N, ,39 54:57.347,75 14:42.963,1735, ,1730, ,0, , , ,3, , , , , ,563946, , , ,2,2,0,0,0,0,0,0,0,0,0,0,2,2,0,0,0,0,0,0,1,0,0,0,0,0,0,0,0,0,0,0,0,0,0,8,0,39.9159,-75.2453, , 
 ,48500,2013077509,6,67,67301,2013,7,3,1110,11,1,2,1,1,1, , ,N,1,2,0,3,0,2,4,2,N, ,40 01:17.505,75 03:06.381,1123, ,1117, ,0, , , ,3, , , , , ,563947, , , ,2,1,0,0,0,0,0,1,0,0,0,2,2,0,0,0,0,0,0,0,1,0,0,0,0,0,0,0,0,0,0,0,0,0,0,4,0,40.0215,-75.0518, , 