wz_ln_closure,objectid_1,crn,district,county,municipality,crash_year,crash_month,day_of_week,time_of_day,hour_of_day,illumination,weather,road_condition,collision_type,relation_to_road,work_zone_type,work_zone_loc,work_zone_ind,intersect_type,tcd_type,location_type,urban_rural,fatal_count,injury_count,person_count,total_units,sch_bus_ind,sch_zone_ind,latitude,longitude,arrival_tm,cons_zone_spd_lim,dispatch_tm,est_hrs_closed,lane_closed,ln_close_dir,ntfy_hiwy_maint,spec_juris_cd,tcd_func_cd,tfc_detour_ind,workers_pres,wz_close_detour,wz_flagger,wz_law_offcr_ind,objectid,wz_moving,wz_other,wz_shlder_mdn,vehicle_count,automobile_count,motorcycle_count,bus_count,small_truck_count,heavy_truck_count,suv_count,van_count,bicycle_count,maj_inj_count,mod_inj_count,min_inj_count,tot_inj_count,unk_inj_deg_count,unk_inj_per_count,driver_count_16yr,driver_count_17yr,driver_count_18yr,driver_count_19yr,driver_count_20yr,driver_count_50_64yr,driver_count_65_74yr,driver_count_75plus,unbelted_occ_count,unb_death_count,unb_maj_inj_count,belted_death_count,belted_maj_inj_count,mcycle_death_count,mcycle_maj_inj_count,bicycle_death_count,bicycle_maj_inj_count,ped_count,ped_death_count,ped_maj_inj_count,max_severity_level,comm_veh_count,dec_lat,dec_long,rdwy_surf_type_cd,county_name
 ,48700,2013079575,6,67,67301,2013,7,6,1930,19,1,1,0,8,1, , ,N,0,0,0,3,0,1,2,2,N, ,39 58:49.702,75 10:41.599,1955, ,1948, ,0, , , ,0, , , , , ,567062, , , ,1,0,1,0,0,0,0,0,0,0,0,1,1,0,0,0,0,0,0,1,0,0,0,0,0,0,0,0,0,0,0,0,1,0,0,4,0,39.9805,-75.1782, , 
 ,48701,2013111844,6,67,67301,2013,10,7,2335,23,3,1,0,1,2, , ,N,0,0,0,3,0,0,1,3,N, ,40 06:01.681,74 59:48.811,2348, ,2346, ,0, , , ,0, , , , , ,567090, , , ,3,2,0,0,0,0,1,0,0,0,0,0,0,0,0,0,0,0,0,0,1,0,0,0,0,0,0,0,0,0,0,0,0,0,0,0,0,40.1005,-74.9969, , 
 ,48702,2013122067,6,67,67301,2013,10,5,9999,99,3,2,1,4,1, , ,N,2,0,0,3,0,0,5,2,N,N,40 01:14.225,75 08:55.554,9999, ,9999, ,0, ,N, ,0, , , , , ,567096, , , ,2,1,0,0,1,0,0,0,0,0,0,0,0,0,0,0,0,0,0,1,0,0,0,0,0,0,0,0,0,0,0,0,0,0,0,0,0,40.0208,-75.1486, , 
 ,48703,2013073314,6,67,67301,2013,7,3,1653,16,1,1,2,7,9, , ,N,0,0,2,3,0,0,1,1,N,N,39 57:40.004,75 10:56.852,1704, ,1700,1,1,3,Y, ,0,N, , , , ,567118, , , ,1,1,0,0,0,0,0,0,0,0,0,0,0,0,0,0,0,0,0,0,0,1,0,0,0,0,0,0,0,0,0,0,0,0,0,0,0,39.9611,-75.1825, , 
 ,48704,2013086859,6,67,67301,2013,7,6,1121,11,1,1,0,1,1, , ,N,0,0,0,3,0,1,2,2,N,N,39 56:25.204,75 12:05.902,1125, ,1122, ,0, ,N, ,0, , , , , ,567131, , , ,2,2,0,0,0,0,0,0,0,0,0,1,1,0,0,0,0,0,0,0,1,0,0,0,0,0,0,0,0,0,0,0,0,0,0,4,0,39.9403,-75.2016, , 
 ,48705,2013097489,6,67,67301,2013,9,2,440,4,3,1,0,1,1, , ,N,0,0,0,3,0,1,2,2,N,N,39 57:27.228,75 10:49.246,446, ,441,1,1,3,N, ,0,N, , , , ,567141, , , ,2,0,0,0,1,1,0,0,0,0,0,1,1,0,0,0,0,0,0,0,0,0,0,0,0,0,0,0,0,0,0,0,0,0,0,4,1,39.9576,-75.1803, , 
 ,48706,2013073300,6,67,67301,2013,6,3,842,8,1,1,0,1,1, , ,N,0,0,0,3,0,1,3,2,Y,N,39 58:37.074,75 11:52.481,902, ,850, ,0, ,N, ,0, , , , , ,567162, , , ,2,0,0,1,0,0,1,0,0,0,0,1,1,0,0,0,0,0,0,0,0,0,0,0,0,0,0,0,0,0,0,0,0,0,0,4,1,39.977,-75.1979, , 
 ,48707,2013096029,6,67,67301,2013,8,4,1130,11,1,6,1,8,1, , ,N,1,2,0,3,0,1,2,2,N, ,39 57:54.315,75 09:38.699,1215, ,1205, ,0, , , ,3, , , , , ,567185, , , ,1,1,0,0,0,0,0,0,0,0,0,1,1,0,0,0,0,0,0,1,0,0,0,0,0,0,0,0,0,0,0,0,1,0,0,4,0,39.9651,-75.1607, , 
 ,48708,2013101063,6,67,67301,2013,9,5,1145,11,1,1,0,5,1, , ,N,0,0,0,3,0,1,2,2,N,N,39 57:03.693,75 11:50.560,1205, ,9999, ,0, ,N, ,0, , , , , ,567192, , , ,1,0,0,0,0,0,0,0,1,0,0,1,1,0,0,0,0,0,0,0,0,0,0,0,0,0,0,0,0,0,0,0,0,0,0,4,0,39.951,-75.1974, , 
 ,48709,2013055561,6,67,67301,2013,5,7,154,1,3,2,1,1,1, , ,N,0,0,0,3,0,0,2,2,N,N,40 01:44.125,75 06:22.490,9999, ,156, ,0, ,N, ,0, , , , , ,567194, , , ,2,1,0,0,0,0,0,0,0,0,0,0,0,0,0,0,0,0,0,0,0,0,0,0,0,0,0,0,0,0,0,0,0,0,0,0,0,40.0289,-75.1062, , 
 ,48710,2013030098,6,67,67301,2013,2,6,905,9,1,1,0,1,1, , ,N,1,2,0,3,0,1,5,4,N,N,40 00:16.358,75 08:22.210,912, ,909, ,0, ,N, ,3, , , , , ,567221, , , ,4,4,0,0,0,0,0,0,0,0,0,1,1,0,0,0,0,0,0,0,2,0,0,0,0,0,0,0,0,0,0,0,0,0,0,4,0,40.0045,-75.1395, , 
 ,48711,2013035587,6,67,67301,2013,3,3,1804,18,1,1,0,8,5, , ,N,1,2,0,3,0,1,2,2,N,N,39 55:32.198,75 14:03.722,1804, ,1804, ,0, , , ,3, , , , , ,567224, , , ,1,1,0,0,0,0,0,0,0,0,0,1,1,0,0,0,0,0,0,0,1,0,0,0,0,0,0,0,0,0,0,0,1,0,0,4,0,39.9256,-75.2344, , 
 ,48712,2013036672,6,67,67301,2013,3,7,1308,13,1,1,0,7,4, , ,N,0,2,3,3,0,0,1,2,N,N,39 57:23.622,75 09:04.685,1317, ,1314, ,0, ,N, ,3, , , , , ,567225, , , ,1,1,0,0,0,0,0,0,0,0,0,0,0,0,0,0,0,0,0,0,0,0,1,0,0,0,0,0,0,0,0,0,0,0,0,0,0,39.9566,-75.1513, , 
Y,48713,2013043171,6,67,67301,2013,4,7,1635,16,1,1,0,1,1,1,4,Y,0,0,0,3,0,0,2,2,N,N,40 01:02.601,75 02:57.230,1724,55,1724,1,2,1,N, ,0,N,Y,N,N,N,567233,N,N,Y,2,0,0,0,0,0,2,0,0,0,0,0,0,0,0,0,0,0,0,0,1,0,0,0,0,0,0,0,0,0,0,0,0,0,0,0,0,40.0173,-75.0493, , 
 ,48714,2013043435,6,67,67301,2013,3,3,920,9,1,1,0,4,1, , ,N,1,3,0,3,0,1,3,3,N, ,39 59:42.619,75 10:21.266,925, ,920, ,0, , , ,3, , , , , ,567234, , , ,3,1,0,0,0,0,2,0,0,1,0,0,1,0,0,0,0,0,0,0,1,0,0,0,0,0,0,1,0,0,0,0,0,0,0,2,0,39.9952,-75.1726, , 
 ,48715,2013050331,6,67,67301,2013,4,5,1600,16,1,1,0,8,1, , ,N,1,2,0,3,0,1,2,2,N,N,39 58:56.395,75 06:42.922,1621, ,1620,3,2,3,N, ,3,Y, , , , ,567238, , , ,1,1,0,0,0,0,0,0,0,1,0,0,1,0,0,0,0,0,0,0,0,0,0,0,0,0,0,0,0,0,0,0,1,0,1,2,0,39.9823,-75.1119, , 
 ,48716,2013101279,6,67,67301,2013,9,3,834,8,1,1,0,4,1, , ,N,3,4,0,3,0,1,2,2,N, ,40 02:28.579,75 09:28.736,900, ,834, ,0, , , ,3, , , , , ,564529, , , ,2,0,1,0,0,0,0,1,0,0,0,0,1,1,0,0,0,0,0,0,0,0,0,0,0,0,0,0,0,0,0,0,0,0,0,8,0,40.0413,-75.158, , 
 ,48717,2013109428,6,67,67301,2013,10,5,1500,15,1,1,0,5,1, , ,N,0,0,0,3,0,1,1,2,N, ,40 00:13.217,75 10:08.400,1528, ,1520, ,0, , , ,0, , , , , ,564535, , , ,2,0,0,0,0,0,2,0,0,0,0,0,1,1,0,0,0,0,0,0,0,0,0,0,0,0,0,0,0,0,0,0,0,0,0,8,0,40.0037,-75.169, , 
 ,48718,2013111735,6,67,67301,2013,10,6,1304,13,1,2,1,1,1, , ,N,1,2,0,3,0,2,2,2,N,N,40 07:30.042,75 00:53.360,1310, ,1304, ,0, ,N, ,3, , , , , ,564538, , , ,2,1,0,0,0,0,1,0,0,0,0,1,2,1,0,0,0,0,0,0,1,0,0,0,0,0,0,0,0,0,0,0,0,0,0,4,0,40.125,-75.0147, , 
 ,48719,2013055409,6,67,67301,2013,4,1,357,3,3,1,0,1,1, , ,N,0,0,0,3,0,0,2,2,N,N,39 58:22.060,75 13:04.951,405, ,400,1,1,4,N, ,0,Y, , , , ,564545, , , ,2,0,0,0,0,0,1,0,0,0,0,0,0,0,0,0,0,0,0,0,0,0,0,0,0,0,0,0,0,0,0,0,0,0,0,0,0,39.9728,-75.218, , 
 ,48720,2013055612,6,67,67301,2013,5,2,1546,15,1,1,0,4,1, , ,N,1,2,0,3,0,1,2,2,N, ,40 03:47.371,75 09:43.047,1607, ,1601,9,1,7, , ,3,N, , , , ,564546, , , ,2,1,0,0,0,0,0,1,0,0,0,1,1,0,0,0,0,0,0,0,1,0,0,0,0,0,0,0,0,0,0,0,0,0,0,4,0,40.0632,-75.162, , 
 ,48721,2013034987,6,67,67301,2013,3,1,332,3,3,1,0,4,1, , ,N,1,2,0,3,0,0,2,2,N,N,39 57:23.616,75 14:30.901,338, ,336,9,1,4,N, ,3,N, , , , ,564573, , , ,2,2,0,0,0,0,0,0,0,0,0,0,0,0,0,0,0,0,0,0,0,0,0,0,0,0,0,0,0,0,0,0,0,0,0,0,0,39.9566,-75.2419, , 
 ,48722,2013047227,6,67,67301,2013,4,2,1542,15,1,1,0,1,1, , ,N,0,0,0,3,0,1,3,4,N,N,40 00:30.121,75 09:02.001,1605, ,1545, ,0, ,N, ,0, , , , , ,564582, , , ,4,2,0,0,0,0,2,0,0,0,0,1,1,0,0,0,0,0,0,0,1,1,0,1,0,0,0,0,0,0,0,0,0,0,0,4,0,40.0084,-75.1506, , 
 ,48723,2013054633,6,67,67301,2013,4,1,2250,22,3,2,1,1,1, , ,N,1,2,0,3,0,2,2,2,N, ,39 59:40.362,75 09:33.546,2250, ,2250, ,0, , , ,3, , , , , ,564592, , , ,2,1,0,0,0,0,0,1,0,0,0,0,2,2,0,0,0,0,0,0,0,0,0,0,0,0,0,0,0,0,0,0,0,0,0,8,0,39.9945,-75.1593, , 
 ,48724,2013079472,6,67,67301,2013,7,2,1413,14,1,1,0,4,1, , ,N,1,2,0,3,0,2,4,2,N,N,40 00:35.396,75 10:00.737,1510, ,1416,1,2,7, , ,3,Y, , , , ,564602, , , ,2,1,0,0,0,0,1,0,0,0,0,0,2,2,0,0,0,0,1,0,1,0,0,0,0,0,0,0,0,0,0,0,0,0,0,8,0,40.0098,-75.1669, , 
 ,48725,2013101098,6,67,67301,2013,9,6,1519,15,1,1,0,1,1, , ,N,0,2,0,3,0,3,5,2,N, ,40 02:57.695,75 04:04.104,1545, ,1538, ,0, , , ,3, , , , , ,564616, , , ,2,1,0,0,0,0,0,1,0,0,0,0,3,3,0,0,0,0,0,0,1,0,0,0,0,0,0,0,0,0,0,0,0,0,0,8,0,40.0494,-75.0678, , 
 ,48726,2013106756,6,67,67301,2013,9,3,1928,19,3,1,0,4,1, , ,N,1,3,0,3,0,1,2,2,N,N,40 01:17.857,75 09:54.435,1935, ,1931,1,2,5,N, ,3,Y, , , , ,564622, , , ,1,0,0,0,0,0,1,0,1,0,0,1,1,0,1,0,0,0,0,0,0,0,0,0,0,0,0,0,0,0,0,0,0,0,0,4,0,40.0216,-75.1651, , 
 ,48727,2013070383,6,67,67301,2013,6,4,1110,11,1,1,0,7,5, , ,N,0,0,0,3,1,0,1,1,N,N,40 03:12.898,75 01:55.948,1125, ,1116, ,0, ,N,0,0, , , , , ,564663, , , ,1,1,0,0,0,0,0,0,0,0,0,0,0,0,0,0,0,0,0,0,0,0,1,1,1,0,0,0,0,0,0,0,0,0,0,1,0,40.0536,-75.0322,2, 
 ,48728,2013074754,6,67,67301,2013,6,1,655,6,1,1,0,4,1, , ,N,1,2,0,3,0,3,4,4,N, ,39 57:00.719,75 09:31.120,745, ,740,3,2,3, , ,3,Y, , , , ,564670, , , ,2,1,0,0,0,0,1,0,0,0,0,0,3,3,0,0,0,0,0,0,0,0,0,0,0,0,0,0,0,0,0,0,2,0,0,8,0,39.9502,-75.1586, , 
 ,48729,2013080003,6,67,67301,2013,7,7,9999,99,1,1,0,5,1, , ,N,0,0,0,3,0,1,1,4,N,N,39 55:45.519,75 14:32.535,1048, ,1042, ,0, ,N, ,0, , , , , ,564676, , , ,4,3,0,0,0,0,1,0,0,0,1,0,1,0,0,0,0,0,0,0,0,0,0,0,0,0,0,0,0,0,0,0,0,0,0,3,0,39.9293,-75.2424, , 
 ,48730,2013062975,6,67,67301,2013,6,3,900,9,1,1,0,1,1, , ,N,0,0,0,3,0,0,2,2,N,N,39 57:31.233,75 10:09.296,915, ,900, ,0, ,N, ,0, , , , , ,564696, , , ,2,2,0,0,0,0,0,0,0,0,0,0,0,0,2,0,0,0,0,0,0,0,0,0,0,0,0,0,0,0,0,0,0,0,0,9,0,39.9587,-75.1692, , 
 ,48731,2013077441,6,67,67301,2013,7,6,2245,22,3,1,0,8,6, , ,N,0,0,0,3,0,1,2,2,N,N,40 01:37.750,75 08:36.769,35, ,25, ,0, ,N, ,0, , , , , ,564698, , , ,1,0,0,0,1,0,0,0,0,0,1,0,1,0,0,0,0,0,0,0,0,0,0,0,0,0,0,0,0,0,0,0,1,0,0,3,0,40.0272,-75.1435, , 
 ,48732,2013086265,6,67,67301,2013,7,7,9999,99,1,1,1,1,1, , ,N,1,2,0,3,0,1,2,2,N, ,40 03:23.018,75 01:08.607,1700, ,1656, ,0, , , ,3, , , , , ,564710, , , ,2,2,0,0,0,0,0,0,0,0,0,1,1,0,0,0,0,0,0,0,1,0,0,1,0,0,0,0,0,0,0,0,0,0,0,4,0,40.0564,-75.0191, , 
 ,48733,2013074734,6,67,67301,2013,6,7,1750,17,1,1,0,4,1, , ,N,1,2,0,3,0,0,5,2,N,N,39 55:38.651,75 08:42.007,1752, ,1752,1,1,2,N, ,3,N, , , , ,564739, , , ,2,2,0,0,0,0,0,0,0,0,0,0,0,0,0,0,0,0,0,0,0,0,0,0,0,0,0,0,0,0,0,0,0,0,0,0,0,39.9273,-75.1448, , 
 ,48734,2013086878,6,67,67301,2013,8,6,1247,12,1,1,0,8,1, , ,N,1,2,0,3,0,1,2,2,N,N,39 55:28.412,75 13:59.232,1319, ,1315, ,0, ,N, ,3, , , , , ,558712, , , ,1,1,0,0,0,0,0,0,0,0,0,1,1,0,0,0,0,0,0,0,1,0,0,0,0,0,0,0,0,0,0,0,1,0,0,4,0,39.9246,-75.2331, , 
 ,48735,2013050465,6,67,67301,2013,4,1,314,3,3,1,0,7,4, , ,N,0,0,0,3,0,0,1,1,N,N,39 57:47.540,75 08:21.167,321, ,317,1,1,2,N, ,0,N, , , , ,558715, , , ,1,1,0,0,0,0,0,0,0,0,0,0,0,0,1,0,0,0,0,0,0,0,0,0,0,0,0,0,0,0,0,0,0,0,0,9,0,39.9632,-75.1392, , 
 ,48736,2013012120,6,67,67301,2013,1,5,931,9,1,1,0,6,1, , ,N,0,0,0,3,0,1,3,3,N,N,40 00:34.622,75 03:50.490,1012, ,1011, ,0, ,N, ,0, , , , , ,558724, , , ,3,2,0,0,0,1,0,0,0,0,0,0,1,1,1,0,0,0,0,0,1,0,1,0,0,0,0,0,0,0,0,0,0,0,0,8,1,40.0096,-75.064, , 
 ,48737,2013016170,6,67,67301,2013,1,3,1600,16,1,1,0,2,1, , ,N,1,2,0,3,0,0,2,2,N, ,39 53:51.964,75 15:06.973,1640, ,1622, ,0, , , ,3, , , , , ,558728, , , ,2,0,0,0,0,0,1,1,0,0,0,0,0,0,1,0,0,0,0,0,0,0,0,0,0,0,0,0,0,0,0,0,0,0,0,9,0,39.8978,-75.2519, , 
 ,48738,2013047358,6,67,67301,2013,4,3,800,8,1,1,0,4,1, , ,N,1,2,0,3,0,1,2,2,N,N,39 56:18.878,75 11:54.439,809, ,809, ,0, ,N, ,3, , , , , ,558749, , , ,2,2,0,0,0,0,0,0,0,0,1,0,1,0,0,0,0,0,0,0,0,0,0,1,0,0,0,0,0,0,0,0,0,0,0,3,0,39.9386,-75.1985, , 
 ,48739,2013047361,6,67,67301,2013,4,3,1715,17,1,1,0,8,1, , ,N,1,3,0,3,0,1,2,2,N,N,40 01:37.297,75 07:50.285,9999, ,1715, ,0, ,N, ,3, , , , , ,558750, , , ,1,1,0,0,0,0,0,0,0,0,0,1,1,0,0,0,0,0,0,0,0,0,0,1,0,0,0,0,0,0,0,0,1,0,0,4,0,40.027,-75.1306, , 
 ,48740,2013052136,6,67,67301,2013,5,7,1803,18,1,2,1,7,4, , ,N,7,0,2,3,0,0,1,1,N,N,39 58:06.081,75 07:46.720,1806, ,1805, ,0, ,N, ,0, , , , , ,558755, , , ,1,0,0,0,0,0,1,0,0,0,0,0,0,0,0,0,0,0,0,0,0,0,0,0,0,0,0,0,0,0,0,0,0,0,0,0,0,39.9684,-75.1296, , 
 ,48741,2013062521,6,67,67301,2013,4,7,1300,13,1,1,0,4,1, , ,N,1,2,0,3,0,1,2,2,N, ,39 59:29.442,75 08:10.101,1345, ,1306, ,0, , , ,3, , , , , ,558766, , , ,2,2,0,0,0,0,0,0,0,0,0,1,1,0,0,0,0,0,0,0,1,0,1,0,0,0,0,0,0,0,0,0,0,0,0,4,0,39.9915,-75.1361, , 
 ,48742,2013095962,6,67,67301,2013,8,6,1320,13,1,1,0,6,1, , ,N,0,0,7,3,0,1,2,2,N,N,39 57:13.420,75 12:32.893,1335, ,1325,1,1,4,N, ,0,Y, , , , ,558795, , , ,2,2,0,0,0,0,0,0,0,0,0,1,1,0,0,0,0,0,0,0,0,0,0,0,0,0,0,0,0,0,0,0,0,0,0,4,0,39.9537,-75.2091, , 
 ,48743,2013101776,6,67,67301,2013,9,7,2100,21,3,1,0,4,1, , ,N,2,3,0,3,0,1,2,2,N,N,40 04:21.086,75 10:57.871,2112, ,2108, ,0, ,N, ,3, , , , , ,558802, , , ,2,1,0,0,0,0,0,1,0,0,0,1,1,0,0,0,0,0,0,0,0,0,0,0,0,0,0,0,0,0,0,0,0,0,0,4,0,40.0725,-75.1827, , 
 ,48744,2013106770,6,67,67301,2013,9,5,1613,16,1,1,0,4,1, , ,N,1,2,0,3,0,2,3,2,N,N,40 02:25.699,75 02:50.737,1700, ,1648, ,0, ,N, ,3, , , , , ,558810, , , ,2,2,0,0,0,0,0,0,0,0,1,0,2,1,0,0,0,1,0,0,1,0,0,0,0,0,0,0,0,0,0,0,0,0,0,3,0,40.0405,-75.0474, , 
 ,48745,2013055439,6,67,67301,2013,5,6,2242,22,3,1,0,1,1, , ,N,1,2,0,3,0,2,4,2,N,N,40 02:17.558,75 11:24.246,2317, ,2307, ,0, ,N, ,3, , , , , ,558811, , , ,2,2,0,0,0,0,0,0,0,0,0,2,2,0,0,0,0,0,0,0,0,0,0,0,0,0,0,0,0,0,0,0,0,0,0,4,0,40.0382,-75.1901, , 
 ,48746,2013055892,6,67,67301,2013,5,1,9999,99,1,1,0,4,1, , ,N,1,2,0,3,0,3,5,2,N,N,40 01:44.500,75 08:46.197,9999, ,9999,2,1,2,N, ,3,N, , , , ,558812, , , ,2,1,0,0,0,0,0,1,0,0,0,3,3,0,0,0,0,0,0,0,0,0,0,2,0,0,0,0,0,0,0,0,0,0,0,4,0,40.029,-75.1462, , 
 ,48747,2013103310,6,67,67301,2013,10,4,43,0,3,1,0,8,1, , ,N,1,2,0,3,0,1,2,2,N,N,40 00:27.560,75 09:05.322,46, ,43, ,0, ,N, ,3, , , , , ,558845, , , ,1,1,0,0,0,0,0,0,0,0,0,0,1,1,0,0,0,0,0,0,0,0,0,0,0,0,0,0,0,0,0,0,1,0,0,8,0,40.0077,-75.1515, , 
 ,48748,2013111749,6,67,67301,2013,10,7,331,3,3,1,0,7,5, , ,N,2,0,0,3,0,0,3,1,N,N,40 00:22.658,75 08:56.353,335, ,332, ,0, ,N, ,0, , , , , ,558853, , , ,1,1,0,0,0,0,0,0,0,0,0,0,0,0,0,0,0,0,0,0,0,0,0,0,0,0,0,0,0,0,0,0,0,0,0,0,0,40.0063,-75.149, , 
 ,48749,2013063318,6,67,67301,2013,6,5,1646,16,1,1,0,5,1, , ,N,0,0,0,3,0,2,4,2,N,N,40 03:11.675,74 59:10.864,1651, ,1647,2,2,1,Y, ,0,N, , , , ,558865, , , ,2,1,0,0,1,0,0,0,0,0,0,1,2,1,0,0,0,0,0,0,0,0,0,0,0,0,0,0,0,0,0,0,0,0,0,4,0,40.0532,-74.9864, , 
 ,48750,2013079457,6,67,67301,2013,7,7,312,3,3,1,0,1,1, , ,N,0,0,0,3,0,0,1,3,N,N,40 02:31.230,75 13:33.176,315, ,313, ,0, ,N, ,0, , , , , ,558877, , , ,3,2,0,0,0,0,1,0,0,0,0,0,0,0,0,0,0,0,0,0,0,0,0,0,0,0,0,0,0,0,0,0,0,0,0,0,0,40.042,-75.2259, , 
 ,48751,2013084017,6,67,67301,2013,7,5,1405,14,1,1,0,2,1, , ,N,2,2,0,3,0,2,2,2,N,N,40 04:57.225,75 02:26.171,1418, ,1417,1,1,1,N, ,3,N, , , , ,558884, , , ,2,2,0,0,0,0,0,0,0,0,2,0,2,0,0,0,0,0,0,0,1,0,0,0,0,0,0,0,0,0,0,0,0,0,0,3,0,40.0825,-75.0405, , 
 ,48752,2013066789,6,67,67301,2013,1,5,1300,13,1,1,0,9,1, , ,N,2,3,0,3,0,1,3,2,N,N,39 57:50.320,75 08:43.238,0, ,0, ,0, ,N, ,3, , , , , ,561661, , , ,2,1,0,0,1,0,0,0,0,0,0,0,1,1,2,0,0,0,0,0,2,0,0,0,0,0,0,0,0,0,0,0,0,0,0,8,0,39.964,-75.1453, , 
 ,48753,2013070062,6,67,67301,2013,5,7,938,9,1,1,0,4,1, , ,N,0,0,7,3,0,0,3,3,N, ,40 05:19.875,74 58:09.971,950, ,945, ,0, , , ,0, , , , , ,561669, , , ,2,1,0,0,0,0,0,1,0,0,0,0,0,0,0,0,0,0,0,0,0,0,0,0,0,0,0,0,0,0,0,0,0,0,0,0,0,40.0889,-74.9694, , 
 ,48754,2013070513,6,67,67301,2013,5,6,1858,18,1,1,0,4,1, , ,N,2,0,0,3,0,1,2,2,N,N,40 01:30.457,75 08:02.698,1905, ,1858, ,0, ,N, ,0, , , , , ,561670, , , ,1,1,0,0,0,0,0,0,1,0,1,0,1,0,0,0,0,0,0,0,0,0,0,0,0,0,0,0,0,0,0,0,0,0,0,3,0,40.0251,-75.1341, , 
 ,48755,2013086198,6,67,67301,2013,7,2,1318,13,1,1,0,1,1, , ,N,0,0,0,3,0,2,2,2,N,N,40 04:03.410,75 01:03.280,1342, ,1337, ,0, , , ,0, , , , , ,561679, , , ,2,2,0,0,0,0,0,0,0,0,1,0,2,1,0,0,0,0,0,0,0,0,0,2,0,0,0,0,0,0,0,0,0,0,0,3,0,40.0676,-75.0176, , 
 ,48756,2013055462,6,67,67301,2013,5,1,1405,14,1,1,0,4,1, , ,N,1,2,0,3,0,1,2,2,N,N,39 57:47.719,75 11:18.597,1416, ,1411, ,0, ,N, ,3, , , , , ,561703, , , ,1,1,0,0,0,0,0,0,1,0,1,0,1,0,0,0,0,0,0,0,1,0,0,0,0,0,0,0,0,0,0,0,0,0,0,3,0,39.9633,-75.1885, , 
 ,48757,2013067497,6,67,67301,2013,6,6,1650,16,1,2,1,5,1, , ,N,0,0,0,3,0,1,4,4,N,N,39 58:07.537,75 07:42.097,1707, ,1657,1,1,2,N, ,0,N, , , , ,561707, , , ,4,1,0,0,0,0,1,2,0,0,0,0,1,1,0,0,0,0,0,0,1,1,0,0,0,0,0,0,0,0,0,0,0,0,0,8,0,39.9688,-75.1284, , 
 ,48758,2013070487,6,46,46102,2013,6,6,1418,14,1,1,0,4,1, , ,N,0,0,7,3,0,1,4,2,N,N,40 04:25.361,75 09:27.718,1514, ,1507, ,0, ,N, ,0, , , , , ,561709, , , ,2,0,0,0,0,0,2,0,0,0,0,1,1,0,0,0,0,0,0,0,1,0,0,0,0,0,0,0,0,0,0,0,0,0,0,4,0,40.0737,-75.1576, , 
 ,48759,2013077383,6,67,67301,2013,7,7,2244,22,3,1,0,8,3, , ,N,0,0,0,3,0,1,2,2,N,N,40 01:44.051,75 09:47.424,1129, ,2244, ,0, ,N, ,0, , , , , ,561720, , , ,1,0,0,0,0,0,0,1,0,0,0,1,1,0,1,0,0,0,0,0,0,0,0,0,0,0,0,0,0,0,0,0,1,0,0,4,0,40.0289,-75.1632, , 
 ,48760,2013066825,6,67,67301,2013,3,2,1530,15,1,2,1,5,1, , ,N,0,0,0,3,0,1,2,2,N,N,40 00:07.053,75 09:10.245,0, ,0, ,0, ,N, ,0, , , , , ,561752, , , ,2,0,0,0,0,1,0,1,0,0,0,0,1,1,0,0,0,0,0,0,0,0,0,1,0,0,0,0,0,0,0,0,0,0,0,8,1,40.002,-75.1528, , 
 ,48761,2013106662,6,67,67301,2013,10,5,9999,99,1,1,0,4,1, , ,N,1,2,0,3,0,1,3,2,N,N,40 01:04.383,75 04:57.342,1546, ,1538,2,2,4,N, ,3,Y, , , , ,561788, , , ,2,0,1,0,0,0,1,0,0,0,0,0,1,1,0,0,0,0,0,0,0,0,0,0,0,0,0,0,0,0,0,0,0,0,0,8,0,40.0179,-75.0826, , 
 ,48762,2013061073,6,67,67301,2013,6,1,412,4,3,1,1,7,2, , ,N,0,0,0,3,0,1,2,2,N,N,39 58:54.163,75 12:26.377,420, ,414, ,0, ,N, ,0, , , , , ,561798, , , ,2,2,0,0,0,0,0,0,0,0,0,0,1,1,0,0,0,0,0,0,1,0,0,0,0,0,0,0,0,0,0,0,0,0,0,8,0,39.9817,-75.2073, , 
 ,48763,2013065506,6,67,67301,2013,5,5,2358,23,3,1,0,4,1, , ,N,1,2,0,3,0,1,2,2,N, ,39 57:19.425,75 09:21.185,30, ,25, ,0, , , ,3, , , , , ,561804, , , ,2,2,0,0,0,0,0,0,0,0,0,1,1,0,0,0,0,0,0,1,1,0,0,0,0,0,0,0,0,0,0,0,0,0,0,4,0,39.9554,-75.1559, , 
 ,48764,2013070280,6,67,67301,2013,6,5,1640,16,1,1,0,5,6, , ,N,0,0,0,3,0,1,2,2,N,N,39 57:28.916,75 14:15.205,1913, ,1913, ,0, ,N, ,0, , , , , ,561811, , , ,2,1,0,0,0,0,0,1,0,0,0,0,1,1,0,0,0,0,0,0,1,0,0,0,0,0,0,0,0,0,0,0,0,0,0,8,0,39.958,-75.2376, , 
 ,48765,2013079523,6,67,67301,2013,7,4,137,1,3,1,0,4,1, , ,N,5,2,0,3,0,0,2,2,N,N,39 57:31.435,75 09:18.489,143, ,141, ,0, ,N, ,3, , , , , ,561824, , , ,2,2,0,0,0,0,0,0,0,0,0,0,0,0,1,0,0,0,0,0,0,0,0,0,0,0,0,0,0,0,0,0,0,0,0,9,0,39.9587,-75.1551, , 
 ,48766,2013079582,6,67,67301,2013,7,6,1608,16,1,1,0,8,1, , ,N,0,0,0,3,0,1,2,2,N, ,40 03:04.537,75 05:38.327,1612, ,1608, ,0, , , ,0, , , , , ,561825, , , ,1,1,0,0,0,0,0,0,0,0,0,0,1,1,0,0,0,0,0,0,1,0,0,0,0,0,0,0,0,0,0,0,1,0,0,8,0,40.0513,-75.094, , 