wz_ln_closure,objectid_1,crn,district,county,municipality,crash_year,crash_month,day_of_week,time_of_day,hour_of_day,illumination,weather,road_condition,collision_type,relation_to_road,work_zone_type,work_zone_loc,work_zone_ind,intersect_type,tcd_type,location_type,urban_rural,fatal_count,injury_count,person_count,total_units,sch_bus_ind,sch_zone_ind,latitude,longitude,arrival_tm,cons_zone_spd_lim,dispatch_tm,est_hrs_closed,lane_closed,ln_close_dir,ntfy_hiwy_maint,spec_juris_cd,tcd_func_cd,tfc_detour_ind,workers_pres,wz_close_detour,wz_flagger,wz_law_offcr_ind,objectid,wz_moving,wz_other,wz_shlder_mdn,vehicle_count,automobile_count,motorcycle_count,bus_count,small_truck_count,heavy_truck_count,suv_count,van_count,bicycle_count,maj_inj_count,mod_inj_count,min_inj_count,tot_inj_count,unk_inj_deg_count,unk_inj_per_count,driver_count_16yr,driver_count_17yr,driver_count_18yr,driver_count_19yr,driver_count_20yr,driver_count_50_64yr,driver_count_65_74yr,driver_count_75plus,unbelted_occ_count,unb_death_count,unb_maj_inj_count,belted_death_count,belted_maj_inj_count,mcycle_death_count,mcycle_maj_inj_count,bicycle_death_count,bicycle_maj_inj_count,ped_count,ped_death_count,ped_maj_inj_count,max_severity_level,comm_veh_count,dec_lat,dec_long,rdwy_surf_type_cd,county_name
 ,48833,2013055451,6,67,67301,2013,5,4,2220,22,3,2,1,8,1, , ,N,2,3,0,3,0,1,2,2,N, ,39 57:41.943,75 10:24.095,2225, ,2225, ,0, , , ,3, , , , , ,561892, , , ,1,0,0,0,1,0,0,0,0,0,1,0,1,0,0,0,0,0,0,0,1,0,0,0,0,0,0,0,0,0,0,0,1,0,0,3,0,39.9617,-75.1734, , 
 ,48834,2013074900,6,67,67301,2013,7,2,1946,19,1,1,0,1,1, , ,N,7,0,0,3,0,2,3,2,N,N,40 00:31.674,75 12:17.709,1946, ,1946, ,0, ,N, ,0, , , , , ,561907, , , ,2,2,0,0,0,0,0,0,0,0,0,0,2,2,0,0,0,0,0,0,1,0,0,0,0,0,0,0,0,0,0,0,0,0,0,8,0,40.0088,-75.2049, , 
 ,48835,2013079572,6,67,67301,2013,7,3,17,0,3,1,0,1,1, , ,N,2,2,0,3,0,1,2,2,N,N,40 01:56.126,75 04:52.787,25, ,20, ,0, , , ,3, , , , , ,561912, , , ,2,1,0,0,1,0,0,0,0,0,0,0,1,1,1,0,0,0,0,0,0,0,0,0,0,0,0,0,0,0,0,0,0,0,0,8,0,40.0323,-75.0813, , 
 ,48836,2013093178,6,67,67301,2013,8,3,1520,15,1,1,0,4,1, , ,N,1,2,0,3,0,1,2,2,N,N,39 55:05.344,75 10:15.986,1555, ,1550, ,0, ,N, ,3, , , , , ,561928, , , ,1,1,0,0,0,0,0,0,1,0,1,0,1,0,0,0,0,0,0,0,0,0,0,0,0,0,0,0,0,0,0,0,0,0,0,3,0,39.9181,-75.171, , 
N,48837,2013095320,6,67,67301,2013,9,1,1808,18,1,1,0,1,1,1,4,Y,0,0,0,3,0,0,4,2,N,N,39 58:00.028,75 08:06.745,1813,45,1808,1,2,2,N, ,0,N,N,N,N,N,561933,N,Y,N,2,1,0,0,1,0,0,0,0,0,0,0,0,0,0,0,0,0,0,0,1,0,0,0,0,0,0,0,0,0,0,0,0,0,0,0,0,39.9667,-75.1352, , 
 ,48838,2013096040,6,67,67301,2013,8,7,1256,12,1,1,0,4,1, , ,N,1,2,0,3,0,2,3,2,N,N,39 55:05.909,75 12:31.911,1313, ,1310,1,1,4,N, ,3,N, , , , ,561934, , , ,2,2,0,0,0,0,0,0,0,0,0,2,2,0,0,0,0,0,0,0,0,0,0,0,0,0,0,0,0,0,0,0,0,0,0,4,0,39.9181,-75.2097, , 
 ,48839,2013063436,6,67,67301,2013,5,3,9999,99,1,2,1,4,1, , ,N,1,3,0,3,0,2,4,2,N,N,39 58:41.556,75 09:55.328,1633, ,1630, ,0, ,N, ,3, , , , , ,561949, , , ,2,0,0,0,1,0,0,1,0,0,0,0,2,2,0,0,0,0,0,0,1,0,0,0,0,0,0,0,0,0,0,0,0,0,0,8,0,39.9782,-75.1654, , 
 ,48840,2013065570,6,67,67301,2013,5,7,111,1,3,1,0,1,1, , ,N,1,2,0,3,0,1,2,2,N,N,39 54:14.619,75 14:25.049,247, ,247, ,0, , , ,3, , , , , ,561952, , , ,2,2,0,0,0,0,0,0,0,0,1,0,1,0,1,0,0,0,0,0,0,0,0,0,0,0,0,0,0,0,0,0,0,0,0,3,0,39.904,-75.2401, , 
 ,48841,2013086248,6,67,67301,2013,8,3,1156,11,1,1,0,4,1, , ,N,1,3,0,3,0,1,2,2,N,N,40 03:30.253,75 02:34.859,1208, ,1205, ,0, ,N, ,3, , , , , ,561969, , , ,2,2,0,0,0,0,0,0,0,0,0,0,1,1,0,0,0,0,0,1,0,0,1,0,0,0,0,0,0,0,0,0,0,0,0,8,0,40.0584,-75.043, , 
 ,48842,2013088213,6,67,67301,2013,8,4,1346,13,1,1,0,1,1, , ,N,0,0,0,3,0,3,4,3,N,N,40 00:04.133,75 11:40.823,1346, ,1346,2,2,4,N, ,0,N, , , , ,561973, , , ,3,0,0,0,1,1,1,0,0,0,3,0,3,0,0,0,0,0,0,0,0,0,1,1,0,0,0,0,0,0,0,0,0,0,0,3,2,40.0011,-75.1947, , 
 ,48843,2013063319,6,67,67301,2013,6,6,540,5,1,1,1,4,1, , ,N,0,0,0,3,0,1,2,2,N,N,39 58:54.163,75 12:26.377,542, ,541, ,0, ,N, ,0, , , , , ,567487, , , ,2,0,0,0,0,0,1,1,0,0,0,1,1,0,0,0,0,0,0,0,1,0,0,0,0,0,0,0,0,0,0,0,0,0,0,4,0,39.9817,-75.2073, , 
 ,48844,2013026269,6,67,67301,2013,2,6,650,6,1,1,0,1,1, , ,N,0,0,0,3,0,1,3,2,N,N,39 58:53.721,75 06:07.997,650, ,650, ,0, ,N, ,0, , , , , ,567501, , , ,2,1,0,0,1,0,0,0,0,0,0,0,1,1,0,0,0,0,0,0,0,0,0,0,0,0,0,0,0,0,0,0,0,0,0,8,0,39.9816,-75.1022, , 
 ,48845,2013041288,6,67,67301,2013,3,5,1430,14,1,1,0,8,6, , ,N,0,0,0,3,0,1,2,2,N,N,39 57:10.047,75 09:30.177,1920, ,1907, ,0, ,N, ,0, , , , , ,567516, , , ,1,0,0,0,0,0,0,1,0,0,0,0,1,1,0,0,0,0,0,0,0,0,0,0,0,0,0,0,0,0,0,0,1,0,0,8,0,39.9528,-75.1584, , 
 ,48846,2013055384,6,67,67301,2013,5,3,1015,10,1,1,0,1,2, , ,N,0,0,0,3,0,1,2,2,N, ,40 01:53.734,75 04:22.618,1023, ,1020, ,0, , , ,0, , , , , ,567522, , , ,2,2,0,0,0,0,0,0,0,0,0,1,1,0,0,0,0,0,0,0,1,0,0,2,0,0,0,0,0,0,0,0,0,0,0,4,0,40.0316,-75.0729, , 
 ,48847,2013070157,6,67,67301,2013,6,2,1319,13,1,1,0,7,5, , ,N,0,0,0,3,0,1,1,1,N,N,39 57:17.443,75 10:58.781,1319, ,1319, ,0, ,N, ,0, , , , , ,567540, , , ,1,1,0,0,0,0,0,0,0,0,0,1,1,0,0,0,0,0,0,0,1,0,0,0,0,0,0,0,0,0,0,0,0,0,0,4,0,39.9548,-75.183, , 
 ,48848,2013077514,6,67,67301,2013,6,5,2145,21,3,1,0,4,1, , ,N,1,3,0,3,0,2,3,2,N,N,40 01:37.128,75 05:09.567,9999, ,9999, ,0, , , ,3, , , , , ,567551, , , ,2,1,0,1,0,0,0,0,0,0,2,0,2,0,0,0,0,0,0,0,0,0,0,0,0,0,0,0,0,0,0,0,0,0,0,3,1,40.027,-75.086, , 
 ,48849,2013079500,6,67,67301,2013,7,3,1532,15,1,1,0,6,1, , ,N,1,1,0,3,0,0,2,2,N,N,40 00:36.435,75 07:17.178,1546, ,1545, ,0, ,N, ,3, , , , , ,567553, , , ,2,0,0,0,0,1,0,1,0,0,0,0,0,0,0,0,0,0,0,0,2,0,0,0,0,0,0,0,0,0,0,0,0,0,0,0,1,40.0101,-75.1214, , 
 ,48850,2013080014,6,67,67301,2013,7,3,1835,18,1,1,0,1,6, , ,N,0,0,0,3,0,1,1,3,N,N,40 00:29.320,75 08:25.550,9999, ,9999, ,0, , , ,0, , , , , ,567554, , , ,3,2,0,0,0,0,1,0,0,0,0,0,1,1,0,0,0,0,0,0,0,0,0,1,0,0,0,0,0,0,0,0,0,0,0,8,0,40.0081,-75.1404, , 
 ,48851,2013080427,6,67,67301,2013,7,5,510,5,5,1,0,7,5, , ,N,0,0,1,3,0,1,1,1,N,N,39 54:17.400,75 11:37.301,516, ,512, ,0, ,Y, ,0, , , , , ,567555, , , ,1,0,0,0,0,0,1,0,0,0,0,0,1,1,0,0,0,0,0,0,0,0,0,0,0,0,0,0,0,0,0,0,0,0,0,8,0,39.9048,-75.1937, , 
 ,48852,2013093181,6,67,67301,2013,8,2,9999,99,3,1,0,1,1, , ,N,0,2,0,3,0,1,2,2,N,N,39 55:16.937,75 11:30.496,340, ,337,3,1,3,N, ,3,N, , , , ,567568, , , ,2,0,0,0,0,2,0,0,0,0,0,0,1,1,0,0,0,0,0,0,0,0,0,0,0,0,0,0,0,0,0,0,0,0,0,8,1,39.9214,-75.1918, , 
 ,48853,2013070229,6,67,67301,2013,6,6,1009,10,1,2,1,5,1, , ,N,0,0,0,3,0,0,1,4,N,Y,40 00:50.022,75 10:09.891,1010, ,1009, ,0, , , ,0, , , , , ,567584, , , ,4,4,0,0,0,0,0,0,0,0,0,0,0,0,0,0,0,0,0,0,0,0,0,0,0,0,0,0,0,0,0,0,0,0,0,0,0,40.0139,-75.1694, , 
 ,48854,2013070462,6,67,67301,2013,6,7,2204,22,3,1,0,8,1, , ,N,0,0,0,3,0,1,2,2,N,N,39 57:15.494,75 14:43.008,2310, ,2304, ,0, ,N, ,0, , , , , ,567585, , , ,1,1,0,0,0,0,0,0,0,0,0,0,1,1,0,0,0,0,0,0,0,0,0,0,0,0,0,0,0,0,0,0,1,0,0,8,0,39.9543,-75.2453, , 
 ,48855,2013065358,6,67,67301,2013,5,6,1520,15,1,1,0,4,1, , ,N,1,3,0,3,0,1,3,2,N,N,39 57:46.836,75 09:30.286,1530, ,1528, ,0, ,N, ,3, , , , , ,567590, , , ,2,2,0,0,0,0,0,0,0,0,0,1,1,0,0,0,0,0,0,0,0,0,0,0,0,0,0,0,0,0,0,0,0,0,0,4,0,39.963,-75.1584, , 
 ,48856,2013070283,6,67,67301,2013,6,2,715,7,1,1,0,1,1, , ,N,0,0,0,3,0,0,6,4,N,N,39 58:54.280,75 11:18.878,729, ,729, ,0, ,N, ,0, , , , , ,567594, , , ,4,3,0,0,0,0,0,1,0,0,0,0,0,0,0,0,0,0,0,0,1,0,0,0,0,0,0,0,0,0,0,0,0,0,0,0,0,39.9817,-75.1886, , 
 ,48857,2013070926,6,67,67301,2013,6,2,745,7,1,1,0,6,1, , ,N,1,2,0,3,0,1,2,2,N,N,40 06:18.581,75 01:58.245,805, ,800, ,0, ,N, ,3, , , , , ,567595, , , ,2,1,0,0,0,0,1,0,0,0,0,1,1,0,0,0,0,0,0,0,1,0,0,0,0,0,0,0,0,0,0,0,0,0,0,4,0,40.1052,-75.0328, , 
 ,48858,2013074657,6,67,67301,2013,6,5,1055,10,1,1,0,4,1, , ,N,1,2,0,3,0,3,3,2,N,N,40 00:38.883,75 06:07.963,1115, ,1110,1,1,4,N, ,3,N, , , , ,567600, , , ,2,2,0,0,0,0,0,0,0,0,0,0,3,3,0,0,0,0,1,0,1,0,0,0,0,0,0,0,0,0,0,0,0,0,0,8,0,40.0108,-75.1022, , 
 ,48859,2013096132,6,67,67301,2013,8,6,2104,21,3,1,0,5,6, , ,N,0,0,0,3,0,0,1,5,N,N,39 57:08.614,75 12:29.748,2106, ,2104, ,0, , , ,0, , , , , ,567613, , , ,5,5,0,0,0,0,0,0,0,0,0,0,0,0,0,0,0,0,0,0,1,0,0,0,0,0,0,0,0,0,0,0,0,0,0,0,0,39.9524,-75.2083, , 
 ,48860,2013103970,6,67,67301,2013,9,4,114,1,3,1,0,7,2, , ,N,0,0,0,3,0,1,1,1,N,N,39 58:12.402,75 11:21.607,117, ,116, ,0, ,Y, ,0, , , , , ,567618, , , ,1,1,0,0,0,0,0,0,0,0,0,1,1,0,0,0,0,0,0,0,0,0,0,0,0,0,0,0,0,0,0,0,0,0,0,4,0,39.9701,-75.1893, , 
 ,48861,2013070306,6,67,67301,2013,6,2,9999,99,1,2,1,4,1, , ,N,1,3,0,3,0,2,2,2,N, ,39 56:20.835,75 11:06.525,910, ,908, ,0, , , ,3, , , , , ,567631, , , ,2,2,0,0,0,0,0,0,0,0,0,0,2,2,0,0,0,0,0,0,1,0,0,0,0,0,0,0,0,0,0,0,0,0,0,8,0,39.9391,-75.1851, , 
 ,48862,2013096432,6,67,67301,2013,8,1,700,7,1,1,0,4,1, , ,N,1,3,0,3,0,2,3,2,N,N,39 59:47.640,75 10:43.234,746, ,741, ,0, , , ,3, , , , , ,564965, , , ,2,2,0,0,0,0,0,0,0,0,0,0,2,2,0,0,0,0,0,0,1,0,0,0,0,0,0,0,0,0,0,0,0,0,0,8,0,39.9966,-75.1787, , 
 ,48863,2013101225,6,67,67301,2013,9,4,2316,23,3,1,0,2,6, , ,N,0,0,0,3,0,1,1,2,N, ,39 56:40.504,75 14:37.571,2320, ,2319,1,2,6, , ,0,Y, , , , ,564971, , , ,2,2,0,0,0,0,0,0,0,0,0,0,1,1,0,0,0,0,0,0,0,0,0,0,0,0,0,0,0,0,0,0,0,0,0,8,0,39.9446,-75.2438, , 
 ,48864,2013065432,6,67,67301,2013,5,3,1055,10,1,1,0,5,1, , ,N,1,0,0,3,0,1,2,2,N,N,40 02:39.757,75 13:04.166,1109, ,1104, ,0, ,N, ,0, , , , , ,564980, , , ,2,2,0,0,0,0,0,0,0,0,0,0,1,1,0,0,0,0,0,1,0,0,0,0,0,0,0,0,0,0,0,0,0,0,0,8,0,40.0446,-75.2177, , 
 ,48865,2013070109,6,67,67301,2013,6,7,1500,15,1,1,0,4,1, , ,N,1,2,0,3,0,2,3,2,N,N,40 00:29.434,75 08:33.954,1500, ,1500, ,0, ,N, ,3, , , , , ,564984, , , ,2,1,1,0,0,0,0,0,0,0,1,1,2,0,0,0,0,0,0,0,1,0,0,0,0,0,0,0,0,0,0,0,0,0,0,3,0,40.0082,-75.1428, , 
 ,48866,2013065502,6,67,67301,2013,5,6,2355,23,3,2,1,7,3, , ,N,0,0,0,3,0,0,1,2,N,N,40 00:59.157,75 10:31.005,8, ,1, ,0, ,N, ,0, , , , , ,564989, , , ,1,1,0,0,0,0,0,0,0,0,0,0,0,0,0,0,0,0,0,0,0,0,0,0,0,0,0,0,0,0,0,0,0,0,0,0,0,40.0163,-75.1755, , 
 ,48867,2013080060,6,67,67301,2013,7,2,2102,21,3,1,0,4,1, , ,N,1,2,0,3,0,1,2,2,N, ,40 02:12.235,75 03:52.193,2104, ,2103,9,1,3, , ,3,N, , , , ,565003, , , ,1,0,0,0,0,0,1,0,1,0,0,0,1,1,0,0,0,0,0,0,0,0,0,0,0,0,0,0,0,0,0,0,0,0,0,8,0,40.0367,-75.0645, , 
 ,48868,2013101064,6,67,67301,2013,9,7,1842,18,1,1,0,1,1, , ,N,0,2,0,3,0,0,2,2,N,N,40 06:49.402,75 00:17.686,1900, ,1853, ,0, ,N, ,3, , , , , ,565022, , , ,2,1,0,0,0,0,1,0,0,0,0,0,0,0,0,0,1,0,0,0,0,0,0,0,0,0,0,0,0,0,0,0,0,0,0,0,0,40.1137,-75.0049, , 
 ,48869,2013101068,6,67,67301,2013,9,7,1325,13,1,1,0,2,6, , ,N,0,0,0,3,0,1,3,3,N,N,39 57:49.474,75 09:58.651,1337, ,1333, ,0, ,N, ,0, , , , , ,565023, , , ,3,2,0,0,0,0,1,0,0,0,0,1,1,0,0,0,0,0,0,0,0,0,0,0,0,0,0,0,0,0,0,0,0,0,0,4,0,39.9637,-75.1663, , 
 ,48870,2013050274,6,67,67301,2013,4,6,9999,99,3,1,1,4,1, , ,N,1,3,0,3,0,3,3,2,N, ,39 55:44.317,75 11:26.185,1948, ,1945, ,0, , , ,3, , , , , ,565028, , , ,2,2,0,0,0,0,0,0,0,0,0,3,3,0,0,0,0,0,0,0,1,0,0,0,0,0,0,0,0,0,0,0,0,0,0,4,0,39.929,-75.1906, , 
 ,48871,2013055389,6,67,67301,2013,5,3,1639,16,1,1,0,4,1, , ,N,0,0,0,3,0,1,2,3,N, ,40 03:21.639,75 05:33.738,1645, ,1640, ,0, , , ,0, , , , , ,565032, , , ,3,2,0,0,0,0,1,0,0,0,0,0,1,1,0,0,0,0,0,0,0,1,0,0,0,0,0,0,0,0,0,0,0,0,0,8,0,40.056,-75.0927, , 
 ,48872,2013070112,6,67,67301,2013,6,7,2111,21,3,1,0,4,1, , ,N,2,3,0,3,0,2,4,2,N, ,40 00:28.461,75 09:34.883,2113, ,2111, ,0, , , ,3, , , , , ,565040, , , ,2,2,0,0,0,0,0,0,0,0,0,2,2,0,0,0,0,0,0,0,0,0,0,0,0,0,0,0,0,0,0,0,0,0,0,4,0,40.0079,-75.1597, , 
N,48873,2013078969,6,67,67301,2013,8,5,1154,11,1,2,7,4,1,1,4,Y,0,0,0,3,0,2,3,2,N,N,40 00:45.588,75 03:32.564,1156,45,1156, ,0, ,N, ,0, ,N,N,N,N,565048,N,Y,N,2,1,0,0,0,0,1,0,0,0,0,2,2,0,0,0,0,0,0,0,1,0,0,0,0,0,0,0,0,0,0,0,0,0,0,4,0,40.0127,-75.059, , 
 ,48874,2013079983,6,67,67301,2013,7,7,9999,99,4,1,0,4,2, , ,N,0,0,0,3,0,0,5,2,N,N,40 04:24.207,75 12:38.228,1955, ,1949, ,0, ,N, ,0, , , , , ,565050, , , ,2,2,0,0,0,0,0,0,0,0,0,0,0,0,0,0,0,0,0,0,0,1,0,3,0,0,0,0,0,0,0,0,0,0,0,0,0,40.0734,-75.2106, , 
 ,48875,2013080056,6,67,67301,2013,7,4,2035,20,3,1,0,1,1, , ,N,1,2,0,3,0,1,2,2,N, ,40 01:20.289,75 09:43.290,2040, ,2038,1,1,2, , ,3,N, , , , ,565051, , , ,2,1,1,0,0,0,0,0,0,0,1,0,1,0,0,0,0,0,0,0,0,0,0,0,0,0,0,0,0,0,0,0,0,0,0,3,0,40.0223,-75.162, , 
 ,48876,2013099776,6,67,67301,2013,10,7,1730,17,1,1,0,4,1, , ,N,1,3,0,3,0,0,2,2,N,N,40 03:08.206,75 09:05.993,1731, ,1731, ,0, ,N, ,3, , , , , ,565071, , , ,2,2,0,0,0,0,0,0,0,0,0,0,0,0,0,0,0,0,0,0,0,0,0,0,0,0,0,0,0,0,0,0,0,0,0,0,0,40.0523,-75.1517, , 
 ,48877,2013062966,6,67,67301,2013,6,6,720,7,1,2,1,1,1, , ,N,0,0,0,3,0,1,5,3,N,N,40 00:15.250,75 11:41.050,720, ,720, ,0, ,N, ,0, , , , , ,565074, , , ,3,1,0,0,1,0,1,0,0,0,0,1,1,0,0,0,0,0,0,0,1,1,0,0,0,0,0,0,0,0,0,0,0,0,0,4,0,40.0042,-75.1947, , 
 ,48878,2013077471,6,67,67301,2013,6,3,910,9,1,1,0,1,1, , ,N,0,0,7,3,0,1,2,2,N,N,39 57:59.180,75 14:23.380,9999, ,9999, ,0, ,N, ,0, , , , , ,565096, , , ,2,2,0,0,0,0,0,0,0,0,0,1,1,0,1,0,0,0,0,0,0,0,0,0,0,0,0,0,0,0,0,0,0,0,0,4,0,39.9664,-75.2398, , 
 ,48879,2013086815,6,67,67301,2013,7,6,228,2,3,1,0,1,4, , ,N,0,0,0,3,0,1,2,2,N,N,40 01:21.092,75 04:37.665,337, ,329, ,0, ,N, ,0, , , , , ,565107, , , ,1,1,0,0,0,0,0,0,1,0,0,0,1,1,0,0,0,0,0,0,0,0,0,1,0,0,0,0,0,0,0,0,0,0,0,8,0,40.0225,-75.0771, , 
 ,48880,2013096065,6,67,67301,2013,8,6,2217,22,3,1,0,7,1, , ,N,0,0,0,3,0,1,1,2,N,N,39 56:56.775,75 10:48.012,9999, ,2218, ,0, , , ,0, , , , , ,559082, , , ,2,0,0,0,1,0,1,0,0,0,0,0,1,1,0,0,0,0,0,0,1,0,0,0,0,0,0,0,0,0,0,0,0,0,0,8,0,39.9491,-75.18, , 
 ,48881,2013086229,6,67,67301,2013,7,2,1750,17,1,1,0,2,1, , ,N,2,2,0,3,0,5,5,2,N,N,40 01:15.231,75 02:23.025,1800, ,1754,2,1,2,N, ,3,N, , , , ,559132, , , ,2,1,0,0,0,0,0,1,0,0,0,5,5,0,0,0,0,0,0,0,0,0,0,0,0,0,0,0,0,0,0,0,0,0,0,4,0,40.0209,-75.0397, , 
 ,48882,2013093189,6,67,67301,2013,8,6,1733,17,1,1,0,4,1, , ,N,1,3,0,3,0,2,4,2,N,N,40 02:46.078,75 05:25.562,1740, ,1737,9,1,3, , ,3,N, , , , ,559136, , , ,2,1,0,0,1,0,0,0,0,0,0,1,2,1,0,0,0,0,0,0,0,0,0,0,0,0,0,0,0,0,0,0,0,0,0,4,0,40.0461,-75.0904, , 
U,48883,2013098364,6,67,67301,2013,8,3,124,1,3,1,0,7,4,8,8,Y,0,0,0,3,0,2,2,1,N,N,39 59:26.308,75 11:05.832,124,99,124,3,2,4,N, ,0,Y,U,U,U,U,559140,U,U,U,1,1,0,0,0,0,0,0,0,0,0,0,2,2,0,0,0,0,0,0,0,0,0,0,0,0,0,0,0,0,0,0,0,0,0,8,0,39.9906,-75.185, , 
 ,48884,2013024891,6,67,67301,2013,2,3,9999,99,1,1,1,4,2, , ,N,1,0,0,3,0,0,1,2,N,N,39 56:44.595,75 09:17.139,9999, ,1122, ,0, ,N, ,0, , , , , ,559166, , , ,2,0,0,0,0,0,2,0,0,0,0,0,0,0,0,0,0,0,0,0,0,0,0,1,0,0,0,0,0,0,0,0,0,0,0,0,0,39.9457,-75.1548, , 
 ,48885,2013035160,6,67,67301,2013,3,7,205,2,3,1,0,6,1, , ,N,2,2,0,3,0,2,6,2,N, ,39 57:11.260,75 09:40.449,212, ,209, ,0, , , ,3, , , , , ,559172, , , ,2,2,0,0,0,0,0,0,0,0,1,1,2,0,0,0,0,0,0,0,0,0,0,0,0,0,0,0,0,0,0,0,0,0,0,3,0,39.9531,-75.1612, , 
 ,48886,2013070464,6,67,67301,2013,6,7,1040,10,1,1,0,8,1, , ,N,0,0,0,3,0,1,2,2,N,N,39 57:14.103,75 12:03.227,1057, ,1055, ,0, ,N, ,0, , , , , ,559209, , , ,1,0,0,0,1,0,0,0,0,0,0,1,1,0,0,0,0,0,0,0,0,0,0,0,0,0,0,0,0,0,0,0,1,0,0,4,0,39.9539,-75.2009, , 
 ,48887,2013077549,6,67,67301,2013,6,6,1120,11,1,1,0,4,1, , ,N,0,0,0,3,0,1,2,2,N,N,39 57:01.840,75 11:35.160,1122, ,1120, ,0, ,N, ,0, , , , , ,559217, , , ,2,2,0,0,0,0,0,0,0,0,0,0,1,1,0,0,0,0,0,0,0,0,1,0,0,0,0,0,0,0,0,0,0,0,0,8,0,39.9505,-75.1931, , 
 ,48888,2013088103,6,67,67301,2013,7,1,1814,18,1,2,1,5,1, , ,N,0,0,0,3,0,1,3,2,N,N,39 57:03.482,75 08:43.794,1817, ,1815, ,0, ,N, ,0, , , , , ,559230, , , ,2,2,0,0,0,0,0,0,0,0,0,0,1,1,0,0,0,0,0,0,0,1,0,3,0,0,0,0,0,0,0,0,0,0,0,8,0,39.951,-75.1455, , 
 ,48889,2013093075,6,67,67301,2013,8,1,837,8,1,1,0,5,1, , ,N,0,0,0,3,0,1,2,2,N,N,40 06:17.789,74 59:35.987,845, ,839,3,2,3,N, ,0,Y, , , , ,559236, , , ,2,0,0,0,1,0,1,0,0,0,0,1,1,0,0,0,0,0,0,0,0,0,0,0,0,0,0,0,0,0,0,0,0,0,0,4,0,40.1049,-74.9933, , 
 ,48890,2013053079,6,67,67301,2013,4,4,2310,23,3,1,0,5,1, , ,N,0,0,0,3,0,0,2,2,N,N,40 03:16.394,75 05:15.694,2320, ,2315, ,0, ,N, ,0, , , , , ,559248, , , ,2,2,0,0,0,0,0,0,0,0,0,0,0,0,0,0,0,0,0,0,0,1,0,1,0,0,0,0,0,0,0,0,0,0,0,0,0,40.0546,-75.0877, , 
 ,48891,2013079463,6,67,67301,2013,7,7,1836,18,1,2,1,6,1, , ,N,0,0,0,3,0,3,3,2,N,N,40 03:32.690,75 12:02.350,1850, ,1837, ,0, ,N, ,0, , , , , ,559275, , , ,2,2,0,0,0,0,0,0,0,0,3,0,3,0,0,0,0,0,0,0,2,0,0,0,0,0,0,0,0,0,0,0,0,0,0,3,0,40.0591,-75.2007, , 
 ,48892,2013079466,6,67,67301,2013,7,5,2357,23,3,1,0,8,1, , ,N,2,0,0,3,0,1,2,2,N, ,40 01:13.453,75 12:36.285,2359, ,2359, ,0, , , ,0, , , , , ,559276, , , ,1,1,0,0,0,0,0,0,0,0,0,0,1,1,0,0,0,0,0,0,0,0,0,0,0,0,0,0,0,0,0,0,1,0,0,8,0,40.0205,-75.21, , 
 ,48893,2013055373,6,67,67301,2013,5,3,1709,17,1,1,0,4,1, , ,N,2,2,0,3,0,1,4,3,N,N,40 06:30.571,75 02:28.165,1715, ,1712,1,1,3,N, ,3,N, , , , ,559292, , , ,3,1,0,0,0,0,1,1,0,0,0,0,1,1,0,0,0,0,0,0,0,0,0,1,0,0,0,0,0,0,0,0,0,0,0,8,0,40.1085,-75.0412, , 
 ,48894,2013055602,6,67,67301,2013,5,6,719,7,1,1,0,7,2, , ,N,0,2,0,3,0,1,1,1,N,N,40 02:04.053,75 04:27.711,755, ,745, ,0, ,N, ,3, , , , , ,559293, , , ,1,1,0,0,0,0,0,0,0,0,0,1,1,0,0,0,0,0,0,0,1,0,0,0,0,0,0,0,0,0,0,0,0,0,0,4,0,40.0345,-75.0744, , 
 ,48895,2013062661,6,67,67301,2013,5,6,1340,13,1,2,1,1,1, , ,N,2,2,0,3,0,2,4,2,N,N,40 07:10.776,75 00:31.301,1402, ,1343, ,0, ,N, ,3, , , , , ,559299, , , ,2,2,0,0,0,0,0,0,0,0,0,0,2,2,0,0,0,0,0,0,0,0,0,0,0,0,0,0,0,0,0,0,0,0,0,8,0,40.1197,-75.0087, , 
 ,48896,2013070533,6,67,67301,2013,6,7,22,0,3,1,0,4,1, , ,N,1,2,0,3,0,1,2,2,N,N,40 03:35.442,75 09:00.370,30, ,22,2,2,1,N, ,3,Y, , , , ,559310, , , ,2,2,0,0,0,0,0,0,0,0,0,0,1,1,0,0,0,0,0,0,0,0,0,0,0,0,0,0,0,0,0,0,0,0,0,8,0,40.0598,-75.1501, , 
 ,48897,2013078983,6,67,67301,2013,8,7,1558,15,1,1,0,1,1, , ,N,0,0,0,3,0,0,4,2,N,N,40 00:31.210,75 12:16.023,1558, ,1558, ,0, ,N, ,0, , , , , ,559316, , , ,2,1,0,0,0,0,1,0,0,0,0,0,0,0,0,0,0,0,0,0,0,0,0,0,0,0,0,0,0,0,0,0,0,0,0,0,0,40.0087,-75.2045, , 
 ,48898,2013094938,6,67,67301,2013,9,7,2351,23,3,1,0,7,2, , ,N,0,0,0,3,0,3,3,1,N,N,39 57:42.144,75 10:57.762,2356, ,2353,1,1,4,N, ,0,N, , , , ,561980, , , ,1,1,0,0,0,0,0,0,0,0,1,2,3,0,0,0,0,0,0,0,0,0,0,0,0,0,0,0,0,0,0,0,0,0,0,3,0,39.9617,-75.1827, , 
 ,48899,2013079451,6,67,67301,2013,7,4,1500,15,1,1,0,8,1, , ,N,0,0,0,3,0,1,2,2,N, ,40 02:08.770,75 10:28.764,1505, ,1505, ,0, , , ,0, , , , , ,561995, , , ,1,1,0,0,0,0,0,0,0,0,0,1,1,0,0,0,0,0,0,0,0,0,0,0,0,0,0,0,0,0,0,0,1,0,0,4,0,40.0358,-75.1747, , 