wz_ln_closure,objectid_1,crn,district,county,municipality,crash_year,crash_month,day_of_week,time_of_day,hour_of_day,illumination,weather,road_condition,collision_type,relation_to_road,work_zone_type,work_zone_loc,work_zone_ind,intersect_type,tcd_type,location_type,urban_rural,fatal_count,injury_count,person_count,total_units,sch_bus_ind,sch_zone_ind,latitude,longitude,arrival_tm,cons_zone_spd_lim,dispatch_tm,est_hrs_closed,lane_closed,ln_close_dir,ntfy_hiwy_maint,spec_juris_cd,tcd_func_cd,tfc_detour_ind,workers_pres,wz_close_detour,wz_flagger,wz_law_offcr_ind,objectid,wz_moving,wz_other,wz_shlder_mdn,vehicle_count,automobile_count,motorcycle_count,bus_count,small_truck_count,heavy_truck_count,suv_count,van_count,bicycle_count,maj_inj_count,mod_inj_count,min_inj_count,tot_inj_count,unk_inj_deg_count,unk_inj_per_count,driver_count_16yr,driver_count_17yr,driver_count_18yr,driver_count_19yr,driver_count_20yr,driver_count_50_64yr,driver_count_65_74yr,driver_count_75plus,unbelted_occ_count,unb_death_count,unb_maj_inj_count,belted_death_count,belted_maj_inj_count,mcycle_death_count,mcycle_maj_inj_count,bicycle_death_count,bicycle_maj_inj_count,ped_count,ped_death_count,ped_maj_inj_count,max_severity_level,comm_veh_count,dec_lat,dec_long,rdwy_surf_type_cd,county_name
 ,48966,2013094937,6,67,67301,2013,9,6,2233,22,3,1,0,1,1, , ,N,6,0,2,3,0,2,6,3,N,N,39 56:55.117,75 11:09.395,2250, ,2241,1,1,4,N, ,0,N, , , , ,559529, , , ,3,2,0,0,0,0,1,0,0,0,1,1,2,0,0,0,0,0,0,0,0,0,0,0,0,0,0,0,0,0,0,0,0,0,0,3,0,39.9486,-75.1859, , 
 ,48967,2013065496,6,67,67301,2013,5,3,2328,23,3,1,0,4,1, , ,N,1,2,0,3,0,3,3,2,N,N,40 00:19.420,75 06:33.689,2330, ,2330, ,0, ,N, ,3, , , , , ,559551, , , ,2,0,0,0,1,0,1,0,0,1,1,1,3,0,0,0,0,0,0,0,0,0,0,0,0,0,0,0,0,0,0,0,0,0,0,2,0,40.0054,-75.1094, , 
 ,48968,2013070905,6,67,67301,2013,5,5,1600,16,1,1,0,8,1, , ,N,1,2,0,3,0,1,2,2,N, ,39 58:22.278,75 10:50.613,1611, ,1608,3,2,6, , ,3,Y, , , , ,559555, , , ,1,0,0,1,0,0,0,0,0,0,0,0,1,1,0,0,0,0,0,0,1,0,0,0,0,0,0,0,0,0,0,0,1,0,0,8,1,39.9729,-75.1807, , 
 ,48969,2013078974,6,67,67301,2013,8,5,1608,16,1,2,1,7,2, , ,N,0,0,0,3,0,1,1,1,N,N,40 02:25.921,75 00:19.300,1635, ,1629,1,1,1,N, ,0,N, , , , ,559559, , , ,1,1,0,0,0,0,0,0,0,0,0,1,1,0,0,0,0,0,0,0,0,0,0,1,0,0,0,0,0,0,0,0,0,0,0,4,0,40.0405,-75.0055, , 
Y,48970,2013065033,6,67,67301,2013,6,1,3,0,3,1,0,1,1,1,4,Y,0,0,0,3,0,0,1,3,N,N,39 54:00.751,75 09:28.693,13,55,3,2,1,1,N, ,0,N,N,N,N,N,562149,N,N,Y,3,3,0,0,0,0,0,0,0,0,0,0,0,0,0,0,0,0,0,0,0,0,0,0,0,0,0,0,0,0,0,0,0,0,0,0,0,39.9002,-75.158, , 
 ,48971,2013070219,6,67,67301,2013,6,1,2135,21,3,1,0,1,1, , ,N,0,0,0,3,0,1,4,3,N,N,39 59:39.726,75 09:28.518,2144, ,2142, ,0, ,N, ,0, , , , , ,562153, , , ,3,2,0,0,0,0,0,1,0,0,0,1,1,0,0,0,0,0,0,0,1,0,0,0,0,0,0,0,0,0,0,0,0,0,0,4,0,39.9944,-75.1579, , 
 ,48972,2013075499,6,67,67301,2013,7,4,1546,15,1,1,0,5,1, , ,N,0,0,0,3,0,1,2,2,N,N,39 55:46.222,75 11:50.984,1546, ,1546,1,1,4,N, ,0,N, , , , ,562156, , , ,2,1,0,0,0,0,0,1,0,0,0,1,1,0,0,0,0,0,2,0,0,0,0,1,0,0,0,0,0,0,0,0,0,0,0,4,0,39.9295,-75.1975, , 
 ,48973,2013080085,6,67,67301,2013,7,4,1220,12,1,1,0,1,1, , ,N,0,0,0,3,0,1,7,3,N,N,40 00:37.541,75 04:45.166,1231, ,1226,1,1,2,N, ,0,N, , , , ,562160, , , ,3,3,0,0,0,0,0,0,0,0,0,1,1,0,0,0,1,0,0,0,0,0,0,0,0,0,0,0,0,0,0,0,0,0,0,4,0,40.0104,-75.0792, , 
 ,48974,2013093568,6,67,67301,2013,8,4,1025,10,1,1,0,4,7, , ,N,2,2,2,3,0,1,2,2,N,N,39 58:29.031,75 11:53.718,1031, ,1026,9,2,4,N, ,3,N, , , , ,562170, , , ,2,2,0,0,0,0,0,0,0,0,0,1,1,0,0,0,0,0,0,0,1,0,0,0,0,0,0,0,0,0,0,0,0,0,0,4,0,39.9747,-75.1983, , 
 ,48975,2013096440,6,67,67301,2013,8,1,1622,16,1,1,0,1,1, , ,N,2,0,0,3,0,1,5,2,N,N,40 00:54.612,75 06:41.439,1806, ,1755, ,0, ,N, ,0, , , , , ,562176, , , ,2,0,0,0,0,0,1,0,0,0,1,0,1,0,0,0,0,0,0,0,0,0,0,1,0,0,0,0,0,0,0,0,0,0,0,3,0,40.0152,-75.1115, , 
 ,48976,2013098393,6,67,67301,2013,8,5,855,8,1,1,8,1,1, , ,N,2,3,0,3,0,1,2,2,N,N,39 54:09.142,75 13:29.144,908, ,904, ,0, ,N, ,3, , , , , ,562221, , , ,2,2,0,0,0,0,0,0,0,0,0,1,1,0,0,0,0,0,0,0,1,0,0,0,0,0,0,0,0,0,0,0,0,0,0,4,0,39.9025,-75.2248, , 
 ,48977,2013101253,6,67,67301,2013,9,4,1223,12,1,1,0,8,1, , ,N,0,0,0,3,0,1,2,2,N,N,39 59:41.670,75 06:37.760,1238, ,1234, ,0, ,N, ,0, , , , , ,562224, , , ,1,0,0,0,0,0,1,0,0,0,0,1,1,0,0,0,0,1,0,0,0,0,0,0,0,0,0,0,0,0,0,0,1,0,0,4,0,39.9949,-75.1105, , 
 ,48978,2013106700,6,67,67301,2013,9,5,1542,15,1,1,0,1,2, , ,N,0,2,0,3,0,2,3,2,N, ,40 00:19.581,75 06:26.713,1558, ,1555,1,1,3, , ,3,N, , , , ,562230, , , ,2,1,0,1,0,0,0,0,0,0,0,2,2,0,0,0,0,0,0,0,0,0,0,0,0,0,0,0,0,0,0,0,0,0,0,4,1,40.0054,-75.1074, , 
 ,48979,2013065973,6,67,67301,2013,6,7,1610,16,1,1,0,7,3, , ,N,0,0,0,3,0,1,1,1,N,N,39 54:16.463,75 08:24.161,1620, ,1615, ,0, ,N, ,0, , , , , ,562238, , , ,1,1,0,0,0,0,0,0,0,0,0,1,1,0,0,0,0,0,0,0,1,0,0,0,0,0,0,0,0,0,0,0,0,0,0,4,0,39.9046,-75.14, , 
 ,48980,2013013206,6,67,67301,2013,1,6,830,8,1,1,0,4,1, , ,N,1,3,0,3,0,0,2,2,N,N,39 58:59.959,75 06:15.080,837, ,835, ,0, ,N, ,3, , , , , ,562244, , , ,2,2,0,0,0,0,0,0,0,0,0,0,0,0,0,0,0,0,0,0,1,0,0,0,0,0,0,0,0,0,0,0,0,0,0,0,0,39.9833,-75.1042, , 
 ,48981,2013034992,6,67,67301,2013,2,3,929,9,1,1,0,1,1, , ,N,3,0,0,3,0,1,3,3,N,N,39 56:40.932,75 14:36.414,935, ,929,9,1,6, , ,0,N, , , , ,562261, , , ,3,3,0,0,0,0,0,0,0,0,0,1,1,0,2,0,0,0,0,0,0,0,0,0,0,0,0,0,0,0,0,0,0,0,0,4,0,39.9447,-75.2434, , 
 ,48982,2013047916,6,67,67301,2013,5,4,1335,13,1,1,0,0,1, , ,N,0,0,0,3,0,4,4,1,N,N,39 54:04.690,75 09:08.542,1348, ,1335,1,1,2,N, ,0,N, , , , ,562268, , , ,1,1,0,0,0,0,0,0,0,0,3,0,4,1,0,0,0,0,0,0,1,0,0,0,0,0,0,0,0,0,0,0,0,0,0,3,0,39.9013,-75.1524, , 
 ,48983,2013053055,6,67,67301,2013,4,1,240,2,3,1,0,8,1, , ,N,1,2,0,3,0,1,2,2,N,N,39 57:09.766,75 09:27.917,1251, ,245, ,0, ,N, ,3, , , , , ,562273, , , ,1,1,0,0,0,0,0,0,0,0,1,0,1,0,1,0,0,0,0,0,0,0,0,0,0,0,0,0,0,0,0,0,1,0,0,3,0,39.9527,-75.1578, , 
 ,48984,2013079508,6,67,67301,2013,7,7,525,5,1,9,8,1,1, , ,N,1,2,0,3,0,1,3,2,N, ,39 56:57.318,75 09:25.995,2330, ,2330, ,0, , , ,3, , , , , ,562320, , , ,2,2,0,0,0,0,0,0,0,0,0,1,1,0,1,0,0,0,0,0,2,0,0,0,0,0,0,0,0,0,0,0,0,0,0,4,0,39.9493,-75.1572, , 
 ,48985,2013077636,6,67,67301,2013,7,4,1403,14,1,1,0,7,2, , ,N,0,0,0,3,0,0,1,1,N,N,40 02:19.318,75 00:34.098,1426, ,1408, ,0, ,N, ,0, , , , , ,562332, , , ,1,1,0,0,0,0,0,0,0,0,0,0,0,0,0,0,0,0,1,0,0,0,0,0,0,0,0,0,0,0,0,0,0,0,0,0,0,40.0387,-75.0095, , 
 ,48986,2013065478,6,67,67301,2013,5,5,818,8,1,2,1,4,1, , ,N,2,2,7,3,0,1,2,2,N, ,39 56:23.664,75 11:58.965,839, ,823, ,0, ,N, ,3, , , , , ,562338, , , ,2,2,0,0,0,0,0,0,0,0,0,0,1,1,0,0,0,0,0,0,1,0,0,0,0,0,0,0,0,0,0,0,0,0,0,8,0,39.9399,-75.1997, , 
 ,48987,2013065491,6,67,67301,2013,6,1,9999,99,3,1,0,7,5, , ,N,0,0,0,3,0,2,3,1,N,N,40 04:14.356,75 04:16.725,9999, ,226, ,0, ,N, ,0, , , , , ,562339, , , ,1,1,0,0,0,0,0,0,0,0,0,2,2,0,0,0,0,0,1,0,0,0,0,0,0,0,0,0,0,0,0,0,0,0,0,4,0,40.0707,-75.0713, , 
 ,48988,2013070961,6,67,67301,2013,6,2,1840,18,1,1,0,4,1, , ,N,1,0,0,3,0,1,3,2,N,N,39 59:44.106,75 06:08.272,1849, ,1844, ,0, ,N, ,0, , , , , ,567790, , , ,2,2,0,0,0,0,0,0,0,0,0,1,1,0,0,0,0,0,0,0,0,0,0,0,0,0,0,0,0,0,0,0,0,0,0,4,0,39.9956,-75.1023, , 
 ,48989,2013086264,6,67,67301,2013,8,2,2150,21,3,1,0,8,1, , ,N,1,2,0,3,0,1,2,2,N,N,39 59:23.112,75 07:03.787,2219, ,2219, ,0, ,N, ,3, , , , , ,567854, , , ,1,0,0,0,1,0,0,0,0,0,0,0,1,1,0,0,0,0,0,0,0,0,0,0,0,0,0,0,0,0,0,0,1,0,0,8,0,39.9898,-75.1177, , 
 ,48990,2013093067,6,67,67301,2013,8,4,1421,14,1,2,1,4,1, , ,N,0,0,7,3,0,1,2,2,N,N,39 59:46.106,75 13:02.906,1435, ,1427, ,0, ,N, ,0, , , , , ,567863, , , ,2,2,0,0,0,0,0,0,0,0,1,0,1,0,0,0,0,0,0,0,0,0,0,0,0,0,0,0,0,0,0,0,0,0,0,3,0,39.9961,-75.2175, , 
 ,48991,2013065543,6,67,67301,2013,5,3,1445,14,1,2,1,4,1, , ,N,1,2,0,3,0,1,3,3,N,N,40 01:13.197,75 04:49.613,1510, ,1500, ,0, ,N, ,3, , , , , ,567876, , , ,2,2,0,0,0,0,0,0,0,0,1,0,1,0,2,0,0,0,0,0,0,0,0,0,0,0,0,0,0,0,0,0,1,0,0,3,0,40.0203,-75.0804, , 
 ,48992,2013077404,6,67,67301,2013,7,6,956,9,1,1,0,1,1, , ,N,5,2,0,3,0,1,2,2,N,N,40 01:06.923,75 03:49.113,1018, ,1016, ,0, ,N, ,3, , , , , ,567889, , , ,2,2,0,0,0,0,0,0,0,1,0,0,1,0,0,0,0,0,0,0,0,0,0,0,0,0,0,1,0,0,0,0,0,0,0,2,0,40.0185,-75.0637, , 
N,48993,2013090134,6,67,67301,2013,9,5,1137,11,1,1,0,1,1,2,4,Y,0,0,0,3,0,1,3,3,N,N,39 53:00.793,75 14:41.233,1139,55,1138, ,0, ,N, ,0, ,Y,N,N,N,567898,Y,N,N,3,2,0,0,0,0,0,0,0,0,0,0,1,1,0,0,0,0,0,0,0,0,0,0,0,0,0,0,0,0,0,0,0,0,0,8,0,39.8836,-75.2448, , 
 ,48994,2013098350,6,67,67301,2013,9,3,1743,17,1,1,0,8,1, , ,N,0,0,0,3,0,1,2,2,N,N,40 02:00.012,75 08:45.551,1743, ,1743,1,1,2,N, ,0,Y, , , , ,567905, , , ,1,0,0,0,0,0,1,0,0,0,0,0,1,1,0,0,0,0,0,0,1,0,0,0,0,0,0,0,0,0,0,0,1,0,0,8,0,40.0333,-75.146, , 
 ,48995,2013098373,6,67,67301,2013,9,5,2215,22,2,1,0,7,3, , ,N,0,0,0,3,0,1,1,1,N,N,40 03:21.361,75 03:33.290,2224, ,2222, ,0, ,N, ,0, , , , , ,567906, , , ,1,0,1,0,0,0,0,0,0,0,0,0,1,1,0,0,0,0,0,0,1,0,0,0,0,0,0,0,0,0,0,0,0,0,0,8,0,40.0559,-75.0592, , 
 ,48996,2013101197,6,67,67301,2013,9,3,1805,18,1,1,0,4,1, , ,N,0,0,0,3,0,1,2,2,N, ,40 01:10.279,75 06:29.631,1810, ,1805,3,1,4,N, ,0,Y, , , , ,567908, , , ,2,1,0,0,1,0,0,0,0,0,0,0,1,1,0,0,0,0,0,0,0,0,0,0,0,0,0,0,0,0,0,0,0,0,0,8,0,40.0195,-75.1082, , 
 ,48997,2013103969,6,67,67301,2013,9,1,48,0,3,2,1,4,1, , ,N,1,2,0,3,0,6,6,2,N,N,39 57:20.808,75 09:32.558,59, ,54,2,1,2, , ,3,N, , , , ,567911, , , ,2,2,0,0,0,0,0,0,0,0,0,0,6,6,0,0,0,0,0,0,1,0,0,0,0,0,0,0,0,0,0,0,0,0,0,8,0,39.9558,-75.159, , 
 ,48998,2013109449,6,67,67301,2013,10,7,1431,14,1,1,0,1,1, , ,N,1,2,0,3,0,2,3,2,N, ,40 02:12.142,75 02:27.052,1532, ,1522, ,0, , , ,3, , , , , ,567914, , , ,2,2,0,0,0,0,0,0,0,0,0,0,2,2,0,0,0,0,0,0,0,1,0,0,0,0,0,0,0,0,0,0,0,0,0,8,0,40.0368,-75.0407, , 
 ,48999,2013055485,6,67,67301,2013,5,1,2121,21,3,1,0,1,6, , ,N,0,0,0,3,0,1,1,3,N,N,39 58:44.858,75 14:56.395,9999, ,2221, ,0, ,N, ,0, , , , , ,567917, , , ,3,3,0,0,0,0,0,0,0,0,0,0,1,1,0,0,0,0,0,0,1,0,0,0,0,0,0,0,0,0,0,0,0,0,0,8,0,39.9791,-75.249, , 
 ,49000,2013064094,6,67,67301,2013,6,7,1322,13,1,1,0,1,1, , ,N,0,0,0,3,0,3,4,3,N,N,40 00:34.856,75 03:52.697,1339, ,1323,2,2,1,N, ,0,N, , , , ,567926, , , ,3,3,0,0,0,0,0,0,0,0,0,1,3,2,0,0,0,0,0,0,0,0,0,0,0,0,0,0,0,0,0,0,0,0,0,4,0,40.0096,-75.0648, , 
 ,49001,2013070202,6,67,67301,2013,5,3,2225,22,3,1,0,4,1, , ,N,1,3,0,3,0,0,2,2,N,N,40 03:43.832,75 10:12.245,2232, ,2228, ,0, ,N, ,3, , , , , ,567929, , , ,2,1,0,0,0,0,1,0,0,0,0,0,0,0,0,0,0,0,1,0,0,0,0,0,0,0,0,0,0,0,0,0,0,0,0,0,0,40.0622,-75.1701, , 
 ,49002,2013065353,6,67,67301,2013,5,3,1650,16,1,2,1,8,1, , ,N,1,2,0,3,0,1,2,2,N, ,39 57:12.069,75 09:16.935,1702, ,1653, ,0, , , ,3, , , , , ,567971, , , ,1,1,0,0,0,0,0,0,0,0,1,0,1,0,0,0,0,0,0,0,0,0,0,0,0,0,0,0,0,0,0,0,1,0,0,3,0,39.9534,-75.1547, , 
N,49003,2013074901,6,67,67301,2013,7,4,1243,12,1,1,0,5,1,1,4,Y,0,0,0,3,0,0,2,2,N,N,39 53:55.530,75 10:11.931,1306,55,1243,1,2,1,N, ,0,N,N,N,N,N,567973,N,N,Y,2,1,0,0,0,1,0,0,0,0,0,0,0,0,1,0,0,0,0,0,0,0,0,0,0,0,0,0,0,0,0,0,0,0,0,9,1,39.8988,-75.17, , 
 ,49004,2013080096,6,67,67301,2013,7,6,1855,18,1,1,0,4,2, , ,N,1,2,0,3,0,1,2,2,N,N,40 00:19.420,75 06:33.689,1904, ,1900, ,0, ,N, ,3, , , , , ,567981, , , ,2,0,1,0,0,0,0,1,0,0,1,0,1,0,0,0,1,0,0,0,0,1,0,0,0,0,0,0,0,0,0,0,0,0,0,3,0,40.0054,-75.1094, , 
 ,49005,2013103900,6,67,67301,2013,9,6,1716,17,1,1,0,8,1, , ,N,1,2,0,3,0,1,2,2,N,N,39 57:06.275,75 09:29.915,1719, ,1718, ,0, , , ,3, , , , , ,568001, , , ,1,1,0,0,0,0,0,0,0,0,0,1,1,0,0,0,0,0,0,0,0,0,0,0,0,0,0,0,0,0,0,0,1,0,0,4,0,39.9517,-75.1582, , 
 ,49006,2013096110,6,67,67301,2013,8,4,1400,14,1,2,1,4,1, , ,N,1,3,0,3,0,1,2,2,N,N,40 01:08.120,75 02:58.216,1418, ,1410,1,2,1,N, ,3,N, , , , ,565308, , , ,2,1,0,0,0,1,0,0,0,0,1,0,1,0,0,0,0,0,0,0,0,1,0,0,0,0,0,0,0,0,0,0,0,0,0,3,1,40.0189,-75.0495, , 
 ,49007,2013051132,6,67,67301,2013,4,1,1110,11,1,1,0,4,1, , ,N,2,2,0,3,0,1,3,3,N,N,39 55:51.967,75 10:23.350,1116, ,1114, ,0, , , ,3, , , , , ,565317, , , ,3,1,0,0,1,0,1,0,0,0,0,1,1,0,0,0,0,0,0,0,1,0,0,0,0,0,0,0,0,0,0,0,0,0,0,4,0,39.9311,-75.1732, , 
 ,49008,2013062514,6,67,67301,2013,4,3,625,6,1,2,1,7,2, , ,N,0,0,0,3,0,0,1,1,N,N,40 01:28.106,75 11:42.325,635, ,625,1,1,2,N, ,0,N, , , , ,565329, , , ,1,1,0,0,0,0,0,0,0,0,0,0,0,0,0,0,0,0,0,1,0,0,0,0,0,0,0,0,0,0,0,0,0,0,0,0,0,40.0245,-75.1951, , 
 ,49009,2013070967,6,67,67301,2013,6,3,1131,11,1,1,0,8,1, , ,N,5,2,0,3,0,1,2,2,N, ,40 02:26.242,75 10:11.315,1139, ,1132, ,0, , , ,3, , , , , ,565337, , , ,1,0,0,0,0,0,1,0,0,0,0,1,1,0,0,0,0,0,0,0,0,0,0,0,0,0,0,0,0,0,0,0,1,0,0,4,0,40.0406,-75.1698, , 
 ,49010,2013077513,6,67,67301,2013,7,4,9999,99,1,1,0,6,1, , ,N,0,2,7,3,0,1,3,2,N,N,40 05:43.352,74 57:34.865,9999, ,9999, ,0, ,N, ,3, , , , , ,565343, , , ,2,2,0,0,0,0,0,0,0,0,1,0,1,0,1,0,0,0,0,0,0,0,0,0,0,0,0,0,0,0,0,0,0,0,0,3,0,40.0954,-74.9597, , 
 ,49011,2013079453,6,67,67301,2013,6,5,1320,13,1,1,0,4,1, , ,N,1,2,0,3,0,0,4,2,N,N,39 57:29.829,75 09:50.647,1350, ,1344, ,0, ,N, ,3, , , , , ,565345, , , ,2,1,0,0,0,0,1,0,0,0,0,0,0,0,0,0,0,0,0,1,0,0,0,4,0,0,0,0,0,0,0,0,0,0,0,0,0,39.9583,-75.1641, , 
 ,49012,2013086884,6,67,67301,2013,7,7,1835,18,1,1,0,7,3, , ,N,0,0,0,3,0,1,1,1,N,N,40 01:03.374,75 03:54.604,1845, ,1839, ,0, ,N, ,0, , , , , ,565351, , , ,1,0,1,0,0,0,0,0,0,0,0,1,1,0,0,0,0,0,0,0,0,0,0,0,0,0,0,0,0,0,0,0,0,0,0,4,0,40.0176,-75.0652, , 
 ,49013,2013101095,6,67,67301,2013,9,6,1910,19,4,1,0,8,1, , ,N,1,2,0,3,0,1,2,2,N, ,39 57:32.159,75 14:29.156,1944, ,9999, ,0, ,N, ,3, , , , , ,565362, , , ,1,0,0,0,0,0,0,1,0,0,0,0,1,1,1,0,0,0,0,0,0,0,0,0,0,0,0,0,0,0,0,0,1,0,0,8,0,39.9589,-75.2414, , 
 ,49014,2013079538,6,67,67301,2013,7,3,1955,19,1,1,0,4,1, , ,N,2,0,0,3,0,1,2,2,N,N,40 01:48.638,75 06:15.374,2008, ,1957, ,0, , , ,0, , , , , ,565395, , , ,2,2,0,0,0,0,0,0,0,0,0,0,1,1,0,0,0,0,0,1,0,0,0,0,0,0,0,0,0,0,0,0,0,0,0,8,0,40.03,-75.1043, , 
 ,49015,2013086732,6,67,67301,2013,6,6,2150,21,3,2,1,8,1, , ,N,1,2,0,3,0,1,2,2,N,N,39 56:52.576,75 09:44.521,2240, ,2230, ,0, , , ,2, , , , , ,565402, , , ,1,1,0,0,0,0,0,0,0,0,0,1,1,0,0,0,0,0,0,0,1,0,0,0,0,0,0,0,0,0,0,0,1,0,0,4,0,39.9479,-75.1624, , 
 ,49016,2013043787,6,67,67301,2013,4,2,2324,23,3,1,0,4,4, , ,N,1,2,0,3,0,1,2,2,N, ,39 56:36.193,75 14:23.398,2331, ,2328, ,0, , , ,3, , , , , ,565459, , , ,2,2,0,0,0,0,0,0,0,0,0,0,1,1,0,0,0,0,0,0,0,0,0,0,0,0,0,0,0,0,0,0,0,0,0,8,0,39.9434,-75.2398, , 
 ,49017,2013053007,6,67,67301,2013,4,5,1310,13,1,1,0,8,1, , ,N,1,2,0,3,0,1,2,2,N,N,39 58:07.829,75 08:10.292,1310, ,1310, ,0, ,N, ,3, , , , , ,565460, , , ,1,0,0,0,0,1,0,0,0,0,0,1,1,0,0,0,0,0,0,0,0,0,0,0,0,0,0,0,0,0,0,0,1,0,0,4,1,39.9688,-75.1362, , 
 ,49018,2013068696,6,67,67301,2013,6,2,1418,14,1,2,1,1,1, , ,N,0,0,0,3,0,2,4,4,N,N,40 00:25.216,75 11:58.892,1435, ,1429,1,1,3,N, ,0,N, , , , ,565469, , , ,4,3,0,0,0,1,0,0,0,0,2,0,2,0,0,0,0,0,0,0,0,0,0,0,0,0,0,0,0,0,0,0,0,0,0,3,0,40.007,-75.1997, , 
 ,49019,2013070562,6,67,67301,2013,6,5,2245,22,3,2,1,1,1, , ,N,0,0,0,3,0,0,1,2,N,N,40 01:56.306,75 08:44.196,2355, ,2348, ,0, ,N, ,0, , , , , ,565471, , , ,2,2,0,0,0,0,0,0,0,0,0,0,0,0,0,0,0,0,0,0,0,0,0,0,0,0,0,0,0,0,0,0,0,0,0,0,0,40.0323,-75.1456, , 
 ,49020,2013070987,6,67,67301,2013,6,2,1600,16,1,2,1,1,1, , ,N,0,0,0,3,0,2,3,2,N,N,39 59:50.085,75 09:49.194,1615, ,1609,9,2,1,N, ,0,Y, , , , ,565472, , , ,2,0,0,0,1,0,0,1,0,0,0,0,2,2,0,0,0,0,0,0,0,0,0,0,0,0,0,0,0,0,0,0,0,0,0,8,0,39.9972,-75.1637, , 
 ,49021,2013084411,6,67,67301,2013,7,3,304,3,3,1,0,1,1, , ,N,0,0,0,3,0,3,7,2,N,N,40 06:43.602,74 59:28.947,315, ,308,3,2,2,N, ,0,Y, , , , ,565487, , , ,2,1,0,1,0,0,0,0,0,1,0,2,3,0,0,0,0,0,0,1,0,0,0,0,0,0,0,1,0,0,0,0,0,0,0,2,1,40.1121,-74.9914, , 
 ,49022,2013100993,6,67,67301,2013,9,3,2016,20,3,1,0,8,1, , ,N,1,3,0,3,0,1,2,2,N,N,39 57:46.263,75 13:20.146,2024, ,2021, ,0, ,N, ,3, , , , , ,565494, , , ,1,0,0,0,1,0,0,0,0,0,0,0,1,1,0,0,0,0,0,0,0,0,0,0,0,0,0,0,0,0,0,0,1,0,0,8,0,39.9629,-75.2223, , 
 ,49023,2013103915,6,67,67301,2013,9,2,550,5,3,1,0,8,1, , ,N,0,0,0,3,0,1,2,2,N,N,40 02:28.445,75 06:42.418,605, ,555, ,0, ,N, ,0, , , , , ,565497, , , ,1,0,0,0,0,0,1,0,0,0,0,0,1,1,0,0,0,0,0,0,1,0,0,0,0,0,0,0,0,0,0,0,1,0,0,8,0,40.0412,-75.1118, , 
 ,49024,2013086872,6,67,67301,2013,8,1,2004,20,3,1,0,8,1, , ,N,0,0,0,3,0,1,2,2,N,N,39 57:00.532,75 14:11.608,2031, ,2030, ,0, ,N, ,0, , , , , ,559567, , , ,1,1,0,0,0,0,0,0,0,0,0,1,1,0,0,0,0,0,0,0,0,0,0,0,0,0,0,0,0,0,0,0,1,0,0,4,0,39.9501,-75.2366, , 
 ,49025,2013060304,6,67,67301,2013,6,4,820,8,1,1,0,8,2, , ,N,0,0,0,3,0,1,2,2,N, ,39 54:35.795,75 10:22.146,825, ,820, ,0, , , ,0, , , , , ,559587, , , ,1,0,0,0,0,0,1,0,0,0,0,0,1,1,0,0,0,0,0,0,0,0,0,0,0,0,0,0,0,0,0,0,1,0,0,8,0,39.9099,-75.1728, , 
 ,49026,2013077453,6,67,67301,2013,6,7,1920,19,1,1,0,4,1, , ,N,1,2,0,3,0,2,5,2,N,N,39 58:53.612,75 07:02.654,1945, ,1939, ,0, ,N, ,3, , , , , ,559596, , , ,2,2,0,0,0,0,0,0,0,0,0,0,2,2,0,0,0,0,1,0,0,0,0,0,0,0,0,0,0,0,0,0,0,0,0,8,0,39.9815,-75.1173, , 
 ,49027,2013086197,6,67,67301,2013,7,5,1523,15,1,1,0,1,1, , ,N,1,2,0,3,0,2,4,2,N,N,40 00:37.061,75 05:53.071,1529, ,1524,3,1,4, , ,3,N, , , , ,559606, , , ,2,2,0,0,0,0,0,0,0,0,0,2,2,0,0,0,0,0,0,0,0,0,0,0,0,0,0,0,0,0,0,0,0,0,0,4,0,40.0102,-75.0981, , 
 ,49028,2013094753,6,67,67301,2013,6,4,945,9,1,1,0,1,1, , ,N,0,0,3,3,0,1,2,2,N,N,39 57:14.846,75 08:29.841,0, ,0, ,0, ,N, ,0, , , , , ,559614, , , ,2,2,0,0,0,0,0,0,0,0,1,0,1,0,0,0,0,0,0,0,0,0,0,0,0,0,0,0,0,0,0,0,0,0,0,3,0,39.9541,-75.1416, , 
 ,49029,2013101102,6,67,67301,2013,9,3,500,5,1,1,0,4,1, , ,N,2,3,0,3,0,1,2,2,N,N,39 59:05.654,75 07:35.288,515, ,513,2,2,2, , ,2,Y, , , , ,559621, , , ,1,1,0,0,0,0,0,0,1,0,0,1,1,0,0,0,0,0,0,0,1,0,0,0,0,0,0,0,0,0,0,0,0,0,0,4,0,39.9849,-75.1265, , 
 ,49030,2013070375,6,67,67301,2013,6,2,1425,14,1,2,1,4,1, , ,N,1,3,0,3,0,1,2,2,N,N,39 56:00.816,75 11:32.211,1428, ,1425, ,0, ,N, ,3, , , , , ,559639, , , ,2,1,0,0,1,0,0,0,0,0,0,1,1,0,0,0,0,0,0,0,1,0,0,0,0,0,0,0,0,0,0,0,0,0,0,4,0,39.9336,-75.1923, , 
 ,49031,2013074738,6,46,46102,2013,6,3,845,8,1,1,1,4,1, , ,N,1,2,0,3,0,1,2,2,N, ,40 04:30.988,75 09:37.550,850, ,845, ,0, , , ,3, , , , , ,559643, , , ,2,2,0,0,0,0,0,0,0,0,0,0,1,1,0,0,0,0,0,0,0,0,0,0,0,0,0,0,0,0,0,0,0,0,0,8,0,40.0753,-75.1604, , 
 ,49032,2013074792,6,67,67301,2013,6,7,2339,23,3,1,0,4,1, , ,N,1,3,0,3,0,1,4,2,N,N,40 00:56.505,75 05:13.934,2339, ,2339, ,0, ,N, ,3, , , , , ,559644, , , ,2,1,0,0,0,0,1,0,0,0,0,0,1,1,0,0,0,0,0,0,0,0,0,0,0,0,0,0,0,0,0,0,0,0,0,8,0,40.0157,-75.0872, , 