wz_ln_closure,objectid_1,crn,district,county,municipality,crash_year,crash_month,day_of_week,time_of_day,hour_of_day,illumination,weather,road_condition,collision_type,relation_to_road,work_zone_type,work_zone_loc,work_zone_ind,intersect_type,tcd_type,location_type,urban_rural,fatal_count,injury_count,person_count,total_units,sch_bus_ind,sch_zone_ind,latitude,longitude,arrival_tm,cons_zone_spd_lim,dispatch_tm,est_hrs_closed,lane_closed,ln_close_dir,ntfy_hiwy_maint,spec_juris_cd,tcd_func_cd,tfc_detour_ind,workers_pres,wz_close_detour,wz_flagger,wz_law_offcr_ind,objectid,wz_moving,wz_other,wz_shlder_mdn,vehicle_count,automobile_count,motorcycle_count,bus_count,small_truck_count,heavy_truck_count,suv_count,van_count,bicycle_count,maj_inj_count,mod_inj_count,min_inj_count,tot_inj_count,unk_inj_deg_count,unk_inj_per_count,driver_count_16yr,driver_count_17yr,driver_count_18yr,driver_count_19yr,driver_count_20yr,driver_count_50_64yr,driver_count_65_74yr,driver_count_75plus,unbelted_occ_count,unb_death_count,unb_maj_inj_count,belted_death_count,belted_maj_inj_count,mcycle_death_count,mcycle_maj_inj_count,bicycle_death_count,bicycle_maj_inj_count,ped_count,ped_death_count,ped_maj_inj_count,max_severity_level,comm_veh_count,dec_lat,dec_long,rdwy_surf_type_cd,county_name
 ,49033,2013086692,6,67,67301,2013,8,6,246,2,3,1,0,1,3, , ,N,0,0,0,3,0,1,1,2,N,N,40 02:10.948,75 11:37.142,251, ,249, ,0, ,N, ,0, , , , , ,559657, , , ,2,2,0,0,0,0,0,0,0,0,1,0,1,0,0,0,0,0,0,0,0,0,0,0,0,0,0,0,0,0,0,0,0,0,0,3,0,40.0364,-75.1937, , 
 ,49034,2013086761,6,67,67301,2013,7,2,1810,18,1,1,0,8,1, , ,N,0,0,0,3,0,1,2,2,N,N,39 58:14.116,75 09:34.915,1814, ,1812, ,0, ,N, ,0, , , , , ,559658, , , ,1,1,0,0,0,0,0,0,0,0,0,1,1,0,1,0,0,0,0,0,0,0,0,0,0,0,0,0,0,0,0,0,1,0,0,4,0,39.9706,-75.1597, , 
 ,49035,2013046520,6,67,67301,2013,4,7,1259,12,1,1,0,9,1, , ,N,0,0,0,3,0,0,1,1,N,N,40 00:01.523,75 11:41.448,1313, ,1303, ,0, ,N, ,0, , , , , ,559682, , , ,1,1,0,0,0,0,0,0,0,0,0,0,0,0,0,0,0,0,0,0,1,0,0,0,0,0,0,0,0,0,0,0,0,0,0,0,0,40.0004,-75.1948, , 
 ,49036,2013070086,6,67,67301,2013,6,7,9999,99,3,1,0,8,1, , ,N,0,0,7,3,0,1,2,2,N,N,39 59:30.303,75 08:10.082,2110, ,2059, ,0, ,N, ,0, , , , , ,559687, , , ,1,0,0,0,0,0,1,0,0,0,0,1,1,0,0,0,0,0,1,0,0,0,0,0,0,0,0,0,0,0,0,0,1,0,0,4,0,39.9918,-75.1361, , 
 ,49037,2013070269,6,67,67301,2013,6,7,1735,17,1,1,0,8,1, , ,N,1,2,0,3,0,1,2,2,N, ,39 56:08.815,75 13:42.823,1735, ,1735, ,0, ,N, ,3, , , , , ,559688, , , ,1,0,0,0,1,0,0,0,0,1,0,0,1,0,0,0,0,0,0,0,1,0,0,0,0,0,0,0,0,0,0,0,1,0,1,2,0,39.9358,-75.2286, , 
 ,49038,2013074675,6,67,67301,2013,6,5,9999,99,1,1,0,1,1, , ,N,1,2,0,3,0,1,2,2,N,N,40 02:44.262,75 07:42.522,1028, ,1028, ,0, ,N, ,3, , , , , ,559697, , , ,2,2,0,0,0,0,0,0,0,0,0,1,1,0,0,0,0,0,0,0,0,0,0,0,0,0,0,0,0,0,0,0,0,0,0,4,0,40.0456,-75.1285, , 
 ,49039,2013077531,6,67,67301,2013,6,6,9999,99,1,1,0,7,5, , ,N,0,0,0,3,0,1,1,2,N, ,40 03:26.225,75 00:03.662,1510, ,1506, ,0, , , ,0, , , , , ,559699, , , ,2,1,0,0,0,0,0,1,0,0,0,0,1,1,0,0,0,0,0,0,0,0,0,0,0,0,0,0,0,0,0,0,0,0,0,8,0,40.0573,-75.001, , 
 ,49040,2013084007,6,67,67301,2013,7,7,1020,10,1,1,0,4,1, , ,N,0,0,7,3,0,1,2,2,N,N,39 58:02.308,75 08:37.050,1115, ,1056, ,0, ,N, ,0, , , , , ,559704, , , ,1,0,0,0,1,0,0,0,1,0,0,1,1,0,0,0,0,0,0,0,1,0,0,0,0,0,0,0,0,0,0,0,0,0,0,4,0,39.9673,-75.1436, , 
 ,49041,2013095955,6,67,67301,2013,8,5,1225,12,1,1,0,4,1, , ,N,0,0,0,3,0,1,2,2,N,N,40 02:12.044,75 07:15.938,1227, ,225,1,1,1,N, ,0,N, , , , ,559715, , , ,2,1,0,0,1,0,0,0,0,0,0,1,1,0,0,0,0,0,0,0,0,1,0,0,0,0,0,0,0,0,0,0,0,0,0,4,0,40.0367,-75.1211, , 
 ,49042,2013065531,6,67,67301,2013,5,1,1124,11,1,2,1,8,1, , ,N,1,3,0,3,0,1,2,2,N,N,40 03:00.864,75 11:18.520,1140, ,1131, ,0, ,N, ,3, , , , , ,562340, , , ,1,1,0,0,0,0,0,0,0,0,0,1,1,0,0,0,0,0,0,0,0,0,1,0,0,0,0,0,0,0,0,0,1,0,0,4,0,40.0502,-75.1885, , 
 ,49043,2013072208,6,67,67301,2013,6,4,1623,16,1,1,0,4,1, , ,N,1,2,0,3,0,1,2,2,N,N,40 02:23.373,75 08:40.028,1630, ,1625, ,0, ,N, ,3, , , , , ,562343, , , ,2,0,1,0,1,0,0,0,0,0,1,0,1,0,0,0,0,0,0,0,0,0,0,1,0,0,0,0,0,0,0,0,0,0,0,3,0,40.0398,-75.1445, , 
 ,49044,2013086855,6,67,67301,2013,7,3,1738,17,1,1,0,8,1, , ,N,0,0,0,3,0,1,2,2,N,N,40 01:26.025,75 02:39.768,1756, ,1748, ,0, ,N, ,0, , , , , ,562356, , , ,1,0,0,0,0,0,1,0,0,0,0,0,1,1,0,0,0,0,0,0,0,0,0,0,0,0,0,0,0,0,0,0,1,0,0,8,0,40.0239,-75.0444, , 
 ,49045,2013093673,6,67,67301,2013,9,3,1715,17,1,1,0,1,1, , ,N,0,0,0,3,0,1,2,2,N,N,39 59:15.674,75 05:23.058,1715, ,1715,1,1,2,N, ,0,N, , , , ,562363, , , ,2,1,0,0,0,0,1,0,0,0,0,1,1,0,0,0,0,0,0,0,0,0,0,0,0,0,0,0,0,0,0,0,0,0,0,4,0,39.9877,-75.0897, , 
 ,49046,2013096005,6,67,67301,2013,8,4,1911,19,4,2,1,7,2, , ,N,0,0,0,3,0,0,1,1,N,N,39 58:52.267,75 12:00.007,1919, ,1912,1,1,2,N, ,0,N, , , , ,562364, , , ,1,1,0,0,0,0,0,0,0,0,0,0,0,0,0,0,0,0,0,0,0,0,0,0,0,0,0,0,0,0,0,0,0,0,0,0,0,39.9812,-75.2, , 
 ,49047,2013101032,6,67,67301,2013,9,5,720,7,1,1,0,1,1, , ,N,1,3,0,3,0,1,2,2,N,N,40 03:12.657,75 03:59.133,9999, ,1030, ,0, ,N, ,3, , , , , ,562369, , , ,2,2,0,0,0,0,0,0,0,0,0,0,1,1,0,0,0,0,0,0,0,1,0,0,0,0,0,0,0,0,0,0,0,0,0,8,0,40.0535,-75.0664, , 
 ,49048,2013074802,6,67,67301,2013,4,2,9999,99,3,2,1,4,1, , ,N,1,2,0,3,0,3,3,2,N, ,40 00:25.966,75 12:49.671,405, ,355,9,1,1, , ,3,Y, , , , ,562383, , , ,2,2,0,0,0,0,0,0,0,1,0,0,3,2,0,0,0,0,0,0,0,0,0,0,0,0,0,0,0,0,0,0,0,0,0,2,0,40.0072,-75.2135, , 
 ,49049,2013079566,6,67,67301,2013,7,3,1159,11,1,1,0,4,1, , ,N,1,2,0,3,0,3,5,2,N,N,40 03:26.532,75 04:36.059,1208, ,1202, ,0, ,N, ,3, , , , , ,562399, , , ,2,1,0,0,0,0,1,0,0,0,0,0,3,3,0,0,0,0,0,0,0,0,0,0,0,0,0,0,0,0,0,0,0,0,0,8,0,40.0574,-75.0768, , 
 ,49050,2013079973,6,67,67301,2013,7,6,752,7,1,2,1,5,1, , ,N,1,2,0,3,0,0,2,3,N,N,40 00:45.346,75 09:39.342,755, ,752, ,0, ,N, ,3, , , , , ,562401, , , ,3,1,0,0,1,0,0,0,0,0,0,0,0,0,0,0,0,0,0,0,0,0,0,0,0,0,0,0,0,0,0,0,0,0,0,0,0,40.0126,-75.1609, , 
 ,49051,2013086743,6,67,67301,2013,7,7,132,1,3,1,0,4,6, , ,N,0,0,0,3,0,1,2,4,N,N,39 59:39.282,75 09:25.001,141, ,139,2,2,6, , ,0,Y, , , , ,562406, , , ,3,2,0,0,0,0,0,1,0,1,0,0,1,0,0,0,0,0,0,0,0,0,0,0,0,0,0,0,0,0,0,0,1,0,1,2,0,39.9942,-75.1569, , 
 ,49052,2013096060,6,67,67301,2013,8,1,1445,14,1,1,0,8,1, , ,N,1,2,0,3,0,1,2,2,N,N,39 55:14.253,75 09:00.640,1514, ,1451, ,0, ,N, ,3, , , , , ,562418, , , ,1,0,0,1,0,0,0,0,0,0,0,1,1,0,0,0,0,0,0,0,0,0,0,0,0,0,0,0,0,0,0,0,1,0,0,4,1,39.9206,-75.1502, , 
 ,49053,2013070399,6,67,67301,2013,6,6,1225,12,1,2,1,1,1, , ,N,0,0,0,3,0,1,2,2,N,N,39 55:57.136,75 08:37.781,1231, ,1227, ,0, ,N, ,0, , , , , ,562441, , , ,2,2,0,0,0,0,0,0,0,0,0,1,1,0,0,0,0,0,0,0,0,0,0,0,0,0,0,0,0,0,0,0,0,0,0,4,0,39.9325,-75.1438, , 
 ,49054,2013070521,6,67,67301,2013,6,6,2055,20,2,2,1,1,1, , ,N,1,2,0,3,0,1,3,2,N,N,40 04:44.129,75 01:31.222,2110, ,2105, ,0, ,N, ,3, , , , , ,562442, , , ,2,1,0,0,0,1,0,0,0,0,0,1,1,0,0,0,0,0,1,0,0,0,0,1,0,0,0,0,0,0,0,0,0,0,0,4,1,40.0789,-75.0253, , 
 ,49055,2013096086,6,67,67301,2013,8,7,2232,22,3,1,1,6,1, , ,N,0,0,0,3,0,2,3,2,N,N,40 00:33.307,75 06:53.118,9999, ,2303, ,0, ,N, ,0, , , , , ,562467, , , ,1,0,0,0,0,0,1,0,1,0,1,1,2,0,0,0,0,0,0,0,0,0,0,0,0,0,0,0,0,0,0,0,0,0,0,3,0,40.0093,-75.1148, , 
 ,49056,2013096448,6,67,67301,2013,8,6,1200,12,1,1,0,4,1, , ,N,2,3,0,3,0,1,2,2,N,N,39 58:08.870,75 08:15.890,1225, ,9999, ,0, ,N, ,3, , , , , ,562468, , , ,1,0,1,0,0,0,0,0,1,0,1,0,1,0,0,0,0,0,0,0,1,0,0,0,0,0,0,0,0,0,0,0,0,0,0,3,0,39.9691,-75.1377, , 
N,49057,2013063182,6,67,67301,2013,5,3,958,9,1,1,0,5,1,1,4,Y,0,0,0,3,0,1,2,2,N,N,40 01:15.855,75 02:30.911,1014,45,958,1,1,2,N, ,0,N,Y,N,N,N,562474,N,Y,Y,2,1,0,0,0,0,0,1,0,0,0,1,1,0,0,0,0,0,0,0,2,0,0,0,0,0,0,0,0,0,0,0,0,0,0,4,0,40.0211,-75.0419, , 
 ,49058,2013077397,6,67,67301,2013,6,1,9999,99,3,1,0,1,1, , ,N,2,2,0,3,0,0,3,3,N,N,40 03:02.108,75 00:36.644,308, ,303, ,0, , , ,3, , , , , ,562485, , , ,3,2,0,0,0,1,0,0,0,0,0,0,0,0,3,0,0,0,0,0,1,0,0,0,0,0,0,0,0,0,0,0,0,0,0,9,0,40.0506,-75.0102, , 
 ,49059,2013080422,6,46,46102,2013,7,6,834,8,1,1,0,4,1, , ,N,1,2,0,3,0,0,2,2,N, ,40 03:55.027,75 05:25.289,839, ,835, ,0, , , ,3, , , , , ,562490, , , ,2,1,0,0,0,0,0,1,0,0,0,0,0,0,0,0,0,0,0,0,1,0,0,0,0,0,0,0,0,0,0,0,0,0,0,0,0,40.0653,-75.0904, , 
 ,49060,2013111711,6,67,67301,2013,10,2,1900,19,3,1,0,1,1, , ,N,2,0,0,3,0,0,4,2,N,N,40 04:39.076,75 02:38.141,1920, ,1910, ,0, ,N, ,0, , , , , ,568008, , , ,2,2,0,0,0,0,0,0,0,0,0,0,0,0,0,0,0,0,0,0,0,0,0,0,0,0,0,0,0,0,0,0,0,0,0,0,0,40.0775,-75.0438, , 
 ,49061,2013073313,6,67,67301,2013,7,3,1420,14,1,1,0,4,1, , ,N,0,0,0,3,0,1,2,2,N,N,40 02:35.820,75 00:11.472,1424, ,1422,1,2,1,N, ,0,N, , , , ,568023, , , ,2,1,0,0,0,1,0,0,0,0,0,1,1,0,0,0,0,0,0,0,1,0,0,0,0,0,0,0,0,0,0,0,0,0,0,4,1,40.0433,-75.0032, , 
 ,49062,2013077486,6,67,67301,2013,6,4,9999,99,1,1,0,1,1, , ,N,2,3,0,3,0,2,4,2,N,N,39 54:38.461,75 11:08.374,1530, ,1521, ,0, ,N, ,3, , , , , ,568026, , , ,2,2,0,0,0,0,0,0,0,0,0,1,2,1,0,0,0,0,0,0,1,1,0,4,0,0,0,0,0,0,0,0,0,0,0,4,0,39.9106,-75.1856, , 
 ,49063,2013081314,6,67,67301,2013,8,1,1318,13,1,1,0,1,1, , ,N,0,0,3,3,0,2,6,3,N,N,39 56:31.209,75 11:38.315,1327, ,1321,1,2,4,N, ,0,N, , , , ,568031, , , ,3,0,0,0,0,0,0,3,0,0,0,2,2,0,0,0,0,0,0,0,1,1,0,0,0,0,0,0,0,0,0,0,0,0,0,4,0,39.9411,-75.1949, , 
 ,49064,2013088112,6,67,67301,2013,7,1,2253,22,3,2,1,7,4, , ,N,0,0,0,3,1,1,2,1,N,N,39 58:15.966,75 11:24.438,2258, ,2254,4,2,5,N,0,0,N, , , , ,568038, , , ,1,1,0,0,0,0,0,0,0,0,0,0,1,1,0,0,0,0,0,0,0,0,0,0,0,0,0,0,0,0,0,0,0,0,0,1,0,39.9711,-75.1901,2, 
 ,49065,2013093166,6,67,67301,2013,8,4,1556,15,1,1,0,1,1, , ,N,0,2,0,3,0,1,4,2,N,N,40 05:12.405,75 02:09.410,1620, ,1615, ,0, ,N, ,3, , , , , ,568048, , , ,2,2,0,0,0,0,0,0,0,0,0,1,1,0,0,0,0,0,0,0,1,0,0,0,0,0,0,0,0,0,0,0,0,0,0,4,0,40.0868,-75.0359, , 
 ,49066,2013094798,6,67,67301,2013,8,6,1637,16,1,1,0,1,1, , ,N,0,0,0,3,0,2,3,3,N,N,39 56:53.683,75 11:35.124,0, ,0, ,0, ,N, ,0, , , , , ,568050, , , ,2,1,0,0,0,0,1,0,0,0,1,0,2,1,1,0,0,0,0,0,0,1,0,0,0,0,0,0,0,0,0,0,0,0,0,3,0,39.9482,-75.1931, , 
 ,49067,2013077435,6,67,67301,2013,7,4,1443,14,1,1,0,8,1, , ,N,0,0,0,3,0,1,3,2,N, ,39 55:14.050,75 13:39.340,1648, ,1644,1,2,2, , ,0,N, , , , ,568085, , , ,1,1,0,0,0,0,0,0,0,1,0,0,1,0,0,0,0,0,0,0,0,0,0,0,0,0,0,0,0,0,0,0,1,0,1,2,0,39.9206,-75.2276, , 
 ,49068,2013086224,6,67,67301,2013,7,7,45,0,3,2,1,1,1, , ,N,1,2,0,3,0,3,5,3,N,N,40 01:15.937,75 08:23.758,50, ,45, ,0, ,N, ,3, , , , , ,568095, , , ,3,2,0,0,1,0,0,0,0,0,1,2,3,0,0,0,0,0,0,0,1,0,0,0,0,0,0,0,0,0,0,0,0,0,0,3,0,40.0211,-75.1399, , 
 ,49069,2013086866,6,67,67301,2013,8,7,2210,22,3,1,0,8,1, , ,N,0,0,0,3,0,1,2,2,N,N,40 01:17.943,75 09:24.123,2220, ,2214, ,0, ,N, ,0, , , , , ,568096, , , ,1,0,0,0,0,0,1,0,0,0,0,0,1,1,0,0,0,0,0,0,0,0,0,0,0,0,0,0,0,0,0,0,1,0,0,8,0,40.0217,-75.1567, , 
 ,49070,2013096044,6,67,67301,2013,8,6,2230,22,3,1,0,5,1, , ,N,1,0,0,3,0,1,2,2,N,N,39 56:32.042,75 09:14.075,2240, ,2240, ,0, ,N, ,0, , , , , ,568106, , , ,1,0,0,0,0,0,1,0,1,0,0,1,1,0,0,0,0,0,0,0,0,0,0,1,0,0,0,0,0,0,0,0,0,0,0,4,0,39.9422,-75.1539, , 
 ,49071,2013079494,6,67,67301,2013,7,3,430,4,5,1,0,7,5, , ,N,1,2,0,3,0,0,1,1,N, ,39 53:10.783,75 14:56.531,715, ,704, ,0, ,N, ,3, , , , , ,568130, , , ,1,1,0,0,0,0,0,0,0,0,0,0,0,0,0,0,0,0,0,0,0,0,0,0,0,0,0,0,0,0,0,0,0,0,0,0,0,39.8863,-75.249, , 
 ,49072,2013065546,6,67,67301,2013,5,4,9999,99,1,1,0,8,1, , ,N,1,2,0,3,0,1,3,3,N,N,39 59:56.925,75 10:12.475,9999, ,9999, ,0, , , ,3, , , , , ,568171, , , ,1,1,0,0,0,0,0,0,0,0,0,1,1,0,0,0,0,0,0,0,1,0,0,1,0,0,0,0,0,0,0,0,2,0,0,4,0,39.9991,-75.1701, , 
 ,49073,2013070088,6,67,67301,2013,6,6,1922,19,4,2,1,6,1, , ,N,0,0,0,3,0,0,2,2,N,N,40 00:55.213,75 12:29.466,1932, ,1927,2,2,5,N, ,0,Y, , , , ,568178, , , ,2,2,0,0,0,0,0,0,0,0,0,0,0,0,0,0,0,0,0,0,1,0,0,0,0,0,0,0,0,0,0,0,0,0,0,0,0,40.0154,-75.2084, , 
 ,49074,2013070564,6,67,67301,2013,6,1,1942,19,1,1,0,8,1, , ,N,0,0,0,3,0,1,5,2,N,N,39 55:37.732,75 11:06.975,1946, ,1944, ,0, ,N, ,0, , , , , ,568179, , , ,1,1,0,0,0,0,0,0,0,0,0,0,1,1,0,0,0,0,0,0,1,0,0,0,0,0,0,0,0,0,0,0,1,0,0,8,0,39.9271,-75.1853, , 
 ,49075,2013079499,6,67,67301,2013,7,6,9999,99,3,1,0,8,1, , ,N,1,3,0,3,0,1,2,2,N,N,40 00:56.066,75 04:11.726,2134, ,2115, ,0, , , ,3, , , , , ,568185, , , ,1,0,0,0,0,0,0,0,0,0,0,0,1,1,0,0,0,0,0,0,0,0,0,0,0,0,0,0,0,0,0,0,1,0,0,8,0,40.0156,-75.0699, , 
 ,49076,2013079565,6,67,67301,2013,7,4,1430,14,1,1,0,7,3, , ,N,1,2,0,3,0,0,1,1,N,N,40 01:54.428,75 05:07.226,1432, ,1434, ,0, ,Y, ,3, , , , , ,568186, , , ,1,1,0,0,0,0,0,0,0,0,0,0,0,0,0,0,0,0,0,0,0,0,0,0,0,0,0,0,0,0,0,0,0,0,0,0,0,40.0318,-75.0853, , 
 ,49077,2013096474,6,67,67301,2013,8,2,9999,99,1,1,0,8,1, , ,N,5,3,0,3,0,1,2,2,N,N,39 59:34.576,75 07:20.085,1640, ,1617, ,0, ,N, ,3, , , , , ,568197, , , ,1,0,0,0,0,0,1,0,0,0,0,1,1,0,0,0,0,0,0,0,0,0,0,0,0,0,0,0,0,0,0,0,1,0,0,4,0,39.9929,-75.1222, , 
 ,49078,2013032454,6,67,67301,2013,2,7,2030,20,3,9,8,4,1, , ,N,1,3,0,3,0,0,2,2,N,N,39 59:38.011,75 10:43.244,1115, ,1115, ,0, , , ,3, , , , , ,556573, , , ,2,2,0,0,0,0,0,0,0,0,0,0,0,0,2,0,0,0,0,0,0,0,0,0,0,0,0,0,0,0,0,0,0,0,0,9,0,39.9939,-75.1787, , 
 ,49079,2013070179,6,67,67301,2013,5,7,9999,99,3,1,0,4,1, , ,N,0,0,7,3,0,2,3,2,N,N,40 04:12.831,75 00:53.636,1100, ,1055,1,1,5,N, ,0,Y, , , , ,556617, , , ,2,1,0,0,0,0,1,0,0,0,0,2,2,0,0,0,0,0,0,0,0,0,0,0,0,0,0,0,0,0,0,0,0,0,0,4,0,40.0702,-75.0149, , 
 ,49080,2013080057,6,67,67301,2013,7,1,1745,17,1,1,0,8,1, , ,N,1,3,0,3,0,1,2,2,N,N,40 01:42.866,75 04:44.633,1747, ,1745, ,0, ,N, ,3, , , , , ,556624, , , ,1,0,1,0,0,0,0,0,0,0,0,1,1,0,0,0,0,0,0,0,1,0,0,0,0,0,0,0,0,0,0,0,1,0,0,4,0,40.0286,-75.0791, , 
 ,49081,2013082696,6,67,67301,2013,8,7,128,1,3,1,0,5,1, , ,N,0,0,0,3,0,1,2,3,N,N,39 58:56.229,75 09:37.681,132, ,130,3,2,1,N, ,0,Y, , , , ,556627, , , ,3,3,0,0,0,0,0,0,0,0,0,1,1,0,0,0,0,0,1,0,0,0,0,1,0,0,0,0,0,0,0,0,0,0,0,4,0,39.9823,-75.1605, , 
 ,49082,2013084048,6,67,67301,2013,7,3,2226,22,3,1,0,8,1, , ,N,0,0,0,3,4,1,6,6,N, ,40 01:30.242,75 07:41.447,2228, ,2228,4,2,2, ,0,0,Y, , , , ,556628, , , ,1,1,0,0,0,0,0,0,0,0,1,0,1,0,0,0,0,0,0,0,0,0,0,0,0,0,0,0,0,0,0,0,5,4,0,1,0,40.0251,-75.1282,2, 
 ,49083,2013101286,6,67,67301,2013,9,3,1445,14,1,1,0,8,2, , ,N,1,3,0,3,0,2,3,3,N, ,40 01:57.513,75 01:49.053,1620, ,1615, ,0, , , ,3, , , , , ,556643, , , ,1,0,0,0,0,0,1,0,0,0,0,1,2,1,0,0,0,0,0,0,0,0,0,0,0,0,0,0,0,0,0,0,2,0,0,4,0,40.0326,-75.0303, , 
 ,49084,2013062513,6,67,67301,2013,5,5,1909,19,1,2,1,1,1, , ,N,1,2,0,3,0,2,5,2,N,N,40 03:02.755,75 08:55.321,1958, ,1958, ,0, ,N, ,3, , , , , ,556644, , , ,2,1,0,0,0,0,0,1,0,0,0,0,2,2,0,0,0,0,0,0,0,1,0,0,0,0,0,0,0,0,0,0,0,0,0,8,0,40.0507,-75.1487, , 
 ,49085,2013070461,6,67,67301,2013,6,7,1917,19,1,1,0,8,1, , ,N,1,2,0,3,0,3,3,3,N, ,40 01:00.988,75 03:38.322,1930, ,1921, ,0, , , ,3, , , , , ,556653, , , ,1,0,1,0,0,0,0,0,0,0,0,3,3,0,0,0,0,0,0,0,0,0,0,0,0,0,0,0,0,0,0,0,2,0,0,4,0,40.0169,-75.0606, , 
 ,49086,2013074791,6,67,67301,2013,6,5,1350,13,1,1,0,4,1, , ,N,2,2,0,3,0,1,2,2,N,N,39 56:37.021,75 09:24.595,1911, ,1908, ,0, , , ,3, , , , , ,556658, , , ,1,0,0,0,0,0,0,1,1,0,0,1,1,0,1,0,0,0,0,0,1,0,0,0,0,0,0,0,0,0,0,0,0,0,0,4,0,39.9436,-75.1568, , 
 ,49087,2013077495,6,67,67301,2013,7,2,9999,99,1,2,1,5,1, , ,N,0,0,0,3,0,1,2,4,N,N,40 00:34.550,75 04:35.920,330, ,326, ,0, , , ,0, , , , , ,556661, , , ,4,0,0,0,2,0,1,1,0,0,0,1,1,0,0,0,0,0,0,0,1,0,0,0,0,0,0,0,0,0,0,0,0,0,0,4,0,40.0096,-75.0766, , 
 ,49088,2013079519,6,67,67301,2013,7,6,2230,22,3,9,0,0,1, , ,N,0,0,0,3,0,1,1,1,N,N,39 56:41.964,75 08:56.191,9999, ,9999, ,0, ,N, ,0, , , , , ,556665, , , ,1,0,1,0,0,0,0,0,0,0,0,1,1,0,0,0,0,0,0,0,0,0,0,0,0,0,0,0,0,0,0,0,0,0,0,4,0,39.945,-75.1489, , 
 ,49089,2013084039,6,67,67301,2013,7,7,1006,10,1,1,0,4,1, , ,N,1,2,0,3,0,1,3,2,N,N,40 02:02.039,75 04:27.141,1007, ,1006,1,1,1,N, ,3,N, , , , ,556674, , , ,2,2,0,0,0,0,0,0,0,0,1,0,1,0,0,0,0,0,0,0,0,0,0,0,0,0,0,0,0,0,0,0,0,0,0,3,0,40.0339,-75.0742, , 
 ,49090,2013109370,6,67,67301,2013,9,3,1735,17,1,1,0,1,1, , ,N,0,0,0,3,0,1,5,2,N,N,40 01:11.307,75 08:58.639,1750, ,1740,1,1,1,N, ,0,N, , , , ,556728, , , ,2,1,0,0,0,0,1,0,0,0,0,1,1,0,0,0,0,0,0,0,0,0,0,0,0,0,0,0,0,0,0,0,0,0,0,4,0,40.0198,-75.1496, , 
 ,49091,2013070113,6,67,67301,2013,6,6,1030,10,1,1,0,4,4, , ,N,1,2,0,3,0,0,5,2,N,N,40 01:57.103,75 11:23.195,1040, ,1030, ,0, ,N, ,3, , , , , ,556744, , , ,2,2,0,0,0,0,0,0,0,0,0,0,0,0,0,0,0,0,0,0,1,0,0,0,0,0,0,0,0,0,0,0,0,0,0,0,0,40.0325,-75.1898, , 
 ,49092,2013070483,6,67,67301,2013,6,6,1455,14,1,2,1,1,1, , ,N,9,5,0,3,0,2,5,2,N,N,40 04:15.886,75 05:03.439,1510, ,1502, ,0, ,N, ,3, , , , , ,556758, , , ,2,2,0,0,0,0,0,0,0,0,0,0,2,2,1,0,0,0,0,0,0,0,0,0,0,0,0,0,0,0,0,0,0,0,0,8,0,40.0695,-75.0843, , 
 ,49093,2013075141,6,67,67301,2013,6,1,1247,12,1,2,1,4,1, , ,N,1,2,0,3,0,2,4,2,N,N,40 04:15.478,75 02:58.362,1250, ,1248, ,0, ,N, ,3, , , , , ,556767, , , ,2,1,0,1,0,0,0,0,0,0,0,2,2,0,0,0,0,0,0,0,0,0,1,0,0,0,0,0,0,0,0,0,0,0,0,4,1,40.0709,-75.0494, , 
 ,49094,2013086661,6,67,67301,2013,7,3,814,8,1,1,0,8,1, , ,N,0,0,0,3,0,1,2,2,N,Y,39 58:58.868,75 08:30.141,820, ,816,1,2,2,N, ,0,Y, , , , ,556775, , , ,1,1,0,0,0,0,0,0,0,0,0,1,1,0,0,0,0,0,0,0,0,0,0,0,0,0,0,0,0,0,0,0,1,0,0,4,0,39.983,-75.1417, , 
 ,49095,2013086768,6,67,67301,2013,7,1,2350,23,3,1,0,7,5, , ,N,2,0,0,3,0,1,1,1,N,N,40 02:23.058,75 01:57.384,2356, ,2353, ,0, , , ,0, , , , , ,556776, , , ,1,1,0,0,0,0,0,0,0,0,0,0,1,1,0,0,0,0,0,0,0,0,0,0,0,0,0,0,0,0,0,0,0,0,0,8,0,40.0397,-75.0326, , 
 ,49096,2013022786,6,67,67301,2013,2,3,1224,12,1,2,1,7,3, , ,N,0,0,0,3,0,1,1,1,N,N,39 55:57.345,75 12:00.117,1235, ,1225,1,1,4,N, ,0,N, , , , ,550153, , , ,1,0,0,0,0,0,0,1,0,0,0,1,1,0,0,0,0,0,0,0,0,0,0,0,0,0,0,0,0,0,0,0,0,0,0,4,0,39.9326,-75.2, , 
 ,49097,2013035088,6,67,67301,2013,2,6,1836,18,2,1,0,8,1, , ,N,0,0,0,3,0,1,2,2,N,N,39 54:50.486,75 09:00.195,1836, ,1836, ,0, , , ,0, , , , , ,550163, , , ,1,0,0,0,1,0,0,0,0,0,0,0,1,1,0,0,0,0,0,0,0,0,0,0,0,0,0,0,0,0,0,0,1,0,0,8,0,39.914,-75.1501, , 
 ,49098,2013037032,6,67,67301,2013,2,5,1200,12,1,1,0,8,6, , ,N,0,0,0,3,1,0,3,2,N,N,40 00:33.032,75 09:04.524,945, ,945, ,0, ,N,0,0, , , , , ,550167, , , ,1,0,0,0,0,0,1,0,0,0,0,0,0,0,0,0,0,0,0,0,0,0,0,0,0,0,0,0,0,0,0,0,1,1,0,1,0,40.0092,-75.1513,2, 