wz_ln_closure,objectid_1,crn,district,county,municipality,crash_year,crash_month,day_of_week,time_of_day,hour_of_day,illumination,weather,road_condition,collision_type,relation_to_road,work_zone_type,work_zone_loc,work_zone_ind,intersect_type,tcd_type,location_type,urban_rural,fatal_count,injury_count,person_count,total_units,sch_bus_ind,sch_zone_ind,latitude,longitude,arrival_tm,cons_zone_spd_lim,dispatch_tm,est_hrs_closed,lane_closed,ln_close_dir,ntfy_hiwy_maint,spec_juris_cd,tcd_func_cd,tfc_detour_ind,workers_pres,wz_close_detour,wz_flagger,wz_law_offcr_ind,objectid,wz_moving,wz_other,wz_shlder_mdn,vehicle_count,automobile_count,motorcycle_count,bus_count,small_truck_count,heavy_truck_count,suv_count,van_count,bicycle_count,maj_inj_count,mod_inj_count,min_inj_count,tot_inj_count,unk_inj_deg_count,unk_inj_per_count,driver_count_16yr,driver_count_17yr,driver_count_18yr,driver_count_19yr,driver_count_20yr,driver_count_50_64yr,driver_count_65_74yr,driver_count_75plus,unbelted_occ_count,unb_death_count,unb_maj_inj_count,belted_death_count,belted_maj_inj_count,mcycle_death_count,mcycle_maj_inj_count,bicycle_death_count,bicycle_maj_inj_count,ped_count,ped_death_count,ped_maj_inj_count,max_severity_level,comm_veh_count,dec_lat,dec_long,rdwy_surf_type_cd,county_name
 ,49099,2013043830,6,67,67301,2013,3,4,1529,15,1,1,0,4,1, , ,N,0,0,7,3,0,4,7,2,N,N,39 58:50.678,75 13:44.095,1550, ,1546, ,0, ,N, ,0, , , , , ,550175, , , ,2,0,0,0,0,0,0,2,0,0,0,0,4,4,0,0,0,0,0,0,0,0,0,0,0,0,0,0,0,0,0,0,0,0,0,8,0,39.9807,-75.2289, , 
 ,49100,2013047284,6,67,67301,2013,4,7,2335,23,3,1,0,1,1, , ,N,0,0,0,3,0,2,3,2,N,N,40 01:04.443,75 10:16.368,2345, ,2339, ,0, ,N, ,0, , , , , ,550179, , , ,2,2,0,0,0,0,0,0,0,0,0,2,2,0,1,0,0,0,1,0,0,0,0,1,0,0,0,0,0,0,0,0,0,0,0,4,0,40.0179,-75.1712, , 
 ,49101,2013038554,6,67,67301,2013,3,6,845,8,1,4,1,1,1, , ,N,0,0,0,3,0,1,2,2,N,N,39 59:43.893,75 08:21.933,855, ,855, ,0, , , ,0, , , , , ,550207, , , ,2,1,0,0,0,0,1,0,0,0,0,1,1,0,0,0,0,0,0,0,1,0,0,0,0,0,0,0,0,0,0,0,0,0,0,4,0,39.9955,-75.1394, , 
 ,49102,2013050272,6,67,67301,2013,4,3,1130,11,1,1,0,8,1, , ,N,0,0,0,3,0,1,5,2,N, ,40 00:51.004,75 09:12.664,1130, ,1130,1,1,1, , ,0,N, , , , ,550219, , , ,1,0,0,0,0,0,0,1,0,0,0,0,1,1,0,0,0,0,0,0,0,0,0,0,0,0,0,0,0,0,0,0,1,0,0,8,0,40.0142,-75.1535, , 
 ,49103,2013086700,6,67,67301,2013,8,1,9999,99,1,1,0,7,2, , ,N,1,0,0,3,0,0,1,1,N,N,39 57:34.460,75 11:49.790,1728, ,1726, ,0, ,N, ,0, , , , , ,550262, , , ,1,1,0,0,0,0,0,0,0,0,0,0,0,0,0,0,0,0,0,0,0,0,0,0,0,0,0,0,0,0,0,0,0,0,0,0,0,39.9596,-75.197, , 
 ,49104,2013101772,6,67,67301,2013,9,1,343,3,3,1,0,7,2, , ,N,1,2,0,3,0,1,1,1,N,N,40 04:01.087,75 09:29.811,427, ,412, ,0, ,N, ,3, , , , , ,550274, , , ,1,1,0,0,0,0,0,0,0,0,0,0,1,1,0,0,0,0,0,0,0,0,0,0,0,0,0,0,0,0,0,0,0,0,0,8,0,40.067,-75.1583, , 
 ,49105,2013101793,6,67,67301,2013,9,1,1618,16,1,1,0,8,1, , ,N,1,2,0,3,0,1,2,2,N,N,39 59:37.172,75 09:08.597,1650, ,1631, ,0, ,N, ,3, , , , , ,550275, , , ,1,1,0,0,0,0,0,0,1,0,0,1,1,0,0,0,0,0,0,0,0,0,0,0,0,0,0,0,0,0,0,0,0,0,0,4,0,39.9937,-75.1524, , 
 ,49106,2013025016,6,67,67301,2013,1,2,1513,15,1,2,1,8,1, , ,N,5,2,0,3,0,1,3,2,N,N,39 58:18.181,75 07:33.198,1520, ,1514, ,0, ,N, ,3, , , , , ,550298, , , ,1,1,0,0,0,0,0,0,0,0,0,1,1,0,0,0,0,0,0,0,0,0,0,0,0,0,0,0,0,0,0,0,1,0,0,4,0,39.9717,-75.1259, , 
 ,49107,2013035265,6,67,67301,2013,3,3,718,7,1,1,0,4,1, , ,N,0,0,0,3,0,2,2,2,N,N,40 02:01.086,75 09:02.952,723, ,720, ,0, ,N, ,0, , , , , ,550310, , , ,2,0,0,0,0,0,1,1,0,0,2,0,2,0,0,0,0,0,0,0,1,0,0,0,0,0,0,0,0,0,0,0,0,0,0,3,0,40.0336,-75.1508, , 
 ,49108,2013003326,6,67,67301,2013,1,3,856,8,1,1,0,5,1, , ,N,0,0,0,3,0,2,2,2,N,N,39 53:10.692,75 14:35.256,905, ,857,2,1,2,Y, ,0,N, , , , ,550329, , , ,2,1,0,0,0,1,0,0,0,0,1,1,2,0,0,0,0,0,0,0,1,0,0,0,0,0,0,0,0,0,0,0,0,0,0,3,0,39.8863,-75.2431, , 
 ,49109,2013024863,6,67,67301,2013,1,3,706,7,1,1,0,7,5, , ,N,1,0,0,3,0,1,2,1,N, ,40 01:59.616,75 05:00.016,911, ,909, ,0, , , ,0, , , , , ,550341, , , ,1,0,0,0,0,0,1,0,0,0,0,1,1,0,0,0,0,0,0,0,0,0,0,0,0,0,0,0,0,0,0,0,0,0,0,4,0,40.0332,-75.0833, , 
 ,49110,2013046369,6,67,67301,2013,4,3,2300,23,3,1,0,5,2, , ,N,0,0,0,3,0,0,1,2,N,N,39 53:56.561,75 10:29.489,2357, ,2355, ,0, ,N, ,0, , , , , ,550360, , , ,2,2,0,0,0,0,0,0,0,0,0,0,0,0,1,0,0,0,0,0,0,0,0,0,0,0,0,0,0,0,0,0,0,0,0,9,0,39.899,-75.1749, , 
 ,49111,2013032477,6,67,67301,2013,2,5,1953,19,3,1,0,4,1, , ,N,5,2,0,3,0,1,2,2,N,N,40 01:47.862,75 05:14.656,2002, ,1955,1,1,1, , ,3,N, , , , ,550404, , , ,2,2,0,0,0,0,0,0,0,0,0,0,1,1,0,0,0,0,0,0,0,0,1,0,0,0,0,0,0,0,0,0,0,0,0,8,0,40.03,-75.0874, , 
 ,49112,2013033852,6,46,46104,2013,3,5,1334,13,1,1,0,2,1, , ,N,1,2,0,3,0,1,6,3,N,N,39 59:17.883,75 15:14.303,1337, ,1334,1,1,2,N, ,3,N, , , , ,550406, , , ,3,3,0,0,0,0,0,0,0,0,0,1,1,0,2,0,0,0,0,0,1,0,1,0,0,0,0,0,0,0,0,0,0,0,0,4,0,39.9883,-75.254, , 
 ,49113,2013037489,6,67,67301,2013,3,2,9999,99,1,1,0,4,1, , ,N,0,0,0,3,0,1,1,5,N, ,40 02:13.738,75 04:11.454,9999, ,9999,3,2,6, , ,0,Y, , , , ,550412, , , ,5,4,0,0,1,0,0,0,0,0,0,0,1,1,0,0,0,0,0,0,0,0,0,0,0,0,0,0,0,0,0,0,0,0,0,8,0,40.0371,-75.0698, , 
 ,49114,2013101019,6,67,67301,2013,9,6,2113,21,3,1,0,4,1, , ,N,1,2,0,3,0,1,2,2,N,N,40 03:47.297,75 03:06.176,2115, ,2113,9,1,3, , ,3,N, , , , ,553443, , , ,2,1,0,0,0,0,1,0,0,0,0,0,1,1,0,0,0,0,0,1,0,0,0,0,0,0,0,0,0,0,0,0,0,0,0,8,0,40.0631,-75.0516, , 
 ,49115,2013111739,6,67,67301,2013,10,5,312,3,3,1,0,7,4, , ,N,1,2,0,3,0,1,2,1,N,N,40 01:40.095,75 05:55.134,317, ,312,2,2,2,N, ,3,N, , , , ,553455, , , ,1,1,0,0,0,0,0,0,0,0,1,0,1,0,1,0,0,0,0,0,0,0,0,1,0,0,0,0,0,0,0,0,0,0,0,3,0,40.0277,-75.0988, , 
 ,49116,2013016271,6,67,67301,2013,1,4,1543,15,1,2,1,8,1, , ,N,1,2,0,3,0,1,2,2,N,N,40 00:05.763,75 09:10.529,1615, ,1610, ,0, ,N, ,3, , , , , ,553469, , , ,1,1,0,0,0,0,0,0,0,0,0,1,1,0,0,0,0,0,0,0,0,0,0,0,0,0,0,0,0,0,0,0,1,0,0,4,0,40.0016,-75.1528, , 
 ,49117,2013022269,6,67,67301,2013,1,4,815,8,1,9,1,7,5, , ,N,1,2,0,3,0,1,1,2,N,N,40 01:37.801,75 09:04.478,825, ,819, ,0, ,N, ,3, , , , , ,553472, , , ,1,0,0,0,0,0,1,0,0,0,0,0,1,1,0,0,0,0,0,0,1,0,0,0,0,0,0,0,0,0,0,0,0,0,0,8,0,40.0272,-75.1512, , 
 ,49118,2013029367,6,67,67301,2013,3,3,335,3,3,2,1,4,1, , ,N,0,0,0,3,0,0,1,2,N,N,39 58:57.164,75 12:28.391,349, ,342,1,1,4,N, ,0,N, , , , ,553479, , , ,2,0,0,0,0,2,0,0,0,0,0,0,0,0,0,0,0,0,0,0,0,0,0,0,0,0,0,0,0,0,0,0,0,0,0,0,1,39.9825,-75.2079, , 
 ,49119,2013029770,6,67,67301,2013,2,3,843,8,1,4,1,8,1, , ,N,2,3,0,3,0,1,2,2,N,N,39 58:30.493,75 14:51.021,852, ,847, ,0, ,N, ,3, , , , , ,553480, , , ,1,0,0,0,0,0,1,0,0,0,1,0,1,0,0,0,0,0,0,0,1,0,0,0,0,0,0,0,0,0,0,0,1,0,0,3,0,39.9751,-75.2475, , 
 ,49120,2013041319,6,67,67301,2013,3,4,9999,99,3,1,0,6,6, , ,N,0,0,0,3,0,0,1,4,N, ,40 00:44.929,75 08:30.613,116, ,109, ,0, , , ,0, , , , , ,553487, , , ,4,2,0,0,0,0,0,0,0,0,0,0,0,0,0,0,0,0,0,0,0,0,0,0,0,0,0,0,0,0,0,0,0,0,0,0,0,40.0125,-75.1418, , 
 ,49121,2013041963,6,67,67301,2013,3,4,1506,15,1,1,0,1,1, , ,N,0,0,0,3,0,1,4,3,N, ,40 05:39.635,75 00:55.749,1515, ,1509,1,1,1, , ,0,N, , , , ,553489, , , ,3,2,0,0,0,0,1,0,0,0,0,0,1,1,0,0,0,0,0,0,1,0,0,0,0,0,0,0,0,0,0,0,0,0,0,8,0,40.0943,-75.0155, , 
 ,49122,2013043794,6,67,67301,2013,4,2,750,7,1,1,1,1,1, , ,N,0,0,0,3,0,1,4,3,N,N,40 06:09.073,75 03:01.051,810, ,807,2,1,3,N, ,0,N, , , , ,553494, , , ,3,0,0,0,0,0,1,2,0,0,0,0,1,1,0,0,0,0,0,0,2,0,0,0,0,0,0,0,0,0,0,0,0,0,0,8,0,40.1025,-75.0503, , 
 ,49123,2013070131,6,67,67301,2013,6,3,2110,21,3,2,1,4,1, , ,N,1,2,0,3,0,0,3,2,N, ,40 02:54.851,75 05:13.124,2125, ,2112,1,2,4, , ,3,N, , , , ,553525, , , ,2,2,0,0,0,0,0,0,0,0,0,0,0,0,0,0,0,0,1,0,0,0,0,0,0,0,0,0,0,0,0,0,0,0,0,0,0,40.0486,-75.087, , 
 ,49124,2013070556,6,67,67301,2013,6,6,1342,13,1,2,1,8,1, , ,N,1,0,0,3,0,1,2,2,N,N,39 57:18.295,75 11:29.875,9999, ,1342, ,0, ,N, ,0, , , , , ,553526, , , ,1,1,0,0,0,0,0,0,0,0,0,1,1,0,0,0,0,0,0,0,0,0,0,0,0,0,0,0,0,0,0,0,1,0,0,4,0,39.9551,-75.1916, , 
 ,49125,2013096109,6,67,67301,2013,8,7,145,1,3,1,0,8,1, , ,N,1,2,0,3,0,1,2,2,N, ,40 00:11.788,75 09:57.272,1356, ,1352, ,0, , , ,3, , , , , ,553550, , , ,1,1,0,0,0,0,0,0,0,0,1,0,1,0,1,0,0,0,0,0,0,0,0,0,0,0,0,0,0,0,0,0,1,0,0,3,0,40.0033,-75.1659, , 
 ,49126,2013070271,6,67,67301,2013,6,7,2340,23,3,1,0,4,1, , ,N,0,0,0,3,0,2,5,2,N,N,39 58:25.122,75 12:29.170,31, ,30, ,0, ,N, ,0, , , , , ,553565, , , ,2,1,0,0,0,0,1,0,0,0,0,2,2,0,0,0,0,0,0,1,0,0,0,0,0,0,0,0,0,0,0,0,0,0,0,4,0,39.9736,-75.2081, , 
 ,49127,2013072346,6,67,67301,2013,7,7,1610,16,1,1,1,1,1, , ,N,0,0,0,3,0,2,4,3,N,N,40 03:05.211,74 59:21.853,1620, ,1615, ,0, ,N, ,0, , , , , ,553568, , , ,3,2,0,0,0,0,1,0,0,0,0,2,2,0,0,0,0,0,0,0,2,0,0,0,0,0,0,0,0,0,0,0,0,0,0,4,0,40.0514,-74.9894, , 
 ,49128,2013074670,6,67,67301,2013,6,3,1610,16,1,1,0,2,6, , ,N,0,0,0,3,0,1,2,4,N, ,40 03:01.522,75 09:12.574,1625, ,1620,9,1,6, , ,0,Y, , , , ,553572, , , ,4,3,0,0,1,0,0,0,0,0,0,1,1,0,0,0,0,0,0,0,0,1,0,0,0,0,0,0,0,0,0,0,0,0,0,4,0,40.0504,-75.1535, , 
 ,49129,2013079943,6,67,67301,2013,7,6,1404,14,1,1,0,3,1, , ,N,2,3,0,3,0,1,2,2,N,N,39 56:54.304,75 13:52.319,1405, ,1405, ,0, ,N, ,3, , , , , ,553575, , , ,2,1,0,0,1,0,0,0,0,0,0,1,1,0,0,0,0,0,0,0,0,0,0,0,0,0,0,0,0,0,0,0,0,0,0,4,0,39.9484,-75.2312, , 
 ,49130,2013088005,6,67,67301,2013,9,3,132,1,3,1,0,4,1, , ,N,1,2,0,3,0,1,2,2,N,N,39 59:03.796,75 09:15.868,325, ,319, ,0, ,N, ,3, , , , , ,553580, , , ,1,0,0,0,0,0,1,0,1,0,0,0,1,1,1,0,0,0,0,0,0,0,0,0,0,0,0,0,0,0,0,0,0,0,0,8,0,39.9844,-75.1544, , 
 ,49131,2013103921,6,67,67301,2013,9,4,814,8,1,1,0,1,1, , ,N,0,0,0,3,0,1,2,2,N,N,40 01:10.905,75 12:04.071,820, ,814,1,2,5,N, ,0,N, , , , ,553590, , , ,2,0,0,0,1,0,1,0,0,0,0,1,1,0,0,0,0,0,0,0,1,0,0,0,0,0,0,0,0,0,0,0,0,0,0,4,0,40.0197,-75.2011, , 
 ,49132,2013046037,6,67,67301,2013,5,5,1742,17,1,1,0,5,2, , ,N,0,2,0,3,0,0,2,2,N,N,39 58:43.230,75 09:28.092,1747, ,1746, ,0, ,N, ,3, , , , , ,542655, , , ,2,2,0,0,0,0,0,0,0,0,0,0,0,0,0,0,0,0,0,0,0,0,0,1,0,0,0,0,0,0,0,0,0,0,0,0,0,39.9787,-75.1578, , 
 ,49133,2013050239,6,67,67301,2013,4,2,610,6,3,1,0,4,2, , ,N,0,0,0,3,0,0,1,2,N,N,40 01:25.838,75 07:18.818,905, ,903, ,0, ,N, ,0, , , , , ,542659, , , ,2,1,0,0,0,0,0,0,0,0,0,0,0,0,1,0,0,0,0,0,0,0,0,0,0,0,0,0,0,0,0,0,0,0,0,9,0,40.0238,-75.1219, , 
 ,49134,2013035301,6,67,67301,2013,3,7,9999,99,1,1,0,8,1, , ,N,0,0,0,3,0,1,2,2,N, ,40 02:20.409,75 04:40.345,1227, ,1220, ,0, , , ,0, , , , , ,542693, , , ,1,0,0,0,0,0,0,0,0,0,0,1,1,0,0,0,0,0,0,0,0,0,0,0,0,0,0,0,0,0,0,0,1,0,0,4,0,40.039,-75.0779, , 
 ,49135,2013053120,6,67,67301,2013,4,3,1820,18,1,8,8,1,1, , ,N,2,4,0,3,0,1,3,2,N, ,39 54:36.851,75 11:10.474,1835, ,1830, ,0, , , ,3, , , , , ,542709, , , ,2,0,0,0,1,0,1,0,0,0,0,1,1,0,0,0,0,0,0,0,0,0,0,1,0,0,0,0,0,0,0,0,0,0,0,4,0,39.9101,-75.1862, , 
 ,49136,2013024967,6,67,67301,2013,1,7,944,9,1,1,1,1,1, , ,N,0,0,0,3,0,1,2,2,N,N,40 04:27.769,75 02:04.429,949, ,945,1,1,1,N, ,0,N, , , , ,542735, , , ,2,1,0,0,0,0,1,0,0,0,0,1,1,0,0,0,0,0,0,0,0,0,0,1,0,0,0,0,0,0,0,0,0,0,0,4,0,40.0744,-75.0346, , 
 ,49137,2013042931,6,67,67301,2013,4,6,2057,20,3,2,1,0,1, , ,N,0,0,0,3,0,0,2,1,N,N,39 54:06.927,75 09:05.251,2109, ,2058, ,0, ,N, ,0, , , , , ,542748, , , ,1,1,0,0,0,0,0,0,0,0,0,0,0,0,0,0,0,0,0,0,0,0,0,0,0,0,0,0,0,0,0,0,0,0,0,0,0,39.9019,-75.1515, , 
 ,49138,2013050328,6,67,67301,2013,4,2,9999,99,3,2,1,6,2, , ,N,0,0,0,3,0,1,1,2,N,N,40 01:23.325,75 08:54.481,335, ,324, ,0, ,N, ,0, , , , , ,542755, , , ,2,1,0,0,1,0,0,0,0,1,0,0,1,0,0,0,0,0,0,0,0,0,0,0,0,0,0,0,0,0,0,0,0,0,0,2,0,40.0231,-75.1485, , 
 ,49139,2013055867,6,67,67301,2013,4,7,1409,14,1,1,0,8,1, , ,N,0,0,0,3,0,1,2,2,N,N,40 04:44.536,75 05:07.695,1418, ,1409, ,0, , , ,0, , , , , ,542758, , , ,1,0,0,0,0,0,1,0,0,0,0,0,1,1,0,0,0,0,0,0,0,0,0,1,0,0,0,0,0,0,0,0,1,0,0,8,0,40.079,-75.0855, , 
 ,49140,2013022298,6,67,67301,2013,1,5,9999,99,1,9,0,8,1, , ,N,1,0,0,3,0,1,2,2,N, ,40 01:35.986,75 10:38.045,1023, ,1019, ,0, , , ,0, , , , , ,542773, , , ,1,1,0,0,0,0,0,0,0,0,0,0,1,1,0,0,0,0,0,0,0,0,0,0,0,0,0,0,0,0,0,0,1,0,0,8,0,40.0267,-75.1772, , 
 ,49141,2013027406,6,67,67301,2013,1,3,400,4,3,1,0,4,1, , ,N,1,2,0,3,0,3,3,2,N,N,39 57:29.829,75 09:50.647,400, ,400,3,2,7,N, ,3,N, , , , ,542776, , , ,2,1,0,0,0,0,1,0,0,1,1,0,3,1,0,0,0,0,0,0,1,0,0,2,0,1,0,0,0,0,0,0,0,0,0,2,0,39.9583,-75.1641, , 
 ,49142,2013047280,6,67,67301,2013,4,6,345,3,3,2,1,5,6, , ,N,0,0,0,3,0,0,2,2,N,N,40 05:04.225,75 02:37.471,400, ,352, ,0, , , ,0, , , , , ,542798, , , ,2,0,0,0,0,0,1,1,0,0,0,0,0,0,0,0,0,0,0,0,0,0,0,0,0,0,0,0,0,0,0,0,0,0,0,0,0,40.0845,-75.0437, , 
 ,49143,2013055378,6,67,67301,2013,5,2,1800,18,1,1,0,8,1, , ,N,1,2,0,3,0,1,2,2,N, ,40 01:06.336,75 08:56.889,1810, ,1800, ,0, , , ,3, , , , , ,542803, , , ,1,1,0,0,0,0,0,0,0,0,0,1,1,0,0,0,0,0,0,0,1,0,0,0,0,0,0,0,0,0,0,0,1,0,0,4,0,40.0184,-75.1491, , 
 ,49144,2013055580,6,67,67301,2013,4,3,1242,12,1,1,0,4,1, , ,N,0,0,0,3,0,2,2,2,N,N,39 56:27.749,75 11:51.788,1300, ,1255, ,0, ,N, ,0, , , , , ,542804, , , ,2,0,0,0,0,0,2,0,0,0,0,2,2,0,0,0,0,0,0,0,0,0,0,0,0,0,0,0,0,0,0,0,0,0,0,4,0,39.941,-75.1977, , 
 ,49145,2013022302,6,67,67301,2013,1,3,900,9,1,1,6,8,2, , ,N,1,0,0,3,0,1,2,2,N, ,39 55:14.358,75 10:14.006,905, ,903, ,0, , , ,0, , , , , ,542822, , , ,1,1,0,0,0,0,0,0,0,0,0,1,1,0,0,0,0,0,0,0,0,0,1,0,0,0,0,0,0,0,0,0,1,0,0,4,0,39.9206,-75.1704, , 
 ,49146,2013041357,6,67,67301,2013,3,6,1700,17,3,1,0,1,1, , ,N,0,0,0,3,0,2,3,2,N,N,39 57:32.436,75 10:26.482,1910, ,1905, ,0, , , ,0, , , , , ,542840, , , ,2,2,0,0,0,0,0,0,0,0,0,0,2,2,0,0,0,0,0,0,1,0,0,0,0,0,0,0,0,0,0,0,0,0,0,8,0,39.959,-75.174, , 
 ,49147,2013032478,6,67,67301,2013,2,4,730,7,1,1,0,1,1, , ,N,0,0,0,3,0,0,2,2,N, ,39 54:10.324,75 11:36.837,735, ,730,1,1,3, , ,0,N, , , , ,542875, , , ,2,2,0,0,0,0,0,0,0,0,0,0,0,0,0,0,0,0,0,0,1,0,0,0,0,0,0,0,0,0,0,0,0,0,0,0,0,39.9029,-75.1936, , 
 ,49148,2013044145,6,67,67301,2013,3,1,2135,21,3,2,1,4,1, , ,N,0,0,0,3,0,5,6,2,N,N,39 59:09.679,75 12:51.944,2148, ,2136,3,2,6,N, ,0,Y, , , , ,542884, , , ,2,2,0,0,0,0,0,0,0,0,0,0,5,5,0,0,0,0,0,0,0,0,0,0,0,0,0,0,0,0,0,0,0,0,0,8,0,39.986,-75.2144, , 
 ,49149,2013055479,6,67,67301,2013,5,2,430,4,3,1,0,7,5, , ,N,0,0,0,3,0,1,1,1,N,N,40 02:56.504,75 01:57.431,447, ,445,4,1,3, , ,0,Y, , , , ,542894, , , ,1,1,0,0,0,0,0,0,0,0,0,1,1,0,0,0,0,0,0,0,0,0,0,0,0,0,0,0,0,0,0,0,0,0,0,4,0,40.049,-75.0326, , 
Y,49150,2013010621,6,67,67301,2013,1,7,1000,10,1,1,0,5,1,1,4,Y,0,0,0,3,0,1,4,3,N,N,40 01:14.404,75 02:32.721,1009,45,1002,2,2,1,N, ,0,N,N,N,N,N,542912,N,N,N,3,3,0,0,0,0,0,0,0,0,0,1,1,0,0,0,0,0,0,0,0,0,0,0,0,0,0,0,0,0,0,0,0,0,0,4,0,40.0206,-75.0426, , 
 ,49151,2013035190,6,67,67301,2013,2,7,1046,10,1,2,1,8,1, , ,N,1,3,0,3,0,1,2,2,N,N,39 56:06.640,75 10:31.933,1048, ,1048, ,0, ,N, ,3, , , , , ,546345, , , ,1,1,0,0,0,0,0,0,0,0,0,0,1,1,0,0,0,0,0,0,0,0,0,0,0,0,0,0,0,0,0,0,1,0,0,8,0,39.9352,-75.1755, , 
 ,49152,2013043756,6,67,67301,2013,3,6,1815,18,1,1,0,7,3, , ,N,2,2,0,3,0,1,1,1,N,N,40 02:12.213,75 03:45.165,1821, ,1817,1,1,1,Y, ,3,N, , , , ,546356, , , ,1,1,0,0,0,0,0,0,0,0,1,0,1,0,0,0,0,0,0,0,0,0,0,0,0,0,0,0,0,0,0,0,0,0,0,3,0,40.0367,-75.0625, , 
 ,49153,2013047330,6,67,67301,2013,4,1,2112,21,3,1,0,5,2, , ,N,0,0,0,3,0,1,3,2,N,N,40 00:30.970,75 05:22.563,2139, ,2134, ,0, ,N, ,0, , , , , ,546361, , , ,2,2,0,0,0,0,0,0,0,0,0,1,1,0,0,0,0,0,0,0,0,0,1,0,0,0,0,0,0,0,0,0,0,0,0,4,0,40.0086,-75.0896, , 
 ,49154,2013055488,6,67,67301,2013,5,4,9999,99,3,1,0,4,1, , ,N,1,2,0,3,0,2,3,2,N,N,39 59:22.466,75 09:25.981,211, ,211, ,0, ,N, ,3, , , , , ,546369, , , ,2,1,0,0,0,0,0,1,0,0,0,2,2,0,0,0,0,0,0,0,0,0,0,0,0,0,0,0,0,0,0,0,0,0,0,4,0,39.9896,-75.1572, , 
 ,49155,2013038556,6,67,67301,2013,3,5,2023,20,3,1,0,5,2, , ,N,2,0,0,3,0,0,1,2,N,N,40 04:26.454,75 09:38.285,2038, ,2034,1,1,4,N, ,0,N, , , , ,546406, , , ,2,2,0,0,0,0,0,0,0,0,0,0,0,0,0,0,0,0,0,0,0,0,0,0,0,0,0,0,0,0,0,0,0,0,0,0,0,40.074,-75.1606, , 
 ,49156,2013059005,6,67,67301,2013,5,6,1644,16,1,1,0,1,1, , ,N,0,0,0,3,0,0,3,3,N,N,39 58:54.848,75 06:03.806,1704, ,1652, ,0, ,N, ,0, , , , , ,546421, , , ,3,2,0,0,0,0,1,0,0,0,0,0,0,0,0,0,0,1,0,0,1,1,0,0,0,0,0,0,0,0,0,0,0,0,0,0,0,39.9818,-75.1012, , 
 ,49157,2013022307,6,67,67301,2013,1,4,1935,19,3,1,1,2,1, , ,N,1,2,0,3,0,2,2,2,N, ,39 57:26.294,75 10:10.652,1950, ,1945,1,1,4, , ,3,Y, , , , ,546432, , , ,2,2,0,0,0,0,0,0,0,0,0,2,2,0,0,0,0,0,0,0,0,0,0,0,0,0,0,0,0,0,0,0,0,0,0,4,0,39.9573,-75.1696, , 
 ,49158,2013023547,6,67,67301,2013,1,3,1700,17,8,9,8,8,1, , ,N,1,2,0,3,0,1,2,2,N,N,40 00:00.790,75 08:31.774,1531, ,1531, ,0, ,N, ,3, , , , , ,546436, , , ,1,0,0,0,0,0,1,0,0,0,1,0,1,0,0,0,0,0,0,0,0,0,0,0,0,0,0,0,0,0,0,0,1,0,0,3,0,40.0002,-75.1422, , 
 ,49159,2013035008,6,67,67301,2013,3,5,1809,18,3,1,0,1,1, , ,N,1,2,0,3,0,1,2,2,N,N,39 55:44.943,75 11:13.894,1813, ,1810, ,0, ,N, ,3, , , , , ,546448, , , ,2,0,0,0,0,0,2,0,0,0,0,1,1,0,0,0,0,0,0,0,0,0,0,0,0,0,0,0,0,0,0,0,0,0,0,4,0,39.9292,-75.1872, , 
 ,49160,2013041300,6,67,67301,2013,3,6,1618,16,1,1,0,1,1, , ,N,0,0,0,3,0,1,2,2,N, ,40 00:30.333,75 07:52.471,1620, ,1619, ,0, , , ,0, , , , , ,546454, , , ,2,2,0,0,0,0,0,0,0,0,1,0,1,0,0,0,0,0,0,0,0,0,0,0,0,0,0,0,0,0,0,0,0,0,0,3,0,40.0084,-75.1312, , 
 ,49161,2013050332,6,67,67301,2013,4,1,220,2,3,1,0,5,6, , ,N,0,0,0,3,0,1,1,3,N,N,40 07:32.196,75 01:07.788,230, ,220, ,0, , , ,0, , , , , ,546465, , , ,3,2,0,0,1,0,0,0,0,0,0,1,1,0,0,0,0,0,0,0,0,0,0,0,0,0,0,0,0,0,0,0,0,0,0,4,0,40.1256,-75.0188, , 
 ,49162,2013050349,6,67,67301,2013,4,1,1056,10,1,1,0,5,1, , ,N,0,0,0,3,0,1,4,4,N, ,40 02:02.086,75 01:47.085,1100, ,1056, ,0, , , ,0, , , , , ,546473, , , ,4,4,0,0,0,0,0,0,0,0,0,1,1,0,0,0,0,0,0,0,0,0,0,0,0,0,0,0,0,0,0,0,0,0,0,4,0,40.0339,-75.0297, , 
 ,49163,2013007402,6,67,67301,2013,1,2,2136,21,3,2,1,7,3, , ,N,0,0,0,3,0,0,1,1,N,N,39 57:41.359,75 08:24.678,2137, ,2137, ,0, ,N, ,0, , , , , ,546479, , , ,1,1,0,0,0,0,0,0,0,0,0,0,0,0,0,0,0,0,0,0,0,0,0,0,0,0,0,0,0,0,0,0,0,0,0,0,0,39.9615,-75.1402, , 
 ,49164,2013016185,6,67,67301,2013,1,7,2154,21,3,1,0,5,6, , ,N,0,0,0,3,0,0,2,5,N,N,39 54:13.237,75 14:36.196,2216, ,2213,1,2,4,N, ,0,N, , , , ,546487, , , ,5,5,0,0,0,0,0,0,0,0,0,0,0,0,2,0,0,0,0,0,0,1,0,0,0,0,0,0,0,0,0,0,0,0,0,9,0,39.9037,-75.2434, , 