wz_ln_closure,objectid_1,crn,district,county,municipality,crash_year,crash_month,day_of_week,time_of_day,hour_of_day,illumination,weather,road_condition,collision_type,relation_to_road,work_zone_type,work_zone_loc,work_zone_ind,intersect_type,tcd_type,location_type,urban_rural,fatal_count,injury_count,person_count,total_units,sch_bus_ind,sch_zone_ind,latitude,longitude,arrival_tm,cons_zone_spd_lim,dispatch_tm,est_hrs_closed,lane_closed,ln_close_dir,ntfy_hiwy_maint,spec_juris_cd,tcd_func_cd,tfc_detour_ind,workers_pres,wz_close_detour,wz_flagger,wz_law_offcr_ind,objectid,wz_moving,wz_other,wz_shlder_mdn,vehicle_count,automobile_count,motorcycle_count,bus_count,small_truck_count,heavy_truck_count,suv_count,van_count,bicycle_count,maj_inj_count,mod_inj_count,min_inj_count,tot_inj_count,unk_inj_deg_count,unk_inj_per_count,driver_count_16yr,driver_count_17yr,driver_count_18yr,driver_count_19yr,driver_count_20yr,driver_count_50_64yr,driver_count_65_74yr,driver_count_75plus,unbelted_occ_count,unb_death_count,unb_maj_inj_count,belted_death_count,belted_maj_inj_count,mcycle_death_count,mcycle_maj_inj_count,bicycle_death_count,bicycle_maj_inj_count,ped_count,ped_death_count,ped_maj_inj_count,max_severity_level,comm_veh_count,dec_lat,dec_long,rdwy_surf_type_cd,county_name
 ,49298,2013031381,6,67,67301,2013,3,7,1450,14,1,3,1,1,1, , ,N,0,0,0,3,0,0,2,2,N,N,39 59:44.014,75 11:51.584,1458, ,1452,1,2,3,N, ,0,N, , , , ,546835, , , ,2,1,0,0,0,0,1,0,0,0,0,0,0,0,0,0,0,0,0,0,0,0,0,0,0,0,0,0,0,0,0,0,0,0,0,0,0,39.9956,-75.1977, , 
 ,49299,2013044114,6,67,67301,2013,3,6,8,0,3,1,0,4,1, , ,N,1,2,0,3,0,1,3,2,N,N,39 57:23.639,75 12:35.094,39, ,37, ,0, ,N, ,3, , , , , ,546853, , , ,2,2,0,0,0,0,0,0,0,0,0,1,1,0,0,0,0,0,0,0,1,0,0,0,0,0,0,0,0,0,0,0,0,0,0,4,0,39.9566,-75.2098, , 
 ,49300,2013050268,6,67,67301,2013,4,3,1705,17,1,1,0,8,1, , ,N,1,2,0,3,0,1,2,2,N,N,40 02:18.342,75 02:10.265,1716, ,1709, ,0, ,N, ,3, , , , , ,546858, , , ,1,1,0,0,0,0,0,0,0,0,0,1,1,0,0,0,0,0,0,0,0,0,0,0,0,0,0,0,0,0,0,0,1,0,0,4,0,40.0384,-75.0362, , 
 ,49301,2013055343,6,67,67301,2013,5,5,645,6,5,2,1,4,1, , ,N,1,2,0,3,0,1,3,2,N, ,40 07:44.528,75 01:30.881,653, ,650,1,1,6, , ,3,N, , , , ,546905, , , ,2,2,0,0,0,0,0,0,0,0,1,0,1,0,0,0,0,0,0,1,0,0,0,0,0,0,0,0,0,0,0,0,0,0,0,3,0,40.129,-75.0252, , 
 ,49302,2013035073,6,67,67301,2013,3,1,2108,21,3,1,0,4,1, , ,N,1,2,0,3,0,2,3,2,N,N,40 00:37.061,75 05:53.071,2210, ,2204, ,0, ,N, ,3, , , , , ,546929, , , ,2,2,0,0,0,0,0,0,0,0,2,0,2,0,1,0,0,0,0,0,0,0,0,0,0,0,0,0,0,0,0,0,0,0,0,3,0,40.0102,-75.0981, , 
 ,49303,2013053407,6,67,67301,2013,5,1,1645,16,1,1,0,4,1, , ,N,0,0,0,3,0,0,5,2,N,N,39 57:42.067,75 10:57.706,1658, ,1646, ,0, ,N, ,0, , , , , ,546942, , , ,2,1,0,0,1,0,0,0,0,0,0,0,0,0,0,0,0,1,0,0,0,0,0,0,0,0,0,0,0,0,0,0,0,0,0,0,0,39.9617,-75.1827, , 
 ,49304,2013029758,6,67,67301,2013,2,2,630,6,5,1,0,4,6, , ,N,0,0,0,3,0,1,1,2,N, ,40 07:41.109,75 01:22.694,640, ,635,2,2,6, , ,0,Y, , , , ,546977, , , ,2,1,0,0,1,0,0,0,0,0,1,0,1,0,0,0,0,0,0,0,0,0,0,0,0,0,0,0,0,0,0,0,0,0,0,3,0,40.1281,-75.023, , 
 ,49305,2013036786,6,67,67301,2013,1,7,219,2,3,1,0,1,1, , ,N,0,0,0,3,0,2,3,2,N,N,39 59:51.292,75 04:54.691,229, ,223,1,1,2,N, ,0,N, , , , ,546984, , , ,2,1,0,0,1,0,0,0,0,0,0,2,2,0,1,0,0,0,0,0,0,0,0,0,0,0,0,0,0,0,0,0,0,0,0,4,0,39.9976,-75.0818, , 
 ,49306,2013029774,6,67,67301,2013,2,4,2143,21,3,3,1,4,1, , ,N,1,3,0,3,0,2,9,2,N,N,39 57:42.364,75 08:41.348,2158, ,2145, ,0, , , ,3, , , , , ,547021, , , ,2,0,0,1,1,0,0,0,0,0,0,2,2,0,0,0,0,0,0,0,1,1,0,0,0,0,0,0,0,0,0,0,0,0,0,4,1,39.9618,-75.1448, , 
 ,49307,2013062536,6,67,67301,2013,4,6,35,0,3,1,0,5,6, , ,N,0,0,0,3,0,0,1,4,N,N,39 56:47.202,75 14:04.239,100, ,58, ,0, ,N, ,0, , , , , ,547046, , , ,4,4,0,0,0,0,0,0,0,0,0,0,0,0,0,0,0,0,0,0,0,0,1,1,0,0,0,0,0,0,0,0,0,0,0,0,0,39.9464,-75.2345, , 
 ,49308,2013063050,6,67,67301,2013,6,5,1058,10,1,1,0,1,1, , ,N,1,2,0,3,0,2,4,2,N,N,40 02:40.636,75 03:16.819,1059, ,1058,1,1,3,N, ,3,N, , , , ,547047, , , ,2,1,0,0,0,1,0,0,0,0,0,0,2,2,0,0,0,0,0,0,0,0,0,0,0,0,0,0,0,0,0,0,0,0,0,8,1,40.0446,-75.0547, , 
 ,49309,2013066813,6,67,67301,2013,5,7,1530,15,1,1,0,1,1, , ,N,0,0,0,3,0,1,3,2,N,N,39 59:24.640,75 12:19.779,0, ,0, ,0, ,N, ,0, , , , , ,547049, , , ,2,1,0,0,0,0,1,0,0,0,1,0,1,0,0,0,0,0,0,0,0,0,0,0,0,0,0,0,0,0,0,0,0,0,0,3,0,39.9902,-75.2055, , 
 ,49310,2013035630,6,67,67301,2013,3,7,630,6,1,1,0,7,5, , ,N,2,0,0,3,0,0,1,1,N,N,39 54:26.280,75 11:16.256,635, ,630, ,0, ,N, ,0, , , , , ,547082, , , ,1,1,0,0,0,0,0,0,0,0,0,0,0,0,0,0,0,0,0,0,0,0,0,0,0,0,0,0,0,0,0,0,0,0,0,0,0,39.9073,-75.1878, , 
 ,49311,2013050474,6,67,67301,2013,5,5,542,5,1,2,1,7,4, , ,N,0,0,0,3,0,1,1,1,N,N,39 57:26.081,75 08:28.996,617, ,555,1,1,2,N, ,0,N, , , , ,547098, , , ,1,1,0,0,0,0,0,0,0,0,1,0,1,0,0,0,0,0,0,0,1,0,0,0,0,0,0,0,0,0,0,0,0,0,0,3,0,39.9573,-75.1414, , 
 ,49312,2013052363,6,67,67301,2013,5,6,1506,15,1,1,0,1,1, , ,N,0,0,0,3,0,0,2,2,N,N,39 57:18.352,75 10:51.082,1521, ,1508, ,0, ,N, ,0, , , , , ,547099, , , ,2,1,0,0,0,0,1,0,0,0,0,0,0,0,0,0,0,0,0,0,0,0,0,0,0,0,0,0,0,0,0,0,0,0,0,0,0,39.9551,-75.1809, , 
 ,49313,2013035267,6,67,67301,2013,3,2,900,9,1,1,0,5,1, , ,N,0,0,0,3,0,0,2,2,N,N,39 59:26.916,75 07:47.743,925, ,924,2,1,1,N, ,0,N, , , , ,547134, , , ,2,1,0,0,1,0,0,0,0,0,0,0,0,0,0,0,0,0,0,0,1,0,0,0,0,0,0,0,0,0,0,0,0,0,0,0,0,39.9908,-75.1299, , 
 ,49314,2013035307,6,67,67301,2013,2,1,1430,14,1,1,0,4,1, , ,N,1,3,0,3,0,0,2,2,N,N,40 02:23.262,75 07:54.458,1620, ,1618, ,0, ,N, ,3, , , , , ,547135, , , ,2,1,0,0,0,0,1,0,0,0,0,0,0,0,0,0,0,0,0,0,0,0,0,0,0,0,0,0,0,0,0,0,0,0,0,0,0,40.0398,-75.1318, , 
 ,49315,2013043159,6,67,67301,2013,3,5,2351,23,3,1,0,7,3, , ,N,0,0,0,3,0,0,2,1,N,N,39 55:56.384,75 11:59.957,2, ,2353,1,2,4,N, ,0,N, , , , ,550943, , , ,1,1,0,0,0,0,0,0,0,0,0,0,0,0,0,0,0,0,0,0,0,0,0,2,0,0,0,0,0,0,0,0,0,0,0,0,0,39.9323,-75.2, , 
 ,49316,2013047298,6,67,67301,2013,4,3,1813,18,1,1,0,4,7, , ,N,1,3,0,3,0,0,2,2,N,N,39 59:11.983,75 12:29.919,1825, ,1818, ,0, ,N, ,3, , , , , ,550948, , , ,2,2,0,0,0,0,0,0,0,0,0,0,0,0,0,0,0,0,0,0,1,1,0,0,0,0,0,0,0,0,0,0,0,0,0,0,0,39.9867,-75.2083, , 
 ,49317,2013047324,6,67,67301,2013,4,2,1815,18,1,1,0,4,1, , ,N,0,0,0,3,0,1,3,2,N,N,39 57:23.778,75 14:13.736,1850, ,1844, ,0, ,N, ,0, , , , , ,550949, , , ,1,1,0,0,0,0,0,0,1,0,1,0,1,0,0,0,0,0,0,0,0,0,0,0,0,0,0,0,0,0,0,0,0,0,0,3,0,39.9566,-75.2371, , 
 ,49318,2013013045,6,67,67301,2013,1,6,1631,16,1,4,4,7,2, , ,N,0,0,1,3,0,1,2,2,N,N,39 56:50.502,75 08:32.039,1640, ,1633,1,2,2,N, ,0,N, , , , ,550965, , , ,2,2,0,0,0,0,0,0,0,0,0,1,1,0,0,0,0,0,0,0,1,0,0,0,0,0,0,0,0,0,0,0,0,0,0,4,0,39.9474,-75.1422, , 
 ,49319,2013035217,6,67,67301,2013,3,2,1300,13,1,1,0,7,5, , ,N,0,0,0,3,0,1,1,1,N,N,39 59:55.856,75 13:09.117,1320, ,1310,1,1,1, , ,0,Y, , , , ,550986, , , ,1,1,0,0,0,0,0,0,0,0,0,0,1,1,0,0,0,0,0,0,0,1,0,0,0,0,0,0,0,0,0,0,0,0,0,8,0,39.9988,-75.2192, , 
 ,49320,2013046389,6,67,67301,2013,4,4,2200,22,3,1,0,8,1, , ,N,1,2,0,3,0,1,2,2,N,N,40 01:15.522,75 08:23.479,2203, ,2202, ,0, ,N, ,3, , , , , ,550994, , , ,1,1,0,0,0,0,0,0,0,0,0,0,1,1,1,0,0,0,0,0,0,0,0,0,0,0,0,0,0,0,0,0,1,0,0,8,0,40.021,-75.1399, , 
 ,49321,2013047247,6,67,67301,2013,4,7,1505,15,1,1,0,1,1, , ,N,0,2,0,3,0,1,5,3,N,N,40 05:02.389,75 02:19.493,1515, ,1509, ,0, ,N, ,3, , , , , ,550996, , , ,3,2,0,0,0,0,1,0,0,0,0,1,1,0,0,0,0,0,0,0,0,0,1,0,0,0,0,0,0,0,0,0,0,0,0,4,0,40.084,-75.0387, , 
 ,49322,2013070045,6,67,67301,2013,6,4,1219,12,1,1,0,8,1, , ,N,0,0,0,3,0,1,3,2,N,N,40 01:05.839,75 03:49.977,1232, ,1222, ,0, ,N, ,0, , , , , ,551029, , , ,1,1,0,0,0,0,0,0,0,0,0,1,1,0,0,0,0,0,0,0,0,0,0,0,0,0,0,0,0,0,0,0,1,0,0,4,0,40.0183,-75.0639, , 
 ,49323,2013077412,6,67,67301,2013,7,3,930,9,1,1,1,4,1, , ,N,1,2,0,3,0,1,2,2,N,N,39 55:58.508,75 08:55.373,939, ,937, ,0, ,N, ,3, , , , , ,551036, , , ,2,2,0,0,0,0,0,0,0,0,0,0,1,1,1,0,0,0,0,0,0,1,0,0,0,0,0,0,0,0,0,0,0,0,0,8,0,39.9329,-75.1487, , 
 ,49324,2013077415,6,67,67301,2013,7,3,9999,99,1,2,1,7,2, , ,N,0,0,0,3,0,1,1,1,N,N,39 55:11.605,75 12:06.311,1805, ,1800, ,0, ,N, ,0, , , , , ,551037, , , ,1,1,0,0,0,0,0,0,0,0,0,1,1,0,0,0,0,0,0,0,0,0,0,0,0,0,0,0,0,0,0,0,0,0,0,4,0,39.9199,-75.2016, , 
 ,49325,2013084809,6,67,67301,2013,8,3,1744,17,1,1,0,5,1, , ,N,0,0,0,3,0,1,2,2,N,N,39 56:50.247,75 08:32.078,1753, ,1745, ,0, ,N, ,0, , , , , ,551044, , , ,2,1,0,0,0,1,0,0,0,0,0,0,1,1,0,0,0,0,0,0,0,0,0,0,0,0,0,0,0,0,0,0,0,0,0,8,1,39.9473,-75.1422, , 
 ,49326,2013094708,6,67,67301,2013,6,7,1335,13,1,1,0,1,1, , ,N,1,2,0,3,0,3,4,2,N,N,40 02:35.289,75 10:02.002,0, ,0, ,0, ,N, ,3, , , , , ,551051, , , ,2,2,0,0,0,0,0,0,0,0,0,0,3,3,1,0,0,0,0,0,0,0,0,0,0,0,0,0,0,0,0,0,0,0,0,8,0,40.0431,-75.1672, , 
 ,49327,2013017092,6,67,67301,2013,1,2,2140,21,3,4,3,1,1, , ,N,0,0,0,3,0,0,2,2,N,N,40 01:49.299,75 01:19.316,2200, ,2143,1,1,4,N, ,0,N, , , , ,551062, , , ,2,2,0,0,0,0,0,0,0,0,0,0,0,0,0,0,0,0,0,0,0,0,0,0,0,0,0,0,0,0,0,0,0,0,0,0,0,40.0304,-75.022, , 
 ,49328,2013026940,6,67,67301,2013,2,6,2244,22,3,4,1,4,1, , ,N,2,2,0,3,0,3,4,3,N,N,39 58:25.156,75 12:32.179,2255, ,2245,2,1,6,N, ,3,N, , , , ,551068, , , ,3,2,0,0,0,0,0,1,0,0,0,0,3,3,0,0,0,0,1,0,0,0,0,0,0,0,0,0,0,0,0,0,0,0,0,8,0,39.9736,-75.2089, , 
 ,49329,2013029876,6,67,67301,2013,3,6,1944,19,3,1,0,1,1, , ,N,0,0,0,3,0,0,2,2,N,N,39 57:36.515,75 10:48.208,2000, ,1950,1,1,4,N, ,0,Y, , , , ,551069, , , ,2,1,0,0,0,0,1,0,0,0,0,0,0,0,0,0,0,0,0,0,0,0,0,0,0,0,0,0,0,0,0,0,0,0,0,0,0,39.9601,-75.1801, , 
 ,49330,2013050287,6,67,67301,2013,4,7,2125,21,3,1,0,4,1, , ,N,0,0,0,3,0,0,1,6,N, ,39 59:08.088,75 09:46.641,2200, ,2128,1,1,1, , ,0,Y, , , , ,551091, , , ,6,1,0,0,0,0,4,0,0,0,0,0,0,0,0,0,0,0,0,0,0,0,0,0,0,0,0,0,0,0,0,0,0,0,0,0,0,39.9856,-75.163, , 
 ,49331,2013029882,6,67,67301,2013,3,4,705,7,1,1,0,1,1, , ,N,6,4,2,3,0,1,3,2,N,N,39 56:43.369,75 11:25.410,709, ,709, ,0, ,N, ,3, , , , , ,551120, , , ,2,0,0,0,0,0,2,0,0,0,0,1,1,0,0,0,0,0,0,0,0,1,0,0,0,0,0,0,0,0,0,0,0,0,0,4,0,39.9454,-75.1904, , 
 ,49332,2013034610,6,67,67301,2013,2,1,410,4,3,1,0,6,2, , ,N,0,0,0,3,0,1,1,3,N, ,40 04:04.148,74 59:18.020,420, ,413, ,0, , , ,0, , , , , ,551125, , , ,3,2,0,0,0,0,1,0,0,0,0,0,1,1,0,0,0,0,0,0,0,0,0,0,0,0,0,0,0,0,0,0,0,0,0,8,0,40.0678,-74.9883, , 
 ,49333,2013006136,6,67,67301,2013,1,4,400,4,3,1,0,8,1, , ,N,0,0,0,3,0,1,2,2,N,N,40 02:23.984,75 03:31.208,1153, ,1145, ,0, ,N, ,0, , , , , ,551153, , , ,1,1,0,0,0,0,0,0,0,0,0,1,1,0,0,0,0,0,0,0,0,0,0,0,0,0,0,0,0,0,0,0,1,0,0,4,0,40.04,-75.0587, , 
 ,49334,2013041315,6,67,67301,2013,2,2,59,0,3,1,0,4,1, , ,N,1,3,0,3,0,1,3,2,N,N,39 59:56.680,75 10:10.631,105, ,100, ,0, ,N, ,3, , , , , ,553916, , , ,2,2,0,0,0,0,0,0,0,0,0,0,1,1,0,0,0,0,0,0,0,0,0,0,0,0,0,0,0,0,0,0,0,0,0,8,0,39.9991,-75.1696, , 
 ,49335,2013041343,6,67,67301,2013,3,1,1710,17,1,1,0,4,1, , ,N,1,3,0,3,0,1,2,3,N,N,40 04:03.349,75 09:09.446,1720, ,1713, ,0, , , ,3, , , , , ,553917, , , ,3,2,0,0,0,0,1,0,0,0,0,1,1,0,0,0,0,0,0,0,0,0,1,0,0,0,0,0,0,0,0,0,0,0,0,4,0,40.0676,-75.1526, , 
 ,49336,2013062567,6,67,67301,2013,5,7,2320,23,3,1,0,4,1, , ,N,0,0,7,3,0,3,6,3,N, ,39 58:24.978,75 09:32.546,2325, ,2320,3,2,1, , ,0,Y, , , , ,553962, , , ,3,1,0,0,0,0,2,0,0,0,0,3,3,0,0,0,0,1,0,0,0,0,0,0,0,0,0,0,0,0,0,0,0,0,0,4,0,39.9736,-75.159, , 
 ,49337,2013077517,6,67,67301,2013,7,3,928,9,1,2,0,8,1, , ,N,1,2,0,3,0,1,2,2,N,N,40 02:43.800,75 09:53.514,935, ,930, ,0, ,N, ,3, , , , , ,553981, , , ,1,0,0,0,0,0,1,0,0,0,0,1,1,0,0,0,0,0,0,0,0,0,0,0,0,0,0,0,0,0,0,0,1,0,0,4,0,40.0455,-75.1649, , 
 ,49338,2013077526,6,67,67301,2013,6,6,1628,16,1,2,1,4,1, , ,N,1,2,0,3,0,1,2,2,N,N,39 57:37.583,75 14:27.758,1633, ,1632,3,1,3, , ,3,N, , , , ,553982, , , ,2,2,0,0,0,0,0,0,0,0,0,1,1,0,0,0,0,0,0,0,0,0,0,0,0,0,0,0,0,0,0,0,0,0,0,4,0,39.9604,-75.2411, , 
 ,49339,2013086711,6,67,67301,2013,8,5,1040,10,1,1,0,1,1, , ,N,0,0,0,3,0,1,2,2,N, ,40 02:59.046,75 14:08.903,1049, ,1041, ,0, , , ,0, , , , , ,553987, , , ,2,1,0,0,0,0,1,0,0,0,0,1,1,0,0,0,0,0,0,1,0,0,0,2,0,0,0,0,0,0,0,0,0,0,0,4,0,40.0497,-75.2358, , 
 ,49340,2013086941,6,67,67301,2013,7,4,820,8,1,1,0,7,5, , ,N,0,0,0,3,0,2,2,1,N,N,39 56:55.866,75 08:51.836,827, ,825,2,1,3, , ,0,N, , , , ,553988, , , ,1,1,0,0,0,0,0,0,0,0,0,1,2,1,0,0,0,0,0,0,1,0,0,0,0,0,0,0,0,0,0,0,0,0,0,4,0,39.9489,-75.1477, , 
 ,49341,2013055499,6,67,67301,2013,5,7,2050,20,3,1,0,4,1, , ,N,1,2,0,3,0,3,4,2,N,N,40 02:23.726,75 07:13.540,2103, ,2100,1,1,2,N, ,3,Y, , , , ,553992, , , ,2,1,0,0,0,0,1,0,0,0,2,1,3,0,0,0,0,0,0,0,1,0,0,0,0,0,0,0,0,0,0,0,0,0,0,3,0,40.0399,-75.1204, , 
 ,49342,2013065510,6,67,67301,2013,5,5,1700,17,1,1,0,4,1, , ,N,1,2,0,3,0,1,3,2,N, ,39 57:41.996,75 09:22.102,1720, ,1715, ,0, , , ,3, , , , , ,554013, , , ,2,0,0,0,2,0,0,0,0,0,0,1,1,0,0,0,0,0,0,0,0,0,0,0,0,0,0,0,0,0,0,0,0,0,0,4,0,39.9617,-75.1561, , 
 ,49343,2013070468,6,67,67301,2013,6,5,1049,10,1,1,0,5,1, , ,N,1,0,0,3,0,1,2,2,N,N,40 03:22.996,75 01:32.792,1055, ,1052, ,0, , , ,0, , , , , ,554018, , , ,2,1,0,0,1,0,0,0,0,0,0,0,1,1,0,0,0,0,0,1,0,0,0,0,0,0,0,0,0,0,0,0,0,0,0,8,0,40.0564,-75.0258, , 
 ,49344,2013070503,6,67,67301,2013,6,5,1225,12,1,1,0,4,1, , ,N,1,3,0,3,0,1,4,2,N,N,39 57:48.060,75 09:46.616,1241, ,1231,1,2,2,N, ,3,Y, , , , ,554019, , , ,2,2,0,0,0,0,0,0,0,0,0,1,1,0,0,0,0,0,0,0,0,0,0,0,0,0,0,0,0,0,0,0,0,0,0,4,0,39.9634,-75.1629, , 
 ,49345,2013077503,6,67,67301,2013,6,5,1850,18,1,2,1,7,5, , ,N,0,0,0,3,0,0,1,1,N,N,39 59:48.190,75 08:21.720,1925, ,1920, ,0, ,N, ,0, , , , , ,554029, , , ,1,0,0,0,0,0,0,1,0,0,0,0,0,0,0,0,0,0,0,0,0,0,0,0,0,0,0,0,0,0,0,0,0,0,0,0,0,39.9967,-75.1394, , 
 ,49346,2013065473,6,67,67301,2013,5,4,2150,21,3,1,0,4,1, , ,N,1,3,0,3,0,1,2,2,N, ,39 55:51.236,75 10:17.691,2214, ,2158, ,0, , , ,3, , , , , ,554056, , , ,2,2,0,0,0,0,0,0,0,0,0,1,1,0,0,0,0,0,0,0,0,0,0,1,0,0,0,0,0,0,0,0,0,0,0,4,0,39.9309,-75.1716, , 
 ,49347,2013082628,6,67,67301,2013,8,2,2239,22,3,1,0,7,2, , ,N,0,0,0,3,0,0,2,1,N,N,39 59:39.732,75 05:03.368,2304, ,2246,1,2,2,N, ,0,N, , , , ,554069, , , ,1,1,0,0,0,0,0,0,0,0,0,0,0,0,0,0,0,0,0,0,1,0,0,0,0,0,0,0,0,0,0,0,0,0,0,0,0,39.9944,-75.0843, , 
 ,49348,2013084042,6,67,67301,2013,7,3,9999,99,1,1,1,4,1, , ,N,1,2,0,3,0,1,3,2,N,N,39 58:49.769,75 13:29.078,1655, ,1639, ,0, ,N, ,3, , , , , ,554071, , , ,2,2,0,0,0,0,0,0,0,0,1,0,1,0,0,0,0,0,0,0,0,0,0,0,0,0,0,0,0,0,0,0,0,0,0,3,0,39.9804,-75.2247, , 
 ,49349,2013044119,6,67,67301,2013,3,1,2007,20,3,2,1,4,1, , ,N,1,2,0,3,0,1,3,2,N, ,40 03:40.777,75 09:04.114,2010, ,2007, ,0, , , ,3, , , , , ,554107, , , ,2,1,0,0,0,0,1,0,0,0,0,1,1,0,0,0,0,0,0,0,0,0,0,0,0,0,0,0,0,0,0,0,0,0,0,4,0,40.0613,-75.1511, , 
 ,49350,2013063110,6,67,67301,2013,5,5,1940,19,1,1,0,8,1, , ,N,0,0,0,3,0,1,2,2,N,N,39 55:41.590,75 13:52.965,1944, ,1944, ,0, ,N, ,0, , , , , ,554125, , , ,1,0,0,0,0,0,0,1,0,0,0,1,1,0,0,0,0,0,0,0,0,0,0,0,0,0,0,0,0,0,0,0,1,0,0,4,0,39.9282,-75.2314, , 
 ,49351,2013070671,6,67,67301,2013,6,3,1733,17,1,1,0,7,2, , ,N,0,0,0,3,0,0,1,1,N,N,39 59:58.708,75 04:48.344,1733, ,1733, ,0, ,N, ,0, , , , , ,554129, , , ,1,1,0,0,0,0,0,0,0,0,0,0,0,0,0,0,0,0,0,0,0,1,0,0,0,0,0,0,0,0,0,0,0,0,0,0,0,39.9995,-75.0802, , 
 ,49352,2013046383,6,67,67301,2013,4,2,802,8,1,1,0,4,1, , ,N,1,2,0,3,0,2,2,2,N,N,40 00:02.702,75 08:36.116,805, ,802,9,1,6, , ,3,Y, , , , ,543323, , , ,2,2,0,0,0,0,0,0,0,0,0,0,2,2,0,0,0,0,0,0,0,0,0,0,0,0,0,0,0,0,0,0,0,0,0,8,0,40.0008,-75.1434, , 
 ,49353,2013055361,6,67,67301,2013,5,6,1510,15,1,1,0,4,1, , ,N,1,2,0,3,0,1,2,2,N, ,39 59:08.827,75 12:56.173,1635, ,1627, ,0, , , ,3, , , , , ,543334, , , ,2,0,0,0,0,0,1,1,0,0,0,0,1,1,0,0,0,0,0,0,0,0,0,0,0,0,0,0,0,0,0,0,0,0,0,8,0,39.9858,-75.2156, , 
 ,49354,2013055381,6,67,67301,2013,5,4,1600,16,1,1,0,8,1, , ,N,0,0,0,3,0,1,3,2,N,N,40 01:13.144,75 06:51.504,1611, ,1609, ,0, ,N, ,0, , , , , ,543335, , , ,1,1,0,0,0,0,0,0,0,0,1,0,1,0,0,0,0,0,0,0,1,0,0,0,0,0,0,0,0,0,0,0,1,0,0,3,0,40.0203,-75.1143, , 
 ,49355,2013022311,6,67,67301,2013,1,2,1817,18,3,1,0,8,1, , ,N,1,2,0,3,0,1,2,2,N,N,40 03:24.532,75 02:49.228,1820, ,1817, ,0, ,N, ,3, , , , , ,543354, , , ,1,0,1,0,0,0,0,0,0,0,0,1,1,0,0,0,0,0,0,0,0,1,0,0,0,0,0,0,0,0,0,0,1,0,0,4,0,40.0567,-75.0469, , 
 ,49356,2013022780,6,67,67301,2013,2,1,2230,22,3,1,0,7,2, , ,N,0,0,0,3,0,1,2,2,N,N,39 57:56.132,75 08:11.546,2244, ,2236,2,1,2,N, ,0,N, , , , ,543357, , , ,1,0,0,0,0,0,1,0,0,0,0,1,1,0,0,0,0,0,0,0,0,0,0,0,0,0,0,0,0,0,0,0,0,0,0,4,0,39.9655,-75.1367, , 
 ,49357,2013030101,6,67,67301,2013,2,5,1805,18,3,1,0,4,1, , ,N,1,2,0,3,0,1,2,2,N, ,39 59:31.689,75 08:24.712,1805, ,1805, ,0, , , ,3, , , , , ,543360, , , ,2,2,0,0,0,0,0,0,0,0,0,1,1,0,0,0,0,0,0,0,1,0,0,0,0,0,0,0,0,0,0,0,0,0,0,4,0,39.992,-75.1402, , 
 ,49358,2013047364,6,67,67301,2013,4,4,954,9,1,1,0,4,1, , ,N,0,0,7,3,0,0,3,2,N,N,40 05:37.836,74 57:28.048,1005, ,958, ,0, , , ,0, , , , , ,543369, , , ,2,0,0,0,1,0,1,0,0,0,0,0,0,0,0,0,0,0,0,0,0,1,0,0,0,0,0,0,0,0,0,0,0,0,0,0,0,40.0938,-74.9578, , 
 ,49359,2013050252,6,67,67301,2013,4,6,2223,22,3,2,1,0,1, , ,N,0,0,0,3,0,1,1,1,N,N,39 54:52.326,75 08:15.451,2227, ,2225, ,0, ,N, ,0, , , , , ,543371, , , ,1,1,0,0,0,0,0,0,0,0,0,1,1,0,0,0,0,0,0,0,0,0,0,0,0,0,0,0,0,0,0,0,0,0,0,4,0,39.9145,-75.1376, , 
 ,49360,2013029615,6,67,67301,2013,2,7,2352,23,3,8,5,4,2, , ,N,1,3,0,3,0,1,1,3,N, ,40 03:33.692,75 09:04.139,2355, ,2302, ,0, , , ,3, , , , , ,543451, , , ,3,2,0,0,0,0,1,0,0,0,0,0,1,1,0,0,0,0,0,0,0,0,0,0,0,0,0,0,0,0,0,0,0,0,0,8,0,40.0594,-75.1511, , 
 ,49361,2013029732,6,67,67301,2013,2,1,1405,14,1,1,0,6,1, , ,N,1,2,0,3,0,2,5,2,N,N,40 05:12.685,74 58:19.097,1405, ,1405, ,0, ,N, ,3, , , , , ,543452, , , ,2,1,0,0,0,0,1,0,0,0,0,0,2,2,0,0,0,0,1,0,0,0,0,0,0,0,0,0,0,0,0,0,0,0,0,8,0,40.0868,-74.9718, , 
 ,49362,2013053004,6,67,67301,2013,4,3,2109,21,3,1,0,4,1, , ,N,2,2,0,3,0,2,2,2,N, ,39 57:27.711,75 13:53.176,2115, ,2112, ,0, , , ,3, , , , , ,543462, , , ,2,2,0,0,0,0,0,0,0,0,0,1,2,1,0,0,0,0,0,0,0,0,0,0,0,0,0,0,0,0,0,0,0,0,0,4,0,39.9577,-75.2314, , 
 ,49363,2013055568,6,67,67301,2013,5,6,2220,22,3,1,0,7,5, , ,N,1,2,0,3,0,1,5,2,N,N,40 03:37.581,75 10:01.313,2224, ,2220, ,0, ,N, ,3, , , , , ,543465, , , ,1,1,0,0,0,0,0,0,0,1,0,0,1,0,0,0,0,0,0,0,0,0,0,0,0,0,0,0,0,0,0,0,1,0,1,2,0,40.0604,-75.167, , 
 ,49364,2013055598,6,67,67301,2013,4,5,930,9,1,1,0,4,1, , ,N,2,2,7,3,0,1,2,2,N,N,40 02:55.898,75 00:44.231,932, ,931,9,1,2, , ,3,N, , , , ,543466, , , ,2,2,0,0,0,0,0,0,0,0,0,0,1,1,0,0,1,0,0,0,0,0,1,0,0,0,0,0,0,0,0,0,0,0,0,8,0,40.0489,-75.0123, , 