wz_ln_closure,objectid_1,crn,district,county,municipality,crash_year,crash_month,day_of_week,time_of_day,hour_of_day,illumination,weather,road_condition,collision_type,relation_to_road,work_zone_type,work_zone_loc,work_zone_ind,intersect_type,tcd_type,location_type,urban_rural,fatal_count,injury_count,person_count,total_units,sch_bus_ind,sch_zone_ind,latitude,longitude,arrival_tm,cons_zone_spd_lim,dispatch_tm,est_hrs_closed,lane_closed,ln_close_dir,ntfy_hiwy_maint,spec_juris_cd,tcd_func_cd,tfc_detour_ind,workers_pres,wz_close_detour,wz_flagger,wz_law_offcr_ind,objectid,wz_moving,wz_other,wz_shlder_mdn,vehicle_count,automobile_count,motorcycle_count,bus_count,small_truck_count,heavy_truck_count,suv_count,van_count,bicycle_count,maj_inj_count,mod_inj_count,min_inj_count,tot_inj_count,unk_inj_deg_count,unk_inj_per_count,driver_count_16yr,driver_count_17yr,driver_count_18yr,driver_count_19yr,driver_count_20yr,driver_count_50_64yr,driver_count_65_74yr,driver_count_75plus,unbelted_occ_count,unb_death_count,unb_maj_inj_count,belted_death_count,belted_maj_inj_count,mcycle_death_count,mcycle_maj_inj_count,bicycle_death_count,bicycle_maj_inj_count,ped_count,ped_death_count,ped_maj_inj_count,max_severity_level,comm_veh_count,dec_lat,dec_long,rdwy_surf_type_cd,county_name
 ,49365,2013055922,6,67,67301,2013,5,7,1653,16,1,1,0,4,1, , ,N,1,3,0,3,0,2,3,3,N,N,40 03:55.278,75 08:49.790,1705, ,1654, ,0, ,N, ,3, , , , , ,543467, , , ,3,2,0,0,1,0,0,0,0,0,0,2,2,0,0,0,0,0,1,0,0,0,0,0,0,0,0,0,0,0,0,0,0,0,0,4,0,40.0654,-75.1472, , 
 ,49366,2013066121,6,67,67301,2013,6,1,1227,12,1,1,0,1,1, , ,N,6,4,2,3,0,0,6,2,N,N,39 58:06.081,75 07:46.720,1246, ,1229, ,0, ,N, ,3, , , , , ,543479, , , ,2,1,0,0,0,0,1,0,0,0,0,0,0,0,0,0,0,0,0,0,0,1,0,0,0,0,0,0,0,0,0,0,0,0,0,0,0,39.9684,-75.1296, , 
 ,49367,2013070975,6,67,67301,2013,6,7,1125,11,1,1,0,1,1, , ,N,1,2,0,3,0,2,6,6,N,N,40 02:17.754,75 06:05.767,1140, ,1132, ,0, ,N, ,3, , , , , ,543482, , , ,6,4,0,0,1,0,0,0,0,0,0,0,2,2,0,0,0,0,0,0,0,1,0,0,0,0,0,0,0,0,0,0,0,0,0,8,0,40.0383,-75.1016, , 
 ,49368,2013047240,6,67,67301,2013,4,2,2020,20,3,1,0,4,1, , ,N,1,2,0,3,0,1,2,2,N,N,39 59:42.171,75 09:47.359,2020, ,2020, ,0, ,N, ,3, , , , , ,543503, , , ,1,1,0,0,0,0,0,0,1,0,0,0,1,1,0,0,0,0,0,0,0,0,0,0,0,0,0,0,0,0,0,0,0,0,0,8,0,39.995,-75.1632, , 
 ,49369,2013052704,6,67,67301,2013,5,5,848,8,1,1,0,1,1, , ,N,0,0,0,3,0,1,2,2,N,N,39 57:15.923,75 10:52.030,910, ,848, ,0, ,N, ,0, , , , , ,543510, , , ,2,1,0,0,1,0,0,0,0,0,0,1,1,0,0,0,0,0,0,0,0,0,0,0,0,0,0,0,0,0,0,0,0,0,0,4,0,39.9544,-75.1811, , 
 ,49370,2013052701,6,67,67301,2013,4,3,254,2,3,1,0,4,1, , ,N,0,0,0,3,0,1,3,2,N,N,40 03:03.853,74 59:22.250,303, ,255,2,1,1,N, ,0,N, , , , ,547146, , , ,2,1,0,0,0,1,0,0,0,0,0,1,1,0,0,0,0,0,0,0,0,0,0,0,0,0,0,0,0,0,0,0,0,0,0,4,1,40.051,-74.9896, , 
 ,49371,2013011980,6,67,67301,2013,1,7,1325,13,1,1,0,5,1, , ,N,0,2,0,3,0,3,5,3,N, ,39 56:58.157,75 12:08.463,1328, ,1326,2,2,4, , ,3,Y, , , , ,547165, , , ,3,2,0,0,0,0,0,1,0,0,0,3,3,0,0,0,0,0,0,0,1,0,0,4,0,0,0,0,0,0,0,0,0,0,0,4,0,39.9495,-75.2024, , 
 ,49372,2013026278,6,67,67301,2013,3,7,327,3,3,1,0,7,3, , ,N,0,0,0,3,0,1,1,1,N,N,39 56:09.689,75 11:58.509,336, ,331,1,2,4,N, ,0,N, , , , ,547212, , , ,1,0,0,0,0,0,1,0,0,0,0,1,1,0,0,0,0,0,0,0,0,0,0,0,0,0,0,0,0,0,0,0,0,0,0,4,0,39.936,-75.1996, , 
 ,49373,2013055916,6,67,67301,2013,5,2,1850,18,1,1,0,8,1, , ,N,1,2,0,3,0,1,2,2,N,N,40 08:03.425,75 00:32.780,1857, ,1854, ,0, ,N, ,3, , , , , ,547242, , , ,1,1,0,0,0,0,0,0,0,0,0,1,1,0,0,0,0,0,0,0,0,0,0,0,0,0,0,0,0,0,0,0,1,0,0,4,0,40.1343,-75.0091, , 
 ,49374,2013010615,6,67,67301,2013,1,6,1104,11,1,1,0,1,1, , ,N,0,0,0,3,0,0,2,2,N,N,39 58:59.502,75 05:53.650,1119, ,1108, ,0, ,N, ,0, , , , , ,547254, , , ,2,2,0,0,0,0,0,0,0,0,0,0,0,0,0,0,0,0,0,0,0,0,0,0,0,0,0,0,0,0,0,0,0,0,0,0,0,39.9831,-75.0984, , 
 ,49375,2013013769,6,46,46102,2013,2,7,1820,18,3,1,0,1,1, , ,N,1,2,0,3,0,6,6,3,N,N,40 04:18.262,75 09:14.655,1827, ,1821, ,0, ,N, ,3, , , , , ,547257, , , ,3,2,0,0,0,0,1,0,0,0,0,0,6,6,0,0,0,1,0,0,1,0,0,0,0,0,0,0,0,0,0,0,0,0,0,8,0,40.0717,-75.1541, , 
 ,49376,2013016210,6,67,67301,2013,1,7,1637,16,1,1,0,4,1, , ,N,1,2,0,3,0,1,2,2,N,N,40 01:28.770,75 03:16.227,1641, ,1639,1,1,4, , ,3,N, , , , ,547260, , , ,2,1,0,0,0,0,1,0,0,0,0,0,1,1,0,0,1,0,0,0,1,0,0,0,0,0,0,0,0,0,0,0,0,0,0,8,0,40.0247,-75.0545, , 
 ,49377,2013016287,6,67,67301,2013,1,2,755,7,1,6,1,2,1, , ,N,1,2,0,3,0,3,4,2,N,N,40 02:00.178,75 07:52.165,804, ,804, ,0, ,N, ,3, , , , , ,547261, , , ,2,1,0,1,0,0,0,0,0,0,0,3,3,0,0,0,0,0,0,0,0,0,0,0,0,0,0,0,0,0,0,0,0,0,0,4,1,40.0334,-75.1312, , 
 ,49378,2013022181,6,67,67301,2013,1,3,1930,19,3,1,0,8,1, , ,N,1,3,0,3,0,1,2,2,N,N,39 56:52.447,75 12:49.931,1935, ,1930, ,0, ,N, ,3, , , , , ,547267, , , ,1,1,0,0,0,0,0,0,0,0,0,1,1,0,0,0,0,0,0,0,0,0,1,1,0,0,0,0,0,0,0,0,1,0,0,4,0,39.9479,-75.2139, , 
 ,49379,2013022204,6,67,67301,2013,1,7,1525,15,1,1,0,8,1, , ,N,2,2,1,3,0,1,2,2,N,N,40 02:28.377,75 06:56.005,1545, ,1544, ,0, ,N, ,3, , , , , ,547268, , , ,1,1,0,0,0,0,0,0,0,0,0,1,1,0,0,0,0,0,0,0,1,0,0,0,0,0,0,0,0,0,0,0,1,0,0,4,0,40.0412,-75.1156, , 
 ,49380,2013024973,6,67,67301,2013,1,4,2235,22,3,2,1,5,6, , ,N,0,0,0,3,0,0,1,5,N,N,39 59:02.860,75 13:45.746,2240, ,2237, ,0, ,N, ,0, , , , , ,547271, , , ,5,5,0,0,0,0,0,0,0,0,0,0,0,0,1,0,0,0,0,0,0,0,0,0,0,0,0,0,0,0,0,0,0,0,0,9,0,39.9841,-75.2294, , 
 ,49381,2013035246,6,67,67301,2013,3,3,9999,99,3,2,1,7,9, , ,N,0,0,0,3,0,1,1,1,N, ,40 06:05.781,75 01:37.777,347, ,342, ,0, , , ,0, , , , , ,547277, , , ,1,0,0,0,0,1,0,0,0,0,0,1,1,0,0,0,0,0,0,0,0,0,0,0,0,0,0,0,0,0,0,0,0,0,0,4,1,40.1016,-75.0272, , 
 ,49382,2013050202,6,67,67301,2013,4,7,540,5,1,1,0,4,1, , ,N,1,2,0,3,0,1,2,2,N,N,39 57:28.354,75 09:50.944,600, ,559, ,0, ,N, ,3, , , , , ,547290, , , ,2,1,0,0,1,0,0,0,0,0,0,1,1,0,0,0,0,0,0,0,0,0,0,0,0,0,0,0,0,0,0,0,0,0,0,4,0,39.9579,-75.1641, , 
 ,49383,2013050259,6,67,67301,2013,4,7,2205,22,3,1,0,4,1, , ,N,0,0,0,3,0,1,3,2,N,N,40 01:26.040,75 06:57.383,2235, ,2230, ,0, ,N, ,0, , , , , ,547291, , , ,2,2,0,0,0,0,0,0,0,0,0,1,1,0,0,0,0,0,0,0,0,0,0,0,0,0,0,0,0,0,0,0,0,0,0,4,0,40.0239,-75.1159, , 
 ,49384,2013016227,6,67,67301,2013,1,5,0,0,3,1,0,5,6, , ,N,0,0,0,3,0,0,1,3,N,N,39 55:47.150,75 10:55.819,9, ,8, ,0, ,N, ,0, , , , , ,547301, , , ,3,1,0,0,0,1,1,0,0,0,0,0,0,0,0,0,0,0,0,0,0,0,0,0,0,0,0,0,0,0,0,0,0,0,0,0,1,39.9298,-75.1822, , 
 ,49385,2013016234,6,67,67301,2013,1,1,145,1,3,1,0,8,1, , ,N,1,0,0,3,0,1,2,2,N, ,39 56:52.576,75 09:44.521,148, ,145, ,0, , , ,0, , , , , ,547302, , , ,1,1,0,0,0,0,0,0,0,0,0,1,1,0,0,0,0,0,0,0,0,0,0,0,0,0,0,0,0,0,0,0,1,0,0,4,0,39.9479,-75.1624, , 
 ,49386,2013032439,6,67,67301,2013,2,5,1423,14,1,1,0,8,1, , ,N,0,0,0,3,0,1,2,2,N, ,40 01:56.521,75 05:31.867,1458, ,1458,3,2,4, , ,0,Y, , , , ,547316, , , ,1,1,0,0,0,0,0,0,0,0,0,1,1,0,0,0,0,0,0,0,1,0,0,0,0,0,0,0,0,0,0,0,1,0,0,4,0,40.0324,-75.0922, , 
 ,49387,2013047334,6,67,67301,2013,4,3,2000,20,4,1,0,4,1, , ,N,1,2,0,3,0,4,6,2,N,N,40 01:48.733,75 07:06.450,2100, ,2040, ,0, ,N, ,3, , , , , ,547335, , , ,2,2,0,0,0,0,0,0,0,0,0,0,4,4,0,0,0,0,0,0,0,0,0,2,0,0,0,0,0,0,0,0,0,0,0,8,0,40.0302,-75.1185, , 
 ,49388,2013026929,6,67,67301,2013,2,4,1226,12,1,1,1,4,1, , ,N,2,2,0,3,0,1,2,2,N, ,39 53:40.395,75 13:46.507,1230, ,1226, ,0, , , ,3, , , , , ,551159, , , ,2,1,0,0,0,0,0,1,0,0,0,1,1,0,0,0,0,0,0,0,0,0,0,0,0,0,0,0,0,0,0,0,0,0,0,4,0,39.8946,-75.2296, , 
 ,49389,2013035156,6,67,67301,2013,3,1,1500,15,1,1,0,1,1, , ,N,0,0,0,3,0,1,2,2,N, ,40 01:25.901,75 07:54.279,1525, ,1516,1,1,1, , ,0,N, , , , ,551167, , , ,2,2,0,0,0,0,0,0,0,0,0,0,1,1,0,0,0,0,0,0,1,0,0,0,0,0,0,0,0,0,0,0,0,0,0,8,0,40.0239,-75.1317, , 
 ,49390,2013035598,6,67,67301,2013,3,4,1745,17,1,2,1,4,1, , ,N,1,2,0,3,0,1,4,3,N,N,40 05:09.739,75 12:42.976,1755, ,1751, ,0, , , ,3, , , , , ,551168, , , ,3,3,0,0,0,0,0,0,0,0,0,1,1,0,0,0,0,0,0,0,1,0,0,0,0,0,0,0,0,0,0,0,0,0,0,4,0,40.0861,-75.2119, , 
 ,49391,2013035632,6,67,67301,2013,3,6,44,0,3,1,0,1,1, , ,N,0,0,0,3,0,0,1,4,N, ,40 03:13.722,75 02:55.039,45, ,45,1,2,7, , ,0,Y, , , , ,551169, , , ,4,4,0,0,0,0,0,0,0,0,0,0,0,0,0,0,0,0,0,0,0,0,0,0,0,0,0,0,0,0,0,0,0,0,0,0,0,40.0538,-75.0486, , 
 ,49392,2013035655,6,67,67301,2013,3,6,2005,20,3,1,0,4,1, , ,N,0,0,0,3,0,1,4,2,N,N,40 05:20.042,74 58:09.749,2025, ,2018, ,0, ,N, ,0, , , , , ,551170, , , ,2,2,0,0,0,0,0,0,0,0,0,1,1,0,0,0,0,0,0,0,0,0,1,0,0,0,0,0,0,0,0,0,0,0,0,4,0,40.0889,-74.9694, , 
 ,49393,2013046406,6,67,67301,2013,4,1,544,5,3,1,0,7,5, , ,N,0,0,0,3,0,1,1,1,N,N,40 03:42.949,75 02:35.950,640, ,603,2,2,2,N, ,0,N, , , , ,551182, , , ,1,1,0,0,0,0,0,0,0,0,0,0,1,1,0,0,0,0,0,0,0,0,0,0,0,0,0,0,0,0,0,0,0,0,0,8,0,40.0619,-75.0433, , 
 ,49394,2013050812,6,46,46104,2013,4,5,1825,18,1,1,0,1,1, , ,N,0,2,0,3,0,1,3,2,N,N,39 59:06.311,75 15:33.259,1830, ,1826,1,2,5,N, ,3,N, , , , ,551185, , , ,2,1,0,0,0,0,1,0,0,0,0,1,1,0,0,0,0,0,0,0,0,0,0,0,0,0,0,0,0,0,0,0,0,0,0,4,0,39.9851,-75.2592, , 
 ,49395,2013052358,6,67,67301,2013,5,1,342,3,3,2,1,7,3, , ,N,0,0,0,3,0,0,1,1,N,N,39 56:32.083,75 11:37.450,353, ,346, ,0, ,N, ,0, , , , , ,551187, , , ,1,0,0,0,0,0,1,0,0,0,0,0,0,0,0,0,0,0,0,0,0,0,0,0,0,0,0,0,0,0,0,0,0,0,0,0,0,39.9413,-75.1947, , 
Y,49396,2013057472,6,67,67301,2013,5,6,1117,11,1,1,0,1,1,1,2,Y,0,8,0,3,0,0,3,2,N,N,39 53:21.442,75 13:09.055,1122,45,1118, ,0, ,N, ,3, ,Y,N,N,Y,551190,N,N,Y,2,2,0,0,0,0,0,0,0,0,0,0,0,0,0,0,0,0,0,0,1,0,0,0,0,0,0,0,0,0,0,0,0,0,0,0,0,39.8893,-75.2192, , 
 ,49397,2013024331,6,67,67301,2013,2,2,510,5,3,1,0,1,1, , ,N,0,0,0,3,0,3,3,2,N,N,39 58:06.224,75 07:44.162,550, ,540,4,2,1,Y, ,0,N, , , , ,551211, , , ,2,1,0,0,0,1,0,0,0,0,1,0,3,2,0,0,0,0,0,0,1,0,0,2,0,0,0,0,0,0,0,0,0,0,0,3,1,39.9684,-75.129, , 
 ,49398,2013029659,6,67,67301,2013,2,5,1838,18,3,1,0,4,1, , ,N,1,2,0,3,0,1,2,2,N,N,39 57:36.745,75 11:27.211,1845, ,1840, ,0, ,N, ,3, , , , , ,551212, , , ,1,0,0,0,0,0,1,0,1,0,0,0,1,1,1,0,0,0,0,0,0,0,0,0,0,0,0,0,0,0,0,0,0,0,0,8,0,39.9602,-75.1909, , 
 ,49399,2013050315,6,67,67301,2013,4,5,1045,10,1,1,0,4,1, , ,N,0,0,7,3,0,1,3,2,N,N,40 00:25.239,75 05:38.652,1055, ,1050, ,0, ,N, ,0, , , , , ,551227, , , ,2,0,0,0,0,0,0,2,0,0,0,0,1,1,0,0,0,0,0,0,0,0,0,0,0,0,0,0,0,0,0,0,0,0,0,8,0,40.007,-75.0941, , 
 ,49400,2013070071,6,67,67301,2013,6,6,2038,20,1,1,0,4,1, , ,N,1,2,0,3,0,1,3,2,N,N,39 58:49.322,75 10:15.323,2043, ,2040, ,0, ,N, ,3, , , , , ,551258, , , ,1,0,0,0,0,0,1,0,1,0,0,1,1,0,0,0,0,0,0,0,1,0,0,2,0,0,0,0,0,0,0,0,0,0,0,4,0,39.9804,-75.1709, , 
 ,49401,2013070912,6,67,67301,2013,6,3,1005,10,1,1,0,2,1, , ,N,0,0,0,3,0,1,3,2,N,N,39 55:55.192,75 10:12.892,1020, ,1018, ,0, , , ,0, , , , , ,551259, , , ,2,2,0,0,0,0,0,0,0,0,0,0,1,1,0,0,0,0,0,0,0,0,0,0,0,0,0,0,0,0,0,0,0,0,0,8,0,39.932,-75.1702, , 
 ,49402,2013101260,6,67,67301,2013,9,7,2020,20,3,1,0,7,4, , ,N,0,0,0,3,0,1,1,1,N,N,39 59:07.062,75 12:21.092,2020, ,2020,1,1,5,N, ,0,N, , , , ,551293, , , ,1,1,0,0,0,0,0,0,0,0,0,0,1,1,0,0,0,0,0,0,1,0,0,0,0,0,0,0,0,0,0,0,0,0,0,8,0,39.9853,-75.2059, , 
 ,49403,2013002440,6,67,67301,2013,1,6,1806,18,3,1,0,1,1, , ,N,0,0,0,3,0,2,3,2,N,N,39 59:38.598,75 11:56.098,1826, ,1813,1,1,4,N, ,0,N, , , , ,551297, , , ,2,2,0,0,0,0,0,0,0,0,0,2,2,0,0,0,0,0,1,0,0,0,0,0,0,0,0,0,0,0,0,0,0,0,0,4,0,39.9941,-75.1989, , 
 ,49404,2013003498,6,67,67301,2013,1,3,1835,18,3,1,0,1,1, , ,N,0,0,0,3,0,3,7,3,N,N,39 58:49.459,75 06:15.797,1848, ,1839, ,0, ,N, ,0, , , , , ,551298, , , ,3,3,0,0,0,0,0,0,0,0,0,0,3,3,1,0,0,0,0,0,1,0,0,0,0,0,0,0,0,0,0,0,0,0,0,8,0,39.9804,-75.1045, , 
 ,49405,2013062506,6,67,67301,2013,5,6,1927,19,1,1,0,4,1, , ,N,1,0,0,3,0,1,4,2,N,N,39 58:05.710,75 13:07.629,1940, ,1934, ,0, ,N, ,0, , , , , ,551306, , , ,1,0,0,0,1,0,0,0,1,0,0,1,1,0,0,0,0,0,0,0,0,0,0,0,0,0,0,0,0,0,0,0,0,0,0,4,0,39.9683,-75.2188, , 
 ,49406,2013079954,6,67,67301,2013,7,6,2245,22,3,2,1,6,1, , ,N,5,2,0,3,0,1,3,2,N, ,39 59:13.382,75 07:20.404,2330, ,2330, ,0, , , ,3, , , , , ,554551, , , ,2,1,0,0,0,0,1,0,0,0,0,0,1,1,0,0,0,0,0,0,0,0,0,0,0,0,0,0,0,0,0,0,0,0,0,8,0,39.9871,-75.1223, , 
 ,49407,2013086199,6,67,67301,2013,8,6,1141,11,1,1,0,4,1, , ,N,0,0,7,3,0,1,2,2,N,N,40 03:38.221,75 11:26.030,1203, ,1200,1,1,3,N, ,0,N, , , , ,554558, , , ,2,1,0,0,0,1,0,0,0,0,0,0,1,1,0,0,0,0,0,0,1,0,0,0,0,0,0,0,0,0,0,0,0,0,0,8,1,40.0606,-75.1906, , 
 ,49408,2013093025,6,67,67301,2013,8,5,2230,22,3,1,0,4,1, , ,N,1,2,0,3,0,3,4,2,N,N,39 57:28.162,75 08:50.070,2331, ,2230, ,0, ,N, ,3, , , , , ,554565, , , ,2,0,0,0,1,0,1,0,0,0,0,3,3,0,0,0,0,0,0,0,0,0,0,0,0,0,0,0,0,0,0,0,0,0,0,4,0,39.9578,-75.1472, , 
 ,49409,2013070301,6,67,67301,2013,6,3,1629,16,1,1,0,4,1, , ,N,1,2,0,3,0,0,3,2,N,N,39 57:32.806,75 09:29.825,1632, ,1630, ,0, ,N, ,2, , , , , ,554591, , , ,2,1,0,0,0,0,1,0,0,0,0,0,0,0,0,0,0,0,1,0,0,0,0,0,0,0,0,0,0,0,0,0,0,0,0,0,0,39.9591,-75.1583, , 
 ,49410,2013050218,6,67,67301,2013,4,6,930,9,1,1,1,4,1, , ,N,2,3,0,3,0,4,5,2,N,N,39 59:27.232,75 10:24.657,937, ,931, ,0, ,N, ,3, , , , , ,554620, , , ,2,1,0,0,0,0,1,0,0,0,0,4,4,0,1,0,0,0,0,0,0,0,0,0,0,0,0,0,0,0,0,0,0,0,0,4,0,39.9909,-75.1735, , 
 ,49411,2013050284,6,67,67301,2013,4,4,2340,23,3,1,0,1,6, , ,N,0,0,0,3,0,1,1,2,N, ,39 59:44.239,75 07:10.250,2345, ,2345, ,0, , , ,0, , , , , ,554621, , , ,2,1,0,0,0,0,0,1,0,0,0,1,1,0,0,0,0,0,0,0,0,0,0,0,0,0,0,0,0,0,0,0,0,0,0,4,0,39.9956,-75.1195, , 
 ,49412,2013062970,6,67,67301,2013,6,7,1125,11,1,1,0,1,1, , ,N,0,0,3,3,0,0,5,3,N,N,39 57:36.781,75 10:50.191,1212, ,1130,1,1,3,N, ,0,Y, , , , ,554630, , , ,3,1,0,0,0,0,2,0,0,0,0,0,0,0,0,0,0,0,0,0,0,0,0,0,0,0,0,0,0,0,0,0,0,0,0,0,0,39.9602,-75.1806, , 
 ,49413,2013070996,6,67,67301,2013,6,7,1400,14,1,1,0,4,1, , ,N,1,2,0,3,0,5,5,2,N,N,40 00:07.592,75 07:57.262,1635, ,1620, ,0, ,N, ,3, , , , , ,554638, , , ,2,1,0,0,0,0,0,1,0,5,0,0,5,0,0,0,0,0,0,0,0,0,0,0,0,0,0,0,0,0,0,0,0,0,0,2,0,40.0021,-75.1326, , 
 ,49414,2013086707,6,67,67301,2013,8,6,1034,10,1,1,0,5,1, , ,N,0,0,0,3,0,3,4,2,N,N,39 58:45.862,75 09:27.518,1052, ,1052, ,0, , , ,0, , , , , ,554654, , , ,2,1,0,1,0,0,0,0,0,0,0,3,3,0,0,0,0,0,0,0,0,0,0,0,0,0,0,0,0,0,0,0,0,0,0,4,1,39.9794,-75.1576, , 
 ,49415,2013055855,6,67,67301,2013,5,6,2300,23,3,1,0,7,2, , ,N,0,0,0,3,0,1,1,1,N,N,39 59:51.050,75 08:10.470,2300, ,2257, ,0, ,N, ,0, , , , , ,554669, , , ,1,1,0,0,0,0,0,0,0,1,0,0,1,0,0,0,0,0,0,0,0,0,0,0,0,0,0,0,0,0,0,0,0,0,0,2,0,39.9975,-75.1362, , 
 ,49416,2013074788,6,67,67301,2013,6,6,830,8,1,1,1,8,1, , ,N,1,0,0,3,0,1,2,2,N,N,39 57:14.860,75 10:17.072,845, ,841, ,0, ,N, ,0, , , , , ,554694, , , ,1,0,0,0,0,0,1,0,0,0,0,0,1,1,0,0,0,0,0,0,0,0,0,1,0,0,0,0,0,0,0,0,1,0,0,8,0,39.9541,-75.1714, , 
 ,49417,2013082631,6,67,67301,2013,8,5,1214,12,1,1,0,1,1, , ,N,0,0,0,3,0,1,2,2,N,N,39 57:32.998,75 10:23.445,1236, ,1218,1,1,3,N, ,0,N, , , , ,554705, , , ,2,1,0,0,0,0,1,0,0,0,0,0,1,1,0,0,0,0,0,0,1,0,0,1,0,0,0,0,0,0,0,0,0,0,0,8,0,39.9592,-75.1732, , 
 ,49418,2013086260,6,67,67301,2013,7,3,605,6,5,9,0,4,1, , ,N,1,2,0,3,0,1,3,3,N, ,40 01:12.877,75 06:50.707,646, ,641, ,0, , , ,3, , , , , ,554709, , , ,3,2,0,0,0,0,1,0,0,0,0,0,1,1,2,0,0,0,0,0,1,0,0,0,0,0,0,0,0,0,0,0,0,0,0,8,0,40.0202,-75.1141, , 
 ,49419,2013050283,6,67,67301,2013,4,2,510,5,1,1,0,8,1, , ,N,1,2,0,3,0,1,2,2,N, ,39 59:10.926,75 10:48.967,535, ,529, ,0, ,N, ,3, , , , , ,554715, , , ,1,1,0,0,0,0,0,0,0,0,0,1,1,0,0,0,0,0,0,0,1,0,0,0,0,0,0,0,0,0,0,0,1,0,0,4,0,39.9864,-75.1803, , 
 ,49420,2013053933,6,67,67301,2013,5,5,1518,15,1,2,1,7,2, , ,N,0,0,0,3,0,0,1,1,N,N,40 00:33.092,75 04:03.403,1609, ,1530, ,0, ,N, ,0, , , , , ,554719, , , ,1,1,0,0,0,0,0,0,0,0,0,0,0,0,0,0,0,0,0,0,0,1,0,0,0,0,0,0,0,0,0,0,0,0,0,0,0,40.0092,-75.0676, , 
 ,49421,2013070069,6,67,67301,2013,6,5,1530,15,1,1,0,7,5, , ,N,2,2,0,3,0,1,1,1,N,N,40 03:43.399,75 05:05.091,1546, ,1536, ,0, , , ,3, , , , , ,554722, , , ,1,0,0,0,1,0,0,0,0,0,0,0,1,1,0,0,0,0,0,0,1,0,0,0,0,0,0,0,0,0,0,0,0,0,0,8,0,40.062,-75.0848, , 
 ,49422,2013070238,6,67,67301,2013,6,1,9999,99,1,1,0,4,1, , ,N,1,3,0,3,0,1,2,2,N,N,40 00:33.559,75 08:21.573,1705, ,1700,2,2,1, , ,3,Y, , , , ,554723, , , ,2,1,1,0,0,0,0,0,0,0,0,0,1,1,0,0,0,0,0,0,0,0,0,0,0,0,0,0,0,0,0,0,0,0,0,8,0,40.0093,-75.1393, , 
 ,49423,2013101036,6,67,67301,2013,9,7,2010,20,3,1,0,1,6, , ,N,0,0,0,3,0,0,1,3,N, ,40 02:15.806,75 13:25.233,2016, ,2013, ,0, , , ,0, , , , , ,554754, , , ,3,2,0,0,0,0,1,0,0,0,0,0,0,0,0,0,0,0,0,0,0,0,0,0,0,0,0,0,0,0,0,0,0,0,0,0,0,40.0377,-75.2237, , 
 ,49424,2013024123,6,67,67301,2013,2,6,1811,18,3,1,0,1,1, , ,N,0,0,0,3,0,2,6,3,N,N,39 53:19.724,75 13:06.321,1827, ,1815,1,1,1,N, ,0,N, , , , ,543547, , , ,3,2,0,0,0,0,1,0,0,0,0,2,2,0,0,0,0,0,0,0,0,0,0,0,0,0,0,0,0,0,0,0,0,0,0,4,0,39.8888,-75.2184, , 
 ,49425,2013035161,6,67,67301,2013,3,2,1350,13,1,1,0,4,2, , ,N,0,0,0,3,0,0,1,2,N,N,40 03:14.425,75 00:38.970,1405, ,1400, ,0, , , ,0, , , , , ,543559, , , ,2,2,0,0,0,0,0,0,0,0,0,0,0,0,0,0,0,0,0,0,0,1,0,0,0,0,0,0,0,0,0,0,0,0,0,0,0,40.054,-75.0108, , 
N,49426,2013037158,6,67,67301,2013,3,1,24,0,3,1,1,7,2,1,3,Y,0,0,0,3,0,0,2,2,N,N,39 58:06.693,75 07:42.722,44,45,28,2,2,1,N, ,0,N,N,N,N,N,543561,N,N,Y,2,2,0,0,0,0,0,0,0,0,0,0,0,0,0,0,0,1,0,0,0,0,0,0,0,0,0,0,0,0,0,0,0,0,0,0,0,39.9685,-75.1286, , 
 ,49427,2013038549,6,67,67301,2013,3,2,1225,12,1,1,0,1,1, , ,N,1,2,0,3,0,1,6,2,N,N,40 02:35.289,75 10:02.002,1230, ,1226, ,0, ,N, ,3, , , , , ,543563, , , ,2,1,0,0,0,0,0,1,0,0,0,0,1,1,2,0,0,0,0,0,1,0,0,0,0,0,0,0,0,0,0,0,0,0,0,8,0,40.0431,-75.1672, , 
 ,49428,2013047828,6,67,67301,2013,4,6,1430,14,1,1,0,4,1, , ,N,0,0,0,3,0,2,4,2,N,N,40 01:30.459,75 07:29.547,1450, ,1437,2,1,1,N, ,0,N, , , , ,543573, , , ,2,1,0,1,0,0,0,0,0,0,0,2,2,0,0,0,0,0,0,0,1,0,0,0,0,0,0,0,0,0,0,0,0,0,0,4,1,40.0251,-75.1249, , 
 ,49429,2013026971,6,67,67301,2013,2,2,955,9,1,4,1,4,1, , ,N,1,2,0,3,0,1,3,2,N,N,40 01:33.550,75 07:19.144,1010, ,2007, ,0, ,N, ,3, , , , , ,543602, , , ,2,1,0,0,0,0,1,0,0,0,0,1,1,0,0,0,0,0,0,0,1,0,0,0,0,0,0,0,0,0,0,0,0,0,0,4,0,40.026,-75.122, , 
 ,49430,2013059011,6,67,67301,2013,6,2,1342,13,1,1,0,5,1, , ,N,0,0,0,3,0,2,3,2,N,N,39 53:13.494,75 14:33.579,1349, ,1346, ,0, ,Y, ,0, , , , , ,543715, , , ,2,1,0,0,0,0,1,0,0,0,0,0,2,2,0,0,0,0,0,0,0,0,0,1,0,0,0,0,0,0,0,0,0,0,0,8,0,39.8871,-75.2427, , 