wz_ln_closure,objectid_1,crn,district,county,municipality,crash_year,crash_month,day_of_week,time_of_day,hour_of_day,illumination,weather,road_condition,collision_type,relation_to_road,work_zone_type,work_zone_loc,work_zone_ind,intersect_type,tcd_type,location_type,urban_rural,fatal_count,injury_count,person_count,total_units,sch_bus_ind,sch_zone_ind,latitude,longitude,arrival_tm,cons_zone_spd_lim,dispatch_tm,est_hrs_closed,lane_closed,ln_close_dir,ntfy_hiwy_maint,spec_juris_cd,tcd_func_cd,tfc_detour_ind,workers_pres,wz_close_detour,wz_flagger,wz_law_offcr_ind,objectid,wz_moving,wz_other,wz_shlder_mdn,vehicle_count,automobile_count,motorcycle_count,bus_count,small_truck_count,heavy_truck_count,suv_count,van_count,bicycle_count,maj_inj_count,mod_inj_count,min_inj_count,tot_inj_count,unk_inj_deg_count,unk_inj_per_count,driver_count_16yr,driver_count_17yr,driver_count_18yr,driver_count_19yr,driver_count_20yr,driver_count_50_64yr,driver_count_65_74yr,driver_count_75plus,unbelted_occ_count,unb_death_count,unb_maj_inj_count,belted_death_count,belted_maj_inj_count,mcycle_death_count,mcycle_maj_inj_count,bicycle_death_count,bicycle_maj_inj_count,ped_count,ped_death_count,ped_maj_inj_count,max_severity_level,comm_veh_count,dec_lat,dec_long,rdwy_surf_type_cd,county_name
 ,49697,2013063105,6,67,67301,2013,4,3,1400,14,1,1,0,8,1, , ,N,0,0,0,3,0,1,2,2,N, ,39 59:38.176,75 08:51.511,1410, ,1405, ,0, , , ,0, , , , , ,552069, , , ,1,1,0,0,0,0,0,0,0,0,1,0,1,0,1,0,0,0,0,0,0,0,0,0,0,0,0,0,0,0,0,0,1,0,0,3,0,39.9939,-75.1476, , 
 ,49698,2013065540,6,67,67301,2013,5,5,1340,13,1,1,0,1,1, , ,N,0,0,0,3,0,0,3,3,N,N,39 57:18.318,75 11:08.001,1341, ,1340, ,0, ,N, ,0, , , , , ,552080, , , ,3,2,0,0,0,0,1,0,0,0,0,0,0,0,0,0,0,0,0,0,0,0,0,0,0,0,0,0,0,0,0,0,0,0,0,0,0,39.9551,-75.1856, , 
 ,49699,2013114473,6,67,67301,2013,10,6,915,9,1,1,0,4,1, , ,N,0,0,7,3,0,0,5,2,N,N,39 58:31.553,75 07:15.646,917, ,915,1,2,2,N, ,0,Y, , , , ,556386, , , ,2,0,0,1,1,0,0,0,0,0,0,0,0,0,0,0,0,0,0,0,0,0,0,0,0,0,0,0,0,0,0,0,0,0,0,0,1,39.9754,-75.121, , 
 ,49700,2013070222,6,67,67301,2013,6,4,9999,99,1,1,0,4,1, , ,N,1,3,0,3,0,1,6,2,N,N,40 00:00.676,75 07:45.940,1109, ,1106,2,2,2,N, ,3,Y, , , , ,556411, , , ,2,1,0,0,0,0,0,1,0,0,0,1,1,0,0,0,0,0,0,0,1,0,0,4,0,0,0,0,0,0,0,0,0,0,0,4,0,40.0002,-75.1294, , 
 ,49701,2013070902,6,67,67301,2013,6,4,1455,14,1,1,0,6,1, , ,N,1,3,0,3,0,1,2,3,N,N,40 03:07.254,75 14:02.104,1500, ,1455, ,0, ,N, ,3, , , , , ,556412, , , ,3,2,1,0,0,0,0,0,0,0,0,1,1,0,0,0,0,0,0,1,0,0,0,0,0,0,0,0,0,0,0,0,0,0,0,4,0,40.052,-75.2339, , 
 ,49702,2013077934,6,67,67301,2013,7,3,1816,18,1,1,0,4,1, , ,N,1,2,0,3,0,0,2,2,N,N,39 59:17.883,75 15:14.303,1819, ,1816, ,0, ,N, ,3, , , , , ,556417, , , ,2,2,0,0,0,0,0,0,0,0,0,0,0,0,0,0,0,0,0,0,1,0,0,0,0,0,0,0,0,0,0,0,0,0,0,0,0,39.9883,-75.254, , 
 ,49703,2013096124,6,67,67301,2013,9,2,231,2,3,1,0,5,1, , ,N,0,0,0,3,0,0,1,3,N,N,39 55:52.773,75 09:05.338,238, ,235, ,0, ,N, ,0, , , , , ,556432, , , ,3,2,0,0,1,0,0,0,0,0,0,0,0,0,0,0,0,0,0,0,0,0,0,0,0,0,0,0,0,0,0,0,0,0,0,0,0,39.9313,-75.1515, , 
 ,49704,2013109346,6,67,67301,2013,10,3,9999,99,1,1,0,7,5, , ,N,0,0,0,3,0,1,1,1,N,N,39 54:38.466,75 13:51.193,9999, ,9999, ,0, ,N, ,0, , , , , ,556442, , , ,1,0,0,0,0,0,1,0,0,0,1,0,1,0,0,0,0,0,0,0,0,0,0,0,0,0,0,0,0,0,0,0,0,0,0,3,0,39.9107,-75.2309, , 
 ,49705,2013065390,6,67,67301,2013,5,1,9999,99,1,6,1,2,1, , ,N,1,3,0,3,0,0,2,3,N,N,39 58:34.118,75 10:42.124,9999, ,9999, ,0, ,N, ,3, , , , , ,556451, , , ,3,2,0,0,0,0,1,0,0,0,0,0,0,0,0,0,0,0,0,0,0,0,1,0,0,0,0,0,0,0,0,0,0,0,0,0,0,39.9761,-75.1784, , 
N,49706,2013019401,6,67,67301,2013,1,4,2307,23,3,1,0,7,7,1,8,Y,3,0,2,3,0,1,1,1,N,N,40 01:40.739,75 01:27.168,2316,45,2310,2,1,2,Y, ,0,N,N,N,N,N,556467,N,N,Y,1,0,0,0,0,0,1,0,0,0,1,0,1,0,0,0,0,0,0,0,0,0,0,1,0,0,0,0,0,0,0,0,0,0,0,3,0,40.028,-75.0242, , 
 ,49707,2013052134,6,67,67301,2013,5,4,728,7,1,1,0,1,2, , ,N,0,0,0,3,0,0,1,2,N,N,39 59:38.773,75 05:04.080,728, ,728,1,1,2,N, ,0,N, , , , ,556497, , , ,2,0,0,0,1,1,0,0,0,0,0,0,0,0,0,0,0,0,0,0,0,0,0,1,0,0,0,0,0,0,0,0,0,0,0,0,1,39.9941,-75.0844, , 
 ,49708,2013054128,6,67,67301,2013,5,4,1936,19,1,1,0,0,1, , ,N,0,0,0,3,0,1,1,1,N,N,39 56:31.122,75 11:38.400,1944, ,1937,1,2,3,N, ,0,N, , , , ,556498, , , ,1,0,1,0,0,0,0,0,0,0,0,0,1,1,0,0,0,0,0,0,1,0,0,0,0,0,0,0,0,0,0,0,0,0,0,8,0,39.941,-75.1949, , 
 ,49709,2013050342,6,67,67301,2013,4,5,1728,17,1,1,0,4,1, , ,N,1,2,0,3,0,2,4,3,N, ,40 02:44.278,75 04:17.368,1734, ,1730,3,2,5, , ,3,Y, , , , ,556508, , , ,3,1,0,0,1,0,0,1,0,0,2,0,2,0,0,0,0,0,0,0,2,0,0,2,0,0,0,0,0,0,0,0,0,0,0,3,0,40.0456,-75.0714, , 
 ,49710,2013053002,6,67,67301,2013,4,7,130,1,3,1,0,1,1, , ,N,0,2,0,3,0,2,2,3,N,N,39 55:18.498,75 10:09.256,130, ,126, ,0, ,N, ,3, , , , , ,556513, , , ,3,2,0,0,0,0,0,1,0,0,0,2,2,0,0,0,0,0,0,0,0,0,0,0,0,0,0,0,0,0,0,0,0,0,0,4,0,39.9218,-75.1692, , 
 ,49711,2013055319,6,67,67301,2013,5,7,2020,20,3,2,1,2,1, , ,N,1,2,0,3,0,2,3,3,N,N,40 00:57.319,75 07:46.466,2059, ,2057, ,0, , , ,3, , , , , ,556514, , , ,3,3,0,0,0,0,0,0,0,0,0,2,2,0,0,0,0,0,0,0,0,0,0,0,0,0,0,0,0,0,0,0,0,0,0,4,0,40.0159,-75.1296, , 
 ,49712,2013065407,6,67,67301,2013,5,3,730,7,1,1,0,1,1, , ,N,1,2,0,3,0,0,2,2,N,N,40 01:32.390,75 07:30.507,741, ,233,1,2,2,N, ,3,Y, , , , ,556525, , , ,2,1,0,0,0,0,0,1,0,0,0,0,0,0,0,0,0,0,0,0,0,0,0,0,0,0,0,0,0,0,0,0,0,0,0,0,0,40.0257,-75.1251, , 
 ,49713,2013066744,6,67,67301,2013,3,6,1130,11,1,1,0,4,1, , ,N,1,2,0,3,0,1,2,2,N,N,39 58:22.052,75 12:58.705,0, ,0, ,0, ,N, ,3, , , , , ,556527, , , ,2,2,0,0,0,0,0,0,0,0,0,0,1,1,1,0,0,0,0,0,1,0,0,0,0,0,0,0,0,0,0,0,0,0,0,8,0,39.9728,-75.2163, , 
 ,49714,2013079467,6,67,67301,2013,7,6,925,9,1,2,1,7,5, , ,N,0,0,0,3,0,1,1,1,N,N,39 58:05.141,75 10:55.631,930, ,927, ,0, ,N, ,0, , , , , ,556537, , , ,1,1,0,0,0,0,0,0,0,0,1,0,1,0,0,0,0,0,0,0,0,1,0,0,0,0,0,0,0,0,0,0,0,0,0,3,0,39.9681,-75.1821, , 
 ,49715,2013079576,6,67,67301,2013,7,5,830,8,1,1,0,8,1, , ,N,0,0,0,3,0,1,2,2,N,Y,39 58:31.680,75 10:18.460,1800, ,1800, ,0, ,N, ,0, , , , , ,556538, , , ,1,1,0,0,0,0,0,0,0,0,0,0,1,1,0,0,0,0,0,0,0,0,0,0,0,0,0,0,0,0,0,0,1,0,0,8,0,39.9755,-75.1718, , 
 ,49716,2013062657,6,67,67301,2013,4,3,642,6,1,1,1,7,2, , ,N,3,0,2,3,0,0,1,1,N,N,40 00:50.346,75 12:16.528,649, ,642,1,2,1,Y, ,0,N, , , , ,556550, , , ,1,1,0,0,0,0,0,0,0,0,0,0,0,0,0,0,0,0,0,0,0,0,0,0,0,0,0,0,0,0,0,0,0,0,0,0,0,40.014,-75.2046, , 
 ,49717,2013065476,6,67,67301,2013,4,1,211,2,3,1,0,4,1, , ,N,1,3,0,3,0,1,3,7,N,N,39 56:12.058,75 11:14.344,213, ,211,3,2,3,N, ,3,Y, , , , ,544507, , , ,7,6,0,0,0,0,1,0,0,0,0,0,1,1,2,0,0,0,0,0,1,0,0,0,0,0,0,0,0,0,0,0,0,0,0,8,0,39.9367,-75.1873, , 
 ,49718,2013065542,6,67,67301,2013,5,6,1324,13,1,1,0,1,1, , ,N,0,2,0,3,0,1,3,2,N,N,39 57:37.097,75 11:27.273,1326, ,1324, ,0, ,N, ,3, , , , , ,544508, , , ,2,2,0,0,0,0,0,0,0,0,0,0,1,1,0,0,0,0,0,0,0,0,0,0,0,0,0,0,0,0,0,0,0,0,0,8,0,39.9603,-75.1909, , 
 ,49719,2013095969,6,67,67301,2013,8,2,1009,10,1,1,0,4,1, , ,N,1,2,0,3,0,0,2,2,N,N,40 02:11.789,75 03:52.061,1015, ,1015,1,1,2,N, ,3,N, , , , ,544542, , , ,2,2,0,0,0,0,0,0,0,0,0,0,0,0,0,0,0,0,0,0,1,0,0,0,0,0,0,0,0,0,0,0,0,0,0,0,0,40.0366,-75.0645, , 
 ,49720,2013016184,6,67,67301,2013,1,5,1450,14,1,1,0,8,1, , ,N,1,2,0,3,0,1,2,2,N,N,40 02:39.696,75 03:14.496,1535, ,1535, ,0, ,N, ,3, , , , , ,544552, , , ,1,1,0,0,0,0,0,0,0,0,0,0,1,1,0,0,0,0,0,0,0,0,0,1,0,0,0,0,0,0,0,0,1,0,0,8,0,40.0443,-75.0541, , 
 ,49721,2013043762,6,67,67301,2013,3,4,949,9,1,1,0,4,1, , ,N,1,3,0,3,0,0,2,2,N,N,39 59:31.052,75 14:10.319,1037, ,1032, ,0, , , ,3, , , , , ,544578, , , ,2,2,0,0,0,0,0,0,0,0,0,0,0,0,0,0,0,0,0,0,0,0,2,0,0,0,0,0,0,0,0,0,0,0,0,0,0,39.992,-75.2362, , 
 ,49722,2013050326,6,67,67301,2013,4,1,228,2,3,1,0,4,1, , ,N,0,0,0,3,0,1,2,2,N,N,39 58:06.637,75 09:36.528,229, ,228, ,0, ,N, ,0, , , , , ,544585, , , ,2,1,1,0,0,0,0,0,0,0,1,0,1,0,0,0,0,0,0,0,0,0,0,0,0,0,0,0,0,0,0,0,0,0,0,3,0,39.9685,-75.1601, , 
 ,49723,2013055852,6,67,67301,2013,5,1,1637,16,1,1,0,8,1, , ,N,0,0,0,3,0,1,2,2,N,N,39 59:00.088,75 08:38.653,1642, ,1640, ,0, ,N, ,0, , , , , ,544591, , , ,1,1,0,0,0,0,0,0,0,0,0,0,1,1,0,0,0,0,0,0,0,0,0,0,0,0,0,0,0,0,0,0,1,0,0,8,0,39.9834,-75.1441, , 
 ,49724,2013025017,6,67,67301,2013,1,6,1444,14,1,1,0,4,1, , ,N,1,2,0,3,0,4,5,3,N, ,39 59:13.382,75 07:20.404,1445, ,1445,1,2,3, , ,3,Y, , , , ,544603, , , ,3,3,0,0,0,0,0,0,0,0,0,4,4,0,1,0,0,0,0,0,1,0,0,1,0,0,0,0,0,0,0,0,0,0,0,4,0,39.9871,-75.1223, , 
 ,49725,2013029616,6,67,67301,2013,2,3,1624,16,1,1,0,5,1, , ,N,0,0,0,3,0,1,2,2,N,N,40 04:09.980,75 09:22.077,1634, ,1631, ,0, ,N, ,0, , , , , ,544608, , , ,2,1,0,0,0,0,0,0,0,0,0,0,1,1,0,0,0,0,0,0,1,0,0,0,0,0,0,0,0,0,0,0,0,0,0,8,0,40.0694,-75.1561, , 
 ,49726,2013029763,6,67,67301,2013,2,7,940,9,1,1,0,5,1, , ,N,0,0,0,3,0,0,2,2,N, ,40 00:33.133,75 09:02.943,948, ,943, ,0, , , ,0, , , , , ,544609, , , ,2,2,0,0,0,0,0,0,0,0,0,0,0,0,0,0,0,0,0,0,1,0,0,0,0,0,0,0,0,0,0,0,0,0,0,0,0,40.0092,-75.1508, , 
 ,49727,2013035292,6,67,67301,2013,3,1,115,1,3,1,0,1,1, , ,N,2,0,0,3,0,5,6,2,N,N,39 58:52.925,75 13:23.344,400, ,120, ,0, ,N, ,0, , , , , ,544616, , , ,2,1,0,0,0,0,0,0,0,0,0,0,5,5,0,0,0,0,0,0,0,0,0,0,0,0,0,0,0,0,0,0,0,0,0,8,0,39.9814,-75.2232, , 
 ,49728,2013037471,6,67,67301,2013,3,5,220,2,3,1,0,4,1, , ,N,1,3,0,3,0,0,2,4,N,N,40 01:04.515,75 05:10.744,230, ,230, ,0, , , ,3, , , , , ,544617, , , ,4,3,0,0,0,0,0,1,0,0,0,0,0,0,0,0,0,0,0,0,0,0,0,0,0,0,0,0,0,0,0,0,0,0,0,0,0,40.0179,-75.0863, , 
 ,49729,2013057006,6,67,67301,2013,5,5,747,7,1,1,0,7,4, , ,N,0,0,0,3,0,0,1,1,N,N,39 57:32.397,75 08:26.279,754, ,747, ,0, ,N, ,0, , , , , ,544628, , , ,1,1,0,0,0,0,0,0,0,0,0,0,0,0,0,0,0,0,0,0,0,0,0,0,0,0,0,0,0,0,0,0,0,0,0,0,0,39.9589,-75.1407, , 
 ,49730,2013029755,6,67,67301,2013,2,4,1400,14,1,1,0,2,1, , ,N,1,2,0,3,0,1,13,2,N,N,39 56:03.465,75 09:02.912,1409, ,1405, ,0, ,N, ,3, , , , , ,544661, , , ,2,1,0,1,0,0,0,0,0,0,0,0,1,1,10,0,0,0,0,0,1,0,0,0,0,0,0,0,0,0,0,0,0,0,0,8,1,39.9343,-75.1508, , 
 ,49731,2013035300,6,67,67301,2013,3,4,2212,22,3,1,0,4,1, , ,N,2,3,0,3,0,1,2,2,N,N,40 04:20.910,75 02:23.146,2220, ,2213,4,2,3,N, ,3,Y, , , , ,544664, , , ,2,1,0,0,1,0,0,0,0,0,1,0,1,0,1,0,0,0,0,0,0,0,0,0,0,0,0,0,0,0,0,0,0,0,0,3,0,40.0725,-75.0398, , 
 ,49732,2013041967,6,67,67301,2013,3,2,600,6,3,1,0,1,1, , ,N,1,2,0,3,0,0,2,2,N,N,39 57:49.371,75 09:31.839,600, ,600, ,0, ,N, ,3, , , , , ,544674, , , ,2,0,0,0,1,0,1,0,0,0,0,0,0,0,0,0,0,0,0,0,0,1,0,0,0,0,0,0,0,0,0,0,0,0,0,0,0,39.9637,-75.1588, , 
 ,49733,2013055327,6,67,67301,2013,5,6,1533,15,1,1,0,8,1, , ,N,2,3,0,3,0,1,5,2,N,N,39 59:46.924,75 10:37.430,1535, ,1533, ,0, ,N, ,3, , , , , ,544684, , , ,1,1,0,0,0,0,0,0,0,0,0,1,1,0,0,0,0,0,0,0,0,0,0,0,0,0,0,0,0,0,0,0,1,0,0,4,0,39.9964,-75.1771, , 
 ,49734,2013057454,6,67,67301,2013,5,7,355,3,3,1,0,1,1, , ,N,0,0,0,3,0,0,2,2,N,N,39 58:34.118,75 11:44.110,408, ,359, ,0, ,N, ,0, , , , , ,544686, , , ,2,2,0,0,0,0,0,0,0,0,0,0,0,0,0,0,0,0,0,0,0,0,0,0,0,0,0,0,0,0,0,0,0,0,0,0,0,39.9761,-75.1956, , 
 ,49735,2013037492,6,67,67301,2013,3,4,730,7,1,1,0,5,1, , ,N,0,0,0,3,0,3,4,2,N,N,40 01:10.059,75 08:48.840,740, ,738,2,2,1,N, ,0,Y, , , , ,544763, , , ,2,1,0,0,1,0,0,0,0,0,0,0,3,3,0,0,0,0,0,0,1,0,0,0,0,0,0,0,0,0,0,0,0,0,0,8,0,40.0195,-75.1469, , 
 ,49736,2013041365,6,67,67301,2013,3,7,1700,17,1,1,0,4,1, , ,N,1,3,0,3,0,1,2,3,N, ,39 58:59.959,75 06:15.080,1725, ,1713,1,2,2, , ,3,Y, , , , ,548290, , , ,3,2,0,0,1,0,0,0,0,0,0,1,1,0,0,0,0,0,0,0,1,1,0,0,0,0,0,0,0,0,0,0,0,0,0,4,0,39.9833,-75.1042, , 
 ,49737,2013044111,6,67,67301,2013,3,3,128,1,3,2,1,7,5, , ,N,0,0,0,3,0,0,2,1,N, ,40 04:15.206,75 02:19.161,128, ,128,1,2,2, , ,0,Y, , , , ,548293, , , ,1,1,0,0,0,0,0,0,0,0,0,0,0,0,0,0,0,0,0,0,0,0,0,0,0,0,0,0,0,0,0,0,0,0,0,0,0,40.0709,-75.0387, , 
 ,49738,2013047343,6,67,67301,2013,4,4,336,3,3,1,0,7,5, , ,N,2,3,0,3,0,0,1,1,N, ,39 53:12.829,75 14:47.799,415, ,412, ,0, , , ,3, , , , , ,548296, , , ,1,1,0,0,0,0,0,0,0,0,0,0,0,0,1,0,0,0,0,0,0,0,0,0,0,0,0,0,0,0,0,0,0,0,0,9,0,39.8869,-75.2466, , 
 ,49739,2013051121,6,67,67301,2013,4,1,420,4,3,1,0,7,4, , ,N,0,0,0,3,0,1,1,1,N,N,40 01:33.033,75 04:16.539,426, ,425, ,0, ,N, ,0, , , , , ,548300, , , ,1,1,0,0,0,0,0,0,0,0,1,0,1,0,0,0,0,0,0,0,0,0,0,0,0,0,0,0,0,0,0,0,0,0,0,3,0,40.0258,-75.0713, , 
 ,49740,2013053073,6,67,67301,2013,4,1,240,2,3,1,0,4,1, , ,N,0,0,0,3,0,0,5,3,N, ,39 55:34.014,75 09:15.454,244, ,240, ,0, , , ,0, , , , , ,548301, , , ,3,2,0,0,0,0,1,0,0,0,0,0,0,0,0,0,0,0,0,1,0,0,0,0,0,0,0,0,0,0,0,0,0,0,0,0,0,39.9261,-75.1543, , 
 ,49741,2013023513,6,67,67301,2013,1,5,1230,12,1,1,0,4,1, , ,N,5,2,0,3,0,2,2,2,N,N,39 56:52.017,75 13:52.855,1247, ,1245, ,0, ,N, ,3, , , , , ,548318, , , ,2,1,0,0,0,0,0,1,0,0,0,2,2,0,0,0,0,0,0,0,2,0,0,0,0,0,0,0,0,0,0,0,0,0,0,4,0,39.9478,-75.2313, , 
 ,49742,2013027666,6,67,67301,2013,2,2,1515,15,1,2,1,4,6, , ,N,0,0,0,3,0,1,2,2,N, ,39 56:43.022,75 09:46.976,1700, ,1700, ,0, , , ,0, , , , , ,548321, , , ,2,2,0,0,0,0,0,0,0,0,0,1,1,0,1,0,0,0,0,0,0,0,0,0,0,0,0,0,0,0,0,0,0,0,0,4,0,39.9453,-75.163, , 
 ,49743,2013047339,6,67,67301,2013,4,4,2049,20,1,2,1,4,1, , ,N,1,2,0,3,0,3,3,2,N, ,39 58:09.149,75 11:04.199,2110, ,2051,2,1,2, , ,3,N, , , , ,548337, , , ,2,2,0,0,0,0,0,0,0,0,1,2,3,0,0,0,0,0,0,0,2,0,0,0,0,0,0,0,0,0,0,0,0,0,0,3,0,39.9693,-75.1846, , 
 ,49744,2013049756,6,67,67301,2013,5,3,1749,17,1,1,0,1,1, , ,N,0,0,0,3,0,0,3,2,N,N,40 01:16.138,75 02:30.111,1814, ,1750,1,1,2,N, ,0,N, , , , ,548339, , , ,2,1,0,0,0,0,1,0,0,0,0,0,0,0,0,0,0,0,0,0,0,0,0,0,0,0,0,0,0,0,0,0,0,0,0,0,0,40.0212,-75.0417, , 
 ,49745,2013053018,6,67,67301,2013,4,5,2250,22,3,1,0,8,1, , ,N,1,2,0,3,0,1,2,2,N,N,40 02:25.628,75 10:43.047,2255, ,2251, ,0, , , ,3, , , , , ,548342, , , ,1,1,0,0,0,0,0,0,0,0,0,1,1,0,0,0,0,0,0,0,0,0,0,0,0,0,0,0,0,0,0,0,1,0,0,4,0,40.0405,-75.1786, , 
 ,49746,2013053143,6,67,67301,2013,4,7,1640,16,4,1,0,4,1, , ,N,2,3,0,3,0,2,3,2,N,N,40 00:47.152,75 05:43.655,1920, ,914,2,1,3,N, ,3,N, , , , ,548343, , , ,2,2,0,0,0,0,0,0,0,0,0,0,2,2,0,0,0,0,0,0,1,0,0,0,0,0,0,0,0,0,0,0,0,0,0,8,0,40.0131,-75.0955, , 
 ,49747,2013062654,6,67,67301,2013,5,5,1901,19,1,1,0,1,1, , ,N,0,2,0,3,0,1,5,4,N,N,40 05:42.801,75 00:54.632,1909, ,1903,2,1,2, , ,3,N, , , , ,548351, , , ,4,2,0,0,0,0,2,0,0,0,0,1,1,0,0,0,0,0,0,0,2,0,0,0,0,0,0,0,0,0,0,0,0,0,0,4,0,40.0952,-75.0152, , 
Y,49748,2013005334,6,67,67301,2013,1,7,0,0,3,2,1,1,1,2,4,Y,0,3,0,3,0,2,4,3,N,N,40 02:38.753,75 00:10.042,9,90,9, ,0, ,N, ,3, ,Y,N,N,Y,548355,N,N,N,3,2,0,0,0,0,1,0,0,0,0,2,2,0,1,0,0,0,1,0,0,0,0,0,0,0,0,0,0,0,0,0,0,0,0,4,0,40.0441,-75.0028, , 
 ,49749,2013026975,6,67,67301,2013,2,6,1940,19,3,2,1,4,1, , ,N,1,2,0,3,0,2,3,2,N, ,40 02:57.481,75 04:04.310,1941, ,1940, ,0, , , ,3, , , , , ,548377, , , ,2,0,0,0,0,0,1,1,0,0,0,0,2,2,0,0,0,0,0,0,0,0,0,0,0,0,0,0,0,0,0,0,0,0,0,8,0,40.0493,-75.0679, , 
 ,49750,2013035183,6,67,67301,2013,3,3,1625,16,1,1,0,4,1, , ,N,0,0,0,3,0,0,2,2,N,N,39 56:25.702,75 08:58.030,1629, ,1628, ,0, , , ,0, , , , , ,548388, , , ,2,2,0,0,0,0,0,0,0,0,0,0,0,0,0,0,0,0,0,0,0,0,0,0,0,0,0,0,0,0,0,0,0,0,0,0,0,39.9405,-75.1495, , 
 ,49751,2013037365,6,67,67301,2013,3,2,2249,22,3,2,1,8,1, , ,N,1,2,0,3,0,1,2,2,N, ,40 02:49.639,75 05:52.794,2340, ,2251, ,0, , , ,3, , , , , ,548391, , , ,1,1,0,0,0,0,0,0,0,0,0,0,1,1,0,0,0,0,0,0,0,0,0,0,0,0,0,0,0,0,0,0,1,0,0,8,0,40.0471,-75.098, , 
 ,49752,2013041375,6,67,67301,2013,3,5,9999,99,1,1,0,7,5, , ,N,1,2,0,3,0,1,1,1,N,N,39 59:29.818,75 08:10.215,904, ,853, ,0, ,N, ,3, , , , , ,548395, , , ,1,1,0,0,0,0,0,0,0,0,1,0,1,0,0,0,0,0,0,0,0,0,0,0,0,0,0,0,0,0,0,0,0,0,0,3,0,39.9915,-75.1361, , 
 ,49753,2013046335,6,67,67301,2013,4,6,1530,15,1,1,0,4,1, , ,N,1,2,0,3,0,1,2,2,N,N,39 57:06.984,75 09:35.699,1537, ,1535,1,1,4,N, ,3,N, , , , ,548431, , , ,1,1,0,0,0,0,0,0,1,0,0,0,1,1,0,0,0,0,1,0,0,0,0,0,0,0,0,0,0,0,0,0,0,0,0,8,0,39.9519,-75.1598, , 
 ,49754,2013072228,6,67,67301,2013,7,3,1702,17,1,1,0,4,1, , ,N,1,2,0,3,0,0,2,2,N,N,40 00:22.269,75 09:06.895,1703, ,1702, ,0, ,N, ,3, , , , , ,552083, , , ,2,2,0,0,0,0,0,0,0,0,0,0,0,0,0,0,0,0,0,0,0,0,0,0,0,0,0,0,0,0,0,0,0,0,0,0,0,40.0062,-75.1518, , 
 ,49755,2013086734,6,67,67301,2013,8,1,1822,18,1,1,0,8,1, , ,N,1,2,0,3,0,1,3,2,N, ,39 57:07.661,75 09:41.216,1828, ,1825, ,0, , , ,3, , , , , ,552097, , , ,1,1,0,0,0,0,0,0,0,1,0,0,1,0,0,0,0,0,0,0,0,0,0,0,0,0,0,0,0,0,0,0,1,0,1,2,0,39.9521,-75.1615, , 
 ,49756,2013086764,6,67,67301,2013,8,7,9999,99,1,1,0,4,1, , ,N,1,2,0,3,0,2,2,2,N,N,40 02:04.103,75 04:55.728,1850, ,1847,3,1,2,N, ,3,N, , , , ,552098, , , ,2,1,0,0,0,0,1,0,0,0,0,0,2,2,0,0,0,0,0,0,1,0,0,0,0,0,0,0,0,0,0,0,0,0,0,8,0,40.0345,-75.0821, , 
 ,49757,2013096567,6,67,67301,2013,9,6,1110,11,1,1,0,1,1, , ,N,0,0,0,3,0,1,3,2,N,N,39 58:36.257,75 11:51.140,1113, ,1110, ,0, ,N, ,0, , , , , ,552107, , , ,2,1,0,0,1,0,0,0,0,0,0,1,1,0,0,0,0,0,0,0,0,0,0,0,0,0,0,0,0,0,0,0,0,0,0,4,0,39.9767,-75.1975, , 
 ,49758,2013054632,6,67,67301,2013,4,7,1510,15,1,1,0,1,1, , ,N,2,2,2,3,0,1,2,2,N,N,40 00:51.603,75 12:16.803,1520, ,1513, ,0, ,N, ,3, , , , , ,552114, , , ,2,2,0,0,0,0,0,0,0,0,0,0,1,1,0,0,0,0,0,0,0,0,0,2,0,0,0,0,0,0,0,0,0,0,0,8,0,40.0143,-75.2047, , 
 ,49759,2013012060,6,67,67301,2013,1,4,2232,22,3,1,0,4,1, , ,N,1,2,0,3,0,3,4,3,N,N,40 01:35.632,75 05:48.279,2259, ,2255,2,1,2,N, ,3,N, , , , ,552119, , , ,3,2,0,0,0,0,0,1,0,0,0,3,3,0,0,0,0,0,0,0,0,0,0,0,0,0,0,0,0,0,0,0,0,0,0,4,0,40.0266,-75.0967, , 
 ,49760,2013037097,6,67,67301,2013,3,6,1332,13,1,1,0,1,1, , ,N,0,0,0,3,0,0,3,2,N,N,39 57:26.377,75 09:30.392,1353, ,1338, ,0, ,N, ,0, , , , , ,552142, , , ,2,1,0,0,0,0,1,0,0,0,0,0,0,0,0,0,0,0,0,0,0,0,0,0,0,0,0,0,0,0,0,0,0,0,0,0,0,39.9573,-75.1584, , 
 ,49761,2013037356,6,67,67301,2013,3,6,2120,21,3,1,0,4,1, , ,N,1,0,0,3,0,3,4,2,N,N,40 02:23.726,75 07:13.540,2131, ,2130, ,0, ,N, ,0, , , , , ,552143, , , ,2,1,0,0,0,0,0,1,0,0,0,0,3,3,0,0,0,0,0,0,0,0,0,0,0,0,0,0,0,0,0,0,0,0,0,8,0,40.0399,-75.1204, , 
 ,49762,2013053035,6,67,67301,2013,4,4,123,1,3,1,0,7,2, , ,N,0,0,0,3,0,1,1,1,N,N,40 00:25.243,75 12:08.258,130, ,124, ,0, ,N, ,0, , , , , ,552156, , , ,1,0,0,0,1,0,0,0,0,0,0,1,1,0,0,0,0,0,0,0,0,0,0,0,0,0,0,0,0,0,0,0,0,0,0,4,0,40.007,-75.2023, , 
 ,49763,2013053124,6,67,67301,2013,4,2,1551,15,1,2,1,4,1, , ,N,0,0,0,3,0,0,2,2,N,N,40 02:48.650,75 07:32.260,1631, ,1630, ,0, ,N, ,0, , , , , ,552157, , , ,2,2,0,0,0,0,0,0,0,0,0,0,0,0,0,0,0,0,0,0,0,1,0,0,0,0,0,0,0,0,0,0,0,0,0,0,0,40.0468,-75.1256, , 