wz_ln_closure,objectid_1,crn,district,county,municipality,crash_year,crash_month,day_of_week,time_of_day,hour_of_day,illumination,weather,road_condition,collision_type,relation_to_road,work_zone_type,work_zone_loc,work_zone_ind,intersect_type,tcd_type,location_type,urban_rural,fatal_count,injury_count,person_count,total_units,sch_bus_ind,sch_zone_ind,latitude,longitude,arrival_tm,cons_zone_spd_lim,dispatch_tm,est_hrs_closed,lane_closed,ln_close_dir,ntfy_hiwy_maint,spec_juris_cd,tcd_func_cd,tfc_detour_ind,workers_pres,wz_close_detour,wz_flagger,wz_law_offcr_ind,objectid,wz_moving,wz_other,wz_shlder_mdn,vehicle_count,automobile_count,motorcycle_count,bus_count,small_truck_count,heavy_truck_count,suv_count,van_count,bicycle_count,maj_inj_count,mod_inj_count,min_inj_count,tot_inj_count,unk_inj_deg_count,unk_inj_per_count,driver_count_16yr,driver_count_17yr,driver_count_18yr,driver_count_19yr,driver_count_20yr,driver_count_50_64yr,driver_count_65_74yr,driver_count_75plus,unbelted_occ_count,unb_death_count,unb_maj_inj_count,belted_death_count,belted_maj_inj_count,mcycle_death_count,mcycle_maj_inj_count,bicycle_death_count,bicycle_maj_inj_count,ped_count,ped_death_count,ped_maj_inj_count,max_severity_level,comm_veh_count,dec_lat,dec_long,rdwy_surf_type_cd,county_name
 ,49764,2013024976,6,67,67301,2013,1,4,848,8,1,1,0,4,1, , ,N,1,2,0,3,0,4,5,3,N,N,40 00:50.174,75 03:20.262,855, ,849,2,1,6,N, ,3,Y, , , , ,552177, , , ,3,0,0,0,1,0,2,0,0,0,1,0,4,3,0,0,0,0,0,0,0,0,0,0,0,0,0,0,0,0,0,0,0,0,0,3,0,40.0139,-75.0556, , 
 ,49765,2013035635,6,67,67301,2013,2,1,2008,20,3,1,0,8,1, , ,N,1,3,0,3,0,1,2,2,N,N,39 57:22.741,75 10:15.056,2022, ,2010, ,0, ,N, ,3, , , , , ,552182, , , ,1,1,0,0,0,0,0,0,0,0,0,0,1,1,0,0,0,0,0,0,0,0,0,0,0,0,0,0,0,0,0,0,1,0,0,8,0,39.9563,-75.1708, , 
 ,49766,2013067278,6,67,67301,2013,1,3,1840,18,4,5,1,1,1, , ,N,3,3,2,3,0,1,2,2,N,N,39 59:11.983,75 12:29.919,0, ,0, ,0, ,N, ,3, , , , , ,552202, , , ,2,1,0,0,0,0,1,0,0,0,0,0,1,1,0,0,0,0,0,0,1,0,0,0,0,0,0,0,0,0,0,0,0,0,0,8,0,39.9867,-75.2083, , 
 ,49767,2013022790,6,67,67301,2013,2,5,1510,15,1,1,0,7,1, , ,N,0,0,0,3,0,1,1,1,N,N,39 59:30.079,75 12:10.392,1524, ,1518, ,0, ,N, ,0, , , , , ,552226, , , ,1,0,0,0,1,0,0,0,0,0,0,0,1,1,0,0,0,0,0,0,1,0,0,0,0,0,0,0,0,0,0,0,0,0,0,8,0,39.9917,-75.2029, , 
 ,49768,2013026924,6,67,67301,2013,2,1,2259,22,3,4,1,7,2, , ,N,0,0,0,3,0,0,1,1,N,N,40 03:21.317,75 13:57.005,2303, ,2259, ,0, ,N, ,0, , , , , ,552233, , , ,1,0,0,0,1,0,0,0,0,0,0,0,0,0,0,0,0,0,0,0,0,0,0,0,0,0,0,0,0,0,0,0,0,0,0,0,0,40.0559,-75.2325, , 
 ,49769,2013035032,6,67,67301,2013,3,3,1757,17,1,1,0,2,1, , ,N,0,0,0,3,0,2,2,2,N, ,40 05:28.756,75 01:57.362,1803, ,1759, ,0, , , ,0, , , , , ,552240, , , ,2,1,0,0,0,0,0,1,0,0,0,2,2,0,0,0,0,0,0,0,2,0,0,0,0,0,0,0,0,0,0,0,0,0,0,4,0,40.0913,-75.0326, , 
 ,49770,2013043809,6,67,67301,2013,3,5,805,8,1,1,0,1,1, , ,N,0,0,0,3,0,2,5,4,N,N,39 59:43.479,75 11:30.071,815, ,808,1,1,2,N, ,0,Y, , , , ,552245, , , ,4,3,0,0,0,0,1,0,0,0,0,2,2,0,1,0,0,0,0,0,1,0,0,0,0,0,0,0,0,0,0,0,0,0,0,4,0,39.9954,-75.1917, , 
 ,49771,2013046422,6,67,67301,2013,4,4,640,6,1,1,0,4,7, , ,N,1,2,2,3,0,0,2,2,N,N,39 55:17.972,75 11:24.679,708, ,705, ,0, ,N, ,3, , , , , ,552247, , , ,2,1,0,0,0,1,0,0,0,0,0,0,0,0,0,0,0,0,0,0,1,0,0,0,0,0,0,0,0,0,0,0,0,0,0,0,1,39.9217,-75.1902, , 
 ,49772,2013029699,6,67,67301,2013,2,4,9999,99,1,1,0,4,7, , ,N,3,2,8,3,0,3,3,3,N,N,39 58:14.817,75 07:20.188,845, ,838, ,0, ,N, ,3, , , , , ,554153, , , ,3,3,0,0,0,0,0,0,0,0,0,0,3,3,0,0,0,0,0,0,0,0,0,0,0,0,0,0,0,0,0,0,0,0,0,8,0,39.9708,-75.1223, , 
 ,49773,2013031483,6,67,67301,2013,2,2,2303,23,3,1,1,1,2, , ,N,0,0,0,3,0,0,1,2,N,N,39 59:30.958,75 07:34.269,2305, ,2305, ,0, ,N, ,0, , , , , ,554154, , , ,2,0,0,0,2,0,0,0,0,0,0,0,0,0,0,0,0,0,0,0,0,0,0,0,0,0,0,0,0,0,0,0,0,0,0,0,0,39.9919,-75.1262, , 
 ,49774,2013037378,6,67,67301,2013,3,6,930,9,1,1,0,4,1, , ,N,1,2,0,3,0,0,3,3,N,N,39 59:57.271,75 08:50.495,940, ,930, ,0, ,N, ,3, , , , , ,554158, , , ,3,2,0,0,0,0,1,0,0,0,0,0,0,0,0,0,0,0,0,0,2,0,0,0,0,0,0,0,0,0,0,0,0,0,0,0,0,39.9992,-75.1474, , 
 ,49775,2013039595,6,67,67301,2013,4,2,1718,17,1,1,0,1,1, , ,N,7,0,0,3,0,0,2,2,N,N,40 00:25.119,75 11:58.634,1718, ,1718, ,0, ,N, ,0, , , , , ,554160, , , ,2,1,0,0,0,0,1,0,0,0,0,0,0,0,0,0,0,0,0,0,0,1,0,0,0,0,0,0,0,0,0,0,0,0,0,0,0,40.007,-75.1996, , 
 ,49776,2013054129,6,67,67301,2013,5,7,1147,11,1,1,0,1,1, , ,N,0,0,0,3,0,1,3,2,N,N,39 57:07.126,75 08:29.275,1207, ,1148, ,0, ,N, ,0, , , , , ,554173, , , ,2,2,0,0,0,0,0,0,0,0,0,1,1,0,0,0,0,0,0,0,0,0,0,0,0,0,0,0,0,0,0,0,0,0,0,4,0,39.952,-75.1415, , 
 ,49777,2013065979,6,67,67301,2013,5,1,1354,13,1,1,0,4,1, , ,N,1,3,0,3,0,2,2,2,N,N,39 58:52.464,75 14:28.449,1406, ,1354,9,1,5,N, ,3,N, , , , ,554180, , , ,2,2,0,0,0,0,0,0,0,0,0,2,2,0,0,0,0,0,0,0,0,0,0,0,0,0,0,0,0,0,0,0,0,0,0,4,0,39.9812,-75.2412, , 
 ,49778,2013055493,6,67,67301,2013,5,2,1843,18,1,1,0,4,1, , ,N,1,0,0,3,0,3,4,2,N, ,40 02:34.252,75 03:47.603,1847, ,1843, ,0, , , ,0, , , , , ,554191, , , ,2,1,0,0,0,0,1,0,0,0,0,3,3,0,0,0,0,0,0,0,0,0,0,0,0,0,0,0,0,0,0,0,0,0,0,4,0,40.0428,-75.0631, , 
 ,49779,2013061081,6,67,67301,2013,6,3,1040,10,1,1,0,4,1, , ,N,0,0,0,3,0,1,2,2,N,N,39 58:28.975,75 07:04.408,1045, ,1040,2,2,2,N, ,0,N, , , , ,554192, , , ,2,0,0,0,0,1,0,1,0,0,0,1,1,0,0,0,0,0,0,0,2,0,0,0,0,0,0,0,0,0,0,0,0,0,0,4,1,39.9747,-75.1179, , 
 ,49780,2013062606,6,67,67301,2013,5,1,138,1,3,2,1,4,1, , ,N,1,3,0,3,0,2,2,2,N,N,39 58:33.909,75 07:10.289,150, ,140, ,0, ,N, ,3, , , , , ,554196, , , ,2,1,0,0,0,0,1,0,0,2,0,0,2,0,0,0,0,0,0,0,0,0,0,0,0,0,0,0,0,0,0,0,0,0,0,2,0,39.9761,-75.1195, , 
 ,49781,2013067752,6,67,67301,2013,5,2,1756,17,1,7,0,4,2, , ,N,0,0,0,3,0,2,2,2,N,N,39 59:41.937,75 13:58.744,1800, ,1758, ,0, ,N, ,0, , , , , ,554201, , , ,2,1,0,0,0,0,0,1,0,1,0,0,2,1,0,0,0,0,0,0,0,0,0,0,0,0,0,1,0,0,0,0,0,0,0,2,0,39.995,-75.233, , 
 ,49782,2013070344,6,67,67301,2013,6,5,1240,12,1,1,0,1,1, , ,N,1,2,0,3,0,1,2,2,N, ,40 05:19.811,75 01:13.969,1250, ,1243, ,0, , , ,3, , , , , ,554204, , , ,2,0,0,0,1,0,1,0,0,0,0,1,1,0,0,0,0,0,0,0,0,0,0,0,0,0,0,0,0,0,0,0,0,0,0,4,0,40.0908,-75.0194, , 
 ,49783,2013096011,6,67,67301,2013,8,3,1300,13,1,1,0,1,1, , ,N,0,0,7,3,0,2,3,2,N, ,39 55:52.618,75 13:34.276,1323, ,1318, ,0, , , ,0, , , , , ,554221, , , ,2,2,0,0,0,0,0,0,0,0,0,2,2,0,0,0,0,0,0,0,0,0,0,0,0,0,0,0,0,0,0,0,0,0,0,4,0,39.9313,-75.2262, , 
 ,49784,2013032497,6,67,67301,2013,2,2,1201,12,1,1,0,1,1, , ,N,1,2,0,3,0,0,3,2,N,N,40 03:44.577,75 02:33.887,1211, ,1202,2,1,1,N, ,3,N, , , , ,554254, , , ,2,2,0,0,0,0,0,0,0,0,0,0,0,0,0,0,0,0,0,0,0,0,0,0,0,0,0,0,0,0,0,0,0,0,0,0,0,40.0624,-75.0427, , 
 ,49785,2013050356,6,67,67301,2013,4,3,9999,99,1,1,0,4,1, , ,N,2,3,0,3,0,3,3,2,N, ,40 03:20.170,75 10:52.667,1337, ,1320, ,0, , , ,3, , , , , ,554272, , , ,2,1,0,0,0,0,0,1,0,0,1,2,3,0,0,0,0,0,0,0,0,0,0,0,0,0,0,0,0,0,0,0,0,0,0,3,0,40.0556,-75.1813, , 
 ,49786,2013065674,6,67,67301,2013,6,4,858,8,1,1,0,1,1, , ,N,0,0,0,3,0,1,3,3,N,N,39 58:49.646,75 06:17.150,909, ,858, ,0, ,N, ,0, , , , , ,554280, , , ,3,1,0,0,0,1,1,0,0,0,0,0,1,1,0,0,0,0,0,0,1,0,0,0,0,0,0,0,0,0,0,0,0,0,0,8,1,39.9805,-75.1048, , 
N,49787,2013058710,6,67,67301,2013,5,5,539,5,5,1,0,5,1,1,4,Y,0,0,0,3,0,2,6,5,N,N,40 01:18.351,75 02:21.209,601,45,540,3,1,1,Y, ,0,N,N,N,N,N,554288,N,N,Y,5,3,0,0,0,1,1,0,0,0,0,0,2,2,0,0,0,0,0,0,0,0,0,0,0,0,0,0,0,0,0,0,0,0,0,8,1,40.0217,-75.0394, , 
 ,49788,2013062541,6,67,67301,2013,5,1,158,1,3,1,0,5,5, , ,N,2,0,0,3,0,0,1,2,N,N,39 57:35.684,75 13:25.879,224, ,226, ,0, ,N, ,0, , , , , ,554292, , , ,2,1,0,0,0,0,1,0,0,0,0,0,0,0,0,0,0,0,0,0,1,0,0,0,0,0,0,0,0,0,0,0,0,0,0,0,0,39.9598,-75.2239, , 
 ,49789,2013070322,6,67,67301,2013,6,4,1040,10,1,1,0,4,1, , ,N,0,0,7,3,0,1,2,2,N,N,39 59:37.188,75 09:08.722,1045, ,1042, ,0, ,N, ,0, , , , , ,554296, , , ,1,0,0,0,0,0,1,0,1,0,0,1,1,0,0,0,0,0,0,0,0,0,0,0,0,0,0,0,0,0,0,0,0,0,0,4,0,39.9937,-75.1524, , 
 ,49790,2013062602,6,67,67301,2013,5,1,510,5,5,1,0,5,4, , ,N,0,0,0,3,0,1,1,3,N,N,39 59:28.593,75 08:25.285,515, ,510, ,0, ,N, ,0, , , , , ,554333, , , ,3,2,0,0,0,0,1,0,0,0,0,1,1,0,0,0,0,0,0,0,0,0,0,0,0,0,0,0,0,0,0,0,0,0,0,4,0,39.9913,-75.1404, , 
 ,49791,2013045935,6,67,67301,2013,4,7,1353,13,1,1,0,5,1, , ,N,3,0,0,3,0,1,3,2,N,N,40 01:23.893,75 02:12.532,1405, ,1402,2,1,2,N, ,0,N, , , , ,544773, , , ,2,1,1,0,0,0,0,0,0,0,0,0,1,1,0,0,0,0,0,0,0,0,0,0,0,0,0,0,0,0,0,0,0,0,0,8,0,40.0233,-75.0368, , 
 ,49792,2013024942,6,67,67301,2013,1,5,235,2,3,2,1,1,2, , ,N,0,0,0,3,0,1,3,2,N, ,39 55:23.158,75 10:11.601,240, ,240, ,0, , , ,0, , , , , ,544804, , , ,2,1,0,1,0,0,0,0,0,0,0,0,1,1,0,0,0,0,0,0,0,0,0,0,0,0,0,0,0,0,0,0,0,0,0,8,1,39.9231,-75.1699, , 
 ,49793,2013037370,6,67,67301,2013,1,7,2025,20,3,1,0,4,1, , ,N,1,3,0,3,0,2,3,2,N, ,39 56:41.672,75 12:33.303,2032, ,2032,2,1,4, , ,3,Y, , , , ,544811, , , ,2,1,0,0,0,0,0,0,0,0,0,0,2,2,0,0,0,0,0,0,0,0,0,0,0,0,0,0,0,0,0,0,0,0,0,8,0,39.9449,-75.2093, , 
 ,49794,2013046263,6,67,67301,2013,4,4,1705,17,1,1,0,8,1, , ,N,0,0,0,3,0,1,2,2,N,N,39 55:47.103,75 10:43.755,1713, ,1707, ,0, ,N, ,0, , , , , ,544815, , , ,1,1,0,0,0,0,0,0,0,0,0,0,1,1,0,0,0,0,0,0,0,0,0,0,0,0,0,0,0,0,0,0,1,0,0,8,0,39.9298,-75.1788, , 
 ,49795,2013050325,6,46,46108,2013,4,4,1215,12,1,1,0,1,1, , ,N,2,3,0,3,0,1,2,2,N,N,40 05:13.538,75 12:48.575,1255, ,1247, ,0, ,N, ,3, , , , , ,544821, , , ,2,2,0,0,0,0,0,0,0,0,0,1,1,0,0,0,0,0,0,0,1,0,0,0,0,0,0,0,0,0,0,0,0,0,0,4,0,40.0871,-75.2135, , 
 ,49796,2013041312,6,67,67301,2013,3,7,230,2,3,1,0,4,6, , ,N,0,0,0,3,0,1,1,2,N,N,40 02:09.135,75 10:51.794,238, ,235, ,0, ,N, ,0, , , , , ,544852, , , ,2,2,0,0,0,0,0,0,0,0,0,1,1,0,0,0,0,0,0,0,0,0,0,0,0,0,0,0,0,0,0,0,0,0,0,4,0,40.0359,-75.1811, , 
 ,49797,2013044118,6,67,67301,2013,3,4,2207,22,3,1,0,8,1, , ,N,0,0,0,3,0,1,2,2,N,N,40 03:47.673,75 09:08.913,2210, ,2207, ,0, ,N, ,0, , , , , ,544857, , , ,1,1,0,0,0,0,0,0,0,0,0,1,1,0,0,0,0,0,0,0,0,1,0,0,0,0,0,0,0,0,0,0,1,0,0,4,0,40.0632,-75.1525, , 
 ,49798,2013047258,6,67,67301,2013,4,1,1650,16,1,1,0,1,1, , ,N,0,0,0,3,0,1,5,2,N, ,39 54:00.632,75 12:22.110,1655, ,1652, ,0, , , ,0, , , , , ,544860, , , ,2,2,0,0,0,0,0,0,0,0,0,0,1,1,0,0,0,0,0,1,0,0,0,0,0,0,0,0,0,0,0,0,0,0,0,8,0,39.9002,-75.2061, , 
 ,49799,2013070072,6,67,67301,2013,6,6,257,2,3,1,0,8,1, , ,N,0,0,0,3,0,1,2,2,N,N,39 58:19.880,75 09:45.520,310, ,303, ,0, ,N, ,0, , , , , ,544872, , , ,1,1,0,0,0,0,0,0,0,0,1,0,1,0,0,0,0,0,0,0,0,0,0,0,0,0,0,0,0,0,0,0,1,0,0,3,0,39.9722,-75.1626, , 
 ,49800,2013070220,6,67,67301,2013,6,4,807,8,1,1,0,1,1, , ,N,0,0,0,3,0,1,3,3,N, ,40 00:22.677,75 06:58.836,807, ,807,9,1,1, , ,0,N, , , , ,544873, , , ,3,0,0,0,0,0,1,2,0,0,0,0,1,1,0,0,0,0,0,0,1,0,0,3,0,0,0,0,0,0,0,0,0,0,0,8,0,40.0063,-75.1163, , 
 ,49801,2013016260,6,67,67301,2013,1,2,1933,19,1,1,0,1,1, , ,N,0,0,0,3,0,1,2,2,N, ,39 57:13.286,75 11:56.634,1935, ,1933, ,0, ,N, ,0, , , , , ,544891, , , ,1,1,0,0,0,0,0,0,1,0,1,0,1,0,0,0,0,0,0,0,1,0,0,0,0,0,0,0,0,0,0,0,0,0,0,3,0,39.9537,-75.1991, , 
 ,49802,2013044131,6,67,67301,2013,3,7,845,8,1,1,0,4,1, , ,N,1,2,0,3,0,1,2,2,N,N,39 58:37.995,75 13:36.385,910, ,900, ,0, ,N, ,3, , , , , ,544909, , , ,2,0,0,0,0,0,0,1,0,0,0,1,1,0,1,0,0,0,0,0,0,0,0,0,0,0,0,0,0,0,0,0,0,0,0,4,0,39.9772,-75.2268, , 
 ,49803,2013046377,6,67,67301,2013,3,2,9999,99,1,4,1,8,1, , ,N,1,2,0,3,0,1,2,2,N, ,39 58:33.326,75 14:24.968,838, ,834, ,0, , , ,3, , , , , ,544910, , , ,1,0,0,0,1,0,0,0,0,0,0,1,1,0,0,0,0,0,0,0,0,0,0,0,0,0,0,0,0,0,0,0,1,0,0,4,0,39.9759,-75.2403, , 
 ,49804,2013048437,6,67,67301,2013,5,5,1040,10,1,1,0,8,1, , ,N,0,2,0,3,0,1,2,2,N,N,39 55:40.679,75 10:07.809,1042, ,1040, ,0, ,N, ,3, , , , , ,544913, , , ,1,1,0,0,0,0,0,0,0,0,0,1,1,0,0,0,0,0,0,0,0,0,0,1,0,0,0,0,0,0,0,0,1,0,0,4,0,39.9281,-75.1688, , 
 ,49805,2013053927,6,67,67301,2013,5,3,1616,16,1,1,0,1,1, , ,N,0,0,0,3,0,0,2,2,N,N,39 59:55.326,75 04:50.868,1642, ,1620, ,0, ,N, ,0, , , , , ,544918, , , ,2,1,0,0,1,0,0,0,0,0,0,0,0,0,0,0,0,0,0,0,1,0,0,0,0,0,0,0,0,0,0,0,0,0,0,0,0,39.9986,-75.0809, , 
 ,49806,2013043166,6,67,67301,2013,4,6,1040,10,1,2,1,7,4, , ,N,0,0,0,3,0,1,1,1,N,N,39 56:57.595,75 08:30.732,1048, ,1040,1,2,2,N, ,0,N, , , , ,544969, , , ,1,0,0,0,1,0,0,0,0,0,0,0,1,1,0,0,0,0,0,0,0,0,0,0,0,0,0,0,0,0,0,0,0,0,0,8,0,39.9493,-75.1419, , 
 ,49807,2013045609,6,67,67301,2013,4,5,1857,18,1,1,0,7,4, , ,N,0,2,0,3,1,0,1,1,N,N,39 58:23.615,75 12:44.366,1904, ,1857,9,2,6,N,0,3,Y, , , , ,544974, , , ,1,0,1,0,0,0,0,0,0,0,0,0,0,0,0,0,0,0,0,0,0,0,0,0,0,0,0,0,1,0,0,0,0,0,0,1,0,39.9732,-75.2123,2, 
 ,49808,2013029791,6,67,67301,2013,2,3,1025,10,1,1,0,4,1, , ,N,1,3,0,3,0,1,3,2,N,N,40 00:45.378,75 08:26.717,1030, ,1028, ,0, ,N, ,3, , , , , ,544999, , , ,2,2,0,0,0,0,0,0,0,0,0,1,1,0,0,0,0,0,0,0,0,0,0,0,0,0,0,0,0,0,0,0,0,0,0,4,0,40.0126,-75.1408, , 
 ,49809,2013047217,6,67,67301,2013,4,5,1715,17,1,1,0,8,1, , ,N,0,0,0,3,0,1,2,2,N,N,39 55:09.446,75 10:14.605,1750, ,1745, ,0, ,N, ,0, , , , , ,548432, , , ,1,1,0,0,0,0,0,0,0,0,0,0,1,1,0,0,0,0,0,0,0,0,0,0,0,0,0,0,0,0,0,0,1,0,0,8,0,39.9193,-75.1707, , 
 ,49810,2013053065,6,67,67301,2013,4,3,922,9,1,1,0,4,1, , ,N,1,2,0,3,0,1,2,2,N, ,39 58:12.826,75 08:42.073,931, ,929,1,1,3, , ,3,Y, , , , ,548435, , , ,2,2,0,0,0,0,0,0,0,0,0,1,1,0,0,0,0,0,0,0,0,0,0,0,0,0,0,0,0,0,0,0,0,0,0,4,0,39.9702,-75.1451, , 
 ,49811,2013029751,6,67,67301,2013,1,4,945,9,1,1,0,4,1, , ,N,1,2,0,3,0,1,2,2,N, ,39 57:37.886,75 10:24.974,1205, ,1205, ,0, , , ,3, , , , , ,548468, , , ,1,0,0,0,0,0,1,0,1,0,0,1,1,0,0,0,0,0,0,0,0,0,0,0,0,0,0,0,0,0,0,0,0,0,0,4,0,39.9605,-75.1736, , 
 ,49812,2013035202,6,67,67301,2013,3,5,810,8,1,1,0,1,1, , ,N,2,0,0,3,0,0,2,2,N,N,40 01:06.326,75 09:34.630,900, ,851, ,0, ,N, ,0, , , , , ,548471, , , ,2,1,0,0,1,0,0,0,0,0,0,0,0,0,0,0,0,0,0,0,1,0,0,0,0,0,0,0,0,0,0,0,0,0,0,0,0,40.0184,-75.1596, , 
 ,49813,2013043783,6,67,67301,2013,3,1,800,8,1,1,0,4,1, , ,N,1,2,0,3,0,0,5,2,N, ,39 58:40.465,75 09:46.832,808, ,803,3,2,2, , ,3,Y, , , , ,548480, , , ,2,1,0,0,1,0,0,0,0,0,0,0,0,0,5,0,0,0,0,0,0,0,0,0,0,0,0,0,0,0,0,0,0,0,0,9,0,39.9779,-75.163, , 
 ,49814,2013046306,6,67,67301,2013,4,2,1118,11,1,1,0,4,1, , ,N,1,2,0,3,0,5,5,2,N,N,40 01:50.314,75 03:17.521,1129, ,1127,1,1,1,N, ,3,N, , , , ,548483, , , ,2,0,0,0,1,0,0,1,0,0,1,1,5,3,0,0,0,0,0,0,0,0,0,0,0,0,0,0,0,0,0,0,0,0,0,3,0,40.0306,-75.0548, , 
 ,49815,2013024114,6,67,67301,2013,2,7,1307,13,1,1,0,1,1, , ,N,0,0,0,3,0,1,8,3,N,N,39 58:49.209,75 12:20.123,1313, ,1309,2,1,3,N, ,0,N, , , , ,548516, , , ,3,0,0,0,0,0,2,1,0,0,0,1,1,0,0,0,0,0,0,0,0,0,0,0,0,0,0,0,0,0,0,0,0,0,0,4,0,39.9803,-75.2056, , 
 ,49816,2013035169,6,67,67301,2013,3,6,1120,11,1,4,1,4,1, , ,N,1,2,0,3,0,1,3,3,N,N,40 00:45.346,75 09:39.342,1127, ,1126, ,0, ,N, ,3, , , , , ,548527, , , ,3,3,0,0,0,0,0,0,0,0,0,1,1,0,0,0,0,0,0,0,0,0,1,1,0,0,0,0,0,0,0,0,0,0,0,4,0,40.0126,-75.1609, , 
N,49817,2013037723,6,67,67301,2013,3,5,1920,19,3,1,0,1,1,1,4,Y,0,0,0,3,0,0,2,2,N,N,40 01:14.028,75 02:33.666,1934,45,1923,1,1,1,N, ,0,N,Y,N,N,N,548530,N,N,Y,2,0,0,0,1,0,0,1,0,0,0,0,0,0,0,0,0,0,0,0,1,0,0,0,0,0,0,0,0,0,0,0,0,0,0,0,0,40.0205,-75.0428, , 
 ,49818,2013043460,6,67,67301,2013,3,3,850,8,1,1,0,4,1, , ,N,1,2,0,3,0,0,4,2,N,N,40 01:21.348,75 03:09.739,859, ,858,1,2,4,N, ,3,N, , , , ,548536, , , ,2,2,0,0,0,0,0,0,0,0,0,0,0,0,0,0,0,0,0,0,0,0,0,0,0,0,0,0,0,0,0,0,0,0,0,0,0,40.0226,-75.0527, , 
 ,49819,2013051118,6,67,67301,2013,4,1,1158,11,1,1,0,4,1, , ,N,1,0,0,3,0,2,3,2,N,N,40 02:58.794,75 08:50.344,1218, ,1158, ,0, ,N, ,0, , , , , ,548545, , , ,2,1,0,0,0,0,1,0,0,0,2,0,2,0,0,0,0,0,0,0,0,0,0,0,0,0,0,0,0,0,0,0,0,0,0,3,0,40.0497,-75.1473, , 
 ,49820,2013032480,6,67,67301,2013,2,7,1219,12,1,2,1,1,1, , ,N,1,2,0,3,0,2,3,2,N,N,40 01:48.790,75 05:17.559,1230, ,1221,1,1,2, , ,3,N, , , , ,548570, , , ,2,2,0,0,0,0,0,0,0,0,0,2,2,0,1,0,0,0,0,0,0,0,0,0,0,0,0,0,0,0,0,0,0,0,0,4,0,40.0302,-75.0882, , 
 ,49821,2013034984,6,67,67301,2013,2,7,409,4,3,8,1,4,1, , ,N,1,3,0,3,0,0,3,2,N,N,40 04:09.667,75 09:55.263,409, ,409,9,1,5,N, ,3,N, , , , ,548572, , , ,2,0,0,0,2,0,0,0,0,0,0,0,0,0,3,0,0,0,0,0,0,0,0,0,0,0,0,0,0,0,0,0,0,0,0,9,0,40.0694,-75.1654, , 
 ,49822,2013047307,6,67,67301,2013,4,4,1427,14,1,1,0,1,1, , ,N,1,2,0,3,0,2,3,3,N,N,39 59:55.345,75 10:00.947,1432, ,1430,1,1,2, , ,3,Y, , , , ,548582, , , ,3,1,0,0,0,0,0,1,0,0,0,2,2,0,0,0,0,0,0,0,1,0,1,0,0,0,0,0,0,0,0,0,0,0,0,4,0,39.9987,-75.1669, , 
 ,49823,2013050262,6,67,67301,2013,4,1,1510,15,1,1,0,4,1, , ,N,1,2,0,3,0,2,6,3,N, ,39 57:29.529,75 10:11.608,1517, ,1515, ,0, , , ,3, , , , , ,548584, , , ,3,2,0,0,0,0,1,0,0,0,0,2,2,0,0,0,0,0,0,0,1,0,0,0,0,0,0,0,0,0,0,0,0,0,0,4,0,39.9582,-75.1699, , 
 ,49824,2013003500,6,67,67301,2013,1,4,643,6,3,1,0,7,3, , ,N,7,2,2,3,0,2,2,2,N,N,39 59:21.294,75 12:23.365,643, ,643,2,1,4,Y, ,3,N, , , , ,548600, , , ,2,2,0,0,0,0,0,0,0,0,0,0,2,2,0,0,0,0,0,0,1,0,0,0,0,0,0,0,0,0,0,0,0,0,0,8,0,39.9892,-75.2065, , 
 ,49825,2013029877,6,67,67301,2013,3,3,2202,22,3,1,0,5,1, , ,N,0,0,0,3,0,0,6,2,N,N,39 58:03.010,75 11:20.486,2211, ,2205, ,0, ,N, ,0, , , , , ,548611, , , ,2,1,0,0,0,0,1,0,0,0,0,0,0,0,0,0,0,0,0,0,0,0,0,0,0,0,0,0,0,0,0,0,0,0,0,0,0,39.9675,-75.189, , 
 ,49826,2013031718,6,67,67301,2013,3,5,1311,13,1,1,0,1,1, , ,N,0,0,0,3,0,1,2,2,N,N,39 53:56.585,75 10:40.389,1320, ,1315,1,1,1,N, ,0,N, , , , ,548613, , , ,2,2,0,0,0,0,0,0,0,0,0,0,1,1,0,0,0,0,0,0,0,0,0,1,0,0,0,0,0,0,0,0,0,0,0,8,0,39.8991,-75.1779, , 
 ,49827,2013047196,6,67,67301,2013,4,3,2300,23,3,1,0,7,5, , ,N,1,2,0,3,0,0,1,1,N,N,39 55:14.608,75 08:29.014,2304, ,2304,2,1,1,N, ,3,N, , , , ,552250, , , ,1,1,0,0,0,0,0,0,0,0,0,0,0,0,0,0,0,0,0,0,0,0,0,1,0,0,0,0,0,0,0,0,0,0,0,0,0,39.9207,-75.1411, , 
 ,49828,2013029634,6,67,67301,2013,2,6,9999,99,3,1,0,4,1, , ,N,1,3,0,3,0,1,2,2,N,N,40 02:48.494,75 05:38.374,1836, ,1819,1,2,7,N, ,3,Y, , , , ,552277, , , ,2,2,0,0,0,0,0,0,0,0,0,0,1,1,0,0,0,0,0,0,0,0,0,0,0,0,0,0,0,0,0,0,0,0,0,8,0,40.0468,-75.094, , 
 ,49829,2013032482,6,67,67301,2013,3,6,1015,10,1,1,0,4,1, , ,N,1,3,0,3,0,0,2,2,N,N,39 58:25.075,75 09:44.355,1026, ,1025,1,2,7,N, ,3,Y, , , , ,552278, , , ,2,2,0,0,0,0,0,0,0,0,0,0,0,0,1,0,0,0,0,0,0,2,0,0,0,0,0,0,0,0,0,0,0,0,0,9,0,39.9736,-75.1623, , 