wz_ln_closure,objectid_1,crn,district,county,municipality,crash_year,crash_month,day_of_week,time_of_day,hour_of_day,illumination,weather,road_condition,collision_type,relation_to_road,work_zone_type,work_zone_loc,work_zone_ind,intersect_type,tcd_type,location_type,urban_rural,fatal_count,injury_count,person_count,total_units,sch_bus_ind,sch_zone_ind,latitude,longitude,arrival_tm,cons_zone_spd_lim,dispatch_tm,est_hrs_closed,lane_closed,ln_close_dir,ntfy_hiwy_maint,spec_juris_cd,tcd_func_cd,tfc_detour_ind,workers_pres,wz_close_detour,wz_flagger,wz_law_offcr_ind,objectid,wz_moving,wz_other,wz_shlder_mdn,vehicle_count,automobile_count,motorcycle_count,bus_count,small_truck_count,heavy_truck_count,suv_count,van_count,bicycle_count,maj_inj_count,mod_inj_count,min_inj_count,tot_inj_count,unk_inj_deg_count,unk_inj_per_count,driver_count_16yr,driver_count_17yr,driver_count_18yr,driver_count_19yr,driver_count_20yr,driver_count_50_64yr,driver_count_65_74yr,driver_count_75plus,unbelted_occ_count,unb_death_count,unb_maj_inj_count,belted_death_count,belted_maj_inj_count,mcycle_death_count,mcycle_maj_inj_count,bicycle_death_count,bicycle_maj_inj_count,ped_count,ped_death_count,ped_maj_inj_count,max_severity_level,comm_veh_count,dec_lat,dec_long,rdwy_surf_type_cd,county_name
N,49896,2013013725,6,67,67301,2013,1,5,1521,15,1,1,0,1,1,1,8,Y,0,0,0,3,0,1,2,2,N,N,39 56:55.335,75 08:29.824,1542,45,1528,1,1,1,N, ,0,N,N,N,N,N,548797,N,Y,N,2,0,0,0,1,0,1,0,0,0,1,0,1,0,0,0,0,0,0,0,0,0,0,0,0,0,0,0,0,0,0,0,0,0,0,3,0,39.9486,-75.1416, , 
 ,49897,2013031482,6,67,67301,2013,2,6,1934,19,3,4,3,8,1, , ,N,1,2,0,3,0,1,2,2,N,N,40 07:07.975,75 01:04.685,1940, ,1936,3,1,2,N, ,3,N, , , , ,548858, , , ,1,1,0,0,0,0,0,0,0,0,1,0,1,0,0,0,0,0,0,0,1,0,0,0,0,0,0,0,0,0,0,0,1,0,0,3,0,40.1189,-75.018, , 
 ,49898,2013050479,6,67,67301,2013,5,6,1425,14,1,1,0,7,3, , ,N,0,0,0,3,0,1,1,1,N,N,39 58:10.122,75 07:35.391,1433, ,1426,1,1,1,N, ,0,N, , , , ,548875, , , ,1,1,0,0,0,0,0,0,0,0,0,0,1,1,0,0,0,0,0,0,0,0,0,1,0,0,0,0,0,0,0,0,0,0,0,8,0,39.9694,-75.1266, , 
 ,49899,2013035298,6,67,67301,2013,3,1,1137,11,1,1,0,1,1, , ,N,2,2,0,3,0,1,2,2,N,N,39 55:00.228,75 10:52.435,1142, ,1137, ,0, ,N, ,3, , , , , ,552432, , , ,2,1,0,0,0,0,1,0,0,0,0,0,1,1,0,0,0,0,0,0,0,0,0,1,0,0,0,0,0,0,0,0,0,0,0,8,0,39.9167,-75.1812, , 
 ,49900,2013035048,6,67,67301,2013,3,1,2332,23,3,1,0,4,1, , ,N,0,0,0,3,0,1,2,2,N, ,39 59:52.051,75 08:48.580,2336, ,2334,1,2,5, , ,0,Y, , , , ,552472, , , ,2,1,0,0,1,0,0,0,0,0,1,0,1,0,0,0,0,0,0,0,0,0,0,1,0,0,0,0,0,0,0,0,0,0,0,3,0,39.9978,-75.1468, , 
 ,49901,2013044126,6,67,67301,2013,3,7,752,7,1,1,0,4,1, , ,N,1,2,0,3,0,1,2,2,N, ,40 02:41.686,75 04:49.238,830, ,824, ,0, , , ,3, , , , , ,552496, , , ,2,2,0,0,0,0,0,0,0,0,0,1,1,0,0,0,0,0,0,0,1,0,0,0,0,0,0,0,0,0,0,0,0,0,0,4,0,40.0449,-75.0803, , 
 ,49902,2013029718,6,67,67301,2013,2,6,1225,12,1,1,0,4,1, , ,N,1,3,0,3,0,2,3,2,N,N,39 58:44.868,75 07:32.152,1249, ,1246, ,0, ,N, ,3, , , , , ,552525, , , ,2,2,0,0,0,0,0,0,0,0,0,2,2,0,0,0,0,0,0,0,0,0,1,0,0,0,0,0,0,0,0,0,0,0,0,4,0,39.9791,-75.1256, , 
 ,49903,2013042784,6,67,67301,2013,4,4,1002,10,1,1,0,1,1, , ,N,0,0,0,3,0,1,4,3,N,N,39 57:31.069,75 10:07.980,1015, ,1006, ,0, ,N, ,0, , , , , ,552587, , , ,3,1,0,0,0,0,2,0,0,0,0,1,1,0,0,0,0,0,0,0,1,0,0,0,0,0,0,0,0,0,0,0,0,0,0,4,0,39.9586,-75.1689, , 
 ,49904,2013062215,6,67,67301,2013,6,4,700,7,1,1,0,5,1, , ,N,0,0,0,3,0,1,3,2,N,N,40 01:24.341,75 02:01.033,700, ,700, ,0, ,N, ,0, , , , , ,552602, , , ,2,2,0,0,0,0,0,0,0,0,0,1,1,0,0,0,0,0,0,0,0,0,0,0,0,0,0,0,0,0,0,0,0,0,0,4,0,40.0234,-75.0338, , 
 ,49905,2013070290,6,67,67301,2013,5,6,1720,17,1,1,0,4,1, , ,N,1,0,0,3,0,2,3,2,N, ,40 03:20.018,75 03:43.347,1725, ,1720, ,0, , , ,0, , , , , ,552609, , , ,2,1,0,0,0,0,1,0,0,0,1,0,2,1,0,0,0,0,0,1,1,0,0,0,0,0,0,0,0,0,0,0,0,0,0,3,0,40.0555,-75.0619, , 
 ,49906,2013076790,6,67,67301,2013,7,1,1755,17,1,2,7,0,1, , ,N,0,0,0,3,0,0,1,1,N,N,39 53:14.338,75 12:16.701,1811, ,1805,3,1,2,Y, ,0,Y, , , , ,552616, , , ,1,0,0,0,0,0,0,1,0,0,0,0,0,0,0,0,0,0,0,0,0,0,0,0,0,0,0,0,0,0,0,0,0,0,0,0,0,39.8873,-75.2047, , 
 ,49907,2013079941,6,67,67301,2013,7,3,536,5,3,1,0,5,1, , ,N,3,0,0,3,0,0,2,2,N,N,40 00:55.696,75 10:36.780,541, ,536, ,0, , , ,0, , , , , ,552620, , , ,2,1,0,0,0,0,0,0,0,0,0,0,0,0,0,0,0,0,0,0,0,0,0,1,0,0,0,0,0,0,0,0,0,0,0,0,0,40.0155,-75.1769, , 
 ,49908,2013013582,6,67,67301,2013,1,1,2219,22,3,1,0,1,1, , ,N,6,0,2,3,0,0,2,2,N,N,39 56:54.810,75 11:08.203,2221, ,2221,1,1,4,N, ,0,N, , , , ,552647, , , ,2,2,0,0,0,0,0,0,0,0,0,0,0,0,0,0,0,0,0,0,1,0,0,0,0,0,0,0,0,0,0,0,0,0,0,0,0,39.9486,-75.1856, , 
 ,49909,2013024952,6,67,67301,2013,2,2,744,7,1,1,0,2,1, , ,N,1,2,0,3,0,0,3,2,N,N,40 03:24.250,75 02:48.711,752, ,745,1,1,2,N, ,3,N, , , , ,552658, , , ,2,2,0,0,0,0,0,0,0,0,0,0,0,0,0,0,0,0,0,1,0,0,0,0,0,0,0,0,0,0,0,0,0,0,0,0,0,40.0567,-75.0469, , 
 ,49910,2013034382,6,67,67301,2013,3,7,2101,21,2,2,1,7,3, , ,N,0,0,0,3,0,0,1,1,N,N,39 53:59.646,75 09:41.372,2101, ,2101, ,0, ,N, ,0, , , , , ,552664, , , ,1,1,0,0,0,0,0,0,0,0,0,0,0,0,0,0,0,0,0,0,0,0,0,0,0,0,0,0,0,0,0,0,0,0,0,0,0,39.8999,-75.1615, , 
 ,49911,2013037973,6,46,46102,2013,4,6,1843,18,1,1,0,4,1, , ,N,5,2,0,3,0,2,5,2,N,N,40 04:26.865,75 09:30.131,1851, ,1843, ,0, ,N, ,9, , , , , ,552666, , , ,2,1,0,0,0,0,1,0,0,0,0,0,2,2,0,0,0,0,0,0,2,0,0,0,0,0,0,0,0,0,0,0,0,0,0,8,0,40.0741,-75.1584, , 
 ,49912,2013043430,6,67,67301,2013,3,2,2039,20,3,2,1,4,1, , ,N,1,3,0,3,0,1,2,2,N,N,39 56:12.307,75 10:24.884,2043, ,2039, ,0, ,N, ,3, , , , , ,552671, , , ,1,1,0,0,0,0,0,0,1,0,0,0,1,1,0,0,0,0,0,0,0,0,0,0,0,0,0,0,0,0,0,0,0,0,0,8,0,39.9368,-75.1736, , 
 ,49913,2013050300,6,67,67301,2013,4,2,954,9,1,1,1,1,6, , ,N,0,0,0,3,0,0,3,2,N,N,39 55:11.877,75 13:47.920,1001, ,956,2,1,2,N, ,0,Y, , , , ,552674, , , ,2,1,0,0,0,0,0,1,0,0,0,0,0,0,0,0,0,0,0,0,0,0,0,0,0,0,0,0,0,0,0,0,0,0,0,0,0,39.92,-75.23, , 
 ,49914,2013057460,6,67,67301,2013,5,3,1255,12,1,2,1,7,2, , ,N,0,0,2,3,0,1,1,1,N,N,39 54:42.982,75 08:56.581,1309, ,1258, ,0, ,N, ,0, , , , , ,552700, , , ,1,0,0,0,0,0,1,0,0,0,0,1,1,0,0,0,0,0,0,0,0,0,0,0,0,0,0,0,0,0,0,0,0,0,0,4,0,39.9119,-75.1491, , 
 ,49915,2013086251,6,67,67301,2013,8,7,1300,13,1,1,0,4,1, , ,N,1,3,0,3,0,1,2,2,N,N,40 01:04.785,75 03:15.631,1649, ,1649, ,0, ,N, ,3, , , , , ,552730, , , ,1,1,0,0,0,0,0,0,1,0,1,0,1,0,0,0,0,0,0,0,0,0,0,0,0,0,0,0,0,0,0,0,0,0,0,3,0,40.018,-75.0543, , 
 ,49916,2013090855,6,67,67301,2013,9,2,2044,20,3,1,0,7,3, , ,N,0,0,2,3,0,0,2,1,N,N,40 00:36.725,75 12:26.038,2100, ,2047,1,1,4,Y, ,0,N, , , , ,552732, , , ,1,1,0,0,0,0,0,0,0,0,0,0,0,0,0,0,0,0,0,0,0,0,0,0,0,0,0,0,0,0,0,0,0,0,0,0,0,40.0102,-75.2072, , 
 ,49917,2013023515,6,67,67301,2013,1,5,1335,13,1,1,0,6,6, , ,N,0,0,0,3,0,0,3,3,Y,N,40 03:52.398,75 09:24.998,1341, ,1339, ,0, ,N, ,0, , , , , ,552753, , , ,2,1,0,1,0,0,0,0,0,0,0,0,0,0,0,0,0,0,0,0,0,0,0,0,0,0,0,0,0,0,0,0,0,0,0,0,1,40.0646,-75.1569, , 
 ,49918,2013101281,6,67,67301,2013,9,2,338,3,3,1,0,5,6, , ,N,0,0,0,3,0,0,1,4,N,N,39 55:49.486,75 08:55.986,340, ,339,3,2,4,N, ,0,Y, , , , ,554755, , , ,4,3,0,0,0,0,1,0,0,0,0,0,0,0,0,0,0,0,0,0,0,0,0,0,0,0,0,0,0,0,0,0,0,0,0,0,0,39.9304,-75.1489, , 
 ,49919,2013074651,6,67,67301,2013,6,4,132,1,3,1,1,7,5, , ,N,0,0,0,3,0,1,2,1,N,N,40 01:38.895,75 11:01.662,140, ,136, ,0, ,N, ,0, , , , , ,554769, , , ,1,1,0,0,0,0,0,0,0,0,0,1,1,0,0,0,0,0,0,0,0,0,0,0,0,0,0,0,0,0,0,0,0,0,0,4,0,40.0275,-75.1838, , 
 ,49920,2013080047,6,67,67301,2013,7,5,2205,22,3,1,0,5,6, , ,N,0,0,0,3,0,0,2,3,N,N,40 03:15.754,75 10:37.750,2208, ,2208, ,0, ,N, ,0, , , , , ,554774, , , ,3,3,0,0,0,0,0,0,0,0,0,0,0,0,0,0,0,0,0,0,0,0,0,0,0,0,0,0,0,0,0,0,0,0,0,0,0,40.0544,-75.1772, , 
 ,49921,2013121454,6,67,67301,2013,10,5,1450,14,1,1,0,4,1, , ,N,1,3,0,3,0,0,5,2,N,N,40 03:57.202,75 10:35.464,1700, ,1658, ,0, ,N, ,3, , , , , ,554808, , , ,2,1,0,1,0,0,0,0,0,0,0,0,0,0,4,0,0,0,0,0,1,0,0,0,0,0,0,0,0,0,0,0,0,0,0,9,1,40.0659,-75.1765, , 
 ,49922,2013046355,6,67,67301,2013,4,5,9999,99,3,1,0,8,1, , ,N,1,2,0,3,0,1,2,2,N,N,39 59:55.345,75 10:00.947,1950, ,1946, ,0, ,N, ,3, , , , , ,554812, , , ,1,0,0,0,0,0,0,1,0,0,0,1,1,0,0,0,0,0,0,0,1,0,0,0,0,0,0,0,0,0,0,0,1,0,0,4,0,39.9987,-75.1669, , 
 ,49923,2013016105,6,67,67301,2013,2,4,800,8,1,1,0,5,1, , ,N,1,2,0,3,0,0,2,2,N,N,40 00:33.068,75 04:08.444,815, ,805, ,0, ,N, ,3, , , , , ,554817, , , ,2,1,0,0,0,1,0,0,0,0,0,0,0,0,0,0,0,0,0,0,0,0,0,0,0,0,0,0,0,0,0,0,0,0,0,0,1,40.0092,-75.069, , 
 ,49924,2013029796,6,67,67301,2013,2,3,1900,19,4,4,1,6,1, , ,N,1,3,0,3,0,1,2,2,N,N,40 00:04.735,75 09:02.593,1900, ,1900, ,0, ,N, ,3, , , , , ,554828, , , ,2,2,0,0,0,0,0,0,0,0,0,1,1,0,1,0,0,1,0,0,0,0,0,0,0,0,0,0,0,0,0,0,0,0,0,4,0,40.0013,-75.1507, , 
 ,49925,2013046012,6,67,67301,2013,4,2,2057,20,3,2,1,0,1, , ,N,0,0,0,3,0,0,3,3,N,N,39 58:29.887,75 07:01.437,2109, ,2109,2,2,1,N, ,0,N, , , , ,554840, , , ,3,3,0,0,0,0,0,0,0,0,0,0,0,0,0,0,0,0,0,0,1,0,0,0,0,0,0,0,0,0,0,0,0,0,0,0,0,39.9749,-75.1172, , 
 ,49926,2013046343,6,67,67301,2013,4,2,1300,13,1,1,0,4,1, , ,N,2,0,0,3,0,1,4,2,N,N,40 04:18.446,75 01:57.540,1300, ,1300, ,0, ,N, ,0, , , , , ,554841, , , ,2,0,0,0,0,0,0,2,0,0,0,0,1,1,1,0,0,0,0,0,0,0,0,0,0,0,0,0,0,0,0,0,0,0,0,8,0,40.0718,-75.0327, , 
 ,49927,2013046441,6,67,67301,2013,4,7,1730,17,1,1,0,4,1, , ,N,2,2,0,3,0,0,3,2,N,N,39 59:59.377,75 13:10.079,1813, ,1813, ,0, ,N, ,3, , , , , ,554842, , , ,2,2,0,0,0,0,0,0,0,0,0,0,0,0,0,0,0,0,0,0,0,1,0,0,0,0,0,0,0,0,0,0,0,0,0,0,0,39.9998,-75.2195, , 
 ,49928,2013055932,6,67,67301,2013,5,1,636,6,5,1,0,7,2, , ,N,0,0,0,3,0,1,2,1,N,N,40 00:32.168,75 05:26.561,640, ,637, ,0, , , ,0, , , , , ,554868, , , ,1,1,0,0,0,0,0,0,0,0,0,1,1,0,0,0,0,0,0,0,0,0,0,0,0,0,0,0,0,0,0,0,0,0,0,4,0,40.0089,-75.0907, , 
 ,49929,2013074728,6,67,67301,2013,6,6,2300,23,3,1,0,8,1, , ,N,1,0,0,3,0,1,2,2,N, ,39 56:34.922,75 13:14.923,1210, ,1147, ,0, , , ,0, , , , , ,554884, , , ,1,1,0,0,0,0,0,0,0,1,0,0,1,0,0,0,0,0,0,0,0,0,0,0,0,0,0,0,0,0,0,0,1,0,1,2,0,39.943,-75.2208, , 
 ,49930,2013080062,6,67,67301,2013,7,7,1706,17,1,1,0,1,1, , ,N,0,8,6,3,0,0,2,2,N,N,40 01:20.345,75 08:17.588,1713, ,1708,1,1,2,N, ,3,N, , , , ,554888, , , ,2,2,0,0,0,0,0,0,0,0,0,0,0,0,0,0,0,0,0,0,1,0,0,0,0,0,0,0,0,0,0,0,0,0,0,0,0,40.0223,-75.1382, , 
 ,49931,2013080079,6,67,67301,2013,7,4,930,9,1,1,0,4,1, , ,N,2,2,0,3,0,0,2,2,N,N,40 02:15.596,75 12:37.420,1010, ,1006, ,0, ,N, ,3, , , , , ,554889, , , ,2,1,0,0,0,0,0,1,0,0,0,0,0,0,0,0,0,0,0,1,0,0,0,0,0,0,0,0,0,0,0,0,0,0,0,0,0,40.0377,-75.2104, , 
 ,49932,2013065287,6,67,67301,2013,5,2,9999,99,1,1,0,1,1, , ,N,0,0,6,3,0,0,2,2,N, ,39 53:56.856,75 10:29.425,956, ,952, ,0, , , ,0, , , , , ,554909, , , ,2,2,0,0,0,0,0,0,0,0,0,0,0,0,2,0,0,0,0,0,1,0,0,0,0,0,0,0,0,0,0,0,0,0,0,9,0,39.8994,-75.1755, , 
 ,49933,2013016244,6,67,67301,2013,1,2,1357,13,1,1,1,1,1, , ,N,1,2,0,3,0,1,2,2,N,N,39 57:15.642,75 13:26.511,1655, ,1650, ,0, ,N, ,3, , , , , ,554919, , , ,2,0,0,0,0,0,2,0,0,0,0,1,1,0,0,0,0,0,0,0,1,0,0,0,0,0,0,0,0,0,0,0,0,0,0,4,0,39.9543,-75.224, , 
 ,49934,2013029632,6,67,67301,2013,2,2,9999,99,3,1,0,4,1, , ,N,2,1,0,3,0,0,2,2,N,N,39 57:22.551,75 09:46.043,2110, ,2104, ,0, , , ,3, , , , , ,554932, , , ,2,2,0,0,0,0,0,0,0,0,0,0,0,0,0,0,0,0,0,0,0,0,0,0,0,0,0,0,0,0,0,0,0,0,0,0,0,39.9562,-75.1627, , 
 ,49935,2013054363,6,67,67301,2013,3,7,2021,20,3,1,0,5,1, , ,N,0,0,0,3,0,1,2,2,N,N,39 58:20.503,75 11:37.209,2031, ,2023, ,0, ,N, ,0, , , , , ,554952, , , ,2,0,1,0,1,0,0,0,0,0,0,1,1,0,0,0,0,0,0,0,0,0,0,0,0,0,0,0,0,0,0,0,0,0,0,4,0,39.9724,-75.1937, , 
 ,49936,2013065551,6,67,67301,2013,5,3,1510,15,1,1,0,8,1, , ,N,2,0,0,3,0,1,2,2,N, ,40 00:00.039,75 06:57.999,1510, ,1534, ,0, , , ,0, , , , , ,554966, , , ,1,1,0,0,0,0,0,0,0,0,1,0,1,0,0,0,0,0,0,0,0,0,0,0,0,0,0,0,0,0,0,0,1,0,0,3,0,40,-75.1161, , 
 ,49937,2013051130,6,67,67301,2013,4,6,1543,15,1,1,1,4,1, , ,N,1,2,0,3,0,3,4,2,N,N,39 56:23.586,75 10:59.271,1625, ,1620, ,0, ,N, ,3, , , , , ,545167, , , ,2,2,0,0,0,0,0,0,0,0,0,3,3,0,0,0,0,0,0,0,0,0,0,0,0,0,0,0,0,0,0,0,0,0,0,4,0,39.9399,-75.1831, , 
 ,49938,2013035061,6,67,67301,2013,3,7,1315,13,1,1,0,8,1, , ,N,1,2,0,3,0,1,2,2,N,N,39 57:39.668,75 13:58.310,1315, ,1315, ,0, , , ,3, , , , , ,545189, , , ,1,1,0,0,0,0,0,0,0,0,0,0,1,1,0,0,0,0,0,0,0,0,0,0,0,0,0,0,0,0,0,0,1,0,0,8,0,39.9609,-75.2329, , 
 ,49939,2013046382,6,67,67301,2013,4,7,1145,11,1,1,0,1,1, , ,N,0,0,0,3,0,1,4,3,N,N,40 08:01.797,75 00:35.500,1200, ,1150,1,1,2,N, ,0,N, , , , ,545203, , , ,3,1,0,0,1,0,0,1,0,0,0,0,1,1,0,0,0,0,0,0,0,0,0,0,0,0,0,0,0,0,0,0,0,0,0,8,0,40.1338,-75.0099, , 
 ,49940,2013032693,6,67,67301,2013,3,6,2112,21,3,1,0,1,7, , ,N,6,4,2,3,0,0,3,2,N,N,39 56:42.208,75 11:26.989,2112, ,2112,1,1,4,N, ,3,N, , , , ,545235, , , ,2,2,0,0,0,0,0,0,0,0,0,0,0,0,0,0,0,0,0,0,0,0,0,0,0,0,0,0,0,0,0,0,0,0,0,0,0,39.9451,-75.1908, , 
 ,49941,2013052714,6,67,67301,2013,5,5,1745,17,1,1,0,1,1, , ,N,0,0,0,3,0,0,3,3,N,N,39 59:02.741,75 05:48.008,1745, ,1745,1,1,1,N, ,0,N, , , , ,545249, , , ,3,0,0,0,0,0,1,2,0,0,0,0,0,0,0,0,0,0,0,0,0,0,0,0,0,0,0,0,0,0,0,0,0,0,0,0,0,39.9841,-75.0966, , 
 ,49942,2013053105,6,67,67301,2013,4,7,1715,17,1,1,0,1,1, , ,N,0,0,0,3,0,2,8,3,N,N,40 07:14.973,75 00:38.583,1735, ,1727, ,0, ,N, ,0, , , , , ,545250, , , ,3,2,0,0,0,0,1,0,0,0,0,0,2,2,0,0,0,0,0,0,0,0,0,0,0,0,0,0,0,0,0,0,0,0,0,8,0,40.1208,-75.0107, , 
 ,49943,2013055397,6,67,67301,2013,5,1,250,2,3,2,1,7,5, , ,N,0,0,0,3,0,0,1,1,N,N,40 08:01.797,75 00:35.500,256, ,251, ,0, , , ,0, , , , , ,545254, , , ,1,0,0,0,1,0,0,0,0,0,0,0,0,0,0,0,0,0,0,0,0,0,0,0,0,0,0,0,0,0,0,0,0,0,0,0,0,40.1338,-75.0099, , 
 ,49944,2013055915,6,67,67301,2013,5,7,2204,22,3,2,1,4,1, , ,N,1,2,0,3,0,0,8,3,N,N,40 05:04.029,75 02:18.148,2212, ,2210,1,1,3,N, ,3,N, , , , ,545255, , , ,3,3,0,0,0,0,0,0,0,0,0,0,0,0,0,0,0,0,1,0,0,0,0,0,0,0,0,0,0,0,0,0,0,0,0,0,0,40.0845,-75.0384, , 
 ,49945,2013016268,6,67,67301,2013,1,6,732,7,1,1,0,1,1, , ,N,1,2,0,3,0,0,3,3,N,N,40 01:40.095,75 05:55.134,750, ,743,1,2,2,N, ,3,N, , , , ,545273, , , ,3,2,0,0,0,0,1,0,0,0,0,0,0,0,0,0,0,0,0,0,2,0,0,0,0,0,0,0,0,0,0,0,0,0,0,0,0,40.0277,-75.0988, , 
 ,49946,2013029757,6,67,67301,2013,1,4,730,7,1,1,0,8,1, , ,N,1,2,0,3,0,1,2,2,N, ,39 57:25.155,75 09:25.774,733, ,730, ,0, , , ,3, , , , , ,545292, , , ,1,1,0,0,0,0,0,0,0,0,0,1,1,0,0,0,0,0,0,0,0,0,0,0,0,0,0,0,0,0,0,0,1,0,0,4,0,39.957,-75.1572, , 
 ,49947,2013055607,6,67,67301,2013,5,6,1130,11,1,1,0,8,1, , ,N,0,0,0,3,0,1,2,2,N, ,39 56:53.730,75 09:54.015,1130, ,1130,3,1,3, , ,0,Y, , , , ,545312, , , ,1,0,0,0,0,0,1,0,0,0,0,1,1,0,0,0,0,0,0,0,0,0,0,1,0,0,0,0,0,0,0,0,1,0,0,4,0,39.9483,-75.165, , 
 ,49948,2013022233,6,67,67301,2013,1,6,830,8,1,4,1,8,1, , ,N,1,3,0,3,0,1,2,2,N,N,40 01:43.874,75 12:28.853,9999, ,9999, ,0, ,N, ,3, , , , , ,545334, , , ,1,1,0,0,0,0,0,0,0,0,1,0,1,0,0,0,0,0,0,0,0,0,0,0,0,0,0,0,0,0,0,0,1,0,0,3,0,40.0289,-75.208, , 
N,49949,2013027084,6,67,67301,2013,2,2,622,6,5,1,0,1,1,1,4,Y,0,0,0,3,0,1,4,4,N,N,40 00:45.313,75 03:33.055,624,45,624,3,2,2,N, ,0,N,N,N,N,N,545338,N,N,Y,4,3,0,0,1,0,0,0,0,0,0,1,1,0,0,0,0,0,0,0,0,0,0,0,0,0,0,0,0,0,0,0,0,0,0,4,0,40.0126,-75.0592, , 
 ,49950,2013028605,6,67,67301,2013,3,4,2109,21,3,1,1,7,3, , ,N,0,0,0,3,0,1,5,2,N,N,39 58:36.548,75 06:48.593,2109, ,2109,1,1,1,N, ,0,N, , , , ,545341, , , ,2,2,0,0,0,0,0,0,0,0,0,0,1,1,0,0,0,0,0,1,0,0,0,0,0,0,0,0,0,0,0,0,0,0,0,8,0,39.9767,-75.1136, , 
 ,49951,2013051114,6,67,67301,2013,4,1,1240,12,1,1,0,1,1, , ,N,0,0,0,3,0,4,12,3,N,N,40 01:13.687,75 03:13.259,1248, ,1246, ,0, , , ,0, , , , , ,545360, , , ,3,0,0,0,1,0,2,0,0,0,0,0,4,4,0,0,0,0,0,0,1,0,0,0,0,0,0,0,0,0,0,0,0,0,0,8,0,40.0205,-75.0537, , 
 ,49952,2013017593,6,67,67301,2013,1,3,1215,12,1,1,0,8,1, , ,N,1,2,0,3,0,1,2,2,N,N,40 01:34.321,75 10:08.941,1217, ,1217, ,0, ,N, ,3, , , , , ,545374, , , ,1,1,0,0,0,0,0,0,0,0,0,0,1,1,0,0,0,0,0,0,0,0,0,0,0,0,0,0,0,0,0,0,1,0,0,8,0,40.0262,-75.1692, , 
 ,49953,2013023499,6,67,67301,2013,1,6,2159,21,3,1,0,4,1, , ,N,0,0,0,3,0,1,1,3,N,N,40 01:56.737,75 08:08.347,2159, ,2159, ,0, ,N, ,0, , , , , ,545383, , , ,3,2,0,0,0,0,0,1,0,0,1,0,1,0,0,0,0,0,0,0,0,0,0,0,0,0,0,0,0,0,0,0,0,0,0,3,0,40.0324,-75.1357, , 
 ,49954,2013046432,6,67,67301,2013,4,6,2230,22,3,1,0,1,7, , ,N,7,8,2,3,0,2,2,2,N,N,40 00:23.964,75 11:36.713,9999, ,9999,1,2,4,N, ,3,N, , , , ,545400, , , ,2,2,0,0,0,0,0,0,0,0,0,2,2,0,0,0,0,0,0,0,0,0,0,1,0,0,0,0,0,0,0,0,0,0,0,4,0,40.0067,-75.1935, , 
 ,49955,2013062681,6,67,67301,2013,5,5,224,2,3,1,0,5,1, , ,N,0,0,0,3,0,0,1,2,N,N,40 05:18.726,75 01:35.616,235, ,225, ,0, ,N, ,0, , , , , ,548883, , , ,2,2,0,0,0,0,0,0,0,0,0,0,0,0,0,0,0,0,0,0,0,0,0,1,0,0,0,0,0,0,0,0,0,0,0,0,0,40.0885,-75.0266, , 
 ,49956,2013035042,6,67,67301,2013,3,6,2313,23,3,1,0,8,1, , ,N,1,2,0,3,0,1,2,2,N,N,39 57:06.275,75 09:29.915,2315, ,2313,1,2,4,N, ,3,Y, , , , ,548909, , , ,1,1,0,0,0,0,0,0,0,0,0,1,1,0,0,0,0,0,0,0,1,0,0,0,0,0,0,0,0,0,0,0,1,0,0,4,0,39.9517,-75.1582, , 
 ,49957,2013050191,6,67,67301,2013,4,4,9999,99,3,2,1,4,1, , ,N,0,0,7,3,0,4,5,2,N, ,40 03:24.393,75 08:23.349,100, ,2130, ,0, , , ,0, , , , , ,548928, , , ,2,1,0,0,0,0,0,1,0,0,1,3,4,0,0,0,0,0,0,0,0,0,0,0,0,0,0,0,0,0,0,0,0,0,0,3,0,40.0568,-75.1398, , 
 ,49958,2013012087,6,67,67301,2013,1,4,240,2,3,1,0,7,4, , ,N,0,0,0,3,0,0,1,1,N,N,40 00:17.835,75 11:14.841,252, ,244, ,0, ,N, ,0, , , , , ,548942, , , ,1,1,0,0,0,0,0,0,0,0,0,0,0,0,1,0,0,0,0,0,0,0,0,0,0,0,0,0,0,0,0,0,0,0,0,9,0,40.005,-75.1875, , 
 ,49959,2013046271,6,67,67301,2013,3,3,1345,13,1,1,0,7,5, , ,N,0,0,0,3,0,3,4,1,N,N,40 00:35.393,75 03:48.868,1352, ,1350, ,0, , , ,0, , , , , ,548968, , , ,1,0,0,0,0,0,1,0,0,0,0,3,3,0,0,0,0,0,0,0,0,0,0,0,0,0,0,0,0,0,0,0,0,0,0,4,0,40.0098,-75.0636, , 
 ,49960,2013047190,6,67,67301,2013,3,1,130,1,3,2,1,7,4, , ,N,0,0,0,3,0,1,1,1,N, ,40 01:45.098,75 11:23.524,2134, ,2132,1,2,2,N, ,0,N, , , , ,548972, , , ,1,1,0,0,0,0,0,0,0,0,0,0,1,1,0,0,0,0,0,0,0,0,0,0,0,0,0,0,0,0,0,0,0,0,0,8,0,40.0292,-75.1899, , 
 ,49961,2013055420,6,67,67301,2013,4,1,1355,13,1,9,0,5,1, , ,N,0,0,0,3,0,1,6,2,N,N,39 59:30.031,75 08:14.668,1630, ,1630, ,0, ,N, ,0, , , , , ,548977, , , ,2,1,0,0,0,0,0,1,0,0,0,0,1,1,5,0,0,0,0,0,1,0,0,0,0,0,0,0,0,0,0,0,0,0,0,8,0,39.9917,-75.1374, , 
 ,49962,2013035270,6,67,67301,2013,2,3,1523,15,1,1,0,4,1, , ,N,1,3,0,3,0,2,3,3,N,N,39 58:59.466,75 06:54.921,1550, ,1545,2,2,2,N, ,3,Y, , , , ,549010, , , ,3,2,0,0,1,0,0,0,0,0,2,0,2,0,0,0,0,0,1,0,1,1,0,0,0,0,0,0,0,0,0,0,0,0,0,3,0,39.9832,-75.1153, , 