wz_ln_closure,objectid_1,crn,district,county,municipality,crash_year,crash_month,day_of_week,time_of_day,hour_of_day,illumination,weather,road_condition,collision_type,relation_to_road,work_zone_type,work_zone_loc,work_zone_ind,intersect_type,tcd_type,location_type,urban_rural,fatal_count,injury_count,person_count,total_units,sch_bus_ind,sch_zone_ind,latitude,longitude,arrival_tm,cons_zone_spd_lim,dispatch_tm,est_hrs_closed,lane_closed,ln_close_dir,ntfy_hiwy_maint,spec_juris_cd,tcd_func_cd,tfc_detour_ind,workers_pres,wz_close_detour,wz_flagger,wz_law_offcr_ind,objectid,wz_moving,wz_other,wz_shlder_mdn,vehicle_count,automobile_count,motorcycle_count,bus_count,small_truck_count,heavy_truck_count,suv_count,van_count,bicycle_count,maj_inj_count,mod_inj_count,min_inj_count,tot_inj_count,unk_inj_deg_count,unk_inj_per_count,driver_count_16yr,driver_count_17yr,driver_count_18yr,driver_count_19yr,driver_count_20yr,driver_count_50_64yr,driver_count_65_74yr,driver_count_75plus,unbelted_occ_count,unb_death_count,unb_maj_inj_count,belted_death_count,belted_maj_inj_count,mcycle_death_count,mcycle_maj_inj_count,bicycle_death_count,bicycle_maj_inj_count,ped_count,ped_death_count,ped_maj_inj_count,max_severity_level,comm_veh_count,dec_lat,dec_long,rdwy_surf_type_cd,county_name
 ,49963,2013050343,6,67,67301,2013,4,3,1102,11,1,1,0,1,1, , ,N,2,0,0,3,0,3,4,2,N,N,40 02:33.663,75 05:00.003,1116, ,1111, ,0, ,N, ,0, , , , , ,549020, , , ,2,1,0,0,0,0,1,0,0,0,0,2,3,1,1,0,0,0,0,1,0,0,0,2,0,0,0,0,0,0,0,0,0,0,0,4,0,40.0427,-75.0833, , 
 ,49964,2013013044,6,67,67301,2013,1,3,1636,16,1,1,0,1,1, , ,N,0,0,0,3,0,0,3,2,N,N,40 02:13.855,75 00:49.205,1717, ,1640, ,0, ,N, ,0, , , , , ,549035, , , ,2,1,0,0,1,0,0,0,0,0,0,0,0,0,0,0,0,0,0,1,0,0,0,0,0,0,0,0,0,0,0,0,0,0,0,0,0,40.0372,-75.0136, , 
 ,49965,2013025080,6,67,67301,2013,2,4,25,0,3,2,1,1,1, , ,N,0,0,0,3,0,0,3,2,N,N,39 56:44.846,75 11:23.207,37, ,32, ,0, ,N, ,0, , , , , ,549047, , , ,2,1,0,0,0,0,1,0,0,0,0,0,0,0,0,0,0,0,0,0,0,0,0,1,0,0,0,0,0,0,0,0,0,0,0,0,0,39.9458,-75.1898, , 
 ,49966,2013050302,6,67,67301,2013,4,2,1545,15,1,1,0,4,1, , ,N,1,2,0,3,0,0,12,2,Y,N,40 01:22.061,75 09:32.460,1552, ,1542, ,0, ,N, ,3, , , , , ,549071, , , ,2,1,0,1,0,0,0,0,0,0,0,0,0,0,0,0,0,0,1,0,0,0,0,0,0,0,0,0,0,0,0,0,0,0,0,0,1,40.0228,-75.159, , 
 ,49967,2013003328,6,67,67301,2013,1,3,1915,19,3,1,0,1,1, , ,N,0,0,0,3,0,0,3,3,N,N,39 57:35.911,75 10:42.928,1930, ,1920,1,1,4,N, ,0,N, , , , ,549078, , , ,3,2,0,0,0,0,1,0,0,0,0,0,0,0,0,0,0,0,0,0,0,0,0,0,0,0,0,0,0,0,0,0,0,0,0,0,0,39.96,-75.1786, , 
 ,49968,2013029726,6,67,67301,2013,1,3,127,1,3,1,0,4,6, , ,N,0,0,0,3,0,5,5,3,N,N,40 01:58.879,75 07:26.893,128, ,128,9,2,5,N, ,0,Y, , , , ,549099, , , ,3,1,0,0,0,0,1,1,0,3,1,0,5,1,0,0,0,0,0,0,0,0,0,0,0,0,0,0,0,0,0,0,0,0,0,2,0,40.033,-75.1241, , 
 ,49969,2013046285,6,67,67301,2013,4,6,615,6,6,2,1,7,2, , ,N,0,0,0,3,0,1,1,1,N,N,40 05:06.660,75 13:44.769,653, ,646, ,0, ,N, ,0, , , , , ,549114, , , ,1,1,0,0,0,0,0,0,0,0,0,0,1,1,0,0,0,0,0,0,0,0,0,0,0,0,0,0,0,0,0,0,0,0,0,8,0,40.0852,-75.2291, , 
 ,49970,2013047294,6,67,67301,2013,4,6,1352,13,1,2,1,4,1, , ,N,1,2,0,3,0,1,2,2,N,N,40 00:15.436,75 08:57.465,1356, ,1354, ,0, ,N, ,3, , , , , ,549115, , , ,2,1,0,0,0,0,0,1,0,0,0,1,1,0,0,0,0,0,0,0,0,0,0,0,0,0,0,0,0,0,0,0,0,0,0,4,0,40.0043,-75.1493, , 
 ,49971,2013053133,6,67,67301,2013,4,1,1640,16,1,1,0,7,2, , ,N,0,2,7,3,0,1,1,1,N,N,40 00:14.191,75 12:51.962,1640, ,1640, ,0, ,N, ,3, , , , , ,549119, , , ,1,1,0,0,0,0,0,0,0,0,0,0,1,1,0,0,0,0,0,0,1,0,0,1,0,0,0,0,0,0,0,0,0,0,0,8,0,40.0039,-75.2144, , 
 ,49972,2013062555,6,67,67301,2013,4,1,315,3,3,1,0,1,1, , ,N,0,2,0,3,0,1,3,3,N,N,40 00:40.395,75 11:59.776,325, ,321, ,0, ,N, ,3, , , , , ,549122, , , ,3,2,0,0,1,0,0,0,0,0,0,1,1,0,0,0,0,0,0,0,0,0,0,0,0,0,0,0,0,0,0,0,0,0,0,4,0,40.0112,-75.1999, , 
 ,49973,2013034757,6,67,67301,2013,3,3,1626,16,1,1,0,1,1, , ,N,0,0,0,3,0,0,2,2,N,N,40 00:49.466,75 03:25.275,1630, ,1626, ,0, ,N, ,0, , , , , ,552770, , , ,2,1,0,0,1,0,0,0,0,0,0,0,0,0,0,0,0,0,0,0,1,0,0,0,0,0,0,0,0,0,0,0,0,0,0,0,0,40.0138,-75.057, , 
 ,49974,2013035104,6,67,67301,2013,3,4,1538,15,1,2,1,1,1, , ,N,1,3,0,3,0,1,2,2,N, ,39 55:42.636,75 13:58.875,1539, ,1539, ,0, , , ,3, , , , , ,552771, , , ,2,1,0,0,0,0,0,1,0,0,0,1,1,0,0,0,0,0,1,0,0,0,0,0,0,0,0,0,0,0,0,0,0,0,0,4,0,39.9285,-75.233, , 
 ,49975,2013038544,6,67,67301,2013,3,7,2100,21,3,2,1,4,1, , ,N,1,2,0,3,0,1,6,2,N,N,40 00:49.975,75 07:33.617,2110, ,2100, ,0, , , ,3, , , , , ,552773, , , ,2,1,0,0,0,0,1,0,0,0,0,0,1,1,5,0,0,0,0,0,0,0,0,0,0,0,0,0,0,0,0,0,0,0,0,8,0,40.0139,-75.126, , 
 ,49976,2013043408,6,67,67301,2013,3,1,300,3,3,1,1,1,1, , ,N,1,2,0,3,0,1,4,2,N,N,40 01:30.022,75 07:32.536,9999, ,316, ,0, ,N, ,3, , , , , ,552777, , , ,2,1,0,0,1,0,0,0,0,0,0,1,1,0,0,0,0,0,0,0,0,0,0,0,0,0,0,0,0,0,0,0,0,0,0,4,0,40.025,-75.1257, , 
 ,49977,2013055604,6,67,67301,2013,5,1,420,4,3,1,0,0,1, , ,N,0,0,0,3,0,1,1,1,N,N,39 54:58.263,75 13:12.624,423, ,423,1,1,4,N, ,0,N, , , , ,552789, , , ,1,0,0,0,0,0,1,0,0,0,0,0,1,1,0,0,0,0,0,0,0,0,0,0,0,0,0,0,0,0,0,0,0,0,0,8,0,39.9164,-75.219, , 
 ,49978,2013012050,6,67,67301,2013,1,3,1545,15,1,1,0,4,1, , ,N,1,2,0,3,0,1,2,2,N,N,39 57:24.062,75 11:53.314,1557, ,1555, ,0, ,N, ,3, , , , , ,552797, , , ,2,1,1,0,0,0,0,0,0,0,1,0,1,0,0,0,0,0,0,0,1,1,0,0,0,0,0,0,0,0,0,0,0,0,0,3,0,39.9566,-75.198, , 
 ,49979,2013030106,6,67,67301,2013,2,1,833,8,1,1,6,7,2, , ,N,0,0,0,3,0,1,1,1,N,N,40 03:56.055,75 11:51.573,837, ,837,9,1,3,N, ,0,N, , , , ,552810, , , ,1,1,0,0,0,0,0,0,0,0,0,0,1,1,0,0,0,0,0,0,0,0,0,1,0,0,0,0,0,0,0,0,0,0,0,8,0,40.0656,-75.1977, , 
 ,49980,2013032513,6,67,67301,2013,2,1,40,0,3,1,0,5,1, , ,N,0,0,0,3,0,0,2,2,N,N,39 56:32.938,75 09:07.948,251, ,49, ,0, ,N, ,0, , , , , ,552812, , , ,2,2,0,0,0,0,0,0,0,0,0,0,0,0,0,0,0,0,0,0,0,0,0,0,0,0,0,0,0,0,0,0,0,0,0,0,0,39.9425,-75.1522, , 
 ,49981,2013053084,6,67,67301,2013,4,4,1620,16,1,1,0,1,1, , ,N,1,0,0,3,0,3,5,3,N,N,39 59:16.393,75 07:24.428,1627, ,1625, ,0, ,N, ,0, , , , , ,552825, , , ,3,2,0,0,1,0,0,0,0,0,0,3,3,0,0,0,0,0,0,0,0,1,0,0,0,0,0,0,0,0,0,0,0,0,0,4,0,39.9879,-75.1235, , 
 ,49982,2013055388,6,67,67301,2013,5,6,1540,15,1,1,0,1,1, , ,N,2,2,0,3,0,1,2,2,N, ,39 58:57.964,75 11:18.057,1900, ,9999, ,0, , , ,9, , , , , ,552829, , , ,2,2,0,0,0,0,0,0,0,0,0,1,1,0,1,0,0,0,0,0,0,0,0,0,0,0,0,0,0,0,0,0,0,0,0,4,0,39.9828,-75.1883, , 
 ,49983,2013055399,6,67,67301,2013,4,7,2143,21,3,1,0,6,1, , ,N,1,2,0,3,0,0,3,2,N,N,39 57:48.568,75 10:09.794,2146, ,2145,2,2,3, , ,3,Y, , , , ,552830, , , ,2,0,0,0,2,0,0,0,0,0,0,0,0,0,0,0,0,0,0,0,2,0,0,1,0,0,0,0,0,0,0,0,0,0,0,0,0,39.9634,-75.1694, , 
 ,49984,2013055936,6,67,67301,2013,5,6,916,9,1,1,0,4,1, , ,N,0,2,0,3,0,1,2,2,N,N,39 57:21.115,75 11:30.490,917, ,916, ,0, ,N, ,3, , , , , ,552831, , , ,1,0,0,0,0,0,1,0,1,0,0,1,1,0,0,0,0,0,0,0,0,0,1,0,0,0,0,0,0,0,0,0,0,0,0,4,0,39.9559,-75.1918, , 
 ,49985,2013053088,6,67,67301,2013,4,6,1634,16,1,1,0,4,1, , ,N,1,3,0,3,0,1,2,2,N, ,39 56:57.213,75 13:23.152,1640, ,1634, ,0, , , ,3, , , , , ,552834, , , ,2,2,0,0,0,0,0,0,0,0,0,1,1,0,0,0,0,0,0,0,0,0,0,0,0,0,0,0,0,0,0,0,0,0,0,4,0,39.9492,-75.2231, , 
 ,49986,2013057788,6,67,67301,2013,5,4,2315,23,3,2,1,1,2, , ,N,0,0,0,3,0,1,1,2,N,N,40 01:31.028,75 07:39.740,9999, ,2315, ,0, ,N, ,0, , , , , ,552838, , , ,2,1,0,0,1,0,0,0,0,0,0,1,1,0,0,0,0,0,0,0,0,0,0,0,0,0,0,0,0,0,0,0,0,0,0,4,0,40.0253,-75.1277, , 
 ,49987,2013044093,6,67,67301,2013,3,1,1435,14,1,1,0,4,1, , ,N,1,3,0,3,0,2,4,2,N, ,40 04:14.487,75 09:43.335,1606, ,1606, ,0, , , ,3, , , , , ,552865, , , ,2,2,0,0,0,0,0,0,0,0,0,0,2,2,0,0,1,0,0,0,0,0,0,0,0,0,0,0,0,0,0,0,0,0,0,8,0,40.0707,-75.162, , 
 ,49988,2013044134,6,67,67301,2013,3,7,1807,18,1,1,0,4,1, , ,N,1,2,0,3,0,1,3,2,N, ,40 04:17.716,74 59:15.550,1808, ,1808, ,0, , , ,3, , , , , ,552866, , , ,2,1,0,0,0,0,0,0,0,0,0,0,1,1,0,0,0,0,1,0,0,0,0,0,0,0,0,0,0,0,0,0,0,0,0,8,0,40.0716,-74.9877, , 
 ,49989,2013055929,6,67,67301,2013,5,4,1800,18,1,1,0,4,1, , ,N,0,0,0,3,0,1,2,2,N,N,40 01:11.762,75 03:36.482,1930, ,1927, ,0, ,N, ,0, , , , , ,552877, , , ,1,1,0,0,0,0,0,0,1,0,0,1,1,0,0,0,0,0,0,0,0,1,0,0,0,0,0,0,0,0,0,0,0,0,0,4,0,40.0199,-75.0601, , 
 ,49990,2013065339,6,67,67301,2013,5,7,1100,11,1,1,0,4,1, , ,N,2,3,0,3,0,0,2,3,N,N,40 02:30.375,75 07:55.927,1110, ,1100, ,0, ,N, ,3, , , , , ,552880, , , ,3,3,0,0,0,0,0,0,0,0,0,0,0,0,0,0,0,0,0,0,0,0,0,0,0,0,0,0,0,0,0,0,0,0,0,0,0,40.0418,-75.1322, , 
 ,49991,2013072204,6,67,67301,2013,6,3,641,6,1,1,0,4,1, , ,N,1,2,0,3,0,1,2,2,N, ,40 05:05.539,75 01:30.621,649, ,649, ,0, ,N, ,3, , , , , ,554344, , , ,2,1,0,0,1,0,0,0,0,0,0,1,1,0,0,0,0,0,0,0,1,0,0,0,0,0,0,0,0,0,0,0,0,0,0,4,0,40.0847,-75.0251, , 
 ,49992,2013074752,6,67,67301,2013,6,2,2108,21,3,1,0,4,1, , ,N,5,2,0,3,0,1,2,2,N, ,39 56:40.549,75 14:01.478,2118, ,2113, ,0, , , ,3, , , , , ,554347, , , ,1,1,0,0,0,0,0,0,1,0,1,0,1,0,0,0,0,0,0,0,0,0,0,0,0,0,0,0,0,0,0,0,0,0,0,3,0,39.9446,-75.2337, , 
 ,49993,2013078964,6,67,67301,2013,7,3,952,9,1,1,0,1,1, , ,N,0,0,2,3,0,1,2,2,N,N,39 57:08.932,75 08:28.267,1006, ,1005,2,1,1,N, ,0,N, , , , ,554351, , , ,2,0,0,0,1,0,0,1,0,0,1,0,1,0,0,0,0,0,0,0,0,0,0,0,0,0,0,0,0,0,0,0,0,0,0,3,0,39.9525,-75.1412, , 
 ,49994,2013101771,6,67,67301,2013,8,4,1245,12,1,2,1,5,1, , ,N,0,0,0,3,0,3,4,2,N,N,39 57:12.456,75 10:17.567,1310, ,1300, ,0, ,N, ,0, , , , , ,554368, , , ,2,2,0,0,0,0,0,0,0,0,0,0,3,3,0,0,0,0,0,0,1,0,0,0,0,0,0,0,0,0,0,0,0,0,0,8,0,39.9535,-75.1715, , 
 ,49995,2013103147,6,67,67301,2013,10,6,523,5,3,2,7,7,2, , ,N,0,0,0,3,0,0,1,1,N,N,39 59:51.373,75 11:46.497,529, ,526,2,1,3,Y, ,0,N, , , , ,554372, , , ,1,1,0,0,0,0,0,0,0,0,0,0,0,0,1,0,0,0,0,0,0,0,0,0,0,0,0,0,0,0,0,0,0,0,0,9,0,39.9976,-75.1962, , 
 ,49996,2013103913,6,67,67301,2013,9,5,715,7,1,1,0,4,2, , ,N,2,0,0,3,0,1,2,2,N, ,40 02:18.261,75 12:41.603,725, ,720,9,1,2, , ,0,Y, , , , ,554373, , , ,2,1,1,0,0,0,0,0,0,0,0,0,1,1,1,0,0,0,0,0,1,0,0,0,0,0,0,0,0,0,0,0,0,0,0,8,0,40.0386,-75.2116, , 
 ,49997,2013011328,6,67,67301,2013,1,5,1100,11,1,1,0,7,7, , ,N,6,8,8,3,0,2,2,1,N,N,39 57:26.867,75 08:50.922,1116, ,1103,4,2,3,Y, ,3,Y, , , , ,554380, , , ,1,0,0,0,0,1,0,0,0,0,0,2,2,0,0,0,0,0,0,0,0,0,0,0,0,0,0,0,0,0,0,0,0,0,0,4,1,39.9575,-75.1475, , 
 ,49998,2013074663,6,67,67301,2013,6,5,1545,15,1,1,0,4,1, , ,N,1,2,0,3,0,2,3,3,N,N,39 59:47.157,75 06:48.512,1850, ,1845, ,0, ,N, ,3, , , , , ,554399, , , ,3,1,0,0,0,0,1,1,0,0,0,2,2,0,0,0,0,0,0,0,0,0,0,0,0,0,0,0,0,0,0,0,0,0,0,4,0,39.9964,-75.1135, , 
 ,49999,2013086813,6,67,67301,2013,8,3,829,8,1,1,0,4,1, , ,N,1,2,0,3,0,0,2,2,N,N,39 57:34.089,75 09:43.114,836, ,831, ,0, ,N, ,3, , , , , ,554406, , , ,2,2,0,0,0,0,0,0,0,0,0,0,0,0,0,0,0,0,0,0,0,0,0,0,0,0,0,0,0,0,0,0,0,0,0,0,0,39.9595,-75.162, , 
 ,50000,2013086906,6,67,67301,2013,8,6,515,5,3,1,0,4,1, , ,N,1,2,0,3,0,0,4,3,N,N,39 54:56.121,75 09:40.915,524, ,520, ,0, ,N, ,3, , , , , ,554407, , , ,3,0,0,0,0,0,3,0,0,0,0,0,0,0,0,0,0,0,0,0,0,0,0,0,0,0,0,0,0,0,0,0,0,0,0,0,0,39.9155,-75.1615, , 
 ,50001,2013065391,6,67,67301,2013,5,5,2215,22,3,1,0,8,1, , ,N,2,0,0,3,0,1,2,2,N,N,39 57:38.001,75 11:15.593,2218, ,2218, ,0, ,N, ,0, , , , , ,554474, , , ,1,1,0,0,0,0,0,0,0,0,1,0,1,0,0,0,0,0,0,0,0,0,0,0,0,0,0,0,0,0,0,0,1,0,0,3,0,39.9606,-75.1877, , 
 ,50002,2013012058,6,67,67301,2013,1,2,1300,13,1,1,1,8,1, , ,N,0,0,0,3,0,1,2,2,N, ,40 02:40.113,75 14:59.820,1305, ,1300, ,0, , , ,0, , , , , ,554482, , , ,1,0,0,0,1,0,0,0,0,0,0,1,1,0,1,0,0,0,0,0,0,0,0,0,0,0,0,0,0,0,0,0,1,0,0,4,0,40.0445,-75.25, , 
 ,50003,2013027674,6,67,67301,2013,2,4,9999,99,1,1,0,4,1, , ,N,1,2,0,3,0,3,3,2,N,N,40 01:37.801,75 09:04.478,1023, ,1023, ,0, ,N, ,3, , , , , ,554492, , , ,2,1,0,0,0,0,0,1,0,0,0,3,3,0,0,0,0,0,0,0,0,0,0,1,0,0,0,0,0,0,0,0,0,0,0,4,0,40.0272,-75.1512, , 
 ,50004,2013029797,6,67,67301,2013,2,6,1200,12,1,2,1,4,1, , ,N,1,3,0,3,0,1,2,2,N,N,40 00:25.755,75 10:28.143,1225, ,1220, ,0, ,N, ,3, , , , , ,554495, , , ,2,1,0,0,0,0,1,0,0,0,0,1,1,0,0,0,0,0,0,0,0,0,0,0,0,0,0,0,0,0,0,0,0,0,0,4,0,40.0072,-75.1745, , 
 ,50005,2013041294,6,67,67301,2013,3,1,1340,13,1,1,0,4,1, , ,N,1,2,0,3,0,4,5,2,N,N,39 58:10.213,75 12:45.380,1347, ,1345,3,2,4,N, ,3,Y, , , , ,554509, , , ,2,2,0,0,0,0,0,0,0,0,0,3,4,1,0,0,0,0,0,0,0,0,0,0,0,0,0,0,0,0,0,0,0,0,0,4,0,39.9695,-75.2126, , 
 ,50006,2013041297,6,67,67301,2013,3,1,915,9,1,1,0,1,1, , ,N,0,0,7,3,0,0,3,4,N,N,40 00:54.168,75 09:12.242,920, ,916, ,0, ,N, ,0, , , , , ,554510, , , ,3,3,0,0,0,0,0,0,0,0,0,0,0,0,0,0,0,0,0,0,1,2,0,0,0,0,0,0,0,0,0,0,0,0,0,0,0,40.015,-75.1534, , 
 ,50007,2013041333,6,67,67301,2013,3,4,1942,19,6,1,0,6,1, , ,N,1,3,0,3,0,1,2,2,N,N,40 01:28.131,75 05:17.933,1945, ,1945, ,0, ,N, ,3, , , , , ,554511, , , ,2,0,0,0,0,0,1,0,0,0,0,1,1,0,0,0,0,0,0,0,0,0,0,0,0,0,0,0,0,0,0,0,0,0,0,4,0,40.0245,-75.0883, , 
 ,50008,2013070330,6,67,67301,2013,5,1,303,3,3,1,0,5,1, , ,N,0,0,0,3,0,1,2,4,N,N,39 58:28.081,75 14:21.509,315, ,300, ,0, ,N, ,0, , , , , ,554543, , , ,4,2,0,0,0,0,2,0,0,0,0,1,1,0,0,0,0,0,0,0,0,0,0,1,0,0,0,0,0,0,0,0,0,0,0,4,0,39.9745,-75.2393, , 
N,50009,2013053255,6,67,67301,2013,4,2,553,5,3,2,1,5,1,1,4,Y,0,0,0,3,0,1,2,2,N,N,40 01:56.315,75 01:15.161,638,45,617, ,0, ,N, ,0, ,Y,N,N,N,545407,N,N,Y,2,0,0,0,0,1,1,0,0,0,0,1,1,0,0,0,0,0,0,0,1,0,0,0,0,0,0,0,0,0,0,0,0,0,0,4,1,40.0322,-75.0209, , 
 ,50010,2013025311,6,67,67301,2013,2,2,945,9,1,1,0,4,1, , ,N,5,2,0,3,0,2,3,2,N,N,39 57:47.401,75 11:58.714,1001, ,947, ,0, ,N, ,3, , , , , ,545429, , , ,2,2,0,0,0,0,0,0,0,0,2,0,2,0,0,0,0,0,0,0,0,0,0,0,0,0,0,0,0,0,0,0,0,0,0,3,0,39.9632,-75.1996, , 
 ,50011,2013027661,6,67,67301,2013,2,6,9999,99,2,2,6,1,2, , ,N,0,0,0,3,0,1,1,2,N,N,40 00:44.153,75 04:28.235,553, ,550, ,0, ,N, ,0, , , , , ,545517, , , ,2,1,0,0,0,0,0,0,0,0,1,0,1,0,0,0,0,0,0,0,0,0,0,0,0,0,0,0,0,0,0,0,0,0,0,3,0,40.0123,-75.0745, , 
 ,50012,2013035055,6,67,67301,2013,3,6,1052,10,1,4,1,1,1, , ,N,3,2,0,3,0,1,3,3,N,N,39 59:33.867,75 11:10.148,1105, ,1102, ,0, ,N, ,3, , , , , ,545529, , , ,3,0,0,0,0,1,2,0,0,0,0,1,1,0,0,0,0,0,0,0,0,0,0,0,0,0,0,0,0,0,0,0,0,0,0,4,1,39.9927,-75.1862, , 
 ,50013,2013009137,6,67,67301,2013,1,2,2000,20,3,4,5,0,1, , ,N,0,0,0,3,0,0,1,1,N,N,39 54:02.894,75 09:15.649,2015, ,2005,3,1,2,N, ,0,Y, , , , ,545563, , , ,1,0,0,0,0,1,0,0,0,0,0,0,0,0,0,0,0,0,0,0,0,0,0,0,0,0,0,0,0,0,0,0,0,0,0,0,1,39.9008,-75.1543, , 
 ,50014,2013016154,6,67,67301,2013,1,5,1210,12,1,1,0,8,1, , ,N,1,0,0,3,0,1,2,2,N,N,39 57:02.847,75 11:43.137,1215, ,1212, ,0, ,N, ,0, , , , , ,545564, , , ,1,0,0,0,0,0,0,0,0,0,1,0,1,0,1,0,0,0,0,0,0,0,0,0,0,0,0,0,0,0,0,0,1,0,0,3,0,39.9508,-75.1953, , 
 ,50015,2013025022,6,67,67301,2013,1,4,1317,13,1,1,1,2,1, , ,N,2,0,0,3,0,1,4,2,N,N,40 05:03.760,75 02:07.508,1320, ,1318, ,0, , , ,0, , , , , ,545572, , , ,2,1,0,0,0,0,1,0,0,0,0,1,1,0,0,0,0,0,0,0,0,0,1,0,0,0,0,0,0,0,0,0,0,0,0,4,0,40.0844,-75.0354, , 
 ,50016,2013043472,6,67,67301,2013,3,3,900,9,1,1,0,4,1, , ,N,1,2,0,3,0,2,2,2,N,N,40 00:04.006,75 06:44.139,910, ,900, ,0, ,N, ,3, , , , , ,545581, , , ,2,1,0,0,1,0,0,0,0,0,0,0,2,2,0,0,0,0,0,0,0,0,0,0,0,0,0,0,0,0,0,0,0,0,0,8,0,40.0011,-75.1123, , 
 ,50017,2013046438,6,67,67301,2013,4,3,1238,12,1,1,0,5,1, , ,N,0,0,0,3,0,0,2,2,N,N,40 03:07.588,75 10:39.781,1250, ,1246,2,2,6,N, ,0,N, , , , ,545584, , , ,2,1,0,0,0,1,0,0,0,0,0,0,0,0,0,0,0,0,0,0,1,0,0,0,0,0,0,0,0,0,0,0,0,0,0,0,1,40.0521,-75.1777, , 
 ,50018,2013050082,6,67,67301,2013,4,3,2251,22,3,1,0,1,7, , ,N,6,0,2,3,0,1,7,4,N,N,39 53:56.725,75 10:42.270,2312, ,2256,1,1,2,N, ,0,Y, , , , ,545592, , , ,3,1,0,0,0,0,2,0,0,0,0,1,1,0,0,0,1,0,0,1,0,0,0,0,0,0,0,0,0,0,0,0,0,0,0,4,0,39.8991,-75.1784, , 
 ,50019,2013016280,6,67,67301,2013,1,7,114,1,3,2,1,6,1, , ,N,1,2,0,3,0,3,7,4,N, ,40 00:03.985,75 07:29.066,120, ,116, ,0, , , ,3, , , , , ,545615, , , ,4,4,0,0,0,0,0,0,0,0,0,3,3,0,0,0,0,0,0,0,0,0,0,0,0,0,0,0,0,0,0,0,0,0,0,4,0,40.0011,-75.1247, , 
 ,50020,2013024889,6,67,67301,2013,2,5,208,2,3,8,1,7,2, , ,N,2,0,0,3,0,0,3,1,N,N,40 01:03.979,75 12:07.747,213, ,212, ,0, ,N, ,0, , , , , ,545623, , , ,1,1,0,0,0,0,0,0,0,0,0,0,0,0,0,0,0,0,0,0,0,0,0,0,0,0,0,0,0,0,0,0,0,0,0,0,0,40.0178,-75.2022, , 
 ,50021,2013045943,6,67,67301,2013,5,5,1605,16,1,1,0,8,1, , ,N,1,2,0,3,0,1,2,2,N,N,39 59:04.850,75 09:23.377,1613, ,1609, ,0, ,N, ,3, , , , , ,545638, , , ,1,0,0,0,0,0,0,1,0,0,0,1,1,0,0,0,0,0,0,0,0,0,1,0,0,0,0,0,0,0,0,0,1,0,0,4,0,39.9847,-75.1565, , 
 ,50022,2013062570,6,67,67301,2013,5,5,2137,21,3,1,0,4,1, , ,N,1,3,0,3,0,0,5,3,N,N,40 02:19.640,75 07:25.924,2147, ,2147, ,0, ,N, ,3, , , , , ,545648, , , ,3,2,0,0,0,0,1,0,0,0,0,0,0,0,4,0,0,0,0,0,0,0,0,0,0,0,0,0,0,0,0,0,0,0,0,9,0,40.0388,-75.1239, , 
 ,50023,2013022235,6,67,67301,2013,1,4,1830,18,3,1,0,8,1, , ,N,2,2,0,3,0,1,2,2,N,N,40 01:49.440,75 10:49.133,9999, ,9999, ,0, ,N, ,3, , , , , ,545660, , , ,1,0,0,0,0,0,1,0,0,0,0,0,1,1,0,0,0,0,0,0,0,0,0,0,0,0,0,0,0,0,0,0,1,0,0,8,0,40.0304,-75.1803, , 
 ,50024,2013035610,6,67,67301,2013,3,4,2038,20,3,2,1,8,1, , ,N,2,0,0,3,0,1,3,2,N,N,40 02:24.308,75 01:53.971,2102, ,2047, ,0, ,N, ,0, , , , , ,545673, , , ,1,1,0,0,0,0,0,0,0,0,0,1,1,0,0,0,0,0,0,0,0,0,0,0,0,0,0,0,0,0,0,0,1,0,0,4,0,40.0401,-75.0317, , 
 ,50025,2013012092,6,67,67301,2013,1,1,1445,14,1,1,0,1,1, , ,N,0,0,0,3,0,0,4,2,N,N,39 57:15.003,75 08:53.245,1505, ,1500, ,0, ,N, ,0, , , , , ,545704, , , ,2,1,0,0,0,0,1,0,0,0,0,0,0,0,0,0,0,0,0,0,0,0,0,0,0,0,0,0,0,0,0,0,0,0,0,0,0,39.9542,-75.1481, , 
N,50026,2013021900,6,67,67301,2013,2,1,1547,15,1,1,0,1,1,1,4,Y,0,0,0,3,0,0,2,2,N,N,40 01:08.416,75 02:45.536,1547,45,1547, ,0, ,N, ,0, ,N,N,N,N,545711,N,N,Y,2,2,0,0,0,0,0,0,0,0,0,0,0,0,0,0,0,0,0,0,0,0,0,0,0,0,0,0,0,0,0,0,0,0,0,0,0,40.0189,-75.0461, , 
 ,50027,2013037431,6,67,67301,2013,3,6,2040,20,3,1,0,8,1, , ,N,0,0,0,3,0,1,2,2,N,N,39 55:58.864,75 11:17.412,2113, ,2112, ,0, ,N, ,0, , , , , ,549156, , , ,1,0,0,0,0,0,0,0,0,0,0,1,1,0,0,0,0,0,0,0,0,0,0,0,0,0,0,0,0,0,0,0,1,0,0,4,0,39.933,-75.1882, , 
 ,50028,2013043780,6,67,67301,2013,3,1,514,5,3,1,0,7,5, , ,N,2,0,0,3,0,0,2,1,N,N,39 58:06.902,75 12:46.069,521, ,516, ,0, ,N, ,0, , , , , ,549163, , , ,1,1,0,0,0,0,0,0,0,0,0,0,0,0,0,0,0,0,0,1,0,0,0,0,0,0,0,0,0,0,0,0,0,0,0,0,0,39.9686,-75.2128, , 