wz_ln_closure,objectid_1,crn,district,county,municipality,crash_year,crash_month,day_of_week,time_of_day,hour_of_day,illumination,weather,road_condition,collision_type,relation_to_road,work_zone_type,work_zone_loc,work_zone_ind,intersect_type,tcd_type,location_type,urban_rural,fatal_count,injury_count,person_count,total_units,sch_bus_ind,sch_zone_ind,latitude,longitude,arrival_tm,cons_zone_spd_lim,dispatch_tm,est_hrs_closed,lane_closed,ln_close_dir,ntfy_hiwy_maint,spec_juris_cd,tcd_func_cd,tfc_detour_ind,workers_pres,wz_close_detour,wz_flagger,wz_law_offcr_ind,objectid,wz_moving,wz_other,wz_shlder_mdn,vehicle_count,automobile_count,motorcycle_count,bus_count,small_truck_count,heavy_truck_count,suv_count,van_count,bicycle_count,maj_inj_count,mod_inj_count,min_inj_count,tot_inj_count,unk_inj_deg_count,unk_inj_per_count,driver_count_16yr,driver_count_17yr,driver_count_18yr,driver_count_19yr,driver_count_20yr,driver_count_50_64yr,driver_count_65_74yr,driver_count_75plus,unbelted_occ_count,unb_death_count,unb_maj_inj_count,belted_death_count,belted_maj_inj_count,mcycle_death_count,mcycle_maj_inj_count,bicycle_death_count,bicycle_maj_inj_count,ped_count,ped_death_count,ped_maj_inj_count,max_severity_level,comm_veh_count,dec_lat,dec_long,rdwy_surf_type_cd,county_name
 ,50096,2013035274,6,67,67301,2013,3,7,1429,14,1,1,0,8,1, , ,N,2,0,0,3,0,1,2,2,N,N,40 00:28.836,75 04:59.980,1430, ,1429, ,0, ,N, ,0, , , , , ,545915, , , ,1,1,0,0,0,0,0,0,0,1,0,0,1,0,0,0,0,0,0,0,0,0,0,0,0,0,0,0,0,0,0,0,1,0,1,2,0,40.008,-75.0833, , 
 ,50097,2013005315,6,67,67301,2013,1,3,1830,18,3,1,0,1,1, , ,N,0,0,0,3,0,2,2,2,N,N,39 56:19.187,75 11:50.838,1838, ,1832, ,0, ,N, ,0, , , , , ,545942, , , ,2,1,1,0,0,0,0,0,0,0,0,2,2,0,0,0,0,0,0,0,0,0,0,0,0,0,0,0,0,0,0,0,0,0,0,4,0,39.9372,-75.199, , 
 ,50098,2013022214,6,67,67301,2013,1,1,1610,16,1,1,0,2,1, , ,N,1,2,0,3,0,1,2,2,N,N,40 01:41.728,75 06:35.304,1621, ,1620, ,0, , , ,3, , , , , ,545949, , , ,2,0,0,0,2,0,0,0,0,0,1,0,1,0,1,0,0,0,0,0,0,0,0,0,0,0,0,0,0,0,0,0,0,0,0,3,0,40.0283,-75.1098, , 
 ,50099,2013022289,6,67,67301,2013,1,6,1511,15,1,4,3,4,1, , ,N,1,2,0,3,0,1,2,2,N,N,40 02:40.636,75 03:16.819,1530, ,1523,1,1,3,N, ,3,N, , , , ,545950, , , ,2,0,0,0,1,0,1,0,0,0,0,0,1,1,0,0,0,0,0,0,1,0,0,0,0,0,0,0,0,0,0,0,0,0,0,8,0,40.0446,-75.0547, , 
 ,50100,2013047323,6,67,67301,2013,4,5,1900,19,1,1,0,8,1, , ,N,0,0,0,3,0,1,3,2,N,N,39 59:51.632,75 06:07.302,1905, ,1910, ,0, ,N, ,0, , , , , ,549400, , , ,1,0,0,0,0,0,1,0,0,0,0,1,1,0,0,0,0,0,0,0,0,0,0,0,0,0,0,0,0,0,0,0,1,0,0,4,0,39.9977,-75.102, , 
 ,50101,2013055888,6,67,67301,2013,5,6,1106,11,1,1,0,1,6, , ,N,0,0,0,3,0,1,2,3,N,N,40 03:17.992,75 09:22.942,1127, ,1120, ,0, ,N, ,0, , , , , ,549410, , , ,3,3,0,0,0,0,0,0,0,0,0,0,1,1,0,0,0,0,0,0,0,0,0,1,0,0,0,0,0,0,0,0,0,0,0,8,0,40.055,-75.1564, , 
 ,50102,2013043825,6,67,67301,2013,3,7,201,2,3,1,0,1,1, , ,N,0,0,0,3,0,1,2,3,N,N,39 56:11.810,75 09:06.872,205, ,201, ,0, ,N, ,0, , , , , ,549439, , , ,2,1,0,0,0,0,0,0,1,0,0,1,1,0,0,0,0,0,0,0,0,0,0,0,0,0,0,0,0,0,0,0,0,0,0,4,0,39.9366,-75.1519, , 
 ,50103,2013047266,6,67,67301,2013,4,2,1315,13,1,1,0,8,1, , ,N,1,2,0,3,0,1,2,2,N, ,39 59:54.633,75 07:45.412,1334, ,1315, ,0, , , ,3, , , , , ,549443, , , ,1,0,0,0,1,0,0,0,0,0,0,0,1,1,0,0,0,0,0,0,0,0,0,0,0,0,0,0,0,0,0,0,1,0,0,8,0,39.9985,-75.1293, , 
 ,50104,2013012074,6,67,67301,2013,1,6,1649,16,4,1,0,2,5, , ,N,2,0,0,3,0,0,2,2,N,N,40 01:52.446,75 07:34.888,1711, ,1710, ,0, ,N, ,0, , , , , ,549467, , , ,2,1,0,0,1,0,0,0,0,0,0,0,0,0,1,0,0,0,0,0,0,0,0,0,0,0,0,0,0,0,0,0,0,0,0,9,0,40.0312,-75.1264, , 
 ,50105,2013019416,6,67,67301,2013,2,7,2105,21,3,1,0,7,2, , ,N,0,0,0,3,0,1,1,1,N,N,39 57:36.242,75 10:48.891,2323, ,2315,1,1,3,N, ,0,N, , , , ,549473, , , ,1,1,0,0,0,0,0,0,0,0,0,0,1,1,0,0,0,0,0,0,0,0,0,0,0,0,0,0,0,0,0,0,0,0,0,8,0,39.9601,-75.1802, , 
 ,50106,2013022186,6,67,67301,2013,1,3,1130,11,1,1,0,4,2, , ,N,0,0,0,3,0,1,2,2,N,N,39 57:47.444,75 12:38.350,1150, ,1141, ,0, ,N, ,0, , , , , ,549476, , , ,2,1,0,0,0,0,0,0,0,0,0,0,1,1,0,0,0,0,0,0,0,0,0,0,0,0,0,0,0,0,0,0,0,0,0,8,0,39.9632,-75.2107, , 
 ,50107,2013032696,6,67,67301,2013,3,2,1619,16,1,2,1,4,1, , ,N,0,0,0,3,0,0,2,2,N,N,40 02:18.570,75 00:33.645,1704, ,1623, ,0, ,N, ,0, , , , , ,549488, , , ,2,2,0,0,0,0,0,0,0,0,0,0,0,0,0,0,0,0,0,0,0,0,0,0,0,0,0,0,0,0,0,0,0,0,0,0,0,40.0385,-75.0095, , 
 ,50108,2013022292,6,67,67301,2013,1,3,1400,14,1,1,0,1,1, , ,N,2,2,0,3,0,1,4,2,N,N,39 59:36.362,75 05:49.314,1406, ,1405, ,0, , , ,3, , , , , ,549524, , , ,2,2,0,0,0,0,0,0,0,0,1,0,1,0,0,0,0,0,0,0,1,1,0,0,0,0,0,0,0,0,0,0,0,0,0,3,0,39.9934,-75.097, , 
 ,50109,2013037418,6,67,67301,2013,3,5,450,4,3,1,0,1,1, , ,N,1,0,0,3,0,0,2,2,N,N,40 01:12.005,75 09:07.946,9999, ,9999, ,0, , , ,0, , , , , ,549539, , , ,2,2,0,0,0,0,0,0,0,0,0,0,0,0,0,0,0,0,0,0,0,0,0,0,0,0,0,0,0,0,0,0,0,0,0,0,0,40.02,-75.1522, , 
 ,50110,2013037454,6,67,67301,2013,1,3,1520,15,1,1,0,4,1, , ,N,1,2,0,3,0,1,4,2,N,N,40 02:35.999,75 09:40.854,1526, ,1522, ,0, ,N, ,3, , , , , ,549540, , , ,2,1,0,0,0,0,0,1,0,0,0,1,1,0,0,0,0,0,0,0,0,0,0,0,0,0,0,0,0,0,0,0,0,0,0,4,0,40.0433,-75.1613, , 
 ,50111,2013041329,6,67,67301,2013,3,7,1815,18,1,1,0,5,1, , ,N,0,0,0,3,0,1,3,2,N, ,39 58:12.315,75 08:40.167,1949, ,1944, ,0, , , ,0, , , , , ,549544, , , ,2,0,0,0,0,0,2,0,0,0,0,1,1,0,0,0,0,0,0,0,1,0,0,0,0,0,0,0,0,0,0,0,0,0,0,4,0,39.9701,-75.1445, , 
 ,50112,2013047241,6,67,67301,2013,4,6,2330,23,3,1,0,4,1, , ,N,1,2,0,3,0,1,2,3,N,N,39 57:47.412,75 12:08.479,2356, ,2354, ,0, ,N, ,3, , , , , ,549547, , , ,3,1,0,0,0,0,0,2,0,0,0,1,1,0,0,0,0,0,0,0,0,0,0,0,0,0,0,0,0,0,0,0,0,0,0,4,0,39.9632,-75.2024, , 
 ,50113,2013026280,6,67,67301,2013,3,7,1600,16,1,1,0,5,1, , ,N,0,0,0,3,0,0,3,2,N,N,40 01:21.466,75 02:11.630,1622, ,1606, ,0, ,N, ,0, , , , , ,549569, , , ,2,1,0,0,0,0,1,0,0,0,0,0,0,0,0,0,0,0,0,0,0,0,0,1,0,0,0,0,0,0,0,0,0,0,0,0,0,40.0226,-75.0366, , 
 ,50114,2013043425,6,67,67301,2013,3,6,2039,20,3,1,0,4,1, , ,N,1,2,0,3,0,2,2,2,N,N,40 01:18.141,75 07:32.411,2048, ,2039,2,1,1,N, ,3,Y, , , , ,549587, , , ,2,2,0,0,0,0,0,0,0,0,1,0,2,1,0,0,0,0,0,0,0,0,0,0,0,0,0,0,0,0,0,0,0,0,0,3,0,40.0217,-75.1257, , 
 ,50115,2013046396,6,67,67301,2013,4,2,450,4,5,1,0,1,1, , ,N,1,2,0,3,0,0,2,2,N,N,40 01:48.790,75 05:17.559,457, ,454, ,0, ,N, ,3, , , , , ,549592, , , ,2,1,0,0,1,0,0,0,0,0,0,0,0,0,0,0,0,0,0,0,0,0,0,0,0,0,0,0,0,0,0,0,0,0,0,0,0,40.0302,-75.0882, , 
 ,50116,2013050237,6,67,67301,2013,4,6,2339,23,3,2,1,8,1, , ,N,1,2,0,3,0,1,3,2,N,N,40 02:44.262,75 07:42.522,2349, ,2341,9,2,5,N, ,3,N, , , , ,549598, , , ,1,1,0,0,0,0,0,0,0,1,0,0,1,0,0,0,0,0,0,0,0,0,0,0,0,0,0,0,0,0,0,0,1,0,1,2,0,40.0456,-75.1285, , 
 ,50117,2013016429,6,67,67301,2013,1,6,7,0,3,1,0,7,4, , ,N,0,0,0,3,0,1,1,1,N,N,39 54:51.303,75 08:53.574,11, ,7,1,1,2,N, ,0,N, , , , ,549621, , , ,1,1,0,0,0,0,0,0,0,0,1,0,1,0,0,0,0,0,0,0,0,0,0,1,0,0,0,0,0,0,0,0,0,0,0,3,0,39.9144,-75.1482, , 
 ,50118,2013024918,6,67,67301,2013,2,6,1020,10,1,4,1,5,1, , ,N,0,0,0,3,0,0,2,2,N,N,39 55:21.345,75 10:11.998,1116, ,1113, ,0, ,N, ,0, , , , , ,549625, , , ,2,1,0,0,0,0,1,0,0,0,0,0,0,0,2,0,0,0,0,0,0,1,0,1,0,0,0,0,0,0,0,0,0,0,0,9,0,39.9226,-75.17, , 
 ,50119,2013111731,6,67,67301,2013,10,3,1320,13,1,1,0,8,1, , ,N,1,2,0,3,0,1,2,2,N,N,40 05:45.848,74 58:36.302,9999, ,1322, ,0, , , ,3, , , , , ,553023, , , ,1,1,0,0,0,0,0,0,0,0,0,1,1,0,0,0,0,0,0,0,1,0,0,0,0,0,0,0,0,0,0,0,1,0,0,4,0,40.096,-74.9768, , 
 ,50120,2013111876,6,67,67301,2013,10,7,2321,23,3,1,0,7,5, , ,N,2,0,0,3,0,0,4,2,N, ,40 03:39.503,75 02:37.491,2329, ,2321, ,0, , , ,0, , , , , ,553024, , , ,2,2,0,0,0,0,0,0,0,0,0,0,0,0,0,0,0,0,0,0,0,0,0,0,0,0,0,0,0,0,0,0,0,0,0,0,0,40.061,-75.0437, , 
 ,50121,2013046330,6,67,67301,2013,4,3,701,7,1,1,0,1,1, , ,N,0,2,0,3,0,1,4,2,N,N,40 01:44.017,75 06:21.251,728, ,703,2,2,1,N, ,3,N, , , , ,553028, , , ,2,1,0,0,0,0,1,0,0,0,0,1,1,0,2,0,0,0,0,0,1,0,0,0,0,0,0,0,0,0,0,0,0,0,0,4,0,40.0289,-75.1059, , 
 ,50122,2013047690,6,67,67301,2013,5,7,1208,12,1,1,0,1,1, , ,N,0,0,0,3,0,2,3,2,N,N,39 59:40.839,75 05:01.520,1216, ,1210,1,1,1,N, ,0,N, , , , ,553029, , , ,2,0,1,0,0,0,1,0,0,0,2,0,2,0,0,0,0,0,0,0,0,0,0,0,0,0,0,0,0,0,0,0,0,0,0,3,0,39.9946,-75.0838, , 
 ,50123,2013042792,6,67,67301,2013,4,3,644,6,5,1,0,1,1, , ,N,0,0,0,3,0,1,2,2,N,N,39 58:29.658,75 07:01.881,655, ,647,2,2,1,N, ,0,N, , , , ,553059, , , ,2,0,1,0,0,1,0,0,0,0,0,0,1,1,0,0,0,0,0,0,1,0,0,0,0,0,0,0,0,0,0,0,0,0,0,8,0,39.9748,-75.1173, , 
 ,50124,2013055487,6,67,67301,2013,5,2,651,6,1,1,0,4,2, , ,N,1,0,0,3,0,1,2,2,N,N,39 57:54.806,75 11:30.562,718, ,716, ,0, ,N, ,0, , , , , ,553065, , , ,2,0,0,1,0,0,0,0,0,0,0,0,1,1,0,0,0,0,0,0,0,0,0,0,0,0,0,0,0,0,0,0,0,0,0,8,1,39.9652,-75.1918, , 
 ,50125,2013053052,6,67,67301,2013,4,6,1515,15,1,1,0,3,1, , ,N,1,2,0,3,0,1,2,2,N,N,40 01:44.341,75 06:21.815,9999, ,9999, ,0, ,N, ,3, , , , , ,553075, , , ,2,0,0,0,2,0,0,0,0,0,0,0,1,1,0,0,0,0,0,0,1,0,0,0,0,0,0,0,0,0,0,0,0,0,0,8,0,40.029,-75.1061, , 
 ,50126,2013054618,6,67,67301,2013,4,2,1700,17,1,1,0,4,1, , ,N,0,0,0,3,0,1,2,2,N,N,39 58:33.126,75 09:30.283,1714, ,1711,9,1,1,N, ,0,N, , , , ,553077, , , ,2,0,0,0,0,0,2,0,0,0,0,0,1,1,0,0,0,0,0,0,1,0,0,0,0,0,0,0,0,0,0,0,0,0,0,8,0,39.9759,-75.1584, , 
 ,50127,2013074733,6,67,67301,2013,6,3,1225,12,1,1,0,1,1, , ,N,1,2,0,3,0,1,2,2,N, ,39 54:57.588,75 09:52.288,1232, ,1230, ,0, , , ,3, , , , , ,553101, , , ,2,1,0,0,0,0,1,0,0,0,0,1,1,0,0,0,0,0,0,0,0,0,0,0,0,0,0,0,0,0,0,0,0,0,0,4,0,39.9159,-75.1645, , 
 ,50128,2013093565,6,67,67301,2013,8,7,1450,14,1,1,0,4,1, , ,N,1,2,0,3,0,0,12,3,N, ,40 01:47.170,75 06:16.717,1514, ,1451,1,1,2,N, ,3,N, , , , ,553121, , , ,3,3,0,0,0,0,0,0,0,0,0,0,0,0,0,0,0,0,0,0,1,0,0,0,0,0,0,0,0,0,0,0,0,0,0,0,0,40.0298,-75.1046, , 
 ,50129,2013029624,6,67,67301,2013,2,6,1807,18,4,1,0,4,2, , ,N,3,0,0,3,0,1,1,2,N, ,40 01:17.734,75 04:15.812,1812, ,1809, ,0, , , ,0, , , , , ,553145, , , ,2,1,0,0,1,0,0,0,0,1,0,0,1,0,0,0,0,0,0,0,0,0,0,0,0,0,0,0,0,0,0,0,0,0,0,2,0,40.0216,-75.0711, , 
 ,50130,2013029677,6,67,67301,2013,2,3,1025,10,1,1,0,4,1, , ,N,1,2,0,3,0,1,2,2,N, ,39 55:28.520,75 09:07.473,1027, ,1026, ,0, , , ,3, , , , , ,553146, , , ,2,2,0,0,0,0,0,0,0,0,0,1,1,0,1,0,0,0,0,0,0,0,0,0,0,0,0,0,0,0,0,0,0,0,0,4,0,39.9246,-75.1521, , 
 ,50131,2013055352,6,67,67301,2013,5,3,2222,22,3,2,1,4,1, , ,N,1,2,0,3,0,1,2,2,N, ,40 04:50.725,75 01:42.964,2245, ,2222,1,1,1, , ,3,Y, , , , ,553161, , , ,2,1,0,0,0,0,1,0,0,0,0,0,1,1,0,0,0,0,0,0,0,0,0,0,0,0,0,0,0,0,0,0,0,0,0,8,0,40.0808,-75.0286, , 
 ,50132,2013051115,6,67,67301,2013,4,4,9999,99,1,1,0,8,1, , ,N,1,3,0,3,0,1,2,2,N, ,39 55:34.370,75 10:27.191,1655, ,1645, ,0, , , ,3, , , , , ,553173, , , ,1,0,0,0,0,0,1,0,0,0,0,0,1,1,0,0,0,0,0,0,0,0,0,0,0,0,0,0,0,0,0,0,1,0,0,8,0,39.9262,-75.1742, , 
 ,50133,2013062632,6,67,67301,2013,5,5,930,9,1,1,0,1,1, , ,N,1,2,0,3,0,1,2,2,N, ,40 00:41.506,75 04:11.278,936, ,934, ,0, , , ,3, , , , , ,553179, , , ,2,2,0,0,0,0,0,0,0,0,0,1,1,0,0,0,0,0,0,0,0,0,0,0,0,0,0,0,0,0,0,0,0,0,0,4,0,40.0115,-75.0698, , 
 ,50134,2013063181,6,67,67301,2013,5,1,238,2,3,1,0,2,1, , ,N,0,0,0,3,0,4,4,2,N,N,39 59:03.031,75 12:29.452,238, ,238,1,2,4,N, ,0,N, , , , ,553180, , , ,2,2,0,0,0,0,0,0,0,3,1,0,4,0,0,0,0,0,0,0,1,0,0,3,0,2,0,1,0,0,0,0,0,0,0,2,0,39.9842,-75.2082, , 
 ,50135,2013070135,6,67,67301,2013,6,7,805,8,1,1,0,4,1, , ,N,5,2,0,3,0,1,2,2,N, ,39 57:28.162,75 08:50.070,808, ,808, ,0, , , ,3, , , , , ,553189, , , ,2,1,0,0,1,0,0,0,0,0,0,1,1,0,0,0,0,0,0,0,1,0,0,0,0,0,0,0,0,0,0,0,0,0,0,4,0,39.9578,-75.1472, , 
 ,50136,2013079994,6,67,67301,2013,7,5,1400,14,1,1,0,7,2, , ,N,1,2,0,3,0,0,1,1,N,N,40 02:39.523,75 08:58.732,1410, ,1405, ,0, ,N, ,3, , , , , ,553203, , , ,1,0,0,0,0,0,1,0,0,0,0,0,0,0,0,0,0,0,0,0,1,0,0,0,0,0,0,0,0,0,0,0,0,0,0,0,0,40.0443,-75.1496, , 
 ,50137,2013067750,6,67,67301,2013,6,2,1340,13,1,2,1,7,5, , ,N,0,0,0,3,0,2,3,2,N,N,40 05:17.765,75 02:04.379,1340, ,1340, ,0, , , ,0, , , , , ,554969, , , ,2,1,0,0,0,0,1,0,0,0,0,2,2,0,0,0,0,0,0,0,1,0,0,0,0,0,0,0,0,0,0,0,0,0,0,4,0,40.0883,-75.0345, , 
 ,50138,2013096027,6,67,67301,2013,8,6,1628,16,1,2,1,1,1, , ,N,0,0,0,3,0,3,4,2,N,N,39 56:47.177,75 11:54.206,1635, ,1630, ,0, ,N, ,0, , , , , ,554988, , , ,2,1,0,1,0,0,0,0,0,0,0,3,3,0,0,0,0,0,0,0,0,1,0,3,0,0,0,0,0,0,0,0,0,0,0,4,1,39.9464,-75.1984, , 
 ,50139,2013016209,6,67,67301,2013,1,1,2351,23,3,6,1,4,1, , ,N,1,3,0,3,0,2,4,3,N, ,39 57:20.944,75 12:35.661,2359, ,2355,2,2,2, , ,3,N, , , , ,555017, , , ,3,2,0,0,0,0,1,0,0,0,0,0,2,2,0,0,0,0,0,0,0,0,0,4,0,0,0,0,0,0,0,0,0,0,0,8,0,39.9558,-75.2099, , 
U,50140,2013016223,6,67,67301,2013,1,3,9999,99,1,1,0,4,1,8,8,Y,0,0,0,3,0,1,2,2,N, ,39 59:51.193,75 04:25.367,9999,99,9999, ,0, ,N, ,0, ,U,U,U,U,555018,U,U,U,2,0,0,0,0,0,1,0,0,0,0,0,1,1,0,0,0,0,0,0,0,0,0,0,0,0,0,0,0,0,0,0,0,0,0,8,0,39.9976,-75.0737, , 
 ,50141,2013016267,6,67,67301,2013,1,4,1036,10,1,2,1,1,1, , ,N,1,2,0,3,0,0,3,2,N,N,40 06:17.372,75 00:05.762,1043, ,1042,1,1,2, , ,3,N, , , , ,555019, , , ,2,2,0,0,0,0,0,0,0,0,0,0,0,0,0,0,0,0,0,0,0,0,0,0,0,0,0,0,0,0,0,0,0,0,0,0,0,40.1048,-75.0016, , 
 ,50142,2013037350,6,67,67301,2013,3,6,1400,14,1,1,0,8,1, , ,N,0,0,0,3,0,1,2,2,N,Y,39 59:46.507,75 09:06.876,1402, ,1401, ,0, ,N, ,0, , , , , ,555041, , , ,1,1,0,0,0,0,0,0,0,0,0,1,1,0,1,0,0,0,0,0,1,0,0,1,0,0,0,0,0,0,0,0,1,0,0,4,0,39.9963,-75.1519, , 
 ,50143,2013125894,6,67,67301,2013,11,7,9999,99,3,1,0,5,1, , ,N,0,0,0,3,0,0,1,4,N, ,39 56:01.572,75 08:50.293,9999, ,2340, ,0, , , ,0, , , , , ,555099, , , ,4,4,0,0,0,0,0,0,0,0,0,0,0,0,0,0,0,0,0,0,0,1,0,0,0,0,0,0,0,0,0,0,0,0,0,0,0,39.9338,-75.1473, , 
 ,50144,2013101791,6,67,67301,2013,9,5,940,9,1,1,0,1,1, , ,N,1,0,0,3,0,1,2,2,N,N,40 00:05.127,75 09:05.620,1000, ,955,9,1,3, , ,0,N, , , , ,555144, , , ,2,1,0,0,0,0,1,0,0,0,0,0,1,1,0,0,0,0,0,0,2,0,0,0,0,0,0,0,0,0,0,0,0,0,0,8,0,40.0014,-75.1516, , 
 ,50145,2013062535,6,67,67301,2013,4,6,2125,21,3,1,0,5,1, , ,N,1,2,0,3,0,1,3,2,N,N,40 01:45.919,75 07:28.901,2135, ,2130,1,1,3,N, ,3,Y, , , , ,555156, , , ,2,1,0,0,0,0,0,1,0,0,0,1,1,0,0,0,0,0,0,1,0,0,0,0,0,0,0,0,0,0,0,0,0,0,0,4,0,40.0294,-75.1247, , 
Y,50146,2013082632,6,67,67301,2013,8,6,133,1,3,1,0,7,3,1,4,Y,0,0,0,3,0,1,1,1,N,N,39 58:04.671,75 07:51.478,143,45,137,1,1,2,N, ,0,N,N,N,N,N,555175,N,N,Y,1,1,0,0,0,0,0,0,0,0,0,1,1,0,0,0,0,0,0,0,0,0,0,1,0,0,0,0,0,0,0,0,0,0,0,4,0,39.968,-75.131, , 
 ,50147,2013086961,6,67,67301,2013,8,3,1038,10,1,1,0,1,1, , ,N,0,0,0,3,0,1,4,2,N,N,39 57:33.437,75 10:18.900,1048, ,1041, ,0, , , ,0, , , , , ,555179, , , ,1,1,0,0,0,0,0,0,1,0,0,0,1,1,0,0,0,0,0,0,0,0,0,0,0,0,0,0,0,0,0,0,0,0,0,8,0,39.9593,-75.1719, , 
 ,50148,2013070481,6,67,67301,2013,6,2,1405,14,1,1,0,0,1, , ,N,0,0,0,3,0,1,1,1,N, ,40 01:12.936,75 03:54.990,1410, ,1408, ,0, , , ,0, , , , , ,555201, , , ,1,0,1,0,0,0,0,0,0,0,0,1,1,0,0,0,0,0,0,0,1,0,0,0,0,0,0,0,0,0,0,0,0,0,0,4,0,40.0203,-75.0653, , 
 ,50149,2013012100,6,67,67301,2013,1,3,900,9,1,1,0,7,5, , ,N,1,2,0,3,0,1,1,1,N, ,40 01:34.321,75 10:08.941,904, ,904,9,2,7, , ,3,Y, , , , ,555204, , , ,1,1,0,0,0,0,0,0,0,0,0,1,1,0,0,0,1,0,0,0,0,0,0,0,0,0,0,0,0,0,0,0,0,0,0,4,0,40.0262,-75.1692, , 
 ,50150,2013029710,6,67,67301,2013,2,6,1320,13,1,1,0,8,1, , ,N,0,0,0,3,0,1,2,2,N, ,39 59:36.819,75 10:18.519,1330, ,1325, ,0, , , ,0, , , , , ,555215, , , ,1,1,0,0,0,0,0,0,0,0,0,1,1,0,0,0,0,0,0,0,0,0,0,0,0,0,0,0,0,0,0,0,1,0,0,4,0,39.9936,-75.1718, , 
 ,50151,2013055358,6,67,67301,2013,5,6,1718,17,1,1,0,4,1, , ,N,1,3,0,3,0,1,2,2,N,N,39 57:18.241,75 13:11.438,1722, ,1720,1,1,7,N, ,3,N, , , , ,555238, , , ,1,1,0,0,0,0,0,0,1,0,0,0,1,1,0,0,0,0,0,0,0,0,0,0,0,0,0,0,0,0,0,0,0,0,0,8,0,39.9551,-75.2198, , 
 ,50152,2013055889,6,67,67301,2013,5,6,2030,20,3,1,0,8,1, , ,N,1,2,0,3,0,1,2,2,N,N,40 00:37.061,75 05:53.071,2358, ,2349, ,0, ,N, ,3, , , , , ,555239, , , ,1,0,0,0,0,0,1,0,0,0,1,0,1,0,0,0,0,0,0,0,0,0,0,0,0,0,0,0,0,0,0,0,1,0,0,3,0,40.0102,-75.0981, , 
 ,50153,2013086905,6,67,67301,2013,8,3,750,7,1,1,0,4,1, , ,N,0,0,7,3,0,0,4,2,N,N,39 59:33.381,75 07:49.936,801, ,757, ,0, ,N, ,0, , , , , ,555264, , , ,2,1,0,0,0,0,1,0,0,0,0,0,0,0,0,0,0,0,0,0,0,0,0,0,0,0,0,0,0,0,0,0,0,0,0,0,0,39.9926,-75.1305, , 
 ,50154,2013055530,6,67,67301,2013,5,5,1802,18,4,1,0,4,1, , ,N,2,0,7,3,0,1,2,2,N,N,40 02:28.698,75 05:02.990,1809, ,1802, ,0, , , ,0, , , , , ,555296, , , ,1,1,0,0,0,0,0,0,1,0,0,0,1,1,0,0,0,0,0,0,1,0,0,0,0,0,0,0,0,0,0,0,0,0,0,8,0,40.0413,-75.0842, , 
 ,50155,2013037453,6,67,67301,2013,3,7,1618,16,1,3,1,7,3, , ,N,0,0,0,3,0,1,1,1,N,N,40 01:06.221,75 12:06.386,1622, ,1620,9,2,2,N, ,0,Y, , , , ,545967, , , ,1,0,0,0,0,0,1,0,0,0,0,1,1,0,0,0,0,0,0,0,1,0,0,0,0,0,0,0,0,0,0,0,0,0,0,4,0,40.0184,-75.2018, , 
 ,50156,2013042985,6,67,67301,2013,4,2,1704,17,1,1,0,5,6, , ,N,0,2,0,3,0,1,1,4,N,N,40 03:20.463,75 07:35.602,1706, ,1704,2,1,4,N, ,3,N, , , , ,545972, , , ,4,4,0,0,0,0,0,0,0,0,0,1,1,0,0,0,0,0,0,0,1,0,0,0,0,0,0,0,0,0,0,0,0,0,0,4,0,40.0557,-75.1266, , 
 ,50157,2013050247,6,67,67301,2013,4,7,2120,21,3,1,0,1,1, , ,N,1,2,0,3,0,1,5,2,N,N,39 55:38.650,75 08:41.161,2126, ,2126, ,0, ,N, ,3, , , , , ,545980, , , ,2,2,0,0,0,0,0,0,0,0,0,1,1,0,0,0,0,0,0,0,0,0,0,0,0,0,0,0,0,0,0,0,0,0,0,4,0,39.9273,-75.1448, , 
 ,50158,2013022327,6,67,67301,2013,1,7,1715,17,1,1,0,4,1, , ,N,5,2,0,3,0,0,4,2,N,N,40 01:47.231,75 05:16.817,1716, ,1715,1,1,1,N, ,3,N, , , , ,546004, , , ,2,2,0,0,0,0,0,0,0,0,0,0,0,0,0,0,0,0,0,0,0,0,0,0,0,0,0,0,0,0,0,0,0,0,0,0,0,40.03,-75.0874, , 
 ,50159,2013026124,6,67,67301,2013,1,5,1725,17,3,1,0,6,1, , ,N,1,2,2,3,0,0,2,2,N,N,39 57:11.116,75 10:54.262,1725, ,1725, ,0, ,N, ,3, , , , , ,546006, , , ,2,2,0,0,0,0,0,0,0,0,0,0,0,0,0,0,0,0,0,0,2,0,0,0,0,0,0,0,0,0,0,0,0,0,0,0,0,39.9531,-75.1818, , 
 ,50160,2013029368,6,67,67301,2013,3,3,1435,14,1,2,1,1,1, , ,N,0,0,0,3,0,0,5,4,N,N,40 00:13.884,75 04:36.836,1610, ,1608, ,0, ,N, ,0, , , , , ,546009, , , ,4,3,0,0,1,0,0,0,0,0,0,0,0,0,0,0,0,0,0,0,1,0,0,0,0,0,0,0,0,0,0,0,0,0,0,0,0,40.0038,-75.077, , 
 ,50161,2013070356,6,67,67301,2013,6,1,2049,20,3,1,0,8,1, , ,N,0,0,0,3,0,1,2,2,N,N,40 00:44.262,75 08:18.661,2053, ,2052,2,1,6,N, ,0,Y, , , , ,546034, , , ,1,1,0,0,0,0,0,0,0,0,1,0,1,0,0,0,0,0,0,0,0,1,0,0,0,0,0,0,0,0,0,0,1,0,0,3,0,40.0123,-75.1385, , 