wz_ln_closure,objectid_1,crn,district,county,municipality,crash_year,crash_month,day_of_week,time_of_day,hour_of_day,illumination,weather,road_condition,collision_type,relation_to_road,work_zone_type,work_zone_loc,work_zone_ind,intersect_type,tcd_type,location_type,urban_rural,fatal_count,injury_count,person_count,total_units,sch_bus_ind,sch_zone_ind,latitude,longitude,arrival_tm,cons_zone_spd_lim,dispatch_tm,est_hrs_closed,lane_closed,ln_close_dir,ntfy_hiwy_maint,spec_juris_cd,tcd_func_cd,tfc_detour_ind,workers_pres,wz_close_detour,wz_flagger,wz_law_offcr_ind,objectid,wz_moving,wz_other,wz_shlder_mdn,vehicle_count,automobile_count,motorcycle_count,bus_count,small_truck_count,heavy_truck_count,suv_count,van_count,bicycle_count,maj_inj_count,mod_inj_count,min_inj_count,tot_inj_count,unk_inj_deg_count,unk_inj_per_count,driver_count_16yr,driver_count_17yr,driver_count_18yr,driver_count_19yr,driver_count_20yr,driver_count_50_64yr,driver_count_65_74yr,driver_count_75plus,unbelted_occ_count,unb_death_count,unb_maj_inj_count,belted_death_count,belted_maj_inj_count,mcycle_death_count,mcycle_maj_inj_count,bicycle_death_count,bicycle_maj_inj_count,ped_count,ped_death_count,ped_maj_inj_count,max_severity_level,comm_veh_count,dec_lat,dec_long,rdwy_surf_type_cd,county_name
 ,50229,2013046253,6,67,67301,2013,3,3,1330,13,1,1,0,4,1, , ,N,1,2,0,3,0,2,2,3,N,N,39 58:13.274,75 14:08.548,1345, ,1342,1,1,4,N, ,3,N, , , , ,546173, , , ,3,3,0,0,0,0,0,0,0,0,0,2,2,0,0,0,0,0,0,0,0,0,0,0,0,0,0,0,0,0,0,0,0,0,0,4,0,39.9704,-75.2357, , 
 ,50230,2013050258,6,67,67301,2013,4,7,1020,10,1,1,0,4,1, , ,N,1,3,0,3,0,1,2,2,N,N,39 59:33.021,75 07:50.005,1058, ,1032, ,0, ,N, ,3, , , , , ,546177, , , ,1,1,0,0,0,0,0,0,1,0,0,1,1,0,0,0,0,0,0,0,0,0,0,0,0,0,0,0,0,0,0,0,0,0,0,4,0,39.9925,-75.1306, , 
 ,50231,2013037360,6,67,67301,2013,3,1,39,0,3,1,0,4,7, , ,N,5,2,2,3,0,1,2,3,N, ,39 56:59.775,75 08:37.427,39, ,39,3,2,3, , ,3,Y, , , , ,546198, , , ,3,2,0,0,0,0,1,0,0,0,1,0,1,0,0,0,0,1,0,0,0,0,0,0,0,0,0,0,0,0,0,0,0,0,0,3,0,39.9499,-75.1437, , 
 ,50232,2013043749,6,67,67301,2013,3,6,1801,18,1,1,0,8,1, , ,N,0,0,0,3,0,1,2,2,N, ,39 54:58.204,75 14:29.439,1808, ,1805, ,0, , , ,0, , , , , ,546203, , , ,1,1,0,0,0,0,0,0,0,0,0,0,1,1,0,0,0,0,0,0,0,0,0,0,0,0,0,0,0,0,0,0,1,0,0,8,0,39.9162,-75.2415, , 
 ,50233,2013047315,6,67,67301,2013,4,7,2206,22,3,1,0,5,1, , ,N,0,0,0,3,0,0,1,2,N,N,39 55:30.252,75 09:45.205,2224, ,2220, ,0, ,N, ,0, , , , , ,546206, , , ,2,0,0,0,0,0,0,2,0,0,0,0,0,0,0,0,0,0,0,0,1,0,0,0,0,0,0,0,0,0,0,0,0,0,0,0,0,39.9251,-75.1626, , 
 ,50234,2013070058,6,67,67301,2013,6,5,1150,11,1,1,0,4,1, , ,N,5,2,2,3,0,0,4,2,N, ,39 57:25.688,75 09:03.847,1153, ,1151, ,0, , , ,3, , , , , ,546221, , , ,2,1,0,0,0,0,1,0,0,0,0,0,0,0,0,0,0,0,0,0,1,1,0,0,0,0,0,0,0,0,0,0,0,0,0,0,0,39.9571,-75.1511, , 
 ,50235,2013070262,6,67,67301,2013,6,3,9999,99,1,1,0,1,1, , ,N,1,2,0,3,0,1,2,2,N, ,39 59:51.784,75 07:23.658,9999, ,9999, ,0, , , ,3, , , , , ,546222, , , ,2,1,0,0,0,0,1,0,0,0,0,1,1,0,0,0,0,0,0,0,1,0,0,0,0,0,0,0,0,0,0,0,0,0,0,4,0,39.9977,-75.1232, , 
 ,50236,2013025014,6,67,67301,2013,2,7,202,2,3,1,0,2,6, , ,N,0,0,0,3,0,0,1,3,N, ,40 02:09.614,75 02:02.940,205, ,202, ,0, , , ,0, , , , , ,546243, , , ,3,1,0,0,1,0,1,0,0,0,0,0,0,0,1,0,0,0,0,0,0,0,0,0,0,0,0,0,0,0,0,0,0,0,0,9,0,40.036,-75.0342, , 
 ,50237,2013035218,6,67,67301,2013,3,7,1510,15,1,1,0,4,1, , ,N,0,0,0,3,0,1,3,2,N,N,40 02:11.662,75 04:10.040,1630, ,1624, ,0, ,N, ,0, , , , , ,546251, , , ,2,1,0,0,0,0,1,0,0,0,0,1,1,0,1,0,0,0,0,0,0,0,0,0,0,0,0,0,0,0,0,0,0,0,0,4,0,40.0366,-75.0695, , 
 ,50238,2013016279,6,67,67301,2013,1,6,1755,17,3,2,1,8,1, , ,N,0,0,0,3,0,1,3,2,N, ,40 01:19.369,75 07:42.762,1801, ,1758, ,0, , , ,0, , , , , ,546288, , , ,1,1,0,0,0,0,0,0,0,0,0,0,1,1,0,0,0,0,0,0,0,0,0,0,0,0,0,0,0,0,0,0,1,0,0,8,0,40.022,-75.1285, , 
 ,50239,2013022323,6,67,67301,2013,1,4,1630,16,3,1,0,8,1, , ,N,2,0,0,3,0,1,2,2,N, ,39 58:43.460,75 15:15.976,1920, ,1845, ,0, , , ,0, , , , , ,546291, , , ,1,1,0,0,0,0,0,0,0,0,0,1,1,0,1,0,0,0,0,0,0,0,0,0,0,0,0,0,0,0,0,0,1,0,0,4,0,39.9787,-75.2544, , 
 ,50240,2013028984,6,67,67301,2013,3,4,1217,12,1,2,1,5,1, , ,N,0,0,0,3,0,0,3,2,N,N,39 59:04.641,75 05:42.628,1220, ,1217, ,0, ,N, ,0, , , , , ,546297, , , ,2,1,0,0,0,1,0,0,0,0,0,0,0,0,0,0,0,0,0,0,1,0,0,0,0,0,0,0,0,0,0,0,0,0,0,0,1,39.9846,-75.0953, , 
 ,50241,2013035311,6,67,67301,2013,2,7,1942,19,3,2,1,4,1, , ,N,2,2,0,3,0,1,6,3,N, ,39 56:24.382,75 12:02.446,1945, ,1944, ,0, ,N, ,3, , , , , ,546305, , , ,3,3,0,0,0,0,0,0,0,0,0,1,1,0,0,0,0,0,0,1,0,0,0,0,0,0,0,0,0,0,0,0,0,0,0,4,0,39.9401,-75.2007, , 
 ,50242,2013047906,6,67,67301,2013,4,7,1720,17,1,1,0,0,2, , ,N,0,0,0,3,0,1,1,1,N,N,39 56:42.202,75 11:27.541,1720, ,1720,1,2,3,N, ,0,N, , , , ,546315, , , ,1,0,0,0,0,0,0,0,0,0,0,0,1,1,0,0,0,1,0,0,0,0,0,0,0,0,0,0,0,0,0,0,0,0,0,8,0,39.9451,-75.191, , 
 ,50243,2013022245,6,67,67301,2013,1,3,1010,10,1,1,1,1,1, , ,N,0,0,0,3,0,1,3,2,N,N,40 03:03.892,75 10:22.240,1015, ,1013, ,0, ,N, ,0, , , , , ,546334, , , ,2,2,0,0,0,0,0,0,0,0,0,1,1,0,0,0,0,0,0,0,1,0,0,0,0,0,0,0,0,0,0,0,0,0,0,4,0,40.0511,-75.1728, , 
 ,50244,2013022253,6,67,67301,2013,1,6,718,7,1,4,1,4,1, , ,N,1,2,0,3,0,1,3,2,N,N,39 57:48.112,75 11:14.766,718, ,718, ,0, ,N, ,3, , , , , ,546335, , , ,2,1,0,0,0,0,1,0,0,0,0,1,1,0,0,0,0,0,1,0,0,0,0,0,0,0,0,0,0,0,0,0,0,0,0,4,0,39.9634,-75.1874, , 
 ,50245,2013024940,6,67,67301,2013,2,2,900,9,1,9,0,1,1, , ,N,1,2,0,3,0,3,4,2,N,N,40 00:01.004,75 06:23.097,2111, ,2110, ,0, ,N, ,3, , , , , ,546338, , , ,2,0,0,0,0,0,0,1,0,0,0,0,3,3,1,0,0,0,0,0,0,0,0,0,0,0,0,0,0,0,0,0,0,0,0,8,0,40.0003,-75.1064, , 
 ,50246,2013047278,6,67,67301,2013,4,7,1930,19,4,1,0,4,1, , ,N,1,2,0,3,0,1,2,2,N,N,40 01:47.658,75 08:45.592,9999, ,2030, ,0, ,N, ,3, , , , , ,549828, , , ,2,2,0,0,0,0,0,0,0,0,0,1,1,0,0,0,0,0,0,0,0,0,0,0,0,0,0,0,0,0,0,0,0,0,0,4,0,40.0299,-75.146, , 
 ,50247,2013055550,6,67,67301,2013,5,3,1813,18,1,1,0,1,1, , ,N,0,0,0,3,0,0,3,2,N,N,40 02:20.854,75 02:04.204,1820, ,1813,2,2,2, , ,0,Y, , , , ,549835, , , ,2,2,0,0,0,0,0,0,0,0,0,0,0,0,0,0,0,0,0,0,0,0,0,0,0,0,0,0,0,0,0,0,0,0,0,0,0,40.0391,-75.0347, , 
 ,50248,2013055864,6,67,67301,2013,4,3,2043,20,3,1,0,4,1, , ,N,0,0,7,3,0,0,3,3,N,N,40 06:05.040,75 01:35.670,2053, ,2053,1,1,3,N, ,0,N, , , , ,549836, , , ,3,2,0,0,0,0,1,0,0,0,0,0,0,0,0,0,0,0,0,0,0,0,0,1,0,0,0,0,0,0,0,0,0,0,0,0,0,40.1014,-75.0266, , 
 ,50249,2013022184,6,67,67301,2013,1,1,1310,13,1,1,0,4,1, , ,N,1,2,0,3,0,1,2,2,N, ,39 56:43.252,75 09:05.795,1330, ,1322, ,0, , , ,3, , , , , ,549859, , , ,2,2,0,0,0,0,0,0,0,0,0,1,1,0,0,0,0,0,0,0,0,0,0,1,0,0,0,0,0,0,0,0,0,0,0,4,0,39.9453,-75.1516, , 
 ,50250,2013022206,6,67,67301,2013,1,7,1605,16,1,1,1,4,1, , ,N,1,2,0,3,0,0,2,2,N,N,39 56:29.947,75 13:21.989,1617, ,1615, ,0, ,N, ,3, , , , , ,549912, , , ,2,2,0,0,0,0,0,0,0,0,0,0,0,0,1,0,0,0,0,0,0,0,0,0,0,0,0,0,0,0,0,0,0,0,0,9,0,39.9417,-75.2228, , 
 ,50251,2013035243,6,67,67301,2013,3,7,131,1,3,1,0,1,1, , ,N,1,2,0,3,0,1,3,2,N, ,40 05:40.346,75 00:54.155,139, ,135, ,0, , , ,3, , , , , ,549927, , , ,2,2,0,0,0,0,0,0,0,0,0,1,1,0,0,0,0,0,0,0,0,0,0,0,0,0,0,0,0,0,0,0,0,0,0,4,0,40.0945,-75.015, , 
 ,50252,2013037417,6,67,67301,2013,3,4,331,3,3,1,0,4,2, , ,N,2,3,0,3,0,1,2,2,N,N,40 00:14.349,75 09:32.097,335, ,332, ,0, ,N, ,3, , , , , ,549930, , , ,2,1,0,0,0,0,1,0,0,0,0,0,1,1,0,0,0,0,0,0,0,0,0,0,0,0,0,0,0,0,0,0,0,0,0,8,0,40.004,-75.1589, , 
 ,50253,2013035070,6,67,67301,2013,2,3,1505,15,1,1,0,8,1, , ,N,1,2,0,3,0,1,2,2,N,N,40 01:01.029,75 11:18.212,1525, ,1520, ,0, ,N, ,3, , , , , ,549958, , , ,1,1,0,0,0,0,0,0,0,0,0,1,1,0,0,0,0,0,0,0,0,0,0,0,0,0,0,0,0,0,0,0,1,0,0,4,0,40.017,-75.1883, , 
 ,50254,2013047534,6,67,67301,2013,5,7,1636,16,1,1,0,1,1, , ,N,0,0,0,3,0,0,3,3,N,N,39 58:36.494,75 11:52.399,1646, ,1636, ,0, ,N, ,0, , , , , ,549976, , , ,3,3,0,0,0,0,0,0,0,0,0,0,0,0,0,0,0,0,0,0,1,0,0,0,0,0,0,0,0,0,0,0,0,0,0,0,0,39.9768,-75.1979, , 
 ,50255,2013062972,6,67,67301,2013,6,2,755,7,1,2,1,1,1, , ,N,0,0,0,3,0,1,2,2,N,N,39 59:02.939,75 05:47.583,810, ,809, ,0, ,N, ,0, , , , , ,550034, , , ,2,2,0,0,0,0,0,0,0,0,0,1,1,0,0,0,0,0,0,0,0,0,0,0,0,0,0,0,0,0,0,0,0,0,0,4,0,39.9842,-75.0965, , 
 ,50256,2013035236,6,67,67301,2013,3,6,2320,23,3,1,0,5,6, , ,N,0,0,0,3,0,1,2,2,N, ,40 01:35.586,75 09:46.973,9999, ,2325, ,0, ,N, ,0, , , , , ,550062, , , ,2,2,0,0,0,0,0,0,0,0,0,1,1,0,1,0,0,0,0,0,0,0,0,0,0,0,0,0,0,0,0,0,0,0,0,4,0,40.0266,-75.163, , 
 ,50257,2013035654,6,67,67301,2013,3,6,2055,20,3,1,0,4,6, , ,N,0,0,0,3,0,0,1,5,N,N,40 00:26.694,75 06:02.221,2100, ,2058, ,0, ,N, ,0, , , , , ,550063, , , ,5,4,0,0,0,0,1,0,0,0,0,0,0,0,0,0,0,0,0,0,0,0,0,0,0,0,0,0,0,0,0,0,0,0,0,0,0,40.0074,-75.1006, , 
 ,50258,2013041355,6,67,67301,2013,3,1,10,0,3,1,0,4,1, , ,N,5,2,0,3,0,2,2,2,N,N,40 00:17.801,75 10:43.939,16, ,13, ,0, ,N, ,3, , , , , ,550065, , , ,2,2,0,0,0,0,0,0,0,0,0,1,2,1,0,0,0,0,0,0,0,0,0,0,0,0,0,0,0,0,0,0,0,0,0,4,0,40.0049,-75.1787, , 
 ,50259,2013050541,6,67,67301,2013,5,4,1830,18,4,1,0,2,1, , ,N,1,2,0,3,0,0,2,2,N,N,39 58:38.125,75 09:29.199,1845, ,1845, ,0, ,N, ,3, , , , , ,550080, , , ,2,2,0,0,0,0,0,0,0,0,0,0,0,0,0,0,0,0,0,0,1,0,0,0,0,0,0,0,0,0,0,0,0,0,0,0,0,39.9773,-75.1581, , 
 ,50260,2013053256,6,67,67301,2013,5,4,35,0,2,1,1,7,2, , ,N,0,0,0,3,0,1,1,1,N,N,39 58:56.125,75 12:27.800,40, ,37,2,1,3,N, ,0,Y, , , , ,550084, , , ,1,0,0,0,0,0,1,0,0,0,0,0,1,1,0,0,0,0,0,0,0,0,0,1,0,0,0,0,0,0,0,0,0,0,0,8,0,39.9823,-75.2077, , 
 ,50261,2013005871,6,67,67301,2013,1,3,2215,22,3,2,1,7,2, , ,N,0,0,0,3,0,0,1,1,N,N,40 05:16.232,74 58:20.729,2230, ,2217,3,1,3,Y, ,0,N, , , , ,550089, , , ,1,0,0,0,1,0,0,0,0,0,0,0,0,0,0,0,0,0,0,0,0,0,0,0,0,0,0,0,0,0,0,0,0,0,0,0,0,40.0878,-74.9724, , 
 ,50262,2013023548,6,67,67301,2013,1,5,1200,12,1,1,0,4,1, , ,N,1,3,0,3,0,1,2,2,N, ,39 59:49.750,75 04:45.260,1214, ,1211, ,0, , , ,3, , , , , ,550103, , , ,2,2,0,0,0,0,0,0,0,0,0,0,1,1,0,0,0,0,0,0,1,0,0,0,0,0,0,0,0,0,0,0,0,0,0,8,0,39.9972,-75.0792, , 
 ,50263,2013024868,6,67,67301,2013,1,4,1735,17,3,2,1,1,1, , ,N,0,0,0,3,0,2,3,2,N,N,39 58:29.145,75 12:19.136,1752, ,1745, ,0, ,N, ,0, , , , , ,550105, , , ,2,1,0,0,1,0,0,0,0,0,0,0,2,2,0,0,0,0,0,0,1,0,0,0,0,0,0,0,0,0,0,0,0,0,0,8,0,39.9748,-75.2053, , 
 ,50264,2013053917,6,67,67301,2013,3,2,1523,15,1,4,1,5,1, , ,N,0,0,0,3,0,1,2,2,N,N,40 00:21.511,75 04:28.750,1530, ,1525, ,0, ,N, ,0, , , , , ,550132, , , ,2,0,0,0,0,1,1,0,0,0,0,1,1,0,1,0,0,0,0,0,1,0,0,0,0,0,0,0,0,0,0,0,0,0,0,4,1,40.0059,-75.0748, , 
 ,50265,2013101261,6,67,67301,2013,9,4,2248,22,3,1,0,8,1, , ,N,1,2,0,3,0,1,2,2,N,N,40 02:23.373,75 08:40.028,2251, ,2249,2,1,1,N, ,3,N, , , , ,586739, , , ,1,1,0,0,0,0,0,0,0,0,1,0,1,0,0,0,0,0,0,0,1,0,0,0,0,0,0,0,0,0,0,0,1,0,0,3,0,40.0398,-75.1445, , 
 ,50266,2013122454,6,67,67301,2013,11,7,2143,21,3,1,0,8,3, , ,N,0,0,7,3,0,1,3,2,N, ,40 01:58.231,75 02:45.459,2147, ,2145, ,0, , , ,0, , , , , ,586758, , , ,1,1,0,0,0,0,0,0,0,0,0,1,1,0,0,0,0,0,0,0,0,0,0,0,0,0,0,0,0,0,0,0,1,0,0,4,0,40.0328,-75.046, , 
 ,50267,2013079516,6,67,67301,2013,7,5,2245,22,3,1,0,6,1, , ,N,0,0,0,3,0,2,3,2,N,N,40 00:50.150,75 05:23.760,9999, ,2356, ,0, ,N, ,0, , , , , ,586769, , , ,1,0,0,0,0,0,0,0,1,0,0,2,2,0,1,0,0,0,0,0,0,0,0,0,0,0,0,0,0,0,0,0,0,0,0,4,0,40.0139,-75.0899, , 
 ,50268,2013079970,6,67,67301,2013,7,3,1355,13,1,1,0,4,1, , ,N,1,2,0,3,0,1,2,2,N,N,40 02:01.277,75 08:45.274,1408, ,1408,1,1,2,N, ,3,Y, , , , ,586770, , , ,2,1,0,0,1,0,0,0,0,0,0,0,1,1,0,0,0,0,0,0,0,0,0,0,0,0,0,0,0,0,0,0,0,0,0,8,0,40.0337,-75.1458, , 
 ,50269,2013087050,6,67,67301,2013,8,4,1427,14,1,2,1,1,1, , ,N,0,0,0,3,0,1,2,2,N,N,40 02:35.107,75 00:11.917,1430, ,1429,1,1,2,N, ,0,N, , , , ,586774, , , ,2,1,0,0,1,0,0,0,0,0,0,1,1,0,0,0,0,0,0,0,0,0,0,0,0,0,0,0,0,0,0,0,0,0,0,4,0,40.0431,-75.0033, , 
 ,50270,2013111736,6,67,67301,2013,10,4,1618,16,1,1,0,6,2, , ,N,0,0,0,3,0,0,2,4,N,N,40 05:23.179,75 03:08.668,1622, ,1619, ,0, ,N, ,0, , , , , ,586801, , , ,4,3,0,0,0,0,1,0,0,0,0,0,0,0,1,0,0,0,0,0,0,0,0,2,0,0,0,0,0,0,0,0,0,0,0,9,0,40.0898,-75.0524, , 
 ,50271,2013070368,6,67,67301,2013,6,2,9999,99,1,2,1,1,1, , ,N,1,2,0,3,0,0,2,2,N,N,39 57:42.225,75 09:26.825,743, ,730, ,0, ,N, ,3, , , , , ,586819, , , ,2,0,0,0,0,0,1,1,0,0,0,0,0,0,0,0,0,0,0,0,0,0,0,0,0,0,0,0,0,0,0,0,0,0,0,0,0,39.9617,-75.1575, , 
 ,50272,2013079562,6,67,67301,2013,7,6,142,1,3,1,0,7,2, , ,N,0,0,0,3,0,1,3,3,N, ,40 00:00.122,75 08:26.705,210, ,202, ,0, , , ,0, , , , , ,586834, , , ,3,3,0,0,0,0,0,0,0,0,0,1,1,0,0,0,0,0,0,0,1,0,0,0,0,0,0,0,0,0,0,0,0,0,0,4,0,40,-75.1408, , 
N,50273,2013053934,6,67,67301,2013,5,5,1630,16,1,2,1,1,1,1,4,Y,0,0,0,3,0,0,2,2,N,N,40 01:23.131,75 02:08.066,1646,45,1633,1,1,2,N, ,0,N,Y,N,N,N,586857,N,N,Y,2,1,0,0,0,1,0,0,0,0,0,0,0,0,0,0,1,0,0,0,1,0,0,0,0,0,0,0,0,0,0,0,0,0,0,0,1,40.0231,-75.0355, , 
 ,50274,2013054131,6,67,67301,2013,5,1,640,6,1,1,0,7,3, , ,N,0,0,0,3,0,1,3,2,N,N,39 57:27.424,75 10:48.749,720, ,650, ,0, ,N, ,0, , , , , ,586858, , , ,2,1,0,0,0,1,0,0,0,0,0,1,1,0,0,0,0,0,0,0,1,0,0,0,0,0,0,0,0,0,0,0,0,0,0,4,1,39.9576,-75.1802, , 
 ,50275,2013055567,6,67,67301,2013,5,2,9999,99,1,1,0,1,7, , ,N,1,2,2,3,0,1,3,3,N, ,40 00:28.517,75 11:29.150,1210, ,1205, ,0, , , ,3, , , , , ,586859, , , ,3,1,0,0,0,0,1,1,0,0,0,1,1,0,0,0,0,0,0,0,3,0,0,0,0,0,0,0,0,0,0,0,0,0,0,4,0,40.0079,-75.1915, , 
 ,50276,2013070314,6,67,67301,2013,6,7,1139,11,1,1,0,4,1, , ,N,1,2,0,3,0,2,4,2,N, ,40 01:51.272,75 05:35.008,1200, ,1156, ,0, , , ,3, , , , , ,586867, , , ,2,2,0,0,0,0,0,0,0,0,0,2,2,0,0,0,0,0,0,0,0,0,0,0,0,0,0,0,0,0,0,0,0,0,0,4,0,40.0309,-75.0931, , 
 ,50277,2013101034,6,67,67301,2013,9,3,845,8,1,1,0,4,1, , ,N,1,2,0,3,0,2,3,2,N,N,40 03:19.504,75 05:33.327,900, ,853,1,1,1,N, ,3,Y, , , , ,586890, , , ,2,0,0,0,0,0,2,0,0,0,0,0,2,2,0,0,0,0,0,0,1,0,0,0,0,0,0,0,0,0,0,0,0,0,0,8,0,40.0554,-75.0926, , 
 ,50278,2013050293,6,67,67301,2013,4,5,1348,13,1,1,0,5,1, , ,N,5,2,0,3,0,1,3,2,N,N,40 01:47.791,75 09:11.771,9999, ,2030, ,0, ,N, ,3, , , , , ,586915, , , ,2,0,0,0,0,0,1,0,0,0,0,1,1,0,0,0,0,0,0,0,0,0,0,0,0,0,0,0,0,0,0,0,0,0,0,4,0,40.0299,-75.1533, , 
 ,50279,2013050294,6,67,67301,2013,4,5,1528,15,1,1,0,4,1, , ,N,0,0,0,3,0,0,1,3,N,N,40 01:31.213,75 07:45.181,1840, ,1833, ,0, ,N, ,0, , , , , ,586916, , , ,3,2,0,0,0,0,1,0,0,0,0,0,0,0,0,0,0,0,0,0,0,0,0,0,0,0,0,0,0,0,0,0,0,0,0,0,0,40.0253,-75.1292, , 
 ,50280,2013065504,6,67,67301,2013,5,7,1115,11,1,1,0,4,2, , ,N,0,0,0,3,0,0,2,2,N,N,40 03:21.317,75 13:57.005,1126, ,1120, ,0, ,N, ,0, , , , , ,586922, , , ,2,0,0,0,0,0,1,1,0,0,0,0,0,0,0,0,0,0,0,0,0,0,0,0,0,0,0,0,0,0,0,0,0,0,0,0,0,40.0559,-75.2325, , 
 ,50281,2013070134,6,67,67301,2013,6,6,245,2,3,1,0,6,6, , ,N,0,0,0,3,0,0,1,3,N,N,40 07:07.701,74 59:37.269,257, ,250, ,0, , , ,0, , , , , ,586927, , , ,3,0,0,0,0,0,0,2,0,0,0,0,0,0,1,0,0,0,0,0,0,0,0,0,0,0,0,0,0,0,0,0,0,0,0,9,0,40.1188,-74.9937, , 
 ,50282,2013070443,6,67,67301,2013,6,5,2140,21,3,1,0,4,1, , ,N,1,1,0,3,0,2,3,2,N,N,40 01:54.231,75 10:43.900,2200, ,2144,1,1,4, , ,3,N, , , , ,586928, , , ,2,2,0,0,0,0,0,0,0,0,0,2,2,0,0,0,0,0,0,0,0,0,0,0,0,0,0,0,0,0,0,0,0,0,0,4,0,40.0317,-75.1789, , 
 ,50283,2013070505,6,67,67301,2013,5,2,9999,99,1,1,0,5,1, , ,N,5,3,0,3,0,0,3,2,N,N,40 03:23.071,75 01:44.619,1320, ,1303, ,0, ,N, ,3, , , , , ,586929, , , ,2,1,0,0,0,0,0,1,0,0,0,0,0,0,0,0,0,0,0,0,1,0,0,0,0,0,0,0,0,0,0,0,0,0,0,0,0,40.0564,-75.0291, , 
 ,50284,2013086742,6,67,67301,2013,8,3,1145,11,1,1,0,4,1, , ,N,1,2,0,3,0,1,2,2,N,N,39 57:30.474,75 12:46.764,1207, ,1204, ,0, ,N, ,3, , , , , ,586941, , , ,2,2,0,0,0,0,0,0,0,0,0,1,1,0,0,0,0,0,0,0,0,0,0,0,0,0,0,0,0,0,0,0,0,0,0,4,0,39.9585,-75.213, , 
 ,50285,2013093055,6,67,67301,2013,8,6,1716,17,1,1,0,7,5, , ,N,0,0,0,3,0,1,1,1,N,N,40 04:50.527,74 59:35.624,1725, ,1718, ,0, , , ,0, , , , , ,586947, , , ,1,1,0,0,0,0,0,0,0,0,0,1,1,0,0,0,0,0,0,0,0,0,1,1,0,0,0,0,0,0,0,0,0,0,0,4,0,40.0807,-74.9932, , 
 ,50286,2013096133,6,67,67301,2013,8,3,1522,15,1,1,0,5,1, , ,N,0,0,0,3,0,1,2,2,N,N,39 57:03.992,75 11:53.073,9999, ,1543, ,0, ,N, ,0, , , , , ,586952, , , ,1,1,0,0,0,0,0,0,1,0,0,1,1,0,0,0,0,0,0,0,0,0,0,0,0,0,0,0,0,0,0,0,0,0,0,4,0,39.9511,-75.1981, , 
 ,50287,2013096569,6,67,67301,2013,9,1,815,8,1,1,0,7,2, , ,N,0,0,0,3,0,0,1,1,N,N,39 57:15.138,75 08:23.686,830, ,820, ,0, ,Y, ,0, , , , , ,586953, , , ,1,1,0,0,0,0,0,0,0,0,0,0,0,0,1,0,0,0,0,0,0,0,0,0,0,0,0,0,0,0,0,0,0,0,0,9,0,39.9542,-75.1399, , 
 ,50288,2013104419,6,67,67301,2013,9,2,525,5,3,1,0,8,1, , ,N,1,2,0,3,0,1,2,2,N,N,39 56:41.121,75 08:48.753,826, ,817, ,0, , , ,3, , , , , ,586958, , , ,1,0,0,1,0,0,0,0,0,1,0,0,1,0,0,0,0,0,0,0,0,0,0,0,0,0,0,0,0,0,0,0,1,0,1,2,1,39.9448,-75.1469, , 
 ,50289,2013080002,6,67,67301,2013,7,7,2230,22,3,1,0,1,1, , ,N,0,0,0,3,0,0,2,2,N,N,40 00:49.597,75 07:32.196,2245, ,2245, ,0, ,N, ,0, , , , , ,586964, , , ,2,1,0,0,0,0,1,0,0,0,0,0,0,0,0,0,0,0,0,0,0,0,0,0,0,0,0,0,0,0,0,0,0,0,0,0,0,40.0138,-75.1256, , 
 ,50290,2013093285,6,67,67301,2013,9,2,647,6,1,1,0,1,1, , ,N,0,0,0,3,0,0,2,2,N,N,40 01:52.108,75 01:18.105,716, ,650, ,0, ,N, ,0, , , , , ,586978, , , ,2,1,0,0,0,0,1,0,0,0,0,0,0,0,0,0,0,0,0,0,1,0,0,0,0,0,0,0,0,0,0,0,0,0,0,0,0,40.0311,-75.0217, , 
 ,50291,2013053068,6,67,67301,2013,4,6,705,7,1,1,0,8,1, , ,N,1,2,0,3,0,1,2,2,N,N,39 58:53.612,75 07:02.654,2010, ,2000, ,0, , , ,3, , , , , ,587001, , , ,1,0,0,0,0,0,1,0,0,0,0,1,1,0,0,0,0,0,0,0,0,0,0,0,0,0,0,0,0,0,0,0,1,0,0,4,0,39.9815,-75.1173, , 
 ,50292,2013086948,6,67,67301,2013,7,7,1755,17,1,1,0,4,1, , ,N,1,2,0,3,0,4,4,2,N,N,39 57:13.582,75 13:41.663,1810, ,1800, ,0, ,N, ,3, , , , , ,587026, , , ,2,2,0,0,0,0,0,0,0,0,0,0,4,4,0,0,0,0,0,0,1,0,0,0,0,0,0,0,0,0,0,0,0,0,0,8,0,39.9538,-75.2282, , 
 ,50293,2013101210,6,67,67301,2013,9,6,340,3,3,2,1,4,1, , ,N,1,2,0,3,0,0,4,2,N,N,39 56:56.596,75 08:57.079,348, ,346, ,0, ,N, ,3, , , , , ,587040, , , ,2,2,0,0,0,0,0,0,0,0,0,0,0,0,0,0,0,0,0,0,0,0,0,0,0,0,0,0,0,0,0,0,0,0,0,0,0,39.949,-75.1492, , 
 ,50294,2013109362,6,67,67301,2013,10,5,1600,16,1,1,0,4,1, , ,N,1,3,0,3,0,2,3,2,N,N,39 55:14.307,75 10:49.159,1635, ,1630, ,0, ,N, ,3, , , , , ,587049, , , ,2,2,0,0,0,0,0,0,0,0,0,1,2,1,0,0,0,0,0,0,0,0,0,0,0,0,0,0,0,0,0,0,0,0,0,4,0,39.9206,-75.1803, , 