wz_ln_closure,objectid_1,crn,district,county,municipality,crash_year,crash_month,day_of_week,time_of_day,hour_of_day,illumination,weather,road_condition,collision_type,relation_to_road,work_zone_type,work_zone_loc,work_zone_ind,intersect_type,tcd_type,location_type,urban_rural,fatal_count,injury_count,person_count,total_units,sch_bus_ind,sch_zone_ind,latitude,longitude,arrival_tm,cons_zone_spd_lim,dispatch_tm,est_hrs_closed,lane_closed,ln_close_dir,ntfy_hiwy_maint,spec_juris_cd,tcd_func_cd,tfc_detour_ind,workers_pres,wz_close_detour,wz_flagger,wz_law_offcr_ind,objectid,wz_moving,wz_other,wz_shlder_mdn,vehicle_count,automobile_count,motorcycle_count,bus_count,small_truck_count,heavy_truck_count,suv_count,van_count,bicycle_count,maj_inj_count,mod_inj_count,min_inj_count,tot_inj_count,unk_inj_deg_count,unk_inj_per_count,driver_count_16yr,driver_count_17yr,driver_count_18yr,driver_count_19yr,driver_count_20yr,driver_count_50_64yr,driver_count_65_74yr,driver_count_75plus,unbelted_occ_count,unb_death_count,unb_maj_inj_count,belted_death_count,belted_maj_inj_count,mcycle_death_count,mcycle_maj_inj_count,bicycle_death_count,bicycle_maj_inj_count,ped_count,ped_death_count,ped_maj_inj_count,max_severity_level,comm_veh_count,dec_lat,dec_long,rdwy_surf_type_cd,county_name
 ,50761,2013070560,6,67,67301,2013,6,2,646,6,1,2,1,4,1, , ,N,0,0,0,3,0,2,2,2,N,N,40 02:18.965,75 01:07.519,9999, ,647, ,0, ,N, ,0, , , , , ,585281, , , ,2,2,0,0,0,0,0,0,0,0,0,2,2,0,0,0,0,0,0,0,0,0,0,0,0,0,0,0,0,0,0,0,0,0,0,4,0,40.0386,-75.0188, , 
 ,50762,2013098405,6,67,67301,2013,9,4,1530,15,1,1,0,4,1, , ,N,1,2,0,3,0,1,2,2,N, ,39 55:04.486,75 10:45.530,1539, ,1536,3,2,3, , ,3,Y, , , , ,585301, , , ,2,2,0,0,0,0,0,0,0,0,0,0,1,1,0,0,0,0,0,0,0,1,0,0,0,0,0,0,0,0,0,0,0,0,0,8,0,39.9179,-75.1793, , 
 ,50763,2013101059,6,67,67301,2013,9,4,2140,21,3,1,0,4,1, , ,N,1,3,0,3,0,1,2,2,N, ,39 57:15.609,75 12:50.083,2147, ,2144, ,0, , , ,3, , , , , ,585302, , , ,1,1,0,0,0,0,0,0,1,0,0,1,1,0,0,0,0,0,0,0,0,0,0,1,0,0,0,0,0,0,0,0,0,0,0,4,0,39.9543,-75.2139, , 
 ,50764,2013062537,6,67,67301,2013,4,7,24,0,3,1,0,4,1, , ,N,1,2,0,3,0,2,2,2,N,N,39 56:37.683,75 13:22.061,35, ,30, ,0, ,N, ,3, , , , , ,585320, , , ,2,2,0,0,0,0,0,0,0,0,0,2,2,0,0,0,0,0,0,0,0,0,0,1,0,0,0,0,0,0,0,0,0,0,0,4,0,39.9438,-75.2228, , 
 ,50765,2013066839,6,67,67301,2013,3,5,620,6,1,1,0,1,1, , ,N,0,0,0,3,0,1,2,2,N,N,39 55:05.997,75 12:31.586,0, ,0, ,0, ,N, ,0, , , , , ,585323, , , ,2,2,0,0,0,0,0,0,0,0,0,0,1,1,1,0,0,0,0,0,0,0,0,0,0,0,0,0,0,0,0,0,0,0,0,8,0,39.9182,-75.2097, , 
 ,50766,2013086156,6,67,67301,2013,8,3,1835,18,1,1,0,8,1, , ,N,0,0,0,3,0,1,2,2,N,N,39 54:24.232,75 10:24.571,1842, ,1840, ,0, ,N, ,0, , , , , ,585355, , , ,1,0,0,0,0,0,0,0,0,0,0,0,1,1,1,0,0,0,0,0,0,0,0,0,0,0,0,0,0,0,0,0,1,0,0,8,0,39.9067,-75.1735, , 
 ,50767,2013086217,6,67,67301,2013,7,7,2328,23,3,1,0,7,7, , ,N,0,0,0,3,0,1,1,1,N, ,40 03:12.376,75 11:47.704,2341, ,2338, ,0, , , ,0, , , , , ,585356, , , ,1,1,0,0,0,0,0,0,0,0,0,0,1,1,0,0,0,0,0,0,0,0,0,0,0,0,0,0,0,0,0,0,0,0,0,8,0,40.0534,-75.1966, , 
 ,50768,2013086738,6,67,67301,2013,8,6,55,0,3,1,0,1,6, , ,N,0,0,0,3,0,0,1,3,N,N,40 00:10.331,75 09:09.068,59, ,57, ,0, , , ,0, , , , , ,585357, , , ,3,2,0,0,0,0,1,0,0,0,0,0,0,0,0,0,0,0,0,0,0,0,0,1,0,0,0,0,0,0,0,0,0,0,0,0,0,40.0029,-75.1525, , 
 ,50769,2013053082,6,67,67301,2013,4,7,2159,21,3,1,0,7,5, , ,N,1,3,0,3,0,0,1,1,N, ,39 58:43.766,75 07:34.247,2205, ,2159, ,0, , , ,3, , , , , ,585377, , , ,1,1,0,0,0,0,0,0,0,0,0,0,0,0,0,0,0,0,0,0,0,0,0,0,0,0,0,0,0,0,0,0,0,0,0,0,0,39.9788,-75.1262, , 
 ,50770,2013070907,6,67,67301,2013,6,7,2040,20,3,1,0,1,1, , ,N,1,0,0,3,0,1,2,2,N, ,39 57:31.392,75 09:44.125,2045, ,2042, ,0, , , ,0, , , , , ,585396, , , ,2,1,0,0,1,0,0,0,0,0,0,1,1,0,0,0,0,0,0,0,0,0,0,0,0,0,0,0,0,0,0,0,0,0,0,4,0,39.9587,-75.1621, , 
 ,50771,2013070938,6,67,67301,2013,6,6,1115,11,1,6,1,4,1, , ,N,1,2,0,3,0,2,3,2,N,N,39 57:34.444,75 11:49.297,1130, ,1123, ,0, ,N, ,3, , , , , ,585397, , , ,2,0,0,0,0,0,1,1,0,0,0,1,2,1,0,0,0,0,0,0,0,0,0,0,0,0,0,0,0,0,0,0,0,0,0,4,0,39.9596,-75.197, , 
 ,50772,2013077448,6,67,67301,2013,7,2,1810,18,1,7,0,5,1, , ,N,1,2,0,3,0,2,3,2,N,N,40 01:16.956,75 08:54.571,1830, ,1816, ,0, ,N, ,3, , , , , ,585404, , , ,2,1,0,0,0,0,1,0,0,0,0,2,2,0,0,0,0,0,0,0,1,0,0,0,0,0,0,0,0,0,0,0,0,0,0,4,0,40.0214,-75.1485, , 
 ,50773,2013079976,6,67,67301,2013,7,7,2042,20,1,1,0,4,1, , ,N,2,3,0,3,0,1,4,2,N, ,39 57:31.471,75 13:23.318,2114, ,2052, ,0, , , ,3, , , , , ,585406, , , ,2,2,0,0,0,0,0,0,0,0,1,0,1,0,2,0,0,0,0,0,1,0,0,0,0,0,0,0,0,0,0,0,0,0,0,3,0,39.9587,-75.2231, , 
 ,50774,2013094796,6,67,67301,2013,8,6,1945,19,1,1,0,4,1, , ,N,0,0,0,3,0,4,5,2,N,N,40 01:21.560,75 09:17.550,0, ,0, ,0, ,Y, ,0, , , , , ,585418, , , ,2,0,0,0,0,0,2,0,0,0,4,0,4,0,1,0,0,0,0,0,1,0,0,0,0,0,0,0,0,0,0,0,0,0,0,3,0,40.0227,-75.1549, , 
 ,50775,2013098434,6,67,67301,2013,8,4,45,0,3,1,0,1,6, , ,N,0,0,0,3,0,0,1,2,N, ,39 59:52.238,75 07:56.773,50, ,45, ,0, , , ,0, , , , , ,585420, , , ,2,2,0,0,0,0,0,0,0,0,0,0,0,0,0,0,0,0,0,0,0,0,0,1,0,0,0,0,0,0,0,0,0,0,0,0,0,39.9978,-75.1324, , 
 ,50776,2013086890,6,67,67301,2013,8,6,2215,22,3,1,0,8,1, , ,N,0,0,0,3,0,1,2,2,N,N,40 00:33.270,75 09:22.230,25, ,15, ,0, ,N, ,0, , , , , ,590836, , , ,1,1,0,0,0,0,0,0,0,0,0,1,1,0,0,0,0,0,0,0,0,0,0,0,0,0,0,0,0,0,0,0,1,0,0,4,0,40.0092,-75.1562, , 
 ,50777,2013096074,6,67,67301,2013,8,5,1436,14,1,1,0,7,4, , ,N,0,0,0,3,0,1,1,1,N, ,40 00:29.798,75 04:15.947,1436, ,436, ,0, , , ,0, , , , , ,590843, , , ,1,1,0,0,0,0,0,0,0,0,1,0,1,0,0,0,0,0,0,0,0,0,0,0,0,0,0,0,0,0,0,0,0,0,0,3,0,40.0083,-75.0711, , 
 ,50778,2013101002,6,67,67301,2013,9,1,1159,11,1,1,0,1,1, , ,N,0,2,0,3,0,1,3,2,N, ,39 56:36.184,75 11:47.243,1227, ,1201, ,0, , , ,3, , , , , ,590884, , , ,2,1,0,0,0,0,1,0,0,0,0,1,1,0,0,0,0,0,0,0,2,0,0,0,0,0,0,0,0,0,0,0,0,0,0,4,0,39.9439,-75.1965, , 
 ,50779,2013122910,6,67,67301,2013,11,2,750,7,1,1,0,1,1, , ,N,1,2,0,3,0,1,2,2,N,N,39 57:31.213,75 10:19.608,755, ,750,1,1,3,N, ,3,N, , , , ,590905, , , ,2,2,0,0,0,0,0,0,0,0,0,0,1,1,0,0,0,0,0,0,0,0,0,0,0,0,0,0,0,0,0,0,0,0,0,8,0,39.9587,-75.1721, , 
 ,50780,2013101014,6,67,67301,2013,9,2,834,8,1,1,0,8,1, , ,N,1,2,0,3,0,1,3,2,N, ,39 57:37.620,75 14:28.063,834, ,834, ,0, , , ,3, , , , , ,590914, , , ,1,1,0,0,0,0,0,0,0,0,0,0,1,1,0,0,0,0,0,0,0,0,0,0,0,0,0,0,0,0,0,0,1,0,0,8,0,39.9605,-75.2411, , 
 ,50781,2013093167,6,67,67301,2013,7,5,128,1,3,1,0,1,1, , ,N,0,0,0,3,0,1,2,2,N,N,40 05:50.442,74 58:38.359,133, ,128, ,0, ,N, ,0, , , , , ,590931, , , ,2,2,0,0,0,0,0,0,0,0,0,0,1,1,1,0,0,0,0,0,0,0,0,0,0,0,0,0,0,0,0,0,0,0,0,8,0,40.0973,-74.9773, , 
 ,50782,2013077457,6,67,67301,2013,7,6,400,4,3,1,0,7,2, , ,N,0,0,0,3,0,0,2,1,N, ,40 04:42.060,75 03:14.170,450, ,440, ,0, , , ,0, , , , , ,590962, , , ,1,1,0,0,0,0,0,0,0,0,0,0,0,0,0,0,0,1,0,0,0,0,0,0,0,0,0,0,0,0,0,0,0,0,0,0,0,40.0784,-75.0539, , 
 ,50783,2013080169,6,67,67301,2013,8,5,219,2,3,2,0,5,1, , ,N,0,0,0,3,0,0,3,2,N,N,40 00:45.017,75 03:33.587,230, ,220, ,0, ,N, ,0, , , , , ,590964, , , ,2,2,0,0,0,0,0,0,0,0,0,0,0,0,1,0,0,0,0,0,0,0,0,0,0,0,0,0,0,0,0,0,0,0,0,9,0,40.0125,-75.0593, , 
 ,50784,2013084145,6,67,67301,2013,8,5,1445,14,1,1,0,1,1, , ,N,0,0,0,3,0,0,3,2,N,N,39 59:29.324,75 12:10.731,1513, ,1500, ,0, ,N, ,0, , , , , ,590974, , , ,2,2,0,0,0,0,0,0,0,0,0,0,0,0,0,0,0,0,0,0,0,0,0,0,0,0,0,0,0,0,0,0,0,0,0,0,0,39.9915,-75.203, , 
 ,50785,2013104030,6,67,67301,2013,9,5,845,8,1,1,0,2,1, , ,N,1,2,0,3,0,2,2,3,N,Y,40 02:34.484,75 06:15.533,900, ,850, ,0, ,N, ,3, , , , , ,590995, , , ,3,1,0,0,0,0,1,1,0,0,0,2,2,0,0,0,0,0,0,0,1,0,0,0,0,0,0,0,0,0,0,0,0,0,0,4,0,40.0429,-75.1043, , 
 ,50786,2013055847,6,67,67301,2013,5,1,1412,14,1,1,0,4,1, , ,N,2,3,0,3,0,1,2,2,N,N,40 01:21.320,75 07:57.547,1436, ,1436, ,0, ,N, ,3, , , , , ,591004, , , ,2,2,0,0,0,0,0,0,0,0,1,0,1,0,0,0,0,0,0,0,1,0,0,0,0,0,0,0,0,0,0,0,0,0,0,3,0,40.0226,-75.1327, , 
 ,50787,2013093192,6,67,67301,2013,8,7,2323,23,3,1,0,4,1, , ,N,1,2,0,3,0,2,3,2,N, ,39 56:23.917,75 12:49.859,2330, ,2329, ,0, , , ,3, , , , , ,591024, , , ,2,1,0,0,0,0,0,1,0,0,0,2,2,0,0,0,0,0,0,0,1,0,0,2,0,0,0,0,0,0,0,0,0,0,0,4,0,39.94,-75.2138, , 
 ,50788,2013110713,6,67,67301,2013,10,1,9999,99,3,1,0,1,1, , ,N,1,2,0,3,0,1,4,2,N,N,39 57:22.453,75 11:38.974,2248, ,2247, ,0, ,N, ,3, , , , , ,591037, , , ,2,1,0,1,0,0,0,0,0,0,0,0,1,1,0,0,0,0,0,0,1,0,0,1,0,0,0,0,0,0,0,0,0,0,0,8,1,39.9562,-75.1941, , 
 ,50789,2013126529,6,67,67301,2013,10,6,242,2,3,1,0,7,5, , ,N,2,0,0,3,0,2,2,1,N,N,40 00:34.737,75 10:49.079,249, ,244, ,0, ,N, ,0, , , , , ,591051, , , ,1,0,0,0,0,0,1,0,0,0,2,0,2,0,0,0,0,0,0,0,0,0,0,0,0,0,0,0,0,0,0,0,0,0,0,3,0,40.0096,-75.1803, , 
 ,50790,2013065453,6,67,67301,2013,6,7,830,8,1,1,0,7,2, , ,N,2,2,0,3,0,1,1,1,N,N,40 01:45.922,75 11:20.353,837, ,835,1,1,2,Y, ,3,N, , , , ,591056, , , ,1,1,0,0,0,0,0,0,0,0,0,1,1,0,0,0,0,0,0,0,0,0,0,0,0,0,0,0,0,0,0,0,0,0,0,4,0,40.0294,-75.189, , 
 ,50791,2013076384,6,67,67301,2013,7,6,1241,12,1,1,0,1,1, , ,N,0,0,0,3,0,1,6,2,N,N,39 59:15.987,75 05:22.566,1250, ,1248, ,0, ,N, ,0, , , , , ,591074, , , ,2,1,0,0,0,0,1,0,0,0,0,0,1,1,0,0,0,0,0,0,0,0,0,0,0,0,0,0,0,0,0,0,0,0,0,8,0,39.9878,-75.0896, , 
 ,50792,2013099772,6,67,67301,2013,10,6,1835,18,3,1,0,1,1, , ,N,0,0,0,3,0,1,5,4,N,N,39 57:29.569,75 09:55.416,1840, ,1835, ,0, ,N, ,0, , , , , ,591090, , , ,4,2,0,0,0,0,2,0,0,0,0,0,1,1,0,0,0,0,0,0,0,0,0,0,0,0,0,0,0,0,0,0,0,0,0,8,0,39.9582,-75.1654, , 
 ,50793,2013101190,6,67,67301,2013,9,3,1430,14,1,1,0,4,3, , ,N,1,3,0,3,0,2,2,2,N,N,40 04:28.167,75 10:21.014,1505, ,1455, ,0, ,N, ,3, , , , , ,591093, , , ,2,1,0,0,0,0,0,1,0,0,0,2,2,0,0,0,0,0,0,0,0,0,0,0,0,0,0,0,0,0,0,0,0,0,0,4,0,40.0745,-75.1725, , 
 ,50794,2013093676,6,67,67301,2013,9,7,2121,21,3,1,0,7,4, , ,N,0,0,0,3,0,0,1,1,N,N,39 57:40.904,75 10:55.195,2128, ,2121,1,1,4,N, ,0,N, , , , ,588247, , , ,1,1,0,0,0,0,0,0,0,0,0,0,0,0,0,0,0,0,0,0,0,0,0,0,0,0,0,0,0,0,0,0,0,0,0,0,0,39.9614,-75.182, , 
 ,50795,2013096819,6,67,67301,2013,9,7,2045,20,3,1,0,2,1, , ,N,1,2,0,3,0,1,2,2,N,N,39 59:06.525,75 09:35.319,2055, ,2050,1,1,3,N, ,3,Y, , , , ,588251, , , ,2,0,0,0,0,0,0,1,0,0,0,0,1,1,0,0,0,0,0,1,0,0,0,0,0,0,0,0,0,0,0,0,0,0,0,8,0,39.9851,-75.1598, , 
 ,50796,2013062511,6,67,67301,2013,5,4,1820,18,1,1,0,4,1, , ,N,3,2,0,3,0,0,2,2,N, ,39 59:15.720,75 12:58.139,1825, ,1822,1,1,2, , ,3,N, , , , ,588269, , , ,2,1,0,0,0,0,1,0,0,0,0,0,0,0,0,0,0,0,0,0,1,0,0,0,0,0,0,0,0,0,0,0,0,0,0,0,0,39.9877,-75.2161, , 
 ,50797,2013065397,6,67,67301,2013,5,6,1610,16,1,1,0,8,1, , ,N,1,2,0,3,0,1,3,2,N, ,39 57:15.869,75 09:47.496,1622, ,1613, ,0, , , ,3, , , , , ,588270, , , ,1,1,0,0,0,0,0,0,0,0,0,0,1,1,0,0,0,0,0,0,0,0,0,0,0,0,0,0,0,0,0,0,1,0,0,8,0,39.9544,-75.1631, , 
 ,50798,2013070460,6,67,67301,2013,6,7,1151,11,1,1,0,1,6, , ,N,0,0,0,3,0,0,2,3,N,N,40 01:13.264,75 03:14.569,1156, ,1154, ,0, ,N, ,0, , , , , ,588278, , , ,3,1,0,0,0,0,2,0,0,0,0,0,0,0,0,0,0,0,0,0,0,0,1,0,0,0,0,0,0,0,0,0,0,0,0,0,0,40.0204,-75.054, , 
 ,50799,2013074737,6,67,67301,2013,6,2,645,6,1,1,0,4,1, , ,N,1,3,0,3,0,0,2,2,N,N,40 03:23.540,75 10:44.216,720, ,716, ,0, , , ,3, , , , , ,588282, , , ,2,2,0,0,0,0,0,0,0,0,0,0,0,0,0,0,0,0,0,0,0,0,0,0,0,0,0,0,0,0,0,0,0,0,0,0,0,40.0565,-75.1789, , 
 ,50800,2013081731,6,67,67301,2013,8,2,1448,14,1,1,0,1,1, , ,N,0,0,0,3,0,1,2,2,N,N,39 57:31.573,75 10:08.200,1547, ,1533, ,0, ,N, ,0, , , , , ,588288, , , ,2,2,0,0,0,0,0,0,0,0,0,1,1,0,0,0,0,0,0,0,0,0,0,0,0,0,0,0,0,0,0,0,0,0,0,4,0,39.9588,-75.1689, , 
 ,50801,2013101794,6,67,67301,2013,9,3,1727,17,1,1,0,8,1, , ,N,1,2,0,3,0,1,2,2,N,N,39 59:07.310,75 09:40.971,1740, ,1727, ,0, , , ,3, , , , , ,588303, , , ,1,0,1,0,0,0,0,0,0,1,0,0,1,0,0,0,0,0,0,0,0,0,0,0,0,0,0,0,0,0,0,0,1,0,1,2,0,39.9854,-75.1614, , 
 ,50802,2013093161,6,67,67301,2013,8,1,1930,19,3,1,0,4,1, , ,N,2,2,0,3,0,0,2,2,N,N,40 00:21.969,75 11:16.284,2003, ,2001, ,0, ,N, ,3, , , , , ,588317, , , ,2,2,0,0,0,0,0,0,0,0,0,0,0,0,0,0,0,0,0,0,0,0,0,0,0,0,0,0,0,0,0,0,0,0,0,0,0,40.0061,-75.1879, , 
 ,50803,2013095021,6,67,67301,2013,9,3,230,2,3,1,0,7,5, , ,N,1,2,0,3,0,1,1,1,N,N,39 59:05.784,75 09:29.717,232, ,230, ,0, ,N, ,3, , , , , ,588318, , , ,1,1,0,0,0,0,0,0,0,0,0,0,1,1,0,0,0,0,0,0,0,0,0,0,0,0,0,0,0,0,0,0,0,0,0,8,0,39.9849,-75.1583, , 
 ,50804,2013101050,6,67,67301,2013,9,6,855,8,3,1,0,6,1, , ,N,1,2,0,3,0,2,3,2,N, ,39 59:45.293,75 05:31.432,900, ,855, ,0, , , ,3, , , , , ,588324, , , ,2,1,0,0,0,0,0,1,0,0,0,2,2,0,0,0,0,0,0,0,0,0,0,0,0,0,0,0,0,0,0,0,0,0,0,4,0,39.9959,-75.0921, , 
 ,50805,2013101242,6,67,67301,2013,9,1,1145,11,1,1,0,4,1, , ,N,1,3,0,3,0,0,3,2,N,N,39 59:56.680,75 10:10.631,1458, ,1458, ,0, , , ,3, , , , , ,588325, , , ,2,2,0,0,0,0,0,0,0,0,0,0,0,0,1,0,0,0,0,0,1,0,0,0,0,0,0,0,0,0,0,0,0,0,0,9,0,39.9991,-75.1696, , 
 ,50806,2013101733,6,67,67301,2013,8,7,2000,20,3,1,0,8,1, , ,N,0,0,0,3,0,1,2,2,N,N,40 00:34.815,75 08:51.680,2043, ,2041, ,0, ,N, ,0, , , , , ,588326, , , ,1,1,0,0,0,0,0,0,0,0,0,0,1,1,0,0,0,0,0,0,1,0,0,0,0,0,0,0,0,0,0,0,1,0,0,8,0,40.0097,-75.1477, , 
 ,50807,2013106701,6,67,67301,2013,9,5,1045,10,1,1,0,8,1, , ,N,1,2,0,3,0,1,2,2,N,N,39 56:59.816,75 10:08.819,1450, ,1436, ,0, ,N, ,3, , , , , ,588332, , , ,1,1,0,0,0,0,0,0,0,0,0,0,1,1,0,0,0,0,0,0,0,0,0,0,0,0,0,0,0,0,0,0,1,0,0,8,0,39.9499,-75.1691, , 
 ,50808,2013062665,6,67,67301,2013,5,1,854,8,1,1,0,6,7, , ,N,2,2,2,3,0,2,6,3,N,N,40 00:01.228,75 05:01.679,856, ,854,1,1,1,N, ,3,N, , , , ,588363, , , ,3,3,0,0,0,0,0,0,0,0,1,1,2,0,0,0,0,0,0,0,1,0,0,2,0,0,0,0,0,0,0,0,0,0,0,3,0,40.0003,-75.0837, , 
 ,50809,2013075137,6,67,67301,2013,6,4,1920,19,1,1,0,4,1, , ,N,1,0,0,3,0,1,2,2,N,N,40 00:56.408,75 08:24.331,1938, ,1933, ,0, ,N, ,0, , , , , ,588374, , , ,1,1,0,0,0,0,0,0,1,0,0,1,1,0,0,0,0,0,0,0,0,0,0,0,0,0,0,0,0,0,0,0,0,0,0,4,0,40.0157,-75.1401, , 
 ,50810,2013086766,6,67,67301,2013,8,3,130,1,3,1,0,7,7, , ,N,7,0,2,3,0,0,1,1,N, ,39 57:46.416,75 10:42.726,144, ,143,5,2,3, , ,0,Y, , , , ,588388, , , ,1,1,0,0,0,0,0,0,0,0,0,0,0,0,0,0,0,0,0,0,0,0,0,0,0,0,0,0,0,0,0,0,0,0,0,0,0,39.9629,-75.1784, , 
 ,50811,2013063312,6,67,67301,2013,6,5,1232,12,1,1,0,1,1, , ,N,0,0,0,3,0,1,3,2,N,N,39 58:14.711,75 11:35.302,1236, ,1232,1,2,3,N, ,0,N, , , , ,588401, , , ,2,2,0,0,0,0,0,0,0,0,0,1,1,0,0,0,0,0,0,0,0,0,0,0,0,0,0,0,0,0,0,0,0,0,0,4,0,39.9708,-75.1931, , 
 ,50812,2013065351,6,67,67301,2013,5,5,1810,18,1,2,1,7,5, , ,N,0,0,0,3,0,0,1,1,N, ,40 02:43.745,75 14:54.165,1915, ,1915, ,0, , , ,0, , , , , ,588413, , , ,1,1,0,0,0,0,0,0,0,0,0,0,0,0,0,0,0,0,0,0,0,0,0,0,0,0,0,0,0,0,0,0,0,0,0,0,0,40.0455,-75.2484, , 
 ,50813,2013084034,6,67,67301,2013,6,5,1208,12,1,1,0,4,1, , ,N,0,0,7,3,0,1,4,3,N,N,40 00:07.547,75 09:24.506,1211, ,1209,9,2,6,N, ,0,Y, , , , ,582685, , , ,3,3,0,0,0,0,0,0,0,0,0,1,1,0,0,0,0,0,0,0,0,0,0,0,0,0,0,0,0,0,0,0,0,0,0,4,0,40.0021,-75.1568, , 
 ,50814,2013084413,6,67,67301,2013,7,2,2150,21,3,1,0,4,1, , ,N,1,2,0,3,0,0,2,2,N,N,39 57:14.245,75 10:35.797,2157, ,2152, ,0, ,N, ,3, , , , , ,582686, , , ,2,2,0,0,0,0,0,0,0,0,0,0,0,0,0,0,0,0,0,0,1,0,0,0,0,0,0,0,0,0,0,0,0,0,0,0,0,39.954,-75.1767, , 
 ,50815,2013094766,6,67,67301,2013,6,3,1802,18,1,9,0,1,1, , ,N,1,3,0,3,0,1,1,2,N,N,39 59:22.038,75 06:38.739,0, ,0, ,0, ,Y, ,3, , , , , ,582694, , , ,2,1,0,0,0,0,0,0,0,0,1,0,1,0,0,0,0,0,0,0,0,0,0,0,0,0,0,0,0,0,0,0,0,0,0,3,0,39.9895,-75.1108, , 
 ,50816,2013098516,6,67,67301,2013,9,1,204,2,3,2,1,7,2, , ,N,0,0,0,3,0,1,1,1,N,N,39 58:51.956,75 12:23.332,228, ,222, ,0, ,N, ,0, , , , , ,582698, , , ,1,1,0,0,0,0,0,0,0,0,0,1,1,0,0,0,0,0,0,0,0,0,0,0,0,0,0,0,0,0,0,0,0,0,0,4,0,39.9811,-75.2065, , 
 ,50817,2013112348,6,67,67301,2013,10,6,1835,18,3,2,1,4,1, , ,N,5,2,0,3,0,1,3,2,N, ,40 00:17.776,75 10:43.375,1840, ,1835,9,1,5, , ,3,N, , , , ,582710, , , ,2,1,0,0,1,0,0,0,0,0,0,1,1,0,0,0,0,0,0,0,0,0,0,0,0,0,0,0,0,0,0,0,0,0,0,4,0,40.005,-75.1786, , 
 ,50818,2013065368,6,67,67301,2013,5,1,1645,16,1,2,1,7,4, , ,N,0,0,0,3,0,0,1,1,N,N,40 03:27.565,75 12:00.115,1655, ,1650, ,0, ,N, ,0, , , , , ,582719, , , ,1,1,0,0,0,0,0,0,0,0,0,0,0,0,0,0,0,0,0,0,1,0,0,0,0,0,0,0,0,0,0,0,0,0,0,0,0,40.0577,-75.2, , 
 ,50819,2013091195,6,67,67301,2013,7,1,541,5,5,1,0,7,5, , ,N,0,0,0,3,0,1,1,1,N,N,39 57:49.456,75 11:02.877,617, ,607,2,1,4,N, ,0,N, , , , ,582748, , , ,1,1,0,0,0,0,0,0,0,0,1,0,1,0,0,0,0,0,0,0,0,0,0,0,0,0,0,0,0,0,0,0,0,0,0,3,0,39.9637,-75.1841, , 
 ,50820,2013093119,6,67,67301,2013,8,7,1405,14,1,1,0,4,1, , ,N,2,0,7,3,0,0,3,2,N,N,40 06:37.877,75 01:28.898,1415, ,1412, ,0, ,N, ,0, , , , , ,582751, , , ,2,1,0,0,1,0,0,0,0,0,0,0,0,0,0,0,0,0,0,0,0,0,1,0,0,0,0,0,0,0,0,0,0,0,0,0,0,40.1105,-75.0247, , 
 ,50821,2013096002,6,67,67301,2013,8,2,1008,10,1,1,0,4,1, , ,N,2,0,0,3,0,1,2,2,N, ,40 02:33.077,75 04:27.822,1055, ,1050, ,0, , , ,0, , , , , ,582755, , , ,1,1,0,0,0,0,0,0,1,0,0,1,1,0,0,0,0,0,0,0,0,0,0,0,0,0,0,0,0,0,0,0,0,0,0,4,0,40.0425,-75.0744, , 
 ,50822,2013101134,6,67,67301,2013,9,5,945,9,1,1,0,5,1, , ,N,3,0,0,3,0,0,3,3,N,N,39 58:15.736,75 10:03.853,1023, ,1014,2,2,2,N, ,0,Y, , , , ,582757, , , ,3,1,0,1,1,0,0,0,0,0,0,0,0,0,0,0,0,0,0,0,2,0,0,0,0,0,0,0,0,0,0,0,0,0,0,0,1,39.971,-75.1677, , 
 ,50823,2013055307,6,67,67301,2013,5,4,1426,14,1,1,0,4,1, , ,N,1,2,0,3,0,1,3,2,N,N,39 57:32.806,75 09:29.825,1451, ,1448,2,1,4,N, ,3,N, , , , ,582766, , , ,2,2,0,0,0,0,0,0,0,0,0,1,1,0,0,0,0,0,0,0,0,0,0,0,0,0,0,0,0,0,0,0,0,0,0,4,0,39.9591,-75.1583, , 
 ,50824,2013062613,6,67,67301,2013,5,7,2210,22,3,2,1,4,1, , ,N,0,0,7,3,0,1,3,2,N, ,40 03:25.255,75 00:49.788,2319, ,2309, ,0, , , ,0, , , , , ,582772, , , ,2,2,0,0,0,0,0,0,0,0,0,1,1,0,0,0,0,0,0,0,0,0,0,0,0,0,0,0,0,0,0,0,0,0,0,4,0,40.057,-75.0138, , 
 ,50825,2013083964,6,67,67301,2013,7,3,1920,19,1,1,0,8,1, , ,N,0,0,0,3,0,1,2,2,N, ,39 57:14.112,75 13:45.393,9999, ,1920, ,0, , , ,0, , , , , ,582802, , , ,1,1,0,0,0,0,0,0,0,0,0,0,1,1,0,0,0,0,0,0,0,0,0,0,0,0,0,0,0,0,0,0,1,0,0,8,0,39.9539,-75.2293, , 
 ,50826,2013086868,6,67,67301,2013,7,4,1551,15,1,1,0,4,1, , ,N,3,3,0,3,0,1,4,2,N,N,40 03:22.262,75 01:41.903,1555, ,1553, ,0, ,N, ,3, , , , , ,582803, , , ,2,2,0,0,0,0,0,0,0,0,0,0,1,1,0,0,1,0,0,0,0,0,0,0,0,0,0,0,0,0,0,0,0,0,0,8,0,40.0562,-75.0283, , 