wz_ln_closure,objectid_1,crn,district,county,municipality,crash_year,crash_month,day_of_week,time_of_day,hour_of_day,illumination,weather,road_condition,collision_type,relation_to_road,work_zone_type,work_zone_loc,work_zone_ind,intersect_type,tcd_type,location_type,urban_rural,fatal_count,injury_count,person_count,total_units,sch_bus_ind,sch_zone_ind,latitude,longitude,arrival_tm,cons_zone_spd_lim,dispatch_tm,est_hrs_closed,lane_closed,ln_close_dir,ntfy_hiwy_maint,spec_juris_cd,tcd_func_cd,tfc_detour_ind,workers_pres,wz_close_detour,wz_flagger,wz_law_offcr_ind,objectid,wz_moving,wz_other,wz_shlder_mdn,vehicle_count,automobile_count,motorcycle_count,bus_count,small_truck_count,heavy_truck_count,suv_count,van_count,bicycle_count,maj_inj_count,mod_inj_count,min_inj_count,tot_inj_count,unk_inj_deg_count,unk_inj_per_count,driver_count_16yr,driver_count_17yr,driver_count_18yr,driver_count_19yr,driver_count_20yr,driver_count_50_64yr,driver_count_65_74yr,driver_count_75plus,unbelted_occ_count,unb_death_count,unb_maj_inj_count,belted_death_count,belted_maj_inj_count,mcycle_death_count,mcycle_maj_inj_count,bicycle_death_count,bicycle_maj_inj_count,ped_count,ped_death_count,ped_maj_inj_count,max_severity_level,comm_veh_count,dec_lat,dec_long,rdwy_surf_type_cd,county_name
 ,50827,2013055528,6,67,67301,2013,5,5,2119,21,3,1,0,2,1, , ,N,1,2,0,3,0,1,3,2,N, ,39 57:00.784,75 14:13.909,2153, ,2152,3,1,3,N, ,3,N, , , , ,582814, , , ,2,1,0,0,0,0,1,0,0,0,0,1,1,0,0,0,0,0,0,0,0,0,0,0,0,0,0,0,0,0,0,0,0,0,0,4,0,39.9502,-75.2372, , 
 ,50828,2013074665,6,67,67301,2013,5,3,1140,11,1,2,1,8,1, , ,N,1,2,0,3,0,1,3,2,N, ,40 00:26.697,75 08:12.693,1310, ,1304, ,0, , , ,3, , , , , ,582825, , , ,1,0,0,0,0,0,1,0,0,0,1,0,1,0,0,0,0,0,0,0,0,0,0,2,0,0,0,0,0,0,0,0,1,0,0,3,0,40.0074,-75.1368, , 
 ,50829,2013109552,6,67,67301,2013,10,1,1620,16,1,1,0,1,1, , ,N,0,0,0,3,0,2,6,3,N,N,39 57:32.340,75 10:14.386,1626, ,1620, ,0, ,N, ,0, , , , , ,582855, , , ,3,2,0,0,0,0,1,0,0,0,0,2,2,0,2,0,0,0,0,0,0,0,0,0,0,0,0,0,0,0,0,0,0,0,0,4,0,39.959,-75.1707, , 
 ,50830,2013058714,6,67,67301,2013,6,1,1247,12,1,1,0,1,1, , ,N,0,0,0,3,0,0,3,3,N,N,39 58:37.252,75 11:56.491,1254, ,1249, ,0, ,N, ,0, , , , , ,582860, , , ,3,2,0,0,1,0,0,0,0,0,0,0,0,0,0,0,0,0,0,0,0,0,0,0,0,0,0,0,0,0,0,0,0,0,0,0,0,39.977,-75.199, , 
 ,50831,2013079993,6,67,67301,2013,7,5,1024,10,1,1,1,1,1, , ,N,0,0,0,3,0,2,3,2,N,N,40 02:47.446,75 07:41.826,1024, ,1024, ,0, ,N, ,0, , , , , ,582866, , , ,2,1,0,0,0,0,1,0,0,0,0,2,2,0,0,0,0,0,0,0,1,0,0,2,0,0,0,0,0,0,0,0,0,0,0,4,0,40.0465,-75.1283, , 
 ,50832,2013070178,6,67,67301,2013,6,3,1950,19,4,2,1,7,4, , ,N,1,2,0,3,0,1,1,1,N, ,39 57:41.043,75 08:53.373,2015, ,2005, ,0, , , ,3, , , , , ,585428, , , ,1,0,0,0,0,0,1,0,0,0,0,1,1,0,0,0,0,0,0,0,0,0,0,0,0,0,0,0,0,0,0,0,0,0,0,4,0,39.9614,-75.1482, , 
 ,50833,2013070363,6,67,67301,2013,5,1,2320,23,3,6,1,4,1, , ,N,1,2,0,3,0,2,2,2,N, ,40 06:17.915,75 00:06.176,2330, ,2325,1,1,1, , ,3,Y, , , , ,585429, , , ,2,1,0,0,1,0,0,0,0,0,0,2,2,0,0,0,0,0,0,0,1,0,0,0,0,0,0,0,0,0,0,0,0,0,0,4,0,40.1048,-75.0016, , 
 ,50834,2013077248,6,67,67301,2013,7,4,1728,17,1,1,0,1,1, , ,N,0,0,0,3,0,0,3,3,N,N,40 01:35.538,75 01:36.471,1735, ,1728,1,2,2,Y, ,0,N, , , , ,585433, , , ,3,2,0,0,0,0,1,0,0,0,0,0,0,0,0,0,0,0,0,0,0,0,0,0,0,0,0,0,0,0,0,0,0,0,0,0,0,40.0265,-75.0268, , 
 ,50835,2013086817,6,67,67301,2013,8,1,1630,16,1,1,0,4,1, , ,N,1,2,0,3,0,1,2,2,N,N,39 59:48.427,75 06:12.178,1637, ,1633, ,0, ,N, ,3, , , , , ,585441, , , ,1,1,0,0,0,0,0,0,1,0,0,0,1,1,0,0,0,0,0,0,0,0,0,0,0,0,0,0,0,0,0,0,0,0,0,8,0,39.9968,-75.1034, , 
 ,50836,2013086967,6,67,67301,2013,7,1,1658,16,1,2,1,8,1, , ,N,1,2,0,3,0,1,2,2,N, ,39 57:06.266,75 09:29.838,1703, ,1702, ,0, , , ,3, , , , , ,585442, , , ,1,1,0,0,0,0,0,0,0,0,0,0,1,1,0,0,0,0,0,0,0,0,0,0,0,0,0,0,0,0,0,0,1,0,0,8,0,39.9517,-75.1582, , 
 ,50837,2013101166,6,67,67301,2013,9,6,2014,20,3,1,0,7,5, , ,N,2,1,0,3,0,1,1,1,N,N,40 03:16.012,74 59:39.101,2020, ,2015, ,0, ,N, ,3, , , , , ,585454, , , ,1,1,0,0,0,0,0,0,0,0,0,0,1,1,0,0,0,0,0,0,1,0,0,0,0,0,0,0,0,0,0,0,0,0,0,8,0,40.0544,-74.9942, , 
 ,50838,2013101194,6,67,67301,2013,8,7,1130,11,1,1,0,4,1, , ,N,2,0,0,3,0,0,3,2,N,N,40 01:49.663,75 09:37.655,1205, ,1200, ,0, ,N, ,0, , , , , ,585455, , , ,2,2,0,0,0,0,0,0,0,0,0,0,0,0,0,0,0,0,0,0,0,0,0,0,0,0,0,0,0,0,0,0,0,0,0,0,0,40.0305,-75.1605, , 
 ,50839,2013065528,6,67,67301,2013,5,3,40,0,3,1,0,1,6, , ,N,0,0,0,3,0,1,3,2,N,N,40 00:45.459,75 09:39.603,50, ,45, ,0, ,N, ,0, , , , , ,585457, , , ,2,2,0,0,0,0,0,0,0,0,0,1,1,0,0,0,0,0,0,0,0,0,0,1,0,0,0,0,0,0,0,0,0,0,0,4,0,40.0126,-75.161, , 
 ,50840,2013077667,6,67,67301,2013,7,4,2010,20,3,1,0,7,1, , ,N,0,8,0,3,0,0,1,1,N,N,39 58:36.537,75 06:47.402,2040, ,2030,4,2,5,N, ,3,Y, , , , ,585467, , , ,1,0,0,0,0,1,0,0,0,0,0,0,0,0,0,0,0,0,0,0,1,0,0,0,0,0,0,0,0,0,0,0,0,0,0,0,1,39.9768,-75.1132, , 
 ,50841,2013079435,6,67,67301,2013,7,3,1849,18,1,1,0,8,1, , ,N,0,0,0,3,0,1,2,2,N,N,39 57:06.220,75 13:52.046,1904, ,1903,1,2,2,N, ,0,Y, , , , ,585479, , , ,1,1,0,0,0,0,0,0,0,0,0,0,1,1,0,0,0,0,0,0,0,0,0,0,0,0,0,0,0,0,0,0,1,0,0,8,0,39.9517,-75.2311, , 
 ,50842,2013079477,6,67,67301,2013,7,4,1826,18,1,1,0,8,2, , ,N,1,3,0,3,0,1,2,2,N,N,39 57:50.580,75 12:08.819,1853, ,1852, ,0, ,N, ,3, , , , , ,585480, , , ,1,0,0,0,0,0,0,1,0,0,0,1,1,0,0,0,0,0,0,0,0,0,0,0,0,0,0,0,0,0,0,0,1,0,0,4,0,39.9641,-75.2024, , 
 ,50843,2013084425,6,67,67301,2013,7,6,2155,21,3,1,0,4,1, , ,N,1,3,0,3,0,1,4,2,N,N,40 01:40.752,75 03:26.701,2157, ,155, ,0, ,N, ,3, , , , , ,585485, , , ,2,1,0,0,1,0,0,0,0,1,0,0,1,0,0,0,1,0,0,0,0,0,0,1,0,0,0,0,0,0,0,0,0,0,0,2,0,40.028,-75.0574, , 
N,50844,2013086538,6,67,67301,2013,8,7,1407,14,1,1,0,1,1,1,4,Y,6,3,2,3,0,1,3,2,N,N,40 01:14.657,75 02:34.057,1450,25,1432, ,0, ,N, ,3, ,Y,N,N,N,585487,N,Y,N,2,2,0,0,0,0,0,0,0,0,0,1,1,0,0,0,0,0,0,0,1,0,0,0,0,0,0,0,0,0,0,0,0,0,0,4,0,40.0207,-75.0428, , 
 ,50845,2013064676,6,67,67301,2013,5,5,2104,21,3,1,0,4,1, , ,N,1,1,0,3,0,2,3,2,N,N,40 00:04.594,75 13:35.224,2108, ,2104, ,0, ,N, ,3, , , , , ,585515, , , ,2,1,0,0,0,0,1,0,0,0,0,2,2,0,0,0,0,0,0,0,0,0,1,0,0,0,0,0,0,0,0,0,0,0,0,4,0,40.0012,-75.2264, , 
 ,50846,2013070165,6,67,67301,2013,6,1,2244,22,3,1,0,1,1, , ,N,2,2,0,3,0,1,3,2,N,N,40 04:30.980,75 00:05.525,2248, ,2246, ,0, ,N, ,3, , , , , ,585522, , , ,2,2,0,0,0,0,0,0,0,0,0,1,1,0,0,0,0,0,0,0,1,0,0,3,0,0,0,0,0,0,0,0,0,0,0,4,0,40.0751,-75.0015, , 
 ,50847,2013070522,6,67,67301,2013,5,7,952,9,1,1,0,4,1, , ,N,1,2,0,3,0,1,2,2,N, ,40 06:13.309,74 59:00.376,952, ,952, ,0, , , ,3, , , , , ,585523, , , ,2,1,0,0,1,0,0,0,0,0,0,1,1,0,0,0,0,0,0,0,1,0,1,0,0,0,0,0,0,0,0,0,0,0,0,4,0,40.1037,-74.9834, , 
 ,50848,2013079667,6,67,67301,2013,8,2,1529,15,1,1,0,1,1, , ,N,0,0,0,3,0,0,3,2,N,N,39 53:56.974,75 10:28.999,1544, ,1530, ,0, ,N, ,0, , , , , ,585533, , , ,2,2,0,0,0,0,0,0,0,0,0,0,0,0,0,0,0,0,0,1,0,0,0,0,0,0,0,0,0,0,0,0,0,0,0,0,0,39.8992,-75.1747, , 
 ,50849,2013083356,6,46,46102,2013,8,3,1112,11,1,1,0,1,1, , ,N,1,2,0,3,0,1,3,2,N,N,40 04:18.194,75 09:14.605,1119, ,1115,1,1,4,N, ,3,N, , , , ,585535, , , ,2,0,0,0,0,0,1,1,0,0,0,0,1,1,0,0,0,0,0,0,1,0,0,0,0,0,0,0,0,0,0,0,0,0,0,8,0,40.0717,-75.1541, , 
 ,50850,2013077409,6,67,67301,2013,6,6,1557,15,1,1,0,4,1, , ,N,1,3,0,3,0,1,2,2,N, ,39 58:37.516,75 08:43.033,1635, ,1630, ,0, , , ,3, , , , , ,591100, , , ,1,0,0,0,0,0,1,0,1,1,0,0,1,0,0,0,0,0,0,0,0,0,0,0,0,0,0,0,0,0,0,1,0,0,0,2,0,39.9771,-75.1453, , 
 ,50851,2013079554,6,67,67301,2013,7,1,1712,17,1,1,0,7,1, , ,N,0,0,0,3,0,1,1,1,N,N,40 00:58.713,75 10:31.752,1730, ,1722,1,1,2,N, ,0,N, , , , ,591102, , , ,1,1,0,0,0,0,0,0,0,0,0,0,1,1,0,0,0,0,0,0,1,0,0,0,0,0,0,0,0,0,0,0,0,0,0,8,0,40.0163,-75.1755, , 
 ,50852,2013086963,6,67,67301,2013,7,2,1524,15,1,1,0,1,1, , ,N,1,2,0,3,0,1,2,2,N,N,39 57:15.935,75 12:18.018,1526, ,1524, ,0, , , ,3, , , , , ,591111, , , ,1,1,0,0,0,0,0,0,1,0,0,1,1,0,0,0,0,0,0,0,0,0,0,0,0,0,0,0,0,0,0,0,0,0,0,4,0,39.9544,-75.205, , 
 ,50853,2013101258,6,67,67301,2013,9,7,945,9,1,1,0,5,1, , ,N,2,3,0,3,0,1,2,2,N,N,39 55:08.032,75 09:25.001,955, ,951, ,0, ,N, ,3, , , , , ,591125, , , ,1,0,0,0,0,0,0,0,1,0,0,1,1,0,0,0,0,0,0,0,0,0,0,0,0,0,0,0,0,0,0,0,0,0,0,4,0,39.9189,-75.1569, , 
 ,50854,2013111756,6,67,67301,2013,10,7,104,1,3,1,0,6,1, , ,N,1,2,0,3,0,3,3,2,N,N,40 01:33.550,75 07:19.144,114, ,104,1,1,2,N, ,3,Y, , , , ,591137, , , ,2,1,0,0,0,0,1,0,0,0,0,3,3,0,0,0,0,0,0,0,0,0,0,0,0,0,0,0,0,0,0,0,0,0,0,4,0,40.026,-75.122, , 
 ,50855,2013093674,6,67,67301,2013,9,6,1945,19,3,1,0,0,1, , ,N,0,0,0,3,0,0,2,2,N,N,40 00:18.503,75 04:33.074,1945, ,1945,1,1,2,N, ,0,N, , , , ,591178, , , ,2,2,0,0,0,0,0,0,0,0,0,0,0,0,0,0,0,0,0,0,0,0,0,0,0,0,0,0,0,0,0,0,0,0,0,0,0,40.0051,-75.0759, , 
 ,50856,2013094788,6,67,67301,2013,8,7,2020,20,1,9,0,7,5, , ,N,0,0,0,3,0,1,1,2,N,N,39 55:07.664,75 12:26.676,0, ,0, ,0, ,N, ,0, , , , , ,591180, , , ,1,0,0,0,1,0,0,0,0,0,0,0,1,1,0,0,0,0,0,0,1,0,0,0,0,0,0,0,0,0,0,0,0,0,0,8,0,39.9185,-75.2082, , 
 ,50857,2013065541,6,67,67301,2013,5,2,1627,16,1,1,0,5,1, , ,N,0,0,0,3,0,1,2,2,N,N,39 57:30.788,75 13:32.551,1722, ,1721, ,0, ,N, ,0, , , , , ,591196, , , ,2,2,0,0,0,0,0,0,0,0,0,0,1,1,0,0,0,0,0,0,0,1,0,0,0,0,0,0,0,0,0,0,0,0,0,8,0,39.9586,-75.2257, , 
 ,50858,2013079664,6,67,67301,2013,7,4,731,7,1,1,0,4,4, , ,N,0,0,0,3,0,0,2,2,N,N,40 00:10.024,75 11:40.037,747, ,738, ,0, ,N, ,0, , , , , ,591203, , , ,2,1,0,0,0,0,1,0,0,0,0,0,0,0,0,0,0,0,0,0,0,0,0,0,0,0,0,0,0,0,0,0,0,0,0,0,0,40.0028,-75.1945, , 
 ,50859,2013080066,6,67,67301,2013,7,1,745,7,3,1,0,1,1, , ,N,1,4,0,3,0,1,3,2,N,N,39 53:23.412,75 14:00.414,855, ,840, ,0, ,N, ,3, , , , , ,591209, , , ,2,1,0,0,0,0,1,0,0,0,0,0,1,1,0,0,0,0,0,0,0,0,0,0,0,0,0,0,0,0,0,0,0,0,0,8,0,39.8898,-75.2334, , 
 ,50860,2013093081,6,67,67301,2013,8,5,1712,17,1,1,0,8,1, , ,N,0,0,0,3,0,1,2,2,N, ,39 57:17.103,75 09:53.304,1735, ,1724,1,2,2, , ,0,N, , , , ,591255, , , ,1,0,0,0,0,0,0,1,0,0,0,0,1,1,0,0,0,0,0,0,0,1,0,0,0,0,0,0,0,0,0,0,1,0,0,8,0,39.9548,-75.1648, , 
 ,50861,2013095997,6,67,67301,2013,8,1,1645,16,1,1,0,8,1, , ,N,1,2,0,3,0,1,2,2,N,N,40 02:23.373,75 08:40.028,1700, ,1700, ,0, ,N, ,3, , , , , ,591260, , , ,1,1,0,0,0,0,0,0,0,0,0,1,1,0,0,0,0,0,0,0,0,0,0,0,0,0,0,0,0,0,0,0,1,0,0,4,0,40.0398,-75.1445, , 
 ,50862,2013096116,6,67,67301,2013,8,6,203,2,3,1,0,7,2, , ,N,0,0,1,3,0,1,1,1,N,N,40 01:33.829,75 05:47.563,208, ,206,9,1,3,N, ,0,N, , , , ,591261, , , ,1,0,0,0,0,0,0,1,0,0,0,1,1,0,0,0,0,0,0,0,0,0,0,0,0,0,0,0,0,0,0,0,0,0,0,4,0,40.0261,-75.0965, , 
 ,50863,2013096462,6,67,67301,2013,8,4,1147,11,1,2,1,7,2, , ,N,0,0,0,3,0,1,1,1,N, ,39 55:15.922,75 11:42.974,1152, ,1649,1,1,4, , ,0,N, , , , ,591262, , , ,1,1,0,0,0,0,0,0,0,0,1,0,1,0,0,0,0,0,0,0,0,0,0,0,0,0,0,0,0,0,0,0,0,0,0,3,0,39.9213,-75.193, , 
 ,50864,2013097558,6,67,67301,2013,9,7,245,2,3,1,0,1,1, , ,N,0,0,0,3,0,2,3,2,N,N,39 55:37.054,75 11:42.490,257, ,248,1,1,3,N, ,0,N, , , , ,591263, , , ,2,1,0,0,0,0,1,0,0,0,0,1,2,1,0,0,0,0,0,0,0,0,0,2,0,0,0,0,0,0,0,0,0,0,0,4,0,39.927,-75.1951, , 
 ,50865,2013077423,6,67,67301,2013,6,1,203,2,8,9,8,0,1, , ,N,0,0,0,3,0,1,1,1,N,N,39 55:05.206,75 09:06.606,204, ,203, ,0, ,N, ,0, , , , , ,591294, , , ,1,0,1,0,0,0,0,0,0,0,1,0,1,0,0,0,0,0,0,0,0,0,0,0,0,0,0,0,0,0,0,0,0,0,0,3,0,39.9181,-75.1518, , 
 ,50866,2013084147,6,67,67301,2013,8,6,748,7,1,1,0,8,1, , ,N,0,0,0,3,0,0,2,2,N,N,40 00:14.636,75 11:40.776,748, ,748,1,1,4,N, ,0,N, , , , ,591299, , , ,2,1,0,0,0,1,0,0,0,0,0,0,0,0,0,0,0,0,0,0,0,0,0,0,0,0,0,0,0,0,0,0,0,0,0,0,1,40.0041,-75.1947, , 
 ,50867,2013080021,6,67,67301,2013,7,4,1228,12,1,1,0,4,1, , ,N,0,0,7,3,0,1,3,2,Y, ,39 55:04.998,75 14:42.064,1237, ,1237,1,2,3, , ,0,N, , , , ,591307, , , ,2,1,0,1,0,0,0,0,0,0,0,1,1,0,0,0,0,0,0,0,0,0,0,0,0,0,0,0,0,0,0,0,0,0,0,4,1,39.9181,-75.245, , 
 ,50868,2013070995,6,67,67301,2013,5,3,1630,16,1,2,1,2,1, , ,N,0,0,0,3,0,7,7,3,N,N,40 02:08.392,75 11:20.354,1637, ,1632,2,2,5,N, ,0,Y, , , , ,588420, , , ,3,3,0,0,0,0,0,0,0,0,0,7,7,0,0,0,0,0,0,0,0,1,0,0,0,0,0,0,0,0,0,0,0,0,0,4,0,40.0357,-75.189, , 
 ,50869,2013079512,6,67,67301,2013,7,7,529,5,1,1,0,4,1, , ,N,1,3,0,3,0,0,2,2,N,N,39 57:37.092,75 08:20.094,535, ,530,2,1,3, , ,3,N, , , , ,588429, , , ,2,2,0,0,0,0,0,0,0,0,0,0,0,0,0,0,0,0,0,0,1,0,0,0,0,0,0,0,0,0,0,0,0,0,0,0,0,39.9603,-75.1389, , 
 ,50870,2013086223,6,67,67301,2013,7,3,1221,12,1,1,0,4,1, , ,N,1,2,0,3,0,0,3,2,N,N,39 57:48.112,75 11:14.766,1237, ,1233, ,0, ,N, ,3, , , , , ,588438, , , ,2,2,0,0,0,0,0,0,0,0,0,0,0,0,0,0,0,0,0,0,0,0,0,0,0,0,0,0,0,0,0,0,0,0,0,0,0,39.9634,-75.1874, , 
 ,50871,2013059006,6,67,67301,2013,5,3,1718,17,1,6,1,1,1, , ,N,0,0,0,3,0,1,2,2,N,N,39 59:48.497,75 04:55.868,1727, ,1726, ,0, ,N, ,0, , , , , ,588456, , , ,2,1,0,0,0,0,1,0,0,0,0,1,1,0,0,0,0,1,0,0,0,0,0,0,0,0,0,0,0,0,0,0,0,0,0,4,0,39.9967,-75.0823, , 
 ,50872,2013070440,6,67,67301,2013,6,7,1545,15,1,1,0,1,1, , ,N,0,0,0,3,0,1,2,2,N,N,39 59:30.947,75 08:18.964,1738, ,1728, ,0, ,N, ,0, , , , , ,588463, , , ,2,2,0,0,0,0,0,0,0,0,1,0,1,0,1,0,0,0,0,0,0,0,0,0,0,0,0,0,0,0,0,0,0,0,0,3,0,39.9919,-75.1386, , 
 ,50873,2013077386,6,67,67301,2013,6,7,2140,21,3,1,0,4,1, , ,N,5,2,0,3,0,5,8,2,N, ,39 59:15.093,75 10:42.149,2145, ,2142, ,0, , , ,3, , , , , ,588469, , , ,2,2,0,0,0,0,0,0,0,0,0,5,5,0,0,0,0,0,1,0,0,0,0,0,0,0,0,0,0,0,0,0,0,0,0,4,0,39.9875,-75.1784, , 
 ,50874,2013101080,6,67,67301,2013,9,2,1830,18,1,1,0,1,1, , ,N,1,0,0,3,0,1,2,2,N,N,40 01:36.217,75 03:22.736,1915, ,1915,1,1,4,N, ,0,N, , , , ,588492, , , ,2,2,0,0,0,0,0,0,0,0,0,1,1,0,1,0,0,0,0,0,0,1,0,0,0,0,0,0,0,0,0,0,0,0,0,4,0,40.0267,-75.0563, , 
 ,50875,2013101087,6,67,67301,2013,9,2,1055,10,1,1,0,4,1, , ,N,2,0,0,3,0,2,2,2,N, ,39 57:15.358,75 08:22.158,1105, ,1059, ,0, , , ,0, , , , , ,588493, , , ,2,2,0,0,0,0,0,0,0,0,0,1,2,1,0,0,0,0,0,0,1,0,0,0,0,0,0,0,0,0,0,0,0,0,0,4,0,39.9543,-75.1395, , 
 ,50876,2013070904,6,67,67301,2013,6,3,2345,23,3,1,0,5,6, , ,N,0,0,0,3,0,0,1,3,N, ,39 58:43.509,75 14:08.726,35, ,21, ,0, , , ,0, , , , , ,588511, , , ,3,1,0,0,1,0,1,0,0,0,0,0,0,0,0,0,0,0,0,0,0,0,0,0,0,0,0,0,0,0,0,0,0,0,0,0,0,39.9788,-75.2358, , 
 ,50877,2013101104,6,67,67301,2013,9,2,1543,15,1,1,0,1,1, , ,N,1,2,0,3,0,1,3,2,N, ,40 02:08.080,75 07:25.889,9999, ,9999, ,0, , , ,3, , , , , ,588530, , , ,2,2,0,0,0,0,0,0,0,0,0,1,1,0,0,0,0,0,0,0,0,0,0,0,0,0,0,0,0,0,0,0,0,0,0,4,0,40.0356,-75.1239, , 
 ,50878,2013065036,6,67,67301,2013,6,3,1903,19,1,1,0,1,1, , ,N,0,0,0,3,0,1,2,2,N,N,40 00:28.434,75 12:07.989,1909, ,1905, ,0, ,N, ,0, , , , , ,588549, , , ,2,2,0,0,0,0,0,0,0,0,0,1,1,0,1,0,0,0,0,0,0,0,0,0,0,0,0,0,0,0,0,0,0,0,0,4,0,40.0079,-75.2022, , 
 ,50879,2013077371,6,67,67301,2013,7,4,909,9,1,1,0,4,1, , ,N,1,3,0,3,0,0,2,2,N,N,39 56:57.040,75 14:29.126,911, ,910, ,0, ,N, ,3, , , , , ,588561, , , ,2,1,0,0,1,0,0,0,0,0,0,0,0,0,0,0,0,0,0,0,0,0,0,0,0,0,0,0,0,0,0,0,0,0,0,0,0,39.9492,-75.2414, , 
 ,50880,2013080164,6,67,67301,2013,8,5,945,9,1,2,1,4,1, , ,N,0,0,0,3,0,1,2,2,N,N,39 57:25.267,75 09:19.555,955, ,945,1,1,4,N, ,0,N, , , , ,588562, , , ,2,1,0,0,0,0,0,1,0,0,0,0,1,1,0,0,0,0,0,0,0,0,0,0,0,0,0,0,0,0,0,0,0,0,0,8,0,39.957,-75.1554, , 
 ,50881,2013086773,6,67,67301,2013,8,2,1330,13,1,1,0,8,1, , ,N,0,0,0,3,0,1,2,2,N,N,39 55:57.169,75 11:07.220,1410, ,1404, ,0, ,N, ,0, , , , , ,588567, , , ,1,0,0,0,0,0,0,0,0,0,0,1,1,0,0,0,0,0,0,0,0,0,0,0,0,0,0,0,0,0,0,0,1,0,0,4,0,39.9325,-75.1853, , 
 ,50882,2013086958,6,67,67301,2013,7,4,1854,18,1,1,0,4,1, , ,N,1,0,0,3,0,2,3,2,N,N,39 57:23.835,75 08:45.196,1907, ,901, ,0, ,N, ,0, , , , , ,588568, , , ,2,2,0,0,0,0,0,0,0,0,0,0,2,2,0,0,0,0,0,0,0,0,0,0,0,0,0,0,0,0,0,0,0,0,0,8,0,39.9566,-75.1459, , 
 ,50883,2013066752,6,67,67301,2013,3,6,620,6,1,1,0,8,1, , ,N,1,2,0,3,0,1,2,3,N,N,39 59:52.878,75 07:31.459,0, ,0, ,0, ,N, ,3, , , , , ,588596, , , ,1,0,0,0,0,0,1,0,0,0,1,0,1,0,0,0,0,0,0,0,0,0,0,0,0,0,0,0,0,0,0,0,1,0,0,3,0,39.998,-75.1254, , 
 ,50884,2013070917,6,67,67301,2013,6,3,900,9,1,1,0,8,1, , ,N,1,2,0,3,0,1,2,2,N,N,39 59:34.764,75 09:35.009,1009, ,1007, ,0, ,N, ,3, , , , , ,588598, , , ,1,1,0,0,0,0,0,0,0,0,0,0,1,1,0,0,0,0,0,0,0,0,0,0,0,0,0,0,0,0,0,0,1,0,0,8,0,39.993,-75.1597, , 
 ,50885,2013074698,6,67,67301,2013,6,4,1630,16,1,1,0,1,1, , ,N,0,0,0,3,0,1,5,4,N,N,39 56:40.192,75 10:21.151,1650, ,1650, ,0, ,N, ,0, , , , , ,588604, , , ,4,3,0,0,1,0,0,0,0,0,0,1,1,0,0,0,0,0,0,0,1,0,0,0,0,0,0,0,0,0,0,0,0,0,0,4,0,39.9445,-75.1725, , 
 ,50886,2013079518,6,67,67301,2013,7,1,1500,15,1,1,0,4,1, , ,N,2,0,0,3,0,1,2,2,N,N,39 55:07.028,75 08:37.895,1525, ,1515, ,0, ,N, ,0, , , , , ,588606, , , ,2,1,1,0,0,0,0,0,0,0,0,1,1,0,0,0,0,0,0,0,0,0,0,0,0,0,0,0,0,0,0,0,0,0,0,4,0,39.9186,-75.1439, , 
 ,50887,2013086798,6,67,67301,2013,8,1,642,6,1,1,0,4,1, , ,N,1,3,0,3,0,1,2,2,N,N,40 02:54.250,75 08:15.521,645, ,642, ,0, ,N, ,3, , , , , ,582874, , , ,2,2,0,0,0,0,0,0,0,0,0,1,1,0,0,0,0,0,0,0,0,0,0,0,0,0,0,0,0,0,0,0,0,0,0,4,0,40.0484,-75.1376, , 
 ,50888,2013098369,6,67,67301,2013,8,5,1525,15,1,1,0,4,1, , ,N,1,2,0,3,0,1,2,2,N, ,39 57:39.193,75 08:36.072,1536, ,1531, ,0, , , ,3, , , , , ,582883, , , ,1,1,0,0,0,0,0,0,1,0,0,1,1,0,0,0,0,0,0,0,1,0,0,0,0,0,0,0,0,0,0,0,0,0,0,4,0,39.9608,-75.1435, , 
 ,50889,2013101020,6,67,67301,2013,9,4,1745,17,1,1,0,7,2, , ,N,0,0,0,3,0,0,2,1,N, ,40 06:17.279,74 59:34.543,1750, ,1745,3,1,4, , ,0,N, , , , ,582887, , , ,1,0,0,0,0,0,1,0,0,0,0,0,0,0,0,0,0,0,0,0,0,0,0,0,0,0,0,0,0,0,0,0,0,0,0,0,0,40.1048,-74.9929, , 
 ,50890,2013101737,6,67,67301,2013,9,4,1044,10,1,1,0,1,1, , ,N,1,2,0,3,0,1,3,2,N,N,39 59:42.795,75 08:22.405,1049, ,1045, ,0, ,N, ,3, , , , , ,582888, , , ,2,2,0,0,0,0,0,0,0,0,0,0,1,1,0,0,0,1,0,0,0,0,0,0,0,0,0,0,0,0,0,0,0,0,0,8,0,39.9952,-75.1396, , 
 ,50891,2013083984,6,67,67301,2013,7,2,9999,99,1,1,0,4,1, , ,N,1,3,0,3,0,2,2,2,N,N,40 03:23.540,75 10:44.216,9999, ,9999, ,0, ,N, ,9, , , , , ,582940, , , ,2,2,0,0,0,0,0,0,0,0,0,2,2,0,0,0,0,0,0,0,0,0,0,0,0,0,0,0,0,0,0,0,0,0,0,4,0,40.0565,-75.1789, , 
 ,50892,2013098435,6,67,67301,2013,9,1,1630,16,1,1,0,1,1, , ,N,1,2,0,3,0,1,4,3,N,N,40 00:27.560,75 09:05.322,1644, ,1631,2,1,1,N, ,3,Y, , , , ,582953, , , ,3,2,0,0,0,0,1,0,0,0,0,0,1,1,0,0,0,0,0,0,0,0,0,0,0,0,0,0,0,0,0,0,0,0,0,8,0,40.0077,-75.1515, , 
 ,50893,2013062576,6,67,67301,2013,5,5,1448,14,1,1,0,2,1, , ,N,0,0,7,3,0,1,3,2,N,N,40 07:43.418,75 01:26.662,1505, ,1500,1,1,3,N, ,0,Y, , , , ,582955, , , ,2,0,0,0,0,0,1,1,0,0,0,1,1,0,0,0,0,0,0,0,0,0,0,0,0,0,0,0,0,0,0,0,0,0,0,4,0,40.1287,-75.0241, , 