wz_ln_closure,objectid_1,crn,district,county,municipality,crash_year,crash_month,day_of_week,time_of_day,hour_of_day,illumination,weather,road_condition,collision_type,relation_to_road,work_zone_type,work_zone_loc,work_zone_ind,intersect_type,tcd_type,location_type,urban_rural,fatal_count,injury_count,person_count,total_units,sch_bus_ind,sch_zone_ind,latitude,longitude,arrival_tm,cons_zone_spd_lim,dispatch_tm,est_hrs_closed,lane_closed,ln_close_dir,ntfy_hiwy_maint,spec_juris_cd,tcd_func_cd,tfc_detour_ind,workers_pres,wz_close_detour,wz_flagger,wz_law_offcr_ind,objectid,wz_moving,wz_other,wz_shlder_mdn,vehicle_count,automobile_count,motorcycle_count,bus_count,small_truck_count,heavy_truck_count,suv_count,van_count,bicycle_count,maj_inj_count,mod_inj_count,min_inj_count,tot_inj_count,unk_inj_deg_count,unk_inj_per_count,driver_count_16yr,driver_count_17yr,driver_count_18yr,driver_count_19yr,driver_count_20yr,driver_count_50_64yr,driver_count_65_74yr,driver_count_75plus,unbelted_occ_count,unb_death_count,unb_maj_inj_count,belted_death_count,belted_maj_inj_count,mcycle_death_count,mcycle_maj_inj_count,bicycle_death_count,bicycle_maj_inj_count,ped_count,ped_death_count,ped_maj_inj_count,max_severity_level,comm_veh_count,dec_lat,dec_long,rdwy_surf_type_cd,county_name
 ,50960,2013086902,6,67,67301,2013,8,5,1515,15,1,2,1,4,1, , ,N,1,3,0,3,0,1,2,2,N, ,40 00:32.007,75 05:09.160,1548, ,1544, ,0, , , ,3, , , , , ,583039, , , ,1,1,0,0,0,0,0,0,1,0,0,0,1,1,0,0,0,0,0,0,0,0,0,0,0,0,0,0,0,0,0,0,0,0,0,8,0,40.0089,-75.0859, , 
 ,50961,2013096055,6,67,67301,2013,8,2,2110,21,3,1,0,7,2, , ,N,1,0,0,3,0,1,1,1,N,N,39 58:04.602,75 09:11.329,2121, ,2116, ,0, ,N, ,0, , , , , ,583043, , , ,1,1,0,0,0,0,0,0,0,0,1,0,1,0,0,0,1,0,0,0,0,0,0,0,0,0,0,0,0,0,0,0,0,0,0,3,0,39.9679,-75.1531, , 
 ,50962,2013077894,6,67,67301,2013,7,2,803,8,1,2,1,4,1, , ,N,2,3,0,3,0,1,2,2,N,N,39 55:44.706,75 10:24.956,808, ,806, ,0, ,N, ,3, , , , , ,583074, , , ,2,1,0,0,0,0,0,1,0,0,0,1,1,0,0,0,0,0,0,0,0,1,1,0,0,0,0,0,0,0,0,0,0,0,0,4,0,39.9291,-75.1736, , 
 ,50963,2013079601,6,67,67301,2013,7,1,1200,12,1,1,0,4,1, , ,N,0,0,7,3,0,0,4,2,N,N,40 03:32.356,75 01:53.482,1205, ,1200, ,0, ,N, ,0, , , , , ,583076, , , ,2,2,0,0,0,0,0,0,0,0,0,0,0,0,0,0,0,0,0,1,0,0,0,4,0,0,0,0,0,0,0,0,0,0,0,0,0,40.059,-75.0315, , 
 ,50964,2013053000,6,67,67301,2013,4,7,1545,15,1,1,0,6,1, , ,N,1,0,0,3,0,0,1,4,N, ,39 56:41.474,75 14:39.627,1558, ,1554, ,0, , , ,0, , , , , ,583103, , , ,4,2,0,0,0,0,2,0,0,0,0,0,0,0,1,0,0,0,0,0,0,0,0,0,0,0,0,0,0,0,0,0,0,0,0,9,0,39.9449,-75.2443, , 
 ,50965,2013079996,6,67,67301,2013,7,3,105,1,3,1,0,6,6, , ,N,0,0,0,3,0,0,1,5,N,N,40 02:15.334,75 07:25.107,119, ,117, ,0, ,N, ,0, , , , , ,583122, , , ,5,3,0,0,1,0,1,0,0,0,0,0,0,0,0,0,0,0,0,0,0,0,0,0,0,0,0,0,0,0,0,0,0,0,0,0,0,40.0376,-75.1236, , 
 ,50966,2013082163,6,67,67301,2013,8,6,1757,17,1,1,1,7,4, , ,N,0,0,0,3,0,1,1,1,N,N,40 00:03.087,75 11:42.134,1806, ,1758,2,1,3,N, ,0,N, , , , ,583125, , , ,1,0,0,0,0,0,1,0,0,0,1,0,1,0,0,0,0,0,0,0,1,0,0,0,0,0,0,0,0,0,0,0,0,0,0,3,0,40.0009,-75.195, , 
 ,50967,2013096075,6,67,67301,2013,8,6,1430,14,1,1,0,4,1, , ,N,1,2,0,3,0,1,2,2,N,N,40 01:40.752,75 03:26.701,1530, ,1525, ,0, ,N, ,3, , , , , ,583139, , , ,2,2,0,0,0,0,0,0,0,0,1,0,1,0,0,0,0,0,0,0,0,0,0,0,0,0,0,0,0,0,0,0,0,0,0,3,0,40.028,-75.0574, , 
 ,50968,2013077544,6,67,67301,2013,7,2,728,7,1,1,0,4,1, , ,N,2,2,0,3,0,2,5,3,N,N,40 04:41.204,75 01:25.042,729, ,729,2,2,3,N, ,3,Y, , , , ,583166, , , ,3,1,0,0,0,1,1,0,0,0,0,2,2,0,0,0,0,0,0,0,1,0,0,0,0,0,0,0,0,0,0,0,0,0,0,4,1,40.078,-75.0237, , 
 ,50969,2013079539,6,67,67301,2013,7,2,1330,13,1,1,0,8,5, , ,N,0,0,0,3,0,2,3,3,N,N,39 58:46.034,75 10:03.198,1430, ,1430, ,0, ,N, ,0, , , , , ,583168, , , ,1,0,0,0,1,0,0,0,0,0,0,2,2,0,0,0,0,0,0,0,0,0,0,0,0,0,0,0,0,0,0,0,2,0,0,4,0,39.9795,-75.1676, , 
 ,50970,2013088109,6,67,67301,2013,8,1,202,2,3,1,0,7,2, , ,N,1,2,0,3,0,1,1,1,N,N,39 57:34.106,75 13:59.495,202, ,202, ,0, ,N, ,3, , , , , ,583180, , , ,1,1,0,0,0,0,0,0,0,0,1,0,1,0,0,0,0,0,1,0,0,0,0,0,0,0,0,0,0,0,0,0,0,0,0,3,0,39.9595,-75.2332, , 
 ,50971,2013093117,6,67,67301,2013,8,3,1425,14,1,1,0,4,1, , ,N,0,0,0,3,0,1,3,2,N, ,40 01:39.155,75 03:44.395,1430, ,1430, ,0, , , ,0, , , , , ,583185, , , ,1,0,0,0,0,0,1,0,1,0,0,1,1,0,0,0,0,0,0,0,0,1,0,0,0,0,0,0,0,0,0,0,0,0,0,4,0,40.0275,-75.0623, , 
 ,50972,2013065555,6,67,67301,2013,5,5,2025,20,2,1,0,5,2, , ,N,0,0,0,3,0,1,1,2,N,N,39 59:29.738,75 10:21.500,2059, ,2055, ,0, ,N, ,0, , , , , ,583196, , , ,2,1,0,0,0,0,1,0,0,0,0,0,1,1,0,0,0,0,0,0,0,0,0,0,0,0,0,0,0,0,0,0,0,0,0,8,0,39.9916,-75.1726, , 
 ,50973,2013096068,6,67,67301,2013,8,6,2118,21,3,1,0,5,1, , ,N,0,0,7,3,0,1,2,2,N,N,40 02:06.437,75 04:08.017,2125, ,2119,1,1,1,N, ,0,N, , , , ,583217, , , ,2,1,0,0,1,0,0,0,0,0,0,1,1,0,0,0,0,0,0,0,0,0,0,0,0,0,0,0,0,0,0,0,0,0,0,4,0,40.0351,-75.0689, , 
 ,50974,2013098400,6,67,67301,2013,9,7,1650,16,1,1,0,8,1, , ,N,2,0,0,3,0,1,4,2,N,N,39 59:43.382,75 07:45.839,1659, ,1659, ,0, ,N, ,0, , , , , ,583220, , , ,1,1,0,0,0,0,0,0,0,0,0,1,1,0,0,0,0,0,0,0,0,0,0,0,0,0,0,0,0,0,0,0,1,0,0,4,0,39.9954,-75.1294, , 
 ,50975,2013106710,6,67,67301,2013,9,2,1604,16,1,1,0,4,1, , ,N,0,0,7,3,0,1,2,2,N, ,40 00:41.781,75 05:23.150,1712, ,1707, ,0, , , ,0, , , , , ,583230, , , ,1,0,0,0,0,0,0,1,1,0,0,1,1,0,0,0,0,0,0,0,0,0,0,0,0,0,0,0,0,0,0,0,0,0,0,4,0,40.0116,-75.0898, , 
 ,50976,2013067169,6,67,67301,2013,1,2,730,7,5,1,0,4,1, , ,N,0,0,0,3,0,1,2,2,N,N,39 57:25.503,75 09:07.895,0, ,0, ,0, ,N, ,0, , , , , ,583251, , , ,2,1,0,0,0,0,0,0,0,0,0,0,1,1,1,0,0,0,0,0,0,0,0,0,0,0,0,0,0,0,0,0,0,0,0,8,0,39.9571,-75.1522, , 
 ,50977,2013062628,6,46,46102,2013,5,4,1730,17,1,1,0,4,1, , ,N,2,3,0,3,0,2,3,3,N,N,40 04:32.687,75 09:40.548,1742, ,1738, ,0, , , ,3, , , , , ,585751, , , ,3,2,0,0,1,0,0,0,0,0,1,1,2,0,0,0,0,0,0,0,1,1,0,0,0,0,0,0,0,0,0,0,0,0,0,3,0,40.0757,-75.1613, , 
 ,50978,2013063128,6,67,67301,2013,5,6,2139,21,3,1,1,1,1, , ,N,0,0,0,3,0,2,7,3,N,N,40 06:36.358,74 59:39.408,2142, ,2140,1,1,2,N, ,0,N, , , , ,585764, , , ,3,3,0,0,0,0,0,0,0,0,0,2,2,0,0,0,0,0,0,0,1,0,0,0,0,0,0,0,0,0,0,0,0,0,0,4,0,40.1101,-74.9943, , 
 ,50979,2013074749,6,67,67301,2013,6,5,310,3,3,1,0,5,6, , ,N,0,0,0,3,0,1,1,3,N,N,40 04:50.819,75 02:10.600,330, ,320, ,0, , , ,0, , , , , ,585776, , , ,3,3,0,0,0,0,0,0,0,0,0,1,1,0,0,0,0,0,0,0,0,0,0,0,0,0,0,0,0,0,0,0,0,0,0,4,0,40.0808,-75.0363, , 
 ,50980,2013076377,6,67,67301,2013,7,3,1133,11,1,1,0,1,1, , ,N,0,0,0,3,0,0,6,3,N,N,39 57:35.911,75 10:42.928,1134, ,1133,2,1,4,N, ,0,N, , , , ,585778, , , ,3,1,0,0,0,0,1,1,0,0,0,0,0,0,1,0,0,0,0,0,1,1,0,0,0,0,0,0,0,0,0,0,0,0,0,9,0,39.96,-75.1786, , 
 ,50981,2013077470,6,67,67301,2013,6,6,1922,19,1,1,1,8,1, , ,N,1,3,0,3,0,1,2,2,N,N,39 55:56.560,75 10:59.073,1944, ,1941, ,0, ,N, ,3, , , , , ,585779, , , ,1,1,0,0,0,0,0,0,0,0,0,0,1,1,1,0,0,0,0,0,0,1,0,0,0,0,0,0,0,0,0,0,1,0,0,8,0,39.9324,-75.1831, , 
 ,50982,2013086904,6,67,67301,2013,8,5,1500,15,1,2,1,4,1, , ,N,2,2,0,3,0,0,2,2,N, ,39 56:03.465,75 09:02.912,1506, ,1502, ,0, ,N, ,3, , , , , ,585791, , , ,2,1,0,0,0,0,1,0,0,0,0,0,0,0,0,0,0,0,0,0,1,0,0,0,0,0,0,0,0,0,0,0,0,0,0,0,0,39.9343,-75.1508, , 
 ,50983,2013066507,6,67,67301,2013,6,6,706,7,1,1,0,1,1, , ,N,0,0,0,3,0,2,6,5,N,N,39 58:23.698,75 11:37.555,714, ,707,1,2,4,N, ,0,N, , , , ,585805, , , ,5,4,0,0,0,0,1,0,0,0,0,0,2,2,0,0,0,0,0,0,1,0,0,0,0,0,0,0,0,0,0,0,0,0,0,8,0,39.9732,-75.1938, , 
 ,50984,2013062548,6,67,67301,2013,5,5,1450,14,1,1,0,7,2, , ,N,0,0,0,3,0,1,1,1,N, ,39 59:44.962,75 08:14.719,1543, ,1543, ,0, , , ,0, , , , , ,585810, , , ,1,1,0,0,0,0,0,0,0,0,0,0,1,1,0,0,0,0,0,0,0,0,0,1,0,0,0,0,0,0,0,0,0,0,0,8,0,39.9958,-75.1374, , 
 ,50985,2013065585,6,67,67301,2013,5,5,1208,12,1,1,0,4,1,8,8,Y,1,0,7,3,0,1,2,2,N,N,40 01:48.733,75 07:06.450,1215,99,1209, ,0, ,N, ,0, ,U, , ,U,585813, , , ,2,0,1,0,0,0,0,1,0,0,1,0,1,0,0,0,0,0,0,0,0,0,0,0,0,0,0,0,0,0,0,0,0,0,0,3,0,40.0302,-75.1185, , 
 ,50986,2013079585,6,67,67301,2013,7,6,1843,18,1,2,1,1,1, , ,N,1,2,0,3,0,1,5,3,N, ,40 06:00.676,75 01:18.249,1845, ,1843, ,0, , , ,3, , , , , ,585824, , , ,3,2,0,0,1,0,0,0,0,0,0,1,1,0,0,0,0,0,0,0,1,1,0,4,0,0,0,0,0,0,0,0,0,0,0,4,0,40.1002,-75.0217, , 
 ,50987,2013079948,6,67,67301,2013,7,5,914,9,1,1,0,4,1, , ,N,1,2,0,3,0,0,3,3,N,N,39 58:38.507,75 13:37.478,929, ,924, ,0, ,N, ,3, , , , , ,585825, , , ,3,1,0,0,0,1,1,0,0,0,0,0,0,0,1,0,0,0,0,0,0,0,0,0,0,0,0,0,0,0,0,0,0,0,0,9,1,39.9774,-75.2271, , 
 ,50988,2013095971,6,67,67301,2013,8,4,9999,99,1,2,1,8,1, , ,N,1,2,0,3,0,1,2,2,N,N,39 58:17.205,75 09:33.736,641, ,638, ,0, ,N, ,3, , , , , ,585836, , , ,1,1,0,0,0,0,0,0,0,0,0,1,1,0,0,0,0,0,0,0,0,0,0,0,0,0,0,0,0,0,0,0,1,0,0,4,0,39.9714,-75.1594, , 
 ,50989,2013101042,6,67,67301,2013,8,4,1354,13,1,2,1,4,1, , ,N,1,3,0,3,0,1,3,2,N, ,40 02:15.871,75 11:45.326,1604, ,1602,2,2,5, , ,3,Y, , , , ,585840, , , ,2,1,0,0,1,0,0,0,0,0,0,0,1,1,1,0,0,0,1,0,1,0,0,0,0,0,0,0,0,0,0,0,0,0,0,8,0,40.0377,-75.1959, , 
 ,50990,2013055412,6,67,67301,2013,5,2,8,0,3,1,0,4,1, , ,N,1,2,0,3,0,1,2,2,N,N,40 01:44.349,75 05:21.034,12, ,8, ,0, ,N, ,3, , , , , ,585847, , , ,2,2,0,0,0,0,0,0,0,0,0,0,1,1,0,0,0,0,0,0,1,0,0,0,0,0,0,0,0,0,0,0,0,0,0,8,0,40.029,-75.0892, , 
 ,50991,2013062979,6,67,67301,2013,6,6,343,3,3,2,1,4,1, , ,N,0,0,0,3,0,1,2,2,N,N,39 58:48.038,75 06:22.075,353, ,345,2,2,2,N, ,0,Y, , , , ,585852, , , ,2,1,0,0,0,1,0,0,0,0,0,0,1,1,0,0,0,0,0,0,0,0,0,0,0,0,0,0,0,0,0,0,0,0,0,8,1,39.98,-75.1061, , 
 ,50992,2013062553,6,67,67301,2013,4,2,1455,14,1,1,0,4,1, , ,N,1,3,0,3,0,1,2,2,N, ,40 01:27.854,75 07:18.339,1546, ,1535, ,0, , , ,3, , , , , ,585859, , , ,2,1,0,0,0,0,1,0,0,0,0,1,1,0,0,0,0,0,0,0,0,1,0,0,0,0,0,0,0,0,0,0,0,0,0,4,0,40.0244,-75.1218, , 
 ,50993,2013062600,6,67,67301,2013,5,4,1352,13,1,1,0,3,1, , ,N,1,2,0,3,0,1,3,2,N,Y,39 55:39.925,75 09:25.621,1359, ,1353, ,0, ,N, ,3, , , , , ,585860, , , ,2,2,0,0,0,0,0,0,0,0,0,0,1,1,0,0,0,0,1,0,0,0,0,0,0,0,0,0,0,0,0,0,0,0,0,8,0,39.9278,-75.1571, , 
 ,50994,2013065539,6,67,67301,2013,6,2,9999,99,1,8,1,1,1, , ,N,1,2,0,3,0,1,2,2,N,N,39 59:23.489,75 07:31.548,1710, ,1700, ,0, ,N, ,3, , , , , ,585862, , , ,2,1,0,0,0,0,1,0,0,0,0,1,1,0,0,0,0,0,0,0,2,0,0,1,0,0,0,0,0,0,0,0,0,0,0,4,0,39.9898,-75.1255, , 
 ,50995,2013082167,6,67,67301,2013,8,1,225,2,3,1,0,7,2, , ,N,0,0,0,3,0,0,1,1,N,N,40 00:21.699,75 11:51.454,230, ,226, ,0, ,N, ,0, , , , , ,591450, , , ,1,1,0,0,0,0,0,0,0,0,0,0,0,0,0,0,0,0,0,0,1,0,0,0,0,0,0,0,0,0,0,0,0,0,0,0,0,40.006,-75.1976, , 
 ,50996,2013084012,6,67,67301,2013,7,7,200,2,3,1,0,7,5, , ,N,2,3,0,3,0,0,1,1,N,N,39 59:55.726,75 09:19.342,210, ,200, ,0, ,N, ,3, , , , , ,591451, , , ,1,1,0,0,0,0,0,0,0,0,0,0,0,0,0,0,0,0,0,0,0,0,0,0,0,0,0,0,0,0,0,0,0,0,0,0,0,39.9988,-75.1554, , 
 ,50997,2013088104,6,67,67301,2013,7,3,1240,12,1,1,0,8,1, , ,N,0,0,0,3,0,1,2,2,N,N,39 58:13.844,75 09:53.303,1251, ,1245, ,0, ,N, ,0, , , , , ,591455, , , ,1,0,0,0,1,0,0,0,0,0,0,1,1,0,0,0,0,0,0,0,1,0,0,0,0,0,0,0,0,0,0,0,1,0,0,4,0,39.9705,-75.1648, , 
 ,50998,2013096034,6,67,67301,2013,8,7,1030,10,1,1,0,1,1, , ,N,1,2,0,3,0,2,4,2,N,N,39 59:42.795,75 08:22.405,1103, ,1044,1,1,1,N, ,3,N, , , , ,591458, , , ,2,0,0,1,1,0,0,0,0,0,0,2,2,0,0,0,0,0,0,0,0,0,0,0,0,0,0,0,0,0,0,0,0,0,0,4,1,39.9952,-75.1396, , 
 ,50999,2013098856,6,67,67301,2013,10,5,635,6,1,1,0,1,1, , ,N,0,0,0,3,0,1,4,2,N,N,39 58:31.982,75 06:58.649,646, ,635,1,2,1,N, ,0,N, , , , ,591461, , , ,2,1,1,0,0,0,0,0,0,0,0,1,1,0,0,0,0,0,0,0,0,0,0,1,0,0,0,0,0,0,0,0,0,0,0,4,0,39.9756,-75.1163, , 
 ,51000,2013080073,6,67,67301,2013,7,7,1510,15,1,1,0,5,1, , ,N,1,2,0,3,0,1,2,2,N, ,39 55:45.667,75 09:00.863,1545, ,1539, ,0, , , ,3, , , , , ,591503, , , ,1,0,0,0,0,0,0,1,1,0,0,1,1,0,0,0,0,0,0,0,1,0,0,0,0,0,0,0,0,0,0,0,0,0,0,4,0,39.9294,-75.1502, , 
 ,51001,2013101222,6,67,67301,2013,9,3,1945,19,1,1,0,5,1, , ,N,3,2,0,3,0,0,2,2,N, ,39 55:05.909,75 12:31.911,2001, ,1946, ,0, , , ,3, , , , , ,591527, , , ,2,1,0,0,0,1,0,0,0,0,0,0,0,0,0,0,0,0,0,0,1,0,0,0,0,0,0,0,0,0,0,0,0,0,0,0,1,39.9182,-75.2088, , 
 ,51002,2013055359,6,67,67301,2013,5,7,1440,14,1,1,0,5,6, , ,N,0,0,0,3,0,1,1,4,N, ,39 57:21.664,75 14:23.964,1452, ,1449,1,2,2, , ,0,Y, , , , ,591538, , , ,4,0,0,0,1,0,2,1,0,0,0,1,1,0,0,0,0,0,0,0,0,1,0,0,0,0,0,0,0,0,0,0,0,0,0,4,0,39.956,-75.24, , 
 ,51003,2013055419,6,67,67301,2013,5,5,0,0,3,1,0,7,5, , ,N,0,0,0,3,0,0,1,1,N, ,40 00:56.463,75 12:32.413,4, ,1, ,0, , , ,0, , , , , ,591539, , , ,1,0,0,0,0,0,1,0,0,0,0,0,0,0,0,0,0,0,0,0,0,0,0,0,0,0,0,0,0,0,0,0,0,0,0,0,0,40.0158,-75.2092, , 
 ,51004,2013055600,6,67,67301,2013,5,7,1321,13,1,1,0,8,1, , ,N,1,2,0,3,0,1,2,2,N, ,40 04:07.165,75 14:25.269,1326, ,1322,1,1,2, , ,3,N, , , , ,591540, , , ,1,1,0,0,0,0,0,0,0,0,1,0,1,0,0,0,0,0,0,0,1,0,0,0,0,0,0,0,0,0,0,0,1,0,0,3,0,40.0687,-75.2404, , 
 ,51005,2013055354,6,67,67301,2013,5,7,700,7,1,1,0,4,1, , ,N,1,2,0,3,0,0,2,3,N,N,39 58:18.518,75 07:33.433,708, ,706, ,0, ,N, ,3, , , , , ,591542, , , ,3,1,0,0,0,0,1,1,0,0,0,0,0,0,0,0,0,0,0,0,0,0,0,0,0,0,0,0,0,0,0,0,0,0,0,0,0,39.9717,-75.1259, , 
 ,51006,2013055574,6,67,67301,2013,5,4,820,8,1,1,0,4,1, , ,N,1,2,0,3,0,1,2,5,N,Y,40 00:17.589,75 09:14.000,830, ,827,2,2,7,N, ,3,Y, , , , ,591543, , , ,5,4,0,0,0,0,1,0,0,0,0,1,1,0,0,0,0,0,0,0,0,0,0,0,0,0,0,0,0,0,0,0,0,0,0,4,0,40.0049,-75.1539, , 
 ,51007,2013063107,6,67,67301,2013,5,7,2330,23,3,1,0,8,1, , ,N,3,2,0,3,0,1,2,2,N,N,40 05:38.581,75 01:51.296,1148, ,1144, ,0, ,N, ,3, , , , , ,591548, , , ,1,1,0,0,0,0,0,0,0,0,0,1,1,0,0,0,0,0,0,0,0,0,0,0,0,0,0,0,0,0,0,0,1,0,0,4,0,40.0941,-75.0309, , 
 ,51008,2013070111,6,67,67301,2013,6,3,2106,21,3,1,1,4,1, , ,N,1,2,0,3,0,4,4,3,N,N,40 02:02.039,75 04:27.141,2108, ,2107,1,1,1,N, ,3,N, , , , ,591557, , , ,3,2,0,0,0,0,0,1,0,0,0,4,4,0,0,0,0,0,0,0,0,0,0,0,0,0,0,0,0,0,0,0,0,0,0,4,0,40.034,-75.0744, , 
 ,51009,2013085874,6,67,67301,2013,8,4,1937,19,1,1,0,0,1, , ,N,0,0,0,3,0,1,2,2,N,N,39 59:02.155,75 15:41.136,1940, ,1937,1,2,2,N, ,0,N, , , , ,591570, , , ,2,1,1,0,0,0,0,0,0,0,0,1,1,0,0,0,0,1,0,0,0,0,0,0,0,0,0,0,0,0,0,0,0,0,0,4,0,39.9839,-75.2614, , 
Y,51010,2013093195,6,67,67301,2013,8,7,2140,21,3,1,0,0,7,1,8,Y,6,4,2,3,0,1,1,1,N,N,40 01:02.805,75 10:23.586,2159,50,2141,1,1,2,N, ,3,N,N, , ,N,591577, , , ,1,0,1,0,0,0,0,0,0,0,0,1,1,0,0,0,0,0,0,0,0,0,0,0,0,0,0,0,0,0,0,0,0,0,0,4,0,40.0179,-75.1717, , 
 ,51011,2013101220,6,67,67301,2013,9,5,1413,14,1,1,0,8,1, , ,N,1,3,0,3,0,1,2,2,N, ,39 56:57.195,75 13:45.112,1419, ,1417, ,0, , , ,3, , , , , ,591582, , , ,1,0,0,0,0,0,1,0,0,0,0,0,1,1,0,0,0,0,0,0,0,1,0,0,0,0,0,0,0,0,0,0,1,0,0,8,0,39.9492,-75.2292, , 
 ,51012,2013080425,6,67,67301,2013,7,4,1645,16,1,1,0,6,1, , ,N,0,0,0,3,0,0,2,2,N,N,40 06:40.250,75 00:05.460,1825, ,1817, ,0, , , ,0, , , , , ,591598, , , ,2,2,0,0,0,0,0,0,0,0,0,0,0,0,0,0,0,0,0,0,1,0,0,0,0,0,0,0,0,0,0,0,0,0,0,0,0,40.1112,-75.0015, , 
 ,51013,2013093187,6,67,67301,2013,8,4,2050,20,3,1,0,4,1, , ,N,1,2,0,3,0,1,2,2,N,N,39 54:58.684,75 10:03.536,2054, ,2052,2,2,3,N, ,3,Y, , , , ,588809, , , ,2,1,0,0,0,0,0,0,0,0,1,0,1,0,0,0,0,1,0,0,0,0,0,0,0,0,0,0,0,0,0,0,0,0,0,3,0,39.9163,-75.1676, , 
 ,51014,2013094719,6,67,67301,2013,6,5,1600,16,1,1,0,1,1, , ,N,1,2,0,3,0,2,3,2,N,N,39 55:20.731,75 13:23.335,0, ,0, ,0, ,Y, ,3, , , , , ,588813, , , ,2,0,0,0,1,0,1,0,0,0,1,0,2,1,1,0,0,0,0,0,1,0,0,0,0,0,0,0,0,0,0,0,0,0,0,3,0,39.9224,-75.2231, , 
 ,51015,2013098397,6,67,67301,2013,9,2,1406,14,1,2,1,2,1, , ,N,0,0,0,3,0,0,4,2,N,N,40 04:23.638,75 03:21.247,1413, ,1411, ,0, ,N, ,0, , , , , ,588816, , , ,2,2,0,0,0,0,0,0,0,0,0,0,0,0,0,0,0,0,1,0,0,0,1,0,0,0,0,0,0,0,0,0,0,0,0,0,0,40.0732,-75.0559, , 
 ,51016,2013104377,6,67,67301,2013,9,3,1045,10,1,1,0,1,1, , ,N,0,0,0,3,0,0,2,2,N, ,39 57:34.581,75 14:28.456,1045, ,1045, ,0, , , ,0, , , , , ,588821, , , ,2,1,0,1,0,0,0,0,0,0,0,0,0,0,0,0,0,0,0,1,0,0,0,1,0,0,0,0,0,0,0,0,0,0,0,0,1,39.9596,-75.2412, , 
N,51017,2013108640,6,67,67301,2013,10,7,1515,15,1,1,0,1,1,1,4,Y,0,0,0,3,0,0,9,6,N,N,40 01:20.691,75 02:14.028,1554,45,1526,2,2,1,N, ,0,N,N,N,N,N,588826,N,N,Y,6,4,0,0,1,0,0,0,0,0,0,0,0,0,1,0,0,0,0,0,1,0,0,0,0,0,0,0,0,0,0,0,0,0,0,9,0,40.0224,-75.0373, , 
 ,51018,2013046303,6,67,67301,2013,4,2,500,5,3,1,0,5,2, , ,N,2,3,0,3,0,0,1,2,N,N,40 02:52.425,75 10:42.513,935, ,928, ,0, ,N, ,3, , , , , ,588830, , , ,2,2,0,0,0,0,0,0,0,0,0,0,0,0,1,0,0,0,0,0,0,0,0,0,0,0,0,0,0,0,0,0,0,0,0,9,0,40.0479,-75.1785, , 
 ,51019,2013053113,6,67,67301,2013,4,4,1414,14,1,1,0,1,1, , ,N,0,0,0,3,0,1,3,3,N,N,40 01:57.070,75 05:02.847,1423, ,1419, ,0, ,N, ,0, , , , , ,588834, , , ,3,3,0,0,0,0,0,0,0,0,0,1,1,0,0,0,0,1,0,0,0,0,0,0,0,0,0,0,0,0,0,0,0,0,0,4,0,40.0325,-75.0841, , 
 ,51020,2013055506,6,67,67301,2013,5,5,1215,12,1,1,0,8,1, , ,N,1,2,0,3,0,1,2,2,N, ,40 06:09.264,75 01:43.891,1225, ,1220, ,0, , , ,3, , , , , ,588838, , , ,1,0,0,0,0,0,1,0,0,0,0,1,1,0,0,0,0,0,0,0,0,0,0,0,0,0,0,0,0,0,0,0,1,0,0,4,0,40.1025,-75.0287, , 
 ,51021,2013055923,6,67,67301,2013,5,6,1500,15,1,1,0,4,1, , ,N,1,3,0,3,0,2,2,2,N,N,40 03:40.060,75 09:42.454,1540, ,1530, ,0, , , ,3, , , , , ,588839, , , ,2,1,0,0,1,0,0,0,0,0,0,2,2,0,0,0,0,0,0,0,0,0,1,0,0,0,0,0,0,0,0,0,0,0,0,4,0,40.0611,-75.1618, , 
 ,51022,2013086760,6,67,67301,2013,7,7,150,1,3,1,0,4,3, , ,N,0,0,0,3,0,0,1,2,N, ,40 01:08.954,75 03:22.912,603, ,600, ,0, , , ,0, , , , , ,588859, , , ,2,2,0,0,0,0,0,0,0,0,0,0,0,0,0,0,0,0,0,0,1,0,0,0,0,0,0,0,0,0,0,0,0,0,0,0,0,40.0192,-75.0564, , 
 ,51023,2013098349,6,67,67301,2013,9,4,1105,11,1,1,0,4,1, , ,N,1,2,0,3,0,1,3,2,N,N,40 01:17.889,75 05:38.539,1112, ,1109,2,1,1,N, ,3,N, , , , ,588871, , , ,2,0,0,0,0,0,2,0,0,0,0,1,1,0,0,0,0,0,0,0,0,0,0,0,0,0,0,0,0,0,0,0,0,0,0,4,0,40.0218,-75.0941, , 
 ,51024,2013093068,6,67,67301,2013,8,1,1640,16,1,1,0,1,1, , ,N,0,0,7,3,0,2,2,2,N, ,40 07:54.816,75 00:38.321,1657, ,1645, ,0, , , ,0, , , , , ,588919, , , ,2,2,0,0,0,0,0,0,0,0,0,0,2,2,0,0,0,0,0,0,1,0,1,0,0,0,0,0,0,0,0,0,0,0,0,8,0,40.1319,-75.0106, , 
 ,51025,2013093087,6,67,67301,2013,8,1,1107,11,1,1,0,7,2, , ,N,0,0,0,3,0,1,1,1,N,N,40 03:49.111,75 03:55.526,1114, ,1111, ,0, ,N, ,0, , , , , ,588920, , , ,1,1,0,0,0,0,0,0,0,0,0,1,1,0,0,0,0,0,0,0,0,0,0,0,0,0,0,0,0,0,0,0,0,0,0,4,0,40.0636,-75.0654, , 
 ,51026,2013062542,6,67,67301,2013,5,3,1531,15,1,2,1,4,1, , ,N,1,3,0,3,0,2,7,2,N,N,39 59:06.021,75 10:14.671,1545, ,1542, ,0, ,N, ,3, , , , , ,588930, , , ,2,2,0,0,0,0,0,0,0,0,0,0,2,2,0,0,0,0,0,0,1,0,0,0,0,0,0,0,0,0,0,0,0,0,0,8,0,39.985,-75.1707, , 