wz_ln_closure,objectid_1,crn,district,county,municipality,crash_year,crash_month,day_of_week,time_of_day,hour_of_day,illumination,weather,road_condition,collision_type,relation_to_road,work_zone_type,work_zone_loc,work_zone_ind,intersect_type,tcd_type,location_type,urban_rural,fatal_count,injury_count,person_count,total_units,sch_bus_ind,sch_zone_ind,latitude,longitude,arrival_tm,cons_zone_spd_lim,dispatch_tm,est_hrs_closed,lane_closed,ln_close_dir,ntfy_hiwy_maint,spec_juris_cd,tcd_func_cd,tfc_detour_ind,workers_pres,wz_close_detour,wz_flagger,wz_law_offcr_ind,objectid,wz_moving,wz_other,wz_shlder_mdn,vehicle_count,automobile_count,motorcycle_count,bus_count,small_truck_count,heavy_truck_count,suv_count,van_count,bicycle_count,maj_inj_count,mod_inj_count,min_inj_count,tot_inj_count,unk_inj_deg_count,unk_inj_per_count,driver_count_16yr,driver_count_17yr,driver_count_18yr,driver_count_19yr,driver_count_20yr,driver_count_50_64yr,driver_count_65_74yr,driver_count_75plus,unbelted_occ_count,unb_death_count,unb_maj_inj_count,belted_death_count,belted_maj_inj_count,mcycle_death_count,mcycle_maj_inj_count,bicycle_death_count,bicycle_maj_inj_count,ped_count,ped_death_count,ped_maj_inj_count,max_severity_level,comm_veh_count,dec_lat,dec_long,rdwy_surf_type_cd,county_name
 ,51093,2013121398,6,67,67301,2013,10,5,605,6,5,1,0,2,6, , ,N,0,0,0,3,0,0,1,4,N,N,40 03:22.759,75 00:09.047,615, ,609, ,0, ,N, ,0, , , , , ,589070, , , ,4,3,0,0,0,0,1,0,0,0,0,0,0,0,0,0,0,0,0,0,0,0,0,1,0,0,0,0,0,0,0,0,0,0,0,0,0,40.0563,-75.0025, , 
 ,51094,2013070141,6,67,67301,2013,6,3,1730,17,1,1,0,4,1, , ,N,2,0,0,3,0,1,3,2,N,N,40 02:18.939,75 04:41.440,1736, ,1734,2,1,1,N, ,0,N, , , , ,589081, , , ,2,1,0,0,1,0,0,0,0,0,0,0,1,1,0,0,0,0,0,0,1,0,0,0,0,0,0,0,0,0,0,0,0,0,0,8,0,40.0386,-75.0782, , 
 ,51095,2013086790,6,67,67301,2013,8,6,1444,14,1,1,0,5,2, , ,N,0,0,0,3,0,1,2,2,N,N,40 04:11.690,75 11:52.810,1600, ,1546, ,0, ,N, ,0, , , , , ,589093, , , ,1,1,0,0,0,0,0,0,1,0,0,0,1,1,0,0,0,0,0,0,0,0,0,0,0,0,0,0,0,0,0,0,0,0,0,8,0,40.0699,-75.198, , 
 ,51096,2013094752,6,67,67301,2013,6,7,2315,23,6,1,0,1,1, , ,N,1,1,0,3,0,2,2,2,N,N,39 57:34.998,75 14:06.748,0, ,0, ,0, ,Y, ,3, , , , , ,589101, , , ,2,2,0,0,0,0,0,0,0,0,0,0,2,2,0,0,0,0,0,0,0,0,0,0,0,0,0,0,0,0,0,0,0,0,0,8,0,39.9597,-75.2352, , 
 ,51097,2013107145,6,67,67301,2013,9,5,2022,20,3,2,1,4,1, , ,N,1,2,0,3,0,1,2,2,N, ,39 59:29.442,75 08:10.101,2028, ,2025, ,0, , , ,3, , , , , ,589106, , , ,1,0,0,0,0,0,1,0,1,0,0,1,1,0,0,0,0,0,0,0,0,0,0,0,0,0,0,0,0,0,0,0,0,0,0,4,0,39.9915,-75.1361, , 
 ,51098,2013111834,6,67,67301,2013,10,3,935,9,1,1,0,4,1, , ,N,1,2,0,3,0,1,3,2,N, ,40 02:11.789,75 03:52.061,936, ,938,2,2,2, , ,3,Y, , , , ,589111, , , ,2,2,0,0,0,0,0,0,0,0,0,0,1,1,0,0,0,0,0,0,0,2,0,0,0,0,0,0,0,0,0,0,0,0,0,8,0,40.0366,-75.0645, , 
 ,51099,2013122947,6,67,67301,2013,10,2,627,6,5,1,0,8,1, , ,N,1,0,0,3,0,1,2,2,N,N,40 02:46.600,75 11:32.477,1940, ,1934, ,0, ,N, ,0, , , , , ,589118, , , ,1,1,0,0,0,0,0,0,0,0,0,1,1,0,0,0,0,0,0,0,0,0,0,0,0,0,0,0,0,0,0,0,1,0,0,4,0,40.0463,-75.1924, , 
 ,51100,2013070446,6,67,67301,2013,6,6,2130,21,3,2,1,4,1, , ,N,1,0,0,3,0,0,2,2,N,N,40 03:20.170,75 10:52.667,9999, ,9999, ,0, ,N, ,0, , , , , ,589123, , , ,2,2,0,0,0,0,0,0,0,0,0,0,0,0,1,0,0,0,0,0,0,0,0,0,0,0,0,0,0,0,0,0,0,0,0,9,0,40.0556,-75.1813, , 
 ,51101,2013073311,6,67,67301,2013,7,6,1845,18,1,2,1,7,4, , ,N,0,0,0,3,0,0,1,1,N,N,39 54:22.560,75 08:59.688,1902, ,1845, ,0, ,Y, ,0, , , , , ,589129, , , ,1,1,0,0,0,0,0,0,0,0,0,0,0,0,0,0,0,0,0,0,0,0,0,0,0,0,0,0,0,0,0,0,0,0,0,0,0,39.9063,-75.1499, , 
 ,51102,2013086853,6,67,67301,2013,8,4,852,8,1,1,0,1,2, , ,N,0,0,0,3,0,2,3,2,N,N,39 55:22.875,75 10:12.135,900, ,52,1,1,2,N, ,0,N, , , , ,589137, , , ,2,2,0,0,0,0,0,0,0,0,0,0,2,2,0,0,0,0,0,0,0,0,0,0,0,0,0,0,0,0,0,0,0,0,0,8,0,39.923,-75.17, , 
 ,51103,2013084430,6,67,67301,2013,7,2,1810,18,1,1,0,1,1, , ,N,0,0,0,3,0,1,3,3,N,N,40 04:08.052,75 04:03.777,1825, ,1812,1,1,3, , ,0,N, , , , ,583365, , , ,3,0,0,0,0,0,2,1,0,0,0,0,1,1,2,0,0,0,0,0,1,0,0,0,0,0,0,0,0,0,0,0,0,0,0,8,0,40.0689,-75.0677, , 
 ,51104,2013086675,6,67,67301,2013,8,3,1845,18,1,1,0,3,1, , ,N,0,0,0,3,0,1,1,4,N,N,40 00:36.885,75 06:22.701,1940, ,1932, ,0, ,N, ,0, , , , , ,583369, , , ,4,3,0,0,0,0,1,0,0,0,0,0,1,1,0,0,0,0,0,0,0,0,0,0,0,0,0,0,0,0,0,0,0,0,0,8,0,40.0102,-75.1063, , 
 ,51105,2013096107,6,67,67301,2013,8,7,1055,10,1,1,0,4,1, , ,N,2,0,0,3,0,1,4,2,N,N,40 01:14.628,75 07:03.158,1058, ,1057, ,0, , , ,0, , , , , ,583380, , , ,2,2,0,0,0,0,0,0,0,0,0,1,1,0,0,0,0,1,0,0,0,0,0,0,0,0,0,0,0,0,0,0,0,0,0,4,0,40.0207,-75.1175, , 
 ,51106,2013070956,6,67,67301,2013,6,3,1355,13,1,2,1,4,1, , ,N,2,3,0,3,0,1,3,2,N, ,40 00:13.294,75 09:23.605,1403, ,1359, ,0, , , ,3, , , , , ,583397, , , ,2,1,0,0,0,0,0,1,0,0,0,1,1,0,1,0,0,0,0,0,0,0,0,0,0,0,0,0,0,0,0,0,0,0,0,4,0,40.0037,-75.1566, , 
Y,51107,2013062213,6,67,67301,2013,3,4,1030,10,1,1,0,7,2,1,4,Y,0,0,0,3,0,0,3,3,N,N,40 01:36.501,75 01:34.715,1051,45,1035,1,1,2,N, ,0,N,Y,N,N,N,583402,N,N,Y,3,3,0,0,0,0,0,0,0,0,0,0,0,0,1,0,0,0,0,0,1,0,0,0,0,0,0,0,0,0,0,0,0,0,0,9,0,40.0268,-75.0263, , 
 ,51108,2013068023,6,67,67301,2013,7,5,1510,15,1,1,0,5,1, , ,N,0,0,0,3,0,0,2,2,N,N,39 58:13.501,75 07:35.806,1510, ,1510, ,0, ,N, ,0, , , , , ,583405, , , ,2,2,0,0,0,0,0,0,0,0,0,0,0,0,0,0,0,1,0,0,0,0,0,0,0,0,0,0,0,0,0,0,0,0,0,0,0,39.9704,-75.1266, , 
 ,51109,2013069102,6,67,67301,2013,7,6,1230,12,1,1,0,1,1, , ,N,0,0,0,3,0,0,4,2,N,N,40 00:25.598,75 11:57.314,1244, ,1233, ,0, ,N, ,0, , , , , ,583407, , , ,2,1,0,0,0,0,1,0,0,0,0,0,0,0,0,0,0,0,0,0,1,0,0,0,0,0,0,0,0,0,0,0,0,0,0,0,0,40.0071,-75.1993, , 
 ,51110,2013101274,6,67,67301,2013,9,7,712,7,1,1,0,8,1, , ,N,1,2,0,3,0,1,2,2,N,N,40 02:01.052,75 02:48.431,727, ,714, ,0, ,N, ,3, , , , , ,583426, , , ,1,1,0,0,0,0,0,0,0,0,0,1,1,0,0,0,0,0,0,0,0,0,0,0,0,0,0,0,0,0,0,0,1,0,0,4,0,40.0336,-75.0468, , 
 ,51111,2013101749,6,67,67301,2013,9,3,9999,99,4,1,0,8,1, , ,N,0,0,0,3,0,1,2,2,N,N,39 57:56.026,75 10:09.868,9999, ,9999,1,2,4,N, ,0,Y, , , , ,583427, , , ,1,1,0,0,0,0,0,0,0,0,0,1,1,0,0,0,0,0,0,0,0,0,0,0,0,0,0,0,0,0,0,0,1,0,0,4,0,39.9656,-75.1694, , 
 ,51112,2013103939,6,67,67301,2013,9,2,925,9,1,1,0,4,1, , ,N,1,2,0,3,0,1,2,2,N,N,40 01:36.580,75 05:52.985,940, ,930,2,1,1,N, ,3,Y, , , , ,583428, , , ,2,1,0,0,0,1,0,0,0,0,0,0,1,1,0,0,0,1,0,0,1,0,0,0,0,0,0,0,0,0,0,0,0,0,0,8,1,40.0268,-75.0981, , 
 ,51113,2013055543,6,67,67301,2013,5,1,2020,20,3,1,0,1,6, , ,N,0,0,0,3,0,3,4,3,N,N,39 55:00.426,75 14:23.373,2028, ,2024, ,0, ,N, ,0, , , , , ,583438, , , ,3,1,0,0,0,0,2,0,0,0,0,3,3,0,0,0,0,0,0,0,0,1,0,0,0,0,0,0,0,0,0,0,0,0,0,4,0,39.9168,-75.2398, , 
 ,51114,2013070250,6,67,67301,2013,6,2,400,4,3,1,0,1,1, , ,N,1,2,0,3,0,2,3,2,N,N,40 00:22.269,75 09:06.895,401, ,400, ,0, ,N, ,3, , , , , ,583446, , , ,2,1,0,0,0,0,0,1,0,0,0,0,2,2,1,0,0,0,0,0,0,0,0,0,0,0,0,0,0,0,0,0,0,0,0,8,0,40.0062,-75.1518, , 
 ,51115,2013070903,6,67,67301,2013,5,4,530,5,3,1,0,5,4, , ,N,0,0,0,3,0,0,1,5,N,N,40 06:04.096,74 59:33.230,537, ,535, ,0, , , ,0, , , , , ,583447, , , ,5,3,0,0,0,0,2,0,0,0,0,0,0,0,0,0,0,0,0,0,0,0,0,0,0,0,0,0,0,0,0,0,0,0,0,0,0,40.1011,-74.9926, , 
 ,51116,2013084016,6,67,67301,2013,6,6,441,4,3,2,1,8,1, , ,N,0,0,0,3,0,1,2,2,N,N,39 59:29.436,75 07:20.766,9999, ,440,3,2,5,N, ,0,Y, , , , ,583460, , , ,1,1,0,0,0,0,0,0,0,1,0,0,1,0,0,0,0,0,0,0,0,0,0,1,0,0,0,0,0,0,0,0,1,0,1,2,0,39.9915,-75.1224, , 
 ,51117,2013084806,6,67,67301,2013,8,3,1143,11,1,1,0,1,1, , ,N,0,0,0,3,0,1,2,2,N,N,39 58:52.862,75 06:08.182,1149, ,1145, ,0, ,N, ,0, , , , , ,583461, , , ,2,1,1,0,0,0,0,0,0,0,1,0,1,0,0,0,0,0,0,0,0,0,0,0,0,0,0,0,0,0,0,0,0,0,0,3,0,39.9813,-75.1024, , 
 ,51118,2013093078,6,67,67301,2013,8,6,1100,11,1,1,0,4,1, , ,N,1,2,0,3,0,1,3,2,N, ,40 03:23.817,75 00:47.353,1111, ,1106,1,1,3, , ,3,N, , , , ,583473, , , ,1,0,0,0,1,0,0,0,1,0,0,1,1,0,0,0,0,0,0,0,1,0,0,0,0,0,0,0,0,0,0,0,0,0,0,4,0,40.0566,-75.0132, , 
 ,51119,2013096123,6,67,67301,2013,9,1,9999,99,3,1,0,8,1, , ,N,0,0,0,3,0,1,2,2,N,N,39 55:15.006,75 09:46.551,2120, ,2114, ,0, ,N, ,0, , , , , ,583476, , , ,1,1,0,0,0,0,0,0,0,0,0,1,1,0,0,0,0,0,0,0,0,0,0,0,0,0,0,0,0,0,0,0,1,0,0,4,0,39.9208,-75.1629, , 
 ,51120,2013065348,6,67,67301,2013,5,1,645,6,3,1,0,1,6, , ,N,0,0,0,3,0,1,1,3,N, ,39 57:20.851,75 14:39.537,900, ,850,1,1,4, , ,0,N, , , , ,583489, , , ,3,2,0,0,0,0,1,0,0,0,0,1,1,0,0,0,0,0,0,0,0,0,0,0,0,0,0,0,0,0,0,0,0,0,0,4,0,39.9558,-75.2443, , 
 ,51121,2013096061,6,67,67301,2013,8,7,2328,23,3,1,0,4,1, , ,N,1,2,0,3,0,1,4,2,N, ,39 57:45.749,75 09:47.159,9999, ,9999, ,0, ,N, ,3, , , , , ,586123, , , ,1,1,0,0,0,0,0,0,1,0,1,0,1,0,0,0,0,0,0,0,0,0,0,3,0,0,0,0,0,0,0,0,0,0,0,3,0,39.9627,-75.1631, , 
 ,51122,2013098347,6,67,67301,2013,9,3,1519,15,1,1,0,4,1, , ,N,1,2,0,3,0,3,4,2,N,N,40 02:07.380,75 02:21.834,1629, ,1624,3,1,4, , ,3,N, , , , ,586126, , , ,2,2,0,0,0,0,0,0,0,0,0,3,3,0,0,0,0,0,0,0,0,0,0,0,0,0,0,0,0,0,0,0,0,0,0,4,0,40.0354,-75.0395, , 
 ,51123,2013101762,6,67,67301,2013,9,7,2110,21,3,1,0,5,1, , ,N,0,0,0,3,0,1,2,2,N, ,39 57:14.886,75 09:47.254,2142, ,2112, ,0, , , ,0, , , , , ,586128, , , ,1,0,0,0,0,0,0,1,1,0,1,0,1,0,0,0,0,0,0,0,0,0,0,0,0,0,0,0,0,0,0,0,0,0,0,3,0,39.9541,-75.1631, , 
 ,51124,2013065466,6,67,67301,2013,6,1,730,7,1,1,0,4,1, , ,N,1,2,0,3,0,1,6,2,N,N,39 54:56.121,75 09:40.915,740, ,735,2,1,4,N, ,3,N, , , , ,586148, , , ,2,1,0,0,0,0,1,0,0,0,0,1,1,0,0,0,0,0,0,0,0,1,0,0,0,0,0,0,0,0,0,0,0,0,0,4,0,39.9155,-75.1615, , 
 ,51125,2013070028,6,67,67301,2013,6,2,1520,15,1,1,1,8,1, , ,N,1,3,0,3,0,1,2,2,N,N,40 02:09.304,75 05:17.282,1528, ,1524, ,0, ,N, ,3, , , , , ,586149, , , ,1,1,0,0,0,0,0,0,0,0,0,0,1,1,0,0,0,0,0,0,0,0,0,0,0,0,0,0,0,0,0,0,1,0,0,8,0,40.0359,-75.0881, , 
 ,51126,2013079444,6,67,67301,2013,7,6,212,2,3,1,0,7,1, , ,N,0,8,0,3,0,2,2,1,N,N,39 55:24.075,75 11:30.663,300, ,247, ,0, ,N, ,3, , , , , ,586156, , , ,1,1,0,0,0,0,0,0,0,0,0,2,2,0,0,0,0,0,0,0,0,0,0,0,0,0,0,0,0,0,0,0,0,0,0,4,0,39.9234,-75.1919, , 
 ,51127,2013086261,6,67,67301,2013,8,2,1612,16,1,1,0,1,1, , ,N,1,2,0,3,0,2,3,3,N,N,39 59:52.878,75 07:31.459,1624, ,1622, ,0, ,N, ,3, , , , , ,586164, , , ,2,2,0,0,0,0,0,0,0,0,1,0,2,1,0,0,0,0,0,0,0,0,0,0,0,0,0,0,0,0,0,0,1,0,0,3,0,39.998,-75.1254, , 
 ,51128,2013065289,6,67,67301,2013,5,6,1712,17,1,1,0,4,1, , ,N,1,2,0,3,0,1,2,2,N,N,39 57:20.586,75 09:58.253,1730, ,1718, ,0, ,N, ,3, , , , , ,586181, , , ,1,0,0,0,0,0,1,0,1,0,0,1,1,0,0,0,0,0,0,0,0,0,0,0,0,0,0,0,0,0,0,0,0,0,0,4,0,39.9557,-75.1662, , 
 ,51129,2013070215,6,67,67301,2013,6,1,2015,20,1,1,0,8,1, , ,N,0,2,0,3,0,1,2,2,N,N,40 02:20.868,75 04:00.946,2020, ,2018, ,0, , , ,3, , , , , ,586185, , , ,1,1,0,0,0,0,0,0,0,0,0,1,1,0,0,0,0,0,0,0,0,0,0,0,0,0,0,0,0,0,0,0,1,0,0,4,0,40.0391,-75.0669, , 
 ,51130,2013072211,6,67,67301,2013,6,3,730,7,1,2,1,1,1, , ,N,1,2,0,3,0,1,4,3,N, ,39 59:35.701,75 08:57.301,730, ,730, ,0, , , ,3, , , , , ,586188, , , ,3,0,0,0,1,0,0,2,0,0,0,1,1,0,0,0,0,0,0,0,1,0,1,0,0,0,0,0,0,0,0,0,0,0,0,4,0,39.9932,-75.1492, , 
 ,51131,2013094639,6,67,67301,2013,8,2,1115,11,1,1,0,1,1, , ,N,0,0,0,3,0,1,3,3,N,N,40 02:47.748,75 03:29.250,0, ,0, ,0, ,N, ,0, , , , , ,586208, , , ,3,1,0,0,0,0,0,0,0,0,0,0,1,1,2,0,0,0,0,0,0,0,0,0,0,0,0,0,0,0,0,0,0,0,0,8,0,40.0466,-75.0581, , 
 ,51132,2013096126,6,67,67301,2013,8,3,1619,16,1,1,0,1,1, , ,N,0,2,0,3,0,1,3,2,N,N,40 04:31.842,75 00:04.285,1619, ,1619, ,0, , , ,3, , , , , ,586211, , , ,2,1,0,0,0,0,1,0,0,0,0,0,1,1,0,0,0,0,0,0,1,0,0,0,0,0,0,0,0,0,0,0,0,0,0,8,0,40.0755,-75.0012, , 
 ,51133,2013098420,6,67,67301,2013,8,6,1315,13,1,1,0,4,1, , ,N,1,2,0,3,0,0,2,2,N,N,39 57:27.722,75 13:53.265,1320, ,1315, ,0, , , ,3, , , , , ,586215, , , ,2,2,0,0,0,0,0,0,0,0,0,0,0,0,0,0,0,0,0,0,0,0,0,0,0,0,0,0,0,0,0,0,0,0,0,0,0,39.9577,-75.2315, , 
 ,51134,2013104404,6,67,67301,2013,9,1,900,9,1,1,0,1,1, , ,N,2,0,0,3,0,3,5,2,N,N,39 55:24.268,75 11:18.383,910, ,906, ,0, ,N, ,0, , , , , ,586218, , , ,2,1,0,0,0,0,0,1,0,0,0,3,3,0,0,0,0,0,0,0,1,0,0,3,0,0,0,0,0,0,0,0,0,0,0,4,0,39.9234,-75.1884, , 
Y,51135,2013112036,6,67,67301,2013,11,6,248,2,3,1,1,6,1,1,4,Y,0,0,0,3,0,1,2,2,N,N,40 01:37.488,75 01:31.114,254,45,250,1,1,1,N, ,0,N,N,N,N,N,586226,N,N,N,2,2,0,0,0,0,0,0,0,0,0,1,1,0,0,0,0,0,0,0,0,0,0,0,0,0,0,0,0,0,0,0,0,0,0,4,0,40.027,-75.0255, , 
 ,51136,2013062532,6,67,67301,2013,5,6,1316,13,1,2,1,4,1, , ,N,1,3,0,3,0,1,3,2,N, ,40 00:24.400,75 09:24.191,1323, ,1319, ,0, , , ,3, , , , , ,586233, , , ,2,1,0,0,0,0,1,0,0,0,0,0,1,1,1,0,0,0,0,0,1,0,0,0,0,0,0,0,0,0,0,0,0,0,0,8,0,40.0068,-75.1567, , 
 ,51137,2013062616,6,67,67301,2013,4,3,21,0,3,1,1,5,1, , ,N,0,0,0,3,0,0,1,2,N,N,40 00:38.748,75 08:14.678,53, ,43,2,2,1,N, ,0,Y, , , , ,586234, , , ,2,1,0,0,0,0,0,1,0,0,0,0,0,0,0,0,0,0,0,0,0,0,0,1,0,0,0,0,0,0,0,0,0,0,0,0,0,40.0108,-75.1374, , 
 ,51138,2013066745,6,67,67301,2013,1,3,1905,19,6,1,0,1,1, , ,N,0,0,7,3,0,2,5,2,N,N,40 05:16.130,74 58:03.390,0, ,0, ,0, ,N, ,0, , , , , ,586239, , , ,2,1,0,0,0,0,1,0,0,0,0,2,2,0,1,0,0,0,0,0,1,0,0,0,0,0,0,0,0,0,0,0,0,0,0,4,0,40.0878,-74.9676, , 
 ,51139,2013101240,6,67,67301,2013,9,3,1321,13,1,1,0,4,1, , ,N,1,2,0,3,0,3,3,2,N, ,40 01:42.057,75 05:16.992,1328, ,1324,1,1,6, , ,3,Y, , , , ,591762, , , ,2,2,0,0,0,0,0,0,0,0,0,0,3,3,0,0,0,0,0,0,0,0,0,0,0,0,0,0,0,0,0,0,0,0,0,8,0,40.0284,-75.088, , 
 ,51140,2013112343,6,67,67301,2013,10,3,710,7,1,1,0,8,1, , ,N,1,2,0,3,0,1,2,2,N,N,40 01:41.801,75 07:12.241,750, ,730, ,0, ,N, ,3, , , , , ,591769, , , ,1,1,0,0,0,0,0,0,0,0,0,1,1,0,0,0,0,0,0,0,0,0,0,0,0,0,0,0,0,0,0,0,1,0,0,4,0,40.0283,-75.1201, , 
 ,51141,2013112706,6,67,67301,2013,10,4,1814,18,3,1,0,8,1, , ,N,0,0,0,3,0,1,2,2,N, ,39 55:49.268,75 10:05.956,1818, ,1816, ,0, , , ,0, , , , , ,591770, , , ,1,1,0,0,0,0,0,0,0,0,0,1,1,0,0,0,0,0,0,0,1,0,0,0,0,0,0,0,0,0,0,0,1,0,0,4,0,39.9304,-75.1683, , 
 ,51142,2013070197,6,67,67301,2013,5,4,1850,18,1,1,0,7,5, , ,N,0,0,7,3,0,1,1,1,N,N,40 04:49.261,74 58:44.966,1900, ,1855, ,0, ,N, ,0, , , , , ,591774, , , ,1,0,0,0,0,0,1,0,0,0,1,0,1,0,0,0,0,0,0,0,0,1,0,0,0,0,0,0,0,0,0,0,0,0,0,3,0,40.0804,-74.9792, , 
 ,51143,2013070499,6,67,67301,2013,6,1,1605,16,1,2,1,4,1, , ,N,1,3,0,3,0,2,3,2,N,N,40 04:23.883,75 10:01.635,1606, ,1606, ,0, ,N, ,3, , , , , ,591775, , , ,2,1,0,0,0,0,0,1,0,0,0,2,2,0,0,0,0,0,0,0,1,0,0,0,0,0,0,0,0,0,0,0,0,0,0,4,0,40.0733,-75.1671, , 
 ,51144,2013081195,6,67,67301,2013,7,4,1842,18,1,1,0,8,1, , ,N,0,0,0,3,0,1,2,2,N,N,39 56:24.763,75 12:55.209,2023, ,1843, ,0, ,N, ,0, , , , , ,591789, , , ,1,1,0,0,0,0,0,0,0,0,0,0,1,1,0,0,0,0,0,0,0,0,0,0,0,0,0,0,0,0,0,0,1,0,0,8,0,39.9402,-75.2153, , 
 ,51145,2013084040,6,67,67301,2013,7,1,1658,16,1,2,1,4,1, , ,N,1,2,0,3,0,2,7,3,N,N,40 01:35.316,75 05:50.739,1712, ,1700,1,1,1,N, ,3,N, , , , ,591849, , , ,3,1,0,0,0,0,1,1,0,0,0,2,2,0,1,0,0,0,0,0,0,0,0,0,0,0,0,0,0,0,0,0,0,0,0,4,0,40.0265,-75.0974, , 
 ,51146,2013086177,6,67,67301,2013,7,6,1831,18,3,1,1,4,1, , ,N,2,0,0,3,0,0,4,2,N,N,40 02:20.566,75 08:47.773,2030, ,2030, ,0, ,N, ,0, , , , , ,591851, , , ,2,1,0,0,0,0,1,0,0,0,0,0,0,0,3,0,0,0,0,0,0,0,1,2,0,0,0,0,0,0,0,0,0,0,0,9,0,40.039,-75.1466, , 
 ,51147,2013093097,6,67,67301,2013,8,3,1510,15,1,1,0,1,1, , ,N,2,0,0,3,0,1,3,3,N,N,39 59:48.805,75 12:01.320,1552, ,1549, ,0, ,N, ,0, , , , , ,591857, , , ,3,2,0,0,1,0,0,0,0,0,0,0,1,1,0,0,0,0,0,0,1,0,0,0,0,0,0,0,0,0,0,0,0,0,0,8,0,39.9969,-75.2004, , 
 ,51148,2013065305,6,67,67301,2013,5,4,652,6,1,1,0,5,1, , ,N,1,2,0,3,0,1,2,2,N,N,40 05:04.029,75 02:18.148,654, ,652, ,0, ,N, ,3, , , , , ,591867, , , ,2,1,0,0,1,0,0,0,0,0,1,0,1,0,0,0,0,0,0,0,1,0,0,0,0,0,0,0,0,0,0,0,0,0,0,3,0,40.0845,-75.0384, , 
 ,51149,2013071576,6,46,46225,2013,7,6,1808,18,1,2,1,7,5, , ,N,0,0,0,3,0,1,1,1,N,N,40 05:09.521,75 12:43.833,1813, ,1808, ,0, ,N, ,0, , , , , ,591870, , , ,1,0,0,0,1,0,0,0,0,0,0,0,1,1,0,0,0,0,0,0,0,0,0,0,0,0,0,0,0,0,0,0,0,0,0,8,0,40.086,-75.2122, , 
 ,51150,2013074731,6,67,67301,2013,6,3,1523,15,1,1,0,1,1, , ,N,1,3,0,3,0,1,2,2,N,N,39 59:30.012,75 08:58.502,1545, ,1544,3,2,1,N, ,3,Y, , , , ,591879, , , ,2,0,0,0,0,0,1,1,0,0,0,1,1,0,0,0,0,0,0,0,1,0,0,0,0,0,0,0,0,0,0,0,0,0,0,4,0,39.9917,-75.1496, , 
 ,51151,2013061078,6,67,67301,2013,6,2,1749,17,1,2,1,7,2, , ,N,0,0,0,3,0,1,1,1,N,N,39 56:20.105,75 08:36.164,1838, ,1750, ,0, ,N, ,0, , , , , ,591915, , , ,1,0,0,0,0,1,0,0,0,0,0,0,1,1,0,0,0,0,0,0,0,0,0,0,0,0,0,0,0,0,0,0,0,0,0,8,1,39.9388,-75.1434, , 
 ,51152,2013062523,6,67,67301,2013,4,3,639,6,1,1,1,5,7, , ,N,3,0,2,3,0,1,2,2,N,N,39 53:36.293,75 14:09.945,721, ,714,9,1,2,N, ,0,N, , , , ,591916, , , ,2,1,0,0,0,1,0,0,0,0,0,1,1,0,0,0,0,0,0,0,0,0,0,0,0,0,0,0,0,0,0,0,0,0,0,4,1,39.8934,-75.2361, , 
 ,51153,2013065290,6,67,67301,2013,5,7,930,9,1,1,0,4,1, , ,N,0,0,0,3,0,3,4,2,N, ,39 56:50.013,75 11:55.061,1105, ,1100, ,0, , , ,0, , , , , ,591921, , , ,2,2,0,0,0,0,0,0,0,0,0,3,3,0,0,0,0,1,0,0,1,0,0,0,0,0,0,0,0,0,0,0,0,0,0,4,0,39.9472,-75.1986, , 
 ,51154,2013065462,6,67,67301,2013,5,4,1731,17,1,1,0,8,1, , ,N,1,2,0,3,0,1,3,2,N,N,39 55:38.874,75 13:54.199,1733, ,1732, ,0, ,N, ,3, , , , , ,591922, , , ,1,1,0,0,0,0,0,0,0,0,0,1,1,0,0,0,0,0,0,0,0,0,0,0,0,0,0,0,0,0,0,0,1,0,0,4,0,39.9275,-75.2317, , 
 ,51155,2013079429,6,67,67301,2013,7,1,1808,18,1,1,0,8,5, , ,N,0,0,0,3,0,1,2,2,N, ,39 57:10.108,75 13:34.920,1810, ,1808, ,0, , , ,0, , , , , ,591926, , , ,1,0,0,0,0,0,0,0,0,0,0,1,1,0,0,0,0,0,0,0,0,0,0,0,0,0,0,0,0,0,0,0,1,0,0,4,0,39.9528,-75.2264, , 
 ,51156,2013088102,6,67,67301,2013,7,6,848,8,1,1,0,8,6, , ,N,0,0,0,3,0,1,2,2,N,N,40 04:46.798,75 10:24.124,900, ,855, ,0, ,N, ,0, , , , , ,591932, , , ,1,1,0,0,0,0,0,0,0,0,0,1,1,0,0,0,0,0,0,0,0,0,0,1,0,0,0,0,0,0,0,0,1,0,0,4,0,40.0797,-75.1734, , 
 ,51157,2013096012,6,67,67301,2013,8,2,1700,17,1,1,0,5,1, , ,N,1,2,0,3,0,2,5,3,N, ,40 02:40.636,75 03:16.819,1717, ,1705,2,1,3, , ,3,Y, , , , ,589145, , , ,3,1,0,0,0,0,1,0,0,0,0,0,2,2,2,0,0,0,0,0,0,0,0,0,0,0,0,0,0,0,0,0,0,0,0,8,0,40.0446,-75.0547, , 
 ,51158,2013096051,6,67,67301,2013,8,7,1146,11,1,1,0,5,6, , ,N,0,2,0,3,0,1,2,4,N, ,39 57:15.618,75 12:15.459,1150, ,1146, ,0, , , ,3, , , , , ,589146, , , ,4,0,0,0,1,1,2,0,0,0,0,1,1,0,0,0,0,0,0,0,0,0,0,0,0,0,0,0,0,0,0,0,0,0,0,4,0,39.9543,-75.2043, , 
 ,51159,2013121432,6,67,67301,2013,10,5,2000,20,3,1,0,8,1, , ,N,0,0,0,3,0,1,2,2,N,N,39 58:17.226,75 12:44.543,2015, ,2008, ,0, ,N, ,0, , , , , ,589163, , , ,1,1,0,0,0,0,0,0,0,0,0,0,1,1,0,0,0,0,0,0,0,0,0,0,0,0,0,0,0,0,0,0,1,0,0,8,0,39.9715,-75.2124, , 