wz_ln_closure,objectid_1,crn,district,county,municipality,crash_year,crash_month,day_of_week,time_of_day,hour_of_day,illumination,weather,road_condition,collision_type,relation_to_road,work_zone_type,work_zone_loc,work_zone_ind,intersect_type,tcd_type,location_type,urban_rural,fatal_count,injury_count,person_count,total_units,sch_bus_ind,sch_zone_ind,latitude,longitude,arrival_tm,cons_zone_spd_lim,dispatch_tm,est_hrs_closed,lane_closed,ln_close_dir,ntfy_hiwy_maint,spec_juris_cd,tcd_func_cd,tfc_detour_ind,workers_pres,wz_close_detour,wz_flagger,wz_law_offcr_ind,objectid,wz_moving,wz_other,wz_shlder_mdn,vehicle_count,automobile_count,motorcycle_count,bus_count,small_truck_count,heavy_truck_count,suv_count,van_count,bicycle_count,maj_inj_count,mod_inj_count,min_inj_count,tot_inj_count,unk_inj_deg_count,unk_inj_per_count,driver_count_16yr,driver_count_17yr,driver_count_18yr,driver_count_19yr,driver_count_20yr,driver_count_50_64yr,driver_count_65_74yr,driver_count_75plus,unbelted_occ_count,unb_death_count,unb_maj_inj_count,belted_death_count,belted_maj_inj_count,mcycle_death_count,mcycle_maj_inj_count,bicycle_death_count,bicycle_maj_inj_count,ped_count,ped_death_count,ped_maj_inj_count,max_severity_level,comm_veh_count,dec_lat,dec_long,rdwy_surf_type_cd,county_name
 ,51160,2013123033,6,67,67301,2013,11,1,209,2,3,1,0,4,1, , ,N,1,2,0,3,0,0,2,2,N,N,40 00:15.188,75 08:55.136,215, ,215,3,2,4, , ,3,Y, , , , ,589165, , , ,2,1,0,0,0,0,1,0,0,0,0,0,0,0,1,0,0,0,0,0,0,0,0,0,0,0,0,0,0,0,0,0,0,0,0,9,0,40.0042,-75.1486, , 
 ,51161,2013062627,6,67,67301,2013,5,6,1551,15,1,2,1,4,1, , ,N,0,0,0,3,0,0,3,2,N, ,39 59:03.573,75 12:11.666,1559, ,1551,1,1,5, , ,0,N, , , , ,589173, , , ,2,2,0,0,0,0,0,0,0,0,0,0,0,0,0,0,0,0,0,1,0,0,0,0,0,0,0,0,0,0,0,0,0,0,0,0,0,39.9843,-75.2032, , 
 ,51162,2013066794,6,67,67301,2013,1,3,1245,12,1,1,0,4,1, , ,N,1,2,0,3,0,1,2,2,N,N,40 01:48.638,75 06:15.374,0, ,0, ,0, ,N, ,9, , , , , ,589174, , , ,2,1,0,0,0,1,0,0,0,0,0,1,1,0,1,0,0,0,0,0,0,0,0,0,0,0,0,0,0,0,0,0,0,0,0,4,1,40.0302,-75.1043, , 
 ,51163,2013077420,6,67,67301,2013,7,6,1306,13,1,1,0,2,1, , ,N,0,0,0,3,0,1,2,2,N,N,39 55:04.820,75 08:48.240,1320, ,1308,9,1,1,N, ,0,N, , , , ,589187, , , ,2,1,0,0,0,1,0,0,0,0,0,0,1,1,0,0,0,0,0,0,1,0,0,0,0,0,0,0,0,0,0,0,0,0,0,8,1,39.918,-75.1467, , 
 ,51164,2013084151,6,67,67301,2013,8,2,28,0,3,1,0,1,1, , ,N,0,0,0,3,0,1,1,2,N,N,39 56:59.588,75 11:01.479,36, ,29,2,2,4,N, ,0,N, , , , ,589192, , , ,2,2,0,0,0,0,0,0,0,0,0,0,1,1,0,0,0,0,0,0,0,0,0,0,0,0,0,0,0,0,0,0,0,0,0,8,0,39.9499,-75.1837, , 
 ,51165,2013093132,6,67,67301,2013,8,5,1705,17,1,1,0,4,1, , ,N,1,2,0,3,0,1,3,2,N,N,39 56:47.500,75 09:39.776,1707, ,1705,1,2,2,N, ,3,N, , , , ,589201, , , ,1,1,0,0,0,0,0,0,1,0,1,0,1,0,0,0,0,0,0,0,1,0,0,0,0,0,0,0,0,0,0,0,0,0,0,3,0,39.9465,-75.161, , 
 ,51166,2013079526,6,67,67301,2013,7,6,1000,10,1,1,0,4,1, , ,N,1,3,0,3,0,1,2,3,N,N,40 00:09.410,75 10:03.698,1010, ,1000, ,0, ,N, ,3, , , , , ,589223, , , ,3,3,0,0,0,0,0,0,0,0,0,0,1,1,1,0,0,0,0,0,0,0,0,0,0,0,0,0,0,0,0,0,0,0,0,8,0,40.0026,-75.1677, , 
 ,51167,2013074902,6,67,67301,2013,7,4,1541,15,1,1,0,1,1, , ,N,0,0,0,3,0,1,2,2,N,N,39 59:50.620,75 11:46.942,1554, ,1542,1,1,3,N, ,0,N, , , , ,589239, , , ,2,2,0,0,0,0,0,0,0,0,0,1,1,0,0,0,0,0,0,0,0,0,0,0,0,0,0,0,0,0,0,0,0,0,0,4,0,39.9974,-75.1964, , 
 ,51168,2013086228,6,67,67301,2013,7,2,1420,14,1,1,0,4,1, , ,N,1,4,0,3,0,2,2,2,N,N,40 00:29.331,75 04:20.880,1541, ,1538,3,1,1,N, ,3,N, , , , ,589250, , , ,2,1,0,0,0,0,0,1,0,0,0,1,2,1,0,0,0,0,0,0,0,1,0,0,0,0,0,0,0,0,0,0,0,0,0,4,0,40.0081,-75.0725, , 
 ,51169,2013103958,6,67,67301,2013,9,1,9999,99,3,2,1,7,5, , ,N,0,0,0,3,0,0,1,1,N, ,40 03:15.168,75 13:54.551,120, ,100, ,0, , , ,0, , , , , ,589257, , , ,1,1,0,0,0,0,0,0,0,0,0,0,0,0,0,0,0,0,0,0,0,0,0,0,0,0,0,0,0,0,0,0,0,0,0,0,0,40.0542,-75.2318, , 
 ,51170,2013103978,6,67,67301,2013,9,2,9999,99,1,1,0,1,1, , ,N,0,0,0,3,0,2,3,2,N,N,39 57:40.032,75 10:31.447,854, ,821,3,2,3, , ,0,Y, , , , ,589258, , , ,2,2,0,0,0,0,0,0,0,0,0,0,2,2,0,0,0,0,0,0,1,0,0,0,0,0,0,0,0,0,0,0,0,0,0,8,0,39.9611,-75.1754, , 
 ,51171,2013106684,6,67,67301,2013,9,4,1549,15,1,1,0,8,1, , ,N,1,2,0,3,0,1,2,2,N, ,39 59:28.296,75 07:58.428,1553, ,1550, ,0, , , ,3, , , , , ,589261, , , ,1,0,0,0,1,0,0,0,0,0,1,0,1,0,0,0,0,0,0,0,0,0,0,0,0,0,0,0,0,0,0,0,1,0,0,3,0,39.9911,-75.1329, , 
 ,51172,2013062560,6,67,67301,2013,4,5,830,8,1,1,0,8,1, , ,N,1,2,0,3,0,1,2,2,N,N,39 59:54.633,75 07:45.412,1051, ,1046, ,0, , , ,3, , , , , ,589272, , , ,1,0,0,0,0,0,0,0,0,0,0,0,1,1,0,0,0,0,0,0,0,0,0,0,0,0,0,0,0,0,0,0,1,0,0,8,0,39.9985,-75.1293, , 
 ,51173,2013062642,6,67,67301,2013,5,1,2145,21,3,1,0,8,1, , ,N,1,0,0,3,0,1,2,2,N,N,39 57:33.044,75 12:07.081,2155, ,2145, ,0, , , ,0, , , , , ,589273, , , ,1,0,0,0,0,0,1,0,0,1,0,0,1,0,0,0,0,0,0,0,1,0,0,0,0,0,0,0,0,0,0,0,1,0,1,2,0,39.9592,-75.202, , 
 ,51174,2013098446,6,67,67301,2013,8,6,2310,23,3,1,0,7,5, , ,N,0,0,0,3,0,1,1,1,N, ,40 04:35.995,75 02:04.739,2320, ,2316, ,0, , , ,0, , , , , ,589290, , , ,1,1,0,0,0,0,0,0,0,0,0,1,1,0,0,0,0,0,0,0,0,0,0,1,0,0,0,0,0,0,0,0,0,0,0,4,0,40.0767,-75.0346, , 
 ,51175,2013080030,6,67,67301,2013,7,5,1020,10,1,1,0,2,1, , ,N,2,2,0,3,0,4,4,2,N, ,39 58:16.419,75 09:25.977,1027, ,1024, ,0, , , ,3, , , , , ,583504, , , ,2,2,0,0,0,0,0,0,0,0,0,4,4,0,0,0,0,0,0,0,1,0,0,0,0,0,0,0,0,0,0,0,0,0,0,4,0,39.9711,-75.1573, , 
 ,51176,2013086723,6,67,67301,2013,7,3,1227,12,1,1,0,8,1, , ,N,0,0,0,3,0,1,2,2,N,N,39 57:17.092,75 09:21.783,1245, ,1230,1,1,2,N, ,0,Y, , , , ,583515, , , ,1,0,0,0,0,0,0,1,0,0,1,0,1,0,0,0,0,0,0,0,0,0,0,0,0,0,0,0,0,0,0,0,1,0,0,3,0,39.9547,-75.1561, , 
 ,51177,2013101187,6,67,67301,2013,9,4,1445,14,1,1,0,8,1, , ,N,1,2,0,3,0,1,2,2,N,N,40 02:29.396,75 09:30.118,1506, ,1501, ,0, ,N, ,3, , , , , ,583527, , , ,1,1,0,0,0,0,0,0,0,0,0,1,1,0,0,0,0,0,0,0,1,0,0,0,0,0,0,0,0,0,0,0,1,0,0,4,0,40.0415,-75.1584, , 
 ,51178,2013104031,6,67,67301,2013,9,7,1011,10,1,1,0,2,1, , ,N,1,2,0,3,0,1,2,2,N, ,39 59:46.100,75 08:49.451,1018, ,1013,9,1,2, , ,3,N, , , , ,583530, , , ,2,2,0,0,0,0,0,0,0,0,0,1,1,0,0,0,0,0,0,0,0,0,0,0,0,0,0,0,0,0,0,0,0,0,0,4,0,39.9961,-75.1471, , 
 ,51179,2013055869,6,67,67301,2013,5,4,655,6,1,1,0,4,1, , ,N,2,3,0,3,0,0,2,2,N,N,40 07:22.609,75 00:51.321,716, ,708, ,0, ,N, ,3, , , , , ,583532, , , ,2,1,0,0,0,0,0,1,0,0,0,0,0,0,0,0,0,0,0,0,0,0,0,0,0,0,0,0,0,0,0,0,0,0,0,0,0,40.1229,-75.0143, , 
 ,51180,2013086882,6,67,67301,2013,8,6,1420,14,1,1,0,5,1, , ,N,0,0,0,3,0,0,2,2,N,N,40 03:51.674,75 09:37.580,1555, ,1549,9,1,1,N, ,0,N, , , , ,583548, , , ,2,2,0,0,0,0,0,0,0,0,0,0,0,0,0,0,0,0,0,0,0,0,0,0,0,0,0,0,0,0,0,0,0,0,0,0,0,40.0644,-75.1604, , 
 ,51181,2013088110,6,67,67301,2013,7,3,215,2,3,2,1,6,1, , ,N,0,0,0,3,0,2,3,3,N,N,40 06:12.318,74 57:43.063,231, ,217, ,0, ,N, ,0, , , , , ,583549, , , ,1,0,0,0,1,0,0,0,2,1,1,0,2,0,0,0,0,0,0,0,1,0,0,0,0,0,0,0,0,0,0,1,0,0,0,2,0,40.1034,-74.962, , 
 ,51182,2013088793,6,67,67301,2013,9,3,1315,13,1,1,0,0,1, , ,N,1,0,0,3,0,1,1,1,N, ,39 53:40.603,75 14:12.181,1330, ,1320, ,0, , , ,0, , , , , ,583550, , , ,1,0,0,0,0,1,0,0,0,0,0,0,1,1,0,0,0,0,0,0,0,0,0,0,0,0,0,0,0,0,0,0,0,0,0,8,1,39.8946,-75.2367, , 
 ,51183,2013070673,6,67,67301,2013,7,5,2205,22,3,1,0,1,1, , ,N,0,0,0,3,0,1,5,4,N,N,39 55:55.381,75 12:00.123,2229, ,2205, ,0, ,N, ,0, , , , , ,583582, , , ,4,3,0,0,0,0,0,1,0,0,0,1,1,0,1,0,0,0,0,0,1,0,0,0,0,0,0,0,0,0,0,0,0,0,0,4,0,39.9321,-75.2, , 
 ,51184,2013084412,6,67,67301,2013,7,2,1025,10,1,2,1,4,1, , ,N,0,0,7,3,0,2,2,2,N,N,39 56:24.338,75 11:52.571,1039, ,1029,3,2,1,N, ,0,Y, , , , ,583597, , , ,2,1,0,0,0,1,0,0,0,1,0,0,2,1,0,0,0,0,0,0,0,0,0,0,0,0,0,0,0,0,0,0,0,0,0,2,1,39.9401,-75.1979, , 
 ,51185,2013096093,6,67,67301,2013,8,4,1905,19,1,2,1,4,1, , ,N,2,3,0,3,0,1,2,2,N,N,39 54:56.620,75 09:07.271,1911, ,1905, ,0, ,N, ,3, , , , , ,583609, , , ,1,1,0,0,0,0,0,0,1,0,0,1,1,0,0,0,0,0,0,0,0,1,0,0,0,0,0,0,0,0,0,0,0,0,0,4,0,39.9157,-75.152, , 
 ,51186,2013106776,6,67,67301,2013,9,4,1800,18,1,1,0,8,6, , ,N,0,0,0,3,0,1,2,2,N, ,39 55:43.086,75 13:16.238,1910, ,1845, ,0, , , ,0, , , , , ,583618, , , ,1,0,0,0,0,0,0,0,0,0,0,1,1,0,0,0,0,0,0,0,0,0,0,0,0,0,0,0,0,0,0,0,1,0,0,4,0,39.9286,-75.2212, , 
 ,51187,2013049813,6,46,46108,2013,5,3,703,7,1,1,0,4,1, , ,N,1,2,0,3,0,2,4,3,N,N,40 05:15.200,75 12:51.480,709, ,703, ,0, ,N, ,3, , , , , ,583628, , , ,3,3,0,0,0,0,0,0,0,0,1,1,2,0,0,0,0,0,0,0,1,1,0,0,0,0,0,0,0,0,0,0,0,0,0,3,0,40.0876,-75.2143, , 
 ,51188,2013096566,6,67,67301,2013,9,6,1035,10,1,1,0,1,1, , ,N,0,0,0,3,0,1,2,2,N,N,39 59:24.833,75 05:13.551,1046, ,1044, ,0, ,N, ,0, , , , , ,583652, , , ,2,1,0,0,0,0,1,0,0,0,0,0,1,1,0,0,0,0,0,0,0,0,0,0,0,0,0,0,0,0,0,0,0,0,0,8,0,39.9902,-75.0871, , 
 ,51189,2013123023,6,67,67301,2013,10,2,1947,19,3,1,0,4,1, , ,N,1,2,0,3,0,2,2,2,N,N,39 57:26.251,75 14:52.347,1949, ,1948,9,1,2,N, ,3,N, , , , ,583672, , , ,2,0,0,0,1,0,1,0,0,0,0,0,2,2,0,0,0,0,0,0,1,0,0,0,0,0,0,0,0,0,0,0,0,0,0,8,0,39.9573,-75.2479, , 
 ,51190,2013125869,6,67,67301,2013,11,6,1830,18,3,1,0,1,1, , ,N,0,0,0,3,0,0,5,3,N,N,40 04:06.120,75 14:25.461,1912, ,1912,1,1,2,N, ,0,N, , , , ,583675, , , ,3,3,0,0,0,0,0,0,0,0,0,0,0,0,0,0,0,0,0,0,0,1,0,0,0,0,0,0,0,0,0,0,0,0,0,0,0,40.0684,-75.2404, , 
 ,51191,2013093570,6,67,67301,2013,8,7,1410,14,1,1,0,6,4, , ,N,0,0,0,3,0,1,1,2,N, ,40 01:38.056,75 04:42.628,1419, ,1417, ,0, , , ,0, , , , , ,583686, , , ,2,0,1,0,0,0,0,1,0,0,1,0,1,0,0,0,0,0,0,0,1,0,0,0,0,0,0,0,0,0,0,0,0,0,0,3,0,40.0272,-75.0785, , 
 ,51192,2013101746,6,67,67301,2013,9,3,9999,99,1,1,0,4,1, , ,N,0,0,0,3,0,1,2,2,N,N,39 57:50.184,75 13:27.756,1755, ,1750, ,0, ,N, ,0, , , , , ,583696, , , ,2,0,0,0,0,0,1,0,0,0,1,0,1,0,0,0,0,0,0,1,0,1,0,1,0,0,0,0,0,0,0,0,0,0,0,3,0,39.9639,-75.2244, , 
 ,51193,2013070927,6,67,67301,2013,6,5,2139,21,3,1,0,4,1, , ,N,1,2,0,3,0,1,6,2,N,N,40 01:47.231,75 05:16.817,2147, ,2140,2,2,1,N, ,3,Y, , , , ,586243, , , ,2,1,0,0,0,0,1,0,0,0,1,0,1,0,0,0,0,0,0,0,0,0,0,0,0,0,0,0,0,0,0,0,0,0,0,3,0,40.0298,-75.088, , 
 ,51194,2013070988,6,67,67301,2013,6,7,550,5,1,1,0,4,1, , ,N,5,2,0,3,0,2,4,3,N, ,40 01:01.528,75 09:04.326,603, ,600, ,0, , , ,3, , , , , ,586244, , , ,3,2,1,0,0,0,0,0,0,0,1,1,2,0,0,0,0,0,0,0,0,1,0,0,0,0,0,0,0,0,0,0,0,0,0,3,0,40.0171,-75.1512, , 
 ,51195,2013086247,6,67,67301,2013,8,1,1540,15,1,1,0,4,1, , ,N,1,3,0,3,0,1,5,2,N,N,39 55:55.887,75 10:18.724,1630, ,1550, ,0, ,N, ,3, , , , , ,586288, , , ,2,2,0,0,0,0,0,0,0,0,0,1,1,0,0,0,0,0,0,0,0,0,0,0,0,0,0,0,0,0,0,0,0,0,0,4,0,39.9322,-75.1719, , 
 ,51196,2013086749,6,67,67301,2013,7,3,455,4,3,1,1,2,6, , ,N,0,0,0,3,0,1,1,3,N,N,40 03:56.203,75 01:56.085,505, ,501, ,0, ,N, ,0, , , , , ,586289, , , ,3,1,0,0,1,0,1,0,0,0,0,0,1,1,0,0,0,0,0,0,1,0,0,0,0,0,0,0,0,0,0,0,0,0,0,8,0,40.0656,-75.0322, , 
 ,51197,2013086800,6,67,67301,2013,8,1,207,2,3,1,0,7,4, , ,N,0,0,0,3,0,1,2,1,N,N,39 59:26.372,75 05:52.710,210, ,210,1,1,4,N, ,0,Y, , , , ,586290, , , ,1,1,0,0,0,0,0,0,0,0,0,1,1,0,0,0,0,0,0,0,0,0,0,0,0,0,0,0,0,0,0,0,0,0,0,4,0,39.9907,-75.098, , 
 ,51198,2013093083,6,67,67301,2013,8,3,1403,14,1,1,0,5,1, , ,N,0,0,0,3,0,2,3,2,N,N,39 57:28.560,75 10:27.001,9999, ,9999, ,0, ,N, ,0, , , , , ,586293, , , ,2,1,0,0,0,0,1,0,0,0,0,0,2,2,0,0,0,0,0,0,0,0,0,0,0,0,0,0,0,0,0,0,0,0,0,8,0,39.9579,-75.1742, , 
 ,51199,2013093579,6,67,67301,2013,8,5,132,1,3,1,0,1,2, , ,N,0,0,0,3,0,0,1,2,N,N,40 02:29.824,75 09:03.088,136, ,133, ,0, ,N, ,0, , , , , ,586294, , , ,2,1,0,0,0,0,1,0,0,0,0,0,0,0,0,0,0,0,0,0,0,0,0,0,0,0,0,0,0,0,0,0,0,0,0,0,0,40.0416,-75.1509, , 
 ,51200,2013111794,6,67,67301,2013,10,6,640,6,1,2,1,4,1, , ,N,1,3,0,3,0,1,2,2,N, ,39 57:35.366,75 09:49.409,647, ,644, ,0, , , ,3, , , , , ,586311, , , ,1,1,0,0,0,0,0,0,1,0,0,0,1,1,0,0,0,0,0,0,1,0,0,0,0,0,0,0,0,0,0,0,0,0,0,8,0,39.9598,-75.1637, , 
 ,51201,2013111883,6,67,67301,2013,10,4,1350,13,1,1,0,1,1, , ,N,0,0,0,3,0,1,3,2,N,N,40 04:34.249,75 00:02.269,1359, ,1355, ,0, ,N, ,0, , , , , ,586312, , , ,2,0,0,0,1,0,1,0,0,0,0,1,1,0,0,0,0,0,1,0,0,0,0,0,0,0,0,0,0,0,0,0,0,0,0,4,0,40.0762,-75.0006, , 
 ,51202,2013067756,6,67,67301,2013,5,1,1650,16,1,1,0,8,1, , ,N,0,0,0,3,0,1,2,2,N, ,39 57:12.828,75 09:23.024,1710, ,1700, ,0, ,N, ,0, , , , , ,586331, , , ,1,1,0,0,0,0,0,0,0,0,0,1,1,0,0,0,0,0,0,0,0,0,0,0,0,0,0,0,0,0,0,0,1,0,0,4,0,39.9536,-75.1564, , 
 ,51203,2013070218,6,67,67301,2013,6,1,1700,17,1,1,0,8,1, , ,N,0,0,0,3,0,1,2,2,N, ,39 59:32.744,75 13:29.254,1703, ,1701,1,2,2, , ,0,Y, , , , ,586332, , , ,1,1,0,0,0,0,0,0,0,0,0,1,1,0,0,0,0,0,0,0,0,0,0,0,0,0,0,0,0,0,0,0,1,0,0,4,0,39.9924,-75.2248, , 
 ,51204,2013070559,6,67,67301,2013,6,7,547,5,1,1,0,8,1, , ,N,2,3,0,3,0,1,2,2,N,N,40 00:27.198,75 05:41.891,553, ,548, ,0, ,N, ,3, , , , , ,586333, , , ,1,1,0,0,0,0,0,0,0,0,0,1,1,0,1,0,0,0,0,0,0,0,0,0,0,0,0,0,0,0,0,0,1,0,0,4,0,40.0076,-75.095, , 
 ,51205,2013070993,6,67,67301,2013,5,3,9999,99,1,2,1,4,1, , ,N,2,2,7,3,0,3,8,2,N, ,40 02:13.039,75 00:41.011,9999, ,1445, ,0, ,N, ,3, , , , , ,586335, , , ,2,1,0,0,0,0,0,1,0,0,0,3,3,0,0,0,0,0,0,0,0,0,0,0,0,0,0,0,0,0,0,0,0,0,0,4,0,40.037,-75.0114, , 
 ,51206,2013079434,6,67,67301,2013,6,4,9999,99,1,1,0,8,1, , ,N,0,0,0,3,0,1,2,2,N, ,39 57:05.600,75 09:30.020,325, ,320, ,0, , , ,0, , , , , ,586344, , , ,1,1,0,0,0,0,0,0,0,0,0,0,1,1,0,0,0,0,0,0,0,0,0,0,0,0,0,0,0,0,0,0,1,0,0,8,0,39.9516,-75.1583, , 
 ,51207,2013086183,6,67,67301,2013,7,7,1938,19,4,1,0,5,1, , ,N,2,0,0,3,0,2,3,2,N,N,39 57:42.598,75 14:05.146,1940, ,1940, ,0, ,N, ,0, , , , , ,586350, , , ,2,1,0,0,0,0,0,1,0,0,0,2,2,0,0,0,0,0,0,0,0,0,0,0,0,0,0,0,0,0,0,0,0,0,0,4,0,39.9618,-75.2348, , 
 ,51208,2013064097,6,67,67301,2013,6,2,703,7,1,1,0,7,2, , ,N,0,0,0,3,0,0,1,1,N,N,40 02:33.751,75 00:11.788,722, ,704, ,0, ,N, ,0, , , , , ,586381, , , ,1,1,0,0,0,0,0,0,0,0,0,0,0,0,0,0,0,0,0,0,0,0,0,0,0,0,0,0,0,0,0,0,0,0,0,0,0,40.0426,-75.0033, , 
 ,51209,2013065333,6,67,67301,2013,5,7,809,8,1,1,0,4,1, , ,N,1,2,0,3,0,3,3,3,N,N,39 57:25.957,75 13:38.997,812, ,811,2,2,4,N, ,3,Y, , , , ,586382, , , ,3,1,0,0,0,0,0,2,0,0,0,0,3,3,0,0,0,0,0,0,1,0,0,0,0,0,0,0,0,0,0,0,0,0,0,8,0,39.9572,-75.2275, , 
 ,51210,2013074742,6,67,67301,2013,6,4,1900,19,1,1,0,8,1, , ,N,0,0,0,3,0,1,2,2,N, ,39 55:35.871,75 14:08.089,1905, ,1900, ,0, , , ,0, , , , , ,586386, , , ,1,1,0,0,0,0,0,0,0,0,0,0,1,1,0,0,0,0,0,0,0,0,0,0,0,0,0,0,0,0,0,0,1,0,0,8,0,39.9266,-75.2356, , 
 ,51211,2013100646,6,67,67301,2013,10,3,1750,17,4,1,0,1,1, , ,N,0,0,4,3,0,0,4,3,N,N,39 57:07.815,75 10:56.492,1812, ,1800, ,0, ,N, ,0, , , , , ,591944, , , ,3,2,0,0,0,0,1,0,0,0,0,0,0,0,0,0,0,0,0,0,1,0,0,0,0,0,0,0,0,0,0,0,0,0,0,0,0,39.9522,-75.1824, , 
 ,51212,2013108758,6,67,67301,2013,10,4,322,3,3,1,0,8,3, , ,N,0,0,0,3,0,1,2,2,N,N,39 55:39.086,75 10:08.153,326, ,325, ,0, ,N, ,0, , , , , ,591952, , , ,1,1,0,0,0,0,0,0,0,0,0,0,1,1,0,0,0,0,0,0,0,0,0,0,0,0,0,0,0,0,0,0,1,0,0,8,0,39.9276,-75.1689, , 
 ,51213,2013065977,6,67,67301,2013,5,2,1504,15,1,1,0,8,1, , ,N,0,0,0,3,0,1,2,2,N,N,39 54:38.158,75 10:22.855,1510, ,1504, ,0, ,N, ,0, , , , , ,591974, , , ,1,0,0,0,0,0,1,0,0,0,0,1,1,0,0,0,0,0,0,0,0,0,0,0,0,0,0,0,0,0,0,0,1,0,0,4,0,39.9106,-75.173, , 
 ,51214,2013077484,6,67,67301,2013,7,5,1430,14,1,1,0,8,1, , ,N,0,0,0,3,0,1,2,2,N,N,39 58:36.690,75 12:32.210,1442, ,1434, ,0, ,N, ,0, , , , , ,591976, , , ,1,1,0,0,0,0,0,0,0,0,0,1,1,0,0,0,0,0,0,0,0,0,0,0,0,0,0,0,0,0,0,0,1,0,0,4,0,39.9769,-75.2089, , 
 ,51215,2013084010,6,67,67301,2013,7,6,1615,16,1,2,1,8,1, , ,N,1,0,0,3,0,1,2,2,N, ,39 58:13.818,75 08:53.306,1621, ,1615, ,0, , , ,0, , , , , ,591984, , , ,1,1,0,0,0,0,0,0,0,0,0,1,1,0,0,0,0,0,0,0,1,0,0,1,0,0,0,0,0,0,0,0,1,0,0,4,0,39.9704,-75.1482, , 
 ,51216,2013087047,6,67,67301,2013,8,3,800,8,1,1,0,5,1, , ,N,0,0,0,3,0,0,3,3,N,N,39 58:48.257,75 06:19.179,800, ,800,1,1,2,N, ,0,N, , , , ,591990, , , ,3,1,0,0,0,0,1,1,0,0,0,0,0,0,0,0,0,0,0,0,0,0,1,0,0,0,0,0,0,0,0,0,0,0,0,0,0,39.98,-75.1055, , 
 ,51217,2013109403,6,67,67301,2013,10,6,2000,20,3,1,0,4,1, , ,N,1,3,0,3,0,1,2,2,N,N,39 57:37.458,75 12:07.563,2004, ,2002, ,0, ,N, ,3, , , , , ,592006, , , ,1,0,0,0,0,0,1,0,1,0,0,1,1,0,0,0,0,0,0,0,0,0,0,0,0,0,0,0,0,0,0,0,0,0,0,4,0,39.9604,-75.2021, , 
 ,51218,2013055445,6,67,67301,2013,5,5,802,8,1,2,1,4,1, , ,N,0,0,0,3,0,3,5,3,N,N,40 02:12.847,75 11:25.926,855, ,850,3,2,2,N, ,0,Y, , , , ,592012, , , ,3,3,0,0,0,0,0,0,0,0,1,0,3,2,0,0,0,0,0,0,2,0,0,0,0,0,0,0,0,0,0,0,0,0,0,3,0,40.0369,-75.1905, , 
 ,51219,2013062643,6,67,67301,2013,5,1,745,7,1,1,0,8,1, , ,N,1,2,0,3,0,1,2,2,N,N,40 02:28.908,75 01:41.719,808, ,804, ,0, ,N, ,3, , , , , ,592019, , , ,1,1,0,0,0,0,0,0,0,0,0,1,1,0,0,0,0,1,0,0,0,0,0,1,0,0,0,0,0,0,0,0,1,0,0,4,0,40.0414,-75.0283, , 
 ,51220,2013109396,6,67,67301,2013,10,6,1615,16,1,1,0,1,1, , ,N,2,0,0,3,0,1,4,3,N,N,40 00:56.647,75 05:04.877,1655, ,1639, ,0, ,N, ,0, , , , , ,592046, , , ,3,2,0,0,0,0,1,0,0,0,0,0,1,1,0,0,0,0,0,0,1,0,0,0,0,0,0,0,0,0,0,0,0,0,0,8,0,40.0157,-75.0846, , 
 ,51221,2013050260,6,67,67301,2013,4,1,1505,15,1,1,0,4,1, , ,N,2,3,0,3,0,1,2,2,N,N,39 57:36.773,75 08:17.132,1518, ,1516, ,0, ,N, ,3, , , , , ,592060, , , ,1,0,0,0,0,0,1,0,1,0,1,0,1,0,0,0,0,0,0,0,0,1,0,0,0,0,0,0,0,0,0,0,0,0,0,3,0,39.9602,-75.1381, , 
 ,51222,2013054628,6,67,67301,2013,4,1,1919,19,1,1,0,4,1, , ,N,1,3,0,3,0,0,2,3,N,N,39 58:25.251,75 12:05.756,1929, ,1921, ,0, ,N, ,3, , , , , ,592072, , , ,3,3,0,0,0,0,0,0,0,0,0,0,0,0,0,0,0,0,0,0,0,0,0,0,0,0,0,0,0,0,0,0,0,0,0,0,0,39.9737,-75.2016, , 
 ,51223,2013055351,6,67,67301,2013,5,7,9999,99,1,1,0,8,1, , ,N,0,0,0,3,0,1,2,2,N,N,39 57:05.750,75 09:18.390,1540, ,1535, ,0, ,N, ,0, , , , , ,592073, , , ,1,1,0,0,0,0,0,0,0,0,0,1,1,0,0,0,0,0,0,0,0,1,0,0,0,0,0,0,0,0,0,0,1,0,0,4,0,39.9516,-75.1551, , 
 ,51224,2013055370,6,67,67301,2013,5,5,851,8,1,2,1,7,2, , ,N,0,0,0,3,0,1,1,1,N,N,40 06:02.240,75 01:44.784,857, ,852,3,1,1,N, ,0,Y, , , , ,592074, , , ,1,0,0,0,0,0,1,0,0,0,0,1,1,0,0,1,0,0,0,0,0,0,0,0,0,0,0,0,0,0,0,0,0,0,0,4,0,40.1006,-75.0291, , 
 ,51225,2013055498,6,67,67301,2013,4,3,1256,12,1,1,0,4,1, , ,N,1,2,0,3,0,1,2,2,N, ,40 05:10.582,75 02:45.913,1258, ,1256, ,0, , , ,3, , , , , ,592075, , , ,2,1,0,0,0,0,0,1,0,0,0,0,1,1,0,0,0,0,0,0,0,0,1,0,0,0,0,0,0,0,0,0,0,0,0,8,0,40.0863,-75.0461, , 