wz_ln_closure,objectid_1,crn,district,county,municipality,crash_year,crash_month,day_of_week,time_of_day,hour_of_day,illumination,weather,road_condition,collision_type,relation_to_road,work_zone_type,work_zone_loc,work_zone_ind,intersect_type,tcd_type,location_type,urban_rural,fatal_count,injury_count,person_count,total_units,sch_bus_ind,sch_zone_ind,latitude,longitude,arrival_tm,cons_zone_spd_lim,dispatch_tm,est_hrs_closed,lane_closed,ln_close_dir,ntfy_hiwy_maint,spec_juris_cd,tcd_func_cd,tfc_detour_ind,workers_pres,wz_close_detour,wz_flagger,wz_law_offcr_ind,objectid,wz_moving,wz_other,wz_shlder_mdn,vehicle_count,automobile_count,motorcycle_count,bus_count,small_truck_count,heavy_truck_count,suv_count,van_count,bicycle_count,maj_inj_count,mod_inj_count,min_inj_count,tot_inj_count,unk_inj_deg_count,unk_inj_per_count,driver_count_16yr,driver_count_17yr,driver_count_18yr,driver_count_19yr,driver_count_20yr,driver_count_50_64yr,driver_count_65_74yr,driver_count_75plus,unbelted_occ_count,unb_death_count,unb_maj_inj_count,belted_death_count,belted_maj_inj_count,mcycle_death_count,mcycle_maj_inj_count,bicycle_death_count,bicycle_maj_inj_count,ped_count,ped_death_count,ped_maj_inj_count,max_severity_level,comm_veh_count,dec_lat,dec_long,rdwy_surf_type_cd,county_name
 ,51558,2013095970,6,67,67301,2013,8,3,1930,19,1,1,0,5,1, , ,N,0,0,0,3,0,1,2,2,N, ,39 58:16.146,75 09:27.235,1940, ,1934, ,0, , , ,0, , , , , ,578400, , , ,2,1,1,0,0,0,0,0,0,0,0,1,1,0,0,0,0,0,0,0,0,0,0,0,0,0,0,0,0,0,0,0,0,0,0,4,0,39.9712,-75.1576, , 
 ,51559,2013101090,6,67,67301,2013,9,3,906,9,1,1,0,4,1, , ,N,5,2,0,3,0,1,2,2,N,N,40 02:03.671,75 04:29.368,920, ,907,1,1,4,N, ,3,N, , , , ,578404, , , ,2,1,0,0,0,0,0,1,0,0,0,1,1,0,0,0,0,0,0,0,1,0,0,0,0,0,0,0,0,0,0,0,0,0,0,4,0,40.0344,-75.0748, , 
 ,51560,2013111893,6,67,67301,2013,10,7,9999,99,1,1,0,6,1, , ,N,1,2,0,3,0,1,2,2,N, ,39 57:31.260,75 10:01.857,819, ,819, ,0, , , ,3, , , , , ,578409, , , ,2,2,0,0,0,0,0,0,0,0,0,1,1,0,0,0,0,0,0,0,0,1,0,0,0,0,0,0,0,0,0,0,0,0,0,4,0,39.9583,-75.1673, , 
 ,51561,2013062554,6,67,67301,2013,5,5,1506,15,1,1,0,8,1, , ,N,0,2,7,3,0,1,2,2,N,N,39 54:53.273,75 09:21.345,1510, ,1506,1,1,3, , ,3,Y, , , , ,578433, , , ,1,0,0,0,0,0,1,0,0,0,0,1,1,0,0,0,0,0,0,0,0,0,0,0,0,0,0,0,0,0,0,0,1,0,0,4,0,39.9148,-75.1559, , 
N,51562,2013068706,6,67,67301,2013,7,2,929,9,1,2,1,1,1,1,4,Y,6,3,2,3,0,1,2,2,N,N,40 01:24.491,75 02:00.443,939,25,933, ,0, ,N, ,3, ,Y,N,N,N,578440,N,N,Y,2,1,0,0,0,0,1,0,0,0,0,0,1,1,0,0,0,0,0,0,0,1,0,0,0,0,0,0,0,0,0,0,0,0,0,8,0,40.0234,-75.0336, , 
 ,51563,2013070272,6,67,67301,2013,6,7,1640,16,1,1,0,1,1, , ,N,1,2,0,3,0,2,4,2,N,N,39 59:40.590,75 09:35.349,1646, ,1640, ,0, ,N, ,3, , , , , ,578442, , , ,2,2,0,0,0,0,0,0,0,0,0,2,2,0,1,0,0,0,0,0,0,0,0,0,0,0,0,0,0,0,0,0,0,0,0,4,0,39.9946,-75.1598, , 
 ,51564,2013105959,6,67,67301,2013,9,1,1930,19,3,1,0,7,5, , ,N,0,0,0,3,0,2,2,1,N,N,39 59:10.877,75 05:31.988,1932, ,1930,1,1,2,N, ,0,N, , , , ,578465, , , ,1,1,0,0,0,0,0,0,0,0,0,2,2,0,0,0,0,0,0,0,0,0,0,0,0,0,0,0,0,0,0,0,0,0,0,4,0,39.9864,-75.0922, , 
 ,51565,2013080091,6,67,67301,2013,7,6,1740,17,1,2,1,4,1, , ,N,1,0,0,3,0,1,2,2,N, ,39 54:47.100,75 14:35.859,1805, ,1758,9,1,5, , ,0,N, , , , ,578480, , , ,2,2,0,0,0,0,0,0,0,0,0,1,1,0,0,0,0,0,0,0,0,0,0,0,0,0,0,0,0,0,0,0,0,0,0,4,0,39.9131,-75.2433, , 
 ,51566,2013081311,6,67,67301,2013,7,3,1306,13,1,1,0,5,1, , ,N,6,0,2,3,0,1,2,2,N,N,39 59:35.013,75 05:06.819,1309, ,1306, ,0, ,N, ,0, , , , , ,578483, , , ,2,2,0,0,0,0,0,0,0,0,0,1,1,0,0,0,0,0,0,0,0,0,1,0,0,0,0,0,0,0,0,0,0,0,0,4,0,39.9931,-75.0852, , 
 ,51567,2013101093,6,67,67301,2013,8,7,2013,20,4,1,0,8,1, , ,N,0,0,0,3,0,1,2,2,N,N,39 56:57.098,75 13:45.681,2019, ,2013, ,0, ,N, ,0, , , , , ,578506, , , ,1,0,0,0,0,0,0,0,0,0,1,0,1,0,0,0,0,0,0,0,0,0,0,0,0,0,0,0,0,0,0,0,1,0,0,3,0,39.9492,-75.2294, , 
 ,51568,2013101782,6,67,67301,2013,9,2,1012,10,1,1,0,1,1, , ,N,0,0,0,3,0,3,5,3,N,N,40 04:44.439,75 01:30.780,1028, ,1025,1,2,4,N, ,0,Y, , , , ,578509, , , ,3,2,0,0,0,0,1,0,0,0,0,0,3,3,0,0,0,0,0,0,2,0,0,0,0,0,0,0,0,0,0,0,0,0,0,8,0,40.079,-75.0252, , 
 ,51569,2013070422,6,67,67301,2013,6,7,2136,21,3,1,0,4,1, , ,N,1,2,0,3,0,3,3,2,N,N,40 02:25.798,75 03:31.964,2139, ,2137,2,2,7,N, ,3,Y, , , , ,578525, , , ,2,2,0,0,0,0,0,0,0,0,2,1,3,0,0,0,0,0,0,0,0,0,0,0,0,0,0,0,0,0,0,0,0,0,0,3,0,40.0405,-75.0589, , 
 ,51570,2013065975,6,67,67301,2013,5,4,1813,18,1,1,0,1,1, , ,N,0,2,0,3,0,1,3,2,N,N,39 57:46.675,75 10:43.531,1820, ,1813, ,0, ,N, ,3, , , , , ,578528, , , ,2,1,0,0,0,0,1,0,0,0,0,1,1,0,2,0,0,0,0,1,0,0,0,0,0,0,0,0,0,0,0,0,0,0,0,4,0,39.963,-75.1788, , 
 ,51571,2013070380,6,67,67301,2013,6,3,2227,22,3,1,0,4,1, , ,N,1,2,0,3,0,0,2,2,N,N,39 57:20.808,75 09:32.558,2324, ,2319,2,1,3, , ,3,N, , , , ,578533, , , ,2,2,0,0,0,0,0,0,0,0,0,0,0,0,0,0,0,0,0,0,0,0,1,0,0,0,0,0,0,0,0,0,0,0,0,0,0,39.9558,-75.159, , 
 ,51572,2013101216,6,67,67301,2013,9,3,29,0,3,1,0,6,1, , ,N,1,2,0,3,0,1,2,2,N,N,40 00:44.009,75 09:01.745,36, ,34, ,0, ,N, ,3, , , , , ,578563, , , ,2,1,0,0,1,0,0,0,0,0,1,0,1,0,0,0,0,0,0,0,0,0,0,0,0,0,0,0,0,0,0,0,0,0,0,3,0,40.0122,-75.1505, , 
 ,51573,2013101293,6,67,67301,2013,8,4,726,7,1,1,1,4,1, , ,N,1,0,0,3,0,0,2,2,N,N,39 57:04.796,75 11:57.319,727, ,727, ,0, ,N, ,0, , , , , ,578564, , , ,2,2,0,0,0,0,0,0,0,0,0,0,0,0,0,0,0,0,0,0,0,0,0,0,0,0,0,0,0,0,0,0,0,0,0,0,0,39.9513,-75.1991, , 
 ,51574,2013062583,6,67,67301,2013,5,6,1430,14,1,2,1,6,1, , ,N,0,0,0,3,0,1,2,3,N,N,40 00:41.454,75 06:28.836,1450, ,1450, ,0, , , ,0, , , , , ,578577, , , ,3,0,0,0,1,0,2,0,0,0,0,0,1,1,0,0,0,0,0,0,1,0,0,0,0,0,0,0,0,0,0,0,0,0,0,8,0,40.0115,-75.108, , 
 ,51575,2013079177,6,67,67301,2013,8,2,1053,10,1,1,0,1,1, , ,N,0,0,0,3,0,2,2,2,N,N,39 53:57.888,75 09:55.589,1102, ,1054,1,1,2,N, ,0,N, , , , ,568988, , , ,2,2,0,0,0,0,0,0,0,0,1,1,2,0,0,0,0,0,0,0,0,1,0,0,0,0,0,0,0,0,0,0,0,0,0,3,0,39.8994,-75.1654, , 
 ,51576,2013084032,6,67,67301,2013,7,2,1915,19,1,1,0,4,1, , ,N,2,0,0,3,0,1,2,2,N,N,39 57:05.909,75 14:56.616,1930, ,1926, ,0, , , ,0, , , , , ,568992, , , ,2,2,0,0,0,0,0,0,0,0,1,0,1,0,0,0,0,0,0,0,1,0,0,0,0,0,0,0,0,0,0,0,0,0,0,3,0,39.9516,-75.2491, , 
 ,51577,2013035314,6,67,67301,2013,3,3,27,0,3,1,0,2,1, , ,N,1,2,0,3,0,0,2,3,N,N,39 59:42.613,75 06:44.162,45, ,43,9,1,3,N, ,3,N, , , , ,569044, , , ,3,2,0,0,0,0,0,0,0,0,0,0,0,0,0,0,0,0,0,0,2,0,0,1,0,0,0,0,0,0,0,0,0,0,0,0,0,39.9952,-75.1123, , 
 ,51578,2013070174,6,67,67301,2013,6,5,1440,14,1,1,0,8,1, , ,N,2,0,0,3,0,1,2,2,N, ,40 00:35.830,75 04:57.590,1650, ,1642, ,0, , , ,0, , , , , ,569066, , , ,1,0,0,0,0,0,1,0,0,0,0,0,1,1,0,0,0,0,0,0,1,0,0,0,0,0,0,0,0,0,0,0,1,0,0,8,0,40.01,-75.0827, , 
 ,51579,2013079570,6,67,67301,2013,7,2,1405,14,1,1,0,1,1, , ,N,0,0,0,3,0,2,2,2,N,N,40 02:46.380,75 08:08.768,1407, ,1406, ,0, ,N, ,0, , , , , ,569085, , , ,2,1,0,0,0,0,1,0,0,0,0,2,2,0,0,0,0,0,0,0,2,0,0,0,0,0,0,0,0,0,0,0,0,0,0,4,0,40.0462,-75.1358, , 
 ,51580,2013093191,6,67,67301,2013,8,7,920,9,1,1,0,7,2, , ,N,0,0,3,3,0,1,1,1,N,N,40 01:47.718,75 05:15.930,932, ,925,2,2,1, , ,0,N, , , , ,569095, , , ,1,0,0,0,0,0,1,0,0,0,0,0,1,1,0,0,0,0,0,0,1,0,0,0,0,0,0,0,0,0,0,0,0,0,0,8,0,40.0299,-75.0878, , 
 ,51581,2013094745,6,67,67301,2013,7,7,1715,17,4,1,0,1,1, , ,N,3,3,0,3,0,3,4,2,N,N,39 56:51.981,75 13:33.808,0, ,0, ,0, ,N, ,3, , , , , ,569097, , , ,2,1,0,0,0,0,0,0,0,0,3,0,3,0,1,0,0,0,0,0,0,0,0,0,0,0,0,0,0,0,0,0,0,0,0,3,0,39.9478,-75.2261, , 
 ,51582,2013106716,6,67,67301,2013,9,7,1552,15,1,1,0,4,1, , ,N,1,2,0,3,0,1,2,2,N, ,39 59:27.154,75 05:28.375,1610, ,1603, ,0, , , ,3, , , , , ,569104, , , ,2,1,0,0,1,0,0,0,0,0,0,1,1,0,0,0,0,0,0,0,0,0,0,0,0,0,0,0,0,0,0,0,0,0,0,4,0,39.9909,-75.0912, , 
 ,51583,2013114975,6,67,67301,2013,11,2,24,0,3,1,0,7,2, , ,N,0,0,0,3,0,0,1,1,N,N,39 57:56.170,75 11:09.859,36, ,30,1,2,4,N, ,0,N, , , , ,569111, , , ,1,1,0,0,0,0,0,0,0,0,0,0,0,0,0,0,0,0,0,0,0,0,0,1,0,0,0,0,0,0,0,0,0,0,0,0,0,39.9656,-75.1861, , 
 ,51584,2013093886,6,67,67301,2013,7,2,2300,23,3,1,0,4,1, , ,N,1,2,0,3,0,1,2,2,N, ,40 05:12.685,74 58:19.097,2308, ,2305,1,2,3, , ,3,Y, , , , ,569142, , , ,1,0,0,0,0,0,1,0,1,0,0,0,1,1,0,0,0,0,0,0,1,0,0,0,0,0,0,0,0,0,0,0,0,0,0,8,0,40.0868,-74.9718, , 
 ,51585,2013123006,6,67,67301,2013,11,7,1630,16,1,1,0,4,1, , ,N,3,2,0,3,0,1,2,2,N, ,40 00:21.955,75 10:35.772,1658, ,1653,1,1,2, , ,3,N, , , , ,569165, , , ,2,2,0,0,0,0,0,0,0,0,0,0,1,1,0,0,0,0,1,0,0,1,0,0,0,0,0,0,0,0,0,0,0,0,0,8,0,40.006,-75.1766, , 
 ,51586,2013070435,6,67,67301,2013,6,1,1532,15,1,1,0,7,2, , ,N,1,2,0,3,0,1,1,1,N,N,40 01:34.401,75 07:02.499,1545, ,1543, ,0, ,N, ,3, , , , , ,569177, , , ,1,0,1,0,0,0,0,0,0,0,1,0,1,0,0,0,0,0,0,0,0,0,0,0,0,0,0,0,0,0,0,0,0,0,0,3,0,40.0262,-75.1174, , 
 ,51587,2013077450,6,67,67301,2013,7,4,2002,20,1,1,0,4,1, , ,N,1,2,0,3,0,3,5,2,N,N,39 57:14.932,75 09:39.712,2003, ,2002, ,0, ,N, ,3, , , , , ,569182, , , ,2,1,0,0,0,0,1,0,0,0,2,1,3,0,0,0,0,0,0,0,1,0,0,0,0,0,0,0,0,0,0,0,0,0,0,3,0,39.9541,-75.161, , 
 ,51588,2013086225,6,67,67301,2013,7,4,1326,13,1,1,0,1,1, , ,N,1,2,0,3,0,2,2,2,N,N,39 58:33.978,75 14:18.941,1359, ,1356, ,0, ,N, ,3, , , , , ,569194, , , ,2,1,0,0,1,0,0,0,0,0,0,0,2,2,0,0,0,0,0,0,0,0,0,0,0,0,0,0,0,0,0,0,0,0,0,8,0,39.9761,-75.2386, , 
 ,51589,2013055390,6,67,67301,2013,5,6,1820,18,1,1,0,8,1, , ,N,0,0,0,3,0,1,2,2,N,N,40 01:23.636,75 09:22.840,1846, ,1845, ,0, ,N, ,0, , , , , ,569219, , , ,1,1,0,0,0,0,0,0,0,0,1,0,1,0,0,0,0,0,0,1,0,0,0,0,0,0,0,0,0,0,0,0,1,0,0,3,0,40.0232,-75.1563, , 
 ,51590,2013074790,6,67,67301,2013,6,5,2210,22,3,2,1,2,1, , ,N,0,0,0,3,0,2,2,2,N,N,40 04:49.870,75 13:23.990,2350, ,2350, ,0, ,N, ,0, , , , , ,569226, , , ,2,1,0,0,0,0,1,0,0,0,0,2,2,0,0,0,0,0,0,0,0,0,0,0,0,0,0,0,0,0,0,0,0,0,0,4,0,40.0805,-75.2233, , 
 ,51591,2013083994,6,67,67301,2013,6,7,9999,99,3,2,1,4,1, , ,N,1,3,0,3,0,3,5,2,N,N,39 57:12.592,75 14:18.596,333, ,330, ,0, ,N, ,3, , , , , ,569240, , , ,2,1,0,0,0,0,1,0,0,0,1,2,3,0,0,0,0,0,0,0,0,0,0,0,0,0,0,0,0,0,0,0,0,0,0,3,0,39.9535,-75.2385, , 
 ,51592,2013101243,6,67,67301,2013,9,2,1758,17,1,1,0,4,1, , ,N,0,8,0,3,0,0,2,2,N,N,40 00:54.567,75 10:38.563,1806, ,1802,1,2,4,N, ,3,N, , , , ,569263, , , ,2,2,0,0,0,0,0,0,0,0,0,0,0,0,0,0,0,0,0,0,1,0,0,0,0,0,0,0,0,0,0,0,0,0,0,0,0,40.0152,-75.1774, , 
 ,51593,2013062670,6,67,67301,2013,5,1,2330,23,3,1,0,1,1, , ,N,0,0,0,3,0,1,2,2,N,N,40 00:57.126,75 10:13.074,13, ,12, ,0, ,N, ,0, , , , , ,572314, , , ,2,1,0,0,0,0,1,0,0,0,0,0,1,1,0,0,0,0,0,0,1,0,0,1,0,0,0,0,0,0,0,0,0,0,0,8,0,40.0159,-75.1703, , 
 ,51594,2013070517,6,67,67301,2013,6,1,242,2,3,1,0,7,5, , ,N,0,0,0,3,0,1,1,1,N,N,40 05:16.882,74 58:21.638,250, ,245, ,0, ,N, ,0, , , , , ,572320, , , ,1,1,0,0,0,0,0,0,0,0,1,0,1,0,0,0,0,0,0,0,0,0,0,0,0,0,0,0,0,0,0,0,0,0,0,3,0,40.088,-74.9727, , 
 ,51595,2013083979,6,67,67301,2013,7,4,1530,15,1,1,0,4,1, , ,N,1,2,0,3,0,0,4,2,N,N,40 03:44.013,75 09:06.397,1557, ,1552,1,1,2,N, ,3,N, , , , ,572329, , , ,2,1,0,0,0,0,1,0,0,0,0,0,0,0,0,0,0,1,0,0,1,0,0,0,0,0,0,0,0,0,0,0,0,0,0,0,0,40.0622,-75.1518, , 
 ,51596,2013053548,6,67,67301,2013,4,6,9999,99,1,1,0,4,1, , ,N,1,2,0,3,0,5,6,2,N, ,39 59:53.719,75 07:38.508,1011, ,947, ,0, , , ,3, , , , , ,572350, , , ,2,2,0,0,0,0,0,0,0,0,0,5,5,0,0,0,0,0,0,0,0,0,0,0,0,0,0,0,0,0,0,0,0,0,0,4,0,39.9983,-75.1274, , 
 ,51597,2013101144,6,67,67301,2013,9,3,150,1,3,1,0,7,5, , ,N,1,3,0,3,0,1,1,1,N, ,39 58:57.363,75 08:25.310,200, ,150, ,0, , , ,3, , , , , ,572419, , , ,1,0,0,0,0,0,1,0,0,0,0,1,1,0,0,0,0,0,0,0,0,0,0,0,0,0,0,0,0,0,0,0,0,0,0,4,0,39.9826,-75.1404, , 
 ,51598,2013106636,6,67,67301,2013,9,6,650,6,1,1,0,1,1, , ,N,0,0,0,3,0,0,2,3,N,N,40 01:50.927,75 07:04.616,951, ,949, ,0, ,N, ,0, , , , , ,572424, , , ,2,1,0,0,1,0,0,0,0,0,0,0,0,0,1,0,0,0,0,0,0,0,0,1,0,0,0,0,0,0,0,0,0,0,0,9,0,40.0308,-75.1179, , 
 ,51599,2013064611,6,67,67301,2013,6,3,1224,12,1,1,0,4,1, , ,N,3,3,0,3,0,2,2,2,N,N,40 00:26.055,75 10:28.017,1225, ,1224, ,0, , , ,3, , , , , ,572451, , , ,2,2,0,0,0,0,0,0,0,0,0,0,2,2,0,0,0,0,0,0,0,0,0,0,0,0,0,0,0,0,0,0,0,0,0,8,0,40.0072,-75.1745, , 
 ,51600,2013065439,6,67,67301,2013,5,1,339,3,3,2,1,7,5, , ,N,2,2,0,3,0,0,1,1,N,N,40 07:06.945,75 00:25.153,355, ,342, ,0, , , ,3, , , , , ,572452, , , ,1,1,0,0,0,0,0,0,0,0,0,0,0,0,1,0,0,0,0,0,0,0,0,0,0,0,0,0,0,0,0,0,0,0,0,9,0,40.1186,-75.007, , 
 ,51601,2013074711,6,67,67301,2013,3,4,1143,11,1,1,0,8,1, , ,N,5,2,2,3,0,1,2,2,N, ,39 57:27.542,75 09:44.544,1210, ,1205,2,1,3, , ,3,N, , , , ,572459, , , ,1,0,0,0,0,0,0,1,0,0,0,0,1,1,0,0,0,0,1,0,0,0,0,0,0,0,0,0,0,0,0,0,1,0,0,8,0,39.9577,-75.1624, , 
 ,51602,2013094684,6,67,67301,2013,8,5,2330,23,6,1,0,1,1, , ,N,0,9,0,3,0,1,2,2,N,N,39 59:30.845,75 11:12.029,0, ,0, ,0, ,N, ,9, , , , , ,572475, , , ,2,1,0,0,0,0,0,0,0,0,0,0,1,1,1,0,0,0,0,0,0,0,0,0,0,0,0,0,0,0,0,0,0,0,0,8,0,39.9919,-75.1867, , 
 ,51603,2013109414,6,67,67301,2013,9,1,1015,10,1,1,0,8,1, , ,N,0,0,0,3,0,1,2,2,N,N,39 58:38.233,75 13:39.662,1023, ,1021, ,0, ,N, ,0, , , , , ,572489, , , ,1,1,0,0,0,0,0,0,0,0,0,1,1,0,0,0,0,0,0,0,0,1,0,0,0,0,0,0,0,0,0,0,1,0,0,4,0,39.9773,-75.2277, , 
 ,51604,2013070200,6,67,67301,2013,6,7,1915,19,4,1,0,8,1, , ,N,0,0,0,3,0,1,3,2,N,N,39 54:16.524,75 10:02.722,1920, ,1920, ,0, ,N, ,0, , , , , ,572513, , , ,1,1,0,0,0,0,0,0,0,0,1,0,1,0,0,0,0,0,0,0,0,0,0,0,0,0,0,0,0,0,0,0,1,0,0,3,0,39.9046,-75.1674, , 
 ,51605,2013074798,6,67,67301,2013,6,7,1930,19,1,1,0,8,5, , ,N,0,0,0,3,0,1,2,2,N,N,40 01:47.045,75 02:09.300,1938, ,1936, ,0, ,N, ,0, , , , , ,572520, , , ,1,0,0,1,0,0,0,0,0,0,0,1,1,0,0,0,0,0,0,0,0,0,0,0,0,0,0,0,0,0,0,0,1,0,0,4,1,40.0297,-75.0359, , 
 ,51606,2013103931,6,67,67301,2013,9,5,1257,12,1,1,0,7,4, , ,N,2,3,0,3,0,1,1,1,N,N,39 52:57.144,75 13:33.841,1310, ,1258,3,2,5,N, ,3,Y, , , , ,572537, , , ,1,1,0,0,0,0,0,0,0,0,0,1,1,0,0,0,0,0,0,0,0,0,0,0,0,0,0,0,0,0,0,0,0,0,0,4,0,39.8825,-75.2261, , 
 ,51607,2013103933,6,67,67301,2013,4,4,1406,14,1,1,0,4,1, , ,N,1,2,0,3,0,0,2,2,N,N,39 57:45.749,75 09:47.159,1418, ,1409,1,1,4,N, ,3,N, , , , ,572538, , , ,2,2,0,0,0,0,0,0,0,0,0,0,0,0,0,0,0,0,0,0,0,1,1,0,0,0,0,0,0,0,0,0,0,0,0,0,0,39.9627,-75.1631, , 
 ,51608,2013053410,6,67,67301,2013,5,3,820,8,1,1,0,1,1, , ,N,0,0,0,3,0,1,4,2,N,N,39 56:46.409,75 11:20.849,828, ,825, ,0, ,N, ,0, , , , , ,572544, , , ,2,1,0,0,0,0,1,0,0,0,0,1,1,0,0,0,0,0,0,0,1,0,0,0,0,0,0,0,0,0,0,0,0,0,0,4,0,39.9462,-75.1891, , 
 ,51609,2013071522,6,67,67301,2013,7,1,1735,17,1,1,0,6,1, , ,N,1,2,0,3,0,0,4,2,N,N,39 59:08.181,75 09:03.283,1740, ,1740, ,0, ,N, ,3, , , , , ,572558, , , ,2,2,0,0,0,0,0,0,0,0,0,0,0,0,1,0,0,0,0,0,0,0,0,0,0,0,0,0,0,0,0,0,0,0,0,9,0,39.9856,-75.1509, , 
 ,51610,2013077410,6,67,67301,2013,6,6,1803,18,1,1,0,5,2, , ,N,0,0,0,3,0,0,1,2,N, ,39 58:57.009,75 07:35.694,1806, ,1805, ,0, , , ,0, , , , , ,572562, , , ,2,2,0,0,0,0,0,0,0,0,0,0,0,0,1,0,0,0,0,0,0,0,0,0,0,0,0,0,0,0,0,0,0,0,0,9,0,39.9825,-75.1266, , 
 ,51611,2013053098,6,67,67301,2013,4,2,1755,17,1,1,0,1,1, , ,N,0,2,0,3,0,1,4,2,N,N,39 55:12.410,75 13:48.698,1815, ,1812, ,0, ,N, ,3, , , , , ,575439, , , ,2,2,0,0,0,0,0,0,0,0,0,0,1,1,0,0,0,0,0,0,0,0,0,0,0,0,0,0,0,0,0,0,0,0,0,8,0,39.9201,-75.2302, , 
 ,51612,2013055838,6,67,67301,2013,5,7,410,4,3,1,0,7,2, , ,N,1,2,0,3,0,1,1,1,N,N,40 05:12.438,74 58:18.635,416, ,413,2,2,1,N, ,3,Y, , , , ,575441, , , ,1,0,0,0,0,0,1,0,0,0,1,0,1,0,0,0,0,0,0,0,0,0,0,1,0,0,0,0,0,0,0,0,0,0,0,3,0,40.0868,-74.9718, , 
 ,51613,2013077519,6,67,67301,2013,6,7,1253,12,1,1,0,1,1, , ,N,1,3,0,3,0,3,8,3,N,N,40 02:52.901,75 05:34.215,1301, ,1254,1,2,4,N, ,3,Y, , , , ,575450, , , ,3,2,0,0,0,0,1,0,0,0,0,3,3,0,0,0,0,0,0,0,1,0,0,0,0,0,0,0,0,0,0,0,0,0,0,4,0,40.048,-75.0928, , 
 ,51614,2013077532,6,67,67301,2013,6,4,219,2,3,1,0,7,2, , ,N,5,2,0,3,0,0,1,1,N,N,40 03:23.039,75 01:43.855,233, ,219, ,0, , , ,3, , , , , ,575451, , , ,1,1,0,0,0,0,0,0,0,0,0,0,0,0,1,0,0,0,0,0,0,0,0,0,0,0,0,0,0,0,0,0,0,0,0,9,0,40.0564,-75.0288, , 
 ,51615,2013086708,6,67,67301,2013,7,2,1724,17,1,1,0,4,1, , ,N,1,2,0,3,0,1,3,2,N,N,39 55:05.640,75 12:31.416,1727, ,1726, ,0, ,N, ,3, , , , , ,575456, , , ,2,1,0,0,0,0,1,0,0,0,0,1,1,0,0,0,0,0,0,0,0,0,0,0,0,0,0,0,0,0,0,0,0,0,0,4,0,39.9182,-75.2088, , 
 ,51616,2013065370,6,67,67301,2013,5,1,1620,16,1,2,1,4,2, , ,N,0,0,0,3,0,0,2,3,N,N,40 03:27.565,75 12:00.115,1635, ,1635, ,0, , , ,0, , , , , ,575488, , , ,3,3,0,0,0,0,0,0,0,0,0,0,0,0,2,0,0,0,0,0,0,0,0,0,0,0,0,0,0,0,0,0,0,0,0,9,0,40.0577,-75.2, , 
 ,51617,2013067335,6,67,67301,2013,4,2,2005,20,3,1,0,1,1, , ,N,3,2,0,3,0,1,2,2,N,N,40 02:50.984,75 06:44.541,0, ,0, ,0, ,N, ,3, , , , , ,575494, , , ,2,2,0,0,0,0,0,0,0,0,0,1,1,0,1,0,0,0,0,0,0,0,0,0,0,0,0,0,0,0,0,0,0,0,0,4,0,40.0475,-75.1124, , 
 ,51618,2013074650,6,67,67301,2013,6,6,1645,16,1,1,0,8,1, , ,N,0,0,0,3,0,1,2,2,N, ,39 56:41.938,75 10:48.190,1649, ,1646, ,0, , , ,0, , , , , ,575504, , , ,1,1,0,0,0,0,0,0,0,0,1,0,1,0,0,0,0,0,0,0,0,0,1,0,0,0,0,0,0,0,0,0,1,0,0,3,0,39.945,-75.1801, , 
 ,51619,2013074676,6,67,67301,2013,6,5,1925,19,1,2,1,4,2, , ,N,2,3,0,3,0,1,3,2,N,N,39 59:51.548,75 07:21.826,1930, ,1925,2,1,3,N, ,3,N, , , , ,575505, , , ,1,0,0,0,0,0,1,0,1,0,0,1,1,0,0,0,0,0,0,0,0,0,0,0,0,0,0,0,0,0,0,0,0,0,0,4,0,39.9977,-75.1227, , 
 ,51620,2013074769,6,67,67301,2013,5,4,813,8,1,1,0,8,1, , ,N,2,0,0,3,0,1,2,2,N,Y,40 01:04.954,75 09:26.539,824, ,822, ,0, , , ,0, , , , , ,575506, , , ,1,0,0,0,0,0,0,1,0,0,1,0,1,0,0,0,0,0,0,0,0,0,0,0,0,0,0,0,0,0,0,0,1,0,0,3,0,40.018,-75.1574, , 
 ,51621,2013077493,6,67,67301,2013,7,1,2120,21,3,1,0,4,1, , ,N,0,0,0,3,0,0,3,2,N,N,40 02:11.792,75 03:19.047,2212, ,2153, ,0, ,N, ,0, , , , , ,575508, , , ,2,2,0,0,0,0,0,0,0,0,0,0,0,0,0,0,0,0,0,1,0,0,0,0,0,0,0,0,0,0,0,0,0,0,0,0,0,40.0366,-75.0553, , 
Y,51622,2013059832,6,67,67301,2013,5,5,902,9,1,1,0,1,1,1,5,Y,0,0,0,3,0,1,2,2,N,N,40 00:42.551,75 03:38.052,912,50,902, ,0, ,N, ,0, ,Y,N,N,N,575535,Y,N,Y,2,0,0,0,0,0,1,1,0,0,0,1,1,0,0,0,0,0,1,0,1,0,0,1,0,0,0,0,0,0,0,0,0,0,0,4,0,40.0118,-75.0605, , 
 ,51623,2013070934,6,67,67301,2013,6,7,9999,99,1,1,0,4,1, , ,N,1,2,0,3,0,0,3,2,N,N,39 54:59.440,75 10:23.109,1736, ,1724, ,0, ,N, ,3, , , , , ,575541, , , ,2,1,0,0,1,0,0,0,0,0,0,0,0,0,1,0,0,0,0,0,1,0,0,0,0,0,0,0,0,0,0,0,0,0,0,9,0,39.9165,-75.1731, , 
 ,51624,2013077462,6,67,67301,2013,6,1,1515,15,1,2,1,8,1, , ,N,0,0,0,3,0,1,2,2,N, ,39 56:34.904,75 13:33.769,1532, ,1526, ,0, , , ,0, , , , , ,575549, , , ,1,1,0,0,0,0,0,0,0,0,0,1,1,0,0,0,0,0,0,0,0,0,0,0,0,0,0,0,0,0,0,0,1,0,0,4,0,39.943,-75.226, , 