wz_ln_closure,objectid_1,crn,district,county,municipality,crash_year,crash_month,day_of_week,time_of_day,hour_of_day,illumination,weather,road_condition,collision_type,relation_to_road,work_zone_type,work_zone_loc,work_zone_ind,intersect_type,tcd_type,location_type,urban_rural,fatal_count,injury_count,person_count,total_units,sch_bus_ind,sch_zone_ind,latitude,longitude,arrival_tm,cons_zone_spd_lim,dispatch_tm,est_hrs_closed,lane_closed,ln_close_dir,ntfy_hiwy_maint,spec_juris_cd,tcd_func_cd,tfc_detour_ind,workers_pres,wz_close_detour,wz_flagger,wz_law_offcr_ind,objectid,wz_moving,wz_other,wz_shlder_mdn,vehicle_count,automobile_count,motorcycle_count,bus_count,small_truck_count,heavy_truck_count,suv_count,van_count,bicycle_count,maj_inj_count,mod_inj_count,min_inj_count,tot_inj_count,unk_inj_deg_count,unk_inj_per_count,driver_count_16yr,driver_count_17yr,driver_count_18yr,driver_count_19yr,driver_count_20yr,driver_count_50_64yr,driver_count_65_74yr,driver_count_75plus,unbelted_occ_count,unb_death_count,unb_maj_inj_count,belted_death_count,belted_maj_inj_count,mcycle_death_count,mcycle_maj_inj_count,bicycle_death_count,bicycle_maj_inj_count,ped_count,ped_death_count,ped_maj_inj_count,max_severity_level,comm_veh_count,dec_lat,dec_long,rdwy_surf_type_cd,county_name
 ,51691,2013086659,6,67,67301,2013,8,7,1215,12,1,1,0,4,1, , ,N,1,3,0,3,0,4,5,2,N,N,39 57:23.835,75 08:45.196,1245, ,1237,1,1,2, , ,3,N, , , , ,575681, , , ,2,1,0,0,0,0,0,1,0,0,0,4,4,0,0,0,0,0,0,0,0,0,0,0,0,0,0,0,0,0,0,0,0,0,0,4,0,39.9566,-75.1459, , 
 ,51692,2013086685,6,67,67301,2013,7,6,2300,23,3,2,1,8,1, , ,N,1,2,0,3,0,1,2,2,N,N,39 58:31.593,75 11:26.704,2315, ,2300,3,1,3,N, ,3,Y, , , , ,575682, , , ,1,0,0,0,0,0,1,0,0,0,0,0,1,1,0,0,0,0,0,0,0,1,0,1,0,0,0,0,0,0,0,0,1,0,0,8,0,39.9754,-75.1908, , 
 ,51693,2013098436,6,67,67301,2013,9,1,2015,20,3,1,0,8,1, , ,N,1,3,0,3,0,1,2,2,N,N,40 00:33.940,75 08:24.511,2040, ,2030, ,0, , , ,3, , , , , ,575689, , , ,1,1,0,0,0,0,0,0,0,0,0,0,1,1,0,0,0,0,0,0,0,0,0,0,0,0,0,0,0,0,0,0,1,0,0,8,0,40.0094,-75.1401, , 
 ,51694,2013106605,6,67,67301,2013,9,3,1510,15,1,1,0,4,1, , ,N,1,0,0,3,0,1,2,2,N,N,39 57:37.465,75 10:06.409,1515, ,1515, ,0, ,N, ,0, , , , , ,575699, , , ,1,1,0,0,0,0,0,0,1,0,0,0,1,1,0,0,0,0,0,0,1,0,0,0,0,0,0,0,0,0,0,0,0,0,0,8,0,39.9604,-75.1684, , 
 ,51695,2013121339,6,67,67301,2013,10,4,1448,14,1,1,0,1,1, , ,N,2,2,0,3,0,1,2,2,N, ,40 06:35.729,75 01:30.785,1451, ,1448,9,1,2,N, ,3,N, , , , ,575717, , , ,2,1,0,0,1,0,0,0,0,0,0,1,1,0,0,0,0,1,0,0,0,0,0,0,0,0,0,0,0,0,0,0,0,0,0,4,0,40.1099,-75.0251, , 
 ,51696,2013125395,6,67,67301,2013,11,7,338,3,3,1,0,1,1, , ,N,0,0,0,3,0,2,3,2,N,N,39 58:42.157,75 06:37.809,338, ,338,2,2,1,N, ,0,N, , , , ,575719, , , ,2,1,0,0,0,0,1,0,0,0,0,0,2,2,0,0,0,0,0,0,1,0,0,0,0,0,0,0,0,0,0,0,0,0,0,8,0,39.9783,-75.1106, , 
 ,51697,2013125867,6,67,67301,2013,11,2,1004,10,1,1,0,1,1, , ,N,1,2,0,3,0,1,2,2,N, ,39 56:55.829,75 12:53.933,1225, ,1005, ,0, , , ,3, , , , , ,575721, , , ,2,0,0,0,0,0,2,0,0,0,0,1,1,0,1,0,0,0,0,0,1,0,0,0,0,0,0,0,0,0,0,0,0,0,0,4,0,39.9488,-75.215, , 
 ,51698,2013050255,6,67,67301,2013,4,5,915,9,1,1,0,8,1, , ,N,0,0,0,3,0,1,2,2,N,N,39 58:50.674,75 10:18.145,936, ,929,3,2,1,N, ,0,Y, , , , ,575725, , , ,1,0,0,0,1,0,0,0,0,0,0,1,1,0,0,0,0,0,0,0,0,0,0,0,0,0,0,0,0,0,0,0,1,0,0,4,0,39.9807,-75.1717, , 
 ,51699,2013095957,6,67,67301,2013,7,7,1605,16,1,1,0,8,1, , ,N,0,0,0,3,0,1,2,2,N,N,40 01:49.882,75 07:39.684,1612, ,1610, ,0, ,N, ,0, , , , , ,575756, , , ,1,1,0,0,0,0,0,0,0,0,0,1,1,0,0,0,0,0,0,0,0,0,0,0,0,0,0,0,0,0,0,0,1,0,0,4,0,40.0305,-75.1277, , 
 ,51700,2013069754,6,67,67301,2013,7,6,2050,20,3,1,0,7,4, , ,N,0,0,0,3,0,0,2,2,N,N,39 59:39.557,75 11:55.935,2056, ,2051,1,2,3,N, ,0,N, , , , ,575829, , , ,2,0,0,0,0,1,1,0,0,0,0,0,0,0,0,0,0,0,0,0,1,0,0,0,0,0,0,0,0,0,0,0,0,0,0,0,1,39.9943,-75.1989, , 
 ,51701,2013074794,6,67,67301,2013,6,2,129,1,3,1,0,1,1, , ,N,0,0,0,3,0,2,3,3,N, ,39 53:19.059,75 14:49.051,130, ,129,2,1,6, , ,0,N, , , , ,579114, , , ,3,2,0,0,0,0,0,0,0,0,0,0,2,2,0,0,0,0,0,0,0,0,0,0,0,0,0,0,0,0,0,0,0,0,0,8,0,39.8886,-75.247, , 
 ,51702,2013082171,6,67,67301,2013,8,3,1614,16,1,1,0,7,2, , ,N,0,0,0,3,0,1,1,1,N,N,39 58:53.035,75 06:09.505,1623, ,1623,2,2,2,N, ,0,N, , , , ,579118, , , ,1,1,0,0,0,0,0,0,0,0,0,0,1,1,0,0,0,0,0,0,0,0,0,1,0,0,0,0,0,0,0,0,0,0,0,8,0,39.9814,-75.1026, , 
 ,51703,2013095956,6,67,67301,2013,8,6,736,7,1,1,0,4,1, , ,N,1,2,0,3,0,1,2,2,N,Y,40 01:55.630,75 08:46.102,737, ,736,1,1,2,N, ,3,Y, , , , ,579135, , , ,2,2,0,0,0,0,0,0,0,0,0,1,1,0,0,0,0,0,0,0,0,0,0,0,0,0,0,0,0,0,0,0,0,0,0,4,0,40.0321,-75.1461, , 
 ,51704,2013079594,6,67,67301,2013,7,6,1220,12,1,1,0,4,1, , ,N,1,3,0,3,0,1,2,2,N,N,39 54:59.479,75 10:46.653,1235, ,1225, ,0, ,N, ,3, , , , , ,579148, , , ,2,1,0,0,0,0,1,0,0,0,0,0,1,1,0,0,0,0,0,0,1,0,0,0,0,0,0,0,0,0,0,0,0,0,0,8,0,39.9165,-75.1796, , 
 ,51705,2013084028,6,67,67301,2013,7,5,1701,17,1,1,0,4,1, , ,N,1,0,0,3,0,3,3,2,N, ,40 07:44.061,75 00:31.316,9999, ,1130, ,0, , , ,0, , , , , ,579155, , , ,2,2,0,0,0,0,0,0,0,0,0,0,3,3,0,0,0,0,0,0,0,1,1,0,0,0,0,0,0,0,0,0,0,0,0,8,0,40.1289,-75.0087, , 
 ,51706,2013098351,6,67,67301,2013,8,7,2130,21,3,1,0,4,1, , ,N,1,2,0,3,0,0,2,2,N,N,40 03:23.636,75 02:47.581,2145, ,2140,1,1,1,N, ,3,N, , , , ,579163, , , ,2,2,0,0,0,0,0,0,0,0,0,0,0,0,2,0,0,0,0,0,0,0,0,0,0,0,0,0,0,0,0,0,0,0,0,9,0,40.0566,-75.0466, , 
 ,51707,2013106758,6,67,67301,2013,9,2,1359,13,1,1,0,1,1, , ,N,2,2,0,3,0,0,4,3,N,N,40 01:11.588,75 10:29.885,1430, ,1424, ,0, ,N, ,3, , , , , ,579183, , , ,3,1,0,0,1,0,1,0,0,0,0,0,0,0,2,0,0,0,0,0,1,0,1,0,0,0,0,0,0,0,0,0,0,0,0,9,0,40.0199,-75.175, , 
 ,51708,2013112778,6,67,67301,2013,10,5,710,7,1,1,0,1,1, , ,N,0,0,0,3,0,1,3,3,N,N,40 01:17.928,75 02:22.493,745, ,723,1,1,1,N, ,0,N, , , , ,579189, , , ,3,1,0,0,0,0,1,1,0,0,0,1,1,0,0,0,0,0,0,0,2,0,0,0,0,0,0,0,0,0,0,0,0,0,0,4,0,40.0216,-75.0398, , 
 ,51709,2013121444,6,67,67301,2013,10,2,1625,16,1,1,0,6,1, , ,N,2,2,0,3,0,1,2,3,N, ,39 59:27.123,75 06:53.478,1627, ,1625, ,0, , , ,3, , , , , ,579198, , , ,3,2,0,0,0,0,0,1,0,0,0,0,1,1,0,0,0,0,0,0,1,0,0,0,0,0,0,0,0,0,0,0,0,0,0,8,0,39.9909,-75.1149, , 
 ,51710,2013124651,6,67,67301,2013,11,5,9999,99,1,1,0,4,1, , ,N,1,0,0,3,0,1,2,2,N,N,40 01:19.484,75 03:08.111,9999, ,9999, ,0, , , ,0, , , , , ,579203, , , ,2,0,0,0,0,0,2,0,0,0,0,1,1,0,0,0,0,0,0,0,0,0,0,0,0,0,0,0,0,0,0,0,0,0,0,4,0,40.0221,-75.0523, , 
 ,51711,2013129395,6,67,67301,2013,11,3,1537,15,1,1,0,5,2, , ,N,2,0,0,3,0,1,2,2,N, ,39 56:13.583,75 12:43.921,1628, ,1617, ,0, , , ,0, , , , , ,579227, , , ,2,0,0,0,1,1,0,0,0,0,0,0,1,1,0,0,0,0,1,0,0,0,0,0,0,0,0,0,0,0,0,0,0,0,0,8,1,39.9371,-75.2122, , 
 ,51712,2014001076,6,67,67301,2013,11,4,1300,13,1,2,1,4,1, , ,N,0,0,0,3,0,2,4,2,N,N,40 02:07.553,75 08:43.491,1325, ,1322, ,0, ,N, ,0, , , , , ,579250, , , ,2,2,0,0,0,0,0,0,0,0,0,1,2,1,0,0,0,0,0,0,1,0,0,0,0,0,0,0,0,0,0,0,0,0,0,4,0,40.0354,-75.1454, , 
 ,51713,2014006885,6,67,67301,2013,12,6,1603,16,1,1,0,4,1, , ,N,1,3,0,3,0,0,3,2,N,N,40 02:39.264,75 09:57.884,1604, ,1603, ,0, ,N, ,3, , , , , ,579251, , , ,2,1,0,0,1,0,0,0,0,0,0,0,0,0,0,0,0,0,0,0,0,1,0,0,0,0,0,0,0,0,0,0,0,0,0,0,0,40.0442,-75.1661, , 
 ,51714,2013124648,6,67,67301,2013,11,6,1250,12,1,2,1,7,2, , ,N,0,0,0,3,0,2,3,1,N,N,39 59:36.014,75 11:34.742,1300, ,1300, ,0, ,N, ,0, , , , , ,579268, , , ,1,1,0,0,0,0,0,0,0,0,2,0,2,0,0,0,0,0,0,0,0,0,0,0,0,0,0,0,0,0,0,0,0,0,0,3,0,39.9933,-75.193, , 
 ,51715,2013126987,6,67,67301,2013,10,3,1844,18,1,1,0,5,2, , ,N,1,3,0,3,0,2,3,2,N,N,39 59:14.888,75 07:08.601,1847, ,1846, ,0, ,N, ,3, , , , , ,579272, , , ,2,2,0,0,0,0,0,0,0,0,0,0,2,2,0,0,0,0,0,0,0,0,0,0,0,0,0,0,0,0,0,0,0,0,0,8,0,39.9875,-75.1191, , 
 ,51716,2014009813,6,67,67301,2013,12,5,1326,13,1,2,1,7,4, , ,N,2,3,0,3,0,1,2,1,N,N,40 02:37.294,74 59:32.218,1339, ,1333, ,0, ,N, ,3, , , , , ,579284, , , ,1,1,0,0,0,0,0,0,0,0,0,0,1,1,0,0,0,0,0,0,0,0,0,1,0,0,0,0,0,0,0,0,0,0,0,8,0,40.0437,-74.9923, , 
 ,51717,2013052558,6,67,67301,2013,5,4,1359,13,1,1,0,4,1, , ,N,1,0,0,3,0,2,3,2,N, ,40 00:50.174,75 03:20.262,1605, ,1540, ,0, , , ,0, , , , , ,579289, , , ,2,0,0,0,1,1,0,0,0,0,0,2,2,0,0,0,0,0,0,0,0,0,0,0,0,0,0,0,0,0,0,0,0,0,0,4,1,40.0139,-75.0556, , 
 ,51718,2013057785,6,67,67301,2013,5,7,1135,11,1,1,0,4,1, , ,N,1,3,0,3,0,0,2,2,N,N,40 03:30.663,75 04:43.841,1146, ,1142, ,0, , , ,3, , , , , ,579295, , , ,2,2,0,0,0,0,0,0,0,0,0,0,0,0,1,0,0,0,0,0,0,0,1,0,0,0,0,0,0,0,0,0,0,0,0,9,0,40.0585,-75.0788, , 
 ,51719,2013066810,6,67,67301,2013,3,2,330,3,6,1,0,1,1, , ,N,1,2,0,3,0,0,2,2,N,N,40 01:15.937,75 08:23.758,0, ,0, ,0, ,N, ,3, , , , , ,569456, , , ,2,2,0,0,0,0,0,0,0,0,0,0,0,0,2,0,0,0,0,0,1,0,0,0,0,0,0,0,0,0,0,0,0,0,0,9,0,40.0211,-75.1399, , 
 ,51720,2013086211,6,46,46102,2013,8,5,425,4,3,2,1,7,2, , ,N,0,0,0,3,0,1,1,1,N,N,40 03:50.047,75 08:25.620,430, ,430, ,0, ,N, ,0, , , , , ,569479, , , ,1,0,0,0,0,0,1,0,0,0,0,0,1,1,0,0,0,0,0,0,0,0,0,0,0,0,0,0,0,0,0,0,0,0,0,8,0,40.0639,-75.1405, , 
 ,51721,2013088108,6,67,67301,2013,8,5,1515,15,1,2,1,1,1, , ,N,0,0,0,3,0,3,4,2,N, ,39 57:29.746,75 14:15.014,1525, ,1520, ,0, , , ,0, , , , , ,569481, , , ,2,1,0,0,1,0,0,0,0,0,0,2,3,1,0,0,0,0,0,0,0,0,0,0,0,0,0,0,0,0,0,0,0,0,0,4,0,39.9583,-75.2375, , 
 ,51722,2013093108,6,67,67301,2013,8,5,808,8,1,1,0,1,1, , ,N,0,0,0,3,0,0,2,2,N, ,39 56:19.122,75 10:23.545,811, ,809, ,0, , , ,0, , , , , ,569484, , , ,2,2,0,0,0,0,0,0,0,0,0,0,0,0,0,0,0,0,0,0,0,0,0,0,0,0,0,0,0,0,0,0,0,0,0,0,0,39.9386,-75.1732, , 
 ,51723,2013096459,6,67,67301,2013,8,7,1344,13,1,1,0,1,1, , ,N,1,2,0,3,0,1,4,2,N,N,40 03:34.628,75 04:09.170,1358, ,1351, ,0, ,N, ,3, , , , , ,569489, , , ,2,2,0,0,0,0,0,0,0,0,0,1,1,0,0,0,0,0,0,0,0,0,0,0,0,0,0,0,0,0,0,0,0,0,0,4,0,40.0596,-75.0692, , 
 ,51724,2013101289,6,67,67301,2013,9,6,1908,19,1,1,0,4,1, , ,N,0,0,0,3,0,0,2,2,N,N,40 04:26.436,74 59:18.758,1915, ,1909, ,0, ,N, ,0, , , , , ,569493, , , ,2,1,0,0,0,0,1,0,0,0,0,0,0,0,0,0,0,0,0,0,0,0,0,2,0,0,0,0,0,0,0,0,0,0,0,0,0,40.074,-74.9885, , 
 ,51725,2013101799,6,67,67301,2013,9,3,1430,14,1,1,0,4,1, , ,N,1,3,0,3,0,1,2,3,N,N,40 04:40.622,75 10:30.029,1605, ,1600, ,0, ,N, ,3, , , , , ,569495, , , ,3,3,0,0,0,0,0,0,0,0,0,0,1,1,0,0,0,0,1,0,0,0,0,0,0,0,0,0,0,0,0,0,0,0,0,8,0,40.078,-75.175, , 
 ,51726,2013106858,6,67,67301,2013,10,1,2057,20,3,1,0,1,1, , ,N,0,0,0,3,0,0,5,4,N,N,39 57:36.705,75 10:49.743,2107, ,2059, ,0, ,N, ,0, , , , , ,569499, , , ,4,3,0,0,0,0,1,0,0,0,0,0,0,0,0,0,0,0,0,1,0,0,0,0,0,0,0,0,0,0,0,0,0,0,0,0,0,39.9602,-75.1805, , 
 ,51727,2013077418,6,67,67301,2013,7,2,1733,17,1,1,0,4,1, , ,N,0,0,7,3,0,0,2,2,N,N,40 04:25.529,75 02:03.646,1741, ,1735, ,0, ,N, ,0, , , , , ,569512, , , ,2,2,0,0,0,0,0,0,0,0,0,0,0,0,0,0,0,0,0,0,1,0,0,0,0,0,0,0,0,0,0,0,0,0,0,0,0,40.0738,-75.0343, , 
 ,51728,2013070348,6,67,67301,2013,6,3,928,9,1,1,0,5,1, , ,N,0,0,0,3,0,2,3,2,N,N,40 01:14.690,75 08:25.159,932, ,930,1,2,1,N, ,0,Y, , , , ,569518, , , ,2,0,0,0,0,1,1,0,0,0,0,0,2,2,0,0,0,0,0,0,1,0,0,0,0,0,0,0,0,0,0,0,0,0,0,8,1,40.0207,-75.1403, , 
 ,51729,2013070442,6,67,67301,2013,6,5,1858,18,1,1,0,4,1, , ,N,1,3,0,3,0,1,2,2,N,N,40 00:09.410,75 10:03.698,1901, ,1858, ,0, , , ,3, , , , , ,569519, , , ,2,1,0,0,0,0,0,1,0,0,0,1,1,0,0,0,0,0,0,0,0,0,0,0,0,0,0,0,0,0,0,0,0,0,0,4,0,40.0026,-75.1677, , 
 ,51730,2013072343,6,67,67301,2013,7,6,1030,10,1,1,0,5,1, , ,N,0,0,0,3,0,2,6,3,N,N,39 53:55.379,75 10:15.048,1038, ,1031,2,1,1,N, ,0,N, , , , ,569520, , , ,3,2,0,0,1,0,0,0,0,0,0,0,2,2,0,0,0,0,0,0,1,2,0,0,0,0,0,0,0,0,0,0,0,0,0,8,0,39.8987,-75.1708, , 
 ,51731,2013086179,6,67,67301,2013,8,6,1930,19,1,1,0,4,1, , ,N,1,2,0,3,0,1,2,2,N,N,39 59:18.146,75 06:35.283,1935, ,1930, ,0, , , ,3, , , , , ,569535, , , ,1,1,0,0,0,0,0,0,1,0,0,1,1,0,0,0,0,0,0,0,1,0,0,0,0,0,0,0,0,0,0,0,0,0,0,4,0,39.9884,-75.1098, , 
 ,51732,2013086977,6,67,67301,2013,7,3,1535,15,1,1,0,8,1, , ,N,1,2,0,3,0,1,2,2,N,N,39 57:09.713,75 08:59.754,1620, ,1616,2,2,2,N, ,3,Y, , , , ,569536, , , ,1,0,0,1,0,0,0,0,0,0,1,0,1,0,0,0,0,0,0,0,1,0,0,0,0,0,0,0,0,0,0,0,1,0,0,3,1,39.9527,-75.1499, , 
 ,51733,2013063607,6,46,46102,2013,6,7,8,0,3,1,0,4,1, , ,N,1,2,0,3,0,8,8,2,N,N,40 03:16.724,75 07:29.999,12, ,8,1,1,4,N, ,3,N, , , , ,569560, , , ,2,0,0,0,0,0,0,2,0,0,0,8,8,0,0,0,0,0,1,0,0,0,0,0,0,0,0,0,0,0,0,0,0,0,0,4,0,40.0546,-75.125, , 
 ,51734,2013093289,6,67,67301,2013,9,6,1454,14,1,1,0,1,1, , ,N,0,0,0,3,0,1,2,2,N,N,39 56:21.038,75 11:48.952,1503, ,1454,1,2,4,N, ,0,N, , , , ,569581, , , ,2,1,0,0,0,0,1,0,0,0,0,0,1,1,0,0,0,0,0,0,1,0,1,0,0,0,0,0,0,0,0,0,0,0,0,8,0,39.9377,-75.1984, , 
 ,51735,2013096112,6,67,67301,2013,8,2,2000,20,3,1,0,8,1, , ,N,0,0,0,3,0,1,2,2,N,N,40 02:08.484,75 04:01.247,2010, ,2007,3,2,1,N, ,0,Y, , , , ,569584, , , ,1,1,0,0,0,0,0,0,0,0,0,0,1,1,0,0,0,0,0,0,1,0,0,0,0,0,0,0,0,0,0,0,1,0,0,8,0,40.0357,-75.067, , 
 ,51736,2013101719,6,67,67301,2013,9,4,45,0,3,1,0,7,5, , ,N,0,0,0,3,0,0,2,1,N, ,40 00:57.967,75 12:37.598,50, ,49, ,0, , , ,0, , , , , ,569587, , , ,1,1,0,0,0,0,0,0,0,0,0,0,0,0,1,0,0,0,0,0,0,0,0,0,0,0,0,0,0,0,0,0,0,0,0,9,0,40.0161,-75.2104, , 
 ,51737,2013117103,6,67,67301,2013,11,6,630,6,5,1,0,7,1, , ,N,0,0,0,3,0,0,1,1,N,N,39 54:33.320,75 08:56.712,643, ,635, ,0, ,N, ,0, , , , , ,569597, , , ,1,1,0,0,0,0,0,0,0,0,0,0,0,0,0,0,0,0,0,0,1,0,0,0,0,0,0,0,0,0,0,0,0,0,0,0,0,39.9092,-75.1491, , 
 ,51738,2013093131,6,67,67301,2013,8,3,1300,13,1,1,0,8,1, , ,N,1,0,0,3,0,1,2,2,N,N,40 00:04.993,75 06:52.034,1530, ,1530, ,0, ,N, ,0, , , , , ,572766, , , ,1,0,0,0,0,0,0,1,0,0,0,1,1,0,0,0,0,0,0,0,1,0,0,0,0,0,0,0,0,0,0,0,1,0,0,4,0,40.0014,-75.1145, , 
 ,51739,2013096103,6,67,67301,2013,8,6,1600,16,1,1,0,8,1, , ,N,2,0,0,3,0,1,2,2,N,N,40 01:12.525,75 06:46.605,1741, ,1613, ,0, ,N, ,0, , , , , ,572770, , , ,1,1,0,0,0,0,0,0,0,0,0,0,1,1,0,0,0,0,0,0,0,0,0,0,0,0,0,0,0,0,0,0,1,0,0,8,0,40.0201,-75.1129, , 
 ,51740,2013055615,6,67,67301,2013,5,3,1715,17,1,1,0,1,1, , ,N,0,0,0,3,0,1,2,2,N,N,40 04:44.393,75 10:26.448,1730, ,1720, ,0, ,N, ,0, , , , , ,572783, , , ,2,2,0,0,0,0,0,0,0,0,0,0,1,1,0,0,0,0,0,0,0,0,0,0,0,0,0,0,0,0,0,0,0,0,0,8,0,40.079,-75.174, , 
 ,51741,2013070946,6,67,67301,2013,6,5,1609,16,1,1,0,4,1, , ,N,2,2,7,3,0,4,4,2,N,N,40 05:35.998,74 57:43.476,1615, ,1610,2,1,3,N, ,2,Y, , , , ,572795, , , ,2,2,0,0,0,0,0,0,0,0,0,4,4,0,0,0,0,0,0,0,0,0,0,0,0,0,0,0,0,0,0,0,0,0,0,4,0,40.0933,-74.9621, , 
 ,51742,2013084142,6,67,67301,2013,8,4,1024,10,1,1,0,1,1, , ,N,0,0,0,3,0,2,3,3,N,N,39 57:57.556,75 11:11.530,1054, ,1026,1,1,4,N, ,0,N, , , , ,572805, , , ,3,1,0,0,1,0,0,1,0,0,1,0,2,1,0,0,0,0,0,0,0,0,0,0,0,0,0,0,0,0,0,0,0,0,0,3,0,39.966,-75.1865, , 
 ,51743,2013076792,6,67,67301,2013,7,2,1103,11,1,1,0,1,1, , ,N,0,0,0,3,0,1,5,2,N,N,39 58:11.832,75 07:33.833,1111, ,1104, ,0, ,N, ,0, , , , , ,572851, , , ,2,0,0,0,0,0,2,0,0,0,0,1,1,0,0,0,0,0,0,0,1,0,0,0,0,0,0,0,0,0,0,0,0,0,0,4,0,39.97,-75.1261, , 
 ,51744,2013079596,6,67,67301,2013,7,3,2330,23,3,1,0,5,6, , ,N,0,0,0,3,0,1,1,5,N,N,39 59:27.394,75 07:13.015,2337, ,2335,3,2,1,N, ,0,Y, , , , ,572852, , , ,5,1,0,0,1,1,1,1,0,0,0,1,1,0,0,0,0,0,0,0,0,0,0,1,0,0,0,0,0,0,0,0,0,0,0,4,0,39.9909,-75.1203, , 
 ,51745,2013093084,6,67,67301,2013,8,1,1355,13,1,1,0,4,1, , ,N,1,2,0,3,0,2,3,2,N, ,39 58:24.024,75 14:05.125,1410, ,1400,9,1,5, , ,3,N, , , , ,572863, , , ,2,2,0,0,0,0,0,0,0,0,0,2,2,0,0,0,0,0,0,0,0,0,1,0,0,0,0,0,0,0,0,0,0,0,0,4,0,39.9733,-75.2348, , 
 ,51746,2013093199,6,67,67301,2013,8,3,1407,14,1,1,0,4,1, , ,N,0,0,7,3,0,1,3,2,N,N,39 58:35.163,75 07:11.209,1407, ,1407, ,0, ,N, ,0, , , , , ,572864, , , ,2,1,0,1,0,0,0,0,0,0,0,1,1,0,0,0,0,0,0,0,1,0,0,0,0,0,0,0,0,0,0,0,0,0,0,4,1,39.9764,-75.1198, , 
 ,51747,2013101245,6,67,67301,2013,9,6,1330,13,1,1,0,8,1, , ,N,0,0,0,3,0,1,2,2,N,Y,40 00:17.568,75 09:14.288,1330, ,1355, ,0, ,N, ,0, , , , , ,572868, , , ,1,1,0,0,0,0,0,0,0,0,0,0,1,1,0,0,0,0,0,0,0,1,0,0,0,0,0,0,0,0,0,0,1,0,0,8,0,40.0049,-75.154, , 
 ,51748,2013101766,6,67,67301,2013,9,2,1620,16,1,1,0,4,1, , ,N,1,0,0,3,0,1,2,2,N,N,39 56:25.195,75 10:21.993,1645, ,1626, ,0, ,N, ,0, , , , , ,572870, , , ,1,1,0,0,0,0,0,0,1,0,0,0,1,1,0,0,0,0,0,0,0,0,0,0,0,0,0,0,0,0,0,0,0,0,0,8,0,39.9403,-75.1728, , 
 ,51749,2013101784,6,67,67301,2013,9,3,753,7,1,9,0,8,1, , ,N,1,2,0,3,0,1,2,2,N, ,40 01:37.269,75 04:31.638,805, ,803,2,1,1, , ,3,N, , , , ,572871, , , ,1,1,0,0,0,0,0,0,0,0,1,0,1,0,0,0,0,0,0,0,0,0,0,0,0,0,0,0,0,0,0,0,1,0,0,3,0,40.027,-75.0755, , 
 ,51750,2013070121,6,67,67301,2013,6,3,1924,19,1,1,0,1,1, , ,N,1,2,0,3,0,0,2,3,N,N,40 01:43.905,75 06:21.601,2021, ,2021, ,0, ,N, ,3, , , , , ,572895, , , ,3,1,0,0,0,1,0,1,0,0,0,0,0,0,0,0,0,0,0,0,0,0,0,0,0,0,0,0,0,0,0,0,0,0,0,0,1,40.0289,-75.106, , 
 ,51751,2013072209,6,67,67301,2013,6,7,1725,17,1,1,0,4,1, , ,N,1,2,0,3,0,2,3,2,N,N,39 55:09.777,75 10:14.532,1752, ,1749, ,0, ,N, ,3, , , , , ,572896, , , ,2,2,0,0,0,0,0,0,0,0,0,2,2,0,0,0,0,0,0,0,0,0,0,0,0,0,0,0,0,0,0,0,0,0,0,4,0,39.9194,-75.1707, , 
 ,51752,2013086934,6,67,67301,2013,8,4,1905,19,4,1,0,4,1, , ,N,1,2,0,3,0,1,3,3,N,N,40 04:28.594,75 02:06.267,1915, ,1907,1,2,6,N, ,3,Y, , , , ,572907, , , ,3,3,0,0,0,0,0,0,0,0,0,1,1,0,0,0,0,0,0,0,0,0,0,0,0,0,0,0,0,0,0,0,0,0,0,4,0,40.0746,-75.0351, , 
 ,51753,2013096025,6,67,67301,2013,8,4,2019,20,3,1,0,4,1, , ,N,1,2,0,3,0,1,2,2,N,N,39 57:44.928,75 12:58.376,2035, ,2025, ,0, ,N, ,3, , , , , ,572920, , , ,2,2,0,0,0,0,0,0,0,0,0,0,1,1,0,0,0,0,1,0,0,0,0,0,0,0,0,0,0,0,0,0,0,0,0,8,0,39.9625,-75.2162, , 
 ,51754,2013051117,6,67,67301,2013,4,1,500,5,5,1,0,1,2, , ,N,0,0,0,3,0,0,1,2,N,N,40 01:31.962,75 09:00.248,1850, ,1850, ,0, ,N, ,0, , , , , ,572928, , , ,2,1,0,0,0,0,0,0,0,0,0,0,0,0,0,0,0,0,0,0,0,0,0,0,0,0,0,0,0,0,0,0,0,0,0,0,0,40.0255,-75.1501, , 
 ,51755,2013055312,6,67,67301,2013,4,1,129,1,3,1,0,4,1, , ,N,2,3,0,3,0,0,2,2,N,N,39 59:15.208,75 15:20.387,142, ,137, ,0, , , ,3, , , , , ,572935, , , ,2,2,0,0,0,0,0,0,0,0,0,0,0,0,0,0,0,0,0,0,0,0,0,0,0,0,0,0,0,0,0,0,0,0,0,0,0,39.9875,-75.2557, , 
 ,51756,2013065518,6,67,67301,2013,5,1,415,4,3,1,0,6,1, , ,N,0,0,0,3,0,1,2,2,N, ,39 58:19.713,75 07:44.817,520, ,520, ,0, , , ,0, , , , , ,575835, , , ,1,1,0,0,0,0,0,0,1,0,0,1,1,0,0,0,0,0,0,0,0,0,0,0,0,0,0,0,0,0,0,0,0,0,0,4,0,39.9721,-75.1291, , 
 ,51757,2013080045,6,67,67301,2013,7,1,418,4,3,1,0,5,6, , ,N,0,0,0,3,0,0,1,2,N,N,39 56:47.340,75 13:09.250,435, ,422, ,0, ,N, ,0, , , , , ,575846, , , ,2,2,0,0,0,0,0,0,0,0,0,0,0,0,0,0,0,0,0,0,0,0,0,1,0,0,0,0,0,0,0,0,0,0,0,0,0,39.9465,-75.2192, , 