wz_ln_closure,objectid_1,crn,district,county,municipality,crash_year,crash_month,day_of_week,time_of_day,hour_of_day,illumination,weather,road_condition,collision_type,relation_to_road,work_zone_type,work_zone_loc,work_zone_ind,intersect_type,tcd_type,location_type,urban_rural,fatal_count,injury_count,person_count,total_units,sch_bus_ind,sch_zone_ind,latitude,longitude,arrival_tm,cons_zone_spd_lim,dispatch_tm,est_hrs_closed,lane_closed,ln_close_dir,ntfy_hiwy_maint,spec_juris_cd,tcd_func_cd,tfc_detour_ind,workers_pres,wz_close_detour,wz_flagger,wz_law_offcr_ind,objectid,wz_moving,wz_other,wz_shlder_mdn,vehicle_count,automobile_count,motorcycle_count,bus_count,small_truck_count,heavy_truck_count,suv_count,van_count,bicycle_count,maj_inj_count,mod_inj_count,min_inj_count,tot_inj_count,unk_inj_deg_count,unk_inj_per_count,driver_count_16yr,driver_count_17yr,driver_count_18yr,driver_count_19yr,driver_count_20yr,driver_count_50_64yr,driver_count_65_74yr,driver_count_75plus,unbelted_occ_count,unb_death_count,unb_maj_inj_count,belted_death_count,belted_maj_inj_count,mcycle_death_count,mcycle_maj_inj_count,bicycle_death_count,bicycle_maj_inj_count,ped_count,ped_death_count,ped_maj_inj_count,max_severity_level,comm_veh_count,dec_lat,dec_long,rdwy_surf_type_cd,county_name
 ,51758,2013084810,6,67,67301,2013,8,3,810,8,1,1,0,1,1, , ,N,0,0,0,3,0,0,3,3,N,N,39 57:34.668,75 10:36.708,826, ,818,1,1,3,N, ,0,N, , , , ,575851, , , ,3,3,0,0,0,0,0,0,0,0,0,0,0,0,0,0,0,0,0,0,0,0,0,0,0,0,0,0,0,0,0,0,0,0,0,0,0,39.9596,-75.1769, , 
 ,51759,2013101275,6,67,67301,2013,9,3,2056,20,3,1,0,5,6, , ,N,0,0,0,3,0,0,1,4,N,N,39 57:22.516,75 12:26.079,2056, ,2056, ,0, ,N, ,0, , , , , ,575860, , , ,4,4,0,0,0,0,0,0,0,0,0,0,0,0,0,0,0,0,0,0,1,0,0,0,0,0,0,0,0,0,0,0,0,0,0,0,0,39.9563,-75.2073, , 
 ,51760,2013101870,6,67,67301,2013,9,7,2211,22,3,1,0,7,2, , ,N,0,0,0,3,0,0,4,1,N,N,39 55:37.812,75 11:43.197,2225, ,2213,1,2,3,N, ,0,N, , , , ,575861, , , ,1,1,0,0,0,0,0,0,0,0,0,0,0,0,0,0,0,0,0,0,0,0,0,0,0,0,0,0,0,0,0,0,0,0,0,0,0,39.9272,-75.1953, , 
 ,51761,2013106276,6,67,67301,2013,9,5,1500,15,1,1,0,8,6, , ,N,0,0,0,3,0,1,2,2,N,N,39 55:37.768,75 09:26.020,9999, ,1249, ,0, ,N, ,0, , , , , ,575864, , , ,1,1,0,0,0,0,0,0,0,0,0,1,1,0,0,0,0,0,0,0,0,0,0,1,0,0,0,0,0,0,0,0,1,0,0,4,0,39.9272,-75.1572, , 
 ,51762,2013070068,6,67,67301,2013,6,5,9999,99,1,1,0,4,1, , ,N,1,3,0,3,0,3,4,2,N,N,40 01:17.359,75 04:29.836,1418, ,1416, ,0, ,N, ,3, , , , , ,575886, , , ,2,2,0,0,0,0,0,0,0,0,0,3,3,0,1,0,0,0,0,0,1,0,0,0,0,0,0,0,0,0,0,0,0,0,0,4,0,40.0215,-75.075, , 
 ,51763,2013070478,6,67,67301,2013,6,2,1800,18,1,1,0,4,1, , ,N,1,2,0,3,0,1,5,2,N,N,40 03:11.009,75 03:51.845,1801, ,1801, ,0, ,N, ,3, , , , , ,575887, , , ,2,2,0,0,0,0,0,0,0,0,0,1,1,0,0,0,0,0,1,0,0,0,0,0,0,0,0,0,0,0,0,0,0,0,0,4,0,40.053,-75.0643, , 
 ,51764,2013070977,6,67,67301,2013,6,7,1700,17,1,1,0,8,1, , ,N,1,3,0,3,0,1,2,2,N,N,39 59:50.614,75 08:40.462,1805, ,1800, ,0, ,N, ,3, , , , , ,575889, , , ,1,1,0,0,0,0,0,0,0,0,0,1,1,0,0,0,0,0,0,0,0,0,0,0,0,0,0,0,0,0,0,0,1,0,0,4,0,39.9974,-75.1446, , 
 ,51765,2013093287,6,67,67301,2013,9,5,1618,16,1,1,0,1,1, , ,N,0,0,2,3,0,0,2,2,N,N,40 00:28.256,75 04:11.388,1625, ,1625,2,1,2,N, ,0,N, , , , ,575903, , , ,2,1,0,0,0,0,1,0,0,0,0,0,0,0,0,0,0,0,0,0,1,0,0,0,0,0,0,0,0,0,0,0,0,0,0,0,0,40.0078,-75.0698, , 
 ,51766,2013055865,6,67,67301,2013,5,4,708,7,1,1,0,7,5, , ,N,2,2,0,3,0,1,1,3,N,N,40 04:57.151,75 02:15.941,710, ,708, ,0, ,N, ,3, , , , , ,575917, , , ,3,3,0,0,0,0,0,0,0,0,0,1,1,0,0,0,0,0,0,1,0,0,0,0,0,0,0,0,0,0,0,0,0,0,0,4,0,40.0825,-75.0378, , 
 ,51767,2013055887,6,67,67301,2013,5,2,834,8,1,1,0,5,1, , ,N,0,0,0,3,0,0,4,3,N,N,39 55:57.760,75 10:04.123,905, ,855,1,1,1,N, ,0,N, , , , ,575918, , , ,3,2,0,1,0,0,0,0,0,0,0,0,0,0,0,0,0,1,0,0,0,0,0,0,0,0,0,0,0,0,0,0,0,0,0,0,1,39.9328,-75.1678, , 
 ,51768,2013056781,6,67,67301,2013,6,2,1355,13,1,1,0,8,1, , ,N,1,2,0,3,0,1,2,2,Y,N,40 02:35.289,75 10:02.002,1735, ,1615,3,2,6,N, ,3,Y, , , , ,575920, , , ,1,0,0,1,0,0,0,0,0,0,1,0,1,0,0,0,0,0,0,0,0,0,0,0,0,0,0,0,0,0,0,0,1,0,0,3,1,40.0431,-75.1672, , 
 ,51769,2013078960,6,67,67301,2013,7,1,1638,16,1,1,0,5,1, , ,N,0,0,0,3,0,1,3,2,N,N,39 54:24.304,75 08:59.343,1655, ,1640, ,0, ,N, ,0, , , , , ,575927, , , ,2,2,0,0,0,0,0,0,0,0,0,0,1,1,0,0,0,0,0,0,0,0,0,0,0,0,0,0,0,0,0,0,0,0,0,8,0,39.9068,-75.1498, , 
 ,51770,2013079428,6,67,67301,2013,7,7,2115,21,2,1,0,8,1, , ,N,1,3,0,3,0,1,2,2,N,N,40 00:34.427,75 09:13.095,2134, ,2130, ,0, , , ,3, , , , , ,575928, , , ,1,1,0,0,0,0,0,0,0,0,0,1,1,0,0,0,0,0,0,0,0,0,0,0,0,0,0,0,0,0,0,0,1,0,0,4,0,40.0096,-75.1536, , 
 ,51771,2013079971,6,67,67301,2013,7,1,1630,16,1,2,1,0,1, , ,N,1,2,0,3,0,1,1,1,N,N,39 58:26.859,75 12:15.536,1642, ,1635, ,0, ,N, ,3, , , , , ,575930, , , ,1,0,1,0,0,0,0,0,0,0,0,1,1,0,0,0,0,0,0,0,0,0,0,0,0,0,0,0,0,0,0,0,0,0,0,4,0,39.9741,-75.2043, , 
 ,51772,2013098345,6,67,67301,2013,8,7,1750,17,1,1,0,1,1, , ,N,0,2,0,3,0,1,2,2,N,N,39 59:45.331,75 08:49.662,2350, ,9999, ,0, ,N, ,3, , , , , ,575954, , , ,2,2,0,0,0,0,0,0,0,0,0,1,1,0,0,0,0,0,0,0,0,0,0,0,0,0,0,0,0,0,0,0,0,0,0,4,0,39.9959,-75.1471, , 
 ,51773,2013063108,6,67,67301,2013,5,2,1108,11,1,1,0,8,1, , ,N,0,0,0,3,0,1,3,2,N, ,40 00:40.831,75 08:23.060,1125, ,1118, ,0, , , ,0, , , , , ,575967, , , ,1,1,0,0,0,0,0,0,0,0,0,1,1,0,0,0,0,0,0,0,0,0,0,0,0,0,0,0,0,0,0,0,1,0,0,4,0,40.0113,-75.1397, , 
 ,51774,2013079475,6,67,67301,2013,7,4,1300,13,1,1,0,8,6, , ,N,0,0,0,3,0,1,2,2,N,N,39 59:30.310,75 08:53.690,1310, ,1305, ,0, ,N, ,0, , , , , ,575979, , , ,1,0,0,0,0,0,0,1,0,0,0,1,1,0,0,0,0,0,0,0,0,0,0,0,0,0,0,0,0,0,0,0,1,0,0,4,0,39.9918,-75.1482, , 
 ,51775,2013121459,6,67,67301,2013,10,5,830,8,1,1,0,4,1, , ,N,1,3,0,3,0,1,2,2,N,N,40 02:42.288,75 01:30.827,839, ,832, ,0, ,N, ,3, , , , , ,580675, , , ,2,2,0,0,0,0,0,0,0,0,0,1,1,0,0,0,0,0,0,0,1,0,0,0,0,0,0,0,0,0,0,0,0,0,0,4,0,40.0451,-75.0252, , 
 ,51776,2013122969,6,67,67301,2013,11,1,1405,14,1,1,0,1,1, , ,N,2,2,0,3,0,1,5,2,N,N,40 04:02.323,75 01:41.663,1910, ,1910, ,0, ,N, ,3, , , , , ,580677, , , ,2,1,0,0,0,0,0,1,0,0,0,0,1,1,2,0,0,0,0,0,0,0,0,0,0,0,0,0,0,0,0,0,0,0,0,8,0,40.0673,-75.0282, , 
 ,51777,2013046254,6,67,67301,2013,4,1,9999,99,1,1,0,4,1, , ,N,1,8,0,3,0,3,3,2,N, ,40 04:56.478,74 58:54.519,1758, ,1753, ,0, , , ,3, , , , , ,580686, , , ,2,2,0,0,0,0,0,0,0,0,1,2,3,0,0,0,0,0,0,0,0,1,1,0,0,0,0,0,0,0,0,0,0,0,0,3,0,40.0824,-74.9818, , 
 ,51778,2013046454,6,67,67301,2013,4,4,2327,23,3,2,1,7,2, , ,N,0,0,0,3,0,0,2,1,N,N,40 04:16.063,75 05:03.470,2335, ,2330,1,2,6,N, ,0,N, , , , ,580687, , , ,1,0,0,0,0,0,1,0,0,0,0,0,0,0,0,0,0,0,0,0,0,0,0,0,0,0,0,0,0,0,0,0,0,0,0,0,0,40.0711,-75.0843, , 
Y,51779,2013057464,6,67,67301,2013,5,4,636,6,1,1,0,7,2,1,4,Y,0,0,0,3,0,0,1,1,N,N,39 53:55.648,75 10:21.976,655,55,636,1,1,1,N, ,0,N,N,N,N,N,580693,N,N,Y,1,1,0,0,0,0,0,0,0,0,0,0,0,0,0,0,0,0,0,0,0,0,0,1,0,0,0,0,0,0,0,0,0,0,0,0,0,39.8988,-75.1728, , 
 ,51780,2014006910,6,67,67301,2013,12,4,9999,99,1,1,0,4,1, , ,N,1,2,0,3,0,1,2,2,N, ,39 55:26.156,75 13:19.597,9999, ,9999,2,2,3, , ,3,Y, , , , ,580744, , , ,2,2,0,0,0,0,0,0,0,0,0,0,1,1,1,0,0,0,0,0,0,0,0,0,0,0,0,0,0,0,0,0,0,0,0,8,0,39.9239,-75.2221, , 
 ,51781,2013103926,6,67,67301,2013,9,6,1238,12,1,1,0,6,1, , ,N,1,2,0,3,0,1,3,3,N,N,40 02:03.071,75 04:17.001,1250, ,1242, ,0, ,N, ,3, , , , , ,580761, , , ,3,3,0,0,0,0,0,0,0,0,0,1,1,0,0,0,0,0,0,0,0,0,0,0,0,0,0,0,0,0,0,0,0,0,0,4,0,40.0342,-75.0714, , 
 ,51782,2013104399,6,67,67301,2013,9,5,2130,21,3,1,0,0,1, , ,N,0,0,0,3,0,0,1,1,N,N,39 58:10.095,75 11:07.946,2145, ,2137, ,0, ,N, ,0, , , , , ,580762, , , ,1,1,0,0,0,0,0,0,0,0,0,0,0,0,0,0,1,0,0,0,0,0,0,1,0,0,0,0,0,0,0,0,0,0,0,0,0,39.9695,-75.1855, , 
 ,51783,2013129465,6,67,67301,2013,11,5,1011,10,1,1,0,4,1, , ,N,0,0,7,3,0,0,3,2,N,N,40 03:51.692,75 12:26.193,1033, ,1023, ,0, ,N, ,0, , , , , ,580779, , , ,2,2,0,0,0,0,0,0,0,0,0,0,0,0,0,0,0,0,0,0,0,0,0,0,0,0,0,0,0,0,0,0,0,0,0,0,0,40.0644,-75.2073, , 
 ,51784,2013062572,6,67,67301,2013,5,2,1822,18,1,1,0,4,1, , ,N,1,2,0,3,0,1,2,2,N,N,39 57:51.138,75 11:24.597,1830, ,1824, ,0, ,N, ,3, , , , , ,580793, , , ,1,1,0,0,0,0,0,0,1,0,0,1,1,0,0,0,0,0,0,0,0,1,0,0,0,0,0,0,0,0,0,0,0,0,0,4,0,39.9642,-75.1902, , 
 ,51785,2013074661,6,67,67301,2013,6,3,9999,99,1,1,0,4,1, , ,N,2,2,0,3,0,1,2,2,N,N,39 59:54.675,75 09:12.937,952, ,950, ,0, ,N, ,3, , , , , ,580801, , , ,2,1,0,0,0,0,0,1,0,0,0,1,1,0,0,0,0,0,0,0,1,0,0,0,0,0,0,0,0,0,0,0,0,0,0,4,0,39.9985,-75.1535, , 
 ,51786,2013079986,6,67,67301,2013,7,2,9999,99,1,1,0,1,2, , ,N,0,0,0,3,0,0,2,2,N,N,39 54:57.530,75 14:19.770,1606, ,1604,3,1,2,N, ,0,N, , , , ,580804, , , ,2,1,0,0,0,0,1,0,0,0,0,0,0,0,0,0,0,0,0,0,0,0,0,0,0,0,0,0,0,0,0,0,0,0,0,0,0,39.916,-75.2388, , 
 ,51787,2013065375,6,67,67301,2013,5,3,555,5,1,1,0,4,1, , ,N,1,2,0,3,0,0,2,2,N, ,39 57:36.745,75 11:27.211,605, ,600, ,0, , , ,3, , , , , ,580837, , , ,2,2,0,0,0,0,0,0,0,0,0,0,0,0,0,0,0,0,0,0,0,0,0,0,0,0,0,0,0,0,0,0,0,0,0,0,0,39.9602,-75.1909, , 
 ,51788,2013022331,6,67,67301,2013,1,4,545,5,3,1,0,4,1, , ,N,0,0,0,3,0,0,3,2,N,N,39 54:46.236,75 11:32.514,557, ,554, ,0, ,N, ,0, , , , , ,580852, , , ,2,1,0,0,0,0,0,1,0,0,0,0,0,0,2,0,0,0,0,0,1,1,0,0,0,0,0,0,0,0,0,0,0,0,0,9,0,39.9128,-75.1924, , 
 ,51789,2013035237,6,67,67301,2013,3,1,1330,13,1,1,0,8,1, , ,N,0,0,0,3,0,1,2,2,N,N,40 00:35.470,75 09:13.129,1355, ,1350, ,0, ,N, ,0, , , , , ,580863, , , ,1,1,0,0,0,0,0,0,0,0,0,1,1,0,0,0,0,0,0,0,1,0,0,0,0,0,0,0,0,0,0,0,1,0,0,4,0,40.0099,-75.1536, , 
 ,51790,2013041293,6,67,67301,2013,3,7,1025,10,1,1,0,1,1, , ,N,1,2,0,3,0,1,6,2,N,N,39 57:36.745,75 11:27.211,1032, ,1030,1,1,4,N, ,3,N, , , , ,580867, , , ,2,2,0,0,0,0,0,0,0,0,0,0,1,1,0,0,0,0,0,0,0,0,0,0,0,0,0,0,0,0,0,0,0,0,0,8,0,39.9602,-75.1909, , 
 ,51791,2013046391,6,67,67301,2013,4,7,1929,19,3,1,0,4,1, , ,N,2,2,0,3,0,2,4,4,N,N,40 03:47.826,75 08:21.544,1950, ,1945,1,1,3,N, ,3,N, , , , ,580876, , , ,4,3,0,0,1,0,0,0,0,0,2,0,2,0,0,0,0,0,0,0,1,1,0,1,0,0,0,0,0,0,0,0,0,0,0,3,0,40.0633,-75.1393, , 
 ,51792,2013050336,6,67,67301,2013,4,1,2029,20,3,1,0,7,4, , ,N,1,2,0,3,0,1,1,1,N,N,39 59:23.298,75 07:31.934,2037, ,2034, ,0, ,N, ,3, , , , , ,580880, , , ,1,1,0,0,0,0,0,0,0,0,0,1,1,0,0,0,0,0,0,0,0,0,0,0,0,0,0,0,0,0,0,0,0,0,0,4,0,39.9898,-75.1255, , 
 ,51793,2013055917,6,67,67301,2013,3,2,2332,23,3,2,1,4,6, , ,N,0,0,0,3,0,0,1,2,N,N,39 56:10.539,75 13:08.007,2, ,2349, ,0, ,N, ,0, , , , , ,569606, , , ,2,1,0,0,1,0,0,0,0,0,0,0,0,0,0,0,0,0,0,0,0,0,0,0,0,0,0,0,0,0,0,0,0,0,0,0,0,39.9363,-75.2189, , 
 ,51794,2013086189,6,67,67301,2013,8,1,238,2,3,1,0,4,1, , ,N,1,2,0,3,0,1,4,5,N,N,39 58:53.029,75 06:49.373,243, ,240,3,2,7,N, ,3,Y, , , , ,569629, , , ,5,2,0,0,2,0,1,0,0,0,0,0,1,1,0,0,0,0,0,0,0,0,0,0,0,0,0,0,0,0,0,0,0,0,0,8,0,39.9814,-75.1137, , 
 ,51795,2013093182,6,67,67301,2013,8,3,2300,23,3,1,0,1,1, , ,N,1,2,0,3,0,0,2,2,N, ,39 55:09.777,75 10:14.532,2305, ,2305, ,0, , , ,3, , , , , ,569639, , , ,2,1,1,0,0,0,0,0,0,0,0,0,0,0,0,0,0,0,0,0,0,0,0,0,0,0,0,0,0,0,0,0,0,0,0,0,0,39.9194,-75.1707, , 
 ,51796,2013101788,6,67,67301,2013,9,2,1632,16,1,1,0,4,1, , ,N,1,2,0,3,0,6,6,3,N,N,39 55:00.970,75 12:57.138,1638, ,1634,9,1,4, , ,3,N, , , , ,569647, , , ,3,2,0,0,0,0,1,0,0,0,0,6,6,0,0,0,0,0,0,0,0,0,0,5,0,0,0,0,0,0,0,0,0,0,0,4,0,39.9169,-75.2159, , 
 ,51797,2013065403,6,67,67301,2013,5,3,1338,13,1,2,1,4,1, , ,N,1,2,0,3,0,1,2,2,N,N,40 03:07.221,75 03:44.755,1355, ,1345, ,0, ,N, ,3, , , , , ,569653, , , ,2,1,0,0,0,0,0,1,0,0,0,0,1,1,0,0,0,0,0,0,0,0,0,0,0,0,0,0,0,0,0,0,0,0,0,8,0,40.052,-75.0624, , 
 ,51798,2013086825,6,67,67301,2013,7,7,1300,13,1,1,0,4,1, , ,N,2,0,0,3,0,1,2,2,N,N,39 56:30.400,75 09:14.371,1430, ,1424, ,0, ,N, ,0, , , , , ,569673, , , ,1,1,0,0,0,0,0,0,1,0,0,1,1,0,0,0,0,0,0,0,1,0,0,0,0,0,0,0,0,0,0,0,0,0,0,4,0,39.9418,-75.154, , 
 ,51799,2013093046,6,67,67301,2013,8,4,847,8,1,1,0,5,1, , ,N,0,0,0,3,0,0,2,2,N,N,40 02:27.259,75 10:44.390,857, ,857, ,0, ,N, ,0, , , , , ,569674, , , ,2,2,0,0,0,0,0,0,0,0,0,0,0,0,0,0,0,0,0,0,1,1,0,0,0,0,0,0,0,0,0,0,0,0,0,0,0,40.0409,-75.179, , 
 ,51800,2013096041,6,67,67301,2013,8,1,2230,22,3,1,0,4,1, , ,N,1,2,0,3,0,1,2,2,N,N,40 02:54.625,75 14:06.990,2242, ,2235, ,0, ,N, ,3, , , , , ,569676, , , ,1,0,0,0,0,0,1,0,1,0,1,0,1,0,0,0,0,0,0,0,1,0,0,0,0,0,0,0,0,0,0,0,0,0,0,3,0,40.0485,-75.2353, , 
 ,51801,2013098431,6,67,67301,2013,9,6,2200,22,3,1,0,8,1, , ,N,5,2,0,3,0,1,2,2,N,N,39 54:19.501,75 10:24.816,2200, ,2200, ,0, ,N, ,3, , , , , ,569680, , , ,1,1,0,0,0,0,0,0,0,0,0,0,1,1,0,0,0,0,0,0,0,0,0,0,0,0,0,0,0,0,0,0,1,0,0,8,0,39.9054,-75.1736, , 
 ,51802,2013107138,6,67,67301,2013,9,3,845,8,3,1,0,8,1, , ,N,1,2,0,3,0,1,2,2,N,N,39 58:20.976,75 10:02.753,903, ,901, ,0, ,N, ,3, , , , , ,569687, , , ,1,0,0,1,0,0,0,0,0,0,0,0,1,1,0,0,0,0,0,0,0,0,0,0,0,0,0,0,0,0,0,0,1,0,0,8,1,39.9725,-75.1674, , 
 ,51803,2013080088,6,67,67301,2013,7,5,541,5,5,1,0,5,6, , ,N,0,0,0,3,0,0,1,3,N,N,39 55:41.077,75 08:48.750,542, ,542,1,1,2,N, ,0,N, , , , ,569705, , , ,3,1,0,0,1,0,1,0,0,0,0,0,0,0,0,0,0,0,0,0,0,0,0,1,0,0,0,0,0,0,0,0,0,0,0,0,0,39.9281,-75.1469, , 
 ,51804,2013070532,6,67,67301,2013,6,6,1607,16,1,2,1,8,1, , ,N,1,3,0,3,0,1,2,2,N,N,40 02:28.777,75 10:32.714,1623, ,1618, ,0, , , ,3, , , , , ,569749, , , ,1,1,0,0,0,0,0,0,0,0,0,1,1,0,1,0,0,0,0,0,0,0,1,0,0,0,0,0,0,0,0,0,1,0,0,4,0,40.0413,-75.1758, , 
 ,51805,2013083974,6,67,67301,2013,7,2,1736,17,1,1,0,4,1, , ,N,0,0,0,3,0,1,2,2,N,N,40 02:25.181,75 04:55.055,1741, ,1739, ,0, ,N, ,0, , , , , ,569771, , , ,1,1,0,0,0,0,0,0,1,0,0,0,1,1,0,0,0,0,0,0,0,0,0,0,0,0,0,0,0,0,0,0,0,0,0,8,0,40.0403,-75.082, , 
 ,51806,2013070090,6,67,67301,2013,6,1,437,4,3,1,0,7,3, , ,N,1,2,0,3,0,0,1,1,N,N,39 58:07.829,75 08:10.292,441, ,440,1,1,6,Y, ,3,N, , , , ,569807, , , ,1,1,0,0,0,0,0,0,0,0,0,0,0,0,0,0,0,0,0,0,0,0,0,0,0,0,0,0,0,0,0,0,0,0,0,0,0,39.9688,-75.1362, , 
 ,51807,2013074710,6,67,67301,2013,6,2,9999,99,3,2,1,4,1, , ,N,1,0,0,3,0,0,2,2,N,N,39 57:29.663,75 13:23.484,2039, ,2039, ,0, ,N, ,0, , , , , ,569812, , , ,2,2,0,0,0,0,0,0,0,0,0,0,0,0,1,0,0,0,0,0,0,0,0,1,0,0,0,0,0,0,0,0,0,0,0,9,0,39.9582,-75.2232, , 
 ,51808,2013097561,6,67,67301,2013,9,1,1652,16,1,1,0,7,2, , ,N,0,0,0,3,0,0,1,1,N,N,39 58:46.029,75 06:29.279,1703, ,1659,2,2,2,N, ,0,N, , , , ,569824, , , ,1,1,0,0,0,0,0,0,0,0,0,0,0,0,0,0,0,0,0,0,0,0,0,0,0,0,0,0,0,0,0,0,0,0,0,0,0,39.9795,-75.1081, , 
 ,51809,2013107142,6,67,67301,2013,9,4,100,1,3,1,0,5,1, , ,N,0,0,0,3,0,0,2,4,N,N,39 58:50.296,75 08:03.091,125, ,120, ,0, ,N, ,0, , , , , ,569835, , , ,4,3,0,0,1,0,0,0,0,0,0,0,0,0,0,0,0,0,0,0,0,0,0,0,0,0,0,0,0,0,0,0,0,0,0,0,0,39.9806,-75.1342, , 
 ,51810,2013109366,6,67,67301,2013,10,6,1332,13,1,1,0,4,1, , ,N,1,2,0,3,0,3,4,2,N,N,39 56:34.767,75 09:36.842,1332, ,1332, ,0, ,N, ,3, , , , , ,569838, , , ,2,0,0,0,0,0,2,0,0,0,1,2,3,0,0,0,0,0,0,0,0,0,0,0,0,0,0,0,0,0,0,0,0,0,0,3,0,39.943,-75.1602, , 
 ,51811,2013093164,6,67,67301,2013,8,7,2037,20,3,1,0,4,1, , ,N,1,2,0,3,0,0,7,2,N,N,40 00:57.319,75 07:46.466,2104, ,2100, ,0, ,N, ,3, , , , , ,572953, , , ,2,1,0,0,0,0,0,1,0,0,0,0,0,0,0,0,0,0,0,0,0,0,0,0,0,0,0,0,0,0,0,0,0,0,0,0,0,40.0159,-75.1296, , 
 ,51812,2013055440,6,67,67301,2013,5,7,1551,15,1,1,0,4,2, , ,N,0,0,0,3,0,0,1,2,N, ,40 02:46.991,75 11:32.305,1615, ,1611,1,1,2, , ,0,Y, , , , ,572975, , , ,2,2,0,0,0,0,0,0,0,0,0,0,0,0,1,0,0,0,0,0,0,0,0,0,0,0,0,0,0,0,0,0,0,0,0,9,0,40.0464,-75.1923, , 
 ,51813,2013121748,6,67,67301,2013,11,6,1942,19,3,2,1,1,1, , ,N,6,0,0,3,0,1,5,3,N,N,39 56:33.062,75 11:36.947,1954, ,1946,1,2,4,N, ,0,N, , , , ,572997, , , ,3,3,0,0,0,0,0,0,0,0,0,1,1,0,0,0,0,0,0,0,0,0,0,0,0,0,0,0,0,0,0,0,0,0,0,4,0,39.9411,-75.195, , 
 ,51814,2013122096,6,67,67301,2013,10,5,2040,20,3,1,0,4,1, , ,N,1,2,0,3,0,0,3,2,N,N,39 55:03.752,75 10:39.799,2105, ,2055,1,2,4,N, ,3,Y, , , , ,572998, , , ,2,2,0,0,0,0,0,0,0,0,0,0,0,0,0,0,0,0,0,0,1,0,0,0,0,0,0,0,0,0,0,0,0,0,0,0,0,39.9177,-75.1777, , 
 ,51815,2013065530,6,67,67301,2013,5,3,637,6,1,1,0,4,1, , ,N,1,0,0,3,0,1,2,2,N, ,40 01:04.738,75 09:18.009,640, ,638, ,0, , , ,0, , , , , ,573002, , , ,2,2,0,0,0,0,0,0,0,0,0,0,1,1,0,0,0,0,0,0,1,1,0,0,0,0,0,0,0,0,0,0,0,0,0,8,0,40.018,-75.155, , 
 ,51816,2013070391,6,67,67301,2013,6,4,1048,10,1,1,0,5,6, , ,N,0,0,0,3,0,1,1,2,N,N,39 55:22.846,75 13:14.696,1051, ,1050, ,0, ,N, ,0, , , , , ,573005, , , ,2,2,0,0,0,0,0,0,0,0,0,1,1,0,0,0,0,0,0,0,0,0,0,0,0,0,0,0,0,0,0,0,0,0,0,4,0,39.923,-75.2207, , 
 ,51817,2013077533,6,67,67301,2013,6,6,2149,21,3,2,1,4,1, , ,N,1,2,1,3,0,1,2,2,N, ,39 56:06.914,75 11:09.185,2153, ,2152, ,0, , , ,3, , , , , ,573009, , , ,1,1,0,0,0,0,0,0,1,0,0,1,1,0,0,0,0,0,0,0,0,0,0,1,0,0,0,0,0,0,0,0,0,0,0,4,0,39.9353,-75.1859, , 
 ,51818,2013080082,6,67,67301,2013,7,6,1937,19,1,1,0,4,1, , ,N,0,0,0,3,0,1,2,2,N, ,40 03:19.800,75 10:34.140,2204, ,2202, ,0, , , ,0, , , , , ,573010, , , ,1,1,0,0,0,0,0,0,1,0,1,0,1,0,0,0,0,0,0,0,0,0,0,0,0,0,0,0,0,0,0,0,0,0,0,3,0,40.0555,-75.1762, , 
 ,51819,2013086274,6,67,67301,2013,8,2,645,6,1,1,0,4,1, , ,N,2,0,0,3,0,2,2,2,N, ,40 03:59.087,74 58:56.193,712, ,706, ,0, , , ,0, , , , , ,573018, , , ,2,2,0,0,0,0,0,0,0,0,0,0,2,2,0,0,0,0,0,0,0,2,0,0,0,0,0,0,0,0,0,0,0,0,0,8,0,40.0664,-74.9822, , 
 ,51820,2013126990,6,67,67301,2013,11,1,1107,11,1,1,0,4,1, , ,N,3,0,0,3,0,1,2,2,N,N,40 01:11.366,75 11:29.821,1113, ,1109, ,0, ,N, ,0, , , , , ,573043, , , ,1,0,0,0,0,0,1,0,1,0,0,0,1,1,0,0,0,0,0,0,1,0,0,0,0,0,0,0,0,0,0,0,0,0,0,8,0,40.0198,-75.1916, , 
 ,51821,2014009740,6,67,67301,2013,11,5,1431,14,1,1,0,8,1, , ,N,0,0,0,3,0,1,2,2,N, ,39 57:00.005,75 10:10.332,1440, ,1431, ,0, , , ,0, , , , , ,573052, , , ,1,0,0,0,0,0,1,0,0,0,1,0,1,0,0,0,0,0,0,0,0,0,0,0,0,0,0,0,0,0,0,0,1,0,0,3,0,39.95,-75.1695, , 
 ,51822,2013065372,6,67,67301,2013,5,6,1720,17,1,2,0,8,1, , ,N,0,0,0,3,0,1,2,2,N,N,39 59:52.494,75 07:42.207,1735, ,1725, ,0, ,N, ,0, , , , , ,573064, , , ,1,1,0,0,0,0,0,0,0,0,0,1,1,0,0,0,0,0,0,0,0,0,0,0,0,0,0,0,0,0,0,0,1,0,0,4,0,39.9979,-75.1284, , 
 ,51823,2013065413,6,67,67301,2013,5,6,2131,21,3,1,0,8,1, , ,N,1,2,0,3,0,1,3,2,N, ,39 59:18.584,75 06:22.955,2140, ,2130, ,0, , , ,3, , , , , ,573065, , , ,1,1,0,0,0,0,0,0,0,0,0,0,1,1,0,0,0,0,0,0,0,1,0,0,0,0,0,0,0,0,0,0,1,0,0,8,0,39.9885,-75.1064, , 