wz_ln_closure,objectid_1,crn,district,county,municipality,crash_year,crash_month,day_of_week,time_of_day,hour_of_day,illumination,weather,road_condition,collision_type,relation_to_road,work_zone_type,work_zone_loc,work_zone_ind,intersect_type,tcd_type,location_type,urban_rural,fatal_count,injury_count,person_count,total_units,sch_bus_ind,sch_zone_ind,latitude,longitude,arrival_tm,cons_zone_spd_lim,dispatch_tm,est_hrs_closed,lane_closed,ln_close_dir,ntfy_hiwy_maint,spec_juris_cd,tcd_func_cd,tfc_detour_ind,workers_pres,wz_close_detour,wz_flagger,wz_law_offcr_ind,objectid,wz_moving,wz_other,wz_shlder_mdn,vehicle_count,automobile_count,motorcycle_count,bus_count,small_truck_count,heavy_truck_count,suv_count,van_count,bicycle_count,maj_inj_count,mod_inj_count,min_inj_count,tot_inj_count,unk_inj_deg_count,unk_inj_per_count,driver_count_16yr,driver_count_17yr,driver_count_18yr,driver_count_19yr,driver_count_20yr,driver_count_50_64yr,driver_count_65_74yr,driver_count_75plus,unbelted_occ_count,unb_death_count,unb_maj_inj_count,belted_death_count,belted_maj_inj_count,mcycle_death_count,mcycle_maj_inj_count,bicycle_death_count,bicycle_maj_inj_count,ped_count,ped_death_count,ped_maj_inj_count,max_severity_level,comm_veh_count,dec_lat,dec_long,rdwy_surf_type_cd,county_name
 ,51957,2013079465,6,67,67301,2013,7,6,1640,16,1,2,1,4,1, , ,N,1,2,0,3,0,1,4,2,N, ,39 59:28.231,75 10:53.491,1702, ,1659,1,1,3, , ,3,N, , , , ,573334, , , ,2,1,0,0,1,0,0,0,0,0,0,0,1,1,0,0,0,0,0,0,0,0,1,0,0,0,0,0,0,0,0,0,0,0,0,8,0,39.9912,-75.1815, , 
 ,51958,2013086727,6,67,67301,2013,8,3,125,1,2,1,0,5,6, , ,N,0,0,0,3,0,0,1,6,N, ,40 02:37.352,75 11:22.243,129, ,126, ,0, , , ,0, , , , , ,573341, , , ,6,3,0,0,2,0,0,1,0,0,0,0,0,0,0,0,0,0,0,0,1,0,0,0,0,0,0,0,0,0,0,0,0,0,0,0,0,40.0437,-75.1895, , 
 ,51959,2013086863,6,67,67301,2013,8,2,830,8,1,1,0,4,1, , ,N,1,2,0,3,0,0,2,2,N,N,40 00:39.718,75 06:15.004,832, ,832, ,0, ,N, ,3, , , , , ,573342, , , ,2,1,0,0,1,0,0,0,0,0,0,0,0,0,0,0,0,0,0,0,0,1,0,2,0,0,0,0,0,0,0,0,0,0,0,0,0,40.011,-75.1042, , 
 ,51960,2013098365,6,67,67301,2013,9,5,601,6,1,1,0,8,1, , ,N,2,3,0,3,0,2,3,3,N, ,39 59:20.788,75 09:12.225,608, ,601, ,0, ,N, ,3, , , , , ,573351, , , ,1,1,0,0,0,0,0,0,0,0,0,0,2,2,0,0,0,0,0,0,1,0,0,0,0,0,0,0,0,0,0,0,2,0,0,8,0,39.9891,-75.1534, , 
 ,51961,2013098424,6,67,67301,2013,8,7,2230,22,3,1,0,5,1, , ,N,0,0,0,3,0,1,3,2,N,N,39 58:27.254,75 10:51.268,2245, ,2242, ,0, ,N, ,0, , , , , ,573352, , , ,2,0,0,1,0,0,1,0,0,0,0,1,1,0,0,0,0,0,0,0,1,0,0,0,0,0,0,0,0,0,0,0,0,0,0,4,1,39.9742,-75.1809, , 
 ,51962,2013101005,6,67,67301,2013,9,5,731,7,1,1,0,5,2, , ,N,0,1,0,3,0,1,1,2,N,Y,40 00:39.913,75 07:43.096,731, ,731, ,0, ,N, ,3, , , , , ,573355, , , ,2,2,0,0,0,0,0,0,0,0,0,1,1,0,0,0,0,0,0,0,1,0,0,0,0,0,0,0,0,0,0,0,0,0,0,4,0,40.0111,-75.1286, , 
 ,51963,2013101136,6,67,67301,2013,8,6,630,6,1,1,0,5,1, , ,N,0,0,0,3,0,1,2,2,N,N,40 00:26.988,75 12:46.350,649, ,645, ,0, ,N, ,0, , , , , ,573356, , , ,2,1,0,0,1,0,0,0,0,0,0,1,1,0,1,0,0,0,0,0,1,1,0,0,0,0,0,0,0,0,0,0,0,0,0,4,0,40.0075,-75.2129, , 
 ,51964,2013103616,6,67,67301,2013,10,7,1715,17,1,1,0,1,1, , ,N,0,0,0,3,0,3,5,2,N,N,39 55:28.409,75 08:49.574,1720, ,1715, ,0, ,N, ,0, , , , , ,573360, , , ,2,1,0,0,0,0,1,0,0,0,0,0,3,3,0,0,0,0,0,0,0,0,0,0,0,0,0,0,0,0,0,0,0,0,0,8,0,39.9245,-75.1471, , 
 ,51965,2013065343,6,67,67301,2013,5,6,1000,10,1,1,0,1,1, , ,N,0,0,0,3,0,1,3,2,N,N,40 05:40.780,75 01:50.952,1010, ,1000, ,0, ,N, ,0, , , , , ,573365, , , ,2,1,0,0,0,0,1,0,0,0,1,0,1,0,0,0,0,0,0,0,0,0,0,0,0,0,0,0,0,0,0,0,0,0,0,3,0,40.0947,-75.0308, , 
 ,51966,2013065498,6,67,67301,2013,5,4,1715,17,1,1,0,4,1, , ,N,0,0,7,3,0,2,2,2,N, ,40 01:30.410,75 12:17.420,1725, ,1721, ,0, , , ,0, , , , , ,573366, , , ,2,2,0,0,0,0,0,0,0,0,0,0,2,2,0,0,0,0,0,0,1,0,0,0,0,0,0,0,0,0,0,0,0,0,0,8,0,40.0251,-75.2048, , 
 ,51967,2013018538,6,67,67301,2013,2,7,2250,22,3,1,0,1,1, , ,N,6,4,2,3,0,0,2,2,N,N,39 56:57.647,75 11:03.883,2305, ,2257,1,1,4,N, ,3,N, , , , ,573378, , , ,2,2,0,0,0,0,0,0,0,0,0,0,0,0,0,0,0,0,0,0,1,0,0,0,0,0,0,0,0,0,0,0,0,0,0,0,0,39.9493,-75.1844, , 
 ,51968,2013037456,6,67,67301,2013,3,7,2240,22,3,1,0,1,1, , ,N,0,0,0,3,0,1,3,3,N,N,40 01:27.765,75 07:47.661,2345, ,2342, ,0, ,N, ,0, , , , , ,573392, , , ,3,3,0,0,0,0,0,0,0,1,0,0,1,0,0,0,0,0,0,0,0,0,0,0,0,0,0,0,0,0,0,0,0,0,0,2,0,40.0244,-75.1299, , 
 ,51969,2013043823,6,67,67301,2013,3,1,436,4,3,1,0,4,1, , ,N,1,2,0,3,0,0,6,2,N,N,40 02:15.589,75 02:33.074,440, ,436, ,0, ,N, ,3, , , , , ,573397, , , ,2,0,0,0,0,0,2,0,0,0,0,0,0,0,0,0,0,0,0,0,0,0,0,0,0,0,0,0,0,0,0,0,0,0,0,0,0,40.0377,-75.0425, , 
 ,51970,2013046423,6,67,67301,2013,4,7,140,1,3,1,0,1,7, , ,N,1,2,2,3,0,3,4,3,N,N,39 55:17.972,75 11:24.679,152, ,150, ,0, ,N, ,3, , , , , ,573399, , , ,3,2,0,0,0,0,1,0,0,0,0,3,3,0,0,0,0,0,0,0,0,0,0,0,0,0,0,0,0,0,0,0,0,0,0,4,0,39.9217,-75.1902, , 
 ,51971,2013047807,6,67,67301,2013,4,6,9999,99,1,2,1,4,1, , ,N,1,2,0,3,0,2,5,2,N,N,40 02:12.019,75 10:25.841,800, ,754, ,0, ,N, ,3, , , , , ,573400, , , ,2,1,0,0,0,0,1,0,0,0,0,2,2,0,0,0,0,0,0,0,0,1,0,0,0,0,0,0,0,0,0,0,0,0,0,4,0,40.0367,-75.1738, , 
 ,51972,2013070937,6,67,67301,2013,6,6,1021,10,1,2,1,1,1, , ,N,1,3,0,3,0,2,4,2,N, ,39 58:38.164,75 08:48.739,1045, ,1043, ,0, , , ,3, , , , , ,573430, , , ,2,1,0,0,0,0,1,0,0,0,0,2,2,0,0,0,0,0,0,0,0,0,0,0,0,0,0,0,0,0,0,0,0,0,0,4,0,39.9773,-75.1469, , 
 ,51973,2013070953,6,67,67301,2013,6,4,2330,23,3,1,0,4,1, , ,N,1,2,0,3,0,1,2,2,N, ,39 57:18.079,75 10:04.799,7, ,5, ,0, , , ,3, , , , , ,573431, , , ,1,1,0,0,0,0,0,0,1,0,0,0,1,1,0,0,0,0,0,0,1,0,0,0,0,0,0,0,0,0,0,0,0,0,0,8,0,39.955,-75.168, , 
 ,51974,2013062633,6,67,67301,2013,5,3,950,9,1,2,1,4,1, , ,N,1,3,0,3,0,1,2,2,N,N,39 56:58.095,75 13:30.251,1000, ,957, ,0, , , ,3, , , , , ,576351, , , ,2,2,0,0,0,0,0,0,0,0,0,0,1,1,0,0,0,0,0,0,0,0,0,0,0,0,0,0,0,0,0,0,0,0,0,8,0,39.9495,-75.2251, , 
 ,51975,2013084397,6,67,67301,2013,7,6,1905,19,1,1,0,8,1, , ,N,2,0,0,3,0,1,2,2,N,N,39 57:49.284,75 13:44.871,1910, ,1910, ,0, ,N, ,0, , , , , ,576368, , , ,1,1,0,0,0,0,0,0,0,0,0,0,1,1,0,0,0,0,0,0,0,0,0,0,0,0,0,0,0,0,0,0,1,0,0,8,0,39.9637,-75.2291, , 
 ,51976,2013088147,6,67,67301,2013,8,1,1746,17,1,1,0,4,1, , ,N,1,2,0,3,0,0,5,2,N,N,39 59:25.796,75 14:57.065,1748, ,1746, ,0, ,N, ,3, , , , , ,576373, , , ,2,2,0,0,0,0,0,0,0,0,0,0,0,0,0,0,0,0,0,0,0,0,0,1,0,0,0,0,0,0,0,0,0,0,0,0,0,39.9905,-75.2492, , 
 ,51977,2013098426,6,67,67301,2013,9,2,1920,19,1,1,0,4,1, , ,N,0,0,0,3,0,1,2,2,N,N,39 58:36.933,75 09:56.430,9999, ,1928, ,0, ,N, ,0, , , , , ,576386, , , ,1,1,0,0,0,0,0,0,1,0,0,1,1,0,0,0,0,0,0,0,0,0,0,0,0,0,0,0,0,0,0,0,0,0,0,4,0,39.9769,-75.1657, , 
 ,51978,2013062605,6,67,67301,2013,5,4,751,7,1,1,0,4,1, , ,N,1,2,0,3,0,0,2,2,N, ,39 58:47.528,75 08:34.317,813, ,804, ,0, , , ,3, , , , , ,576411, , , ,2,0,0,0,1,0,1,0,0,0,0,0,0,0,0,0,0,0,0,0,0,0,0,0,0,0,0,0,0,0,0,0,0,0,0,0,0,39.9799,-75.1429, , 
 ,51979,2013070172,6,67,67301,2013,6,6,1745,17,1,1,0,8,3, , ,N,1,3,0,3,0,1,2,2,N,N,40 04:19.650,75 11:34.162,1820, ,1817, ,0, ,N, ,3, , , , , ,576417, , , ,1,1,0,0,0,0,0,0,0,0,0,1,1,0,0,0,0,0,0,0,1,0,0,0,0,0,0,0,0,0,0,0,1,0,0,4,0,40.0721,-75.1928, , 
 ,51980,2013077021,6,67,67301,2013,6,7,1600,16,1,1,0,4,2, , ,N,0,0,7,3,0,1,2,2,N,N,40 01:45.868,75 06:22.396,9999, ,1113, ,0, ,N, ,0, , , , , ,576422, , , ,1,0,0,0,0,0,1,0,1,0,1,0,1,0,0,0,0,0,0,0,0,0,0,0,0,0,0,0,0,0,0,0,0,0,0,3,0,40.0294,-75.1062, , 
 ,51981,2013084808,6,67,67301,2013,8,3,915,9,1,2,7,0,1, , ,N,0,0,0,3,0,0,1,1,N,N,39 54:27.763,75 08:58.656,921, ,915,1,2,2,N, ,0,N, , , , ,576429, , , ,1,1,0,0,0,0,0,0,0,0,0,0,0,0,1,0,0,0,0,0,0,0,0,0,0,0,0,0,0,0,0,0,0,0,0,9,0,39.9077,-75.1496, , 
 ,51982,2013096085,6,67,67301,2013,8,5,1730,17,1,1,0,4,1, , ,N,0,0,0,3,0,1,2,2,N,N,40 00:02.444,75 08:52.857,9999, ,9999, ,0, ,N, ,0, , , , , ,576441, , , ,1,0,0,0,1,0,0,0,1,0,0,1,1,0,0,0,0,0,0,0,0,0,0,0,0,0,0,0,0,0,0,0,0,0,0,4,0,40.0007,-75.148, , 
 ,51983,2013098415,6,67,67301,2013,9,1,200,2,3,1,0,7,4, , ,N,0,0,0,3,0,0,1,1,N,N,39 55:50.720,75 11:56.222,225, ,220, ,0, ,N, ,0, , , , , ,576443, , , ,1,1,0,0,0,0,0,0,0,0,0,0,0,0,0,0,0,0,0,0,0,0,0,0,0,0,0,0,0,0,0,0,0,0,0,0,0,39.9308,-75.199, , 
 ,51984,2013070120,6,67,67301,2013,6,1,1500,15,1,1,0,7,4, , ,N,1,2,0,3,0,0,1,1,N,N,39 59:41.093,75 13:05.081,1535, ,1531, ,0, ,N, ,3, , , , , ,576450, , , ,1,1,0,0,0,0,0,0,0,0,0,0,0,0,0,0,0,0,0,0,0,0,0,0,0,0,0,0,0,0,0,0,0,0,0,0,0,39.9947,-75.2181, , 
 ,51985,2013070255,6,67,67301,2013,6,6,1145,11,1,1,0,8,1, , ,N,1,2,0,3,0,1,2,2,N,N,39 59:34.615,75 06:37.098,130, ,130, ,0, ,N, ,3, , , , , ,576451, , , ,1,0,0,0,1,0,0,0,0,0,0,1,1,0,0,0,0,0,0,0,0,0,0,0,0,0,0,0,0,0,0,0,1,0,0,4,0,39.9929,-75.1103, , 
 ,51986,2013053060,6,67,67301,2013,4,3,1821,18,1,1,0,4,1, , ,N,1,3,0,3,0,0,3,3,N, ,40 02:04.164,75 02:53.357,1835, ,1827,2,1,4, , ,3,N, , , , ,576459, , , ,3,3,0,0,0,0,0,0,0,0,0,0,0,0,1,0,0,0,0,0,0,1,0,0,0,0,0,0,0,0,0,0,0,0,0,9,0,40.0345,-75.0482, , 
 ,51987,2013053136,6,67,67301,2013,4,2,2137,21,3,2,1,8,1, , ,N,2,0,0,3,0,1,2,2,N,N,39 55:51.740,75 09:46.709,2141, ,2138, ,0, ,N, ,0, , , , , ,576460, , , ,1,0,0,0,1,0,0,0,0,0,0,0,1,1,0,0,0,0,0,0,0,0,0,0,0,0,0,0,0,0,0,0,1,0,0,8,0,39.931,-75.163, , 
 ,51988,2013055364,6,67,67301,2013,5,5,2243,22,3,1,0,6,1, , ,N,0,0,0,3,0,0,2,2,N, ,40 01:42.073,75 10:02.065,2250, ,2240, ,0, , , ,0, , , , , ,576462, , , ,2,1,0,0,1,0,0,0,0,0,0,0,0,0,0,0,0,0,0,0,1,0,0,0,0,0,0,0,0,0,0,0,0,0,0,0,0,40.0284,-75.1672, , 
 ,51989,2013065521,6,67,67301,2013,5,2,934,9,1,2,1,4,1, , ,N,1,2,0,3,0,1,2,2,N,N,40 01:11.208,75 09:02.246,940, ,936, ,0, ,N, ,3, , , , , ,576473, , , ,2,0,0,0,2,0,0,0,0,0,0,0,1,1,1,0,0,0,0,0,1,0,0,0,0,0,0,0,0,0,0,0,0,0,0,8,0,40.0198,-75.1506, , 
 ,51990,2013070535,6,67,67301,2013,6,2,856,8,8,2,1,1,1, , ,N,0,0,0,3,0,1,2,2,N,N,40 00:24.687,75 07:14.372,917, ,907, ,0, ,N, ,0, , , , , ,576478, , , ,2,1,0,0,0,0,1,0,0,0,0,1,1,0,0,0,0,0,0,0,1,0,0,0,0,0,0,0,0,0,0,0,0,0,0,4,0,40.0069,-75.1207, , 
 ,51991,2013086190,6,67,67301,2013,7,2,823,8,5,1,0,4,1, , ,N,5,2,0,3,0,0,3,2,N,N,39 59:13.382,75 07:20.404,900, ,823, ,0, ,N, ,3, , , , , ,576492, , , ,2,0,0,0,2,0,0,0,0,0,0,0,0,0,0,0,0,0,0,0,1,0,0,0,0,0,0,0,0,0,0,0,0,0,0,0,0,39.9871,-75.1223, , 
 ,51992,2013086259,6,67,67301,2013,7,2,1907,19,1,1,0,1,1, , ,N,5,2,0,3,0,1,2,2,N,N,40 01:53.211,75 05:04.703,1921, ,1906,1,1,1,N, ,3,N, , , , ,576493, , , ,2,1,0,0,0,0,1,0,0,0,0,1,1,0,0,0,0,0,1,0,1,0,0,0,0,0,0,0,0,0,0,0,0,0,0,4,0,40.0314,-75.0846, , 
 ,51993,2013053132,6,67,67301,2013,4,1,200,2,3,1,0,7,5, , ,N,1,3,0,3,0,1,2,1,N,N,39 58:40.742,75 14:54.067,210, ,210, ,0, ,N, ,3, , , , , ,580887, , , ,1,0,0,0,0,0,1,0,0,0,0,1,1,0,1,0,0,0,0,0,0,0,0,0,0,0,0,0,0,0,0,0,0,0,0,4,0,39.978,-75.2484, , 
 ,51994,2013062968,6,67,67301,2013,6,6,2034,20,3,2,1,7,2, , ,N,0,0,0,3,0,0,1,1,N,N,39 53:14.666,75 12:56.004,2043, ,2035, ,0, ,N, ,0, , , , , ,580892, , , ,1,1,0,0,0,0,0,0,0,0,0,0,0,0,0,0,0,0,0,0,0,0,0,0,0,0,0,0,0,0,0,0,0,0,0,0,0,39.8874,-75.2156, , 
 ,51995,2013067300,6,67,67301,2013,3,3,630,6,5,9,8,1,7, , ,N,7,0,2,3,0,1,2,2,N,N,40 00:28.486,75 11:30.684,0, ,0, ,0, ,N, ,0, , , , , ,580895, , , ,2,1,0,0,0,0,1,0,0,0,0,0,1,1,0,0,0,0,0,0,0,0,0,0,0,0,0,0,0,0,0,0,0,0,0,8,0,40.0079,-75.1919, , 
 ,51996,2013070490,6,67,67301,2013,6,3,1440,14,1,1,0,4,1, , ,N,2,2,0,3,0,1,2,2,N, ,40 06:35.729,75 01:30.785,1601, ,1600, ,0, , , ,3, , , , , ,580899, , , ,2,2,0,0,0,0,0,0,0,0,0,0,1,1,0,0,0,0,0,0,1,0,0,0,0,0,0,0,0,0,0,0,0,0,0,8,0,40.1099,-75.0251, , 
 ,51997,2013096010,6,67,67301,2013,8,1,1332,13,1,1,0,6,6, , ,N,0,0,0,3,0,2,2,4,N,N,39 55:23.498,75 13:13.778,1335, ,1332, ,0, ,N, ,0, , , , , ,580919, , , ,4,3,0,0,1,0,0,0,0,0,0,2,2,0,0,0,0,0,0,0,0,0,0,0,0,0,0,0,0,0,0,0,0,0,0,4,0,39.9232,-75.2205, , 
 ,51998,2013062578,6,67,67301,2013,5,3,1556,15,1,1,0,1,1, , ,N,0,2,0,3,0,0,3,2,N, ,40 00:25.988,75 10:28.145,1606, ,1600, ,0, , , ,3, , , , , ,580928, , , ,2,0,0,0,0,0,1,1,0,0,0,0,0,0,3,0,0,0,0,0,1,0,0,0,0,0,0,0,0,0,0,0,0,0,0,9,0,40.0072,-75.1745, , 
 ,51999,2013065299,6,67,67301,2013,5,4,1930,19,1,1,0,4,1, , ,N,1,0,0,3,0,1,2,2,N,N,39 55:38.431,75 10:58.990,1940, ,1938, ,0, ,N, ,0, , , , , ,580932, , , ,1,1,0,0,0,0,0,0,1,0,0,0,1,1,0,0,0,0,0,0,1,0,0,1,0,0,0,0,0,0,0,0,0,0,0,8,0,39.9273,-75.1831, , 
 ,52000,2013098755,6,67,67301,2013,8,2,2307,23,3,1,0,7,5, , ,N,1,0,0,3,0,1,1,2,N,N,39 59:50.211,75 07:11.429,2312, ,2307,3,2,6,N, ,0,Y, , , , ,580968, , , ,1,1,0,0,0,0,0,0,0,0,0,0,1,1,0,0,0,0,0,0,0,0,0,0,0,0,0,0,0,0,0,0,0,0,0,8,0,39.9973,-75.1198, , 
 ,52001,2013070570,6,67,67301,2013,5,7,1839,18,1,1,0,4,1, , ,N,1,2,0,3,0,3,3,2,N,N,39 58:25.603,75 15:29.678,1843, ,1840, ,0, ,N, ,3, , , , , ,580977, , , ,2,1,0,0,0,0,1,0,0,0,0,0,3,3,0,0,0,0,0,0,0,0,0,0,0,0,0,0,0,0,0,0,0,0,0,8,0,39.9738,-75.2582, , 
 ,52002,2013086741,6,67,67301,2013,7,2,1645,16,1,1,0,4,1, , ,N,1,2,0,3,0,1,2,2,N,N,39 58:26.145,75 12:23.120,1649, ,1645, ,0, ,N, ,3, , , , , ,580996, , , ,1,1,0,0,0,0,0,0,1,0,0,1,1,0,0,0,0,0,0,0,0,0,0,1,0,0,0,0,0,0,0,0,0,0,0,4,0,39.9738,-75.2064, , 
 ,52003,2013095964,6,67,67301,2013,8,6,1920,19,1,1,0,1,1, , ,N,1,2,0,3,0,2,3,2,N,N,39 57:20.669,75 12:56.254,1936, ,1928, ,0, ,N, ,3, , , , , ,581008, , , ,2,0,0,0,1,0,1,0,0,0,0,0,2,2,0,0,0,0,0,0,0,0,0,0,0,0,0,0,0,0,0,0,0,0,0,8,0,39.9557,-75.2156, , 
 ,52004,2013101797,6,67,67301,2013,9,2,825,8,1,1,0,4,1, , ,N,1,3,0,3,0,2,3,3,N, ,40 01:22.525,75 09:47.379,838, ,830,2,1,1, , ,3,N, , , , ,581018, , , ,2,2,0,0,0,0,0,0,0,0,0,0,2,2,0,0,0,0,0,0,1,0,0,0,0,0,0,0,0,0,0,0,1,0,0,8,0,40.0229,-75.1632, , 
 ,52005,2013104380,6,67,67301,2013,9,7,47,0,3,1,0,4,1, , ,N,1,2,0,3,0,0,2,2,N,N,39 59:38.150,75 09:16.063,49, ,47, ,0, ,N, ,3, , , , , ,581019, , , ,2,0,0,1,0,0,1,0,0,0,0,0,0,0,0,0,0,0,0,0,0,0,0,0,0,0,0,0,0,0,0,0,0,0,0,0,1,39.9939,-75.1545, , 
 ,52006,2013053019,6,67,67301,2013,4,1,752,7,1,1,0,4,1, , ,N,2,2,0,3,0,2,4,2,N, ,40 04:37.016,75 09:48.203,810, ,800, ,0, , , ,3, , , , , ,581025, , , ,2,2,0,0,0,0,0,0,0,0,0,0,2,2,0,0,0,0,0,0,0,0,1,0,0,0,0,0,0,0,0,0,0,0,0,8,0,40.0769,-75.1634, , 
 ,52007,2013054127,6,67,67301,2013,5,2,1530,15,1,1,0,7,4, , ,N,0,0,0,3,0,2,2,1,N,N,40 02:18.219,75 00:37.127,1559, ,1538,2,1,2,N, ,0,N, , , , ,581026, , , ,1,1,0,0,0,0,0,0,0,1,0,1,2,0,0,0,0,0,0,0,0,0,0,0,0,0,0,1,0,0,0,0,0,0,0,2,0,40.0384,-75.0103, , 
 ,52008,2013086669,6,67,67301,2013,8,2,1818,18,1,1,0,4,1, , ,N,0,0,0,3,0,1,2,2,N, ,39 57:06.763,75 09:36.141,1823, ,1821, ,0, , , ,0, , , , , ,581045, , , ,2,2,0,0,0,0,0,0,0,1,0,0,1,0,0,0,0,0,0,0,0,0,0,0,0,0,0,1,0,0,0,0,0,0,0,2,0,39.9519,-75.16, , 
 ,52009,2013090735,6,67,67301,2013,9,4,1145,11,1,1,0,4,1, , ,N,1,2,0,3,1,1,3,2,N,N,39 57:17.491,75 09:04.108,1147, ,1147,2,2,1,N,0,3,Y, , , , ,581052, , , ,2,1,0,0,0,1,0,0,0,0,1,0,1,0,0,0,0,0,0,0,0,0,1,0,0,0,1,0,0,0,0,0,0,0,0,1,1,39.9549,-75.1511,2, 
 ,52010,2013098366,6,67,67301,2013,9,3,1300,13,1,1,0,4,1, , ,N,1,2,0,3,0,1,4,2,N, ,39 57:13.024,75 13:05.347,1312, ,1300, ,0, , , ,3, , , , , ,581058, , , ,2,1,0,0,1,0,0,0,0,0,0,1,1,0,0,0,0,0,0,0,0,0,0,0,0,0,0,0,0,0,0,0,0,0,0,4,0,39.9536,-75.2182, , 
 ,52011,2013070254,6,67,67301,2013,6,5,821,8,3,2,1,8,1, , ,N,0,0,0,3,0,1,2,2,N,N,39 59:57.080,75 06:06.782,821, ,821, ,0, ,N, ,0, , , , , ,570199, , , ,1,1,0,0,0,0,0,0,0,0,0,1,1,0,0,0,0,0,0,0,0,0,0,1,0,0,0,0,0,0,0,0,1,0,0,4,0,39.9992,-75.1019, , 
 ,52012,2013079573,6,67,67301,2013,7,4,9999,99,3,1,0,1,1, , ,N,1,2,0,3,0,0,2,2,N,N,40 01:26.870,75 07:49.644,9999, ,9999, ,0, ,N, ,3, , , , , ,570203, , , ,2,2,0,0,0,0,0,0,0,0,0,0,0,0,0,0,0,0,1,0,0,0,0,0,0,0,0,0,0,0,0,0,0,0,0,0,0,40.0243,-75.1304, , 
 ,52013,2013043419,6,67,67301,2013,3,6,1002,10,1,1,0,4,1, , ,N,2,3,0,3,0,2,3,2,N, ,40 02:28.885,75 05:52.522,1010, ,1006, ,0, , , ,3, , , , , ,570232, , , ,2,1,0,0,1,0,0,0,0,0,0,1,2,1,0,0,0,0,0,0,0,0,0,0,0,0,0,0,0,0,0,0,0,0,0,4,0,40.0414,-75.0979, , 
 ,52014,2013055360,6,67,67301,2013,4,2,1103,11,1,2,1,5,1, , ,N,0,0,0,3,0,1,2,2,N,N,39 57:44.270,75 14:26.530,1959, ,1920,9,1,5,N, ,0,N, , , , ,570240, , , ,2,1,0,0,1,0,0,0,0,0,0,1,1,0,0,0,0,0,0,0,0,0,0,0,0,0,0,0,0,0,0,0,0,0,0,4,0,39.9623,-75.2407, , 
 ,52015,2013062650,6,67,67301,2013,5,4,1209,12,1,1,0,4,1, , ,N,2,2,6,3,0,1,4,2,N, ,40 01:47.170,75 06:16.717,1211, ,1210,2,1,2, , ,3,N, , , , ,570246, , , ,2,2,0,0,0,0,0,0,0,0,0,1,1,0,0,0,0,0,0,0,0,0,0,0,0,0,0,0,0,0,0,0,0,0,0,4,0,40.0298,-75.1043, , 
 ,52016,2013065319,6,67,67301,2013,5,3,1418,14,1,1,0,4,1, , ,N,1,3,0,3,0,1,2,2,N,N,39 57:47.991,75 13:34.381,1424, ,1418,3,2,7, , ,3,Y, , , , ,570251, , , ,1,0,0,0,1,0,0,0,1,0,1,0,1,0,0,0,0,0,0,0,0,0,0,0,0,0,0,0,0,0,0,0,0,0,0,3,0,39.9633,-75.2262, , 
 ,52017,2013070323,6,67,67301,2013,6,3,1130,11,1,1,0,1,6, , ,N,0,0,0,3,0,1,1,2,N, ,39 59:36.952,75 10:59.498,1140, ,1135, ,0, , , ,0, , , , , ,570258, , , ,2,2,0,0,0,0,0,0,0,0,0,0,1,1,0,0,0,0,0,0,0,1,0,0,0,0,0,0,0,0,0,0,0,0,0,8,0,39.9936,-75.1832, , 
 ,52018,2013082554,6,67,67301,2013,8,6,1238,12,1,1,0,4,1, , ,N,1,3,0,3,0,1,2,2,Y,N,39 56:32.020,75 10:39.356,1335, ,1315, ,0, ,N, ,3, , , , , ,570267, , , ,1,0,0,1,0,0,0,0,1,0,0,1,1,0,0,0,0,0,0,0,0,0,0,0,0,0,0,0,0,0,0,0,0,0,0,4,1,39.9422,-75.1776, , 
N,52019,2013090131,6,67,67301,2013,8,3,2201,22,3,1,0,7,2,1,4,Y,6,0,2,3,0,0,2,2,N,N,39 58:14.535,75 07:29.657,2216,45,2204, ,0, ,N, ,0, ,N,N,N,N,570271,N,N,Y,2,0,0,0,0,1,1,0,0,0,0,0,0,0,0,0,1,0,0,0,0,0,0,0,0,0,0,0,0,0,0,0,0,0,0,0,1,39.9765,-75.1144, , 
 ,52020,2013055848,6,67,67301,2013,5,6,1855,18,1,1,0,4,1, , ,N,1,3,0,3,0,1,7,2,N,N,39 55:58.044,75 09:04.089,1905, ,1900, ,0, ,N, ,3, , , , , ,570278, , , ,2,0,0,0,0,0,1,1,0,0,0,1,1,0,0,0,0,0,0,0,0,0,0,1,0,0,0,0,0,0,0,0,0,0,0,4,0,39.9328,-75.1511, , 
 ,52021,2013062648,6,67,67301,2013,5,7,1500,15,1,1,0,8,2, , ,N,2,0,0,3,0,1,2,2,N,N,39 57:05.961,75 14:27.272,1520, ,1511, ,0, ,N, ,0, , , , , ,570287, , , ,1,1,0,0,0,0,0,0,0,0,0,1,1,0,0,0,1,0,0,0,0,0,0,0,0,0,0,0,0,0,0,0,1,0,0,4,0,39.9517,-75.2409, , 
 ,52022,2013074697,6,67,67301,2013,6,5,1044,10,1,1,0,4,1, , ,N,1,2,0,3,0,1,2,2,N,N,39 56:21.685,75 13:03.003,1044, ,1044,2,1,1,N, ,3,N, , , , ,570327, , , ,2,2,0,0,0,0,0,0,0,0,0,1,1,0,0,0,0,0,0,1,0,0,0,0,0,0,0,0,0,0,0,0,0,0,0,4,0,39.9394,-75.2175, , 