wz_ln_closure,objectid_1,crn,district,county,municipality,crash_year,crash_month,day_of_week,time_of_day,hour_of_day,illumination,weather,road_condition,collision_type,relation_to_road,work_zone_type,work_zone_loc,work_zone_ind,intersect_type,tcd_type,location_type,urban_rural,fatal_count,injury_count,person_count,total_units,sch_bus_ind,sch_zone_ind,latitude,longitude,arrival_tm,cons_zone_spd_lim,dispatch_tm,est_hrs_closed,lane_closed,ln_close_dir,ntfy_hiwy_maint,spec_juris_cd,tcd_func_cd,tfc_detour_ind,workers_pres,wz_close_detour,wz_flagger,wz_law_offcr_ind,objectid,wz_moving,wz_other,wz_shlder_mdn,vehicle_count,automobile_count,motorcycle_count,bus_count,small_truck_count,heavy_truck_count,suv_count,van_count,bicycle_count,maj_inj_count,mod_inj_count,min_inj_count,tot_inj_count,unk_inj_deg_count,unk_inj_per_count,driver_count_16yr,driver_count_17yr,driver_count_18yr,driver_count_19yr,driver_count_20yr,driver_count_50_64yr,driver_count_65_74yr,driver_count_75plus,unbelted_occ_count,unb_death_count,unb_maj_inj_count,belted_death_count,belted_maj_inj_count,mcycle_death_count,mcycle_maj_inj_count,bicycle_death_count,bicycle_maj_inj_count,ped_count,ped_death_count,ped_maj_inj_count,max_severity_level,comm_veh_count,dec_lat,dec_long,rdwy_surf_type_cd,county_name
 ,52090,2013016249,6,67,67301,2013,1,3,1515,15,1,1,0,8,1, , ,N,1,3,0,3,0,1,2,2,N, ,39 56:03.854,75 10:45.429,1532, ,1530, ,0, , , ,3, , , , , ,570480, , , ,1,0,0,0,0,0,1,0,0,0,0,0,1,1,0,0,0,0,0,0,1,0,0,0,0,0,0,0,0,0,0,0,1,0,0,8,0,39.9344,-75.1793, , 
 ,52091,2013046256,6,67,67301,2013,4,4,1815,18,1,1,0,8,1, , ,N,2,0,0,3,0,1,2,2,N,N,40 00:55.112,75 08:49.930,1820, ,1815, ,0, , , ,0, , , , , ,570503, , , ,1,1,0,0,0,0,0,0,0,0,1,0,1,0,0,0,0,0,0,0,0,0,0,0,0,0,0,0,0,0,0,0,1,0,0,3,0,40.0153,-75.1472, , 
 ,52092,2013062596,6,67,67301,2013,5,3,1210,12,1,1,0,8,1, , ,N,1,0,0,3,0,1,2,2,N,N,40 01:16.554,75 02:47.849,1220, ,1214, ,0, ,N, ,0, , , , , ,570512, , , ,1,1,0,0,0,0,0,0,0,0,0,1,1,0,0,0,0,0,0,0,0,0,0,0,0,0,0,0,0,0,0,0,1,0,0,4,0,40.0213,-75.0466, , 
 ,52093,2013057903,6,67,67301,2013,6,1,114,1,3,1,0,7,2, , ,N,6,0,8,3,0,1,1,1,N,N,39 57:24.144,75 08:32.205,123, ,118,1,1,3,N, ,0,N, , , , ,570521, , , ,1,1,0,0,0,0,0,0,0,0,0,1,1,0,0,0,0,0,0,0,0,0,0,0,0,0,0,0,0,0,0,0,0,0,0,4,0,39.9575,-75.1467, , 
 ,52094,2013080093,6,67,67301,2013,7,1,1720,17,1,1,0,7,5, , ,N,2,2,0,3,0,1,1,1,N,N,40 03:32.950,74 59:38.770,1726, ,1722, ,0, ,N, ,3, , , , , ,570535, , , ,1,1,0,0,0,0,0,0,0,0,0,0,1,1,0,0,0,0,0,0,0,0,0,0,0,0,0,0,0,0,0,0,0,0,0,8,0,40.0592,-74.9941, , 
 ,52095,2013086976,6,67,67301,2013,7,3,1356,13,1,1,0,1,1, , ,N,2,0,0,3,0,1,2,2,N,N,40 03:48.358,75 00:33.943,1411, ,1409, ,0, ,N, ,0, , , , , ,570545, , , ,2,1,0,0,1,0,0,0,0,0,0,1,1,0,0,0,0,0,0,0,0,0,0,0,0,0,0,0,0,0,0,0,0,0,0,4,0,40.0634,-75.0094, , 
 ,52096,2013088114,6,67,67301,2013,7,2,550,5,1,1,0,1,1, , ,N,1,2,0,3,0,2,4,2,N,N,40 00:45.716,75 08:30.443,554, ,552,2,2,2,N, ,3,Y, , , , ,570547, , , ,2,1,0,1,0,0,0,0,0,0,0,2,2,0,0,0,0,0,0,0,0,0,0,1,0,0,0,0,0,0,0,0,0,0,0,4,1,40.0127,-75.1418, , 
 ,52097,2013101263,6,67,67301,2013,9,5,1500,15,8,1,0,5,2, , ,N,2,0,0,3,0,0,1,2,N,N,40 01:36.800,75 13:05.617,830, ,822, ,0, ,N, ,0, , , , , ,570561, , , ,2,0,0,0,1,0,0,0,0,0,0,0,0,0,0,0,0,0,0,0,0,0,0,0,0,0,0,0,0,0,0,0,0,0,0,0,0,40.0269,-75.2182, , 
 ,52098,2013062656,6,67,67301,2013,5,3,2350,23,3,1,0,5,6, , ,N,0,0,0,3,0,0,1,2,N,N,39 57:15.809,75 11:31.940,2352, ,2350, ,0, ,N, ,0, , , , , ,570573, , , ,2,2,0,0,0,0,0,0,0,0,0,0,0,0,0,0,0,0,0,0,0,0,0,0,0,0,0,0,0,0,0,0,0,0,0,0,0,39.9544,-75.1922, , 
 ,52099,2013074722,6,67,67301,2013,6,7,2156,21,3,1,0,7,5, , ,N,0,0,0,3,0,1,1,1,N,N,40 07:30.813,75 00:52.675,2215, ,2157,2,2,1,N, ,0,Y, , , , ,570583, , , ,1,0,0,0,0,0,1,0,0,0,0,0,1,1,0,0,0,0,0,0,0,0,0,0,0,0,0,0,0,0,0,0,0,0,0,8,0,40.1252,-75.0146, , 
 ,52100,2013086840,6,67,67301,2013,8,1,9999,99,1,1,0,8,1, , ,N,2,0,0,3,0,1,2,2,N,N,40 01:45.919,75 07:28.901,9999, ,1724, ,0, ,N, ,0, , , , , ,570594, , , ,1,1,0,0,0,0,0,0,1,0,0,0,1,1,0,0,0,0,0,0,1,0,0,0,0,0,0,0,0,0,0,0,0,0,0,8,0,40.0294,-75.1247, , 
 ,52101,2013070346,6,67,67301,2013,6,7,1752,17,1,1,0,4,1, , ,N,5,2,0,3,0,1,5,4,N, ,40 06:50.525,74 59:15.412,1756, ,1752,2,2,4, , ,3,Y, , , , ,570661, , , ,4,2,0,0,1,0,1,0,0,0,0,1,1,0,0,0,0,0,0,0,1,0,0,0,0,0,0,0,0,0,0,0,0,0,0,4,0,40.114,-74.9876, , 
 ,52102,2013104011,6,67,67301,2013,9,4,1723,17,1,1,0,8,1, , ,N,0,0,0,3,0,1,2,2,N,N,40 01:46.732,75 04:41.156,1730, ,1725, ,0, ,N, ,0, , , , , ,573637, , , ,1,0,0,0,1,0,0,0,0,0,0,1,1,0,0,0,0,0,0,0,0,0,0,0,0,0,0,0,0,0,0,0,1,0,0,4,0,40.0296,-75.0781, , 
 ,52103,2013053140,6,67,67301,2013,4,3,5,0,3,1,0,4,1, , ,N,1,2,0,3,0,1,2,2,N, ,39 58:18.644,75 14:41.701,10, ,10, ,0, , , ,3, , , , , ,573653, , , ,2,1,0,0,0,1,0,0,0,0,0,0,1,1,0,0,0,0,0,0,1,0,0,0,0,0,0,0,0,0,0,0,0,0,0,8,1,39.9719,-75.2448, , 
 ,52104,2013054636,6,67,67301,2013,4,7,1605,16,1,1,0,5,1, , ,N,1,0,0,3,0,1,4,5,N,N,40 00:06.501,75 09:16.312,1605, ,1605,2,2,6, , ,0,N, , , , ,573656, , , ,5,5,0,0,0,0,0,0,0,0,0,1,1,0,0,0,0,0,0,0,1,0,0,1,0,0,0,0,0,0,0,0,0,0,0,4,0,40.0018,-75.1545, , 
 ,52105,2013069100,6,67,67301,2013,6,2,1818,18,1,1,0,7,2, , ,N,0,0,2,3,0,1,9,3,N,N,39 58:26.662,75 11:40.410,1820, ,1819,2,2,4,N, ,0,Y, , , , ,573663, , , ,3,1,0,0,0,0,2,0,0,0,0,0,1,1,0,0,0,0,0,1,0,0,0,0,0,0,0,0,0,0,0,0,0,0,0,8,0,39.9741,-75.1946, , 
 ,52106,2013094761,6,67,67301,2013,6,4,1850,18,1,1,0,1,1, , ,N,3,3,0,3,0,1,3,2,N,N,39 59:45.110,75 11:28.893,0, ,0, ,0, ,N, ,3, , , , , ,573689, , , ,2,2,0,0,0,0,0,0,0,0,1,0,1,0,1,0,0,0,0,0,0,0,0,0,0,0,0,0,0,0,0,0,0,0,0,3,0,39.9959,-75.1914, , 
 ,52107,2013098379,6,67,67301,2013,8,5,9999,99,3,1,0,1,1, , ,N,0,0,0,3,0,1,4,3,N, ,40 01:07.129,75 08:49.740,9999, ,9999, ,0, , , ,0, , , , , ,573693, , , ,3,2,0,0,0,0,1,0,0,0,0,1,1,0,1,0,0,0,0,0,0,0,0,0,0,0,0,0,0,0,0,0,0,0,0,4,0,40.0186,-75.1472, , 
 ,52108,2013098929,6,67,67301,2013,10,7,305,3,3,1,0,2,2, , ,N,0,0,0,3,0,0,2,6,N,N,39 58:59.620,75 09:24.939,315, ,310, ,0, ,N, ,0, , , , , ,573695, , , ,6,6,0,0,0,0,0,0,0,0,0,0,0,0,0,0,0,0,0,0,0,0,0,0,0,0,0,0,0,0,0,0,0,0,0,0,0,39.9832,-75.1569, , 
 ,52109,2013104402,6,67,67301,2013,9,7,9999,99,3,1,0,5,2, , ,N,0,0,0,3,0,0,1,2,N,N,40 03:14.903,75 03:57.124,155, ,149, ,0, ,N, ,0, , , , , ,573700, , , ,2,1,0,0,0,0,1,0,0,0,0,0,0,0,0,0,0,0,0,0,0,0,0,0,0,0,0,0,0,0,0,0,0,0,0,0,0,40.0541,-75.0659, , 
 ,52110,2013055636,6,67,67301,2013,5,4,1253,12,1,1,0,4,1, , ,N,0,0,7,3,0,0,3,2,N,N,39 55:12.763,75 12:48.063,1312, ,1309,2,1,3, , ,0,N, , , , ,573702, , , ,2,1,0,0,1,0,0,0,0,0,0,0,0,0,3,0,0,0,1,0,1,0,0,0,0,0,0,0,0,0,0,0,0,0,0,9,0,39.9202,-75.2134, , 
 ,52111,2013062527,6,67,67301,2013,4,6,800,8,1,1,0,4,1, , ,N,0,0,0,3,0,0,5,3,N,N,39 56:02.502,75 13:00.138,800, ,800, ,0, ,N, ,0, , , , , ,573708, , , ,3,2,0,0,1,0,0,0,0,0,0,0,0,0,0,0,0,0,0,0,1,0,0,0,0,0,0,0,0,0,0,0,0,0,0,0,0,39.934,-75.2167, , 
 ,52112,2013070439,6,67,67301,2013,6,1,1651,16,1,1,0,7,4, , ,N,5,2,0,3,0,0,3,1,N,N,40 01:25.849,75 07:25.874,1655, ,1652, ,0, ,N, ,3, , , , , ,573710, , , ,1,1,0,0,0,0,0,0,0,0,0,0,0,0,0,0,0,0,0,0,0,0,0,0,0,0,0,0,0,0,0,0,0,0,0,0,0,40.0238,-75.1239, , 
 ,52113,2013101172,6,67,67301,2013,8,2,1320,13,1,1,0,4,1, , ,N,1,2,0,3,0,2,4,2,N, ,40 03:23.752,75 01:08.811,1329, ,1323, ,0, , , ,3, , , , , ,573731, , , ,2,0,0,0,0,0,1,1,0,0,0,2,2,0,0,0,0,1,0,0,0,0,0,0,0,0,0,0,0,0,0,0,0,0,0,4,0,40.0564,-75.0191, , 
 ,52114,2013123034,6,67,67301,2013,11,1,1540,15,1,1,0,7,2, , ,N,0,0,0,3,0,2,2,1,N,N,40 06:41.436,74 59:30.844,1547, ,1540,2,1,2,Y, ,0,N, , , , ,573744, , , ,1,1,0,0,0,0,0,0,0,0,1,1,2,0,0,0,0,0,0,0,0,0,0,0,0,0,0,0,0,0,0,0,0,0,0,3,0,40.1115,-74.9919, , 
N,52115,2013057455,6,67,67301,2013,5,1,51,0,3,2,1,7,2,1,4,Y,0,0,0,3,0,1,1,1,N,N,40 01:58.290,75 01:13.967,100,45,51, ,0, ,N, ,0, ,N,N,N,N,573792,N,N,Y,1,0,0,0,0,0,0,1,0,0,0,0,1,1,0,0,0,0,1,0,0,0,0,1,0,0,0,0,0,0,0,0,0,0,0,8,0,40.0328,-75.0206, , 
 ,52116,2013074757,6,67,67301,2013,6,2,2240,22,3,1,0,5,1, , ,N,1,0,0,3,0,0,2,2,N,N,39 55:07.184,75 14:48.818,2241, ,2240, ,0, ,N, ,0, , , , , ,573810, , , ,2,2,0,0,0,0,0,0,0,0,0,0,0,0,0,0,0,0,0,0,0,0,0,0,0,0,0,0,0,0,0,0,0,0,0,0,0,39.9187,-75.2469, , 
 ,52117,2013081201,6,67,67301,2013,7,7,1507,15,1,1,0,4,1, , ,N,1,2,0,3,0,1,3,2,N, ,40 03:44.832,74 59:13.249,1525, ,1515,2,1,2, , ,3,N, , , , ,573821, , , ,2,2,0,0,0,0,0,0,0,0,0,0,1,1,0,0,0,1,0,0,0,0,1,0,0,0,0,0,0,0,0,0,0,0,0,8,0,40.0625,-74.987, , 
 ,52118,2013093149,6,67,67301,2013,8,5,1651,16,1,2,1,7,2, , ,N,1,2,0,3,0,1,1,1,N,N,40 02:14.460,75 11:27.412,1659, ,1651, ,0, ,N, ,3, , , , , ,573836, , , ,1,1,0,0,0,0,0,0,0,0,1,0,1,0,0,0,0,0,0,0,0,0,0,1,0,0,0,0,0,0,0,0,0,0,0,3,0,40.0374,-75.1909, , 
 ,52119,2013093678,6,67,67301,2013,9,4,1235,12,1,1,0,5,1, , ,N,0,0,0,3,0,1,2,2,N,N,39 56:46.866,75 08:32.763,1244, ,1239,1,1,2,N, ,0,N, , , , ,573837, , , ,2,1,0,0,1,0,0,0,0,0,0,1,1,0,0,0,0,0,0,0,0,1,0,0,0,0,0,0,0,0,0,0,0,0,0,4,1,39.9464,-75.1424, , 
 ,52120,2013064722,6,67,67301,2013,4,1,421,4,3,1,0,7,5, , ,N,0,0,0,3,0,1,2,1,N,N,39 59:33.026,75 05:07.229,421, ,421, ,0, ,Y, ,0, , , , , ,573846, , , ,1,0,0,0,0,0,1,0,0,0,0,1,1,0,0,0,0,0,0,0,0,0,0,0,0,0,0,0,0,0,0,0,0,0,0,4,0,39.9924,-75.0854, , 
 ,52121,2013086960,6,67,67301,2013,8,2,1221,12,1,1,0,4,1, , ,N,0,0,7,3,0,2,2,2,N,N,39 55:00.590,75 13:00.135,1228, ,1223,3,1,4,N, ,0,Y, , , , ,576773, , , ,2,1,0,0,1,0,0,0,0,0,0,0,2,2,0,0,0,0,0,0,0,0,0,0,0,0,0,0,0,0,0,0,0,0,0,8,0,39.9161,-75.2204, , 
 ,52122,2013096115,6,67,67301,2013,8,3,2330,23,3,1,0,4,1, , ,N,1,2,0,3,0,0,6,2,N,N,40 01:45.310,75 05:23.878,2335, ,2333,9,1,2,N, ,3,N, , , , ,576782, , , ,2,1,0,0,0,0,0,1,0,0,0,0,0,0,0,0,0,0,0,0,0,0,0,0,0,0,0,0,0,0,0,0,0,0,0,0,0,40.0291,-75.0899, , 
 ,52123,2013046356,6,67,67301,2013,3,1,220,2,3,1,0,4,1, , ,N,1,2,0,3,0,2,3,2,N,N,39 54:23.410,75 14:06.655,232, ,226,3,1,6,N, ,3,Y, , , , ,576816, , , ,2,2,0,0,0,0,0,0,0,0,2,0,2,0,0,0,0,0,0,0,0,0,0,1,0,0,0,0,0,0,0,0,0,0,0,3,0,39.9065,-75.2352, , 
 ,52124,2013055501,6,67,67301,2013,4,3,810,8,1,1,0,4,1, , ,N,1,2,0,3,0,0,2,2,N, ,39 57:40.702,75 10:30.178,810, ,810,1,1,4, , ,3,Y, , , , ,576823, , , ,2,1,0,0,0,0,1,0,0,0,0,0,0,0,0,0,0,0,0,0,0,0,0,0,0,0,0,0,0,0,0,0,0,0,0,0,0,39.9613,-75.175, , 
 ,52125,2013046284,6,67,67301,2013,4,3,2000,20,3,1,0,7,5, , ,N,2,3,0,3,0,2,2,1,N, ,40 00:14.349,75 09:32.097,2036, ,2033, ,0, , , ,3, , , , , ,576843, , , ,1,0,0,0,1,0,0,0,0,0,0,0,2,2,0,0,0,1,0,0,0,0,0,0,0,0,0,0,0,0,0,0,0,0,0,8,0,40.004,-75.1589, , 
 ,52126,2013050306,6,67,67301,2013,4,1,9999,99,3,1,0,5,1, , ,N,1,2,0,3,0,2,3,2,N,N,40 04:12.680,75 10:49.758,58, ,58, ,0, ,N, ,3, , , , , ,576848, , , ,2,2,0,0,0,0,0,0,0,0,0,2,2,0,0,0,0,0,0,0,0,1,0,0,0,0,0,0,0,0,0,0,0,0,0,4,0,40.0702,-75.1805, , 
 ,52127,2013063129,6,67,67301,2013,5,7,135,1,3,1,0,4,6, , ,N,0,0,0,3,0,0,1,3,N, ,39 58:35.382,75 08:21.832,147, ,147, ,0, , , ,0, , , , , ,576863, , , ,3,2,0,0,1,0,0,0,0,0,0,0,0,0,1,0,0,0,0,0,0,0,0,0,0,0,0,0,0,0,0,0,0,0,0,9,0,39.9765,-75.1394, , 
 ,52128,2013070083,6,67,67301,2013,6,3,2220,22,3,1,0,1,1, , ,N,3,2,0,3,0,2,3,2,N,N,40 07:06.945,75 00:25.153,9999, ,9999, ,0, ,N, ,3, , , , , ,576870, , , ,2,2,0,0,0,0,0,0,0,0,0,2,2,0,0,0,0,0,0,0,0,0,0,1,0,0,0,0,0,0,0,0,0,0,0,4,0,40.1186,-75.007, , 
 ,52129,2013079458,6,67,67301,2013,7,2,2017,20,4,1,0,2,2, , ,N,0,0,0,3,0,0,4,4,N,N,40 02:30.912,75 10:06.592,2038, ,2037, ,0, ,N, ,0, , , , , ,576879, , , ,4,2,0,0,1,0,1,0,0,0,0,0,0,0,1,0,0,0,1,0,0,0,0,0,0,0,0,0,0,0,0,0,0,0,0,9,0,40.0419,-75.1685, , 
 ,52130,2013086715,6,67,67301,2013,7,4,1103,11,1,1,0,4,1, , ,N,1,2,0,3,0,1,2,2,N,N,39 56:35.977,75 08:49.865,1113, ,1105,9,1,3,N, ,3,N, , , , ,576906, , , ,2,0,0,0,1,0,1,0,0,0,0,1,1,0,0,0,0,0,0,0,1,0,0,0,0,0,0,0,0,0,0,0,0,0,0,4,0,39.9433,-75.1472, , 
 ,52131,2013093297,6,67,67301,2013,9,7,1815,18,1,1,0,7,3, , ,N,0,0,0,3,0,0,1,1,N,N,39 56:36.858,75 11:32.736,1825, ,1815, ,0, ,N, ,0, , , , , ,576915, , , ,1,1,0,0,0,0,0,0,0,0,0,0,0,0,0,0,0,0,0,0,0,0,0,0,0,0,0,0,0,0,0,0,0,0,0,0,0,39.9426,-75.1934, , 
 ,52132,2013103982,6,67,67301,2013,9,6,1531,15,1,1,0,1,1, , ,N,1,2,0,3,0,0,2,2,N,N,40 02:05.146,75 04:15.791,1545, ,1536,2,1,1,N, ,3,N, , , , ,576921, , , ,2,2,0,0,0,0,0,0,0,0,0,0,0,0,0,0,0,0,0,1,0,0,0,0,0,0,0,0,0,0,0,0,0,0,0,0,0,40.0348,-75.0711, , 
 ,52133,2013105962,6,67,67301,2013,10,2,1703,17,1,1,2,1,1, , ,N,0,0,0,3,0,1,2,2,N,N,39 58:56.125,75 12:27.800,1704, ,1703, ,0, ,N, ,0, , , , , ,576923, , , ,2,1,0,0,0,0,1,0,0,0,0,0,1,1,1,0,0,0,0,0,0,0,0,0,0,0,0,0,0,0,0,0,0,0,0,8,0,39.9823,-75.2077, , 
 ,52134,2013057339,6,67,67301,2013,4,5,747,7,1,1,0,8,1, , ,N,0,0,0,3,0,1,2,2,N,N,39 56:40.653,75 10:24.711,753, ,750, ,0, ,N, ,0, , , , , ,576938, , , ,1,0,0,0,0,0,1,0,0,0,0,1,1,0,1,0,0,0,0,0,0,0,0,0,0,0,0,0,0,0,0,0,1,0,0,4,0,39.9446,-75.1735, , 
 ,52135,2013065436,6,67,67301,2013,6,2,137,1,3,2,1,7,5, , ,N,1,0,0,3,0,1,1,1,N,N,39 59:05.330,75 05:58.225,156, ,153, ,0, , , ,0, , , , , ,576944, , , ,1,0,0,0,1,0,0,0,0,0,1,0,1,0,0,0,0,0,0,0,0,0,0,0,0,0,0,0,0,0,0,0,0,0,0,3,0,39.9848,-75.0995, , 
 ,52136,2013068705,6,67,67301,2013,6,7,1536,15,1,1,0,1,1, , ,N,0,0,0,3,0,1,9,3,N,N,39 59:23.601,75 12:21.021,1558, ,1538, ,0, ,N, ,0, , , , , ,576947, , , ,3,0,0,0,0,0,3,0,0,0,0,0,1,1,0,0,0,0,0,0,0,0,0,0,0,0,0,0,0,0,0,0,0,0,0,8,0,39.9899,-75.2058, , 
 ,52137,2013077524,6,67,67301,2013,6,4,1531,15,1,1,0,1,1, , ,N,0,0,0,3,0,1,2,2,N, ,40 03:05.067,74 59:07.127,1533, ,1531, ,0, , , ,0, , , , , ,576950, , , ,2,1,1,0,0,0,0,0,0,0,0,0,1,1,0,0,0,0,0,0,0,0,1,0,0,0,0,0,0,0,0,0,0,0,0,8,0,40.0514,-74.9853, , 
 ,52138,2013086694,6,46,46102,2013,8,2,956,9,1,1,0,1,1, , ,N,1,2,0,3,0,0,2,2,N,N,40 04:10.003,75 08:59.910,1119, ,1113, ,0, ,N, ,3, , , , , ,576958, , , ,2,2,0,0,0,0,0,0,0,0,0,0,0,0,0,0,0,0,0,0,0,0,0,1,0,0,0,0,0,0,0,0,0,0,0,0,0,40.0694,-75.15, , 
 ,52139,2013070364,6,67,67301,2013,6,2,700,7,1,2,1,1,1, , ,N,1,2,0,3,0,0,2,2,N,N,39 53:40.603,75 14:12.181,818, ,813,9,1,2, , ,3,N, , , , ,576980, , , ,2,1,0,0,0,0,1,0,0,0,0,0,0,0,0,0,0,0,0,0,0,0,0,0,0,0,0,0,0,0,0,0,0,0,0,0,0,39.8946,-75.2367, , 
 ,52140,2013070908,6,67,67301,2013,6,3,1425,14,1,1,0,5,1, , ,N,0,0,0,3,0,1,2,2,N,N,39 57:55.800,75 10:57.530,1425, ,1425, ,0, ,N, ,0, , , , , ,580268, , , ,1,1,0,0,0,0,0,0,1,0,0,1,1,0,1,0,0,0,0,0,1,0,0,0,0,0,0,0,0,0,0,0,0,0,0,4,0,39.9655,-75.1826, , 
 ,52141,2013086978,6,67,67301,2013,8,4,1455,14,1,1,1,7,5, , ,N,0,0,0,3,0,1,1,1,N,N,40 01:13.730,75 12:02.255,1506, ,1456,2,2,1,N, ,0,N, , , , ,580278, , , ,1,1,0,0,0,0,0,0,0,0,0,1,1,0,0,0,0,0,0,0,0,0,1,0,0,0,0,0,0,0,0,0,0,0,0,4,0,40.0205,-75.2006, , 
 ,52142,2013093036,6,67,67301,2013,8,7,1610,16,1,1,0,4,1, , ,N,0,0,0,3,0,2,3,2,N, ,40 04:58.648,75 03:11.766,1638, ,1632, ,0, , , ,0, , , , , ,580283, , , ,2,2,0,0,0,0,0,0,0,0,0,0,2,2,0,0,0,0,0,0,0,0,0,1,0,0,0,0,0,0,0,0,0,0,0,8,0,40.083,-75.0533, , 
 ,52143,2013111836,6,67,67301,2013,10,2,1530,15,1,2,1,4,1, , ,N,5,2,0,3,0,1,4,2,N,N,39 58:02.976,75 13:55.022,1545, ,1540, ,0, ,N, ,3, , , , , ,580294, , , ,2,1,0,0,0,0,1,0,0,0,0,0,1,1,0,0,0,0,0,0,0,0,0,0,0,0,0,0,0,0,0,0,0,0,0,8,0,39.9675,-75.232, , 
 ,52144,2013055578,6,67,67301,2013,5,1,1545,15,1,1,0,4,1, , ,N,1,2,0,3,0,0,2,2,N, ,39 54:13.685,75 10:25.724,1555, ,1553, ,0, , , ,3, , , , , ,580301, , , ,2,1,0,0,0,0,1,0,0,0,0,0,0,0,0,0,0,0,0,0,0,0,0,0,0,0,0,0,0,0,0,0,0,0,0,0,0,39.9038,-75.1738, , 
 ,52145,2013055878,6,67,67301,2013,5,7,801,8,3,1,0,8,1, , ,N,1,2,0,3,0,1,2,2,N,N,39 57:13.525,75 10:30.134,807, ,801, ,0, ,N, ,3, , , , , ,580302, , , ,1,0,0,0,0,1,0,0,0,0,0,1,1,0,0,0,0,0,0,0,0,0,0,0,0,0,0,0,0,0,0,0,1,0,0,4,1,39.9538,-75.1751, , 
 ,52146,2013111863,6,67,67301,2013,10,6,1522,15,1,2,1,1,1, , ,N,2,0,0,3,0,3,4,4,N,N,40 00:48.175,75 11:02.809,1538, ,1530, ,0, ,N, ,0, , , , , ,580346, , , ,4,1,0,0,1,0,1,1,0,3,0,0,3,0,0,0,0,0,0,0,0,1,0,0,0,0,0,0,0,0,0,0,0,0,0,2,0,40.0134,-75.1841, , 
 ,52147,2013114485,6,67,67301,2013,10,7,954,9,1,1,0,4,1, , ,N,1,2,0,3,0,2,3,2,N,N,39 55:45.667,75 09:00.863,959, ,956, ,0, ,N, ,3, , , , , ,580348, , , ,2,1,0,0,0,0,1,0,0,0,0,2,2,0,0,0,0,0,0,0,1,0,0,0,0,0,0,0,0,0,0,0,0,0,0,4,0,39.9294,-75.1502, , 
 ,52148,2013053104,6,67,67301,2013,4,5,1144,11,1,1,0,1,1, , ,N,2,0,0,3,0,0,6,3,N, ,40 03:17.329,75 11:13.031,1150, ,1145, ,0, , , ,0, , , , , ,580356, , , ,3,1,0,0,1,0,1,0,0,0,0,0,0,0,1,0,0,0,0,0,1,0,0,0,0,0,0,0,0,0,0,0,0,0,0,9,0,40.0548,-75.187, , 
 ,52149,2013053117,6,67,67301,2013,4,4,1721,17,1,1,0,7,5, , ,N,0,0,0,3,0,0,1,1,N,N,40 02:04.285,75 04:55.878,1725, ,1721, ,0, ,N, ,0, , , , , ,580357, , , ,1,1,0,0,0,0,0,0,0,0,0,0,0,0,1,0,0,0,0,0,0,0,0,0,0,0,0,0,0,0,0,0,0,0,0,9,0,40.0345,-75.0822, , 
 ,52150,2013093196,6,67,67301,2013,8,5,758,7,1,1,0,4,1, , ,N,1,2,0,3,0,1,2,2,N,N,39 56:16.111,75 10:00.162,812, ,806, ,0, ,N, ,3, , , , , ,580382, , , ,2,0,0,0,0,0,1,0,0,0,0,0,1,1,0,0,0,0,1,0,0,0,0,0,0,0,0,0,0,0,0,0,0,0,0,8,0,39.9379,-75.1667, , 
 ,52151,2013096072,6,67,67301,2013,8,6,1243,12,8,1,0,8,1, , ,N,1,2,0,3,0,1,2,2,N, ,39 57:33.918,75 14:43.386,1245, ,1243, ,0, , , ,3, , , , , ,580386, , , ,1,0,0,0,0,0,1,0,0,0,0,0,1,1,0,0,0,0,0,0,1,0,0,0,0,0,0,0,0,0,0,0,1,0,0,8,0,39.9594,-75.2454, , 
 ,52152,2013074699,6,67,67301,2013,6,4,745,7,1,1,0,8,1, , ,N,2,0,0,3,0,1,2,2,N,N,39 59:45.711,75 07:33.113,900, ,900, ,0, , , ,0, , , , , ,580408, , , ,1,0,1,0,0,0,0,0,0,0,0,1,1,0,0,0,0,0,0,0,0,0,0,0,0,0,0,0,0,0,0,0,1,0,0,4,0,39.996,-75.1259, , 
 ,52153,2013077425,6,67,67301,2013,7,6,2259,22,3,1,0,7,3, , ,N,0,0,0,3,0,0,1,1,N, ,40 06:43.623,74 59:27.644,2323, ,2259,2,1,2, , ,0,Y, , , , ,580411, , , ,1,0,0,0,1,0,0,0,0,0,0,0,0,0,0,0,0,0,0,0,1,0,0,1,0,0,0,0,0,0,0,0,0,0,0,0,0,40.1121,-74.991, , 
 ,52154,2013086280,6,67,67301,2013,8,4,1708,17,1,2,1,4,1, , ,N,1,2,0,3,0,1,2,2,N,N,40 00:22.203,75 09:06.487,1709, ,1708,1,1,3,N, ,3,Y, , , , ,580420, , , ,2,2,0,0,0,0,0,0,0,0,1,0,1,0,0,0,0,0,0,0,0,0,0,0,0,0,0,0,0,0,0,0,0,0,0,3,0,40.0062,-75.1518, , 
 ,52155,2013086968,6,67,67301,2013,8,6,1908,19,1,1,0,6,1, , ,N,1,0,0,3,0,1,2,2,N,N,39 55:19.606,75 13:20.650,1937, ,1927, ,0, ,N, ,0, , , , , ,580421, , , ,1,1,0,0,0,0,0,0,1,0,0,1,1,0,0,0,0,0,0,0,0,0,0,0,0,0,0,0,0,0,0,0,0,0,0,4,0,39.9221,-75.2224, , 