wz_ln_closure,objectid_1,crn,district,county,municipality,crash_year,crash_month,day_of_week,time_of_day,hour_of_day,illumination,weather,road_condition,collision_type,relation_to_road,work_zone_type,work_zone_loc,work_zone_ind,intersect_type,tcd_type,location_type,urban_rural,fatal_count,injury_count,person_count,total_units,sch_bus_ind,sch_zone_ind,latitude,longitude,arrival_tm,cons_zone_spd_lim,dispatch_tm,est_hrs_closed,lane_closed,ln_close_dir,ntfy_hiwy_maint,spec_juris_cd,tcd_func_cd,tfc_detour_ind,workers_pres,wz_close_detour,wz_flagger,wz_law_offcr_ind,objectid,wz_moving,wz_other,wz_shlder_mdn,vehicle_count,automobile_count,motorcycle_count,bus_count,small_truck_count,heavy_truck_count,suv_count,van_count,bicycle_count,maj_inj_count,mod_inj_count,min_inj_count,tot_inj_count,unk_inj_deg_count,unk_inj_per_count,driver_count_16yr,driver_count_17yr,driver_count_18yr,driver_count_19yr,driver_count_20yr,driver_count_50_64yr,driver_count_65_74yr,driver_count_75plus,unbelted_occ_count,unb_death_count,unb_maj_inj_count,belted_death_count,belted_maj_inj_count,mcycle_death_count,mcycle_maj_inj_count,bicycle_death_count,bicycle_maj_inj_count,ped_count,ped_death_count,ped_maj_inj_count,max_severity_level,comm_veh_count,dec_lat,dec_long,rdwy_surf_type_cd,county_name
 ,52223,2013106649,6,67,67301,2013,10,3,1434,14,1,1,0,8,1, , ,N,0,0,0,3,0,1,2,2,N,Y,40 01:12.518,75 05:43.322,1712, ,1710, ,0, ,N, ,0, , , , , ,579430, , , ,1,0,0,0,0,0,1,0,0,0,0,0,1,1,0,0,0,0,0,0,0,0,0,0,0,0,0,0,0,0,0,0,1,0,0,8,0,40.021,-75.0945, , 
 ,52224,2013070371,6,67,67301,2013,6,7,548,5,1,1,0,7,5, , ,N,1,2,0,3,0,0,1,1,N,N,39 57:22.420,75 09:45.641,552, ,548, ,0, ,N, ,3, , , , , ,579451, , , ,1,0,0,0,1,0,0,0,0,0,0,0,0,0,0,0,0,0,0,0,0,0,0,0,0,0,0,0,0,0,0,0,0,0,0,0,0,39.9562,-75.1627, , 
 ,52225,2013074700,6,67,67301,2013,6,3,2144,21,3,1,0,1,1, , ,N,0,0,0,3,0,0,4,4,N,N,40 00:59.936,75 08:58.667,2158, ,2157, ,0, , , ,0, , , , , ,579454, , , ,4,3,0,0,0,0,1,0,0,0,0,0,0,0,1,0,0,0,0,0,0,0,0,0,0,0,0,0,0,0,0,0,0,0,0,9,0,40.0166,-75.1496, , 
 ,52226,2013074755,6,67,67301,2013,6,4,1617,16,1,1,0,1,1, , ,N,3,2,0,3,0,0,2,2,N,N,39 58:02.906,75 10:51.624,1640, ,1625, ,0, , , ,3, , , , , ,579455, , , ,2,0,0,0,2,0,0,0,0,0,0,0,0,0,0,0,0,0,0,0,1,0,0,0,0,0,0,0,0,0,0,0,0,0,0,0,0,39.9675,-75.181, , 
 ,52227,2013086852,6,67,67301,2013,7,3,753,7,1,1,0,4,1, , ,N,1,2,0,3,0,2,3,2,N, ,39 57:38.457,75 14:34.859,800, ,756, ,0, , , ,9, , , , , ,579465, , , ,2,0,0,0,0,0,2,0,0,0,0,0,2,2,0,0,0,0,0,0,0,0,0,0,0,0,0,0,0,0,0,0,0,0,0,8,0,39.9607,-75.243, , 
 ,52228,2013093174,6,67,67301,2013,8,7,1055,10,1,1,0,4,1, , ,N,2,3,0,3,0,1,5,2,N,N,39 59:44.756,75 05:43.919,1108, ,1102, ,0, ,N, ,3, , , , , ,579476, , , ,2,2,0,0,0,0,0,0,0,0,0,0,1,1,0,0,0,0,0,0,0,0,0,0,0,0,0,0,0,0,0,0,0,0,0,8,0,39.9958,-75.0955, , 
 ,52229,2013095696,6,67,67301,2013,9,5,1635,16,1,1,0,1,1, , ,N,0,0,0,3,0,1,4,3,N,N,39 53:56.458,75 10:07.205,1635, ,1635,2,1,2,N, ,0,N, , , , ,579478, , , ,3,1,0,0,0,0,2,0,0,0,0,0,1,1,0,0,0,0,0,0,1,0,0,0,0,0,0,0,0,0,0,0,0,0,0,8,0,39.899,-75.1687, , 
N,52230,2013097756,6,67,67301,2013,9,3,1617,16,1,1,0,1,1,1,4,Y,0,0,0,3,0,2,6,5,N,N,39 53:58.332,75 09:48.393,1629,45,1621,3,2,1,N, ,0,Y,Y,N,N,N,579481,N,Y,N,5,2,0,0,0,0,1,2,0,0,0,2,2,0,0,0,0,0,0,0,0,0,0,1,0,0,0,0,0,0,0,0,0,0,0,4,0,39.8995,-75.1634, , 
 ,52231,2013101124,6,67,67301,2013,9,6,1650,16,1,1,0,8,1, , ,N,1,2,0,3,0,1,2,2,N,N,39 58:05.382,75 13:30.517,1700, ,1658, ,0, ,N, ,3, , , , , ,570843, , , ,1,0,0,0,0,0,1,0,0,0,0,0,1,1,0,0,0,0,0,0,0,0,0,0,0,0,0,0,0,0,0,0,1,0,0,8,0,39.9682,-75.2251, , 
 ,52232,2013073107,6,67,67301,2013,7,2,524,5,5,1,0,5,1, , ,N,0,0,0,3,0,1,2,2,N,N,39 57:26.238,75 09:26.868,535, ,525, ,0, ,N, ,0, , , , , ,570861, , , ,2,1,0,0,1,0,0,0,0,0,0,1,1,0,0,0,0,0,0,0,0,0,0,0,0,0,0,0,0,0,0,0,0,0,0,4,1,39.9573,-75.1575, , 
 ,52233,2013090142,6,67,67301,2013,9,7,1142,11,1,1,0,1,7, , ,N,6,0,2,3,0,1,2,2,N,N,39 56:42.208,75 11:26.989,1158, ,1143, ,0, ,N, ,0, , , , , ,570878, , , ,2,1,0,0,1,0,0,0,0,0,0,0,1,1,0,0,0,0,0,0,1,0,0,0,0,0,0,0,0,0,0,0,0,0,0,8,0,39.9451,-75.1908, , 
 ,52234,2013096477,6,67,67301,2013,8,6,1319,13,1,1,0,8,1, , ,N,1,2,0,3,0,1,2,2,N,N,39 58:49.769,75 13:29.078,1415, ,1400, ,0, ,N, ,3, , , , , ,570882, , , ,1,0,0,0,0,0,1,0,0,0,0,0,1,1,0,0,0,0,0,0,0,0,0,0,0,0,0,0,0,0,0,0,1,0,0,8,0,39.9804,-75.2247, , 
 ,52235,2013077539,6,67,67301,2013,7,1,2100,21,3,1,0,4,1, , ,N,1,3,0,3,0,1,2,2,N,N,39 59:49.056,75 07:46.603,2106, ,2106, ,0, ,N, ,3, , , , , ,570902, , , ,2,1,0,0,0,0,1,0,0,0,0,0,1,1,0,0,0,0,0,0,1,0,0,0,0,0,0,0,0,0,0,0,0,0,0,8,0,39.997,-75.1296, , 
 ,52236,2013063315,6,67,67301,2013,6,6,1115,11,1,2,1,5,1, , ,N,0,0,0,3,0,3,5,2,N,N,39 56:46.604,75 11:21.868,1115, ,1115,1,2,3,N, ,0,N, , , , ,570913, , , ,2,2,0,0,0,0,0,0,0,0,0,3,3,0,0,0,0,0,0,0,1,0,0,0,0,0,0,0,0,0,0,0,0,0,0,4,0,39.9463,-75.1894, , 
 ,52237,2013065460,6,67,67301,2013,5,2,1445,14,1,1,0,8,5, , ,N,0,0,0,3,0,2,3,3,N,N,40 00:06.903,75 09:09.813,1451, ,1451, ,0, , , ,0, , , , , ,570916, , , ,1,1,0,0,0,0,0,0,0,0,0,0,2,2,0,0,0,0,0,0,0,0,0,0,0,0,0,0,0,0,0,0,2,0,0,8,0,40.0019,-75.1527, , 
 ,52238,2013066833,6,67,67301,2013,4,2,1530,15,1,1,0,1,1, , ,N,0,0,0,3,0,1,2,2,N,N,40 01:42.745,75 12:19.610,0, ,0, ,0, ,N, ,0, , , , , ,570919, , , ,2,1,0,0,0,0,1,0,0,0,0,1,1,0,0,0,0,0,0,1,0,0,0,0,0,0,0,0,0,0,0,0,0,0,0,4,0,40.0285,-75.2054, , 
 ,52239,2013070084,6,67,67301,2013,6,1,934,9,1,1,0,1,1, , ,N,1,2,0,3,0,0,1,3,N,N,40 04:05.300,75 03:39.909,940, ,935, ,0, ,N, ,3, , , , , ,570922, , , ,3,3,0,0,0,0,0,0,0,0,0,0,0,0,0,0,0,0,0,0,0,0,0,0,0,0,0,0,0,0,0,0,0,0,0,0,0,40.0681,-75.0611, , 
 ,52240,2013070414,6,67,67301,2013,6,2,1005,10,1,8,1,4,1, , ,N,1,2,0,3,0,0,2,2,N, ,40 00:51.570,75 10:41.163,1015, ,1012,1,1,1, , ,3,N, , , , ,570923, , , ,2,1,0,0,0,0,1,0,0,0,0,0,0,0,0,0,0,0,0,0,0,0,0,0,0,0,0,0,0,0,0,0,0,0,0,0,0,40.0143,-75.1781, , 
 ,52241,2013070497,6,67,67301,2013,6,5,1851,18,1,1,0,4,1, , ,N,2,2,0,3,0,1,2,2,N,N,40 05:00.920,75 13:20.330,1859, ,1851, ,0, ,N, ,3, , , , , ,570924, , , ,1,1,0,0,0,0,0,0,1,0,0,1,1,0,0,0,0,0,0,0,0,0,1,0,0,0,0,0,0,0,0,0,0,0,0,4,0,40.0836,-75.2223, , 
 ,52242,2013074692,6,67,67301,2013,6,3,700,7,1,9,8,1,1, , ,N,0,0,0,3,0,1,2,2,N,N,40 00:21.434,75 06:21.430,1320, ,1315, ,0, ,N, ,0, , , , , ,570929, , , ,2,0,1,0,0,0,0,1,0,0,0,1,1,0,0,1,0,0,0,0,0,0,0,0,0,0,0,0,0,0,0,0,0,0,0,4,0,40.006,-75.106, , 
 ,52243,2013093201,6,67,67301,2013,8,6,737,7,1,1,0,7,5, , ,N,0,0,0,3,0,1,1,1,N,N,39 59:07.656,75 14:35.196,743, ,740, ,0, ,N, ,0, , , , , ,570948, , , ,1,1,0,0,0,0,0,0,0,0,0,1,1,0,0,0,0,0,0,0,1,0,0,0,0,0,0,0,0,0,0,0,0,0,0,4,0,39.9855,-75.2431, , 
 ,52244,2013065495,6,67,67301,2013,5,4,1300,13,1,1,0,8,1, , ,N,1,3,0,3,0,1,2,2,N, ,39 56:21.361,75 10:05.476,1255, ,1250, ,0, , , ,3, , , , , ,570954, , , ,1,0,0,0,0,0,0,0,0,0,1,0,1,0,0,0,0,0,0,0,0,0,0,0,0,0,0,0,0,0,0,0,1,0,0,3,0,39.9393,-75.1682, , 
 ,52245,2013065544,6,67,67301,2013,5,1,2110,21,3,1,0,8,1, , ,N,1,2,0,3,0,1,3,2,N,N,39 57:20.998,75 14:09.675,2125, ,2123, ,0, ,N, ,3, , , , , ,570955, , , ,1,1,0,0,0,0,0,0,0,0,0,1,1,0,0,0,0,0,0,0,0,0,0,0,0,0,0,0,0,0,0,0,1,0,0,4,0,39.9558,-75.236, , 
 ,52246,2013080015,6,67,67301,2013,7,3,1405,14,1,1,0,4,1, , ,N,1,3,0,3,0,1,2,2,N,N,39 59:38.349,75 07:48.907,1427, ,1420, ,0, , , ,3, , , , , ,570963, , , ,1,1,0,0,0,0,0,0,1,0,1,0,1,0,0,0,0,0,0,0,0,0,0,0,0,0,0,0,0,0,0,0,0,0,0,3,0,39.994,-75.1303, , 
 ,52247,2013086268,6,67,67301,2013,8,2,1425,14,1,1,0,4,1, , ,N,1,2,0,3,0,1,2,2,N, ,40 02:44.934,74 59:40.960,1433, ,9999,2,1,1, , ,3,N, , , , ,570971, , , ,2,1,0,0,1,0,0,0,0,0,0,0,1,1,0,0,0,0,0,0,1,0,0,2,0,0,0,0,0,0,0,0,0,0,0,8,0,40.0458,-74.9947, , 
 ,52248,2013086861,6,67,67301,2013,7,4,9999,99,1,1,0,5,2, , ,N,5,2,0,3,0,0,1,2,N,N,39 56:32.233,75 11:04.153,1345, ,1336, ,0, ,N, ,3, , , , , ,570972, , , ,2,0,0,0,1,0,1,0,0,0,0,0,0,0,0,0,0,0,0,0,0,0,0,0,0,0,0,0,0,0,0,0,0,0,0,0,0,39.9423,-75.1845, , 
 ,52249,2013103932,6,67,67301,2013,9,4,1645,16,1,1,0,4,1, , ,N,0,0,7,3,0,1,2,2,N,N,40 01:08.865,75 10:26.668,1805, ,1756, ,0, , , ,0, , , , , ,573983, , , ,2,2,0,0,0,0,0,0,0,0,0,1,1,0,0,0,0,0,0,0,0,0,0,0,0,0,0,0,0,0,0,0,0,0,0,4,0,40.0191,-75.1741, , 
 ,52250,2013109455,6,67,67301,2013,10,1,1810,18,1,2,1,7,2, , ,N,0,0,0,3,0,0,2,1,N,N,40 00:59.654,75 12:09.576,1820, ,1811, ,0, ,N, ,0, , , , , ,573985, , , ,1,0,0,0,0,0,1,0,0,0,0,0,0,0,0,0,0,0,0,0,0,1,0,0,0,0,0,0,0,0,0,0,0,0,0,0,0,40.0166,-75.2027, , 
 ,52251,2013111905,6,67,67301,2013,10,2,950,9,1,2,1,5,1, , ,N,0,0,3,3,0,1,5,5,N,N,39 56:25.127,75 11:52.696,1025, ,1005, ,0, ,N, ,0, , , , , ,573987, , , ,5,2,0,0,0,0,3,0,0,0,0,0,1,1,1,0,0,0,0,0,2,1,0,0,0,0,0,0,0,0,0,0,0,0,0,8,0,39.9403,-75.198, , 
 ,52252,2013062472,6,67,67301,2013,6,4,1235,12,1,1,0,4,1, , ,N,0,0,0,3,0,0,6,2,N,N,39 58:54.099,75 09:25.722,1237, ,1235,1,1,5,N, ,0,N, , , , ,573997, , , ,2,2,0,0,0,0,0,0,0,0,0,0,0,0,0,0,0,0,0,0,0,0,0,6,0,0,0,0,0,0,0,0,0,0,0,0,0,39.9817,-75.1571, , 
 ,52253,2013098394,6,67,67301,2013,8,5,1656,16,2,1,0,5,1, , ,N,1,2,0,3,0,1,5,2,N,N,39 54:39.813,75 13:49.242,1713, ,1703, ,0, ,N, ,3, , , , , ,574001, , , ,2,1,0,0,0,0,0,1,0,0,0,0,1,1,0,0,0,0,1,1,0,0,0,0,0,0,0,0,0,0,0,0,0,0,0,8,0,39.9111,-75.2303, , 
 ,52254,2013106695,6,67,67301,2013,9,6,1840,18,1,1,0,4,1, , ,N,1,2,0,3,0,0,2,2,N,N,39 58:02.827,75 13:00.659,1843, ,1843,3,2,6,N, ,3,Y, , , , ,574014, , , ,2,1,0,0,0,0,1,0,0,0,0,0,0,0,0,0,0,0,0,1,0,0,0,0,0,0,0,0,0,0,0,0,0,0,0,0,0,39.9675,-75.2168, , 
 ,52255,2013111787,6,67,67301,2013,10,2,838,8,1,2,1,4,1, , ,N,0,0,7,3,0,1,2,3,N, ,39 56:39.073,75 12:36.226,843, ,840, ,0, , , ,0, , , , , ,574019, , , ,3,0,0,0,2,0,0,0,0,0,0,1,1,0,0,0,0,0,0,0,0,0,0,0,0,0,0,0,0,0,0,0,0,0,0,4,0,39.9442,-75.2101, , 
 ,52256,2013121364,6,67,67301,2013,10,4,1724,17,1,1,0,8,1, , ,N,1,2,0,3,0,1,6,2,N, ,39 59:12.570,75 10:21.975,1730, ,1724, ,0, , , ,3, , , , , ,574030, , , ,1,0,0,0,0,0,0,1,0,0,0,1,1,0,0,0,0,0,0,0,0,0,0,0,0,0,0,0,0,0,0,0,1,0,0,4,0,39.9868,-75.1728, , 
 ,52257,2013125881,6,67,67301,2013,11,7,203,2,3,1,0,7,4, , ,N,0,0,0,3,0,1,1,1,N,N,40 01:22.526,75 02:04.358,253, ,248,3,2,1,N, ,0,N, , , , ,574034, , , ,1,1,0,0,0,0,0,0,0,0,1,0,1,0,0,0,0,0,0,0,0,0,0,0,0,0,0,0,0,0,0,0,0,0,0,3,0,40.0229,-75.0345, , 
 ,52258,2013070073,6,67,67301,2013,6,7,2210,22,3,7,0,8,1, , ,N,0,0,0,3,0,1,2,2,N, ,39 59:07.476,75 09:58.510,2225, ,2220, ,0, , , ,0, , , , , ,574046, , , ,1,1,0,0,0,0,0,0,0,0,1,0,1,0,0,0,0,0,0,0,0,0,0,0,0,0,0,0,0,0,0,0,1,0,0,3,0,39.9854,-75.1663, , 
 ,52259,2013086277,6,67,67301,2013,7,2,852,8,1,1,0,1,1, , ,N,1,2,0,3,0,1,2,2,N,N,40 01:17.486,75 08:23.326,900, ,854,1,1,2,N, ,3,N, , , , ,574063, , , ,2,1,0,0,0,1,0,0,0,0,0,1,1,0,0,0,0,0,0,0,0,0,0,0,0,0,0,0,0,0,0,0,0,0,0,4,1,40.0215,-75.1398, , 
 ,52260,2013086718,6,67,67301,2013,7,1,2035,20,3,2,1,5,1, , ,N,0,0,3,3,0,1,2,2,N,N,39 55:08.693,75 12:22.051,2105, ,2055, ,0, ,N, ,0, , , , , ,574064, , , ,2,1,0,0,0,0,1,0,0,0,0,1,1,0,0,0,0,0,0,0,1,0,0,0,0,0,0,0,0,0,0,0,0,0,0,4,0,39.9191,-75.206, , 
 ,52261,2013096096,6,67,67301,2013,8,4,910,9,8,2,1,5,1, , ,N,0,0,0,3,0,0,1,2,N,N,40 00:20.322,75 06:41.081,913, ,910, ,0, , , ,0, , , , , ,574071, , , ,2,0,0,0,0,1,1,0,0,0,0,0,0,0,0,0,0,0,0,0,1,0,0,0,0,0,0,0,0,0,0,0,0,0,0,0,1,40.0056,-75.1114, , 
 ,52262,2013106655,6,67,67301,2013,9,2,1610,16,1,1,0,1,1, , ,N,1,3,0,3,0,1,2,2,N,N,40 03:36.748,75 03:36.349,1610, ,1610, ,0, , , ,3, , , , , ,574080, , , ,2,1,0,0,0,0,1,0,0,0,0,0,1,1,0,0,0,0,0,0,1,0,0,0,0,0,0,0,0,0,0,0,0,0,0,8,0,40.0602,-75.0601, , 
 ,52263,2013093298,6,67,67301,2013,9,1,1710,17,1,1,0,1,1, , ,N,0,0,0,3,0,1,4,3,N,N,40 02:10.013,75 00:56.656,1727, ,1715,1,1,2,N, ,0,N, , , , ,574093, , , ,3,3,0,0,0,0,0,0,0,0,0,0,1,1,0,0,1,0,1,0,0,1,0,0,0,0,0,0,0,0,0,0,0,0,0,8,0,40.0361,-75.0158, , 
 ,52264,2013063664,6,67,67301,2013,6,1,1403,14,1,1,0,0,1, , ,N,0,0,0,3,0,0,4,2,N,N,40 00:17.641,75 04:33.192,1410, ,1403, ,0, ,N, ,0, , , , , ,574097, , , ,2,0,0,0,0,0,0,2,0,0,0,0,0,0,0,0,0,0,0,0,1,0,0,0,0,0,0,0,0,0,0,0,0,0,0,0,0,40.0048,-75.076, , 
 ,52265,2013070208,6,67,67301,2013,5,6,1720,17,1,1,0,4,1, , ,N,2,0,0,3,0,1,3,2,N,N,40 02:44.066,75 05:42.550,1813, ,1811, ,0, ,N, ,0, , , , , ,574104, , , ,2,1,0,0,0,0,1,0,0,0,0,1,1,0,0,0,0,0,0,0,1,0,0,0,0,0,0,0,0,0,0,0,0,0,0,4,0,40.0456,-75.0952, , 
 ,52266,2013070992,6,67,67301,2013,6,6,1817,18,1,1,0,5,1, , ,N,0,0,0,3,0,1,1,2,N,N,39 59:45.820,75 07:44.000,1817, ,9999, ,0, ,N, ,0, , , , , ,574105, , , ,2,1,1,0,0,0,0,0,0,0,1,0,1,0,0,0,0,0,0,0,0,0,0,0,0,0,0,0,0,0,0,0,0,0,0,3,0,39.9961,-75.1289, , 
 ,52267,2013055465,6,67,67301,2013,5,5,703,7,1,2,1,1,1, , ,N,0,0,0,3,0,1,2,2,N, ,39 57:32.198,75 13:00.771,720, ,711, ,0, , , ,0, , , , , ,577075, , , ,2,2,0,0,0,0,0,0,0,0,1,0,1,0,0,0,0,0,0,0,2,0,0,0,0,0,0,0,0,0,0,0,0,0,0,3,0,39.9589,-75.2169, , 
N,52268,2013057159,6,67,67301,2013,3,7,233,2,3,1,0,5,1,1,4,Y,0,0,0,3,0,5,5,2,N,N,40 01:27.212,75 01:52.806,240,45,233,2,2,2,Y, ,0,N,N,N,N,N,577077,N,Y,N,2,2,0,0,0,0,0,0,0,0,3,0,5,2,0,0,0,0,0,0,1,0,0,0,0,0,0,0,0,0,0,0,0,0,0,3,0,40.0242,-75.0313, , 
N,52269,2013108621,6,67,67301,2013,9,3,1555,15,1,1,0,1,1,1,4,Y,0,0,0,3,0,1,6,5,N,N,40 00:48.032,75 03:28.080,1626,45,1555, ,0, ,N, ,0, ,N,N,N,N,577095,N,N,Y,5,1,0,0,0,0,3,0,0,0,0,1,1,0,1,0,0,0,0,0,1,0,0,0,0,0,0,0,0,0,0,0,0,0,0,4,0,40.0133,-75.0578, , 
 ,52270,2013114969,6,67,67301,2013,11,2,919,9,1,1,0,1,7, , ,N,6,0,2,3,0,2,2,2,N,N,40 00:12.647,75 04:38.645,922, ,921, ,0, ,N, ,0, , , , , ,577099, , , ,2,2,0,0,0,0,0,0,0,0,0,2,2,0,0,0,0,0,0,0,0,0,0,0,0,0,0,0,0,0,0,0,0,0,0,4,0,40.0035,-75.0774, , 
 ,52271,2013118944,6,67,67301,2013,11,4,1140,11,1,1,0,1,1, , ,N,6,0,2,3,0,1,2,2,N,N,39 53:26.133,75 13:14.839,1157, ,1140, ,0, ,N, ,0, , , , , ,577101, , , ,2,1,0,0,1,0,0,0,0,0,0,1,1,0,0,0,0,0,0,0,0,1,0,0,0,0,0,0,0,0,0,0,0,0,0,4,0,39.8906,-75.2208, , 
 ,52272,2013123054,6,67,67301,2013,11,2,1515,15,1,1,0,4,1, , ,N,1,3,0,3,0,3,3,2,N,N,39 58:03.972,75 12:45.683,1520, ,1512, ,0, ,N, ,3, , , , , ,577106, , , ,2,1,0,0,0,0,0,1,0,0,0,3,3,0,0,0,0,0,0,0,0,0,0,0,0,0,0,0,0,0,0,0,0,0,0,4,0,39.9678,-75.2127, , 
 ,52273,2013130075,6,67,67301,2013,11,6,1421,14,1,1,0,4,1, , ,N,0,0,7,3,0,1,3,2,N,N,40 05:03.399,74 58:26.218,1503, ,1501, ,0, , , ,0, , , , , ,577115, , , ,2,0,0,0,0,0,2,0,0,0,0,0,1,1,0,0,0,0,0,0,0,0,0,0,0,0,0,0,0,0,0,0,0,0,0,8,0,40.0843,-74.9739, , 
 ,52274,2013106640,6,67,67301,2013,9,7,1619,16,1,1,0,4,1, , ,N,1,2,0,3,0,1,4,3,N,Y,39 59:13.322,75 10:27.753,1645, ,1641, ,0, , , ,3, , , , , ,577192, , , ,3,3,0,0,0,0,0,0,0,0,0,1,1,0,3,0,0,0,0,0,1,0,1,0,0,0,0,0,0,0,0,0,0,0,0,4,0,39.987,-75.1744, , 
 ,52275,2014001059,6,67,67301,2013,11,7,133,1,3,1,0,4,1, , ,N,1,2,0,3,0,0,5,2,N,N,39 55:17.374,75 10:36.926,138, ,136,1,2,7,N, ,3,Y, , , , ,577216, , , ,2,2,0,0,0,0,0,0,0,0,0,0,0,0,0,0,0,0,0,0,0,0,0,0,0,0,0,0,0,0,0,0,0,0,0,0,0,39.9215,-75.1769, , 
 ,52276,2013064093,6,67,67301,2013,6,6,1424,14,1,1,0,5,1, , ,N,0,0,0,3,0,2,3,2,N,N,39 58:16.084,75 07:27.290,1434, ,1427,1,1,1,N, ,0,N, , , , ,577231, , , ,2,0,0,0,0,1,1,0,0,0,0,0,2,2,0,0,0,0,0,0,1,0,0,0,0,0,0,0,0,0,0,0,0,0,0,8,1,39.9712,-75.1242, , 
 ,52277,2013070285,6,67,67301,2013,6,3,1845,18,1,1,0,4,1, , ,N,0,0,7,3,0,1,2,2,N,N,39 54:49.575,75 10:05.746,1915, ,1900,1,1,3, , ,0,N, , , , ,577233, , , ,2,0,0,0,1,0,1,0,0,0,0,1,1,0,0,0,0,0,0,0,1,0,0,0,0,0,0,0,0,0,0,0,0,0,0,4,0,39.9138,-75.1683, , 
 ,52278,2013079474,6,67,67301,2013,7,4,1955,19,1,1,0,1,1, , ,N,1,1,0,3,0,1,4,2,N,N,39 58:54.400,75 10:54.828,2010, ,2003, ,0, ,N, ,3, , , , , ,577242, , , ,2,1,0,0,1,0,0,0,0,0,0,0,1,1,1,0,0,0,0,0,0,0,0,0,0,0,0,0,0,0,0,0,0,0,0,8,0,39.9818,-75.1819, , 
 ,52279,2013084399,6,67,67301,2013,7,1,2,0,3,1,1,4,1, , ,N,0,0,7,3,0,4,5,2,N,N,40 03:30.165,75 03:09.050,9, ,7,2,1,1,N, ,0,N, , , , ,577245, , , ,2,2,0,0,0,0,0,0,0,0,0,3,4,1,0,0,0,0,0,0,0,0,0,0,0,0,0,0,0,0,0,0,0,0,0,4,0,40.0584,-75.0525, , 
 ,52280,2013086870,6,67,67301,2013,7,5,2140,21,3,1,0,4,1, , ,N,1,2,0,3,0,1,4,2,N,N,40 04:50.725,75 01:42.964,2151, ,2142,1,1,1,N, ,3,N, , , , ,577247, , , ,2,2,0,0,0,0,0,0,0,0,1,0,1,0,0,0,0,0,0,0,1,0,0,0,0,0,0,0,0,0,0,0,0,0,0,3,0,40.0808,-75.0286, , 
 ,52281,2013062551,6,67,67301,2013,4,7,700,7,1,8,0,1,1, , ,N,0,0,0,3,0,1,3,2,N,N,40 01:27.343,75 07:49.675,720, ,710, ,0, ,N, ,0, , , , , ,577272, , , ,2,2,0,0,0,0,0,0,0,0,0,1,1,0,0,0,0,0,0,0,0,0,0,0,0,0,0,0,0,0,0,0,0,0,0,4,0,40.0243,-75.1305, , 
 ,52282,2013063437,6,67,67301,2013,5,2,2200,22,3,1,0,2,1, , ,N,1,0,0,3,0,0,2,2,N,N,39 58:08.006,75 08:03.925,9999, ,9999, ,0, , , ,0, , , , , ,577274, , , ,2,1,1,0,0,0,0,0,0,0,0,0,0,0,0,0,0,0,0,0,0,0,0,0,0,0,0,0,0,0,0,0,0,0,0,0,0,39.9689,-75.1344, , 
 ,52283,2013104022,6,67,67301,2013,9,7,1835,18,4,1,0,8,1, , ,N,0,0,0,3,0,1,2,2,N, ,40 00:39.333,75 05:57.242,1905, ,1901, ,0, , , ,0, , , , , ,577295, , , ,1,0,0,0,0,0,1,0,0,0,0,1,1,0,0,0,0,0,0,0,0,0,0,0,0,0,0,0,0,0,0,0,1,0,0,4,0,40.0109,-75.0992, , 
 ,52284,2013106694,6,67,67301,2013,9,6,2055,20,3,1,0,4,1, , ,N,1,3,0,3,0,1,2,2,N,N,39 58:55.599,75 06:23.284,2100, ,2100, ,0, , , ,3, , , , , ,577300, , , ,1,1,0,0,0,0,0,0,1,0,0,1,1,0,0,0,0,0,0,0,0,0,0,0,0,0,0,0,0,0,0,0,0,0,0,4,0,39.9821,-75.1065, , 
 ,52285,2013084401,6,67,67301,2013,7,4,930,9,1,1,0,4,1, , ,N,1,2,0,3,0,1,2,2,N,N,40 04:00.293,75 10:40.850,2010, ,1957, ,0, , , ,3, , , , , ,578938, , , ,2,2,0,0,0,0,0,0,0,0,0,0,1,1,1,0,0,0,0,0,2,0,0,0,0,0,0,0,0,0,0,0,0,0,0,8,0,40.0667,-75.178, , 
 ,52286,2013070928,6,67,67301,2013,6,1,732,7,1,1,0,4,1, , ,N,1,2,0,3,0,4,4,2,N,N,40 02:02.361,75 04:27.863,740, ,732,1,1,3, , ,3,Y, , , , ,578961, , , ,2,2,0,0,0,0,0,0,0,0,1,3,4,0,0,0,0,0,0,0,1,0,0,0,0,0,0,0,0,0,0,0,0,0,0,3,0,40.034,-75.0744, , 
 ,52287,2013122068,6,67,67301,2013,10,3,1600,16,1,1,0,4,1, , ,N,2,0,7,3,0,2,4,2,N,N,40 03:01.317,75 03:27.256,1610, ,1604, ,0, , , ,0, , , , , ,578999, , , ,2,1,0,0,1,0,0,0,0,0,0,2,2,0,0,0,0,0,0,0,1,1,0,0,0,0,0,0,0,0,0,0,0,0,0,4,0,40.0504,-75.0576, , 
 ,52288,2013079590,6,67,67301,2013,7,5,2107,21,3,1,0,1,1, , ,N,2,2,0,3,0,2,3,2,N, ,40 01:52.775,75 06:17.565,2111, ,2107,1,1,4, , ,3,Y, , , , ,579013, , , ,2,2,0,0,0,0,0,0,0,0,0,2,2,0,0,0,0,0,0,1,0,0,0,0,0,0,0,0,0,0,0,0,0,0,0,4,0,40.0313,-75.1049, , 