wz_ln_closure,objectid_1,crn,district,county,municipality,crash_year,crash_month,day_of_week,time_of_day,hour_of_day,illumination,weather,road_condition,collision_type,relation_to_road,work_zone_type,work_zone_loc,work_zone_ind,intersect_type,tcd_type,location_type,urban_rural,fatal_count,injury_count,person_count,total_units,sch_bus_ind,sch_zone_ind,latitude,longitude,arrival_tm,cons_zone_spd_lim,dispatch_tm,est_hrs_closed,lane_closed,ln_close_dir,ntfy_hiwy_maint,spec_juris_cd,tcd_func_cd,tfc_detour_ind,workers_pres,wz_close_detour,wz_flagger,wz_law_offcr_ind,objectid,wz_moving,wz_other,wz_shlder_mdn,vehicle_count,automobile_count,motorcycle_count,bus_count,small_truck_count,heavy_truck_count,suv_count,van_count,bicycle_count,maj_inj_count,mod_inj_count,min_inj_count,tot_inj_count,unk_inj_deg_count,unk_inj_per_count,driver_count_16yr,driver_count_17yr,driver_count_18yr,driver_count_19yr,driver_count_20yr,driver_count_50_64yr,driver_count_65_74yr,driver_count_75plus,unbelted_occ_count,unb_death_count,unb_maj_inj_count,belted_death_count,belted_maj_inj_count,mcycle_death_count,mcycle_maj_inj_count,bicycle_death_count,bicycle_maj_inj_count,ped_count,ped_death_count,ped_maj_inj_count,max_severity_level,comm_veh_count,dec_lat,dec_long,rdwy_surf_type_cd,county_name
 ,52289,2013086699,6,67,67301,2013,8,6,1635,16,1,1,0,1,1, , ,N,5,2,0,3,0,0,4,3,N,N,39 57:23.185,75 10:06.448,1701, ,1658,1,1,3,N, ,3,N, , , , ,579023, , , ,3,1,0,0,1,0,1,0,0,0,0,0,0,0,0,0,0,0,1,0,0,0,0,0,0,0,0,0,0,0,0,0,0,0,0,0,0,39.9564,-75.1685, , 
 ,52290,2013090070,6,67,67301,2013,9,2,600,6,1,1,0,8,1, , ,N,0,0,0,3,0,1,2,2,N,N,39 58:56.859,75 08:47.976,625, ,625, ,0, ,N, ,0, , , , , ,579027, , , ,1,0,0,0,0,0,0,1,0,0,0,0,1,1,0,0,0,0,0,0,0,0,0,0,0,0,0,0,0,0,0,0,1,0,0,8,0,39.9825,-75.1467, , 
 ,52291,2013069758,6,67,67301,2013,7,3,2329,23,3,1,0,7,2, , ,N,0,0,0,3,0,1,1,1,N,N,39 53:19.979,75 13:04.879,2342, ,2331, ,0, ,N, ,0, , , , , ,579051, , , ,1,1,0,0,0,0,0,0,0,0,0,1,1,0,0,0,0,0,0,0,0,0,0,0,0,0,0,0,0,0,0,0,0,0,0,4,0,39.8889,-75.218, , 
 ,52292,2013070211,6,67,67301,2013,6,2,1614,16,1,1,0,1,1, , ,N,0,0,0,3,0,1,2,2,N,N,40 02:22.509,75 03:33.576,1626, ,1620,1,1,1,N, ,0,N, , , , ,579052, , , ,2,1,0,0,1,0,0,0,0,0,0,1,1,0,0,0,0,0,0,0,1,0,0,0,0,0,0,0,0,0,0,0,0,0,0,4,0,40.0396,-75.0593, , 
 ,52293,2013062649,6,67,67301,2013,5,4,907,9,1,1,0,4,1, , ,N,1,2,0,3,0,1,3,3,N,N,40 01:44.349,75 05:21.034,910, ,907,2,2,1,N, ,3,N, , , , ,579060, , , ,3,1,0,0,0,0,1,1,0,0,0,1,1,0,0,0,0,0,0,0,1,1,0,0,0,0,0,0,0,0,0,0,0,0,0,4,0,40.029,-75.0892, , 
 ,52294,2013065344,6,67,67301,2013,5,6,1714,17,1,8,0,4,1, , ,N,0,2,6,3,0,1,4,2,N,N,40 06:05.989,75 00:22.303,1718, ,1718,2,2,3,N, ,3,N, , , , ,579062, , , ,2,0,0,0,0,0,1,1,0,0,0,1,1,0,0,0,0,0,0,0,0,1,0,0,0,0,0,0,0,0,0,0,0,0,0,4,0,40.1017,-75.0062, , 
 ,52295,2013070074,6,67,67301,2013,6,3,930,9,1,1,0,8,1, , ,N,0,0,0,3,0,1,2,2,N,N,40 02:47.398,75 05:26.570,940, ,937, ,0, ,N, ,0, , , , , ,579068, , , ,1,1,0,0,0,0,0,0,0,0,0,1,1,0,0,0,0,0,0,0,0,0,0,0,0,0,0,0,0,0,0,0,1,0,0,4,0,40.0465,-75.0907, , 
 ,52296,2013070276,6,67,67301,2013,6,6,110,1,3,1,0,1,6, , ,N,0,0,0,3,0,0,1,3,N,N,40 01:10.380,75 06:58.840,144, ,143, ,0, ,N, ,0, , , , , ,579069, , , ,3,2,0,0,1,0,0,0,0,0,0,0,0,0,0,0,0,0,0,0,0,0,0,0,0,0,0,0,0,0,0,0,0,0,0,0,0,40.0196,-75.1163, , 
 ,52297,2013074693,6,67,67301,2013,6,3,1020,10,1,1,0,4,1, , ,N,2,0,0,3,0,0,4,2,N,N,39 54:14.630,75 13:34.143,1045, ,1037, ,0, ,N, ,0, , , , , ,579072, , , ,2,2,0,0,0,0,0,0,0,0,0,0,0,0,0,0,0,0,0,0,1,0,0,0,0,0,0,0,0,0,0,0,0,0,0,0,0,39.9041,-75.2262, , 
 ,52298,2013093027,6,67,67301,2013,8,4,1737,17,1,1,0,4,1, , ,N,1,2,0,3,0,2,3,2,N, ,40 00:10.274,75 06:06.094,1743, ,1740, ,0, , , ,3, , , , , ,579094, , , ,2,0,0,0,0,0,1,1,0,0,0,2,2,0,0,0,0,0,0,0,0,0,0,1,0,0,0,0,0,0,0,0,0,0,0,4,0,40.0029,-75.1017, , 
 ,52299,2013096437,6,67,67301,2013,8,6,1655,16,1,1,0,8,1, , ,N,1,3,0,3,0,1,2,2,N,N,40 01:33.434,75 03:40.647,1700, ,1655, ,0, ,N, ,3, , , , , ,579095, , , ,1,0,0,0,0,0,1,0,0,0,0,1,1,0,0,0,0,0,0,0,0,0,0,0,0,0,0,0,0,0,0,0,1,0,0,4,0,40.026,-75.0613, , 
 ,52300,2013054629,6,67,67301,2013,5,2,1519,15,1,1,0,8,1, , ,N,0,0,0,3,0,1,3,2,N,N,39 57:15.012,75 13:53.403,1520, ,1520, ,0, ,N, ,0, , , , , ,579098, , , ,1,1,0,0,0,0,0,0,0,0,0,0,1,1,0,0,0,0,0,0,0,0,0,0,0,0,0,0,0,0,0,0,1,0,0,8,0,39.9542,-75.2315, , 
 ,52301,2013055341,6,67,67301,2013,5,6,1310,13,1,1,0,4,1, , ,N,1,2,0,3,0,0,2,2,N,N,39 59:30.836,75 08:18.103,1325, ,1319, ,0, ,N, ,3, , , , , ,579099, , , ,2,1,0,0,0,0,1,0,0,0,0,0,0,0,0,0,0,0,0,0,0,0,0,0,0,0,0,0,0,0,0,0,0,0,0,0,0,39.9918,-75.1383, , 
 ,52302,2013067175,6,67,67301,2013,5,5,830,8,1,9,0,1,1, , ,N,0,0,0,3,0,2,3,2,N,N,40 01:05.832,75 10:09.506,0, ,0, ,0, ,N, ,0, , , , , ,579110, , , ,2,0,0,0,1,0,1,0,0,0,1,0,2,1,1,0,0,0,0,0,0,0,0,0,0,0,0,0,0,0,0,0,0,0,0,3,0,40.0183,-75.1693, , 
 ,52303,2013112783,6,67,67301,2013,11,2,1710,17,3,1,0,1,1, , ,N,0,0,2,3,0,0,2,2,N,N,40 00:38.764,75 12:22.862,1736, ,1724, ,0, ,N, ,0, , , , , ,570993, , , ,2,1,0,0,0,0,1,0,0,0,0,0,0,0,0,0,0,0,0,0,1,0,0,0,0,0,0,0,0,0,0,0,0,0,0,0,0,40.0108,-75.2064, , 
 ,52304,2013084009,6,67,67301,2013,7,5,308,3,3,1,0,7,3, , ,N,5,2,0,3,0,0,1,1,N,N,39 58:02.945,75 07:44.281,310, ,308, ,0, , , ,3, , , , , ,571012, , , ,1,1,0,0,0,0,0,0,0,0,0,0,0,0,1,0,0,0,0,0,0,0,0,0,0,0,0,0,0,0,0,0,0,0,0,9,0,39.967,-75.1294, , 
 ,52305,2013106697,6,67,67301,2013,9,4,1835,18,1,1,0,1,1, , ,N,0,0,0,3,0,2,3,3,N, ,39 56:26.698,75 12:10.366,1845, ,1840, ,0, , , ,0, , , , , ,571032, , , ,3,0,0,0,1,0,1,1,0,0,0,2,2,0,1,0,0,0,0,0,1,0,0,0,0,0,0,0,0,0,0,0,0,0,0,4,0,39.9407,-75.2029, , 
 ,52306,2013124638,6,67,67301,2013,11,6,1105,11,1,1,0,4,1, , ,N,2,2,7,3,0,1,4,3,N,N,39 55:05.911,75 12:31.903,1227, ,1227, ,0, , , ,3, , , , , ,571044, , , ,3,2,0,0,0,0,1,0,0,0,0,0,1,1,0,0,0,0,0,0,0,0,0,0,0,0,0,0,0,0,0,0,0,0,0,8,0,39.9182,-75.2088, , 
 ,52307,2013070354,6,67,67301,2013,6,2,708,7,8,2,1,8,1, , ,N,1,2,0,3,0,1,2,2,N,N,39 56:41.625,75 12:45.723,755, ,748, ,0, , , ,3, , , , , ,571064, , , ,1,1,0,0,0,0,0,0,0,0,0,0,1,1,0,0,0,0,0,0,0,0,0,0,0,0,0,0,0,0,0,0,1,0,0,8,0,39.9449,-75.2127, , 
 ,52308,2013070448,6,67,67301,2013,6,4,1050,10,1,1,0,8,1, , ,N,1,3,0,3,0,1,2,2,N, ,40 04:02.966,75 10:45.507,1107, ,1103, ,0, , , ,3, , , , , ,571065, , , ,1,1,0,0,0,0,0,0,0,0,0,0,1,1,0,0,0,0,0,0,1,0,0,0,0,0,0,0,0,0,0,0,1,0,0,8,0,40.0675,-75.1793, , 
 ,52309,2013080001,6,67,67301,2013,7,6,2300,23,3,2,1,1,1, , ,N,1,2,0,3,0,1,4,2,N,N,40 00:24.350,75 07:53.666,2316, ,2316, ,0, ,N, ,3, , , , , ,571074, , , ,2,1,0,0,1,0,0,0,0,0,0,1,1,0,0,0,0,0,0,0,0,0,0,0,0,0,0,0,0,0,0,0,0,0,0,4,0,40.0068,-75.1316, , 
N,52310,2013090133,6,67,67301,2013,9,4,2333,23,3,1,0,1,1,1,4,Y,0,0,0,3,0,0,4,2,N,N,40 01:38.887,75 01:30.379,2359,45,2345,1,1,2,N, ,0,N,Y,N,N,N,571082,N,N,Y,2,1,0,0,0,0,0,1,0,0,0,0,0,0,0,0,0,0,1,0,0,0,0,0,0,0,0,0,0,0,0,0,0,0,0,0,0,40.0275,-75.0251, , 
 ,52311,2013098380,6,67,67301,2013,9,1,440,4,3,1,0,7,4, , ,N,1,2,0,3,0,0,1,1,N,N,40 01:30.578,75 03:45.748,519, ,518,1,1,2, , ,3,N, , , , ,571087, , , ,1,0,0,0,1,0,0,0,0,0,0,0,0,0,1,0,0,0,0,0,0,0,0,0,0,0,0,0,0,0,0,0,0,0,0,9,0,40.0252,-75.0627, , 
 ,52312,2013077020,6,67,67301,2013,6,7,2330,23,3,1,0,1,1, , ,N,1,3,0,3,0,3,3,2,N, ,40 02:50.956,75 05:30.725,9999, ,2330, ,0, , , ,3, , , , , ,571115, , , ,2,1,0,0,0,0,0,1,0,0,0,2,3,1,0,0,0,0,0,0,0,0,0,0,0,0,0,0,0,0,0,0,0,0,0,4,0,40.0475,-75.0919, , 
 ,52313,2013074656,6,67,67301,2013,6,2,1541,15,1,1,0,4,1, , ,N,2,3,0,3,0,1,2,2,N,N,40 02:15.871,75 11:45.326,1635, ,1629, ,0, ,N, ,3, , , , , ,571153, , , ,2,1,0,0,0,0,0,1,0,0,0,0,1,1,0,0,0,0,0,0,0,0,0,0,0,0,0,0,0,0,0,0,0,0,0,8,0,40.0377,-75.1959, , 
 ,52314,2013079580,6,67,67301,2013,7,6,2145,21,3,2,1,4,1, , ,N,0,0,0,3,0,1,7,2,N,N,39 59:07.947,75 09:46.850,2150, ,2150, ,0, ,N, ,0, , , , , ,571160, , , ,2,1,0,0,0,0,1,0,0,0,0,0,1,1,0,0,0,0,0,0,0,0,0,0,0,0,0,0,0,0,0,0,0,0,0,8,0,39.9855,-75.163, , 
 ,52315,2013098448,6,67,67301,2013,9,1,2307,23,3,1,0,5,6, , ,N,0,0,0,3,0,0,1,6,N,N,40 03:59.800,75 03:45.341,2325, ,2313, ,0, ,N, ,0, , , , , ,571176, , , ,6,3,0,0,1,0,1,1,0,0,0,0,0,0,0,0,0,0,0,0,0,0,0,0,0,0,0,0,0,0,0,0,0,0,0,0,0,40.0666,-75.0626, , 
 ,52316,2013106761,6,67,67301,2013,9,5,1016,10,1,1,0,4,1, , ,N,1,2,2,3,0,1,2,2,N,N,39 53:57.866,75 10:29.202,1035, ,1032, ,0, , , ,3, , , , , ,571181, , , ,2,1,0,0,1,0,0,0,0,0,0,0,1,1,0,0,0,0,0,0,1,0,0,0,0,0,0,0,0,0,0,0,0,0,0,8,0,39.8994,-75.1748, , 
 ,52317,2013061067,6,67,67301,2013,6,1,2220,22,3,1,0,5,1, , ,N,0,0,0,3,0,1,2,2,N,N,40 02:57.787,74 59:47.199,2242, ,2225,3,1,2,N, ,0,N, , , , ,571193, , , ,2,1,0,0,0,1,0,0,0,0,0,1,1,0,0,0,0,0,1,0,0,0,0,0,0,0,0,0,0,0,0,0,0,0,0,4,1,40.0494,-74.9964, , 
 ,52318,2013086654,6,67,67301,2013,8,4,2355,23,3,1,0,4,1, , ,N,1,2,0,3,0,1,2,2,N,N,39 57:47.719,75 11:18.597,5, ,2, ,0, ,N, ,3, , , , , ,571206, , , ,1,1,0,0,0,0,0,0,1,0,0,1,1,0,0,0,0,0,0,0,0,0,0,1,0,0,0,0,0,0,0,0,0,0,0,4,0,39.9633,-75.1885, , 
 ,52319,2013086668,6,67,67301,2013,7,5,9999,99,1,1,0,4,1, , ,N,1,2,0,3,0,1,3,2,N,N,39 57:05.291,75 09:23.992,1423, ,1422, ,0, ,N, ,3, , , , , ,571207, , , ,1,1,0,0,0,0,0,0,1,0,0,1,1,0,0,0,0,0,0,0,0,0,0,0,0,0,0,0,0,0,0,0,0,0,0,4,0,39.9515,-75.1567, , 
 ,52320,2013093123,6,67,67301,2013,8,6,1914,19,1,1,0,7,2, , ,N,0,0,0,3,0,3,5,2,N, ,40 07:50.202,75 00:46.326,1920, ,1915, ,0, , , ,0, , , , , ,571213, , , ,2,1,0,0,0,0,1,0,0,0,0,0,3,3,0,0,0,0,0,0,0,0,0,0,0,0,0,0,0,0,0,0,0,0,0,8,0,40.1306,-75.0129, , 
 ,52321,2013091205,6,67,67301,2013,9,3,639,6,1,1,0,1,1, , ,N,0,0,0,3,0,0,2,2,N,N,40 00:31.350,75 12:12.826,644, ,642,1,1,3,N, ,0,N, , , , ,574127, , , ,2,2,0,0,0,0,0,0,0,0,0,0,0,0,0,0,0,0,0,0,0,0,0,0,0,0,0,0,0,0,0,0,0,0,0,0,0,40.0087,-75.2036, , 
 ,52322,2013100638,6,67,67301,2013,10,3,1419,14,1,1,0,5,1, , ,N,0,0,0,3,0,1,3,3,N,N,39 56:05.407,75 11:59.365,1437, ,1422,2,2,4,Y, ,0,N, , , , ,574130, , , ,3,1,0,0,1,0,1,0,0,0,0,0,1,1,0,0,0,0,0,0,0,0,0,1,0,0,0,0,0,0,0,0,0,0,0,8,0,39.9348,-75.1998, , 
 ,52323,2013084146,6,67,67301,2013,8,5,1835,18,1,1,0,1,1, , ,N,0,0,0,3,0,4,4,2,N,N,39 52:38.426,75 15:13.043,1844, ,1838,3,2,2,N, ,0,N, , , , ,574152, , , ,2,0,0,0,0,0,2,0,0,0,0,4,4,0,0,0,0,0,0,0,0,0,0,3,0,0,0,0,0,0,0,0,0,0,0,4,0,39.8773,-75.2536, , 
 ,52324,2013086881,6,67,67301,2013,8,5,1505,15,1,1,0,4,1, , ,N,2,3,0,3,0,5,5,2,N,N,40 01:31.742,75 04:42.725,1630, ,1629, ,0, ,N, ,3, , , , , ,574157, , , ,2,1,0,0,0,0,1,0,0,0,0,5,5,0,0,0,0,0,0,0,0,0,0,0,0,0,0,0,0,0,0,0,0,0,0,4,0,40.0255,-75.0785, , 
 ,52325,2013100145,6,67,67301,2013,9,4,1730,17,1,1,0,4,1, , ,N,1,2,0,3,0,2,3,2,N, ,40 00:31.034,75 04:07.810,1842, ,1838, ,0, , , ,3, , , , , ,574170, , , ,2,1,0,0,0,0,0,1,0,0,0,2,2,0,0,0,0,0,0,0,0,0,0,0,0,0,0,0,0,0,0,0,0,0,0,4,0,40.0086,-75.0688, , 
 ,52326,2013103927,6,67,67301,2013,9,1,4,0,3,2,1,4,1, , ,N,2,0,0,3,0,0,3,2,N,N,39 57:52.225,75 12:16.248,18, ,16,1,1,3,N, ,0,N, , , , ,574172, , , ,2,2,0,0,0,0,0,0,0,0,0,0,0,0,0,0,0,0,0,0,0,0,0,0,0,0,0,0,0,0,0,0,0,0,0,0,0,39.9645,-75.2045, , 
 ,52327,2013093032,6,67,67301,2013,8,4,1945,19,3,1,0,4,1, , ,N,1,2,0,3,0,4,5,2,N,N,39 57:37.020,75 13:36.682,1955, ,1945,3,1,6, , ,3,N, , , , ,574189, , , ,2,1,0,0,1,0,0,0,0,0,1,3,4,0,0,0,0,0,0,0,0,0,0,2,0,0,0,0,0,0,0,0,0,0,0,3,0,39.9602,-75.2269, , 
 ,52328,2013093153,6,67,67301,2013,8,3,1900,19,1,1,0,4,1, , ,N,1,2,0,3,0,0,2,2,N,N,40 01:48.341,75 05:17.340,1906, ,1901,2,1,2,N, ,3,N, , , , ,574190, , , ,2,0,0,0,2,0,0,0,0,0,0,0,0,0,0,0,0,0,0,0,0,0,0,0,0,0,0,0,0,0,0,0,0,0,0,0,0,40.0301,-75.0882, , 
 ,52329,2013079966,6,67,67301,2013,7,4,1900,19,1,1,0,4,1, , ,N,1,2,0,3,0,2,4,2,N,N,39 54:19.501,75 10:24.816,1900, ,1900, ,0, ,N, ,3, , , , , ,574197, , , ,2,0,0,0,2,0,0,0,0,0,0,0,2,2,0,0,0,0,0,0,0,0,0,0,0,0,0,0,0,0,0,0,0,0,0,8,0,39.9054,-75.1736, , 
 ,52330,2013101779,6,67,67301,2013,8,4,1825,18,1,2,1,5,1, , ,N,0,0,0,3,0,0,1,3,N,N,40 04:04.426,75 10:31.645,1849, ,1847, ,0, ,N, ,0, , , , , ,574215, , , ,3,0,0,0,3,0,0,0,0,0,0,0,0,0,0,0,0,0,0,0,1,0,0,0,0,0,0,0,0,0,0,0,0,0,0,0,0,40.0679,-75.1755, , 
 ,52331,2013065470,6,67,67301,2013,6,1,2350,23,3,1,1,7,3, , ,N,0,0,0,3,0,0,1,1,N,N,40 01:45.427,75 11:22.492,2355, ,2351, ,0, ,N, ,0, , , , , ,574230, , , ,1,1,0,0,0,0,0,0,0,0,0,0,0,0,0,0,0,0,0,0,0,0,0,0,0,0,0,0,0,0,0,0,0,0,0,0,0,40.0293,-75.1896, , 
 ,52332,2013070477,6,67,67301,2013,6,6,2230,22,3,1,0,4,1, , ,N,2,0,2,3,0,4,5,2,N,N,39 52:54.036,75 15:12.278,5, ,0, ,0, ,N, ,0, , , , , ,574239, , , ,2,2,0,0,0,0,0,0,0,0,2,0,4,2,0,0,0,0,1,0,0,0,0,0,0,0,0,0,0,0,0,0,0,0,0,3,0,39.8814,-75.2535, , 
 ,52333,2013076379,6,67,67301,2013,7,5,1528,15,1,1,2,1,1, , ,N,0,0,2,3,0,5,6,2,N,N,39 57:41.779,75 10:54.743,1539, ,1528,2,2,3,Y, ,0,Y, , , , ,574244, , , ,2,1,0,0,0,0,1,0,0,0,0,0,5,5,0,0,0,0,0,0,0,0,0,0,0,0,0,0,0,0,0,0,0,0,0,8,0,39.9616,-75.1819, , 
 ,52334,2013077543,6,67,67301,2013,7,5,1026,10,1,1,0,1,1, , ,N,1,2,0,3,0,2,5,2,N,N,40 06:43.694,74 59:26.387,1034, ,1026,1,1,1,N, ,3,N, , , , ,574245, , , ,2,2,0,0,0,0,0,0,0,0,0,0,2,2,1,0,0,0,0,0,1,0,0,0,0,0,0,0,0,0,0,0,0,0,0,8,0,40.1121,-74.9907, , 
 ,52335,2013096229,6,67,67301,2013,9,7,2147,21,3,1,1,7,3, , ,N,0,0,0,3,0,0,1,1,N,N,39 56:40.375,75 11:29.662,2158, ,2148, ,0, ,N, ,0, , , , , ,574267, , , ,1,1,0,0,0,0,0,0,0,0,0,0,0,0,0,0,0,0,0,0,0,0,0,0,0,0,0,0,0,0,0,0,0,0,0,0,0,39.9445,-75.1916, , 
 ,52336,2013062526,6,67,67301,2013,5,4,1514,15,1,1,0,8,1, , ,N,1,2,0,3,0,1,2,2,Y,Y,39 55:19.114,75 09:03.895,1519, ,1515,2,1,3,N, ,3,N, , , , ,574282, , , ,1,0,0,1,0,0,0,0,0,0,0,0,1,1,0,0,0,0,0,0,0,0,0,0,0,0,0,0,0,0,0,0,1,0,0,8,1,39.922,-75.151, , 
 ,52337,2013065461,6,67,67301,2013,5,6,525,5,5,1,0,5,1, , ,N,0,0,0,3,0,0,3,3,N,N,40 03:02.973,75 09:19.472,540, ,532, ,0, ,N, ,0, , , , , ,574288, , , ,3,2,0,0,0,0,1,0,0,0,0,0,0,0,3,0,0,0,0,0,0,0,0,0,0,0,0,0,0,0,0,0,0,0,0,9,0,40.0508,-75.1554, , 
 ,52338,2013067170,6,67,67301,2013,5,4,1545,15,1,1,0,1,1, , ,N,0,2,0,3,0,1,2,2,N,N,39 54:09.989,75 13:29.355,0, ,0, ,0, ,N, ,3, , , , , ,574292, , , ,2,2,0,0,0,0,0,0,0,0,1,0,1,0,1,0,0,0,0,0,0,0,0,0,0,0,0,0,0,0,0,0,0,0,0,3,0,39.9028,-75.2248, , 
 ,52339,2013079492,6,67,67301,2013,7,6,445,4,3,1,0,7,3, , ,N,0,0,0,3,0,0,1,1,N, ,40 02:09.912,75 03:55.036,505, ,452,1,1,1, , ,0,N, , , , ,574304, , , ,1,1,0,0,0,0,0,0,0,0,0,0,0,0,1,0,0,0,0,0,0,0,0,0,0,0,0,0,0,0,0,0,0,0,0,9,0,40.0361,-75.0653, , 
 ,52340,2013110288,6,67,67301,2013,11,2,809,8,1,1,0,4,1, , ,N,1,2,0,3,0,13,16,2,Y,N,40 03:29.309,75 10:27.487,905, ,820,4,2,7,N, ,3,Y, , , , ,577302, , , ,2,0,0,1,0,1,0,0,0,0,0,1,13,12,0,0,0,0,0,0,2,0,0,2,0,0,0,0,0,0,0,0,0,0,0,4,2,40.0581,-75.1743, , 
 ,52341,2013070471,6,67,67301,2013,6,2,810,8,1,2,1,7,5, , ,N,0,0,0,3,0,1,1,1,N, ,40 00:25.449,75 08:12.929,825, ,815, ,0, , , ,0, , , , , ,577325, , , ,1,1,0,0,0,0,0,0,0,0,0,1,1,0,0,0,0,0,0,0,0,0,0,0,0,0,0,0,0,0,0,0,0,0,0,4,0,40.0071,-75.1369, , 
 ,52342,2013074503,6,67,67301,2013,7,1,1139,11,1,1,0,1,1, , ,N,0,0,0,3,0,1,5,3,N,N,39 57:36.781,75 10:50.191,1145, ,1140, ,0, ,N, ,0, , , , , ,577329, , , ,3,3,0,0,0,0,0,0,0,0,0,1,1,0,0,0,0,0,0,0,1,1,0,0,0,0,0,0,0,0,0,0,0,0,0,4,0,39.9602,-75.1806, , 
 ,52343,2013111826,6,67,67301,2013,10,4,1939,19,3,1,0,4,1, , ,N,1,2,0,3,0,5,6,3,N,N,40 02:25.164,75 03:30.735,1945, ,1939,2,1,1, , ,3,Y, , , , ,577350, , , ,3,2,0,0,1,0,0,0,0,0,0,5,5,0,0,0,0,0,0,0,0,0,0,4,0,0,0,0,0,0,0,0,0,0,0,4,0,40.0403,-75.0585, , 
 ,52344,2013070984,6,67,67301,2013,6,5,9999,99,1,2,1,8,1, , ,N,2,2,0,3,0,1,2,2,N,N,40 02:28.039,75 07:03.651,1748, ,1748, ,0, ,N, ,3, , , , , ,577369, , , ,1,0,0,0,0,0,0,0,0,0,0,1,1,0,0,0,0,0,0,0,0,0,0,0,0,0,0,0,0,0,0,0,1,0,0,4,0,40.0411,-75.1177, , 
 ,52345,2013070949,6,67,67301,2013,6,4,2152,21,3,1,0,4,1, , ,N,1,2,0,3,0,1,2,2,N,N,40 02:24.861,75 03:30.268,2158, ,2152, ,0, ,N, ,3, , , , , ,577377, , , ,1,0,0,0,0,0,1,0,1,0,0,0,1,1,0,0,0,0,0,0,1,0,0,0,0,0,0,0,0,0,0,0,0,0,0,8,0,40.0402,-75.0584, , 
 ,52346,2013080037,6,67,67301,2013,7,2,1945,19,1,1,0,8,1, , ,N,0,0,0,3,0,1,2,2,N,N,39 59:05.864,75 06:39.876,9999, ,9999, ,0, ,N, ,0, , , , , ,577383, , , ,1,1,0,0,0,0,0,0,0,0,0,1,1,0,0,0,0,0,0,0,1,0,0,0,0,0,0,0,0,0,0,0,1,0,0,4,0,39.985,-75.1111, , 
 ,52347,2013098423,6,67,67301,2013,8,7,2020,20,3,1,0,1,1, , ,N,1,2,0,3,0,2,4,2,N,N,39 59:19.087,75 11:13.430,2025, ,2025, ,0, ,N, ,3, , , , , ,577404, , , ,2,1,0,0,0,0,1,0,0,0,0,2,2,0,1,0,0,0,0,0,0,0,0,0,0,0,0,0,0,0,0,0,0,0,0,4,0,39.9886,-75.1871, , 
 ,52348,2013101176,6,67,67301,2013,9,4,1654,16,1,1,0,4,1, , ,N,2,0,0,3,0,2,2,2,N, ,40 03:23.650,75 01:32.886,1657, ,1655, ,0, , , ,0, , , , , ,577406, , , ,2,2,0,0,0,0,0,0,0,0,0,0,2,2,0,0,0,0,0,0,0,0,1,0,0,0,0,0,0,0,0,0,0,0,0,8,0,40.0564,-75.0258, , 
 ,52349,2013101205,6,67,67301,2013,9,7,1305,13,1,1,0,4,1, , ,N,0,0,7,3,0,3,3,2,N,N,40 02:48.535,75 08:15.525,1325, ,1320, ,0, ,N, ,0, , , , , ,577407, , , ,2,2,0,0,0,0,0,0,0,0,0,3,3,0,0,0,0,0,0,0,0,1,0,0,0,0,0,0,0,0,0,0,0,0,0,4,0,40.0468,-75.1376, , 
 ,52350,2013068511,6,46,46102,2013,7,7,2327,23,3,1,0,4,1, , ,N,5,2,0,3,0,1,3,2,N,N,40 04:27.217,75 09:30.365,2332, ,2328,2,1,4,N, ,3,N, , , , ,577424, , , ,2,1,0,0,0,0,1,0,0,0,0,0,1,1,0,0,0,1,0,0,1,0,0,0,0,0,0,0,0,0,0,0,0,0,0,8,0,40.0741,-75.1584, , 
 ,52351,2013068751,6,67,67301,2013,7,1,1742,17,1,1,0,7,5, , ,N,0,0,0,3,0,0,1,1,N, ,39 58:36.537,75 06:47.402,1835, ,1815, ,0, , , ,0, , , , , ,577425, , , ,1,0,0,0,0,1,0,0,0,0,0,0,0,0,0,0,0,0,0,0,0,0,0,0,0,0,0,0,0,0,0,0,0,0,0,0,1,39.9768,-75.1132, , 
N,52352,2013084494,6,67,67301,2013,8,4,1600,16,1,1,0,1,1,1,4,Y,0,0,0,3,0,0,4,2,N,N,40 01:17.493,75 02:25.990,1600,50,1600,2,1,2,N, ,0,N,Y,N,N,N,577436,N,N,Y,2,1,0,0,0,0,1,0,0,0,0,0,0,0,0,0,0,0,0,0,0,0,0,0,0,0,0,0,0,0,0,0,0,0,0,0,0,40.0215,-75.0406, , 
 ,52353,2013079944,6,67,67301,2013,7,7,108,1,3,1,0,8,1, , ,N,1,2,0,3,0,1,2,2,N, ,39 57:30.554,75 13:30.649,112, ,112, ,0, , , ,3, , , , , ,577475, , , ,1,1,0,0,0,0,0,0,0,0,0,1,1,0,1,0,0,0,0,0,0,0,0,0,0,0,0,0,0,0,0,0,1,0,0,4,0,39.9585,-75.2252, , 
 ,52354,2013086533,6,67,67301,2013,7,3,324,3,3,2,7,1,1, , ,N,0,0,0,3,0,1,3,2,N,N,39 59:50.665,75 11:46.915,331, ,327, ,0, ,N, ,0, , , , , ,577483, , , ,2,2,0,0,0,0,0,0,0,0,0,1,1,0,0,0,0,0,0,0,0,0,0,0,0,0,0,0,0,0,0,0,0,0,0,4,0,39.9974,-75.1964, , 