wz_ln_closure,objectid_1,crn,district,county,municipality,crash_year,crash_month,day_of_week,time_of_day,hour_of_day,illumination,weather,road_condition,collision_type,relation_to_road,work_zone_type,work_zone_loc,work_zone_ind,intersect_type,tcd_type,location_type,urban_rural,fatal_count,injury_count,person_count,total_units,sch_bus_ind,sch_zone_ind,latitude,longitude,arrival_tm,cons_zone_spd_lim,dispatch_tm,est_hrs_closed,lane_closed,ln_close_dir,ntfy_hiwy_maint,spec_juris_cd,tcd_func_cd,tfc_detour_ind,workers_pres,wz_close_detour,wz_flagger,wz_law_offcr_ind,objectid,wz_moving,wz_other,wz_shlder_mdn,vehicle_count,automobile_count,motorcycle_count,bus_count,small_truck_count,heavy_truck_count,suv_count,van_count,bicycle_count,maj_inj_count,mod_inj_count,min_inj_count,tot_inj_count,unk_inj_deg_count,unk_inj_per_count,driver_count_16yr,driver_count_17yr,driver_count_18yr,driver_count_19yr,driver_count_20yr,driver_count_50_64yr,driver_count_65_74yr,driver_count_75plus,unbelted_occ_count,unb_death_count,unb_maj_inj_count,belted_death_count,belted_maj_inj_count,mcycle_death_count,mcycle_maj_inj_count,bicycle_death_count,bicycle_maj_inj_count,ped_count,ped_death_count,ped_maj_inj_count,max_severity_level,comm_veh_count,dec_lat,dec_long,rdwy_surf_type_cd,county_name
 ,52355,2013101226,6,67,67301,2013,9,6,1736,17,1,1,0,8,1, , ,N,1,2,0,3,0,1,2,2,N,N,39 55:26.156,75 13:19.597,1748, ,1744,1,1,4,N, ,3,Y, , , , ,577495, , , ,1,1,0,0,0,0,0,0,0,0,0,0,1,1,0,0,0,0,0,0,1,0,0,0,0,0,0,0,0,0,0,0,1,0,0,8,0,39.9239,-75.2221, , 
 ,52356,2013070270,6,67,67301,2013,6,7,2203,22,3,1,0,4,1, , ,N,1,2,0,3,0,2,5,2,N, ,40 01:21.712,75 08:00.711,2319, ,2319,3,1,3, , ,3,N, , , , ,577520, , , ,2,1,0,0,0,0,1,0,0,0,2,0,2,0,0,0,0,0,0,0,0,0,0,2,0,0,0,0,0,0,0,0,0,0,0,3,0,40.0227,-75.1335, , 
 ,52357,2013084031,6,67,67301,2013,7,1,42,0,3,1,0,4,1, , ,N,2,2,7,3,0,1,3,2,N,N,39 56:42.550,75 08:30.536,46, ,43,9,1,1, , ,3,N, , , , ,577531, , , ,1,1,0,0,0,0,0,0,1,0,1,0,1,0,0,0,0,0,0,0,0,0,0,0,0,0,0,0,0,0,0,0,0,0,0,3,0,39.9452,-75.1418, , 
 ,52358,2013079531,6,67,67301,2013,7,3,1717,17,1,1,0,4,1, , ,N,0,0,7,3,0,0,3,2,N,N,40 04:52.425,74 58:35.412,1720, ,1717, ,0, ,N, ,0, , , , , ,580465, , , ,2,2,0,0,0,0,0,0,0,0,0,0,0,0,0,0,0,0,0,0,0,0,1,0,0,0,0,0,0,0,0,0,0,0,0,0,0,40.0812,-74.9765, , 
 ,52359,2013093103,6,67,67301,2013,8,6,1735,17,1,1,0,8,2, , ,N,0,0,0,3,0,1,2,2,N,N,40 01:45.796,75 02:11.696,1745, ,1742, ,0, ,N, ,0, , , , , ,580476, , , ,1,0,0,1,0,0,0,0,0,0,0,1,1,0,0,0,0,0,0,0,0,0,0,0,0,0,0,0,0,0,0,0,1,0,0,4,1,40.0294,-75.0366, , 
 ,52360,2013101262,6,67,67301,2013,8,6,1845,18,1,1,0,5,1, , ,N,3,2,0,3,0,1,6,2,N,N,40 00:54.937,75 12:28.613,1852, ,1847,1,1,7, , ,3,N, , , , ,580482, , , ,1,0,0,0,0,0,1,0,1,1,0,0,1,0,0,0,0,0,0,0,0,0,0,0,0,0,0,0,0,0,0,1,0,0,0,2,0,40.0153,-75.2081, , 
 ,52361,2013110724,6,67,67301,2013,10,7,700,7,1,1,0,4,1, , ,N,0,0,0,3,0,1,3,2,N,N,39 54:10.324,75 11:36.837,728, ,720, ,0, ,N, ,0, , , , , ,580492, , , ,2,1,0,0,0,1,0,0,0,0,0,1,1,0,0,0,0,0,0,0,1,0,0,0,0,0,0,0,0,0,0,0,0,0,0,4,1,39.9029,-75.1936, , 
 ,52362,2013084004,6,67,67301,2013,7,2,1623,16,8,9,8,1,1, , ,N,5,2,0,3,0,1,2,2,N, ,40 03:59.990,75 05:02.248,2220, ,2220, ,0, , , ,9, , , , , ,580510, , , ,2,1,1,0,0,0,0,0,0,0,0,1,1,0,1,0,0,0,0,0,0,0,0,0,0,0,0,0,0,0,0,0,0,0,0,4,0,40.0667,-75.084, , 
 ,52363,2013096059,6,67,67301,2013,8,5,1320,13,1,1,0,4,1, , ,N,1,3,0,3,0,1,2,2,N,N,39 59:35.898,75 08:13.189,1330, ,1320, ,0, ,N, ,3, , , , , ,580517, , , ,1,1,0,0,0,0,0,0,1,0,0,0,1,1,0,0,0,0,0,0,0,0,0,0,0,0,0,0,0,0,0,0,0,0,0,8,0,39.9933,-75.137, , 
 ,52364,2013096134,6,67,67301,2013,8,2,937,9,1,1,0,4,1, , ,N,1,2,0,3,0,1,2,2,N, ,40 00:54.748,75 08:49.919,942, ,940, ,0, , , ,3, , , , , ,580518, , , ,2,2,0,0,0,0,0,0,0,0,0,1,1,0,0,0,0,0,0,0,0,0,0,0,0,0,0,0,0,0,0,0,0,0,0,4,0,40.0152,-75.1472, , 
 ,52365,2013106738,6,67,67301,2013,9,2,916,9,1,1,0,7,2, , ,N,1,0,0,3,0,1,1,1,N,N,39 58:12.478,75 07:49.489,923, ,920, ,0, ,N, ,0, , , , , ,580530, , , ,1,1,0,0,0,0,0,0,0,0,0,1,1,0,0,0,0,0,0,0,0,0,0,0,0,0,0,0,0,0,0,0,0,0,0,4,0,39.9701,-75.1304, , 
 ,52366,2013109456,6,67,67301,2013,9,7,1522,15,1,1,0,8,1, , ,N,1,2,0,3,0,1,2,2,N,N,39 59:46.100,75 08:49.451,1604, ,1556, ,0, ,N, ,3, , , , , ,580534, , , ,1,0,0,0,0,0,0,0,0,0,0,1,1,0,1,0,0,0,0,0,0,0,0,0,0,0,0,0,0,0,0,0,1,0,0,4,0,39.9961,-75.1471, , 
 ,52367,2013111910,6,67,67301,2013,10,2,9999,99,1,2,1,6,1, , ,N,0,0,0,3,0,3,4,4,N,N,39 58:50.384,75 11:53.522,9999, ,907, ,0, ,N, ,0, , , , , ,580540, , , ,4,2,0,0,0,0,2,0,0,0,0,0,3,3,0,0,0,0,0,0,2,0,0,0,0,0,0,0,0,0,0,0,0,0,0,8,0,39.9807,-75.1982, , 
 ,52368,2013101069,6,67,67301,2013,9,3,910,9,1,1,0,4,1, , ,N,1,2,0,3,0,1,3,2,N, ,39 57:12.030,75 11:01.741,916, ,911, ,0, , , ,3, , , , , ,580567, , , ,2,1,0,0,0,0,1,0,0,0,1,0,1,0,0,0,0,0,0,0,0,0,0,0,0,0,0,0,0,0,0,0,0,0,0,3,0,39.9533,-75.1838, , 
 ,52369,2013130032,6,67,67301,2013,11,7,343,3,3,1,0,6,1, , ,N,0,0,0,3,0,1,4,3,N, ,40 01:42.200,75 13:14.584,346, ,343,9,1,6,N, ,0,Y, , , , ,580586, , , ,3,3,0,0,0,0,0,0,0,0,0,1,1,0,0,0,0,0,0,0,0,0,0,0,0,0,0,0,0,0,0,0,0,0,0,4,0,40.0284,-75.2207, , 
 ,52370,2013074502,6,67,67301,2013,4,3,129,1,3,2,1,7,2, , ,N,7,0,2,3,0,1,1,1,N,N,39 57:41.763,75 10:57.486,138, ,131, ,0, ,N, ,0, , , , , ,580605, , , ,1,1,0,0,0,0,0,0,0,0,0,1,1,0,0,0,0,0,0,0,0,0,0,0,0,0,0,0,0,0,0,0,0,0,0,4,0,39.9614,-75.1825, , 
Y,52371,2013091200,6,67,67301,2013,9,7,1602,16,1,1,0,1,1,1,4,Y,0,0,0,3,0,5,8,4,N,N,40 01:18.428,75 02:20.975,1633,45,1603,1,1,1,N, ,0,Y,U,N,N,N,580616,N,N,Y,4,4,0,0,0,0,0,0,0,0,0,0,5,5,0,0,0,0,0,0,1,0,0,0,0,0,0,0,0,0,0,0,0,0,0,8,0,40.0217,-75.0393, , 
 ,52372,2013098398,6,67,67301,2013,9,4,1509,15,1,1,0,1,1, , ,N,0,2,0,3,0,1,3,3,N, ,40 07:23.956,75 00:53.631,1551, ,1545, ,0, , , ,3, , , , , ,580622, , , ,3,2,0,0,0,0,1,0,0,0,0,1,1,0,0,0,0,0,0,0,0,1,0,0,0,0,0,0,0,0,0,0,0,0,0,4,0,40.1233,-75.0149, , 
 ,52373,2013101264,6,67,67301,2013,8,7,405,4,3,1,0,4,1, , ,N,1,2,0,3,0,0,2,2,N,N,40 03:08.339,75 00:28.750,413, ,409, ,0, ,N, ,3, , , , , ,580626, , , ,2,1,0,0,0,0,1,0,0,0,0,0,0,0,0,0,0,0,0,0,1,0,0,0,0,0,0,0,0,0,0,0,0,0,0,0,0,40.0523,-75.008, , 
 ,52374,2013055367,6,67,67301,2013,5,3,723,7,1,1,0,4,1, , ,N,1,2,0,3,0,0,2,2,N,N,40 05:33.242,75 03:57.768,803, ,752,1,1,2,N, ,3,N, , , , ,580641, , , ,2,2,0,0,0,0,0,0,0,0,0,0,0,0,2,0,0,0,0,0,0,0,0,0,0,0,0,0,0,0,0,0,0,0,0,9,0,40.0926,-75.066, , 
 ,52375,2013096114,6,67,67301,2013,8,5,100,1,3,1,0,4,1, , ,N,1,2,0,3,0,1,5,2,N,N,40 01:53.211,75 05:04.703,103, ,102,9,1,1,N, ,3,N, , , , ,580659, , , ,2,2,0,0,0,0,0,0,0,0,0,1,1,0,0,0,0,0,0,0,1,0,0,5,0,0,0,0,0,0,0,0,0,0,0,4,0,40.0314,-75.0846, , 
 ,52376,2013100986,6,67,67301,2013,9,6,1930,19,1,1,0,6,1, , ,N,1,0,0,3,0,1,2,2,N,N,39 59:55.413,75 07:05.411,1935, ,1930, ,0, ,N, ,0, , , , , ,571223, , , ,1,1,0,0,0,0,0,0,1,0,0,1,1,0,0,0,0,0,0,0,0,0,0,0,0,0,0,0,0,0,0,0,0,0,0,4,0,39.9987,-75.1182, , 
 ,52377,2013101021,6,67,67301,2013,9,2,1155,11,1,2,1,1,1, , ,N,2,2,0,3,0,1,2,2,N, ,40 06:17.915,75 00:06.176,1200, ,1155,1,1,2, , ,3,N, , , , ,571224, , , ,2,1,0,0,0,1,0,0,0,0,0,0,1,1,0,0,0,0,0,0,1,0,0,1,0,0,0,0,0,0,0,0,0,0,0,8,1,40.105,-75.0017, , 
 ,52378,2013065354,6,67,67301,2013,6,7,550,5,1,1,0,1,1, , ,N,1,2,0,3,0,1,2,2,N, ,39 57:26.357,75 08:38.887,558, ,556, ,0, , , ,3, , , , , ,571245, , , ,2,0,0,0,0,0,1,1,0,0,0,1,1,0,0,0,0,0,0,0,0,0,0,0,0,0,0,0,0,0,0,0,0,0,0,4,0,39.9573,-75.1441, , 
 ,52379,2013065450,6,67,67301,2013,4,6,1814,18,1,1,0,4,1, , ,N,1,3,0,3,0,2,2,5,N, ,40 02:14.784,75 07:56.283,1818, ,1817,3,2,1, , ,3,Y, , , , ,571246, , , ,5,5,0,0,0,0,0,0,0,0,0,2,2,0,0,0,0,0,0,0,1,0,0,1,0,0,0,0,0,0,0,0,0,0,0,4,0,40.0374,-75.1323, , 
 ,52380,2013074725,6,67,67301,2013,6,6,1600,16,1,1,0,8,1, , ,N,1,3,0,3,0,1,2,2,N,N,39 56:17.646,75 08:59.701,1610, ,1605, ,0, , , ,3, , , , , ,571250, , , ,1,1,0,0,0,0,0,0,0,0,0,1,1,0,0,0,0,0,0,0,1,0,0,0,0,0,0,0,0,0,0,0,1,0,0,4,0,39.9382,-75.1499, , 
 ,52381,2013083998,6,67,67301,2013,7,2,1806,18,1,1,0,4,1, , ,N,2,2,0,3,0,1,2,2,N, ,40 02:56.557,75 05:40.778,1825, ,1816, ,0, , , ,3, , , , , ,571257, , , ,2,2,0,0,0,0,0,0,0,0,0,0,1,1,0,0,0,0,0,0,0,0,0,0,0,0,0,0,0,0,0,0,0,0,0,8,0,40.049,-75.0947, , 
 ,52382,2013100643,6,67,67301,2013,10,2,1709,17,1,2,2,7,3, , ,N,0,0,0,3,0,3,5,5,N,N,39 57:35.951,75 10:46.737,1725, ,1709, ,0, ,Y, ,0, , , , , ,571269, , , ,5,4,0,0,0,0,1,0,0,0,0,3,3,0,0,0,0,0,0,0,1,0,0,0,0,0,0,0,0,0,0,0,0,0,0,4,0,39.96,-75.1796, , 
 ,52383,2013081313,6,67,67301,2013,8,7,1338,13,1,1,0,1,1, , ,N,0,0,0,3,0,4,8,3,N,N,39 58:58.308,75 05:57.821,1346, ,1339,2,1,2,N, ,0,N, , , , ,571309, , , ,3,1,0,0,1,0,1,0,0,0,0,0,4,4,0,0,0,0,1,0,2,0,0,0,0,0,0,0,0,0,0,0,0,0,0,8,0,39.9829,-75.0994, , 
 ,52384,2013086681,6,67,67301,2013,8,7,2200,22,3,1,0,8,1, , ,N,1,0,0,3,0,1,2,2,N, ,39 57:14.904,75 11:47.788,2202, ,2201, ,0, , , ,0, , , , , ,571316, , , ,1,0,0,0,0,0,0,1,0,0,0,1,1,0,0,0,0,0,0,0,0,0,0,0,0,0,0,0,0,0,0,0,1,0,0,4,0,39.9541,-75.1966, , 
 ,52385,2013086691,6,67,67301,2013,8,7,47,0,3,1,0,6,1, , ,N,0,0,0,3,0,1,3,2,N,N,40 00:32.791,75 11:48.189,58, ,54, ,0, ,N, ,0, , , , , ,571317, , , ,2,1,0,0,0,0,0,0,0,0,0,1,1,0,0,0,0,0,0,0,0,0,0,0,0,0,0,0,0,0,0,0,0,0,0,4,0,40.0091,-75.1967, , 
 ,52386,2013093033,6,67,67301,2013,8,2,821,8,1,1,0,4,1, , ,N,1,2,0,3,0,1,2,2,N, ,39 59:29.569,75 13:35.687,855, ,850, ,0, , , ,3, , , , , ,571325, , , ,1,0,0,0,0,0,1,0,1,0,1,0,1,0,0,0,0,0,0,0,0,0,0,0,0,0,0,0,0,0,0,0,0,0,0,3,0,39.9915,-75.2266, , 
 ,52387,2013101038,6,67,67301,2013,7,3,634,6,1,1,0,4,1, , ,N,5,2,0,3,0,2,2,2,N, ,39 57:11.151,75 10:54.540,639, ,634, ,0, , , ,3, , , , , ,571334, , , ,2,1,0,0,0,0,1,0,0,0,1,1,2,0,0,0,0,0,0,0,0,0,0,0,0,0,0,0,0,0,0,0,0,0,0,3,0,39.9531,-75.1819, , 
 ,52388,2013063309,6,67,67301,2013,5,3,915,9,1,2,1,1,1, , ,N,0,0,0,3,0,0,3,3,N,N,40 01:40.594,75 01:25.703,939, ,915, ,0, ,N, ,0, , , , , ,571343, , , ,3,2,0,0,0,0,0,0,0,0,0,0,0,0,1,0,0,0,0,0,0,1,0,0,0,0,0,0,0,0,0,0,0,0,0,9,0,40.0278,-75.024, , 
 ,52389,2013065520,6,67,67301,2013,5,5,1240,12,1,1,0,4,1, , ,N,1,3,0,3,0,0,3,2,N, ,40 01:48.784,75 10:13.040,1250, ,1245, ,0, , , ,3, , , , , ,571344, , , ,2,1,0,0,0,0,0,1,0,0,0,0,0,0,0,0,0,0,0,0,1,0,0,0,0,0,0,0,0,0,0,0,0,0,0,0,0,40.0302,-75.1703, , 
 ,52390,2013099834,6,67,67301,2013,10,2,2115,21,3,1,0,8,1, , ,N,1,2,0,3,0,1,2,2,N,N,39 59:16.284,75 09:20.883,2115, ,2115,1,1,1,N, ,3,N, , , , ,571371, , , ,1,1,0,0,0,0,0,0,0,0,0,1,1,0,0,0,0,0,0,0,0,0,0,0,0,0,0,0,0,0,0,0,1,0,0,4,0,39.9879,-75.1558, , 
 ,52391,2013101149,6,67,67301,2013,8,7,2250,22,3,1,0,4,1, , ,N,2,2,0,3,0,2,5,2,N,N,39 58:10.092,75 08:22.485,9, ,9, ,0, ,N, ,3, , , , , ,571376, , , ,2,1,0,0,0,0,1,0,0,0,1,1,2,0,0,0,0,0,0,0,0,1,0,0,0,0,0,0,0,0,0,0,0,0,0,3,0,39.9695,-75.1396, , 
 ,52392,2013063668,6,67,67301,2013,6,5,1615,16,1,1,0,1,1, , ,N,0,0,0,3,0,0,2,2,N,N,39 58:28.359,75 11:38.932,1632, ,1615, ,0, ,N, ,0, , , , , ,571394, , , ,2,1,0,0,0,0,1,0,0,0,0,0,0,0,0,0,0,0,0,0,1,0,0,0,0,0,0,0,0,0,0,0,0,0,0,0,0,39.9745,-75.1941, , 
 ,52393,2013066699,6,67,67301,2013,4,7,2200,22,6,1,0,1,1, , ,N,1,4,0,3,0,1,3,2,N,N,39 53:23.412,75 14:00.414,0, ,0, ,0, ,N, ,3, , , , , ,571396, , , ,2,1,0,0,0,0,1,0,0,0,0,1,1,0,0,0,0,0,0,0,0,0,0,0,0,0,0,0,0,0,0,0,0,0,0,4,0,39.8898,-75.2334, , 
 ,52394,2013099768,6,67,67301,2013,9,2,917,9,1,1,0,5,1, , ,N,0,0,0,3,0,2,3,3,N,N,39 57:25.457,75 09:08.064,940, ,921,1,1,3,N, ,0,N, , , , ,574320, , , ,3,3,0,0,0,0,0,0,0,0,0,2,2,0,0,0,0,0,0,0,0,0,0,0,0,0,0,0,0,0,0,0,0,0,0,4,0,39.9571,-75.1522, , 
U,52395,2013072212,6,67,67301,2013,5,6,1800,18,1,1,0,5,1,8,8,Y,5,2,0,3,0,0,4,2,N,N,40 01:31.012,75 07:25.742,1822,99,1803,1,1,1,N, ,3,N,U,U,U,U,574339,U,U,U,2,1,0,0,0,0,0,1,0,0,0,0,0,0,0,0,0,0,0,0,0,0,1,0,0,0,0,0,0,0,0,0,0,0,0,0,0,40.0253,-75.1238, , 
 ,52396,2013086721,6,67,67301,2013,8,7,1615,16,1,1,0,4,1, , ,N,0,0,0,3,0,1,2,2,N, ,39 58:49.510,75 09:36.170,1645, ,1639, ,0, , , ,0, , , , , ,574354, , , ,1,0,0,0,1,0,0,0,1,0,0,0,1,1,0,0,0,0,0,0,0,1,0,0,0,0,0,0,0,0,0,0,0,0,0,8,0,39.9804,-75.16, , 
 ,52397,2013086832,6,67,67301,2013,8,6,9999,99,1,1,0,8,1, , ,N,0,0,0,3,0,1,2,2,N,N,40 03:38.666,75 03:06.699,1240, ,1240, ,0, ,N, ,0, , , , , ,574355, , , ,1,1,0,0,0,0,0,0,0,0,0,0,1,1,0,0,0,0,0,0,0,0,1,0,0,0,0,0,0,0,0,0,1,0,0,8,0,40.0607,-75.0519, , 
 ,52398,2013093070,6,67,67301,2013,8,6,1332,13,1,1,0,4,1, , ,N,0,0,7,3,0,1,2,2,N,N,39 58:16.458,75 09:26.280,1338, ,1333,1,1,4,N, ,0,N, , , , ,574363, , , ,2,1,1,0,0,0,0,0,0,0,0,0,1,1,0,0,0,0,0,0,0,0,0,0,0,0,0,0,0,0,0,0,0,0,0,8,0,39.9712,-75.1573, , 
 ,52399,2013097550,6,67,67301,2013,9,6,2013,20,3,1,0,1,1, , ,N,0,0,0,3,0,0,5,3,N,N,39 59:51.686,75 11:46.316,2016, ,2015,2,1,3,N, ,0,N, , , , ,574372, , , ,3,2,0,0,0,0,1,0,0,0,0,0,0,0,0,0,0,0,0,0,0,0,0,0,0,0,0,0,0,0,0,0,0,0,0,0,0,39.9977,-75.1962, , 
N,52400,2013052361,6,67,67301,2013,5,5,1546,15,1,1,0,1,1,1,2,Y,0,0,0,3,0,2,4,2,N,N,39 58:02.725,75 07:55.813,1546,45,1546,1,1,1,N, ,0,N,N,N,N,N,574380,N,N,Y,2,2,0,0,0,0,0,0,0,0,0,2,2,0,0,0,0,0,0,0,0,0,0,0,0,0,0,0,0,0,0,0,0,0,0,4,0,39.9674,-75.1323, , 
N,52401,2013076382,6,67,67301,2013,7,6,744,7,1,1,0,1,1,1,4,Y,0,0,0,3,0,0,3,3,N,N,40 00:52.934,75 03:16.684,755,45,748, ,0, ,N, ,0, ,Y,N,N,N,574389,N,Y,N,3,0,0,0,0,0,2,1,0,0,0,0,0,0,0,0,0,0,0,0,0,0,0,0,0,0,0,0,0,0,0,0,0,0,0,0,0,40.0146,-75.0547, , 
 ,52402,2013081312,6,67,67301,2013,8,7,551,5,5,1,0,7,4, , ,N,0,3,2,3,0,1,1,1,N,N,39 59:13.176,75 12:29.985,553, ,552,2,2,3,Y, ,3,N, , , , ,574392, , , ,1,1,0,0,0,0,0,0,0,0,0,0,1,1,0,0,0,0,0,0,0,0,0,1,0,0,0,0,0,0,0,0,0,0,0,8,0,39.987,-75.2083, , 
 ,52403,2013086797,6,67,67301,2013,8,1,9999,99,3,1,0,1,6, , ,N,0,0,0,3,0,0,1,4,N,N,40 01:31.803,75 08:23.182,2217, ,2216, ,0, ,N, ,0, , , , , ,574396, , , ,4,3,0,0,0,0,1,0,0,0,0,0,0,0,1,0,0,0,0,0,0,0,0,0,0,0,0,0,0,0,0,0,0,0,0,9,0,40.0255,-75.1398, , 
 ,52404,2013093064,6,67,67301,2013,8,7,730,7,1,1,0,1,1, , ,N,0,0,0,3,0,2,3,2,N,N,40 01:37.278,75 05:34.894,740, ,735, ,0, ,N, ,0, , , , , ,574402, , , ,2,1,1,0,0,0,0,0,0,0,1,1,2,0,0,0,0,0,1,0,0,0,0,0,0,0,0,0,0,0,0,0,0,0,0,3,0,40.027,-75.093, , 
 ,52405,2013100990,6,67,67301,2013,9,7,200,2,3,1,0,6,5, , ,N,0,0,0,3,0,0,1,3,N, ,39 57:24.631,75 08:21.295,1055, ,1048, ,0, , , ,0, , , , , ,574409, , , ,3,1,0,0,1,0,0,0,0,0,0,0,0,0,0,0,0,0,0,0,1,0,0,0,0,0,0,0,0,0,0,0,0,0,0,0,0,39.9568,-75.1392, , 
 ,52406,2013106767,6,67,67301,2013,9,3,1120,11,1,1,0,1,7, , ,N,2,2,2,3,0,1,4,2,N,N,39 56:18.590,75 08:32.411,1130, ,1128, ,0, ,N, ,3, , , , , ,574412, , , ,2,1,0,0,0,0,1,0,0,0,0,0,1,1,0,0,0,0,0,0,0,0,0,1,0,0,0,0,0,0,0,0,0,0,0,8,0,39.9385,-75.1421, , 
 ,52407,2013070366,6,67,67301,2013,6,3,1625,16,1,1,0,4,1, , ,N,0,0,7,3,0,1,3,2,N,N,40 00:55.454,75 12:30.083,1645, ,1631, ,0, ,N, ,0, , , , , ,574427, , , ,1,0,0,0,1,0,0,0,1,0,1,0,1,0,0,0,0,0,0,1,0,0,0,0,0,0,0,0,0,0,0,0,0,0,0,3,0,40.0155,-75.2085, , 
 ,52408,2013070675,6,67,67301,2013,7,6,856,8,1,1,0,7,2, , ,N,7,0,2,3,0,1,1,1,N,N,39 54:46.596,75 08:53.994,900, ,857,1,2,4,N, ,0,N, , , , ,574428, , , ,1,0,1,0,0,0,0,0,0,1,0,0,1,0,0,0,0,0,0,0,0,0,0,0,0,0,0,0,0,1,0,0,0,0,0,2,0,39.9129,-75.1484, , 
 ,52409,2013065584,6,67,67301,2013,5,7,1615,16,1,2,1,1,1, , ,N,0,0,0,3,0,2,6,3,N,N,40 06:19.754,75 00:03.520,1624, ,1619,9,1,2,N, ,0,N, , , , ,574440, , , ,3,1,0,0,1,0,0,1,0,0,0,0,2,2,0,0,0,0,0,0,0,0,0,0,0,0,0,0,0,0,0,0,0,0,0,8,0,40.1055,-75.001, , 
 ,52410,2013070558,6,67,67301,2013,6,5,10,0,3,1,0,4,1, , ,N,1,2,0,3,0,3,3,2,N,N,40 02:42.130,75 06:03.888,12, ,11,2,2,7,N, ,3,Y, , , , ,574443, , , ,2,2,0,0,0,0,0,0,0,0,0,0,3,3,0,0,0,0,0,0,0,0,0,0,0,0,0,0,0,0,0,0,0,0,0,8,0,40.045,-75.1011, , 
 ,52411,2013070677,6,67,67301,2013,7,2,1433,14,1,1,0,5,1, , ,N,0,0,0,3,0,0,4,3,N,N,40 00:02.503,75 11:41.175,1441, ,1436, ,0, ,N, ,0, , , , , ,574444, , , ,3,2,0,0,0,1,0,0,0,0,0,0,0,0,0,0,0,0,0,0,1,0,1,0,0,0,0,0,0,0,0,0,0,0,0,0,1,40.0007,-75.1948, , 
 ,52412,2013070906,6,67,67301,2013,6,2,1630,16,1,1,0,5,1, , ,N,0,2,7,3,0,1,2,2,N,N,39 57:50.487,75 10:28.267,9999, ,9999, ,0, ,N, ,3, , , , , ,574445, , , ,1,1,0,0,0,0,0,0,1,0,0,1,1,0,0,0,0,0,0,0,0,0,0,1,0,0,0,0,0,0,0,0,0,0,0,4,0,39.964,-75.1745, , 
 ,52413,2013084395,6,67,67301,2013,4,2,2332,23,3,1,0,4,1, , ,N,0,0,7,3,0,1,2,2,N,N,40 01:21.150,75 12:30.910,2340, ,2333,2,2,5,N, ,0,Y, , , , ,577532, , , ,1,0,0,0,1,0,0,0,1,0,0,0,1,1,0,0,0,0,0,0,0,0,0,0,0,0,0,0,0,0,0,0,0,0,0,8,0,40.0226,-75.2085, , 
 ,52414,2013086705,6,67,67301,2013,8,5,1741,17,1,2,1,4,1, , ,N,0,0,0,3,0,3,4,2,N,N,40 02:13.076,75 04:47.087,1745, ,1744,1,1,1, , ,0,N, , , , ,577537, , , ,2,1,0,0,0,0,0,1,0,0,0,3,3,0,0,0,0,0,0,0,0,0,0,0,0,0,0,0,0,0,0,0,0,0,0,4,0,40.037,-75.0797, , 
 ,52415,2013093039,6,67,67301,2013,8,7,1115,11,1,1,0,8,1, , ,N,1,3,0,3,0,1,2,2,N,N,39 59:18.434,75 11:07.439,1302, ,1256, ,0, , , ,3, , , , , ,577543, , , ,1,1,0,0,0,0,0,0,0,0,0,0,1,1,1,0,0,0,0,0,0,0,0,0,0,0,0,0,0,0,0,0,1,0,0,8,0,39.9885,-75.1854, , 
 ,52416,2013095960,6,67,67301,2013,7,2,1649,16,1,1,0,8,1, , ,N,0,0,7,3,0,1,2,2,N,N,39 54:15.843,75 14:18.898,1953, ,1952, ,0, ,N, ,0, , , , , ,577546, , , ,1,1,0,0,0,0,0,0,0,0,0,1,1,0,0,0,0,0,0,0,1,0,0,0,0,0,0,0,0,0,0,0,1,0,0,4,0,39.9044,-75.2386, , 
 ,52417,2013062556,6,67,67301,2013,5,5,425,4,3,2,1,7,5, , ,N,0,0,0,3,0,0,1,1,N, ,40 06:19.891,74 59:37.641,433, ,425, ,0, , , ,0, , , , , ,577569, , , ,1,1,0,0,0,0,0,0,0,0,0,0,0,0,0,0,0,0,0,0,0,0,0,0,0,0,0,0,0,0,0,0,0,0,0,0,0,40.1055,-74.9938, , 
 ,52418,2013070437,6,67,67301,2013,6,3,745,7,1,1,0,1,1, , ,N,0,0,0,3,0,0,3,3,N,N,40 01:37.687,75 02:16.749,748, ,746, ,0, ,N, ,0, , , , , ,577578, , , ,3,2,0,0,1,0,0,0,0,0,0,0,0,0,0,0,0,0,0,0,1,0,0,0,0,0,0,0,0,0,0,0,0,0,0,0,0,40.0271,-75.038, , 
 ,52419,2013080016,6,67,67301,2013,7,7,9999,99,1,1,0,1,1, , ,N,1,2,0,3,0,2,7,4,N,N,39 57:28.162,75 08:50.070,1445, ,1440, ,0, ,N, ,3, , , , , ,577586, , , ,4,3,0,0,1,0,0,0,0,0,0,2,2,0,0,0,0,0,0,1,1,0,0,0,0,0,0,0,0,0,0,0,0,0,0,4,0,39.9578,-75.1472, , 
 ,52420,2013096102,6,67,67301,2013,8,6,1656,16,1,1,0,4,1, , ,N,2,3,7,3,0,0,2,2,N,N,39 54:14.619,75 14:25.049,1729, ,1719,2,1,2,N, ,3,Y, , , , ,577597, , , ,2,1,0,0,1,0,0,0,0,0,0,0,0,0,0,0,0,0,0,0,0,0,0,0,0,0,0,0,0,0,0,0,0,0,0,0,0,39.9041,-75.2403, , 
 ,52421,2013055898,6,67,67301,2013,5,4,142,1,3,2,1,4,1, , ,N,2,2,0,3,0,1,2,2,N,N,40 02:12.235,75 03:52.193,152, ,143, ,0, ,N, ,3, , , , , ,577606, , , ,2,2,0,0,0,0,0,0,0,0,0,1,1,0,0,0,0,0,0,0,0,0,0,0,0,0,0,0,0,0,0,0,0,0,0,4,0,40.0367,-75.0645, , 