wz_ln_closure,objectid_1,crn,district,county,municipality,crash_year,crash_month,day_of_week,time_of_day,hour_of_day,illumination,weather,road_condition,collision_type,relation_to_road,work_zone_type,work_zone_loc,work_zone_ind,intersect_type,tcd_type,location_type,urban_rural,fatal_count,injury_count,person_count,total_units,sch_bus_ind,sch_zone_ind,latitude,longitude,arrival_tm,cons_zone_spd_lim,dispatch_tm,est_hrs_closed,lane_closed,ln_close_dir,ntfy_hiwy_maint,spec_juris_cd,tcd_func_cd,tfc_detour_ind,workers_pres,wz_close_detour,wz_flagger,wz_law_offcr_ind,objectid,wz_moving,wz_other,wz_shlder_mdn,vehicle_count,automobile_count,motorcycle_count,bus_count,small_truck_count,heavy_truck_count,suv_count,van_count,bicycle_count,maj_inj_count,mod_inj_count,min_inj_count,tot_inj_count,unk_inj_deg_count,unk_inj_per_count,driver_count_16yr,driver_count_17yr,driver_count_18yr,driver_count_19yr,driver_count_20yr,driver_count_50_64yr,driver_count_65_74yr,driver_count_75plus,unbelted_occ_count,unb_death_count,unb_maj_inj_count,belted_death_count,belted_maj_inj_count,mcycle_death_count,mcycle_maj_inj_count,bicycle_death_count,bicycle_maj_inj_count,ped_count,ped_death_count,ped_maj_inj_count,max_severity_level,comm_veh_count,dec_lat,dec_long,rdwy_surf_type_cd,county_name
 ,52754,2013101145,6,67,67301,2013,8,7,1130,11,1,1,0,5,1, , ,N,0,0,0,3,0,1,2,2,N, ,39 58:30.237,75 07:05.199,1145, ,1135, ,0, , , ,0, , , , , ,605387, , , ,1,0,0,0,0,0,1,0,1,0,0,1,1,0,0,0,0,0,0,0,0,1,0,0,0,0,0,0,0,0,0,0,0,0,0,4,0,39.9751,-75.1181, , 
 ,52755,2013098385,6,67,67301,2013,8,5,1855,18,1,1,0,8,1, , ,N,2,3,0,3,0,1,2,2,N,N,39 58:18.555,75 14:11.864,1858, ,1857, ,0, ,N, ,3, , , , , ,605394, , , ,1,1,0,0,0,0,0,0,0,0,0,1,1,0,0,0,0,0,0,0,0,1,0,0,0,0,0,0,0,0,0,0,1,0,0,4,0,39.9718,-75.2366, , 
 ,52756,2013121437,6,67,67301,2013,10,3,9999,99,1,1,0,4,9, , ,N,1,2,0,3,0,2,2,2,N,N,40 00:21.051,75 05:46.741,9999, ,9999, ,0, ,N, ,3, , , , , ,605415, , , ,2,1,1,0,0,0,0,0,0,0,0,1,2,1,0,0,0,0,0,0,2,0,0,0,0,0,0,0,0,0,0,0,0,0,0,4,0,40.0058,-75.0963, , 
 ,52757,2013122061,6,67,67301,2013,10,5,600,6,3,1,0,4,1, , ,N,1,2,0,3,0,1,2,2,N,N,39 55:01.859,75 14:46.691,603, ,600, ,0, ,N, ,3, , , , , ,605416, , , ,2,0,0,0,2,0,0,0,0,0,0,1,1,0,0,0,0,0,0,0,0,0,0,2,0,0,0,0,0,0,0,0,0,0,0,4,0,39.9172,-75.2463, , 
 ,52758,2014006851,6,67,67301,2013,12,2,1313,13,1,1,0,1,1, , ,N,1,2,0,3,0,0,2,2,N,N,40 04:11.773,75 09:25.779,1325, ,1321, ,0, , , ,3, , , , , ,608060, , , ,2,1,0,0,0,0,1,0,0,0,0,0,0,0,2,0,0,0,0,0,0,0,0,0,0,0,0,0,0,0,0,0,0,0,0,9,0,40.0699,-75.1572, , 
 ,52759,2014009728,6,67,67301,2013,12,5,2343,23,3,1,0,1,1, , ,N,2,2,0,3,0,1,2,2,N,N,39 55:05.606,75 12:31.561,2347, ,2345,2,2,2,N, ,3,Y, , , , ,608061, , , ,2,1,0,0,0,0,1,0,0,0,0,1,1,0,0,0,0,0,0,0,0,0,0,0,0,0,0,0,0,0,0,0,0,0,0,4,0,39.9182,-75.2088, , 
 ,52760,2014009842,6,67,67301,2013,12,2,1646,16,3,2,1,4,1, , ,N,0,0,7,3,0,1,2,2,N,N,40 02:05.166,75 03:50.427,1705, ,1656,1,1,1,N, ,0,N, , , , ,608062, , , ,2,1,0,0,0,0,1,0,0,0,0,1,1,0,0,0,0,0,0,0,0,0,0,0,0,0,0,0,0,0,0,0,0,0,0,4,0,40.0348,-75.064, , 
 ,52761,2014009857,6,67,67301,2013,12,6,2040,20,3,1,0,1,1, , ,N,0,0,0,3,0,1,3,2,N, ,39 56:51.338,75 10:11.198,2200, ,2150, ,0, , , ,0, , , , , ,608063, , , ,2,2,0,0,0,0,0,0,0,0,0,1,1,0,0,0,0,0,0,0,0,0,0,0,0,0,0,0,0,0,0,0,0,0,0,4,0,39.9476,-75.1698, , 
 ,52762,2014006305,6,67,67301,2013,11,3,9999,99,2,2,1,4,1, , ,N,1,3,0,3,0,1,3,2,N,N,39 59:30.390,75 13:51.801,801, ,750, ,0, ,N, ,3, , , , , ,608114, , , ,2,1,0,0,0,0,1,0,0,0,1,0,1,0,2,0,0,1,0,0,1,0,0,0,0,0,0,0,0,0,0,0,0,0,0,3,0,39.9918,-75.2311, , 
 ,52763,2014114362,6,67,67301,2013,7,6,830,8,1,1,0,1,1, , ,N,0,2,0,3,0,1,2,2,N,N,39 57:06.377,75 09:41.472,0, ,0, ,0, ,N, ,3, , , , , ,608115, , , ,2,1,0,0,0,0,0,0,0,0,0,0,1,1,0,0,0,0,0,0,1,0,0,0,0,0,0,0,0,0,0,0,0,0,0,8,0,39.9518,-75.1615, , 
 ,52764,2013124850,6,67,67301,2013,12,7,444,4,3,1,1,7,3, , ,N,0,0,0,3,0,0,1,1,N,N,39 58:59.020,75 12:28.619,451, ,445, ,0, ,N, ,0, , , , , ,608119, , , ,1,1,0,0,0,0,0,0,0,0,0,0,0,0,0,0,0,0,0,0,0,0,0,0,0,0,0,0,0,0,0,0,0,0,0,0,0,39.9831,-75.2079, , 
 ,52765,2013125953,6,67,67301,2013,11,5,1500,15,1,1,1,8,1, , ,N,2,2,0,3,0,1,2,2,N, ,40 01:52.459,75 01:18.271,1515, ,1508, ,0, , , ,3, , , , , ,608120, , , ,1,0,0,0,0,0,1,0,0,0,0,0,1,1,0,0,0,0,0,0,0,0,0,0,0,0,0,0,0,0,0,0,1,0,0,8,0,40.0312,-75.0217, , 
 ,52766,2014009762,6,67,67301,2013,12,4,744,7,1,4,5,4,1, , ,N,1,3,0,3,0,0,3,2,N,N,40 04:32.980,75 09:52.376,820, ,803,1,1,3,N, ,3,Y, , , , ,608132, , , ,2,1,0,0,0,0,0,1,0,0,0,0,0,0,0,0,0,0,0,0,0,1,0,0,0,0,0,0,0,0,0,0,0,0,0,0,0,40.0758,-75.1645, , 
 ,52767,2014009832,6,67,67301,2013,12,3,2129,21,3,1,0,1,1, , ,N,0,0,0,3,0,1,2,2,N,N,40 02:07.728,75 10:29.895,2130, ,2129, ,0, ,N, ,0, , , , , ,608133, , , ,2,2,0,0,0,0,0,0,0,0,0,0,1,1,1,0,0,0,0,0,1,0,0,0,0,0,0,0,0,0,0,0,0,0,0,8,0,40.0355,-75.175, , 
 ,52768,2013103957,6,67,67301,2013,9,6,1524,15,1,1,0,1,1, , ,N,0,0,0,3,0,0,2,2,N, ,40 05:06.051,75 02:11.053,1526, ,1524,1,1,4, , ,0,N, , , , ,608135, , , ,2,2,0,0,0,0,0,0,0,0,0,0,0,0,0,0,0,0,0,0,1,0,0,0,0,0,0,0,0,0,0,0,0,0,0,0,0,40.085,-75.0364, , 
 ,52769,2013114471,6,67,67301,2013,10,1,1940,19,3,1,0,8,1, , ,N,0,0,0,3,0,1,2,2,N,N,39 56:45.521,75 14:23.102,2002, ,1950, ,0, ,N, ,0, , , , , ,608141, , , ,1,1,0,0,0,0,0,0,0,0,0,0,1,1,0,0,0,0,0,0,0,0,0,0,0,0,0,0,0,0,0,0,1,0,0,8,0,39.946,-75.2398, , 
 ,52770,2013121551,6,67,67301,2013,11,1,1405,14,1,1,0,4,1, , ,N,1,3,0,3,0,1,3,2,N,N,39 59:03.490,75 09:41.824,1408, ,1408, ,0, ,N, ,3, , , , , ,608144, , , ,2,0,0,0,0,0,2,0,0,0,0,1,1,0,0,0,0,0,1,0,1,0,0,1,0,0,0,0,0,0,0,0,0,0,0,4,0,39.9843,-75.1616, , 
 ,52771,2013125878,6,67,67301,2013,11,3,2306,23,3,1,0,7,4, , ,N,3,2,0,3,0,1,1,1,N,N,40 02:50.984,75 06:44.541,2335, ,2327, ,0, ,N, ,3, , , , , ,608149, , , ,1,1,0,0,0,0,0,0,0,0,0,1,1,0,0,0,0,0,0,0,0,0,0,0,0,0,0,0,0,0,0,0,0,0,0,4,0,40.0475,-75.1124, , 
 ,52772,2013125941,6,67,67301,2013,11,6,9999,99,1,1,8,8,1, , ,N,1,2,0,3,0,1,2,2,N,N,39 58:08.111,75 08:10.324,1535, ,1525,1,2,6,N, ,3,Y, , , , ,608150, , , ,1,1,0,0,0,0,0,0,0,1,0,0,1,0,0,0,0,0,0,0,0,0,0,0,0,0,0,0,0,0,0,0,1,0,1,2,0,39.9688,-75.1362, , 
 ,52773,2013130073,6,67,67301,2013,11,4,2305,23,3,1,0,5,6, , ,N,0,0,0,3,0,0,1,2,N,N,40 04:25.424,74 59:17.667,2311, ,2308, ,0, ,N, ,0, , , , , ,608160, , , ,2,1,0,0,1,0,0,0,0,0,0,0,0,0,0,0,0,0,1,0,0,0,0,0,0,0,0,0,0,0,0,0,0,0,0,0,0,40.0737,-74.9882, , 
 ,52774,2013131717,6,67,67301,2013,12,1,1150,11,1,1,1,1,1, , ,N,6,4,2,3,0,0,7,2,N,N,39 56:44.163,75 11:24.252,1205, ,1150,1,2,3,N, ,3,N, , , , ,608165, , , ,2,2,0,0,0,0,0,0,0,0,0,0,0,0,0,0,0,0,0,0,0,0,0,0,0,0,0,0,0,0,0,0,0,0,0,0,0,39.9456,-75.1901, , 
 ,52775,2014009738,6,67,67301,2013,11,3,1733,17,3,2,1,4,1, , ,N,1,2,0,3,0,1,2,2,N, ,39 57:50.459,75 10:28.036,1820, ,1818, ,0, , , ,3, , , , , ,608168, , , ,2,2,0,0,0,0,0,0,0,0,0,0,1,1,0,0,0,0,0,0,0,0,0,0,0,0,0,0,0,0,0,0,0,0,0,8,0,39.964,-75.1745, , 
 ,52776,2014024362,6,67,67301,2013,12,1,2019,20,3,2,1,5,1, , ,N,6,4,2,3,0,1,4,3,N,N,40 06:32.507,74 59:44.998,2024, ,2019,1,1,2,N, ,3,N, , , , ,613380, , , ,3,3,0,0,0,0,0,0,0,0,0,1,1,0,0,0,0,0,0,0,0,1,0,0,0,0,0,0,0,0,0,0,0,0,0,4,0,40.109,-74.9958, , 
 ,52777,2013118938,6,67,67301,2013,11,1,1648,16,1,1,0,1,1, , ,N,0,0,0,3,0,1,7,2,N,N,40 01:18.471,75 02:20.844,1659, ,1648, ,0, ,N, ,0, , , , , ,613393, , , ,2,0,0,0,1,0,1,0,0,0,0,0,1,1,0,0,0,0,0,0,0,0,0,0,0,0,0,0,0,0,0,0,0,0,0,8,0,40.0217,-75.0393, , 
 ,52778,2013133081,6,67,67301,2013,11,1,2300,23,3,1,0,1,1, , ,N,1,2,0,3,0,1,3,2,N,N,40 00:04.122,75 07:29.036,2310, ,2305, ,0, ,N, ,3, , , , , ,613404, , , ,2,1,0,0,0,0,0,1,0,0,0,1,1,0,0,0,0,0,0,0,0,0,0,0,0,0,0,0,0,0,0,0,0,0,0,4,0,40.0011,-75.1247, , 
Y,52779,2014006875,6,67,67301,2013,12,3,730,7,1,9,3,6,1,1,3,Y,0,0,0,3,0,1,2,3,N, ,40 03:01.486,75 13:54.051,747,99,743,9,1,3, , ,0,N,U, , ,U,613411, , , ,2,1,0,0,0,0,1,0,0,0,0,1,1,0,0,0,0,0,0,0,1,0,0,0,0,0,0,0,0,0,0,0,0,0,0,4,0,40.0504,-75.2317, , 
 ,52780,2014013029,6,67,67301,2013,12,5,1530,15,1,1,0,4,1, , ,N,1,2,0,3,0,2,5,2,N,N,40 00:31.197,75 04:08.216,1540, ,1533, ,0, ,N, ,3, , , , , ,613413, , , ,2,0,0,0,1,0,1,0,0,0,0,0,2,2,0,0,0,0,0,0,1,0,0,0,0,0,0,0,0,0,0,0,0,0,0,8,0,40.0086,-75.0688, , 
 ,52781,2013125895,6,67,67301,2013,11,4,1515,15,1,1,0,4,1, , ,N,1,2,0,3,0,2,2,2,N,N,40 02:55.935,75 02:42.511,1526, ,1525, ,0, ,N, ,3, , , , , ,613428, , , ,2,1,0,0,0,0,1,0,0,0,2,0,2,0,0,0,0,0,0,0,2,0,0,0,0,0,0,0,0,0,0,0,0,0,0,3,0,40.0489,-75.0451, , 
 ,52782,2013121395,6,67,67301,2013,11,2,1042,10,1,1,0,4,1, , ,N,1,2,0,3,0,2,2,2,N,N,40 05:04.029,75 02:18.148,1043, ,1043,1,1,1,N, ,3,N, , , , ,613439, , , ,2,2,0,0,0,0,0,0,0,0,0,2,2,0,0,0,0,0,0,0,0,0,0,0,0,0,0,0,0,0,0,0,0,0,0,4,0,40.0845,-75.0384, , 
 ,52783,2013126986,6,67,67301,2013,11,6,747,7,1,1,0,1,1, , ,N,0,0,0,3,0,1,7,4,N,N,40 05:58.959,75 00:39.657,815, ,810, ,0, , , ,0, , , , , ,613447, , , ,4,4,0,0,0,0,0,0,0,0,0,0,1,1,0,0,0,0,0,0,1,0,0,1,0,0,0,0,0,0,0,0,0,0,0,8,0,40.0997,-75.011, , 
 ,52784,2013130102,6,67,67301,2013,11,7,125,1,3,2,1,7,5, , ,N,0,0,0,3,0,1,1,1,N, ,40 04:25.884,75 02:03.951,140, ,135, ,0, , , ,0, , , , , ,613451, , , ,1,0,0,0,1,0,0,0,0,0,0,1,1,0,0,0,0,0,0,0,0,0,0,1,0,0,0,0,0,0,0,0,0,0,0,4,0,40.0739,-75.0344, , 
 ,52785,2014006477,6,67,67301,2013,12,3,1522,15,1,1,0,1,1, , ,N,0,0,0,3,0,0,2,2,N,N,39 58:54.248,75 06:06.836,1556, ,1527, ,0, ,N, ,0, , , , , ,613456, , , ,2,1,0,0,0,0,1,0,0,0,0,0,0,0,0,0,0,0,0,0,1,0,0,0,0,0,0,0,0,0,0,0,0,0,0,0,0,39.9817,-75.1019, , 
 ,52786,2013126004,6,67,67301,2013,11,6,420,4,3,1,0,5,1, , ,N,0,0,0,3,0,0,3,3,N,N,40 01:14.374,75 09:23.336,426, ,422, ,0, ,N, ,0, , , , , ,613459, , , ,3,3,0,0,0,0,0,0,0,0,0,0,0,0,0,0,0,0,0,0,0,0,0,0,0,0,0,0,0,0,0,0,0,0,0,0,0,40.0207,-75.1565, , 
 ,52787,2014006877,6,67,67301,2013,12,1,1905,19,3,1,0,6,2, , ,N,0,0,0,3,0,1,1,3,N, ,40 00:47.718,75 07:09.076,1907, ,1905, ,0, , , ,0, , , , , ,613472, , , ,3,1,0,0,1,0,1,0,0,0,0,1,1,0,0,0,0,0,0,0,0,0,0,1,0,0,0,0,0,0,0,0,0,0,0,4,0,40.0133,-75.1192, , 
 ,52788,2013129427,6,67,67301,2013,2,2,1520,15,1,1,0,8,1, , ,N,2,0,0,3,0,1,2,2,N, ,40 04:46.257,74 59:02.813,1540, ,1530, ,0, , , ,0, , , , , ,613482, , , ,1,0,0,0,1,0,0,0,0,0,0,0,1,1,1,0,0,0,0,0,0,0,0,0,0,0,0,0,0,0,0,0,1,0,0,8,0,40.0795,-74.9841, , 
 ,52789,2014002807,6,67,67301,2013,11,6,850,8,1,1,0,4,1, , ,N,1,2,7,3,0,2,2,2,N, ,39 55:16.534,75 11:37.854,857, ,852,9,1,4,N, ,3,N, , , , ,613492, , , ,2,2,0,0,0,0,0,0,0,0,0,2,2,0,0,0,0,0,0,0,0,0,0,0,0,0,0,0,0,0,0,0,0,0,0,4,0,39.9211,-75.1938, , 
 ,52790,2014022461,6,67,67301,2013,12,6,1520,15,1,1,0,1,1, , ,N,2,2,0,3,0,1,6,2,N,N,39 59:03.581,75 15:38.563,1524, ,1520, ,0, ,N, ,3, , , , , ,613494, , , ,2,2,0,0,0,0,0,0,0,0,0,1,1,0,0,0,0,0,0,0,0,0,0,0,0,0,0,0,0,0,0,0,0,0,0,4,0,39.9842,-75.2607, , 
 ,52791,2014006826,6,67,67301,2013,12,2,908,9,1,1,0,4,1, , ,N,2,3,0,3,0,0,2,3,N,N,40 01:07.960,75 07:42.178,940, ,935, ,0, ,N, ,3, , , , , ,613506, , , ,3,2,0,0,0,0,1,0,0,0,0,0,0,0,0,0,0,0,0,0,0,0,1,0,0,0,0,0,0,0,0,0,0,0,0,0,0,40.0189,-75.1284, , 
 ,52792,2013117097,6,67,67301,2013,11,6,1836,18,3,1,0,1,1, , ,N,0,0,0,3,0,0,4,2,N,N,39 57:57.038,75 08:12.410,1849, ,1840, ,0, ,N, ,0, , , , , ,613508, , , ,2,2,0,0,0,0,0,0,0,0,0,0,0,0,0,0,0,0,0,0,1,0,0,0,0,0,0,0,0,0,0,0,0,0,0,0,0,39.9658,-75.1368, , 
 ,52793,2013114445,6,67,67301,2013,10,2,1815,18,1,1,0,1,1, , ,N,0,0,0,3,0,1,2,2,N,N,39 56:35.739,75 09:45.176,2120, ,2116, ,0, ,N, ,0, , , , , ,613529, , , ,1,0,0,0,0,0,1,0,1,0,0,1,1,0,1,0,0,0,0,0,0,0,0,0,0,0,0,0,0,0,0,0,0,0,0,4,0,39.9433,-75.1625, , 
 ,52794,2013115353,6,67,67301,2013,10,7,817,8,3,1,0,4,1, , ,N,1,2,0,3,0,0,2,2,N,N,39 55:38.874,75 13:54.199,837, ,828,2,2,1, , ,3,Y, , , , ,610988, , , ,2,2,0,0,0,0,0,0,0,0,0,0,0,0,0,0,0,0,0,0,0,0,0,0,0,0,0,0,0,0,0,0,0,0,0,0,0,39.9275,-75.2317, , 
 ,52795,2013125401,6,67,67301,2013,12,5,221,2,3,2,1,5,1, , ,N,0,0,0,3,0,0,2,2,N,N,39 59:24.676,75 12:19.735,225, ,222,2,1,3,N, ,0,N, , , , ,610991, , , ,2,2,0,0,0,0,0,0,0,0,0,0,0,0,0,0,0,0,0,0,1,0,0,0,0,0,0,0,0,0,0,0,0,0,0,0,0,39.9902,-75.2055, , 
 ,52796,2014006316,6,67,67301,2013,12,7,9999,99,3,4,1,8,1, , ,N,1,0,0,3,0,1,2,2,N,N,40 02:35.556,75 07:18.375,1804, ,1801, ,0, ,N, ,0, , , , , ,610999, , , ,1,1,0,0,0,0,0,0,0,0,0,1,1,0,1,0,0,0,0,0,0,0,0,1,0,0,0,0,0,0,0,0,1,0,0,4,0,40.0432,-75.1218, , 
 ,52797,2013112708,6,67,67301,2013,10,7,1232,12,1,1,0,1,1, , ,N,1,3,0,3,0,4,7,3,N,N,40 02:40.164,75 10:46.503,1244, ,1242,9,1,3,N, ,3,N, , , , ,611001, , , ,3,3,0,0,0,0,0,0,0,0,0,4,4,0,0,0,0,0,0,0,1,0,0,0,0,0,0,0,0,0,0,0,0,0,0,4,0,40.0445,-75.1796, , 
 ,52798,2014019132,6,67,67301,2013,9,2,855,8,1,1,0,8,1, , ,N,1,3,0,3,0,1,2,2,N, ,40 02:47.384,75 05:24.289,901, ,855, ,0, , , ,3, , , , , ,611036, , , ,1,0,0,0,0,0,0,1,0,0,0,1,1,0,1,0,0,0,0,0,0,0,0,0,0,0,0,0,0,0,0,0,1,0,0,4,0,40.0465,-75.0901, , 
 ,52799,2013121540,6,67,67301,2013,10,5,610,6,1,1,0,4,1, , ,N,1,3,0,3,0,2,2,2,N, ,40 02:16.440,75 02:50.675,1705, ,1641, ,0, ,N, ,3, , , , , ,611047, , , ,2,0,0,0,0,0,2,0,0,0,0,1,2,1,0,0,0,1,0,0,0,0,0,0,0,0,0,0,0,0,0,0,0,0,0,4,0,40.0379,-75.0474, , 
 ,52800,2013129497,6,67,67301,2013,11,3,1801,18,3,1,0,4,1, , ,N,1,2,0,3,0,2,2,2,N, ,39 59:27.713,75 06:05.900,1836, ,1801,3,2,6, , ,3,Y, , , , ,611053, , , ,2,1,1,0,0,0,0,0,0,1,0,0,2,1,0,0,0,0,1,0,0,0,0,1,0,0,0,0,0,1,0,0,0,0,0,2,0,39.9909,-75.1016, , 
N,52801,2013098057,6,67,67301,2013,9,1,130,1,3,2,7,1,1,1,4,Y,0,0,0,3,0,2,6,3,N,N,40 01:22.121,75 02:11.528,135,45,135,2,2,2,N, ,0,N,N,N,N,N,611067,N,N,Y,3,1,0,0,2,0,0,0,0,0,2,0,2,0,0,0,0,0,0,0,0,0,1,0,0,0,0,0,0,0,0,0,0,0,0,3,0,40.0228,-75.0365, , 
 ,52802,2013106725,6,67,67301,2013,9,4,44,0,3,1,0,5,6, , ,N,0,0,0,3,0,1,1,7,N,N,39 58:31.130,75 10:19.290,53, ,52,2,1,1,N, ,0,N, , , , ,611072, , , ,7,5,0,0,0,0,2,0,0,1,0,0,1,0,0,0,0,0,0,0,0,0,0,1,0,1,0,0,0,0,0,0,0,0,0,2,0,39.9753,-75.172, , 
 ,52803,2013111791,6,67,67301,2013,10,5,918,9,1,1,0,4,1, , ,N,0,0,7,3,0,0,2,2,N,N,39 54:32.234,75 10:50.473,930, ,920, ,0, ,N, ,0, , , , , ,611077, , , ,2,1,0,0,0,0,1,0,0,0,0,0,0,0,0,0,0,0,0,0,1,0,0,0,0,0,0,0,0,0,0,0,0,0,0,0,0,39.909,-75.1807, , 
 ,52804,2013086930,6,67,67301,2013,8,1,1238,12,1,1,0,8,1, , ,N,0,0,7,3,0,1,2,2,N, ,40 03:48.715,74 59:07.052,1250, ,1240, ,0, , , ,0, , , , , ,611110, , , ,1,1,0,0,0,0,0,0,0,0,0,0,1,1,0,0,0,0,0,0,1,0,0,1,0,0,0,0,0,0,0,0,1,0,0,8,0,40.0635,-74.9853, , 
 ,52805,2013101227,6,67,67301,2013,9,4,828,8,1,1,0,4,1, , ,N,2,3,0,3,0,2,2,2,N,N,39 54:14.630,75 13:34.143,835, ,829,2,1,2, , ,3,N, , , , ,611125, , , ,2,2,0,0,0,0,0,0,0,0,0,0,2,2,0,0,0,0,0,0,0,0,0,0,0,0,0,0,0,0,0,0,0,0,0,8,0,39.9041,-75.2262, , 
 ,52806,2013104771,6,67,67301,2013,10,6,851,8,1,1,0,1,1, , ,N,0,0,0,3,0,0,2,2,N,N,39 57:28.950,75 09:50.228,911, ,852, ,0, ,N, ,0, , , , , ,611132, , , ,2,2,0,0,0,0,0,0,0,0,0,0,0,0,0,0,0,0,0,0,1,0,0,1,0,0,0,0,0,0,0,0,0,0,0,0,0,39.958,-75.164, , 
 ,52807,2013121413,6,67,67301,2013,10,7,1954,19,1,1,0,4,1, , ,N,1,3,0,3,0,2,4,2,N,N,39 58:18.116,75 14:16.011,1954, ,1954, ,0, ,N, ,3, , , , , ,611146, , , ,2,2,0,0,0,0,0,0,0,0,0,0,2,2,1,0,0,0,0,0,0,0,0,0,0,0,0,0,0,0,0,0,0,0,0,8,0,39.9717,-75.2378, , 
 ,52808,2014002951,6,67,67301,2013,12,6,2353,23,3,1,0,1,1, , ,N,0,0,0,3,0,2,4,3,N,N,39 57:42.144,75 10:57.762,2353, ,2353,1,1,3,N, ,0,N, , , , ,611157, , , ,3,2,0,0,0,0,0,1,0,0,0,0,2,2,0,0,0,0,0,0,0,0,0,2,0,0,0,0,0,0,0,0,0,0,0,8,0,39.9617,-75.1827, , 
 ,52809,2013108642,6,67,67301,2013,10,7,2332,23,3,1,0,7,2, , ,N,6,0,2,3,0,1,1,1,N,N,39 57:06.152,75 08:29.297,2345, ,2334,2,1,4,N, ,0,Y, , , , ,611170, , , ,1,1,0,0,0,0,0,0,0,0,0,0,1,1,0,0,0,0,0,0,1,0,0,0,0,0,0,0,0,0,0,0,0,0,0,8,0,39.9517,-75.1415, , 
 ,52810,2014013722,6,67,67301,2013,12,6,515,5,3,2,1,7,5, , ,N,0,0,0,3,0,0,1,1,N,N,39 56:01.327,75 12:00.212,524, ,518,1,1,3,N, ,0,N, , , , ,611210, , , ,1,0,0,0,0,0,1,0,0,0,0,0,0,0,0,0,0,0,0,0,1,0,0,0,0,0,0,0,0,0,0,0,0,0,0,0,0,39.9336,-75.2001, , 
 ,52811,2013072199,6,67,67301,2013,6,1,1704,17,1,1,0,4,1, , ,N,1,2,0,3,0,3,4,2,N, ,40 04:16.614,75 02:17.825,1710, ,1704,1,1,2, , ,3,N, , , , ,611216, , , ,2,1,0,0,0,0,0,1,0,0,0,3,3,0,0,0,0,0,1,0,0,0,0,0,0,0,0,0,0,0,0,0,0,0,0,4,0,40.0713,-75.0383, , 
 ,52812,2014002790,6,67,67301,2013,11,6,1450,14,1,1,1,5,2, , ,N,0,0,0,3,0,0,1,2,N, ,39 56:30.228,75 09:14.119,1455, ,1450, ,0, , , ,0, , , , , ,605426, , , ,2,1,0,0,0,0,1,0,0,0,0,0,0,0,0,0,0,0,0,0,0,0,0,1,0,0,0,0,0,0,0,0,0,0,0,0,0,39.9417,-75.1539, , 
 ,52813,2014013587,6,67,67301,2013,12,2,2035,20,3,2,1,8,1, , ,N,1,2,0,3,0,2,3,3,N, ,40 01:32.829,75 07:58.227,2040, ,2038, ,0, , , ,3, , , , , ,605428, , , ,1,0,0,0,0,0,0,0,0,0,0,2,2,0,0,0,0,0,0,0,0,0,0,0,0,0,0,0,0,0,0,0,2,0,0,4,0,40.0258,-75.1328, , 
 ,52814,2013101103,6,67,67301,2013,9,6,2106,21,3,1,0,7,5, , ,N,2,3,0,3,0,0,1,1,N,Y,40 02:27.276,75 07:42.740,2112, ,2108, ,0, ,N, ,3, , , , , ,605432, , , ,1,1,0,0,0,0,0,0,0,0,0,0,0,0,0,0,0,0,0,0,0,0,0,0,0,0,0,0,0,0,0,0,0,0,0,0,0,40.0409,-75.1285, , 
 ,52815,2013111720,6,67,67301,2013,9,5,2034,20,3,1,0,4,1, , ,N,1,2,0,3,0,0,5,2,N,N,40 04:02.966,75 10:45.507,2056, ,2047,2,1,2,N, ,3,N, , , , ,605442, , , ,2,2,0,0,0,0,0,0,0,0,0,0,0,0,0,0,0,0,0,1,0,0,0,0,0,0,0,0,0,0,0,0,0,0,0,0,0,40.0675,-75.1793, , 
 ,52816,2013114467,6,67,67301,2013,9,5,2300,23,6,9,8,8,1, , ,N,1,2,0,3,0,1,2,2,N,N,39 57:51.984,75 08:03.331,102, ,54, ,0, ,N, ,3, , , , , ,605446, , , ,1,1,0,0,0,0,0,0,0,0,0,0,1,1,0,0,0,0,0,0,0,0,0,0,0,0,0,0,0,0,0,0,1,0,0,8,0,39.9644,-75.1343, , 
 ,52817,2014000978,6,67,67301,2013,11,7,805,8,1,1,0,4,1, , ,N,1,2,0,3,0,3,5,3,N, ,40 03:15.541,75 04:17.098,810, ,805, ,0, , , ,3, , , , , ,605482, , , ,3,0,0,0,1,0,2,0,0,0,0,3,3,0,0,0,0,0,0,0,0,0,0,0,0,0,0,0,0,0,0,0,0,0,0,4,0,40.0544,-75.0717, , 
 ,52818,2014001113,6,67,67301,2013,11,6,1530,15,1,2,1,5,1, , ,N,1,2,0,3,0,2,3,2,N, ,40 02:06.512,75 06:29.945,1645, ,1635, ,0, , , ,3, , , , , ,605483, , , ,2,2,0,0,0,0,0,0,0,0,0,1,2,1,0,0,0,0,0,0,1,0,0,0,0,0,0,0,0,0,0,0,0,0,0,4,0,40.0353,-75.1085, , 
 ,52819,2014019087,6,67,67301,2013,3,7,2020,20,3,1,0,4,1, , ,N,1,2,0,3,0,2,2,2,N, ,39 56:28.421,75 12:33.849,2031, ,2029, ,0, , , ,3, , , , , ,605487, , , ,2,2,0,0,0,0,0,0,0,0,0,0,2,2,0,0,0,0,0,0,0,1,0,0,0,0,0,0,0,0,0,0,0,0,0,8,0,39.9412,-75.2094, , 