wz_ln_closure,objectid_1,crn,district,county,municipality,crash_year,crash_month,day_of_week,time_of_day,hour_of_day,illumination,weather,road_condition,collision_type,relation_to_road,work_zone_type,work_zone_loc,work_zone_ind,intersect_type,tcd_type,location_type,urban_rural,fatal_count,injury_count,person_count,total_units,sch_bus_ind,sch_zone_ind,latitude,longitude,arrival_tm,cons_zone_spd_lim,dispatch_tm,est_hrs_closed,lane_closed,ln_close_dir,ntfy_hiwy_maint,spec_juris_cd,tcd_func_cd,tfc_detour_ind,workers_pres,wz_close_detour,wz_flagger,wz_law_offcr_ind,objectid,wz_moving,wz_other,wz_shlder_mdn,vehicle_count,automobile_count,motorcycle_count,bus_count,small_truck_count,heavy_truck_count,suv_count,van_count,bicycle_count,maj_inj_count,mod_inj_count,min_inj_count,tot_inj_count,unk_inj_deg_count,unk_inj_per_count,driver_count_16yr,driver_count_17yr,driver_count_18yr,driver_count_19yr,driver_count_20yr,driver_count_50_64yr,driver_count_65_74yr,driver_count_75plus,unbelted_occ_count,unb_death_count,unb_maj_inj_count,belted_death_count,belted_maj_inj_count,mcycle_death_count,mcycle_maj_inj_count,bicycle_death_count,bicycle_maj_inj_count,ped_count,ped_death_count,ped_maj_inj_count,max_severity_level,comm_veh_count,dec_lat,dec_long,rdwy_surf_type_cd,county_name
 ,53152,2013123050,6,67,67301,2013,11,4,2318,23,3,1,0,4,1, , ,N,1,2,0,3,0,1,2,2,N,N,39 55:25.798,75 14:12.901,2318, ,2318, ,0, ,N, ,3, , , , , ,614458, , , ,2,1,0,0,1,0,0,0,0,0,0,0,1,1,0,0,0,0,0,0,0,0,0,0,0,0,0,0,0,0,0,0,0,0,0,8,0,39.9238,-75.2369, , 
 ,53153,2013124657,6,67,67301,2013,11,7,946,9,1,1,0,7,2, , ,N,0,0,0,3,0,0,1,1,N,N,40 01:06.877,75 10:59.390,950, ,946, ,0, ,N, ,0, , , , , ,614472, , , ,1,0,0,0,1,0,0,0,0,0,0,0,0,0,0,0,0,0,0,0,0,0,0,0,0,0,0,0,0,0,0,0,0,0,0,0,0,40.0186,-75.1832, , 
 ,53154,2014010174,6,67,67301,2013,12,6,54,0,3,2,1,7,5, , ,N,0,0,0,3,0,1,1,1,N,N,39 58:57.309,75 12:27.900,104, ,56,1,1,4,N, ,0,N, , , , ,614487, , , ,1,1,0,0,0,0,0,0,0,0,0,1,1,0,0,0,0,0,0,0,0,0,0,0,0,0,0,0,0,0,0,0,0,0,0,4,0,39.9826,-75.2078, , 
 ,53155,2013111868,6,67,67301,2013,10,2,1503,15,1,2,1,7,2, , ,N,0,0,0,3,0,0,2,1,N, ,39 58:19.489,75 11:23.837,1508, ,1504,1,1,1, , ,0,N, , , , ,614490, , , ,1,1,0,0,0,0,0,0,0,0,0,0,0,0,0,0,0,0,0,0,0,0,0,0,0,0,0,0,0,0,0,0,0,0,0,0,0,39.9721,-75.19, , 
 ,53156,2013111892,6,67,67301,2013,10,7,2000,20,3,2,1,5,2, , ,N,0,0,0,3,0,2,3,2,N,N,40 00:24.447,75 08:34.427,2000, ,2000, ,0, ,N, ,0, , , , , ,614491, , , ,2,2,0,0,0,0,0,0,0,0,0,2,2,0,1,0,0,0,0,1,0,0,0,0,0,0,0,0,0,0,0,0,0,0,0,4,0,40.0068,-75.1429, , 
 ,53157,2013121350,6,67,67301,2013,11,6,213,2,3,1,1,7,5, , ,N,0,0,0,3,0,1,1,1,N, ,40 00:33.411,75 10:05.068,227, ,225, ,0, , , ,0, , , , , ,614499, , , ,1,0,0,0,0,0,1,0,0,0,0,1,1,0,0,0,0,0,0,0,0,0,0,0,0,0,0,0,0,0,0,0,0,0,0,4,0,40.0093,-75.1681, , 
 ,53158,2013126006,6,67,67301,2013,11,5,125,1,3,1,0,4,1, , ,N,1,0,0,3,0,1,2,2,N,N,40 01:57.288,75 05:29.158,129, ,125,2,1,1,N, ,0,N, , , , ,611870, , , ,2,1,0,0,0,0,1,0,0,0,0,0,1,1,0,0,0,0,0,0,1,0,0,0,0,0,0,0,0,0,0,0,0,0,0,8,0,40.0326,-75.0914, , 
 ,53159,2014009671,6,67,67301,2013,12,1,1900,19,3,2,1,1,1, , ,N,0,0,0,3,0,0,2,2,N,N,39 55:30.368,75 11:36.571,1910, ,1904, ,0, ,N, ,0, , , , , ,611878, , , ,2,1,0,0,0,0,1,0,0,0,0,0,0,0,0,0,0,0,0,0,0,0,0,0,0,0,0,0,0,0,0,0,0,0,0,0,0,39.9251,-75.1935, , 
 ,53160,2014009866,6,67,67301,2013,12,5,748,7,1,1,0,1,1, , ,N,0,0,7,3,0,0,3,2,N, ,40 03:14.502,75 04:15.926,749, ,748, ,0, , , ,0, , , , , ,611879, , , ,2,1,0,0,0,0,1,0,0,0,0,0,0,0,0,0,0,0,0,0,1,0,0,0,0,0,0,0,0,0,0,0,0,0,0,0,0,40.054,-75.0711, , 
 ,53161,2013104375,6,67,67301,2013,9,7,1813,18,1,1,0,4,1, , ,N,2,3,0,3,0,0,2,2,N,N,40 05:06.788,75 02:54.193,1828, ,1826,1,1,3,N, ,3,N, , , , ,611886, , , ,2,1,0,0,0,0,1,0,0,0,0,0,0,0,0,0,0,0,0,0,0,0,0,0,0,0,0,0,0,0,0,0,0,0,0,0,0,40.0852,-75.0484, , 
 ,53162,2013121487,6,67,67301,2013,11,6,1140,11,1,2,1,1,1, , ,N,0,0,0,3,0,0,2,2,N, ,40 06:02.278,75 01:24.446,1150, ,1148, ,0, ,N, ,0, , , , , ,611900, , , ,2,2,0,0,0,0,0,0,0,0,0,0,0,0,0,0,0,0,0,0,1,0,1,0,0,0,0,0,0,0,0,0,0,0,0,0,0,40.1006,-75.0235, , 
 ,53163,2013125391,6,67,67301,2013,10,5,348,3,3,2,1,4,1, , ,N,0,0,0,3,0,0,1,2,N,N,39 53:34.047,75 13:32.423,402, ,353,2,2,2,N, ,0,Y, , , , ,611905, , , ,2,2,0,0,0,0,0,0,0,0,0,0,0,0,0,0,0,0,0,0,0,0,0,0,0,0,0,0,0,0,0,0,0,0,0,0,0,39.8928,-75.2257, , 
 ,53164,2014000559,6,67,67301,2013,12,7,229,2,3,1,0,1,1, , ,N,0,0,0,3,0,0,3,2,N,N,39 56:18.053,75 08:38.427,237, ,230, ,0, ,N, ,0, , , , , ,611917, , , ,2,2,0,0,0,0,0,0,0,0,0,0,0,0,0,0,0,0,0,0,0,0,0,0,0,0,0,0,0,0,0,0,0,0,0,0,0,39.9383,-75.144, , 
 ,53165,2014003304,6,67,67301,2013,12,5,1220,12,1,1,0,4,1, , ,N,1,0,0,3,0,0,3,2,N,N,39 58:13.265,75 08:50.565,1228, ,1222, ,0, ,N, ,0, , , , , ,611918, , , ,2,2,0,0,0,0,0,0,0,0,0,0,0,0,0,0,0,0,0,0,0,0,0,0,0,0,0,0,0,0,0,0,0,0,0,0,0,39.9704,-75.1474, , 
 ,53166,2014022791,6,67,67301,2013,12,4,127,1,3,1,0,5,1, , ,N,0,0,0,3,0,1,1,3,N,N,39 58:45.102,75 07:20.145,135, ,130,9,2,3, , ,0,Y, , , , ,611919, , , ,3,2,0,0,0,0,1,0,0,0,0,0,1,1,0,0,0,0,0,0,1,0,0,0,0,0,0,0,0,0,0,0,0,0,0,8,0,39.9792,-75.1223, , 
 ,53167,2013109424,6,67,67301,2013,9,7,215,2,3,1,0,1,6, , ,N,0,0,0,3,0,0,1,3,N,N,40 04:21.647,75 10:43.404,217, ,217, ,0, ,N, ,0, , , , , ,611933, , , ,3,1,0,0,0,0,1,1,0,0,0,0,0,0,0,0,0,0,0,0,0,0,0,0,0,0,0,0,0,0,0,0,0,0,0,0,0,40.0727,-75.1787, , 
 ,53168,2013122981,6,67,67301,2013,11,4,2339,23,3,1,0,2,1, , ,N,1,2,0,3,0,1,2,2,N,N,40 02:04.023,75 06:53.623,2352, ,2343, ,0, ,N, ,3, , , , , ,611973, , , ,2,0,1,0,0,0,1,0,0,0,0,0,1,1,0,0,0,0,0,0,0,0,0,0,0,0,0,0,0,0,0,0,0,0,0,8,0,40.0345,-75.1149, , 
 ,53169,2013125995,6,67,67301,2013,11,1,935,9,1,1,0,4,1, , ,N,1,3,0,3,0,1,3,2,N,N,39 57:34.066,75 13:37.293,955, ,940, ,0, ,N, ,3, , , , , ,611976, , , ,2,2,0,0,0,0,0,0,0,0,0,1,1,0,0,0,0,0,0,0,0,1,0,0,0,0,0,0,0,0,0,0,0,0,0,4,0,39.9595,-75.227, , 
 ,53170,2013096001,6,67,67301,2013,8,4,1630,16,1,1,0,8,1, , ,N,2,0,0,3,0,1,2,2,N, ,40 01:22.616,75 13:09.501,1639, ,1636, ,0, , , ,0, , , , , ,611992, , , ,1,1,0,0,0,0,0,0,0,0,0,0,1,1,0,0,0,0,0,0,0,0,0,0,0,0,0,0,0,0,0,0,1,0,0,8,0,40.0229,-75.2193, , 
 ,53171,2013098444,6,67,67301,2013,8,1,1725,17,1,1,0,4,1, , ,N,1,3,0,3,0,0,2,2,N,N,39 58:40.742,75 14:54.067,1726, ,1726, ,0, ,N, ,3, , , , , ,611994, , , ,2,2,0,0,0,0,0,0,0,0,0,0,0,0,0,0,0,0,0,0,0,1,0,1,0,0,0,0,0,0,0,0,0,0,0,0,0,39.978,-75.2484, , 
Y,53172,2013098526,6,67,67301,2013,10,4,1730,17,1,1,0,1,1,1,2,Y,0,0,0,3,0,0,2,2,N,N,39 53:55.455,75 10:13.022,1751,45,1735, ,0, ,N, ,0, ,N,N,N,N,611995,N,N,Y,2,2,0,0,0,0,0,0,0,0,0,0,0,0,0,0,0,0,0,0,0,0,0,0,0,0,0,0,0,0,0,0,0,0,0,0,0,39.8987,-75.1703, , 
 ,53173,2013101061,6,67,67301,2013,9,2,1525,15,1,1,0,4,1, , ,N,1,2,0,3,0,1,2,2,N,N,39 57:44.547,75 09:41.289,1835, ,1830, ,0, ,N, ,3, , , , , ,611999, , , ,2,1,0,0,1,0,0,0,0,0,0,1,1,0,0,0,0,0,0,0,0,0,0,2,0,0,0,0,0,0,0,0,0,0,0,4,0,39.9621,-75.1614, , 
 ,53174,2013122978,6,67,67301,2013,11,3,1300,13,1,1,0,1,1, , ,N,0,0,0,3,0,1,3,2,N, ,39 56:59.192,75 12:27.018,1310, ,1300, ,0, , , ,0, , , , , ,612020, , , ,2,1,0,0,1,0,0,0,0,0,0,1,1,0,0,0,0,0,0,0,0,0,0,0,0,0,0,0,0,0,0,0,0,0,0,4,0,39.9498,-75.2075, , 
 ,53175,2014010372,6,67,67301,2013,12,6,1630,16,3,2,1,8,1, , ,N,1,2,0,3,0,1,2,2,N, ,39 56:29.947,75 13:21.989,1645, ,1638, ,0, , , ,3, , , , , ,612034, , , ,1,1,0,0,0,0,0,0,0,0,1,0,1,0,0,0,0,0,0,0,0,1,0,0,0,0,0,0,0,0,0,0,1,0,0,3,0,39.9417,-75.2228, , 
 ,53176,2014019130,6,67,67301,2013,9,3,9999,99,1,1,0,4,1, , ,N,1,2,0,3,0,0,3,2,N,N,39 59:21.645,75 07:14.530,9999, ,9999, ,0, ,N, ,3, , , , , ,612036, , , ,2,2,0,0,0,0,0,0,0,0,0,0,0,0,0,0,0,0,0,0,1,0,0,0,0,0,0,0,0,0,0,0,0,0,0,0,0,39.9893,-75.1207, , 
 ,53177,2014006904,6,67,67301,2013,12,5,9999,99,1,1,0,4,1, , ,N,1,3,0,3,0,3,4,2,N, ,40 00:46.291,75 04:18.659,1758, ,1751, ,0, , , ,3, , , , , ,606454, , , ,2,2,0,0,0,0,0,0,0,0,0,3,3,0,0,0,0,0,1,0,0,0,0,0,0,0,0,0,0,0,0,0,0,0,0,4,0,40.0129,-75.0718, , 
 ,53178,2014013564,6,67,67301,2013,12,1,1540,15,1,2,1,5,1, , ,N,0,0,0,3,0,0,1,2,N,N,39 58:19.030,75 09:47.751,1559, ,1558, ,0, ,N, ,0, , , , , ,606455, , , ,2,1,0,0,0,0,1,0,0,0,0,0,0,0,0,0,0,0,0,0,0,0,0,0,0,0,0,0,0,0,0,0,0,0,0,0,0,39.972,-75.1633, , 
 ,53179,2013124623,6,67,67301,2013,11,2,9999,99,1,1,0,4,1, , ,N,1,1,0,3,0,1,2,2,N,N,40 00:45.346,75 09:39.342,950, ,930,1,1,4, , ,3,N, , , , ,606473, , , ,2,2,0,0,0,0,0,0,0,0,0,1,1,0,0,0,0,0,0,0,1,0,0,0,0,0,0,0,0,0,0,0,0,0,0,4,0,40.0126,-75.1609, , 
 ,53180,2013125993,6,67,67301,2013,10,1,1954,19,1,1,0,4,1, , ,N,1,2,0,3,0,3,6,2,N,N,39 59:24.604,75 10:25.157,1957, ,1955, ,0, ,N, ,3, , , , , ,606476, , , ,2,2,0,0,0,0,0,0,0,0,0,0,3,3,0,0,0,0,0,0,0,0,0,0,0,0,0,0,0,0,0,0,0,0,0,8,0,39.9902,-75.1737, , 
 ,53181,2014009691,6,67,67301,2013,12,2,835,8,1,1,0,4,1, , ,N,1,3,0,3,0,1,3,2,N, ,39 58:28.135,75 14:20.889,846, ,839, ,0, , , ,3, , , , , ,606486, , , ,2,1,0,0,0,0,0,1,0,0,0,0,1,1,0,0,0,0,0,0,0,0,0,0,0,0,0,0,0,0,0,0,0,0,0,8,0,39.9745,-75.2391, , 
 ,53182,2014009711,6,67,67301,2013,12,5,2315,23,3,2,1,4,1, , ,N,1,1,0,3,0,1,2,2,N,N,39 56:08.036,75 09:19.410,2331, ,2329,2,2,4,N, ,3,Y, , , , ,606487, , , ,2,1,0,0,1,0,0,0,0,0,0,1,1,0,0,0,0,0,0,0,0,0,0,0,0,0,0,0,0,0,0,0,0,0,0,4,0,39.9356,-75.1554, , 
 ,53183,2014002737,6,67,67301,2013,11,5,2234,22,3,1,0,5,1, , ,N,0,0,0,3,0,1,2,2,N, ,39 55:31.696,75 08:42.726,2319, ,2314, ,0, , , ,0, , , , , ,606494, , , ,1,0,0,0,1,0,0,0,1,0,1,0,1,0,0,0,0,0,0,0,0,0,0,1,0,0,0,0,0,0,0,0,0,0,0,3,0,39.9255,-75.1452, , 
 ,53184,2014002764,6,67,67301,2013,11,3,1803,18,3,2,1,4,1, , ,N,1,2,0,3,0,1,2,2,N,N,40 06:13.309,74 59:00.376,1820, ,1803, ,0, ,N, ,3, , , , , ,606495, , , ,2,2,0,0,0,0,0,0,0,0,0,1,1,0,0,0,0,0,0,0,1,0,0,0,0,0,0,0,0,0,0,0,0,0,0,4,0,40.1037,-74.9834, , 
 ,53185,2014009847,6,67,67301,2013,12,1,9999,99,1,4,1,8,1, , ,N,0,0,7,3,0,1,2,2,N, ,40 06:41.988,74 59:13.063,9999, ,9999,1,1,2, , ,0,Y, , , , ,606496, , , ,1,0,0,0,0,0,1,0,0,0,1,0,1,0,0,0,0,0,0,0,0,0,0,0,0,0,0,0,0,0,0,0,1,0,0,3,0,40.1117,-74.987, , 
 ,53186,2014009770,6,67,67301,2013,12,5,1302,13,1,1,0,4,1, , ,N,1,2,0,3,0,0,3,2,N,N,39 55:14.279,75 10:13.546,1307, ,1304,2,1,1, , ,3,N, , , , ,606510, , , ,2,0,0,0,2,0,0,0,0,0,0,0,0,0,3,0,0,0,0,0,0,0,0,0,0,0,0,0,0,0,0,0,0,0,0,9,0,39.9206,-75.1704, , 
 ,53187,2014009793,6,67,67301,2013,12,6,615,6,3,1,1,8,1, , ,N,1,3,0,3,0,1,2,2,N,N,40 02:47.054,75 04:34.337,630, ,615, ,0, ,N, ,3, , , , , ,606511, , , ,1,1,0,0,0,0,0,0,0,0,0,1,1,0,0,0,0,0,0,0,1,0,0,0,0,0,0,0,0,0,0,0,1,0,0,4,0,40.0464,-75.0762, , 
 ,53188,2013125912,6,67,67301,2013,11,7,1535,15,1,1,0,4,1, , ,N,1,2,0,3,0,0,3,2,N,N,39 56:35.142,75 12:54.968,1545, ,1540, ,0, ,N, ,3, , , , , ,606544, , , ,2,2,0,0,0,0,0,0,0,0,0,0,0,0,0,0,0,0,0,0,0,0,0,0,0,0,0,0,0,0,0,0,0,0,0,0,0,39.9431,-75.2153, , 
 ,53189,2014001005,6,67,67301,2013,11,5,9999,99,1,1,0,1,6, , ,N,0,0,0,3,0,0,1,3,N, ,40 03:30.568,75 04:13.160,835, ,830, ,0, ,N, ,0, , , , , ,606553, , , ,3,3,0,0,0,0,0,0,0,0,0,0,0,0,1,0,0,0,0,0,0,0,0,0,0,0,0,0,0,0,0,0,0,0,0,9,0,40.0585,-75.0703, , 
 ,53190,2013123049,6,67,67301,2013,11,2,1227,12,1,1,0,4,1, , ,N,1,2,0,3,0,0,3,2,N, ,39 56:22.436,75 13:13.011,1229, ,1228,1,1,3, , ,3,N, , , , ,606558, , , ,2,1,0,0,0,0,1,0,0,0,0,0,0,0,0,0,0,0,0,0,0,0,0,0,0,0,0,0,0,0,0,0,0,0,0,0,0,39.9396,-75.2203, , 
 ,53191,2013124656,6,67,67301,2013,11,6,1659,16,3,1,0,4,1, , ,N,1,2,0,3,0,1,2,2,N,N,40 01:41.801,75 07:12.241,1753, ,1747, ,0, ,N, ,3, , , , , ,606559, , , ,2,1,0,0,0,0,1,0,0,0,0,1,1,0,0,0,0,0,0,0,0,0,0,0,0,0,0,0,0,0,0,0,0,0,0,4,0,40.0283,-75.1201, , 
 ,53192,2013111446,6,67,67301,2013,11,6,1618,16,1,1,0,5,1, , ,N,0,0,0,3,0,1,3,2,N,N,39 57:34.979,75 10:35.611,1623, ,1622,3,1,4,N, ,0,N, , , , ,606583, , , ,2,1,0,0,0,0,1,0,0,0,0,1,1,0,0,0,0,0,0,0,0,0,0,0,0,0,0,0,0,0,0,0,0,0,0,4,0,39.9597,-75.1766, , 
 ,53193,2013128385,6,67,67301,2013,12,6,1305,13,1,1,0,1,1, , ,N,0,0,0,3,0,1,2,2,N,N,39 59:26.527,75 12:17.140,1410, ,1400, ,0, ,N, ,0, , , , , ,606604, , , ,2,2,0,0,0,0,0,0,0,0,0,1,1,0,0,0,0,0,0,0,0,1,0,0,0,0,0,0,0,0,0,0,0,0,0,4,0,39.9907,-75.2048, , 
 ,53194,2014001108,6,67,67301,2013,11,2,9999,99,1,1,0,5,2, , ,N,0,0,0,3,0,2,2,4,N, ,39 56:18.899,75 13:58.999,817, ,815, ,0, , , ,0, , , , , ,606611, , , ,4,3,0,0,1,0,0,0,0,0,0,2,2,0,0,0,0,0,0,0,0,0,0,0,0,0,0,0,0,0,0,0,0,0,0,4,0,39.9386,-75.2331, , 
 ,53195,2013129495,6,67,67301,2013,11,4,1600,16,1,1,0,4,1, , ,N,1,3,0,3,0,1,2,2,N, ,40 01:52.664,75 03:58.343,1631, ,1629,2,1,3, , ,3,N, , , , ,609096, , , ,2,2,0,0,0,0,0,0,0,0,0,1,1,0,1,0,0,0,0,0,0,1,0,0,0,0,0,0,0,0,0,0,0,0,0,4,0,40.0313,-75.0662, , 
 ,53196,2014003313,6,67,67301,2013,12,5,842,8,1,6,1,4,1, , ,N,3,2,0,3,0,2,3,3,N,N,39 59:15.701,75 12:58.133,859, ,845,3,2,2,N, ,3,Y, , , , ,609101, , , ,3,2,0,0,0,0,1,0,0,0,0,2,2,0,0,0,0,0,0,0,2,0,0,0,0,0,0,0,0,0,0,0,0,0,0,4,0,39.9877,-75.2161, , 
 ,53197,2013121433,6,67,67301,2013,10,3,1710,17,1,1,0,1,1, , ,N,1,2,0,3,0,0,2,2,N, ,40 03:18.721,75 03:44.571,1719, ,1714,9,1,2, , ,3,N, , , , ,609110, , , ,2,1,0,0,1,0,0,0,0,0,0,0,0,0,0,0,0,0,0,0,0,0,0,0,0,0,0,0,0,0,0,0,0,0,0,0,0,40.0543,-75.0631, , 
 ,53198,2013122992,6,67,67301,2013,11,6,1215,12,1,2,1,5,1, , ,N,0,0,0,3,0,1,3,3,N, ,39 55:05.359,75 12:34.754,1245, ,1245, ,0, , , ,0, , , , , ,609114, , , ,3,0,0,0,1,1,0,1,0,0,0,0,1,1,0,0,0,0,0,0,0,0,0,0,0,0,0,0,0,0,0,0,0,0,0,8,1,39.9182,-75.2097, , 
 ,53199,2013122985,6,67,67301,2013,11,3,1235,12,1,1,0,2,1, , ,N,1,0,0,3,0,0,2,2,N, ,39 55:40.948,75 13:09.423,1251, ,1250, ,0, , , ,0, , , , , ,609132, , , ,2,2,0,0,0,0,0,0,0,0,0,0,0,0,1,0,0,0,0,0,0,0,0,0,0,0,0,0,0,0,0,0,0,0,0,9,0,39.928,-75.2193, , 
 ,53200,2013125964,6,67,67301,2013,11,2,9999,99,1,1,0,4,1, , ,N,1,2,0,3,0,2,5,2,N, ,40 02:08.995,75 04:39.601,9999, ,1431,2,1,1, , ,3,N, , , , ,609135, , , ,2,2,0,0,0,0,0,0,0,0,1,1,2,0,0,0,0,0,0,0,0,0,0,0,0,0,0,0,0,0,0,0,0,0,0,3,0,40.0358,-75.0777, , 
 ,53201,2013117115,6,67,67301,2013,11,7,2323,23,3,1,0,7,2, , ,N,0,0,0,3,0,1,1,1,N,N,40 02:56.559,74 59:47.955,2340, ,2324,1,2,1,Y, ,0,N, , , , ,609147, , , ,1,1,0,0,0,0,0,0,0,0,0,0,1,1,0,0,0,0,0,0,0,0,0,1,0,0,0,0,0,0,0,0,0,0,0,8,0,40.049,-74.9968, , 
 ,53202,2013104385,6,67,67301,2013,9,3,734,7,1,1,0,5,1, , ,N,0,0,0,3,0,1,3,2,N, ,39 57:37.527,75 10:12.183,808, ,802,9,2,2, , ,0,Y, , , , ,609173, , , ,2,1,0,1,0,0,0,0,0,0,1,0,1,0,0,0,0,0,0,0,0,0,0,0,0,0,0,0,0,0,0,0,0,0,0,3,1,39.9604,-75.1701, , 
 ,53203,2013106675,6,67,67301,2013,9,7,1235,12,1,1,0,1,1, , ,N,1,2,0,3,0,0,3,3,N,N,39 57:45.204,75 12:37.981,1238, ,1237, ,0, ,N, ,3, , , , , ,609175, , , ,3,3,0,0,0,0,0,0,0,0,0,0,0,0,0,0,0,0,0,0,0,0,1,0,0,0,0,0,0,0,0,0,0,0,0,0,0,39.9625,-75.2103, , 
 ,53204,2013109361,6,67,67301,2013,9,6,1303,13,1,1,0,1,1, , ,N,0,2,0,3,0,1,3,3,N,N,40 02:41.809,75 11:34.576,1308, ,1304, ,0, , , ,3, , , , , ,609179, , , ,3,1,0,0,0,0,1,0,0,0,0,0,1,1,0,0,0,0,0,0,1,2,0,0,0,0,0,0,0,0,0,0,0,0,0,8,0,40.0449,-75.1929, , 
 ,53205,2013121545,6,67,67301,2013,11,7,116,1,3,1,0,1,1, , ,N,2,2,0,3,0,1,2,2,N,N,40 00:26.314,75 11:31.785,130, ,116, ,0, ,N, ,3, , , , , ,609187, , , ,2,2,0,0,0,0,0,0,0,0,0,1,1,0,0,0,0,0,0,0,0,0,0,0,0,0,0,0,0,0,0,0,0,0,0,4,0,40.0073,-75.1922, , 
 ,53206,2013126980,6,67,67301,2013,11,3,1720,17,3,1,0,1,1, , ,N,1,2,0,3,0,4,6,2,N,N,40 02:35.649,75 03:08.136,1730, ,1720, ,0, ,N, ,3, , , , , ,609194, , , ,2,2,0,0,0,0,0,0,0,0,0,4,4,0,0,0,0,0,0,0,1,0,0,0,0,0,0,0,0,0,0,0,0,0,0,4,0,40.0432,-75.0523, , 
 ,53207,2013130067,6,67,67301,2013,11,6,1500,15,1,1,0,1,1, , ,N,1,3,0,3,0,1,2,2,N,N,40 01:06.398,75 07:30.003,2010, ,2010, ,0, , , ,3, , , , , ,609198, , , ,2,1,0,0,1,0,0,0,0,0,0,0,1,1,1,0,0,0,0,0,0,0,0,0,0,0,0,0,0,0,0,0,0,0,0,8,0,40.0184,-75.125, , 
 ,53208,2013109419,6,67,67301,2013,10,3,803,8,1,1,0,4,1, , ,N,1,3,0,3,0,0,2,2,N,N,40 04:26.193,75 12:11.662,825, ,806, ,0, ,N, ,3, , , , , ,609227, , , ,2,2,0,0,0,0,0,0,0,0,0,0,0,0,0,0,0,0,0,0,0,1,0,1,0,0,0,0,0,0,0,0,0,0,0,0,0,40.0739,-75.2032, , 
 ,53209,2014003310,6,67,67301,2013,12,6,1950,19,3,1,0,8,1, , ,N,0,0,0,3,0,1,2,2,N,N,40 04:44.564,75 04:10.621,2020, ,1956, ,0, ,N, ,0, , , , , ,609243, , , ,1,1,0,0,0,0,0,0,0,0,1,0,1,0,0,0,0,0,0,0,0,0,0,0,0,0,0,0,0,0,0,0,1,0,0,3,0,40.079,-75.0696, , 
 ,53210,2014006476,6,67,67301,2013,12,1,209,2,3,1,1,7,2, , ,N,0,0,0,3,0,1,5,1,N,N,39 59:02.825,75 12:29.432,219, ,210,2,1,4,N, ,0,N, , , , ,609244, , , ,1,1,0,0,0,0,0,0,0,0,1,0,1,0,0,0,0,0,0,0,0,0,0,0,0,0,0,0,0,0,0,0,0,0,0,3,0,39.9841,-75.2082, , 
 ,53211,2014013088,6,67,67301,2013,12,3,641,6,1,1,0,4,1, , ,N,1,2,0,3,0,1,2,2,N, ,40 05:29.578,74 57:56.181,647, ,645, ,0, , , ,3, , , , , ,609245, , , ,2,2,0,0,0,0,0,0,0,0,0,0,1,1,1,0,0,0,0,0,0,0,0,0,0,0,0,0,0,0,0,0,0,0,0,8,0,40.0915,-74.9656, , 
 ,53212,2013122065,6,67,67301,2013,10,4,734,7,1,1,0,1,1, , ,N,0,0,0,3,0,1,2,2,N,N,40 00:52.993,75 10:40.890,752, ,734,1,1,2,N, ,0,N, , , , ,609259, , , ,2,2,0,0,0,0,0,0,0,0,0,0,1,1,1,0,0,0,0,0,0,0,0,0,0,0,0,0,0,0,0,0,0,0,0,8,0,40.0147,-75.178, , 
 ,53213,2013125892,6,67,67301,2013,11,6,1130,11,1,1,0,1,1, , ,N,0,2,0,3,0,1,4,3,N,N,40 05:05.765,75 01:29.410,1135, ,1125,1,1,2,N, ,3,N, , , , ,614504, , , ,3,2,0,0,0,0,1,0,0,0,0,0,1,1,0,0,0,0,0,0,1,0,0,0,0,0,0,0,0,0,0,0,0,0,0,8,0,40.0849,-75.0248, , 
 ,53214,2014002800,6,67,67301,2013,11,4,1030,10,1,2,1,4,1, , ,N,1,3,0,3,0,1,3,2,N,N,39 58:39.669,75 06:59.457,1155, ,1153, ,0, ,N, ,3, , , , , ,614519, , , ,2,1,0,0,0,0,1,0,0,0,0,0,1,1,0,0,0,0,0,0,0,1,0,0,0,0,0,0,0,0,0,0,0,0,0,8,0,39.9777,-75.1165, , 
 ,53215,2013121532,6,67,67301,2013,11,3,959,9,1,1,0,4,1, , ,N,1,3,0,3,0,1,4,2,N,N,40 02:29.511,75 03:13.913,1002, ,1000, ,0, ,N, ,3, , , , , ,614530, , , ,2,2,0,0,0,0,0,0,0,0,0,1,1,0,0,0,0,0,0,0,0,0,1,0,0,0,0,0,0,0,0,0,0,0,0,4,0,40.0415,-75.0539, , 
 ,53216,2013129470,6,67,67301,2013,11,4,857,8,1,1,0,5,1, , ,N,1,2,0,3,0,0,2,2,N, ,39 57:28.799,75 13:16.548,901, ,900, ,0, , , ,3, , , , , ,614538, , , ,2,1,0,0,0,0,1,0,0,0,0,0,0,0,0,0,0,0,0,0,0,1,0,0,0,0,0,0,0,0,0,0,0,0,0,0,0,39.958,-75.2212, , 
 ,53217,2013114489,6,67,67301,2013,9,6,1929,19,3,1,0,0,1, , ,N,1,2,0,3,1,0,2,2,N,N,40 02:38.691,75 07:43.766,1933, ,1929,9,2,7, ,0,3,Y, , , , ,614558, , , ,2,0,1,0,0,0,1,0,0,0,0,0,0,0,0,0,0,0,0,0,0,0,0,1,0,0,0,0,1,0,0,0,0,0,0,1,0,40.0441,-75.1288,2, 