wz_ln_closure,objectid_1,crn,district,county,municipality,crash_year,crash_month,day_of_week,time_of_day,hour_of_day,illumination,weather,road_condition,collision_type,relation_to_road,work_zone_type,work_zone_loc,work_zone_ind,intersect_type,tcd_type,location_type,urban_rural,fatal_count,injury_count,person_count,total_units,sch_bus_ind,sch_zone_ind,latitude,longitude,arrival_tm,cons_zone_spd_lim,dispatch_tm,est_hrs_closed,lane_closed,ln_close_dir,ntfy_hiwy_maint,spec_juris_cd,tcd_func_cd,tfc_detour_ind,workers_pres,wz_close_detour,wz_flagger,wz_law_offcr_ind,objectid,wz_moving,wz_other,wz_shlder_mdn,vehicle_count,automobile_count,motorcycle_count,bus_count,small_truck_count,heavy_truck_count,suv_count,van_count,bicycle_count,maj_inj_count,mod_inj_count,min_inj_count,tot_inj_count,unk_inj_deg_count,unk_inj_per_count,driver_count_16yr,driver_count_17yr,driver_count_18yr,driver_count_19yr,driver_count_20yr,driver_count_50_64yr,driver_count_65_74yr,driver_count_75plus,unbelted_occ_count,unb_death_count,unb_maj_inj_count,belted_death_count,belted_maj_inj_count,mcycle_death_count,mcycle_maj_inj_count,bicycle_death_count,bicycle_maj_inj_count,ped_count,ped_death_count,ped_maj_inj_count,max_severity_level,comm_veh_count,dec_lat,dec_long,rdwy_surf_type_cd,county_name
 ,53218,2013121486,6,67,67301,2013,11,6,222,2,3,8,1,7,5, , ,N,0,0,0,3,0,0,1,1,N,N,40 07:08.904,75 00:27.867,223, ,223, ,0, ,N, ,0, , , , , ,614561, , , ,1,1,0,0,0,0,0,0,0,0,0,0,0,0,0,0,0,0,0,0,1,0,0,0,0,0,0,0,0,0,0,0,0,0,0,0,0,40.1191,-75.0077, , 
 ,53219,2013123003,6,67,67301,2013,11,6,1709,17,1,1,0,5,1, , ,N,1,0,0,3,0,2,4,2,N,N,39 56:45.452,75 10:46.567,1731, ,1724, ,0, , , ,0, , , , , ,614563, , , ,2,2,0,0,0,0,0,0,0,0,0,2,2,0,0,0,0,0,0,0,1,0,0,0,0,0,0,0,0,0,0,0,0,0,0,4,0,39.946,-75.1796, , 
 ,53220,2014002813,6,67,67301,2013,11,7,220,2,3,1,0,6,1, , ,N,2,2,0,3,0,2,2,2,N, ,40 02:37.146,75 01:18.710,222, ,219,1,1,1, , ,3,N, , , , ,614574, , , ,2,2,0,0,0,0,0,0,0,0,0,0,2,2,0,0,0,0,0,0,1,0,0,0,0,0,0,0,0,0,0,0,0,0,0,8,0,40.0437,-75.0219, , 
 ,53221,2014013117,6,67,67301,2013,12,2,439,4,3,1,0,5,6, , ,N,0,0,0,3,0,1,2,3,N,N,39 54:53.726,75 09:22.339,440, ,440, ,0, ,N, ,0, , , , , ,614576, , , ,3,2,0,0,0,0,1,0,0,0,0,1,1,0,0,0,0,0,0,0,0,0,0,0,0,0,0,0,0,0,0,0,0,0,0,4,0,39.9149,-75.1562, , 
 ,53222,2013121376,6,67,67301,2013,11,2,155,1,3,1,0,6,1, , ,N,1,2,0,3,0,1,2,2,N,N,39 56:30.552,75 09:02.721,205, ,201, ,0, ,N, ,3, , , , , ,614593, , , ,1,1,0,0,0,0,0,0,1,0,0,1,1,0,0,0,0,0,0,0,0,0,0,0,0,0,0,0,0,0,0,0,0,0,0,4,0,39.9418,-75.1508, , 
 ,53223,2013125992,6,67,67301,2013,11,6,9999,99,4,1,0,4,1, , ,N,3,3,0,3,0,2,6,5,N,N,39 59:01.431,75 14:03.238,1714, ,1700, ,0, ,N, ,3, , , , , ,614599, , , ,5,2,0,0,1,1,1,0,0,0,0,0,2,2,2,0,0,0,0,0,1,1,0,0,0,0,0,0,0,0,0,0,0,0,0,8,1,39.9837,-75.2342, , 
 ,53224,2014006901,6,67,67301,2013,12,5,1934,19,3,8,6,4,1, , ,N,1,2,0,3,0,1,2,2,N,N,40 00:16.318,75 07:55.437,1943, ,1936, ,0, ,N, ,3, , , , , ,614614, , , ,2,1,1,0,0,0,0,0,0,0,0,0,1,1,0,0,0,0,0,0,1,0,0,1,0,0,0,0,0,0,0,0,0,0,0,8,0,40.0045,-75.1321, , 
 ,53225,2014013027,6,67,67301,2013,12,7,1600,16,1,1,0,4,1, , ,N,1,2,0,3,0,0,2,3,N, ,39 56:12.483,75 13:47.092,1610, ,1605, ,0, , , ,3, , , , , ,614616, , , ,3,2,0,0,1,0,0,0,0,0,0,0,0,0,0,0,0,0,0,0,0,0,0,1,0,0,0,0,0,0,0,0,0,0,0,0,0,39.9368,-75.2297, , 
 ,53226,2013121309,6,67,67301,2013,10,4,710,7,1,1,0,8,1, , ,N,1,3,0,3,0,1,2,2,N, ,40 05:46.420,75 00:50.951,714, ,711, ,0, , , ,3, , , , , ,614628, , , ,1,1,0,0,0,0,0,0,0,0,0,0,1,1,0,0,0,0,0,0,0,1,0,0,0,0,0,0,0,0,0,0,1,0,0,8,0,40.0962,-75.0142, , 
 ,53227,2014000436,6,67,67301,2013,11,7,847,8,1,1,0,4,1, , ,N,1,3,0,3,1,1,2,2,N,N,40 03:04.104,75 04:28.081,903, ,844,9,2,7,N,0,3,Y, , , , ,614647, , , ,2,1,0,0,0,1,0,0,0,0,0,1,1,0,0,0,0,0,0,0,0,0,0,0,0,0,0,0,0,0,0,0,0,0,0,1,1,40.0511,-75.0745,2, 
 ,53228,2014006798,6,67,67301,2013,12,6,1410,14,1,1,0,4,1, , ,N,2,1,0,3,0,0,3,2,N,N,39 54:26.408,75 08:21.690,1523, ,1508,3,2,1,N, ,3,Y, , , , ,614651, , , ,2,1,0,0,0,1,0,0,0,0,0,0,0,0,0,0,0,0,0,0,0,0,0,0,0,0,0,0,0,0,0,0,0,0,0,0,1,39.9073,-75.1394, , 
 ,53229,2013096049,6,67,67301,2013,8,4,1606,16,1,2,1,5,1, , ,N,3,3,0,3,0,1,6,2,N, ,39 59:40.040,75 11:30.573,1633, ,1629,3,1,2, , ,3,N, , , , ,614653, , , ,2,2,0,0,0,0,0,0,0,0,0,0,1,1,2,0,0,0,0,0,1,0,0,0,0,0,0,0,0,0,0,0,0,0,0,8,0,39.9945,-75.1918, , 
 ,53230,2013098360,6,67,67301,2013,8,6,1935,19,4,1,0,8,1, , ,N,0,0,0,3,0,1,3,2,N, ,39 59:09.812,75 13:39.882,1950, ,1940,2,2,7, , ,0,Y, , , , ,614656, , , ,1,0,0,0,0,0,1,0,0,0,0,1,1,0,0,0,0,0,0,0,0,0,0,0,0,0,0,0,0,0,0,0,1,0,0,4,0,39.9861,-75.2277, , 
 ,53231,2013086185,6,67,67301,2013,7,3,1738,17,1,1,0,4,1, , ,N,1,2,0,3,0,1,2,2,N,N,39 56:26.828,75 09:58.234,1800, ,1740, ,0, ,N, ,3, , , , , ,612048, , , ,1,1,0,0,0,0,0,0,1,0,0,1,1,0,0,0,0,0,0,0,0,0,0,0,0,0,0,0,0,0,0,0,0,0,0,4,0,39.9408,-75.1661, , 
 ,53232,2013091203,6,67,67301,2013,9,2,1528,15,1,1,0,1,1, , ,N,0,0,0,3,0,0,3,3,N,N,40 00:33.727,75 12:18.443,1601, ,1544, ,0, ,N, ,0, , , , , ,612053, , , ,3,3,0,0,0,0,0,0,0,0,0,0,0,0,0,0,0,0,0,0,0,0,0,0,0,0,0,0,0,0,0,0,0,0,0,0,0,40.0094,-75.2051, , 
 ,53233,2013094711,6,67,67301,2013,8,2,1515,15,1,1,0,5,7, , ,N,6,0,2,3,0,2,3,2,N,N,39 59:22.465,75 05:14.177,0, ,0, ,0, ,N, ,0, , , , , ,612056, , , ,2,2,0,0,0,0,0,0,0,0,2,0,2,0,0,0,0,0,0,0,2,0,0,0,0,0,0,0,0,0,0,0,0,0,0,3,0,39.9881,-75.0888, , 
 ,53234,2013111796,6,67,67301,2013,10,5,120,1,3,1,0,7,5, , ,N,0,0,0,3,0,0,1,1,N, ,39 59:32.110,75 06:08.618,127, ,127, ,0, , , ,0, , , , , ,612072, , , ,1,1,0,0,0,0,0,0,0,0,0,0,0,0,1,0,0,0,0,0,0,0,0,0,0,0,0,0,0,0,0,0,0,0,0,9,0,39.9923,-75.1024, , 
 ,53235,2014015514,6,67,67301,2013,10,7,630,6,1,1,0,1,1, , ,N,0,0,0,3,0,2,4,2,N,N,40 02:29.713,75 06:43.767,0, ,0, ,0, ,N, ,0, , , , , ,612110, , , ,2,1,0,0,0,0,0,1,0,0,0,0,2,2,2,0,0,0,0,0,1,0,0,0,0,0,0,0,0,0,0,0,0,0,0,8,0,40.0416,-75.1122, , 
 ,53236,2014002805,6,67,67301,2013,12,6,958,9,1,2,1,4,1, , ,N,1,2,0,3,0,5,5,2,N, ,39 58:13.818,75 08:53.306,1020, ,1018,2,2,4, , ,3,Y, , , , ,612133, , , ,2,2,0,0,0,0,0,0,0,0,1,0,5,4,0,0,0,0,0,0,0,0,1,0,0,0,0,0,0,0,0,0,0,0,0,3,0,39.9704,-75.1482, , 
 ,53237,2014006793,6,67,67301,2013,12,3,2,0,3,1,1,4,1, , ,N,1,2,0,3,0,1,2,2,N, ,39 57:12.030,75 11:01.741,245, ,238,9,1,3, , ,3,N, , , , ,612134, , , ,2,0,0,0,0,1,1,0,0,0,0,0,1,1,0,0,0,0,0,0,0,0,0,0,0,0,0,0,0,0,0,0,0,0,0,8,1,39.9533,-75.1838, , 
 ,53238,2014009869,6,67,67301,2013,12,2,1340,13,1,1,6,2,1, , ,N,0,0,0,3,0,1,2,2,N,N,39 57:57.545,75 13:38.348,1355, ,1350, ,0, ,N, ,0, , , , , ,612135, , , ,2,2,0,0,0,0,0,0,0,0,0,1,1,0,0,0,0,0,0,0,1,1,0,0,0,0,0,0,0,0,0,0,0,0,0,4,0,39.966,-75.2273, , 
 ,53239,2014015964,6,67,67301,2013,12,2,130,1,6,4,5,5,6, , ,N,0,0,0,3,0,2,2,2,N,N,39 57:04.259,75 10:44.476,0, ,0, ,0, ,N, ,0, , , , , ,612137, , , ,2,2,0,0,0,0,0,0,0,0,0,0,2,2,0,0,0,0,0,0,0,0,0,0,0,0,0,0,0,0,0,0,0,0,0,8,0,39.9512,-75.179, , 
 ,53240,2013101046,6,67,67301,2013,9,6,1005,10,1,1,0,1,1, , ,N,0,0,0,3,0,2,2,3,N, ,39 59:23.218,75 09:31.842,1009, ,1005,2,2,4, , ,0,Y, , , , ,612139, , , ,3,1,0,0,0,0,1,1,0,0,0,0,2,2,0,0,0,0,0,0,0,0,0,0,0,0,0,0,0,0,0,0,0,0,0,8,0,39.9898,-75.1588, , 
 ,53241,2013114978,6,67,67301,2013,11,3,1355,13,1,1,0,1,1, , ,N,0,0,0,3,0,10,13,3,N,N,39 57:56.899,75 08:12.610,1408, ,1355,2,1,2,N, ,0,N, , , , ,612147, , , ,3,0,0,0,0,2,0,1,0,0,0,0,10,10,0,0,0,0,0,0,0,0,0,0,0,0,0,0,0,0,0,0,0,0,0,8,2,39.9658,-75.1368, , 
 ,53242,2013130044,6,67,67301,2013,11,2,1345,13,1,1,0,4,1, , ,N,2,0,0,3,0,2,6,4,N, ,39 54:26.334,75 13:41.041,1515, ,1512, ,0, , , ,0, , , , , ,612158, , , ,4,1,0,0,0,0,2,1,0,0,0,1,2,1,0,0,0,0,0,0,1,0,0,0,0,0,0,0,0,0,0,0,0,0,0,4,0,39.9073,-75.2281, , 
 ,53243,2014001125,6,67,67301,2013,11,4,120,1,3,2,1,7,2, , ,N,0,0,0,3,0,0,1,1,N,N,39 55:16.007,75 11:38.947,127, ,125,2,1,3,N, ,0,N, , , , ,612163, , , ,1,0,0,0,0,0,1,0,0,0,0,0,0,0,0,0,0,0,0,0,0,0,0,0,0,0,0,0,0,0,0,0,0,0,0,0,0,39.9211,-75.1942, , 
 ,53244,2014009840,6,67,67301,2013,12,3,1810,18,3,2,1,4,1, , ,N,0,0,7,3,0,3,4,2,N,N,39 56:44.188,75 14:23.635,1830, ,1817,2,2,1,N, ,0,Y, , , , ,612167, , , ,2,1,0,0,1,0,0,0,0,0,0,2,3,1,0,0,0,0,0,0,0,0,0,0,0,0,0,0,0,0,0,0,0,0,0,4,0,39.9456,-75.2399, , 
 ,53245,2013121477,6,67,67301,2013,10,1,713,7,1,1,0,0,1, , ,N,2,2,0,3,0,1,2,2,N,N,39 58:22.572,75 07:10.506,715, ,715,3,2,3,N, ,3,Y, , , , ,612180, , , ,2,1,0,0,0,0,1,0,0,0,0,1,1,0,0,0,0,0,0,0,0,0,0,0,0,0,0,0,0,0,0,0,0,0,0,4,0,39.9729,-75.1196, , 
 ,53246,2013106711,6,67,67301,2013,9,4,2010,20,3,1,0,4,1, , ,N,0,0,0,3,0,1,2,2,N,N,39 56:10.899,75 10:16.186,2016, ,2015, ,0, , , ,0, , , , , ,612188, , , ,1,1,0,0,0,0,0,0,1,0,0,1,1,0,0,0,0,0,0,0,0,0,0,0,0,0,0,0,0,0,0,0,0,0,0,4,0,39.9364,-75.1712, , 
 ,53247,2013111805,6,67,67301,2013,10,2,1714,17,1,2,1,7,2, , ,N,0,0,0,3,0,1,1,1,N,N,39 59:37.650,75 11:33.297,1719, ,1714,2,2,1,N, ,0,Y, , , , ,612196, , , ,1,1,0,0,0,0,0,0,0,0,0,1,1,0,0,0,0,0,0,0,0,0,0,0,0,0,0,0,0,0,0,0,0,0,0,4,0,39.9938,-75.1926, , 
 ,53248,2013114488,6,67,67301,2013,10,1,1640,16,1,1,0,8,1, , ,N,0,0,0,3,0,1,2,2,N, ,40 00:40.125,75 05:11.767,1645, ,1641, ,0, , , ,0, , , , , ,612199, , , ,1,0,0,0,1,0,0,0,0,0,0,1,1,0,0,0,0,0,0,0,1,0,0,0,0,0,0,0,0,0,0,0,1,0,0,4,0,40.0111,-75.0866, , 
 ,53249,2014002757,6,67,67301,2013,11,5,2138,21,3,1,0,1,1, , ,N,2,2,0,3,0,1,4,4,N,N,40 06:14.984,75 00:07.073,2145, ,2138,1,1,1, , ,3,N, , , , ,606613, , , ,4,3,0,0,1,0,0,0,0,0,0,1,1,0,0,0,0,0,0,0,2,0,0,0,0,0,0,0,0,0,0,0,0,0,0,4,0,40.1042,-75.002, , 
 ,53250,2014001068,6,67,67301,2013,12,1,233,2,3,1,0,4,1, , ,N,1,2,0,3,0,1,2,2,N,N,40 00:20.692,75 05:56.577,412, ,408,2,1,3,N, ,3,N, , , , ,606645, , , ,2,1,0,0,1,0,0,0,0,0,1,0,1,0,0,0,0,0,0,0,0,0,0,0,0,0,0,0,0,0,0,0,0,0,0,3,0,40.0057,-75.099, , 
 ,53251,2014009787,6,67,67301,2013,12,4,2317,23,3,1,0,1,1, , ,N,0,0,0,3,0,4,6,3,N,N,40 00:37.119,75 11:07.722,2324, ,2317,2,1,2,N, ,0,Y, , , , ,606648, , , ,3,2,0,0,0,0,1,0,0,0,0,4,4,0,0,0,0,0,0,0,0,0,0,0,0,0,0,0,0,0,0,0,0,0,0,4,0,40.0103,-75.1855, , 
 ,53252,2014013158,6,67,67301,2013,12,6,2301,23,3,1,1,4,1, , ,N,1,2,0,3,0,3,5,2,N,N,40 02:50.960,75 08:34.014,2327, ,2324,2,2,3,N, ,3,Y, , , , ,606649, , , ,2,2,0,0,0,0,0,0,0,0,0,0,3,3,0,0,0,0,0,1,0,0,0,1,0,0,0,0,0,0,0,0,0,0,0,8,0,40.0475,-75.1428, , 
 ,53253,2013103141,6,67,67301,2013,10,4,1547,15,1,1,0,1,1, , ,N,0,0,0,3,0,0,2,2,N,N,39 59:48.419,75 04:55.924,1610, ,1553, ,0, ,N, ,0, , , , , ,606684, , , ,2,0,0,0,2,0,0,0,0,0,0,0,0,0,0,0,0,0,0,0,1,0,0,0,0,0,0,0,0,0,0,0,0,0,0,0,0,39.9967,-75.0823, , 
 ,53254,2014010375,6,67,67301,2013,12,4,1915,19,3,1,0,8,1, , ,N,0,0,0,3,0,1,5,2,N,N,39 57:34.733,75 10:20.606,1926, ,1921, ,0, ,N, ,0, , , , , ,606722, , , ,1,0,0,0,0,0,1,0,0,0,1,0,1,0,0,0,0,0,0,0,0,0,0,0,0,0,0,0,0,0,0,0,1,0,0,3,0,39.9596,-75.1724, , 
 ,53255,2014005338,6,67,67301,2013,10,7,1844,18,3,1,0,4,1, , ,N,1,2,0,3,0,7,13,2,N,N,39 57:44.029,75 14:33.957,1845, ,1845,3,1,4,N, ,3,N, , , , ,606734, , , ,2,1,0,1,0,0,0,0,0,0,0,7,7,0,0,0,0,0,0,0,0,0,0,0,0,0,0,0,0,0,0,0,0,0,0,4,1,39.9621,-75.2428, , 
 ,53256,2014013054,6,67,67301,2013,12,2,1400,14,1,1,0,8,1, , ,N,1,2,0,3,0,1,2,2,N, ,39 57:03.048,75 09:49.788,1400, ,1400,2,1,1, , ,3,Y, , , , ,606735, , , ,1,1,0,0,0,0,0,0,0,0,0,0,1,1,0,0,0,0,0,1,0,0,0,1,0,0,0,0,0,0,0,0,1,0,0,8,0,39.9508,-75.1638, , 
 ,53257,2013121358,6,67,67301,2013,10,5,2220,22,3,2,1,4,1, , ,N,0,0,0,3,0,2,3,2,N,N,39 59:18.330,75 09:20.432,2223, ,2223,2,1,5, , ,0,Y, , , , ,606760, , , ,2,2,0,0,0,0,0,0,0,0,0,0,2,2,1,0,0,0,0,0,1,0,0,0,0,0,0,0,0,0,0,0,0,0,0,8,0,39.9884,-75.1557, , 
 ,53258,2013122961,6,67,67301,2013,10,4,1915,19,3,1,0,1,1, , ,N,0,2,0,3,0,1,2,2,N,N,40 05:46.592,74 58:36.893,1928, ,1925,1,1,3,N, ,3,Y, , , , ,606762, , , ,2,1,0,0,1,0,0,0,0,0,0,1,1,0,0,0,0,0,0,0,1,0,0,0,0,0,0,0,0,0,0,0,0,0,0,4,0,40.0963,-74.9769, , 
 ,53259,2013134196,6,67,67301,2013,12,7,2321,23,3,2,1,7,4, , ,N,0,0,0,3,0,0,1,1,N,N,39 55:39.206,75 08:47.222,2335, ,2323, ,0, ,N, ,0, , , , , ,606769, , , ,1,1,0,0,0,0,0,0,0,0,0,0,0,0,0,0,0,0,0,0,0,0,0,0,0,0,0,0,0,0,0,0,0,0,0,0,0,39.9275,-75.1465, , 
 ,53260,2014003326,6,67,67301,2013,12,6,1247,12,1,2,1,4,1, , ,N,1,2,0,3,0,0,3,2,N,N,39 57:45.942,75 14:48.128,1308, ,1301, ,0, ,Y, ,3, , , , , ,606779, , , ,2,0,0,0,0,0,2,0,0,0,0,0,0,0,0,0,0,0,0,0,0,1,1,0,0,0,0,0,0,0,0,0,0,0,0,0,0,39.9626,-75.2468, , 
 ,53261,2013064103,6,67,67301,2013,6,7,1231,12,1,1,0,0,2, , ,N,0,0,0,3,0,0,4,1,N,N,39 53:35.836,75 13:53.554,1237, ,1232, ,0, ,Y, ,0, , , , , ,606801, , , ,1,1,0,0,0,0,0,0,0,0,0,0,0,0,0,0,0,0,0,0,1,0,0,0,0,0,0,0,0,0,0,0,0,0,0,0,0,39.8933,-75.2315, , 
 ,53262,2013065379,6,67,67301,2013,6,1,1455,14,1,1,0,4,1, , ,N,2,0,0,3,0,2,6,2,N,N,39 55:25.334,75 10:46.161,1522, ,1519, ,0, ,N, ,0, , , , , ,606802, , , ,2,2,0,0,0,0,0,0,0,0,0,0,2,2,0,0,0,0,0,1,0,0,0,0,0,0,0,0,0,0,0,0,0,0,0,8,0,39.9232,-75.182, , 
 ,53263,2013067337,6,67,67301,2013,5,3,1620,16,1,1,0,1,1, , ,N,1,2,0,3,0,1,2,2,N,N,40 01:03.525,75 03:33.421,0, ,0, ,0, ,N, ,3, , , , , ,606804, , , ,2,1,0,0,0,0,0,1,0,0,1,0,1,0,0,0,0,0,0,0,1,0,0,0,0,0,0,0,0,0,0,0,0,0,0,3,0,40.0176,-75.0593, , 
 ,53264,2013070236,6,67,67301,2013,6,6,1620,16,1,2,1,4,1, , ,N,1,2,0,3,0,0,2,2,N,N,40 04:10.185,74 58:53.111,1635, ,1629,2,1,1,N, ,3,N, , , , ,606807, , , ,2,2,0,0,0,0,0,0,0,0,0,0,0,0,0,0,0,0,0,0,0,0,0,0,0,0,0,0,0,0,0,0,0,0,0,0,0,40.0695,-74.9814, , 
 ,53265,2013070337,6,67,67301,2013,6,4,2331,23,3,1,0,4,1, , ,N,1,2,0,3,0,0,2,2,N, ,39 58:11.966,75 08:35.145,36, ,31, ,0, , , ,3, , , , , ,606808, , , ,2,2,0,0,0,0,0,0,0,0,0,0,0,0,0,0,0,0,0,0,0,0,0,0,0,0,0,0,0,0,0,0,0,0,0,0,0,39.9699,-75.1431, , 
 ,53266,2013086219,6,67,67301,2013,8,6,2018,20,2,1,0,4,2, , ,N,0,0,7,3,0,1,2,2,N,N,40 02:13.900,75 10:23.880,2030, ,2021, ,0, ,N, ,0, , , , , ,606823, , , ,1,1,0,0,0,0,0,0,1,0,0,1,1,0,1,0,0,0,0,0,0,0,0,0,0,0,0,0,0,0,0,0,0,0,0,4,0,40.0372,-75.1733, , 
 ,53267,2014000437,6,67,67301,2013,11,5,2125,21,3,1,0,5,2, , ,N,0,0,0,3,0,2,2,3,N, ,40 03:56.065,75 05:24.453,2129, ,2127,2,1,1, , ,0,N, , , , ,609274, , , ,3,1,0,0,1,0,1,0,0,0,0,1,2,1,0,0,0,0,0,0,0,0,0,0,0,0,0,0,0,0,0,0,0,0,0,4,0,40.0656,-75.0901, , 
 ,53268,2014001107,6,67,67301,2013,12,2,1515,15,1,1,0,1,1, , ,N,0,2,0,3,0,1,3,2,N,N,40 03:14.987,75 00:20.025,1527, ,1523, ,0, ,N, ,3, , , , , ,609276, , , ,2,1,0,0,0,0,1,0,0,0,0,0,1,1,0,0,0,0,0,0,1,0,0,0,0,0,0,0,0,0,0,0,0,0,0,8,0,40.0542,-75.0056, , 
 ,53269,2013124639,6,67,67301,2013,11,6,1605,16,1,1,0,7,4, , ,N,0,0,0,3,0,1,1,1,N,N,39 59:18.312,75 06:09.507,1630, ,1616, ,0, ,N, ,0, , , , , ,609298, , , ,1,1,0,0,0,0,0,0,0,0,0,0,1,1,0,0,0,0,0,0,0,0,0,0,0,0,0,0,0,0,0,0,0,0,0,8,0,39.9884,-75.1026, , 
 ,53270,2013125907,6,67,67301,2013,10,6,1700,17,1,1,0,4,6, , ,N,0,0,0,3,0,2,2,3,N,N,39 59:24.430,75 09:19.088,1702, ,1701,9,2,7,N, ,0,Y, , , , ,609300, , , ,3,1,0,0,0,0,1,1,0,0,1,1,2,0,0,0,0,0,0,0,1,0,0,0,0,0,0,0,0,0,0,0,0,0,0,3,0,39.9901,-75.1553, , 
 ,53271,2014001040,6,67,67301,2013,11,4,841,8,1,2,1,4,1, , ,N,0,0,7,3,0,0,2,2,N,N,39 54:53.816,75 14:40.430,845, ,842,1,1,2,N, ,0,N, , , , ,609328, , , ,2,1,0,0,0,1,0,0,0,0,0,0,0,0,0,0,0,0,0,0,0,0,0,0,0,0,0,0,0,0,0,0,0,0,0,0,0,39.9149,-75.2446, , 
 ,53272,2014006791,6,67,67301,2013,12,7,1630,16,3,4,3,4,1, , ,N,1,2,0,3,0,1,2,2,N,N,39 58:41.837,75 14:46.077,1639, ,1639,1,1,1,N, ,3,Y, , , , ,609339, , , ,2,1,0,0,0,0,0,1,0,0,0,1,1,0,0,0,0,0,0,0,1,0,0,0,0,0,0,0,0,0,0,0,0,0,0,4,0,39.9783,-75.2461, , 
 ,53273,2013070257,6,67,67301,2013,6,7,1558,15,1,1,0,4,1, , ,N,1,3,0,3,0,1,4,2,N, ,40 04:27.789,75 10:13.486,1645, ,1638, ,0, , , ,3, , , , , ,609342, , , ,2,1,0,0,0,0,0,1,0,0,0,0,1,1,0,0,0,0,0,0,0,1,0,0,0,0,0,0,0,0,0,0,0,0,0,8,0,40.0744,-75.1704, , 
 ,53274,2013098429,6,67,67301,2013,8,2,2044,20,3,1,0,4,1, , ,N,1,2,0,3,0,2,3,2,N, ,40 01:54.231,75 10:43.900,2055, ,2050,9,1,2, , ,3,N, , , , ,609363, , , ,2,2,0,0,0,0,0,0,0,0,0,0,2,2,0,0,0,1,0,0,0,0,0,1,0,0,0,0,0,0,0,0,0,0,0,8,0,40.0317,-75.1789, , 
 ,53275,2013103619,6,67,67301,2013,10,6,1949,19,1,1,0,1,1, , ,N,0,0,0,3,0,0,2,2,N,N,39 53:34.887,75 13:54.784,2008, ,1952, ,0, ,N, ,0, , , , , ,609371, , , ,2,1,0,0,0,0,1,0,0,0,0,0,0,0,0,0,0,0,0,0,1,0,0,0,0,0,0,0,0,0,0,0,0,0,0,0,0,39.893,-75.2319, , 
 ,53276,2013121328,6,67,67301,2013,11,2,709,7,1,1,0,8,1, , ,N,2,2,7,3,0,1,2,2,N,N,39 54:51.954,75 09:11.336,715, ,713, ,0, ,N, ,3, , , , , ,609381, , , ,1,1,0,0,0,0,0,0,0,0,0,1,1,0,0,0,0,0,0,0,0,0,0,0,0,0,0,0,0,0,0,0,1,0,0,4,0,39.9144,-75.1531, , 
 ,53277,2013125882,6,67,67301,2013,8,5,1200,12,1,2,1,1,1, , ,N,0,0,0,3,0,1,2,3,N, ,39 55:07.875,75 12:26.028,1210, ,1203,3,2,4, , ,0,Y, , , , ,609386, , , ,3,2,0,0,1,0,0,0,0,0,0,0,1,1,0,0,0,0,0,0,1,0,0,0,0,0,0,0,0,0,0,0,0,0,0,8,0,39.9187,-75.2077, , 
 ,53278,2013103951,6,67,67301,2013,9,1,1703,17,1,1,0,4,1, , ,N,1,2,0,3,0,1,3,2,N,N,40 02:17.754,75 06:05.767,1705, ,1705, ,0, ,N, ,3, , , , , ,609399, , , ,2,2,0,0,0,0,0,0,0,0,0,1,1,0,0,0,0,0,0,0,0,1,0,0,0,0,0,0,0,0,0,0,0,0,0,4,0,40.0383,-75.1016, , 
 ,53279,2013106633,6,67,67301,2013,9,2,1646,16,1,1,0,8,1, , ,N,0,0,0,3,0,1,2,2,N, ,40 03:33.261,75 05:07.994,1850, ,1848, ,0, , , ,0, , , , , ,609404, , , ,1,1,0,0,0,0,0,0,0,0,0,0,1,1,0,0,0,0,0,1,0,0,0,1,0,0,0,0,0,0,0,0,1,0,0,8,0,40.0592,-75.0856, , 
 ,53280,2013123019,6,67,67301,2013,11,5,1400,14,1,2,1,4,1, , ,N,1,3,0,3,0,3,3,2,N, ,39 59:55.424,75 05:40.664,1450, ,1430,9,1,1, , ,3,N, , , , ,609416, , , ,2,2,0,0,0,0,0,0,0,0,1,2,3,0,0,0,0,0,1,0,0,0,0,0,0,0,0,0,0,0,0,0,0,0,0,3,0,39.9987,-75.0946, , 
 ,53281,2014009727,6,67,67301,2013,12,1,1455,14,1,2,1,4,1, , ,N,2,3,0,3,0,1,4,2,N,N,40 06:59.274,75 01:49.123,1615, ,1606, ,0, ,N, ,3, , , , , ,609430, , , ,2,2,0,0,0,0,0,0,0,0,0,0,1,1,0,0,0,0,0,0,0,1,0,0,0,0,0,0,0,0,0,0,0,0,0,8,0,40.1165,-75.0303, , 
 ,53282,2013123000,6,67,67301,2013,10,4,1259,12,1,1,0,4,1, , ,N,2,3,0,3,0,0,2,2,N, ,39 55:18.429,75 13:17.630,1305, ,1300, ,0, , , ,3, , , , , ,609439, , , ,2,1,0,0,0,0,1,0,0,0,0,0,0,0,1,0,0,0,0,0,0,1,0,0,0,0,0,0,0,0,0,0,0,0,0,9,0,39.9218,-75.2216, , 
 ,53283,2013125866,6,67,67301,2013,11,1,1740,17,3,1,0,4,1, , ,N,1,3,0,3,0,3,4,4,N,N,40 00:32.490,75 06:46.166,1744, ,1744,4,2,7,N, ,3,Y, , , , ,609442, , , ,4,2,0,0,0,0,2,0,0,0,3,0,3,0,0,0,0,0,0,0,1,0,0,0,0,0,0,0,0,0,0,0,0,0,0,3,0,40.009,-75.1128, , 