wz_ln_closure,objectid_1,crn,district,county,municipality,crash_year,crash_month,day_of_week,time_of_day,hour_of_day,illumination,weather,road_condition,collision_type,relation_to_road,work_zone_type,work_zone_loc,work_zone_ind,intersect_type,tcd_type,location_type,urban_rural,fatal_count,injury_count,person_count,total_units,sch_bus_ind,sch_zone_ind,latitude,longitude,arrival_tm,cons_zone_spd_lim,dispatch_tm,est_hrs_closed,lane_closed,ln_close_dir,ntfy_hiwy_maint,spec_juris_cd,tcd_func_cd,tfc_detour_ind,workers_pres,wz_close_detour,wz_flagger,wz_law_offcr_ind,objectid,wz_moving,wz_other,wz_shlder_mdn,vehicle_count,automobile_count,motorcycle_count,bus_count,small_truck_count,heavy_truck_count,suv_count,van_count,bicycle_count,maj_inj_count,mod_inj_count,min_inj_count,tot_inj_count,unk_inj_deg_count,unk_inj_per_count,driver_count_16yr,driver_count_17yr,driver_count_18yr,driver_count_19yr,driver_count_20yr,driver_count_50_64yr,driver_count_65_74yr,driver_count_75plus,unbelted_occ_count,unb_death_count,unb_maj_inj_count,belted_death_count,belted_maj_inj_count,mcycle_death_count,mcycle_maj_inj_count,bicycle_death_count,bicycle_maj_inj_count,ped_count,ped_death_count,ped_maj_inj_count,max_severity_level,comm_veh_count,dec_lat,dec_long,rdwy_surf_type_cd,county_name
 ,53284,2013129484,6,67,67301,2013,11,4,712,7,1,1,0,7,2, , ,N,0,0,0,3,0,2,3,1,N,N,39 58:17.044,75 09:30.891,718, ,714, ,0, , , ,0, , , , , ,609456, , , ,1,1,0,0,0,0,0,0,0,0,0,0,2,2,0,0,0,0,0,0,0,0,0,0,0,0,0,0,0,0,0,0,0,0,0,8,0,39.9714,-75.1586, , 
 ,53285,2013093156,6,67,67301,2013,8,3,635,6,1,2,1,1,1, , ,N,1,3,0,3,0,0,2,2,N, ,39 55:18.429,75 13:17.630,730, ,727, ,0, , , ,3, , , , , ,614704, , , ,2,1,0,0,0,0,1,0,0,0,0,0,0,0,2,0,0,0,0,0,1,0,0,0,0,0,0,0,0,0,0,0,0,0,0,9,0,39.9218,-75.2216, , 
 ,53286,2013098376,6,67,67301,2013,9,6,834,8,1,1,0,4,1, , ,N,1,2,0,3,0,1,2,2,N,N,39 58:44.768,75 09:40.008,834, ,834, ,0, , , ,3, , , , , ,614706, , , ,1,0,0,0,0,0,1,0,1,0,0,1,1,0,0,0,0,0,0,0,0,0,0,0,0,0,0,0,0,0,0,0,0,0,0,4,0,39.9791,-75.1611, , 
 ,53287,2013101255,6,67,67301,2013,9,6,905,9,1,1,1,4,1, , ,N,1,3,0,3,0,2,3,2,N,N,40 03:25.236,75 09:22.197,915, ,909, ,0, ,N, ,3, , , , , ,614710, , , ,2,2,0,0,0,0,0,0,0,0,0,2,2,0,0,0,0,0,0,0,1,0,0,0,0,0,0,0,0,0,0,0,0,0,0,4,0,40.057,-75.1562, , 
Y,53288,2013108643,6,67,67301,2013,10,1,1331,13,1,1,0,5,1,1,4,Y,0,0,0,3,0,2,5,3,N,N,39 58:19.813,75 07:21.509,1348,45,1335,1,1,2,N, ,0,N,N,N,N,N,614715,N,N,Y,3,2,0,0,1,0,0,0,0,0,1,1,2,0,0,0,1,0,0,1,0,0,0,0,0,0,0,0,0,0,0,0,0,0,0,3,0,39.9722,-75.1226, , 
 ,53289,2013109340,6,67,67301,2013,10,7,1555,15,1,1,0,4,1, , ,N,2,2,0,3,0,1,2,2,N,N,39 57:18.519,75 11:07.387,1625, ,1620, ,0, ,N, ,3, , , , , ,614718, , , ,1,1,0,0,0,0,0,0,1,0,0,1,1,0,0,0,0,0,0,0,0,0,0,0,0,0,0,0,0,0,0,0,0,0,0,4,0,39.9551,-75.1854, , 
 ,53290,2013098419,6,67,67301,2013,8,5,1443,14,1,1,0,5,6, , ,N,0,0,0,3,0,1,2,2,N,N,39 55:39.853,75 13:52.406,1451, ,1449, ,0, ,N, ,0, , , , , ,614737, , , ,1,1,0,0,0,0,0,0,1,0,0,1,1,0,0,0,0,0,0,0,0,0,0,0,0,0,0,0,0,0,0,0,0,0,0,4,0,39.9277,-75.2312, , 
 ,53291,2013070333,6,67,67301,2013,5,4,1942,19,1,1,0,5,1, , ,N,0,0,0,3,0,1,2,2,N,N,39 58:54.301,75 14:18.397,1945, ,1945, ,0, ,N, ,0, , , , , ,614758, , , ,1,0,0,0,0,0,0,1,1,0,0,1,1,0,0,0,0,0,0,0,0,0,0,0,0,0,0,0,0,0,0,0,0,0,0,4,0,39.9818,-75.2384, , 
 ,53292,2013086897,6,67,67301,2013,8,6,2030,20,1,1,0,6,1, , ,N,0,0,0,3,0,1,3,4,N, ,39 59:43.751,75 05:34.365,2050, ,2040,1,2,7, , ,0,Y, , , , ,614768, , , ,4,3,0,0,1,0,0,0,0,0,0,1,1,0,0,0,0,0,0,0,0,0,0,0,0,0,0,0,0,0,0,0,0,0,0,4,0,39.9955,-75.0929, , 
 ,53293,2013129421,6,67,67301,2013,11,3,1544,15,1,1,0,0,1, , ,N,2,2,0,3,0,3,3,1,N,N,39 54:50.677,75 13:17.187,1554, ,1544, ,0, ,N, ,3, , , , , ,614785, , , ,1,0,0,0,0,0,1,0,0,0,0,0,3,3,0,0,0,0,0,0,0,0,0,0,0,0,0,0,0,0,0,0,0,0,0,8,0,39.9141,-75.2214, , 
 ,53294,2013133082,6,67,67301,2013,11,1,9999,99,3,1,0,7,3, , ,N,1,2,0,3,0,1,1,1,N,N,39 58:01.623,75 09:37.609,435, ,430, ,0, , , ,3, , , , , ,614787, , , ,1,1,0,0,0,0,0,0,0,0,0,1,1,0,0,0,0,0,0,0,0,0,0,1,0,0,0,0,0,0,0,0,0,0,0,4,0,39.967,-75.1603, , 
 ,53295,2013134226,6,67,67301,2013,12,7,1555,15,1,1,0,1,1, , ,N,0,0,0,3,0,0,2,2,N,N,40 03:16.000,74 59:06.664,1640, ,1624, ,0, ,N, ,0, , , , , ,614789, , , ,2,1,0,0,1,0,0,0,0,0,0,0,0,0,0,0,0,0,0,0,0,0,0,0,0,0,0,0,0,0,0,0,0,0,0,0,0,40.0544,-74.9853, , 
 ,53296,2014001096,6,67,67301,2013,11,7,724,7,1,1,0,6,1, , ,N,0,0,0,3,0,2,3,2,N,N,40 02:20.629,75 08:44.798,734, ,725, ,0, ,N, ,0, , , , , ,614791, , , ,2,1,0,1,0,0,0,0,0,0,0,0,2,2,0,0,0,0,0,0,0,0,0,0,0,0,0,0,0,0,0,0,0,0,0,8,1,40.0391,-75.1458, , 
 ,53297,2013103139,6,67,67301,2013,10,2,1703,17,1,2,8,5,1, , ,N,0,0,0,3,0,0,5,5,N,N,39 58:52.333,75 12:24.572,1707, ,1703,3,1,3,N, ,0,N, , , , ,614795, , , ,5,4,0,0,0,0,1,0,0,0,0,0,0,0,0,0,0,0,0,0,1,0,0,0,0,0,0,0,0,0,0,0,0,0,0,0,0,39.9812,-75.2068, , 
 ,53298,2013103984,6,67,67301,2013,9,6,1930,19,3,1,0,4,1, , ,N,1,2,0,3,0,1,4,2,N,N,40 04:51.448,75 01:44.242,1937, ,1932,1,1,4,N, ,3,N, , , , ,614799, , , ,2,1,0,0,0,0,1,0,0,0,0,1,1,0,0,0,0,0,0,0,0,0,0,0,0,0,0,0,0,0,0,0,0,0,0,4,0,40.0811,-75.0289, , 
 ,53299,2014006855,6,67,67301,2013,12,1,1104,11,1,4,1,5,1, , ,N,0,0,0,3,0,1,2,2,N,N,40 00:01.693,75 13:30.769,1130, ,1114, ,0, ,N, ,0, , , , , ,614831, , , ,2,2,0,0,0,0,0,0,0,0,0,0,1,1,0,0,0,0,0,0,1,0,0,0,0,0,0,0,0,0,0,0,0,0,0,8,0,40.0005,-75.2252, , 
 ,53300,2013098438,6,67,67301,2013,7,2,2145,21,3,1,0,8,1, , ,N,1,2,0,3,0,1,2,2,N,N,40 01:59.865,75 02:15.694,2159, ,2148,9,2,6,N, ,3,Y, , , , ,614835, , , ,1,1,0,0,0,0,0,0,0,0,0,0,1,1,0,0,0,0,0,0,0,0,0,0,0,0,0,0,0,0,0,0,1,0,0,8,0,40.0332,-75.0378, , 
 ,53301,2013101058,6,67,67301,2013,8,6,1355,13,1,1,0,8,1, , ,N,1,2,0,3,0,1,3,2,N,N,39 58:28.752,75 07:18.052,1403, ,1357, ,0, ,N, ,3, , , , , ,614841, , , ,1,1,0,0,0,0,0,0,0,0,0,1,1,0,2,0,0,0,0,0,0,0,0,0,0,0,0,0,0,0,0,0,1,0,0,4,0,39.9747,-75.1217, , 
 ,53302,2013103988,6,67,67301,2013,9,3,1130,11,1,1,0,4,1, , ,N,1,2,0,3,0,2,2,2,N,N,40 02:49.617,75 11:36.470,1150, ,1133, ,0, ,N, ,3, , , , , ,614842, , , ,2,1,0,0,0,0,1,0,0,0,0,2,2,0,0,0,0,0,0,0,0,2,0,0,0,0,0,0,0,0,0,0,0,0,0,4,0,40.0471,-75.1935, , 
 ,53303,2013125873,6,67,67301,2013,11,5,1550,15,1,1,0,4,1, , ,N,1,2,0,3,0,1,2,2,Y,N,40 02:32.725,75 04:57.598,1641, ,1553, ,0, ,N, ,3, , , , , ,612210, , , ,2,1,0,1,0,0,0,0,0,0,1,0,1,0,0,0,0,0,0,0,0,1,0,0,0,0,0,0,0,0,0,0,0,0,0,3,1,40.0424,-75.0827, , 
 ,53304,2013129400,6,67,67301,2013,11,5,1539,15,1,1,0,5,2, , ,N,0,0,0,3,0,0,1,3,N, ,40 00:14.488,75 08:55.272,1652, ,1642, ,0, , , ,0, , , , , ,612215, , , ,3,1,0,0,0,0,1,1,0,0,0,0,0,0,0,0,0,0,0,0,0,1,0,0,0,0,0,0,0,0,0,0,0,0,0,0,0,40.004,-75.1487, , 
 ,53305,2014009753,6,67,67301,2013,12,2,9999,99,3,1,0,7,5, , ,N,0,0,0,3,0,0,1,1,N,N,40 00:04.340,75 04:17.430,1756, ,1754, ,0, ,N, ,0, , , , , ,612224, , , ,1,0,0,0,1,0,0,0,0,0,0,0,0,0,0,0,0,0,0,0,0,0,0,0,0,0,0,0,0,0,0,0,0,0,0,0,0,40.0012,-75.0715, , 
 ,53306,2013125931,6,67,67301,2013,11,3,625,6,3,2,1,8,1, , ,N,2,2,0,3,0,1,2,2,N,N,40 01:26.448,75 04:36.304,720, ,720, ,0, ,N, ,3, , , , , ,612229, , , ,1,0,0,0,0,0,0,0,0,0,0,1,1,0,0,0,0,0,0,0,0,0,0,0,0,0,0,0,0,0,0,0,1,0,0,4,0,40.024,-75.0768, , 
 ,53307,2013126531,6,67,67301,2013,10,7,1918,19,2,2,1,7,2, , ,N,0,0,0,3,0,0,1,1,N,N,39 59:39.972,75 11:32.309,1919, ,1918, ,0, , , ,0, , , , , ,612230, , , ,1,1,0,0,0,0,0,0,0,0,0,0,0,0,0,0,0,0,0,0,0,0,0,0,0,0,0,0,0,0,0,0,0,0,0,0,0,39.9944,-75.1923, , 
 ,53308,2014001067,6,67,67301,2013,11,5,18,0,3,1,0,4,1, , ,N,2,3,0,3,0,0,2,2,N,N,40 02:51.525,75 08:09.952,26, ,26,2,2,5,N, ,3,Y, , , , ,612238, , , ,2,2,0,0,0,0,0,0,0,0,0,0,0,0,0,0,0,0,0,0,0,0,0,0,0,0,0,0,0,0,0,0,0,0,0,0,0,40.0476,-75.1361, , 
 ,53309,2014002788,6,67,67301,2013,11,4,535,5,3,1,0,4,1, , ,N,1,2,0,3,0,0,2,2,N,N,40 01:17.486,75 08:23.326,555, ,549, ,0, ,N, ,3, , , , , ,612240, , , ,2,1,0,0,0,0,0,0,0,0,0,0,0,0,0,0,0,0,0,0,0,0,0,0,0,0,0,0,0,0,0,0,0,0,0,0,0,40.0215,-75.1398, , 
 ,53310,2014013592,6,67,67301,2013,12,3,9999,99,3,1,0,1,1, , ,N,1,2,0,3,0,1,3,2,N,N,39 57:40.435,75 08:47.767,225, ,220, ,0, ,N, ,3, , , , , ,612245, , , ,2,2,0,0,0,0,0,0,0,0,0,0,1,1,0,0,0,0,0,0,0,0,0,0,0,0,0,0,0,0,0,0,0,0,0,8,0,39.9612,-75.1466, , 
 ,53311,2013101759,6,67,67301,2013,9,4,9999,99,1,1,0,4,1, , ,N,2,0,0,3,0,1,4,3,N, ,39 59:25.686,75 05:12.763,1725, ,1720,3,1,5,N, ,0,N, , , , ,612250, , , ,3,2,0,0,0,0,1,0,0,0,0,1,1,0,0,0,0,0,0,0,1,0,0,0,0,0,0,0,0,0,0,0,0,0,0,4,0,39.9905,-75.0869, , 
 ,53312,2013111912,6,67,67301,2013,9,7,9999,99,4,1,0,8,1, , ,N,0,0,0,3,0,1,2,2,N,N,40 02:59.150,75 10:18.490,1826, ,1825,3,2,1,N, ,0,Y, , , , ,612263, , , ,1,0,0,0,0,0,0,1,0,0,1,0,1,0,0,0,0,0,0,0,0,0,0,0,0,0,0,0,0,0,0,0,1,0,0,3,0,40.0498,-75.1718, , 
 ,53313,2013130051,6,67,67301,2013,11,7,2350,23,3,1,0,1,1, , ,N,1,2,0,3,0,2,3,2,N, ,40 01:00.708,75 08:58.113,30, ,30, ,0, , , ,9, , , , , ,612287, , , ,2,2,0,0,0,0,0,0,0,0,0,2,2,0,0,0,0,0,0,1,0,0,0,0,0,0,0,0,0,0,0,0,0,0,0,4,0,40.0169,-75.1495, , 
 ,53314,2014016047,6,67,67301,2013,10,6,1846,18,4,1,0,4,1, , ,N,1,2,0,3,0,2,3,2,N,N,40 03:53.766,75 03:05.562,0, ,0, ,0, ,N, ,3, , , , , ,612294, , , ,2,0,0,0,0,0,0,2,0,0,1,0,2,1,1,0,0,0,0,0,0,0,0,0,0,0,0,0,0,0,0,0,0,0,0,3,0,40.0649,-75.0515, , 
 ,53315,2014003325,6,67,67301,2013,11,3,2320,23,3,2,1,4,1, , ,N,1,2,7,3,0,1,3,2,N,N,40 01:47.658,75 08:45.592,9999, ,2354, ,0, ,N, ,3, , , , , ,612317, , , ,2,2,0,0,0,0,0,0,0,0,0,1,1,0,0,0,0,0,0,0,1,0,0,0,0,0,0,0,0,0,0,0,0,0,0,4,0,40.0299,-75.146, , 
 ,53316,2014013098,6,67,67301,2013,12,1,2246,22,3,1,0,4,1, , ,N,2,2,0,3,0,1,2,2,N, ,39 58:13.489,75 08:47.550,15, ,8, ,0, , , ,3, , , , , ,612347, , , ,1,0,0,0,0,0,0,0,1,0,0,1,1,0,1,0,0,0,0,0,0,0,0,0,0,0,0,0,0,0,0,0,0,0,0,4,0,39.9703,-75.1466, , 
 ,53317,2013129462,6,67,67301,2013,11,3,640,6,5,1,0,4,1, , ,N,1,3,0,3,0,0,2,2,N,N,40 01:23.210,75 07:26.428,705, ,700, ,0, ,N, ,3, , , , , ,612371, , , ,2,1,0,0,0,0,1,0,0,0,0,0,0,0,0,0,0,0,0,0,0,0,0,0,0,0,0,0,0,0,0,0,0,0,0,0,0,40.0231,-75.124, , 
 ,53318,2013106720,6,67,67301,2013,9,3,2230,22,3,1,0,4,1, , ,N,1,2,0,3,0,0,5,3,N,N,39 58:01.869,75 10:01.127,2235, ,2232, ,0, ,N, ,3, , , , , ,612373, , , ,3,3,0,0,0,0,0,0,0,0,0,0,0,0,0,0,0,0,0,1,0,0,0,0,0,0,0,0,0,0,0,0,0,0,0,0,0,39.9672,-75.167, , 
 ,53319,2013109433,6,67,67301,2013,9,2,1922,19,3,1,0,1,1, , ,N,2,2,0,3,0,2,3,2,N,N,39 55:41.566,75 13:50.404,2015, ,2010, ,0, ,N, ,3, , , , , ,612376, , , ,2,2,0,0,0,0,0,0,0,0,0,2,2,0,0,0,0,0,0,0,0,0,0,0,0,0,0,0,0,0,0,0,0,0,0,4,0,39.9282,-75.2307, , 
 ,53320,2014002751,6,67,67301,2013,12,2,9999,99,3,1,0,1,1, , ,N,1,2,0,3,0,1,3,2,N,N,40 03:09.399,75 08:01.755,1745, ,1729, ,0, ,N, ,3, , , , , ,612402, , , ,2,2,0,0,0,0,0,0,0,0,1,0,1,0,2,0,0,0,0,0,0,0,0,0,0,0,0,0,0,0,0,0,0,0,0,3,0,40.0526,-75.1338, , 
 ,53321,2014009732,6,67,67301,2013,12,7,1950,19,3,1,0,4,1, , ,N,1,3,0,3,0,1,2,4,N, ,39 59:51.432,75 07:46.127,9999, ,9999, ,0, ,N, ,3, , , , , ,612403, , , ,4,3,0,0,0,0,1,0,0,0,0,0,1,1,0,0,0,0,0,0,1,0,0,0,0,0,0,0,0,0,0,0,0,0,0,8,0,39.9976,-75.1295, , 
 ,53322,2014009677,6,67,67301,2013,12,5,2003,20,3,2,1,7,3, , ,N,0,0,0,3,0,1,2,1,N, ,39 54:58.016,75 13:12.148,2020, ,2006, ,0, , , ,0, , , , , ,606841, , , ,1,1,0,0,0,0,0,0,0,0,0,1,1,0,0,0,0,0,0,0,0,0,0,0,0,0,0,0,0,0,0,0,0,0,0,4,0,39.9161,-75.22, , 
 ,53323,2013109447,6,67,67301,2013,10,1,445,4,3,1,0,5,2, , ,N,0,0,0,3,0,1,1,4,N,N,39 59:37.798,75 07:26.432,1715, ,710, ,0, ,N, ,0, , , , , ,606843, , , ,4,1,0,0,1,0,2,0,0,0,0,1,1,0,0,0,0,0,0,0,0,0,0,0,0,0,0,0,0,0,0,0,0,0,0,4,0,39.9938,-75.124, , 
 ,53324,2013114970,6,67,67301,2013,11,3,1633,16,1,1,0,7,4, , ,N,0,0,0,3,0,0,1,1,N,N,39 59:00.827,75 05:52.243,1648, ,1635, ,0, ,N, ,0, , , , , ,606845, , , ,1,0,0,0,0,0,1,0,0,0,0,0,0,0,0,0,0,0,0,0,0,0,0,0,0,0,0,0,0,0,0,0,0,0,0,0,0,39.9836,-75.0978, , 
 ,53325,2013121746,6,67,67301,2013,11,6,1654,16,3,1,1,4,1, , ,N,0,0,0,3,0,0,6,2,N,N,39 58:57.309,75 12:27.900,1654, ,1654,2,1,4,N, ,0,N, , , , ,606851, , , ,2,1,0,0,0,0,1,0,0,0,0,0,0,0,0,0,0,0,1,0,1,0,0,0,0,0,0,0,0,0,0,0,0,0,0,0,0,39.9826,-75.2078, , 
 ,53326,2013123002,6,67,67301,2013,11,7,2350,23,3,1,0,5,1, , ,N,0,0,0,3,0,0,1,2,N,N,40 01:32.718,75 09:46.425,23, ,18, ,0, , , ,0, , , , , ,606853, , , ,2,1,0,0,0,0,1,0,0,0,0,0,0,0,0,0,0,0,0,0,0,0,0,0,0,0,0,0,0,0,0,0,0,0,0,0,0,40.0258,-75.1629, , 
 ,53327,2014001121,6,67,67301,2013,11,6,55,0,3,1,0,5,6, , ,N,0,0,0,3,0,1,1,3,N,N,39 58:16.726,75 08:52.425,100, ,55, ,0, ,N, ,0, , , , , ,606857, , , ,3,2,0,0,1,0,0,0,0,0,1,0,1,0,0,0,0,0,0,0,0,0,0,0,0,0,0,0,0,0,0,0,0,0,0,3,0,39.9713,-75.1479, , 
 ,53328,2013103916,6,67,67301,2013,9,1,1943,19,3,1,0,8,6, , ,N,0,0,0,3,0,1,3,2,N, ,39 58:16.610,75 09:27.480,1955, ,1944, ,0, , , ,0, , , , , ,606858, , , ,1,1,0,0,0,0,0,0,0,0,0,0,1,1,0,0,0,0,0,0,0,0,0,0,0,0,0,0,0,0,0,0,1,0,0,8,0,39.9713,-75.1576, , 
 ,53329,2013111432,6,67,67301,2013,10,3,1615,16,1,1,0,1,1, , ,N,0,0,0,3,0,0,2,2,N,N,39 58:37.197,75 11:56.205,1622, ,1615, ,0, ,N, ,0, , , , , ,606870, , , ,2,1,0,0,0,0,1,0,0,0,0,0,0,0,0,0,0,0,0,0,0,0,0,0,0,0,0,0,0,0,0,0,0,0,0,0,0,39.977,-75.1989, , 
 ,53330,2013114461,6,67,67301,2013,10,3,9999,99,3,1,0,8,1, , ,N,0,0,0,3,0,1,2,2,N,N,39 59:24.526,75 10:55.500,1848, ,1845, ,0, ,N, ,0, , , , , ,606871, , , ,1,1,0,0,0,0,0,0,0,0,0,1,1,0,0,0,0,0,0,0,1,0,0,0,0,0,0,0,0,0,0,0,1,0,0,4,0,39.9901,-75.1821, , 
 ,53331,2014006871,6,67,67301,2013,12,4,1240,12,1,1,5,4,1, , ,N,1,2,0,3,0,1,3,3,N,N,40 01:13.222,75 06:50.843,1242, ,1242, ,0, ,N, ,3, , , , , ,606892, , , ,3,3,0,0,0,0,0,0,0,0,0,0,1,1,0,0,0,0,0,0,0,1,0,0,0,0,0,0,0,0,0,0,0,0,0,8,0,40.0202,-75.1141, , 
 ,53332,2014013128,6,67,67301,2013,12,3,1030,10,1,1,0,5,1, , ,N,0,0,0,3,0,1,2,5,N,N,40 00:19.386,75 06:32.417,1100, ,1040, ,0, ,N, ,0, , , , , ,606894, , , ,4,2,0,0,1,0,1,0,0,0,0,0,1,1,0,0,0,0,0,0,0,0,0,0,0,0,0,0,0,0,0,0,1,0,0,8,0,40.0054,-75.109, , 
 ,53333,2014013178,6,67,67301,2013,12,3,2244,22,3,1,0,4,1, , ,N,2,0,0,3,0,0,7,2,N, ,40 02:34.600,75 03:23.294,2310, ,2259, ,0, , , ,0, , , , , ,606895, , , ,2,1,0,0,0,0,1,0,0,0,0,0,0,0,0,0,0,0,0,0,1,0,0,0,0,0,0,0,0,0,0,0,0,0,0,0,0,40.0429,-75.0565, , 
 ,53334,2013121423,6,67,67301,2013,10,3,1624,16,1,1,0,5,1, , ,N,0,0,0,3,0,0,2,3,N,N,39 54:41.500,75 14:40.210,1857, ,1853,3,2,2,N, ,0,Y, , , , ,606908, , , ,3,1,0,0,0,0,1,1,0,0,0,0,0,0,0,0,0,0,0,0,0,1,0,1,0,0,0,0,0,0,0,0,0,0,0,0,0,39.9115,-75.2445, , 
 ,53335,2013134229,6,67,67301,2013,12,1,1514,15,1,2,7,7,4, , ,N,0,0,0,3,0,0,1,1,N,N,40 02:24.256,75 00:21.667,1522, ,1521, ,0, ,N, ,0, , , , , ,606916, , , ,1,1,0,0,0,0,0,0,0,0,0,0,0,0,0,0,0,0,0,0,0,0,0,0,0,0,0,0,0,0,0,0,0,0,0,0,0,40.04,-75.0061, , 
 ,53336,2013114096,6,67,67301,2013,11,1,1527,15,1,1,0,7,2, , ,N,0,0,0,3,0,0,3,1,N,N,39 59:22.193,75 05:15.520,1541, ,1528,1,1,2,N, ,0,N, , , , ,606926, , , ,1,1,0,0,0,0,0,0,0,0,0,0,0,0,0,0,1,0,0,0,0,0,0,0,0,0,0,0,0,0,0,0,0,0,0,0,0,39.9895,-75.0876, , 
 ,53337,2013129434,6,67,67301,2013,11,4,9999,99,1,1,0,4,1, , ,N,0,0,0,3,0,1,2,2,N,N,39 59:51.704,75 07:23.039,800, ,809, ,0, , , ,0, , , , , ,606940, , , ,2,1,0,0,0,0,0,0,0,0,0,0,1,1,0,0,0,0,0,0,0,0,0,0,0,0,0,0,0,0,0,0,0,0,0,8,0,39.9977,-75.1231, , 
 ,53338,2013122983,6,67,67301,2013,11,6,9999,99,1,1,0,8,1, , ,N,1,2,0,3,0,1,2,2,N,N,40 02:39.450,75 03:14.767,1655, ,1653, ,0, ,N, ,3, , , , , ,606956, , , ,1,1,0,0,0,0,0,0,0,0,1,0,1,0,0,0,0,0,0,0,0,0,0,0,0,0,0,0,0,0,0,0,1,0,0,3,0,40.0443,-75.0541, , 
 ,53339,2014002766,6,67,67301,2013,11,6,1440,14,1,2,1,2,1, , ,N,0,0,0,3,0,0,2,2,N,N,40 02:16.782,75 13:50.911,1458, ,1450, ,0, ,N, ,0, , , , , ,606969, , , ,2,1,0,0,0,1,0,0,0,0,0,0,0,0,0,0,0,0,0,0,0,0,0,0,0,0,0,0,0,0,0,0,0,0,0,0,1,40.038,-75.2308, , 
 ,53340,2013111444,6,67,67301,2013,11,6,1045,10,1,2,1,1,1, , ,N,0,0,0,3,0,1,4,2,N,N,39 58:16.971,75 07:25.941,1058, ,1049,1,2,2,N, ,0,N, , , , ,606978, , , ,2,0,0,0,0,0,2,0,0,0,1,0,1,0,1,0,0,0,0,0,0,0,0,0,0,0,0,0,0,0,0,0,0,0,0,3,0,39.9714,-75.1239, , 
 ,53341,2014009661,6,67,67301,2013,12,1,848,8,1,2,1,4,1, , ,N,1,3,0,3,0,1,2,2,N, ,40 03:31.504,75 03:02.099,928, ,921, ,0, , , ,3, , , , , ,609466, , , ,2,0,0,0,1,0,1,0,0,0,0,1,1,0,0,0,0,0,0,0,0,0,0,0,0,0,0,0,0,0,0,0,0,0,0,4,0,40.0588,-75.0506, , 
 ,53342,2013111797,6,67,67301,2013,9,2,2340,23,3,1,0,1,1, , ,N,2,3,0,3,0,1,2,2,N,N,40 02:39.393,75 10:28.120,2342, ,2340, ,0, , , ,3, , , , , ,609470, , , ,2,2,0,0,0,0,0,0,0,0,0,0,1,1,0,0,0,0,0,0,0,0,0,0,0,0,0,0,0,0,0,0,0,0,0,8,0,40.0443,-75.1745, , 
 ,53343,2013114464,6,67,67301,2013,10,1,2045,20,3,1,0,7,5, , ,N,1,2,0,3,0,1,1,1,N,N,40 02:39.450,75 03:14.767,2100, ,2050, ,0, ,N, ,3, , , , , ,609473, , , ,1,1,0,0,0,0,0,0,0,0,0,0,1,1,0,0,0,0,0,0,0,0,0,1,0,0,0,0,0,0,0,0,0,0,0,8,0,40.0443,-75.0541, , 
 ,53344,2013114973,6,67,67301,2013,11,7,2358,23,3,1,0,1,1, , ,N,6,0,2,3,0,0,2,2,N,N,39 56:53.195,75 11:13.064,20, ,16, ,0, ,N, ,0, , , , , ,609474, , , ,2,2,0,0,0,0,0,0,0,0,0,0,0,0,0,0,0,0,0,0,1,0,0,0,0,0,0,0,0,0,0,0,0,0,0,0,0,39.9481,-75.187, , 
 ,53345,2013122078,6,67,67301,2013,11,6,1559,15,1,1,0,1,1, , ,N,0,0,0,3,0,2,3,3,N,N,39 59:07.221,75 09:03.481,1653, ,1559, ,0, ,N, ,0, , , , , ,609482, , , ,3,1,0,0,0,0,0,0,0,0,1,1,2,0,0,0,0,0,0,0,0,0,0,0,0,0,0,0,0,0,0,0,0,0,0,3,0,39.9853,-75.151, , 
 ,53346,2013129443,6,67,67301,2013,11,1,26,0,3,1,0,4,1, , ,N,1,0,0,3,0,1,4,2,N, ,40 00:10.512,75 07:37.113,30, ,26, ,0, , , ,0, , , , , ,609487, , , ,2,2,0,0,0,0,0,0,0,0,0,0,1,1,0,0,0,0,0,0,0,0,0,0,0,0,0,0,0,0,0,0,0,0,0,8,0,40.0029,-75.127, , 
 ,53347,2013101729,6,67,67301,2013,9,1,9999,99,1,1,0,4,1, , ,N,1,3,0,3,0,1,2,2,N,N,39 56:24.176,75 10:28.174,1850, ,1842, ,0, ,N, ,3, , , , , ,609501, , , ,1,1,0,0,0,0,0,0,1,0,0,0,1,1,1,0,0,0,0,0,0,0,0,0,0,0,0,0,0,0,0,0,0,0,0,8,0,39.94,-75.1745, , 
 ,53348,2013095950,6,67,67301,2013,8,1,800,8,1,1,0,8,1, , ,N,2,3,0,3,0,1,2,2,N, ,39 55:17.742,75 14:24.338,1054, ,1043, ,0, , , ,3, , , , , ,609540, , , ,1,0,0,0,0,0,1,0,0,0,0,1,1,0,1,0,0,0,0,0,0,0,0,0,0,0,0,0,0,0,0,0,1,0,0,4,0,39.9216,-75.2401, , 
 ,53349,2013114510,6,67,67301,2013,10,6,656,6,5,1,0,4,1, , ,N,2,2,7,3,0,1,2,2,N,N,39 56:45.926,75 11:54.625,659, ,656, ,0, ,N, ,3, , , , , ,609551, , , ,1,0,0,0,0,0,0,1,1,0,0,1,1,0,0,0,0,0,0,0,1,0,0,0,0,0,0,0,0,0,0,0,0,0,0,4,0,39.9461,-75.1985, , 
 ,53350,2013080097,6,67,67301,2013,6,1,2155,21,3,1,0,4,1, , ,N,1,2,0,3,0,1,2,2,N,N,39 57:08.078,75 12:24.915,2200, ,2155, ,0, ,N, ,3, , , , , ,609562, , , ,1,1,0,0,0,0,0,0,1,0,0,1,1,0,0,0,0,0,0,0,1,0,0,0,0,0,0,0,0,0,0,0,0,0,0,4,0,39.9522,-75.2069, , 