wz_ln_closure,objectid_1,crn,district,county,municipality,crash_year,crash_month,day_of_week,time_of_day,hour_of_day,illumination,weather,road_condition,collision_type,relation_to_road,work_zone_type,work_zone_loc,work_zone_ind,intersect_type,tcd_type,location_type,urban_rural,fatal_count,injury_count,person_count,total_units,sch_bus_ind,sch_zone_ind,latitude,longitude,arrival_tm,cons_zone_spd_lim,dispatch_tm,est_hrs_closed,lane_closed,ln_close_dir,ntfy_hiwy_maint,spec_juris_cd,tcd_func_cd,tfc_detour_ind,workers_pres,wz_close_detour,wz_flagger,wz_law_offcr_ind,objectid,wz_moving,wz_other,wz_shlder_mdn,vehicle_count,automobile_count,motorcycle_count,bus_count,small_truck_count,heavy_truck_count,suv_count,van_count,bicycle_count,maj_inj_count,mod_inj_count,min_inj_count,tot_inj_count,unk_inj_deg_count,unk_inj_per_count,driver_count_16yr,driver_count_17yr,driver_count_18yr,driver_count_19yr,driver_count_20yr,driver_count_50_64yr,driver_count_65_74yr,driver_count_75plus,unbelted_occ_count,unb_death_count,unb_maj_inj_count,belted_death_count,belted_maj_inj_count,mcycle_death_count,mcycle_maj_inj_count,bicycle_death_count,bicycle_maj_inj_count,ped_count,ped_death_count,ped_maj_inj_count,max_severity_level,comm_veh_count,dec_lat,dec_long,rdwy_surf_type_cd,county_name
 ,53417,2014002763,6,67,67301,2013,11,3,1305,13,1,1,0,4,1, , ,N,1,0,0,3,0,2,2,2,N,N,39 57:51.440,75 14:47.280,1334, ,1305,2,1,1,N, ,0,N, , , , ,609628, , , ,2,2,0,0,0,0,0,0,0,0,2,0,2,0,0,0,0,0,0,0,0,0,0,0,0,0,0,0,0,0,0,0,0,0,0,3,0,39.9643,-75.2464, , 
 ,53418,2014002796,6,67,67301,2013,11,3,325,3,3,1,0,1,6, , ,N,0,0,0,3,0,0,1,3,N,N,39 59:00.082,75 07:32.669,335, ,328,2,1,1,N, ,0,N, , , , ,609629, , , ,3,1,0,0,1,0,1,0,0,0,0,0,0,0,1,0,0,0,0,0,0,0,0,0,0,0,0,0,0,0,0,0,0,0,0,9,0,39.9834,-75.1257, , 
 ,53419,2014006876,6,67,67301,2013,12,4,1310,13,1,8,0,2,1, , ,N,0,0,7,3,0,1,2,2,N,N,39 58:30.405,75 07:14.942,1328, ,1310, ,0, ,N, ,0, , , , , ,609631, , , ,2,1,0,0,0,0,1,0,0,0,0,1,1,0,0,0,0,0,0,0,0,0,1,0,0,0,0,0,0,0,0,0,0,0,0,4,0,39.9751,-75.1208, , 
 ,53420,2014013127,6,67,67301,2013,12,1,418,4,3,1,0,0,1, , ,N,0,0,0,3,0,1,2,2,N,N,39 54:35.775,75 13:21.896,429, ,421,2,2,6,N, ,0,Y, , , , ,609632, , , ,2,1,0,0,0,0,0,1,0,0,0,1,1,0,0,0,0,0,0,0,0,0,0,0,0,0,0,0,0,0,0,0,0,0,0,4,0,39.9099,-75.2227, , 
 ,53421,2013098421,6,67,67301,2013,9,1,1738,17,1,1,0,4,1, , ,N,1,2,0,3,0,1,2,2,N,N,39 59:59.406,75 06:53.294,1742, ,1742, ,0, ,N, ,3, , , , , ,609636, , , ,1,1,0,0,0,0,0,0,1,0,0,1,1,0,0,0,0,0,0,0,0,0,0,0,0,0,0,0,0,0,0,0,0,0,0,4,0,39.9998,-75.1148, , 
 ,53422,2013111870,6,67,67301,2013,10,4,1920,19,3,1,0,3,2, , ,N,0,0,0,3,0,1,2,2,N,N,39 57:10.226,75 11:32.555,1926, ,1924, ,0, ,N, ,0, , , , , ,609647, , , ,1,0,0,0,0,0,1,0,1,0,0,1,1,0,0,0,0,0,0,0,0,0,0,1,0,0,0,0,0,0,0,0,0,0,0,4,0,39.9528,-75.1924, , 
 ,53423,2014006828,6,67,67301,2013,12,3,1740,17,3,4,4,1,1, , ,N,0,2,0,3,0,1,3,3,N, ,40 04:55.691,75 03:56.642,1745, ,1743, ,0, , , ,3, , , , , ,609669, , , ,3,3,0,0,0,0,0,0,0,0,0,0,1,1,1,0,0,0,0,0,2,0,0,0,0,0,0,0,0,0,0,0,0,0,0,8,0,40.0821,-75.0657, , 
 ,53424,2014013585,6,67,67301,2013,12,7,9999,99,3,1,0,1,1, , ,N,0,0,0,3,0,0,2,2,N,N,40 00:53.343,75 10:40.373,14, ,12, ,0, ,N, ,0, , , , , ,609685, , , ,2,2,0,0,0,0,0,0,0,0,0,0,0,0,0,0,0,0,0,0,1,0,0,0,0,0,0,0,0,0,0,0,0,0,0,0,0,40.0148,-75.1779, , 
 ,53425,2013121462,6,67,67301,2013,10,6,650,6,1,1,0,8,1, , ,N,1,2,0,3,0,1,2,2,N,N,40 01:13.809,75 11:32.576,830, ,821, ,0, ,N, ,3, , , , , ,609699, , , ,1,1,0,0,0,0,0,0,0,0,1,0,1,0,0,0,0,0,0,0,1,0,0,0,0,0,0,0,0,0,0,0,1,0,0,3,0,40.0205,-75.1924, , 
 ,53426,2013129461,6,67,67301,2013,11,5,1350,13,1,1,0,1,1, , ,N,1,2,0,3,0,2,2,2,N,N,40 06:08.902,74 58:55.293,1357, ,1350,1,1,4, , ,3,N, , , , ,609706, , , ,2,1,0,0,0,0,1,0,0,0,0,2,2,0,0,0,0,0,0,0,1,0,0,0,0,0,0,0,0,0,0,0,0,0,0,4,0,40.1025,-74.982, , 
 ,53427,2014009696,6,67,67301,2013,12,5,1327,13,1,1,0,1,1, , ,N,0,0,0,3,0,4,4,2,N,N,39 56:42.504,75 13:11.550,1335, ,1329, ,0, ,N, ,0, , , , , ,609713, , , ,2,0,0,0,0,0,2,0,0,0,4,0,4,0,0,0,0,0,0,0,1,0,0,0,0,0,0,0,0,0,0,0,0,0,0,3,0,39.9451,-75.2199, , 
 ,53428,2013062618,6,67,67301,2013,5,4,1515,15,1,1,0,4,1, , ,N,1,2,0,3,0,1,2,2,N,N,40 02:07.817,75 04:11.352,1516, ,1516,1,1,2,N, ,3,N, , , , ,609715, , , ,2,2,0,0,0,0,0,0,0,0,0,1,1,0,0,0,0,0,0,0,1,0,0,0,0,0,0,0,0,0,0,0,0,0,0,4,0,40.0355,-75.0698, , 
 ,53429,2014009665,6,67,67301,2013,12,4,2055,20,3,1,0,4,1, , ,N,1,3,0,3,0,2,4,2,N,N,40 04:47.362,75 10:32.303,2140, ,2135,1,1,2,N, ,3,N, , , , ,609722, , , ,2,1,0,0,0,0,1,0,0,0,0,1,2,1,0,0,0,0,0,0,0,0,0,0,0,0,0,0,0,0,0,0,0,0,0,4,0,40.0798,-75.1756, , 
 ,53430,2014009754,6,67,67301,2013,12,2,1534,15,1,2,1,4,1, , ,N,3,2,0,3,0,0,2,2,N,N,40 05:13.685,75 02:26.899,1550, ,1545, ,0, , , ,3, , , , , ,609744, , , ,2,2,0,0,0,0,0,0,0,0,0,0,0,0,0,0,0,0,0,0,0,1,0,0,0,0,0,0,0,0,0,0,0,0,0,0,0,40.0871,-75.0408, , 
 ,53431,2013101113,6,67,67301,2013,9,5,2020,20,3,1,0,5,1, , ,N,2,0,0,3,0,1,2,2,N,N,40 02:03.739,75 13:43.489,2030, ,2024, ,0, ,N, ,0, , , , , ,609751, , , ,2,1,1,0,0,0,0,0,0,0,0,1,1,0,0,0,0,0,0,0,0,0,0,0,0,0,0,0,0,0,0,0,0,0,0,4,0,40.0344,-75.2287, , 
 ,53432,2013121314,6,67,67301,2013,10,4,1250,12,1,2,1,1,1, , ,N,2,2,0,3,0,0,3,2,N,N,39 58:57.975,75 07:06.807,1250, ,1249, ,0, ,N, ,3, , , , , ,615108, , , ,2,2,0,0,0,0,0,0,0,0,0,0,0,0,0,0,0,0,0,0,0,0,0,1,0,0,0,0,0,0,0,0,0,0,0,0,0,39.9828,-75.1186, , 
 ,53433,2013122943,6,67,67301,2013,11,4,1955,19,3,1,0,2,1, , ,N,1,2,0,3,0,0,3,2,N,N,40 02:12.109,75 09:30.211,2002, ,1959,1,2,6, , ,3,Y, , , , ,615109, , , ,2,2,0,0,0,0,0,0,0,0,0,0,0,0,0,0,0,0,0,0,1,0,0,0,0,0,0,0,0,0,0,0,0,0,0,0,0,40.0367,-75.1584, , 
 ,53434,2013121529,6,67,67301,2013,10,2,1625,16,1,1,0,4,1, , ,N,1,2,0,3,0,1,3,2,N, ,40 03:41.853,74 59:18.132,1638, ,1638,9,1,1, , ,3,N, , , , ,615151, , , ,2,2,0,0,0,0,0,0,0,0,0,1,1,0,0,0,0,0,0,0,2,0,0,0,0,0,0,0,0,0,0,0,0,0,0,4,0,40.0616,-74.9884, , 
 ,53435,2014009755,6,67,67301,2013,12,3,1231,12,1,1,0,4,1, , ,N,1,2,0,3,0,2,4,2,N,N,40 01:54.382,75 06:32.605,1245, ,1233, ,0, ,N, ,3, , , , , ,615183, , , ,2,2,0,0,0,0,0,0,0,0,0,0,2,2,0,0,0,0,0,0,0,0,1,0,0,0,0,0,0,0,0,0,0,0,0,8,0,40.0318,-75.1091, , 
 ,53436,2014019102,6,67,67301,2013,8,2,9999,99,3,1,0,4,1, , ,N,1,2,0,3,0,1,2,2,N,N,39 59:16.184,75 10:50.095,1950, ,1943,3,2,7,N, ,3,Y, , , , ,615185, , , ,2,2,0,0,0,0,0,0,0,0,0,0,1,1,1,0,0,0,0,0,1,0,0,0,0,0,0,0,0,0,0,0,0,0,0,8,0,39.9878,-75.1806, , 
 ,53437,2013121547,6,67,67301,2013,10,1,2300,23,3,1,0,1,1, , ,N,1,2,0,3,0,2,3,3,N,N,40 03:31.350,75 02:40.292,2313, ,2301,2,1,1,N, ,3,N, , , , ,615203, , , ,3,2,0,0,0,0,1,0,0,0,0,0,2,2,0,0,0,0,0,0,0,0,0,0,0,0,0,0,0,0,0,0,0,0,0,8,0,40.0587,-75.0443, , 
 ,53438,2013128373,6,67,67301,2013,11,5,1815,18,3,1,0,1,1, , ,N,0,0,0,3,0,1,4,3,N,N,39 58:52.385,75 06:09.233,1840, ,1818,1,1,1,N, ,0,N, , , , ,615214, , , ,3,3,0,0,0,0,0,0,0,0,1,0,1,0,0,0,0,0,0,0,1,0,0,0,0,0,0,0,0,0,0,0,0,0,0,3,0,39.9812,-75.1027, , 
 ,53439,2013130041,6,67,67301,2013,9,4,1247,12,1,1,0,8,1, , ,N,2,0,0,3,0,1,2,2,N,N,40 04:10.183,74 58:53.562,1252, ,1249,3,1,2,N, ,0,N, , , , ,615215, , , ,1,1,0,0,0,0,0,0,0,0,0,0,1,1,0,0,0,0,0,0,0,0,0,0,0,0,0,0,0,0,0,0,1,0,0,8,0,40.0695,-74.9814, , 
 ,53440,2014000992,6,67,67301,2013,11,6,1602,16,1,1,0,1,1, , ,N,0,2,0,3,0,2,3,2,N, ,39 57:24.667,75 13:28.574,1607, ,1605, ,0, , , ,3, , , , , ,615225, , , ,2,2,0,0,0,0,0,0,0,0,0,0,2,2,0,0,0,0,0,0,1,0,0,0,0,0,0,0,0,0,0,0,0,0,0,8,0,39.9569,-75.2246, , 
 ,53441,2014009702,6,67,67301,2013,12,6,814,8,1,1,0,8,1, , ,N,1,2,0,3,0,1,2,2,N,Y,39 57:20.669,75 12:56.254,832, ,829, ,0, ,N, ,3, , , , , ,615227, , , ,1,0,0,0,0,0,1,0,0,0,0,0,1,1,0,0,0,0,0,0,0,0,0,0,0,0,0,0,0,0,0,0,1,0,0,8,0,39.9557,-75.2156, , 
 ,53442,2013098752,6,67,67301,2013,7,1,100,1,3,1,0,8,1, , ,N,1,2,0,3,0,2,2,2,N,N,40 01:49.919,75 07:05.462,140, ,132, ,0, ,N, ,3, , , , , ,615244, , , ,1,1,0,0,0,0,0,0,0,1,1,0,2,0,0,0,0,0,0,0,0,0,0,0,0,0,0,0,0,0,0,0,1,0,1,2,0,40.0305,-75.1182, , 
 ,53443,2013107147,6,67,67301,2013,9,2,1730,17,1,1,0,1,1, , ,N,0,1,0,3,0,1,3,3,N,N,39 57:06.037,75 10:37.736,1736, ,1731, ,0, , , ,3, , , , , ,615252, , , ,3,3,0,0,0,0,0,0,0,0,0,0,1,1,0,0,0,0,0,0,1,1,0,0,0,0,0,0,0,0,0,0,0,0,0,8,0,39.9517,-75.1771, , 
 ,53444,2013125966,6,67,67301,2013,11,3,739,7,1,8,1,5,1, , ,N,0,0,0,3,0,1,3,2,N, ,39 59:38.932,75 06:50.967,750, ,740, ,0, , , ,0, , , , , ,615272, , , ,2,1,0,0,0,1,0,0,0,0,0,1,1,0,0,0,0,0,0,0,0,0,0,1,0,0,0,0,0,0,0,0,0,0,0,4,0,39.9941,-75.1142, , 
 ,53445,2014015988,6,67,67301,2013,9,2,930,9,1,1,0,5,1, , ,N,0,3,0,3,0,0,2,2,N,N,40 01:24.049,75 02:02.189,0, ,0, ,0, ,N, ,3, , , , , ,615279, , , ,2,2,0,0,0,0,0,0,0,0,0,0,0,0,0,0,0,0,0,0,1,0,0,0,0,0,0,0,0,0,0,0,0,0,0,0,0,40.0233,-75.0339, , 
 ,53446,2013126978,6,67,67301,2013,11,2,1900,19,1,1,0,8,1, , ,N,1,3,0,3,0,1,2,2,N, ,39 59:29.364,75 07:09.361,1923, ,1920, ,0, , , ,3, , , , , ,615288, , , ,1,1,0,0,0,0,0,0,0,0,0,1,1,0,0,0,0,0,0,0,0,0,0,0,0,0,0,0,0,0,0,0,1,0,0,4,0,39.9915,-75.1193, , 
 ,53447,2013096106,6,67,67301,2013,8,5,807,8,1,6,1,8,1, , ,N,1,3,0,3,0,1,2,2,N, ,40 01:09.102,75 05:18.740,1251, ,1247, ,0, , , ,3, , , , , ,615314, , , ,1,0,0,0,1,0,0,0,0,0,0,1,1,0,0,0,0,0,0,0,0,0,0,0,0,0,0,0,0,0,0,0,1,0,0,4,0,40.0192,-75.0885, , 
 ,53448,2013098374,6,67,67301,2013,8,6,2238,22,3,1,0,4,1, , ,N,1,2,0,3,0,1,3,2,N, ,39 56:31.419,75 12:42.235,2250, ,2249, ,0, , , ,3, , , , , ,615315, , , ,2,1,0,0,0,0,0,0,0,0,0,1,1,0,0,0,0,0,0,0,0,0,0,2,0,0,0,0,0,0,0,0,0,0,0,4,0,39.9421,-75.2117, , 
 ,53449,2013100982,6,67,67301,2013,9,5,1915,19,3,2,1,4,1, , ,N,1,2,0,3,0,1,6,2,N, ,40 00:02.469,75 08:52.972,1930, ,1927, ,0, , , ,3, , , , , ,615316, , , ,2,0,0,0,0,0,0,2,0,0,0,0,1,1,0,0,0,0,0,0,0,0,0,0,0,0,0,0,0,0,0,0,0,0,0,8,0,40.0007,-75.148, , 
 ,53450,2013111895,6,67,67301,2013,10,1,248,2,3,1,0,4,1, , ,N,1,2,0,3,0,2,2,2,N,N,40 01:08.973,75 04:53.510,256, ,255, ,0, ,N, ,3, , , , , ,612573, , , ,2,1,0,0,1,0,0,0,0,0,0,2,2,0,0,0,0,0,0,0,1,0,0,0,0,0,0,0,0,0,0,0,0,0,0,4,0,40.0191,-75.0815, , 
 ,53451,2013129473,6,67,67301,2013,11,1,1035,10,1,1,0,4,1, , ,N,1,2,0,3,0,1,5,3,N,N,39 57:19.443,75 10:16.111,1035, ,1035, ,0, ,N, ,3, , , , , ,612590, , , ,2,1,0,0,0,0,0,1,1,0,0,1,1,0,0,0,0,0,0,0,0,0,0,0,0,0,0,0,0,0,0,0,0,0,0,4,0,39.9554,-75.1711, , 
 ,53452,2013129455,6,67,67301,2013,11,3,915,9,1,8,1,4,1, , ,N,1,2,0,3,0,1,2,2,N, ,40 00:59.814,75 08:49.815,933, ,926, ,0, , , ,3, , , , , ,612608, , , ,2,1,0,0,0,0,1,0,0,0,0,0,1,1,1,0,0,1,0,0,0,0,0,0,0,0,0,0,0,0,0,0,0,0,0,8,0,40.0166,-75.1472, , 
 ,53453,2014003853,6,67,67301,2013,12,5,200,2,3,4,0,7,4, , ,N,2,3,0,3,0,0,1,1,N,N,40 02:46.874,75 06:45.258,219, ,209, ,0, ,N, ,3, , , , , ,612611, , , ,1,0,0,0,0,0,1,0,0,0,0,0,0,0,1,0,0,0,0,0,0,0,0,0,0,0,0,0,0,0,0,0,0,0,0,9,0,40.0463,-75.1126, , 
 ,53454,2014015515,6,67,67301,2013,9,6,930,9,1,1,0,1,1, , ,N,1,2,0,3,0,2,3,2,N,N,40 00:05.864,75 06:59.067,0, ,0, ,0, ,N, ,3, , , , , ,612613, , , ,2,2,0,0,0,0,0,0,0,0,1,0,2,1,1,0,0,0,0,0,1,0,0,0,0,0,0,0,0,0,0,0,0,0,0,3,0,40.0016,-75.1164, , 
 ,53455,2013109354,6,67,67301,2013,9,4,2048,20,3,1,0,4,1, , ,N,1,3,0,3,0,1,3,4,N,N,40 01:16.838,75 07:20.708,2048, ,2048,2,2,6,N, ,3,Y, , , , ,612630, , , ,4,1,0,0,0,0,2,1,0,0,0,1,1,0,0,0,0,0,0,0,1,0,0,0,0,0,0,0,0,0,0,0,0,0,0,4,0,40.0213,-75.1224, , 
 ,53456,2013084431,6,67,67301,2013,6,3,1215,12,1,1,0,8,1, , ,N,0,0,0,3,0,1,2,2,N,N,40 00:20.699,75 05:56.397,1220, ,1217,9,1,3,N, ,0,N, , , , ,612655, , , ,1,1,0,0,0,0,0,0,0,0,0,1,1,0,0,0,0,0,0,0,0,0,0,0,0,0,0,0,0,0,0,0,1,0,0,4,0,40.0057,-75.099, , 
 ,53457,2013121361,6,67,67301,2013,10,6,9999,99,1,1,0,1,1, , ,N,1,2,0,3,0,1,6,2,N,N,40 04:13.892,75 12:02.251,2101, ,2101, ,0, ,N, ,3, , , , , ,612672, , , ,2,2,0,0,0,0,0,0,0,0,0,1,1,0,0,0,0,0,0,0,0,0,0,0,0,0,0,0,0,0,0,0,0,0,0,4,0,40.0705,-75.2006, , 
 ,53458,2014001069,6,67,67301,2013,11,3,9999,99,1,2,1,5,1, , ,N,0,0,0,3,0,5,6,2,N,N,40 03:23.320,75 08:58.210,9999, ,1359, ,0, ,N, ,0, , , , , ,612677, , , ,2,1,0,0,0,0,1,0,0,0,0,5,5,0,0,0,0,0,0,0,0,0,0,0,0,0,0,0,0,0,0,0,0,0,0,4,0,40.0565,-75.1495, , 
 ,53459,2013121344,6,67,67301,2013,10,7,1814,18,3,1,0,4,1, , ,N,1,2,0,3,0,1,7,2,N,N,39 56:34.638,75 13:36.512,1830, ,1816,2,1,4,N, ,2,N, , , , ,612683, , , ,2,1,0,0,1,0,0,0,0,0,0,0,1,1,0,0,0,0,0,0,1,0,0,0,0,0,0,0,0,0,0,0,0,0,0,8,0,39.943,-75.2268, , 
 ,53460,2013063439,6,67,67301,2013,4,2,1530,15,1,2,1,1,2, , ,N,0,0,0,3,0,0,1,3,N,N,40 03:03.628,75 08:44.019,9999, ,9999, ,0, , , ,0, , , , , ,612715, , , ,3,2,0,0,0,0,1,0,0,0,0,0,0,0,0,0,0,0,0,0,0,0,0,0,0,0,0,0,0,0,0,0,0,0,0,0,0,40.051,-75.1456, , 
 ,53461,2013064102,6,67,67301,2013,6,7,1216,12,1,1,0,1,1, , ,N,0,0,0,3,0,0,2,2,N,N,39 58:07.209,75 11:28.624,1232, ,1217, ,0, ,N, ,0, , , , , ,612716, , , ,2,1,0,0,0,0,1,0,0,0,0,0,0,0,0,0,0,0,0,0,1,0,0,0,0,0,0,0,0,0,0,0,0,0,0,0,0,39.9687,-75.1913, , 
 ,53462,2013065035,6,67,67301,2013,6,3,800,8,1,1,0,5,7, , ,N,3,0,2,3,0,0,3,2,N,N,39 53:36.293,75 14:09.945,808, ,803,1,2,2,N, ,0,N, , , , ,612717, , , ,2,1,0,0,0,1,0,0,0,0,0,0,0,0,0,0,0,0,0,0,0,0,0,0,0,0,0,0,0,0,0,0,0,0,0,0,1,39.8934,-75.2361, , 
 ,53463,2013070378,6,67,67301,2013,6,2,1620,16,1,1,0,4,1, , ,N,2,3,0,3,0,1,2,2,N,N,40 07:25.716,75 00:21.661,1635, ,1624, ,0, ,N, ,3, , , , , ,612723, , , ,2,2,0,0,0,0,0,0,0,0,0,0,1,1,0,0,0,0,0,0,0,1,0,0,0,0,0,0,0,0,0,0,0,0,0,8,0,40.1238,-75.006, , 
 ,53464,2013079945,6,67,67301,2013,7,6,1908,19,1,1,0,4,1, , ,N,1,3,0,3,0,1,4,2,N,N,40 03:25.236,75 09:22.197,1915, ,1910, ,0, ,N, ,3, , , , , ,612731, , , ,2,0,0,0,0,0,1,0,0,0,0,0,1,1,0,0,0,0,0,0,0,1,0,0,0,0,0,0,0,0,0,0,0,0,0,8,0,40.057,-75.1562, , 
 ,53465,2013080430,6,67,67301,2013,7,2,707,7,1,1,0,1,1, , ,N,0,0,0,3,0,0,2,2,N,N,40 03:43.155,75 02:35.858,715, ,709,1,1,2,N, ,0,N, , , , ,612732, , , ,2,2,0,0,0,0,0,0,0,0,0,0,0,0,0,0,0,0,0,0,0,0,0,0,0,0,0,0,0,0,0,0,0,0,0,0,0,40.062,-75.0433, , 
 ,53466,2013086787,6,67,67301,2013,8,1,149,1,3,1,0,4,1, , ,N,0,0,0,3,0,4,6,3,N,N,40 03:03.207,75 10:37.678,155, ,153, ,0, ,N, ,0, , , , , ,612738, , , ,3,3,0,0,0,0,0,0,0,0,0,0,4,4,2,0,0,0,1,0,0,0,0,0,0,0,0,0,0,0,0,0,0,0,0,8,0,40.0509,-75.1771, , 
 ,53467,2013096466,6,67,67301,2013,8,7,1625,16,1,1,0,6,1, , ,N,0,0,7,3,0,3,5,2,N,N,39 54:30.079,75 10:24.605,1645, ,1638,3,2,5,N, ,0,Y, , , , ,612746, , , ,2,1,0,0,0,0,0,1,0,0,2,1,3,0,0,0,0,0,0,0,1,0,0,3,0,0,0,0,0,0,0,0,0,0,0,3,0,39.9084,-75.1735, , 
 ,53468,2014002776,6,67,67301,2013,11,2,1045,10,1,1,0,8,1, , ,N,0,0,0,3,0,1,2,2,N,N,39 57:29.197,75 13:19.743,1048, ,1048,2,1,3, , ,0,N, , , , ,607240, , , ,1,0,0,0,0,1,0,0,0,0,0,1,1,0,0,0,0,0,0,0,0,0,0,0,0,0,0,0,0,0,0,0,1,0,0,4,1,39.9581,-75.2222, , 
 ,53469,2014006912,6,67,67301,2013,12,5,1030,10,1,1,0,1,1, , ,N,0,0,0,3,0,1,4,3,N, ,39 54:54.314,75 14:40.831,1036, ,1034,1,2,5, , ,0,Y, , , , ,607243, , , ,3,2,0,0,0,1,0,0,0,0,0,1,1,0,0,0,0,0,0,0,0,0,0,0,0,0,0,0,0,0,0,0,0,0,0,4,1,39.9151,-75.2447, , 
 ,53470,2013125880,6,67,67301,2013,11,6,1720,17,3,1,0,1,1, , ,N,0,0,0,3,0,1,3,3,N,N,40 00:45.215,75 07:10.873,1721, ,1720, ,0, , , ,0, , , , , ,607252, , , ,3,2,0,0,0,0,1,0,0,0,0,0,1,1,0,0,0,0,0,0,0,0,0,0,0,0,0,0,0,0,0,0,0,0,0,8,0,40.0126,-75.1197, , 
 ,53471,2013119332,6,67,67301,2013,10,2,426,4,3,1,0,7,4, , ,N,0,0,0,3,1,0,1,1,N,N,40 06:51.161,74 59:14.480,435, ,431,9,2,1,N,0,0,Y, , , , ,607265, , , ,1,1,0,0,0,0,0,0,0,0,0,0,0,0,0,0,0,0,0,0,0,0,0,0,0,0,0,0,0,0,0,0,0,0,0,1,0,40.1142,-74.9874,2, 
 ,53472,2013125889,6,67,67301,2013,11,4,2345,23,3,1,0,1,1, , ,N,1,2,0,3,0,1,3,3,N,N,40 01:24.687,75 08:00.078,200, ,148, ,0, ,N, ,3, , , , , ,607295, , , ,3,0,0,0,1,0,2,0,0,0,0,1,1,0,0,0,0,0,0,0,1,0,0,0,0,0,0,0,0,0,0,0,0,0,0,4,0,40.0235,-75.1334, , 
 ,53473,2014009822,6,67,67301,2013,12,6,2220,22,3,1,1,1,1, , ,N,1,2,0,3,0,4,6,2,N,N,40 00:52.752,75 09:24.063,2310, ,2221, ,0, ,N, ,3, , , , , ,607307, , , ,2,1,0,0,0,0,1,0,0,0,0,2,4,2,0,0,0,0,0,0,1,0,0,0,0,0,0,0,0,0,0,0,0,0,0,4,0,40.0146,-75.1567, , 
 ,53474,2013130097,6,67,67301,2013,11,4,731,7,1,1,0,8,1, , ,N,1,2,0,3,0,1,2,2,N, ,40 05:45.431,74 58:36.412,731, ,731, ,0, , , ,3, , , , , ,607313, , , ,1,1,0,0,0,0,0,0,0,0,1,0,1,0,0,0,0,0,0,0,0,0,1,0,0,0,0,0,0,0,0,0,1,0,0,3,0,40.096,-74.9768, , 
 ,53475,2013134191,6,67,67301,2013,12,6,1305,13,1,1,1,1,1, , ,N,0,0,0,3,0,0,4,3,N,N,39 57:36.155,75 10:45.016,1316, ,1307,1,1,4,N, ,0,N, , , , ,607321, , , ,3,3,0,0,0,0,0,0,0,0,0,0,0,0,0,0,0,0,0,0,0,0,0,1,0,0,0,0,0,0,0,0,0,0,0,0,0,39.96,-75.1792, , 
 ,53476,2014000554,6,67,67301,2013,12,1,1211,12,1,2,1,0,1, , ,N,0,0,0,3,0,0,3,3,N,N,39 58:35.903,75 11:49.390,1220, ,1213, ,0, ,N, ,0, , , , , ,607322, , , ,3,2,0,0,0,0,1,0,0,0,0,0,0,0,0,0,0,0,0,0,1,0,0,0,0,0,0,0,0,0,0,0,0,0,0,0,0,39.9766,-75.1971, , 
 ,53477,2014002404,6,67,67301,2013,12,1,2152,21,1,1,0,1,1, , ,N,0,0,0,3,0,0,2,2,N,N,39 56:26.118,75 11:43.831,2203, ,2155,1,1,3,N, ,0,N, , , , ,607324, , , ,2,2,0,0,0,0,0,0,0,0,0,0,0,0,0,0,0,0,0,0,1,0,0,0,0,0,0,0,0,0,0,0,0,0,0,0,0,39.9392,-75.1969, , 
 ,53478,2014003856,6,67,67301,2013,12,1,2028,20,3,1,1,2,1, , ,N,1,2,0,3,0,0,3,2,N, ,40 03:04.296,75 03:58.096,2030, ,2029, ,0, , , ,3, , , , , ,607325, , , ,2,1,0,0,0,1,0,0,0,0,0,0,0,0,0,0,0,0,0,0,0,0,0,0,0,0,0,0,0,0,0,0,0,0,0,0,0,40.0512,-75.0661, , 
 ,53479,2014005507,6,67,67301,2013,12,3,104,1,3,1,0,7,2, , ,N,7,0,2,3,0,1,1,1,N,N,39 58:59.494,75 05:55.161,119, ,106,2,2,2,N, ,0,N, , , , ,607327, , , ,1,0,0,0,0,0,1,0,0,0,1,0,1,0,0,0,0,0,0,0,0,0,0,1,0,0,0,0,0,0,0,0,0,0,0,3,0,39.9832,-75.0987, , 
 ,53480,2013111881,6,67,67301,2013,10,5,1415,14,1,2,1,2,1, , ,N,0,0,0,3,0,3,4,2,N,N,39 55:26.550,75 14:43.853,1425, ,1420,2,2,4,N, ,0,Y, , , , ,607333, , , ,2,0,0,0,0,0,2,0,0,0,1,2,3,0,1,0,0,0,0,1,0,0,0,0,0,0,0,0,0,0,0,0,0,0,0,3,0,39.924,-75.2455, , 
 ,53481,2014009627,6,67,67301,2013,12,5,1045,10,1,1,0,8,1, , ,N,0,0,0,3,0,1,2,2,N, ,39 57:07.548,75 09:12.154,1046, ,1045, ,0, , , ,0, , , , , ,607349, , , ,1,1,0,0,0,0,0,0,0,0,0,0,1,1,0,0,0,0,0,0,1,0,0,0,0,0,0,0,0,0,0,0,1,0,0,8,0,39.9521,-75.1534, , 
 ,53482,2013070173,6,67,67301,2013,6,2,1435,14,1,1,0,5,1, , ,N,0,0,0,3,0,2,4,3,N,N,39 56:57.053,75 10:15.080,1445, ,1440, ,0, ,N, ,0, , , , , ,607357, , , ,3,2,0,1,0,0,0,0,0,0,0,2,2,0,0,0,0,0,0,0,0,0,0,0,0,0,0,0,0,0,0,0,0,0,0,4,1,39.9492,-75.1709, , 