wz_ln_closure,objectid_1,crn,district,county,municipality,crash_year,crash_month,day_of_week,time_of_day,hour_of_day,illumination,weather,road_condition,collision_type,relation_to_road,work_zone_type,work_zone_loc,work_zone_ind,intersect_type,tcd_type,location_type,urban_rural,fatal_count,injury_count,person_count,total_units,sch_bus_ind,sch_zone_ind,latitude,longitude,arrival_tm,cons_zone_spd_lim,dispatch_tm,est_hrs_closed,lane_closed,ln_close_dir,ntfy_hiwy_maint,spec_juris_cd,tcd_func_cd,tfc_detour_ind,workers_pres,wz_close_detour,wz_flagger,wz_law_offcr_ind,objectid,wz_moving,wz_other,wz_shlder_mdn,vehicle_count,automobile_count,motorcycle_count,bus_count,small_truck_count,heavy_truck_count,suv_count,van_count,bicycle_count,maj_inj_count,mod_inj_count,min_inj_count,tot_inj_count,unk_inj_deg_count,unk_inj_per_count,driver_count_16yr,driver_count_17yr,driver_count_18yr,driver_count_19yr,driver_count_20yr,driver_count_50_64yr,driver_count_65_74yr,driver_count_75plus,unbelted_occ_count,unb_death_count,unb_maj_inj_count,belted_death_count,belted_maj_inj_count,mcycle_death_count,mcycle_maj_inj_count,bicycle_death_count,bicycle_maj_inj_count,ped_count,ped_death_count,ped_maj_inj_count,max_severity_level,comm_veh_count,dec_lat,dec_long,rdwy_surf_type_cd,county_name
 ,53483,2013093121,6,67,67301,2013,8,3,925,9,1,1,0,8,1, , ,N,1,2,0,3,0,1,2,2,N,N,40 04:15.478,75 02:58.362,932, ,931, ,0, ,N, ,3, , , , , ,607377, , , ,1,1,0,0,0,0,0,0,0,0,1,0,1,0,0,0,0,0,0,0,0,0,1,0,0,0,0,0,0,0,0,0,1,0,0,3,0,40.0709,-75.0494, , 
 ,53484,2013096231,6,67,67301,2013,9,3,1605,16,1,1,0,1,1, , ,N,0,0,0,3,0,2,3,3,N,N,40 01:18.303,75 02:21.355,1637, ,1608,2,1,1,N, ,0,N, , , , ,607380, , , ,3,2,0,0,0,0,1,0,0,0,0,0,2,2,0,0,0,0,0,0,1,0,0,0,0,0,0,0,0,0,0,0,0,0,0,8,0,40.0217,-75.0394, , 
 ,53485,2013101072,6,67,67301,2013,9,3,2010,20,3,1,0,1,1, , ,N,0,2,6,3,0,1,4,3,N,N,40 04:35.844,75 01:58.321,2018, ,2013,1,1,2,N, ,3,N, , , , ,607385, , , ,3,2,0,0,1,0,0,0,0,0,0,1,1,0,0,0,0,0,0,0,1,0,0,0,0,0,0,0,0,0,0,0,0,0,0,4,0,40.0766,-75.0329, , 
 ,53486,2013111856,6,67,67301,2013,10,3,1804,18,1,1,0,1,1, , ,N,0,0,0,3,0,1,4,3,N, ,40 04:49.592,75 01:44.062,1806, ,1804,1,1,1, , ,0,N, , , , ,609758, , , ,3,1,0,0,1,0,1,0,0,0,0,0,1,1,0,0,0,0,0,0,1,0,0,1,0,0,0,0,0,0,0,0,0,0,0,8,0,40.0804,-75.0289, , 
 ,53487,2014010350,6,67,67301,2013,12,4,1523,15,1,1,0,4,1, , ,N,1,3,0,3,0,1,2,2,N, ,40 01:50.894,75 12:33.983,1526, ,1523,9,1,4, , ,3,N, , , , ,609769, , , ,2,2,0,0,0,0,0,0,0,0,0,1,1,0,0,0,0,0,0,0,0,1,0,0,0,0,0,0,0,0,0,0,0,0,0,4,0,40.0308,-75.2094, , 
 ,53488,2014013060,6,67,67301,2013,12,6,1940,19,3,1,0,8,1, , ,N,1,2,0,3,0,1,3,2,N, ,39 57:05.578,75 09:24.232,1950, ,1945, ,0, , , ,3, , , , , ,609770, , , ,1,0,0,0,0,0,1,0,0,0,0,1,1,0,0,0,0,0,0,0,0,0,0,0,0,0,0,0,0,0,0,0,1,0,0,4,0,39.9515,-75.1567, , 
 ,53489,2013070537,6,67,67301,2013,6,5,1548,15,1,2,1,8,1, , ,N,0,0,0,3,0,1,2,2,N,N,39 55:08.112,75 09:38.210,1553, ,1550, ,0, ,N, ,0, , , , , ,609775, , , ,1,1,0,0,0,0,0,0,0,0,0,1,1,0,0,0,0,0,0,0,0,0,0,0,0,0,0,0,0,0,0,0,1,0,0,4,0,39.9189,-75.1606, , 
 ,53490,2013070980,6,67,67301,2013,6,6,2340,23,3,1,0,5,6, , ,N,0,0,0,3,0,0,1,3,N, ,40 04:34.492,75 02:49.916,2345, ,2340, ,0, , , ,0, , , , , ,609776, , , ,3,1,0,0,0,0,1,1,0,0,0,0,0,0,0,0,0,0,0,0,0,0,0,0,0,0,0,0,0,0,0,0,0,0,0,0,0,40.0762,-75.0472, , 
 ,53491,2013086188,6,67,67301,2013,7,2,1020,10,1,1,0,4,1, , ,N,1,2,0,3,0,0,2,2,N,N,40 02:48.484,75 08:15.133,1030, ,1023, ,0, ,N, ,3, , , , , ,609785, , , ,2,2,0,0,0,0,0,0,0,0,0,0,0,0,0,0,0,0,0,0,1,0,0,0,0,0,0,0,0,0,0,0,0,0,0,0,0,40.0468,-75.1375, , 
 ,53492,2013101236,6,67,67301,2013,9,7,720,7,1,1,0,5,1, , ,N,0,8,0,3,0,1,2,2,N, ,40 01:06.977,75 09:59.952,812, ,741,1,1,2, , ,3,N, , , , ,609799, , , ,2,0,1,0,0,0,0,1,0,0,0,0,1,1,0,0,0,0,0,0,0,0,0,0,0,0,0,0,0,0,0,0,0,0,0,8,0,40.0186,-75.1667, , 
 ,53493,2013124641,6,67,67301,2013,11,4,2345,23,3,1,0,5,1, , ,N,0,0,0,3,0,5,5,3,N, ,40 00:58.731,75 10:31.721,2356, ,2348, ,0, , , ,0, , , , , ,609832, , , ,3,2,0,0,0,0,1,0,0,0,1,4,5,0,0,0,0,0,0,0,0,0,0,0,0,0,0,0,0,0,0,0,0,0,0,3,0,40.0163,-75.1755, , 
 ,53494,2014019119,6,67,67301,2013,12,2,1741,17,2,1,0,8,1, , ,N,0,0,0,3,0,1,3,2,N,N,39 55:35.500,75 13:49.568,1741, ,1741, ,0, ,N, ,0, , , , , ,609857, , , ,1,0,0,0,0,0,0,1,0,0,0,0,1,1,0,0,0,0,0,0,0,0,0,0,0,0,0,0,0,0,0,0,1,0,0,8,0,39.9265,-75.2304, , 
 ,53495,2013121368,6,67,67301,2013,10,2,2311,23,3,1,0,7,3, , ,N,0,0,0,3,1,5,6,2,N,N,40 05:48.700,75 01:04.300,2312, ,2312, ,0, ,N,0,0, , , , , ,609871, , , ,2,2,0,0,0,0,0,0,0,0,0,3,5,2,0,0,0,0,0,0,0,0,0,0,0,0,0,0,0,0,0,0,0,0,0,1,0,40.0969,-75.0179,2, 
 ,53496,2013121522,6,67,67301,2013,10,1,2315,23,3,1,0,5,1, , ,N,0,0,0,3,0,1,4,2,N,N,40 00:50.300,75 10:44.843,2330, ,2321,2,1,2, , ,0,N, , , , ,609872, , , ,2,1,0,0,0,0,0,0,0,0,0,1,1,0,0,0,0,0,0,0,0,0,0,0,0,0,0,0,0,0,0,0,0,0,0,4,0,40.014,-75.1791, , 
 ,53497,2013134192,6,67,67301,2013,12,7,739,7,1,1,0,7,2, , ,N,0,0,0,3,0,2,2,1,N,N,39 55:40.318,75 08:47.774,741, ,739,2,1,2,N, ,0,N, , , , ,609882, , , ,1,0,0,0,0,0,1,0,0,0,0,2,2,0,0,0,0,0,0,0,0,0,0,0,0,0,0,0,0,0,0,0,0,0,0,4,0,39.9279,-75.1466, , 
 ,53498,2013093162,6,67,67301,2013,8,5,834,8,1,1,0,1,1, , ,N,0,2,6,3,0,1,3,2,N,N,40 06:00.511,75 00:30.266,839, ,836, ,0, , , ,3, , , , , ,609901, , , ,2,2,0,0,0,0,0,0,0,0,0,1,1,0,0,0,0,0,0,0,0,0,1,0,0,0,0,0,0,0,0,0,0,0,0,4,0,40.1003,-75.0085, , 
 ,53499,2013125856,6,67,67301,2013,11,1,210,2,3,1,0,2,1, , ,N,1,2,0,3,0,2,2,2,N,N,39 58:42.978,75 07:07.319,227, ,227,2,1,1,N, ,3,Y, , , , ,609915, , , ,2,2,0,0,0,0,0,0,0,0,1,1,2,0,0,0,0,0,0,0,0,0,0,0,0,0,0,0,0,0,0,0,0,0,0,3,0,39.9786,-75.1187, , 
 ,53500,2013101228,6,67,67301,2013,9,6,1729,17,1,1,0,1,1, , ,N,2,3,0,3,0,3,6,2,N,N,39 56:05.352,75 13:47.776,1736, ,1735,2,2,4,N, ,3,Y, , , , ,609929, , , ,2,1,0,0,0,0,0,0,0,0,0,0,3,3,2,0,0,0,0,0,1,0,0,0,0,0,0,0,0,0,0,0,0,0,0,8,0,39.9348,-75.2299, , 
 ,53501,2013108943,6,67,67301,2013,9,1,236,2,3,1,0,2,1, , ,N,0,0,0,3,1,3,5,2,N,N,40 02:40.870,75 03:15.319,240, ,238, ,0, ,N,0,0, , , , , ,609935, , , ,2,1,0,0,0,0,0,1,0,2,0,1,3,0,0,0,0,0,0,0,0,0,0,0,0,0,1,2,0,0,0,0,0,0,0,1,0,40.0447,-75.0543,2, 
 ,53502,2013109411,6,67,67301,2013,10,7,1328,13,1,1,0,4,1, , ,N,1,2,0,3,0,1,3,2,N, ,39 59:47.157,75 06:48.512,1328, ,1328, ,0, , , ,3, , , , , ,609936, , , ,2,1,0,0,0,0,1,0,0,0,0,1,1,0,0,0,0,0,0,0,0,0,0,0,0,0,0,0,0,0,0,0,0,0,0,4,0,39.9964,-75.1135, , 
 ,53503,2013111824,6,67,67301,2013,10,6,1615,16,1,2,1,4,1, , ,N,2,3,0,3,0,0,3,2,N,N,39 57:26.823,75 11:16.299,1647, ,1617, ,0, ,N, ,3, , , , , ,609938, , , ,2,2,0,0,0,0,0,0,0,0,0,0,0,0,0,0,0,0,0,0,0,1,0,0,0,0,0,0,0,0,0,0,0,0,0,0,0,39.9575,-75.1879, , 
 ,53504,2013101016,6,67,67301,2013,9,2,1512,15,1,1,0,1,2, , ,N,0,0,0,3,0,1,1,2,N,N,39 54:10.476,75 13:40.674,1605, ,1601,3,2,4,N, ,0,Y, , , , ,615317, , , ,2,0,0,0,0,1,1,0,0,0,1,0,1,0,0,0,0,0,0,0,1,0,0,0,0,0,0,0,0,0,0,0,0,0,0,3,1,39.9029,-75.228, , 
 ,53505,2013093680,6,67,67301,2013,9,4,1738,17,1,1,0,1,1, , ,N,0,0,0,3,0,0,3,2,N,N,39 57:33.723,75 10:25.542,1747, ,1742,1,1,4,N, ,0,N, , , , ,615338, , , ,2,2,0,0,0,0,0,0,0,0,0,0,0,0,1,0,0,0,0,1,0,0,0,0,0,0,0,0,0,0,0,0,0,0,0,9,0,39.9594,-75.1738, , 
 ,53506,2013094932,6,67,67301,2013,9,3,754,7,1,1,0,1,1, , ,N,0,0,0,3,0,1,2,2,N,N,39 53:55.610,75 10:46.073,807, ,757, ,0, ,N, ,0, , , , , ,615339, , , ,2,2,0,0,0,0,0,0,0,0,0,1,1,0,0,0,0,0,0,1,0,0,0,0,0,0,0,0,0,0,0,0,0,0,0,4,0,39.8988,-75.1795, , 
 ,53507,2013104376,6,67,67301,2013,9,1,1330,13,1,1,0,4,1, , ,N,1,2,0,3,0,1,2,2,N,N,40 00:21.783,75 08:21.022,1340, ,1338,2,2,2,N, ,3,Y, , , , ,615348, , , ,1,0,0,0,0,0,1,0,1,0,0,0,1,1,0,0,0,0,0,0,1,0,0,0,0,0,0,0,0,0,0,0,0,0,0,8,0,40.0061,-75.1392, , 
 ,53508,2013104413,6,67,67301,2013,9,6,1610,16,8,1,0,8,1, , ,N,1,2,0,3,0,1,2,2,N,N,40 07:07.965,75 01:05.114,1610, ,1610,1,1,2,N, ,3,Y, , , , ,615349, , , ,1,1,0,0,0,0,0,0,0,0,0,1,1,0,0,0,0,0,0,0,0,0,0,0,0,0,0,0,0,0,0,0,1,0,0,4,0,40.1189,-75.018, , 
 ,53509,2013122071,6,67,67301,2013,10,2,800,8,1,1,0,4,1, , ,N,0,0,7,3,0,1,4,2,N,N,40 00:52.146,75 09:25.405,825, ,820,1,1,4,N, ,0,N, , , , ,615361, , , ,2,1,0,0,1,0,0,0,0,0,0,1,1,0,0,0,0,0,0,0,0,0,0,0,0,0,0,0,0,0,0,0,0,0,0,4,0,40.0145,-75.1571, , 
 ,53510,2013122975,6,67,67301,2013,11,5,420,4,3,1,0,1,6, , ,N,0,0,0,3,0,1,1,2,N,N,39 55:38.244,75 09:37.803,428, ,423, ,0, ,N, ,0, , , , , ,615362, , , ,2,2,0,0,0,0,0,0,0,0,0,1,1,0,0,0,0,0,0,0,0,0,0,0,0,0,0,0,0,0,0,0,0,0,0,4,0,39.9273,-75.1605, , 
 ,53511,2014000449,6,67,67301,2013,12,2,1607,16,1,1,0,8,1, , ,N,2,2,0,3,0,1,3,2,N, ,40 02:09.704,75 02:24.068,1619, ,1607, ,0, , , ,3, , , , , ,615379, , , ,1,0,0,0,0,0,1,0,0,0,0,1,1,0,0,0,0,0,0,0,1,0,0,0,0,0,0,0,0,0,0,0,1,0,0,4,0,40.036,-75.04, , 
 ,53512,2014001055,6,67,67301,2013,11,4,1153,11,1,2,1,4,1, , ,N,1,2,0,3,0,2,3,2,N,N,39 54:57.913,75 14:09.812,1212, ,1208,1,2,6,N, ,3,Y, , , , ,615381, , , ,2,1,0,0,0,0,0,1,0,0,0,0,2,2,0,0,0,0,0,0,0,0,0,0,0,0,0,0,0,0,0,0,0,0,0,8,0,39.9161,-75.2361, , 
 ,53513,2014009714,6,67,67301,2013,12,2,1738,17,3,2,1,8,1, , ,N,3,0,0,3,0,1,2,2,N, ,39 55:07.492,75 10:03.849,1744, ,1739, ,0, , , ,0, , , , , ,615385, , , ,1,0,0,0,0,0,1,0,0,0,0,0,1,1,1,0,0,0,0,0,0,0,0,0,0,0,0,0,0,0,0,0,1,0,0,8,0,39.9187,-75.1677, , 
 ,53514,2014013153,6,67,67301,2013,12,6,1134,11,1,1,0,8,1, , ,N,2,2,0,3,0,1,2,2,N, ,40 03:48.179,74 59:08.085,1135, ,1135, ,0, , , ,3, , , , , ,615386, , , ,1,0,0,0,0,1,0,0,0,0,0,1,1,0,0,0,0,0,0,0,0,0,0,0,0,0,0,0,0,0,0,0,1,0,0,4,1,40.0633,-74.9855, , 
 ,53515,2013126010,6,67,67301,2013,11,4,840,8,1,1,0,5,1, , ,N,1,2,0,3,0,5,8,4,N,N,40 03:24.532,75 02:49.228,847, ,844,2,2,2, , ,3,Y, , , , ,615410, , , ,4,3,0,1,0,0,0,0,0,0,0,5,5,0,0,0,0,0,0,0,2,0,0,0,0,0,0,0,0,0,0,0,0,0,0,4,1,40.0568,-75.047, , 
 ,53516,2013127331,6,46,46102,2013,12,7,1322,13,1,4,1,4,1, , ,N,0,0,7,3,0,0,3,2,N,N,40 04:23.748,75 09:24.848,1334, ,1326, ,0, ,N, ,0, , , , , ,615412, , , ,2,2,0,0,0,0,0,0,0,0,0,0,0,0,0,0,0,0,0,0,0,0,0,0,0,0,0,0,0,0,0,0,0,0,0,0,0,40.0732,-75.1568, , 
 ,53517,2013074677,6,67,67301,2013,6,5,2048,20,1,1,0,5,1, , ,N,0,0,0,3,0,1,2,2,N,N,39 56:40.440,75 09:54.888,2052, ,1052, ,0, , , ,0, , , , , ,615422, , , ,1,1,0,0,0,0,0,0,1,0,0,1,1,0,0,0,0,0,0,0,0,0,0,0,0,0,0,0,0,0,0,0,0,0,0,4,0,39.9446,-75.1654, , 
 ,53518,2013101137,6,67,67301,2013,9,6,348,3,3,1,0,7,5, , ,N,3,0,0,3,0,0,2,1,N,N,39 58:50.951,75 14:08.562,351, ,349, ,0, ,N, ,0, , , , , ,615451, , , ,1,1,0,0,0,0,0,0,0,0,0,0,0,0,0,0,0,0,0,0,0,0,0,2,0,0,0,0,0,0,0,0,0,0,0,0,0,39.9808,-75.2357, , 
 ,53519,2013130091,6,67,67301,2013,11,6,1210,12,1,1,0,8,6, , ,N,0,0,0,3,0,1,3,2,N,N,39 58:04.796,75 09:36.925,1215, ,1212, ,0, , , ,0, , , , , ,615525, , , ,1,0,0,0,0,0,1,0,0,0,0,0,1,1,0,0,0,0,0,0,0,0,0,0,0,0,0,0,0,0,0,0,1,0,0,8,0,39.968,-75.1603, , 
 ,53520,2013070228,6,67,67301,2013,6,4,920,9,1,1,0,8,1, , ,N,1,2,0,3,0,1,2,2,N,N,40 02:20.475,75 03:22.611,927, ,925, ,0, ,N, ,3, , , , , ,615536, , , ,1,1,0,0,0,0,0,0,0,0,0,1,1,0,0,0,0,0,0,0,0,0,0,0,0,0,0,0,0,0,0,0,1,0,0,4,0,40.039,-75.0563, , 
 ,53521,2014009843,6,67,67301,2013,12,1,2258,22,3,4,4,7,3, , ,N,0,0,0,3,0,1,1,1,N, ,40 05:29.036,74 58:37.321,2311, ,2300, ,0, , , ,0, , , , , ,615558, , , ,1,0,0,0,0,0,1,0,0,0,0,0,1,1,0,0,0,0,0,0,0,0,0,0,0,0,0,0,0,0,0,0,0,0,0,8,0,40.0914,-74.977, , 
 ,53522,2013109382,6,67,67301,2013,9,1,1835,18,1,1,0,7,5, , ,N,2,0,0,3,0,4,4,1,N,N,39 59:38.608,75 08:59.596,1850, ,1839, ,0, ,N, ,0, , , , , ,612756, , , ,1,0,0,0,0,0,1,0,0,0,1,3,4,0,0,0,0,0,1,0,0,0,0,0,0,0,0,0,0,0,0,0,0,0,0,3,0,39.9941,-75.1499, , 
 ,53523,2013083075,6,67,67301,2013,8,2,45,0,3,1,0,8,1, , ,N,0,0,0,3,0,1,3,2,N,N,39 55:32.361,75 09:50.439,46, ,45,1,2,1,N, ,0,N, , , , ,612823, , , ,1,1,0,0,0,0,0,0,0,1,0,0,1,0,0,0,0,0,0,0,0,0,0,0,0,0,0,0,0,0,0,0,1,0,1,2,0,39.9257,-75.164, , 
 ,53524,2013088107,6,67,67301,2013,8,5,1852,18,1,1,0,1,1, , ,N,5,2,0,3,0,1,3,2,N, ,40 03:55.190,75 05:00.711,1922, ,1916, ,0, , , ,3, , , , , ,612828, , , ,2,1,0,0,0,0,0,1,0,0,0,1,1,0,0,0,0,0,0,0,1,0,0,0,0,0,0,0,0,0,0,0,0,0,0,4,0,40.0653,-75.0835, , 
 ,53525,2013096100,6,67,67301,2013,8,6,1614,16,1,2,1,4,1, , ,N,2,2,0,3,0,1,2,2,N,N,39 57:38.774,75 13:51.004,1647, ,1644, ,0, ,N, ,3, , , , , ,612834, , , ,2,1,0,0,0,0,0,1,0,0,0,0,1,1,0,0,0,0,0,0,0,0,0,0,0,0,0,0,0,0,0,0,0,0,0,8,0,39.9607,-75.2308, , 
 ,53526,2013098432,6,67,67301,2013,8,7,2035,20,4,1,0,1,1, , ,N,1,2,0,3,0,1,2,2,N, ,40 01:59.258,75 04:48.508,2040, ,2035,1,1,2, , ,3,N, , , , ,612837, , , ,2,2,0,0,0,0,0,0,0,0,0,1,1,0,0,0,0,0,0,0,1,0,0,1,0,0,0,0,0,0,0,0,0,0,0,4,0,40.0331,-75.0801, , 
 ,53527,2013100992,6,67,67301,2013,9,3,1510,15,1,1,0,5,1, , ,N,1,2,0,3,0,1,2,2,N,N,39 57:29.289,75 09:01.655,9999, ,9999, ,0, ,N, ,3, , , , , ,612841, , , ,2,0,1,0,0,0,0,1,0,0,0,0,1,1,0,0,0,0,0,0,1,0,0,0,0,0,0,0,0,0,0,0,0,0,0,8,0,39.9581,-75.1505, , 
 ,53528,2013086278,6,67,67301,2013,7,4,1650,16,1,1,0,8,1, , ,N,2,3,0,3,0,1,2,2,N,N,40 01:55.606,75 08:44.332,1705, ,1658, ,0, ,N, ,3, , , , , ,612861, , , ,1,1,0,0,0,0,0,0,0,0,0,1,1,0,0,0,0,0,0,0,0,0,0,0,0,0,0,0,0,0,0,0,1,0,0,4,0,40.0321,-75.1456, , 
 ,53529,2013115344,6,46,46102,2013,9,1,2020,20,3,1,0,4,1, , ,N,1,2,0,3,0,2,3,2,N, ,40 04:30.988,75 09:37.550,2100, ,2059, ,0, , , ,3, , , , , ,612909, , , ,2,2,0,0,0,0,0,0,0,0,0,1,2,1,0,0,0,0,0,0,0,0,0,0,0,0,0,0,0,0,0,0,0,0,0,4,0,40.0753,-75.1604, , 
 ,53530,2013066720,6,67,67301,2013,4,7,1400,14,1,1,0,1,1, , ,N,5,2,0,3,0,3,4,2,N,N,39 59:05.168,75 07:55.938,0, ,0, ,0, ,N, ,3, , , , , ,612918, , , ,2,0,0,0,0,0,1,0,0,0,1,0,3,2,1,0,0,0,0,0,0,0,0,0,0,0,0,0,0,0,0,0,0,0,0,3,0,39.9848,-75.1322, , 
 ,53531,2013070920,6,67,67301,2013,6,1,521,5,5,1,0,4,1, , ,N,1,2,0,3,0,1,3,2,N,N,40 01:48.874,75 08:45.412,544, ,528, ,0, , , ,3, , , , , ,612922, , , ,2,2,0,0,0,0,0,0,0,0,0,1,1,0,0,0,0,0,0,0,0,0,0,0,0,0,0,0,0,0,0,0,0,0,0,4,0,40.0302,-75.1459, , 
 ,53532,2013077433,6,67,67301,2013,6,7,1232,12,1,1,0,8,1, , ,N,1,2,0,3,0,2,3,3,N,N,39 56:37.717,75 14:16.351,1241, ,1240, ,0, , , ,3, , , , , ,612927, , , ,1,1,0,0,0,0,0,0,0,0,0,0,2,2,0,0,0,0,0,0,1,0,0,0,0,0,0,0,0,0,0,0,2,0,0,8,0,39.9438,-75.2379, , 
 ,53533,2013096470,6,67,67301,2013,8,5,920,9,1,1,0,1,1, , ,N,1,2,0,3,0,1,2,2,N, ,40 00:16.116,75 10:30.869,935, ,922, ,0, , , ,3, , , , , ,612939, , , ,2,1,0,0,0,0,1,0,0,0,0,1,1,0,0,0,0,0,0,0,2,0,0,0,0,0,0,0,0,0,0,0,0,0,0,4,0,40.0045,-75.1752, , 
 ,53534,2013079544,6,67,67301,2013,7,1,9999,99,1,1,0,5,1, , ,N,0,0,0,3,0,1,2,2,N,N,39 56:35.077,75 14:04.898,9999, ,9999, ,0, ,N, ,0, , , , , ,612961, , , ,1,1,0,0,0,0,0,0,1,0,0,0,1,1,0,0,0,0,0,0,0,0,0,1,0,0,0,0,0,0,0,0,0,0,0,8,0,39.9431,-75.2347, , 
 ,53535,2013093168,6,67,67301,2013,8,5,1645,16,1,1,0,4,1, , ,N,1,2,0,3,0,2,3,2,N,N,40 05:40.718,75 00:54.707,1649, ,1646,2,1,2,N, ,3,N, , , , ,612968, , , ,2,2,0,0,0,0,0,0,0,0,0,0,2,2,0,0,0,0,0,0,1,0,0,0,0,0,0,0,0,0,0,0,0,0,0,8,0,40.0946,-75.0152, , 
 ,53536,2013101052,6,67,67301,2013,8,3,941,9,1,1,0,8,1, , ,N,1,2,0,3,0,1,2,2,N, ,40 02:26.486,75 04:34.494,951, ,945, ,0, , , ,3, , , , , ,612974, , , ,1,0,0,0,0,0,1,0,0,0,0,0,1,1,0,0,0,0,0,0,0,0,0,0,0,0,0,0,0,0,0,0,1,0,0,8,0,40.0407,-75.0762, , 
 ,53537,2013111843,6,67,67301,2013,10,6,1953,19,3,2,1,8,1, , ,N,0,3,7,3,0,1,2,2,N,N,39 55:14.471,75 08:27.940,2000, ,1953, ,0, ,N, ,3, , , , , ,612984, , , ,1,1,0,0,0,0,0,0,0,0,0,1,1,0,0,0,0,0,0,0,0,0,0,0,0,0,0,0,0,0,0,0,1,0,0,4,0,39.9207,-75.1411, , 
 ,53538,2013111816,6,67,67301,2013,10,2,1335,13,1,1,0,4,1, , ,N,0,0,7,3,0,2,2,2,N,N,40 06:38.225,75 00:12.246,1355, ,1348, ,0, ,N, ,0, , , , , ,612996, , , ,2,1,0,0,0,0,1,0,0,0,0,2,2,0,0,0,0,0,0,0,1,1,0,0,0,0,0,0,0,0,0,0,0,0,0,4,0,40.1106,-75.0034, , 
 ,53539,2013130094,6,67,67301,2013,11,1,1530,15,1,1,0,7,5, , ,N,0,0,0,3,0,1,1,1,N, ,40 02:18.182,75 03:37.437,1536, ,1535,1,1,1, , ,0,N, , , , ,613004, , , ,1,1,0,0,0,0,0,0,0,0,0,0,1,1,0,0,0,0,0,0,0,0,0,0,0,0,0,0,0,0,0,0,0,0,0,8,0,40.0384,-75.0604, , 
 ,53540,2013103944,6,67,67301,2013,9,1,1502,15,1,1,0,4,1, , ,N,1,3,0,3,0,3,3,2,N,N,39 55:15.718,75 09:48.351,1520, ,1505, ,0, ,N, ,3, , , , , ,607389, , , ,2,0,0,0,0,0,2,0,0,0,0,3,3,0,0,0,0,0,0,0,0,0,0,0,0,0,0,0,0,0,0,0,0,0,0,4,0,39.921,-75.1634, , 
 ,53541,2014006880,6,67,67301,2013,12,2,1933,19,3,6,1,4,1, , ,N,5,2,0,3,0,2,3,2,N,N,40 03:30.268,75 08:57.263,1935, ,1933, ,0, ,N, ,3, , , , , ,607409, , , ,2,0,0,0,2,0,0,0,0,0,0,2,2,0,0,0,0,0,0,0,0,0,0,0,0,0,0,0,0,0,0,0,0,0,0,4,0,40.0584,-75.1492, , 
 ,53542,2014009765,6,67,67301,2013,12,6,1250,12,1,2,1,4,1, , ,N,5,2,0,3,0,6,7,2,N,N,40 00:17.801,75 10:43.939,1330, ,1253,1,1,4,N, ,3,N, , , , ,607410, , , ,2,1,0,0,0,0,1,0,0,0,0,0,6,6,0,0,0,0,0,0,0,1,0,0,0,0,0,0,0,0,0,0,0,0,0,8,0,40.0049,-75.1787, , 
 ,53543,2013111846,6,67,67301,2013,10,5,1951,19,1,1,0,1,1, , ,N,1,2,0,3,0,1,2,2,N, ,39 57:56.076,75 13:34.473,2115, ,2110, ,0, ,N, ,3, , , , , ,607421, , , ,2,1,0,0,0,0,0,0,0,0,0,1,1,0,0,0,0,0,0,0,1,0,0,0,0,0,0,0,0,0,0,0,0,0,0,4,0,39.9656,-75.2262, , 
 ,53544,2013112037,6,67,67301,2013,11,3,210,2,3,1,0,7,2, , ,N,0,0,0,3,0,2,2,1,N,N,39 57:36.457,75 10:50.260,216, ,211,1,1,3,N, ,0,N, , , , ,607422, , , ,1,1,0,0,0,0,0,0,0,0,0,2,2,0,0,0,0,0,0,1,0,0,0,0,0,0,0,0,0,0,0,0,0,0,0,4,0,39.9601,-75.1806, , 
 ,53545,2013114497,6,67,67301,2013,10,5,9999,99,3,1,0,8,1, , ,N,0,0,0,3,0,1,2,2,N,N,40 01:38.041,75 08:47.325,1920, ,1850, ,0, ,N, ,0, , , , , ,607426, , , ,1,1,0,0,0,0,0,0,0,0,0,0,1,1,0,0,0,0,0,1,0,0,0,0,0,0,0,0,0,0,0,0,1,0,0,8,0,40.0272,-75.1465, , 
 ,53546,2013122459,6,67,67301,2013,10,1,403,4,3,1,0,5,6, , ,N,0,0,0,3,0,0,1,5,N,N,40 00:48.940,75 08:50.030,403, ,403, ,0, ,N, ,0, , , , , ,607447, , , ,5,5,0,0,0,0,0,0,0,0,0,0,0,0,0,0,0,0,0,0,0,0,0,0,0,0,0,0,0,0,0,0,0,0,0,0,0,40.0136,-75.1472, , 
 ,53547,2013129466,6,67,67301,2013,11,5,1835,18,3,1,0,1,1, , ,N,1,2,0,3,0,1,3,2,N, ,40 03:51.059,75 14:22.494,1842, ,1838, ,0, , , ,3, , , , , ,607468, , , ,2,1,0,1,0,0,0,0,0,0,0,1,1,0,0,0,0,0,0,0,1,0,0,0,0,0,0,0,0,0,0,0,0,0,0,4,1,40.0642,-75.2396, , 
 ,53548,2014000444,6,67,67301,2013,11,3,2040,20,3,2,1,7,2, , ,N,1,3,0,3,0,1,1,1,N, ,40 03:30.600,75 05:03.181,2052, ,2044, ,0, , , ,3, , , , , ,607474, , , ,1,1,0,0,0,0,0,0,0,0,0,1,1,0,0,0,0,0,0,0,0,0,0,0,0,0,0,0,0,0,0,0,0,0,0,4,0,40.0585,-75.0842, , 
 ,53549,2014006835,6,67,67301,2013,12,1,359,3,3,1,0,7,2, , ,N,0,0,0,3,0,0,3,2,N,N,39 58:53.548,75 13:25.447,411, ,359, ,0, ,N, ,0, , , , , ,607476, , , ,2,2,0,0,0,0,0,0,0,0,0,0,0,0,0,0,0,0,0,0,1,0,0,0,0,0,0,0,0,0,0,0,0,0,0,0,0,39.9815,-75.2237, , 