wz_ln_closure,objectid_1,crn,district,county,municipality,crash_year,crash_month,day_of_week,time_of_day,hour_of_day,illumination,weather,road_condition,collision_type,relation_to_road,work_zone_type,work_zone_loc,work_zone_ind,intersect_type,tcd_type,location_type,urban_rural,fatal_count,injury_count,person_count,total_units,sch_bus_ind,sch_zone_ind,latitude,longitude,arrival_tm,cons_zone_spd_lim,dispatch_tm,est_hrs_closed,lane_closed,ln_close_dir,ntfy_hiwy_maint,spec_juris_cd,tcd_func_cd,tfc_detour_ind,workers_pres,wz_close_detour,wz_flagger,wz_law_offcr_ind,objectid,wz_moving,wz_other,wz_shlder_mdn,vehicle_count,automobile_count,motorcycle_count,bus_count,small_truck_count,heavy_truck_count,suv_count,van_count,bicycle_count,maj_inj_count,mod_inj_count,min_inj_count,tot_inj_count,unk_inj_deg_count,unk_inj_per_count,driver_count_16yr,driver_count_17yr,driver_count_18yr,driver_count_19yr,driver_count_20yr,driver_count_50_64yr,driver_count_65_74yr,driver_count_75plus,unbelted_occ_count,unb_death_count,unb_maj_inj_count,belted_death_count,belted_maj_inj_count,mcycle_death_count,mcycle_maj_inj_count,bicycle_death_count,bicycle_maj_inj_count,ped_count,ped_death_count,ped_maj_inj_count,max_severity_level,comm_veh_count,dec_lat,dec_long,rdwy_surf_type_cd,county_name
 ,53682,2014000427,6,67,67301,2013,11,4,1235,12,1,2,1,7,5, , ,N,0,0,0,3,0,1,1,1,N,N,40 02:22.730,75 03:32.554,1245, ,1235,1,1,1,N, ,0,N, , , , ,604902, , , ,1,1,0,0,0,0,0,0,0,0,0,1,1,0,0,0,0,0,0,0,0,0,0,0,0,0,0,0,0,0,0,0,0,0,0,4,0,40.0396,-75.059, , 
 ,53683,2014000991,6,67,67301,2013,11,3,2033,20,3,2,1,4,1, , ,N,1,2,0,3,0,3,3,2,N,N,40 00:50.174,75 03:20.262,2339, ,2329, ,0, , , ,3, , , , , ,604903, , , ,2,2,0,0,0,0,0,0,0,0,0,0,3,3,0,0,0,0,0,0,0,0,0,0,0,0,0,0,0,0,0,0,0,0,0,8,0,40.0139,-75.0556, , 
 ,53684,2013070349,6,67,67301,2013,6,2,522,5,5,2,1,5,1, , ,N,0,0,0,3,0,1,2,3,N,N,39 57:28.412,75 14:51.783,529, ,527,1,2,1,N, ,0,Y, , , , ,598957, , , ,3,1,0,0,0,0,2,0,0,0,0,0,1,1,0,0,0,0,0,0,1,0,0,0,0,0,0,0,0,0,0,0,0,0,0,8,0,39.9579,-75.2477, , 
 ,53685,2013095958,6,67,67301,2013,8,5,1040,10,1,1,0,8,1, , ,N,2,2,0,3,0,1,2,2,N,N,40 00:04.006,75 06:44.139,1100, ,1044, ,0, ,N, ,3, , , , , ,598974, , , ,1,0,0,0,0,0,1,0,0,0,0,0,1,1,0,0,0,0,0,0,0,0,0,0,0,0,0,0,0,0,0,0,1,0,0,8,0,40.0011,-75.1123, , 
 ,53686,2014003327,6,67,67301,2013,12,4,2344,23,3,4,6,7,1, , ,N,0,0,0,3,0,0,1,1,N,N,40 00:50.122,75 11:34.663,39, ,36, ,0, ,N, ,0, , , , , ,599010, , , ,1,1,0,0,0,0,0,0,0,0,0,0,0,0,0,0,0,0,0,1,0,0,0,0,0,0,0,0,0,0,0,0,0,0,0,0,0,40.0139,-75.193, , 
 ,53687,2013126008,6,67,67301,2013,11,5,1307,13,1,2,1,4,1, , ,N,0,0,0,3,0,3,4,2,N,Y,40 02:00.056,75 10:37.819,1312, ,1308, ,0, ,N, ,0, , , , , ,599018, , , ,2,1,0,0,0,0,1,0,0,0,0,1,3,2,0,0,0,0,0,0,0,0,0,0,0,0,0,0,0,0,0,0,0,0,0,4,0,40.0333,-75.1772, , 
 ,53688,2014013036,6,67,67301,2013,12,7,141,1,3,1,1,6,1, , ,N,0,0,0,3,0,1,1,2,N,N,40 00:54.869,75 10:11.567,147, ,143, ,0, ,N, ,0, , , , , ,599032, , , ,2,1,0,0,0,0,1,0,0,0,0,1,1,0,0,0,0,0,0,0,0,0,0,0,0,0,0,0,0,0,0,0,0,0,0,4,0,40.0152,-75.1699, , 
 ,53689,2013109347,6,67,67301,2013,10,3,448,4,3,1,0,4,1, , ,N,1,2,0,3,0,1,3,2,N,N,40 01:08.216,75 08:49.391,455, ,450, ,0, ,N, ,3, , , , , ,599042, , , ,2,2,0,0,0,0,0,0,0,0,0,1,1,0,0,0,0,0,0,0,0,0,0,0,0,0,0,0,0,0,0,0,0,0,0,4,0,40.0189,-75.1471, , 
 ,53690,2013121374,6,67,67301,2013,5,7,220,2,3,1,0,2,1, , ,N,0,0,0,3,0,2,2,2,N, ,40 00:26.355,75 11:50.526,228, ,222, ,0, , , ,0, , , , , ,599057, , , ,2,2,0,0,0,0,0,0,0,0,0,1,2,1,0,0,0,0,0,0,0,0,0,0,0,0,0,0,0,0,0,0,0,0,0,4,0,40.0073,-75.1974, , 
 ,53691,2013122074,6,67,67301,2013,9,4,931,9,1,1,0,1,1, , ,N,0,0,0,3,0,1,1,2,N,N,39 55:35.738,75 13:53.454,1025, ,1021, ,0, ,N, ,0, , , , , ,599058, , , ,2,2,0,0,0,0,0,0,0,0,0,1,1,0,0,0,0,0,0,0,0,0,0,0,0,0,0,0,0,0,0,0,0,0,0,4,0,39.9266,-75.2315, , 
 ,53692,2013111780,6,67,67301,2013,9,6,643,6,1,1,0,8,1, , ,N,2,0,0,3,0,1,2,2,N,N,40 02:21.428,75 09:10.228,804, ,757,3,2,7,N, ,0,Y, , , , ,599072, , , ,1,1,0,0,0,0,0,0,0,0,1,0,1,0,0,0,0,0,0,0,0,0,0,0,0,0,0,0,0,0,0,0,1,0,0,3,0,40.0393,-75.1528, , 
 ,53693,2013111801,6,67,67301,2013,10,2,1330,13,1,1,0,4,1, , ,N,1,2,0,3,0,1,3,2,N, ,39 59:27.397,75 06:05.681,1338, ,1333, ,0, , , ,3, , , , , ,599092, , , ,2,1,0,0,1,0,0,0,0,0,0,1,1,0,1,0,0,0,0,0,0,0,0,0,0,0,0,0,0,0,0,0,0,0,0,4,0,39.9909,-75.1016, , 
 ,53694,2013122968,6,67,67301,2013,11,5,1505,15,1,2,1,4,1, , ,N,2,0,0,3,0,1,2,2,N,N,40 05:08.045,75 02:21.757,1505, ,1505,1,1,4,N, ,0,Y, , , , ,599107, , , ,2,1,0,0,1,0,0,0,0,0,0,1,1,0,0,0,0,0,0,0,1,1,0,0,0,0,0,0,0,0,0,0,0,0,0,4,0,40.0856,-75.0394, , 
 ,53695,2014006830,6,67,67301,2013,12,6,2227,22,3,1,0,4,1, , ,N,1,3,0,3,0,0,2,2,N,N,40 03:48.042,75 03:25.664,2308, ,2304, ,0, ,N, ,3, , , , , ,599112, , , ,2,2,0,0,0,0,0,0,0,0,0,0,0,0,0,0,0,1,0,0,0,0,0,0,0,0,0,0,0,0,0,0,0,0,0,0,0,40.0633,-75.0571, , 
 ,53696,2013122989,6,67,67301,2013,11,1,158,1,3,1,0,7,3, , ,N,0,0,0,3,0,1,1,2,N,N,39 57:38.151,75 08:29.942,2204, ,200,3,2,3,N, ,0,Y, , , , ,599123, , , ,2,2,0,0,0,0,0,0,0,0,0,0,1,1,0,0,0,0,0,1,0,0,0,0,0,0,0,0,0,0,0,0,0,0,0,8,0,39.9606,-75.1417, , 
 ,53697,2013129402,6,67,67301,2013,11,4,759,7,1,1,0,4,1, , ,N,1,3,0,3,0,1,2,2,N, ,39 57:43.344,75 13:42.009,805, ,800, ,0, ,N, ,3, , , , , ,599129, , , ,1,0,0,0,0,0,1,0,1,0,0,1,1,0,0,0,0,0,0,0,0,0,0,0,0,0,0,0,0,0,0,0,0,0,0,4,0,39.962,-75.2283, , 
 ,53698,2013130113,6,67,67301,2013,10,1,330,3,3,1,0,5,6, , ,N,0,0,0,3,0,0,1,2,N, ,40 02:01.994,75 12:31.699,340, ,336, ,0, , , ,0, , , , , ,599130, , , ,2,1,0,0,1,0,0,0,0,0,0,0,0,0,0,0,0,0,0,0,0,0,0,0,0,0,0,0,0,0,0,0,0,0,0,0,0,40.0339,-75.2088, , 
 ,53699,2013115329,6,67,67301,2013,11,6,1354,13,1,1,0,1,1, , ,N,0,4,0,3,0,1,3,4,N,N,40 00:55.436,75 10:34.698,1410, ,1356,3,2,3,N, ,3,Y, , , , ,599143, , , ,4,2,0,0,2,0,0,0,0,0,0,0,1,1,0,0,0,0,0,0,1,0,0,0,0,0,0,0,0,0,0,0,0,0,0,8,0,40.0154,-75.1763, , 
 ,53700,2013084148,6,67,67301,2013,8,6,1728,17,1,1,0,1,1, , ,N,0,0,0,3,0,1,4,2,N,N,40 00:27.246,75 04:19.673,1748, ,1734, ,0, ,N, ,0, , , , , ,599158, , , ,2,1,0,0,0,0,1,0,0,0,1,0,1,0,0,0,0,0,0,0,1,0,0,0,0,0,0,0,0,0,0,0,0,0,0,3,0,40.0075,-75.0723, , 
 ,53701,2013086845,6,67,67301,2013,8,5,1120,11,1,2,1,4,1, , ,N,1,3,0,3,0,4,5,2,N, ,39 57:48.060,75 09:46.616,1137, ,1125, ,0, ,N, ,3, , , , , ,599161, , , ,2,2,0,0,0,0,0,0,0,0,0,0,4,4,0,0,0,0,0,0,0,0,0,4,0,0,0,0,0,0,0,0,0,0,0,8,0,39.9634,-75.1629, , 
 ,53702,2013070526,6,67,67301,2013,6,7,1945,19,1,1,0,5,1, , ,N,1,2,0,3,0,1,3,2,N, ,39 59:45.578,75 08:01.967,1954, ,1954, ,0, , , ,3, , , , , ,601873, , , ,1,1,0,0,0,0,0,0,1,0,0,1,1,0,0,0,0,0,0,0,0,0,0,2,0,0,0,0,0,0,0,0,0,0,0,4,0,39.996,-75.1339, , 
 ,53703,2013093193,6,67,67301,2013,8,4,1210,12,1,1,0,4,5, , ,N,0,0,7,3,0,1,2,2,N,N,40 04:15.796,75 00:39.890,1213, ,1212, ,0, ,N, ,0, , , , , ,601889, , , ,1,1,0,0,0,0,0,0,1,0,0,1,1,0,0,0,0,0,0,0,0,0,0,0,0,0,0,0,0,0,0,0,0,0,0,4,0,40.0711,-75.0111, , 
 ,53704,2013093291,6,67,67301,2013,9,6,1959,19,3,1,0,1,1, , ,N,0,0,0,3,0,3,3,2,N,N,39 59:05.548,75 05:42.211,2006, ,1959,2,1,2,N, ,0,N, , , , ,601890, , , ,2,1,0,0,0,0,1,0,0,0,0,1,3,2,0,0,0,0,0,0,0,0,0,0,0,0,0,0,0,0,0,0,0,0,0,4,0,39.9849,-75.0951, , 
 ,53705,2014001105,6,67,67301,2013,11,1,1,0,3,1,0,4,1, , ,N,0,0,7,3,0,0,2,2,N,N,40 02:50.914,74 59:31.211,8, ,4, ,0, ,N, ,0, , , , , ,601906, , , ,2,1,0,0,1,0,0,0,0,0,0,0,0,0,0,0,0,0,0,0,0,1,0,0,0,0,0,0,0,0,0,0,0,0,0,0,0,40.0475,-74.992, , 
 ,53706,2013101748,6,67,67301,2013,8,7,1845,18,1,1,0,5,6, , ,N,0,0,0,3,0,0,1,5,N,N,39 57:52.516,75 10:03.360,1850, ,1852, ,0, ,N, ,0, , , , , ,601915, , , ,5,4,0,0,1,0,0,0,0,0,0,0,0,0,0,0,0,0,0,0,0,0,0,0,0,0,0,0,0,0,0,0,0,0,0,0,0,39.9646,-75.1676, , 
 ,53707,2013109450,6,67,67301,2013,10,6,140,1,3,1,0,7,2, , ,N,0,0,0,3,0,1,1,1,N,N,40 01:40.324,75 09:33.015,200, ,143, ,0, ,N, ,0, , , , , ,601923, , , ,1,0,0,0,0,0,1,0,0,0,0,1,1,0,0,0,0,0,0,0,1,0,0,0,0,0,0,0,0,0,0,0,0,0,0,4,0,40.0279,-75.1592, , 
 ,53708,2013121472,6,67,67301,2013,11,3,1050,10,1,1,0,1,1, , ,N,2,2,0,3,0,1,2,2,N, ,39 58:36.459,75 06:47.555,1106, ,1100, ,0, , , ,3, , , , , ,601942, , , ,2,1,0,0,0,0,1,0,0,0,0,1,1,0,0,0,0,0,0,0,1,0,0,0,0,0,0,0,0,0,0,0,0,0,0,4,0,39.9768,-75.1132, , 
 ,53709,2013130081,6,67,67301,2013,11,6,1555,15,1,1,0,1,1, , ,N,5,2,0,3,0,1,3,3,N,N,39 58:03.960,75 12:35.195,1605, ,1558, ,0, ,N, ,3, , , , , ,601946, , , ,3,2,0,0,0,0,0,0,0,0,0,0,1,1,0,0,0,0,0,0,0,1,0,0,0,0,0,0,0,0,0,0,0,0,0,8,0,39.9677,-75.2097, , 
 ,53710,2013106648,6,67,67301,2013,9,2,1630,16,1,1,0,4,1, , ,N,1,3,0,3,0,1,4,2,N, ,40 01:36.217,75 03:22.736,2045, ,2038, ,0, , , ,3, , , , , ,601959, , , ,2,1,0,0,0,0,0,1,0,0,0,1,1,0,1,0,0,0,0,1,0,0,0,0,0,0,0,0,0,0,0,0,0,0,0,4,0,40.0267,-75.0563, , 
 ,53711,2013106679,6,67,67301,2013,9,7,2115,21,3,2,1,7,4, , ,N,0,0,0,3,0,0,1,1,N,N,39 56:23.740,75 11:17.239,2145, ,2142, ,0, ,N, ,0, , , , , ,601960, , , ,1,1,0,0,0,0,0,0,0,0,0,0,0,0,0,0,0,0,0,0,0,0,0,0,0,0,0,0,0,0,0,0,0,0,0,0,0,39.9399,-75.1881, , 
 ,53712,2013114505,6,67,67301,2013,10,3,900,9,1,1,0,4,1, , ,N,0,0,7,3,0,0,3,2,N, ,39 59:22.773,75 06:14.851,938, ,936, ,0, , , ,0, , , , , ,601969, , , ,2,2,0,0,0,0,0,0,0,0,0,0,0,0,0,0,0,0,0,0,0,0,0,3,0,0,0,0,0,0,0,0,0,0,0,0,0,39.9897,-75.1041, , 
 ,53713,2013121424,6,67,67301,2013,10,4,2045,20,3,1,0,4,1, , ,N,1,2,0,3,0,1,2,2,N,N,39 57:35.596,75 11:37.672,2045, ,2045, ,0, ,N, ,3, , , , , ,601977, , , ,1,0,0,0,0,0,1,0,1,0,0,0,1,1,0,0,0,0,0,0,0,0,0,0,0,0,0,0,0,0,0,0,0,0,0,8,0,39.9599,-75.1938, , 
 ,53714,2013129454,6,67,67301,2013,11,2,755,7,3,1,0,4,1, , ,N,1,2,0,3,0,0,2,2,N,N,40 00:31.197,75 04:08.216,1759, ,1756, ,0, ,N, ,3, , , , , ,601983, , , ,2,1,0,0,0,0,1,0,0,0,0,0,0,0,0,0,0,0,0,0,1,0,0,1,0,0,0,0,0,0,0,0,0,0,0,0,0,40.0086,-75.0688, , 
 ,53715,2013106727,6,67,67301,2013,9,3,559,5,3,1,0,4,1, , ,N,1,3,0,3,0,0,2,2,N, ,39 57:24.825,75 12:22.359,610, ,604, ,0, , , ,3, , , , , ,601994, , , ,2,2,0,0,0,0,0,0,0,0,0,0,0,0,0,0,0,0,0,0,0,0,0,0,0,0,0,0,0,0,0,0,0,0,0,0,0,39.9569,-75.2062, , 
 ,53716,2013080077,6,67,67301,2013,7,6,845,8,1,2,1,8,1, , ,N,1,2,0,3,0,2,3,2,N,N,39 59:01.026,75 14:49.382,848, ,845, ,0, ,N, ,3, , , , , ,602009, , , ,1,0,0,1,0,0,0,0,0,0,0,1,2,1,0,0,0,0,0,0,1,0,0,0,0,0,0,0,0,0,0,0,1,0,0,4,1,39.9836,-75.2471, , 
 ,53717,2013083966,6,67,67301,2013,7,4,1105,11,1,1,0,6,1, , ,N,1,2,0,3,0,2,3,2,N,N,39 56:46.158,75 10:11.672,1130, ,1115, ,0, ,N, ,3, , , , , ,602013, , , ,2,2,0,0,0,0,0,0,0,0,0,2,2,0,0,0,0,0,0,0,1,0,0,0,0,0,0,0,0,0,0,0,0,0,0,4,0,39.9462,-75.1699, , 
 ,53718,2014003859,6,67,67301,2013,12,3,1100,11,1,4,1,8,1, , ,N,2,3,0,3,0,1,2,2,N,N,40 02:17.715,75 08:41.264,1130, ,1120, ,0, ,N, ,3, , , , , ,602051, , , ,1,1,0,0,0,0,0,0,0,0,0,1,1,0,1,0,0,0,0,0,0,0,0,0,0,0,0,0,0,0,0,0,1,0,0,4,0,40.0383,-75.1448, , 
 ,53719,2014006837,6,67,67301,2013,12,1,1715,17,3,1,0,4,1, , ,N,0,0,7,3,0,1,5,2,N,N,39 59:29.998,75 06:01.519,1735, ,1730,1,1,2,N, ,0,N, , , , ,602052, , , ,2,2,0,0,0,0,0,0,0,0,0,0,1,1,0,0,0,0,0,0,0,0,0,0,0,0,0,0,0,0,0,0,0,0,0,8,0,39.9917,-75.1004, , 
 ,53720,2013070278,6,67,67301,2013,6,6,1110,11,1,1,0,4,1, , ,N,1,2,0,3,0,0,2,2,N,N,40 03:10.159,75 11:44.213,1120, ,1115,3,1,6,N, ,3,N, , , , ,592940, , , ,2,2,0,0,0,0,0,0,0,0,0,0,0,0,0,0,0,0,0,0,0,0,0,0,0,0,0,0,0,0,0,0,0,0,0,0,0,40.0528,-75.1956, , 
 ,53721,2013079967,6,67,67301,2013,7,7,1903,19,1,1,0,4,1, , ,N,1,3,0,3,0,1,4,2,N,N,39 59:27.232,75 10:24.657,1906, ,1903, ,0, ,N, ,3, , , , , ,592951, , , ,2,1,0,0,1,0,0,0,0,0,0,1,1,0,0,0,0,0,0,0,0,0,0,0,0,0,0,0,0,0,0,0,0,0,0,4,0,39.9909,-75.1735, , 
 ,53722,2013111891,6,67,67301,2013,10,5,1500,15,1,2,1,4,1, , ,N,1,0,0,3,0,1,2,2,N,N,39 59:48.062,75 08:21.127,1533, ,1530, ,0, , , ,0, , , , , ,592971, , , ,2,2,0,0,0,0,0,0,0,1,0,0,1,0,0,0,0,0,0,0,1,0,0,0,0,0,0,0,0,0,0,0,0,0,0,2,0,39.9967,-75.1392, , 
 ,53723,2013065371,6,67,67301,2013,5,6,2257,22,3,1,0,4,1, , ,N,1,2,0,3,0,1,2,2,N, ,40 02:21.230,75 10:39.416,2300, ,2300, ,0, , , ,3, , , , , ,592980, , , ,1,1,0,0,0,0,0,0,1,0,0,1,1,0,0,0,0,0,0,1,0,0,0,0,0,0,0,0,0,0,0,0,0,0,0,4,0,40.0392,-75.1776, , 
 ,53724,2013095951,6,67,67301,2013,8,3,1143,11,1,1,0,8,2, , ,N,0,0,0,3,0,1,1,3,N,N,39 54:54.039,75 08:50.672,1147, ,1144, ,0, , , ,0, , , , , ,593007, , , ,2,0,0,0,2,0,0,0,0,0,1,0,1,0,0,0,0,0,0,0,0,0,0,0,0,0,0,0,0,0,0,0,1,0,0,3,0,39.915,-75.1474, , 
 ,53725,2013101219,6,67,67301,2013,9,5,645,6,1,1,0,4,1, , ,N,1,2,0,3,0,1,2,2,N, ,39 57:10.335,75 12:43.862,655, ,652, ,0, , , ,3, , , , , ,593015, , , ,1,0,0,0,0,0,1,0,1,0,0,1,1,0,0,0,0,0,0,0,1,0,0,0,0,0,0,0,0,0,0,0,0,0,0,4,0,39.9529,-75.2122, , 
 ,53726,2013103987,6,67,67301,2013,9,4,1800,18,1,1,0,4,1, , ,N,0,0,7,3,0,0,4,2,N, ,40 04:01.365,75 09:22.759,1816, ,1809, ,0, , , ,0, , , , , ,593018, , , ,2,0,0,0,0,0,2,0,0,0,0,0,0,0,0,0,0,0,0,0,0,1,0,0,0,0,0,0,0,0,0,0,0,0,0,0,0,40.067,-75.1563, , 
 ,53727,2013070124,6,67,67301,2013,6,4,1400,14,1,1,0,5,1, , ,N,0,0,0,3,0,1,1,4,N,N,40 02:14.629,75 03:24.015,1404, ,1403, ,0, , , ,0, , , , , ,593035, , , ,4,3,0,0,0,0,1,0,0,0,1,0,1,0,0,0,0,0,0,0,0,0,0,0,0,0,0,0,0,0,0,0,0,0,0,3,0,40.0374,-75.0567, , 
 ,53728,2013065479,6,67,67301,2013,5,5,1539,15,1,1,0,8,1, , ,N,1,2,0,3,0,1,2,2,N,N,40 02:12.142,75 02:27.052,1620, ,1615, ,0, ,N, ,3, , , , , ,593040, , , ,1,1,0,0,0,0,0,0,0,0,0,1,1,0,0,0,0,0,0,0,0,0,0,0,0,0,0,0,0,0,0,0,1,0,0,4,0,40.0368,-75.0407, , 
 ,53729,2013070117,6,67,67301,2013,6,6,1200,12,1,2,1,1,1, , ,N,0,2,0,3,0,2,6,2,N,N,39 54:23.162,75 14:06.590,1238, ,1214, ,0, ,N, ,3, , , , , ,593042, , , ,2,0,0,0,0,0,2,0,0,0,0,2,2,0,0,0,0,0,0,0,1,0,0,0,0,0,0,0,0,0,0,0,0,0,0,4,0,39.9064,-75.2352, , 
 ,53730,2013080042,6,67,67301,2013,7,4,1241,12,1,1,0,1,1, , ,N,1,2,0,3,0,3,4,3,N,N,40 02:21.794,75 03:37.017,1243, ,1242,1,2,2,N, ,3,N, , , , ,593047, , , ,3,2,0,0,0,0,1,0,0,0,1,2,3,0,0,0,0,0,0,0,0,1,0,0,0,0,0,0,0,0,0,0,0,0,0,3,0,40.0394,-75.06, , 
N,53731,2013103152,6,67,67301,2013,10,7,2322,23,3,1,1,1,1,1,4,Y,0,0,0,3,0,1,5,2,N,N,40 01:00.402,75 03:03.292,2339,45,2330,1,2,2,N, ,0,N,N,N,N,N,593066,N,N,Y,2,2,0,0,0,0,0,0,0,0,1,0,1,0,0,0,0,0,0,0,0,0,0,0,0,0,0,0,0,0,0,0,0,0,0,3,0,40.0168,-75.0509, , 
 ,53732,2013114442,6,67,67301,2013,10,4,1315,13,1,1,0,4,4, , ,N,1,2,0,3,0,1,2,2,N,N,39 58:42.846,75 12:49.036,1342, ,1337, ,0, ,N, ,3, , , , , ,593072, , , ,2,1,0,0,1,0,0,0,0,0,0,0,1,1,0,0,0,0,0,0,1,0,1,0,0,0,0,0,0,0,0,0,0,0,0,8,0,39.9786,-75.2136, , 
 ,53733,2013096043,6,67,67301,2013,8,1,1537,15,1,1,0,4,1, , ,N,1,3,0,3,0,1,7,2,N,N,39 58:22.195,75 13:39.140,1559, ,1554, ,0, ,N, ,3, , , , , ,593080, , , ,2,2,0,0,0,0,0,0,0,0,0,1,1,0,0,0,0,0,0,0,0,0,0,0,0,0,0,0,0,0,0,0,0,0,0,4,0,39.9728,-75.2275, , 
 ,53734,2013070061,6,67,67301,2013,6,5,2138,21,3,2,1,4,1, , ,N,1,2,0,3,0,0,2,2,N,N,39 55:00.970,75 12:57.138,2152, ,2146, ,0, ,N, ,3, , , , , ,593090, , , ,2,1,0,0,0,0,0,1,0,0,0,0,0,0,0,0,0,0,0,0,1,0,0,0,0,0,0,0,0,0,0,0,0,0,0,0,0,39.9169,-75.2159, , 
 ,53735,2013070098,6,67,67301,2013,6,2,2336,23,3,2,1,8,1, , ,N,1,2,0,3,0,1,2,2,N,N,40 01:56.602,75 04:50.717,2338, ,2336, ,0, ,N, ,3, , , , , ,593091, , , ,1,1,0,0,0,0,0,0,0,0,0,1,1,0,1,0,0,0,0,0,0,0,0,0,0,0,0,0,0,0,0,0,1,0,0,4,0,40.0324,-75.0808, , 
 ,53736,2013070114,6,67,67301,2013,6,4,1330,13,1,1,0,0,1, , ,N,0,0,0,3,0,2,2,1,N,N,40 01:45.944,75 05:18.138,1340, ,1335,3,2,1,N, ,0,Y, , , , ,593092, , , ,1,1,0,0,0,0,0,0,0,0,0,0,2,2,0,0,0,0,0,0,0,0,0,2,0,0,0,0,0,0,0,0,0,0,0,8,0,40.0294,-75.0884, , 
 ,53737,2013093051,6,67,67301,2013,8,2,1330,13,1,1,0,8,1, , ,N,1,2,0,3,0,1,2,2,N, ,40 01:51.805,75 08:59.243,1630, ,1630, ,0, , , ,3, , , , , ,593111, , , ,1,1,0,0,0,0,0,0,0,0,0,1,1,0,0,0,0,0,0,0,0,0,0,0,0,0,0,0,0,0,0,0,1,0,0,4,0,40.0311,-75.1498, , 
 ,53738,2013122935,6,67,67301,2013,11,6,1650,16,1,1,0,4,1, , ,N,1,2,0,3,0,3,6,2,N,N,40 04:15.522,75 02:16.209,1700, ,1652,2,2,1,N, ,3,Y, , , , ,595980, , , ,2,1,0,0,0,0,0,1,0,0,0,0,3,3,0,0,0,0,0,0,0,0,0,0,0,0,0,0,0,0,0,0,0,0,0,8,0,40.071,-75.0378, , 
 ,53739,2013122962,6,67,67301,2013,11,3,1118,11,1,1,0,4,1, , ,N,1,2,0,3,0,1,4,2,N,N,40 05:23.607,74 59:03.265,1123, ,1120, ,0, , , ,3, , , , , ,595981, , , ,2,1,0,0,1,0,0,0,0,0,0,0,1,1,1,0,0,0,0,0,2,0,0,0,0,0,0,0,0,0,0,0,0,0,0,8,0,40.0899,-74.9842, , 
 ,53740,2014003321,6,67,67301,2013,12,5,910,9,1,1,0,1,1, , ,N,0,0,7,3,0,1,2,2,N,N,39 57:52.729,75 12:17.063,915, ,913, ,0, ,N, ,0, , , , , ,595994, , , ,2,1,0,0,0,0,0,0,0,0,0,1,1,0,0,0,0,0,0,0,1,0,0,1,0,0,0,0,0,0,0,0,0,0,0,4,0,39.9646,-75.2047, , 
 ,53741,2013111745,6,67,67301,2013,10,3,447,4,3,1,0,7,4, , ,N,0,0,0,3,0,0,1,1,N,N,40 00:13.168,75 10:52.099,456, ,449, ,0, ,N, ,0, , , , , ,595999, , , ,1,1,0,0,0,0,0,0,0,0,0,0,0,0,0,0,0,0,0,0,0,0,0,0,0,0,0,0,0,0,0,0,0,0,0,0,0,40.0037,-75.1811, , 
 ,53742,2014001058,6,67,67301,2013,11,5,2135,21,3,1,0,1,1, , ,N,0,0,0,3,0,0,3,3,N, ,39 55:16.628,75 11:36.736,2139, ,2137, ,0, , , ,0, , , , , ,596032, , , ,3,2,0,0,0,0,1,0,0,0,0,0,0,0,0,0,0,0,0,0,0,0,0,0,0,0,0,0,0,0,0,0,0,0,0,0,0,39.9213,-75.1935, , 
 ,53743,2013062214,6,67,67301,2013,5,1,1247,12,1,1,0,1,1, , ,N,0,0,0,3,0,0,11,5,N,N,39 57:27.905,75 09:39.404,1258, ,1247, ,0, ,N, ,0, , , , , ,596044, , , ,5,5,0,0,0,0,0,0,0,0,0,0,0,0,0,0,0,0,0,1,0,0,0,0,0,0,0,0,0,0,0,0,0,0,0,0,0,39.9578,-75.1609, , 
 ,53744,2013070467,6,67,67301,2013,6,1,1101,11,1,1,0,4,2, , ,N,0,0,0,3,0,3,3,2,N,N,40 01:07.672,75 07:37.585,1110, ,1101, ,0, ,N, ,0, , , , , ,596051, , , ,2,2,0,0,0,0,0,0,0,0,0,0,3,3,0,0,0,0,0,0,0,0,0,3,0,0,0,0,0,0,0,0,0,0,0,8,0,40.0188,-75.1271, , 
 ,53745,2013074685,6,67,67301,2013,6,2,1220,12,1,1,0,7,2, , ,N,0,0,0,3,0,0,1,1,N, ,40 03:12.495,75 08:26.318,1225, ,1220, ,0, , , ,0, , , , , ,596056, , , ,1,0,0,0,1,0,0,0,0,0,0,0,0,0,0,0,0,0,0,0,0,0,0,1,0,0,0,0,0,0,0,0,0,0,0,0,0,40.0535,-75.1406, , 
 ,53746,2013100997,6,67,67301,2013,9,3,1908,19,1,1,0,4,1, , ,N,0,0,0,3,0,1,2,2,N,N,40 01:05.000,75 05:02.290,1909, ,1909,1,2,6, , ,0,N, , , , ,596104, , , ,2,1,1,0,0,0,0,0,0,0,1,0,1,0,1,0,0,0,0,0,0,0,0,0,0,0,0,0,0,0,0,0,0,0,0,3,0,40.0181,-75.084, , 
 ,53747,2013101200,6,67,67301,2013,9,4,1400,14,1,1,0,5,1, , ,N,0,0,0,3,0,2,3,3,N,N,40 00:24.396,75 07:39.509,1420, ,1415, ,0, ,N, ,0, , , , , ,596105, , , ,3,1,0,0,0,0,1,0,0,0,1,1,2,0,1,0,0,0,0,0,0,0,0,0,0,0,0,0,0,0,0,0,0,0,0,3,0,40.0068,-75.1276, , 
 ,53748,2013062658,6,67,67301,2013,5,5,1250,12,1,1,0,4,1, , ,N,0,0,0,3,0,2,4,3,N,N,40 07:14.240,75 01:01.285,1305, ,1255,1,1,2, , ,0,Y, , , , ,596110, , , ,3,2,0,0,0,0,1,0,0,0,0,0,2,2,0,0,0,0,0,0,0,2,0,0,0,0,0,0,0,0,0,0,0,0,0,8,0,40.1206,-75.017, , 