wz_ln_closure,objectid_1,crn,district,county,municipality,crash_year,crash_month,day_of_week,time_of_day,hour_of_day,illumination,weather,road_condition,collision_type,relation_to_road,work_zone_type,work_zone_loc,work_zone_ind,intersect_type,tcd_type,location_type,urban_rural,fatal_count,injury_count,person_count,total_units,sch_bus_ind,sch_zone_ind,latitude,longitude,arrival_tm,cons_zone_spd_lim,dispatch_tm,est_hrs_closed,lane_closed,ln_close_dir,ntfy_hiwy_maint,spec_juris_cd,tcd_func_cd,tfc_detour_ind,workers_pres,wz_close_detour,wz_flagger,wz_law_offcr_ind,objectid,wz_moving,wz_other,wz_shlder_mdn,vehicle_count,automobile_count,motorcycle_count,bus_count,small_truck_count,heavy_truck_count,suv_count,van_count,bicycle_count,maj_inj_count,mod_inj_count,min_inj_count,tot_inj_count,unk_inj_deg_count,unk_inj_per_count,driver_count_16yr,driver_count_17yr,driver_count_18yr,driver_count_19yr,driver_count_20yr,driver_count_50_64yr,driver_count_65_74yr,driver_count_75plus,unbelted_occ_count,unb_death_count,unb_maj_inj_count,belted_death_count,belted_maj_inj_count,mcycle_death_count,mcycle_maj_inj_count,bicycle_death_count,bicycle_maj_inj_count,ped_count,ped_death_count,ped_maj_inj_count,max_severity_level,comm_veh_count,dec_lat,dec_long,rdwy_surf_type_cd,county_name
 ,53749,2013070935,6,67,67301,2013,6,1,1600,16,1,1,0,6,6, , ,N,0,0,0,3,0,1,1,2,N, ,39 58:19.370,75 10:28.116,1615, ,1611, ,0, , , ,0, , , , , ,596117, , , ,2,1,0,0,0,0,1,0,0,0,0,1,1,0,0,0,0,0,0,0,0,0,0,0,0,0,0,0,0,0,0,0,0,0,0,4,0,39.972,-75.1745, , 
 ,53750,2013123032,6,67,67301,2013,11,6,805,8,1,1,0,4,1, , ,N,1,2,0,3,0,0,4,2,N, ,39 59:54.675,75 09:12.937,844, ,842,1,1,2,N, ,3,Y, , , , ,596126, , , ,2,1,0,0,1,0,0,0,0,0,0,0,0,0,0,0,0,0,0,0,1,0,0,1,0,0,0,0,0,0,0,0,0,0,0,0,0,39.9985,-75.1535, , 
 ,53751,2013055871,6,67,67301,2013,5,7,1530,15,1,1,0,8,1, , ,N,2,2,7,3,0,1,2,2,N,N,40 01:51.956,75 10:40.006,1535, ,1535, ,0, ,N, ,3, , , , , ,596136, , , ,1,1,0,0,0,0,0,0,0,0,0,1,1,0,0,0,0,0,0,0,0,0,1,0,0,0,0,0,0,0,0,0,1,0,0,4,0,40.0311,-75.1778, , 
 ,53752,2013065552,6,67,67301,2013,5,6,1840,18,1,1,0,8,1, , ,N,1,2,0,3,0,1,3,2,N,N,40 01:18.141,75 07:32.411,1855, ,1852, ,0, , , ,3, , , , , ,596146, , , ,1,0,0,0,0,0,1,0,0,0,0,0,1,1,0,0,0,0,0,0,0,0,0,0,0,0,0,0,0,0,0,0,1,0,0,8,0,40.0217,-75.1257, , 
 ,53753,2013072340,6,67,67301,2013,7,5,1530,15,1,1,0,1,1, , ,N,0,0,0,3,0,0,6,3,N,N,39 57:27.570,75 09:39.311,1537, ,1530,1,1,3,N, ,0,N, , , , ,596149, , , ,3,1,0,0,1,0,1,0,0,0,0,0,0,0,0,0,0,0,0,0,0,1,0,0,0,0,0,0,0,0,0,0,0,0,0,0,0,39.9577,-75.1609, , 
 ,53754,2013074687,6,67,67301,2013,6,5,304,3,3,1,0,2,1, , ,N,1,2,0,3,0,2,2,2,N,N,39 56:12.483,75 13:47.092,9999, ,308, ,0, ,N, ,3, , , , , ,596150, , , ,2,2,0,0,0,0,0,0,0,0,0,2,2,0,0,0,0,0,0,0,1,0,0,0,0,0,0,0,0,0,0,0,0,0,0,4,0,39.9368,-75.2297, , 
 ,53755,2013086191,6,67,67301,2013,7,3,9999,99,1,1,0,8,1, , ,N,0,0,0,3,0,1,2,2,N,N,39 57:02.916,75 10:03.219,1215, ,1209, ,0, ,N, ,0, , , , , ,596165, , , ,1,0,0,0,0,1,0,0,0,0,1,0,1,0,0,0,0,0,0,0,1,0,0,0,0,0,0,0,0,0,0,0,1,0,0,3,1,39.9508,-75.1676, , 
 ,53756,2013088968,6,67,67301,2013,9,3,1240,12,1,1,0,5,1, , ,N,3,0,2,3,0,0,3,3,N,N,39 58:18.546,75 07:21.680,1250, ,1240, ,0, ,N, ,0, , , , , ,599162, , , ,3,1,0,0,1,0,1,0,0,0,0,0,0,0,0,0,0,0,0,0,2,0,0,0,0,0,0,0,0,0,0,0,0,0,0,0,0,39.9718,-75.1227, , 
 ,53757,2013103948,6,67,67301,2013,9,1,310,3,3,1,0,1,1, , ,N,0,0,0,3,0,1,2,2,N,N,39 59:51.480,75 08:00.736,320, ,310, ,0, ,N, ,0, , , , , ,599173, , , ,2,1,1,0,0,0,0,0,0,0,1,0,1,0,0,0,0,0,0,0,0,0,0,0,0,0,0,0,0,0,0,0,0,0,0,3,0,39.9976,-75.1335, , 
 ,53758,2013106714,6,67,67301,2013,9,1,12,0,3,2,1,1,6, , ,N,0,0,0,3,0,1,2,2,N, ,39 58:11.139,75 11:15.385,41, ,39, ,0, ,N, ,0, , , , , ,599177, , , ,2,2,0,0,0,0,0,0,0,0,0,0,1,1,1,0,0,0,0,0,0,0,0,0,0,0,0,0,0,0,0,0,0,0,0,8,0,39.9698,-75.1876, , 
 ,53759,2013109381,6,67,67301,2013,10,3,1530,15,1,1,0,5,1, , ,N,3,0,0,3,0,1,2,2,N,N,40 00:24.409,75 07:55.714,1610, ,1605, ,0, ,N, ,0, , , , , ,599182, , , ,2,1,0,0,0,0,1,0,0,0,0,1,1,0,0,0,0,0,0,0,0,0,0,0,0,0,0,0,0,0,0,0,0,0,0,4,0,40.0068,-75.1321, , 
 ,53760,2013106860,6,67,67301,2013,10,1,1807,18,4,1,0,1,1, , ,N,0,0,0,3,0,4,4,3,N,N,39 56:41.329,75 08:32.945,1811, ,1807, ,0, ,N, ,0, , , , , ,599217, , , ,3,3,0,0,0,0,0,0,0,0,0,4,4,0,0,0,1,0,0,0,0,1,0,0,0,0,0,0,0,0,0,0,0,0,0,4,0,39.9447,-75.1425, , 
 ,53761,2013117096,6,67,67301,2013,11,3,2114,21,3,1,0,7,2, , ,N,0,0,0,3,0,1,1,1,N,N,39 56:07.585,75 11:59.108,2120, ,2115, ,0, ,N, ,0, , , , , ,599222, , , ,1,1,0,0,0,0,0,0,0,0,0,0,1,1,0,0,0,0,0,0,0,0,0,0,0,0,0,0,0,0,0,0,0,0,0,8,0,39.9354,-75.1998, , 
 ,53762,2013121352,6,67,67301,2013,10,2,1334,13,1,1,0,4,1, , ,N,0,0,7,3,0,4,4,2,N,N,39 54:51.521,75 14:38.584,1340, ,1335,9,2,5,N, ,0,Y, , , , ,599225, , , ,2,0,0,0,1,0,1,0,0,0,0,0,4,4,0,0,0,0,0,0,2,0,0,2,0,0,0,0,0,0,0,0,0,0,0,8,0,39.9143,-75.2441, , 
 ,53763,2013123035,6,67,67301,2013,11,4,1745,17,3,1,0,1,1, , ,N,0,0,0,3,0,0,2,2,N,N,40 03:18.380,75 00:18.770,1755, ,1749,1,1,4,N, ,0,N, , , , ,599227, , , ,2,0,0,0,1,0,1,0,0,0,0,0,0,0,0,0,0,0,0,0,0,0,0,0,0,0,0,0,0,0,0,0,0,0,0,0,0,40.0551,-75.0052, , 
 ,53764,2013089549,6,67,67301,2013,9,7,1505,15,1,1,0,4,1, , ,N,1,2,0,3,0,0,2,2,N,N,39 59:04.898,75 09:23.804,1515, ,1510, ,0, ,N, ,3, , , , , ,599228, , , ,2,2,0,0,0,0,0,0,0,0,0,0,0,0,0,0,0,0,0,0,0,0,0,0,0,0,0,0,0,0,0,0,0,0,0,0,0,39.9847,-75.1565, , 
 ,53765,2013098344,6,67,67301,2013,9,2,1015,10,1,2,1,1,1, , ,N,0,2,0,3,0,1,2,2,N, ,39 56:48.447,75 12:25.318,1038, ,1034, ,0, , , ,3, , , , , ,599232, , , ,2,1,0,0,0,0,1,0,0,1,0,0,1,0,0,0,1,0,0,0,1,0,0,0,0,0,0,1,0,0,0,0,0,0,0,2,0,39.9468,-75.207, , 
 ,53766,2013104003,6,67,67301,2013,9,5,1729,17,1,1,0,1,1, , ,N,0,0,0,3,0,2,4,3,N,N,39 55:47.689,75 10:18.470,1732, ,1730, ,0, ,N, ,0, , , , , ,599237, , , ,3,2,0,0,0,0,0,1,0,0,0,2,2,0,0,0,0,0,1,0,1,0,0,2,0,0,0,0,0,0,0,0,0,0,0,4,0,39.9299,-75.1718, , 
 ,53767,2013111841,6,67,67301,2013,10,3,1439,14,1,1,0,4,1, , ,N,2,2,0,3,0,0,5,2,N,Y,40 02:37.590,75 03:52.948,1448, ,1442, ,0, ,N, ,3, , , , , ,599243, , , ,2,1,0,0,0,0,1,0,0,0,0,0,0,0,1,0,0,0,0,1,0,0,0,0,0,0,0,0,0,0,0,0,0,0,0,9,0,40.0438,-75.0647, , 
 ,53768,2013122456,6,67,67301,2013,10,4,1310,13,1,1,0,5,1, , ,N,1,2,0,3,0,1,2,2,N,N,40 04:51.077,75 01:43.585,1326, ,1313,1,2,1,N, ,3,Y, , , , ,599259, , , ,2,2,0,0,0,0,0,0,0,0,0,1,1,0,0,0,0,0,0,0,1,0,0,0,0,0,0,0,0,0,0,0,0,0,0,4,0,40.0809,-75.0288, , 
 ,53769,2014002785,6,67,67301,2013,11,6,1028,10,1,1,0,5,1, , ,N,0,0,0,3,0,1,2,2,N,N,40 02:20.689,75 08:41.951,1040, ,1028, ,0, ,N, ,0, , , , , ,599270, , , ,2,1,0,0,1,0,0,0,0,0,0,0,1,1,1,0,0,0,0,0,1,0,0,0,0,0,0,0,0,0,0,0,0,0,0,8,0,40.0391,-75.145, , 
 ,53770,2014004320,6,67,67301,2013,12,3,1632,16,4,4,1,4,1, , ,N,1,2,0,3,0,2,2,2,N, ,39 59:35.083,75 08:52.393,1634, ,1634, ,0, ,N, ,3, , , , , ,599271, , , ,2,0,0,0,1,0,1,0,0,0,2,0,2,0,0,0,0,0,0,0,1,0,0,0,0,0,0,0,0,0,0,0,0,0,0,3,0,39.9931,-75.1479, , 
 ,53771,2014015058,6,46,46102,2013,9,1,2100,21,6,1,0,1,1, , ,N,1,2,0,3,0,1,3,2,N,N,40 04:30.988,75 09:37.550,0, ,0, ,0, ,N, ,3, , , , , ,599272, , , ,2,2,0,0,0,0,0,0,0,0,0,1,1,0,1,0,0,0,0,1,0,1,0,0,0,0,0,0,0,0,0,0,0,0,0,4,0,40.0753,-75.1604, , 
 ,53772,2013055348,6,67,67301,2013,5,6,1600,16,1,1,0,3,1, , ,N,1,3,0,3,0,1,4,2,N,N,39 59:15.679,75 09:16.209,1821, ,1820, ,0, ,N, ,3, , , , , ,599277, , , ,2,1,0,0,1,0,0,0,0,0,0,0,1,1,0,0,0,0,0,0,0,0,0,0,0,0,0,0,0,0,0,0,0,0,0,8,0,39.9877,-75.1545, , 
 ,53773,2013055845,6,67,67301,2013,4,3,1500,15,1,1,0,1,1, , ,N,0,0,0,3,0,2,4,3,N,N,40 06:50.997,74 59:14.720,1520, ,1500, ,0, ,N, ,0, , , , , ,599278, , , ,3,2,0,0,1,0,0,0,0,0,0,2,2,0,0,0,0,0,0,0,1,0,0,0,0,0,0,0,0,0,0,0,0,0,0,4,0,40.1142,-74.9874, , 
 ,53774,2013111777,6,67,67301,2013,10,1,255,2,3,1,0,7,2, , ,N,0,0,1,3,0,1,1,1,N,N,40 00:53.175,75 10:40.622,300, ,207,3,1,2, , ,0,N, , , , ,602054, , , ,1,1,0,0,0,0,0,0,0,0,0,0,1,1,0,0,0,0,0,0,0,0,0,0,0,0,0,0,0,0,0,0,0,0,0,8,0,40.0145,-75.1783, , 
 ,53775,2013115350,6,67,67301,2013,10,6,2253,22,3,2,1,1,7, , ,N,3,8,2,3,0,6,6,2,N, ,40 00:58.180,75 12:16.051,2318, ,2317,9,1,2,N, ,3,N, , , , ,602057, , , ,2,1,0,0,0,0,1,0,0,0,0,6,6,0,0,0,0,0,0,0,1,0,0,0,0,0,0,0,0,0,0,0,0,0,0,4,0,40.0162,-75.2045, , 
 ,53776,2013107140,6,67,67301,2013,10,3,1718,17,1,1,0,8,1, , ,N,0,0,0,3,0,1,3,2,N,N,40 01:10.264,75 03:39.330,2020, ,2013, ,0, ,N, ,0, , , , , ,602090, , , ,1,0,0,0,1,0,0,0,0,0,0,1,1,0,0,0,0,0,0,0,0,0,0,0,0,0,0,0,0,0,0,0,1,0,0,4,0,40.0195,-75.0609, , 
 ,53777,2013109395,6,67,67301,2013,10,6,1118,11,1,1,0,4,1, , ,N,1,2,0,3,0,1,3,2,N,N,40 00:31.034,75 04:07.810,1126, ,1124,9,1,1,N, ,3,N, , , , ,602092, , , ,2,0,0,0,0,0,1,1,0,0,0,0,1,1,1,0,0,0,0,0,0,0,0,0,0,0,0,0,0,0,0,0,0,0,0,8,0,40.0086,-75.0688, , 
 ,53778,2014009692,6,67,67301,2013,12,2,1930,19,3,2,1,7,5, , ,N,0,0,0,3,0,1,1,1,N, ,40 01:03.402,75 08:57.527,2017, ,1932, ,0, , , ,0, , , , , ,602119, , , ,1,1,0,0,0,0,0,0,0,0,0,0,1,1,0,0,0,0,0,0,0,0,0,0,0,0,0,0,0,0,0,0,0,0,0,8,0,40.0176,-75.1493, , 
 ,53779,2014009694,6,67,67301,2013,12,5,1510,15,1,1,0,4,1, , ,N,0,0,7,3,0,1,2,2,N, ,40 07:11.576,75 01:02.969,1520, ,1513, ,0, , , ,0, , , , , ,602120, , , ,2,2,0,0,0,0,0,0,0,0,0,0,1,1,0,0,0,0,0,1,0,0,1,0,0,0,0,0,0,0,0,0,0,0,0,8,0,40.1199,-75.0175, , 
 ,53780,2014010376,6,67,67301,2013,12,6,1306,13,1,1,0,5,6, , ,N,0,0,0,3,0,1,2,3,N,N,39 56:53.120,75 09:48.896,1325, ,1307, ,0, , , ,0, , , , , ,602121, , , ,2,1,0,0,0,1,0,0,0,0,0,1,1,0,0,0,0,0,0,0,0,0,0,0,0,0,0,0,0,0,0,0,0,0,0,4,1,39.9481,-75.1636, , 
 ,53781,2013105980,6,67,67301,2013,10,2,1600,16,1,1,0,1,1, , ,N,0,0,0,3,0,2,3,2,N,N,39 57:24.802,75 09:10.843,1636, ,1607,2,1,3,N, ,0,N, , , , ,602125, , , ,2,1,0,0,0,0,1,0,0,1,0,0,2,1,0,0,0,0,0,0,1,0,0,0,0,0,0,1,0,0,0,0,0,0,0,2,0,39.9569,-75.153, , 
 ,53782,2013123546,6,67,67301,2013,11,2,100,1,3,1,0,5,6, , ,N,0,0,0,3,0,0,1,3,N, ,39 54:56.790,75 09:10.342,113, ,112, ,0, , , ,0, , , , , ,602137, , , ,3,3,0,0,0,0,0,0,0,0,0,0,0,0,0,0,0,0,0,0,0,0,0,0,0,0,0,0,0,0,0,0,0,0,0,0,0,39.9158,-75.1529, , 
 ,53783,2013125954,6,67,67301,2013,11,1,1250,12,1,1,0,5,1, , ,N,0,0,0,3,0,0,3,2,N,N,39 56:21.915,75 10:47.370,1255, ,1253,1,1,4,N, ,0,Y, , , , ,602139, , , ,2,0,1,0,1,0,0,0,0,0,0,0,0,0,0,0,0,0,0,0,0,0,0,0,0,0,0,0,0,0,0,0,0,0,0,0,0,39.9394,-75.1798, , 
 ,53784,2014009639,6,67,67301,2013,12,5,638,6,1,5,1,7,2, , ,N,0,0,0,3,0,0,1,1,N, ,39 56:33.303,75 14:21.058,717, ,639, ,0, , , ,0, , , , , ,602147, , , ,1,1,0,0,0,0,0,0,0,0,0,0,0,0,0,0,0,0,0,0,0,0,0,0,0,0,0,0,0,0,0,0,0,0,0,0,0,39.9426,-75.2392, , 
 ,53785,2013129503,6,67,67301,2013,11,5,1145,11,1,1,0,4,1, , ,N,2,0,0,3,0,1,2,2,N, ,40 04:00.327,75 03:50.667,1158, ,1155, ,0, , , ,0, , , , , ,602150, , , ,2,1,0,0,0,0,1,0,0,0,0,0,1,1,0,0,0,0,0,0,0,0,0,0,0,0,0,0,0,0,0,0,0,0,0,8,0,40.0668,-75.0641, , 
 ,53786,2013106730,6,67,67301,2013,9,6,2105,21,3,1,0,2,1, , ,N,2,3,0,3,0,1,3,3,N, ,39 59:04.362,75 11:16.655,2110, ,2107, ,0, , , ,3, , , , , ,602163, , , ,3,2,0,0,0,0,1,0,0,0,0,0,1,1,0,0,0,0,0,0,0,0,1,0,0,0,0,0,0,0,0,0,0,0,0,8,0,39.9845,-75.188, , 
 ,53787,2013109407,6,67,67301,2013,9,7,2230,22,3,1,0,1,1, , ,N,0,0,0,3,0,1,3,2,N, ,40 00:48.870,75 07:19.304,2312, ,2312, ,0, , , ,0, , , , , ,602164, , , ,2,2,0,0,0,0,0,0,0,0,0,1,1,0,1,0,0,0,0,0,0,0,0,0,0,0,0,0,0,0,0,0,0,0,0,4,0,40.0136,-75.122, , 
 ,53788,2013111839,6,67,67301,2013,9,6,1127,11,1,1,0,1,1, , ,N,0,0,0,3,0,2,3,6,N,N,40 02:37.381,75 08:59.287,1119, ,1117, ,0, ,N, ,0, , , , , ,602167, , , ,5,3,0,0,0,0,1,1,0,0,1,0,2,1,0,0,0,0,0,0,0,0,1,0,0,0,0,0,0,0,0,0,1,0,0,3,0,40.0437,-75.1498, , 
 ,53789,2013121561,6,67,67301,2013,10,2,430,4,3,1,0,5,6, , ,N,0,0,0,3,0,0,1,4,N,N,39 54:40.710,75 14:46.580,436, ,433, ,0, ,N, ,0, , , , , ,602182, , , ,4,1,0,0,1,0,2,0,0,0,0,0,0,0,1,0,0,0,0,0,0,0,0,0,0,0,0,0,0,0,0,0,0,0,0,9,0,39.9113,-75.2463, , 
 ,53790,2013111864,6,67,67301,2013,10,7,1120,11,1,1,0,4,1, , ,N,1,2,0,3,0,1,3,2,N,N,39 56:08.984,75 10:50.163,1130, ,1121, ,0, ,N, ,3, , , , , ,602204, , , ,1,0,0,0,0,0,1,0,1,0,0,0,1,1,1,0,0,0,0,0,0,0,0,0,0,0,0,0,0,0,0,0,0,0,0,8,0,39.9358,-75.1806, , 
 ,53791,2013126011,6,67,67301,2013,11,6,648,6,5,2,1,4,1, , ,N,3,0,0,3,0,0,2,2,N, ,40 01:32.812,75 12:11.306,9999, ,648, ,0, , , ,0, , , , , ,602222, , , ,2,1,0,0,1,0,0,0,0,0,0,0,0,0,0,0,0,0,0,0,0,0,0,2,0,0,0,0,0,0,0,0,0,0,0,0,0,40.0259,-75.2032, , 
 ,53792,2013093125,6,67,67301,2013,8,4,1550,15,1,1,0,1,1, , ,N,0,2,0,3,0,1,4,4,N,N,40 02:10.186,75 03:53.844,1556, ,1552,2,1,1,N, ,3,N, , , , ,593112, , , ,4,1,0,0,1,0,2,0,0,0,0,1,1,0,0,0,0,0,0,0,0,0,0,0,0,0,0,0,0,0,0,0,0,0,0,4,0,40.0362,-75.065, , 
 ,53793,2013111439,6,67,67301,2013,10,5,1438,14,1,1,0,1,1, , ,N,7,0,2,3,0,1,7,2,N,N,40 00:39.639,75 12:22.116,1509, ,1443, ,0, ,N, ,0, , , , , ,593128, , , ,2,1,0,0,0,0,0,1,0,0,0,1,1,0,0,0,0,0,0,0,0,0,0,0,0,0,0,0,0,0,0,0,0,0,0,4,0,40.011,-75.2061, , 
 ,53794,2013077468,6,67,67301,2013,6,2,453,4,3,1,0,5,6, , ,N,0,2,0,3,0,0,1,5,N,N,39 56:37.430,75 10:07.820,502, ,458, ,0, ,N, ,3, , , , , ,593134, , , ,5,4,0,0,0,0,0,0,0,0,0,0,0,0,1,0,0,0,0,0,0,0,0,0,0,0,0,0,0,0,0,0,0,0,0,9,0,39.9437,-75.1688, , 
 ,53795,2013101105,6,67,67301,2013,9,6,1350,13,1,1,0,4,1, , ,N,1,2,0,3,0,2,4,2,N,N,39 58:50.844,75 10:26.522,1400, ,1358, ,0, ,N, ,3, , , , , ,593166, , , ,2,1,0,0,0,0,0,1,0,0,0,2,2,0,0,0,0,0,0,0,1,0,0,0,0,0,0,0,0,0,0,0,0,0,0,4,0,39.9808,-75.174, , 
 ,53796,2013111759,6,67,67301,2013,10,3,1626,16,1,1,0,1,1, , ,N,0,0,3,3,0,1,3,3,N, ,40 00:55.931,75 09:26.527,1800, ,1750, ,0, , , ,0, , , , , ,593174, , , ,3,1,0,0,1,0,0,1,0,0,0,1,1,0,1,0,0,0,0,0,1,0,0,0,0,0,0,0,0,0,0,0,0,0,0,4,0,40.0159,-75.1577, , 
 ,53797,2013104019,6,67,67301,2013,9,7,2011,20,3,2,1,7,5, , ,N,3,3,0,3,0,1,4,1,N,N,39 55:39.667,75 11:43.654,2030, ,2021, ,0, ,N, ,3, , , , , ,593190, , , ,1,0,0,0,0,0,1,0,0,0,0,1,1,0,0,0,0,0,0,0,0,0,0,0,0,0,0,0,0,0,0,0,0,0,0,4,0,39.9277,-75.1955, , 
 ,53798,2013106685,6,67,67301,2013,9,5,2300,23,3,1,0,4,1, , ,N,1,0,0,3,0,0,2,2,N,N,39 58:14.108,75 09:03.120,50, ,45, ,0, , , ,0, , , , , ,593192, , , ,2,1,0,0,1,0,0,0,0,0,0,0,0,0,2,0,0,0,0,0,0,0,0,0,0,0,0,0,0,0,0,0,0,0,0,9,0,39.9705,-75.151, , 
 ,53799,2013111799,6,67,67301,2013,10,5,1210,12,1,2,1,1,1, , ,N,3,4,0,3,0,0,2,2,N,N,39 59:40.060,75 11:30.698,1218, ,1216, ,0, ,N, ,3, , , , , ,593201, , , ,2,1,0,0,1,0,0,0,0,0,0,0,0,0,0,0,0,0,0,0,0,0,0,0,0,0,0,0,0,0,0,0,0,0,0,0,0,39.9945,-75.1919, , 
 ,53800,2013114508,6,67,67301,2013,10,7,620,6,5,1,0,8,1, , ,N,1,2,0,3,1,0,2,2,N,N,40 02:04.023,75 06:53.623,625, ,622, ,0, ,N,0,3, , , , , ,593202, , , ,1,0,0,1,0,0,0,0,0,0,0,0,0,0,0,0,0,0,0,0,0,0,0,0,0,0,0,0,0,0,0,0,1,1,0,1,1,40.0345,-75.1149,2, 
 ,53801,2013118625,6,67,67301,2013,11,6,1550,15,1,2,1,4,1, , ,N,1,2,0,3,0,2,4,2,Y,N,39 57:44.928,75 12:58.376,1630, ,1600, ,0, ,N, ,3, , , , , ,593209, , , ,2,1,0,1,0,0,0,0,0,0,0,0,2,2,0,0,0,0,0,0,1,0,0,0,0,0,0,0,0,0,0,0,0,0,0,8,1,39.9625,-75.2162, , 
 ,53802,2013074668,6,67,67301,2013,6,2,611,6,1,1,0,1,6, , ,N,0,0,0,3,0,0,2,3,N,N,40 02:59.139,75 09:54.241,643, ,643, ,0, ,N, ,0, , , , , ,593219, , , ,3,2,0,0,0,0,1,0,0,0,0,0,0,0,0,0,0,0,0,0,0,0,0,0,0,0,0,0,0,0,0,0,0,0,0,0,0,40.0498,-75.1651, , 
 ,53803,2013079493,6,67,67301,2013,7,3,1225,12,1,1,0,8,1, , ,N,1,3,0,3,0,1,2,2,N,N,39 56:23.506,75 10:22.403,1242, ,1231, ,0, ,N, ,3, , , , , ,593223, , , ,1,0,0,0,0,0,0,1,0,0,0,0,1,1,0,0,0,0,0,0,0,0,0,0,0,0,0,0,0,0,0,0,1,0,0,8,0,39.9399,-75.1729, , 
 ,53804,2013070261,6,67,67301,2013,6,7,1733,17,1,1,0,8,6, , ,N,0,0,0,3,0,1,2,2,N,N,39 59:32.787,75 07:27.595,1741, ,1740, ,0, ,N, ,0, , , , , ,593230, , , ,1,1,0,0,0,0,0,0,0,0,0,1,1,0,0,0,0,0,0,0,0,0,0,0,0,0,0,0,0,0,0,0,1,0,0,4,0,39.9924,-75.1243, , 
 ,53805,2013070943,6,67,67301,2013,6,6,1201,12,1,1,0,1,1, , ,N,0,0,0,3,0,0,3,2,N,N,39 54:46.287,75 11:32.881,1207, ,1201,9,1,2,N, ,0,N, , , , ,593231, , , ,2,0,0,0,1,0,1,0,0,0,0,0,0,0,0,0,0,0,0,0,0,0,0,3,0,0,0,0,0,0,0,0,0,0,0,0,0,39.9129,-75.1925, , 
 ,53806,2013070986,6,67,67301,2013,6,5,1529,15,1,2,1,2,1, , ,N,0,0,0,3,0,4,6,2,N,N,39 58:12.505,75 11:21.837,1546, ,1537,2,1,1,N, ,0,Y, , , , ,593232, , , ,2,1,0,0,0,0,0,1,0,0,0,4,4,0,0,0,0,0,0,0,1,0,0,0,0,0,0,0,0,0,0,0,0,0,0,4,0,39.9701,-75.1894, , 
 ,53807,2013080022,6,67,67301,2013,7,5,1503,15,1,1,0,4,1, , ,N,1,2,0,3,0,0,3,2,N,N,39 55:44.712,75 13:13.928,1507, ,1505, ,0, ,N, ,3, , , , , ,593243, , , ,2,0,0,0,0,0,1,1,0,0,0,0,0,0,0,0,0,0,0,0,0,0,0,0,0,0,0,0,0,0,0,0,0,0,0,0,0,39.9291,-75.2205, , 
 ,53808,2013086771,6,67,67301,2013,7,3,1600,16,1,1,0,4,1, , ,N,2,3,0,3,0,3,4,2,N,N,39 55:05.264,75 09:38.912,1615, ,1605, ,0, ,N, ,3, , , , , ,593280, , , ,2,0,0,0,1,0,1,0,0,0,0,0,3,3,0,0,0,0,0,1,0,0,0,0,0,0,0,0,0,0,0,0,0,0,0,8,0,39.9181,-75.1608, , 
 ,53809,2013086924,6,67,67301,2013,8,2,1920,19,1,1,0,8,4, , ,N,0,0,7,3,0,1,2,2,N,N,40 00:11.087,75 09:51.862,1935, ,1926, ,0, ,N, ,0, , , , , ,593281, , , ,1,1,0,0,0,0,0,0,0,0,0,1,1,0,0,0,0,0,0,0,0,0,0,0,0,0,0,0,0,0,0,0,1,0,0,4,0,40.0031,-75.1644, , 
 ,53810,2013086257,6,67,67301,2013,8,5,1205,12,1,2,1,6,1, , ,N,1,3,0,3,0,1,2,2,N,N,39 59:55.424,75 05:40.664,1215, ,1211,2,2,5, , ,3,Y, , , , ,596166, , , ,2,2,0,0,0,0,0,0,0,0,1,0,1,0,0,0,0,0,0,0,0,0,0,0,0,0,0,0,0,0,0,0,0,0,0,3,0,39.9987,-75.0946, , 
 ,53811,2013086827,6,67,67301,2013,7,3,1420,14,1,9,8,8,1, , ,N,1,2,0,3,0,1,2,2,N,N,39 57:03.048,75 09:49.788,1830, ,1830, ,0, ,N, ,3, , , , , ,596167, , , ,1,0,0,0,0,0,0,1,0,0,0,1,1,0,1,0,0,0,0,0,0,0,0,0,0,0,0,0,0,0,0,0,1,0,0,4,0,39.9508,-75.1638, , 
 ,53812,2013084418,6,67,67301,2013,7,1,1150,11,1,1,0,4,1, , ,N,1,2,0,3,0,1,2,2,N,N,39 56:46.824,75 09:17.928,1210, ,1200, ,0, ,N, ,3, , , , , ,596172, , , ,2,0,1,0,0,0,0,0,0,0,0,1,1,0,0,0,0,0,0,0,0,0,0,0,0,0,0,0,0,0,0,0,0,0,0,4,0,39.9463,-75.155, , 
 ,53813,2013098449,6,67,67301,2013,7,2,0,0,3,1,0,6,1, , ,N,0,0,0,3,0,2,2,6,N,N,40 02:20.893,75 08:01.021,130, ,125, ,0, ,N, ,0, , , , , ,596184, , , ,6,4,0,0,2,0,0,0,0,1,0,1,2,0,0,0,1,0,0,0,0,0,0,0,0,0,0,0,0,0,0,0,0,0,0,2,0,40.0391,-75.1336, , 
 ,53814,2013103150,6,67,67301,2013,10,6,1814,18,3,2,1,1,1, , ,N,0,0,0,3,0,2,3,2,N,N,39 58:46.047,75 12:15.247,1827, ,1817, ,0, ,N, ,0, , , , , ,596190, , , ,2,1,0,0,0,0,0,1,0,0,0,0,2,2,0,0,0,1,0,0,0,0,0,0,0,0,0,0,0,0,0,0,0,0,0,8,0,39.9795,-75.2042, , 