wz_ln_closure,objectid_1,crn,district,county,municipality,crash_year,crash_month,day_of_week,time_of_day,hour_of_day,illumination,weather,road_condition,collision_type,relation_to_road,work_zone_type,work_zone_loc,work_zone_ind,intersect_type,tcd_type,location_type,urban_rural,fatal_count,injury_count,person_count,total_units,sch_bus_ind,sch_zone_ind,latitude,longitude,arrival_tm,cons_zone_spd_lim,dispatch_tm,est_hrs_closed,lane_closed,ln_close_dir,ntfy_hiwy_maint,spec_juris_cd,tcd_func_cd,tfc_detour_ind,workers_pres,wz_close_detour,wz_flagger,wz_law_offcr_ind,objectid,wz_moving,wz_other,wz_shlder_mdn,vehicle_count,automobile_count,motorcycle_count,bus_count,small_truck_count,heavy_truck_count,suv_count,van_count,bicycle_count,maj_inj_count,mod_inj_count,min_inj_count,tot_inj_count,unk_inj_deg_count,unk_inj_per_count,driver_count_16yr,driver_count_17yr,driver_count_18yr,driver_count_19yr,driver_count_20yr,driver_count_50_64yr,driver_count_65_74yr,driver_count_75plus,unbelted_occ_count,unb_death_count,unb_maj_inj_count,belted_death_count,belted_maj_inj_count,mcycle_death_count,mcycle_maj_inj_count,bicycle_death_count,bicycle_maj_inj_count,ped_count,ped_death_count,ped_maj_inj_count,max_severity_level,comm_veh_count,dec_lat,dec_long,rdwy_surf_type_cd,county_name
 ,54014,2013074659,6,67,67301,2013,6,6,1605,16,1,1,0,4,1, , ,N,0,0,7,3,0,1,2,2,N, ,39 59:32.935,75 06:40.524,1622, ,1616, ,0, , , ,0, , , , , ,593704, , , ,1,1,0,0,0,0,0,0,1,0,0,1,1,0,0,0,0,0,0,0,1,0,0,0,0,0,0,0,0,0,0,0,0,0,0,4,0,39.9925,-75.1113, , 
 ,54015,2013079430,6,67,67301,2013,7,2,1900,19,1,1,0,4,1, , ,N,1,3,0,3,0,2,3,2,N, ,39 56:52.461,75 14:37.363,1900, ,1900, ,0, , , ,3, , , , , ,593708, , , ,2,1,0,0,0,0,1,0,0,0,1,1,2,0,0,0,0,0,0,0,0,0,0,0,0,0,0,0,0,0,0,0,0,0,0,3,0,39.9479,-75.2437, , 
 ,54016,2013101169,6,67,67301,2013,9,1,1505,15,1,1,0,4,1, , ,N,1,2,0,3,0,2,3,3,N,N,39 58:01.549,75 09:43.675,1520, ,1511, ,0, , , ,3, , , , , ,593722, , , ,3,3,0,0,0,0,0,0,0,0,0,0,2,2,0,0,0,0,0,0,0,0,0,0,0,0,0,0,0,0,0,0,0,0,0,8,0,39.9671,-75.1621, , 
 ,54017,2013070100,6,67,67301,2013,6,7,1735,17,1,1,0,8,1, , ,N,0,0,0,3,0,1,2,2,N,N,40 02:06.356,75 06:57.733,1755, ,1747, ,0, ,N, ,0, , , , , ,593747, , , ,1,0,0,0,0,0,1,0,0,0,0,1,1,0,0,0,0,0,0,0,0,0,0,0,0,0,0,0,0,0,0,0,1,0,0,4,0,40.0351,-75.116, , 
 ,54018,2013077474,6,67,67301,2013,7,5,630,6,1,1,0,4,1, , ,N,1,3,0,3,0,1,2,2,N,N,40 02:56.557,75 05:40.778,647, ,643,1,1,4,N, ,3,N, , , , ,593760, , , ,2,2,0,0,0,0,0,0,0,0,0,1,1,0,0,0,0,0,0,0,0,0,0,0,0,0,0,0,0,0,0,0,0,0,0,4,0,40.049,-75.0947, , 
 ,54019,2013101754,6,67,67301,2013,9,5,1149,11,1,1,0,5,1, , ,N,2,0,0,3,0,1,2,2,N,N,39 58:43.863,75 08:06.154,1149, ,1149, ,0, ,N, ,0, , , , , ,593784, , , ,1,0,0,0,0,0,1,0,1,0,1,0,1,0,0,0,0,0,0,0,0,0,0,0,0,0,0,0,0,0,0,0,0,0,0,3,0,39.9789,-75.135, , 
 ,54020,2013086246,6,67,67301,2013,8,6,9999,99,1,1,0,8,1, , ,N,0,0,0,3,0,1,2,2,N, ,39 56:24.878,75 10:05.217,1252, ,1250, ,0, , , ,0, , , , , ,593806, , , ,1,0,0,0,0,0,1,0,0,0,1,0,1,0,0,0,0,0,0,0,0,0,0,0,0,0,0,0,0,0,0,0,1,0,0,3,0,39.9402,-75.1681, , 
 ,54021,2013101796,6,67,67301,2013,9,6,2245,22,3,1,0,8,2, , ,N,0,0,0,3,0,1,2,2,N, ,40 03:43.304,75 01:41.318,23, ,2258, ,0, , , ,0, , , , , ,593830, , , ,1,1,0,0,0,0,0,0,0,0,0,1,1,0,0,0,0,0,0,0,0,0,0,0,0,0,0,0,0,0,0,0,1,0,0,4,0,40.062,-75.0281, , 
 ,54022,2013077438,6,67,67301,2013,7,1,2352,23,3,1,0,5,1, , ,N,0,0,0,3,0,1,1,3,N, ,40 01:57.666,75 04:07.310,5, ,2358, ,0, , , ,0, , , , , ,593845, , , ,3,2,0,0,1,0,0,0,0,0,1,0,1,0,0,0,0,0,0,0,0,0,0,0,0,0,0,0,0,0,0,0,0,0,0,3,0,40.0327,-75.0687, , 
 ,54023,2013078966,6,67,67301,2013,8,5,621,6,1,2,1,1,1, , ,N,0,0,0,3,0,0,2,2,N,N,39 56:54.329,75 11:08.921,642, ,628,1,1,4,N, ,0,N, , , , ,593848, , , ,2,0,0,0,0,0,2,0,0,0,0,0,0,0,0,0,0,0,0,0,0,1,0,0,0,0,0,0,0,0,0,0,0,0,0,0,0,39.9484,-75.1858, , 
 ,54024,2013062667,6,67,67301,2013,5,4,800,8,1,1,0,8,1, , ,N,1,3,0,3,0,1,2,2,N, ,40 01:28.819,75 02:39.379,805, ,800, ,0, , , ,3, , , , , ,593892, , , ,1,1,0,0,0,0,0,0,0,0,0,0,1,1,0,0,0,0,0,0,0,0,0,0,0,0,0,0,0,0,0,0,1,0,0,8,0,40.0247,-75.0443, , 
 ,54025,2013065467,6,67,67301,2013,5,2,1645,16,1,1,0,1,1, , ,N,0,2,0,3,0,1,4,3,N,N,40 05:52.602,75 00:42.951,9999, ,1646,2,2,2, , ,3,N, , , , ,593895, , , ,3,2,0,0,0,0,1,0,0,0,0,0,1,1,1,0,0,0,0,0,1,1,0,0,0,0,0,0,0,0,0,0,0,0,0,8,0,40.0979,-75.0119, , 
 ,54026,2013086772,6,67,67301,2013,7,4,1854,18,1,1,0,1,1, , ,N,1,3,0,3,0,1,4,3,N,N,39 55:30.392,75 09:21.977,1900, ,1858, ,0, ,N, ,3, , , , , ,593908, , , ,3,1,0,0,0,0,2,0,0,0,0,1,1,0,0,0,0,0,0,0,0,0,0,1,0,0,0,0,0,0,0,0,0,0,0,4,0,39.9251,-75.1561, , 
 ,54027,2013086880,6,67,67301,2013,8,5,1700,17,1,2,1,1,1, , ,N,1,2,0,3,0,0,4,3,N, ,39 56:04.912,75 13:57.835,1755, ,1753, ,0, , , ,3, , , , , ,593909, , , ,3,3,0,0,0,0,0,0,0,0,0,0,0,0,3,0,0,0,0,0,0,0,0,0,0,0,0,0,0,0,0,0,0,0,0,9,0,39.9347,-75.2327, , 
 ,54028,2013111827,6,67,67301,2013,10,1,1905,19,3,1,0,4,1, , ,N,1,3,0,3,0,1,2,2,N,N,39 57:26.240,75 14:15.752,2200, ,2150, ,0, ,N, ,3, , , , , ,593936, , , ,1,1,0,0,0,0,0,0,1,0,0,1,1,0,0,0,0,0,0,0,0,0,1,0,0,0,0,0,0,0,0,0,0,0,0,4,0,39.9573,-75.2377, , 
 ,54029,2013079530,6,67,67301,2013,7,6,1917,19,1,1,0,4,1, , ,N,2,2,7,3,0,0,2,2,N,N,40 03:24.527,75 01:52.706,1927, ,1923,1,1,4,N, ,3,N, , , , ,593947, , , ,2,2,0,0,0,0,0,0,0,0,0,0,0,0,0,0,0,0,0,0,1,0,1,0,0,0,0,0,0,0,0,0,0,0,0,0,0,40.0566,-75.0312, , 
 ,54030,2013080011,6,67,67301,2013,7,4,1255,12,1,1,0,8,1, , ,N,1,3,0,3,0,1,2,2,N,N,40 00:32.335,75 08:11.486,1300, ,1255, ,0, , , ,9, , , , , ,593948, , , ,1,0,0,0,1,0,0,0,0,0,1,0,1,0,0,0,0,0,0,0,0,0,0,0,0,0,0,0,0,0,0,0,1,0,0,3,0,40.009,-75.1365, , 
 ,54031,2013109410,6,67,67301,2013,10,5,1710,17,1,1,0,4,1, , ,N,1,3,0,3,0,2,3,2,N,N,39 59:00.671,75 06:07.193,1727, ,1713, ,0, ,N, ,3, , , , , ,593977, , , ,2,1,0,0,0,0,1,0,0,0,0,1,2,1,0,0,0,0,0,0,1,0,0,0,0,0,0,0,0,0,0,0,0,0,0,4,0,39.9835,-75.102, , 
 ,54032,2013109349,6,67,67301,2013,10,1,500,5,3,1,0,7,5, , ,N,1,2,0,3,0,1,1,1,N,N,39 56:54.189,75 13:09.223,514, ,510, ,0, ,N, ,3, , , , , ,596681, , , ,1,1,0,0,0,0,0,0,0,0,0,1,1,0,0,0,0,0,0,0,0,0,0,0,0,0,0,0,0,0,0,0,0,0,0,4,0,39.9484,-75.2192, , 
 ,54033,2013109401,6,67,67301,2013,10,6,150,1,3,1,0,7,2, , ,N,3,0,0,3,0,1,1,1,N,N,39 55:29.773,75 11:36.074,159, ,156, ,0, ,N, ,0, , , , , ,596682, , , ,1,1,0,0,0,0,0,0,0,0,0,1,1,0,0,0,0,0,0,0,0,0,0,0,0,0,0,0,0,0,0,0,0,0,0,4,0,39.9249,-75.1934, , 
 ,54034,2013084433,6,67,67301,2013,7,7,2230,22,3,1,1,1,1, , ,N,0,0,0,3,0,1,2,2,N,N,39 59:27.842,75 06:04.830,2305, ,2300, ,0, ,N, ,0, , , , , ,596699, , , ,2,1,0,0,0,0,1,0,0,0,0,1,1,0,0,0,0,0,0,0,0,0,0,0,0,0,0,0,0,0,0,0,0,0,0,4,0,39.9911,-75.1013, , 
Y,54035,2013088219,6,67,67301,2013,8,5,500,5,3,1,0,1,1,1,4,Y,0,0,0,3,0,1,2,2,N,N,39 58:06.070,75 07:46.758,505,45,505,1,1,2,N, ,0,N,N,N,N,N,596700,N,N,Y,2,1,0,0,0,1,0,0,0,0,1,0,1,0,0,0,0,0,0,0,0,0,0,1,0,0,0,0,0,0,0,0,0,0,0,3,1,39.9684,-75.1297, , 
 ,54036,2013093204,6,67,67301,2013,8,7,1150,11,1,1,0,1,1, , ,N,1,2,0,3,0,1,2,2,N,N,39 55:05.239,75 10:51.193,1210, ,1200, ,0, ,N, ,3, , , , , ,596706, , , ,2,2,0,0,0,0,0,0,0,0,0,1,1,0,0,0,0,0,0,0,0,0,0,0,0,0,0,0,0,0,0,0,0,0,0,4,0,39.9181,-75.1809, , 
 ,54037,2013109375,6,67,67301,2013,10,7,228,2,3,1,0,7,2, , ,N,2,0,0,3,0,4,4,1,N,N,39 55:24.790,75 11:30.457,233, ,231, ,0, ,N, ,0, , , , , ,596717, , , ,1,0,0,0,0,0,1,0,0,0,0,4,4,0,0,0,0,0,0,0,0,0,0,0,0,0,0,0,0,0,0,0,0,0,0,4,0,39.9236,-75.1918, , 
 ,54038,2013070198,6,67,67301,2013,6,3,2245,22,3,1,0,4,1, , ,N,1,2,0,3,0,1,2,2,N,Y,40 02:17.558,75 11:24.246,2312, ,2308, ,0, ,N, ,3, , , , , ,596748, , , ,2,2,0,0,0,0,0,0,0,0,0,1,1,0,0,0,0,0,0,1,0,0,0,0,0,0,0,0,0,0,0,0,0,0,0,4,0,40.0382,-75.1901, , 
 ,54039,2013095953,6,67,67301,2013,8,3,2005,20,3,1,0,4,1, , ,N,2,3,0,3,0,0,4,2,N,N,40 01:32.141,75 12:08.737,2010, ,2006, ,0, ,N, ,3, , , , , ,596764, , , ,2,1,0,0,1,0,0,0,0,0,0,0,0,0,0,0,0,0,0,0,0,0,0,0,0,0,0,0,0,0,0,0,0,0,0,0,0,40.0257,-75.2025, , 
 ,54040,2013109434,6,67,67301,2013,10,6,1250,12,1,1,0,1,1, , ,N,1,2,0,3,0,1,2,2,N,N,39 58:43.287,75 09:28.532,1308, ,1255, ,0, ,N, ,3, , , , , ,596785, , , ,2,2,0,0,0,0,0,0,0,0,0,0,1,1,0,0,0,0,0,0,1,0,0,0,0,0,0,0,0,0,0,0,0,0,0,8,0,39.9787,-75.1578, , 
 ,54041,2013096441,6,67,67301,2013,8,4,1935,19,4,1,0,8,1, , ,N,0,0,0,3,0,2,3,3,N,N,40 04:45.156,74 59:29.335,1945, ,1939,2,2,6,N, ,0,Y, , , , ,596806, , , ,1,1,0,0,0,0,0,0,0,0,0,0,2,2,0,0,0,0,0,0,0,0,0,0,0,0,0,0,0,0,0,0,2,0,0,8,0,40.0792,-74.9915, , 
U,54042,2013098358,6,67,67301,2013,8,5,1718,17,1,1,0,1,1,8,8,Y,0,0,3,3,0,1,3,3,N,N,39 54:19.627,75 11:39.561,1725,99,1720,1,2,3,N, ,0,Y,U,U,U,U,596807,U,U,U,3,3,0,0,0,0,0,0,0,0,0,0,1,1,0,0,0,0,0,0,1,1,0,0,0,0,0,0,0,0,0,0,0,0,0,8,0,39.9055,-75.1943, , 
 ,54043,2013098410,6,67,67301,2013,9,2,30,0,3,1,0,8,1, , ,N,2,0,0,3,0,1,2,2,N, ,39 59:46.057,75 08:05.603,40, ,35, ,0, , , ,0, , , , , ,596808, , , ,1,1,0,0,0,0,0,0,0,0,0,0,1,1,0,0,0,0,0,0,0,0,0,0,0,0,0,0,0,0,0,0,1,0,0,8,0,39.9961,-75.1349, , 
 ,54044,2013101084,6,67,67301,2013,9,4,1855,18,1,1,0,4,1, , ,N,1,2,0,3,0,1,3,2,N, ,39 57:50.117,75 10:22.220,1905, ,1859, ,0, , , ,3, , , , , ,596816, , , ,1,1,0,0,0,0,0,0,1,0,1,0,1,0,0,0,0,0,0,0,0,0,0,0,0,0,0,0,0,0,0,0,0,0,0,3,0,39.9638,-75.1729, , 
 ,54045,2013104415,6,67,67301,2013,9,6,1645,16,1,1,0,8,1, , ,N,1,2,0,3,0,1,2,2,N,N,39 57:14.549,75 10:36.033,1700, ,1655, ,0, ,N, ,9, , , , , ,596818, , , ,1,0,0,0,1,0,0,0,0,0,0,1,1,0,0,0,0,0,0,0,0,0,0,0,0,0,0,0,0,0,0,0,1,0,0,4,0,39.954,-75.1767, , 
 ,54046,2013108180,6,67,67301,2013,10,7,856,8,1,1,0,1,1, , ,N,0,0,0,3,0,2,2,2,N,N,39 58:45.751,75 06:28.030,856, ,856,2,1,1,N, ,0,N, , , , ,596821, , , ,2,2,0,0,0,0,0,0,0,0,0,1,2,1,0,0,0,0,0,0,0,1,0,0,0,0,0,0,0,0,0,0,0,0,0,4,0,39.9793,-75.1079, , 
 ,54047,2013112344,6,67,67301,2013,10,6,219,2,3,1,0,5,6, , ,N,0,0,0,3,0,0,1,2,N,N,40 01:27.541,75 12:50.774,240, ,232, ,0, ,N, ,0, , , , , ,596822, , , ,2,1,0,0,1,0,0,0,0,0,0,0,0,0,0,0,0,0,0,0,0,0,0,1,0,0,0,0,0,0,0,0,0,0,0,0,0,40.0243,-75.2141, , 
 ,54048,2013112707,6,67,67301,2013,9,7,1957,19,4,1,0,8,1, , ,N,0,0,0,3,0,1,2,2,N,N,39 59:03.966,75 09:49.586,2002, ,1958,3,2,2,N, ,0,Y, , , , ,596823, , , ,1,0,0,0,0,0,1,0,0,1,0,0,1,0,0,0,0,0,0,0,0,0,0,0,0,0,0,0,0,0,0,0,1,0,1,2,0,39.9844,-75.1638, , 
 ,54049,2013065326,6,67,67301,2013,5,3,307,3,3,1,0,1,1, , ,N,0,0,0,3,0,0,2,2,N,N,40 04:58.064,75 01:37.834,313, ,307,1,1,2, , ,0,N, , , , ,596833, , , ,2,2,0,0,0,0,0,0,0,0,0,0,0,0,0,0,0,0,0,0,0,0,0,0,0,0,0,0,0,0,0,0,0,0,0,0,0,40.0828,-75.0272, , 
 ,54050,2013106769,6,67,67301,2013,9,7,1940,19,3,1,0,5,1, , ,N,0,0,0,3,0,1,2,2,N,N,39 54:48.920,75 10:00.890,1957, ,1950, ,0, ,N, ,0, , , , , ,599968, , , ,2,1,0,0,0,0,0,1,0,0,0,1,1,0,0,0,1,0,0,0,0,0,0,1,0,0,0,0,0,0,0,0,0,0,0,4,0,39.9136,-75.1669, , 
 ,54051,2013122464,6,67,67301,2013,11,2,815,8,1,1,0,8,1, , ,N,0,0,0,3,0,1,2,2,N,Y,39 57:45.741,75 09:36.946,920, ,9999, ,0, , , ,0, , , , , ,599981, , , ,1,0,0,0,1,0,0,0,0,0,0,1,1,0,0,0,0,0,0,0,1,0,0,0,0,0,0,0,0,0,0,0,1,0,0,4,0,39.9627,-75.1603, , 
 ,54052,2013122948,6,67,67301,2013,11,2,807,8,1,1,0,6,1, , ,N,0,0,0,3,0,1,3,3,N,N,40 02:32.622,75 11:08.895,835, ,830, ,0, ,N, ,0, , , , , ,599983, , , ,3,1,0,0,0,0,2,0,0,0,0,1,1,0,0,0,0,0,0,0,1,0,0,0,0,0,0,0,0,0,0,0,0,0,0,4,0,40.0424,-75.1858, , 
 ,54053,2013123001,6,67,67301,2013,10,2,1242,12,1,1,0,1,1, , ,N,0,2,0,3,0,1,2,2,N,N,39 57:39.315,75 14:49.538,1251, ,1242,9,1,1, , ,3,N, , , , ,599984, , , ,2,2,0,0,0,0,0,0,0,0,0,0,1,1,0,0,0,0,0,0,1,0,0,0,0,0,0,0,0,0,0,0,0,0,0,8,0,39.9609,-75.2471, , 
 ,54054,2013070221,6,67,67301,2013,6,6,9999,99,1,2,1,7,4, , ,N,1,2,0,3,0,0,2,3,N,N,40 00:07.592,75 07:57.262,1730, ,1725, ,0, ,N, ,3, , , , , ,599993, , , ,2,2,0,0,0,0,0,0,0,0,0,0,0,0,0,0,0,0,0,0,0,0,0,0,0,0,0,0,0,0,0,0,0,0,0,0,0,40.0021,-75.1326, , 
 ,54055,2013079557,6,67,67301,2013,7,1,752,7,1,1,0,4,1, , ,N,1,2,0,3,0,1,3,2,N,N,40 01:41.728,75 06:35.304,758, ,754,1,1,2,N, ,3,N, , , , ,599998, , , ,2,1,0,0,0,0,1,0,0,0,0,1,1,0,0,0,0,0,0,0,0,0,0,0,0,0,0,0,0,0,0,0,0,0,0,4,0,40.028,-75.1101, , 
 ,54056,2013081193,6,67,67301,2013,7,4,1322,13,1,1,0,4,1, , ,N,1,2,0,3,0,1,2,2,N, ,40 03:45.318,75 10:14.844,1339, ,1339, ,0, , , ,2, , , , , ,600002, , , ,2,2,0,0,0,0,0,0,0,0,0,0,1,1,0,0,0,0,0,0,0,0,0,0,0,0,0,0,0,0,0,0,0,0,0,8,0,40.0626,-75.1708, , 
 ,54057,2013121488,6,67,67301,2013,11,6,1638,16,1,1,0,4,1, , ,N,1,0,0,3,0,1,3,2,N,N,40 05:28.057,75 02:29.306,1645, ,1638, ,0, ,N, ,0, , , , , ,600024, , , ,2,2,0,0,0,0,0,0,0,0,0,0,1,1,0,0,0,0,0,0,0,0,0,0,0,0,0,0,0,0,0,0,0,0,0,8,0,40.0911,-75.0415, , 
 ,54058,2014001102,6,67,67301,2013,11,6,27,0,3,1,0,5,2, , ,N,0,0,0,3,0,0,1,2,N, ,39 55:20.380,75 13:49.710,32, ,30, ,0, , , ,0, , , , , ,600034, , , ,2,0,0,0,1,0,1,0,0,0,0,0,0,0,1,0,0,0,0,0,0,0,0,0,0,0,0,0,0,0,0,0,0,0,0,9,0,39.9223,-75.2305, , 
 ,54059,2014002772,6,67,67301,2013,11,7,1810,18,3,1,0,1,6, , ,N,0,0,0,3,0,0,1,3,N,N,39 55:13.378,75 09:28.555,1814, ,1812, ,0, ,N, ,0, , , , , ,600035, , , ,3,1,0,0,0,0,2,0,0,0,0,0,0,0,0,0,0,0,0,0,1,0,0,0,0,0,0,0,0,0,0,0,0,0,0,0,0,39.9204,-75.1579, , 
 ,54060,2014009659,6,67,67301,2013,12,2,1545,15,1,1,1,4,1, , ,N,1,3,0,3,0,1,3,4,N,N,40 03:07.828,75 05:35.123,1630, ,1625, ,0, ,N, ,3, , , , , ,600039, , , ,4,3,0,0,0,0,0,1,0,0,0,0,1,1,0,0,0,0,0,0,1,0,0,0,0,0,0,0,0,0,0,0,0,0,0,8,0,40.0522,-75.0931, , 
 ,54061,2014009809,6,67,67301,2013,12,3,1430,14,1,1,0,8,1, , ,N,5,2,0,3,0,1,2,2,N,N,39 59:52.195,75 06:39.459,1440, ,1440, ,0, ,N, ,3, , , , , ,600040, , , ,1,0,0,0,0,0,0,1,0,0,0,1,1,0,0,0,0,0,0,0,0,1,0,0,0,0,0,0,0,0,0,0,1,0,0,4,0,39.9978,-75.111, , 
 ,54062,2013070404,6,67,67301,2013,5,6,2335,23,3,1,0,4,1, , ,N,1,3,0,3,0,1,2,5,N, ,40 00:46.291,75 04:18.659,2342, ,2340, ,0, , , ,3, , , , , ,600053, , , ,5,4,0,0,0,0,1,0,0,0,0,1,1,0,0,0,0,0,0,1,0,0,0,0,0,0,0,0,0,0,0,0,0,0,0,4,0,40.0129,-75.0718, , 
 ,54063,2013070565,6,67,67301,2013,6,2,1452,14,1,1,0,4,1, , ,N,1,2,0,3,0,1,3,2,N,N,39 55:34.561,75 11:03.741,1452, ,1452, ,0, ,N, ,3, , , , , ,600054, , , ,2,1,0,0,0,0,1,0,0,0,0,0,1,1,0,0,0,0,0,0,0,0,0,0,0,0,0,0,0,0,0,0,0,0,0,8,0,39.9263,-75.1844, , 
 ,54064,2013086714,6,67,67301,2013,7,1,1546,15,1,2,1,4,1, , ,N,1,2,0,3,0,2,3,2,N, ,39 57:03.938,75 10:19.451,1554, ,1501, ,0, , , ,2, , , , , ,600068, , , ,2,2,0,0,0,0,0,0,0,0,0,0,2,2,0,0,0,0,0,0,1,0,0,0,0,0,0,0,0,0,0,0,0,0,0,8,0,39.9511,-75.1721, , 
 ,54065,2013103928,6,67,67301,2013,9,7,2057,20,3,2,1,8,1, , ,N,0,0,0,3,0,1,2,2,N,N,39 59:57.901,75 06:29.116,2100, ,2058, ,0, ,N, ,0, , , , , ,600076, , , ,1,1,0,0,0,0,0,0,0,0,0,0,1,1,0,0,0,0,0,0,1,0,0,0,0,0,0,0,0,0,0,0,1,0,0,8,0,39.9994,-75.1081, , 
 ,54066,2013103935,6,67,67301,2013,9,1,1243,12,1,1,0,4,1, , ,N,1,3,0,3,0,2,2,2,N,N,40 06:03.247,74 58:12.107,1245, ,1243, ,0, ,N, ,3, , , , , ,600077, , , ,2,1,0,0,0,0,1,0,0,0,0,2,2,0,0,0,0,0,1,0,0,0,1,0,0,0,0,0,0,0,0,0,0,0,0,4,0,40.1009,-74.97, , 
 ,54067,2013111808,6,67,67301,2013,10,3,945,9,1,1,0,5,2, , ,N,2,0,0,3,0,1,1,3,N,N,39 56:09.196,75 09:13.312,1010, ,1000, ,0, ,N, ,0, , , , , ,600086, , , ,3,3,0,0,0,0,0,0,0,0,0,1,1,0,0,0,0,0,0,0,0,0,0,0,0,0,0,0,0,0,0,0,0,0,0,4,0,39.9359,-75.1537, , 
 ,54068,2013077501,6,67,67301,2013,7,1,2340,23,3,1,0,7,5, , ,N,0,0,0,3,0,0,2,1,N, ,40 00:53.248,75 09:11.752,55, ,52, ,0, , , ,0, , , , , ,604378, , , ,1,1,0,0,0,0,0,0,0,0,0,0,0,0,2,0,0,0,0,0,0,0,0,0,0,0,0,0,0,0,0,0,0,0,0,9,0,40.0148,-75.1533, , 
 ,54069,2013104409,6,67,67301,2013,9,2,918,9,1,1,0,1,1, , ,N,1,2,0,3,0,1,2,2,N,N,40 01:17.486,75 08:23.326,926, ,920,2,1,2,N, ,3,N, , , , ,604402, , , ,2,1,0,0,1,0,0,0,0,0,0,1,1,0,0,0,0,0,0,0,1,0,0,0,0,0,0,0,0,0,0,0,0,0,0,4,0,40.0215,-75.1398, , 
 ,54070,2013107163,6,67,67301,2013,9,1,22,0,3,1,0,4,1, , ,N,1,0,0,3,0,2,6,2,N,N,39 57:48.643,75 11:29.421,32, ,30,9,1,2,N, ,0,N, , , , ,604404, , , ,2,1,0,0,0,0,1,0,0,1,0,1,2,0,0,0,0,0,0,0,1,0,0,0,0,0,0,1,0,0,0,0,0,0,0,2,0,39.9635,-75.1915, , 
 ,54071,2013081733,6,67,67301,2013,8,3,1,0,3,1,0,7,4, , ,N,0,0,0,3,0,1,3,1,N,N,39 58:03.105,75 11:20.713,10, ,3,1,1,4,N, ,0,N, , , , ,604424, , , ,1,1,0,0,0,0,0,0,0,0,0,1,1,0,0,0,0,0,0,0,0,0,0,0,0,0,0,0,0,0,0,0,0,0,0,4,0,39.9675,-75.1891, , 
 ,54072,2013101117,6,67,67301,2013,9,2,1315,13,1,1,0,8,6, , ,N,0,0,0,3,0,1,2,2,N, ,40 01:21.474,75 04:39.790,1321, ,1320, ,0, , , ,0, , , , , ,604433, , , ,1,0,0,0,0,0,1,0,0,0,0,0,1,1,0,0,0,0,0,0,0,0,0,0,0,0,0,0,0,0,0,0,1,0,0,8,0,40.0226,-75.0777, , 
 ,54073,2013101159,6,67,67301,2013,9,1,2222,22,3,1,0,4,1, , ,N,1,1,0,3,0,1,3,2,N, ,39 58:08.310,75 13:01.329,2232, ,2222, ,0, , , ,3, , , , , ,604434, , , ,1,1,0,0,0,0,0,0,1,0,0,1,1,0,0,0,0,0,0,0,0,0,0,1,0,0,0,0,0,0,0,0,0,0,0,4,0,39.969,-75.217, , 
 ,54074,2013115445,6,67,67301,2013,11,3,1720,17,3,1,0,1,1, , ,N,0,0,0,3,0,1,2,2,N,N,39 58:57.271,75 05:58.492,1737, ,1720,1,2,1,N, ,0,N, , , , ,604443, , , ,2,0,0,0,0,0,2,0,0,0,1,0,1,0,0,0,0,0,0,0,1,0,0,0,0,0,0,0,0,0,0,0,0,0,0,3,0,39.9825,-75.0997, , 
 ,54075,2013121373,6,67,67301,2013,11,2,1136,11,1,1,0,1,1, , ,N,1,2,0,3,0,1,2,2,N,N,39 57:27.432,75 08:44.473,1153, ,1152, ,0, ,N, ,3, , , , , ,604449, , , ,2,2,0,0,0,0,0,0,0,0,0,1,1,0,0,0,0,0,0,0,0,0,0,0,0,0,0,0,0,0,0,0,0,0,0,4,0,39.9576,-75.1457, , 
 ,54076,2013124844,6,67,67301,2013,12,6,816,8,1,2,1,1,1, , ,N,0,0,0,3,0,0,6,3,N,N,39 58:31.317,75 06:59.924,839, ,819,1,2,2,N, ,0,N, , , , ,604450, , , ,3,2,0,0,0,0,0,1,0,0,0,0,0,0,0,0,0,0,0,0,0,0,0,0,0,0,0,0,0,0,0,0,0,0,0,0,0,39.9754,-75.1166, , 
 ,54077,2014003311,6,67,67301,2013,12,6,1357,13,1,1,0,8,1, , ,N,1,2,0,3,0,1,2,2,N,N,39 57:15.859,75 09:47.045,2000, ,1357, ,0, ,N, ,3, , , , , ,604472, , , ,1,1,0,0,0,0,0,0,0,0,0,1,1,0,0,0,0,0,0,0,0,0,0,0,0,0,0,0,0,0,0,0,1,0,0,4,0,39.9544,-75.1631, , 
 ,54078,2014084273,6,67,67301,2013,7,2,2018,20,1,1,0,4,1, , ,N,1,2,0,3,0,4,5,2,N, ,40 02:06.512,75 06:29.945,2023, ,2020, ,0, , , ,3, , , , , ,604475, , , ,2,2,0,0,0,0,0,0,0,0,0,3,4,1,0,0,1,0,0,0,1,0,0,0,0,0,0,0,0,0,0,0,0,0,0,4,0,40.0353,-75.1085, , 
 ,54079,2013126533,6,67,67301,2013,10,1,224,2,3,1,0,8,1, , ,N,1,2,0,3,0,1,2,2,N, ,39 59:52.878,75 07:31.459,231, ,229, ,0, , , ,3, , , , , ,604483, , , ,1,0,0,0,0,0,0,1,0,1,0,0,1,0,0,0,0,0,0,0,1,0,0,0,0,0,0,0,0,0,0,0,1,0,1,2,0,39.998,-75.1254, , 