wz_ln_closure,objectid_1,crn,district,county,municipality,crash_year,crash_month,day_of_week,time_of_day,hour_of_day,illumination,weather,road_condition,collision_type,relation_to_road,work_zone_type,work_zone_loc,work_zone_ind,intersect_type,tcd_type,location_type,urban_rural,fatal_count,injury_count,person_count,total_units,sch_bus_ind,sch_zone_ind,latitude,longitude,arrival_tm,cons_zone_spd_lim,dispatch_tm,est_hrs_closed,lane_closed,ln_close_dir,ntfy_hiwy_maint,spec_juris_cd,tcd_func_cd,tfc_detour_ind,workers_pres,wz_close_detour,wz_flagger,wz_law_offcr_ind,objectid,wz_moving,wz_other,wz_shlder_mdn,vehicle_count,automobile_count,motorcycle_count,bus_count,small_truck_count,heavy_truck_count,suv_count,van_count,bicycle_count,maj_inj_count,mod_inj_count,min_inj_count,tot_inj_count,unk_inj_deg_count,unk_inj_per_count,driver_count_16yr,driver_count_17yr,driver_count_18yr,driver_count_19yr,driver_count_20yr,driver_count_50_64yr,driver_count_65_74yr,driver_count_75plus,unbelted_occ_count,unb_death_count,unb_maj_inj_count,belted_death_count,belted_maj_inj_count,mcycle_death_count,mcycle_maj_inj_count,bicycle_death_count,bicycle_maj_inj_count,ped_count,ped_death_count,ped_maj_inj_count,max_severity_level,comm_veh_count,dec_lat,dec_long,rdwy_surf_type_cd,county_name
 ,54080,2014049479,6,67,67301,2013,3,4,205,2,3,1,0,8,1, , ,N,0,0,0,3,0,1,2,2,N,N,39 59:34.407,75 10:14.041,210, ,207,9,2,3,N, ,0,Y, , , , ,604492, , , ,1,1,0,0,0,0,0,0,0,0,0,0,1,1,0,0,0,0,0,0,0,0,0,0,0,0,0,0,0,0,0,0,1,0,0,8,0,39.9929,-75.1706, , 
 ,54081,2013104416,6,67,67301,2013,9,5,1534,15,1,1,0,1,1, , ,N,1,2,0,3,0,0,2,2,N, ,40 05:09.682,75 13:49.641,1635, ,1611, ,0, , , ,3, , , , , ,604496, , , ,2,1,0,0,1,0,0,0,0,0,0,0,0,0,0,0,0,0,0,0,0,0,0,0,0,0,0,0,0,0,0,0,0,0,0,0,0,40.0861,-75.2305, , 
 ,54082,2013111783,6,67,67301,2013,10,5,730,7,1,2,1,4,1, , ,N,2,0,7,3,0,0,3,2,N,N,39 58:19.318,75 10:27.526,740, ,734, ,0, , , ,0, , , , , ,604506, , , ,2,2,0,0,0,0,0,0,0,0,0,0,0,0,0,0,0,0,0,0,0,0,0,0,0,0,0,0,0,0,0,0,0,0,0,0,0,39.972,-75.1743, , 
 ,54083,2013129459,6,67,67301,2013,11,7,330,3,3,1,0,5,6, , ,N,0,0,0,3,0,0,1,2,N,N,40 04:39.052,75 02:34.047,705, ,702, ,0, ,N, ,0, , , , , ,604511, , , ,2,2,0,0,0,0,0,0,0,0,0,0,0,0,0,0,0,0,0,0,0,0,0,0,0,0,0,0,0,0,0,0,0,0,0,0,0,40.0775,-75.0428, , 
 ,54084,2014002762,6,67,67301,2013,11,5,500,5,3,1,0,4,1, , ,N,1,3,0,3,0,1,3,2,N,N,40 02:26.901,75 04:22.717,515, ,510, ,0, , , ,3, , , , , ,604518, , , ,2,0,0,0,1,0,0,1,0,0,0,0,1,1,0,0,0,0,0,0,0,0,0,0,0,0,0,0,0,0,0,0,0,0,0,8,0,40.0408,-75.073, , 
 ,54085,2014013561,6,67,67301,2013,12,7,1550,15,1,1,0,4,1, , ,N,1,3,0,3,0,1,2,2,N, ,40 00:34.427,75 09:13.095,1602, ,1557, ,0, , , ,3, , , , , ,604523, , , ,2,1,0,0,0,0,1,0,0,0,0,0,1,1,1,0,0,0,0,1,0,0,0,0,0,0,0,0,0,0,0,0,0,0,0,8,0,40.0096,-75.1536, , 
 ,54086,2013105971,6,67,67301,2013,10,6,1600,16,1,1,0,1,1, , ,N,0,0,0,3,0,2,4,4,N,N,40 03:02.502,74 59:27.815,1644, ,1606, ,0, ,N, ,0, , , , , ,604524, , , ,4,4,0,0,0,0,0,0,0,0,0,0,2,2,0,0,0,0,0,0,0,0,0,0,0,0,0,0,0,0,0,0,0,0,0,8,0,40.0507,-74.9911, , 
 ,54087,2013070523,6,67,67301,2013,5,3,9999,99,1,1,0,4,1, , ,N,0,0,7,3,0,1,2,2,N, ,40 03:09.977,75 00:26.597,9999, ,1737, ,0, ,N, ,0, , , , , ,593988, , , ,2,2,0,0,0,0,0,0,0,0,0,1,1,0,0,0,0,0,0,0,1,0,0,0,0,0,0,0,0,0,0,0,0,0,0,4,0,40.0528,-75.0074, , 
 ,54088,2013107139,6,67,67301,2013,9,7,1350,13,1,1,0,4,1, , ,N,1,3,0,3,0,1,2,2,N,N,39 57:22.822,75 13:32.274,1403, ,1356, ,0, , , ,3, , , , , ,594038, , , ,1,0,0,0,0,0,0,0,1,0,0,0,1,1,1,0,0,0,0,0,0,0,0,0,0,0,0,0,0,0,0,0,0,0,0,8,0,39.9563,-75.2256, , 
 ,54089,2013109549,6,67,67301,2013,10,7,1745,17,3,1,0,1,1, , ,N,0,0,0,3,0,3,8,3,N,N,39 58:17.094,75 07:25.756,1759, ,1747, ,0, ,N, ,0, , , , , ,594041, , , ,3,0,0,0,0,0,2,1,0,0,0,0,3,3,0,0,0,0,0,0,1,0,0,0,0,0,0,0,0,0,0,0,0,0,0,8,0,39.9714,-75.1238, , 
 ,54090,2013111740,6,67,67301,2013,10,5,1900,19,3,2,1,1,1, , ,N,1,2,0,3,0,1,3,2,N,N,39 56:53.500,75 09:51.952,1925, ,1920, ,0, ,N, ,3, , , , , ,594045, , , ,2,2,0,0,0,0,0,0,0,0,0,1,1,0,0,0,0,0,0,0,1,0,0,0,0,0,0,0,0,0,0,0,0,0,0,4,0,39.9482,-75.1644, , 
 ,54091,2013077466,6,67,67301,2013,6,7,935,9,1,1,0,4,1, , ,N,1,2,0,3,0,1,4,2,N,N,39 57:33.501,75 09:35.521,942, ,938, ,0, ,N, ,3, , , , , ,594055, , , ,2,1,0,0,0,0,1,0,0,0,0,1,1,0,0,0,0,0,0,0,0,1,0,0,0,0,0,0,0,0,0,0,0,0,0,4,0,39.9593,-75.1599, , 
 ,54092,2013106666,6,67,67301,2013,9,2,1600,16,1,1,0,1,1, , ,N,0,0,0,3,0,0,4,2,N, ,39 55:31.908,75 14:39.957,1636, ,1633, ,0, , , ,0, , , , , ,594083, , , ,2,1,0,0,0,0,1,0,0,0,0,0,0,0,0,0,0,0,0,0,1,0,0,0,0,0,0,0,0,0,0,0,0,0,0,0,0,39.9255,-75.2444, , 
 ,54093,2013103621,6,67,67301,2013,10,3,1954,19,3,1,0,1,1, , ,N,0,0,0,3,0,1,2,2,N,N,39 53:51.419,75 11:09.981,1954, ,1954,1,1,1,N, ,0,N, , , , ,594105, , , ,2,2,0,0,0,0,0,0,0,0,0,1,1,0,0,0,0,0,0,0,0,0,0,0,0,0,0,0,0,0,0,0,0,0,0,4,0,39.8976,-75.1861, , 
 ,54094,2013129447,6,67,67301,2013,11,4,850,8,1,1,0,4,1, , ,N,1,2,0,3,0,1,2,2,N,N,40 01:24.369,75 08:21.713,910, ,902, ,0, , , ,3, , , , , ,594130, , , ,2,2,0,0,0,0,0,0,0,0,0,1,1,0,0,0,0,0,0,0,0,0,0,0,0,0,0,0,0,0,0,0,0,0,0,4,0,40.0234,-75.1394, , 
 ,54095,2013130118,6,67,67301,2013,11,1,847,8,1,1,0,4,1, , ,N,2,3,0,3,0,0,4,3,N,N,39 59:44.761,75 04:19.725,900, ,850,1,1,7,N, ,3,N, , , , ,594132, , , ,3,2,0,0,0,1,0,0,0,0,0,0,0,0,0,0,1,0,0,0,0,0,0,0,0,0,0,0,0,0,0,0,0,0,0,0,1,39.9958,-75.0721, , 
 ,54096,2013093092,6,67,67301,2013,8,7,2330,23,3,1,0,5,2, , ,N,0,0,0,3,0,0,1,2,N,N,39 59:30.388,75 06:45.794,2335, ,2330, ,0, ,N, ,0, , , , , ,594157, , , ,2,2,0,0,0,0,0,0,0,0,0,0,0,0,0,0,0,0,0,0,0,0,0,0,0,0,0,0,0,0,0,0,0,0,0,0,0,39.9918,-75.1127, , 
 ,54097,2013101022,6,67,67301,2013,8,1,1945,19,1,1,0,4,1, , ,N,1,3,0,3,0,1,5,2,N, ,40 04:03.788,75 09:45.053,1946, ,1945,9,2,7, , ,3,Y, , , , ,594168, , , ,2,2,0,0,0,0,0,0,0,0,1,0,1,0,0,0,0,0,0,0,0,0,0,0,0,0,0,0,0,0,0,0,0,0,0,3,0,40.0677,-75.1625, , 
 ,54098,2013101085,6,67,67301,2013,8,5,1543,15,1,1,0,1,1, , ,N,2,2,0,3,0,1,2,2,N, ,40 03:16.658,75 00:35.920,1600, ,1551,1,1,3, , ,3,N, , , , ,594169, , , ,2,2,0,0,0,0,0,0,0,0,0,1,1,0,0,0,1,0,0,0,0,0,0,0,0,0,0,0,0,0,0,0,0,0,0,4,0,40.0546,-75.01, , 
 ,54099,2013109339,6,67,67301,2013,10,7,1719,17,1,1,0,1,2, , ,N,0,0,0,3,0,0,1,2,N,N,40 06:22.257,75 01:38.204,1910, ,1902, ,0, , , ,0, , , , , ,594177, , , ,2,1,0,0,1,0,0,0,0,0,0,0,0,0,0,0,0,0,0,0,0,0,0,0,0,0,0,0,0,0,0,0,0,0,0,0,0,40.1062,-75.0273, , 
 ,54100,2013062604,6,67,67301,2013,5,3,515,5,1,1,0,8,1, , ,N,0,0,0,3,0,1,2,2,N,N,39 59:00.715,75 08:05.456,750, ,730, ,0, ,N, ,0, , , , , ,594187, , , ,1,0,0,1,0,0,0,0,0,0,1,0,1,0,0,0,0,0,0,0,0,0,0,0,0,0,0,0,0,0,0,0,1,0,0,3,1,39.9835,-75.1348, , 
 ,54101,2013096098,6,67,67301,2013,8,1,540,5,1,1,0,4,1, , ,N,1,3,0,3,0,3,4,2,N,N,39 56:55.831,75 14:19.575,1540, ,1540, ,0, ,N, ,3, , , , , ,594200, , , ,2,2,0,0,0,0,0,0,0,0,0,3,3,0,0,0,0,0,0,0,0,0,0,0,0,0,0,0,0,0,0,0,0,0,0,4,0,39.9488,-75.2388, , 
 ,54102,2013128191,6,67,67301,2013,10,1,2050,20,3,1,0,4,1, , ,N,2,2,7,3,0,1,2,2,N,N,40 04:10.183,74 58:53.562,2105, ,2101, ,0, ,N, ,3, , , , , ,594221, , , ,2,1,0,0,0,0,0,1,0,0,1,0,1,0,0,0,0,0,0,0,0,0,0,0,0,0,0,0,0,0,0,0,0,0,0,3,0,40.0695,-74.9814, , 
 ,54103,2013130076,6,67,67301,2013,11,4,944,9,1,1,0,4,1, , ,N,2,0,0,3,0,1,2,2,N,N,39 59:39.896,75 09:29.864,947, ,943, ,0, ,N, ,0, , , , , ,594225, , , ,2,0,0,0,1,0,1,0,0,0,0,1,1,0,0,0,0,0,0,0,0,0,0,1,0,0,0,0,0,0,0,0,0,0,0,4,0,39.9944,-75.1583, , 
 ,54104,2013068715,6,67,67301,2013,7,6,927,9,1,1,0,1,1, , ,N,0,0,0,3,0,2,3,2,N,N,39 55:13.633,75 08:53.527,938, ,930, ,0, ,N, ,0, , , , , ,594228, , , ,2,0,0,0,1,0,0,1,0,0,0,2,2,0,0,0,0,0,0,0,0,0,1,0,0,0,0,0,0,0,0,0,0,0,0,4,0,39.9205,-75.1482, , 
 ,54105,2013070199,6,67,67301,2013,6,2,1609,16,1,1,0,8,1, , ,N,1,2,0,3,0,1,2,2,Y,N,39 55:30.950,75 13:44.824,1615, ,1612, ,0, ,N, ,3, , , , , ,596840, , , ,1,0,0,1,0,0,0,0,0,0,0,1,1,0,0,0,0,0,0,0,0,0,0,0,0,0,0,0,0,0,0,0,1,0,0,4,1,39.9253,-75.2291, , 
 ,54106,2013070304,6,67,67301,2013,6,6,1505,15,1,1,0,4,1, , ,N,1,2,0,3,0,1,2,2,N,N,40 02:02.361,75 04:27.863,1530, ,1508,1,1,1,N, ,3,N, , , , ,596841, , , ,2,2,0,0,0,0,0,0,0,0,0,0,1,1,0,0,1,0,0,0,0,0,0,0,0,0,0,0,0,0,0,0,0,0,0,8,0,40.034,-75.0744, , 
 ,54107,2013077464,6,67,67301,2013,6,2,338,3,3,1,0,1,1, , ,N,0,2,6,3,0,0,2,2,N, ,40 06:43.320,74 59:25.838,341, ,339,2,1,1, , ,3,N, , , , ,596846, , , ,2,1,0,0,0,1,0,0,0,0,0,0,0,0,0,0,0,0,0,0,1,0,0,0,0,0,0,0,0,0,0,0,0,0,0,0,1,40.1121,-74.9907, , 
 ,54108,2013084033,6,67,67301,2013,7,4,208,2,3,1,0,5,1, , ,N,0,0,0,3,0,0,1,3,N,N,40 00:54.188,75 11:25.608,208, ,212, ,0, ,N, ,0, , , , , ,596851, , , ,3,2,0,0,0,0,0,0,0,0,0,0,0,0,0,0,0,0,0,0,0,0,0,0,0,0,0,0,0,0,0,0,0,0,0,0,0,40.0151,-75.1904, , 
 ,54109,2013086981,6,67,67301,2013,8,1,1033,10,1,1,0,5,6, , ,N,0,0,0,3,0,1,4,2,N,N,39 57:16.838,75 11:40.206,1056, ,1054, ,0, ,N, ,0, , , , , ,596856, , , ,2,1,0,0,0,0,0,1,0,0,0,1,1,0,0,0,0,0,0,0,1,0,0,0,0,0,0,0,0,0,0,0,0,0,0,4,0,39.9547,-75.1945, , 
 ,54110,2013106645,6,67,67301,2013,9,3,2200,22,6,1,0,8,1, , ,N,0,0,7,3,0,1,2,2,N, ,39 54:32.696,75 09:57.689,2125, ,2119, ,0, , , ,0, , , , , ,596872, , , ,1,0,0,0,0,0,0,1,0,0,0,1,1,0,1,0,0,0,0,0,0,0,0,0,0,0,0,0,0,0,0,0,1,0,0,4,0,39.9091,-75.166, , 
 ,54111,2013109394,6,67,67301,2013,10,5,1818,18,1,1,0,4,1, , ,N,1,2,0,3,0,1,4,4,N,N,40 02:07.087,75 06:30.627,1830, ,1823,2,2,4,N, ,3,Y, , , , ,596874, , , ,4,3,1,0,0,0,0,0,0,0,0,1,1,0,0,0,0,0,0,0,0,1,0,2,0,0,0,0,0,0,0,0,0,0,0,4,0,40.0353,-75.1085, , 
 ,54112,2013111747,6,67,67301,2013,10,7,9999,99,3,1,0,8,1, , ,N,0,0,0,3,0,1,2,2,N,N,40 00:58.549,75 08:58.969,322, ,320, ,0, ,N, ,0, , , , , ,596877, , , ,1,0,0,0,0,0,0,0,0,0,0,1,1,0,1,0,0,0,0,0,0,0,0,0,0,0,0,0,0,0,0,0,1,0,0,4,0,40.0163,-75.1497, , 
 ,54113,2013111874,6,67,67301,2013,10,5,730,7,1,1,0,4,1, , ,N,0,0,7,3,0,1,2,2,N,N,40 00:50.774,75 10:40.436,736, ,734,2,1,1,N, ,0,N, , , , ,596878, , , ,1,1,0,0,0,0,0,0,1,0,1,0,1,0,0,0,0,0,0,1,0,0,0,0,0,0,0,0,0,0,0,0,0,0,0,3,0,40.0141,-75.1779, , 
 ,54114,2013070409,6,67,67301,2013,6,7,833,8,1,2,1,6,1, , ,N,0,0,0,3,0,3,3,2,N,N,40 00:56.380,75 12:20.310,905, ,900,2,1,1,N, ,0,Y, , , , ,596881, , , ,2,2,0,0,0,0,0,0,0,0,0,1,3,2,0,0,0,0,0,0,1,0,0,0,0,0,0,0,0,0,0,0,0,0,0,4,0,40.0157,-75.2056, , 
 ,54115,2013070476,6,67,67301,2013,6,6,2330,23,3,1,0,4,1, , ,N,2,3,7,3,0,2,2,2,N,N,39 55:00.055,75 14:45.451,2, ,2359, ,0, ,N, ,3, , , , , ,596882, , , ,2,1,0,0,0,0,1,0,0,0,0,1,2,1,0,0,0,0,0,0,0,0,0,0,0,0,0,0,0,0,0,0,0,0,0,4,0,39.9166,-75.2458, , 
 ,54116,2013081319,6,67,67301,2013,8,4,219,2,3,1,0,7,4, , ,N,0,0,0,3,0,0,1,1,N,N,39 57:25.512,75 09:07.859,236, ,225, ,0, ,N, ,0, , , , , ,596892, , , ,1,0,0,0,0,0,1,0,0,0,0,0,0,0,0,0,0,0,0,0,0,0,0,0,0,0,0,0,0,0,0,0,0,0,0,0,0,39.9571,-75.1522, , 
 ,54117,2013086765,6,67,67301,2013,8,7,621,6,1,1,0,5,1, , ,N,0,0,0,3,0,0,1,6,N,N,40 04:16.957,75 02:10.208,631, ,625,2,1,2,N, ,0,Y, , , , ,596934, , , ,6,3,0,0,1,0,2,0,0,0,0,0,0,0,1,0,0,0,0,0,0,0,0,0,0,0,0,0,0,0,0,0,0,0,0,9,0,40.0714,-75.0362, , 
 ,54118,2013086230,6,67,67301,2013,7,1,1900,19,3,2,1,4,1, , ,N,1,2,0,3,0,2,4,2,N,N,39 59:04.957,75 06:10.964,2018, ,2016,3,2,1,N, ,3,N, , , , ,596948, , , ,2,1,0,0,0,0,1,0,0,0,1,1,2,0,0,0,0,0,0,1,0,0,0,2,0,0,0,0,0,0,0,0,0,0,0,3,0,39.9847,-75.103, , 
 ,54119,2013086969,6,67,67301,2013,8,3,1932,19,1,1,0,4,1, , ,N,0,0,0,3,0,1,2,2,N,N,40 01:50.001,75 02:24.594,2015, ,2011, ,0, ,N, ,0, , , , , ,596949, , , ,1,1,0,0,0,0,0,0,1,0,0,1,1,0,0,0,0,0,0,0,0,0,0,0,0,0,0,0,0,0,0,0,0,0,0,4,0,40.0306,-75.0402, , 
 ,54120,2013096431,6,67,67301,2013,8,7,432,4,3,1,0,1,1, , ,N,1,2,0,3,0,2,3,2,N,N,40 03:15.541,75 04:17.098,436, ,432, ,0, ,N, ,3, , , , , ,596960, , , ,2,1,0,0,0,0,1,0,0,0,0,2,2,0,1,0,0,0,0,0,0,0,0,0,0,0,0,0,0,0,0,0,0,0,0,4,0,40.0543,-75.0714, , 
 ,54121,2013096449,6,67,67301,2013,8,6,1055,10,1,1,0,4,1, , ,N,1,2,0,3,0,1,3,2,N,N,39 59:31.689,75 08:24.712,1140, ,1130, ,0, , , ,3, , , , , ,596961, , , ,2,2,0,0,0,0,0,0,0,0,0,1,1,0,0,0,0,0,0,0,0,0,0,0,0,0,0,0,0,0,0,0,0,0,0,4,0,39.992,-75.1402, , 
 ,54122,2013055473,6,67,67301,2013,5,4,628,6,1,1,0,8,1, , ,N,1,3,0,3,0,1,2,2,N,N,39 56:09.524,75 08:48.533,639, ,629, ,0, , , ,3, , , , , ,596979, , , ,1,1,0,0,0,0,0,0,0,0,0,0,1,1,0,0,0,0,0,0,0,0,0,1,0,0,0,0,0,0,0,0,1,0,0,8,0,39.936,-75.1468, , 
 ,54123,2013065291,6,67,67301,2013,5,7,700,7,1,1,0,4,1, , ,N,1,2,0,3,0,1,2,2,N,N,39 57:01.144,75 09:56.951,715, ,705, ,0, , , ,3, , , , , ,600095, , , ,2,0,0,0,1,1,0,0,0,0,0,0,1,1,0,0,0,0,0,0,2,0,0,0,0,0,0,0,0,0,0,0,0,0,0,8,0,39.9503,-75.1658, , 
 ,54124,2013070367,6,67,67301,2013,6,5,240,2,3,1,0,0,4, , ,N,0,0,0,3,0,1,1,1,N,N,40 02:04.282,75 13:10.668,255, ,251,9,1,6,N, ,0,N, , , , ,600101, , , ,1,1,0,0,0,0,0,0,0,0,0,0,1,1,0,0,0,0,0,0,0,0,0,0,0,0,0,0,0,0,0,0,0,0,0,8,0,40.0345,-75.2196, , 
 ,54125,2013073913,6,67,67301,2013,7,2,1545,15,1,1,0,4,1, , ,N,1,2,0,3,0,1,2,2,N,N,39 58:33.855,75 09:36.622,1555, ,1550, ,0, ,N, ,3, , , , , ,600103, , , ,1,1,0,0,0,0,0,0,1,0,0,0,1,1,0,0,0,0,0,0,1,0,0,0,0,0,0,0,0,0,0,0,0,0,0,8,0,39.9761,-75.1602, , 
 ,54126,2013079997,6,67,67301,2013,7,1,19,0,3,1,0,5,6, , ,N,0,0,0,3,0,0,1,2,N,N,40 02:16.760,75 07:37.909,21, ,20,2,2,2,N, ,0,N, , , , ,600110, , , ,2,2,0,0,0,0,0,0,0,0,0,0,0,0,0,0,0,0,0,0,0,0,0,0,0,0,0,0,0,0,0,0,0,0,0,0,0,40.038,-75.1272, , 
 ,54127,2013079506,6,67,67301,2013,7,6,747,7,1,1,0,4,1, , ,N,1,2,0,3,0,0,3,3,N,N,39 54:49.107,75 14:20.379,808, ,807,3,2,7,N, ,3,Y, , , , ,600121, , , ,3,2,0,0,1,0,0,0,0,0,0,0,0,0,0,0,0,0,0,0,2,0,0,0,0,0,0,0,0,0,0,0,0,0,0,0,0,39.9136,-75.239, , 
 ,54128,2013096042,6,67,67301,2013,8,5,644,6,1,1,0,1,2, , ,N,0,0,0,3,0,1,2,4,N,N,39 57:30.818,75 13:32.792,648, ,645,1,1,3,N, ,0,N, , , , ,600138, , , ,4,1,0,0,3,0,0,0,0,0,0,1,1,0,0,0,0,0,1,0,0,0,0,1,0,0,0,0,0,0,0,0,0,0,0,4,0,39.9586,-75.2258, , 
 ,54129,2013103908,6,67,67301,2013,9,1,1500,15,1,1,0,4,1, , ,N,1,2,0,3,0,2,3,2,N,N,39 57:20.206,75 12:52.512,1530, ,1515,1,2,4,N, ,3,Y, , , , ,600160, , , ,2,1,0,0,1,0,0,0,0,0,0,2,2,0,0,0,0,0,0,0,0,0,0,0,0,0,0,0,0,0,0,0,0,0,0,4,0,39.9556,-75.2146, , 
 ,54130,2013109372,6,67,67301,2013,9,1,1600,16,1,1,0,4,1, , ,N,1,3,0,3,0,1,5,2,N,N,40 03:54.478,75 11:08.765,1640, ,1629, ,0, ,N, ,3, , , , , ,600166, , , ,2,1,0,0,0,0,1,0,0,0,0,1,1,0,0,0,0,0,0,0,0,0,0,0,0,0,0,0,0,0,0,0,0,0,0,4,0,40.0651,-75.1858, , 
 ,54131,2013086899,6,67,67301,2013,7,2,700,7,1,1,0,4,1, , ,N,2,2,0,3,0,1,2,2,N,N,39 53:01.171,75 15:05.812,820, ,820, ,0, ,N, ,2, , , , , ,600170, , , ,2,1,0,0,0,0,1,0,0,0,0,1,1,0,0,0,0,0,0,0,0,0,0,0,0,0,0,0,0,0,0,0,0,0,0,4,0,39.8836,-75.2515, , 
 ,54132,2013101244,6,67,67301,2013,9,4,2115,21,3,1,0,1,1, , ,N,0,0,0,3,0,3,3,2,N,N,39 59:48.621,75 10:37.227,2135, ,2129,1,2,6, , ,0,Y, , , , ,600189, , , ,2,2,0,0,0,0,0,0,0,0,1,1,3,1,0,0,0,0,0,0,0,1,0,0,0,0,0,0,0,0,0,0,0,0,0,3,0,39.9968,-75.177, , 
 ,54133,2013111854,6,67,67301,2013,10,7,2009,20,3,1,0,1,1, , ,N,1,2,0,3,0,0,4,3,N,N,40 05:40.346,75 00:54.155,2014, ,2009,1,1,1,N, ,3,N, , , , ,600196, , , ,3,3,0,0,0,0,0,0,0,0,0,0,0,0,0,0,0,0,1,0,0,0,0,0,0,0,0,0,0,0,0,0,0,0,0,0,0,40.0945,-75.015, , 
 ,54134,2013121109,6,67,67301,2013,11,1,502,5,3,1,0,7,1, , ,N,0,0,0,3,0,0,1,1,N,N,40 02:13.616,75 00:49.870,519, ,505, ,0, ,N, ,0, , , , , ,600203, , , ,1,1,0,0,0,0,0,0,0,0,0,0,0,0,0,0,0,0,0,0,0,0,0,0,0,0,0,0,0,0,0,0,0,0,0,0,0,40.0371,-75.0139, , 
 ,54135,2013121388,6,67,67301,2013,10,3,840,8,1,1,0,4,1, , ,N,1,3,0,3,0,2,3,2,N,N,40 02:21.796,75 07:43.834,912, ,910, ,0, ,N, ,3, , , , , ,600205, , , ,2,2,0,0,0,0,0,0,0,0,0,0,2,2,1,0,0,0,0,0,1,0,0,0,0,0,0,0,0,0,0,0,0,0,0,8,0,40.0394,-75.1288, , 
 ,54136,2013121502,6,67,67301,2013,10,1,9999,99,3,1,0,5,6, , ,N,0,0,0,3,0,0,1,2,N, ,39 56:16.353,75 13:51.902,442, ,437,2,2,4,N, ,0,N, , , , ,600249, , , ,2,2,0,0,0,0,0,0,0,0,0,0,0,0,0,0,0,0,0,0,0,0,0,0,0,0,0,0,0,0,0,0,0,0,0,0,0,39.9379,-75.2311, , 
 ,54137,2013108628,6,67,67301,2013,10,3,1925,19,3,1,0,9,1, , ,N,0,0,0,3,0,1,1,1,N,N,39 53:28.749,75 14:17.536,1952, ,1925, ,0, ,N, ,0, , , , , ,600253, , , ,1,0,0,0,0,0,1,0,0,0,0,0,1,1,0,0,0,0,0,0,0,0,0,0,0,0,0,0,0,0,0,0,0,0,0,8,0,39.8913,-75.2382, , 
 ,54138,2013109359,6,67,67301,2013,9,7,707,7,1,9,0,4,1, , ,N,1,2,0,3,0,0,4,2,N,N,40 02:24.212,75 11:38.025,946, ,946, ,0, , , ,3, , , , , ,600254, , , ,2,1,0,0,0,0,1,0,0,0,0,0,0,0,1,0,0,0,0,0,0,0,0,0,0,0,0,0,0,0,0,0,0,0,0,9,0,40.0401,-75.1939, , 
 ,54139,2013125967,6,67,67301,2013,11,6,1810,18,4,1,0,4,1, , ,N,0,0,7,3,0,1,6,2,N,N,39 59:30.183,75 06:00.353,1812, ,1812, ,0, ,N, ,0, , , , , ,600265, , , ,2,0,1,0,0,0,1,0,0,0,0,0,1,1,0,0,0,0,0,0,0,0,0,0,0,0,0,0,0,0,0,0,0,0,0,8,0,39.9917,-75.1001, , 
 ,54140,2013129492,6,67,67301,2013,11,4,1602,16,1,1,0,1,1, , ,N,0,0,0,3,0,3,3,3,N, ,40 01:45.767,75 12:13.854,1621, ,1614,4,1,3, , ,0,N, , , , ,600271, , , ,3,2,0,0,0,0,0,1,0,0,0,3,3,0,0,0,0,0,0,0,1,0,1,0,0,0,0,0,0,0,0,0,0,0,0,4,0,40.0294,-75.2038, , 
 ,54141,2014009828,6,67,67301,2013,12,7,1259,12,1,1,0,4,1, , ,N,1,3,0,3,0,2,2,2,N,N,40 03:46.792,75 08:51.615,1302, ,1259, ,0, ,N, ,3, , , , , ,603610, , , ,2,2,0,0,0,0,0,0,0,0,0,0,2,2,0,0,0,0,1,0,0,0,0,0,0,0,0,0,0,0,0,0,0,0,0,8,0,40.063,-75.1477, , 
 ,54142,2013125970,6,67,67301,2013,11,5,2035,20,3,1,0,6,5, , ,N,0,0,0,3,0,1,3,2,N,N,40 04:52.692,75 02:29.698,2045, ,2036, ,0, ,N, ,0, , , , , ,603617, , , ,2,2,0,0,0,0,0,0,0,0,0,1,1,0,0,0,0,0,0,0,0,0,0,1,0,0,0,0,0,0,0,0,0,0,0,4,0,40.0813,-75.0416, , 
 ,54143,2014009775,6,67,67301,2013,12,4,1943,19,3,1,0,8,1, , ,N,1,3,0,3,0,1,2,2,N,N,39 57:54.788,75 10:21.093,2055, ,2047, ,0, ,N, ,3, , , , , ,603641, , , ,1,1,0,0,0,0,0,0,0,0,0,1,1,0,0,0,0,0,0,0,0,0,0,0,0,0,0,0,0,0,0,0,1,0,0,4,0,39.9652,-75.1725, , 
 ,54144,2014009800,6,67,67301,2013,12,6,1655,16,3,2,1,8,1, , ,N,0,2,0,3,0,3,3,3,Y, ,40 06:26.494,75 01:36.349,1700, ,1655, ,0, , , ,3, , , , , ,603642, , , ,1,0,1,0,0,0,0,0,0,0,0,3,3,0,0,0,0,0,0,0,0,0,0,0,0,0,0,0,0,0,0,0,2,0,0,4,0,40.1074,-75.0268, , 
 ,54145,2014009868,6,67,67301,2013,12,2,1730,17,3,2,1,1,1, , ,N,1,3,0,3,0,0,2,2,N,N,40 01:17.454,75 03:58.993,1738, ,1735, ,0, ,N, ,3, , , , , ,603643, , , ,2,1,0,0,0,0,1,0,0,0,0,0,0,0,0,0,0,0,0,0,0,0,0,0,0,0,0,0,0,0,0,0,0,0,0,0,0,40.0215,-75.0664, , 
 ,54146,2014013105,6,67,67301,2013,12,7,1156,11,1,1,0,4,1, , ,N,0,0,7,3,0,0,2,2,N,N,39 58:34.925,75 07:10.919,1157, ,1157,1,1,1, , ,0,N, , , , ,603644, , , ,2,2,0,0,0,0,0,0,0,0,0,0,0,0,0,0,0,0,0,0,1,0,0,0,0,0,0,0,0,0,0,0,0,0,0,0,0,39.9764,-75.1197, , 