wz_ln_closure,objectid_1,crn,district,county,municipality,crash_year,crash_month,day_of_week,time_of_day,hour_of_day,illumination,weather,road_condition,collision_type,relation_to_road,work_zone_type,work_zone_loc,work_zone_ind,intersect_type,tcd_type,location_type,urban_rural,fatal_count,injury_count,person_count,total_units,sch_bus_ind,sch_zone_ind,latitude,longitude,arrival_tm,cons_zone_spd_lim,dispatch_tm,est_hrs_closed,lane_closed,ln_close_dir,ntfy_hiwy_maint,spec_juris_cd,tcd_func_cd,tfc_detour_ind,workers_pres,wz_close_detour,wz_flagger,wz_law_offcr_ind,objectid,wz_moving,wz_other,wz_shlder_mdn,vehicle_count,automobile_count,motorcycle_count,bus_count,small_truck_count,heavy_truck_count,suv_count,van_count,bicycle_count,maj_inj_count,mod_inj_count,min_inj_count,tot_inj_count,unk_inj_deg_count,unk_inj_per_count,driver_count_16yr,driver_count_17yr,driver_count_18yr,driver_count_19yr,driver_count_20yr,driver_count_50_64yr,driver_count_65_74yr,driver_count_75plus,unbelted_occ_count,unb_death_count,unb_maj_inj_count,belted_death_count,belted_maj_inj_count,mcycle_death_count,mcycle_maj_inj_count,bicycle_death_count,bicycle_maj_inj_count,ped_count,ped_death_count,ped_maj_inj_count,max_severity_level,comm_veh_count,dec_lat,dec_long,rdwy_surf_type_cd,county_name
 ,54147,2013093290,6,67,67301,2013,9,6,1754,17,1,1,0,5,1, , ,N,0,0,0,3,0,0,4,2,N,N,39 59:41.310,75 05:01.169,1803, ,1754, ,0, ,Y, ,0, , , , , ,603645, , , ,2,1,0,0,0,0,0,0,0,0,0,0,0,0,0,0,0,0,0,0,0,0,0,0,0,0,0,0,0,0,0,0,0,0,0,0,0,39.9947,-75.0837, , 
 ,54148,2013122457,6,67,67301,2013,10,5,2300,23,3,2,1,7,5, , ,N,0,0,0,3,0,1,1,1,N, ,40 07:51.222,75 00:50.765,2300, ,2311,2,1,1, , ,0,Y, , , , ,603669, , , ,1,1,0,0,0,0,0,0,0,0,0,0,1,1,0,0,0,0,0,0,0,0,0,0,0,0,0,0,0,0,0,0,0,0,0,8,0,40.1309,-75.0141, , 
 ,54149,2013125875,6,67,67301,2013,11,7,1500,15,1,1,0,4,1, , ,N,1,3,0,3,0,2,2,3,N,N,39 56:43.479,75 09:50.266,1504, ,1503,2,2,3,N, ,3,Y, , , , ,603671, , , ,3,2,0,0,0,0,1,0,0,0,0,1,2,1,0,0,0,0,0,0,1,0,0,0,0,0,0,0,0,0,0,0,0,0,0,4,0,39.9454,-75.164, , 
 ,54150,2013111800,6,67,67301,2013,10,7,25,0,3,1,0,1,1, , ,N,5,2,0,3,0,0,5,2,N,N,39 58:50.024,75 10:20.673,59, ,58,3,1,4,N, ,3,N, , , , ,603743, , , ,2,1,0,0,0,0,1,0,0,0,0,0,0,0,3,0,0,0,0,0,0,0,0,0,0,0,0,0,0,0,0,0,0,0,0,9,0,39.9806,-75.1724, , 
 ,54151,2014009865,6,67,67301,2013,12,7,320,3,3,1,1,1,1, , ,N,1,2,0,3,0,2,6,2,N,N,39 57:41.673,75 10:30.111,323, ,322, ,0, ,N, ,3, , , , , ,603764, , , ,2,1,0,0,1,0,0,0,0,0,0,2,2,0,0,0,0,0,0,0,0,0,0,0,0,0,0,0,0,0,0,0,0,0,0,4,0,39.9616,-75.175, , 
 ,54152,2014013041,6,67,67301,2013,12,4,1930,19,3,1,0,5,1, , ,N,0,0,0,3,0,1,2,2,N,N,39 55:06.345,75 09:29.302,2010, ,2005, ,0, , , ,0, , , , , ,603765, , , ,2,0,0,0,1,0,0,1,0,0,1,0,1,0,1,0,0,0,0,0,0,0,0,0,0,0,0,0,0,0,0,0,0,0,0,3,0,39.9184,-75.1581, , 
 ,54153,2014013077,6,67,67301,2013,12,6,1530,15,1,9,0,8,1, , ,N,1,2,0,3,0,1,2,2,N,N,39 59:11.965,75 14:43.814,1739, ,1730, ,0, ,N, ,3, , , , , ,603771, , , ,1,0,0,0,0,0,1,0,0,0,0,1,1,0,0,0,0,0,0,0,0,0,0,0,0,0,0,0,0,0,0,0,1,0,0,4,0,39.9867,-75.2455, , 
 ,54154,2013125996,6,67,67301,2013,11,4,2340,23,3,1,0,1,6, , ,N,0,0,0,3,0,1,1,2,N,N,40 03:16.329,75 02:09.456,2356, ,2355, ,0, ,N, ,0, , , , , ,603775, , , ,2,1,0,0,0,0,1,0,0,0,1,0,1,0,0,0,0,0,0,0,1,0,0,0,0,0,0,0,0,0,0,0,0,0,0,3,0,40.0545,-75.036, , 
 ,54155,2013129410,6,67,67301,2013,11,7,728,7,1,2,1,7,2, , ,N,2,0,0,3,0,1,1,1,N,N,40 01:39.017,75 11:33.344,735, ,728,1,2,2,N, ,0,N, , , , ,603786, , , ,1,1,0,0,0,0,0,0,0,0,0,1,1,0,0,0,0,0,0,0,0,0,0,0,0,0,0,0,0,0,0,0,0,0,0,4,0,40.0275,-75.1926, , 
 ,54156,2013126639,6,67,67301,2013,12,4,1443,14,1,1,0,4,1, , ,N,0,0,0,3,0,3,3,2,N,N,39 55:30.171,75 11:36.407,1459, ,1448,1,2,3,N, ,0,Y, , , , ,603792, , , ,2,0,0,0,0,0,1,1,0,0,0,1,3,2,0,0,0,0,0,1,0,0,0,0,0,0,0,0,0,0,0,0,0,0,0,4,0,39.925,-75.1934, , 
 ,54157,2014002768,6,67,67301,2013,11,4,1714,17,3,2,1,6,1, , ,N,0,0,0,3,0,1,2,2,N,N,40 01:28.996,75 03:46.376,1810, ,1808, ,0, ,N, ,0, , , , , ,603799, , , ,2,1,0,0,0,0,1,0,0,0,0,0,1,1,0,0,0,0,0,0,1,1,0,0,0,0,0,0,0,0,0,0,0,0,0,8,0,40.0247,-75.0629, , 
 ,54158,2014003319,6,67,67301,2013,12,1,1700,17,3,8,1,1,1, , ,N,0,0,0,3,0,1,2,2,N,N,39 57:46.837,75 12:07.509,1705, ,1700, ,0, ,N, ,0, , , , , ,603800, , , ,2,1,0,0,0,0,1,0,0,0,0,0,1,1,0,0,0,0,0,0,0,0,0,0,0,0,0,0,0,0,0,0,0,0,0,8,0,39.963,-75.2021, , 
 ,54159,2013074787,6,67,67301,2013,6,1,150,1,3,1,0,1,6, , ,N,0,0,0,3,0,1,1,2,N,N,39 55:55.902,75 13:30.038,150, ,150, ,0, ,N, ,0, , , , , ,594229, , , ,2,1,0,0,0,0,0,1,0,0,1,0,1,0,0,0,0,0,0,0,0,0,0,1,0,0,0,0,0,0,0,0,0,0,0,3,0,39.9322,-75.225, , 
 ,54160,2013070227,6,67,67301,2013,6,7,1800,18,1,1,0,4,1, , ,N,1,2,0,3,0,0,5,3,N,N,40 01:43.183,75 12:19.909,1808, ,1802, ,0, ,N, ,3, , , , , ,594241, , , ,3,3,0,0,0,0,0,0,0,0,0,0,0,0,0,0,0,0,0,0,1,0,0,0,0,0,0,0,0,0,0,0,0,0,0,0,0,40.0287,-75.2055, , 
 ,54161,2013070310,6,67,67301,2013,6,4,1205,12,1,1,0,4,1, , ,N,2,2,0,3,0,1,2,2,N, ,39 55:59.996,75 08:36.922,1214, ,1240, ,0, , , ,3, , , , , ,594242, , , ,2,1,0,0,0,0,1,0,0,0,0,1,1,0,0,0,0,0,0,0,0,0,0,0,0,0,0,0,0,0,0,0,0,0,0,4,0,39.9333,-75.1434, , 
 ,54162,2013070678,6,67,67301,2013,7,3,1923,19,1,1,0,1,1, , ,N,0,0,0,3,0,2,7,3,N,N,39 58:48.854,75 06:19.359,1926, ,1923, ,0, ,N, ,0, , , , , ,594243, , , ,3,2,0,0,0,0,1,0,0,0,0,0,2,2,0,0,0,0,0,0,0,0,0,0,0,0,0,0,0,0,0,0,0,0,0,8,0,39.9802,-75.1054, , 
 ,54163,2013079521,6,67,67301,2013,7,5,9999,99,1,7,0,4,1, , ,N,1,2,2,3,0,2,2,2,N,N,39 57:24.497,75 09:12.843,9999, ,9999, ,0, ,N, ,3, , , , , ,594251, , , ,2,2,0,0,0,0,0,0,0,0,0,0,2,2,0,0,0,0,0,0,0,0,0,0,0,0,0,0,0,0,0,0,0,0,0,8,0,39.9568,-75.1536, , 
 ,54164,2013086202,6,67,67301,2013,7,1,2250,22,3,2,1,1,6, , ,N,0,0,0,3,0,0,2,3,N,N,40 01:33.720,75 08:43.170,2254, ,2253, ,0, ,N, ,0, , , , , ,594294, , , ,3,2,0,0,0,0,1,0,0,0,0,0,0,0,1,0,0,0,0,0,0,0,0,0,0,0,0,0,0,0,0,0,0,0,0,9,0,40.026,-75.1453, , 
 ,54165,2013106641,6,67,67301,2013,9,7,1922,19,3,1,0,4,1, , ,N,1,2,0,3,0,0,4,2,N, ,39 57:12.030,75 11:01.741,1930, ,1225,2,2,3, , ,3,Y, , , , ,594312, , , ,2,0,0,0,1,0,1,0,0,0,0,0,0,0,1,0,0,0,0,0,1,0,0,0,0,0,0,0,0,0,0,0,0,0,0,9,0,39.9533,-75.1838, , 
 ,54166,2013107149,6,67,67301,2013,9,7,934,9,1,1,0,4,1, , ,N,0,0,0,3,0,1,2,2,N, ,40 01:33.577,75 02:35.328,940, ,937,2,1,2, , ,0,N, , , , ,594315, , , ,1,1,0,0,0,0,0,0,1,0,0,1,1,0,0,0,0,0,0,0,0,0,0,0,0,0,0,0,0,0,0,0,0,0,0,4,0,40.026,-75.0431, , 
 ,54167,2013077443,6,67,67301,2013,6,6,9999,99,1,1,0,4,1, , ,N,1,2,0,3,0,1,2,2,N, ,39 58:14.003,75 08:59.563,1115, ,1115, ,0, , , ,3, , , , , ,594334, , , ,2,1,0,0,1,0,0,0,0,0,0,1,1,0,0,0,0,0,0,0,0,0,0,0,0,0,0,0,0,0,0,0,0,0,0,4,0,39.9704,-75.15, , 
 ,54168,2013077505,6,67,67301,2013,6,7,1930,19,1,1,0,1,1, , ,N,0,0,0,3,0,1,3,3,N,N,39 58:49.720,75 14:03.394,2015, ,2013, ,0, ,N, ,0, , , , , ,594335, , , ,3,2,0,0,1,0,0,0,0,0,0,1,1,0,1,0,0,0,0,0,1,0,0,0,0,0,0,0,0,0,0,0,0,0,0,4,0,39.9805,-75.2343, , 
 ,54169,2013086898,6,67,67301,2013,7,3,9999,99,3,1,0,1,1, , ,N,1,0,0,3,0,0,2,2,N,N,40 00:41.324,75 06:26.456,2052, ,2050,1,1,3,N, ,0,N, , , , ,594347, , , ,2,1,0,0,0,0,1,0,0,0,0,0,0,0,0,0,0,1,0,0,0,1,0,0,0,0,0,0,0,0,0,0,0,0,0,0,0,40.0115,-75.1073, , 
 ,54170,2013091201,6,67,67301,2013,9,1,1738,17,1,1,0,0,1, , ,N,0,0,0,3,0,0,2,1,N,N,40 03:01.810,74 59:29.799,1740, ,1740,2,1,2,N, ,0,Y, , , , ,594352, , , ,1,1,0,0,0,0,0,0,0,0,0,0,0,0,0,0,0,1,0,0,0,0,0,0,0,0,0,0,0,0,0,0,0,0,0,0,0,40.0505,-74.9916, , 
 ,54171,2013100876,6,46,46102,2013,10,5,1018,10,1,2,1,7,5, , ,N,2,2,0,3,0,0,1,1,N,N,40 02:51.144,75 06:44.351,1023, ,1018, ,0, ,N, ,3, , , , , ,594360, , , ,1,1,0,0,0,0,0,0,0,0,0,0,0,0,0,0,0,0,0,0,0,0,0,0,0,0,0,0,0,0,0,0,0,0,0,0,0,40.0475,-75.1124, , 
 ,54172,2013106107,6,67,67301,2013,10,3,1048,10,1,1,0,8,1, , ,N,0,0,0,3,1,0,6,2,Y,N,40 02:14.080,75 02:22.754,1100, ,1050,3,2,7,N,0,0,Y, , , , ,594365, , , ,1,0,0,1,0,0,0,0,0,0,0,0,0,0,0,0,0,0,0,0,0,0,0,0,0,0,0,0,0,0,0,0,1,1,0,1,1,40.0372,-75.0397,2, 
 ,54173,2013106620,6,67,67301,2013,9,6,1735,17,1,1,0,4,1, , ,N,1,2,0,3,0,0,2,2,N,N,39 54:42.148,75 10:20.534,1750, ,1743, ,0, ,N, ,3, , , , , ,594366, , , ,2,1,0,0,1,0,0,0,0,0,0,0,0,0,0,0,0,0,0,0,0,1,0,0,0,0,0,0,0,0,0,0,0,0,0,0,0,39.9119,-75.1728, , 
 ,54174,2013070922,6,67,67301,2013,6,4,1800,18,1,1,0,4,1, , ,N,5,0,0,3,0,1,4,3,N,N,39 59:10.777,75 07:54.659,1810, ,1808, ,0, ,N, ,0, , , , , ,594386, , , ,2,2,0,0,0,0,0,0,0,0,0,1,1,0,0,0,0,0,0,0,0,0,1,0,0,0,0,0,0,0,0,0,1,0,0,4,0,39.9863,-75.1318, , 
 ,54175,2013079442,6,67,67301,2013,7,2,1311,13,1,1,0,1,1, , ,N,0,0,0,3,0,0,2,2,N,N,39 57:12.531,75 11:50.655,1312, ,1311, ,0, ,N, ,0, , , , , ,594393, , , ,2,1,0,0,1,0,0,0,0,0,0,0,0,0,0,0,0,1,0,0,0,0,0,0,0,0,0,0,0,0,0,0,0,0,0,0,0,39.9535,-75.1974, , 
 ,54176,2013096460,6,67,67301,2013,8,2,921,9,1,1,0,8,1, , ,N,0,0,0,3,0,1,2,2,N,N,39 56:44.851,75 10:29.463,932, ,921, ,0, ,N, ,0, , , , , ,594406, , , ,1,0,0,0,1,0,0,0,0,0,0,0,1,1,0,0,0,0,0,0,0,0,0,0,0,0,0,0,0,0,0,0,1,0,0,8,0,39.9458,-75.1749, , 
 ,54177,2013068701,6,67,67301,2013,6,6,1501,15,1,1,0,1,1, , ,N,0,0,0,3,0,1,5,4,N,N,39 59:37.623,75 05:04.922,1529, ,1506, ,0, ,N, ,0, , , , , ,594423, , , ,4,1,0,0,0,0,2,1,0,0,0,0,1,1,0,0,0,0,0,0,1,0,0,0,0,0,0,0,0,0,0,0,0,0,0,8,0,39.9938,-75.0847, , 
 ,54178,2013121366,6,67,67301,2013,11,7,114,1,3,1,0,4,1, , ,N,1,2,0,3,0,1,4,2,N, ,39 58:20.544,75 09:59.380,215, ,213, ,0, , , ,3, , , , , ,596994, , , ,2,2,0,0,0,0,0,0,0,0,0,1,1,0,0,0,0,0,0,1,0,0,0,0,0,0,0,0,0,0,0,0,0,0,0,4,0,39.9724,-75.1665, , 
 ,54179,2013126977,6,67,67301,2013,11,3,1200,12,1,1,0,5,2, , ,N,1,2,0,3,0,1,2,2,N,N,39 57:59.037,75 12:27.246,1210, ,1204, ,0, ,N, ,3, , , , , ,596999, , , ,1,1,0,0,0,0,0,0,1,0,0,1,1,0,0,0,0,0,0,0,0,0,1,0,0,0,0,0,0,0,0,0,0,0,0,4,0,39.9664,-75.2075, , 
 ,54180,2014000546,6,67,67301,2013,11,4,837,8,1,1,0,2,1, , ,N,0,0,0,3,0,2,6,2,N,N,40 01:44.689,75 01:21.047,852, ,837,1,1,1,N, ,0,N, , , , ,597003, , , ,2,1,0,0,1,0,0,0,0,0,0,2,2,0,0,0,0,0,0,0,0,0,0,0,0,0,0,0,0,0,0,0,0,0,0,4,0,40.0289,-75.0227, , 
 ,54181,2013093076,6,67,67301,2013,8,7,9999,99,3,1,0,5,1, , ,N,0,0,0,3,0,0,2,2,N, ,39 58:38.380,75 10:58.318,2030, ,2023, ,0, ,N, ,0, , , , , ,597040, , , ,2,1,0,0,0,0,1,0,0,0,0,0,0,0,1,0,0,0,0,0,1,0,0,0,0,0,0,0,0,0,0,0,0,0,0,9,0,39.9773,-75.1829, , 
 ,54182,2013101165,6,67,67301,2013,9,2,1420,14,1,1,0,4,1, , ,N,2,3,0,3,0,1,2,2,N,N,39 57:40.384,75 09:22.453,1520, ,1515, ,0, ,N, ,3, , , , , ,597047, , , ,1,1,0,0,0,0,0,0,1,0,0,1,1,0,0,0,0,0,0,0,0,0,0,0,0,0,0,0,0,0,0,0,0,0,0,4,0,39.9612,-75.1562, , 
 ,54183,2014001036,6,67,67301,2013,11,7,2014,20,3,1,0,2,1, , ,N,0,0,0,3,0,0,2,3,N,N,39 58:09.112,75 12:51.040,2120, ,2120, ,0, ,N, ,0, , , , , ,597069, , , ,3,3,0,0,0,0,0,0,0,0,0,0,0,0,1,0,0,0,0,0,0,0,0,0,0,0,0,0,0,0,0,0,0,0,0,9,0,39.9692,-75.2142, , 
 ,54184,2014009774,6,67,67301,2013,12,6,2343,23,3,2,1,1,1, , ,N,0,2,0,3,0,2,6,2,N, ,40 00:20.756,75 10:36.031,1215, ,1213, ,0, , , ,3, , , , , ,597073, , , ,2,1,0,0,0,0,1,0,0,0,0,2,2,0,1,0,0,0,0,0,0,0,0,0,0,0,0,0,0,0,0,0,0,0,0,4,0,40.0058,-75.1767, , 
 ,54185,2014001049,6,67,67301,2013,12,3,1534,15,1,1,0,1,1, , ,N,0,0,0,3,0,1,2,2,N, ,40 07:17.029,75 00:15.548,1545, ,1535, ,0, , , ,0, , , , , ,597076, , , ,2,1,0,0,0,0,1,0,0,0,0,1,1,0,0,0,0,0,0,1,0,0,0,0,0,0,0,0,0,0,0,0,0,0,0,4,0,40.1214,-75.0043, , 
 ,54186,2014033575,6,67,67301,2013,5,7,203,2,3,1,0,5,1, , ,N,7,0,2,3,0,2,2,2,N,N,39 58:23.355,75 11:37.454,216, ,216,1,1,4,N, ,0,Y, , , , ,597077, , , ,2,1,0,0,1,0,0,0,0,0,0,2,2,0,0,0,0,0,0,0,0,0,0,1,0,0,0,0,0,0,0,0,0,0,0,4,0,39.9732,-75.1937, , 
 ,54187,2013101193,6,67,67301,2013,8,3,1450,14,1,1,0,8,5, , ,N,1,2,0,3,0,1,2,2,N,N,40 02:18.188,75 10:36.876,1450, ,1450, ,0, ,N, ,3, , , , , ,597110, , , ,1,0,0,0,0,0,1,0,0,0,0,0,1,1,0,0,0,0,0,0,0,0,0,0,0,0,0,0,0,0,0,0,1,0,0,8,0,40.0384,-75.1769, , 
 ,54188,2013062515,6,67,67301,2013,5,3,1948,19,1,2,1,4,1, , ,N,5,2,0,3,0,1,2,2,N,N,39 56:54.189,75 13:09.223,1953, ,1949,2,1,6,N, ,3,Y, , , , ,597122, , , ,2,1,0,0,0,0,1,0,0,0,0,0,1,1,0,0,0,0,0,0,0,0,0,0,0,0,0,0,0,0,0,0,0,0,0,8,0,39.9484,-75.2193, , 
 ,54189,2013070040,6,67,67301,2013,6,6,2005,20,1,1,0,8,1, , ,N,0,0,0,3,0,1,2,2,N, ,40 00:39.535,75 05:29.234,2130, ,2128, ,0, , , ,0, , , , , ,597128, , , ,1,1,0,0,0,0,0,0,0,0,0,0,1,1,1,0,0,0,0,0,0,0,0,0,0,0,0,0,0,0,0,0,1,0,0,8,0,40.011,-75.0915, , 
 ,54190,2013070353,6,67,67301,2013,6,7,1525,15,1,1,0,4,1, , ,N,1,3,0,3,0,1,2,2,N, ,39 57:12.592,75 14:18.596,1530, ,1531, ,0, , , ,3, , , , , ,597129, , , ,2,1,0,0,0,0,1,0,0,0,0,0,1,1,0,0,0,1,0,0,0,0,0,0,0,0,0,0,0,0,0,0,0,0,0,8,0,39.9535,-75.2385, , 
 ,54191,2013070030,6,67,67301,2013,5,3,1530,15,1,2,1,8,1, , ,N,0,0,0,3,0,1,4,2,N,Y,39 59:17.988,75 10:09.627,1537, ,1535, ,0, ,N, ,0, , , , , ,597138, , , ,1,1,0,0,0,0,0,0,0,0,0,1,1,0,0,0,0,0,0,0,1,0,0,0,0,0,0,0,0,0,0,0,1,0,0,4,0,39.9883,-75.1693, , 
 ,54192,2013070127,6,67,67301,2013,6,3,2100,21,3,1,0,8,1, , ,N,1,2,0,3,0,1,2,2,N,N,39 59:19.087,75 11:13.430,2105, ,2100, ,0, ,N, ,3, , , , , ,597139, , , ,1,1,0,0,0,0,0,0,0,0,0,1,1,0,0,0,0,0,0,0,0,0,0,0,0,0,0,0,0,0,0,0,1,0,0,4,0,39.9886,-75.1871, , 
 ,54193,2013074691,6,67,67301,2013,6,6,1417,14,1,1,0,4,1, , ,N,2,3,0,3,0,1,5,2,N, ,40 01:13.360,75 07:51.844,1450, ,1445, ,0, , , ,3, , , , , ,597143, , , ,2,2,0,0,0,0,0,0,0,0,1,0,1,0,0,0,0,0,0,0,0,0,0,0,0,0,0,0,0,0,0,0,0,0,0,3,0,40.0204,-75.1311, , 
 ,54194,2013090854,6,67,67301,2013,9,2,945,9,1,1,0,1,1, , ,N,0,0,0,3,0,0,3,3,N,N,39 57:36.586,75 10:48.806,945, ,945,1,1,4,N, ,0,N, , , , ,597151, , , ,3,2,0,0,0,0,1,0,0,0,0,0,0,0,0,0,0,0,0,0,1,0,0,0,0,0,0,0,0,0,0,0,0,0,0,0,0,39.9602,-75.1802, , 
 ,54195,2013101792,6,67,67301,2013,8,7,2200,22,3,1,0,4,1, , ,N,1,0,0,3,0,1,2,2,N,N,39 56:05.843,75 13:36.583,100, ,1251, ,0, ,N, ,0, , , , , ,597165, , , ,2,1,0,0,0,0,1,0,0,0,0,0,1,1,0,0,0,0,0,0,0,0,0,0,0,0,0,0,0,0,0,0,0,0,0,8,0,39.935,-75.2268, , 
 ,54196,2013130039,6,67,67301,2013,11,5,936,9,1,1,0,6,1, , ,N,1,2,0,3,0,2,3,2,N,N,39 59:23.449,75 10:25.402,938, ,936,3,1,4,N, ,3,Y, , , , ,600273, , , ,2,1,0,0,1,0,0,0,0,0,0,1,2,1,1,0,0,0,0,0,0,0,0,0,0,0,0,0,0,0,0,0,0,0,0,4,0,39.9898,-75.1737, , 
 ,54197,2014002761,6,67,67301,2013,11,6,20,0,3,1,0,4,1, , ,N,1,2,0,3,0,3,4,2,N,N,40 00:07.236,75 09:22.067,30, ,28, ,0, ,N, ,3, , , , , ,600279, , , ,2,1,0,0,0,0,0,1,0,0,0,0,3,3,0,0,0,0,0,0,1,0,0,1,0,0,0,0,0,0,0,0,0,0,0,8,0,40.002,-75.1561, , 
 ,54198,2014013066,6,67,67301,2013,12,3,1518,15,1,1,0,5,1, , ,N,1,2,0,3,0,1,2,2,N,N,39 57:21.570,75 13:03.535,1520, ,1518, ,0, ,N, ,3, , , , , ,600281, , , ,2,1,0,0,1,0,0,0,0,0,0,1,1,0,0,0,0,0,0,0,2,0,0,0,0,0,0,0,0,0,0,0,0,0,0,4,0,39.956,-75.2176, , 
 ,54199,2013121359,6,67,67301,2013,11,6,1948,19,2,1,0,7,4, , ,N,0,0,0,3,0,1,1,1,N,N,40 00:26.389,75 11:50.807,1955, ,1949, ,0, ,N, ,0, , , , , ,600296, , , ,1,1,0,0,0,0,0,0,0,0,0,0,1,1,0,0,0,0,0,0,0,0,0,0,0,0,0,0,0,0,0,0,0,0,0,8,0,40.0073,-75.1974, , 
 ,54200,2014000988,6,67,67301,2013,12,2,1835,18,3,1,0,4,1, , ,N,1,2,0,3,0,0,2,2,N, ,40 02:12.854,75 04:47.301,1840, ,1837, ,0, , , ,3, , , , , ,600308, , , ,2,1,0,0,0,0,1,0,0,0,0,0,0,0,0,0,0,0,0,1,0,0,0,0,0,0,0,0,0,0,0,0,0,0,0,0,0,40.0369,-75.0798, , 
 ,54201,2014001085,6,67,67301,2013,11,4,9999,99,3,1,0,5,1, , ,N,0,0,0,3,0,3,19,2,N, ,40 00:26.357,75 07:27.281,2037, ,2031, ,0, , , ,0, , , , , ,600309, , , ,2,0,0,1,0,0,1,0,0,0,0,3,3,0,2,0,0,0,0,0,0,0,0,1,0,0,0,0,0,0,0,0,0,0,0,4,1,40.0073,-75.1242, , 
 ,54202,2014013078,6,67,67301,2013,12,7,2120,21,3,1,0,1,1, , ,N,1,2,0,3,0,0,4,2,N,N,40 01:32.331,75 07:20.187,2130, ,2125,2,1,3,N, ,3,N, , , , ,600324, , , ,2,2,0,0,0,0,0,0,0,0,0,0,0,0,0,0,0,0,0,0,0,0,0,0,0,0,0,0,0,0,0,0,0,0,0,0,0,40.0256,-75.1223, , 
 ,54203,2013055366,6,67,67301,2013,5,3,400,4,3,2,1,7,5, , ,N,0,0,0,3,0,0,1,1,N,N,40 06:23.718,75 01:47.536,415, ,410, ,0, ,N, ,0, , , , , ,600329, , , ,1,1,0,0,0,0,0,0,0,0,0,0,0,0,0,0,0,0,0,0,0,0,0,0,0,0,0,0,0,0,0,0,0,0,0,0,0,40.1066,-75.0299, , 
 ,54204,2013065558,6,67,67301,2013,5,2,1557,15,1,1,0,8,2, , ,N,0,0,0,3,0,1,2,3,N,N,40 01:58.422,75 08:23.802,1559, ,1557,2,2,6,N, ,0,Y, , , , ,600332, , , ,2,1,0,0,1,0,0,0,0,0,1,0,1,0,0,0,0,0,0,0,1,0,0,0,0,0,0,0,0,0,0,0,1,0,0,3,0,40.0329,-75.1399, , 
 ,54205,2013067538,6,67,67301,2013,7,3,2010,20,4,2,1,4,1, , ,N,2,3,0,3,0,6,8,2,N,N,39 58:39.345,75 09:38.332,2015, ,2015,1,2,7,N, ,3,Y, , , , ,600337, , , ,2,2,0,0,0,0,0,0,0,0,0,6,6,0,0,0,0,0,0,0,0,0,0,0,0,0,0,0,0,0,0,0,0,0,0,4,0,39.9776,-75.1606, , 
 ,54206,2013075500,6,67,67301,2013,7,5,1202,12,1,1,0,1,1, , ,N,0,0,0,3,0,1,3,3,N,N,39 58:37.462,75 11:57.587,1206, ,1203, ,0, ,N, ,0, , , , , ,600341, , , ,3,2,0,0,0,0,0,1,0,0,0,1,1,0,0,0,0,0,0,0,0,0,0,0,0,0,0,0,0,0,0,0,0,0,0,4,0,39.9771,-75.1993, , 
 ,54207,2013121403,6,67,67301,2013,11,6,719,7,1,2,1,1,1, , ,N,1,2,0,3,0,0,4,2,N,N,40 01:58.001,75 04:20.252,825, ,824,9,1,2,N, ,9,N, , , , ,600372, , , ,2,1,0,1,0,0,0,0,0,0,0,0,0,0,0,0,0,0,0,0,0,0,0,0,0,0,0,0,0,0,0,0,0,0,0,0,1,40.0327,-75.0722, , 
 ,54208,2013103986,6,67,67301,2013,9,2,2120,21,3,1,0,8,1, , ,N,2,0,0,3,0,1,2,2,N,N,40 01:14.581,75 08:49.603,2125, ,2122, ,0, ,N, ,0, , , , , ,600378, , , ,1,1,0,0,0,0,0,0,0,0,0,1,1,0,1,0,0,0,0,0,0,0,0,0,0,0,0,0,0,0,0,0,1,0,0,4,0,40.0207,-75.1471, , 
 ,54209,2013106719,6,67,67301,2013,9,6,710,7,1,1,0,8,1, , ,N,1,2,0,3,0,1,3,3,N, ,40 02:02.885,75 01:38.648,716, ,713, ,0, , , ,3, , , , , ,600381, , , ,1,1,0,0,0,0,0,0,0,0,0,1,1,0,0,0,0,0,0,1,0,0,0,0,0,0,0,0,0,0,0,0,2,0,0,4,0,40.0341,-75.0274, , 
 ,54210,2014001022,6,67,67301,2013,11,3,1930,19,3,1,0,8,1, , ,N,0,0,0,3,0,2,3,3,N,N,39 56:55.181,75 09:41.122,2016, ,2013, ,0, ,N, ,0, , , , , ,600408, , , ,1,1,0,0,0,0,0,0,0,0,0,2,2,0,0,0,0,0,0,0,0,0,0,1,0,0,0,0,0,0,0,0,2,0,0,4,0,39.9487,-75.1614, , 
 ,54211,2013121556,6,67,67301,2013,10,5,2252,22,3,1,0,4,1, , ,N,2,3,0,3,0,1,2,2,N,N,40 01:56.435,75 10:09.213,2312, ,2252, ,0, ,N, ,3, , , , , ,600431, , , ,2,1,0,0,1,0,0,0,0,0,0,1,1,0,0,0,0,0,0,0,0,0,0,0,0,0,0,0,0,0,0,0,0,0,0,4,0,40.0323,-75.1692, , 
 ,54212,2013125948,6,67,67301,2013,11,5,1322,13,1,1,0,7,2, , ,N,2,2,0,3,0,1,3,1,N, ,39 56:47.217,75 08:29.557,1330, ,1324,3,2,1, , ,3,N, , , , ,600435, , , ,1,1,0,0,0,0,0,0,0,0,1,0,1,0,0,0,0,0,1,0,0,0,0,0,0,0,0,0,0,0,0,0,0,0,0,3,0,39.9465,-75.1415, , 