wz_ln_closure,objectid_1,crn,district,county,municipality,crash_year,crash_month,day_of_week,time_of_day,hour_of_day,illumination,weather,road_condition,collision_type,relation_to_road,work_zone_type,work_zone_loc,work_zone_ind,intersect_type,tcd_type,location_type,urban_rural,fatal_count,injury_count,person_count,total_units,sch_bus_ind,sch_zone_ind,latitude,longitude,arrival_tm,cons_zone_spd_lim,dispatch_tm,est_hrs_closed,lane_closed,ln_close_dir,ntfy_hiwy_maint,spec_juris_cd,tcd_func_cd,tfc_detour_ind,workers_pres,wz_close_detour,wz_flagger,wz_law_offcr_ind,objectid,wz_moving,wz_other,wz_shlder_mdn,vehicle_count,automobile_count,motorcycle_count,bus_count,small_truck_count,heavy_truck_count,suv_count,van_count,bicycle_count,maj_inj_count,mod_inj_count,min_inj_count,tot_inj_count,unk_inj_deg_count,unk_inj_per_count,driver_count_16yr,driver_count_17yr,driver_count_18yr,driver_count_19yr,driver_count_20yr,driver_count_50_64yr,driver_count_65_74yr,driver_count_75plus,unbelted_occ_count,unb_death_count,unb_maj_inj_count,belted_death_count,belted_maj_inj_count,mcycle_death_count,mcycle_maj_inj_count,bicycle_death_count,bicycle_maj_inj_count,ped_count,ped_death_count,ped_maj_inj_count,max_severity_level,comm_veh_count,dec_lat,dec_long,rdwy_surf_type_cd,county_name
 ,54213,2014002794,6,67,67301,2013,12,6,2030,20,3,2,1,4,1, , ,N,1,2,0,3,0,0,3,2,N, ,40 04:15.211,75 02:57.868,2034, ,2030,1,2,2, , ,3,N, , , , ,600448, , , ,2,2,0,0,0,0,0,0,0,0,0,0,0,0,0,0,0,0,0,0,0,0,0,0,0,0,0,0,0,0,0,0,0,0,0,0,0,40.0709,-75.0494, , 
 ,54214,2014006819,6,67,67301,2013,12,1,1250,12,1,4,1,1,1, , ,N,3,0,0,3,0,0,1,2,N,N,39 58:11.387,75 11:17.306,1300, ,1255, ,0, ,N, ,0, , , , , ,600450, , , ,2,2,0,0,0,0,0,0,0,0,0,0,0,0,0,0,0,0,0,0,1,0,0,0,0,0,0,0,0,0,0,0,0,0,0,0,0,39.9699,-75.1882, , 
 ,54215,2014013134,6,67,67301,2013,12,5,635,6,1,1,0,1,1, , ,N,1,2,0,3,0,1,2,2,N,N,40 04:08.982,75 00:26.173,841, ,835, ,0, ,N, ,3, , , , , ,603802, , , ,2,1,0,1,0,0,0,0,0,0,0,1,1,0,0,0,0,0,0,0,0,0,0,0,0,0,0,0,0,0,0,0,0,0,0,4,1,40.0692,-75.0073, , 
 ,54216,2014042656,6,67,67301,2013,10,7,2308,23,8,2,1,7,1, , ,N,0,0,3,3,0,0,1,1,N,N,39 55:11.511,75 12:06.820,9999, ,2323, ,0, ,N, ,0, , , , , ,603804, , , ,1,1,0,0,0,0,0,0,0,0,0,0,0,0,0,0,0,0,0,0,0,0,0,0,0,0,0,0,0,0,0,0,0,0,0,0,0,39.9199,-75.2019, , 
 ,54217,2013106783,6,67,67301,2013,9,6,831,8,1,1,0,1,1, , ,N,0,2,0,3,0,1,2,2,N,N,39 57:17.733,75 11:47.400,832, ,832, ,0, ,N, ,3, , , , , ,603806, , , ,2,1,0,0,0,0,1,0,0,0,0,0,1,1,0,0,0,0,0,0,1,1,0,0,0,0,0,0,0,0,0,0,0,0,0,8,0,39.9549,-75.1965, , 
 ,54218,2013126007,6,67,67301,2013,11,1,915,9,1,1,0,5,6, , ,N,0,0,0,3,0,0,1,3,N,N,40 02:14.197,75 07:48.871,929, ,923,1,1,1,N, ,0,N, , , , ,603826, , , ,3,1,0,0,1,0,1,0,0,0,0,0,0,0,0,0,0,0,0,0,0,1,0,0,0,0,0,0,0,0,0,0,0,0,0,0,0,40.0373,-75.1302, , 
 ,54219,2013129412,6,67,67301,2013,11,7,2200,22,3,1,0,7,4, , ,N,1,3,0,3,0,1,1,1,N, ,39 59:46.723,75 08:10.895,2304, ,2301, ,0, , , ,3, , , , , ,603830, , , ,1,0,0,0,0,0,1,0,0,0,0,1,1,0,0,0,0,0,0,0,1,0,0,0,0,0,0,0,0,0,0,0,0,0,0,4,0,39.9963,-75.1364, , 
 ,54220,2013062565,6,67,67301,2013,5,5,9999,99,1,1,0,4,7, , ,N,3,2,2,3,0,1,2,2,N, ,39 55:17.442,75 11:30.173,1407, ,1356, ,0, , , ,3, , , , , ,603853, , , ,1,1,0,0,0,0,0,0,1,0,0,1,1,0,0,0,0,0,1,0,0,0,0,0,0,0,0,0,0,0,0,0,0,0,0,4,0,39.9217,-75.1907, , 
 ,54221,2013101239,6,67,67301,2013,9,1,1816,18,1,1,0,0,1, , ,N,5,2,0,3,0,1,1,1,N,N,40 01:06.292,75 03:49.243,1825, ,1821,2,2,1,N, ,3,Y, , , , ,603882, , , ,1,0,0,0,0,0,0,1,0,0,0,1,1,0,0,0,0,0,0,0,1,0,0,0,0,0,0,0,0,0,0,0,0,0,0,4,0,40.0184,-75.0637, , 
 ,54222,2013106676,6,67,67301,2013,9,6,1245,12,1,1,0,4,1, , ,N,1,2,0,3,0,1,2,2,N,N,39 57:58.314,75 13:40.378,1310, ,1300, ,0, ,N, ,3, , , , , ,603888, , , ,1,0,0,0,1,0,0,0,1,0,0,1,1,0,0,0,0,0,0,0,0,1,0,0,0,0,0,0,0,0,0,0,0,0,0,4,0,39.9662,-75.2279, , 
 ,54223,2013104018,6,67,67301,2013,9,7,2110,21,3,2,1,4,1, , ,N,0,0,0,3,0,0,1,2,N,N,39 55:50.419,75 09:36.572,2115, ,2110, ,0, ,N, ,0, , , , , ,603901, , , ,2,1,0,0,0,0,1,0,0,0,0,0,0,0,0,0,0,0,0,0,0,0,0,1,0,0,0,0,0,0,0,0,0,0,0,0,0,39.9307,-75.1602, , 
 ,54224,2013104945,6,67,67301,2013,10,1,1550,15,1,1,0,4,1, , ,N,1,3,0,3,0,6,8,2,N,N,39 59:04.221,75 09:35.845,1600, ,1555,2,1,1,N, ,3,Y, , , , ,603903, , , ,2,2,0,0,0,0,0,0,0,0,0,6,6,0,0,0,0,0,0,0,1,1,0,0,0,0,0,0,0,0,0,0,0,0,0,4,0,39.9845,-75.16, , 
 ,54225,2013111873,6,67,67301,2013,10,7,1500,15,1,1,1,1,1, , ,N,1,0,0,3,0,2,3,2,N,N,39 59:36.433,75 09:02.956,2152, ,9999, ,0, ,N, ,0, , , , , ,603912, , , ,2,0,0,0,1,0,1,0,0,0,0,2,2,0,0,0,0,0,0,0,0,0,0,0,0,0,0,0,0,0,0,0,0,0,0,4,0,39.9935,-75.1508, , 
 ,54226,2013122964,6,67,67301,2013,10,4,1705,17,1,1,0,1,1, , ,N,0,0,0,3,0,0,3,3,N, ,40 04:43.180,75 01:28.586,1710, ,1706, ,0, , , ,0, , , , , ,603920, , , ,3,2,0,0,1,0,0,0,0,0,0,0,0,0,0,0,0,0,0,0,1,0,0,0,0,0,0,0,0,0,0,0,0,0,0,0,0,40.0787,-75.0246, , 
 ,54227,2013126631,6,67,67301,2013,12,7,1510,15,1,1,0,1,1, , ,N,6,4,2,3,0,1,4,2,N,N,39 56:41.825,75 11:28.016,1525, ,1510, ,0, ,N, ,3, , , , , ,603923, , , ,2,1,0,0,0,1,0,0,0,0,0,1,1,0,0,0,0,0,0,0,0,0,0,0,0,0,0,0,0,0,0,0,0,0,0,4,0,39.945,-75.1911, , 
 ,54228,2013102998,6,67,67301,2013,8,5,1230,12,1,9,8,8,6, , ,N,0,0,0,3,0,1,2,2,N, ,40 04:24.683,75 12:10.432,1550, ,1540, ,0, , , ,0, , , , , ,603930, , , ,1,0,0,0,0,0,0,0,0,0,0,1,1,0,1,0,0,0,0,0,0,0,0,0,0,0,0,0,0,0,0,0,1,0,0,4,0,40.0735,-75.2029, , 
 ,54229,2013109352,6,67,67301,2013,9,4,1729,17,1,1,0,8,1, , ,N,1,2,0,3,0,1,2,2,N,N,40 02:35.626,75 10:51.146,1731, ,1730, ,0, ,N, ,3, , , , , ,603934, , , ,1,0,0,0,0,0,1,0,0,0,0,0,1,1,0,0,0,0,0,0,0,0,0,0,0,0,0,0,0,0,0,0,1,0,0,8,0,40.0432,-75.1809, , 
 ,54230,2013109356,6,67,67301,2013,9,6,1045,10,1,1,0,6,1, , ,N,1,2,0,3,0,1,2,2,N,Y,40 03:57.346,75 09:33.410,815, ,810, ,0, ,N, ,3, , , , , ,603935, , , ,2,1,0,0,0,1,0,0,0,0,0,1,1,0,0,0,0,0,0,0,0,0,1,0,0,0,0,0,0,0,0,0,0,0,0,4,0,40.0659,-75.1593, , 
 ,54231,2013121396,6,67,67301,2013,10,2,1618,16,1,1,0,1,1, , ,N,1,2,0,3,0,3,5,2,N,N,40 07:00.043,75 01:11.647,1622, ,1629, ,0, ,N, ,3, , , , , ,603959, , , ,2,1,0,0,0,0,1,0,0,0,0,3,3,0,0,0,0,0,0,0,1,0,0,0,0,0,0,0,0,0,0,0,0,0,0,4,0,40.1167,-75.0198, , 
 ,54232,2013122953,6,67,67301,2013,10,3,2120,21,3,1,0,4,1, , ,N,1,0,0,3,0,1,2,3,N,N,40 02:38.081,75 00:34.638,2123, ,2121,1,1,2,N, ,0,N, , , , ,603974, , , ,3,2,0,0,0,0,1,0,0,0,0,1,1,0,0,0,0,0,0,0,0,0,0,0,0,0,0,0,0,0,0,0,0,0,0,4,0,40.0439,-75.0096, , 
 ,54233,2013070507,6,67,67301,2013,6,3,1325,13,1,1,0,8,1, , ,N,1,2,0,3,0,1,2,2,N,N,39 56:25.327,75 14:11.791,1412, ,1405, ,0, ,N, ,3, , , , , ,594424, , , ,1,1,0,0,0,0,0,0,0,0,0,1,1,0,0,0,0,0,0,0,1,0,0,0,0,0,0,0,0,0,0,0,1,0,0,4,0,39.9404,-75.2366, , 
 ,54234,2013076192,6,67,67301,2013,7,2,920,9,1,1,0,8,1, , ,N,1,2,0,3,1,0,2,2,N,N,39 59:29.442,75 08:10.101,1000, ,944,3,1,3,N,0,3,N, , , , ,594428, , , ,1,0,0,0,0,1,0,0,0,0,0,0,0,0,0,0,0,0,0,0,0,0,0,0,0,0,0,0,0,0,0,0,1,1,0,1,1,39.9915,-75.1361,2, 
 ,54235,2013047320,6,67,67301,2013,4,4,1513,15,1,1,0,7,5, , ,N,0,0,0,3,0,0,1,1,N,N,39 59:32.175,75 05:56.547,1645, ,1643, ,0, ,N, ,0, , , , , ,594435, , , ,1,1,0,0,0,0,0,0,0,0,0,0,0,0,0,0,0,0,0,0,0,0,0,0,0,0,0,0,0,0,0,0,0,0,0,0,0,39.9923,-75.099, , 
 ,54236,2013061074,6,67,67301,2013,6,7,2346,23,3,1,0,5,1, , ,N,0,0,0,3,0,2,2,2,N,N,39 53:59.175,75 09:41.533,0, ,2347,1,2,1,N, ,0,N, , , , ,594444, , , ,2,2,0,0,0,0,0,0,0,0,0,0,2,2,0,0,0,0,0,0,0,0,0,0,0,0,0,0,0,0,0,0,0,0,0,8,0,39.8998,-75.1615, , 
 ,54237,2013104398,6,67,67301,2013,9,3,1950,19,3,1,0,4,2, , ,N,0,0,0,3,0,1,1,2,N,N,39 58:05.217,75 15:02.800,2024, ,2019, ,0, ,N, ,0, , , , , ,594471, , , ,2,2,0,0,0,0,0,0,0,0,0,1,1,0,0,0,0,0,0,0,0,0,0,0,0,0,0,0,0,0,0,0,0,0,0,4,0,39.9681,-75.2508, , 
 ,54238,2013087048,6,67,67301,2013,8,4,723,7,1,1,0,1,1, , ,N,0,0,0,3,0,0,4,4,N,N,39 57:36.016,75 10:43.785,750, ,734,1,1,4,N, ,0,N, , , , ,594488, , , ,4,3,0,0,0,0,1,0,0,0,0,0,0,0,0,0,0,0,0,0,0,0,0,0,0,0,0,0,0,0,0,0,0,0,0,0,0,39.96,-75.1788, , 
 ,54239,2013094714,6,67,67301,2013,6,1,1200,12,1,1,0,1,1, , ,N,2,2,0,3,0,3,4,2,N,N,40 02:24.727,75 05:57.512,0, ,0, ,0, ,N, ,9, , , , , ,594491, , , ,2,2,0,0,0,0,0,0,0,0,0,0,3,3,1,0,0,0,0,0,1,0,0,0,0,0,0,0,0,0,0,0,0,0,0,8,0,40.0402,-75.0993, , 
 ,54240,2013094930,6,67,67301,2013,9,3,1735,17,1,1,0,1,1, , ,N,0,0,0,3,0,0,3,3,N,N,40 02:22.121,75 00:27.047,1810, ,1735, ,0, ,N, ,0, , , , , ,594492, , , ,3,2,0,0,0,0,1,0,0,0,0,0,0,0,0,0,0,0,0,0,1,0,0,0,0,0,0,0,0,0,0,0,0,0,0,0,0,40.0395,-75.0075, , 
 ,54241,2013095952,6,67,67301,2013,8,5,2055,20,3,1,0,8,1, , ,N,1,2,0,3,0,1,2,2,N,N,39 55:48.070,75 13:09.172,2100, ,2055, ,0, , , ,3, , , , , ,594493, , , ,1,1,0,0,0,0,0,0,0,0,0,0,1,1,0,0,0,0,0,0,0,0,0,0,0,0,0,0,0,0,0,0,1,0,0,8,0,39.93,-75.2192, , 
 ,54242,2013106735,6,67,67301,2013,9,2,9999,99,1,1,0,4,1, , ,N,1,2,0,3,0,2,3,2,N, ,39 58:13.897,75 08:55.980,1225, ,1220, ,0, , , ,3, , , , , ,594505, , , ,2,0,0,0,1,0,0,0,0,0,0,0,2,2,0,0,0,0,0,0,0,0,0,0,0,0,0,0,0,0,0,0,0,0,0,8,0,39.9704,-75.149, , 
 ,54243,2013121548,6,67,67301,2013,10,2,222,2,3,1,0,7,3, , ,N,1,2,0,3,0,1,1,1,N,N,40 02:10.729,75 03:51.497,227, ,223,3,1,1,Y, ,3,Y, , , , ,594524, , , ,1,0,0,0,0,0,1,0,0,0,0,0,1,1,0,0,0,0,0,0,0,0,0,0,0,0,0,0,0,0,0,0,0,0,0,8,0,40.0363,-75.0643, , 
 ,54244,2013122944,6,67,67301,2013,11,7,1120,11,1,1,0,8,1, , ,N,2,2,0,3,0,1,2,2,N,N,40 02:12.212,75 11:15.028,1125, ,1115, ,0, ,N, ,3, , , , , ,594525, , , ,1,0,0,0,1,0,0,0,0,0,0,1,1,0,1,0,0,0,0,0,0,0,0,0,0,0,0,0,0,0,0,0,1,0,0,4,0,40.0367,-75.1875, , 
 ,54245,2013074739,6,67,67301,2013,6,4,312,3,3,4,0,7,5, , ,N,0,0,0,3,0,3,4,1,N, ,40 02:13.840,75 10:37.420,314, ,312, ,0, , , ,0, , , , , ,594533, , , ,1,1,0,0,0,0,0,0,0,0,0,3,3,0,0,0,0,0,0,0,0,0,0,4,0,0,0,0,0,0,0,0,0,0,0,4,0,40.0372,-75.1771, , 
 ,54246,2013077485,6,67,67301,2013,7,3,1215,12,1,1,1,1,1, , ,N,1,2,0,3,0,1,2,2,N,N,39 55:47.038,75 10:54.947,1227, ,1221, ,0, , , ,3, , , , , ,594535, , , ,2,1,0,0,1,0,0,0,0,0,0,1,1,0,0,0,0,0,0,0,0,0,0,0,0,0,0,0,0,0,0,0,0,0,0,4,0,39.9297,-75.1819, , 
 ,54247,2013077504,6,67,67301,2013,7,2,1549,15,1,8,1,4,9, , ,N,0,0,0,3,0,2,2,2,N, ,40 00:59.900,75 07:31.560,9999, ,1549, ,0, , , ,0, , , , , ,594536, , , ,2,2,0,0,0,0,0,0,0,0,0,0,2,2,0,0,0,0,0,0,1,0,0,0,0,0,0,0,0,0,0,0,0,0,0,8,0,40.0166,-75.1254, , 
 ,54248,2013081199,6,67,67301,2013,7,2,1541,15,1,1,0,6,1, , ,N,0,0,0,3,0,1,2,2,N,N,40 04:07.719,75 02:24.796,1547, ,1542,2,1,2,N, ,0,N, , , , ,594538, , , ,1,0,0,1,0,0,0,0,1,0,0,1,1,0,0,0,0,0,0,0,0,0,0,0,0,0,0,0,0,0,0,0,0,0,0,4,1,40.0688,-75.0402, , 
 ,54249,2013083961,6,67,67301,2013,6,2,2325,23,3,1,0,6,1, , ,N,1,2,0,3,0,3,4,2,N,N,40 01:24.687,75 08:00.078,2330, ,2325,2,1,1,N, ,3,N, , , , ,594543, , , ,2,0,0,0,0,0,2,0,0,0,0,0,3,3,0,0,0,0,0,0,0,0,0,1,0,0,0,0,0,0,0,0,0,0,0,8,0,40.0235,-75.1334, , 
 ,54250,2013086690,6,67,67301,2013,7,6,1635,16,1,1,0,4,1, , ,N,1,2,0,3,0,0,3,2,N,N,40 03:28.059,75 00:31.473,1650, ,1648, ,0, , , ,3, , , , , ,594544, , , ,2,2,0,0,0,0,0,0,0,0,0,0,0,0,0,0,0,0,0,0,0,1,0,0,0,0,0,0,0,0,0,0,0,0,0,0,0,40.0578,-75.0087, , 
 ,54251,2013103143,6,67,67301,2013,10,6,1834,18,3,1,0,7,7, , ,N,7,0,2,3,0,1,1,1,N,N,40 00:25.119,75 11:58.634,1840, ,1835, ,0, ,N, ,0, , , , , ,597166, , , ,1,0,0,0,0,0,1,0,0,0,0,0,1,1,0,0,0,0,0,0,0,0,0,0,0,0,0,0,0,0,0,0,0,0,0,8,0,40.007,-75.1996, , 
 ,54252,2013070489,6,67,67301,2013,6,2,1800,18,1,2,1,1,1, , ,N,1,2,0,3,0,1,2,2,N, ,40 02:50.173,75 10:03.883,1810, ,1002, ,0, , , ,3, , , , , ,597176, , , ,2,1,0,0,0,0,1,0,0,0,0,1,1,0,0,0,0,0,0,0,0,0,0,0,0,0,0,0,0,0,0,0,0,0,0,4,0,40.0473,-75.1677, , 
 ,54253,2013070552,6,67,67301,2013,5,1,9999,99,3,1,0,8,1, , ,N,0,2,0,3,0,1,2,2,N,N,39 58:09.369,75 13:31.177,2109, ,2109, ,0, ,N, ,3, , , , , ,597177, , , ,1,0,0,0,0,0,1,0,0,0,0,1,1,0,0,0,0,0,0,0,0,0,0,0,0,0,0,0,0,0,0,0,1,0,0,4,0,39.9693,-75.2253, , 
 ,54254,2013093133,6,67,67301,2013,8,7,840,8,1,1,0,4,1, , ,N,1,2,0,3,0,0,2,2,N,N,39 57:09.274,75 08:54.407,9999, ,845, ,0, ,N, ,3, , , , , ,597191, , , ,2,1,0,0,0,0,0,1,0,0,0,0,0,0,0,0,0,0,0,0,1,1,0,0,0,0,0,0,0,0,0,0,0,0,0,0,0,39.9526,-75.1485, , 
Y,54255,2013093283,6,67,67301,2013,9,6,815,8,1,1,0,1,1,1,4,Y,0,0,0,3,0,0,5,4,N,N,39 58:00.103,75 08:06.545,836,45,819, ,0, ,N, ,0, ,Y,N,N,N,597192,N,N,Y,4,2,0,0,1,0,1,0,0,0,0,0,0,0,0,0,0,0,0,0,0,0,0,0,0,0,0,0,0,0,0,0,0,0,0,0,0,39.9667,-75.1352, , 
 ,54256,2013094933,6,67,67301,2013,9,4,715,7,1,1,0,1,1, , ,N,0,0,0,3,0,0,2,2,N,N,39 57:35.148,75 10:51.278,800, ,800, ,0, ,N, ,0, , , , , ,597197, , , ,2,1,0,0,0,0,1,0,0,0,0,0,0,0,0,0,0,0,0,0,1,0,0,0,0,0,0,0,0,0,0,0,0,0,0,0,0,39.9598,-75.1809, , 
 ,54257,2013096127,6,67,67301,2013,8,6,1319,13,1,1,0,4,1, , ,N,1,2,0,3,0,1,11,2,N,N,40 02:24.861,75 03:30.268,1323, ,1320,1,1,1,N, ,3,N, , , , ,597199, , , ,2,0,0,0,0,0,1,1,0,0,0,1,1,0,0,0,0,0,0,0,0,0,1,0,0,0,0,0,0,0,0,0,0,0,0,4,0,40.0402,-75.0584, , 
 ,54258,2013104021,6,67,67301,2013,9,6,325,3,3,1,0,7,4, , ,N,0,0,0,3,0,0,1,1,N,N,40 02:02.091,75 01:00.743,337, ,329,3,1,1,N, ,0,N, , , , ,597204, , , ,1,0,0,0,1,0,0,0,0,0,0,0,0,0,1,0,0,0,0,0,0,0,0,0,0,0,0,0,0,0,0,0,0,0,0,9,0,40.0339,-75.0169, , 
 ,54259,2013106724,6,67,67301,2013,9,3,1012,10,1,1,0,4,1, , ,N,1,3,0,3,0,1,2,2,N,N,39 56:12.940,75 10:49.285,1013, ,1012, ,0, ,N, ,3, , , , , ,597205, , , ,1,1,0,0,0,0,0,0,1,0,0,1,1,0,0,0,0,0,0,0,0,0,0,0,0,0,0,0,0,0,0,0,0,0,0,4,0,39.9369,-75.1804, , 
 ,54260,2013106723,6,67,67301,2013,9,1,1415,14,1,1,0,4,1, , ,N,3,2,0,3,0,1,4,2,N,N,39 56:25.699,75 11:14.495,1445, ,1435,1,1,6,N, ,3,N, , , , ,597221, , , ,2,1,0,0,1,0,0,0,0,0,0,0,1,1,3,0,0,0,0,0,0,1,0,0,0,0,0,0,0,0,0,0,0,0,0,8,0,39.9405,-75.1874, , 
 ,54261,2013109343,6,67,67301,2013,10,1,2310,23,3,1,0,5,1, , ,N,0,0,0,3,0,0,1,4,N, ,39 56:26.192,75 08:44.905,2319, ,2315,1,2,2,N, ,0,Y, , , , ,597223, , , ,4,3,0,0,0,0,1,0,0,0,0,0,0,0,0,0,0,0,0,0,0,0,0,0,0,0,0,0,0,0,0,0,0,0,0,0,0,39.9406,-75.1458, , 
 ,54262,2013111734,6,67,67301,2013,10,7,1930,19,3,1,0,4,1, , ,N,1,2,0,3,0,1,3,2,N, ,39 58:16.582,75 13:38.114,1945, ,1939, ,0, , , ,3, , , , , ,597225, , , ,2,1,0,0,0,0,0,1,0,0,0,0,1,1,0,0,0,0,0,0,0,0,0,0,0,0,0,0,0,0,0,0,0,0,0,8,0,39.9713,-75.2273, , 
 ,54263,2013111887,6,67,67301,2013,10,1,1843,18,3,1,0,4,1, , ,N,1,2,0,3,0,7,11,4,N, ,39 59:33.987,75 08:42.421,1900, ,1855,2,2,4, , ,3,Y, , , , ,597226, , , ,4,3,0,0,1,0,0,0,0,0,2,5,7,0,0,0,0,0,0,0,0,0,0,0,0,0,0,0,0,0,0,0,0,0,0,3,0,39.9927,-75.1451, , 
 ,54264,2013098357,6,67,67301,2013,9,3,2316,23,3,1,0,4,1, , ,N,1,2,0,3,0,1,3,2,N,N,40 02:58.479,75 05:44.227,2336, ,2330,3,1,4,N, ,3,N, , , , ,597233, , , ,2,2,0,0,0,0,0,0,0,0,0,1,1,0,0,0,0,0,1,0,0,0,0,0,0,0,0,0,0,0,0,0,0,0,0,4,0,40.0496,-75.0956, , 
 ,54265,2013101254,6,67,67301,2013,9,6,1728,17,1,1,0,4,1, , ,N,1,2,0,3,0,1,6,2,N,N,40 03:07.556,75 08:30.811,1728, ,1728, ,0, , , ,3, , , , , ,597238, , , ,2,0,0,0,2,0,0,0,0,0,1,0,1,0,0,0,0,1,0,0,0,0,0,0,0,0,0,0,0,0,0,0,0,0,0,3,0,40.0521,-75.1418, , 
 ,54266,2013106687,6,67,67301,2013,9,2,1759,17,1,1,0,8,5, , ,N,0,0,0,3,0,1,2,2,N,N,39 55:44.295,75 13:46.131,1801, ,1759, ,0, ,N, ,0, , , , , ,597246, , , ,1,1,0,0,0,0,0,0,0,0,0,1,1,0,0,0,0,0,0,0,0,0,0,0,0,0,0,0,0,0,0,0,1,0,0,4,0,39.929,-75.2295, , 
 ,54267,2013125923,6,67,67301,2013,11,2,1800,18,3,9,0,1,1, , ,N,1,2,0,3,0,2,3,2,N,N,40 01:50.664,75 07:20.636,757, ,755, ,0, ,N, ,3, , , , , ,597264, , , ,2,1,0,0,1,0,0,0,0,0,0,2,2,0,1,0,0,0,0,0,0,0,0,0,0,0,0,0,0,0,0,0,0,0,0,4,0,40.0307,-75.1224, , 
 ,54268,2013070455,6,67,67301,2013,6,2,831,8,1,2,1,8,1, , ,N,1,2,0,3,0,1,3,2,N,Y,39 57:20.998,75 14:09.675,9999, ,831, ,0, ,N, ,3, , , , , ,597280, , , ,1,0,0,0,0,0,1,0,0,0,0,0,1,1,0,0,0,0,0,0,1,0,0,0,0,0,0,0,0,0,0,0,1,0,0,8,0,39.9558,-75.236, , 
 ,54269,2013093080,6,67,67301,2013,8,4,1435,14,1,1,0,4,1, , ,N,0,0,0,3,0,0,2,2,N,N,40 03:17.218,75 00:17.089,1440, ,1440, ,0, ,N, ,0, , , , , ,600467, , , ,2,1,0,0,0,0,1,0,0,0,0,0,0,0,0,0,0,0,0,0,0,0,1,0,0,0,0,0,0,0,0,0,0,0,0,0,0,40.0548,-75.0047, , 
 ,54270,2013111715,6,67,67301,2013,10,3,1045,10,1,1,0,4,1, , ,N,1,2,0,3,0,1,2,2,N,N,39 57:26.638,75 09:25.497,1101, ,1101, ,0, ,N, ,3, , , , , ,600482, , , ,2,2,0,0,0,0,0,0,0,0,0,0,1,1,0,0,0,0,0,0,0,0,0,0,0,0,0,0,0,0,0,0,0,0,0,8,0,39.9574,-75.1571, , 
 ,54271,2013065444,6,67,67301,2013,5,2,2315,23,3,1,0,1,1, , ,N,1,2,0,3,0,1,3,2,N,N,40 02:02.652,75 10:35.500,2320, ,2315, ,0, , , ,3, , , , , ,600495, , , ,2,2,0,0,0,0,0,0,0,0,0,0,1,1,2,0,0,0,0,0,0,0,0,0,0,0,0,0,0,0,0,0,0,0,0,8,0,40.0341,-75.1765, , 
 ,54272,2013065553,6,67,67301,2013,5,2,929,9,1,2,1,4,1, , ,N,1,2,0,3,0,0,3,2,N, ,39 59:16.184,75 10:50.095,933, ,931, ,0, , , ,3, , , , , ,600496, , , ,2,2,0,0,0,0,0,0,0,0,0,0,0,0,0,0,0,0,0,0,0,0,0,0,0,0,0,0,0,0,0,0,0,0,0,0,0,39.9878,-75.1806, , 
 ,54273,2013065589,6,67,67301,2013,5,2,9999,99,1,1,0,1,1, , ,N,1,2,0,3,0,2,6,2,N,N,39 58:30.789,75 13:20.973,1100, ,1100, ,0, ,N, ,3, , , , , ,600497, , , ,2,1,0,0,1,0,0,0,0,0,0,2,2,0,0,0,0,0,0,0,0,0,0,0,0,0,0,0,0,0,0,0,0,0,0,4,0,39.9752,-75.2225, , 
 ,54274,2014006836,6,67,67301,2013,12,5,1133,11,1,8,0,3,1, , ,N,0,0,0,3,0,0,3,2,N,N,39 54:54.124,75 14:40.365,1134, ,1133,9,1,1, , ,0,N, , , , ,600524, , , ,2,0,0,0,0,1,1,0,0,0,0,0,0,0,0,0,0,0,0,0,0,0,0,0,0,0,0,0,0,0,0,0,0,0,0,0,1,39.915,-75.2445, , 
 ,54275,2014009676,6,67,67301,2013,11,6,906,9,1,1,0,8,1, , ,N,0,0,0,3,0,1,2,2,N,N,39 59:37.331,75 09:16.244,910, ,906,2,1,5,N, ,0,N, , , , ,600525, , , ,1,1,0,0,0,0,0,0,0,1,0,0,1,0,1,0,0,0,0,0,0,0,0,0,0,0,0,0,0,0,0,0,1,0,1,2,0,39.9937,-75.1545, , 
 ,54276,2013113167,6,46,46108,2013,11,7,1638,16,3,1,0,2,1, , ,N,1,2,0,3,0,0,3,2,N,N,40 05:09.819,75 13:49.871,1650, ,1638, ,0, ,N, ,3, , , , , ,600531, , , ,2,1,0,0,0,0,1,0,0,0,0,0,0,0,0,0,0,0,0,0,0,0,0,0,0,0,0,0,0,0,0,0,0,0,0,0,0,40.0861,-75.2305, , 
 ,54277,2013124661,6,67,67301,2013,10,7,146,1,3,1,0,0,2, , ,N,0,0,0,3,0,0,1,1,N,N,39 56:45.442,75 11:54.890,150, ,148, ,0, ,N, ,0, , , , , ,600541, , , ,1,1,0,0,0,0,0,0,0,0,0,0,0,0,0,0,0,0,0,0,0,0,0,0,0,0,0,0,0,0,0,0,0,0,0,0,0,39.946,-75.1986, , 
 ,54278,2013125908,6,67,67301,2013,7,5,9999,99,3,1,0,5,2, , ,N,2,2,0,3,0,1,2,2,N, ,39 56:36.552,75 14:48.306,2118, ,2112, ,0, , , ,3, , , , , ,600542, , , ,1,0,0,0,0,0,0,0,1,0,0,0,1,1,0,0,0,0,0,0,0,0,0,0,0,0,0,0,0,0,0,0,0,0,0,8,0,39.9435,-75.2468, , 