wz_ln_closure,objectid_1,crn,district,county,municipality,crash_year,crash_month,day_of_week,time_of_day,hour_of_day,illumination,weather,road_condition,collision_type,relation_to_road,work_zone_type,work_zone_loc,work_zone_ind,intersect_type,tcd_type,location_type,urban_rural,fatal_count,injury_count,person_count,total_units,sch_bus_ind,sch_zone_ind,latitude,longitude,arrival_tm,cons_zone_spd_lim,dispatch_tm,est_hrs_closed,lane_closed,ln_close_dir,ntfy_hiwy_maint,spec_juris_cd,tcd_func_cd,tfc_detour_ind,workers_pres,wz_close_detour,wz_flagger,wz_law_offcr_ind,objectid,wz_moving,wz_other,wz_shlder_mdn,vehicle_count,automobile_count,motorcycle_count,bus_count,small_truck_count,heavy_truck_count,suv_count,van_count,bicycle_count,maj_inj_count,mod_inj_count,min_inj_count,tot_inj_count,unk_inj_deg_count,unk_inj_per_count,driver_count_16yr,driver_count_17yr,driver_count_18yr,driver_count_19yr,driver_count_20yr,driver_count_50_64yr,driver_count_65_74yr,driver_count_75plus,unbelted_occ_count,unb_death_count,unb_maj_inj_count,belted_death_count,belted_maj_inj_count,mcycle_death_count,mcycle_maj_inj_count,bicycle_death_count,bicycle_maj_inj_count,ped_count,ped_death_count,ped_maj_inj_count,max_severity_level,comm_veh_count,dec_lat,dec_long,rdwy_surf_type_cd,county_name
 ,54279,2013131727,6,67,67301,2013,12,6,1643,16,3,1,0,5,1, , ,N,0,0,0,3,0,1,4,2,N,N,39 58:45.761,75 06:27.993,1734, ,1700, ,0, ,N, ,0, , , , , ,600551, , , ,2,1,0,0,0,0,1,0,0,0,0,1,1,0,0,0,0,0,0,0,0,0,0,0,0,0,0,0,0,0,0,0,0,0,0,4,0,39.9793,-75.1079, , 
 ,54280,2014002748,6,67,67301,2013,11,3,1645,16,3,2,1,1,1, , ,N,2,2,0,3,0,0,2,2,N,N,40 04:39.076,75 02:38.141,1708, ,1652,1,1,2,N, ,3,N, , , , ,600553, , , ,2,1,0,0,0,0,1,0,0,0,0,0,0,0,0,0,0,0,0,0,0,1,0,0,0,0,0,0,0,0,0,0,0,0,0,0,0,40.0775,-75.0438, , 
 ,54281,2013130064,6,67,67301,2013,11,5,9999,99,3,1,0,1,1, , ,N,0,0,0,3,0,2,9,4,N, ,40 06:18.094,75 00:04.712,1840, ,1800,1,1,2, , ,0,Y, , , , ,600563, , , ,4,1,0,0,1,0,2,0,0,0,0,0,2,2,0,0,0,0,0,0,1,0,0,0,0,0,0,0,0,0,0,0,0,0,0,8,0,40.105,-75.0013, , 
 ,54282,2013130780,6,67,67301,2013,12,6,2304,23,2,1,0,4,1, , ,N,1,2,0,3,0,0,2,2,N,N,40 03:16.901,75 07:29.448,2311, ,2306,2,1,1,N, ,3,N, , , , ,600564, , , ,2,1,0,0,1,0,0,0,0,0,0,0,0,0,0,0,0,0,0,0,1,0,0,0,0,0,0,0,0,0,0,0,0,0,0,0,0,40.0546,-75.125, , 
 ,54283,2014001078,6,67,67301,2013,11,4,1205,12,1,1,0,1,1, , ,N,0,0,0,3,0,1,3,3,N, ,40 01:14.726,75 08:55.059,1400, ,1355, ,0, , , ,0, , , , , ,600569, , , ,3,3,0,0,0,0,0,0,0,0,0,1,1,0,0,0,0,0,0,0,0,0,0,0,0,0,0,0,0,0,0,0,0,0,0,4,0,40.0208,-75.1486, , 
 ,54284,2014006914,6,67,67301,2013,12,6,1853,18,3,1,0,8,1, , ,N,1,2,0,3,0,1,2,2,N,N,40 02:22.463,75 02:44.643,1853, ,1853, ,0, ,N, ,2, , , , , ,600575, , , ,1,1,0,0,0,0,0,0,0,0,0,1,1,0,0,0,0,0,0,0,0,0,0,0,0,0,0,0,0,0,0,0,1,0,0,4,0,40.0395,-75.0458, , 
 ,54285,2013101257,6,67,67301,2013,8,2,2005,20,3,1,0,4,1, , ,N,1,2,0,3,0,1,4,2,N,N,39 57:44.029,75 14:33.957,2012, ,2009,3,2,5,N, ,3,Y, , , , ,600584, , , ,1,1,0,0,0,0,0,0,1,0,1,0,1,0,3,0,0,0,0,0,0,0,0,0,0,0,0,0,0,0,0,0,0,0,0,3,0,39.9621,-75.2428, , 
 ,54286,2013121304,6,67,67301,2013,10,4,2020,20,3,1,0,4,1, , ,N,2,0,0,3,0,2,2,2,N,N,39 57:25.244,75 08:56.346,2035, ,2031,1,1,2,N, ,0,N, , , , ,600601, , , ,2,2,0,0,0,0,0,0,0,0,0,0,2,2,0,0,0,0,0,1,0,0,1,0,0,0,0,0,0,0,0,0,0,0,0,8,0,39.957,-75.149, , 
 ,54287,2013125976,6,67,67301,2013,11,5,1418,14,1,1,0,4,1, , ,N,1,2,0,3,0,0,2,3,N,N,40 01:48.978,75 03:51.736,1425, ,1421, ,0, , , ,3, , , , , ,604538, , , ,3,2,0,0,0,0,1,0,0,0,0,0,0,0,1,0,0,0,0,0,0,0,1,0,0,0,0,0,0,0,0,0,0,0,0,9,0,40.0303,-75.0644, , 
 ,54288,2014013081,6,67,67301,2013,12,4,9999,99,1,1,0,4,1, , ,N,1,2,0,3,0,2,3,2,N,N,40 01:48.464,75 02:06.579,727, ,724,9,2,2,N, ,3,Y, , , , ,604548, , , ,2,1,0,0,0,0,1,0,0,0,0,0,2,2,0,0,0,0,0,0,0,1,0,0,0,0,0,0,0,0,0,0,0,0,0,8,0,40.0301,-75.0352, , 
 ,54289,2013111842,6,67,67301,2013,10,5,1935,19,3,1,1,8,1, , ,N,0,0,0,3,0,1,2,2,N,N,39 54:58.683,75 09:24.447,1947, ,1945, ,0, ,N, ,0, , , , , ,604551, , , ,1,1,0,0,0,0,0,0,0,0,0,1,1,0,0,0,0,0,0,0,0,0,0,0,0,0,0,0,0,0,0,0,1,0,0,4,0,39.9163,-75.1568, , 
 ,54290,2013086816,6,67,67301,2013,7,4,1955,19,1,1,0,5,1, , ,N,0,0,0,3,0,0,3,5,N, ,39 59:54.092,75 05:58.124,1955, ,1955,3,2,3, , ,0,Y, , , , ,604561, , , ,5,5,0,0,0,0,0,0,0,0,0,0,0,0,1,0,0,0,0,0,0,0,0,0,0,0,0,0,0,0,0,0,0,0,0,9,0,39.9984,-75.0995, , 
 ,54291,2013087304,6,67,67301,2013,8,1,142,1,3,1,0,1,1, , ,N,0,0,0,3,0,2,3,2,N,N,39 53:20.332,75 13:05.451,150, ,143,1,2,2,N, ,0,N, , , , ,604588, , , ,2,1,0,0,0,0,1,0,0,0,0,0,2,2,0,0,0,0,0,0,0,0,0,0,0,0,0,0,0,0,0,0,0,0,0,8,0,39.889,-75.2182, , 
 ,54292,2013093300,6,67,67301,2013,9,3,728,7,1,1,0,1,1, , ,N,0,0,0,3,0,0,5,3,N,N,39 58:38.890,75 06:44.066,748, ,734,1,1,1,N, ,0,N, , , , ,604595, , , ,3,2,0,0,0,0,1,0,0,0,0,0,0,0,0,0,0,0,0,1,1,0,0,0,0,0,0,0,0,0,0,0,0,0,0,0,0,39.9774,-75.1124, , 
 ,54293,2013098370,6,67,67301,2013,9,4,1220,12,1,1,0,1,1, , ,N,1,2,0,3,0,1,2,2,N, ,40 02:35.649,75 03:08.136,1242, ,1247, ,0, , , ,3, , , , , ,604600, , , ,2,0,0,0,0,0,1,1,0,0,0,1,1,0,0,0,0,0,0,0,0,0,0,0,0,0,0,0,0,0,0,0,0,0,0,4,0,40.0432,-75.0523, , 
 ,54294,2014006840,6,67,67301,2013,12,5,1536,15,1,1,0,4,1, , ,N,0,0,0,3,0,0,2,2,N,N,40 02:15.085,75 02:32.193,1610, ,1556, ,0, ,N, ,0, , , , , ,604610, , , ,2,2,0,0,0,0,0,0,0,0,0,0,0,0,0,0,1,0,0,0,0,1,0,0,0,0,0,0,0,0,0,0,0,0,0,0,0,40.0375,-75.0423, , 
 ,54295,2013122467,6,67,67301,2013,10,6,2320,23,3,1,0,5,1, , ,N,0,0,0,3,0,2,3,3,N, ,39 57:47.191,75 09:58.687,2323, ,2322, ,0, ,N, ,0, , , , , ,604624, , , ,3,3,0,0,0,0,0,0,0,0,2,0,2,0,0,0,0,0,0,0,0,0,0,0,0,0,0,0,0,0,0,0,0,0,0,3,0,39.9631,-75.1663, , 
 ,54296,2013121461,6,67,67301,2013,10,7,302,3,3,1,0,4,1, , ,N,1,2,0,3,0,3,4,6,N,N,40 00:02.271,75 07:58.407,329, ,303,4,2,2, , ,3,Y, , , , ,604694, , , ,6,4,0,0,0,0,2,0,0,1,0,2,3,0,0,0,0,0,0,0,0,0,0,0,0,0,0,0,0,0,0,0,0,0,0,2,0,40.0006,-75.1329, , 
 ,54297,2013121474,6,67,67301,2013,10,3,9999,99,1,1,0,4,1, , ,N,1,2,0,3,0,2,3,2,N,N,39 58:35.560,75 07:11.032,1102, ,1100, ,0, , , ,3, , , , , ,604695, , , ,2,1,0,0,0,0,1,0,0,0,0,2,2,0,0,0,0,0,0,0,1,0,0,0,0,0,0,0,0,0,0,0,0,0,0,4,0,39.9759,-75.12, , 
 ,54298,2013103922,6,67,67301,2013,9,6,732,7,1,1,0,4,1, , ,N,0,0,0,3,0,0,3,2,N,N,39 56:19.046,75 12:59.785,735, ,733, ,0, ,N, ,0, , , , , ,604710, , , ,2,1,0,0,1,0,0,0,0,0,0,0,0,0,0,0,0,0,0,0,1,0,0,1,0,0,0,0,0,0,0,0,0,0,0,0,0,39.9386,-75.2166, , 
 ,54299,2013101765,6,67,67301,2013,9,5,1110,11,1,1,0,4,1, , ,N,0,0,7,3,0,4,5,2,N,N,40 00:09.643,75 09:40.725,1113, ,1112,1,2,6, , ,0,Y, , , , ,604734, , , ,2,2,0,0,0,0,0,0,0,0,0,4,4,0,1,0,0,0,0,1,0,0,0,0,0,0,0,0,0,0,0,0,0,0,0,4,0,40.0027,-75.1613, , 
 ,54300,2014016111,6,67,67301,2013,12,7,2050,20,3,1,8,0,1, , ,N,0,0,0,3,0,1,1,1,N,N,39 55:55.437,75 12:59.510,2057, ,2056, ,0, ,N, ,0, , , , , ,604761, , , ,1,0,1,0,0,0,0,0,0,0,0,0,1,1,0,0,0,0,0,0,0,0,0,0,0,0,0,0,0,0,0,0,0,0,0,8,0,39.9321,-75.2165, , 
 ,54301,2013121240,6,67,67301,2013,12,2,743,7,1,1,0,4,1, , ,N,0,0,0,3,0,0,2,2,N,N,40 00:28.461,75 09:05.531,747, ,745, ,0, ,N, ,0, , , , , ,604773, , , ,2,1,0,0,0,0,1,0,0,0,0,0,0,0,0,0,0,0,0,0,0,0,0,0,0,0,0,0,0,0,0,0,0,0,0,0,0,40.0079,-75.1515, , 
 ,54302,2013125928,6,67,67301,2013,11,2,834,8,1,1,0,1,1, , ,N,0,0,0,3,0,3,4,2,N,N,40 03:18.108,75 05:25.001,844, ,834, ,0, , , ,0, , , , , ,604775, , , ,2,2,0,0,0,0,0,0,0,0,0,1,3,2,0,0,0,0,0,0,0,0,0,1,0,0,0,0,0,0,0,0,0,0,0,4,0,40.055,-75.0903, , 
 ,54303,2014006319,6,67,67301,2013,12,5,901,9,1,1,0,4,1, , ,N,1,3,0,3,0,1,3,2,N, ,40 01:01.160,75 08:15.536,915, ,901, ,0, , , ,3, , , , , ,604789, , , ,2,2,0,0,0,0,0,0,0,0,0,0,1,1,0,0,0,0,0,0,0,0,0,0,0,0,0,0,0,0,0,0,0,0,0,8,0,40.017,-75.1376, , 
 ,54304,2014013113,6,67,67301,2013,12,3,9999,99,3,1,0,4,1, , ,N,1,2,0,3,0,4,5,2,N,N,39 57:34.444,75 11:49.297,2240, ,2238, ,0, ,N, ,3, , , , , ,604791, , , ,2,2,0,0,0,0,0,0,0,0,0,3,4,1,0,0,0,0,0,0,1,0,0,0,0,0,0,0,0,0,0,0,0,0,0,4,0,39.9596,-75.197, , 
 ,54305,2013111743,6,67,67301,2013,10,6,1630,16,1,2,1,1,1, , ,N,1,2,0,3,0,3,4,3,N, ,39 59:49.087,75 07:02.700,1630, ,1630, ,0, , , ,3, , , , , ,594563, , , ,3,2,0,0,0,1,0,0,0,0,0,3,3,0,0,0,0,0,0,0,1,0,0,0,0,0,0,0,0,0,0,0,0,0,0,4,1,39.997,-75.1174, , 
 ,54306,2013055545,6,67,67301,2013,5,1,108,1,3,2,1,0,3, , ,N,0,0,0,3,0,0,1,1,N, ,39 54:40.351,75 14:33.439,108, ,108, ,0, , , ,0, , , , , ,594567, , , ,1,1,0,0,0,0,0,0,0,0,0,0,0,0,0,0,0,0,0,0,0,0,0,0,0,0,0,0,0,0,0,0,0,0,0,0,0,39.9112,-75.2426, , 
 ,54307,2013058198,6,46,46108,2013,6,5,1308,13,1,1,0,4,1, , ,N,1,2,0,3,0,4,5,2,N,N,40 05:09.951,75 12:42.717,1308, ,1308,2,1,2,N, ,3,N, , , , ,594570, , , ,2,2,0,0,0,0,0,0,0,0,0,0,4,4,0,0,0,0,0,0,2,0,0,0,0,0,0,0,0,0,0,0,0,0,0,8,0,40.0861,-75.2119, , 
 ,54308,2013065443,6,67,67301,2013,5,4,1523,15,1,1,0,4,1, , ,N,1,2,0,3,0,1,2,2,N,N,40 03:41.901,75 14:11.684,1528, ,1524, ,0, , , ,3, , , , , ,594576, , , ,2,2,0,0,0,0,0,0,0,0,1,0,1,0,0,0,0,0,0,0,0,0,1,0,0,0,0,0,0,0,0,0,0,0,0,3,0,40.0616,-75.2366, , 
 ,54309,2013111776,6,67,67301,2013,10,1,907,9,1,1,0,1,2, , ,N,1,2,0,3,0,1,4,3,N,N,39 57:26.825,75 12:14.936,913, ,910, ,0, ,N, ,3, , , , , ,594589, , , ,3,1,0,0,1,0,1,0,0,0,0,0,1,1,0,0,0,0,0,0,1,0,0,0,0,0,0,0,0,0,0,0,0,0,0,8,0,39.9574,-75.2041, , 
 ,54310,2013121482,6,67,67301,2013,10,6,2330,23,3,1,0,5,6, , ,N,0,0,0,3,0,0,1,3,N,N,39 59:05.920,75 08:29.990,20, ,15,2,1,1,N, ,0,Y, , , , ,594597, , , ,3,2,0,0,0,0,1,0,0,0,0,0,0,0,1,0,0,0,0,0,0,0,0,0,0,0,0,0,0,0,0,0,0,0,0,9,0,39.985,-75.1417, , 
 ,54311,2013122069,6,67,67301,2013,10,3,1600,16,1,1,0,1,1, , ,N,0,0,0,3,0,0,2,2,N,N,40 04:14.916,75 02:17.545,1652, ,1646, ,0, , , ,0, , , , , ,594598, , , ,2,1,0,0,1,0,0,0,0,0,0,0,0,0,0,0,0,0,0,0,0,0,0,2,0,0,0,0,0,0,0,0,0,0,0,0,0,40.0708,-75.0382, , 
 ,54312,2013122938,6,67,67301,2013,11,6,1700,17,1,1,0,4,1, , ,N,0,0,7,3,0,2,2,2,N,N,40 00:00.861,75 09:11.127,1556, ,1548, ,0, ,N, ,0, , , , , ,594599, , , ,2,2,0,0,0,0,0,0,0,0,0,0,2,2,0,0,0,0,0,0,0,0,0,0,0,0,0,0,0,0,0,0,0,0,0,8,0,40.0002,-75.1531, , 
 ,54313,2013123544,6,67,67301,2013,10,5,1603,16,1,1,0,1,1, , ,N,1,2,0,3,0,1,2,2,N, ,39 57:03.700,75 11:50.121,1605, ,1603, ,0, , , ,3, , , , , ,594601, , , ,2,2,0,0,0,0,0,0,0,0,0,0,1,1,0,0,0,0,0,0,0,0,0,0,0,0,0,0,0,0,0,0,0,0,0,8,0,39.951,-75.1973, , 
 ,54314,2013124821,6,67,67301,2013,11,3,2222,22,3,2,1,7,3, , ,N,0,0,0,3,0,0,2,1,N,N,39 56:15.708,75 11:54.473,2222, ,2222,1,1,3,N, ,0,N, , , , ,594603, , , ,1,1,0,0,0,0,0,0,0,0,0,0,0,0,0,0,0,0,0,1,0,0,0,0,0,0,0,0,0,0,0,0,0,0,0,0,0,39.9362,-75.1996, , 
 ,54315,2013130242,6,67,67301,2013,12,3,2307,23,3,1,0,7,2, , ,N,0,0,0,3,0,1,2,1,N,N,39 59:10.986,75 05:30.431,2317, ,2308,2,1,2,N, ,0,N, , , , ,594612, , , ,1,1,0,0,0,0,0,0,0,0,0,1,1,0,0,0,0,0,0,0,0,0,0,1,0,0,0,0,0,0,0,0,0,0,0,4,0,39.9863,-75.0919, , 
 ,54316,2014009853,6,67,67301,2013,12,2,2022,20,3,2,1,5,1, , ,N,0,0,0,3,0,0,4,2,N,N,40 01:19.617,75 08:15.276,2024, ,2023,1,2,1,N, ,0,Y, , , , ,594618, , , ,2,2,0,0,0,0,0,0,0,0,0,0,0,0,0,0,0,0,0,0,0,0,0,0,0,0,0,0,0,0,0,0,0,0,0,0,0,40.0221,-75.1376, , 
 ,54317,2014025897,6,67,67301,2013,12,4,2220,22,3,1,0,4,1, , ,N,1,2,0,3,0,1,2,2,N,N,40 04:51.077,75 01:43.585,2242, ,2237, ,0, , , ,3, , , , , ,594619, , , ,2,2,0,0,0,0,0,0,0,0,0,1,1,0,0,0,0,0,0,0,0,1,0,0,0,0,0,0,0,0,0,0,0,0,0,4,0,40.0809,-75.0288, , 
 ,54318,2014000560,6,67,67301,2013,12,2,740,7,1,1,0,7,2, , ,N,0,0,0,3,0,0,1,1,N,N,39 55:58.242,75 12:00.129,759, ,742,1,1,4,N, ,0,Y, , , , ,594658, , , ,1,1,0,0,0,0,0,0,0,0,0,0,0,0,0,0,0,0,0,0,0,0,0,0,0,0,0,0,0,0,0,0,0,0,0,0,0,39.9328,-75.2, , 
 ,54319,2014002767,6,67,67301,2013,12,5,1650,16,3,1,1,4,1, , ,N,1,3,0,3,0,1,3,3,N,N,40 03:01.335,75 04:59.933,1718, ,1706,1,1,2,N, ,3,N, , , , ,594659, , , ,3,3,0,0,0,0,0,0,0,0,0,1,1,0,0,0,0,0,0,1,0,0,0,0,0,0,0,0,0,0,0,0,0,0,0,4,0,40.0504,-75.0833, , 
 ,54320,2014006909,6,67,67301,2013,12,6,2242,22,3,1,1,1,1, , ,N,2,2,0,3,0,0,3,2,N,N,39 55:05.910,75 12:31.905,2244, ,2244, ,0, ,N, ,3, , , , , ,594661, , , ,2,1,0,0,0,0,1,0,0,0,0,0,0,0,0,0,0,0,1,0,1,0,0,0,0,0,0,0,0,0,0,0,0,0,0,0,0,39.9182,-75.2088, , 
 ,54321,2014000997,6,67,67301,2013,12,1,1030,10,1,4,1,8,1, , ,N,1,0,0,3,0,1,2,2,N, ,39 55:38.342,75 11:33.322,1830, ,1825, ,0, , , ,0, , , , , ,594694, , , ,1,1,0,0,0,0,0,0,0,0,0,0,1,1,0,0,0,0,0,0,0,0,0,0,0,0,0,0,0,0,0,0,1,0,0,8,0,39.9273,-75.1926, , 
 ,54322,2014001074,6,67,67301,2013,11,4,1943,19,3,1,0,5,1, , ,N,2,2,0,3,0,3,3,2,N,N,39 59:15.701,75 12:58.133,1956, ,1952,3,2,5, , ,3,N, , , , ,594695, , , ,2,2,0,0,0,0,0,0,0,0,0,3,3,0,0,0,0,0,0,1,0,0,0,0,0,0,0,0,0,0,0,0,0,0,0,4,0,39.9877,-75.2161, , 
 ,54323,2013077516,6,67,67301,2013,7,4,9999,99,1,1,0,8,1, , ,N,1,2,0,3,0,1,2,2,N,N,40 02:06.731,75 08:43.670,1358, ,1358, ,0, ,N, ,3, , , , , ,597285, , , ,1,1,0,0,0,0,0,0,0,0,1,0,1,0,0,0,0,0,0,0,0,0,0,1,0,0,0,0,0,0,0,0,1,0,0,3,0,40.0352,-75.1455, , 
N,54324,2013078976,6,67,67301,2013,8,5,2154,21,3,1,0,7,1,1,4,Y,0,0,0,3,0,1,1,1,N,N,40 01:31.370,75 01:44.088,2158,45,2154,2,2,5,N, ,0,N,N,N,N,N,597288,N,N,Y,1,1,0,0,0,0,0,0,0,0,0,0,1,1,0,0,0,0,0,0,0,0,0,0,0,0,0,0,0,0,0,0,0,0,0,8,0,40.0254,-75.0289, , 
 ,54325,2013079502,6,67,67301,2013,7,6,1700,17,1,1,0,4,2, , ,N,2,3,0,3,0,1,2,2,N,N,40 01:14.581,75 08:49.603,1840, ,1840, ,0, ,N, ,3, , , , , ,597289, , , ,1,1,0,0,0,0,0,0,1,0,0,1,1,0,0,0,0,0,0,1,0,0,0,0,0,0,0,0,0,0,0,0,0,0,0,4,0,40.0207,-75.1471, , 
 ,54326,2013086776,6,67,67301,2013,7,7,138,1,3,1,0,5,1, , ,N,1,2,0,3,0,0,1,2,N, ,39 56:17.761,75 10:12.111,142, ,140, ,0, , , ,3, , , , , ,597297, , , ,2,0,0,0,0,0,0,2,0,0,0,0,0,0,0,0,0,0,0,0,0,0,0,0,0,0,0,0,0,0,0,0,0,0,0,0,0,39.9383,-75.17, , 
 ,54327,2013121460,6,67,67301,2013,10,6,1309,13,1,2,1,1,1, , ,N,0,0,0,3,0,0,5,3,N,N,40 06:49.768,74 59:14.924,1312, ,1309,2,1,4,N, ,0,N, , , , ,597325, , , ,3,1,0,0,0,0,2,0,0,0,0,0,0,0,0,0,0,0,0,0,0,0,0,0,0,0,0,0,0,0,0,0,0,0,0,0,0,40.1138,-74.9875, , 
 ,54328,2013094779,6,67,67301,2013,1,1,1400,14,1,1,0,1,1, , ,N,1,3,0,3,0,1,2,2,N,N,40 01:48.784,75 10:13.040,0, ,0, ,0, ,N, ,3, , , , , ,597334, , , ,2,2,0,0,0,0,0,0,0,0,0,0,1,1,1,0,0,0,0,0,1,0,0,0,0,0,0,0,0,0,0,0,0,0,0,8,0,40.0302,-75.1703, , 
 ,54329,2013101803,6,67,67301,2013,9,4,1947,19,3,1,0,4,1, , ,N,1,2,0,3,0,1,3,2,N,N,39 55:59.902,75 08:36.154,1951, ,1948, ,0, ,N, ,3, , , , , ,597341, , , ,2,2,0,0,0,0,0,0,0,0,0,0,1,1,0,0,0,0,0,0,0,1,1,0,0,0,0,0,0,0,0,0,0,0,0,8,0,39.9333,-75.1434, , 
 ,54330,2013079972,6,67,67301,2013,7,2,525,5,1,1,0,8,6, , ,N,0,0,0,3,0,1,3,2,N,N,39 57:15.663,75 11:09.247,528, ,527, ,0, ,N, ,0, , , , , ,597378, , , ,1,0,0,0,1,0,0,0,0,0,1,0,1,0,0,0,0,0,0,0,1,0,0,0,0,0,0,0,0,0,0,0,1,0,0,3,0,39.9544,-75.1859, , 
 ,54331,2013070126,6,67,67301,2013,6,5,936,9,1,1,0,4,1, , ,N,0,0,7,3,0,1,2,2,N, ,39 58:13.042,75 11:23.226,1011, ,1006, ,0, , , ,0, , , , , ,597442, , , ,1,1,0,0,0,0,0,0,1,0,0,1,1,0,0,0,0,0,0,0,1,0,0,0,0,0,0,0,0,0,0,0,0,0,0,4,0,39.9703,-75.1898, , 
 ,54332,2013093150,6,67,67301,2013,8,3,2212,22,3,1,0,1,2, , ,N,0,0,0,3,0,1,2,2,N,N,39 59:43.285,75 09:28.036,2220, ,2212, ,0, , , ,0, , , , , ,597456, , , ,2,1,0,0,0,0,0,0,0,0,0,0,1,1,0,0,0,0,0,0,1,0,0,0,0,0,0,0,0,0,0,0,0,0,0,8,0,39.9954,-75.1578, , 
Y,54333,2013099765,6,67,67301,2013,9,3,630,6,5,1,0,1,1,1,5,Y,0,0,0,3,0,1,3,2,N,N,39 54:45.301,75 08:54.342,638,55,633,2,1,1,N, ,0,N,N,N,N,N,597464,N,N,N,2,0,0,0,0,0,2,0,0,0,0,1,1,0,0,0,0,0,0,0,2,0,0,0,0,0,0,0,0,0,0,0,0,0,0,4,0,39.9125,-75.1485, , 
 ,54334,2013109402,6,67,67301,2013,9,1,2250,22,3,1,0,2,1, , ,N,0,0,0,3,0,1,2,2,N,N,40 01:11.377,75 06:37.558,2300, ,2258, ,0, ,N, ,0, , , , , ,597490, , , ,2,1,0,0,1,0,0,0,0,0,0,1,1,0,0,0,0,0,0,0,0,0,0,0,0,0,0,0,0,0,0,0,0,0,0,4,0,40.0198,-75.1104, , 
 ,54335,2013125901,6,67,67301,2013,11,4,900,9,1,1,0,1,1, , ,N,0,2,0,3,0,0,2,2,N,N,40 06:40.310,74 59:30.215,910, ,904, ,0, ,N, ,3, , , , , ,597500, , , ,2,1,0,0,0,0,1,0,0,0,0,0,0,0,0,0,0,0,0,0,0,0,0,0,0,0,0,0,0,0,0,0,0,0,0,0,0,40.1112,-74.9917, , 
 ,54336,2013114469,6,67,67301,2013,10,1,115,1,3,1,0,4,1, , ,N,1,3,0,3,0,2,5,2,N,N,39 59:42.619,75 10:21.266,212, ,207, ,0, ,N, ,3, , , , , ,597532, , , ,2,1,0,0,0,0,0,1,0,0,0,0,2,2,0,0,1,0,0,0,0,0,0,1,0,0,0,0,0,0,0,0,0,0,0,8,0,39.9952,-75.1726, , 
 ,54337,2014114451,6,67,67301,2013,4,7,1415,14,1,1,0,1,1, , ,N,5,2,1,3,0,3,4,2,N,N,39 59:05.314,75 07:55.909,0, ,0, ,0, ,N, ,3, , , , , ,597551, , , ,2,0,0,0,0,0,1,0,0,0,1,0,3,2,0,0,0,0,0,0,0,0,0,0,0,0,0,0,0,0,0,0,0,0,0,3,0,39.9848,-75.1322, , 
 ,54338,2013130117,6,67,67301,2013,11,5,1801,18,3,1,0,5,1, , ,N,1,2,0,3,0,1,3,2,N,N,39 59:17.883,75 15:14.303,1836, ,1830,2,1,4,N, ,3,Y, , , , ,597566, , , ,2,0,0,0,0,0,2,0,0,0,0,1,1,0,0,0,0,0,0,0,1,0,0,0,0,0,0,0,0,0,0,0,0,0,0,4,0,39.9883,-75.254, , 
 ,54339,2013130122,6,67,67301,2013,8,6,1910,19,1,1,0,4,1, , ,N,1,2,0,3,0,1,4,2,N,N,39 59:28.296,75 07:58.428,1930, ,1920, ,0, ,N, ,3, , , , , ,597567, , , ,1,1,0,0,0,0,0,0,1,0,0,1,1,0,0,0,0,0,0,0,0,0,0,0,0,0,0,0,0,0,0,0,0,0,0,4,0,39.9911,-75.1329, , 
 ,54340,2013101204,6,67,67301,2013,9,1,1700,17,1,1,0,4,1, , ,N,1,3,0,3,0,2,3,3,N,N,40 00:58.240,75 07:53.032,1705, ,1700, ,0, ,N, ,3, , , , , ,597571, , , ,1,0,0,0,0,0,0,1,2,0,0,2,2,0,0,0,0,0,0,0,1,0,0,0,0,0,0,0,0,0,0,0,0,0,0,4,0,40.0162,-75.1314, , 
 ,54341,2013125393,6,67,67301,2013,11,1,2352,23,3,1,0,1,1, , ,N,6,0,0,3,0,1,7,3,N,N,39 56:25.953,75 08:35.263,0, ,2353,2,1,1,N, ,0,N, , , , ,600602, , , ,3,0,0,0,0,0,2,1,0,0,1,0,1,0,0,0,0,0,0,0,0,0,0,1,0,0,0,0,0,0,0,0,0,0,0,3,0,39.9404,-75.1431, , 
 ,54342,2014010177,6,67,67301,2013,12,7,223,2,3,1,0,5,1, , ,N,0,0,0,3,0,2,3,3,N,N,39 59:31.476,75 12:07.609,233, ,224,2,1,3,N, ,0,N, , , , ,600612, , , ,3,3,0,0,0,0,0,0,0,0,0,2,2,0,0,0,0,0,0,0,0,0,0,2,0,0,0,0,0,0,0,0,0,0,0,4,0,39.9921,-75.2021, , 
 ,54343,2013125909,6,67,67301,2013,11,5,750,7,1,1,0,4,1, , ,N,5,2,0,3,0,0,3,2,N,N,40 02:30.909,75 04:29.910,756, ,754, ,0, , , ,3, , , , , ,600615, , , ,2,2,0,0,0,0,0,0,0,0,0,0,0,0,0,0,0,0,0,0,0,0,0,0,0,0,0,0,0,0,0,0,0,0,0,0,0,40.0419,-75.075, , 
 ,54344,2014002744,6,67,67301,2013,11,4,1520,15,1,2,1,4,1, , ,N,1,2,0,3,0,2,5,2,N,N,39 56:19.532,75 13:36.735,1526, ,1520, ,0, ,N, ,3, , , , , ,600623, , , ,2,1,0,0,0,0,1,0,0,0,0,0,2,2,0,0,0,0,0,0,0,1,0,0,0,0,0,0,0,0,0,0,0,0,0,8,0,39.9388,-75.2269, , 
 ,54345,2014000547,6,67,67301,2013,12,1,1106,11,1,4,5,5,1, , ,N,0,0,0,3,0,1,3,3,N,N,39 56:31.730,75 08:34.741,1110, ,1106,2,2,1,N, ,0,N, , , , ,600627, , , ,3,3,0,0,0,0,0,0,0,0,0,1,1,0,0,0,0,0,0,0,1,0,0,1,0,0,0,0,0,0,0,0,0,0,0,4,0,39.942,-75.143, , 