wz_ln_closure,objectid_1,crn,district,county,municipality,crash_year,crash_month,day_of_week,time_of_day,hour_of_day,illumination,weather,road_condition,collision_type,relation_to_road,work_zone_type,work_zone_loc,work_zone_ind,intersect_type,tcd_type,location_type,urban_rural,fatal_count,injury_count,person_count,total_units,sch_bus_ind,sch_zone_ind,latitude,longitude,arrival_tm,cons_zone_spd_lim,dispatch_tm,est_hrs_closed,lane_closed,ln_close_dir,ntfy_hiwy_maint,spec_juris_cd,tcd_func_cd,tfc_detour_ind,workers_pres,wz_close_detour,wz_flagger,wz_law_offcr_ind,objectid,wz_moving,wz_other,wz_shlder_mdn,vehicle_count,automobile_count,motorcycle_count,bus_count,small_truck_count,heavy_truck_count,suv_count,van_count,bicycle_count,maj_inj_count,mod_inj_count,min_inj_count,tot_inj_count,unk_inj_deg_count,unk_inj_per_count,driver_count_16yr,driver_count_17yr,driver_count_18yr,driver_count_19yr,driver_count_20yr,driver_count_50_64yr,driver_count_65_74yr,driver_count_75plus,unbelted_occ_count,unb_death_count,unb_maj_inj_count,belted_death_count,belted_maj_inj_count,mcycle_death_count,mcycle_maj_inj_count,bicycle_death_count,bicycle_maj_inj_count,ped_count,ped_death_count,ped_maj_inj_count,max_severity_level,comm_veh_count,dec_lat,dec_long,rdwy_surf_type_cd,county_name
 ,54412,2013101206,6,67,67301,2013,9,6,430,4,3,2,1,7,4, , ,N,0,0,0,3,0,1,2,1,N, ,39 55:46.224,75 14:36.180,9999, ,434, ,0, ,N, ,0, , , , , ,597825, , , ,1,1,0,0,0,0,0,0,0,0,0,1,1,0,0,0,0,0,0,0,0,0,0,1,0,0,0,0,0,0,0,0,0,0,0,4,0,39.9295,-75.2434, , 
 ,54413,2013106722,6,67,67301,2013,9,6,1744,17,1,1,0,5,6, , ,N,0,0,0,3,0,0,2,3,N,N,39 56:03.462,75 10:07.035,1747, ,1746, ,0, ,N, ,0, , , , , ,597830, , , ,3,1,0,0,0,0,0,2,0,0,0,0,0,0,0,0,0,0,0,0,0,0,0,0,0,0,0,0,0,0,0,0,0,0,0,0,0,39.9343,-75.1686, , 
 ,54414,2013125943,6,67,67301,2013,11,7,1043,10,1,1,0,4,1, , ,N,0,0,7,3,0,0,2,2,N,N,39 58:18.869,75 07:32.398,1050, ,1047, ,0, ,N, ,0, , , , , ,600715, , , ,2,2,0,0,0,0,0,0,0,0,0,0,0,0,0,0,0,0,0,0,2,0,0,0,0,0,0,0,0,0,0,0,0,0,0,0,0,39.9719,-75.1257, , 
 ,54415,2014006831,6,67,67301,2013,12,6,2030,20,3,2,1,8,1, , ,N,1,2,0,3,0,1,2,2,N,N,39 58:28.020,75 15:13.168,1815, ,1812, ,0, ,N, ,3, , , , , ,600727, , , ,1,1,0,0,0,0,0,0,0,0,0,1,1,0,0,0,0,0,0,0,0,0,0,0,0,0,0,0,0,0,0,0,1,0,0,4,0,39.9745,-75.2537, , 
 ,54416,2013053127,6,67,67301,2013,4,7,9999,99,1,1,0,8,1, , ,N,2,0,0,3,0,1,2,2,N,N,39 57:16.106,75 09:21.866,1230, ,1220, ,0, ,N, ,0, , , , , ,600729, , , ,1,0,0,0,0,0,1,0,0,0,0,0,1,1,0,0,0,0,0,0,0,0,0,0,0,0,0,0,0,0,0,0,1,0,0,8,0,39.9545,-75.1561, , 
 ,54417,2013055835,6,67,67301,2013,5,7,1320,13,1,1,0,1,1, , ,N,2,3,0,3,0,4,5,2,N, ,39 58:20.366,75 09:07.934,1338, ,1325, ,0, , , ,3, , , , , ,600732, , , ,2,2,0,0,0,0,0,0,0,0,0,0,4,4,0,0,0,0,0,0,1,0,0,5,0,0,0,0,0,0,0,0,0,0,0,8,0,39.9723,-75.1522, , 
 ,54418,2013125947,6,67,67301,2013,11,5,2335,23,3,1,0,4,1, , ,N,1,2,0,3,0,1,2,2,N,N,39 56:49.562,75 08:46.924,2341, ,2339, ,0, , , ,3, , , , , ,600748, , , ,2,1,0,0,0,0,1,0,0,0,0,1,1,0,0,0,0,0,0,0,0,0,0,0,0,0,0,0,0,0,0,0,0,0,0,4,0,39.9471,-75.1464, , 
 ,54419,2013129448,6,67,67301,2013,11,1,1528,15,1,1,0,5,1, , ,N,2,0,7,3,0,3,3,2,N,N,39 58:27.676,75 12:06.216,1533, ,1530, ,0, ,N, ,0, , , , , ,600753, , , ,2,1,0,0,0,0,1,0,0,0,0,0,3,3,0,0,0,0,0,0,1,0,0,0,0,0,0,0,0,0,0,0,0,0,0,8,0,39.9744,-75.2017, , 
 ,54420,2014009638,6,67,67301,2013,12,1,2115,21,3,1,0,4,1, , ,N,0,0,7,3,0,1,2,3,N,N,40 02:49.220,75 08:34.810,2130, ,2123, ,0, ,N, ,0, , , , , ,600763, , , ,3,1,0,0,0,0,2,0,0,0,0,0,1,1,0,0,0,0,0,0,0,0,0,0,0,0,0,0,0,0,0,0,0,0,0,8,0,40.047,-75.143, , 
 ,54421,2013093044,6,67,67301,2013,8,4,1702,17,1,1,0,8,1, , ,N,0,0,0,3,0,1,2,2,N,N,40 00:31.564,75 08:39.184,1712, ,1705,1,1,1,N, ,0,N, , , , ,600781, , , ,1,0,0,0,1,0,0,0,0,0,0,0,1,1,1,0,0,0,0,0,0,0,0,0,0,0,0,0,0,0,0,0,1,0,0,8,0,40.0088,-75.1442, , 
 ,54422,2013101777,6,67,67301,2013,9,1,1620,16,1,1,0,0,1, , ,N,0,0,7,3,0,1,1,1,N,N,40 03:30.636,75 10:42.302,1634, ,1628, ,0, ,N, ,0, , , , , ,600793, , , ,1,0,1,0,0,0,0,0,0,0,0,1,1,0,0,0,0,0,0,0,0,0,0,0,0,0,0,0,0,0,0,0,0,0,0,4,0,40.0585,-75.1784, , 
 ,54423,2013096454,6,67,67301,2013,8,3,2250,22,3,1,0,4,1, , ,N,2,2,0,3,0,1,2,2,N, ,39 58:14.012,75 08:59.857,2324, ,2322, ,0, , , ,3, , , , , ,600801, , , ,2,1,0,0,1,0,0,0,0,0,0,1,1,0,0,0,0,0,0,0,1,0,0,0,0,0,0,0,0,0,0,0,0,0,0,4,0,39.9704,-75.15, , 
 ,54424,2013098853,6,67,67301,2013,9,1,56,0,2,2,1,1,1, , ,N,0,0,0,3,0,0,10,2,N,N,40 00:25.022,75 11:55.702,125, ,120,2,1,4,N, ,0,Y, , , , ,600805, , , ,2,2,0,0,0,0,0,0,0,0,0,0,0,0,0,0,0,0,0,0,0,0,0,0,0,0,0,0,0,0,0,0,0,0,0,0,0,40.007,-75.1988, , 
 ,54425,2013106857,6,67,67301,2013,10,7,27,0,3,1,0,1,1, , ,N,0,0,0,3,0,0,4,2,N,N,39 58:19.890,75 11:36.428,27, ,27,1,2,4,N, ,0,N, , , , ,600809, , , ,2,1,0,0,1,0,0,0,0,0,0,0,0,0,0,0,0,0,0,0,0,0,0,0,0,0,0,0,0,0,0,0,0,0,0,0,0,39.9722,-75.1935, , 
 ,54426,2013114450,6,67,67301,2013,10,3,1358,13,1,1,0,4,1, , ,N,1,2,0,3,0,0,3,2,N,N,39 57:36.054,75 09:55.036,1405, ,1400, ,0, ,N, ,3, , , , , ,600813, , , ,2,2,0,0,0,0,0,0,0,0,0,0,0,0,0,0,0,0,0,0,0,0,0,0,0,0,0,0,0,0,0,0,0,0,0,0,0,39.96,-75.1653, , 
 ,54427,2013079488,6,67,67301,2013,7,4,9999,99,1,1,0,4,1, , ,N,1,0,0,3,0,1,2,2,N,N,39 57:31.363,75 09:43.712,1517, ,1515, ,0, , , ,0, , , , , ,600821, , , ,1,1,0,0,0,0,0,0,1,0,0,1,1,0,1,0,0,0,0,0,0,0,0,0,0,0,0,0,0,0,0,0,0,0,0,4,0,39.9587,-75.1621, , 
 ,54428,2013125398,6,67,67301,2013,12,1,425,4,3,1,0,7,4, , ,N,0,0,0,3,0,1,1,1,N,N,39 59:02.329,75 05:48.907,435, ,427,2,2,2,N, ,0,Y, , , , ,600856, , , ,1,1,0,0,0,0,0,0,0,0,0,1,1,0,0,0,0,0,0,0,0,0,0,0,0,0,0,0,0,0,0,0,0,0,0,4,0,39.984,-75.0969, , 
 ,54429,2013129493,6,67,67301,2013,11,1,1020,10,1,1,0,4,1, , ,N,1,3,0,3,0,0,2,2,N,N,40 01:34.089,75 12:39.963,1038, ,1033, ,0, ,N, ,3, , , , , ,600859, , , ,2,1,0,0,0,0,1,0,0,0,0,0,0,0,0,0,0,0,0,0,0,0,0,0,0,0,0,0,0,0,0,0,0,0,0,0,0,40.0261,-75.2111, , 
 ,54430,2014002833,6,67,67301,2013,11,6,9999,99,3,1,0,5,1, , ,N,0,2,0,3,0,2,4,2,N, ,40 01:47.638,75 06:14.160,9999, ,9999, ,0, , , ,3, , , , , ,600863, , , ,2,2,0,0,0,0,0,0,0,1,0,1,2,0,0,0,0,0,0,0,0,0,0,0,0,0,0,0,0,0,0,0,0,0,0,2,0,40.0299,-75.1039, , 
 ,54431,2014009804,6,67,67301,2013,12,6,1655,16,3,2,1,8,1, , ,N,1,3,0,3,0,1,2,2,N,N,40 02:00.243,75 10:31.748,1659, ,1657, ,0, ,N, ,3, , , , , ,600865, , , ,1,1,0,0,0,0,0,0,0,0,0,1,1,0,0,0,0,0,0,0,0,0,0,0,0,0,0,0,0,0,0,0,1,0,0,4,0,40.0334,-75.1755, , 
 ,54432,2013110711,6,67,67301,2013,10,2,900,9,1,2,1,4,1, , ,N,0,0,7,3,0,0,2,2,N,N,40 05:11.930,75 02:09.871,920, ,915, ,0, ,N, ,0, , , , , ,600881, , , ,2,1,0,0,0,1,0,0,0,0,0,0,0,0,0,0,0,0,0,0,1,0,0,0,0,0,0,0,0,0,0,0,0,0,0,0,0,40.0866,-75.0361, , 
 ,54433,2013093232,6,67,67301,2013,8,6,1417,14,1,1,0,4,1, , ,N,0,0,0,3,0,0,5,3,N,N,40 00:18.026,75 13:05.496,1420, ,1418,1,1,2,N, ,0,Y, , , , ,603986, , , ,3,1,0,0,0,0,2,0,0,0,0,0,0,0,0,0,0,0,0,0,1,0,0,0,0,0,0,0,0,0,0,0,0,0,0,0,0,40.005,-75.2182, , 
 ,54434,2013101282,6,67,67301,2013,9,2,1845,18,3,1,0,4,1, , ,N,1,3,0,3,0,0,3,2,N,N,40 00:43.110,75 11:21.382,1922, ,1920, ,0, ,N, ,3, , , , , ,603992, , , ,2,1,0,0,0,0,1,0,0,0,0,0,0,0,0,0,0,0,0,0,0,0,0,0,0,0,0,0,0,0,0,0,0,0,0,0,0,40.012,-75.1893, , 
 ,54435,2013106777,6,67,67301,2013,9,2,9999,99,1,1,0,4,1, , ,N,1,3,0,3,0,2,2,2,N,N,39 56:02.979,75 10:38.557,1118, ,1113,9,1,1, , ,3,N, , , , ,603996, , , ,2,1,0,0,0,0,1,0,0,0,0,0,2,2,0,0,0,0,0,0,0,0,0,0,0,0,0,0,0,0,0,0,0,0,0,8,0,39.9342,-75.1774, , 
 ,54436,2013124662,6,67,67301,2013,11,2,1145,11,1,1,0,4,1, , ,N,1,2,0,3,0,1,3,2,N,N,40 03:11.919,75 08:21.649,1148, ,1147, ,0, ,N, ,3, , , , , ,604063, , , ,2,2,0,0,0,0,0,0,0,0,0,0,1,1,0,0,0,0,0,0,0,0,0,0,0,0,0,0,0,0,0,0,0,0,0,8,0,40.0533,-75.1393, , 
 ,54437,2013106609,6,67,67301,2013,9,3,815,8,1,1,0,8,1, , ,N,1,2,0,3,0,1,2,2,N, ,39 56:39.994,75 12:35.078,837, ,830, ,0, , , ,3, , , , , ,604094, , , ,1,1,0,0,0,0,0,0,0,0,0,1,1,0,0,0,0,0,0,0,0,0,0,0,0,0,0,0,0,0,0,0,1,0,0,4,0,39.9444,-75.2097, , 
 ,54438,2013108636,6,67,67301,2013,10,6,822,8,1,1,0,1,1, , ,N,0,0,0,3,0,0,3,3,N,N,39 57:35.543,75 10:40.070,822, ,822,2,1,4,N, ,0,N, , , , ,604097, , , ,3,1,0,0,2,0,0,0,0,0,0,0,0,0,3,0,0,0,0,0,1,0,0,0,0,0,0,0,0,0,0,0,0,0,0,9,0,39.9599,-75.1778, , 
 ,54439,2013126633,6,67,67301,2013,12,1,1506,15,1,4,3,1,1, , ,N,0,0,0,3,0,2,4,2,N,N,39 59:49.674,75 04:55.874,1534, ,1511, ,0, ,N, ,0, , , , , ,604110, , , ,2,1,0,0,0,0,1,0,0,0,0,0,2,2,0,0,0,1,0,0,0,0,0,0,0,0,0,0,0,0,0,0,0,0,0,8,0,39.9971,-75.0822, , 
 ,54440,2013106683,6,67,67301,2013,9,2,615,6,5,1,0,8,1, , ,N,5,2,0,3,0,1,2,2,N,N,40 01:53.383,75 03:47.425,625, ,617, ,0, ,N, ,3, , , , , ,604121, , , ,1,0,0,0,0,0,1,0,0,0,0,1,1,0,0,0,0,0,0,0,0,0,0,0,0,0,0,0,0,0,0,0,1,0,0,4,0,40.0316,-75.0633, , 
 ,54441,2013101269,6,67,67301,2013,9,2,2338,23,3,1,0,8,5, , ,N,1,2,0,3,0,1,2,2,N, ,39 55:20.731,75 13:23.335,2345, ,2338, ,0, , , ,3, , , , , ,604122, , , ,1,0,0,0,0,0,0,1,0,0,0,1,1,0,1,0,0,0,0,0,0,0,0,0,0,0,0,0,0,0,0,0,1,0,0,4,0,39.9224,-75.2231, , 
 ,54442,2013111757,6,67,67301,2013,10,6,1450,14,1,2,1,4,1, , ,N,1,0,0,3,0,1,2,2,N, ,39 57:31.298,75 09:01.234,1500, ,1450, ,0, , , ,0, , , , , ,604130, , , ,2,1,0,0,0,0,1,0,0,0,0,1,1,0,0,0,0,0,0,0,0,0,0,0,0,0,0,0,0,0,0,0,0,0,0,4,0,39.9587,-75.1503, , 
 ,54443,2013124624,6,67,67301,2013,11,1,9999,99,1,1,0,6,2, , ,N,0,0,0,3,0,2,2,3,N,N,40 03:33.159,75 01:41.916,2010, ,1957, ,0, ,N, ,0, , , , , ,604144, , , ,3,3,0,0,0,0,0,0,0,0,0,2,2,0,0,0,0,0,0,0,0,0,0,0,0,0,0,0,0,0,0,0,0,0,0,4,0,40.0592,-75.0283, , 
 ,54444,2014001048,6,67,67301,2013,11,6,1235,12,1,1,0,5,2, , ,N,0,0,0,3,0,2,2,2,N,N,39 56:39.300,75 13:59.700,1235, ,1235, ,0, ,N, ,0, , , , , ,604158, , , ,2,1,0,0,0,0,1,0,0,0,1,1,2,0,0,0,0,0,0,0,0,0,0,0,0,0,0,0,0,0,0,0,0,0,0,3,0,39.9443,-75.2333, , 
 ,54445,2014009771,6,67,67301,2013,12,3,1702,17,2,1,0,8,1, , ,N,0,0,0,3,0,1,2,2,N,N,39 55:07.748,75 09:32.972,1706, ,1704, ,0, ,N, ,0, , , , , ,604159, , , ,1,1,0,0,0,0,0,0,0,0,0,0,1,1,0,0,0,0,0,0,0,0,0,0,0,0,0,0,0,0,0,0,1,0,0,8,0,39.9188,-75.1592, , 
 ,54446,2014000982,6,67,67301,2013,11,4,121,1,3,2,1,7,5, , ,N,0,0,0,3,0,1,1,1,N,N,40 04:25.039,75 14:14.612,130, ,124, ,0, ,N, ,0, , , , , ,604172, , , ,1,0,0,0,0,0,1,0,0,0,0,1,1,0,0,0,0,0,0,0,0,0,0,0,0,0,0,0,0,0,0,0,0,0,0,4,0,40.0736,-75.2374, , 
 ,54447,2013126534,6,67,67301,2013,11,4,1410,14,1,1,0,5,2, , ,N,0,0,0,3,0,3,3,4,N, ,40 00:49.035,75 08:08.030,9999, ,1408,9,2,2, , ,0,Y, , , , ,604185, , , ,3,1,0,0,1,0,0,1,0,0,3,0,3,0,0,0,0,0,0,0,0,0,0,0,0,0,0,0,0,0,0,0,1,0,0,3,0,40.0136,-75.1356, , 
 ,54448,2013128375,6,67,67301,2013,11,6,1519,15,1,1,0,1,1, , ,N,10,0,0,3,0,0,2,2,N,N,39 59:22.245,75 12:21.743,1538, ,1528, ,0, ,N, ,0, , , , , ,604187, , , ,2,1,0,0,0,0,1,0,0,0,0,0,0,0,0,0,0,0,0,0,1,0,0,0,0,0,0,0,0,0,0,0,0,0,0,0,0,39.9895,-75.206, , 
 ,54449,2013129425,6,67,67301,2013,11,1,1910,19,3,1,0,4,1, , ,N,1,3,0,3,0,2,11,2,N,N,40 07:44.061,75 00:31.316,1940, ,1930, ,0, ,N, ,3, , , , , ,604188, , , ,2,0,0,0,1,0,1,0,0,0,0,2,2,0,0,0,0,0,0,0,1,0,0,0,0,0,0,0,0,0,0,0,0,0,0,4,0,40.1289,-75.0087, , 
 ,54450,2013104408,6,67,67301,2013,9,5,2003,20,3,1,0,1,1, , ,N,0,2,0,3,0,0,2,2,N,N,39 57:05.258,75 09:55.949,2023, ,2009, ,0, ,N, ,3, , , , , ,604200, , , ,2,1,0,0,0,0,1,0,0,0,0,0,0,0,0,0,0,0,0,0,0,0,0,0,0,0,0,0,0,0,0,0,0,0,0,0,0,39.9515,-75.1655, , 
 ,54451,2013090135,6,67,67301,2013,9,5,1340,13,1,1,0,1,1, , ,N,0,0,0,3,0,0,2,2,N,N,39 57:13.603,75 10:53.647,1351, ,1341,1,2,3,N, ,0,N, , , , ,594874, , , ,2,1,0,0,0,0,1,0,0,0,0,0,0,0,0,0,0,0,0,0,1,1,0,0,0,0,0,0,0,0,0,0,0,0,0,0,0,39.9538,-75.1816, , 
 ,54452,2013114487,6,67,67301,2013,10,2,830,8,1,1,0,4,1, , ,N,1,2,0,3,0,1,4,2,N,N,39 55:18.762,75 10:12.564,842, ,840,9,1,1,N, ,3,N, , , , ,594895, , , ,2,1,0,0,0,0,1,0,0,0,0,0,1,1,0,0,0,0,0,0,1,0,0,0,0,0,0,0,0,0,0,0,0,0,0,8,0,39.9219,-75.1702, , 
 ,54453,2013070224,6,67,67301,2013,6,5,1549,15,1,1,0,4,1, , ,N,1,3,0,3,0,4,5,2,N, ,39 59:35.462,75 06:24.911,1600, ,1556, ,0, , , ,3, , , , , ,594910, , , ,2,0,0,0,0,0,0,2,0,0,0,4,4,0,0,0,0,0,0,0,0,0,0,4,0,0,0,0,0,0,0,0,0,0,0,4,0,39.9932,-75.1069, , 
 ,54454,2013093041,6,67,67301,2013,8,4,2144,21,3,1,0,4,1, , ,N,1,2,0,3,0,1,2,2,N,N,39 58:53.480,75 13:26.612,2149, ,2144,1,1,3,N, ,3,N, , , , ,594936, , , ,2,1,1,0,0,0,0,0,0,0,0,1,1,0,0,0,0,0,0,0,0,0,0,0,0,0,0,0,0,0,0,0,0,0,0,4,0,39.9815,-75.2241, , 
 ,54455,2013053926,6,67,67301,2013,5,3,1554,15,1,1,0,1,1, , ,N,0,0,0,3,0,1,4,2,N,N,39 57:53.991,75 11:07.963,1605, ,1557, ,0, ,N, ,0, , , , , ,594956, , , ,2,0,0,0,0,0,2,0,0,0,0,1,1,0,0,0,0,0,0,0,0,0,0,0,0,0,0,0,0,0,0,0,0,0,0,4,0,39.965,-75.1855, , 
 ,54456,2013055579,6,67,67301,2013,5,4,5,0,3,2,1,7,2, , ,N,0,0,0,3,0,1,1,1,N,N,40 01:39.021,75 11:31.785,5, ,5, ,0, ,N, ,0, , , , , ,594957, , , ,1,1,0,0,0,0,0,0,0,0,0,1,1,0,0,0,0,0,0,0,0,0,0,0,0,0,0,0,0,0,0,0,0,0,0,4,0,40.0275,-75.1922, , 
 ,54457,2013062529,6,67,67301,2013,5,6,935,9,1,1,0,1,1, , ,N,0,0,0,3,0,0,2,2,N, ,40 05:35.818,75 00:48.723,941, ,937, ,0, , , ,0, , , , , ,594963, , , ,2,1,0,0,0,0,1,0,0,0,0,0,0,0,0,0,0,0,0,0,1,0,0,0,0,0,0,0,0,0,0,0,0,0,0,0,0,40.0933,-75.0135, , 
 ,54458,2013077390,6,67,67301,2013,6,5,1120,11,1,1,0,3,1, , ,N,2,2,0,3,0,1,2,2,N,N,39 59:36.413,75 09:02.806,1138, ,1133, ,0, , , ,3, , , , , ,594973, , , ,2,1,0,0,0,0,1,0,0,0,0,1,1,0,0,0,0,0,0,0,1,0,0,1,0,0,0,0,0,0,0,0,0,0,0,4,0,39.9934,-75.1508, , 
 ,54459,2013079950,6,67,67301,2013,7,5,2315,23,3,1,0,4,1, , ,N,2,0,0,3,0,0,3,2,N,N,40 00:24.621,75 11:30.188,2330, ,2325, ,0, , , ,0, , , , , ,594976, , , ,2,2,0,0,0,0,0,0,0,0,0,0,0,0,0,0,0,0,0,0,1,0,0,0,0,0,0,0,0,0,0,0,0,0,0,0,0,40.0068,-75.1917, , 
 ,54460,2013088907,6,67,67301,2013,9,5,1640,16,1,1,0,5,6, , ,N,0,0,0,3,0,2,6,5,N,N,40 00:16.578,75 09:05.666,1645, ,1645,2,1,5,N, ,0,Y, , , , ,594984, , , ,5,2,0,0,0,0,1,1,0,0,0,0,2,2,2,0,0,0,0,0,1,0,0,0,0,0,0,0,0,0,0,0,0,0,0,8,0,40.0046,-75.1516, , 
 ,54461,2013103918,6,67,67301,2013,9,5,9999,99,3,1,0,1,1, , ,N,0,0,0,3,0,1,2,2,N, ,39 55:11.344,75 12:44.330,9999, ,9999,3,2,1, , ,0,Y, , , , ,594994, , , ,2,1,0,0,0,1,0,0,0,0,0,1,1,0,0,0,0,0,0,0,1,0,0,0,0,0,0,0,0,0,0,0,0,0,0,4,1,39.9198,-75.2123, , 
 ,54462,2013062603,6,67,67301,2013,5,1,1539,15,1,1,0,4,1, , ,N,1,3,0,3,0,1,4,2,N,N,39 58:14.108,75 09:03.120,1546, ,1544, ,0, , , ,3, , , , , ,595007, , , ,2,0,0,0,0,0,2,0,0,0,0,1,1,0,0,0,0,0,0,0,0,0,0,0,0,0,0,0,0,0,0,0,0,0,0,4,0,39.9705,-75.151, , 
 ,54463,2013065311,6,67,67301,2013,5,4,9999,99,1,1,0,4,1, , ,N,1,2,0,3,0,1,5,2,N, ,39 59:29.432,75 09:36.226,1348, ,9999, ,0, , , ,3, , , , , ,595012, , , ,2,0,0,0,0,1,1,0,0,0,0,0,1,1,0,0,0,0,0,0,0,0,0,0,0,0,0,0,0,0,0,0,0,0,0,8,0,39.9915,-75.1601, , 
 ,54464,2013080421,6,67,67301,2013,7,1,1700,17,1,1,0,8,1, , ,N,0,0,0,3,0,1,2,2,N,N,39 59:49.106,75 09:05.889,1702, ,1700, ,0, ,N, ,0, , , , , ,595014, , , ,1,1,0,0,0,0,0,0,0,0,0,1,1,0,0,0,0,0,0,0,1,0,0,0,0,0,0,0,0,0,0,0,1,0,0,4,0,39.997,-75.1516, , 
 ,54465,2013086874,6,67,67301,2013,8,5,1509,15,1,1,0,8,1, , ,N,0,0,0,3,0,1,2,2,N,N,39 56:54.096,75 13:34.010,1603, ,1551, ,0, ,N, ,0, , , , , ,595020, , , ,1,1,0,0,0,0,0,0,0,0,0,1,1,0,0,0,0,0,0,0,0,0,0,0,0,0,0,0,0,0,0,0,1,0,0,4,0,39.9484,-75.2261, , 
 ,54466,2013119466,6,67,67301,2013,11,2,1753,17,3,1,0,1,1, , ,N,0,0,0,3,0,0,2,2,N,N,39 59:08.623,75 05:34.965,1816, ,1802, ,0, ,N, ,0, , , , , ,595046, , , ,2,1,0,0,0,0,1,0,0,0,0,0,0,0,0,0,0,0,0,0,1,0,0,0,0,0,0,0,0,0,0,0,0,0,0,0,0,39.9857,-75.0932, , 
 ,54467,2013083991,6,67,67301,2013,6,5,1704,17,1,1,0,8,1, , ,N,5,2,0,3,0,1,2,2,N, ,39 58:10.379,75 08:22.482,1708, ,1705,3,2,2, , ,3,Y, , , , ,595060, , , ,1,0,0,1,0,0,0,0,0,1,0,0,1,0,0,0,0,0,0,0,0,0,0,0,0,0,0,0,0,0,0,0,1,0,1,2,1,39.9695,-75.1395, , 
 ,54468,2013086929,6,67,67301,2013,7,6,1230,12,1,1,0,4,1, , ,N,2,2,0,3,0,0,2,2,N, ,40 04:40.775,75 01:25.271,1235, ,1230, ,0, , , ,3, , , , , ,595071, , , ,2,2,0,0,0,0,0,0,0,0,0,0,0,0,0,0,1,0,0,0,0,1,0,0,0,0,0,0,0,0,0,0,0,0,0,0,0,40.078,-75.0237, , 
 ,54469,2013098352,6,67,67301,2013,8,4,2115,21,3,6,1,1,2, , ,N,2,0,0,3,0,0,1,2,N, ,40 00:06.627,75 07:04.429,2215, ,9999, ,0, , , ,0, , , , , ,595085, , , ,2,2,0,0,0,0,0,0,0,0,0,0,0,0,0,0,0,0,0,0,1,0,0,0,0,0,0,0,0,0,0,0,0,0,0,0,0,40.0018,-75.1179, , 
 ,54470,2013109377,6,67,67301,2013,10,4,1230,12,1,1,0,3,1, , ,N,0,0,7,3,0,0,2,2,N,N,40 04:25.468,75 04:38.275,1345, ,1325, ,0, ,N, ,0, , , , , ,597854, , , ,2,1,0,0,1,0,0,0,0,0,0,0,0,0,0,0,0,0,0,0,1,0,1,0,0,0,0,0,0,0,0,0,0,0,0,0,0,40.0737,-75.0773, , 
 ,54471,2013070944,6,67,67301,2013,6,6,2000,20,4,2,1,8,1, , ,N,1,3,0,3,0,1,2,2,N,N,39 55:39.529,75 10:31.997,2008, ,2006, ,0, ,N, ,3, , , , , ,597862, , , ,1,1,0,0,0,0,0,0,0,0,0,1,1,0,0,0,0,0,0,0,1,0,0,0,0,0,0,0,0,0,0,0,1,0,0,4,0,39.9276,-75.1756, , 
 ,54472,2013081728,6,67,67301,2013,8,1,22,0,3,1,0,1,1, , ,N,0,0,0,3,0,2,3,3,N,N,39 53:55.954,75 10:07.805,29, ,23,2,1,1,N, ,0,N, , , , ,597868, , , ,3,1,2,0,0,0,0,0,0,0,0,2,2,0,0,0,0,0,0,0,0,0,0,0,0,0,0,0,0,0,0,0,0,0,0,4,0,39.8989,-75.1688, , 
 ,54473,2013093095,6,67,67301,2013,8,3,1800,18,1,1,0,4,1, , ,N,1,3,0,3,0,1,2,2,N,N,40 02:33.824,75 04:22.947,1822, ,1820, ,0, ,N, ,3, , , , , ,597873, , , ,2,1,0,0,0,0,1,0,0,0,0,0,1,1,0,0,0,0,0,0,1,0,0,0,0,0,0,0,0,0,0,0,0,0,0,8,0,40.0427,-75.073, , 
U,54474,2013096484,6,67,67301,2013,8,7,520,5,3,1,0,7,1,8,8,Y,0,0,0,3,0,0,1,1,N, ,39 57:08.904,75 11:21.595,523,99,520,9,1,4,N, ,0,N,U,U,U,U,597875,U,U,U,1,1,0,0,0,0,0,0,0,0,0,0,0,0,0,0,0,0,0,0,0,0,0,0,0,0,0,0,0,0,0,0,0,0,0,0,0,39.9525,-75.1893, , 
 ,54475,2013104005,6,67,67301,2013,9,7,2010,20,3,2,1,4,1, , ,N,0,0,7,3,0,1,2,2,N,N,40 01:48.794,75 10:49.785,2015, ,2015, ,0, ,N, ,0, , , , , ,597881, , , ,1,1,0,0,0,0,0,0,1,0,0,1,1,0,0,0,0,0,0,0,1,0,0,0,0,0,0,0,0,0,0,0,0,0,0,4,0,40.0302,-75.1805, , 
 ,54476,2013107148,6,67,67301,2013,9,7,1500,15,1,1,0,1,1, , ,N,0,0,0,3,0,1,4,2,N, ,39 54:56.577,75 14:33.930,1545, ,1540, ,0, , , ,0, , , , , ,597882, , , ,2,1,0,0,1,0,0,0,0,0,0,1,1,0,1,0,0,0,0,1,0,0,0,0,0,0,0,0,0,0,0,0,0,0,0,4,0,39.9157,-75.2428, , 
 ,54477,2013109373,6,67,67301,2013,10,7,23,0,3,1,0,7,2, , ,N,0,0,0,3,0,0,1,1,N,N,39 56:42.442,75 11:53.489,28, ,23, ,0, ,N, ,0, , , , , ,597884, , , ,1,1,0,0,0,0,0,0,0,0,0,0,0,0,0,0,0,0,0,0,0,0,0,0,0,0,0,0,0,0,0,0,0,0,0,0,0,39.9451,-75.1982, , 
 ,54478,2013111825,6,67,67301,2013,10,4,1932,19,3,1,0,1,1, , ,N,0,0,0,3,0,1,3,3,N,N,40 05:05.611,75 02:16.833,1937, ,1934, ,0, ,N, ,0, , , , , ,597885, , , ,3,2,0,0,0,0,1,0,0,0,0,1,1,0,0,0,0,0,0,0,1,0,0,0,0,0,0,0,0,0,0,0,0,0,0,4,0,40.0849,-75.038, , 