wz_ln_closure,objectid_1,crn,district,county,municipality,crash_year,crash_month,day_of_week,time_of_day,hour_of_day,illumination,weather,road_condition,collision_type,relation_to_road,work_zone_type,work_zone_loc,work_zone_ind,intersect_type,tcd_type,location_type,urban_rural,fatal_count,injury_count,person_count,total_units,sch_bus_ind,sch_zone_ind,latitude,longitude,arrival_tm,cons_zone_spd_lim,dispatch_tm,est_hrs_closed,lane_closed,ln_close_dir,ntfy_hiwy_maint,spec_juris_cd,tcd_func_cd,tfc_detour_ind,workers_pres,wz_close_detour,wz_flagger,wz_law_offcr_ind,objectid,wz_moving,wz_other,wz_shlder_mdn,vehicle_count,automobile_count,motorcycle_count,bus_count,small_truck_count,heavy_truck_count,suv_count,van_count,bicycle_count,maj_inj_count,mod_inj_count,min_inj_count,tot_inj_count,unk_inj_deg_count,unk_inj_per_count,driver_count_16yr,driver_count_17yr,driver_count_18yr,driver_count_19yr,driver_count_20yr,driver_count_50_64yr,driver_count_65_74yr,driver_count_75plus,unbelted_occ_count,unb_death_count,unb_maj_inj_count,belted_death_count,belted_maj_inj_count,mcycle_death_count,mcycle_maj_inj_count,bicycle_death_count,bicycle_maj_inj_count,ped_count,ped_death_count,ped_maj_inj_count,max_severity_level,comm_veh_count,dec_lat,dec_long,rdwy_surf_type_cd,county_name
 ,54479,2013122990,6,67,67301,2013,11,1,1300,13,1,1,0,4,1, , ,N,1,3,0,3,0,2,4,2,N,N,40 07:26.457,75 00:05.875,1315, ,1300, ,0, ,N, ,3, , , , , ,597891, , , ,2,2,0,0,0,0,0,0,0,0,0,1,2,1,0,0,0,0,0,1,0,0,0,0,0,0,0,0,0,0,0,0,0,0,0,4,0,40.124,-75.0016, , 
 ,54480,2013109629,6,67,67301,2013,10,5,2254,22,3,8,1,8,1, , ,N,1,2,0,3,0,1,2,2,N,N,40 00:22.203,75 09:06.487,2254, ,2254, ,0, ,N, ,3, , , , , ,597902, , , ,1,1,0,0,0,0,0,0,0,0,0,0,1,1,0,0,0,0,0,0,1,0,0,0,0,0,0,0,0,0,0,0,1,0,0,8,0,40.0062,-75.1518, , 
 ,54481,2013096452,6,67,67301,2013,8,4,1610,16,1,1,0,1,1, , ,N,0,0,0,3,0,1,2,2,N,N,40 01:15.447,75 08:24.772,1620, ,1615, ,0, ,N, ,0, , , , , ,597913, , , ,2,1,0,0,0,0,1,0,0,0,0,1,1,0,0,0,0,0,0,0,0,0,0,0,0,0,0,0,0,0,0,0,0,0,0,4,0,40.021,-75.1402, , 
 ,54482,2013101086,6,67,67301,2013,8,4,1754,17,1,1,1,1,1, , ,N,0,2,0,3,0,1,4,3,N,N,39 56:45.871,75 09:54.103,1820, ,1818, ,0, ,N, ,3, , , , , ,597919, , , ,3,2,0,0,0,1,0,0,0,0,0,0,1,1,0,0,0,0,0,0,0,0,0,0,0,0,0,0,0,0,0,0,0,0,0,8,0,39.9461,-75.165, , 
 ,54483,2013077512,6,67,67301,2013,7,3,1440,14,1,2,1,4,1, , ,N,0,0,7,3,0,0,2,2,N,N,40 07:07.806,74 59:37.410,1450, ,1445, ,0, ,N, ,0, , , , , ,597951, , , ,2,2,0,0,0,0,0,0,0,0,0,0,0,0,0,0,0,0,0,0,0,0,0,0,0,0,0,0,0,0,0,0,0,0,0,0,0,40.1188,-74.9937, , 
 ,54484,2013077446,6,67,67301,2013,6,4,2150,21,3,1,1,8,1, , ,N,1,2,0,3,0,1,2,2,N,N,39 59:09.671,75 08:29.563,2201, ,2200,1,1,1,N, ,3,N, , , , ,597954, , , ,1,1,0,0,0,0,0,0,0,0,0,1,1,0,1,0,0,0,0,0,0,0,0,0,0,0,0,0,0,0,0,0,1,0,0,4,0,39.986,-75.1415, , 
 ,54485,2013083980,6,67,67301,2013,6,1,1130,11,1,1,0,4,1, , ,N,1,2,0,3,0,2,4,2,N,N,39 58:39.126,75 10:17.443,1137, ,1133,9,2,2,N, ,3,Y, , , , ,597960, , , ,2,1,0,0,1,0,0,0,0,0,0,0,2,2,2,0,0,0,0,0,1,0,0,0,0,0,0,0,0,0,0,0,0,0,0,8,0,39.9775,-75.1715, , 
 ,54486,2013093106,6,67,67301,2013,8,2,1608,16,1,1,0,1,1, , ,N,1,2,0,3,0,1,4,3,N, ,39 57:17.491,75 09:04.108,1610, ,1608, ,0, , , ,3, , , , , ,597967, , , ,3,2,0,0,0,0,0,1,0,0,0,1,1,0,0,0,0,0,0,0,1,0,0,3,0,0,0,0,0,0,0,0,0,0,0,4,0,39.9549,-75.1511, , 
 ,54487,2013101739,6,67,67301,2013,9,1,1600,16,1,1,0,4,1, , ,N,1,2,0,3,0,1,5,3,N, ,40 03:33.837,75 14:16.457,1600, ,1604, ,0, , , ,3, , , , , ,597971, , , ,3,2,0,0,0,0,1,0,0,0,0,0,1,1,0,0,0,0,0,0,1,0,0,0,0,0,0,0,0,0,0,0,0,0,0,8,0,40.0594,-75.2379, , 
 ,54488,2013112781,6,67,67301,2013,11,1,1330,13,1,1,0,7,4, , ,N,0,0,0,3,0,1,2,1,N,N,39 53:59.279,75 09:44.337,1345, ,1341,1,1,2,N, ,0,Y, , , , ,600882, , , ,1,0,1,0,0,0,0,0,0,0,0,0,1,1,0,0,0,0,0,0,0,0,0,0,0,0,0,0,0,0,0,0,0,0,0,8,0,39.8998,-75.1623, , 
 ,54489,2013086706,6,67,67301,2013,7,2,9999,99,1,1,0,1,1, , ,N,0,0,0,3,0,4,5,2,N,N,39 58:40.480,75 09:46.320,9999, ,1340, ,0, ,N, ,0, , , , , ,600894, , , ,2,2,0,0,0,0,0,0,0,0,0,0,4,4,0,0,0,0,0,0,1,0,0,0,0,0,0,0,0,0,0,0,0,0,0,8,0,39.9779,-75.1629, , 
 ,54490,2013106628,6,67,67301,2013,9,5,1939,19,4,1,0,8,1, , ,N,1,2,0,3,0,1,2,2,N, ,39 59:31.689,75 08:24.712,1941, ,1940, ,0, , , ,3, , , , , ,600913, , , ,1,0,0,0,0,0,1,0,0,0,0,0,1,1,0,0,0,0,0,0,1,0,0,0,0,0,0,0,0,0,0,0,1,0,0,8,0,39.992,-75.1402, , 
 ,54491,2013084427,6,67,67301,2013,7,4,1247,12,1,1,0,4,1, , ,N,1,2,0,3,0,3,5,2,N, ,40 02:07.013,75 01:30.652,1255, ,1249,3,1,1, , ,3,N, , , , ,600923, , , ,2,2,0,0,0,0,0,0,0,0,0,0,3,3,0,0,0,0,0,0,1,1,0,0,0,0,0,0,0,0,0,0,0,0,0,8,0,40.0353,-75.0252, , 
 ,54492,2013093203,6,67,67301,2013,8,6,1420,14,1,1,0,1,1, , ,N,1,2,0,3,0,0,2,2,N,N,40 05:23.607,74 59:03.265,1429, ,1426, ,0, ,N, ,3, , , , , ,600928, , , ,2,0,0,0,1,0,1,0,0,0,0,0,0,0,0,0,0,0,1,0,0,0,0,0,0,0,0,0,0,0,0,0,0,0,0,0,0,40.0899,-74.9842, , 
 ,54493,2013095986,6,67,67301,2013,8,3,1725,17,1,1,0,8,1, , ,N,0,0,0,3,0,1,2,2,N,N,39 56:15.252,75 11:52.371,1745, ,1740, ,0, ,N, ,0, , , , , ,600933, , , ,1,1,0,0,0,0,0,0,0,0,0,1,1,0,0,0,0,0,0,0,0,0,0,0,0,0,0,0,0,0,0,0,1,0,0,4,0,39.9376,-75.1979, , 
 ,54494,2013100270,6,67,67301,2013,10,4,1835,18,4,1,0,1,1, , ,N,6,0,2,3,0,1,2,2,N,N,39 53:33.753,75 14:01.602,1845, ,1835, ,0, ,N, ,0, , , , , ,600937, , , ,2,1,0,0,0,0,1,0,0,0,0,0,1,1,0,0,0,0,0,0,0,0,0,0,0,0,0,0,0,0,0,0,0,0,0,8,0,39.8927,-75.2338, , 
 ,54495,2013124649,6,67,67301,2013,10,7,1526,15,1,1,0,8,1, , ,N,2,2,0,3,0,1,2,2,N,N,39 56:51.715,75 11:55.544,1530, ,1526, ,0, ,N, ,3, , , , , ,600943, , , ,1,1,0,0,0,0,0,0,0,0,0,0,1,1,0,0,0,0,0,0,0,0,0,0,0,0,0,0,0,0,0,0,1,0,0,8,0,39.9477,-75.1986, , 
 ,54496,2014013583,6,67,67301,2013,12,1,415,4,3,1,0,4,1, , ,N,1,2,0,3,0,1,2,2,N,N,39 59:02.306,75 11:10.881,422, ,417, ,0, ,N, ,3, , , , , ,600953, , , ,2,1,0,0,0,0,0,0,0,0,0,0,1,1,0,0,0,0,0,0,0,0,0,0,0,0,0,0,0,0,0,0,0,0,0,8,0,39.984,-75.1864, , 
 ,54497,2013074774,6,67,67301,2013,6,7,100,1,2,1,0,4,1, , ,N,0,0,7,3,0,1,2,2,N, ,39 55:42.950,75 13:48.200,105, ,100, ,0, , , ,0, , , , , ,600955, , , ,1,0,0,0,0,0,1,0,1,0,0,0,1,1,0,0,0,0,0,0,0,0,0,0,0,0,0,0,0,0,0,0,0,0,0,8,0,39.9286,-75.2301, , 
 ,54498,2013084024,6,67,67301,2013,7,6,756,7,1,1,0,6,1, , ,N,0,0,0,3,0,0,2,2,N,N,39 59:48.175,75 06:55.613,810, ,806, ,0, ,N, ,0, , , , , ,600960, , , ,2,1,0,0,1,0,0,0,0,0,0,0,0,0,0,0,0,0,0,0,1,0,0,0,0,0,0,0,0,0,0,0,0,0,0,0,0,39.9967,-75.1154, , 
 ,54499,2013086704,6,67,67301,2013,7,3,2033,20,3,1,0,4,5, , ,N,0,0,7,3,0,1,2,2,N,N,40 02:47.377,75 04:14.385,2040, ,2033, ,0, ,N, ,0, , , , , ,600963, , , ,1,1,0,0,0,0,0,0,1,0,0,1,1,0,0,0,0,0,0,0,0,0,0,0,0,0,0,0,0,0,0,0,0,0,0,4,0,40.0465,-75.0707, , 
 ,54500,2013086759,6,67,67301,2013,8,4,1430,14,1,1,0,4,1, , ,N,5,3,0,3,0,1,2,2,N,N,40 04:11.308,75 09:38.084,1445, ,1430, ,0, ,N, ,3, , , , , ,600964, , , ,2,2,0,0,0,0,0,0,0,0,0,1,1,0,0,0,0,0,0,0,0,1,0,1,0,0,0,0,0,0,0,0,0,0,0,4,0,40.0698,-75.1606, , 
 ,54501,2013104412,6,67,67301,2013,9,4,2240,22,3,1,0,4,1, , ,N,1,2,0,3,0,1,2,2,N,N,39 55:32.198,75 14:03.722,2240, ,2240, ,0, ,N, ,3, , , , , ,600975, , , ,1,1,0,0,0,0,0,0,1,0,1,0,1,0,0,0,0,0,0,0,0,0,0,0,0,0,0,0,0,0,0,0,0,0,0,3,0,39.9256,-75.2344, , 
 ,54502,2013106766,6,67,67301,2013,9,7,740,7,3,1,0,5,1, , ,N,0,0,0,3,0,1,2,3,N, ,39 55:24.141,75 10:11.857,743, ,743, ,0, ,N, ,0, , , , , ,600976, , , ,3,0,1,0,0,0,2,0,0,0,0,1,1,0,0,0,0,0,0,0,1,0,0,0,0,0,0,0,0,0,0,0,0,0,0,4,0,39.9234,-75.17, , 
 ,54503,2013114466,6,67,67301,2013,10,5,2330,23,3,2,1,1,1, , ,N,1,2,0,3,0,1,2,2,N, ,40 02:07.511,75 04:10.636,6, ,402, ,0, , , ,3, , , , , ,600985, , , ,2,1,0,0,0,1,0,0,0,0,0,1,1,0,0,0,0,0,0,0,0,0,0,0,0,0,0,0,0,0,0,0,0,0,0,4,1,40.0354,-75.0696, , 
 ,54504,2013131732,6,67,67301,2013,12,7,1143,11,1,1,0,5,1, , ,N,0,0,0,3,0,1,5,3,N,N,39 59:40.594,75 11:53.958,1156, ,1144, ,0, ,N, ,0, , , , , ,600993, , , ,3,2,0,0,0,0,0,1,0,0,0,1,1,0,0,0,0,0,0,0,0,0,0,0,0,0,0,0,0,0,0,0,0,0,0,4,0,39.9946,-75.1983, , 
 ,54505,2014006815,6,67,67301,2013,12,3,1801,18,3,1,1,4,1, , ,N,1,2,0,3,0,0,2,2,N,N,39 53:40.603,75 14:12.181,1825, ,1820,2,1,4, , ,3,N, , , , ,601000, , , ,2,2,0,0,0,0,0,0,0,0,0,0,0,0,1,0,0,0,0,0,0,0,0,0,0,0,0,0,0,0,0,0,0,0,0,9,0,39.8946,-75.2367, , 
 ,54506,2014016114,6,67,67301,2013,12,3,9999,99,3,1,0,4,1, , ,N,1,2,0,3,0,1,4,2,N, ,39 58:55.079,75 14:20.664,1035, ,1020, ,0, , , ,3, , , , , ,603127, , , ,2,1,0,0,1,0,0,0,0,0,0,1,1,0,0,0,0,0,0,0,1,0,0,0,0,0,0,0,0,0,0,0,0,0,0,4,0,39.9819,-75.239, , 
 ,54507,2013114498,6,67,67301,2013,10,4,705,7,1,1,0,4,1, , ,N,1,3,0,3,0,0,2,3,N,N,39 58:40.076,75 09:44.002,830, ,825, ,0, ,N, ,3, , , , , ,603135, , , ,3,0,0,0,3,0,0,0,0,0,0,0,0,0,0,0,0,0,0,0,0,0,0,0,0,0,0,0,0,0,0,0,0,0,0,0,0,39.9778,-75.1622, , 
 ,54508,2013070232,6,67,67301,2013,6,2,1430,14,1,1,0,6,1, , ,N,1,3,0,3,0,1,2,2,N,N,39 56:12.426,75 09:18.406,1654, ,1649, ,0, , , ,3, , , , , ,603189, , , ,1,1,0,0,0,0,0,0,1,0,0,1,1,0,1,0,0,0,0,0,0,0,0,0,0,0,0,0,0,0,0,0,0,0,0,4,0,39.9368,-75.1551, , 
 ,54509,2013070555,6,67,67301,2013,6,6,2005,20,3,2,1,1,1, , ,N,0,0,0,3,0,1,2,2,N,N,40 02:33.655,75 05:11.302,2020, ,2014, ,0, ,N, ,0, , , , , ,603190, , , ,2,2,0,0,0,0,0,0,0,0,0,1,1,0,0,1,1,0,0,0,0,0,0,0,0,0,0,0,0,0,0,0,0,0,0,4,0,40.0427,-75.0865, , 
 ,54510,2013117114,6,67,67301,2013,11,7,2035,20,3,1,0,1,1, , ,N,0,0,0,3,0,1,3,2,N,N,39 59:38.173,75 11:57.522,2038, ,2035, ,0, ,N, ,0, , , , , ,603233, , , ,2,2,0,0,0,0,0,0,0,0,0,1,1,0,0,0,0,0,0,1,0,0,0,0,0,0,0,0,0,0,0,0,0,0,0,4,0,39.9939,-75.1993, , 
 ,54511,2014000438,6,67,67301,2013,11,2,1122,11,1,1,0,8,1, , ,N,0,2,0,3,0,1,2,2,N,N,40 02:10.593,75 00:46.118,1125, ,1123, ,0, , , ,3, , , , , ,603247, , , ,1,0,0,0,1,0,0,0,0,0,0,0,1,1,0,0,0,0,0,0,1,0,0,0,0,0,0,0,0,0,0,0,1,0,0,8,0,40.0362,-75.013, , 
 ,54512,2013104009,6,67,67301,2013,9,6,830,8,1,1,0,1,1, , ,N,0,0,6,3,0,1,2,2,N, ,40 06:46.054,74 59:22.912,9999, ,9999, ,0, , , ,0, , , , , ,603256, , , ,2,2,0,0,0,0,0,0,0,0,0,0,1,1,1,0,0,0,0,0,0,0,0,0,0,0,0,0,0,0,0,0,0,0,0,8,0,40.1128,-74.9897, , 
 ,54513,2013104390,6,67,67301,2013,9,4,1200,12,1,1,0,7,2, , ,N,2,3,0,3,0,1,1,1,N, ,40 02:10.064,75 05:54.603,1215, ,1210,2,2,7, , ,3,Y, , , , ,603257, , , ,1,0,0,0,0,0,1,0,0,0,0,0,1,1,0,0,0,0,0,0,1,0,0,0,0,0,0,0,0,0,0,0,0,0,0,8,0,40.0361,-75.0985, , 
 ,54514,2013129456,6,67,67301,2013,11,3,2122,21,3,2,1,4,1, , ,N,5,2,0,3,0,1,4,2,N,N,40 01:25.849,75 07:25.874,2135, ,2133, ,0, , , ,3, , , , , ,603279, , , ,2,2,0,0,0,0,0,0,0,0,0,1,1,0,0,0,0,0,1,0,0,0,0,4,0,0,0,0,0,0,0,0,0,0,0,4,0,40.0238,-75.1239, , 
 ,54515,2013114504,6,67,67301,2013,10,7,2312,23,3,8,1,8,1, , ,N,1,3,0,3,0,1,6,2,N,N,39 55:59.188,75 09:34.430,2313, ,2313, ,0, ,N, ,3, , , , , ,603299, , , ,1,0,0,0,0,0,1,0,0,0,0,0,1,1,0,0,0,0,0,0,0,0,0,0,0,0,0,0,0,0,0,0,1,0,0,8,0,39.9331,-75.1596, , 
 ,54516,2013106728,6,67,67301,2013,9,7,10,0,3,1,0,1,1, , ,N,0,0,0,3,0,1,5,2,N,N,39 56:46.857,75 14:39.400,22, ,19, ,0, , , ,0, , , , , ,603307, , , ,2,1,1,0,0,0,0,0,0,0,0,1,1,0,0,0,0,0,0,0,1,0,0,0,0,0,0,0,0,0,0,0,0,0,0,4,0,39.9463,-75.2443, , 
 ,54517,2013106781,6,67,67301,2013,9,7,2025,20,3,2,1,4,1, , ,N,1,2,0,3,0,1,5,2,N,N,39 57:11.160,75 10:54.608,2030, ,2030, ,0, ,N, ,3, , , , , ,603308, , , ,2,1,0,0,0,0,1,0,0,0,0,1,1,0,0,0,0,0,0,0,0,0,0,0,0,0,0,0,0,0,0,0,0,0,0,4,0,39.9531,-75.1819, , 
 ,54518,2013064088,6,67,67301,2013,5,5,431,4,3,1,0,7,2, , ,N,0,0,0,3,0,1,1,1,N,N,39 58:32.132,75 11:41.706,445, ,433,1,1,3,N, ,0,N, , , , ,603323, , , ,1,1,0,0,0,0,0,0,0,0,0,0,1,1,0,0,0,0,0,0,0,0,0,0,0,0,0,0,0,0,0,0,0,0,0,8,0,39.9756,-75.1949, , 
 ,54519,2013079533,6,67,67301,2013,7,6,1741,17,1,1,0,4,1, , ,N,1,2,0,3,0,1,2,2,N, ,39 57:02.548,75 14:27.995,1747, ,1741, ,0, , , ,3, , , , , ,603345, , , ,1,0,0,0,0,0,1,0,1,0,0,0,1,1,0,0,0,0,0,0,0,0,0,0,0,0,0,0,0,0,0,0,0,0,0,8,0,39.9507,-75.2411, , 
 ,54520,2013079953,6,67,67301,2013,7,7,2324,23,3,1,0,4,1, , ,N,2,0,0,3,0,1,2,2,N,N,40 02:44.829,75 09:13.535,2326, ,2324, ,0, ,N, ,0, , , , , ,603349, , , ,2,0,1,0,0,0,0,0,0,0,0,0,1,1,1,0,0,0,0,0,0,0,0,0,0,0,0,0,0,0,0,0,0,0,0,8,0,40.0458,-75.1538, , 
 ,54521,2014006311,6,67,67301,2013,11,3,1620,16,1,9,0,8,1, , ,N,1,2,0,3,0,1,2,2,N,N,39 59:41.254,75 14:02.558,1315, ,1300, ,0, , , ,3, , , , , ,603362, , , ,1,1,0,0,0,0,0,0,0,0,0,1,1,0,1,0,0,0,0,0,0,0,0,0,0,0,0,0,0,0,0,0,1,0,0,4,0,39.9948,-75.234, , 
 ,54522,2014006922,6,67,67301,2013,12,1,717,7,3,4,4,8,1, , ,N,0,0,0,3,0,1,2,2,N,N,39 57:29.538,75 14:40.516,1850, ,1845, ,0, ,N, ,0, , , , , ,603363, , , ,1,0,0,0,0,0,1,0,0,0,0,1,1,0,0,0,0,0,0,0,0,0,0,0,0,0,0,0,0,0,0,0,1,0,0,4,0,39.9582,-75.2446, , 
 ,54523,2013095702,6,67,67301,2013,9,3,1342,13,1,1,0,1,7, , ,N,6,4,2,3,0,1,2,2,N,N,40 02:57.283,74 59:44.945,1406, ,1342, ,0, ,N, ,3, , , , , ,603367, , , ,2,0,0,0,0,0,2,0,0,0,0,0,1,1,0,0,0,0,0,0,1,0,0,0,0,0,0,0,0,0,0,0,0,0,0,8,0,40.0492,-74.996, , 
 ,54524,2013101096,6,67,67301,2013,9,4,1250,12,1,1,0,4,1, , ,N,1,2,0,3,0,1,2,2,N,N,40 02:43.800,75 09:53.514,1301, ,1256, ,0, ,N, ,3, , , , , ,595088, , , ,2,1,0,0,0,0,0,0,0,0,0,1,1,0,0,0,0,0,0,0,0,0,0,0,0,0,0,0,0,0,0,0,0,0,0,4,0,40.0455,-75.1649, , 
 ,54525,2013101151,6,67,67301,2013,9,6,1039,10,1,1,0,8,5, , ,N,0,0,0,3,0,1,2,2,N,N,39 54:27.482,75 13:38.856,1115, ,1108, ,0, ,N, ,0, , , , , ,595089, , , ,1,0,0,0,1,0,0,0,0,0,0,1,1,0,0,0,0,0,0,0,0,0,0,1,0,0,0,0,0,0,0,0,1,0,0,4,0,39.9076,-75.2275, , 
 ,54526,2013070266,6,67,67301,2013,6,7,9999,99,1,1,0,4,1, , ,N,0,0,0,3,0,1,3,2,N, ,40 03:25.128,75 04:33.656,1622, ,1616, ,0, , , ,0, , , , , ,595108, , , ,2,1,0,0,0,0,1,0,0,0,1,0,1,0,0,0,0,0,0,0,0,0,0,0,0,0,0,0,0,0,0,0,0,0,0,3,0,40.057,-75.076, , 
 ,54527,2013101049,6,67,67301,2013,9,2,520,5,5,1,0,1,6, , ,N,0,0,0,3,0,1,3,2,N,N,40 05:06.368,75 00:07.600,555, ,552, ,0, , , ,0, , , , , ,595130, , , ,2,0,0,0,0,1,0,1,0,0,1,0,1,0,0,0,0,0,0,0,0,0,0,0,0,0,0,0,0,0,0,0,0,0,0,3,1,40.0851,-75.0021, , 
 ,54528,2013121377,6,67,67301,2013,10,6,1450,14,1,2,1,8,1, , ,N,1,3,0,3,0,1,2,2,N, ,40 05:16.483,74 58:50.188,2035, ,2030, ,0, , , ,3, , , , , ,595145, , , ,1,0,0,0,0,0,1,0,0,0,0,1,1,0,0,0,0,0,0,0,0,0,0,0,0,0,0,0,0,0,0,0,1,0,0,4,0,40.0879,-74.9806, , 
 ,54529,2013055635,6,67,67301,2013,4,2,2230,22,3,1,0,4,1, , ,N,1,2,0,3,0,1,2,2,N,N,40 02:00.712,75 05:07.191,2232, ,2230, ,0, , , ,3, , , , , ,595151, , , ,1,1,0,0,0,0,0,0,1,0,0,1,1,0,0,0,0,0,0,0,0,0,0,1,0,0,0,0,0,0,0,0,0,0,0,4,0,40.0335,-75.0853, , 
 ,54530,2013103949,6,67,67301,2013,9,6,1500,15,1,1,0,1,1, , ,N,0,0,0,3,0,1,4,2,N, ,40 01:03.309,75 08:26.660,1550, ,1540, ,0, , , ,0, , , , , ,595177, , , ,2,0,0,0,1,0,1,0,0,0,0,1,1,0,0,0,0,0,0,0,0,0,0,0,0,0,0,0,0,0,0,0,0,0,0,4,0,40.0176,-75.1407, , 
N,54531,2013114976,6,67,67301,2013,11,2,1424,14,1,1,0,1,1,1,4,Y,0,0,0,3,0,0,2,2,N,N,40 01:19.450,75 02:17.848,1502,45,1442,1,2,1,N, ,0,N,Y,N,N,N,595185,N,N,Y,2,1,0,0,0,0,1,0,0,0,0,0,0,0,0,0,0,0,0,0,0,0,0,0,0,0,0,0,0,0,0,0,0,0,0,0,0,40.022,-75.0385, , 
Y,54532,2013121117,6,67,67301,2013,11,1,1322,13,1,1,0,1,1,1,4,Y,0,0,0,3,0,2,6,3,N,N,40 01:15.637,75 02:29.352,1345,45,1327,1,1,1,N, ,0,N,N,N,N,N,595191,N,N,Y,3,0,0,0,0,0,3,0,0,0,0,2,2,0,0,0,0,0,0,0,0,0,0,0,0,0,0,0,0,0,0,0,0,0,0,4,0,40.021,-75.0417, , 
 ,54533,2013121512,6,67,67301,2013,10,4,1025,10,1,2,1,4,1, , ,N,1,3,0,3,0,1,3,2,N,N,40 01:13.458,75 08:24.453,1035, ,1030, ,0, ,N, ,3, , , , , ,595192, , , ,2,2,0,0,0,0,0,0,0,0,0,1,1,0,0,0,0,0,0,0,1,0,0,0,0,0,0,0,0,0,0,0,0,0,0,4,0,40.0204,-75.1401, , 
 ,54534,2013074721,6,67,67301,2013,5,3,942,9,1,2,1,7,5, , ,N,0,0,0,3,0,1,2,1,N,N,40 02:36.123,75 10:31.438,947, ,943,9,2,6,N, ,0,Y, , , , ,595200, , , ,1,0,0,0,1,0,0,0,0,0,0,1,1,0,0,0,0,0,0,0,1,0,0,0,0,0,0,0,0,0,0,0,0,0,0,4,0,40.0434,-75.1754, , 
 ,54535,2013086970,6,67,67301,2013,8,6,1637,16,4,2,1,1,1, , ,N,0,0,0,3,0,0,2,2,N,N,39 59:50.377,75 04:24.404,1640, ,1639,3,1,1,N, ,0,N, , , , ,595213, , , ,2,0,0,0,0,0,1,1,0,0,0,0,0,0,0,0,0,0,0,0,1,0,0,0,0,0,0,0,0,0,0,0,0,0,0,0,0,39.9973,-75.0734, , 
 ,54536,2013093054,6,67,67301,2013,8,7,2130,21,3,1,0,1,1, , ,N,0,0,0,3,0,1,2,2,N,N,40 00:51.547,75 05:45.060,139, ,136, ,0, ,N, ,0, , , , , ,595219, , , ,2,1,0,0,0,0,0,1,0,0,0,0,1,1,0,0,0,0,0,0,1,0,0,0,0,0,0,0,0,0,0,0,0,0,0,8,0,40.0143,-75.0959, , 
 ,54537,2013107143,6,67,67301,2013,9,7,9999,99,1,1,0,4,1, , ,N,1,2,0,3,0,2,6,2,N,N,39 59:30.821,75 08:17.989,9999, ,9999,1,2,4,N, ,3,Y, , , , ,595234, , , ,2,1,0,0,1,0,0,0,0,0,0,2,2,0,0,0,0,0,0,0,0,1,0,0,0,0,0,0,0,0,0,0,0,0,0,4,0,39.9918,-75.1383, , 
 ,54538,2013063323,6,67,67301,2013,6,7,1421,14,1,1,0,1,1, , ,N,0,0,0,3,0,5,6,4,N,N,40 02:49.282,75 00:01.625,1439, ,1436, ,0, ,N, ,0, , , , , ,595250, , , ,4,4,0,0,0,0,0,0,0,0,1,4,5,0,1,0,0,0,0,0,2,0,0,0,0,0,0,0,0,0,0,0,0,0,0,3,0,40.047,-75.0005, , 
 ,54539,2013095983,6,67,67301,2013,8,7,1832,18,1,1,0,4,1, , ,N,1,2,0,3,0,0,2,2,N, ,39 55:40.948,75 13:09.423,1846, ,1843, ,0, ,N, ,3, , , , , ,595260, , , ,2,2,0,0,0,0,0,0,0,0,0,0,0,0,0,0,0,0,0,0,1,0,0,0,0,0,0,0,0,0,0,0,0,0,0,0,0,39.928,-75.2193, , 
 ,54540,2013106771,6,67,67301,2013,9,3,727,7,1,1,0,8,1, , ,N,2,0,0,3,0,1,2,2,N,N,39 57:17.713,75 09:05.995,735, ,730, ,0, ,N, ,0, , , , , ,595267, , , ,1,0,0,0,0,0,1,0,0,0,0,1,1,0,0,0,0,0,0,0,0,0,0,0,0,0,0,0,0,0,0,0,1,0,0,4,0,39.9549,-75.1517, , 
 ,54541,2013121466,6,67,67301,2013,10,4,835,8,1,1,0,8,1, , ,N,0,0,0,3,0,1,2,2,N, ,40 01:43.737,75 05:03.156,918, ,910, ,0, , , ,0, , , , , ,595280, , , ,1,0,0,0,0,0,0,0,0,0,0,1,1,0,0,0,0,0,0,0,0,0,0,0,0,0,0,0,0,0,0,0,1,0,0,4,0,40.0288,-75.0842, , 
 ,54542,2013094936,6,67,67301,2013,9,6,1650,16,1,1,0,7,2, , ,N,0,0,2,3,0,1,1,1,N,N,39 54:38.210,75 08:56.385,1652, ,1652, ,0, ,N, ,0, , , , , ,598018, , , ,1,0,1,0,0,0,0,0,0,1,0,0,1,0,0,0,0,0,0,0,0,0,0,0,0,0,0,0,0,1,0,0,0,0,0,2,0,39.9106,-75.149, , 
 ,54543,2013096139,6,67,67301,2013,8,3,730,7,1,1,0,5,1, , ,N,2,0,0,3,0,0,2,2,N,N,39 56:45.926,75 11:54.625,732, ,730, ,0, ,N, ,0, , , , , ,598020, , , ,2,1,0,0,0,0,1,0,0,0,0,0,0,0,1,0,0,0,0,0,0,0,0,0,0,0,0,0,0,0,0,0,0,0,0,9,0,39.9461,-75.1985, , 
 ,54544,2013101083,6,67,67301,2013,8,2,247,2,3,1,0,8,1, , ,N,1,7,0,3,0,1,2,2,N,N,39 57:05.273,75 10:07.548,500, ,247,2,2,2,N, ,3,Y, , , , ,598024, , , ,1,1,0,0,0,0,0,0,0,0,0,1,1,0,0,0,0,0,0,0,0,0,0,0,0,0,0,0,0,0,0,0,1,0,0,4,0,39.9515,-75.1688, , 