wz_ln_closure,objectid_1,crn,district,county,municipality,crash_year,crash_month,day_of_week,time_of_day,hour_of_day,illumination,weather,road_condition,collision_type,relation_to_road,work_zone_type,work_zone_loc,work_zone_ind,intersect_type,tcd_type,location_type,urban_rural,fatal_count,injury_count,person_count,total_units,sch_bus_ind,sch_zone_ind,latitude,longitude,arrival_tm,cons_zone_spd_lim,dispatch_tm,est_hrs_closed,lane_closed,ln_close_dir,ntfy_hiwy_maint,spec_juris_cd,tcd_func_cd,tfc_detour_ind,workers_pres,wz_close_detour,wz_flagger,wz_law_offcr_ind,objectid,wz_moving,wz_other,wz_shlder_mdn,vehicle_count,automobile_count,motorcycle_count,bus_count,small_truck_count,heavy_truck_count,suv_count,van_count,bicycle_count,maj_inj_count,mod_inj_count,min_inj_count,tot_inj_count,unk_inj_deg_count,unk_inj_per_count,driver_count_16yr,driver_count_17yr,driver_count_18yr,driver_count_19yr,driver_count_20yr,driver_count_50_64yr,driver_count_65_74yr,driver_count_75plus,unbelted_occ_count,unb_death_count,unb_maj_inj_count,belted_death_count,belted_maj_inj_count,mcycle_death_count,mcycle_maj_inj_count,bicycle_death_count,bicycle_maj_inj_count,ped_count,ped_death_count,ped_maj_inj_count,max_severity_level,comm_veh_count,dec_lat,dec_long,rdwy_surf_type_cd,county_name
 ,54611,2013083996,6,67,67301,2013,7,4,9999,99,3,1,0,5,2, , ,N,1,3,0,3,0,0,1,4,N, ,40 03:47.034,75 02:47.479,245, ,237,9,1,1, , ,3,N, , , , ,595411, , , ,4,2,0,0,0,0,2,0,0,0,0,0,0,0,0,0,0,0,0,0,0,0,0,0,0,0,0,0,0,0,0,0,0,0,0,0,0,40.0631,-75.0465, , 
 ,54612,2013086206,6,67,67301,2013,7,4,2220,22,3,1,0,7,5, , ,N,0,0,0,3,0,1,1,6,N,N,40 00:08.730,75 08:20.350,2313, ,2309,3,2,6, , ,0,Y, , , , ,595412, , , ,6,2,0,0,1,0,3,0,0,0,0,0,1,1,0,0,0,0,0,0,0,0,0,0,0,0,0,0,0,0,0,0,0,0,0,8,0,40.0024,-75.139, , 
 ,54613,2013094934,6,67,67301,2013,9,5,1220,12,1,1,0,1,1, , ,N,7,3,2,3,0,1,3,2,N,N,40 00:39.639,75 12:22.116,1225, ,1220, ,0, ,N, ,3, , , , , ,595422, , , ,2,2,0,0,0,0,0,0,0,0,0,0,1,1,0,0,0,0,0,0,1,0,0,0,0,0,0,0,0,0,0,0,0,0,0,8,0,40.011,-75.2061, , 
 ,54614,2013101062,6,67,67301,2013,9,3,10,0,3,1,0,4,1, , ,N,1,3,0,3,0,2,3,2,N,N,39 56:57.098,75 14:07.234,1215, ,1210, ,0, , , ,3, , , , , ,598259, , , ,2,1,0,0,0,0,0,1,0,0,1,1,2,0,0,0,0,0,0,0,0,0,0,0,0,0,0,0,0,0,0,0,0,0,0,3,0,39.9492,-75.2353, , 
N,54615,2013108632,6,67,67301,2013,10,5,646,6,5,1,0,1,1,1,4,Y,0,0,0,3,0,1,3,3,N,N,40 01:13.492,75 02:34.967,703,40,647,2,1,1,N, ,0,N,N,N,N,N,598264,N,N,Y,3,1,0,0,2,0,0,0,0,0,0,0,1,1,0,0,0,0,0,0,2,0,0,0,0,0,0,0,0,0,0,0,0,0,0,8,0,40.0203,-75.0432, , 
 ,54616,2013109348,6,67,67301,2013,9,7,1711,17,1,1,0,8,1, , ,N,0,0,0,3,0,1,2,2,N, ,39 59:34.976,75 07:53.313,1749, ,1747, ,0, , , ,0, , , , , ,598265, , , ,1,0,0,0,1,0,0,0,0,0,0,1,1,0,0,0,0,0,0,0,0,0,0,0,0,0,0,0,0,0,0,0,1,0,0,4,0,39.993,-75.1315, , 
 ,54617,2013109435,6,67,67301,2013,10,7,1420,14,1,1,0,4,1, , ,N,1,0,0,3,0,3,4,2,N, ,39 59:41.776,75 10:15.553,1445, ,1436, ,0, , , ,0, , , , , ,598266, , , ,2,1,0,0,1,0,0,0,0,0,0,3,3,0,0,0,0,0,1,0,0,0,0,0,0,0,0,0,0,0,0,0,0,0,0,4,0,39.9949,-75.171, , 
 ,54618,2013072203,6,67,67301,2013,5,1,630,6,1,2,1,7,5, , ,N,0,0,0,3,0,0,1,1,N,N,40 06:38.757,75 00:12.596,640, ,632, ,0, ,Y, ,0, , , , , ,598291, , , ,1,1,0,0,0,0,0,0,0,0,0,0,0,0,0,0,0,0,0,0,0,0,0,0,0,0,0,0,0,0,0,0,0,0,0,0,0,40.1108,-75.0035, , 
 ,54619,2013122900,6,67,67301,2013,10,3,9999,99,5,1,0,4,1, , ,N,0,0,7,3,0,1,2,2,N, ,39 59:58.705,75 13:46.991,735, ,721,9,1,1, , ,0,N, , , , ,598292, , , ,2,2,0,0,0,0,0,0,0,0,0,0,1,1,1,0,0,0,0,0,0,0,0,0,0,0,0,0,0,0,0,0,0,0,0,8,0,39.9996,-75.2297, , 
 ,54620,2013123010,6,67,67301,2013,10,2,808,8,1,1,0,4,1, , ,N,1,0,0,3,0,0,2,2,N, ,39 57:29.433,75 13:44.921,845, ,835, ,0, , , ,0, , , , , ,598293, , , ,2,1,0,0,1,0,0,0,0,0,0,0,0,0,0,0,0,0,0,0,0,0,0,1,0,0,0,0,0,0,0,0,0,0,0,0,0,39.9582,-75.2291, , 
 ,54621,2014006294,6,67,67301,2013,12,2,1600,16,1,1,0,4,1, , ,N,1,2,0,3,0,0,4,2,N,N,39 59:23.971,75 13:09.663,1620, ,1615, ,0, ,N, ,3, , , , , ,598313, , , ,2,1,0,0,0,0,1,0,0,0,0,0,0,0,1,0,0,0,1,0,0,0,0,0,0,0,0,0,0,0,0,0,0,0,0,9,0,39.99,-75.2194, , 
 ,54622,2013122461,6,67,67301,2013,10,5,2310,23,3,1,1,4,2, , ,N,1,2,0,3,0,1,2,2,N,N,39 57:05.578,75 09:24.232,2324, ,2321,2,1,3, , ,3,N, , , , ,598314, , , ,1,0,0,1,0,0,0,0,1,0,0,0,1,1,0,0,0,0,0,0,0,0,0,0,0,0,0,0,0,0,0,0,0,0,0,8,1,39.9515,-75.1567, , 
 ,54623,2014001035,6,67,67301,2013,12,3,1320,13,1,1,0,8,1, , ,N,1,2,0,3,0,1,2,2,N,N,39 58:14.012,75 08:59.857,1324, ,1323,1,2,2,N, ,3,Y, , , , ,598327, , , ,1,0,0,1,0,0,0,0,0,0,1,0,1,0,0,0,0,0,0,0,1,0,0,0,0,0,0,0,0,0,0,0,1,0,0,3,1,39.9704,-75.15, , 
 ,54624,2013079489,6,67,67301,2013,7,5,1010,10,1,1,0,4,1, , ,N,1,2,0,3,0,1,2,2,N,N,40 00:05.705,75 09:10.074,1020, ,1010, ,0, ,N, ,3, , , , , ,598336, , , ,1,0,0,0,0,0,1,0,1,0,0,1,1,0,0,0,0,0,0,0,1,0,0,1,0,0,0,0,0,0,0,0,0,0,0,4,0,40.0016,-75.1528, , 
 ,54625,2013093175,6,67,67301,2013,8,3,2145,21,3,1,0,1,1, , ,N,1,0,0,3,0,1,2,2,N, ,39 55:40.948,75 13:09.423,2205, ,2200, ,0, , , ,0, , , , , ,598358, , , ,2,1,1,0,0,0,0,0,0,0,0,0,1,1,0,0,0,0,0,0,0,0,0,0,0,0,0,0,0,0,0,0,0,0,0,8,0,39.928,-75.2193, , 
 ,54626,2013093553,6,67,67301,2013,8,3,1614,16,1,1,0,4,1, , ,N,1,2,0,3,0,1,4,3,N,N,39 57:47.143,75 11:23.844,1614, ,1614, ,0, ,N, ,3, , , , , ,598360, , , ,3,2,0,0,0,0,1,0,0,0,0,0,1,1,0,0,0,0,0,0,0,0,0,0,0,0,0,0,0,0,0,0,0,0,0,8,0,39.9631,-75.19, , 
 ,54627,2013098519,6,67,67301,2013,9,3,2225,22,3,1,0,1,1, , ,N,0,0,0,3,0,4,7,3,N,N,39 57:27.962,75 09:39.834,2246, ,2241,2,2,4,N, ,0,Y, , , , ,598363, , , ,3,3,0,0,0,0,0,0,0,0,0,2,4,2,0,0,0,0,0,0,1,0,0,0,0,0,0,0,0,0,0,0,0,0,0,4,0,39.9578,-75.1611, , 
 ,54628,2013106647,6,67,67301,2013,9,3,330,3,3,1,0,8,1, , ,N,1,2,0,3,0,1,2,2,N, ,39 57:12.978,75 09:54.168,345, ,340, ,0, , , ,3, , , , , ,598370, , , ,1,1,0,0,0,0,0,0,0,0,0,0,1,1,0,0,0,0,0,0,1,0,0,0,0,0,0,0,0,0,0,0,1,0,0,8,0,39.9536,-75.165, , 
 ,54629,2013111719,6,67,67301,2013,10,3,845,8,1,1,0,1,1, , ,N,0,0,0,3,0,2,3,2,N,N,40 01:16.042,75 08:44.793,910, ,900, ,0, ,N, ,0, , , , , ,598382, , , ,1,1,0,0,0,0,0,0,1,0,0,2,2,0,0,0,0,0,0,0,0,0,0,0,0,0,0,0,0,0,0,0,0,0,0,4,0,40.0211,-75.1458, , 
 ,54630,2013114477,6,67,67301,2013,10,6,2021,20,3,1,0,4,1, , ,N,1,2,0,3,0,1,4,2,N,N,40 02:38.730,75 03:42.723,2024, ,2024, ,0, ,N, ,3, , , , , ,598408, , , ,2,1,0,0,0,0,1,0,0,0,0,1,1,0,0,0,0,0,0,0,1,0,0,0,0,0,0,0,0,0,0,0,0,0,0,4,0,40.0441,-75.0619, , 
 ,54631,2013077929,6,67,67301,2013,7,6,410,4,3,1,0,1,1, , ,N,2,2,0,3,0,1,2,2,N,N,39 59:23.350,75 15:03.019,410, ,410, ,0, ,N, ,3, , , , , ,598427, , , ,2,1,0,0,1,0,0,0,0,0,0,1,1,0,0,0,0,0,0,0,0,0,0,0,0,0,0,0,0,0,0,0,0,0,0,4,0,39.9897,-75.2508, , 
 ,54632,2013107263,6,67,67301,2013,10,5,157,1,3,1,0,7,4, , ,N,0,0,2,3,0,1,1,1,N,N,39 57:42.544,75 10:55.466,206, ,159,1,1,3,N, ,0,N, , , , ,601251, , , ,1,1,0,0,0,0,0,0,0,0,0,0,1,1,0,0,0,0,0,0,0,0,0,1,0,0,0,0,0,0,0,0,0,0,0,8,0,39.9618,-75.1821, , 
 ,54633,2013114493,6,67,67301,2013,10,2,9999,99,1,2,1,1,1, , ,N,1,2,0,3,0,2,3,2,N,N,39 59:16.393,75 07:24.428,936, ,936, ,0, ,N, ,3, , , , , ,601261, , , ,2,1,0,0,0,0,1,0,0,0,0,2,2,0,0,0,0,0,0,0,1,0,0,0,0,0,0,0,0,0,0,0,0,0,0,4,0,39.9879,-75.1235, , 
 ,54634,2014002769,6,67,67301,2013,12,1,824,8,3,1,0,4,1, , ,N,0,0,7,3,0,1,2,2,N,N,39 58:19.072,75 09:33.331,826, ,825,2,1,2,N, ,0,N, , , , ,601290, , , ,2,1,0,0,0,0,1,0,0,0,0,1,1,0,0,0,0,0,0,1,0,0,0,0,0,0,0,0,0,0,0,0,0,0,0,4,0,39.972,-75.1593, , 
 ,54635,2013070951,6,67,67301,2013,6,1,1455,14,1,1,0,8,1, , ,N,1,2,0,3,0,1,2,2,N,N,40 00:12.128,75 07:49.029,1605, ,1559, ,0, ,N, ,3, , , , , ,601306, , , ,1,1,0,0,0,0,0,0,0,0,1,0,1,0,0,0,0,0,0,0,0,0,0,0,0,0,0,0,0,0,0,0,1,0,0,3,0,40.0034,-75.1303, , 
 ,54636,2013076376,6,67,67301,2013,7,3,602,6,5,1,2,7,2, , ,N,7,0,2,3,0,0,1,1,N,N,39 57:41.763,75 10:57.486,606, ,602, ,0, ,N, ,0, , , , , ,601309, , , ,1,1,0,0,0,0,0,0,0,0,0,0,0,0,0,0,0,0,0,0,0,0,0,0,0,0,0,0,0,0,0,0,0,0,0,0,0,39.9614,-75.1825, , 
 ,54637,2013083978,6,67,67301,2013,7,4,1615,16,1,1,0,1,1, , ,N,1,2,0,3,0,1,3,3,N,N,39 55:05.344,75 10:15.986,1635, ,1617, ,0, ,N, ,3, , , , , ,601314, , , ,3,3,0,0,0,0,0,0,0,0,0,1,1,0,0,0,0,0,0,0,2,0,0,0,0,0,0,0,0,0,0,0,0,0,0,4,0,39.9181,-75.171, , 
 ,54638,2013079962,6,67,67301,2013,7,3,1310,13,1,1,0,4,1, , ,N,5,2,0,3,0,1,2,2,N,N,39 58:02.969,75 13:54.998,1335, ,1326, ,0, ,N, ,3, , , , , ,601333, , , ,1,1,0,0,0,0,0,0,1,0,0,1,1,0,0,0,0,0,0,0,0,1,0,0,0,0,0,0,0,0,0,0,0,0,0,4,0,39.9675,-75.2319, , 
 ,54639,2013098058,6,67,67301,2013,9,7,1826,18,3,1,0,7,2, , ,N,0,0,0,3,0,3,3,2,N,N,39 55:41.317,75 11:45.840,1834, ,1826,1,1,4,N, ,0,N, , , , ,601352, , , ,2,0,0,0,0,1,1,0,0,0,0,0,3,3,0,0,0,0,0,0,0,0,0,1,0,0,0,0,0,0,0,0,0,0,0,8,0,39.9281,-75.1961, , 
 ,54640,2013101773,6,67,67301,2013,9,1,645,6,1,1,0,4,2, , ,N,1,3,0,3,0,1,1,2,N,N,40 02:25.339,75 09:59.853,652, ,650, ,0, ,N, ,3, , , , , ,601355, , , ,2,1,1,0,0,0,0,0,0,0,0,1,1,0,0,0,0,0,0,0,0,0,0,0,0,0,0,0,0,0,0,0,0,0,0,4,0,40.0404,-75.1666, , 
 ,54641,2013103145,6,67,67301,2013,10,6,426,4,3,2,1,7,2, , ,N,0,0,0,3,0,1,1,1,N,N,39 58:44.045,75 06:35.310,434, ,428,2,2,2,N, ,0,N, , , , ,601360, , , ,1,1,0,0,0,0,0,0,0,0,1,0,1,0,0,0,0,0,0,0,0,0,0,0,0,0,0,0,0,0,0,0,0,0,0,3,0,39.9789,-75.1098, , 
 ,54642,2013114455,6,67,67301,2013,10,6,1941,19,2,2,1,2,1, , ,N,2,2,0,3,0,1,3,2,N,N,39 56:16.525,75 14:02.111,2045, ,2041, ,0, ,N, ,3, , , , , ,601369, , , ,2,2,0,0,0,0,0,0,0,0,0,0,1,1,1,0,0,0,0,0,0,0,0,0,0,0,0,0,0,0,0,0,0,0,0,8,0,39.9379,-75.2339, , 
 ,54643,2013125955,6,67,67301,2013,11,4,615,6,1,8,6,7,3, , ,N,1,2,2,3,0,0,1,1,N, ,39 56:18.900,75 11:54.432,629, ,625, ,0, , , ,2, , , , , ,601397, , , ,1,0,0,0,0,0,1,0,0,0,0,0,0,0,0,0,0,0,0,0,0,0,0,0,0,0,0,0,0,0,0,0,0,0,0,0,0,39.9386,-75.1985, , 
 ,54644,2014009685,6,67,67301,2013,12,6,2140,21,3,2,1,4,1, , ,N,1,0,0,3,0,3,4,2,N, ,39 58:53.152,75 11:19.131,2150, ,2146, ,0, , , ,0, , , , , ,601414, , , ,2,0,0,0,1,0,1,0,0,0,0,0,3,3,0,0,0,0,0,0,0,0,0,0,0,0,0,0,0,0,0,0,0,0,0,8,0,39.9814,-75.1887, , 
 ,54645,2013101009,6,67,67301,2013,9,6,2055,20,3,1,0,8,1, , ,N,1,2,0,3,0,1,2,2,N,N,39 59:20.032,75 09:49.801,2055, ,2055, ,0, ,N, ,3, , , , , ,601434, , , ,1,1,0,0,0,0,0,0,0,0,0,1,1,0,0,0,0,0,0,0,0,0,0,0,0,0,0,0,0,0,0,0,1,0,0,4,0,39.9889,-75.1638, , 
 ,54646,2014022839,6,67,67301,2013,6,5,630,6,1,1,0,4,1, , ,N,2,0,0,3,0,3,4,2, , ,39 58:11.114,75 13:23.242,644, ,636, ,0, , , ,0, , , , , ,601452, , , ,2,1,0,0,0,0,1,0,0,0,0,0,3,3,0,0,0,0,0,0,0,0,0,2,0,0,0,0,0,0,0,0,0,0,0,8,0,39.9698,-75.2231, , 
 ,54647,2013114967,6,67,67301,2013,11,6,2041,20,3,1,0,1,1, , ,N,0,0,0,3,0,0,1,2,N,N,39 58:36.246,75 11:51.078,2056, ,2042,3,1,3,N, ,0,N, , , , ,601474, , , ,2,1,0,0,1,0,0,0,0,0,0,0,0,0,0,0,0,0,0,0,0,0,0,0,0,0,0,0,0,0,0,0,0,0,0,0,0,39.9767,-75.1975, , 
 ,54648,2013101154,6,67,67301,2013,9,3,906,9,1,1,0,5,1, , ,N,1,2,0,3,0,0,2,2,N,N,40 07:53.956,75 00:43.926,936, ,933,1,1,3,N, ,3,N, , , , ,601503, , , ,2,0,0,0,0,1,1,0,0,0,0,0,0,0,0,0,0,0,0,0,0,0,0,0,0,0,0,0,0,0,0,0,0,0,0,0,1,40.1317,-75.0122, , 
 ,54649,2013077387,6,67,67301,2013,6,5,1749,17,1,1,0,8,1, , ,N,1,3,0,3,0,1,2,2,N, ,39 57:52.333,75 08:03.809,1751, ,1750, ,0, , , ,3, , , , , ,601542, , , ,1,1,0,0,0,0,0,0,0,0,1,0,1,0,0,0,0,0,0,0,0,0,0,0,0,0,0,0,0,0,0,0,1,0,0,3,0,39.9645,-75.1342, , 
 ,54650,2014001047,6,67,67301,2013,11,5,1807,18,3,1,0,8,1, , ,N,1,2,0,3,0,1,3,2,N,Y,39 59:31.149,75 14:15.021,1815, ,1811,3,2,5,N, ,3,Y, , , , ,604220, , , ,1,0,0,0,1,0,0,0,0,0,1,0,1,0,0,0,0,0,0,1,0,0,0,0,0,0,0,0,0,0,0,0,1,0,0,3,0,39.992,-75.2375, , 
 ,54651,2013111798,6,67,67301,2013,10,1,2144,21,3,1,0,1,1, , ,N,1,2,0,3,0,3,4,3,N,N,40 02:03.071,75 04:17.001,2310, ,2240,2,1,1,N, ,3,N, , , , ,604228, , , ,3,1,0,0,0,0,2,0,0,0,3,0,3,0,0,0,0,0,0,0,0,0,0,0,0,0,0,0,0,0,0,0,0,0,0,3,0,40.0342,-75.0714, , 
 ,54652,2013124629,6,67,67301,2013,11,6,709,7,1,2,1,6,1, , ,N,0,0,0,3,0,3,3,3,N,N,39 58:17.905,75 11:24.149,725, ,716,2,1,1,N, ,0,Y, , , , ,604237, , , ,3,3,0,0,0,0,0,0,0,1,1,1,3,0,0,0,0,0,0,0,0,0,0,0,0,0,0,1,0,0,0,0,0,0,0,2,0,39.9716,-75.19, , 
 ,54653,2013123028,6,67,67301,2013,10,6,1823,18,3,1,0,5,1, , ,N,2,2,0,3,0,2,4,2,N, ,40 05:19.811,75 01:13.969,1840, ,1823,1,1,1, , ,3,N, , , , ,604265, , , ,2,1,0,0,0,0,1,0,0,0,0,2,2,0,0,0,0,0,0,0,0,1,0,0,0,0,0,0,0,0,0,0,0,0,0,4,0,40.0888,-75.0205, , 
 ,54654,2013121574,6,67,67301,2013,11,6,920,9,1,2,1,6,1, , ,N,1,2,0,3,0,0,2,2,N,N,39 58:34.248,75 08:17.221,940, ,920, ,0, ,N, ,3, , , , , ,604269, , , ,2,1,0,0,0,1,0,0,0,0,0,0,0,0,0,0,0,0,0,0,0,0,0,0,0,0,0,0,0,0,0,0,0,0,0,0,1,39.9762,-75.1381, , 
 ,54655,2013130042,6,67,67301,2013,11,7,844,8,1,2,1,7,2, , ,N,2,0,0,3,0,0,1,1,N,N,40 01:38.902,75 11:33.340,849, ,844,1,1,2,N, ,0,N, , , , ,604278, , , ,1,1,0,0,0,0,0,0,0,0,0,0,0,0,0,0,0,0,0,0,0,0,0,0,0,0,0,0,0,0,0,0,0,0,0,0,0,40.0275,-75.1926, , 
 ,54656,2013130072,6,67,67301,2013,11,4,1950,19,3,1,0,8,1, , ,N,0,0,0,3,0,1,3,2,N, ,40 04:28.182,74 58:59.628,1954, ,1952, ,0, , , ,0, , , , , ,604279, , , ,1,1,0,0,0,0,0,0,0,0,0,1,1,0,0,0,0,0,0,0,0,0,0,1,0,0,0,0,0,0,0,0,1,0,0,4,0,40.0745,-74.9832, , 
 ,54657,2014003860,6,67,67301,2013,12,4,522,5,3,8,6,4,1, , ,N,1,2,0,3,0,0,2,2,N,N,40 03:15.517,75 02:58.198,526, ,522,1,1,1,N, ,3,N, , , , ,604283, , , ,2,1,0,0,0,0,1,0,0,0,0,0,0,0,0,0,0,0,0,0,0,1,0,0,0,0,0,0,0,0,0,0,0,0,0,0,0,40.0543,-75.0495, , 
 ,54658,2014016894,6,67,67301,2013,9,1,2000,20,3,1,0,1,1, , ,N,3,4,2,3,0,1,2,2,N,N,39 59:10.058,75 12:30.304,0, ,0, ,0, ,N, ,3, , , , , ,604285, , , ,2,1,0,0,0,0,0,0,0,0,1,0,1,0,0,0,0,0,0,0,1,0,0,0,0,0,0,0,0,0,0,0,0,0,0,3,0,39.9847,-75.2085, , 
 ,54659,2013123015,6,67,67301,2013,10,4,845,8,1,8,0,5,1, , ,N,0,0,0,3,0,1,1,2,N,N,40 04:31.165,74 59:49.566,852, ,845, ,0, ,N, ,0, , , , , ,604301, , , ,2,1,0,0,0,0,1,0,0,0,0,1,1,0,0,0,0,0,0,0,1,0,0,0,0,0,0,0,0,0,0,0,0,0,0,4,0,40.0753,-74.9971, , 
 ,54660,2014009836,6,67,67301,2013,12,6,2050,20,3,1,0,4,1, , ,N,1,2,0,3,0,2,4,6,N,N,39 59:17.836,75 09:32.867,2053, ,2051,3,2,3,N, ,3,Y, , , , ,604311, , , ,6,4,0,0,0,0,1,1,0,0,1,1,2,0,0,0,0,0,0,0,0,0,0,2,0,0,0,0,0,0,0,0,0,0,0,3,0,39.9883,-75.1591, , 
 ,54661,2013101153,6,67,67301,2013,9,5,2307,23,3,1,0,4,1, , ,N,1,2,0,3,0,1,16,2,N,N,39 54:53.676,75 14:04.783,2313, ,2310,2,1,4,N, ,3,Y, , , , ,604318, , , ,2,0,0,1,0,0,1,0,0,0,0,1,1,0,0,0,0,0,0,0,1,0,0,0,0,0,0,0,0,0,0,0,0,0,0,4,1,39.9149,-75.2347, , 
 ,54662,2013101249,6,67,67301,2013,9,5,930,9,1,1,0,6,1, , ,N,1,2,0,3,0,1,2,2,N, ,39 58:25.573,75 15:29.593,1020, ,1013, ,0, , , ,3, , , , , ,604319, , , ,2,0,1,0,0,0,1,0,0,0,1,0,1,0,0,0,0,0,0,0,0,0,0,0,0,0,0,0,0,0,0,0,0,0,0,3,0,39.9738,-75.2582, , 
 ,54663,2013104388,6,67,67301,2013,9,6,1359,13,1,1,0,5,1, , ,N,0,0,0,3,0,1,1,4,N,N,39 59:34.206,75 09:03.502,1420, ,1415,1,2,2,N, ,0,Y, , , , ,604323, , , ,4,3,0,0,0,0,0,1,0,0,0,1,1,0,0,0,0,0,0,0,0,0,0,0,0,0,0,0,0,0,0,0,0,0,0,4,0,39.9928,-75.151, , 
 ,54664,2013130078,6,67,67301,2013,11,7,906,9,1,8,1,7,2, , ,N,0,0,0,3,0,2,3,1,N,N,40 03:46.265,75 12:01.202,914, ,907,1,2,1,N, ,0,Y, , , , ,604340, , , ,1,1,0,0,0,0,0,0,0,0,0,1,2,1,0,0,0,0,0,0,0,0,0,0,0,0,0,0,0,0,0,0,0,0,0,4,0,40.0629,-75.2003, , 
 ,54665,2014002952,6,67,67301,2013,12,4,2330,23,3,1,0,7,2, , ,N,0,0,0,3,0,1,1,1,N,N,39 58:29.649,75 07:03.118,2338, ,2331,2,2,2,N, ,0,Y, , , , ,604343, , , ,1,0,0,0,0,0,1,0,0,0,1,0,1,0,0,0,0,0,0,0,0,0,0,1,0,0,0,0,0,0,0,0,0,0,0,3,0,39.9749,-75.1175, , 
 ,54666,2013122970,6,67,67301,2013,10,2,640,6,3,1,0,4,1, , ,N,1,2,0,3,0,0,2,2,N,N,40 04:50.820,75 01:42.117,645, ,640,1,2,1,N, ,3,N, , , , ,604359, , , ,2,0,0,0,0,0,2,0,0,0,0,0,0,0,0,0,0,0,0,0,0,0,0,0,0,0,0,0,0,0,0,0,0,0,0,0,0,40.0808,-75.0284, , 
 ,54667,2013125952,6,67,67301,2013,11,6,2025,20,3,1,0,8,1, , ,N,1,0,0,3,0,1,2,2,N,N,39 55:18.066,75 09:18.831,2036, ,2025, ,0, , , ,0, , , , , ,604374, , , ,1,0,0,0,0,0,1,0,0,0,0,1,1,0,1,0,0,0,0,0,0,0,0,0,0,0,0,0,0,0,0,0,1,0,0,4,0,39.9217,-75.1552, , 
 ,54668,2013070494,6,67,67301,2013,6,6,2005,20,3,2,1,1,1, , ,N,1,2,0,3,0,0,3,3,N, ,39 59:12.570,75 10:21.975,2015, ,2011,2,2,6, , ,3,Y, , , , ,595439, , , ,3,3,0,0,0,0,0,0,0,0,0,0,0,0,1,0,0,1,0,0,0,0,0,0,0,0,0,0,0,0,0,0,0,0,0,9,0,39.9868,-75.1728, , 
 ,54669,2013093056,6,67,67301,2013,8,7,1300,13,1,1,1,4,1, , ,N,1,0,0,3,0,1,2,2,N, ,40 00:19.389,75 08:45.272,1305, ,1300, ,0, ,N, ,0, , , , , ,595458, , , ,1,1,0,0,0,0,0,0,1,0,0,1,1,0,0,0,0,0,0,0,1,0,0,0,0,0,0,0,0,0,0,0,0,0,0,4,0,40.0054,-75.1459, , 
 ,54670,2013093063,6,67,67301,2013,8,4,1600,16,1,1,0,7,2, , ,N,0,0,0,3,0,1,1,1,N,N,39 59:01.424,75 12:10.921,1613, ,1610, ,0, ,N, ,0, , , , , ,595459, , , ,1,0,1,0,0,0,0,0,0,0,1,0,1,0,0,0,0,0,0,0,0,0,0,0,0,0,0,0,0,0,0,0,0,0,0,3,0,39.9837,-75.203, , 
 ,54671,2013086869,6,67,67301,2013,7,1,1850,18,1,2,1,1,1, , ,N,0,0,0,3,0,1,3,2,N, ,39 59:48.170,75 09:00.420,1908, ,1906, ,0, , , ,0, , , , , ,595503, , , ,2,2,0,0,0,0,0,0,0,0,1,0,1,0,0,0,0,0,0,0,0,0,0,1,0,0,0,0,0,0,0,0,0,0,0,3,0,39.9967,-75.1501, , 
 ,54672,2013096039,6,67,67301,2013,8,5,1635,16,1,1,1,4,5, , ,N,1,2,0,3,0,1,2,2,N,N,39 57:47.164,75 09:58.469,1715, ,1705, ,0, ,N, ,3, , , , , ,595512, , , ,1,0,0,0,0,0,0,0,1,0,0,0,1,1,0,0,0,0,0,0,0,0,0,0,0,0,0,0,0,0,0,0,0,0,0,8,0,39.963,-75.1662, , 
 ,54673,2013121302,6,67,67301,2013,10,5,1710,17,1,1,0,6,1, , ,N,1,2,0,3,0,1,2,2,N,N,39 58:49.769,75 13:29.078,1713, ,1710,3,2,5,N, ,3,Y, , , , ,595529, , , ,2,2,0,0,0,0,0,0,0,0,0,0,1,1,0,0,0,0,0,1,0,0,0,0,0,0,0,0,0,0,0,0,0,0,0,8,0,39.9804,-75.2247, , 
 ,54674,2013077893,6,67,67301,2013,7,7,120,1,3,1,0,1,1, , ,N,1,2,0,3,0,0,5,3,N,N,40 02:50.960,75 08:34.014,126, ,123,1,2,2,N, ,3,N, , , , ,595532, , , ,3,2,0,0,0,0,1,0,0,0,0,0,0,0,4,0,0,0,0,0,1,0,0,0,0,0,0,0,0,0,0,0,0,0,0,9,0,40.0475,-75.1428, , 
 ,54675,2013086698,6,67,67301,2013,8,1,1532,15,1,1,0,1,1, , ,N,0,0,0,3,0,1,3,2,N,N,39 55:17.091,75 08:48.360,1551, ,1551,9,1,3,N, ,0,N, , , , ,595539, , , ,2,1,0,0,1,0,0,0,0,0,1,0,1,0,1,0,0,0,0,0,0,0,0,0,0,0,0,0,0,0,0,0,0,0,0,3,0,39.9214,-75.1468, , 
 ,54676,2013121112,6,67,67301,2013,11,6,1759,17,3,1,0,1,1, , ,N,0,0,0,3,0,0,3,3,N,N,40 00:31.718,75 12:17.871,1810, ,1802,1,2,3,N, ,0,N, , , , ,595556, , , ,3,3,0,0,0,0,0,0,0,0,0,0,0,0,0,0,0,0,0,0,1,0,0,0,0,0,0,0,0,0,0,0,0,0,0,0,0,40.0088,-75.205, , 
 ,54677,2013121401,6,67,67301,2013,10,1,9999,99,3,1,0,8,1, , ,N,1,3,0,3,0,1,2,2,N,N,39 55:09.793,75 10:50.131,1205, ,1205, ,0, ,N, ,3, , , , , ,595557, , , ,1,0,0,0,0,0,1,0,0,0,0,0,1,1,0,0,0,0,0,0,0,0,0,0,0,0,0,0,0,0,0,0,1,0,0,8,0,39.9194,-75.1806, , 