wz_ln_closure,objectid_1,crn,district,county,municipality,crash_year,crash_month,day_of_week,time_of_day,hour_of_day,illumination,weather,road_condition,collision_type,relation_to_road,work_zone_type,work_zone_loc,work_zone_ind,intersect_type,tcd_type,location_type,urban_rural,fatal_count,injury_count,person_count,total_units,sch_bus_ind,sch_zone_ind,latitude,longitude,arrival_tm,cons_zone_spd_lim,dispatch_tm,est_hrs_closed,lane_closed,ln_close_dir,ntfy_hiwy_maint,spec_juris_cd,tcd_func_cd,tfc_detour_ind,workers_pres,wz_close_detour,wz_flagger,wz_law_offcr_ind,objectid,wz_moving,wz_other,wz_shlder_mdn,vehicle_count,automobile_count,motorcycle_count,bus_count,small_truck_count,heavy_truck_count,suv_count,van_count,bicycle_count,maj_inj_count,mod_inj_count,min_inj_count,tot_inj_count,unk_inj_deg_count,unk_inj_per_count,driver_count_16yr,driver_count_17yr,driver_count_18yr,driver_count_19yr,driver_count_20yr,driver_count_50_64yr,driver_count_65_74yr,driver_count_75plus,unbelted_occ_count,unb_death_count,unb_maj_inj_count,belted_death_count,belted_maj_inj_count,mcycle_death_count,mcycle_maj_inj_count,bicycle_death_count,bicycle_maj_inj_count,ped_count,ped_death_count,ped_maj_inj_count,max_severity_level,comm_veh_count,dec_lat,dec_long,rdwy_surf_type_cd,county_name
 ,54810,2013070394,6,67,67301,2013,5,5,9999,99,1,1,0,1,1, , ,N,1,2,0,3,0,0,4,3,N,N,39 58:10.822,75 07:54.206,9999, ,9999, ,0, ,N, ,3, , , , , ,592894, , , ,3,3,0,0,0,0,0,0,0,0,0,0,0,0,0,0,0,0,0,0,0,0,0,3,0,0,0,0,0,0,0,0,0,0,0,0,0,39.9697,-75.1317, , 
 ,54811,2013096076,6,67,67301,2013,9,1,30,0,3,1,0,4,1, , ,N,1,3,0,3,0,0,4,2,N,N,40 00:46.291,75 04:18.659,36, ,32, ,0, ,N, ,3, , , , , ,592919, , , ,2,0,0,0,0,0,1,1,0,0,0,0,0,0,0,0,0,0,0,0,0,0,0,0,0,0,0,0,0,0,0,0,0,0,0,0,0,40.0129,-75.0718, , 
 ,54812,2013109357,6,67,67301,2013,9,3,2040,20,3,1,0,8,1, , ,N,0,0,0,3,0,1,2,2,N,N,40 01:56.841,75 10:08.984,2150, ,2141, ,0, ,N, ,0, , , , , ,592929, , , ,1,1,0,0,0,0,0,0,0,0,0,1,1,0,0,0,0,0,0,0,0,0,0,0,0,0,0,0,0,0,0,0,1,0,0,4,0,40.0325,-75.1692, , 
 ,54813,2013111724,6,67,67301,2013,10,3,1357,13,1,1,0,8,2, , ,N,0,0,0,3,0,1,2,2,N,N,39 57:42.835,75 09:29.131,1402, ,1400, ,0, ,N, ,0, , , , , ,592932, , , ,1,0,0,0,0,0,1,0,0,0,0,0,1,1,0,0,0,0,0,0,1,0,0,0,0,0,0,0,0,0,0,0,1,0,0,8,0,39.9619,-75.1581, , 
 ,54814,2013093572,6,67,67301,2013,8,1,1925,19,4,1,0,4,1, , ,N,1,2,0,3,0,2,2,2,N,N,40 03:42.317,75 03:21.839,1943, ,1933, ,0, ,N, ,3, , , , , ,595841, , , ,2,2,0,0,0,0,0,0,0,0,0,0,2,2,0,0,0,0,0,0,1,0,0,0,0,0,0,0,0,0,0,0,0,0,0,8,0,40.0618,-75.0561, , 
 ,54815,2013106696,6,67,67301,2013,9,2,1258,12,1,1,0,5,1, , ,N,1,2,0,3,0,0,3,2,N,N,39 57:32.239,75 13:44.330,1258, ,1258, ,0, ,N, ,3, , , , , ,595854, , , ,2,2,0,0,0,0,0,0,0,0,0,0,0,0,0,0,0,0,0,0,0,1,0,3,0,0,0,0,0,0,0,0,0,0,0,0,0,39.959,-75.229, , 
 ,54816,2013115361,6,67,67301,2013,10,6,2150,21,3,1,0,4,1, , ,N,2,2,7,3,0,1,4,3,N,N,39 54:09.565,75 09:08.096,2150, ,2150, ,0, ,N, ,3, , , , , ,595860, , , ,3,1,0,0,1,0,1,0,0,0,0,0,1,1,0,0,0,0,0,1,1,0,0,0,0,0,0,0,0,0,0,0,0,0,0,8,0,39.9027,-75.1522, , 
U,54817,2013122911,6,67,67301,2013,10,6,2130,21,3,1,0,7,2,8,8,Y,0,0,0,3,0,0,1,1,N,N,40 01:10.638,75 05:45.160,9999,99,9999, ,0, , , ,0, ,U,U,U,U,595865,U,U,U,1,1,0,0,0,0,0,0,0,0,0,0,0,0,0,0,0,0,0,0,0,0,0,0,0,0,0,0,0,0,0,0,0,0,0,0,0,40.0198,-75.0957, , 
 ,54818,2013065588,6,67,67301,2013,5,1,50,0,3,2,1,4,1, , ,N,1,2,0,3,0,2,3,2,N,N,39 58:18.644,75 14:41.701,50, ,50,3,2,7,N, ,3,Y, , , , ,595868, , , ,2,2,0,0,0,0,0,0,0,0,0,2,2,0,0,0,0,0,0,1,0,0,0,1,0,0,0,0,0,0,0,0,0,0,0,4,0,39.9719,-75.2448, , 
 ,54819,2013065668,6,67,67301,2013,6,2,2122,21,3,1,0,1,7, , ,N,0,0,0,3,0,1,2,2,N,N,39 57:53.919,75 08:16.181,2131, ,2125, ,0, ,N, ,0, , , , , ,595869, , , ,2,1,0,0,1,0,0,0,0,0,0,1,1,0,0,0,0,0,0,0,0,0,0,0,0,0,0,0,0,0,0,0,0,0,0,4,0,39.965,-75.1378, , 
 ,54820,2013070024,6,67,67301,2013,6,3,1500,15,1,2,1,8,1, , ,N,0,0,0,3,0,1,2,2,N, ,40 02:32.076,75 06:17.259,1509, ,1501, ,0, , , ,0, , , , , ,595871, , , ,1,0,0,0,0,0,1,0,0,0,0,1,1,0,0,0,0,0,0,0,0,0,0,0,0,0,0,0,0,0,0,0,1,0,0,4,0,40.0422,-75.1048, , 
 ,54821,2013070362,6,67,67301,2013,6,1,345,3,3,1,0,1,1, , ,N,0,0,0,3,0,2,3,2,N,N,40 01:37.027,75 06:58.677,355, ,349,1,1,4,N, ,0,Y, , , , ,595872, , , ,2,1,0,0,0,0,0,1,0,0,2,0,2,0,0,0,0,0,0,0,0,0,0,0,0,0,0,0,0,0,0,0,0,0,0,3,0,40.027,-75.1163, , 
 ,54822,2013070985,6,67,67301,2013,6,7,2147,21,3,1,0,5,6, , ,N,0,0,0,3,0,0,2,4,N,N,39 58:51.272,75 14:39.091,2150, ,2148, ,0, ,N, ,0, , , , , ,595873, , , ,4,2,0,0,1,0,1,0,0,0,0,0,0,0,0,0,0,0,0,0,0,0,0,0,0,0,0,0,0,0,0,0,0,0,0,0,0,39.9809,-75.2442, , 
 ,54823,2014000974,6,67,67301,2013,12,5,800,8,1,6,1,7,2, , ,N,0,0,0,3,0,0,1,1,N, ,39 55:18.655,75 11:25.787,815, ,800,1,2,4, , ,0,N, , , , ,595881, , , ,1,0,0,0,0,0,1,0,0,0,0,0,0,0,1,0,0,0,0,0,0,0,0,0,0,0,0,0,0,0,0,0,0,0,0,9,0,39.9218,-75.1905, , 
 ,54824,2014000975,6,67,67301,2013,11,3,1528,15,1,1,0,4,1, , ,N,1,3,0,3,0,6,6,2,N,N,40 03:04.104,75 04:28.081,1539, ,1537, ,0, ,N, ,3, , , , , ,595882, , , ,2,1,0,0,0,0,1,0,0,0,1,4,6,1,0,0,0,0,0,0,0,1,0,0,0,0,0,0,0,0,0,0,0,0,0,3,0,40.0511,-75.0745, , 
 ,54825,2014009870,6,67,67301,2013,12,1,1845,18,3,1,1,5,1, , ,N,0,0,0,3,0,1,2,2,N,N,39 58:45.240,75 13:02.504,1920, ,1900, ,0, ,N, ,0, , , , , ,595884, , , ,2,2,0,0,0,0,0,0,0,0,0,1,1,0,0,0,0,0,0,0,0,0,0,0,0,0,0,0,0,0,0,0,0,0,0,4,0,39.9792,-75.2174, , 
 ,54826,2014015553,6,67,67301,2013,9,2,1600,16,1,1,0,4,1, , ,N,0,0,0,3,0,1,2,2,N,N,39 55:07.134,75 12:28.158,0, ,0, ,0, ,N, ,0, , , , , ,595885, , , ,2,1,0,0,0,1,0,0,0,0,0,0,1,1,0,0,0,0,0,0,1,0,0,0,0,0,0,0,0,0,0,0,0,0,0,8,0,39.9186,-75.2078, , 
 ,54827,2013086276,6,67,67301,2013,6,7,1945,19,4,1,0,8,1, , ,N,0,0,0,3,0,1,2,2,N,N,39 59:41.971,75 07:15.020,2028, ,2022, ,0, ,N, ,0, , , , , ,595931, , , ,1,1,0,0,0,0,0,0,0,1,0,0,1,0,0,0,0,0,0,0,1,0,0,0,0,0,0,0,0,0,0,0,1,0,1,2,0,39.995,-75.1208, , 
 ,54828,2013086663,6,67,67301,2013,7,7,1815,18,1,1,0,4,1, , ,N,1,2,0,3,0,1,5,3,N,N,39 57:13.845,75 13:12.349,1823, ,1819,2,1,5,N, ,3,Y, , , , ,595933, , , ,3,2,0,0,0,0,1,0,0,0,0,0,1,1,0,0,0,0,0,0,1,0,0,0,0,0,0,0,0,0,0,0,0,0,0,8,0,39.9538,-75.2201, , 
 ,54829,2013106715,6,67,67301,2013,9,7,1525,15,1,1,0,6,1, , ,N,1,2,0,3,0,2,7,3,N,N,39 59:39.085,75 06:28.154,1535, ,1529, ,0, ,N, ,3, , , , , ,595957, , , ,3,1,0,0,0,1,0,1,0,0,0,2,2,0,0,0,0,0,0,0,0,0,0,0,0,0,0,0,0,0,0,0,0,0,0,4,0,39.9942,-75.1078, , 
 ,54830,2013070997,6,67,67301,2013,5,6,1748,17,1,1,0,1,1, , ,N,1,2,0,3,0,0,2,2,N, ,39 56:58.586,75 11:58.815,1750, ,1748, ,0, , , ,3, , , , , ,595965, , , ,2,2,0,0,0,0,0,0,0,0,0,0,0,0,0,0,0,0,0,0,0,0,0,2,0,0,0,0,0,0,0,0,0,0,0,0,0,39.9496,-75.1997, , 
 ,54831,2013080434,6,67,67301,2013,7,3,1550,15,1,1,0,8,1, , ,N,1,2,0,3,0,1,2,2,N,N,40 02:14.748,75 10:54.526,1621, ,1550, ,0, ,N, ,3, , , , , ,595974, , , ,1,1,0,0,0,0,0,0,0,0,0,1,1,0,0,0,0,0,0,0,0,1,0,0,0,0,0,0,0,0,0,0,1,0,0,4,0,40.0374,-75.1818, , 
 ,54832,2013070243,6,67,67301,2013,6,1,1310,13,1,1,0,1,1, , ,N,0,0,0,3,0,4,5,2,N,N,39 59:39.872,75 05:41.842,1350, ,1330, ,0, ,N, ,0, , , , , ,598777, , , ,2,2,0,0,0,0,0,0,0,0,0,0,4,4,0,0,0,0,0,0,0,0,0,0,0,0,0,0,0,0,0,0,0,0,0,8,0,39.9944,-75.0951, , 
 ,54833,2013092225,6,67,67301,2013,9,2,307,3,3,1,0,7,3, , ,N,0,0,2,3,0,0,1,1,N,N,39 57:28.089,75 10:47.997,307, ,307, ,0, ,N, ,0, , , , , ,598794, , , ,1,1,0,0,0,0,0,0,0,0,0,0,0,0,0,0,0,0,0,0,0,0,0,0,0,0,0,0,0,0,0,0,0,0,0,0,0,39.9578,-75.18, , 
 ,54834,2013093091,6,67,67301,2013,8,6,1507,15,1,1,0,8,1, , ,N,0,0,7,3,0,1,2,2,N,N,40 04:27.248,75 05:05.213,1528, ,1521,1,1,3,N, ,0,N, , , , ,598796, , , ,1,1,0,0,0,0,0,0,0,0,0,1,1,0,0,0,0,0,0,0,1,0,0,0,0,0,0,0,0,0,0,0,1,0,0,4,0,40.0742,-75.0848, , 
 ,54835,2013101023,6,67,67301,2013,9,4,2228,22,3,1,0,8,1, , ,N,0,0,7,3,0,2,3,3,N,N,40 02:45.254,75 10:37.830,2231, ,2229, ,0, ,N, ,0, , , , , ,598800, , , ,1,1,0,0,0,0,0,0,0,0,0,0,2,2,0,0,0,0,0,0,0,0,0,0,0,0,0,0,0,0,0,0,2,0,0,8,0,40.0459,-75.1772, , 
 ,54836,2013104008,6,67,67301,2013,9,5,1520,15,1,1,0,1,1, , ,N,2,2,0,3,0,2,6,2,N,N,40 03:03.348,75 02:10.090,1540, ,1526, ,0, ,N, ,3, , , , , ,598805, , , ,2,1,0,0,0,0,0,1,0,0,0,0,2,2,0,0,0,0,0,0,0,0,0,0,0,0,0,0,0,0,0,0,0,0,0,8,0,40.0509,-75.0361, , 
 ,54837,2013111728,6,67,67301,2013,10,5,1244,12,1,2,1,1,1, , ,N,0,2,0,3,0,1,3,2,N,N,40 06:16.709,75 00:06.725,1248, ,1245,1,1,2,N, ,3,N, , , , ,598811, , , ,2,1,0,0,0,1,0,0,0,0,1,0,1,0,0,0,0,0,0,1,0,0,0,0,0,0,0,0,0,0,0,0,0,0,0,3,1,40.1046,-75.0019, , 
 ,54838,2013124646,6,67,67301,2013,11,5,1023,10,1,1,0,8,1, , ,N,1,3,0,3,0,1,2,2,N,N,39 55:50.804,75 11:24.770,1027, ,1023, ,0, ,N, ,3, , , , , ,598826, , , ,1,0,0,0,0,0,0,1,0,0,0,1,1,0,0,0,0,0,0,1,0,0,0,0,0,0,0,0,0,0,0,0,1,0,0,4,0,39.9308,-75.1902, , 
 ,54839,2014009876,6,67,67301,2013,12,4,1900,19,3,1,0,4,1, , ,N,1,3,0,3,0,1,2,2,N,N,39 55:38.233,75 10:56.924,1905, ,1902,1,1,1,N, ,3,Y, , , , ,598831, , , ,1,1,0,0,0,0,0,0,1,0,1,0,1,0,0,0,0,0,0,0,0,0,0,0,0,0,0,0,0,0,0,0,0,0,0,3,0,39.9273,-75.1825, , 
 ,54840,2013084037,6,67,67301,2013,7,5,710,7,1,1,0,4,1, , ,N,1,2,0,3,0,3,4,2,N, ,40 00:30.590,75 05:01.650,723, ,718,1,1,2, , ,3,N, , , , ,598852, , , ,2,2,0,0,0,0,0,0,0,0,0,3,3,0,0,0,0,0,0,0,0,0,0,0,0,0,0,0,0,0,0,0,0,0,0,4,0,40.0085,-75.0838, , 
 ,54841,2013098343,6,67,67301,2013,8,4,1451,14,1,2,1,4,1, , ,N,0,0,7,3,0,1,3,2,N,N,40 00:06.695,75 13:12.450,1456, ,1451, ,0, ,N, ,0, , , , , ,598863, , , ,2,2,0,0,0,0,0,0,0,0,0,1,1,0,0,0,0,0,0,0,0,0,1,0,0,0,0,0,0,0,0,0,0,0,0,4,0,40.0019,-75.2201, , 
 ,54842,2013066875,6,67,67301,2013,1,2,600,6,5,1,0,4,1, , ,N,1,2,0,3,0,1,3,2,N,N,40 05:07.207,75 12:37.474,0, ,0, ,0, ,N, ,3, , , , , ,598878, , , ,2,2,0,0,0,0,0,0,0,0,0,0,1,1,0,0,0,0,0,0,0,0,0,0,0,0,0,0,0,0,0,0,0,0,0,8,0,40.0853,-75.2104, , 
 ,54843,2013088113,6,67,67301,2013,7,3,2224,22,3,9,8,4,1, , ,N,0,0,0,3,0,1,3,2,N,N,40 03:16.921,75 08:52.202,2306, ,2249, ,0, ,N, ,0, , , , , ,598897, , , ,2,1,0,0,0,0,1,0,0,0,0,1,1,0,0,0,0,0,0,0,0,0,0,0,0,0,0,0,0,0,0,0,0,0,0,4,0,40.0547,-75.1478, , 
 ,54844,2013130031,6,67,67301,2013,11,2,2105,21,3,1,0,4,1, , ,N,0,0,7,3,0,0,8,2,N, ,40 00:38.335,75 09:54.490,2119, ,2119, ,0, , , ,0, , , , , ,598936, , , ,2,0,0,0,0,1,0,0,0,0,0,0,0,0,0,0,0,0,0,0,0,0,0,0,0,0,0,0,0,0,0,0,0,0,0,0,0,40.0106,-75.1651, , 
 ,54845,2014003478,6,67,67301,2013,11,3,2250,22,3,2,1,1,1, , ,N,0,0,0,3,0,1,3,2,N,Y,39 58:42.845,75 06:36.453,2304, ,2254,2,1,1,N, ,0,N, , , , ,598944, , , ,2,1,0,0,0,0,1,0,0,0,1,0,1,0,0,0,0,0,0,0,0,0,0,0,0,0,0,0,0,0,0,0,0,0,0,3,0,39.9785,-75.1102, , 
 ,54846,2014006883,6,67,67301,2013,12,1,1252,12,1,4,5,4,1, , ,N,10,0,0,3,0,0,2,2,N,N,40 02:11.673,75 11:53.559,1310, ,1252, ,0, ,N, ,0, , , , , ,598946, , , ,2,2,0,0,0,0,0,0,0,0,0,0,0,0,0,0,0,0,0,0,1,0,0,2,0,0,0,0,0,0,0,0,0,0,0,0,0,40.0366,-75.1982, , 
 ,54847,2013065573,6,67,67301,2013,5,1,1214,12,1,1,0,4,1, , ,N,1,2,0,3,0,3,3,2,N, ,39 57:40.702,75 10:30.178,1217, ,1215, ,0, , , ,3, , , , , ,598950, , , ,2,1,0,0,0,0,1,0,0,0,0,0,3,3,0,0,1,0,0,0,0,0,0,0,0,0,0,0,0,0,0,0,0,0,0,8,0,39.9613,-75.175, , 
 ,54848,2013070275,6,67,67301,2013,6,2,1910,19,4,2,1,4,1, , ,N,1,3,0,3,0,1,3,2,N,N,40 00:49.737,75 08:17.969,2246, ,2244, ,0, ,N, ,3, , , , , ,598955, , , ,2,2,0,0,0,0,0,0,0,0,0,1,1,0,0,0,0,0,0,0,0,0,0,0,0,0,0,0,0,0,0,0,0,0,0,4,0,40.0138,-75.1383, , 
 ,54849,2013070312,6,67,67301,2013,6,1,410,4,3,1,0,7,4, , ,N,1,2,0,3,0,0,1,1,N,N,39 59:23.218,75 06:14.002,421, ,413, ,0, ,N, ,3, , , , , ,598956, , , ,1,1,0,0,0,0,0,0,0,0,0,0,0,0,0,0,0,0,0,0,0,0,0,0,0,0,0,0,0,0,0,0,0,0,0,0,0,39.9898,-75.1039, , 
 ,54850,2012018702,6,46,46102,2012,2,6,1257,12,1,1,0,4,1, , ,N,2,0,0,3,0,2,2,3,N,N,40 03:31.759,75 07:53.913,1303, ,1257,1,2,4,N, ,0,Y, , , , ,635151, , , ,2,1,0,0,0,0,1,0,0,0,0,0,2,2,0,0,0,0,0,0,0,1,0,0,0,0,0,0,0,0,0,0,0,0,0,8,0,40.0587,-75.1317, , 
 ,54851,2012034809,6,67,67301,2012,3,7,1742,17,3,1,0,1,1, , ,N,0,2,0,3,0,6,7,2,N,N,40 01:35.861,75 07:06.588,1755, ,1745,1,1,2,N, ,3,N, , , , ,635158, , , ,2,1,0,0,0,0,1,0,0,0,0,0,6,6,0,0,0,0,0,0,0,0,0,0,0,0,0,0,0,0,0,0,0,0,0,8,0,40.0267,-75.1183, , 
 ,54852,2012070921,6,67,67301,2012,4,2,50,0,3,2,7,5,1, , ,N,0,0,0,3,0,1,2,2,N,N,39 55:50.406,75 11:55.923,516, ,502,2,1,3,N, ,0,N, , , , ,635186, , , ,2,1,0,0,0,1,0,0,0,0,0,1,1,0,0,0,0,0,0,0,0,0,0,1,0,0,0,0,0,0,0,0,0,0,0,4,1,39.9307,-75.1989, , 
 ,54853,2012026179,6,67,67301,2012,1,1,1043,10,1,1,0,4,1, , ,N,1,3,0,3,0,0,2,2,N, ,39 56:35.516,75 09:30.711,1046, ,1043, ,0, , , ,3, , , , , ,635208, , , ,2,1,0,0,1,0,0,0,0,0,0,0,0,0,0,0,0,0,0,0,0,0,0,0,0,0,0,0,0,0,0,0,0,0,0,0,0,39.9432,-75.1585, , 
 ,54854,2012049656,6,67,67301,2012,4,6,9999,99,1,1,0,4,1, , ,N,1,3,0,3,0,1,2,2,N,Y,39 58:32.289,75 13:40.641,900, ,750, ,0, ,N, ,3, , , , , ,635226, , , ,2,2,0,0,0,0,0,0,0,0,0,0,1,1,0,0,0,0,0,0,0,0,0,0,0,0,0,0,0,0,0,0,0,0,0,8,0,39.9756,-75.228, , 
 ,54855,2012014075,6,67,67301,2012,2,1,653,6,5,1,0,7,4, , ,N,0,0,0,3,0,1,1,1,N,N,39 57:34.110,75 10:28.662,657, ,655,1,1,3,N, ,0,N, , , , ,635248, , , ,1,1,0,0,0,0,0,0,0,0,0,1,1,0,0,0,0,0,0,0,0,0,0,0,0,0,0,0,0,0,0,0,0,0,0,4,0,39.9595,-75.1746, , 
 ,54856,2012015440,6,67,67301,2012,1,2,935,9,1,1,0,4,1, , ,N,1,2,0,3,0,0,5,2,N,N,39 59:40.373,75 09:33.635,1036, ,1031, ,0, , , ,3, , , , , ,635249, , , ,2,2,0,0,0,0,0,0,0,0,0,0,0,0,1,0,0,0,0,0,1,0,0,1,0,0,0,0,0,0,0,0,0,0,0,9,0,39.9945,-75.1593, , 
 ,54857,2012032594,6,67,67301,2012,2,1,925,9,1,1,0,4,1, , ,N,1,2,0,3,0,3,4,2,N,N,40 02:07.082,75 04:14.554,935, ,930,1,2,2,N, ,3,Y, , , , ,635260, , , ,2,2,0,0,0,0,0,0,0,0,0,3,3,0,0,0,0,0,0,0,0,0,0,1,0,0,0,0,0,0,0,0,0,0,0,4,0,40.0353,-75.0706, , 
 ,54858,2012041466,6,67,67301,2012,3,5,1434,14,1,1,0,1,1, , ,N,0,0,7,3,0,4,6,3,N,N,40 00:36.708,75 09:57.969,1436, ,1436,1,2,3,N, ,0,N, , , , ,635270, , , ,3,1,0,0,2,0,0,0,0,0,0,0,4,4,0,0,0,0,0,0,1,0,0,0,0,0,0,0,0,0,0,0,0,0,0,8,0,40.0102,-75.1661, , 
 ,54859,2012041730,6,67,67301,2012,3,7,1230,12,1,1,0,4,1, , ,N,1,2,0,3,0,1,7,4,N,N,40 02:40.636,75 03:16.819,1250, ,1241,2,2,2,N, ,3,Y, , , , ,635271, , , ,4,4,0,0,0,0,0,0,0,0,0,1,1,0,0,0,0,0,0,0,0,0,0,0,0,0,0,0,0,0,0,0,0,0,0,4,0,40.0446,-75.0547, , 
 ,54860,2012041735,6,67,67301,2012,3,4,730,7,1,1,0,4,1, , ,N,3,2,7,3,0,1,3,2,N,N,39 57:51.984,75 08:03.331,740, ,730, ,0, ,N, ,3, , , , , ,635272, , , ,2,2,0,0,0,0,0,0,0,0,0,0,1,1,0,0,0,0,0,0,1,0,0,0,0,0,0,0,0,0,0,0,0,0,0,8,0,39.9644,-75.1343, , 
 ,54861,2012015494,6,67,67301,2012,1,5,1250,12,1,2,2,7,5, , ,N,0,0,0,3,0,0,1,1,N, ,40 07:10.632,75 00:31.370,1305, ,1305, ,0, ,N, ,0, , , , , ,635293, , , ,1,1,0,0,0,0,0,0,0,0,0,0,0,0,0,0,0,0,0,0,0,0,1,0,0,0,0,0,0,0,0,0,0,0,0,0,0,40.1196,-75.0087, , 
 ,54862,2012017938,6,67,67301,2012,1,1,230,2,3,4,1,1,1, , ,N,0,0,0,3,0,0,3,2,N,N,40 02:24.847,75 02:48.812,245, ,245, ,0, ,N, ,0, , , , , ,635296, , , ,2,1,0,0,1,0,0,0,0,0,0,0,0,0,0,0,0,0,0,0,0,0,0,1,0,0,0,0,0,0,0,0,0,0,0,0,0,40.0402,-75.0469, , 
 ,54863,2012047257,6,67,67301,2012,4,6,200,2,3,1,0,5,1, , ,N,0,0,0,3,0,0,2,2,N,N,39 56:45.360,75 11:54.888,215, ,207, ,0, ,N, ,0, , , , , ,635318, , , ,2,1,0,0,0,1,0,0,0,0,0,0,0,0,0,0,0,0,0,0,0,0,0,0,0,0,0,0,0,0,0,0,0,0,0,0,1,39.9459,-75.1986, , 
 ,54864,2012048196,6,67,67301,2012,3,1,935,9,1,9,1,4,1, , ,N,1,3,0,3,0,1,3,2,N,N,40 00:37.740,75 09:38.782,937, ,937, ,0, ,N, ,3, , , , , ,635319, , , ,2,2,0,0,0,0,0,0,0,0,0,1,1,0,0,1,0,0,0,0,0,1,0,0,0,0,0,0,0,0,0,0,0,0,0,4,0,40.0105,-75.1608, , 
 ,54865,2012049671,6,67,67301,2012,4,4,1835,18,1,2,1,4,1, , ,N,0,0,0,3,0,0,5,3,N,N,40 01:29.216,75 08:52.279,1844, ,1841, ,0, ,N, ,0, , , , , ,635321, , , ,3,1,0,0,0,0,1,1,0,0,0,0,0,0,0,0,0,0,0,0,1,0,0,0,0,0,0,0,0,0,0,0,0,0,0,0,0,40.0248,-75.1479, , 
 ,54866,2012012617,6,67,67301,2012,1,3,430,4,3,9,8,5,6, , ,N,0,0,0,3,0,0,1,2,N,N,39 59:12.717,75 10:23.084,754, ,749, ,0, ,N, ,0, , , , , ,635344, , , ,2,1,0,0,0,0,0,1,0,0,0,0,0,0,1,0,0,0,0,0,0,0,0,0,0,0,0,0,0,0,0,0,0,0,0,9,0,39.9869,-75.1731, , 
 ,54867,2012020447,6,67,67301,2012,1,6,1700,17,3,1,0,8,1, , ,N,0,2,0,3,0,1,2,2,N,N,39 56:56.431,75 09:41.582,1722, ,1720, ,0, ,N, ,3, , , , , ,635352, , , ,1,1,0,0,0,0,0,0,0,0,0,0,1,1,0,0,0,0,0,0,1,0,0,0,0,0,0,0,0,0,0,0,1,0,0,8,0,39.949,-75.1616, , 
 ,54868,2012021602,6,67,67301,2012,2,5,1422,14,1,1,0,7,3, , ,N,0,0,0,3,0,1,1,1,N,N,39 53:28.556,75 14:17.884,1448, ,1425, ,0, ,N, ,0, , , , , ,635354, , , ,1,0,0,0,0,0,1,0,0,0,0,1,1,0,0,0,0,0,0,0,0,0,0,1,0,0,0,0,0,0,0,0,0,0,0,4,0,39.8913,-75.2383, , 
 ,54869,2012026275,6,67,67301,2012,2,1,1300,13,1,1,0,4,1, , ,N,1,3,0,3,0,1,2,2,N,N,39 59:35.354,75 08:08.984,1330, ,1330, ,0, ,N, ,3, , , , , ,635397, , , ,1,0,0,0,0,0,1,0,1,0,1,0,1,0,0,0,0,0,0,0,0,0,0,1,0,0,0,0,0,0,0,0,0,0,0,3,0,39.9932,-75.1358, , 
 ,54870,2012028141,6,67,67301,2012,2,3,9999,99,1,1,0,4,1, , ,N,1,3,0,3,0,0,2,2,N, ,40 03:36.352,75 04:12.241,1431, ,1429, ,0, , , ,3, , , , , ,635398, , , ,2,1,0,0,0,0,1,0,0,0,0,0,0,0,0,0,0,0,0,0,0,0,1,0,0,0,0,0,0,0,0,0,0,0,0,0,0,40.0601,-75.0701, , 
 ,54871,2012032603,6,67,67301,2012,2,1,1815,18,3,1,0,8,1, , ,N,0,0,0,3,0,1,2,2,N,N,39 56:42.550,75 08:30.536,1820, ,1818,9,1,1, , ,0,Y, , , , ,635463, , , ,1,1,0,0,0,0,0,0,0,1,0,0,1,0,0,0,0,0,0,0,0,0,0,0,0,0,0,0,0,0,0,0,1,0,1,2,0,39.9452,-75.1418, , 
 ,54872,2012035137,6,67,67301,2012,2,4,2253,22,3,2,1,7,2, , ,N,2,0,0,3,0,1,1,1,N,N,40 01:19.801,75 04:32.433,2327, ,2315,2,1,4,N, ,0,N, , , , ,635466, , , ,1,0,0,0,1,0,0,0,0,0,0,0,1,1,0,0,0,0,0,0,0,0,0,0,0,0,0,0,0,0,0,0,0,0,0,8,0,40.0222,-75.0757, , 
 ,54873,2012041541,6,67,67301,2012,3,6,1435,14,1,1,0,7,2, , ,N,1,2,0,3,0,1,2,1,N,N,40 04:09.505,75 00:26.083,1450, ,1445, ,0, ,N, ,3, , , , , ,635476, , , ,1,0,1,0,0,0,0,0,0,0,1,0,1,0,0,0,0,0,0,0,1,0,0,0,0,0,0,0,0,0,0,0,0,0,0,3,0,40.0692,-75.0073, , 
 ,54874,2012017915,6,67,67301,2012,1,7,1350,13,1,1,0,2,1, , ,N,0,0,0,3,0,0,2,2,N,N,40 05:06.394,75 02:11.721,1353, ,1350, ,0, ,N, ,0, , , , , ,635489, , , ,2,1,0,0,0,0,1,0,0,0,0,0,0,0,0,0,0,0,0,0,0,0,0,0,0,0,0,0,0,0,0,0,0,0,0,0,0,40.0851,-75.0366, , 
 ,54875,2012021015,6,67,67301,2012,1,7,9999,99,3,1,0,1,1, , ,N,1,2,0,3,0,1,3,6,N,N,39 57:06.693,75 10:18.893,2328, ,2325, ,0, ,N, ,3, , , , , ,635493, , , ,6,6,0,0,0,0,0,0,0,0,1,0,1,0,2,0,0,0,0,0,1,0,0,3,0,0,0,0,0,0,0,0,0,0,0,3,0,39.9519,-75.1719, , 
 ,54876,2012032559,6,67,67301,2012,2,1,2300,23,3,1,0,8,1, , ,N,2,3,0,3,0,1,2,2,N,N,39 58:40.908,75 16:00.495,5, ,0, ,0, ,N, ,3, , , , , ,635502, , , ,1,1,0,0,0,0,0,0,0,0,0,1,1,0,0,0,0,0,0,0,0,0,0,0,0,0,0,0,0,0,0,0,1,0,0,4,0,39.978,-75.2668, , 