wz_ln_closure,objectid_1,crn,district,county,municipality,crash_year,crash_month,day_of_week,time_of_day,hour_of_day,illumination,weather,road_condition,collision_type,relation_to_road,work_zone_type,work_zone_loc,work_zone_ind,intersect_type,tcd_type,location_type,urban_rural,fatal_count,injury_count,person_count,total_units,sch_bus_ind,sch_zone_ind,latitude,longitude,arrival_tm,cons_zone_spd_lim,dispatch_tm,est_hrs_closed,lane_closed,ln_close_dir,ntfy_hiwy_maint,spec_juris_cd,tcd_func_cd,tfc_detour_ind,workers_pres,wz_close_detour,wz_flagger,wz_law_offcr_ind,objectid,wz_moving,wz_other,wz_shlder_mdn,vehicle_count,automobile_count,motorcycle_count,bus_count,small_truck_count,heavy_truck_count,suv_count,van_count,bicycle_count,maj_inj_count,mod_inj_count,min_inj_count,tot_inj_count,unk_inj_deg_count,unk_inj_per_count,driver_count_16yr,driver_count_17yr,driver_count_18yr,driver_count_19yr,driver_count_20yr,driver_count_50_64yr,driver_count_65_74yr,driver_count_75plus,unbelted_occ_count,unb_death_count,unb_maj_inj_count,belted_death_count,belted_maj_inj_count,mcycle_death_count,mcycle_maj_inj_count,bicycle_death_count,bicycle_maj_inj_count,ped_count,ped_death_count,ped_maj_inj_count,max_severity_level,comm_veh_count,dec_lat,dec_long,rdwy_surf_type_cd,county_name
 ,54877,2012032734,6,67,67301,2012,2,5,1100,11,1,1,0,8,1, , ,N,1,0,0,3,0,1,2,2,N,N,39 58:13.489,75 08:47.550,1105, ,1101, ,0, ,N, ,0, , , , , ,635503, , , ,1,1,0,0,0,0,0,0,0,0,0,0,1,1,0,0,0,0,0,0,0,0,0,0,0,0,0,0,0,0,0,0,1,0,0,8,0,39.9703,-75.1466, , 
 ,54878,2012049647,6,67,67301,2012,4,1,0,0,3,1,0,1,1, , ,N,1,2,0,3,0,1,5,2,N,N,39 57:39.193,75 08:36.072,154, ,154, ,0, ,N, ,3, , , , , ,635520, , , ,2,1,0,0,0,0,1,0,0,0,0,1,1,0,0,0,0,0,0,0,0,0,0,0,0,0,0,0,0,0,0,0,0,0,0,4,0,39.9608,-75.1435, , 
 ,54879,2012011821,6,67,67301,2012,1,4,2318,23,3,4,6,1,1, , ,N,0,0,0,3,0,0,2,2,N,N,39 55:56.595,75 12:00.008,23, ,23, ,0, ,N, ,0, , , , , ,635528, , , ,2,2,0,0,0,0,0,0,0,0,0,0,0,0,0,0,0,0,0,0,0,0,0,0,0,0,0,0,0,0,0,0,0,0,0,0,0,39.9324,-75.2, , 
 ,54880,2012014819,6,67,67301,2012,1,3,647,6,1,1,0,1,1, , ,N,0,0,0,3,0,1,3,3,N,N,39 59:09.594,75 05:34.449,701, ,649, ,0, ,N, ,0, , , , , ,635532, , , ,3,2,0,0,0,0,1,0,0,0,0,0,1,1,0,0,0,0,0,0,0,0,0,0,0,0,0,0,0,0,0,0,0,0,0,8,0,39.9861,-75.0928, , 
 ,54881,2012066445,6,67,67301,2012,5,5,1600,16,1,2,1,4,1, , ,N,1,2,0,3,0,3,3,2,N,N,39 55:18.066,75 14:33.727,1948, ,1945, ,0, , , ,3, , , , , ,635566, , , ,2,2,0,0,0,0,0,0,0,0,0,3,3,0,0,0,0,0,0,0,0,0,0,0,0,0,0,0,0,0,0,0,0,0,0,4,0,39.9217,-75.2427, , 
 ,54882,2012067090,6,67,67301,2012,6,7,1232,12,1,1,0,4,1, , ,N,1,3,0,3,0,1,7,2,N,N,39 55:46.945,75 10:42.049,1243, ,1240,1,2,1,N, ,3,Y, , , , ,635568, , , ,2,2,0,0,0,0,0,0,0,1,0,0,1,0,0,0,1,0,0,0,0,0,0,0,0,0,0,0,0,0,0,0,0,0,0,2,0,39.9297,-75.1783, , 
 ,54883,2012068786,6,67,67301,2012,6,6,2240,22,3,1,0,1,1, , ,N,3,0,0,3,0,1,2,2,N,N,40 01:09.746,75 08:43.108,2248, ,2241,2,2,1,N, ,0,Y, , , , ,635572, , , ,2,0,1,0,1,0,0,0,0,0,0,1,1,0,0,0,0,0,0,0,0,0,0,0,0,0,0,0,0,0,0,0,0,0,0,4,0,40.0194,-75.1453, , 
 ,54884,2012014071,6,67,67301,2012,1,3,1726,17,2,1,0,1,1, , ,N,0,0,0,3,0,0,2,2,N,N,40 01:30.728,75 01:43.849,1737, ,1729, ,0, ,N, ,0, , , , , ,635578, , , ,2,1,0,0,1,0,0,0,0,0,0,0,0,0,1,0,0,1,0,0,0,0,0,0,0,0,0,0,0,0,0,0,0,0,0,9,0,40.0251,-75.0291, , 
 ,54885,2012048273,6,67,67301,2012,4,2,930,9,1,1,0,5,6, , ,N,0,0,0,3,0,0,1,2,N, ,39 55:20.790,75 10:28.690,935, ,933, ,0, , , ,0, , , , , ,635607, , , ,2,1,0,0,1,0,0,0,0,0,0,0,0,0,0,0,0,0,0,0,0,0,0,0,0,0,0,0,0,0,0,0,0,0,0,0,0,39.9224,-75.1746, , 
 ,54886,2012027767,6,67,67301,2012,1,5,1,0,3,1,0,4,6, , ,N,0,0,0,3,0,1,1,2,N,N,40 05:59.989,75 01:17.486,10, ,8,2,1,4,N, ,0,N, , , , ,635638, , , ,2,2,0,0,0,0,0,0,0,0,0,1,1,0,0,0,0,0,0,0,0,0,0,0,0,0,0,0,0,0,0,0,0,0,0,4,0,40.1,-75.0215, , 
 ,54887,2013124819,6,67,67301,2013,11,3,1755,17,3,2,1,1,1, , ,N,0,0,0,3,0,1,3,2,N,N,39 57:35.814,75 08:25.367,1815, ,1803, ,0, ,N, ,0, , , , , ,628575, , , ,2,2,0,0,0,0,0,0,0,0,0,0,1,1,0,0,0,1,0,0,0,0,0,0,0,0,0,0,0,0,0,0,0,0,0,8,0,39.9598,-75.1404, , 
 ,54888,2014006868,6,67,67301,2013,11,1,400,4,3,1,0,4,1, , ,N,1,2,0,3,0,3,6,3,N, ,40 04:50.820,75 01:42.117,407, ,402,1,1,1, , ,3,N, , , , ,628587, , , ,3,1,0,0,1,0,1,0,0,0,0,0,3,3,1,0,0,0,0,0,0,0,0,0,0,0,0,0,0,0,0,0,0,0,0,8,0,40.0808,-75.0284, , 
 ,54889,2013129403,6,67,67301,2013,11,2,825,8,1,1,0,1,4, , ,N,1,4,0,3,0,2,3,2,N, ,39 56:45.165,75 14:24.752,1340, ,9999, ,0, , , ,3, , , , , ,628591, , , ,2,2,0,0,0,0,0,0,0,0,0,2,2,0,1,0,0,0,0,0,1,0,0,0,0,0,0,0,0,0,0,0,0,0,0,4,0,39.9459,-75.2403, , 
 ,54890,2013131716,6,67,67301,2013,12,1,1042,10,1,1,1,7,2, , ,N,0,0,0,3,0,1,1,1,N,N,39 56:44.739,75 11:24.294,1046, ,1043,1,1,3,N, ,0,Y, , , , ,628595, , , ,1,1,0,0,0,0,0,0,0,1,0,0,1,0,0,0,0,0,0,1,0,0,0,0,0,0,0,1,0,0,0,0,0,0,0,2,0,39.9458,-75.1901, , 
 ,54891,2013096009,6,67,67301,2013,8,6,1150,11,1,1,0,4,1, , ,N,1,3,0,3,0,2,2,2,N,N,40 01:03.407,75 09:17.178,1205, ,1202,2,2,7,N, ,3,Y, , , , ,628608, , , ,2,2,0,0,0,0,0,0,0,0,0,2,2,0,0,0,0,0,0,0,1,0,0,0,0,0,0,0,0,0,0,0,0,0,0,4,0,40.0176,-75.1548, , 
 ,54892,2013125929,6,67,67301,2013,11,7,1015,10,1,1,0,4,1, , ,N,1,2,0,3,0,2,4,2,N,N,40 02:15.774,75 02:32.795,1020, ,1017,2,1,6,N, ,3,N, , , , ,628624, , , ,2,2,0,0,0,0,0,0,0,0,0,2,2,0,0,0,0,0,0,0,0,1,0,0,0,0,0,0,0,0,0,0,0,0,0,4,0,40.0377,-75.0425, , 
 ,54893,2014006852,6,67,67301,2013,12,2,1850,18,3,4,1,8,1, , ,N,2,0,0,3,0,1,2,2,N,N,40 04:25.140,75 09:38.541,1907, ,1900, ,0, ,N, ,0, , , , , ,628633, , , ,1,1,0,0,0,0,0,0,0,0,0,1,1,0,0,0,0,0,0,0,1,0,0,0,0,0,0,0,0,0,0,0,1,0,0,4,0,40.0737,-75.1607, , 
 ,54894,2014017004,6,67,67301,2013,11,6,502,5,3,2,1,1,1, , ,N,2,2,0,3,0,1,3,3,N,N,39 58:56.525,75 15:51.966,505, ,502,1,1,2,N, ,3,Y, , , , ,628634, , , ,3,2,0,0,0,1,0,0,0,0,0,0,1,1,0,0,0,0,0,0,0,0,0,0,0,0,0,0,0,0,0,0,0,0,0,8,1,39.9823,-75.2644, , 
 ,54895,2013109384,6,67,67301,2013,10,4,657,6,1,1,0,4,1, , ,N,1,2,0,3,0,0,2,2,N, ,40 04:14.685,75 09:26.643,703, ,659,2,2,3, , ,3,Y, , , , ,628647, , , ,2,2,0,0,0,0,0,0,0,0,0,0,0,0,0,0,0,0,0,0,1,0,0,0,0,0,0,0,0,0,0,0,0,0,0,0,0,40.0707,-75.1574, , 
 ,54896,2013111455,6,67,67301,2013,11,1,1346,13,1,1,0,1,1, , ,N,0,0,0,3,0,1,6,2,N,N,39 59:50.730,75 11:46.122,1346, ,1346, ,0, ,N, ,0, , , , , ,628651, , , ,2,1,0,0,0,0,1,0,0,0,0,0,1,1,0,0,0,0,0,0,1,0,0,0,0,0,0,0,0,0,0,0,0,0,0,8,0,39.9974,-75.1961, , 
 ,54897,2013125978,6,67,67301,2013,5,2,9999,99,1,1,0,8,1, , ,N,1,2,0,3,0,1,2,2,N,N,40 03:45.318,75 10:14.844,1650, ,1634, ,0, ,N, ,3, , , , , ,628679, , , ,1,1,0,0,0,0,0,0,0,0,0,0,1,1,0,0,0,0,0,0,0,0,0,0,0,0,0,0,0,0,0,0,1,0,0,8,0,40.0626,-75.1708, , 
 ,54898,2013125937,6,67,67301,2013,11,3,1030,10,1,2,1,1,1, , ,N,1,2,0,3,0,1,2,2,N,N,40 06:51.780,74 59:17.002,1030, ,1025, ,0, ,N, ,3, , , , , ,628696, , , ,2,1,0,0,1,0,0,0,0,0,0,1,1,0,0,0,0,0,0,0,1,0,0,0,0,0,0,0,0,0,0,0,0,0,0,4,0,40.1143,-74.9879, , 
 ,54899,2014009726,6,67,67301,2013,12,2,1715,17,3,1,1,4,1, , ,N,1,2,0,3,0,1,2,2,N,N,40 05:04.029,75 02:18.148,1725, ,1723, ,0, ,N, ,3, , , , , ,628706, , , ,2,2,0,0,0,0,0,0,0,0,0,1,1,0,0,0,0,0,0,0,1,0,0,0,0,0,0,0,0,0,0,0,0,0,0,4,0,40.0845,-75.0384, , 
 ,54900,2013125863,6,67,67301,2013,11,2,855,8,1,1,0,4,1, , ,N,1,3,0,3,0,2,2,2,N,N,40 02:56.557,75 05:40.778,900, ,856, ,0, ,N, ,3, , , , , ,628721, , , ,2,2,0,0,0,0,0,0,0,0,1,1,2,0,0,0,0,0,0,0,1,0,0,0,0,0,0,0,0,0,0,0,0,0,0,3,0,40.049,-75.0947, , 
 ,54901,2013125872,6,67,67301,2013,11,7,104,1,3,2,1,7,5, , ,N,0,0,0,3,0,3,3,1,N,N,40 04:16.171,75 02:59.409,108, ,105, ,0, ,N, ,0, , , , , ,628722, , , ,1,1,0,0,0,0,0,0,0,0,0,3,3,0,0,0,0,0,0,0,0,0,0,2,0,0,0,0,0,0,0,0,0,0,0,4,0,40.0712,-75.0498, , 
 ,54902,2013130089,6,67,67301,2013,11,3,700,7,1,1,0,4,1, , ,N,1,3,0,3,0,2,2,2,N,N,40 01:26.830,75 03:24.736,715, ,708,1,1,3,N, ,3,N, , , , ,628726, , , ,2,0,0,0,0,0,0,1,0,0,0,0,2,2,0,0,0,0,0,0,0,0,0,0,0,0,0,0,0,0,0,0,0,0,0,8,0,40.0241,-75.0569, , 
 ,54903,2013121116,6,67,67301,2013,11,1,922,9,1,1,0,1,1, , ,N,0,0,0,3,0,0,2,2,N,N,40 01:24.262,75 02:03.803,930, ,924,1,1,2,N, ,0,N, , , , ,628736, , , ,2,2,0,0,0,0,0,0,0,0,0,0,0,0,0,0,0,0,0,0,0,0,0,0,0,0,0,0,0,0,0,0,0,0,0,0,0,40.0234,-75.0344, , 
 ,54904,2013123057,6,67,67301,2013,10,5,9999,99,1,1,0,4,1, , ,N,1,3,0,3,0,1,2,2,N, ,40 00:54.612,75 06:41.439,831, ,822, ,0, , , ,3, , , , , ,628739, , , ,2,2,0,0,0,0,0,0,0,0,0,1,1,0,0,0,0,0,0,0,0,0,0,0,0,0,0,0,0,0,0,0,0,0,0,4,0,40.0152,-75.1115, , 
 ,54905,2012036934,6,46,46102,2012,3,1,2043,20,3,1,0,4,1, , ,N,1,2,0,3,0,2,3,2,N,N,40 03:55.027,75 05:25.289,2048, ,2044, ,0, ,N, ,3, , , , , ,631478, , , ,2,2,0,0,0,0,0,0,0,0,0,1,2,1,0,0,0,0,0,0,0,0,0,1,0,0,0,0,0,0,0,0,0,0,0,4,0,40.0653,-75.0904, , 
 ,54906,2012052677,6,67,67301,2012,4,2,9999,99,1,1,0,4,1, , ,N,1,3,0,3,0,1,2,2,N,N,40 03:58.690,75 10:49.864,1000, ,954, ,0, ,N, ,3, , , , , ,631487, , , ,2,1,0,0,0,0,1,0,0,0,0,0,1,1,0,0,0,0,0,0,0,1,1,0,0,0,0,0,0,0,0,0,0,0,0,8,0,40.0663,-75.1805, , 
 ,54907,2012020592,6,67,67301,2012,1,3,735,7,1,1,0,4,1, , ,N,0,0,7,3,0,3,3,2,N,N,39 55:22.108,75 11:02.796,740, ,738,2,2,6,N, ,0,Y, , , , ,631512, , , ,2,1,0,0,1,0,0,0,0,0,0,0,3,3,0,0,0,0,0,0,0,0,0,0,0,0,0,0,0,0,0,0,0,0,0,8,0,39.9228,-75.1846, , 
 ,54908,2012026109,6,67,67301,2012,2,6,417,4,3,1,0,4,6, , ,N,0,0,0,3,0,2,2,6,N,N,40 01:26.687,75 07:50.519,426, ,420,9,1,1,N, ,0,N, , , , ,631522, , , ,6,4,0,0,0,0,2,0,0,0,1,1,2,0,0,0,0,0,0,0,0,0,0,0,0,0,0,0,0,0,0,0,0,0,0,3,0,40.024,-75.131, , 
 ,54909,2012034721,6,67,67301,2012,2,4,1802,18,4,2,1,1,1, , ,N,0,0,0,3,0,0,2,2,N,N,40 04:25.414,75 02:09.340,1802, ,1802,1,1,2,N, ,0,N, , , , ,631571, , , ,2,2,0,0,0,0,0,0,0,0,0,0,0,0,0,0,0,0,1,0,0,0,0,1,0,0,0,0,0,0,0,0,0,0,0,0,0,40.0737,-75.0359, , 
 ,54910,2012034774,6,67,67301,2012,3,3,1516,15,1,1,0,4,1, , ,N,2,0,0,3,1,0,2,2,N,N,40 00:04.157,75 05:49.913,1520, ,1517,4,2,7,N,0,0,Y, , , , ,631572, , , ,2,0,1,0,0,0,1,0,0,0,0,0,0,0,0,0,0,0,0,0,0,0,0,0,0,0,0,0,1,0,0,0,0,0,0,1,0,40.0012,-75.0972,2, 
 ,54911,2012036947,6,67,67301,2012,3,4,1407,14,1,1,0,4,1, , ,N,1,2,0,3,0,2,2,2,N,N,39 55:40.490,75 11:14.888,1415, ,1410, ,0, ,N, ,3, , , , , ,631574, , , ,2,1,0,0,0,0,0,1,0,0,0,2,2,0,0,0,0,0,0,0,0,1,0,0,0,0,0,0,0,0,0,0,0,0,0,4,0,39.9279,-75.1875, , 
 ,54912,2012048889,6,67,67301,2012,4,6,1457,14,1,1,0,8,1, , ,N,0,1,0,3,0,1,2,2,N,Y,40 02:47.915,75 09:42.700,1501, ,1459, ,0, , , ,3, , , , , ,631582, , , ,1,1,0,0,0,0,0,0,0,0,0,1,1,0,0,0,0,0,0,0,0,0,0,0,0,0,0,0,0,0,0,0,1,0,0,4,0,40.0466,-75.1619, , 
 ,54913,2012010376,6,67,67301,2012,1,7,230,2,3,4,3,7,4, , ,N,0,0,0,3,0,0,1,1,N,N,39 58:02.716,75 07:55.842,231, ,231,1,1,2,N, ,0,N, , , , ,631591, , , ,1,1,0,0,0,0,0,0,0,0,0,0,0,0,0,0,0,0,0,0,0,0,0,0,0,0,0,0,0,0,0,0,0,0,0,0,0,39.9674,-75.1323, , 
 ,54914,2012031841,6,67,67301,2012,2,6,1255,12,1,1,0,1,1, , ,N,1,2,0,3,0,1,2,2, , ,40 01:40.946,75 06:36.204,1303, ,1258,2,1,2, , ,3,Y, , , , ,631607, , , ,2,2,0,0,0,0,0,0,0,0,0,0,1,1,0,0,0,0,0,0,1,0,0,0,0,0,0,0,0,0,0,0,0,0,0,8,0,40.028,-75.1101, , 
 ,54915,2012056572,6,67,67301,2012,4,7,9999,99,3,2,1,4,1, , ,N,1,2,0,3,0,1,5,2,N,N,39 58:18.518,75 07:33.433,2215, ,2216, ,0, , , ,3, , , , , ,631627, , , ,2,2,0,0,0,0,0,0,0,0,0,1,1,0,0,0,0,1,0,0,1,0,0,0,0,0,0,0,0,0,0,0,0,0,0,4,0,39.9717,-75.1259, , 
 ,54916,2012017868,6,67,67301,2012,1,5,711,7,1,2,1,4,1, , ,N,2,3,0,3,0,0,2,3,N,N,40 02:11.446,75 10:39.795,718, ,712, ,0, ,N, ,3, , , , , ,631652, , , ,3,2,0,0,0,0,1,0,0,0,0,0,0,0,1,0,0,0,0,0,0,0,0,1,0,0,0,0,0,0,0,0,0,0,0,9,0,40.0365,-75.1777, , 
 ,54917,2012019952,6,67,67301,2012,1,3,1240,12,1,1,0,4,1, , ,N,1,2,0,3,0,4,5,2,N,N,40 02:02.652,75 10:35.500,1348, ,1340,2,2,5,Y, ,3,Y, , , , ,631653, , , ,2,2,0,0,0,0,0,0,0,0,0,0,4,4,1,0,0,0,0,0,0,0,0,1,0,0,0,0,0,0,0,0,0,0,0,8,0,40.0341,-75.1765, , 
 ,54918,2012020539,6,67,67301,2012,1,3,1900,19,6,1,0,1,1, , ,N,1,0,0,3,0,1,2,2,N,N,39 56:59.496,75 08:37.059,1912, ,1910, ,0, ,N, ,0, , , , , ,631656, , , ,2,0,0,0,1,0,1,0,0,0,0,0,1,1,1,0,0,0,0,0,0,1,0,2,0,0,0,0,0,0,0,0,0,0,0,8,0,39.9499,-75.1436, , 
 ,54919,2012041613,6,67,67301,2012,3,6,1420,14,1,1,0,4,1, , ,N,1,2,0,3,0,0,2,2,N,N,39 58:49.315,75 10:15.272,1435, ,1133, ,0, ,N, ,3, , , , , ,631674, , , ,2,2,0,0,0,0,0,0,0,0,0,0,0,0,0,0,0,0,0,0,0,0,0,0,0,0,0,0,0,0,0,0,0,0,0,0,0,39.9804,-75.1709, , 
 ,54920,2012036839,6,67,67301,2012,3,6,1618,16,1,1,0,4,1, , ,N,1,2,0,3,0,3,3,2,N, ,39 55:37.020,75 09:04.132,1622, ,1620,2,2,3, , ,3,Y, , , , ,631721, , , ,2,1,0,0,0,0,1,0,0,0,0,1,3,2,0,0,0,0,0,0,0,1,0,0,0,0,0,0,0,0,0,0,0,0,0,4,0,39.927,-75.1511, , 
 ,54921,2012042571,6,67,67301,2012,3,7,1559,15,1,1,0,1,1, , ,N,1,2,0,3,0,3,5,4,N,N,39 55:01.859,75 14:46.691,1637, ,1632, ,0, ,N, ,3, , , , , ,631729, , , ,4,4,0,0,0,0,0,0,0,0,2,1,3,0,0,0,0,0,0,0,1,0,0,1,0,0,0,0,0,0,0,0,0,0,0,3,0,39.9172,-75.2463, , 
 ,54922,2012026176,6,67,67301,2012,1,6,2009,20,3,1,0,8,1, , ,N,1,2,0,3,0,1,2,2,N, ,39 59:33.987,75 08:42.421,2015, ,2009,1,1,3, , ,3,N, , , , ,631755, , , ,1,1,0,0,0,0,0,0,0,0,0,0,1,1,0,0,0,0,0,0,0,0,0,0,0,0,0,0,0,0,0,0,1,0,0,8,0,39.9927,-75.1451, , 
 ,54923,2012033076,6,67,67301,2012,2,3,9999,99,1,1,0,1,1, , ,N,1,2,0,3,0,1,3,2,N,N,39 59:52.070,75 07:23.617,9999, ,9999, ,0, ,N, ,3, , , , , ,635643, , , ,2,1,0,0,0,0,1,0,0,0,0,1,1,0,0,0,0,0,0,0,0,0,0,0,0,0,0,0,0,0,0,0,0,0,0,4,0,39.9977,-75.1232, , 
 ,54924,2012018197,6,67,67301,2012,2,3,1605,16,1,1,0,7,2, , ,N,0,0,0,3,0,1,1,1,N,N,40 01:47.379,75 01:19.128,1632, ,1609,1,1,1,N, ,0,N, , , , ,635680, , , ,1,1,0,0,0,0,0,0,0,0,0,1,1,0,0,0,0,0,0,0,0,0,0,0,0,0,0,0,0,0,0,0,0,0,0,4,0,40.0296,-75.0221, , 
 ,54925,2012018333,6,46,46102,2012,2,5,1239,12,1,2,1,1,1, , ,N,0,0,0,3,0,1,4,3,N,N,40 03:16.142,75 07:29.100,1239, ,1239, ,0, ,N, ,0, , , , , ,635681, , , ,3,3,0,0,0,0,0,0,0,0,0,0,1,1,0,0,0,0,0,0,0,0,0,2,0,0,0,0,0,0,0,0,0,0,0,8,0,40.0545,-75.1248, , 
 ,54926,2012068721,6,67,67301,2012,6,7,1154,11,1,1,0,4,1, , ,N,1,2,0,3,0,1,2,2,N,N,39 58:26.116,75 12:23.386,1200, ,1154, ,0, ,N, ,3, , , , , ,635713, , , ,2,2,0,0,0,0,0,0,0,0,0,0,1,1,0,0,0,0,0,0,1,0,0,0,0,0,0,0,0,0,0,0,0,0,0,8,0,39.9738,-75.2064, , 
 ,54927,2012060714,6,67,67301,2012,5,1,1800,18,1,1,0,8,1, , ,N,1,2,0,3,0,2,3,3,N, ,39 56:40.905,75 09:29.527,245, ,238, ,0, , , ,3, , , , , ,635764, , , ,1,0,0,0,1,0,0,0,0,0,0,2,2,0,1,0,0,0,0,0,0,0,0,0,0,0,0,0,0,0,0,0,2,0,0,4,0,39.9447,-75.1582, , 
 ,54928,2012080023,6,67,67301,2012,6,5,9999,99,1,1,0,4,1, , ,N,1,2,0,3,0,1,2,2,N,N,40 01:17.889,75 05:38.539,1214, ,1212, ,0, ,N, ,3, , , , , ,635808, , , ,2,1,0,0,0,0,0,1,0,0,0,0,1,1,0,0,0,0,0,0,0,0,0,0,0,0,0,0,0,0,0,0,0,0,0,8,0,40.0218,-75.0941, , 
 ,54929,2012080793,6,67,67301,2012,7,3,2102,21,3,1,0,4,1, , ,N,1,2,0,3,0,4,5,2,N, ,40 03:22.903,75 04:30.486,2115, ,2108, ,0, , , ,3, , , , , ,635811, , , ,2,2,0,0,0,0,0,0,0,0,0,1,4,3,0,0,0,0,0,0,0,0,0,0,0,0,0,0,0,0,0,0,0,0,0,4,0,40.0564,-75.0751, , 
 ,54930,2012036854,6,67,67301,2012,3,3,1916,19,3,1,0,8,1, , ,N,0,0,0,3,0,1,2,2,N,N,40 02:21.276,75 13:25.130,1925, ,1918, ,0, ,N, ,0, , , , , ,635833, , , ,1,1,0,0,0,0,0,0,0,0,1,0,1,0,0,0,0,0,0,0,0,1,0,0,0,0,0,0,0,0,0,0,1,0,0,3,0,40.0392,-75.2236, , 
 ,54931,2012041686,6,67,67301,2012,3,2,1900,19,1,1,0,8,1, , ,N,0,0,0,3,0,1,2,2,N,N,40 00:04.384,75 10:10.596,1925, ,1918, ,0, , , ,0, , , , , ,635840, , , ,1,1,0,0,0,0,0,0,0,0,0,0,1,1,0,0,0,0,0,0,0,0,0,0,0,0,0,0,0,0,0,0,1,0,0,8,0,40.0012,-75.1696, , 
 ,54932,2012056704,6,67,67301,2012,5,6,1515,15,1,1,0,4,1, , ,N,1,0,0,3,0,2,3,2,N, ,40 03:34.205,75 04:49.964,1530, ,1520, ,0, , , ,0, , , , , ,635849, , , ,2,2,0,0,0,0,0,0,0,0,0,1,2,1,0,0,0,0,0,0,0,0,1,0,0,0,0,0,0,0,0,0,0,0,0,4,0,40.0595,-75.0805, , 
 ,54933,2012061691,6,67,67301,2012,5,1,1018,10,1,1,0,4,1, , ,N,1,3,0,3,0,0,1,3,N, ,39 55:15.718,75 09:48.351,1028, ,1022,1,2,2, , ,3,Y, , , , ,635853, , , ,3,2,0,0,1,0,0,0,0,0,0,0,0,0,0,0,0,0,0,0,1,0,0,0,0,0,0,0,0,0,0,0,0,0,0,0,0,39.921,-75.1634, , 
 ,54934,2012066616,6,67,67301,2012,6,3,819,8,1,1,0,8,1, , ,N,1,3,0,3,0,1,2,2,N, ,39 57:45.190,75 13:57.158,825, ,824, ,0, , , ,3, , , , , ,635859, , , ,1,1,0,0,0,0,0,0,0,0,0,0,1,1,0,0,0,0,0,0,0,0,1,0,0,0,0,0,0,0,0,0,1,0,0,8,0,39.9626,-75.2325, , 
 ,54935,2012066754,6,67,67301,2012,5,7,9999,99,3,1,0,4,1, , ,N,1,0,0,3,0,6,6,2,N,N,39 58:02.216,75 07:44.286,2155, ,2155, ,0, ,N, ,0, , , , , ,635860, , , ,2,2,0,0,0,0,0,0,0,0,0,6,6,0,0,0,0,0,0,0,0,0,0,0,0,0,0,0,0,0,0,0,0,0,0,4,0,39.967,-75.1294, , 
 ,54936,2012026184,6,67,67301,2012,2,7,2123,21,3,4,3,4,1, , ,N,1,2,0,3,0,2,3,3,N,N,40 01:16.570,75 09:36.831,2132, ,2125, ,0, ,N, ,3, , , , , ,635878, , , ,2,1,0,0,0,0,0,1,0,0,0,0,2,2,0,0,0,0,0,0,0,0,0,0,0,0,0,0,0,0,0,0,1,0,0,8,0,40.0213,-75.1602, , 
 ,54937,2012028174,6,67,67301,2012,2,3,1434,14,1,1,0,7,2, , ,N,1,0,0,3,0,2,3,1,N,N,40 02:58.278,75 08:47.343,1624, ,1623, ,0, ,N, ,0, , , , , ,635882, , , ,1,0,0,0,0,0,0,1,0,0,0,2,2,0,0,0,0,0,0,0,1,0,0,0,0,0,0,0,0,0,0,0,0,0,0,4,0,40.0495,-75.1465, , 
 ,54938,2012032731,6,67,67301,2012,2,6,2303,23,3,2,1,7,2, , ,N,0,0,0,3,0,0,1,1,N, ,40 07:51.643,75 00:49.749,2303, ,2303, ,0, , , ,0, , , , , ,635883, , , ,1,1,0,0,0,0,0,0,0,0,0,0,0,0,0,0,0,0,0,0,1,0,0,0,0,0,0,0,0,0,0,0,0,0,0,0,0,40.131,-75.0138, , 
 ,54939,2012047158,6,67,67301,2012,4,6,1515,15,1,1,0,1,1, , ,N,0,2,0,3,0,1,4,3,N,N,39 59:11.932,75 10:17.384,1525, ,1520, ,0, ,N, ,3, , , , , ,635900, , , ,3,1,0,0,0,0,1,1,0,0,0,1,1,0,0,0,0,0,0,0,1,0,0,0,0,0,0,0,0,0,0,0,0,0,0,4,0,39.9866,-75.1715, , 
 ,54940,2012026222,6,67,67301,2012,1,2,1825,18,3,1,0,8,1, , ,N,1,2,0,3,0,1,2,2,Y,N,39 56:08.815,75 13:42.823,1835, ,1830, ,0, ,N, ,3, , , , , ,635928, , , ,1,0,0,1,0,0,0,0,0,0,0,1,1,0,0,0,0,0,0,0,1,0,0,0,0,0,0,0,0,0,0,0,1,0,0,4,1,39.9358,-75.2286, , 
 ,54941,2012048258,6,67,67301,2012,3,3,1236,12,1,1,0,4,6, , ,N,0,0,0,3,0,2,2,2,N, ,39 55:20.406,75 13:41.638,1238, ,1236, ,0, , , ,0, , , , , ,642220, , , ,2,1,0,0,0,0,1,0,0,0,0,2,2,0,0,0,0,0,0,0,0,0,0,0,0,0,0,0,0,0,0,0,0,0,0,4,0,39.9223,-75.2282, , 
 ,54942,2012049773,6,67,67301,2012,2,3,1038,10,1,1,0,1,1, , ,N,0,0,0,3,0,8,8,2,N,N,39 57:09.486,75 10:55.061,1042, ,1038, ,0, ,N, ,0, , , , , ,642223, , , ,2,0,0,0,1,0,0,1,0,0,0,5,8,3,0,0,0,0,0,0,0,0,0,0,0,0,0,0,0,0,0,0,0,0,0,4,0,39.9526,-75.182, , 