wz_ln_closure,objectid_1,crn,district,county,municipality,crash_year,crash_month,day_of_week,time_of_day,hour_of_day,illumination,weather,road_condition,collision_type,relation_to_road,work_zone_type,work_zone_loc,work_zone_ind,intersect_type,tcd_type,location_type,urban_rural,fatal_count,injury_count,person_count,total_units,sch_bus_ind,sch_zone_ind,latitude,longitude,arrival_tm,cons_zone_spd_lim,dispatch_tm,est_hrs_closed,lane_closed,ln_close_dir,ntfy_hiwy_maint,spec_juris_cd,tcd_func_cd,tfc_detour_ind,workers_pres,wz_close_detour,wz_flagger,wz_law_offcr_ind,objectid,wz_moving,wz_other,wz_shlder_mdn,vehicle_count,automobile_count,motorcycle_count,bus_count,small_truck_count,heavy_truck_count,suv_count,van_count,bicycle_count,maj_inj_count,mod_inj_count,min_inj_count,tot_inj_count,unk_inj_deg_count,unk_inj_per_count,driver_count_16yr,driver_count_17yr,driver_count_18yr,driver_count_19yr,driver_count_20yr,driver_count_50_64yr,driver_count_65_74yr,driver_count_75plus,unbelted_occ_count,unb_death_count,unb_maj_inj_count,belted_death_count,belted_maj_inj_count,mcycle_death_count,mcycle_maj_inj_count,bicycle_death_count,bicycle_maj_inj_count,ped_count,ped_death_count,ped_maj_inj_count,max_severity_level,comm_veh_count,dec_lat,dec_long,rdwy_surf_type_cd,county_name
 ,54943,2012009828,6,67,67301,2012,1,7,1530,15,1,8,1,5,1, , ,N,0,0,0,3,0,2,6,3,N,N,39 59:00.866,75 05:52.155,1555, ,1532,2,1,2,N, ,0,N, , , , ,642234, , , ,3,2,0,0,1,0,0,0,0,0,0,2,2,0,0,0,0,0,0,0,0,0,0,0,0,0,0,0,0,0,0,0,0,0,0,4,1,39.9836,-75.0977, , 
 ,54944,2012011832,6,67,67301,2012,1,4,1147,11,1,1,0,5,1, , ,N,0,0,0,3,0,0,3,2,N,N,39 59:28.448,75 12:12.568,1152, ,1152, ,0, ,N, ,0, , , , , ,642239, , , ,2,1,0,0,0,0,1,0,0,0,0,0,0,0,0,0,0,0,0,0,1,0,0,0,0,0,0,0,0,0,0,0,0,0,0,0,0,39.9912,-75.2035, , 
 ,54945,2012048019,6,67,67301,2012,3,2,1731,17,1,1,0,8,1, , ,N,2,3,0,3,0,1,2,2,N,N,40 01:07.237,75 11:15.961,1738, ,1738, ,0, ,N, ,3, , , , , ,642268, , , ,1,1,0,0,0,0,0,0,0,0,0,1,1,0,0,0,0,0,0,0,0,1,0,0,0,0,0,0,0,0,0,0,1,0,0,4,0,40.0187,-75.1878, , 
 ,54946,2012017888,6,67,67301,2012,1,5,745,7,1,2,1,4,4, , ,N,0,0,0,3,0,1,3,2,N, ,40 01:27.535,75 06:36.623,825, ,820, ,0, , , ,0, , , , , ,642293, , , ,2,2,0,0,0,0,0,0,0,0,0,1,1,0,2,0,0,0,0,0,0,0,0,2,0,0,0,0,0,0,0,0,0,0,0,4,0,40.0243,-75.1102, , 
 ,54947,2012051938,6,67,67301,2012,4,6,1100,11,1,1,0,4,1, , ,N,1,2,0,3,0,0,3,2,N,N,40 03:17.448,75 10:08.247,1118, ,1110, ,0, ,N, ,3, , , , , ,642316, , , ,2,2,0,0,0,0,0,0,0,0,0,0,0,0,3,0,0,0,0,0,1,0,0,0,0,0,0,0,0,0,0,0,0,0,0,9,0,40.0548,-75.169, , 
 ,54948,2012056707,6,67,67301,2012,4,1,1954,19,3,2,1,4,1, , ,N,1,3,0,3,0,4,4,4,N,N,40 00:48.659,75 04:07.948,2010, ,2001,2,2,5,N, ,3,Y, , , , ,642320, , , ,4,4,0,0,0,0,0,0,0,0,0,4,4,0,0,0,0,0,0,0,1,0,0,0,0,0,0,0,0,0,0,0,0,0,0,4,0,40.0135,-75.0691, , 
 ,54949,2012056744,6,67,67301,2012,5,7,9999,99,1,1,0,8,1, , ,N,0,0,0,3,0,1,2,2,N, ,40 01:42.596,75 04:38.254,1205, ,1201, ,0, , , ,0, , , , , ,642321, , , ,1,1,0,0,0,0,0,0,0,0,0,1,1,0,0,0,0,0,0,0,1,0,0,0,0,0,0,0,0,0,0,0,1,0,0,4,0,40.0285,-75.0773, , 
 ,54950,2012017948,6,67,67301,2012,1,5,1150,11,1,2,1,7,5, , ,N,1,0,0,3,0,1,1,1,N, ,40 03:59.367,75 11:46.819,1154, ,1151, ,0, , , ,0, , , , , ,642338, , , ,1,1,0,0,0,0,0,0,0,0,0,0,1,1,0,0,0,1,0,0,0,0,0,0,0,0,0,0,0,0,0,0,0,0,0,8,0,40.0665,-75.1963, , 
 ,54951,2012026220,6,67,67301,2012,2,6,1645,16,1,1,0,8,1, , ,N,1,0,0,3,0,1,2,2,N,N,40 02:25.167,75 04:44.065,9999, ,9999, ,0, , , ,0, , , , , ,642343, , , ,1,1,0,0,0,0,0,0,0,0,0,0,1,1,0,0,0,0,0,0,0,0,0,0,0,0,0,0,0,0,0,0,1,0,0,8,0,40.0403,-75.0789, , 
 ,54952,2012036892,6,67,67301,2012,3,4,1640,16,1,1,0,1,1, , ,N,0,0,0,3,0,2,3,3,N,N,40 00:41.142,75 05:52.206,1655, ,1640, ,0, ,N, ,0, , , , , ,642349, , , ,3,3,0,0,0,0,0,0,0,0,0,0,2,2,0,0,0,0,1,0,0,0,0,0,0,0,0,0,0,0,0,0,0,0,0,8,0,40.0113,-75.0979, , 
 ,54953,2012041538,6,67,67301,2012,3,3,1616,16,1,1,0,4,1, , ,N,2,3,7,3,0,5,6,2,N,N,39 58:10.959,75 15:09.230,1627, ,1625,2,1,4, , ,3,Y, , , , ,642359, , , ,2,0,0,0,0,0,1,1,0,0,0,5,5,0,0,0,0,0,0,0,0,0,0,0,0,0,0,0,0,0,0,0,0,0,0,4,0,39.9697,-75.2526, , 
 ,54954,2012041976,6,67,67301,2012,4,4,1743,17,1,1,0,1,1, , ,N,0,0,0,3,0,1,7,4,N,N,39 57:44.815,75 08:21.458,1749, ,1746, ,0, ,N, ,0, , , , , ,642360, , , ,4,2,0,0,0,0,2,0,0,0,0,1,1,0,0,0,0,0,0,0,2,0,0,0,0,0,0,0,0,0,0,0,0,0,0,4,0,39.9623,-75.1394, , 
 ,54955,2012048028,6,67,67301,2012,3,5,2245,22,3,1,0,8,1, , ,N,1,2,0,3,0,1,2,2,N,N,40 02:23.454,75 08:40.429,2300, ,2253, ,0, ,N, ,3, , , , , ,642362, , , ,1,0,0,0,0,0,0,0,0,0,0,1,1,0,0,0,0,0,0,0,0,0,0,0,0,0,0,0,0,0,0,0,1,0,0,4,0,40.0398,-75.1445, , 
 ,54956,2012017939,6,67,67301,2012,1,1,1722,17,4,1,0,8,1, , ,N,1,2,0,3,0,1,2,2,N,N,40 03:34.378,75 04:49.755,1730, ,1723, ,0, ,N, ,3, , , , , ,642382, , , ,1,1,0,0,0,0,0,0,0,0,1,0,1,0,0,0,0,0,0,0,0,0,0,0,0,0,0,0,0,0,0,0,1,0,0,3,0,40.0595,-75.0805, , 
 ,54957,2012021803,6,46,46102,2012,2,7,2316,23,3,1,0,7,5, , ,N,0,0,0,3,0,3,3,1,N,N,40 03:11.415,75 07:19.880,2316, ,2316,2,2,4,N, ,0,Y, , , , ,642385, , , ,1,1,0,0,0,0,0,0,0,1,0,0,3,2,0,0,0,0,0,0,1,0,0,1,0,0,0,0,0,0,0,0,0,0,0,2,0,40.0532,-75.1222, , 
 ,54958,2012026087,6,67,67301,2012,2,1,2015,20,3,1,0,7,3, , ,N,0,0,0,3,0,3,3,2,N, ,39 53:09.783,75 13:54.616,9999, ,2023,3,2,5, , ,0,Y, , , , ,642391, , , ,2,2,0,0,0,0,0,0,0,1,2,0,3,0,0,0,0,0,0,0,1,0,0,0,0,0,0,0,0,0,0,0,0,0,0,2,0,39.8861,-75.2318, , 
 ,54959,2014004404,6,67,67301,2013,11,1,127,1,3,1,0,8,1, , ,N,0,0,0,3,1,0,2,2,N,N,39 55:51.284,75 11:56.761,144, ,129,3,2,3,N,0,0,Y, , , , ,628746, , , ,1,1,0,0,0,0,0,0,0,0,0,0,0,0,0,0,0,0,0,0,0,0,0,0,0,0,0,0,0,0,0,0,1,1,0,1,0,39.9309,-75.1991,2, 
 ,54960,2013122460,6,67,67301,2013,10,5,9999,99,1,4,0,4,1, , ,N,1,3,0,3,0,0,2,2,N,N,40 02:39.260,75 07:32.995,850, ,833, ,0, ,N, ,3, , , , , ,628759, , , ,2,2,0,0,0,0,0,0,0,0,0,0,0,0,1,0,0,0,0,0,0,0,0,0,0,0,0,0,0,0,0,0,0,0,0,9,0,40.0442,-75.1258, , 
 ,54961,2014009772,6,67,67301,2013,12,1,9999,99,1,1,0,1,1, , ,N,1,2,0,3,0,2,6,3,N,N,39 57:10.027,75 10:00.663,1355, ,1353, ,0, ,N, ,3, , , , , ,628774, , , ,3,2,0,0,0,0,0,1,0,0,0,2,2,0,0,0,0,0,0,0,1,0,0,0,0,0,0,0,0,0,0,0,0,0,0,4,0,39.9528,-75.1669, , 
 ,54962,2013126992,6,67,67301,2013,10,4,800,8,1,1,0,7,5, , ,N,0,0,0,3,0,1,1,1,N, ,40 03:54.645,75 00:33.877,805, ,802, ,0, , , ,0, , , , , ,628779, , , ,1,1,0,0,0,0,0,0,0,0,0,0,1,1,0,0,0,0,1,0,0,0,0,0,0,0,0,0,0,0,0,0,0,0,0,8,0,40.0652,-75.0094, , 
 ,54963,2014001050,6,67,67301,2013,11,3,1750,17,3,2,1,4,1, , ,N,5,2,0,3,0,0,2,2,N, ,40 00:17.776,75 10:43.375,1800, ,1755, ,0, , , ,3, , , , , ,628784, , , ,2,2,0,0,0,0,0,0,0,0,0,0,0,0,0,0,0,0,0,0,0,0,0,0,0,0,0,0,0,0,0,0,0,0,0,0,0,40.0049,-75.1787, , 
 ,54964,2014009871,6,67,67301,2013,12,3,1056,10,1,1,0,1,1, , ,N,2,0,0,3,0,0,4,3,N,N,40 01:15.268,75 09:50.597,1115, ,1105, ,0, ,N, ,0, , , , , ,628794, , , ,3,1,0,0,0,0,2,0,0,0,0,0,0,0,0,0,0,0,0,0,0,0,1,0,0,0,0,0,0,0,0,0,0,0,0,0,0,40.0209,-75.1641, , 
 ,54965,2014068572,6,67,67301,2013,10,3,2105,21,3,1,0,4,1, , ,N,2,3,0,3,0,3,3,2,N,N,39 59:47.792,75 09:32.111,2105, ,2105,9,2,7,N, ,3,Y, , , , ,628797, , , ,2,2,0,0,0,0,0,0,0,2,1,0,3,0,0,0,0,0,0,0,1,0,0,0,0,0,0,0,0,0,0,0,0,0,0,2,0,39.9966,-75.1589, , 
 ,54966,2014009779,6,67,67301,2013,12,7,1633,16,4,1,0,4,1, , ,N,1,2,0,3,0,2,2,2,N,N,39 58:21.471,75 08:40.063,1635, ,1633,1,1,1,N, ,3,Y, , , , ,628800, , , ,2,1,0,0,0,0,1,0,0,0,0,0,2,2,0,0,0,0,0,0,0,0,0,0,0,0,0,0,0,0,0,0,0,0,0,8,0,39.9726,-75.1445, , 
 ,54967,2014009841,6,67,67301,2013,12,1,1908,19,3,1,1,4,1, , ,N,2,3,7,3,0,1,3,2,N, ,40 03:03.506,75 03:25.800,1910, ,1909, ,0, , , ,3, , , , , ,628801, , , ,2,1,0,0,0,0,0,1,0,0,0,1,1,0,0,0,0,0,0,0,1,0,0,0,0,0,0,0,0,0,0,0,0,0,0,4,0,40.0509,-75.0571, , 
 ,54968,2014002787,6,67,67301,2013,11,4,30,0,3,2,1,1,1, , ,N,0,0,0,3,0,1,2,2,N, ,39 58:46.749,75 09:42.615,31, ,30, ,0, , , ,0, , , , , ,628858, , , ,2,1,0,0,0,0,0,0,0,0,0,1,1,0,0,0,0,0,0,0,0,0,0,0,0,0,0,0,0,0,0,0,0,0,0,4,0,39.9797,-75.1618, , 
 ,54969,2013121120,6,67,67301,2013,11,3,1551,15,1,2,1,1,1, , ,N,0,0,0,3,0,0,3,3,N,N,40 00:28.502,75 12:08.185,1557, ,1553, ,0, ,N, ,0, , , , , ,628873, , , ,3,1,0,0,1,0,1,0,0,0,0,0,0,0,0,0,0,0,0,0,1,0,0,0,0,0,0,0,0,0,0,0,0,0,0,0,0,40.0079,-75.2023, , 
 ,54970,2014001109,6,67,67301,2013,11,4,330,3,3,2,1,5,1, , ,N,0,0,1,3,0,2,4,2,N,N,39 55:20.613,75 14:46.706,337, ,333, ,0, ,N, ,0, , , , , ,628887, , , ,2,2,0,0,0,0,0,0,0,0,0,2,2,0,0,0,0,0,0,0,0,0,0,0,0,0,0,0,0,0,0,0,0,0,0,4,0,39.9224,-75.2463, , 
 ,54971,2014013179,6,67,67301,2013,12,6,2226,22,3,1,0,1,1, , ,N,2,2,0,3,0,0,3,5,N,N,39 56:46.746,75 14:16.817,9999, ,1030, ,0, , , ,3, , , , , ,628890, , , ,5,4,0,0,0,0,1,0,0,0,0,0,0,0,0,0,0,0,0,0,0,0,0,0,0,0,0,0,0,0,0,0,0,0,0,0,0,39.9463,-75.238, , 
 ,54972,2014016058,6,67,67301,2013,11,4,1130,11,1,1,0,1,1, , ,N,1,0,0,3,0,4,5,2,N,N,39 55:21.975,75 14:18.329,0, ,0, ,0, , , ,0, , , , , ,628891, , , ,2,1,0,0,0,0,0,0,0,0,0,4,4,0,1,0,0,0,0,0,1,0,0,0,0,0,0,0,0,0,0,0,0,0,0,4,0,39.9228,-75.2384, , 
 ,54973,2013121127,6,67,67301,2013,11,7,243,2,3,1,0,7,2, , ,N,0,0,3,3,0,0,1,1,N,N,39 53:53.293,75 11:02.377,250, ,245,1,1,2,N, ,0,N, , , , ,628903, , , ,1,1,0,0,0,0,0,0,0,0,0,0,0,0,0,0,0,0,0,0,0,0,0,0,0,0,0,0,0,0,0,0,0,0,0,0,0,39.8981,-75.184, , 
 ,54974,2013121465,6,67,67301,2013,10,4,605,6,5,1,0,8,1, , ,N,1,2,0,3,0,1,2,2,N,N,40 01:20.463,75 04:41.285,905, ,845, ,0, ,N, ,3, , , , , ,628910, , , ,1,0,0,0,0,0,0,0,0,0,0,1,1,0,1,0,0,0,0,0,0,0,0,0,0,0,0,0,0,0,0,0,1,0,0,4,0,40.0224,-75.0781, , 
 ,54975,2014001081,6,67,67301,2013,12,4,715,7,1,1,0,4,1, , ,N,1,2,0,3,0,1,2,2,N,N,40 00:32.156,75 04:19.191,715, ,715, ,0, ,N, ,3, , , , , ,628940, , , ,2,1,0,0,0,0,1,0,0,0,0,1,1,0,0,0,0,0,0,0,1,0,0,0,0,0,0,0,0,0,0,0,0,0,0,4,0,40.0089,-75.0719, , 
 ,54976,2014002754,6,67,67301,2013,12,3,617,6,1,1,0,1,1, , ,N,0,0,0,3,0,1,3,2,N,N,40 00:02.413,75 04:58.684,815, ,805, ,0, ,N, ,0, , , , , ,628941, , , ,2,0,0,0,1,0,0,1,0,0,0,0,1,1,0,0,0,0,0,0,1,0,0,0,0,0,0,0,0,0,0,0,0,0,0,8,0,40.0007,-75.083, , 
 ,54977,2012041542,6,67,67301,2012,3,6,1515,15,1,1,0,5,1, , ,N,2,0,0,3,0,1,2,2,N, ,39 58:35.670,75 14:04.235,1520, ,1515, ,0, , , ,0, , , , , ,631776, , , ,2,2,0,0,0,0,0,0,0,0,0,1,1,0,0,0,0,0,0,0,0,0,0,0,0,0,0,0,0,0,0,0,0,0,0,4,0,39.9766,-75.2345, , 
 ,54978,2012020385,6,67,67301,2012,1,1,1105,11,8,8,5,5,1, , ,N,0,0,0,3,0,0,2,2,N,N,39 57:48.313,75 11:12.858,1115, ,1105, ,0, ,N, ,0, , , , , ,631801, , , ,2,1,0,0,0,0,1,0,0,0,0,0,0,0,0,0,0,0,0,0,1,0,0,0,0,0,0,0,0,0,0,0,0,0,0,0,0,39.9634,-75.1869, , 
 ,54979,2012040806,6,67,67301,2012,4,1,207,2,3,1,1,7,2, , ,N,0,0,0,3,0,0,1,1,N,N,39 58:34.348,75 11:43.059,228, ,222, ,0, ,N, ,0, , , , , ,631819, , , ,1,1,0,0,0,0,0,0,0,0,0,0,0,0,0,0,0,0,0,0,0,0,0,0,0,0,0,0,0,0,0,0,0,0,0,0,0,39.9762,-75.1953, , 
 ,54980,2012013085,6,67,67301,2012,1,4,2015,20,3,1,0,7,5, , ,N,0,0,0,3,0,1,1,1,N,N,40 03:30.009,75 02:22.308,2032, ,2015, ,0, ,N, ,0, , , , , ,631840, , , ,1,1,0,0,0,0,0,0,0,0,1,0,1,0,0,0,0,1,0,0,0,0,0,0,0,0,0,0,0,0,0,0,0,0,0,3,0,40.0583,-75.0395, , 
 ,54981,2012015851,6,67,67301,2012,1,4,835,8,1,1,0,4,1, , ,N,2,3,0,3,0,0,2,2,N, ,39 59:35.488,75 04:53.544,848, ,840, ,0, , , ,3, , , , , ,631844, , , ,2,0,0,0,0,0,1,1,0,0,0,0,0,0,0,0,0,0,0,0,1,1,0,2,0,0,0,0,0,0,0,0,0,0,0,0,0,39.9932,-75.0815, , 
 ,54982,2012026218,6,67,67301,2012,2,6,740,7,1,1,0,4,1, , ,N,1,2,0,3,0,1,7,4,N,N,39 59:40.550,75 05:40.545,756, ,746, ,0, ,N, ,3, , , , , ,631854, , , ,4,4,0,0,0,0,0,0,0,0,0,1,1,0,0,0,0,0,0,0,1,0,1,0,0,0,0,0,0,0,0,0,0,0,0,4,0,39.9946,-75.0945, , 
 ,54983,2012049669,6,67,67301,2012,4,3,1300,13,1,1,0,1,1, , ,N,1,0,0,3,0,1,3,2,N,N,40 02:06.975,75 07:17.098,1315, ,1305, ,0, ,N, ,0, , , , , ,631873, , , ,2,1,0,0,1,0,0,0,0,0,0,1,1,0,0,0,0,0,0,0,2,0,0,0,0,0,0,0,0,0,0,0,0,0,0,4,0,40.0353,-75.1214, , 
 ,54984,2012032685,6,67,67301,2012,2,3,830,8,1,1,0,4,1, , ,N,1,2,0,3,0,2,2,3,N,N,40 03:47.297,75 03:06.176,845, ,835,1,1,3,N, ,3,Y, , , , ,631896, , , ,3,1,0,0,0,0,2,0,0,0,0,2,2,0,0,0,0,0,0,0,0,0,0,0,0,0,0,0,0,0,0,0,0,0,0,4,0,40.0631,-75.0516, , 
 ,54985,2012036903,6,67,67301,2012,3,1,241,2,3,1,0,1,1, , ,N,1,2,0,3,0,3,3,2,N, ,39 59:59.990,75 08:25.789,305, ,245, ,0, , , ,3, , , , , ,631899, , , ,2,2,0,0,0,0,0,0,0,0,0,3,3,0,0,0,0,0,0,0,0,0,0,0,0,0,0,0,0,0,0,0,0,0,0,4,0,40,-75.1405, , 
 ,54986,2012042103,6,67,67301,2012,3,4,1700,17,1,1,0,4,1, , ,N,0,0,0,3,0,1,2,2,N,N,40 00:48.232,75 08:29.828,1715, ,1700, ,0, ,N, ,0, , , , , ,631905, , , ,1,1,0,0,0,0,0,0,1,0,0,1,1,0,0,0,0,0,0,0,1,0,0,0,0,0,0,0,0,0,0,0,0,0,0,4,0,40.0134,-75.1416, , 
 ,54987,2012049856,6,67,67301,2012,4,2,9999,99,1,1,0,1,1, , ,N,1,2,0,3,0,1,2,2,N, ,39 55:58.105,75 11:11.075,1235, ,1235, ,0, , , ,3, , , , , ,631912, , , ,2,1,0,0,1,0,0,0,0,0,0,0,1,1,0,0,0,0,0,0,0,0,0,0,0,0,0,0,0,0,0,0,0,0,0,8,0,39.9328,-75.1864, , 
 ,54988,2012012640,6,67,67301,2012,1,6,1550,15,1,1,0,8,1, , ,N,0,0,0,3,0,1,2,2,N,N,40 02:38.865,75 08:36.651,1559, ,1559, ,0, , , ,0, , , , , ,631937, , , ,1,0,0,0,0,0,1,0,0,0,1,0,1,0,0,0,0,0,0,0,0,0,0,0,0,0,0,0,0,0,0,0,1,0,0,3,0,40.0441,-75.1435, , 
 ,54989,2012048110,6,67,67301,2012,4,2,1730,17,1,1,0,8,1, , ,N,1,2,0,3,0,2,2,2,N,N,39 56:39.490,75 09:18.158,1745, ,1740, ,0, ,N, ,3, , , , , ,632014, , , ,1,0,0,0,0,0,1,0,0,0,1,0,2,1,0,0,0,0,0,0,0,0,0,0,0,0,0,0,0,0,0,0,1,0,0,3,0,39.9443,-75.155, , 
 ,54990,2012049905,6,67,67301,2012,5,2,348,3,3,1,0,7,2, , ,N,0,0,0,3,0,1,1,1,N,N,40 01:42.899,75 01:24.212,401, ,351, ,0, ,N, ,0, , , , , ,632016, , , ,1,0,0,0,0,0,0,1,0,0,0,1,1,0,0,0,0,0,0,0,0,0,0,0,0,0,0,0,0,0,0,0,0,0,0,4,0,40.0286,-75.0234, , 
 ,54991,2012011827,6,67,67301,2012,1,5,1317,13,1,1,0,1,1, , ,N,0,0,0,3,0,1,4,2,N,N,39 58:29.196,75 07:03.987,1336, ,1320, ,0, ,N, ,0, , , , , ,632025, , , ,2,0,0,0,0,0,0,2,0,0,0,0,1,1,1,0,0,0,0,0,0,0,0,0,0,0,0,0,0,0,0,0,0,0,0,8,0,39.9748,-75.1177, , 
 ,54992,2012015855,6,67,67301,2012,1,6,9999,99,1,1,0,4,1, , ,N,1,2,0,3,0,2,2,2,N,N,40 02:55.097,75 08:41.622,1110, ,1100, ,0, ,N, ,3, , , , , ,632027, , , ,2,2,0,0,0,0,0,0,0,0,0,2,2,0,0,0,0,0,0,0,1,0,0,0,0,0,0,0,0,0,0,0,0,0,0,4,0,40.0486,-75.1449, , 
 ,54993,2012048035,6,67,67301,2012,4,3,944,9,1,1,0,4,1, , ,N,1,3,0,3,0,0,2,2,N, ,39 55:04.321,75 09:31.460,955, ,946, ,0, , , ,3, , , , , ,632052, , , ,2,1,0,0,0,0,1,0,0,0,0,0,0,0,0,0,0,0,0,0,0,0,0,0,0,0,0,0,0,0,0,0,0,0,0,0,0,39.9179,-75.1587, , 
 ,54994,2012048201,6,67,67301,2012,4,7,215,2,3,1,0,5,6, , ,N,0,0,0,3,0,1,3,4,N,N,39 58:26.261,75 12:22.057,224, ,224, ,0, ,N, ,0, , , , , ,632053, , , ,4,3,0,0,0,0,0,0,0,0,0,0,1,1,0,0,0,0,0,0,0,0,0,0,0,0,0,0,0,0,0,0,0,0,0,8,0,39.974,-75.2061, , 
 ,54995,2012049800,6,67,67301,2012,4,2,2135,21,3,1,0,4,1, , ,N,1,2,0,3,0,1,2,2,N, ,40 02:45.600,75 04:56.341,2146, ,2143, ,0, , , ,3, , , , , ,638902, , , ,2,0,1,0,1,0,0,0,0,0,0,1,1,0,0,0,0,0,0,0,0,0,0,0,0,0,0,0,0,0,0,0,0,0,0,4,0,40.046,-75.0823, , 
 ,54996,2012050196,6,67,67301,2012,4,6,555,5,3,1,0,4,1, , ,N,0,0,0,3,0,1,1,5,N, ,40 01:45.501,75 10:28.912,605, ,601, ,0, , , ,0, , , , , ,638904, , , ,5,3,0,0,2,0,0,0,0,0,0,0,1,1,0,0,0,0,0,0,0,0,0,0,0,0,0,0,0,0,0,0,0,0,0,8,0,40.0293,-75.1747, , 
 ,54997,2012041475,6,67,67301,2012,3,6,840,8,1,1,0,4,1, , ,N,0,0,0,3,0,3,3,2,N,N,39 58:19.288,75 12:42.884,843, ,841,3,2,5,N, ,0,Y, , , , ,638950, , , ,2,2,0,0,0,0,0,0,0,1,0,2,3,0,0,0,0,0,0,0,0,0,0,0,0,0,0,1,0,0,0,0,0,0,0,2,0,39.972,-75.2119, , 
 ,54998,2012032495,6,67,67301,2012,2,2,1115,11,1,1,0,4,1, , ,N,1,2,0,3,0,2,2,3,N,N,39 58:53.850,75 15:03.725,1200, ,1200, ,0, ,N, ,3, , , , , ,638980, , , ,3,1,0,0,0,0,2,0,0,0,0,1,2,1,0,0,0,0,0,0,1,0,0,0,0,0,0,0,0,0,0,0,0,0,0,4,0,39.9816,-75.251, , 
 ,54999,2012032716,6,67,67301,2012,2,2,1200,12,1,1,0,4,1, , ,N,1,0,0,3,0,1,2,2,N,N,40 01:44.450,75 08:02.954,1210, ,1205, ,0, ,N, ,0, , , , , ,638981, , , ,2,2,0,0,0,0,0,0,0,0,0,0,1,1,0,0,0,0,0,1,0,0,0,0,0,0,0,0,0,0,0,0,0,0,0,8,0,40.029,-75.1342, , 
 ,55000,2012048029,6,67,67301,2012,3,7,1248,12,1,2,1,4,1, , ,N,1,2,0,3,0,3,5,2,N, ,39 55:48.070,75 13:09.172,1256, ,1254,1,1,4, , ,3,Y, , , , ,638995, , , ,2,1,0,0,0,0,1,0,0,0,0,3,3,0,0,0,0,0,0,1,1,0,0,0,0,0,0,0,0,0,0,0,0,0,0,4,0,39.9301,-75.2192, , 
 ,55001,2012048264,6,67,67301,2012,4,3,1210,12,1,1,6,1,1, , ,N,1,2,0,3,0,2,3,2,N, ,40 00:21.464,75 05:35.304,1238, ,1232, ,0, , , ,3, , , , , ,638996, , , ,2,2,0,0,0,0,0,0,0,0,0,2,2,0,0,0,0,0,0,0,0,1,0,0,0,0,0,0,0,0,0,0,0,0,0,4,0,40.006,-75.0933, , 
 ,55002,2012056564,6,67,67301,2012,5,7,1439,14,1,1,0,4,1, , ,N,1,2,0,3,0,4,4,2,N,N,39 55:40.948,75 13:09.423,1451, ,1448, ,0, ,N, ,3, , , , , ,639003, , , ,2,2,0,0,0,0,0,0,0,0,0,0,4,4,0,0,0,0,0,0,0,0,0,0,0,0,0,0,0,0,0,0,0,0,0,8,0,39.928,-75.2193, , 
 ,55003,2012046571,6,67,67301,2012,4,7,253,2,3,1,0,7,2, , ,N,0,0,0,3,0,2,2,1,N,N,39 59:29.986,75 12:10.589,257, ,255, ,0, ,N, ,0, , , , , ,639039, , , ,1,1,0,0,0,0,0,0,0,1,1,0,2,0,0,0,0,0,0,0,0,0,0,2,0,1,0,0,0,0,0,0,0,0,0,2,0,39.9917,-75.2029, , 
 ,55004,2012047183,6,67,67301,2012,4,1,1605,16,1,2,1,4,1, , ,N,0,0,0,3,0,0,2,2,N,N,40 01:44.524,75 02:14.136,1749, ,1739, ,0, ,N, ,0, , , , , ,639040, , , ,2,2,0,0,0,0,0,0,0,0,0,0,0,0,0,0,0,0,0,0,0,0,0,0,0,0,0,0,0,0,0,0,0,0,0,0,0,40.0285,-75.0339, , 
 ,55005,2012032563,6,67,67301,2012,2,6,1409,14,1,1,0,1,1, , ,N,1,3,0,3,0,4,4,2,N, ,40 00:12.535,75 10:03.090,1416, ,1414, ,0, , , ,3, , , , , ,639078, , , ,2,2,0,0,0,0,0,0,0,0,0,3,4,1,0,0,0,0,0,0,2,0,0,0,0,0,0,0,0,0,0,0,0,0,0,4,0,40.0035,-75.1675, , 
 ,55006,2012048176,6,67,67301,2012,3,6,1500,15,1,1,0,4,1, , ,N,0,0,0,3,0,1,2,2,N, ,39 56:51.979,75 13:15.034,9999, ,1200, ,0, , , ,0, , , , , ,639091, , , ,2,1,0,0,0,0,1,0,0,0,0,0,1,1,1,0,0,0,0,0,2,0,0,0,0,0,0,0,0,0,0,0,0,0,0,8,0,39.9478,-75.2208, , 
 ,55007,2012049355,6,67,67301,2012,5,3,1745,17,1,2,1,1,1, , ,N,0,0,0,3,0,0,3,2,N,N,39 57:47.153,75 11:01.712,1756, ,1749, ,0, ,N, ,0, , , , , ,639093, , , ,2,1,0,0,1,0,0,0,0,0,0,0,0,0,0,0,0,0,0,0,0,0,0,0,0,0,0,0,0,0,0,0,0,0,0,0,0,39.9631,-75.1838, , 
 ,55008,2012050207,6,67,67301,2012,4,3,1844,18,1,1,0,4,1, , ,N,0,0,0,3,0,3,6,2,N, ,40 04:25.661,75 00:07.805,1850, ,1844,1,2,1, , ,0,Y, , , , ,639095, , , ,2,2,0,0,0,0,0,0,0,0,0,3,3,0,0,0,0,0,0,1,0,0,0,0,0,0,0,0,0,0,0,0,0,0,0,4,0,40.0738,-75.0022, , 
 ,55009,2012015379,6,67,67301,2012,1,5,1756,17,3,1,0,4,1, , ,N,0,0,7,3,0,1,3,2,N, ,39 58:32.296,75 13:24.197,1804, ,1800, ,0, , , ,0, , , , , ,639107, , , ,2,0,0,0,0,0,1,0,0,0,0,0,1,1,0,0,0,0,0,0,0,0,0,0,0,0,0,0,0,0,0,0,0,0,0,8,0,39.9756,-75.2234, , 