wz_ln_closure,objectid_1,crn,district,county,municipality,crash_year,crash_month,day_of_week,time_of_day,hour_of_day,illumination,weather,road_condition,collision_type,relation_to_road,work_zone_type,work_zone_loc,work_zone_ind,intersect_type,tcd_type,location_type,urban_rural,fatal_count,injury_count,person_count,total_units,sch_bus_ind,sch_zone_ind,latitude,longitude,arrival_tm,cons_zone_spd_lim,dispatch_tm,est_hrs_closed,lane_closed,ln_close_dir,ntfy_hiwy_maint,spec_juris_cd,tcd_func_cd,tfc_detour_ind,workers_pres,wz_close_detour,wz_flagger,wz_law_offcr_ind,objectid,wz_moving,wz_other,wz_shlder_mdn,vehicle_count,automobile_count,motorcycle_count,bus_count,small_truck_count,heavy_truck_count,suv_count,van_count,bicycle_count,maj_inj_count,mod_inj_count,min_inj_count,tot_inj_count,unk_inj_deg_count,unk_inj_per_count,driver_count_16yr,driver_count_17yr,driver_count_18yr,driver_count_19yr,driver_count_20yr,driver_count_50_64yr,driver_count_65_74yr,driver_count_75plus,unbelted_occ_count,unb_death_count,unb_maj_inj_count,belted_death_count,belted_maj_inj_count,mcycle_death_count,mcycle_maj_inj_count,bicycle_death_count,bicycle_maj_inj_count,ped_count,ped_death_count,ped_maj_inj_count,max_severity_level,comm_veh_count,dec_lat,dec_long,rdwy_surf_type_cd,county_name
 ,55010,2012015408,6,67,67301,2012,1,5,1055,10,1,2,1,1,1, , ,N,0,0,0,3,0,1,3,2,N,N,39 56:00.426,75 08:38.134,1100, ,1055, ,0, ,N, ,0, , , , , ,639108, , , ,2,2,0,0,0,0,0,0,0,0,0,1,1,0,0,0,0,0,0,0,1,0,0,0,0,0,0,0,0,0,0,0,0,0,0,4,0,39.9335,-75.1439, , 
 ,55011,2012020409,6,67,67301,2012,1,4,114,1,3,1,0,0,1, , ,N,1,0,0,3,0,1,1,1,N,N,39 57:45.021,75 10:23.433,115, ,114, ,0, ,N, ,0, , , , , ,639113, , , ,1,0,1,0,0,0,0,0,0,0,1,0,1,0,0,0,0,0,0,0,0,0,0,0,0,0,0,0,0,0,0,0,0,0,0,3,0,39.9625,-75.1732, , 
 ,55012,2012041502,6,67,67301,2012,3,4,1910,19,1,1,0,8,1, , ,N,0,0,0,3,0,1,2,2,N, ,39 59:10.899,75 05:47.551,1925, ,1918, ,0, , , ,0, , , , , ,639133, , , ,1,1,0,0,0,0,0,0,0,0,0,1,1,0,0,0,0,0,0,0,0,0,0,0,0,0,0,0,0,0,0,0,1,0,0,4,0,39.9864,-75.0965, , 
 ,55013,2012047134,6,67,67301,2012,3,7,100,1,3,2,1,4,1, , ,N,3,3,0,3,0,0,2,2,N,N,40 00:51.902,75 09:00.029,118, ,101, ,0, ,N, ,3, , , , , ,639141, , , ,2,0,0,0,0,0,1,1,0,0,0,0,0,0,0,0,0,0,0,0,0,0,0,0,0,0,0,0,0,0,0,0,0,0,0,0,0,40.0144,-75.15, , 
 ,55014,2012028487,6,67,67301,2012,2,7,6,0,3,2,1,4,1, , ,N,1,2,0,3,0,0,5,2,N, ,40 00:27.528,75 07:37.941,15, ,11, ,0, , , ,3, , , , , ,635930, , , ,2,2,0,0,0,0,0,0,0,0,0,0,0,0,0,0,0,0,0,0,1,0,0,5,0,0,0,0,0,0,0,0,0,0,0,0,0,40.0076,-75.1273, , 
 ,55015,2012047233,6,67,67301,2012,4,6,2319,23,3,1,0,4,1, , ,N,1,0,0,3,0,1,2,2,N,N,39 57:37.092,75 08:20.094,2320, ,2320, ,0, ,N, ,0, , , , , ,635945, , , ,1,1,0,0,0,0,0,0,1,0,0,1,1,0,0,0,0,0,0,0,0,0,0,0,0,0,0,0,0,0,0,0,0,0,0,4,0,39.9603,-75.1389, , 
 ,55016,2012049791,6,67,67301,2012,4,4,9999,99,1,1,0,4,1, , ,N,0,0,0,3,0,1,1,4,N,N,39 58:53.161,75 09:38.272,800, ,828, ,0, ,N, ,0, , , , , ,635948, , , ,4,2,0,0,0,0,2,0,0,0,0,0,1,1,0,0,0,0,0,0,0,0,0,0,0,0,0,0,0,0,0,0,0,0,0,8,0,39.9814,-75.1606, , 
 ,55017,2012015428,6,67,67301,2012,1,2,2354,23,3,1,0,7,5, , ,N,0,2,0,3,0,3,3,1,N,N,39 58:25.291,75 09:32.478,16, ,2356, ,0, ,N, ,3, , , , , ,635966, , , ,1,0,0,0,1,0,0,0,0,0,0,3,3,0,0,0,0,0,0,0,1,0,0,0,0,0,0,0,0,0,0,0,0,0,0,4,0,39.9737,-75.159, , 
 ,55018,2012020343,6,67,67301,2012,1,7,403,4,3,4,3,4,1, , ,N,2,2,0,3,0,2,3,2,N,N,39 57:30.563,75 13:30.647,403, ,403,1,1,2,N, ,3,N, , , , ,635969, , , ,2,1,0,1,0,0,0,0,0,0,0,2,2,0,1,0,0,0,0,0,0,0,0,0,0,0,0,0,0,0,0,0,0,0,0,4,1,39.9585,-75.2252, , 
 ,55019,2012026148,6,67,67301,2012,2,7,604,6,3,1,0,1,2, , ,N,0,0,0,3,0,0,1,3,N,N,40 00:17.835,75 11:14.841,739, ,738, ,0, ,N, ,0, , , , , ,635977, , , ,3,0,0,0,1,0,1,1,0,0,0,0,0,0,0,0,0,0,0,0,0,0,0,0,0,0,0,0,0,0,0,0,0,0,0,0,0,40.0048,-75.1874, , 
 ,55020,2012023972,6,67,67301,2012,1,2,1245,12,8,2,1,1,1, , ,N,5,2,0,3,0,3,4,4,N,N,39 59:13.221,75 07:20.575,1255, ,1248, ,0, ,N, ,3, , , , , ,636022, , , ,4,1,0,0,0,0,0,3,0,0,0,3,3,0,1,0,0,0,0,1,0,0,0,1,0,0,0,0,0,0,0,0,0,0,0,4,0,39.9871,-75.1223, , 
 ,55021,2012048200,6,67,67301,2012,4,7,2305,23,3,1,0,1,1, , ,N,1,2,0,3,0,1,3,2,N,N,39 56:53.405,75 13:16.524,2343, ,2339, ,0, ,N, ,3, , , , , ,636043, , , ,2,2,0,0,0,0,0,0,0,0,0,0,1,1,0,0,0,0,0,0,1,0,0,0,0,0,0,0,0,0,0,0,0,0,0,8,0,39.9482,-75.2212, , 
 ,55022,2012052687,6,67,67301,2012,4,1,815,8,1,1,0,8,1, , ,N,0,0,0,3,0,1,2,2,N,N,39 59:00.002,75 07:12.982,1045, ,1030, ,0, ,N, ,0, , , , , ,636046, , , ,1,0,1,0,0,0,0,0,0,0,1,0,1,0,1,0,0,0,0,0,0,0,0,0,0,0,0,0,0,0,0,0,1,0,0,3,0,39.9833,-75.1203, , 
 ,55023,2012009827,6,67,67301,2012,1,5,346,3,3,1,1,1,1, , ,N,0,0,0,3,0,2,2,2,N,N,40 01:29.349,75 01:47.813,402, ,348,2,2,2,N, ,0,Y, , , , ,636059, , , ,2,2,0,0,0,0,0,0,0,0,0,0,2,2,0,0,0,0,0,0,1,0,0,0,0,0,0,0,0,0,0,0,0,0,0,8,0,40.0248,-75.0299, , 
 ,55024,2012015362,6,67,67301,2012,1,2,1811,18,3,1,0,1,1, , ,N,1,2,0,3,0,1,2,2,N,N,39 57:09.612,75 12:38.023,1815, ,1811, ,0, ,N, ,3, , , , , ,636063, , , ,1,1,0,0,0,0,0,0,1,0,1,0,1,0,1,0,0,0,0,0,0,0,0,0,0,0,0,0,0,0,0,0,0,0,0,3,0,39.9527,-75.2106, , 
 ,55025,2012028496,6,67,67301,2012,2,1,155,1,3,4,5,4,1, , ,N,2,3,0,3,0,3,5,2,N,N,40 00:02.174,75 07:14.217,210, ,205, ,0, ,Y, ,3, , , , , ,636076, , , ,2,2,0,0,0,0,0,0,0,0,0,3,3,0,0,0,0,0,0,0,0,0,0,0,0,0,0,0,0,0,0,0,0,0,0,4,0,40.0006,-75.1206, , 
 ,55026,2012033051,6,67,67301,2012,2,3,1634,16,1,1,0,7,7, , ,N,1,2,2,3,0,0,2,1,N,N,39 53:32.915,75 13:21.046,9999, ,1634,9,1,2,N, ,3,N, , , , ,636080, , , ,1,1,0,0,0,0,0,0,0,0,0,0,0,0,0,0,0,0,0,0,0,0,0,0,0,0,0,0,0,0,0,0,0,0,0,0,0,39.8925,-75.2226, , 
 ,55027,2012047071,6,67,67301,2012,4,5,215,2,2,1,0,1,1, , ,N,1,2,0,3,0,1,2,2,N,N,39 57:31.834,75 12:22.607,240, ,232, ,0, ,N, ,3, , , , , ,636090, , , ,2,2,0,0,0,0,0,0,0,0,0,1,1,0,0,0,0,0,0,0,0,0,0,0,0,0,0,0,0,0,0,0,0,0,0,4,0,39.9588,-75.2063, , 
 ,55028,2012048089,6,67,67301,2012,3,6,920,9,1,1,0,4,1, , ,N,3,0,0,3,0,3,4,3,Y,N,40 01:23.893,75 02:12.532,927, ,926,2,2,1,N, ,0,Y, , , , ,636092, , , ,3,0,0,1,0,1,1,0,0,0,0,3,3,0,0,0,0,0,0,0,2,0,0,0,0,0,0,0,0,0,0,0,0,0,0,4,2,40.0233,-75.0368, , 
 ,55029,2012007362,6,67,67301,2012,1,2,1323,13,1,1,0,1,1, , ,N,0,0,0,3,0,1,3,2,N,N,39 53:52.482,75 11:03.738,1331, ,1328, ,0, ,N, ,0, , , , , ,636110, , , ,2,2,0,0,0,0,0,0,0,0,0,1,1,0,0,0,0,0,0,1,0,0,0,0,0,0,0,0,0,0,0,0,0,0,0,4,0,39.8979,-75.1844, , 
 ,55030,2012020563,6,67,67301,2012,1,6,1850,18,3,1,0,4,1, , ,N,2,0,0,3,0,1,2,2,N, ,40 02:05.789,75 04:54.430,2203, ,2151, ,0, , , ,0, , , , , ,636121, , , ,2,1,0,0,0,0,0,1,0,0,0,1,1,0,0,0,0,0,0,0,1,0,0,0,0,0,0,0,0,0,0,0,0,0,0,4,0,40.0349,-75.0817, , 
 ,55031,2012032721,6,67,67301,2012,2,1,1529,15,1,1,0,4,1, , ,N,1,3,0,3,0,2,4,2,N,N,40 03:57.600,75 09:16.718,1608, ,1601, ,0, , , ,3, , , , , ,636133, , , ,2,1,0,0,1,0,0,0,0,0,0,2,2,0,0,0,0,0,1,0,1,0,0,0,0,0,0,0,0,0,0,0,0,0,0,4,0,40.066,-75.1546, , 
 ,55032,2014013072,6,67,67301,2013,12,3,1450,14,1,1,0,4,1, , ,N,1,3,0,3,0,1,2,2,N,N,39 57:54.104,75 13:06.113,1532, ,1530, ,0, ,N, ,3, , , , , ,628943, , , ,2,0,0,0,1,0,0,0,0,0,1,0,1,0,1,0,0,0,0,0,1,0,0,0,0,0,0,0,0,0,0,0,0,0,0,3,0,39.965,-75.2184, , 
 ,55033,2013104035,6,67,67301,2013,9,6,1345,13,1,1,0,4,1, , ,N,1,2,0,3,0,1,3,2,N,N,39 55:58.508,75 08:55.373,1355, ,1350, ,0, ,N, ,3, , , , , ,628967, , , ,2,2,0,0,0,0,0,0,0,0,0,0,1,1,0,0,0,0,0,0,0,0,0,0,0,0,0,0,0,0,0,0,0,0,0,8,0,39.9329,-75.1487, , 
 ,55034,2013122979,6,67,67301,2013,10,5,1539,15,1,1,0,1,1, , ,N,1,3,0,3,0,2,3,3,N,N,40 02:03.678,75 05:32.135,1610, ,1600,2,1,2,N, ,3,Y, , , , ,628983, , , ,3,2,0,0,0,0,1,0,0,0,0,0,2,2,0,0,0,0,0,0,1,0,0,0,0,0,0,0,0,0,0,0,0,0,0,8,0,40.0344,-75.0923, , 
 ,55035,2013124299,6,67,67301,2013,12,1,2100,21,6,4,4,8,1, , ,N,1,2,0,3,0,1,2,2,N,N,39 58:50.962,75 09:01.180,2105, ,2104, ,0, ,N, ,3, , , , , ,629009, , , ,1,1,0,0,0,0,0,0,0,0,0,0,1,1,0,0,0,0,0,0,0,0,0,0,0,0,0,0,0,0,0,0,1,0,0,8,0,39.9808,-75.1503, , 
 ,55036,2014009783,6,67,67301,2013,12,6,1025,10,1,1,0,4,1, , ,N,1,0,0,3,0,1,3,2,N,N,40 00:54.823,75 10:11.829,1035, ,1033, ,0, ,N, ,0, , , , , ,629022, , , ,2,2,0,0,0,0,0,0,0,0,0,0,1,1,0,0,0,0,0,0,0,0,0,0,0,0,0,0,0,0,0,0,0,0,0,8,0,40.0152,-75.1699, , 
 ,55037,2013098383,6,67,67301,2013,8,7,1237,12,1,1,0,6,1, , ,N,2,3,0,3,0,2,3,2,N,N,39 59:35.138,75 12:54.655,1245, ,1237, ,0, ,N, ,3, , , , , ,629027, , , ,2,1,0,0,0,0,1,0,0,0,0,2,2,0,0,0,0,0,0,0,1,0,1,0,0,0,0,0,0,0,0,0,0,0,0,4,0,39.9931,-75.2152, , 
 ,55038,2013121542,6,67,67301,2013,11,1,5,0,3,1,0,1,1, , ,N,0,0,0,3,0,0,5,2,N, ,39 55:16.451,75 11:38.659,19, ,17, ,0, , , ,0, , , , , ,629048, , , ,2,2,0,0,0,0,0,0,0,0,0,0,0,0,0,0,0,0,0,0,0,0,0,2,0,0,0,0,0,0,0,0,0,0,0,0,0,39.9215,-75.1918, , 
 ,55039,2014001122,6,67,67301,2013,11,6,410,4,3,1,0,5,2, , ,N,0,0,0,3,0,0,1,6,N, ,39 58:10.104,75 08:48.185,830, ,420,3,2,2, , ,0,Y, , , , ,629055, , , ,6,2,0,0,1,0,2,1,0,0,0,0,0,0,1,0,0,0,0,0,0,0,0,0,0,0,0,0,0,0,0,0,0,0,0,9,0,39.9695,-75.1467, , 
 ,55040,2014006908,6,67,67301,2013,12,3,1853,18,2,4,5,1,1, , ,N,0,2,0,3,0,1,2,2,N, ,40 05:19.738,74 58:10.157,1907, ,1901, ,0, , , ,3, , , , , ,629057, , , ,2,0,0,0,2,0,0,0,0,0,0,1,1,0,0,0,0,0,0,0,1,0,0,0,0,0,0,0,0,0,0,0,0,0,0,4,0,40.0888,-74.9695, , 
 ,55041,2013123024,6,67,67301,2013,11,7,1708,17,1,1,0,6,1, , ,N,0,0,0,3,0,0,1,3,N,N,39 57:19.204,75 13:11.275,1708, ,1708,4,2,1,N, ,0,Y, , , , ,629066, , , ,3,2,0,0,0,0,1,0,0,0,0,0,0,0,1,0,0,0,0,0,1,0,0,1,0,0,0,0,0,0,0,0,0,0,0,9,0,39.9553,-75.2198, , 
 ,55042,2013134227,6,67,67301,2013,12,7,1953,19,3,1,0,7,2, , ,N,0,0,0,3,0,3,3,1,N,N,40 00:25.240,75 11:58.956,2001, ,1956,1,1,3,N, ,0,N, , , , ,629083, , , ,1,1,0,0,0,0,0,0,0,0,0,3,3,0,0,0,0,0,0,0,0,0,0,0,0,0,0,0,0,0,0,0,0,0,0,4,0,40.007,-75.1997, , 
 ,55043,2014006314,6,67,67301,2013,11,7,1800,18,3,1,0,8,1, , ,N,1,2,0,3,0,1,2,2,N,N,40 01:39.188,75 08:49.702,1830, ,1800, ,0, ,N, ,3, , , , , ,629089, , , ,1,0,0,0,0,0,1,0,0,0,0,1,1,0,0,0,0,0,0,0,0,0,0,0,0,0,0,0,0,0,0,0,1,0,0,4,0,40.0276,-75.1471, , 
 ,55044,2014013064,6,67,67301,2013,12,6,9999,99,1,1,0,8,1, , ,N,1,2,0,3,0,1,2,2,N, ,40 01:14.970,75 07:05.771,9999, ,9999, ,0, , , ,3, , , , , ,629119, , , ,1,1,0,0,0,0,0,0,0,0,0,1,1,0,0,0,0,0,0,0,0,0,0,0,0,0,0,0,0,0,0,0,1,0,0,4,0,40.0208,-75.1183, , 
 ,55045,2013111453,6,67,67301,2013,11,1,157,1,3,1,0,7,4, , ,N,0,0,0,3,0,0,1,1,N,N,39 55:54.330,75 11:59.533,157, ,157, ,0, ,N, ,0, , , , , ,629124, , , ,1,1,0,0,0,0,0,0,0,0,0,0,0,0,0,0,0,0,0,0,0,1,0,0,0,0,0,0,0,0,0,0,0,0,0,0,0,39.9318,-75.1999, , 
 ,55046,2013130074,6,67,67301,2013,11,6,830,8,1,1,0,4,1, , ,N,1,2,0,3,0,4,5,2,N,N,40 04:19.382,75 00:46.920,850, ,846,2,1,4,N, ,3,N, , , , ,629140, , , ,2,0,0,0,0,0,2,0,0,0,0,2,4,2,0,0,0,0,0,0,0,0,0,0,0,0,0,0,0,0,0,0,0,0,0,4,0,40.0721,-75.013, , 
 ,55047,2014006805,6,67,67301,2013,12,1,1310,13,1,4,3,7,4, , ,N,0,0,0,3,0,0,4,1,N,N,39 57:57.556,75 12:09.774,1310, ,1310, ,0, ,N, ,0, , , , , ,629145, , , ,1,0,0,1,0,0,0,0,0,0,0,0,0,0,0,0,0,0,0,0,0,0,0,0,0,0,0,0,0,0,0,0,0,0,0,0,1,39.966,-75.2027, , 
 ,55048,2014015002,6,67,67301,2013,11,7,300,3,3,1,0,2,1, , ,N,0,0,0,3,0,2,4,2,N,N,39 56:05.834,75 14:07.070,0, ,0, ,0, ,N, ,0, , , , , ,629146, , , ,2,1,0,0,0,0,0,0,0,0,2,0,2,0,0,0,0,0,0,0,0,0,0,0,0,0,0,0,0,0,0,0,0,0,0,3,0,39.935,-75.2353, , 
 ,55049,2013121341,6,67,67301,2013,10,6,1205,12,1,1,0,4,1, , ,N,1,3,0,3,0,1,2,2,N,N,40 04:32.980,75 09:52.376,1210, ,1207, ,0, ,N, ,3, , , , , ,629161, , , ,2,2,0,0,0,0,0,0,0,0,0,0,1,1,0,0,0,0,0,0,1,0,1,0,0,0,0,0,0,0,0,0,0,0,0,8,0,40.0758,-75.1645, , 
 ,55050,2012048225,6,67,67301,2012,3,3,1235,12,1,1,0,4,1, , ,N,1,2,0,3,0,3,5,2,N,N,39 56:41.532,75 13:26.572,1244, ,1239,3,1,1,N, ,3,N, , , , ,632054, , , ,2,1,0,0,0,0,0,1,0,0,0,0,3,3,1,0,0,0,0,0,0,0,0,0,0,0,0,0,0,0,0,0,0,0,0,8,0,39.9449,-75.224, , 
 ,55051,2012056705,6,67,67301,2012,5,5,1400,14,1,1,0,4,1, , ,N,1,3,0,3,0,2,4,2,N,N,40 03:19.864,75 03:42.983,1410, ,1405, ,0, ,N, ,3, , , , , ,632060, , , ,2,0,0,0,1,0,0,1,0,0,0,0,2,2,0,0,1,0,0,0,0,0,0,0,0,0,0,0,0,0,0,0,0,0,0,8,0,40.0555,-75.0619, , 
 ,55052,2012020572,6,67,67301,2012,1,4,1800,18,3,1,0,1,1, , ,N,2,0,0,3,0,0,3,3,N,N,40 03:39.325,75 08:14.188,1940, ,1925, ,0, ,N, ,0, , , , , ,632086, , , ,3,3,0,0,0,0,0,0,0,0,0,0,0,0,1,0,0,0,1,0,0,0,0,1,0,0,0,0,0,0,0,0,0,0,0,9,0,40.0609,-75.1373, , 
 ,55053,2012032723,6,67,67301,2012,2,2,9999,99,2,1,0,4,1, , ,N,1,2,0,3,0,1,2,2,N,N,40 02:06.826,75 08:44.062,9999, ,2314, ,0, ,N, ,3, , , , , ,632096, , , ,2,2,0,0,0,0,0,0,0,0,1,0,1,0,1,0,0,0,0,0,0,0,0,0,0,0,0,0,0,0,0,0,0,0,0,3,0,40.0352,-75.1455, , 
 ,55054,2012042095,6,67,67301,2012,3,4,413,4,3,1,0,4,1, , ,N,1,2,0,3,0,1,2,2,N,N,40 01:28.740,75 07:25.247,418, ,415,3,2,6,N, ,3,Y, , , , ,632108, , , ,2,2,0,0,0,0,0,0,0,0,0,0,1,1,0,0,0,0,0,0,0,0,0,0,0,0,0,0,0,0,0,0,0,0,0,8,0,40.0247,-75.1237, , 
 ,55055,2012041590,6,67,67301,2012,3,5,1914,19,1,1,0,4,2, , ,N,1,2,0,3,0,1,2,2,N,N,39 58:33.125,75 09:30.760,1918, ,1914,1,1,1,N, ,3,N, , , , ,632159, , , ,2,1,1,0,0,0,0,0,0,0,1,0,1,0,0,0,0,0,0,0,1,0,0,0,0,0,0,0,0,0,0,0,0,0,0,3,0,39.9758,-75.1584, , 
 ,55056,2012026085,6,67,67301,2012,2,4,2343,23,3,4,1,1,1, , ,N,1,2,0,3,0,3,4,2,N,N,39 57:07.498,75 12:20.102,2347, ,2343, ,0, ,N, ,3, , , , , ,632180, , , ,2,2,0,0,0,0,0,0,0,0,0,2,3,1,0,0,0,0,0,0,0,0,0,0,0,0,0,0,0,0,0,0,0,0,0,4,0,39.9521,-75.2056, , 
 ,55057,2012026198,6,67,67301,2012,2,6,857,8,1,1,0,8,1, , ,N,0,0,0,3,0,1,3,2,N,N,40 02:11.743,75 07:54.379,928, ,858, ,0, ,N, ,0, , , , , ,632181, , , ,1,0,0,0,0,0,1,0,0,0,0,1,1,0,0,0,0,0,0,0,0,0,0,0,0,0,0,0,0,0,0,0,1,0,0,4,0,40.0366,-75.1318, , 
 ,55058,2012034821,6,67,67301,2012,2,3,1515,15,1,1,0,8,6, , ,N,0,0,0,3,0,1,2,2,N, ,39 57:12.099,75 09:17.176,1918, ,1916, ,0, , , ,0, , , , , ,632190, , , ,1,0,0,0,0,0,1,0,0,0,0,0,1,1,0,0,0,0,0,0,0,0,0,0,0,0,0,0,0,0,0,0,1,0,0,8,0,39.9534,-75.1548, , 
 ,55059,2012063981,6,67,67301,2012,5,5,1500,15,1,1,1,8,1, , ,N,1,2,0,3,0,2,3,3,N, ,40 06:40.143,75 01:27.353,1513, ,1513, ,0, , , ,3, , , , , ,632212, , , ,1,1,0,0,0,0,0,0,0,0,0,2,2,0,0,0,0,0,0,0,0,0,0,0,0,0,0,0,0,0,0,0,2,0,0,4,0,40.1112,-75.0243, , 
 ,55060,2012015339,6,67,67301,2012,1,1,1825,18,3,1,0,4,1, , ,N,1,2,0,3,0,3,5,3,N,N,39 58:40.054,75 12:48.645,1834, ,1829,1,1,3,N, ,3,Y, , , , ,632220, , , ,3,3,0,0,0,0,0,0,0,0,0,3,3,0,0,0,0,0,0,0,1,0,0,0,0,0,0,0,0,0,0,0,0,0,0,4,0,39.9777,-75.2134, , 
 ,55061,2012041599,6,67,67301,2012,3,5,428,4,3,1,0,2,6, , ,N,0,0,0,3,0,1,1,2,N,N,39 57:12.524,75 13:01.804,435, ,431, ,0, ,N, ,0, , , , , ,632244, , , ,2,1,0,0,1,0,0,0,0,0,0,1,1,0,0,0,0,0,0,0,0,0,0,0,0,0,0,0,0,0,0,0,0,0,0,4,0,39.9535,-75.2172, , 
 ,55062,2012041743,6,67,67301,2012,3,6,115,1,3,1,0,4,1, , ,N,1,2,0,3,0,1,2,2,N, ,39 59:23.298,75 07:31.934,125, ,120, ,0, , , ,3, , , , , ,632245, , , ,1,0,0,0,0,0,1,0,1,0,0,1,1,0,0,0,0,0,0,0,0,0,0,0,0,0,0,0,0,0,0,0,0,0,0,4,0,39.9898,-75.1255, , 
 ,55063,2012060842,6,67,67301,2012,5,3,1156,11,1,2,1,4,1, , ,N,1,3,0,3,0,0,2,2,N,N,40 01:38.622,75 04:36.350,1217, ,1213, ,0, ,N, ,3, , , , , ,632253, , , ,2,2,0,0,0,0,0,0,0,0,0,0,0,0,1,0,0,0,0,0,1,0,0,0,0,0,0,0,0,0,0,0,0,0,0,9,0,40.0274,-75.0768, , 
 ,55064,2012015331,6,67,67301,2012,1,6,820,8,1,1,0,8,1, , ,N,1,3,0,3,0,1,2,2,N,N,39 57:52.084,75 13:05.876,834, ,829, ,0, ,N, ,3, , , , , ,632272, , , ,1,1,0,0,0,0,0,0,0,0,0,1,1,0,0,0,0,0,0,0,0,0,0,0,0,0,0,0,0,0,0,0,1,0,0,4,0,39.9645,-75.2183, , 
 ,55065,2012025863,6,67,67301,2012,3,5,1910,19,3,1,0,5,1, , ,N,1,2,0,3,0,1,2,2,N,N,40 03:04.093,75 07:07.134,1926, ,1921, ,0, ,N, ,3, , , , , ,632279, , , ,2,1,0,0,0,0,1,0,0,0,0,0,1,1,0,0,0,0,0,0,1,0,0,0,0,0,0,0,0,0,0,0,0,0,0,8,0,40.0511,-75.1186, , 
 ,55066,2012028155,6,67,67301,2012,2,6,730,7,1,1,0,8,1, , ,N,3,3,0,3,0,1,2,2,N,N,39 58:06.668,75 10:05.829,737, ,733, ,0, ,N, ,3, , , , , ,632282, , , ,1,1,0,0,0,0,0,0,0,0,0,0,1,1,0,0,0,0,0,0,1,0,0,0,0,0,0,0,0,0,0,0,1,0,0,8,0,39.9685,-75.1683, , 
 ,55067,2012028469,6,67,67301,2012,2,7,1834,18,4,1,0,4,1, , ,N,1,3,0,3,0,1,2,2,N, ,39 56:08.001,75 08:42.917,1836, ,1836, ,0, , , ,3, , , , , ,632283, , , ,1,1,0,0,0,0,0,0,1,0,0,1,1,0,0,0,0,0,0,0,0,1,0,0,0,0,0,0,0,0,0,0,0,0,0,4,0,39.9356,-75.1453, , 
 ,55068,2012007555,6,67,67301,2012,1,7,2307,23,3,1,0,4,1, , ,N,0,0,0,3,0,0,4,2,N,N,40 00:09.532,75 13:24.672,2307, ,2307,1,1,2,N, ,0,N, , , , ,639154, , , ,2,2,0,0,0,0,0,0,0,0,0,0,0,0,0,0,0,0,1,0,0,0,0,0,0,0,0,0,0,0,0,0,0,0,0,0,0,40.0026,-75.2235, , 
 ,55069,2012026145,6,67,67301,2012,2,4,9999,99,3,4,1,8,1, , ,N,0,2,0,3,0,1,3,2,N,N,39 57:20.150,75 11:22.941,1910, ,1909, ,0, , , ,3, , , , , ,639169, , , ,1,1,0,0,0,0,0,0,0,0,0,1,1,0,0,0,0,0,0,0,1,0,0,0,0,0,0,0,0,0,0,0,1,0,0,4,0,39.9556,-75.1897, , 
 ,55070,2012049907,6,67,67301,2012,5,3,1116,11,1,2,1,1,1, , ,N,0,0,0,3,0,2,5,3,N,N,39 56:58.379,75 08:30.570,1121, ,1116, ,0, ,N, ,0, , , , , ,639189, , , ,3,3,0,0,0,0,0,0,0,0,0,2,2,0,0,0,0,0,0,0,1,1,0,0,0,0,0,0,0,0,0,0,0,0,0,4,0,39.9496,-75.1418, , 
 ,55071,2012057509,6,67,67301,2012,5,5,1658,16,1,1,0,4,1, , ,N,0,0,7,3,0,2,3,2,N,N,40 05:17.433,74 58:03.034,1704, ,1658,2,1,4,N, ,0,N, , , , ,639196, , , ,2,2,0,0,0,0,0,0,0,0,0,0,2,2,0,0,0,1,0,0,0,0,0,0,0,0,0,0,0,0,0,0,0,0,0,8,0,40.0882,-74.9675, , 
 ,55072,2012014811,6,67,67301,2012,1,5,530,5,3,4,3,4,1, , ,N,6,0,0,3,0,0,3,2,N,N,39 53:35.159,75 13:19.839,602, ,533,2,2,7,N, ,0,N, , , , ,639211, , , ,2,1,0,0,0,1,0,0,0,0,0,0,0,0,0,0,0,0,0,0,0,0,0,0,0,0,0,0,0,0,0,0,0,0,0,0,1,39.8931,-75.2222, , 
 ,55073,2012032631,6,67,67301,2012,2,4,1027,10,1,1,0,1,4, , ,N,1,3,0,3,0,1,3,2,N,N,40 01:28.840,75 10:14.087,1035, ,1029, ,0, , , ,3, , , , , ,639233, , , ,2,1,0,0,0,0,1,0,0,0,0,1,1,0,0,0,0,0,0,0,0,0,0,2,0,0,0,0,0,0,0,0,0,0,0,4,0,40.0247,-75.1706, , 
 ,55074,2012034617,6,67,67301,2012,3,4,706,7,1,1,0,4,1, , ,N,1,2,0,3,0,0,2,2,N,N,39 57:36.149,75 13:29.566,708, ,706, ,0, ,N, ,3, , , , , ,639235, , , ,2,2,0,0,0,0,0,0,0,0,0,0,0,0,0,0,0,0,0,0,0,0,0,0,0,0,0,0,0,0,0,0,0,0,0,0,0,39.9599,-75.2249, , 
 ,55075,2012049772,6,67,67301,2012,4,2,105,1,3,2,1,4,1, , ,N,1,2,0,3,0,1,5,2,N,N,40 01:49.177,75 07:54.609,120, ,115, ,0, ,N, ,3, , , , , ,639243, , , ,2,1,0,0,0,1,0,0,0,0,0,1,1,0,0,0,0,0,0,0,0,0,0,0,0,0,0,0,0,0,0,0,0,0,0,4,0,40.0303,-75.1318, , 