wz_ln_closure,objectid_1,crn,district,county,municipality,crash_year,crash_month,day_of_week,time_of_day,hour_of_day,illumination,weather,road_condition,collision_type,relation_to_road,work_zone_type,work_zone_loc,work_zone_ind,intersect_type,tcd_type,location_type,urban_rural,fatal_count,injury_count,person_count,total_units,sch_bus_ind,sch_zone_ind,latitude,longitude,arrival_tm,cons_zone_spd_lim,dispatch_tm,est_hrs_closed,lane_closed,ln_close_dir,ntfy_hiwy_maint,spec_juris_cd,tcd_func_cd,tfc_detour_ind,workers_pres,wz_close_detour,wz_flagger,wz_law_offcr_ind,objectid,wz_moving,wz_other,wz_shlder_mdn,vehicle_count,automobile_count,motorcycle_count,bus_count,small_truck_count,heavy_truck_count,suv_count,van_count,bicycle_count,maj_inj_count,mod_inj_count,min_inj_count,tot_inj_count,unk_inj_deg_count,unk_inj_per_count,driver_count_16yr,driver_count_17yr,driver_count_18yr,driver_count_19yr,driver_count_20yr,driver_count_50_64yr,driver_count_65_74yr,driver_count_75plus,unbelted_occ_count,unb_death_count,unb_maj_inj_count,belted_death_count,belted_maj_inj_count,mcycle_death_count,mcycle_maj_inj_count,bicycle_death_count,bicycle_maj_inj_count,ped_count,ped_death_count,ped_maj_inj_count,max_severity_level,comm_veh_count,dec_lat,dec_long,rdwy_surf_type_cd,county_name
 ,55076,2012051931,6,67,67301,2012,5,3,1255,12,1,2,1,4,1, , ,N,1,2,0,3,0,1,2,2,N, ,39 56:02.753,75 10:03.046,1255, ,1255, ,0, , , ,3, , , , , ,639244, , , ,2,2,0,0,0,0,0,0,0,0,0,0,1,1,0,0,0,0,0,0,1,1,0,0,0,0,0,0,0,0,0,0,0,0,0,8,0,39.9342,-75.1675, , 
 ,55077,2012028122,6,67,67301,2012,2,4,2020,20,3,1,0,1,1, , ,N,0,0,0,3,0,1,3,2,N,N,39 57:17.363,75 11:54.187,2024, ,2023, ,0, , , ,0, , , , , ,639264, , , ,2,1,0,0,0,0,1,0,0,0,0,1,1,0,0,0,0,0,0,0,1,0,0,0,0,0,0,0,0,0,0,0,0,0,0,4,0,39.9548,-75.1984, , 
 ,55078,2012032633,6,67,67301,2012,2,7,400,4,3,1,0,1,1, , ,N,2,2,0,3,0,0,2,2,N,N,39 57:12.696,75 11:07.083,405, ,402, ,0, ,N, ,3, , , , , ,639272, , , ,2,2,0,0,0,0,0,0,0,0,0,0,0,0,0,0,0,0,0,0,0,0,0,0,0,0,0,0,0,0,0,0,0,0,0,0,0,39.9535,-75.1853, , 
 ,55079,2012051914,6,67,67301,2012,4,5,615,6,1,1,0,4,1, , ,N,0,0,0,3,0,1,1,2,N,N,40 04:15.266,75 10:33.458,655, ,647, ,0, ,N, ,0, , , , , ,639284, , , ,2,1,0,0,0,0,1,0,0,0,0,0,1,1,0,0,0,0,0,0,0,0,0,0,0,0,0,0,0,0,0,0,0,0,0,8,0,40.0709,-75.176, , 
 ,55080,2012011825,6,67,67301,2012,1,2,2232,22,3,2,1,5,1, , ,N,0,0,0,3,0,0,5,2,N,N,39 55:59.214,75 12:00.058,2257, ,2250, ,0, ,N, ,0, , , , , ,639300, , , ,2,1,0,0,0,1,0,0,0,0,0,0,0,0,0,0,0,0,0,0,1,0,0,1,0,0,0,0,0,0,0,0,0,0,0,0,1,39.9331,-75.2, , 
 ,55081,2012026168,6,67,67301,2012,2,7,1830,18,3,2,1,4,1, , ,N,1,2,0,3,0,1,4,3,N,N,39 59:39.200,75 06:40.810,1855, ,1845, ,0, ,N, ,3, , , , , ,639313, , , ,3,3,0,0,0,0,0,0,0,0,0,1,1,0,0,0,0,0,0,0,0,0,0,0,0,0,0,0,0,0,0,0,0,0,0,4,0,39.9942,-75.1114, , 
 ,55082,2012026200,6,67,67301,2012,2,1,2040,20,3,1,0,4,1, , ,N,1,2,0,3,0,6,6,2,N,N,40 00:57.144,75 09:13.828,2105, ,2057, ,0, ,N, ,3, , , , , ,639314, , , ,2,1,0,0,0,0,1,0,0,0,0,6,6,0,0,0,0,0,0,0,1,0,1,0,0,0,0,0,0,0,0,0,0,0,0,4,0,40.0159,-75.1538, , 
 ,55083,2012028176,6,67,67301,2012,2,6,1755,17,3,1,0,1,6, , ,N,0,0,0,3,0,0,1,2,N,N,39 58:47.742,75 10:03.076,1811, ,1810, ,0, ,N, ,0, , , , , ,639317, , , ,2,1,0,1,0,0,0,0,0,0,0,0,0,0,0,0,0,0,0,0,0,0,0,0,0,0,0,0,0,0,0,0,0,0,0,0,1,39.9799,-75.1675, , 
 ,55084,2012034785,6,67,67301,2012,2,4,1820,18,3,2,1,1,1, , ,N,0,0,0,3,0,1,3,2,N,N,39 54:46.146,75 14:35.899,1840, ,1837, ,0, , , ,0, , , , , ,639322, , , ,2,1,0,0,1,0,0,0,0,0,0,1,1,0,0,0,0,0,0,0,0,0,0,0,0,0,0,0,0,0,0,0,0,0,0,4,0,39.9128,-75.2433, , 
 ,55085,2012020602,6,67,67301,2012,1,4,1645,16,3,1,0,8,1, , ,N,0,0,0,3,0,1,2,2,N, ,39 59:05.568,75 07:31.627,9999, ,9999, ,0, , , ,0, , , , , ,639360, , , ,1,1,0,0,0,0,0,0,0,0,0,1,1,0,0,0,0,0,0,0,0,0,0,0,0,0,0,0,0,0,0,0,1,0,0,4,0,39.9849,-75.1255, , 
 ,55086,2012014416,6,67,67301,2012,2,1,650,6,1,1,0,7,2, , ,N,0,0,0,3,0,1,1,1,N,N,39 57:11.247,75 08:27.527,657, ,654, ,0, ,N, ,0, , , , , ,639401, , , ,1,0,0,0,0,0,1,0,0,0,0,0,1,1,0,0,0,0,0,0,0,0,0,0,0,0,0,0,0,0,0,0,0,0,0,8,0,39.953,-75.141, , 
 ,55087,2012033066,6,67,67301,2012,2,6,2114,21,3,2,1,4,1, , ,N,1,2,2,3,0,0,2,2,N,N,39 57:13.622,75 08:34.406,2116, ,2114, ,0, ,N, ,3, , , , , ,636134, , , ,2,1,0,0,0,0,1,0,0,0,0,0,0,0,0,0,0,0,0,0,0,0,0,0,0,0,0,0,0,0,0,0,0,0,0,0,0,39.9538,-75.1429, , 
 ,55088,2012051754,6,67,67301,2012,1,6,815,8,1,2,1,1,1, , ,N,2,2,0,3,0,1,2,2,N,N,40 04:01.420,75 03:04.355,0, ,0, ,0, ,N, ,3, , , , , ,636148, , , ,2,2,0,0,0,0,0,0,0,0,0,0,1,1,0,0,0,0,0,0,0,0,0,0,0,0,0,0,0,0,0,0,0,0,0,8,0,40.0671,-75.0512, , 
 ,55089,2012012797,6,67,67301,2012,1,2,1603,16,1,1,0,1,1, , ,N,0,0,0,3,0,0,2,2,N,N,39 57:27.831,75 09:38.852,1616, ,1606,1,1,4,N, ,0,N, , , , ,636159, , , ,2,2,0,0,0,0,0,0,0,0,0,0,0,0,0,0,0,0,0,0,1,0,0,0,0,0,0,0,0,0,0,0,0,0,0,0,0,39.9577,-75.1608, , 
 ,55090,2012015342,6,67,67301,2012,1,2,1757,17,3,9,0,8,1, , ,N,1,2,0,3,0,1,2,2,N,N,40 00:49.805,75 05:50.374,1830, ,1830, ,0, ,N, ,9, , , , , ,636162, , , ,1,0,0,0,0,0,0,0,0,0,0,1,1,0,1,0,0,0,0,0,0,0,0,0,0,0,0,0,0,0,0,0,1,0,0,4,0,40.0137,-75.0974, , 
 ,55091,2012042138,6,67,67301,2012,3,7,1705,17,1,1,0,4,2, , ,N,1,3,0,3,0,1,2,2,N,N,39 55:49.785,75 10:41.426,1710, ,1705, ,0, ,N, ,3, , , , , ,636183, , , ,1,0,0,0,0,0,0,0,1,0,0,1,1,0,0,0,0,0,0,0,0,0,0,0,0,0,0,0,0,0,0,0,0,0,0,4,0,39.9305,-75.1782, , 
 ,55092,2012048257,6,67,67301,2012,4,2,115,1,3,2,1,8,1, , ,N,1,2,0,3,0,1,2,2,N,N,39 55:48.070,75 13:09.172,128, ,121, ,0, ,N, ,3, , , , , ,636188, , , ,1,1,0,0,0,0,0,0,0,0,0,1,1,0,0,0,0,0,0,0,0,0,0,0,0,0,0,0,0,0,0,0,1,0,0,4,0,39.9301,-75.2192, , 
 ,55093,2012020691,6,67,67301,2012,2,6,2341,23,3,1,0,7,2, , ,N,0,0,0,3,0,1,2,2,N,N,40 02:09.655,75 00:57.543,2345, ,2343,1,1,1,N, ,0,N, , , , ,636210, , , ,2,2,0,0,0,0,0,0,0,0,0,0,1,1,0,0,0,0,0,0,0,0,0,0,0,0,0,0,0,0,0,0,0,0,0,8,0,40.036,-75.0161, , 
 ,55094,2012034697,6,67,67301,2012,3,6,1955,19,3,2,1,4,1, , ,N,0,0,0,3,0,2,3,2,N, ,40 01:04.457,75 12:40.884,2001, ,1959, ,0, , , ,0, , , , , ,636221, , , ,2,2,0,0,0,0,0,0,0,0,2,0,2,0,0,0,0,0,0,0,0,1,0,0,0,0,0,0,0,0,0,0,0,0,0,3,0,40.0177,-75.2114, , 
 ,55095,2012034699,6,67,67301,2012,3,6,1710,17,4,1,0,8,1, , ,N,1,2,0,3,0,1,2,2,N,N,39 55:17.779,75 08:53.544,1714, ,1713,1,1,3, , ,3,Y, , , , ,636222, , , ,1,0,0,1,0,0,0,0,0,0,0,0,1,1,0,0,0,0,0,0,1,0,0,0,0,0,0,0,0,0,0,0,1,0,0,8,1,39.9216,-75.1482, , 
 ,55096,2012026099,6,67,67301,2012,2,7,9999,99,1,4,1,7,2, , ,N,1,2,0,3,0,1,1,1,N,N,40 03:24.532,75 02:49.228,958, ,950,1,1,2,N, ,3,N, , , , ,636262, , , ,1,1,0,0,0,0,0,0,0,0,0,1,1,0,0,0,0,0,0,0,0,0,0,1,0,0,0,0,0,0,0,0,0,0,0,4,0,40.0568,-75.047, , 
 ,55097,2012026244,6,67,67301,2012,2,5,1111,11,1,1,0,8,1, , ,N,0,0,0,3,0,1,2,2,N,N,39 59:30.477,75 07:00.862,1115, ,1113, ,0, , , ,0, , , , , ,636263, , , ,1,0,0,0,1,0,0,0,0,0,1,0,1,0,0,0,0,0,0,0,0,0,0,0,0,0,0,0,0,0,0,0,1,0,0,3,0,39.9918,-75.1169, , 
 ,55098,2012036636,6,67,67301,2012,3,1,2351,23,3,1,0,7,3, , ,N,0,0,0,3,0,1,1,1,N,N,39 54:45.301,75 08:54.342,7, ,2358,1,2,1,N, ,0,N, , , , ,636276, , , ,1,1,0,0,0,0,0,0,0,0,0,0,1,1,0,0,0,0,0,0,0,0,0,0,0,0,0,0,0,0,0,0,0,0,0,8,0,39.9125,-75.1485, , 
 ,55099,2012037418,6,67,67301,2012,3,5,805,8,1,2,1,8,1, , ,N,1,3,0,3,0,1,2,2,N, ,39 55:39.619,75 08:49.027,825, ,822, ,0, , , ,3, , , , , ,636277, , , ,1,1,0,0,0,0,0,0,0,0,0,0,1,1,0,0,0,0,0,0,0,0,0,0,0,0,0,0,0,0,0,0,1,0,0,8,0,39.9277,-75.147, , 
 ,55100,2012045929,6,67,67301,2012,5,6,325,3,3,2,1,7,2, , ,N,0,0,2,3,0,0,1,1,N,N,40 00:17.538,75 04:35.489,328, ,328,2,1,2,N, ,0,Y, , , , ,636285, , , ,1,1,0,0,0,0,0,0,0,0,0,0,0,0,0,0,0,0,1,0,0,0,0,0,0,0,0,0,0,0,0,0,0,0,0,0,0,40.0049,-75.0765, , 
 ,55101,2012017876,6,67,67301,2012,1,6,1255,12,1,1,0,4,1, , ,N,0,0,0,3,0,0,2,2,N,N,40 06:43.171,75 01:57.514,1305, ,1300, ,0, ,N, ,0, , , , , ,636308, , , ,2,1,0,0,0,0,1,0,0,0,0,0,0,0,0,0,0,0,0,0,0,0,0,0,0,0,0,0,0,0,0,0,0,0,0,0,0,40.112,-75.0326, , 
 ,55102,2012042241,6,67,67301,2012,3,1,1930,19,3,1,0,4,1, , ,N,0,0,0,3,0,1,2,2,N, ,39 59:18.019,75 06:22.458,9999, ,9999, ,0, , , ,0, , , , , ,636332, , , ,2,2,0,0,0,0,0,0,0,0,0,0,1,1,0,0,0,1,0,0,0,0,0,1,0,0,0,0,0,0,0,0,0,0,0,8,0,39.9884,-75.1063, , 
 ,55103,2012047256,6,67,67301,2012,4,6,1416,14,1,1,0,4,1, , ,N,1,3,0,3,0,1,2,2,N,N,39 56:00.816,75 11:32.211,1418, ,1416, ,0, ,N, ,3, , , , , ,636337, , , ,2,2,0,0,0,0,0,0,0,0,0,1,1,0,0,0,0,0,1,0,0,0,0,0,0,0,0,0,0,0,0,0,0,0,0,4,0,39.9336,-75.1923, , 
 ,55104,2012048078,6,67,67301,2012,4,7,1609,16,1,1,0,4,2, , ,N,0,0,7,3,0,1,2,2,N,N,39 58:33.080,75 07:12.077,1610, ,1609, ,0, ,N, ,0, , , , , ,636338, , , ,2,0,1,0,0,0,1,0,0,0,1,0,1,0,0,0,0,0,0,0,0,0,0,0,0,0,0,0,0,0,0,0,0,0,0,3,0,39.9755,-75.1207, , 
 ,55105,2012048134,6,67,67301,2012,4,1,215,2,3,1,0,4,6, , ,N,0,0,0,3,0,0,1,2,N,N,40 03:31.450,75 07:58.620,221, ,219, ,0, ,N, ,0, , , , , ,636339, , , ,2,2,0,0,0,0,0,0,0,0,0,0,0,0,0,0,0,0,0,0,1,0,0,0,0,0,0,0,0,0,0,0,0,0,0,0,0,40.0587,-75.133, , 
 ,55106,2014013180,6,67,67301,2013,12,1,1808,18,3,2,1,4,1, , ,N,1,2,0,3,0,1,2,2,N, ,39 57:19.798,75 12:49.215,1830, ,1828, ,0, , , ,3, , , , , ,629172, , , ,2,1,0,0,1,0,0,0,0,0,1,0,1,0,0,0,0,0,0,0,1,0,0,0,0,0,0,0,0,0,0,0,0,0,0,3,0,39.9555,-75.2136, , 
 ,55107,2013122458,6,67,67301,2013,10,6,9999,99,1,1,0,8,1, , ,N,0,2,0,3,0,1,2,2,N, ,39 58:14.135,75 09:34.911,1212, ,1210, ,0, , , ,3, , , , , ,629175, , , ,1,0,0,0,0,0,1,0,0,0,0,1,1,0,0,0,0,0,0,0,0,0,0,0,0,0,0,0,0,0,0,0,1,0,0,4,0,39.9706,-75.1597, , 
 ,55108,2013122951,6,67,67301,2013,11,5,1345,13,1,2,1,1,1, , ,N,0,2,0,3,0,1,2,2,N,N,39 57:46.081,75 12:58.459,1403, ,1400, ,0, ,N, ,3, , , , , ,629177, , , ,2,2,0,0,0,0,0,0,0,0,0,1,1,0,0,0,0,0,0,0,0,0,0,0,0,0,0,0,0,0,0,0,0,0,0,4,0,39.9628,-75.2162, , 
 ,55109,2013129506,6,67,67301,2013,11,6,930,9,1,2,1,4,1, , ,N,1,2,0,3,0,0,2,2,N,N,39 59:17.101,75 09:27.205,1030, ,1029, ,0, , , ,3, , , , , ,629181, , , ,2,2,0,0,0,0,0,0,0,0,0,0,0,0,0,0,0,0,0,0,1,0,0,0,0,0,0,0,0,0,0,0,0,0,0,0,0,39.9881,-75.1575, , 
 ,55110,2014006843,6,67,67301,2013,12,4,647,6,3,4,5,1,1, , ,N,0,0,0,3,0,1,4,4,N,N,40 06:25.951,74 59:52.092,703, ,647,2,1,1,N, ,0,N, , , , ,629193, , , ,4,4,0,0,0,0,0,0,0,0,0,1,1,0,0,0,0,0,0,0,1,0,1,0,0,0,0,0,0,0,0,0,0,0,0,4,0,40.1072,-74.9978, , 
 ,55111,2013121338,6,67,67301,2013,10,2,1220,12,1,1,0,4,1, , ,N,0,3,7,3,0,0,2,2,N,N,39 59:50.528,75 05:35.822,1235, ,1226, ,0, ,N, ,3, , , , , ,629204, , , ,2,2,0,0,0,0,0,0,0,0,0,0,0,0,0,0,0,0,0,0,1,0,0,0,0,0,0,0,0,0,0,0,0,0,0,0,0,39.9974,-75.0933, , 
 ,55112,2013121495,6,67,67301,2013,10,4,1330,13,1,2,1,5,1, , ,N,0,0,0,3,0,0,1,2,N,N,39 56:44.070,75 09:56.732,1400, ,1354, ,0, ,N, ,0, , , , , ,629205, , , ,2,1,0,0,0,0,0,1,0,0,0,0,0,0,0,0,0,0,0,0,0,0,0,1,0,0,0,0,0,0,0,0,0,0,0,0,0,39.9456,-75.1658, , 
 ,55113,2013129504,6,67,67301,2013,11,7,1830,18,2,1,0,1,1, , ,N,0,0,0,3,0,1,2,2,N,N,40 05:18.701,75 02:03.941,1955, ,1951, ,0, ,N, ,0, , , , , ,629209, , , ,2,2,0,0,0,0,0,0,0,0,0,1,1,0,0,0,0,0,0,0,0,0,0,0,0,0,0,0,0,0,0,0,0,0,0,4,0,40.0885,-75.0344, , 
 ,55114,2013134217,6,67,67301,2013,12,5,1510,15,1,1,0,1,1, , ,N,7,0,0,3,0,0,2,2,N,N,39 56:33.062,75 11:36.947,1536, ,1520, ,0, ,N, ,0, , , , , ,629225, , , ,2,1,0,0,0,0,1,0,0,0,0,0,0,0,0,0,0,0,0,0,1,0,0,0,0,0,0,0,0,0,0,0,0,0,0,0,0,39.9411,-75.195, , 
 ,55115,2014006298,6,67,67301,2013,12,4,355,3,3,1,5,7,5, , ,N,10,0,0,3,0,0,1,1,N,N,40 00:07.099,75 09:45.601,415, ,400, ,0, ,N, ,0, , , , , ,629227, , , ,1,1,0,0,0,0,0,0,0,0,0,0,0,0,0,0,0,0,0,0,0,0,0,0,0,0,0,0,0,0,0,0,0,0,0,0,0,40.002,-75.1627, , 
 ,55116,2013121421,6,67,67301,2013,10,3,1400,14,1,1,0,4,1, , ,N,1,2,0,3,0,1,2,2,N,N,40 04:15.211,75 02:57.868,1410, ,1405, ,0, ,N, ,3, , , , , ,629230, , , ,2,2,0,0,0,0,0,0,0,0,0,0,1,1,0,0,0,0,0,0,0,0,1,0,0,0,0,0,0,0,0,0,0,0,0,8,0,40.0709,-75.0494, , 
 ,55117,2013125921,6,67,67301,2013,11,1,840,8,1,1,0,8,1, , ,N,1,3,0,3,0,1,3,2,N,N,39 56:29.529,75 09:20.401,855, ,850, ,0, , , ,3, , , , , ,629233, , , ,1,0,0,0,0,0,1,0,0,0,1,0,1,0,0,0,0,0,0,0,0,0,0,0,0,0,0,0,0,0,0,0,1,0,0,3,0,39.9415,-75.1557, , 
 ,55118,2013126019,6,67,67301,2013,11,5,1625,16,1,1,0,5,1, , ,N,0,0,0,3,0,1,7,4,N,N,40 02:19.606,75 03:39.358,1628, ,1625,2,1,2,N, ,0,N, , , , ,629234, , , ,4,2,0,0,1,0,1,0,0,0,0,1,1,0,0,0,0,0,0,0,0,0,0,0,0,0,0,0,0,0,0,0,0,0,0,4,0,40.0386,-75.0609, , 
 ,55119,2013122905,6,67,67301,2013,11,6,2129,21,3,1,0,7,5, , ,N,0,0,0,3,0,1,1,1,N,N,40 02:52.745,75 03:04.306,2146, ,2129,1,1,1,N, ,0,N, , , , ,629260, , , ,1,1,0,0,0,0,0,0,0,0,1,0,1,0,0,0,0,0,0,0,0,0,0,0,0,0,0,0,0,0,0,0,0,0,0,3,0,40.048,-75.0512, , 
 ,55120,2014006738,6,67,67301,2013,12,7,1140,11,1,1,0,8,1, , ,N,1,2,0,3,1,0,3,2,N,N,39 59:38.150,75 09:16.063,1141, ,1140,2,2,1,N,0,3,Y, , , , ,629269, , , ,1,1,0,0,0,0,0,0,0,0,0,0,0,0,0,0,0,0,0,1,0,0,0,0,0,0,0,0,0,0,0,0,1,1,0,1,0,39.9939,-75.1545,1, 
 ,55121,2014009789,6,67,67301,2013,12,4,810,8,1,1,0,4,1, , ,N,1,2,0,3,0,0,2,2,N,N,40 04:51.077,75 01:43.585,820, ,813, ,0, ,N, ,3, , , , , ,629271, , , ,2,1,0,0,0,0,1,0,0,0,0,0,0,0,0,0,0,0,1,0,0,0,0,0,0,0,0,0,0,0,0,0,0,0,0,0,0,40.0809,-75.0288, , 
 ,55122,2014013062,6,67,67301,2013,12,1,814,8,1,2,1,4,1, , ,N,1,2,0,3,0,2,4,3,N, ,40 04:51.077,75 01:43.585,818, ,814,1,2,2, , ,3,Y, , , , ,629272, , , ,3,3,0,0,0,0,0,0,0,0,0,2,2,0,0,0,0,0,0,0,1,0,0,0,0,0,0,0,0,0,0,0,0,0,0,4,0,40.0809,-75.0288, , 
 ,55123,2014016943,6,67,67301,2013,9,7,1848,18,1,1,0,8,1, , ,N,1,2,0,3,0,1,2,2,N,N,39 57:07.894,75 14:26.897,1854, ,1850, ,0, ,N, ,3, , , , , ,629283, , , ,1,1,0,0,0,0,0,0,0,0,0,0,1,1,1,0,0,0,0,0,0,0,0,0,0,0,0,0,0,0,0,0,1,0,0,8,0,39.9522,-75.2408, , 
 ,55124,2012041531,6,67,67301,2012,3,5,17,0,3,1,0,1,1, , ,N,3,2,0,3,0,1,2,2,N,N,40 00:55.513,75 12:30.235,30, ,17, ,0, ,N, ,3, , , , , ,632296, , , ,2,2,0,0,0,0,0,0,0,0,0,1,1,0,0,0,0,0,0,0,0,0,0,1,0,0,0,0,0,0,0,0,0,0,0,4,0,40.0153,-75.2081, , 
 ,55125,2012048114,6,67,67301,2012,3,6,503,5,3,1,0,4,2, , ,N,0,0,0,3,0,1,1,3,N,N,40 01:14.256,75 08:10.065,503, ,503,1,1,4,N, ,0,N, , , , ,632304, , , ,3,2,0,0,1,0,0,0,0,0,0,1,1,0,0,0,0,0,0,0,1,0,0,1,0,0,0,0,0,0,0,0,0,0,0,4,0,40.0206,-75.1361, , 
 ,55126,2012048344,6,67,67301,2012,4,6,2012,20,2,1,0,4,1, , ,N,1,2,0,3,0,2,3,2,N,N,39 59:53.463,75 06:04.518,2029, ,2023,9,1,2,N, ,3,N, , , , ,632305, , , ,2,1,0,0,0,0,1,0,0,0,0,2,2,0,0,0,0,0,1,0,0,0,0,0,0,0,0,0,0,0,0,0,0,0,0,4,0,39.9982,-75.1013, , 
 ,55127,2012034283,6,67,67301,2012,3,5,831,8,1,1,0,7,3, , ,N,0,0,0,3,0,0,1,1,N,N,40 03:04.496,74 59:20.972,836, ,831, ,0, ,Y, ,0, , , , , ,632329, , , ,1,1,0,0,0,0,0,0,0,0,0,0,0,0,0,0,0,0,0,0,0,0,0,0,0,0,0,0,0,0,0,0,0,0,0,0,0,40.0512,-74.9893, , 
 ,55128,2012040805,6,67,67301,2012,4,7,1848,18,1,1,0,1,1, , ,N,0,0,0,3,0,2,6,2,N,N,39 58:36.012,75 11:49.923,1855, ,1850,1,1,3,N, ,0,N, , , , ,632333, , , ,2,2,0,0,0,0,0,0,0,0,0,0,2,2,0,0,0,0,0,0,1,1,0,0,0,0,0,0,0,0,0,0,0,0,0,8,0,39.9767,-75.1972, , 
 ,55129,2012042096,6,67,67301,2012,3,3,1425,14,1,1,0,4,1, , ,N,0,0,0,3,0,1,2,3,N,N,40 00:12.881,75 07:55.023,9999, ,1425, ,0, ,N, ,0, , , , , ,632336, , , ,3,2,0,0,0,0,1,0,0,0,0,1,1,0,0,0,0,0,0,0,1,0,0,0,0,0,0,0,0,0,0,0,0,0,0,4,0,40.0036,-75.132, , 
 ,55130,2012047140,6,67,67301,2012,4,1,2123,21,1,2,1,1,1, , ,N,5,2,0,3,0,0,3,2,N,N,40 01:39.299,75 06:35.952,2128, ,2124, ,0, ,N, ,3, , , , , ,632342, , , ,2,1,0,0,1,0,0,0,0,0,0,0,0,0,0,0,0,0,0,0,0,0,0,0,0,0,0,0,0,0,0,0,0,0,0,0,0,40.0276,-75.1101, , 
 ,55131,2012039587,6,67,67301,2012,4,2,1621,16,1,1,0,1,1, , ,N,0,0,0,3,0,0,3,3,N,N,39 58:01.947,75 11:18.035,1700, ,1625, ,0, ,N, ,0, , , , , ,632386, , , ,3,2,0,0,0,0,1,0,0,0,0,0,0,0,0,0,0,0,0,1,1,0,0,0,0,0,0,0,0,0,0,0,0,0,0,0,0,39.9672,-75.1883, , 
 ,55132,2012056571,6,67,67301,2012,4,7,1800,18,1,1,0,1,1, , ,N,0,0,0,3,0,4,5,2,N,N,39 59:07.490,75 08:34.735,1800, ,1800, ,0, ,N, ,0, , , , , ,632403, , , ,2,0,0,0,1,0,0,1,0,0,0,4,4,0,0,0,0,0,0,0,2,0,0,0,0,0,0,0,0,0,0,0,0,0,0,4,0,39.9854,-75.143, , 
 ,55133,2012015492,6,67,67301,2012,1,7,530,5,3,1,0,7,5, , ,N,0,3,0,3,0,1,1,1,N,N,39 59:49.085,75 12:18.446,606, ,554, ,0, ,N, ,3, , , , , ,632415, , , ,1,1,0,0,0,0,0,0,0,0,1,0,1,0,0,0,0,0,0,0,0,0,0,0,0,0,0,0,0,0,0,0,0,0,0,3,0,39.997,-75.2051, , 
 ,55134,2012026269,6,67,67301,2012,1,1,2200,22,2,1,0,7,5, , ,N,10,0,0,3,0,1,1,1,N,N,39 58:24.394,75 07:01.523,735, ,730, ,0, ,Y, ,0, , , , , ,632425, , , ,1,1,0,0,0,0,0,0,0,0,1,0,1,0,0,0,0,0,0,0,0,0,0,0,0,0,0,0,0,0,0,0,0,0,0,3,0,39.9734,-75.1171, , 
 ,55135,2012049819,6,67,67301,2012,4,1,255,2,3,1,0,1,1, , ,N,0,2,0,3,0,0,4,2,N,N,40 03:53.581,75 03:39.782,305, ,257, ,0, ,N, ,3, , , , , ,632442, , , ,2,2,0,0,0,0,0,0,0,0,0,0,0,0,0,0,0,0,0,0,0,0,0,2,0,0,0,0,0,0,0,0,0,0,0,0,0,40.0649,-75.0611, , 
 ,55136,2012056710,6,67,67301,2012,5,7,743,7,1,1,1,4,1, , ,N,0,0,7,3,0,1,4,2,N,N,40 02:39.613,75 03:14.353,802, ,800, ,0, ,N, ,0, , , , , ,632449, , , ,2,1,0,0,0,0,1,0,0,0,0,1,1,0,0,0,0,0,0,0,0,0,0,0,0,0,0,0,0,0,0,0,0,0,0,4,0,40.0443,-75.054, , 
 ,55137,2012041733,6,67,67301,2012,3,6,2145,21,3,1,0,4,1, , ,N,1,2,0,3,0,1,2,2,N,N,40 01:59.722,75 02:51.772,215, ,211, ,0, ,N, ,3, , , , , ,632481, , , ,1,0,0,0,0,0,1,0,1,0,0,1,1,0,1,0,0,0,0,0,0,0,0,0,0,0,0,0,0,0,0,0,0,0,0,4,0,40.0333,-75.0477, , 
 ,55138,2012063900,6,67,67301,2012,5,7,1410,14,1,1,0,4,1, , ,N,0,0,0,3,0,0,2,2,N, ,39 55:06.780,75 12:34.010,1420, ,1415, ,0, , , ,0, , , , , ,632495, , , ,2,1,0,0,1,0,0,0,0,0,0,0,0,0,0,0,0,0,0,0,0,0,0,0,0,0,0,0,0,0,0,0,0,0,0,0,0,39.9186,-75.2094, , 
 ,55139,2012041593,6,67,67301,2012,3,6,0,0,3,1,0,1,2, , ,N,0,2,0,3,0,0,2,3,N,N,39 59:53.689,75 07:38.281,0, ,0,3,1,4,N, ,3,N, , , , ,632532, , , ,3,2,0,0,1,0,0,0,0,0,0,0,0,0,0,0,0,0,0,0,0,0,0,0,0,0,0,0,0,0,0,0,0,0,0,0,0,39.9982,-75.1273, , 
 ,55140,2012053374,6,67,67301,2012,5,4,930,9,1,1,0,1,1, , ,N,0,0,0,3,0,0,2,2,N,N,39 58:36.032,75 06:49.586,940, ,931,1,1,1,N, ,0,N, , , , ,632543, , , ,2,1,0,0,0,1,0,0,0,0,0,0,0,0,0,0,0,0,0,0,1,0,0,0,0,0,0,0,0,0,0,0,0,0,0,0,1,39.9766,-75.1139, , 
 ,55141,2012027758,6,67,67301,2012,2,6,1455,14,1,1,0,1,1, , ,N,1,2,0,3,0,1,2,2,N,N,39 55:35.378,75 13:59.188,1607, ,1607, ,0, ,N, ,3, , , , , ,632576, , , ,2,1,0,0,0,0,0,1,0,0,0,1,1,0,0,0,0,0,0,0,0,0,0,0,0,0,0,0,0,0,0,0,0,0,0,4,0,39.9265,-75.2331, , 
 ,55142,2012041500,6,67,67301,2012,3,7,310,3,3,1,0,4,1, , ,N,1,2,0,3,0,1,2,2,N,N,39 58:46.952,75 09:56.945,315, ,315, ,0, ,N, ,3, , , , , ,632593, , , ,1,1,0,0,0,0,0,0,1,0,0,1,1,0,0,0,0,0,0,0,1,0,0,0,0,0,0,0,0,0,0,0,0,0,0,4,0,39.9797,-75.1658, , 