wz_ln_closure,objectid_1,crn,district,county,municipality,crash_year,crash_month,day_of_week,time_of_day,hour_of_day,illumination,weather,road_condition,collision_type,relation_to_road,work_zone_type,work_zone_loc,work_zone_ind,intersect_type,tcd_type,location_type,urban_rural,fatal_count,injury_count,person_count,total_units,sch_bus_ind,sch_zone_ind,latitude,longitude,arrival_tm,cons_zone_spd_lim,dispatch_tm,est_hrs_closed,lane_closed,ln_close_dir,ntfy_hiwy_maint,spec_juris_cd,tcd_func_cd,tfc_detour_ind,workers_pres,wz_close_detour,wz_flagger,wz_law_offcr_ind,objectid,wz_moving,wz_other,wz_shlder_mdn,vehicle_count,automobile_count,motorcycle_count,bus_count,small_truck_count,heavy_truck_count,suv_count,van_count,bicycle_count,maj_inj_count,mod_inj_count,min_inj_count,tot_inj_count,unk_inj_deg_count,unk_inj_per_count,driver_count_16yr,driver_count_17yr,driver_count_18yr,driver_count_19yr,driver_count_20yr,driver_count_50_64yr,driver_count_65_74yr,driver_count_75plus,unbelted_occ_count,unb_death_count,unb_maj_inj_count,belted_death_count,belted_maj_inj_count,mcycle_death_count,mcycle_maj_inj_count,bicycle_death_count,bicycle_maj_inj_count,ped_count,ped_death_count,ped_maj_inj_count,max_severity_level,comm_veh_count,dec_lat,dec_long,rdwy_surf_type_cd,county_name
 ,55276,2012034808,6,67,67301,2012,3,7,2140,21,3,1,0,4,7, , ,N,3,0,2,3,0,0,6,2,N,N,40 00:23.754,75 04:05.666,2145, ,2145, ,0, ,N, ,0, , , , , ,632817, , , ,2,1,0,0,1,0,0,0,0,0,0,0,0,0,0,0,0,0,0,0,0,0,0,0,0,0,0,0,0,0,0,0,0,0,0,0,0,40.0066,-75.0682, , 
 ,55277,2012041560,6,67,67301,2012,3,6,1318,13,1,1,0,8,1, , ,N,1,2,0,3,0,1,3,2,N,N,40 03:40.658,75 05:00.623,1519, ,1518, ,0, , , ,3, , , , , ,632820, , , ,1,1,0,0,0,0,0,0,0,0,0,1,1,0,0,0,0,0,0,1,0,0,0,0,0,0,0,0,0,0,0,0,1,0,0,4,0,40.0612,-75.0835, , 
 ,55278,2012047297,6,67,67301,2012,4,3,1457,14,1,1,0,4,1, , ,N,1,2,0,3,0,1,4,3,N,N,40 00:46.713,75 07:09.797,1503, ,1500, ,0, ,N, ,3, , , , , ,632828, , , ,3,1,0,0,1,1,0,0,0,0,0,0,1,1,0,0,0,0,0,0,1,0,0,0,0,0,0,0,0,0,0,0,0,0,0,8,1,40.013,-75.1194, , 
 ,55279,2012048212,6,67,67301,2012,4,1,2000,20,3,2,1,8,1, , ,N,0,0,0,3,0,1,2,2,N,N,39 55:43.438,75 09:51.912,2003, ,2001, ,0, ,N, ,0, , , , , ,632832, , , ,1,0,0,0,0,0,0,0,0,0,1,0,1,0,0,0,0,0,0,0,0,0,0,0,0,0,0,0,0,0,0,0,1,0,0,3,0,39.9287,-75.1644, , 
 ,55280,2012048266,6,67,67301,2012,4,1,2149,21,3,2,1,7,2, , ,N,0,0,0,3,0,1,1,1,N,N,40 05:19.447,75 02:42.133,2150, ,2149,1,1,3,N, ,0,N, , , , ,632833, , , ,1,1,0,0,0,0,0,0,0,0,0,0,1,1,0,0,0,0,0,0,0,0,0,0,0,0,0,0,0,0,0,0,0,0,0,8,0,40.0887,-75.045, , 
 ,55281,2012015842,6,67,67301,2012,1,3,1420,14,1,1,0,4,1, , ,N,2,3,0,3,0,1,3,3,N,Y,40 01:52.509,75 07:13.047,1435, ,1430, ,0, ,N, ,3, , , , , ,632849, , , ,3,2,0,0,0,0,0,1,0,0,0,0,1,1,0,0,0,0,0,0,1,0,0,0,0,0,0,0,0,0,0,0,0,0,0,8,0,40.0313,-75.1203, , 
 ,55282,2012020341,6,67,67301,2012,2,5,756,7,1,1,0,4,1, , ,N,1,2,0,3,0,2,8,2,N,N,39 57:27.667,75 12:21.885,756, ,756, ,0, ,N, ,3, , , , , ,632850, , , ,2,2,0,0,0,0,0,0,0,0,0,2,2,0,0,0,0,0,0,0,1,0,0,0,0,0,0,0,0,0,0,0,0,0,0,4,0,39.9576,-75.206, , 
 ,55283,2012026060,6,67,67301,2012,1,3,1300,13,1,1,0,6,1, , ,N,1,2,0,3,0,1,2,2,N,N,39 59:58.554,75 07:30.237,1345, ,1345, ,0, ,N, ,3, , , , , ,632854, , , ,2,2,0,0,0,0,0,0,0,0,0,1,1,0,0,0,0,0,0,0,0,0,0,0,0,0,0,0,0,0,0,0,0,0,0,4,0,39.9996,-75.1251, , 
 ,55284,2012028135,6,67,67301,2012,2,4,415,4,3,1,0,1,1, , ,N,0,0,0,3,0,0,2,2,N,N,40 01:07.364,75 03:25.991,420, ,415, ,0, ,N, ,0, , , , , ,632859, , , ,2,2,0,0,0,0,0,0,0,0,0,0,0,0,0,0,0,0,1,0,0,0,0,0,0,0,0,0,0,0,0,0,0,0,0,0,0,40.0186,-75.0574, , 
 ,55285,2012039210,6,46,46104,2012,4,2,1250,12,1,1,0,4,1, , ,N,1,2,0,3,0,0,6,3,N,N,39 59:57.024,75 13:51.310,1252, ,1250, ,0, ,N, ,2, , , , , ,632869, , , ,3,2,0,0,0,0,0,1,0,0,0,0,0,0,0,0,0,0,0,0,0,1,0,0,0,0,0,0,0,0,0,0,0,0,0,0,0,39.9991,-75.2309, , 
 ,55286,2012048237,6,67,67301,2012,4,3,110,1,3,1,0,4,1, , ,N,0,0,0,3,0,0,2,2,N,N,40 03:19.159,75 00:14.276,123, ,121, ,0, ,N, ,0, , , , , ,632879, , , ,2,1,0,0,0,0,0,1,0,0,0,0,0,0,0,0,0,0,0,0,1,0,0,0,0,0,0,0,0,0,0,0,0,0,0,0,0,40.0553,-75.004, , 
 ,55287,2012048246,6,67,67301,2012,3,6,345,3,3,1,0,4,2, , ,N,0,0,0,3,0,0,1,3,N,N,40 01:47.726,75 09:56.961,421, ,419, ,0, ,N, ,0, , , , , ,632880, , , ,3,2,0,0,0,0,1,0,0,0,0,0,0,0,0,0,0,0,0,0,0,0,0,0,0,0,0,0,0,0,0,0,0,0,0,0,0,40.0299,-75.1658, , 
 ,55288,2012014164,6,46,46102,2012,2,2,1245,12,1,1,0,5,1, , ,N,1,2,0,3,0,2,5,3,N,N,40 03:04.263,75 07:06.962,1302, ,1255,2,1,4,N, ,3,N, , , , ,632898, , , ,3,2,0,0,0,0,1,0,0,0,0,0,2,2,0,0,0,0,0,0,1,0,0,2,0,0,0,0,0,0,0,0,0,0,0,8,0,40.0511,-75.1186, , 
 ,55289,2012048236,6,67,67301,2012,4,6,1100,11,1,1,0,8,1, , ,N,1,2,0,3,0,1,2,2,N,N,39 57:04.187,75 09:12.892,1110, ,1104, ,0, , , ,3, , , , , ,639865, , , ,1,0,0,0,0,0,1,0,0,0,0,1,1,0,0,0,0,0,0,0,0,0,0,0,0,0,0,0,0,0,0,0,1,0,0,4,0,39.9511,-75.1536, , 
 ,55290,2012015386,6,67,67301,2012,1,2,703,7,1,1,0,7,1, , ,N,0,0,0,3,0,1,1,1,N, ,40 01:54.919,75 13:28.830,707, ,704, ,0, , , ,0, , , , , ,639885, , , ,1,0,0,0,1,0,0,0,0,0,0,1,1,0,0,0,0,0,0,0,0,0,0,0,0,0,0,0,0,0,0,0,0,0,0,4,0,40.0319,-75.2247, , 
 ,55291,2012020342,6,67,67301,2012,1,7,1304,13,1,1,0,8,1, , ,N,1,2,0,3,0,1,2,2,N,N,39 58:19.903,75 14:41.959,2058, ,2047, ,0, , , ,3, , , , , ,639888, , , ,1,0,0,1,0,0,0,0,0,0,1,0,1,0,1,0,0,0,0,0,0,0,0,0,0,0,0,0,0,0,0,0,1,0,0,3,1,39.9722,-75.2449, , 
 ,55292,2012027472,6,67,67301,2012,2,3,1403,14,1,1,0,1,1, , ,N,7,0,2,3,0,1,2,2,N,N,39 58:05.918,75 07:47.272,1415, ,1407, ,0, ,N, ,0, , , , , ,639895, , , ,2,1,0,0,0,0,1,0,0,0,0,0,1,1,0,0,0,0,0,0,0,0,0,0,0,0,0,0,0,0,0,0,0,0,0,8,0,39.9684,-75.1296, , 
 ,55293,2012037479,6,67,67301,2012,3,3,1636,16,1,1,0,7,2, , ,N,0,0,0,3,0,1,1,1,N,N,39 54:03.135,75 09:14.320,1638, ,1638,2,2,5,Y, ,0,N, , , , ,639902, , , ,1,0,0,0,1,0,0,0,0,0,0,1,1,0,0,0,0,0,0,0,0,0,0,0,0,0,0,0,0,0,0,0,0,0,0,4,0,39.9009,-75.154, , 
 ,55294,2012048873,6,67,67301,2012,4,7,418,4,3,1,0,6,1, , ,N,1,0,0,3,0,0,2,2,N,N,39 57:05.248,75 12:02.699,422, ,420, ,0, ,N, ,0, , , , , ,639908, , , ,2,2,0,0,0,0,0,0,0,0,0,0,0,0,0,0,0,0,0,0,0,0,0,0,0,0,0,0,0,0,0,0,0,0,0,0,0,39.9515,-75.2007, , 
 ,55295,2012050197,6,67,67301,2012,4,5,805,8,3,1,0,8,1, , ,N,0,3,0,3,0,1,2,2,N,N,40 00:40.708,75 10:00.267,823, ,821, ,0, ,N, ,1, , , , , ,639909, , , ,1,0,0,0,0,0,0,1,0,0,1,0,1,0,0,0,0,0,0,0,0,0,0,0,0,0,0,0,0,0,0,0,1,0,0,3,0,40.0113,-75.1667, , 
 ,55296,2012060678,6,67,67301,2012,5,4,1118,11,1,1,0,1,1, , ,N,0,0,0,3,0,1,3,3,N,N,40 02:59.729,75 13:16.747,1127, ,1124, ,0, ,N, ,0, , , , , ,639918, , , ,3,2,0,0,0,0,1,0,0,0,0,0,1,1,0,0,0,0,0,0,0,0,1,0,0,0,0,0,0,0,0,0,0,0,0,8,0,40.0499,-75.2213, , 
 ,55297,2012012412,6,67,67301,2012,1,7,2014,20,3,1,1,7,3, , ,N,0,0,0,3,0,1,1,1,N,N,40 00:28.917,75 04:17.304,2015, ,2015,1,1,2,N, ,0,N, , , , ,639930, , , ,1,1,0,0,0,0,0,0,0,0,0,1,1,0,0,0,0,0,0,0,0,0,0,0,0,0,0,0,0,0,0,0,0,0,0,4,0,40.0081,-75.0713, , 
 ,55298,2012047291,6,67,67301,2012,4,5,2223,22,3,1,0,4,1, , ,N,1,3,0,3,0,1,2,2,N,N,40 01:39.370,75 05:13.538,119, ,111, ,0, ,N, ,3, , , , , ,640010, , , ,2,0,0,0,1,0,0,1,0,0,0,1,1,0,0,0,0,0,0,0,0,1,0,1,0,0,0,0,0,0,0,0,0,0,0,4,0,40.0276,-75.0871, , 
 ,55299,2012049517,6,67,67301,2012,5,7,910,9,1,1,0,1,7, , ,N,6,0,2,3,0,0,4,2,N,N,39 56:54.491,75 11:10.619,924, ,912,1,1,4,N, ,0,N, , , , ,640013, , , ,2,1,0,0,0,0,1,0,0,0,0,0,0,0,0,0,0,0,0,0,0,0,0,0,0,0,0,0,0,0,0,0,0,0,0,0,0,39.9485,-75.1863, , 
 ,55300,2012008764,6,67,67301,2012,1,3,1100,11,1,2,7,4,1, , ,N,0,0,0,3,0,0,2,2,N,N,40 02:16.278,75 00:40.009,1118, ,1103,1,1,1,N, ,0,N, , , , ,640025, , , ,2,2,0,0,0,0,0,0,0,0,0,0,0,0,0,0,0,0,0,0,0,0,0,0,0,0,0,0,0,0,0,0,0,0,0,0,0,40.0378,-75.0112, , 
 ,55301,2012032708,6,67,67301,2012,2,3,949,9,1,1,0,1,1, , ,N,1,2,0,3,0,2,3,3,N,N,40 03:26.394,75 02:03.904,955, ,950, ,0, ,N, ,3, , , , , ,640050, , , ,3,3,0,0,0,0,0,0,0,0,0,2,2,0,0,0,0,0,0,0,1,1,0,0,0,0,0,0,0,0,0,0,0,0,0,4,0,40.0571,-75.0345, , 
 ,55302,2012052513,6,67,67301,2012,5,6,1824,18,1,1,0,1,1, , ,N,0,0,0,3,0,2,5,3,N,N,40 01:23.016,75 02:08.474,1846, ,1841, ,0, ,N, ,0, , , , , ,640062, , , ,3,3,0,0,0,0,0,0,0,0,0,1,2,1,0,0,0,0,0,0,0,0,0,0,0,0,0,0,0,0,0,0,0,0,0,4,0,40.0231,-75.0357, , 
 ,55303,2012026167,6,67,67301,2012,2,4,21,0,3,1,0,1,2, , ,N,0,0,0,3,0,1,1,4,N,N,39 59:44.660,75 06:08.845,25, ,25, ,0, , , ,0, , , , , ,640080, , , ,4,0,0,0,3,0,1,0,0,0,0,1,1,0,0,0,0,0,0,0,0,0,0,0,0,0,0,0,0,0,0,0,0,0,0,4,0,39.9957,-75.1025, , 
 ,55304,2012013108,6,67,67301,2012,1,3,29,0,3,1,0,7,5, , ,N,2,3,0,3,0,0,1,1,N,N,40 04:31.618,75 04:48.583,35, ,32, ,0, ,N, ,3, , , , , ,640117, , , ,1,1,0,0,0,0,0,0,0,0,0,0,0,0,1,0,0,0,0,0,0,0,0,0,0,0,0,0,0,0,0,0,0,0,0,9,0,40.0754,-75.0802, , 
 ,55305,2012014974,6,67,67301,2012,1,5,1711,17,3,1,0,8,1, , ,N,0,2,0,3,0,1,3,2,N,N,40 01:57.047,75 11:22.854,1720, ,1711,1,1,3,N, ,3,N, , , , ,640120, , , ,1,0,0,0,0,0,0,1,0,0,0,0,1,1,0,0,0,0,0,0,1,0,0,0,0,0,0,0,0,0,0,0,1,0,0,8,0,40.0325,-75.1897, , 
 ,55306,2012020424,6,67,67301,2012,1,4,835,8,1,1,0,4,1, , ,N,0,0,0,3,0,1,2,2,N,N,39 55:33.611,75 11:16.372,838, ,838, ,0, ,N, ,0, , , , , ,640125, , , ,2,2,0,0,0,0,0,0,0,0,0,0,1,1,0,0,0,0,0,0,1,0,0,0,0,0,0,0,0,0,0,0,0,0,0,8,0,39.926,-75.1879, , 
 ,55307,2012051866,6,67,67301,2012,4,6,2205,22,3,1,0,2,1, , ,N,1,2,0,3,0,2,2,2,N,N,40 02:43.800,75 09:53.514,2216, ,2211,2,2,5, , ,3,Y, , , , ,636817, , , ,2,2,0,0,0,0,0,0,0,0,0,2,2,0,0,0,0,1,0,0,0,0,0,0,0,0,0,0,0,0,0,0,0,0,0,4,0,40.0455,-75.1649, , 
 ,55308,2012051961,6,67,67301,2012,4,1,1140,11,1,1,0,1,1, , ,N,0,0,7,3,0,4,5,2,N, ,40 01:31.987,75 07:19.035,1148, ,1145, ,0, , , ,0, , , , , ,636818, , , ,2,2,0,0,0,0,0,0,0,0,0,1,4,3,0,0,0,0,0,0,0,0,0,0,0,0,0,0,0,0,0,0,0,0,0,4,0,40.0255,-75.1222, , 
 ,55309,2012028121,6,67,67301,2012,2,6,854,8,1,1,0,4,1, , ,N,1,2,0,3,0,1,2,2,N, ,39 57:08.527,75 08:48.441,857, ,854, ,0, , , ,3, , , , , ,636844, , , ,2,1,0,0,0,0,1,0,0,0,0,1,1,0,0,0,0,0,0,0,0,0,0,0,0,0,0,0,0,0,0,0,0,0,0,4,0,39.9524,-75.1468, , 
 ,55310,2012034466,6,67,67301,2012,3,1,1836,18,1,1,0,7,2, , ,N,0,0,0,3,0,2,4,1,N,N,39 57:33.764,75 08:25.944,1847, ,1839,1,1,1,N, ,0,N, , , , ,636851, , , ,1,1,0,0,0,0,0,0,0,0,0,1,2,1,0,0,0,0,0,0,0,0,0,0,0,0,0,0,0,0,0,0,0,0,0,4,0,39.9593,-75.1406, , 
 ,55311,2012042200,6,67,67301,2012,3,2,842,8,1,1,0,4,1, , ,N,2,0,0,3,0,1,2,2,N, ,40 07:34.842,75 01:12.201,844, ,344, ,0, , , ,0, , , , , ,636858, , , ,2,2,0,0,0,0,0,0,0,0,0,0,1,1,0,0,0,0,0,0,1,1,0,0,0,0,0,0,0,0,0,0,0,0,0,8,0,40.1263,-75.0201, , 
 ,55312,2012047284,6,67,67301,2012,4,3,2047,20,4,1,0,8,1, , ,N,0,0,0,3,0,1,2,2,N,N,40 00:52.693,75 08:25.231,2055, ,2050,1,2,2,N, ,0,Y, , , , ,636865, , , ,1,1,0,0,0,0,0,0,0,0,0,1,1,0,0,0,0,0,0,1,0,0,0,0,0,0,0,0,0,0,0,0,1,0,0,4,0,40.0146,-75.1403, , 
 ,55313,2012047285,6,67,67301,2012,4,1,1155,11,1,6,1,1,1, , ,N,1,2,0,3,0,1,7,2,N,N,40 00:23.998,75 07:09.045,1200, ,1159, ,0, , , ,3, , , , , ,636866, , , ,2,0,0,0,0,0,1,1,0,0,1,0,1,0,0,0,0,0,0,0,0,0,0,0,0,0,0,0,0,0,0,0,0,0,0,3,0,40.0067,-75.1193, , 
 ,55314,2012015368,6,67,67301,2012,1,2,1406,14,1,1,0,1,1, , ,N,3,3,0,3,0,1,3,2,N,N,39 57:20.653,75 09:05.306,1431, ,1430, ,0, , , ,3, , , , , ,636882, , , ,2,2,0,0,0,0,0,0,0,0,0,1,1,0,0,0,0,0,0,0,0,0,0,0,0,0,0,0,0,0,0,0,0,0,0,4,0,39.9557,-75.1515, , 
 ,55315,2012020442,6,67,67301,2012,1,1,1340,13,1,1,0,1,1, , ,N,0,8,0,3,0,0,2,2,N,N,39 58:13.229,75 11:23.434,1352, ,1347,1,1,1,N, ,3,N, , , , ,636885, , , ,2,2,0,0,0,0,0,0,0,0,0,0,0,0,0,0,0,0,0,0,0,0,0,0,0,0,0,0,0,0,0,0,0,0,0,0,0,39.9703,-75.1898, , 
 ,55316,2012024286,6,67,67301,2012,2,3,1731,17,4,1,0,1,1, , ,N,0,0,0,3,0,1,3,3,N,N,39 57:32.310,75 10:14.143,1746, ,1734,1,2,3,N, ,0,N, , , , ,636891, , , ,3,2,0,0,0,0,1,0,0,0,0,0,1,1,0,0,0,0,0,0,0,0,0,0,0,0,0,0,0,0,0,0,0,0,0,8,0,39.959,-75.1706, , 
 ,55317,2012026100,6,67,67301,2012,2,1,35,0,3,3,5,7,5, , ,N,0,0,0,3,0,1,1,1,N,N,40 06:24.946,75 02:16.162,45, ,40, ,0, , , ,0, , , , , ,636895, , , ,1,1,0,0,0,0,0,0,0,0,0,1,1,0,0,0,0,0,0,0,0,0,0,0,0,0,0,0,0,0,0,0,0,0,0,4,0,40.1069,-75.0378, , 
 ,55318,2012026192,6,67,67301,2012,2,6,620,6,1,1,0,4,1, , ,N,1,2,0,3,0,1,3,2,N, ,40 03:12.464,75 03:17.783,745, ,735, ,0, , , ,3, , , , , ,636896, , , ,2,1,0,0,0,0,1,0,0,0,0,0,1,1,0,0,0,0,0,0,0,0,0,0,0,0,0,0,0,0,0,0,0,0,0,8,0,40.0535,-75.0549, , 
 ,55319,2012034743,6,67,67301,2012,2,7,9999,99,3,1,0,6,1, , ,N,0,2,0,3,0,2,3,3,N,N,40 01:10.174,75 09:21.448,54, ,52, ,0, ,N, ,3, , , , , ,636908, , , ,3,3,0,0,0,0,0,0,0,0,0,2,2,0,0,0,0,0,0,0,0,0,0,0,0,0,0,0,0,0,0,0,0,0,0,4,0,40.0195,-75.156, , 
 ,55320,2012027738,6,67,67301,2012,2,6,1443,14,1,1,0,1,1, , ,N,1,2,0,3,0,2,5,2,N,N,39 59:36.065,75 05:49.115,1446, ,1445,1,1,1, , ,3,N, , , , ,636941, , , ,2,1,0,0,1,0,0,0,0,0,0,0,2,2,0,0,0,0,0,0,0,0,0,0,0,0,0,0,0,0,0,0,0,0,0,8,0,39.9934,-75.097, , 
 ,55321,2012036958,6,67,67301,2012,3,2,257,2,3,1,0,1,1, , ,N,4,4,0,3,0,0,4,2,N,N,40 02:01.454,75 11:50.658,303, ,300, ,0, ,N, ,3, , , , , ,636951, , , ,2,2,0,0,0,0,0,0,0,0,0,0,0,0,2,0,0,0,0,0,0,0,0,0,0,0,0,0,0,0,0,0,0,0,0,9,0,40.0337,-75.1974, , 
 ,55322,2012049118,6,67,67301,2012,5,6,1937,19,4,1,0,1,7, , ,N,7,0,2,3,0,0,5,2,N,N,39 57:24.872,75 09:13.565,1952, ,1937, ,0, ,N, ,0, , , , , ,636967, , , ,2,0,0,0,0,0,2,0,0,0,0,0,0,0,0,0,0,0,0,0,0,0,0,0,0,0,0,0,0,0,0,0,0,0,0,0,0,39.9569,-75.1538, , 
 ,55323,2012020407,6,67,67301,2012,2,5,203,2,3,1,0,1,7, , ,N,2,2,2,3,0,0,3,3,N,N,39 56:38.758,75 11:48.583,213, ,209, ,0, ,N, ,3, , , , , ,636987, , , ,3,3,0,0,0,0,0,0,0,0,0,0,0,0,0,0,0,0,0,0,0,0,0,0,0,0,0,0,0,0,0,0,0,0,0,0,0,39.9441,-75.1967, , 
 ,55324,2012026189,6,67,67301,2012,2,1,1345,13,1,1,0,4,1, , ,N,1,2,0,3,0,1,4,2,N,N,39 55:18.984,75 13:39.763,1345, ,1345, ,0, ,N, ,3, , , , , ,636994, , , ,2,0,0,0,0,0,1,0,0,0,0,0,1,1,1,0,0,1,0,0,0,0,0,0,0,0,0,0,0,0,0,0,0,0,0,8,0,39.9219,-75.2277, , 
 ,55325,2012038936,6,67,67301,2012,4,7,1427,14,1,1,0,1,1, , ,N,0,2,0,3,0,1,5,4,N,N,39 55:33.646,75 11:39.360,1458, ,1446,2,1,3,N, ,3,N, , , , ,637004, , , ,4,2,0,0,0,0,1,0,0,0,0,0,1,1,0,1,0,0,0,0,0,0,0,0,0,0,0,0,0,0,0,0,0,0,0,8,0,39.926,-75.1943, , 
 ,55326,2013105263,6,67,67301,2013,10,2,945,9,1,1,0,4,1, , ,N,0,2,6,3,0,1,2,2,N,N,40 03:15.244,75 02:57.569,950, ,947,1,1,2,N, ,3,N, , , , ,629650, , , ,2,0,0,0,1,0,1,0,0,0,0,1,1,0,0,0,0,0,0,0,1,0,0,0,0,0,0,0,0,0,0,0,0,0,0,4,0,40.0542,-75.0493, , 
 ,55327,2013106736,6,67,67301,2013,9,3,840,8,1,1,0,4,1, , ,N,1,3,0,3,0,1,2,2,N,N,39 58:49.116,75 08:46.737,852, ,845, ,0, ,N, ,3, , , , , ,629651, , , ,1,1,0,0,0,0,0,0,1,0,0,0,1,1,1,0,0,0,0,0,0,0,0,0,0,0,0,0,0,0,0,0,0,0,0,8,0,39.9803,-75.1463, , 
 ,55328,2013121397,6,67,67301,2013,10,5,1510,15,1,1,0,0,1, , ,N,0,0,0,3,0,1,1,2,N,Y,39 55:14.526,75 13:59.649,1543, ,1539, ,0, ,N, ,0, , , , , ,629666, , , ,1,0,1,0,0,0,0,0,0,0,0,0,1,1,0,0,0,0,0,0,0,0,0,0,0,0,0,0,0,0,0,0,0,0,0,8,0,39.9207,-75.2332, , 
 ,55329,2013123027,6,67,67301,2013,11,7,627,6,5,1,0,4,1, , ,N,1,2,0,3,0,0,3,3,N,N,40 02:20.299,75 09:00.122,636, ,635,1,1,3,N, ,3,N, , , , ,629668, , , ,3,0,0,1,0,0,0,2,0,0,0,0,0,0,0,0,0,0,0,0,0,1,0,0,0,0,0,0,0,0,0,0,0,0,0,0,1,40.039,-75.15, , 
 ,55330,2013122455,6,67,67301,2013,10,2,2020,20,3,1,0,1,2, , ,N,0,0,0,3,0,0,1,4,N, ,40 01:14.628,75 11:33.849,2035, ,2028,1,1,1, , ,0,N, , , , ,629684, , , ,4,3,0,0,0,0,0,1,0,0,0,0,0,0,0,0,0,0,0,0,0,0,0,0,0,0,0,0,0,0,0,0,0,0,0,0,0,40.0207,-75.1927, , 
 ,55331,2013130066,6,67,67301,2013,11,1,1714,17,3,1,0,4,1, , ,N,1,2,0,3,0,1,2,2,N,N,40 01:06.398,75 07:30.003,1749, ,1745, ,0, ,N, ,3, , , , , ,629696, , , ,1,0,0,0,0,0,1,0,1,0,0,0,1,1,0,0,0,0,0,0,1,0,0,1,0,0,0,0,0,0,0,0,0,0,0,8,0,40.0184,-75.125, , 
 ,55332,2014001232,6,67,67301,2013,12,1,947,9,1,2,1,5,1, , ,N,0,0,0,3,0,1,2,2,N,N,39 53:31.857,75 14:10.883,954, ,947,1,2,2,N, ,0,N, , , , ,629735, , , ,2,2,0,0,0,0,0,0,0,0,0,1,1,0,0,0,0,0,0,0,0,0,0,0,0,0,0,0,0,0,0,0,0,0,0,4,0,39.8922,-75.2364, , 
 ,55333,2014013137,6,67,67301,2013,12,5,2310,23,3,1,0,5,6, , ,N,0,0,0,3,0,1,1,2,N,N,40 02:11.053,75 08:57.784,323, ,321, ,0, ,N, ,0, , , , , ,629736, , , ,2,1,0,0,0,1,0,0,0,0,0,1,1,0,0,0,0,0,0,0,0,0,0,0,0,0,0,0,0,0,0,0,0,0,0,4,1,40.0364,-75.1494, , 
 ,55334,2014006790,6,67,67301,2013,12,6,2023,20,3,2,1,5,1, , ,N,0,0,0,3,0,1,2,5,N,N,40 06:49.723,75 01:33.603,2040, ,2023, ,0, ,N, ,0, , , , , ,629740, , , ,5,4,0,0,0,0,1,0,0,0,0,1,1,0,0,0,0,0,0,0,1,0,0,0,0,0,0,0,0,0,0,0,0,0,0,4,0,40.1138,-75.026, , 
 ,55335,2013121301,6,67,67301,2013,10,7,1735,17,1,1,0,4,1, , ,N,1,2,0,3,0,1,2,2,N,N,40 01:18.102,75 08:23.227,1744, ,1738,1,1,2,N, ,3,N, , , , ,629757, , , ,2,1,0,0,1,0,0,0,0,0,0,1,1,0,0,0,0,0,0,0,1,1,0,0,0,0,0,0,0,0,0,0,0,0,0,4,0,40.0217,-75.1398, , 
 ,55336,2014009710,6,67,67301,2013,12,6,1720,17,3,2,1,1,1, , ,N,1,2,0,3,0,1,2,2,N,N,40 04:08.982,75 00:26.173,1730, ,1728, ,0, ,N, ,3, , , , , ,629800, , , ,2,1,0,0,0,0,0,1,0,0,0,1,1,0,1,0,0,0,0,0,1,1,0,0,0,0,0,0,0,0,0,0,0,0,0,4,0,40.0692,-75.0073, , 
 ,55337,2013128372,6,67,67301,2013,11,4,1847,18,3,1,0,1,1, , ,N,0,0,0,3,0,1,2,2,N,N,39 57:42.144,75 10:57.762,1858, ,1848, ,0, ,N, ,0, , , , , ,629805, , , ,2,2,0,0,0,0,0,0,0,0,0,1,1,0,0,0,0,0,0,0,0,0,0,0,0,0,0,0,0,0,0,0,0,0,0,4,0,39.9617,-75.1827, , 
 ,55338,2013121563,6,67,67301,2013,10,5,1115,11,1,1,0,5,1, , ,N,0,0,0,3,0,1,4,2,N,N,39 58:47.308,75 13:56.703,1146, ,1144, ,0, ,N, ,0, , , , , ,629825, , , ,2,0,0,0,1,0,1,0,0,0,0,1,1,0,0,0,0,0,0,0,1,0,0,0,0,0,0,0,0,0,0,0,0,0,0,4,0,39.9798,-75.2324, , 
 ,55339,2013109364,6,67,67301,2013,10,5,1530,15,1,1,0,5,2, , ,N,0,0,0,3,0,1,2,2,N,N,39 58:22.926,75 12:22.568,1701, ,1654, ,0, ,N, ,0, , , , , ,629846, , , ,2,1,0,0,1,0,0,0,0,0,0,1,1,0,0,0,0,0,0,1,0,1,0,0,0,0,0,0,0,0,0,0,0,0,0,4,0,39.973,-75.2063, , 
 ,55340,2013121405,6,67,67301,2013,11,6,1412,14,1,1,0,4,1, , ,N,2,3,0,3,0,3,3,2,N,N,39 59:56.962,75 04:11.519,1420, ,1415, ,0, ,N, ,3, , , , , ,629852, , , ,2,2,0,0,0,0,0,0,0,0,0,0,3,3,0,0,0,0,0,0,0,1,0,0,0,0,0,0,0,0,0,0,0,0,0,8,0,39.9992,-75.0699, , 
 ,55341,2013121536,6,67,67301,2013,10,3,1944,19,3,1,0,4,1, , ,N,0,0,7,3,0,0,2,2,N,N,39 58:21.594,75 09:33.288,2000, ,1956, ,0, ,N, ,0, , , , , ,629853, , , ,2,0,0,0,0,0,2,0,0,0,0,0,0,0,0,0,0,0,0,0,0,0,0,0,0,0,0,0,0,0,0,0,0,0,0,0,0,39.9727,-75.1592, , 