wz_ln_closure,objectid_1,crn,district,county,municipality,crash_year,crash_month,day_of_week,time_of_day,hour_of_day,illumination,weather,road_condition,collision_type,relation_to_road,work_zone_type,work_zone_loc,work_zone_ind,intersect_type,tcd_type,location_type,urban_rural,fatal_count,injury_count,person_count,total_units,sch_bus_ind,sch_zone_ind,latitude,longitude,arrival_tm,cons_zone_spd_lim,dispatch_tm,est_hrs_closed,lane_closed,ln_close_dir,ntfy_hiwy_maint,spec_juris_cd,tcd_func_cd,tfc_detour_ind,workers_pres,wz_close_detour,wz_flagger,wz_law_offcr_ind,objectid,wz_moving,wz_other,wz_shlder_mdn,vehicle_count,automobile_count,motorcycle_count,bus_count,small_truck_count,heavy_truck_count,suv_count,van_count,bicycle_count,maj_inj_count,mod_inj_count,min_inj_count,tot_inj_count,unk_inj_deg_count,unk_inj_per_count,driver_count_16yr,driver_count_17yr,driver_count_18yr,driver_count_19yr,driver_count_20yr,driver_count_50_64yr,driver_count_65_74yr,driver_count_75plus,unbelted_occ_count,unb_death_count,unb_maj_inj_count,belted_death_count,belted_maj_inj_count,mcycle_death_count,mcycle_maj_inj_count,bicycle_death_count,bicycle_maj_inj_count,ped_count,ped_death_count,ped_maj_inj_count,max_severity_level,comm_veh_count,dec_lat,dec_long,rdwy_surf_type_cd,county_name
 ,55475,2013125958,6,67,67301,2013,11,4,1600,16,1,1,0,1,1, , ,N,2,0,0,3,0,1,1,2,N,N,39 58:11.244,75 10:52.985,1627, ,1620, ,0, ,N, ,0, , , , , ,630109, , , ,2,1,0,0,0,0,1,0,0,0,0,0,1,1,0,0,0,0,0,0,1,0,0,0,0,0,0,0,0,0,0,0,0,0,0,8,0,39.9698,-75.1814, , 
 ,55476,2013129476,6,67,67301,2013,11,3,630,6,5,1,0,1,1, , ,N,0,0,0,3,0,1,3,3,N,N,40 01:08.179,75 08:50.531,650, ,635,1,1,2,N, ,0,N, , , , ,630113, , , ,3,2,0,0,0,0,0,1,0,0,0,1,1,0,0,0,0,0,0,0,0,0,0,0,0,0,0,0,0,0,0,0,0,0,0,4,0,40.0189,-75.1474, , 
 ,55477,2013129445,6,67,67301,2013,11,2,1633,16,1,1,0,8,1, , ,N,1,3,0,3,0,1,2,2,N, ,39 56:35.516,75 09:30.711,1635, ,1634, ,0, , , ,3, , , , , ,630122, , , ,1,1,0,0,0,0,0,0,0,0,0,1,1,0,0,0,0,0,0,0,0,0,0,0,0,0,0,0,0,0,0,0,1,0,0,4,0,39.9432,-75.1585, , 
 ,55478,2013106750,6,67,67301,2013,9,7,1119,11,1,1,0,4,1, , ,N,1,2,0,3,0,1,4,2,N,N,39 57:26.638,75 09:25.497,1123, ,1119, ,0, ,N, ,3, , , , , ,630131, , , ,1,1,0,0,0,0,0,0,1,0,0,1,1,0,0,0,0,0,0,0,0,0,0,0,0,0,0,0,0,0,0,0,0,0,0,4,0,39.9574,-75.1571, , 
 ,55479,2013122901,6,67,67301,2013,11,2,2036,20,3,1,0,8,1, , ,N,1,2,0,3,0,1,2,2,N,N,39 59:47.940,75 10:31.961,2038, ,2038, ,0, ,N, ,2, , , , , ,630141, , , ,1,1,0,0,0,0,0,0,0,0,0,1,1,0,0,0,0,0,0,0,0,0,0,0,0,0,0,0,0,0,0,0,1,0,0,4,0,39.9967,-75.1755, , 
 ,55480,2013125902,6,67,67301,2013,11,1,9999,99,3,1,0,1,1, , ,N,0,0,0,3,0,2,5,3,N, ,39 54:18.233,75 10:27.194,9999, ,9999, ,0, , , ,0, , , , , ,630144, , , ,3,3,0,0,0,0,0,0,0,0,0,2,2,0,0,0,0,0,0,0,0,0,0,0,0,0,0,0,0,0,0,0,0,0,0,4,0,39.9051,-75.1742, , 
 ,55481,2014013590,6,67,67301,2013,12,7,200,2,3,1,0,8,1, , ,N,0,0,0,3,0,1,2,2,N,N,39 57:05.841,75 09:28.703,9999, ,9999, ,0, ,N, ,0, , , , , ,630155, , , ,1,1,0,0,0,0,0,0,0,0,1,0,1,0,0,0,0,0,0,0,0,0,0,0,0,0,0,0,0,0,0,0,1,0,0,3,0,39.9516,-75.158, , 
 ,55482,2014031214,6,67,67301,2013,12,6,320,3,3,1,0,2,6, , ,N,0,0,0,3,0,1,1,2,N,N,40 05:48.990,74 58:33.968,324, ,322,9,1,2,N, ,0,Y, , , , ,630158, , , ,2,1,0,0,0,0,1,0,0,0,0,1,1,0,0,0,0,0,0,0,0,0,0,0,0,0,0,0,0,0,0,0,0,0,0,4,0,40.0969,-74.9761, , 
 ,55483,2013101168,6,67,67301,2013,9,4,633,6,1,1,0,5,2, , ,N,1,0,0,3,0,0,1,3,N, ,39 58:14.635,75 10:09.919,636, ,634,1,2,4, , ,0,Y, , , , ,630159, , , ,3,3,0,0,0,0,0,0,0,0,0,0,0,0,0,0,0,0,0,0,0,0,0,0,0,0,0,0,0,0,0,0,0,0,0,0,0,39.9707,-75.1694, , 
 ,55484,2013101174,6,67,67301,2013,9,2,1405,14,1,1,0,1,1, , ,N,2,2,7,3,0,1,2,2,N, ,40 04:44.129,75 01:31.222,1415, ,1410, ,0, , , ,3, , , , , ,630160, , , ,2,0,0,0,2,0,0,0,0,0,1,0,1,0,0,0,0,0,0,0,0,1,0,0,0,0,0,0,0,0,0,0,0,0,0,3,0,40.0789,-75.0253, , 
 ,55485,2013121383,6,67,67301,2013,7,6,2040,20,3,2,1,2,1, , ,N,0,0,0,3,0,2,9,2,N, ,40 00:48.733,75 12:01.299,2047, ,2044,3,2,6, , ,0,Y, , , , ,630185, , , ,2,0,0,0,1,0,1,0,0,0,1,0,2,1,7,0,0,0,0,1,0,0,0,0,0,0,0,0,0,0,0,0,0,0,0,3,0,40.0135,-75.2004, , 
 ,55486,2013126983,6,67,67301,2013,11,4,1100,11,1,1,0,4,1, , ,N,1,2,0,3,0,0,2,2,N,N,39 57:44.928,75 12:58.376,1112, ,1105, ,0, ,N, ,3, , , , , ,630191, , , ,2,2,0,0,0,0,0,0,0,0,0,0,0,0,1,0,0,0,0,0,0,0,0,0,0,0,0,0,0,0,0,0,0,0,0,9,0,39.9624,-75.2158, , 
 ,55487,2013124643,6,67,67301,2013,11,7,2030,20,1,1,0,8,1, , ,N,0,0,0,3,0,1,2,2,N, ,39 55:17.533,75 08:59.661,2040, ,2037, ,0, , , ,0, , , , , ,630208, , , ,1,1,0,0,0,0,0,0,0,0,0,1,1,0,0,0,0,0,0,0,0,0,0,0,0,0,0,0,0,0,0,0,1,0,0,4,0,39.9215,-75.1499, , 
 ,55488,2013124839,6,67,67301,2013,12,5,938,9,1,1,1,1,1, , ,N,0,0,0,3,0,0,2,2,N,N,39 58:50.018,75 12:20.543,943, ,939,1,2,4,N, ,0,N, , , , ,630209, , , ,2,1,0,0,0,0,1,0,0,0,0,0,0,0,0,0,0,0,0,0,0,0,0,0,0,0,0,0,0,0,0,0,0,0,0,0,0,39.9806,-75.2057, , 
 ,55489,2013130114,6,67,67301,2013,11,7,955,9,1,1,0,4,1, , ,N,1,3,0,3,0,0,2,2,N,N,40 01:51.034,75 13:03.745,1010, ,1002, ,0, ,N, ,3, , , , , ,630214, , , ,2,2,0,0,0,0,0,0,0,0,0,0,0,0,0,0,0,0,0,0,0,1,0,0,0,0,0,0,0,0,0,0,0,0,0,0,0,40.0308,-75.2177, , 
 ,55490,2012042181,6,67,67301,2012,3,1,0,0,3,1,0,7,3, , ,N,0,0,0,3,0,1,2,1,N,N,39 58:07.909,75 08:09.228,10, ,2, ,0, ,N, ,0, , , , , ,633401, , , ,1,1,0,0,0,0,0,0,0,0,0,1,1,0,0,0,0,0,0,0,0,0,0,0,0,0,0,0,0,0,0,0,0,0,0,4,0,39.9689,-75.1359, , 
 ,55491,2012034683,6,67,67301,2012,2,2,1220,12,1,1,0,4,1, , ,N,3,2,0,3,0,1,2,2,N,N,39 54:27.172,75 11:24.082,1233, ,1229,1,2,1,N, ,3,Y, , , , ,633437, , , ,2,2,0,0,0,0,0,0,0,0,0,1,1,0,0,0,0,1,0,0,0,0,0,2,0,0,0,0,0,0,0,0,0,0,0,4,0,39.9075,-75.19, , 
 ,55492,2012049739,6,67,67301,2012,4,3,1305,13,1,1,0,4,1, , ,N,2,3,0,3,0,1,3,2,N,N,39 56:56.756,75 13:15.934,1323, ,1319, ,0, ,N, ,3, , , , , ,633452, , , ,2,1,0,0,1,0,0,0,0,0,0,1,1,0,0,0,0,0,0,0,1,0,0,0,0,0,0,0,0,0,0,0,0,0,0,4,0,39.9491,-75.2211, , 
 ,55493,2012028187,6,67,67301,2012,2,7,955,9,1,4,5,4,1, , ,N,1,3,0,3,0,1,7,3,N,N,40 02:17.472,75 04:42.853,1020, ,1002, ,0, , , ,3, , , , , ,633473, , , ,3,2,0,0,0,0,0,1,0,0,0,1,1,0,0,0,1,0,0,0,1,0,0,0,0,0,0,0,0,0,0,0,0,0,0,4,0,40.0382,-75.0786, , 
 ,55494,2012033065,6,67,67301,2012,2,3,1145,11,1,1,0,1,1, , ,N,1,2,0,3,0,1,3,2,N,N,39 55:03.079,75 09:22.114,1155, ,1150, ,0, ,N, ,3, , , , , ,633483, , , ,2,0,0,0,0,0,1,1,0,0,0,1,1,0,0,0,0,0,1,0,0,0,0,2,0,0,0,0,0,0,0,0,0,0,0,4,0,39.9175,-75.1561, , 
 ,55495,2012047119,6,67,67301,2012,4,5,2207,22,3,1,0,4,1, , ,N,1,3,0,3,0,1,5,2,N,N,39 54:26.280,75 11:16.256,2211, ,2208,1,1,3,N, ,3,N, , , , ,633499, , , ,2,2,0,0,0,0,0,0,0,0,0,0,1,1,3,0,0,0,0,0,1,0,0,1,0,0,0,0,0,0,0,0,0,0,0,8,0,39.9073,-75.1878, , 
 ,55496,2012047198,6,67,67301,2012,4,5,800,8,1,9,0,1,1, , ,N,3,2,0,3,0,3,3,3,N,N,39 54:04.923,75 14:21.456,813, ,807, ,0, ,N, ,3, , , , , ,633500, , , ,3,2,0,0,1,0,0,0,0,1,0,0,3,2,0,0,0,0,0,0,0,0,0,1,0,0,0,0,0,0,0,0,0,0,0,2,0,39.9014,-75.2393, , 
 ,55497,2012048152,6,67,67301,2012,4,4,2238,22,3,1,0,4,2, , ,N,0,0,0,3,0,1,2,2,N,N,40 00:09.434,75 05:44.082,1, ,2355, ,0, ,N, ,0, , , , , ,633503, , , ,2,2,0,0,0,0,0,0,0,0,0,0,1,1,0,0,1,0,0,0,0,0,0,0,0,0,0,0,0,0,0,0,0,0,0,8,0,40.0026,-75.0956, , 
 ,55498,2012051895,6,67,67301,2012,4,2,2130,21,6,1,0,8,1, , ,N,1,0,0,3,0,1,2,2,N, ,40 03:26.888,75 10:49.839,331, ,331, ,0, , , ,0, , , , , ,633508, , , ,1,1,0,0,0,0,0,0,0,1,0,0,1,0,1,0,0,0,0,0,0,0,0,0,0,0,0,0,0,0,0,0,1,0,1,2,0,40.0575,-75.1805, , 
 ,55499,2012014641,6,67,67301,2012,2,4,1814,18,3,1,0,1,1, , ,N,0,0,0,3,0,2,5,5,N,N,40 03:16.420,74 59:07.826,1841, ,1825,1,2,2,N, ,0,N, , , , ,633519, , , ,5,5,0,0,0,0,0,0,0,0,0,2,2,0,0,0,0,0,0,0,1,0,0,0,0,0,0,0,0,0,0,0,0,0,0,4,0,40.0546,-74.9854, , 
 ,55500,2012017823,6,67,67301,2012,1,7,40,0,3,4,5,1,1, , ,N,1,2,0,3,0,1,4,3,N,N,39 58:06.293,75 07:38.746,50, ,45, ,0, ,N, ,3, , , , , ,633521, , , ,3,1,0,0,1,0,1,0,0,0,0,1,1,0,0,0,0,0,0,0,1,0,0,0,0,0,0,0,0,0,0,0,0,0,0,4,0,39.9684,-75.1274, , 
 ,55501,2012026094,6,67,67301,2012,2,2,1625,16,1,1,0,1,1, , ,N,1,2,0,3,0,0,3,2,N,N,40 03:44.832,74 59:13.249,1625, ,1625, ,0, ,N, ,3, , , , , ,633529, , , ,2,0,0,0,2,0,0,0,0,0,0,0,0,0,0,0,0,0,0,0,0,0,0,0,0,0,0,0,0,0,0,0,0,0,0,0,0,40.0625,-74.987, , 
 ,55502,2012048104,6,67,67301,2012,3,6,2140,21,3,1,0,4,1, , ,N,0,0,0,3,0,2,3,4,N,N,40 07:05.584,75 01:59.350,2150, ,2142, ,0, ,N, ,0, , , , , ,633542, , , ,2,0,0,0,0,0,1,1,1,0,0,1,2,1,1,0,0,0,0,0,0,0,0,0,0,0,0,0,0,0,0,0,1,0,0,4,0,40.1182,-75.0332, , 
 ,55503,2012056713,6,67,67301,2012,4,2,1930,19,1,1,0,4,1, , ,N,1,0,0,3,0,1,2,2,N,N,40 00:33.890,75 09:33.775,9999, ,9999, ,0, , , ,0, , , , , ,633553, , , ,1,0,0,0,0,0,0,0,1,0,0,0,1,1,0,0,0,0,0,0,0,0,0,0,0,0,0,0,0,0,0,0,0,0,0,8,0,40.0094,-75.1594, , 
 ,55504,2012026105,6,67,67301,2012,2,3,1543,15,1,1,0,8,1, , ,N,0,2,0,3,0,1,2,2,N,N,40 02:39.613,75 03:14.353,1555, ,1548, ,0, , , ,3, , , , , ,633579, , , ,1,0,0,0,0,0,0,1,0,0,0,0,1,1,0,0,0,0,0,0,0,0,0,0,0,0,0,0,0,0,0,0,1,0,0,8,0,40.0443,-75.054, , 
 ,55505,2012026213,6,67,67301,2012,1,4,1430,14,1,1,0,8,1, , ,N,1,2,0,3,0,1,2,2,N,N,40 02:07.762,75 13:02.189,1921, ,1430, ,0, , , ,3, , , , , ,633580, , , ,1,0,0,0,1,0,0,0,0,0,0,0,1,1,0,0,0,0,0,0,0,0,0,1,0,0,0,0,0,0,0,0,1,0,0,8,1,40.0355,-75.2173, , 
 ,55506,2012051055,6,67,67301,2012,5,3,10,0,3,1,0,5,1, , ,N,7,0,2,3,0,1,3,2,N, ,39 58:19.743,75 07:24.741,35, ,13, ,0, , , ,0, , , , , ,633635, , , ,2,1,1,0,0,0,0,0,0,0,0,1,1,0,0,0,0,0,0,0,1,0,0,0,0,0,0,0,0,0,0,0,0,0,0,4,0,39.9735,-75.123, , 
 ,55507,2012078539,6,67,67301,2012,7,6,840,8,1,1,0,4,1, , ,N,1,2,0,3,0,0,2,2,N,N,39 56:37.906,75 10:01.891,855, ,850, ,0, ,N, ,3, , , , , ,633649, , , ,2,1,0,0,0,0,1,0,0,0,0,0,0,0,0,0,0,0,0,0,0,0,0,0,0,0,0,0,0,0,0,0,0,0,0,0,0,39.9439,-75.1672, , 
 ,55508,2012061497,6,67,67301,2012,6,4,1049,10,1,1,0,1,7, , ,N,6,0,2,3,0,0,6,3,N,N,39 56:42.208,75 11:26.989,1057, ,1055, ,0, ,N, ,0, , , , , ,640590, , , ,3,1,0,0,0,0,1,1,0,0,0,0,0,0,0,0,0,0,0,0,0,0,0,0,0,0,0,0,0,0,0,0,0,0,0,0,0,39.9451,-75.1908, , 
 ,55509,2012063997,6,67,67301,2012,5,5,1916,19,1,1,0,8,1, , ,N,0,0,0,3,0,1,2,2,N,N,40 03:01.840,75 03:56.616,1920, ,1918, ,0, ,N, ,0, , , , , ,640591, , , ,1,1,0,0,0,0,0,0,0,1,0,0,1,0,0,0,0,0,0,0,0,0,0,0,0,0,0,0,0,0,0,0,1,0,1,2,0,40.0505,-75.0657, , 
 ,55510,2012026215,6,67,67301,2012,1,3,1410,14,1,1,0,8,1, , ,N,1,2,0,3,0,1,2,2,N,N,40 01:11.133,75 12:38.068,1424, ,1420, ,0, , , ,3, , , , , ,640612, , , ,1,1,0,0,0,0,0,0,0,0,1,0,1,0,0,0,0,0,0,0,0,0,0,1,0,0,0,0,0,0,0,0,1,0,0,3,0,40.0196,-75.2107, , 
 ,55511,2012034719,6,67,67301,2012,3,7,225,2,3,1,0,4,1, , ,N,1,2,0,3,0,0,3,2,N,N,40 03:23.345,75 02:47.046,227, ,227,9,1,1,N, ,3,N, , , , ,640624, , , ,2,1,0,0,0,0,1,0,0,0,0,0,0,0,0,0,0,0,0,0,0,0,0,0,0,0,0,0,0,0,0,0,0,0,0,0,0,40.0565,-75.0464, , 
 ,55512,2012034768,6,67,67301,2012,3,5,2242,22,3,1,0,4,4, , ,N,0,0,0,3,0,0,1,4,N, ,40 01:37.419,75 08:34.206,2244, ,2242, ,0, , , ,0, , , , , ,640625, , , ,4,1,0,0,2,0,1,0,0,0,0,0,0,0,1,0,0,0,0,0,0,0,0,0,0,0,0,0,0,0,0,0,0,0,0,9,0,40.0271,-75.1428, , 
 ,55513,2012041580,6,67,67301,2012,3,5,910,9,1,1,0,4,1, , ,N,1,2,0,3,0,1,3,2,N,N,39 57:46.472,75 10:29.056,916, ,912, ,0, , , ,3, , , , , ,640630, , , ,2,2,0,0,0,0,0,0,0,0,0,0,1,1,0,0,0,0,0,0,1,0,1,0,0,0,0,0,0,0,0,0,0,0,0,8,0,39.9629,-75.1747, , 
 ,55514,2012050759,6,67,67301,2012,5,6,1724,17,1,1,0,1,1, , ,N,0,0,0,3,0,0,2,2,N,N,39 59:37.547,75 05:04.979,1739, ,1729, ,0, ,N, ,0, , , , , ,640635, , , ,2,0,0,0,0,0,1,1,0,0,0,0,0,0,1,0,1,0,0,0,0,0,0,0,0,0,0,0,0,0,0,0,0,0,0,9,0,39.9938,-75.0847, , 
 ,55515,2012027729,6,67,67301,2012,2,3,2125,21,3,2,1,4,1, , ,N,0,0,7,3,0,2,2,2,N,N,39 57:22.626,75 11:10.121,2140, ,2129,3,2,6,N, ,0,Y, , , , ,640659, , , ,2,2,0,0,0,0,0,0,0,0,0,2,2,0,0,0,0,0,0,0,0,0,0,0,0,0,0,0,0,0,0,0,0,0,0,4,0,39.9563,-75.1861, , 
 ,55516,2012028477,6,67,67301,2012,2,2,1918,19,3,1,0,8,1, , ,N,1,2,0,3,0,1,2,2,N,N,40 02:09.830,75 07:39.525,1925, ,1920, ,0, ,N, ,3, , , , , ,640661, , , ,1,1,0,0,0,0,0,0,0,0,0,1,1,0,0,0,0,0,0,0,0,0,0,0,0,0,0,0,0,0,0,0,1,0,0,4,0,40.0361,-75.1277, , 
 ,55517,2012030789,6,67,67301,2012,2,7,716,7,1,1,0,5,1, , ,N,0,0,0,3,0,3,3,2,N,N,39 53:15.346,75 12:57.216,723, ,719,2,1,2,N, ,0,N, , , , ,640664, , , ,2,2,0,0,0,0,0,0,0,0,1,2,3,0,0,0,0,0,0,0,1,0,0,0,0,0,0,0,0,0,0,0,0,0,0,3,0,39.8876,-75.2159, , 
 ,55518,2012033885,6,67,67301,2012,2,5,1040,10,1,2,1,1,1, , ,N,1,2,0,3,0,0,3,2,N, ,40 01:17.505,75 03:06.381,1042, ,1041,9,1,2, , ,3,N, , , , ,640669, , , ,2,1,0,0,0,1,0,0,0,0,0,0,0,0,2,0,0,0,0,0,0,0,0,0,0,0,0,0,0,0,0,0,0,0,0,9,1,40.0215,-75.0518, , 
 ,55519,2012043782,6,67,67301,2012,4,1,350,3,3,1,0,7,2, , ,N,0,0,0,3,0,0,2,2,N,N,39 58:54.264,75 12:25.829,358, ,353, ,0, ,N, ,0, , , , , ,640676, , , ,1,1,0,0,0,0,0,0,0,0,0,0,0,0,0,0,0,0,0,0,0,0,0,0,0,0,0,0,0,0,0,0,0,0,0,0,0,39.9817,-75.2072, , 
 ,55520,2012021475,6,67,67301,2012,2,5,1859,18,3,1,0,1,1, , ,N,0,0,0,3,0,0,3,3,N,N,39 59:23.699,75 05:13.252,1900, ,1900, ,0, ,N, ,0, , , , , ,640708, , , ,3,1,0,0,0,0,2,0,0,0,0,0,0,0,0,0,0,0,0,0,1,0,0,0,0,0,0,0,0,0,0,0,0,0,0,0,0,39.9898,-75.0871, , 
 ,55521,2012049813,6,67,67301,2012,4,5,1800,18,4,1,0,5,1, , ,N,1,3,0,3,0,2,3,2,N,N,39 56:45.321,75 14:24.087,1900, ,1804, ,0, ,N, ,3, , , , , ,640733, , , ,2,1,0,0,0,0,1,0,0,0,0,0,2,2,0,0,0,0,0,0,1,0,0,0,0,0,0,0,0,0,0,0,0,0,0,8,0,39.9459,-75.2403, , 
 ,55522,2012051870,6,67,67301,2012,5,3,822,8,1,2,1,4,1, , ,N,1,3,0,3,0,1,4,2,N, ,39 55:41.077,75 10:31.673,825, ,822, ,0, ,N, ,3, , , , , ,640735, , , ,2,1,0,0,1,0,0,0,0,0,0,0,1,1,1,0,0,0,0,0,0,0,0,0,0,0,0,0,0,0,0,0,0,0,0,8,0,39.9281,-75.1755, , 
 ,55523,2012054718,6,67,67301,2012,4,1,1525,15,1,1,0,4,1, , ,N,1,2,0,3,0,1,2,2,N,N,40 04:26.865,75 09:30.131,1528, ,1526, ,0, ,N, ,3, , , , , ,640738, , , ,2,0,1,0,0,0,0,1,0,0,0,1,1,0,0,0,0,0,0,0,0,1,0,0,0,0,0,0,0,0,0,0,0,0,0,4,0,40.0741,-75.1584, , 
 ,55524,2012013309,6,67,67301,2012,1,3,501,5,3,1,0,7,1, , ,N,0,0,0,3,0,0,1,1,N,N,39 55:30.581,75 11:35.978,512, ,505,3,2,4,Y, ,0,Y, , , , ,640748, , , ,1,0,0,0,0,1,0,0,0,0,0,0,0,0,0,0,0,0,0,0,0,0,0,0,0,0,0,0,0,0,0,0,0,0,0,0,1,39.9252,-75.1933, , 
 ,55525,2012020394,6,67,67301,2012,1,7,1011,10,1,4,6,5,1, , ,N,5,0,0,3,0,0,2,2,N, ,40 05:40.718,75 00:54.707,9999, ,9999, ,0, , , ,0, , , , , ,640752, , , ,2,1,0,0,1,0,0,0,0,0,0,0,0,0,2,0,0,0,0,0,0,0,0,0,0,0,0,0,0,0,0,0,0,0,0,9,0,40.0946,-75.0152, , 
 ,55526,2012026075,6,67,67301,2012,1,2,1847,18,3,1,0,1,1, , ,N,0,0,0,3,0,1,2,2,N,N,40 02:01.469,75 08:44.823,1905, ,1858, ,0, ,N, ,0, , , , , ,640759, , , ,2,2,0,0,0,0,0,0,0,0,0,0,1,1,0,0,0,0,0,0,0,0,0,0,0,0,0,0,0,0,0,0,0,0,0,8,0,40.0337,-75.1458, , 
 ,55527,2012032576,6,67,67301,2012,2,7,1942,19,6,9,0,2,1, , ,N,0,0,0,3,0,2,2,2,N,N,40 02:14.100,75 06:45.110,1949, ,1943,2,2,5,N, ,0,Y, , , , ,637383, , , ,2,1,0,0,0,0,1,0,0,0,0,1,2,1,0,0,0,0,0,0,0,0,0,0,0,0,0,0,0,0,0,0,0,0,0,4,0,40.0373,-75.1125, , 
 ,55528,2012047271,6,67,67301,2012,4,3,1738,17,1,1,0,8,1, , ,N,0,0,0,3,0,1,2,2,N,N,40 02:05.550,75 01:53.360,1745, ,1742, ,0, ,N, ,0, , , , , ,637396, , , ,1,1,0,0,0,0,0,0,0,0,0,1,1,0,0,0,0,0,0,0,1,0,0,1,0,0,0,0,0,0,0,0,1,0,0,4,0,40.0349,-75.0315, , 
 ,55529,2012056583,6,67,67301,2012,5,7,0,0,3,2,1,4,1, , ,N,1,2,0,3,0,1,3,2,N, ,40 00:43.064,75 10:33.675,3, ,2, ,0, , , ,1, , , , , ,637404, , , ,2,1,0,0,1,0,0,0,0,0,0,1,1,0,0,0,0,0,0,0,1,0,0,0,0,0,0,0,0,0,0,0,0,0,0,4,0,40.012,-75.176, , 
 ,55530,2012015520,6,67,67301,2012,1,6,215,2,3,1,0,4,1, , ,N,1,2,0,3,0,1,2,2,N, ,40 00:43.542,75 06:43.855,243, ,237,2,2,1, , ,3,Y, , , , ,637464, , , ,2,1,0,0,0,0,1,0,0,0,0,1,1,0,1,0,0,0,0,0,0,0,0,0,0,0,0,0,0,0,0,0,0,0,0,4,0,40.0121,-75.1122, , 
 ,55531,2012032635,6,67,67301,2012,2,1,8,0,3,1,0,4,1, , ,N,1,2,0,3,0,1,3,2,N,N,39 57:15.642,75 13:26.511,19, ,19,1,1,1, , ,3,N, , , , ,637476, , , ,2,2,0,0,0,0,0,0,0,0,0,1,1,0,1,0,0,0,0,0,0,0,0,0,0,0,0,0,0,0,0,0,0,0,0,4,0,39.9543,-75.224, , 
 ,55532,2012056575,6,67,67301,2012,4,4,9999,99,3,1,0,4,1, , ,N,1,3,0,3,0,2,2,2,N,N,39 58:25.165,75 13:34.496,2352, ,2336, ,0, , , ,3, , , , , ,637491, , , ,2,0,0,0,0,0,0,2,0,0,0,2,2,0,0,0,0,0,0,0,1,0,0,0,0,0,0,0,0,0,0,0,0,0,0,4,0,39.9737,-75.2262, , 
 ,55533,2012058393,6,67,67301,2012,5,7,950,9,1,8,8,4,1, , ,N,1,3,0,3,0,2,2,2,N,N,39 59:40.599,75 09:51.451,1042, ,1042,3,1,2,N, ,3,Y, , , , ,637497, , , ,2,0,1,0,0,0,1,0,0,0,0,1,2,1,0,0,0,0,0,0,2,0,0,0,0,0,0,0,0,0,0,0,0,0,0,4,0,39.9946,-75.1643, , 
 ,55534,2012036755,6,67,67301,2012,3,4,1022,10,1,1,0,4,1, , ,N,1,2,0,3,0,1,2,2,N,N,39 57:17.622,75 12:31.637,1140, ,1129, ,0, , , ,3, , , , , ,637521, , , ,2,2,0,0,0,0,0,0,0,0,0,1,1,0,1,0,0,0,0,0,1,0,0,0,0,0,0,0,0,0,0,0,0,0,0,4,0,39.9549,-75.2087, , 
 ,55535,2012039522,6,46,46108,2012,4,5,1556,15,1,1,0,4,1, , ,N,1,2,0,3,0,1,2,2,N,N,40 05:09.951,75 12:42.717,1559, ,1556,1,1,1,N, ,3,N, , , , ,637578, , , ,2,1,0,0,0,0,1,0,0,0,1,0,1,0,0,0,1,0,0,0,0,0,0,0,0,0,0,0,0,0,0,0,0,0,0,3,0,40.0861,-75.2119, , 
 ,55536,2012060770,6,67,67301,2012,5,2,1105,11,1,1,2,7,5, , ,N,3,0,0,3,0,0,1,1,N,N,40 00:21.775,75 05:12.438,1118, ,1116, ,0, ,N, ,0, , , , , ,637591, , , ,1,0,0,0,0,0,1,0,0,0,0,0,0,0,0,0,0,0,0,0,0,0,0,0,0,0,0,0,0,0,0,0,0,0,0,0,0,40.006,-75.0868, , 
 ,55537,2012021601,6,67,67301,2012,2,4,2131,21,3,1,0,7,3, , ,N,0,0,0,3,0,1,1,1,N,N,40 00:33.168,75 04:03.001,2134, ,2133, ,0, ,N, ,0, , , , , ,637617, , , ,1,0,0,0,1,0,0,0,0,0,0,0,1,1,0,0,0,0,0,0,0,0,0,0,0,0,0,0,0,0,0,0,0,0,0,8,0,40.0092,-75.0674, , 
Y,55538,2012036887,6,67,67301,2012,3,7,1907,19,3,1,0,7,4,1,4,Y,0,0,0,3,0,0,1,1,N,N,40 01:07.140,75 10:59.415,1908,99,1906,1,2,1, , ,0,Y,U, , ,U,637627, , , ,1,1,0,0,0,0,0,0,0,0,0,0,0,0,0,0,0,0,0,0,0,1,0,0,0,0,0,0,0,0,0,0,0,0,0,0,0,40.0187,-75.1832, , 
 ,55539,2012020514,6,67,67301,2012,2,4,133,1,3,1,0,5,1, , ,N,1,3,0,3,0,3,3,3,N,N,39 58:40.814,75 09:49.600,136, ,133,3,1,1,N, ,3,Y, , , , ,637664, , , ,3,1,0,0,1,0,1,0,0,0,0,3,3,0,0,0,0,0,0,0,0,0,0,1,0,0,0,0,0,0,0,0,0,0,0,4,0,39.978,-75.1638, , 
 ,55540,2012037704,6,67,67301,2012,3,6,1400,14,1,1,0,4,1, , ,N,0,0,0,3,0,1,2,3,N,N,40 01:04.310,75 07:57.921,1556, ,1550, ,0, ,N, ,0, , , , , ,637683, , , ,3,1,0,0,0,0,2,0,0,0,0,1,1,0,0,0,0,0,1,0,0,0,0,0,0,0,0,0,0,0,0,0,0,0,0,4,0,40.0179,-75.1328, , 
 ,55541,2012041692,6,67,67301,2012,3,5,2146,21,3,1,0,7,4, , ,N,3,2,0,3,0,1,1,1,N,N,40 01:59.426,75 04:38.465,2148, ,2148,1,1,1,N, ,3,N, , , , ,637686, , , ,1,1,0,0,0,0,0,0,0,0,1,0,1,0,0,0,0,0,1,0,0,0,0,0,0,0,0,0,0,0,0,0,0,0,0,3,0,40.0332,-75.0774, , 