wz_ln_closure,objectid_1,crn,district,county,municipality,crash_year,crash_month,day_of_week,time_of_day,hour_of_day,illumination,weather,road_condition,collision_type,relation_to_road,work_zone_type,work_zone_loc,work_zone_ind,intersect_type,tcd_type,location_type,urban_rural,fatal_count,injury_count,person_count,total_units,sch_bus_ind,sch_zone_ind,latitude,longitude,arrival_tm,cons_zone_spd_lim,dispatch_tm,est_hrs_closed,lane_closed,ln_close_dir,ntfy_hiwy_maint,spec_juris_cd,tcd_func_cd,tfc_detour_ind,workers_pres,wz_close_detour,wz_flagger,wz_law_offcr_ind,objectid,wz_moving,wz_other,wz_shlder_mdn,vehicle_count,automobile_count,motorcycle_count,bus_count,small_truck_count,heavy_truck_count,suv_count,van_count,bicycle_count,maj_inj_count,mod_inj_count,min_inj_count,tot_inj_count,unk_inj_deg_count,unk_inj_per_count,driver_count_16yr,driver_count_17yr,driver_count_18yr,driver_count_19yr,driver_count_20yr,driver_count_50_64yr,driver_count_65_74yr,driver_count_75plus,unbelted_occ_count,unb_death_count,unb_maj_inj_count,belted_death_count,belted_maj_inj_count,mcycle_death_count,mcycle_maj_inj_count,bicycle_death_count,bicycle_maj_inj_count,ped_count,ped_death_count,ped_maj_inj_count,max_severity_level,comm_veh_count,dec_lat,dec_long,rdwy_surf_type_cd,county_name
 ,55542,2012042229,6,67,67301,2012,3,3,30,0,3,1,0,7,4, , ,N,5,2,0,3,0,2,3,2,N,N,40 01:25.849,75 07:25.874,35, ,30, ,0, ,N, ,3, , , , , ,637687, , , ,2,1,0,0,1,0,0,0,0,0,1,1,2,0,0,0,0,0,0,1,0,0,0,0,0,0,0,0,0,0,0,0,0,0,0,3,0,40.0238,-75.1239, , 
 ,55543,2012027740,6,67,67301,2012,2,7,1200,12,1,2,1,1,7, , ,N,1,2,2,3,0,1,2,2,N,N,39 54:37.276,75 09:03.431,1210, ,1204, ,0, ,N, ,3, , , , , ,637717, , , ,2,1,0,0,0,0,1,0,0,0,0,1,1,0,0,0,0,0,0,0,1,0,0,0,0,0,0,0,0,0,0,0,0,0,0,4,0,39.9104,-75.151, , 
 ,55544,2012042236,6,67,67301,2012,3,7,2330,23,3,1,0,1,1, , ,N,0,0,0,3,0,1,2,2,N,N,40 02:56.145,75 03:05.778,2340, ,2330,9,1,2,N, ,0,N, , , , ,637737, , , ,2,1,0,0,0,0,1,0,0,0,0,1,1,0,0,0,0,0,0,0,0,0,0,0,0,0,0,0,0,0,0,0,0,0,0,4,0,40.0489,-75.0516, , 
 ,55545,2014006920,6,67,67301,2013,12,7,9999,99,1,1,0,8,1, , ,N,1,2,0,3,0,1,2,2,N,N,39 55:42.600,75 10:55.919,1105, ,1100, ,0, , , ,3, , , , , ,630220, , , ,1,1,0,0,0,0,0,0,0,0,0,1,1,0,0,0,0,0,0,0,1,0,0,0,0,0,0,0,0,0,0,0,1,0,0,4,0,39.9285,-75.1822, , 
 ,55546,2013125965,6,67,67301,2013,11,2,1115,11,1,1,0,8,1, , ,N,0,0,0,3,0,1,2,2,N,N,39 57:14.195,75 13:15.440,1145, ,1139, ,0, , , ,0, , , , , ,630236, , , ,1,1,0,0,0,0,0,0,0,0,0,1,1,0,0,0,0,0,0,0,0,0,0,0,0,0,0,0,0,0,0,0,1,0,0,4,0,39.9539,-75.221, , 
 ,55547,2013130083,6,67,67301,2013,11,6,822,8,1,1,0,4,1, , ,N,1,2,0,3,0,3,4,4,N,N,39 57:14.472,75 08:41.402,826, ,824,2,2,3,N, ,3,Y, , , , ,630251, , , ,2,2,0,0,0,0,0,0,0,0,0,0,3,3,0,0,0,0,0,0,0,0,0,0,0,0,0,0,0,0,0,0,2,0,0,8,0,39.954,-75.1448, , 
 ,55548,2013121348,6,9,9212,2013,10,6,730,7,1,1,0,1,1, , ,N,1,0,0,3,0,2,4,2,N, ,40 08:15.442,75 00:52.355,740, ,733, ,0, , , ,0, , , , , ,630256, , , ,2,1,0,0,1,0,0,0,0,0,0,0,2,2,0,0,0,0,0,0,0,1,0,0,0,0,0,0,0,0,0,0,0,0,0,8,0,40.1376,-75.0145, , 
 ,55549,2013125972,6,67,67301,2013,11,4,1701,17,4,1,0,8,1, , ,N,1,2,0,3,0,1,2,2,N,N,39 57:33.447,75 10:18.976,1705, ,1703, ,0, , , ,3, , , , , ,630260, , , ,1,1,0,0,0,0,0,0,0,0,0,1,1,0,0,0,0,0,0,0,0,1,0,0,0,0,0,0,0,0,0,0,1,0,0,4,0,39.9593,-75.1719, , 
 ,55550,2013129415,6,67,67301,2013,11,4,9999,99,1,1,0,8,6, , ,N,0,0,0,3,0,1,3,2,N,N,39 58:13.675,75 09:35.011,1400, ,1349, ,0, ,N, ,0, , , , , ,630281, , , ,1,1,0,0,0,0,0,0,0,0,0,1,1,0,0,0,0,0,0,0,0,0,0,0,0,0,0,0,0,0,0,0,1,0,0,4,0,39.9705,-75.1597, , 
 ,55551,2014009862,6,67,67301,2013,12,3,1325,13,1,8,1,4,1, , ,N,1,3,0,3,0,1,2,3,N, ,39 58:21.907,75 10:47.704,1332, ,1330, ,0, , , ,3, , , , , ,630294, , , ,3,0,0,0,2,0,1,0,0,0,0,0,1,1,0,0,0,0,0,0,1,0,0,0,0,0,0,0,0,0,0,0,0,0,0,8,0,39.9728,-75.1799, , 
 ,55552,2013121513,6,67,67301,2013,10,2,600,6,5,1,0,6,1, , ,N,1,2,0,3,0,2,5,3,N, ,39 55:05.911,75 12:31.903,639, ,612, ,0, , , ,3, , , , , ,630322, , , ,3,1,0,0,0,1,1,0,0,0,2,0,2,0,0,0,0,0,0,0,1,0,1,0,0,0,0,0,0,0,0,0,0,0,0,3,0,39.9182,-75.2088, , 
 ,55553,2013129399,6,67,67301,2013,11,2,648,6,1,1,1,4,1, , ,N,1,2,0,3,0,0,2,2,N,N,40 02:29.396,75 09:30.118,653, ,650,1,1,2,N, ,3,N, , , , ,630328, , , ,2,2,0,0,0,0,0,0,0,0,0,0,0,0,0,0,0,0,0,0,0,0,0,0,0,0,0,0,0,0,0,0,0,0,0,0,0,40.0415,-75.1584, , 
 ,55554,2014009699,6,67,67301,2013,12,3,1107,11,1,1,0,4,1, , ,N,1,2,0,3,0,1,2,2,N, ,39 54:14.619,75 14:25.049,1115, ,1109,1,1,4, , ,3,Y, , , , ,630336, , , ,1,1,0,0,0,0,0,0,1,0,0,1,1,0,0,1,0,0,0,0,0,0,0,0,0,0,0,0,0,0,0,0,0,0,0,4,0,39.904,-75.2401, , 
 ,55555,2013118943,6,67,67301,2013,11,3,1820,18,3,1,0,7,4, , ,N,0,0,0,3,0,0,1,1,N,N,39 57:59.897,75 11:15.279,1825, ,1822,1,1,3,N, ,0,N, , , , ,630344, , , ,1,1,0,0,0,0,0,0,0,0,0,0,0,0,0,0,0,0,0,1,0,0,0,0,0,0,0,0,0,0,0,0,0,0,0,0,0,39.9666,-75.1876, , 
 ,55556,2014013052,6,67,67301,2013,12,4,1630,16,1,1,0,5,1, , ,N,2,0,0,3,0,4,8,3,N, ,39 57:17.016,75 12:26.893,1637, ,1633, ,0, , , ,0, , , , , ,630356, , , ,3,1,0,0,0,0,1,1,0,0,0,2,4,2,0,0,0,0,0,0,0,1,0,1,0,0,0,0,0,0,0,0,0,0,0,4,0,39.9547,-75.2075, , 
 ,55557,2013122967,6,67,67301,2013,11,4,1240,12,1,1,0,4,1, , ,N,1,3,0,3,0,1,3,3,N,N,40 04:41.113,75 10:21.359,1255, ,1246, ,0, ,N, ,3, , , , , ,630392, , , ,3,2,0,0,0,0,1,0,0,0,1,0,1,0,0,0,0,0,0,0,1,0,0,0,0,0,0,0,0,0,0,0,0,0,0,3,0,40.0781,-75.1726, , 
 ,55558,2013125974,6,67,67301,2013,11,7,1235,12,1,1,1,4,1, , ,N,1,2,0,3,0,1,2,2,N,N,39 57:41.673,75 10:30.111,1243, ,1241, ,0, ,N, ,3, , , , , ,630395, , , ,1,0,0,0,0,0,1,0,1,0,0,1,1,0,0,0,0,0,0,0,0,0,0,0,0,0,0,0,0,0,0,0,0,0,0,4,0,39.9616,-75.175, , 
 ,55559,2014006323,6,67,67301,2013,12,1,2315,23,3,4,1,4,1, , ,N,1,2,0,3,0,0,4,2,N,N,40 01:28.408,75 07:50.218,2320, ,2318,1,1,2,N, ,3,N, , , , ,630408, , , ,2,2,0,0,0,0,0,0,0,0,0,0,0,0,0,0,0,0,0,0,0,0,0,0,0,0,0,0,0,0,0,0,0,0,0,0,0,40.0246,-75.1306, , 
 ,55560,2014009781,6,67,67301,2013,12,6,940,9,1,1,0,4,1, , ,N,2,0,0,3,0,1,2,2,N,N,39 58:36.012,75 07:40.479,950, ,945, ,0, ,N, ,0, , , , , ,630410, , , ,1,0,0,0,0,0,1,0,1,0,1,0,1,0,0,0,0,0,0,0,1,0,0,0,0,0,0,0,0,0,0,0,0,0,0,3,0,39.9767,-75.1279, , 
 ,55561,2013123056,6,67,67301,2013,11,2,1150,11,1,1,0,8,1, , ,N,1,2,0,3,0,1,2,2,N,N,40 01:54.231,75 10:43.900,1249, ,1249, ,0, ,N, ,3, , , , , ,630434, , , ,1,1,0,0,0,0,0,0,0,0,0,0,1,1,0,0,0,0,0,0,0,0,0,1,0,0,0,0,0,0,0,0,1,0,0,8,0,40.0317,-75.1789, , 
 ,55562,2014009656,6,67,67301,2013,11,3,1820,18,2,2,1,4,1, , ,N,1,2,0,3,0,1,3,2,N,N,39 58:09.618,75 11:04.615,1830, ,1824, ,0, ,N, ,3, , , , , ,630451, , , ,1,0,0,0,0,0,1,0,1,0,0,0,1,1,0,0,0,0,0,1,0,0,0,0,0,0,0,0,0,0,0,0,0,0,0,8,0,39.9693,-75.1846, , 
 ,55563,2012078545,6,67,67301,2012,7,6,1920,19,1,9,0,4,1, , ,N,0,0,0,3,0,2,4,3,N,N,39 55:30.190,75 10:18.155,1935, ,1927, ,0, ,N, ,0, , , , , ,633650, , , ,3,2,0,0,1,0,0,0,0,0,0,2,2,0,0,0,0,0,0,1,0,0,0,0,0,0,0,0,0,0,0,0,0,0,0,4,0,39.9251,-75.1716, , 
 ,55564,2012017822,6,67,67301,2012,1,7,1540,15,1,4,5,1,1, , ,N,2,3,0,3,0,0,2,2,N,N,39 55:48.237,75 11:39.865,1550, ,1545, ,0, ,N, ,2, , , , , ,633663, , , ,2,1,0,0,0,0,0,0,0,0,0,0,0,0,2,0,0,0,0,0,1,0,0,0,0,0,0,0,0,0,0,0,0,0,0,9,0,39.9301,-75.1944, , 
Y,55565,2012052680,6,67,67301,2012,5,4,957,9,1,1,0,1,1,2,2,Y,2,8,0,3,0,2,4,2,N,N,40 03:18.722,75 02:51.651,959,45,958,1,1,1,N, ,3,N,Y,U,U,N,633695,U,U,U,2,0,0,0,1,0,0,1,0,0,0,2,2,0,0,0,0,0,0,0,0,0,0,0,0,0,0,0,0,0,0,0,0,0,0,4,0,40.0552,-75.0477, , 
 ,55566,2012057514,6,67,67301,2012,5,7,200,2,3,1,1,2,1, , ,N,1,2,0,3,0,0,2,2,N,N,40 01:47.921,75 06:15.655,210, ,210,1,1,2,N, ,3,N, , , , ,633700, , , ,2,1,0,0,0,0,1,0,0,0,0,0,0,0,0,0,0,0,0,1,0,0,0,0,0,0,0,0,0,0,0,0,0,0,0,0,0,40.03,-75.1043, , 
 ,55567,2012015383,6,67,67301,2012,1,2,1224,12,1,9,0,4,1, , ,N,0,0,7,3,0,1,2,2,N,N,40 01:58.843,75 06:24.686,1232, ,1227, ,0, ,N, ,0, , , , , ,633709, , , ,1,0,0,0,0,0,1,0,1,0,0,1,1,0,0,0,0,0,0,0,0,1,0,0,0,0,0,0,0,0,0,0,0,0,0,4,0,40.033,-75.1069, , 
 ,55568,2012042584,6,67,67301,2012,3,7,1405,14,1,1,0,4,1, , ,N,2,2,0,3,0,1,2,2,N,N,39 58:25.156,75 12:32.179,1415, ,1411, ,0, ,N, ,3, , , , , ,633725, , , ,2,2,0,0,0,0,0,0,0,0,0,1,1,0,0,0,0,0,0,0,1,0,0,0,0,0,0,0,0,0,0,0,0,0,0,4,0,39.9736,-75.2089, , 
 ,55569,2012048450,6,67,67301,2012,5,7,1645,16,1,1,0,1,1, , ,N,0,0,0,3,0,0,2,3,N,N,40 01:19.055,75 02:19.061,1658, ,1650, ,0, ,N, ,0, , , , , ,633728, , , ,2,0,0,0,0,0,2,0,0,0,0,0,0,0,0,0,0,0,0,0,1,0,0,0,0,0,0,0,0,0,0,0,0,0,0,0,0,40.0219,-75.0388, , 
 ,55570,2012059622,6,67,67301,2012,6,3,625,6,1,1,0,7,4, , ,N,0,0,0,3,0,1,1,1,N,N,39 57:26.617,75 08:49.702,708, ,703,1,1,3,N, ,0,N, , , , ,633740, , , ,1,1,0,0,0,0,0,0,0,0,0,1,1,0,0,0,0,0,0,0,0,0,0,0,0,0,0,0,0,0,0,0,0,0,0,4,0,39.9574,-75.1471, , 
 ,55571,2012061496,6,67,67301,2012,6,1,930,9,1,1,0,7,4, , ,N,6,0,2,3,0,2,2,1,N,N,39 57:26.617,75 08:49.702,940, ,930,1,1,3,N, ,0,N, , , , ,633742, , , ,1,0,1,0,0,0,0,0,0,0,1,1,2,0,0,0,0,0,0,0,0,0,0,0,0,0,0,0,0,0,0,0,0,0,0,3,0,39.9574,-75.1471, , 
 ,55572,2012063937,6,67,67301,2012,5,5,212,2,3,1,0,1,1, , ,N,1,2,0,3,0,0,4,2,N,N,39 57:22.420,75 09:45.641,231, ,228,1,1,1, , ,3,N, , , , ,633743, , , ,2,2,0,0,0,0,0,0,0,0,0,0,0,0,1,0,0,1,0,0,0,1,0,0,0,0,0,0,0,0,0,0,0,0,0,9,0,39.9562,-75.1627, , 
 ,55573,2012063982,6,67,67301,2012,5,1,137,1,3,1,0,4,1, , ,N,0,2,7,3,0,1,4,3,N,N,39 55:00.427,75 14:45.750,149, ,149,9,1,1,N, ,3,Y, , , , ,633744, , , ,3,1,0,0,1,0,0,0,0,0,0,1,1,0,0,0,0,1,0,0,0,0,0,0,0,0,0,0,0,0,0,0,0,0,0,4,0,39.9169,-75.2461, , 
 ,55574,2012026750,6,67,67301,2012,3,1,523,5,3,1,0,5,1, , ,N,0,0,0,3,0,0,3,2,N,N,39 56:31.920,75 11:38.053,549, ,537,1,1,3,N, ,0,N, , , , ,633767, , , ,2,1,0,0,1,0,0,0,0,0,0,0,0,0,0,0,0,0,0,1,0,0,1,0,0,0,0,0,0,0,0,0,0,0,0,0,0,39.9408,-75.1953, , 
 ,55575,2012028480,6,67,67301,2012,2,5,1740,17,3,1,0,1,1, , ,N,0,0,0,3,0,1,3,2,N,N,40 03:12.978,75 08:29.212,1750, ,1750, ,0, ,N, ,0, , , , , ,633772, , , ,2,1,0,0,0,0,0,1,0,0,0,0,1,1,0,0,0,0,0,0,1,0,0,0,0,0,0,0,0,0,0,0,0,0,0,8,0,40.0537,-75.1414, , 
 ,55576,2012035307,6,67,67301,2012,3,3,1653,16,1,1,0,1,1, , ,N,0,0,0,3,0,0,3,3,N,N,40 02:15.186,75 00:42.971,1700, ,1653, ,0, ,N, ,0, , , , , ,633778, , , ,3,3,0,0,0,0,0,0,0,0,0,0,0,0,0,0,0,0,0,0,0,0,0,0,0,0,0,0,0,0,0,0,0,0,0,0,0,40.0375,-75.012, , 
 ,55577,2012041687,6,67,67301,2012,3,1,1840,18,1,1,0,4,1, , ,N,1,2,0,3,0,2,4,2,N,N,40 02:08.080,75 07:25.889,1843, ,1840,3,2,7,N, ,3,Y, , , , ,633785, , , ,2,1,0,0,0,0,1,0,0,0,1,1,2,0,0,0,0,0,0,0,0,0,0,0,0,0,0,0,0,0,0,0,0,0,0,3,0,40.0356,-75.1239, , 
 ,55578,2012015400,6,67,67301,2012,1,4,1257,12,1,1,0,2,1, , ,N,2,3,0,3,0,1,2,2,N,N,40 01:07.528,75 09:04.931,1310, ,1259, ,0, ,N, ,9, , , , , ,633803, , , ,2,1,0,0,0,1,0,0,0,0,0,1,1,0,0,0,0,0,1,0,0,0,0,0,0,0,0,0,0,0,0,0,0,0,0,4,1,40.0188,-75.1514, , 
 ,55579,2012020465,6,67,67301,2012,1,7,920,9,1,4,4,6,1, , ,N,0,0,0,3,0,2,3,2,N,N,40 03:28.899,75 12:00.114,935, ,928, ,0, ,N, ,0, , , , , ,633811, , , ,2,1,0,0,1,0,0,0,0,0,0,2,2,0,0,0,0,0,0,0,2,0,0,0,0,0,0,0,0,0,0,0,0,0,0,4,0,40.058,-75.2, , 
 ,55580,2012034709,6,67,67301,2012,3,4,13,0,2,1,0,7,2, , ,N,0,0,0,3,0,0,1,1,N,N,40 02:08.592,75 08:56.382,37, ,30,2,1,3,N, ,0,N, , , , ,633823, , , ,1,1,0,0,0,0,0,0,0,0,0,0,0,0,0,0,0,0,0,0,0,0,0,0,0,0,0,0,0,0,0,0,0,0,0,0,0,40.0357,-75.149, , 
 ,55581,2012036949,6,67,67301,2012,2,4,925,9,1,1,0,4,1, , ,N,1,2,0,3,0,2,2,2,N,N,39 55:26.156,75 13:19.597,940, ,938, ,0, ,N, ,3, , , , , ,640771, , , ,2,2,0,0,0,0,0,0,0,0,0,2,2,0,0,0,0,0,0,0,0,0,0,0,0,0,0,0,0,0,0,0,0,0,0,4,0,39.9239,-75.2221, , 
 ,55582,2012032532,6,67,67301,2012,2,1,1430,14,1,1,8,1,1, , ,N,0,0,0,3,0,1,3,2,N, ,39 55:24.207,75 13:57.817,1745, ,9999, ,0, , , ,0, , , , , ,640804, , , ,2,1,0,0,0,0,1,0,0,0,0,1,1,0,2,0,0,0,0,0,0,0,0,1,0,0,0,0,0,0,0,0,0,0,0,4,0,39.9234,-75.2327, , 
 ,55583,2012041711,6,67,67301,2012,3,7,1845,18,1,1,0,5,1, , ,N,0,0,0,3,0,1,2,2,N,N,39 57:47.213,75 12:08.147,1945, ,1945, ,0, , , ,0, , , , , ,640812, , , ,1,1,0,0,0,0,0,0,1,0,0,0,1,1,1,0,0,0,0,0,0,0,0,0,0,0,0,0,0,0,0,0,0,0,0,8,0,39.9631,-75.2022, , 
 ,55584,2012041718,6,67,67301,2012,4,1,1136,11,1,1,0,4,1, , ,N,1,2,0,3,0,1,2,2,N,N,39 56:23.586,75 10:59.271,1144, ,1138, ,0, ,N, ,3, , , , , ,640813, , , ,2,0,1,0,1,0,0,0,0,0,0,0,1,1,0,0,0,0,0,0,0,0,0,0,0,0,0,0,0,0,0,0,0,0,0,8,0,39.9399,-75.1831, , 
 ,55585,2012060664,6,67,67301,2012,5,6,1820,18,1,1,0,1,1, , ,N,0,0,0,3,0,1,3,3,N,N,40 01:12.711,75 06:48.470,1830, ,1821, ,0, ,N, ,0, , , , , ,640826, , , ,3,2,0,0,0,0,1,0,0,0,0,1,1,0,0,0,0,0,0,0,1,0,0,0,0,0,0,0,0,0,0,0,0,0,0,4,0,40.0202,-75.1135, , 
 ,55586,2012061499,6,67,67301,2012,6,4,1615,16,1,1,0,1,1, , ,N,0,0,0,3,0,1,4,3,N,N,40 00:30.260,75 12:10.070,1627, ,1619, ,0, ,N, ,0, , , , , ,640828, , , ,3,3,0,0,0,0,0,0,0,0,0,1,1,0,0,0,0,0,0,0,0,0,0,0,0,0,0,0,0,0,0,0,0,0,0,4,0,40.0084,-75.2028, , 
 ,55587,2012017881,6,67,67301,2012,1,4,1432,14,1,1,0,4,1, , ,N,0,2,0,3,0,0,4,2,N,N,40 01:50.291,75 06:14.313,1705, ,1649,2,2,3, , ,3,Y, , , , ,640849, , , ,2,1,0,0,0,0,1,0,0,0,0,0,0,0,0,0,0,0,0,0,0,0,0,0,0,0,0,0,0,0,0,0,0,0,0,0,0,40.0306,-75.104, , 
 ,55588,2012032625,6,67,67301,2012,2,4,540,5,5,1,0,1,1, , ,N,1,2,0,3,0,1,2,2,N,N,40 01:48.733,75 07:06.450,555, ,546,1,1,1,N, ,3,Y, , , , ,640862, , , ,2,1,0,0,0,0,0,1,0,0,0,1,1,0,0,0,0,0,0,0,0,0,0,0,0,0,0,0,0,0,0,0,0,0,0,4,0,40.0302,-75.1185, , 
 ,55589,2012041745,6,67,67301,2012,3,1,1820,18,1,1,0,4,1, , ,N,2,0,0,3,0,2,3,3,N,N,39 59:55.435,75 06:01.518,1824, ,1822,2,2,5, , ,0,Y, , , , ,640874, , , ,1,1,0,0,0,0,0,0,2,0,0,0,2,2,0,0,0,0,0,0,0,0,0,0,0,0,0,0,0,0,0,0,0,0,0,8,0,39.9987,-75.1004, , 
 ,55590,2012047236,6,67,67301,2012,4,7,1650,16,1,1,0,4,1, , ,N,1,2,0,3,0,0,2,2,N,N,39 57:46.285,75 12:08.510,1720, ,1705, ,0, ,N, ,3, , , , , ,640878, , , ,2,1,0,0,0,0,1,0,0,0,0,0,0,0,0,0,0,0,0,0,0,2,0,0,0,0,0,0,0,0,0,0,0,0,0,0,0,39.9629,-75.2023, , 
 ,55591,2012031949,6,67,67301,2012,3,6,1700,17,4,1,0,1,7, , ,N,7,0,2,3,0,1,4,2,N,N,39 53:29.096,75 14:13.118,1744, ,1700, ,0, ,N, ,0, , , , , ,640896, , , ,2,2,0,0,0,0,0,0,0,0,0,1,1,0,0,0,0,0,0,0,0,0,0,0,0,0,0,0,0,0,0,0,0,0,0,4,0,39.8914,-75.237, , 
 ,55592,2012041723,6,67,67301,2012,3,5,2230,22,3,2,1,4,2, , ,N,2,3,0,3,0,1,2,2,N,N,40 02:17.336,75 01:57.406,2325, ,2319,1,1,2,N, ,3,N, , , , ,640904, , , ,2,2,0,0,0,0,0,0,0,0,0,1,1,0,0,0,0,0,0,0,0,0,0,0,0,0,0,0,0,0,0,0,0,0,0,4,0,40.0381,-75.0326, , 
 ,55593,2012069020,6,67,67301,2012,7,5,744,7,1,1,0,5,2, , ,N,0,0,0,3,0,0,4,2,N,N,40 02:09.016,75 00:59.033,757, ,745, ,0, ,N, ,0, , , , , ,640922, , , ,2,1,0,0,0,1,0,0,0,0,0,0,0,0,0,0,0,0,0,0,0,0,0,0,0,0,0,0,0,0,0,0,0,0,0,0,1,40.0358,-75.0165, , 
 ,55594,2012078233,6,67,67301,2012,6,7,9999,99,1,1,0,8,1, , ,N,0,0,0,3,0,1,3,2,N,N,39 59:07.290,75 07:55.510,9999, ,9999, ,0, ,N, ,0, , , , , ,640930, , , ,1,1,0,0,0,0,0,0,0,0,0,0,1,1,0,0,0,0,0,0,0,0,0,0,0,0,0,0,0,0,0,0,1,0,0,8,0,39.9854,-75.1321, , 
 ,55595,2012078509,6,67,67301,2012,7,3,956,9,1,1,0,1,1, , ,N,0,2,0,3,0,1,4,2,N,N,40 01:56.555,75 04:50.921,1011, ,1004, ,0, ,N, ,3, , , , , ,640931, , , ,2,1,0,1,0,0,0,0,0,0,0,1,1,0,0,0,0,0,0,0,1,0,0,0,0,0,0,0,0,0,0,0,0,0,0,4,0,40.0324,-75.0808, , 
 ,55596,2012017933,6,67,67301,2012,1,5,2215,22,3,1,0,4,1, , ,N,0,0,7,3,0,4,4,2,N, ,39 58:23.604,75 09:32.348,2222, ,2221, ,0, , , ,0, , , , , ,640992, , , ,2,2,0,0,0,0,0,0,0,1,1,2,4,0,0,0,0,1,0,0,1,0,0,1,0,1,0,0,0,0,0,0,0,0,0,2,0,39.9732,-75.159, , 
 ,55597,2012020595,6,67,67301,2012,1,2,815,8,1,4,6,4,1, , ,N,2,3,0,3,0,1,2,3,N,N,39 59:01.824,75 08:00.538,848, ,841, ,0, , , ,3, , , , , ,640995, , , ,3,2,0,0,1,0,0,0,0,0,0,1,1,0,1,0,0,0,0,0,1,0,0,1,0,0,0,0,0,0,0,0,0,0,0,4,0,39.9838,-75.1335, , 
 ,55598,2012035506,6,67,67301,2012,4,6,2346,23,3,1,0,4,1, , ,N,1,2,0,3,0,2,4,2,N,N,40 02:40.636,75 03:16.819,2353, ,2348,2,2,7,N, ,3,Y, , , , ,641011, , , ,2,2,0,0,0,0,0,0,0,0,0,0,2,2,0,0,0,0,0,0,0,0,0,0,0,0,0,0,0,0,0,0,0,0,0,8,0,40.0446,-75.0547, , 
 ,55599,2012047273,6,67,67301,2012,4,7,1208,12,1,1,0,8,1, , ,N,1,3,0,3,0,1,2,2,N,N,39 58:40.422,75 07:31.292,1245, ,1239, ,0, , , ,3, , , , , ,637742, , , ,1,0,0,0,0,0,1,0,0,0,0,1,1,0,0,0,0,0,0,0,0,0,0,0,0,0,0,0,0,0,0,0,1,0,0,4,0,39.9779,-75.1254, , 
 ,55600,2012012600,6,67,67301,2012,1,4,2117,21,3,1,0,4,1, , ,N,1,2,0,3,0,3,3,2,N,N,40 01:32.257,75 09:15.145,2150, ,2120,2,2,6,N, ,3,Y, , , , ,637752, , , ,2,2,0,0,0,0,0,0,0,0,1,2,3,0,0,0,0,0,0,0,0,0,0,0,0,0,0,0,0,0,0,0,0,0,0,3,0,40.0256,-75.1542, , 
 ,55601,2012020406,6,67,67301,2012,1,3,1240,12,1,1,0,8,4, , ,N,1,0,0,3,0,1,2,2,N,N,39 57:28.044,75 14:29.990,1245, ,1245, ,0, ,N, ,0, , , , , ,637756, , , ,1,1,0,0,0,0,0,0,0,0,0,0,1,1,0,0,0,0,0,0,0,0,0,0,0,0,0,0,0,0,0,0,1,0,0,8,0,39.9578,-75.2417, , 
 ,55602,2012032528,6,67,67301,2012,2,3,9999,99,3,1,0,8,1, , ,N,2,0,0,3,0,1,2,2,N, ,40 01:17.641,75 08:58.048,1833, ,1828, ,0, , , ,0, , , , , ,637770, , , ,1,1,0,0,0,0,0,0,0,0,0,0,1,1,0,0,0,0,0,0,0,0,0,0,0,0,0,0,0,0,0,0,1,0,0,8,0,40.0216,-75.1495, , 
 ,55603,2012033533,6,67,67301,2012,3,7,1050,10,1,2,1,1,1, , ,N,2,0,0,3,0,0,2,2,N,N,40 05:09.739,75 12:42.976,1055, ,1050, ,0, ,N, ,0, , , , , ,637771, , , ,2,2,0,0,0,0,0,0,0,0,0,0,0,0,0,0,0,0,0,0,1,1,0,0,0,0,0,0,0,0,0,0,0,0,0,0,0,40.0861,-75.2119, , 
 ,55604,2012034805,6,67,67301,2012,3,5,1812,18,3,1,0,8,1, , ,N,1,2,0,3,0,1,2,2,N, ,40 05:09.819,75 13:49.871,1835, ,1818, ,0, , , ,3, , , , , ,637772, , , ,1,0,0,0,0,0,1,0,0,0,1,0,1,0,0,0,0,0,0,0,1,0,0,0,0,0,0,0,0,0,0,0,1,0,0,3,0,40.0861,-75.2305, , 
 ,55605,2012049658,6,67,67301,2012,4,1,9999,99,3,1,0,4,1, , ,N,1,2,0,3,0,1,3,2,N, ,39 56:29.842,75 08:57.047,120, ,120,3,2,3,N, ,3,Y, , , , ,637782, , , ,1,1,0,0,0,0,0,0,1,0,1,0,1,0,0,0,0,0,0,0,0,0,0,0,0,0,0,0,0,0,0,0,0,0,0,3,0,39.9416,-75.1492, , 
 ,55606,2012034708,6,67,67301,2012,3,7,1355,13,1,1,0,4,1, , ,N,0,0,7,3,0,1,4,2,N,N,39 59:49.688,75 05:23.039,1410, ,1403,1,2,5,N, ,0,Y, , , , ,637818, , , ,2,1,0,0,0,0,1,0,0,0,0,1,1,0,0,0,0,0,1,0,0,0,0,0,0,0,0,0,0,0,0,0,0,0,0,4,0,39.9971,-75.0897, , 
 ,55607,2012052693,6,67,67301,2012,4,1,1057,10,1,2,1,1,2, , ,N,0,7,0,3,0,2,4,3,N,N,39 55:55.259,75 11:59.516,1100, ,1058,3,2,1,N, ,3,Y, , , , ,637839, , , ,3,2,0,0,0,0,1,0,0,0,0,0,2,2,0,0,0,0,0,0,1,0,0,0,0,0,0,0,0,0,0,0,0,0,0,8,0,39.932,-75.1999, , 