wz_ln_closure,objectid_1,crn,district,county,municipality,crash_year,crash_month,day_of_week,time_of_day,hour_of_day,illumination,weather,road_condition,collision_type,relation_to_road,work_zone_type,work_zone_loc,work_zone_ind,intersect_type,tcd_type,location_type,urban_rural,fatal_count,injury_count,person_count,total_units,sch_bus_ind,sch_zone_ind,latitude,longitude,arrival_tm,cons_zone_spd_lim,dispatch_tm,est_hrs_closed,lane_closed,ln_close_dir,ntfy_hiwy_maint,spec_juris_cd,tcd_func_cd,tfc_detour_ind,workers_pres,wz_close_detour,wz_flagger,wz_law_offcr_ind,objectid,wz_moving,wz_other,wz_shlder_mdn,vehicle_count,automobile_count,motorcycle_count,bus_count,small_truck_count,heavy_truck_count,suv_count,van_count,bicycle_count,maj_inj_count,mod_inj_count,min_inj_count,tot_inj_count,unk_inj_deg_count,unk_inj_per_count,driver_count_16yr,driver_count_17yr,driver_count_18yr,driver_count_19yr,driver_count_20yr,driver_count_50_64yr,driver_count_65_74yr,driver_count_75plus,unbelted_occ_count,unb_death_count,unb_maj_inj_count,belted_death_count,belted_maj_inj_count,mcycle_death_count,mcycle_maj_inj_count,bicycle_death_count,bicycle_maj_inj_count,ped_count,ped_death_count,ped_maj_inj_count,max_severity_level,comm_veh_count,dec_lat,dec_long,rdwy_surf_type_cd,county_name
 ,55874,2012052516,6,67,67301,2012,5,3,214,2,3,2,1,7,2, , ,N,0,0,0,3,0,0,1,1,N,N,39 56:39.753,75 11:30.328,230, ,216, ,0, ,N, ,0, , , , , ,641694, , , ,1,1,0,0,0,0,0,0,0,0,0,0,0,0,1,0,0,0,0,0,0,0,0,0,0,0,0,0,0,0,0,0,0,0,0,9,0,39.943,-75.1932, , 
 ,55875,2012054083,6,67,67301,2012,5,6,1240,12,1,1,0,5,1, , ,N,0,0,0,3,0,0,2,2,N,N,39 57:08.872,75 08:29.333,1252, ,512,1,1,2,N, ,0,N, , , , ,641696, , , ,2,2,0,0,0,0,0,0,0,0,0,0,0,0,0,0,0,0,0,0,1,0,0,0,0,0,0,0,0,0,0,0,0,0,0,0,0,39.9525,-75.1415, , 
 ,55876,2012056656,6,67,67301,2012,5,4,145,1,2,1,0,5,2, , ,N,0,0,0,3,0,0,1,2,N, ,40 01:18.336,75 09:55.443,205, ,159, ,0, ,N, ,0, , , , , ,641698, , , ,2,2,0,0,0,0,0,0,0,0,0,0,0,0,1,0,0,0,0,0,0,0,0,0,0,0,0,0,0,0,0,0,0,0,0,9,0,40.0218,-75.1654, , 
 ,55877,2012041522,6,67,67301,2012,3,6,1452,14,1,1,0,7,4, , ,N,0,0,0,3,0,1,1,1,N,N,39 55:14.623,75 11:49.970,1545, ,1535, ,0, , , ,0, , , , , ,641738, , , ,1,1,0,0,0,0,0,0,0,1,0,0,1,0,0,0,0,0,0,0,0,1,0,0,0,0,0,0,0,0,0,0,0,0,0,2,0,39.9211,-75.1951, , 
 ,55878,2012041598,6,67,67301,2012,3,5,1600,16,1,1,0,4,1, , ,N,0,0,7,3,0,0,3,2,N, ,40 01:00.962,75 08:59.580,1830, ,1827, ,0, , , ,0, , , , , ,641780, , , ,2,1,0,0,0,0,1,0,0,0,0,0,0,0,0,0,0,0,0,0,1,0,0,0,0,0,0,0,0,0,0,0,0,0,0,0,0,40.0169,-75.1499, , 
 ,55879,2012047108,6,67,67301,2012,4,5,9999,99,3,1,0,4,1, , ,N,1,2,0,3,0,0,3,2,N, ,39 59:42.795,75 08:22.405,1245, ,1235, ,0, , , ,3, , , , , ,641787, , , ,2,1,0,0,1,0,0,0,0,0,0,0,0,0,0,0,0,0,0,1,0,0,0,0,0,0,0,0,0,0,0,0,0,0,0,0,0,39.9952,-75.1396, , 
 ,55880,2012047281,6,67,67301,2012,4,6,2142,21,3,1,0,4,1, , ,N,1,2,0,3,0,1,2,2,N,N,40 00:25.925,75 07:23.947,2142, ,2142, ,0, ,N, ,3, , , , , ,641788, , , ,1,1,0,0,0,0,0,0,1,0,1,0,1,0,0,0,0,0,0,0,0,0,0,0,0,0,0,0,0,0,0,0,0,0,0,3,0,40.0072,-75.1234, , 
 ,55881,2012049729,6,67,67301,2012,4,2,1904,19,4,1,0,0,1, , ,N,0,0,0,3,0,1,1,1,N,N,40 01:05.635,75 05:09.423,1923, ,1920,9,2,2,N, ,0,Y, , , , ,641791, , , ,1,0,0,0,0,0,1,0,0,0,0,0,1,1,0,0,0,0,0,0,0,0,0,0,0,0,0,0,0,0,0,0,0,0,0,8,0,40.0182,-75.086, , 
 ,55882,2012059620,6,67,67301,2012,6,2,1650,16,1,1,0,1,1, , ,N,0,0,0,3,0,1,3,2,N,N,39 58:48.063,75 06:21.987,1719, ,1719, ,0, ,N, ,0, , , , , ,641795, , , ,2,1,0,0,0,0,0,1,0,0,0,1,1,0,0,0,0,0,0,0,1,0,0,0,0,0,0,0,0,0,0,0,0,0,0,4,0,39.98,-75.1061, , 
 ,55883,2012034798,6,67,67301,2012,3,6,1930,19,3,2,1,4,1, , ,N,0,0,0,3,0,1,2,2,N,N,39 56:23.014,75 11:55.819,2130, ,2130, ,0, ,N, ,0, , , , , ,641823, , , ,2,1,0,0,0,0,0,0,0,0,1,0,1,0,0,0,0,0,0,0,0,0,0,0,0,0,0,0,0,0,0,0,0,0,0,3,0,39.9398,-75.1988, , 
 ,55884,2012049780,6,67,67301,2012,4,5,1332,13,1,1,0,8,1, , ,N,0,0,0,3,0,1,2,2,N, ,40 00:55.596,75 12:30.436,1348, ,1335, ,0, , , ,0, , , , , ,641885, , , ,1,0,0,1,0,0,0,0,0,0,0,0,1,1,0,0,0,0,0,0,0,0,0,0,0,0,0,0,0,0,0,0,1,0,0,8,1,40.0153,-75.2082, , 
 ,55885,2012049784,6,67,67301,2012,4,7,335,3,3,1,0,4,1, , ,N,1,2,0,3,0,0,3,2,N,N,39 57:28.066,75 09:36.785,338, ,336, ,0, ,N, ,3, , , , , ,641886, , , ,2,2,0,0,0,0,0,0,0,0,0,0,0,0,0,0,0,0,0,0,0,0,0,0,0,0,0,0,0,0,0,0,0,0,0,0,0,39.9578,-75.1602, , 
 ,55886,2012013310,6,67,67301,2012,2,4,1930,19,3,1,0,1,1, , ,N,0,0,0,3,0,0,4,2,N,N,39 57:26.952,75 08:48.379,1943, ,1934, ,0, ,N, ,0, , , , , ,641903, , , ,2,1,0,0,0,0,1,0,0,0,0,0,0,0,0,0,0,0,0,0,1,0,0,0,0,0,0,0,0,0,0,0,0,0,0,0,0,39.9575,-75.1468, , 
 ,55887,2012015392,6,67,67301,2012,1,2,9999,99,3,1,0,5,1, , ,N,0,0,0,3,0,3,3,2,N, ,39 55:15.489,75 11:43.282,1739, ,1734, ,0, , , ,0, , , , , ,641904, , , ,2,1,0,0,0,0,1,0,0,1,0,1,3,1,0,0,0,0,0,0,1,0,0,0,0,0,0,0,0,0,0,0,0,0,0,2,0,39.9209,-75.1955, , 
 ,55888,2012041707,6,67,67301,2012,4,3,910,9,1,1,0,8,1, , ,N,0,0,0,3,0,1,2,2,N, ,39 57:00.083,75 09:37.124,918, ,914, ,0, , , ,0, , , , , ,641923, , , ,1,1,0,0,0,0,0,0,0,0,0,1,1,0,0,0,0,0,0,0,0,0,0,0,0,0,0,0,0,0,0,0,1,0,0,4,0,39.95,-75.1603, , 
 ,55889,2012052670,6,67,67301,2012,5,5,2255,22,3,1,0,1,1, , ,N,1,2,0,3,0,0,3,3,N,N,39 57:39.809,75 08:41.875,2355, ,2351, ,0, ,N, ,3, , , , , ,641930, , , ,3,3,0,0,0,0,0,0,0,0,0,0,0,0,0,0,0,0,0,0,1,0,0,0,0,0,0,0,0,0,0,0,0,0,0,0,0,39.9609,-75.145, , 
 ,55890,2012066476,6,67,67301,2012,5,1,1320,13,1,1,0,1,1, , ,N,1,2,0,3,0,1,3,2,N,N,40 03:13.667,75 13:52.026,1330, ,1330, ,0, ,N, ,3, , , , , ,641939, , , ,2,0,0,0,1,0,1,0,0,0,0,0,1,1,0,0,0,0,0,0,1,0,0,0,0,0,0,0,0,0,0,0,0,0,0,8,0,40.0541,-75.2315, , 
 ,55891,2012035328,6,67,67301,2012,4,3,1738,17,1,1,0,1,1, , ,N,0,8,5,3,0,1,2,2,N,N,39 54:33.310,75 09:15.480,1738, ,1738,1,2,4,N, ,3,N, , , , ,641965, , , ,2,1,0,0,1,0,0,0,0,0,1,0,1,0,0,0,0,0,0,0,1,0,0,0,0,0,0,0,0,0,0,0,0,0,0,3,0,39.9093,-75.1543, , 
 ,55892,2012051715,6,67,67301,2012,5,5,718,7,1,1,0,1,1, , ,N,0,0,0,3,0,0,2,2,N,N,39 54:02.432,75 09:18.821,718, ,718, ,0, ,N, ,0, , , , , ,638703, , , ,2,2,0,0,0,0,0,0,0,0,0,0,0,0,0,0,0,0,0,0,0,0,0,0,0,0,0,0,0,0,0,0,0,0,0,0,0,39.9007,-75.1552, , 
 ,55893,2012051910,6,67,67301,2012,4,1,1855,18,3,1,0,1,1, , ,N,1,2,0,3,0,0,3,2,N,N,39 57:47.085,75 13:27.213,1859, ,1859,5,1,4,N, ,3,Y, , , , ,638704, , , ,2,1,0,0,0,0,0,0,0,0,0,0,0,0,0,0,0,0,0,0,0,0,0,0,0,0,0,0,0,0,0,0,0,0,0,0,0,39.9631,-75.2242, , 
 ,55894,2012060824,6,67,67301,2012,5,5,1006,10,1,1,0,8,1, , ,N,1,3,0,3,0,2,3,3,N, ,39 55:54.912,75 10:11.193,1010, ,1000, ,0, , , ,3, , , , , ,638710, , , ,1,0,0,0,0,0,1,0,0,0,0,2,2,0,0,0,0,0,0,0,0,0,0,0,0,0,0,0,0,0,0,0,2,0,0,4,0,39.9319,-75.1698, , 
 ,55895,2012017940,6,67,67301,2012,1,5,830,8,1,2,1,1,1, , ,N,0,0,0,3,0,0,2,2,N,N,40 01:35.940,75 01:40.920,9999, ,9999, ,0, ,N, ,0, , , , , ,638725, , , ,2,1,0,0,1,0,0,0,0,0,0,0,0,0,1,0,0,0,0,1,0,0,0,0,0,0,0,0,0,0,0,0,0,0,0,9,0,40.0267,-75.028, , 
 ,55896,2012047197,6,67,67301,2012,4,6,1228,12,1,1,0,4,1, , ,N,1,2,0,3,0,0,3,3,N,N,40 07:07.975,75 01:04.685,1240, ,1239,1,2,1,N, ,3,Y, , , , ,638753, , , ,3,2,0,0,0,0,1,0,0,0,0,0,0,0,0,0,0,0,0,0,2,0,0,0,0,0,0,0,0,0,0,0,0,0,0,0,0,40.1189,-75.018, , 
 ,55897,2012047229,6,67,67301,2012,4,1,2210,22,3,2,1,4,6, , ,N,0,0,0,3,0,0,1,2,N, ,40 05:48.674,74 58:14.689,2220, ,2216, ,0, , , ,0, , , , , ,638754, , , ,2,1,0,0,0,0,1,0,0,0,0,0,0,0,0,0,0,0,0,0,0,0,0,1,0,0,0,0,0,0,0,0,0,0,0,0,0,40.0969,-74.9707, , 
 ,55898,2012056671,6,67,67301,2012,5,5,1201,12,1,1,0,1,1, , ,N,1,2,0,3,0,1,4,3,N, ,40 00:09.524,75 07:27.871,1212, ,1210, ,0, , , ,3, , , , , ,638759, , , ,2,2,0,0,0,0,0,0,0,0,0,0,1,1,2,0,0,0,0,0,0,0,0,2,0,0,0,0,0,0,0,0,1,0,0,8,0,40.0026,-75.1244, , 
 ,55899,2012032592,6,67,67301,2012,2,4,2230,22,3,1,0,5,1, , ,N,0,0,0,3,0,0,2,2,N,N,40 01:25.710,75 08:05.300,2340, ,2335, ,0, ,N, ,0, , , , , ,638794, , , ,2,2,0,0,0,0,0,0,0,0,0,0,0,0,1,0,0,0,0,0,0,0,0,1,0,0,0,0,0,0,0,0,0,0,0,9,0,40.0238,-75.1347, , 
 ,55900,2012036843,6,67,67301,2012,2,5,9999,99,3,1,0,5,1, , ,N,1,2,0,3,0,1,2,2,N,N,39 54:14.563,75 14:24.409,2245, ,2245, ,0, ,N, ,3, , , , , ,638798, , , ,2,1,1,0,0,0,0,0,0,0,0,1,1,0,0,0,0,0,0,0,0,0,0,0,0,0,0,0,0,0,0,0,0,0,0,4,0,39.904,-75.2401, , 
 ,55901,2012042594,6,67,67301,2012,3,4,1720,17,1,1,0,8,1, , ,N,1,3,0,3,0,1,2,2,N,N,39 57:48.780,75 14:25.609,1728, ,1720, ,0, ,N, ,3, , , , , ,638804, , , ,1,0,0,0,0,0,0,1,0,0,0,0,1,1,0,0,0,0,0,0,1,0,0,0,0,0,0,0,0,0,0,0,1,0,0,8,0,39.9636,-75.2404, , 
 ,55902,2012047264,6,67,67301,2012,4,5,2212,22,3,1,0,4,1, , ,N,1,3,0,3,0,1,4,2,N,N,40 02:29.839,75 03:51.611,105, ,100, ,0, ,N, ,3, , , , , ,638808, , , ,2,0,0,0,2,0,0,0,0,0,0,0,1,1,2,0,0,0,0,0,1,0,0,0,0,0,0,0,0,0,0,0,0,0,0,8,0,40.0416,-75.0643, , 
 ,55903,2012032609,6,67,67301,2012,2,5,1740,17,3,2,1,4,1, , ,N,1,2,0,3,0,5,5,3,N, ,39 58:39.875,75 12:48.192,1810, ,1750, ,0, , , ,3, , , , , ,638833, , , ,2,2,0,0,0,0,0,0,0,0,0,2,5,3,0,0,0,0,0,0,1,0,0,3,0,0,0,0,0,0,0,0,1,0,0,4,0,39.9777,-75.2134, , 
 ,55904,2012035145,6,67,67301,2012,3,7,1115,11,1,1,0,4,7, , ,N,1,2,2,3,0,1,3,2,N,N,40 01:34.860,75 01:39.976,1133, ,1128, ,0, ,N, ,3, , , , , ,638838, , , ,2,0,0,0,1,0,1,0,0,0,0,0,1,1,0,0,0,0,0,0,0,0,0,0,0,0,0,0,0,0,0,0,0,0,0,8,0,40.0264,-75.0278, , 
 ,55905,2012041524,6,67,67301,2012,3,2,1335,13,1,1,0,8,1, , ,N,0,0,0,3,0,1,2,3,N,N,40 02:06.167,75 10:25.595,1340, ,1338, ,0, ,N, ,0, , , , , ,638846, , , ,2,2,0,0,0,0,0,0,0,0,1,0,1,0,0,0,0,0,0,0,0,1,0,0,0,0,0,0,0,0,0,0,1,0,0,3,0,40.0351,-75.1738, , 
 ,55906,2012048897,6,67,67301,2012,4,1,2235,22,2,2,1,7,2, , ,N,0,0,0,3,0,1,1,1,N,N,39 58:40.515,75 06:39.684,2235, ,2235, ,0, ,N, ,0, , , , , ,638856, , , ,1,0,0,0,0,0,1,0,0,0,0,1,1,0,0,0,0,0,0,0,0,0,0,0,0,0,0,0,0,0,0,0,0,0,0,4,0,39.9778,-75.1112, , 
 ,55907,2012049845,6,67,67301,2012,4,3,1320,13,1,1,0,5,1, , ,N,3,0,0,3,0,4,6,2,N,N,39 56:59.450,75 12:03.050,1341, ,1336, ,0, , , ,0, , , , , ,638857, , , ,2,1,0,0,1,0,0,0,0,0,0,4,4,0,0,0,0,0,0,0,0,0,0,0,0,0,0,0,0,0,0,0,0,0,0,4,0,39.9498,-75.2008, , 
 ,55908,2012028471,6,67,67301,2012,2,2,308,3,3,1,0,7,2, , ,N,1,2,0,3,0,2,2,1,N, ,40 01:47.170,75 06:16.717,317, ,310,2,2,2, , ,3,Y, , , , ,638884, , , ,1,1,0,0,0,0,0,0,0,0,2,0,2,0,0,0,0,0,0,0,0,0,0,0,0,0,0,0,0,0,0,0,0,0,0,3,0,40.03,-75.1043, , 
 ,55909,2012042593,6,67,67301,2012,3,5,1810,18,1,1,0,4,1, , ,N,1,3,0,3,0,2,3,2,N,N,39 59:30.888,75 08:21.316,1820, ,1815, ,0, ,N, ,3, , , , , ,638894, , , ,2,0,0,0,0,0,1,1,0,0,0,0,2,2,0,0,0,0,0,0,0,0,0,0,0,0,0,0,0,0,0,0,0,0,0,8,0,39.9919,-75.1393, , 
 ,55910,2012026239,6,67,67301,2012,2,2,840,8,1,1,0,4,1, , ,N,1,3,0,3,0,0,2,2,N,N,40 03:26.326,75 08:26.228,900, ,856, ,0, ,N, ,3, , , , , ,631322, , , ,2,2,0,0,0,0,0,0,0,0,0,0,0,0,0,0,0,0,1,0,1,0,0,1,0,0,0,0,0,0,0,0,0,0,0,0,0,40.0573,-75.1406, , 
 ,55911,2012041486,6,67,67301,2012,3,4,835,8,1,8,1,4,1, , ,N,1,3,0,3,0,1,2,2,N,N,39 58:30.604,75 09:11.469,838, ,837, ,0, ,N, ,3, , , , , ,631333, , , ,2,1,0,0,1,0,0,0,0,0,0,0,1,1,0,0,0,0,0,0,1,0,0,0,0,0,0,0,0,0,0,0,0,0,0,8,0,39.9752,-75.1532, , 
 ,55912,2012043395,6,67,67301,2012,1,7,1853,18,3,1,0,1,1, , ,N,0,0,0,3,0,3,4,2,N,N,39 59:32.084,75 14:44.268,1856, ,1853,2,1,5,N, ,0,N, , , , ,631335, , , ,2,2,0,0,0,0,0,0,0,0,0,0,3,3,0,0,0,0,0,0,1,0,0,0,0,0,0,0,0,0,0,0,0,0,0,8,0,39.9922,-75.2456, , 
 ,55913,2012044130,6,67,67301,2012,4,2,2,0,3,1,0,7,5, , ,N,6,0,2,3,0,0,1,1,N,N,39 54:43.900,75 10:16.247,5, ,4, ,0, ,N, ,0, , , , , ,631336, , , ,1,1,0,0,0,0,0,0,0,0,0,0,0,0,0,0,0,0,0,0,0,0,0,0,0,0,0,0,0,0,0,0,0,0,0,0,0,39.9122,-75.1712, , 
 ,55914,2012010598,6,67,67301,2012,1,6,1330,13,1,1,0,7,4, , ,N,0,0,0,3,0,1,1,1,N,N,40 01:17.386,75 02:26.320,1342, ,1334,1,2,2,Y, ,0,N, , , , ,631355, , , ,1,0,0,0,0,0,1,0,0,0,0,0,1,1,0,0,0,0,0,0,0,0,0,0,0,0,0,0,0,0,0,0,0,0,0,8,0,40.0215,-75.0405, , 
 ,55915,2012048879,6,67,67301,2012,4,6,1520,15,1,1,0,4,6, , ,N,0,0,7,3,0,0,1,3,N, ,40 05:36.751,74 59:22.671,1535, ,1525, ,0, , , ,0, , , , , ,631391, , , ,3,2,0,0,0,0,1,0,0,0,0,0,0,0,0,0,0,0,0,0,0,0,0,0,0,0,0,0,0,0,0,0,0,0,0,0,0,40.0935,-74.9896, , 
 ,55916,2012049840,6,67,67301,2012,4,7,1250,12,1,1,0,1,1, , ,N,1,2,0,3,0,4,6,2,N,N,39 57:39.193,75 08:36.072,1300, ,1256,1,1,3,N, ,3,N, , , , ,631394, , , ,2,2,0,0,0,0,0,0,0,0,0,4,4,0,0,0,0,0,0,0,0,0,0,2,0,0,0,0,0,0,0,0,0,0,0,4,0,39.9608,-75.1434, , 
 ,55917,2012036766,6,67,67301,2012,2,2,610,6,5,1,0,4,1, , ,N,1,2,0,3,0,1,2,2,N,N,39 58:10.457,75 12:41.542,617, ,615, ,0, ,N, ,3, , , , , ,631423, , , ,2,0,0,0,0,0,1,1,0,0,0,0,1,1,0,0,0,0,0,0,1,0,0,1,0,0,0,0,0,0,0,0,0,0,0,8,0,39.9697,-75.2115, , 
 ,55918,2012036896,6,67,67301,2012,3,5,629,6,1,1,0,4,6, , ,N,0,0,0,3,0,0,1,3,N,N,39 56:08.682,75 09:53.989,1648, ,1645, ,0, ,N, ,0, , , , , ,631424, , , ,3,2,0,0,0,0,1,0,0,0,0,0,0,0,0,0,0,0,0,0,0,0,0,0,0,0,0,0,0,0,0,0,0,0,0,0,0,39.9357,-75.165, , 
 ,55919,2012036987,6,67,67301,2012,3,6,1023,10,1,1,0,4,1, , ,N,1,3,0,3,0,1,3,2,N, ,39 57:43.610,75 13:44.201,1026, ,1001, ,0, , , ,3, , , , , ,631425, , , ,2,2,0,0,0,0,0,0,0,0,0,1,1,0,0,0,0,0,0,0,0,0,1,0,0,0,0,0,0,0,0,0,0,0,0,4,0,39.9621,-75.2289, , 
 ,55920,2012037003,6,67,67301,2012,3,6,9999,99,1,1,0,4,1, , ,N,5,2,0,3,0,1,3,2,N,N,39 59:13.382,75 07:20.404,9999, ,9999, ,0, ,N, ,3, , , , , ,631426, , , ,2,1,0,0,0,1,0,0,0,0,0,1,1,0,0,0,0,0,0,0,0,0,0,0,0,0,0,0,0,0,0,0,0,0,0,4,1,39.9871,-75.1223, , 
 ,55921,2012042232,6,67,67301,2012,3,7,1510,15,1,1,0,4,5, , ,N,0,0,0,3,0,1,2,2,N, ,40 00:16.585,75 08:15.021,1535, ,1530, ,0, , , ,0, , , , , ,631429, , , ,2,2,0,0,0,0,0,0,0,0,0,0,1,1,0,0,0,0,0,0,0,0,0,0,0,0,0,0,0,0,0,0,0,0,0,8,0,40.0046,-75.1375, , 
 ,55922,2012047139,6,67,67301,2012,4,7,2222,22,3,1,0,1,1, , ,N,0,2,0,3,0,1,2,2,N,N,40 01:35.951,75 06:51.884,2228, ,2222, ,0, ,N, ,3, , , , , ,631432, , , ,2,1,0,0,1,0,0,0,0,0,1,0,1,0,0,0,0,0,0,1,1,0,0,0,0,0,0,0,0,0,0,0,0,0,0,3,0,40.0268,-75.1144, , 
 ,55923,2012048020,6,67,67301,2012,3,4,2119,21,3,1,0,7,4, , ,N,0,0,0,3,0,0,1,1,N,N,40 01:11.215,75 09:33.375,2130, ,2122,9,2,3,N, ,0,Y, , , , ,631434, , , ,1,1,0,0,0,0,0,0,0,0,0,0,0,0,0,0,0,0,0,0,0,0,0,0,0,0,0,0,0,0,0,0,0,0,0,0,0,40.0198,-75.1593, , 
 ,55924,2012056738,6,67,67301,2012,5,4,605,6,5,2,1,8,1, , ,N,1,2,0,3,0,1,2,2,N,N,39 59:49.593,75 14:07.096,631, ,613,9,9, ,N, ,3,U, , , , ,631439, , , ,1,1,0,0,0,0,0,0,0,0,0,1,1,0,0,0,0,0,0,0,0,1,0,0,0,0,0,0,0,0,0,0,1,0,0,4,0,39.997,-75.2353, , 
 ,55925,2012057504,6,67,67301,2012,5,3,1107,11,1,2,1,7,2, , ,N,0,0,0,3,0,1,1,1,N, ,40 00:10.194,75 11:02.761,1109, ,1107, ,0, , , ,0, , , , , ,631441, , , ,1,0,0,0,0,0,1,0,0,0,0,1,1,0,0,0,0,0,0,0,0,0,0,0,0,0,0,0,0,0,0,0,0,0,0,4,0,40.0028,-75.1841, , 
 ,55926,2012013831,6,67,67301,2012,2,5,1940,19,3,1,0,1,1, , ,N,0,0,0,3,0,1,5,2,N,N,39 59:05.028,75 05:43.248,2000, ,2000,1,1,2,N, ,0,N, , , , ,631457, , , ,2,1,0,0,0,0,1,0,0,0,0,0,1,1,1,0,0,0,0,1,0,0,0,0,0,0,0,0,0,0,0,0,0,0,0,8,0,39.9848,-75.0952, , 
 ,55927,2012019954,6,67,67301,2012,1,6,1825,18,3,1,0,8,1, , ,N,1,3,0,3,0,1,2,2,N, ,39 55:24.960,75 10:59.865,1831, ,1830, ,0, , , ,3, , , , , ,631463, , , ,1,1,0,0,0,0,0,0,0,0,0,1,1,0,1,0,0,0,0,0,0,0,0,1,0,0,0,0,0,0,0,0,1,0,0,4,0,39.9236,-75.1833, , 
 ,55928,2012027735,6,67,67301,2012,2,4,2235,22,3,1,0,3,1, , ,N,0,0,0,3,0,1,2,2,N,N,40 00:04.094,75 06:44.816,115, ,112, ,0, ,N, ,0, , , , , ,631468, , , ,2,1,0,0,0,0,0,1,0,0,0,1,1,0,0,0,0,0,0,0,0,0,0,0,0,0,0,0,0,0,0,0,0,0,0,4,0,40.0011,-75.1124, , 
 ,55929,2012051939,6,67,67301,2012,4,5,1529,15,1,1,0,7,5, , ,N,2,0,0,3,0,6,6,1,N,N,39 58:27.292,75 10:40.209,1545, ,1531, ,0, ,N, ,0, , , , , ,634894, , , ,1,0,0,0,0,0,0,1,0,1,0,0,6,5,0,0,0,0,0,0,0,0,0,0,0,0,0,0,0,0,0,0,0,0,0,2,0,39.9742,-75.1778, , 
 ,55930,2012028499,6,67,67301,2012,2,4,1945,19,3,9,1,8,1, , ,N,1,0,0,3,0,1,2,2,N,N,40 01:12.877,75 06:50.707,2122, ,2120, ,0, ,N, ,0, , , , , ,634915, , , ,1,0,0,0,0,0,1,0,0,0,0,1,1,0,0,0,0,0,0,0,0,0,0,0,0,0,0,0,0,0,0,0,1,0,0,4,0,40.0202,-75.1141, , 
 ,55931,2012049732,6,67,67301,2012,4,6,1701,17,1,1,0,4,1, , ,N,2,3,0,3,0,1,2,2,N,N,40 03:21.143,75 02:42.980,1729, ,1724, ,0, , , ,3, , , , , ,634930, , , ,2,2,0,0,0,0,0,0,0,0,0,1,1,0,0,0,0,0,0,0,0,0,0,0,0,0,0,0,0,0,0,0,0,0,0,4,0,40.0559,-75.0453, , 
 ,55932,2012066481,6,67,67301,2012,5,6,9999,99,1,1,0,1,1, , ,N,3,2,0,3,0,3,4,2,N,N,40 01:35.682,75 04:04.802,9999, ,9999, ,0, ,N, ,3, , , , , ,634946, , , ,2,2,0,0,0,0,0,0,0,0,0,3,3,0,0,0,0,0,0,0,1,0,0,2,0,0,0,0,0,0,0,0,0,0,0,4,0,40.0266,-75.068, , 
 ,55933,2012068928,6,67,67301,2012,6,4,1131,11,1,1,0,7,2, , ,N,0,0,0,3,0,2,2,1,N,N,40 01:10.775,75 08:52.188,1140, ,1132,1,1,2,N, ,0,N, , , , ,634947, , , ,1,0,0,0,0,0,1,0,0,0,2,0,2,0,0,0,0,0,0,0,1,0,0,0,0,0,0,0,0,0,0,0,0,0,0,3,0,40.0197,-75.1478, , 
 ,55934,2012020429,6,67,67301,2012,2,4,9999,99,3,1,0,1,1, , ,N,1,2,0,3,0,0,4,2,N, ,40 00:50.174,75 03:20.262,9999, ,9999, ,0, , , ,3, , , , , ,634964, , , ,2,2,0,0,0,0,0,0,0,0,0,0,0,0,2,0,0,0,0,0,0,0,0,0,0,0,0,0,0,0,0,0,0,0,0,9,0,40.0139,-75.0556, , 
 ,55935,2012032619,6,67,67301,2012,2,5,1115,11,1,1,0,4,1, , ,N,0,0,0,3,0,1,3,2,N,N,40 06:33.742,75 01:32.164,1147, ,1144,2,1,2,N, ,0,N, , , , ,634978, , , ,2,1,0,0,0,0,0,1,0,0,0,1,1,0,0,0,0,0,0,0,0,1,0,0,0,0,0,0,0,0,0,0,0,0,0,4,0,40.1094,-75.0256, , 
 ,55936,2012032674,6,67,67301,2012,2,4,1525,15,1,2,7,1,1, , ,N,0,0,0,3,0,1,3,2,N,N,40 06:12.241,75 03:04.433,1550, ,1547, ,0, ,N, ,0, , , , , ,634979, , , ,2,2,0,0,0,0,0,0,0,0,0,1,1,0,0,0,0,0,0,0,0,0,0,0,0,0,0,0,0,0,0,0,0,0,0,4,0,40.1034,-75.0512, , 
 ,55937,2012037480,6,67,67301,2012,3,6,1438,14,1,1,0,1,1, , ,N,0,0,0,3,0,0,2,2,N,N,39 57:31.937,75 10:11.140,1449, ,1441,1,2,4,N, ,0,N, , , , ,634988, , , ,2,1,0,0,0,0,1,0,0,0,0,0,0,0,0,0,0,0,0,0,1,0,0,0,0,0,0,0,0,0,0,0,0,0,0,0,0,39.9589,-75.1698, , 
 ,55938,2012038285,6,46,46102,2012,4,2,1000,10,1,1,0,1,1, , ,N,2,3,0,3,0,1,3,2,N,N,40 03:31.759,75 07:53.913,1000, ,1000,9,1,4,N, ,3,N, , , , ,634991, , , ,2,2,0,0,0,0,0,0,0,0,0,0,1,1,0,0,0,0,0,0,0,0,0,0,0,0,0,0,0,0,0,0,0,0,0,8,0,40.0587,-75.1317, , 
 ,55939,2012012606,6,67,67301,2012,1,3,220,2,3,1,0,5,1, , ,N,0,0,0,3,0,0,2,3,N,N,39 58:47.852,75 09:56.966,222, ,220,3,2,1,N, ,0,Y, , , , ,635005, , , ,3,1,0,1,1,0,0,0,0,0,0,0,0,0,1,0,0,0,0,0,0,0,0,0,0,0,0,0,0,0,0,0,0,0,0,9,1,39.98,-75.1658, , 
 ,55940,2012036979,6,67,67301,2012,2,2,635,6,1,1,0,4,1, , ,N,1,2,0,3,0,1,2,2,N,N,40 01:46.060,75 08:48.599,924, ,924, ,0, ,N, ,3, , , , , ,635028, , , ,2,1,0,0,0,0,0,0,0,0,0,1,1,0,0,0,0,0,0,0,0,0,0,0,0,0,0,0,0,0,0,0,0,0,0,4,0,40.0295,-75.1467, , 