wz_ln_closure,objectid_1,crn,district,county,municipality,crash_year,crash_month,day_of_week,time_of_day,hour_of_day,illumination,weather,road_condition,collision_type,relation_to_road,work_zone_type,work_zone_loc,work_zone_ind,intersect_type,tcd_type,location_type,urban_rural,fatal_count,injury_count,person_count,total_units,sch_bus_ind,sch_zone_ind,latitude,longitude,arrival_tm,cons_zone_spd_lim,dispatch_tm,est_hrs_closed,lane_closed,ln_close_dir,ntfy_hiwy_maint,spec_juris_cd,tcd_func_cd,tfc_detour_ind,workers_pres,wz_close_detour,wz_flagger,wz_law_offcr_ind,objectid,wz_moving,wz_other,wz_shlder_mdn,vehicle_count,automobile_count,motorcycle_count,bus_count,small_truck_count,heavy_truck_count,suv_count,van_count,bicycle_count,maj_inj_count,mod_inj_count,min_inj_count,tot_inj_count,unk_inj_deg_count,unk_inj_per_count,driver_count_16yr,driver_count_17yr,driver_count_18yr,driver_count_19yr,driver_count_20yr,driver_count_50_64yr,driver_count_65_74yr,driver_count_75plus,unbelted_occ_count,unb_death_count,unb_maj_inj_count,belted_death_count,belted_maj_inj_count,mcycle_death_count,mcycle_maj_inj_count,bicycle_death_count,bicycle_maj_inj_count,ped_count,ped_death_count,ped_maj_inj_count,max_severity_level,comm_veh_count,dec_lat,dec_long,rdwy_surf_type_cd,county_name
 ,55941,2012041670,6,67,67301,2012,3,1,9999,99,3,1,0,4,1, , ,N,1,3,0,3,0,2,3,3,N,N,39 57:10.789,75 14:04.394,258, ,257, ,0, , , ,3, , , , , ,635031, , , ,3,2,0,0,0,0,1,0,0,0,0,0,2,2,1,0,0,0,0,0,0,0,0,0,0,0,0,0,0,0,0,0,0,0,0,8,0,39.953,-75.2346, , 
 ,55942,2012049711,6,67,67301,2012,4,2,730,7,1,1,0,8,1, , ,N,2,3,0,3,0,1,2,2,N, ,39 57:33.259,75 09:55.537,900, ,850, ,0, , , ,3, , , , , ,635041, , , ,1,1,0,0,0,0,0,0,0,0,0,1,1,0,0,0,0,0,0,0,0,0,0,0,0,0,0,0,0,0,0,0,1,0,0,4,0,39.9592,-75.1654, , 
 ,55943,2012015448,6,67,67301,2012,1,4,935,9,1,1,0,8,4, , ,N,2,3,0,3,0,1,2,2,N,N,40 00:01.551,75 07:52.849,955, ,940, ,0, ,N, ,3, , , , , ,635056, , , ,1,0,0,0,0,0,0,1,0,0,0,1,1,0,1,0,0,0,0,0,0,0,0,1,0,0,0,0,0,0,0,0,1,0,0,4,0,40.0004,-75.1313, , 
 ,55944,2012032557,6,67,67301,2012,2,5,1130,11,1,1,0,4,1, , ,N,1,2,0,3,0,0,2,2,N,N,40 06:00.676,75 01:18.249,1135, ,1130, ,0, , , ,3, , , , , ,635123, , , ,2,1,0,0,0,1,0,0,0,0,0,0,0,0,0,0,0,0,0,0,1,0,0,0,0,0,0,0,0,0,0,0,0,0,0,0,1,40.1002,-75.0217, , 
 ,55945,2012041338,6,67,67301,2012,4,2,2,0,3,2,1,2,1, , ,N,0,0,0,3,0,0,5,2,N,N,39 59:07.184,75 12:29.442,7, ,3, ,0, ,N, ,0, , , , , ,635133, , , ,2,2,0,0,0,0,0,0,0,0,0,0,0,0,0,0,0,0,0,0,0,0,0,0,0,0,0,0,0,0,0,0,0,0,0,0,0,39.9853,-75.2082, , 
 ,55946,2012004074,6,67,67301,2012,1,4,2314,23,3,4,6,7,2, , ,N,0,0,0,3,0,3,3,1,N,N,39 56:59.272,75 11:02.472,2320, ,2320,1,2,3,N, ,0,N, , , , ,635143, , , ,1,1,0,0,0,0,0,0,0,0,0,3,3,0,0,0,0,0,0,0,0,0,0,0,0,0,0,0,0,0,0,0,0,0,0,4,0,39.9498,-75.184, , 
 ,55947,2012060728,6,67,67301,2012,5,2,1200,12,1,1,0,4,1, , ,N,1,3,0,3,0,1,2,2,N, ,39 59:15.514,75 11:02.111,1205, ,1205, ,0, , , ,3, , , , , ,641984, , , ,2,1,0,0,0,0,1,0,0,0,0,0,1,1,0,0,0,0,0,0,1,0,0,0,0,0,0,0,0,0,0,0,0,0,0,8,0,39.9876,-75.1839, , 
 ,55948,2012032544,6,67,67301,2012,2,6,212,2,6,1,0,1,1, , ,N,2,0,7,3,0,1,5,2,N,N,39 56:42.547,75 08:31.306,1428, ,1424, ,0, , , ,0, , , , , ,642010, , , ,2,2,0,0,0,0,0,0,0,0,0,0,1,1,0,0,0,0,0,0,0,0,0,0,0,0,0,0,0,0,0,0,0,0,0,8,0,39.9452,-75.1418, , 
 ,55949,2012034672,6,67,67301,2012,3,2,1430,14,1,1,0,4,1, , ,N,1,2,0,3,0,1,2,2,N,N,39 57:58.314,75 13:40.378,1435, ,1430, ,0, ,N, ,3, , , , , ,642011, , , ,2,2,0,0,0,0,0,0,0,0,0,1,1,0,0,0,0,0,0,0,1,0,0,0,0,0,0,0,0,0,0,0,0,0,0,4,0,39.9662,-75.2278, , 
 ,55950,2012012688,6,67,67301,2012,1,1,1650,16,3,8,8,4,1, , ,N,0,0,7,3,0,0,2,2,N, ,39 58:38.647,75 07:09.567,1702, ,1656, ,0, , , ,0, , , , , ,642042, , , ,2,1,0,0,0,0,1,0,0,0,0,0,0,0,0,0,0,0,0,0,0,0,0,0,0,0,0,0,0,0,0,0,0,0,0,0,0,39.9768,-75.1196, , 
 ,55951,2012023799,6,67,67301,2012,2,1,2202,22,3,1,0,7,2, , ,N,0,0,0,3,0,1,1,1,N,N,39 59:49.935,75 04:55.675,2212, ,2204,1,2,2,N, ,0,N, , , , ,642048, , , ,1,1,0,0,0,0,0,0,0,0,0,0,1,1,0,0,0,0,0,0,0,0,0,0,0,0,0,0,0,0,0,0,0,0,0,8,0,39.9973,-75.0821, , 
 ,55952,2012026132,6,67,67301,2012,1,2,2049,20,3,2,1,1,1, , ,N,1,0,0,3,0,1,2,3,N,N,40 01:26.933,75 07:49.340,2050, ,2049, ,0, , , ,0, , , , , ,642050, , , ,3,3,0,0,0,0,0,0,0,1,0,0,1,0,1,0,0,0,0,0,0,0,0,1,0,0,0,0,0,0,0,0,0,0,0,2,0,40.0241,-75.1306, , 
 ,55953,2012036951,6,67,67301,2012,3,2,1345,13,1,1,0,4,1, , ,N,1,2,0,3,0,3,7,2,N,N,39 55:28.506,75 13:59.344,1345, ,1345, ,0, , , ,3, , , , , ,642064, , , ,2,1,0,0,0,0,1,0,0,0,0,0,3,3,0,0,0,0,0,0,1,0,0,0,0,0,0,0,0,0,0,0,0,0,0,8,0,39.9246,-75.2331, , 
 ,55954,2012036982,6,67,67301,2012,3,2,1710,17,1,1,0,8,1, , ,N,0,0,0,3,0,1,2,2,N,N,40 01:23.844,75 02:48.825,1815, ,1810, ,0, , , ,0, , , , , ,642065, , , ,1,1,0,0,0,0,0,0,0,0,1,0,1,0,0,0,0,0,0,0,0,0,0,0,0,0,0,0,0,0,0,0,1,0,0,3,0,40.0233,-75.0469, , 
 ,55955,2012051949,6,67,67301,2012,4,2,344,3,3,1,0,1,1, , ,N,2,2,0,3,0,1,2,2,N,N,39 56:16.525,75 14:02.111,350, ,345, ,0, ,N, ,3, , , , , ,642075, , , ,2,2,0,0,0,0,0,0,0,0,0,1,1,0,0,0,0,0,0,0,0,0,0,0,0,0,0,0,0,0,0,0,0,0,0,4,0,39.9379,-75.2339, , 
 ,55956,2012056692,6,67,67301,2012,5,7,2142,21,3,1,0,4,1, , ,N,0,0,0,3,0,1,3,2,N, ,40 07:04.940,75 00:24.393,2150, ,2142, ,0, , , ,0, , , , , ,642080, , , ,2,1,0,0,0,0,0,1,0,0,0,0,1,1,0,0,0,0,0,0,0,0,0,1,0,0,0,0,0,0,0,0,0,0,0,8,0,40.118,-75.0068, , 
 ,55957,2012017906,6,67,67301,2012,1,3,1457,14,1,1,0,8,6, , ,N,0,0,0,3,0,1,2,2,N, ,40 01:48.553,75 02:14.532,1506, ,1500, ,0, , , ,0, , , , , ,642098, , , ,1,0,0,0,1,0,0,0,0,0,1,0,1,0,0,0,0,0,0,0,0,0,0,1,0,0,0,0,0,0,0,0,1,0,0,3,0,40.0302,-75.0374, , 
 ,55958,2012026255,6,67,67301,2012,2,1,2303,23,3,1,0,2,1, , ,N,2,2,7,3,0,2,5,2,N,N,39 56:45.104,75 11:54.880,2305, ,2303, ,0, ,N, ,3, , , , , ,642101, , , ,2,2,0,0,0,0,0,0,0,0,0,2,2,0,0,0,0,0,0,0,0,0,0,5,0,0,0,0,0,0,0,0,0,0,0,4,0,39.9461,-75.1985, , 
 ,55959,2012042591,6,67,67301,2012,3,5,9999,99,3,1,0,4,1, , ,N,0,0,0,3,0,2,2,5,N,N,39 59:13.146,75 08:05.049,9999, ,9999, ,0, ,N, ,0, , , , , ,642114, , , ,5,4,0,0,1,0,0,0,0,0,0,2,2,0,0,0,0,0,0,0,0,0,0,0,0,0,0,0,0,0,0,0,0,0,0,4,0,39.987,-75.1347, , 
 ,55960,2012049668,6,67,67301,2012,4,2,725,7,5,2,1,1,1, , ,N,1,2,0,3,0,1,3,2,N, ,40 02:18.904,75 08:33.243,747, ,737, ,0, , , ,3, , , , , ,642120, , , ,2,2,0,0,0,0,0,0,0,0,0,1,1,0,0,0,0,0,0,0,0,0,0,0,0,0,0,0,0,0,0,0,0,0,0,4,0,40.0386,-75.1426, , 
 ,55961,2012051863,6,67,67301,2012,4,1,240,2,3,1,0,1,1, , ,N,5,2,0,3,1,0,2,2,N,N,40 00:10.274,75 06:06.094,252, ,246,9,2,5, ,0,3,Y, , , , ,642171, , , ,2,0,1,0,0,0,1,0,0,0,0,0,0,0,0,0,0,0,0,0,0,0,0,0,0,0,0,0,1,0,0,0,0,0,0,1,0,40.0029,-75.1017,2, 
 ,55962,2012051955,6,67,67301,2012,4,2,1645,16,1,1,0,8,1, , ,N,2,2,7,3,0,1,2,2,N,N,39 56:23.664,75 11:58.965,1647, ,1645, ,0, , , ,3, , , , , ,642172, , , ,1,1,0,0,0,0,0,0,0,0,0,1,1,0,0,0,0,0,0,0,1,0,0,0,0,0,0,0,0,0,0,0,1,0,0,4,0,39.9399,-75.1997, , 
 ,55963,2012041530,6,67,67301,2012,3,3,743,7,1,1,1,1,1, , ,N,0,0,0,3,0,1,6,3,N,N,40 01:31.370,75 06:32.811,803, ,752,1,1,2,N, ,0,N, , , , ,642212, , , ,3,1,0,0,2,0,0,0,0,0,0,1,1,0,0,0,0,0,0,0,0,0,0,0,0,0,0,0,0,0,0,0,0,0,0,4,0,40.0254,-75.1091, , 
 ,55964,2012041551,6,67,67301,2012,3,4,2230,22,3,1,0,1,1, , ,N,0,2,6,3,0,1,2,2,N,N,40 01:38.505,75 05:56.834,2250, ,2236, ,0, ,N, ,3, , , , , ,642213, , , ,2,2,0,0,0,0,0,0,0,0,1,0,1,0,0,0,0,0,0,1,0,0,0,0,0,0,0,0,0,0,0,0,0,0,0,3,0,40.0279,-75.0996, , 
 ,55965,2013101292,6,67,67301,2013,9,7,1811,18,1,1,0,4,1, , ,N,3,3,0,3,0,2,3,2,N,N,39 58:13.038,75 12:50.032,1826, ,1821, ,0, ,N, ,3, , , , , ,628317, , , ,2,1,0,0,0,0,1,0,0,0,0,2,2,0,0,0,0,0,0,0,0,0,0,0,0,0,0,0,0,0,0,0,0,0,0,4,0,39.9703,-75.2139, , 
 ,55966,2013105972,6,67,67301,2013,10,6,2200,22,3,1,0,5,1, , ,N,0,0,0,3,0,1,4,2,N,N,39 57:34.690,75 10:33.300,2203, ,2203,2,2,4,N, ,0,N, , , , ,628355, , , ,2,1,0,0,0,0,1,0,0,0,0,0,1,1,0,0,0,0,0,0,1,0,0,0,0,0,0,0,0,0,0,0,0,0,0,8,0,39.9596,-75.1759, , 
 ,55967,2014013034,6,67,67301,2013,12,3,720,7,1,1,0,4,1, , ,N,1,2,0,3,0,1,2,2,N,N,39 57:33.096,75 10:31.923,750, ,741, ,0, ,N, ,3, , , , , ,628381, , , ,1,1,0,0,0,0,0,0,1,0,0,1,1,0,0,0,0,0,0,0,0,0,0,0,0,0,0,0,0,0,0,0,0,0,0,4,0,39.9592,-75.1755, , 
 ,55968,2014014956,6,67,67301,2013,11,4,1115,11,1,2,1,4,1, , ,N,1,3,0,3,0,2,2,2,N,N,40 01:27.483,75 09:40.489,0, ,0, ,0, ,N, ,3, , , , , ,628397, , , ,2,1,0,0,0,0,1,0,0,0,0,1,2,1,0,0,0,0,0,0,0,0,0,0,0,0,0,0,0,0,0,0,0,0,0,4,0,40.0243,-75.1612, , 
 ,55969,2013121442,6,67,67301,2013,11,6,1740,17,1,1,0,1,1, , ,N,0,0,0,3,0,3,5,3,N,N,40 00:14.573,75 07:26.786,1747, ,1744,2,1,1,N, ,0,Y, , , , ,628416, , , ,3,2,0,0,0,0,1,0,0,0,0,3,3,0,1,0,0,0,0,0,0,0,0,0,0,0,0,0,0,0,0,0,0,0,0,4,0,40.004,-75.1241, , 
 ,55970,2013129498,6,67,67301,2013,11,6,2100,21,3,1,0,4,1, , ,N,1,0,0,3,0,0,3,2,N, ,39 58:47.978,75 14:52.101,2146, ,2146, ,0, , , ,0, , , , , ,628421, , , ,2,2,0,0,0,0,0,0,0,0,0,0,0,0,0,0,0,0,0,0,0,0,0,0,0,0,0,0,0,0,0,0,0,0,0,0,0,39.98,-75.2478, , 
 ,55971,2013130116,6,67,67301,2013,11,3,1020,10,1,1,0,1,6, , ,N,0,0,0,3,0,2,2,4,N,N,39 57:44.135,75 10:04.872,1025, ,1023, ,0, ,N, ,0, , , , , ,628438, , , ,4,3,0,0,0,0,0,1,0,0,0,1,2,1,0,0,0,0,0,0,0,0,0,0,0,0,0,0,0,0,0,0,0,0,0,4,0,39.9623,-75.168, , 
 ,55972,2013125862,6,67,67301,2013,11,1,2210,22,3,1,0,1,1, , ,N,1,2,0,3,0,1,2,2,N,N,39 57:44.409,75 09:40.847,2220, ,2215, ,0, ,N, ,3, , , , , ,628459, , , ,2,2,0,0,0,0,0,0,0,0,0,1,1,0,0,0,0,0,0,0,1,0,0,0,0,0,0,0,0,0,0,0,0,0,0,4,0,39.9623,-75.1613, , 
 ,55973,2013131730,6,67,67301,2013,12,7,616,6,3,1,1,7,2, , ,N,0,0,0,3,0,1,1,1,N,N,39 58:52.812,75 12:25.109,617, ,617, ,0, ,N, ,0, , , , , ,628470, , , ,1,1,0,0,0,0,0,0,0,0,0,1,1,0,0,0,0,0,0,0,0,0,0,0,0,0,0,0,0,0,0,0,0,0,0,4,0,39.9813,-75.207, , 
 ,55974,2013101375,6,67,67301,2013,9,3,2158,21,3,1,0,4,1, , ,N,0,0,0,3,0,3,4,3,N,N,39 57:34.996,75 10:35.740,2202, ,2201,3,1,4,N, ,0,N, , , , ,628488, , , ,3,1,0,0,0,0,2,0,0,1,0,2,3,0,0,0,0,0,0,0,0,0,0,1,0,1,0,0,0,0,0,0,0,0,0,2,0,39.9597,-75.1766, , 
 ,55975,2015028166,6,67,67301,2013,6,3,9999,99,3,1,0,1,1, , ,N,1,2,0,3,0,3,4,2,N,N,40 00:14.091,75 13:14.544,0, ,0, ,0, ,N, ,3, , , , , ,628503, , , ,2,1,0,0,0,0,0,0,0,0,0,2,3,1,0,0,0,0,0,0,1,0,0,0,0,0,0,0,0,0,0,0,0,0,0,4,0,40.0039,-75.2207, , 
 ,55976,2013123017,6,67,67301,2013,11,6,719,7,1,1,0,4,1, , ,N,1,2,0,3,0,1,2,2,N, ,39 59:31.730,75 05:57.398,724, ,721, ,0, , , ,3, , , , , ,628510, , , ,2,1,0,0,0,0,1,0,0,0,0,0,1,1,0,0,0,0,0,0,1,0,0,0,0,0,0,0,0,0,0,0,0,0,0,8,0,39.9921,-75.0993, , 
 ,55977,2014000447,6,67,67301,2013,11,6,2249,22,3,1,0,8,1, , ,N,0,0,0,3,0,1,4,2,N,N,40 05:00.567,74 58:53.407,2305, ,2254,2,2,5,N, ,0,Y, , , , ,628522, , , ,1,1,0,0,0,0,0,0,0,0,0,0,1,1,0,0,0,0,0,0,0,0,0,0,0,0,0,0,0,0,0,0,1,0,0,8,0,40.0835,-74.9815, , 
 ,55978,2013111911,6,67,67301,2013,10,2,2214,22,3,1,0,8,1, , ,N,1,2,0,3,0,1,2,2,N,N,39 57:54.150,75 13:29.723,2228, ,2226, ,0, ,N, ,3, , , , , ,628536, , , ,1,1,0,0,0,0,0,0,0,0,0,0,1,1,1,0,0,0,0,0,0,0,0,0,0,0,0,0,0,0,0,0,1,0,0,8,0,39.9649,-75.2246, , 
 ,55979,2013131721,6,67,67301,2013,12,5,1322,13,1,1,0,3,1, , ,N,0,0,0,3,0,0,5,2,N,N,39 58:52.891,75 06:09.823,1332, ,1322, ,0, ,N, ,0, , , , , ,628545, , , ,2,1,0,0,1,0,0,0,0,0,0,0,0,0,0,0,0,0,0,0,0,0,1,0,0,0,0,0,0,0,0,0,0,0,0,0,0,39.9814,-75.1027, , 
 ,55980,2014009861,6,67,67301,2013,12,2,757,7,1,2,1,8,1, , ,N,1,2,0,3,0,1,2,2,N,N,39 57:22.420,75 09:45.641,840, ,833, ,0, , , ,3, , , , , ,628548, , , ,1,1,0,0,0,0,0,0,0,0,1,0,1,0,1,0,0,0,0,0,0,0,0,0,0,0,0,0,0,0,0,0,1,0,0,3,0,39.9562,-75.1627, , 
 ,55981,2013115349,6,67,67301,2013,10,2,1040,10,1,2,1,1,1, , ,N,1,2,0,3,0,1,4,3,N, ,39 57:28.613,75 12:29.280,1055, ,1050, ,0, , , ,3, , , , , ,628564, , , ,3,2,0,0,0,0,1,0,0,0,0,0,1,1,0,0,0,0,0,0,1,0,1,0,0,0,0,0,0,0,0,0,0,0,0,8,0,39.9579,-75.2081, , 
 ,55982,2013122932,6,67,67301,2013,11,2,655,6,1,1,0,5,1, , ,N,0,0,0,3,0,1,4,2,N, ,39 59:24.043,75 08:11.662,657, ,655, ,0, , , ,0, , , , , ,628573, , , ,2,2,0,0,0,0,0,0,0,0,0,0,1,1,0,0,0,0,0,0,0,0,0,0,0,0,0,0,0,0,0,0,0,0,0,8,0,39.99,-75.1366, , 
 ,55983,2014006315,6,67,67301,2013,12,1,1339,13,1,1,1,4,1, , ,N,1,2,0,3,0,0,2,2,N, ,40 01:11.208,75 09:02.246,1343, ,1342, ,0, , , ,3, , , , , ,622527, , , ,2,2,0,0,0,0,0,0,0,0,0,0,0,0,2,0,0,0,0,0,0,0,0,0,0,0,0,0,0,0,0,0,0,0,0,9,0,40.0198,-75.1506, , 
 ,55984,2013121346,6,67,67301,2013,10,2,1530,15,1,1,0,1,1, , ,N,0,0,0,3,0,1,3,3,N,N,39 59:14.746,75 06:30.287,1715, ,1709,4,1,1,N, ,0,N, , , , ,622543, , , ,3,3,0,0,0,0,0,0,0,0,0,0,1,1,0,0,0,0,0,0,0,0,1,0,0,0,0,0,0,0,0,0,0,0,0,8,0,39.9874,-75.1084, , 
 ,55985,2013111717,6,67,67301,2013,10,6,1810,18,2,2,1,6,1, , ,N,0,0,0,3,0,2,3,2,N,N,40 03:51.163,75 11:57.521,1825, ,1820,2,2,5,N, ,0,Y, , , , ,622567, , , ,2,2,0,0,0,0,0,0,0,0,0,0,2,2,0,0,0,0,0,0,0,0,1,0,0,0,0,0,0,0,0,0,0,0,0,8,0,40.0642,-75.1993, , 
 ,55986,2014001023,6,67,67301,2013,11,3,2000,20,3,2,1,8,1, , ,N,1,2,0,3,0,1,3,2,N,N,39 57:14.857,75 12:09.311,2353, ,2351, ,0, ,N, ,3, , , , , ,622597, , , ,1,0,0,0,0,0,1,0,0,1,0,0,1,0,0,0,0,0,0,0,0,0,0,0,0,0,0,0,0,0,0,0,1,0,1,2,0,39.9541,-75.2025, , 
 ,55987,2014002778,6,67,67301,2013,12,2,1645,16,1,1,0,5,1, , ,N,0,0,0,3,0,1,3,2,N,N,40 01:40.224,75 07:13.558,1654, ,1649, ,0, ,N, ,0, , , , , ,622598, , , ,2,1,0,0,0,0,1,0,0,0,0,1,1,0,0,0,0,0,0,0,0,0,0,0,0,0,0,0,0,0,0,0,0,0,0,4,0,40.0278,-75.1204, , 
 ,55988,2013121408,6,67,67301,2013,10,3,820,8,1,1,0,8,1, , ,N,1,3,0,3,0,1,3,2,N,N,39 57:58.759,75 14:16.205,836, ,831, ,0, ,N, ,3, , , , , ,622628, , , ,1,0,0,0,0,0,1,0,0,0,0,1,1,0,0,0,0,0,0,0,0,0,0,0,0,0,0,0,0,0,0,0,1,0,0,4,0,39.9663,-75.2378, , 
 ,55989,2014006302,6,67,67301,2013,2,7,824,8,1,3,1,2,1, , ,N,0,0,0,3,0,1,2,2,N,N,40 01:34.500,75 08:10.610,853, ,826, ,0, , , ,0, , , , , ,622636, , , ,2,2,0,0,0,0,0,0,0,0,0,1,1,0,0,0,0,0,0,0,0,0,0,1,0,0,0,0,0,0,0,0,0,0,0,4,0,40.0263,-75.1363, , 
 ,55990,2013124851,6,67,67301,2013,12,7,522,5,3,1,1,7,2, , ,N,0,0,0,3,0,0,1,1,N,N,39 57:35.528,75 10:43.521,531, ,528,1,2,3,N, ,0,N, , , , ,622640, , , ,1,1,0,0,0,0,0,0,0,0,0,0,0,0,0,0,0,0,0,0,0,0,0,0,0,0,0,0,0,0,0,0,0,0,0,0,0,39.9599,-75.1788, , 
 ,55991,2013125957,6,67,67301,2013,11,5,1251,12,1,1,0,7,5, , ,N,3,0,0,3,0,0,1,2,N,N,40 00:26.055,75 10:28.017,1307, ,1300, ,0, ,N, ,0, , , , , ,622642, , , ,1,1,0,0,0,0,0,0,0,0,0,0,0,0,0,0,0,0,0,0,0,0,0,0,0,0,0,0,0,0,0,0,0,0,0,0,0,40.0072,-75.1745, , 
 ,55992,2013124832,6,67,67301,2013,12,2,1915,19,3,1,0,1,1, , ,N,3,0,0,3,0,1,4,2,N,N,39 55:39.667,75 11:43.654,1944, ,1930,1,1,4,N, ,0,N, , , , ,622661, , , ,2,0,0,0,0,0,2,0,0,0,0,0,1,1,0,0,0,0,0,0,1,0,0,0,0,0,0,0,0,0,0,0,0,0,0,8,0,39.9277,-75.1955, , 
 ,55993,2013129452,6,67,67301,2013,11,6,2222,22,3,1,0,7,3, , ,N,0,0,0,3,0,0,1,1,N,N,40 02:11.512,75 03:53.262,2228, ,2224,9,1,1,N, ,0,N, , , , ,622664, , , ,1,1,0,0,0,0,0,0,0,0,0,0,0,0,0,0,0,0,0,1,0,0,0,0,0,0,0,0,0,0,0,0,0,0,0,0,0,40.0365,-75.0648, , 
 ,55994,2013101057,6,67,67301,2013,8,1,635,6,1,1,0,7,1, , ,N,0,0,0,3,0,1,1,1,N,N,40 03:24.931,75 01:57.531,700, ,659,2,1,4,N, ,0,N, , , , ,622668, , , ,1,1,0,0,0,0,0,0,0,0,0,0,1,1,0,0,0,0,0,0,0,0,0,0,0,0,0,0,0,0,0,0,0,0,0,8,0,40.0569,-75.0326, , 
 ,55995,2013101175,6,67,67301,2013,9,3,1608,16,1,1,0,4,1, , ,N,2,2,0,3,0,0,3,2,N,N,40 05:44.901,74 59:28.492,1631, ,1630, ,0, , , ,3, , , , , ,622669, , , ,2,2,0,0,0,0,0,0,0,0,0,0,0,0,1,0,0,0,1,0,0,0,0,0,0,0,0,0,0,0,0,0,0,0,0,9,0,40.0958,-74.9912, , 
 ,55996,2013106660,6,67,67301,2013,9,2,1510,15,1,1,0,5,6, , ,N,0,0,0,3,0,0,1,2,N,N,40 01:45.962,75 06:45.680,1749, ,1749, ,0, ,N, ,0, , , , , ,622673, , , ,2,1,0,0,0,0,0,1,0,0,0,0,0,0,1,0,0,0,0,0,0,0,0,0,0,0,0,0,0,0,0,0,0,0,0,9,0,40.0294,-75.1127, , 
 ,55997,2013121453,6,67,67301,2013,10,7,327,3,3,1,0,4,1, , ,N,1,3,0,3,0,0,4,2,N,N,39 58:07.917,75 09:48.095,328, ,328,1,2,1, , ,3,Y, , , , ,622699, , , ,2,2,0,0,0,0,0,0,0,0,0,0,0,0,0,0,0,0,0,0,0,0,0,0,0,0,0,0,0,0,0,0,0,0,0,0,0,39.9689,-75.1634, , 
 ,55998,2013122463,6,67,67301,2013,11,1,1151,11,1,1,0,8,1, , ,N,1,3,0,3,0,1,2,2,N,N,39 57:09.230,75 09:23.425,1210, ,1205, ,0, ,N, ,3, , , , , ,622701, , , ,1,1,0,0,0,0,0,0,0,0,0,1,1,0,0,0,0,0,0,0,0,0,0,0,0,0,0,0,0,0,0,0,1,0,0,4,0,39.9526,-75.1565, , 
 ,55999,2013121500,6,67,67301,2013,10,2,2229,22,3,1,0,5,1, , ,N,0,0,0,3,0,0,1,6,N,N,40 01:34.982,75 04:53.025,2320, ,2316, ,0, ,N, ,0, , , , , ,622726, , , ,6,2,0,0,0,0,2,2,0,0,0,0,0,0,1,0,0,0,0,0,0,0,0,0,0,0,0,0,0,0,0,0,0,0,0,9,0,40.0264,-75.0814, , 
 ,56000,2013126535,6,67,67301,2013,11,1,751,7,1,1,0,7,3, , ,N,1,0,0,3,0,1,1,1,N, ,40 01:12.662,75 08:55.511,816, ,752,3,2,2, , ,0,Y, , , , ,622729, , , ,1,0,0,0,0,0,1,0,0,1,0,0,1,0,0,0,0,0,0,0,0,0,0,0,0,0,0,0,0,0,0,0,0,0,0,2,0,40.0202,-75.1488, , 
 ,56001,2014002783,6,67,67301,2013,11,4,1800,18,3,1,0,2,1, , ,N,0,0,2,3,0,0,2,2,N,N,40 01:04.552,75 09:57.136,1805, ,1805, ,0, , , ,0, , , , , ,622738, , , ,2,2,0,0,0,0,0,0,0,0,0,0,0,0,0,0,0,0,0,0,0,1,0,0,0,0,0,0,0,0,0,0,0,0,0,0,0,40.0179,-75.1659, , 
 ,56002,2015020793,6,67,67301,2013,10,4,9999,99,3,1,0,8,1, , ,N,0,0,0,3,0,1,2,2,N,N,39 59:40.499,75 09:15.553,1240, ,1237,3,1,1, , ,0,Y, , , , ,625556, , , ,1,0,1,0,0,0,0,0,0,0,0,0,1,1,1,0,0,0,0,0,0,0,0,0,0,0,0,0,0,0,0,0,1,0,0,8,0,39.9946,-75.1543, , 
 ,56003,2013112704,6,67,67301,2013,10,4,1133,11,1,1,0,4,1, , ,N,1,2,0,3,0,1,3,2,N,N,39 58:10.453,75 12:41.538,1145, ,1139, ,0, ,N, ,3, , , , , ,625558, , , ,2,2,0,0,0,0,0,0,0,0,0,0,1,1,0,0,0,0,0,1,0,0,0,0,0,0,0,0,0,0,0,0,0,0,0,8,0,39.9697,-75.2115, , 
 ,56004,2013121404,6,67,67301,2013,11,6,805,8,1,2,1,4,1, , ,N,1,2,0,3,0,1,2,2,N, ,40 00:41.506,75 04:11.278,820, ,814, ,0, , , ,3, , , , , ,625592, , , ,2,2,0,0,0,0,0,0,0,0,0,1,1,0,0,0,0,0,0,0,0,0,0,0,0,0,0,0,0,0,0,0,0,0,0,4,0,40.0115,-75.0698, , 
 ,56005,2013125989,6,67,67301,2013,11,4,1528,15,1,1,0,1,1, , ,N,1,2,0,3,0,0,2,2,N,N,39 56:54.150,75 08:38.536,1541, ,1538, ,0, , , ,3, , , , , ,625596, , , ,2,1,0,0,1,0,0,0,0,0,0,0,0,0,0,0,0,0,0,0,0,0,0,0,0,0,0,0,0,0,0,0,0,0,0,0,0,39.9484,-75.144, , 
 ,56006,2013130069,6,67,67301,2013,11,6,710,7,1,1,0,6,1, , ,N,1,2,0,3,0,0,5,2,N,N,40 02:54.566,75 05:37.204,745, ,9999, ,0, , , ,3, , , , , ,625609, , , ,2,2,0,0,0,0,0,0,0,0,0,0,0,0,0,0,0,0,0,0,1,0,0,0,0,0,0,0,0,0,0,0,0,0,0,0,0,40.0485,-75.0937, , 