wz_ln_closure,objectid_1,crn,district,county,municipality,crash_year,crash_month,day_of_week,time_of_day,hour_of_day,illumination,weather,road_condition,collision_type,relation_to_road,work_zone_type,work_zone_loc,work_zone_ind,intersect_type,tcd_type,location_type,urban_rural,fatal_count,injury_count,person_count,total_units,sch_bus_ind,sch_zone_ind,latitude,longitude,arrival_tm,cons_zone_spd_lim,dispatch_tm,est_hrs_closed,lane_closed,ln_close_dir,ntfy_hiwy_maint,spec_juris_cd,tcd_func_cd,tfc_detour_ind,workers_pres,wz_close_detour,wz_flagger,wz_law_offcr_ind,objectid,wz_moving,wz_other,wz_shlder_mdn,vehicle_count,automobile_count,motorcycle_count,bus_count,small_truck_count,heavy_truck_count,suv_count,van_count,bicycle_count,maj_inj_count,mod_inj_count,min_inj_count,tot_inj_count,unk_inj_deg_count,unk_inj_per_count,driver_count_16yr,driver_count_17yr,driver_count_18yr,driver_count_19yr,driver_count_20yr,driver_count_50_64yr,driver_count_65_74yr,driver_count_75plus,unbelted_occ_count,unb_death_count,unb_maj_inj_count,belted_death_count,belted_maj_inj_count,mcycle_death_count,mcycle_maj_inj_count,bicycle_death_count,bicycle_maj_inj_count,ped_count,ped_death_count,ped_maj_inj_count,max_severity_level,comm_veh_count,dec_lat,dec_long,rdwy_surf_type_cd,county_name
 ,56007,2014016113,6,67,67301,2013,9,1,9999,99,3,1,0,8,1, , ,N,0,0,0,3,0,1,2,2,N,N,40 04:31.443,75 10:33.416,1236, ,1235, ,0, , , ,0, , , , , ,625616, , , ,1,1,0,0,0,0,0,0,0,0,0,0,1,1,0,0,0,0,0,0,1,0,0,0,0,0,0,0,0,0,0,0,1,0,0,8,0,40.0754,-75.1759, , 
 ,56008,2014020017,6,67,67301,2013,12,1,2342,23,3,1,0,1,1, , ,N,0,0,0,3,0,1,3,2,N,N,40 00:32.829,75 04:01.931,7, ,2354, ,0, ,N, ,0, , , , , ,625617, , , ,2,2,0,0,0,0,0,0,0,0,0,0,1,1,1,0,0,0,0,0,1,0,0,0,0,0,0,0,0,0,0,0,0,0,0,8,0,40.0091,-75.0672, , 
 ,56009,2013097945,6,67,67301,2013,8,2,2310,23,3,1,0,8,1, , ,N,0,0,0,3,1,0,2,2,N,N,40 02:37.400,75 07:44.030,2334, ,2328, ,0, ,N,0,0, , , , , ,625618, , , ,1,1,0,0,0,0,0,0,0,0,0,0,0,0,0,0,0,0,0,0,1,0,0,0,0,0,0,0,0,0,0,0,1,1,0,1,0,40.0437,-75.1289,2, 
 ,56010,2013103929,6,67,67301,2013,9,7,2331,23,3,2,1,1,1, , ,N,0,0,0,3,0,1,2,2,N,N,40 01:52.857,75 09:16.743,2350, ,2331, ,0, ,N, ,0, , , , , ,625624, , , ,2,1,0,0,1,0,0,0,0,0,0,0,1,1,1,0,0,0,0,0,0,0,0,0,0,0,0,0,0,0,0,0,0,0,0,8,0,40.0313,-75.1547, , 
 ,56011,2013131381,6,67,67301,2013,12,5,842,8,1,1,0,4,1, , ,N,1,2,0,3,0,1,2,2,N,N,40 06:51.342,74 59:16.507,843, ,843,2,2,7,N, ,3,N, , , , ,625645, , , ,2,1,0,0,0,1,0,0,0,0,0,1,1,0,0,0,0,0,0,0,1,0,0,0,0,0,0,0,0,0,0,0,0,0,0,4,1,40.1143,-74.9879, , 
 ,56012,2013121407,6,67,67301,2013,10,5,9999,99,1,1,0,7,4, , ,N,3,3,0,3,0,0,2,1,N, ,39 58:58.108,75 14:29.552,1620, ,1615, ,0, , , ,3, , , , , ,625658, , , ,1,0,0,0,0,0,0,1,0,0,0,0,0,0,1,0,0,0,0,0,0,0,0,1,0,0,0,0,0,0,0,0,0,0,0,9,0,39.9828,-75.2415, , 
 ,56013,2014009746,6,67,67301,2013,12,6,1249,12,1,1,0,2,6, , ,N,0,0,0,3,0,1,1,2,N, ,40 03:21.499,75 05:00.211,1628, ,1623, ,0, , , ,0, , , , , ,625694, , , ,2,1,0,0,0,0,1,0,0,0,0,1,1,0,0,0,0,0,0,0,0,0,1,1,0,0,0,0,0,0,0,0,0,0,0,4,0,40.056,-75.0834, , 
U,56014,2013121369,6,67,67301,2013,10,5,819,8,1,1,0,8,1,8,8,Y,1,2,0,3,0,1,2,2,N,N,39 57:22.551,75 09:46.043,855,99,851, ,0, ,N, ,3, ,U,U,U,U,625707,U,U,U,1,0,0,0,0,0,0,1,0,0,0,1,1,0,1,0,0,0,0,0,0,0,0,0,0,0,0,0,0,0,0,0,1,0,0,4,0,39.9562,-75.1627, , 
 ,56015,2014001033,6,67,67301,2013,11,2,9999,99,1,1,0,4,7, , ,N,2,2,2,3,0,2,3,2,N,N,39 53:35.004,75 14:08.255,1750, ,1740, ,0, ,N, ,3, , , , , ,625725, , , ,2,1,0,0,0,0,1,0,0,0,0,0,2,2,0,0,0,0,0,0,0,2,0,0,0,0,0,0,0,0,0,0,0,0,0,8,0,39.8932,-75.2359, , 
 ,56016,2013065395,6,67,67301,2013,5,6,747,7,1,1,0,4,1, , ,N,1,2,0,3,0,3,5,2,N,N,40 02:02.039,75 04:27.141,757, ,747,2,2,1,N, ,3,Y, , , , ,625730, , , ,2,1,0,0,0,0,1,0,0,0,0,3,3,0,0,0,0,0,0,0,1,0,0,0,0,0,0,0,0,0,0,0,0,0,0,4,0,40.0339,-75.0742, , 
 ,56017,2013070142,6,67,67301,2013,6,3,1700,17,1,2,1,4,1, , ,N,1,3,0,3,0,0,2,2,N,N,39 56:52.461,75 14:37.363,1704, ,1702, ,0, ,N, ,3, , , , , ,625735, , , ,2,1,0,0,1,0,0,0,0,0,0,0,0,0,0,0,0,0,0,0,0,0,0,0,0,0,0,0,0,0,0,0,0,0,0,0,0,39.9479,-75.2437, , 
 ,56018,2013070191,6,67,67301,2013,6,7,1530,15,1,1,0,2,1, , ,N,2,2,2,3,0,2,3,2,N,N,39 58:29.108,75 07:18.207,1555, ,1545,1,1,2,N, ,3,N, , , , ,625736, , , ,2,2,0,0,0,0,0,0,0,0,0,2,2,0,0,0,0,0,0,0,0,0,0,0,0,0,0,0,0,0,0,0,0,0,0,4,0,39.9748,-75.1217, , 
 ,56019,2013074662,6,67,67301,2013,6,4,2117,21,3,2,1,4,1, , ,N,3,3,0,3,0,1,2,2,N,N,40 00:48.474,75 05:53.516,2136, ,2133, ,0, , , ,3, , , , , ,625740, , , ,1,0,0,0,0,0,0,0,1,0,1,0,1,0,0,0,0,0,0,0,0,0,0,0,0,0,0,0,0,0,0,0,0,0,0,3,0,40.0135,-75.0982, , 
 ,56020,2013109452,6,67,67301,2013,9,1,1523,15,1,1,0,4,1, , ,N,1,3,0,3,0,1,2,2,N,N,40 02:30.624,75 09:54.327,1537, ,1532, ,0, ,N, ,3, , , , , ,616257, , , ,2,2,0,0,0,0,0,0,0,0,0,1,1,0,0,0,0,0,0,0,1,0,0,0,0,0,0,0,0,0,0,0,0,0,0,4,0,40.0418,-75.1651, , 
 ,56021,2013101181,6,67,67301,2013,9,1,147,1,3,1,0,4,1, , ,N,1,0,0,3,0,3,4,3,N,N,40 01:23.484,75 07:27.893,200, ,147,3,1,2, , ,0,N, , , , ,616262, , , ,3,3,0,0,0,0,0,0,0,0,0,3,3,0,0,0,0,0,0,0,0,0,0,0,0,0,0,0,0,0,0,0,0,0,0,4,0,40.0232,-75.1244, , 
 ,56022,2013101280,6,67,67301,2013,9,3,1340,13,1,1,0,4,1, , ,N,0,0,7,3,0,1,2,2,N,N,40 00:35.341,75 06:25.930,1346, ,1346, ,0, , , ,0, , , , , ,616263, , , ,2,1,0,0,0,0,0,0,0,0,0,1,1,0,0,0,0,0,0,0,0,0,0,0,0,0,0,0,0,0,0,0,0,0,0,4,0,40.0098,-75.1072, , 
 ,56023,2013111726,6,67,67301,2013,10,1,1245,12,1,1,0,1,1, , ,N,0,0,0,3,0,2,6,2,N,N,40 02:55.028,75 05:13.044,1308, ,1302, ,0, ,N, ,0, , , , , ,616281, , , ,2,0,0,0,0,0,1,1,0,0,0,0,2,2,0,0,0,0,0,0,2,0,0,0,0,0,0,0,0,0,0,0,0,0,0,8,0,40.0486,-75.087, , 
 ,56024,2013101872,6,67,67301,2013,9,2,1430,14,1,1,0,5,7, , ,N,6,0,2,3,0,0,3,3,N,N,40 00:12.647,75 04:38.645,1538, ,1506, ,0, ,N, ,0, , , , , ,616297, , , ,3,0,0,0,0,1,1,1,0,0,0,0,0,0,0,0,0,0,0,0,0,1,0,0,0,0,0,0,0,0,0,0,0,0,0,0,1,40.0035,-75.0774, , 
 ,56025,2013109342,6,67,67301,2013,9,2,1445,14,1,1,0,8,1, , ,N,0,0,0,3,0,1,2,2,N, ,39 57:13.721,75 09:22.402,1530, ,1523, ,0, , , ,0, , , , , ,616305, , , ,1,0,0,0,0,0,1,0,0,0,0,0,1,1,0,0,0,0,0,0,1,0,0,0,0,0,0,0,0,0,0,0,1,0,0,8,0,39.9538,-75.1562, , 
 ,56026,2013123060,6,67,67301,2013,10,4,1626,16,1,1,0,1,1, , ,N,1,2,0,3,0,1,2,2,N,N,40 02:20.942,75 06:36.006,1635, ,1628, ,0, ,N, ,3, , , , , ,616320, , , ,2,2,0,0,0,0,0,0,0,0,0,0,1,1,0,0,0,0,0,0,0,0,0,0,0,0,0,0,0,0,0,0,0,0,0,8,0,40.0392,-75.11, , 
 ,56027,2014003306,6,67,67301,2013,12,6,101,1,3,1,0,1,1, , ,N,1,2,0,3,0,2,2,2,N,N,40 02:20.571,75 08:40.639,107, ,105,2,1,1,N, ,3,N, , , , ,616353, , , ,2,1,0,0,1,0,0,0,0,0,0,2,2,0,0,0,0,0,0,0,0,1,0,1,0,0,0,0,0,0,0,0,0,0,0,4,0,40.039,-75.1446, , 
 ,56028,2013125404,6,67,67301,2013,12,1,30,0,2,1,0,7,4, , ,N,6,0,2,3,0,0,1,1,N,N,40 00:01.860,75 04:47.686,150, ,135, ,0, ,N, ,0, , , , , ,616360, , , ,1,1,0,0,0,0,0,0,0,0,0,0,0,0,0,0,0,0,0,0,1,0,0,0,0,0,0,0,0,0,0,0,0,0,0,0,0,40.0003,-75.0836, , 
 ,56029,2013129438,6,67,67301,2013,11,3,210,2,3,1,0,5,2, , ,N,2,0,0,3,0,0,1,5,N,N,39 55:15.135,75 10:05.915,220, ,216, ,0, ,N, ,0, , , , , ,616365, , , ,4,3,0,0,0,0,1,0,0,0,0,0,0,0,0,0,0,0,0,0,1,0,0,0,0,0,0,0,0,0,0,0,0,0,0,0,0,39.9209,-75.1683, , 
 ,56030,2014001029,6,67,67301,2013,11,7,1725,17,3,1,0,1,1, , ,N,0,0,0,3,0,2,3,3,N,N,40 00:42.220,75 09:02.134,1730, ,1728, ,0, , , ,0, , , , , ,616370, , , ,3,1,0,0,1,0,0,1,0,0,0,2,2,0,0,0,0,0,0,0,1,0,0,0,0,0,0,0,0,0,0,0,0,0,0,4,0,40.0117,-75.1506, , 
 ,56031,2013121283,6,67,67301,2013,10,2,2015,20,3,1,0,8,1, , ,N,1,3,0,3,0,1,2,2,N,N,39 58:48.396,75 07:38.359,2050, ,2043, ,0, ,N, ,3, , , , , ,616386, , , ,1,1,0,0,0,0,0,0,0,0,0,1,1,0,1,0,0,0,0,0,0,0,0,0,0,0,0,0,0,0,0,0,1,0,0,4,0,39.9801,-75.1273, , 
 ,56032,2013125906,6,67,67301,2013,11,5,2040,20,3,1,0,4,1, , ,N,1,2,0,3,0,1,2,2,N, ,40 03:41.853,74 59:18.132,2052, ,2045, ,0, , , ,3, , , , , ,616391, , , ,2,1,0,0,0,0,0,1,0,0,0,0,1,1,0,0,0,0,0,0,0,0,0,0,0,0,0,0,0,0,0,0,0,0,0,8,0,40.0616,-74.9884, , 
 ,56033,2014003322,6,67,67301,2013,12,3,2039,20,3,4,5,7,4, , ,N,0,0,7,3,0,0,1,1,N, ,40 00:21.911,75 05:45.385,9999, ,2039, ,0, , , ,0, , , , , ,616397, , , ,1,1,0,0,0,0,0,0,0,0,0,0,0,0,0,0,0,0,0,0,0,0,0,0,0,0,0,0,0,0,0,0,0,0,0,0,0,40.0061,-75.0959, , 
 ,56034,2014009873,6,67,67301,2013,12,7,310,3,3,2,1,4,1, , ,N,2,0,0,3,0,1,2,2,N, ,39 55:43.052,75 08:41.020,315, ,311, ,0, , , ,0, , , , , ,616398, , , ,2,2,0,0,0,0,0,0,0,0,0,0,1,1,0,0,0,0,0,0,0,0,0,0,0,0,0,0,0,0,0,0,0,0,0,8,0,39.9286,-75.1445, , 
 ,56035,2014013140,6,67,67301,2013,12,5,957,9,1,1,0,7,4, , ,N,1,2,0,3,0,1,1,1,N,N,40 04:08.025,75 10:54.330,1013, ,958,3,2,6,N, ,3,Y, , , , ,616399, , , ,1,0,0,0,0,0,1,0,0,0,0,0,1,1,0,0,0,0,0,0,0,1,0,0,0,0,0,0,0,0,0,0,0,0,0,8,0,40.0689,-75.1818, , 
 ,56036,2013110723,6,67,67301,2013,9,1,2043,20,3,1,0,1,1, , ,N,0,0,0,3,0,1,3,2,N,N,40 00:50.597,75 07:33.607,2108, ,2108, ,0, ,N, ,0, , , , , ,616407, , , ,2,0,0,0,0,0,1,1,0,0,0,1,1,0,0,0,0,0,0,0,2,0,0,1,0,0,0,0,0,0,0,0,0,0,0,4,0,40.0141,-75.126, , 
 ,56037,2013121334,6,67,67301,2013,10,5,725,7,1,1,0,1,1, , ,N,0,2,0,3,0,0,2,2,N,N,39 56:44.027,75 14:23.445,744, ,734, ,0, ,N, ,3, , , , , ,616412, , , ,2,2,0,0,0,0,0,0,0,0,0,0,0,0,0,0,0,0,0,0,0,0,0,0,0,0,0,0,0,0,0,0,0,0,0,0,0,39.9456,-75.2398, , 
 ,56038,2013130120,6,67,67301,2013,11,1,340,3,3,1,0,1,1, , ,N,1,2,0,3,0,3,3,2,N,N,40 01:04.807,75 08:57.222,344, ,342, ,0, ,N, ,3, , , , , ,619589, , , ,2,2,0,0,0,0,0,0,0,0,0,0,3,3,0,0,0,0,0,0,0,0,0,1,0,0,0,0,0,0,0,0,0,0,0,8,0,40.0179,-75.1493, , 
 ,56039,2013134204,6,67,67301,2013,12,4,723,7,1,1,0,4,7, , ,N,6,0,2,3,0,1,4,2,N,N,39 56:54.810,75 11:08.203,736, ,729, ,0, ,N, ,0, , , , , ,619592, , , ,2,2,0,0,0,0,0,0,0,0,0,1,1,0,0,0,0,0,0,0,0,0,0,0,0,0,0,0,0,0,0,0,0,0,0,4,0,39.9486,-75.1856, , 
 ,56040,2014000996,6,67,67301,2013,11,7,1049,10,1,1,0,4,1, , ,N,0,0,7,3,0,1,2,2,N,N,40 05:38.637,74 57:28.840,1056, ,1051, ,0, ,N, ,0, , , , , ,619594, , , ,2,2,0,0,0,0,0,0,0,0,0,0,1,1,0,0,0,0,0,0,0,1,0,0,0,0,0,0,0,0,0,0,0,0,0,8,0,40.0941,-74.958, , 
 ,56041,2014006906,6,67,67301,2013,12,4,1835,18,3,8,1,1,1, , ,N,0,0,0,3,0,1,3,2,N,N,40 00:35.827,75 06:06.116,9999, ,9999, ,0, , , ,0, , , , , ,619598, , , ,2,2,0,0,0,0,0,0,0,0,0,0,1,1,0,0,0,0,0,0,0,0,0,1,0,0,0,0,0,0,0,0,0,0,0,8,0,40.01,-75.1017, , 
 ,56042,2014001065,6,67,67301,2013,11,1,10,0,3,1,0,4,1, , ,N,1,2,0,3,0,1,2,2,N,N,40 02:50.960,75 08:34.014,19, ,18, ,0, ,N, ,3, , , , , ,619608, , , ,2,2,0,0,0,0,0,0,0,0,0,1,1,0,0,0,0,0,0,0,1,0,0,0,0,0,0,0,0,0,0,0,0,0,0,4,0,40.0475,-75.1428, , 
 ,56043,2014000552,6,67,67301,2013,12,6,2051,20,3,1,0,5,1, , ,N,0,0,0,3,0,3,3,3,N,N,39 59:29.132,75 12:11.133,2055, ,2052,2,2,4,N, ,0,N, , , , ,619637, , , ,3,3,0,0,0,0,0,0,0,0,0,0,3,3,0,0,0,0,0,0,0,1,0,2,0,0,0,0,0,0,0,0,0,0,0,8,0,39.9914,-75.2031, , 
 ,56044,2014009759,6,67,67301,2013,12,1,1100,11,1,2,1,1,1, , ,N,1,2,0,3,0,2,3,2,N,N,40 04:49.584,74 58:37.727,1130, ,1125, ,0, ,N, ,3, , , , , ,619639, , , ,2,0,0,0,1,1,0,0,0,0,0,2,2,0,0,0,0,1,0,0,0,0,0,2,0,0,0,0,0,0,0,0,0,0,0,4,1,40.0804,-74.9771, , 
 ,56045,2013109545,6,67,67301,2013,10,3,600,6,3,1,0,5,1, , ,N,0,0,0,3,0,1,2,2,N,N,39 55:36.459,75 11:41.362,608, ,603,1,1,3,N, ,0,N, , , , ,619660, , , ,2,2,0,0,0,0,0,0,0,0,0,0,1,1,0,0,0,0,0,0,2,0,0,0,0,0,0,0,0,0,0,0,0,0,0,8,0,39.9268,-75.1948, , 
 ,56046,2014009739,6,67,67301,2013,11,1,230,2,3,1,0,8,1, , ,N,0,0,0,3,0,1,2,2,N, ,39 57:04.568,75 10:07.993,236, ,230, ,0, , , ,0, , , , , ,619672, , , ,1,1,0,0,0,0,0,0,0,0,1,0,1,0,0,0,0,0,0,0,0,0,0,0,0,0,0,0,0,0,0,0,1,0,0,3,0,39.9513,-75.1689, , 
 ,56047,2014015959,6,67,67301,2013,10,3,530,5,1,1,0,1,1, , ,N,1,2,0,3,0,2,3,2,N,N,39 55:20.661,75 13:23.383,0, ,0, ,0, ,N, ,3, , , , , ,619673, , , ,2,0,0,0,0,0,1,0,0,0,0,0,2,2,1,0,0,0,0,0,1,0,0,0,0,0,0,0,0,0,0,0,0,0,0,8,0,39.9224,-75.2232, , 
 ,56048,2013121393,6,67,67301,2013,10,7,346,3,3,1,0,5,2, , ,N,0,0,0,3,0,0,1,3,N,N,40 00:29.901,75 06:31.424,402, ,402, ,0, ,N, ,0, , , , , ,619701, , , ,3,1,0,0,1,0,1,0,0,0,0,0,0,0,0,0,0,1,0,0,0,0,0,0,0,0,0,0,0,0,0,0,0,0,0,0,0,40.0083,-75.1087, , 
 ,56049,2013123547,6,67,67301,2013,11,7,9999,99,3,1,0,5,1, , ,N,1,2,0,3,0,1,3,2,N, ,39 57:13.719,75 09:59.863,122, ,117, ,0, , , ,3, , , , , ,619703, , , ,2,2,0,0,0,0,0,0,0,0,0,1,1,0,0,0,0,0,0,0,0,0,0,1,0,0,0,0,0,0,0,0,0,0,0,4,0,39.9538,-75.1666, , 
 ,56050,2013123040,6,67,67301,2013,10,1,2330,23,3,1,0,4,1, , ,N,1,2,0,3,0,0,2,2,N,N,39 57:42.285,75 14:19.698,7, ,2357, ,0, , , ,3, , , , , ,619720, , , ,2,1,0,0,0,0,1,0,0,0,0,0,0,0,0,0,0,0,0,1,0,0,0,0,0,0,0,0,0,0,0,0,0,0,0,0,0,39.9616,-75.2388, , 
 ,56051,2013129422,6,67,67301,2013,11,4,1547,15,1,1,0,1,1, , ,N,2,2,0,3,0,0,5,2,N,N,39 54:32.812,75 13:58.504,1628, ,1623, ,0, ,N, ,3, , , , , ,619727, , , ,2,1,0,0,0,0,1,0,0,0,0,0,0,0,5,0,0,0,0,0,0,0,0,0,0,0,0,0,0,0,0,0,0,0,0,9,0,39.9091,-75.2329, , 
 ,56052,2014009653,6,67,67301,2013,12,3,621,6,3,1,0,5,6, , ,N,0,0,0,3,0,1,1,2,N,Y,39 58:01.790,75 12:20.624,625, ,621, ,0, ,N, ,0, , , , , ,619738, , , ,2,0,0,0,0,0,2,0,0,0,0,1,1,0,0,0,0,0,0,0,0,0,0,1,0,0,0,0,0,0,0,0,0,0,0,4,0,39.9672,-75.2057, , 
 ,56053,2014009819,6,67,67301,2013,12,7,2134,21,3,1,0,8,1, , ,N,0,0,0,3,0,2,3,3,N,N,40 00:00.921,75 08:40.178,2139, ,2135,2,2,6,N, ,0,Y, , , , ,619739, , , ,2,1,0,0,0,0,1,0,0,0,1,1,2,0,0,0,0,0,0,0,1,0,0,1,0,0,0,0,0,0,0,0,1,0,0,3,0,40.0003,-75.1445, , 
 ,56054,2013094694,6,67,67301,2013,8,7,1000,10,1,1,0,5,1, , ,N,0,0,2,3,0,3,4,2,N,N,39 57:24.920,75 08:41.605,0, ,0, ,0, ,N, ,0, , , , , ,619761, , , ,2,1,0,0,0,0,0,0,0,0,0,0,3,3,0,0,0,0,0,0,0,0,0,0,0,0,0,0,0,0,0,0,0,0,0,8,0,39.9569,-75.1449, , 
 ,56055,2013123012,6,67,67301,2013,10,6,1740,17,4,1,0,4,1, , ,N,1,3,0,3,0,1,2,2,N,N,39 57:13.100,75 13:53.007,1748, ,1747, ,0, , , ,9, , , , , ,619795, , , ,2,1,1,0,0,0,0,0,0,0,0,1,1,0,0,0,0,0,0,0,0,0,0,0,0,0,0,0,0,0,0,0,0,0,0,4,0,39.9536,-75.2314, , 
 ,56056,2014009749,6,67,67301,2013,12,5,745,7,1,2,1,4,1, , ,N,1,2,0,3,0,0,2,2,N, ,39 56:50.107,75 13:36.654,825, ,819, ,0, , , ,3, , , , , ,622743, , , ,2,2,0,0,0,0,0,0,0,0,0,0,0,0,0,0,0,0,0,0,0,0,0,0,0,0,0,0,0,0,0,0,0,0,0,0,0,39.9473,-75.2269, , 
 ,56057,2013104410,6,67,67301,2013,9,3,839,8,1,1,0,6,1, , ,N,1,2,0,3,0,3,4,2,N,N,39 55:58.105,75 11:11.075,842, ,840,2,1,2,N, ,3,Y, , , , ,622746, , , ,2,2,0,0,0,0,0,0,0,0,0,3,3,0,0,0,0,0,0,0,0,0,0,3,0,0,0,0,0,0,0,0,0,0,0,4,0,39.9328,-75.1864, , 
 ,56058,2013106749,6,67,67301,2013,9,5,626,6,1,1,0,4,1, , ,N,1,2,0,3,0,1,2,2,N, ,40 03:04.296,75 03:58.096,631, ,626, ,0, , , ,3, , , , , ,622748, , , ,2,1,0,0,1,0,0,0,0,0,0,1,1,0,0,0,0,0,0,0,0,0,0,0,0,0,0,0,0,0,0,0,0,0,0,4,0,40.0512,-75.0661, , 
 ,56059,2013121360,6,67,67301,2013,10,2,9999,99,3,1,0,4,1, , ,N,1,2,0,3,0,1,4,2,N, ,40 01:40.752,75 03:26.701,750, ,746, ,0, , , ,3, , , , , ,622760, , , ,2,0,0,0,1,0,1,0,0,0,0,1,1,0,0,0,0,0,0,0,0,0,0,0,0,0,0,0,0,0,0,0,0,0,0,4,0,40.028,-75.0574, , 
 ,56060,2014002809,6,67,67301,2013,11,5,1500,15,1,2,1,4,1, , ,N,1,2,0,3,0,2,2,2,N,N,39 59:12.447,75 10:50.908,1510, ,1505,2,1,6,N, ,9,N, , , , ,622775, , , ,2,2,0,0,0,0,0,0,0,0,0,2,2,0,0,0,0,1,0,0,0,0,0,0,0,0,0,0,0,0,0,0,0,0,0,4,0,39.9868,-75.1808, , 
 ,56061,2013103920,6,67,67301,2013,9,1,830,8,1,1,0,4,1, , ,N,2,3,0,3,0,0,3,2,N,N,40 02:18.261,75 12:41.603,845, ,842, ,0, , , ,3, , , , , ,622782, , , ,2,2,0,0,0,0,0,0,0,0,0,0,0,0,0,0,0,0,0,0,0,0,0,0,0,0,0,0,0,0,0,0,0,0,0,0,0,40.0386,-75.2116, , 
 ,56062,2013109399,6,67,67301,2013,9,2,655,6,1,1,1,1,1, , ,N,2,0,0,3,0,2,2,2,N,N,40 02:40.593,75 13:03.759,700, ,657, ,0, ,N, ,0, , , , , ,622786, , , ,2,0,0,0,0,0,2,0,0,0,0,2,2,0,0,0,0,0,0,0,0,0,0,0,0,0,0,0,0,0,0,0,0,0,0,4,0,40.0446,-75.2177, , 
 ,56063,2014009784,6,67,67301,2013,12,1,1347,13,1,4,3,8,1, , ,N,0,0,0,3,0,1,2,2,N,N,39 55:03.054,75 14:45.434,1426, ,1347, ,0, ,N, ,0, , , , , ,622793, , , ,1,1,0,0,0,0,0,0,0,0,1,0,1,0,1,0,0,0,0,0,0,0,0,0,0,0,0,0,0,0,0,0,1,0,0,3,0,39.9175,-75.246, , 
 ,56064,2013099763,6,67,67301,2013,9,1,428,4,3,1,0,7,4, , ,N,0,0,0,3,0,0,1,1,N,N,39 58:52.558,75 12:24.824,432, ,429, ,0, ,N, ,0, , , , , ,622794, , , ,1,1,0,0,0,0,0,0,0,0,0,0,0,0,0,0,0,0,0,0,0,0,0,0,0,0,0,0,0,0,0,0,0,0,0,0,0,39.9813,-75.2069, , 
 ,56065,2013129435,6,67,67301,2013,11,2,852,8,1,1,0,6,1, , ,N,1,3,0,3,0,0,2,2,N,N,39 56:23.452,75 09:30.455,900, ,852, ,0, ,N, ,3, , , , , ,622821, , , ,2,1,0,0,1,0,0,0,0,0,0,0,0,0,0,0,0,0,0,0,0,0,0,0,0,0,0,0,0,0,0,0,0,0,0,0,0,39.9398,-75.1585, , 
 ,56066,2014009641,6,67,67301,2013,12,4,9999,99,1,1,0,1,1, , ,N,3,2,0,3,0,0,4,3,N,N,40 03:47.826,75 08:21.544,9999, ,9999,1,1,2,N, ,3,Y, , , , ,622830, , , ,3,3,0,0,0,0,0,0,0,0,0,0,0,0,0,0,0,0,0,0,0,0,0,0,0,0,0,0,0,0,0,0,0,0,0,0,0,40.0633,-75.1393, , 
 ,56067,2014013146,6,67,67301,2013,12,4,1824,18,3,1,0,4,1, , ,N,1,2,0,3,0,0,2,2,N,N,39 58:30.781,75 11:41.713,1839, ,1831, ,0, ,N, ,3, , , , , ,622831, , , ,2,1,0,0,0,0,1,0,0,0,0,0,0,0,0,0,0,0,0,0,1,0,0,0,0,0,0,0,0,0,0,0,0,0,0,0,0,39.9751,-75.195, , 
 ,56068,2014003308,6,67,67301,2013,12,6,909,9,1,9,1,8,1, , ,N,0,0,7,3,0,1,2,2,N,N,39 58:11.476,75 14:43.089,913, ,911,1,1,1,N, ,0,Y, , , , ,622854, , , ,1,1,0,0,0,0,0,0,0,0,0,1,1,0,0,0,0,0,0,0,1,0,0,0,0,0,0,0,0,0,0,0,1,0,0,4,0,39.9699,-75.2453, , 
 ,56069,2013123013,6,67,67301,2013,11,5,1340,13,1,2,1,4,1, , ,N,1,3,0,3,0,4,4,2,N,N,39 57:54.806,75 11:30.562,1350, ,1345, ,0, ,N, ,3, , , , , ,622863, , , ,2,1,0,0,0,0,0,1,0,0,0,0,4,4,0,0,0,0,0,0,0,1,0,0,0,0,0,0,0,0,0,0,0,0,0,8,0,39.9652,-75.1918, , 
 ,56070,2014006905,6,67,67301,2013,12,6,530,5,3,1,0,1,1, , ,N,0,2,0,3,0,1,2,2,N, ,40 05:39.713,75 00:54.766,540, ,530, ,0, , , ,3, , , , , ,622879, , , ,2,1,0,0,0,0,0,0,0,0,0,1,1,0,0,0,0,0,0,0,0,0,0,0,0,0,0,0,0,0,0,0,0,0,0,4,0,40.0944,-75.0152, , 
 ,56071,2013111273,6,67,67301,2013,11,3,1229,12,1,1,0,5,1, , ,N,0,0,0,3,0,1,2,2,N,N,40 00:17.835,75 09:07.871,1232, ,1230, ,0, ,N, ,0, , , , , ,622907, , , ,2,2,0,0,0,0,0,0,0,1,0,0,1,0,0,0,0,0,0,0,1,0,0,1,0,0,0,1,0,0,0,0,0,0,0,2,0,40.005,-75.1522, , 
 ,56072,2013121375,6,67,67301,2013,10,3,834,8,1,1,0,4,1, , ,N,0,0,7,3,0,2,3,2,N,N,40 00:45.692,75 09:01.768,845, ,836, ,0, ,N, ,0, , , , , ,622915, , , ,2,1,0,0,1,0,0,0,0,1,0,1,2,0,0,0,0,0,0,0,0,0,0,0,0,0,0,0,0,0,0,0,0,0,0,2,0,40.0127,-75.1505, , 