wz_ln_closure,objectid_1,crn,district,county,municipality,crash_year,crash_month,day_of_week,time_of_day,hour_of_day,illumination,weather,road_condition,collision_type,relation_to_road,work_zone_type,work_zone_loc,work_zone_ind,intersect_type,tcd_type,location_type,urban_rural,fatal_count,injury_count,person_count,total_units,sch_bus_ind,sch_zone_ind,latitude,longitude,arrival_tm,cons_zone_spd_lim,dispatch_tm,est_hrs_closed,lane_closed,ln_close_dir,ntfy_hiwy_maint,spec_juris_cd,tcd_func_cd,tfc_detour_ind,workers_pres,wz_close_detour,wz_flagger,wz_law_offcr_ind,objectid,wz_moving,wz_other,wz_shlder_mdn,vehicle_count,automobile_count,motorcycle_count,bus_count,small_truck_count,heavy_truck_count,suv_count,van_count,bicycle_count,maj_inj_count,mod_inj_count,min_inj_count,tot_inj_count,unk_inj_deg_count,unk_inj_per_count,driver_count_16yr,driver_count_17yr,driver_count_18yr,driver_count_19yr,driver_count_20yr,driver_count_50_64yr,driver_count_65_74yr,driver_count_75plus,unbelted_occ_count,unb_death_count,unb_maj_inj_count,belted_death_count,belted_maj_inj_count,mcycle_death_count,mcycle_maj_inj_count,bicycle_death_count,bicycle_maj_inj_count,ped_count,ped_death_count,ped_maj_inj_count,max_severity_level,comm_veh_count,dec_lat,dec_long,rdwy_surf_type_cd,county_name
 ,56073,2013134207,6,67,67301,2013,12,1,1412,14,1,2,1,7,2, , ,N,0,0,0,3,0,0,1,1,N,N,39 58:52.993,75 12:24.604,1412, ,1412, ,0, ,N, ,0, , , , , ,622923, , , ,1,1,0,0,0,0,0,0,0,0,0,0,0,0,0,0,0,0,0,0,0,0,0,0,0,0,0,0,0,0,0,0,0,0,0,0,0,39.9814,-75.2068, , 
 ,56074,2013121445,6,67,67301,2013,10,1,529,5,3,1,0,6,6, , ,N,0,0,0,3,0,0,3,2,N,N,40 01:28.236,75 07:23.350,545, ,530,3,1,4, , ,0,N, , , , ,625749, , , ,2,2,0,0,0,0,0,0,0,0,0,0,0,0,3,0,0,0,0,1,0,0,0,0,0,0,0,0,0,0,0,0,0,0,0,9,0,40.0245,-75.1232, , 
 ,56075,2014001073,6,67,67301,2013,11,6,2257,22,3,2,1,7,2, , ,N,3,2,0,3,0,0,3,1,N,N,39 59:15.701,75 12:58.133,2325, ,2320,2,1,1,N, ,3,N, , , , ,625776, , , ,1,1,0,0,0,0,0,0,0,0,0,0,0,0,0,0,0,0,0,0,0,0,0,0,0,0,0,0,0,0,0,0,0,0,0,0,0,39.9877,-75.2161, , 
 ,56076,2013111755,6,67,67301,2013,10,3,734,7,1,1,0,8,1, , ,N,0,0,0,3,0,1,2,2,N,N,39 56:38.252,75 09:36.126,736, ,735, ,0, ,N, ,0, , , , , ,625786, , , ,1,1,0,0,0,0,0,0,0,0,0,0,1,1,0,0,0,0,0,0,0,0,0,0,0,0,0,0,0,0,0,0,1,0,0,8,0,39.944,-75.16, , 
 ,56077,2014006829,6,67,67301,2013,12,5,645,6,1,8,5,8,1, , ,N,0,0,0,3,0,1,2,2,N,N,40 07:53.842,75 00:47.452,2150, ,2140, ,0, , , ,0, , , , , ,625832, , , ,1,1,0,0,0,0,0,0,0,0,0,1,1,0,0,0,0,0,0,0,0,0,0,0,0,0,0,0,0,0,0,0,1,0,0,4,0,40.1316,-75.0132, , 
 ,56078,2013121367,6,67,67301,2013,11,1,1700,17,4,1,0,5,1, , ,N,0,0,0,3,0,0,3,2,N,N,39 58:15.312,75 09:20.811,1708, ,1707, ,0, , , ,0, , , , , ,625855, , , ,2,0,0,0,0,0,2,0,0,0,0,0,0,0,0,0,0,0,0,0,0,0,0,0,0,0,0,0,0,0,0,0,0,0,0,0,0,39.9709,-75.1558, , 
 ,56079,2013121491,6,67,67301,2013,10,6,9999,99,1,1,0,4,1, , ,N,1,2,2,3,0,2,3,2,N,N,39 57:33.096,75 10:31.923,1523, ,1520, ,0, ,N, ,3, , , , , ,625856, , , ,2,1,0,0,0,0,1,0,0,0,1,1,2,0,0,0,0,0,0,0,0,0,0,0,0,0,0,0,0,0,0,0,0,0,0,3,0,39.9592,-75.1755, , 
 ,56080,2013125997,6,67,67301,2013,11,6,1229,12,1,1,0,4,1, , ,N,1,2,0,3,0,1,2,2,N,N,39 55:05.239,75 10:51.193,1230, ,1229,1,1,3,N, ,3,N, , , , ,625859, , , ,2,1,0,1,0,0,0,0,0,0,0,0,1,1,0,0,0,0,0,0,1,0,0,0,0,0,0,0,0,0,0,0,0,0,0,8,1,39.9181,-75.1809, , 
 ,56081,2014001064,6,67,67301,2013,12,2,9999,99,3,1,0,1,6, , ,N,0,0,0,3,0,0,1,4,N,N,39 56:16.541,75 09:14.255,715, ,712,9,1,3,N, ,0,N, , , , ,625869, , , ,4,3,0,0,0,0,0,1,0,0,0,0,0,0,0,0,0,0,0,0,0,0,0,0,0,0,0,0,0,0,0,0,0,0,0,0,0,39.9379,-75.154, , 
 ,56082,2014006853,6,67,67301,2013,12,7,1253,12,1,1,0,4,1, , ,N,2,3,0,3,0,1,2,3,N,N,40 02:07.720,75 08:49.873,1325, ,1253, ,0, ,N, ,3, , , , , ,625871, , , ,3,1,0,0,1,0,1,0,0,0,0,1,1,0,0,0,0,0,0,0,2,0,0,0,0,0,0,0,0,0,0,0,0,0,0,4,0,40.0355,-75.1472, , 
 ,56083,2014009629,6,67,67301,2013,12,3,1300,13,1,1,0,4,1, , ,N,1,1,0,3,0,0,2,2,N,N,40 00:27.502,75 07:38.377,1314, ,1304, ,0, ,N, ,3, , , , , ,625873, , , ,2,1,0,0,1,0,0,0,0,0,0,0,0,0,0,0,0,0,1,0,0,0,0,2,0,0,0,0,0,0,0,0,0,0,0,0,0,40.0076,-75.1273, , 
 ,56084,2013121508,6,67,67301,2013,10,1,9999,99,3,1,0,1,1, , ,N,0,0,0,3,0,1,2,2,N, ,39 56:09.168,75 10:06.256,5, ,5, ,0, , , ,0, , , , , ,625899, , , ,1,0,0,0,0,0,0,0,1,0,0,0,1,1,0,0,0,0,0,0,0,0,0,0,0,0,0,0,0,0,0,0,0,0,0,8,0,39.9359,-75.1684, , 
 ,56085,2014002798,6,67,67301,2013,12,1,1021,10,1,1,0,4,1, , ,N,1,2,0,3,0,1,2,2,N, ,39 58:44.958,75 08:14.888,1028, ,1023,1,1,2, , ,3,Y, , , , ,625918, , , ,2,1,0,0,0,0,0,1,0,0,0,1,1,0,0,0,0,0,0,0,0,0,0,0,0,0,0,0,0,0,0,0,0,0,0,4,0,39.9792,-75.1375, , 
 ,56086,2014009830,6,67,67301,2013,12,1,2333,23,3,1,0,5,1, , ,N,0,0,0,3,0,0,1,3,N,N,40 02:25.713,75 11:16.288,9, ,2358,2,2,6,N, ,0,Y, , , , ,625919, , , ,2,2,0,0,0,0,0,0,0,0,0,0,0,0,0,0,0,0,0,0,0,0,0,0,0,0,0,0,0,0,0,0,0,0,0,0,0,40.0405,-75.1879, , 
 ,56087,2013122453,6,67,67301,2013,9,1,1758,17,1,1,0,4,1, , ,N,2,2,0,3,0,3,3,3,N,N,39 54:09.142,75 13:29.144,1809, ,1758,3,2,4,N, ,3,Y, , , , ,625928, , , ,3,2,0,0,1,0,0,0,0,0,0,0,3,3,0,0,0,0,0,0,0,1,0,0,0,0,0,0,0,0,0,0,0,0,0,8,0,39.9025,-75.2248, , 
 ,56088,2014009628,6,67,67301,2013,11,7,839,8,1,1,0,7,4, , ,N,2,3,0,3,0,1,1,2,N,N,40 02:27.564,75 09:49.334,911, ,859, ,0, ,N, ,3, , , , , ,625936, , , ,1,1,0,0,0,0,0,0,0,0,0,1,1,0,0,0,0,0,0,0,0,0,0,0,0,0,0,0,0,0,0,0,0,0,0,4,0,40.041,-75.1637, , 
 ,56089,2014009666,6,67,67301,2013,12,5,1130,11,1,1,0,8,1, , ,N,1,2,0,3,0,1,2,2,N, ,40 01:54.231,75 10:43.900,1134, ,1133, ,0, , , ,3, , , , , ,625937, , , ,1,0,0,0,1,0,0,0,0,0,0,1,1,0,0,0,0,0,0,0,0,0,1,0,0,0,0,0,0,0,0,0,1,0,0,4,0,40.0317,-75.1789, , 
 ,56090,2014009814,6,67,67301,2013,12,2,1555,15,1,2,1,7,4, , ,N,0,0,0,3,0,1,1,1,N,N,40 07:53.577,75 00:47.728,1610, ,1600,1,1,1,N, ,0,N, , , , ,625939, , , ,1,1,0,0,0,0,0,0,0,0,0,1,1,0,0,0,0,0,1,0,0,0,0,0,0,0,0,0,0,0,0,0,0,0,0,4,0,40.1315,-75.0133, , 
 ,56091,2013106868,6,67,67301,2013,10,4,1026,10,1,1,0,1,1, , ,N,0,0,0,3,0,1,2,2,N,N,39 59:29.255,75 05:10.706,1059, ,1031, ,0, ,N, ,0, , , , , ,625942, , , ,2,1,0,0,0,0,0,1,0,0,0,0,1,1,0,0,0,0,0,0,1,0,0,0,0,0,0,0,0,0,0,0,0,0,0,8,0,39.9915,-75.0863, , 
 ,56092,2014001027,6,67,67301,2013,11,4,9999,99,1,2,1,1,1, , ,N,0,0,0,3,0,0,2,2,N,N,39 58:24.213,75 07:12.308,9999, ,9999,1,2,1,N, ,0,N, , , , ,616425, , , ,2,1,0,0,0,1,0,0,0,0,0,0,0,0,0,0,0,0,0,0,0,1,0,0,0,0,0,0,0,0,0,0,0,0,0,0,1,39.9733,-75.1202, , 
 ,56093,2014013547,6,67,67301,2013,12,3,1835,18,3,1,0,1,1, , ,N,2,0,0,3,0,1,3,2,N,N,40 06:23.326,75 01:48.353,1927, ,1919,2,1,1,N, ,0,N, , , , ,616428, , , ,2,2,0,0,0,0,0,0,0,0,0,0,1,1,0,0,0,0,0,0,1,0,0,0,0,0,0,0,0,0,0,0,0,0,0,8,0,40.1065,-75.0301, , 
 ,56094,2013055515,6,67,67301,2013,5,3,1054,10,1,1,0,1,7, , ,N,2,2,2,3,0,1,2,2,N,N,39 58:28.976,75 11:54.231,1135, ,1130, ,0, ,N, ,3, , , , , ,616430, , , ,2,1,0,0,0,0,1,0,0,0,0,0,1,1,1,0,0,0,0,0,1,0,0,0,0,0,0,0,0,0,0,0,0,0,0,8,0,39.9747,-75.1984, , 
 ,56095,2013076390,6,67,67301,2013,7,1,1336,13,1,1,0,1,1, , ,N,0,0,0,3,0,0,8,3,N,N,39 57:31.167,75 10:04.976,1343, ,1338, ,0, ,N, ,0, , , , , ,616446, , , ,3,2,0,0,0,0,1,0,0,0,0,0,0,0,0,0,0,0,0,0,0,0,0,0,0,0,0,0,0,0,0,0,0,0,0,0,0,39.9587,-75.168, , 
 ,56096,2013086178,6,67,67301,2013,8,6,1530,15,1,2,1,4,1, , ,N,1,2,0,3,0,0,2,2,N,N,39 59:45.293,75 05:31.432,1535, ,1530, ,0, ,N, ,3, , , , , ,616455, , , ,2,1,0,0,1,0,0,0,0,0,0,0,0,0,1,0,0,0,0,0,0,0,1,0,0,0,0,0,0,0,0,0,0,0,0,9,0,39.9959,-75.0921, , 
 ,56097,2013086979,6,67,67301,2013,8,1,347,3,3,1,0,7,5, , ,N,0,0,0,3,0,0,1,1,N, ,39 57:14.311,75 12:04.908,349, ,348, ,0, , , ,0, , , , , ,616456, , , ,1,1,0,0,0,0,0,0,0,0,0,0,0,0,0,0,0,0,0,0,0,0,0,0,0,0,0,0,0,0,0,0,0,0,0,0,0,39.954,-75.2014, , 
 ,56098,2013086753,6,67,67301,2013,8,1,1835,18,1,1,0,5,1, , ,N,1,2,0,3,0,1,3,2,N, ,39 56:29.216,75 14:06.241,1836, ,1836, ,0, , , ,3, , , , , ,616497, , , ,2,2,0,0,0,0,0,0,0,0,0,1,1,0,0,0,0,0,0,0,0,0,0,0,0,0,0,0,0,0,0,0,0,0,0,4,0,39.9414,-75.2351, , 
 ,56099,2013106651,6,67,67301,2013,9,4,1800,18,1,1,0,4,1, , ,N,0,2,0,3,0,1,2,2,N,N,39 58:18.122,75 12:42.980,1810, ,1805,3,2,5,N, ,3,Y, , , , ,616514, , , ,1,0,0,0,0,0,1,0,1,0,0,0,1,1,0,0,0,0,0,0,1,0,0,0,0,0,0,0,0,0,0,0,0,0,0,8,0,39.9717,-75.2119, , 
 ,56100,2013121515,6,67,67301,2013,10,6,1700,17,1,9,8,8,1, , ,N,1,2,0,3,0,1,2,2,N, ,39 55:26.156,75 13:19.597,1707, ,1707, ,0, , , ,3, , , , , ,616523, , , ,1,0,0,0,0,0,0,1,0,0,1,0,1,0,1,0,0,0,0,0,0,0,0,0,0,0,0,0,0,0,0,0,1,0,0,3,0,39.9239,-75.2221, , 
 ,56101,2014001075,6,67,67301,2013,11,7,847,8,1,1,0,4,1, , ,N,1,2,0,3,0,3,3,2,N, ,39 57:40.557,75 14:05.578,850, ,848, ,0, , , ,3, , , , , ,616533, , , ,2,0,0,0,1,0,1,0,0,0,0,0,3,3,0,0,0,0,0,0,1,0,0,1,0,0,0,0,0,0,0,0,0,0,0,8,0,39.9612,-75.2349, , 
 ,56102,2013114478,6,67,67301,2013,10,6,814,8,1,1,0,2,1, , ,N,1,2,0,3,0,1,2,2,N,N,39 58:00.800,75 11:31.732,819, ,817, ,0, ,N, ,3, , , , , ,616599, , , ,2,1,0,0,0,1,0,0,0,0,0,1,1,0,0,0,0,0,0,0,1,0,0,0,0,0,0,0,0,0,0,0,0,0,0,4,1,39.9669,-75.1921, , 
 ,56103,2014002806,6,67,67301,2013,12,6,1640,16,3,2,1,8,1, , ,N,1,3,0,3,0,1,2,2,N,N,39 58:50.977,75 08:18.473,1656, ,1652, ,0, ,N, ,3, , , , , ,616619, , , ,1,1,0,0,0,0,0,0,0,0,0,1,1,0,0,0,0,0,0,0,1,0,0,0,0,0,0,0,0,0,0,0,1,0,0,4,0,39.9808,-75.1385, , 
 ,56104,2013121550,6,67,67301,2013,6,6,9999,99,1,1,0,8,1, , ,N,0,0,0,3,0,1,2,2,N,N,39 56:00.996,75 09:50.256,1848, ,1848, ,0, ,N, ,0, , , , , ,616632, , , ,1,1,0,0,0,0,0,0,0,0,1,0,1,0,0,0,0,0,0,0,1,0,0,0,0,0,0,0,0,0,0,0,1,0,0,3,0,39.9336,-75.164, , 
 ,56105,2014013172,6,67,67301,2013,12,4,2030,20,3,1,0,1,1, , ,N,1,2,0,3,0,1,3,2,N, ,40 01:47.237,75 03:36.393,2035, ,2030, ,0, , , ,3, , , , , ,616678, , , ,2,2,0,0,0,0,0,0,0,0,0,0,1,1,0,0,0,0,0,0,1,0,0,0,0,0,0,0,0,0,0,0,0,0,0,8,0,40.0298,-75.0601, , 
 ,56106,2013125932,6,67,67301,2013,11,3,1352,13,1,1,0,4,1, , ,N,1,2,0,3,0,1,2,2,N,N,40 00:26.675,75 04:41.014,1359, ,1352,3,2,7,N, ,3,Y, , , , ,616691, , , ,2,2,0,0,0,0,0,0,0,0,0,1,1,0,0,0,0,0,0,0,0,1,0,0,0,0,0,0,0,0,0,0,0,0,0,4,0,40.0074,-75.0781, , 
 ,56107,2014013165,6,67,67301,2013,12,1,2305,23,3,1,1,2,1, , ,N,0,0,0,3,0,3,8,3,N,N,40 01:45.135,75 11:23.588,2315, ,2310,1,1,2,N, ,0,Y, , , , ,616713, , , ,3,2,0,0,0,0,1,0,0,0,0,3,3,0,0,0,0,0,0,1,0,0,0,0,0,0,0,0,0,0,0,0,0,0,0,4,0,40.0292,-75.1899, , 
 ,56108,2014013597,6,67,67301,2013,12,6,2135,21,3,1,0,4,1, , ,N,1,2,0,3,0,0,2,2,N,N,39 57:06.318,75 12:11.069,2144, ,2142, ,0, ,N, ,3, , , , , ,616714, , , ,2,2,0,0,0,0,0,0,0,0,0,0,0,0,0,0,0,1,0,1,0,0,0,0,0,0,0,0,0,0,0,0,0,0,0,0,0,39.9518,-75.2031, , 
 ,56109,2013125911,6,67,67301,2013,11,3,627,6,1,2,1,4,1, , ,N,1,2,0,3,0,2,2,2,N,N,40 02:46.713,75 08:09.655,635, ,629, ,0, ,N, ,3, , , , , ,616743, , , ,2,1,0,0,0,0,1,0,0,0,2,0,2,0,0,0,0,0,0,0,0,0,0,0,0,0,0,0,0,0,0,0,0,0,0,3,0,40.0463,-75.136, , 
 ,56110,2013093114,6,67,67301,2013,8,5,54,0,8,2,1,8,1, , ,N,1,0,0,3,0,1,2,2,N, ,40 00:59.814,75 08:49.815,100, ,56, ,0, , , ,0, , , , , ,619802, , , ,1,1,0,0,0,0,0,0,0,0,0,0,1,1,0,0,0,0,0,0,0,1,0,0,0,0,0,0,0,0,0,0,1,0,0,8,0,40.0166,-75.1472, , 
 ,56111,2013106762,6,67,67301,2013,9,5,1450,14,1,1,0,5,1, , ,N,0,0,0,3,0,0,3,2,N,N,39 55:57.511,75 09:56.754,1458, ,1455,1,2,4, , ,0,Y, , , , ,619817, , , ,2,2,0,0,0,0,0,0,0,0,0,0,0,0,0,0,0,0,0,0,1,0,0,0,0,0,0,0,0,0,0,0,0,0,0,0,0,39.9326,-75.1658, , 
 ,56112,2013125858,6,67,67301,2013,11,1,2010,20,3,1,0,8,1, , ,N,0,0,0,3,0,1,2,2,N, ,39 59:25.737,75 07:38.629,2013, ,2013, ,0, , , ,0, , , , , ,619830, , , ,1,0,0,0,0,0,0,1,0,0,0,0,1,1,0,0,0,0,0,0,1,0,0,0,0,0,0,0,0,0,0,0,1,0,0,8,0,39.9905,-75.1274, , 
 ,56113,2014009766,6,67,67301,2013,12,1,1811,18,3,2,1,4,1, , ,N,2,2,7,3,0,1,2,2,N,N,40 05:36.345,74 57:43.771,1818, ,1813,1,1,1,N, ,3,N, , , , ,619849, , , ,2,1,0,0,1,0,0,0,0,0,0,1,1,0,0,0,0,0,0,0,0,0,0,0,0,0,0,0,0,0,0,0,0,0,0,4,0,40.0933,-74.9621, , 
 ,56114,2013130062,6,67,67301,2013,11,5,2223,22,3,1,0,4,1, , ,N,1,2,0,3,0,0,3,3,N,N,40 02:06.022,75 04:09.823,2230, ,2225,2,2,1,N, ,3,Y, , , , ,619853, , , ,3,2,0,0,0,0,0,0,0,0,0,0,0,0,0,0,0,0,0,0,0,0,0,0,0,0,0,0,0,0,0,0,0,0,0,0,0,40.035,-75.0694, , 
 ,56115,2014013053,6,67,67301,2013,12,1,9999,99,3,2,1,7,2, , ,N,0,0,0,3,0,0,1,1,N,N,40 05:30.526,74 58:34.572,1838, ,1835, ,0, , , ,0, , , , , ,619863, , , ,1,1,0,0,0,0,0,0,0,0,0,0,0,0,0,0,0,0,0,0,0,0,0,0,0,0,0,0,0,0,0,0,0,0,0,0,0,40.0918,-74.9763, , 
 ,56116,2013106391,6,67,67301,2013,10,2,1357,13,1,1,0,5,1, , ,N,0,0,0,3,0,1,3,3,N,N,39 59:00.636,75 12:29.646,1358, ,1358,1,1,3,N, ,0,N, , , , ,619875, , , ,3,1,0,0,0,1,0,1,0,0,0,1,1,0,1,0,0,0,0,0,0,0,0,0,0,0,0,0,0,0,0,0,0,0,0,4,1,39.9835,-75.2082, , 
 ,56117,2013106688,6,67,67301,2013,9,4,1653,16,1,1,0,8,1, , ,N,0,0,0,3,0,1,2,2,N,N,39 55:45.801,75 13:09.891,1655, ,1653, ,0, ,N, ,0, , , , , ,619876, , , ,1,0,0,0,1,0,0,0,0,0,0,0,1,1,0,0,0,0,0,0,1,0,0,0,0,0,0,0,0,0,0,0,1,0,0,8,0,39.9294,-75.2194, , 
 ,56118,2014003323,6,67,67301,2013,12,4,920,9,1,1,6,7,4, , ,N,2,3,0,3,0,0,1,1,N, ,39 59:52.623,75 06:24.850,923, ,923, ,0, , , ,3, , , , , ,619914, , , ,1,0,0,0,0,0,1,0,0,0,0,0,0,0,1,0,0,0,0,0,0,0,0,0,0,0,0,0,0,0,0,0,0,0,0,9,0,39.998,-75.1069, , 
 ,56119,2014009806,6,67,67301,2013,12,5,750,7,1,4,5,6,1, , ,N,0,0,0,3,0,1,16,3,Y, ,40 02:04.412,75 09:39.168,810, ,751, ,0, , , ,0, , , , , ,619915, , , ,3,1,0,1,1,0,0,0,0,0,0,1,1,0,0,0,0,0,0,0,0,0,0,0,0,0,0,0,0,0,0,0,0,0,0,4,1,40.0346,-75.1609, , 
 ,56120,2013111906,6,67,67301,2013,10,7,1723,17,1,1,0,4,1, , ,N,1,1,0,3,0,2,2,2,N,N,39 54:32.832,75 13:59.411,1725, ,1724,2,1,3,N, ,3,Y, , , , ,619924, , , ,2,1,0,0,0,0,1,0,0,0,1,1,2,0,0,0,0,0,0,0,2,0,0,0,0,0,0,0,0,0,0,0,0,0,0,3,0,39.9091,-75.2332, , 
 ,56121,2013121524,6,67,67301,2013,10,6,1655,16,1,1,0,8,1, , ,N,0,0,0,3,0,1,2,2,N,N,39 55:32.912,75 13:28.502,1712, ,1704, ,0, ,N, ,0, , , , , ,619934, , , ,1,1,0,0,0,0,0,0,0,0,0,1,1,0,0,0,0,0,0,0,0,0,0,0,0,0,0,0,0,0,0,0,1,0,0,4,0,39.9258,-75.2246, , 
 ,56122,2014009695,6,67,67301,2013,12,1,1855,18,3,2,1,8,1, , ,N,1,2,2,3,0,1,3,3,N, ,40 00:28.701,75 11:29.918,1915, ,1909, ,0, , , ,3, , , , , ,619949, , , ,1,0,0,0,0,1,0,0,0,0,1,0,1,0,0,0,0,0,0,0,0,0,0,0,0,0,0,0,0,0,0,0,2,0,0,3,1,40.008,-75.1916, , 
 ,56123,2014013174,6,67,67301,2013,12,3,2105,21,3,1,0,4,1, , ,N,1,3,0,3,0,0,2,2,N,N,40 02:27.132,75 02:08.689,2120, ,2115, ,0, ,N, ,3, , , , , ,619950, , , ,2,1,0,0,0,0,1,0,0,0,0,0,0,0,0,0,0,0,0,0,0,0,0,0,0,0,0,0,0,0,0,0,0,0,0,0,0,40.0409,-75.0357, , 
 ,56124,2013074684,6,67,67301,2013,6,2,954,9,1,1,0,1,1, , ,N,0,0,0,3,0,1,1,2,N,N,40 02:40.996,75 08:36.604,1002, ,1001, ,0, , , ,0, , , , , ,619958, , , ,2,2,0,0,0,0,0,0,0,0,0,1,1,0,0,0,0,0,0,0,1,0,0,0,0,0,0,0,0,0,0,0,0,0,0,4,0,40.0447,-75.1435, , 
 ,56125,2013074779,6,67,67301,2013,6,1,49,0,3,1,0,7,2, , ,N,1,2,0,3,0,0,1,1,N,N,39 58:08.526,75 09:36.120,49, ,49, ,0, ,N, ,3, , , , , ,619959, , , ,1,1,0,0,0,0,0,0,0,0,0,0,0,0,1,0,0,0,0,0,0,0,0,0,0,0,0,0,0,0,0,0,0,0,0,9,0,39.9689,-75.1599, , 
 ,56126,2013079505,6,67,67301,2013,7,2,1121,11,1,1,0,1,1, , ,N,1,2,0,3,0,1,5,2,N,N,40 03:41.185,75 05:01.882,1128, ,1123, ,0, ,N, ,3, , , , , ,619962, , , ,2,1,0,0,0,1,0,0,0,0,0,1,1,0,0,0,0,0,0,0,0,0,0,0,0,0,0,0,0,0,0,0,0,0,0,4,1,40.0614,-75.0839, , 
 ,56127,2013101123,6,67,67301,2013,8,7,915,9,1,1,0,8,1, , ,N,1,0,0,3,0,1,2,2,N,N,40 00:05.158,75 07:38.326,952, ,948, ,0, ,N, ,0, , , , , ,619980, , , ,1,0,0,0,0,0,1,0,0,0,0,1,1,0,0,0,0,0,0,0,0,0,0,0,0,0,0,0,0,0,0,0,1,0,0,4,0,40.0014,-75.1273, , 
 ,56128,2014009808,6,67,67301,2013,12,1,1515,15,1,2,1,4,1, , ,N,0,0,7,3,0,2,3,2,N,N,39 59:00.234,75 06:56.476,1632, ,1631, ,0, ,N, ,0, , , , , ,622924, , , ,2,2,0,0,0,0,0,0,0,0,0,0,2,2,0,0,0,0,0,0,0,0,0,1,0,0,0,0,0,0,0,0,0,0,0,8,0,39.9834,-75.1157, , 
 ,56129,2013125861,6,67,67301,2013,11,7,2130,21,3,1,0,8,1, , ,N,1,0,0,3,0,1,2,2,N,N,39 56:52.234,75 09:41.723,2130, ,2130, ,0, ,N, ,0, , , , , ,622935, , , ,1,1,0,0,0,0,0,0,0,0,0,0,1,1,0,0,0,0,0,0,0,0,0,0,0,0,0,0,0,0,0,0,1,0,0,8,0,39.9478,-75.1616, , 
 ,56130,2014002739,6,67,67301,2013,11,1,1346,13,1,1,0,1,5, , ,N,0,0,0,3,0,1,1,4,N,N,40 01:36.240,75 02:55.430,1400, ,1346, ,0, ,N, ,0, , , , , ,622943, , , ,4,4,0,0,0,0,0,0,0,0,0,0,1,1,0,0,0,0,0,1,0,0,0,0,0,0,0,0,0,0,0,0,0,0,0,8,0,40.0267,-75.0487, , 
 ,56131,2013121324,6,67,67301,2013,10,3,1925,19,3,1,0,6,1, , ,N,2,3,7,3,0,1,2,2,N,N,40 02:09.760,75 11:10.789,1950, ,1945, ,0, ,N, ,3, , , , , ,622949, , , ,2,2,0,0,0,0,0,0,0,0,0,1,1,0,0,0,0,0,0,0,1,0,0,0,0,0,0,0,0,0,0,0,0,0,0,4,0,40.036,-75.1863, , 
 ,56132,2014016007,6,67,67301,2013,10,2,1300,13,1,1,0,1,1, , ,N,1,3,0,3,0,3,4,2,N,N,39 57:53.649,75 09:33.990,0, ,0, ,0, ,N, ,3, , , , , ,622964, , , ,2,1,0,0,0,0,1,0,0,0,0,0,3,3,1,0,0,0,0,0,1,0,0,0,0,0,0,0,0,0,0,0,0,0,0,8,0,39.9649,-75.1594, , 
 ,56133,2013125896,6,67,67301,2013,5,6,1515,15,1,1,0,8,1, , ,N,0,0,0,3,0,1,2,2,N,N,39 58:08.216,75 14:10.161,1546, ,1543, ,0, , , ,0, , , , , ,622975, , , ,1,1,0,0,0,0,0,0,0,0,0,1,1,0,0,0,0,0,0,0,0,0,0,0,0,0,0,0,0,0,0,0,1,0,0,4,0,39.9689,-75.2362, , 
 ,56134,2013130048,6,67,67301,2013,11,2,1555,15,1,1,0,8,1, , ,N,0,0,0,3,0,1,2,2,N,N,39 58:24.423,75 14:01.796,1607, ,1605, ,0, , , ,0, , , , , ,622979, , , ,1,1,0,0,0,0,0,0,0,0,0,1,1,0,0,0,0,0,0,0,0,0,0,0,0,0,0,0,0,0,0,0,1,0,0,4,0,39.9735,-75.2338, , 
 ,56135,2013121476,6,67,67301,2013,10,1,1932,19,3,1,0,7,5, , ,N,0,0,0,3,0,1,1,1,N,N,39 58:35.205,75 08:46.622,1934, ,1933, ,0, ,N, ,0, , , , , ,622993, , , ,1,0,0,0,0,0,0,1,0,0,0,0,1,1,0,0,0,0,0,0,0,0,0,1,0,0,0,0,0,0,0,0,0,0,0,8,0,39.9764,-75.1463, , 
 ,56136,2013122959,6,67,67301,2013,10,5,1730,17,4,1,0,4,1, , ,N,1,2,0,3,0,3,3,2,N,N,40 03:44.697,75 09:18.946,1815, ,1804, ,0, ,N, ,3, , , , , ,622996, , , ,2,1,0,0,0,0,1,0,0,0,0,1,3,2,0,0,0,0,0,0,0,0,0,0,0,0,0,0,0,0,0,0,0,0,0,4,0,40.0624,-75.1553, , 
 ,56137,2013128383,6,67,67301,2013,12,5,1500,15,1,1,0,1,1, , ,N,0,0,0,3,0,2,3,3,N,N,39 59:26.163,75 12:16.727,1506, ,1503,1,1,4,N, ,0,N, , , , ,622999, , , ,3,3,0,0,0,0,0,0,0,0,0,2,2,0,0,0,0,0,0,0,2,0,0,0,0,0,0,0,0,0,0,0,0,0,0,4,0,39.9906,-75.2046, , 
 ,56138,2014006396,6,67,67301,2013,12,1,922,9,1,2,1,7,3, , ,N,0,0,0,3,0,2,4,2,N,N,39 58:57.309,75 12:27.900,926, ,923, ,0, ,N, ,0, , , , , ,623022, , , ,2,2,0,0,0,0,0,0,0,0,0,0,2,2,0,0,0,0,0,0,0,1,0,2,0,0,0,0,0,0,0,0,0,0,0,8,0,39.9826,-75.2078, , 
 ,56139,2014006902,6,67,67301,2013,12,5,1658,16,3,1,0,4,1, , ,N,1,3,0,3,0,1,2,2,N,N,39 59:57.041,75 08:03.904,1738, ,1737, ,0, ,N, ,3, , , , , ,623023, , , ,2,1,0,0,0,0,0,1,0,0,0,0,1,1,0,0,0,0,0,0,0,1,0,2,0,0,0,0,0,0,0,0,0,0,0,8,0,39.9992,-75.1344, , 