wz_ln_closure,objectid_1,crn,district,county,municipality,crash_year,crash_month,day_of_week,time_of_day,hour_of_day,illumination,weather,road_condition,collision_type,relation_to_road,work_zone_type,work_zone_loc,work_zone_ind,intersect_type,tcd_type,location_type,urban_rural,fatal_count,injury_count,person_count,total_units,sch_bus_ind,sch_zone_ind,latitude,longitude,arrival_tm,cons_zone_spd_lim,dispatch_tm,est_hrs_closed,lane_closed,ln_close_dir,ntfy_hiwy_maint,spec_juris_cd,tcd_func_cd,tfc_detour_ind,workers_pres,wz_close_detour,wz_flagger,wz_law_offcr_ind,objectid,wz_moving,wz_other,wz_shlder_mdn,vehicle_count,automobile_count,motorcycle_count,bus_count,small_truck_count,heavy_truck_count,suv_count,van_count,bicycle_count,maj_inj_count,mod_inj_count,min_inj_count,tot_inj_count,unk_inj_deg_count,unk_inj_per_count,driver_count_16yr,driver_count_17yr,driver_count_18yr,driver_count_19yr,driver_count_20yr,driver_count_50_64yr,driver_count_65_74yr,driver_count_75plus,unbelted_occ_count,unb_death_count,unb_maj_inj_count,belted_death_count,belted_maj_inj_count,mcycle_death_count,mcycle_maj_inj_count,bicycle_death_count,bicycle_maj_inj_count,ped_count,ped_death_count,ped_maj_inj_count,max_severity_level,comm_veh_count,dec_lat,dec_long,rdwy_surf_type_cd,county_name
 ,56140,2014009632,6,67,67301,2013,11,6,1830,18,3,1,0,8,1, , ,N,0,0,0,3,0,1,2,2,N,N,39 56:30.374,75 13:31.515,1925, ,1919, ,0, , , ,0, , , , , ,623036, , , ,1,1,0,0,0,0,0,0,0,1,0,0,1,0,0,0,0,0,0,0,0,0,0,0,0,0,0,0,0,0,0,0,1,0,1,2,0,39.9418,-75.2254, , 
 ,56141,2014013563,6,67,67301,2013,12,2,50,0,3,1,1,7,4, , ,N,5,2,0,3,0,1,1,1,N, ,39 59:10.777,75 07:54.659,115, ,112, ,0, , , ,3, , , , , ,623038, , , ,1,1,0,0,0,0,0,0,0,0,0,1,1,0,0,0,0,0,0,0,0,0,0,0,0,0,0,0,0,0,0,0,0,0,0,4,0,39.9863,-75.1318, , 
 ,56142,2015020677,6,67,67301,2013,8,2,140,1,3,1,0,1,1, , ,N,0,0,0,3,0,1,5,2,N,N,40 01:06.007,75 08:55.169,205, ,203,3,2,6,N, ,0,N, , , , ,623039, , , ,2,2,0,0,0,0,0,0,0,0,0,0,1,1,4,0,0,0,0,0,0,0,0,0,0,0,0,0,0,0,0,0,0,0,0,8,0,40.0183,-75.1487, , 
 ,56143,2013111788,6,67,67301,2013,10,7,550,5,3,1,0,7,4, , ,N,0,0,0,3,0,0,1,1,N,N,39 57:02.819,75 10:32.917,557, ,556,3,2,4,N, ,0,Y, , , , ,623072, , , ,1,0,0,0,0,0,1,0,0,0,0,0,0,0,1,0,0,0,0,0,0,0,0,0,0,0,0,0,0,0,0,0,0,0,0,9,0,39.9508,-75.1758, , 
 ,56144,2013115357,6,67,67301,2013,10,5,1455,14,1,2,1,1,1, , ,N,1,2,0,3,0,0,2,2,N, ,39 53:50.903,75 15:08.533,1505, ,1455, ,0, , , ,3, , , , , ,623076, , , ,2,1,0,0,1,0,0,0,0,0,0,0,0,0,0,0,0,0,0,0,1,0,0,0,0,0,0,0,0,0,0,0,0,0,0,0,0,39.8974,-75.2522, , 
 ,56145,2013101278,6,67,67301,2013,9,5,727,7,1,1,0,8,1, , ,N,0,0,7,3,0,1,2,2,N,N,39 57:08.042,75 08:35.678,740, ,737, ,0, ,N, ,0, , , , , ,623077, , , ,1,1,0,0,0,0,0,0,0,0,0,1,1,0,0,0,0,0,0,0,1,0,0,0,0,0,0,0,0,0,0,0,1,0,0,4,0,39.9522,-75.1432, , 
 ,56146,2013111862,6,67,67301,2013,10,1,1843,18,3,1,0,4,1, , ,N,1,3,0,3,0,1,2,2,N,N,39 55:00.789,75 09:39.880,1847, ,1845, ,0, ,N, ,3, , , , , ,625946, , , ,1,1,0,0,0,0,0,0,1,1,0,0,1,0,1,0,0,0,0,0,0,0,0,0,0,0,0,0,0,0,0,1,0,0,0,2,0,39.9169,-75.1611, , 
 ,56147,2013130079,6,67,67301,2013,11,4,810,8,1,1,0,8,1, , ,N,1,3,0,3,0,1,2,2,N, ,40 01:31.810,75 12:38.267,825, ,816, ,0, , , ,3, , , , , ,625967, , , ,1,1,0,0,0,0,0,0,0,0,0,0,1,1,0,0,0,0,0,0,0,0,0,0,0,0,0,0,0,0,0,0,1,0,0,8,0,40.0255,-75.2106, , 
 ,56148,2014013059,6,67,67301,2013,12,7,729,7,1,1,0,7,4, , ,N,2,3,0,3,0,0,2,3,N,N,40 03:19.620,75 02:40.166,735, ,732, ,0, ,Y, ,3, , , , , ,625975, , , ,3,2,0,0,0,0,0,1,0,0,0,0,0,0,2,0,0,0,0,0,0,0,0,0,0,0,0,0,0,0,0,0,0,0,0,9,0,40.0555,-75.0445, , 
 ,56149,2014031208,6,67,67301,2013,11,1,9999,99,1,1,0,7,4, , ,N,0,0,0,3,0,1,1,1,N,N,39 56:22.926,75 13:31.626,1635, ,1622, ,0, ,N, ,0, , , , , ,625977, , , ,1,1,0,0,0,0,0,0,0,0,0,0,1,1,0,0,0,0,0,0,0,0,0,0,0,0,0,0,0,0,0,0,0,0,0,8,0,39.9397,-75.2255, , 
 ,56150,2013134205,6,67,67301,2013,12,6,554,5,3,1,0,5,1, , ,N,0,0,0,3,0,0,3,3,N,N,39 58:33.515,75 06:55.720,612, ,556,1,1,2,N, ,0,N, , , , ,625991, , , ,3,2,0,0,0,0,1,0,0,0,0,0,0,0,0,0,0,0,0,0,1,0,0,0,0,0,0,0,0,0,0,0,0,0,0,0,0,39.976,-75.1155, , 
 ,56151,2014013046,6,67,67301,2013,12,3,125,1,3,1,0,7,4, , ,N,0,0,0,3,0,0,1,1,N, ,40 01:24.449,75 05:32.845,143, ,131, ,0, , , ,0, , , , , ,625993, , , ,1,1,0,0,0,0,0,0,0,0,0,0,0,0,0,0,0,0,0,0,0,0,0,1,0,0,0,0,0,0,0,0,0,0,0,0,0,40.0235,-75.0925, , 
 ,56152,2013126148,6,67,67301,2013,12,2,2000,20,2,1,0,0,1, , ,N,0,0,0,3,0,1,2,2,N,N,39 53:56.582,75 10:06.185,2005, ,2000,3,2,2,N, ,0,N, , , , ,626013, , , ,2,0,1,0,0,1,0,0,0,0,1,0,1,0,0,0,0,0,0,0,1,0,0,0,0,0,0,0,0,0,0,0,0,0,0,3,1,39.8991,-75.1684, , 
 ,56153,2014015942,6,67,67301,2013,11,6,1800,18,4,1,0,1,1, , ,N,0,0,0,3,0,1,2,2,N,N,39 57:35.277,75 10:37.986,0, ,0, ,0, , , ,0, , , , , ,626024, , , ,2,2,0,0,0,0,0,0,0,0,0,1,1,0,1,0,0,0,0,0,0,0,0,0,0,0,0,0,0,0,0,0,0,0,0,4,0,39.9598,-75.1772, , 
 ,56154,2013121286,6,67,67301,2013,8,1,2010,20,3,1,0,8,1, , ,N,5,2,0,3,0,1,2,2,N, ,39 58:50.031,75 10:20.683,2013, ,2011, ,0, , , ,3, , , , , ,626048, , , ,1,0,0,0,0,0,1,0,0,0,0,1,1,0,0,0,0,0,0,0,0,0,0,0,0,0,0,0,0,0,0,0,1,0,0,4,0,39.9806,-75.1724, , 
 ,56155,2013121390,6,67,67301,2013,10,1,1800,18,1,1,0,4,1, , ,N,1,3,0,3,0,1,2,2,N,N,39 58:50.977,75 08:18.473,1830, ,1808, ,0, , , ,3, , , , , ,626049, , , ,1,0,0,0,0,0,1,0,1,0,0,1,1,0,0,0,0,0,0,0,0,0,0,0,0,0,0,0,0,0,0,0,0,0,0,4,0,39.9808,-75.1385, , 
 ,56156,2013124642,6,67,67301,2013,11,2,2025,20,3,1,0,5,1, , ,N,2,0,0,3,0,1,2,2,N,N,39 57:19.815,75 11:17.772,2040, ,2030, ,0, ,N, ,0, , , , , ,626050, , , ,2,1,0,0,1,0,0,0,0,0,0,0,1,1,0,0,1,0,0,0,0,0,0,0,0,0,0,0,0,0,0,0,0,0,0,8,0,39.9554,-75.1882, , 
 ,56157,2013125939,6,67,67301,2013,11,6,939,9,1,1,0,6,1, , ,N,1,2,0,3,0,1,3,2,N,N,39 59:07.481,75 14:53.054,947, ,942, ,0, ,N, ,3, , , , , ,626052, , , ,2,1,0,0,0,0,0,1,0,0,0,1,1,0,0,0,0,0,0,0,0,0,0,0,0,0,0,0,0,0,0,0,0,0,0,4,0,39.9854,-75.2481, , 
 ,56158,2013121567,6,67,67301,2013,9,2,2233,22,3,1,0,4,1, , ,N,1,3,0,3,0,2,3,3,N,N,39 57:00.802,75 13:29.672,2235, ,2234,2,2,7, , ,3,Y, , , , ,626071, , , ,3,2,0,0,0,0,1,0,0,0,0,2,2,0,0,0,0,0,0,0,0,0,0,0,0,0,0,0,0,0,0,0,0,0,0,4,0,39.9502,-75.2249, , 
 ,56159,2013123512,6,67,67301,2013,12,6,1250,12,1,2,1,1,1, , ,N,0,0,0,3,0,1,2,2,N,N,39 54:23.907,75 10:24.589,1257, ,1254, ,0, ,N, ,0, , , , , ,626072, , , ,2,1,0,0,0,1,0,0,0,0,0,0,1,1,0,0,0,0,0,0,0,0,0,0,0,0,0,0,0,0,0,0,0,0,0,8,1,39.9066,-75.1735, , 
 ,56160,2014000445,6,67,67301,2013,11,1,130,1,6,1,0,1,1, , ,N,1,2,0,3,0,0,3,2,N,N,39 59:16.858,75 06:21.436,1524, ,1524, ,0, ,N, ,3, , , , , ,626078, , , ,2,1,0,0,0,0,0,0,0,0,0,0,0,0,0,0,0,0,0,0,0,0,0,0,0,0,0,0,0,0,0,0,0,0,0,0,0,39.988,-75.106, , 
 ,56161,2014009681,6,67,67301,2013,12,3,2320,23,3,1,0,5,1, , ,N,0,0,0,3,0,0,3,2,N,N,40 03:16.818,75 10:47.214,2335, ,2324,2,2,5, , ,0,Y, , , , ,626080, , , ,2,1,0,0,0,0,1,0,0,0,0,0,0,0,1,0,0,0,0,0,1,0,0,0,0,0,0,0,0,0,0,0,0,0,0,9,0,40.0547,-75.1798, , 
 ,56162,2014019138,6,67,67301,2013,12,2,924,9,1,1,0,8,1, , ,N,0,0,0,3,0,1,2,2,N, ,39 59:47.551,75 09:16.782,936, ,926, ,0, ,N, ,0, , , , , ,626111, , , ,1,0,0,0,0,0,1,0,0,1,0,0,1,0,1,0,0,0,0,0,0,0,0,0,0,0,0,0,0,0,0,0,1,0,1,2,0,39.9965,-75.1547, , 
 ,56163,2013125886,6,67,67301,2013,11,1,1500,15,1,1,0,8,1, , ,N,1,0,0,3,0,1,2,2,N,N,39 59:04.957,75 06:10.964,1536, ,1531, ,0, , , ,0, , , , , ,626113, , , ,1,0,0,0,0,0,0,1,0,0,0,1,1,0,0,0,0,0,0,0,0,0,0,0,0,0,0,0,0,0,0,0,1,0,0,4,0,39.9847,-75.103, , 
 ,56164,2014002779,6,67,67301,2013,11,7,115,1,3,1,0,1,6, , ,N,0,0,0,3,0,0,1,3,N,N,40 01:11.605,75 09:38.430,149, ,149, ,0, ,N, ,0, , , , , ,616752, , , ,3,2,0,0,0,0,0,0,0,0,0,0,0,0,0,0,0,0,0,0,0,0,0,0,0,0,0,0,0,0,0,0,0,0,0,0,0,40.0199,-75.1607, , 
 ,56165,2014006863,6,67,67301,2013,12,3,0,0,3,1,0,1,6, , ,N,0,0,0,3,0,0,1,3,N,N,39 57:25.403,75 13:34.521,0, ,0, ,0, ,N, ,0, , , , , ,616753, , , ,3,2,0,0,1,0,0,0,0,0,0,0,0,0,0,0,0,0,0,0,0,0,0,0,0,0,0,0,0,0,0,0,0,0,0,0,0,39.9571,-75.2263, , 
 ,56166,2014010373,6,67,67301,2013,11,6,1603,16,1,1,0,5,1, , ,N,1,2,0,3,0,1,2,2,N, ,39 56:59.100,75 10:03.072,1610, ,1605, ,0, , , ,3, , , , , ,616755, , , ,1,0,0,0,1,0,0,0,1,0,0,1,1,0,0,0,0,0,0,0,0,0,0,0,0,0,0,0,0,0,0,0,0,0,0,4,0,39.9497,-75.1674, , 
 ,56167,2014001088,6,67,67301,2013,12,2,200,2,3,1,0,7,4, , ,N,0,0,0,3,0,0,2,1,N,N,40 00:49.752,75 07:48.414,207, ,206,3,2,7,N, ,0,Y, , , , ,616765, , , ,1,1,0,0,0,0,0,0,0,0,0,0,0,0,2,0,0,0,0,0,0,0,0,0,0,0,0,0,0,0,0,0,0,0,0,9,0,40.0138,-75.1301, , 
 ,56168,2014010347,6,67,67301,2013,12,7,1729,17,2,1,0,4,1, , ,N,1,2,0,3,0,0,5,2,N, ,40 02:57.481,75 04:04.310,1733, ,1730,1,1,2, , ,3,N, , , , ,616768, , , ,2,1,0,0,0,0,1,0,0,0,0,0,0,0,0,0,0,0,0,1,0,0,0,0,0,0,0,0,0,0,0,0,0,0,0,0,0,40.0493,-75.0679, , 
 ,56169,2013106642,6,67,67301,2013,10,3,1540,15,1,1,0,1,1, , ,N,1,2,0,3,0,1,3,2,Y,N,40 01:51.528,75 07:27.728,1605, ,1600, ,0, ,N, ,3, , , , , ,616776, , , ,2,1,0,1,0,0,0,0,0,0,0,1,1,0,0,0,0,0,0,0,0,0,0,1,0,0,0,0,0,0,0,0,0,0,0,4,1,40.031,-75.1244, , 
 ,56170,2013114496,6,67,67301,2013,10,2,1500,15,1,1,0,8,1, , ,N,0,0,0,3,0,1,2,2,N, ,39 57:29.427,75 13:38.254,1658, ,1658, ,0, , , ,0, , , , , ,616780, , , ,1,1,0,0,0,0,0,0,0,0,0,0,1,1,0,0,0,0,0,0,0,0,0,0,0,0,0,0,0,0,0,0,1,0,0,8,0,39.9582,-75.2273, , 
 ,56171,2013121544,6,67,67301,2013,10,1,353,3,3,1,0,7,2, , ,N,0,0,0,3,0,0,2,1,N,N,40 00:34.124,75 09:58.334,353, ,353, ,0, ,N, ,0, , , , , ,616784, , , ,1,0,0,0,0,0,1,0,0,0,0,0,0,0,0,0,0,0,0,0,0,0,0,0,0,0,0,0,0,0,0,0,0,0,0,0,0,40.0095,-75.1662, , 
 ,56172,2014001098,6,67,67301,2013,12,5,155,1,3,2,1,1,1, , ,N,0,0,0,3,0,0,2,2,N,N,39 56:28.423,75 12:33.463,215, ,211, ,0, ,N, ,0, , , , , ,616797, , , ,2,1,1,0,0,0,0,0,0,0,0,0,0,0,0,0,0,0,0,0,1,0,0,0,0,0,0,0,0,0,0,0,0,0,0,0,0,39.9412,-75.2093, , 
 ,56173,2014006799,6,67,67301,2013,12,1,1340,13,1,4,3,1,1, , ,N,1,2,0,3,0,0,4,2,N,N,39 57:22.551,75 09:46.043,1405, ,1355, ,0, ,N, ,3, , , , , ,616799, , , ,2,1,0,0,0,0,0,1,0,0,0,0,0,0,0,0,0,0,0,0,0,0,0,0,0,0,0,0,0,0,0,0,0,0,0,0,0,39.9562,-75.1627, , 
 ,56174,2013112701,6,67,67301,2013,10,6,1600,16,1,3,1,5,1, , ,N,0,0,0,3,0,1,4,3,N,N,40 01:15.907,75 08:26.422,1610, ,1600,1,1,2,N, ,0,Y, , , , ,616803, , , ,3,3,0,0,0,0,0,0,0,0,0,1,1,0,0,0,0,0,0,0,0,0,0,4,0,0,0,0,0,0,0,0,0,0,0,4,0,40.0211,-75.1407, , 
 ,56175,2013086192,6,67,67301,2013,7,1,2140,21,3,2,1,4,1, , ,N,2,2,2,3,0,1,5,2,N,N,39 58:29.060,75 11:57.003,2150, ,2145, ,0, ,N, ,3, , , , , ,616807, , , ,2,2,0,0,0,0,0,0,0,0,0,0,1,1,0,0,0,0,0,0,0,0,0,0,0,0,0,0,0,0,0,0,0,0,0,8,0,39.9746,-75.1992, , 
 ,56176,2013086891,6,67,67301,2013,7,1,1345,13,1,1,0,4,1, , ,N,0,0,0,3,0,1,3,2,N,N,39 55:42.283,75 09:21.402,1354, ,1350, ,0, ,N, ,0, , , , , ,616809, , , ,1,0,0,0,0,0,1,0,1,0,0,1,1,0,0,0,0,0,0,0,1,0,0,2,0,0,0,0,0,0,0,0,0,0,0,4,0,39.9284,-75.1559, , 
 ,56177,2013094940,6,67,67301,2013,9,7,2215,22,3,2,1,7,4, , ,N,0,0,0,3,0,0,6,1,N,N,40 02:13.471,75 00:47.519,2244, ,2223, ,0, ,N, ,0, , , , , ,616814, , , ,1,0,0,0,0,0,1,0,0,0,0,0,0,0,0,0,0,0,0,0,1,0,0,0,0,0,0,0,0,0,0,0,0,0,0,0,0,40.037,-75.0133, , 
 ,56178,2013121306,6,67,67301,2013,10,2,1032,10,1,1,0,8,1, , ,N,1,2,0,3,0,1,2,2,N, ,39 57:25.886,75 09:31.375,1033, ,1032, ,0, , , ,3, , , , , ,616834, , , ,1,1,0,0,0,0,0,0,0,0,0,0,1,1,0,0,0,0,0,0,1,0,0,1,0,0,0,0,0,0,0,0,1,0,0,8,0,39.9572,-75.1587, , 
 ,56179,2014003476,6,67,67301,2013,11,4,2238,22,3,1,0,5,1, , ,N,7,0,2,3,0,3,4,2,N,N,39 57:34.098,75 10:28.565,2309, ,2307, ,0, ,N, ,0, , , , , ,616900, , , ,2,1,0,0,0,0,0,1,0,0,0,3,3,0,0,0,0,0,0,0,0,0,0,0,0,0,0,0,0,0,0,0,0,0,0,4,0,39.9595,-75.1746, , 
 ,56180,2014006318,6,67,67301,2013,12,7,1315,13,1,1,0,5,1, , ,N,1,2,0,3,0,1,6,2,N, ,39 59:16.393,75 07:24.428,1344, ,1342, ,0, , , ,3, , , , , ,616904, , , ,2,1,0,0,0,0,1,0,0,0,0,1,1,0,0,0,0,0,0,0,0,1,0,0,0,0,0,0,0,0,0,0,0,0,0,4,0,39.9879,-75.1235, , 
 ,56181,2014001091,6,67,67301,2013,12,5,1031,10,1,1,1,1,1, , ,N,1,2,0,3,0,1,2,2,N, ,40 03:28.841,75 08:20.620,1035, ,1031, ,0, ,N, ,3, , , , , ,616925, , , ,2,2,0,0,0,0,0,0,0,0,0,1,1,0,0,0,0,0,0,0,2,0,0,0,0,0,0,0,0,0,0,0,0,0,0,4,0,40.0581,-75.139, , 
 ,56182,2014003332,6,67,67301,2013,11,2,1927,19,3,1,0,4,1, , ,N,0,2,7,3,0,3,4,2,N, ,40 05:00.519,75 01:34.410,1928, ,1927,2,1,3, , ,3,N, , , , ,616926, , , ,2,2,0,0,0,0,0,0,0,0,0,3,3,0,0,0,0,0,0,0,1,1,0,0,0,0,0,0,0,0,0,0,0,0,0,4,0,40.0835,-75.0262, , 
 ,56183,2013117112,6,67,67301,2013,11,7,704,7,1,1,1,5,1, , ,N,0,0,0,3,0,1,2,2,N,N,39 58:51.886,75 12:24.030,710, ,705,1,2,3,N, ,0,N, , , , ,619993, , , ,2,2,0,0,0,0,0,0,0,0,0,0,1,1,0,0,0,0,0,0,1,0,0,0,0,0,0,0,0,0,0,0,0,0,0,8,0,39.9811,-75.2067, , 
 ,56184,2014009688,6,67,67301,2013,12,4,1625,16,1,1,0,7,7, , ,N,7,0,2,3,0,1,2,1,N,N,40 06:23.288,74 59:54.940,1640, ,1630,1,1,1,N, ,0,N, , , , ,620020, , , ,1,1,0,0,0,0,0,0,0,0,0,0,1,1,0,0,0,0,0,0,0,0,0,0,0,0,0,0,0,0,0,0,0,0,0,8,0,40.1065,-74.9986, , 
 ,56185,2014015488,6,67,67301,2013,9,6,1350,13,1,1,0,1,1, , ,N,1,3,0,3,0,0,4,4,N,N,40 00:13.665,75 08:22.783,0, ,0, ,0, ,N, ,3, , , , , ,620021, , , ,4,0,0,0,0,0,1,0,0,0,0,0,0,0,4,0,0,0,0,0,0,0,0,0,0,0,0,0,0,0,0,0,0,0,0,9,0,40.0038,-75.1397, , 
 ,56186,2014001025,6,67,67301,2013,12,4,820,8,1,1,0,4,1, , ,N,1,2,0,3,0,1,2,2,N,N,39 57:27.667,75 12:21.885,835, ,830, ,0, ,N, ,3, , , , , ,620037, , , ,1,1,0,0,0,0,0,0,1,0,0,1,1,0,0,0,0,0,0,0,0,0,0,0,0,0,0,0,0,0,0,0,0,0,0,4,0,39.9576,-75.206, , 
 ,56187,2014013568,6,67,67301,2013,12,3,2237,22,3,1,0,1,1, , ,N,1,2,0,3,0,3,9,3,N, ,39 55:16.534,75 11:37.854,2243, ,2239, ,0, , , ,3, , , , , ,620041, , , ,3,0,0,0,0,0,2,1,0,0,0,3,3,0,0,0,0,0,0,0,1,1,0,0,0,0,0,0,0,0,0,0,0,0,0,4,0,39.9211,-75.1938, , 
 ,56188,2013101238,6,67,67301,2013,8,7,1645,16,1,1,0,4,1, , ,N,1,3,0,3,0,0,2,2,N,N,39 59:50.067,75 08:36.589,1803, ,1745, ,0, ,N, ,3, , , , , ,620042, , , ,2,2,0,0,0,0,0,0,0,0,0,0,0,0,2,0,1,0,0,0,0,0,0,0,0,0,0,0,0,0,0,0,0,0,0,9,0,39.9972,-75.1435, , 
 ,56189,2013128187,6,67,67301,2013,9,5,1949,19,3,1,0,4,1, , ,N,0,0,7,3,0,6,10,3,N, ,39 54:19.179,75 10:22.822,1954, ,1951,3,2,4, , ,0,Y, , , , ,620048, , , ,3,0,0,0,1,0,2,0,0,2,0,4,6,0,0,0,0,0,0,0,0,0,0,0,0,0,0,0,0,0,0,0,0,0,0,2,0,39.9053,-75.173, , 
 ,56190,2013124650,6,67,67301,2013,11,7,729,7,1,1,0,7,5, , ,N,2,2,0,3,0,1,1,1,N,N,39 56:16.525,75 14:02.111,802, ,756, ,0, ,N, ,3, , , , , ,620060, , , ,1,0,0,0,0,0,1,0,0,0,0,1,1,0,0,0,0,0,0,0,0,0,0,0,0,0,0,0,0,0,0,0,0,0,0,4,0,39.9379,-75.2339, , 
 ,56191,2014006841,6,67,67301,2013,12,6,941,9,5,2,1,8,1, , ,N,1,3,0,3,0,1,2,2,N,Y,40 02:27.956,75 08:31.268,945, ,941, ,0, ,N, ,3, , , , , ,620074, , , ,1,0,0,0,0,0,1,0,0,0,0,1,1,0,0,0,0,0,0,0,0,1,0,0,0,0,0,0,0,0,0,0,1,0,0,4,0,40.0411,-75.142, , 
 ,56192,2013101162,6,67,67301,2013,8,1,1950,19,3,1,0,5,1, , ,N,0,0,0,3,0,1,2,2,N,N,39 59:48.656,75 06:45.990,2000, ,2000, ,0, , , ,0, , , , , ,620077, , , ,1,1,0,0,0,0,0,0,1,0,0,1,1,0,0,0,0,0,0,0,1,0,0,0,0,0,0,0,0,0,0,0,0,0,0,4,0,39.9968,-75.1128, , 
 ,56193,2013101212,6,67,67301,2013,8,7,2148,21,3,1,0,2,1, , ,N,0,0,0,3,0,6,6,2,N,N,40 04:14.900,75 02:17.560,2155, ,2150,3,2,1,Y, ,0,Y, , , , ,620078, , , ,2,0,0,0,0,0,1,1,0,1,2,3,6,0,0,0,0,1,0,0,0,0,0,1,0,0,0,0,0,0,0,0,0,0,0,2,0,40.0708,-75.0382, , 
 ,56194,2013070158,6,67,67301,2013,6,6,1045,10,1,1,0,4,1, , ,N,1,2,0,3,0,2,3,2,N,N,39 57:32.119,75 09:24.206,1050, ,1047,2,2,1,N, ,3,Y, , , , ,620095, , , ,2,2,0,0,0,0,0,0,0,0,0,2,2,0,0,0,0,0,0,0,1,0,0,0,0,0,0,0,0,0,0,0,0,0,0,4,0,39.9589,-75.1567, , 
 ,56195,2013070249,6,67,67301,2013,6,6,900,9,1,1,0,5,6, , ,N,0,0,0,3,0,0,1,3,N, ,40 01:38.349,75 10:16.303,906, ,906, ,0, , , ,0, , , , , ,620096, , , ,3,1,0,0,0,0,2,0,0,0,0,0,0,0,0,0,0,0,0,0,0,0,0,0,0,0,0,0,0,0,0,0,0,0,0,0,0,40.0273,-75.1712, , 
 ,56196,2013070347,6,67,67301,2013,6,5,1530,15,1,1,0,4,1, , ,N,2,0,0,3,0,1,2,2,N, ,40 01:13.039,75 09:46.119,1720, ,1718, ,0, , , ,0, , , , , ,620097, , , ,2,1,0,0,0,0,1,0,0,0,0,0,1,1,0,0,0,0,0,0,0,0,0,0,0,0,0,0,0,0,0,0,0,0,0,8,0,40.0203,-75.1628, , 
 ,56197,2013086697,6,67,67301,2013,8,3,1349,13,1,1,0,7,5, , ,N,0,0,2,3,0,1,1,1,N,N,39 55:34.471,75 08:44.633,1350, ,1350, ,0, ,N, ,0, , , , , ,620110, , , ,1,1,0,0,0,0,0,0,0,0,0,0,1,1,0,0,0,0,0,0,0,0,1,1,0,0,0,0,0,0,0,0,0,0,0,8,0,39.9262,-75.1457, , 
 ,56198,2013095984,6,67,67301,2013,8,1,1720,17,1,1,0,4,1, , ,N,2,3,0,3,0,3,6,2,N,N,39 55:46.422,75 14:36.171,1726, ,1722, ,0, ,N, ,3, , , , , ,620115, , , ,2,2,0,0,0,0,0,0,0,0,0,3,3,0,0,0,0,0,0,0,0,0,0,0,0,0,0,0,0,0,0,0,0,0,0,4,0,39.9296,-75.2434, , 
 ,56199,2013101215,6,67,67301,2013,8,1,2014,20,3,1,0,1,1, , ,N,0,0,0,3,0,2,3,2,N,N,39 58:18.809,75 11:23.790,2020, ,2016,2,2,5,N, ,0,Y, , , , ,620118, , , ,2,0,1,0,1,0,0,0,0,2,0,0,2,0,0,0,0,0,0,0,0,0,0,0,0,0,0,0,0,2,0,0,0,0,0,2,0,39.9719,-75.1899, , 
 ,56200,2013103963,6,67,67301,2013,9,4,1536,15,1,1,0,1,1, , ,N,0,0,7,3,0,1,6,3,N,N,40 01:01.743,75 05:49.287,1649, ,1649, ,0, ,N, ,0, , , , , ,620123, , , ,3,2,0,0,0,0,1,0,0,0,0,0,1,1,0,0,0,0,0,0,1,1,0,0,0,0,0,0,0,0,0,0,0,0,0,8,0,40.0169,-75.097, , 
 ,56201,2014016121,6,67,67301,2013,12,2,2106,21,3,1,0,1,1, , ,N,0,0,0,3,0,1,2,6,N,N,39 58:37.948,75 14:31.765,2112, ,2106,3,1,1, , ,0,N, , , , ,623111, , , ,5,4,0,0,0,0,1,0,0,0,0,0,1,1,0,0,0,0,0,0,0,0,1,0,0,0,0,0,0,0,0,0,1,0,0,8,0,39.9772,-75.2422, , 
 ,56202,2014002804,6,67,67301,2013,11,4,940,9,1,1,0,4,1, , ,N,1,2,0,3,0,2,2,2,N,N,39 58:07.829,75 08:10.292,947, ,945,3,2,4,N, ,3,Y, , , , ,623123, , , ,2,2,0,0,0,0,0,0,0,0,0,2,2,0,0,0,0,0,0,0,0,0,0,0,0,0,0,0,0,0,0,0,0,0,0,4,0,39.9688,-75.1362, , 
 ,56203,2013129433,6,67,67301,2013,6,5,1540,15,1,1,0,8,1, , ,N,1,2,0,3,0,1,6,5,N,N,40 01:40.752,75 05:28.584,1548, ,1543,3,1,1,N, ,3,N, , , , ,623141, , , ,4,2,0,0,1,0,1,0,0,0,0,0,1,1,0,0,0,0,0,0,0,0,0,0,0,0,0,0,0,0,0,0,1,0,0,8,0,40.028,-75.0913, , 
 ,56204,2014003855,6,67,67301,2013,12,2,530,5,3,1,5,4,1, , ,N,1,3,0,3,0,1,2,2,N, ,39 59:40.815,75 10:21.694,9999, ,9999, ,0, , , ,3, , , , , ,623150, , , ,1,0,0,0,0,0,1,0,1,0,0,0,1,1,0,0,0,0,0,0,0,0,0,0,0,0,0,0,0,0,0,0,0,0,0,8,0,39.9947,-75.1727, , 
 ,56205,2014006806,6,67,67301,2013,12,4,1733,17,3,1,0,8,1, , ,N,1,2,0,3,0,1,2,2,N, ,39 58:26.116,75 12:23.386,1740, ,1733, ,0, , , ,3, , , , , ,623151, , , ,1,1,0,0,0,0,0,0,0,0,0,1,1,0,0,0,0,0,0,0,0,0,0,0,0,0,0,0,0,0,0,0,1,0,0,4,0,39.9738,-75.2064, , 