wz_ln_closure,objectid_1,crn,district,county,municipality,crash_year,crash_month,day_of_week,time_of_day,hour_of_day,illumination,weather,road_condition,collision_type,relation_to_road,work_zone_type,work_zone_loc,work_zone_ind,intersect_type,tcd_type,location_type,urban_rural,fatal_count,injury_count,person_count,total_units,sch_bus_ind,sch_zone_ind,latitude,longitude,arrival_tm,cons_zone_spd_lim,dispatch_tm,est_hrs_closed,lane_closed,ln_close_dir,ntfy_hiwy_maint,spec_juris_cd,tcd_func_cd,tfc_detour_ind,workers_pres,wz_close_detour,wz_flagger,wz_law_offcr_ind,objectid,wz_moving,wz_other,wz_shlder_mdn,vehicle_count,automobile_count,motorcycle_count,bus_count,small_truck_count,heavy_truck_count,suv_count,van_count,bicycle_count,maj_inj_count,mod_inj_count,min_inj_count,tot_inj_count,unk_inj_deg_count,unk_inj_per_count,driver_count_16yr,driver_count_17yr,driver_count_18yr,driver_count_19yr,driver_count_20yr,driver_count_50_64yr,driver_count_65_74yr,driver_count_75plus,unbelted_occ_count,unb_death_count,unb_maj_inj_count,belted_death_count,belted_maj_inj_count,mcycle_death_count,mcycle_maj_inj_count,bicycle_death_count,bicycle_maj_inj_count,ped_count,ped_death_count,ped_maj_inj_count,max_severity_level,comm_veh_count,dec_lat,dec_long,rdwy_surf_type_cd,county_name
 ,56272,2014006919,6,67,67301,2013,12,2,2001,20,3,2,1,1,1, , ,N,0,0,0,3,0,1,2,2,N, ,39 57:39.234,75 08:36.460,2030, ,2025, ,0, , , ,0, , , , , ,620254, , , ,2,1,0,0,0,0,1,0,0,0,0,1,1,0,0,0,0,0,0,0,2,0,0,0,0,0,0,0,0,0,0,0,0,0,0,4,0,39.9609,-75.1435, , 
 ,56273,2013124628,6,67,67301,2013,10,3,825,8,1,1,0,7,2, , ,N,0,0,0,3,0,0,2,1,Y,N,40 05:31.117,74 58:34.525,848, ,835, ,0, , , ,0, , , , , ,620257, , , ,1,0,0,0,0,0,0,1,0,0,0,0,0,0,0,0,0,0,0,0,0,0,0,0,0,0,0,0,0,0,0,0,0,0,0,0,0,40.092,-74.9763, , 
 ,56274,2013125999,6,67,67301,2013,11,1,845,8,1,1,0,1,1, , ,N,1,3,0,3,0,2,5,2,N, ,40 01:16.060,75 09:07.019,900, ,854, ,0, , , ,3, , , , , ,623255, , , ,2,1,0,0,0,0,1,0,0,0,0,2,2,0,0,0,0,0,0,0,0,0,1,0,0,0,0,0,0,0,0,0,0,0,0,4,0,40.0211,-75.1519, , 
 ,56275,2013101004,6,67,67301,2013,9,6,1750,17,1,1,0,5,1, , ,N,1,2,0,3,0,1,2,2,N,N,39 57:34.106,75 13:59.495,1805, ,1803, ,0, , , ,3, , , , , ,623278, , , ,2,1,1,0,0,0,0,0,0,0,0,0,1,1,0,0,0,0,0,0,0,0,0,0,0,0,0,0,0,0,0,0,0,0,0,8,0,39.9595,-75.2332, , 
 ,56276,2013109437,6,67,67301,2013,10,6,1255,12,1,1,0,1,1, , ,N,0,0,0,3,0,1,6,3,N,N,39 55:49.562,75 10:06.317,1300, ,1258, ,0, ,N, ,0, , , , , ,623282, , , ,3,3,0,0,0,0,0,0,0,0,0,0,1,1,0,0,0,0,0,2,1,0,0,0,0,0,0,0,0,0,0,0,0,0,0,8,0,39.9305,-75.1684, , 
 ,56277,2013106393,6,67,67301,2013,10,5,1941,19,3,1,0,1,1, , ,N,0,0,0,3,0,1,3,3,N,N,40 00:26.730,75 12:00.492,1957, ,1945, ,0, ,N, ,0, , , , , ,623312, , , ,3,3,0,0,0,0,0,0,0,0,0,0,1,1,1,0,0,0,0,0,1,1,0,0,0,0,0,0,0,0,0,0,0,0,0,8,0,40.0074,-75.2001, , 
 ,56278,2013121510,6,67,67301,2013,10,3,1830,18,4,1,0,5,2, , ,N,0,0,0,3,0,1,2,2,N,N,39 57:00.140,75 09:26.439,1321, ,1242, ,0, ,N, ,0, , , , , ,623319, , , ,1,1,0,0,0,0,0,0,1,0,0,1,1,0,0,0,0,0,0,0,0,0,0,0,0,0,0,0,0,0,0,0,0,0,0,4,0,39.95,-75.1573, , 
 ,56279,2013124822,6,67,67301,2013,11,4,118,1,3,2,1,7,4, , ,N,0,0,0,3,0,0,1,1,N,N,39 55:54.150,75 11:58.816,138, ,121, ,0, ,N, ,0, , , , , ,623322, , , ,1,1,0,0,0,0,0,0,0,0,0,0,0,0,0,0,0,0,0,0,0,0,0,0,0,0,0,0,0,0,0,0,0,0,0,0,0,39.9317,-75.1997, , 
 ,56280,2013106602,6,67,67301,2013,9,3,1758,17,1,1,0,4,1, , ,N,1,2,0,3,0,1,2,2,N,N,39 58:08.310,75 13:01.329,1803, ,1800, ,0, ,N, ,3, , , , , ,623336, , , ,1,1,0,0,0,0,0,0,1,0,0,0,1,1,0,0,0,0,0,0,0,0,0,0,0,0,0,0,0,0,0,0,0,0,0,8,0,39.969,-75.217, , 
 ,56281,2014006827,6,67,67301,2013,12,7,2330,23,3,1,1,7,4, , ,N,0,0,0,3,0,0,1,1,N,N,40 07:14.069,75 01:01.385,2338, ,2333, ,0, ,N, ,0, , , , , ,623365, , , ,1,1,0,0,0,0,0,0,0,0,0,0,0,0,1,0,0,0,0,0,0,0,0,0,0,0,0,0,0,0,0,0,0,0,0,9,0,40.1206,-75.0171, , 
 ,56282,2013079436,6,67,67301,2013,6,6,1651,16,1,1,0,4,1, , ,N,2,3,0,3,0,1,2,2,N, ,40 00:51.822,75 06:19.591,1705, ,1651, ,0, , , ,3, , , , , ,623374, , , ,1,0,0,0,0,0,1,0,1,0,0,1,1,0,0,0,0,0,0,0,0,1,0,1,0,0,0,0,0,0,0,0,0,0,0,4,0,40.0144,-75.1054, , 
 ,56283,2013122909,6,67,67301,2013,10,3,1354,13,1,1,0,4,1, , ,N,0,0,7,3,0,2,3,2,N,N,40 04:05.226,75 01:46.595,1402, ,1355, ,0, ,N, ,0, , , , , ,623410, , , ,2,1,0,0,0,0,0,1,0,0,0,2,2,0,0,0,0,0,0,0,1,0,0,0,0,0,0,0,0,0,0,0,0,0,0,4,0,40.0681,-75.0296, , 
 ,56284,2014009686,6,67,67301,2013,12,6,1521,15,1,2,1,7,4, , ,N,0,0,0,3,0,1,2,2,N,N,40 01:39.398,75 11:30.986,1550, ,1545,1,1,2,N, ,0,N, , , , ,623433, , , ,2,1,0,0,0,0,0,1,0,0,0,1,1,0,0,0,0,0,0,0,1,0,0,0,0,0,0,0,0,0,0,0,0,0,0,4,0,40.0276,-75.1919, , 
 ,56285,2014013552,6,67,67301,2013,12,3,1712,17,3,1,1,1,1, , ,N,0,0,0,3,0,1,2,2,N,N,40 06:01.625,75 01:20.768,1730, ,1727,1,2,3,N, ,0,N, , , , ,623434, , , ,2,1,0,0,0,0,1,0,0,0,0,0,1,1,0,0,0,0,0,0,0,0,0,1,0,0,0,0,0,0,0,0,0,0,0,8,0,40.1005,-75.0224, , 
 ,56286,2013126001,6,67,67301,2013,4,5,1518,15,1,1,0,8,1, , ,N,1,3,0,3,0,1,2,2,Y,N,40 01:17.796,75 03:27.122,1534, ,1527,2,1,3,N, ,3,Y, , , , ,623451, , , ,1,0,0,1,0,0,0,0,0,0,1,0,1,0,0,0,0,0,0,0,0,1,0,0,0,0,0,0,0,0,0,0,1,0,0,3,1,40.0216,-75.0575, , 
 ,56287,2014002791,6,67,67301,2013,11,1,3,0,3,1,1,5,1, , ,N,0,0,7,3,0,0,2,2,N,N,40 04:40.524,75 01:23.802,10, ,3, ,0, ,N, ,0, , , , , ,623461, , , ,2,2,0,0,0,0,0,0,0,0,0,0,0,0,1,0,0,0,0,0,0,0,0,1,0,0,0,0,0,0,0,0,0,0,0,9,0,40.0779,-75.0233, , 
 ,56288,2013123063,6,67,67301,2013,11,1,9999,99,1,1,0,4,1, , ,N,1,2,0,3,0,2,2,2,N,N,39 58:02.378,75 14:44.992,1043, ,1032, ,0, ,N, ,3, , , , , ,623464, , , ,2,2,0,0,0,0,0,0,0,0,0,0,2,2,0,0,0,0,0,0,0,0,1,0,0,0,0,0,0,0,0,0,0,0,0,8,0,39.9673,-75.2457, , 
 ,56289,2014015025,6,67,67301,2013,10,6,2145,21,6,1,0,5,1, , ,N,1,3,0,3,0,2,3,2,N,N,39 55:40.256,75 10:37.527,0, ,0, ,0, ,N, ,3, , , , , ,623478, , , ,2,2,0,0,0,0,0,0,0,0,1,0,2,1,1,0,0,0,0,0,0,0,0,0,0,0,0,0,0,0,0,0,0,0,0,3,0,39.9278,-75.1771, , 
 ,56290,2014013090,6,67,67301,2013,12,7,1227,12,1,1,0,8,1, , ,N,1,2,0,3,0,2,3,3,N,N,39 58:27.310,75 13:34.898,1233, ,1228, ,0, ,N, ,3, , , , , ,623485, , , ,1,0,0,0,1,0,0,0,0,0,0,0,2,2,0,0,0,0,0,0,0,0,0,0,0,0,0,0,0,0,0,0,2,0,0,8,0,39.9743,-75.2264, , 
 ,56291,2014015989,6,67,67301,2013,10,2,300,3,6,1,0,1,1, , ,N,0,0,0,3,0,2,3,2,N,N,39 55:15.117,75 13:56.018,0, ,0, ,0, ,N, ,0, , , , , ,623486, , , ,2,0,0,0,0,0,2,0,0,0,0,0,2,2,1,0,0,0,0,0,0,0,0,0,0,0,0,0,0,0,0,0,0,0,0,8,0,39.9209,-75.2322, , 
 ,56292,2013115355,6,67,67301,2013,10,7,2203,22,3,8,1,7,4, , ,N,0,0,0,3,2,0,2,1,N,N,40 02:07.536,75 00:50.969,2205, ,2204,3,2,5,N,0,0,Y, , , , ,626678, , , ,1,0,1,0,0,0,0,0,0,0,0,0,0,0,0,0,0,0,0,0,0,0,0,0,0,0,0,0,2,0,0,0,0,0,0,1,0,40.0354,-75.0142,2, 
 ,56293,2013121365,6,67,67301,2013,10,5,9999,99,3,1,0,1,1, , ,N,0,0,0,3,0,0,1,2,N,N,39 55:23.265,75 10:11.578,9999, ,1257, ,0, ,N, ,0, , , , , ,626698, , , ,2,1,0,0,1,0,0,0,0,0,0,0,0,0,0,0,0,0,0,0,0,0,0,0,0,0,0,0,0,0,0,0,0,0,0,0,0,39.9231,-75.1699, , 
 ,56294,2013129507,6,67,67301,2013,11,6,857,8,1,2,1,8,1, , ,N,2,2,0,3,0,1,2,2,N,N,39 56:59.449,75 09:43.045,905, ,857, ,0, ,N, ,3, , , , , ,626705, , , ,1,1,0,0,0,0,0,0,0,0,0,1,1,0,0,0,0,0,0,0,0,0,0,0,0,0,0,0,0,0,0,0,1,0,0,4,0,39.9498,-75.162, , 
 ,56295,2014009720,6,67,67301,2013,12,6,2025,20,3,2,1,5,1, , ,N,6,0,2,3,0,1,2,2,N,N,40 00:51.962,75 12:22.049,2040, ,2025,1,2,1,Y, ,0,Y, , , , ,626736, , , ,2,0,0,0,0,0,2,0,0,0,0,1,1,0,1,0,0,0,1,0,0,0,0,0,0,0,0,0,0,0,0,0,0,0,0,4,0,40.0138,-75.2057, , 
 ,56296,2014024363,6,67,67301,2013,11,6,1900,19,3,1,0,8,1, , ,N,1,2,0,3,0,1,2,2,N, ,40 01:39.188,75 08:49.702,1930, ,1900, ,0, , , ,3, , , , , ,626737, , , ,1,0,0,0,0,0,1,0,0,0,0,1,1,0,0,0,0,0,0,0,0,0,0,1,0,0,0,0,0,0,0,0,1,0,0,4,0,40.0276,-75.1471, , 
 ,56297,2014006303,6,67,67301,2013,12,2,1245,12,1,1,0,4,1, , ,N,1,2,0,3,0,2,2,2,N,N,39 58:07.843,75 14:43.849,1304, ,1300, ,0, ,N, ,3, , , , , ,626758, , , ,2,1,0,0,1,0,0,0,0,0,2,0,2,0,0,0,0,0,0,0,0,0,0,0,0,0,0,0,0,0,0,0,0,0,0,3,0,39.9688,-75.2454, , 
 ,56298,2013125893,6,67,67301,2013,11,6,1808,18,3,1,0,1,1, , ,N,1,2,0,3,0,1,2,2,N,N,40 06:17.915,75 00:06.176,1816, ,1810,1,1,2,N, ,3,N, , , , ,626761, , , ,2,2,0,0,0,0,0,0,0,0,0,1,1,0,0,0,0,0,0,0,1,1,0,0,0,0,0,0,0,0,0,0,0,0,0,4,0,40.1048,-75.0016, , 
 ,56299,2013130050,6,67,67301,2013,11,3,1730,17,3,2,1,1,1, , ,N,1,2,0,3,0,1,4,2,N,N,39 56:34.034,75 09:56.277,1740, ,1734, ,0, ,N, ,3, , , , , ,626763, , , ,2,2,0,0,0,0,0,0,0,0,1,0,1,0,0,0,0,0,0,0,0,0,0,0,0,0,0,0,0,0,0,0,0,0,0,3,0,39.9428,-75.1656, , 
 ,56300,2014000433,6,67,67301,2013,12,3,1236,12,1,1,0,8,1, , ,N,1,2,0,3,0,1,2,2,N,N,40 04:55.794,74 58:00.797,1257, ,1250, ,0, ,N, ,3, , , , , ,626771, , , ,1,1,0,0,0,0,0,0,0,0,0,1,1,0,0,0,0,0,0,0,0,1,0,0,0,0,0,0,0,0,0,0,1,0,0,4,0,40.0822,-74.9669, , 
 ,56301,2014003341,6,67,67301,2013,12,6,45,0,3,1,6,7,4, , ,N,0,0,0,3,0,0,1,1,N,N,40 02:09.755,75 09:19.784,58, ,52,3,2,3,N, ,0,N, , , , ,626774, , , ,1,1,0,0,0,0,0,0,0,0,0,0,0,0,1,0,0,0,0,0,1,0,0,0,0,0,0,0,0,0,0,0,0,0,0,9,0,40.036,-75.1555, , 
 ,56302,2013129446,6,67,67301,2013,11,6,1340,13,1,1,1,1,1, , ,N,0,0,0,3,0,2,3,2,N, ,40 00:22.329,75 05:25.214,1347, ,1342, ,0, , , ,0, , , , , ,626787, , , ,2,2,0,0,0,0,0,0,0,0,0,0,2,2,0,0,0,0,0,0,0,0,0,0,0,0,0,0,0,0,0,0,0,0,0,8,0,40.0062,-75.0903, , 
 ,56303,2014019135,6,67,67301,2013,5,6,1318,13,1,1,1,4,1, , ,N,0,0,0,3,0,1,2,2,N,N,40 00:32.235,75 05:23.849,1326, ,1322,2,2,5,N, ,0,Y, , , , ,626799, , , ,2,1,1,0,0,0,0,0,0,0,1,0,1,0,0,0,0,1,0,0,0,0,0,0,0,0,0,0,0,0,0,0,0,0,0,3,0,40.009,-75.09, , 
 ,56304,2013130099,6,67,67301,2013,11,2,1240,12,1,1,0,1,1, , ,N,0,0,0,3,0,1,2,2,N, ,39 59:14.110,75 06:19.018,1347, ,1345, ,0, , , ,0, , , , , ,626818, , , ,2,0,0,1,1,0,0,0,0,0,0,0,1,1,0,0,0,0,0,0,1,0,0,0,0,0,0,0,0,0,0,0,0,0,0,8,1,39.9873,-75.1053, , 
 ,56305,2013131722,6,67,67301,2013,12,5,1824,18,3,1,0,1,1, , ,N,0,0,0,3,0,1,6,5,N,N,40 03:12.247,74 59:11.855,1914, ,1830, ,0, ,N, ,0, , , , , ,626820, , , ,5,5,0,0,0,0,0,0,0,0,0,1,1,0,0,0,0,0,0,0,1,0,0,0,0,0,0,0,0,0,0,0,0,0,0,4,0,40.0534,-74.9866, , 
 ,56306,2013058313,6,67,67301,2013,5,1,1616,16,1,1,0,5,1, , ,N,0,0,0,3,0,2,4,2,N,N,39 58:50.470,75 12:21.218,1626, ,1616,1,1,4,N, ,0,N, , , , ,626825, , , ,2,2,0,0,0,0,0,0,0,0,0,0,2,2,0,0,0,0,0,0,0,0,0,0,0,0,0,0,0,0,0,0,0,0,0,8,0,39.9807,-75.2059, , 
 ,56307,2013062561,6,67,67301,2013,5,1,1458,14,1,1,0,1,1, , ,N,1,2,0,3,0,1,3,2,N,N,40 01:15.199,75 02:22.538,1510, ,1503, ,0, ,N, ,3, , , , , ,626832, , , ,2,1,0,0,1,0,0,0,0,0,0,0,1,1,0,0,0,0,0,0,2,0,0,0,0,0,0,0,0,0,0,0,0,0,0,8,0,40.0209,-75.0397, , 
 ,56308,2013062612,6,67,67301,2013,5,4,1835,18,1,1,0,4,1, , ,N,0,0,0,3,0,1,2,3,N,N,40 01:38.298,75 10:16.209,1842, ,1840, ,0, ,N, ,0, , , , , ,626833, , , ,3,1,1,0,0,0,1,0,0,0,0,0,1,1,0,0,0,0,0,0,0,0,0,0,0,0,0,0,0,0,0,0,0,0,0,8,0,40.0273,-75.1712, , 
 ,56309,2013070334,6,67,67301,2013,6,4,747,7,1,1,0,1,1, , ,N,1,2,0,3,0,2,4,3,Y,N,39 58:23.685,75 12:43.721,756, ,752, ,0, ,N, ,3, , , , , ,626843, , , ,3,2,0,0,0,0,0,1,0,0,0,0,2,2,0,0,0,0,0,0,0,0,0,0,0,0,0,0,0,0,0,0,0,0,0,8,0,39.9732,-75.2121, , 
 ,56310,2014013550,6,67,67301,2013,12,6,1751,17,4,1,0,4,1, , ,N,1,2,0,3,0,1,2,2,N,N,40 01:44.341,75 06:21.815,1759, ,1755,2,1,1,N, ,3,N, , , , ,617084, , , ,2,0,1,0,0,1,0,0,0,0,0,1,1,0,0,0,0,0,0,0,1,0,0,0,0,0,0,0,0,0,0,0,0,0,0,4,1,40.029,-75.1061, , 
 ,56311,2013125913,6,67,67301,2013,11,6,1818,18,3,1,0,4,1, , ,N,1,2,0,3,0,2,2,3,N,N,39 58:44.233,75 10:57.046,1822, ,1820, ,0, ,N, ,3, , , , , ,617095, , , ,3,1,0,0,0,0,1,1,0,0,0,2,2,0,0,0,0,0,0,0,1,0,0,0,0,0,0,0,0,0,0,0,0,0,0,4,0,39.979,-75.1825, , 
 ,56312,2013084153,6,67,67301,2013,8,2,1609,16,1,1,0,1,1, , ,N,0,0,0,3,0,2,3,2,N,N,39 57:25.188,75 09:09.117,1626, ,1612, ,0, ,N, ,0, , , , , ,617106, , , ,2,2,0,0,0,0,0,0,0,0,0,0,2,2,0,0,0,0,0,0,1,0,0,0,0,0,0,0,0,0,0,0,0,0,0,8,0,39.957,-75.1525, , 
 ,56313,2013086187,6,67,67301,2013,7,2,1315,13,1,1,0,8,1, , ,N,1,2,0,3,0,1,2,2,N,N,39 59:36.350,75 05:49.336,1328, ,1321, ,0, , , ,3, , , , , ,617108, , , ,1,0,0,0,1,0,0,0,0,0,0,0,1,1,0,0,0,0,0,0,0,0,0,0,0,0,0,0,0,0,0,0,1,0,0,8,0,39.9934,-75.097, , 
 ,56314,2013086249,6,67,67301,2013,7,7,2145,21,3,2,1,5,1, , ,N,1,2,0,3,0,0,4,3,N,N,40 05:04.061,75 01:29.192,2200, ,2155,1,1,1,N, ,3,N, , , , ,617109, , , ,3,3,0,0,0,0,0,0,0,0,0,0,0,0,0,0,0,1,0,0,1,0,0,0,0,0,0,0,0,0,0,0,0,0,0,0,0,40.0846,-75.0249, , 
 ,56315,2013062965,6,67,67301,2013,6,6,19,0,3,2,1,7,4, , ,N,0,0,0,3,0,1,1,1,N,N,39 58:51.977,75 12:23.359,22, ,20, ,0, ,N, ,0, , , , , ,617151, , , ,1,1,0,0,0,0,0,0,0,0,0,1,1,0,0,0,0,0,0,0,0,0,0,0,0,0,0,0,0,0,0,0,0,0,0,4,0,39.9811,-75.2065, , 
 ,56316,2013070567,6,67,67301,2013,6,7,1646,16,1,1,0,7,2, , ,N,0,0,0,3,0,1,1,1,N,N,40 00:39.146,75 11:01.219,1654, ,1650,1,2,3,N, ,0,N, , , , ,617159, , , ,1,1,0,0,0,0,0,0,0,0,0,1,1,0,0,0,0,0,0,0,0,0,0,0,0,0,0,0,0,0,0,0,0,0,0,4,0,40.0109,-75.1837, , 
 ,56317,2013077403,6,67,67301,2013,7,4,1850,18,1,1,0,1,1, , ,N,1,2,0,3,0,1,4,2,N, ,39 59:40.673,75 05:40.311,1908, ,1904,2,1,1, , ,3,Y, , , , ,617165, , , ,2,1,0,0,0,0,0,1,0,0,0,1,1,0,0,0,0,0,0,0,1,0,0,0,0,0,0,0,0,0,0,0,0,0,0,4,0,39.9946,-75.0945, , 
 ,56318,2013086763,6,67,67301,2013,7,4,1245,12,1,1,0,1,1, , ,N,0,0,0,3,0,2,3,2,N,N,39 56:14.788,75 13:23.877,1255, ,1250,1,2,6, , ,0,Y, , , , ,617177, , , ,2,0,0,0,0,0,1,0,0,0,0,0,2,2,0,0,0,0,0,0,0,0,0,0,0,0,0,0,0,0,0,0,0,0,0,8,0,39.9374,-75.2233, , 
 ,56319,2013093550,6,67,67301,2013,8,3,747,7,1,2,1,8,1, , ,N,0,0,0,3,0,1,2,2,N, ,40 00:40.680,75 08:29.608,748, ,747, ,0, , , ,0, , , , , ,617186, , , ,1,0,0,0,0,0,1,0,0,0,0,1,1,0,0,0,0,0,0,0,0,0,0,0,0,0,0,0,0,0,0,0,1,0,0,4,0,40.0113,-75.1416, , 
 ,56320,2013065481,6,67,67301,2013,5,1,1335,13,1,1,0,8,1, , ,N,0,2,0,3,0,1,2,2,N,N,39 59:03.577,75 13:36.436,1345, ,1338, ,0, ,N, ,3, , , , , ,617200, , , ,1,1,0,0,0,0,0,0,0,0,0,1,1,0,0,0,0,0,0,0,1,0,0,0,0,0,0,0,0,0,0,0,1,0,0,4,0,39.9843,-75.2268, , 
 ,56321,2013072892,6,67,67301,2013,7,5,1130,11,1,1,0,1,1, , ,N,1,2,0,3,0,0,3,3,N,N,40 00:05.705,75 09:10.074,1305, ,1303,1,1,1,N, ,3,Y, , , , ,617211, , , ,3,2,0,0,1,0,0,0,0,0,0,0,0,0,0,0,0,0,1,0,0,0,0,3,0,0,0,0,0,0,0,0,0,0,0,0,0,40.0016,-75.1528, , 
 ,56322,2013086917,6,67,67301,2013,7,4,1945,19,1,1,0,8,1, , ,N,0,0,0,3,0,1,2,2,N, ,39 58:47.139,75 09:54.158,2035, ,2025, ,0, , , ,0, , , , , ,617222, , , ,1,0,0,0,0,0,0,1,0,0,0,0,1,1,1,0,0,0,0,0,0,0,0,0,0,0,0,0,0,0,0,0,1,0,0,8,0,39.9798,-75.165, , 
 ,56323,2013101760,6,67,67301,2013,9,1,1040,10,1,1,0,4,1, , ,N,1,2,0,3,0,3,3,3,N, ,39 58:54.073,75 06:31.852,1050, ,1044, ,0, , , ,3, , , , , ,617237, , , ,3,2,0,0,0,0,1,0,0,0,0,0,3,3,0,0,0,0,0,0,0,0,0,0,0,0,0,0,0,0,0,0,0,0,0,8,0,39.9817,-75.1088, , 
 ,56324,2013104417,6,67,67301,2013,6,6,1802,18,1,1,0,6,1, , ,N,0,0,7,3,0,0,5,2,N,N,39 59:52.788,75 07:31.465,1810, ,1802, ,0, ,N, ,0, , , , , ,617239, , , ,2,1,0,0,0,0,0,1,0,0,0,0,0,0,0,0,0,0,0,0,0,0,0,2,0,0,0,0,0,0,0,0,0,0,0,0,0,39.998,-75.1254, , 
 ,56325,2013070226,6,67,67301,2013,6,2,2345,23,3,1,0,6,1, , ,N,0,0,0,3,0,1,3,2,N,N,39 58:20.913,75 12:23.709,35, ,27, ,0, ,N, ,0, , , , , ,617244, , , ,2,2,0,0,0,0,0,0,0,0,0,1,1,0,0,0,0,0,0,0,0,0,0,0,0,0,0,0,0,0,0,0,0,0,0,4,0,39.9725,-75.2066, , 
 ,56326,2013114463,6,67,67301,2013,10,7,1600,16,1,1,0,8,1, , ,N,0,0,0,3,0,1,2,2,N,N,39 57:15.221,75 13:54.611,1606, ,1603, ,0, ,N, ,0, , , , , ,617284, , , ,1,1,0,0,0,0,0,0,0,0,0,1,1,0,0,0,0,0,0,0,1,0,0,0,0,0,0,0,0,0,0,0,1,0,0,4,0,39.9542,-75.2318, , 
 ,56327,2013086237,6,67,67301,2013,8,5,1840,18,1,1,1,1,1, , ,N,1,2,0,3,0,0,3,2,N,N,40 04:27.539,75 02:05.367,1842, ,1840,1,1,1,N, ,3,N, , , , ,617294, , , ,2,1,0,0,0,0,1,0,0,0,0,0,0,0,0,0,0,0,0,0,0,0,0,0,0,0,0,0,0,0,0,0,0,0,0,0,0,40.0743,-75.0348, , 
 ,56328,2013129481,6,67,67301,2013,11,2,44,0,3,1,0,4,1, , ,N,1,3,0,3,0,1,2,2,N, ,39 56:40.833,75 14:11.968,47, ,45, ,0, , , ,3, , , , , ,620262, , , ,2,2,0,0,0,0,0,0,0,0,0,1,1,0,0,0,0,0,0,0,0,0,0,0,0,0,0,0,0,0,0,0,0,0,0,4,0,39.9447,-75.2367, , 
 ,56329,2013134225,6,67,67301,2013,12,6,1929,19,3,1,0,1,1, , ,N,6,0,2,3,0,1,3,2,N,N,39 57:34.701,75 10:51.774,1940, ,1935,1,1,3,N, ,0,N, , , , ,620264, , , ,2,2,0,0,0,0,0,0,0,0,0,1,1,0,0,0,0,0,0,0,1,0,0,0,0,0,0,0,0,0,0,0,0,0,0,4,0,39.9596,-75.181, , 
 ,56330,2014114436,6,67,67301,2013,11,2,1900,19,3,1,0,1,1, , ,N,1,2,0,3,0,2,3,2,N,N,40 01:39.836,75 06:35.867,0, ,0, ,0, ,N, ,3, , , , , ,620268, , , ,2,0,0,0,0,0,1,0,0,0,0,0,2,2,0,0,0,0,0,0,0,0,0,0,0,0,0,0,0,0,0,0,0,0,0,8,0,40.0277,-75.11, , 
 ,56331,2013121527,6,67,67301,2013,10,6,1357,13,1,1,0,8,1, , ,N,0,0,0,3,0,1,3,2,N,N,40 03:26.700,75 02:41.462,1522, ,1449, ,0, ,N, ,0, , , , , ,620293, , , ,1,0,0,0,0,0,1,0,0,0,0,0,1,1,0,0,0,0,0,0,0,1,0,0,0,0,0,0,0,0,0,0,1,0,0,8,0,40.0574,-75.0449, , 
 ,56332,2013129458,6,67,67301,2013,11,4,1421,14,1,1,0,1,1, , ,N,0,0,0,3,0,0,2,2,N,N,39 53:42.128,75 14:51.083,1611, ,1600,2,1,1,N, ,0,N, , , , ,620307, , , ,2,2,0,0,0,0,0,0,0,0,0,0,0,0,0,0,0,0,0,0,2,0,0,0,0,0,0,0,0,0,0,0,0,0,0,0,0,39.895,-75.2475, , 
 ,56333,2013129508,6,67,67301,2013,11,3,538,5,3,1,0,4,1, , ,N,1,2,0,3,0,2,2,2,N,N,39 59:18.584,75 06:22.955,715, ,700, ,0, ,N, ,3, , , , , ,620308, , , ,2,1,0,0,0,0,1,0,0,0,0,0,2,2,0,0,0,0,0,0,1,0,0,0,0,0,0,0,0,0,0,0,0,0,0,8,0,39.9885,-75.1064, , 
 ,56334,2013130105,6,67,67301,2013,11,4,1650,16,3,1,0,5,1, , ,N,1,2,0,3,0,1,11,2,N,N,40 03:02.401,75 10:23.780,1653, ,1653, ,0, ,N, ,3, , , , , ,620309, , , ,2,1,0,1,0,0,0,0,0,0,0,1,1,0,0,0,0,0,0,0,0,0,0,0,0,0,0,0,0,0,0,0,0,0,0,4,1,40.0507,-75.1733, , 
 ,56335,2014002750,6,67,67301,2013,11,3,1122,11,1,2,1,4,1, , ,N,2,3,7,3,0,1,2,2,N,N,40 02:47.290,75 08:34.814,1132, ,1127, ,0, ,N, ,3, , , , , ,620315, , , ,2,1,0,0,0,0,0,1,0,0,0,1,1,0,0,0,0,0,0,0,0,2,0,2,0,0,0,0,0,0,0,0,0,0,0,4,0,40.0465,-75.143, , 
 ,56336,2013134212,6,67,67301,2013,12,2,1604,16,3,2,1,5,1, , ,N,0,0,0,3,0,1,1,2,N,N,39 59:01.456,75 05:50.845,1725, ,1614, ,0, ,N, ,0, , , , , ,620332, , , ,2,1,0,0,0,0,0,0,0,0,0,0,1,1,0,0,0,0,0,0,0,0,0,0,0,0,0,0,0,0,0,0,0,0,0,8,0,39.9837,-75.0975, , 
 ,56337,2014000553,6,67,67301,2013,12,6,2235,22,3,1,0,7,2, , ,N,7,0,0,3,0,0,1,1,N,N,40 00:12.647,75 04:38.645,2306, ,2252,1,1,2,N, ,0,N, , , , ,620335, , , ,1,1,0,0,0,0,0,0,0,0,0,0,0,0,0,0,0,0,0,0,0,0,0,1,0,0,0,0,0,0,0,0,0,0,0,0,0,40.0035,-75.0774, , 
 ,56338,2014000443,6,67,67301,2013,11,7,1813,18,3,1,0,8,1, , ,N,0,0,0,3,0,1,2,2,N,N,40 03:59.155,75 04:11.182,1815, ,1814,9,1,1,N, ,0,Y, , , , ,620350, , , ,1,1,0,0,0,0,0,0,0,0,0,1,1,0,0,0,0,0,0,0,0,0,1,0,0,0,0,0,0,0,0,0,1,0,0,4,0,40.0664,-75.0698, , 