wz_ln_closure,objectid_1,crn,district,county,municipality,crash_year,crash_month,day_of_week,time_of_day,hour_of_day,illumination,weather,road_condition,collision_type,relation_to_road,work_zone_type,work_zone_loc,work_zone_ind,intersect_type,tcd_type,location_type,urban_rural,fatal_count,injury_count,person_count,total_units,sch_bus_ind,sch_zone_ind,latitude,longitude,arrival_tm,cons_zone_spd_lim,dispatch_tm,est_hrs_closed,lane_closed,ln_close_dir,ntfy_hiwy_maint,spec_juris_cd,tcd_func_cd,tfc_detour_ind,workers_pres,wz_close_detour,wz_flagger,wz_law_offcr_ind,objectid,wz_moving,wz_other,wz_shlder_mdn,vehicle_count,automobile_count,motorcycle_count,bus_count,small_truck_count,heavy_truck_count,suv_count,van_count,bicycle_count,maj_inj_count,mod_inj_count,min_inj_count,tot_inj_count,unk_inj_deg_count,unk_inj_per_count,driver_count_16yr,driver_count_17yr,driver_count_18yr,driver_count_19yr,driver_count_20yr,driver_count_50_64yr,driver_count_65_74yr,driver_count_75plus,unbelted_occ_count,unb_death_count,unb_maj_inj_count,belted_death_count,belted_maj_inj_count,mcycle_death_count,mcycle_maj_inj_count,bicycle_death_count,bicycle_maj_inj_count,ped_count,ped_death_count,ped_maj_inj_count,max_severity_level,comm_veh_count,dec_lat,dec_long,rdwy_surf_type_cd,county_name
 ,56339,2014013539,6,67,67301,2013,12,7,2110,21,3,1,0,5,1, , ,N,0,0,0,3,0,1,2,3,N, ,40 01:08.365,75 04:52.327,2120, ,2110, ,0, ,N, ,0, , , , , ,620354, , , ,2,2,0,0,0,0,0,0,0,0,0,1,1,0,0,0,0,0,1,0,0,0,0,0,0,0,0,0,0,0,0,0,1,0,0,4,0,40.019,-75.0812, , 
 ,56340,2014013562,6,67,67301,2013,12,6,1740,17,3,1,0,4,1, , ,N,1,2,0,3,0,1,2,2,N,N,40 00:13.290,75 10:51.870,1750, ,1747, ,0, ,N, ,3, , , , , ,620355, , , ,2,1,0,0,0,0,1,0,0,0,0,0,1,1,0,0,0,0,0,0,0,0,0,0,0,0,0,0,0,0,0,0,0,0,0,8,0,40.0037,-75.1811, , 
 ,56341,2013121429,6,67,67301,2013,10,3,1400,14,1,1,0,8,1, , ,N,0,0,0,3,0,1,2,2,N, ,39 55:48.295,75 13:50.808,1433, ,1429, ,0, , , ,0, , , , , ,620381, , , ,1,1,0,0,0,0,0,0,0,0,0,1,1,0,0,0,0,0,0,0,1,0,0,0,0,0,0,0,0,0,0,0,1,0,0,4,0,39.9301,-75.2308, , 
 ,56342,2013130065,6,67,67301,2013,11,6,1409,14,1,1,0,8,1, , ,N,2,2,0,3,0,1,3,3,N,N,39 59:38.577,75 14:29.837,1420, ,1415, ,0, ,N, ,3, , , , , ,620390, , , ,2,2,0,0,0,0,0,0,0,1,0,0,1,0,0,0,0,0,0,0,1,0,0,1,0,0,0,0,0,0,0,0,1,0,1,2,0,39.994,-75.2416, , 
 ,56343,2013130096,6,67,67301,2013,10,4,1414,14,1,8,0,4,1, , ,N,1,3,0,3,0,0,2,2,N,N,39 58:39.345,75 09:38.332,1423, ,1415,2,2,1,N, ,3,Y, , , , ,620391, , , ,2,2,0,0,0,0,0,0,0,0,0,0,0,0,0,0,0,0,0,0,0,0,0,0,0,0,0,0,0,0,0,0,0,0,0,0,0,39.9776,-75.1606, , 
 ,56344,2013109365,6,67,67301,2013,10,5,835,8,1,1,0,4,1, , ,N,1,2,0,3,0,1,3,2,N,Y,39 56:27.718,75 12:54.489,845, ,835, ,0, ,N, ,3, , , , , ,620411, , , ,2,1,0,0,0,0,1,0,0,0,0,1,1,0,0,0,0,0,0,0,0,0,0,0,0,0,0,0,0,0,0,0,0,0,0,4,0,39.941,-75.2151, , 
 ,56345,2013121379,6,67,67301,2013,11,6,625,6,3,1,0,5,2, , ,N,0,0,0,3,0,0,1,3,N, ,40 00:47.710,75 08:47.374,645, ,640, ,0, , , ,0, , , , , ,620420, , , ,3,3,0,0,0,0,0,0,0,0,0,0,0,0,0,0,0,0,0,0,0,0,0,0,0,0,0,0,0,0,0,0,0,0,0,0,0,40.0133,-75.1465, , 
 ,56346,2013101025,6,67,67301,2013,9,1,9999,99,1,1,0,4,1, , ,N,0,0,7,3,0,0,3,2,N, ,40 02:29.223,75 11:17.109,9999, ,9999, ,0, , , ,0, , , , , ,620429, , , ,2,2,0,0,0,0,0,0,0,0,0,0,0,0,0,0,0,0,0,0,1,0,0,0,0,0,0,0,0,0,0,0,0,0,0,0,0,40.0415,-75.1881, , 
 ,56347,2013096483,6,67,67301,2013,8,5,1745,17,1,1,0,4,1, , ,N,0,0,7,3,0,2,3,2,N,N,39 54:51.315,75 09:06.485,1745, ,1745, ,0, ,N, ,0, , , , , ,623490, , , ,2,0,0,0,0,0,2,0,0,0,0,0,2,2,1,0,0,0,0,0,0,1,0,0,0,0,0,0,0,0,0,0,0,0,0,8,0,39.9143,-75.1518, , 
 ,56348,2013103618,6,67,67301,2013,10,5,1340,13,1,2,1,1,1, , ,N,0,0,0,3,0,0,3,3,N,N,39 59:01.456,75 05:50.845,1356, ,1356, ,0, ,N, ,0, , , , , ,623493, , , ,3,1,0,0,0,0,1,1,0,0,0,0,0,0,1,0,0,0,0,0,0,0,0,0,0,0,0,0,0,0,0,0,0,0,0,9,0,39.9837,-75.0975, , 
 ,56349,2013114483,6,67,67301,2013,10,3,2126,21,3,1,0,8,1, , ,N,0,0,0,3,0,1,2,2,N,N,40 01:41.919,75 06:33.169,2133, ,2127,1,1,2,N, ,0,N, , , , ,623501, , , ,1,1,0,0,0,0,0,0,0,0,0,1,1,0,0,0,0,0,0,0,0,0,0,0,0,0,0,0,0,0,0,0,1,0,0,4,0,40.0283,-75.1092, , 
 ,56350,2013122912,6,67,67301,2013,10,3,1635,16,1,1,0,4,1, , ,N,1,0,0,3,0,2,3,3,N,N,40 04:02.316,75 00:31.866,1642, ,1638, ,0, ,N, ,0, , , , , ,623509, , , ,3,1,0,0,0,0,1,1,0,0,1,1,2,0,0,0,0,0,0,0,1,0,0,3,0,0,0,0,0,0,0,0,0,0,0,3,0,40.0673,-75.0089, , 
 ,56351,2013122960,6,67,67301,2013,11,7,700,7,5,1,0,8,1, , ,N,1,2,0,3,0,1,2,2,N,N,39 56:45.165,75 14:24.752,738, ,730, ,0, ,N, ,3, , , , , ,623511, , , ,1,0,0,0,0,0,0,0,0,0,1,0,1,0,0,0,0,0,0,0,0,0,0,0,0,0,0,0,0,0,0,0,1,0,0,3,0,39.9459,-75.2403, , 
 ,56352,2013121457,6,67,67301,2013,10,4,1845,18,3,1,0,4,2, , ,N,0,0,7,3,0,2,3,2,N, ,40 00:46.339,75 09:16.761,1900, ,1845, ,0, ,N, ,0, , , , , ,623515, , , ,2,1,0,0,0,0,1,0,0,0,0,2,2,0,0,0,0,0,0,0,0,1,0,0,0,0,0,0,0,0,0,0,0,0,0,4,0,40.0129,-75.1547, , 
 ,56353,2013121353,6,67,67301,2013,9,1,1733,17,1,1,0,7,3, , ,N,0,0,0,3,0,1,1,1,N, ,39 54:14.665,75 10:27.955,1750, ,1746,9,1,2, , ,0,N, , , , ,623550, , , ,1,1,0,0,0,0,0,0,0,0,0,0,1,1,0,0,0,0,0,0,1,0,0,0,0,0,0,0,0,0,0,0,0,0,0,8,0,39.9041,-75.1744, , 
 ,56354,2013114447,6,67,67301,2013,10,5,1000,10,1,1,0,8,1, , ,N,1,3,0,3,0,1,2,2,N,N,39 57:08.535,75 09:17.776,1014, ,1007, ,0, ,N, ,3, , , , , ,623565, , , ,1,0,0,0,1,0,0,0,0,0,0,0,1,1,0,0,0,0,0,0,1,0,0,0,0,0,0,0,0,0,0,0,1,0,0,8,0,39.9524,-75.1549, , 
 ,56355,2013114472,6,67,67301,2013,10,5,1907,19,3,1,1,4,1, , ,N,2,2,0,3,0,1,3,2,N,N,39 58:46.236,75 09:51.389,1925, ,1918, ,0, , , ,3, , , , , ,623598, , , ,2,1,0,0,1,0,0,0,0,0,0,0,1,1,0,0,0,0,0,0,0,0,0,0,0,0,0,0,0,0,0,0,0,0,0,8,0,39.9795,-75.1643, , 
 ,56356,2013121539,6,67,67301,2013,10,7,9999,99,1,1,0,4,1, , ,N,1,3,0,3,0,1,2,2,N,N,39 59:13.966,75 05:53.703,9999, ,9999, ,0, ,N, ,3, , , , , ,623612, , , ,2,2,0,0,0,0,0,0,0,0,0,0,1,1,0,0,0,0,0,0,0,1,0,0,0,0,0,0,0,0,0,0,0,0,0,8,0,39.9872,-75.0983, , 
 ,56357,2013128374,6,67,67301,2013,11,6,1436,14,1,1,0,1,1, , ,N,0,0,0,3,0,0,2,2,N,N,39 57:31.003,75 10:03.670,1436, ,1436,1,2,4,N, ,0,N, , , , ,623618, , , ,2,1,0,0,0,0,1,0,0,0,0,0,0,0,0,0,0,0,0,0,0,0,0,0,0,0,0,0,0,0,0,0,0,0,0,0,0,39.9586,-75.1677, , 
 ,56358,2014001021,6,67,67301,2013,12,4,1313,13,1,1,0,4,1, , ,N,2,2,0,3,0,0,2,2,N,N,40 01:43.905,75 06:21.601,1316, ,1315,1,1,3,N, ,3,N, , , , ,623641, , , ,2,1,0,0,0,1,0,0,0,0,0,0,0,0,0,0,0,0,0,0,1,0,0,0,0,0,0,0,0,0,0,0,0,0,0,0,1,40.0289,-75.106, , 
 ,56359,2014009776,6,67,67301,2013,12,7,1750,17,3,1,0,8,1, , ,N,2,3,0,3,0,1,2,2,N,N,39 59:53.318,75 06:37.547,1758, ,1755, ,0, , , ,3, , , , , ,623643, , , ,1,1,0,0,0,0,0,0,0,0,0,1,1,0,0,0,0,0,0,0,0,0,0,0,0,0,0,0,0,0,0,0,1,0,0,4,0,39.9981,-75.1104, , 
 ,56360,2013111713,6,67,67301,2013,10,3,1450,14,1,1,0,1,1, , ,N,0,0,0,3,0,2,4,2,N, ,39 56:54.700,75 09:09.165,1505, ,1500, ,0, ,N, ,0, , , , , ,623649, , , ,2,0,0,0,1,0,1,0,0,0,0,0,2,2,0,0,0,0,0,0,0,1,0,0,0,0,0,0,0,0,0,0,0,0,0,8,0,39.9485,-75.1525, , 
 ,56361,2013111880,6,67,67301,2013,10,3,705,7,1,1,0,4,1, , ,N,1,2,0,3,0,1,2,2,N, ,39 56:25.327,75 14:11.791,828, ,811, ,0, , , ,3, , , , , ,623650, , , ,2,1,0,0,0,0,1,0,0,0,0,1,1,0,0,0,0,0,0,0,0,0,0,0,0,0,0,0,0,0,0,0,0,0,0,4,0,39.9404,-75.2366, , 
 ,56362,2014013551,6,67,67301,2013,12,1,338,3,3,1,0,7,4, , ,N,0,0,0,3,0,0,1,3,N,N,40 05:18.357,75 02:04.267,345, ,343, ,0, ,N, ,0, , , , , ,623658, , , ,3,1,0,0,1,0,1,0,0,0,0,0,0,0,0,0,0,0,0,0,0,0,0,0,0,0,0,0,0,0,0,0,0,0,0,0,0,40.0884,-75.0345, , 
 ,56363,2013121494,6,67,67301,2013,10,6,9999,99,1,1,0,8,1, , ,N,1,2,0,3,0,1,2,2,N,N,39 57:16.601,75 09:53.486,930, ,923,1,1,4,N, ,3,N, , , , ,623671, , , ,1,1,0,0,0,0,0,0,0,0,0,1,1,0,0,0,0,0,0,0,0,0,0,0,0,0,0,0,0,0,0,0,1,0,0,4,0,39.9546,-75.1649, , 
 ,56364,2014006882,6,67,67301,2013,12,1,1430,14,1,4,3,7,4, , ,N,0,0,0,3,0,0,1,1,N, ,40 02:16.740,75 10:13.602,9999, ,9999, ,0, , , ,0, , , , , ,623685, , , ,1,0,0,0,0,0,0,1,0,0,0,0,0,0,0,0,0,0,0,0,0,0,0,0,0,0,0,0,0,0,0,0,0,0,0,0,0,40.038,-75.1704, , 
 ,56365,2013125910,6,67,67301,2013,10,2,9999,99,4,1,0,8,1, , ,N,0,0,0,3,0,1,2,2,N,N,40 00:03.405,75 07:43.687,1800, ,1753, ,0, ,N, ,0, , , , , ,627855, , , ,1,1,0,0,0,0,0,0,0,0,0,0,1,1,0,0,0,0,0,0,0,0,0,0,0,0,0,0,0,0,0,0,1,0,0,8,0,40.0009,-75.1288, , 
 ,56366,2013126009,6,67,67301,2013,11,7,1842,18,3,1,0,8,1, , ,N,2,2,0,3,0,1,2,2,N,N,39 59:43.479,75 09:57.472,1843, ,1843, ,0, , , ,3, , , , , ,627874, , , ,1,1,0,0,0,0,0,0,0,0,0,1,1,0,0,0,0,0,0,0,0,0,0,0,0,0,0,0,0,0,0,0,1,0,0,4,0,39.9954,-75.1659, , 
 ,56367,2014001131,6,67,67301,2013,12,4,1430,14,1,1,0,3,1, , ,N,0,0,0,3,0,0,2,2,N,N,40 02:09.569,75 02:32.171,1505, ,1500, ,0, ,N, ,0, , , , , ,627886, , , ,2,0,0,0,2,0,0,0,0,0,0,0,0,0,0,0,0,0,0,0,0,1,0,0,0,0,0,0,0,0,0,0,0,0,0,0,0,40.036,-75.0423, , 
 ,56368,2013112709,6,67,67301,2013,10,5,1508,15,1,2,1,1,1, , ,N,1,2,0,3,0,2,2,2,N,N,39 56:01.291,75 08:44.379,1510, ,1509, ,0, ,N, ,3, , , , , ,627903, , , ,2,2,0,0,0,0,0,0,0,0,1,0,2,1,0,0,0,0,0,0,0,0,0,0,0,0,0,0,0,0,0,0,0,0,0,3,0,39.9337,-75.1457, , 
 ,56369,2014006801,6,67,67301,2013,12,6,1830,18,3,1,0,8,1, , ,N,2,2,0,3,0,1,2,2,N,N,39 54:51.912,75 09:11.018,1835, ,1835, ,0, ,N, ,3, , , , , ,627917, , , ,1,1,0,0,0,0,0,0,0,0,0,0,1,1,0,0,0,0,0,0,0,1,0,0,0,0,0,0,0,0,0,0,1,0,0,8,0,39.9144,-75.1531, , 
 ,56370,2014013030,6,67,67301,2013,12,4,820,8,1,1,0,1,6, , ,N,0,0,0,3,0,0,1,3,N,N,40 02:26.966,75 09:29.952,830, ,830, ,0, ,N, ,0, , , , , ,627918, , , ,3,2,0,0,0,0,1,0,0,0,0,0,0,0,1,0,0,0,0,0,0,0,0,0,0,0,0,0,0,0,0,0,0,0,0,9,0,40.0408,-75.1583, , 
N,56371,2013100645,6,67,67301,2013,10,3,1718,17,1,1,0,1,1,1,4,Y,0,0,0,3,0,1,3,3,Y,N,40 01:17.348,75 02:26.438,1758,45,1719, ,0, ,N, ,0, ,N,N,N,N,627943,N,N,Y,3,3,0,0,0,0,0,0,0,0,0,1,1,0,0,0,0,0,1,0,0,0,0,0,0,0,0,0,0,0,0,0,0,0,0,4,0,40.0215,-75.0407, , 
 ,56372,2013101161,6,67,67301,2013,9,6,1700,17,1,1,0,8,1, , ,N,0,0,0,3,0,1,2,2,N, ,39 59:37.561,75 07:05.797,1706, ,1704, ,0, , , ,0, , , , , ,627944, , , ,1,1,0,0,0,0,0,0,0,0,0,1,1,0,0,0,0,0,0,0,0,0,0,0,0,0,0,0,0,0,0,0,1,0,0,4,0,39.9938,-75.1183, , 
 ,56373,2014000990,6,67,67301,2013,11,7,1910,19,4,1,0,6,6, , ,N,0,0,0,3,0,0,1,2,N,N,39 57:50.940,75 11:25.548,1915, ,1915, ,0, ,N, ,0, , , , , ,627970, , , ,2,1,0,0,0,0,1,0,0,0,0,0,0,0,0,0,0,0,0,0,0,0,0,0,0,0,0,0,0,0,0,0,0,0,0,0,0,39.9642,-75.1904, , 
 ,56374,2014001129,6,67,67301,2013,11,6,1245,12,1,1,0,4,1, , ,N,1,0,0,3,0,0,2,2,N,N,39 58:53.344,75 07:02.419,1305, ,1300, ,0, ,N, ,0, , , , , ,627971, , , ,2,1,0,0,1,0,0,0,0,0,0,0,0,0,0,0,0,0,0,0,0,1,0,0,0,0,0,0,0,0,0,0,0,0,0,0,0,39.9815,-75.1173, , 
 ,56375,2014009767,6,67,67301,2013,12,5,626,6,3,1,0,4,1, , ,N,1,2,0,3,0,1,3,3,N,N,40 03:24.250,75 02:48.711,643, ,628,3,2,2,N, ,3,Y, , , , ,627974, , , ,3,1,0,0,1,0,1,0,0,0,1,0,1,0,0,0,0,0,0,0,1,0,0,0,0,0,0,0,0,0,0,0,0,0,0,3,0,40.0567,-75.0469, , 
 ,56376,2013129496,6,67,67301,2013,11,4,1822,18,3,1,0,8,1, , ,N,5,2,0,3,0,1,4,2,N,N,40 02:01.136,75 03:49.097,1822, ,1822,1,1,3,N, ,3,N, , , , ,627979, , , ,1,1,0,0,0,0,0,0,0,0,0,1,1,0,0,0,0,0,0,0,0,0,0,0,0,0,0,0,0,0,0,0,1,0,0,4,0,40.0336,-75.0636, , 
 ,56377,2014002832,6,67,67301,2013,12,3,9999,99,1,1,0,5,1, , ,N,1,2,0,3,0,1,2,2,N, ,39 57:04.885,75 09:18.588,1330, ,1319, ,0, , , ,3, , , , , ,627987, , , ,1,0,0,0,0,0,0,0,1,0,0,1,1,0,0,0,0,0,0,0,0,0,0,0,0,0,0,0,0,0,0,0,0,0,0,4,0,39.9513,-75.1551, , 
 ,56378,2014114487,6,67,67301,2013,12,6,1430,14,1,1,0,7,4, , ,N,0,0,0,3,0,1,1,2,N,N,40 01:50.767,75 09:29.764,0, ,0, ,0, ,N, ,0, , , , , ,627991, , , ,1,0,0,0,1,0,0,0,0,1,0,0,1,0,0,0,0,0,0,0,0,0,0,0,0,0,0,1,0,0,0,0,0,0,0,2,0,40.0308,-75.1583, , 
 ,56379,2013111790,6,67,67301,2013,10,5,714,7,1,2,1,1,1, , ,N,0,0,7,3,0,1,3,2,N, ,40 01:20.930,75 11:54.349,735, ,714, ,0, , , ,0, , , , , ,627992, , , ,2,1,0,0,1,0,0,0,0,0,0,0,1,1,0,0,0,0,0,0,0,0,0,0,0,0,0,0,0,0,0,0,0,0,0,8,0,40.0225,-75.1984, , 
 ,56380,2013126146,6,67,67301,2013,11,1,619,6,5,1,0,7,5, , ,N,0,0,0,3,0,1,1,1,N,N,40 02:51.041,74 59:59.422,629, ,619,1,1,1,Y, ,0,N, , , , ,628009, , , ,1,1,0,0,0,0,0,0,0,0,1,0,1,0,0,0,0,0,1,0,0,0,0,0,0,0,0,0,0,0,0,0,0,0,0,3,0,40.0474,-74.9999, , 
 ,56381,2013121121,6,67,67301,2013,11,4,842,8,1,2,1,1,1, , ,N,0,0,0,3,0,3,4,3,N,N,39 58:25.675,75 07:10.595,854, ,853, ,0, ,N, ,0, , , , , ,628030, , , ,3,2,0,0,0,1,0,0,0,0,0,0,3,3,0,0,0,0,0,0,1,0,0,0,0,0,0,0,0,0,0,0,0,0,0,8,1,39.9738,-75.1196, , 
 ,56382,2013114481,6,67,67301,2013,10,2,2317,23,3,1,0,5,2, , ,N,0,0,0,3,0,2,3,3,N,N,40 00:06.181,75 08:17.206,32, ,29, ,0, ,N, ,0, , , , , ,628049, , , ,3,2,0,0,0,0,0,1,0,0,1,1,2,0,1,0,0,0,0,0,0,0,0,0,0,0,0,0,0,0,0,0,0,0,0,3,0,40.0017,-75.1381, , 
 ,56383,2013122940,6,67,67301,2013,11,7,417,4,3,1,0,4,1, , ,N,1,0,0,3,0,1,2,2,N,N,40 02:20.942,75 06:36.006,450, ,449,2,1,4,N, ,0,Y, , , , ,628068, , , ,2,2,0,0,0,0,0,0,0,0,0,0,1,1,0,0,0,0,0,0,0,0,0,0,0,0,0,0,0,0,0,0,0,0,0,8,0,40.0392,-75.11, , 
 ,56384,2013086789,6,67,67301,2013,8,5,958,9,1,2,1,7,2, , ,N,0,2,0,3,0,1,1,1,N, ,40 02:47.223,75 11:32.204,1045, ,1036, ,0, , , ,3, , , , , ,617295, , , ,1,1,0,0,0,0,0,0,0,0,1,0,1,0,0,0,0,0,0,0,1,0,0,1,0,0,0,0,0,0,0,0,0,0,0,3,0,40.0465,-75.1923, , 
 ,56385,2013091198,6,67,67301,2013,9,7,542,5,5,1,0,5,1, , ,N,0,0,0,3,0,1,3,2,N,N,40 02:07.607,75 01:04.267,647, ,546, ,0, ,N, ,0, , , , , ,617299, , , ,2,2,0,0,0,0,0,0,0,0,0,1,1,0,0,0,0,0,0,0,0,0,0,1,0,0,0,0,0,0,0,0,0,0,0,4,0,40.0354,-75.0179, , 
Y,56386,2013098852,6,67,67301,2013,9,4,2323,23,3,1,0,1,1,2,2,Y,0,0,0,3,0,1,2,2,N,N,39 57:26.690,75 10:49.300,2329,50,2324, ,0, ,N, ,0, ,Y,N,N,Y,617305,N,N,N,2,1,1,0,0,0,0,0,0,1,0,0,1,0,0,0,0,0,0,0,0,0,0,0,0,0,0,0,0,1,0,0,0,0,0,2,0,39.9574,-75.1804, , 
 ,56387,2013100147,6,67,67301,2013,9,3,9999,99,1,1,0,7,5, , ,N,0,0,0,3,0,1,1,1,N,N,40 06:08.510,75 01:38.470,1520, ,1515, ,0, , , ,0, , , , , ,617306, , , ,1,1,0,0,0,0,0,0,0,0,0,1,1,0,0,0,0,0,0,0,0,0,1,0,0,0,0,0,0,0,0,0,0,0,0,4,0,40.1024,-75.0274, , 
 ,56388,2013134201,6,67,67301,2013,12,3,2209,22,2,1,0,0,2, , ,N,0,0,0,3,0,0,1,1,N,N,40 02:22.235,75 00:26.807,2235, ,2215,1,2,2,N, ,0,N, , , , ,617307, , , ,1,1,0,0,0,0,0,0,0,0,0,0,0,0,0,0,0,0,0,0,0,0,0,0,0,0,0,0,0,0,0,0,0,0,0,0,0,40.0395,-75.0074, , 
 ,56389,2014003329,6,67,67301,2013,12,6,1308,13,1,1,8,1,1, , ,N,0,8,0,3,0,3,7,4,N,N,40 01:43.192,75 06:29.198,1318, ,1310,2,2,2,N, ,3,Y, , , , ,617313, , , ,4,4,0,0,0,0,0,0,0,0,2,1,3,0,0,0,0,0,0,0,0,0,0,1,0,0,0,0,0,0,0,0,0,0,0,3,0,40.0287,-75.1081, , 
 ,56390,2013122973,6,67,67301,2013,11,4,1906,19,3,1,0,4,1, , ,N,1,2,0,3,0,1,5,2,N,N,40 02:25.699,75 02:50.737,1927, ,1906, ,0, , , ,3, , , , , ,617335, , , ,2,1,0,0,1,0,0,0,0,0,0,1,1,0,0,0,0,0,0,0,0,0,0,0,0,0,0,0,0,0,0,0,0,0,0,4,0,40.0405,-75.0474, , 
 ,56391,2013084396,6,67,67301,2013,7,3,1509,15,1,1,0,1,1, , ,N,1,2,0,3,0,2,4,6,N,N,39 56:45.089,75 14:25.018,1530, ,1518, ,0, , , ,3, , , , , ,617353, , , ,6,4,0,0,0,0,2,0,0,0,0,2,2,0,0,0,0,0,0,0,2,0,0,0,0,0,0,0,0,0,0,0,0,0,0,4,0,39.9459,-75.2403, , 
 ,56392,2013101786,6,67,67301,2013,9,5,1550,15,1,1,0,4,3, , ,N,0,0,7,3,0,4,6,2,N,N,40 00:14.034,75 07:26.900,1601, ,1600,2,1,1,N, ,0,N, , , , ,617371, , , ,2,1,0,0,1,0,0,0,0,0,0,4,4,0,0,0,0,0,0,0,1,0,0,0,0,0,0,0,0,0,0,0,0,0,0,4,0,40.0039,-75.1241, , 
 ,56393,2013106721,6,67,67301,2013,9,1,2120,21,3,1,0,4,1, , ,N,1,2,0,3,0,0,3,2,N,N,39 57:12.030,75 11:01.741,2130, ,2126, ,0, ,N, ,3, , , , , ,617375, , , ,2,1,0,0,1,0,0,0,0,0,0,0,0,0,0,0,0,0,0,0,2,0,0,0,0,0,0,0,0,0,0,0,0,0,0,0,0,39.9533,-75.1838, , 
 ,56394,2013084015,6,67,67301,2013,7,2,2350,23,3,1,0,4,1, , ,N,1,2,0,3,0,1,2,2,N, ,40 02:43.859,75 05:17.937,2355, ,2350, ,0, , , ,3, , , , , ,617426, , , ,2,2,0,0,0,0,0,0,0,0,0,1,1,0,0,0,0,0,0,1,0,0,0,0,0,0,0,0,0,0,0,0,0,0,0,4,0,40.0455,-75.0883, , 
 ,56395,2013093980,6,67,67301,2013,9,3,1625,16,1,1,0,1,1, , ,N,7,0,2,3,0,1,2,2,N,N,40 00:12.647,75 04:38.645,1625, ,1625,2,2,1,N, ,0,N, , , , ,617431, , , ,2,1,0,0,0,0,1,0,0,0,0,1,1,0,0,0,0,0,0,0,0,0,0,0,0,0,0,0,0,0,0,0,0,0,0,4,0,40.0035,-75.0774, , 
 ,56396,2013124626,6,67,67301,2013,11,5,1610,16,1,2,1,7,2, , ,N,0,0,0,3,0,1,1,1,N,N,40 01:38.296,75 11:33.935,1620, ,1615, ,0, ,N, ,0, , , , , ,617450, , , ,1,1,0,0,0,0,0,0,0,0,0,1,1,0,0,0,0,0,0,0,0,0,0,0,0,0,0,0,0,0,0,0,0,0,0,4,0,40.0273,-75.1928, , 
 ,56397,2013062629,6,67,67301,2013,5,1,1830,18,1,1,0,6,2, , ,N,0,0,0,3,0,1,1,2,N,N,40 00:12.700,75 05:37.777,1855, ,1849, ,0, ,N, ,0, , , , , ,617468, , , ,2,0,0,0,0,0,0,1,0,0,1,0,1,0,0,1,0,0,0,0,0,0,0,0,0,0,0,0,0,0,0,0,0,0,0,3,0,40.0035,-75.0938, , 
 ,56398,2013070544,6,67,67301,2013,6,7,1736,17,1,1,0,4,1, , ,N,1,2,0,3,0,1,3,2,N,N,40 01:08.804,75 04:53.258,1740, ,1736, ,0, ,N, ,3, , , , , ,617475, , , ,2,1,0,0,0,0,1,0,0,0,0,0,1,1,0,0,0,0,0,2,0,0,0,0,0,0,0,0,0,0,0,0,0,0,0,8,0,40.0191,-75.0815, , 
 ,56399,2013079537,6,67,67301,2013,7,3,1735,17,1,1,0,8,1, , ,N,1,3,0,3,0,1,2,2,N, ,40 00:21.214,75 09:42.303,1738, ,1737,9,1,3, , ,3,N, , , , ,617493, , , ,1,0,0,0,1,0,0,0,0,0,0,1,1,0,0,0,0,0,0,0,0,0,0,0,0,0,0,0,0,0,0,0,1,0,0,4,0,40.0059,-75.1618, , 
 ,56400,2013114098,6,67,67301,2013,11,2,718,7,1,1,0,5,1, , ,N,0,0,0,3,0,0,2,2,N,N,39 59:56.643,75 11:43.954,739, ,722, ,0, ,N, ,0, , , , , ,617522, , , ,2,1,0,0,0,0,1,0,0,0,0,0,0,0,1,0,0,0,0,0,1,0,0,0,0,0,0,0,0,0,0,0,0,0,0,9,0,39.9991,-75.1955, , 
 ,56401,2013070410,6,67,67301,2013,6,1,22,0,3,1,0,5,2, , ,N,0,0,0,3,0,0,1,3,N,N,40 01:37.428,75 10:59.939,28, ,25, ,0, ,N, ,0, , , , , ,617563, , , ,3,3,0,0,0,0,0,0,0,0,0,0,0,0,0,0,0,0,0,0,0,0,0,0,0,0,0,0,0,0,0,0,0,0,0,0,0,40.0271,-75.1833, , 
 ,56402,2013109408,6,67,67301,2013,10,1,2238,22,3,1,0,5,1, , ,N,0,0,0,3,0,0,2,5,N,N,39 59:59.672,75 07:36.865,2238, ,2238, ,0, ,N, ,0, , , , , ,620435, , , ,5,4,0,0,1,0,0,0,0,0,0,0,0,0,0,0,0,0,0,0,0,0,0,0,0,0,0,0,0,0,0,0,0,0,0,0,0,39.9999,-75.1269, , 
 ,56403,2013122941,6,67,67301,2013,11,6,945,9,1,2,1,1,1, , ,N,1,2,0,3,0,1,4,2,N, ,40 02:00.300,75 04:59.362,1025, ,1018, ,0, , , ,3, , , , , ,620436, , , ,2,1,0,0,0,0,0,1,0,0,0,0,1,1,2,0,0,0,0,0,0,0,0,0,0,0,0,0,0,0,0,0,0,0,0,8,0,40.0394,-75.0774, , 
 ,56404,2013125926,6,67,67301,2013,11,4,9999,99,1,1,0,4,1, , ,N,1,3,0,3,0,2,5,2,N, ,40 01:07.888,75 04:39.633,930, ,920, ,0, , , ,3, , , , , ,620440, , , ,2,0,0,0,0,0,1,1,0,0,0,2,2,0,0,0,0,0,0,0,0,0,0,0,0,0,0,0,0,0,0,0,0,0,0,4,0,40.0189,-75.0777, , 