wz_ln_closure,objectid_1,crn,district,county,municipality,crash_year,crash_month,day_of_week,time_of_day,hour_of_day,illumination,weather,road_condition,collision_type,relation_to_road,work_zone_type,work_zone_loc,work_zone_ind,intersect_type,tcd_type,location_type,urban_rural,fatal_count,injury_count,person_count,total_units,sch_bus_ind,sch_zone_ind,latitude,longitude,arrival_tm,cons_zone_spd_lim,dispatch_tm,est_hrs_closed,lane_closed,ln_close_dir,ntfy_hiwy_maint,spec_juris_cd,tcd_func_cd,tfc_detour_ind,workers_pres,wz_close_detour,wz_flagger,wz_law_offcr_ind,objectid,wz_moving,wz_other,wz_shlder_mdn,vehicle_count,automobile_count,motorcycle_count,bus_count,small_truck_count,heavy_truck_count,suv_count,van_count,bicycle_count,maj_inj_count,mod_inj_count,min_inj_count,tot_inj_count,unk_inj_deg_count,unk_inj_per_count,driver_count_16yr,driver_count_17yr,driver_count_18yr,driver_count_19yr,driver_count_20yr,driver_count_50_64yr,driver_count_65_74yr,driver_count_75plus,unbelted_occ_count,unb_death_count,unb_maj_inj_count,belted_death_count,belted_maj_inj_count,mcycle_death_count,mcycle_maj_inj_count,bicycle_death_count,bicycle_maj_inj_count,ped_count,ped_death_count,ped_maj_inj_count,max_severity_level,comm_veh_count,dec_lat,dec_long,rdwy_surf_type_cd,county_name
 ,56405,2014004405,6,67,67301,2013,12,2,2048,20,3,1,1,7,2, , ,N,0,0,0,3,0,0,1,1,N,N,40 02:23.006,75 00:25.361,2058, ,2051, ,0, ,N, ,0, , , , , ,620448, , , ,1,1,0,0,0,0,0,0,0,0,0,0,0,0,0,0,0,0,1,0,0,0,0,0,0,0,0,0,0,0,0,0,0,0,0,0,0,40.0397,-75.007, , 
 ,56406,2014013019,6,67,67301,2013,12,6,1750,17,1,1,0,1,1, , ,N,1,2,0,3,0,0,8,3,N,N,40 01:43.905,75 06:21.601,1815, ,1809,1,1,1,N, ,3,N, , , , ,620449, , , ,3,3,0,0,0,0,0,0,0,0,0,0,0,0,0,0,0,0,0,1,0,0,0,0,0,0,0,0,0,0,0,0,0,0,0,0,0,40.0289,-75.106, , 
 ,56407,2013122955,6,67,67301,2013,10,7,9999,99,1,1,0,1,1, , ,N,1,2,0,3,0,0,4,3,N, ,40 06:50.926,74 59:15.880,1403, ,1354,1,1,1, , ,3,N, , , , ,620461, , , ,3,2,0,0,0,0,1,0,0,0,0,0,0,0,3,0,0,0,1,0,0,0,0,0,0,0,0,0,0,0,0,0,0,0,0,9,0,40.114,-74.9876, , 
 ,56408,2013122095,6,67,67301,2013,11,6,1515,15,1,1,0,7,2, , ,N,1,0,0,3,0,2,2,1,N,N,39 55:04.486,75 10:45.530,1521, ,1518, ,0, ,N, ,0, , , , , ,620502, , , ,1,1,0,0,0,0,0,0,0,0,0,2,2,0,0,0,0,0,0,0,0,0,1,0,0,0,0,0,0,0,0,0,0,0,0,4,0,39.9179,-75.1793, , 
 ,56409,2013123041,6,67,67301,2013,11,7,1852,18,3,1,0,4,1, , ,N,1,2,0,3,0,0,2,2,N,N,40 02:41.686,75 04:49.238,1941, ,1938, ,0, ,N, ,3, , , , , ,620531, , , ,2,1,0,0,0,0,1,0,0,0,0,0,0,0,0,0,0,0,0,0,1,0,0,0,0,0,0,0,0,0,0,0,0,0,0,0,0,40.0449,-75.0803, , 
 ,56410,2013130108,6,67,67301,2013,10,2,928,9,1,1,0,4,1, , ,N,0,0,0,3,0,2,2,2,N,N,40 03:53.244,74 58:54.333,928, ,928, ,0, , , ,0, , , , , ,620543, , , ,2,2,0,0,0,0,0,0,0,0,0,1,2,1,0,0,0,0,0,0,1,0,0,0,0,0,0,0,0,0,0,0,0,0,0,4,0,40.0648,-74.9818, , 
 ,56411,2014001026,6,67,67301,2013,12,3,1000,10,1,1,0,5,1, , ,N,0,0,0,3,0,1,2,2,N, ,39 58:30.012,75 11:13.037,1313, ,1310, ,0, , , ,0, , , , , ,620545, , , ,1,0,0,0,0,0,0,0,1,0,0,1,1,0,0,0,0,0,0,0,0,0,0,0,0,0,0,0,0,0,0,0,0,0,0,4,0,39.975,-75.187, , 
 ,56412,2014006856,6,67,67301,2013,12,3,1243,12,1,4,1,4,1, , ,N,1,2,0,3,0,1,2,2,N,N,40 00:30.704,75 12:38.642,1320, ,1315, ,0, ,N, ,3, , , , , ,620546, , , ,2,2,0,0,0,0,0,0,0,0,0,1,1,0,0,0,0,0,0,0,1,0,0,0,0,0,0,0,0,0,0,0,0,0,0,4,0,40.0085,-75.2107, , 
 ,56413,2014009654,6,67,67301,2013,12,7,250,2,3,2,1,1,1, , ,N,0,0,2,3,0,1,5,2,N,N,39 57:41.217,75 10:57.606,322, ,320, ,0, ,N, ,0, , , , , ,620547, , , ,2,1,0,0,0,0,0,0,0,0,0,1,1,0,0,0,0,0,0,0,0,0,0,0,0,0,0,0,0,0,0,0,0,0,0,4,0,39.9614,-75.1827, , 
 ,56414,2014013588,6,67,67301,2013,12,2,1716,17,3,1,0,2,6, , ,N,0,0,0,3,0,1,1,2,N,N,40 00:06.196,75 09:13.923,1718, ,1716, ,0, ,N, ,0, , , , , ,620548, , , ,2,2,0,0,0,0,0,0,0,0,0,0,1,1,0,0,0,0,0,0,0,0,0,0,0,0,0,0,0,0,0,0,0,0,0,8,0,40.0017,-75.1539, , 
 ,56415,2014006317,6,67,67301,2013,12,3,105,1,3,1,0,4,1, , ,N,0,0,0,3,0,1,3,2,N, ,40 01:01.260,75 10:17.939,113, ,108, ,0, , , ,0, , , , , ,620565, , , ,2,1,0,0,0,0,1,0,0,0,0,1,1,0,0,0,0,0,0,0,0,0,0,0,0,0,0,0,0,0,0,0,0,0,0,4,0,40.017,-75.1716, , 
 ,56416,2014006792,6,67,67301,2013,12,7,0,0,3,2,1,2,1, , ,N,1,2,0,3,0,0,6,2,N,N,39 56:52.009,75 13:46.191,15, ,0, ,0, ,N, ,3, , , , , ,620566, , , ,2,1,0,0,0,0,0,1,0,0,0,0,0,0,0,0,0,0,0,0,0,0,0,0,0,0,0,0,0,0,0,0,0,0,0,0,0,39.9478,-75.2295, , 
 ,56417,2014006848,6,67,67301,2013,12,7,9999,99,1,1,0,8,1, , ,N,0,0,0,3,0,1,2,2,N,N,39 57:31.971,75 13:30.348,1242, ,1230, ,0, , , ,0, , , , , ,620567, , , ,1,1,0,0,0,0,0,0,0,0,0,0,1,1,0,0,0,0,0,0,0,0,0,1,0,0,0,0,0,0,0,0,1,0,0,8,0,39.9589,-75.2251, , 
 ,56418,2014019139,6,67,67301,2013,12,7,415,4,3,1,0,4,1, , ,N,1,2,0,3,0,2,2,4,N, ,40 00:31.072,75 05:54.353,422, ,420, ,0, , , ,3, , , , , ,620568, , , ,4,3,0,0,0,0,1,0,0,0,0,2,2,0,0,0,0,0,0,0,0,0,0,0,0,0,0,0,0,0,0,0,0,0,0,4,0,40.0086,-75.0984, , 
 ,56419,2014006803,6,67,67301,2013,12,5,1200,12,1,9,0,4,1, , ,N,1,2,0,3,0,2,6,2,N,N,40 01:49.177,75 07:54.609,1350, ,1345, ,0, ,N, ,3, , , , , ,620587, , , ,2,1,0,0,1,0,0,0,0,0,0,2,2,0,0,0,0,0,0,0,0,0,0,0,0,0,0,0,0,0,0,0,0,0,0,4,0,40.0303,-75.1318, , 
 ,56420,2014000973,6,67,67301,2013,11,5,118,1,3,1,0,4,1, , ,N,1,2,0,3,0,0,2,2,N,N,39 57:15.246,75 14:39.951,122, ,121, ,0, ,N, ,3, , , , , ,620609, , , ,2,2,0,0,0,0,0,0,0,0,0,0,0,0,0,0,0,0,0,0,0,0,0,0,0,0,0,0,0,0,0,0,0,0,0,0,0,39.9542,-75.2444, , 
 ,56421,2014006897,6,67,67301,2013,12,5,9999,99,3,4,5,2,6, , ,N,0,0,0,3,0,1,1,2,N,N,39 55:20.881,75 13:32.685,1745, ,1737, ,0, , , ,0, , , , , ,623686, , , ,2,0,0,0,1,1,0,0,0,0,0,1,1,0,0,0,0,0,0,0,0,0,0,0,0,0,0,0,0,0,0,0,0,0,0,4,0,39.9225,-75.2257, , 
 ,56422,2014009682,6,67,67301,2013,12,7,325,3,3,9,0,7,3, , ,N,0,0,0,3,0,1,1,1,N,N,39 56:50.180,75 11:55.103,330, ,328,2,1,5, , ,0,N, , , , ,623687, , , ,1,1,0,0,0,0,0,0,0,0,0,0,1,1,0,0,0,0,0,0,0,0,0,0,0,0,0,0,0,0,0,0,0,0,0,8,0,39.9473,-75.1986, , 
 ,56423,2013121400,6,67,67301,2013,10,7,1421,14,1,1,0,4,1, , ,N,1,3,0,3,0,1,2,2,N,N,39 55:43.132,75 10:36.890,1627, ,1627, ,0, , , ,3, , , , , ,623692, , , ,1,0,0,0,1,0,0,0,1,0,0,0,1,1,0,0,0,0,0,0,0,0,0,0,0,0,0,0,0,0,0,0,0,0,0,8,0,39.9286,-75.1769, , 
 ,56424,2013125860,6,67,67301,2013,11,7,900,9,1,1,0,5,1, , ,N,0,0,0,3,0,1,2,2,N, ,39 57:42.291,75 08:28.295,900, ,845, ,0, , , ,0, , , , , ,623700, , , ,1,0,0,0,1,0,0,0,1,0,0,0,1,1,1,0,0,0,0,0,0,0,0,0,0,0,0,0,0,0,0,0,0,0,0,8,0,39.9617,-75.1412, , 
 ,56425,2013121322,6,67,67301,2013,10,3,1107,11,1,1,0,4,1, , ,N,0,0,7,3,0,1,2,2,N,N,40 01:57.356,75 10:40.934,1120, ,1119,2,1,3,N, ,0,Y, , , , ,623705, , , ,2,1,0,0,0,1,0,0,0,0,0,1,1,0,0,0,0,0,0,0,0,0,0,0,0,0,0,0,0,0,0,0,0,0,0,4,1,40.0326,-75.178, , 
 ,56426,2013121573,6,67,67301,2013,10,6,1615,16,1,1,0,1,1, , ,N,0,0,0,3,0,1,4,2,N,N,39 58:36.026,75 07:10.808,1635, ,1629, ,0, ,N, ,0, , , , , ,623706, , , ,2,1,0,1,0,0,0,0,0,0,1,0,1,0,0,0,0,0,0,0,0,0,0,1,0,0,0,0,0,0,0,0,0,0,0,3,1,39.9767,-75.1197, , 
 ,56427,2013122965,6,67,67301,2013,10,3,1045,10,1,2,1,7,4, , ,N,0,0,0,3,0,1,1,1,N,N,40 04:36.890,74 59:38.960,1053, ,1050, ,0, ,N, ,0, , , , , ,623709, , , ,1,1,0,0,0,0,0,0,0,0,0,0,1,1,0,0,0,0,0,0,0,1,0,0,0,0,0,0,0,0,0,0,0,0,0,8,0,40.0769,-74.9942, , 
 ,56428,2014001231,6,67,67301,2013,12,6,726,7,1,1,0,1,1, , ,N,6,0,2,3,0,0,2,2,N,N,39 58:33.352,75 11:43.008,741, ,726, ,0, ,N, ,0, , , , , ,623726, , , ,2,2,0,0,0,0,0,0,0,0,0,0,0,0,0,0,0,0,0,0,0,0,0,0,0,0,0,0,0,0,0,0,0,0,0,0,0,39.9761,-75.1956, , 
 ,56429,2013107956,6,67,67301,2013,10,5,1550,15,1,1,0,8,1, , ,N,1,2,0,3,0,1,8,2,Y,N,39 58:44.220,75 10:16.237,1630, ,1600,2,2,4,N, ,3,Y, , , , ,623741, , , ,1,0,0,1,0,0,0,0,0,0,0,1,1,0,0,0,0,0,0,0,0,0,0,0,0,0,0,0,0,0,0,0,1,0,0,4,1,39.979,-75.1712, , 
 ,56430,2014001104,6,67,67301,2013,12,3,1327,13,1,1,0,4,1, , ,N,1,2,0,3,0,1,2,2,N,N,40 03:38.529,75 03:14.962,1332, ,1327, ,0, , , ,3, , , , , ,623765, , , ,2,1,0,0,0,0,1,0,0,0,0,1,1,0,0,0,0,0,0,0,1,0,0,0,0,0,0,0,0,0,0,0,0,0,0,4,0,40.0607,-75.0542, , 
 ,56431,2014013039,6,67,67301,2013,3,1,330,3,3,1,0,7,4, , ,N,0,0,0,3,0,3,3,1,N, ,40 06:27.157,74 59:49.317,358, ,330,1,2,1, , ,0,Y, , , , ,623767, , , ,1,1,0,0,0,0,0,0,0,2,0,0,3,1,0,0,0,0,0,1,0,0,0,0,0,0,0,0,0,0,0,0,0,0,0,2,0,40.1075,-74.997, , 
 ,56432,2014013559,6,67,67301,2013,12,2,1210,12,1,2,1,4,1, , ,N,1,3,1,3,0,2,3,2,N,N,39 58:02.240,75 08:12.065,1225, ,1217, ,0, ,N, ,3, , , , , ,623768, , , ,2,0,0,0,0,0,1,1,0,0,2,0,2,0,0,0,0,0,0,0,1,0,0,0,0,0,0,0,0,0,0,0,0,0,0,3,0,39.9673,-75.1367, , 
 ,56433,2013125935,6,67,67301,2013,11,4,242,2,3,1,0,7,3, , ,N,0,0,0,3,0,0,1,1,N,N,40 01:33.793,75 05:47.358,245, ,242,1,2,1,N, ,0,Y, , , , ,623790, , , ,1,1,0,0,0,0,0,0,0,0,0,0,0,0,0,0,0,0,0,0,0,0,0,0,0,0,0,0,0,0,0,0,0,0,0,0,0,40.0261,-75.0965, , 
 ,56434,2013130071,6,67,67301,2013,10,1,9999,99,1,1,0,1,1, , ,N,1,2,0,3,0,4,4,2,N, ,39 56:47.632,75 14:45.701,1552, ,1545, ,0, , , ,3, , , , , ,623794, , , ,2,1,0,0,0,0,0,1,0,1,0,3,4,0,0,0,0,0,0,0,1,0,0,0,0,0,0,0,0,0,0,0,0,0,0,2,0,39.9466,-75.246, , 
 ,56435,2014001028,6,67,67301,2013,11,4,1644,16,3,2,1,1,1, , ,N,0,0,0,3,0,4,4,2,N,N,40 00:12.035,75 11:14.423,1656, ,1654, ,0, ,N, ,0, , , , , ,623801, , , ,2,1,0,0,0,0,1,0,0,0,0,4,4,0,0,0,0,0,0,0,0,0,0,0,0,0,0,0,0,0,0,0,0,0,0,4,0,40.0033,-75.1873, , 
 ,56436,2014009811,6,67,67301,2013,12,6,2305,23,3,1,0,1,1, , ,N,0,0,0,3,0,1,2,2,N, ,40 00:54.567,75 10:38.563,9999, ,9999, ,0, , , ,0, , , , , ,623802, , , ,2,2,0,0,0,0,0,0,0,0,0,1,1,0,0,0,0,1,0,0,0,0,0,0,0,0,0,0,0,0,0,0,0,0,0,4,0,40.0152,-75.1774, , 
 ,56437,2014009846,6,67,67301,2013,12,7,200,2,3,2,1,5,6, , ,N,0,0,0,3,0,0,1,2,N,N,40 02:15.613,75 01:35.490,207, ,206,2,2,6,N, ,0,Y, , , , ,623803, , , ,2,0,0,0,1,0,0,1,0,0,0,0,0,0,0,0,0,0,0,0,0,0,0,0,0,0,0,0,0,0,0,0,0,0,0,0,0,40.0377,-75.0265, , 
 ,56438,2013121565,6,67,67301,2013,10,5,955,9,1,1,0,5,1, , ,N,1,2,0,3,0,2,3,4,N,N,40 03:25.680,75 07:44.336,1022, ,1021, ,0, ,N, ,3, , , , , ,623812, , , ,4,4,0,0,0,0,0,0,0,0,0,0,2,2,0,0,0,0,0,0,1,0,1,0,0,0,0,0,0,0,0,0,0,0,0,8,0,40.0571,-75.1291, , 
 ,56439,2013109371,6,67,67301,2013,10,7,205,2,3,1,0,2,2, , ,N,0,0,0,3,0,0,1,2,N, ,40 00:11.834,75 09:57.628,216, ,216, ,0, , , ,0, , , , , ,627170, , , ,2,1,0,0,1,0,0,0,0,0,0,0,0,0,0,0,0,0,0,0,0,0,0,0,0,0,0,0,0,0,0,0,0,0,0,0,0,40.0033,-75.166, , 
 ,56440,2013111806,6,67,67301,2013,10,1,1830,18,3,1,0,5,1, , ,N,0,0,0,3,0,0,1,2,N,N,39 57:15.816,75 12:00.558,1838, ,1836, ,0, ,N, ,0, , , , , ,627173, , , ,2,1,0,0,0,0,1,0,0,0,0,0,0,0,0,0,0,0,0,0,0,0,0,1,0,0,0,0,0,0,0,0,0,0,0,0,0,39.9544,-75.2002, , 
 ,56441,2013121414,6,67,67301,2013,10,2,1636,16,1,1,0,8,1, , ,N,1,2,0,3,0,1,2,2,N,N,40 01:13.249,75 08:02.518,1639, ,1636, ,0, , , ,3, , , , , ,627187, , , ,1,1,0,0,0,0,0,0,0,0,1,0,1,0,0,0,0,0,0,0,1,0,0,0,0,0,0,0,0,0,0,0,1,0,0,3,0,40.0203,-75.134, , 
 ,56442,2013126989,6,67,67301,2013,11,7,1638,16,1,1,0,4,1, , ,N,1,2,0,3,0,0,6,2,N, ,40 01:57.810,75 06:23.231,1646, ,1642, ,0, , , ,3, , , , , ,627198, , , ,2,0,0,0,1,0,1,0,0,0,0,0,0,0,0,0,0,0,0,0,0,0,0,1,0,0,0,0,0,0,0,0,0,0,0,0,0,40.0329,-75.1067, , 
 ,56443,2014013147,6,67,67301,2013,12,5,2040,20,3,1,0,4,1, , ,N,1,2,0,3,0,1,4,2,N, ,39 59:08.181,75 09:03.283,2050, ,2045, ,0, , , ,3, , , , , ,627211, , , ,2,0,0,0,0,0,0,2,0,0,1,0,1,0,0,0,0,0,0,0,0,0,0,0,0,0,0,0,0,0,0,0,0,0,0,3,0,39.9856,-75.1509, , 
 ,56444,2014013148,6,67,67301,2013,12,6,1930,19,3,1,0,4,1, , ,N,1,2,0,3,0,1,4,2,N,N,39 57:41.673,75 10:30.111,2030, ,1934, ,0, ,N, ,3, , , , , ,627212, , , ,2,1,0,0,0,0,0,1,0,0,0,0,1,1,0,0,0,0,0,0,0,0,0,0,0,0,0,0,0,0,0,0,0,0,0,8,0,39.9616,-75.175, , 
 ,56445,2013114457,6,67,67301,2013,10,6,800,8,1,1,0,4,1, , ,N,1,3,0,3,0,1,2,2,N,N,40 02:16.440,75 02:50.675,830, ,812, ,0, ,N, ,3, , , , , ,627232, , , ,2,1,0,0,0,0,1,0,0,0,0,0,1,1,0,0,0,0,0,0,1,0,0,2,0,0,0,0,0,0,0,0,0,0,0,8,0,40.0379,-75.0474, , 
 ,56446,2013124847,6,67,67301,2013,12,7,42,0,3,2,1,7,2, , ,N,0,0,0,3,0,1,1,1,N,N,39 58:57.162,75 12:27.826,49, ,44, ,0, ,N, ,0, , , , , ,627237, , , ,1,1,0,0,0,0,0,0,0,0,0,0,1,1,0,0,0,0,0,0,0,0,0,0,0,0,0,0,0,0,0,0,0,0,0,8,0,39.9825,-75.2077, , 
 ,56447,2014001041,6,67,67301,2013,11,3,2050,20,6,2,1,5,1, , ,N,0,2,0,3,0,2,3,2,N,N,39 56:38.236,75 12:58.718,2055, ,2050, ,0, ,N, ,3, , , , , ,627258, , , ,2,2,0,0,0,0,0,0,0,0,0,2,2,0,0,0,0,0,0,0,0,0,0,0,0,0,0,0,0,0,0,0,0,0,0,4,0,39.944,-75.2163, , 
 ,56448,2013125961,6,67,67301,2013,10,4,1305,13,1,1,0,4,1, , ,N,0,0,7,3,0,0,2,3,N,N,40 01:39.093,75 12:51.606,1320, ,1307, ,0, ,N, ,0, , , , , ,627273, , , ,3,1,0,0,1,0,1,0,0,0,0,0,0,0,0,0,0,0,0,0,0,1,0,0,0,0,0,0,0,0,0,0,0,0,0,0,0,40.0275,-75.2143, , 
 ,56449,2013129408,6,67,67301,2013,11,6,1845,18,3,1,0,4,1, , ,N,0,0,7,3,0,1,2,2,N,N,40 01:40.468,75 12:53.323,1849, ,1846, ,0, , , ,0, , , , , ,627276, , , ,2,2,0,0,0,0,0,0,0,0,0,0,1,1,0,0,0,0,0,1,0,0,0,0,0,0,0,0,0,0,0,0,0,0,0,8,0,40.0279,-75.2148, , 
 ,56450,2013133077,6,67,67301,2013,11,4,820,8,1,1,0,1,1, , ,N,1,2,0,3,0,1,2,2,N,N,40 02:06.022,75 04:09.823,835, ,829, ,0, ,N, ,3, , , , , ,627281, , , ,2,1,0,0,0,0,1,0,0,0,0,1,1,0,0,0,0,0,0,0,0,0,0,1,0,0,0,0,0,0,0,0,0,0,0,4,0,40.035,-75.0694, , 
 ,56451,2014003315,6,67,67301,2013,12,4,205,2,3,4,1,7,4, , ,N,0,0,0,3,0,1,1,2,N,N,40 02:09.836,75 08:06.251,209, ,209, ,0, ,N, ,0, , , , , ,627287, , , ,1,1,0,0,0,0,0,0,0,0,0,1,1,0,0,0,0,0,0,0,0,0,0,1,0,0,0,0,0,0,0,0,0,0,0,4,0,40.0361,-75.1351, , 
 ,56452,2014003333,6,67,67301,2013,12,6,1725,17,4,9,8,8,1, , ,N,1,2,0,3,0,1,2,2,N,N,39 56:53.442,75 08:33.053,9999, ,9999, ,0, ,N, ,3, , , , , ,627288, , , ,1,0,0,0,1,0,0,0,0,0,0,1,1,0,0,0,0,0,0,0,0,1,0,0,0,0,0,0,0,0,0,0,1,0,0,4,0,39.9482,-75.1425, , 
 ,56453,2014013038,6,67,67301,2013,5,5,2329,23,3,2,1,8,1, , ,N,1,2,0,3,0,1,2,2,N, ,39 58:10.310,75 13:31.350,2330, ,2330, ,0, ,N, ,3, , , , , ,627289, , , ,1,1,0,0,0,0,0,0,0,1,0,0,1,0,0,0,0,0,0,0,1,0,0,0,0,0,0,0,0,0,0,0,1,0,1,2,0,39.9695,-75.2254, , 
 ,56454,2014021553,6,67,67301,2013,12,5,325,3,3,4,5,5,6, , ,N,0,0,0,3,0,0,1,5,N,N,40 02:23.673,75 13:26.902,340, ,330,9,1,1, , ,0,N, , , , ,627291, , , ,5,4,0,0,0,0,1,0,0,0,0,0,0,0,0,0,0,0,0,0,0,0,0,0,0,0,0,0,0,0,0,0,0,0,0,0,0,40.0399,-75.2241, , 
 ,56455,2013121394,6,67,67301,2013,10,5,2053,20,3,2,1,4,1, , ,N,2,2,0,3,0,2,2,2,N,N,39 57:44.379,75 12:32.687,2100, ,2055, ,0, ,N, ,3, , , , , ,627298, , , ,2,1,1,0,0,0,0,0,0,0,0,2,2,0,0,0,0,0,0,0,1,0,0,0,0,0,0,0,0,0,0,0,0,0,0,4,0,39.9623,-75.2091, , 
 ,56456,2014002810,6,67,67301,2013,11,6,1009,10,1,1,0,0,1, , ,N,0,0,0,3,0,1,1,1,N,N,39 58:21.310,75 09:33.350,1013, ,1013,1,1,2,N, ,0,Y, , , , ,627312, , , ,1,0,1,0,0,0,0,0,0,0,0,0,1,1,0,0,0,0,0,0,0,0,0,0,0,0,0,0,0,0,0,0,0,0,0,8,0,39.9726,-75.1593, , 
 ,56457,2014002743,6,67,67301,2013,12,3,1500,15,1,1,0,4,1, , ,N,1,2,0,3,0,1,3,3,N,N,39 56:37.021,75 09:24.595,1510, ,1507,1,1,1,N, ,3,Y, , , , ,617586, , , ,3,1,1,0,0,0,0,1,0,0,0,0,1,1,0,0,0,0,0,0,0,0,0,2,0,0,0,0,0,0,0,0,0,0,0,8,0,39.9436,-75.1568, , 
 ,56458,2014006890,6,67,67301,2013,12,1,1730,17,3,1,6,1,1, , ,N,1,2,0,3,0,1,6,2,N,N,40 00:43.542,75 06:43.855,9999, ,9999, ,0, , , ,3, , , , , ,617587, , , ,2,0,0,0,0,0,1,1,0,0,0,0,1,1,5,0,0,0,0,0,0,0,0,0,0,0,0,0,0,0,0,0,0,0,0,8,0,40.0121,-75.1122, , 
 ,56459,2014009679,6,67,67301,2013,11,5,2254,22,3,1,0,8,1, , ,N,0,0,0,3,0,2,3,3,N, ,40 02:33.114,75 13:35.075,2308, ,2254,3,2,5, , ,0,Y, , , , ,617588, , , ,1,1,0,0,0,0,0,0,0,2,0,0,2,0,0,0,0,0,0,0,0,0,0,0,0,0,0,0,0,0,0,0,2,0,2,2,0,40.0425,-75.2264, , 
 ,56460,2013122479,6,67,67301,2013,12,4,1616,16,1,1,0,8,1, , ,N,2,2,0,3,0,1,2,2,N,N,40 00:07.772,75 12:40.103,1655, ,1634,2,2,6,N, ,3,Y, , , , ,617614, , , ,1,0,0,1,0,0,0,0,0,0,0,0,1,1,0,0,0,0,0,0,0,0,0,0,0,0,0,0,0,0,0,0,1,0,0,8,1,40.0022,-75.2111, , 
 ,56461,2013114484,6,67,67301,2013,10,5,1810,18,1,1,0,8,1, , ,N,2,0,0,3,0,1,2,2,N, ,40 01:45.861,75 03:03.848,1825, ,1817, ,0, , , ,0, , , , , ,617629, , , ,1,0,0,0,0,0,0,0,0,0,0,1,1,0,0,0,0,0,0,0,1,0,0,0,0,0,0,0,0,0,0,0,1,0,0,4,0,40.0294,-75.0511, , 
 ,56462,2013062647,6,67,67301,2013,5,4,1640,16,1,1,0,1,1, , ,N,0,0,0,3,0,1,2,2,N,N,40 04:14.706,75 12:02.932,1757, ,1749, ,0, ,N, ,0, , , , , ,617644, , , ,2,2,0,0,0,0,0,0,0,0,0,0,1,1,1,0,0,0,0,0,0,0,1,0,0,0,0,0,0,0,0,0,0,0,0,8,0,40.0708,-75.2008, , 
 ,56463,2013077373,6,67,67301,2013,7,4,2205,22,3,2,1,2,1, , ,N,1,2,0,3,0,2,4,3,N,N,39 57:18.159,75 12:35.977,2220, ,2217, ,0, ,N, ,3, , , , , ,617655, , , ,1,1,0,0,0,0,0,0,2,0,0,2,2,0,0,0,0,0,0,0,1,0,0,0,0,0,0,0,0,0,0,0,0,0,0,4,0,39.955,-75.21, , 
 ,56464,2013077492,6,67,67301,2013,7,5,1909,19,1,1,0,4,1, , ,N,2,2,0,3,0,1,4,2,N,N,39 55:20.731,75 13:23.335,1915, ,1910,1,1,3,N, ,3,N, , , , ,617656, , , ,2,1,0,0,0,0,1,0,0,0,0,1,1,0,1,0,0,0,0,0,0,0,0,0,0,0,0,0,0,0,0,0,0,0,0,4,0,39.9224,-75.2231, , 
 ,56465,2013079942,6,67,67301,2013,7,5,1315,13,1,1,0,4,1, , ,N,0,2,0,3,0,1,2,2,N,N,39 57:27.942,75 13:09.662,1320, ,1316, ,0, ,N, ,3, , , , , ,617660, , , ,2,1,0,0,0,0,1,0,0,0,0,1,1,0,0,0,0,0,0,0,0,0,0,0,0,0,0,0,0,0,0,0,0,0,0,4,0,39.9578,-75.2194, , 
 ,56466,2013111803,6,67,67301,2013,10,2,1745,17,1,2,1,8,1, , ,N,1,3,0,3,0,1,2,2,N, ,40 03:17.452,75 08:14.575,1132, ,1132, ,0, ,N, ,3, , , , , ,617681, , , ,1,0,0,0,0,0,0,0,0,0,0,1,1,0,1,0,0,0,0,0,0,0,0,0,0,0,0,0,0,0,0,0,1,0,0,4,0,40.0548,-75.1374, , 
 ,56467,2013122942,6,67,67301,2013,11,7,1442,14,1,1,0,8,1, , ,N,0,0,0,3,0,1,2,2,N,N,40 03:29.293,75 09:33.577,1445, ,1444,2,1,3,N, ,0,N, , , , ,617690, , , ,1,0,0,0,0,0,1,0,0,0,0,0,1,1,0,0,0,0,0,0,0,1,0,0,0,0,0,0,0,0,0,0,1,0,0,8,0,40.0581,-75.1593, , 
 ,56468,2014001114,6,67,67301,2013,12,7,527,5,3,2,1,7,5, , ,N,0,0,0,3,0,1,1,1,N,N,40 02:19.332,75 05:19.182,535, ,528,9,2,7, , ,0,Y, , , , ,617703, , , ,1,1,0,0,0,0,0,0,0,0,1,0,1,0,0,0,0,0,0,0,0,0,0,0,0,0,0,0,0,0,0,0,0,0,0,3,0,40.0387,-75.0887, , 
 ,56469,2014013099,6,67,67301,2013,12,7,1630,16,1,1,0,1,6, , ,N,0,0,0,3,0,2,2,2,N, ,39 55:24.664,75 13:37.472,1632, ,1630, ,0, , , ,0, , , , , ,617705, , , ,2,1,0,0,0,0,1,0,0,0,0,0,2,2,0,0,0,1,0,0,0,0,0,0,0,0,0,0,0,0,0,0,0,0,0,8,0,39.9235,-75.2271, , 
 ,56470,2013129510,6,67,67301,2013,11,5,9999,99,1,1,0,5,6, , ,N,0,0,0,3,0,0,1,2,N, ,39 59:43.663,75 06:07.890,1819, ,1815, ,0, , , ,0, , , , , ,617711, , , ,2,1,0,0,1,0,0,0,0,0,0,0,0,0,0,0,0,0,0,0,1,0,0,1,0,0,0,0,0,0,0,0,0,0,0,0,0,39.9955,-75.1022, , 