wz_ln_closure,objectid_1,crn,district,county,municipality,crash_year,crash_month,day_of_week,time_of_day,hour_of_day,illumination,weather,road_condition,collision_type,relation_to_road,work_zone_type,work_zone_loc,work_zone_ind,intersect_type,tcd_type,location_type,urban_rural,fatal_count,injury_count,person_count,total_units,sch_bus_ind,sch_zone_ind,latitude,longitude,arrival_tm,cons_zone_spd_lim,dispatch_tm,est_hrs_closed,lane_closed,ln_close_dir,ntfy_hiwy_maint,spec_juris_cd,tcd_func_cd,tfc_detour_ind,workers_pres,wz_close_detour,wz_flagger,wz_law_offcr_ind,objectid,wz_moving,wz_other,wz_shlder_mdn,vehicle_count,automobile_count,motorcycle_count,bus_count,small_truck_count,heavy_truck_count,suv_count,van_count,bicycle_count,maj_inj_count,mod_inj_count,min_inj_count,tot_inj_count,unk_inj_deg_count,unk_inj_per_count,driver_count_16yr,driver_count_17yr,driver_count_18yr,driver_count_19yr,driver_count_20yr,driver_count_50_64yr,driver_count_65_74yr,driver_count_75plus,unbelted_occ_count,unb_death_count,unb_maj_inj_count,belted_death_count,belted_maj_inj_count,mcycle_death_count,mcycle_maj_inj_count,bicycle_death_count,bicycle_maj_inj_count,ped_count,ped_death_count,ped_maj_inj_count,max_severity_level,comm_veh_count,dec_lat,dec_long,rdwy_surf_type_cd,county_name
 ,56471,2014003854,6,67,67301,2013,12,5,1600,16,1,1,0,8,1, , ,N,1,2,0,3,0,1,2,2,N,N,40 01:56.128,75 02:44.077,1643, ,1637, ,0, , , ,3, , , , , ,617715, , , ,1,1,0,0,0,0,0,0,0,0,0,1,1,0,1,0,0,0,0,0,0,0,0,0,0,0,0,0,0,0,0,0,1,0,0,4,0,40.0323,-75.0456, , 
 ,56472,2013121535,6,67,67301,2013,10,3,2323,23,3,1,0,7,3, , ,N,0,0,0,3,0,0,1,1,N,N,39 55:33.500,75 08:41.380,2328, ,2325, ,0, , , ,0, , , , , ,617728, , , ,1,1,0,0,0,0,0,0,0,0,0,0,0,0,0,0,0,0,0,0,0,0,0,0,0,0,0,0,0,0,0,0,0,0,0,0,0,39.926,-75.1448, , 
 ,56473,2013130045,6,67,67301,2013,11,6,1821,18,3,1,0,4,1, , ,N,1,2,0,3,0,3,4,2,N, ,40 02:25.798,75 03:31.964,1824, ,1821,1,2,3, , ,3,Y, , , , ,617746, , , ,2,1,0,0,0,0,0,1,0,0,0,3,3,0,0,0,0,0,0,0,1,0,0,0,0,0,0,0,0,0,0,0,0,0,0,4,0,40.0405,-75.0589, , 
 ,56474,2014000985,6,67,67301,2013,11,4,1750,17,3,2,1,4,1, , ,N,2,3,0,3,0,1,2,2,N,N,40 03:29.276,75 04:40.848,1805, ,1750,3,2,4,N, ,3,Y, , , , ,617753, , , ,2,2,0,0,0,0,0,0,0,0,0,1,1,0,0,0,0,0,0,0,2,0,0,0,0,0,0,0,0,0,0,0,0,0,0,4,0,40.0579,-75.0779, , 
 ,56475,2014006916,6,67,67301,2013,12,7,1500,15,1,4,1,4,1, , ,N,1,2,0,3,0,5,5,2,N,N,39 58:51.174,75 14:47.541,1638, ,1627, ,0, ,N, ,3, , , , , ,620612, , , ,2,1,0,0,0,0,1,0,0,0,0,5,5,0,0,0,0,0,0,0,0,0,0,0,0,0,0,0,0,0,0,0,0,0,0,4,0,39.9809,-75.2465, , 
 ,56476,2013111430,6,67,67301,2013,10,1,1226,12,1,1,0,1,7, , ,N,6,0,2,3,0,2,3,2,N,N,40 01:14.657,75 02:34.057,1332, ,1259, ,0, ,N, ,0, , , , , ,620615, , , ,2,1,0,0,1,0,0,0,0,0,0,2,2,0,0,0,0,0,0,0,1,0,0,0,0,0,0,0,0,0,0,0,0,0,0,4,0,40.0207,-75.0428, , 
 ,56477,2013101735,6,67,67301,2013,9,3,1307,13,1,1,0,5,1, , ,N,0,0,0,3,0,0,2,2,N,N,39 56:45.089,75 14:25.018,1536, ,1531, ,0, ,N, ,0, , , , , ,620635, , , ,2,1,0,0,1,0,0,0,0,0,0,0,0,0,0,0,0,0,0,1,0,0,0,0,0,0,0,0,0,0,0,0,0,0,0,0,0,39.9459,-75.2403, , 
 ,56478,2013109550,6,67,67301,2013,10,7,1915,19,3,1,0,1,1, , ,N,0,0,0,3,0,0,2,2,N,N,39 59:27.290,75 05:11.961,1941, ,1915,2,2,2,N, ,0,N, , , , ,620640, , , ,2,2,0,0,0,0,0,0,0,0,0,0,0,0,1,0,0,0,0,0,0,0,0,0,0,0,0,0,0,0,0,0,0,0,0,9,0,39.9909,-75.0867, , 
 ,56479,2013114097,6,67,67301,2013,11,1,2016,20,3,1,0,1,1, , ,N,0,0,0,3,0,0,3,3,N,N,40 01:21.218,75 02:12.396,2024, ,2017,1,1,1,N, ,0,N, , , , ,620644, , , ,3,1,0,0,1,0,1,0,0,0,0,0,0,0,1,0,0,0,0,0,0,0,0,0,0,0,0,0,0,0,0,0,0,0,0,9,0,40.0225,-75.0369, , 
 ,56480,2014006879,6,67,67301,2013,12,4,1010,10,1,4,5,1,6, , ,N,0,0,0,3,0,1,3,2,N,N,40 01:05.070,75 07:49.591,1025, ,1016, ,0, ,N, ,0, , , , , ,620661, , , ,2,1,0,0,0,0,1,0,0,0,0,1,1,0,0,0,0,0,0,0,0,0,0,0,0,0,0,0,0,0,0,0,0,0,0,4,0,40.0181,-75.1304, , 
 ,56481,2014013572,6,67,67301,2013,12,7,9999,99,3,1,0,1,6, , ,N,0,0,0,3,0,0,1,2,Y, ,39 56:10.393,75 11:01.153,130, ,130, ,0, , , ,0, , , , , ,620662, , , ,2,1,0,1,0,0,0,0,0,0,0,0,0,0,0,0,0,0,0,0,0,0,0,0,0,0,0,0,0,0,0,0,0,0,0,0,1,39.9362,-75.1837, , 
 ,56482,2013124849,6,67,67301,2013,12,7,327,3,3,2,1,7,2, , ,N,0,0,0,3,0,0,1,1,N,N,39 58:52.610,75 12:24.883,333, ,328, ,0, ,N, ,0, , , , , ,620693, , , ,1,1,0,0,0,0,0,0,0,0,0,0,0,0,0,0,0,0,0,0,0,0,0,0,0,0,0,0,0,0,0,0,0,0,0,0,0,39.9813,-75.2069, , 
 ,56483,2014009689,6,67,67301,2013,12,5,9999,99,1,1,0,8,1, , ,N,1,2,0,3,0,1,2,2,N, ,39 58:17.205,75 09:33.736,9999, ,1444, ,0, , , ,3, , , , , ,620708, , , ,1,0,0,0,0,0,1,0,0,0,0,1,1,0,0,0,0,0,0,0,0,1,0,0,0,0,0,0,0,0,0,0,1,0,0,4,0,39.9714,-75.1594, , 
 ,56484,2013111817,6,67,67301,2013,10,6,2242,22,3,1,0,1,1, , ,N,5,2,0,3,0,1,5,3,N,N,40 01:25.849,75 07:25.874,2253, ,2247, ,0, , , ,3, , , , , ,620711, , , ,3,2,0,0,0,0,1,0,0,0,0,0,1,1,0,0,0,0,1,0,0,0,0,0,0,0,0,0,0,0,0,0,0,0,0,8,0,40.0238,-75.1239, , 
 ,56485,2014013546,6,67,67301,2013,12,2,1725,17,3,1,0,4,1, , ,N,1,2,0,3,0,2,3,2,N,N,40 01:13.222,75 06:50.843,1735, ,1729, ,0, ,N, ,3, , , , , ,620736, , , ,2,2,0,0,0,0,0,0,0,0,0,1,2,1,0,0,0,0,0,0,0,0,0,0,0,0,0,0,0,0,0,0,0,0,0,4,0,40.0202,-75.1141, , 
 ,56486,2014022774,6,67,67301,2013,12,6,1441,14,1,1,0,2,1, , ,N,0,0,0,3,0,2,4,2,N,N,39 55:31.919,75 14:39.936,1522, ,1519, ,0, ,N, ,0, , , , , ,620737, , , ,2,0,0,0,0,0,2,0,0,0,2,0,2,0,0,0,0,0,0,0,0,0,0,0,0,0,0,0,0,0,0,0,0,0,0,3,0,39.9255,-75.2444, , 
 ,56487,2013103993,6,67,67301,2013,5,2,915,9,1,1,0,5,1, , ,N,0,0,0,3,0,1,2,2,N,N,39 57:22.847,75 09:45.549,935, ,925,2,1,1,N, ,0,Y, , , , ,620739, , , ,2,1,1,0,0,0,0,0,0,0,0,1,1,0,0,0,0,0,0,0,0,0,0,0,0,0,0,0,0,0,0,0,0,0,0,4,0,39.9563,-75.1627, , 
 ,56488,2013106698,6,67,67301,2013,9,5,1220,12,1,1,0,5,2, , ,N,1,0,0,3,0,1,2,4,N, ,40 00:31.284,75 05:54.308,1318, ,1317, ,0, , , ,0, , , , , ,620743, , , ,4,1,0,0,1,0,2,0,0,0,0,1,1,0,0,0,0,0,0,0,0,0,0,0,0,0,0,0,0,0,0,0,0,0,0,4,0,40.0086,-75.0984, , 
 ,56489,2013111811,6,67,67301,2013,10,4,1400,14,1,1,1,1,1, , ,N,1,4,0,3,0,1,2,2,N, ,40 01:32.833,75 05:40.750,1435, ,1430, ,0, , , ,3, , , , , ,620780, , , ,2,0,0,0,1,0,1,0,0,0,0,1,1,0,0,0,0,0,0,0,0,0,0,0,0,0,0,0,0,0,0,0,0,0,0,4,0,40.0258,-75.0947, , 
 ,56490,2013121419,6,67,67301,2013,11,7,1115,11,1,1,0,5,1, , ,N,0,0,0,3,0,1,1,4,N,N,39 58:41.855,75 07:12.460,1120, ,1117, ,0, ,N, ,0, , , , , ,620809, , , ,4,2,0,0,1,0,1,0,0,0,1,0,1,0,0,0,0,0,0,0,1,0,0,0,0,0,0,0,0,0,0,0,0,0,0,3,0,39.9783,-75.1201, , 
 ,56491,2013122094,6,67,67301,2013,10,5,1355,13,1,1,0,1,1, , ,N,1,3,0,3,0,1,3,2,N,N,40 03:03.758,75 05:53.505,1405, ,1357,1,1,4,N, ,3,Y, , , , ,620833, , , ,2,1,0,0,1,0,0,0,0,0,0,1,1,0,0,0,0,0,0,0,2,0,0,0,0,0,0,0,0,0,0,0,0,0,0,4,0,40.051,-75.0982, , 
 ,56492,2013122934,6,67,67301,2013,11,4,1615,16,1,1,0,8,1, , ,N,2,2,0,3,0,1,2,2,N,N,40 03:39.695,75 11:24.461,1620, ,1618, ,0, ,N, ,3, , , , , ,620834, , , ,1,0,0,0,1,0,0,0,0,0,0,0,1,1,0,0,0,0,0,0,1,0,0,0,0,0,0,0,0,0,0,0,1,0,0,8,0,40.061,-75.1901, , 
 ,56493,2013122950,6,67,67301,2013,11,1,2000,20,3,1,0,5,1, , ,N,1,2,0,3,0,3,4,2,N,N,40 01:46.636,75 05:12.517,2055, ,2000, ,0, ,N, ,3, , , , , ,623814, , , ,2,2,0,0,0,0,0,0,0,0,0,3,3,0,0,0,0,0,0,0,0,0,0,0,0,0,0,0,0,0,0,0,0,0,0,4,0,40.0296,-75.0868, , 
 ,56494,2013129467,6,67,67301,2013,11,1,1850,18,3,1,0,5,1, , ,N,0,0,0,3,0,0,2,2,N,N,40 00:05.235,75 08:44.969,1900, ,1850, ,0, ,N, ,0, , , , , ,623836, , , ,2,0,0,0,0,0,0,2,0,0,0,0,0,0,0,0,0,0,0,0,0,0,0,0,0,0,0,0,0,0,0,0,0,0,0,0,0,40.0015,-75.1458, , 
 ,56495,2013079511,6,67,67301,2013,7,5,754,7,1,1,1,8,1, , ,N,0,0,0,3,0,1,4,2,N,N,39 57:44.161,75 08:53.941,800, ,756,1,2,3, , ,0,N, , , , ,623857, , , ,1,1,0,0,0,0,0,0,0,0,0,1,1,0,0,0,0,0,0,0,0,0,0,0,0,0,0,0,0,0,0,0,1,0,0,4,0,39.9623,-75.1483, , 
 ,56496,2014009675,6,67,67301,2013,12,3,2113,21,3,1,1,4,1, , ,N,1,2,0,3,0,0,2,2,N,N,40 02:58.479,75 05:44.227,2140, ,2130, ,0, ,N, ,3, , , , , ,623871, , , ,2,2,0,0,0,0,0,0,0,0,0,0,0,0,0,0,0,0,0,0,1,0,0,0,0,0,0,0,0,0,0,0,0,0,0,0,0,40.0496,-75.0956, , 
 ,56497,2014009706,6,67,67301,2013,11,3,1310,13,1,2,1,8,1, , ,N,1,2,0,3,0,1,2,2,N,N,40 01:54.231,75 10:43.900,1318, ,1312, ,0, ,N, ,3, , , , , ,623872, , , ,1,1,0,0,0,0,0,0,0,0,1,0,1,0,0,0,0,0,1,0,0,0,0,0,0,0,0,0,0,0,0,0,1,0,0,3,0,40.0317,-75.1789, , 
 ,56498,2013122182,6,67,67301,2013,12,1,327,3,3,1,0,7,2, , ,N,7,0,2,3,0,2,2,1,N,N,39 53:09.434,75 12:36.161,358, ,341, ,0, ,N, ,0, , , , , ,623890, , , ,1,1,0,0,0,0,0,0,0,0,0,2,2,0,0,0,0,0,0,0,0,0,0,0,0,0,0,0,0,0,0,0,0,0,0,4,0,39.886,-75.2111, , 
 ,56499,2013122988,6,67,67301,2013,11,6,545,5,3,2,1,4,1, , ,N,2,2,7,3,0,0,3,2,N, ,40 06:43.188,74 59:26.030,645, ,630,2,1,1, , ,3,N, , , , ,623892, , , ,2,0,0,0,0,0,1,1,0,0,0,0,0,0,0,0,0,0,0,0,1,0,0,0,0,0,0,0,0,0,0,0,0,0,0,0,0,40.112,-74.9905, , 
 ,56500,2014009791,6,67,67301,2013,12,7,1735,17,3,1,0,8,1, , ,N,0,0,0,3,0,1,3,2,N,N,40 00:02.239,75 10:00.129,1738, ,1737,1,2,6, , ,0,Y, , , , ,623931, , , ,1,0,0,0,0,0,1,0,0,0,0,1,1,0,0,0,0,0,0,0,1,0,0,0,0,0,0,0,0,0,0,0,1,0,0,4,0,40.0006,-75.1667, , 
 ,56501,2014009833,6,67,67301,2013,12,2,1410,14,1,2,1,4,1, , ,N,2,0,0,3,0,2,4,2,N,N,39 55:32.406,75 10:46.974,1415, ,1414,1,1,3, , ,0,N, , , , ,623932, , , ,2,1,0,0,1,0,0,0,0,0,0,2,2,0,0,0,0,0,0,0,0,0,0,0,0,0,0,0,0,0,0,0,0,0,0,4,0,39.9257,-75.1797, , 
 ,56502,2013121349,6,67,67301,2013,10,4,950,9,1,2,1,7,5, , ,N,0,0,0,3,0,1,2,1,N, ,40 00:53.145,75 09:11.697,1000, ,953, ,0, , , ,0, , , , , ,623944, , , ,1,0,0,0,0,0,0,1,0,0,0,0,1,1,0,0,0,0,0,0,1,0,0,0,0,0,0,0,0,0,0,0,0,0,0,8,0,40.0148,-75.1532, , 
 ,56503,2014000969,6,67,67301,2013,12,4,1835,18,3,1,0,4,1, , ,N,1,2,0,3,0,2,3,2,N,Y,40 02:11.789,75 03:52.061,1843, ,1835,1,1,1,Y, ,3,N, , , , ,623958, , , ,2,2,0,0,0,0,0,0,0,0,0,2,2,0,0,0,0,0,0,0,0,0,0,0,0,0,0,0,0,0,0,0,0,0,0,4,0,40.0366,-75.0645, , 
 ,56504,2014015474,6,67,67301,2013,10,1,2030,20,3,9,0,4,1, , ,N,2,2,0,3,0,1,3,2,N,N,39 55:06.128,75 10:58.043,0, ,0, ,0, ,N, ,3, , , , , ,623960, , , ,2,0,0,0,2,0,0,0,0,0,0,0,1,1,2,0,0,0,0,0,1,0,0,0,0,0,0,0,0,0,0,0,0,0,0,8,0,39.9184,-75.1828, , 
 ,56505,2013129449,6,67,67301,2013,11,4,939,9,1,1,0,1,1, , ,N,0,0,0,3,0,0,2,2,N,N,40 01:10.772,75 08:52.164,955, ,936,2,1,4,N, ,0,N, , , , ,624000, , , ,2,2,0,0,0,0,0,0,0,0,0,0,0,0,0,0,0,0,0,0,1,0,0,0,0,0,0,0,0,0,0,0,0,0,0,0,0,40.0197,-75.1478, , 
 ,56506,2014006820,6,67,67301,2013,12,4,1200,12,1,4,1,7,4, , ,N,0,0,0,3,0,1,1,2,N,N,40 01:42.973,75 11:25.724,1210, ,1205, ,0, ,N, ,0, , , , , ,624009, , , ,1,1,0,0,0,0,0,0,0,0,0,1,1,0,0,0,0,0,0,0,1,0,0,0,0,0,0,0,0,0,0,0,0,0,0,4,0,40.0286,-75.1905, , 
 ,56507,2013111730,6,67,67301,2013,10,7,20,0,3,1,0,7,5, , ,N,0,0,0,3,0,1,1,1,N,N,40 01:04.149,75 12:40.920,30, ,1025, ,0, ,N, ,0, , , , , ,624032, , , ,1,1,0,0,0,0,0,0,0,0,0,1,1,0,0,0,0,0,0,0,0,0,0,0,0,0,0,0,0,0,0,0,0,0,0,4,0,40.0179,-75.2114, , 
 ,56508,2013124659,6,67,67301,2013,10,5,1805,18,3,1,0,2,1, , ,N,1,2,0,3,0,2,3,3,N,N,40 04:01.164,75 09:22.593,1812, ,1810, ,0, , , ,3, , , , , ,624048, , , ,3,3,0,0,0,0,0,0,0,0,0,0,2,2,0,0,0,0,0,0,0,0,0,0,0,0,0,0,0,0,0,0,0,0,0,8,0,40.067,-75.1563, , 
 ,56509,2014001130,6,67,67301,2013,12,4,1611,16,3,1,0,8,1, , ,N,1,2,0,3,0,1,2,2,N,N,39 58:23.685,75 12:43.721,1620, ,1615, ,0, , , ,3, , , , , ,624085, , , ,1,1,0,0,0,0,0,0,0,0,0,0,1,1,0,0,0,0,0,0,0,0,0,0,0,0,0,0,0,0,0,0,1,0,0,8,0,39.9732,-75.2121, , 
 ,56510,2014006832,6,67,67301,2013,12,2,1546,15,1,2,1,4,1, , ,N,1,2,0,3,0,0,4,2,N,N,40 03:08.206,75 09:05.993,1604, ,1600, ,0, ,N, ,3, , , , , ,624086, , , ,2,2,0,0,0,0,0,0,0,0,0,0,0,0,2,0,0,0,0,0,1,1,0,1,0,0,0,0,0,0,0,0,0,0,0,9,0,40.0523,-75.1516, , 
 ,56511,2013119880,6,67,67301,2013,10,5,930,9,1,1,0,7,5, , ,N,0,0,0,3,0,1,1,1,N,N,40 00:05.289,75 04:53.898,1110, ,1106, ,0, ,Y, ,0, , , , , ,627317, , , ,1,0,0,0,0,0,1,0,0,0,1,0,1,0,0,0,0,0,0,0,1,0,0,0,0,0,0,0,0,0,0,0,0,0,0,3,0,40.0015,-75.0816, , 
 ,56512,2013111835,6,67,67301,2013,10,2,900,9,1,2,1,7,2, , ,N,0,0,3,3,0,0,6,3,N,N,39 58:24.820,75 11:40.606,930, ,900, ,0, ,N, ,0, , , , , ,627347, , , ,3,2,0,0,0,0,1,0,0,0,0,0,0,0,0,0,0,0,0,0,1,0,0,0,0,0,0,0,0,0,0,0,0,0,0,0,0,39.9736,-75.1946, , 
 ,56513,2013118934,6,67,67301,2013,11,4,1455,14,1,1,0,1,1, , ,N,0,0,0,3,0,2,3,3,N,N,39 56:38.200,75 11:31.417,1500, ,1455,2,2,4,N, ,0,N, , , , ,627356, , , ,3,3,0,0,0,0,0,0,0,1,0,0,2,1,1,0,0,0,0,0,0,0,0,0,0,0,0,1,0,0,0,0,0,0,0,2,0,39.9429,-75.193, , 
 ,56514,2013119468,6,67,67301,2013,11,4,1445,14,1,1,0,1,1, , ,N,0,0,0,3,0,0,2,2,N,N,40 00:18.503,75 04:33.074,1519, ,1459, ,0, ,N, ,0, , , , , ,627357, , , ,2,1,0,0,1,0,0,0,0,0,0,0,0,0,0,0,0,0,0,0,1,0,0,0,0,0,0,0,0,0,0,0,0,0,0,0,0,40.0051,-75.0759, , 
 ,56515,2014001128,6,67,67301,2013,12,6,9999,99,3,2,1,2,1, , ,N,0,0,0,3,0,3,4,2,N,N,39 59:51.132,75 05:21.023,1945, ,1931, ,0, ,N, ,0, , , , , ,627377, , , ,2,2,0,0,0,0,0,0,0,0,0,2,3,1,0,0,0,0,0,0,0,0,0,0,0,0,0,0,0,0,0,0,0,0,0,4,0,39.9975,-75.0892, , 
 ,56516,2013123007,6,67,67301,2013,11,4,1750,17,3,1,0,8,1, , ,N,5,2,0,3,0,1,2,2,N,N,40 01:22.061,75 09:32.460,1803, ,800, ,0, ,N, ,3, , , , , ,627389, , , ,1,1,0,0,0,0,0,0,0,0,0,1,1,0,0,0,0,0,0,0,0,0,0,0,0,0,0,0,0,0,0,0,1,0,0,4,0,40.0228,-75.159, , 
 ,56517,2014006810,6,67,67301,2013,12,7,120,1,3,2,1,6,6, , ,N,0,0,0,3,0,0,2,2,N,N,40 02:42.892,75 09:07.419,145, ,143, ,0, ,N, ,0, , , , , ,627405, , , ,2,2,0,0,0,0,0,0,0,0,0,0,0,0,0,0,0,0,0,0,0,0,0,0,0,0,0,0,0,0,0,0,0,0,0,0,0,40.0452,-75.1521, , 
 ,56518,2014009709,6,67,67301,2013,12,7,713,7,1,8,1,7,2, , ,N,0,0,0,3,0,0,1,1,N,N,40 03:31.027,75 11:48.399,740, ,729, ,0, ,N, ,0, , , , , ,627406, , , ,1,1,0,0,0,0,0,0,0,0,0,0,0,0,0,0,0,0,0,0,0,0,0,0,0,0,0,0,0,0,0,0,0,0,0,0,0,40.0586,-75.1968, , 
 ,56519,2013104017,6,67,67301,2013,9,5,1727,17,1,1,0,4,1, , ,N,1,3,0,3,0,1,2,2,N, ,39 56:03.991,75 09:43.516,1732, ,1727, ,0, , , ,3, , , , , ,627412, , , ,1,0,0,0,1,0,0,0,1,0,0,1,1,0,0,0,0,0,0,0,0,0,0,0,0,0,0,0,0,0,0,0,0,0,0,4,0,39.9344,-75.1621, , 
 ,56520,2013109431,6,67,67301,2013,10,5,1025,10,1,1,0,5,1, , ,N,0,0,0,3,0,1,2,2,N,N,39 57:22.816,75 11:11.976,1026, ,1025,2,1,4, , ,0,N, , , , ,627416, , , ,2,0,1,0,0,0,1,0,0,0,0,1,1,0,0,0,0,0,0,0,0,0,0,0,0,0,0,0,0,0,0,0,0,0,0,4,0,39.9563,-75.1867, , 
 ,56521,2013111785,6,67,67301,2013,10,2,1930,19,3,9,1,8,1, , ,N,1,2,0,3,0,1,2,2,N,N,39 56:39.836,75 10:43.474,1145, ,1117, ,0, ,N, ,3, , , , , ,627420, , , ,1,0,0,0,0,0,1,0,0,0,0,1,1,0,1,0,0,0,0,0,0,0,0,0,0,0,0,0,0,0,0,0,1,0,0,4,0,39.9444,-75.1787, , 
 ,56522,2013124811,6,67,67301,2013,10,3,722,7,1,1,0,7,5, , ,N,0,0,0,3,0,0,1,1,N,N,39 55:54.104,75 11:59.361,729, ,724, ,0, ,N, ,0, , , , , ,627427, , , ,1,1,0,0,0,0,0,0,0,0,0,0,0,0,0,0,0,0,0,0,0,0,0,0,0,0,0,0,0,0,0,0,0,0,0,0,0,39.9317,-75.1998, , 
 ,56523,2014002812,6,67,67301,2013,11,1,230,2,3,1,0,1,6, , ,N,0,0,0,3,0,0,1,2,N,N,39 56:54.758,75 09:28.054,240, ,235, ,0, ,N, ,0, , , , , ,627434, , , ,2,2,0,0,0,0,0,0,0,0,0,0,0,0,1,0,0,0,0,0,0,0,0,0,0,0,0,0,0,0,0,0,0,0,0,9,0,39.9485,-75.1578, , 
 ,56524,2014003336,6,67,67301,2013,12,4,1530,15,1,1,0,4,1, , ,N,1,2,0,3,0,2,5,2,N, ,39 57:16.308,75 08:58.375,1550, ,1550, ,0, , , ,3, , , , , ,627435, , , ,2,2,0,0,0,0,0,0,0,0,1,0,2,1,0,0,0,0,0,0,0,0,0,0,0,0,0,0,0,0,0,0,0,0,0,3,0,39.9547,-75.1495, , 
 ,56525,2013055323,6,67,67301,2013,5,5,120,1,2,1,0,7,5, , ,N,0,0,0,3,0,3,3,1,N,N,39 58:56.990,75 13:31.110,136, ,132, ,0, ,N, ,0, , , , , ,627439, , , ,1,1,0,0,0,0,0,0,0,0,0,3,3,0,0,0,0,0,0,0,1,0,0,0,0,0,0,0,0,0,0,0,0,0,0,4,0,39.9825,-75.2253, , 
 ,56526,2013055553,6,67,67301,2013,5,4,1250,12,1,1,0,4,1, , ,N,0,0,0,3,0,2,2,2,N,N,39 55:42.768,75 14:09.354,1254, ,1251, ,0, , , ,0, , , , , ,627440, , , ,2,2,0,0,0,0,0,0,0,0,1,1,2,0,0,0,0,0,0,0,0,0,0,0,0,0,0,0,0,0,0,0,0,0,0,3,0,39.9285,-75.2359, , 
 ,56527,2013065297,6,67,67301,2013,5,2,715,7,1,2,1,4,1, , ,N,0,0,7,3,0,1,2,2,N,N,39 56:48.574,75 14:53.271,9999, ,722, ,0, ,N, ,0, , , , , ,627449, , , ,2,2,0,0,0,0,0,0,0,0,0,1,1,0,0,0,0,0,0,0,0,0,0,0,0,0,0,0,0,0,0,0,0,0,0,4,0,39.9468,-75.2481, , 
 ,56528,2014000980,6,67,67301,2013,12,3,945,9,1,1,0,4,1, , ,N,2,3,7,3,0,1,3,2,N, ,39 54:37.713,75 10:57.197,950, ,948, ,0, , , ,3, , , , , ,627499, , , ,2,1,0,0,0,0,1,0,0,0,0,1,1,0,0,0,0,0,0,0,1,0,0,0,0,0,0,0,0,0,0,0,0,0,0,4,0,39.9105,-75.1826, , 
 ,56529,2014001043,6,67,67301,2013,12,5,1300,13,1,5,1,4,1, , ,N,1,2,0,3,0,0,2,2,N, ,39 55:05.239,75 10:51.193,1310, ,1300, ,0, , , ,3, , , , , ,627500, , , ,2,1,0,0,0,0,1,0,0,0,0,0,0,0,0,0,0,0,0,0,0,0,0,1,0,0,0,0,0,0,0,0,0,0,0,0,0,39.9181,-75.1809, , 
 ,56530,2014016055,6,67,67301,2013,10,4,130,1,6,9,1,1,1, , ,N,2,3,0,3,0,1,2,2,N,N,40 05:25.231,75 03:39.293,0, ,0, ,0, ,N, ,3, , , , , ,617755, , , ,2,0,0,0,2,0,0,0,0,0,0,0,1,1,1,0,0,0,0,0,0,1,0,0,0,0,0,0,0,0,0,0,0,0,0,8,0,40.0903,-75.0609, , 
 ,56531,2013107141,6,67,67301,2013,9,2,1251,12,1,1,0,4,1, , ,N,1,2,0,3,0,1,4,3,N,N,40 00:31.034,75 04:07.810,1256, ,1253,2,1,4,N, ,3,N, , , , ,617792, , , ,3,1,0,0,2,0,0,0,0,0,0,1,1,0,0,0,0,0,1,0,0,1,1,1,0,0,0,0,0,0,0,0,0,0,0,4,0,40.0086,-75.0688, , 
 ,56532,2013114482,6,67,67301,2013,10,1,155,1,3,1,0,4,1, , ,N,1,2,0,3,0,5,7,3,N,N,39 57:11.367,75 09:11.303,208, ,206,2,2,4, , ,3,Y, , , , ,617799, , , ,3,2,0,1,0,0,0,0,0,0,0,4,5,1,0,0,0,0,0,0,1,0,0,0,0,0,0,0,0,0,0,0,0,0,0,4,1,39.9532,-75.1531, , 
 ,56533,2014010351,6,67,67301,2013,12,3,2145,21,3,1,0,4,1, , ,N,1,3,0,3,0,1,2,2,N,N,39 56:38.871,75 10:49.889,200, ,150, ,0, ,N, ,3, , , , , ,617829, , , ,1,0,0,0,1,0,0,0,1,0,1,0,1,0,0,0,0,0,0,0,0,0,0,0,0,0,0,0,0,0,0,0,0,0,0,3,0,39.9441,-75.1805, , 
 ,56534,2013093145,6,67,67301,2013,8,4,538,5,1,1,0,8,1, , ,N,2,2,0,3,0,2,2,2,N, ,39 56:05.393,75 08:33.250,608, ,552, ,0, , , ,3, , , , , ,617838, , , ,1,0,0,0,1,0,0,0,0,1,0,1,2,0,0,0,0,0,0,0,0,0,0,0,0,0,0,0,0,0,0,0,1,0,1,2,0,39.9348,-75.1426, , 
 ,56535,2013095318,6,67,67301,2013,9,1,955,9,1,1,0,1,1, , ,N,0,0,0,3,0,1,3,3,N,N,39 58:43.540,75 12:11.399,1005, ,1000,1,1,3,N, ,0,N, , , , ,617843, , , ,3,2,0,0,0,0,1,0,0,0,0,1,1,0,0,0,0,0,0,0,1,0,0,0,0,0,0,0,0,0,0,0,0,0,0,4,0,39.9788,-75.2032, , 
 ,56536,2013096121,6,67,67301,2013,8,6,1830,18,1,1,0,4,1, , ,N,2,0,0,3,0,1,2,2,N, ,40 03:48.848,75 01:27.379,2105, ,2059, ,0, , , ,0, , , , , ,617844, , , ,1,0,0,0,1,0,0,0,1,0,1,0,1,0,0,0,0,0,0,0,0,0,0,0,0,0,0,0,0,0,0,0,0,0,0,3,0,40.0636,-75.0243, , 