wz_ln_closure,objectid_1,crn,district,county,municipality,crash_year,crash_month,day_of_week,time_of_day,hour_of_day,illumination,weather,road_condition,collision_type,relation_to_road,work_zone_type,work_zone_loc,work_zone_ind,intersect_type,tcd_type,location_type,urban_rural,fatal_count,injury_count,person_count,total_units,sch_bus_ind,sch_zone_ind,latitude,longitude,arrival_tm,cons_zone_spd_lim,dispatch_tm,est_hrs_closed,lane_closed,ln_close_dir,ntfy_hiwy_maint,spec_juris_cd,tcd_func_cd,tfc_detour_ind,workers_pres,wz_close_detour,wz_flagger,wz_law_offcr_ind,objectid,wz_moving,wz_other,wz_shlder_mdn,vehicle_count,automobile_count,motorcycle_count,bus_count,small_truck_count,heavy_truck_count,suv_count,van_count,bicycle_count,maj_inj_count,mod_inj_count,min_inj_count,tot_inj_count,unk_inj_deg_count,unk_inj_per_count,driver_count_16yr,driver_count_17yr,driver_count_18yr,driver_count_19yr,driver_count_20yr,driver_count_50_64yr,driver_count_65_74yr,driver_count_75plus,unbelted_occ_count,unb_death_count,unb_maj_inj_count,belted_death_count,belted_maj_inj_count,mcycle_death_count,mcycle_maj_inj_count,bicycle_death_count,bicycle_maj_inj_count,ped_count,ped_death_count,ped_maj_inj_count,max_severity_level,comm_veh_count,dec_lat,dec_long,rdwy_surf_type_cd,county_name
 ,56537,2013103946,6,67,67301,2013,9,4,759,7,1,1,0,4,2, , ,N,2,3,0,3,0,2,5,2,N,N,40 01:29.818,75 09:35.589,830, ,827, ,0, ,N, ,3, , , , , ,617852, , , ,2,0,0,0,0,0,2,0,0,0,0,0,2,2,0,0,0,0,0,0,0,0,0,4,0,0,0,0,0,0,0,0,0,0,0,8,0,40.0249,-75.1599, , 
 ,56538,2013105975,6,67,67301,2013,9,6,210,2,3,1,0,7,4, , ,N,0,0,0,3,0,1,2,1,N,N,39 55:51.022,75 11:56.510,222, ,212,1,1,3,N, ,0,N, , , , ,617855, , , ,1,0,0,0,0,0,1,0,0,0,0,1,1,0,0,0,0,0,0,0,0,0,0,2,0,0,0,0,0,0,0,0,0,0,0,4,0,39.9308,-75.199, , 
 ,56539,2013106617,6,67,67301,2013,9,7,2155,21,6,2,1,4,1, , ,N,2,0,0,3,0,0,6,2,N,N,40 02:11.673,75 11:53.559,2155, ,2156, ,0, ,N, ,0, , , , , ,617857, , , ,2,2,0,0,0,0,0,0,0,0,0,0,0,0,0,1,0,0,0,0,0,0,0,0,0,0,0,0,0,0,0,0,0,0,0,0,0,40.0366,-75.1982, , 
 ,56540,2013122462,6,67,67301,2013,10,3,1635,16,1,1,0,8,1, , ,N,0,0,0,3,0,1,2,2,N,N,40 00:54.720,75 04:21.835,1645, ,1637, ,0, , , ,0, , , , , ,617873, , , ,1,1,0,0,0,0,0,0,0,0,0,1,1,0,0,0,0,0,0,0,1,0,0,0,0,0,0,0,0,0,0,0,1,0,0,4,0,40.0152,-75.0727, , 
 ,56541,2013125968,6,67,67301,2013,11,5,745,7,1,1,0,8,1, , ,N,1,2,0,3,0,1,2,2,N,N,39 57:07.661,75 09:41.216,752, ,750, ,0, ,N, ,3, , , , , ,617874, , , ,1,1,0,0,0,0,0,0,0,0,0,0,1,1,0,0,0,0,0,0,1,0,0,0,0,0,0,0,0,0,0,0,1,0,0,8,0,39.9521,-75.1615, , 
 ,56542,2013129414,6,67,67301,2013,11,4,2100,21,3,1,0,4,1, , ,N,1,3,0,3,0,0,2,2,N,N,39 59:46.806,75 08:54.837,2257, ,2259,3,1,1,Y, ,3,N, , , , ,617876, , , ,2,1,0,0,0,0,1,0,0,0,0,0,0,0,0,0,0,0,0,0,0,0,0,0,0,0,0,0,0,0,0,0,0,0,0,0,0,39.9963,-75.1486, , 
 ,56543,2013065314,6,67,67301,2013,5,5,9999,99,1,1,0,4,1, , ,N,1,2,0,3,0,2,3,3,N,N,40 00:16.936,75 09:08.069,1345, ,1345, ,0, ,N, ,3, , , , , ,617884, , , ,2,1,0,0,1,0,0,0,0,0,0,2,2,0,1,0,0,0,0,0,0,1,0,0,0,0,0,0,0,0,0,0,1,0,0,4,0,40.0047,-75.1521, , 
 ,56544,2013070451,6,67,67301,2013,6,1,1530,15,1,2,1,8,1, , ,N,2,0,0,3,0,1,2,2,N,N,39 59:53.728,75 06:22.827,1622, ,1619, ,0, ,N, ,0, , , , , ,617886, , , ,1,1,0,0,0,0,0,0,0,0,1,0,1,0,0,0,0,0,0,0,1,0,0,0,0,0,0,0,0,0,0,0,1,0,0,3,0,39.9983,-75.1063, , 
 ,56545,2013093556,6,67,67301,2013,8,3,903,9,1,1,1,8,1, , ,N,0,0,0,3,0,1,2,2,N,N,39 59:30.303,75 08:10.082,922, ,905, ,0, , , ,0, , , , , ,617906, , , ,1,1,0,0,0,0,0,0,0,0,0,1,1,0,0,0,0,0,0,0,0,0,1,0,0,0,0,0,0,0,0,0,1,0,0,4,0,39.9918,-75.1361, , 
 ,56546,2013101116,6,67,67301,2013,9,4,20,0,3,1,0,4,1, , ,N,2,3,0,3,0,1,2,2,N,N,40 02:23.298,75 05:59.233,35, ,30, ,0, ,N, ,3, , , , , ,617911, , , ,2,2,0,0,0,0,0,0,0,0,0,0,1,1,0,0,0,0,0,0,0,0,0,0,0,0,0,0,0,0,0,0,0,0,0,8,0,40.0398,-75.0998, , 
 ,56547,2013130241,6,67,67301,2013,12,2,1851,18,3,1,0,1,1, , ,N,0,0,0,3,0,0,2,2,N,N,39 57:33.061,75 10:20.201,1953, ,1853, ,0, ,N, ,0, , , , , ,617919, , , ,2,2,0,0,0,0,0,0,0,0,0,0,0,0,0,0,0,0,0,0,0,0,0,0,0,0,0,0,0,0,0,0,0,0,0,0,0,39.9592,-75.1723, , 
 ,56548,2013124636,6,67,67301,2013,10,5,1357,13,1,1,0,4,1, , ,N,0,0,7,3,0,1,2,2,N,N,40 04:39.454,75 05:08.695,1420, ,1359, ,0, ,N, ,0, , , , , ,620836, , , ,2,1,0,0,0,0,1,0,0,0,0,1,1,0,0,0,0,0,0,0,1,0,0,0,0,0,0,0,0,0,0,0,0,0,0,4,0,40.0776,-75.0857, , 
 ,56549,2013065447,6,67,67301,2013,5,4,1815,18,1,1,0,8,1, , ,N,0,0,0,3,0,1,2,2,N,N,39 58:54.796,75 06:25.023,2010, ,1959, ,0, ,N, ,0, , , , , ,620852, , , ,1,1,0,0,0,0,0,0,0,0,0,1,1,0,0,0,0,0,0,0,0,0,0,0,0,0,0,0,0,0,0,0,1,0,0,4,0,39.9819,-75.107, , 
 ,56550,2013121443,6,67,67301,2013,10,6,1550,15,1,1,0,8,1, , ,N,1,2,0,3,0,1,2,2,N,N,39 59:53.463,75 06:04.518,1630, ,1615, ,0, , , ,3, , , , , ,620886, , , ,1,0,0,0,0,0,1,0,0,0,0,1,1,0,0,0,0,0,0,0,0,0,0,0,0,0,0,0,0,0,0,0,1,0,0,4,0,39.9982,-75.1013, , 
 ,56551,2013122907,6,67,67301,2013,11,7,1729,17,1,1,0,6,1, , ,N,0,0,0,3,0,0,2,3,N, ,39 56:56.097,75 13:16.338,1733, ,1729, ,0, , , ,0, , , , , ,620888, , , ,3,1,0,0,1,0,1,0,0,0,0,0,0,0,1,0,0,0,0,0,1,1,0,0,0,0,0,0,0,0,0,0,0,0,0,9,0,39.9489,-75.2212, , 
 ,56552,2013125971,6,67,67301,2013,10,3,1511,15,1,1,0,8,1, , ,N,0,0,0,3,0,1,3,2,N,Y,39 54:58.217,75 09:59.866,1515, ,1514, ,0, , , ,0, , , , , ,620890, , , ,1,0,0,0,0,0,0,1,0,0,0,0,1,1,0,0,0,0,0,0,0,0,0,0,0,0,0,0,0,0,0,0,1,0,0,8,0,39.9162,-75.1666, , 
 ,56553,2014003335,6,67,67301,2013,12,4,1323,13,1,1,0,8,1, , ,N,1,2,0,3,0,1,2,2,N, ,39 56:54.579,75 09:26.606,1330, ,1324, ,0, , , ,3, , , , , ,620899, , , ,1,0,0,0,1,0,0,0,0,0,0,1,1,0,0,0,0,0,0,0,0,1,0,0,0,0,0,0,0,0,0,0,1,0,0,4,0,39.9485,-75.1573, , 
 ,56554,2013070066,6,67,67301,2013,6,5,2335,23,3,1,0,7,2, , ,N,0,0,7,3,0,1,1,1,N,N,39 55:07.680,75 11:13.390,2345, ,2336, ,0, ,N, ,0, , , , , ,620908, , , ,1,1,0,0,0,0,0,0,0,0,1,0,1,0,0,0,0,0,0,0,0,0,0,0,0,0,0,0,0,0,0,0,0,0,0,3,0,39.9188,-75.1871, , 
 ,56555,2013066844,6,67,67301,2013,5,7,1915,19,1,1,0,8,1, , ,N,1,0,0,3,0,1,2,2,N,N,39 56:32.755,75 08:50.560,0, ,0, ,0, ,N, ,0, , , , , ,620912, , , ,1,1,0,0,0,0,0,0,0,1,0,0,1,0,0,0,0,0,0,0,0,0,0,0,0,0,0,0,0,0,0,0,1,0,1,2,0,39.9424,-75.1474, , 
 ,56556,2014000429,6,67,67301,2013,11,1,148,1,3,1,0,6,6, , ,N,0,0,0,3,0,0,1,3,N,N,40 03:08.704,75 04:24.117,150, ,149,1,1,1,N, ,0,N, , , , ,620957, , , ,3,2,0,0,0,0,1,0,0,0,0,0,0,0,1,0,0,0,1,0,0,0,0,0,0,0,0,0,0,0,0,0,0,0,0,9,0,40.0524,-75.0734, , 
 ,56557,2014001101,6,67,67301,2013,12,5,839,8,1,5,1,1,1, , ,N,1,2,0,3,0,1,3,2,N, ,40 06:16.480,75 00:08.268,842, ,842,1,2,2, , ,3,N, , , , ,620958, , , ,2,1,0,0,0,0,1,0,0,0,0,0,1,1,0,0,0,0,0,0,1,0,0,0,0,0,0,0,0,0,0,0,0,0,0,8,0,40.1044,-75.0021, , 
 ,56558,2014002830,6,67,67301,2013,11,5,320,3,3,1,0,7,4, , ,N,0,0,2,3,0,1,1,1,N, ,39 52:50.073,75 15:07.667,330, ,324, ,0, , , ,0, , , , , ,620959, , , ,1,1,0,0,0,0,0,0,0,0,0,1,1,0,0,0,0,0,0,0,0,0,0,0,0,0,0,0,0,0,0,0,0,0,0,4,0,39.8806,-75.2521, , 
 ,56559,2014009734,6,67,67301,2013,12,3,1642,16,3,4,1,4,1, , ,N,1,3,0,3,0,1,2,2,N,N,39 58:29.377,75 15:00.568,1651, ,1642, ,0, ,N, ,3, , , , , ,620971, , , ,2,2,0,0,0,0,0,0,0,0,1,0,1,0,0,0,0,1,0,0,0,0,0,0,0,0,0,0,0,0,0,0,0,0,0,3,0,39.9748,-75.2502, , 
 ,56560,2013118947,6,67,67301,2013,11,6,1509,15,1,1,0,1,1, , ,N,0,0,0,3,0,0,2,2,N,N,39 58:23.649,75 11:38.154,1519, ,1509, ,0, ,N, ,0, , , , , ,620979, , , ,2,1,0,0,0,0,1,0,0,0,0,0,0,0,0,0,0,0,0,1,0,0,0,0,0,0,0,0,0,0,0,0,0,0,0,0,0,39.9732,-75.1939, , 
 ,56561,2013129502,6,67,67301,2013,11,1,3,0,3,1,1,4,1, , ,N,0,0,0,3,0,0,2,2,N,N,40 05:13.685,75 02:26.899,10, ,3, ,0, ,N, ,0, , , , , ,620985, , , ,2,2,0,0,0,0,0,0,0,0,0,0,0,0,1,0,0,0,0,0,0,0,0,1,0,0,0,0,0,0,0,0,0,0,0,9,0,40.0871,-75.0408, , 
 ,56562,2013130060,6,67,67301,2013,11,5,2119,21,3,1,0,4,1, , ,N,1,2,0,3,0,2,3,2,N,N,39 57:48.112,75 11:14.766,2222, ,2119, ,0, ,N, ,3, , , , , ,620986, , , ,2,1,0,0,0,0,0,1,0,0,0,0,2,2,0,0,0,0,0,0,1,0,0,0,0,0,0,0,0,0,0,0,0,0,0,8,0,39.9634,-75.1875, , 
 ,56563,2014013028,6,67,67301,2013,12,6,1146,11,1,1,0,4,1, , ,N,1,2,0,3,0,2,2,2,N, ,39 55:20.053,75 13:49.322,1152, ,1146,1,2,7, , ,3,N, , , , ,620988, , , ,2,1,0,0,1,0,0,0,0,0,0,2,2,0,0,0,0,0,0,0,0,0,0,0,0,0,0,0,0,0,0,0,0,0,0,4,0,39.9222,-75.2303, , 
 ,56564,2013129444,6,67,67301,2013,11,6,9999,99,1,1,0,1,1, , ,N,0,0,0,3,0,1,3,2,N, ,40 00:49.808,75 09:00.484,1120, ,1116, ,0, , , ,0, , , , , ,620992, , , ,2,1,0,0,1,0,0,0,0,0,0,1,1,0,0,0,0,0,0,0,0,1,0,0,0,0,0,0,0,0,0,0,0,0,0,4,0,40.0138,-75.1501, , 
 ,56565,2014001045,6,67,67301,2013,11,6,2014,20,3,2,1,7,2, , ,N,0,0,0,3,0,0,1,1,N,N,40 01:38.579,75 11:33.729,2014, ,2014,1,2,2,N, ,0,N, , , , ,621000, , , ,1,1,0,0,0,0,0,0,0,0,0,0,0,0,0,0,0,0,0,0,0,0,0,0,0,0,0,0,0,0,0,0,0,0,0,0,0,40.0274,-75.1927, , 
 ,56566,2014006903,6,67,67301,2013,12,4,1830,18,3,1,0,7,4, , ,N,0,0,0,3,0,2,5,1,N,N,40 00:00.840,75 05:02.423,1840, ,1840, ,0, ,N, ,0, , , , , ,624087, , , ,1,1,0,0,0,0,0,0,0,0,1,1,2,0,0,0,0,0,0,0,0,0,0,1,0,0,0,0,0,0,0,0,0,0,0,3,0,40.0002,-75.084, , 
 ,56567,2014006864,6,67,67301,2013,12,7,254,2,3,1,1,7,3, , ,N,0,0,0,3,0,0,1,2,N,N,39 54:24.486,75 08:22.162,307, ,259, ,0, ,N, ,0, , , , , ,624093, , , ,1,1,0,0,0,0,0,0,0,0,0,0,0,0,0,0,0,0,0,0,0,0,0,1,0,0,0,0,0,0,0,0,0,0,0,0,0,39.9068,-75.1395, , 
 ,56568,2014013154,6,67,67301,2013,12,2,1256,12,1,1,0,5,1, , ,N,0,0,0,3,0,1,4,4,N, ,40 04:44.791,75 01:32.398,1256, ,1256,2,1,3, , ,0,N, , , , ,624095, , , ,4,2,0,0,1,0,1,0,0,0,0,1,1,0,0,0,0,0,0,0,2,0,0,0,0,0,0,0,0,0,0,0,0,0,0,4,0,40.0791,-75.0257, , 
 ,56569,2013130070,6,67,67301,2013,11,5,721,7,1,1,0,8,1, , ,N,0,0,0,3,0,1,2,2,N, ,39 57:07.952,75 12:22.042,805, ,801, ,0, , , ,0, , , , , ,624100, , , ,1,0,0,0,0,0,1,0,0,0,0,0,1,1,0,0,0,0,0,0,0,0,0,0,0,0,0,0,0,0,0,0,1,0,0,8,0,39.9522,-75.2061, , 
 ,56570,2014002752,6,67,67301,2013,11,6,2300,23,3,1,0,4,1, , ,N,1,2,0,3,0,5,5,2,N,N,40 02:37.429,75 05:06.333,2330, ,2320, ,0, ,N, ,3, , , , , ,624104, , , ,2,2,0,0,0,0,0,0,0,0,0,5,5,0,0,0,0,0,0,0,0,0,0,0,0,0,0,0,0,0,0,0,0,0,0,4,0,40.0437,-75.0851, , 
 ,56571,2014009703,6,67,67301,2013,12,3,1410,14,1,2,1,5,1, , ,N,0,0,0,3,0,0,2,2,N,N,40 04:26.239,75 02:04.255,1428, ,1422, ,0, ,N, ,0, , , , , ,624106, , , ,2,1,0,0,0,1,0,0,0,0,0,0,0,0,1,0,0,1,0,0,0,0,0,0,0,0,0,0,0,0,0,0,0,0,0,9,1,40.074,-75.0345, , 
 ,56572,2014001024,6,67,67301,2013,11,4,1132,11,1,2,1,5,1, , ,N,0,0,0,3,0,1,3,2,N,N,39 57:00.622,75 12:45.622,1145, ,1139, ,0, ,N, ,0, , , , , ,624118, , , ,2,0,0,0,1,1,0,0,0,0,0,0,1,1,0,0,0,0,0,0,0,0,0,0,0,0,0,0,0,0,0,0,0,0,0,8,1,39.9502,-75.2127, , 
 ,56573,2013123037,6,67,67301,2013,10,6,1523,15,1,7,0,8,4, , ,N,0,0,0,3,0,1,2,2,N,N,39 57:22.870,75 14:12.048,9999, ,1523, ,0, ,N, ,0, , , , , ,624134, , , ,1,0,0,0,0,0,0,1,0,0,0,1,1,0,1,0,0,0,0,0,1,0,0,0,0,0,0,0,0,0,0,0,1,0,0,4,0,39.9564,-75.2367, , 
 ,56574,2013130047,6,67,67301,2013,11,4,751,7,1,1,0,4,1, , ,N,0,0,7,3,0,1,2,2,N, ,40 00:12.194,75 08:27.124,831, ,822, ,0, , , ,0, , , , , ,624141, , , ,2,1,0,0,0,0,0,1,0,0,0,0,1,1,0,0,0,0,0,0,0,0,0,0,0,0,0,0,0,0,0,0,0,0,0,8,0,40.0034,-75.1409, , 
 ,56575,2014001032,6,67,67301,2013,11,6,225,2,3,1,0,7,4, , ,N,0,0,0,3,0,0,1,1,N,N,40 01:51.320,75 06:41.650,258, ,252,9,1,3,N, ,0,N, , , , ,624145, , , ,1,0,0,0,1,0,0,0,0,0,0,0,0,0,0,0,0,0,0,0,0,0,0,0,0,0,0,0,0,0,0,0,0,0,0,0,0,40.0309,-75.1116, , 
 ,56576,2013122184,6,67,67301,2013,12,2,726,7,1,1,0,1,1, , ,N,3,0,2,3,0,1,2,2,N,N,39 59:15.401,75 12:28.791,732, ,726, ,0, ,N, ,0, , , , , ,624153, , , ,2,2,0,0,0,0,0,0,0,0,0,0,1,1,0,0,0,0,0,0,1,0,0,0,0,0,0,0,0,0,0,0,0,0,0,8,0,39.9876,-75.208, , 
 ,56577,2013130063,6,67,67301,2013,11,7,1128,11,1,1,0,1,1, , ,N,0,0,0,3,0,0,9,6,N,N,40 01:25.670,75 08:01.418,1138, ,1132, ,0, ,N, ,0, , , , , ,624156, , , ,5,5,0,0,0,0,0,0,0,0,0,0,0,0,0,0,0,0,0,0,0,1,0,0,0,0,0,0,0,0,0,0,0,0,0,0,0,40.0238,-75.1337, , 
 ,56578,2014001097,6,67,67301,2013,12,4,2130,21,3,1,0,1,1, , ,N,1,2,0,3,0,1,2,2,N,N,40 03:02.097,75 08:31.585,9999, ,9999, ,0, ,N, ,3, , , , , ,624164, , , ,2,2,0,0,0,0,0,0,0,0,0,1,1,0,0,0,0,0,0,0,0,0,0,0,0,0,0,0,0,0,0,0,0,0,0,4,0,40.0506,-75.1421, , 
 ,56579,2014006915,6,67,67301,2013,12,7,2344,23,3,1,1,5,6, , ,N,0,0,0,3,0,0,1,4,N,N,40 01:41.389,75 03:38.106,25, ,20, ,0, ,N, ,0, , , , , ,624166, , , ,4,4,0,0,0,0,0,0,0,0,0,0,0,0,0,0,0,0,0,0,0,0,0,0,0,0,0,0,0,0,0,0,0,0,0,0,0,40.0282,-75.0606, , 
 ,56580,2013101873,6,67,67301,2013,10,3,1406,14,1,1,0,5,1, , ,N,0,0,2,3,0,1,2,2,N,N,39 58:05.041,75 07:44.121,1425, ,1410, ,0, ,N, ,0, , , , , ,624169, , , ,2,0,0,0,1,1,0,0,0,0,0,1,1,0,0,0,0,0,0,0,0,0,0,1,0,0,0,0,0,0,0,0,0,0,0,4,1,39.9681,-75.1289, , 
 ,56581,2013109805,6,67,67301,2013,11,6,1512,15,1,1,0,1,1,1,8,Y,1,0,0,3,0,1,10,2,Y,N,39 59:33.382,75 08:37.776,1645,90,1627,3,1,4,N, ,0,N,Y, , ,N,624172, ,Y, ,2,1,0,1,0,0,0,0,0,0,0,1,1,0,0,0,0,0,0,0,1,0,0,0,0,0,0,0,0,0,0,0,0,0,0,4,1,39.9925,-75.1439, , 
 ,56582,2013121280,6,67,67301,2013,9,5,1220,12,1,1,0,6,1, , ,N,0,0,0,3,0,1,2,2,N, ,39 59:16.504,75 10:56.071,1433, ,1429, ,0, ,N, ,0, , , , , ,624186, , , ,2,0,0,0,1,0,0,0,0,0,0,1,1,0,1,0,0,0,1,0,0,0,0,0,0,0,0,0,0,0,0,0,0,0,0,4,0,39.9879,-75.1822, , 
 ,56583,2013124655,6,67,67301,2013,10,5,2255,22,3,2,1,4,1, , ,N,0,0,7,3,0,0,2,2,N,N,40 02:31.901,75 01:33.438,2258, ,2258, ,0, ,N, ,0, , , , , ,624188, , , ,2,0,0,0,2,0,0,0,0,0,0,0,0,0,0,0,0,0,0,0,0,0,0,0,0,0,0,0,0,0,0,0,0,0,0,0,0,40.0422,-75.026, , 
 ,56584,2014002803,6,67,67301,2013,11,5,1145,11,1,1,0,4,1, , ,N,0,0,7,3,0,2,3,3,N, ,39 59:28.887,75 08:05.800,1200, ,1150, ,0, , , ,0, , , , , ,624200, , , ,3,2,0,0,0,0,1,0,0,0,0,0,2,2,0,0,0,0,0,0,0,1,0,0,0,0,0,0,0,0,0,0,0,0,0,8,0,39.9914,-75.1349, , 
 ,56585,2013124634,6,67,67301,2013,11,7,1750,17,3,1,0,6,2, , ,N,2,0,0,3,0,0,1,3,N,N,39 57:30.160,75 11:27.405,1750, ,1750, ,0, ,N, ,0, , , , , ,628071, , , ,3,2,0,0,0,0,1,0,0,0,0,0,0,0,0,0,0,0,0,0,0,0,0,0,0,0,0,0,0,0,0,0,0,0,0,0,0,39.9584,-75.1909, , 
 ,56586,2013112785,6,67,67301,2013,11,3,1659,16,4,1,0,1,1, , ,N,0,0,0,3,0,3,7,2,N,N,40 02:22.991,75 00:25.390,1752, ,1723, ,0, ,N, ,0, , , , , ,628091, , , ,2,1,0,0,0,0,0,1,0,0,0,2,3,1,0,0,0,1,0,0,0,0,0,0,0,0,0,0,0,0,0,0,0,0,0,4,0,40.0397,-75.0071, , 
 ,56587,2013125409,6,67,67301,2013,12,2,19,0,3,4,4,7,2, , ,N,0,0,0,3,0,0,2,1,N,N,39 55:35.115,75 08:48.930,34, ,25,1,1,2,N, ,0,N, , , , ,628100, , , ,1,1,0,0,0,0,0,0,0,0,0,0,0,0,0,0,0,0,0,0,0,0,0,0,0,0,0,0,0,0,0,0,0,0,0,0,0,39.9264,-75.1469, , 
 ,56588,2013130034,6,67,67301,2013,11,1,1840,18,3,1,0,1,1, , ,N,0,0,0,3,0,0,2,2,N,N,40 02:43.047,75 14:54.142,1850, ,1840, ,0, ,N, ,0, , , , , ,628122, , , ,2,1,0,0,0,0,1,0,0,0,0,0,0,0,0,0,0,0,0,0,1,0,0,0,0,0,0,0,0,0,0,0,0,0,0,0,0,40.0453,-75.2484, , 
 ,56589,2013121412,6,67,67301,2013,10,3,1858,18,3,1,0,1,1, , ,N,0,2,0,3,0,0,2,2,N,N,40 01:54.076,75 05:04.428,1906, ,1859,1,1,1,N, ,3,N, , , , ,628140, , , ,2,2,0,0,0,0,0,0,0,0,0,0,0,0,0,0,0,0,0,0,0,0,0,0,0,0,0,0,0,0,0,0,0,0,0,0,0,40.0317,-75.0846, , 
 ,56590,2013106632,6,67,67301,2013,9,3,1650,16,1,1,0,1,1, , ,N,0,0,0,3,0,1,2,2,N,N,39 59:38.196,75 09:16.419,1650, ,1650, ,0, ,N, ,0, , , , , ,628160, , , ,2,1,0,0,1,0,0,0,0,0,0,1,1,0,0,0,0,0,0,0,0,0,0,0,0,0,0,0,0,0,0,0,0,0,0,4,0,39.9939,-75.1546, , 
 ,56591,2013121310,6,67,67301,2013,10,7,620,6,3,1,0,7,5, , ,N,0,0,0,3,0,1,3,1,N,N,40 01:05.556,75 05:22.538,625, ,624, ,0, ,N, ,0, , , , , ,628176, , , ,1,1,0,0,0,0,0,0,0,0,0,1,1,0,0,0,0,0,0,0,0,0,0,0,0,0,0,0,0,0,0,0,0,0,0,4,0,40.0182,-75.0896, , 
 ,56592,2014001003,6,67,67301,2013,11,6,1336,13,1,2,1,8,1, , ,N,1,2,0,3,0,1,2,2,N,N,39 59:06.953,75 10:43.660,1345, ,1342, ,0, ,N, ,3, , , , , ,628191, , , ,1,1,0,0,0,0,0,0,0,0,0,0,1,1,0,0,0,0,0,0,0,0,0,0,0,0,0,0,0,0,0,0,1,0,0,8,0,39.9853,-75.1788, , 
 ,56593,2013121123,6,67,67301,2013,11,4,1230,12,1,2,1,7,2, , ,N,0,0,0,3,0,0,2,1,N,N,39 59:02.958,75 12:29.994,1234, ,1230, ,0, ,N, ,0, , , , , ,628201, , , ,1,0,0,0,0,0,1,0,0,0,0,0,0,0,0,0,0,1,0,0,0,0,0,0,0,0,0,0,0,0,0,0,0,0,0,0,0,39.9842,-75.2083, , 
 ,56594,2013121523,6,67,67301,2013,11,6,728,7,1,2,1,1,1, , ,N,0,2,0,3,0,0,2,2,N,N,40 01:26.841,75 07:52.273,754, ,738,1,1,1,N, ,3,N, , , , ,628202, , , ,2,2,0,0,0,0,0,0,0,0,0,0,0,0,0,0,0,0,0,0,0,0,0,0,0,0,0,0,0,0,0,0,0,0,0,0,0,40.0241,-75.1312, , 
 ,56595,2013106717,6,67,67301,2013,9,2,1125,11,1,1,0,8,1, , ,N,0,0,0,3,0,1,2,2,N, ,39 59:23.236,75 06:25.585,1135, ,1129, ,0, , , ,0, , , , , ,628221, , , ,1,0,0,0,1,0,0,0,0,0,0,0,1,1,0,0,0,0,0,0,0,0,0,0,0,0,0,0,0,0,0,0,1,0,0,8,0,39.9898,-75.1071, , 
 ,56596,2014021548,6,67,67301,2013,12,1,354,3,3,1,0,1,1, , ,N,2,2,0,3,0,0,2,2,N,N,39 57:13.689,75 11:15.040,355, ,354, ,0, ,N, ,3, , , , , ,628240, , , ,2,1,0,0,0,0,1,0,0,0,0,0,0,0,0,0,0,0,0,0,0,0,0,1,0,0,0,0,0,0,0,0,0,0,0,0,0,39.9538,-75.1875, , 
 ,56597,2013127918,6,9,9212,2013,9,6,1458,14,1,1,0,2,1, , ,N,2,2,0,3,0,2,3,2,N,N,40 08:03.616,75 00:33.107,1501, ,1458,2,1,7,N, ,2,N, , , , ,628256, , , ,2,2,0,0,0,0,0,0,0,0,2,0,2,0,0,0,0,1,0,0,0,0,0,0,0,0,0,0,0,0,0,0,0,0,0,3,0,40.1343,-75.0091, , 
 ,56598,2014009823,6,67,67301,2013,11,2,950,9,1,1,0,4,1, , ,N,1,2,0,3,0,1,2,2,N,N,40 02:02.652,75 10:35.500,1103, ,1057, ,0, , , ,3, , , , , ,628257, , , ,2,1,0,0,1,0,0,0,0,0,0,0,1,1,1,0,0,0,0,0,0,0,1,0,0,0,0,0,0,0,0,0,0,0,0,8,0,40.0341,-75.1765, , 
 ,56599,2013074653,6,67,67301,2013,5,3,1445,14,1,2,1,4,1, , ,N,1,3,0,3,0,1,2,2,N, ,39 58:26.400,75 08:38.965,1452, ,1446, ,0, , , ,3, , , , , ,628265, , , ,1,0,0,0,0,0,0,1,1,1,0,0,1,0,0,0,0,0,0,0,1,0,0,0,0,0,0,0,0,0,0,1,0,0,0,2,0,39.974,-75.1442, , 
N,56600,2013084493,6,67,67301,2013,8,4,1600,16,1,1,0,1,1,1,4,Y,0,0,0,3,0,0,4,3,N,N,40 01:17.489,75 02:26.002,1600,50,1600,2,1,2,N, ,0,N,Y,N,N,N,628276,N,N,Y,3,2,0,0,1,0,0,0,0,0,0,0,0,0,0,0,0,0,0,0,0,0,0,0,0,0,0,0,0,0,0,0,0,0,0,0,0,40.0215,-75.0406, , 
 ,56601,2013101125,6,67,67301,2013,9,7,1430,14,1,1,0,2,1, , ,N,1,2,0,3,0,0,3,3,N,N,39 57:16.399,75 10:52.674,1620, ,1614,3,1,4,N, ,3,N, , , , ,628289, , , ,3,3,0,0,0,0,0,0,0,0,0,0,0,0,0,0,0,0,0,0,1,1,0,0,0,0,0,0,0,0,0,0,0,0,0,0,0,39.9546,-75.1814, , 
 ,56602,2013100994,6,67,67301,2013,9,3,903,9,1,1,0,7,7, , ,N,1,0,2,3,0,0,1,2,N,N,39 59:11.983,75 12:29.919,905, ,903, ,0, ,N, ,0, , , , , ,628315, , , ,1,1,0,0,0,0,0,0,0,0,0,0,0,0,0,0,0,0,0,0,0,0,0,0,0,0,0,0,0,0,0,0,0,0,0,0,0,39.9867,-75.2083, , 
 ,56603,2013101028,6,67,67301,2013,9,7,1858,18,4,1,0,8,1, , ,N,0,0,0,3,0,1,2,2,N,N,40 02:15.489,75 09:39.898,1908, ,1900, ,0, ,N, ,0, , , , , ,628316, , , ,1,1,0,0,0,0,0,0,0,0,1,0,1,0,0,0,0,0,0,0,0,0,0,1,0,0,0,0,0,0,0,0,1,0,0,3,0,40.0376,-75.1611, , 