wz_ln_closure,objectid_1,crn,district,county,municipality,crash_year,crash_month,day_of_week,time_of_day,hour_of_day,illumination,weather,road_condition,collision_type,relation_to_road,work_zone_type,work_zone_loc,work_zone_ind,intersect_type,tcd_type,location_type,urban_rural,fatal_count,injury_count,person_count,total_units,sch_bus_ind,sch_zone_ind,latitude,longitude,arrival_tm,cons_zone_spd_lim,dispatch_tm,est_hrs_closed,lane_closed,ln_close_dir,ntfy_hiwy_maint,spec_juris_cd,tcd_func_cd,tfc_detour_ind,workers_pres,wz_close_detour,wz_flagger,wz_law_offcr_ind,objectid,wz_moving,wz_other,wz_shlder_mdn,vehicle_count,automobile_count,motorcycle_count,bus_count,small_truck_count,heavy_truck_count,suv_count,van_count,bicycle_count,maj_inj_count,mod_inj_count,min_inj_count,tot_inj_count,unk_inj_deg_count,unk_inj_per_count,driver_count_16yr,driver_count_17yr,driver_count_18yr,driver_count_19yr,driver_count_20yr,driver_count_50_64yr,driver_count_65_74yr,driver_count_75plus,unbelted_occ_count,unb_death_count,unb_maj_inj_count,belted_death_count,belted_maj_inj_count,mcycle_death_count,mcycle_maj_inj_count,bicycle_death_count,bicycle_maj_inj_count,ped_count,ped_death_count,ped_maj_inj_count,max_severity_level,comm_veh_count,dec_lat,dec_long,rdwy_surf_type_cd,county_name
 ,56736,2013079549,6,67,67301,2013,7,1,9999,99,2,1,0,4,1, , ,N,1,2,0,3,0,1,2,2,N, ,40 03:20.842,75 10:34.267,2110, ,2110, ,0, , , ,1, , , , , ,627555, , , ,2,1,0,0,0,0,1,0,0,0,0,0,1,1,0,0,0,0,0,0,0,0,0,1,0,0,0,0,0,0,0,0,0,0,0,8,0,40.0558,-75.1762, , 
 ,56737,2013117633,6,67,67301,2013,11,5,827,8,1,1,0,4,1, , ,N,1,2,0,3,0,2,3,2,N,N,40 06:40.143,75 01:27.353,845, ,827,2,2,1,N, ,3,Y, , , , ,627576, , , ,2,0,0,0,0,1,0,1,0,0,0,2,2,0,0,0,0,0,0,0,0,0,0,0,0,0,0,0,0,0,0,0,0,0,0,4,1,40.1112,-75.0243, , 
 ,56738,2013129424,6,67,67301,2013,11,3,2235,22,3,1,0,5,1, , ,N,1,3,0,3,0,1,2,2,N,N,39 55:40.256,75 10:37.527,2238, ,2237,1,2,2, , ,3,N, , , , ,627592, , , ,2,1,0,0,0,0,0,1,0,0,0,0,1,1,0,0,0,0,0,0,0,0,0,0,0,0,0,0,0,0,0,0,0,0,0,8,0,39.9278,-75.1771, , 
 ,56739,2013122980,6,67,67301,2013,11,6,635,6,5,2,1,8,1, , ,N,1,2,0,3,0,1,2,2,N,N,39 57:43.161,75 14:26.866,642, ,635,5,2,4,N, ,3,Y, , , , ,627609, , , ,1,0,0,0,0,0,1,0,0,1,0,0,1,0,0,0,0,0,0,0,0,0,0,0,0,0,0,0,0,0,0,0,1,0,1,2,0,39.9619,-75.2408, , 
 ,56740,2014009835,6,67,67301,2013,12,2,2156,21,3,1,0,8,1, , ,N,1,3,0,3,0,1,2,3,N,N,39 55:40.256,75 10:37.527,2204, ,2201, ,0, ,N, ,3, , , , , ,627628, , , ,1,1,0,0,0,0,0,0,0,0,0,1,1,0,0,0,0,0,0,0,0,0,0,0,0,0,0,0,0,0,0,0,1,0,0,4,0,39.9278,-75.1771, , 
 ,56741,2013123545,6,67,67301,2013,10,4,1855,18,3,1,0,1,2, , ,N,6,0,2,3,0,1,1,2,N, ,40 05:54.540,74 59:06.576,1908, ,1859, ,0, , , ,0, , , , , ,627645, , , ,2,0,0,0,0,1,1,0,0,0,1,0,1,0,0,0,0,0,0,0,0,0,0,0,0,0,0,0,0,0,0,0,0,0,0,3,1,40.0985,-74.9852, , 
 ,56742,2014006301,6,67,67301,2013,12,2,1800,18,3,8,8,1,1, , ,N,1,3,0,3,0,4,5,2,N,N,39 58:07.842,75 13:56.074,9999, ,9999, ,0, ,N, ,3, , , , , ,627654, , , ,2,2,0,0,0,0,0,0,0,0,0,4,4,0,1,0,0,0,0,0,0,0,1,0,0,0,0,0,0,0,0,0,0,0,0,4,0,39.9688,-75.2322, , 
 ,56743,2013093043,6,67,67301,2013,8,1,5,0,3,1,0,4,1, , ,N,1,3,0,3,0,1,2,3,N, ,39 55:51.578,75 09:11.372,24, ,24, ,0, , , ,3, , , , , ,627661, , , ,2,0,0,0,0,0,1,0,1,0,0,0,1,1,0,0,0,0,0,0,0,0,0,0,0,0,0,0,0,0,0,0,0,0,0,8,0,39.931,-75.1532, , 
 ,56744,2013105960,6,67,67301,2013,10,2,635,6,5,1,0,1,1, , ,N,0,0,0,3,0,0,3,3,N,N,40 00:29.003,75 12:09.619,647, ,638,1,1,3,N, ,0,N, , , , ,627668, , , ,3,2,0,0,0,0,1,0,0,0,0,0,0,0,0,0,0,0,0,0,0,0,0,0,0,0,0,0,0,0,0,0,0,0,0,0,0,40.0081,-75.2027, , 
 ,56745,2014013565,6,67,67301,2013,12,2,2045,20,3,1,0,8,1, , ,N,0,0,0,3,0,1,2,2,N,N,39 59:44.231,75 10:43.978,2045, ,2045,2,1,1,N, ,0,N, , , , ,627674, , , ,1,0,0,0,1,0,0,0,0,0,0,1,1,0,0,0,0,0,0,0,0,0,0,0,0,0,0,0,0,0,0,0,1,0,0,4,0,39.9956,-75.1789, , 
 ,56746,2014015508,6,46,46102,2013,9,6,1630,16,1,1,0,1,1, , ,N,1,2,0,3,0,1,2,2,N,N,40 03:55.027,75 05:25.289,0, ,0, ,0, ,N, ,3, , , , , ,627675, , , ,2,2,0,0,0,0,0,0,0,0,0,0,1,1,1,0,0,0,0,0,2,0,0,0,0,0,0,0,0,0,0,0,0,0,0,8,0,40.0653,-75.0904, , 
 ,56747,2013121751,6,67,67301,2013,11,3,1459,14,1,2,1,1,1, , ,N,0,0,0,3,0,1,4,3,N,N,39 59:49.691,75 04:55.861,1549, ,1528, ,0, ,N, ,0, , , , , ,627684, , , ,3,1,0,0,0,0,1,1,0,0,0,0,1,1,0,0,0,0,0,0,1,0,0,0,0,0,0,0,0,0,0,0,0,0,0,8,0,39.9971,-75.0822, , 
 ,56748,2013125798,6,67,67301,2013,12,4,641,6,5,1,5,4,1, , ,N,0,0,0,3,0,1,2,2,N,N,40 06:25.555,74 59:52.670,645, ,641,3,1,1,N, ,0,N, , , , ,627686, , , ,2,1,0,0,1,0,0,0,0,0,0,0,1,1,0,0,0,0,0,0,0,0,0,1,0,0,0,0,0,0,0,0,0,0,0,8,0,40.1071,-74.998, , 
 ,56749,2014000983,6,67,67301,2013,11,1,1220,12,1,1,0,1,1, , ,N,0,0,0,3,0,1,3,2,N, ,40 03:21.427,75 01:42.290,1230, ,1227, ,0, , , ,0, , , , , ,627690, , , ,2,2,0,0,0,0,0,0,0,0,1,0,1,0,0,0,0,0,0,0,1,0,0,0,0,0,0,0,0,0,0,0,0,0,0,3,0,40.056,-75.0284, , 
 ,56750,2014001119,6,67,67301,2013,11,4,1103,11,1,2,1,8,1, , ,N,0,0,0,3,0,1,2,2,N,N,40 00:01.300,75 06:22.501,1115, ,1104, ,0, ,N, ,0, , , , , ,618351, , , ,1,1,0,0,0,0,0,0,0,0,0,0,1,1,0,0,0,0,0,0,1,0,0,0,0,0,0,0,0,0,0,0,1,0,0,8,0,40.0004,-75.1063, , 
 ,56751,2013129440,6,67,67301,2013,11,5,735,7,1,1,0,8,1, , ,N,1,2,0,3,0,1,2,2,N,N,39 58:13.307,75 14:42.706,805, ,752, ,0, ,N, ,3, , , , , ,618358, , , ,1,1,0,0,0,0,0,0,0,0,0,1,1,0,0,0,0,0,0,0,0,1,0,0,0,0,0,0,0,0,0,0,1,0,0,4,0,39.9704,-75.2451, , 
 ,56752,2013130001,6,67,67301,2013,12,5,1104,11,1,1,0,5,1, , ,N,1,2,0,3,0,1,2,2,N,N,39 57:29.061,75 09:44.627,1152, ,1105,2,2,1,N, ,3,Y, , , , ,618360, , , ,2,1,0,0,0,1,0,0,0,0,0,1,1,0,0,0,0,0,0,0,2,0,0,0,0,0,0,0,0,0,0,0,0,0,0,4,1,39.9579,-75.1623, , 
 ,56753,2013109380,6,67,67301,2013,10,2,1700,17,1,2,1,5,1, , ,N,0,0,0,3,0,1,3,3,N,N,40 01:49.968,75 06:14.552,1730, ,1727, ,0, ,N, ,0, , , , , ,618379, , , ,3,2,0,0,0,1,0,0,0,0,0,0,1,1,0,0,0,0,0,0,0,0,0,0,0,0,0,0,0,0,0,0,0,0,0,8,1,40.0305,-75.104, , 
 ,56754,2013111886,6,67,67301,2013,10,2,740,7,1,1,0,6,1, , ,N,1,2,0,3,0,1,4,2,N,N,39 57:14.731,75 13:19.437,750, ,747, ,0, , , ,3, , , , , ,618382, , , ,1,1,0,0,0,0,0,0,1,0,0,1,1,0,0,0,0,0,0,0,0,0,1,0,0,0,0,0,0,0,0,0,0,0,0,4,0,39.9541,-75.2221, , 
 ,56755,2013122059,6,67,67301,2013,10,7,2133,21,3,1,0,8,1, , ,N,1,2,0,3,0,1,2,2,N, ,40 02:53.422,75 01:33.866,2135, ,2134, ,0, , , ,3, , , , , ,618390, , , ,1,1,0,0,0,0,0,0,0,0,0,0,1,1,0,0,0,0,0,0,0,0,0,0,0,0,0,0,0,0,0,0,1,0,0,8,0,40.0482,-75.0261, , 
 ,56756,2013129509,6,67,67301,2013,11,3,1700,17,3,2,1,4,1, , ,N,3,3,0,3,0,1,3,2,N,N,40 00:01.828,75 05:47.284,1730, ,1725,9,1,6, , ,3,N, , , , ,618393, , , ,2,2,0,0,0,0,0,0,0,0,0,0,1,1,1,0,0,0,0,0,0,0,0,0,0,0,0,0,0,0,0,0,0,0,0,8,0,40.0005,-75.0965, , 
 ,56757,2014006789,6,67,67301,2013,12,4,903,9,1,1,5,7,4, , ,N,2,3,0,3,0,0,1,1,N,N,40 02:46.304,75 03:07.368,915, ,905,1,2,1,N, ,3,Y, , , , ,618395, , , ,1,1,0,0,0,0,0,0,0,0,0,0,0,0,0,0,0,0,0,0,0,0,0,0,0,0,0,0,0,0,0,0,0,0,0,0,0,40.0462,-75.052, , 
 ,56758,2013111763,6,67,67301,2013,10,5,905,9,1,2,1,4,1, , ,N,2,2,0,3,0,1,2,2,N,N,39 56:51.715,75 11:55.544,910, ,905, ,0, ,N, ,3, , , , , ,618409, , , ,1,1,0,0,0,0,0,0,1,0,0,0,1,1,0,0,0,0,0,0,0,0,0,0,0,0,0,0,0,0,0,0,0,0,0,8,0,39.9477,-75.1986, , 
 ,56759,2013114444,6,67,67301,2013,10,4,1915,19,3,1,0,1,1, , ,N,0,0,0,3,0,1,3,3,N,N,40 07:06.255,74 59:35.534,1940, ,1930, ,0, ,N, ,0, , , , , ,618411, , , ,3,1,0,0,0,0,2,0,0,0,0,1,1,0,0,0,0,0,0,0,1,0,0,0,0,0,0,0,0,0,0,0,0,0,0,4,0,40.1184,-74.9932, , 
 ,56760,2013122063,6,67,67301,2013,10,5,1958,19,3,1,0,4,1, , ,N,2,0,0,3,0,1,3,2,N,N,39 58:28.009,75 12:06.339,1959, ,1959, ,0, ,N, ,0, , , , , ,618419, , , ,2,1,0,1,0,0,0,0,0,0,0,1,1,0,0,0,0,0,0,0,1,0,0,0,0,0,0,0,0,0,0,0,0,0,0,4,1,39.9744,-75.2017, , 
 ,56761,2014001120,6,67,67301,2013,11,4,830,8,1,2,1,7,5, , ,N,0,0,0,3,0,1,1,1,N,N,40 07:44.506,75 01:28.580,840, ,830, ,0, ,N, ,0, , , , , ,618432, , , ,1,0,0,0,0,0,1,0,0,0,0,0,1,1,0,0,0,0,0,0,0,0,0,0,0,0,0,0,0,0,0,0,0,0,0,8,0,40.129,-75.0246, , 
 ,56762,2014002758,6,67,67301,2013,11,5,1104,11,1,1,0,4,1, , ,N,1,2,0,3,0,1,2,2,N,N,40 03:40.446,75 05:00.751,1105, ,1105,1,1,2,N, ,3,Y, , , , ,618434, , , ,2,2,0,0,0,0,0,0,0,0,0,1,1,0,0,0,0,0,0,0,0,2,0,0,0,0,0,0,0,0,0,0,0,0,0,4,0,40.0612,-75.0835, , 
 ,56763,2014009721,6,67,67301,2013,12,6,1426,14,1,2,1,7,3, , ,N,0,0,0,3,0,1,3,2,N,N,40 01:00.634,75 12:09.107,1500, ,1426,1,2,1,N, ,0,N, , , , ,618435, , , ,2,1,0,0,0,0,1,0,0,0,0,1,1,0,0,0,0,0,0,0,1,0,0,0,0,0,0,0,0,0,0,0,0,0,0,4,0,40.0168,-75.2025, , 
 ,56764,2014009725,6,67,67301,2013,12,7,2045,20,3,1,0,1,1, , ,N,2,2,0,3,0,2,4,2,N, ,39 57:29.959,75 12:39.803,2054, ,2051, ,0, , , ,3, , , , , ,618436, , , ,2,2,0,0,0,0,0,0,0,0,0,2,2,0,0,0,0,0,0,0,0,0,0,1,0,0,0,0,0,0,0,0,0,0,0,4,0,39.9582,-75.211, , 
 ,56765,2013123021,6,67,67301,2013,11,6,1329,13,1,1,0,8,1, , ,N,1,2,0,3,0,1,2,2,N, ,39 55:21.386,75 11:06.705,1334, ,1329, ,0, , , ,3, , , , , ,618444, , , ,1,0,0,0,0,0,1,0,0,0,0,0,1,1,0,0,0,0,0,0,0,0,0,0,0,0,0,0,0,0,0,0,1,0,0,8,0,39.9226,-75.1852, , 
 ,56766,2013065322,6,67,67301,2013,5,3,1019,10,1,2,1,4,1, , ,N,1,2,0,3,0,1,3,2,N, ,40 03:19.172,75 04:23.456,1023, ,1021, ,0, , , ,3, , , , , ,618451, , , ,2,1,0,1,0,0,0,0,0,0,0,0,1,1,0,0,0,0,0,0,0,0,0,0,0,0,0,0,0,0,0,0,0,0,0,8,1,40.0553,-75.0733, , 
 ,56767,2013065400,6,67,67301,2013,5,7,2131,21,3,2,1,4,1, , ,N,1,2,0,3,0,1,3,2,N,N,39 55:38.650,75 08:41.161,2136, ,2133, ,0, ,N, ,3, , , , , ,618452, , , ,2,1,0,0,1,0,0,0,0,0,0,1,1,0,0,0,0,0,0,0,0,1,0,0,0,0,0,0,0,0,0,0,0,0,0,4,0,39.9273,-75.1448, , 
 ,56768,2014013026,6,67,67301,2013,11,2,900,9,1,1,0,3,1, , ,N,1,0,0,3,0,2,3,2,N, ,39 57:17.539,75 12:08.765,901, ,900,2,2,2, , ,0,Y, , , , ,621339, , , ,2,2,0,0,0,0,0,0,0,0,0,2,2,0,0,0,0,0,0,0,0,1,0,0,0,0,0,0,0,0,0,0,0,0,0,4,0,39.9549,-75.2024, , 
 ,56769,2014013033,6,67,67301,2013,12,7,1525,15,1,1,0,1,1, , ,N,0,0,0,3,0,2,3,2,N, ,40 03:03.124,75 04:39.169,1535, ,1527, ,0, , , ,0, , , , , ,621340, , , ,2,1,0,0,0,0,1,0,0,0,0,2,2,0,0,0,0,0,0,0,0,0,0,0,0,0,0,0,0,0,0,0,0,0,0,4,0,40.0509,-75.0775, , 
 ,56770,2014013131,6,67,67301,2013,12,1,1045,10,1,2,1,8,1, , ,N,2,0,0,3,0,1,2,2,N,N,40 03:03.517,75 08:43.526,9999, ,1100, ,0, ,N, ,0, , , , , ,621341, , , ,1,1,0,0,0,0,0,0,0,0,0,1,1,0,0,0,0,0,0,0,0,0,0,0,0,0,0,0,0,0,0,0,1,0,0,4,0,40.051,-75.1454, , 
 ,56771,2014022831,6,67,67301,2013,12,3,1549,15,1,4,6,8,1, , ,N,0,0,0,3,0,1,2,2,N,N,39 59:16.519,75 14:14.949,1652, ,1635, ,0, ,N, ,0, , , , , ,621351, , , ,1,0,0,1,0,0,0,0,0,0,1,0,1,0,0,0,0,0,0,0,1,0,0,0,0,0,0,0,0,0,0,0,1,0,0,3,1,39.9879,-75.2375, , 
 ,56772,2014006854,6,67,67301,2013,12,7,237,2,3,1,0,4,1, , ,N,1,2,0,3,0,0,3,2,N,N,40 02:33.169,75 07:44.993,246, ,243, ,0, ,N, ,3, , , , , ,621355, , , ,2,0,0,0,2,0,0,0,0,0,0,0,0,0,0,0,0,0,0,0,0,0,0,0,0,0,0,0,0,0,0,0,0,0,0,0,0,40.0425,-75.1292, , 
 ,56773,2013121447,6,67,67301,2013,10,6,830,8,1,1,0,8,1, , ,N,1,2,0,3,0,1,2,2,N,N,39 56:37.906,75 10:01.891,950, ,934, ,0, ,N, ,3, , , , , ,621365, , , ,1,1,0,0,0,0,0,0,0,0,0,0,1,1,0,0,0,0,0,0,0,0,1,0,0,0,0,0,0,0,0,0,1,0,0,8,0,39.9439,-75.1672, , 
 ,56774,2013121570,6,67,67301,2013,11,6,1944,19,3,1,0,8,1, , ,N,1,3,0,3,0,1,2,2,N,N,39 58:50.977,75 08:18.473,1950, ,1948, ,0, , , ,3, , , , , ,621366, , , ,1,0,0,0,0,0,0,0,0,0,0,0,1,1,0,0,0,0,0,0,0,0,0,0,0,0,0,0,0,0,0,0,1,0,0,8,0,39.9808,-75.1385, , 
 ,56775,2014000989,6,67,67301,2013,11,7,1424,14,1,1,0,4,1, , ,N,1,2,0,3,0,1,2,2,N,N,39 57:59.037,75 12:27.246,1620, ,1618,1,1,7,N, ,3,N, , , , ,621380, , , ,2,0,0,0,0,0,1,1,0,0,0,0,1,1,1,0,0,0,0,0,1,0,0,0,0,0,0,0,0,0,0,0,0,0,0,8,0,39.9664,-75.2075, , 
 ,56776,2014006825,6,67,67301,2013,12,1,2128,21,3,1,0,4,1, , ,N,2,3,0,3,0,3,4,3,N,N,40 00:00.268,75 08:27.905,2128, ,2125,2,1,4,N, ,3,N, , , , ,621381, , , ,3,1,0,0,1,0,1,0,0,0,0,3,3,0,0,0,0,0,0,0,0,0,0,0,0,0,0,0,0,0,0,0,0,0,0,4,0,40.0001,-75.1411, , 
 ,56777,2013121431,6,67,67301,2013,10,6,831,8,1,1,0,4,1, , ,N,1,2,0,3,0,1,3,2,N,N,39 55:01.873,75 10:28.664,837, ,832, ,0, ,N, ,3, , , , , ,621413, , , ,2,1,0,0,0,0,1,0,0,0,0,1,1,0,0,0,0,0,0,0,1,0,0,0,0,0,0,0,0,0,0,0,0,0,0,4,0,39.9172,-75.1746, , 
 ,56778,2013122933,6,67,67301,2013,11,6,830,8,1,2,1,4,1, , ,N,1,2,0,3,0,3,3,2,N, ,39 56:28.692,75 12:33.670,840, ,830, ,0, , , ,3, , , , , ,621417, , , ,2,2,0,0,0,0,0,0,0,0,0,3,3,0,0,0,1,0,0,0,1,0,0,1,0,0,0,0,0,0,0,0,0,0,0,4,0,39.9412,-75.2094, , 
 ,56779,2013123029,6,67,67301,2013,11,6,810,8,1,2,1,7,2, , ,N,0,0,0,3,0,0,1,1,N, ,40 00:59.987,75 12:09.376,815, ,820, ,0, , , ,0, , , , , ,621418, , , ,1,1,0,0,0,0,0,0,0,0,0,0,0,0,0,0,0,0,0,0,0,0,0,0,0,0,0,0,0,0,0,0,0,0,0,0,0,40.0167,-75.2026, , 
 ,56780,2014016082,6,67,67301,2013,5,5,630,6,6,1,0,4,1, , ,N,1,2,0,3,0,1,3,2,N,N,39 59:50.885,75 07:16.672,0, ,0, ,0, ,N, ,3, , , , , ,621446, , , ,2,0,0,1,0,0,1,0,0,0,0,0,1,1,2,0,0,0,0,0,0,0,0,0,0,0,0,0,0,0,0,0,0,0,0,8,1,39.9975,-75.1213, , 
 ,56781,2013114115,6,67,67301,2013,11,1,646,6,1,1,0,7,5, , ,N,0,0,0,3,0,1,1,1,N,N,39 55:45.955,75 11:51.374,655, ,649,2,1,3,N, ,0,N, , , , ,621454, , , ,1,0,0,0,0,0,1,0,0,0,0,1,1,0,0,0,0,0,0,0,1,0,0,0,0,0,0,0,0,0,0,0,0,0,0,4,0,39.9294,-75.1976, , 
 ,56782,2013123039,6,67,67301,2013,10,1,1638,16,1,1,0,6,1, , ,N,1,2,0,3,0,0,2,2,N, ,39 57:35.260,75 13:22.523,1641, ,1640, ,0, , , ,3, , , , , ,621464, , , ,2,1,0,0,0,0,1,0,0,0,0,0,0,0,0,0,0,0,0,0,1,0,0,0,0,0,0,0,0,0,0,0,0,0,0,0,0,39.9597,-75.2229, , 
 ,56783,2014019085,6,67,67301,2013,12,6,5,0,3,1,0,4,1, , ,N,1,3,0,3,0,4,4,4,N,N,40 03:09.223,75 10:50.329,14, ,13,3,2,4,N, ,3,Y, , , , ,621477, , , ,4,2,0,0,0,0,0,2,0,0,2,1,4,1,0,0,0,0,0,1,0,0,0,4,0,0,0,0,0,0,0,0,0,0,0,3,0,40.0526,-75.1806, , 
 ,56784,2014019096,6,46,46102,2013,12,2,220,2,3,1,1,4,1, , ,N,1,2,0,3,0,2,2,2,N,N,40 03:55.027,75 05:25.289,224, ,221,9,2,7, , ,3,N, , , , ,621478, , , ,2,2,0,0,0,0,0,0,0,0,1,1,2,0,0,0,0,0,0,0,0,0,0,0,0,0,0,0,0,0,0,0,0,0,0,3,0,40.0653,-75.0904, , 
 ,56785,2014025879,6,67,67301,2013,9,7,315,3,3,1,1,8,1, , ,N,1,2,0,3,0,1,2,2,N,N,39 57:37.620,75 14:28.063,340, ,335, ,0, ,N, ,3, , , , , ,621479, , , ,1,0,0,0,0,0,1,0,0,0,0,0,1,1,1,0,0,0,0,0,0,0,0,0,0,0,0,0,0,0,0,0,1,0,0,8,0,39.9604,-75.2411, , 
 ,56786,2014009825,6,67,67301,2013,11,5,2150,21,3,1,0,5,1, , ,N,0,0,0,3,0,0,4,3,N,N,40 03:49.015,75 08:51.070,2153, ,2152, ,0, ,N, ,0, , , , , ,624537, , , ,3,3,0,0,0,0,0,0,0,0,0,0,0,0,0,0,0,0,0,0,0,0,0,0,0,0,0,0,0,0,0,0,0,0,0,0,0,40.0636,-75.1475, , 
 ,56787,2013125938,6,67,67301,2013,11,4,1515,15,1,1,0,5,1, , ,N,0,0,0,3,0,1,2,2,N,N,39 56:06.775,75 10:02.584,1550, ,1548, ,0, ,N, ,0, , , , , ,624539, , , ,1,0,0,0,0,1,0,0,1,0,0,1,1,0,0,0,0,0,0,0,0,0,0,0,0,0,0,0,0,0,0,0,0,0,0,4,0,39.9352,-75.1674, , 
 ,56788,2013121385,6,67,67301,2013,10,5,1605,16,1,1,0,5,1, , ,N,0,0,0,3,0,1,7,2,N, ,40 02:47.612,75 04:23.124,1618, ,1613, ,0, , , ,0, , , , , ,624546, , , ,2,2,0,0,0,0,0,0,0,0,0,1,1,0,0,0,0,0,0,0,0,1,0,0,0,0,0,0,0,0,0,0,0,0,0,4,0,40.0466,-75.0731, , 
 ,56789,2014001100,6,67,67301,2013,11,4,1447,14,1,2,1,1,1, , ,N,0,0,7,3,0,1,2,2,N,N,40 02:06.492,75 04:07.777,1455, ,1448,1,1,1,N, ,0,N, , , , ,624556, , , ,2,2,0,0,0,0,0,0,0,0,0,0,1,1,0,0,1,0,0,0,0,0,0,0,0,0,0,0,0,0,0,0,0,0,0,8,0,40.0351,-75.0688, , 
 ,56790,2014001111,6,67,67301,2013,12,1,215,2,3,1,0,7,4, , ,N,0,0,0,3,0,1,1,1,N,N,39 59:41.917,75 06:58.391,220, ,220, ,0, ,N, ,0, , , , , ,624557, , , ,1,1,0,0,0,0,0,0,0,1,0,0,1,0,0,0,0,0,0,0,0,0,0,0,0,0,0,0,0,0,0,0,0,0,0,2,0,39.995,-75.1162, , 
Y,56791,2013114964,6,67,67301,2013,10,1,506,5,3,1,0,5,1,1,4,Y,0,0,0,3,0,1,1,2,N,N,40 01:30.469,75 01:44.324,512,45,506,1,1,1,N, ,0,N,Y,N,N,N,624560,N,Y,Y,2,1,0,0,0,0,0,0,0,0,0,1,1,0,0,0,0,1,0,0,0,0,0,0,0,0,0,0,0,0,0,0,0,0,0,4,0,40.025,-75.0292, , 
 ,56792,2013118941,6,67,67301,2013,11,3,1420,14,1,1,0,1,1, , ,N,0,0,0,3,0,1,2,2,N,N,39 57:59.897,75 11:15.279,1453, ,1438, ,0, ,N, ,0, , , , , ,624565, , , ,2,2,0,0,0,0,0,0,0,0,0,1,1,0,0,0,0,0,0,0,0,0,0,0,0,0,0,0,0,0,0,0,0,0,0,4,0,39.9666,-75.1876, , 
 ,56793,2014009838,6,67,67301,2013,12,7,1150,11,1,1,0,5,1, , ,N,0,0,0,3,0,1,2,2,N, ,39 56:14.593,75 09:29.790,1211, ,1159, ,0, , , ,0, , , , , ,624577, , , ,1,1,0,0,0,0,0,0,1,0,0,1,1,0,0,0,0,0,0,0,0,0,0,0,0,0,0,0,0,0,0,0,0,0,0,4,0,39.9374,-75.1583, , 
 ,56794,2014013097,6,67,67301,2013,12,1,1807,18,3,2,1,8,1, , ,N,0,0,0,3,0,1,2,2,N, ,40 01:50.813,75 06:13.599,1924, ,1921, ,0, , , ,0, , , , , ,624579, , , ,1,1,0,0,0,0,0,0,0,0,0,1,1,0,0,0,0,0,0,0,0,0,0,0,0,0,0,0,0,0,0,0,1,0,0,4,0,40.0308,-75.1038, , 
 ,56795,2013125963,6,67,67301,2013,11,2,919,9,1,1,0,4,1, , ,N,1,2,0,3,0,0,3,3,N, ,40 01:47.816,75 12:40.562,923, ,920, ,0, , , ,3, , , , , ,624586, , , ,3,2,0,0,1,0,0,0,0,0,0,0,0,0,1,0,0,1,0,0,0,1,0,0,0,0,0,0,0,0,0,0,0,0,0,9,0,40.0299,-75.2113, , 
 ,56796,2013125933,6,67,67301,2013,11,4,853,8,1,8,0,1,1, , ,N,0,0,0,3,0,0,2,2,Y, ,40 01:26.285,75 05:43.391,950, ,933,3,1,1, , ,0,N, , , , ,624596, , , ,2,0,0,1,0,0,0,1,0,0,0,0,0,0,0,0,0,0,0,0,0,0,0,0,0,0,0,0,0,0,0,0,0,0,0,0,1,40.024,-75.0954, , 
 ,56797,2013125914,6,67,67301,2013,11,7,1130,11,1,1,0,4,1, , ,N,1,2,0,3,0,2,2,2,N,N,40 04:51.077,75 01:43.585,1135, ,1130, ,0, ,N, ,3, , , , , ,624620, , , ,2,2,0,0,0,0,0,0,0,0,0,2,2,0,0,0,0,0,0,0,1,0,0,0,0,0,0,0,0,0,0,0,0,0,0,4,0,40.0809,-75.0288, , 
 ,56798,2014003480,6,67,67301,2013,12,7,223,2,3,1,0,7,3, , ,N,0,0,0,3,0,0,1,1,N,N,39 59:31.476,75 12:07.609,233, ,224,2,1,3,N, ,0,N, , , , ,624627, , , ,1,1,0,0,0,0,0,0,0,0,0,0,0,0,0,0,0,0,0,0,0,0,0,0,0,0,0,0,0,0,0,0,0,0,0,0,0,39.9921,-75.2021, , 
 ,56799,2013106668,6,67,67301,2013,9,3,721,7,1,1,0,4,1, , ,N,2,0,0,3,0,2,4,2,N,N,40 01:46.666,75 12:22.539,730, ,728, ,0, ,N, ,0, , , , , ,624638, , , ,2,2,0,0,0,0,0,0,0,0,0,2,2,0,0,0,0,0,0,0,0,0,0,0,0,0,0,0,0,0,0,0,0,0,0,4,0,40.0296,-75.2063, , 
 ,56800,2014000986,6,67,67301,2013,12,3,1443,14,1,1,0,8,1, , ,N,0,0,7,3,0,1,2,2,N, ,40 06:41.353,75 01:03.136,1526, ,1521, ,0, , , ,0, , , , , ,624642, , , ,1,0,0,0,0,0,1,0,0,0,0,1,1,0,0,0,0,0,0,0,0,0,0,0,0,0,0,0,0,0,0,0,1,0,0,4,0,40.1115,-75.0175, , 
 ,56801,2014009716,6,67,67301,2013,12,7,1650,16,4,1,0,1,1, , ,N,2,2,0,3,0,2,4,3,N, ,39 56:19.142,75 08:32.414,1700, ,1655, ,0, , , ,3, , , , , ,624645, , , ,3,2,0,0,0,0,1,0,0,0,0,0,2,2,0,0,0,0,0,0,0,0,0,0,0,0,0,0,0,0,0,0,0,0,0,8,0,39.9385,-75.1421, , 
 ,56802,2014001054,6,67,67301,2013,12,6,720,7,1,2,1,8,1, , ,N,1,2,0,3,0,1,2,2,N, ,39 58:01.120,75 09:37.224,855, ,845, ,0, , , ,3, , , , , ,624666, , , ,1,1,0,0,0,0,0,0,0,0,1,0,1,0,1,0,0,0,0,0,0,0,0,0,0,0,0,0,0,0,0,0,1,0,0,3,0,39.967,-75.1603, , 