wz_ln_closure,objectid_1,crn,district,county,municipality,crash_year,crash_month,day_of_week,time_of_day,hour_of_day,illumination,weather,road_condition,collision_type,relation_to_road,work_zone_type,work_zone_loc,work_zone_ind,intersect_type,tcd_type,location_type,urban_rural,fatal_count,injury_count,person_count,total_units,sch_bus_ind,sch_zone_ind,latitude,longitude,arrival_tm,cons_zone_spd_lim,dispatch_tm,est_hrs_closed,lane_closed,ln_close_dir,ntfy_hiwy_maint,spec_juris_cd,tcd_func_cd,tfc_detour_ind,workers_pres,wz_close_detour,wz_flagger,wz_law_offcr_ind,objectid,wz_moving,wz_other,wz_shlder_mdn,vehicle_count,automobile_count,motorcycle_count,bus_count,small_truck_count,heavy_truck_count,suv_count,van_count,bicycle_count,maj_inj_count,mod_inj_count,min_inj_count,tot_inj_count,unk_inj_deg_count,unk_inj_per_count,driver_count_16yr,driver_count_17yr,driver_count_18yr,driver_count_19yr,driver_count_20yr,driver_count_50_64yr,driver_count_65_74yr,driver_count_75plus,unbelted_occ_count,unb_death_count,unb_maj_inj_count,belted_death_count,belted_maj_inj_count,mcycle_death_count,mcycle_maj_inj_count,bicycle_death_count,bicycle_maj_inj_count,ped_count,ped_death_count,ped_maj_inj_count,max_severity_level,comm_veh_count,dec_lat,dec_long,rdwy_surf_type_cd,county_name
 ,56803,2014006860,6,67,67301,2013,12,6,716,7,1,1,5,1,1, , ,N,0,3,0,3,0,0,1,2,N, ,39 56:58.124,75 13:10.146,718, ,715, ,0, , , ,3, , , , , ,624670, , , ,2,1,0,0,0,0,1,0,0,0,0,0,0,0,0,0,0,0,0,0,0,0,0,0,0,0,0,0,0,0,0,0,0,0,0,0,0,39.9495,-75.2195, , 
 ,56804,2013111716,6,67,67301,2013,10,5,830,8,1,9,8,2,1, , ,N,0,0,0,3,0,1,2,2,N, ,40 03:05.612,75 10:28.998,1658, ,1640, ,0, , , ,0, , , , , ,624691, , , ,2,1,0,0,0,0,1,0,0,0,0,1,1,0,1,0,0,0,0,0,1,0,0,1,0,0,0,0,0,0,0,0,0,0,0,4,0,40.0516,-75.1747, , 
N,56805,2013081729,6,67,67301,2013,8,1,22,0,3,1,0,1,1,1,2,Y,0,8,0,3,0,1,2,2,N,N,39 53:57.332,75 09:56.537,29,45,23,2,2,1,N, ,3,N,N,N,N,N,626850,N,Y,N,2,2,0,0,0,0,0,0,0,0,0,1,1,0,0,0,0,0,0,0,0,0,0,0,0,0,0,0,0,0,0,0,0,0,0,4,0,39.8993,-75.1657, , 
 ,56806,2014001103,6,67,67301,2013,12,4,750,7,1,1,0,4,1, , ,N,1,2,0,3,0,2,2,2,N, ,40 05:12.438,74 58:18.635,755, ,750, ,0, , , ,3, , , , , ,626859, , , ,2,2,0,0,0,0,0,0,0,0,2,0,2,0,0,0,0,0,0,0,0,1,0,0,0,0,0,0,0,0,0,0,0,0,0,3,0,40.0868,-74.9718, , 
 ,56807,2013103956,6,67,67301,2013,9,3,1410,14,1,1,0,4,1, , ,N,1,2,0,3,0,1,2,2,N,N,39 59:25.216,75 13:13.303,1435, ,1415, ,0, ,N, ,3, , , , , ,626864, , , ,2,1,0,0,0,0,1,0,0,0,0,0,1,1,0,0,0,0,0,0,0,0,0,0,0,0,0,0,0,0,0,0,0,0,0,8,0,39.9903,-75.2204, , 
 ,56808,2013121122,6,67,67301,2013,11,4,921,9,1,2,1,1,1, , ,N,0,0,0,3,0,0,2,2,N,N,40 00:17.498,75 11:45.848,928, ,925, ,0, ,N, ,0, , , , , ,626889, , , ,2,2,0,0,0,0,0,0,0,0,0,0,0,0,0,0,0,0,0,0,1,0,1,0,0,0,0,0,0,0,0,0,0,0,0,0,0,40.0049,-75.1961, , 
 ,56809,2013122939,6,67,67301,2013,11,1,817,8,1,1,0,7,4, , ,N,2,2,0,3,0,0,2,1,N,N,40 02:44.449,75 00:58.925,821, ,319,1,1,1,N, ,3,N, , , , ,626890, , , ,1,1,0,0,0,0,0,0,0,0,0,0,0,0,0,0,0,0,0,0,0,0,0,0,0,0,0,0,0,0,0,0,0,0,0,0,0,40.0457,-75.0164, , 
 ,56810,2014006892,6,67,67301,2013,12,3,1501,15,1,4,4,8,1, , ,N,1,2,0,3,0,1,2,2,N,N,39 55:26.800,75 10:03.408,1555, ,1551, ,0, ,N, ,3, , , , , ,626903, , , ,1,0,0,0,1,0,0,0,0,0,0,1,1,0,0,0,0,0,0,0,0,0,0,0,0,0,0,0,0,0,0,0,1,0,0,4,0,39.9241,-75.1675, , 
 ,56811,2014001004,6,67,67301,2013,12,6,1449,14,1,6,1,4,1, , ,N,1,2,0,3,0,1,2,2,N, ,39 57:17.491,75 09:04.108,1456, ,1453, ,0, , , ,3, , , , , ,626910, , , ,2,2,0,0,0,0,0,0,0,0,1,0,1,0,0,0,0,0,0,0,1,0,0,0,0,0,0,0,0,0,0,0,0,0,0,3,0,39.9549,-75.1511, , 
 ,56812,2014015012,6,67,67301,2013,11,1,100,1,3,1,0,1,1, , ,N,1,2,0,3,0,1,2,2,N,N,39 58:13.489,75 08:47.550,0, ,0, ,0, ,N, ,3, , , , , ,626912, , , ,2,1,0,0,0,0,0,1,0,0,0,1,1,0,0,0,0,0,0,0,0,0,0,0,0,0,0,0,0,0,0,0,0,0,0,4,0,39.9703,-75.1466, , 
 ,56813,2013121340,6,67,67301,2013,10,7,1710,17,1,1,0,1,1, , ,N,0,0,0,3,0,1,2,2,N,N,39 56:14.520,75 08:32.295,1715, ,1712, ,0, ,N, ,0, , , , , ,626929, , , ,2,2,0,0,0,0,0,0,0,0,0,1,1,0,0,0,0,0,0,0,0,0,0,0,0,0,0,0,0,0,0,0,0,0,0,4,0,39.9374,-75.1423, , 
 ,56814,2014006896,6,67,67301,2013,12,6,135,1,3,1,6,7,4, , ,N,1,2,0,3,0,0,1,1,N,N,40 05:12.438,74 58:18.635,144, ,139, ,0, ,N, ,3, , , , , ,626941, , , ,1,1,0,0,0,0,0,0,0,0,0,0,0,0,0,0,0,0,0,0,0,0,0,0,0,0,0,0,0,0,0,0,0,0,0,0,0,40.0868,-74.9718, , 
 ,56815,2013081224,6,67,67301,2013,8,2,1650,16,1,1,0,4,1, , ,N,1,2,0,3,0,0,2,2,N,N,40 00:22.203,75 09:06.487,1655, ,1650, ,0, ,N, ,3, , , , , ,626944, , , ,2,1,0,0,0,0,1,0,0,0,0,0,0,0,0,0,0,0,0,0,0,0,0,0,0,0,0,0,0,0,0,0,0,0,0,0,0,40.0062,-75.1518, , 
 ,56816,2013082161,6,67,67301,2013,8,4,2028,20,3,1,0,7,2, , ,N,6,0,2,3,0,1,1,1,N,N,40 00:12.647,75 04:38.645,2044, ,2030, ,0, ,N, ,0, , , , , ,626945, , , ,1,0,1,0,0,0,0,0,0,0,1,0,1,0,0,0,0,0,0,0,0,0,0,0,0,0,0,0,0,0,0,0,0,0,0,3,0,40.0035,-75.0774, , 
 ,56817,2013086712,6,67,67301,2013,7,3,1438,14,1,1,0,4,1, , ,N,2,3,0,3,0,2,3,2,N,N,40 03:20.170,75 10:52.667,1521, ,1520, ,0, ,N, ,3, , , , , ,626949, , , ,2,2,0,0,0,0,0,0,0,0,0,2,2,0,0,0,0,0,1,0,0,0,0,0,0,0,0,0,0,0,0,0,0,0,0,4,0,40.0556,-75.1813, , 
 ,56818,2014009672,6,67,67301,2013,12,4,1325,13,1,1,0,4,1, , ,N,1,2,0,3,0,1,2,2,N,N,39 55:11.072,75 13:29.970,1400, ,1355, ,0, ,N, ,3, , , , , ,626956, , , ,2,1,0,0,1,0,0,0,0,0,0,1,1,0,0,0,0,0,0,0,1,0,0,0,0,0,0,0,0,0,0,0,0,0,0,4,0,39.9197,-75.225, , 
 ,56819,2013125946,6,67,67301,2013,11,6,1756,17,3,1,0,4,1, , ,N,1,2,0,3,0,1,2,2,N,N,40 01:20.762,75 05:03.951,1837, ,1833, ,0, ,N, ,3, , , , , ,626973, , , ,2,1,1,0,0,0,0,0,0,0,0,0,1,1,0,0,0,0,0,0,1,0,0,0,0,0,0,0,0,0,0,0,0,0,0,8,0,40.0224,-75.0844, , 
 ,56820,2014002784,6,67,67301,2013,11,5,1722,17,3,1,0,1,1, , ,N,1,3,0,3,0,0,2,2,N,N,40 01:42.618,75 10:01.487,1727, ,1723,1,1,2,N, ,3,N, , , , ,626985, , , ,2,2,0,0,0,0,0,0,0,0,0,0,0,0,0,0,0,0,0,0,0,0,0,0,0,0,0,0,0,0,0,0,0,0,0,0,0,40.0285,-75.1671, , 
 ,56821,2014009820,6,67,67301,2013,12,2,913,9,1,2,1,8,1, , ,N,1,2,0,3,0,1,2,2,N,N,39 59:38.150,75 09:16.063,917, ,914, ,0, ,N, ,3, , , , , ,626990, , , ,1,0,0,0,0,0,1,0,0,0,0,1,1,0,0,0,0,0,0,0,0,0,0,0,0,0,0,0,0,0,0,0,1,0,0,4,0,39.9939,-75.1545, , 
 ,56822,2014013042,6,67,67301,2013,12,1,2054,20,3,2,1,8,1, , ,N,1,2,0,3,0,1,3,2,N,N,39 57:16.538,75 12:23.154,2056, ,2054,1,2,1,N, ,3,N, , , , ,626991, , , ,1,1,0,0,0,0,0,0,0,0,1,0,1,0,0,0,0,0,0,0,0,0,0,0,0,0,0,0,0,0,0,0,1,0,0,3,0,39.9546,-75.2064, , 
 ,56823,2013074741,6,67,67301,2013,6,3,820,8,1,1,0,4,1, , ,N,2,0,0,3,0,1,2,2,N, ,39 58:22.961,75 13:06.430,826, ,821, ,0, ,N, ,0, , , , , ,618460, , , ,2,1,0,0,0,0,1,0,0,0,0,1,1,0,0,0,0,0,0,0,0,0,0,0,0,0,0,0,0,0,0,0,0,0,0,4,0,39.973,-75.2185, , 
 ,56824,2013077430,6,67,67301,2013,6,6,1025,10,1,1,0,8,1, , ,N,1,2,0,3,0,1,2,2,N,N,39 55:35.378,75 13:59.188,1030, ,1030, ,0, ,N, ,3, , , , , ,618464, , , ,1,1,0,0,0,0,0,0,0,0,0,1,1,0,0,0,0,0,0,0,1,0,0,0,0,0,0,0,0,0,0,0,1,0,0,4,0,39.9265,-75.2331, , 
 ,56825,2013095946,6,67,67301,2013,8,7,9999,99,1,1,0,1,1, , ,N,1,2,0,3,0,1,4,2,N,N,40 03:25.680,75 07:44.336,830, ,821, ,0, ,N, ,3, , , , , ,618477, , , ,2,2,0,0,0,0,0,0,0,0,0,1,1,0,0,0,0,0,0,1,0,1,0,1,0,0,0,0,0,0,0,0,0,0,0,4,0,40.0571,-75.1291, , 
 ,56826,2013101752,6,67,67301,2013,9,3,1700,17,1,1,0,8,1, , ,N,0,2,7,3,0,1,2,2,N,N,40 00:21.322,75 12:49.532,1718, ,1710, ,0, , , ,3, , , , , ,618481, , , ,1,1,0,0,0,0,0,0,0,0,0,0,1,1,0,0,0,0,0,0,0,0,0,0,0,0,0,0,0,0,0,0,1,0,0,8,0,40.0059,-75.2138, , 
 ,56827,2013065300,6,67,67301,2013,5,5,1628,16,1,2,1,8,1, , ,N,1,2,0,3,0,1,2,2,N,N,39 57:00.014,75 09:25.417,1633, ,1630,1,1,2,N, ,3,N, , , , ,618516, , , ,1,0,0,0,0,0,1,0,0,0,1,0,1,0,0,0,0,0,0,0,0,0,0,0,0,0,0,0,0,0,0,0,1,0,0,3,0,39.95,-75.157, , 
 ,56828,2013079937,6,67,67301,2013,7,4,1610,16,1,1,0,1,1, , ,N,1,2,0,3,0,2,3,2,N,N,40 00:31.603,75 08:18.898,2125, ,9999, ,0, ,N, ,3, , , , , ,618528, , , ,2,2,0,0,0,0,0,0,0,0,0,2,2,0,0,0,0,0,0,0,0,0,0,0,0,0,0,0,0,0,0,0,0,0,0,4,0,40.0088,-75.1386, , 
 ,56829,2013080080,6,67,67301,2013,7,3,1140,11,1,2,1,4,1, , ,N,2,3,0,3,0,2,5,2,N,N,40 00:42.894,75 08:50.161,1158, ,1147, ,0, ,N, ,3, , , , , ,618529, , , ,2,1,0,0,0,1,0,0,0,0,2,0,2,0,1,0,0,0,0,0,1,0,0,0,0,0,0,0,0,0,0,0,0,0,0,3,1,40.0119,-75.1473, , 
 ,56830,2014015050,6,67,67301,2013,8,3,1800,18,1,1,0,4,1, , ,N,1,2,0,3,0,1,2,2,N,N,40 00:46.713,75 07:09.797,0, ,0, ,0, ,N, ,3, , , , , ,618555, , , ,2,1,0,0,1,0,0,0,0,0,0,0,1,1,0,0,0,0,0,0,1,0,0,0,0,0,0,0,0,0,0,0,0,0,0,8,0,40.013,-75.1194, , 
 ,56831,2014015510,6,67,67301,2013,9,6,1400,14,1,1,0,1,1, , ,N,1,2,0,3,0,2,4,3,N,N,39 54:33.696,75 09:40.053,0, ,0, ,0, ,N, ,3, , , , , ,618556, , , ,3,1,0,0,1,0,0,0,0,1,0,0,2,1,2,0,0,0,0,0,1,0,0,0,0,0,0,1,0,0,0,0,0,0,0,2,0,39.9094,-75.1611, , 
 ,56832,2013121557,6,67,67301,2013,10,2,1230,12,1,1,0,8,1, , ,N,1,3,0,3,0,1,2,2,N, ,40 02:56.428,75 09:34.041,1815, ,1815, ,0, , , ,3, , , , , ,618564, , , ,1,1,0,0,0,0,0,0,0,0,0,1,1,0,0,0,0,0,0,0,0,0,0,0,0,0,0,0,0,0,0,0,1,0,0,4,0,40.049,-75.1595, , 
 ,56833,2013129413,6,67,67301,2013,11,1,259,2,3,1,0,6,1, , ,N,1,2,0,3,0,2,3,2,N,N,40 00:13.665,75 08:22.783,259, ,259,2,2,2,Y, ,3,N, , , , ,618575, , , ,2,2,0,0,0,0,0,0,0,0,1,1,2,0,0,0,0,0,0,0,0,0,0,0,0,0,0,0,0,0,0,0,0,0,0,3,0,40.0038,-75.1397, , 
Y,56834,2014003481,6,67,67301,2013,12,7,254,2,3,1,0,7,3,1,4,Y,0,0,0,3,0,1,2,1,N,N,40 01:08.396,75 02:45.576,258,45,255,2,1,1,N, ,0,N,N,N,N,N,618583,N,N,Y,1,1,0,0,0,0,0,0,0,0,0,1,1,0,0,0,0,0,0,0,0,0,0,1,0,0,0,0,0,0,0,0,0,0,0,4,0,40.019,-75.046, , 
 ,56835,2014009723,6,67,67301,2013,12,2,1005,10,1,2,1,8,1, , ,N,1,2,0,3,0,1,2,2,N, ,40 00:43.977,75 08:16.141,1013, ,1009, ,0, , , ,3, , , , , ,618585, , , ,1,0,0,0,1,0,0,0,0,0,0,1,1,0,0,0,0,0,0,0,0,1,0,0,0,0,0,0,0,0,0,0,1,0,0,4,0,40.0122,-75.1378, , 
 ,56836,2014006869,6,67,67301,2013,12,4,1331,13,1,8,1,8,1, , ,N,1,3,0,3,0,1,2,2,N, ,40 02:43.429,75 10:34.679,1340, ,1336, ,0, , , ,3, , , , , ,618607, , , ,1,1,0,0,0,0,0,0,0,0,0,1,1,0,0,0,0,0,0,0,0,1,0,0,0,0,0,0,0,0,0,0,1,0,0,4,0,40.0454,-75.1763, , 
 ,56837,2013111852,6,67,67301,2013,10,3,1727,17,1,1,0,1,1, , ,N,2,3,0,3,0,1,2,2,N,N,39 57:34.682,75 10:06.956,1734, ,1729, ,0, ,N, ,3, , , , , ,618617, , , ,2,2,0,0,0,0,0,0,0,0,0,0,1,1,0,0,0,1,0,0,0,0,0,0,0,0,0,0,0,0,0,0,0,0,0,8,0,39.9596,-75.1686, , 
 ,56838,2014013567,6,67,67301,2013,12,1,57,0,3,1,0,1,1, , ,N,1,2,0,3,0,4,6,4,N, ,40 02:24.861,75 03:30.268,59, ,57,2,1,1, , ,3,Y, , , , ,618647, , , ,4,2,0,0,1,0,0,1,0,0,0,4,4,0,0,0,0,0,0,1,0,0,0,0,0,0,0,0,0,0,0,0,0,0,0,4,0,40.0403,-75.0585, , 
 ,56839,2014015053,6,67,67301,2013,10,3,1830,18,1,1,0,5,1, , ,N,0,0,0,3,0,1,2,2,N,N,39 57:34.348,75 10:30.569,0, ,0, ,0, ,N, ,0, , , , , ,618648, , , ,2,1,0,0,0,0,0,0,0,0,0,1,1,0,0,0,0,0,0,0,0,0,0,0,0,0,0,0,0,0,0,0,0,0,0,4,0,39.9595,-75.1752, , 
 ,56840,2013115362,6,67,67301,2013,10,2,923,9,1,1,0,4,1, , ,N,1,2,0,3,0,1,2,2,N,N,39 58:10.213,75 12:45.380,946, ,945, ,0, ,N, ,3, , , , , ,618653, , , ,2,1,0,1,0,0,0,0,0,0,0,0,1,1,0,0,0,0,0,0,0,0,0,0,0,0,0,0,0,0,0,0,0,0,0,8,1,39.9695,-75.2126, , 
 ,56841,2013107029,6,67,67301,2013,10,5,2101,21,3,1,0,7,4, , ,N,0,0,0,3,0,2,3,2,N,N,40 01:05.953,75 02:52.115,2102, ,2102,2,2,2,N, ,0,N, , , , ,621484, , , ,2,1,0,0,0,0,1,0,0,0,1,1,2,0,0,0,0,0,1,0,1,0,0,0,0,0,0,0,0,0,0,0,0,0,0,3,0,40.0183,-75.0478, , 
 ,56842,2013122952,6,67,67301,2013,10,6,2225,22,3,1,0,1,1, , ,N,1,2,0,3,0,3,4,2,N, ,39 57:23.324,75 13:17.716,2229, ,2225, ,0, , , ,3, , , , , ,621501, , , ,2,1,0,0,1,0,0,0,0,0,0,1,3,2,0,0,0,0,0,0,1,0,0,0,0,0,0,0,0,0,0,0,0,0,0,4,0,39.9565,-75.2216, , 
 ,56843,2013120049,6,67,67301,2013,11,3,1232,12,1,2,1,7,4, , ,N,0,0,0,3,0,0,1,1,N,N,39 59:07.430,75 12:45.870,1232, ,1232,1,1,1,N, ,0,N, , , , ,621527, , , ,1,1,0,0,0,0,0,0,0,0,0,0,0,0,0,0,0,0,0,0,0,0,0,0,0,0,0,0,0,0,0,0,0,0,0,0,0,39.9854,-75.2127, , 
 ,56844,2013119470,6,67,67301,2013,11,2,2246,22,3,1,0,7,3, , ,N,6,0,8,3,0,0,1,1,N,N,39 57:26.940,75 08:48.293,2308, ,2256, ,0, ,N, ,0, , , , , ,621557, , , ,1,1,0,0,0,0,0,0,0,0,0,0,0,0,0,0,0,0,0,0,0,0,0,0,0,0,0,0,0,0,0,0,0,0,0,0,0,39.9575,-75.1467, , 
 ,56845,2014006817,6,67,67301,2013,12,2,1425,14,1,4,3,8,1, , ,N,0,0,0,3,0,1,2,2,N,N,40 05:35.127,75 02:43.019,1510, ,1455, ,0, ,N, ,0, , , , , ,621571, , , ,1,0,0,0,1,0,0,0,0,0,0,1,1,0,0,0,0,0,0,0,1,0,0,0,0,0,0,0,0,0,0,0,1,0,0,4,0,40.0931,-75.0453, , 
 ,56846,2013125998,6,67,67301,2013,11,2,852,8,1,1,0,4,1, , ,N,0,0,0,3,0,0,2,2,N, ,40 01:06.593,75 10:59.762,855, ,852, ,0, , , ,0, , , , , ,621592, , , ,2,0,0,0,0,0,1,1,0,0,0,0,0,0,0,0,0,0,0,0,1,0,0,2,0,0,0,0,0,0,0,0,0,0,0,0,0,40.0185,-75.1833, , 
 ,56847,2013129393,6,67,67301,2013,11,2,803,8,1,1,0,1,1, , ,N,3,2,0,3,0,1,3,2,N, ,39 56:58.586,75 11:58.815,807, ,803, ,0, ,N, ,3, , , , , ,621610, , , ,2,1,0,0,0,0,1,0,0,0,0,1,1,0,0,0,0,0,0,0,0,0,0,0,0,0,0,0,0,0,0,0,0,0,0,4,0,39.9496,-75.1997, , 
 ,56848,2013102193,6,67,67301,2013,10,7,2110,21,3,2,1,5,1, , ,N,1,2,0,3,0,0,2,2,N,N,39 58:33.009,75 09:30.309,2115, ,2112, ,0, ,N, ,3, , , , , ,621627, , , ,2,1,0,0,0,0,0,1,0,0,0,0,0,0,1,0,0,0,1,0,0,0,0,1,0,0,0,0,0,0,0,0,0,0,0,9,0,39.9758,-75.1584, , 
 ,56849,2013103157,6,67,67301,2013,10,7,2343,23,3,1,1,1,1, , ,N,0,0,0,3,0,0,4,2,N,N,40 01:14.448,75 02:34.578,13, ,4,1,2,2,N, ,0,N, , , , ,621628, , , ,2,1,0,0,1,0,0,0,0,0,0,0,0,0,0,0,0,0,0,0,0,0,0,0,0,0,0,0,0,0,0,0,0,0,0,0,0,40.0207,-75.0429, , 
 ,56850,2013103989,6,67,67301,2013,9,7,1539,15,1,1,0,4,1, , ,N,5,0,0,3,0,2,3,2,N, ,40 00:17.718,75 10:43.298,1552, ,1548, ,0, , , ,0, , , , , ,621629, , , ,2,0,0,0,1,0,0,0,0,0,0,2,2,0,0,0,0,0,0,0,0,1,0,0,0,0,0,0,0,0,0,0,0,0,0,4,0,40.0049,-75.1787, , 
 ,56851,2013121501,6,67,67301,2013,10,7,9999,99,3,1,0,4,1, , ,N,2,0,0,3,0,2,5,2,N,N,39 56:39.624,75 13:08.504,9999, ,1119,3,1,3, , ,0,N, , , , ,621632, , , ,2,2,0,0,0,0,0,0,0,0,0,2,2,0,0,0,0,0,0,0,0,0,0,0,0,0,0,0,0,0,0,0,0,0,0,4,0,39.9443,-75.219, , 
 ,56852,2013127075,6,67,67301,2013,12,5,649,6,1,1,0,1,1, , ,N,0,0,0,3,0,2,6,3,N,N,39 58:47.720,75 06:23.176,704, ,652,1,2,2,N, ,0,N, , , , ,621640, , , ,3,1,0,0,0,0,2,0,0,0,0,0,2,2,1,0,0,0,0,0,0,0,0,0,0,0,0,0,0,0,0,0,0,0,0,8,0,39.9799,-75.1064, , 
 ,56853,2013106737,6,67,67301,2013,9,3,1522,15,1,1,0,3,2, , ,N,1,0,0,3,0,1,2,2,N,N,39 58:01.174,75 08:37.355,1751, ,1743, ,0, ,N, ,0, , , , , ,621688, , , ,2,1,0,0,0,0,1,0,0,0,0,1,1,0,0,0,0,0,0,0,0,0,0,0,0,0,0,0,0,0,0,0,0,0,0,4,0,39.967,-75.1437, , 
 ,56854,2013111774,6,67,67301,2013,10,7,9999,99,3,1,0,4,1, , ,N,2,0,0,3,0,2,4,2,N,N,40 01:14.225,75 08:55.554,855, ,845, ,0, ,N, ,0, , , , , ,621696, , , ,2,2,0,0,0,0,0,0,0,0,0,2,2,0,2,0,0,0,0,0,0,0,0,0,0,0,0,0,0,0,0,0,0,0,0,4,0,40.0208,-75.1486, , 
 ,56855,2013121517,6,67,67301,2013,10,1,1113,11,1,1,0,4,1, , ,N,1,2,0,3,0,1,3,2,N,N,39 58:38.230,75 10:09.859,1117, ,1115,9,1,1,N, ,3,N, , , , ,621705, , , ,2,2,0,0,0,0,0,0,0,0,0,0,1,1,1,0,0,0,0,0,1,0,1,0,0,0,0,0,0,0,0,0,0,0,0,8,0,39.9773,-75.1694, , 
 ,56856,2013130123,6,67,67301,2013,11,3,1550,15,1,1,0,5,1, , ,N,1,2,0,3,0,1,3,2,N,N,39 56:58.408,75 12:33.123,1557, ,1554, ,0, ,N, ,3, , , , , ,621711, , , ,1,1,0,0,0,0,0,0,1,0,0,1,1,0,0,0,0,0,0,0,0,0,0,0,0,0,0,0,0,0,0,0,0,0,0,4,0,39.9496,-75.2092, , 
 ,56857,2014009824,6,67,67301,2013,11,4,9999,99,1,2,1,7,4, , ,N,10,0,0,3,0,0,1,1,N,N,40 02:11.673,75 11:53.559,855, ,845, ,0, ,N, ,0, , , , , ,621717, , , ,1,1,0,0,0,0,0,0,0,0,0,0,0,0,0,0,0,0,0,0,0,0,0,0,0,0,0,0,0,0,0,0,0,0,0,0,0,40.0366,-75.1982, , 
 ,56858,2013097867,6,67,67301,2013,9,1,9999,99,1,1,0,7,2, , ,N,0,2,2,3,0,0,1,1,N,N,39 57:17.369,75 08:55.319,1632, ,1631,9,2,3,N, ,3,N, , , , ,621721, , , ,1,0,0,0,0,0,0,1,0,0,0,0,0,0,0,0,0,0,0,0,0,0,0,0,0,0,0,0,0,0,0,0,0,0,0,0,0,39.9548,-75.1487, , 
 ,56859,2013121386,6,67,67301,2013,11,1,1134,11,1,1,0,4,7, , ,N,2,2,2,3,0,0,2,2,N,N,39 54:43.186,75 09:01.840,1140, ,1135, ,0, ,N, ,3, , , , , ,621742, , , ,2,1,0,0,0,0,1,0,0,0,0,0,0,0,0,0,0,1,0,0,0,0,0,0,0,0,0,0,0,0,0,0,0,0,0,0,0,39.912,-75.1505, , 
 ,56860,2013121329,6,67,67301,2013,10,7,1353,13,1,1,0,5,1, , ,N,0,0,0,3,0,1,1,3,N,N,39 53:44.397,75 15:00.313,1355, ,1353, ,0, ,N, ,0, , , , , ,624724, , , ,3,3,0,0,0,0,0,0,0,0,0,1,1,0,0,0,0,0,0,0,0,0,0,0,0,0,0,0,0,0,0,0,0,0,0,4,0,39.8957,-75.2501, , 
 ,56861,2013122974,6,67,67301,2013,11,7,500,5,5,1,0,4,1, , ,N,1,2,0,3,0,1,2,3,N,N,40 03:17.359,75 09:09.802,507, ,502, ,0, ,N, ,3, , , , , ,624725, , , ,3,1,0,0,2,0,0,0,0,0,0,1,1,0,0,0,0,0,0,0,0,0,0,0,0,0,0,0,0,0,0,0,0,0,0,4,0,40.0548,-75.1527, , 
 ,56862,2013121505,6,67,67301,2013,10,5,9999,99,1,1,0,5,1, , ,N,0,0,0,3,0,2,3,2,N,N,40 03:09.075,75 10:50.541,1055, ,944, ,0, ,N, ,0, , , , , ,624742, , , ,2,1,0,0,0,0,0,1,0,0,0,1,2,1,0,0,0,0,0,0,0,0,0,1,0,0,0,0,0,0,0,0,0,0,0,4,0,40.0525,-75.1807, , 
 ,56863,2013124653,6,67,67301,2013,11,6,1103,11,1,2,1,8,1, , ,N,0,2,0,3,0,1,2,2,N, ,39 57:01.187,75 11:57.814,1107, ,1105,9,1,6, , ,3,N, , , , ,624745, , , ,1,1,0,0,0,0,0,0,0,0,1,0,1,0,0,0,0,0,0,0,0,0,1,0,0,0,0,0,0,0,0,0,1,0,0,3,0,39.9504,-75.1994, , 
 ,56864,2013129490,6,67,67301,2013,11,3,1527,15,1,1,0,5,1, , ,N,1,0,0,3,0,0,2,2,N,N,40 01:43.905,75 06:21.601,1529, ,1527,1,1,1,N, ,0,N, , , , ,624751, , , ,2,1,0,0,0,1,0,0,0,0,0,0,0,0,0,0,0,0,0,0,1,0,0,0,0,0,0,0,0,0,0,0,0,0,0,0,1,40.029,-75.1061, , 
 ,56865,2014006866,6,67,67301,2013,12,5,1816,18,3,1,0,1,1, , ,N,0,0,0,3,0,1,4,4,N,N,40 02:33.206,75 03:21.401,1822, ,1817,1,1,1,N, ,0,N, , , , ,624759, , , ,4,3,0,0,1,0,0,0,0,0,1,0,1,0,0,0,0,0,0,0,2,0,0,0,0,0,0,0,0,0,0,0,0,0,0,3,0,40.0426,-75.0559, , 
 ,56866,2014009875,6,67,67301,2013,12,7,2310,23,3,1,1,4,1, , ,N,1,2,0,3,0,2,4,2,N,N,39 57:41.633,75 09:06.417,2317, ,2316,1,1,3,N, ,3,N, , , , ,624760, , , ,2,1,0,0,0,0,0,1,0,0,0,0,2,2,2,0,0,0,0,0,0,0,0,0,0,0,0,0,0,0,0,0,0,0,0,8,0,39.9615,-75.1517, , 
 ,56867,2014009785,6,67,67301,2013,12,2,1638,16,4,2,1,6,1, , ,N,0,0,0,3,0,1,2,2,N, ,40 05:27.153,75 03:52.567,1650, ,1642, ,0, ,N, ,0, , , , , ,624775, , , ,2,2,0,0,0,0,0,0,0,0,0,1,1,0,0,0,0,0,0,0,1,0,0,0,0,0,0,0,0,0,0,0,0,0,0,4,0,40.0909,-75.0646, , 
 ,56868,2014009855,6,67,67301,2013,12,7,1800,18,3,1,0,5,6, , ,N,0,0,0,3,0,0,1,6,N, ,39 56:58.651,75 10:51.739,1840, ,1825, ,0, , , ,0, , , , , ,624776, , , ,6,4,0,0,1,0,1,0,0,0,0,0,0,0,0,0,0,0,0,0,0,0,0,0,0,0,0,0,0,0,0,0,0,0,0,0,0,39.9496,-75.181, , 