wz_ln_closure,objectid_1,crn,district,county,municipality,crash_year,crash_month,day_of_week,time_of_day,hour_of_day,illumination,weather,road_condition,collision_type,relation_to_road,work_zone_type,work_zone_loc,work_zone_ind,intersect_type,tcd_type,location_type,urban_rural,fatal_count,injury_count,person_count,total_units,sch_bus_ind,sch_zone_ind,latitude,longitude,arrival_tm,cons_zone_spd_lim,dispatch_tm,est_hrs_closed,lane_closed,ln_close_dir,ntfy_hiwy_maint,spec_juris_cd,tcd_func_cd,tfc_detour_ind,workers_pres,wz_close_detour,wz_flagger,wz_law_offcr_ind,objectid,wz_moving,wz_other,wz_shlder_mdn,vehicle_count,automobile_count,motorcycle_count,bus_count,small_truck_count,heavy_truck_count,suv_count,van_count,bicycle_count,maj_inj_count,mod_inj_count,min_inj_count,tot_inj_count,unk_inj_deg_count,unk_inj_per_count,driver_count_16yr,driver_count_17yr,driver_count_18yr,driver_count_19yr,driver_count_20yr,driver_count_50_64yr,driver_count_65_74yr,driver_count_75plus,unbelted_occ_count,unb_death_count,unb_maj_inj_count,belted_death_count,belted_maj_inj_count,mcycle_death_count,mcycle_maj_inj_count,bicycle_death_count,bicycle_maj_inj_count,ped_count,ped_death_count,ped_maj_inj_count,max_severity_level,comm_veh_count,dec_lat,dec_long,rdwy_surf_type_cd,county_name
 ,56869,2013125987,6,67,67301,2013,10,3,2230,22,3,1,0,4,1, , ,N,1,0,0,3,0,2,8,2,N,N,39 56:26.512,75 13:26.950,2235, ,2233,9,1,1,N, ,0,N, , , , ,624796, , , ,2,1,0,1,0,0,0,0,0,1,0,0,2,1,0,0,0,0,0,0,1,0,0,0,0,0,0,0,0,0,0,0,0,0,0,2,1,39.9407,-75.2242, , 
 ,56870,2013125920,6,67,67301,2013,11,6,9999,99,1,1,0,4,1, , ,N,1,3,0,3,0,0,2,2,N,N,39 57:49.622,75 14:32.686,1255, ,1255, ,0, ,N, ,3, , , , , ,624811, , , ,2,1,0,0,0,0,1,0,0,0,0,0,0,0,0,0,0,0,0,0,0,0,0,0,0,0,0,0,0,0,0,0,0,0,0,0,0,39.9638,-75.2424, , 
 ,56871,2013129416,6,67,67301,2013,11,5,2040,20,2,1,0,1,1, , ,N,0,0,0,3,0,0,2,4,N,N,39 58:28.876,75 15:01.778,2045, ,2040, ,0, , , ,0, , , , , ,624815, , , ,4,4,0,0,0,0,0,0,0,0,0,0,0,0,0,0,0,0,0,0,1,0,0,0,0,0,0,0,0,0,0,0,0,0,0,0,0,39.9747,-75.2505, , 
 ,56872,2013104407,6,67,67301,2013,9,7,1850,18,4,1,0,4,1, , ,N,1,2,0,3,0,0,3,2,N,N,39 55:49.303,75 11:12.947,1918, ,1916, ,0, ,N, ,3, , , , , ,624840, , , ,2,1,0,0,0,0,1,0,0,0,0,0,0,0,0,0,0,0,0,0,0,0,0,0,0,0,0,0,0,0,0,0,0,0,0,0,0,39.9304,-75.1869, , 
 ,56873,2013106667,6,67,67301,2013,9,6,9999,99,1,1,0,1,1, , ,N,1,0,0,3,0,1,2,2,N,N,39 53:23.412,75 14:00.414,9999, ,9999, ,0, ,N, ,0, , , , , ,624844, , , ,2,0,0,0,1,0,0,1,0,0,0,1,1,0,0,0,0,0,0,0,0,0,0,0,0,0,0,0,0,0,0,0,0,0,0,4,0,39.8898,-75.2334, , 
 ,56874,2013109409,6,67,67301,2013,10,4,9999,99,3,1,0,4,7, , ,N,3,0,2,3,0,0,2,2,N,N,39 58:28.663,75 11:57.118,2049, ,2049, ,0, ,N, ,0, , , , , ,624851, , , ,2,2,0,0,0,0,0,0,0,0,0,0,0,0,0,0,0,0,0,0,0,0,0,2,0,0,0,0,0,0,0,0,0,0,0,0,0,39.9746,-75.1992, , 
 ,56875,2013109417,6,67,67301,2013,9,1,1600,16,1,1,0,5,2, , ,N,0,0,0,3,0,0,1,2,N,N,39 56:14.510,75 10:30.151,1611, ,1602, ,0, ,N, ,0, , , , , ,624852, , , ,2,1,0,0,0,0,1,0,0,0,0,0,0,0,0,0,0,0,0,0,0,0,0,0,0,0,0,0,0,0,0,0,0,0,0,0,0,39.9374,-75.175, , 
 ,56876,2013123005,6,67,67301,2013,10,1,1244,12,1,1,0,1,1, , ,N,1,2,0,3,0,1,5,3,N, ,40 04:50.820,75 01:42.117,1248, ,1245,1,1,1, , ,3,N, , , , ,624862, , , ,3,2,0,0,0,0,1,0,0,0,0,1,1,0,0,0,0,0,0,0,0,0,1,1,0,0,0,0,0,0,0,0,0,0,0,4,0,40.0808,-75.0284, , 
 ,56877,2013129423,6,67,67301,2013,6,1,1121,11,1,1,0,1,1, , ,N,2,0,0,3,0,1,2,2,N, ,40 03:08.920,75 07:57.651,1129, ,1127,9,2,6, , ,0,Y, , , , ,624886, , , ,2,1,1,0,0,0,0,0,0,0,1,0,1,0,0,0,0,0,0,0,0,1,0,0,0,0,0,0,0,0,0,0,0,0,0,3,0,40.0525,-75.1327, , 
 ,56878,2013123059,6,67,67301,2013,11,1,233,2,3,1,0,5,2, , ,N,0,0,0,3,0,0,1,4,N,N,39 56:19.114,75 13:58.954,240, ,234, ,0, ,N, ,0, , , , , ,626509, , , ,4,4,0,0,0,0,0,0,0,0,0,0,0,0,0,0,0,0,0,0,0,0,0,0,0,0,0,0,0,0,0,0,0,0,0,0,0,39.9386,-75.233, , 
 ,56879,2013121308,6,67,67301,2013,10,2,1135,11,1,1,0,2,1, , ,N,3,3,0,3,0,1,4,2,N, ,39 55:25.034,75 14:44.477,1145, ,1139,1,2,6, , ,3,Y, , , , ,626527, , , ,2,2,0,0,0,0,0,0,0,0,0,0,1,1,1,0,0,0,0,0,0,0,0,0,0,0,0,0,0,0,0,0,0,0,0,8,0,39.9236,-75.2457, , 
 ,56880,2014003312,6,67,67301,2013,12,5,816,8,1,1,1,1,1, , ,N,0,3,0,3,0,1,3,2,N,N,39 58:18.499,75 14:09.602,825, ,819, ,0, ,N, ,3, , , , , ,626541, , , ,2,2,0,0,0,0,0,0,0,0,0,1,1,0,0,0,0,0,0,0,1,0,0,0,0,0,0,0,0,0,0,0,0,0,0,4,0,39.9718,-75.236, , 
 ,56881,2014009834,6,67,67301,2013,12,7,220,2,3,1,0,7,4, , ,N,0,0,0,3,0,0,1,1,N,N,39 54:38.955,75 11:11.824,226, ,224, ,0, ,N, ,0, , , , , ,626543, , , ,1,1,0,0,0,0,0,0,0,0,0,0,0,0,1,0,0,0,0,0,0,0,0,0,0,0,0,0,0,0,0,0,0,0,0,9,0,39.9108,-75.1866, , 
 ,56882,2014009849,6,67,67301,2013,12,4,500,5,6,1,0,1,6, , ,N,0,0,0,3,0,0,1,2,N,N,39 57:51.209,75 12:12.999,800, ,747, ,0, ,N, ,0, , , , , ,626544, , , ,2,2,0,0,0,0,0,0,0,0,0,0,0,0,0,0,0,0,0,0,0,0,0,0,0,0,0,0,0,0,0,0,0,0,0,0,0,39.9642,-75.2036, , 
 ,56883,2014009872,6,67,67301,2013,12,3,1750,17,3,2,0,4,1, , ,N,0,0,0,3,0,2,3,2,N,N,40 00:50.054,75 09:29.677,1820, ,1816,3,2,4,N, ,0,Y, , , , ,626545, , , ,2,1,0,0,0,0,1,0,0,0,0,0,2,2,0,0,0,0,0,0,0,0,0,0,0,0,0,0,0,0,0,0,0,0,0,8,0,40.0139,-75.1582, , 
 ,56884,2014006320,6,67,67301,2013,12,4,900,9,1,8,5,1,1, , ,N,1,2,0,3,0,1,5,2,N,N,40 01:38.690,75 07:30.352,918, ,915, ,0, ,N, ,3, , , , , ,626576, , , ,2,2,0,0,0,0,0,0,0,0,0,0,1,1,0,0,0,0,0,0,0,0,0,0,0,0,0,0,0,0,0,0,0,0,0,8,0,40.0274,-75.1251, , 
 ,56885,2014000999,6,67,67301,2013,11,4,9999,99,3,1,0,4,1, , ,N,1,2,0,3,0,1,3,3,N,N,40 02:44.136,75 04:17.168,9999, ,9999, ,0, , , ,3, , , , , ,626599, , , ,3,1,0,0,1,1,0,0,0,0,0,1,1,0,0,0,0,1,0,0,0,0,0,0,0,0,0,0,0,0,0,0,0,0,0,4,1,40.0456,-75.0714, , 
 ,56886,2014009752,6,67,67301,2013,12,7,140,1,3,1,0,4,1, , ,N,1,3,0,3,0,0,2,2,N,N,39 57:41.068,75 08:35.811,155, ,151,2,1,1, , ,3,N, , , , ,626601, , , ,2,1,0,0,0,0,1,0,0,0,0,0,0,0,0,0,0,0,0,0,0,0,0,0,0,0,0,0,0,0,0,0,0,0,0,0,0,39.9614,-75.1433, , 
 ,56887,2014009878,6,67,67301,2013,12,1,1133,11,1,2,1,4,1, , ,N,2,3,0,3,0,1,2,2,N, ,39 57:20.517,75 14:53.557,1151, ,1150, ,0, , , ,3, , , , , ,626602, , , ,2,2,0,0,0,0,0,0,0,0,0,1,1,0,0,0,0,0,0,0,0,1,0,0,0,0,0,0,0,0,0,0,0,0,0,4,0,39.9557,-75.2482, , 
 ,56888,2014000987,6,67,67301,2013,12,3,1255,12,1,1,0,4,1, , ,N,1,3,0,3,0,2,4,2,N,N,39 55:34.860,75 10:30.943,1304, ,1301, ,0, ,N, ,3, , , , , ,626605, , , ,2,2,0,0,0,0,0,0,0,0,0,2,2,0,0,0,0,0,0,0,1,0,0,0,0,0,0,0,0,0,0,0,0,0,0,4,0,39.9264,-75.1753, , 
 ,56889,2014016003,6,67,67301,2013,12,5,100,1,6,4,1,4,1, , ,N,1,2,0,3,0,1,2,2,N,N,39 59:38.150,75 09:16.063,0, ,0, ,0, ,N, ,3, , , , , ,626611, , , ,2,0,0,0,0,0,1,1,0,0,1,0,1,0,1,0,0,0,0,0,0,0,0,0,0,0,0,0,0,0,0,0,0,0,0,3,0,39.9939,-75.1545, , 
 ,56890,2014009837,6,67,67301,2013,12,6,1929,19,3,1,0,4,1, , ,N,1,3,0,3,0,1,2,2,N,N,39 55:29.089,75 09:33.742,1930, ,1928, ,0, ,N, ,3, , , , , ,626623, , , ,1,0,0,0,0,0,0,1,1,0,0,1,1,0,0,0,0,0,0,0,0,0,0,1,0,0,0,0,0,0,0,0,0,0,0,4,0,39.9247,-75.1594, , 
 ,56891,2013133078,6,67,67301,2013,11,7,1320,13,1,1,0,8,1, , ,N,0,0,0,3,0,1,2,2,N,N,39 55:09.076,75 12:39.560,1327, ,1325, ,0, ,N, ,0, , , , , ,626648, , , ,1,0,0,0,1,0,0,0,0,0,0,0,1,1,0,0,0,0,0,0,0,1,0,0,0,0,0,0,0,0,0,0,1,0,0,8,0,39.9192,-75.211, , 
 ,56892,2013106775,6,67,67301,2013,9,4,900,9,1,1,0,4,1, , ,N,1,3,0,3,0,1,3,2,N, ,39 57:22.032,75 14:31.228,1045, ,1044, ,0, , , ,3, , , , , ,626657, , , ,2,2,0,0,0,0,0,0,0,0,0,0,1,1,1,0,0,0,0,0,1,0,0,0,0,0,0,0,0,0,0,0,0,0,0,8,0,39.9561,-75.242, , 
 ,56893,2014003850,6,67,67301,2013,12,5,1836,18,3,2,1,8,1, , ,N,1,2,0,3,0,1,2,2,N, ,39 58:41.906,75 14:45.799,1842, ,1836, ,0, , , ,3, , , , , ,626672, , , ,1,1,0,0,0,0,0,0,0,0,1,0,1,0,0,0,0,0,0,0,0,0,0,0,0,0,0,0,0,0,0,0,1,0,0,3,0,39.9783,-75.2461, , 
 ,56894,2014009741,6,67,67301,2013,12,5,1200,12,1,1,0,8,1, , ,N,1,3,0,3,0,1,2,2,N, ,39 56:50.848,75 10:49.198,2325, ,2314, ,0, , , ,3, , , , , ,626673, , , ,1,1,0,0,0,0,0,0,0,0,0,1,1,0,1,0,0,0,0,0,0,0,0,0,0,0,0,0,0,0,0,0,1,0,0,4,0,39.9475,-75.1803, , 
 ,56895,2014013109,6,67,67301,2013,12,7,1530,15,1,1,0,4,1, , ,N,1,2,0,3,0,2,3,2,N,N,39 58:29.877,75 09:05.813,1700, ,1656, ,0, ,N, ,3, , , , , ,626676, , , ,2,2,0,0,0,0,0,0,0,0,0,0,2,2,0,0,0,0,0,0,0,1,0,0,0,0,0,0,0,0,0,0,0,0,0,8,0,39.975,-75.1516, , 
 ,56896,2013125285,6,67,67301,2013,11,1,1132,11,1,1,0,1,1, , ,N,1,2,0,3,0,5,9,3,N,N,39 59:23.021,75 15:02.757,1139, ,1134,3,1,1,N, ,3,Y, , , , ,618664, , , ,3,1,0,0,0,0,1,1,0,0,0,5,5,0,0,0,0,0,1,0,0,0,1,0,0,0,0,0,0,0,0,0,0,0,0,4,0,39.9897,-75.2508, , 
 ,56897,2013126635,6,67,67301,2013,12,2,1602,16,1,1,1,1,1, , ,N,0,0,0,3,0,3,4,3,N,N,39 59:32.886,75 05:07.326,1619, ,1605, ,0, ,N, ,0, , , , , ,618670, , , ,3,2,0,0,0,0,1,0,0,0,0,0,3,3,0,0,0,0,0,0,0,0,0,0,0,0,0,0,0,0,0,0,0,0,0,8,0,39.9924,-75.0854, , 
 ,56898,2014009792,6,67,67301,2013,12,1,1324,13,1,4,3,5,1, , ,N,0,8,1,3,0,1,3,2,N,N,40 01:11.241,75 08:55.822,1340, ,1330,2,2,2,N, ,3,N, , , , ,618686, , , ,2,1,0,0,0,0,1,0,0,0,0,1,1,0,0,0,0,0,0,0,0,0,0,0,0,0,0,0,0,0,0,0,0,0,0,4,0,40.0198,-75.1488, , 
 ,56899,2013101017,6,67,67301,2013,9,5,757,7,1,1,0,1,1, , ,N,1,3,0,3,0,1,2,2,N,Y,39 54:22.370,75 14:50.855,810, ,803, ,0, ,N, ,3, , , , , ,618694, , , ,2,2,0,0,0,0,0,0,0,0,0,1,1,0,0,0,0,0,0,0,0,0,0,0,0,0,0,0,0,0,0,0,0,0,0,4,0,39.9062,-75.2475, , 
 ,56900,2013105963,6,67,67301,2013,10,2,1709,17,1,1,1,1,1, , ,N,0,0,0,3,0,0,2,2,N,N,39 57:36.028,75 10:47.298,1713, ,1709,2,2,3,Y, ,0,Y, , , , ,618752, , , ,2,2,0,0,0,0,0,0,0,0,0,0,0,0,0,0,0,0,0,0,1,0,0,0,0,0,0,0,0,0,0,0,0,0,0,0,0,39.96,-75.1798, , 
N,56901,2014000557,6,67,67301,2013,12,4,1427,14,1,1,0,1,1,1,4,Y,0,0,0,3,0,0,6,4,N,N,40 01:13.636,75 02:34.618,1448,45,1427, ,0, ,N, ,0, ,N,N,N,N,618802,N,Y,N,4,4,0,0,0,0,0,0,0,0,0,0,0,0,0,0,0,0,0,1,2,0,0,0,0,0,0,0,0,0,0,0,0,0,0,0,0,40.0204,-75.0431, , 
 ,56902,2013130236,6,67,67301,2013,12,6,651,6,3,2,1,7,4, , ,N,7,0,2,3,0,0,1,1,N,N,39 57:21.022,75 08:26.682,718, ,654, ,0, ,N, ,0, , , , , ,618844, , , ,1,1,0,0,0,0,0,0,0,0,0,0,0,0,0,0,0,0,0,0,0,0,0,0,0,0,0,0,0,0,0,0,0,0,0,0,0,39.9557,-75.1407, , 
 ,56903,2013121362,6,67,67301,2013,11,7,1511,15,1,1,0,4,1, , ,N,0,3,7,3,0,1,2,2,N,N,40 04:55.137,75 03:57.448,1616, ,1606,1,1,2,N, ,3,Y, , , , ,618852, , , ,2,2,0,0,0,0,0,0,0,0,0,0,1,1,0,0,1,0,0,0,1,0,0,0,0,0,0,0,0,0,0,0,0,0,0,8,0,40.082,-75.066, , 
 ,56904,2013104001,6,67,67301,2013,9,3,823,8,1,1,0,8,1, , ,N,1,2,0,3,0,1,2,2,N, ,39 56:55.507,75 10:44.381,827, ,825, ,0, , , ,3, , , , , ,618872, , , ,1,0,0,0,1,0,0,0,0,0,0,1,1,0,0,0,0,0,0,0,0,0,0,0,0,0,0,0,0,0,0,0,1,0,0,4,0,39.9488,-75.179, , 
 ,56905,2013105961,6,67,67301,2013,10,2,1538,15,1,2,1,7,4, , ,N,7,0,2,3,0,1,2,2,N,N,39 53:35.717,75 13:42.269,1550, ,1540,2,2,2,N, ,0,N, , , , ,618873, , , ,2,0,0,0,0,0,2,0,0,0,1,0,1,0,0,0,0,0,0,0,0,0,0,1,0,0,0,0,0,0,0,0,0,0,0,3,0,39.8933,-75.2284, , 
 ,56906,2014002814,6,67,67301,2013,12,1,1654,16,2,4,1,4,1, , ,N,3,3,0,3,0,1,3,2,N,N,39 59:40.599,75 09:51.451,1705, ,1702, ,0, ,N, ,3, , , , , ,618890, , , ,2,1,0,0,1,0,0,0,0,0,0,0,1,1,0,0,0,0,0,0,0,0,0,0,0,0,0,0,0,0,0,0,0,0,0,8,0,39.9946,-75.1643, , 
 ,56907,2014006907,6,67,67301,2013,12,2,510,5,3,1,0,6,6, , ,N,0,0,0,3,0,0,1,2,N,N,40 03:57.967,75 01:42.567,527, ,518, ,0, ,N, ,0, , , , , ,618891, , , ,2,1,0,0,0,0,1,0,0,0,0,0,0,0,1,0,0,0,0,0,0,0,0,0,0,0,0,0,0,0,0,0,0,0,0,9,0,40.0661,-75.0285, , 
 ,56908,2013070060,6,67,67301,2013,6,3,9999,99,1,2,1,5,6, , ,N,0,0,0,3,0,0,1,3,N,N,39 55:17.882,75 08:54.317,9999, ,9999, ,0, , , ,0, , , , , ,618910, , , ,3,2,0,0,1,0,0,0,0,0,0,0,0,0,0,0,0,0,0,0,0,0,0,0,0,0,0,0,0,0,0,0,0,0,0,0,0,39.9216,-75.1484, , 
 ,56909,2013074796,6,67,67301,2013,6,3,1511,15,1,1,0,4,1, , ,N,1,2,0,3,0,2,2,2,N,N,39 57:34.444,75 11:49.297,1600, ,1559, ,0, ,N, ,3, , , , , ,618916, , , ,2,2,0,0,0,0,0,0,0,0,0,2,2,0,0,0,0,0,0,0,0,0,0,0,0,0,0,0,0,0,0,0,0,0,0,4,0,39.9596,-75.197, , 
 ,56910,2013077494,6,67,67301,2013,6,6,855,8,1,1,0,8,1, , ,N,2,2,2,3,0,1,3,2,N,N,39 58:29.370,75 11:54.251,904, ,857,2,1,4,N, ,3,N, , , , ,618920, , , ,1,1,0,0,0,0,0,0,0,0,0,0,1,1,0,0,0,0,0,0,1,0,0,0,0,0,0,0,0,0,0,0,1,0,0,8,0,39.9747,-75.1984, , 
 ,56911,2013104403,6,67,67301,2013,9,5,1725,17,1,1,0,4,1, , ,N,1,0,0,3,0,1,3,2,N,N,39 57:37.092,75 08:20.094,1727, ,1726,2,1,3,N, ,0,N, , , , ,618941, , , ,2,2,0,0,0,0,0,0,0,0,0,1,1,0,0,0,0,0,0,0,2,0,0,0,0,0,0,0,0,0,0,0,0,0,0,4,0,39.9603,-75.1389, , 
 ,56912,2013106755,6,67,67301,2013,9,3,1650,16,1,1,0,8,1, , ,N,0,0,0,3,0,1,2,2,N,N,40 00:36.443,75 09:59.155,1710, ,1706, ,0, ,N, ,0, , , , , ,618944, , , ,1,0,0,0,0,0,1,0,0,0,0,1,1,0,0,0,0,0,0,0,0,0,0,0,0,0,0,0,0,0,0,0,1,0,0,4,0,40.0101,-75.1664, , 
 ,56913,2013110720,6,67,67301,2013,10,5,825,8,1,1,0,5,1, , ,N,1,2,0,3,0,1,2,2,N,N,39 56:46.158,75 10:11.672,840, ,831, ,0, ,N, ,3, , , , , ,618950, , , ,1,0,0,0,1,0,0,0,1,0,0,1,1,0,0,0,0,0,0,0,1,0,0,0,0,0,0,0,0,0,0,0,0,0,0,4,0,39.9462,-75.1699, , 
 ,56914,2014002797,6,67,67301,2013,11,7,1419,14,1,1,0,4,1, , ,N,1,3,0,3,0,1,2,2,N, ,39 58:14.108,75 09:03.120,1436, ,1931,1,1,4, , ,3,N, , , , ,621759, , , ,2,2,0,0,0,0,0,0,0,0,0,1,1,0,0,0,0,0,0,0,1,0,0,0,0,0,0,0,0,0,0,0,0,0,0,4,0,39.9705,-75.151, , 
 ,56915,2013128371,6,67,67301,2013,11,1,1038,10,1,1,0,1,1, , ,N,0,0,3,3,0,1,6,2,N,N,39 53:32.779,75 11:50.834,1053, ,1041, ,0, ,N, ,0, , , , , ,621779, , , ,2,0,0,0,0,0,1,1,0,0,0,0,1,1,0,0,0,0,0,0,1,0,0,0,0,0,0,0,0,0,0,0,0,0,0,8,0,39.8924,-75.1975, , 
 ,56916,2014006893,6,67,67301,2013,12,5,1510,15,1,1,0,5,1, , ,N,1,3,0,3,0,1,4,2,N,N,39 56:56.623,75 09:20.444,1609, ,1609, ,0, ,N, ,3, , , , , ,621786, , , ,2,1,0,0,1,0,0,0,0,0,0,1,1,0,0,0,0,0,0,0,0,0,0,2,0,0,0,0,0,0,0,0,0,0,0,4,0,39.9491,-75.1557, , 
 ,56917,2014010178,6,67,67301,2013,12,2,819,8,1,2,1,5,1, , ,N,0,0,0,3,0,0,2,2,N,N,40 00:36.617,75 12:24.339,833, ,824, ,0, ,N, ,0, , , , , ,621787, , , ,2,1,0,0,1,0,0,0,0,0,0,0,0,0,0,0,0,0,0,1,1,0,0,0,0,0,0,0,0,0,0,0,0,0,0,0,0,40.0102,-75.2068, , 
 ,56918,2014024880,6,67,67301,2013,12,5,1545,15,1,1,0,4,1, , ,N,0,0,0,3,0,1,3,2,N,N,39 57:51.216,75 14:47.329,1648, ,1645, ,0, ,N, ,0, , , , , ,621788, , , ,2,2,0,0,0,0,0,0,0,0,0,0,1,1,2,0,0,0,0,0,1,0,0,0,0,0,0,0,0,0,0,0,0,0,0,8,0,39.9642,-75.2465, , 
 ,56919,2013109378,6,67,67301,2013,9,6,9999,99,3,1,0,8,1, , ,N,0,0,0,3,0,1,2,2,N,N,39 58:25.417,75 13:31.285,2040, ,2034,2,2,4,N, ,0,N, , , , ,621794, , , ,1,1,0,0,0,0,0,0,0,0,0,1,1,0,0,0,0,0,0,0,0,0,0,0,0,0,0,0,0,0,0,0,1,0,0,4,0,39.9737,-75.2254, , 
 ,56920,2014002736,6,67,67301,2013,11,5,345,3,3,1,0,7,3, , ,N,2,0,7,3,0,0,1,1,N,N,39 53:31.077,75 14:31.568,358, ,354,2,1,2,N, ,0,N, , , , ,621812, , , ,1,1,0,0,0,0,0,0,0,0,0,0,0,0,0,0,0,0,0,0,0,0,0,0,0,0,0,0,0,0,0,0,0,0,0,0,0,39.8919,-75.2419, , 
 ,56921,2013121331,6,67,67301,2013,11,2,1127,11,1,1,0,4,1, , ,N,1,2,0,3,0,1,2,2,N,N,40 00:40.819,75 04:37.389,1141, ,1131, ,0, ,N, ,3, , , , , ,621825, , , ,2,1,0,0,0,0,0,1,0,0,0,0,1,1,0,0,0,0,0,0,0,0,0,2,0,0,0,0,0,0,0,0,0,0,0,8,0,40.0113,-75.0771, , 
 ,56922,2014001061,6,67,67301,2013,11,3,1350,13,1,1,1,5,1, , ,N,0,0,0,3,0,0,1,6,N,N,39 59:21.900,75 09:43.540,1403, ,1401, ,0, , , ,0, , , , , ,621836, , , ,6,6,0,0,0,0,0,0,0,0,0,0,0,0,0,0,0,0,0,0,1,0,0,1,0,0,0,0,0,0,0,0,0,0,0,0,0,39.9894,-75.1621, , 
 ,56923,2013121416,6,67,67301,2013,11,6,700,7,3,2,1,4,1, , ,N,1,2,0,3,0,1,2,2,N,N,40 01:13.222,75 06:50.843,703, ,702, ,0, ,N, ,9, , , , , ,621842, , , ,2,1,1,0,0,0,0,0,0,0,1,0,1,0,0,0,0,0,0,0,1,0,0,0,0,0,0,0,0,0,0,0,0,0,0,3,0,40.0202,-75.1141, , 
 ,56924,2013121467,6,67,67301,2013,10,5,1833,18,3,1,0,8,1, , ,N,0,0,0,3,0,2,4,3,N, ,40 00:26.874,75 08:52.573,1840, ,1833, ,0, , , ,0, , , , , ,621843, , , ,1,1,0,0,0,0,0,0,0,0,2,0,2,0,0,0,0,0,0,1,0,0,0,0,0,0,0,0,0,0,0,0,2,0,0,3,0,40.0075,-75.1479, , 
 ,56925,2013067755,6,67,67301,2013,5,6,1320,13,1,1,0,4,1, , ,N,1,2,0,3,0,0,1,2,N, ,40 01:30.316,75 13:21.561,1335, ,9999, ,0, , , ,3, , , , , ,621866, , , ,2,1,0,0,0,1,0,0,0,0,0,0,0,0,0,0,0,0,0,0,0,0,0,1,0,0,0,0,0,0,0,0,0,0,0,0,1,40.0251,-75.2227, , 
 ,56926,2014006310,6,67,67301,2013,11,4,1245,12,1,2,1,4,1, , ,N,1,2,0,3,0,1,2,2,N,N,39 58:22.052,75 12:58.705,1315, ,1300, ,0, ,N, ,3, , , , , ,621889, , , ,2,2,0,0,0,0,0,0,0,0,0,0,1,1,0,0,0,0,0,0,0,1,0,0,0,0,0,0,0,0,0,0,0,0,0,8,0,39.9728,-75.2163, , 
 ,56927,2014013112,6,67,67301,2013,12,2,1913,19,3,1,0,4,1, , ,N,1,2,0,3,0,1,2,2,N,N,40 01:39.836,75 06:35.867,1915, ,1913,1,1,4,N, ,3,N, , , , ,621890, , , ,2,2,0,0,0,0,0,0,0,0,0,1,1,0,0,0,0,0,0,0,1,0,0,0,0,0,0,0,0,0,0,0,0,0,0,4,0,40.0277,-75.11, , 
 ,56928,2013134194,6,67,67301,2013,12,6,2108,21,3,1,0,5,1, , ,N,0,0,0,3,0,0,3,2,N,N,39 53:31.816,75 14:10.988,2144, ,2115, ,0, ,N, ,0, , , , , ,621893, , , ,2,2,0,0,0,0,0,0,0,0,0,0,0,0,0,0,0,0,0,0,0,0,0,0,0,0,0,0,0,0,0,0,0,0,0,0,0,39.8922,-75.2364, , 
 ,56929,2014059220,6,67,67301,2013,11,4,1227,12,1,2,1,8,1, , ,N,1,0,0,3,0,1,2,2,N,N,40 00:12.358,75 09:04.348,1236, ,1229, ,0, ,N, ,0, , , , , ,621897, , , ,1,1,0,0,0,0,0,0,0,0,0,1,1,0,1,0,0,0,0,0,0,0,0,0,0,0,0,0,0,0,0,0,1,0,0,4,0,40.0034,-75.1512, , 
 ,56930,2013101235,6,67,67301,2013,9,5,2015,20,3,1,1,4,1, , ,N,1,3,0,3,0,1,3,2,N, ,39 56:45.772,75 12:59.363,2020, ,2015, ,0, , , ,3, , , , , ,621900, , , ,2,2,0,0,0,0,0,0,0,0,0,1,1,0,0,0,0,0,0,0,0,0,0,0,0,0,0,0,0,0,0,0,0,0,0,4,0,39.946,-75.2165, , 
 ,56931,2013122903,6,67,67301,2013,11,5,2240,22,3,1,0,7,5, , ,N,1,2,0,3,0,2,2,1,N,N,40 02:47.443,75 02:42.968,2315, ,2310, ,0, ,N, ,3, , , , , ,621932, , , ,1,1,0,0,0,0,0,0,0,0,0,2,2,0,0,0,0,0,0,0,0,0,0,0,0,0,0,0,0,0,0,0,0,0,0,4,0,40.0465,-75.0453, , 
 ,56932,2014001092,6,67,67301,2013,12,3,1701,17,4,1,0,4,1, , ,N,1,2,0,3,0,1,3,3,N,N,40 00:40.651,75 06:21.920,1701, ,1701, ,0, ,N, ,3, , , , , ,624890, , , ,3,1,0,0,1,0,1,0,0,0,0,1,1,0,0,0,0,0,0,0,0,1,0,0,0,0,0,0,0,0,0,0,0,0,0,4,0,40.0113,-75.1061, , 
 ,56933,2014009713,6,67,67301,2013,12,5,1215,12,1,1,1,8,1, , ,N,0,0,0,3,0,1,2,2,N,N,40 00:31.653,75 09:02.181,1231, ,1228, ,0, ,N, ,0, , , , , ,624891, , , ,1,0,0,0,0,1,0,0,0,0,0,1,1,0,0,0,0,0,0,0,0,0,1,0,0,0,0,0,0,0,0,0,1,0,0,4,1,40.0088,-75.1506, , 
 ,56934,2014009764,6,67,67301,2013,12,3,1730,17,3,4,5,4,1, , ,N,3,0,0,3,0,0,2,3,N,N,40 01:16.375,75 09:27.566,1815, ,1811, ,0, ,N, ,0, , , , , ,624892, , , ,3,1,0,0,1,1,0,0,0,0,0,0,0,0,0,0,0,0,0,0,0,0,0,0,0,0,0,0,0,0,0,0,0,0,0,0,1,40.0212,-75.1577, , 