wz_ln_closure,objectid_1,crn,district,county,municipality,crash_year,crash_month,day_of_week,time_of_day,hour_of_day,illumination,weather,road_condition,collision_type,relation_to_road,work_zone_type,work_zone_loc,work_zone_ind,intersect_type,tcd_type,location_type,urban_rural,fatal_count,injury_count,person_count,total_units,sch_bus_ind,sch_zone_ind,latitude,longitude,arrival_tm,cons_zone_spd_lim,dispatch_tm,est_hrs_closed,lane_closed,ln_close_dir,ntfy_hiwy_maint,spec_juris_cd,tcd_func_cd,tfc_detour_ind,workers_pres,wz_close_detour,wz_flagger,wz_law_offcr_ind,objectid,wz_moving,wz_other,wz_shlder_mdn,vehicle_count,automobile_count,motorcycle_count,bus_count,small_truck_count,heavy_truck_count,suv_count,van_count,bicycle_count,maj_inj_count,mod_inj_count,min_inj_count,tot_inj_count,unk_inj_deg_count,unk_inj_per_count,driver_count_16yr,driver_count_17yr,driver_count_18yr,driver_count_19yr,driver_count_20yr,driver_count_50_64yr,driver_count_65_74yr,driver_count_75plus,unbelted_occ_count,unb_death_count,unb_maj_inj_count,belted_death_count,belted_maj_inj_count,mcycle_death_count,mcycle_maj_inj_count,bicycle_death_count,bicycle_maj_inj_count,ped_count,ped_death_count,ped_maj_inj_count,max_severity_level,comm_veh_count,dec_lat,dec_long,rdwy_surf_type_cd,county_name
 ,56935,2014009795,6,67,67301,2013,12,5,1325,13,1,1,0,7,1, , ,N,5,2,0,3,0,0,2,1,N,N,40 00:05.418,75 06:14.947,1330, ,1330, ,0, , , ,3, , , , , ,624893, , , ,1,0,0,0,0,1,0,0,0,0,0,0,0,0,0,0,0,0,0,0,0,0,0,0,0,0,0,0,0,0,0,0,0,0,0,0,1,40.0015,-75.1042, , 
 ,56936,2013124846,6,67,67301,2013,12,6,1535,15,1,2,1,1,1, , ,N,0,0,0,3,0,1,2,2,N,N,39 59:49.965,75 11:47.329,1540, ,1537, ,0, ,N, ,0, , , , , ,624901, , , ,2,2,0,0,0,0,0,0,0,0,0,0,1,1,0,0,0,0,0,0,0,0,0,0,0,0,0,0,0,0,0,0,0,0,0,8,0,39.9972,-75.1965, , 
 ,56937,2013121425,6,67,67301,2013,10,5,1819,18,3,1,0,4,1, , ,N,3,3,0,3,0,1,4,2,N,N,39 58:15.427,75 12:53.965,1820, ,1820, ,0, ,N, ,3, , , , , ,624923, , , ,1,1,0,0,0,0,0,0,1,0,0,1,1,0,0,0,0,0,0,0,0,0,0,0,0,0,0,0,0,0,0,0,0,0,0,4,0,39.971,-75.215, , 
 ,56938,2014003334,6,67,67301,2013,12,1,1500,15,1,9,1,4,1, , ,N,1,3,0,3,0,1,3,2,N, ,39 58:28.228,75 08:53.098,1625, ,1620, ,0, , , ,3, , , , , ,624943, , , ,2,1,0,0,1,0,0,0,0,0,0,1,1,0,0,0,0,0,0,0,0,0,0,0,0,0,0,0,0,0,0,0,0,0,0,4,0,39.9745,-75.1481, , 
 ,56939,2013122093,6,67,67301,2013,10,6,9999,99,1,1,0,8,1, , ,N,1,2,0,3,0,1,2,2,N,N,39 59:19.087,75 11:13.430,1706, ,1702, ,0, ,N, ,3, , , , , ,624951, , , ,1,0,0,0,1,0,0,0,0,0,0,1,1,0,0,0,0,0,0,0,0,0,0,0,0,0,0,0,0,0,0,0,1,0,0,4,0,39.9886,-75.1871, , 
 ,56940,2013129437,6,67,67301,2013,11,7,2050,20,2,1,0,8,1, , ,N,1,3,0,3,0,1,2,2,N, ,40 03:38.260,75 10:39.323,2110, ,2105, ,0, , , ,3, , , , , ,624959, , , ,1,1,0,0,0,0,0,0,0,0,0,1,1,0,0,0,0,0,0,0,0,0,0,0,0,0,0,0,0,0,0,0,1,0,0,4,0,40.0606,-75.1776, , 
 ,56941,2014006870,6,67,67301,2013,12,2,1006,10,1,1,6,8,1, , ,N,1,2,0,3,0,1,2,2,N,N,39 56:51.180,75 09:33.213,1030, ,1020, ,0, ,N, ,3, , , , , ,624965, , , ,1,0,0,0,0,0,1,0,0,0,0,0,1,1,0,0,0,0,0,0,0,0,0,0,0,0,0,0,0,0,0,0,1,0,0,8,0,39.9476,-75.1592, , 
 ,56942,2013121389,6,67,67301,2013,11,1,1703,17,1,9,0,4,2, , ,N,1,2,0,3,0,1,1,3,N,N,40 02:36.502,75 07:25.564,1712, ,1710,1,2,5,N, ,3,Y, , , , ,624977, , , ,3,1,0,0,0,0,0,2,0,0,0,0,1,1,0,0,0,0,0,0,0,0,0,0,0,0,0,0,0,0,0,0,0,0,0,8,0,40.0435,-75.1238, , 
 ,56943,2013130057,6,67,67301,2013,10,5,1805,18,1,2,1,4,1, , ,N,1,2,0,3,0,1,3,2,N,N,40 03:58.061,75 03:46.964,1815, ,1811, ,0, , , ,3, , , , , ,625002, , , ,2,2,0,0,0,0,0,0,0,0,0,0,1,1,2,0,0,0,0,0,0,0,0,0,0,0,0,0,0,0,0,0,0,0,0,8,0,40.0661,-75.063, , 
 ,56944,2014006809,6,67,67301,2013,12,6,115,1,3,2,1,8,1, , ,N,5,2,0,3,0,1,2,2,N,N,40 01:47.791,75 09:11.771,120, ,119, ,0, ,N, ,3, , , , , ,625016, , , ,1,0,0,0,0,0,1,0,0,0,0,1,1,0,0,0,0,0,0,0,0,0,0,0,0,0,0,0,0,0,0,0,1,0,0,4,0,40.0299,-75.1533, , 
 ,56945,2014001095,6,67,67301,2013,11,1,130,1,3,1,0,4,1, , ,N,1,2,0,3,0,3,4,2,N,N,39 57:09.211,75 11:24.156,132, ,130,2,2,4,N, ,3,Y, , , , ,625030, , , ,2,2,0,0,0,0,0,0,0,0,0,3,3,0,0,0,0,0,0,0,0,0,0,2,0,0,0,0,0,0,0,0,0,0,0,4,0,39.9526,-75.19, , 
 ,56946,2013121399,6,67,67301,2013,10,5,1518,15,1,1,0,8,1, , ,N,0,0,0,3,0,1,3,2,N, ,39 55:37.196,75 10:52.986,1522, ,1520,1,1,1, , ,0,Y, , , , ,625048, , , ,1,1,0,0,0,0,0,0,0,0,0,0,1,1,0,0,0,0,0,0,0,0,0,0,0,0,0,0,0,0,0,0,1,0,0,8,0,39.927,-75.1814, , 
 ,56947,2013125855,6,67,67301,2013,11,6,1713,17,1,1,0,2,1, , ,N,1,2,0,3,0,1,3,3,N,N,39 58:19.903,75 14:41.959,1718, ,1715,9,2,1, , ,3,Y, , , , ,625055, , , ,3,2,0,0,0,0,0,0,0,0,0,0,1,1,0,0,0,0,0,0,0,0,0,1,0,0,0,0,0,0,0,0,0,0,0,8,0,39.9722,-75.2449, , 
 ,56948,2013125981,6,67,67301,2013,11,1,2015,20,3,1,0,8,1, , ,N,0,0,0,3,0,1,2,2,N,N,39 58:46.035,75 09:49.834,2019, ,2018, ,0, ,N, ,0, , , , , ,625056, , , ,1,0,0,0,0,0,0,0,0,0,0,1,1,0,1,0,0,0,0,0,0,0,0,0,0,0,0,0,0,0,0,0,1,0,0,4,0,39.9795,-75.1638, , 
 ,56949,2014003342,6,67,67301,2013,12,6,1326,13,1,1,0,4,1, , ,N,1,2,0,3,0,0,2,2,N, ,39 56:34.767,75 09:36.842,1328, ,1326, ,0, , , ,3, , , , , ,625083, , , ,2,1,0,0,1,0,0,0,0,0,0,0,0,0,0,0,0,0,0,0,0,0,0,0,0,0,0,0,0,0,0,0,0,0,0,0,0,39.943,-75.1602, , 
 ,56950,2013125903,6,67,67301,2013,11,2,9999,99,3,1,0,8,1, , ,N,0,0,0,3,0,1,2,2,N,N,39 59:13.881,75 10:52.753,1952, ,1942, ,0, ,N, ,0, , , , , ,627710, , , ,1,0,0,0,1,0,0,0,0,0,1,0,1,0,0,0,0,0,0,0,0,0,0,0,0,0,0,0,0,0,0,0,1,0,0,3,0,39.9872,-75.1813, , 
 ,56951,2013125984,6,67,67301,2013,11,4,1520,15,1,1,0,8,1, , ,N,0,0,0,3,0,1,2,2,N,N,40 02:10.225,75 04:00.896,1546, ,1534,1,2,2,N, ,0,Y, , , , ,627711, , , ,1,1,0,0,0,0,0,0,0,0,0,1,1,0,0,0,0,0,0,0,0,0,0,0,0,0,0,0,0,0,0,0,1,0,0,4,0,40.0362,-75.0669, , 
 ,56952,2014009780,6,67,67301,2013,12,3,30,0,3,1,0,4,1, , ,N,1,2,0,3,0,1,2,2,N,N,39 58:10.092,75 08:22.485,59, ,57, ,0, ,N, ,3, , , , , ,627725, , , ,2,1,0,0,0,0,1,0,0,0,0,0,1,1,0,0,0,0,0,0,1,0,0,0,0,0,0,0,0,0,0,0,0,0,0,8,0,39.9695,-75.1395, , 
 ,56953,2014009864,6,67,67301,2013,12,5,1615,16,1,1,0,4,1, , ,N,1,2,0,3,0,0,2,2,N,N,39 57:19.443,75 10:16.111,1628, ,1621, ,0, , , ,3, , , , , ,627726, , , ,2,1,0,0,1,0,0,0,0,0,0,0,0,0,0,0,0,0,0,0,1,0,0,2,0,0,0,0,0,0,0,0,0,0,0,0,0,39.9554,-75.1711, , 
 ,56954,2014019125,6,67,67301,2013,12,3,2000,20,3,1,0,8,1, , ,N,1,2,0,3,0,1,2,2,N,N,39 59:29.442,75 08:10.101,2005, ,2003, ,0, , , ,3, , , , , ,627727, , , ,1,1,0,0,0,0,0,0,0,0,1,0,1,0,0,0,0,0,0,0,0,1,0,0,0,0,0,0,0,0,0,0,1,0,0,3,0,39.9915,-75.1361, , 
 ,56955,2014015995,6,67,67301,2013,12,5,1630,16,1,1,0,1,1, , ,N,0,2,0,3,0,2,3,2,N,N,40 02:54.572,75 00:45.876,0, ,0, ,0, ,N, ,3, , , , , ,627772, , , ,2,2,0,0,0,0,0,0,0,1,1,0,2,0,1,0,0,0,0,0,0,0,0,0,0,0,0,1,0,0,0,0,0,0,0,2,0,40.0485,-75.0127, , 
 ,56956,2013121516,6,67,67301,2013,10,1,1747,17,4,1,0,4,1, , ,N,1,0,0,3,0,1,2,2,N,N,40 00:06.206,75 09:14.000,1800, ,1754, ,0, ,N, ,0, , , , , ,627776, , , ,2,2,0,0,0,0,0,0,0,0,0,0,1,1,0,0,0,0,0,0,0,0,0,0,0,0,0,0,0,0,0,0,0,0,0,8,0,40.0017,-75.1539, , 
 ,56957,2013129477,6,67,67301,2013,11,4,35,0,3,1,0,5,1, , ,N,0,0,0,3,0,1,2,2,Y,N,39 56:49.434,75 12:24.399,40, ,36, ,0, ,N, ,0, , , , , ,627799, , , ,2,1,0,1,0,0,0,0,0,0,0,0,1,1,0,0,0,0,0,0,1,0,0,0,0,0,0,0,0,0,0,0,0,0,0,8,1,39.9471,-75.2068, , 
 ,56958,2014001127,6,67,67301,2013,11,4,1024,10,1,2,1,4,1, , ,N,1,2,0,3,0,1,3,3,N,N,39 59:33.432,75 10:05.681,1028, ,1026,2,1,1,N, ,3,Y, , , , ,627803, , , ,3,3,0,0,0,0,0,0,0,0,0,0,1,1,0,0,0,0,0,0,1,0,0,0,0,0,0,0,0,0,0,0,0,0,0,8,0,39.9926,-75.1682, , 
 ,56959,2013108639,6,67,67301,2013,10,7,345,3,3,1,0,9,1, , ,N,0,0,0,3,0,0,1,1,N,N,39 59:55.370,75 11:43.733,354, ,347, ,0, ,N, ,0, , , , , ,627815, , , ,1,1,0,0,0,0,0,0,0,0,0,0,0,0,0,0,0,0,0,0,0,0,0,0,0,0,0,0,0,0,0,0,0,0,0,0,0,39.9987,-75.1955, , 
 ,56960,2013108945,6,67,67301,2013,9,7,2327,23,3,1,0,1,1, , ,N,0,0,0,3,1,0,4,3,N,N,40 01:08.677,75 06:54.012,2338, ,2331, ,0, ,N,0,0, , , , , ,627817, , , ,3,0,1,0,0,0,1,0,0,0,0,0,0,0,0,0,0,0,0,0,1,0,0,0,0,0,0,0,1,0,0,0,0,0,0,1,0,40.0191,-75.115,2, 
 ,56961,2014009948,6,67,67301,2013,12,7,2225,22,3,1,0,8,1, , ,N,0,0,2,3,1,0,2,2,N,N,39 57:50.298,75 08:19.664,2236, ,2227,3,2,4,N,0,0,Y, , , , ,627823, , , ,1,1,0,0,0,0,0,0,0,0,0,0,0,0,0,0,0,0,0,0,0,0,0,1,0,0,0,0,0,0,0,0,1,1,0,1,0,39.964,-75.1388,2, 
 ,56962,2014006857,6,67,67301,2013,12,3,1812,18,3,4,1,4,1, , ,N,0,0,7,3,0,1,12,3,N,N,40 00:29.191,75 12:41.685,1841, ,1836,3,1,1,N, ,0,Y, , , , ,627829, , , ,3,2,0,1,0,0,0,0,0,0,0,1,1,0,0,0,0,0,0,0,0,0,0,0,0,0,0,0,0,0,0,0,0,0,0,4,1,40.0081,-75.2116, , 
 ,56963,2014009829,6,67,67301,2013,12,6,855,8,1,1,0,4,1, , ,N,1,2,0,3,0,0,2,2,N,N,40 03:19.015,75 11:34.594,920, ,912, ,0, ,N, ,3, , , , , ,627830, , , ,2,2,0,0,0,0,0,0,0,0,0,0,0,0,1,0,0,0,0,0,0,1,0,0,0,0,0,0,0,0,0,0,0,0,0,9,0,40.0553,-75.1929, , 
 ,56964,2014022827,6,67,67301,2013,12,5,2330,23,3,1,0,7,5, , ,N,2,0,0,3,0,0,1,1,N,N,40 00:46.767,75 05:31.678,2335, ,2330, ,0, ,N, ,0, , , , , ,627832, , , ,1,1,0,0,0,0,0,0,0,0,0,0,0,0,1,0,0,0,1,0,0,0,0,0,0,0,0,0,0,0,0,0,0,0,0,9,0,40.013,-75.0921, , 
 ,56965,2013101738,6,67,67301,2013,8,3,907,9,1,1,0,7,2, , ,N,0,0,0,3,0,1,1,1,N, ,40 01:48.723,75 13:00.303,912, ,907, ,0, , , ,0, , , , , ,627835, , , ,1,1,0,0,0,0,0,0,0,0,0,1,1,0,0,0,0,0,0,0,0,0,0,0,0,0,0,0,0,0,0,0,0,0,0,4,0,40.0302,-75.2168, , 
 ,56966,2013111748,6,67,67301,2013,10,4,1701,17,1,1,0,6,1, , ,N,0,0,0,3,0,0,2,2,N,N,40 04:07.145,75 11:37.337,1725, ,1716,2,2,6,N, ,0,Y, , , , ,627846, , , ,2,1,0,0,0,0,0,1,0,0,0,0,0,0,0,0,0,0,0,0,0,0,0,0,0,0,0,0,0,0,0,0,0,0,0,0,0,40.0687,-75.1937, , 
 ,56967,2013121569,6,67,67301,2013,11,6,618,6,3,2,1,1,1, , ,N,2,3,0,3,0,6,6,2,N,N,40 04:07.628,75 02:24.845,648, ,625,2,1,2,N, ,3,N, , , , ,627852, , , ,2,1,0,0,0,0,0,1,0,0,1,5,6,0,0,0,0,0,0,0,0,0,0,1,0,0,0,0,0,0,0,0,0,0,0,3,0,40.0688,-75.0402, , 
 ,56968,2013123046,6,67,67301,2013,11,3,9999,99,1,1,0,5,2, , ,N,1,2,0,3,0,0,0,2,N,N,39 58:35.313,75 14:07.216,934, ,932, ,0, ,N, ,3, , , , , ,627853, , , ,2,1,0,0,1,0,0,0,0,0,0,0,0,0,0,0,0,0,0,0,0,0,0,0,0,0,0,0,0,0,0,0,0,0,0,9,0,39.9765,-75.2353, , 
 ,56969,2013074669,6,67,67301,2013,6,3,9999,99,1,1,0,4,1, , ,N,1,2,0,3,0,0,2,2,N,N,40 03:24.735,75 11:16.996,1500, ,1455, ,0, ,N, ,3, , , , , ,618983, , , ,2,1,0,0,0,0,1,0,0,0,0,0,0,0,0,0,0,0,0,0,1,0,0,2,0,0,0,0,0,0,0,0,0,0,0,0,0,40.0569,-75.1881, , 
 ,56970,2013096105,6,67,67301,2013,8,4,1700,17,1,1,0,8,1, , ,N,0,0,0,3,0,1,2,2,N,N,39 59:56.511,75 07:11.978,9999, ,9999, ,0, ,N, ,0, , , , , ,619002, , , ,1,1,0,0,0,0,0,0,0,0,0,0,1,1,0,0,0,0,0,0,0,0,0,0,0,0,0,0,0,0,0,0,1,0,0,8,0,39.999,-75.12, , 
 ,56971,2014006322,6,67,67301,2013,12,4,1345,13,1,1,0,5,1, , ,N,1,2,0,3,0,1,2,2,N, ,39 59:20.627,75 05:22.626,1433, ,1430, ,0, , , ,3, , , , , ,619023, , , ,2,0,0,0,0,0,1,1,0,0,1,0,1,0,0,0,0,0,0,0,0,0,0,0,0,0,0,0,0,0,0,0,0,0,0,3,0,39.9891,-75.0896, , 
 ,56972,2013106634,6,67,67301,2013,9,7,2121,21,3,1,0,0,1, , ,N,0,0,0,3,0,1,1,1,N, ,40 00:24.001,75 11:30.134,2127, ,2122,1,2,2, , ,0,Y, , , , ,619025, , , ,1,0,1,0,0,0,0,0,0,0,1,0,1,0,0,0,0,0,0,0,0,0,0,0,0,0,0,0,0,0,0,0,0,0,0,3,0,40.0067,-75.1917, , 
 ,56973,2013124664,6,67,67301,2013,10,5,1115,11,1,1,0,1,1, , ,N,0,0,0,3,0,0,4,3,N,N,39 57:12.450,75 11:50.017,1130, ,122, ,0, ,N, ,0, , , , , ,619031, , , ,3,3,0,0,0,0,0,0,0,0,0,0,0,0,0,0,0,0,0,0,1,1,0,0,0,0,0,0,0,0,0,0,0,0,0,0,0,39.9535,-75.1972, , 
 ,56974,2013124818,6,67,67301,2013,11,3,1210,12,1,2,1,7,4, , ,N,0,0,2,3,0,1,2,1,N,N,39 57:35.542,75 10:32.911,1210, ,1210, ,0, ,N, ,0, , , , , ,619032, , , ,1,1,0,0,0,0,0,0,0,0,0,1,1,0,0,0,0,0,0,0,1,0,0,1,0,0,0,0,0,0,0,0,0,0,0,4,0,39.9599,-75.1758, , 
 ,56975,2014003324,6,67,67301,2013,12,6,1908,19,3,1,8,4,1, , ,N,2,2,0,3,0,0,3,2,N,N,39 57:44.379,75 12:32.687,1919, ,1910,2,1,6,N, ,3,N, , , , ,619040, , , ,2,2,0,0,0,0,0,0,0,0,0,0,0,0,0,0,0,0,0,0,0,0,0,0,0,0,0,0,0,0,0,0,0,0,0,0,0,39.9623,-75.2089, , 
 ,56976,2013129392,6,67,67301,2013,11,3,830,8,1,1,0,1,1, , ,N,1,2,0,3,0,1,2,2,N,N,39 57:17.491,75 09:04.108,835, ,830, ,0, , , ,3, , , , , ,619053, , , ,2,2,0,0,0,0,0,0,0,0,0,0,1,1,0,0,0,0,0,0,0,0,0,0,0,0,0,0,0,0,0,0,0,0,0,8,0,39.9549,-75.1511, , 
 ,56977,2013121519,6,67,67301,2013,10,7,949,9,1,1,0,4,1, , ,N,1,2,0,3,0,1,3,2,N, ,40 04:51.077,75 01:43.585,951, ,949,2,1,1, , ,3,N, , , , ,619073, , , ,2,2,0,0,0,0,0,0,0,0,1,0,1,0,0,0,0,0,0,0,1,0,1,0,0,0,0,0,0,0,0,0,0,0,0,3,0,40.0809,-75.0288, , 
 ,56978,2013101233,6,67,67301,2013,9,7,9999,99,3,1,0,7,5, , ,N,3,2,6,3,0,1,2,2,N,N,40 01:34.840,75 05:50.934,0, ,9999,2,1,1,N, ,3,N, , , , ,619083, , , ,1,1,0,0,0,0,0,0,0,0,0,0,1,1,0,0,0,0,0,0,0,0,0,0,0,0,0,0,0,0,0,0,0,0,0,8,0,40.0261,-75.0968, , 
 ,56979,2013103945,6,67,67301,2013,9,1,2321,23,3,1,0,5,1, , ,N,1,2,0,3,0,3,4,3,N,N,39 55:01.859,75 14:46.691,2321, ,2321,3,2,7,N, ,3,Y, , , , ,619088, , , ,3,2,0,0,0,0,0,1,0,0,0,3,3,0,0,0,0,0,0,0,0,0,0,1,0,0,0,0,0,0,0,0,0,0,0,4,0,39.9172,-75.2463, , 
 ,56980,2013111732,6,67,67301,2013,10,3,2003,20,1,1,0,4,1, , ,N,1,2,0,3,0,7,15,2,N, ,39 57:23.708,75 09:08.591,2006, ,2003,2,2,3, , ,3,Y, , , , ,619103, , , ,2,1,0,1,0,0,0,0,0,0,0,1,7,6,3,0,0,0,0,0,0,0,0,0,0,0,0,0,0,0,0,0,0,0,0,4,1,39.9566,-75.1524, , 
 ,56981,2013123004,6,67,67301,2013,11,4,900,9,1,1,0,4,1, , ,N,0,0,7,3,0,3,9,2,N,N,39 54:25.839,75 08:16.153,900, ,900, ,0, ,N, ,0, , , , , ,619117, , , ,2,0,0,0,2,0,0,0,0,0,1,2,3,0,0,0,0,0,0,0,1,0,0,0,0,0,0,0,0,0,0,0,0,0,0,3,0,39.9072,-75.1378, , 
 ,56982,2014006838,6,67,67301,2013,12,2,840,8,1,4,4,7,3, , ,N,5,2,0,3,0,1,1,1,N,N,39 57:51.728,75 10:34.926,933, ,933, ,0, , , ,3, , , , , ,619127, , , ,1,1,0,0,0,0,0,0,0,0,0,0,1,1,0,0,0,0,0,0,1,0,0,0,0,0,0,0,0,0,0,0,0,0,0,8,0,39.9644,-75.1764, , 
 ,56983,2013117109,6,67,67301,2013,11,6,2221,22,3,1,0,5,2, , ,N,0,0,0,3,0,1,3,2,N,N,39 55:43.534,75 11:48.674,2225, ,2223,1,1,4,N, ,0,N, , , , ,619135, , , ,2,0,0,0,0,0,1,1,0,0,0,0,1,1,0,0,0,0,0,0,1,0,0,0,0,0,0,0,0,0,0,0,0,0,0,8,0,39.9288,-75.1969, , 
 ,56984,2013122977,6,67,67301,2013,11,7,1750,17,1,1,0,8,1, , ,N,0,0,0,3,0,1,2,2,N,N,40 02:48.994,75 06:14.220,2019, ,2019, ,0, ,N, ,0, , , , , ,619140, , , ,1,1,0,0,0,0,0,0,0,0,1,0,1,0,0,0,0,0,0,0,0,0,0,0,0,0,0,0,0,0,0,0,1,0,0,3,0,40.0469,-75.104, , 
 ,56985,2013130092,6,67,67301,2013,11,3,1319,13,1,1,0,4,1, , ,N,5,2,0,3,0,2,4,2,N,N,40 01:35.616,75 09:02.840,1322, ,1319,9,2,2,N, ,3,Y, , , , ,619149, , , ,2,2,0,0,0,0,0,0,0,0,0,0,2,2,0,0,0,0,0,1,0,0,0,0,0,0,0,0,0,0,0,0,0,0,0,8,0,40.0266,-75.1508, , 
 ,56986,2014013124,6,67,67301,2013,12,3,1138,11,1,1,0,4,1, , ,N,2,2,0,3,0,1,3,3,N,N,39 59:17.998,75 10:09.033,1140, ,1138, ,0, , , ,3, , , , , ,619157, , , ,3,2,0,0,1,0,0,0,0,0,0,1,1,0,1,0,0,0,0,0,1,0,0,0,0,0,0,0,0,0,0,0,0,0,0,4,0,39.9883,-75.1692, , 
 ,56987,2013130061,6,67,67301,2013,11,5,230,2,3,1,0,7,5, , ,N,0,0,0,3,0,0,1,1,N,N,40 01:04.889,75 12:07.270,237, ,233, ,0, ,N, ,0, , , , , ,621944, , , ,1,1,0,0,0,0,0,0,0,0,0,0,0,0,0,0,0,0,0,0,0,0,0,0,0,0,0,0,0,0,0,0,0,0,0,0,0,40.018,-75.202, , 
 ,56988,2013133079,6,67,67301,2013,10,7,1230,12,1,1,0,4,5, , ,N,0,0,0,3,1,3,5,2,N,N,40 05:25.500,75 00:30.500,1236, ,1233, ,0, ,N,0,0, , , , , ,621946, , , ,2,0,0,0,0,0,1,1,0,0,0,0,3,3,0,0,0,0,0,0,0,0,0,0,0,0,0,0,0,0,0,0,0,0,0,1,0,40.0904,-75.0085,2, 
 ,56989,2014009712,6,67,67301,2013,11,7,350,3,3,1,0,1,1, , ,N,5,2,2,3,0,0,2,2,N,N,39 57:28.586,75 09:50.892,405, ,353, ,0, ,N, ,3, , , , , ,621950, , , ,2,1,0,1,0,0,0,0,0,0,0,0,0,0,0,0,0,0,0,0,0,0,0,0,0,0,0,0,0,0,0,0,0,0,0,0,1,39.9579,-75.1641, , 
 ,56990,2013096478,6,67,67301,2013,8,1,1135,11,1,1,0,4,1, , ,N,1,2,0,3,0,1,2,2,N,N,40 01:28.650,75 03:26.326,1155, ,1150, ,0, ,N, ,3, , , , , ,621955, , , ,2,2,0,0,0,0,0,0,0,0,0,1,1,0,0,0,0,0,0,0,0,1,1,0,0,0,0,0,0,0,0,0,0,0,0,4,0,40.0246,-75.0573, , 
 ,56991,2013122999,6,67,67301,2013,10,4,830,8,1,2,1,8,1, , ,N,1,2,0,3,0,1,2,2,N,Y,39 55:26.584,75 13:39.696,1055, ,1043, ,0, ,N, ,3, , , , , ,621966, , , ,1,1,0,0,0,0,0,0,0,0,0,0,1,1,0,0,0,0,0,0,0,0,0,0,0,0,0,0,0,0,0,0,1,0,0,8,0,39.9241,-75.2277, , 
 ,56992,2013129398,6,67,67301,2013,11,2,1828,18,3,1,0,1,1, , ,N,0,0,0,3,0,1,3,2,N,N,39 58:29.197,75 14:17.667,1830, ,1830, ,0, ,N, ,0, , , , , ,621990, , , ,2,1,0,0,0,0,0,1,0,0,0,0,1,1,0,0,0,0,0,1,1,0,0,0,0,0,0,0,0,0,0,0,0,0,0,8,0,39.9748,-75.2382, , 
 ,56993,2013101192,6,67,67301,2013,8,3,1427,14,1,1,8,8,6, , ,N,0,0,0,3,0,1,2,2,N,N,40 02:50.332,75 07:48.549,1441, ,1439, ,0, ,N, ,0, , , , , ,621997, , , ,1,0,0,0,0,0,1,0,0,0,0,0,1,1,0,0,0,0,0,0,0,0,1,0,0,0,0,0,0,0,0,0,1,0,0,8,0,40.0473,-75.1302, , 
 ,56994,2013095978,6,67,67301,2013,8,4,15,0,3,1,0,4,1, , ,N,5,2,0,3,0,1,3,2,N,N,40 01:37.895,75 03:44.712,21, ,21, ,0, , , ,3, , , , , ,622021, , , ,2,1,0,0,0,0,1,0,0,0,0,0,1,1,0,0,0,0,0,0,1,0,0,0,0,0,0,0,0,0,0,0,0,0,0,8,0,40.0275,-75.0624, , 
 ,56995,2013101139,6,67,67301,2013,8,6,1506,15,1,1,0,4,1, , ,N,5,2,0,3,0,0,2,2,N,N,39 59:13.382,75 07:20.404,1547, ,1537,2,1,1,N, ,3,N, , , , ,622030, , , ,2,1,0,0,1,0,0,0,0,0,0,0,0,0,1,0,0,0,0,1,0,0,0,0,0,0,0,0,0,0,0,0,0,0,0,9,0,39.9871,-75.1223, , 
 ,56996,2013101234,6,67,67301,2013,9,2,1857,18,1,1,0,8,1, , ,N,0,0,0,3,0,1,3,2,N, ,40 02:19.978,75 03:03.081,1900, ,1857, ,0, , , ,0, , , , , ,622031, , , ,1,1,0,0,0,0,0,0,0,0,0,1,1,0,0,0,0,0,0,0,0,0,0,2,0,0,0,0,0,0,0,0,1,0,0,4,0,40.0389,-75.0509, , 
 ,56997,2013117119,6,67,67301,2013,11,2,450,4,3,2,1,7,4, , ,N,0,0,0,3,0,1,1,1,N,N,39 58:51.575,75 12:23.636,452, ,451, ,0, ,N, ,0, , , , , ,622040, , , ,1,1,0,0,0,0,0,0,0,0,0,1,1,0,0,0,0,0,0,0,0,0,0,1,0,0,0,0,0,0,0,0,0,0,0,4,0,39.981,-75.2066, , 
 ,56998,2013121537,6,67,67301,2013,10,6,1050,10,1,1,0,1,1, , ,N,1,0,0,3,0,1,3,2,N, ,40 03:44.276,75 00:42.800,1057, ,1050, ,0, , , ,0, , , , , ,622043, , , ,2,1,0,0,0,0,0,1,0,0,1,0,1,0,0,0,0,0,0,0,0,0,1,0,0,0,0,0,0,0,0,0,0,0,0,3,0,40.0623,-75.0119, , 
 ,56999,2014000439,6,67,67301,2013,11,3,1243,12,1,2,1,4,1, , ,N,1,3,0,3,0,2,3,2,N,N,40 02:39.763,75 01:49.950,1243, ,1243,1,1,3,N, ,3,N, , , , ,622087, , , ,2,2,0,0,0,0,0,0,0,0,0,0,2,2,0,0,0,1,0,0,0,0,0,0,0,0,0,0,0,0,0,0,0,0,0,8,0,40.0444,-75.0305, , 
 ,57000,2013111779,6,67,67301,2013,10,6,1727,17,1,2,1,1,1, , ,N,0,0,0,3,0,0,3,3,N, ,39 56:42.334,75 09:00.262,1735, ,1730,3,2,1, , ,0,Y, , , , ,622104, , , ,3,2,0,0,0,0,1,0,0,0,0,0,0,0,0,0,0,0,0,0,2,0,0,0,0,0,0,0,0,0,0,0,0,0,0,0,0,39.9451,-75.1501, , 