wz_ln_closure,objectid_1,crn,district,county,municipality,crash_year,crash_month,day_of_week,time_of_day,hour_of_day,illumination,weather,road_condition,collision_type,relation_to_road,work_zone_type,work_zone_loc,work_zone_ind,intersect_type,tcd_type,location_type,urban_rural,fatal_count,injury_count,person_count,total_units,sch_bus_ind,sch_zone_ind,latitude,longitude,arrival_tm,cons_zone_spd_lim,dispatch_tm,est_hrs_closed,lane_closed,ln_close_dir,ntfy_hiwy_maint,spec_juris_cd,tcd_func_cd,tfc_detour_ind,workers_pres,wz_close_detour,wz_flagger,wz_law_offcr_ind,objectid,wz_moving,wz_other,wz_shlder_mdn,vehicle_count,automobile_count,motorcycle_count,bus_count,small_truck_count,heavy_truck_count,suv_count,van_count,bicycle_count,maj_inj_count,mod_inj_count,min_inj_count,tot_inj_count,unk_inj_deg_count,unk_inj_per_count,driver_count_16yr,driver_count_17yr,driver_count_18yr,driver_count_19yr,driver_count_20yr,driver_count_50_64yr,driver_count_65_74yr,driver_count_75plus,unbelted_occ_count,unb_death_count,unb_maj_inj_count,belted_death_count,belted_maj_inj_count,mcycle_death_count,mcycle_maj_inj_count,bicycle_death_count,bicycle_maj_inj_count,ped_count,ped_death_count,ped_maj_inj_count,max_severity_level,comm_veh_count,dec_lat,dec_long,rdwy_surf_type_cd,county_name
 ,57334,2012037397,6,67,67301,2012,2,1,255,2,3,1,0,7,5, , ,N,0,0,0,3,0,0,3,1,N,N,39 56:54.023,75 09:56.360,255, ,255, ,0, ,N, ,0, , , , , ,657006, , , ,1,1,0,0,0,0,0,0,0,0,0,0,0,0,0,0,0,0,0,0,0,0,0,3,0,0,0,0,0,0,0,0,0,0,0,0,0,39.9483,-75.1657, , 
 ,57335,2012009429,6,67,67301,2012,1,1,2200,22,3,1,0,7,4, , ,N,1,2,0,3,1,0,1,1,N,N,39 59:10.777,75 07:54.659,2256, ,2253, ,0, ,N,0,3, , , , , ,657029, , , ,1,0,1,0,0,0,0,0,0,0,0,0,0,0,0,0,0,0,0,0,1,0,0,0,0,0,0,0,1,0,0,0,0,0,0,1,0,39.9863,-75.1318,2, 
 ,57336,2012019955,6,67,67301,2012,1,7,9999,99,3,1,0,1,2, , ,N,1,3,0,3,0,0,1,2,N, ,39 55:21.032,75 10:30.075,249, ,248, ,0, , , ,3, , , , , ,657040, , , ,2,2,0,0,0,0,0,0,0,0,0,0,0,0,0,0,0,0,0,0,0,0,0,0,0,0,0,0,0,0,0,0,0,0,0,0,0,39.9225,-75.175, , 
 ,57337,2012042212,6,67,67301,2012,3,2,9999,99,1,1,0,1,1, , ,N,0,2,0,3,0,0,3,2,N,N,40 00:13.881,75 10:13.544,9999, ,9999, ,0, ,N, ,3, , , , , ,657054, , , ,2,1,0,0,0,0,1,0,0,0,0,0,0,0,0,0,0,0,0,0,0,2,0,0,0,0,0,0,0,0,0,0,0,0,0,0,0,40.0039,-75.1704, , 
 ,57338,2012060926,6,67,67301,2012,6,6,1236,12,1,1,0,1,1, , ,N,0,0,0,3,0,0,3,2,N,N,39 58:00.669,75 11:15.678,1257, ,1240,2,1,4,N, ,0,N, , , , ,657066, , , ,2,1,0,0,0,1,0,0,0,0,0,0,0,0,2,0,0,0,0,0,0,0,0,0,0,0,0,0,0,0,0,0,0,0,0,9,1,39.9669,-75.1877, , 
 ,57339,2012036970,6,67,67301,2012,3,6,1555,15,1,1,0,8,1, , ,N,0,0,0,3,0,1,2,2,N, ,39 56:59.776,75 13:37.070,1600, ,1556,1,1,2, , ,0,Y, , , , ,657097, , , ,1,1,0,0,0,0,0,0,0,0,0,1,1,0,0,0,0,0,0,0,0,0,0,0,0,0,0,0,0,0,0,0,1,0,0,4,0,39.9499,-75.227, , 
 ,57340,2012083151,6,67,67301,2012,8,5,2310,23,3,1,0,7,5, , ,N,0,0,0,3,0,2,2,1,N,N,40 00:56.360,75 07:46.274,2314, ,2312,9,2,5, , ,0,Y, , , , ,657120, , , ,1,1,0,0,0,0,0,0,0,0,0,0,2,2,0,0,0,0,0,0,0,0,0,0,0,0,0,0,0,0,0,0,0,0,0,8,0,40.0157,-75.1295, , 
 ,57341,2012020499,6,67,67301,2012,2,4,1003,10,1,1,0,4,1, , ,N,2,3,0,3,0,0,3,2,N,N,40 01:45.719,75 06:22.862,1006, ,1004, ,0, ,N, ,3, , , , , ,657136, , , ,2,1,0,0,0,0,1,0,0,0,0,0,0,0,0,0,0,0,0,0,1,0,0,0,0,0,0,0,0,0,0,0,0,0,0,0,0,40.0294,-75.1063, , 
 ,57342,2012027754,6,67,67301,2012,2,6,800,8,1,1,0,4,1, , ,N,1,3,0,3,0,1,3,2,N,N,39 59:39.829,75 06:16.585,830, ,815, ,0, ,N, ,3, , , , , ,657148, , , ,2,2,0,0,0,0,0,0,0,0,0,0,1,1,0,0,0,0,0,0,0,0,0,0,0,0,0,0,0,0,0,0,0,0,0,8,0,39.9944,-75.1046, , 
 ,57343,2012034789,6,67,67301,2012,3,1,1807,18,6,1,0,4,1, , ,N,1,3,0,3,0,3,5,2,N,N,40 02:09.373,75 02:08.044,1810, ,1810,1,2,1,N, ,3,Y, , , , ,657155, , , ,2,2,0,0,0,0,0,0,0,0,0,3,3,0,0,0,0,1,0,0,0,0,0,0,0,0,0,0,0,0,0,0,0,0,0,4,0,40.0359,-75.0356, , 
 ,57344,2012036777,6,67,67301,2012,3,6,900,9,1,1,0,7,5, , ,N,0,0,0,3,0,2,2,1,N,N,39 58:12.770,75 15:41.540,908, ,903, ,0, , , ,0, , , , , ,657158, , , ,1,1,0,0,0,0,0,0,0,0,1,1,2,0,0,0,0,0,0,0,0,0,0,0,0,0,0,0,0,0,0,0,0,0,0,3,0,39.9702,-75.2615, , 
 ,57345,2012005579,6,67,67301,2012,1,5,1835,18,3,5,1,1,1, , ,N,0,0,0,3,0,2,3,2,N,N,39 58:53.603,75 06:08.255,1847, ,1840, ,0, ,N, ,0, , , , , ,657176, , , ,2,2,0,0,0,0,0,0,0,0,0,2,2,0,0,0,0,0,0,0,0,0,0,0,0,0,0,0,0,0,0,0,0,0,0,4,0,39.9816,-75.1022, , 
 ,57346,2012039817,6,67,67301,2012,3,4,1330,13,1,1,0,1,1, , ,N,0,0,0,3,0,1,2,2,N,N,39 58:04.278,75 12:40.622,9999, ,1330, ,0, ,N, ,0, , , , , ,657205, , , ,2,1,0,0,1,0,0,0,0,0,0,1,1,0,0,0,0,0,0,0,1,0,0,0,0,0,0,0,0,0,0,0,0,0,0,4,0,39.9679,-75.2113, , 
 ,57347,2012041821,6,67,67301,2012,4,2,155,1,3,2,1,7,4, , ,N,0,0,0,3,0,0,1,1,N,N,39 58:59.753,75 12:28.865,155, ,155,9,9, ,N, ,0,U, , , , ,657210, , , ,1,1,0,0,0,0,0,0,0,0,0,0,0,0,0,0,0,0,0,0,1,0,0,0,0,0,0,0,0,0,0,0,0,0,0,0,0,39.9833,-75.208, , 
 ,57348,2012015510,6,67,67301,2012,1,1,1520,15,1,1,0,8,1, , ,N,0,0,0,3,0,1,2,2,N,N,40 01:41.090,75 09:42.798,1800, ,1800, ,0, , , ,0, , , , , ,657225, , , ,1,0,0,0,1,0,0,0,0,0,0,1,1,0,1,0,0,0,0,0,0,0,0,1,0,0,0,0,0,0,0,0,1,0,0,4,0,40.0281,-75.1619, , 
 ,57349,2012015431,6,67,67301,2012,1,6,627,6,1,1,0,8,1, , ,N,0,2,7,3,0,1,2,2,N,N,39 54:13.690,75 14:29.830,627, ,742, ,0, ,N, ,3, , , , , ,657272, , , ,1,0,0,0,0,0,0,0,0,0,0,1,1,0,0,0,0,0,0,0,0,0,0,0,0,0,0,0,0,0,0,0,1,0,0,4,0,39.9038,-75.2416, , 
 ,57350,2012032578,6,67,67301,2012,2,5,2130,21,3,2,1,4,1, , ,N,0,0,0,3,0,1,2,2,N,N,40 00:46.813,75 12:03.600,2140, ,2134, ,0, ,N, ,0, , , , , ,657281, , , ,2,1,0,0,1,0,0,0,0,0,0,1,1,0,0,0,0,0,0,0,1,0,0,1,0,0,0,0,0,0,0,0,0,0,0,4,0,40.013,-75.201, , 
 ,57351,2012032622,6,67,67301,2012,2,4,747,7,1,1,0,8,1, , ,N,2,3,0,3,0,1,2,2,N, ,40 00:44.924,75 06:09.172,940, ,930, ,0, , , ,3, , , , , ,657282, , , ,1,1,0,0,0,0,0,0,0,0,0,1,1,0,0,0,0,0,0,0,0,0,0,0,0,0,0,0,0,0,0,0,1,0,0,4,0,40.0125,-75.1025, , 
 ,57352,2012017875,6,67,67301,2012,1,5,1746,17,3,1,0,1,1, , ,N,1,2,0,3,0,1,2,2,N,N,40 05:53.765,75 02:49.794,1751, ,1749, ,0, ,N, ,3, , , , , ,660017, , , ,2,2,0,0,0,0,0,0,0,0,0,1,1,0,0,0,0,0,0,0,0,0,0,0,0,0,0,0,0,0,0,0,0,0,0,4,0,40.0984,-75.0471, , 
 ,57353,2012032680,6,67,67301,2012,2,6,1934,19,3,1,0,4,1, , ,N,1,3,0,3,0,2,3,2,N,N,39 55:02.791,75 14:02.756,1934, ,1934, ,0, ,N, ,3, , , , , ,660025, , , ,2,1,0,0,0,0,0,1,0,0,0,0,2,2,0,0,0,0,0,0,0,0,0,0,0,0,0,0,0,0,0,0,0,0,0,8,0,39.9174,-75.2341, , 
 ,57354,2012048877,6,67,67301,2012,4,2,9999,99,3,1,0,8,1, , ,N,0,0,0,3,0,1,2,2,N,N,39 59:01.185,75 07:31.583,2010, ,1958, ,0, , , ,0, , , , , ,660041, , , ,1,1,0,0,0,0,0,0,0,0,0,1,1,0,0,0,0,0,0,0,0,0,0,0,0,0,0,0,0,0,0,0,1,0,0,4,0,39.9837,-75.1254, , 
 ,57355,2012055791,6,67,67301,2012,5,7,813,8,1,1,0,1,1, , ,N,0,0,0,3,0,0,6,4,N,N,39 57:36.543,75 10:48.451,824, ,818,2,2,4,N, ,0,N, , , , ,660048, , , ,4,3,0,0,0,0,1,0,0,0,0,0,0,0,0,0,0,0,0,0,2,0,0,0,0,0,0,0,0,0,0,0,0,0,0,0,0,39.9602,-75.1801, , 
 ,57356,2012026240,6,67,67301,2012,2,2,913,9,1,1,0,1,1, , ,N,0,0,7,3,0,1,2,2,N,N,40 00:40.056,75 09:51.282,915, ,913,2,2,4,N, ,0,N, , , , ,660076, , , ,2,0,0,1,0,0,1,0,0,0,0,0,1,1,0,0,0,0,0,0,0,0,0,0,0,0,0,0,0,0,0,0,0,0,0,8,1,40.0111,-75.1643, , 
 ,57357,2012034284,6,67,67301,2012,3,5,1637,16,1,1,0,1,1, , ,N,0,0,0,3,0,1,2,2,N,N,39 55:50.532,75 11:56.042,1644, ,1644,1,1,3,Y, ,0,Y, , , , ,660091, , , ,2,1,0,0,1,0,0,0,0,0,0,0,1,1,0,0,0,0,0,0,0,0,0,0,0,0,0,0,0,0,0,0,0,0,0,8,0,39.9307,-75.1989, , 
 ,57358,2012041660,6,67,67301,2012,3,7,1745,17,1,1,0,4,1, , ,N,1,3,0,3,0,1,2,2,N, ,40 02:12.433,75 04:09.245,1745, ,1745,1,1,1, , ,3,N, , , , ,660099, , , ,2,2,0,0,0,0,0,0,0,0,0,1,1,0,0,0,0,0,0,0,0,0,0,0,0,0,0,0,0,0,0,0,0,0,0,4,0,40.0368,-75.0692, , 
 ,57359,2012012664,6,67,67301,2012,1,1,1210,12,1,1,0,4,1, , ,N,1,2,0,3,0,2,4,2,N,N,39 56:53.161,75 09:15.143,1220, ,1218, ,0, , , ,3, , , , , ,660114, , , ,2,2,0,0,0,0,0,0,0,0,0,1,2,1,0,0,0,0,0,0,0,0,0,0,0,0,0,0,0,0,0,0,0,0,0,4,0,39.9481,-75.1542, , 
 ,57360,2012036976,6,67,67301,2012,3,3,1530,15,1,1,0,4,1, , ,N,1,2,0,3,0,4,5,2,N,N,40 00:34.803,75 09:16.041,1542, ,1537,1,1,4, , ,3,Y, , , , ,660135, , , ,2,1,0,0,1,0,0,0,0,0,0,4,4,0,0,0,0,0,0,0,0,0,0,0,0,0,0,0,0,0,0,0,0,0,0,4,0,40.0097,-75.1544, , 
 ,57361,2012013442,6,67,67301,2012,1,6,1650,16,1,1,0,4,1, , ,N,1,3,0,3,0,0,2,2,N,N,39 55:58.044,75 09:04.089,1720, ,1704, ,0, ,N, ,3, , , , , ,660165, , , ,2,2,0,0,0,0,0,0,0,0,0,0,0,0,0,0,0,0,0,0,1,0,0,2,0,0,0,0,0,0,0,0,0,0,0,0,0,39.9328,-75.1511, , 
 ,57362,2012036928,6,67,67301,2012,2,6,1440,14,1,2,1,4,1, , ,N,1,2,0,3,0,2,2,2,N,N,39 55:36.102,75 11:15.812,1448, ,1444, ,0, ,N, ,3, , , , , ,660191, , , ,2,1,0,0,1,0,0,0,0,0,0,0,2,2,0,0,0,0,0,0,0,0,0,0,0,0,0,0,0,0,0,0,0,0,0,8,0,39.9267,-75.1879, , 
 ,57363,2012041465,6,67,67301,2012,3,3,2120,21,3,1,0,1,1, , ,N,0,0,0,3,0,2,2,3,N,N,40 01:43.545,75 10:25.543,2126, ,2121,1,2,5,N, ,0,Y, , , , ,660197, , , ,3,2,0,0,1,0,0,0,0,0,0,0,2,2,0,0,0,0,0,0,1,0,0,0,0,0,0,0,0,0,0,0,0,0,0,8,0,40.0288,-75.1738, , 
 ,57364,2012012796,6,67,67301,2012,1,5,606,6,3,2,7,7,3, , ,N,0,0,0,3,0,1,1,1,N,N,39 59:54.550,75 11:44.115,623, ,623,1,1,4,N, ,0,N, , , , ,660206, , , ,1,1,0,0,0,0,0,0,0,0,0,1,1,0,0,0,0,0,0,0,0,0,0,0,0,0,0,0,0,0,0,0,0,0,0,4,0,39.9985,-75.1956, , 
 ,57365,2012028500,6,67,67301,2012,2,5,1530,15,1,1,0,1,1, , ,N,1,2,0,3,0,1,3,2,N,N,40 00:31.611,75 08:51.010,9999, ,1530, ,0, ,N, ,3, , , , , ,660221, , , ,2,2,0,0,0,0,0,0,0,0,0,1,1,0,2,0,0,0,0,0,0,0,0,0,0,0,0,0,0,0,0,0,0,0,0,4,0,40.0088,-75.1476, , 
 ,57366,2012032582,6,67,67301,2012,2,3,1910,19,3,1,0,4,1, , ,N,1,2,0,3,0,0,2,2,N,N,40 04:51.806,75 01:43.881,1912, ,1912,1,1,4,N, ,3,N, , , , ,660222, , , ,2,2,0,0,0,0,0,0,0,0,0,0,0,0,0,0,0,0,0,0,0,0,0,0,0,0,0,0,0,0,0,0,0,0,0,0,0,40.0811,-75.0289, , 
 ,57367,2012047189,6,67,67301,2012,4,7,350,3,3,1,0,7,5, , ,N,2,2,0,3,0,0,2,1,N,N,39 55:23.732,75 13:14.087,351, ,350,9,2,7,N, ,3,Y, , , , ,660229, , , ,1,1,0,0,0,0,0,0,0,0,0,0,0,0,1,0,0,0,0,0,0,0,0,0,0,0,0,0,0,0,0,0,0,0,0,9,0,39.9233,-75.2206, , 
 ,57368,2012064020,6,67,67301,2012,5,2,1112,11,1,2,1,8,1, , ,N,1,2,0,3,0,1,2,2,N,N,40 05:41.851,75 00:55.548,1118, ,1113,1,1,2,N, ,3,N, , , , ,660239, , , ,1,0,0,0,0,0,0,1,0,0,0,0,1,1,0,0,0,0,0,0,0,0,0,0,0,0,0,0,0,0,0,0,1,0,0,8,0,40.095,-75.0154, , 
 ,57369,2012068906,6,67,67301,2012,6,7,1912,19,1,1,0,9,1, , ,N,0,0,0,3,0,1,4,1,N,N,39 59:22.549,75 10:32.109,1916, ,1914, ,0, , , ,0, , , , , ,660242, , , ,1,1,0,0,0,0,0,0,0,0,0,0,1,1,0,0,0,0,0,0,0,0,0,0,0,0,0,0,0,0,0,0,0,0,0,8,0,39.9896,-75.1756, , 
 ,57370,2012027992,6,67,67301,2012,3,6,1853,18,3,2,1,1,1, , ,N,0,0,0,3,0,4,10,6,N,N,39 55:15.750,75 11:26.484,1854, ,1853,3,2,4,N, ,0,Y, , , , ,666879, , , ,6,6,0,0,0,0,0,0,0,0,0,4,4,0,0,0,0,0,0,0,2,0,0,0,0,0,0,0,0,0,0,0,0,0,0,4,0,39.921,-75.1907, , 
 ,57371,2012049752,6,67,67301,2012,4,3,1310,13,1,1,0,8,6, , ,N,0,0,0,3,0,1,2,2,N, ,39 57:42.891,75 09:59.356,1330, ,1326, ,0, , , ,0, , , , , ,666896, , , ,1,0,0,0,0,0,1,0,0,0,0,1,1,0,0,0,0,0,0,0,1,0,0,0,0,0,0,0,0,0,0,0,1,0,0,4,0,39.9619,-75.1665, , 
 ,57372,2012017882,6,67,67301,2012,1,6,1220,12,1,1,0,4,1, , ,N,0,0,0,3,0,1,3,4,N,N,39 59:27.217,75 09:18.473,1228, ,1225, ,0, ,N, ,0, , , , , ,666907, , , ,4,3,0,0,0,0,0,1,0,0,0,1,1,0,0,0,0,0,0,0,1,0,0,0,0,0,0,0,0,0,0,0,0,0,0,4,0,39.9909,-75.1551, , 
 ,57373,2012049252,6,67,67301,2012,4,1,2245,22,3,1,0,4,1, , ,N,2,3,0,3,1,7,8,2,N,N,40 03:32.594,75 09:52.598,2247, ,2246,4,2,5,N,0,3,Y, , , , ,666931, , , ,2,0,0,0,0,1,1,0,0,1,1,0,7,5,0,0,0,0,0,0,0,0,0,1,0,1,0,0,0,0,0,0,0,0,0,1,1,40.0591,-75.1646,2, 
 ,57374,2012063962,6,67,67301,2012,5,6,1300,13,1,1,0,1,1, , ,N,2,0,0,3,0,0,3,2,N, ,40 07:10.776,75 00:31.301,1308, ,1307,1,1,3, , ,0,N, , , , ,666946, , , ,2,1,0,0,1,0,0,0,0,0,0,0,0,0,0,0,0,0,0,0,0,0,0,0,0,0,0,0,0,0,0,0,0,0,0,0,0,40.1197,-75.0087, , 
 ,57375,2012010993,6,67,67301,2012,1,3,429,4,3,1,1,0,1, , ,N,0,0,1,3,0,1,1,1,N,N,39 57:40.122,75 08:23.907,435, ,431, ,0, ,N, ,0, , , , , ,666955, , , ,1,0,0,0,0,1,0,0,0,0,0,0,1,1,0,0,0,0,0,0,0,0,0,0,0,0,0,0,0,0,0,0,0,0,0,8,1,39.961,-75.14, , 
 ,57376,2012012149,6,67,67301,2012,1,3,842,8,1,1,0,1,1, , ,N,0,0,0,3,0,1,2,3,N,N,40 01:55.337,75 04:59.158,850, ,840,2,1,1,N, ,0,N, , , , ,666957, , , ,2,1,0,0,0,1,0,0,0,0,1,0,1,0,0,0,0,0,0,0,1,0,0,0,0,0,0,0,0,0,0,0,1,0,0,3,1,40.032,-75.0831, , 
 ,57377,2012015476,6,67,67301,2012,1,1,220,2,3,1,0,8,1, , ,N,1,3,0,3,0,1,2,2,N,N,39 56:59.046,75 13:15.470,225, ,223, ,0, ,N, ,3, , , , , ,666958, , , ,1,1,0,0,0,0,0,0,1,0,1,0,1,0,0,0,0,0,1,0,0,0,0,0,0,0,0,0,0,0,0,0,0,0,0,3,0,39.9497,-75.221, , 
 ,57378,2012026172,6,67,67301,2012,1,2,1130,11,1,1,0,8,1, , ,N,1,0,0,3,0,2,3,3,N, ,40 02:18.535,75 09:30.398,1730, ,1728, ,0, , , ,0, , , , , ,666966, , , ,1,1,0,0,0,0,0,0,0,0,0,2,2,0,0,0,0,0,0,0,0,0,0,0,0,0,0,0,0,0,0,0,2,0,0,4,0,40.0385,-75.1584, , 
 ,57379,2012020605,6,67,67301,2012,1,5,2345,23,3,2,1,8,9, , ,N,2,3,0,3,0,1,2,2,N,Y,39 59:59.406,75 06:53.294,10, ,2358, ,0, ,N, ,3, , , , , ,667014, , , ,1,1,0,0,0,0,0,0,0,0,0,1,1,0,1,0,0,0,0,0,0,0,0,1,0,0,0,0,0,0,0,0,1,0,0,4,0,39.9998,-75.1148, , 
 ,57380,2012021474,6,67,67301,2012,2,2,1609,16,1,1,0,1,1, , ,N,0,0,0,3,0,2,5,3,N,N,39 58:36.287,75 06:49.096,1620, ,1611,2,1,1,N, ,0,N, , , , ,667016, , , ,3,2,0,0,1,0,0,0,0,0,0,0,2,2,0,0,0,0,0,0,0,0,0,0,0,0,0,0,0,0,0,0,0,0,0,8,0,39.9767,-75.1138, , 
 ,57381,2012032694,6,67,67301,2012,2,1,9999,99,1,1,0,4,1, , ,N,1,2,0,3,0,2,2,2,N, ,39 57:20.098,75 14:02.378,950, ,930, ,0, , , ,3, , , , , ,667023, , , ,2,2,0,0,0,0,0,0,0,0,0,0,2,2,0,0,0,0,0,0,1,0,0,0,0,0,0,0,0,0,0,0,0,0,0,8,0,39.9556,-75.234, , 
 ,57382,2012042110,6,67,67301,2012,3,7,1305,13,1,2,1,7,3, , ,N,0,0,3,3,0,1,1,1,N,N,39 55:11.579,75 12:06.447,1324, ,1318, ,0, ,N, ,0, , , , , ,667033, , , ,1,1,0,0,0,0,0,0,0,0,0,1,1,0,0,0,0,0,0,0,0,0,0,0,0,0,0,0,0,0,0,0,0,0,0,4,0,39.9199,-75.2017, , 
 ,57383,2012011258,6,67,67301,2012,1,5,1328,13,1,1,0,7,2, , ,N,7,0,2,3,0,0,1,1,N,N,40 00:25.453,75 11:59.522,1336, ,1332, ,0, ,N, ,0, , , , , ,667049, , , ,1,1,0,0,0,0,0,0,0,0,0,0,0,0,0,0,0,0,0,1,0,0,0,0,0,0,0,0,0,0,0,0,0,0,0,0,0,40.0088,-75.2049, , 
 ,57384,2012015377,6,67,67301,2012,1,7,124,1,3,1,0,4,1, , ,N,2,3,0,3,0,1,2,2,N,N,40 01:48.932,75 09:55.842,130, ,126, ,0, ,N, ,3, , , , , ,667056, , , ,2,2,0,0,0,0,0,0,0,0,0,1,1,0,0,0,0,0,0,0,0,0,0,0,0,0,0,0,0,0,0,0,0,0,0,4,0,40.0303,-75.1655, , 
 ,57385,2012020419,6,67,67301,2012,1,1,511,5,3,1,0,2,1, , ,N,0,0,0,3,0,1,2,2,N, ,40 00:22.196,75 05:25.947,518, ,512,2,1,1, , ,0,N, , , , ,667062, , , ,2,2,0,0,0,0,0,0,0,0,0,1,1,0,0,0,0,0,0,0,0,0,0,0,0,0,0,0,0,0,0,0,0,0,0,4,0,40.0061,-75.0907, , 
 ,57386,2012034703,6,67,67301,2012,3,7,1220,12,1,1,0,4,1, , ,N,0,0,7,3,0,0,2,2,N, ,39 54:51.605,75 13:16.915,1235, ,1224, ,0, , , ,0, , , , , ,667073, , , ,2,2,0,0,0,0,0,0,0,0,0,0,0,0,0,0,0,0,0,0,0,0,1,0,0,0,0,0,0,0,0,0,0,0,0,0,0,39.913,-75.2217, , 
 ,57387,2012036904,6,67,67301,2012,3,2,1145,11,1,1,0,1,1, , ,N,2,2,7,3,0,1,2,2,N,N,39 56:42.550,75 08:30.536,1215, ,1210,2,1,1,N, ,3,N, , , , ,667078, , , ,2,1,0,0,0,0,0,1,0,0,0,1,1,0,0,0,0,0,0,0,0,0,0,0,0,0,0,0,0,0,0,0,0,0,0,4,0,39.9452,-75.1418, , 
 ,57388,2012041619,6,67,67301,2012,1,2,1408,14,1,1,0,7,2, , ,N,0,0,0,3,0,1,1,1,N, ,40 02:17.853,75 01:09.671,1412, ,1410, ,0, , , ,0, , , , , ,663861, , , ,1,0,0,0,0,0,0,1,0,0,0,0,1,1,0,0,0,0,0,0,0,0,1,0,0,0,0,0,0,0,0,0,0,0,0,8,0,40.0383,-75.0194, , 
 ,57389,2012042167,6,67,67301,2012,3,2,805,8,1,1,0,4,1, , ,N,1,0,0,3,0,3,4,2,N,N,39 56:18.900,75 11:54.432,815, ,809, ,0, ,N, ,0, , , , , ,663862, , , ,2,1,0,0,0,0,1,0,0,0,0,2,3,1,0,0,0,0,0,0,0,0,0,0,0,0,0,0,0,0,0,0,0,0,0,4,0,39.9386,-75.1985, , 
 ,57390,2012013411,6,67,67301,2012,2,6,1326,13,1,1,0,5,1, , ,N,1,2,0,3,0,0,4,3,N,N,39 57:12.978,75 09:54.168,1350, ,1331,3,1,4,N, ,3,N, , , , ,663874, , , ,3,1,0,0,1,1,0,0,0,0,0,0,0,0,0,0,0,0,0,0,0,0,0,0,0,0,0,0,0,0,0,0,0,0,0,0,1,39.9536,-75.165, , 
 ,57391,2012015396,6,67,67301,2012,1,1,545,5,3,1,0,1,1, , ,N,1,3,0,3,0,1,1,2,N, ,39 59:12.393,75 07:32.030,550, ,545, ,0, , , ,3, , , , , ,663877, , , ,2,2,0,0,0,0,0,0,0,0,0,0,1,1,0,0,0,0,0,0,0,0,0,0,0,0,0,0,0,0,0,0,0,0,0,8,0,39.9868,-75.1256, , 
 ,57392,2012032699,6,67,67301,2012,2,2,1400,14,1,1,0,4,1, , ,N,2,0,0,3,0,1,4,2,N,N,40 02:09.704,75 02:24.068,1544, ,1538, ,0, ,N, ,0, , , , , ,663887, , , ,1,0,0,0,0,0,1,0,1,0,0,1,1,0,0,0,0,0,0,0,0,0,0,0,0,0,0,0,0,0,0,0,0,0,0,4,0,40.036,-75.04, , 
 ,57393,2012036963,6,67,67301,2012,3,5,741,7,1,2,1,4,1, , ,N,3,3,0,3,0,2,2,2,N,N,40 04:13.793,75 09:18.678,835, ,826, ,0, ,N, ,3, , , , , ,663894, , , ,2,1,0,0,0,0,1,0,0,0,0,2,2,0,0,0,0,0,0,0,0,0,0,0,0,0,0,0,0,0,0,0,0,0,0,4,0,40.0705,-75.1552, , 
 ,57394,2012049688,6,67,67301,2012,4,1,1517,15,1,2,1,2,1, , ,N,1,3,0,3,0,3,4,2,N,N,39 56:03.274,75 12:59.057,1525, ,1520, ,0, ,N, ,3, , , , , ,663904, , , ,2,2,0,0,0,0,0,0,0,0,0,3,3,0,0,0,0,0,1,0,1,0,0,0,0,0,0,0,0,0,0,0,0,0,0,4,0,39.9342,-75.2164, , 
 ,57395,2012026284,6,67,67301,2012,2,3,1015,10,1,1,0,7,2, , ,N,0,0,0,3,0,1,1,1,N,N,40 04:00.619,75 00:32.499,1015, ,1015, ,0, ,N, ,0, , , , , ,663938, , , ,1,1,0,0,0,0,0,0,0,1,0,0,1,0,0,0,0,0,0,0,0,0,0,0,0,0,0,0,0,0,0,0,0,0,0,2,0,40.0668,-75.009, , 
 ,57396,2012030801,6,67,67301,2012,3,4,938,9,1,1,0,7,2, , ,N,0,0,0,3,0,1,1,1,N,N,39 53:55.836,75 10:17.772,1001, ,941, ,0, ,N, ,0, , , , , ,663942, , , ,1,1,0,0,0,0,0,0,0,0,0,1,1,0,0,0,0,0,0,0,0,0,0,0,0,0,0,0,0,0,0,0,0,0,0,4,0,39.8988,-75.1716, , 
 ,57397,2012032728,6,67,67301,2012,2,2,1449,14,1,1,0,8,1, , ,N,2,2,7,3,0,1,2,2,N,N,40 01:51.956,75 10:40.006,1450, ,1449, ,0, ,N, ,3, , , , , ,663944, , , ,1,0,0,0,0,0,1,0,0,0,0,1,1,0,0,0,0,0,0,0,0,1,0,0,0,0,0,0,0,0,0,0,1,0,0,4,0,40.0311,-75.1778, , 
 ,57398,2012037415,6,67,67301,2012,3,2,1115,11,1,1,0,4,1, , ,N,1,2,0,3,0,3,4,2,N,N,40 02:07.432,75 02:59.146,1122, ,1120, ,0, ,N, ,3, , , , , ,663951, , , ,2,2,0,0,0,0,0,0,0,0,1,1,3,1,0,0,0,0,0,0,0,0,0,0,0,0,0,0,0,0,0,0,0,0,0,3,0,40.0354,-75.0498, , 
 ,57399,2012041676,6,67,67301,2012,3,2,1139,11,1,1,0,4,1, , ,N,1,3,0,3,0,2,3,2,N, ,40 02:52.418,75 03:54.709,1200, ,1143, ,0, , , ,3, , , , , ,663954, , , ,2,2,0,0,0,0,0,0,0,0,0,2,2,0,0,0,0,0,0,0,0,1,0,0,0,0,0,0,0,0,0,0,0,0,0,4,0,40.0479,-75.0652, , 