wz_ln_closure,objectid_1,crn,district,county,municipality,crash_year,crash_month,day_of_week,time_of_day,hour_of_day,illumination,weather,road_condition,collision_type,relation_to_road,work_zone_type,work_zone_loc,work_zone_ind,intersect_type,tcd_type,location_type,urban_rural,fatal_count,injury_count,person_count,total_units,sch_bus_ind,sch_zone_ind,latitude,longitude,arrival_tm,cons_zone_spd_lim,dispatch_tm,est_hrs_closed,lane_closed,ln_close_dir,ntfy_hiwy_maint,spec_juris_cd,tcd_func_cd,tfc_detour_ind,workers_pres,wz_close_detour,wz_flagger,wz_law_offcr_ind,objectid,wz_moving,wz_other,wz_shlder_mdn,vehicle_count,automobile_count,motorcycle_count,bus_count,small_truck_count,heavy_truck_count,suv_count,van_count,bicycle_count,maj_inj_count,mod_inj_count,min_inj_count,tot_inj_count,unk_inj_deg_count,unk_inj_per_count,driver_count_16yr,driver_count_17yr,driver_count_18yr,driver_count_19yr,driver_count_20yr,driver_count_50_64yr,driver_count_65_74yr,driver_count_75plus,unbelted_occ_count,unb_death_count,unb_maj_inj_count,belted_death_count,belted_maj_inj_count,mcycle_death_count,mcycle_maj_inj_count,bicycle_death_count,bicycle_maj_inj_count,ped_count,ped_death_count,ped_maj_inj_count,max_severity_level,comm_veh_count,dec_lat,dec_long,rdwy_surf_type_cd,county_name
 ,57400,2012047216,6,67,67301,2012,4,1,1750,17,1,1,0,4,1, , ,N,2,0,0,3,0,1,2,2,N,N,40 02:27.762,75 07:41.602,1753, ,1750, ,0, ,N, ,0, , , , , ,663957, , , ,1,1,0,0,0,0,0,0,1,0,0,1,1,0,0,0,0,0,0,0,0,0,0,0,0,0,0,0,0,0,0,0,0,0,0,4,0,40.041,-75.1282, , 
 ,57401,2012032678,6,67,67301,2012,2,7,245,2,3,1,0,4,6, , ,N,0,0,0,3,0,0,1,2,Y,N,39 56:25.305,75 13:19.046,256, ,249, ,0, ,N, ,0, , , , , ,663999, , , ,2,0,0,1,0,0,1,0,0,0,0,0,0,0,0,0,0,0,0,0,0,0,0,0,0,0,0,0,0,0,0,0,0,0,0,0,1,39.9404,-75.222, , 
 ,57402,2012047159,6,67,67301,2012,4,1,1905,19,1,1,0,4,1, , ,N,1,3,0,3,0,2,4,2,N,N,40 00:03.643,75 07:25.222,1915, ,1910, ,0, ,N, ,3, , , , , ,664054, , , ,2,1,0,0,0,0,1,0,0,0,0,2,2,0,0,0,0,0,0,0,0,0,0,0,0,0,0,0,0,0,0,0,0,0,0,4,0,40.001,-75.1237, , 
 ,57403,2012049644,6,67,67301,2012,4,6,1244,12,1,1,0,1,1, , ,N,0,0,0,3,0,1,2,2,N,N,39 57:33.969,75 12:23.036,1249, ,1246, ,0, ,N, ,0, , , , , ,664060, , , ,2,1,0,0,0,0,1,0,0,0,0,0,1,1,0,0,0,0,0,0,1,0,0,0,0,0,0,0,0,0,0,0,0,0,0,8,0,39.9594,-75.2064, , 
 ,57404,2012012602,6,67,67301,2012,1,6,110,1,3,1,0,5,6, , ,N,0,0,0,3,0,1,1,2,N, ,40 00:19.389,75 06:31.967,112, ,112, ,0, , , ,0, , , , , ,664072, , , ,2,2,0,0,0,0,0,0,0,0,0,0,1,1,0,0,0,0,0,0,0,0,0,0,0,0,0,0,0,0,0,0,0,0,0,8,0,40.0054,-75.109, , 
 ,57405,2012015363,6,67,67301,2012,1,6,1251,12,1,1,0,8,1, , ,N,1,2,0,3,0,1,2,2,N,N,40 01:45.210,75 10:28.410,1430, ,1251,3,1,5,N, ,3,Y, , , , ,664075, , , ,1,1,0,0,0,0,0,0,0,1,0,0,1,0,0,0,0,0,0,0,0,0,0,0,0,0,0,0,0,0,0,0,1,0,1,2,0,40.0292,-75.1746, , 
 ,57406,2012036784,6,67,67301,2012,3,4,1724,17,1,1,0,4,1, , ,N,1,2,0,3,0,1,2,2,N, ,40 03:11.939,75 04:10.792,1730, ,1726,3,1,3, , ,3,Y, , , , ,657284, , , ,2,1,1,0,0,0,0,0,0,0,0,0,1,1,0,0,0,1,0,0,0,0,0,0,0,0,0,0,0,0,0,0,0,0,0,8,0,40.0533,-75.0698, , 
 ,57407,2012037384,6,67,67301,2012,3,5,1715,17,1,1,0,8,1, , ,N,2,2,0,3,0,1,2,2,N,N,40 03:47.944,74 59:07.865,1721, ,1716,3,2,1,N, ,3,Y, , , , ,657285, , , ,1,1,0,0,0,0,0,0,0,1,0,0,1,0,0,0,0,0,0,0,0,0,0,0,0,0,0,0,0,0,0,0,1,0,1,2,0,40.0633,-74.9855, , 
 ,57408,2012048099,6,67,67301,2012,4,5,430,4,3,1,0,7,4, , ,N,2,2,7,3,0,0,1,1,N,N,40 02:13.039,75 00:41.011,525, ,516, ,0, ,N, ,3, , , , , ,657293, , , ,1,1,0,0,0,0,0,0,0,0,0,0,0,0,1,0,0,0,0,0,0,0,0,0,0,0,0,0,0,0,0,0,0,0,0,9,0,40.037,-75.0114, , 
 ,57409,2012048318,6,67,67301,2012,3,5,1721,17,1,1,0,4,1, , ,N,1,2,0,3,0,1,2,2,N,N,39 58:04.612,75 12:28.241,1726, ,722,2,2,7,N, ,3,Y, , , , ,657294, , , ,1,1,0,0,0,0,0,0,1,0,0,1,1,0,0,0,0,0,0,0,0,0,0,0,0,0,0,0,0,0,0,0,0,0,0,4,0,39.9679,-75.2078, , 
 ,57410,2012056630,6,67,67301,2012,4,6,1236,12,1,1,0,1,1, , ,N,1,2,0,3,0,1,4,3,N,N,39 57:22.420,75 09:45.641,1245, ,1237, ,0, ,N, ,3, , , , , ,657302, , , ,3,3,0,0,0,0,0,0,0,0,0,1,1,0,0,0,0,0,0,0,1,0,0,0,0,0,0,0,0,0,0,0,0,0,0,4,0,39.9562,-75.1627, , 
 ,57411,2012056688,6,67,67301,2012,5,5,10,0,3,1,0,4,1, , ,N,0,0,7,3,0,3,3,3,N,N,40 00:00.687,75 09:11.631,11, ,10, ,0, ,N, ,0, , , , , ,657303, , , ,3,2,0,0,1,0,0,0,0,0,1,1,3,1,0,0,0,0,0,0,1,0,0,0,0,0,0,0,0,0,0,0,0,0,0,3,0,40.0002,-75.1532, , 
 ,57412,2012060821,6,67,67301,2012,5,1,2145,21,3,1,0,1,1, , ,N,0,0,0,3,0,1,2,2,N, ,40 01:32.475,75 07:15.692,2200, ,2145, ,0, , , ,0, , , , , ,657306, , , ,2,2,0,0,0,0,0,0,0,0,1,0,1,0,0,0,0,0,0,0,0,0,0,1,0,0,0,0,0,0,0,0,0,0,0,3,0,40.0256,-75.1213, , 
 ,57413,2012064006,6,67,67301,2012,5,6,2228,22,3,1,0,1,1, , ,N,0,0,0,3,0,2,4,3,N,N,40 01:17.911,75 08:54.749,2255, ,2255, ,0, ,N, ,0, , , , , ,657309, , , ,3,1,0,0,0,0,2,0,0,0,0,0,2,2,0,0,0,0,0,1,0,0,0,3,0,0,0,0,0,0,0,0,0,0,0,8,0,40.0216,-75.1485, , 
 ,57414,2012015028,6,67,67301,2012,1,5,529,5,3,1,0,5,1, , ,N,0,0,0,3,0,0,2,2,N,N,39 57:26.052,75 09:27.969,547, ,534, ,0, ,N, ,0, , , , , ,657322, , , ,2,2,0,0,0,0,0,0,0,0,0,0,0,0,0,0,0,0,0,0,0,0,0,0,0,0,0,0,0,0,0,0,0,0,0,0,0,39.9572,-75.1578, , 
 ,57415,2012041695,6,67,67301,2012,3,5,9999,99,1,1,0,2,2, , ,N,2,0,0,3,0,0,1,2,N,N,40 03:20.620,75 09:18.651,1110, ,1104, ,0, ,N, ,0, , , , , ,657353, , , ,2,2,0,0,0,0,0,0,0,0,0,0,0,0,1,0,0,0,0,0,0,0,0,0,0,0,0,0,0,0,0,0,0,0,0,9,0,40.0557,-75.1552, , 
 ,57416,2012042177,6,67,67301,2012,3,2,1905,19,4,1,0,4,6, , ,N,0,0,0,3,0,1,1,2,N,N,40 00:02.577,75 09:28.994,1916, ,1905, ,0, ,N, ,0, , , , , ,657354, , , ,2,1,0,0,0,0,1,0,0,0,0,1,1,0,0,0,0,0,0,0,0,0,0,0,0,0,0,0,0,0,0,0,0,0,0,4,0,40.0007,-75.1581, , 
 ,57417,2012010601,6,67,67301,2012,1,1,725,7,1,1,0,7,2, , ,N,0,0,2,3,0,0,1,1,N,N,39 57:39.269,75 10:53.445,740, ,739, ,0, ,N, ,0, , , , , ,657368, , , ,1,1,0,0,0,0,0,0,0,0,0,0,0,0,0,0,0,0,0,0,0,0,0,0,0,0,0,0,0,0,0,0,0,0,0,0,0,39.9609,-75.1815, , 
 ,57418,2012026278,6,67,67301,2012,2,1,1810,18,3,1,0,4,1, , ,N,0,0,7,3,0,2,4,2,N,N,40 00:47.952,75 07:19.156,1842, ,1814, ,0, ,N, ,0, , , , , ,657378, , , ,2,1,0,0,0,0,1,0,0,0,0,2,2,0,0,0,0,0,0,1,1,0,0,0,0,0,0,0,0,0,0,0,0,0,0,4,0,40.0133,-75.122, , 
 ,57419,2012028485,6,67,67301,2012,2,4,713,7,1,1,5,1,1, , ,N,1,2,0,3,0,1,3,3,N,N,40 01:46.206,75 08:48.568,1052, ,1050, ,0, ,N, ,3, , , , , ,657379, , , ,3,1,0,0,1,0,1,0,0,0,0,1,1,0,0,0,0,0,0,0,1,0,0,0,0,0,0,0,0,0,0,0,0,0,0,4,0,40.0295,-75.1467, , 
 ,57420,2012047270,6,67,67301,2012,4,1,1430,14,1,1,0,1,1, , ,N,3,2,0,3,0,1,2,2,N,N,40 00:24.122,75 05:16.987,1318, ,1314, ,0, ,N, ,3, , , , , ,657396, , , ,2,1,0,0,1,0,0,0,0,0,0,1,1,0,0,0,0,0,0,0,0,0,0,0,0,0,0,0,0,0,0,0,0,0,0,4,0,40.0066,-75.0882, , 
 ,57421,2012049707,6,67,67301,2012,4,3,1555,15,1,1,0,4,1, , ,N,0,0,0,3,0,1,2,2,N,N,39 59:15.228,75 06:29.367,1642, ,1642, ,0, ,N, ,0, , , , , ,657398, , , ,1,1,0,0,0,0,0,0,1,0,0,1,1,0,0,0,0,0,0,0,1,0,0,0,0,0,0,0,0,0,0,0,0,0,0,4,0,39.9876,-75.1082, , 
 ,57422,2012063101,6,67,67301,2012,5,2,1900,19,1,9,1,8,1, , ,N,0,0,0,3,0,2,3,3,N, ,40 00:00.278,75 09:06.931,1930, ,1930, ,0, , , ,0, , , , , ,657409, , , ,1,0,0,0,0,0,0,1,0,0,0,0,2,2,1,0,0,0,0,0,0,0,0,0,0,0,0,0,0,0,0,0,2,0,0,8,0,40.0001,-75.1519, , 
 ,57423,2012026236,6,67,67301,2012,2,2,930,9,1,1,0,1,1, , ,N,1,2,0,3,0,1,4,2,N,N,40 01:10.533,75 03:19.855,940, ,935, ,0, ,N, ,3, , , , , ,657423, , , ,2,1,0,0,0,0,1,0,0,0,0,1,1,0,0,0,0,0,0,0,1,0,0,0,0,0,0,0,0,0,0,0,0,0,0,4,0,40.0195,-75.0557, , 
 ,57424,2012019781,6,67,67301,2012,2,7,1815,18,3,2,7,1,1, , ,N,0,0,0,3,0,1,2,2,N,N,39 58:15.340,75 11:35.006,1818, ,1818, ,0, ,N, ,0, , , , , ,660262, , , ,2,2,0,0,0,0,0,0,0,0,1,0,1,0,0,0,0,0,0,0,1,0,0,0,0,0,0,0,0,0,0,0,0,0,0,3,0,39.9709,-75.1931, , 
 ,57425,2012026076,6,67,67301,2012,1,3,1540,15,1,1,0,8,1, , ,N,1,3,0,3,0,1,2,2,N,Y,40 02:34.274,75 09:12.639,1640, ,1611, ,0, ,N, ,3, , , , , ,660267, , , ,1,1,0,0,0,0,0,0,0,0,0,1,1,0,0,0,0,0,0,0,0,0,0,0,0,0,0,0,0,0,0,0,1,0,0,4,0,40.0429,-75.1535, , 
 ,57426,2012026140,6,67,67301,2012,2,1,1420,14,1,1,0,8,1, , ,N,1,2,0,3,0,1,2,2,N,N,39 57:20.808,75 09:32.558,1450, ,1445, ,0, ,N, ,3, , , , , ,660268, , , ,1,0,0,0,0,0,1,0,0,0,0,1,1,0,0,0,0,0,0,0,0,0,0,0,0,0,0,0,0,0,0,0,1,0,0,4,0,39.9558,-75.159, , 
 ,57427,2012032577,6,67,67301,2012,2,1,250,2,3,1,0,7,5, , ,N,3,0,0,3,0,2,3,1,N,N,39 59:57.188,75 09:29.926,257, ,252, ,0, ,N, ,0, , , , , ,660279, , , ,1,0,0,0,0,0,1,0,0,0,0,2,2,0,0,0,0,0,0,0,0,0,0,0,0,0,0,0,0,0,0,0,0,0,0,4,0,39.9992,-75.1583, , 
 ,57428,2012041666,6,67,67301,2012,3,5,1240,12,1,1,0,8,1, , ,N,1,0,0,3,0,1,2,2,N, ,40 03:30.710,75 04:43.351,1255, ,1245,1,1,4,N, ,0,Y, , , , ,660291, , , ,1,0,0,0,1,0,0,0,0,0,0,1,1,0,0,0,0,0,0,0,1,0,0,0,0,0,0,0,0,0,0,0,1,0,0,4,0,40.0585,-75.0788, , 
 ,57429,2012056566,6,67,67301,2012,4,1,1655,16,8,2,1,8,1, , ,N,2,0,0,3,0,1,2,2,N,N,39 58:28.305,75 07:59.213,1700, ,1657, ,0, , , ,0, , , , , ,660327, , , ,1,1,0,0,0,0,0,0,0,0,0,1,1,0,0,0,0,0,0,0,0,0,0,0,0,0,0,0,0,0,0,0,1,0,0,4,0,39.9745,-75.1331, , 
 ,57430,2012056629,6,67,67301,2012,4,5,1425,14,1,1,0,4,1, , ,N,3,2,6,3,0,0,3,3,N,N,39 57:47.728,75 10:37.704,1455, ,1453,1,1,4,N, ,3,Y, , , , ,660328, , , ,3,2,0,0,0,0,1,0,0,0,0,0,0,0,0,0,0,0,0,0,1,1,1,0,0,0,0,0,0,0,0,0,0,0,0,0,0,39.9645,-75.1779, , 
 ,57431,2012056723,6,67,67301,2012,4,6,1735,17,1,1,0,8,1, , ,N,1,0,0,3,0,1,2,2,N,N,39 57:49.280,75 10:15.428,2130, ,2120, ,0, ,N, ,0, , , , , ,660329, , , ,1,0,0,0,0,0,1,0,0,0,1,0,1,0,0,0,0,0,0,0,1,0,0,0,0,0,0,0,0,0,0,0,1,0,0,3,0,39.9636,-75.171, , 
 ,57432,2012009829,6,67,67301,2012,1,1,2058,20,3,1,0,7,3, , ,N,0,0,0,3,0,1,1,1,N,N,39 58:45.096,75 06:32.485,2108, ,2100, ,0, ,N, ,0, , , , , ,660351, , , ,1,1,0,0,0,0,0,0,0,0,0,1,1,0,0,0,0,0,0,0,0,0,0,0,0,0,0,0,0,0,0,0,0,0,0,4,0,39.9792,-75.109, , 
 ,57433,2012036762,6,67,67301,2012,2,4,2134,21,3,2,1,1,1, , ,N,1,2,0,3,0,1,3,2,N,N,39 57:24.575,75 11:58.643,2137, ,2135,1,1,4,N, ,3,N, , , , ,660378, , , ,2,1,0,0,0,0,1,0,0,0,0,1,1,0,0,0,0,0,0,0,1,0,0,1,0,0,0,0,0,0,0,0,0,0,0,4,0,39.9568,-75.1995, , 
 ,57434,2012047272,6,67,67301,2012,4,5,15,0,3,1,1,7,5, , ,N,3,2,0,3,0,0,1,1,N,N,40 01:35.682,75 04:04.802,32, ,30, ,0, ,N, ,3, , , , , ,660387, , , ,1,1,0,0,0,0,0,0,0,0,0,0,0,0,0,0,0,0,0,0,0,0,0,1,0,0,0,0,0,0,0,0,0,0,0,0,0,40.0266,-75.068, , 
 ,57435,2012048024,6,67,67301,2012,4,4,1125,11,1,6,1,8,5, , ,N,1,1,0,3,0,2,3,3,N,N,39 57:17.622,75 12:31.637,1130, ,1125,9,1,7,N, ,4,N, , , , ,660388, , , ,1,1,0,0,0,0,0,0,0,0,0,2,2,0,1,0,0,0,0,0,0,1,0,0,0,0,0,0,0,0,0,0,2,0,0,4,0,39.9549,-75.2087, , 
 ,57436,2012020044,6,67,67301,2012,2,7,1107,11,1,1,1,7,4, , ,N,0,0,0,3,0,1,1,1,N,N,39 56:43.439,75 11:25.973,1114, ,1108,1,1,3,N, ,0,N, , , , ,660406, , , ,1,1,0,0,0,0,0,0,0,0,0,0,1,1,0,0,0,0,0,0,0,1,0,0,0,0,0,0,0,0,0,0,0,0,0,8,0,39.9454,-75.1905, , 
 ,57437,2012032686,6,67,67301,2012,2,4,1019,10,1,2,1,4,1, , ,N,1,2,0,3,0,2,4,2,N,N,40 05:49.711,75 01:05.375,1025, ,1020, ,0, ,N, ,3, , , , , ,660421, , , ,2,2,0,0,0,0,0,0,0,0,0,2,2,0,0,0,0,0,1,0,0,0,1,0,0,0,0,0,0,0,0,0,0,0,0,4,0,40.0971,-75.0182, , 
 ,57438,2012041592,6,67,67301,2012,3,5,840,8,1,1,0,4,1, , ,N,1,2,0,3,0,1,3,3,N,N,40 00:27.560,75 09:05.322,845, ,842, ,0, ,N, ,3, , , , , ,660432, , , ,2,1,0,0,0,0,1,0,0,0,0,1,1,0,0,0,0,0,0,0,0,0,0,0,0,0,0,0,0,0,0,0,1,0,0,4,0,40.0077,-75.1515, , 
 ,57439,2012051865,6,67,67301,2012,5,3,1957,19,1,1,0,4,1, , ,N,1,2,0,3,0,0,3,2,N, ,40 03:37.434,74 59:25.565,9999, ,1957, ,0, , , ,3, , , , , ,660440, , , ,2,1,0,0,0,0,0,1,0,0,0,0,0,0,0,0,0,0,0,0,0,0,0,0,0,0,0,0,0,0,0,0,0,0,0,0,0,40.0604,-74.9904, , 
 ,57440,2012015830,6,67,67301,2012,1,3,9999,99,1,2,1,2,1, , ,N,1,2,0,3,0,2,3,2,N,N,40 02:10.294,75 07:43.144,1336, ,1334,1,2,6,N, ,2,Y, , , , ,660448, , , ,2,2,0,0,0,0,0,0,0,0,0,2,2,0,0,0,0,0,0,0,0,1,0,0,0,0,0,0,0,0,0,0,0,0,0,4,0,40.0362,-75.1287, , 
 ,57441,2012032538,6,67,67301,2012,2,6,1146,11,1,1,0,7,5, , ,N,0,0,1,3,0,1,2,1,N,N,39 55:56.410,75 13:08.702,1243, ,1240, ,0, , , ,0, , , , , ,660468, , , ,1,0,0,0,0,1,0,0,0,0,0,1,1,0,0,0,0,0,0,0,0,0,0,0,0,0,0,0,0,0,0,0,0,0,0,4,1,39.9323,-75.2191, , 
 ,57442,2012020555,6,67,67301,2012,2,4,840,8,1,2,1,4,1, , ,N,1,3,0,3,0,1,2,2,N,N,39 57:25.138,75 13:09.994,850, ,846, ,0, ,N, ,3, , , , , ,667106, , , ,2,1,0,0,0,0,1,0,0,0,0,1,1,0,0,0,0,0,0,0,0,0,0,0,0,0,0,0,0,0,0,0,0,0,0,4,0,39.957,-75.2194, , 
 ,57443,2012036916,6,67,67301,2012,3,1,9999,99,3,1,0,1,1, , ,N,1,2,0,3,0,2,5,2,N,N,39 59:00.200,75 10:12.957,9999, ,146, ,0, ,N, ,3, , , , , ,667125, , , ,2,2,0,0,0,0,0,0,0,0,0,1,2,1,0,0,0,0,0,0,0,0,0,3,0,0,0,0,0,0,0,0,0,0,0,4,0,39.9834,-75.1703, , 
 ,57444,2012042157,6,67,67301,2012,3,2,1415,14,1,1,0,1,1, , ,N,1,2,0,3,0,0,2,2,N,N,39 59:03.239,75 05:56.509,1426, ,1425, ,0, , , ,3, , , , , ,667135, , , ,2,1,0,0,0,1,0,0,0,0,0,0,0,0,0,0,0,0,0,0,0,0,0,2,0,0,0,0,0,0,0,0,0,0,0,0,1,39.9842,-75.099, , 
 ,57445,2012012652,6,67,67301,2012,1,5,1020,10,1,1,0,4,1, , ,N,2,3,0,3,0,0,2,4,N,N,39 57:25.074,75 14:06.043,1020, ,1020, ,0, ,N, ,3, , , , , ,667144, , , ,4,2,0,0,0,0,2,0,0,0,0,0,0,0,0,0,0,0,0,0,1,0,0,0,0,0,0,0,0,0,0,0,0,0,0,0,0,39.957,-75.235, , 
 ,57446,2012033077,6,67,67301,2012,2,3,1524,15,1,1,0,1,1, , ,N,0,0,0,3,0,1,5,3,N,N,40 01:01.206,75 06:59.382,1527, ,1524,2,2,1,N, ,0,Y, , , , ,667160, , , ,3,2,0,0,0,0,0,1,0,0,0,0,1,1,0,0,0,1,0,1,0,0,0,0,0,0,0,0,0,0,0,0,0,0,0,8,0,40.017,-75.1165, , 
 ,57447,2012035410,6,67,67301,2012,2,6,1603,16,1,1,0,4,1, , ,N,1,2,0,3,0,2,3,2,N,N,40 01:20.289,75 09:43.290,1605, ,1603,9,1,5,N, ,3,N, , , , ,667162, , , ,2,2,0,0,0,0,0,0,0,0,0,2,2,0,0,0,1,1,0,0,0,0,0,3,0,0,0,0,0,0,0,0,0,0,0,4,0,40.0223,-75.162, , 
 ,57448,2012040542,6,67,67301,2012,4,2,1051,10,1,1,0,1,1, , ,N,7,0,0,3,0,0,2,2,N,N,39 56:57.647,75 11:03.883,1106, ,1054, ,0, ,N, ,0, , , , , ,667169, , , ,2,1,0,0,0,0,0,1,0,0,0,0,0,0,0,0,0,0,0,0,1,0,0,0,0,0,0,0,0,0,0,0,0,0,0,0,0,39.9493,-75.1844, , 
 ,57449,2012026159,6,67,67301,2012,2,3,745,7,1,1,0,1,1, , ,N,0,0,0,3,0,0,3,2,N,N,40 00:33.880,75 11:51.487,825, ,825,2,1,2,N, ,0,N, , , , ,667204, , , ,2,1,0,0,0,0,1,0,0,0,0,0,0,0,0,0,0,0,0,0,1,0,0,0,0,0,0,0,0,0,0,0,0,0,0,0,0,40.0094,-75.1977, , 
 ,57450,2012037582,6,67,67301,2012,4,2,639,6,1,1,0,1,1, , ,N,0,0,0,3,0,0,3,3,N,N,39 59:40.860,75 05:02.529,715, ,655, ,0, ,N, ,0, , , , , ,667214, , , ,3,0,0,0,2,0,0,1,0,0,0,0,0,0,0,0,0,0,0,0,2,0,0,0,0,0,0,0,0,0,0,0,0,0,0,0,0,39.9947,-75.084, , 
 ,57451,2012048031,6,67,67301,2012,4,4,1735,17,1,2,1,4,1, , ,N,0,3,7,3,0,2,3,2,N,N,40 05:58.624,75 00:39.783,1745, ,1736, ,0, ,N, ,3, , , , , ,667222, , , ,2,1,0,0,0,0,1,0,0,0,0,1,2,1,0,0,0,0,0,0,0,0,0,0,0,0,0,0,0,0,0,0,0,0,0,4,0,40.0996,-75.0111, , 
 ,57452,2012048128,6,67,67301,2012,4,2,1450,14,1,1,0,4,1, , ,N,1,3,0,3,0,1,2,2,N, ,40 01:41.455,75 03:50.389,1550, ,9999, ,0, , , ,3, , , , , ,667223, , , ,2,2,0,0,0,0,0,0,0,0,0,0,1,1,1,0,0,0,0,0,0,0,0,0,0,0,0,0,0,0,0,0,0,0,0,8,0,40.0282,-75.064, , 
 ,57453,2012005577,6,67,67301,2012,1,4,2314,23,3,4,3,7,2, , ,N,0,0,0,3,0,1,2,1,N,N,39 53:28.919,75 14:15.313,2317, ,2317, ,0, ,N, ,0, , , , , ,667237, , , ,1,1,0,0,0,0,0,0,0,0,0,1,1,0,0,0,0,0,0,1,0,0,0,0,0,0,0,0,0,0,0,0,0,0,0,4,0,39.8914,-75.2376, , 
 ,57454,2012040546,6,67,67301,2012,4,7,45,0,3,1,0,1,1, , ,N,0,0,0,3,0,0,3,2,N,N,39 57:31.643,75 10:12.579,57, ,47,1,1,3,N, ,0,N, , , , ,667268, , , ,2,1,0,0,0,0,0,1,0,0,0,0,0,0,0,0,0,0,0,0,0,0,0,2,0,0,0,0,0,0,0,0,0,0,0,0,0,39.9588,-75.1702, , 
 ,57455,2012047206,6,67,67301,2012,3,7,1700,17,1,1,0,1,1, , ,N,0,0,0,3,0,0,3,4,N, ,40 00:25.239,75 05:38.652,1701, ,1700, ,0, , , ,0, , , , , ,667276, , , ,3,1,0,0,2,0,0,0,0,0,0,0,0,0,1,0,0,0,0,0,1,0,0,0,0,0,0,0,0,0,0,0,0,0,0,9,0,40.007,-75.0941, , 
 ,57456,2012048075,6,67,67301,2012,3,2,600,6,1,9,0,4,1, , ,N,1,0,0,3,0,1,2,2,N,N,39 59:25.567,75 07:37.312,1405, ,1400, ,0, ,N, ,0, , , , , ,667278, , , ,1,1,0,0,0,0,0,0,1,0,1,0,1,0,0,0,0,0,0,0,0,0,0,0,0,0,0,0,0,0,0,0,0,0,0,3,0,39.9903,-75.127, , 
 ,57457,2012048108,6,67,67301,2012,4,6,354,3,3,1,0,4,6, , ,N,0,0,0,3,0,0,1,2,N,N,40 07:29.065,75 01:02.188,358, ,355,2,1,4,N, ,0,N, , , , ,667279, , , ,2,0,0,0,2,0,0,0,0,0,0,0,0,0,0,0,0,0,0,0,0,0,0,0,0,0,0,0,0,0,0,0,0,0,0,0,0,40.1247,-75.0173, , 
 ,57458,2012032608,6,67,67301,2012,2,7,1315,13,1,1,0,1,1, , ,N,0,0,0,3,0,0,2,2,N,N,39 58:18.195,75 12:42.986,1340, ,1330, ,0, ,N, ,0, , , , , ,667301, , , ,2,2,0,0,0,0,0,0,0,0,0,0,0,0,0,0,0,0,0,0,0,0,0,0,0,0,0,0,0,0,0,0,0,0,0,0,0,39.9717,-75.2119, , 
 ,57459,2012056722,6,67,67301,2012,5,4,535,5,5,2,1,4,1, , ,N,0,0,0,3,0,0,2,2,N,N,40 02:21.586,75 01:02.445,548, ,542, ,0, ,N, ,0, , , , , ,667320, , , ,2,2,0,0,0,0,0,0,0,0,0,0,0,0,0,0,0,0,1,0,0,0,0,0,0,0,0,0,0,0,0,0,0,0,0,0,0,40.0393,-75.0174, , 
 ,57460,2012068713,6,67,67301,2012,6,7,1600,16,1,1,0,8,1, , ,N,0,0,0,3,0,1,2,2,N, ,40 01:25.620,75 07:44.460,1625, ,1620, ,0, , , ,0, , , , , ,667329, , , ,1,0,0,0,0,0,0,0,0,0,0,0,1,1,1,0,0,0,0,0,0,0,0,0,0,0,0,0,0,0,0,0,1,0,0,8,0,40.0238,-75.129, , 
 ,57461,2012019084,6,67,67301,2012,2,2,816,8,1,1,0,1,1, , ,N,0,0,0,3,0,1,2,2,N,N,39 59:29.734,75 12:09.872,820, ,818, ,0, ,N, ,0, , , , , ,664079, , , ,2,1,0,0,0,0,1,0,0,0,0,0,1,1,0,0,0,0,0,0,0,0,0,0,0,0,0,0,0,0,0,0,0,0,0,8,0,39.9916,-75.2027, , 
 ,57462,2012020340,6,67,67301,2012,2,1,220,2,3,1,0,8,1, , ,N,1,2,0,3,1,0,2,2,N,N,40 00:33.277,75 09:04.079,229, ,226,9,2,7, ,0,3,N, , , , ,664083, , , ,1,1,0,0,0,0,0,0,0,0,0,0,0,0,0,0,0,0,0,0,0,0,0,0,0,0,0,0,0,0,0,0,1,1,0,1,0,40.0092,-75.1511,2, 
 ,57463,2012020444,6,67,67301,2012,1,2,1635,16,1,1,0,4,5, , ,N,0,0,0,3,0,1,1,2,N,N,40 07:51.344,75 00:50.339,1646, ,1644, ,0, ,N, ,0, , , , , ,664084, , , ,2,1,0,0,0,0,1,0,0,0,0,0,1,1,0,0,0,0,0,0,0,0,0,0,0,0,0,0,0,0,0,0,0,0,0,8,0,40.1309,-75.014, , 
 ,57464,2012020588,6,67,67301,2012,1,3,2315,23,3,2,1,1,1, , ,N,1,2,0,3,0,1,2,2,N,N,40 01:48.733,75 07:06.450,2330, ,2320, ,0, ,N, ,3, , , , , ,664085, , , ,2,1,0,0,0,0,0,0,0,0,0,1,1,0,0,0,0,0,0,0,0,0,0,0,0,0,0,0,0,0,0,0,0,0,0,4,0,40.0302,-75.1185, , 
 ,57465,2012032690,6,67,67301,2012,2,1,640,6,1,1,0,7,5, , ,N,5,2,0,3,0,1,2,2,N,N,39 54:40.810,75 14:33.592,648, ,643,3,2,6,N, ,3,Y, , , , ,664097, , , ,2,1,0,0,0,0,1,0,0,0,0,1,1,0,0,0,0,0,0,0,0,0,0,0,0,0,0,0,0,0,0,0,0,0,0,4,0,39.9113,-75.2427, , 
 ,57466,2012008762,6,67,67301,2012,1,5,1255,12,1,1,1,1,1, , ,N,0,0,0,3,0,1,3,2,N,N,39 57:37.109,75 10:51.358,1308, ,1258,1,1,4,N, ,0,N, , , , ,664112, , , ,2,0,0,0,0,0,1,1,0,0,1,0,1,0,0,0,0,0,0,0,1,0,0,0,0,0,0,0,0,0,0,0,0,0,0,3,0,39.9603,-75.1809, , 