wz_ln_closure,objectid_1,crn,district,county,municipality,crash_year,crash_month,day_of_week,time_of_day,hour_of_day,illumination,weather,road_condition,collision_type,relation_to_road,work_zone_type,work_zone_loc,work_zone_ind,intersect_type,tcd_type,location_type,urban_rural,fatal_count,injury_count,person_count,total_units,sch_bus_ind,sch_zone_ind,latitude,longitude,arrival_tm,cons_zone_spd_lim,dispatch_tm,est_hrs_closed,lane_closed,ln_close_dir,ntfy_hiwy_maint,spec_juris_cd,tcd_func_cd,tfc_detour_ind,workers_pres,wz_close_detour,wz_flagger,wz_law_offcr_ind,objectid,wz_moving,wz_other,wz_shlder_mdn,vehicle_count,automobile_count,motorcycle_count,bus_count,small_truck_count,heavy_truck_count,suv_count,van_count,bicycle_count,maj_inj_count,mod_inj_count,min_inj_count,tot_inj_count,unk_inj_deg_count,unk_inj_per_count,driver_count_16yr,driver_count_17yr,driver_count_18yr,driver_count_19yr,driver_count_20yr,driver_count_50_64yr,driver_count_65_74yr,driver_count_75plus,unbelted_occ_count,unb_death_count,unb_maj_inj_count,belted_death_count,belted_maj_inj_count,mcycle_death_count,mcycle_maj_inj_count,bicycle_death_count,bicycle_maj_inj_count,ped_count,ped_death_count,ped_maj_inj_count,max_severity_level,comm_veh_count,dec_lat,dec_long,rdwy_surf_type_cd,county_name
 ,57467,2012012670,6,67,67301,2012,1,1,9999,99,3,2,1,4,1, , ,N,1,2,0,3,0,0,2,2,N,N,39 55:20.291,75 11:12.722,9999, ,9999, ,0, ,N, ,3, , , , , ,664113, , , ,2,1,0,0,0,0,1,0,0,0,0,0,0,0,0,0,0,0,0,1,0,0,0,0,0,0,0,0,0,0,0,0,0,0,0,0,0,39.9223,-75.1871, , 
 ,57468,2012041483,6,67,67301,2012,3,6,1801,18,1,1,0,7,2, , ,N,3,2,0,3,0,1,2,1,N,N,40 01:35.682,75 04:04.802,1802, ,1802, ,0, , , ,3, , , , , ,664141, , , ,1,1,0,0,0,0,0,0,0,0,1,0,1,0,0,0,0,0,0,0,1,0,0,1,0,0,0,0,0,0,0,0,0,0,0,3,0,40.0266,-75.068, , 
 ,57469,2012047194,6,67,67301,2012,4,5,1620,16,1,1,0,1,1, , ,N,1,2,0,3,0,1,2,2,N,N,40 01:57.808,75 04:19.924,1640, ,1630, ,0, ,N, ,3, , , , , ,664147, , , ,2,1,0,0,1,0,0,0,0,0,0,0,1,1,0,0,0,0,0,0,0,0,0,0,0,0,0,0,0,0,0,0,0,0,0,8,0,40.0327,-75.0722, , 
 ,57470,2012048887,6,67,67301,2012,4,4,1400,14,1,1,0,8,1, , ,N,0,0,0,3,0,1,2,2,N,N,40 00:02.217,75 09:13.251,1412, ,1410, ,0, ,N, ,0, , , , , ,664150, , , ,1,1,0,0,0,0,0,0,0,0,0,0,1,1,0,0,0,0,0,0,0,0,0,0,0,0,0,0,0,0,0,0,1,0,0,8,0,40.0006,-75.1537, , 
 ,57471,2012020515,6,67,67301,2012,1,5,854,8,1,1,0,4,3, , ,N,5,2,0,3,0,1,2,2,N,N,39 54:14.619,75 14:25.049,912, ,859,3,1,2,N, ,3,N, , , , ,664168, , , ,2,2,0,0,0,0,0,0,0,0,0,0,1,1,1,0,0,0,0,0,0,0,0,0,0,0,0,0,0,0,0,0,0,0,0,8,0,39.904,-75.2401, , 
 ,57472,2012034710,6,67,67301,2012,2,1,1551,15,1,1,0,1,1, , ,N,0,2,0,3,0,1,2,2,N,N,39 59:24.382,75 07:29.930,2025, ,2023, ,0, ,N, ,3, , , , , ,664181, , , ,2,2,0,0,0,0,0,0,0,0,0,1,1,0,1,0,0,0,0,1,0,0,0,0,0,0,0,0,0,0,0,0,0,0,0,4,0,39.9901,-75.125, , 
 ,57473,2012056516,6,67,67301,2012,5,4,855,8,1,2,1,4,1, , ,N,1,3,0,3,0,1,4,2,N,N,39 57:50.262,75 13:05.586,920, ,855,1,1,5,N, ,3,Y, , , , ,664201, , , ,2,1,0,0,1,0,0,0,0,0,0,1,1,0,0,0,0,0,0,0,1,0,0,0,0,0,0,0,0,0,0,0,0,0,0,4,0,39.964,-75.2182, , 
 ,57474,2012012418,6,67,67301,2012,1,7,1928,19,3,1,0,1,1, , ,N,6,0,2,3,0,1,2,2,N,N,39 57:26.940,75 08:48.293,1944, ,1937,1,1,4,N, ,0,N, , , , ,664213, , , ,2,2,0,0,0,0,0,0,0,0,0,1,1,0,0,0,0,0,0,0,1,0,0,0,0,0,0,0,0,0,0,0,0,0,0,4,0,39.9575,-75.1467, , 
 ,57475,2012021376,6,67,67301,2012,1,2,1750,17,3,1,0,7,2, , ,N,0,0,0,3,0,0,1,1,N,N,40 07:43.820,75 00:32.036,1758, ,1756,3,2,5,N, ,0,Y, , , , ,664224, , , ,1,1,0,0,0,0,0,0,0,0,0,0,0,0,0,0,0,0,0,0,0,1,0,0,0,0,0,0,0,0,0,0,0,0,0,0,0,40.1288,-75.0089, , 
 ,57476,2012015450,6,67,67301,2012,1,7,1535,15,1,1,0,6,1, , ,N,2,2,0,3,0,0,2,2,N, ,39 57:23.497,75 10:21.241,1540, ,1535, ,0, , , ,3, , , , , ,664260, , , ,2,0,0,0,0,0,2,0,0,0,0,0,0,0,0,0,0,0,0,0,0,0,0,0,0,0,0,0,0,0,0,0,0,0,0,0,0,39.9565,-75.1726, , 
 ,57477,2012026096,6,67,67301,2012,2,7,1510,15,1,1,0,8,1, , ,N,1,3,0,3,0,1,2,2,N,N,40 03:01.778,75 09:19.630,1645, ,1640, ,0, , , ,3, , , , , ,664269, , , ,1,1,0,0,0,0,0,0,0,0,1,0,1,0,0,0,0,0,0,0,0,1,0,0,0,0,0,0,0,0,0,0,1,0,0,3,0,40.0505,-75.1555, , 
 ,57478,2012026124,6,67,67301,2012,1,1,1242,12,1,4,5,1,1, , ,N,2,2,0,3,0,1,3,3,N,N,40 01:45.341,75 09:49.576,1300, ,1255, ,0, ,N, ,3, , , , , ,664270, , , ,3,3,0,0,0,0,0,0,0,0,0,1,1,0,0,0,0,0,0,0,0,0,0,0,0,0,0,0,0,0,0,0,0,0,0,4,0,40.0293,-75.1638, , 
 ,57479,2012036876,6,67,67301,2012,3,3,1913,19,3,1,0,4,2, , ,N,0,0,0,3,0,1,1,5,N,N,39 59:42.010,75 09:31.359,1916, ,1914,3,2,6,N, ,0,Y, , , , ,657434, , , ,5,2,0,0,1,0,2,0,0,0,0,0,1,1,0,0,0,0,0,0,0,0,0,0,0,0,0,0,0,0,0,0,0,0,0,8,0,39.995,-75.1587, , 
 ,57480,2012041639,6,67,67301,2012,3,3,623,6,1,1,0,4,6, , ,N,0,0,0,3,0,0,4,2,N,N,40 01:09.167,75 04:53.331,725, ,720,1,2,2, , ,0,Y, , , , ,657440, , , ,2,0,0,0,0,0,1,1,0,0,0,0,0,0,1,0,0,0,0,0,0,0,0,0,0,0,0,0,0,0,0,0,0,0,0,9,0,40.0192,-75.0815, , 
 ,57481,2012060809,6,67,67301,2012,5,5,1645,16,1,1,0,3,1, , ,N,1,3,0,3,0,0,5,6,N,N,39 58:45.093,75 09:42.531,1647, ,1646, ,0, ,N, ,3, , , , , ,657456, , , ,6,5,0,0,0,0,0,1,0,0,0,0,0,0,0,0,0,0,0,0,1,0,0,0,0,0,0,0,0,0,0,0,0,0,0,0,0,39.9792,-75.1618, , 
 ,57482,2012001220,6,67,67301,2012,1,1,1028,10,1,1,0,7,4, , ,N,0,0,0,3,0,0,2,1,N,N,40 00:04.976,75 04:43.696,1028, ,1028,1,1,2,N, ,0,N, , , , ,657458, , , ,1,1,0,0,0,0,0,0,0,0,0,0,0,0,0,0,0,0,0,0,0,0,0,0,0,0,0,0,0,0,0,0,0,0,0,0,0,40.0013,-75.0789, , 
 ,57483,2012017901,6,67,67301,2012,1,7,800,8,1,1,0,4,1, , ,N,0,0,0,3,0,0,1,4,N,N,40 02:01.719,75 02:17.209,805, ,803, ,0, ,N, ,0, , , , , ,657470, , , ,4,3,0,0,0,0,1,0,0,0,0,0,0,0,0,0,0,0,0,0,0,0,0,0,0,0,0,0,0,0,0,0,0,0,0,0,0,40.0338,-75.0381, , 
 ,57484,2012027760,6,67,67301,2012,2,2,2121,21,2,1,0,8,1, , ,N,2,3,0,3,0,1,2,2,N,N,40 04:00.228,74 58:58.825,2126, ,2126, ,0, ,N, ,3, , , , , ,657477, , , ,1,0,0,0,0,0,0,0,0,0,0,1,1,0,0,0,0,0,0,0,0,0,0,0,0,0,0,0,0,0,0,0,1,0,0,4,0,40.0667,-74.983, , 
 ,57485,2012034712,6,67,67301,2012,3,5,1645,16,1,1,0,4,1, , ,N,2,0,0,3,0,3,4,2,N, ,40 01:14.257,75 08:55.161,1740, ,1728, ,0, , , ,0, , , , , ,657482, , , ,2,2,0,0,0,0,0,0,0,0,0,0,3,3,1,0,0,0,0,0,1,0,0,0,0,0,0,0,0,0,0,0,0,0,0,8,0,40.0208,-75.1486, , 
 ,57486,2012020482,6,67,67301,2012,1,7,901,9,1,4,4,5,1, , ,N,0,0,0,3,0,1,2,2,N, ,40 04:48.335,75 01:45.196,9999, ,9999, ,0, ,N, ,0, , , , , ,657516, , , ,2,1,0,1,0,0,0,0,0,0,0,1,1,0,0,0,0,0,0,0,1,0,0,0,0,0,0,0,0,0,0,0,0,0,0,4,1,40.0801,-75.0292, , 
 ,57487,2012049855,6,67,67301,2012,4,7,1725,17,1,1,0,7,2, , ,N,3,2,0,3,0,1,1,1,N, ,39 56:25.699,75 11:14.495,1735, ,1730, ,0, , , ,3, , , , , ,657541, , , ,1,0,1,0,0,0,0,0,0,0,0,0,1,1,0,0,0,0,0,0,0,0,0,0,0,0,0,0,0,0,0,0,0,0,0,8,0,39.9405,-75.1874, , 
 ,57488,2012022150,6,67,67301,2012,2,4,717,7,1,1,0,0,1, , ,N,0,0,0,3,0,3,4,2,N,N,39 57:26.108,75 09:25.891,737, ,727,1,2,4,N, ,0,N, , , , ,657568, , , ,2,2,0,0,0,0,0,0,0,0,0,3,3,0,0,0,0,1,0,0,0,0,0,2,0,0,0,0,0,0,0,0,0,0,0,4,0,39.9573,-75.1572, , 
 ,57489,2012052684,6,67,67301,2012,4,6,1531,15,1,1,0,4,1, , ,N,0,0,0,3,0,4,5,2,N,N,40 01:56.046,75 09:48.340,1605, ,1553, ,0, ,N, ,0, , , , , ,657596, , , ,2,1,0,0,1,0,0,0,0,0,0,0,4,4,0,0,0,0,0,0,0,0,0,0,0,0,0,0,0,0,0,0,0,0,0,8,0,40.0322,-75.1634, , 
 ,57490,2012056708,6,67,67301,2012,5,2,1221,12,1,1,0,4,1, , ,N,1,2,0,3,0,2,3,2,N,N,39 57:55.483,75 10:26.846,1224, ,1222,1,2,1,N, ,3,Y, , , , ,657599, , , ,2,0,0,0,2,0,0,0,0,0,0,0,2,2,0,0,0,0,0,0,0,0,0,0,0,0,0,0,0,0,0,0,0,0,0,8,0,39.9654,-75.1741, , 
 ,57491,2012015341,6,67,67301,2012,1,6,1927,19,3,1,0,1,1, , ,N,2,2,0,3,0,2,3,2,N,N,39 54:32.227,75 13:58.526,1937, ,1937, ,0, ,N, ,2, , , , , ,657615, , , ,2,0,0,0,0,0,2,0,0,0,0,0,2,2,0,0,0,0,0,0,1,0,0,0,0,0,0,0,0,0,0,0,0,0,0,8,0,39.909,-75.2329, , 
 ,57492,2012028158,6,67,67301,2012,2,7,2108,21,3,4,4,5,6, , ,N,0,0,0,3,0,1,2,7,N,N,39 58:04.303,75 11:56.493,2114, ,2108, ,0, ,N, ,0, , , , , ,657623, , , ,7,4,0,0,0,0,2,1,0,0,0,0,1,1,0,0,0,0,0,0,0,0,0,0,0,0,0,0,0,0,0,0,0,0,0,8,0,39.9679,-75.199, , 
 ,57493,2012036797,6,67,67301,2012,3,5,906,9,1,2,1,1,1, , ,N,1,2,0,3,0,2,2,2,N,N,40 04:50.725,75 01:42.964,912, ,906, ,0, ,N, ,3, , , , , ,657630, , , ,2,2,0,0,0,0,0,0,0,0,0,2,2,0,0,0,0,0,0,0,1,0,0,0,0,0,0,0,0,0,0,0,0,0,0,4,0,40.0808,-75.0284, , 
 ,57494,2012032684,6,67,67301,2012,2,3,1505,15,1,1,0,8,5, , ,N,0,0,0,3,0,1,2,2,N,N,40 05:19.849,75 01:43.204,1512, ,1508, ,0, ,N, ,0, , , , , ,657684, , , ,1,0,0,0,0,0,1,0,0,0,0,1,1,0,0,0,0,0,0,0,0,1,0,0,0,0,0,0,0,0,0,0,1,0,0,4,0,40.0888,-75.0287, , 
 ,57495,2012036861,6,67,67301,2012,2,4,1015,10,1,2,1,4,1, , ,N,2,3,0,3,0,0,6,3,N,Y,39 59:39.037,75 14:07.652,1030, ,1024, ,0, ,N, ,3, , , , , ,657690, , , ,3,1,0,0,0,0,2,0,0,0,0,0,0,0,5,0,0,0,0,0,0,0,0,0,0,0,0,0,0,0,0,0,0,0,0,9,0,39.9942,-75.2355, , 
 ,57496,2012042185,6,67,67301,2012,3,5,1930,19,3,1,0,4,1, , ,N,1,2,0,3,0,1,3,2,N,N,39 58:02.216,75 07:44.286,1930, ,1930,9,1,1,N, ,3,N, , , , ,657697, , , ,2,0,0,0,1,0,1,0,0,0,0,0,1,1,0,0,0,0,0,0,2,0,0,0,0,0,0,0,0,0,0,0,0,0,0,8,0,39.967,-75.1294, , 
 ,57497,2012056696,6,67,67301,2012,5,1,2227,22,3,1,0,4,1, , ,N,1,2,0,3,0,1,3,2,N,N,39 55:19.930,75 13:49.176,2228, ,2228, ,0, ,N, ,3, , , , , ,660486, , , ,2,2,0,0,0,0,0,0,0,0,0,1,1,0,0,0,0,0,0,0,0,0,0,0,0,0,0,0,0,0,0,0,0,0,0,4,0,39.9222,-75.2303, , 
 ,57498,2012017900,6,67,67301,2012,1,6,1748,17,3,1,0,8,1, , ,N,2,0,0,3,0,1,2,2,N,N,40 01:22.093,75 04:38.873,1755, ,1750, ,0, ,N, ,0, , , , , ,660507, , , ,1,1,0,0,0,0,0,0,0,0,0,1,1,0,0,0,0,0,0,0,0,0,0,0,0,0,0,0,0,0,0,0,1,0,0,4,0,40.0228,-75.0775, , 
 ,57499,2012032689,6,67,67301,2012,2,7,1959,19,3,1,0,4,1, , ,N,1,2,0,3,0,1,2,2,N,N,40 03:49.709,75 10:22.442,2054, ,2037, ,0, ,N, ,3, , , , , ,660522, , , ,1,0,0,0,0,0,1,0,1,0,1,0,1,0,0,0,0,0,0,0,0,0,0,0,0,0,0,0,0,0,0,0,0,0,0,3,0,40.0638,-75.1729, , 
 ,57500,2012034618,6,67,67301,2012,3,5,718,7,1,2,1,8,1, , ,N,1,2,0,3,0,1,2,2,N,N,39 55:35.327,75 11:09.705,722, ,720, ,0, ,N, ,3, , , , , ,660524, , , ,1,0,0,1,0,0,0,0,0,0,0,1,1,0,0,0,0,0,0,0,0,0,0,0,0,0,0,0,0,0,0,0,1,0,0,4,1,39.9265,-75.186, , 
 ,57501,2012035825,6,67,67301,2012,4,5,1918,19,1,1,0,1,1, , ,N,0,0,0,3,0,1,2,2,N,N,40 00:02.503,75 11:41.175,1927, ,1927,1,1,3,N, ,0,N, , , , ,660525, , , ,2,2,0,0,0,0,0,0,0,0,1,0,1,0,0,0,0,0,0,0,1,0,0,0,0,0,0,0,0,0,0,0,0,0,0,3,0,40.0007,-75.1948, , 
 ,57502,2012041622,6,67,67301,2012,3,6,1225,12,1,1,0,4,1, , ,N,0,0,7,3,0,1,3,2,N,N,39 58:45.896,75 13:04.277,1242, ,1240, ,0, ,N, ,0, , , , , ,660529, , , ,2,2,0,0,0,0,0,0,0,0,0,1,1,0,0,0,0,0,0,0,1,0,0,0,0,0,0,0,0,0,0,0,0,0,0,4,0,39.9794,-75.2179, , 
 ,57503,2012042215,6,67,67301,2012,3,1,130,1,3,2,1,8,1, , ,N,2,2,0,3,0,1,2,2,N,N,40 00:09.432,75 09:39.099,605, ,557, ,0, ,N, ,3, , , , , ,660530, , , ,1,0,0,0,0,0,0,0,0,0,0,1,1,0,0,0,0,0,0,0,0,0,0,0,0,0,0,0,0,0,0,0,1,0,0,4,0,40.0026,-75.1608, , 
 ,57504,2012036639,6,67,67301,2012,4,2,1845,18,1,1,0,1,1, , ,N,0,0,0,3,0,3,6,2,N,N,39 58:45.676,75 06:28.305,1846, ,1846,1,1,1,N, ,0,N, , , , ,660578, , , ,2,1,0,0,0,0,0,1,0,0,0,3,3,0,1,0,0,0,1,0,0,0,0,1,0,0,0,0,0,0,0,0,0,0,0,4,0,39.9793,-75.108, , 
 ,57505,2012032558,6,67,67301,2012,2,4,2315,23,3,1,0,4,6, , ,N,0,0,0,3,0,1,1,3,N, ,40 00:16.157,75 10:31.186,1205, ,1202, ,0, , , ,0, , , , , ,660608, , , ,3,1,0,0,2,0,0,0,0,0,0,0,1,1,0,0,0,0,0,0,0,0,0,0,0,0,0,0,0,0,0,0,0,0,0,8,0,40.0045,-75.1753, , 
 ,57506,2012032620,6,67,67301,2012,2,3,1950,19,3,1,0,4,2, , ,N,0,0,7,3,0,1,2,2,N,N,39 55:18.245,75 08:50.526,2029, ,2028, ,0, ,N, ,0, , , , , ,660609, , , ,1,0,0,0,1,0,0,0,1,0,0,1,1,0,0,0,0,0,0,0,0,0,0,0,0,0,0,0,0,0,0,0,0,0,0,4,0,39.9217,-75.1474, , 
 ,57507,2012033058,6,67,67301,2012,2,1,1936,19,3,9,0,4,1, , ,N,1,3,0,3,0,2,6,2,N,N,40 03:01.414,75 09:11.224,2055, ,2025, ,0, ,N, ,3, , , , , ,660610, , , ,2,2,0,0,0,0,0,0,0,0,0,2,2,0,0,0,1,0,0,0,0,0,0,0,0,0,0,0,0,0,0,0,0,0,0,4,0,40.0504,-75.1531, , 
 ,57508,2012036874,6,67,67301,2012,3,7,1800,18,2,1,0,8,2, , ,N,0,0,0,3,0,2,3,3,N, ,39 59:07.184,75 11:06.774,2100, ,2053, ,0, , , ,0, , , , , ,660618, , , ,1,1,0,0,0,0,0,0,0,0,0,2,2,0,0,0,0,0,0,0,0,0,0,0,0,0,0,0,0,0,0,0,2,0,0,4,0,39.9853,-75.1852, , 
 ,57509,2012036983,6,67,67301,2012,2,3,1730,17,3,1,0,4,1, , ,N,0,0,0,3,0,1,2,2,N,N,40 03:22.698,75 08:24.390,1818, ,1815, ,0, ,N, ,0, , , , , ,660619, , , ,2,1,0,0,1,0,0,0,0,0,0,0,1,1,0,0,0,0,1,0,1,0,0,0,0,0,0,0,0,0,0,0,0,0,0,8,0,40.0565,-75.14, , 
 ,57510,2012027743,6,67,67301,2012,2,6,9999,99,3,1,0,8,1, , ,N,0,2,0,3,1,0,2,2,N,N,40 03:24.306,75 00:48.258,805, ,755,2,2,3,N,0,3,Y, , , , ,660661, , , ,1,0,0,0,1,0,0,0,0,0,0,0,0,0,0,0,0,0,0,0,1,0,0,0,0,0,0,0,0,0,0,0,1,1,0,1,0,40.0568,-75.0134,2, 
 ,57511,2012042154,6,67,67301,2012,3,2,2110,21,3,1,0,8,1, , ,N,0,7,0,3,0,1,2,2,N,N,40 01:10.880,75 08:03.044,9999, ,9999, ,0, ,N, ,3, , , , , ,660673, , , ,1,1,0,0,0,0,0,0,0,0,0,0,1,1,0,0,0,0,0,0,0,0,0,0,0,0,0,0,0,0,0,0,1,0,0,8,0,40.0197,-75.1342, , 
 ,57512,2012046689,6,67,67301,2012,5,4,1213,12,1,1,0,1,1, , ,N,0,0,5,3,0,1,2,2,N, ,39 54:33.618,75 09:17.579,1213, ,1213, ,0, , , ,0, , , , , ,660676, , , ,2,2,0,0,0,0,0,0,0,0,0,0,1,1,0,0,0,0,0,0,1,0,0,0,0,0,0,0,0,0,0,0,0,0,0,8,0,39.9093,-75.1549, , 
 ,57513,2012051913,6,67,67301,2012,4,7,2045,20,3,2,1,1,6, , ,N,0,0,0,3,0,1,1,4,N,N,40 03:03.333,75 11:03.886,9999, ,2100, ,0, ,N, ,0, , , , , ,660679, , , ,4,3,0,0,0,0,1,0,0,0,0,0,1,1,0,0,0,0,0,0,0,0,0,0,0,0,0,0,0,0,0,0,0,0,0,8,0,40.0509,-75.1844, , 
 ,57514,2012013109,6,67,67301,2012,1,2,320,3,3,1,0,5,6, , ,N,0,0,0,3,0,0,1,4,N,N,40 07:22.368,74 59:24.036,9999, ,328, ,0, ,N, ,0, , , , , ,660688, , , ,4,3,0,0,0,0,1,0,0,0,0,0,0,0,0,0,0,0,0,0,0,0,0,0,0,0,0,0,0,0,0,0,0,0,0,0,0,40.1229,-74.99, , 
 ,57515,2012011007,6,67,67301,2012,1,5,1731,17,3,1,0,1,1, , ,N,0,0,0,3,0,0,3,3,N,N,39 56:33.938,75 08:34.371,1739, ,1736,1,2,1,N, ,0,N, , , , ,667337, , , ,3,2,0,0,0,0,1,0,0,0,0,0,0,0,0,0,0,0,0,0,0,1,0,0,0,0,0,0,0,0,0,0,0,0,0,0,0,39.9426,-75.1429, , 
 ,57516,2012015511,6,67,67301,2012,1,4,1530,15,1,1,0,1,2, , ,N,1,0,0,3,0,0,4,2,N,N,39 59:52.107,75 07:26.172,1534, ,1530, ,0, ,N, ,0, , , , , ,667340, , , ,2,1,0,0,0,0,1,0,0,0,0,0,0,0,0,0,0,0,0,0,0,0,0,0,0,0,0,0,0,0,0,0,0,0,0,0,0,39.9978,-75.1239, , 
 ,57517,2012030913,6,67,67301,2012,2,4,1416,14,1,2,1,1,1, , ,N,0,0,0,3,0,2,3,2,N,N,39 56:41.787,75 11:28.060,1424, ,1420,1,1,3,N, ,0,N, , , , ,667353, , , ,2,2,0,0,0,0,0,0,0,0,1,1,2,0,0,0,0,0,0,0,2,0,0,1,0,0,0,0,0,0,0,0,0,0,0,3,0,39.9449,-75.1911, , 
 ,57518,2012034800,6,67,67301,2012,3,5,1017,10,1,1,0,4,1, , ,N,1,0,0,3,0,1,2,2,N,N,39 57:30.117,75 09:30.481,1025, ,1018, ,0, ,N, ,0, , , , , ,667360, , , ,2,1,0,0,0,0,1,0,0,0,0,1,1,0,0,0,0,0,0,0,0,0,0,0,0,0,0,0,0,0,0,0,0,0,0,4,0,39.9584,-75.1585, , 
 ,57519,2012013077,6,67,67301,2012,1,1,400,4,3,1,0,7,5, , ,N,0,0,0,3,0,0,1,1,N, ,40 03:27.925,75 01:51.456,404, ,402, ,0, , , ,0, , , , , ,667382, , , ,1,1,0,0,0,0,0,0,0,0,0,0,0,0,0,0,0,0,0,0,0,0,0,0,0,0,0,0,0,0,0,0,0,0,0,0,0,40.0578,-75.031, , 
 ,57520,2012014415,6,67,67301,2012,2,7,2334,23,3,1,0,7,2, , ,N,0,0,0,3,0,0,1,1,N,N,39 57:31.971,75 10:15.210,2337, ,2334,1,2,3,N, ,0,N, , , , ,667385, , , ,1,1,0,0,0,0,0,0,0,0,0,0,0,0,0,0,0,0,0,0,0,0,0,0,0,0,0,0,0,0,0,0,0,0,0,0,0,39.9589,-75.1709, , 
 ,57521,2012027093,6,67,67301,2012,3,2,1734,17,1,1,0,1,1, , ,N,0,0,0,3,0,1,2,2,N,N,39 57:57.832,75 11:11.866,1753, ,1739, ,0, ,N, ,0, , , , , ,667399, , , ,2,2,0,0,0,0,0,0,0,0,0,0,1,1,0,0,0,0,0,0,0,0,0,0,0,0,0,0,0,0,0,0,0,0,0,8,0,39.9661,-75.1866, , 
 ,57522,2012015409,6,67,67301,2012,1,3,2002,20,3,1,0,4,1, , ,N,3,0,7,3,0,2,3,2,N,N,40 00:11.399,75 04:43.962,2113, ,2100,9,1,2,N, ,0,Y, , , , ,667439, , , ,2,1,0,0,0,0,0,1,0,0,0,0,2,2,0,0,0,0,0,0,1,0,0,0,0,0,0,0,0,0,0,0,0,0,0,8,0,40.0032,-75.0789, , 
 ,57523,2012037004,6,67,67301,2012,2,6,2230,22,2,1,0,1,1, , ,N,0,0,0,3,0,1,3,2,N,N,40 00:09.901,75 08:55.806,2315, ,2312, ,0, ,N, ,0, , , , , ,667455, , , ,2,2,0,0,0,0,0,0,0,0,0,1,1,0,0,0,0,0,0,0,1,0,0,0,0,0,0,0,0,0,0,0,0,0,0,4,0,40.0028,-75.1488, , 
 ,57524,2012042556,6,67,67301,2012,3,2,630,6,1,1,0,4,1, , ,N,0,0,7,3,0,2,2,2,N,N,39 56:00.519,75 13:02.913,9999, ,911, ,0, ,N, ,0, , , , , ,667463, , , ,2,1,0,0,0,1,0,0,0,0,0,1,2,1,0,0,0,0,0,0,0,0,0,0,0,0,0,0,0,0,0,0,0,0,0,4,1,39.9335,-75.2175, , 
 ,57525,2012051911,6,67,67301,2012,4,6,1200,12,1,1,0,1,1, , ,N,0,0,0,3,0,3,5,3,N,N,40 02:14.035,75 09:58.892,9999, ,1220, ,0, ,N, ,0, , , , , ,667473, , , ,3,2,0,0,0,0,1,0,0,0,0,0,3,3,0,0,0,0,1,0,1,0,0,0,0,0,0,0,0,0,0,0,0,0,0,8,0,40.0372,-75.1664, , 
 ,57526,2012051960,6,67,67301,2012,4,3,843,8,1,1,0,5,2, , ,N,0,0,0,3,0,0,1,2,N, ,40 04:18.245,75 09:27.661,850, ,845, ,0, , , ,0, , , , , ,667474, , , ,2,1,0,0,0,1,0,0,0,0,0,0,0,0,0,0,0,0,0,0,1,0,0,0,0,0,0,0,0,0,0,0,0,0,0,0,0,40.0717,-75.1577, , 
 ,57527,2012050199,6,67,67301,2012,4,1,1412,14,1,2,1,4,1, , ,N,1,3,0,3,0,1,4,2,N,N,39 59:48.145,75 09:47.627,1425, ,1417, ,0, ,N, ,3, , , , , ,667520, , , ,2,2,0,0,0,0,0,0,0,0,0,1,1,0,2,0,0,0,0,0,1,0,0,0,0,0,0,0,0,0,0,0,0,0,0,4,0,39.9967,-75.1632, , 
 ,57528,2012068893,6,67,67301,2012,6,6,1150,11,1,1,0,7,3, , ,N,1,2,0,3,0,2,2,1,N,N,40 03:32.620,75 02:41.176,1200, ,1156, ,0, ,N, ,3, , , , , ,667523, , , ,1,1,0,0,0,0,0,0,0,0,2,0,2,0,0,0,0,0,0,0,1,0,0,1,0,0,0,0,0,0,0,0,0,0,0,3,0,40.059,-75.0448, , 
 ,57529,2012068915,6,67,67301,2012,5,5,2122,21,3,2,0,5,1, , ,N,0,0,0,3,0,1,3,2,N, ,40 00:29.720,75 08:36.198,2135, ,2125, ,0, , , ,0, , , , , ,667524, , , ,1,0,0,0,0,0,1,0,1,0,1,0,1,0,0,0,0,0,0,0,0,0,0,0,0,0,0,0,0,0,0,0,0,0,0,3,0,40.0083,-75.1435, , 
 ,57530,2012026165,6,67,67301,2012,2,2,1640,16,1,1,0,7,1, , ,N,1,2,0,3,0,1,1,1,N,N,40 00:25.549,75 05:38.543,1750, ,1748, ,0, ,N, ,3, , , , , ,667542, , , ,1,0,0,0,1,0,0,0,0,0,0,0,1,1,0,0,0,0,0,0,0,0,0,0,0,0,0,0,0,0,0,0,0,0,0,8,0,40.0071,-75.094, , 
 ,57531,2012039826,6,67,67301,2012,2,7,725,7,3,2,1,1,1, , ,N,0,0,0,3,0,1,6,3,N,N,40 06:53.347,75 01:18.069,1926, ,1925, ,0, ,N, ,0, , , , , ,667554, , , ,3,3,0,0,0,0,0,0,0,0,0,0,1,1,0,0,0,0,0,1,0,1,0,0,0,0,0,0,0,0,0,0,0,0,0,8,0,40.1152,-75.0213, , 
 ,57532,2012042199,6,67,67301,2012,3,6,1543,15,1,1,0,4,1, , ,N,1,2,0,3,0,3,3,2,N,N,39 55:26.156,75 13:19.597,1807, ,1642, ,0, ,N, ,3, , , , , ,667555, , , ,2,2,0,0,0,0,0,0,0,0,1,1,3,1,0,0,0,0,0,0,0,0,0,0,0,0,0,0,0,0,0,0,0,0,0,3,0,39.9239,-75.2221, , 