wz_ln_closure,objectid_1,crn,district,county,municipality,crash_year,crash_month,day_of_week,time_of_day,hour_of_day,illumination,weather,road_condition,collision_type,relation_to_road,work_zone_type,work_zone_loc,work_zone_ind,intersect_type,tcd_type,location_type,urban_rural,fatal_count,injury_count,person_count,total_units,sch_bus_ind,sch_zone_ind,latitude,longitude,arrival_tm,cons_zone_spd_lim,dispatch_tm,est_hrs_closed,lane_closed,ln_close_dir,ntfy_hiwy_maint,spec_juris_cd,tcd_func_cd,tfc_detour_ind,workers_pres,wz_close_detour,wz_flagger,wz_law_offcr_ind,objectid,wz_moving,wz_other,wz_shlder_mdn,vehicle_count,automobile_count,motorcycle_count,bus_count,small_truck_count,heavy_truck_count,suv_count,van_count,bicycle_count,maj_inj_count,mod_inj_count,min_inj_count,tot_inj_count,unk_inj_deg_count,unk_inj_per_count,driver_count_16yr,driver_count_17yr,driver_count_18yr,driver_count_19yr,driver_count_20yr,driver_count_50_64yr,driver_count_65_74yr,driver_count_75plus,unbelted_occ_count,unb_death_count,unb_maj_inj_count,belted_death_count,belted_maj_inj_count,mcycle_death_count,mcycle_maj_inj_count,bicycle_death_count,bicycle_maj_inj_count,ped_count,ped_death_count,ped_maj_inj_count,max_severity_level,comm_veh_count,dec_lat,dec_long,rdwy_surf_type_cd,county_name
 ,57533,2012048076,6,67,67301,2012,4,7,1645,16,1,1,0,4,1, , ,N,5,2,0,3,0,2,4,2,N, ,39 59:17.415,75 08:46.215,1648, ,1645,2,1,2, , ,3,Y, , , , ,667560, , , ,2,2,0,0,0,0,0,0,0,0,0,2,2,0,0,0,0,0,0,0,0,0,0,2,0,0,0,0,0,0,0,0,0,0,0,4,0,39.9882,-75.1462, , 
 ,57534,2012037394,6,67,67301,2012,3,1,2338,23,3,1,0,7,3, , ,N,0,0,0,3,0,1,1,1,N,N,40 03:52.263,75 03:05.717,2356, ,2355,9,2,5,N, ,0,Y, , , , ,664282, , , ,1,0,0,0,1,0,0,0,0,0,0,0,1,1,0,0,0,0,0,0,0,0,0,0,0,0,0,0,0,0,0,0,0,0,0,8,0,40.0645,-75.0516, , 
 ,57535,2012047193,6,67,67301,2012,4,3,739,7,1,1,0,1,1, , ,N,2,2,0,3,0,1,3,3,N,N,40 06:44.590,74 59:27.519,744, ,740,1,2,2,N, ,3,N, , , , ,664296, , , ,3,0,1,0,0,0,2,0,0,0,1,0,1,0,0,0,0,0,0,1,1,0,1,0,0,0,0,0,0,0,0,0,0,0,0,3,0,40.1124,-74.991, , 
 ,57536,2012048179,6,67,67301,2012,3,1,1158,11,1,1,0,4,1, , ,N,1,3,0,3,0,1,3,2,N,N,39 58:28.135,75 14:20.889,1221, ,1202, ,0, ,N, ,3, , , , , ,664297, , , ,2,2,0,0,0,0,0,0,0,0,0,1,1,0,0,0,0,0,0,0,0,0,0,0,0,0,0,0,0,0,0,0,0,0,0,4,0,39.9745,-75.2391, , 
 ,57537,2012017871,6,67,67301,2012,1,1,340,3,3,1,0,7,5, , ,N,0,2,0,3,0,0,1,1,N,N,40 04:45.562,74 59:53.341,346, ,342,9,2,5,N, ,3,Y, , , , ,664315, , , ,1,1,0,0,0,0,0,0,0,0,0,0,0,0,0,0,0,0,0,0,0,0,0,0,0,0,0,0,0,0,0,0,0,0,0,0,0,40.0793,-74.9982, , 
 ,57538,2012017929,6,67,67301,2012,1,7,1453,14,1,1,0,8,1, , ,N,2,2,0,3,0,1,2,2,N,N,40 04:12.678,75 01:52.619,1458, ,1457, ,0, ,N, ,3, , , , , ,664316, , , ,1,1,0,0,0,0,0,0,0,0,0,0,1,1,1,0,0,0,0,0,0,1,0,1,0,0,0,0,0,0,0,0,1,0,0,8,0,40.0702,-75.0313, , 
 ,57539,2012020519,6,67,67301,2012,1,7,1345,13,1,1,0,4,1, , ,N,1,2,0,3,0,0,5,2,N,N,39 58:53.043,75 10:43.906,1350, ,1349, ,0, ,N, ,3, , , , , ,664317, , , ,2,1,0,0,0,0,1,0,0,0,0,0,0,0,0,0,0,0,0,1,0,0,0,0,0,0,0,0,0,0,0,0,0,0,0,0,0,39.9814,-75.1789, , 
 ,57540,2012026065,6,67,67301,2012,1,7,2125,21,3,1,0,1,1, , ,N,0,0,0,3,0,0,2,2,N,N,39 59:54.783,75 08:57.087,2126, ,2125, ,0, ,N, ,0, , , , , ,664322, , , ,2,1,0,0,0,0,0,1,0,0,0,0,0,0,0,0,0,0,0,0,0,0,0,1,0,0,0,0,0,0,0,0,0,0,0,0,0,39.9986,-75.1492, , 
 ,57541,2012036769,6,67,67301,2012,3,4,2200,22,3,1,0,4,1, , ,N,0,0,0,3,0,0,2,2,N,N,39 54:53.090,75 09:19.957,2207, ,2203, ,0, ,N, ,0, , , , , ,664328, , , ,2,2,0,0,0,0,0,0,0,0,0,0,0,0,0,0,0,0,0,1,1,0,0,0,0,0,0,0,0,0,0,0,0,0,0,0,0,39.9147,-75.1555, , 
 ,57542,2012049763,6,67,67301,2012,4,5,1338,13,1,1,0,4,1, , ,N,1,2,0,3,0,1,2,2,N, ,39 58:34.718,75 10:59.115,1340, ,1340,9,1,3, , ,3,N, , , , ,664333, , , ,1,0,0,0,0,1,0,0,1,0,0,0,1,1,0,0,0,0,0,0,0,0,0,0,0,0,0,0,0,0,0,0,0,0,0,8,0,39.9763,-75.1831, , 
 ,57543,2012060670,6,67,67301,2012,5,3,2215,22,3,1,0,4,1, , ,N,1,2,0,3,0,3,4,2,N,N,40 00:43.066,75 08:09.135,2220, ,2217,2,2,7,N, ,3,Y, , , , ,664341, , , ,2,2,0,0,0,0,0,0,0,0,0,0,3,3,1,0,0,0,0,0,0,0,0,0,0,0,0,0,0,0,0,0,0,0,0,8,0,40.012,-75.1359, , 
 ,57544,2012063916,6,67,67301,2012,5,5,1826,18,1,1,0,7,5, , ,N,0,0,0,3,0,1,1,1,N,N,39 54:50.400,75 10:11.809,1830, ,1826, ,0, ,N, ,0, , , , , ,664344, , , ,1,0,0,0,1,0,0,0,0,0,0,1,1,0,0,0,0,0,0,0,0,0,0,0,0,0,0,0,0,0,0,0,0,0,0,4,0,39.914,-75.1699, , 
 ,57545,2012066511,6,67,67301,2012,6,3,615,6,1,1,0,4,1, , ,N,1,2,0,3,0,1,3,3,N,N,40 01:36.522,75 07:02.104,639, ,30,2,1,2,N, ,3,N, , , , ,664345, , , ,3,1,0,0,0,0,2,0,0,0,0,1,1,0,0,0,0,0,0,0,2,0,0,0,0,0,0,0,0,0,0,0,0,0,0,4,0,40.0268,-75.117, , 
 ,57546,2012014073,6,67,67301,2012,2,6,1126,11,1,1,0,5,1, , ,N,0,0,0,3,0,0,3,3,N,N,39 58:48.687,75 12:19.319,1132, ,1128,1,1,4,N, ,0,N, , , , ,664363, , , ,3,1,0,0,0,1,1,0,0,0,0,0,0,0,1,0,0,0,0,0,0,0,0,0,0,0,0,0,0,0,0,0,0,0,0,9,0,39.9802,-75.2054, , 
 ,57547,2012034717,6,67,67301,2012,2,6,5,0,3,1,0,7,5, , ,N,0,0,0,3,0,1,1,1,N,N,40 01:10.167,75 08:34.425,13, ,8, ,0, ,N, ,0, , , , , ,664380, , , ,1,0,0,0,0,0,0,1,0,0,0,1,1,0,0,0,0,0,0,0,0,0,0,0,0,0,0,0,0,0,0,0,0,0,0,4,0,40.0195,-75.1429, , 
 ,57548,2012034748,6,67,67301,2012,3,1,449,4,3,9,0,4,1, , ,N,1,2,0,3,0,1,2,2,N,N,40 00:36.531,75 07:17.602,455, ,454, ,0, , , ,3, , , , , ,664381, , , ,2,0,0,0,1,0,0,0,0,0,0,1,1,0,0,0,0,0,0,0,0,0,0,0,0,0,0,0,0,0,0,0,0,0,0,4,0,40.0101,-75.1214, , 
 ,57549,2012034817,6,67,67301,2012,3,5,1430,14,1,1,0,5,2, , ,N,0,0,0,3,0,1,1,3,N,N,39 59:26.605,75 08:31.793,1450, ,1440,2,2,4,N, ,0,Y, , , , ,664382, , , ,3,1,0,0,2,0,0,0,0,0,0,0,1,1,0,0,0,0,0,0,1,0,0,0,0,0,0,0,0,0,0,0,0,0,0,8,0,39.9907,-75.1422, , 
 ,57550,2012023800,6,67,67301,2012,2,3,1839,18,3,1,0,9,1, , ,N,6,0,2,3,0,1,1,1,N,N,39 53:22.099,75 14:28.167,1844, ,1840, ,0, ,N, ,0, , , , , ,664416, , , ,1,1,0,0,0,0,0,0,0,0,0,1,1,0,0,0,0,0,0,0,1,0,0,0,0,0,0,0,0,0,0,0,0,0,0,4,0,39.8913,-75.2387, , 
 ,57551,2012029143,6,67,67301,2012,3,6,1909,19,3,1,0,1,1, , ,N,0,0,0,3,0,2,6,3,N,N,39 58:52.214,75 12:24.438,1917, ,1910, ,0, ,N, ,0, , , , , ,664424, , , ,3,2,0,0,0,0,0,0,0,0,0,2,2,0,1,0,0,0,0,0,0,0,0,0,0,0,0,0,0,0,0,0,0,0,0,4,0,39.9812,-75.2068, , 
 ,57552,2012020557,6,67,67301,2012,1,3,9999,99,1,1,1,7,5, , ,N,1,0,0,3,0,0,1,1,N, ,40 02:09.368,75 02:32.560,842, ,835, ,0, , , ,0, , , , , ,657707, , , ,1,0,0,0,0,0,1,0,0,0,0,0,0,0,0,0,0,0,0,0,0,0,0,0,0,0,0,0,0,0,0,0,0,0,0,0,0,40.0359,-75.0424, , 
 ,57553,2012028179,6,67,67301,2012,2,4,1258,12,1,1,0,4,1, , ,N,2,2,6,3,0,0,3,2,N,N,40 05:05.544,75 01:30.616,1305, ,1300,1,1,2,N, ,3,N, , , , ,657711, , , ,2,0,0,0,0,0,1,1,0,0,0,0,0,0,0,0,0,0,0,0,2,0,0,0,0,0,0,0,0,0,0,0,0,0,0,0,0,40.0847,-75.0251, , 
 ,57554,2012041487,6,67,67301,2012,3,3,153,1,3,1,0,7,5, , ,N,0,0,0,3,0,0,1,1,N, ,40 00:35.376,75 04:09.649,205, ,159,2,2,3, , ,0,Y, , , , ,657722, , , ,1,0,0,0,0,1,0,0,0,0,0,0,0,0,0,0,0,0,0,0,0,0,0,0,0,0,0,0,0,0,0,0,0,0,0,0,1,40.0098,-75.0693, , 
 ,57555,2012041617,6,67,67301,2012,3,7,2136,21,3,1,0,4,1, , ,N,0,2,0,3,0,0,2,4,N,N,39 57:12.191,75 11:03.031,2143, ,2136, ,0, ,N, ,3, , , , , ,657723, , , ,4,1,0,0,2,0,1,0,0,0,0,0,0,0,1,0,0,0,0,0,0,0,0,0,0,0,0,0,0,0,0,0,0,0,0,9,0,39.9534,-75.1842, , 
 ,57556,2012042149,6,67,67301,2012,3,2,1701,17,1,1,0,4,1, , ,N,1,2,0,3,0,0,2,2,N,N,39 53:51.271,75 15:08.228,1705, ,1705, ,0, ,N, ,3, , , , , ,657724, , , ,2,1,0,0,0,0,1,0,0,0,0,0,0,0,0,0,0,0,0,0,0,1,0,0,0,0,0,0,0,0,0,0,0,0,0,0,0,39.8974,-75.2522, , 
 ,57557,2012048057,6,67,67301,2012,4,5,2011,20,3,1,0,8,1, , ,N,0,0,0,3,0,1,2,2,N,N,39 59:22.603,75 14:55.550,2200, ,2157, ,0, ,N, ,0, , , , , ,657732, , , ,1,1,0,0,0,0,0,0,0,0,0,1,1,0,0,0,0,0,0,0,0,0,0,0,0,0,0,0,0,0,0,0,1,0,0,4,0,39.9896,-75.2488, , 
 ,57558,2012056660,6,67,67301,2012,5,7,2048,20,3,1,0,4,1, , ,N,0,0,0,3,0,1,4,2,N,N,39 57:15.558,75 12:14.976,2056, ,2053, ,0, ,N, ,0, , , , , ,657740, , , ,2,1,0,0,0,0,1,0,0,0,0,1,1,0,0,0,0,0,0,0,0,0,0,0,0,0,0,0,0,0,0,0,0,0,0,4,0,39.9543,-75.2042, , 
 ,57559,2012056737,6,67,67301,2012,4,1,1420,14,1,1,0,4,1, , ,N,1,2,0,3,0,1,2,2,N,N,40 01:26.923,75 07:59.564,1445, ,1425, ,0, ,N, ,3, , , , , ,657741, , , ,2,1,0,0,0,0,0,1,0,0,0,1,1,0,0,0,0,1,0,0,0,0,0,0,0,0,0,0,0,0,0,0,0,0,0,4,0,40.0242,-75.133, , 
 ,57560,2012017903,6,67,67301,2012,1,4,2230,22,3,2,1,4,1, , ,N,1,2,0,3,0,1,2,2,N,N,40 01:40.752,75 03:26.701,2235, ,2230, ,0, , , ,9, , , , , ,657757, , , ,2,1,0,0,0,0,0,1,0,0,0,1,1,0,1,0,0,0,0,0,0,0,0,2,0,0,0,0,0,0,0,0,0,0,0,4,0,40.028,-75.0574, , 
 ,57561,2012027231,6,67,67301,2012,3,6,1608,16,1,1,0,1,1, , ,N,0,0,0,3,0,0,4,3,N,N,39 57:25.762,75 09:25.799,1613, ,1613, ,0, ,N, ,0, , , , , ,657765, , , ,3,3,0,0,0,0,0,0,0,0,0,0,0,0,0,0,0,0,0,0,0,1,0,0,0,0,0,0,0,0,0,0,0,0,0,0,0,39.9572,-75.1572, , 
 ,57562,2012028196,6,67,67301,2012,2,4,821,8,1,1,0,4,1, , ,N,1,3,0,3,0,1,3,2,N,N,40 02:09.349,75 07:35.780,848, ,839, ,0, ,N, ,3, , , , , ,657767, , , ,2,2,0,0,0,0,0,0,0,0,0,1,1,0,0,0,0,1,0,0,0,0,0,0,0,0,0,0,0,0,0,0,0,0,0,4,0,40.0359,-75.1266, , 
 ,57563,2012032673,6,67,67301,2012,2,4,1515,15,1,2,1,1,1, , ,N,0,2,0,3,0,1,3,2,N,N,40 05:59.771,75 01:17.039,1545, ,1537, ,0, , , ,3, , , , , ,657774, , , ,2,1,0,0,0,0,1,0,0,0,0,0,1,1,0,0,0,0,0,0,2,0,0,0,0,0,0,0,0,0,0,0,0,0,0,8,0,40.0999,-75.0214, , 
 ,57564,2012048345,6,67,67301,2012,4,2,1130,11,1,1,0,4,1, , ,N,1,2,0,3,0,1,2,2,N,N,39 59:45.293,75 05:31.432,1140, ,1132, ,0, ,N, ,3, , , , , ,657786, , , ,2,0,1,0,1,0,0,0,0,0,0,0,1,1,0,0,0,0,0,0,1,1,0,0,0,0,0,0,0,0,0,0,0,0,0,8,0,39.9959,-75.0921, , 
 ,57565,2012015422,6,67,67301,2012,1,7,540,5,3,1,0,8,1, , ,N,1,2,0,3,0,1,2,2,N,N,39 56:58.740,75 09:37.407,555, ,546, ,0, ,N, ,3, , , , , ,657806, , , ,1,1,0,0,0,0,0,0,0,0,0,1,1,0,0,0,0,0,0,0,0,0,0,1,0,0,0,0,0,0,0,0,1,0,0,4,0,39.9497,-75.1604, , 
 ,57566,2012015446,6,67,67301,2012,1,1,1245,12,1,1,0,4,1, , ,N,1,2,0,3,0,1,3,2,N,N,39 55:26.800,75 10:03.408,1253, ,1249, ,0, ,N, ,2, , , , , ,657807, , , ,1,1,0,0,0,0,0,0,1,0,0,1,1,0,0,0,0,0,0,0,0,0,0,0,0,0,0,0,0,0,0,0,0,0,0,4,0,39.9241,-75.1676, , 
 ,57567,2012032605,6,67,67301,2012,2,3,1310,13,1,1,0,1,1, , ,N,0,0,0,3,0,1,2,2,N,N,39 57:13.853,75 11:16.354,1310, ,1310,2,2,3,N, ,0,N, , , , ,657824, , , ,2,1,0,0,0,1,0,0,0,0,0,0,1,1,0,0,0,0,0,0,1,1,0,0,0,0,0,0,0,0,0,0,0,0,0,8,1,39.9539,-75.1879, , 
 ,57568,2012050201,6,67,67301,2012,4,2,809,8,1,1,0,1,1, , ,N,1,2,0,3,0,1,2,2,N,N,40 01:54.724,75 07:19.750,1110, ,1105, ,0, ,N, ,3, , , , , ,657837, , , ,2,1,0,0,1,0,0,0,0,0,0,1,1,0,0,0,0,0,0,0,0,0,0,0,0,0,0,0,0,0,0,0,0,0,0,4,0,40.0319,-75.1222, , 
 ,57569,2012015412,6,67,67301,2012,1,4,620,6,5,1,0,1,1, , ,N,1,2,0,3,0,1,3,2,N,N,40 02:02.361,75 04:27.863,645, ,625,1,1,1,N, ,3,N, , , , ,657858, , , ,2,2,0,0,0,0,0,0,0,0,0,1,1,0,0,0,0,1,0,0,0,1,0,0,0,0,0,0,0,0,0,0,0,0,0,4,0,40.034,-75.0744, , 
 ,57570,2012032639,6,67,67301,2012,2,6,1700,17,1,1,0,4,1, , ,N,1,3,0,3,0,7,7,2,N,N,40 00:03.643,75 07:25.222,1728, ,1726,2,2,3, , ,3,Y, , , , ,660700, , , ,2,1,0,0,0,0,1,0,0,0,1,5,7,1,0,0,0,0,0,0,0,0,0,0,0,0,0,0,0,0,0,0,0,0,0,3,0,40.001,-75.1237, , 
 ,57571,2012041651,6,67,67301,2012,3,1,1942,19,3,1,0,4,1, , ,N,0,0,7,3,0,1,5,2,N,N,39 56:22.073,75 13:23.655,1955, ,1944, ,0, ,N, ,0, , , , , ,660710, , , ,2,0,0,0,0,0,1,0,0,0,1,0,1,0,0,0,1,0,0,0,0,0,0,2,0,0,0,0,0,0,0,0,0,0,0,3,0,39.9395,-75.2232, , 
 ,57572,2012048112,6,67,67301,2012,4,6,1625,16,1,1,0,1,1, , ,N,1,2,0,3,0,1,3,2,N,N,40 00:20.692,75 05:56.577,1637, ,1628, ,0, ,N, ,3, , , , , ,660717, , , ,2,1,0,0,0,0,1,0,0,0,0,1,1,0,0,0,0,0,0,0,0,0,0,1,0,0,0,0,0,0,0,0,0,0,0,4,0,40.0057,-75.099, , 
 ,57573,2012048129,6,67,67301,2012,4,2,1900,19,4,1,0,8,1, , ,N,0,0,0,3,0,1,2,2,N,N,40 03:41.182,75 08:56.370,9999, ,1918, ,0, ,N, ,0, , , , , ,660718, , , ,1,1,0,0,0,0,0,0,0,0,1,0,1,0,0,0,0,0,0,0,0,0,0,0,0,0,0,0,0,0,0,0,1,0,0,3,0,40.0614,-75.149, , 
 ,57574,2012036926,6,67,67301,2012,2,7,50,0,3,1,0,5,1, , ,N,0,0,7,3,0,0,2,2,N, ,39 54:29.478,75 11:20.181,58, ,56, ,0, , , ,0, , , , , ,660759, , , ,2,0,0,0,1,0,0,0,0,0,0,0,0,0,0,0,0,0,0,0,1,0,0,0,0,0,0,0,0,0,0,0,0,0,0,0,0,39.9082,-75.189, , 
 ,57575,2012051896,6,67,67301,2012,4,6,1330,13,1,1,0,4,1, , ,N,1,2,0,3,0,1,3,2,N,Y,39 56:43.175,75 14:30.351,1330, ,1325, ,0, ,N, ,3, , , , , ,660773, , , ,2,1,0,0,1,0,0,0,0,0,0,1,1,0,0,0,0,0,0,0,1,0,0,0,0,0,0,0,0,0,0,0,0,0,0,4,0,39.9453,-75.2418, , 
 ,57576,2012015433,6,67,67301,2012,1,1,700,7,1,1,0,4,2, , ,N,0,0,0,3,0,0,2,2,N,N,40 01:06.200,75 10:03.390,715, ,707,1,1,1,N, ,0,N, , , , ,660787, , , ,2,2,0,0,0,0,0,0,0,0,0,0,0,0,0,0,0,0,0,0,0,0,0,0,0,0,0,0,0,0,0,0,0,0,0,0,0,40.0184,-75.1676, , 
 ,57577,2012020422,6,67,67301,2012,1,3,430,4,3,1,0,4,1, , ,N,1,2,0,3,0,2,3,2,N,N,40 03:37.434,74 59:25.565,505, ,435, ,0, ,N, ,3, , , , , ,660794, , , ,2,1,0,0,1,0,0,0,0,0,0,2,2,0,0,0,0,0,0,0,0,0,0,0,0,0,0,0,0,0,0,0,0,0,0,4,0,40.0604,-74.9904, , 
 ,57578,2012047132,6,67,67301,2012,3,7,9999,99,1,2,1,1,1, , ,N,0,0,0,3,0,2,4,2,N,N,40 00:24.449,75 05:16.212,9999, ,9999, ,0, , , ,0, , , , , ,660827, , , ,2,1,0,0,0,0,1,0,0,0,0,0,2,2,0,0,0,0,0,1,0,0,0,0,0,0,0,0,0,0,0,0,0,0,0,8,0,40.0067,-75.088, , 
 ,57579,2012020494,6,67,67301,2012,1,3,955,9,1,1,0,1,1, , ,N,0,2,0,3,0,1,4,3,N,N,40 02:01.870,75 04:27.875,1005, ,957,1,1,1,N, ,3,N, , , , ,660850, , , ,3,1,0,0,0,0,1,1,0,0,1,0,1,0,0,0,0,0,0,0,0,0,2,0,0,0,0,0,0,0,0,0,0,0,0,3,0,40.0339,-75.0744, , 
 ,57580,2012036957,6,67,67301,2012,3,3,1105,11,1,1,0,5,1, , ,N,1,2,0,3,0,4,6,2,N,N,40 07:00.010,75 01:11.269,1130, ,1126, ,0, ,N, ,3, , , , , ,660862, , , ,2,0,0,1,0,0,1,0,0,0,0,3,4,1,0,0,0,0,0,0,1,0,0,0,0,0,0,0,0,0,0,0,0,0,0,4,1,40.1167,-75.0198, , 
 ,57581,2012042162,6,67,67301,2012,3,3,2342,23,3,1,0,2,1, , ,N,2,2,0,3,0,3,3,2,N, ,40 03:44.577,75 02:33.887,2354, ,2344,9,1,2, , ,3,N, , , , ,660871, , , ,2,2,0,0,0,0,0,0,0,0,0,3,3,0,0,0,0,0,0,0,0,0,0,0,0,0,0,0,0,0,0,0,0,0,0,4,0,40.0624,-75.0427, , 
 ,57582,2012032662,6,67,67301,2012,2,1,1510,15,1,1,0,4,1, , ,N,1,3,0,3,0,0,7,2,N,N,40 01:27.711,75 02:04.194,1622, ,1616,2,1,1,N, ,3,N, , , , ,660904, , , ,2,2,0,0,0,0,0,0,0,0,0,0,0,0,0,0,0,0,0,0,0,0,0,0,0,0,0,0,0,0,0,0,0,0,0,0,0,40.0244,-75.0345, , 
 ,57583,2012048180,6,67,67301,2012,4,1,110,1,3,2,1,4,1, , ,N,1,3,0,3,0,2,3,2,N,N,39 59:51.471,75 10:13.583,115, ,110, ,0, ,N, ,3, , , , , ,660914, , , ,2,1,0,0,1,0,0,0,0,0,1,0,2,1,0,0,0,0,0,0,0,0,0,3,0,0,0,0,0,0,0,0,0,0,0,3,0,39.9976,-75.1704, , 
 ,57584,2012056096,6,67,67301,2012,2,3,2130,21,6,1,0,5,1, , ,N,0,0,0,3,0,3,5,2,N,N,39 57:39.071,75 10:56.138,0, ,0, ,0, ,N, ,0, , , , , ,660923, , , ,2,1,0,0,1,0,0,0,0,0,2,1,3,0,0,0,0,0,0,0,1,0,0,0,0,0,0,0,0,0,0,0,0,0,0,3,0,39.9606,-75.182, , 
 ,57585,2012015354,6,67,67301,2012,1,5,1250,12,1,8,1,8,1, , ,N,1,2,0,3,0,1,2,2,N,N,39 59:42.556,75 06:44.112,1250, ,1250, ,0, ,N, ,3, , , , , ,660933, , , ,1,1,0,0,0,0,0,0,0,0,0,0,1,1,0,0,0,0,0,1,0,0,0,0,0,0,0,0,0,0,0,0,1,0,0,8,0,39.9952,-75.1123, , 
 ,57586,2012032071,6,67,67301,2012,3,2,650,6,1,1,0,5,1, , ,N,0,0,0,3,0,1,2,2,N,N,39 53:24.512,75 14:22.347,725, ,654, ,0, ,N, ,0, , , , , ,660944, , , ,2,1,0,0,0,0,0,1,0,0,0,1,1,0,0,0,0,0,0,0,0,0,0,0,0,0,0,0,0,0,0,0,0,0,0,4,0,39.8901,-75.2395, , 
 ,57587,2012056678,6,67,67301,2012,4,7,234,2,3,1,0,1,6, , ,N,0,0,0,3,0,0,2,2,N, ,40 03:37.568,75 14:08.059,300, ,248, ,0, , , ,0, , , , , ,660968, , , ,2,2,0,0,0,0,0,0,0,0,0,0,0,0,0,0,0,0,0,0,0,0,0,2,0,0,0,0,0,0,0,0,0,0,0,0,0,40.0604,-75.2356, , 
 ,57588,2012056634,6,67,67301,2012,5,5,339,3,3,2,1,4,1, , ,N,1,2,0,3,0,2,4,2,N,N,39 57:46.530,75 11:29.044,341, ,339, ,0, ,N, ,3, , , , , ,667567, , , ,2,0,0,0,0,1,0,1,0,0,0,2,2,0,0,0,0,0,0,0,0,0,0,1,0,0,0,0,0,0,0,0,0,0,0,4,0,39.9629,-75.1913, , 
 ,57589,2012060812,6,67,67301,2012,5,3,936,9,1,2,1,8,1, , ,N,1,2,0,3,0,1,2,2,N,N,39 59:02.576,75 10:29.891,942, ,939, ,0, ,N, ,3, , , , , ,667570, , , ,1,0,0,0,0,0,0,1,0,0,0,1,1,0,0,0,0,0,0,0,1,0,0,0,0,0,0,0,0,0,0,0,1,0,0,4,0,39.984,-75.175, , 
 ,57590,2012016734,6,67,67301,2012,1,1,328,3,3,1,0,7,2, , ,N,0,0,0,3,0,1,1,1,N,N,40 02:11.239,75 00:53.459,334, ,330, ,0, ,N, ,0, , , , , ,667586, , , ,1,1,0,0,0,0,0,0,0,0,0,0,1,1,0,0,0,0,0,0,0,0,0,1,0,0,0,0,0,0,0,0,0,0,0,8,0,40.0364,-75.015, , 
 ,57591,2012019944,6,67,67301,2012,1,5,1505,15,1,2,1,8,1, , ,N,1,2,0,3,0,1,2,2,N,N,39 57:12.781,75 09:22.643,1519, ,1505, ,0, ,N, ,3, , , , , ,667594, , , ,1,1,0,0,0,0,0,0,0,0,0,1,1,0,0,0,0,0,0,0,1,0,0,0,0,0,0,0,0,0,0,0,1,0,0,4,0,39.9536,-75.1563, , 
 ,57592,2012032729,6,67,67301,2012,2,7,15,0,3,1,0,4,1, , ,N,1,2,0,3,0,2,3,2,N,N,40 00:03.604,75 08:53.867,20, ,16, ,0, , , ,3, , , , , ,667599, , , ,2,0,0,0,0,0,2,0,0,0,0,2,2,0,0,0,0,0,0,0,0,0,0,1,0,0,0,0,0,0,0,0,0,0,0,4,0,40.001,-75.1481, , 
 ,57593,2012034801,6,67,67301,2012,3,5,9999,99,1,1,0,8,1, , ,N,1,2,0,3,0,1,2,2,N,N,39 57:19.425,75 09:21.185,1000, ,957,1,2,3,N, ,3,Y, , , , ,667604, , , ,1,1,0,0,0,0,0,0,0,0,0,1,1,0,0,0,0,0,0,0,1,0,0,0,0,0,0,0,0,0,0,0,1,0,0,4,0,39.9554,-75.1559, , 
 ,57594,2012049774,6,67,67301,2012,4,3,1315,13,1,1,0,1,1, , ,N,0,0,0,3,0,1,3,2,N,N,39 56:58.542,75 12:20.682,1355, ,1345, ,0, ,N, ,0, , , , , ,667618, , , ,2,1,0,0,0,1,0,0,0,0,0,1,1,0,0,0,0,0,0,0,0,0,0,0,0,0,0,0,0,0,0,0,0,0,0,4,1,39.9496,-75.2057, , 
 ,57595,2012015473,6,67,67301,2012,1,2,757,7,1,1,0,7,3, , ,N,0,0,0,3,0,1,1,1,N,N,40 02:38.718,75 03:18.876,810, ,800,1,1,1,N, ,0,N, , , , ,667633, , , ,1,0,0,0,1,0,0,0,0,0,0,1,1,0,0,0,0,0,0,0,0,0,0,1,0,0,0,0,0,0,0,0,0,0,0,4,0,40.0441,-75.0552, , 
 ,57596,2012036638,6,67,67301,2012,3,4,21,0,3,1,0,0,2, , ,N,0,0,0,3,0,1,1,1,N,N,39 59:23.499,75 12:21.141,30, ,23,1,1,3,N, ,0,N, , , , ,667652, , , ,1,1,0,0,0,0,0,0,0,0,0,1,1,0,0,0,0,0,0,0,0,0,0,0,0,0,0,0,0,0,0,0,0,0,0,4,0,39.9899,-75.2059, , 
 ,57597,2012036989,6,67,67301,2012,3,7,1500,15,1,1,0,8,1, , ,N,0,0,0,3,0,1,3,2,N,N,39 56:34.067,75 08:56.105,1555, ,1548, ,0, ,N, ,0, , , , , ,667654, , , ,1,1,0,0,0,0,0,0,1,0,0,1,1,0,0,0,0,0,0,0,0,0,0,2,0,0,0,0,0,0,0,0,0,0,0,4,0,39.9428,-75.1489, , 
 ,57598,2012020439,6,67,67301,2012,1,2,1030,10,1,6,5,7,3, , ,N,0,0,0,3,0,1,2,1,N,N,40 03:08.472,75 02:09.213,1045, ,1034, ,0, ,N, ,0, , , , , ,667683, , , ,1,1,0,0,0,0,0,0,0,0,0,0,1,1,1,0,0,0,0,0,0,0,0,0,0,0,0,0,0,0,0,0,0,0,0,8,0,40.0524,-75.0359, , 
 ,57599,2012048883,6,67,67301,2012,4,1,826,8,3,1,0,4,1, , ,N,1,3,0,3,0,2,2,2,N,N,40 02:49.639,75 05:52.794,839, ,829, ,0, ,N, ,3, , , , , ,667709, , , ,2,2,0,0,0,0,0,0,0,0,1,1,2,0,0,0,0,0,0,0,1,0,1,0,0,0,0,0,0,0,0,0,0,0,0,3,0,40.0471,-75.098, , 