wz_ln_closure,objectid_1,crn,district,county,municipality,crash_year,crash_month,day_of_week,time_of_day,hour_of_day,illumination,weather,road_condition,collision_type,relation_to_road,work_zone_type,work_zone_loc,work_zone_ind,intersect_type,tcd_type,location_type,urban_rural,fatal_count,injury_count,person_count,total_units,sch_bus_ind,sch_zone_ind,latitude,longitude,arrival_tm,cons_zone_spd_lim,dispatch_tm,est_hrs_closed,lane_closed,ln_close_dir,ntfy_hiwy_maint,spec_juris_cd,tcd_func_cd,tfc_detour_ind,workers_pres,wz_close_detour,wz_flagger,wz_law_offcr_ind,objectid,wz_moving,wz_other,wz_shlder_mdn,vehicle_count,automobile_count,motorcycle_count,bus_count,small_truck_count,heavy_truck_count,suv_count,van_count,bicycle_count,maj_inj_count,mod_inj_count,min_inj_count,tot_inj_count,unk_inj_deg_count,unk_inj_per_count,driver_count_16yr,driver_count_17yr,driver_count_18yr,driver_count_19yr,driver_count_20yr,driver_count_50_64yr,driver_count_65_74yr,driver_count_75plus,unbelted_occ_count,unb_death_count,unb_maj_inj_count,belted_death_count,belted_maj_inj_count,mcycle_death_count,mcycle_maj_inj_count,bicycle_death_count,bicycle_maj_inj_count,ped_count,ped_death_count,ped_maj_inj_count,max_severity_level,comm_veh_count,dec_lat,dec_long,rdwy_surf_type_cd,county_name
 ,57600,2012036634,6,67,67301,2012,3,7,1652,16,1,2,1,1,7, , ,N,6,0,2,3,0,1,5,3,N,N,39 56:42.208,75 11:26.989,1656, ,1655, ,0, ,N, ,0, , , , , ,667751, , , ,3,2,0,0,0,0,0,0,0,0,0,1,1,0,1,0,0,0,0,0,1,0,0,0,0,0,0,0,0,0,0,0,0,0,0,4,0,39.9451,-75.1908, , 
 ,57601,2012036878,6,67,67301,2012,3,1,1838,18,3,1,0,4,1, , ,N,1,2,0,3,0,4,6,2,N,N,40 00:31.611,75 08:51.010,1845, ,1840, ,0, ,N, ,3, , , , , ,667752, , , ,2,1,0,0,0,0,0,1,0,0,0,4,4,0,0,0,0,0,0,0,0,0,0,0,0,0,0,0,0,0,0,0,0,0,0,4,0,40.0088,-75.1476, , 
 ,57602,2012012563,6,67,67301,2012,1,2,610,6,5,1,0,2,1, , ,N,1,3,0,3,0,1,2,2,N,N,40 01:14.570,75 04:04.447,630, ,615, ,0, , , ,3, , , , , ,667771, , , ,2,2,0,0,0,0,0,0,0,0,0,1,1,0,0,0,0,0,0,0,0,0,0,1,0,0,0,0,0,0,0,0,0,0,0,4,0,40.0207,-75.0679, , 
 ,57603,2012028255,6,67,67301,2012,2,1,217,2,3,1,0,7,7, , ,N,7,0,2,3,0,0,3,1,N,N,39 58:05.918,75 07:47.272,227, ,220,1,1,2,Y, ,0,N, , , , ,667780, , , ,1,1,0,0,0,0,0,0,0,0,0,0,0,0,0,0,0,0,0,0,0,0,0,3,0,0,0,0,0,0,0,0,0,0,0,0,0,39.9684,-75.1296, , 
 ,57604,2012032518,6,67,67301,2012,2,1,1931,19,3,1,0,8,1, , ,N,1,2,0,3,0,1,2,2,N,N,40 00:36.075,75 05:46.053,1954, ,9999,2,1,6, , ,3,N, , , , ,667785, , , ,1,0,0,0,0,0,1,0,0,0,0,0,1,1,0,0,0,0,0,0,0,0,0,0,0,0,0,0,0,0,0,0,1,0,0,8,0,40.01,-75.0961, , 
 ,57605,2012041663,6,67,67301,2012,4,1,2155,21,3,2,1,4,1, , ,N,1,3,0,3,0,0,5,4,N,N,40 02:57.285,75 05:54.189,2228, ,2218, ,0, ,N, ,3, , , , , ,667797, , , ,4,3,0,0,1,0,0,0,0,0,0,0,0,0,3,0,0,0,0,0,0,0,0,0,0,0,0,0,0,0,0,0,0,0,0,9,0,40.0492,-75.0984, , 
 ,57606,2012036945,6,67,67301,2012,2,4,2152,21,3,2,1,4,1, , ,N,1,2,0,3,0,0,2,2,N,N,40 03:47.120,75 03:05.897,2153, ,2152, ,0, , , ,3, , , , , ,664430, , , ,2,1,0,0,0,0,1,0,0,0,0,0,0,0,0,0,0,0,0,0,1,0,0,0,0,0,0,0,0,0,0,0,0,0,0,0,0,40.0631,-75.0516, , 
 ,57607,2012020369,6,67,67301,2012,1,6,2055,20,2,1,0,5,6, , ,N,0,0,0,3,0,0,1,4,N,N,40 03:18.608,75 08:55.129,2108, ,2105, ,0, ,N, ,0, , , , , ,664459, , , ,4,3,0,0,1,0,0,0,0,0,0,0,0,0,0,0,0,0,0,0,0,0,0,1,0,0,0,0,0,0,0,0,0,0,0,0,0,40.0552,-75.1486, , 
 ,57608,2012020462,6,67,67301,2012,1,2,1112,11,1,1,0,8,1, , ,N,1,0,0,3,0,1,4,2,N, ,40 03:08.209,75 03:21.778,1120, ,1112, ,0, , , ,0, , , , , ,664460, , , ,1,1,0,0,0,0,0,0,0,0,0,0,1,1,0,0,0,0,0,0,1,0,0,0,0,0,0,0,0,0,0,0,1,0,0,8,0,40.0522,-75.056, , 
 ,57609,2012048109,6,67,67301,2012,4,4,1725,17,1,1,0,1,1, , ,N,1,2,0,3,0,1,2,2,N, ,39 57:21.499,75 09:38.239,1734, ,1730, ,0, , , ,3, , , , , ,664485, , , ,2,0,0,0,1,0,1,0,0,0,0,0,1,1,0,0,0,0,0,0,0,0,0,2,0,0,0,0,0,0,0,0,0,0,0,8,0,39.956,-75.1606, , 
 ,57610,2012048322,6,67,67301,2012,4,1,2325,23,3,2,1,1,1, , ,N,1,2,0,3,0,0,8,2,N,N,39 57:19.798,75 12:49.215,2335, ,2333,1,1,4,N, ,3,Y, , , , ,664486, , , ,2,0,0,0,0,0,1,1,0,0,0,0,0,0,2,0,0,0,0,0,0,0,0,0,0,0,0,0,0,0,0,0,0,0,0,9,0,39.9555,-75.2136, , 
 ,57611,2012015406,6,67,67301,2012,1,1,1405,14,1,1,0,4,1, , ,N,1,2,0,3,0,3,3,2,N,N,40 01:38.245,75 01:43.720,1410, ,1406, ,0, , , ,3, , , , , ,664511, , , ,2,2,0,0,0,0,0,0,0,0,2,1,3,0,0,0,1,0,0,0,0,0,0,0,0,0,0,0,0,0,0,0,0,0,0,3,0,40.0273,-75.0288, , 
 ,57612,2012026266,6,67,67301,2012,1,1,2330,23,3,1,0,1,1, , ,N,2,2,0,3,0,8,9,2,N,N,39 58:42.990,75 07:07.597,2359, ,2349, ,0, ,N, ,3, , , , , ,664521, , , ,2,1,0,0,0,0,0,1,0,0,0,0,8,8,1,0,0,0,0,0,0,0,0,1,0,0,0,0,0,0,0,0,0,0,0,8,0,39.9779,-75.1191, , 
 ,57613,2012034723,6,67,67301,2012,3,7,9999,99,3,1,0,7,2, , ,N,0,0,0,3,0,0,1,1,N, ,39 59:21.751,75 15:01.733,248, ,242,1,1,4, , ,0,N, , , , ,664533, , , ,1,1,0,0,0,0,0,0,0,0,0,0,0,0,0,0,0,0,0,0,0,0,0,0,0,0,0,0,0,0,0,0,0,0,0,0,0,39.9894,-75.2505, , 
 ,57614,2012036929,6,67,67301,2012,3,6,9999,99,1,1,0,8,1, , ,N,1,2,0,3,0,1,2,2,N,N,39 55:14.279,75 10:13.546,1635, ,1635, ,0, , , ,3, , , , , ,664536, , , ,1,1,0,0,0,0,0,0,0,0,1,0,1,0,0,0,0,0,0,0,0,1,0,0,0,0,0,0,0,0,0,0,1,0,0,3,0,39.9206,-75.1704, , 
 ,57615,2012046948,6,67,67301,2012,5,4,1920,19,1,1,0,7,3, , ,N,0,0,0,3,0,2,2,1,N,N,39 56:41.990,75 11:27.268,1928, ,1927, ,0, ,N, ,0, , , , , ,664577, , , ,1,1,0,0,0,0,0,0,0,0,0,0,2,2,0,0,0,0,0,0,0,0,0,0,0,0,0,0,0,0,0,0,0,0,0,8,0,39.945,-75.1909, , 
 ,57616,2012047123,6,67,67301,2012,4,5,1835,18,1,1,0,5,1, , ,N,0,2,0,3,0,1,3,2,N,N,39 58:35.796,75 14:02.706,1849, ,1849,9,1,4,N, ,3,Y, , , , ,664620, , , ,2,1,0,0,0,0,0,0,0,0,0,1,1,0,0,0,0,0,0,0,0,0,0,0,0,0,0,0,0,0,0,0,0,0,0,4,0,39.9766,-75.2341, , 
 ,57617,2012006942,6,67,67301,2012,1,1,1914,19,2,2,1,7,2, , ,N,0,0,0,3,0,0,2,1,N,N,39 58:45.901,75 12:15.021,1920, ,1916, ,0, ,N, ,0, , , , , ,664644, , , ,1,1,0,0,0,0,0,0,0,0,0,0,0,0,0,0,0,0,0,0,0,0,0,0,0,0,0,0,0,0,0,0,0,0,0,0,0,39.9794,-75.2042, , 
 ,57618,2012037007,6,67,67301,2012,2,7,1115,11,1,1,1,4,1, , ,N,0,0,7,3,0,0,3,2,N,N,40 00:23.941,75 07:24.809,1120, ,1120, ,0, ,N, ,0, , , , , ,664659, , , ,2,1,0,0,0,0,1,0,0,0,0,0,0,0,0,0,0,0,0,0,0,0,0,0,0,0,0,0,0,0,0,0,0,0,0,0,0,40.0067,-75.1236, , 
 ,57619,2012037232,6,67,67301,2012,4,3,1533,15,1,1,0,1,1, , ,N,0,0,0,3,0,1,3,2,N,N,39 57:11.015,75 10:54.794,1602, ,1545, ,0, ,N, ,0, , , , , ,664660, , , ,2,2,0,0,0,0,0,0,0,0,0,1,1,0,0,0,0,0,0,0,0,0,0,0,0,0,0,0,0,0,0,0,0,0,0,4,0,39.9531,-75.1819, , 
 ,57620,2012050586,6,67,67301,2012,5,7,2358,23,3,1,0,5,1, , ,N,0,0,0,3,0,0,7,2,N,N,40 05:28.860,75 00:40.219,7, ,2,2,1,2,N, ,0,Y, , , , ,664678, , , ,2,1,0,0,0,0,1,0,0,0,0,0,0,0,0,0,0,0,0,0,0,0,0,0,0,0,0,0,0,0,0,0,0,0,0,0,0,40.0914,-75.0112, , 
 ,57621,2012012802,6,67,67301,2012,1,5,1728,17,3,1,0,1,1, , ,N,0,0,0,3,0,0,2,2,N,N,39 55:45.955,75 11:51.374,1747, ,1738,1,1,4,N, ,0,N, , , , ,664693, , , ,2,1,0,0,0,0,1,0,0,0,0,0,0,0,0,0,0,0,0,0,0,0,0,0,0,0,0,0,0,0,0,0,0,0,0,0,0,39.9294,-75.1976, , 
 ,57622,2012020535,6,67,67301,2012,1,1,1230,12,1,4,1,4,1, , ,N,1,3,0,3,0,1,3,2,N, ,40 02:23.298,75 04:16.265,1240, ,1232, ,0, , , ,3, , , , , ,664698, , , ,2,2,0,0,0,0,0,0,0,0,0,1,1,0,2,0,0,0,0,0,0,0,0,2,0,0,0,0,0,0,0,0,0,0,0,4,0,40.0398,-75.0712, , 
 ,57623,2012045932,6,67,67301,2012,5,2,1754,17,1,1,0,1,1, , ,N,0,0,0,3,0,2,3,2,N,N,40 00:27.661,75 04:19.966,1809, ,1806,1,1,2,N, ,0,N, , , , ,664717, , , ,2,2,0,0,0,0,0,0,0,0,0,2,2,0,0,0,0,0,0,0,0,0,0,0,0,0,0,0,0,0,0,0,0,0,0,4,0,40.0077,-75.0722, , 
 ,57624,2012011856,6,46,46102,2012,1,2,1840,18,3,1,0,1,1, , ,N,2,0,0,3,0,1,2,2,N,N,40 03:58.293,75 05:30.995,1846, ,1840, ,0, ,N, ,0, , , , , ,664744, , , ,2,0,0,0,1,0,1,0,0,0,0,0,1,1,0,0,0,0,0,0,0,0,0,0,0,0,0,0,0,0,0,0,0,0,0,8,0,40.0662,-75.0919, , 
 ,57625,2012032707,6,67,67301,2012,2,2,844,8,1,1,0,4,1, , ,N,1,2,0,3,0,1,3,3,N,N,40 03:26.394,75 02:03.904,844, ,844, ,0, ,N, ,3, , , , , ,657880, , , ,3,2,0,0,0,0,1,0,0,0,0,1,1,0,0,0,0,0,0,0,1,0,1,0,0,0,0,0,0,0,0,0,0,0,0,4,0,40.0571,-75.0345, , 
 ,57626,2012020477,6,67,67301,2012,1,5,1650,16,6,1,0,4,1, , ,N,1,2,0,3,0,1,4,2,N,N,40 03:48.698,75 10:11.388,1745, ,1745, ,0, ,N, ,3, , , , , ,657905, , , ,2,2,0,0,0,0,0,0,0,0,0,0,1,1,0,0,0,0,1,0,0,0,0,0,0,0,0,0,0,0,0,0,0,0,0,8,0,40.0635,-75.1698, , 
 ,57627,2012020610,6,67,67301,2012,1,7,952,9,1,1,0,1,1, , ,N,0,2,0,3,0,1,4,3,N,N,39 59:42.716,75 14:21.016,1137, ,1136, ,0, ,N, ,3, , , , , ,657906, , , ,3,1,0,0,0,0,2,0,0,0,1,0,1,0,0,0,0,0,1,0,0,0,0,0,0,0,0,0,0,0,0,0,0,0,0,3,0,39.9952,-75.2392, , 
 ,57628,2012027756,6,67,67301,2012,2,4,1500,15,1,1,0,8,1, , ,N,1,2,0,3,0,1,2,2,N,N,39 59:42.637,75 06:56.944,1502, ,1500, ,0, ,N, ,3, , , , , ,657914, , , ,1,0,0,0,0,0,1,0,0,0,0,0,1,1,0,0,0,0,0,0,0,0,0,0,0,0,0,0,0,0,0,0,1,0,0,8,0,39.9952,-75.1158, , 
 ,57629,2012032670,6,67,67301,2012,2,3,909,9,1,1,0,4,1, , ,N,0,0,7,3,0,0,2,2,N, ,39 56:18.878,75 11:54.439,914, ,912, ,0, , , ,0, , , , , ,657916, , , ,2,1,0,0,0,0,1,0,0,0,0,0,0,0,0,0,0,0,0,0,0,0,0,0,0,0,0,0,0,0,0,0,0,0,0,0,0,39.9381,-75.1988, , 
 ,57630,2012034715,6,67,67301,2012,3,2,1413,14,1,1,0,1,1, , ,N,1,2,0,3,0,2,2,2,N,N,40 01:15.937,75 08:23.758,1458, ,1421,2,1,1,N, ,3,N, , , , ,657919, , , ,2,0,0,0,0,1,1,0,0,0,0,0,2,2,0,0,0,0,0,0,0,0,0,0,0,0,0,0,0,0,0,0,0,0,0,8,1,40.0211,-75.1399, , 
 ,57631,2012045439,6,46,46104,2012,5,6,2231,22,3,2,1,1,1, , ,N,1,2,0,3,0,1,4,2,N,N,40 00:04.521,75 13:35.036,2234, ,2232,9,1,2,N, ,3,N, , , , ,657929, , , ,2,2,0,0,0,0,0,0,0,0,0,1,1,0,0,0,0,0,1,0,0,0,0,0,0,0,0,0,0,0,0,0,0,0,0,4,0,40.0012,-75.2264, , 
 ,57632,2012047120,6,67,67301,2012,3,3,1105,11,1,1,0,4,1, , ,N,1,2,0,3,0,2,2,2,N,N,39 57:32.701,75 10:13.160,1110, ,1108, ,0, ,N, ,3, , , , , ,657930, , , ,2,0,0,0,0,0,1,1,0,0,1,1,2,0,0,0,0,0,0,0,1,0,0,0,0,0,0,0,0,0,0,0,0,0,0,3,0,39.9591,-75.1703, , 
 ,57633,2012053141,6,67,67301,2012,5,5,622,6,1,1,0,4,1, , ,N,0,0,0,3,0,0,2,2,N,N,39 52:40.667,75 15:03.882,643, ,625, ,0, ,N, ,0, , , , , ,657936, , , ,2,2,0,0,0,0,0,0,0,0,0,0,0,0,0,0,0,0,0,0,1,0,0,0,0,0,0,0,0,0,0,0,0,0,0,0,0,39.878,-75.2511, , 
 ,57634,2012026144,6,67,67301,2012,1,3,9999,99,1,1,0,8,1, , ,N,0,0,0,3,0,1,2,2,N, ,39 58:00.666,75 07:44.435,1049, ,1025, ,0, , , ,0, , , , , ,657952, , , ,1,0,0,0,0,0,1,0,0,0,1,0,1,0,1,0,0,0,0,0,1,0,0,0,0,0,0,0,0,0,0,0,1,0,0,3,0,39.9669,-75.129, , 
 ,57635,2012027237,6,67,67301,2012,3,5,1850,18,3,1,0,1,1, , ,N,0,0,0,3,0,2,4,3,N,N,39 58:52.535,75 06:10.607,1905, ,1854, ,0, ,N, ,0, , , , , ,657955, , , ,3,1,0,0,2,0,0,0,0,0,0,0,2,2,0,0,0,0,0,0,0,0,0,0,0,0,0,0,0,0,0,0,0,0,0,8,0,39.9813,-75.1029, , 
 ,57636,2012017827,6,67,67301,2012,1,7,1440,14,1,4,1,1,6, , ,N,0,0,7,3,0,2,3,2,N,N,39 59:31.898,75 10:11.845,1450, ,1446, ,0, , , ,0, , , , , ,657999, , , ,2,1,0,0,0,0,1,0,0,0,0,2,2,0,0,0,0,0,0,0,0,1,0,0,0,0,0,0,0,0,0,0,0,0,0,4,0,39.9922,-75.17, , 
 ,57637,2012020560,6,67,67301,2012,1,3,1750,17,3,1,0,8,1, , ,N,2,2,0,3,0,1,2,2,N,N,39 56:52.576,75 09:44.521,1800, ,1754, ,0, , , ,3, , , , , ,658003, , , ,1,0,0,0,1,0,0,0,0,0,0,1,1,0,0,0,0,0,0,0,1,0,0,0,0,0,0,0,0,0,0,0,1,0,0,4,0,39.9479,-75.1624, , 
 ,57638,2012022586,6,67,67301,2012,1,2,1725,17,3,1,0,2,1, , ,N,1,2,0,3,0,1,2,2,N,N,39 57:16.308,75 08:58.375,735, ,1928, ,0, ,N, ,9, , , , , ,658005, , , ,2,2,0,0,0,0,0,0,0,0,0,1,1,0,0,0,0,0,0,1,0,0,0,0,0,0,0,0,0,0,0,0,0,0,0,4,0,39.9545,-75.1495, , 
 ,57639,2012034740,6,67,67301,2012,3,4,2158,21,3,1,0,4,1, , ,N,1,2,0,3,0,1,2,2,N,N,40 03:06.267,75 09:10.785,2215, ,2210, ,0, ,N, ,3, , , , , ,658019, , , ,2,2,0,0,0,0,0,0,0,0,1,0,1,0,0,0,0,0,0,0,0,0,0,0,0,0,0,0,0,0,0,0,0,0,0,3,0,40.0517,-75.153, , 
 ,57640,2012036814,6,67,67301,2012,3,3,2208,22,3,1,0,4,1, , ,N,1,2,0,3,0,1,2,2,N, ,39 55:36.102,75 11:15.812,2216, ,2212, ,0, , , ,3, , , , , ,658021, , , ,2,1,0,0,0,0,1,0,0,0,0,1,1,0,0,0,0,0,0,0,0,0,0,0,0,0,0,0,0,0,0,0,0,0,0,4,0,39.9267,-75.1879, , 
 ,57641,2012042194,6,67,67301,2012,3,2,250,2,3,1,0,1,1, , ,N,2,2,0,3,0,0,2,2,N,N,39 53:25.696,75 14:42.046,305, ,259, ,0, ,N, ,3, , , , , ,658025, , , ,2,0,0,0,1,0,1,0,0,0,0,0,0,0,0,0,0,0,0,0,1,0,0,0,0,0,0,0,0,0,0,0,0,0,0,0,0,39.8903,-75.245, , 
 ,57642,2012042553,6,67,67301,2012,3,2,1604,16,1,1,0,4,1, , ,N,1,2,0,3,0,1,2,2,N,N,39 59:58.827,75 05:56.359,1613, ,1610, ,0, , , ,3, , , , , ,658026, , , ,2,0,1,0,1,0,0,0,0,0,0,1,1,0,0,0,0,0,0,0,0,0,0,1,0,0,0,0,0,0,0,0,0,0,0,4,0,39.9997,-75.099, , 
 ,57643,2012008763,6,67,67301,2012,1,3,752,7,1,1,1,1,1, , ,N,0,0,0,3,0,0,2,2,N,N,39 59:59.989,75 11:42.809,752, ,752, ,0, ,N, ,0, , , , , ,660978, , , ,2,2,0,0,0,0,0,0,0,0,0,0,0,0,0,0,0,0,0,0,0,0,0,0,0,0,0,0,0,0,0,0,0,0,0,0,0,40,-75.1952, , 
 ,57644,2012026118,6,67,67301,2012,2,2,912,9,1,1,0,1,1, , ,N,0,0,3,3,0,0,4,2,N,N,39 53:51.692,75 12:42.138,913, ,912,1,2,3,N, ,0,N, , , , ,660998, , , ,2,1,0,0,0,0,1,0,0,0,0,0,0,0,0,0,0,0,0,0,1,0,0,0,0,0,0,0,0,0,0,0,0,0,0,0,0,39.8977,-75.2117, , 
 ,57645,2012026128,6,67,67301,2012,2,5,2144,21,3,1,0,4,1, , ,N,0,2,6,3,0,2,2,2,N,N,40 01:22.391,75 08:13.477,2154, ,2148,1,1,2,N, ,3,N, , , , ,660999, , , ,2,1,0,0,0,0,1,0,0,0,1,1,2,0,0,0,0,0,0,0,1,0,0,0,0,0,0,0,0,0,0,0,0,0,0,3,0,40.0229,-75.1371, , 
 ,57646,2012041635,6,67,67301,2012,3,2,1959,19,3,1,0,8,1, , ,N,0,2,0,3,0,1,2,2,N,N,40 03:14.502,75 04:15.926,2000, ,1959, ,0, , , ,3, , , , , ,661010, , , ,1,1,0,0,0,0,0,0,0,0,1,0,1,0,0,0,0,0,0,0,1,0,0,1,0,0,0,0,0,0,0,0,1,0,0,3,0,40.054,-75.0711, , 
U,57647,2012041736,6,67,67301,2012,3,2,600,6,1,1,0,4,1,8,8,Y,1,2,0,3,0,1,3,2,N,N,39 58:14.012,75 08:59.857,620,99,616,9,1,3,N, ,3,Y,U,U,U,U,661011,U,U,U,2,2,0,0,0,0,0,0,0,0,0,1,1,0,0,0,0,0,0,0,0,0,0,0,0,0,0,0,0,0,0,0,0,0,0,4,0,39.9704,-75.15, , 
 ,57648,2012013093,6,67,67301,2012,1,4,1330,13,1,1,0,4,1, , ,N,1,2,0,3,0,3,3,2,N,N,39 59:00.200,75 10:12.957,1628, ,1625, ,0, ,N, ,3, , , , , ,661027, , , ,2,2,0,0,0,0,0,0,0,0,0,3,3,0,0,0,0,0,0,0,1,0,0,3,0,0,0,0,0,0,0,0,0,0,0,4,0,39.9834,-75.1703, , 
 ,57649,2012033060,6,67,67301,2012,2,5,1600,16,1,1,0,4,1, , ,N,1,3,0,3,0,2,2,4,N, ,40 04:51.132,75 10:39.053,1608, ,1608, ,0, , , ,3, , , , , ,661047, , , ,4,2,0,0,0,0,1,1,0,0,0,2,2,0,0,0,0,0,0,0,0,0,0,0,0,0,0,0,0,0,0,0,0,0,0,4,0,40.0809,-75.1775, , 
 ,57650,2012048038,6,67,67301,2012,4,1,1900,19,4,1,0,4,1, , ,N,1,2,0,3,0,1,2,2,N, ,40 00:41.644,75 06:28.900,1940, ,1938, ,0, , , ,3, , , , , ,661057, , , ,2,2,0,0,0,0,0,0,0,0,0,1,1,0,0,0,0,1,0,0,0,0,0,0,0,0,0,0,0,0,0,0,0,0,0,4,0,40.0116,-75.108, , 
 ,57651,2012066490,6,67,67301,2012,6,4,901,9,1,1,0,5,1, , ,N,0,0,0,3,0,2,3,3,N,N,40 04:38.695,75 02:34.209,903, ,902, ,0, ,N, ,0, , , , , ,661088, , , ,3,2,0,0,0,0,1,0,0,0,0,2,2,0,0,0,0,0,1,0,0,0,0,0,0,0,0,0,0,0,0,0,0,0,0,4,0,40.0774,-75.0428, , 
 ,57652,2012068940,6,67,67301,2012,6,3,2035,20,3,2,1,7,5, , ,N,0,2,0,3,0,1,2,2,N,N,39 56:38.994,75 09:13.755,2050, ,2045, ,0, ,N, ,3, , , , , ,661091, , , ,2,1,0,0,1,0,0,0,0,0,0,0,1,1,1,0,0,0,0,0,0,0,0,0,0,0,0,0,0,0,0,0,0,0,0,8,0,39.9442,-75.1538, , 
 ,57653,2012078553,6,67,67301,2012,7,1,9999,99,1,1,0,8,1, , ,N,1,3,0,3,0,1,3,3,N,N,39 59:24.680,75 08:59.719,2100, ,2057, ,0, ,N, ,3, , , , , ,661096, , , ,2,1,1,0,0,0,0,0,0,0,1,0,1,0,0,0,0,0,0,0,0,0,0,0,0,0,0,0,0,0,0,0,1,0,0,3,0,39.9902,-75.1499, , 
 ,57654,2012080777,6,67,67301,2012,7,5,150,1,3,1,0,4,6, , ,N,0,0,0,3,0,0,1,4,N,N,39 54:52.289,75 10:47.626,203, ,200, ,0, ,N, ,0, , , , , ,661098, , , ,4,2,0,0,2,0,0,0,0,0,0,0,0,0,0,0,0,0,0,1,0,0,0,0,0,0,0,0,0,0,0,0,0,0,0,0,0,39.9145,-75.1799, , 
 ,57655,2012083381,6,67,67301,2012,7,2,1808,18,1,1,0,8,1, , ,N,0,0,0,3,0,1,2,2,N,N,40 01:47.989,75 04:44.655,1815, ,1810, ,0, ,N, ,0, , , , , ,661102, , , ,1,1,0,0,0,0,0,0,0,0,0,1,1,0,0,0,0,0,0,0,0,0,0,0,0,0,0,0,0,0,0,0,1,0,0,4,0,40.03,-75.0791, , 
 ,57656,2012095409,6,67,67301,2012,8,2,1240,12,1,1,0,8,1, , ,N,1,3,0,3,0,2,2,2,N, ,39 55:35.824,75 10:38.499,1247, ,1244, ,0, , , ,3, , , , , ,661112, , , ,0,0,0,0,0,0,0,0,0,0,0,1,2,1,0,0,0,0,0,0,0,0,0,0,0,0,0,0,0,0,0,0,2,0,0,4,0,39.9266,-75.1774, , 
 ,57657,2012095591,6,67,67301,2012,8,7,1340,13,1,1,0,5,1, , ,N,1,3,0,3,0,1,2,2,N,N,40 07:30.036,75 01:03.799,1348, ,1341, ,0, ,N, ,3, , , , , ,661113, , , ,2,2,0,0,0,0,0,0,0,0,0,1,1,0,0,0,0,0,0,0,1,0,0,0,0,0,0,0,0,0,0,0,0,0,0,4,0,40.125,-75.0177, , 
 ,57658,2012098336,6,67,67301,2012,9,3,1750,17,1,1,0,4,1, , ,N,1,2,0,3,0,0,2,2,N,N,39 59:34.545,75 13:03.607,1800, ,1800, ,0, ,N, ,3, , , , , ,661115, , , ,2,2,0,0,0,0,0,0,0,0,0,0,0,0,0,0,0,0,0,0,2,0,0,0,0,0,0,0,0,0,0,0,0,0,0,0,0,39.993,-75.2176, , 
 ,57659,2012101160,6,67,67301,2012,10,2,2233,22,3,1,1,1,1, , ,N,0,0,0,3,0,2,7,3,N,N,39 59:35.738,75 11:59.627,2249, ,2243, ,0, ,N, ,0, , , , , ,661116, , , ,3,3,0,0,0,0,0,0,0,0,0,2,2,0,0,0,0,0,0,1,0,0,0,0,0,0,0,0,0,0,0,0,0,0,0,4,0,39.9933,-75.1999, , 
 ,57660,2012036761,6,67,67301,2012,2,2,10,0,3,1,0,4,7, , ,N,3,0,2,3,0,1,3,2,N,N,39 58:29.031,75 11:53.718,18, ,14, ,0, , , ,0, , , , , ,661153, , , ,2,0,0,0,0,0,2,0,0,0,0,0,1,1,0,0,0,0,0,0,0,0,0,0,0,0,0,0,0,0,0,0,0,0,0,8,0,39.9748,-75.199, , 
 ,57661,2012049829,6,67,67301,2012,4,6,9999,99,3,1,0,4,1, , ,N,1,3,0,3,0,2,4,2,N, ,40 02:47.673,75 04:53.853,2308, ,2303,2,1,1, , ,3,N, , , , ,667801, , , ,2,2,0,0,0,0,0,0,0,0,2,0,2,0,0,0,0,0,0,0,0,0,0,0,0,0,0,0,0,0,0,0,0,0,0,3,0,40.0466,-75.0816, , 
 ,57662,2012020456,6,67,67301,2012,1,7,2320,23,3,1,0,8,1, , ,N,1,2,0,3,0,1,2,2,N,N,40 06:40.188,75 01:27.736,2328, ,2324, ,0, ,N, ,3, , , , , ,667827, , , ,1,1,0,0,0,0,0,0,0,0,1,0,1,0,0,0,0,0,0,0,0,0,0,0,0,0,0,0,0,0,0,0,1,0,0,3,0,40.1112,-75.0243, , 
 ,57663,2012026072,6,67,67301,2012,2,3,914,9,1,1,0,4,1, , ,N,0,0,0,3,0,1,1,3,N, ,39 59:36.434,75 06:00.262,928, ,920, ,0, , , ,0, , , , , ,667834, , , ,3,1,0,0,2,0,0,0,0,0,0,1,1,0,0,0,0,0,0,0,0,0,0,0,0,0,0,0,0,0,0,0,0,0,0,4,0,39.9935,-75.1001, , 
 ,57664,2012020386,6,67,67301,2012,2,4,1447,14,1,1,0,2,1, , ,N,2,3,0,3,0,1,2,2,N,N,39 58:40.436,75 12:21.801,1458, ,1450, ,0, ,N, ,3, , , , , ,667875, , , ,1,1,0,0,0,0,0,0,1,0,0,0,1,1,0,0,0,0,0,0,1,0,0,0,0,0,0,0,0,0,0,0,0,0,0,8,0,39.9779,-75.2061, , 
 ,57665,2012026062,6,67,67301,2012,1,3,9999,99,3,1,0,4,1, , ,N,2,0,0,3,0,0,2,2,N, ,40 04:56.704,74 58:18.011,2000, ,1950, ,0, , , ,0, , , , , ,667882, , , ,2,1,0,0,0,0,1,0,0,0,0,0,0,0,2,0,0,0,0,0,0,0,0,0,0,0,0,0,0,0,0,0,0,0,0,9,0,40.0824,-74.9717, , 