wz_ln_closure,objectid_1,crn,district,county,municipality,crash_year,crash_month,day_of_week,time_of_day,hour_of_day,illumination,weather,road_condition,collision_type,relation_to_road,work_zone_type,work_zone_loc,work_zone_ind,intersect_type,tcd_type,location_type,urban_rural,fatal_count,injury_count,person_count,total_units,sch_bus_ind,sch_zone_ind,latitude,longitude,arrival_tm,cons_zone_spd_lim,dispatch_tm,est_hrs_closed,lane_closed,ln_close_dir,ntfy_hiwy_maint,spec_juris_cd,tcd_func_cd,tfc_detour_ind,workers_pres,wz_close_detour,wz_flagger,wz_law_offcr_ind,objectid,wz_moving,wz_other,wz_shlder_mdn,vehicle_count,automobile_count,motorcycle_count,bus_count,small_truck_count,heavy_truck_count,suv_count,van_count,bicycle_count,maj_inj_count,mod_inj_count,min_inj_count,tot_inj_count,unk_inj_deg_count,unk_inj_per_count,driver_count_16yr,driver_count_17yr,driver_count_18yr,driver_count_19yr,driver_count_20yr,driver_count_50_64yr,driver_count_65_74yr,driver_count_75plus,unbelted_occ_count,unb_death_count,unb_maj_inj_count,belted_death_count,belted_maj_inj_count,mcycle_death_count,mcycle_maj_inj_count,bicycle_death_count,bicycle_maj_inj_count,ped_count,ped_death_count,ped_maj_inj_count,max_severity_level,comm_veh_count,dec_lat,dec_long,rdwy_surf_type_cd,county_name
 ,57799,2012054721,6,67,67301,2012,5,4,2321,23,3,1,0,8,1, , ,N,1,3,0,3,0,1,2,2,N,N,40 02:06.370,75 03:09.043,2359, ,2357, ,0, ,N, ,3, , , , , ,661501, , , ,1,1,0,0,0,0,0,0,0,0,0,1,1,0,0,0,0,0,0,0,0,0,0,0,0,0,0,0,0,0,0,0,1,0,0,4,0,40.0351,-75.0525, , 
 ,57800,2012039824,6,67,67301,2012,2,4,2129,21,3,2,1,4,1, , ,N,1,2,0,3,0,1,2,2,N, ,39 56:44.732,75 10:00.371,2140, ,2131, ,0, , , ,3, , , , , ,661537, , , ,1,1,0,0,0,0,0,0,1,0,0,0,1,1,0,0,0,0,0,0,0,0,0,0,0,0,0,0,0,0,0,0,0,0,0,8,0,39.9458,-75.1668, , 
 ,57801,2012050221,6,67,67301,2012,4,3,2045,20,3,1,0,4,1, , ,N,1,3,0,3,0,1,5,2,N,N,39 55:54.451,75 08:59.006,2049, ,2048, ,0, ,N, ,3, , , , , ,661545, , , ,2,1,0,0,0,0,1,0,0,0,0,1,1,0,0,0,0,0,0,0,0,0,1,0,0,0,0,0,0,0,0,0,0,0,0,4,0,39.9318,-75.1497, , 
 ,57802,2012015445,6,67,67301,2012,1,4,1430,14,1,1,0,1,1, , ,N,0,0,0,3,0,2,2,2,N,N,40 01:26.025,75 07:32.378,1437, ,1435, ,0, ,N, ,0, , , , , ,661561, , , ,2,2,0,0,0,0,0,0,0,1,1,0,2,0,0,0,0,0,0,0,0,1,0,0,0,0,0,0,0,0,0,0,0,0,0,2,0,40.0239,-75.1257, , 
 ,57803,2012032520,6,67,67301,2012,2,3,2221,22,3,1,0,4,1, , ,N,1,3,0,3,0,0,3,2,N,N,39 57:16.480,75 12:00.413,2225, ,2221, ,0, ,N, ,3, , , , , ,661582, , , ,2,1,0,0,0,0,1,0,0,0,0,0,0,0,0,0,0,0,0,1,0,0,0,0,0,0,0,0,0,0,0,0,0,0,0,0,0,39.9546,-75.2001, , 
 ,57804,2012032706,6,67,67301,2012,2,5,1500,15,1,1,0,8,1, , ,N,0,0,0,3,0,1,2,2,N, ,40 04:57.255,74 59:14.319,1600, ,1600, ,0, , , ,0, , , , , ,661583, , , ,1,1,0,0,0,0,0,0,0,0,1,0,1,0,0,0,0,0,1,0,0,0,0,0,0,0,0,0,0,0,0,0,1,0,0,3,0,40.0826,-74.9873, , 
 ,57805,2012014410,6,67,67301,2012,1,1,139,1,3,1,0,7,3, , ,N,0,0,0,3,0,1,4,3,N,N,39 55:35.715,75 11:41.240,144, ,144,1,1,3,N, ,0,N, , , , ,661610, , , ,3,3,0,0,0,0,0,0,0,0,0,1,1,0,0,0,0,0,0,0,0,0,0,0,0,0,0,0,0,0,0,0,0,0,0,4,0,39.9266,-75.1948, , 
 ,57806,2012049806,6,67,67301,2012,4,7,1940,19,4,1,0,8,1, , ,N,0,0,0,3,0,1,2,2,N,N,39 55:06.153,75 13:31.933,2021, ,2014, ,0, , , ,0, , , , , ,668236, , , ,1,0,0,0,0,0,1,0,0,0,0,1,1,0,0,0,0,0,0,0,1,0,0,0,0,0,0,0,0,0,0,0,1,0,0,4,0,39.9184,-75.2255, , 
 ,57807,2012051853,6,67,67301,2012,4,2,1430,14,1,9,0,8,1, , ,N,0,0,0,3,0,1,2,2,N,Y,39 58:21.866,75 07:40.316,1455, ,1445, ,0, ,N, ,0, , , , , ,668240, , , ,1,1,0,0,0,0,0,0,0,0,0,1,1,0,0,0,0,0,0,0,0,0,0,0,0,0,0,0,0,0,0,0,1,0,0,4,0,39.9727,-75.1279, , 
 ,57808,2012056684,6,67,67301,2012,5,1,440,4,2,1,0,2,1, , ,N,0,0,0,3,0,1,3,2,N,N,39 55:27.591,75 13:52.305,500, ,446, ,0, ,N, ,0, , , , , ,668245, , , ,2,1,0,0,0,0,1,0,0,0,0,0,1,1,0,0,0,0,0,0,0,0,0,0,0,0,0,0,0,0,0,0,0,0,0,8,0,39.9243,-75.2312, , 
 ,57809,2012056757,6,67,67301,2012,4,5,1003,10,1,1,0,1,1, , ,N,0,0,0,3,0,2,2,2,N,N,39 59:47.743,75 06:52.188,1005, ,1004, ,0, , , ,0, , , , , ,668246, , , ,2,1,0,0,0,1,0,0,0,2,0,0,2,0,0,0,0,0,0,0,0,0,0,1,0,1,0,0,0,0,0,0,0,0,0,2,1,39.9966,-75.1145, , 
 ,57810,2012005456,6,67,67301,2012,1,5,1104,11,1,2,1,7,2, , ,N,0,0,2,3,0,0,1,1,N,N,39 53:32.227,75 14:12.042,1114, ,1107,1,1,2,Y, ,0,N, , , , ,668248, , , ,1,1,0,0,0,0,0,0,0,0,0,0,0,0,0,0,0,0,0,0,1,0,0,0,0,0,0,0,0,0,0,0,0,0,0,0,0,39.8923,-75.2367, , 
 ,57811,2012020536,6,67,67301,2012,1,6,2102,21,3,1,0,4,1, , ,N,1,0,0,3,0,1,3,2,N,N,40 03:05.811,75 05:37.087,2127, ,2123,1,2,1,N, ,0,Y, , , , ,668265, , , ,2,1,0,0,0,0,0,1,0,0,0,1,1,0,0,0,0,0,0,0,0,1,0,0,0,0,0,0,0,0,0,0,0,0,0,4,0,40.0516,-75.0936, , 
 ,57812,2012020685,6,67,67301,2012,2,1,306,3,3,1,0,7,4, , ,N,0,0,0,3,0,1,1,1,N,N,40 00:09.858,75 04:40.058,319, ,308,1,1,1,N, ,0,N, , , , ,668266, , , ,1,0,0,0,0,0,1,0,0,0,0,0,1,1,0,0,0,0,0,0,0,0,0,0,0,0,0,0,0,0,0,0,0,0,0,8,0,40.0026,-75.0779, , 
 ,57813,2012036821,6,67,67301,2012,3,6,1355,13,1,1,0,4,1, , ,N,2,0,0,3,0,2,3,2,N,N,40 06:33.392,75 01:31.993,1409, ,1404, ,0, ,N, ,0, , , , , ,668276, , , ,2,2,0,0,0,0,0,0,0,0,0,0,2,2,0,0,0,0,0,0,1,0,1,0,0,0,0,0,0,0,0,0,0,0,0,8,0,40.1093,-75.0256, , 
 ,57814,2012037224,6,67,67301,2012,1,1,329,3,3,1,0,7,4, , ,N,0,0,0,3,1,0,1,1,N,N,40 00:26.298,75 11:59.280,351, ,341,3,2,4,N,0,0,Y, , , , ,668277, , , ,1,1,0,0,0,0,0,0,0,0,0,0,0,0,0,0,0,0,0,0,0,0,0,1,1,0,0,0,0,0,0,0,0,0,0,1,0,40.0073,-75.1998,2, 
 ,57815,2012056199,6,67,67301,2012,4,1,1320,13,1,1,0,1,1, , ,N,0,0,0,3,0,0,3,3,N,N,39 59:01.640,75 05:50.437,1358, ,1325, ,0, ,N, ,0, , , , , ,668290, , , ,3,3,0,0,0,0,0,0,0,0,0,0,0,0,0,0,0,0,0,1,0,0,0,0,0,0,0,0,0,0,0,0,0,0,0,0,0,39.9838,-75.0973, , 
 ,57816,2012020365,6,67,67301,2012,1,1,1053,10,1,1,0,4,1, , ,N,1,2,0,3,1,3,5,2,N,N,39 59:29.241,75 10:18.357,1059, ,1057,9,2,7,N,0,3,Y, , , , ,668314, , , ,2,1,0,0,0,0,1,0,0,0,0,0,3,3,0,0,0,0,0,0,1,0,0,3,1,0,0,0,0,0,0,0,0,0,0,1,0,39.9915,-75.1718,2, 
 ,57817,2012020578,6,67,67301,2012,2,6,1900,19,3,1,0,7,5, , ,N,0,0,0,3,0,0,1,1,N,N,40 05:03.322,75 02:06.659,1901, ,1901,2,2,4,N, ,0,N, , , , ,668315, , , ,1,1,0,0,0,0,0,0,0,0,0,0,0,0,0,0,0,0,0,0,1,0,0,0,0,0,0,0,0,0,0,0,0,0,0,0,0,40.0843,-75.0353, , 
 ,57818,2012041337,6,67,67301,2012,4,1,2242,22,3,2,1,7,2, , ,N,0,0,0,3,0,1,1,1,N,N,39 58:58.783,75 12:28.534,2242, ,2242,1,1,4,N, ,0,N, , , , ,668328, , , ,1,1,0,0,0,0,0,0,0,0,0,1,1,0,0,0,0,0,0,0,0,0,0,0,0,0,0,0,0,0,0,0,0,0,0,4,0,39.983,-75.2079, , 
 ,57819,2012044220,6,67,67301,2012,5,3,1930,19,1,1,0,1,1, , ,N,0,4,0,3,0,3,5,4,N,N,39 56:43.045,75 11:25.859,1937, ,1932, ,0, ,N, ,3, , , , , ,668329, , , ,4,3,0,0,0,0,1,0,0,0,0,0,3,3,0,0,0,0,0,0,1,0,0,0,0,0,0,0,0,0,0,0,0,0,0,8,0,39.9453,-75.1905, , 
 ,57820,2012049745,6,67,67301,2012,5,3,1550,15,1,1,0,7,4, , ,N,0,0,0,3,0,0,1,1,N,N,40 03:03.659,75 03:02.525,1600, ,1552, ,0, ,N, ,0, , , , , ,668336, , , ,1,1,0,0,0,0,0,0,0,0,0,0,0,0,0,0,0,0,0,0,0,0,0,0,0,0,0,0,0,0,0,0,0,0,0,0,0,40.051,-75.0507, , 
 ,57821,2012014968,6,67,67301,2012,1,1,1043,10,1,1,0,1,2, , ,N,0,0,0,3,0,0,1,2,N, ,40 00:11.750,75 09:09.211,1656, ,1056, ,0, , , ,0, , , , , ,668355, , , ,2,2,0,0,0,0,0,0,0,0,0,0,0,0,0,0,0,0,0,0,1,0,0,0,0,0,0,0,0,0,0,0,0,0,0,0,0,40.0033,-75.1526, , 
 ,57822,2012028181,6,67,67301,2012,2,3,1715,17,1,1,0,5,1, , ,N,2,3,0,3,0,0,3,2,N, ,40 00:29.508,75 04:18.071,1715, ,1706, ,0, , , ,3, , , , , ,668363, , , ,2,2,0,0,0,0,0,0,0,0,0,0,0,0,0,0,0,0,0,0,0,0,0,3,0,0,0,0,0,0,0,0,0,0,0,0,0,40.0082,-75.0717, , 
 ,57823,2012047090,6,67,67301,2012,4,2,1105,11,1,1,0,7,2, , ,N,0,0,0,3,0,1,2,1,N, ,39 57:51.870,75 12:44.730,1116, ,1107, ,0, , , ,0, , , , , ,668384, , , ,1,1,0,0,0,0,0,0,0,0,0,1,1,0,0,0,0,0,0,0,0,0,0,0,0,0,0,0,0,0,0,0,0,0,0,4,0,39.9644,-75.2124, , 
 ,57824,2012015921,6,67,67301,2012,2,3,1325,13,1,1,0,1,1, , ,N,0,0,0,3,0,0,2,2,N,N,39 59:57.001,75 04:50.471,1335, ,1328,1,1,2,N, ,0,N, , , , ,668397, , , ,2,1,0,0,0,1,0,0,0,0,0,0,0,0,0,0,0,0,0,0,0,0,0,0,0,0,0,0,0,0,0,0,0,0,0,0,1,39.9993,-75.0806, , 
 ,57825,2012049827,6,67,67301,2012,4,2,725,7,1,2,0,4,1, , ,N,1,2,0,3,0,1,2,2,N,N,40 02:22.401,75 05:03.893,737, ,730, ,0, , , ,3, , , , , ,665310, , , ,2,2,0,0,0,0,0,0,0,0,0,0,1,1,0,0,0,0,0,0,1,0,0,0,0,0,0,0,0,0,0,0,0,0,0,8,0,40.0396,-75.0844, , 
 ,57826,2012012611,6,67,67301,2012,1,1,1940,19,3,2,1,4,1, , ,N,2,3,0,3,0,1,3,2,N, ,39 58:47.777,75 13:09.352,2020, ,2018, ,0, , , ,3, , , , , ,665325, , , ,2,0,0,0,1,0,1,0,0,0,0,0,1,1,0,0,0,0,0,0,0,0,0,0,0,0,0,0,0,0,0,0,0,0,0,8,0,39.9799,-75.2193, , 
 ,57827,2012028479,6,67,67301,2012,2,7,1549,15,1,1,0,8,1, , ,N,1,2,0,3,0,1,2,2,N,N,40 02:19.773,75 08:37.097,1550, ,1550, ,0, ,N, ,3, , , , , ,665338, , , ,1,0,0,0,0,0,1,0,0,0,0,1,1,0,0,0,0,0,0,0,0,0,0,0,0,0,0,0,0,0,0,0,1,0,0,4,0,40.0388,-75.1436, , 
 ,57828,2012041699,6,67,67301,2012,3,3,1606,16,1,1,0,8,5, , ,N,1,3,0,3,0,1,2,2,N,N,40 02:19.456,75 07:24.668,1740, ,1727, ,0, ,N, ,3, , , , , ,665351, , , ,1,0,0,0,0,0,0,0,0,0,0,0,1,1,1,0,0,0,0,0,0,0,0,0,0,0,0,0,0,0,0,0,1,0,0,8,0,40.0387,-75.1235, , 
 ,57829,2012047141,6,67,67301,2012,4,7,1854,18,1,1,0,4,1, , ,N,0,0,0,3,0,0,4,2,N,N,40 01:56.809,75 04:49.814,1859, ,1855,2,1,1,N, ,0,N, , , , ,665356, , , ,2,2,0,0,0,0,0,0,0,0,0,0,0,0,0,0,0,0,0,0,0,0,0,0,0,0,0,0,0,0,0,0,0,0,0,0,0,40.0324,-75.0805, , 
 ,57830,2012048207,6,67,67301,2012,4,3,9999,99,1,1,0,4,1, , ,N,0,0,0,3,0,0,2,2,N,N,39 57:20.091,75 09:27.104,845, ,845, ,0, , , ,0, , , , , ,665357, , , ,2,1,0,0,0,0,1,0,0,0,0,0,0,0,0,0,0,0,0,0,0,0,0,0,0,0,0,0,0,0,0,0,0,0,0,0,0,39.9556,-75.1575, , 
 ,57831,2012020604,6,67,67301,2012,1,7,2020,20,3,1,0,1,1, , ,N,0,0,0,3,0,5,7,2,N,N,40 01:13.898,75 09:16.576,2035, ,2028, ,0, ,N, ,0, , , , , ,665377, , , ,2,0,0,0,1,0,1,0,0,0,0,0,5,5,0,0,0,0,0,0,0,1,0,0,0,0,0,0,0,0,0,0,0,0,0,8,0,40.0205,-75.1546, , 
 ,57832,2012042551,6,67,67301,2012,3,4,826,8,1,1,0,4,1, , ,N,1,2,0,3,0,1,2,3,N,N,39 55:57.266,75 13:48.767,900, ,826, ,0, ,N, ,3, , , , , ,665398, , , ,3,0,0,0,0,0,0,2,0,0,0,1,1,0,0,0,0,0,0,0,0,0,0,0,0,0,0,0,0,0,0,0,0,0,0,4,0,39.9325,-75.2303, , 
 ,57833,2012042641,6,67,67301,2012,4,3,1707,17,1,1,0,7,2, , ,N,0,0,0,3,0,4,4,2,N,N,39 57:53.696,75 08:16.375,1711, ,1707,2,1,2,N, ,0,N, , , , ,665399, , , ,2,1,0,0,1,0,0,0,0,0,1,2,4,1,0,0,0,0,0,0,0,0,0,2,0,0,0,0,0,0,0,0,0,0,0,3,0,39.9649,-75.1379, , 
 ,57834,2012051932,6,67,67301,2012,4,2,1511,15,1,1,0,8,1, , ,N,1,2,0,3,0,1,2,2,N, ,40 01:18.347,75 06:45.753,1530, ,1520, ,0, , , ,3, , , , , ,665409, , , ,1,1,0,0,0,0,0,0,0,0,0,1,1,0,0,0,0,0,0,0,0,0,0,0,0,0,0,0,0,0,0,0,1,0,0,4,0,40.0217,-75.1127, , 
 ,57835,2012013074,6,67,67301,2012,1,1,1145,11,1,1,0,4,1, , ,N,1,2,0,3,0,0,4,2,N,N,39 58:14.986,75 09:14.701,1147, ,1147,2,1,4,N, ,3,N, , , , ,665414, , , ,2,2,0,0,0,0,0,0,0,0,0,0,0,0,0,0,0,0,0,0,0,0,0,0,0,0,0,0,0,0,0,0,0,0,0,0,0,39.9707,-75.1541, , 
 ,57836,2012015711,6,67,67301,2012,2,3,1410,14,1,1,0,1,1, , ,N,0,0,0,3,0,0,2,2,N,N,40 03:02.450,74 59:27.961,1430, ,1416, ,0, ,N, ,0, , , , , ,665426, , , ,2,0,0,0,0,0,2,0,0,0,0,0,0,0,0,0,0,0,0,0,0,0,0,0,0,0,0,0,0,0,0,0,0,0,0,0,0,40.0507,-74.991, , 
 ,57837,2012015837,6,67,67301,2012,1,5,304,3,3,2,1,2,1, , ,N,0,0,0,3,0,2,3,2,N,N,40 01:36.064,75 06:54.369,309, ,306,1,2,1,N, ,0,Y, , , , ,665427, , , ,2,2,0,0,0,0,0,0,0,0,0,2,2,0,1,0,0,0,0,0,1,0,0,0,0,0,0,0,0,0,0,0,0,0,0,4,0,40.0267,-75.1151, , 
 ,57838,2012042196,6,67,67301,2012,3,7,9999,99,1,1,0,4,1, , ,N,0,2,7,3,0,1,2,2,N,N,39 54:13.948,75 14:30.458,1749, ,1737, ,0, , , ,3, , , , , ,665455, , , ,2,2,0,0,0,0,0,0,0,0,0,1,1,0,0,0,0,0,0,0,0,0,0,0,0,0,0,0,0,0,0,0,0,0,0,4,0,39.9039,-75.2418, , 
 ,57839,2012018049,6,67,67301,2012,2,1,53,0,3,8,1,7,3, , ,N,7,0,2,3,0,1,1,1,N,N,39 57:05.932,75 08:29.313,104, ,104,1,1,1,N, ,0,N, , , , ,665468, , , ,1,1,0,0,0,0,0,0,0,0,0,1,1,0,0,0,0,0,0,0,0,0,0,0,0,0,0,0,0,0,0,0,0,0,0,4,0,39.9517,-75.1415, , 
 ,57840,2012026245,6,67,67301,2012,2,6,930,9,1,1,0,7,5, , ,N,0,0,0,3,0,1,1,1,N,N,39 55:00.432,75 10:14.324,938, ,932, ,0, ,N, ,0, , , , , ,665477, , , ,1,0,0,0,1,0,0,0,0,0,0,1,1,0,0,0,0,0,0,0,0,0,0,0,0,0,0,0,0,0,0,0,0,0,0,4,0,39.9168,-75.1706, , 
 ,57841,2012028490,6,67,67301,2012,2,6,505,5,1,1,1,8,1, , ,N,0,0,0,3,0,1,2,2,N,N,40 02:09.116,75 10:29.184,520, ,512, ,0, ,N, ,0, , , , , ,665479, , , ,1,1,0,0,0,0,0,0,0,0,1,0,1,0,0,0,0,0,0,0,0,0,0,0,0,0,0,0,0,0,0,0,1,0,0,3,0,40.0359,-75.1748, , 
 ,57842,2012036833,6,67,67301,2012,2,4,1927,19,2,2,1,8,1, , ,N,0,0,0,3,0,1,4,3,N, ,39 58:13.130,75 14:23.742,1930, ,1930, ,0, , , ,0, , , , , ,665488, , , ,1,0,0,0,0,0,1,0,0,0,0,1,1,0,0,0,0,0,0,0,0,0,0,0,0,0,0,0,0,0,0,0,2,0,0,4,0,39.9703,-75.2399, , 
 ,57843,2012021393,6,67,67301,2012,1,7,9999,99,3,1,0,7,5, , ,N,0,0,0,3,0,1,4,2,N,N,39 55:18.945,75 08:45.551,329, ,329, ,0, , , ,0, , , , , ,665522, , , ,2,2,0,0,0,0,0,0,0,0,0,1,1,0,0,0,0,0,0,0,0,0,0,0,0,0,0,0,0,0,0,0,0,0,0,4,0,39.9219,-75.146, , 
 ,57844,2012049858,6,67,67301,2012,4,4,1655,16,1,1,0,8,1, , ,N,1,3,0,3,0,1,2,2,N, ,39 55:56.560,75 10:59.073,1657, ,1655, ,0, , , ,3, , , , , ,658408, , , ,1,1,0,0,0,0,0,0,0,0,0,1,1,0,0,0,0,0,0,0,0,0,0,0,0,0,0,0,0,0,0,0,1,0,0,4,0,39.9324,-75.1831, , 
 ,57845,2012056724,6,67,67301,2012,5,4,220,2,3,2,1,7,4, , ,N,0,0,0,3,0,0,2,1,N,N,39 57:22.711,75 09:04.876,220, ,220, ,0, ,N, ,0, , , , , ,658410, , , ,1,1,0,0,0,0,0,0,0,0,0,0,0,0,0,0,0,0,0,0,0,0,0,0,0,0,0,0,0,0,0,0,0,0,0,0,0,39.9563,-75.1514, , 
 ,57846,2012032667,6,67,67301,2012,2,7,1149,11,1,1,0,4,1, , ,N,0,0,0,3,0,1,4,2,N,N,40 02:04.548,75 12:34.574,1157, ,1153, ,0, ,N, ,0, , , , , ,658448, , , ,1,1,0,0,0,0,0,0,1,0,0,0,1,1,0,0,0,0,1,0,0,0,0,0,0,0,0,0,0,0,0,0,0,0,0,8,0,40.0346,-75.2096, , 
 ,57847,2012036998,6,67,67301,2012,3,1,810,8,1,1,0,4,1, , ,N,1,2,0,3,0,1,3,3,N,N,40 06:06.588,75 01:38.906,826, ,826,2,1,4, , ,3,Y, , , , ,658454, , , ,3,3,0,0,0,0,0,0,0,0,0,0,1,1,0,0,0,0,0,0,1,0,0,0,0,0,0,0,0,0,0,0,0,0,0,8,0,40.1018,-75.0275, , 
 ,57848,2012048239,6,67,67301,2012,4,1,9999,99,1,1,0,7,2, , ,N,0,0,0,3,0,1,2,2,N,N,40 02:39.114,75 06:08.446,1030, ,1027, ,0, , , ,0, , , , , ,658458, , , ,2,0,0,0,0,0,2,0,0,0,0,1,1,0,0,0,0,0,0,0,0,0,0,0,0,0,0,0,0,0,0,0,0,0,0,4,0,40.0442,-75.1023, , 
 ,57849,2012032666,6,67,67301,2012,2,7,1735,17,1,1,0,7,5, , ,N,1,2,0,3,0,1,1,2,N,N,39 59:04.850,75 09:23.377,1740, ,1738, ,0, ,N, ,3, , , , , ,658495, , , ,1,1,0,0,0,0,0,0,0,0,0,1,1,0,0,0,0,0,0,0,0,0,0,0,0,0,0,0,0,0,0,0,0,0,0,4,0,39.9847,-75.1565, , 
 ,57850,2012036815,6,67,67301,2012,3,5,115,1,3,2,1,1,1, , ,N,0,0,0,3,0,0,3,2,N,N,40 03:49.122,75 01:41.777,132, ,121, ,0, ,N, ,0, , , , , ,658503, , , ,2,2,0,0,0,0,0,0,0,0,0,0,0,0,0,0,0,0,0,0,0,0,0,0,0,0,0,0,0,0,0,0,0,0,0,0,0,40.0636,-75.0283, , 
 ,57851,2012015454,6,67,67301,2012,1,4,1001,10,1,1,0,4,1, , ,N,1,2,0,3,0,3,4,2,N,N,40 01:33.789,75 08:50.885,1009, ,1003, ,0, , , ,3, , , , , ,658519, , , ,2,2,0,0,0,0,0,0,0,0,0,1,3,2,1,0,0,0,0,0,0,1,0,4,0,0,0,0,0,0,0,0,0,0,0,4,0,40.0261,-75.1475, , 
 ,57852,2012032624,6,67,67301,2012,2,3,1730,17,4,1,0,8,1, , ,N,1,0,0,3,0,1,2,2,N, ,39 59:11.076,75 06:03.394,1412, ,1412, ,0, , , ,0, , , , , ,658534, , , ,1,0,0,0,0,0,0,0,0,0,1,0,1,0,0,0,0,0,0,0,0,0,0,0,0,0,0,0,0,0,0,0,1,0,0,3,0,39.9864,-75.1009, , 
 ,57853,2012047145,6,67,67301,2012,4,5,2205,22,3,1,0,1,1, , ,N,0,2,6,3,0,2,5,2,N,N,40 04:35.407,75 01:57.021,2226, ,2210,1,1,1,N, ,3,N, , , , ,658545, , , ,2,1,0,0,1,0,0,0,0,0,0,2,2,0,0,0,0,0,0,0,0,0,0,0,0,0,0,0,0,0,0,0,0,0,0,4,0,40.0765,-75.0327, , 
 ,57854,2012047247,6,67,67301,2012,3,7,1630,16,1,1,0,4,1, , ,N,1,3,0,3,0,6,10,3,N, ,39 57:18.234,75 13:47.243,1635, ,1633,3,2,7, , ,3,Y, , , , ,658546, , , ,3,2,0,1,0,0,0,0,0,0,0,6,6,0,0,0,0,0,0,0,1,0,0,0,0,0,0,0,0,0,0,0,0,0,0,4,1,39.9551,-75.2298, , 
 ,57855,2012056672,6,67,67301,2012,5,7,110,1,3,2,1,4,1, , ,N,1,2,0,3,0,1,2,2,N,N,40 02:37.429,75 05:06.333,120, ,117,2,1,4,N, ,3,Y, , , , ,658552, , , ,2,1,0,0,0,0,1,0,0,0,0,1,1,0,0,0,0,0,0,0,0,0,0,0,0,0,0,0,0,0,0,0,0,0,0,4,0,40.0437,-75.0851, , 
 ,57856,2012012931,6,67,67301,2012,1,3,1602,16,1,1,0,1,1, , ,N,0,0,0,3,0,1,2,2,N,N,40 01:18.835,75 02:19.734,1611, ,1603, ,0, ,N, ,0, , , , , ,658577, , , ,2,2,0,0,0,0,0,0,0,0,1,0,1,0,0,0,0,0,0,0,0,0,0,0,0,0,0,0,0,0,0,0,0,0,0,3,0,40.0218,-75.039, , 
 ,57857,2012029589,6,46,46108,2012,3,2,1303,13,1,1,0,1,1, , ,N,0,0,0,3,0,0,4,3,N,N,40 05:15.595,75 12:52.175,1305, ,1303,1,1,1,N, ,0,N, , , , ,658593, , , ,3,2,0,0,0,0,1,0,0,0,0,0,0,0,0,0,0,0,0,1,0,0,0,0,0,0,0,0,0,0,0,0,0,0,0,0,0,40.0877,-75.2145, , 
 ,57858,2012032507,6,67,67301,2012,2,4,135,1,3,1,0,4,1, , ,N,1,2,0,3,0,1,6,2,N, ,39 55:41.368,75 09:02.516,144, ,142, ,0, , , ,3, , , , , ,658598, , , ,2,1,0,0,0,1,0,0,0,0,0,1,1,0,0,0,0,0,0,0,1,0,0,0,0,0,0,0,0,0,0,0,0,0,0,4,0,39.9282,-75.1507, , 
 ,57859,2012048178,6,67,67301,2012,3,4,1041,10,1,1,0,1,1, , ,N,0,2,0,3,0,3,5,2,N,N,39 56:31.419,75 09:57.238,1051, ,1046, ,0, ,N, ,3, , , , , ,658611, , , ,2,1,0,1,0,0,0,0,0,0,0,0,3,3,0,0,0,0,0,0,0,0,0,0,0,0,0,0,0,0,0,0,0,0,0,8,1,39.9421,-75.1659, , 
 ,57860,2012013110,6,67,67301,2012,1,7,1030,10,1,1,0,4,1, , ,N,0,0,0,3,0,3,4,2,N, ,40 00:55.088,75 12:29.093,1039, ,1034, ,0, , , ,0, , , , , ,658619, , , ,2,2,0,0,0,0,0,0,0,0,0,0,3,3,0,0,0,0,0,0,1,1,0,0,0,0,0,0,0,0,0,0,0,0,0,8,0,40.0152,-75.2078, , 
 ,57861,2012028151,6,67,67301,2012,2,4,310,3,3,1,0,1,1, , ,N,1,2,0,3,0,1,2,2,N,N,40 01:48.790,75 05:17.559,320, ,312,1,1,2,N, ,3,N, , , , ,658634, , , ,2,2,0,0,0,0,0,0,0,0,0,1,1,0,0,0,0,0,0,0,0,0,0,0,0,0,0,0,0,0,0,0,0,0,0,4,0,40.0301,-75.0882, , 
 ,57862,2012014414,6,67,67301,2012,2,6,257,2,3,1,0,7,2, , ,N,0,0,2,3,0,0,1,1,N,N,39 57:40.454,75 08:25.105,304, ,300,1,2,4,N, ,0,N, , , , ,661611, , , ,1,1,0,0,0,0,0,0,0,0,0,0,0,0,1,0,0,0,0,0,0,0,0,0,0,0,0,0,0,0,0,0,0,0,0,9,0,39.9614,-75.1402, , 
 ,57863,2012015373,6,67,67301,2012,1,2,1015,10,1,1,0,8,1, , ,N,0,0,0,3,0,1,2,2,N,N,39 57:49.390,75 10:19.303,1022, ,1021, ,0, ,N, ,0, , , , , ,661613, , , ,1,1,0,0,0,0,0,0,0,0,0,1,1,0,0,0,0,0,0,0,0,0,0,0,0,0,0,0,0,0,0,0,1,0,0,4,0,39.9637,-75.172, , 
 ,57864,2012023230,6,67,67301,2012,2,5,12,0,3,1,0,7,4, , ,N,0,0,0,3,0,1,1,1,N,N,39 58:31.467,75 11:40.201,40, ,30, ,0, ,N, ,0, , , , , ,661621, , , ,1,0,0,0,0,0,0,1,0,0,0,1,1,0,0,0,0,0,0,0,0,0,0,0,0,0,0,0,0,0,0,0,0,0,0,4,0,39.9754,-75.1945, , 