wz_ln_closure,objectid_1,crn,district,county,municipality,crash_year,crash_month,day_of_week,time_of_day,hour_of_day,illumination,weather,road_condition,collision_type,relation_to_road,work_zone_type,work_zone_loc,work_zone_ind,intersect_type,tcd_type,location_type,urban_rural,fatal_count,injury_count,person_count,total_units,sch_bus_ind,sch_zone_ind,latitude,longitude,arrival_tm,cons_zone_spd_lim,dispatch_tm,est_hrs_closed,lane_closed,ln_close_dir,ntfy_hiwy_maint,spec_juris_cd,tcd_func_cd,tfc_detour_ind,workers_pres,wz_close_detour,wz_flagger,wz_law_offcr_ind,objectid,wz_moving,wz_other,wz_shlder_mdn,vehicle_count,automobile_count,motorcycle_count,bus_count,small_truck_count,heavy_truck_count,suv_count,van_count,bicycle_count,maj_inj_count,mod_inj_count,min_inj_count,tot_inj_count,unk_inj_deg_count,unk_inj_per_count,driver_count_16yr,driver_count_17yr,driver_count_18yr,driver_count_19yr,driver_count_20yr,driver_count_50_64yr,driver_count_65_74yr,driver_count_75plus,unbelted_occ_count,unb_death_count,unb_maj_inj_count,belted_death_count,belted_maj_inj_count,mcycle_death_count,mcycle_maj_inj_count,bicycle_death_count,bicycle_maj_inj_count,ped_count,ped_death_count,ped_maj_inj_count,max_severity_level,comm_veh_count,dec_lat,dec_long,rdwy_surf_type_cd,county_name
 ,57865,2012026079,6,67,67301,2012,1,7,41,0,3,1,0,5,1, , ,N,0,0,0,3,0,4,5,2,N, ,40 00:54.015,75 08:59.569,48, ,44, ,0, , , ,0, , , , , ,661623, , , ,2,2,0,0,0,0,0,0,0,0,1,3,4,0,0,0,0,0,0,0,0,0,0,0,0,0,0,0,0,0,0,0,0,0,0,3,0,40.015,-75.1499, , 
 ,57866,2012027759,6,67,67301,2012,2,5,1438,14,1,1,0,8,1, , ,N,1,2,0,3,0,1,2,2,N,N,40 02:07.762,75 13:02.189,1443, ,1438, ,0, ,N, ,3, , , , , ,661624, , , ,1,1,0,0,0,0,0,0,0,0,0,0,1,1,0,0,0,0,0,0,0,0,0,0,0,0,0,0,0,0,0,0,1,0,0,8,0,40.0355,-75.2173, , 
 ,57867,2012031957,6,67,67301,2012,3,7,1853,18,1,2,1,7,2, , ,N,0,0,0,3,0,2,2,1,N,N,39 56:56.140,75 11:06.179,1900, ,1900, ,0, ,N, ,0, , , , , ,661627, , , ,1,1,0,0,0,0,0,0,0,0,0,2,2,0,0,0,0,0,0,0,0,0,0,0,0,0,0,0,0,0,0,0,0,0,0,4,0,39.9489,-75.185, , 
 ,57868,2012042107,6,67,67301,2012,3,4,9999,99,3,6,1,7,2, , ,N,0,0,0,3,0,0,1,1,N, ,39 54:52.698,75 13:17.090,659, ,658, ,0, , , ,0, , , , , ,661634, , , ,1,1,0,0,0,0,0,0,0,0,0,0,0,0,0,0,0,0,0,0,0,0,0,0,0,0,0,0,0,0,0,0,0,0,0,0,0,39.9155,-75.2211, , 
 ,57869,2012051089,6,46,46104,2012,5,7,1934,19,4,1,0,1,1, , ,N,2,2,0,3,0,1,2,2,N,N,39 59:22.272,75 15:05.312,1934, ,1934,2,2,3,N, ,3,N, , , , ,661641, , , ,2,1,0,0,0,0,1,0,0,0,0,1,1,0,0,0,0,0,0,0,2,0,0,0,0,0,0,0,0,0,0,0,0,0,0,4,0,39.9895,-75.2514, , 
 ,57870,2012012293,6,67,67301,2012,1,7,157,1,3,1,0,7,2, , ,N,7,0,2,3,0,0,1,1,N,N,40 01:22.658,75 02:09.745,204, ,201, ,0, ,Y, ,0, , , , , ,661657, , , ,1,1,0,0,0,0,0,0,0,0,0,0,0,0,0,0,0,0,0,0,0,0,0,0,0,0,0,0,0,0,0,0,0,0,0,0,0,40.023,-75.0359, , 
 ,57871,2012020528,6,67,67301,2012,1,5,1340,13,1,1,0,1,1, , ,N,2,3,0,3,0,1,2,2,N,N,40 02:28.579,75 09:28.736,1420, ,1420, ,0, ,N, ,3, , , , , ,661668, , , ,2,2,0,0,0,0,0,0,0,0,1,0,1,0,0,0,0,0,0,0,1,0,0,0,0,0,0,0,0,0,0,0,0,0,0,3,0,40.0413,-75.158, , 
 ,57872,2012034293,6,67,67301,2012,4,2,1240,12,1,1,0,1,1, , ,N,0,0,0,3,0,0,3,3,N,N,39 56:04.393,75 08:41.504,1249, ,1244,1,1,2,N, ,0,N, , , , ,661678, , , ,3,2,0,0,0,0,1,0,0,0,0,0,0,0,0,0,0,0,0,0,0,1,0,0,0,0,0,0,0,0,0,0,0,0,0,0,0,39.9344,-75.1449, , 
 ,57873,2012047819,6,67,67301,2012,4,2,951,9,1,1,0,1,1, , ,N,0,0,0,3,0,0,2,2,N,N,40 00:26.730,75 12:00.492,1011, ,955,1,1,4,N, ,0,N, , , , ,661688, , , ,2,1,0,0,0,1,0,0,0,0,0,0,0,0,0,0,0,0,0,0,1,0,1,0,0,0,0,0,0,0,0,0,0,0,0,0,1,40.0074,-75.2001, , 
 ,57874,2012020413,6,67,67301,2012,1,6,1435,14,1,1,0,4,2, , ,N,0,0,0,3,0,0,2,2,N,N,40 02:46.176,75 08:07.285,1516, ,1515, ,0, ,N, ,0, , , , , ,661715, , , ,2,1,0,0,1,0,0,0,0,0,0,0,0,0,0,0,0,0,0,0,1,0,0,1,0,0,0,0,0,0,0,0,0,0,0,0,0,40.0462,-75.1354, , 
 ,57875,2012020616,6,67,67301,2012,1,2,2245,22,3,2,1,4,1, , ,N,1,2,0,3,0,0,2,2,N,N,40 02:07.013,75 01:30.652,2304, ,2248, ,0, ,N, ,3, , , , , ,661716, , , ,2,2,0,0,0,0,0,0,0,0,0,0,0,0,0,0,0,0,0,0,0,0,0,0,0,0,0,0,0,0,0,0,0,0,0,0,0,40.0353,-75.0252, , 
 ,57876,2012048116,6,67,67301,2012,4,1,230,2,3,2,1,4,1, , ,N,1,3,0,3,0,2,4,2,N,N,40 00:33.148,75 06:09.122,315, ,315, ,0, , , ,3, , , , , ,661738, , , ,2,2,0,0,0,0,0,0,0,0,0,1,2,1,0,0,0,0,0,0,0,0,0,1,0,0,0,0,0,0,0,0,0,0,0,4,0,40.0092,-75.1025, , 
 ,57877,2012015426,6,67,67301,2012,1,6,1220,12,1,1,0,4,1, , ,N,2,2,0,3,0,0,3,2,N,N,39 59:15.615,75 13:29.927,1247, ,1246, ,0, , , ,3, , , , , ,661751, , , ,2,1,0,0,0,0,0,1,0,0,0,0,0,0,0,0,0,0,0,0,2,0,0,0,0,0,0,0,0,0,0,0,0,0,0,0,0,39.9877,-75.225, , 
 ,57878,2012036756,6,67,67301,2012,2,6,1229,12,1,1,0,4,1, , ,N,0,0,0,3,0,1,2,2,N, ,39 55:37.333,75 13:56.265,1230, ,1230,1,2,6, , ,0,Y, , , , ,661764, , , ,2,2,0,0,0,0,0,0,0,0,0,1,1,0,0,0,0,0,0,0,0,0,0,0,0,0,0,0,0,0,0,0,0,0,0,4,0,39.927,-75.2323, , 
 ,57879,2012042211,6,67,67301,2012,3,4,9999,99,1,1,0,6,1, , ,N,1,2,0,3,0,2,2,2,N,N,40 02:13.179,75 04:47.311,1510, ,1510, ,0, ,N, ,3, , , , , ,661768, , , ,2,2,0,0,0,0,0,0,0,0,0,2,2,0,0,0,0,0,0,0,0,0,1,0,0,0,0,0,0,0,0,0,0,0,0,4,0,40.0369,-75.0798, , 
 ,57880,2012058817,6,67,67301,2012,3,6,218,2,2,1,1,6,1, , ,N,0,0,0,3,0,4,4,2,N,N,39 59:10.818,75 12:28.733,238, ,222,2,1,4,N, ,0,N, , , , ,661783, , , ,2,2,0,0,0,0,0,0,0,1,0,3,4,0,0,0,0,0,0,0,0,0,0,3,0,1,0,0,0,0,0,0,0,0,0,2,0,39.9863,-75.208, , 
 ,57881,2012026086,6,67,67301,2012,1,5,1054,10,1,1,0,2,1, , ,N,1,0,0,3,0,2,2,2,N,N,40 02:58.996,75 10:18.239,1101, ,1101,3,2,4, , ,0,N, , , , ,668406, , , ,2,1,0,0,0,0,1,0,0,2,0,0,2,0,0,0,0,0,0,0,0,1,0,2,0,2,0,0,0,0,0,0,0,0,0,2,0,40.0497,-75.1717, , 
 ,57882,2012032573,6,67,67301,2012,2,1,1528,15,1,1,0,4,1, , ,N,1,2,0,3,0,1,2,2,N,N,40 03:24.735,75 11:16.996,1603, ,1555, ,0, ,N, ,3, , , , , ,668414, , , ,2,1,0,0,1,0,0,0,0,0,0,1,1,0,0,0,0,0,0,0,0,0,0,0,0,0,0,0,0,0,0,0,0,0,0,4,0,40.0569,-75.1881, , 
 ,57883,2012042106,6,67,67301,2012,3,1,344,3,3,2,1,1,1, , ,N,1,2,0,3,0,0,3,2,N, ,39 55:30.729,75 10:16.566,347, ,344,2,2,3, , ,3,Y, , , , ,668422, , , ,2,1,0,0,0,0,1,0,0,0,0,0,0,0,0,0,0,0,0,0,0,0,0,0,0,0,0,0,0,0,0,0,0,0,0,0,0,39.9252,-75.1711, , 
 ,57884,2012042590,6,67,67301,2012,3,7,200,2,3,1,0,4,2, , ,N,0,0,0,3,0,1,1,2,N,N,39 58:44.106,75 08:35.018,210, ,206, ,0, ,N, ,0, , , , , ,668423, , , ,2,1,0,0,1,0,0,0,0,0,0,1,1,0,0,0,0,0,0,0,0,0,0,0,0,0,0,0,0,0,0,0,0,0,0,4,0,39.9789,-75.1431, , 
 ,57885,2012047165,6,67,67301,2012,4,5,1200,12,1,1,1,8,1, , ,N,2,0,7,3,0,1,2,2,N,N,39 59:10.024,75 07:04.357,2205, ,2200, ,0, ,N, ,0, , , , , ,668429, , , ,1,0,0,0,0,1,0,0,0,0,0,1,1,0,0,0,0,0,0,0,0,0,0,0,0,0,0,0,0,0,0,0,1,0,0,4,1,39.9861,-75.1179, , 
 ,57886,2012048224,6,67,67301,2012,4,6,1129,11,1,1,0,4,1, , ,N,2,0,0,3,0,0,6,2,N,N,40 01:52.777,75 04:23.107,1155, ,1145, ,0, ,N, ,0, , , , , ,668430, , , ,2,1,0,0,0,0,0,1,0,0,0,0,0,0,1,0,0,0,0,0,1,0,0,0,0,0,0,0,0,0,0,0,0,0,0,9,0,40.0313,-75.073, , 
 ,57887,2012011136,6,67,67301,2012,1,3,1744,17,2,1,0,1,1, , ,N,0,0,0,3,0,0,3,2,N,N,40 01:24.568,75 02:02.533,1806, ,1757, ,0, ,N, ,0, , , , , ,668444, , , ,2,2,0,0,0,0,0,0,0,0,0,0,0,0,0,0,0,0,0,0,0,0,0,0,0,0,0,0,0,0,0,0,0,0,0,0,0,40.0235,-75.0339, , 
 ,57888,2012034720,6,67,67301,2012,3,5,210,2,3,1,1,7,5, , ,N,0,0,0,3,0,0,1,1,N,N,40 04:31.032,75 02:03.922,214, ,211, ,0, ,N, ,0, , , , , ,668460, , , ,1,1,0,0,0,0,0,0,0,0,0,0,0,0,0,0,0,0,0,0,0,0,0,0,0,0,0,0,0,0,0,0,0,0,0,0,0,40.0753,-75.0344, , 
U,57889,2012047178,6,67,67301,2012,4,2,1139,11,1,1,0,8,1,2,8,Y,1,2,0,3,0,1,3,2,N,N,39 58:17.205,75 09:33.736,1210,99,1207, ,0, ,N, ,3, ,Y,U,U,N,668471,U,U,U,1,1,0,0,0,0,0,0,0,0,0,0,1,1,0,0,0,0,0,0,0,0,0,0,0,0,0,0,0,0,0,0,1,0,0,8,0,39.9714,-75.1594, , 
 ,57890,2012048151,6,67,67301,2012,4,5,1425,14,1,1,0,4,1, , ,N,1,2,0,3,0,1,2,3,N,N,39 55:38.874,75 13:54.199,1425, ,1425, ,0, ,N, ,3, , , , , ,668475, , , ,3,0,0,0,0,1,1,1,0,0,0,1,1,0,0,0,0,0,0,0,1,0,0,1,0,0,0,0,0,0,0,0,0,0,0,4,1,39.9275,-75.2317, , 
 ,57891,2012048198,6,67,67301,2012,4,3,1200,12,1,1,0,4,1, , ,N,1,3,0,3,0,0,3,2,N, ,40 00:08.715,75 10:19.491,1230, ,1220,2,1,4, , ,3,N, , , , ,668476, , , ,2,1,0,0,1,0,0,0,0,0,0,0,0,0,1,0,0,0,0,0,0,0,0,0,0,0,0,0,0,0,0,0,0,0,0,9,0,40.0024,-75.1721, , 
 ,57892,2012052512,6,67,67301,2012,5,7,1403,14,1,1,0,1,1, , ,N,0,0,0,3,0,0,7,3,N,N,40 00:24.553,75 11:57.129,1411, ,1407,1,1,3,N, ,0,N, , , , ,668481, , , ,3,2,0,0,0,0,1,0,0,0,0,0,0,0,0,0,0,0,0,0,0,0,0,0,0,0,0,0,0,0,0,0,0,0,0,0,0,40.0068,-75.1992, , 
 ,57893,2012042192,6,67,67301,2012,3,3,830,8,1,1,0,4,1, , ,N,2,3,0,3,0,0,3,3,Y,N,40 05:08.045,75 02:21.757,840, ,830,1,2,6,N, ,3,Y, , , , ,668510, , , ,3,1,0,0,1,0,0,1,0,0,0,0,0,0,0,0,0,0,0,0,1,0,1,0,0,0,0,0,0,0,0,0,0,0,0,0,0,40.0856,-75.0394, , 
 ,57894,2012056729,6,67,67301,2012,5,3,2123,21,3,1,0,4,1, , ,N,0,0,0,3,0,1,3,2,N,N,40 02:16.492,75 03:42.698,2137, ,2126,1,1,2,N, ,0,N, , , , ,668521, , , ,2,2,0,0,0,0,0,0,0,0,0,1,1,0,1,0,0,0,0,0,0,0,0,0,0,0,0,0,0,0,0,0,0,0,0,4,0,40.0379,-75.0619, , 
 ,57895,2012017819,6,67,67301,2012,1,1,1235,12,1,4,4,7,5, , ,N,0,0,0,3,0,1,1,1,N,N,40 04:29.139,75 03:21.869,1242, ,1239,2,2,1,N, ,0,Y, , , , ,668548, , , ,1,0,0,0,0,0,1,0,0,0,0,0,1,1,0,0,0,0,0,0,0,0,0,0,0,0,0,0,0,0,0,0,0,0,0,8,0,40.0748,-75.0561, , 
 ,57896,2012041645,6,67,67301,2012,3,2,1600,16,1,1,0,1,1, , ,N,1,2,0,3,0,2,4,3,N,N,40 06:18.581,75 01:58.245,1612, ,1610, ,0, ,N, ,3, , , , , ,668564, , , ,3,1,0,0,1,0,0,1,0,0,0,2,2,0,0,0,0,0,0,0,1,0,0,0,0,0,0,0,0,0,0,0,0,0,0,4,0,40.1052,-75.0328, , 
 ,57897,2012015328,6,67,67301,2012,1,6,717,7,1,1,0,4,1, , ,N,1,2,0,3,0,0,2,2,N,N,39 59:03.406,75 14:44.748,717, ,717,2,1,3,N, ,9,N, , , , ,668592, , , ,2,2,0,0,0,0,0,0,0,0,0,0,0,0,0,0,0,0,0,0,0,0,0,0,0,0,0,0,0,0,0,0,0,0,0,0,0,39.9843,-75.2458, , 
 ,57898,2012028254,6,67,67301,2012,2,1,1859,18,3,1,0,4,1, , ,N,1,2,0,3,0,0,4,2,N,N,39 59:08.826,75 12:56.555,1900, ,1900,1,2,3,N, ,3,N, , , , ,668605, , , ,2,1,0,0,0,0,1,0,0,0,0,0,0,0,0,0,0,0,0,0,1,0,0,0,0,0,0,0,0,0,0,0,0,0,0,0,0,39.9858,-75.2156, , 
 ,57899,2012026080,6,67,67301,2012,2,7,2350,23,3,4,6,7,2, , ,N,1,2,0,3,0,1,1,1,N,N,40 01:25.285,75 05:33.380,9999, ,2353, ,0, , , ,3, , , , , ,665525, , , ,1,1,0,0,0,0,0,0,0,0,0,1,1,0,0,0,0,0,0,0,0,0,0,0,0,0,0,0,0,0,0,0,0,0,0,4,0,40.0238,-75.0925, , 
 ,57900,2012032676,6,67,67301,2012,2,2,2003,20,3,1,0,8,1, , ,N,1,2,0,3,0,1,2,2,N,N,39 56:16.512,75 13:52.078,2008, ,2004, ,0, ,N, ,3, , , , , ,665534, , , ,1,1,0,0,0,0,0,0,0,0,0,1,1,0,0,0,0,0,0,0,0,0,1,0,0,0,0,0,0,0,0,0,1,0,0,4,0,39.9379,-75.2311, , 
 ,57901,2012047129,6,67,67301,2012,4,1,1900,19,2,2,1,8,2, , ,N,0,0,0,3,0,1,2,2,N,N,40 01:39.192,75 05:06.661,2132, ,2130, ,0, ,N, ,0, , , , , ,665542, , , ,1,0,0,0,0,0,0,0,0,0,0,1,1,0,0,0,0,0,0,0,0,0,0,0,0,0,0,0,0,0,0,0,1,0,0,4,0,40.0276,-75.0852, , 
 ,57902,2012017936,6,67,67301,2012,1,2,2231,22,3,2,1,7,2, , ,N,0,0,0,3,0,2,2,1,N,N,39 56:45.360,75 11:54.888,2233, ,2231, ,0, , , ,0, , , , , ,665562, , , ,1,1,0,0,0,0,0,0,0,0,0,0,2,2,0,0,0,0,0,0,0,0,0,0,0,0,0,0,0,0,0,0,0,0,0,8,0,39.9459,-75.1986, , 
 ,57903,2012020448,6,67,67301,2012,1,4,9999,99,1,1,0,4,1, , ,N,1,2,0,3,0,1,2,2,N,N,39 55:23.458,75 11:18.628,1143, ,1140, ,0, ,N, ,3, , , , , ,665565, , , ,2,0,0,0,1,0,1,0,0,0,1,0,1,0,0,0,0,0,0,0,0,0,0,0,0,0,0,0,0,0,0,0,0,0,0,3,0,40.0384,-75.0362, , 
 ,57904,2012028184,6,67,67301,2012,2,2,9999,99,3,1,0,3,6, , ,N,0,0,0,3,0,0,1,2,N,N,39 57:50.490,75 13:43.093,2008, ,2005, ,0, , , ,0, , , , , ,665574, , , ,2,2,0,0,0,0,0,0,0,0,0,0,0,0,0,0,0,0,0,0,0,0,0,0,0,0,0,0,0,0,0,0,0,0,0,0,0,39.964,-75.2286, , 
 ,57905,2012034711,6,67,67301,2012,3,6,1710,17,1,1,0,4,1, , ,N,2,3,2,3,0,0,3,2,N,N,39 53:34.669,75 14:08.050,1730, ,1723, ,0, ,N, ,3, , , , , ,665577, , , ,2,2,0,0,0,0,0,0,0,0,0,0,0,0,0,0,0,0,1,0,0,0,0,0,0,0,0,0,0,0,0,0,0,0,0,0,0,39.893,-75.2359, , 
 ,57906,2012042544,6,67,67301,2012,3,2,1800,18,1,1,0,8,1, , ,N,1,2,0,3,0,1,2,2,N,N,40 02:19.838,75 10:17.839,1830, ,1830, ,0, ,N, ,3, , , , , ,665584, , , ,1,1,0,0,0,0,0,0,0,0,0,0,1,1,0,0,0,0,0,0,0,0,0,0,0,0,0,0,0,0,0,0,1,0,0,8,0,40.0388,-75.1716, , 
 ,57907,2012051916,6,67,67301,2012,5,3,945,9,1,2,1,4,1, , ,N,1,2,0,3,0,1,2,2,N,N,39 56:36.006,75 12:39.070,950, ,945, ,0, ,N, ,3, , , , , ,665592, , , ,2,2,0,0,0,0,0,0,0,0,0,1,1,0,0,0,0,1,0,0,0,1,0,0,0,0,0,0,0,0,0,0,0,0,0,4,0,39.9433,-75.2109, , 
 ,57908,2012063952,6,67,67301,2012,5,6,1300,13,1,1,0,4,1, , ,N,1,3,0,3,0,2,2,2,N, ,39 58:29.586,75 10:00.922,1400, ,1355, ,0, , , ,9, , , , , ,665602, , , ,2,2,0,0,0,0,0,0,0,0,2,0,2,0,0,0,0,0,0,0,1,0,0,0,0,0,0,0,0,0,0,0,0,0,0,3,0,39.9749,-75.1669, , 
 ,57909,2012034772,6,67,67301,2012,3,7,1155,11,1,1,0,1,1, , ,N,2,2,0,3,0,1,5,2,N,N,40 04:16.842,75 03:28.105,1233, ,1230,1,1,5,N, ,3,N, , , , ,665625, , , ,2,2,0,0,0,0,0,0,0,0,0,0,1,1,0,0,0,0,0,0,1,0,0,1,0,0,0,0,0,0,0,0,0,0,0,8,0,40.0713,-75.0578, , 
 ,57910,2012055787,6,67,67301,2012,5,2,625,6,1,1,0,1,1, , ,N,0,0,0,3,0,1,3,3,N,N,39 56:53.621,75 08:30.259,656, ,638, ,0, ,N, ,0, , , , , ,665643, , , ,3,2,0,0,1,0,0,0,0,0,0,1,1,0,0,0,0,0,0,0,1,0,0,0,0,0,0,0,0,0,0,0,0,0,0,4,0,39.9481,-75.1418, , 
 ,57911,2012041606,6,67,67301,2012,3,2,1830,18,1,8,0,8,1, , ,N,1,2,0,3,0,1,2,2,N, ,40 05:35.998,74 57:43.476,1835, ,1823,1,1,2, , ,3,N, , , , ,665682, , , ,1,1,0,0,0,0,0,0,0,0,0,0,1,1,0,0,0,0,0,0,0,0,1,0,0,0,0,0,0,0,0,0,1,0,0,8,0,40.0933,-74.9621, , 
 ,57912,2012042567,6,67,67301,2012,3,5,1748,17,1,1,0,8,1, , ,N,0,0,0,3,0,1,6,2,N,N,39 59:26.599,75 09:57.391,1748, ,1752, ,0, ,N, ,0, , , , , ,665684, , , ,1,1,0,0,0,0,0,0,0,0,0,1,1,0,0,0,0,0,0,0,0,0,0,0,0,0,0,0,0,0,0,0,1,0,0,4,0,39.9907,-75.1659, , 
 ,57913,2012047199,6,67,67301,2012,4,3,9999,99,3,1,0,4,1, , ,N,1,3,0,3,0,1,2,2,N,N,39 55:05.149,75 13:48.442,2158, ,2157, ,0, ,N, ,3, , , , , ,665688, , , ,2,2,0,0,0,0,0,0,0,0,1,0,1,0,1,0,0,0,0,0,0,0,0,0,0,0,0,0,0,0,0,0,0,0,0,3,0,39.9181,-75.2301, , 
 ,57914,2012013112,6,67,67301,2012,1,7,9999,99,4,1,0,1,1, , ,N,1,2,0,3,0,1,3,2,N, ,40 04:52.997,74 58:34.259,1840, ,1833, ,0, , , ,9, , , , , ,665707, , , ,2,1,0,0,1,0,0,0,0,0,0,1,1,0,0,0,0,0,0,0,1,0,0,0,0,0,0,0,0,0,0,0,0,0,0,4,0,40.0814,-74.9762, , 
 ,57915,2012028160,6,67,67301,2012,2,7,1952,19,3,1,0,8,1, , ,N,1,2,0,3,0,1,3,2,N,N,39 56:59.100,75 10:03.072,1955, ,1954, ,0, ,N, ,3, , , , , ,665713, , , ,1,1,0,0,0,0,0,0,0,0,0,0,1,1,0,0,0,0,0,0,0,0,0,0,0,0,0,0,0,0,0,0,1,0,0,8,0,39.9497,-75.1674, , 
 ,57916,2012034779,6,67,67301,2012,3,1,1808,18,1,1,0,7,4, , ,N,2,0,0,3,0,2,2,1,N,N,40 03:44.953,75 09:05.738,1855, ,1850, ,0, ,N, ,0, , , , , ,665715, , , ,1,1,0,0,0,0,0,0,0,0,0,2,2,0,0,0,0,0,0,0,0,0,0,0,0,0,0,0,0,0,0,0,0,0,0,4,0,40.0625,-75.1516, , 
 ,57917,2012036972,6,67,67301,2012,3,6,2320,23,3,2,1,4,1, , ,N,1,2,0,3,0,1,5,2,N,N,40 02:49.750,75 04:51.470,2327, ,2325, ,0, , , ,3, , , , , ,658639, , , ,2,2,0,0,0,0,0,0,0,0,0,0,1,1,4,0,0,0,0,0,0,0,0,0,0,0,0,0,0,0,0,0,0,0,0,8,0,40.0472,-75.081, , 
 ,57918,2012067500,6,67,67301,2012,7,7,510,5,5,1,0,1,1, , ,N,0,0,0,3,0,2,4,2,N,N,40 02:02.274,75 04:28.240,521, ,513,2,2,1,N, ,0,Y, , , , ,658659, , , ,2,2,0,0,0,0,0,0,0,0,0,0,2,2,0,0,0,0,0,0,0,0,0,0,0,0,0,0,0,0,0,0,0,0,0,8,0,40.034,-75.0745, , 
 ,57919,2012034698,6,67,67301,2012,2,5,2335,23,3,1,0,6,1, , ,N,1,2,0,3,0,0,2,2,N,N,40 01:26.280,75 02:07.317,9999, ,2355,9,1,1,N, ,3,N, , , , ,658685, , , ,2,1,0,0,1,0,0,0,0,0,0,0,0,0,0,0,0,0,0,0,0,0,0,0,0,0,0,0,0,0,0,0,0,0,0,0,0,40.024,-75.0354, , 
 ,57920,2012040983,6,67,67301,2012,4,4,553,5,5,1,0,1,1, , ,N,0,0,0,3,0,2,2,2,N,N,39 53:27.904,75 14:17.211,613, ,557,1,2,1,N, ,0,N, , , , ,658691, , , ,2,2,0,0,0,0,0,0,0,0,0,1,2,1,0,0,0,0,0,0,0,0,0,1,0,0,0,0,0,0,0,0,0,0,0,4,0,39.8911,-75.2381, , 
 ,57921,2012047163,6,67,67301,2012,4,5,2315,23,2,1,0,4,1, , ,N,2,2,0,3,0,0,2,2,N,N,39 58:28.546,75 11:58.192,2342, ,2340, ,0, ,N, ,3, , , , , ,658698, , , ,2,2,0,0,0,0,0,0,0,0,0,0,0,0,0,0,0,0,0,0,1,0,0,0,0,0,0,0,0,0,0,0,0,0,0,0,0,39.9746,-75.1995, , 
 ,57922,2012048241,6,67,67301,2012,4,4,2010,20,3,1,0,4,1, , ,N,1,0,0,3,0,0,3,2,N, ,40 01:44.144,75 13:04.972,2016, ,2014, ,0, , , ,0, , , , , ,658699, , , ,2,2,0,0,0,0,0,0,0,0,0,0,0,0,0,0,0,0,0,0,0,0,0,0,0,0,0,0,0,0,0,0,0,0,0,0,0,40.0289,-75.218, , 
 ,57923,2012049724,6,67,67301,2012,4,2,1820,18,1,1,0,4,1, , ,N,3,3,0,3,0,1,3,2,N,N,40 01:45.048,75 08:50.535,1859, ,1853, ,0, , , ,3, , , , , ,658700, , , ,2,2,0,0,0,0,0,0,0,0,0,1,1,0,0,0,0,0,0,0,1,0,0,0,0,0,0,0,0,0,0,0,0,0,0,4,0,40.0292,-75.1474, , 
 ,57924,2012015471,6,67,67301,2012,1,7,724,7,1,1,0,4,1, , ,N,1,3,0,3,0,2,4,2,N, ,40 00:45.378,75 08:26.717,750, ,742, ,0, , , ,3, , , , , ,658717, , , ,2,1,0,0,1,0,0,0,0,0,0,1,2,1,2,0,0,0,0,0,0,0,1,4,0,0,0,0,0,0,0,0,0,0,0,4,0,40.0126,-75.1408, , 
 ,57925,2012032735,6,67,67301,2012,1,2,2140,21,3,1,0,7,4, , ,N,2,0,0,3,0,1,1,1,N, ,39 59:35.488,75 04:53.544,2144, ,2142,9,1,1, , ,0,N, , , , ,658730, , , ,1,0,0,0,0,0,1,0,0,0,1,0,1,0,0,0,0,0,0,0,1,0,0,0,0,0,0,0,0,0,0,0,0,0,0,3,0,39.9932,-75.0815, , 
 ,57926,2012048244,6,67,67301,2012,4,7,247,2,3,1,0,1,1, , ,N,1,2,0,3,0,1,2,2,N, ,39 55:14.298,75 08:27.817,253, ,249,1,1,2, , ,3,N, , , , ,658750, , , ,2,0,0,1,0,0,0,1,0,0,0,1,1,0,0,0,0,0,0,0,0,0,0,0,0,0,0,0,0,0,0,0,0,0,0,4,1,39.9207,-75.1411, , 
 ,57927,2012051908,6,67,67301,2012,4,1,1548,15,1,1,0,4,1, , ,N,1,2,0,3,0,2,3,2,N,N,40 01:30.104,75 08:20.432,1625, ,1615, ,0, ,N, ,3, , , , , ,658755, , , ,2,2,0,0,0,0,0,0,0,0,0,2,2,0,0,0,0,0,0,0,0,0,0,0,0,0,0,0,0,0,0,0,0,0,0,4,0,40.025,-75.139, , 
 ,57928,2012061596,6,67,67301,2012,6,4,1010,10,1,1,0,1,1, , ,N,1,2,0,3,0,14,14,2,N,N,40 01:22.061,75 09:32.460,1023, ,1018,3,2,5,N, ,3,Y, , , , ,658767, , , ,2,0,0,1,0,1,0,0,0,0,0,0,14,14,0,0,0,0,0,0,0,0,0,0,0,0,0,0,0,0,0,0,0,0,0,8,2,40.0228,-75.159, , 
 ,57929,2012078282,6,67,67301,2012,7,2,1800,18,1,1,0,8,2, , ,N,1,2,0,3,0,1,1,2,N, ,40 00:09.630,75 08:55.719,1815, ,1800, ,0, , , ,3, , , , , ,658774, , , ,1,1,0,0,0,0,0,0,0,0,0,1,1,0,0,0,0,0,0,0,0,0,0,0,0,0,0,0,0,0,0,0,1,0,0,4,0,40.0027,-75.1488, , 
 ,57930,2012111814,6,67,67301,2012,10,6,957,9,1,1,0,4,1, , ,N,1,2,0,3,0,0,2,2,N,N,40 00:03.453,75 06:00.194,959, ,959, ,0, ,N, ,3, , , , , ,658798, , , ,2,1,0,0,0,0,1,0,0,0,0,0,0,0,0,0,0,0,0,0,1,0,0,0,0,0,0,0,0,0,0,0,0,0,0,0,0,40.001,-75.1001, , 
 ,57931,2012114341,6,67,67301,2012,10,6,1530,15,1,2,1,7,5, , ,N,0,0,0,3,0,0,1,1,N,N,39 59:47.560,75 11:56.870,9999, ,9999, ,0, ,N, ,0, , , , , ,658802, , , ,1,1,0,0,0,0,0,0,0,0,0,0,0,0,0,0,0,0,0,0,0,0,0,0,0,0,0,0,0,0,0,0,0,0,0,0,0,39.9965,-75.1991, , 