wz_ln_closure,objectid_1,crn,district,county,municipality,crash_year,crash_month,day_of_week,time_of_day,hour_of_day,illumination,weather,road_condition,collision_type,relation_to_road,work_zone_type,work_zone_loc,work_zone_ind,intersect_type,tcd_type,location_type,urban_rural,fatal_count,injury_count,person_count,total_units,sch_bus_ind,sch_zone_ind,latitude,longitude,arrival_tm,cons_zone_spd_lim,dispatch_tm,est_hrs_closed,lane_closed,ln_close_dir,ntfy_hiwy_maint,spec_juris_cd,tcd_func_cd,tfc_detour_ind,workers_pres,wz_close_detour,wz_flagger,wz_law_offcr_ind,objectid,wz_moving,wz_other,wz_shlder_mdn,vehicle_count,automobile_count,motorcycle_count,bus_count,small_truck_count,heavy_truck_count,suv_count,van_count,bicycle_count,maj_inj_count,mod_inj_count,min_inj_count,tot_inj_count,unk_inj_deg_count,unk_inj_per_count,driver_count_16yr,driver_count_17yr,driver_count_18yr,driver_count_19yr,driver_count_20yr,driver_count_50_64yr,driver_count_65_74yr,driver_count_75plus,unbelted_occ_count,unb_death_count,unb_maj_inj_count,belted_death_count,belted_maj_inj_count,mcycle_death_count,mcycle_maj_inj_count,bicycle_death_count,bicycle_maj_inj_count,ped_count,ped_death_count,ped_maj_inj_count,max_severity_level,comm_veh_count,dec_lat,dec_long,rdwy_surf_type_cd,county_name
 ,57932,2012006685,6,67,67301,2012,1,5,11,0,3,2,1,7,2, , ,N,0,0,0,3,0,0,1,1,N,N,40 00:28.310,75 04:18.631,18, ,12, ,0, ,N, ,0, , , , , ,658807, , , ,1,1,0,0,0,0,0,0,0,0,0,0,0,0,0,0,0,0,0,0,0,0,0,0,0,0,0,0,0,0,0,0,0,0,0,0,0,40.0079,-75.0717, , 
 ,57933,2012034596,6,67,67301,2012,3,5,2201,22,3,1,0,1,1, , ,N,1,2,0,3,0,0,6,2,N,N,39 58:30.905,75 12:23.885,2215, ,2215, ,0, ,N, ,3, , , , , ,658836, , , ,2,1,0,0,0,0,1,0,0,0,0,0,0,0,0,0,0,0,0,0,0,1,0,0,0,0,0,0,0,0,0,0,0,0,0,0,0,39.9752,-75.2066, , 
 ,57934,2012048051,6,67,67301,2012,3,6,1405,14,1,1,0,8,1, , ,N,0,0,0,3,0,1,2,2,N,N,40 02:33.631,75 08:38.210,1420, ,1413, ,0, ,N, ,0, , , , , ,658846, , , ,1,1,0,0,0,0,0,0,0,0,0,1,1,0,0,0,0,0,0,0,0,1,0,0,0,0,0,0,0,0,0,0,1,0,0,4,0,40.0427,-75.1439, , 
 ,57935,2012065641,6,67,67301,2012,6,5,125,1,3,1,0,1,1, , ,N,0,0,3,3,0,4,6,3,N,N,39 56:31.035,75 11:38.924,135, ,126,2,1,3,N, ,0,N, , , , ,661792, , , ,3,3,0,0,0,0,0,0,0,0,0,3,4,1,1,0,0,0,0,0,0,0,0,3,0,0,0,0,0,0,0,0,0,0,0,4,0,39.9405,-75.1956, , 
 ,57936,2012013091,6,67,67301,2012,1,2,1206,12,1,1,0,8,1, , ,N,2,0,0,3,0,1,2,2,N,N,39 59:13.164,75 10:56.762,1218, ,1213,3,2,4,N, ,0,N, , , , ,661800, , , ,1,1,0,0,0,0,0,0,0,0,1,0,1,0,0,0,0,0,0,0,1,0,0,0,0,0,0,0,0,0,0,0,1,0,0,3,0,39.987,-75.1824, , 
 ,57937,2012015439,6,67,67301,2012,1,4,1145,11,1,1,0,1,1, , ,N,1,2,0,3,0,1,2,2,N,N,40 02:39.696,75 03:14.496,1225, ,1220,1,1,2,N, ,3,N, , , , ,661802, , , ,2,0,0,0,1,1,0,0,0,0,0,1,1,0,0,0,0,0,0,0,1,0,0,0,0,0,0,0,0,0,0,0,0,0,0,4,1,40.0443,-75.0541, , 
 ,57938,2012029816,6,67,67301,2012,3,1,404,4,3,1,0,7,4, , ,N,7,0,2,3,0,1,1,1,N,N,39 58:06.224,75 07:44.162,419, ,408, ,0, ,N, ,0, , , , , ,661813, , , ,1,1,0,0,0,0,0,0,0,0,0,0,1,1,0,0,0,0,0,0,0,0,0,0,0,0,0,0,0,0,0,0,0,0,0,8,0,39.9684,-75.129, , 
 ,57939,2012036948,6,67,67301,2012,2,2,1330,13,1,1,0,4,1, , ,N,1,0,0,3,0,1,2,2,N, ,39 54:20.727,75 11:38.377,1334, ,1330, ,0, , , ,0, , , , , ,661818, , , ,2,2,0,0,0,0,0,0,0,0,0,1,1,0,0,0,0,0,0,0,0,0,0,0,0,0,0,0,0,0,0,0,0,0,0,4,0,39.9057,-75.1938, , 
 ,57940,2012047232,6,67,67301,2012,4,1,9999,99,1,1,0,4,1, , ,N,1,2,0,3,0,1,4,2,N, ,39 57:29.039,75 09:56.425,1526, ,1525, ,0, , , ,3, , , , , ,661828, , , ,2,2,0,0,0,0,0,0,0,0,0,0,1,1,0,0,0,0,0,0,0,0,0,0,0,0,0,0,0,0,0,0,0,0,0,8,0,39.9581,-75.1657, , 
 ,57941,2012047302,6,67,67301,2012,4,1,229,2,3,2,1,5,2, , ,N,0,0,0,3,0,0,1,3,N,N,39 58:21.849,75 13:40.476,232, ,229, ,0, ,N, ,0, , , , , ,661829, , , ,3,2,0,0,1,0,0,0,0,0,0,0,0,0,0,0,0,0,0,0,0,0,0,0,0,0,0,0,0,0,0,0,0,0,0,0,0,39.9727,-75.2279, , 
 ,57942,2012020561,6,67,67301,2012,1,1,1532,15,1,1,0,8,1, , ,N,1,3,0,3,0,1,2,2,N, ,39 56:59.866,75 09:46.799,1540, ,1540, ,0, , , ,3, , , , , ,661857, , , ,1,1,0,0,0,0,0,0,0,0,0,1,1,0,1,0,0,0,0,0,0,0,0,0,0,0,0,0,0,0,0,0,1,0,0,4,0,39.95,-75.163, , 
 ,57943,2012027763,6,67,67301,2012,2,4,1550,15,1,1,0,5,1, , ,N,1,0,0,3,0,1,3,2,N,N,39 55:42.954,75 10:07.750,1610, ,1605, ,0, , , ,0, , , , , ,661859, , , ,1,0,0,0,1,0,0,0,1,0,0,0,1,1,0,0,0,0,0,0,1,0,0,2,0,0,0,0,0,0,0,0,0,0,0,8,0,39.9287,-75.1687, , 
 ,57944,2012037385,6,67,67301,2012,3,7,200,2,3,1,0,1,1, , ,N,1,2,0,3,0,3,4,2,N,N,39 57:12.050,75 11:01.905,202, ,202, ,0, ,N, ,3, , , , , ,661866, , , ,2,1,0,0,0,0,1,0,0,0,0,3,3,0,0,0,0,0,0,0,1,0,0,3,0,0,0,0,0,0,0,0,0,0,0,4,0,39.9533,-75.1838, , 
 ,57945,2012038412,6,67,67301,2012,4,6,629,6,1,1,0,7,7, , ,N,7,0,2,3,0,0,1,1,N,N,39 56:54.810,75 11:08.203,641, ,641,1,2,3,Y, ,0,Y, , , , ,661867, , , ,1,0,0,0,0,0,1,0,0,0,0,0,0,0,0,0,0,0,0,0,0,0,0,0,0,0,0,0,0,0,0,0,0,0,0,0,0,39.9486,-75.1856, , 
 ,57946,2012051477,6,67,67301,2012,4,1,305,3,3,2,1,4,6, , ,N,0,0,0,3,0,1,1,3,N,N,40 02:48.854,75 05:20.335,315, ,308, ,0, ,N, ,0, , , , , ,661876, , , ,3,2,0,0,0,0,1,0,0,0,0,0,1,1,0,0,0,0,0,0,0,0,0,0,0,0,0,0,0,0,0,0,0,0,0,8,0,40.0469,-75.089, , 
 ,57947,2012066689,6,67,67301,2012,5,6,1531,15,1,1,0,8,1, , ,N,0,0,0,3,0,1,3,2,N,Y,39 58:12.722,75 08:43.440,1539, ,1537,3,1,3,N, ,0,N, , , , ,661887, , , ,1,1,0,0,0,0,0,0,0,0,1,0,1,0,0,0,0,0,0,0,0,0,0,0,0,0,0,0,0,0,0,0,1,0,0,3,0,39.9702,-75.1454, , 
 ,57948,2012014417,6,67,67301,2012,2,1,1630,16,1,1,0,1,1, , ,N,0,0,0,3,0,2,5,4,N,N,39 57:32.310,75 10:14.143,1639, ,1633,2,1,4,N, ,0,N, , , , ,661952, , , ,4,4,0,0,0,0,0,0,0,0,0,2,2,0,0,0,0,0,0,0,1,1,0,0,0,0,0,0,0,0,0,0,0,0,0,4,0,39.959,-75.1706, , 
 ,57949,2012026276,6,67,67301,2012,1,7,1450,14,1,1,1,2,1, , ,N,1,2,0,3,0,1,2,2,N,N,39 58:31.609,75 07:14.841,1505, ,1501, ,0, ,N, ,3, , , , , ,661963, , , ,2,2,0,0,0,0,0,0,0,0,0,1,1,0,0,0,0,1,0,0,0,0,0,0,0,0,0,0,0,0,0,0,0,0,0,4,0,39.9749,-75.1215, , 
 ,57950,2012041516,6,67,67301,2012,3,1,10,0,3,1,0,7,5, , ,N,1,3,0,3,0,0,1,1,N, ,39 58:28.552,75 13:22.951,28, ,16,2,1,7, , ,3,Y, , , , ,661976, , , ,1,1,0,0,0,0,0,0,0,0,0,0,0,0,1,0,0,0,0,0,0,0,0,0,0,0,0,0,0,0,0,0,0,0,0,9,0,39.9746,-75.223, , 
 ,57951,2012041566,6,67,67301,2012,4,3,9999,99,1,1,0,4,1, , ,N,1,3,0,3,0,1,2,2,N, ,39 58:12.601,75 13:42.801,1055, ,1047, ,0, ,N, ,3, , , , , ,661977, , , ,2,2,0,0,0,0,0,0,0,0,0,0,1,1,0,0,0,0,0,0,0,0,0,0,0,0,0,0,0,0,0,0,0,0,0,8,0,39.9702,-75.2286, , 
 ,57952,2012019947,6,67,67301,2012,1,2,1945,19,3,1,1,4,1, , ,N,1,3,0,3,0,1,3,3,N, ,39 55:11.341,75 09:14.385,1950, ,1945,2,2,2, , ,3,Y, , , , ,662006, , , ,3,2,0,0,0,0,1,0,0,0,0,1,1,0,0,0,0,0,0,0,0,0,0,0,0,0,0,0,0,0,0,0,0,0,0,4,0,39.9198,-75.154, , 
 ,57953,2012034177,6,67,67301,2012,2,7,1148,11,1,1,0,5,1, , ,N,0,0,0,3,0,1,1,4,N,N,39 58:36.116,75 08:09.585,1152, ,1150,2,2,2,N, ,0,N, , , , ,668611, , , ,4,2,0,0,2,0,0,0,0,0,0,0,1,1,0,0,0,0,0,0,0,0,0,0,0,0,0,0,0,0,0,0,0,0,0,8,0,39.9767,-75.136, , 
 ,57954,2012041657,6,67,67301,2012,2,7,2200,22,3,1,0,4,1, , ,N,1,2,0,3,0,1,3,2,N,N,39 55:12.734,75 13:48.680,2208, ,2208, ,0, ,N, ,3, , , , , ,668621, , , ,2,1,0,0,1,0,0,0,0,0,0,0,1,1,0,0,0,0,0,0,0,0,1,0,0,0,0,0,0,0,0,0,0,0,0,8,0,39.9202,-75.2302, , 
 ,57955,2012042097,6,67,67301,2012,3,1,1425,14,1,1,0,8,1, , ,N,0,0,0,3,0,1,2,2,N,N,40 00:24.778,75 08:23.481,9999, ,9999, ,0, ,N, ,0, , , , , ,668623, , , ,1,1,0,0,0,0,0,0,0,0,1,0,1,0,0,0,0,0,0,0,0,0,0,0,0,0,0,0,0,0,0,0,1,0,0,3,0,40.0069,-75.1399, , 
 ,57956,2012048324,6,67,67301,2012,4,1,1010,10,1,2,1,4,1, , ,N,1,3,0,3,0,0,3,2,N,N,39 57:18.652,75 13:33.142,1025, ,1018, ,0, ,N, ,3, , , , , ,668631, , , ,2,2,0,0,0,0,0,0,0,0,0,0,0,0,1,0,0,0,0,0,0,0,0,0,0,0,0,0,0,0,0,0,0,0,0,9,0,39.9552,-75.2259, , 
 ,57957,2012010378,6,67,67301,2012,1,7,405,4,3,4,3,7,4, , ,N,0,0,0,3,0,1,1,1,N,N,39 55:50.268,75 08:44.730,409, ,409, ,0, ,N, ,0, , , , , ,668640, , , ,1,0,0,0,0,0,0,1,0,0,0,1,1,0,0,0,0,0,1,0,0,0,0,1,0,0,0,0,0,0,0,0,0,0,0,4,0,39.9305,-75.1458, , 
 ,57958,2012020408,6,67,67301,2012,1,1,2319,23,3,4,5,4,1, , ,N,1,2,0,3,0,0,2,2,N,N,39 57:03.858,75 09:56.243,2323, ,2320, ,0, ,N, ,3, , , , , ,668651, , , ,2,2,0,0,0,0,0,0,0,0,0,0,0,0,0,0,0,1,0,0,0,0,0,0,0,0,0,0,0,0,0,0,0,0,0,0,0,39.9511,-75.1656, , 
 ,57959,2012012629,6,67,67301,2012,1,6,750,7,1,1,0,4,1, , ,N,1,3,0,3,0,2,2,2,N, ,40 02:44.066,75 05:42.550,752, ,750,2,2,2, , ,3,Y, , , , ,668685, , , ,2,0,0,0,0,0,2,0,0,0,0,2,2,0,0,0,0,0,0,0,0,0,0,0,0,0,0,0,0,0,0,0,0,0,0,4,0,40.0456,-75.0952, , 
 ,57960,2012041689,6,67,67301,2012,4,3,1250,12,1,1,0,7,2, , ,N,1,0,0,3,0,1,1,1,N, ,40 02:34.004,75 06:48.689,1300, ,1258, ,0, , , ,0, , , , , ,668718, , , ,1,0,1,0,0,0,0,0,0,0,0,1,1,0,0,0,0,0,0,0,0,0,0,0,0,0,0,0,0,0,0,0,0,0,0,4,0,40.0427,-75.1136, , 
 ,57961,2012015378,6,67,67301,2012,1,6,1541,15,1,1,0,4,1, , ,N,1,3,0,3,0,1,2,2,N,N,40 01:22.525,75 09:47.379,1547, ,1544,1,1,5, , ,3,Y, , , , ,668741, , , ,2,1,0,0,0,0,1,0,0,0,0,0,1,1,0,0,0,0,0,0,0,1,0,1,0,0,0,0,0,0,0,0,0,0,0,8,0,40.0229,-75.1632, , 
 ,57962,2012026190,6,67,67301,2012,2,2,834,8,1,1,0,4,1, , ,N,2,3,0,3,0,0,4,2,N,N,39 57:27.885,75 12:47.494,850, ,840, ,0, ,N, ,3, , , , , ,668752, , , ,2,0,0,0,1,0,1,0,0,0,0,0,0,0,0,0,0,0,0,0,0,0,0,0,0,0,0,0,0,0,0,0,0,0,0,0,0,39.9577,-75.2132, , 
 ,57963,2012042575,6,67,67301,2012,3,2,9999,99,1,1,0,4,1, , ,N,2,2,0,3,0,3,5,2,N,N,40 02:12.512,75 03:44.536,939, ,938,1,1,1,N, ,3,N, , , , ,668770, , , ,2,1,0,1,0,0,0,0,0,0,0,3,3,0,0,0,0,0,0,0,0,0,0,0,0,0,0,0,0,0,0,0,0,0,0,4,1,40.0368,-75.0624, , 
 ,57964,2012042579,6,67,67301,2012,3,6,2130,21,3,1,0,4,1, , ,N,1,2,0,3,0,2,3,2,N,N,40 02:50.960,75 08:34.014,2350, ,2130, ,0, ,N, ,3, , , , , ,668771, , , ,2,1,0,0,0,0,1,0,0,0,0,1,2,1,0,0,0,0,0,0,1,0,0,0,0,0,0,0,0,0,0,0,0,0,0,4,0,40.0475,-75.1428, , 
 ,57965,2012048174,6,67,67301,2012,4,2,600,6,1,1,0,4,2, , ,N,0,0,0,3,0,1,1,2,N,N,40 02:12.026,75 05:13.754,615, ,608, ,0, , , ,0, , , , , ,668775, , , ,2,0,0,0,1,0,1,0,0,0,0,1,1,0,0,0,0,0,0,0,0,0,0,0,0,0,0,0,0,0,0,0,0,0,0,4,0,40.0367,-75.0872, , 
 ,57966,2012015519,6,67,67301,2012,1,1,1200,12,1,1,0,7,2, , ,N,0,0,0,3,0,0,1,2,N,N,39 59:25.926,75 07:42.851,1205, ,1204, ,0, ,N, ,0, , , , , ,668796, , , ,2,1,0,0,0,0,1,0,0,0,0,0,0,0,0,0,0,0,0,1,0,0,0,0,0,0,0,0,0,0,0,0,0,0,0,0,0,39.9905,-75.1286, , 
 ,57967,2012037228,6,67,67301,2012,3,6,1040,10,1,1,0,1,1, , ,N,0,0,0,3,0,0,2,2,N,N,39 57:35.547,75 10:40.102,1046, ,1046,1,1,4,N, ,0,N, , , , ,668821, , , ,2,1,0,0,1,0,0,0,0,0,0,0,0,0,0,0,0,0,0,0,0,0,0,0,0,0,0,0,0,0,0,0,0,0,0,0,1,39.9599,-75.1778, , 
 ,57968,2012015427,6,67,67301,2012,1,3,1335,13,1,1,0,5,1, , ,N,2,0,0,3,0,1,2,2,N,N,40 01:02.395,75 11:05.708,1343, ,1339, ,0, , , ,0, , , , , ,668834, , , ,2,1,0,0,1,0,0,0,0,0,0,1,1,0,0,0,0,0,0,0,0,0,0,0,0,0,0,0,0,0,0,0,0,0,0,4,0,40.0173,-75.1849, , 
 ,57969,2012033135,6,67,67301,2012,3,4,2223,22,3,1,0,1,1, , ,N,0,0,0,3,0,1,5,4,N,N,39 59:58.494,75 11:42.470,2235, ,2234,1,2,4,N, ,0,N, , , , ,668849, , , ,4,2,0,0,0,0,2,0,0,0,0,1,1,0,0,0,0,0,0,0,0,1,0,0,0,0,0,0,0,0,0,0,0,0,0,4,0,39.9996,-75.1951, , 
 ,57970,2012047186,6,67,67301,2012,4,1,0,0,3,1,0,6,1, , ,N,1,2,0,3,0,1,2,2,N,N,40 01:00.708,75 08:58.113,6, ,4,1,1,1,N, ,2,N, , , , ,668864, , , ,2,1,0,0,0,0,1,0,0,0,0,1,1,0,0,0,0,0,0,0,0,0,0,0,0,0,0,0,0,0,0,0,0,0,0,4,0,40.0169,-75.1495, , 
 ,57971,2012034786,6,67,67301,2012,3,5,1300,13,1,1,0,1,1, , ,N,2,4,7,3,0,1,2,2,N,N,39 53:31.099,75 14:30.235,1402, ,1356, ,0, ,N, ,3, , , , , ,665716, , , ,2,1,0,0,0,0,1,0,0,0,0,1,1,0,0,0,0,0,0,0,0,0,0,0,0,0,0,0,0,0,0,0,0,0,0,4,0,39.8919,-75.2419, , 
 ,57972,2012042146,6,67,67301,2012,3,5,920,9,1,1,0,7,3, , ,N,0,0,0,3,0,1,1,1,N,N,40 01:10.612,75 08:50.916,923, ,921,1,1,2,N, ,0,N, , , , ,665720, , , ,1,1,0,0,0,0,0,0,0,0,0,1,1,0,0,0,0,0,0,1,0,0,0,0,0,0,0,0,0,0,0,0,0,0,0,4,0,40.0196,-75.1475, , 
 ,57973,2012044218,6,67,67301,2012,4,6,1438,14,1,1,0,1,1, , ,N,0,0,0,3,0,0,3,2,N,N,39 59:53.351,75 11:44.690,1453, ,1453, ,0, ,N, ,0, , , , , ,665722, , , ,2,0,0,0,0,0,2,0,0,0,0,0,0,0,0,0,0,0,0,1,0,0,0,0,0,0,0,0,0,0,0,0,0,0,0,0,0,39.9982,-75.1957, , 
 ,57974,2012050212,6,67,67301,2012,4,7,302,3,3,1,0,7,5, , ,N,0,0,0,3,0,0,1,1,N,N,40 01:45.097,75 11:23.523,309, ,307, ,0, , , ,0, , , , , ,665730, , , ,1,1,0,0,0,0,0,0,0,0,0,0,0,0,0,0,0,0,0,0,0,0,0,0,0,0,0,0,0,0,0,0,0,0,0,0,0,40.0292,-75.1899, , 
 ,57975,2012068719,6,67,67301,2012,6,1,1556,15,1,1,0,4,1, , ,N,2,2,0,3,0,1,2,2,N, ,40 01:14.225,75 08:55.554,1640, ,1640, ,0, , , ,3, , , , , ,665740, , , ,2,2,0,0,0,0,0,0,0,0,0,0,1,1,0,0,0,0,0,0,0,0,0,0,0,0,0,0,0,0,0,0,0,0,0,8,0,40.0208,-75.1486, , 
 ,57976,2012018934,6,67,67301,2012,2,5,253,2,3,1,0,7,2, , ,N,0,0,0,3,0,1,1,1,N,N,39 53:55.634,75 10:48.582,300, ,255,1,1,2,N, ,0,N, , , , ,665760, , , ,1,1,0,0,0,0,0,0,0,1,0,0,1,0,0,0,0,0,0,0,0,0,0,0,0,0,0,1,0,0,0,0,0,0,0,2,0,39.8988,-75.1801, , 
 ,57977,2012020644,6,67,67301,2012,2,7,1206,12,1,1,1,4,1, , ,N,1,2,0,3,0,1,2,2,N,N,40 00:04.340,75 13:35.009,1206, ,1206, ,0, ,N, ,3, , , , , ,665762, , , ,2,2,0,0,0,0,0,0,0,0,0,0,1,1,0,0,0,0,0,0,0,0,0,0,0,0,0,0,0,0,0,0,0,0,0,8,0,40.0012,-75.2264, , 
 ,57978,2012041573,6,67,67301,2012,4,3,754,7,1,1,0,4,1, , ,N,1,2,0,3,0,1,2,2,N,N,39 58:23.647,75 12:44.071,809, ,756, ,0, ,N, ,3, , , , , ,665775, , , ,2,1,0,0,1,0,0,0,0,0,0,0,1,1,0,0,0,0,0,0,1,0,0,0,0,0,0,0,0,0,0,0,0,0,0,8,0,39.9732,-75.2121, , 
 ,57979,2012048892,6,67,67301,2012,4,1,245,2,3,2,1,7,2, , ,N,0,8,0,3,0,1,1,1,N,N,40 00:58.161,75 12:14.106,255, ,250, ,0, ,N, ,3, , , , , ,665781, , , ,1,0,0,0,0,0,0,1,0,0,0,1,1,0,0,0,0,0,0,0,0,0,0,0,0,0,0,0,0,0,0,0,0,0,0,4,0,40.0162,-75.2039, , 
 ,57980,2012056523,6,67,67301,2012,4,1,2018,20,1,1,0,6,1, , ,N,2,0,0,3,0,1,2,2,N,N,39 58:35.579,75 14:04.171,2024, ,2020, ,0, ,N, ,0, , , , , ,665784, , , ,2,2,0,0,0,0,0,0,0,0,1,0,1,0,0,0,0,0,0,0,0,0,0,0,0,0,0,0,0,0,0,0,0,0,0,3,0,39.9765,-75.2345, , 
 ,57981,2012066742,6,67,67301,2012,6,6,910,9,1,1,0,4,1, , ,N,1,3,0,3,0,0,2,2,N,N,40 01:00.855,75 04:18.545,936, ,931, ,0, ,N, ,3, , , , , ,665792, , , ,2,1,0,0,0,0,1,0,0,0,0,0,0,0,0,0,0,0,0,0,1,0,1,0,0,0,0,0,0,0,0,0,0,0,0,0,0,40.0169,-75.0718, , 
 ,57982,2012049727,6,67,67301,2012,4,2,1714,17,1,1,0,7,4, , ,N,1,2,0,3,0,1,6,1,N,N,40 00:44.691,75 05:15.453,1717, ,1714, ,0, ,N, ,3, , , , , ,665837, , , ,1,0,0,0,0,0,0,1,0,0,1,0,1,0,0,0,0,0,0,0,0,0,0,1,0,0,0,0,0,0,0,0,0,0,0,3,0,40.0124,-75.0876, , 
 ,57983,2012051926,6,67,67301,2012,4,7,25,0,3,1,0,4,2, , ,N,0,0,0,3,0,1,2,2,N,N,40 02:54.344,75 10:31.953,30, ,27, ,0, ,N, ,0, , , , , ,665839, , , ,2,2,0,0,0,0,0,0,0,0,1,0,1,0,1,0,0,0,0,0,0,0,0,0,0,0,0,0,0,0,0,0,0,0,0,3,0,40.0485,-75.1755, , 
 ,57984,2012051941,6,67,67301,2012,5,3,9999,99,1,1,0,1,1, , ,N,0,0,3,3,0,0,3,3,N, ,39 53:52.532,75 12:40.257,1810, ,1757,1,2,3, , ,0,Y, , , , ,665840, , , ,3,2,0,0,0,0,1,0,0,0,0,0,0,0,0,0,0,0,0,0,0,0,0,2,0,0,0,0,0,0,0,0,0,0,0,0,0,39.8979,-75.2112, , 
 ,57985,2012003123,6,67,67301,2012,1,5,730,7,1,1,0,5,1, , ,N,0,0,0,3,0,0,2,2,N,N,40 02:19.756,75 00:32.890,750, ,743, ,0, ,N, ,0, , , , , ,665845, , , ,2,1,0,0,0,0,1,0,0,0,0,0,0,0,0,0,0,0,0,0,0,0,0,0,0,0,0,0,0,0,0,0,0,0,0,0,0,40.0388,-75.0091, , 
 ,57986,2012015508,6,67,67301,2012,1,5,222,2,3,1,0,8,1, , ,N,0,0,0,3,0,1,2,2,N,N,40 01:58.380,75 07:37.670,227, ,225, ,0, ,N, ,0, , , , , ,665851, , , ,1,0,0,0,0,0,1,0,0,0,0,1,1,0,1,0,0,0,0,0,1,0,0,0,0,0,0,0,0,0,0,0,1,0,0,4,0,40.0329,-75.1271, , 
 ,57987,2012017877,6,67,67301,2012,1,1,1350,13,1,8,4,4,1, , ,N,1,2,0,3,0,1,3,2,N, ,40 07:07.975,75 01:04.685,1355, ,1355,1,1,2, , ,3,Y, , , , ,665856, , , ,2,0,0,0,0,0,1,1,0,0,0,1,1,0,0,0,0,0,0,0,0,0,0,0,0,0,0,0,0,0,0,0,0,0,0,4,0,40.1189,-75.018, , 
 ,57988,2012025007,6,67,67301,2012,3,5,1748,17,3,1,0,7,2, , ,N,0,0,0,3,0,1,1,1,N,N,39 57:30.060,75 08:28.302,1757, ,1751,1,1,2,Y, ,0,N, , , , ,665860, , , ,1,1,0,0,0,0,0,0,0,0,1,0,1,0,0,0,0,0,0,0,0,0,0,0,0,0,0,0,0,0,0,0,0,0,0,3,0,39.9585,-75.1412, , 
 ,57989,2012025674,6,67,67301,2012,3,5,1219,12,1,1,0,5,1, , ,N,0,0,0,3,0,1,3,2,N,N,39 53:55.674,75 10:22.236,1230, ,1222, ,0, ,N, ,0, , , , , ,665862, , , ,2,2,0,0,0,0,0,0,0,0,0,0,1,1,0,0,0,0,0,0,0,0,0,0,0,0,0,0,0,0,0,0,0,0,0,8,0,39.8988,-75.1728, , 
 ,57990,2012048090,6,67,67301,2012,4,7,1519,15,1,1,0,4,1, , ,N,1,2,0,3,0,1,3,2,N, ,40 03:58.061,75 03:46.964,1610, ,1552, ,0, , , ,3, , , , , ,658847, , , ,2,2,0,0,0,0,0,0,0,0,0,0,1,1,0,0,0,0,0,0,0,1,0,0,0,0,0,0,0,0,0,0,0,0,0,8,0,40.0661,-75.063, , 
 ,57991,2012015405,6,67,67301,2012,1,4,1737,17,3,1,0,1,1, , ,N,1,2,0,3,0,1,3,3,N, ,40 03:49.505,75 05:00.516,1755, ,1752, ,0, , , ,3, , , , , ,658864, , , ,3,1,0,0,1,0,1,0,0,0,1,0,1,0,0,0,0,0,0,0,0,0,0,0,0,0,0,0,0,0,0,0,0,0,0,3,0,40.0638,-75.0835, , 
 ,57992,2012026202,6,67,67301,2012,2,2,1635,16,1,1,0,8,1, , ,N,0,0,0,3,0,1,2,2,N,N,39 59:24.223,75 10:05.559,1645, ,1638, ,0, , , ,0, , , , , ,658870, , , ,1,1,0,0,0,0,0,0,0,0,0,1,1,0,0,0,0,0,0,0,0,0,0,0,0,0,0,0,0,0,0,0,1,0,0,4,0,39.9901,-75.1682, , 
 ,57993,2012032653,6,67,67301,2012,2,6,941,9,1,1,0,7,5, , ,N,1,2,0,3,0,2,2,2,N,N,39 58:30.545,75 11:17.083,1000, ,956, ,0, , , ,3, , , , , ,658877, , , ,1,1,0,0,0,0,0,0,0,1,0,1,2,0,0,0,0,0,0,0,0,1,0,0,0,0,0,0,0,0,0,0,1,0,1,2,0,39.9752,-75.1882, , 
Y,57994,2012052060,6,67,67301,2012,5,5,1033,10,1,1,0,5,1,2,2,Y,0,1,0,3,0,0,2,2,N,N,39 56:01.264,75 08:43.103,1115,55,1111, ,0, ,N, ,3, ,Y,N,N,N,658894,N,N,N,2,1,0,0,0,1,0,0,0,0,0,0,0,0,0,0,0,0,0,0,0,0,0,0,0,0,0,0,0,0,0,0,0,0,0,0,1,39.9337,-75.1453, , 
 ,57995,2012010375,6,67,67301,2012,1,3,1620,16,1,1,1,1,1, , ,N,0,0,0,3,0,1,2,2,N,N,39 58:44.046,75 06:33.618,1659, ,1629, ,0, ,N, ,0, , , , , ,658910, , , ,2,1,0,0,0,0,0,1,0,0,0,0,1,1,0,0,0,0,0,0,0,0,0,0,0,0,0,0,0,0,0,0,0,0,0,8,0,39.9789,-75.1095, , 
 ,57996,2012032714,6,67,67301,2012,2,2,1500,15,1,1,0,8,1, , ,N,0,0,0,3,0,1,2,2,N,N,40 02:12.314,75 02:32.662,1544, ,1538, ,0, ,N, ,0, , , , , ,658935, , , ,1,1,0,0,0,0,0,0,0,0,0,1,1,0,0,0,0,0,0,0,0,0,0,0,0,0,0,0,0,0,0,0,1,0,0,4,0,40.0368,-75.0424, , 
 ,57997,2012034684,6,67,67301,2012,3,6,1640,16,1,1,0,4,1, , ,N,0,0,7,3,0,1,4,2,N, ,39 58:46.180,75 07:06.150,1712, ,1707, ,0, , , ,0, , , , , ,658937, , , ,2,1,0,0,0,0,1,0,0,0,1,0,1,0,0,0,0,0,0,0,1,0,0,1,0,0,0,0,0,0,0,0,0,0,0,3,0,39.9786,-75.1188, , 