wz_ln_closure,objectid_1,crn,district,county,municipality,crash_year,crash_month,day_of_week,time_of_day,hour_of_day,illumination,weather,road_condition,collision_type,relation_to_road,work_zone_type,work_zone_loc,work_zone_ind,intersect_type,tcd_type,location_type,urban_rural,fatal_count,injury_count,person_count,total_units,sch_bus_ind,sch_zone_ind,latitude,longitude,arrival_tm,cons_zone_spd_lim,dispatch_tm,est_hrs_closed,lane_closed,ln_close_dir,ntfy_hiwy_maint,spec_juris_cd,tcd_func_cd,tfc_detour_ind,workers_pres,wz_close_detour,wz_flagger,wz_law_offcr_ind,objectid,wz_moving,wz_other,wz_shlder_mdn,vehicle_count,automobile_count,motorcycle_count,bus_count,small_truck_count,heavy_truck_count,suv_count,van_count,bicycle_count,maj_inj_count,mod_inj_count,min_inj_count,tot_inj_count,unk_inj_deg_count,unk_inj_per_count,driver_count_16yr,driver_count_17yr,driver_count_18yr,driver_count_19yr,driver_count_20yr,driver_count_50_64yr,driver_count_65_74yr,driver_count_75plus,unbelted_occ_count,unb_death_count,unb_maj_inj_count,belted_death_count,belted_maj_inj_count,mcycle_death_count,mcycle_maj_inj_count,bicycle_death_count,bicycle_maj_inj_count,ped_count,ped_death_count,ped_maj_inj_count,max_severity_level,comm_veh_count,dec_lat,dec_long,rdwy_surf_type_cd,county_name
 ,57998,2012039833,6,67,67301,2012,2,4,1400,14,1,2,1,7,4, , ,N,0,0,0,3,0,1,1,1,N,N,39 54:46.236,75 11:32.514,1415, ,1405, ,0, ,N, ,0, , , , , ,658940, , , ,1,0,0,0,0,0,1,0,0,0,0,1,1,0,0,0,0,0,1,0,0,0,0,0,0,0,0,0,0,0,0,0,0,0,0,4,0,39.9128,-75.1924, , 
 ,57999,2012015849,6,67,67301,2012,1,4,1750,17,1,1,0,1,1, , ,N,2,2,0,3,0,0,2,2,N,N,40 01:04.041,75 10:20.986,1820, ,1812, ,0, ,N, ,3, , , , , ,658966, , , ,2,1,0,0,0,0,0,1,0,0,0,0,0,0,0,0,0,0,0,0,1,0,0,2,0,0,0,0,0,0,0,0,0,0,0,0,0,40.0176,-75.1723, , 
 ,58000,2012049661,6,67,67301,2012,4,7,1245,12,1,2,1,1,1, , ,N,2,2,0,3,0,2,4,3,N, ,40 02:37.008,75 01:10.329,1800, ,1800, ,0, , , ,3, , , , , ,658993, , , ,3,2,0,0,0,0,0,1,0,0,0,0,2,2,2,0,0,0,0,0,0,0,0,0,0,0,0,0,0,0,0,0,0,0,0,8,0,40.0436,-75.0195, , 
 ,58001,2012050760,6,67,67301,2012,5,7,1618,16,1,1,0,7,3, , ,N,7,0,2,3,0,1,1,1,N,N,39 57:29.451,75 09:51.381,1622, ,1620, ,0, ,N, ,0, , , , , ,658995, , , ,1,0,1,0,0,0,0,0,0,0,0,0,1,1,0,0,0,0,0,0,0,0,0,0,0,0,0,0,0,0,0,0,0,0,0,8,0,39.9582,-75.1643, , 
 ,58002,2012056685,6,67,67301,2012,5,5,1000,10,1,1,0,8,1, , ,N,1,2,0,3,0,1,2,2,N,N,40 03:15.451,75 04:17.588,1005, ,1005, ,0, ,N, ,3, , , , , ,658996, , , ,1,1,0,0,0,0,0,0,0,0,0,1,1,0,0,0,0,0,0,0,0,0,1,0,0,0,0,0,0,0,0,0,1,0,0,4,0,40.0543,-75.0716, , 
 ,58003,2012012656,6,67,67301,2012,1,4,1427,14,1,1,0,7,5, , ,N,0,0,0,3,0,0,1,1,N, ,40 02:52.108,75 14:05.692,1434, ,1430, ,0, , , ,0, , , , , ,659009, , , ,1,1,0,0,0,0,0,0,0,0,0,0,0,0,0,0,0,0,0,0,0,0,1,0,0,0,0,0,0,0,0,0,0,0,0,0,0,40.0478,-75.2349, , 
 ,58004,2012021384,6,67,67301,2012,1,3,1650,16,1,2,1,1,1, , ,N,1,2,0,3,0,1,4,2,N,N,40 06:00.676,75 01:18.249,1657, ,1652,9,1,3,N, ,3,N, , , , ,659011, , , ,2,0,0,0,1,0,1,0,0,0,0,1,1,0,2,0,0,0,0,0,0,0,0,2,0,0,0,0,0,0,0,0,0,0,0,4,0,40.1002,-75.0217, , 
 ,58005,2012026207,6,67,67301,2012,2,4,1810,18,3,2,1,1,1, , ,N,0,0,0,3,0,1,2,2,N,N,39 56:40.085,75 09:22.866,1820, ,1816, ,0, , , ,0, , , , , ,659014, , , ,2,1,0,0,0,0,1,0,0,0,0,1,1,0,0,0,0,0,0,0,0,0,0,0,0,0,0,0,0,0,0,0,0,0,0,4,0,39.9445,-75.1564, , 
 ,58006,2012056649,6,67,67301,2012,5,7,2155,21,3,1,0,1,4, , ,N,0,0,0,3,0,1,1,5,N,N,39 55:53.259,75 09:23.616,2205, ,2200, ,0, ,N, ,0, , , , , ,659034, , , ,5,3,1,0,1,0,0,0,0,0,0,1,1,0,0,0,0,0,0,0,0,0,0,0,0,0,0,0,0,0,0,0,0,0,0,4,0,39.9315,-75.1566, , 
 ,58007,2012078355,6,67,67301,2012,7,2,1642,16,1,1,0,8,1, , ,N,0,0,0,3,0,1,2,2,N,N,40 03:48.507,74 59:06.882,1810, ,1802, ,0, ,N, ,0, , , , , ,659042, , , ,1,1,0,0,0,0,0,0,0,0,0,1,1,0,0,0,0,0,0,0,0,0,0,0,0,0,0,0,0,0,0,0,1,0,0,4,0,40.0635,-74.9852, , 
 ,58008,2012041550,6,67,67301,2012,3,6,1114,11,1,1,0,2,1, , ,N,0,0,0,3,0,2,2,2,N, ,39 58:14.597,75 11:33.682,1119, ,1114,1,2,5, , ,0,Y, , , , ,662021, , , ,2,1,0,0,0,0,1,0,0,0,0,0,2,2,0,0,0,0,0,0,1,0,0,0,0,0,0,0,0,0,0,0,0,0,0,8,0,39.9707,-75.1927, , 
 ,58009,2012051855,6,67,67301,2012,4,7,9999,99,1,1,0,4,1, , ,N,1,2,0,3,0,3,3,2,N,N,40 02:10.294,75 07:43.144,1312, ,1309, ,0, ,N, ,3, , , , , ,662030, , , ,2,2,0,0,0,0,0,0,0,0,0,3,3,0,0,0,0,0,0,0,1,0,0,0,0,0,0,0,0,0,0,0,0,0,0,4,0,40.0362,-75.1287, , 
 ,58010,2012012803,6,67,67301,2012,1,6,2131,21,3,1,0,5,1, , ,N,0,0,0,3,0,2,3,2,N,N,40 01:59.393,75 01:13.148,2132, ,2132,2,2,2,N, ,0,N, , , , ,662046, , , ,2,1,0,0,1,0,0,0,0,0,2,0,2,0,0,0,0,0,0,1,0,1,0,2,0,0,0,0,0,0,0,0,0,0,0,3,0,40.0331,-75.0204, , 
 ,58011,2012017942,6,67,67301,2012,1,7,1900,19,3,1,0,4,1, , ,N,1,2,0,3,0,0,3,2,N, ,40 03:26.473,75 04:36.598,1910, ,1908,2,1,3, , ,3,N, , , , ,662048, , , ,2,1,0,0,0,0,1,0,0,0,0,0,0,0,1,0,0,0,0,0,0,0,0,0,0,0,0,0,0,0,0,0,0,0,0,9,0,40.0574,-75.0768, , 
 ,58012,2012047275,6,67,67301,2012,4,1,1950,19,3,1,0,4,1, , ,N,2,2,0,3,0,1,2,2,N,N,39 58:43.166,75 08:00.641,2000, ,1955, ,0, ,N, ,3, , , , , ,662080, , , ,1,0,0,0,1,0,0,0,1,0,0,1,1,0,0,0,0,0,0,0,0,0,0,0,0,0,0,0,0,0,0,0,0,0,0,4,0,39.9787,-75.1335, , 
 ,58013,2012032527,6,67,67301,2012,2,3,2020,20,3,2,1,4,1, , ,N,0,0,7,3,0,1,2,2,N,N,39 59:43.827,75 10:00.162,9999, ,2020, ,0, ,N, ,0, , , , , ,662105, , , ,2,2,0,0,0,0,0,0,0,0,0,0,1,1,0,0,0,0,0,0,0,0,0,0,0,0,0,0,0,0,0,0,0,0,0,8,0,39.9955,-75.1667, , 
 ,58014,2012043703,6,67,67301,2012,3,2,1924,19,3,1,0,4,1, , ,N,1,2,0,3,0,1,2,2,N,N,39 56:28.852,75 13:03.932,1938, ,1927,1,1,2, , ,3,N, , , , ,662111, , , ,2,1,0,0,0,0,0,0,0,0,0,1,1,0,0,0,0,0,1,1,0,0,0,0,0,0,0,0,0,0,0,0,0,0,0,4,0,39.9413,-75.2178, , 
 ,58015,2012048878,6,67,67301,2012,3,6,1100,11,1,1,0,4,1, , ,N,1,2,0,3,0,1,2,2,N,N,40 05:41.218,75 00:55.140,1108, ,1103,1,1,6,N, ,3,N, , , , ,662113, , , ,2,1,0,0,1,0,0,0,0,0,0,0,1,1,0,0,0,0,0,0,0,0,0,2,0,0,0,0,0,0,0,0,0,0,0,8,0,40.0948,-75.0153, , 
 ,58016,2012060658,6,67,67301,2012,5,7,1735,17,1,1,0,4,1, , ,N,0,0,7,3,0,1,3,2,N,N,39 56:44.247,75 14:23.704,1745, ,1739, ,0, ,N, ,0, , , , , ,662125, , , ,2,2,0,0,0,0,0,0,0,0,0,1,1,0,0,0,0,0,0,0,0,0,0,0,0,0,0,0,0,0,0,0,0,0,0,4,0,39.9456,-75.2399, , 
 ,58017,2012026113,6,67,67301,2012,2,2,2150,21,3,1,0,4,1, , ,N,5,3,0,3,0,0,2,2,N,N,40 02:50.298,75 06:16.588,2155, ,2152, ,0, ,N, ,3, , , , , ,662153, , , ,2,2,0,0,0,0,0,0,0,0,0,0,0,0,0,0,0,0,0,0,0,0,0,0,0,0,0,0,0,0,0,0,0,0,0,0,0,40.0473,-75.1046, , 
 ,58018,2012032519,6,67,67301,2012,2,5,2000,20,3,2,1,7,4, , ,N,2,0,0,3,0,0,1,1,N,N,40 01:04.436,75 05:28.723,2012, ,2011, ,0, ,N, ,0, , , , , ,662163, , , ,1,1,0,0,0,0,0,0,0,0,0,0,0,0,1,0,0,0,0,0,0,0,0,0,0,0,0,0,0,0,0,0,0,0,0,9,0,40.0179,-75.0913, , 
 ,58019,2012034765,6,67,67301,2012,2,4,1725,17,1,1,0,1,1, , ,N,0,0,0,3,0,1,2,2,N, ,40 01:54.506,75 03:10.811,1729, ,1727,1,1,2, , ,0,N, , , , ,662164, , , ,2,2,0,0,0,0,0,0,0,0,0,0,1,1,0,0,0,0,0,0,0,0,0,1,0,0,0,0,0,0,0,0,0,0,0,8,0,40.0318,-75.053, , 
 ,58020,2012039698,6,67,67301,2012,4,4,1425,14,1,1,0,1,1, , ,N,0,0,0,3,0,0,5,3,N,N,39 57:35.911,75 10:42.928,1429, ,1429,2,1,4,N, ,0,N, , , , ,662168, , , ,3,1,0,0,0,0,2,0,0,0,0,0,0,0,0,0,0,0,0,0,1,0,0,0,0,0,0,0,0,0,0,0,0,0,0,0,0,39.96,-75.1786, , 
Y,58021,2012040548,6,67,67301,2012,4,1,1322,13,1,1,0,7,4,1,2,Y,3,0,0,3,0,4,4,2,N,N,39 52:53.757,75 14:44.958,1330,45,1323,2,2,1,Y, ,0,Y,N,N,N,Y,662170,N,N,N,2,1,0,0,0,0,1,0,0,0,3,1,4,0,0,0,0,0,0,0,2,0,0,0,0,0,0,0,0,0,0,0,0,0,0,3,0,39.8816,-75.2458, , 
 ,58022,2012015185,6,67,67301,2012,2,1,915,9,1,1,0,7,5, , ,N,7,0,2,3,0,1,1,1,N,N,39 58:05.918,75 07:47.272,922, ,919,2,1,1,Y, ,0,N, , , , ,662191, , , ,1,1,0,0,0,0,0,0,0,0,0,1,1,0,0,0,0,0,0,0,0,0,0,1,0,0,0,0,0,0,0,0,0,0,0,4,0,39.9684,-75.1296, , 
 ,58023,2012017891,6,67,67301,2012,1,3,1325,13,1,1,0,4,1, , ,N,1,3,0,3,0,2,4,4,N, ,40 00:28.717,75 04:25.479,1328, ,1328, ,0, , , ,3, , , , , ,662192, , , ,4,3,0,0,0,0,1,0,0,0,0,0,2,2,0,0,0,0,0,0,0,0,0,0,0,0,0,0,0,0,0,0,0,0,0,8,0,40.008,-75.0737, , 
 ,58024,2012021388,6,67,67301,2012,1,7,2056,20,3,1,0,4,1, , ,N,1,2,0,3,0,0,2,2,N,N,40 03:41.982,74 59:18.334,2057, ,2057,2,1,1, , ,3,N, , , , ,662196, , , ,2,1,0,0,0,0,1,0,0,0,0,0,0,0,0,0,0,0,0,0,1,0,0,0,0,0,0,0,0,0,0,0,0,0,0,0,0,40.0616,-74.9884, , 
 ,58025,2012041623,6,67,67301,2012,3,7,1621,16,1,1,0,4,1, , ,N,1,3,0,3,0,1,2,2,N,N,40 01:30.529,75 07:10.613,1630, ,1622,3,1,1,N, ,3,Y, , , , ,662260, , , ,2,1,1,0,0,0,0,0,0,0,1,0,1,0,0,0,0,0,0,0,0,0,0,0,0,0,0,0,0,0,0,0,0,0,0,3,0,40.0251,-75.1196, , 
 ,58026,2012049824,6,67,67301,2012,4,7,2101,21,3,2,1,4,1, , ,N,1,2,0,3,0,2,8,3,N,N,40 03:40.446,75 05:00.751,2115, ,2107, ,0, , , ,3, , , , , ,668869, , , ,3,1,0,0,1,0,1,0,0,0,0,2,2,0,0,0,0,0,0,1,0,0,0,0,0,0,0,0,0,0,0,0,0,0,0,4,0,40.0612,-75.0835, , 
 ,58027,2012020484,6,67,67301,2012,1,4,2057,20,3,7,0,4,1, , ,N,1,2,0,3,0,1,2,2,N,N,39 57:09.072,75 12:33.310,2057, ,2057, ,0, ,N, ,3, , , , , ,668883, , , ,1,1,0,0,0,0,0,0,1,0,0,0,1,1,0,0,0,0,0,0,1,0,0,0,0,0,0,0,0,0,0,0,0,0,0,8,0,39.9525,-75.2093, , 
 ,58028,2012036912,6,67,67301,2012,3,6,940,9,1,1,0,4,1, , ,N,1,2,0,3,0,0,2,2,N, ,39 58:53.043,75 10:43.906,1003, ,1000, ,0, , , ,3, , , , , ,668894, , , ,2,2,0,0,0,0,0,0,0,0,0,0,0,0,0,0,0,0,0,0,0,0,0,0,0,0,0,0,0,0,0,0,0,0,0,0,0,39.9814,-75.1789, , 
 ,58029,2012050192,6,67,67301,2012,4,4,1613,16,1,1,0,8,1, , ,N,1,2,0,3,0,1,3,2,N,N,39 57:12.850,75 10:23.482,1620, ,1615,9,2,7,N, ,3,N, , , , ,668903, , , ,1,0,0,1,0,0,0,0,0,0,0,1,1,0,1,0,0,0,0,0,0,0,0,0,0,0,0,0,0,0,0,0,1,0,0,4,1,39.9536,-75.1732, , 
 ,58030,2012054714,6,67,67301,2012,4,4,1350,13,1,1,0,1,1, , ,N,1,2,0,3,0,1,3,2,N,N,40 02:51.396,75 03:35.506,1422, ,1415, ,0, ,N, ,3, , , , , ,668907, , , ,2,0,0,0,0,0,1,1,0,0,0,0,1,1,0,0,0,0,0,0,1,0,0,0,0,0,0,0,0,0,0,0,0,0,0,8,0,40.0477,-75.06, , 
 ,58031,2012021023,6,67,67301,2012,1,5,855,8,1,2,1,6,2, , ,N,0,0,0,3,0,2,3,2,N,N,40 00:35.020,75 10:49.956,903, ,856,1,1,3,N, ,0,N, , , , ,668940, , , ,2,1,0,0,0,0,1,0,0,0,0,0,2,2,1,0,0,0,0,0,0,0,0,1,0,0,0,0,0,0,0,0,0,0,0,8,0,40.0097,-75.1805, , 
 ,58032,2012048172,6,67,67301,2012,4,2,1808,18,1,1,0,1,1, , ,N,0,0,0,3,0,1,2,2,N, ,40 02:41.719,75 04:49.260,1821, ,1821, ,0, , , ,0, , , , , ,668959, , , ,2,1,0,0,0,0,0,0,1,0,1,0,1,0,0,0,0,0,0,1,0,0,0,0,0,0,0,0,0,0,0,0,0,0,0,3,0,40.0449,-75.0804, , 
 ,58033,2012048250,6,67,67301,2012,4,1,1650,16,1,1,0,4,1, , ,N,1,3,0,3,0,3,5,2,N,N,39 54:26.280,75 11:16.256,1702, ,1655, ,0, ,N, ,3, , , , , ,668960, , , ,2,0,0,0,0,0,2,0,0,0,0,3,3,0,0,0,0,0,0,0,0,0,0,0,0,0,0,0,0,0,0,0,0,0,0,4,0,39.9073,-75.1878, , 
 ,58034,2012060803,6,67,67301,2012,5,5,1318,13,1,1,0,4,1, , ,N,1,2,0,3,0,1,2,2,N,N,39 58:48.986,75 12:50.723,1318, ,1318,3,1,2,N, ,3,N, , , , ,668971, , , ,2,1,0,0,0,0,1,0,0,0,0,0,1,1,1,0,0,0,0,0,0,0,0,0,0,0,0,0,0,0,0,0,0,0,0,8,0,39.9803,-75.2141, , 
 ,58035,2012063998,6,67,67301,2012,5,4,1600,16,1,1,0,8,1, , ,N,0,0,0,3,0,1,2,2,N, ,40 03:32.570,75 01:59.280,2031, ,2021, ,0, , , ,0, , , , , ,668974, , , ,1,0,0,0,0,0,0,1,0,0,0,0,1,1,0,0,0,0,0,0,0,0,0,0,0,0,0,0,0,0,0,0,1,0,0,8,0,40.059,-75.0331, , 
 ,58036,2012036901,6,67,67301,2012,3,2,2130,21,3,1,0,4,1, , ,N,1,3,0,3,0,1,2,2,N,N,39 58:53.796,75 06:40.589,2229, ,2220, ,0, ,N, ,3, , , , , ,668994, , , ,1,1,0,0,0,0,0,0,1,0,0,0,1,1,0,0,0,0,0,0,0,0,0,0,0,0,0,0,0,0,0,0,0,0,0,8,0,39.9816,-75.1113, , 
 ,58037,2012004075,6,67,67301,2012,1,4,2328,23,3,1,1,1,1, , ,N,0,0,0,3,0,0,4,3,N,N,39 57:34.355,75 10:34.230,2329, ,2329,2,2,3,N, ,0,N, , , , ,669020, , , ,3,2,0,0,1,0,0,0,0,0,0,0,0,0,0,0,0,0,0,0,0,0,0,0,0,0,0,0,0,0,0,0,0,0,0,0,0,39.9595,-75.1762, , 
 ,58038,2012092227,6,67,67301,2012,9,6,518,5,3,1,0,6,1, , ,N,0,0,0,3,0,0,2,2,N,N,39 57:26.033,75 09:07.119,526, ,520, ,0, ,N, ,0, , , , , ,669046, , , ,2,0,0,0,1,0,1,0,0,0,0,0,0,0,0,0,0,0,0,0,0,0,0,0,0,0,0,0,0,0,0,0,0,0,0,0,0,39.9572,-75.152, , 
 ,58039,2012098443,6,67,67301,2012,8,6,2200,22,3,1,0,4,1, , ,N,1,3,0,3,0,1,2,2,Y,N,40 00:07.027,75 08:24.226,2244, ,2242, ,0, ,N, ,2, , , , , ,669051, , , ,2,0,0,1,1,0,0,0,0,0,0,1,1,0,1,0,0,0,0,0,0,0,0,0,0,0,0,0,0,0,0,0,0,0,0,4,1,40.002,-75.1401, , 
 ,58040,2012104238,6,67,67301,2012,9,1,2112,21,3,1,0,1,1, , ,N,0,0,0,3,0,1,4,4,N,N,40 02:55.346,75 08:42.070,2120, ,2115, ,0, ,N, ,0, , , , , ,669057, , , ,4,4,0,0,0,0,0,0,0,0,0,0,1,1,3,0,0,0,0,0,1,0,0,0,0,0,0,0,0,0,0,0,0,0,0,8,0,40.0487,-75.145, , 
 ,58041,2012015839,6,67,67301,2012,1,4,1950,19,2,2,1,6,1, , ,N,0,0,0,3,0,3,4,3,N,N,39 56:25.761,75 14:11.172,1956, ,1953, ,0, ,N, ,0, , , , , ,669076, , , ,3,1,0,0,0,0,1,1,0,0,0,3,3,0,1,0,0,0,0,0,0,0,0,1,0,0,0,0,0,0,0,0,0,0,0,4,0,39.9405,-75.2364, , 
 ,58042,2012036955,6,67,67301,2012,2,3,302,3,3,1,0,2,6, , ,N,0,0,0,3,0,0,1,5,N,N,39 59:50.377,75 04:24.404,308, ,302, ,0, ,N, ,0, , , , , ,669088, , , ,5,1,0,0,1,0,3,0,0,0,0,0,0,0,0,0,0,0,1,0,0,0,0,0,0,0,0,0,0,0,0,0,0,0,0,0,0,39.9973,-75.0734, , 
 ,58043,2012068820,6,67,67301,2012,5,7,1123,11,1,1,0,4,1, , ,N,0,0,7,3,0,1,2,2,N,N,40 05:53.109,75 01:51.006,1205, ,1204,1,1,3, , ,0,N, , , , ,669108, , , ,2,2,0,0,0,0,0,0,0,0,1,0,1,0,0,0,0,0,0,0,0,0,0,0,0,0,0,0,0,0,0,0,0,0,0,3,0,40.0981,-75.0308, , 
 ,58044,2012049520,6,67,67301,2012,5,4,409,4,2,2,1,7,4, , ,N,0,0,0,3,0,1,1,1,N,N,39 58:57.309,75 12:27.900,415, ,415,1,1,4,N, ,0,N, , , , ,665878, , , ,1,1,0,0,0,0,0,0,0,0,0,1,1,0,0,0,0,0,0,0,1,0,0,0,0,0,0,0,0,0,0,0,0,0,0,4,0,39.9826,-75.2078, , 
 ,58045,2012020046,6,67,67301,2012,2,5,258,2,3,1,0,1,1, , ,N,0,0,0,3,0,1,2,2,N,N,39 53:55.634,75 10:48.582,305, ,301,1,1,2,N, ,0,N, , , , ,665904, , , ,2,2,0,0,0,0,0,0,0,1,0,0,1,0,0,0,0,0,0,0,0,0,0,0,0,0,0,1,0,0,0,0,0,0,0,2,0,39.8988,-75.1801, , 
 ,58046,2012036956,6,67,67301,2012,3,7,250,2,3,1,0,4,1, , ,N,1,2,0,3,0,9,9,3,N,N,39 56:51.042,75 08:58.320,307, ,300, ,0, , , ,3, , , , , ,665914, , , ,3,1,0,0,0,0,1,1,0,1,1,7,9,0,0,0,0,0,0,0,0,0,0,0,0,0,0,0,0,0,0,0,0,0,0,2,0,39.9475,-75.1495, , 
 ,58047,2012038548,6,67,67301,2012,4,7,900,9,1,1,0,7,2, , ,N,7,0,2,3,0,1,1,1,N,N,39 58:06.081,75 07:46.720,931, ,915, ,0, ,N, ,0, , , , , ,665917, , , ,1,0,1,0,0,0,0,0,0,0,1,0,1,0,0,0,0,0,0,0,0,0,0,0,0,0,0,0,0,0,0,0,0,0,0,3,0,39.9684,-75.1296, , 
 ,58048,2012041728,6,67,67301,2012,3,6,1435,14,1,1,0,0,1, , ,N,0,0,0,3,0,1,1,2,N,N,40 03:10.349,75 03:00.775,1455, ,1443, ,0, ,N, ,0, , , , , ,665919, , , ,1,0,1,0,0,0,0,0,0,0,0,1,1,0,0,0,0,0,0,0,0,0,0,0,0,0,0,0,0,0,0,0,0,0,0,4,0,40.0529,-75.0502, , 
 ,58049,2012020551,6,67,67301,2012,2,5,1613,16,1,1,0,8,1, , ,N,3,2,6,3,0,1,2,2,N,N,39 58:20.609,75 13:02.568,1620, ,1615, ,0, , , ,3, , , , , ,665957, , , ,1,1,0,0,0,0,0,0,0,0,0,0,1,1,0,0,0,0,0,0,0,0,0,0,0,0,0,0,0,0,0,0,1,0,0,8,0,39.9724,-75.2174, , 
 ,58050,2012041732,6,67,67301,2012,3,6,1848,18,1,1,0,8,1, , ,N,0,0,0,3,0,1,2,2,N,N,40 01:10.578,75 04:07.413,1854, ,1852, ,0, ,N, ,0, , , , , ,665968, , , ,1,0,0,0,0,0,0,1,0,0,0,1,1,0,0,0,0,0,0,1,0,0,0,0,0,0,0,0,0,0,0,0,1,0,0,4,0,40.0196,-75.0687, , 
 ,58051,2012066696,6,67,67301,2012,6,1,1901,19,1,1,0,4,1, , ,N,1,2,0,3,0,1,3,2,N,N,39 55:22.764,75 11:18.725,1903, ,1901, ,0, ,N, ,3, , , , , ,665985, , , ,2,0,0,0,0,0,1,1,0,0,0,1,1,0,0,0,0,0,0,0,1,0,0,0,0,0,0,0,0,0,0,0,0,0,0,4,0,39.923,-75.1885, , 
 ,58052,2012020559,6,67,67301,2012,1,6,900,9,1,1,0,8,1, , ,N,1,3,0,3,0,1,2,2,N, ,40 03:51.987,75 01:45.393,920, ,905, ,0, , , ,3, , , , , ,666000, , , ,1,0,0,0,0,0,1,0,0,0,0,1,1,0,0,0,0,0,0,0,0,0,0,0,0,0,0,0,0,0,0,0,1,0,0,4,0,40.0644,-75.0293, , 
 ,58053,2012034794,6,67,67301,2012,3,7,1028,10,1,1,0,4,1, , ,N,1,2,0,3,0,0,2,2,N,N,40 01:59.691,75 02:15.936,1033, ,1030, ,0, ,N, ,3, , , , , ,666013, , , ,2,1,0,0,0,0,1,0,0,0,0,0,0,0,0,0,0,0,0,1,0,0,0,0,0,0,0,0,0,0,0,0,0,0,0,0,0,40.0332,-75.0378, , 
 ,58054,2012048249,6,67,67301,2012,4,2,657,6,1,1,0,1,1, , ,N,0,0,0,3,0,3,3,3,N,N,39 55:16.585,75 11:32.706,720, ,713, ,0, ,N, ,0, , , , , ,666018, , , ,3,1,0,0,1,1,0,0,0,0,0,3,3,0,0,0,0,0,0,0,1,0,1,0,0,0,0,0,0,0,0,0,0,0,0,4,0,39.9213,-75.1924, , 
 ,58055,2012045283,6,67,67301,2012,5,7,715,7,1,1,0,7,2, , ,N,0,0,0,3,0,0,1,1,N,N,39 58:02.497,75 07:56.553,720, ,718, ,0, ,N, ,0, , , , , ,666069, , , ,1,1,0,0,0,0,0,0,0,0,0,0,0,0,0,0,0,0,0,0,0,0,0,0,0,0,0,0,0,0,0,0,0,0,0,0,0,39.9673,-75.1325, , 
 ,58056,2012049814,6,67,67301,2012,4,6,955,9,1,1,0,4,2, , ,N,0,0,0,3,0,0,1,2,N,Y,40 04:28.565,75 04:43.447,1023, ,959, ,0, ,N, ,0, , , , , ,666074, , , ,2,1,0,0,0,0,0,1,0,0,0,0,0,0,0,0,0,0,0,0,0,0,0,0,0,0,0,0,0,0,0,0,0,0,0,0,0,40.0746,-75.0787, , 
 ,58057,2012056650,6,67,67301,2012,5,5,1847,18,1,1,0,8,1, , ,N,0,0,0,3,0,1,2,2,N,N,40 00:15.919,75 10:29.344,1847, ,1847, ,0, ,N, ,0, , , , , ,666080, , , ,1,1,0,0,0,0,0,0,0,0,0,0,1,1,0,0,0,0,0,0,0,0,0,0,0,0,0,0,0,0,0,0,1,0,0,8,0,40.0044,-75.1748, , 
 ,58058,2012035141,6,67,67301,2012,3,2,750,7,1,1,0,1,1, , ,N,9,5,0,3,0,1,2,2,N,N,40 07:39.036,75 01:19.232,755, ,752, ,0, ,N, ,3, , , , , ,666105, , , ,2,2,0,0,0,0,0,0,0,0,0,1,1,0,0,0,0,0,0,0,0,0,0,0,0,0,0,0,0,0,0,0,0,0,0,4,0,40.1275,-75.022, , 
 ,58059,2012037703,6,67,67301,2012,2,1,825,8,1,1,0,4,1, , ,N,1,2,0,3,0,0,2,2,N,N,40 01:12.877,75 06:50.707,911, ,910, ,0, ,N, ,3, , , , , ,666107, , , ,2,1,0,0,0,1,0,0,0,0,0,0,0,0,0,0,0,0,0,0,0,0,0,0,0,0,0,0,0,0,0,0,0,0,0,0,1,40.0202,-75.1141, , 
 ,58060,2012068725,6,67,67301,2012,6,7,1409,14,1,1,0,4,1, , ,N,5,2,0,3,0,1,2,2,N, ,40 00:01.004,75 06:23.097,1411, ,1410, ,0, , , ,3, , , , , ,666127, , , ,2,0,1,0,0,0,1,0,0,0,0,0,1,1,0,0,0,1,0,0,0,0,0,0,0,0,0,0,0,0,0,0,0,0,0,8,0,40.0003,-75.1064, , 
 ,58061,2012017952,6,67,67301,2012,1,5,9999,99,3,2,1,8,1, , ,N,0,2,0,3,0,1,2,2,N,N,39 59:33.460,75 08:38.371,1900, ,1844, ,0, , , ,3, , , , , ,666143, , , ,1,0,0,0,0,0,0,1,0,0,1,0,1,0,1,0,0,0,0,0,0,0,0,1,0,0,0,0,0,0,0,0,1,0,0,3,0,39.9926,-75.144, , 
 ,58062,2012019941,6,67,67301,2012,1,1,540,5,3,1,0,1,1, , ,N,0,0,0,3,0,0,1,4,N,N,40 02:30.868,75 00:45.456,550, ,542, ,0, , , ,0, , , , , ,666145, , , ,4,4,0,0,0,0,0,0,0,0,0,0,0,0,0,0,0,0,0,1,0,0,0,0,0,0,0,0,0,0,0,0,0,0,0,0,0,40.0419,-75.0127, , 
 ,58063,2012078554,6,67,67301,2012,6,5,1420,14,1,1,0,1,1, , ,N,0,2,0,3,0,2,5,3,N,N,39 58:48.945,75 09:28.511,1430, ,1430, ,0, ,N, ,3, , , , , ,659043, , , ,3,2,0,0,0,0,0,1,0,0,0,0,2,2,1,0,0,1,0,0,0,1,0,0,0,0,0,0,0,0,0,0,0,0,0,8,0,39.9803,-75.1579, , 
 ,58064,2012020601,6,67,67301,2012,1,5,1430,14,1,1,0,6,6, , ,N,0,0,0,3,0,1,2,2,N, ,39 59:25.180,75 08:52.116,9999, ,1430, ,0, , , ,0, , , , , ,659060, , , ,2,1,0,0,1,0,0,0,0,0,0,1,1,0,0,0,0,0,0,0,0,0,0,0,0,0,0,0,0,0,0,0,0,0,0,4,0,39.9903,-75.1478, , 