wz_ln_closure,objectid_1,crn,district,county,municipality,crash_year,crash_month,day_of_week,time_of_day,hour_of_day,illumination,weather,road_condition,collision_type,relation_to_road,work_zone_type,work_zone_loc,work_zone_ind,intersect_type,tcd_type,location_type,urban_rural,fatal_count,injury_count,person_count,total_units,sch_bus_ind,sch_zone_ind,latitude,longitude,arrival_tm,cons_zone_spd_lim,dispatch_tm,est_hrs_closed,lane_closed,ln_close_dir,ntfy_hiwy_maint,spec_juris_cd,tcd_func_cd,tfc_detour_ind,workers_pres,wz_close_detour,wz_flagger,wz_law_offcr_ind,objectid,wz_moving,wz_other,wz_shlder_mdn,vehicle_count,automobile_count,motorcycle_count,bus_count,small_truck_count,heavy_truck_count,suv_count,van_count,bicycle_count,maj_inj_count,mod_inj_count,min_inj_count,tot_inj_count,unk_inj_deg_count,unk_inj_per_count,driver_count_16yr,driver_count_17yr,driver_count_18yr,driver_count_19yr,driver_count_20yr,driver_count_50_64yr,driver_count_65_74yr,driver_count_75plus,unbelted_occ_count,unb_death_count,unb_maj_inj_count,belted_death_count,belted_maj_inj_count,mcycle_death_count,mcycle_maj_inj_count,bicycle_death_count,bicycle_maj_inj_count,ped_count,ped_death_count,ped_maj_inj_count,max_severity_level,comm_veh_count,dec_lat,dec_long,rdwy_surf_type_cd,county_name
 ,58131,2012041630,6,67,67301,2012,3,6,1855,18,1,1,0,4,1, , ,N,2,3,7,3,0,0,2,3,N,N,40 01:46.558,75 12:22.846,1905, ,1900,1,1,1,N, ,3,N, , , , ,666356, , , ,3,2,0,0,0,0,0,1,0,0,0,0,0,0,0,0,0,0,0,0,1,0,0,0,0,0,0,0,0,0,0,0,0,0,0,0,0,40.0296,-75.2063, , 
 ,58132,2012041815,6,67,67301,2012,4,5,1218,12,1,1,0,1,1, , ,N,0,0,0,3,0,0,4,3,N,N,39 57:26.108,75 09:25.891,1231, ,1222,1,2,4,N, ,0,N, , , , ,666357, , , ,3,1,0,0,1,0,1,0,0,0,0,0,0,0,0,0,0,0,0,0,1,0,0,0,0,0,0,0,0,0,0,0,0,0,0,0,0,39.9573,-75.1572, , 
 ,58133,2012047299,6,67,67301,2012,4,4,1755,17,1,2,1,4,1, , ,N,2,3,0,3,0,1,2,3,N, ,40 00:51.170,75 08:29.259,1940, ,1940, ,0, , , ,3, , , , , ,666363, , , ,3,2,0,0,0,0,0,1,0,0,0,0,1,1,0,0,0,0,0,0,0,0,0,0,0,0,0,0,0,0,0,0,0,0,0,8,0,40.0142,-75.1415, , 
 ,58134,2012048018,6,67,67301,2012,4,1,1210,12,1,1,0,4,1, , ,N,2,3,7,3,0,2,5,2,N,N,40 04:48.039,75 02:24.885,1212, ,1211, ,0, ,N, ,3, , , , , ,666366, , , ,2,2,0,0,0,0,0,0,0,0,2,0,2,0,0,0,0,0,0,0,0,1,0,0,0,0,0,0,0,0,0,0,0,0,0,3,0,40.08,-75.0402, , 
 ,58135,2012051923,6,67,67301,2012,5,4,1730,17,1,1,0,1,1, , ,N,1,2,0,3,0,1,2,2,N,N,40 03:38.037,75 03:26.349,1744, ,1742, ,0, ,N, ,3, , , , , ,666370, , , ,2,1,0,0,0,0,1,0,0,0,0,1,1,0,0,0,0,0,0,0,1,1,0,0,0,0,0,0,0,0,0,0,0,0,0,4,0,40.0605,-75.0572, , 
 ,58136,2012026243,6,67,67301,2012,2,6,2049,20,3,1,0,1,1, , ,N,0,0,0,3,0,0,7,3,N,N,40 00:20.077,75 06:13.289,2051, ,2050, ,0, ,N, ,0, , , , , ,666393, , , ,3,2,0,0,1,0,0,0,0,0,0,0,0,0,6,0,0,0,0,0,1,0,0,0,0,0,0,0,0,0,0,0,0,0,0,9,0,40.0056,-75.1038, , 
 ,58137,2012060811,6,67,67301,2012,5,3,835,8,1,2,1,4,1, , ,N,1,2,0,3,0,2,2,2,N,N,39 58:16.448,75 09:26.204,842, ,837, ,0, ,N, ,3, , , , , ,659233, , , ,2,1,0,0,0,0,0,0,0,0,0,0,2,2,0,0,0,0,0,0,1,0,0,0,0,0,0,0,0,0,0,0,0,0,0,8,0,39.9711,-75.1573, , 
 ,58138,2012015467,6,67,67301,2012,1,2,2025,20,3,1,0,8,1, , ,N,1,3,0,3,0,1,2,2,N,N,39 57:05.475,75 13:21.442,2035, ,2028, ,0, ,N, ,3, , , , , ,659245, , , ,1,1,0,0,0,0,0,0,0,0,0,1,1,0,0,0,0,0,0,0,0,0,0,1,0,0,0,0,0,0,0,0,1,0,0,4,0,39.9515,-75.2226, , 
 ,58139,2012049691,6,67,67301,2012,4,3,1717,17,1,1,0,4,1, , ,N,0,0,0,3,0,1,2,2,N,N,39 58:57.701,75 14:28.359,1728, ,1726, ,0, ,N, ,0, , , , , ,659282, , , ,2,2,0,0,0,0,0,0,0,0,0,1,1,0,0,0,0,0,0,0,1,0,0,0,0,0,0,0,0,0,0,0,0,0,0,4,0,39.9827,-75.2412, , 
 ,58140,2012049781,6,67,67301,2012,4,4,1230,12,1,2,1,4,1, , ,N,1,2,0,3,0,1,2,3,N,N,40 02:45.600,75 04:56.341,1300, ,1255,2,1,3,N, ,3,Y, , , , ,659283, , , ,3,2,0,0,0,0,1,0,0,0,0,1,1,0,0,0,0,0,0,0,0,2,0,0,0,0,0,0,0,0,0,0,0,0,0,4,0,40.046,-75.0823, , 
 ,58141,2012015477,6,67,67301,2012,1,7,1400,14,1,1,0,4,1, , ,N,2,0,7,3,0,1,2,2,N,N,39 57:37.600,75 14:50.200,1420, ,1415, ,0, ,N, ,0, , , , , ,659292, , , ,2,1,0,0,0,0,1,0,0,0,0,1,1,0,0,0,0,0,0,0,0,0,0,0,0,0,0,0,0,0,0,0,0,0,0,4,0,39.9604,-75.2472, , 
 ,58142,2012020612,6,67,67301,2012,1,3,1332,13,1,1,0,1,1, , ,N,1,2,0,3,0,2,4,2,N, ,40 01:20.319,75 04:41.497,9999, ,9999, ,0, , , ,3, , , , , ,659295, , , ,2,2,0,0,0,0,0,0,0,0,0,0,2,2,0,0,0,0,0,0,0,0,0,0,0,0,0,0,0,0,0,0,0,0,0,8,0,40.0224,-75.0781, , 
 ,58143,2012028136,6,67,67301,2012,2,3,1730,17,3,1,0,4,1, , ,N,1,2,0,3,0,0,3,2,N,N,39 55:00.583,75 10:16.768,1745, ,1735, ,0, ,N, ,3, , , , , ,659299, , , ,2,2,0,0,0,0,0,0,0,0,0,0,0,0,0,0,0,0,0,0,1,0,0,0,0,0,0,0,0,0,0,0,0,0,0,0,0,39.9168,-75.1713, , 
 ,58144,2012028172,6,67,67301,2012,2,6,1206,12,1,1,0,4,1, , ,N,0,0,0,3,0,0,3,2,N,N,39 58:35.731,75 12:36.845,1210, ,1208,1,1,3,N, ,0,N, , , , ,659300, , , ,2,1,0,0,1,0,0,0,0,0,0,0,0,0,0,0,0,0,0,0,0,0,0,0,0,0,0,0,0,0,0,0,0,0,0,0,0,39.9766,-75.2102, , 
 ,58145,2012028489,6,67,67301,2012,2,7,1900,19,3,1,0,7,5, , ,N,1,2,0,3,0,0,1,3,N,N,40 02:27.735,75 10:59.179,1925, ,1920, ,0, ,N, ,3, , , , , ,659302, , , ,3,2,0,0,1,0,0,0,0,0,0,0,0,0,0,0,0,0,0,0,0,0,0,0,0,0,0,0,0,0,0,0,0,0,0,0,0,40.041,-75.1831, , 
 ,58146,2012042234,6,67,67301,2012,3,2,850,8,1,1,0,4,1, , ,N,1,2,0,3,0,3,3,4,N, ,40 01:25.906,75 07:03.493,858, ,855, ,0, , , ,3, , , , , ,659310, , , ,4,2,0,0,0,0,2,0,0,0,0,3,3,0,0,0,0,0,0,0,0,0,0,0,0,0,0,0,0,0,0,0,0,0,0,4,0,40.0239,-75.1176, , 
 ,58147,2012073752,6,67,67301,2012,6,1,2224,22,3,1,0,4,1, , ,N,0,0,0,3,0,3,6,3,N,N,39 59:38.321,75 11:56.424,2227, ,2225, ,0, ,N, ,0, , , , , ,659331, , , ,3,2,0,0,0,0,0,0,0,0,0,0,3,3,0,0,0,0,0,0,0,0,0,0,0,0,0,0,0,0,0,0,0,0,0,8,0,39.994,-75.199, , 
 ,58148,2012027393,6,67,67301,2012,2,2,9999,99,1,1,0,4,1, , ,N,0,9,0,3,0,2,3,2,N,N,40 01:54.302,75 06:19.853,807, ,747, ,9, ,N, ,9, , , , , ,659353, , , ,2,2,0,0,0,0,0,0,0,0,2,0,2,0,0,0,0,0,0,0,0,0,0,0,0,0,0,0,0,0,0,0,0,0,0,3,0,40.0318,-75.1055, , 
 ,58149,2012041977,6,67,67301,2012,4,3,1620,16,1,1,0,4,7, , ,N,1,3,2,3,0,1,2,2,N,N,39 59:11.983,75 12:29.919,1629, ,1624,1,1,3,N, ,3,N, , , , ,659367, , , ,2,1,0,0,0,0,1,0,0,1,0,0,1,0,1,0,0,0,0,0,0,0,0,0,0,0,0,1,0,0,0,0,0,0,0,2,0,39.9867,-75.2083, , 
 ,58150,2012032513,6,67,67301,2012,3,6,9999,99,3,2,1,4,1, , ,N,1,3,0,3,0,2,5,2,N,N,39 58:40.076,75 09:44.002,9999, ,9999, ,0, ,N, ,3, , , , , ,659403, , , ,2,1,0,0,1,0,0,0,0,0,0,0,2,2,0,0,0,0,0,0,0,0,0,0,0,0,0,0,0,0,0,0,0,0,0,8,0,39.9778,-75.1622, , 
 ,58151,2012032657,6,67,67301,2012,2,4,308,3,3,1,0,4,6, , ,N,0,0,0,3,0,1,1,4,N,N,40 00:55.745,75 03:48.453,313, ,309,2,1,2,N, ,0,N, , , , ,659404, , , ,4,2,0,0,0,0,1,1,0,0,0,0,1,1,0,0,0,0,0,0,0,0,0,0,0,0,0,0,0,0,0,0,0,0,0,8,0,40.0154,-75.0636, , 
 ,58152,2012013073,6,67,67301,2012,1,1,319,3,3,1,0,4,1, , ,N,0,0,0,3,0,0,1,4,N,N,40 03:03.844,75 04:15.132,341, ,338, ,0, ,N, ,0, , , , , ,659436, , , ,4,3,0,0,0,0,1,0,0,0,0,0,0,0,0,0,0,0,0,0,0,0,0,0,0,0,0,0,0,0,0,0,0,0,0,0,0,40.0511,-75.0709, , 
 ,58153,2012026211,6,67,67301,2012,2,4,849,8,1,1,0,4,1, , ,N,1,2,0,3,0,2,2,2,N,N,40 02:50.956,75 05:30.725,851, ,851, ,0, ,N, ,3, , , , , ,659444, , , ,2,2,0,0,0,0,0,0,0,0,0,0,2,2,0,0,0,0,0,0,0,0,1,0,0,0,0,0,0,0,0,0,0,0,0,8,0,40.0475,-75.0919, , 
 ,58154,2012032606,6,67,67301,2012,2,7,1239,12,1,1,0,0,1, , ,N,1,3,0,3,0,1,1,1,N,N,40 01:01.160,75 08:15.536,1254, ,1252, ,0, ,N, ,3, , , , , ,659451, , , ,1,0,1,0,0,0,0,0,0,1,0,0,1,0,0,0,1,0,0,0,0,0,0,0,0,0,0,0,0,1,0,0,0,0,0,2,0,40.017,-75.1376, , 
 ,58155,2012032643,6,67,67301,2012,2,4,28,0,3,1,0,8,1, , ,N,0,0,0,3,0,1,2,2,N,N,39 56:49.165,75 09:45.160,30, ,28,3,2,1,N, ,0,N, , , , ,662548, , , ,1,1,0,0,0,0,0,0,0,1,0,0,1,0,0,0,0,0,0,0,0,0,0,0,0,0,0,0,0,0,0,0,1,0,1,2,0,39.947,-75.1625, , 
 ,58156,2012039584,6,67,67301,2012,3,4,2258,22,6,1,0,1,1, , ,N,0,0,0,3,0,0,2,2,N,N,39 56:22.518,75 11:47.457,2312, ,2308,1,2,3,N, ,0,N, , , , ,662554, , , ,2,2,0,0,0,0,0,0,0,0,0,0,0,0,0,0,0,0,0,0,1,0,0,0,0,0,0,0,0,0,0,0,0,0,0,0,0,39.9382,-75.198, , 
 ,58157,2012041659,6,67,67301,2012,3,7,1338,13,1,1,0,4,1, , ,N,0,0,7,3,0,1,2,2,N,N,40 02:29.443,75 06:18.730,1350, ,1338,1,1,3,N, ,0,Y, , , , ,662557, , , ,1,0,0,0,0,0,1,0,1,0,0,0,1,1,0,0,0,0,0,0,0,0,0,1,0,0,0,0,0,0,0,0,0,0,0,8,0,40.0415,-75.1052, , 
 ,58158,2012042180,6,67,67301,2012,3,1,919,9,1,1,1,1,1, , ,N,1,2,0,3,0,0,6,2,N,N,39 58:53.939,75 06:14.228,930, ,924, ,0, ,N, ,3, , , , , ,662558, , , ,2,0,0,1,1,0,0,0,0,0,0,0,0,0,6,0,0,0,0,0,0,0,0,0,0,0,0,0,0,0,0,0,0,0,0,9,1,39.9816,-75.104, , 
 ,58159,2012047295,6,67,67301,2012,4,2,801,8,1,2,1,4,1, , ,N,1,3,0,3,0,2,4,2,N, ,39 55:28.236,75 09:51.425,813, ,809,1,1,1, , ,3,N, , , , ,662560, , , ,2,2,0,0,0,0,0,0,0,0,0,2,2,0,0,0,0,0,0,0,0,0,0,3,0,0,0,0,0,0,0,0,0,0,0,4,0,39.9245,-75.1643, , 
 ,58160,2012028272,6,46,46104,2012,3,7,1743,17,4,1,0,7,2, , ,N,0,0,0,3,0,1,1,1,N,N,39 59:03.732,75 15:37.958,1745, ,1743, ,0, ,N, ,0, , , , , ,662591, , , ,1,1,0,0,0,0,0,0,0,0,0,1,1,0,0,0,0,0,0,0,0,0,0,0,0,0,0,0,0,0,0,0,0,0,0,4,0,39.9844,-75.2605, , 
 ,58161,2012034665,6,67,67301,2012,3,3,1325,13,1,1,0,5,6, , ,N,0,0,0,3,0,2,2,3,N,N,40 00:00.920,75 08:32.744,1336, ,1331, ,0, ,N, ,0, , , , , ,662598, , , ,3,2,0,0,0,0,0,1,0,0,0,2,2,0,0,0,0,0,0,0,1,0,0,0,0,0,0,0,0,0,0,0,0,0,0,4,0,40.0003,-75.1424, , 
 ,58162,2012041561,6,67,67301,2012,3,1,1338,13,1,1,0,4,7, , ,N,1,2,0,3,0,0,2,2,N,N,39 57:29.829,75 09:50.647,1415, ,1338, ,0, ,N, ,3, , , , , ,662603, , , ,2,1,0,0,0,0,1,0,0,0,0,0,0,0,2,0,0,0,0,0,1,0,0,0,0,0,0,0,0,0,0,0,0,0,0,9,0,39.9583,-75.1641, , 
 ,58163,2012015489,6,67,67301,2012,1,5,1756,17,3,1,0,1,1, , ,N,0,8,1,3,0,0,3,3,N,N,40 00:51.296,75 10:42.589,1800, ,1800,1,2,3,N, ,3,N, , , , ,662627, , , ,3,3,0,0,0,0,0,0,0,0,0,0,0,0,0,0,0,0,0,0,0,0,0,0,0,0,0,0,0,0,0,0,0,0,0,0,0,40.0142,-75.1785, , 
 ,58164,2012027745,6,67,67301,2012,2,5,1355,13,1,9,0,8,1, , ,N,1,0,0,3,0,1,2,2,N,N,39 57:11.415,75 10:11.817,1520, ,1510, ,0, , , ,0, , , , , ,662634, , , ,1,0,0,0,0,0,0,0,0,0,0,1,1,0,1,0,0,0,0,0,0,0,0,0,0,0,0,0,0,0,0,0,1,0,0,4,0,39.9532,-75.17, , 
 ,58165,2012036894,6,67,67301,2012,2,4,815,8,1,2,1,8,1, , ,N,0,0,0,3,0,1,2,2,N,N,40 01:28.852,75 08:48.751,840, ,835, ,0, ,N, ,0, , , , , ,662644, , , ,1,1,0,0,0,0,0,0,0,0,0,1,1,0,0,0,0,0,0,0,0,0,0,0,0,0,0,0,0,0,0,0,1,0,0,4,0,40.0247,-75.1469, , 
 ,58166,2012048163,6,67,67301,2012,4,5,28,0,3,2,1,1,1, , ,N,0,2,6,3,0,1,2,2,N,N,40 05:04.290,75 01:28.967,40, ,33,1,1,1,N, ,3,N, , , , ,662651, , , ,2,1,0,0,0,0,1,0,0,0,0,1,1,0,0,0,0,0,1,0,1,0,0,0,0,0,0,0,0,0,0,0,0,0,0,4,0,40.0846,-75.0249, , 
 ,58167,2012048233,6,67,67301,2012,4,2,950,9,1,1,0,4,1, , ,N,5,2,0,3,0,1,2,2,N,N,40 01:22.061,75 09:32.460,957, ,954,9,1,2,N, ,3,N, , , , ,662653, , , ,2,2,0,0,0,0,0,0,0,0,0,1,1,0,0,0,0,0,0,0,0,0,0,1,0,0,0,0,0,0,0,0,0,0,0,4,0,40.0228,-75.159, , 
 ,58168,2012016740,6,67,67301,2012,2,6,1941,19,3,1,0,1,1, , ,N,0,0,0,3,0,1,2,2,N,N,39 59:47.115,75 11:48.374,1941, ,1941, ,0, ,N, ,0, , , , , ,662672, , , ,2,1,0,0,0,0,1,0,0,0,0,1,1,0,1,0,0,0,0,0,0,0,0,0,0,0,0,0,0,0,0,0,0,0,0,4,0,39.9964,-75.1968, , 
 ,58169,2012022585,6,67,67301,2012,1,2,2000,20,3,1,0,1,6, , ,N,0,0,0,3,0,0,1,2,N,N,39 57:59.965,75 12:45.640,2027, ,2023,3,1,4,N, ,0,N, , , , ,662677, , , ,2,2,0,0,0,0,0,0,0,0,0,0,0,0,1,0,0,0,0,0,0,0,0,0,0,0,0,0,0,0,0,0,0,0,0,9,0,39.9667,-75.2127, , 
 ,58170,2012036790,6,67,67301,2012,3,4,1800,18,1,1,0,4,1, , ,N,0,0,0,3,0,1,2,2,N,N,39 58:46.848,75 10:16.339,1812, ,1804, ,0, ,N, ,0, , , , , ,662684, , , ,2,1,0,0,0,0,0,0,1,0,0,1,1,0,0,0,1,0,0,0,0,0,0,0,0,0,0,0,0,0,0,0,0,0,0,4,0,39.9797,-75.1712, , 
 ,58171,2012037752,6,67,67301,2012,4,7,125,1,3,1,0,7,5, , ,N,0,0,0,3,0,0,1,1,N,N,40 02:47.453,75 03:09.562,135, ,130,2,1,2,Y, ,0,N, , , , ,662685, , , ,1,1,0,0,0,0,0,0,0,0,0,0,0,0,0,0,0,0,0,0,1,0,0,0,0,0,0,0,0,0,0,0,0,0,0,0,0,40.0465,-75.0527, , 
 ,58172,2012020423,6,67,67301,2012,1,7,1725,17,1,4,0,7,2, , ,N,1,0,0,3,0,2,2,1,N,N,40 05:40.718,75 00:54.707,1725, ,1725,1,1,1,N, ,0,N, , , , ,662725, , , ,1,1,0,0,0,0,0,0,0,0,0,2,2,0,0,0,0,0,0,0,0,0,0,0,0,0,0,0,0,0,0,0,0,0,0,4,0,40.0946,-75.0152, , 
 ,58173,2012039830,6,67,67301,2012,3,1,507,5,3,1,0,1,6, , ,N,0,0,0,3,0,0,1,3,N,N,40 00:13.582,75 07:56.107,528, ,523, ,0, ,N, ,0, , , , , ,662742, , , ,3,2,0,0,1,0,0,0,0,0,0,0,0,0,0,0,0,0,0,0,0,0,0,0,0,0,0,0,0,0,0,0,0,0,0,0,0,40.0038,-75.1323, , 
 ,58174,2012011259,6,67,67301,2012,1,5,225,2,3,1,0,7,2, , ,N,0,0,2,3,0,0,5,1,N,N,39 54:39.735,75 09:00.632,228, ,228,2,1,4,N, ,0,Y, , , , ,669411, , , ,1,1,0,0,0,0,0,0,0,0,0,0,0,0,0,0,0,0,0,0,0,0,0,0,0,0,0,0,0,0,0,0,0,0,0,0,0,39.911,-75.1502, , 
 ,58175,2012012591,6,67,67301,2012,1,1,1115,11,1,1,0,4,1, , ,N,0,0,0,3,0,0,2,2,N,N,40 04:06.145,75 04:00.322,1116, ,1115, ,0, ,N, ,0, , , , , ,669413, , , ,2,1,0,0,0,0,1,0,0,0,0,0,0,0,0,0,0,0,0,0,0,0,0,0,0,0,0,0,0,0,0,0,0,0,0,0,0,40.0684,-75.0668, , 
 ,58176,2012015516,6,67,67301,2012,1,3,2120,21,3,1,0,4,1, , ,N,1,3,0,3,0,1,2,4,N,N,40 03:52.556,75 08:57.202,2200, ,2154, ,0, ,N, ,3, , , , , ,669414, , , ,4,2,0,0,1,0,0,1,0,0,0,1,1,0,0,0,0,0,0,0,1,0,0,0,0,0,0,0,0,0,0,0,0,0,0,4,0,40.0646,-75.1492, , 
 ,58177,2012036840,6,67,67301,2012,3,4,1620,16,1,1,0,8,1, , ,N,1,2,0,3,0,1,2,2,N,N,39 57:11.367,75 09:11.303,1625, ,1620, ,0, ,N, ,3, , , , , ,669428, , , ,1,0,0,1,0,0,0,0,0,0,0,1,1,0,0,0,0,0,0,0,0,0,0,0,0,0,0,0,0,0,0,0,1,0,0,4,1,39.9532,-75.1531, , 
 ,58178,2012051954,6,67,67301,2012,5,4,820,8,1,1,0,8,1, , ,N,1,2,0,3,0,1,2,2,N,N,39 59:04.850,75 09:23.377,845, ,840, ,0, ,N, ,3, , , , , ,669439, , , ,1,0,0,0,0,0,1,0,0,0,0,1,1,0,0,0,0,0,0,0,1,0,0,0,0,0,0,0,0,0,0,0,1,0,0,4,0,39.9847,-75.1565, , 
 ,58179,2012060836,6,67,67301,2012,5,7,2230,22,3,1,0,5,1, , ,N,0,0,0,3,0,1,2,3,N,N,40 02:27.873,75 04:24.765,2245, ,2245, ,0, ,N, ,0, , , , , ,669450, , , ,3,2,0,0,0,0,1,0,0,0,0,1,1,0,0,0,0,0,0,0,0,0,0,0,0,0,0,0,0,0,0,0,0,0,0,4,0,40.0411,-75.0735, , 
 ,58180,2012015509,6,67,67301,2012,1,6,1228,12,1,1,0,8,1, , ,N,2,3,0,3,0,1,2,2,N,N,39 57:09.230,75 09:23.425,1233, ,1230,1,2,3,N, ,3,Y, , , , ,669463, , , ,1,0,0,0,1,0,0,0,0,0,0,0,1,1,0,0,0,0,0,0,1,0,0,0,0,0,0,0,0,0,0,0,1,0,0,8,0,39.9526,-75.1565, , 
 ,58181,2012047118,6,67,67301,2012,4,6,741,7,1,1,0,8,1, , ,N,2,2,0,3,0,1,2,2,N,N,39 57:19.007,75 11:13.487,745, ,742, ,0, ,N, ,3, , , , , ,669490, , , ,1,1,0,0,0,0,0,0,0,0,0,0,1,1,0,0,0,0,0,0,0,0,0,0,0,0,0,0,0,0,0,0,1,0,0,8,0,39.9553,-75.1871, , 
 ,58182,2012049846,6,67,67301,2012,4,6,1915,19,4,1,0,8,1, , ,N,0,0,0,3,0,1,2,2,N,N,39 57:00.694,75 14:13.124,2050, ,2044, ,0, ,N, ,0, , , , , ,669492, , , ,1,0,0,0,0,0,1,0,0,0,0,1,1,0,0,0,0,0,0,0,0,0,0,0,0,0,0,0,0,0,0,0,1,0,0,4,0,39.9502,-75.237, , 
 ,58183,2012000112,6,46,46102,2012,1,1,250,2,3,1,0,1,1, , ,N,2,2,0,3,0,3,4,2,N,N,40 03:48.034,75 08:21.451,257, ,254, ,0, ,N, ,3, , , , , ,669502, , , ,2,1,0,0,0,0,0,1,0,0,0,3,3,0,0,0,0,0,0,0,0,0,0,0,0,0,0,0,0,0,0,0,0,0,0,4,0,40.0633,-75.1393, , 
 ,58184,2012055941,6,67,67301,2012,5,2,1855,18,1,1,0,4,1, , ,N,0,0,0,3,0,1,6,2,N,N,40 02:15.470,75 00:42.202,1856, ,1856, ,0, ,N, ,0, , , , , ,669562, , , ,2,2,0,0,0,0,0,0,0,0,0,1,1,0,0,0,0,0,0,0,0,0,0,0,0,0,0,0,0,0,0,0,0,0,0,4,0,40.0376,-75.0118, , 
 ,58185,2012095484,6,67,67301,2012,8,6,9999,99,1,1,0,1,1, , ,N,0,0,0,3,0,1,5,2,N, ,39 59:11.473,75 06:36.556,1635, ,1634, ,0, , , ,0, , , , , ,669588, , , ,2,2,0,0,0,0,0,0,0,0,0,0,1,1,1,0,0,0,0,0,0,0,0,0,0,0,0,0,0,0,0,0,0,0,0,8,0,39.9865,-75.1102, , 
 ,58186,2012098952,6,67,67301,2012,9,4,1435,14,1,1,0,4,1, , ,N,1,2,0,3,0,1,2,2,N,N,40 02:12.109,75 09:30.211,1650, ,1646, ,0, , , ,3, , , , , ,669592, , , ,2,2,0,0,0,0,0,0,0,0,0,1,1,0,0,0,0,0,0,0,0,0,0,0,0,0,0,0,0,0,0,0,0,0,0,4,0,40.0367,-75.1584, , 
 ,58187,2012099913,6,67,67301,2012,10,5,640,6,1,1,0,1,1, , ,N,0,0,0,3,0,4,5,5,N,N,40 00:19.932,75 04:31.512,704, ,649,3,1,2,Y, ,0,N, , , , ,669594, , , ,5,2,0,0,0,1,1,1,0,0,0,0,4,4,0,0,0,0,0,0,0,1,0,0,0,0,0,0,0,0,0,0,0,0,0,8,1,40.0056,-75.0754, , 
 ,58188,2012073899,6,67,67301,2012,7,2,1126,11,1,1,0,1,1, , ,N,0,0,0,3,0,0,2,2,N,N,39 55:21.428,75 08:51.978,1126, ,1126,2,1,2,N, ,0,N, , , , ,669608, , , ,2,1,0,0,1,0,0,0,0,0,0,0,0,0,0,0,0,0,0,0,0,0,0,0,0,0,0,0,0,0,0,0,0,0,0,0,1,39.9226,-75.1478, , 
 ,58189,2012074381,6,67,67301,2012,6,5,2200,22,3,1,0,4,2, , ,N,0,0,0,3,0,0,1,6,N,N,40 02:34.756,75 10:02.550,2223, ,2223, ,0, ,N, ,0, , , , , ,669610, , , ,6,5,0,0,0,0,1,0,0,0,0,0,0,0,0,0,0,0,0,0,0,0,0,0,0,0,0,0,0,0,0,0,0,0,0,0,0,40.043,-75.1674, , 
 ,58190,2012079002,6,67,67301,2012,7,1,250,2,3,1,0,7,3, , ,N,0,0,0,3,0,1,1,1,N,N,39 55:24.600,75 11:30.712,305, ,256,2,2,4,N, ,0,N, , , , ,669616, , , ,1,0,0,0,0,0,1,0,0,0,0,1,1,0,0,0,0,0,0,0,0,0,0,0,0,0,0,0,0,0,0,0,0,0,0,4,0,39.9235,-75.1919, , 
 ,58191,2012086470,6,67,67301,2012,8,3,1346,13,1,1,0,7,2, , ,N,0,0,0,3,0,0,1,1,N,N,39 58:10.266,75 07:35.161,1346, ,1346,2,2,1,N, ,0,N, , , , ,669627, , , ,1,1,0,0,0,0,0,0,0,0,0,0,0,0,0,0,0,0,0,0,0,0,0,0,0,0,0,0,0,0,0,0,0,0,0,0,0,39.9695,-75.1265, , 
 ,58192,2012026856,6,67,67301,2012,3,7,417,4,3,1,1,7,3, , ,N,0,0,0,3,0,1,1,1,N,N,40 00:20.028,75 04:30.541,421, ,417, ,0, ,N, ,0, , , , , ,666395, , , ,1,1,0,0,0,0,0,0,0,0,0,1,1,0,0,0,0,0,0,0,0,0,0,0,0,0,0,0,0,0,0,0,0,0,0,4,0,40.0055,-75.0753, , 
 ,58193,2012048199,6,67,67301,2012,4,5,140,1,3,1,0,7,5, , ,N,0,0,0,3,0,0,1,1,N,N,40 01:12.597,75 11:31.400,145, ,142, ,0, ,N, ,0, , , , , ,666413, , , ,1,0,0,0,0,0,1,0,0,0,0,0,0,0,0,0,0,0,0,0,0,0,0,0,0,0,0,0,0,0,0,0,0,0,0,0,0,40.0202,-75.1921, , 
 ,58194,2012020404,6,67,67301,2012,1,3,808,8,1,1,0,4,1, , ,N,2,3,0,3,0,1,3,3,N,N,40 07:30.036,75 01:03.799,818, ,810, ,0, ,N, ,3, , , , , ,666430, , , ,3,3,0,0,0,0,0,0,0,0,0,1,1,0,0,0,0,0,0,0,1,0,0,0,0,0,0,0,0,0,0,0,0,0,0,4,0,40.125,-75.0177, , 
 ,58195,2012032646,6,67,67301,2012,2,2,1310,13,1,1,0,4,1, , ,N,1,3,0,3,0,1,6,2,N,N,40 03:22.662,75 09:03.855,1310, ,1310, ,0, ,N, ,2, , , , , ,666437, , , ,2,2,0,0,0,0,0,0,0,0,0,1,1,0,0,0,0,0,0,0,1,0,0,1,0,0,0,0,0,0,0,0,0,0,0,4,0,40.0563,-75.1511, , 
 ,58196,2012049692,6,67,67301,2012,4,3,1610,16,1,1,0,4,1, , ,N,2,2,7,3,0,0,2,2,N, ,40 00:14.371,75 12:51.803,1616, ,1615,2,1,3, , ,3,N, , , , ,666449, , , ,2,1,0,0,0,0,1,0,0,0,0,0,0,0,0,0,0,0,0,0,0,0,0,0,0,0,0,0,0,0,0,0,0,0,0,0,0,40.004,-75.2144, , 
 ,58197,2012056611,6,67,67301,2012,5,3,920,9,1,1,0,7,5, , ,N,0,0,0,3,0,4,5,1,N,N,39 55:40.544,75 08:45.532,1922, ,1920, ,0, ,N, ,0, , , , , ,666455, , , ,1,0,0,0,1,0,0,0,0,0,1,3,4,0,0,0,0,0,0,1,0,0,0,0,0,0,0,0,0,0,0,0,0,0,0,3,0,39.9279,-75.146, , 