wz_ln_closure,objectid_1,crn,district,county,municipality,crash_year,crash_month,day_of_week,time_of_day,hour_of_day,illumination,weather,road_condition,collision_type,relation_to_road,work_zone_type,work_zone_loc,work_zone_ind,intersect_type,tcd_type,location_type,urban_rural,fatal_count,injury_count,person_count,total_units,sch_bus_ind,sch_zone_ind,latitude,longitude,arrival_tm,cons_zone_spd_lim,dispatch_tm,est_hrs_closed,lane_closed,ln_close_dir,ntfy_hiwy_maint,spec_juris_cd,tcd_func_cd,tfc_detour_ind,workers_pres,wz_close_detour,wz_flagger,wz_law_offcr_ind,objectid,wz_moving,wz_other,wz_shlder_mdn,vehicle_count,automobile_count,motorcycle_count,bus_count,small_truck_count,heavy_truck_count,suv_count,van_count,bicycle_count,maj_inj_count,mod_inj_count,min_inj_count,tot_inj_count,unk_inj_deg_count,unk_inj_per_count,driver_count_16yr,driver_count_17yr,driver_count_18yr,driver_count_19yr,driver_count_20yr,driver_count_50_64yr,driver_count_65_74yr,driver_count_75plus,unbelted_occ_count,unb_death_count,unb_maj_inj_count,belted_death_count,belted_maj_inj_count,mcycle_death_count,mcycle_maj_inj_count,bicycle_death_count,bicycle_maj_inj_count,ped_count,ped_death_count,ped_maj_inj_count,max_severity_level,comm_veh_count,dec_lat,dec_long,rdwy_surf_type_cd,county_name
 ,58198,2012063913,6,67,67301,2012,3,4,2130,21,3,1,0,4,1, , ,N,1,2,0,3,0,2,3,2,N,N,39 57:09.282,75 08:54.470,2157, ,2156, ,0, ,N, ,3, , , , , ,666463, , , ,2,1,0,0,0,0,1,0,0,0,1,0,2,1,1,0,0,0,0,0,1,0,0,0,0,0,0,0,0,0,0,0,0,0,0,3,0,39.9526,-75.1485, , 
 ,58199,2012012559,6,67,67301,2012,1,2,1603,16,1,1,0,4,1, , ,N,1,3,0,3,0,0,3,2,N,N,40 05:11.788,75 01:41.969,1611, ,1610, ,0, ,N, ,1, , , , , ,666471, , , ,2,1,0,0,0,0,1,0,0,0,0,0,0,0,0,0,0,0,0,0,0,0,0,0,0,0,0,0,0,0,0,0,0,0,0,0,0,40.0866,-75.0283, , 
 ,58200,2012020566,6,67,67301,2012,2,6,1300,13,1,1,0,2,1, , ,N,1,2,0,3,0,1,2,2,N,N,39 59:43.691,75 10:44.096,1311, ,1300, ,0, ,N, ,1, , , , , ,666480, , , ,2,0,0,0,1,0,1,0,0,0,0,1,1,0,0,0,0,0,0,0,1,0,0,0,0,0,0,0,0,0,0,0,0,0,0,4,0,39.9955,-75.1789, , 
 ,58201,2012032645,6,67,67301,2012,2,5,2345,23,3,1,0,8,1, , ,N,1,2,0,3,0,1,2,2,N,N,39 57:18.608,75 11:54.435,35, ,30, ,0, ,N, ,3, , , , , ,666487, , , ,1,0,0,0,0,0,0,0,0,0,0,0,1,1,0,0,0,0,0,0,0,0,0,0,0,0,0,0,0,0,0,0,1,0,0,8,0,39.9552,-75.1983, , 
 ,58202,2012049681,6,67,67301,2012,4,3,1230,12,1,1,0,8,5, , ,N,0,0,0,3,0,1,2,2,N,N,40 02:41.405,75 07:20.286,1233, ,1231, ,0, ,N, ,0, , , , , ,666501, , , ,1,1,0,0,0,0,0,0,0,0,0,0,1,1,1,0,0,0,0,0,0,0,0,0,0,0,0,0,0,0,0,0,1,0,0,8,0,40.0448,-75.1223, , 
 ,58203,2012056719,6,67,67301,2012,5,4,900,9,1,2,1,1,1, , ,N,1,2,0,3,0,1,3,2,N,N,40 02:08.080,75 07:25.889,910, ,901, ,0, ,N, ,3, , , , , ,666508, , , ,2,2,0,0,0,0,0,0,0,0,0,0,1,1,0,0,0,0,0,0,0,0,0,0,0,0,0,0,0,0,0,0,0,0,0,8,0,40.0356,-75.1239, , 
 ,58204,2012001349,6,46,46102,2012,1,4,855,8,1,1,0,1,1, , ,N,2,0,0,3,0,1,5,3,N, ,40 03:31.759,75 07:53.913,858, ,855, ,0, , , ,0, , , , , ,666515, , , ,3,2,0,0,1,0,0,0,0,0,0,0,1,1,0,0,0,0,0,0,1,0,0,0,0,0,0,0,0,0,0,0,0,0,0,8,0,40.0587,-75.1317, , 
 ,58205,2012033967,6,67,67301,2012,3,7,234,2,3,2,1,7,2, , ,N,0,0,0,3,0,1,1,1,N,N,39 57:25.295,75 10:49.517,246, ,240,1,2,3,N, ,0,Y, , , , ,666545, , , ,1,1,0,0,0,0,0,0,0,0,0,1,1,0,0,0,0,1,0,0,0,0,0,0,0,0,0,0,0,0,0,0,0,0,0,4,0,39.957,-75.1804, , 
 ,58206,2012036940,6,67,67301,2012,2,3,9999,99,1,1,0,4,1, , ,N,0,0,0,3,0,0,2,2,N,Y,40 02:17.021,75 13:21.658,1453, ,1448,1,2,5,N, ,0,Y, , , , ,666548, , , ,2,1,0,0,0,1,0,0,0,0,0,0,0,0,0,0,0,0,0,0,0,0,0,0,0,0,0,0,0,0,0,0,0,0,0,0,1,40.038,-75.2226, , 
 ,58207,2012048167,6,67,67301,2012,4,2,2356,23,3,1,0,4,1, , ,N,0,0,0,3,0,3,4,4,N, ,40 00:56.835,75 10:34.910,10, ,2356,2,2,2, , ,0,Y, , , , ,666553, , , ,4,2,1,0,0,0,1,0,0,0,1,0,3,2,0,0,0,0,0,0,0,0,0,0,0,0,0,0,0,0,0,0,0,0,0,3,0,40.0158,-75.1764, , 
 ,58208,2012051924,6,67,67301,2012,4,6,2115,21,3,1,0,4,1, , ,N,2,3,0,3,0,2,2,2,N,N,40 02:05.485,75 07:26.165,2134, ,2125, ,0, ,N, ,3, , , , , ,666561, , , ,2,2,0,0,0,0,0,0,0,0,0,0,2,2,0,0,0,0,0,0,0,0,0,0,0,0,0,0,0,0,0,0,0,0,0,8,0,40.0349,-75.1239, , 
 ,58209,2012032677,6,67,67301,2012,2,6,1320,13,1,1,0,1,1, , ,N,3,2,0,3,0,0,3,3,N, ,39 53:40.395,75 13:46.507,1329, ,1327, ,0, , , ,3, , , , , ,666583, , , ,3,2,0,0,0,0,0,1,0,0,0,0,0,0,0,0,0,0,0,0,1,0,0,0,0,0,0,0,0,0,0,0,0,0,0,0,0,39.8946,-75.2296, , 
 ,58210,2012037409,6,67,67301,2012,2,4,1405,14,1,2,1,4,1, , ,N,0,0,7,3,0,3,3,4,N,N,40 04:23.847,75 03:02.502,1412, ,1410,1,2,1,N, ,0,Y, , , , ,659454, , , ,4,3,0,0,0,0,1,0,0,0,0,3,3,0,0,0,0,0,0,1,0,0,0,0,0,0,0,0,0,0,0,0,0,0,0,4,0,40.0733,-75.0507, , 
 ,58211,2012037417,6,67,67301,2012,3,6,9999,99,1,1,0,4,1, , ,N,1,2,0,3,0,2,4,3,N,N,40 05:18.096,75 02:38.680,1137, ,1136, ,0, , , ,3, , , , , ,659455, , , ,3,3,0,0,0,0,0,0,0,0,1,0,2,1,0,0,0,0,1,0,0,0,2,0,0,0,0,0,0,0,0,0,0,0,0,3,0,40.0884,-75.044, , 
U,58212,2012041586,6,67,67301,2012,3,5,1535,15,1,1,0,1,1,8,8,Y,0,0,3,3,0,1,4,3,N,N,39 53:52.131,75 12:41.863,1543,99,1535,1,2,4,N, ,0,N,U,U,U,U,659462,U,U,U,3,1,0,0,1,0,1,0,0,0,0,0,1,1,0,0,0,0,0,0,1,0,0,0,0,0,0,0,0,0,0,0,0,0,0,8,0,39.8978,-75.2116, , 
 ,58213,2012048211,6,67,67301,2012,4,7,255,2,3,1,0,4,1, , ,N,0,0,0,3,0,0,2,2,N,N,39 55:50.828,75 11:56.325,315, ,309, ,0, , , ,0, , , , , ,659465, , , ,2,1,0,0,1,0,0,0,0,0,0,0,0,0,0,0,0,0,0,0,0,0,0,0,0,0,0,0,0,0,0,0,0,0,0,0,0,39.9308,-75.199, , 
 ,58214,2012049715,6,67,67301,2012,4,2,1020,10,1,1,0,1,1, , ,N,0,0,7,3,0,1,3,3,N,N,40 01:37.761,75 05:49.051,1027, ,1025,1,1,1,N, ,0,N, , , , ,659466, , , ,3,2,0,0,0,0,0,1,0,0,0,0,1,1,0,0,0,0,0,0,2,0,0,0,0,0,0,0,0,0,0,0,0,0,0,8,0,40.0272,-75.097, , 
 ,58215,2012049733,6,67,67301,2012,3,7,1000,10,1,2,1,1,1, , ,N,2,2,0,3,0,0,6,3,N,N,40 05:06.189,75 13:43.890,1025, ,1019,2,2,2,N, ,3,N, , , , ,659467, , , ,3,3,0,0,0,0,0,0,0,0,0,0,0,0,1,0,0,0,0,0,0,0,0,0,0,0,0,0,0,0,0,0,0,0,0,9,0,40.0851,-75.2289, , 
 ,58216,2012015030,6,67,67301,2012,2,3,841,8,1,1,0,1,1, , ,N,0,0,0,3,0,0,2,2,N,N,39 59:54.539,75 11:44.851,854, ,845, ,0, ,N, ,0, , , , , ,659491, , , ,2,1,0,0,0,0,1,0,0,0,0,0,0,0,0,0,0,0,0,0,0,0,0,0,0,0,0,0,0,0,0,0,0,0,0,0,0,39.9985,-75.1958, , 
 ,58217,2012015384,6,67,67301,2012,1,2,1851,18,3,1,0,2,1, , ,N,1,2,0,3,0,1,2,2,N,N,40 02:33.169,75 07:44.993,1854, ,1852,1,1,1,N, ,3,Y, , , , ,659492, , , ,2,2,0,0,0,0,0,0,0,0,0,0,1,1,1,0,0,0,0,0,1,0,0,0,0,0,0,0,0,0,0,0,0,0,0,8,0,40.0425,-75.1292, , 
 ,58218,2012027090,6,67,67301,2012,2,1,349,3,3,1,0,5,7, , ,N,7,0,2,3,0,0,3,2,N,N,39 55:47.585,75 11:53.168,417, ,401, ,0, ,Y, ,0, , , , , ,659503, , , ,2,2,0,0,0,0,0,0,0,0,0,0,0,0,0,0,0,0,0,0,0,0,0,0,0,0,0,0,0,0,0,0,0,0,0,0,0,39.9299,-75.1981, , 
 ,58219,2012028134,6,67,67301,2012,2,6,15,0,3,1,0,7,4, , ,N,0,0,1,3,0,1,1,1,N,N,40 01:12.857,75 09:07.689,25, ,18,2,1,2,N, ,0,N, , , , ,659507, , , ,1,1,0,0,0,0,0,0,0,0,1,0,1,0,0,0,0,0,0,1,0,0,0,0,0,0,0,0,0,0,0,0,0,0,0,3,0,40.0202,-75.152, , 
 ,58220,2012037386,6,67,67301,2012,2,7,9999,99,3,1,0,1,2, , ,N,1,0,0,3,0,0,2,3,N,N,39 57:16.106,75 09:21.866,1943, ,1925, ,0, ,N, ,0, , , , , ,659513, , , ,3,1,0,0,0,0,2,0,0,0,0,0,0,0,0,0,0,0,0,0,0,0,0,0,0,0,0,0,0,0,0,0,0,0,0,0,0,39.9545,-75.1561, , 
 ,58221,2012049741,6,67,67301,2012,4,6,2325,23,3,1,0,1,1, , ,N,2,2,0,3,0,0,3,3,N,N,40 01:45.719,75 06:22.862,2335, ,2329, ,0, ,N, ,3, , , , , ,659523, , , ,3,0,0,0,0,0,2,0,0,0,0,0,0,0,0,0,0,0,0,0,2,0,0,0,0,0,0,0,0,0,0,0,0,0,0,0,0,40.0294,-75.1063, , 
 ,58222,2012052200,6,67,67301,2012,4,5,1517,15,1,1,0,9,1, , ,N,0,0,0,3,0,0,1,1,N,N,40 00:49.466,75 03:25.275,1614, ,1609, ,0, ,N, ,0, , , , , ,659524, , , ,1,1,0,0,0,0,0,0,0,0,0,0,0,0,0,0,0,0,0,0,0,0,0,0,0,0,0,0,0,0,0,0,0,0,0,0,0,40.0138,-75.057, , 
 ,58223,2012026173,6,67,67301,2012,2,4,1035,10,1,1,0,8,1, , ,N,1,2,0,3,0,1,4,2,N,N,40 01:47.658,75 08:45.592,1053, ,1045, ,0, ,N, ,3, , , , , ,659538, , , ,1,1,0,0,0,0,0,0,0,0,0,1,1,0,0,0,0,0,0,0,1,0,0,0,0,0,0,0,0,0,0,0,1,0,0,4,0,40.0299,-75.146, , 
 ,58224,2012026248,6,67,67301,2012,1,4,754,7,1,1,0,1,1, , ,N,0,2,0,3,0,1,2,2,N,N,39 58:44.514,75 09:28.264,755, ,9999, ,0, ,N, ,3, , , , , ,659539, , , ,2,2,0,0,0,0,0,0,0,0,0,0,1,1,0,0,0,0,0,0,0,0,0,1,0,0,0,0,0,0,0,0,0,0,0,8,0,39.979,-75.1579, , 
 ,58225,2012060840,6,67,67301,2012,5,7,1930,19,1,1,0,1,1, , ,N,1,2,0,3,0,0,2,2,N, ,40 00:53.164,75 05:07.676,2000, ,1920, ,0, , , ,3, , , , , ,659565, , , ,2,0,0,0,1,0,0,0,0,0,0,0,0,0,0,0,0,0,0,0,1,0,0,0,0,0,0,0,0,0,0,0,0,0,0,0,0,40.0148,-75.0855, , 
 ,58226,2012026111,6,67,67301,2012,2,7,1145,11,1,1,1,1,1, , ,N,0,0,0,3,0,1,2,2,N,N,40 01:49.917,75 02:03.765,1148, ,1145, ,0, ,N, ,0, , , , , ,659596, , , ,2,1,0,0,0,0,0,1,0,0,0,1,1,0,0,0,0,0,0,0,0,0,0,1,0,0,0,0,0,0,0,0,0,0,0,4,0,40.0305,-75.0344, , 
 ,58227,2012034760,6,67,67301,2012,3,5,29,0,3,1,0,4,1, , ,N,1,0,0,3,0,1,2,3,N, ,40 04:14.487,75 09:43.335,29, ,29, ,0, , , ,0, , , , , ,659605, , , ,3,3,0,0,0,0,0,0,0,0,0,0,1,1,0,0,0,0,1,0,0,0,0,0,0,0,0,0,0,0,0,0,0,0,0,8,0,40.0707,-75.162, , 
 ,58228,2012041480,6,67,67301,2012,3,3,745,7,3,1,0,4,1, , ,N,1,2,0,3,0,1,2,3,N, ,39 57:16.495,75 12:57.142,751, ,749, ,0, , , ,3, , , , , ,659608, , , ,2,2,0,0,0,0,0,0,1,0,0,1,1,0,0,0,0,0,0,0,0,0,0,0,0,0,0,0,0,0,0,0,0,0,0,4,0,39.9546,-75.2159, , 
 ,58229,2012041720,6,67,67301,2012,4,2,258,2,3,2,1,4,1, , ,N,1,3,0,3,0,0,2,2,N,N,39 56:34.738,75 10:02.560,305, ,259, ,0, ,N, ,3, , , , , ,662744, , , ,2,2,0,0,0,0,0,0,0,0,0,0,0,0,1,0,0,0,0,0,0,0,0,0,0,0,0,0,0,0,0,0,0,0,0,9,0,39.943,-75.1674, , 
 ,58230,2012041729,6,67,67301,2012,3,1,1225,12,1,1,0,1,1, , ,N,1,2,0,3,0,2,2,2,N,N,40 03:24.250,75 02:48.711,1240, ,1233,1,1,2,N, ,3,N, , , , ,662745, , , ,2,2,0,0,0,0,0,0,0,0,0,2,2,0,0,0,0,0,0,0,1,0,0,0,0,0,0,0,0,0,0,0,0,0,0,4,0,40.0567,-75.0469, , 
 ,58231,2012048054,6,67,67301,2012,4,1,245,2,3,8,1,7,2, , ,N,2,2,7,3,0,0,1,1,N,N,40 03:27.887,75 02:29.677,251, ,251, ,0, ,N, ,3, , , , , ,662752, , , ,1,0,0,0,1,0,0,0,0,0,0,0,0,0,0,0,0,0,0,0,0,0,0,0,0,0,0,0,0,0,0,0,0,0,0,0,0,40.058,-75.0417, , 
 ,58232,2012007361,6,67,67301,2012,1,4,702,7,1,1,0,1,1, , ,N,0,0,0,3,0,1,2,2,N,N,39 56:21.228,75 11:48.261,714, ,702,1,1,4,N, ,0,N, , , , ,662764, , , ,2,1,0,0,0,0,0,1,0,0,0,1,1,0,0,0,0,0,0,0,0,0,0,0,0,0,0,0,0,0,0,0,0,0,0,4,0,39.9384,-75.1976, , 
 ,58233,2012015479,6,67,67301,2012,1,3,1930,19,1,1,0,8,6, , ,N,0,0,0,3,0,1,2,2,N,N,39 54:58.186,75 09:32.673,2058, ,1930, ,0, ,N, ,0, , , , , ,662821, , , ,1,0,0,0,0,0,1,0,0,0,0,1,1,0,1,0,0,0,0,0,0,0,0,0,0,0,0,0,0,0,0,0,1,0,0,4,0,39.9162,-75.1591, , 
 ,58234,2012026112,6,67,67301,2012,1,5,1724,17,3,1,0,1,1, , ,N,2,2,0,3,0,2,2,2,N,N,39 54:09.142,75 13:29.144,1732, ,1726,1,1,4,N, ,3,N, , , , ,662829, , , ,2,2,0,0,0,0,0,0,0,0,0,0,2,2,0,0,0,0,0,0,0,0,0,0,0,0,0,0,0,0,0,0,0,0,0,8,0,39.9025,-75.2248, , 
 ,58235,2012037000,6,67,67301,2012,2,3,807,8,1,1,0,5,1, , ,N,1,2,0,3,0,1,2,2,N,N,39 56:17.761,75 10:12.111,808, ,808, ,0, ,N, ,3, , , , , ,662841, , , ,2,1,1,0,0,0,0,0,0,0,0,1,1,0,0,0,0,0,0,0,0,0,0,0,0,0,0,0,0,0,0,0,0,0,0,4,0,39.9383,-75.17, , 
 ,58236,2012051959,6,67,67301,2012,4,2,645,6,1,2,1,7,5, , ,N,0,0,0,3,0,0,1,1,N,N,40 02:34.520,75 11:36.644,715, ,705, ,0, ,N, ,0, , , , , ,662850, , , ,1,1,0,0,0,0,0,0,0,0,0,0,0,0,0,0,0,0,0,0,0,0,0,0,0,0,0,0,0,0,0,0,0,0,0,0,0,40.0429,-75.1935, , 
 ,58237,2012017917,6,67,67301,2012,1,5,1056,10,1,1,0,4,1, , ,N,1,2,0,3,0,2,2,2,N,N,39 55:47.265,75 09:47.181,1101, ,1059, ,0, , , ,3, , , , , ,662865, , , ,2,2,0,0,0,0,0,0,0,0,0,2,2,0,0,0,0,0,0,0,0,0,0,0,0,0,0,0,0,0,0,0,0,0,0,4,0,39.9298,-75.1631, , 
 ,58238,2012028130,6,67,67301,2012,2,2,1529,15,1,1,0,4,1, , ,N,1,0,0,3,0,2,3,2,N,N,39 55:16.534,75 11:37.851,1536, ,1534, ,0, ,N, ,0, , , , , ,662871, , , ,2,2,0,0,0,0,0,0,0,0,0,1,2,1,0,0,0,0,0,0,0,0,0,0,0,0,0,0,0,0,0,0,0,0,0,4,0,39.9211,-75.1938, , 
 ,58239,2012036871,6,67,67301,2012,2,4,1637,16,1,2,1,4,1, , ,N,1,2,0,3,0,1,3,2,N,N,39 57:31.834,75 12:22.607,1644, ,1642, ,0, ,N, ,3, , , , , ,662876, , , ,2,2,0,0,0,0,0,0,0,0,0,0,1,1,1,0,0,0,0,0,1,0,0,0,0,0,0,0,0,0,0,0,0,0,0,8,0,39.9588,-75.2063, , 
 ,58240,2012066421,6,67,67301,2012,5,6,2350,23,3,1,0,1,1, , ,N,1,2,0,3,0,1,3,3,N,N,39 54:28.874,75 10:23.661,39, ,24, ,0, ,N, ,3, , , , , ,662898, , , ,3,3,0,0,0,0,0,0,0,0,0,0,1,1,2,0,0,0,0,2,0,0,0,0,0,0,0,0,0,0,0,0,0,0,0,8,0,39.908,-75.1732, , 
 ,58241,2012066663,6,67,67301,2012,6,7,745,7,1,1,0,4,1, , ,N,1,0,0,3,0,1,2,2,N,N,39 58:30.893,75 10:05.720,750, ,748, ,0, , , ,0, , , , , ,662899, , , ,1,1,0,0,0,0,0,0,1,0,0,0,1,1,0,0,0,0,0,0,0,0,0,1,0,0,0,0,0,0,0,0,0,0,0,8,0,39.9752,-75.1683, , 
 ,58242,2012017943,6,67,67301,2012,1,3,1630,16,3,1,1,4,1, , ,N,1,2,0,3,0,0,3,2,N, ,40 03:11.009,75 03:51.845,1642, ,1639,2,1,6, , ,3,Y, , , , ,662923, , , ,2,2,0,0,0,0,0,0,0,0,0,0,0,0,2,0,0,0,0,0,1,0,0,0,0,0,0,0,0,0,0,0,0,0,0,9,0,40.053,-75.0643, , 
 ,58243,2012020682,6,67,67301,2012,2,5,840,8,1,1,0,7,5, , ,N,0,0,0,3,0,1,1,1,N,N,39 53:04.770,75 14:38.828,854, ,842, ,0, ,N, ,0, , , , , ,662927, , , ,1,1,0,0,0,0,0,0,0,0,0,0,1,1,0,0,0,0,0,0,1,0,0,0,0,0,0,0,0,0,0,0,0,0,0,8,0,39.8847,-75.2441, , 
 ,58244,2012028491,6,67,67301,2012,2,6,1930,19,3,1,0,8,1, , ,N,1,3,0,3,0,1,2,2,N,N,40 03:28.378,75 10:52.291,1945, ,1935, ,0, ,N, ,9, , , , , ,662935, , , ,1,1,0,0,0,0,0,0,0,0,0,1,1,0,1,0,0,0,0,0,0,0,0,0,0,0,0,0,0,0,0,0,1,0,0,4,0,40.0579,-75.1812, , 
 ,58245,2012033620,6,67,67301,2012,3,6,1015,10,1,1,0,1,1, , ,N,0,0,0,3,0,0,2,2,N,N,39 57:51.386,75 11:04.779,1025, ,1018, ,0, ,N, ,0, , , , , ,662939, , , ,2,1,0,0,0,0,1,0,0,0,0,0,0,0,0,0,0,0,0,0,0,0,0,0,0,0,0,0,0,0,0,0,0,0,0,0,0,39.9643,-75.1847, , 
 ,58246,2012015182,6,67,67301,2012,1,3,2310,23,3,1,0,0,1, , ,N,0,0,0,3,0,0,2,2,N,N,39 58:59.025,75 12:29.202,2321, ,2318, ,0, ,N, ,0, , , , , ,662959, , , ,2,1,0,0,0,1,0,0,0,0,0,0,0,0,1,0,0,0,0,0,0,0,0,0,0,0,0,0,0,0,0,0,0,0,0,9,0,39.9831,-75.2081, , 
 ,58247,2012098241,6,67,67301,2012,8,4,9999,99,1,1,0,1,7, , ,N,1,2,0,3,0,1,2,2,N,N,40 03:39.280,75 09:50.864,1753, ,1749, ,0, ,N, ,3, , , , , ,669639, , , ,2,0,0,0,0,0,2,0,0,0,0,1,1,0,0,0,0,0,0,0,0,0,0,0,0,0,0,0,0,0,0,0,0,0,0,4,0,40.0609,-75.1641, , 
 ,58248,2012012661,6,67,67301,2012,1,3,1810,18,3,1,0,4,1, , ,N,1,0,0,3,0,1,2,2,N,N,39 57:35.042,75 11:42.755,1825, ,1815, ,0, ,N, ,0, , , , , ,669655, , , ,1,1,0,0,0,0,0,0,1,0,0,0,1,1,0,0,0,0,0,0,0,0,0,0,0,0,0,0,0,0,0,0,0,0,0,8,0,39.9597,-75.1952, , 
 ,58249,2012022615,6,67,67301,2012,1,5,1550,15,1,1,0,6,1, , ,N,1,3,0,3,0,0,2,2,N, ,39 56:43.479,75 09:50.266,1602, ,1557, ,0, , , ,3, , , , , ,669666, , , ,2,1,0,0,1,0,0,0,0,0,0,0,0,0,0,0,0,0,0,0,0,0,0,0,0,0,0,0,0,0,0,0,0,0,0,0,0,39.9454,-75.164, , 
 ,58250,2012013094,6,67,67301,2012,1,1,500,5,3,2,1,4,1, , ,N,2,2,0,3,0,1,2,2,N,N,40 04:41.204,75 01:25.042,9999, ,500, ,0, ,N, ,3, , , , , ,669701, , , ,2,1,0,0,0,0,1,0,0,0,0,1,1,0,0,0,0,0,0,0,1,0,0,0,0,0,0,0,0,0,0,0,0,0,0,4,0,40.078,-75.0237, , 
 ,58251,2012017817,6,67,67301,2012,1,1,24,0,3,4,3,7,4, , ,N,0,2,0,3,0,2,2,1,N,N,40 05:49.282,75 01:12.194,28, ,25,1,1,2,N, ,3,N, , , , ,669706, , , ,1,1,0,0,0,0,0,0,0,0,2,0,2,0,0,0,0,0,0,0,0,0,0,0,0,0,0,0,0,0,0,0,0,0,0,3,0,40.097,-75.0201, , 
 ,58252,2012020113,6,46,46102,2012,2,3,2308,23,3,1,0,4,1, , ,N,2,2,0,3,0,2,3,2,N,N,40 03:55.027,75 05:25.289,2311, ,2308, ,0, ,N, ,3, , , , , ,669710, , , ,2,0,0,0,0,0,2,0,0,0,0,2,2,0,0,0,0,0,0,0,0,0,0,0,0,0,0,0,0,0,0,0,0,0,0,4,0,40.0653,-75.0904, , 
 ,58253,2012047137,6,67,67301,2012,3,5,1816,18,1,1,0,8,2, , ,N,1,2,0,3,0,1,2,2,N,N,40 00:43.066,75 08:09.135,1822, ,1819, ,0, ,N, ,3, , , , , ,669727, , , ,1,0,1,0,0,0,0,0,0,0,1,0,1,0,0,0,0,0,0,0,0,0,0,0,0,0,0,0,0,0,0,0,1,0,0,3,0,40.012,-75.1359, , 
 ,58254,2012049706,6,67,67301,2012,4,2,1628,16,8,2,1,4,1, , ,N,1,3,0,3,0,1,2,2,N,N,39 58:59.466,75 06:54.921,1820, ,1815, ,0, ,N, ,3, , , , , ,669728, , , ,2,2,0,0,0,0,0,0,0,0,0,1,1,0,0,0,0,0,0,0,1,0,0,0,0,0,0,0,0,0,0,0,0,0,0,4,0,39.9832,-75.1153, , 
 ,58255,2012056845,6,67,67301,2012,6,2,1318,13,1,1,0,7,2, , ,N,0,0,0,3,0,1,1,1,N,N,39 54:15.190,75 09:00.505,1328, ,1319,1,1,1,N, ,0,N, , , , ,669736, , , ,1,1,0,0,0,0,0,0,0,0,0,1,1,0,0,0,0,1,0,0,0,0,0,0,0,0,0,0,0,0,0,0,0,0,0,4,0,39.9042,-75.1501, , 
 ,58256,2012027762,6,67,67301,2012,2,5,740,7,1,1,1,1,1, , ,N,1,2,0,3,0,1,2,2,N,N,39 54:14.619,75 14:25.049,759, ,756, ,0, ,N, ,3, , , , , ,669760, , , ,2,2,0,0,0,0,0,0,0,0,1,0,1,0,1,0,0,0,0,0,0,0,0,0,0,0,0,0,0,0,0,0,0,0,0,3,0,39.904,-75.2401, , 
 ,58257,2012049762,6,67,67301,2012,4,6,1230,12,1,1,0,4,1, , ,N,1,3,0,3,0,1,2,2,N,N,39 58:29.586,75 10:00.922,1255, ,1248, ,0, ,N, ,3, , , , , ,669773, , , ,2,1,0,0,0,0,1,0,0,0,0,1,1,0,0,0,0,0,0,0,0,0,0,0,0,0,0,0,0,0,0,0,0,0,0,4,0,39.9749,-75.1669, , 
 ,58258,2012020533,6,67,67301,2012,2,7,1618,16,1,1,0,1,1, , ,N,1,2,0,3,0,1,3,2,N,N,39 57:13.089,75 11:55.030,1643, ,1643, ,0, , , ,3, , , , , ,669802, , , ,2,2,0,0,0,0,0,0,0,0,0,0,1,1,0,0,0,0,0,0,1,0,0,0,0,0,0,0,0,0,0,0,0,0,0,8,0,39.9536,-75.1986, , 
 ,58259,2012032553,6,67,67301,2012,2,3,1546,15,1,1,0,4,1, , ,N,0,0,7,3,0,1,3,2,N, ,40 05:29.010,75 00:40.366,1551, ,1546, ,0, , , ,0, , , , , ,669816, , , ,2,2,0,0,0,0,0,0,0,0,0,1,1,0,0,0,0,0,0,0,2,0,0,0,0,0,0,0,0,0,0,0,0,0,0,4,0,40.0914,-75.0112, , 
 ,58260,2012036898,6,67,67301,2012,3,7,1215,12,1,1,0,8,5, , ,N,2,2,7,3,0,1,2,2,N, ,40 02:56.800,75 03:44.318,1229, ,1219,9,1,4, , ,3,N, , , , ,669821, , , ,1,1,0,0,0,0,0,0,0,0,0,1,1,0,0,0,0,0,0,0,1,0,0,0,0,0,0,0,0,0,0,0,1,0,0,4,0,40.0491,-75.0625, , 
 ,58261,2012048131,6,67,67301,2012,4,5,2012,20,3,1,0,1,1, , ,N,1,0,0,3,0,1,4,4,N, ,40 00:41.644,75 06:28.900,2018, ,2013,2,2,3, , ,0,Y, , , , ,669832, , , ,4,2,0,0,1,0,0,1,0,0,0,0,1,1,0,0,0,0,0,0,1,0,0,0,0,0,0,0,0,0,0,0,0,0,0,8,0,40.0116,-75.108, , 
 ,58262,2012036988,6,67,67301,2012,3,7,125,1,3,2,1,4,1, , ,N,1,2,0,3,0,2,3,2,N,N,39 57:13.359,75 09:27.283,126, ,125,1,1,1,N, ,3,Y, , , , ,669876, , , ,2,2,0,0,0,0,0,0,0,0,0,2,2,0,0,0,0,0,0,0,1,0,0,0,0,0,0,0,0,0,0,0,0,0,0,4,0,39.9537,-75.1579, , 
 ,58263,2012047818,6,67,67301,2012,2,6,1604,16,1,1,0,1,1, , ,N,0,0,0,3,0,0,4,3,N,N,40 00:12.842,75 11:42.795,1626, ,1605, ,0, ,N, ,0, , , , , ,669884, , , ,3,2,0,0,0,0,1,0,0,0,0,0,0,0,0,0,0,0,0,1,1,0,0,0,0,0,0,0,0,0,0,0,0,0,0,0,0,40.0036,-75.1952, , 
 ,58264,2012048341,6,67,67301,2012,4,7,220,2,3,1,0,2,1, , ,N,0,0,0,3,0,1,2,2,N,N,40 07:19.526,75 00:45.870,234, ,229,9,1,3, , ,0,N, , , , ,669886, , , ,2,1,0,0,1,0,0,0,0,0,0,0,1,1,1,0,0,0,0,0,1,0,0,0,0,0,0,0,0,0,0,0,0,0,0,8,0,40.1221,-75.0127, , 