wz_ln_closure,objectid_1,crn,district,county,municipality,crash_year,crash_month,day_of_week,time_of_day,hour_of_day,illumination,weather,road_condition,collision_type,relation_to_road,work_zone_type,work_zone_loc,work_zone_ind,intersect_type,tcd_type,location_type,urban_rural,fatal_count,injury_count,person_count,total_units,sch_bus_ind,sch_zone_ind,latitude,longitude,arrival_tm,cons_zone_spd_lim,dispatch_tm,est_hrs_closed,lane_closed,ln_close_dir,ntfy_hiwy_maint,spec_juris_cd,tcd_func_cd,tfc_detour_ind,workers_pres,wz_close_detour,wz_flagger,wz_law_offcr_ind,objectid,wz_moving,wz_other,wz_shlder_mdn,vehicle_count,automobile_count,motorcycle_count,bus_count,small_truck_count,heavy_truck_count,suv_count,van_count,bicycle_count,maj_inj_count,mod_inj_count,min_inj_count,tot_inj_count,unk_inj_deg_count,unk_inj_per_count,driver_count_16yr,driver_count_17yr,driver_count_18yr,driver_count_19yr,driver_count_20yr,driver_count_50_64yr,driver_count_65_74yr,driver_count_75plus,unbelted_occ_count,unb_death_count,unb_maj_inj_count,belted_death_count,belted_maj_inj_count,mcycle_death_count,mcycle_maj_inj_count,bicycle_death_count,bicycle_maj_inj_count,ped_count,ped_death_count,ped_maj_inj_count,max_severity_level,comm_veh_count,dec_lat,dec_long,rdwy_surf_type_cd,county_name
 ,58331,2012015850,6,67,67301,2012,1,7,1154,11,1,1,0,1,1, , ,N,0,0,0,3,0,1,4,4,N,N,40 02:57.723,75 03:05.658,1159, ,1154,2,2,4,N, ,0,Y, , , , ,642911, , , ,3,2,0,0,0,0,1,0,0,0,1,0,1,0,2,0,0,0,0,0,1,0,0,2,0,0,0,0,0,0,0,0,1,0,0,3,0,40.0494,-75.0516, , 
 ,58332,2012026146,6,67,67301,2012,2,2,1200,12,1,1,0,4,1, , ,N,3,2,0,3,0,4,4,2,N,N,39 58:05.264,75 09:43.558,1202, ,1201, ,0, ,N, ,3, , , , , ,642918, , , ,2,2,0,0,0,0,0,0,0,0,1,1,4,2,0,0,0,0,0,1,0,0,0,0,0,0,0,0,0,0,0,0,0,0,0,3,0,39.9681,-75.162, , 
 ,58333,2012032585,6,67,67301,2012,2,7,154,1,3,1,0,4,1, , ,N,1,2,0,3,0,0,2,3,N,N,40 00:53.863,75 04:05.604,154, ,154,1,1,6,Y, ,3,Y, , , , ,642922, , , ,3,2,0,0,0,0,1,0,0,0,0,0,0,0,0,0,0,0,0,0,0,0,0,0,0,0,0,0,0,0,0,0,0,0,0,0,0,40.015,-75.0681, , 
 ,58334,2012034750,6,67,67301,2012,3,5,1035,10,1,1,0,4,1, , ,N,5,2,2,3,0,0,3,2,N,N,39 57:25.688,75 09:03.847,1044, ,1040, ,0, ,N, ,3, , , , , ,642927, , , ,2,1,0,0,0,0,1,0,0,0,0,0,0,0,0,0,0,0,0,0,0,1,0,0,0,0,0,0,0,0,0,0,0,0,0,0,0,39.9571,-75.1511, , 
 ,58335,2012036893,6,67,67301,2012,3,3,851,8,1,1,0,1,1, , ,N,0,0,0,3,0,2,4,3,N,N,40 00:20.077,75 06:13.264,901, ,900, ,0, , , ,0, , , , , ,642929, , , ,3,0,0,0,1,1,1,0,0,0,0,2,2,0,0,0,0,0,0,0,1,0,0,0,0,0,0,0,0,0,0,0,0,0,0,4,1,40.0056,-75.1038, , 
 ,58336,2012041474,6,67,67301,2012,3,5,851,8,1,1,0,4,1, , ,N,2,0,0,3,0,3,4,2,N,N,39 59:05.463,75 14:12.638,900, ,855, ,0, ,N, ,0, , , , , ,642935, , , ,2,1,0,0,0,0,0,1,0,0,0,0,3,3,0,0,0,0,0,1,0,0,0,0,0,0,0,0,0,0,0,0,0,0,0,8,0,39.9849,-75.2368, , 
 ,58337,2012042588,6,67,67301,2012,3,3,2120,21,3,1,0,8,1, , ,N,1,3,0,3,0,1,2,2,N,N,39 55:49.040,75 10:35.731,2146, ,2126, ,0, ,N, ,3, , , , , ,642937, , , ,1,0,0,0,0,0,0,0,0,0,1,0,1,0,0,0,0,0,0,0,0,0,0,0,0,0,0,0,0,0,0,0,1,0,0,3,0,39.9303,-75.1766, , 
 ,58338,2012060796,6,67,67301,2012,5,3,23,0,3,2,1,8,1, , ,N,1,2,0,3,0,1,2,2,N, ,40 05:45.431,74 58:36.412,9999, ,9999, ,0, , , ,3, , , , , ,646122, , , ,1,1,0,0,0,0,0,0,0,0,0,1,1,0,0,0,0,0,0,1,0,0,0,0,0,0,0,0,0,0,0,0,1,0,0,4,0,40.096,-74.9768, , 
 ,58339,2012074610,6,46,46102,2012,7,7,936,9,1,1,0,1,1, , ,N,2,0,0,3,0,4,6,4,N,N,40 03:31.759,75 07:53.913,940, ,936, ,0, ,N, ,0, , , , , ,646129, , , ,4,3,0,0,0,0,1,0,0,0,0,4,4,0,0,0,0,0,0,0,0,2,0,2,0,0,0,0,0,0,0,0,0,0,0,4,0,40.0587,-75.1317, , 
 ,58340,2012013103,6,67,67301,2012,1,2,825,8,1,1,0,4,1, , ,N,2,3,0,3,0,0,3,2,N,N,40 07:07.266,74 59:36.808,838, ,833, ,0, ,N, ,3, , , , , ,646142, , , ,2,2,0,0,0,0,0,0,0,0,0,0,0,0,0,0,0,0,0,0,0,0,0,0,0,0,0,0,0,0,0,0,0,0,0,0,0,40.1187,-74.9936, , 
 ,58341,2012033052,6,67,67301,2012,2,1,1519,15,1,1,0,1,1, , ,N,0,0,0,3,0,1,7,3,N,N,40 06:02.204,75 00:30.065,1522, ,1521, ,0, ,N, ,0, , , , , ,646155, , , ,3,2,0,0,0,0,1,0,0,0,0,0,1,1,0,0,0,0,0,0,0,0,0,0,0,0,0,0,0,0,0,0,0,0,0,8,0,40.1006,-75.0084, , 
 ,58342,2012040800,6,67,67301,2012,4,1,1622,16,1,1,0,1,1, , ,N,0,0,0,3,0,0,2,2,N,N,39 56:05.778,75 11:59.324,1632, ,1624,1,1,4,N, ,0,N, , , , ,646167, , , ,2,2,0,0,0,0,0,0,0,0,0,0,0,0,0,0,0,0,0,0,0,0,0,0,0,0,0,0,0,0,0,0,0,0,0,0,0,39.9349,-75.1998, , 
 ,58343,2012013101,6,67,67301,2012,1,3,1233,12,1,1,0,8,1, , ,N,0,0,0,3,0,1,2,2,N,N,39 59:00.740,75 10:12.750,1239, ,1239, ,0, ,N, ,0, , , , , ,646185, , , ,1,1,0,0,0,0,0,0,0,0,0,1,1,0,0,0,0,0,0,0,0,1,0,0,0,0,0,0,0,0,0,0,1,0,0,4,0,39.9835,-75.1702, , 
 ,58344,2012020513,6,67,67301,2012,1,7,1328,13,1,1,0,4,1, , ,N,1,3,0,3,0,4,5,4,N,N,40 01:22.525,75 09:47.379,1535, ,1533, ,0, , , ,3, , , , , ,646194, , , ,4,3,0,0,0,1,0,0,0,0,0,4,4,0,1,0,0,0,0,0,1,0,0,1,0,0,0,0,0,0,0,0,0,0,0,4,1,40.0229,-75.1632, , 
 ,58345,2012036754,6,67,67301,2012,2,4,1929,19,3,2,1,1,1, , ,N,1,2,0,3,0,1,2,2,N,N,39 57:44.928,75 12:58.376,1935, ,1932, ,0, ,N, ,3, , , , , ,646205, , , ,2,2,0,0,0,0,0,0,0,0,0,1,1,0,0,0,0,0,0,0,0,0,0,0,0,0,0,0,0,0,0,0,0,0,0,4,0,39.9624,-75.2158, , 
 ,58346,2012036823,6,67,67301,2012,3,7,25,0,3,2,1,5,1, , ,N,1,2,0,3,0,1,3,2,N,N,39 58:00.026,75 09:37.778,40, ,36,2,2,1,N, ,3,N, , , , ,646206, , , ,2,2,0,0,0,0,0,0,0,0,0,0,1,1,1,0,0,0,0,0,0,0,0,0,0,0,0,0,0,0,0,0,0,0,0,8,0,39.9666,-75.1604, , 
 ,58347,2012048105,6,67,67301,2012,4,1,1220,12,1,2,1,7,5, , ,N,0,0,0,3,0,1,1,1,N,N,40 05:18.143,75 03:01.255,1224, ,1222, ,0, ,N, ,0, , , , , ,646215, , , ,1,0,0,0,0,0,1,0,0,0,0,0,1,1,0,0,0,0,0,0,0,0,0,0,0,0,0,0,0,0,0,0,0,0,0,8,0,40.0884,-75.0503, , 
 ,58348,2012048214,6,67,67301,2012,3,2,815,8,1,1,0,8,1, , ,N,1,2,0,3,0,1,3,2,N,N,40 02:44.514,75 01:53.568,825, ,820, ,0, ,N, ,3, , , , , ,646216, , , ,1,0,0,0,0,0,0,1,0,0,0,0,1,1,0,0,0,0,0,0,0,0,0,0,0,0,0,0,0,0,0,0,1,0,0,8,0,40.0457,-75.0315, , 
 ,58349,2012041655,6,67,67301,2012,3,5,720,7,5,5,1,4,2, , ,N,0,0,0,3,0,1,1,2,N,N,40 03:49.597,75 03:33.439,803, ,803,1,1,4,N, ,0,N, , , , ,646253, , , ,2,1,0,0,0,0,0,1,0,0,0,1,1,0,0,0,0,0,0,0,0,0,0,0,0,0,0,0,0,0,0,0,0,0,0,4,0,40.0638,-75.0593, , 
 ,58350,2012056754,6,67,67301,2012,5,5,9999,99,1,1,0,1,1, , ,N,1,2,0,3,0,2,3,2,N,N,39 55:03.039,75 10:34.125,1354, ,1349,1,1,4,N, ,3,N, , , , ,646268, , , ,2,0,0,1,0,1,0,0,0,0,0,2,2,0,0,0,0,0,0,0,1,0,0,0,0,0,0,0,0,0,0,0,0,0,0,4,2,39.9175,-75.1761, , 
 ,58351,2012060672,6,67,67301,2012,5,5,1542,15,1,1,0,1,1, , ,N,0,0,0,3,0,1,2,2,N, ,39 59:04.222,75 14:14.708,1548, ,1546,1,1,1, , ,0,N, , , , ,646271, , , ,2,0,0,0,0,0,0,1,0,1,0,0,1,0,0,0,1,0,0,0,1,0,0,0,0,0,0,0,0,0,0,0,0,0,0,2,0,39.9845,-75.2374, , 
 ,58352,2012020689,6,67,67301,2012,2,6,1552,15,1,1,0,1,1, , ,N,0,0,2,3,0,0,2,2,N,N,39 54:14.060,75 08:59.884,1607, ,1554, ,0, ,N, ,0, , , , , ,646293, , , ,2,1,0,0,1,0,0,0,0,0,0,0,0,0,0,0,0,0,0,0,0,0,0,0,0,0,0,0,0,0,0,0,0,0,0,0,0,39.9039,-75.15, , 
 ,58353,2012034173,6,67,67301,2012,2,3,728,7,1,1,0,4,1, , ,N,2,2,7,3,0,1,5,5,N,N,39 53:31.043,75 14:31.507,737, ,729,2,1,1,N, ,3,N, , , , ,646307, , , ,4,2,0,0,1,0,0,1,0,0,0,0,1,1,2,0,0,0,0,1,0,0,0,2,0,0,0,0,0,0,0,0,1,0,0,8,0,39.8919,-75.2419, , 
 ,58354,2012034690,6,67,67301,2012,3,2,226,2,3,1,0,8,1, , ,N,1,3,0,3,0,1,3,2,N,N,40 02:36.708,75 08:11.950,237, ,235, ,0, ,N, ,3, , , , , ,646308, , , ,1,1,0,0,0,0,0,0,0,0,0,0,1,1,1,0,0,0,0,0,0,0,0,0,0,0,0,0,0,0,0,0,1,0,0,8,0,40.0435,-75.1367, , 
 ,58355,2012037402,6,67,67301,2012,3,2,1930,19,3,1,0,7,5, , ,N,0,0,0,3,0,1,2,1,N,N,40 04:11.852,75 02:19.741,1940, ,1934, ,0, ,N, ,0, , , , , ,646309, , , ,1,1,0,0,0,0,0,0,0,0,0,1,1,0,0,0,0,0,0,0,0,0,0,0,0,0,0,0,0,0,0,0,0,0,0,4,0,40.07,-75.0388, , 
 ,58356,2012056602,6,67,67301,2012,4,5,1545,15,1,1,0,1,6, , ,N,0,0,0,3,0,1,2,4,N,N,39 59:33.983,75 09:35.189,1545, ,1545,2,2,2,N, ,0,Y, , , , ,649742, , , ,4,2,0,0,0,0,1,1,0,0,0,0,1,1,0,0,0,0,0,0,1,0,0,0,0,0,0,0,0,0,0,0,0,0,0,8,0,39.9928,-75.1598, , 
 ,58357,2012032561,6,67,67301,2012,2,1,324,3,3,1,0,1,6, , ,N,0,0,0,3,0,0,1,2,N, ,40 02:40.673,75 05:12.187,330, ,325,1,2,4, , ,0,N, , , , ,649775, , , ,2,1,0,0,0,0,1,0,0,0,0,0,0,0,0,0,0,0,1,0,0,0,0,0,0,0,0,0,0,0,0,0,0,0,0,0,0,40.0446,-75.0867, , 
 ,58358,2012048326,6,67,67301,2012,4,5,2032,20,3,1,0,7,4, , ,N,0,0,0,3,0,1,1,1,N,N,40 04:56.365,74 58:00.851,2059, ,2035,2,1,3,Y, ,0,N, , , , ,649787, , , ,1,1,0,0,0,0,0,0,0,0,0,0,1,1,0,0,0,0,0,0,0,0,0,0,0,0,0,0,0,0,0,0,0,0,0,8,0,40.0823,-74.9669, , 
 ,58359,2012049653,6,67,67301,2012,4,7,1650,16,1,1,0,4,1, , ,N,1,2,0,3,0,6,6,2,N,N,39 57:04.309,75 13:58.126,1655, ,1651,3,2,1, , ,3,Y, , , , ,649788, , , ,2,2,0,0,0,0,0,0,0,0,0,0,6,6,0,0,0,0,0,0,0,0,0,0,0,0,0,0,0,0,0,0,0,0,0,8,0,39.9512,-75.2328, , 
 ,58360,2012048033,6,67,67301,2012,4,6,138,1,3,1,0,4,1, , ,N,1,2,0,3,0,2,3,4,N,N,39 59:43.731,75 06:32.155,138, ,138,3,2,1,N, ,3,Y, , , , ,649838, , , ,4,2,0,0,2,0,0,0,0,0,0,2,2,0,0,0,0,0,0,0,0,0,0,0,0,0,0,0,0,0,0,0,0,0,0,4,0,39.9955,-75.1089, , 
 ,58361,2012015372,6,67,67301,2012,1,1,1315,13,1,1,0,4,1, , ,N,1,2,0,3,0,0,3,2,N,N,39 57:36.054,75 09:55.036,1320, ,1320, ,0, ,N, ,3, , , , , ,649859, , , ,2,1,0,0,0,0,1,0,0,0,0,0,0,0,0,0,0,0,1,0,0,0,0,0,0,0,0,0,0,0,0,0,0,0,0,0,0,39.96,-75.1653, , 
 ,58362,2012034289,6,67,67301,2012,4,1,19,0,3,1,0,7,2, , ,N,0,0,0,3,0,1,2,1,N,N,39 58:28.647,75 11:39.686,30, ,25,2,2,3,N, ,0,N, , , , ,649872, , , ,1,1,0,0,0,0,0,0,0,0,1,0,1,0,0,0,0,0,0,0,0,0,0,2,0,0,0,0,0,0,0,0,0,0,0,3,0,39.9746,-75.1944, , 
 ,58363,2012041334,6,67,67301,2012,4,6,2007,20,3,1,0,1,1, , ,N,0,0,0,3,0,2,4,2,N,N,39 56:22.370,75 11:47.103,2044, ,2023, ,0, ,N, ,0, , , , , ,649879, , , ,2,1,0,0,0,0,0,1,0,0,0,2,2,0,0,0,0,0,0,0,0,0,0,0,0,0,0,0,0,0,0,0,0,0,0,4,0,39.9387,-75.1973, , 
U,58364,2012041467,6,67,67301,2012,3,4,2005,20,3,1,0,7,5,8,8,Y,0,0,0,3,0,1,1,1,Y,Y,39 58:45.263,75 12:49.700,2016,99,2013, ,0, ,Y, ,0, ,U,U,U,U,649880,U,U,U,1,1,0,0,0,0,0,0,0,0,0,1,1,0,0,0,0,1,0,0,0,0,0,1,0,0,0,0,0,0,0,0,0,0,0,4,0,39.9792,-75.2138, , 
 ,58365,2012025008,6,67,67301,2012,3,5,2027,20,3,1,0,1,1, , ,N,0,0,3,3,0,0,3,2,N,N,39 53:09.268,75 12:26.872,2035, ,2035,1,2,1,N, ,0,N, , , , ,649908, , , ,2,1,0,0,0,0,1,0,0,0,0,0,0,0,0,0,0,0,0,0,0,0,0,0,0,0,0,0,0,0,0,0,0,0,0,0,0,39.8859,-75.2075, , 
 ,58366,2012049121,6,67,67301,2012,5,7,1810,18,1,1,0,1,1, , ,N,0,0,0,3,0,1,2,2,N,N,39 55:53.410,75 11:58.775,1833, ,1814,1,1,3,N, ,0,N, , , , ,649930, , , ,2,1,0,0,0,0,1,0,0,0,0,1,1,0,0,0,0,0,0,0,1,0,0,0,0,0,0,0,0,0,0,0,0,0,0,4,0,39.9315,-75.1997, , 
 ,58367,2012034685,6,67,67301,2012,3,7,2300,23,3,1,0,1,1, , ,N,2,2,0,3,0,0,4,2,N,N,40 04:12.678,75 01:52.619,2320, ,2311, ,0, ,N, ,3, , , , , ,649960, , , ,2,2,0,0,0,0,0,0,0,0,0,0,0,0,0,0,0,1,0,0,0,0,0,0,0,0,0,0,0,0,0,0,0,0,0,0,0,40.0702,-75.0313, , 
 ,58368,2012039588,6,67,67301,2012,4,4,1032,10,1,1,0,5,1, , ,N,0,0,0,3,0,1,3,2,N,N,40 02:35.104,75 00:11.918,1055, ,1037, ,0, ,N, ,0, , , , , ,649964, , , ,2,1,0,0,0,0,0,1,0,0,0,1,1,0,0,0,0,0,0,0,0,0,0,1,0,0,0,0,0,0,0,0,0,0,0,4,0,40.0431,-75.0033, , 
 ,58369,2012050223,6,67,67301,2012,4,5,2010,20,3,1,0,8,1, , ,N,2,0,0,3,0,1,2,2,N, ,40 00:47.901,75 03:56.116,2049, ,2044, ,0, , , ,0, , , , , ,649977, , , ,1,1,0,0,0,0,0,0,0,0,0,1,1,0,0,0,0,0,0,0,0,0,0,0,0,0,0,0,0,0,0,0,1,0,0,4,0,40.0133,-75.0656, , 
 ,58370,2012055292,6,67,67301,2012,6,7,2037,20,1,1,0,7,2, , ,N,0,0,2,3,0,0,2,1,N,N,39 57:20.040,75 08:53.507,2038, ,2037, ,0, ,N, ,0, , , , , ,649983, , , ,1,1,0,0,0,0,0,0,0,0,0,0,0,0,0,0,0,0,0,0,0,0,0,0,0,0,0,0,0,0,0,0,0,0,0,0,0,39.9556,-75.1482, , 
 ,58371,2012026164,6,67,67301,2012,2,7,1806,18,4,1,0,8,1, , ,N,0,0,0,3,0,1,2,2,N, ,39 59:48.175,75 06:55.613,1832, ,1827, ,0, , , ,0, , , , , ,650018, , , ,1,0,0,0,0,0,0,1,0,0,0,0,1,1,0,0,0,0,0,0,0,0,0,0,0,0,0,0,0,0,0,0,1,0,0,8,0,39.9967,-75.1154, , 
 ,58372,2012026268,6,67,67301,2012,1,4,1324,13,1,1,0,4,1, , ,N,1,0,0,3,0,1,2,2,N,N,39 58:23.293,75 08:54.175,1350, ,1325, ,0, ,N, ,0, , , , , ,650019, , , ,2,2,0,0,0,0,0,0,0,0,0,1,1,0,0,0,0,0,0,0,1,0,0,0,0,0,0,0,0,0,0,0,0,0,0,4,0,39.9731,-75.1484, , 
 ,58373,2012032710,6,67,67301,2012,2,6,9999,99,5,2,1,7,3, , ,N,0,0,0,3,0,0,1,1,N,N,39 56:10.057,75 08:31.520,645, ,643, ,0, ,N, ,0, , , , , ,650027, , , ,1,1,0,0,0,0,0,0,0,0,0,0,0,0,0,0,0,0,0,0,1,0,0,0,0,0,0,0,0,0,0,0,0,0,0,0,0,39.9361,-75.1421, , 
 ,58374,2012013070,6,67,67301,2012,1,7,1322,13,1,1,0,8,1, , ,N,0,0,0,3,0,1,2,2,N,N,40 01:38.338,75 02:52.488,1329, ,1324, ,0, , , ,0, , , , , ,650044, , , ,1,1,0,0,0,0,0,0,0,0,0,1,1,0,0,0,0,1,0,0,0,0,0,0,0,0,0,0,0,0,0,0,1,0,0,4,0,40.0273,-75.0479, , 
 ,58375,2012015343,6,67,67301,2012,1,1,24,0,3,1,0,7,5, , ,N,0,3,99,3,0,3,3,1,N,N,39 59:43.079,75 07:48.610,25, ,24, ,0, ,N, ,3, , , , , ,653421, , , ,1,1,0,0,0,0,0,0,0,0,2,1,3,0,0,0,0,0,0,0,0,0,0,0,0,0,0,0,0,0,0,0,0,0,0,3,0,39.9953,-75.1302, , 
 ,58376,2012019949,6,67,67301,2012,1,6,2037,20,3,1,0,4,1, , ,N,1,2,0,3,0,0,3,2,N,N,40 06:18.581,75 01:58.245,2042, ,2038,1,1,5,N, ,3,Y, , , , ,653427, , , ,2,2,0,0,0,0,0,0,0,0,0,0,0,0,0,0,0,1,0,0,0,0,0,0,0,0,0,0,0,0,0,0,0,0,0,0,0,40.1052,-75.0328, , 
 ,58377,2012032565,6,67,67301,2012,2,5,1630,16,1,1,0,8,1, , ,N,0,0,0,3,0,1,2,2,N,N,39 55:44.432,75 13:46.153,1636, ,1634, ,0, , , ,0, , , , , ,653435, , , ,1,0,0,0,1,0,0,0,0,0,1,0,1,0,0,0,0,0,0,0,0,0,0,0,0,0,0,0,0,0,0,0,1,0,0,3,0,39.929,-75.2295, , 
 ,58378,2012048059,6,67,67301,2012,4,1,340,3,3,1,0,4,1, , ,N,1,2,0,3,0,1,2,2,N,N,40 01:27.102,75 05:43.897,350, ,343, ,0, , , ,3, , , , , ,653451, , , ,2,2,0,0,0,0,0,0,0,0,1,0,1,0,0,0,0,0,0,0,0,0,0,0,0,0,0,0,0,0,0,0,0,0,0,3,0,40.0242,-75.0955, , 
 ,58379,2012048891,6,67,67301,2012,4,6,805,8,1,1,0,8,1, , ,N,0,0,0,3,0,1,2,2,N, ,40 04:32.464,74 59:16.126,815, ,809, ,0, , , ,0, , , , , ,653453, , , ,1,0,0,0,1,0,0,0,0,0,0,1,1,0,0,0,0,0,0,0,0,0,0,1,0,0,0,0,0,0,0,0,1,0,0,4,0,40.0757,-74.9878, , 
 ,58380,2012012635,6,67,67301,2012,1,4,1341,13,1,1,0,1,1, , ,N,0,2,0,3,0,1,3,2,N,N,40 06:44.785,74 59:27.233,1419, ,1343,1,1,2,N, ,3,N, , , , ,653470, , , ,2,1,0,0,0,0,1,0,0,0,0,0,1,1,0,0,0,0,1,0,0,0,0,0,0,0,0,0,0,0,0,0,0,0,0,8,0,40.1124,-74.9909, , 
 ,58381,2012048319,6,67,67301,2012,3,7,1722,17,1,1,0,7,5, , ,N,0,0,0,3,0,1,3,1,N,N,39 57:43.293,75 13:17.209,1725, ,1723,3,2,1,N, ,0,Y, , , , ,653496, , , ,1,1,0,0,0,0,0,0,0,0,1,0,1,0,1,0,0,0,0,0,0,0,0,0,0,0,0,0,0,0,0,0,0,0,0,3,0,39.962,-75.2214, , 
 ,58382,2012005781,6,67,67301,2012,1,2,1821,18,3,1,0,5,1, , ,N,0,0,0,3,0,6,6,3,N,N,39 59:49.228,75 04:55.332,1828, ,1826,1,1,1,N, ,0,N, , , , ,653503, , , ,3,2,0,0,1,0,0,0,0,0,2,4,6,0,0,0,0,0,0,1,0,0,0,1,0,0,0,0,0,0,0,0,0,0,0,3,0,39.9969,-75.0821, , 
 ,58383,2012019789,6,67,67301,2012,2,7,1804,18,3,1,0,1,1, , ,N,0,2,0,3,0,2,6,3,N,N,39 57:35.911,75 10:42.928,1827, ,1820, ,0, ,N, ,9, , , , , ,653518, , , ,3,2,0,0,0,0,1,0,0,0,0,1,2,1,0,0,0,0,0,0,2,0,0,0,0,0,0,0,0,0,0,0,0,0,0,4,0,39.96,-75.1786, , 
 ,58384,2012041614,6,67,67301,2012,3,5,1550,15,1,1,0,8,1, , ,N,1,2,0,3,0,1,2,2,N, ,39 59:13.650,75 09:45.421,1715, ,1705, ,0, , , ,3, , , , , ,653541, , , ,1,1,0,0,0,0,0,0,0,0,1,0,1,0,0,0,0,0,0,0,0,0,0,0,0,0,0,0,0,0,0,0,1,0,0,3,0,39.9871,-75.1626, , 
 ,58385,2012020575,6,67,67301,2012,2,6,348,3,3,1,0,1,1, , ,N,0,0,0,3,0,1,1,3,N,N,40 04:11.449,75 03:33.786,358, ,350,3,2,2,N, ,0,N, , , , ,653561, , , ,3,1,0,0,1,0,1,0,0,0,0,1,1,0,0,0,0,0,0,0,0,0,0,0,0,0,0,0,0,0,0,0,0,0,0,4,0,40.0698,-75.0594, , 
 ,58386,2012021020,6,67,67301,2012,1,7,2145,21,3,1,0,9,1, , ,N,1,2,0,3,0,3,5,2,N,N,39 56:49.768,75 09:21.862,2220, ,2209, ,0, ,N, ,3, , , , , ,653562, , , ,2,1,0,0,1,0,0,0,0,0,0,1,3,2,0,0,0,0,0,0,1,0,1,0,0,0,0,0,0,0,0,0,0,0,0,4,0,39.9472,-75.1561, , 
 ,58387,2012036642,6,67,67301,2012,4,6,1137,11,1,1,0,7,1, , ,N,0,0,0,3,0,1,2,1,N,N,39 55:50.247,75 08:44.735,1138, ,1138, ,0, ,N, ,0, , , , , ,653575, , , ,1,1,0,0,0,0,0,0,0,0,0,1,1,0,0,0,0,0,0,0,1,0,0,0,0,0,0,0,0,0,0,0,0,0,0,4,0,39.9305,-75.1458, , 
 ,58388,2012048283,6,67,67301,2012,4,3,9999,99,3,1,0,1,1, , ,N,0,0,7,3,0,1,2,2,N, ,40 02:45.185,75 05:17.282,2239, ,2230, ,0, , , ,0, , , , , ,653585, , , ,2,1,1,0,0,0,0,0,0,0,1,0,1,0,0,0,0,0,0,0,0,0,0,0,0,0,0,0,0,0,0,0,0,0,0,3,0,40.0459,-75.0881, , 
 ,58389,2012050217,6,67,67301,2012,4,5,0,0,3,1,0,1,1, , ,N,0,0,0,3,0,1,2,2,N, ,40 01:45.490,75 11:22.119,5, ,2, ,0, ,N, ,0, , , , , ,653587, , , ,2,1,1,0,0,0,0,0,0,1,0,0,1,0,0,0,0,0,0,0,0,0,0,0,0,0,0,0,0,1,0,0,0,0,0,2,0,40.0293,-75.1895, , 
 ,58390,2012051909,6,67,67301,2012,5,4,1720,17,1,1,0,0,1, , ,N,0,0,0,3,0,1,1,1,N, ,40 02:36.355,75 00:32.230,1735, ,1730, ,0, , , ,0, , , , , ,653634, , , ,1,0,1,0,0,0,0,0,0,0,0,0,1,1,0,0,0,0,0,0,0,0,0,0,0,0,0,0,0,0,0,0,0,0,0,8,0,40.0434,-75.009, , 
 ,58391,2012015501,6,67,67301,2012,1,4,2100,21,3,1,0,8,1, , ,N,1,2,0,3,0,1,2,2,N,N,39 57:40.492,75 10:30.674,2110, ,2107, ,0, , , ,3, , , , , ,653655, , , ,1,1,0,0,0,0,0,0,0,0,0,1,1,0,0,0,0,0,0,0,0,0,0,0,0,0,0,0,0,0,0,0,1,0,0,4,0,39.9612,-75.1751, , 
 ,58392,2012026242,6,67,67301,2012,1,7,845,8,1,4,1,1,1, , ,N,0,0,1,3,0,0,2,2,N,N,40 01:10.236,75 08:50.182,852, ,850,1,2,4, , ,0,N, , , , ,653663, , , ,2,1,0,0,0,0,1,0,0,0,0,0,0,0,2,0,0,0,0,0,0,0,0,2,0,0,0,0,0,0,0,0,0,0,0,9,0,40.0195,-75.1473, , 
 ,58393,2012049685,6,67,67301,2012,4,3,2123,21,3,1,0,4,1, , ,N,1,2,0,3,0,2,4,2,N,N,40 01:24.369,75 08:21.713,2132, ,2131,1,1,2,N, ,3,N, , , , ,642944, , , ,2,1,0,0,0,0,1,0,0,0,0,2,2,0,0,0,0,0,0,0,0,0,0,0,0,0,0,0,0,0,0,0,0,0,0,4,0,40.0234,-75.1394, , 
 ,58394,2012041669,6,67,67301,2012,3,7,1826,18,1,2,1,6,1, , ,N,2,2,0,3,0,1,2,2,N,N,39 57:34.816,75 14:50.653,1838, ,1827, ,0, ,N, ,3, , , , , ,642970, , , ,2,1,0,0,0,0,1,0,0,0,0,1,1,0,1,0,0,0,0,0,1,0,0,0,0,0,0,0,0,0,0,0,0,0,0,4,0,39.9597,-75.2474, , 
 ,58395,2012042203,6,67,67301,2012,3,4,9999,99,1,1,1,1,1, , ,N,1,2,0,3,0,1,2,2,N, ,39 54:47.100,75 14:35.859,9999, ,9999,9,1,1, , ,3,N, , , , ,642971, , , ,2,2,0,0,0,0,0,0,0,0,0,1,1,0,0,0,0,0,0,0,0,0,0,1,0,0,0,0,0,0,0,0,0,0,0,4,0,39.9131,-75.2433, , 
 ,58396,2012049793,6,67,67301,2012,4,3,2217,22,3,1,0,4,1, , ,N,0,0,0,3,0,1,2,2,N,N,40 01:42.906,75 02:32.445,2221, ,2218,9,2,6,N, ,0,Y, , , , ,642978, , , ,1,1,0,0,0,0,0,0,1,1,0,0,1,0,1,0,0,0,0,0,0,0,0,0,0,0,0,0,0,0,0,1,0,0,0,2,0,40.0286,-75.0423, , 
 ,58397,2012056590,6,67,67301,2012,5,5,1244,12,1,1,0,2,1, , ,N,0,0,0,3,0,0,3,2,N,N,40 07:03.257,75 00:23.806,1253, ,1247, ,0, ,N, ,0, , , , , ,642989, , , ,2,1,0,0,0,0,1,0,0,0,0,0,0,0,0,0,0,0,0,0,0,0,0,0,0,0,0,0,0,0,0,0,0,0,0,0,0,40.1176,-75.0066, , 