wz_ln_closure,objectid_1,crn,district,county,municipality,crash_year,crash_month,day_of_week,time_of_day,hour_of_day,illumination,weather,road_condition,collision_type,relation_to_road,work_zone_type,work_zone_loc,work_zone_ind,intersect_type,tcd_type,location_type,urban_rural,fatal_count,injury_count,person_count,total_units,sch_bus_ind,sch_zone_ind,latitude,longitude,arrival_tm,cons_zone_spd_lim,dispatch_tm,est_hrs_closed,lane_closed,ln_close_dir,ntfy_hiwy_maint,spec_juris_cd,tcd_func_cd,tfc_detour_ind,workers_pres,wz_close_detour,wz_flagger,wz_law_offcr_ind,objectid,wz_moving,wz_other,wz_shlder_mdn,vehicle_count,automobile_count,motorcycle_count,bus_count,small_truck_count,heavy_truck_count,suv_count,van_count,bicycle_count,maj_inj_count,mod_inj_count,min_inj_count,tot_inj_count,unk_inj_deg_count,unk_inj_per_count,driver_count_16yr,driver_count_17yr,driver_count_18yr,driver_count_19yr,driver_count_20yr,driver_count_50_64yr,driver_count_65_74yr,driver_count_75plus,unbelted_occ_count,unb_death_count,unb_maj_inj_count,belted_death_count,belted_maj_inj_count,mcycle_death_count,mcycle_maj_inj_count,bicycle_death_count,bicycle_maj_inj_count,ped_count,ped_death_count,ped_maj_inj_count,max_severity_level,comm_veh_count,dec_lat,dec_long,rdwy_surf_type_cd,county_name
 ,58398,2012056667,6,67,67301,2012,5,2,905,9,1,1,0,1,1, , ,N,1,2,0,3,0,2,3,2,N,N,39 55:00.719,75 10:19.433,916, ,915, ,0, ,N, ,3, , , , , ,642990, , , ,2,2,0,0,0,0,0,0,0,0,0,2,2,0,0,0,0,0,0,0,0,0,0,0,0,0,0,0,0,0,0,0,0,0,0,4,0,39.9169,-75.1721, , 
 ,58399,2012056736,6,67,67301,2012,5,4,659,6,1,2,1,1,1, , ,N,0,0,0,3,0,0,3,2,N,N,40 01:25.782,75 08:04.968,705, ,701,1,1,2,N, ,0,N, , , , ,642991, , , ,2,2,0,0,0,0,0,0,0,0,0,0,0,0,0,0,0,0,0,0,0,0,0,0,0,0,0,0,0,0,0,0,0,0,0,0,0,40.0238,-75.1349, , 
 ,58400,2012060845,6,67,67301,2012,5,2,330,3,3,1,0,4,6, , ,N,0,0,0,3,0,0,1,4,N,N,39 56:59.845,75 13:51.016,340, ,335,2,1,2,N, ,0,N, , , , ,642994, , , ,4,3,0,0,0,0,1,0,0,0,0,0,0,0,1,0,0,0,0,0,0,0,0,0,0,0,0,0,0,0,0,0,0,0,0,9,0,39.95,-75.2308, , 
 ,58401,2012033054,6,67,67301,2012,2,5,210,2,3,1,0,4,2, , ,N,0,0,0,3,0,1,1,2,N, ,40 01:29.004,75 09:35.498,215, ,212, ,0, , , ,0, , , , , ,643019, , , ,2,1,0,0,0,0,0,1,0,0,0,1,1,0,0,0,0,0,0,0,0,0,0,0,0,0,0,0,0,0,0,0,0,0,0,4,0,40.0247,-75.1599, , 
 ,58402,2012036899,6,67,67301,2012,3,2,1846,18,3,1,0,5,6, , ,N,0,0,0,3,0,2,2,3,N,N,39 57:47.080,75 12:58.636,1857, ,1848,3,2,5,N, ,0,Y, , , , ,643024, , , ,3,2,0,0,0,0,0,0,0,0,0,0,2,2,0,0,0,0,0,0,0,0,0,0,0,0,0,0,0,0,0,0,0,0,0,8,0,39.9631,-75.2163, , 
 ,58403,2012041578,6,67,67301,2012,3,4,830,8,1,1,0,1,1, , ,N,1,2,0,3,0,1,2,2,N,N,39 57:15.869,75 09:47.496,834, ,835,2,2,2,N, ,3,Y, , , , ,643028, , , ,2,0,1,0,0,0,1,0,0,0,0,0,1,1,0,0,0,0,1,0,0,0,0,0,0,0,0,0,0,0,0,0,0,0,0,8,0,39.9544,-75.1631, , 
 ,58404,2012042219,6,67,67301,2012,3,3,800,8,1,2,1,4,1, , ,N,1,3,0,3,0,0,3,2,N, ,40 03:17.730,75 11:04.052,810, ,805, ,0, , , ,3, , , , , ,643029, , , ,2,1,0,0,0,0,0,1,0,0,0,0,0,0,0,0,1,0,0,0,0,0,0,0,0,0,0,0,0,0,0,0,0,0,0,0,0,40.0549,-75.1845, , 
 ,58405,2012052675,6,67,67301,2012,5,3,855,8,1,2,1,4,1, , ,N,2,3,7,3,0,0,2,2,N,N,40 02:49.948,75 08:26.465,905, ,905, ,0, ,N, ,3, , , , , ,643033, , , ,2,2,0,0,0,0,0,0,0,0,0,0,0,0,0,0,0,0,1,0,0,0,0,0,0,0,0,0,0,0,0,0,0,0,0,0,0,40.0472,-75.1406, , 
 ,58406,2012013111,6,67,67301,2012,1,5,1501,15,1,1,0,8,1, , ,N,0,0,0,3,0,1,2,2,N,N,40 02:31.365,75 06:16.146,1507, ,1503,2,2,4,N, ,0,N, , , , ,643048, , , ,1,1,0,0,0,0,0,0,0,0,0,0,1,1,0,0,0,0,0,0,0,0,0,0,0,0,0,0,0,0,0,0,1,0,0,8,0,40.042,-75.1045, , 
 ,58407,2012036862,6,67,67301,2012,3,1,1600,16,1,1,0,4,1, , ,N,1,0,0,3,0,4,5,2,N,N,39 56:50.704,75 14:23.171,1609, ,1603, ,0, ,N, ,0, , , , , ,643062, , , ,2,2,0,0,0,0,0,0,0,0,0,0,4,4,0,0,0,0,0,0,0,0,0,0,0,0,0,0,0,0,0,0,0,0,0,8,0,39.9474,-75.2398, , 
 ,58408,2012041656,6,67,67301,2012,3,2,530,5,5,1,0,7,5, , ,N,0,0,0,3,0,0,2,1,N,N,40 07:44.528,75 01:30.881,559, ,559, ,0, ,N, ,0, , , , , ,643069, , , ,1,1,0,0,0,0,0,0,0,0,0,0,0,0,0,0,0,0,0,0,0,0,0,0,0,0,0,0,0,0,0,0,0,0,0,0,0,40.129,-75.0252, , 
 ,58409,2012032596,6,67,67301,2012,2,7,1339,13,1,1,0,1,1, , ,N,0,0,0,3,0,1,3,2,N,N,40 01:44.545,75 06:21.183,1350, ,1341,1,1,1, , ,0,N, , , , ,643119, , , ,2,2,0,0,0,0,0,0,0,0,0,1,1,0,0,0,0,0,0,0,0,0,0,0,0,0,0,0,0,0,0,0,0,0,0,4,0,40.029,-75.1059, , 
 ,58410,2012037694,6,67,67301,2012,3,7,2352,23,3,1,0,4,2, , ,N,0,0,0,3,0,0,1,3,N, ,39 54:49.345,75 09:36.615,2357, ,2356, ,0, , , ,0, , , , , ,643121, , , ,3,2,0,0,0,0,1,0,0,0,0,0,0,0,0,0,0,0,0,0,0,0,0,0,0,0,0,0,0,0,0,0,0,0,0,0,0,39.9137,-75.1602, , 
 ,58411,2012041557,6,67,67301,2012,3,4,835,8,1,1,0,1,1, , ,N,1,2,0,3,0,0,2,2,N,N,40 01:47.929,75 06:15.656,850, ,845, ,0, ,N, ,3, , , , , ,643127, , , ,2,1,0,0,0,0,1,0,0,0,0,0,0,0,0,0,0,0,0,0,0,0,0,0,0,0,0,0,0,0,0,0,0,0,0,0,0,40.03,-75.1043, , 
 ,58412,2012047110,6,67,67301,2012,4,2,244,2,6,1,0,1,1, , ,N,0,0,0,3,0,0,2,5,N, ,40 01:20.982,75 07:55.062,300, ,244,2,1,4, , ,0,Y, , , , ,646322, , , ,5,3,0,0,0,0,0,2,0,0,0,0,0,0,1,0,0,0,0,0,0,0,0,0,0,0,0,0,0,0,0,0,0,0,0,9,0,40.0225,-75.132, , 
 ,58413,2012010991,6,67,67301,2012,1,1,754,7,1,1,0,5,7, , ,N,7,0,2,3,0,2,4,3,N,N,39 58:56.482,75 06:00.195,802, ,756,2,2,1,Y, ,0,Y, , , , ,646332, , , ,3,2,0,0,0,0,0,1,0,0,1,1,2,0,0,0,0,0,0,0,1,0,0,0,0,0,0,0,0,0,0,0,0,0,0,3,0,39.9823,-75.1002, , 
 ,58414,2012020491,6,67,67301,2012,2,5,1205,12,1,1,0,4,1, , ,N,1,2,0,3,0,0,3,2,N,N,40 03:14.351,75 02:56.006,1220, ,1213,1,2,1,N, ,3,Y, , , , ,646342, , , ,2,1,0,0,1,0,0,0,0,0,0,0,0,0,2,0,0,0,0,0,1,0,0,0,0,0,0,0,0,0,0,0,0,0,0,9,0,40.054,-75.0489, , 
 ,58415,2012026073,6,67,67301,2012,2,7,2315,23,3,9,1,2,1, , ,N,1,0,0,3,0,1,3,2,N,N,39 57:06.922,75 14:41.650,50, ,45, ,0, ,N, ,0, , , , , ,646346, , , ,2,2,0,0,0,0,0,0,0,0,0,0,1,1,0,0,0,0,0,0,1,0,0,0,0,0,0,0,0,0,0,0,0,0,0,8,0,39.9519,-75.2449, , 
 ,58416,2012028497,6,67,67301,2012,2,6,900,9,1,1,0,4,1, , ,N,2,3,0,3,0,2,3,2,N,N,40 00:37.339,75 08:50.405,930, ,900, ,0, ,N, ,3, , , , , ,646349, , , ,2,2,0,0,0,0,0,0,0,0,0,0,2,2,0,0,0,0,0,0,0,0,0,0,0,0,0,0,0,0,0,0,0,0,0,8,0,40.0104,-75.1473, , 
 ,58417,2012032618,6,67,67301,2012,2,3,740,7,1,1,0,4,1, , ,N,1,2,0,3,0,1,3,2,N,N,40 05:07.441,75 02:14.475,742, ,740, ,0, , , ,3, , , , , ,646355, , , ,2,2,0,0,0,0,0,0,0,0,0,1,1,0,0,0,0,0,0,0,0,0,0,1,0,0,0,0,0,0,0,0,0,0,0,4,0,40.0854,-75.0374, , 
 ,58418,2012048119,6,67,67301,2012,3,5,1820,18,1,1,0,8,1, , ,N,0,3,0,3,0,1,2,2,N,N,40 01:31.753,75 08:29.068,1835, ,1825, ,0, ,N, ,3, , , , , ,646364, , , ,1,1,0,0,0,0,0,0,0,0,0,1,1,0,0,0,0,0,0,0,0,0,0,1,0,0,0,0,0,0,0,0,1,0,0,4,0,40.0255,-75.1414, , 
 ,58419,2012027770,6,67,67301,2012,2,6,800,8,1,1,0,8,1, , ,N,0,0,0,3,0,1,2,2,N, ,39 55:40.216,75 09:27.439,806, ,803, ,0, , , ,0, , , , , ,646394, , , ,1,1,0,0,0,0,0,0,0,0,0,1,1,0,0,0,0,0,0,0,0,0,0,0,0,0,0,0,0,0,0,0,1,0,0,4,0,39.9278,-75.1576, , 
 ,58420,2012041712,6,67,67301,2012,3,3,1230,12,1,1,0,4,1, , ,N,0,0,7,3,0,2,3,2,N,N,39 58:28.663,75 11:57.118,1236, ,1234, ,0, ,N, ,0, , , , , ,646400, , , ,2,1,0,0,0,0,1,0,0,0,0,0,2,2,0,0,0,0,0,0,0,2,0,0,0,0,0,0,0,0,0,0,0,0,0,8,0,39.9747,-75.1993, , 
 ,58421,2012042179,6,67,67301,2012,3,3,1405,14,1,1,0,4,1, , ,N,0,0,0,3,0,1,4,2,N,N,39 59:37.195,75 05:47.715,1419, ,1417, ,0, , , ,0, , , , , ,646401, , , ,2,0,0,0,0,0,2,0,0,0,0,1,1,0,0,0,0,0,0,0,1,0,0,3,0,0,0,0,0,0,0,0,0,0,0,4,0,39.9937,-75.0966, , 
 ,58422,2012047209,6,67,67301,2012,3,1,2028,20,3,1,0,1,1, , ,N,0,0,0,3,0,0,3,2,N,N,40 01:02.688,75 10:19.696,2039, ,2032, ,0, ,N, ,0, , , , , ,646408, , , ,2,0,0,0,0,0,2,0,0,0,0,0,0,0,0,0,0,0,0,0,0,1,0,0,0,0,0,0,0,0,0,0,0,0,0,0,0,40.0174,-75.1721, , 
 ,58423,2012056561,6,67,67301,2012,5,7,1838,18,1,1,0,4,1, , ,N,1,3,0,3,0,1,2,2,N,N,40 00:30.340,75 05:47.417,1910, ,1900, ,0, ,N, ,3, , , , , ,646412, , , ,2,1,0,0,0,0,0,0,0,0,1,0,1,0,0,0,1,0,0,0,0,0,0,0,0,0,0,0,0,0,0,0,0,0,0,3,0,40.0084,-75.0965, , 
 ,58424,2012056691,6,67,67301,2012,5,7,1850,18,1,1,0,4,2, , ,N,0,0,0,3,0,1,1,3,N,N,40 04:25.772,75 04:38.779,1900, ,1850, ,0, ,N, ,0, , , , , ,646413, , , ,3,0,0,0,0,0,2,1,0,0,0,0,1,1,0,0,0,0,0,0,1,0,0,0,0,0,0,0,0,0,0,0,0,0,0,8,0,40.0738,-75.0774, , 
 ,58425,2012015347,6,67,67301,2012,1,4,328,3,3,1,0,7,5, , ,N,1,2,0,3,0,1,1,1,N, ,40 00:54.079,75 08:06.611,353, ,328, ,0, , , ,3, , , , , ,646428, , , ,1,1,0,0,0,0,0,0,0,0,0,1,1,0,0,0,0,0,0,0,0,0,0,1,0,0,0,0,0,0,0,0,0,0,0,4,0,40.015,-75.1352, , 
 ,58426,2012020395,6,67,67301,2012,1,3,1910,19,3,1,0,1,1, , ,N,0,0,0,3,0,1,2,2,N,N,39 56:54.530,75 10:36.382,1920, ,1920, ,0, ,N, ,0, , , , , ,646434, , , ,1,1,0,0,0,0,0,0,1,0,0,1,1,0,1,0,0,0,0,0,0,0,0,0,0,0,0,0,0,0,0,0,0,0,0,4,0,39.9485,-75.1768, , 
 ,58427,2012048037,6,67,67301,2012,4,5,836,8,1,1,0,8,1, , ,N,0,0,0,3,0,1,2,2,N, ,39 58:55.477,75 06:14.817,845, ,838, ,0, , , ,0, , , , , ,646457, , , ,1,1,0,0,0,0,0,0,0,0,1,0,1,0,0,0,0,0,0,0,0,0,0,0,0,0,0,0,0,0,0,0,1,0,0,3,0,39.9821,-75.1041, , 
 ,58428,2012048150,6,67,67301,2012,3,4,2045,20,3,1,0,4,1, , ,N,1,3,0,3,0,4,4,2,N,N,39 55:25.806,75 14:22.876,2113, ,2112, ,0, ,N, ,3, , , , , ,646458, , , ,2,1,0,0,0,0,1,0,0,0,0,4,4,0,0,0,0,0,0,1,0,0,0,0,0,0,0,0,0,0,0,0,0,0,0,4,0,39.9238,-75.2397, , 
 ,58429,2012048330,6,67,67301,2012,4,2,920,9,1,1,0,8,1, , ,N,1,3,0,3,0,1,2,2,N,N,40 00:23.274,75 09:15.638,940, ,928, ,0, ,N, ,3, , , , , ,646459, , , ,1,1,0,0,0,0,0,0,0,0,0,1,1,0,0,0,0,0,0,0,0,0,0,0,0,0,0,0,0,0,0,0,1,0,0,4,0,40.0065,-75.1543, , 
 ,58430,2012013096,6,67,67301,2012,1,4,1725,17,3,1,0,4,1, , ,N,1,2,0,3,0,2,4,2,N,N,40 04:16.241,75 02:17.269,1735, ,1730,1,1,2,N, ,3,N, , , , ,650045, , , ,2,1,0,0,0,0,1,0,0,0,0,0,2,2,0,0,0,0,0,0,1,0,1,0,0,0,0,0,0,0,0,0,0,0,0,8,0,40.0712,-75.0381, , 
 ,58431,2012015829,6,67,67301,2012,1,5,1640,16,1,2,1,6,1, , ,N,1,3,0,3,0,1,2,2,N,N,39 56:52.447,75 12:49.931,1649, ,1648, ,0, ,N, ,3, , , , , ,650048, , , ,2,0,0,0,0,0,1,1,0,0,0,1,1,0,0,0,0,0,0,0,1,1,0,0,0,0,0,0,0,0,0,0,0,0,0,4,0,39.9479,-75.2139, , 
 ,58432,2012029137,6,67,67301,2012,2,3,532,5,3,1,0,9,1, , ,N,7,0,2,3,0,0,1,1,N,N,39 52:41.774,75 15:03.845,603, ,537, ,0, ,N, ,0, , , , , ,650058, , , ,1,0,0,0,0,0,1,0,0,0,0,0,0,0,0,0,0,0,0,0,0,0,0,0,0,0,0,0,0,0,0,0,0,0,0,0,0,39.8783,-75.2511, , 
 ,58433,2012032562,6,67,67301,2012,2,2,1649,16,1,1,0,5,1, , ,N,0,0,0,3,0,3,4,2,N,N,40 01:23.710,75 03:00.032,1730, ,1728, ,0, ,N, ,0, , , , , ,650063, , , ,2,1,0,0,0,1,0,0,0,0,0,3,3,0,0,0,0,0,0,0,0,0,0,0,0,0,0,0,0,0,0,0,0,0,0,4,0,40.0233,-75.05, , 
 ,58434,2012037404,6,67,67301,2012,3,7,1430,14,1,1,0,4,1, , ,N,2,0,0,3,0,1,3,2,N,N,39 58:27.676,75 12:06.216,1445, ,1440,2,1,4,N, ,0,N, , , , ,650069, , , ,2,2,0,0,0,0,0,0,0,0,0,1,1,0,0,0,1,0,0,0,0,0,0,0,0,0,0,0,0,0,0,0,0,0,0,4,0,39.9744,-75.2017, , 
 ,58435,2012020552,6,67,67301,2012,2,6,730,7,1,1,0,4,1, , ,N,1,2,0,3,0,1,3,2,N,N,39 57:44.247,75 11:49.914,846, ,850, ,0, ,N, ,3, , , , , ,650104, , , ,2,1,0,0,0,0,1,0,0,0,0,0,1,1,0,0,0,0,0,0,1,0,0,0,0,0,0,0,0,0,0,0,0,0,0,8,0,39.9623,-75.1972, , 
 ,58436,2012034704,6,67,67301,2012,3,5,1305,13,1,1,0,8,1, , ,N,1,2,0,3,0,1,2,2,N,N,39 59:44.224,75 10:03.233,1318, ,1315, ,0, ,N, ,3, , , , , ,650117, , , ,1,0,0,0,0,0,1,0,0,0,0,1,1,0,0,0,0,0,0,0,0,0,0,0,0,0,0,0,0,0,0,0,1,0,0,4,0,39.9956,-75.1675, , 
 ,58437,2012035134,6,67,67301,2012,3,5,1800,18,3,1,0,4,1, , ,N,1,0,0,3,0,1,2,2,N,N,40 03:46.245,75 02:58.059,1830, ,1825, ,0, , , ,0, , , , , ,650118, , , ,2,1,0,0,0,0,1,0,0,0,0,0,1,1,1,0,0,0,0,0,0,1,0,0,0,0,0,0,0,0,0,0,0,0,0,8,0,40.0628,-75.0495, , 
 ,58438,2012019957,6,67,67301,2012,1,5,1843,18,3,1,0,1,2, , ,N,0,0,0,3,0,0,1,3,N,N,39 59:16.746,75 05:30.241,2045, ,2042, ,0, ,N, ,0, , , , , ,650149, , , ,3,1,0,0,0,0,1,1,0,0,0,0,0,0,1,0,0,0,0,0,0,0,0,1,0,0,0,0,0,0,0,0,0,0,0,9,0,39.988,-75.0917, , 
 ,58439,2012040804,6,67,67301,2012,4,6,456,4,3,5,0,0,1, , ,N,0,0,3,3,0,1,1,1,N,N,39 53:35.117,75 11:48.123,508, ,458,2,2,2,N, ,0,N, , , , ,650168, , , ,1,0,1,0,0,0,0,0,0,0,0,1,1,0,0,0,0,0,0,0,1,0,0,0,0,0,0,0,0,0,0,0,0,0,0,4,0,39.8931,-75.1967, , 
 ,58440,2012047093,6,67,67301,2012,4,5,1830,18,1,1,0,4,1, , ,N,0,0,0,3,0,2,3,3,N,N,40 01:05.091,75 08:03.517,1832, ,1830, ,0, ,N, ,0, , , , , ,650174, , , ,1,0,0,0,0,0,0,1,2,0,0,2,2,0,0,0,0,0,0,0,1,0,0,0,0,0,0,0,0,0,0,0,0,0,0,4,0,40.0181,-75.1343, , 
 ,58441,2012048202,6,67,67301,2012,3,4,845,8,1,1,0,4,1, , ,N,1,3,0,3,0,0,4,3,N,N,40 00:47.779,75 06:31.294,905, ,859, ,0, ,N, ,3, , , , , ,650177, , , ,3,1,0,0,0,0,1,0,0,0,0,0,0,0,2,0,0,0,0,0,0,0,0,3,0,0,0,0,0,0,0,0,0,0,0,9,0,40.0133,-75.1087, , 
 ,58442,2012051868,6,67,67301,2012,4,3,2023,20,3,1,0,7,3, , ,N,0,0,0,3,0,0,2,2,N,N,39 53:21.496,75 13:59.962,2102, ,2051, ,0, ,N, ,0, , , , , ,650218, , , ,1,1,0,0,0,0,0,0,0,0,0,0,0,0,0,0,0,0,0,0,0,0,0,0,0,0,0,0,0,0,0,0,0,0,0,0,0,39.8893,-75.2333, , 
 ,58443,2012042171,6,67,67301,2012,3,7,2245,22,3,1,0,4,1, , ,N,1,2,0,3,0,0,2,2,N,N,40 01:50.672,75 11:15.838,2304, ,2251, ,0, ,N, ,3, , , , , ,650254, , , ,2,2,0,0,0,0,0,0,0,0,0,0,0,0,0,0,0,0,0,0,1,0,0,0,0,0,0,0,0,0,0,0,0,0,0,0,0,40.0308,-75.1878, , 
 ,58444,2012048044,6,67,67301,2012,4,3,1630,16,1,1,0,4,1, , ,N,1,3,0,3,0,1,2,3,N,N,40 00:02.174,75 07:14.217,1710, ,1700,1,1,1, , ,3,Y, , , , ,650259, , , ,3,3,0,0,0,0,0,0,0,0,0,1,1,0,0,0,0,0,0,0,0,0,0,0,0,0,0,0,0,0,0,0,0,0,0,4,0,40.0006,-75.1206, , 
 ,58445,2012060355,6,67,67301,2012,6,3,1652,16,1,2,1,7,4, , ,N,6,0,2,3,0,1,1,1,N,N,40 00:12.565,75 04:38.714,1658, ,1656,1,2,2,N, ,0,N, , , , ,650270, , , ,1,1,0,0,0,0,0,0,0,0,0,1,1,0,0,0,0,0,0,0,0,0,0,0,0,0,0,0,0,0,0,0,0,0,0,4,0,40.0035,-75.0774, , 
 ,58446,2012064021,6,67,67301,2012,5,7,1215,12,1,1,0,7,2, , ,N,0,0,0,3,0,1,2,1,N,N,40 03:36.020,75 12:03.622,1218, ,1218, ,0, ,N, ,0, , , , , ,650274, , , ,1,0,0,0,0,0,0,1,0,0,0,1,1,0,1,0,0,0,0,0,0,1,0,2,0,0,0,0,0,0,0,0,0,0,0,4,0,40.06,-75.201, , 
 ,58447,2012018573,6,67,67301,2012,2,4,1210,12,1,1,0,1,1, , ,N,6,4,2,3,0,0,2,2,N,N,39 56:54.810,75 11:08.203,1221, ,1218,1,1,4,N, ,3,N, , , , ,650285, , , ,2,2,0,0,0,0,0,0,0,0,0,0,0,0,0,0,0,0,0,0,0,0,0,0,0,0,0,0,0,0,0,0,0,0,0,0,0,39.9486,-75.1856, , 
 ,58448,2012036789,6,67,67301,2012,3,1,5,0,3,1,0,1,1, , ,N,1,0,0,3,0,1,2,2,N,N,39 56:46.716,75 09:34.207,8, ,7, ,0, ,N, ,0, , , , , ,653676, , , ,2,2,0,0,0,0,0,0,0,0,0,1,1,0,1,0,0,0,0,0,0,0,0,0,0,0,0,0,0,0,0,0,0,0,0,4,0,39.9463,-75.1595, , 
 ,58449,2012036831,6,67,67301,2012,3,5,1545,15,1,1,0,1,1, , ,N,1,2,0,3,0,1,2,2,N,N,40 06:06.760,75 02:22.992,1610, ,1605, ,0, ,N, ,3, , , , , ,653677, , , ,2,1,0,0,1,0,0,0,0,0,0,0,1,1,0,0,0,0,0,0,1,1,0,0,0,0,0,0,0,0,0,0,0,0,0,8,0,40.1019,-75.0397, , 
 ,58450,2012040801,6,67,67301,2012,4,1,745,7,1,2,1,5,2, , ,N,0,0,0,3,0,0,2,2,N,N,39 57:25.255,75 09:08.850,754, ,748,2,2,3,N, ,0,N, , , , ,653682, , , ,2,0,0,0,1,1,0,0,0,0,0,0,0,0,0,0,0,0,0,0,1,0,1,0,0,0,0,0,0,0,0,0,0,0,0,0,1,39.957,-75.1525, , 
 ,58451,2012047077,6,67,67301,2012,4,5,111,1,3,2,1,4,1, , ,N,1,3,0,3,0,1,4,2,N,N,40 01:08.120,75 02:58.216,217, ,203, ,0, ,N, ,3, , , , , ,653689, , , ,2,2,0,0,0,0,0,0,0,0,0,0,1,1,0,0,0,1,0,0,0,0,0,0,0,0,0,0,0,0,0,0,0,0,0,8,0,40.0189,-75.0495, , 
 ,58452,2012017924,6,67,67301,2012,1,5,44,0,3,1,0,1,1, , ,N,2,2,0,3,0,2,3,2,N,N,39 57:28.162,75 08:50.070,50, ,47, ,0, ,N, ,3, , , , , ,653708, , , ,2,2,0,0,0,0,0,0,0,0,0,0,2,2,1,0,0,0,0,0,0,0,0,0,0,0,0,0,0,0,0,0,0,0,0,8,0,39.9578,-75.1472, , 
 ,58453,2012026070,6,67,67301,2012,2,1,335,3,3,4,5,7,5, , ,N,2,0,0,3,0,2,3,1,N, ,39 59:26.826,75 06:30.226,338, ,338,4,2,3, , ,0,Y, , , , ,653711, , , ,1,1,0,0,0,0,0,0,0,1,0,1,2,0,0,0,0,0,0,0,0,0,0,0,0,0,0,0,0,0,0,0,0,0,0,2,0,39.9907,-75.1084, , 
 ,58454,2012026272,6,67,67301,2012,2,2,950,9,1,1,0,4,1, , ,N,1,2,0,3,0,0,2,2,N,N,40 00:37.875,75 06:00.082,9999, ,1007, ,0, ,N, ,3, , , , , ,653712, , , ,2,2,0,0,0,0,0,0,0,0,0,0,0,0,0,0,0,0,0,0,1,0,0,0,0,0,0,0,0,0,0,0,0,0,0,0,0,40.0105,-75.1, , 
 ,58455,2012033057,6,67,67301,2012,2,5,9999,99,1,1,0,4,1, , ,N,1,2,0,3,0,2,2,2,N,N,40 02:06.731,75 08:43.670,1621, ,1609, ,0, ,N, ,3, , , , , ,653716, , , ,2,2,0,0,0,0,0,0,0,0,0,2,2,0,0,0,0,0,0,0,1,0,0,0,0,0,0,0,0,0,0,0,0,0,0,4,0,40.0352,-75.1455, , 
 ,58456,2012041331,6,67,67301,2012,4,4,2352,23,3,2,1,7,2, , ,N,0,0,2,3,0,0,2,1,N,N,40 00:36.442,75 12:21.631,2359, ,2355,1,1,3,N, ,0,N, , , , ,653718, , , ,1,1,0,0,0,0,0,0,0,0,0,0,0,0,0,0,0,0,1,0,0,0,0,0,0,0,0,0,0,0,0,0,0,0,0,0,0,40.0101,-75.206, , 
 ,58457,2012047147,6,67,67301,2012,4,6,1740,17,1,1,0,4,1, , ,N,1,2,0,3,0,1,2,2,N, ,40 02:04.181,75 04:55.978,1751, ,1745, ,0, , , ,3, , , , , ,653725, , , ,2,0,0,0,0,0,2,0,0,0,0,0,1,1,0,0,0,0,0,0,1,0,0,0,0,0,0,0,0,0,0,0,0,0,0,8,0,40.0345,-75.0821, , 
 ,58458,2012047279,6,67,67301,2012,4,5,900,9,1,1,0,8,1, , ,N,1,2,0,3,0,1,2,2,N, ,39 59:18.500,75 06:22.881,902, ,901, ,0, , , ,3, , , , , ,653726, , , ,1,1,0,0,0,0,0,0,0,0,0,1,1,0,0,0,0,0,0,0,0,0,0,0,0,0,0,0,0,0,0,0,1,0,0,4,0,39.9885,-75.1064, , 
 ,58459,2012068943,6,67,67301,2012,6,6,1600,16,1,1,1,6,1, , ,N,2,3,0,3,0,1,2,2,N,N,39 59:16.094,75 07:53.659,9999, ,1600, ,0, ,N, ,3, , , , , ,653739, , , ,1,1,0,0,0,0,0,0,1,0,0,0,1,1,0,0,0,0,0,0,1,0,0,0,0,0,0,0,0,0,0,0,0,0,0,8,0,39.9878,-75.1316, , 
 ,58460,2012015437,6,67,67301,2012,1,5,9999,99,1,1,1,6,1, , ,N,0,0,0,3,0,1,4,3,N,N,39 59:03.566,75 12:11.667,1645, ,1639,2,1,5,N, ,0,Y, , , , ,653756, , , ,3,2,0,0,0,0,1,0,0,0,0,1,1,0,0,0,0,0,0,0,1,0,0,4,0,0,0,0,0,0,0,0,0,0,0,4,0,39.9843,-75.2032, , 
 ,58461,2012015856,6,67,67301,2012,1,7,930,9,1,1,0,1,1, , ,N,1,2,0,3,0,1,2,2,N,N,40 03:08.049,75 10:32.957,1000, ,1000, ,0, ,N, ,3, , , , , ,653757, , , ,2,1,0,0,1,0,0,0,0,0,0,0,1,1,1,0,0,0,0,0,0,1,0,0,0,0,0,0,0,0,0,0,0,0,0,8,0,40.0522,-75.1758, , 
 ,58462,2012028168,6,67,67301,2012,2,1,1844,18,3,1,0,4,1, , ,N,1,2,0,3,0,2,3,2,N,N,39 58:02.378,75 14:44.992,1848, ,1844, ,0, , , ,3, , , , , ,653769, , , ,2,2,0,0,0,0,0,0,0,0,0,2,2,0,0,0,0,0,0,0,1,0,0,0,0,0,0,0,0,0,0,0,0,0,0,4,0,39.9673,-75.2457, , 
 ,58463,2012056609,6,67,67301,2012,5,2,2030,20,3,1,0,1,1, , ,N,0,0,0,3,0,0,1,2,N, ,40 03:26.307,75 00:27.689,2050, ,2040, ,0, , , ,0, , , , , ,653799, , , ,2,2,0,0,0,0,0,0,0,0,0,0,0,0,0,0,0,0,0,0,0,0,0,0,0,0,0,0,0,0,0,0,0,0,0,0,0,40.0573,-75.0077, , 