wz_ln_closure,objectid_1,crn,district,county,municipality,crash_year,crash_month,day_of_week,time_of_day,hour_of_day,illumination,weather,road_condition,collision_type,relation_to_road,work_zone_type,work_zone_loc,work_zone_ind,intersect_type,tcd_type,location_type,urban_rural,fatal_count,injury_count,person_count,total_units,sch_bus_ind,sch_zone_ind,latitude,longitude,arrival_tm,cons_zone_spd_lim,dispatch_tm,est_hrs_closed,lane_closed,ln_close_dir,ntfy_hiwy_maint,spec_juris_cd,tcd_func_cd,tfc_detour_ind,workers_pres,wz_close_detour,wz_flagger,wz_law_offcr_ind,objectid,wz_moving,wz_other,wz_shlder_mdn,vehicle_count,automobile_count,motorcycle_count,bus_count,small_truck_count,heavy_truck_count,suv_count,van_count,bicycle_count,maj_inj_count,mod_inj_count,min_inj_count,tot_inj_count,unk_inj_deg_count,unk_inj_per_count,driver_count_16yr,driver_count_17yr,driver_count_18yr,driver_count_19yr,driver_count_20yr,driver_count_50_64yr,driver_count_65_74yr,driver_count_75plus,unbelted_occ_count,unb_death_count,unb_maj_inj_count,belted_death_count,belted_maj_inj_count,mcycle_death_count,mcycle_maj_inj_count,bicycle_death_count,bicycle_maj_inj_count,ped_count,ped_death_count,ped_maj_inj_count,max_severity_level,comm_veh_count,dec_lat,dec_long,rdwy_surf_type_cd,county_name
 ,58664,2012015482,6,67,67301,2012,1,1,2145,21,6,9,6,7,5, , ,N,0,0,0,3,0,1,1,1,N,N,40 00:45.132,75 10:08.051,2148, ,2145, ,0, ,N, ,0, , , , , ,650918, , , ,1,1,0,0,0,0,0,0,0,0,0,0,1,1,0,0,0,0,0,0,0,0,0,0,0,0,0,0,0,0,0,0,0,0,0,8,0,40.0125,-75.1689, , 
 ,58665,2012015403,6,67,67301,2012,1,2,9999,99,1,1,0,8,1, , ,N,0,0,0,3,0,1,2,2,N,N,40 01:19.221,75 08:01.244,1530, ,1530, ,0, ,N, ,0, , , , , ,656026, , , ,1,0,0,0,0,0,1,0,0,0,0,0,1,1,0,0,0,0,0,0,0,0,0,0,0,0,0,0,0,0,0,0,1,0,0,8,0,40.022,-75.1337, , 
 ,58666,2012026169,6,67,67301,2012,1,5,1150,11,1,1,0,2,1, , ,N,1,9,0,3,0,1,2,2,N,N,40 01:39.188,75 08:49.702,1200, ,1150, ,0, ,N, ,9, , , , , ,656037, , , ,2,1,0,0,0,0,1,0,0,0,0,1,1,0,1,0,0,0,0,0,0,0,0,1,0,0,0,0,0,0,0,0,0,0,0,4,0,40.0276,-75.1471, , 
 ,58667,2012032660,6,67,67301,2012,2,2,1028,10,1,1,0,4,1, , ,N,2,2,7,3,0,2,2,2,N,N,40 03:24.527,75 01:52.706,1034, ,1029, ,0, ,N, ,3, , , , , ,656046, , , ,2,2,0,0,0,0,0,0,0,0,0,2,2,0,0,0,0,0,0,0,1,0,0,0,0,0,0,0,0,0,0,0,0,0,0,4,0,40.0566,-75.0312, , 
 ,58668,2012034730,6,67,67301,2012,3,5,905,9,1,1,0,4,1, , ,N,1,3,0,3,0,5,5,2,N,N,40 00:22.864,75 05:22.270,906, ,905, ,0, ,N, ,3, , , , , ,656048, , , ,2,1,0,0,1,0,0,0,0,0,0,2,5,3,0,0,0,0,0,0,0,0,0,0,0,0,0,0,0,0,0,0,0,0,0,4,0,40.0063,-75.0897, , 
 ,58669,2012036908,6,67,67301,2012,2,4,1355,13,1,2,1,7,3, , ,N,0,0,0,3,0,0,1,1,N, ,40 00:29.496,75 11:29.443,1400, ,1400,2,2,1, , ,0,N, , , , ,656051, , , ,1,1,0,0,0,0,0,0,0,0,0,0,0,0,0,0,0,0,0,0,0,0,0,0,0,0,0,0,0,0,0,0,0,0,0,0,0,40.0082,-75.1915, , 
 ,58670,2012041567,6,67,67301,2012,3,1,1235,12,1,1,0,4,1, , ,N,1,3,0,3,0,1,3,2,N, ,39 58:12.601,75 13:42.801,1240, ,1236, ,0, , , ,3, , , , , ,656056, , , ,2,2,0,0,0,0,0,0,0,0,0,0,1,1,0,0,0,0,0,0,0,0,1,0,0,0,0,0,0,0,0,0,0,0,0,8,0,39.9702,-75.2286, , 
 ,58671,2012041740,6,67,67301,2012,3,5,1942,19,4,1,0,4,1, , ,N,5,2,0,3,0,1,2,2,N,N,39 58:59.552,75 07:57.021,9999, ,9999, ,0, ,N, ,3, , , , , ,656057, , , ,2,0,1,0,1,0,0,0,0,0,1,0,1,0,0,0,0,0,0,1,1,0,0,0,0,0,0,0,0,0,0,0,0,0,0,3,0,39.9832,-75.1325, , 
 ,58672,2012051947,6,67,67301,2012,5,5,1846,18,1,1,0,8,1, , ,N,1,2,0,3,1,0,2,2,N,N,40 02:39.450,75 03:14.767,1942, ,1922,3,2,6,N,0,3,Y, , , , ,656063, , , ,1,1,0,0,0,0,0,0,0,0,0,0,0,0,0,0,0,0,0,0,0,0,0,0,0,0,0,0,0,0,0,0,1,1,0,1,0,40.0443,-75.0541,2, 
 ,58673,2012015423,6,67,67301,2012,1,4,1205,12,1,1,0,1,1, , ,N,2,0,0,3,0,2,3,3,N,N,39 59:49.869,75 07:06.552,1210, ,1210, ,0, ,N, ,0, , , , , ,656074, , , ,3,2,0,0,1,0,0,0,0,0,0,0,2,2,0,0,0,0,0,0,0,0,0,0,0,0,0,0,0,0,0,0,0,0,0,8,0,39.9971,-75.1185, , 
 ,58674,2012035412,6,67,67301,2012,3,7,1320,13,1,1,0,1,1, , ,N,3,2,0,3,0,1,6,3,N,N,40 04:13.793,75 09:18.678,1327, ,1322, ,0, ,N, ,3, , , , , ,656084, , , ,3,1,0,0,0,0,0,2,0,0,0,0,1,1,0,0,0,0,1,0,1,0,0,0,0,0,0,0,0,0,0,0,0,0,0,8,0,40.0705,-75.1552, , 
 ,58675,2012048310,6,67,67301,2012,4,3,1452,14,1,1,0,4,1, , ,N,1,2,0,3,0,2,8,5,N, ,39 54:42.724,75 10:21.917,1455, ,1452,3,2,2, , ,3,Y, , , , ,656091, , , ,5,4,0,0,1,0,0,0,0,0,0,1,2,1,0,0,0,0,0,0,0,2,1,0,0,0,0,0,0,0,0,0,0,0,0,4,0,39.9119,-75.1728, , 
 ,58676,2012054261,6,67,67301,2012,5,3,2048,20,2,2,1,7,2, , ,N,0,0,0,3,0,1,1,1,N,N,39 55:53.589,75 11:58.321,2112, ,2051, ,0, ,N, ,0, , , , , ,656097, , , ,1,0,0,0,0,0,1,0,0,0,0,1,1,0,0,0,0,0,0,0,0,0,0,0,0,0,0,0,0,0,0,0,0,0,0,4,0,39.9316,-75.1995, , 
 ,58677,2012020589,6,67,67301,2012,1,5,250,2,3,2,1,7,7, , ,N,0,0,0,3,0,1,2,1,N,N,40 00:51.260,75 12:21.860,308, ,303, ,0, , , ,0, , , , , ,656128, , , ,1,1,0,0,0,0,0,0,0,0,0,0,1,1,0,0,0,0,0,0,0,0,0,0,0,0,0,0,0,0,0,0,0,0,0,8,0,40.0142,-75.2061, , 
 ,58678,2012022595,6,67,67301,2012,1,3,9999,99,3,1,0,5,1, , ,N,0,0,0,3,0,1,3,2,N, ,40 01:20.495,75 04:41.237,2000, ,2055, ,0, , , ,0, , , , , ,656131, , , ,2,2,0,0,0,0,0,0,0,0,0,1,1,0,2,0,0,0,0,0,0,0,0,1,0,0,0,0,0,0,0,0,0,0,0,4,0,40.0224,-75.0781, , 
 ,58679,2012028171,6,67,67301,2012,2,5,828,8,1,1,0,6,1, , ,N,1,2,0,3,0,1,4,3,N,N,39 58:05.382,75 13:30.517,839, ,828, ,0, ,N, ,3, , , , , ,656139, , , ,3,2,0,0,0,0,1,0,0,0,0,0,1,1,0,0,0,0,0,0,0,1,0,0,0,0,0,0,0,0,0,0,0,0,0,8,0,39.9681,-75.2251, , 
 ,58680,2012047075,6,67,67301,2012,4,2,1445,14,1,1,0,1,1, , ,N,0,0,0,3,0,0,3,2,N,N,39 57:18.293,75 12:37.059,1550, ,1542,1,1,4,N, ,0,N, , , , ,656155, , , ,2,1,0,0,0,0,1,0,0,0,0,0,0,0,0,0,0,0,0,0,0,1,1,0,0,0,0,0,0,0,0,0,0,0,0,0,0,39.9551,-75.2103, , 
 ,58681,2012012560,6,67,67301,2012,1,2,1240,12,1,1,0,5,6, , ,N,0,0,0,3,0,0,1,2,N,N,39 55:33.051,75 10:52.019,1247, ,1245,1,1,3,N, ,0,N, , , , ,656166, , , ,2,2,0,0,0,0,0,0,0,0,0,0,0,0,0,0,0,0,0,0,0,0,0,0,0,0,0,0,0,0,0,0,0,0,0,0,0,39.9258,-75.1811, , 
 ,58682,2012028798,6,67,67301,2012,3,5,1344,13,1,1,0,5,3, , ,N,0,0,0,3,0,0,2,2,Y,N,40 01:59.328,75 01:14.506,1412, ,1348, ,0, ,N, ,0, , , , , ,656179, , , ,2,1,0,0,0,1,0,0,0,0,0,0,0,0,0,0,0,0,0,0,1,0,0,0,0,0,0,0,0,0,0,0,0,0,0,0,1,40.0332,-75.0206, , 
 ,58683,2012066444,6,67,67301,2012,5,3,2004,20,3,1,0,1,1, , ,N,1,2,0,3,0,1,4,3,N,N,39 53:40.603,75 14:12.181,2015, ,2004, ,0, ,N, ,3, , , , , ,643809, , , ,3,3,0,0,0,0,0,0,0,0,0,1,1,0,3,0,0,0,0,0,1,0,0,0,0,0,0,0,0,0,0,0,0,0,0,4,0,39.8946,-75.2367, , 
 ,58684,2012020522,6,67,67301,2012,1,5,943,9,1,2,1,8,1, , ,N,1,2,0,3,0,1,2,2,N,N,39 57:03.858,75 09:56.243,954, ,944, ,0, ,N, ,3, , , , , ,643830, , , ,1,0,0,0,0,0,0,1,0,0,0,0,1,1,0,0,0,0,1,0,0,0,0,0,0,0,0,0,0,0,0,0,1,0,0,8,0,39.9511,-75.1656, , 
 ,58685,2012034705,6,67,67301,2012,3,4,1900,19,3,1,0,4,1, , ,N,1,3,0,3,0,1,3,2,N, ,40 02:04.164,75 02:53.357,1912, ,1908, ,0, , , ,3, , , , , ,643837, , , ,2,2,0,0,0,0,0,0,0,0,0,1,1,0,0,0,0,0,0,0,1,0,0,0,0,0,0,0,0,0,0,0,0,0,0,4,0,40.0345,-75.0482, , 
 ,58686,2012034733,6,67,67301,2012,3,5,1658,16,1,1,0,4,1, , ,N,0,0,0,3,0,1,3,2,N,N,40 05:02.389,75 02:19.493,1705, ,1659,2,2,2,N, ,0,Y, , , , ,643838, , , ,2,1,0,0,0,0,1,0,0,0,0,0,1,1,0,0,0,0,0,0,0,0,0,0,0,0,0,0,0,0,0,0,0,0,0,8,0,40.0841,-75.0386, , 
 ,58687,2012045922,6,67,67301,2012,4,4,1557,15,1,1,0,1,1, , ,N,0,0,0,3,0,0,2,2,N,N,39 55:37.565,75 08:47.581,1615, ,1604,2,1,1,N, ,0,N, , , , ,643846, , , ,2,0,0,0,1,0,1,0,0,0,0,0,0,0,0,0,0,0,0,0,0,0,0,0,0,0,0,0,0,0,0,0,0,0,0,0,0,39.927,-75.1466, , 
 ,58688,2012047252,6,67,67301,2012,4,2,2320,23,3,1,0,4,1, , ,N,0,0,0,3,0,4,8,3,N,N,40 00:36.992,75 11:08.108,2340, ,2322,2,2,2,N, ,0,N, , , , ,643851, , , ,3,2,0,0,0,0,1,0,0,0,0,4,4,0,0,0,0,0,0,0,0,0,0,0,0,0,0,0,0,0,0,0,0,0,0,4,0,40.0103,-75.1856, , 
 ,58689,2012049255,6,67,67301,2012,4,1,2239,22,3,2,1,4,1, , ,N,2,0,0,3,0,1,2,2,N,N,40 05:26.613,75 03:20.265,2305, ,2302,2,2,7,N, ,0,Y, , , , ,643854, , , ,2,1,0,0,0,0,1,0,0,0,0,1,1,0,0,0,0,0,0,0,0,0,0,0,0,0,0,0,0,0,0,0,0,0,0,4,0,40.0907,-75.0556, , 
 ,58690,2012049757,6,67,67301,2012,4,6,958,9,1,1,0,4,2, , ,N,0,0,0,3,0,0,2,2,N, ,39 56:52.180,75 10:17.983,958, ,958, ,0, , , ,0, , , , , ,643856, , , ,2,1,0,0,0,1,0,0,0,0,0,0,0,0,1,0,0,0,0,0,0,1,0,0,0,0,0,0,0,0,0,0,0,0,0,9,1,39.9478,-75.1717, , 
 ,58691,2012049822,6,67,67301,2012,4,1,1835,18,1,1,0,1,1, , ,N,1,2,0,3,0,0,3,2,N, ,40 03:12.464,75 03:17.783,1845, ,1843,1,1,5, , ,3,N, , , , ,643857, , , ,2,1,0,0,0,0,0,1,0,0,0,0,0,0,2,0,0,0,0,0,0,0,0,0,0,0,0,0,0,0,0,0,0,0,0,9,0,40.0535,-75.0549, , 
 ,58692,2012015484,6,67,67301,2012,1,1,747,7,1,1,0,4,1, , ,N,0,0,0,3,0,1,2,2,N,N,39 56:18.670,75 12:57.273,750, ,747, ,0, ,N, ,0, , , , , ,643875, , , ,2,1,0,0,0,0,0,1,0,0,0,0,1,1,0,0,0,0,0,0,0,0,0,0,0,0,0,0,0,0,0,0,0,0,0,8,0,39.9385,-75.2159, , 
 ,58693,2012019951,6,67,67301,2012,1,3,1759,17,1,1,0,4,1, , ,N,1,3,0,3,0,4,5,2,N,N,40 04:28.264,75 09:59.050,1832, ,1832, ,0, ,N, ,2, , , , , ,643878, , , ,2,1,0,0,1,0,0,0,0,0,0,4,4,0,0,0,0,0,0,0,1,0,0,0,0,0,0,0,0,0,0,0,0,0,0,4,0,40.0745,-75.1664, , 
 ,58694,2012020425,6,67,67301,2012,2,5,1530,15,1,1,0,8,1, , ,N,1,2,0,3,0,1,2,2,N,N,39 55:17.374,75 10:36.926,1545, ,1540, ,0, ,N, ,3, , , , , ,643879, , , ,1,0,0,0,1,0,0,0,0,0,0,1,1,0,0,0,0,0,0,0,0,0,0,0,0,0,0,0,0,0,0,0,1,0,0,4,0,39.9215,-75.1769, , 
 ,58695,2012042223,6,67,67301,2012,3,3,600,6,1,1,0,8,1, , ,N,0,0,0,3,0,1,2,2,N,N,40 01:54.386,75 08:40.862,610, ,605, ,0, ,N, ,0, , , , , ,643902, , , ,1,0,0,0,0,0,1,0,0,0,0,1,1,0,0,0,0,0,0,0,0,0,0,0,0,0,0,0,0,0,0,0,1,0,0,4,0,40.0318,-75.1447, , 
 ,58696,2012021374,6,67,67301,2012,1,3,1522,15,1,2,1,4,4, , ,N,2,2,0,3,0,3,9,2,Y,N,39 58:34.962,75 15:50.756,1526, ,1526, ,0, ,N, ,3, , , , , ,643923, , , ,2,1,0,1,0,0,0,0,0,0,0,3,3,0,0,0,0,0,1,0,0,0,0,0,0,0,0,0,0,0,0,0,0,0,0,4,1,39.9764,-75.2641, , 
 ,58697,2012037383,6,67,67301,2012,3,6,1910,19,3,2,1,8,1, , ,N,0,0,0,3,0,1,2,2,N,N,40 05:03.574,74 57:56.180,1913, ,1910,2,1,1,N, ,0,N, , , , ,643935, , , ,1,1,0,0,0,0,0,0,0,0,0,0,1,1,0,0,0,0,0,0,0,0,0,0,0,0,0,0,0,0,0,0,1,0,0,8,0,40.0843,-74.9656, , 
 ,58698,2012020438,6,67,67301,2012,1,5,1900,19,3,1,0,8,1, , ,N,3,2,0,3,0,1,2,2,N, ,39 55:54.338,75 13:00.262,1915, ,1902, ,0, , , ,9, , , , , ,643975, , , ,1,1,0,0,0,0,0,0,0,0,0,1,1,0,0,0,0,0,0,0,1,0,0,0,0,0,0,0,0,0,0,0,1,0,0,4,0,39.9318,-75.2167, , 
 ,58699,2012032637,6,67,67301,2012,2,5,2130,21,3,1,0,4,1, , ,N,1,2,0,3,0,0,2,2,N,N,40 03:26.532,75 04:36.059,2139, ,2139, ,0, ,N, ,3, , , , , ,643992, , , ,2,1,0,0,0,0,1,0,0,0,0,0,0,0,0,0,0,0,1,0,0,0,0,0,0,0,0,0,0,0,0,0,0,0,0,0,0,40.0574,-75.0768, , 
 ,58700,2012042213,6,67,67301,2012,3,5,1709,17,1,1,0,4,1, , ,N,1,2,0,3,0,1,3,2,N, ,40 00:35.396,75 10:00.737,1713, ,1710,1,1,1, , ,3,N, , , , ,643999, , , ,2,1,0,0,0,0,0,1,0,0,0,1,1,0,0,0,0,0,0,0,1,0,0,0,0,0,0,0,0,0,0,0,0,0,0,4,0,40.0098,-75.1669, , 
 ,58701,2012051930,6,67,67301,2012,5,5,9999,99,1,1,0,4,1, , ,N,1,3,0,3,0,0,3,2,N,N,39 58:40.076,75 09:44.002,1622, ,1620, ,0, ,N, ,3, , , , , ,647132, , , ,2,2,0,0,0,0,0,0,0,0,0,0,0,0,0,0,0,0,0,0,1,0,0,0,0,0,0,0,0,0,0,0,0,0,0,0,0,39.9778,-75.1622, , 
 ,58702,2012056527,6,67,67301,2012,5,4,940,9,1,2,1,4,1, , ,N,1,2,0,3,0,1,2,2,N,N,39 57:13.817,75 10:30.301,1010, ,1000, ,0, , , ,3, , , , , ,647136, , , ,1,1,0,0,0,0,0,0,1,0,0,1,1,0,0,0,0,0,0,0,0,1,0,0,0,0,0,0,0,0,0,0,0,0,0,4,0,39.9538,-75.1751, , 
 ,58703,2012060681,6,67,67301,2012,5,2,720,7,1,1,0,5,1, , ,N,0,0,0,3,0,1,2,2,N,N,40 04:16.560,75 14:29.441,740, ,730, ,0, , , ,0, , , , , ,647142, , , ,2,1,0,1,0,0,0,0,0,0,0,0,1,1,0,0,0,0,0,0,0,0,0,0,0,0,0,0,0,0,0,0,0,0,0,8,1,40.0712,-75.2414, , 
 ,58704,2012017814,6,67,67301,2012,1,5,1814,18,3,1,1,1,1, , ,N,2,2,0,3,0,1,4,2,N, ,40 07:10.776,75 00:31.301,1820, ,1816, ,0, , , ,3, , , , , ,647161, , , ,2,0,0,0,1,0,0,1,0,0,0,0,1,1,0,0,0,0,0,0,0,0,0,0,0,0,0,0,0,0,0,0,0,0,0,8,0,40.1197,-75.0087, , 
U,58705,2012048074,6,67,67301,2012,4,6,1354,13,1,1,0,7,5,3,8,Y,0,0,0,3,0,0,1,1,N,Y,39 58:03.777,75 08:52.278,1400,99,1355,2,1,2,N, ,0,Y,Y,Y,U,N,647192,U,U,U,1,1,0,0,0,0,0,0,0,0,0,0,0,0,0,0,0,0,0,0,0,0,0,1,0,0,0,0,0,0,0,0,0,0,0,0,0,39.9677,-75.1479, , 
 ,58706,2012049790,6,67,67301,2012,4,3,2030,20,3,1,0,8,1, , ,N,0,0,0,3,0,1,2,2,N,N,39 59:39.545,75 10:45.001,2037, ,2035, ,0, ,N, ,0, , , , , ,647194, , , ,1,1,0,0,0,0,0,0,0,0,0,1,1,0,0,0,0,0,0,0,0,0,0,0,0,0,0,0,0,0,0,0,1,0,0,4,0,39.9943,-75.1792, , 
 ,58707,2012014826,6,67,67301,2012,2,3,645,6,1,1,0,1,1, , ,N,0,0,0,3,0,1,2,2,N,N,39 59:24.851,75 05:13.539,708, ,651, ,0, ,N, ,0, , , , , ,647205, , , ,2,1,0,0,1,0,0,0,0,0,0,0,1,1,0,0,0,0,0,0,0,0,0,0,0,0,0,0,0,0,0,0,0,0,0,8,0,39.9903,-75.087, , 
 ,58708,2012037413,6,67,67301,2012,3,7,1505,15,1,1,0,7,4, , ,N,0,0,0,3,0,0,1,1,N,N,40 05:18.475,74 57:32.153,1515, ,1506, ,0, ,N, ,0, , , , , ,647227, , , ,1,0,0,0,0,0,1,0,0,0,0,0,0,0,0,0,0,0,0,0,1,0,0,0,0,0,0,0,0,0,0,0,0,0,0,0,0,40.0885,-74.9589, , 
 ,58709,2012041683,6,67,67301,2012,3,2,2157,21,3,1,0,5,6, , ,N,0,0,0,3,0,0,1,2,N,N,40 01:11.478,75 03:47.530,2205, ,2200, ,0, ,N, ,0, , , , , ,647231, , , ,2,2,0,0,0,0,0,0,0,0,0,0,0,0,0,0,0,0,0,0,1,0,0,1,0,0,0,0,0,0,0,0,0,0,0,0,0,40.0199,-75.0632, , 
 ,58710,2012056690,6,67,67301,2012,5,3,1425,14,1,1,0,1,1, , ,N,1,2,0,3,0,1,2,2,N,N,40 06:08.954,75 01:43.447,1431, ,1425, ,0, ,N, ,3, , , , , ,647243, , , ,2,1,0,0,1,0,0,0,0,0,0,0,1,1,0,0,0,0,0,0,0,0,0,0,0,0,0,0,0,0,0,0,0,0,0,8,0,40.1025,-75.0287, , 
 ,58711,2012015417,6,67,67301,2012,1,1,238,2,3,1,0,7,5, , ,N,2,0,0,3,0,0,4,2,N,N,40 01:14.130,75 08:26.293,247, ,241, ,0, ,N, ,0, , , , , ,647252, , , ,2,1,0,0,0,0,1,0,0,0,0,0,0,0,3,0,0,0,0,0,0,0,0,3,0,0,0,0,0,0,0,0,0,0,0,9,0,40.0206,-75.1407, , 
 ,58712,2012041484,6,67,67301,2012,3,6,2300,23,3,1,0,2,1, , ,N,3,3,0,3,0,1,3,2,N,N,40 01:23.893,75 02:12.532,2320, ,2311,2,2,2,N, ,3,Y, , , , ,647285, , , ,2,2,0,0,0,0,0,0,0,0,0,1,1,0,0,0,0,0,0,0,0,0,0,3,0,0,0,0,0,0,0,0,0,0,0,4,0,40.0233,-75.0368, , 
 ,58713,2012052690,6,67,67301,2012,4,7,135,1,3,1,0,7,5, , ,N,0,3,0,3,0,2,2,1,N,N,40 00:38.191,75 08:58.662,135, ,140,3,2,5,N, ,3,N, , , , ,647291, , , ,1,1,0,0,0,0,0,0,0,0,0,2,2,0,0,0,0,0,0,0,0,0,0,0,0,0,0,0,0,0,0,0,0,0,0,4,0,40.0106,-75.1496, , 
 ,58714,2012018933,6,67,67301,2012,2,4,1910,19,3,1,0,5,1, , ,N,7,0,2,3,0,1,2,2,N,N,39 57:06.095,75 08:29.301,1922, ,1912, ,0, ,N, ,0, , , , , ,647305, , , ,2,1,0,0,0,0,1,0,0,0,0,1,1,0,0,0,0,0,0,0,1,0,0,0,0,0,0,0,0,0,0,0,0,0,0,4,0,39.9517,-75.1415, , 
U,58715,2012028178,6,67,67301,2012,2,6,900,9,1,1,0,6,1,8,8,Y,1,2,0,3,0,1,2,2,N,N,39 57:12.030,75 11:01.741,922,99,917, ,0, ,N, ,3, ,U,U,U,U,647311,U,U,U,2,1,0,0,0,0,1,0,0,0,0,1,1,0,0,0,0,0,0,0,0,0,0,0,0,0,0,0,0,0,0,0,0,0,0,4,0,39.9533,-75.1838, , 
 ,58716,2012042178,6,67,67301,2012,3,2,751,7,1,1,1,4,1, , ,N,0,0,7,3,0,1,3,2,N, ,40 00:59.903,75 08:58.288,815, ,809, ,0, , , ,0, , , , , ,647320, , , ,2,0,0,0,1,0,1,0,0,0,0,1,1,0,0,0,0,0,0,0,1,0,0,0,0,0,0,0,0,0,0,0,0,0,0,4,0,40.0166,-75.1495, , 
 ,58717,2012049676,6,67,67301,2012,4,1,150,1,3,1,6,4,1, , ,N,1,3,0,3,0,1,2,2,N, ,40 01:40.843,75 07:56.434,205, ,200, ,0, , , ,3, , , , , ,647324, , , ,2,2,0,0,0,0,0,0,0,0,0,0,1,1,0,0,0,0,1,0,1,0,0,0,0,0,0,0,0,0,0,0,0,0,0,8,0,40.028,-75.1323, , 
 ,58718,2012066634,6,67,67301,2012,6,3,1450,14,1,1,0,1,1, , ,N,1,2,0,3,0,1,3,3,N,N,39 59:49.557,75 14:07.172,1507, ,1501, ,0, ,N, ,3, , , , , ,647339, , , ,3,2,0,0,1,0,0,0,0,0,0,0,1,1,0,0,0,0,0,0,1,0,0,0,0,0,0,0,0,0,0,0,0,0,0,8,0,39.997,-75.2353, , 
 ,58719,2012032904,6,67,67301,2012,3,4,605,6,3,2,1,7,2, , ,N,0,0,0,3,0,1,1,1,N,N,39 58:51.366,75 12:23.364,610, ,605, ,0, ,N, ,0, , , , , ,650931, , , ,1,1,0,0,0,0,0,0,0,0,0,1,1,0,0,0,0,0,0,0,0,0,0,0,0,0,0,0,0,0,0,0,0,0,0,4,0,39.9809,-75.2065, , 
 ,58720,2012033064,6,67,67301,2012,2,6,9999,99,3,2,1,4,1, , ,N,1,3,0,3,0,2,5,2,N,N,40 02:17.088,75 07:52.197,1928, ,1921, ,0, ,N, ,3, , , , , ,650932, , , ,2,2,0,0,0,0,0,0,0,0,0,2,2,0,0,0,0,0,0,0,0,0,0,0,0,0,0,0,0,0,0,0,0,0,0,4,0,40.0381,-75.1312, , 
 ,58721,2012037411,6,67,67301,2012,3,1,1843,18,3,1,0,8,1, , ,N,1,0,0,3,0,1,2,2,N, ,40 00:00.478,75 07:43.960,9999, ,9999, ,0, , , ,0, , , , , ,650936, , , ,1,1,0,0,0,0,0,0,0,0,1,0,1,0,0,0,0,0,0,0,0,0,0,0,0,0,0,0,0,0,0,0,1,0,0,3,0,40.0001,-75.1289, , 
 ,58722,2012054569,6,67,67301,2012,5,4,1842,18,1,1,0,1,2, , ,N,0,0,0,3,0,0,2,2,N,N,39 57:31.865,75 08:26.379,1852, ,1848, ,0, ,Y, ,0, , , , , ,650944, , , ,2,1,0,0,0,0,0,0,0,0,0,0,0,0,1,0,0,0,1,0,0,0,0,0,0,0,0,0,0,0,0,0,0,0,0,9,0,39.9587,-75.1407, , 
 ,58723,2012041584,6,67,67301,2012,3,5,1106,11,1,1,0,4,1, , ,N,1,2,0,3,0,2,2,2,N,N,40 01:01.307,75 03:37.707,1110, ,1106, ,0, ,N, ,3, , , , , ,650973, , , ,2,1,0,0,1,0,0,0,0,0,0,2,2,0,0,0,0,0,0,0,1,0,0,0,0,0,0,0,0,0,0,0,0,0,0,4,0,40.0169,-75.0606, , 
 ,58724,2012048282,6,67,67301,2012,4,3,1759,17,1,1,0,1,1, , ,N,0,0,0,3,0,1,1,2,N,N,40 03:21.001,75 03:13.184,1759, ,1759,2,2,2,N, ,0,Y, , , , ,650977, , , ,2,0,0,0,2,0,0,0,0,0,0,1,1,0,0,0,0,0,0,0,0,0,0,1,0,0,0,0,0,0,0,0,0,0,0,4,0,40.0558,-75.0537, , 
 ,58725,2012049810,6,67,67301,2012,4,3,2020,20,3,1,0,8,1, , ,N,0,0,0,3,0,1,2,2,N,N,39 55:32.571,75 14:02.853,2025, ,2020, ,0, ,N, ,0, , , , , ,650978, , , ,1,1,0,0,0,0,0,0,0,0,0,0,1,1,0,0,0,0,0,0,0,0,0,0,0,0,0,0,0,0,0,0,1,0,0,8,0,39.9257,-75.2341, , 
 ,58726,2012060629,6,67,67301,2012,5,1,1945,19,3,1,0,1,1, , ,N,0,0,0,3,0,0,2,2,N, ,39 59:50.014,75 14:05.466,2015, ,2000, ,0, , , ,0, , , , , ,650987, , , ,2,2,0,0,0,0,0,0,0,0,0,0,0,0,0,0,0,0,0,0,0,0,0,0,0,0,0,0,0,0,0,0,0,0,0,0,0,39.9972,-75.2349, , 
 ,58727,2012066707,6,67,67301,2012,6,6,1930,19,1,1,0,4,4, , ,N,1,2,0,3,0,1,1,2,N,N,39 58:46.522,75 10:15.895,1936, ,1930, ,0, ,N, ,3, , , , , ,650995, , , ,2,2,0,0,0,0,0,0,0,0,0,0,1,1,0,0,0,0,0,1,0,0,0,0,0,0,0,0,0,0,0,0,0,0,0,8,0,39.9796,-75.1711, , 
 ,58728,2012041678,6,67,67301,2012,3,1,605,6,3,1,0,4,2, , ,N,0,0,0,3,0,0,1,3,N,N,40 01:59.523,75 04:23.458,625, ,615,1,1,3,N, ,0,N, , , , ,651033, , , ,3,2,0,0,1,0,0,0,0,0,0,0,0,0,0,0,0,0,0,0,0,0,0,0,0,0,0,0,0,0,0,0,0,0,0,0,0,40.0332,-75.0732, , 
 ,58729,2012041755,6,67,67301,2012,3,2,951,9,1,1,0,8,6, , ,N,0,0,0,3,1,0,2,2,N, ,40 03:17.733,75 00:16.343,952, ,952, ,0, , ,0,0, , , , , ,651034, , , ,1,0,0,0,0,1,0,0,0,0,0,0,0,0,0,0,0,0,0,0,1,0,0,0,0,0,0,0,0,0,0,0,1,1,0,1,1,40.0549,-75.0045,2, 