wz_ln_closure,objectid_1,crn,district,county,municipality,crash_year,crash_month,day_of_week,time_of_day,hour_of_day,illumination,weather,road_condition,collision_type,relation_to_road,work_zone_type,work_zone_loc,work_zone_ind,intersect_type,tcd_type,location_type,urban_rural,fatal_count,injury_count,person_count,total_units,sch_bus_ind,sch_zone_ind,latitude,longitude,arrival_tm,cons_zone_spd_lim,dispatch_tm,est_hrs_closed,lane_closed,ln_close_dir,ntfy_hiwy_maint,spec_juris_cd,tcd_func_cd,tfc_detour_ind,workers_pres,wz_close_detour,wz_flagger,wz_law_offcr_ind,objectid,wz_moving,wz_other,wz_shlder_mdn,vehicle_count,automobile_count,motorcycle_count,bus_count,small_truck_count,heavy_truck_count,suv_count,van_count,bicycle_count,maj_inj_count,mod_inj_count,min_inj_count,tot_inj_count,unk_inj_deg_count,unk_inj_per_count,driver_count_16yr,driver_count_17yr,driver_count_18yr,driver_count_19yr,driver_count_20yr,driver_count_50_64yr,driver_count_65_74yr,driver_count_75plus,unbelted_occ_count,unb_death_count,unb_maj_inj_count,belted_death_count,belted_maj_inj_count,mcycle_death_count,mcycle_maj_inj_count,bicycle_death_count,bicycle_maj_inj_count,ped_count,ped_death_count,ped_maj_inj_count,max_severity_level,comm_veh_count,dec_lat,dec_long,rdwy_surf_type_cd,county_name
 ,58730,2012042239,6,67,67301,2012,3,2,1610,16,1,1,0,4,1, , ,N,1,2,0,3,0,1,2,2,N,N,39 59:56.702,75 06:07.365,1618, ,1618, ,0, ,N, ,3, , , , , ,651035, , , ,2,0,0,0,0,0,0,2,0,0,0,0,1,1,0,0,0,0,0,0,0,0,0,0,0,0,0,0,0,0,0,0,0,0,0,8,0,39.9991,-75.102, , 
 ,58731,2012048098,6,67,67301,2012,4,4,1418,14,1,1,0,4,1, , ,N,1,2,0,3,0,1,2,2,N,N,39 56:16.111,75 10:00.162,1425, ,420,1,1,3,N, ,1,N, , , , ,651040, , , ,2,1,0,0,1,0,0,0,0,0,0,1,1,0,0,0,0,0,0,0,0,0,1,0,0,0,0,0,0,0,0,0,0,0,0,4,0,39.9379,-75.1667, , 
 ,58732,2012026274,6,67,67301,2012,1,7,2115,21,3,4,5,1,1, , ,N,0,2,0,3,0,1,4,2,N, ,40 01:30.057,75 07:22.137,2130, ,2124, ,0, , , ,2, , , , , ,651061, , , ,2,2,0,0,0,0,0,0,0,0,0,1,1,0,2,0,0,0,0,0,0,0,0,2,0,0,0,0,0,0,0,0,0,0,0,4,0,40.025,-75.1228, , 
 ,58733,2012037399,6,67,67301,2012,2,4,1124,11,1,1,0,8,1, , ,N,1,2,0,3,0,1,2,2,N,N,39 56:49.048,75 09:16.145,1140, ,1137,1,1,3, , ,3,Y, , , , ,651074, , , ,1,1,0,0,0,0,0,0,0,0,0,1,1,0,0,0,0,0,0,0,0,0,0,0,0,0,0,0,0,0,0,0,1,0,0,4,0,39.947,-75.1545, , 
 ,58734,2012045930,6,67,67301,2012,5,7,1045,10,1,1,0,7,2, , ,N,0,0,0,3,0,0,4,3,N,N,39 57:34.546,75 10:32.153,1059, ,1048,1,1,4,N, ,0,N, , , , ,651080, , , ,3,1,0,0,0,0,2,0,0,0,0,0,0,0,0,0,0,0,0,0,1,1,0,0,0,0,0,0,0,0,0,0,0,0,0,0,0,39.9596,-75.1756, , 
 ,58735,2012049662,6,67,67301,2012,4,7,200,2,3,1,0,8,1, , ,N,0,0,0,3,0,1,5,2,N, ,40 04:46.782,75 01:35.939,205, ,203, ,0, , , ,0, , , , , ,651084, , , ,1,1,0,0,0,0,0,0,0,0,0,0,1,1,0,0,0,0,0,0,0,0,0,0,0,0,0,0,0,0,0,0,1,0,0,8,0,40.0797,-75.0266, , 
 ,58736,2012049830,6,67,67301,2012,4,3,1050,10,1,1,0,1,7, , ,N,1,2,2,3,0,0,2,2,N,N,40 00:33.068,75 04:08.444,9999, ,9999, ,0, ,N, ,3, , , , , ,651085, , , ,2,1,0,0,0,1,0,0,0,0,0,0,0,0,0,0,0,0,0,0,0,1,0,2,0,0,0,0,0,0,0,0,0,0,0,0,0,40.0092,-75.069, , 
 ,58737,2012016374,6,67,67301,2012,2,5,1635,16,1,1,0,1,1, , ,N,0,0,0,3,0,3,4,4,N,N,40 01:38.124,75 01:31.754,1639, ,1637, ,0, ,N, ,0, , , , , ,655202, , , ,4,3,0,0,0,0,1,0,0,0,1,2,3,0,0,0,0,0,0,0,1,0,0,0,0,0,0,0,0,0,0,0,0,0,0,3,0,40.0273,-75.0253, , 
 ,58738,2012026281,6,67,67301,2012,1,4,1215,12,1,1,0,8,1, , ,N,0,0,0,3,0,1,2,2,N, ,40 00:22.075,75 08:13.563,1222, ,1222, ,0, , , ,0, , , , , ,655211, , , ,1,1,0,0,0,0,0,0,0,0,0,0,1,1,0,0,0,0,0,0,1,0,0,0,0,0,0,0,0,0,0,0,1,0,0,8,0,40.0061,-75.1371, , 
 ,58739,2012029357,6,46,46104,2012,3,2,1904,19,3,1,0,4,1, , ,N,1,2,0,3,0,1,2,2,N,N,40 00:04.521,75 13:35.036,1912, ,1905,1,1,2,N, ,3,Y, , , , ,655214, , , ,2,2,0,0,0,0,0,0,0,0,0,0,1,1,0,0,0,0,0,0,0,0,0,0,0,0,0,0,0,0,0,0,0,0,0,8,0,40.0012,-75.2264, , 
 ,58740,2012015441,6,67,67301,2012,1,3,1000,10,1,2,1,1,1, , ,N,1,2,0,3,0,1,3,2,N, ,39 56:51.762,75 09:03.936,1005, ,1000, ,0, ,N, ,3, , , , , ,655251, , , ,2,1,0,0,0,1,0,0,0,0,0,1,1,0,0,0,0,0,0,0,1,0,0,0,0,0,0,0,0,0,0,0,0,0,0,4,1,39.9477,-75.1511, , 
 ,58741,2012027750,6,67,67301,2012,2,2,9999,99,1,1,0,1,1, , ,N,0,0,7,3,0,1,4,2,N,N,39 56:42.104,75 10:06.848,9999, ,1521, ,0, , , ,0, , , , , ,655256, , , ,2,1,0,0,0,0,0,1,0,0,0,1,1,0,0,0,0,0,0,0,1,0,0,0,0,0,0,0,0,0,0,0,0,0,0,4,0,39.945,-75.1686, , 
 ,58742,2012040799,6,67,67301,2012,3,4,1522,15,1,1,0,1,1, , ,N,0,0,0,3,0,1,2,2,N,N,39 58:22.023,75 07:15.525,1546, ,1527,2,1,1,N, ,0,N, , , , ,655266, , , ,2,1,0,0,0,0,1,0,0,1,0,0,1,0,0,0,0,0,0,0,0,1,0,0,0,0,0,1,0,0,0,0,0,0,0,2,0,39.9728,-75.121, , 
 ,58743,2012041638,6,67,67301,2012,3,6,914,9,1,1,0,8,1, , ,N,1,2,0,3,0,1,2,2,N, ,39 57:37.816,75 13:43.179,1910, ,932, ,0, , , ,3, , , , , ,655267, , , ,1,0,0,0,1,0,0,0,0,0,0,1,1,0,0,0,0,0,0,0,0,0,0,0,0,0,0,0,0,0,0,0,1,0,0,4,0,39.9604,-75.2287, , 
 ,58744,2012047150,6,67,67301,2012,3,7,100,1,3,2,1,4,1, , ,N,3,3,0,3,0,1,2,2,N,N,39 58:04.262,75 10:48.560,115, ,108, ,0, , , ,3, , , , , ,655273, , , ,1,1,0,0,0,0,0,0,1,0,0,1,1,0,0,0,0,0,0,0,0,0,0,0,0,0,0,0,0,0,0,0,0,0,0,4,0,39.9678,-75.1802, , 
 ,58745,2012056747,6,67,67301,2012,5,6,632,6,1,2,1,1,1, , ,N,0,0,0,3,0,1,7,5,N,N,40 01:10.781,75 08:52.237,704, ,648,1,2,2,N, ,0,N, , , , ,655279, , , ,5,2,0,0,0,0,2,1,0,0,0,1,1,0,0,0,0,0,0,0,0,0,0,0,0,0,0,0,0,0,0,0,0,0,0,4,0,40.0197,-75.1478, , 
 ,58746,2012056748,6,67,67301,2012,5,5,750,7,1,1,0,4,1, , ,N,0,2,6,3,0,2,4,2,N,N,40 06:43.694,74 59:26.387,855, ,850,1,1,2,N, ,3,N, , , , ,655280, , , ,2,2,0,0,0,0,0,0,0,0,2,0,2,0,0,0,0,0,0,0,1,0,0,0,0,0,0,0,0,0,0,0,0,0,0,3,0,40.1121,-74.9907, , 
 ,58747,2012071063,6,67,67301,2012,7,5,1442,14,1,1,0,4,1, , ,N,1,2,2,3,0,1,2,2,N,N,40 00:01.860,75 04:47.686,1450, ,1445, ,0, ,N, ,3, , , , , ,655290, , , ,1,1,0,0,0,0,0,0,1,0,0,1,1,0,0,0,0,0,0,0,1,0,0,0,0,0,0,0,0,0,0,0,0,0,0,4,0,40.0003,-75.0836, , 
 ,58748,2012020694,6,67,67301,2012,2,4,915,9,1,1,0,1,1, , ,N,0,0,3,3,0,2,3,3,N,N,39 53:53.293,75 11:02.377,925, ,918,2,2,2,N, ,0,N, , , , ,655309, , , ,3,3,0,0,0,0,0,0,0,0,0,0,2,2,0,0,0,0,0,0,0,0,0,0,0,0,0,0,0,0,0,0,0,0,0,8,0,39.8981,-75.184, , 
 ,58749,2012027734,6,67,67301,2012,2,7,156,1,3,4,1,8,1, , ,N,0,0,0,3,0,1,2,2,N,Y,40 02:21.461,75 09:10.481,159, ,158, ,0, ,N, ,0, , , , , ,655314, , , ,1,1,0,0,0,0,0,0,0,0,0,0,1,1,0,0,0,0,0,0,0,0,0,1,0,0,0,0,0,0,0,0,1,0,0,8,0,40.0393,-75.1529, , 
 ,58750,2012032656,6,67,67301,2012,2,3,1735,17,1,1,0,8,1, , ,N,0,0,0,3,0,1,2,2,N,N,40 01:40.144,75 04:47.028,1742, ,1739, ,0, ,N, ,0, , , , , ,655320, , , ,1,0,0,0,1,0,0,0,0,0,0,1,1,0,0,0,0,0,0,0,0,0,0,1,0,0,0,0,0,0,0,0,1,0,0,4,0,40.0278,-75.0797, , 
 ,58751,2012036882,6,67,67301,2012,3,2,9999,99,1,1,0,2,7, , ,N,1,0,2,3,0,1,2,2,N,N,39 59:11.983,75 12:29.919,1745, ,1728, ,0, ,N, ,0, , , , , ,655322, , , ,2,1,0,0,0,0,0,1,0,0,0,0,1,1,0,0,0,0,0,0,0,0,0,0,0,0,0,0,0,0,0,0,0,0,0,8,0,39.9867,-75.2083, , 
 ,58752,2012047124,6,67,67301,2012,4,5,1350,13,1,1,0,4,1, , ,N,1,2,0,3,0,1,2,2,N,N,39 59:08.465,75 14:51.083,1400, ,1358, ,0, ,N, ,3, , , , , ,655329, , , ,2,2,0,0,0,0,0,0,0,0,0,1,1,0,0,0,0,0,0,0,1,0,0,0,0,0,0,0,0,0,0,0,0,0,0,4,0,39.9857,-75.2475, , 
 ,58753,2012048285,6,67,67301,2012,4,4,535,5,3,1,0,4,6, , ,N,0,0,0,3,0,2,3,3,N,N,40 01:47.996,75 06:26.198,600, ,550, ,0, ,N, ,0, , , , , ,655330, , , ,3,1,0,0,0,0,2,0,0,0,1,1,2,0,0,0,0,0,0,0,1,0,0,0,0,0,0,0,0,0,0,0,0,0,0,3,0,40.03,-75.1073, , 
 ,58754,2012049117,6,67,67301,2012,5,6,1550,15,1,1,0,1,1, , ,N,0,0,0,3,0,3,5,3,N,N,39 58:35.426,75 11:47.286,1604, ,1555, ,0, ,N, ,0, , , , , ,655332, , , ,3,1,0,0,0,0,0,1,0,0,0,3,3,0,1,0,0,0,0,0,1,0,0,0,0,0,0,0,0,0,0,0,0,0,0,4,0,39.9765,-75.1965, , 
 ,58755,2012049722,6,67,67301,2012,4,5,2015,20,3,1,0,4,1, , ,N,1,3,0,3,0,1,3,2,N, ,39 56:13.236,75 13:57.039,2016, ,2016, ,0, , , ,3, , , , , ,644004, , , ,2,2,0,0,0,0,0,0,0,1,0,0,1,0,0,0,0,0,0,0,0,0,0,0,0,0,0,0,0,0,0,0,0,0,0,2,0,39.937,-75.2325, , 
 ,58756,2012020532,6,67,67301,2012,1,2,800,8,1,1,0,4,1, , ,N,1,3,0,3,0,0,2,2,N,N,39 57:29.433,75 13:44.921,830, ,800, ,0, ,N, ,3, , , , , ,644020, , , ,2,1,0,0,0,0,1,0,0,0,0,0,0,0,0,0,0,0,0,0,0,0,0,0,0,0,0,0,0,0,0,0,0,0,0,0,0,39.9582,-75.2291, , 
 ,58757,2012028494,6,67,67301,2012,2,1,130,1,3,3,5,1,1, , ,N,0,0,3,3,0,2,3,2,N, ,39 56:23.325,75 11:55.711,9999, ,9999, ,0, , , ,0, , , , , ,644027, , , ,2,1,0,0,0,0,1,0,0,0,0,0,2,2,0,0,0,0,0,0,0,0,0,0,0,0,0,0,0,0,0,0,0,0,0,8,0,39.9398,-75.1988, , 
 ,58758,2012034290,6,67,67301,2012,4,1,1937,19,3,2,1,7,2, , ,N,0,0,0,3,0,0,1,1,N,N,40 01:11.040,75 02:40.236,1947, ,1945,2,2,1,N, ,0,N, , , , ,644031, , , ,1,0,0,0,0,0,1,0,0,0,0,0,0,0,0,0,0,0,0,0,1,0,0,0,0,0,0,0,0,0,0,0,0,0,0,0,0,40.0197,-75.0447, , 
 ,58759,2012034792,6,67,67301,2012,2,3,1620,16,1,1,0,1,1, , ,N,0,0,7,3,0,3,4,3,N,N,40 01:44.943,75 01:31.767,1624, ,1622,1,1,2,N, ,0,Y, , , , ,644032, , , ,3,2,0,0,1,0,0,0,0,0,1,2,3,0,0,0,0,0,0,0,0,0,1,0,0,0,0,0,0,0,0,0,0,0,0,3,0,40.0292,-75.0255, , 
 ,58760,2012027772,6,67,67301,2012,2,4,2130,21,3,9,8,8,2, , ,N,1,0,0,3,0,1,2,2,N, ,40 00:20.844,75 08:13.883,9999, ,9999, ,0, , , ,0, , , , , ,644067, , , ,1,0,0,0,1,0,0,0,0,0,0,1,1,0,0,0,0,0,0,0,0,0,0,0,0,0,0,0,0,0,0,0,1,0,0,4,0,40.0058,-75.1372, , 
 ,58761,2012052830,6,67,67301,2012,5,4,327,3,3,2,1,7,2, , ,N,0,0,0,3,0,1,1,1,N,N,40 02:06.108,75 01:05.025,328, ,327,5,2,1,Y, ,0,Y, , , , ,644080, , , ,1,0,0,0,0,1,0,0,0,0,0,1,1,0,0,0,0,0,0,0,0,0,0,0,0,0,0,0,0,0,0,0,0,0,0,4,1,40.035,-75.0182, , 
 ,58762,2012068757,6,67,67301,2012,6,3,2225,22,3,2,1,7,2, , ,N,0,0,0,3,0,0,1,1,N,N,39 57:16.383,75 11:36.552,2232, ,2229, ,0, ,N, ,0, , , , , ,644097, , , ,1,1,0,0,0,0,0,0,0,0,0,0,0,0,0,0,0,0,0,0,0,0,0,1,0,0,0,0,0,0,0,0,0,0,0,0,0,39.9546,-75.1935, , 
 ,58763,2012073527,6,67,67301,2012,6,3,1615,16,1,1,0,4,1, , ,N,0,0,7,3,0,1,2,2,N,N,39 59:53.107,75 04:46.884,1635, ,1631, ,0, ,N, ,0, , , , , ,644100, , , ,2,0,0,0,0,0,1,0,0,0,0,0,1,1,0,0,0,0,0,0,1,0,0,0,0,0,0,0,0,0,0,0,0,0,0,8,0,39.9981,-75.0797, , 
 ,58764,2012029990,6,67,67301,2012,2,2,1150,11,1,1,0,8,1, , ,N,1,2,0,3,0,1,2,2,N, ,39 56:53.500,75 09:51.952,1232, ,1230, ,0, , , ,3, , , , , ,644115, , , ,1,0,0,0,0,0,0,1,0,0,1,0,1,0,0,0,0,0,0,0,0,0,0,0,0,0,0,0,0,0,0,0,1,0,0,3,0,39.9482,-75.1644, , 
 ,58765,2012037907,6,46,46102,2012,4,7,246,2,3,1,0,5,2, , ,N,0,0,0,3,0,0,1,2,N,N,40 03:51.160,75 08:27.527,255, ,251,2,1,4,N, ,0,N, , , , ,644121, , , ,2,2,0,0,0,0,0,0,0,0,0,0,0,0,0,0,0,0,0,0,0,0,0,0,0,0,0,0,0,0,0,0,0,0,0,0,0,40.0642,-75.141, , 
 ,58766,2012047249,6,67,67301,2012,4,3,2032,20,3,1,0,4,1, , ,N,1,2,0,3,0,1,2,2,N,N,40 04:51.077,75 01:43.585,2038, ,2033,1,1,2,N, ,3,N, , , , ,644127, , , ,2,1,1,0,0,0,0,0,0,0,1,0,1,0,0,0,0,0,0,0,1,0,0,0,0,0,0,0,0,0,0,0,0,0,0,3,0,40.0809,-75.0288, , 
 ,58767,2012048040,6,67,67301,2012,4,6,859,8,1,1,0,4,6, , ,N,0,0,7,3,0,1,2,2,N,N,40 02:49.989,75 08:26.781,915, ,912, ,0, ,N, ,0, , , , , ,644129, , , ,1,1,0,0,0,0,0,0,1,0,0,1,1,0,0,0,0,0,0,0,0,0,0,0,0,0,0,0,0,0,0,0,0,0,0,4,0,40.0472,-75.1408, , 
 ,58768,2012048295,6,67,67301,2012,3,7,225,2,3,2,1,1,1, , ,N,0,0,0,3,0,1,2,2,N,N,40 02:28.420,75 07:46.084,225, ,225,1,1,1,N, ,0,Y, , , , ,644130, , , ,2,2,0,0,0,0,0,0,0,0,0,1,1,0,0,0,0,0,0,0,0,0,0,0,0,0,0,0,0,0,0,0,0,0,0,4,0,40.0412,-75.1295, , 
 ,58769,2012055581,6,67,67301,2012,2,7,1500,15,1,1,0,1,1, , ,N,0,0,0,3,0,3,4,2,N,N,39 56:08.226,75 14:05.225,0, ,0, ,0, ,N, ,0, , , , , ,644133, , , ,2,2,0,0,0,0,0,0,0,0,0,0,3,3,0,0,0,0,0,0,1,0,0,0,0,0,0,0,0,0,0,0,0,0,0,8,0,39.9355,-75.2348, , 
 ,58770,2012056631,6,67,67301,2012,5,3,1450,14,1,1,0,1,1, , ,N,0,2,0,3,0,1,2,2,N,N,39 57:48.822,75 10:11.805,1550, ,1546,9,1,4,N, ,3,N, , , , ,644135, , , ,2,0,0,0,0,0,2,0,0,0,0,0,1,1,0,0,0,0,0,0,0,0,0,0,0,0,0,0,0,0,0,0,0,0,0,8,0,39.9636,-75.1699, , 
 ,58771,2012068825,6,67,67301,2012,6,6,57,0,3,1,0,7,5, , ,N,2,2,0,3,0,1,1,1,N,N,40 00:18.565,75 04:03.434,58, ,57, ,0, , , ,3, , , , , ,644144, , , ,1,0,0,0,1,0,0,0,0,0,0,1,1,0,0,0,0,0,0,0,0,0,0,0,0,0,0,0,0,0,0,0,0,0,0,4,0,40.0042,-75.0671, , 
 ,58772,2012068832,6,67,67301,2012,5,6,1500,15,1,1,0,5,1, , ,N,0,0,0,3,0,1,2,2,N,N,39 58:18.024,75 07:34.865,1515, ,1510, ,0, ,N, ,0, , , , , ,644145, , , ,1,1,0,0,0,0,0,0,1,0,0,0,1,1,0,0,0,0,0,0,0,0,0,0,0,0,0,0,0,0,0,0,0,0,0,8,0,39.9717,-75.1264, , 
 ,58773,2012013686,6,67,67301,2012,2,6,1000,10,1,1,0,7,4, , ,N,2,1,2,3,0,0,1,1,N,N,39 57:27.753,75 09:44.498,1006, ,1006, ,0, ,N, ,3, , , , , ,644162, , , ,1,1,0,0,0,0,0,0,0,0,0,0,0,0,0,0,0,0,0,0,0,0,0,0,0,0,0,0,0,0,0,0,0,0,0,0,0,39.9577,-75.1624, , 
 ,58774,2012040981,6,67,67301,2012,4,4,1040,10,1,1,0,5,1, , ,N,0,0,0,3,0,0,3,2,N,N,39 59:00.961,75 05:50.436,1043, ,1042,1,1,1,N, ,0,N, , , , ,647376, , , ,2,2,0,0,0,0,0,0,0,0,0,0,0,0,0,0,0,0,0,0,0,0,0,0,0,0,0,0,0,0,0,0,0,0,0,0,0,39.9835,-75.0975, , 
 ,58775,2012047138,6,67,67301,2012,3,5,1807,18,1,1,0,8,1, , ,N,0,0,0,3,0,1,3,2,N,N,40 01:04.627,75 08:22.614,1817, ,1815, ,0, ,N, ,0, , , , , ,647378, , , ,1,0,0,0,1,0,0,0,0,0,0,0,1,1,0,0,0,0,0,0,1,0,0,0,0,0,0,0,0,0,0,0,1,0,0,8,0,40.018,-75.1396, , 
 ,58776,2012049851,6,67,67301,2012,4,5,2047,20,3,1,0,4,1, , ,N,0,0,0,3,0,1,2,2,N,N,40 02:18.970,75 09:30.481,2053, ,2048,3,2,6,N, ,0,Y, , , , ,647385, , , ,1,1,0,0,0,0,0,0,1,0,0,0,1,1,0,0,0,0,0,0,0,1,0,0,0,0,0,0,0,0,0,0,0,0,0,8,0,40.0386,-75.1585, , 
 ,58777,2012017883,6,67,67301,2012,1,3,540,5,3,2,1,7,5, , ,N,0,0,2,3,0,1,1,1,N,N,39 53:34.040,75 13:26.700,541, ,540, ,0, ,N, ,0, , , , , ,647403, , , ,1,1,0,0,0,0,0,0,0,0,0,1,1,0,0,0,0,0,0,0,0,0,0,0,0,0,0,0,0,0,0,0,0,0,0,4,0,39.8928,-75.2241, , 
 ,58778,2012047188,6,67,67301,2012,4,7,1634,16,1,1,0,4,1, , ,N,1,2,0,3,0,1,3,3,N,N,39 57:07.894,75 14:26.897,1634, ,1634, ,0, ,N, ,3, , , , , ,647431, , , ,3,2,0,0,1,0,0,0,0,0,0,1,1,0,0,0,0,0,1,0,0,0,0,0,0,0,0,0,0,0,0,0,0,0,0,4,0,39.9522,-75.2408, , 
 ,58779,2012049816,6,67,67301,2012,4,3,1800,18,1,1,0,8,1, , ,N,0,0,0,3,0,1,2,2,N,N,39 56:39.211,75 14:41.064,1810, ,1804,3,1,6, , ,0,Y, , , , ,647435, , , ,1,1,0,0,0,0,0,0,0,1,0,0,1,0,0,0,0,0,0,0,0,0,0,0,0,0,0,0,0,0,0,0,1,0,1,2,0,39.9442,-75.2447, , 
 ,58780,2012049817,6,67,67301,2012,4,2,1538,15,1,2,1,8,1, , ,N,2,3,0,3,0,1,2,2,N,Y,40 01:15.985,75 07:13.792,1557, ,1542, ,0, , , ,3, , , , , ,647477, , , ,1,0,0,0,0,0,1,0,0,0,0,0,1,1,0,0,0,0,0,0,0,0,0,1,0,0,0,0,0,0,0,0,1,0,0,8,0,40.0211,-75.1205, , 
 ,58781,2012015496,6,67,67301,2012,1,5,2000,20,1,1,0,1,1, , ,N,3,0,0,3,0,1,2,2,N,N,39 58:47.295,75 13:56.668,2010, ,2005, ,0, ,N, ,0, , , , , ,647494, , , ,2,2,0,0,0,0,0,0,0,0,0,1,1,0,1,0,0,0,0,0,0,0,0,1,0,0,0,0,0,0,0,0,0,0,0,4,0,39.9798,-75.2324, , 
 ,58782,2012017892,6,67,67301,2012,1,1,315,3,3,1,0,7,5, , ,N,0,8,0,3,0,0,2,1,N,N,39 58:51.412,75 11:56.229,324, ,320, ,0, ,Y, ,3, , , , , ,647498, , , ,1,1,0,0,0,0,0,0,0,0,0,0,0,0,0,0,0,0,0,0,0,0,0,0,0,0,0,0,0,0,0,0,0,0,0,0,0,39.9809,-75.1989, , 
 ,58783,2012041556,6,67,67301,2012,4,2,811,8,1,1,0,7,5, , ,N,0,0,0,3,0,0,2,1,N,N,40 02:42.099,75 03:15.247,815, ,811,1,1,2,N, ,0,N, , , , ,647521, , , ,1,1,0,0,0,0,0,0,0,0,0,0,0,0,0,0,0,0,0,0,0,0,0,2,0,0,0,0,0,0,0,0,0,0,0,0,0,40.045,-75.0542, , 
 ,58784,2012048043,6,67,67301,2012,4,6,1700,17,1,1,0,8,1, , ,N,0,0,0,3,0,1,2,2,N,N,40 01:22.670,75 09:23.158,1711, ,1711, ,0, ,N, ,0, , , , , ,647524, , , ,1,1,0,0,0,0,0,0,0,1,0,0,1,0,0,0,0,0,0,0,0,0,0,0,0,0,0,0,0,0,0,0,1,0,1,2,0,40.023,-75.1564, , 
 ,58785,2012041697,6,67,67301,2012,3,4,1715,17,1,1,0,4,1, , ,N,1,3,0,3,0,1,5,2,N,N,40 03:39.285,75 10:04.293,1723, ,1721, ,0, ,N, ,3, , , , , ,647568, , , ,2,2,0,0,0,0,0,0,0,0,0,1,1,0,0,0,0,0,0,0,0,0,1,0,0,0,0,0,0,0,0,0,0,0,0,4,0,40.0609,-75.1679, , 
 ,58786,2012017878,6,67,67301,2012,1,7,648,6,5,1,0,1,1, , ,N,0,2,0,3,0,1,2,2,N,N,39 58:13.765,75 14:24.794,650, ,650, ,0, , , ,3, , , , , ,647601, , , ,2,1,0,0,0,0,0,1,0,0,0,1,1,0,0,0,0,0,0,0,0,0,0,0,0,0,0,0,0,0,0,0,0,0,0,4,0,39.9705,-75.2402, , 
 ,58787,2012021018,6,67,67301,2012,1,7,249,2,3,4,3,7,7, , ,N,3,0,0,3,0,1,2,1,N, ,40 00:53.508,75 12:23.758,255, ,251, ,0, , , ,0, , , , , ,647605, , , ,1,1,0,0,0,0,0,0,0,1,0,0,1,0,0,0,0,0,0,0,0,0,0,0,0,0,0,1,0,0,0,0,0,0,0,2,0,40.0143,-75.2047, , 
 ,58788,2012048068,6,67,67301,2012,4,5,1114,11,1,1,0,8,1, , ,N,1,3,0,3,0,1,2,2,N, ,39 55:39.244,75 14:03.764,1202, ,1202, ,0, , , ,3, , , , , ,647625, , , ,1,1,0,0,0,0,0,0,0,0,0,1,1,0,0,0,0,0,0,0,0,0,0,1,0,0,0,0,0,0,0,0,1,0,0,4,0,39.9276,-75.2344, , 
 ,58789,2012050210,6,67,67301,2012,4,4,1637,16,1,1,0,8,1, , ,N,1,2,0,3,0,1,2,2,N,N,39 57:03.394,75 14:35.134,1640, ,1639,1,2,7,N, ,3,N, , , , ,647626, , , ,1,0,0,0,0,0,1,0,0,0,0,0,1,1,0,0,0,0,0,0,1,0,0,0,0,0,0,0,0,0,0,0,1,0,0,8,0,39.9509,-75.2431, , 
 ,58790,2012006943,6,67,67301,2012,1,5,627,6,3,1,6,7,2, , ,N,7,0,2,3,0,0,1,1,N,N,39 56:42.770,75 08:33.662,644, ,638, ,0, ,N, ,0, , , , , ,647633, , , ,1,0,0,0,0,0,1,0,0,0,0,0,0,0,0,0,0,0,0,0,0,0,0,0,0,0,0,0,0,0,0,0,0,0,0,0,0,39.9408,-75.1435, , 
 ,58791,2012026231,6,67,67301,2012,2,6,248,2,3,1,0,7,3, , ,N,1,2,0,3,0,1,3,1,N,N,40 01:46.123,75 08:48.184,253, ,252,1,1,1,N, ,3,Y, , , , ,647645, , , ,1,1,0,0,0,0,0,0,0,0,0,1,1,0,0,0,0,0,0,0,0,0,0,0,0,0,0,0,0,0,0,0,0,0,0,4,0,40.0295,-75.1467, , 
 ,58792,2012056646,6,67,67301,2012,5,3,540,5,5,2,1,7,2, , ,N,0,0,2,3,0,0,1,1,N, ,40 06:34.576,74 59:52.995,555, ,540,1,2,2, , ,0,Y, , , , ,651089, , , ,1,1,0,0,0,0,0,0,0,0,0,0,0,0,0,0,0,0,0,0,0,0,0,0,0,0,0,0,0,0,0,0,0,0,0,0,0,40.1096,-74.9981, , 
 ,58793,2012041343,6,67,67301,2012,4,2,1503,15,1,1,0,1,1, , ,N,0,0,0,3,0,2,4,2,N,N,39 58:45.256,75 06:29.871,1511, ,1509,1,2,1,N, ,0,N, , , , ,651128, , , ,2,1,0,0,1,0,0,0,0,0,0,2,2,0,0,0,0,0,0,0,0,0,0,0,0,0,0,0,0,0,0,0,0,0,0,4,0,39.9792,-75.1084, , 
 ,58794,2012042155,6,67,67301,2012,3,6,1845,18,3,1,0,1,1, , ,N,0,0,0,3,0,1,3,2,N,Y,39 58:57.615,75 06:07.265,2115, ,9999, ,0, , , ,0, , , , , ,651129, , , ,2,2,0,0,0,0,0,0,0,0,0,1,1,0,0,0,0,0,0,0,0,0,0,0,0,0,0,0,0,0,0,0,0,0,0,4,0,39.9827,-75.102, , 
 ,58795,2012048251,6,67,67301,2012,4,3,2338,23,3,1,0,1,1, , ,N,1,2,0,3,0,1,3,3,N,N,39 55:16.534,75 11:37.851,2342, ,2338, ,0, ,N, ,3, , , , , ,651132, , , ,3,2,0,0,1,0,0,0,0,0,0,0,1,1,0,0,0,0,0,0,0,0,0,0,0,0,0,0,0,0,0,0,0,0,0,8,0,39.9211,-75.1938, , 
 ,58796,2012020368,6,67,67301,2012,1,6,1035,10,1,1,0,8,1, , ,N,1,2,0,3,0,1,2,2,N,N,40 02:16.612,75 07:48.705,1041, ,1041, ,0, ,N, ,3, , , , , ,651158, , , ,1,1,0,0,0,0,0,0,0,0,0,0,1,1,0,0,0,0,0,0,1,0,0,0,0,0,0,0,0,0,0,0,1,0,0,8,0,40.0379,-75.1302, , 