wz_ln_closure,objectid_1,crn,district,county,municipality,crash_year,crash_month,day_of_week,time_of_day,hour_of_day,illumination,weather,road_condition,collision_type,relation_to_road,work_zone_type,work_zone_loc,work_zone_ind,intersect_type,tcd_type,location_type,urban_rural,fatal_count,injury_count,person_count,total_units,sch_bus_ind,sch_zone_ind,latitude,longitude,arrival_tm,cons_zone_spd_lim,dispatch_tm,est_hrs_closed,lane_closed,ln_close_dir,ntfy_hiwy_maint,spec_juris_cd,tcd_func_cd,tfc_detour_ind,workers_pres,wz_close_detour,wz_flagger,wz_law_offcr_ind,objectid,wz_moving,wz_other,wz_shlder_mdn,vehicle_count,automobile_count,motorcycle_count,bus_count,small_truck_count,heavy_truck_count,suv_count,van_count,bicycle_count,maj_inj_count,mod_inj_count,min_inj_count,tot_inj_count,unk_inj_deg_count,unk_inj_per_count,driver_count_16yr,driver_count_17yr,driver_count_18yr,driver_count_19yr,driver_count_20yr,driver_count_50_64yr,driver_count_65_74yr,driver_count_75plus,unbelted_occ_count,unb_death_count,unb_maj_inj_count,belted_death_count,belted_maj_inj_count,mcycle_death_count,mcycle_maj_inj_count,bicycle_death_count,bicycle_maj_inj_count,ped_count,ped_death_count,ped_maj_inj_count,max_severity_level,comm_veh_count,dec_lat,dec_long,rdwy_surf_type_cd,county_name
 ,58930,2012068777,6,67,67301,2012,5,1,1743,17,1,1,0,8,1, , ,N,1,2,0,3,0,1,2,2,N,N,39 57:06.984,75 09:35.699,1750, ,1744, ,0, ,N, ,3, , , , , ,648063, , , ,1,1,0,0,0,0,0,0,0,0,0,1,1,0,0,0,0,0,0,0,0,0,1,0,0,0,0,0,0,0,0,0,1,0,0,4,0,39.9519,-75.1598, , 
 ,58931,2012027844,6,67,67301,2012,3,7,2006,20,3,1,0,7,3, , ,N,0,0,0,3,0,1,1,1,N,Y,40 00:03.594,75 04:44.716,2017, ,2007, ,0, ,N, ,0, , , , , ,648080, , , ,1,1,0,0,0,0,0,0,0,0,1,0,1,0,0,0,0,0,0,0,0,0,0,0,0,0,0,0,0,0,0,0,0,0,0,3,0,40.0009,-75.0792, , 
 ,58932,2012032587,6,67,67301,2012,2,5,2040,20,6,1,0,4,1, , ,N,2,0,0,3,0,1,2,2,N,N,39 57:52.225,75 09:39.634,2046, ,2043, ,0, ,N, ,0, , , , , ,648083, , , ,1,1,0,0,0,0,0,0,1,0,0,1,1,0,0,0,0,0,0,0,0,0,0,0,0,0,0,0,0,0,0,0,0,0,0,4,0,39.9644,-75.1609, , 
 ,58933,2012042640,6,67,67301,2012,3,5,906,9,1,1,0,1,1, , ,N,0,0,0,3,0,1,3,3,N,N,40 01:24.522,75 02:00.320,925, ,923,1,1,1,N, ,0,N, , , , ,648090, , , ,3,2,0,0,0,0,1,0,0,0,0,1,1,0,0,0,0,0,0,0,1,0,0,0,0,0,0,0,0,0,0,0,0,0,0,4,0,40.0234,-75.0336, , 
 ,58934,2012049742,6,67,67301,2012,4,4,720,7,1,1,0,4,1, , ,N,0,2,6,3,0,0,3,2,N,N,40 01:23.549,75 08:12.106,725, ,720,1,1,2,N, ,3,N, , , , ,648098, , , ,2,0,0,0,0,0,2,0,0,0,0,0,0,0,0,0,0,0,0,0,0,0,0,0,0,0,0,0,0,0,0,0,0,0,0,0,0,40.0229,-75.1371, , 
 ,58935,2012056647,6,67,67301,2012,5,5,700,7,1,2,1,7,3, , ,N,0,0,0,3,0,1,1,1,N,N,40 01:39.357,75 11:30.210,710, ,705, ,0, ,N, ,0, , , , , ,648150, , , ,1,1,0,0,0,0,0,0,0,0,0,1,1,0,0,0,0,0,0,0,0,0,0,0,0,0,0,0,0,0,0,0,0,0,0,4,0,40.0276,-75.1917, , 
 ,58936,2012048279,6,67,67301,2012,4,5,2054,20,3,1,0,4,1, , ,N,1,2,0,3,0,1,4,2,N,N,40 02:43.859,75 05:17.937,2058, ,2055, ,0, ,N, ,3, , , , , ,651569, , , ,2,2,0,0,0,0,0,0,0,0,0,1,1,0,0,0,0,0,0,0,1,0,0,0,0,0,0,0,0,0,0,0,0,0,0,4,0,40.0455,-75.0883, , 
 ,58937,2012048332,6,67,67301,2012,4,6,1913,19,4,1,0,8,1, , ,N,1,2,0,3,0,1,2,2,N,N,39 56:18.452,75 10:17.734,1917, ,1915, ,0, ,N, ,3, , , , , ,651570, , , ,1,1,0,0,0,0,0,0,0,0,0,1,1,0,0,0,0,0,0,0,0,0,0,0,0,0,0,0,0,0,0,0,1,0,0,4,0,39.9385,-75.1716, , 
 ,58938,2012026114,6,67,67301,2012,2,4,9999,99,1,1,1,7,2, , ,N,0,0,0,3,0,1,1,1,N, ,40 01:27.293,75 04:40.261,850, ,846,2,1,4, , ,0,Y, , , , ,651584, , , ,1,1,0,0,0,0,0,0,0,0,1,0,1,0,0,0,0,0,0,0,0,0,0,0,0,0,0,0,0,0,0,0,0,0,0,3,0,40.0242,-75.0779, , 
 ,58939,2012061779,6,67,67301,2012,6,6,2104,21,3,1,0,1,1, , ,N,6,0,2,3,0,1,3,2,N,N,39 53:34.839,75 14:08.154,2123, ,2109,1,2,1,N, ,0,N, , , , ,651610, , , ,2,1,0,0,0,0,1,0,0,0,0,0,1,1,0,0,0,0,0,1,0,0,0,1,0,0,0,0,0,0,0,0,0,0,0,8,0,39.8931,-75.2356, , 
 ,58940,2012036994,6,67,67301,2012,3,2,1150,11,1,1,0,5,6, , ,N,0,0,0,3,0,1,2,2,N,N,39 58:04.029,75 12:01.760,1205, ,1203, ,0, ,N, ,0, , , , , ,651645, , , ,2,1,0,0,0,0,1,0,0,0,0,1,1,0,1,0,0,0,0,0,0,0,0,0,0,0,0,0,0,0,0,0,0,0,0,4,0,39.9678,-75.2005, , 
 ,58941,2012063954,6,67,67301,2012,5,1,1803,18,1,1,0,5,1, , ,N,0,0,0,3,0,1,5,2,N,N,39 55:26.990,75 10:35.987,1804, ,1803, ,0, ,N, ,0, , , , , ,651668, , , ,2,2,0,0,0,0,0,0,0,0,0,1,1,0,0,0,0,0,0,0,1,0,0,0,0,0,0,0,0,0,0,0,0,0,0,4,0,39.9241,-75.177, , 
 ,58942,2012034692,6,67,67301,2012,3,3,1618,16,1,1,0,8,1, , ,N,1,3,0,3,0,1,3,2,N,N,40 01:47.834,75 07:44.342,1620, ,1620, ,0, ,N, ,3, , , , , ,651700, , , ,1,1,0,0,0,0,0,0,0,0,0,0,1,1,0,0,0,0,0,0,0,0,0,0,0,0,0,0,0,0,0,0,1,0,0,8,0,40.03,-75.129, , 
 ,58943,2012047125,6,67,67301,2012,4,5,1345,13,1,1,0,8,1, , ,N,0,0,0,3,0,1,5,2,N, ,39 57:40.802,75 13:58.076,1410, ,1402, ,0, , , ,0, , , , , ,651707, , , ,1,1,0,0,0,0,0,0,0,0,0,1,1,0,0,0,0,0,0,0,0,0,0,0,0,0,0,0,0,0,0,0,1,0,0,4,0,39.9613,-75.2328, , 
 ,58944,2012041814,6,67,67301,2012,4,4,1340,13,1,1,0,1,1, , ,N,7,0,2,3,0,2,3,3,N,N,39 58:57.023,75 06:03.532,1408, ,1408,1,2,3,N, ,0,N, , , , ,651745, , , ,3,3,0,0,0,0,0,0,0,0,0,2,2,0,0,0,0,0,0,0,2,0,0,0,0,0,0,0,0,0,0,0,0,0,0,4,0,39.9825,-75.1011, , 
 ,58945,2012063870,6,67,67301,2012,5,1,2018,20,3,1,0,7,5, , ,N,1,2,0,3,0,2,2,1,N,N,39 59:18.641,75 06:22.612,2030, ,2029, ,0, ,N, ,3, , , , , ,651759, , , ,1,1,0,0,0,0,0,0,0,0,0,2,2,0,0,0,0,0,0,0,0,0,0,0,0,0,0,0,0,0,0,0,0,0,0,4,0,39.9885,-75.1064, , 
 ,58946,2012015375,6,67,67301,2012,1,5,205,2,3,4,6,7,2, , ,N,0,0,0,3,0,1,2,1,N,N,39 53:40.457,75 14:47.635,220, ,215,3,1,1,N, ,0,Y, , , , ,651773, , , ,1,1,0,0,0,0,0,0,0,0,0,1,1,0,0,0,0,0,0,0,1,0,0,0,0,0,0,0,0,0,0,0,0,0,0,4,0,39.8946,-75.2466, , 
 ,58947,2012025677,6,67,67301,2012,3,3,1840,18,3,1,0,1,1, , ,N,0,0,0,3,0,0,3,2,N,N,39 52:42.640,75 15:01.836,1853, ,1853, ,0, ,N, ,0, , , , , ,651783, , , ,2,1,0,0,0,0,1,0,0,0,0,0,0,0,0,0,0,0,1,0,1,0,0,0,0,0,0,0,0,0,0,0,0,0,0,0,0,39.8785,-75.2505, , 
 ,58948,2012026141,6,67,67301,2012,2,5,2045,20,3,1,0,4,1, , ,N,1,2,0,3,0,0,3,2,N,N,40 04:27.539,75 02:05.367,2100, ,2050, ,0, ,N, ,3, , , , , ,651784, , , ,2,2,0,0,0,0,0,0,0,0,0,0,0,0,0,0,0,0,0,0,0,1,0,0,0,0,0,0,0,0,0,0,0,0,0,0,0,40.0743,-75.0348, , 
 ,58949,2012026154,6,67,67301,2012,2,6,1730,17,3,1,0,8,1, , ,N,1,3,0,3,0,1,2,2,N, ,40 00:00.889,75 07:47.863,1750, ,1750, ,0, , , ,3, , , , , ,651785, , , ,1,0,0,0,0,0,1,0,0,0,0,0,1,1,0,0,0,0,0,0,0,0,0,0,0,0,0,0,0,0,0,0,1,0,0,8,0,40.0002,-75.13, , 
 ,58950,2012017909,6,67,67301,2012,1,3,933,9,1,2,1,1,1, , ,N,0,0,0,3,0,2,2,2,N,N,40 00:39.777,75 10:59.945,938, ,935,1,1,1,N, ,0,N, , , , ,651828, , , ,2,2,0,0,0,0,0,0,0,0,1,1,2,0,0,0,0,0,0,0,1,0,0,0,0,0,0,0,0,0,0,0,0,0,0,3,0,40.011,-75.1833, , 
U,58951,2012020359,6,67,67301,2012,1,1,348,3,3,1,0,7,4,8,8,Y,0,0,0,3,2,1,3,1,N,N,39 58:23.628,75 07:09.983,400,99,354,9,2,5,N,0,0,Y,U,U,U,U,651831,U,U,U,1,0,0,0,1,0,0,0,0,0,1,0,1,0,0,0,0,0,0,0,0,0,0,0,0,0,0,0,0,0,0,0,0,0,0,1,0,39.9732,-75.1194,2, 
 ,58952,2012042174,6,67,67301,2012,3,6,841,8,1,1,0,8,1, , ,N,5,2,0,3,0,1,2,2,N, ,39 59:29.295,75 07:21.395,843, ,843, ,0, , , ,3, , , , , ,651848, , , ,1,0,0,1,0,0,0,0,0,0,0,1,1,0,0,0,0,0,0,0,1,0,0,0,0,0,0,0,0,0,0,0,1,0,0,4,1,39.9915,-75.1226, , 
 ,58953,2012057945,6,46,46108,2012,6,1,1519,15,1,1,0,4,1, , ,N,1,2,0,3,0,1,4,2,N,N,40 05:34.368,75 13:24.847,1519, ,1519,1,1,6,N, ,3,N, , , , ,651857, , , ,2,1,1,0,0,0,0,0,0,0,1,0,1,0,0,0,0,0,0,0,0,0,0,0,0,0,0,0,0,0,0,0,0,0,0,3,0,40.0929,-75.2236, , 
 ,58954,2012015029,6,67,67301,2012,1,5,1312,13,1,1,0,7,5, , ,N,0,0,0,3,0,1,2,2,N,N,40 01:14.758,75 02:31.798,1319, ,1314,3,1,2,Y, ,0,N, , , , ,654091, , , ,2,1,0,0,0,1,0,0,0,0,1,0,1,0,0,0,0,0,0,0,0,0,0,0,0,0,0,0,0,0,0,0,0,0,0,3,1,40.0207,-75.0423, , 
 ,58955,2012026091,6,67,67301,2012,1,2,1430,14,1,1,0,8,1, , ,N,1,3,0,3,0,1,2,2,N,N,39 59:02.047,75 08:16.069,1430, ,1430, ,0, ,N, ,3, , , , , ,654103, , , ,1,1,0,0,0,0,0,0,0,0,0,1,1,0,0,0,0,0,0,0,0,0,0,0,0,0,0,0,0,0,0,0,1,0,0,4,0,39.9839,-75.1378, , 
 ,58956,2012048195,6,67,67301,2012,4,2,9999,99,1,1,0,8,1, , ,N,1,2,0,3,0,1,2,2,N, ,40 03:24.073,75 08:26.746,950, ,943, ,0, , , ,3, , , , , ,654120, , , ,1,0,0,0,0,0,1,0,0,0,0,0,1,1,0,0,0,0,0,0,0,0,0,0,0,0,0,0,0,0,0,0,1,0,0,8,0,40.0567,-75.1408, , 
 ,58957,2012057357,6,67,67301,2012,6,6,1302,13,1,1,0,1,1, , ,N,0,0,0,3,0,3,5,4,N,N,39 57:28.978,75 09:50.465,1310, ,1304, ,0, ,N, ,0, , , , , ,654126, , , ,4,1,0,0,0,1,1,1,0,0,0,3,3,0,0,0,0,0,0,0,0,0,0,0,0,0,0,0,0,0,0,0,0,0,0,4,1,39.958,-75.164, , 
 ,58958,2012011337,6,67,67301,2012,1,4,804,8,1,1,0,1,1, , ,N,0,0,0,3,0,1,3,2,N,N,40 00:12.966,75 11:40.327,913, ,902, ,0, ,N, ,0, , , , , ,654136, , , ,2,1,0,0,0,0,1,0,0,0,0,1,1,0,0,0,0,1,0,0,0,0,0,0,0,0,0,0,0,0,0,0,0,0,0,4,0,40.0036,-75.1945, , 
 ,58959,2012015518,6,67,67301,2012,1,3,835,8,1,1,0,4,1, , ,N,0,0,0,3,0,1,2,2,N,N,40 04:49.579,75 12:28.863,915, ,914, ,0, ,N, ,0, , , , , ,654186, , , ,2,2,0,0,0,0,0,0,0,0,0,1,1,0,0,0,0,0,0,0,0,0,0,0,0,0,0,0,0,0,0,0,0,0,0,4,0,40.0804,-75.208, , 
 ,58960,2012020538,6,67,67301,2012,1,7,1345,13,1,1,0,8,1, , ,N,0,0,0,3,0,1,3,3,N,N,39 56:59.816,75 09:07.185,1400, ,1351,1,2,3,N, ,0,N, , , , ,654190, , , ,2,2,0,0,0,0,0,0,0,0,0,0,1,1,0,0,0,0,0,0,1,0,0,0,0,0,0,0,0,0,0,0,1,0,0,8,0,39.9499,-75.152, , 
 ,58961,2012028199,6,67,67301,2012,2,2,1600,16,1,1,0,8,1, , ,N,1,2,0,3,0,1,2,2,N, ,40 03:17.072,75 00:17.300,1605, ,1600, ,0, , , ,3, , , , , ,654192, , , ,1,1,0,0,0,0,0,0,0,0,0,1,1,0,0,0,0,0,0,0,0,1,0,1,0,0,0,0,0,0,0,0,1,0,0,4,0,40.0547,-75.0048, , 
 ,58962,2012041335,6,67,67301,2012,4,7,2354,23,3,1,0,1,1, , ,N,0,0,0,3,0,2,2,2,N,N,39 58:34.118,75 11:44.110,2357, ,2355,2,1,3,N, ,0,N, , , , ,654205, , , ,2,2,0,0,0,0,0,0,0,0,0,2,2,0,0,0,0,0,0,0,0,0,0,0,0,0,0,0,0,0,0,0,0,0,0,4,0,39.9761,-75.1956, , 
 ,58963,2012048034,6,67,67301,2012,4,2,1647,16,1,1,0,7,2, , ,N,0,0,0,3,0,1,1,1,N,N,39 54:09.392,75 09:08.319,1652, ,1647,3,2,3,N, ,0,Y, , , , ,654210, , , ,1,0,0,0,0,0,1,0,0,0,0,0,1,1,0,0,0,0,0,0,0,0,0,0,0,0,0,0,0,0,0,0,0,0,0,8,0,39.9026,-75.1523, , 
 ,58964,2012060798,6,67,67301,2012,4,7,1320,13,1,1,0,5,1, , ,N,0,0,0,3,0,1,4,2,N,N,39 56:55.495,75 10:48.218,9999, ,9999, ,0, ,N, ,0, , , , , ,654223, , , ,1,1,0,0,0,0,0,0,1,0,0,1,1,0,0,0,0,0,0,0,0,0,0,0,0,0,0,0,0,0,0,0,0,0,0,4,0,39.9487,-75.1801, , 
 ,58965,2012031185,6,67,67301,2012,3,6,1438,14,1,1,0,7,3, , ,N,0,8,3,3,0,1,2,1,N,N,39 57:13.892,75 08:22.665,1438, ,1438,2,2,4,N, ,3,N, , , , ,654247, , , ,1,1,0,0,0,0,0,0,0,0,0,0,1,1,0,0,0,0,0,0,0,0,0,1,0,0,0,0,0,0,0,0,0,0,0,8,0,39.9539,-75.1396, , 
 ,58966,2012032740,6,67,67301,2012,2,6,1855,18,3,1,0,8,1, , ,N,1,2,0,3,0,1,2,2,N,N,39 58:37.995,75 13:36.385,1900, ,1859, ,0, ,N, ,3, , , , , ,654248, , , ,1,1,0,0,0,0,0,0,0,0,0,1,1,0,0,0,0,0,0,0,1,0,0,0,0,0,0,0,0,0,0,0,1,0,0,4,0,39.9772,-75.2268, , 
 ,58967,2012047170,6,67,67301,2012,4,6,2344,23,3,1,0,8,1, , ,N,1,2,0,3,0,1,4,2,N,N,39 56:58.408,75 12:33.123,2348, ,2344, ,0, ,N, ,3, , , , , ,654257, , , ,1,1,0,0,0,0,0,0,0,0,0,0,1,1,0,0,0,0,0,1,0,0,0,0,0,0,0,0,0,0,0,0,1,0,0,8,0,39.9495,-75.2093, , 
 ,58968,2012056715,6,67,67301,2012,5,6,805,8,1,2,1,4,1, , ,N,1,3,0,3,0,1,2,2,N,N,40 01:49.756,75 07:13.605,940, ,934, ,0, ,N, ,3, , , , , ,654266, , , ,2,0,0,1,1,0,0,0,0,0,0,1,1,0,0,0,0,0,0,0,0,0,0,0,0,0,0,0,0,0,0,0,0,0,0,4,1,40.0305,-75.1204, , 
 ,58969,2012020587,6,67,67301,2012,1,7,1522,15,1,4,4,7,7, , ,N,5,0,0,3,0,0,1,1,N,N,40 00:52.815,75 12:20.848,1531, ,1526, ,0, ,N, ,0, , , , , ,654294, , , ,1,1,0,0,0,0,0,0,0,0,0,0,0,0,0,0,0,0,0,0,1,0,0,0,0,0,0,0,0,0,0,0,0,0,0,0,0,40.0147,-75.2058, , 
 ,58970,2012032550,6,67,67301,2012,2,2,1445,14,1,1,0,8,1, , ,N,5,2,0,3,0,1,2,2,N,N,39 57:17.234,75 09:58.979,1503, ,1459, ,0, , , ,9, , , , , ,654303, , , ,1,1,0,0,0,0,0,0,0,0,0,0,1,1,0,0,0,0,0,0,0,0,0,0,0,0,0,0,0,0,0,0,1,0,0,8,0,39.9548,-75.1664, , 
 ,58971,2012032702,6,67,67301,2012,2,2,1632,16,1,1,0,1,1, , ,N,1,2,0,3,0,2,5,2,N,N,40 01:26.280,75 02:07.317,1645, ,1642, ,0, ,N, ,3, , , , , ,654304, , , ,2,2,0,0,0,0,0,0,0,0,2,0,2,0,0,0,0,0,0,0,1,0,0,0,0,0,0,0,0,0,0,0,0,0,0,3,0,40.024,-75.0354, , 
 ,58972,2012016364,6,67,67301,2012,1,7,240,2,3,4,3,1,1, , ,N,0,0,0,3,0,0,4,2,N,N,40 02:30.165,75 00:15.726,304, ,248,1,2,2,N, ,0,N, , , , ,644547, , , ,2,2,0,0,0,0,0,0,0,0,0,0,0,0,0,0,0,0,0,1,0,0,0,0,0,0,0,0,0,0,0,0,0,0,0,0,0,40.0417,-75.0043, , 
 ,58973,2012028482,6,67,67301,2012,2,6,1818,18,3,1,0,4,1, , ,N,2,2,0,3,0,0,2,2,N,N,40 02:13.055,75 08:42.701,1825, ,1820, ,0, ,N, ,3, , , , , ,644555, , , ,2,2,0,0,0,0,0,0,0,0,0,0,0,0,0,0,0,0,0,0,1,0,0,0,0,0,0,0,0,0,0,0,0,0,0,0,0,40.0369,-75.1451, , 
 ,58974,2012041675,6,67,67301,2012,3,6,1244,12,1,8,0,4,1, , ,N,1,2,0,3,0,2,2,2,N,N,40 00:48.808,75 04:07.229,1250, ,1246,1,1,4,N, ,3,N, , , , ,644564, , , ,2,1,0,0,1,0,0,0,0,0,0,0,2,2,0,0,0,0,0,0,0,0,0,0,0,0,0,0,0,0,0,0,0,0,0,8,0,40.0136,-75.0685, , 
 ,58975,2012048111,6,67,67301,2012,3,3,1740,17,1,1,0,4,1, , ,N,1,3,0,3,0,1,4,2,N, ,39 58:00.577,75 14:30.400,1800, ,1800, ,0, , , ,3, , , , , ,644627, , , ,2,2,0,0,0,0,0,0,0,0,0,0,1,1,0,0,0,0,0,0,2,0,0,0,0,0,0,0,0,0,0,0,0,0,0,8,0,39.9668,-75.2418, , 
 ,58976,2012048275,6,67,67301,2012,4,5,701,7,1,1,0,1,1, , ,N,5,2,0,3,0,1,2,2,N, ,39 56:45.165,75 14:24.752,759, ,756, ,0, , , ,3, , , , , ,644628, , , ,2,1,0,0,1,0,0,0,0,0,0,1,1,0,0,0,0,0,0,0,2,0,0,0,0,0,0,0,0,0,0,0,0,0,0,4,0,39.9459,-75.2403, , 
 ,58977,2012047207,6,67,67301,2012,3,7,630,6,5,2,1,1,1, , ,N,1,2,0,3,0,1,2,2,N,N,40 00:52.531,75 09:23.970,850, ,850, ,0, ,N, ,3, , , , , ,644660, , , ,2,1,0,0,0,0,0,1,0,0,0,1,1,0,0,0,0,0,0,0,0,0,0,0,0,0,0,0,0,0,0,0,0,0,0,4,0,40.0146,-75.1567, , 
 ,58978,2012047226,6,67,67301,2012,4,2,358,3,3,1,0,7,2, , ,N,1,1,0,3,0,0,3,1,N,N,39 57:28.502,75 08:55.805,405, ,400, ,0, ,N, ,3, , , , , ,644661, , , ,1,1,0,0,0,0,0,0,0,0,0,0,0,0,0,0,0,0,0,0,0,0,0,0,0,0,0,0,0,0,0,0,0,0,0,0,0,39.958,-75.1488, , 
 ,58979,2012051921,6,67,67301,2012,5,3,805,8,1,2,7,1,1, , ,N,0,0,0,3,0,0,3,2,N,N,40 00:58.113,75 12:14.233,810, ,806,1,2,1,N, ,0,N, , , , ,644665, , , ,2,2,0,0,0,0,0,0,0,0,0,0,0,0,3,0,0,0,0,0,0,0,0,0,0,0,0,0,0,0,0,0,0,0,0,9,0,40.0161,-75.204, , 
 ,58980,2012067080,6,67,67301,2012,5,1,1428,14,1,1,0,4,1, , ,N,0,0,7,3,0,1,2,2,N,N,40 01:56.390,75 08:14.820,1430, ,1428,1,2,5,N, ,0,Y, , , , ,644679, , , ,1,0,0,0,0,0,1,0,1,0,0,0,1,1,0,0,0,0,0,0,0,0,0,0,0,0,0,0,0,0,0,0,0,0,0,8,0,40.0323,-75.1375, , 
 ,58981,2012026854,6,67,67301,2012,3,7,346,3,3,2,1,7,2, , ,N,7,0,2,3,0,1,1,1,N,N,39 56:25.953,75 08:35.263,425, ,348, ,0, ,N, ,0, , , , , ,644703, , , ,1,0,0,0,1,0,0,0,0,0,0,1,1,0,0,0,0,0,0,0,0,0,0,1,0,0,0,0,0,0,0,0,0,0,0,4,0,39.9404,-75.1431, , 
 ,58982,2012047283,6,67,67301,2012,4,2,1300,13,1,1,0,4,1, , ,N,1,2,0,3,0,2,4,2,N, ,40 01:17.655,75 07:27.663,1301, ,1300, ,0, , , ,3, , , , , ,644723, , , ,2,2,0,0,0,0,0,0,0,0,0,2,2,0,0,0,0,0,0,0,0,0,0,0,0,0,0,0,0,0,0,0,0,0,0,4,0,40.0216,-75.1244, , 
 ,58983,2012049693,6,67,67301,2012,4,2,1737,17,1,1,0,4,1, , ,N,3,0,0,3,0,4,6,2,N, ,39 59:50.109,75 06:47.103,1740, ,1737, ,0, , , ,0, , , , , ,644725, , , ,2,1,0,0,0,0,1,0,0,1,0,0,4,3,0,0,0,0,0,0,0,0,0,0,0,0,0,0,0,0,0,0,0,0,0,2,0,39.9973,-75.1131, , 
 ,58984,2012012651,6,67,67301,2012,1,4,1215,12,1,1,0,1,1, , ,N,1,2,0,3,0,1,3,2,N,N,39 56:51.590,75 14:30.328,2230, ,1221, ,0, ,N, ,3, , , , , ,644740, , , ,2,2,0,0,0,0,0,0,0,0,0,1,1,0,0,0,0,0,0,0,0,1,0,0,0,0,0,0,0,0,0,0,0,0,0,4,0,39.9477,-75.2418, , 
 ,58985,2012015452,6,67,67301,2012,1,7,1930,19,3,1,0,2,1, , ,N,1,2,0,3,0,0,2,2,N,N,40 02:18.904,75 08:33.243,8, ,5, ,0, ,N, ,3, , , , , ,644742, , , ,2,1,0,0,0,0,1,0,0,0,0,0,0,0,1,0,0,0,0,0,1,0,0,1,0,0,0,0,0,0,0,0,0,0,0,9,0,40.0386,-75.1426, , 
 ,58986,2012047298,6,67,67301,2012,4,4,1605,16,1,1,0,1,1, , ,N,2,2,0,3,0,1,2,2,N,N,39 58:49.421,75 14:02.354,1841, ,1835, ,0, , , ,3, , , , , ,644767, , , ,2,2,0,0,0,0,0,0,0,0,0,1,1,0,0,0,0,0,0,0,1,0,0,0,0,0,0,0,0,0,0,0,0,0,0,4,0,39.9804,-75.234, , 
 ,58987,2012048142,6,67,67301,2012,3,6,1723,17,1,1,0,4,1, , ,N,0,0,7,3,0,0,5,2,N,N,40 01:10.471,75 10:28.566,1746, ,1740,1,1,1,N, ,0,N, , , , ,644768, , , ,2,0,0,0,0,0,2,0,0,0,0,0,0,0,5,0,0,0,0,0,1,0,0,0,0,0,0,0,0,0,0,0,0,0,0,9,0,40.0196,-75.1746, , 
 ,58988,2012051298,6,67,67301,2012,5,1,1918,19,1,1,0,1,1, , ,N,0,0,0,3,0,1,6,2,N,N,40 00:28.903,75 12:09.332,1928, ,1919, ,0, ,N, ,0, , , , , ,644771, , , ,2,0,0,0,0,0,1,1,0,0,0,1,1,0,0,0,0,0,0,0,0,0,0,0,0,0,0,0,0,0,0,0,0,0,0,4,0,40.008,-75.2026, , 
 ,58989,2012044103,6,67,67301,2012,4,2,425,4,3,1,0,7,4, , ,N,0,0,2,3,0,0,1,1,N,N,40 00:09.250,75 04:42.315,430, ,427,1,2,2,Y, ,0,Y, , , , ,644784, , , ,1,1,0,0,0,0,0,0,0,0,0,0,0,0,1,0,0,0,0,0,0,0,0,0,0,0,0,0,0,0,0,0,0,0,0,9,0,40.0026,-75.0784, , 
 ,58990,2012042098,6,67,67301,2012,3,2,1205,12,1,1,0,8,1, , ,N,1,2,0,3,0,1,2,2,N,N,39 55:23.140,75 09:35.033,1205, ,1205, ,0, ,N, ,3, , , , , ,648188, , , ,1,0,0,0,0,0,0,1,0,0,0,0,1,1,0,0,0,0,0,0,0,0,0,0,0,0,0,0,0,0,0,0,1,0,0,8,0,39.9231,-75.1597, , 
 ,58991,2012044392,6,67,67301,2012,3,6,1650,16,1,1,0,4,2, , ,N,0,0,0,3,0,0,1,2,N, ,40 00:28.303,75 08:16.058,1700, ,1654, ,0, , , ,0, , , , , ,648192, , , ,2,1,0,0,0,0,1,0,0,0,0,0,0,0,1,0,0,0,0,0,0,0,0,0,0,0,0,0,0,0,0,0,0,0,0,9,0,40.0079,-75.1378, , 
 ,58992,2012047094,6,67,67301,2012,3,6,1905,19,4,1,0,4,1, , ,N,1,3,0,3,0,1,2,2,N,N,40 02:28.456,75 00:59.587,1920, ,1911, ,0, ,N, ,3, , , , , ,648196, , , ,1,1,0,0,0,0,0,0,1,0,0,1,1,0,1,0,0,0,0,0,0,0,0,1,0,0,0,0,0,0,0,0,0,0,0,4,0,40.0412,-75.0166, , 
 ,58993,2012014966,6,67,67301,2012,1,6,1515,15,1,1,0,1,1, , ,N,1,3,0,3,0,4,5,2,N,Y,40 03:04.993,75 08:54.812,1515, ,1515, ,0, ,N, ,3, , , , , ,648220, , , ,2,0,0,1,1,0,0,0,0,0,0,4,4,0,1,0,0,0,0,0,1,0,0,0,0,0,0,0,0,0,0,0,0,0,0,4,1,40.0514,-75.1486, , 
 ,58994,2012017869,6,67,67301,2012,1,6,1820,18,3,1,0,2,1, , ,N,1,2,0,3,0,1,3,2,N,N,40 05:49.711,75 01:05.375,1904, ,1820, ,0, ,N, ,3, , , , , ,648223, , , ,2,2,0,0,0,0,0,0,0,0,0,1,1,0,0,0,0,1,0,0,0,0,0,0,0,0,0,0,0,0,0,0,0,0,0,4,0,40.0971,-75.0182, , 
 ,58995,2012032700,6,67,67301,2012,2,6,811,8,1,2,1,4,1, , ,N,2,3,0,3,0,2,3,2,N,N,40 01:53.922,75 02:03.285,825, ,812, ,0, ,N, ,3, , , , , ,648235, , , ,2,1,0,0,0,0,0,1,0,0,0,2,2,0,0,0,0,0,1,0,0,0,0,0,0,0,0,0,0,0,0,0,0,0,0,4,0,40.0316,-75.0342, , 