wz_ln_closure,objectid_1,crn,district,county,municipality,crash_year,crash_month,day_of_week,time_of_day,hour_of_day,illumination,weather,road_condition,collision_type,relation_to_road,work_zone_type,work_zone_loc,work_zone_ind,intersect_type,tcd_type,location_type,urban_rural,fatal_count,injury_count,person_count,total_units,sch_bus_ind,sch_zone_ind,latitude,longitude,arrival_tm,cons_zone_spd_lim,dispatch_tm,est_hrs_closed,lane_closed,ln_close_dir,ntfy_hiwy_maint,spec_juris_cd,tcd_func_cd,tfc_detour_ind,workers_pres,wz_close_detour,wz_flagger,wz_law_offcr_ind,objectid,wz_moving,wz_other,wz_shlder_mdn,vehicle_count,automobile_count,motorcycle_count,bus_count,small_truck_count,heavy_truck_count,suv_count,van_count,bicycle_count,maj_inj_count,mod_inj_count,min_inj_count,tot_inj_count,unk_inj_deg_count,unk_inj_per_count,driver_count_16yr,driver_count_17yr,driver_count_18yr,driver_count_19yr,driver_count_20yr,driver_count_50_64yr,driver_count_65_74yr,driver_count_75plus,unbelted_occ_count,unb_death_count,unb_maj_inj_count,belted_death_count,belted_maj_inj_count,mcycle_death_count,mcycle_maj_inj_count,bicycle_death_count,bicycle_maj_inj_count,ped_count,ped_death_count,ped_maj_inj_count,max_severity_level,comm_veh_count,dec_lat,dec_long,rdwy_surf_type_cd,county_name
 ,59129,2012015459,6,67,67301,2012,1,1,2038,20,3,2,1,8,1, , ,N,1,2,0,3,0,1,2,2,N,N,39 55:45.667,75 09:00.863,2040, ,2038, ,0, ,N, ,3, , , , , ,645279, , , ,1,1,0,0,0,0,0,0,0,0,0,1,1,0,1,0,0,0,0,0,0,0,0,1,0,0,0,0,0,0,0,0,1,0,0,4,0,39.9294,-75.1502, , 
 ,59130,2012017809,6,67,67301,2012,1,6,1400,14,1,1,0,4,1, , ,N,1,2,0,3,0,1,2,2,N,N,39 57:29.532,75 14:07.900,1420, ,1417, ,0, ,N, ,3, , , , , ,645280, , , ,2,2,0,0,0,0,0,0,0,0,0,0,1,1,1,0,0,0,0,0,0,0,0,0,0,0,0,0,0,0,0,0,0,0,0,8,0,39.9582,-75.2355, , 
 ,59131,2012032514,6,67,67301,2012,2,5,1345,13,1,2,1,4,1, , ,N,1,3,0,3,0,5,5,3,N,N,39 57:20.944,75 12:35.661,1405, ,1356, ,0, ,N, ,3, , , , , ,645349, , , ,3,3,0,0,0,0,0,0,0,0,0,0,5,5,0,0,0,0,0,1,0,0,0,0,0,0,0,0,0,0,0,0,0,0,0,8,0,39.9558,-75.2099, , 
 ,59132,2012034812,6,67,67301,2012,3,7,1610,16,1,1,0,4,1, , ,N,1,2,0,3,0,2,5,2,N,N,40 02:10.346,75 03:51.114,1625, ,1617,1,2,1,N, ,3,Y, , , , ,645351, , , ,2,2,0,0,0,0,0,0,0,0,0,2,2,0,0,0,0,0,0,0,0,0,0,1,0,0,0,0,0,0,0,0,0,0,0,4,0,40.0362,-75.0642, , 
 ,59133,2012037001,6,67,67301,2012,3,5,9999,99,1,1,0,4,1, , ,N,0,0,0,3,0,1,3,2,N,N,39 56:14.582,75 09:47.080,9999, ,9999, ,0, ,N, ,0, , , , , ,645353, , , ,2,2,0,0,0,0,0,0,0,0,0,1,1,0,0,0,0,0,0,0,2,0,0,0,0,0,0,0,0,0,0,0,0,0,0,4,0,39.9374,-75.1631, , 
 ,59134,2012026157,6,67,67301,2012,2,2,1900,19,3,1,0,1,1, , ,N,0,0,0,3,0,2,5,3,N,N,40 04:25.109,75 04:37.681,1915, ,1906, ,0, , , ,0, , , , , ,645375, , , ,3,3,0,0,0,0,0,0,0,0,0,0,2,2,0,0,0,0,0,0,0,0,0,0,0,0,0,0,0,0,0,0,0,0,0,8,0,40.0736,-75.0771, , 
 ,59135,2012036978,6,67,67301,2012,2,4,2100,21,6,9,8,4,1, , ,N,1,2,0,3,0,1,2,2,N,N,40 02:02.615,75 10:58.439,9999, ,9999, ,0, ,N, ,3, , , , , ,648531, , , ,1,1,0,0,0,0,0,0,1,0,0,0,1,1,0,0,0,0,0,0,1,0,0,0,0,0,0,0,0,0,0,0,0,0,0,8,0,40.0341,-75.1829, , 
 ,59136,2012041545,6,67,67301,2012,3,1,1324,13,1,1,0,1,1, , ,N,0,0,0,3,0,1,2,2,N, ,39 57:39.390,75 13:28.795,1326, ,1326,9,1,2, , ,0,Y, , , , ,648534, , , ,2,2,0,0,0,0,0,0,0,0,0,0,1,1,0,0,0,0,0,0,1,0,0,0,0,0,0,0,0,0,0,0,0,0,0,8,0,39.9609,-75.2247, , 
 ,59137,2012048307,6,67,67301,2012,4,1,2200,22,3,1,0,4,1, , ,N,1,3,0,3,0,1,5,3,N, ,39 55:44.022,75 09:01.508,2212, ,2210, ,0, , , ,3, , , , , ,648543, , , ,3,3,0,0,0,0,0,0,0,0,0,1,1,0,0,0,0,0,0,1,0,0,0,3,0,0,0,0,0,0,0,0,0,0,0,4,0,39.9289,-75.1504, , 
 ,59138,2012023648,6,67,67301,2012,2,5,1809,18,3,1,0,5,1, , ,N,0,0,0,3,0,1,5,2,N,N,39 57:25.342,75 10:49.505,1841, ,1813,1,1,3,N, ,0,Y, , , , ,648564, , , ,2,2,0,0,0,0,0,0,0,0,0,0,1,1,3,0,0,0,0,0,0,0,0,0,0,0,0,0,0,0,0,0,0,0,0,8,0,39.957,-75.1804, , 
 ,59139,2012027755,6,67,67301,2012,2,6,1050,10,1,1,0,8,1, , ,N,0,0,0,3,0,1,2,5,N, ,39 59:33.853,75 07:13.051,1110, ,1107, ,0, , , ,0, , , , , ,648566, , , ,4,3,0,0,1,0,0,0,0,0,1,0,1,0,0,0,0,0,0,0,0,0,0,0,0,0,0,0,0,0,0,0,1,0,0,3,0,39.9927,-75.1203, , 
 ,59140,2012034661,6,67,67301,2012,3,5,1626,16,1,1,0,4,1, , ,N,1,2,0,3,0,0,3,2,N,N,40 04:10.107,75 03:02.148,1645, ,1630,1,1,4,N, ,3,N, , , , ,648572, , , ,2,0,0,0,0,0,2,0,0,0,0,0,0,0,0,0,0,0,0,0,0,0,0,0,0,0,0,0,0,0,0,0,0,0,0,0,0,40.0695,-75.0506, , 
 ,59141,2012036859,6,67,67301,2012,3,3,802,8,1,5,0,4,1, , ,N,1,3,0,3,0,0,4,2,N,N,39 59:55.435,75 06:01.518,820, ,816, ,0, , , ,3, , , , , ,648575, , , ,2,2,0,0,0,0,0,0,0,0,0,0,0,0,0,0,0,0,0,0,0,0,0,0,0,0,0,0,0,0,0,0,0,0,0,0,0,39.9987,-75.1004, , 
 ,59142,2012041673,6,67,67301,2012,3,6,9999,99,1,1,0,4,2, , ,N,1,2,0,3,0,1,1,6,N, ,40 02:42.130,75 06:03.888,1300, ,1246, ,0, , , ,3, , , , , ,648579, , , ,6,2,0,0,1,0,3,0,0,0,0,0,1,1,0,0,0,0,0,0,0,0,0,0,0,0,0,0,0,0,0,0,0,0,0,8,0,40.045,-75.1011, , 
 ,59143,2012015385,6,67,67301,2012,1,5,1625,16,1,1,0,2,6, , ,N,0,0,0,3,0,1,2,3,N,N,40 02:35.052,75 03:35.899,1633, ,1630, ,0, ,N, ,0, , , , , ,648602, , , ,3,2,0,0,1,0,0,0,0,0,0,1,1,0,0,0,0,0,0,0,0,0,0,0,0,0,0,0,0,0,0,0,0,0,0,4,0,40.0431,-75.06, , 
 ,59144,2012027746,6,67,67301,2012,2,5,640,6,3,1,1,8,1, , ,N,1,2,0,3,0,1,2,2,N,N,39 57:15.080,75 10:11.059,650, ,640, ,0, , , ,3, , , , , ,648610, , , ,1,1,0,0,0,0,0,0,0,0,0,1,1,0,0,0,0,0,0,0,0,0,0,0,0,0,0,0,0,0,0,0,1,0,0,4,0,39.9542,-75.1698, , 
 ,59145,2012053916,6,67,67301,2012,1,1,2240,22,6,1,0,3,1, , ,N,1,3,0,3,0,0,2,2,N,N,40 01:42.693,75 07:49.141,0, ,0, ,0, ,N, ,3, , , , , ,648628, , , ,2,1,0,0,0,1,0,0,0,0,0,0,0,0,0,0,0,0,0,0,1,0,0,0,0,0,0,0,0,0,0,0,0,0,0,0,1,40.0285,-75.1303, , 
 ,59146,2012015390,6,67,67301,2012,1,6,1030,10,1,1,0,4,1, , ,N,1,2,0,3,0,2,3,2,N,N,39 59:32.607,75 08:31.827,1039, ,1038,9,1,3, , ,3,N, , , , ,648655, , , ,2,1,0,0,0,1,0,0,0,0,0,2,2,0,0,0,0,0,0,0,0,0,0,3,0,0,0,0,0,0,0,0,0,0,0,4,1,39.9923,-75.1422, , 
 ,59147,2012017879,6,67,67301,2012,1,1,730,7,1,1,0,4,6, , ,N,0,0,0,3,0,0,1,2,N,N,39 58:57.025,75 13:51.718,750, ,734,1,1,3, , ,0,N, , , , ,648659, , , ,2,0,0,0,1,0,0,1,0,0,0,0,0,0,0,0,0,0,0,0,0,0,0,1,0,0,0,0,0,0,0,0,0,0,0,0,0,39.9825,-75.231, , 
 ,59148,2012041653,6,67,67301,2012,3,6,2000,20,3,1,0,8,1, , ,N,2,3,0,3,0,1,2,2,N,N,40 07:09.620,75 02:05.801,2008, ,2005, ,0, ,N, ,3, , , , , ,648681, , , ,1,1,0,0,0,0,0,0,0,0,0,0,1,1,0,0,0,0,0,0,0,0,1,1,0,0,0,0,0,0,0,0,1,0,0,8,0,40.1193,-75.0349, , 
 ,59149,2012026313,6,67,67301,2012,2,5,824,8,1,1,0,1,1, , ,N,0,0,0,3,0,2,3,3,N,N,39 59:36.125,75 05:06.020,849, ,831, ,0, ,N, ,0, , , , , ,648716, , , ,3,2,0,0,0,0,0,1,0,0,0,0,2,2,0,0,0,0,0,0,0,0,0,0,0,0,0,0,0,0,0,0,0,0,0,8,0,39.9935,-75.0849, , 
 ,59150,2012030794,6,67,67301,2012,3,5,1431,14,1,1,0,1,1, , ,N,0,0,0,3,0,1,3,3,N,N,39 59:04.100,75 05:45.111,1435, ,1432, ,0, ,N, ,0, , , , , ,648720, , , ,3,2,0,0,0,0,1,0,0,0,0,0,1,1,0,0,0,0,0,0,0,0,1,0,0,0,0,0,0,0,0,0,0,0,0,8,0,39.9845,-75.0957, , 
 ,59151,2012042550,6,67,67301,2012,3,3,1130,11,1,1,0,4,1, , ,N,0,0,7,3,0,3,3,2,N,N,39 54:45.140,75 13:41.797,1220, ,1216, ,0, , , ,0, , , , , ,648729, , , ,2,1,0,0,0,0,0,1,0,0,0,3,3,0,0,0,0,0,0,0,1,1,0,0,0,0,0,0,0,0,0,0,0,0,0,4,0,39.9125,-75.2283, , 
 ,59152,2012042565,6,67,67301,2012,3,7,1419,14,1,1,0,4,2, , ,N,1,2,0,3,0,0,1,5,N,N,39 57:20.190,75 11:22.129,1420, ,1419,2,2,1,N, ,3,Y, , , , ,648730, , , ,5,3,0,0,0,0,1,1,0,0,0,0,0,0,0,0,0,0,0,0,0,0,0,0,0,0,0,0,0,0,0,0,0,0,0,0,0,39.9556,-75.1895, , 
 ,59153,2012041577,6,67,67301,2012,3,3,1930,19,3,1,0,4,1, , ,N,0,0,7,3,0,1,5,5,N, ,39 57:16.590,75 10:35.520,1934, ,1931, ,0, , , ,0, , , , , ,652176, , , ,4,1,0,0,1,0,1,1,0,0,0,0,1,1,0,0,0,0,0,0,0,0,0,0,0,0,0,0,0,0,0,0,1,0,0,8,0,39.9546,-75.1765, , 
 ,59154,2012056528,6,67,67301,2012,4,2,1022,10,1,1,0,7,7, , ,N,7,0,2,3,0,2,2,1,N,N,39 58:15.257,75 11:34.957,1030, ,1022, ,0, ,N, ,0, , , , , ,652193, , , ,1,0,0,0,0,0,1,0,0,0,0,0,2,2,0,0,0,0,0,0,0,0,0,0,0,0,0,0,0,0,0,0,0,0,0,8,0,39.9732,-75.1937, , 
 ,59155,2012056550,6,67,67301,2012,5,3,930,9,1,2,1,4,1, , ,N,0,0,0,3,0,1,3,2,N,N,39 57:19.768,75 12:03.937,935, ,934, ,0, ,N, ,0, , , , , ,652194, , , ,2,1,0,0,1,0,0,0,0,0,0,0,1,1,2,0,0,0,0,0,0,0,0,0,0,0,0,0,0,0,0,0,0,0,0,8,0,39.9555,-75.2011, , 
 ,59156,2012042186,6,67,67301,2012,3,6,2057,20,3,1,0,4,1, , ,N,0,0,0,3,0,1,2,2,N,N,39 58:51.297,75 07:10.621,2103, ,2057, ,0, ,N, ,0, , , , , ,652227, , , ,1,1,0,0,0,0,0,0,1,0,0,1,1,0,0,0,0,0,0,0,0,0,0,1,0,0,0,0,0,0,0,0,0,0,0,4,0,39.9809,-75.1196, , 
 ,59157,2012042191,6,67,67301,2012,3,7,1836,18,1,1,0,4,6, , ,N,0,0,0,3,0,2,2,3,N, ,39 55:27.735,75 13:32.412,1838, ,1836,2,2,4, , ,0,Y, , , , ,652228, , , ,3,2,0,0,1,0,0,0,0,0,0,0,2,2,0,0,1,0,0,0,0,0,0,0,0,0,0,0,0,0,0,0,0,0,0,8,0,39.9244,-75.2257, , 
 ,59158,2012017897,6,67,67301,2012,1,4,730,7,1,1,0,8,1, , ,N,0,0,0,3,0,1,2,2,N,N,40 02:49.750,75 06:00.842,930, ,920, ,0, ,N, ,0, , , , , ,652260, , , ,1,1,0,0,0,0,0,0,0,0,0,1,1,0,0,0,0,0,0,0,1,0,0,1,0,0,0,0,0,0,0,0,1,0,0,4,0,40.0472,-75.1002, , 
 ,59159,2012041596,6,67,67301,2012,3,7,1930,19,3,1,0,4,1, , ,N,1,2,0,3,0,2,3,2,N,N,40 00:33.078,75 09:02.512,1936, ,1936,1,1,7,N, ,3,N, , , , ,652272, , , ,2,0,0,0,0,0,1,1,0,0,1,0,2,1,0,0,0,0,0,0,0,0,0,3,0,0,0,0,0,0,0,0,0,0,0,3,0,40.0092,-75.1508, , 
 ,59160,2012051912,6,67,67301,2012,4,7,1720,17,1,1,0,8,1, , ,N,1,2,0,3,0,1,2,2,N,N,40 02:46.543,75 10:39.976,1737, ,1734, ,0, ,N, ,3, , , , , ,652277, , , ,1,0,0,0,0,0,1,0,0,0,0,0,1,1,0,0,0,0,0,0,0,0,0,0,0,0,0,0,0,0,0,0,1,0,0,8,0,40.0463,-75.1778, , 
 ,59161,2012056536,6,67,67301,2012,5,3,910,9,1,1,0,1,1, , ,N,0,0,1,3,0,2,6,4,N,N,40 00:50.955,75 05:10.111,915, ,913,3,2,2,N, ,0,Y, , , , ,652282, , , ,4,3,0,0,0,0,1,0,0,0,0,2,2,0,0,0,0,0,0,0,2,0,0,0,0,0,0,0,0,0,0,0,0,0,0,4,0,40.0142,-75.0861, , 
 ,59162,2012032627,6,67,67301,2012,2,5,1938,19,3,1,0,4,1, , ,N,1,3,0,3,0,1,7,2,N,N,39 59:17.480,75 08:04.120,1939, ,1939, ,0, ,N, ,3, , , , , ,652313, , , ,2,2,0,0,0,0,0,0,0,0,0,1,1,0,0,0,0,0,0,0,0,0,0,7,0,0,0,0,0,0,0,0,0,0,0,4,0,39.9882,-75.1345, , 
 ,59163,2012041749,6,67,67301,2012,3,2,2055,20,3,1,0,7,5, , ,N,2,0,0,3,0,1,1,1,N,N,40 01:47.943,75 06:11.321,2105, ,2100, ,0, ,N, ,0, , , , , ,652320, , , ,1,1,0,0,0,0,0,0,0,0,0,0,1,1,0,0,0,0,0,0,1,0,0,0,0,0,0,0,0,0,0,0,0,0,0,8,0,40.0302,-75.1043, , 
 ,59164,2012064038,6,67,67301,2012,5,3,1500,15,1,1,0,1,1, , ,N,0,0,0,3,0,0,4,2,N,N,40 00:46.268,75 07:05.072,1520, ,1517,1,1,3, , ,0,N, , , , ,652336, , , ,2,1,0,0,0,0,0,1,0,0,0,0,0,0,0,0,0,0,0,0,0,0,0,0,0,0,0,0,0,0,0,0,0,0,0,0,0,40.0129,-75.1181, , 
 ,59165,2012068815,6,67,67301,2012,5,6,1923,19,1,1,0,4,1, , ,N,1,3,0,3,0,1,2,2,N,N,40 00:51.663,75 05:14.042,1955, ,1950, ,0, ,N, ,3, , , , , ,652340, , , ,1,1,0,0,0,0,0,0,1,0,0,0,1,1,0,0,0,0,0,0,0,0,0,0,0,0,0,0,0,0,0,0,0,0,0,8,0,40.0144,-75.0872, , 
 ,59166,2012003124,6,67,67301,2012,1,5,1734,17,3,1,0,1,1, , ,N,0,0,0,3,0,0,4,3,N,N,39 57:49.138,75 11:02.585,1752, ,1738,1,2,4,N, ,0,N, , , , ,652345, , , ,3,1,0,0,0,0,1,1,0,0,0,0,0,0,0,0,0,0,0,0,2,0,0,0,0,0,0,0,0,0,0,0,0,0,0,0,0,39.9636,-75.1841, , 
 ,59167,2012017811,6,67,67301,2012,1,7,38,0,3,1,0,8,1, , ,N,1,2,0,3,0,1,2,2,N,N,39 57:06.318,75 12:11.069,39, ,38, ,0, ,N, ,3, , , , , ,652360, , , ,1,1,0,0,0,0,0,0,0,0,0,0,1,1,1,0,0,0,0,0,0,0,0,1,0,0,0,0,0,0,0,0,1,0,0,8,0,39.9518,-75.2031, , 
 ,59168,2012020580,6,67,67301,2012,2,4,924,9,1,1,0,1,1, , ,N,1,2,0,3,0,0,2,2,N,N,40 01:41.450,75 02:20.031,930, ,925, ,0, ,N, ,3, , , , , ,652362, , , ,2,1,0,0,1,0,0,0,0,0,0,0,0,0,0,0,0,0,0,0,0,0,1,0,0,0,0,0,0,0,0,0,0,0,0,0,0,40.0282,-75.0389, , 
 ,59169,2012017808,6,67,67301,2012,1,1,341,3,3,1,0,7,4, , ,N,2,2,0,3,0,3,3,1,N,N,39 57:19.768,75 10:50.830,343, ,342, ,0, ,N, ,3, , , , , ,652399, , , ,1,1,0,0,0,0,0,0,0,0,0,0,3,3,0,0,0,0,0,0,0,0,0,0,0,0,0,0,0,0,0,0,0,0,0,8,0,39.9555,-75.1808, , 
 ,59170,2012036772,6,67,67301,2012,3,7,1831,18,3,1,0,2,1, , ,N,1,2,0,3,0,3,3,2,N, ,40 04:46.310,75 02:31.846,1848, ,1838, ,0, , , ,3, , , , , ,652415, , , ,2,1,0,0,0,0,1,0,0,0,0,3,3,0,0,0,0,0,0,0,0,0,0,0,0,0,0,0,0,0,0,0,0,0,0,4,0,40.0795,-75.0422, , 
 ,59171,2012036763,6,67,67301,2012,3,3,2243,22,3,1,0,7,2, , ,N,1,2,0,3,0,0,1,1,N,N,39 56:43.728,75 12:30.945,2245, ,2243, ,0, , , ,3, , , , , ,654305, , , ,1,1,0,0,0,0,0,0,0,0,0,0,0,0,0,0,0,0,0,0,0,0,0,1,0,0,0,0,0,0,0,0,0,0,0,0,0,39.9455,-75.2086, , 
 ,59172,2012049821,6,67,67301,2012,4,7,1825,18,1,1,0,8,1, , ,N,2,3,0,3,0,1,2,2,N,N,40 04:19.105,75 04:26.480,1831, ,1829,1,1,3,N, ,3,Y, , , , ,654312, , , ,1,0,0,0,1,0,0,0,0,0,0,0,1,1,0,0,0,0,0,0,1,0,0,0,0,0,0,0,0,0,0,0,1,0,0,8,0,40.072,-75.074, , 
 ,59173,2012056677,6,67,67301,2012,5,1,930,9,1,1,0,4,1, , ,N,1,3,0,3,0,1,3,2,N, ,39 55:56.100,75 10:20.380,1020, ,1015, ,0, , , ,3, , , , , ,654317, , , ,2,1,0,0,1,0,0,0,0,0,0,0,1,1,2,0,0,0,0,1,0,0,0,0,0,0,0,0,0,0,0,0,0,0,0,8,0,39.9323,-75.1723, , 
 ,59174,2012015515,6,67,67301,2012,1,4,50,0,3,1,0,7,2, , ,N,10,0,0,3,0,0,1,1,N, ,40 06:03.718,75 01:14.174,50, ,50, ,0, , , ,0, , , , , ,654336, , , ,1,1,0,0,0,0,0,0,0,0,0,0,0,0,0,0,0,0,0,0,0,0,0,1,0,0,0,0,0,0,0,0,0,0,0,0,0,40.101,-75.0206, , 
 ,59175,2012016739,6,67,67301,2012,2,4,2325,23,3,1,1,1,1, , ,N,0,0,0,3,0,1,2,2,N,N,39 58:51.139,75 12:23.042,2343, ,2342, ,0, ,N, ,0, , , , , ,654337, , , ,2,2,0,0,0,0,0,0,0,0,0,0,1,1,0,0,0,0,0,1,0,0,0,0,0,0,0,0,0,0,0,0,0,0,0,8,0,39.9809,-75.2064, , 
 ,59176,2012016995,6,46,46104,2012,2,7,301,3,3,1,0,4,1, , ,N,1,2,0,3,0,5,5,3,N,N,40 00:04.594,75 13:35.224,305, ,302,2,1,2,N, ,3,N, , , , ,654338, , , ,3,3,0,0,0,0,0,0,0,0,0,4,5,1,0,0,0,1,0,0,0,0,0,0,0,0,0,0,0,0,0,0,0,0,0,4,0,40.0012,-75.2264, , 
 ,59177,2012042091,6,67,67301,2012,3,4,1425,14,1,1,0,4,1, , ,N,2,2,0,3,0,1,2,2,N, ,40 01:11.588,75 10:29.885,1427, ,1427, ,0, , , ,3, , , , , ,654354, , , ,2,0,0,0,0,1,1,0,0,0,0,1,1,0,0,0,0,0,0,0,1,0,0,0,0,0,0,0,0,0,0,0,0,0,0,4,1,40.0199,-75.175, , 
 ,59178,2012052666,6,67,67301,2012,4,5,1105,11,1,8,1,1,1, , ,N,2,2,7,3,0,2,2,2,N,N,39 53:31.061,75 14:30.296,1119, ,1115,2,1,2,N, ,3,N, , , , ,654362, , , ,2,1,0,0,0,0,0,1,0,0,0,1,2,1,0,0,0,0,0,0,0,0,1,0,0,0,0,0,0,0,0,0,0,0,0,4,0,39.8919,-75.2419, , 
 ,59179,2012007087,6,67,67301,2012,1,3,1621,16,1,1,0,5,1, , ,N,0,0,0,3,0,1,3,3,N,N,40 03:02.797,75 03:03.326,1645, ,1622,3,1,1,N, ,0,N, , , , ,654377, , , ,3,2,0,0,0,1,0,0,0,0,0,1,1,0,0,0,0,0,0,0,1,1,0,0,0,0,0,0,0,0,0,0,0,0,0,4,1,40.0508,-75.0509, , 
 ,59180,2012015472,6,67,67301,2012,1,6,1550,15,1,1,0,1,1, , ,N,1,2,0,3,0,1,2,2,N, ,40 03:20.701,75 05:22.429,1726, ,1720, ,0, , , ,3, , , , , ,654388, , , ,2,2,0,0,0,0,0,0,0,0,0,1,1,0,1,0,0,0,0,0,1,0,0,1,0,0,0,0,0,0,0,0,0,0,0,4,0,40.0558,-75.0896, , 
 ,59181,2012020399,6,67,67301,2012,1,3,715,7,1,8,1,8,1, , ,N,1,3,0,3,0,1,2,2,N,N,40 04:01.347,75 10:24.416,2055, ,2055, ,0, , , ,9, , , , , ,654433, , , ,1,1,0,0,0,0,0,0,0,0,0,1,1,0,0,0,0,0,0,0,0,1,0,0,0,0,0,0,0,0,0,0,1,0,0,4,0,40.067,-75.1734, , 
 ,59182,2012051945,6,67,67301,2012,4,3,1330,13,1,1,0,8,1, , ,N,0,0,0,3,0,1,2,2,N, ,39 55:37.068,75 13:48.500,1038, ,1035, ,0, , , ,0, , , , , ,654452, , , ,1,0,0,0,0,0,0,0,0,0,0,1,1,0,0,0,0,0,0,0,0,0,0,0,0,0,0,0,0,0,0,0,1,0,0,4,0,39.927,-75.2301, , 
 ,59183,2012057503,6,67,67301,2012,5,5,1812,18,1,1,0,4,1, , ,N,1,2,0,3,0,0,2,2,N,N,40 01:28.929,75 07:50.008,1813, ,1812,1,2,2,N, ,3,Y, , , , ,654455, , , ,2,2,0,0,0,0,0,0,0,0,0,0,0,0,0,0,0,0,0,0,0,0,0,0,0,0,0,0,0,0,0,0,0,0,0,0,0,40.0247,-75.1304, , 
 ,59184,2012061682,6,67,67301,2012,5,4,740,7,1,2,1,8,1, , ,N,1,2,0,3,0,1,2,2,N, ,40 03:21.148,75 03:41.774,853, ,852, ,0, , , ,3, , , , , ,654459, , , ,1,1,0,0,0,0,0,0,0,0,0,1,1,0,0,0,0,0,0,0,0,0,0,0,0,0,0,0,0,0,0,0,1,0,0,4,0,40.0559,-75.0616, , 
 ,59185,2012068700,6,67,67301,2012,6,6,800,8,1,1,0,5,1, , ,N,0,0,7,3,0,1,2,2,N,N,39 57:29.336,75 09:01.681,809, ,808, ,0, ,N, ,0, , , , , ,654464, , , ,2,2,0,0,0,0,0,0,0,0,0,1,1,0,0,0,0,0,0,0,0,0,0,0,0,0,0,0,0,0,0,0,0,0,0,4,0,39.9581,-75.1505, , 
 ,59186,2012068779,6,67,67301,2012,6,6,1110,11,1,1,0,5,1, , ,N,2,2,0,3,0,1,2,2,N,N,39 57:19.502,75 11:17.600,1130, ,1130, ,0, ,N, ,3, , , , , ,654465, , , ,2,0,0,0,1,0,0,1,0,0,0,0,1,1,0,0,0,0,0,0,1,0,0,0,0,0,0,0,0,0,0,0,0,0,0,8,0,39.9554,-75.1882, , 
 ,59187,2012069641,6,67,67301,2012,5,6,2000,20,3,1,0,4,1, , ,N,0,0,0,3,0,1,2,2,N,N,39 57:18.088,75 11:06.169,1035, ,1025, ,0, ,N, ,0, , , , , ,654466, , , ,1,1,0,0,0,0,0,0,1,1,0,0,1,0,0,0,0,0,0,0,0,0,0,0,0,0,0,0,0,0,0,1,0,0,0,2,0,39.955,-75.185, , 
 ,59188,2012042220,6,67,67301,2012,3,1,340,3,3,1,0,4,2, , ,N,0,0,0,3,0,0,2,3,N,N,40 02:23.067,75 09:15.642,346, ,345,2,1,2,N, ,0,Y, , , , ,654504, , , ,3,3,0,0,0,0,0,0,0,0,0,0,0,0,0,0,0,0,0,0,0,0,0,0,0,0,0,0,0,0,0,0,0,0,0,0,0,40.0397,-75.1543, , 
 ,59189,2012047192,6,67,67301,2012,4,5,1445,14,1,1,0,4,1, , ,N,1,2,0,3,0,1,2,2,N,N,39 55:10.650,75 14:24.889,1610, ,1604, ,0, ,N, ,3, , , , , ,645392, , , ,2,2,0,0,0,0,0,0,0,0,0,0,1,1,1,0,0,0,0,0,0,0,1,0,0,0,0,0,0,0,0,0,0,0,0,8,0,39.9196,-75.2402, , 
 ,59190,2012047255,6,67,67301,2012,4,3,9999,99,3,1,0,7,3, , ,N,0,0,7,3,0,0,1,1,N, ,40 05:05.488,74 57:55.096,350, ,350,1,1,2, , ,0,N, , , , ,645393, , , ,1,0,0,0,1,0,0,0,0,0,0,0,0,0,0,0,0,0,0,0,1,0,0,0,0,0,0,0,0,0,0,0,0,0,0,0,0,40.0849,-74.9653, , 
 ,59191,2012048215,6,67,67301,2012,4,2,730,7,1,1,0,4,1, , ,N,1,3,0,3,0,1,3,2,N, ,40 04:43.050,74 59:36.182,9999, ,730, ,0, , , ,3, , , , , ,645395, , , ,2,1,0,0,0,0,1,0,0,0,0,1,1,0,0,0,0,0,0,0,1,0,0,2,0,0,0,0,0,0,0,0,0,0,0,4,0,40.0786,-74.9934, , 
 ,59192,2012048256,6,67,67301,2012,4,2,1845,18,1,1,0,4,1, , ,N,1,2,0,3,0,2,3,2,N,N,39 55:16.521,75 10:30.986,1925, ,1912,2,1,2,N, ,3,Y, , , , ,645396, , , ,2,1,0,0,0,0,1,0,0,0,0,2,2,0,0,0,0,0,1,0,0,0,0,0,0,0,0,0,0,0,0,0,0,0,0,4,0,39.9213,-75.1753, , 
 ,59193,2012051894,6,67,67301,2012,5,4,9999,99,3,1,0,4,1, , ,N,1,2,0,3,0,1,3,2,N,N,40 01:52.935,75 09:08.539,9999, ,9999, ,0, ,N, ,3, , , , , ,645400, , , ,2,1,0,0,0,0,1,0,0,0,0,1,1,0,0,0,1,0,0,0,1,0,0,0,0,0,0,0,0,0,0,0,0,0,0,4,0,40.0314,-75.1524, , 
 ,59194,2012052689,6,67,67301,2012,4,5,1400,14,1,1,0,4,1, , ,N,1,2,0,3,0,3,5,2,N, ,40 00:31.611,75 08:51.010,1445, ,1430, ,0, , , ,3, , , , , ,645401, , , ,2,1,0,1,0,0,0,0,0,0,1,2,3,0,0,0,0,0,0,1,0,0,0,0,0,0,0,0,0,0,0,0,0,0,0,3,1,40.0088,-75.1476, , 
 ,59195,2012054713,6,67,67301,2012,4,4,502,5,3,1,0,4,1, , ,N,0,0,7,3,0,1,2,2,N,N,40 02:21.755,75 06:36.470,508, ,502, ,0, ,N, ,0, , , , , ,645403, , , ,2,1,1,0,0,0,0,0,0,0,1,0,1,0,0,0,0,0,0,0,2,0,0,0,0,0,0,0,0,0,0,0,0,0,0,3,0,40.0394,-75.1101, , 