wz_ln_closure,objectid_1,crn,district,county,municipality,crash_year,crash_month,day_of_week,time_of_day,hour_of_day,illumination,weather,road_condition,collision_type,relation_to_road,work_zone_type,work_zone_loc,work_zone_ind,intersect_type,tcd_type,location_type,urban_rural,fatal_count,injury_count,person_count,total_units,sch_bus_ind,sch_zone_ind,latitude,longitude,arrival_tm,cons_zone_spd_lim,dispatch_tm,est_hrs_closed,lane_closed,ln_close_dir,ntfy_hiwy_maint,spec_juris_cd,tcd_func_cd,tfc_detour_ind,workers_pres,wz_close_detour,wz_flagger,wz_law_offcr_ind,objectid,wz_moving,wz_other,wz_shlder_mdn,vehicle_count,automobile_count,motorcycle_count,bus_count,small_truck_count,heavy_truck_count,suv_count,van_count,bicycle_count,maj_inj_count,mod_inj_count,min_inj_count,tot_inj_count,unk_inj_deg_count,unk_inj_per_count,driver_count_16yr,driver_count_17yr,driver_count_18yr,driver_count_19yr,driver_count_20yr,driver_count_50_64yr,driver_count_65_74yr,driver_count_75plus,unbelted_occ_count,unb_death_count,unb_maj_inj_count,belted_death_count,belted_maj_inj_count,mcycle_death_count,mcycle_maj_inj_count,bicycle_death_count,bicycle_maj_inj_count,ped_count,ped_death_count,ped_maj_inj_count,max_severity_level,comm_veh_count,dec_lat,dec_long,rdwy_surf_type_cd,county_name
 ,59395,2012036633,6,67,67301,2012,3,5,1205,12,1,1,0,7,1, , ,N,0,0,0,3,0,0,2,2,N,N,39 55:16.231,75 08:53.112,1211, ,1208, ,0, ,N, ,0, , , , , ,642495, , , ,2,1,0,0,0,0,1,0,0,0,0,0,0,0,0,0,0,0,0,0,0,0,0,0,0,0,0,0,0,0,0,0,0,0,0,0,0,39.9213,-75.1481, , 
 ,59396,2012041649,6,67,67301,2012,3,4,9999,99,1,1,0,4,1, , ,N,1,3,0,3,0,1,2,2,N,N,39 55:38.233,75 10:56.924,9999, ,9999, ,0, , , ,3, , , , , ,642499, , , ,1,0,0,0,0,0,0,0,1,0,0,0,1,1,1,0,0,0,0,0,0,0,0,0,0,0,0,0,0,0,0,0,0,0,0,8,0,39.9273,-75.1825, , 
 ,59397,2012048156,6,67,67301,2012,3,7,325,3,3,2,1,7,4, , ,N,0,0,0,3,0,0,2,1,N,N,40 00:58.833,75 10:31.550,337, ,329,2,1,2,Y, ,0,N, , , , ,642505, , , ,1,0,0,0,0,0,0,1,0,0,0,0,0,0,0,0,0,0,0,0,0,0,0,2,0,0,0,0,0,0,0,0,0,0,0,0,0,40.0163,-75.1754, , 
 ,59398,2012002763,6,67,67301,2012,1,1,1256,12,1,1,0,7,4, , ,N,0,0,0,3,0,1,1,1,N,N,39 54:32.205,75 08:57.758,1305, ,1259, ,0, ,Y, ,0, , , , , ,642518, , , ,1,1,0,0,0,0,0,0,0,0,0,0,1,1,0,0,0,0,0,0,0,0,0,1,0,0,0,0,0,0,0,0,0,0,0,8,0,39.909,-75.1494, , 
 ,59399,2012042589,6,67,67301,2012,3,6,1930,19,3,1,0,4,1, , ,N,1,0,0,3,0,2,4,2,N, ,39 58:13.725,75 08:50.389,1935, ,1930, ,0, ,N, ,0, , , , , ,642543, , , ,2,2,0,0,0,0,0,0,0,0,0,2,2,0,0,0,0,0,0,0,1,0,0,3,0,0,0,0,0,0,0,0,0,0,0,4,0,39.9704,-75.1474, , 
 ,59400,2012056518,6,67,67301,2012,5,7,2335,23,3,1,0,7,5, , ,N,0,0,0,3,0,1,2,1,N,N,40 04:55.494,75 02:27.781,2337, ,2337,2,1,2,N, ,0,Y, , , , ,642554, , , ,1,1,0,0,0,0,0,0,0,0,0,1,1,0,0,0,0,0,0,0,0,0,0,0,0,0,0,0,0,0,0,0,0,0,0,4,0,40.0821,-75.041, , 
 ,59401,2012017874,6,67,67301,2012,1,6,238,2,3,2,1,1,6, , ,N,0,0,0,3,0,1,1,3,N,N,40 01:04.151,75 03:53.096,325, ,321,1,1,3, , ,0,N, , , , ,642576, , , ,3,1,0,0,0,0,1,1,0,0,0,1,1,0,0,0,0,0,0,0,0,0,0,0,0,0,0,0,0,0,0,0,0,0,0,4,0,40.0179,-75.0647, , 
 ,59402,2012056200,6,67,67301,2012,5,6,2315,23,3,1,0,1,1, , ,N,0,0,0,3,0,1,2,2,N,N,39 55:38.755,75 11:44.076,2350, ,2317, ,0, ,N, ,0, , , , , ,642607, , , ,2,2,0,0,0,0,0,0,0,0,0,0,1,1,1,0,0,0,0,0,1,0,0,0,0,0,0,0,0,0,0,0,0,0,0,8,0,39.9274,-75.1956, , 
 ,59403,2012058056,6,67,67301,2012,6,5,2315,23,3,1,0,1,1, , ,N,0,0,0,3,0,0,2,2,N,N,40 04:36.774,75 01:57.434,2320, ,2318,2,1,2,N, ,0,N, , , , ,642610, , , ,2,2,0,0,0,0,0,0,0,0,0,0,0,0,0,0,0,0,0,0,0,0,0,0,0,0,0,0,0,0,0,0,0,0,0,0,0,40.0769,-75.0326, , 
 ,59404,2012020581,6,67,67301,2012,2,4,9999,99,1,1,0,4,1, , ,N,1,2,0,3,0,1,3,2,N,N,40 01:27.102,75 05:43.897,812, ,807, ,0, ,N, ,3, , , , , ,642628, , , ,2,2,0,0,0,0,0,0,0,0,0,1,1,0,0,0,0,0,0,0,0,0,0,0,0,0,0,0,0,0,0,0,0,0,0,4,0,40.0242,-75.0955, , 
 ,59405,2012032613,6,67,67301,2012,2,5,1450,14,1,2,1,4,1, , ,N,0,0,0,3,0,2,7,3,N,N,39 55:13.767,75 12:50.540,1510, ,1502, ,0, ,N, ,0, , , , , ,642646, , , ,3,3,0,0,0,0,0,0,0,0,0,1,2,1,0,0,0,0,0,0,1,0,0,0,0,0,0,0,0,0,0,0,0,0,0,4,0,39.9205,-75.214, , 
 ,59406,2012012614,6,67,67301,2012,1,4,1249,12,1,1,0,4,1, , ,N,1,2,0,3,0,1,5,2,N,N,39 54:51.182,75 10:18.543,1252, ,1249, ,0, ,N, ,3, , , , , ,642668, , , ,2,1,0,0,1,0,0,0,0,0,0,1,1,0,0,0,0,0,0,0,0,0,0,0,0,0,0,0,0,0,0,0,0,0,0,4,0,39.9142,-75.1718, , 
 ,59407,2012056601,6,67,67301,2012,5,1,1545,15,1,1,0,4,1, , ,N,1,3,0,3,0,2,3,3,N,N,40 00:03.643,75 07:25.222,1610, ,1601, ,0, ,N, ,3, , , , , ,645983, , , ,3,1,2,0,0,0,0,0,0,0,0,0,2,2,0,0,0,0,0,0,0,0,0,0,0,0,0,0,0,0,0,0,0,0,0,8,0,40.001,-75.1237, , 
 ,59408,2012017922,6,67,67301,2012,1,6,2213,22,3,1,0,4,1, , ,N,1,2,0,3,0,1,2,2,N,N,39 56:54.189,75 13:09.223,2217, ,2215, ,0, ,N, ,3, , , , , ,645998, , , ,2,2,0,0,0,0,0,0,0,0,0,0,1,1,0,0,0,0,0,0,0,0,0,0,0,0,0,0,0,0,0,0,0,0,0,8,0,39.9484,-75.2192, , 
 ,59409,2012020546,6,67,67301,2012,2,7,1512,15,1,1,0,4,1, , ,N,1,2,0,3,0,1,3,2,N,N,40 01:18.932,75 03:47.404,1512, ,1512, ,0, ,N, ,3, , , , , ,645999, , , ,2,1,0,0,0,0,1,0,0,0,0,0,1,1,0,0,0,0,0,0,0,0,0,0,0,0,0,0,0,0,0,0,0,0,0,8,0,40.022,-75.0632, , 
 ,59410,2012020839,6,67,67301,2012,2,4,342,3,3,1,0,5,1, , ,N,0,0,0,3,0,1,2,2,N,N,39 58:28.538,75 11:39.653,357, ,345, ,0, ,N, ,0, , , , , ,646001, , , ,2,1,0,0,0,0,0,1,0,0,0,0,1,1,1,0,0,0,0,0,0,0,0,0,0,0,0,0,0,0,0,0,0,0,0,8,0,39.9746,-75.1943, , 
 ,59411,2012026265,6,67,67301,2012,1,2,2200,22,3,1,0,5,1, , ,N,1,0,0,3,0,0,2,4,N,N,39 58:52.935,75 08:33.241,2311, ,2311, ,0, ,N, ,0, , , , , ,646004, , , ,4,2,0,0,0,0,1,1,0,0,0,0,0,0,2,0,0,0,0,0,1,0,0,2,0,0,0,0,0,0,0,0,0,0,0,9,0,39.9814,-75.1426, , 
 ,59412,2012032598,6,67,67301,2012,2,7,2315,23,3,1,0,5,2, , ,N,0,0,0,3,0,0,1,4,N,N,40 00:54.378,75 03:51.095,2318, ,2317, ,0, ,N, ,0, , , , , ,646011, , , ,4,2,0,0,1,0,1,0,0,0,0,0,0,0,0,0,0,0,0,0,0,0,0,0,0,0,0,0,0,0,0,0,0,0,0,0,0,40.015,-75.0644, , 
 ,59413,2012034778,6,67,67301,2012,3,6,1535,15,1,1,0,4,1, , ,N,2,3,0,3,0,1,2,2,N,N,40 03:29.109,75 09:09.298,1618, ,1539, ,0, ,N, ,3, , , , , ,646014, , , ,2,2,0,0,0,0,0,0,0,0,0,0,1,1,0,0,0,0,0,0,0,0,0,0,0,0,0,0,0,0,0,0,0,0,0,8,0,40.0581,-75.1526, , 
 ,59414,2012042137,6,67,67301,2012,3,7,1615,16,1,1,0,4,1, , ,N,1,2,0,3,0,5,11,2,N, ,40 00:27.615,75 08:19.791,1717, ,1717, ,0, , , ,3, , , , , ,646020, , , ,2,0,0,0,0,0,1,1,0,0,0,0,5,5,0,0,0,0,0,0,0,0,0,0,0,0,0,0,0,0,0,0,0,0,0,8,0,40.0077,-75.1388, , 
 ,59415,2012042161,6,67,67301,2012,3,3,9999,99,3,1,0,7,2, , ,N,2,0,0,3,0,0,1,1,N,N,39 55:30.388,75 08:47.936,1404, ,1403,2,2,1, , ,0,Y, , , , ,646021, , , ,1,1,0,0,0,0,0,0,0,0,0,0,0,0,1,0,0,0,0,0,0,0,0,0,0,0,0,0,0,0,0,0,0,0,0,9,0,39.9251,-75.1466, , 
 ,59416,2012047176,6,67,67301,2012,4,2,1250,12,1,1,0,1,1, , ,N,0,0,0,3,0,4,5,2,N,N,39 59:00.424,75 09:36.667,1250, ,1250, ,0, , , ,0, , , , , ,646029, , , ,2,1,0,0,0,0,1,0,0,0,0,4,4,0,0,0,0,0,0,0,1,0,0,0,0,0,0,0,0,0,0,0,0,0,0,4,0,39.9835,-75.1602, , 
 ,59417,2012048274,6,67,67301,2012,3,1,50,0,3,1,0,4,1, , ,N,1,2,0,3,0,1,3,2,N,N,39 55:32.198,75 14:03.722,50, ,50, ,0, ,N, ,3, , , , , ,646032, , , ,2,2,0,0,0,0,0,0,0,0,0,1,1,0,0,0,0,0,0,0,1,0,0,0,0,0,0,0,0,0,0,0,0,0,0,4,0,39.9256,-75.2343, , 
 ,59418,2012048893,6,67,67301,2012,4,2,503,5,3,1,0,7,5, , ,N,0,0,0,3,0,1,1,1,N,N,40 01:03.867,75 02:49.415,510, ,505,2,1,4,N, ,0,N, , , , ,646033, , , ,1,0,0,0,1,0,0,0,0,0,1,0,1,0,0,0,0,0,0,0,0,0,0,0,0,0,0,0,0,0,0,0,0,0,0,3,0,40.0177,-75.0471, , 
 ,59419,2012017488,6,67,67301,2012,2,4,1704,17,3,4,1,1,1, , ,N,0,0,0,3,0,3,3,2,N,N,39 57:27.952,75 08:55.661,1739, ,1719,1,1,4,N, ,0,N, , , , ,646048, , , ,2,1,0,0,1,0,0,0,0,0,0,1,3,2,0,0,0,0,0,0,0,0,0,0,0,0,0,0,0,0,0,0,0,0,0,4,0,39.9578,-75.1488, , 
 ,59420,2012020433,6,67,67301,2012,1,3,1408,14,1,1,0,4,1, , ,N,1,2,0,3,0,1,3,2,N,N,39 55:35.327,75 11:09.705,1410, ,1409, ,0, ,N, ,3, , , , , ,646050, , , ,2,1,0,0,0,0,1,0,0,0,0,1,1,0,0,0,0,0,0,0,1,0,0,0,0,0,0,0,0,0,0,0,0,0,0,4,0,39.9265,-75.186, , 
 ,59421,2012032705,6,67,67301,2012,2,2,950,9,1,1,0,1,1, , ,N,1,2,0,3,0,6,7,3,N,N,40 04:27.147,75 02:05.032,955, ,953,1,1,1,N, ,3,N, , , , ,646059, , , ,3,1,0,1,1,0,0,0,0,0,0,6,6,0,0,0,0,0,0,0,1,0,0,0,0,0,0,0,0,0,0,0,0,0,0,4,1,40.0743,-75.0348, , 
 ,59422,2012042188,6,67,67301,2012,3,5,1615,16,1,1,0,8,1, , ,N,1,2,0,3,0,1,2,2,N,N,40 03:47.137,75 05:11.534,1652, ,1644,1,1,6,N, ,3,N, , , , ,646066, , , ,1,0,0,0,0,0,1,0,0,0,0,1,1,0,0,0,0,0,0,0,0,0,0,0,0,0,0,0,0,0,0,0,1,0,0,4,0,40.0631,-75.0866, , 
 ,59423,2012047238,6,67,67301,2012,4,3,1416,14,1,1,0,4,1, , ,N,1,3,0,3,0,1,2,2,N,N,39 57:41.936,75 12:08.067,1423, ,1418, ,0, ,N, ,3, , , , , ,646073, , , ,2,2,0,0,0,0,0,0,0,0,0,1,1,0,1,0,0,0,0,0,0,0,0,0,0,0,0,0,0,0,0,0,0,0,0,4,0,39.9616,-75.2022, , 
 ,59424,2012051958,6,67,67301,2012,4,3,1800,18,1,1,0,4,1, , ,N,1,2,0,3,0,1,4,4,N, ,40 00:27.528,75 07:37.941,1810, ,1808, ,0, , , ,3, , , , , ,646114, , , ,4,4,0,0,0,0,0,0,0,0,0,1,1,0,0,0,0,1,0,0,1,0,0,0,0,0,0,0,0,0,0,0,0,0,0,4,0,40.0076,-75.1273, , 
 ,59425,2012036810,6,67,67301,2012,2,3,1543,15,1,1,0,1,1, , ,N,1,2,0,3,0,1,2,2,N,N,39 56:53.718,75 09:53.586,1547, ,1545, ,0, , , ,3, , , , , ,649334, , , ,2,1,0,0,0,0,1,0,0,0,0,1,1,0,0,0,0,0,0,0,1,0,0,0,0,0,0,0,0,0,0,0,0,0,0,4,0,40.0202,-75.1141, , 
 ,59426,2012042214,6,67,67301,2012,3,7,2242,22,2,1,0,1,1, , ,N,0,0,0,3,0,0,3,3,N, ,40 00:28.588,75 09:05.503,2246, ,2245, ,0, , , ,0, , , , , ,649335, , , ,3,2,0,0,1,0,0,0,0,0,0,0,0,0,3,0,0,0,0,0,0,0,0,3,0,0,0,0,0,0,0,0,0,0,0,9,0,40.0079,-75.1515, , 
 ,59427,2012047133,6,67,67301,2012,4,6,1600,16,1,1,0,4,1, , ,N,1,3,0,3,0,3,4,2,N,N,40 00:33.559,75 08:21.573,1640, ,1635, ,0, ,N, ,3, , , , , ,649341, , , ,2,1,0,0,0,0,1,0,0,0,0,3,3,0,0,0,0,0,0,0,0,0,0,0,0,0,0,0,0,0,0,0,0,0,0,4,0,40.0093,-75.1393, , 
 ,59428,2012066441,6,67,67301,2012,5,6,813,8,1,1,0,4,1, , ,N,1,3,0,3,0,1,2,2,N, ,40 04:30.637,75 10:31.875,825, ,814, ,0, , , ,3, , , , , ,649359, , , ,1,1,0,0,0,0,0,0,1,0,0,0,1,1,0,0,0,0,0,0,0,0,0,0,0,0,0,0,0,0,0,0,0,0,0,8,0,40.0752,-75.1755, , 
 ,59429,2012019959,6,67,67301,2012,1,7,1753,17,2,1,0,8,1, , ,N,2,0,0,3,0,1,2,2,N,N,39 58:57.266,75 13:50.685,1808, ,1807, ,0, ,N, ,0, , , , , ,649376, , , ,1,1,0,0,0,0,0,0,0,0,1,0,1,0,0,0,0,0,0,0,1,0,0,0,0,0,0,0,0,0,0,0,1,0,0,3,0,39.9826,-75.2307, , 
 ,59430,2012042156,6,67,67301,2012,3,7,1451,14,1,1,0,5,1, , ,N,0,0,0,3,0,1,2,2,N, ,39 59:33.280,75 07:35.572,1455, ,1454, ,0, , , ,0, , , , , ,649394, , , ,1,0,0,0,0,0,1,0,1,0,0,0,1,1,0,0,0,0,0,0,1,0,0,0,0,0,0,0,0,0,0,0,0,0,0,8,0,39.9926,-75.1265, , 
 ,59431,2012048333,6,67,67301,2012,4,2,1100,11,1,1,0,8,1, , ,N,1,2,0,3,0,1,2,2,N,N,39 56:12.191,75 10:01.410,1109, ,1108, ,0, ,N, ,2, , , , , ,649403, , , ,1,0,0,0,0,0,0,0,0,0,0,0,1,1,0,0,0,0,0,0,0,0,0,0,0,0,0,0,0,0,0,0,1,0,0,8,0,39.9367,-75.1669, , 
 ,59432,2012050226,6,67,67301,2012,4,3,1620,16,1,1,0,1,1, , ,N,1,2,0,3,0,0,2,2,N, ,39 57:46.449,75 09:52.757,1643, ,1640, ,0, , , ,3, , , , , ,649406, , , ,2,1,0,0,1,0,0,0,0,0,0,0,0,0,0,0,0,0,0,0,0,0,0,0,0,0,0,0,0,0,0,0,0,0,0,0,0,39.9628,-75.1646, , 
 ,59433,2012028123,6,67,67301,2012,2,7,1206,12,1,1,1,1,1, , ,N,1,2,0,3,0,1,3,2,N,N,39 59:16.184,75 10:50.095,1212, ,1210, ,0, ,N, ,3, , , , , ,649432, , , ,2,2,0,0,0,0,0,0,0,0,0,1,1,0,1,0,0,0,0,0,0,0,0,1,0,0,0,0,0,0,0,0,0,0,0,4,0,39.9878,-75.1806, , 
 ,59434,2012060635,6,67,67301,2012,5,3,1800,18,1,2,1,1,1, , ,N,0,0,0,3,0,3,4,3,N,N,39 59:39.626,75 09:50.664,1814, ,1813, ,0, ,N, ,0, , , , , ,649455, , , ,2,0,0,0,0,0,1,0,1,0,3,0,3,0,1,0,0,0,0,0,0,0,0,0,0,0,0,0,0,0,0,0,0,0,0,3,0,39.9943,-75.1641, , 
 ,59435,2012012626,6,67,67301,2012,1,4,1314,13,1,1,0,1,1, , ,N,0,0,0,3,0,3,3,2,N,N,40 01:13.605,75 09:13.425,1314, ,1314,1,1,2,N, ,0,N, , , , ,649467, , , ,2,1,0,0,1,0,0,0,0,0,0,0,3,3,0,0,0,0,0,0,0,0,0,0,0,0,0,0,0,0,0,0,0,0,0,8,0,40.0204,-75.1537, , 
 ,59436,2012015465,6,67,67301,2012,1,3,626,6,1,1,0,4,1, , ,N,2,3,0,3,0,1,2,2,N,N,39 54:26.168,75 13:41.483,800, ,742, ,0, ,N, ,3, , , , , ,649470, , , ,2,2,0,0,0,0,0,0,0,0,0,1,1,0,0,0,0,0,0,0,0,0,0,0,0,0,0,0,0,0,0,0,0,0,0,4,0,39.9073,-75.2282, , 
 ,59437,2012020393,6,67,67301,2012,1,5,800,8,1,1,0,4,1, , ,N,1,2,0,3,0,0,2,2,N, ,40 03:37.434,74 59:25.565,813, ,807, ,0, , , ,3, , , , , ,649475, , , ,2,2,0,0,0,0,0,0,0,0,0,0,0,0,2,0,0,0,0,1,0,0,0,0,0,0,0,0,0,0,0,0,0,0,0,9,0,40.0604,-74.9904, , 
 ,59438,2012020502,6,67,67301,2012,1,2,48,0,3,1,0,4,1, , ,N,2,2,6,3,0,1,2,2,N,N,40 01:36.832,75 05:50.065,58, ,50,2,1,2,N, ,3,N, , , , ,649476, , , ,2,1,0,0,0,0,1,0,0,0,0,0,1,1,0,0,0,0,0,0,1,0,0,0,0,0,0,0,0,0,0,0,0,0,0,8,0,40.0269,-75.0972, , 
 ,59439,2012028846,6,67,67301,2012,3,1,235,2,3,1,0,1,1, , ,N,0,0,0,3,0,2,2,3,N,N,40 03:29.592,75 07:50.440,243, ,239,2,2,4,N, ,0,N, , , , ,649482, , , ,2,2,0,0,0,0,0,0,0,0,0,0,2,2,0,0,0,0,0,0,0,0,0,0,0,0,0,0,0,0,0,0,1,0,0,8,0,40.0582,-75.1307, , 
 ,59440,2012001791,6,67,67301,2012,1,4,1718,17,1,1,0,1,1, , ,N,0,0,0,3,0,1,2,2, , ,40 03:20.140,75 07:35.052,1720, ,1718, ,0, , , ,0, , , , , ,649506, , , ,2,2,0,0,0,0,0,0,0,0,0,0,1,1,0,0,0,0,0,0,0,0,0,0,0,0,0,0,0,0,0,0,0,0,0,8,0,40.0556,-75.1264, , 
 ,59441,2012067091,6,67,67301,2012,6,6,1752,17,1,1,0,8,1, , ,N,2,3,0,3,0,1,2,2,N,N,39 56:29.979,75 10:57.860,1800, ,1754, ,0, ,N, ,3, , , , , ,649510, , , ,1,1,0,0,0,0,0,0,0,0,0,0,1,1,0,0,0,0,0,0,0,0,0,0,0,0,0,0,0,0,0,0,1,0,0,8,0,39.9417,-75.1827, , 
 ,59442,2012084157,6,67,67301,2012,7,1,2111,21,3,1,0,8,1, , ,N,0,0,0,3,0,1,2,2,N,N,39 58:09.403,75 12:50.494,2130, ,2124, ,0, ,N, ,0, , , , , ,649521, , , ,1,1,0,0,0,0,0,0,0,0,1,0,1,0,0,0,0,0,0,0,0,0,0,0,0,0,0,0,0,0,0,0,1,0,0,3,0,39.9693,-75.214, , 
 ,59443,2012122464,6,67,67301,2012,11,3,1805,18,3,1,0,2,1, , ,N,0,0,0,3,0,1,1,2,N,N,40 01:52.518,75 09:05.295,1810, ,1810, ,0, ,N, ,0, , , , , ,689741, , , ,2,1,0,0,0,0,1,0,0,0,0,1,1,0,0,0,0,0,0,0,0,0,0,1,0,0,0,0,0,0,0,0,0,0,0,4,0,40.0313,-75.1515, , 
 ,59444,2012047196,6,67,67301,2012,4,2,1300,13,1,1,0,4,1, , ,N,1,3,0,3,0,0,3,2,N,N,40 01:46.491,75 04:51.013,1317, ,1312,2,1,4,N, ,3,N, , , , ,689745, , , ,2,2,0,0,0,0,0,0,0,0,0,0,0,0,0,0,0,0,0,0,0,0,0,0,0,0,0,0,0,0,0,0,0,0,0,0,0,40.0296,-75.0808, , 
 ,59445,2012049708,6,67,67301,2012,3,2,9999,99,1,1,0,1,1, , ,N,2,2,0,3,0,2,3,2,N,N,39 59:25.296,75 06:58.105,1500, ,1500, ,0, ,N, ,3, , , , , ,689748, , , ,2,1,0,0,0,0,1,0,0,0,0,1,2,1,0,0,0,0,0,0,1,0,0,0,0,0,0,0,0,0,0,0,0,0,0,4,0,39.9904,-75.116, , 
 ,59446,2012051164,6,67,67301,2012,5,7,25,0,3,1,0,7,4, , ,N,0,0,0,3,0,0,1,1,N,N,40 05:28.860,75 00:40.219,55, ,35,3,2,6,N, ,0,Y, , , , ,689750, , , ,1,0,0,0,0,1,0,0,0,0,0,0,0,0,0,0,0,0,0,0,0,0,0,0,0,0,0,0,0,0,0,0,0,0,0,0,1,40.0914,-75.0112, , 
 ,59447,2012063869,6,67,67301,2012,5,5,1025,10,1,1,0,1,1, , ,N,0,0,0,3,0,2,3,2,N,N,40 07:57.273,75 00:41.177,1050, ,1037,1,1,2,N, ,0,N, , , , ,689751, , , ,2,2,0,0,0,0,0,0,0,0,1,0,2,1,0,0,0,0,0,0,2,0,0,0,0,0,0,0,0,0,0,0,0,0,0,3,0,40.1326,-75.0114, , 
 ,59448,2012083096,6,67,67301,2012,6,1,600,6,1,1,0,1,1, , ,N,0,0,0,3,0,1,2,2, , ,39 56:12.260,75 13:37.930,0, ,0, ,0, , , ,0, , , , , ,689764, , , ,2,2,0,0,0,0,0,0,0,0,0,0,1,1,1,0,0,0,0,0,0,0,0,0,0,0,0,0,0,0,0,0,0,0,0,8,0,39.9367,-75.2272, , 
 ,59449,2012085773,6,46,46104,2012,8,5,750,7,1,1,0,1,1, , ,N,0,2,0,3,0,1,3,3,N,N,39 58:41.360,75 16:25.394,800, ,755,9,1,1,N, ,3,N, , , , ,689768, , , ,3,2,0,0,0,0,1,0,0,0,0,1,1,0,0,0,0,0,0,0,1,0,0,0,0,0,0,0,0,0,0,0,0,0,0,4,0,39.9782,-75.2737, , 
 ,59450,2012099920,6,67,67301,2012,10,6,2115,21,3,1,0,1,1, , ,N,0,0,0,3,0,1,6,3,N,N,39 57:12.052,75 10:53.749,2132, ,2122,2,1,4,N, ,0,N, , , , ,689784, , , ,3,3,0,0,0,0,0,0,0,0,0,0,1,1,0,0,0,0,0,0,0,0,0,0,0,0,0,0,0,0,0,0,0,0,0,8,0,39.9533,-75.1816, , 
 ,59451,2012056745,6,67,67301,2012,5,1,1637,16,1,1,0,8,1, , ,N,0,0,0,3,0,1,2,2,N,N,40 00:48.579,75 04:13.941,1645, ,1642, ,0, ,N, ,0, , , , , ,689796, , , ,1,0,0,0,1,0,0,0,0,0,0,1,1,0,0,0,0,0,0,0,0,0,0,0,0,0,0,0,0,0,0,0,1,0,0,4,0,40.0135,-75.0705, , 
 ,59452,2012060794,6,67,67301,2012,5,2,35,0,3,1,0,2,1, , ,N,1,2,0,3,0,1,2,2,N,N,39 56:43.175,75 14:30.351,53, ,51, ,0, ,N, ,3, , , , , ,689803, , , ,2,2,0,0,0,0,0,0,0,0,0,1,1,0,1,0,0,0,0,0,0,0,0,1,0,0,0,0,0,0,0,0,0,0,0,4,0,39.9453,-75.2418, , 
 ,59453,2012066698,6,67,67301,2012,6,5,824,8,1,1,0,4,1, , ,N,1,3,0,3,0,1,2,2,N,N,40 06:21.180,75 03:10.297,829, ,824, ,0, ,N, ,3, , , , , ,689815, , , ,2,2,0,0,0,0,0,0,0,0,1,0,1,0,0,0,0,0,0,1,1,0,0,0,0,0,0,0,0,0,0,0,0,0,0,3,0,40.1059,-75.0528, , 
 ,59454,2012078388,6,67,67301,2012,7,3,1045,10,1,1,0,4,5, , ,N,1,2,0,3,0,3,5,3,N, ,39 56:37.717,75 14:16.351,1045, ,1045, ,0, , , ,3, , , , , ,689823, , , ,3,3,0,0,0,0,0,0,0,0,3,0,3,0,0,0,0,0,0,0,1,0,0,0,0,0,0,0,0,0,0,0,0,0,0,3,0,39.9438,-75.2378, , 
 ,59455,2012095501,6,67,67301,2012,8,3,1505,15,1,1,0,9,1, , ,N,1,2,0,3,0,1,3,3,N,N,39 54:42.148,75 10:20.534,1520, ,1511, ,0, , , ,3, , , , , ,689839, , , ,3,2,0,0,1,0,0,0,0,0,0,0,1,1,0,0,0,0,0,1,0,0,0,0,0,0,0,0,0,0,0,0,0,0,0,8,1,39.9117,-75.1724, , 
 ,59456,2012068766,6,67,67301,2012,6,1,1550,15,1,1,0,4,1, , ,N,1,2,2,3,0,4,4,2,N, ,40 01:34.860,75 01:39.976,1608, ,1556, ,0, , , ,3, , , , , ,689844, , , ,2,2,0,0,0,0,0,0,0,0,0,4,4,0,0,0,0,0,0,0,1,0,0,0,0,0,0,0,0,0,0,0,0,0,0,4,0,40.0263,-75.0278, , 
 ,59457,2012068839,6,67,67301,2012,6,7,100,1,3,2,1,1,1, , ,N,0,0,0,3,0,0,2,2,N,N,40 01:19.890,75 07:31.060,151, ,110, ,0, ,N, ,0, , , , , ,689845, , , ,2,1,0,0,0,0,1,0,0,0,0,0,0,0,0,0,0,0,0,0,0,0,0,0,0,0,0,0,0,0,0,0,0,0,0,0,0,40.0222,-75.1253, , 
 ,59458,2012060744,6,67,67301,2012,5,3,1530,15,1,1,0,3,2, , ,N,2,0,0,3,0,1,1,4,N,N,39 59:50.226,75 10:04.043,1535, ,1530,1,2,3, , ,0,Y, , , , ,689848, , , ,4,3,0,0,0,0,1,0,0,0,0,1,1,0,0,0,0,0,0,0,0,0,0,1,0,0,0,0,0,0,0,0,0,0,0,4,0,39.9973,-75.1678, , 
 ,59459,2012078228,6,67,67301,2012,6,3,9999,99,1,1,0,4,1, , ,N,1,2,0,3,0,0,2,2,N,N,40 00:36.435,75 07:17.178,1050, ,1050,3,2,1, , ,3,N, , , , ,689861, , , ,2,1,0,0,1,0,0,0,0,0,0,0,0,0,0,0,0,0,0,0,0,1,0,0,0,0,0,0,0,0,0,0,0,0,0,0,0,40.0101,-75.1214, , 
 ,59460,2012078535,6,67,67301,2012,7,3,1855,18,1,1,0,4,1, , ,N,0,0,0,3,0,2,3,2,N,N,40 05:18.470,75 03:21.794,1903, ,1859, ,0, ,N, ,0, , , , , ,689862, , , ,2,0,0,0,1,0,1,0,0,0,0,0,2,2,0,0,0,0,0,0,1,0,0,1,0,0,0,0,0,0,0,0,0,0,0,8,0,40.0885,-75.0561, , 