wz_ln_closure,objectid_1,crn,district,county,municipality,crash_year,crash_month,day_of_week,time_of_day,hour_of_day,illumination,weather,road_condition,collision_type,relation_to_road,work_zone_type,work_zone_loc,work_zone_ind,intersect_type,tcd_type,location_type,urban_rural,fatal_count,injury_count,person_count,total_units,sch_bus_ind,sch_zone_ind,latitude,longitude,arrival_tm,cons_zone_spd_lim,dispatch_tm,est_hrs_closed,lane_closed,ln_close_dir,ntfy_hiwy_maint,spec_juris_cd,tcd_func_cd,tfc_detour_ind,workers_pres,wz_close_detour,wz_flagger,wz_law_offcr_ind,objectid,wz_moving,wz_other,wz_shlder_mdn,vehicle_count,automobile_count,motorcycle_count,bus_count,small_truck_count,heavy_truck_count,suv_count,van_count,bicycle_count,maj_inj_count,mod_inj_count,min_inj_count,tot_inj_count,unk_inj_deg_count,unk_inj_per_count,driver_count_16yr,driver_count_17yr,driver_count_18yr,driver_count_19yr,driver_count_20yr,driver_count_50_64yr,driver_count_65_74yr,driver_count_75plus,unbelted_occ_count,unb_death_count,unb_maj_inj_count,belted_death_count,belted_maj_inj_count,mcycle_death_count,mcycle_maj_inj_count,bicycle_death_count,bicycle_maj_inj_count,ped_count,ped_death_count,ped_maj_inj_count,max_severity_level,comm_veh_count,dec_lat,dec_long,rdwy_surf_type_cd,county_name
 ,59528,2012098224,6,67,67301,2012,9,3,1538,15,8,2,1,1,1, , ,N,2,2,0,3,0,1,3,2,N,N,39 54:48.261,75 13:37.916,1635, ,1631, ,0, ,N, ,3, , , , , ,690212, , , ,2,1,0,0,0,0,0,1,0,0,0,0,1,1,0,0,0,0,0,0,1,0,0,0,0,0,0,0,0,0,0,0,0,0,0,8,0,39.9134,-75.2272, , 
 ,59529,2012104209,6,67,67301,2012,9,3,615,6,1,2,1,7,4, , ,N,1,2,0,3,0,1,1,1,N,N,40 01:53.211,75 05:04.703,629, ,617,1,1,1,N, ,3,N, , , , ,690217, , , ,1,1,0,0,0,0,0,0,0,0,1,0,1,0,0,0,0,0,0,0,0,0,0,0,0,0,0,0,0,0,0,0,0,0,0,3,0,40.0314,-75.0846, , 
 ,59530,2012064023,6,67,67301,2012,5,3,1630,16,4,2,1,4,1, , ,N,1,3,0,3,0,1,2,2,N,N,40 02:39.264,75 09:57.884,1645, ,1645,1,1,3,N, ,3,Y, , , , ,690226, , , ,2,0,0,0,0,0,1,1,0,0,0,1,1,0,0,0,0,0,0,0,0,1,0,0,0,0,0,0,0,0,0,0,0,0,0,4,0,40.0442,-75.1661, , 
 ,59531,2012066501,6,67,67301,2012,5,4,808,8,1,1,0,1,1, , ,N,0,0,0,3,0,0,3,2,N,N,40 02:28.485,75 11:30.040,830, ,826, ,0, , , ,0, , , , , ,690230, , , ,2,2,0,0,0,0,0,0,0,0,0,0,0,0,0,0,0,0,0,0,0,0,0,0,0,0,0,0,0,0,0,0,0,0,0,0,0,40.0412,-75.1917, , 
Y,59532,2012066538,6,67,67301,2012,6,1,1425,14,1,1,0,5,1,1,8,Y,0,0,0,3,0,1,2,2,N,N,39 55:07.550,75 12:34.760,1650,99,1645, ,0, ,N, ,0, ,N,U,U,N,690231,U,U,U,2,1,0,1,0,0,0,0,0,0,0,1,1,0,0,0,0,0,0,0,2,0,0,0,0,0,0,0,0,0,0,0,0,0,0,4,1,39.9188,-75.2097, , 
 ,59533,2012069653,6,67,67301,2012,6,4,915,9,1,1,0,1,1, , ,N,0,2,0,3,0,1,4,4,N,N,40 00:09.438,75 05:58.984,918, ,918,1,1,2,N, ,3,N, , , , ,690238, , , ,4,3,0,0,0,0,1,0,0,0,0,1,1,0,0,0,0,0,0,0,2,0,0,0,0,0,0,0,0,0,0,0,0,0,0,4,0,40.0026,-75.0997, , 
 ,59534,2012078617,6,67,67301,2012,7,2,1615,16,1,1,0,1,1, , ,N,0,0,0,3,0,2,2,2,N,N,40 01:35.338,75 06:56.080,1620, ,1617,1,1,1,N, ,0,N, , , , ,695440, , , ,2,1,0,0,0,1,0,0,0,0,0,2,2,0,0,0,0,0,0,1,1,0,0,1,0,0,0,0,0,0,0,0,0,0,0,4,0,40.0265,-75.1156, , 
 ,59535,2012080780,6,67,67301,2012,7,5,1550,15,1,1,0,1,1, , ,N,0,0,0,3,0,1,1,4,N,N,39 55:48.433,75 11:06.885,1615, ,1550,3,2,5,N, ,0,Y, , , , ,695445, , , ,4,4,0,0,0,0,0,0,0,0,1,0,1,0,0,0,0,0,0,0,0,0,0,0,0,0,0,0,0,0,0,0,0,0,0,3,0,39.9301,-75.1852, , 
 ,59536,2012083266,6,67,67301,2012,7,7,58,0,3,1,0,4,1, , ,N,1,2,0,3,0,2,3,2,N,N,39 57:11.116,75 10:54.262,200, ,115, ,0, ,N, ,3, , , , , ,695446, , , ,2,2,0,0,0,0,0,0,0,0,0,2,2,0,0,0,0,0,0,0,1,0,0,0,0,0,0,0,0,0,0,0,0,0,0,4,0,39.9531,-75.1819, , 
 ,59537,2012083401,6,67,67301,2012,7,4,2020,20,4,1,0,4,1, , ,N,1,3,0,3,0,1,3,2,N,N,39 58:50.462,75 07:21.590,2153, ,2148, ,0, ,N, ,3, , , , , ,695447, , , ,2,1,0,1,0,0,0,0,0,0,1,0,1,0,0,0,0,0,1,0,1,0,0,0,0,0,0,0,0,0,0,0,0,0,0,3,1,39.9807,-75.1227, , 
 ,59538,2012094021,6,67,67301,2012,9,7,345,3,3,1,0,7,5, , ,N,0,8,0,3,0,0,3,1,N,N,40 02:58.352,75 03:02.928,355, ,350,2,1,1,Y, ,3,Y, , , , ,695454, , , ,1,1,0,0,0,0,0,0,0,0,0,0,0,0,0,0,0,0,1,0,0,0,0,3,0,0,0,0,0,0,0,0,0,0,0,0,0,40.0495,-75.0508, , 
 ,59539,2012095566,6,67,67301,2012,8,7,520,5,1,1,0,1,1, , ,N,1,2,0,3,0,1,2,2,N,N,39 54:54.664,75 09:29.630,530, ,524, ,0, ,N, ,3, , , , , ,695455, , , ,2,2,0,0,0,0,0,0,0,0,0,1,1,0,0,0,0,0,0,0,0,0,0,0,0,0,0,0,0,0,0,0,0,0,0,4,0,39.9151,-75.1582, , 
 ,59540,2012095633,6,67,67301,2012,8,7,1000,10,1,9,8,6,1, , ,N,1,0,0,3,0,2,2,2,N, ,39 56:18.900,75 11:54.432,1131, ,1101, ,0, , , ,0, , , , , ,695456, , , ,1,0,0,0,0,0,1,0,0,0,0,0,1,1,1,0,0,0,0,0,0,0,0,0,0,0,0,0,0,0,0,0,0,0,0,8,0,39.9386,-75.1985, , 
 ,59541,2012105716,6,67,67301,2012,10,5,1112,11,1,1,0,5,1, , ,N,0,0,0,3,0,0,3,2,N,N,40 02:50.029,75 00:00.729,1128, ,1112,1,1,1,N, ,0,N, , , , ,695467, , , ,2,0,0,0,0,1,0,1,0,0,0,0,0,0,0,0,0,0,0,0,1,1,0,0,0,0,0,0,0,0,0,0,0,0,0,0,0,40.0472,-75.0003, , 
 ,59542,2012059748,6,67,67301,2012,6,1,453,4,3,1,0,7,2, , ,N,0,0,0,3,0,0,3,1,N,N,39 58:57.537,75 05:57.921,503, ,456,1,1,1,N, ,0,N, , , , ,695478, , , ,1,1,0,0,0,0,0,0,0,0,0,0,0,0,0,0,0,0,1,0,0,0,0,0,0,0,0,0,0,0,0,0,0,0,0,0,0,39.9826,-75.0996, , 
 ,59543,2012062993,6,67,67301,2012,6,6,1925,19,4,2,7,7,3, , ,N,0,0,0,3,0,1,2,1,N,N,40 00:54.182,75 03:14.173,1940, ,1930,2,2,1,N, ,0,N, , , , ,695480, , , ,1,1,0,0,0,0,0,0,0,0,0,1,1,0,0,0,0,0,0,0,0,0,0,0,0,0,0,0,0,0,0,0,0,0,0,4,0,40.015,-75.0541, , 
 ,59544,2012060782,6,67,67301,2012,5,1,2243,22,3,1,0,4,1, , ,N,1,3,0,3,0,1,3,2,N,N,40 03:40.042,75 03:54.165,2300, ,2252, ,0, , , ,3, , , , , ,695485, , , ,2,2,0,0,0,0,0,0,0,0,0,1,1,0,0,0,0,0,0,0,0,0,0,0,0,0,0,0,0,0,0,0,0,0,0,4,0,40.0611,-75.065, , 
 ,59545,2012078714,6,67,67301,2012,8,1,1510,15,1,1,0,1,1, , ,N,0,0,0,3,0,0,4,2,N,N,39 57:33.037,75 10:20.010,1520, ,1511, ,0, ,N, ,0, , , , , ,695501, , , ,2,2,0,0,0,0,0,0,0,0,0,0,0,0,0,0,0,0,0,0,0,0,0,0,0,0,0,0,0,0,0,0,0,0,0,0,0,39.9592,-75.1722, , 
 ,59546,2012083356,6,67,67301,2012,7,3,1545,15,1,1,0,4,1, , ,N,2,2,0,3,0,1,3,2,N,N,39 57:31.363,75 09:43.712,1600, ,554, ,0, , , ,3, , , , , ,695503, , , ,2,1,0,0,0,0,1,0,0,0,0,1,1,0,0,0,0,0,0,0,0,0,0,0,0,0,0,0,0,0,0,0,0,0,0,4,0,39.9587,-75.1621, , 
 ,59547,2012083360,6,67,67301,2012,8,6,1252,12,1,1,0,4,1, , ,N,1,0,0,3,0,1,2,2,N,N,40 01:27.483,75 09:40.489,1307, ,1304, ,0, , , ,0, , , , , ,695504, , , ,2,2,0,0,0,0,0,0,0,1,1,0,2,0,0,0,0,0,0,0,0,0,0,0,0,0,0,0,0,0,0,0,0,0,0,2,0,40.0243,-75.1612, , 
 ,59548,2012063851,6,67,67301,2012,5,7,230,2,3,1,0,2,6, , ,N,0,0,0,3,0,0,1,3,N,N,39 57:48.850,75 11:46.780,250, ,247, ,0, ,N, ,0, , , , , ,695541, , , ,3,2,0,0,0,0,1,0,0,0,0,0,0,0,0,0,0,0,0,0,0,0,0,0,0,0,0,0,0,0,0,0,0,0,0,0,0,39.9636,-75.1963, , 
 ,59549,2012075195,6,67,67301,2012,7,5,1603,16,1,1,0,1,1, , ,N,0,0,0,3,0,2,10,6,N,N,40 00:16.962,75 13:08.090,1605, ,1603,1,2,2,N, ,0,N, , , , ,695554, , , ,6,4,0,0,0,0,2,0,0,0,1,0,1,0,0,0,0,0,0,0,1,0,0,0,0,0,0,0,0,0,0,0,2,0,0,3,0,40.0047,-75.2189, , 
 ,59550,2012076016,6,67,67301,2012,6,1,1334,13,1,1,0,8,1, , ,N,0,0,0,3,0,1,2,2,N,N,40 02:11.126,75 07:39.327,1334, ,1334, ,0, ,N, ,0, , , , , ,695581, , , ,1,1,0,0,0,0,0,0,0,0,0,1,1,0,0,0,0,0,0,0,1,0,0,0,0,0,0,0,0,0,0,0,1,0,0,4,0,40.0364,-75.1276, , 
 ,59551,2012089683,6,67,67301,2012,9,7,2237,22,3,1,1,7,5, , ,N,0,0,0,3,0,0,2,1,N,N,39 57:36.375,75 10:49.794,2240, ,2239,1,2,3,N, ,0,N, , , , ,695597, , , ,1,1,0,0,0,0,0,0,0,0,0,0,0,0,0,0,0,0,0,0,0,0,0,0,0,0,0,0,0,0,0,0,0,0,0,0,0,39.9601,-75.1805, , 
 ,59552,2012095451,6,67,67301,2012,8,3,1121,11,1,1,0,8,1, , ,N,0,0,7,3,0,1,1,1,N,N,39 58:16.458,75 09:26.280,1122, ,1122, ,0, ,N, ,0, , , , , ,695602, , , ,0,0,0,0,0,0,0,0,0,0,0,0,1,1,0,0,0,0,0,0,0,0,0,0,0,0,0,0,0,0,0,0,1,0,0,8,0,39.9712,-75.1573, , 
 ,59553,2012049758,6,67,67301,2012,4,5,810,8,1,2,1,8,1, , ,N,1,3,0,3,0,1,2,2,N,N,39 57:59.526,75 09:29.818,832, ,830, ,0, ,N, ,3, , , , , ,684237, , , ,1,0,0,0,0,0,1,0,0,0,1,0,1,0,0,0,0,0,0,0,0,0,0,0,0,0,0,0,0,0,0,0,1,0,0,3,0,39.9665,-75.1583, , 
 ,59554,2012060823,6,67,67301,2012,5,2,1054,10,1,1,0,4,1, , ,N,1,3,0,3,0,0,3,2,N,N,39 55:46.592,75 10:16.651,1210, ,1208, ,0, , , ,3, , , , , ,684245, , , ,2,1,0,0,0,0,0,1,0,0,0,0,0,0,3,0,0,0,0,0,0,0,0,0,0,0,0,0,0,0,0,0,0,0,0,9,0,39.9296,-75.1713, , 
 ,59555,2012061500,6,67,67301,2012,6,6,1808,18,1,1,0,1,1, , ,N,0,0,0,3,0,0,2,2,N,N,39 57:32.887,75 10:18.795,1826, ,1813,1,1,4,N, ,0,N, , , , ,684246, , , ,2,1,0,0,0,0,1,0,0,0,0,0,0,0,0,0,0,0,0,0,0,0,0,0,0,0,0,0,0,0,0,0,0,0,0,0,0,39.9591,-75.1719, , 
 ,59556,2012067085,6,67,67301,2012,6,7,1310,13,1,1,0,1,1, , ,N,0,0,0,3,0,1,6,3,N,N,39 59:03.686,75 11:16.803,1317, ,1313, ,0, ,N, ,0, , , , , ,684262, , , ,3,2,0,0,0,0,1,0,0,0,0,0,1,1,0,0,0,0,0,0,1,1,0,0,0,0,0,0,0,0,0,0,0,0,0,8,0,39.9844,-75.188, , 
 ,59557,2012087937,6,67,67301,2012,8,7,1643,16,1,1,0,5,1, , ,N,0,0,0,3,0,3,4,2,N,N,39 59:50.311,75 04:55.402,1650, ,1643,1,2,2,N, ,0,N, , , , ,684279, , , ,2,1,0,0,0,1,0,0,0,0,0,0,3,3,0,0,0,0,0,0,2,0,0,2,0,0,0,0,0,0,0,0,0,0,0,8,1,39.9973,-75.082, , 
 ,59558,2012104264,6,67,67301,2012,9,6,950,9,1,1,0,8,1, , ,N,0,0,0,3,0,1,2,2,N,N,40 00:11.311,75 07:39.493,1005, ,956, ,0, , , ,0, , , , , ,684295, , , ,1,1,0,0,0,0,0,0,0,0,0,1,1,0,0,0,0,0,0,0,0,0,0,1,0,0,0,0,0,0,0,0,1,0,0,4,0,40.0031,-75.1276, , 
 ,59559,2012066500,6,67,67301,2012,5,1,918,9,1,1,0,4,1, , ,N,1,2,0,3,0,2,5,2,N,N,40 03:59.367,75 11:46.819,935, ,920, ,0, ,N, ,3, , , , , ,684298, , , ,2,1,0,0,0,0,0,1,0,0,0,0,2,2,0,0,0,0,0,0,1,0,0,0,0,0,0,0,0,0,0,0,0,0,0,8,0,40.0665,-75.1963, , 
 ,59560,2012067093,6,67,67301,2012,6,7,738,7,1,1,0,7,2, , ,N,0,0,0,3,0,1,1,1,N,N,40 00:36.117,75 11:09.244,750, ,741,2,2,1,N, ,0,N, , , , ,684299, , , ,1,1,0,0,0,0,0,0,0,0,1,0,1,0,0,0,0,0,0,0,0,0,0,0,0,0,0,0,0,0,0,0,0,0,0,3,0,40.01,-75.1859, , 
 ,59561,2012061681,6,67,67301,2012,5,3,2200,22,3,2,1,8,1, , ,N,2,3,0,3,0,1,2,2,N,N,40 00:32.685,75 08:59.430,1800, ,1800, ,0, , , ,3, , , , , ,684312, , , ,1,1,0,0,0,0,0,0,0,0,1,0,1,0,0,0,0,0,0,0,0,0,0,0,0,0,0,0,0,0,0,0,1,0,0,3,0,40.0091,-75.15, , 
 ,59562,2012066534,6,67,67301,2012,6,1,2014,20,3,2,1,1,1, , ,N,1,2,0,3,0,5,6,2,N,N,39 55:56.906,75 13:28.606,2040, ,2040, ,0, , , ,3, , , , , ,684316, , , ,2,2,0,0,0,0,0,0,0,0,0,5,5,0,0,0,0,1,0,0,1,0,0,0,0,0,0,0,0,0,0,0,0,0,0,4,0,39.9325,-75.2246, , 
 ,59563,2012066536,6,67,67301,2012,5,1,1845,18,1,1,0,1,2, , ,N,1,2,0,3,0,3,5,2,N,N,39 56:04.178,75 13:18.249,1848, ,1846,2,2,6,Y, ,3,Y, , , , ,684317, , , ,2,2,0,0,0,0,0,0,0,0,0,0,3,3,0,0,0,0,0,0,0,0,0,0,0,0,0,0,0,0,0,0,0,0,0,8,0,39.9345,-75.2217, , 
 ,59564,2012078595,6,67,67301,2012,7,3,1230,12,1,1,0,1,1, , ,N,0,0,0,3,0,1,2,2,N,N,40 01:18.695,75 08:18.224,1256, ,1239,1,1,1,N, ,0,N, , , , ,684323, , , ,2,1,1,0,0,0,0,0,0,0,0,0,1,1,0,0,0,0,0,0,0,0,0,0,0,0,0,0,0,0,0,0,0,0,0,8,0,40.0219,-75.1384, , 
 ,59565,2012083656,6,67,67301,2012,8,7,746,7,1,1,1,7,4, , ,N,0,0,0,3,0,2,2,2,N,N,39 58:59.020,75 12:28.619,750, ,748,1,2,4,N, ,0,N, , , , ,684329, , , ,2,1,0,0,0,0,1,0,0,0,0,2,2,0,0,0,0,0,0,0,0,0,0,1,0,0,0,0,0,0,0,0,0,0,0,4,0,39.9831,-75.2079, , 
 ,59566,2012060713,6,67,67301,2012,5,2,2140,21,3,2,1,5,6, , ,N,0,0,0,3,0,0,1,3,N, ,39 58:29.989,75 11:12.861,2142, ,2140, ,0, , , ,0, , , , , ,684347, , , ,3,3,0,0,0,0,0,0,0,0,0,0,0,0,1,0,0,0,0,0,0,0,0,0,0,0,0,0,0,0,0,0,0,0,0,9,0,39.975,-75.1869, , 
 ,59567,2012066414,6,67,67301,2012,5,1,330,3,3,1,0,1,6, , ,N,0,0,0,3,0,0,2,3,N,N,40 03:44.090,75 08:52.126,9999, ,339, ,0, ,N, ,0, , , , , ,684355, , , ,3,1,0,0,1,0,1,0,0,0,0,0,0,0,0,0,0,0,0,0,0,0,0,0,0,0,0,0,0,0,0,0,0,0,0,0,0,40.0622,-75.1478, , 
 ,59568,2012073593,6,67,67301,2012,6,3,1915,19,1,1,0,7,5, , ,N,0,0,0,3,0,1,1,1,N, ,40 02:58.876,75 05:29.151,1938, ,1921, ,0, , , ,0, , , , , ,684361, , , ,1,1,0,0,0,0,0,0,0,0,1,0,1,0,0,0,0,0,0,0,0,0,0,0,0,0,0,0,0,0,0,0,0,0,0,3,0,40.0497,-75.0914, , 
 ,59569,2012078199,6,67,67301,2012,7,1,1315,13,1,1,0,1,1, , ,N,2,2,0,3,0,0,3,3,N,N,39 56:56.024,75 11:22.872,1400, ,1354, ,0, ,N, ,3, , , , , ,684364, , , ,3,2,0,0,0,0,1,0,0,0,0,0,0,0,1,0,0,0,0,0,0,0,0,0,0,0,0,0,0,0,0,0,0,0,0,9,0,39.9489,-75.1897, , 
 ,59570,2012091014,6,67,67301,2012,9,5,1746,17,1,1,0,1,1, , ,N,0,0,0,3,0,0,3,2,N,N,39 58:24.137,75 11:37.685,1746, ,1746, ,0, ,N, ,0, , , , , ,684379, , , ,2,1,0,0,0,0,1,0,0,0,0,0,0,0,0,0,0,0,0,0,0,0,0,0,0,0,0,0,0,0,0,0,0,0,0,0,0,39.9734,-75.1938, , 
 ,59571,2012062109,6,67,67301,2012,6,7,1052,10,1,1,0,1,1, , ,N,0,0,0,3,0,1,4,2,N,N,39 58:58.024,75 12:28.808,1056, ,1053,1,1,3,N, ,0,N, , , , ,687001, , , ,2,1,0,0,0,0,1,0,0,0,0,1,1,0,0,0,0,0,0,0,0,0,0,0,0,0,0,0,0,0,0,0,0,0,0,4,0,39.9828,-75.208, , 
 ,59572,2012062992,6,67,67301,2012,6,6,1925,19,4,2,7,1,1, , ,N,0,0,0,3,0,0,2,2,N,N,40 00:54.177,75 03:14.183,1937, ,1930,1,2,1,N, ,0,N, , , , ,687004, , , ,2,1,0,0,0,0,1,0,0,0,0,0,0,0,0,0,0,0,0,0,1,0,0,0,0,0,0,0,0,0,0,0,0,0,0,0,0,40.015,-75.0541, , 
 ,59573,2012064676,6,67,67301,2012,5,3,2145,21,3,1,0,1,1, , ,N,0,0,0,3,0,2,3,2,N,N,39 54:29.395,75 09:23.406,2300, ,2255, ,0, ,N, ,0, , , , , ,687012, , , ,2,2,0,0,0,0,0,0,0,0,0,2,2,0,0,0,0,0,0,0,0,0,0,0,0,0,0,0,0,0,0,0,0,0,0,4,0,39.9082,-75.1565, , 
 ,59574,2012081228,6,67,67301,2012,7,6,9999,99,1,1,0,4,1, , ,N,1,2,0,3,0,1,2,2,N,N,40 05:40.718,75 00:54.707,744, ,743, ,0, ,N, ,3, , , , , ,687029, , , ,2,2,0,0,0,0,0,0,0,0,0,1,1,0,0,0,0,0,0,0,0,1,0,0,0,0,0,0,0,0,0,0,0,0,0,4,0,40.0946,-75.0152, , 
 ,59575,2012085860,6,67,67301,2012,8,6,1940,19,3,1,0,7,5, , ,N,0,0,0,3,0,1,1,1,N,N,39 54:54.165,75 09:44.179,2000, ,1955, ,0, ,N, ,0, , , , , ,687034, , , ,1,1,0,0,0,0,0,0,0,0,1,0,1,0,0,0,0,0,0,0,0,0,0,0,0,0,0,0,0,0,0,0,0,0,0,3,0,39.915,-75.1623, , 
 ,59576,2012066628,6,67,67301,2012,6,7,1945,19,4,1,0,4,1, , ,N,1,2,0,3,0,1,2,2,N, ,39 58:37.959,75 13:36.308,2001, ,1957, ,0, , , ,3, , , , , ,687062, , , ,2,1,1,0,0,0,0,0,0,0,1,0,1,0,0,0,0,0,0,0,0,0,0,0,0,0,0,0,0,0,0,0,0,0,0,3,0,39.9772,-75.2268, , 
 ,59577,2012083013,6,67,67301,2012,5,2,1609,16,1,1,0,1,1, , ,N,2,0,0,3,0,1,3,2,N,N,39 57:09.282,75 08:54.470,0, ,0, ,0, ,N, ,0, , , , , ,687077, , , ,2,2,0,0,0,0,0,0,0,0,0,0,1,1,2,0,0,0,0,0,1,0,0,0,0,0,0,0,0,0,0,0,0,0,0,8,0,39.9526,-75.1485, , 
 ,59578,2012091467,6,67,67301,2012,9,2,1440,14,1,1,0,1,1, , ,N,0,0,0,3,0,2,4,3,N,N,39 55:33.708,75 08:49.243,1459, ,1454, ,0, ,N, ,0, , , , , ,687085, , , ,3,2,0,0,1,0,0,0,0,0,0,0,2,2,0,0,0,0,0,0,2,0,0,0,0,0,0,0,0,0,0,0,0,0,0,8,0,39.926,-75.147, , 
 ,59579,2012102840,6,67,67301,2012,10,6,1034,10,1,1,0,7,4, , ,N,7,0,2,3,0,0,1,1,N,N,39 54:39.013,75 08:56.545,1046, ,1037,1,2,2,Y, ,0,N, , , , ,687094, , , ,1,0,0,0,0,0,1,0,0,0,0,0,0,0,0,0,0,0,0,0,0,0,0,0,0,0,0,0,0,0,0,0,0,0,0,0,0,39.9109,-75.149, , 
 ,59580,2012068807,6,67,67301,2012,6,7,2330,23,3,1,0,5,2, , ,N,0,0,0,3,0,1,1,3,N,N,39 57:44.027,75 13:10.738,2340, ,2338, ,0, ,N, ,0, , , , , ,687101, , , ,3,2,0,0,0,0,0,1,0,0,0,0,1,1,0,0,0,0,0,0,1,0,0,1,0,0,0,0,0,0,0,0,0,0,0,8,0,39.9622,-75.2196, , 
 ,59581,2012073526,6,67,67301,2012,6,5,550,5,1,1,0,4,1, , ,N,1,2,0,3,0,1,2,2,N, ,40 01:41.707,75 05:05.272,610, ,553, ,0, , , ,3, , , , , ,687106, , , ,2,0,0,0,2,0,0,0,0,0,0,0,1,1,0,0,0,0,0,0,1,0,0,0,0,0,0,0,0,0,0,0,0,0,0,8,0,40.0283,-75.0848, , 
 ,59582,2012078330,6,67,67301,2012,6,2,1020,10,1,1,1,7,5, , ,N,0,0,0,3,0,1,1,1,N,N,40 04:16.356,75 14:26.332,1035, ,1021,3,2,6,N, ,0,Y, , , , ,687111, , , ,1,0,0,0,0,0,1,0,0,0,0,1,1,0,0,0,0,0,0,0,0,1,0,0,0,0,0,0,0,0,0,0,0,0,0,4,0,40.0712,-75.2406, , 
 ,59583,2012083523,6,67,67301,2012,8,7,25,0,3,1,0,7,2, , ,N,0,0,0,3,0,0,2,1,N,N,39 57:46.883,75 11:01.481,25, ,25,1,1,3,N, ,0,N, , , , ,687114, , , ,1,1,0,0,0,0,0,0,0,0,0,0,0,0,0,0,0,0,0,0,0,0,0,0,0,0,0,0,0,0,0,0,0,0,0,0,0,39.963,-75.1837, , 
 ,59584,2012104178,6,67,67301,2012,9,7,1800,18,1,1,0,4,1, , ,N,0,0,7,3,0,1,2,2,N,N,40 02:34.248,75 04:23.724,1815, ,1811, ,0, ,N, ,0, , , , , ,687136, , , ,1,1,0,0,0,0,0,0,0,0,0,1,1,0,0,0,0,0,0,0,0,0,0,0,0,0,0,0,0,0,0,0,1,0,0,4,0,40.0428,-75.0733, , 
 ,59585,2012104191,6,67,67301,2012,9,7,835,8,1,1,0,7,5, , ,N,0,0,3,3,0,0,1,1,N,N,40 00:57.118,75 10:31.909,847, ,840, ,0, ,N, ,0, , , , , ,687137, , , ,1,1,0,0,0,0,0,0,0,0,0,0,0,0,0,0,0,0,0,0,0,0,0,0,0,0,0,0,0,0,0,0,0,0,0,0,0,40.0159,-75.1755, , 
 ,59586,2012056610,6,67,67301,2012,4,4,1255,12,1,1,0,4,2, , ,N,0,0,0,3,0,1,3,3,N,N,39 59:28.148,75 06:16.027,1256, ,1256,3,2,1, , ,0,Y, , , , ,687144, , , ,2,1,0,0,0,0,1,0,0,1,0,0,1,0,0,0,0,0,0,0,0,0,0,0,0,0,0,0,0,0,0,0,1,0,1,2,0,39.9912,-75.1045, , 
 ,59587,2012032506,6,67,67301,2012,2,2,118,1,3,1,0,5,6, , ,N,0,0,0,3,0,0,1,2,N,N,39 56:58.641,75 14:58.155,128, ,118, ,0, ,N, ,0, , , , , ,687161, , , ,2,1,0,0,0,0,0,1,0,0,0,0,0,0,0,0,0,0,0,0,0,0,0,0,0,0,0,0,0,0,0,0,0,0,0,0,0,39.9496,-75.2495, , 
 ,59588,2012032736,6,67,67301,2012,2,2,750,7,1,1,0,2,1, , ,N,1,2,0,3,0,1,2,2,N,N,39 55:40.669,75 10:07.811,806, ,803, ,0, ,N, ,3, , , , , ,687162, , , ,1,1,0,0,0,0,0,0,1,0,0,1,1,0,0,0,0,0,0,0,0,0,0,0,0,0,0,0,0,0,0,0,0,0,0,4,0,39.9281,-75.1688, , 
 ,59589,2012060697,6,67,67301,2012,5,3,1220,12,1,2,1,4,1, , ,N,3,3,7,3,0,1,3,3,N,N,39 59:00.223,75 14:35.758,1305, ,1250, ,0, ,N, ,3, , , , , ,687183, , , ,3,3,0,0,0,0,0,0,0,0,0,1,1,0,0,0,0,0,0,0,1,1,0,0,0,0,0,0,0,0,0,0,0,0,0,4,0,39.9834,-75.2432, , 
 ,59590,2012095489,6,67,67301,2012,8,7,1935,19,4,1,0,4,1, , ,N,1,3,0,3,0,1,3,2,N,N,40 00:45.507,75 06:13.723,2330, ,2330, ,0, ,N, ,3, , , , , ,692821, , , ,2,1,0,0,0,0,1,0,0,0,0,1,1,0,0,0,0,0,0,0,1,0,0,0,0,0,0,0,0,0,0,0,0,0,0,4,0,40.0126,-75.1038, , 
 ,59591,2012074375,6,67,67301,2012,6,6,2259,22,3,1,0,5,1, , ,N,1,2,0,3,0,2,6,3,N,N,39 58:22.710,75 14:16.803,2300, ,2300,2,2,5,N, ,3,Y, , , , ,692839, , , ,3,2,0,0,0,0,1,0,0,0,0,0,2,2,1,0,0,0,0,0,0,0,0,0,0,0,0,0,0,0,0,0,0,0,0,8,0,39.973,-75.238, , 
 ,59592,2012088551,6,67,67301,2012,8,2,1600,16,1,1,0,8,1, , ,N,1,0,0,3,0,1,2,2,N,N,40 04:28.261,75 09:38.008,1659, ,1649, ,0, , , ,0, , , , , ,692850, , , ,1,0,0,0,0,0,1,0,0,0,0,0,1,1,0,0,0,0,0,0,1,0,0,0,0,0,0,0,0,0,0,0,1,0,0,8,0,40.0745,-75.1606, , 
 ,59593,2012095608,6,67,67301,2012,8,1,1436,14,1,1,0,4,1, , ,N,0,0,0,3,0,3,3,2,N,N,40 03:42.334,75 01:16.459,1501, ,1453, ,0, ,N, ,0, , , , , ,692856, , , ,2,2,0,0,0,0,0,0,0,0,0,1,1,0,2,0,0,0,0,0,1,0,0,0,0,0,0,0,0,0,0,0,0,0,0,4,0,40.0618,-75.0212, , 