wz_ln_closure,objectid_1,crn,district,county,municipality,crash_year,crash_month,day_of_week,time_of_day,hour_of_day,illumination,weather,road_condition,collision_type,relation_to_road,work_zone_type,work_zone_loc,work_zone_ind,intersect_type,tcd_type,location_type,urban_rural,fatal_count,injury_count,person_count,total_units,sch_bus_ind,sch_zone_ind,latitude,longitude,arrival_tm,cons_zone_spd_lim,dispatch_tm,est_hrs_closed,lane_closed,ln_close_dir,ntfy_hiwy_maint,spec_juris_cd,tcd_func_cd,tfc_detour_ind,workers_pres,wz_close_detour,wz_flagger,wz_law_offcr_ind,objectid,wz_moving,wz_other,wz_shlder_mdn,vehicle_count,automobile_count,motorcycle_count,bus_count,small_truck_count,heavy_truck_count,suv_count,van_count,bicycle_count,maj_inj_count,mod_inj_count,min_inj_count,tot_inj_count,unk_inj_deg_count,unk_inj_per_count,driver_count_16yr,driver_count_17yr,driver_count_18yr,driver_count_19yr,driver_count_20yr,driver_count_50_64yr,driver_count_65_74yr,driver_count_75plus,unbelted_occ_count,unb_death_count,unb_maj_inj_count,belted_death_count,belted_maj_inj_count,mcycle_death_count,mcycle_maj_inj_count,bicycle_death_count,bicycle_maj_inj_count,ped_count,ped_death_count,ped_maj_inj_count,max_severity_level,comm_veh_count,dec_lat,dec_long,rdwy_surf_type_cd,county_name
 ,59661,2012105725,6,67,67301,2012,10,6,1853,18,3,1,0,1,1, , ,N,0,0,0,3,0,0,2,2,N,N,39 58:10.219,75 11:31.897,1923, ,1905,1,2,4,N, ,0,N, , , , ,687373, , , ,2,2,0,0,0,0,0,0,0,0,0,0,0,0,0,0,0,0,0,0,0,0,0,0,0,0,0,0,0,0,0,0,0,0,0,0,0,39.9695,-75.1922, , 
 ,59662,2012109892,6,67,67301,2012,10,3,1510,15,1,2,1,4,1, , ,N,1,0,0,3,0,0,2,2,N, ,40 01:31.810,75 12:38.267,1517, ,1511, ,0, , , ,0, , , , , ,687375, , , ,2,2,0,0,0,0,0,0,0,0,0,0,0,0,0,0,0,0,0,0,0,0,0,0,0,0,0,0,0,0,0,0,0,0,0,0,0,40.0255,-75.2106, , 
 ,59663,2012051823,6,67,67301,2012,1,4,1615,16,1,1,0,3,1, , ,N,1,2,0,3,0,4,5,2,N,N,39 57:06.948,75 08:35.827,0, ,0, ,0, ,N, ,3, , , , , ,687384, , , ,2,1,0,0,1,0,0,0,0,0,0,0,4,4,0,0,0,0,0,0,0,0,0,1,0,0,0,0,0,0,0,0,0,0,0,8,0,39.9519,-75.1433, , 
 ,59664,2012059407,6,67,67301,2012,6,7,224,2,3,2,1,7,2, , ,N,0,0,0,3,0,0,1,1,N,N,40 00:18.983,75 11:43.834,249, ,246, ,0, ,N, ,0, , , , , ,692975, , , ,1,1,0,0,0,0,0,0,0,0,0,0,0,0,0,0,0,0,0,0,0,0,0,0,0,0,0,0,0,0,0,0,0,0,0,0,0,40.0053,-75.1955, , 
 ,59665,2012064310,6,67,67301,2012,6,5,1030,10,1,1,0,4,1, , ,N,1,2,0,3,0,1,2,2,N,N,40 00:21.292,75 06:48.158,1055, ,1045, ,0, ,N, ,3, , , , , ,692978, , , ,2,1,0,0,0,1,0,0,0,0,0,0,1,1,0,0,0,0,0,0,1,0,0,0,0,0,0,0,0,0,0,0,0,0,0,8,1,40.0059,-75.1135, , 
 ,59666,2012083775,6,67,67301,2012,7,3,2215,22,3,1,1,4,1, , ,N,1,2,0,3,0,4,4,2,N,N,39 57:13.719,75 09:59.863,2215, ,2215,2,1,1,N, ,3,Y, , , , ,692992, , , ,2,1,0,0,0,0,1,0,0,0,0,0,4,4,0,0,0,0,0,0,1,0,0,3,0,0,0,0,0,0,0,0,0,0,0,8,0,39.9538,-75.1666, , 
U,59667,2012104167,6,67,67301,2012,9,5,919,9,1,1,0,4,1,8,8,Y,1,2,0,3,0,1,3,2,N,N,40 05:53.765,75 02:49.794,932,99,923, ,0, ,N, ,3, ,U,U,U,U,693011,U,U,U,2,2,0,0,0,0,0,0,0,0,0,1,1,0,0,0,0,0,0,0,0,0,0,0,0,0,0,0,0,0,0,0,0,0,0,4,0,40.0984,-75.0471, , 
 ,59668,2012068737,6,67,67301,2012,5,7,2027,20,4,1,0,4,1, , ,N,2,3,0,3,0,1,2,2,N,N,39 57:20.876,75 14:24.169,2034, ,2034, ,0, ,N, ,3, , , , , ,693028, , , ,2,1,0,0,0,0,0,1,0,0,0,1,1,0,0,0,0,0,0,0,0,0,0,0,0,0,0,0,0,0,0,0,0,0,0,4,0,39.9558,-75.24, , 
 ,59669,2012068898,6,67,67301,2012,6,5,1844,18,1,1,0,4,1, , ,N,1,2,0,3,0,7,7,2,N,N,39 58:00.800,75 11:31.732,1850, ,1846,2,1,2,N, ,3,Y, , , , ,693029, , , ,2,2,0,0,0,0,0,0,0,2,2,3,7,0,0,0,0,0,0,0,1,0,0,0,0,0,0,0,0,0,0,0,0,0,0,2,0,39.9669,-75.1921, , 
 ,59670,2012078333,6,67,67301,2012,6,3,9999,99,1,1,0,4,1, , ,N,2,2,0,3,0,0,2,2,N,N,39 59:15.720,75 12:58.139,2002, ,2000, ,0, ,N, ,3, , , , , ,693038, , , ,2,2,0,0,0,0,0,0,0,0,0,0,0,0,0,0,0,0,0,0,0,0,0,0,0,0,0,0,0,0,0,0,0,0,0,0,0,39.9877,-75.2161, , 
 ,59671,2012085791,6,67,67301,2012,7,3,1245,12,1,1,0,1,1, , ,N,2,2,0,3,0,2,3,2,N,N,40 02:50.984,75 06:44.541,1407, ,1405, ,0, ,N, ,3, , , , , ,693045, , , ,2,2,0,0,0,0,0,0,0,0,0,2,2,0,0,0,0,0,0,0,1,0,0,0,0,0,0,0,0,0,0,0,0,0,0,4,0,40.0475,-75.1124, , 
 ,59672,2012095559,6,67,67301,2012,8,3,1220,12,1,1,0,4,1, , ,N,1,2,0,3,0,2,3,2,N,N,40 04:51.806,75 01:43.881,1235, ,1225, ,0, ,N, ,3, , , , , ,693054, , , ,2,2,0,0,0,0,0,0,0,0,0,2,2,0,0,0,0,0,0,0,0,0,0,0,0,0,0,0,0,0,0,0,0,0,0,4,0,40.0811,-75.0289, , 
 ,59673,2012071917,6,67,67301,2012,6,2,1632,16,1,1,0,1,1, , ,N,0,0,2,3,0,1,2,2,N,N,40 03:05.225,75 00:24.623,1655, ,1634,1,1,4,N, ,0,N, , , , ,693075, , , ,2,0,0,0,1,0,1,0,0,0,0,1,1,0,0,0,0,0,0,0,0,0,0,0,0,0,0,0,0,0,0,0,0,0,0,4,0,40.0515,-75.0068, , 
 ,59674,2012078995,6,67,67301,2012,6,2,601,6,1,1,0,1,1, , ,N,0,2,0,3,0,1,1,3,N,Y,39 55:33.503,75 11:11.309,604, ,601,9,2,1,N, ,3,Y, , , , ,693082, , , ,3,3,0,0,0,0,0,0,0,1,0,0,1,0,0,0,0,0,0,0,0,0,0,0,0,0,0,1,0,0,0,0,0,0,0,2,0,39.926,-75.1865, , 
 ,59675,2012088995,6,67,67301,2012,8,3,1140,11,1,2,1,4,1, , ,N,1,2,0,3,0,0,3,2,N,N,40 01:47.170,75 06:16.717,1155, ,1144,1,1,2,N, ,3,N, , , , ,693093, , , ,2,0,0,0,1,0,1,0,0,0,0,0,0,0,0,0,0,0,0,0,1,0,0,0,0,0,0,0,0,0,0,0,0,0,0,0,0,40.0298,-75.1046, , 
 ,59676,2012104016,6,67,67301,2012,9,4,700,7,1,1,0,5,6, , ,N,0,0,0,3,0,1,1,2,Y,Y,39 59:05.012,75 06:11.013,1155, ,1139, ,0, , , ,0, , , , , ,693105, , , ,2,1,0,1,0,0,0,0,0,0,0,0,1,1,0,0,0,0,0,0,0,0,0,0,0,0,0,0,0,0,0,0,0,0,0,8,1,39.9847,-75.1031, , 
 ,59677,2012063959,6,67,67301,2012,5,6,2052,20,3,1,0,8,1, , ,N,0,0,0,3,0,1,2,2,N,N,40 02:35.571,75 03:24.657,2056, ,2054, ,0, ,N, ,0, , , , , ,693116, , , ,1,1,0,0,0,0,0,0,0,0,0,1,1,0,0,0,0,0,0,0,0,0,0,0,0,0,0,0,0,0,0,0,1,0,0,4,0,40.0432,-75.0568, , 
 ,59678,2012078190,6,67,67301,2012,6,4,2227,22,3,1,0,1,1, , ,N,1,0,0,3,0,1,3,3,N,N,39 57:31.392,75 09:44.125,2310, ,2300, ,0, ,N, ,0, , , , , ,693126, , , ,3,0,0,0,1,0,2,0,0,0,0,1,1,0,0,0,0,0,0,0,0,0,0,0,0,0,0,0,0,0,0,0,0,0,0,4,0,39.9587,-75.1621, , 
U,59679,2012078304,6,67,67301,2012,6,3,645,6,1,1,0,4,1,8,8,Y,3,2,0,3,0,1,2,2,N,N,39 55:05.315,75 12:33.105,650,99,650,9,1,2,N, ,3,N,U,U,U,U,693127,U,U,U,2,2,0,0,0,0,0,0,0,0,0,0,1,1,0,0,0,0,0,0,1,0,0,0,0,0,0,0,0,0,0,0,0,0,0,8,0,39.9182,-75.2088, , 
 ,59680,2012099922,6,67,67301,2012,10,7,1545,15,1,1,0,1,1, , ,N,0,0,0,3,0,2,6,2,N,N,39 57:31.942,75 10:11.178,1616, ,1604,1,2,4,N, ,0,N, , , , ,693148, , , ,2,1,0,0,0,0,1,0,0,0,0,0,2,2,0,0,0,0,0,0,0,0,0,0,0,0,0,0,0,0,0,0,0,0,0,8,0,39.9589,-75.1698, , 
 ,59681,2012111811,6,67,67301,2012,9,5,811,8,1,1,0,1,1, , ,N,0,2,0,3,0,19,36,2,Y,N,40 01:47.933,75 06:15.564,846, ,816,2,1,2,N, ,3,N, , , , ,693153, , , ,2,1,0,1,0,0,0,0,0,0,0,19,19,0,0,0,0,0,0,0,1,0,0,0,0,0,0,0,0,0,0,0,0,0,0,4,1,40.03,-75.1043, , 
 ,59682,2012078985,6,67,67301,2012,7,1,1905,19,1,1,0,8,1, , ,N,1,2,0,3,0,1,2,2,N,N,39 57:17.817,75 11:01.772,1912, ,1910, ,0, ,N, ,3, , , , , ,690437, , , ,1,1,0,0,0,0,0,0,0,0,0,1,1,0,0,0,0,0,0,0,1,0,0,0,0,0,0,0,0,0,0,0,1,0,0,4,0,39.9549,-75.1839, , 
 ,59683,2012086625,6,67,67301,2012,8,3,1839,18,1,1,0,8,5, , ,N,2,3,0,3,0,1,2,2,N, ,40 02:54.716,75 03:41.318,1912, ,1908, ,0, , , ,3, , , , , ,690443, , , ,1,0,0,0,1,0,0,0,0,0,0,0,1,1,0,0,0,0,0,0,0,0,0,0,0,0,0,0,0,0,0,0,1,0,0,8,0,40.0485,-75.0615, , 
 ,59684,2012104094,6,67,67301,2012,9,1,1540,15,1,1,0,4,1, , ,N,1,2,0,3,0,1,2,2,N,N,40 02:17.896,75 04:31.313,1552, ,1551, ,0, ,N, ,3, , , , , ,690452, , , ,2,2,0,0,0,0,0,0,0,0,0,0,1,1,0,0,0,0,0,0,2,0,0,1,0,0,0,0,0,0,0,0,0,0,0,8,0,40.0383,-75.0754, , 
 ,59685,2012104257,6,67,67301,2012,9,7,2305,23,3,2,1,7,5, , ,N,0,0,0,3,0,1,1,1,N, ,40 00:30.776,75 05:29.493,2322, ,2317, ,0, ,N, ,0, , , , , ,690453, , , ,1,1,0,0,0,0,0,0,0,0,0,1,1,0,0,0,0,0,0,0,0,0,0,0,0,0,0,0,0,0,0,0,0,0,0,4,0,40.0085,-75.0915, , 
 ,59686,2012111740,6,67,67301,2012,10,1,422,4,3,1,0,1,6, , ,N,0,0,0,3,0,2,2,2,N,N,39 58:35.840,75 13:34.800,423, ,422,4,2,3,N, ,0,Y, , , , ,690465, , , ,2,1,0,1,0,0,0,0,0,0,1,1,2,0,0,0,0,0,0,0,0,0,0,0,0,0,0,0,0,0,0,0,0,0,0,3,1,39.9766,-75.2263, , 
 ,59687,2012063925,6,67,67301,2012,5,3,1842,18,1,2,1,1,1, , ,N,1,2,0,3,0,1,3,2,N, ,40 02:50.956,75 05:30.725,1910, ,1906,2,2,2, , ,3,N, , , , ,690466, , , ,2,2,0,0,0,0,0,0,0,0,0,1,1,0,0,0,0,0,0,0,1,0,0,0,0,0,0,0,0,0,0,0,0,0,0,4,0,40.0475,-75.0919, , 
 ,59688,2012068836,6,67,67301,2012,5,4,930,9,1,2,1,5,1, , ,N,0,0,0,3,0,1,2,2,N,N,39 59:20.392,75 07:37.141,1025, ,1020, ,0, , , ,0, , , , , ,690470, , , ,1,1,0,0,0,0,0,0,1,0,0,1,1,0,1,0,0,0,0,0,0,0,0,0,0,0,0,0,0,0,0,0,0,0,0,4,0,39.989,-75.127, , 
 ,59689,2012048270,6,67,67301,2012,4,1,1705,17,1,1,0,4,1, , ,N,1,2,0,3,0,1,3,2,N,N,40 05:18.096,75 02:38.680,1729, ,1726, ,0, ,N, ,3, , , , , ,690475, , , ,2,0,0,0,1,0,1,0,0,0,0,0,1,1,0,0,0,0,0,0,0,0,0,0,0,0,0,0,0,0,0,0,0,0,0,8,0,40.0884,-75.044, , 
 ,59690,2012080044,6,46,46108,2012,8,2,1709,17,1,1,0,4,1, , ,N,1,8,0,3,0,0,2,2,N,N,40 05:16.778,75 12:54.274,1712, ,1709, ,0, ,N, ,3, , , , , ,690501, , , ,2,2,0,0,0,0,0,0,0,0,0,0,0,0,0,0,0,0,0,0,1,0,0,0,0,0,0,0,0,0,0,0,0,0,0,0,0,40.088,-75.2151, , 
 ,59691,2012088098,6,67,67301,2012,8,2,1650,16,1,1,0,4,1, , ,N,1,2,0,3,0,1,2,2,N, ,40 02:44.136,75 04:17.168,1659, ,1653, ,0, , , ,3, , , , , ,690505, , , ,2,2,0,0,0,0,0,0,0,0,0,0,1,1,0,0,0,0,0,0,0,0,0,0,0,0,0,0,0,0,0,0,0,0,0,8,0,40.0456,-75.0714, , 
 ,59692,2012096044,6,67,67301,2012,8,6,912,9,1,1,0,2,2, , ,N,0,0,0,3,0,1,2,1,N,N,39 58:44.630,75 13:00.859,913, ,913,3,1,3,N, ,0,Y, , , , ,690513, , , ,1,0,0,0,0,1,0,0,0,0,0,2,2,0,0,0,0,0,0,0,0,0,0,0,0,0,0,0,0,0,0,0,0,0,0,4,0,39.9791,-75.2169, , 
 ,59693,2012057513,6,67,67301,2012,5,5,1955,19,3,1,0,4,1, , ,N,1,3,0,3,0,1,2,3,N,N,39 59:35.664,75 10:11.063,9999, ,1959, ,0, ,N, ,3, , , , , ,690515, , , ,3,2,0,0,0,0,1,0,0,0,0,1,1,0,0,0,0,0,0,0,1,0,0,0,0,0,0,0,0,0,0,0,0,0,0,4,0,39.9932,-75.1697, , 
 ,59694,2012060722,6,67,67301,2012,4,2,1540,15,1,1,0,8,1, , ,N,1,2,0,3,0,1,2,2,N,N,40 01:36.995,75 12:33.945,1300, ,1300, ,0, ,N, ,3, , , , , ,690517, , , ,1,0,0,0,0,0,0,0,0,0,1,0,1,0,0,0,0,0,0,0,0,0,0,0,0,0,0,0,0,0,0,0,1,0,0,3,0,40.0269,-75.2094, , 
 ,59695,2012060736,6,67,67301,2012,5,2,1703,17,1,2,1,4,1, , ,N,1,2,0,3,0,1,2,2,N, ,40 00:15.124,75 04:38.614,1834, ,1830, ,0, , , ,3, , , , , ,690518, , , ,2,1,1,0,0,0,0,0,0,0,0,1,1,0,0,0,0,0,0,0,1,0,0,0,0,0,0,0,0,0,0,0,0,0,0,4,0,40.0042,-75.0774, , 
 ,59696,2012073630,6,67,67301,2012,6,7,1427,14,1,1,0,1,1, , ,N,0,2,0,3,0,3,4,3,N,N,40 01:39.397,75 05:58.168,1445, ,1431,1,1,1,N, ,3,N, , , , ,690527, , , ,3,1,0,0,0,0,1,1,0,0,1,2,3,0,0,0,0,0,0,0,2,0,0,0,0,0,0,0,0,0,0,0,0,0,0,3,0,40.0276,-75.0995, , 
 ,59697,2012083406,6,67,67301,2012,7,2,1840,18,1,1,0,4,1, , ,N,1,2,0,3,0,1,2,2,N,N,40 07:54.116,75 00:44.359,1855, ,1849,1,1,7,N, ,3,Y, , , , ,690535, , , ,2,2,0,0,0,0,0,0,0,0,0,0,1,1,0,0,0,0,0,0,0,0,0,0,0,0,0,0,0,0,0,0,0,0,0,8,0,40.1317,-75.0123, , 
 ,59698,2012083808,6,67,67301,2012,8,3,1600,16,1,1,0,1,1, , ,N,0,0,0,3,0,1,2,2,N, ,40 01:47.179,75 13:43.770,1620, ,1609, ,0, , , ,0, , , , , ,690536, , , ,1,1,0,0,0,0,0,0,1,0,0,0,1,1,0,0,0,0,0,1,0,0,0,0,0,0,0,0,0,0,0,0,0,0,0,8,0,40.0298,-75.2288, , 
 ,59699,2012088588,6,67,67301,2012,8,4,20,0,3,1,0,7,5, , ,N,0,0,0,3,0,0,3,3,N,N,40 01:50.332,75 13:20.175,1240, ,1231, ,0, , , ,0, , , , , ,690540, , , ,3,3,0,0,0,0,0,0,0,0,0,1,1,0,0,0,0,0,0,0,0,0,0,1,0,0,0,0,0,0,0,0,0,0,0,4,0,40.0306,-75.2223, , 
 ,59700,2012111688,6,67,67301,2012,10,4,1610,16,1,1,0,8,1, , ,N,0,0,0,3,0,1,2,2,N,N,40 02:23.696,75 07:57.834,1644, ,1613, ,0, ,N, ,0, , , , , ,684571, , , ,1,0,0,0,0,0,0,1,0,0,1,0,1,0,0,0,0,0,0,0,0,0,0,0,0,0,0,0,0,0,0,0,1,0,0,3,1,40.0399,-75.1327, , 
 ,59701,2012122338,6,67,67301,2012,11,1,1325,13,1,1,0,4,1, , ,N,1,2,0,3,0,5,9,2,N,N,39 57:28.299,75 12:51.119,1402, ,1400, ,0, ,N, ,3, , , , , ,684580, , , ,2,1,0,0,0,0,1,0,0,0,0,5,5,0,0,0,0,0,0,0,1,0,1,0,0,0,0,0,0,0,0,0,0,0,0,4,0,39.9579,-75.2142, , 
 ,59702,2012073470,6,67,67301,2012,6,3,1804,18,1,1,0,7,5, , ,N,0,0,0,3,0,0,1,1,N, ,40 02:47.140,75 10:39.362,1820, ,1815, ,0, , , ,0, , , , , ,684601, , , ,1,1,0,0,0,0,0,0,0,0,0,0,0,0,1,0,0,0,0,0,0,0,0,0,0,0,0,0,0,0,0,0,0,0,0,9,0,40.0464,-75.1776, , 
 ,59703,2012073519,6,67,67301,2012,6,3,2021,20,3,2,1,8,1, , ,N,1,2,0,3,0,1,2,2,N, ,39 57:05.273,75 10:07.548,2345, ,9999, ,0, , , ,3, , , , , ,684602, , , ,1,1,0,0,0,0,0,0,0,0,0,1,1,0,0,0,0,0,0,0,0,0,0,0,0,0,0,0,0,0,0,0,1,0,0,4,0,39.9514,-75.1686, , 
 ,59704,2012078461,6,67,67301,2012,7,5,800,8,1,1,0,8,1, , ,N,1,3,0,3,0,1,2,2,N,N,39 56:01.248,75 13:53.583,1702, ,1700, ,0, ,N, ,3, , , , , ,684611, , , ,1,1,0,0,0,0,0,0,0,0,0,1,1,0,1,0,0,0,0,0,0,0,0,0,0,0,0,0,0,0,0,0,1,0,0,4,0,39.9337,-75.2316, , 
 ,59705,2012103997,6,67,67301,2012,9,2,1139,11,1,1,0,1,1, , ,N,0,2,0,3,0,0,4,2,N, ,40 06:50.265,74 59:16.834,1145, ,1139,1,1,1, , ,3,N, , , , ,684640, , , ,2,2,0,0,0,0,0,0,0,0,0,0,0,0,0,0,0,0,0,0,1,0,0,0,0,0,0,0,0,0,0,0,0,0,0,0,0,40.114,-74.988, , 
 ,59706,2012109651,6,67,67301,2012,9,4,2133,21,2,1,0,1,1, , ,N,1,2,0,3,0,2,3,2,N,N,39 58:14.458,75 13:57.305,2140, ,2136, ,0, ,N, ,3, , , , , ,684647, , , ,2,1,0,0,0,0,0,0,0,0,0,2,2,0,1,0,0,0,0,0,1,0,0,0,0,0,0,0,0,0,0,0,0,0,0,4,0,39.9707,-75.2326, , 
 ,59707,2012126385,6,67,67301,2012,11,1,1809,18,3,1,0,1,1, , ,N,0,2,0,3,0,1,2,2,N,N,39 59:59.031,75 05:56.050,1813, ,1809, ,0, , , ,3, , , , , ,684673, , , ,2,2,0,0,0,0,0,0,0,0,0,1,1,0,0,0,0,0,0,0,1,0,0,0,0,0,0,0,0,0,0,0,0,0,0,4,0,39.9997,-75.0989, , 
 ,59708,2013006663,6,67,67301,2012,12,5,1935,19,3,1,0,4,1, , ,N,1,3,0,3,0,1,2,2,N, ,39 56:48.649,75 09:49.111,2015, ,2008, ,0, , , ,3, , , , , ,684680, , , ,1,1,0,0,0,0,0,0,1,0,1,0,1,0,0,0,0,0,0,0,0,0,0,0,0,0,0,0,0,0,0,0,0,0,0,3,0,39.9468,-75.1636, , 
 ,59709,2012080860,6,67,67301,2012,7,7,1400,14,1,1,0,1,1, , ,N,0,0,0,3,0,2,2,2,N,N,39 57:07.109,75 09:36.716,1619, ,1614, ,0, , , ,0, , , , , ,684681, , , ,2,2,0,0,0,0,0,0,0,0,0,2,2,0,0,0,0,0,0,0,1,1,0,0,0,0,0,0,0,0,0,0,0,0,0,4,0,39.952,-75.1602, , 
 ,59710,2012083206,6,67,67301,2012,8,3,1759,17,1,1,1,8,3, , ,N,0,0,0,3,0,1,2,2,N,N,40 00:27.111,75 07:33.099,1759, ,1759, ,0, , , ,0, , , , , ,684683, , , ,1,0,0,0,0,0,1,0,0,0,1,0,1,0,0,0,0,0,0,0,0,0,0,0,0,0,0,0,0,0,0,0,1,0,0,3,0,40.0075,-75.1259, , 
 ,59711,2012066690,6,67,67301,2012,5,1,1210,12,1,1,0,4,1, , ,N,1,3,0,3,0,3,5,2,N,N,39 59:00.236,75 07:45.663,1222, ,1215, ,0, ,N, ,3, , , , , ,684688, , , ,2,1,0,0,1,0,0,0,0,0,0,0,3,3,0,0,0,0,0,0,0,0,0,0,0,0,0,0,0,0,0,0,0,0,0,8,0,39.9834,-75.1294, , 
 ,59712,2012068718,6,67,67301,2012,6,3,1350,13,1,2,1,4,1, , ,N,1,2,0,3,0,1,2,2,N,N,39 59:42.230,75 09:01.789,1555, ,1545, ,0, , , ,3, , , , , ,684693, , , ,2,0,0,0,1,0,1,0,0,0,0,0,1,1,0,0,0,0,0,0,1,0,0,0,0,0,0,0,0,0,0,0,0,0,0,8,0,39.9951,-75.1505, , 
 ,59713,2012068869,6,67,67301,2012,5,1,1601,16,1,1,0,1,1, , ,N,0,0,0,3,0,1,5,2,N,N,39 56:28.429,75 12:31.777,1631, ,1550, ,0, , , ,0, , , , , ,684695, , , ,2,2,0,0,0,0,0,0,0,0,0,1,1,0,0,0,0,0,0,0,1,0,0,0,0,0,0,0,0,0,0,0,0,0,0,4,0,39.9412,-75.2088, , 
 ,59714,2012073601,6,67,67301,2012,6,4,1300,13,1,1,0,1,1, , ,N,0,0,0,3,0,0,1,2,N,N,39 59:36.319,75 05:36.467,1342, ,1340, ,0, , , ,0, , , , , ,684702, , , ,2,2,0,0,0,0,0,0,0,0,0,0,0,0,0,0,0,0,0,0,0,0,0,0,0,0,0,0,0,0,0,0,0,0,0,0,0,39.9934,-75.0935, , 
 ,59715,2012080858,6,67,67301,2012,7,1,1054,10,1,1,0,4,1, , ,N,2,2,0,3,0,0,2,2,N,N,39 56:57.318,75 09:25.995,1056, ,1054, ,0, ,N, ,3, , , , , ,684714, , , ,2,1,0,0,0,0,1,0,0,0,0,0,0,0,0,0,0,0,0,0,0,0,0,0,0,0,0,0,0,0,0,0,0,0,0,0,0,39.9493,-75.1572, , 
 ,59716,2012047103,6,67,67301,2012,4,4,1555,15,1,1,0,4,1, , ,N,1,2,0,3,0,0,2,2,N, ,39 58:18.518,75 07:33.433,1555, ,1555,2,1,3, , ,3,N, , , , ,684734, , , ,2,2,0,0,0,0,0,0,0,0,0,0,0,0,0,0,0,0,0,0,0,0,0,0,0,0,0,0,0,0,0,0,0,0,0,0,0,39.9717,-75.1259, , 
 ,59717,2012074387,6,67,67301,2012,6,7,1245,12,1,1,0,4,1, , ,N,1,2,0,3,0,2,2,2,N,N,40 03:23.118,75 03:12.017,1250, ,1246,2,2,2,N, ,3,Y, , , , ,684750, , , ,2,2,0,0,0,0,0,0,0,0,2,0,2,0,0,0,0,0,0,0,1,0,1,0,0,0,0,0,0,0,0,0,0,0,0,3,0,40.0564,-75.0533, , 
 ,59718,2012056594,6,67,67301,2012,5,5,310,3,3,2,1,7,5, , ,N,0,0,0,3,0,0,2,1,N, ,40 00:51.469,75 03:56.718,317, ,315, ,0, , , ,0, , , , , ,687387, , , ,1,1,0,0,0,0,0,0,0,0,0,0,0,0,0,0,0,0,0,0,0,0,0,0,0,0,0,0,0,0,0,0,0,0,0,0,0,40.0142,-75.0659, , 
 ,59719,2012073544,6,67,67301,2012,6,5,1820,18,1,1,0,4,1, , ,N,0,0,0,3,0,2,2,2,N, ,40 04:16.204,75 14:26.538,1840, ,1830, ,0, , , ,0, , , , , ,687404, , , ,2,2,0,0,0,0,0,0,0,0,0,0,2,2,0,0,0,0,0,0,1,0,0,0,0,0,0,0,0,0,0,0,0,0,0,8,0,40.0712,-75.2407, , 
 ,59720,2012066460,6,67,67301,2012,5,5,1042,10,1,1,0,4,1, , ,N,1,2,0,3,0,0,4,2,N,N,39 56:21.685,75 13:03.003,1058, ,1051,1,1,3,N, ,3,N, , , , ,687444, , , ,2,0,0,1,1,0,0,0,0,0,0,0,0,0,1,0,0,0,0,0,2,0,0,0,0,0,0,0,0,0,0,0,0,0,0,9,1,39.9394,-75.2175, , 
 ,59721,2012084046,6,67,67301,2012,8,7,1209,12,1,1,0,1,1, , ,N,0,0,0,3,0,0,4,3,N,N,39 57:59.006,75 11:14.009,1221, ,1214, ,0, ,N, ,0, , , , , ,687463, , , ,3,1,0,0,0,0,1,1,0,0,0,0,0,0,0,0,0,0,0,1,0,0,0,0,0,0,0,0,0,0,0,0,0,0,0,0,0,39.9664,-75.1872, , 
 ,59722,2012104110,6,67,67301,2012,9,3,846,8,1,2,1,5,1, , ,N,0,8,0,3,0,1,2,2,N,N,40 01:39.234,75 11:29.487,850, ,848,1,2,1,N, ,3,N, , , , ,687476, , , ,2,2,0,0,0,0,0,0,0,0,1,0,1,0,0,0,0,0,0,0,0,1,0,0,0,0,0,0,0,0,0,0,0,0,0,3,0,40.0276,-75.1915, , 
 ,59723,2012060817,6,67,67301,2012,5,3,1734,17,1,2,1,5,1, , ,N,0,0,0,3,0,2,6,2,N,N,40 02:13.428,75 03:46.541,1740, ,1738,1,1,2,N, ,0,N, , , , ,687493, , , ,2,2,0,0,0,0,0,0,0,0,0,2,2,0,0,0,0,0,0,0,0,0,0,0,0,0,0,0,0,0,0,0,0,0,0,4,0,40.0371,-75.0629, , 
 ,59724,2012069343,6,67,67301,2012,6,1,233,2,3,1,0,1,1, , ,N,1,2,0,3,0,3,6,2,N,N,40 00:56.894,75 08:28.039,9999, ,9999, ,0, ,N, ,3, , , , , ,687503, , , ,2,2,0,0,0,0,0,0,0,0,0,1,3,2,0,0,0,0,0,0,2,0,0,0,0,0,0,0,0,0,0,0,0,0,0,4,0,40.0158,-75.1411, , 
 ,59725,2012080857,6,67,67301,2012,7,3,1817,18,1,1,0,4,1, , ,N,1,2,0,3,0,1,2,2,N,N,39 57:29.691,75 13:23.712,2038, ,2032, ,0, , , ,3, , , , , ,687512, , , ,2,2,0,0,0,0,0,0,0,0,0,1,1,0,0,0,0,0,0,0,0,0,0,0,0,0,0,0,0,0,0,0,0,0,0,4,0,39.9582,-75.2232, , 
 ,59726,2012085327,6,67,67301,2012,8,2,1850,18,3,2,1,7,5, , ,N,2,2,0,3,0,1,5,1,N,N,40 01:45.922,75 11:20.353,1900, ,1855,1,1,2,N, ,3,N, , , , ,687516, , , ,1,1,0,0,0,0,0,0,0,0,0,1,1,0,0,0,0,0,0,0,0,0,0,0,0,0,0,0,0,0,0,0,0,0,0,4,0,40.0294,-75.189, , 