wz_ln_closure,objectid_1,crn,district,county,municipality,crash_year,crash_month,day_of_week,time_of_day,hour_of_day,illumination,weather,road_condition,collision_type,relation_to_road,work_zone_type,work_zone_loc,work_zone_ind,intersect_type,tcd_type,location_type,urban_rural,fatal_count,injury_count,person_count,total_units,sch_bus_ind,sch_zone_ind,latitude,longitude,arrival_tm,cons_zone_spd_lim,dispatch_tm,est_hrs_closed,lane_closed,ln_close_dir,ntfy_hiwy_maint,spec_juris_cd,tcd_func_cd,tfc_detour_ind,workers_pres,wz_close_detour,wz_flagger,wz_law_offcr_ind,objectid,wz_moving,wz_other,wz_shlder_mdn,vehicle_count,automobile_count,motorcycle_count,bus_count,small_truck_count,heavy_truck_count,suv_count,van_count,bicycle_count,maj_inj_count,mod_inj_count,min_inj_count,tot_inj_count,unk_inj_deg_count,unk_inj_per_count,driver_count_16yr,driver_count_17yr,driver_count_18yr,driver_count_19yr,driver_count_20yr,driver_count_50_64yr,driver_count_65_74yr,driver_count_75plus,unbelted_occ_count,unb_death_count,unb_maj_inj_count,belted_death_count,belted_maj_inj_count,mcycle_death_count,mcycle_maj_inj_count,bicycle_death_count,bicycle_maj_inj_count,ped_count,ped_death_count,ped_maj_inj_count,max_severity_level,comm_veh_count,dec_lat,dec_long,rdwy_surf_type_cd,county_name
 ,59794,2012104052,6,67,67301,2012,9,5,1930,19,3,1,0,7,2, , ,N,0,0,0,3,0,2,2,1,N,N,40 00:21.824,75 10:13.556,1935, ,1931, ,0, ,N, ,0, , , , , ,687702, , , ,1,0,0,0,1,0,0,0,0,0,0,1,2,1,0,0,0,0,0,0,0,0,0,0,0,0,0,0,0,0,0,0,0,0,0,4,0,40.0061,-75.1704, , 
 ,59795,2012120104,6,67,67301,2012,11,1,2236,22,3,1,0,4,1, , ,N,0,0,0,3,0,0,1,2,N,N,39 58:08.616,75 07:50.188,2239, ,2237, ,0, , , ,0, , , , , ,687717, , , ,2,1,0,0,0,0,1,0,0,0,0,0,0,0,0,0,0,0,0,0,0,1,0,0,0,0,0,0,0,0,0,0,0,0,0,0,0,39.9691,-75.1306, , 
 ,59796,2012122490,6,67,67301,2012,11,6,1600,16,2,1,0,8,1, , ,N,1,2,0,3,0,1,8,2,Y,N,39 59:40.373,75 09:33.635,1607, ,1605, ,0, ,N, ,3, , , , , ,687718, , , ,1,0,0,1,0,0,0,0,0,0,1,0,1,0,0,0,0,0,0,0,0,0,0,0,0,0,0,0,0,0,0,0,1,0,0,3,0,39.9945,-75.1593, , 
 ,59797,2012083087,6,67,67301,2012,5,2,930,9,1,1,0,4,1, , ,N,1,2,0,3,0,1,2,2,N,N,39 54:19.871,75 10:26.843,0, ,0, ,0, ,N, ,3, , , , , ,687734, , , ,2,1,0,0,0,0,1,0,0,0,0,0,1,1,1,0,0,0,0,0,0,1,0,0,0,0,0,0,0,0,0,0,0,0,0,8,0,39.9055,-75.1741, , 
 ,59798,2012099009,6,67,67301,2012,9,2,1715,17,1,9,0,1,1, , ,N,0,0,0,3,0,1,2,2,N,N,39 57:02.176,75 09:42.800,2050, ,2050, ,0, ,N, ,0, , , , , ,687748, , , ,2,2,0,0,0,0,0,0,0,0,0,1,1,0,1,0,0,0,0,0,1,0,0,0,0,0,0,0,0,0,0,0,0,0,0,4,0,39.9506,-75.1619, , 
 ,59799,2012104229,6,67,67301,2012,9,5,1748,17,1,1,0,8,1, , ,N,1,3,0,3,0,3,4,4,N, ,39 57:00.802,75 13:29.672,1750, ,1748, ,0, , , ,3, , , , , ,687751, , , ,1,0,1,0,0,0,0,0,0,0,0,3,3,0,0,0,0,0,0,0,1,0,0,0,0,0,0,0,0,0,0,0,3,0,0,4,0,39.9502,-75.2249, , 
 ,59800,2012104600,6,67,67301,2012,9,4,1653,16,1,1,0,8,1, , ,N,0,0,0,3,0,1,1,2,N,N,40 00:26.726,75 09:42.314,1650, ,1650, ,0, , , ,0, , , , , ,687753, , , ,1,1,0,0,0,0,0,0,0,0,0,0,1,1,0,0,0,0,0,0,0,0,0,0,0,0,0,0,0,0,0,0,1,0,0,8,0,40.0074,-75.1618, , 
 ,59801,2012120537,6,67,67301,2012,11,6,1107,11,1,1,0,7,4, , ,N,0,0,0,3,0,1,2,2,N,N,40 02:27.250,75 07:27.652,1148, ,1107, ,0, ,N, ,0, , , , , ,687764, , , ,2,1,0,0,0,0,1,0,0,0,0,1,1,0,0,0,0,0,0,0,0,1,0,1,0,0,0,0,0,0,0,0,0,0,0,4,0,40.0409,-75.1243, , 
 ,59802,2012085848,6,67,67301,2012,8,5,13,0,3,1,0,2,6, , ,N,1,2,0,3,0,1,1,5,N,N,39 56:29.216,75 14:06.241,23, ,20, ,0, , , ,3, , , , , ,687787, , , ,5,4,0,0,0,0,1,0,0,0,1,0,1,0,0,0,0,0,1,0,0,0,0,0,0,0,0,0,0,0,0,0,0,0,0,3,0,39.9415,-75.235, , 
 ,59803,2012111706,6,67,67301,2012,10,1,1216,12,1,1,0,7,4, , ,N,1,0,0,3,0,0,1,1,N,N,40 02:50.961,75 12:23.560,1246, ,1243, ,0, ,N, ,0, , , , , ,687806, , , ,1,0,0,0,0,0,1,0,0,0,0,0,0,0,1,0,0,0,0,0,0,1,0,0,0,0,0,0,0,0,0,0,0,0,0,9,0,40.0475,-75.2065, , 
 ,59804,2012120546,6,67,67301,2012,11,6,1159,11,1,1,0,1,6, , ,N,0,0,0,3,0,2,5,2,N,N,39 56:56.526,75 09:02.879,1220, ,1216, ,0, ,N, ,0, , , , , ,687811, , , ,2,1,0,0,1,0,0,0,0,0,0,2,2,0,0,0,0,0,0,0,0,0,0,0,0,0,0,0,0,0,0,0,0,0,0,4,0,39.949,-75.1508, , 
 ,59805,2012076002,6,67,67301,2012,6,3,1755,17,1,1,0,4,1, , ,N,1,2,0,3,0,3,4,2,N,N,40 02:57.481,75 04:04.310,1810, ,1759,3,2,1, , ,3,Y, , , , ,687835, , , ,2,0,0,0,2,0,0,0,0,0,1,2,3,0,0,0,0,0,0,0,0,0,0,0,0,0,0,0,0,0,0,0,0,0,0,3,0,40.0493,-75.0679, , 
 ,59806,2012078399,6,67,67301,2012,7,4,2300,23,3,1,8,4,1, , ,N,1,3,0,3,0,1,2,2,N,N,40 02:14.355,75 07:30.255,2355, ,2332, ,0, ,N, ,3, , , , , ,687837, , , ,2,2,0,0,0,0,0,0,0,0,0,1,1,0,0,0,0,0,0,0,0,0,0,0,0,0,0,0,0,0,0,0,0,0,0,4,0,40.0373,-75.1251, , 
 ,59807,2012088994,6,67,67301,2012,8,6,1313,13,1,1,0,4,1, , ,N,1,2,0,3,0,0,6,2,N,N,39 57:20.998,75 14:09.675,1316, ,1315,2,1,4,N, ,3,N, , , , ,687844, , , ,2,2,0,0,0,0,0,0,0,0,0,0,0,0,0,0,0,0,0,0,0,0,0,3,0,0,0,0,0,0,0,0,0,0,0,0,0,39.9558,-75.236, , 
 ,59808,2012055495,6,67,67301,2012,5,6,2149,21,3,1,0,7,4, , ,N,6,0,2,3,0,0,1,1,N,N,40 02:45.421,75 00:06.483,2206, ,2157, ,0, ,N, ,0, , , , , ,693305, , , ,1,1,0,0,0,0,0,0,0,0,0,0,0,0,1,0,0,0,0,0,0,0,0,0,0,0,0,0,0,0,0,0,0,0,0,9,0,40.046,-75.0018, , 
 ,59809,2012080792,6,67,67301,2012,7,6,625,6,1,2,1,8,1, , ,N,5,3,0,3,0,1,2,2,N,N,40 01:52.845,75 05:02.718,634, ,625, ,0, ,N, ,3, , , , , ,693314, , , ,1,1,0,0,0,0,0,0,0,0,0,0,1,1,0,0,0,0,0,0,1,0,0,0,0,0,0,0,0,0,0,0,1,0,0,8,0,40.0313,-75.0841, , 
 ,59810,2012083214,6,67,67301,2012,8,7,229,2,3,1,0,4,1, , ,N,1,3,0,3,0,1,3,2,N,N,39 57:31.482,75 08:43.587,233, ,230, ,0, ,N, ,3, , , , , ,693316, , , ,2,1,0,0,0,0,1,0,0,0,0,1,1,0,1,0,0,0,0,0,0,0,0,0,0,0,0,0,0,0,0,0,0,0,0,4,0,39.9587,-75.1454, , 
 ,59811,2012083411,6,67,67301,2012,7,2,9999,99,3,1,0,8,4, , ,N,1,2,0,3,0,1,2,2,N,N,39 58:17.205,75 09:33.736,2100, ,2100, ,0, , , ,3, , , , , ,693317, , , ,1,1,0,0,0,0,0,0,0,0,0,0,1,1,0,0,0,0,0,0,0,0,0,0,0,0,0,0,0,0,0,0,1,0,0,8,0,39.9714,-75.1594, , 
 ,59812,2012086642,6,67,67301,2012,6,1,9999,99,1,1,0,8,1, , ,N,0,0,0,3,0,1,5,2,N,N,39 55:33.313,75 09:27.091,1532, ,1527, ,0, , , ,0, , , , , ,693321, , , ,1,0,0,0,0,0,1,0,0,0,0,1,1,0,0,0,0,0,0,0,0,0,0,0,0,0,0,0,0,0,0,0,1,0,0,4,0,39.9259,-75.1575, , 
 ,59813,2012098201,6,67,67301,2012,9,6,0,0,1,1,0,4,1, , ,N,3,2,0,3,0,1,2,2,N, ,40 02:17.289,75 03:53.236,1353, ,1350, ,0, , , ,3, , , , , ,693329, , , ,2,1,0,0,0,0,1,0,0,0,0,1,1,0,0,0,0,0,0,0,0,0,1,0,0,0,0,0,0,0,0,0,0,0,0,4,0,40.0381,-75.0648, , 
 ,59814,2012104044,6,67,67301,2012,9,1,1130,11,3,1,0,2,1, , ,N,1,2,0,3,0,0,3,2,N,N,39 58:39.875,75 12:48.192,1145, ,1138, ,0, ,N, ,3, , , , , ,693335, , , ,2,1,1,0,0,0,0,0,0,0,0,0,0,0,0,0,0,0,0,0,0,1,0,0,0,0,0,0,0,0,0,0,0,0,0,0,0,39.9777,-75.2134, , 
 ,59815,2012080814,6,67,67301,2012,7,1,2320,23,3,1,0,1,1, , ,N,0,0,0,3,0,3,6,4,N,N,40 02:01.646,75 04:30.088,2335, ,2325,2,1,1,N, ,0,N, , , , ,693371, , , ,4,2,0,0,0,0,1,1,0,0,0,3,3,0,0,0,0,0,0,0,1,0,0,0,0,0,0,0,0,0,0,0,0,0,0,4,0,40.0338,-75.075, , 
 ,59816,2012083368,6,67,67301,2012,7,7,222,2,3,1,0,4,1, , ,N,1,2,0,3,0,0,3,2,N,N,39 57:26.357,75 08:38.887,311, ,306, ,0, ,N, ,3, , , , , ,693373, , , ,2,2,0,0,0,0,0,0,0,0,0,0,0,0,1,0,0,0,0,0,0,0,0,0,0,0,0,0,0,0,0,0,0,0,0,9,0,39.9573,-75.1441, , 
 ,59817,2012104519,6,67,67301,2012,10,5,1630,16,1,1,0,5,1, , ,N,0,0,0,3,0,0,1,4,Y,N,40 01:57.002,75 08:46.209,1645, ,1640,2,1,2,N, ,0,N, , , , ,693388, , , ,4,0,0,1,0,0,2,1,0,0,0,0,0,0,0,0,0,0,0,0,0,0,0,0,0,0,0,0,0,0,0,0,0,0,0,0,1,40.0325,-75.1462, , 
 ,59818,2012110798,6,67,67301,2012,10,3,1650,16,1,2,1,4,1, , ,N,2,2,0,3,0,2,4,2,N,N,40 02:12.961,75 08:42.306,1700, ,1653, ,0, ,N, ,3, , , , , ,693397, , , ,2,1,0,0,0,0,1,0,0,0,1,0,1,0,0,0,0,0,0,0,0,0,0,0,0,0,0,0,0,0,0,0,0,0,0,3,0,40.0369,-75.1451, , 
 ,59819,2012111654,6,67,67301,2012,10,3,1255,12,1,8,1,2,1, , ,N,0,0,0,3,0,0,2,2,N,N,39 58:19.803,75 11:23.858,1310, ,1300, ,0, ,N, ,0, , , , , ,693398, , , ,2,2,0,0,0,0,0,0,0,0,0,0,0,0,0,0,0,0,0,0,1,1,0,0,0,0,0,0,0,0,0,0,0,0,0,0,0,39.9722,-75.19, , 
 ,59820,2012068810,6,67,67301,2012,6,4,1919,19,4,1,0,4,1, , ,N,1,2,0,3,0,1,2,2,N, ,39 59:23.449,75 10:25.402,2020, ,2020, ,0, , , ,3, , , , , ,693408, , , ,2,2,0,0,0,0,0,0,0,0,0,0,1,1,0,0,0,0,0,0,0,1,0,0,0,0,0,0,0,0,0,0,0,0,0,8,0,39.9898,-75.1737, , 
 ,59821,2012080773,6,67,67301,2012,7,6,921,9,1,2,1,2,1, , ,N,0,0,0,3,0,2,7,2,N,N,39 59:48.084,75 11:49.970,921, ,921,1,1,6,N, ,0,N, , , , ,693419, , , ,2,2,0,0,0,0,0,0,0,0,0,2,2,0,0,0,0,0,0,0,0,0,0,0,0,0,0,0,0,0,0,0,0,0,0,4,0,39.9967,-75.1972, , 
 ,59822,2012085881,6,67,67301,2012,8,2,2309,23,3,1,0,5,1, , ,N,0,2,0,3,0,2,3,2,N,N,40 01:42.128,75 06:34.058,2350, ,2309, ,0, , , ,3, , , , , ,693424, , , ,2,1,0,0,1,0,0,0,0,0,0,0,2,2,1,0,0,0,0,0,0,0,0,0,0,0,0,0,0,0,0,0,0,0,0,8,0,40.0284,-75.1094, , 
 ,59823,2012100589,6,67,67301,2012,8,6,548,5,1,1,0,4,1, , ,N,1,0,0,3,0,1,2,2,N,N,39 59:50.211,75 07:11.429,609, ,553,2,1,4,N, ,0,N, , , , ,693440, , , ,2,0,0,1,0,0,0,1,0,0,0,1,1,0,0,0,0,0,0,0,2,0,0,1,0,0,0,0,0,0,0,0,0,0,0,4,1,39.9973,-75.1198, , 
 ,59824,2012109777,6,67,67301,2012,9,7,413,4,3,1,0,5,6, , ,N,0,0,0,3,0,0,1,4,N,N,39 56:46.976,75 14:40.365,9999, ,413, ,0, ,N, ,0, , , , , ,693447, , , ,2,2,0,0,0,0,0,0,0,0,0,0,0,0,0,0,0,0,0,0,0,0,0,0,0,0,0,0,0,0,0,0,0,0,0,0,0,39.9464,-75.2445, , 
 ,59825,2012064028,6,67,67301,2012,5,3,845,8,1,2,1,4,1, , ,N,3,3,0,3,0,1,2,2,N,N,40 00:34.514,75 05:22.410,847, ,846, ,0, ,N, ,3, , , , , ,693453, , , ,2,2,0,0,0,0,0,0,0,0,0,1,1,0,0,0,0,0,0,0,1,0,0,0,0,0,0,0,0,0,0,0,0,0,0,4,0,40.0096,-75.0896, , 
 ,59826,2012074564,6,67,67301,2012,7,5,2135,21,3,2,1,7,5, , ,N,0,0,0,3,0,2,2,1,N,N,39 53:14.836,75 12:56.307,2154, ,2137, ,0, ,N, ,0, , , , , ,690762, , , ,1,1,0,0,0,0,0,0,0,0,0,2,2,0,0,0,0,0,0,0,0,0,0,0,0,0,0,0,0,0,0,0,0,0,0,4,0,39.8875,-75.2156, , 
 ,59827,2012080846,6,67,67301,2012,7,4,1345,13,1,1,0,1,1, , ,N,1,2,0,3,0,1,2,2,N,N,40 05:22.585,75 03:25.253,1404, ,1401, ,0, ,N, ,3, , , , , ,690766, , , ,2,0,0,0,0,0,2,0,0,0,0,1,1,0,1,0,0,0,0,0,0,0,0,0,0,0,0,0,0,0,0,0,0,0,0,4,0,40.0896,-75.057, , 
 ,59828,2012083812,6,67,67301,2012,7,6,1025,10,1,2,1,4,1, , ,N,1,2,0,3,0,1,2,2,N,N,39 58:00.447,75 10:43.839,1027, ,1026,1,1,3,N, ,3,N, , , , ,690769, , , ,2,2,0,0,0,0,0,0,0,0,0,1,1,0,0,0,0,0,0,0,1,0,0,0,0,0,0,0,0,0,0,0,0,0,0,4,0,39.9668,-75.1788, , 
 ,59829,2012095466,6,67,67301,2012,8,7,900,9,1,1,0,6,6, , ,N,0,0,0,3,0,1,1,2,N,N,40 01:14.485,75 12:35.603,915, ,906, ,0, ,N, ,0, , , , , ,690778, , , ,2,2,0,0,0,0,0,0,0,0,0,0,1,1,0,0,0,0,0,0,0,0,0,0,0,0,0,0,0,0,0,0,0,0,0,8,0,40.0206,-75.21, , 
 ,59830,2012098482,6,67,67301,2012,8,5,1646,16,1,1,0,2,1, , ,N,0,0,0,3,0,1,2,2,N,N,39 59:30.830,75 08:18.052,1650, ,1646, ,0, ,N, ,0, , , , , ,690782, , , ,2,2,0,0,0,0,0,0,0,0,0,0,1,1,0,0,0,0,0,0,0,0,0,0,0,0,0,0,0,0,0,0,0,0,0,8,0,39.9919,-75.1383, , 
 ,59831,2012109783,6,67,67301,2012,10,3,1119,11,1,2,1,7,2, , ,N,0,0,0,3,0,0,1,1,N, ,40 04:09.284,75 00:25.687,1122, ,1122,1,1,4, , ,0,N, , , , ,690797, , , ,1,1,0,0,0,0,0,0,0,0,0,0,0,0,0,0,0,0,0,1,0,0,0,0,0,0,0,0,0,0,0,0,0,0,0,0,0,40.0692,-75.0071, , 
 ,59832,2012115254,6,67,67301,2012,9,3,1130,11,1,9,1,1,1, , ,N,2,0,0,3,0,3,4,2, , ,39 56:41.532,75 13:26.572,0, ,0, ,0, , , ,0, , , , , ,690800, , , ,2,2,0,0,0,0,0,0,0,0,0,0,3,3,1,0,0,0,0,0,1,1,0,0,0,0,0,0,0,0,0,0,0,0,0,8,0,39.9449,-75.224, , 
 ,59833,2012066412,6,67,67301,2012,6,5,1425,14,1,9,8,4,1, , ,N,1,2,0,3,0,1,2,2,N,N,40 03:00.190,75 09:01.655,1429, ,1427, ,0, ,N, ,3, , , , , ,690811, , , ,2,1,0,0,0,0,1,0,0,0,1,0,1,0,0,0,0,0,0,0,1,0,0,0,0,0,0,0,0,0,0,0,0,0,0,3,0,40.0501,-75.1505, , 
 ,59834,2012083201,6,67,67301,2012,7,3,2230,22,3,1,0,4,1, , ,N,1,2,0,3,0,0,4,2,N,Y,39 59:39.070,75 06:41.033,9999, ,9999, ,0, ,N, ,3, , , , , ,690830, , , ,2,0,0,0,1,0,0,1,0,0,0,0,0,0,0,0,0,0,0,0,0,0,0,0,0,0,0,0,0,0,0,0,0,0,0,0,0,39.9942,-75.1114, , 
U,59835,2012056573,6,67,67301,2012,4,6,9999,99,1,1,0,4,1,8,8,Y,0,0,0,3,0,1,2,2,N,N,39 58:17.621,75 07:16.465,1810,99,1810,1,2,5,N, ,0,Y,U,U,U,U,690852,U,U,U,2,1,0,0,1,0,0,0,0,0,0,1,1,0,0,0,0,0,0,0,0,0,0,0,0,0,0,0,0,0,0,0,0,0,0,4,0,39.9712,-75.1216, , 
 ,59836,2012093638,6,67,67301,2012,9,4,1848,18,1,1,0,1,1, , ,N,0,4,2,3,0,0,2,2,N,N,39 59:58.179,75 05:04.576,1852, ,1852, ,0, ,N, ,3, , , , , ,690860, , , ,2,2,0,0,0,0,0,0,0,0,0,0,0,0,0,0,0,0,0,0,0,0,0,0,0,0,0,0,0,0,0,0,0,0,0,0,0,39.9995,-75.0846, , 
 ,59837,2012099105,6,67,67301,2012,10,3,2110,21,3,6,1,7,3, , ,N,0,0,0,3,0,0,1,1,N,N,39 57:26.375,75 08:32.991,2128, ,2123, ,0, ,N, ,0, , , , , ,690866, , , ,1,1,0,0,0,0,0,0,0,0,0,0,0,0,0,0,0,0,0,0,0,0,0,0,0,0,0,0,0,0,0,0,0,0,0,0,0,39.9587,-75.1417, , 
 ,59838,2012101291,6,9,9212,2012,3,6,1947,19,3,1,0,4,1, , ,N,1,2,0,3,0,0,3,2,N,N,40 08:03.616,75 00:33.107,1952, ,1947,1,2,2,N, ,3,N, , , , ,690867, , , ,2,2,0,0,0,0,0,0,0,0,0,0,0,0,0,0,0,0,0,0,0,0,0,0,0,0,0,0,0,0,0,0,0,0,0,0,0,40.1343,-75.0091, , 
 ,59839,2012111693,6,67,67301,2012,10,5,9999,99,1,1,0,5,6, , ,N,0,0,0,3,0,1,1,3,N,N,39 59:40.578,75 08:47.565,1720, ,9999, ,0, , , ,0, , , , , ,690877, , , ,3,3,0,0,0,0,0,0,0,0,0,1,1,0,0,0,0,0,0,0,1,0,0,0,0,0,0,0,0,0,0,0,0,0,0,4,0,39.9946,-75.1465, , 
 ,59840,2012120070,6,67,67301,2012,10,6,340,3,1,1,0,1,1, , ,N,1,2,0,3,0,0,3,2,Y,N,39 58:33.978,75 14:18.941,410, ,400, ,0, ,N, ,3, , , , , ,690889, , , ,2,1,0,1,0,0,0,0,0,0,0,0,0,0,0,0,0,0,0,0,0,0,0,0,0,0,0,0,0,0,0,0,0,0,0,0,1,39.9761,-75.2386, , 
 ,59841,2012066435,6,67,67301,2012,6,6,2345,23,3,2,1,1,1, , ,N,0,0,0,3,0,4,5,2,N, ,40 02:30.239,75 09:31.507,3, ,2353, ,0, , , ,0, , , , , ,690912, , , ,2,1,0,0,0,0,1,0,0,0,0,4,4,0,0,0,0,0,0,0,0,0,1,5,0,0,0,0,0,0,0,0,0,0,0,4,0,40.0417,-75.1588, , 
 ,59842,2012076067,6,46,46102,2012,6,6,1314,13,1,1,0,4,1, , ,N,3,2,7,3,0,2,3,3,N, ,40 04:22.157,75 09:21.257,1325, ,1319, ,0, , , ,3, , , , , ,690923, , , ,3,1,0,0,1,0,1,0,0,0,0,0,2,2,1,0,0,0,0,1,1,0,1,0,0,0,0,0,0,0,0,0,0,0,0,8,0,40.0727,-75.1558, , 
 ,59843,2012083343,6,67,67301,2012,7,5,1615,16,1,1,0,4,1, , ,N,1,3,0,3,0,1,3,2,N,N,40 03:09.835,75 05:03.145,1645, ,1643, ,0, ,N, ,3, , , , , ,690930, , , ,2,2,0,0,0,0,0,0,0,0,0,1,1,0,0,0,0,0,0,0,2,0,0,0,0,0,0,0,0,0,0,0,0,0,0,4,0,40.0527,-75.0842, , 
 ,59844,2012083458,6,67,67301,2012,8,6,1341,13,1,1,0,5,1, , ,N,2,0,0,3,0,1,5,2,N,N,39 59:35.249,75 14:37.666,1356, ,1344, ,0, ,N, ,0, , , , , ,690931, , , ,2,2,0,0,0,0,0,0,0,0,0,1,1,0,0,0,0,0,0,0,0,0,0,0,0,0,0,0,0,0,0,0,0,0,0,4,0,39.993,-75.2438, , 
 ,59845,2012083267,6,67,67301,2012,7,6,1044,10,1,1,0,4,1, , ,N,1,2,0,3,0,1,2,3,N,N,40 01:55.501,75 04:03.429,1045, ,1044, ,0, ,N, ,3, , , , , ,684857, , , ,3,3,0,0,0,0,0,0,0,0,0,0,1,1,0,0,0,0,0,0,0,0,0,0,0,0,0,0,0,0,0,0,0,0,0,8,0,40.0321,-75.0676, , 
 ,59846,2012085774,6,67,67301,2012,8,1,1515,15,1,1,0,4,1, , ,N,1,2,0,3,0,1,4,2,N, ,39 59:06.403,75 14:50.558,1528, ,1521,1,1,2, , ,3,N, , , , ,684859, , , ,2,2,0,0,0,0,0,0,0,0,0,1,1,0,0,0,0,0,0,0,0,0,0,0,0,0,0,0,0,0,0,0,0,0,0,4,0,39.9851,-75.2474, , 
 ,59847,2012060657,6,67,67301,2012,5,2,1545,15,1,1,0,4,1, , ,N,1,3,0,3,0,4,6,3,N, ,39 56:14.564,75 13:03.428,1551, ,1549, ,0, , , ,3, , , , , ,684875, , , ,3,1,0,0,1,1,0,0,0,0,0,4,4,0,0,0,0,0,0,0,0,0,0,0,0,0,0,0,0,0,0,0,0,0,0,4,0,39.9374,-75.2176, , 
 ,59848,2012061129,6,67,67301,2012,6,4,1900,19,1,1,0,7,2, , ,N,0,0,0,3,0,0,1,1,N,N,39 59:56.448,75 04:50.031,1909, ,1902, ,0, ,N, ,0, , , , , ,684876, , , ,1,1,0,0,0,0,0,0,0,0,0,0,0,0,0,0,0,0,0,0,0,0,0,0,0,0,0,0,0,0,0,0,0,0,0,0,0,39.9989,-75.0806, , 
 ,59849,2012103992,6,67,67301,2012,7,6,1540,15,1,1,0,6,1, , ,N,5,2,2,3,0,1,1,3,N,N,39 57:26.357,75 08:38.887,1548, ,1544,9,2,1,N, ,3,Y, , , , ,684902, , , ,1,0,0,0,0,0,0,0,0,0,0,0,1,1,0,0,0,0,0,0,0,0,0,0,0,0,0,0,0,0,0,0,0,0,0,8,0,39.9573,-75.1441, , 
 ,59850,2012088079,6,67,67301,2012,8,3,430,4,3,1,0,8,1, , ,N,0,0,0,3,0,1,2,2,N,N,40 02:43.026,75 08:16.551,441, ,437, ,0, ,N, ,0, , , , , ,684932, , , ,1,1,0,0,0,0,0,0,0,0,1,0,1,0,0,0,0,0,0,0,0,0,0,0,0,0,0,0,0,0,0,0,1,0,0,3,0,40.0453,-75.1379, , 
 ,59851,2012095595,6,67,67301,2012,8,3,733,7,1,2,1,4,1, , ,N,0,0,0,3,0,1,2,2,N,N,40 05:59.758,75 01:17.886,741, ,740, ,0, , , ,0, , , , , ,684938, , , ,2,2,0,0,0,0,0,0,0,0,0,1,1,0,0,0,0,0,0,0,0,0,0,0,0,0,0,0,0,0,0,0,0,0,0,4,0,40.0999,-75.0216, , 
 ,59852,2012111691,6,67,67301,2012,10,3,1030,10,1,2,1,4,1, , ,N,1,3,0,3,0,1,1,2,N,N,40 00:45.093,75 08:24.381,1100, ,1050, ,0, ,N, ,3, , , , , ,684958, , , ,2,1,0,0,0,0,1,0,0,0,0,0,1,1,0,0,0,0,0,0,0,0,0,0,0,0,0,0,0,0,0,0,0,0,0,8,0,40.0125,-75.1401, , 
 ,59853,2012056726,6,67,67301,2012,4,6,130,1,3,1,0,4,1, , ,N,1,2,0,3,0,1,2,2,N,N,39 56:52.000,75 13:38.791,138, ,135, ,0, ,N, ,3, , , , , ,684971, , , ,2,0,1,0,0,1,0,0,0,0,0,0,1,1,0,0,0,0,0,0,0,0,0,0,0,0,0,0,0,0,0,0,0,0,0,8,1,39.9478,-75.2274, , 
 ,59854,2012020611,6,67,67301,2012,1,5,2210,22,3,1,0,5,1, , ,N,0,0,0,3,0,0,2,2,N, ,39 58:56.263,75 15:51.813,2214, ,1212, ,0, , , ,0, , , , , ,684978, , , ,2,1,0,0,0,0,1,0,0,0,0,0,0,0,1,0,0,0,0,0,0,0,0,0,0,0,0,0,0,0,0,0,0,0,0,9,0,39.9823,-75.2644, , 
 ,59855,2012036758,6,67,67301,2012,3,3,207,2,3,1,0,4,1, , ,N,0,0,0,3,0,1,2,2,N,N,39 56:56.289,75 12:13.856,209, ,207, ,0, ,N, ,0, , , , , ,684993, , , ,1,1,0,0,0,0,0,0,1,0,0,0,1,1,0,0,0,0,0,0,0,1,0,0,0,0,0,0,0,0,0,0,0,0,0,8,0,39.949,-75.2038, , 
 ,59856,2012042184,6,67,67301,2012,3,5,2221,22,3,2,1,8,1, , ,N,0,0,0,3,1,0,3,2,N,N,40 04:13.866,75 09:18.611,2320, ,2221, ,0, ,N,0,0, , , , , ,685000, , , ,1,0,0,0,1,0,0,0,0,0,0,0,0,0,0,0,0,0,0,0,1,0,0,0,0,0,0,0,0,0,0,0,1,1,0,1,0,40.0704,-75.1553,2, 
 ,59857,2012049777,6,67,67301,2012,4,5,1710,17,1,1,0,4,1, , ,N,0,0,0,3,0,2,3,2,N,N,40 00:22.668,75 09:53.805,1720, ,1719, ,0, ,N, ,0, , , , , ,685009, , , ,2,1,0,0,1,0,0,0,0,0,0,2,2,0,0,0,0,0,0,0,0,0,0,0,0,0,0,0,0,0,0,0,0,0,0,4,0,40.0063,-75.1649, , 
 ,59858,2012051899,6,67,67301,2012,4,2,915,9,1,1,0,4,1, , ,N,1,2,0,3,0,2,3,2,N,N,39 58:38.895,75 08:54.409,922, ,918, ,0, ,N, ,3, , , , , ,685013, , , ,2,0,0,0,2,0,0,0,0,0,0,0,2,2,0,0,0,0,0,0,0,0,0,0,0,0,0,0,0,0,0,0,0,0,0,8,0,39.9775,-75.1484, , 
 ,59859,2012066509,6,67,67301,2012,6,4,1900,19,1,1,0,5,2, , ,N,0,0,7,3,0,0,1,3,N,N,40 02:36.840,75 11:17.510,2002, ,2000, ,0, ,N, ,0, , , , , ,685028, , , ,3,1,0,0,0,1,1,0,0,0,0,0,0,0,0,0,0,0,0,0,0,0,0,0,0,0,0,0,0,0,0,0,0,0,0,0,1,40.0436,-75.1882, , 