wz_ln_closure,objectid_1,crn,district,county,municipality,crash_year,crash_month,day_of_week,time_of_day,hour_of_day,illumination,weather,road_condition,collision_type,relation_to_road,work_zone_type,work_zone_loc,work_zone_ind,intersect_type,tcd_type,location_type,urban_rural,fatal_count,injury_count,person_count,total_units,sch_bus_ind,sch_zone_ind,latitude,longitude,arrival_tm,cons_zone_spd_lim,dispatch_tm,est_hrs_closed,lane_closed,ln_close_dir,ntfy_hiwy_maint,spec_juris_cd,tcd_func_cd,tfc_detour_ind,workers_pres,wz_close_detour,wz_flagger,wz_law_offcr_ind,objectid,wz_moving,wz_other,wz_shlder_mdn,vehicle_count,automobile_count,motorcycle_count,bus_count,small_truck_count,heavy_truck_count,suv_count,van_count,bicycle_count,maj_inj_count,mod_inj_count,min_inj_count,tot_inj_count,unk_inj_deg_count,unk_inj_per_count,driver_count_16yr,driver_count_17yr,driver_count_18yr,driver_count_19yr,driver_count_20yr,driver_count_50_64yr,driver_count_65_74yr,driver_count_75plus,unbelted_occ_count,unb_death_count,unb_maj_inj_count,belted_death_count,belted_maj_inj_count,mcycle_death_count,mcycle_maj_inj_count,bicycle_death_count,bicycle_maj_inj_count,ped_count,ped_death_count,ped_maj_inj_count,max_severity_level,comm_veh_count,dec_lat,dec_long,rdwy_surf_type_cd,county_name
 ,59993,2012096019,6,67,67301,2012,8,6,2115,21,3,1,0,4,1, , ,N,1,2,0,3,0,1,3,2,N, ,39 59:33.432,75 10:05.681,2130, ,2128, ,0, , , ,3, , , , , ,685256, , , ,1,1,0,0,0,0,0,0,1,0,0,1,1,0,0,0,0,0,0,0,0,0,0,0,0,0,0,0,0,0,0,0,0,0,0,4,0,39.9926,-75.1682, , 
 ,59994,2012031953,6,67,67301,2012,3,5,1402,14,1,1,0,1,1, , ,N,6,4,2,3,0,1,2,2,N,N,39 56:02.240,75 11:59.719,1411, ,1405,1,1,4,Y, ,3,Y, , , , ,685279, , , ,2,1,0,0,0,0,1,0,0,0,0,0,1,1,0,0,0,0,0,0,1,0,0,0,0,0,0,0,0,0,0,0,0,0,0,8,0,39.934,-75.1999, , 
 ,59995,2012068772,6,67,67301,2012,6,4,1910,19,1,1,0,1,1, , ,N,0,0,0,3,0,3,5,2,N, ,40 01:34.953,75 02:32.662,1920, ,1911, ,0, , , ,0, , , , , ,685305, , , ,2,0,0,1,0,0,0,1,0,0,0,3,3,0,0,0,0,0,0,0,0,0,0,0,0,0,0,0,0,0,0,0,0,0,0,4,1,40.0263,-75.0426, , 
 ,59996,2012026230,6,67,67301,2012,2,5,2050,20,6,1,0,4,1, , ,N,1,2,0,3,0,1,3,3,N,N,40 02:44.262,75 07:42.522,2110, ,2104, ,0, ,N, ,3, , , , , ,685317, , , ,3,2,0,0,1,0,0,0,0,0,0,1,1,0,0,0,0,0,0,0,0,0,0,0,0,0,0,0,0,0,0,0,0,0,0,4,0,40.0456,-75.1285, , 
 ,59997,2012041554,6,67,67301,2012,3,6,2318,23,3,1,0,4,1, , ,N,1,2,0,3,0,0,4,3,N,N,40 01:47.929,75 06:15.656,2325, ,2320, ,0, ,N, ,3, , , , , ,685332, , , ,3,3,0,0,0,0,0,0,0,0,0,0,0,0,0,0,0,0,0,0,0,0,0,0,0,0,0,0,0,0,0,0,0,0,0,0,0,40.03,-75.1043, , 
 ,59998,2012041677,6,67,67301,2012,3,7,1311,13,1,2,1,1,1, , ,N,1,2,0,3,0,0,2,2,N, ,40 03:07.221,75 03:44.755,1355, ,1354,1,1,2, , ,3,Y, , , , ,685333, , , ,2,1,0,0,0,0,0,1,0,0,0,0,0,0,0,0,0,0,0,0,1,0,0,0,0,0,0,0,0,0,0,0,0,0,0,0,0,40.052,-75.0624, , 
 ,59999,2012048885,6,67,67301,2012,3,7,1330,13,1,2,1,4,1, , ,N,0,0,0,3,0,3,4,2,N,N,39 55:09.325,75 12:39.736,1335, ,1330,9,1,2,N, ,0,Y, , , , ,685341, , , ,2,1,0,0,1,0,0,0,0,0,1,2,3,0,0,0,0,0,0,0,1,0,0,0,0,0,0,0,0,0,0,0,0,0,0,3,0,39.9193,-75.211, , 
 ,60000,2012055793,6,67,67301,2012,5,1,1200,12,1,1,0,1,1, , ,N,0,0,0,3,0,2,4,3,N,N,39 58:54.244,75 06:06.844,1204, ,1202,1,1,2,N, ,0,N, , , , ,685350, , , ,3,3,0,0,0,0,0,0,0,0,0,2,2,0,0,0,0,0,0,0,1,0,0,0,0,0,0,0,0,0,0,0,0,0,0,4,0,39.9817,-75.1019, , 
 ,60001,2012056633,6,67,67301,2012,4,2,1338,13,1,1,0,8,1, , ,N,0,0,0,3,0,1,2,2,N,N,39 57:11.568,75 10:13.047,1339, ,1338,1,1,3,N, ,0,N, , , , ,685359, , , ,1,0,0,0,0,0,0,1,0,0,0,0,1,1,0,0,0,0,0,0,0,0,1,0,0,0,0,0,0,0,0,0,1,0,0,8,0,39.9532,-75.1703, , 
 ,60002,2012078524,6,67,67301,2012,6,5,2004,20,1,1,0,4,1, , ,N,0,0,0,3,0,1,4,2,N,N,39 58:41.881,75 07:07.817,2010, ,2006, ,0, ,N, ,0, , , , , ,685363, , , ,2,2,0,0,0,0,0,0,0,0,0,0,1,1,0,0,0,0,0,0,0,0,0,0,0,0,0,0,0,0,0,0,0,0,0,8,0,39.9769,-75.1195, , 
 ,60003,2012085879,6,67,67301,2012,8,5,523,5,3,1,0,2,1, , ,N,0,0,0,3,0,2,2,2,N,N,40 03:37.194,75 02:37.186,528, ,524,3,1,1,N, ,0,N, , , , ,685374, , , ,2,0,0,0,2,0,0,0,0,1,1,0,2,0,0,0,0,1,0,0,1,0,0,1,0,1,0,0,0,0,0,0,0,0,0,2,0,40.0603,-75.0437, , 
 ,60004,2012095457,6,67,67301,2012,8,7,500,5,3,2,1,2,1, , ,N,0,0,0,3,0,3,5,2,N,N,39 56:02.741,75 14:10.945,515, ,512, ,0, ,N, ,0, , , , , ,685389, , , ,2,2,0,0,0,0,0,0,0,0,0,3,3,0,0,0,0,0,0,1,0,0,0,2,0,0,0,0,0,0,0,0,0,0,0,4,0,39.9341,-75.2364, , 
 ,60005,2012098465,6,67,67301,2012,9,5,754,7,1,1,0,7,5, , ,N,0,2,0,3,0,0,1,1,N,N,40 01:33.784,75 05:41.967,758, ,755,1,1,1,N, ,3,N, , , , ,685391, , , ,1,1,0,0,0,0,0,0,0,0,0,0,0,0,1,0,0,0,0,0,0,0,0,1,0,0,0,0,0,0,0,0,0,0,0,9,0,40.0261,-75.095, , 
 ,60006,2012104156,6,67,67301,2012,9,3,1304,13,1,1,0,4,1, , ,N,1,2,0,3,0,2,2,2,N, ,39 57:48.568,75 10:09.794,1314, ,1309, ,0, , , ,3, , , , , ,685395, , , ,2,2,0,0,0,0,0,0,0,0,0,0,2,2,0,0,0,0,0,0,0,0,0,0,0,0,0,0,0,0,0,0,0,0,0,8,0,39.9634,-75.1694, , 
 ,60007,2012104267,6,67,67301,2012,9,4,418,4,1,2,1,5,1, , ,N,1,2,0,3,0,1,2,2,N,N,39 57:28.502,75 08:55.805,520, ,517, ,0, ,N, ,3, , , , , ,685396, , , ,2,1,0,0,0,1,0,0,0,0,0,1,1,0,0,0,0,0,0,0,1,0,0,0,0,0,0,0,0,0,0,0,0,0,0,4,1,39.958,-75.1488, , 
 ,60008,2012066589,6,67,67301,2012,5,6,1525,15,1,1,0,1,1, , ,N,0,0,0,3,0,1,2,2,N,N,39 58:51.376,75 07:10.473,1535, ,1525, ,0, ,N, ,0, , , , , ,685407, , , ,2,1,1,0,0,0,0,0,0,0,0,1,1,0,0,0,0,0,0,0,1,0,0,0,0,0,0,0,0,0,0,0,0,0,0,4,0,39.9809,-75.1196, , 
 ,60009,2012063909,6,67,67301,2012,5,7,2004,20,4,1,0,5,1, , ,N,0,0,0,3,0,0,1,4,N,N,40 02:50.860,75 09:03.180,2055, ,2050, ,0, ,N, ,0, , , , , ,685415, , , ,4,4,0,0,0,0,0,0,0,0,0,0,0,0,1,0,0,0,0,0,0,0,0,0,0,0,0,0,0,0,0,0,0,0,0,9,0,40.0475,-75.1509, , 
 ,60010,2012034811,6,67,67301,2012,2,2,1735,17,1,1,0,1,1, , ,N,0,2,0,3,0,3,5,3,N,N,40 03:11.537,75 02:59.728,1742, ,1740,2,2,1,N, ,3,Y, , , , ,688183, , , ,3,3,0,0,0,0,0,0,0,0,0,2,3,1,0,0,0,0,0,0,1,0,0,0,0,0,0,0,0,0,0,0,0,0,0,4,0,40.0532,-75.0499, , 
 ,60011,2012075948,6,67,67301,2012,6,3,330,3,3,1,0,4,1, , ,N,0,0,7,3,0,1,2,2,N,N,39 59:43.527,75 09:57.840,850, ,846, ,0, ,N, ,0, , , , , ,688219, , , ,2,2,0,0,0,0,0,0,0,0,0,1,1,0,0,0,0,0,0,0,0,0,0,0,0,0,0,0,0,0,0,0,0,0,0,4,0,39.9954,-75.1661, , 
 ,60012,2012083801,6,67,67301,2012,8,5,1800,18,1,9,8,4,1, , ,N,2,0,0,3,0,1,2,2,N,N,39 59:52.746,75 07:16.370,1528, ,1528, ,0, , , ,0, , , , , ,688226, , , ,1,1,0,0,0,0,0,0,1,0,1,0,1,0,1,0,0,0,0,0,0,0,0,0,0,0,0,0,0,0,0,0,0,0,0,3,0,39.998,-75.1212, , 
 ,60013,2012083807,6,67,67301,2012,8,1,2225,22,3,1,0,4,1, , ,N,0,0,7,3,0,1,3,2,N,N,40 03:41.400,75 14:08.537,2235, ,2225, ,0, ,N, ,0, , , , , ,688227, , , ,2,2,0,0,0,0,0,0,0,0,1,0,1,0,0,0,0,0,0,0,0,0,0,0,0,0,0,0,0,0,0,0,0,0,0,3,0,40.0615,-75.2357, , 
 ,60014,2012085876,6,67,67301,2012,7,4,9999,99,3,1,0,8,1, , ,N,1,2,0,3,0,1,3,2,N,N,39 58:43.230,75 09:28.092,1145, ,9999, ,0, ,N, ,3, , , , , ,688231, , , ,1,1,0,0,0,0,0,0,0,0,0,0,1,1,0,0,0,0,0,0,0,0,0,0,0,0,0,0,0,0,0,0,1,0,0,8,0,39.9787,-75.1578, , 
 ,60015,2012098491,6,67,67301,2012,9,5,755,7,1,1,0,1,6, , ,N,0,0,0,3,0,1,2,2,N,N,40 07:44.695,75 01:28.956,815, ,800, ,0, , , ,0, , , , , ,688239, , , ,2,1,0,0,0,0,1,0,0,0,0,1,1,0,0,0,0,0,0,0,0,0,0,0,0,0,0,0,0,0,0,0,0,0,0,4,0,40.1291,-75.0247, , 
 ,60016,2012104231,6,67,67301,2012,9,6,817,8,1,1,0,7,3, , ,N,1,3,0,3,0,1,1,1,N,N,39 55:51.079,75 13:02.437,823, ,818, ,0, ,N, ,3, , , , , ,688247, , , ,1,1,0,0,0,0,0,0,0,0,0,0,1,1,0,0,0,0,0,0,0,0,0,0,0,0,0,0,0,0,0,0,0,0,0,8,0,39.9308,-75.2173, , 
 ,60017,2012066507,6,67,67301,2012,5,7,2008,20,3,1,0,4,1, , ,N,1,2,0,3,0,4,5,3,N,N,40 02:39.450,75 03:14.767,2012, ,2010,1,1,1,N, ,3,N, , , , ,688259, , , ,2,2,0,0,0,0,0,0,0,0,0,4,4,0,0,0,0,0,0,0,1,0,0,0,0,0,0,0,0,0,0,0,1,0,0,4,0,40.0443,-75.0541, , 
 ,60018,2012075997,6,67,67301,2012,6,4,1630,16,1,1,0,1,1, , ,N,2,2,0,3,0,0,5,3,N, ,40 06:08.902,74 58:55.293,1645, ,1640, ,0, , , ,3, , , , , ,688269, , , ,3,1,0,0,0,0,2,0,0,0,0,0,0,0,0,0,0,0,0,1,0,0,0,0,0,0,0,0,0,0,0,0,0,0,0,0,0,40.1025,-74.982, , 
 ,60019,2012078317,6,67,67301,2012,7,5,128,1,3,2,1,8,1, , ,N,0,0,0,3,0,1,3,2,N,N,40 01:27.967,75 08:57.563,145, ,134,4,2,6, , ,0,Y, , , , ,688270, , , ,1,1,0,0,0,0,0,0,0,1,0,0,1,0,0,0,0,0,1,0,0,0,0,0,0,0,0,0,0,0,0,0,1,0,1,2,0,40.0244,-75.1493, , 
 ,60020,2012095612,6,67,67301,2012,8,1,1016,10,1,1,0,4,1, , ,N,1,2,0,3,0,0,2,2,N,N,40 04:51.077,75 01:43.585,1022, ,1016, ,0, ,N, ,3, , , , , ,688285, , , ,2,2,0,0,0,0,0,0,0,0,0,0,0,0,0,0,0,0,0,0,0,0,0,0,0,0,0,0,0,0,0,0,0,0,0,0,0,40.0809,-75.0288, , 
 ,60021,2012104078,6,67,67301,2012,9,2,1925,19,3,1,0,4,1, , ,N,1,3,0,3,0,1,2,1,N,N,40 02:33.612,75 04:47.042,2048, ,2043, ,0, ,N, ,3, , , , , ,688291, , , ,2,2,0,0,0,0,0,0,0,0,0,0,1,1,1,0,0,0,0,0,0,0,0,0,0,0,0,0,0,0,0,0,0,0,0,8,0,40.0427,-75.0797, , 
 ,60022,2012108032,6,67,67301,2012,10,2,940,9,1,2,1,5,1, , ,N,5,2,0,3,0,1,2,2,N,N,40 02:06.425,75 04:10.216,955, ,942,1,1,1,N, ,3,N, , , , ,688294, , , ,2,0,0,0,1,1,0,0,0,0,0,1,1,0,0,0,0,0,0,0,1,0,0,0,0,0,0,0,0,0,0,0,0,0,0,4,1,40.0351,-75.0695, , 
 ,60023,2012041576,6,67,67301,2012,3,6,1525,15,1,1,0,8,1, , ,N,2,3,0,3,0,1,2,2,N,N,39 58:04.238,75 09:36.548,1530, ,1527, ,0, ,N, ,3, , , , , ,688329, , , ,1,0,0,0,0,0,1,0,0,0,0,1,1,0,0,0,0,0,0,0,1,0,0,0,0,0,0,0,0,0,0,0,1,0,0,4,0,39.9678,-75.1602, , 
 ,60024,2012050203,6,67,67301,2012,4,1,2340,23,3,2,1,4,1, , ,N,1,2,0,3,0,0,3,2,N,N,40 02:44.262,75 07:42.522,30, ,21, ,0, ,N, ,3, , , , , ,688337, , , ,2,2,0,0,0,0,0,0,0,0,0,0,0,0,3,0,0,0,0,0,0,0,0,0,0,0,0,0,0,0,0,0,0,0,0,9,0,40.0456,-75.1285, , 
 ,60025,2012060669,6,67,67301,2012,5,6,900,9,1,1,0,7,5, , ,N,0,0,0,3,0,0,4,2,N,N,39 54:43.103,75 11:33.193,902, ,901, ,0, ,N, ,0, , , , , ,688343, , , ,1,1,0,0,0,0,0,0,0,0,0,0,0,0,2,0,0,0,0,0,0,0,0,0,0,0,0,0,0,0,0,0,0,0,0,9,0,39.912,-75.1926, , 
 ,60026,2012067077,6,67,67301,2012,5,4,1909,19,1,1,0,1,1, , ,N,0,0,0,3,0,0,4,3,N,N,40 00:21.028,75 10:37.220,1922, ,1918, ,0, ,N, ,0, , , , , ,688345, , , ,3,2,0,0,1,0,0,0,0,0,0,0,0,0,0,0,0,0,0,0,1,0,0,0,0,0,0,0,0,0,0,0,0,0,0,0,0,40.0058,-75.177, , 
 ,60027,2012066512,6,67,67301,2012,5,3,1355,13,1,1,0,0,1, , ,N,0,0,0,3,0,1,2,1,N,N,39 56:06.594,75 11:41.759,1357, ,1357, ,0, ,N, ,0, , , , , ,688365, , , ,1,0,0,0,0,0,0,0,0,0,0,0,1,1,0,0,0,0,0,0,0,0,0,0,0,0,0,0,0,0,0,0,0,0,0,8,0,39.9352,-75.1949, , 
 ,60028,2012089809,6,67,67301,2012,8,1,1340,13,1,1,0,4,1, , ,N,0,0,0,3,0,0,5,2,N,N,39 58:10.139,75 08:22.799,1350, ,1344, ,0, ,N, ,0, , , , , ,693775, , , ,2,2,0,0,0,0,0,0,0,0,0,0,0,0,0,0,0,0,0,0,0,0,1,0,0,0,0,0,0,0,0,0,0,0,0,0,0,39.9695,-75.1397, , 
 ,60029,2012056085,6,67,67301,2012,2,2,1730,17,4,1,0,4,1, , ,N,1,3,0,3,0,1,4,2,N,N,39 59:17.214,75 14:32.719,0, ,0, ,0, ,N, ,3, , , , , ,693788, , , ,2,1,0,0,0,0,1,0,0,0,0,1,1,0,0,0,0,0,0,0,0,0,0,0,0,0,0,0,0,0,0,0,0,0,0,4,0,39.9881,-75.2424, , 
 ,60030,2012077027,6,67,67301,2012,7,1,632,6,1,1,0,7,2, , ,N,0,0,0,3,0,0,1,1,N,N,40 01:14.622,75 02:32.171,644, ,635, ,0, ,N, ,0, , , , , ,693797, , , ,1,1,0,0,0,0,0,0,0,0,0,0,0,0,0,0,0,0,0,0,0,0,0,0,0,0,0,0,0,0,0,0,0,0,0,0,0,40.0207,-75.0424, , 
 ,60031,2012078359,6,67,67301,2012,5,7,1405,14,1,1,0,4,3, , ,N,0,0,7,3,0,2,3,2,N, ,39 59:39.546,75 05:43.206,1415, ,1410,1,2,2, , ,0,Y, , , , ,693801, , , ,2,2,0,0,0,0,0,0,0,0,0,2,2,0,0,0,0,0,0,0,0,0,0,0,0,0,0,0,0,0,0,0,0,0,0,4,0,39.9943,-75.0953, , 
 ,60032,2012080790,6,67,67301,2012,7,6,1510,15,1,1,0,4,1, , ,N,0,0,0,3,0,0,2,2,N,N,40 05:35.811,75 00:14.907,1525, ,1510, ,0, ,N, ,0, , , , , ,693806, , , ,2,1,0,0,1,0,0,0,0,0,0,0,0,0,0,0,0,0,0,1,0,0,0,0,0,0,0,0,0,0,0,0,0,0,0,0,0,40.0933,-75.0041, , 
 ,60033,2012080855,6,67,67301,2012,6,7,545,5,6,9,8,8,1, , ,N,0,0,0,3,1,0,2,2,N,N,39 59:26.880,75 08:10.960,1038, ,1035, ,0, ,N,0,0, , , , , ,693807, , , ,1,0,0,0,0,0,0,0,0,0,0,0,0,0,0,0,0,0,0,0,0,0,0,0,0,0,0,0,0,0,0,0,1,1,0,1,0,39.9908,-75.1364,2, 
 ,60034,2012093635,6,67,67301,2012,9,4,654,6,1,1,0,1,1, , ,N,0,0,0,3,0,1,2,2,N,N,40 00:24.437,75 04:25.646,712, ,654, ,0, ,N, ,0, , , , , ,693821, , , ,2,2,0,0,0,0,0,0,0,0,0,0,1,1,0,0,0,0,0,0,1,0,0,0,0,0,0,0,0,0,0,0,0,0,0,8,0,40.0068,-75.0738, , 
 ,60035,2012049785,6,67,67301,2012,4,1,1536,15,1,2,1,1,1, , ,N,0,2,0,3,0,1,4,2,N,N,39 56:53.095,75 09:03.640,1540, ,1537,1,1,2,N, ,3,Y, , , , ,693833, , , ,2,2,0,0,0,0,0,0,0,0,0,0,1,1,1,0,0,0,0,1,0,0,0,0,0,0,0,0,0,0,0,0,0,0,0,8,0,39.9481,-75.151, , 
 ,60036,2012078298,6,67,67301,2012,7,3,1115,11,1,1,0,4,1, , ,N,1,2,0,3,0,1,2,2,N,N,39 57:43.372,75 09:33.468,1122, ,1115, ,0, ,N, ,3, , , , , ,693844, , , ,1,0,0,0,0,0,1,0,1,0,0,0,1,1,0,0,0,0,0,0,0,0,0,0,0,0,0,0,0,0,0,0,0,0,0,8,0,39.9619,-75.1593, , 
 ,60037,2012083677,6,67,67301,2012,8,4,1213,12,1,1,0,0,1, , ,N,0,0,2,3,0,1,1,1,N,N,39 54:40.193,75 09:29.372,1216, ,1215,5,2,3,N, ,0,Y, , , , ,693850, , , ,1,0,0,0,0,1,0,0,0,0,1,0,1,0,0,0,0,0,0,0,0,0,0,0,0,0,0,0,0,0,0,0,0,0,0,3,1,39.9112,-75.1582, , 
 ,60038,2012117296,6,67,67301,2012,10,4,1906,19,4,1,0,8,6, , ,N,1,2,0,3,0,3,3,2,N,N,39 59:36.433,75 09:02.956,1910, ,1906, ,0, ,N, ,3, , , , , ,693872, , , ,1,0,0,0,0,0,1,0,0,0,0,0,3,3,0,0,0,0,0,0,0,0,0,0,0,0,0,0,0,0,0,0,1,0,0,8,0,39.9934,-75.1508, , 
 ,60039,2012122466,6,67,67301,2012,10,4,953,9,1,1,0,4,1, , ,N,1,2,0,3,0,1,2,2,N, ,39 56:16.296,75 13:14.721,959, ,955, ,0, , , ,3, , , , , ,693878, , , ,2,2,0,0,0,0,0,0,0,0,0,1,1,0,0,0,0,0,0,0,1,0,0,0,0,0,0,0,0,0,0,0,0,0,0,4,0,39.9379,-75.2208, , 
 ,60040,2012094703,6,67,67301,2012,9,4,2205,22,3,1,0,7,3, , ,N,0,0,0,3,0,0,1,1,N,N,39 59:24.747,75 12:19.646,2210, ,2210, ,0, ,N, ,0, , , , , ,693898, , , ,1,1,0,0,0,0,0,0,0,0,0,0,0,0,0,0,0,0,0,0,0,0,0,0,0,0,0,0,0,0,0,0,0,0,0,0,0,39.9902,-75.2055, , 
 ,60041,2012104171,6,67,67301,2012,9,6,1420,14,1,1,0,4,1, , ,N,2,0,0,3,0,0,2,2,N,N,40 01:14.225,75 08:55.554,1534, ,1420, ,0, ,N, ,0, , , , , ,693908, , , ,2,2,0,0,0,0,0,0,0,0,0,0,0,0,0,0,0,0,0,0,0,1,1,0,0,0,0,0,0,0,0,0,0,0,0,0,0,40.0208,-75.1486, , 
 ,60042,2012109828,6,67,67301,2012,9,4,1115,11,1,1,0,4,1, , ,N,1,2,0,3,0,0,2,2,N,N,40 04:51.806,75 01:43.881,1130, ,1120, ,0, ,N, ,3, , , , , ,693913, , , ,2,1,0,0,0,0,1,0,0,0,0,0,0,0,0,0,0,0,0,0,0,0,1,0,0,0,0,0,0,0,0,0,0,0,0,0,0,40.0811,-75.0289, , 
 ,60043,2012128237,6,67,67301,2012,11,5,1215,12,1,1,0,5,1, , ,N,0,0,0,3,0,0,1,2,N,N,39 56:27.398,75 09:32.752,1228, ,1217,2,2,4,N, ,0,Y, , , , ,693929, , , ,2,1,0,0,0,0,1,0,0,0,0,0,0,0,1,0,0,0,0,0,0,0,0,0,0,0,0,0,0,0,0,0,0,0,0,9,0,39.9409,-75.1591, , 
 ,60044,2012073571,6,67,67301,2012,6,4,9999,99,1,1,0,1,1, , ,N,1,2,0,3,0,1,2,2,N,N,40 00:11.036,75 09:51.469,1830, ,1830, ,0, , , ,3, , , , , ,693945, , , ,2,2,0,0,0,0,0,0,0,0,0,1,1,0,0,0,0,0,0,0,1,0,0,1,0,0,0,0,0,0,0,0,0,0,0,4,0,40.0031,-75.1643, , 
 ,60045,2012078614,6,67,67301,2012,7,1,1100,11,1,1,0,1,1, , ,N,0,0,0,3,0,3,4,2,N,N,40 01:30.390,75 07:33.161,1101, ,1102,1,1,1,N, ,0,N, , , , ,693947, , , ,2,2,0,0,0,0,0,0,0,0,0,3,3,0,0,0,0,0,0,0,1,0,0,0,0,0,0,0,0,0,0,0,0,0,0,4,0,40.0251,-75.1259, , 
 ,60046,2012083672,6,67,67301,2012,5,7,300,3,6,1,0,1,1, , ,N,1,2,0,3,0,1,2,2,N,N,39 57:26.251,75 14:52.347,0, ,0, ,0, ,N, ,3, , , , , ,693951, , , ,2,2,0,0,0,0,0,0,0,0,0,0,1,1,1,0,0,0,0,0,0,0,0,0,0,0,0,0,0,0,0,0,0,0,0,8,0,39.9573,-75.2479, , 
 ,60047,2012104133,6,67,67301,2012,9,1,415,4,3,1,0,7,3, , ,N,0,0,0,3,0,0,1,1,N,N,39 58:26.933,75 12:15.896,420, ,416, ,0, , , ,0, , , , , ,691330, , , ,1,1,0,0,0,0,0,0,0,0,0,0,0,0,0,0,0,0,0,0,0,0,0,1,0,0,0,0,0,0,0,0,0,0,0,0,0,39.9741,-75.2044, , 
 ,60048,2012056735,6,67,67301,2012,5,1,303,3,3,1,0,7,2, , ,N,0,0,0,3,0,0,2,2,N,N,40 00:44.003,75 10:53.999,306, ,305,2,1,2, , ,0,N, , , , ,691332, , , ,1,1,0,0,0,0,0,0,0,0,0,0,0,0,0,0,0,0,0,0,0,0,0,0,0,0,0,0,0,0,0,0,0,0,0,0,0,40.0122,-75.1817, , 
 ,60049,2012076052,6,67,67301,2012,6,2,1200,12,1,1,0,4,1, , ,N,0,0,7,3,0,1,3,2,N,N,40 03:25.067,75 01:58.826,1215, ,1210, ,0, ,N, ,0, , , , , ,691346, , , ,2,1,1,0,0,0,0,0,0,0,0,1,1,0,0,0,0,0,0,0,2,0,0,0,0,0,0,0,0,0,0,0,0,0,0,4,0,40.057,-75.033, , 
 ,60050,2012078220,6,67,67301,2012,7,6,1700,17,1,1,0,4,1, , ,N,1,3,99,3,0,1,2,2,N,N,40 01:37.128,75 05:09.567,1710, ,1700,1,1,3,N, ,9,Y, , , , ,691349, , , ,2,1,0,0,0,0,1,0,0,1,0,0,1,0,0,0,0,0,0,2,0,0,0,0,0,0,0,0,0,0,0,0,0,0,0,2,0,40.027,-75.086, , 
 ,60051,2012080654,6,67,67301,2012,7,6,605,6,5,2,1,7,3, , ,N,0,0,0,3,0,0,4,2,N,N,40 01:47.319,75 01:20.358,631, ,622,1,1,2,N, ,0,N, , , , ,691353, , , ,2,2,0,0,0,0,0,0,0,0,0,0,0,0,0,0,0,0,0,0,0,0,0,0,0,0,0,0,0,0,0,0,0,0,0,0,0,40.0298,-75.0223, , 
 ,60052,2012109821,6,67,67301,2012,10,1,2026,20,3,2,1,4,1, , ,N,2,2,0,3,0,1,4,2,N,N,39 56:48.703,75 12:25.232,2110, ,2106, ,0, ,N, ,3, , , , , ,691366, , , ,2,1,0,0,0,0,1,0,0,0,0,0,1,1,0,0,0,0,0,0,0,1,0,0,0,0,0,0,0,0,0,0,0,0,0,8,0,39.9469,-75.207, , 
 ,60053,2012111785,6,67,67301,2012,10,3,1804,18,4,1,0,8,5, , ,N,1,2,0,3,0,1,3,2,N,N,40 05:41.184,75 00:55.174,1830, ,1830,2,1,2,N, ,3,N, , , , ,691367, , , ,1,0,0,1,0,0,0,0,0,0,0,1,1,0,0,0,0,0,0,0,0,0,0,0,0,0,0,0,0,0,0,0,1,0,0,4,1,40.0948,-75.0153, , 
 ,60054,2012068770,6,67,67301,2012,6,2,1855,18,1,1,0,8,1, , ,N,0,0,0,3,0,1,3,2,N,N,40 02:47.565,75 04:41.617,1906, ,858, ,0, ,N, ,0, , , , , ,691399, , , ,1,0,0,0,0,0,1,0,0,0,0,1,1,0,0,0,0,0,0,0,0,0,0,0,0,0,0,0,0,0,0,0,1,0,0,4,0,40.0465,-75.0782, , 
 ,60055,2012078150,6,67,67301,2012,7,1,1230,12,1,1,0,4,1, , ,N,1,2,0,3,0,2,6,2,N,N,39 57:25.914,75 09:19.768,1245, ,1239,2,1,4,N, ,3,N, , , , ,691408, , , ,2,1,0,0,1,0,0,0,0,0,0,0,2,2,0,0,0,0,0,0,0,0,0,0,0,0,0,0,0,0,0,0,0,0,0,8,0,39.9572,-75.1555, , 
 ,60056,2012080794,6,67,67301,2012,7,2,1005,10,1,1,0,4,2, , ,N,1,2,0,3,0,0,1,2,N,N,40 02:41.121,75 03:59.421,1026, ,1022, ,0, ,N, ,3, , , , , ,691410, , , ,2,1,0,0,0,0,0,1,0,0,0,0,0,0,0,0,0,0,0,0,0,0,1,0,0,0,0,0,0,0,0,0,0,0,0,0,0,40.0448,-75.0665, , 
 ,60057,2012081535,6,67,67301,2012,6,1,1645,16,1,1,0,8,1, , ,N,0,0,0,3,0,1,7,2,N,N,39 59:31.084,75 07:27.793,1648, ,1648, ,0, ,N, ,0, , , , , ,691411, , , ,1,1,0,0,0,0,0,0,0,0,0,1,1,0,0,0,0,0,0,0,0,0,0,0,0,0,0,0,0,0,0,0,1,0,0,4,0,39.992,-75.1244, , 
 ,60058,2012060683,6,67,67301,2012,5,5,1900,19,1,1,0,4,1, , ,N,1,2,0,3,0,1,3,2,N,N,39 59:52.070,75 07:23.617,1930, ,1930, ,0, , , ,3, , , , , ,691430, , , ,2,1,0,0,0,0,0,1,0,0,0,0,1,1,0,0,0,0,0,1,0,0,0,0,0,0,0,0,0,0,0,0,0,0,0,8,0,39.9977,-75.1232, , 
 ,60059,2012085771,6,67,67301,2012,7,6,9999,99,1,1,0,8,6, , ,N,2,0,0,3,0,3,4,3,N, ,39 57:29.845,75 14:10.436,2140, ,2135, ,0, , , ,0, , , , , ,691449, , , ,2,0,0,0,0,1,1,0,0,0,2,0,2,0,2,0,0,0,0,0,0,0,0,0,0,0,0,0,0,0,0,0,0,0,0,3,0,39.9583,-75.2362, , 