wz_ln_closure,objectid_1,crn,district,county,municipality,crash_year,crash_month,day_of_week,time_of_day,hour_of_day,illumination,weather,road_condition,collision_type,relation_to_road,work_zone_type,work_zone_loc,work_zone_ind,intersect_type,tcd_type,location_type,urban_rural,fatal_count,injury_count,person_count,total_units,sch_bus_ind,sch_zone_ind,latitude,longitude,arrival_tm,cons_zone_spd_lim,dispatch_tm,est_hrs_closed,lane_closed,ln_close_dir,ntfy_hiwy_maint,spec_juris_cd,tcd_func_cd,tfc_detour_ind,workers_pres,wz_close_detour,wz_flagger,wz_law_offcr_ind,objectid,wz_moving,wz_other,wz_shlder_mdn,vehicle_count,automobile_count,motorcycle_count,bus_count,small_truck_count,heavy_truck_count,suv_count,van_count,bicycle_count,maj_inj_count,mod_inj_count,min_inj_count,tot_inj_count,unk_inj_deg_count,unk_inj_per_count,driver_count_16yr,driver_count_17yr,driver_count_18yr,driver_count_19yr,driver_count_20yr,driver_count_50_64yr,driver_count_65_74yr,driver_count_75plus,unbelted_occ_count,unb_death_count,unb_maj_inj_count,belted_death_count,belted_maj_inj_count,mcycle_death_count,mcycle_maj_inj_count,bicycle_death_count,bicycle_maj_inj_count,ped_count,ped_death_count,ped_maj_inj_count,max_severity_level,comm_veh_count,dec_lat,dec_long,rdwy_surf_type_cd,county_name
 ,60060,2012094717,6,67,67301,2012,9,7,1257,12,1,1,0,1,1, , ,N,0,0,0,3,0,2,8,3,N,N,39 57:25.682,75 09:25.200,1308, ,1259,1,1,3,N, ,0,N, , , , ,691457, , , ,3,3,0,0,0,0,0,0,0,0,0,2,2,0,0,0,0,0,0,0,2,0,0,3,0,0,0,0,0,0,0,0,0,0,0,4,0,39.9571,-75.157, , 
 ,60061,2012095348,6,67,67301,2012,8,2,819,8,1,2,1,1,1, , ,N,1,2,0,3,0,1,2,2,N,N,39 57:24.051,75 11:52.841,820, ,820,1,1,4,N, ,3,N, , , , ,691459, , , ,1,0,0,0,0,0,0,1,0,0,0,1,1,0,0,0,0,0,0,0,1,0,0,0,0,0,0,0,0,0,0,0,0,0,0,4,0,39.9566,-75.198, , 
 ,60062,2012096029,6,67,67301,2012,8,7,2352,23,3,1,0,4,5, , ,N,10,0,7,3,0,0,1,2,N,N,39 58:43.342,75 05:51.613,20, ,14, ,0, ,N, ,0, , , , , ,691460, , , ,2,2,0,0,0,0,0,0,0,0,0,0,0,0,0,0,0,0,0,0,0,0,0,0,0,0,0,0,0,0,0,0,0,0,0,0,1,39.9787,-75.0977, , 
 ,60063,2012068795,6,67,67301,2012,6,6,1700,17,1,1,0,4,1, , ,N,0,0,7,3,0,1,3,2,N,N,40 01:53.919,75 12:47.263,1735, ,1730, ,0, ,N, ,0, , , , , ,691496, , , ,1,1,0,0,0,0,0,0,1,0,0,0,1,1,0,0,0,0,1,0,0,0,0,0,0,0,0,0,0,0,0,0,0,0,0,8,0,40.0316,-75.2131, , 
 ,60064,2012075965,6,67,67301,2012,6,6,1347,13,1,1,0,7,5, , ,N,1,2,0,3,0,1,1,1,N, ,40 02:56.546,75 10:29.688,1420, ,1413, ,0, , , ,3, , , , , ,691506, , , ,1,1,0,0,0,0,0,0,0,0,0,1,1,0,0,0,0,0,0,0,0,0,0,0,0,0,0,0,0,0,0,0,0,0,0,4,0,40.049,-75.1749, , 
 ,60065,2012064679,6,67,67301,2012,5,5,1854,18,1,1,0,1,1, , ,N,0,0,0,3,0,1,2,2,N,N,39 57:24.730,75 09:22.529,1854, ,1854,2,1,3,N, ,0,N, , , , ,685418, , , ,2,2,0,0,0,0,0,0,0,0,1,0,1,0,0,0,0,0,0,0,0,0,0,0,0,0,0,0,0,0,0,0,0,0,0,3,0,39.9569,-75.1563, , 
 ,60066,2012066577,6,67,67301,2012,5,6,9999,99,1,1,0,4,1, , ,N,1,2,0,3,0,2,7,3,N,N,40 03:17.284,75 11:55.637,1920, ,1911, ,0, , , ,3, , , , , ,685419, , , ,3,0,0,0,1,1,1,0,0,0,1,0,2,1,0,0,0,0,0,1,0,0,0,2,0,0,0,0,0,0,0,0,0,0,0,3,1,40.0548,-75.1988, , 
 ,60067,2012073590,6,67,67301,2012,6,7,2020,20,3,1,0,8,1, , ,N,2,2,0,3,0,1,2,2,N, ,39 55:45.184,75 13:45.242,2031, ,2028, ,0, , , ,3, , , , , ,685425, , , ,1,0,0,0,0,0,0,1,0,0,0,1,1,0,0,0,0,0,0,0,0,1,0,0,0,0,0,0,0,0,0,0,1,0,0,4,0,39.9292,-75.2292, , 
Y,60068,2012094440,6,67,67301,2012,9,4,2322,23,3,1,0,1,1,2,4,Y,0,0,0,3,0,0,2,2,N,N,39 57:27.228,75 10:49.246,2335,45,2332, ,0, ,N, ,0, ,N,N,N,N,685442,N,N,N,2,1,0,0,0,1,0,0,0,0,0,0,0,0,1,0,0,0,0,0,0,0,0,0,0,0,0,0,0,0,0,0,0,0,0,9,0,39.9576,-75.1803, , 
 ,60069,2012098232,6,67,67301,2012,9,5,1800,18,1,1,0,4,1, , ,N,1,2,0,3,0,1,2,2,N,N,40 05:57.051,75 00:44.384,1805, ,1805,2,1,3,N, ,3,Y, , , , ,685444, , , ,2,0,0,0,0,0,2,0,0,0,1,1,2,0,0,0,0,0,0,0,1,0,0,0,0,0,0,0,0,0,0,0,0,0,0,3,0,40.0992,-75.0123, , 
 ,60070,2012061584,6,67,67301,2012,3,4,1700,17,1,1,0,5,1, , ,N,0,0,0,3,0,1,1,2,N,N,39 55:31.987,75 14:39.809,0, ,0, ,0, ,N, ,0, , , , , ,685450, , , ,2,2,0,0,0,0,0,0,0,0,1,0,1,0,0,0,0,0,0,0,1,0,0,0,0,0,0,0,0,0,0,0,0,0,0,3,0,39.9256,-75.2444, , 
 ,60071,2012066582,6,67,67301,2012,6,3,1543,15,1,2,1,4,1, , ,N,0,0,0,3,0,6,9,3,N,N,39 54:53.584,75 14:39.930,1546, ,1544, ,0, , , ,0, , , , , ,685453, , , ,3,0,0,0,0,0,2,1,0,0,0,6,6,0,1,0,0,0,0,0,0,0,0,9,0,0,0,0,0,0,0,0,0,0,0,4,0,39.9149,-75.2444, , 
 ,60072,2012067070,6,67,67301,2012,6,1,924,9,1,1,0,4,1, , ,N,1,3,0,3,0,1,2,2,N,N,40 03:38.224,75 12:39.452,935, ,925, ,0, ,N, ,3, , , , , ,685455, , , ,1,1,0,0,0,0,0,0,1,0,0,1,1,0,0,0,0,0,0,0,1,0,0,0,0,0,0,0,0,0,0,0,0,0,0,4,0,40.0606,-75.211, , 
 ,60073,2012062994,6,67,67301,2012,6,6,1957,19,3,2,7,1,1, , ,N,0,0,0,3,0,1,3,2,N,N,40 00:54.724,75 03:14.708,2008, ,2006, ,0, ,N, ,0, , , , , ,685458, , , ,2,2,0,0,0,0,0,0,0,0,0,0,1,1,0,0,0,0,0,0,0,0,0,0,0,0,0,0,0,0,0,0,0,0,0,8,0,40.0152,-75.0541, , 
 ,60074,2012063975,6,67,67301,2012,5,3,1355,13,1,1,0,1,1, , ,N,0,0,0,3,0,1,2,2,N, ,39 54:38.333,75 10:22.819,1415, ,1400,1,1,2,N, ,0,N, , , , ,685460, , , ,2,2,0,0,0,0,0,0,0,0,0,1,1,0,0,0,0,0,0,0,1,0,0,0,0,0,0,0,0,0,0,0,0,0,0,4,0,39.9106,-75.173, , 
 ,60075,2012064684,6,67,67301,2012,5,2,1650,16,1,1,0,5,1, , ,N,0,0,0,3,0,0,2,3,N,N,40 03:47.910,75 09:09.077,1706, ,1656, ,0, , , ,0, , , , , ,685461, , , ,3,1,0,0,0,0,2,0,0,0,0,0,0,0,1,0,0,0,0,0,0,0,0,0,0,0,0,0,0,0,0,0,0,0,0,9,0,40.0633,-75.1525, , 
 ,60076,2012068668,6,67,67301,2012,6,7,843,8,1,1,0,1,1, , ,N,1,2,0,3,0,1,6,5,N,N,39 58:30.316,75 11:41.875,851, ,846, ,0, ,N, ,3, , , , , ,685465, , , ,5,2,0,0,0,0,2,1,0,0,0,1,1,0,0,0,0,0,0,0,1,0,0,1,0,0,0,0,0,0,0,0,0,0,0,4,0,39.9751,-75.195, , 
 ,60077,2012095592,6,67,67301,2012,8,5,1512,15,1,1,0,1,1, , ,N,1,2,0,3,0,1,2,2,N,N,40 04:36.380,75 01:58.776,9999, ,0, ,0, ,N, ,3, , , , , ,685484, , , ,2,0,0,0,1,0,1,0,0,0,0,1,1,0,0,0,0,0,0,0,0,0,0,0,0,0,0,0,0,0,0,0,0,0,0,4,0,40.0768,-75.033, , 
 ,60078,2012066607,6,67,67301,2012,5,3,1800,18,1,1,1,4,1, , ,N,0,0,0,3,0,0,3,2,N,Y,40 03:08.372,75 13:39.267,1820, ,1812, ,0, , , ,0, , , , , ,685508, , , ,2,1,0,0,0,0,1,0,0,0,0,0,0,0,0,0,0,0,0,0,0,0,0,0,0,0,0,0,0,0,0,0,0,0,0,0,0,40.0523,-75.2276, , 
 ,60079,2012068948,6,67,67301,2012,6,7,2137,21,3,1,0,1,1, , ,N,0,0,0,3,0,1,2,2,N,N,40 01:31.505,75 04:23.278,2143, ,2141, ,0, ,N, ,0, , , , , ,685513, , , ,2,1,0,0,0,0,1,0,0,0,0,0,1,1,0,0,0,0,0,0,0,0,0,0,0,0,0,0,0,0,0,0,0,0,0,8,0,40.0254,-75.0731, , 
 ,60080,2012078479,6,67,67301,2012,7,4,2345,23,3,1,0,7,2, , ,N,0,0,0,3,0,1,1,1,N, ,40 02:08.590,75 02:34.699,2347, ,2347, ,0, , , ,0, , , , , ,685527, , , ,1,0,0,0,1,0,0,0,0,0,1,0,1,0,0,0,0,0,0,0,0,0,0,1,0,0,0,0,0,0,0,0,0,0,0,3,0,40.0357,-75.043, , 
 ,60081,2012051915,6,67,67301,2012,4,6,1324,13,1,1,0,1,1, , ,N,0,0,0,3,0,1,2,2,N,N,40 04:59.449,75 01:35.424,1337, ,1327, ,0, ,N, ,0, , , , , ,685547, , , ,2,2,0,0,0,0,0,0,0,0,1,0,1,0,1,0,0,0,0,0,1,0,0,0,0,0,0,0,0,0,0,0,0,0,0,3,0,40.0832,-75.0265, , 
 ,60082,2012063862,6,67,67301,2012,5,1,1609,16,1,1,0,8,1, , ,N,0,0,7,3,0,1,2,2,N, ,40 05:28.013,74 57:31.141,1609, ,1609, ,0, , , ,0, , , , , ,685558, , , ,1,1,0,0,0,0,0,0,0,0,1,0,1,0,0,0,0,0,0,0,0,0,0,0,0,0,0,0,0,0,0,0,1,0,0,3,0,40.0911,-74.9587, , 
 ,60083,2012069642,6,67,67301,2012,6,4,9999,99,1,1,0,4,1, , ,N,1,2,0,3,0,1,2,2,N,N,39 57:25.376,75 14:45.124,630, ,630, ,0, ,N, ,3, , , , , ,688369, , , ,2,2,0,0,0,0,0,0,0,0,0,1,1,0,0,0,0,0,0,0,0,0,0,0,0,0,0,0,0,0,0,0,0,0,0,4,0,39.957,-75.2459, , 
 ,60084,2012063950,6,67,67301,2012,5,1,445,4,3,1,0,7,4, , ,N,0,0,0,3,0,0,1,1,N, ,39 59:13.960,75 09:02.878,506, ,504, ,0, , , ,0, , , , , ,688401, , , ,1,1,0,0,0,0,0,0,0,0,0,0,0,0,0,0,0,0,0,0,1,0,0,0,0,0,0,0,0,0,0,0,0,0,0,0,0,39.9872,-75.1508, , 
 ,60085,2012066674,6,67,67301,2012,6,3,1744,17,1,2,1,4,1, , ,N,3,2,0,3,0,0,2,2,N, ,40 03:06.005,75 09:01.231,1835, ,1830, ,0, , , ,3, , , , , ,688408, , , ,2,2,0,0,0,0,0,0,0,0,0,0,0,0,0,0,0,0,0,0,0,0,0,0,0,0,0,0,0,0,0,0,0,0,0,0,0,40.0517,-75.1503, , 
 ,60086,2012100023,6,46,46108,2012,10,6,2111,21,3,1,0,4,1, , ,N,1,2,0,3,0,0,3,2,N,N,40 05:34.368,75 13:24.847,2115, ,2111, ,0, ,N, ,3, , , , , ,688440, , , ,2,1,0,0,0,0,1,0,0,0,0,0,0,0,0,0,0,0,0,0,0,1,0,1,0,0,0,0,0,0,0,0,0,0,0,0,0,40.0929,-75.2236, , 
 ,60087,2012057515,6,67,67301,2012,5,7,1220,12,1,2,1,1,1, , ,N,1,2,0,3,0,4,4,3,N,N,39 56:23.664,75 11:58.965,1235, ,1229, ,0, , , ,3, , , , , ,688453, , , ,3,3,0,0,0,0,0,0,0,0,0,4,4,0,0,0,0,0,0,0,1,0,0,0,0,0,0,0,0,0,0,0,0,0,0,4,0,39.9399,-75.1997, , 
 ,60088,2012083031,6,67,67301,2012,4,1,1110,11,1,1,0,4,1, , ,N,0,0,0,3,0,1,2,2,N,N,40 01:54.724,75 07:19.750,0, ,0, ,0, ,N, ,0, , , , , ,688474, , , ,2,1,0,0,0,0,0,0,0,0,0,0,1,1,1,0,0,0,0,0,0,0,1,0,0,0,0,0,0,0,0,0,0,0,0,8,0,40.0319,-75.1222, , 
 ,60089,2012083404,6,67,67301,2012,8,7,1457,14,1,1,1,1,1, , ,N,0,0,0,3,0,1,5,3,N,N,40 04:23.756,75 02:09.018,1508, ,1458,1,1,2,N, ,0,N, , , , ,688475, , , ,3,0,0,0,0,1,1,1,0,0,0,1,1,0,1,0,0,0,0,0,0,0,0,0,0,0,0,0,0,0,0,0,0,0,0,4,0,40.0733,-75.0358, , 
 ,60090,2012089803,6,67,67301,2012,8,3,659,6,1,1,0,5,1, , ,N,0,0,0,3,0,0,1,4,N,N,39 59:30.858,75 08:38.245,750, ,734, ,0, ,N, ,0, , , , , ,688479, , , ,4,4,0,0,0,0,0,0,0,0,0,0,0,0,1,0,0,0,0,0,0,0,0,0,0,0,0,0,0,0,0,0,0,0,0,9,0,39.9919,-75.144, , 
 ,60091,2012073624,6,67,67301,2012,6,7,1253,12,1,1,0,4,1, , ,N,0,0,7,3,0,1,3,2,N,N,40 02:52.710,75 03:37.805,1254, ,1253, ,0, ,N, ,0, , , , , ,688499, , , ,2,2,0,0,0,0,0,0,0,0,0,0,1,1,0,0,0,0,0,0,0,0,1,0,0,0,0,0,0,0,0,0,0,0,0,8,0,40.048,-75.0605, , 
 ,60092,2012078174,6,67,67301,2012,7,7,1049,10,1,1,0,4,1, , ,N,1,2,0,3,0,1,2,2,N,N,40 01:55.322,75 01:53.296,1110, ,1102, ,0, ,N, ,3, , , , , ,688509, , , ,2,1,0,0,0,0,0,1,0,0,0,1,1,0,0,0,0,0,0,0,0,0,0,2,0,0,0,0,0,0,0,0,0,0,0,4,0,40.0301,-75.0352, , 
 ,60093,2012083901,6,67,67301,2012,7,7,2349,23,3,1,0,1,1, , ,N,0,0,3,3,0,0,8,3,N,N,39 57:36.018,75 10:43.801,2359, ,2352,1,2,4,N, ,0,N, , , , ,688513, , , ,3,2,0,0,0,0,1,0,0,0,0,0,0,0,1,0,0,0,0,0,1,0,0,0,0,0,0,0,0,0,0,0,0,0,0,9,0,39.96,-75.1788, , 
 ,60094,2012103707,6,67,67301,2012,10,2,1015,10,1,1,0,1,1, , ,N,6,0,2,3,0,1,2,2,N,N,40 00:42.817,75 12:17.841,1026, ,1016, ,0, ,N, ,0, , , , , ,688529, , , ,2,2,0,0,0,0,0,0,0,0,0,0,1,1,0,0,1,0,0,0,0,0,0,0,0,0,0,0,0,0,0,0,0,0,0,8,0,40.0119,-75.2049, , 
 ,60095,2012109818,6,67,67301,2012,9,3,1005,10,1,1,0,8,1, , ,N,1,2,0,3,0,1,2,2,N, ,40 04:49.584,74 58:37.727,1013, ,1009, ,0, , , ,3, , , , , ,688534, , , ,1,1,0,0,0,0,0,0,0,0,0,0,1,1,0,0,0,0,0,0,0,0,1,0,0,0,0,0,0,0,0,0,1,0,0,8,0,40.0804,-74.9771, , 
 ,60096,2012117261,6,67,67301,2012,10,1,455,4,3,1,0,4,1, , ,N,1,2,0,3,0,1,3,3,N, ,39 57:34.106,75 13:59.495,501, ,456, ,0, , , ,3, , , , , ,688539, , , ,3,3,0,0,0,0,0,0,0,0,0,1,1,0,0,0,0,0,0,0,0,0,0,0,0,0,0,0,0,0,0,0,0,0,0,4,0,39.9595,-75.2332, , 
 ,60097,2012047288,6,67,67301,2012,4,1,1450,14,1,1,0,4,1, , ,N,1,2,0,3,0,1,2,2,N,N,40 02:26.250,75 10:28.527,1454, ,1453, ,0, ,N, ,3, , , , , ,688544, , , ,1,1,0,0,0,0,0,0,1,0,1,0,1,0,0,0,0,0,0,0,0,0,0,0,0,0,0,0,0,0,0,0,0,0,0,3,0,40.0406,-75.1746, , 
 ,60098,2012042165,6,67,67301,2012,3,1,415,4,3,1,0,4,1, , ,N,1,2,0,3,0,3,4,2,N,N,40 01:34.507,75 07:01.776,416, ,416, ,0, ,N, ,3, , , , , ,688564, , , ,2,1,0,0,1,0,0,0,0,0,0,2,3,1,0,0,0,0,0,0,0,0,0,0,0,0,0,0,0,0,0,0,0,0,0,4,0,40.0262,-75.1174, , 
 ,60099,2012042243,6,67,67301,2012,3,4,846,8,1,1,0,4,1, , ,N,2,2,0,3,0,0,2,2,N,N,40 03:05.871,75 11:38.664,904, ,854, ,0, ,N, ,3, , , , , ,688565, , , ,2,2,0,0,0,0,0,0,0,0,0,0,0,0,0,0,0,0,0,0,0,0,0,0,0,0,0,0,0,0,0,0,0,0,0,0,0,40.0516,-75.1941, , 
 ,60100,2012048255,6,67,67301,2012,4,1,2300,23,6,9,8,8,1, , ,N,0,0,0,3,0,1,2,2,N,N,40 00:41.763,75 09:47.093,2358, ,2350, ,0, ,N, ,0, , , , , ,688569, , , ,1,1,0,0,0,0,0,0,0,0,1,0,1,0,0,0,0,0,0,0,0,0,0,0,0,0,0,0,0,0,0,0,1,0,0,3,0,40.0116,-75.1631, , 
 ,60101,2012052685,6,67,67301,2012,4,6,910,9,1,1,0,7,5, , ,N,0,0,0,3,0,0,5,1,N,N,40 04:17.901,75 10:07.724,913, ,911, ,0, ,N, ,0, , , , , ,693980, , , ,1,0,0,0,0,0,0,1,0,0,0,0,0,0,4,0,0,0,0,0,0,0,0,0,0,0,0,0,0,0,0,0,0,0,0,9,0,40.0716,-75.1688, , 
 ,60102,2012065873,6,67,67301,2012,6,7,1709,17,1,1,0,1,1, , ,N,0,0,0,3,0,2,2,2,N,N,39 58:46.809,75 12:16.426,1716, ,1712,1,1,3,N, ,0,N, , , , ,694034, , , ,2,1,0,0,0,0,1,0,0,0,0,0,2,2,0,0,0,0,0,0,1,0,0,0,0,0,0,0,0,0,0,0,0,0,0,8,0,39.9797,-75.2046, , 
 ,60103,2012068921,6,67,67301,2012,5,5,1702,17,1,1,0,4,1, , ,N,1,2,0,3,0,2,5,2,N,N,40 01:24.977,75 03:23.118,1725, ,1723, ,0, , , ,3, , , , , ,694037, , , ,2,0,0,0,0,0,1,1,0,0,0,0,2,2,0,0,0,0,0,0,1,0,0,0,0,0,0,0,0,0,0,0,0,0,0,8,0,40.0236,-75.0564, , 
 ,60104,2012094708,6,67,67301,2012,9,5,1532,15,1,1,0,1,1, , ,N,0,0,3,3,0,0,2,2,N,N,39 53:37.126,75 11:44.892,1540, ,1535,1,2,1,N, ,0,N, , , , ,694055, , , ,2,1,0,0,1,0,0,0,0,0,0,0,0,0,0,0,0,0,0,0,0,0,0,0,0,0,0,0,0,0,0,0,0,0,0,0,0,39.8936,-75.1958, , 
 ,60105,2012098358,6,67,67301,2012,9,4,1905,19,1,1,0,1,1, , ,N,1,2,0,3,0,1,4,4,N,N,40 00:25.573,75 12:49.396,1912, ,1908, ,0, ,N, ,3, , , , , ,694059, , , ,4,2,0,0,2,0,0,0,0,0,0,1,1,0,0,0,0,0,0,0,2,0,0,0,0,0,0,0,0,0,0,0,0,0,0,4,0,40.0071,-75.2137, , 
 ,60106,2012104144,6,67,67301,2012,9,2,1700,17,1,1,0,8,1, , ,N,1,2,0,3,0,1,1,2,N, ,39 56:44.329,75 10:23.764,2000, ,2000, ,0, ,N, ,3, , , , , ,694062, , , ,1,1,0,0,0,0,0,0,0,0,0,1,1,0,0,0,0,0,0,0,0,0,0,0,0,0,0,0,0,0,0,0,1,0,0,4,0,39.9456,-75.1733, , 
 ,60107,2012113552,6,67,67301,2012,11,6,1951,19,3,1,0,1,1, , ,N,0,0,0,3,0,2,10,4,N,N,39 58:47.357,75 12:17.270,1951, ,1951, ,0, ,N, ,0, , , , , ,694073, , , ,4,3,0,0,0,0,0,1,0,0,0,2,2,0,0,0,0,0,0,0,1,0,0,0,0,0,0,0,0,0,0,0,0,0,0,4,0,39.9798,-75.2048, , 
 ,60108,2012068704,6,67,67301,2012,6,7,2000,20,3,1,0,4,1, , ,N,1,2,0,3,0,2,4,2,N,N,39 57:28.162,75 08:50.070,2105, ,2055, ,0, ,N, ,3, , , , , ,694075, , , ,2,2,0,0,0,0,0,0,0,0,0,2,2,0,0,0,0,0,0,0,0,0,0,0,0,0,0,0,0,0,0,0,0,0,0,4,0,39.9578,-75.1472, , 
 ,60109,2012078215,6,67,67301,2012,7,2,1950,19,1,1,0,4,1, , ,N,2,3,0,3,0,3,3,2,N,N,40 02:12.595,75 10:18.695,2149, ,2133, ,0, ,N, ,3, , , , , ,694093, , , ,2,2,0,0,0,0,0,0,0,0,0,3,3,0,0,0,0,0,0,0,0,0,0,0,0,0,0,0,0,0,0,0,0,0,0,4,0,40.0368,-75.1719, , 
 ,60110,2012088883,6,67,67301,2012,9,2,1040,10,1,2,1,7,4, , ,N,0,0,0,3,0,3,3,1,N,N,39 56:49.390,75 11:18.233,1048, ,1041,1,2,3,N, ,0,N, , , , ,694102, , , ,1,0,0,0,0,0,1,0,0,0,0,3,3,0,0,0,0,0,0,0,1,0,0,0,0,0,0,0,0,0,0,0,0,0,0,4,0,39.9471,-75.1884, , 
 ,60111,2012060679,6,67,67301,2012,5,4,1220,12,1,1,0,1,1, , ,N,1,2,0,3,0,0,4,2,N,N,40 02:42.678,75 13:54.240,1223, ,1220, ,0, ,N, ,3, , , , , ,694124, , , ,2,1,0,0,0,0,1,0,0,0,0,0,0,0,0,0,0,0,0,0,0,0,0,4,0,0,0,0,0,0,0,0,0,0,0,0,0,40.0452,-75.2317, , 
 ,60112,2012066473,6,67,67301,2012,6,2,58,0,3,1,0,2,3, , ,N,0,0,0,3,0,2,3,2,N,N,40 00:40.897,75 05:52.258,115, ,113,3,2,1,N, ,0,N, , , , ,694130, , , ,2,2,0,0,0,0,0,0,0,0,0,2,2,0,0,0,0,0,0,0,1,0,0,0,0,0,0,0,0,0,0,0,0,0,0,4,0,40.0112,-75.0979, , 
 ,60113,2012066528,6,67,67301,2012,6,1,137,1,3,1,0,3,1, , ,N,0,0,0,3,0,0,3,4,N,N,39 58:27.418,75 13:33.756,222, ,222, ,0, ,N, ,0, , , , , ,694136, , , ,4,3,0,0,0,0,0,1,0,0,0,0,0,0,0,0,0,0,0,0,0,0,0,0,0,0,0,0,0,0,0,0,0,0,0,0,0,39.9743,-75.226, , 
 ,60114,2012078383,6,67,67301,2012,6,6,1636,16,1,1,0,8,1, , ,N,1,3,0,3,0,1,2,2,N,N,39 58:12.334,75 10:07.499,1652, ,1651, ,0, ,N, ,3, , , , , ,694142, , , ,1,1,0,0,0,0,0,0,0,0,0,1,1,0,0,0,0,0,0,0,0,0,0,0,0,0,0,0,0,0,0,0,1,0,0,4,0,39.9701,-75.1687, , 
 ,60115,2012088093,6,67,67301,2012,8,1,1835,18,1,1,0,1,1, , ,N,0,0,0,3,0,0,2,2,N,N,40 01:45.013,75 05:24.417,1838, ,1836,1,1,2,N, ,0,N, , , , ,694150, , , ,2,1,0,0,0,0,1,0,0,0,0,0,0,0,0,0,0,0,0,0,0,0,0,0,0,0,0,0,0,0,0,0,0,0,0,0,0,40.0292,-75.0901, , 
 ,60116,2012098453,6,67,67301,2012,9,3,1430,14,1,1,0,4,1, , ,N,0,0,0,3,0,1,4,4,N,N,40 03:35.332,75 14:06.235,240, ,1436, ,0, , , ,0, , , , , ,694156, , , ,4,4,0,0,0,0,0,0,0,0,0,0,1,1,0,0,0,0,0,0,0,1,1,0,0,0,0,0,0,0,0,0,0,0,0,8,0,40.0598,-75.2351, , 
 ,60117,2012102830,6,67,67301,2012,10,3,2243,22,3,6,1,4,1, , ,N,0,0,0,3,0,1,5,2,N,N,39 53:18.674,75 13:04.647,2310, ,2249, ,0, ,N, ,0, , , , , ,694162, , , ,2,1,0,0,0,0,0,1,0,0,0,1,1,0,0,0,0,0,0,0,1,0,0,0,0,0,0,0,0,0,0,0,0,0,0,4,0,39.8885,-75.218, , 
 ,60118,2012109831,6,67,67301,2012,10,4,1548,15,1,1,0,1,1, , ,N,1,2,0,3,0,0,3,2,N,N,40 01:36.580,75 05:52.985,1600, ,1557, ,0, ,N, ,3, , , , , ,694166, , , ,2,1,0,0,0,0,0,1,0,0,0,0,0,0,0,0,0,0,0,0,0,0,0,0,0,0,0,0,0,0,0,0,0,0,0,0,0,40.0268,-75.0981, , 
 ,60119,2012083273,6,67,67301,2012,7,5,2027,20,1,2,1,4,1, , ,N,2,2,0,3,0,1,1,2,N,N,40 00:04.005,75 06:44.138,2028, ,2028, ,0, ,N, ,3, , , , , ,691512, , , ,2,1,0,0,1,0,0,0,0,0,0,0,1,1,0,0,0,0,0,0,0,0,0,0,0,0,0,0,0,0,0,0,0,0,0,8,0,40.0011,-75.1123, , 
 ,60120,2012085811,6,67,67301,2012,8,4,1702,17,1,1,0,8,1, , ,N,1,2,0,3,0,1,2,2,N,N,39 58:09.618,75 11:04.615,1707, ,1707, ,0, ,N, ,3, , , , , ,691517, , , ,1,1,0,0,0,0,0,0,0,0,0,1,1,0,0,0,0,0,0,0,0,0,0,0,0,0,0,0,0,0,0,0,1,0,0,4,0,39.9693,-75.1846, , 
 ,60121,2012088556,6,67,67301,2012,8,6,1142,11,3,2,1,1,1, , ,N,1,2,0,3,0,1,3,2,N,N,40 02:41.988,75 07:24.833,1245, ,1142, ,0, ,N, ,3, , , , , ,691536, , , ,2,2,0,0,0,0,0,0,0,0,0,1,1,0,0,0,0,0,0,0,0,0,0,0,0,0,0,0,0,0,0,0,1,0,0,4,0,40.045,-75.1235, , 
 ,60122,2012066596,6,67,67301,2012,6,4,1700,17,1,1,0,7,5, , ,N,0,0,0,3,0,0,2,1,N, ,39 57:26.807,75 09:38.911,1712, ,1711, ,0, , , ,0, , , , , ,691576, , , ,1,0,0,0,0,0,0,1,0,0,0,0,0,0,0,0,0,0,0,0,1,0,0,0,0,0,0,0,0,0,0,0,0,0,0,0,0,39.9574,-75.1607, , 
 ,60123,2012073531,6,67,67301,2012,6,6,2144,21,3,2,1,5,1, , ,N,1,3,0,3,0,5,8,4,N,N,40 00:33.552,75 09:52.480,2149, ,2145,3,2,5,N, ,3,Y, , , , ,691584, , , ,4,2,0,1,0,0,1,0,0,0,0,0,5,5,0,0,0,0,0,0,0,0,0,0,0,0,0,0,0,0,0,0,0,0,0,8,1,40.0093,-75.1646, , 
 ,60124,2012088596,6,67,67301,2012,8,4,35,0,3,2,1,4,1, , ,N,1,2,0,3,0,3,4,2,N,N,40 05:49.711,75 01:05.375,45, ,40, ,0, , , ,3, , , , , ,691604, , , ,2,1,0,0,0,0,0,1,0,0,0,3,3,0,0,0,0,0,0,0,0,0,0,0,0,0,0,0,0,0,0,0,0,0,0,4,0,40.0971,-75.0182, , 
 ,60125,2012066626,6,67,67301,2012,6,3,2108,21,3,2,1,4,1, , ,N,0,0,0,3,0,0,1,2,N,N,40 02:07.278,75 02:22.097,2145, ,2140,2,1,3,N, ,0,N, , , , ,691646, , , ,2,1,0,0,0,0,1,0,0,0,0,0,0,0,0,0,0,0,0,0,0,0,0,0,0,0,0,0,0,0,0,0,0,0,0,0,0,40.0354,-75.0395, , 