wz_ln_closure,objectid_1,crn,district,county,municipality,crash_year,crash_month,day_of_week,time_of_day,hour_of_day,illumination,weather,road_condition,collision_type,relation_to_road,work_zone_type,work_zone_loc,work_zone_ind,intersect_type,tcd_type,location_type,urban_rural,fatal_count,injury_count,person_count,total_units,sch_bus_ind,sch_zone_ind,latitude,longitude,arrival_tm,cons_zone_spd_lim,dispatch_tm,est_hrs_closed,lane_closed,ln_close_dir,ntfy_hiwy_maint,spec_juris_cd,tcd_func_cd,tfc_detour_ind,workers_pres,wz_close_detour,wz_flagger,wz_law_offcr_ind,objectid,wz_moving,wz_other,wz_shlder_mdn,vehicle_count,automobile_count,motorcycle_count,bus_count,small_truck_count,heavy_truck_count,suv_count,van_count,bicycle_count,maj_inj_count,mod_inj_count,min_inj_count,tot_inj_count,unk_inj_deg_count,unk_inj_per_count,driver_count_16yr,driver_count_17yr,driver_count_18yr,driver_count_19yr,driver_count_20yr,driver_count_50_64yr,driver_count_65_74yr,driver_count_75plus,unbelted_occ_count,unb_death_count,unb_maj_inj_count,belted_death_count,belted_maj_inj_count,mcycle_death_count,mcycle_maj_inj_count,bicycle_death_count,bicycle_maj_inj_count,ped_count,ped_death_count,ped_maj_inj_count,max_severity_level,comm_veh_count,dec_lat,dec_long,rdwy_surf_type_cd,county_name
 ,60126,2012071127,6,67,67301,2012,7,4,1010,10,1,1,0,8,1, , ,N,1,2,0,3,0,1,2,2,N,N,39 57:52.759,75 10:40.626,1020, ,1015,1,1,4,N, ,3,N, , , , ,691653, , , ,1,0,0,1,0,0,0,0,0,0,0,1,1,0,0,0,0,0,0,0,1,0,0,0,0,0,0,0,0,0,0,0,1,0,0,4,1,39.9647,-75.178, , 
 ,60127,2012076031,6,67,67301,2012,6,2,1115,11,1,1,0,4,1, , ,N,1,3,0,3,0,1,2,2,N,N,40 00:47.290,75 06:27.760,1122, ,1120,1,1,1, , ,3,Y, , , , ,691658, , , ,2,1,0,0,0,0,0,1,0,0,0,0,1,1,0,0,0,0,0,0,0,1,0,0,0,0,0,0,0,0,0,0,0,0,0,8,0,40.0131,-75.1077, , 
 ,60128,2012079369,6,67,67301,2012,8,7,855,8,1,1,0,7,2, , ,N,0,0,0,3,0,1,1,1,N,N,40 01:46.061,75 01:19.975,902, ,857,2,1,1,N, ,0,N, , , , ,691662, , , ,1,0,0,0,0,0,1,0,0,0,0,0,1,1,0,0,0,0,0,0,0,0,0,1,0,0,0,0,0,0,0,0,0,0,0,8,0,40.0293,-75.0224, , 
 ,60129,2012066568,6,67,67301,2012,5,3,1415,14,1,1,0,1,1, , ,N,1,2,0,3,0,1,2,2,N,N,40 03:00.190,75 09:01.655,9999, ,1445, ,0, ,N, ,3, , , , , ,691678, , , ,2,1,0,0,0,0,0,1,0,0,0,0,1,1,0,0,0,0,0,0,0,0,0,0,0,0,0,0,0,0,0,0,0,0,0,8,0,40.0501,-75.1505, , 
 ,60130,2012098461,6,67,67301,2012,8,2,2035,20,4,1,0,8,1, , ,N,1,2,0,3,0,1,1,2,N, ,39 58:21.556,75 10:44.875,2147, ,2139, ,0, , , ,3, , , , , ,691705, , , ,0,0,0,0,0,0,0,0,0,0,0,0,1,1,0,0,0,0,0,0,0,0,0,0,0,0,0,0,0,0,0,0,1,0,0,8,0,39.9727,-75.1791, , 
 ,60131,2012075993,6,67,67301,2012,6,4,2324,23,3,1,0,7,3, , ,N,1,0,2,3,0,0,2,1,N, ,39 55:18.486,75 11:24.960,2324, ,2324,9,1,4, , ,0,N, , , , ,691734, , , ,1,1,0,0,0,0,0,0,0,0,0,0,0,0,0,0,0,0,0,0,0,0,0,0,0,0,0,0,0,0,0,0,0,0,0,0,0,39.9217,-75.1902, , 
 ,60132,2012078294,6,67,67301,2012,7,3,1720,17,1,1,0,4,1, , ,N,1,2,0,3,0,1,4,2,N,N,39 57:07.498,75 12:20.102,1725, ,1721, ,0, ,N, ,3, , , , , ,691739, , , ,1,0,0,0,0,0,1,0,1,0,0,0,1,1,0,0,0,0,0,0,1,0,0,1,0,0,0,0,0,0,0,0,0,0,0,8,0,39.9521,-75.2056, , 
 ,60133,2012109740,6,67,67301,2012,10,3,2345,23,3,2,1,7,2, , ,N,0,0,0,3,0,1,1,1,N,N,40 00:23.470,75 11:34.957,10, ,2, ,0, ,Y, ,0, , , , , ,691758, , , ,1,1,0,0,0,0,0,0,0,0,0,0,1,1,0,0,0,0,1,0,0,0,0,0,0,0,0,0,0,0,0,0,0,0,0,8,0,40.0065,-75.193, , 
 ,60134,2012066731,6,67,67301,2012,5,6,1605,16,1,1,0,4,1, , ,N,1,3,0,3,0,0,4,2,N,N,39 58:47.413,75 10:27.321,1625, ,1622, ,0, , , ,3, , , , , ,691765, , , ,2,2,0,0,0,0,0,0,0,0,0,0,0,0,0,0,0,1,0,0,0,0,0,0,0,0,0,0,0,0,0,0,0,0,0,0,0,39.9798,-75.1743, , 
 ,60135,2012068914,6,67,67301,2012,5,7,917,9,1,1,0,8,1, , ,N,1,2,0,3,0,3,4,4,N,N,40 00:00.687,75 09:59.702,918, ,918,9,2,5,N, ,3,N, , , , ,691769, , , ,1,0,0,0,0,0,0,1,0,0,2,0,3,1,0,0,0,0,0,0,1,0,0,0,0,0,0,0,0,0,0,0,3,0,0,3,0,40.0002,-75.1666, , 
 ,60136,2012078579,6,67,67301,2012,6,4,1230,12,1,1,0,6,1, , ,N,0,0,0,3,0,1,3,2,N,N,40 03:55.429,75 08:50.344,1652, ,1638, ,0, ,N, ,0, , , , , ,691770, , , ,2,2,0,0,0,0,0,0,0,0,0,0,1,1,0,0,0,0,0,0,0,0,0,3,0,0,0,0,0,0,0,0,0,0,0,8,0,40.0654,-75.1473, , 
 ,60137,2012066630,6,67,67301,2012,6,6,1517,15,1,1,0,4,1, , ,N,1,3,0,3,0,1,7,2,N,N,40 01:22.749,75 03:01.778,1523, ,1520, ,0, ,N, ,3, , , , , ,685563, , , ,2,2,0,0,0,0,0,0,0,0,0,1,1,0,0,0,0,0,0,0,0,0,0,0,0,0,0,0,0,0,0,0,0,0,0,4,0,40.023,-75.0505, , 
 ,60138,2012068904,6,67,67301,2012,5,5,940,9,1,1,1,4,1, , ,N,1,0,0,3,0,1,2,2,N, ,39 58:45.851,75 09:48.406,942, ,940,3,2,6, , ,0,Y, , , , ,685564, , , ,1,1,0,0,0,0,0,0,1,0,0,0,1,1,0,0,0,0,0,0,0,1,0,0,0,0,0,0,0,0,0,0,0,0,0,8,0,39.9794,-75.1634, , 
 ,60139,2012083777,6,67,67301,2012,8,3,9999,99,1,1,0,4,1, , ,N,2,2,7,3,0,1,3,2,N,N,40 03:05.231,75 00:32.643,1610, ,1606,1,1,2,N, ,3,N, , , , ,685580, , , ,2,0,0,0,0,1,1,0,0,0,0,1,1,0,0,0,0,0,0,0,1,0,0,0,0,0,0,0,0,0,0,0,0,0,0,4,0,40.0515,-75.0091, , 
 ,60140,2012098426,6,67,67301,2012,8,4,2224,22,3,1,0,1,1, , ,N,2,2,2,3,0,1,2,2,N,N,39 53:01.171,75 15:05.812,2225, ,2224, ,0, ,N, ,2, , , , , ,685593, , , ,2,1,0,0,0,1,0,0,0,0,0,1,1,0,0,0,0,0,0,0,0,0,0,0,0,0,0,0,0,0,0,0,0,0,0,4,1,39.8836,-75.2515, , 
 ,60141,2012063983,6,67,67301,2012,5,3,730,7,3,1,0,8,1, , ,N,1,0,0,3,0,1,2,2,N,N,39 58:08.839,75 08:14.219,744, ,744,4,2,3,N, ,0,Y, , , , ,685596, , , ,1,0,0,0,0,0,0,0,0,1,0,0,1,0,0,0,0,0,0,0,0,0,0,0,0,0,0,0,0,0,0,0,1,0,1,2,0,39.969,-75.1372, , 
 ,60142,2012066557,6,67,67301,2012,5,5,800,8,1,1,0,4,1, , ,N,5,2,0,3,0,2,2,2,N,N,39 57:32.690,75 10:19.285,815, ,810,1,1,1,N, ,3,Y, , , , ,685600, , , ,2,1,0,0,0,0,1,0,0,0,2,0,2,0,0,0,0,0,0,0,1,0,0,0,0,0,0,0,0,0,0,0,0,0,0,3,0,39.9591,-75.172, , 
 ,60143,2012066639,6,67,67301,2012,5,3,1820,18,1,1,0,1,1, , ,N,1,2,0,3,0,2,3,2,N, ,40 00:26.697,75 08:12.693,1835, ,830, ,0, , , ,3, , , , , ,685601, , , ,2,1,0,0,1,0,0,0,0,0,2,0,2,0,0,0,0,0,0,0,0,0,0,0,0,0,0,0,0,0,0,0,0,0,0,3,0,40.0074,-75.1368, , 
 ,60144,2012063885,6,67,67301,2012,5,6,1315,13,1,1,0,1,1, , ,N,0,0,0,3,0,1,2,2,N,N,40 03:57.367,75 08:38.383,1525, ,1515, ,0, , , ,0, , , , , ,685615, , , ,2,1,0,0,0,0,0,0,0,0,0,1,1,0,1,0,0,0,0,0,0,0,0,0,0,0,0,0,0,0,0,0,0,0,0,4,0,40.066,-75.1441, , 
 ,60145,2012063996,6,67,67301,2012,5,1,440,4,3,1,0,1,1, , ,N,2,2,0,3,0,1,2,2,N,N,39 56:51.715,75 11:55.544,450, ,442, ,0, ,N, ,3, , , , , ,685616, , , ,2,1,0,0,0,0,0,1,0,0,0,0,1,1,0,0,0,0,0,0,0,0,0,0,0,0,0,0,0,0,0,0,0,0,0,8,0,39.9477,-75.1986, , 
 ,60146,2012072771,6,67,67301,2012,6,4,10,0,3,2,1,1,1, , ,N,0,0,0,3,0,3,5,4,N,N,39 58:53.646,75 12:25.927,17, ,14,2,2,3,N, ,0,N, , , , ,685623, , , ,4,4,0,0,0,0,0,0,0,0,0,0,3,3,0,0,0,0,0,0,0,0,0,0,0,0,0,0,0,0,0,0,0,0,0,8,0,39.9816,-75.2072, , 
 ,60147,2012083384,6,67,67301,2012,7,5,1500,15,8,1,0,4,1, , ,N,1,2,0,3,0,1,2,2,N, ,40 01:24.796,75 07:59.561,1255, ,1240, ,0, , , ,9, , , , , ,685665, , , ,1,1,0,0,0,0,0,0,1,0,0,1,1,0,1,0,0,0,0,0,0,0,0,0,0,0,0,0,0,0,0,0,0,0,0,4,0,40.0235,-75.1334, , 
 ,60148,2012088616,6,67,67301,2012,8,5,1035,10,1,1,0,1,1, , ,N,3,2,0,3,0,2,3,3,N, ,40 07:34.008,75 00:51.845,1047, ,1040, ,0, , , ,3, , , , , ,685672, , , ,3,3,0,0,0,0,0,0,0,0,0,0,1,1,1,0,0,0,0,1,1,0,0,0,0,0,0,0,0,0,0,0,0,0,0,8,0,40.1261,-75.0144, , 
 ,60149,2012078272,6,67,67301,2012,6,7,100,1,3,2,1,4,1, , ,N,1,2,0,3,0,3,3,2,N,N,40 00:13.519,75 10:52.190,9999, ,9999, ,0, ,N, ,9, , , , , ,685698, , , ,2,2,0,0,0,0,0,0,0,0,0,0,3,3,0,0,0,0,0,0,0,0,0,0,0,0,0,0,0,0,0,0,0,0,0,8,0,40.0037,-75.1811, , 
 ,60150,2012076789,6,67,67301,2012,7,3,1757,17,1,1,0,1,1, , ,N,0,0,0,3,0,0,3,3,N,N,39 57:34.530,75 10:32.023,1817, ,1757,1,1,4,N, ,0,N, , , , ,685700, , , ,3,2,0,0,0,0,1,0,0,0,0,0,0,0,0,0,0,0,0,0,0,0,0,0,0,0,0,0,0,0,0,0,0,0,0,0,0,39.9596,-75.1756, , 
 ,60151,2012104263,6,67,67301,2012,9,6,2115,21,3,1,0,1,1, , ,N,0,0,0,3,0,1,2,2,N,N,39 55:12.536,75 09:21.996,2116, ,2115, ,0, ,N, ,0, , , , , ,685730, , , ,2,0,1,0,0,0,0,1,0,0,0,1,1,0,0,0,0,0,0,0,0,0,0,0,0,0,0,0,0,0,0,0,0,0,0,4,0,39.9201,-75.1561, , 
 ,60152,2012111611,6,67,67301,2012,10,3,1535,15,1,2,1,4,1, , ,N,1,2,0,3,0,2,5,2,N,N,39 57:02.780,75 10:32.599,1543, ,1540, ,0, ,N, ,3, , , , , ,685737, , , ,2,1,0,0,0,0,1,0,0,0,0,2,2,0,0,0,0,0,0,0,0,0,0,0,0,0,0,0,0,0,0,0,0,0,0,4,0,39.9508,-75.1757, , 
 ,60153,2012025277,6,67,67301,2012,3,7,1928,19,3,1,0,1,1, , ,N,0,0,0,3,0,1,2,2,N,N,40 01:42.920,75 01:22.739,1946, ,1930, ,0, ,N, ,0, , , , , ,685762, , , ,2,1,0,0,0,0,1,0,0,0,1,0,1,0,0,0,0,0,0,0,1,0,0,0,0,0,0,0,0,0,0,0,0,0,0,3,0,40.0284,-75.0232, , 
 ,60154,2012027391,6,67,67301,2012,1,3,2320,23,3,1,0,1,1, , ,N,1,0,0,3,0,2,2,2,N, ,40 01:04.608,75 08:57.650,2332, ,2331,9,1,1, , ,0,N, , , , ,685765, , , ,2,1,0,0,1,0,0,0,0,0,0,0,2,2,0,0,0,0,0,0,0,0,0,0,0,0,0,0,0,0,0,0,0,0,0,8,0,40.0179,-75.1493, , 
 ,60155,2012056700,6,67,67301,2012,5,6,800,8,1,2,1,8,1, , ,N,1,3,0,3,0,1,3,2,N, ,40 02:49.300,75 04:01.523,822, ,820, ,0, , , ,3, , , , , ,688577, , , ,1,1,0,0,0,0,0,0,0,0,0,0,1,1,0,0,0,0,0,0,0,0,0,0,0,0,0,0,0,0,0,0,1,0,0,8,0,40.047,-75.0671, , 
 ,60156,2012066558,6,67,67301,2012,5,3,1030,10,1,1,0,8,1, , ,N,0,2,0,3,0,1,2,2,N,N,39 57:05.855,75 09:49.658,1155, ,1152, ,0, ,N, ,3, , , , , ,688606, , , ,1,0,0,0,0,0,0,0,0,0,0,0,1,1,0,0,0,0,0,0,0,0,0,0,0,0,0,0,0,0,0,0,1,0,0,8,0,39.9516,-75.1639, , 
 ,60157,2012083115,6,67,67301,2012,5,4,1830,18,4,1,0,4,1, , ,N,1,2,0,3,0,1,3,2, , ,40 04:27.147,75 02:05.032,0, ,0, ,0, , , ,3, , , , , ,688624, , , ,2,2,0,0,0,0,0,0,0,0,0,0,1,1,0,0,0,0,0,0,0,0,0,0,0,0,0,0,0,0,0,0,0,0,0,8,0,40.0743,-75.0348, , 
 ,60158,2012083346,6,67,67301,2012,8,4,1955,19,4,1,0,4,1, , ,N,0,0,7,3,0,1,3,2,N, ,39 56:29.652,75 09:50.799,2005, ,2000, ,0, , , ,0, , , , , ,688625, , , ,1,1,0,0,0,0,0,0,1,0,0,1,1,0,0,0,0,0,0,0,0,0,0,0,0,0,0,0,0,0,0,0,0,0,0,4,0,39.9416,-75.1641, , 
 ,60159,2012083818,6,67,67301,2012,7,1,2220,22,3,1,0,2,1, , ,N,0,0,0,3,0,2,2,2,N, ,40 02:46.554,75 10:23.610,2230, ,2221, ,0, , , ,0, , , , , ,688626, , , ,2,2,0,0,0,0,0,0,0,0,1,1,2,0,0,0,0,0,0,0,1,0,0,0,0,0,0,0,0,0,0,0,0,0,0,3,0,40.0463,-75.1732, , 
 ,60160,2012063898,6,67,67301,2012,5,6,1146,11,1,1,0,8,1, , ,N,0,0,0,3,0,1,2,2,N,N,39 55:17.550,75 13:18.390,1155, ,1151, ,0, ,N, ,0, , , , , ,688645, , , ,1,0,0,0,0,1,0,0,0,0,0,1,1,0,0,0,0,0,0,0,0,0,0,0,0,0,0,0,0,0,0,0,1,0,0,4,0,39.9215,-75.2218, , 
 ,60161,2012066610,6,67,67301,2012,5,5,650,6,1,2,1,6,1, , ,N,0,0,0,3,0,0,2,2,N, ,40 04:16.280,75 14:26.520,656, ,653, ,0, , , ,0, , , , , ,688649, , , ,2,2,0,0,0,0,0,0,0,0,0,0,0,0,0,0,0,0,0,0,1,0,0,0,0,0,0,0,0,0,0,0,0,0,0,0,0,40.0712,-75.2407, , 
 ,60162,2012078145,6,67,67301,2012,7,5,1215,12,1,1,0,4,1, , ,N,1,3,0,3,0,1,3,2,N, ,40 02:23.665,75 03:46.259,1219, ,1216, ,0, , , ,3, , , , , ,688657, , , ,2,1,0,0,0,0,1,0,0,1,0,0,1,0,0,0,0,0,0,0,1,0,1,0,0,0,0,1,0,0,0,0,0,0,0,2,0,40.0399,-75.0628, , 
 ,60163,2012078503,6,67,67301,2012,7,5,1125,11,1,1,0,4,1, , ,N,2,3,0,3,0,0,2,2,N, ,39 58:31.911,75 07:08.543,1135, ,1130, ,0, , , ,3, , , , , ,688658, , , ,2,1,0,0,0,0,1,0,0,0,0,0,0,0,0,0,0,0,0,0,1,0,0,0,0,0,0,0,0,0,0,0,0,0,0,0,0,39.9755,-75.119, , 
 ,60164,2012078649,6,67,67301,2012,7,1,5,0,3,1,0,4,1, , ,N,1,3,0,3,0,2,6,3,N,N,40 00:32.335,75 08:11.486,9999, ,8,3,2,1,N, ,3,Y, , , , ,688659, , , ,3,2,0,0,0,0,1,0,0,0,0,0,2,2,0,0,0,0,0,0,0,0,0,0,0,0,0,0,0,0,0,0,0,0,0,8,0,40.009,-75.1365, , 
 ,60165,2012080856,6,67,67301,2012,7,3,2359,23,3,1,0,4,1, , ,N,0,0,0,3,0,1,1,5,N,N,39 56:53.527,75 12:51.379,10, ,2359,2,2,2,N, ,0,N, , , , ,688665, , , ,5,5,0,0,0,0,0,0,0,0,0,0,0,0,1,0,0,0,0,0,0,0,0,0,0,0,0,0,0,0,0,0,0,0,0,9,0,39.9482,-75.2143, , 
 ,60166,2012080865,6,67,67301,2012,7,1,9999,99,3,1,0,4,1, , ,N,3,0,0,3,0,1,2,2,N,N,40 01:28.721,75 06:34.955,9999, ,130, ,0, ,N, ,0, , , , , ,688666, , , ,1,1,0,0,0,0,0,0,1,0,1,0,1,0,0,0,0,0,0,0,0,0,0,0,0,0,0,0,0,0,0,0,0,0,0,3,0,40.0246,-75.1097, , 
 ,60167,2012094718,6,67,67301,2012,9,7,1514,15,1,1,0,1,1, , ,N,0,0,0,3,0,0,5,3,N,N,40 00:33.084,75 12:16.961,1514, ,1514, ,0, ,N, ,0, , , , , ,688681, , , ,3,1,0,0,1,0,1,0,0,0,0,0,0,0,0,0,0,0,0,0,0,0,0,0,0,0,0,0,0,0,0,0,0,0,0,0,0,40.0092,-75.2047, , 
 ,60168,2012060750,6,67,67301,2012,5,7,2100,21,3,1,0,5,1, , ,N,0,0,0,3,0,1,2,2,N, ,39 56:16.591,75 10:02.787,1430, ,9999, ,0, , , ,0, , , , , ,688686, , , ,2,2,0,0,0,0,0,0,0,0,0,1,1,0,0,0,0,0,0,0,0,0,0,1,0,0,0,0,0,0,0,0,0,0,0,4,0,39.9379,-75.1674, , 
 ,60169,2012056592,6,67,67301,2012,4,2,1211,12,1,1,0,8,1, , ,N,1,2,0,3,0,1,2,2,N, ,39 59:09.189,75 13:54.821,1750, ,1742, ,0, , , ,3, , , , , ,688692, , , ,1,0,0,0,0,0,0,1,0,0,0,1,1,0,0,0,0,0,0,0,0,0,1,0,0,0,0,0,0,0,0,0,1,0,0,4,0,39.9859,-75.2319, , 
 ,60170,2012056706,6,67,67301,2012,5,4,1704,17,1,1,0,4,1, , ,N,0,0,7,3,0,1,2,2,N,N,40 06:15.692,75 00:04.125,1715, ,1710, ,0, ,N, ,0, , , , , ,688693, , , ,2,1,0,0,0,0,1,0,0,0,0,0,1,1,0,0,0,1,0,0,1,0,0,0,0,0,0,0,0,0,0,0,0,0,0,8,0,40.1044,-75.0011, , 
 ,60171,2012066554,6,67,67301,2012,6,2,1252,12,1,2,1,1,1, , ,N,0,0,0,3,0,1,2,2,N, ,39 56:17.901,75 13:29.598,1254, ,1252, ,0, , , ,0, , , , , ,688706, , , ,2,1,0,0,0,0,1,0,0,0,1,0,1,0,1,0,0,0,0,0,1,0,0,0,0,0,0,0,0,0,0,0,0,0,0,3,0,39.9383,-75.2249, , 
 ,60172,2012070690,6,67,67301,2012,7,5,1615,16,1,1,0,1,1, , ,N,0,0,0,3,0,1,2,2,N,N,40 02:13.220,75 00:48.178,1634, ,1619, ,0, ,N, ,0, , , , , ,688710, , , ,2,0,0,0,1,0,1,0,0,0,0,0,1,1,0,0,0,0,0,1,0,0,0,0,0,0,0,0,0,0,0,0,0,0,0,8,0,40.037,-75.0135, , 
 ,60173,2012071065,6,67,67301,2012,7,1,113,1,3,1,0,4,1, , ,N,0,0,3,3,0,0,2,2,N,N,39 53:31.307,75 11:53.306,126, ,115,2,2,2,N, ,0,N, , , , ,688712, , , ,2,1,0,0,0,0,1,0,0,0,0,0,0,0,0,0,0,0,0,0,0,0,0,0,0,0,0,0,0,0,0,0,0,0,0,0,0,39.892,-75.1981, , 
 ,60174,2012074385,6,67,67301,2012,6,2,2229,22,3,1,0,4,1, , ,N,1,2,0,3,0,2,2,2,N,N,40 02:40.636,75 03:16.819,2235, ,2231,9,1,3, , ,3,N, , , , ,694184, , , ,2,1,0,0,0,0,0,1,0,0,0,0,2,2,0,0,0,0,0,0,0,0,0,0,0,0,0,0,0,0,0,0,0,0,0,8,0,40.0446,-75.0547, , 
 ,60175,2012083196,6,67,67301,2012,7,7,1625,16,1,1,0,4,1, , ,N,0,2,0,3,0,1,3,2,N,N,39 59:16.781,75 06:21.368,1625, ,1625,1,1,3,N, ,3,N, , , , ,694196, , , ,2,2,0,0,0,0,0,0,0,0,0,0,1,1,0,0,0,1,0,0,0,0,0,0,0,0,0,0,0,0,0,0,0,0,0,8,0,39.988,-75.1059, , 
 ,60176,2012083313,6,67,67301,2012,7,5,1950,19,1,2,1,4,1, , ,N,1,2,0,3,0,1,2,2,N,N,39 57:47.401,75 11:58.714,1955, ,1953,1,2,4,N, ,3,Y, , , , ,694197, , , ,1,1,0,0,0,0,0,0,1,0,0,0,1,1,0,0,0,0,0,0,0,0,0,0,0,0,0,0,0,0,0,0,0,0,0,8,0,39.9632,-75.1996, , 
 ,60177,2012092222,6,67,67301,2012,9,4,1730,17,1,5,0,1,1, , ,N,0,0,0,3,0,1,2,2,N,N,39 59:43.982,75 05:00.208,1732, ,1732, ,0, ,N, ,0, , , , , ,694208, , , ,2,2,0,0,0,0,0,0,0,0,0,1,1,0,0,0,0,0,0,0,1,0,0,1,0,0,0,0,0,0,0,0,0,0,0,4,0,39.9956,-75.0834, , 
 ,60178,2012109838,6,67,67301,2012,10,3,1650,16,1,1,1,8,1, , ,N,0,0,0,3,0,1,2,2,N,N,40 02:08.969,75 07:32.822,1740, ,730, ,0, ,N, ,0, , , , , ,694228, , , ,1,0,0,0,0,0,0,1,0,0,0,1,1,0,0,0,0,0,0,0,1,0,0,0,0,0,0,0,0,0,0,0,1,0,0,4,0,40.0358,-75.1258, , 
 ,60179,2012083657,6,67,67301,2012,8,2,1635,16,1,1,0,1,1, , ,N,3,3,2,3,0,1,2,2,N,N,39 59:11.983,75 12:29.919,1647, ,1639,1,1,2,N, ,3,N, , , , ,694251, , , ,2,2,0,0,0,0,0,0,0,0,0,0,1,1,0,0,0,0,0,0,0,0,0,0,0,0,0,0,0,0,0,0,0,0,0,8,0,39.9867,-75.2083, , 
 ,60180,2012088592,6,67,67301,2012,8,4,9999,99,3,1,0,9,1, , ,N,0,0,0,3,0,1,2,1,N, ,39 56:56.055,75 08:45.480,9999, ,2202, ,0,1, , ,3, , , , , ,694258, , , ,1,1,0,0,0,0,0,0,0,0,0,1,1,0,0,0,0,0,0,0,1,0,0,0,0,0,0,0,0,0,0,0,1,0,0,4,0,39.9489,-75.146, , 
 ,60181,2012095418,6,67,67301,2012,8,2,1837,18,1,9,0,4,9, , ,N,1,0,0,3,0,1,1,2,N, ,39 56:58.016,75 09:31.701,1838, ,1837, ,0, , , ,0, , , , , ,694267, , , ,2,1,0,0,0,0,1,0,0,0,0,0,1,1,0,0,0,0,0,0,0,1,0,0,0,0,0,0,0,0,0,0,0,0,0,8,0,39.9494,-75.1588, , 
 ,60182,2012098518,6,67,67301,2012,3,4,1905,19,3,1,0,1,6, , ,N,1,2,0,3,0,1,1,2,N,N,40 02:53.203,75 09:03.247,1954, ,1911, ,0, ,N, ,3, , , , , ,694270, , , ,2,1,0,0,0,0,1,0,0,0,1,0,1,0,0,0,0,0,0,0,0,0,0,0,0,0,0,0,0,0,0,0,0,0,0,3,0,40.0481,-75.1509, , 
 ,60183,2012099367,6,67,67301,2012,8,6,343,3,3,1,0,4,3, , ,N,0,0,0,3,0,0,1,2,N,N,40 01:50.925,75 06:13.325,347, ,343,1,1,6,N, ,0,N, , , , ,694271, , , ,2,1,0,0,0,0,1,0,0,0,0,0,0,0,0,0,0,0,0,0,0,0,0,0,0,0,0,0,0,0,0,0,0,0,0,0,0,40.0308,-75.1037, , 
 ,60184,2012076013,6,67,67301,2012,6,7,1250,12,1,1,0,4,1, , ,N,1,3,0,3,0,1,4,2,N,N,40 02:37.449,75 08:17.555,1305, ,1300, ,0, ,N, ,3, , , , , ,694281, , , ,2,1,0,0,0,0,1,0,0,0,0,1,1,0,0,0,0,0,0,0,0,0,0,0,0,0,0,0,0,0,0,0,0,0,0,4,0,40.0437,-75.1382, , 
 ,60185,2012078342,6,67,67301,2012,6,7,1547,15,1,1,0,4,1, , ,N,1,2,0,3,0,1,3,3,N,N,39 57:47.719,75 11:18.597,1552, ,1550,2,2,3,N, ,3,Y, , , , ,694284, , , ,3,3,0,0,0,0,0,0,0,0,0,1,1,0,0,0,0,0,0,0,1,0,0,0,0,0,0,0,0,0,0,0,0,0,0,4,0,39.9633,-75.1885, , 
 ,60186,2012078629,6,67,67301,2012,6,7,1225,12,1,1,0,8,1, , ,N,2,3,0,3,0,1,2,2,N,N,39 56:55.280,75 09:08.917,1229, ,1228,1,1,1,N, ,3,N, , , , ,694285, , , ,1,0,0,0,0,0,1,0,0,0,0,1,1,0,0,0,0,0,0,0,1,0,0,0,0,0,0,0,0,0,0,0,1,0,0,4,0,39.9487,-75.1525, , 
 ,60187,2012079916,6,67,67301,2012,8,3,1236,12,1,1,0,0,1, , ,N,0,0,0,3,0,1,2,2,N,N,39 55:18.219,75 08:52.696,1253, ,1244, ,0, ,N, ,0, , , , , ,694287, , , ,2,0,0,0,0,1,0,1,0,0,0,1,1,0,0,0,0,0,0,0,1,1,0,0,0,0,0,0,0,0,0,0,0,0,0,4,1,39.9217,-75.148, , 
 ,60188,2012080026,6,67,67301,2012,7,5,1400,14,1,1,0,8,1, , ,N,1,3,0,3,0,1,2,2,N,N,39 56:56.158,75 14:22.009,1530, ,1500, ,0, ,N, ,3, , , , , ,694288, , , ,1,1,0,0,0,0,0,0,0,0,0,0,1,1,0,0,0,0,0,0,0,0,1,0,0,0,0,0,0,0,0,0,1,0,0,8,0,39.9489,-75.2394, , 
 ,60189,2012083380,6,67,67301,2012,8,7,2255,22,3,0,0,1,1, , ,N,2,2,0,3,0,1,3,2,N, ,40 03:35.273,75 00:33.035,2305, ,2259, ,0, , , ,3, , , , , ,694292, , , ,2,2,0,0,0,0,0,0,0,0,0,1,1,0,0,0,0,0,0,0,1,0,0,0,0,0,0,0,0,0,0,0,0,0,0,4,0,40.0598,-75.0092, , 
 ,60190,2012084172,6,67,67301,2012,7,4,1345,13,1,1,0,4,1, , ,N,1,3,0,3,0,1,4,3,N, ,39 58:59.466,75 06:54.921,1525, ,1515, ,0, , , ,3, , , , , ,694295, , , ,3,2,0,0,1,0,0,0,0,0,0,0,1,1,0,0,0,0,0,0,0,0,0,0,0,0,0,0,0,0,0,0,0,0,0,8,0,39.9832,-75.1153, , 
 ,60191,2012095386,6,67,67301,2012,8,4,1917,19,1,1,0,7,5, , ,N,0,0,0,3,0,0,1,1,N,N,40 07:16.759,75 00:41.554,1921, ,1919,1,1,4,N, ,0,N, , , , ,694304, , , ,1,1,0,0,0,0,0,0,0,0,0,0,0,0,0,0,0,0,0,0,0,0,0,0,0,0,0,0,0,0,0,0,0,0,0,0,0,40.1213,-75.0115, , 