wz_ln_closure,objectid_1,crn,district,county,municipality,crash_year,crash_month,day_of_week,time_of_day,hour_of_day,illumination,weather,road_condition,collision_type,relation_to_road,work_zone_type,work_zone_loc,work_zone_ind,intersect_type,tcd_type,location_type,urban_rural,fatal_count,injury_count,person_count,total_units,sch_bus_ind,sch_zone_ind,latitude,longitude,arrival_tm,cons_zone_spd_lim,dispatch_tm,est_hrs_closed,lane_closed,ln_close_dir,ntfy_hiwy_maint,spec_juris_cd,tcd_func_cd,tfc_detour_ind,workers_pres,wz_close_detour,wz_flagger,wz_law_offcr_ind,objectid,wz_moving,wz_other,wz_shlder_mdn,vehicle_count,automobile_count,motorcycle_count,bus_count,small_truck_count,heavy_truck_count,suv_count,van_count,bicycle_count,maj_inj_count,mod_inj_count,min_inj_count,tot_inj_count,unk_inj_deg_count,unk_inj_per_count,driver_count_16yr,driver_count_17yr,driver_count_18yr,driver_count_19yr,driver_count_20yr,driver_count_50_64yr,driver_count_65_74yr,driver_count_75plus,unbelted_occ_count,unb_death_count,unb_maj_inj_count,belted_death_count,belted_maj_inj_count,mcycle_death_count,mcycle_maj_inj_count,bicycle_death_count,bicycle_maj_inj_count,ped_count,ped_death_count,ped_maj_inj_count,max_severity_level,comm_veh_count,dec_lat,dec_long,rdwy_surf_type_cd,county_name
 ,60192,2012080783,6,67,67301,2012,7,6,2004,20,3,2,1,7,3, , ,N,0,0,0,3,0,1,1,1,N, ,40 00:26.337,75 07:27.129,2004, ,2004,1,1,4, , ,0,Y, , , , ,691773, , , ,1,0,0,0,0,0,0,1,0,0,0,0,1,1,0,0,0,0,0,0,0,0,0,0,0,0,0,0,0,0,0,0,0,0,0,8,0,40.0073,-75.1242, , 
 ,60193,2012104233,6,67,67301,2012,9,7,1515,15,1,1,0,1,1, , ,N,1,2,0,3,0,0,5,4,N,N,40 01:46.123,75 08:48.184,9999, ,1530, ,0, ,N, ,3, , , , , ,691778, , , ,4,2,0,0,1,0,1,0,0,0,0,0,1,1,2,0,0,0,0,0,0,0,0,0,0,0,0,0,0,0,0,0,0,0,0,8,0,40.0295,-75.1467, , 
 ,60194,2012078474,6,67,67301,2012,7,4,221,2,3,1,0,1,1, , ,N,0,2,0,3,0,1,2,2,N,N,39 55:52.618,75 13:34.276,230, ,225,2,2,4,N, ,3,Y, , , , ,691828, , , ,2,0,2,0,0,0,0,0,0,0,0,1,1,0,0,0,0,0,0,0,0,0,0,0,0,0,0,0,0,0,0,0,0,0,0,4,0,39.9313,-75.2262, , 
 ,60195,2012078502,6,67,67301,2012,7,4,2121,21,3,8,0,4,1, , ,N,1,0,0,3,0,1,2,2,N,N,39 58:57.579,75 08:26.998,2122, ,2121, ,0, ,N, ,0, , , , , ,691829, , , ,1,0,0,0,0,0,0,1,1,0,1,0,1,0,0,0,0,0,0,0,0,0,0,0,0,0,0,0,0,0,0,0,0,0,0,3,0,39.9827,-75.1408, , 
 ,60196,2012104246,6,67,67301,2012,9,7,2222,22,3,2,7,4,1, , ,N,1,2,0,3,0,0,4,3,N,N,40 00:25.933,75 07:24.010,2224, ,2223, ,0, ,N, ,3, , , , , ,691857, , , ,3,3,0,0,0,0,0,0,0,0,0,0,0,0,3,0,0,1,0,0,0,0,0,0,0,0,0,0,0,0,0,0,0,0,0,9,0,40.0072,-75.1234, , 
 ,60197,2012056558,6,67,67301,2012,5,4,600,6,1,2,1,4,1, , ,N,1,2,0,3,0,2,6,2,N,N,40 01:28.097,75 08:52.131,615, ,605, ,0, ,N, ,3, , , , , ,691859, , , ,2,0,0,1,0,0,1,0,0,0,0,0,2,2,0,0,0,0,0,0,0,0,0,0,0,0,0,0,0,0,0,0,0,0,0,8,1,40.0245,-75.1478, , 
 ,60198,2012060835,6,67,67301,2012,5,2,9999,99,1,2,1,4,1, , ,N,1,2,0,3,0,2,4,3,N,N,40 00:35.379,75 09:03.622,1705, ,1659, ,0, , , ,3, , , , , ,691862, , , ,3,3,0,0,0,0,0,0,0,0,0,0,2,2,0,0,0,0,0,0,0,0,0,0,0,0,0,0,0,0,0,0,0,0,0,8,0,40.0098,-75.151, , 
 ,60199,2012065410,6,67,67301,2012,5,4,1718,17,1,1,0,4,1, , ,N,1,2,0,3,0,1,2,2,N,N,39 57:41.416,75 14:12.594,1720, ,1720, ,0, ,N, ,3, , , , , ,691878, , , ,2,1,0,0,0,0,0,1,0,0,0,0,1,1,0,0,0,0,0,0,0,1,0,0,0,0,0,0,0,0,0,0,0,0,0,8,0,39.9614,-75.2369, , 
 ,60200,2012085825,6,67,67301,2012,7,4,9999,99,3,1,0,4,1, , ,N,1,2,0,3,0,0,3,2,N,N,39 56:02.036,75 08:50.171,328, ,327, ,0, ,N, ,3, , , , , ,691900, , , ,2,2,0,0,0,0,0,0,0,0,0,0,0,0,0,0,0,0,0,0,0,0,0,0,0,0,0,0,0,0,0,0,0,0,0,0,0,39.9339,-75.1473, , 
 ,60201,2012073591,6,67,67301,2012,6,7,1815,18,1,1,0,8,1, , ,N,0,0,0,3,0,1,2,2,N,N,39 56:31.815,75 12:53.953,1826, ,1826, ,0, ,N, ,0, , , , , ,691916, , , ,1,1,0,0,0,0,0,0,0,0,0,1,1,0,0,0,0,0,0,0,0,0,0,0,0,0,0,0,0,0,0,0,1,0,0,4,0,39.9422,-75.215, , 
 ,60202,2012073637,6,67,67301,2012,6,4,750,7,1,1,0,4,1, , ,N,1,2,0,3,0,0,3,2,N,N,40 02:05.146,75 04:15.791,800, ,755,1,1,1,N, ,3,Y, , , , ,691917, , , ,2,2,0,0,0,0,0,0,0,0,0,0,0,0,0,0,0,0,0,0,0,0,0,0,0,0,0,0,0,0,0,0,0,0,0,0,0,40.0346,-75.0712, , 
 ,60203,2012095382,6,67,67301,2012,8,1,1220,12,1,1,0,9,1, , ,N,1,2,0,3,0,0,4,2,N, ,39 57:25.688,75 09:03.847,1238, ,1230,2,1,2, , ,3,N, , , , ,691941, , , ,1,0,0,0,0,0,1,0,0,0,0,0,0,0,0,0,0,1,0,0,0,0,0,0,0,0,0,0,0,0,0,0,0,0,0,0,0,39.9571,-75.1511, , 
 ,60204,2012098274,6,67,67301,2012,8,6,1215,12,1,1,0,8,1, , ,N,0,0,0,3,0,1,2,2,N,N,39 57:13.085,75 09:55.174,1235, ,1230, ,0, ,N, ,0, , , , , ,691943, , , ,1,1,0,0,0,0,0,0,0,0,0,0,1,1,0,0,0,0,0,0,0,0,0,0,0,0,0,0,0,0,0,0,1,0,0,8,0,39.9536,-75.1653, , 
 ,60205,2012098971,6,67,67301,2012,9,3,1530,15,1,1,0,1,1, , ,N,1,2,0,3,0,0,3,3,N,N,39 59:53.714,75 07:38.470,1620, ,1617, ,0, ,N, ,3, , , , , ,691944, , , ,3,2,0,0,0,0,0,1,0,0,0,0,0,0,0,0,0,0,0,0,0,0,0,0,0,0,0,0,0,0,0,0,0,0,0,0,0,39.9983,-75.1274, , 
 ,60206,2012109875,6,67,67301,2012,10,2,1030,10,1,1,0,5,1, , ,N,0,0,0,3,0,0,2,2,N,N,39 56:56.325,75 11:57.613,1040, ,1036, ,0, ,N, ,0, , , , , ,691953, , , ,2,1,0,0,0,0,1,0,0,0,0,0,0,0,0,0,0,0,0,0,1,0,0,0,0,0,0,0,0,0,0,0,0,0,0,0,0,39.949,-75.1993, , 
 ,60207,2012083902,6,67,67301,2012,8,2,128,1,3,2,1,7,2, , ,N,0,0,0,3,0,0,1,1,N,N,39 58:52.098,75 12:24.299,145, ,130, ,0, ,N, ,0, , , , , ,691974, , , ,1,1,0,0,0,0,0,0,0,0,0,0,0,0,0,0,0,0,0,0,0,0,0,0,0,0,0,0,0,0,0,0,0,0,0,0,0,39.9811,-75.2067, , 
 ,60208,2012098317,6,67,67301,2012,9,4,743,7,1,1,0,1,1, , ,N,0,0,0,3,0,1,2,2,N,N,40 01:25.126,75 05:33.535,831, ,829, ,0, ,N, ,0, , , , , ,691980, , , ,2,1,0,0,1,0,0,0,0,0,0,1,1,0,0,0,0,0,0,0,0,0,0,0,0,0,0,0,0,0,0,0,0,0,0,4,0,40.0238,-75.0925, , 
 ,60209,2012109915,6,67,67301,2012,10,4,1655,16,1,1,0,4,1, , ,N,1,2,0,3,0,1,2,2,N, ,40 00:19.892,75 11:00.168,1659, ,1657,9,1,4, , ,3,N, , , , ,691995, , , ,2,2,0,0,0,0,0,0,0,0,1,0,1,0,1,0,0,0,0,0,0,0,0,0,0,0,0,0,0,0,0,0,0,0,0,3,0,40.0055,-75.1834, , 
 ,60210,2012118760,6,67,67301,2012,11,5,1529,15,1,1,0,1,1, , ,N,0,0,0,3,0,5,9,3,N,N,39 58:10.866,75 07:35.335,1534, ,1531, ,0, ,N, ,0, , , , , ,692003, , , ,3,2,0,0,0,0,1,0,0,0,1,4,5,0,0,0,0,0,0,0,0,0,0,0,0,0,0,0,0,0,0,0,0,0,0,3,0,39.9697,-75.1264, , 
 ,60211,2012028166,6,67,67301,2012,2,7,1010,10,1,1,0,8,6, , ,N,0,0,0,3,0,1,2,2,N,N,39 57:15.234,75 12:12.354,1020, ,1015, ,0, ,N, ,0, , , , , ,685766, , , ,1,1,0,0,0,0,0,0,0,0,0,0,1,1,0,0,0,0,0,0,1,0,0,0,0,0,0,0,0,0,0,0,1,0,0,8,0,39.9542,-75.2034, , 
 ,60212,2012034796,6,67,67301,2012,2,4,2056,20,3,2,1,4,1, , ,N,1,2,0,3,0,1,2,2,N,N,40 02:40.636,75 03:16.819,2105, ,2058,1,1,2, , ,3,N, , , , ,685772, , , ,2,2,0,0,0,0,0,0,0,0,0,1,1,0,0,0,0,0,0,0,0,0,0,0,0,0,0,0,0,0,0,0,0,0,0,4,0,40.0446,-75.0547, , 
 ,60213,2012058159,6,67,67301,2012,6,4,2140,21,3,1,0,5,1, , ,N,0,0,0,3,0,1,6,2,N,N,39 58:53.109,75 06:09.344,2149, ,2143, ,0, ,N, ,0, , , , , ,685793, , , ,2,2,0,0,0,0,0,0,0,0,0,1,1,0,0,0,0,0,0,0,0,0,0,0,0,0,0,0,0,0,0,0,0,0,0,4,0,39.9814,-75.1026, , 
 ,60214,2012082965,6,67,67301,2012,6,7,1435,14,1,1,0,1,1, , ,N,1,2,0,3,0,2,3,2,N,N,40 02:27.780,75 07:46.232,0, ,0, ,0, ,N, ,3, , , , , ,685801, , , ,2,1,0,0,0,0,0,1,0,0,0,0,2,2,0,0,0,0,0,0,0,0,0,0,0,0,0,0,0,0,0,0,0,0,0,8,0,40.0411,-75.1295, , 
 ,60215,2012095441,6,67,67301,2012,8,3,1646,16,1,2,1,9,1, , ,N,1,2,0,3,0,1,2,2,N,N,40 00:46.713,75 07:09.797,1745, ,1742,3,1,4,N, ,3,N, , , , ,685812, , , ,2,0,0,0,0,0,1,1,0,0,0,1,1,0,1,0,0,0,0,0,0,1,0,0,0,0,0,0,0,0,0,0,0,0,0,4,0,40.013,-75.1194, , 
 ,60216,2012095562,6,67,67301,2012,8,1,1615,16,1,1,0,8,1, , ,N,0,0,0,3,0,0,0,2,N, ,40 00:35.863,75 08:26.426,1627, ,1622,2,2,1, , ,0,N, , , , ,685813, , , ,1,1,0,0,0,0,0,0,0,0,0,0,0,0,0,0,0,0,0,0,0,0,0,0,0,0,0,0,0,0,0,0,0,0,0,9,0,40.01,-75.1407, , 
 ,60217,2012097646,6,46,46102,2012,10,3,908,9,1,1,0,4,1, , ,N,0,0,0,3,0,0,2,2,N,N,40 04:37.001,75 09:48.225,911, ,908, ,0, ,N, ,0, , , , , ,685814, , , ,2,2,0,0,0,0,0,0,0,0,0,0,0,0,0,0,0,0,0,0,0,1,0,0,0,0,0,0,0,0,0,0,0,0,0,0,0,40.0769,-75.1634, , 
 ,60218,2012098313,6,67,67301,2012,9,1,1840,18,1,1,0,8,1, , ,N,1,2,0,3,0,1,3,2,N, ,40 01:38.783,75 03:44.998,1844, ,1841, ,0, , , ,3, , , , , ,685816, , , ,1,1,0,0,0,0,0,0,0,0,1,0,1,0,0,0,0,0,0,0,0,0,1,2,0,0,0,0,0,0,0,0,1,0,0,3,0,40.0275,-75.0624, , 
 ,60219,2012125193,6,67,67301,2012,12,2,725,7,1,5,1,1,1, , ,N,0,0,0,3,0,0,8,3,N,N,39 59:31.632,75 12:06.123,734, ,726,1,1,4,N, ,0,N, , , , ,685836, , , ,3,3,0,0,0,0,0,0,0,0,0,0,0,0,0,0,0,0,0,0,0,0,0,0,0,0,0,0,0,0,0,0,0,0,0,0,0,39.9921,-75.2017, , 
 ,60220,2012104604,6,67,67301,2012,9,6,733,7,1,1,0,7,2, , ,N,1,0,0,3,0,1,1,1,N, ,40 01:31.012,75 07:25.742,744, ,742, ,0, , , ,0, , , , , ,685879, , , ,1,1,0,0,0,0,0,0,0,0,0,1,1,0,0,0,0,0,0,0,1,0,0,0,0,0,0,0,0,0,0,0,0,0,0,4,0,40.0253,-75.1238, , 
 ,60221,2012064433,6,67,67301,2012,6,6,1431,14,1,1,0,7,2, , ,N,0,0,0,3,0,1,1,1,N,N,40 00:07.450,75 04:41.875,1438, ,1434, ,0, ,N, ,0, , , , , ,685894, , , ,1,1,0,0,0,0,0,0,0,0,0,1,1,0,0,0,0,0,0,0,0,0,0,0,0,0,0,0,0,0,0,0,0,0,0,4,0,40.002,-75.0784, , 
 ,60222,2012068790,6,67,67301,2012,6,7,2030,20,3,1,0,4,1, , ,N,1,2,0,3,0,1,2,2,N,N,39 56:37.050,75 09:55.623,2039, ,2034, ,0, ,N, ,3, , , , , ,685900, , , ,2,1,1,0,0,0,0,0,0,0,0,1,1,0,0,0,0,0,0,0,0,0,1,1,0,0,0,0,0,0,0,0,0,0,0,4,0,39.9437,-75.1654, , 
 ,60223,2012083348,6,67,67301,2012,8,2,1657,16,1,1,0,4,1, , ,N,1,2,0,3,0,3,3,2,N,N,40 02:44.514,75 01:53.568,1700, ,1657,2,1,2,N, ,3,Y, , , , ,685909, , , ,2,1,0,0,0,0,1,0,0,0,0,3,3,0,0,0,0,0,0,0,1,0,0,0,0,0,0,0,0,0,0,0,0,0,0,4,0,40.0457,-75.0315, , 
 ,60224,2012083790,6,67,67301,2012,8,3,901,9,1,1,0,1,1, , ,N,1,2,0,3,0,0,2,2,N,N,39 58:13.317,75 13:01.912,905, ,902, ,0, ,N, ,3, , , , , ,685910, , , ,2,1,0,0,0,1,0,0,0,0,0,0,0,0,0,0,0,0,0,0,0,0,0,0,0,0,0,0,0,0,0,0,0,0,0,0,1,39.9704,-75.2172, , 
 ,60225,2012085893,6,67,67301,2012,8,4,545,5,1,1,0,8,1, , ,N,5,2,0,3,0,1,2,2,N, ,40 04:37.796,75 05:06.825,555, ,548,9,2,1, , ,3,Y, , , , ,685912, , , ,1,0,0,0,0,0,1,0,0,0,0,0,1,1,0,0,0,0,0,0,0,0,0,0,0,0,0,0,0,0,0,0,1,0,0,8,0,40.0772,-75.0852, , 
 ,60226,2012095547,6,67,67301,2012,8,1,315,3,3,1,0,7,3, , ,N,0,0,0,3,0,0,1,1,N,N,40 02:46.420,75 13:04.094,331, ,323, ,0, , , ,0, , , , , ,685928, , , ,1,1,0,0,0,0,0,0,0,0,0,0,0,0,0,0,0,1,0,0,0,0,0,0,0,0,0,0,0,0,0,0,0,0,0,0,0,40.0462,-75.2178, , 
 ,60227,2012066480,6,67,67301,2012,6,4,817,8,1,1,0,8,1, , ,N,1,3,0,3,0,1,2,2,N, ,39 55:58.990,75 09:32.882,837, ,833, ,0, , , ,3, , , , , ,685946, , , ,1,0,0,0,1,0,0,0,0,0,0,1,1,0,0,0,0,0,0,0,0,0,0,0,0,0,0,0,0,0,0,0,1,0,0,4,0,39.9331,-75.1591, , 
 ,60228,2012074742,6,67,67301,2012,7,7,2200,22,3,2,1,1,1, , ,N,0,0,3,3,0,1,13,3,N,N,39 54:32.303,75 09:04.916,2200, ,2200, ,0, ,N, ,0, , , , , ,685955, , , ,3,0,0,0,0,0,1,1,0,0,0,1,1,0,0,0,0,0,0,0,1,0,0,0,0,0,0,0,0,0,0,0,0,0,0,4,0,39.909,-75.1514, , 
 ,60229,2012080837,6,67,67301,2012,7,1,2110,21,3,1,0,4,1, , ,N,2,0,0,3,0,1,3,2,N, ,40 03:33.422,75 04:00.375,2117, ,2113, ,0, , , ,0, , , , , ,688726, , , ,2,2,0,0,0,0,0,0,0,0,0,1,1,0,0,0,0,1,1,0,0,0,0,0,0,0,0,0,0,0,0,0,0,0,0,4,0,40.0593,-75.0668, , 
 ,60230,2012032648,6,67,67301,2012,2,4,714,7,1,1,0,4,1, , ,N,0,0,0,3,0,2,3,4,N,N,40 03:37.549,75 01:09.210,715, ,714,9,2,3, , ,0,Y, , , , ,688750, , , ,4,2,0,0,1,0,0,1,0,0,0,0,2,2,0,0,0,0,0,1,1,0,0,0,0,0,0,0,0,0,0,0,0,0,0,8,0,40.0604,-75.0192, , 
 ,60231,2012051942,6,67,67301,2012,4,2,1230,12,1,1,0,4,1, , ,N,0,0,7,3,0,1,3,2,N,N,40 04:09.980,75 01:50.473,1250, ,1240, ,0, , , ,0, , , , , ,688769, , , ,2,2,0,0,0,0,0,0,0,0,0,1,1,0,0,0,0,0,0,0,1,0,1,0,0,0,0,0,0,0,0,0,0,0,0,4,0,40.0694,-75.0307, , 
 ,60232,2012066705,6,67,67301,2012,5,6,229,2,3,1,0,5,6, , ,N,0,0,0,3,0,0,1,3,N,N,40 05:52.864,74 58:39.334,231, ,229, ,0, ,N, ,0, , , , , ,688780, , , ,3,3,0,0,0,0,0,0,0,0,0,0,0,0,0,0,0,0,0,0,0,0,0,0,0,0,0,0,0,0,0,0,0,0,0,0,0,40.098,-74.9776, , 
 ,60233,2012073472,6,67,67301,2012,6,6,2040,20,3,2,1,4,1, , ,N,1,2,0,3,0,1,4,3,N,N,39 59:32.607,75 08:31.827,2040, ,2040, ,0, ,N, ,3, , , , , ,688790, , , ,3,2,0,0,0,0,1,0,0,0,0,0,1,1,0,0,0,0,0,1,0,0,0,4,0,0,0,0,0,0,0,0,0,0,0,8,0,39.9923,-75.1422, , 
 ,60234,2012073613,6,67,67301,2012,6,4,2245,22,3,1,0,7,4, , ,N,0,0,0,3,0,1,1,1,N,N,40 06:47.386,75 01:22.305,2300, ,2255,1,1,1,N, ,0,Y, , , , ,688792, , , ,1,1,0,0,0,0,0,0,0,0,0,1,1,0,0,0,0,0,0,0,0,0,0,0,0,0,0,0,0,0,0,0,0,0,0,4,0,40.1132,-75.0229, , 
 ,60235,2012095429,6,67,67301,2012,8,1,2345,23,3,1,0,4,1, , ,N,2,2,0,3,0,0,3,2,N,N,39 57:02.545,75 10:08.180,5, ,3, ,0, ,N, ,3, , , , , ,688805, , , ,2,2,0,0,0,0,0,0,0,0,0,0,0,0,0,0,0,0,0,0,0,0,0,0,0,0,0,0,0,0,0,0,0,0,0,0,0,39.9507,-75.1689, , 
 ,60236,2012095510,6,67,67301,2012,8,7,1658,16,1,1,0,5,6, , ,N,0,0,0,3,0,1,1,2,N,N,40 01:17.208,75 08:21.207,1703, ,1702, ,0, ,N, ,0, , , , , ,688806, , , ,1,1,0,0,0,0,0,0,0,0,0,1,1,0,0,0,0,0,0,0,0,0,0,0,0,0,0,0,0,0,0,0,0,0,0,4,0,40.0214,-75.1392, , 
 ,60237,2012095554,6,67,67301,2012,8,7,1107,11,3,1,0,6,1, , ,N,1,3,0,3,0,2,3,2,N,N,39 56:14.362,75 09:06.335,1137, ,1132, ,0, ,N, ,3, , , , , ,688807, , , ,2,2,0,0,0,0,0,0,0,0,0,2,2,0,0,0,0,0,0,0,1,0,0,1,0,0,0,0,0,0,0,0,0,0,0,4,0,39.9373,-75.1518, , 
 ,60238,2012127595,6,67,67301,2012,12,5,1932,19,3,1,0,1,1, , ,N,0,0,0,3,0,2,4,3,N,N,39 58:53.097,75 06:09.370,1945, ,1932,1,1,2,N, ,0,N, , , , ,688828, , , ,3,2,0,0,0,0,1,0,0,0,0,0,2,2,0,0,0,0,0,0,0,0,0,0,0,0,0,0,0,0,0,0,0,0,0,8,0,39.9814,-75.1026, , 
 ,60239,2012052679,6,67,67301,2012,5,4,1816,18,1,1,0,8,1, , ,N,1,0,0,3,0,2,3,3,N, ,39 57:45.942,75 14:48.128,1925, ,1920, ,0, , , ,0, , , , , ,688829, , , ,1,1,0,0,0,0,0,0,0,0,0,0,2,2,0,0,0,0,0,0,0,0,1,0,0,0,0,0,0,0,0,0,2,0,0,8,0,39.9627,-75.2467, , 
 ,60240,2012065876,6,67,67301,2012,6,6,1537,15,1,1,0,1,1, , ,N,0,0,0,3,0,0,2,2,N,N,39 57:30.738,75 10:01.555,1547, ,1547,2,1,4,N, ,0,N, , , , ,688836, , , ,2,1,0,0,0,0,1,0,0,0,0,0,0,0,0,0,0,0,1,0,0,0,0,0,0,0,0,0,0,0,0,0,0,0,0,0,0,39.9585,-75.1671, , 
 ,60241,2012066668,6,67,67301,2012,6,5,2034,20,3,1,0,1,1, , ,N,0,0,0,3,0,1,2,2,N, ,40 05:25.421,75 02:47.827,2040, ,2034, ,0, , , ,0, , , , , ,688837, , , ,2,2,0,0,0,0,0,0,0,0,0,0,1,1,0,0,0,0,1,0,0,0,0,0,0,0,0,0,0,0,0,0,0,0,0,8,0,40.0904,-75.0466, , 
 ,60242,2012076021,6,67,67301,2012,6,7,635,6,1,1,0,4,1, , ,N,1,2,0,3,0,0,2,2,N,N,40 02:08.995,75 04:39.601,640, ,635, ,0, ,N, ,3, , , , , ,688848, , , ,2,0,0,0,0,0,1,1,0,0,0,0,0,0,2,0,0,0,0,0,1,0,0,0,0,0,0,0,0,0,0,0,0,0,0,9,0,40.0358,-75.0777, , 
 ,60243,2012060756,6,67,67301,2012,5,5,20,0,3,1,0,4,1, , ,N,0,0,0,3,0,0,3,3,N,N,40 01:33.221,75 13:18.403,30, ,26, ,0, ,N, ,0, , , , , ,688884, , , ,3,1,0,0,2,0,0,0,0,0,0,0,0,0,0,0,0,0,0,0,0,0,0,0,0,0,0,0,0,0,0,0,0,0,0,0,0,40.0259,-75.2218, , 
 ,60244,2012073573,6,67,67301,2012,6,3,1520,15,1,1,0,8,1, , ,N,1,2,0,3,0,1,2,2,N, ,40 00:06.454,75 09:15.943,1620, ,1615, ,0, , , ,3, , , , , ,688893, , , ,1,1,0,0,0,0,0,0,0,0,0,1,1,0,0,0,0,0,0,0,0,0,0,0,0,0,0,0,0,0,0,0,1,0,0,4,0,40.0018,-75.1545, , 
 ,60245,2012078243,6,67,67301,2012,7,2,700,7,1,1,0,4,1, , ,N,2,3,0,3,0,2,2,2,N,N,40 02:55.622,75 06:52.124,740, ,732,1,1,4,N, ,3,Y, , , , ,688899, , , ,2,2,0,0,0,0,0,0,0,0,0,2,2,0,0,0,0,0,0,0,0,0,0,0,0,0,0,0,0,0,0,0,0,0,0,4,0,40.0488,-75.1145, , 
 ,60246,2012083269,6,67,67301,2012,7,5,935,9,1,1,0,5,1, , ,N,0,0,0,3,0,1,2,2,N,N,39 57:45.739,75 09:50.029,959, ,947, ,0, ,N, ,0, , , , , ,688905, , , ,1,1,0,0,0,0,0,0,1,0,0,1,1,0,0,0,0,0,0,0,0,0,0,0,0,0,0,0,0,0,0,0,0,0,0,4,0,39.9627,-75.1639, , 
 ,60247,2012095455,6,67,67301,2012,8,1,1230,12,1,1,0,8,2, , ,N,0,0,0,3,0,1,1,2,N,N,39 59:15.810,75 10:14.786,1240, ,1238, ,0, ,N, ,0, , , , , ,688919, , , ,1,0,0,0,0,0,1,0,0,0,0,1,1,0,0,0,0,0,0,0,0,0,0,0,0,0,0,0,0,0,0,0,1,0,0,4,0,39.9877,-75.1708, , 
 ,60248,2012098203,6,67,67301,2012,9,7,845,8,1,1,0,4,1, , ,N,1,2,0,3,0,2,2,2,N, ,39 57:17.373,75 13:04.418,848, ,846, ,0, , , ,3, , , , , ,694309, , , ,2,2,0,0,0,0,0,0,0,0,0,2,2,0,0,0,0,0,0,0,0,0,0,0,0,0,0,0,0,0,0,0,0,0,0,4,0,39.9548,-75.2179, , 
 ,60249,2012104243,6,67,67301,2012,8,1,1806,18,1,1,0,8,1, , ,N,1,0,0,3,0,1,1,2,N, ,40 00:13.024,75 07:56.150,1810, ,1806, ,0, , , ,0, , , , , ,694313, , , ,1,0,0,0,1,0,0,0,0,0,0,1,1,0,0,0,0,0,0,0,0,0,0,0,0,0,0,0,0,0,0,0,1,0,0,4,0,40.0036,-75.1323, , 
 ,60250,2012071294,6,67,67301,2012,7,1,137,1,3,1,0,7,2, , ,N,0,0,0,3,0,1,1,1,N,N,39 55:52.789,75 11:58.197,144, ,144,1,1,3,N, ,0,N, , , , ,694331, , , ,1,1,0,0,0,0,0,0,0,0,0,1,1,0,0,0,0,0,0,0,0,0,0,0,0,0,0,0,0,0,0,0,0,0,0,4,0,39.9313,-75.1995, , 
 ,60251,2012078316,6,67,67301,2012,6,7,2315,23,3,1,0,8,1, , ,N,0,0,0,3,0,1,2,2,N,N,40 02:30.239,75 09:31.507,2320, ,2317, ,0, ,N, ,0, , , , , ,694337, , , ,1,0,0,0,0,0,0,1,0,0,1,0,1,0,0,0,0,0,0,0,1,0,0,0,0,0,0,0,0,0,0,0,1,0,0,3,0,40.0417,-75.1588, , 
 ,60252,2012098247,6,67,67301,2012,8,6,950,9,3,1,0,0,1, , ,N,0,0,0,3,0,1,2,1,N,N,40 02:51.681,75 03:36.003,1002, ,1000, ,0, ,N, ,0, , , , , ,694352, , , ,1,0,0,0,0,0,0,1,0,0,0,0,1,1,0,0,0,0,0,0,0,0,0,0,0,0,0,0,0,0,0,0,0,0,0,8,0,40.0477,-75.06, , 
 ,60253,2012111655,6,67,67301,2012,10,2,1124,11,1,2,1,8,1, , ,N,2,2,0,3,0,1,2,2,N,N,40 01:38.505,75 05:56.834,1128, ,1124,1,1,1,N, ,3,N, , , , ,694364, , , ,1,1,0,0,0,0,0,0,0,0,1,0,1,0,0,0,0,0,0,0,0,0,0,0,0,0,0,0,0,0,0,0,1,0,0,3,0,40.0274,-75.0991, , 
 ,60254,2012078237,6,67,67301,2012,7,2,2155,21,3,1,0,4,2, , ,N,1,2,0,3,0,0,3,3,N, ,39 59:31.320,75 08:24.665,2156, ,2155,9,2,5, , ,3,Y, , , , ,694378, , , ,3,2,0,0,1,0,0,0,0,0,0,0,0,0,1,0,0,0,0,0,0,0,0,0,0,0,0,0,0,0,0,0,0,0,0,9,0,39.992,-75.1402, , 
 ,60255,2012095434,6,67,67301,2012,8,6,915,9,1,1,0,8,1, , ,N,1,2,0,3,0,1,2,1,N,N,39 57:33.044,75 12:07.081,920, ,915, ,0, ,N, ,3, , , , , ,694389, , , ,1,0,0,0,1,0,0,0,0,0,0,0,1,1,0,0,0,0,0,0,0,0,0,1,0,0,0,0,0,0,0,0,0,0,0,8,0,39.9592,-75.202, , 
 ,60256,2012056546,6,67,67301,2012,4,5,2312,23,3,2,1,1,6, , ,N,0,0,0,3,0,1,1,2,N, ,39 58:30.928,75 13:46.292,1205, ,2312, ,0, , , ,0, , , , , ,694416, , , ,2,0,0,0,0,0,1,1,0,0,0,1,1,0,0,0,0,0,0,0,1,0,0,0,0,0,0,0,0,0,0,0,0,0,0,4,0,39.9753,-75.2295, , 
 ,60257,2012056758,6,67,67301,2012,5,4,1005,10,1,2,1,4,1, , ,N,1,2,0,3,0,2,2,2,N,N,39 59:34.736,75 06:36.857,1009, ,1008,2,2,5, , ,3,Y, , , , ,694417, , , ,2,1,0,0,0,0,0,1,0,0,0,0,2,2,0,0,0,0,0,0,0,0,0,0,0,0,0,0,0,0,0,0,0,0,0,8,0,39.9929,-75.1103, , 
 ,60258,2012098364,6,67,67301,2012,9,4,1235,12,1,1,0,4,1, , ,N,2,3,0,3,0,2,3,2,N,N,39 55:18.429,75 13:17.630,1251, ,1250, ,0, , , ,3, , , , , ,694432, , , ,2,1,0,0,0,0,1,0,0,0,0,1,1,0,0,0,0,0,0,0,0,0,0,0,0,0,0,0,0,0,0,0,0,0,0,4,0,39.9218,-75.2216, , 