wz_ln_closure,objectid_1,crn,district,county,municipality,crash_year,crash_month,day_of_week,time_of_day,hour_of_day,illumination,weather,road_condition,collision_type,relation_to_road,work_zone_type,work_zone_loc,work_zone_ind,intersect_type,tcd_type,location_type,urban_rural,fatal_count,injury_count,person_count,total_units,sch_bus_ind,sch_zone_ind,latitude,longitude,arrival_tm,cons_zone_spd_lim,dispatch_tm,est_hrs_closed,lane_closed,ln_close_dir,ntfy_hiwy_maint,spec_juris_cd,tcd_func_cd,tfc_detour_ind,workers_pres,wz_close_detour,wz_flagger,wz_law_offcr_ind,objectid,wz_moving,wz_other,wz_shlder_mdn,vehicle_count,automobile_count,motorcycle_count,bus_count,small_truck_count,heavy_truck_count,suv_count,van_count,bicycle_count,maj_inj_count,mod_inj_count,min_inj_count,tot_inj_count,unk_inj_deg_count,unk_inj_per_count,driver_count_16yr,driver_count_17yr,driver_count_18yr,driver_count_19yr,driver_count_20yr,driver_count_50_64yr,driver_count_65_74yr,driver_count_75plus,unbelted_occ_count,unb_death_count,unb_maj_inj_count,belted_death_count,belted_maj_inj_count,mcycle_death_count,mcycle_maj_inj_count,bicycle_death_count,bicycle_maj_inj_count,ped_count,ped_death_count,ped_maj_inj_count,max_severity_level,comm_veh_count,dec_lat,dec_long,rdwy_surf_type_cd,county_name
 ,60259,2012098414,6,67,67301,2012,9,5,2113,21,3,1,0,4,1, , ,N,1,3,0,3,0,1,3,2,N,N,40 00:16.671,75 09:50.230,2116, ,2115, ,0, ,N, ,3, , , , , ,694433, , , ,2,1,0,0,0,0,0,0,1,0,0,1,1,0,0,0,0,0,0,0,0,0,1,0,0,0,0,0,0,0,0,0,0,0,0,4,0,40.0046,-75.164, , 
 ,60260,2012099011,6,67,67301,2012,9,6,9999,99,3,1,0,2,1, , ,N,0,0,0,3,0,1,1,2,N, ,40 04:08.392,74 59:30.526,420, ,411, ,0, , , ,0, , , , , ,694435, , , ,2,1,0,0,1,0,0,0,0,0,0,0,0,0,1,0,0,0,0,0,0,0,0,0,0,0,0,0,0,0,0,0,0,0,0,9,0,40.069,-74.9918, , 
 ,60261,2012099033,6,67,67301,2012,9,6,1543,15,1,1,0,1,1, , ,N,0,0,0,3,0,1,3,2,N,N,39 57:24.868,75 11:58.781,1610, ,1605, ,0, ,N, ,0, , , , , ,694436, , , ,2,1,0,0,0,0,1,0,0,0,0,1,1,0,0,0,0,0,0,0,0,0,1,0,0,0,0,0,0,0,0,0,0,0,0,4,0,39.9569,-75.1997, , 
 ,60262,2012116469,6,67,67301,2012,11,1,811,8,1,5,1,7,4, , ,N,0,0,0,3,0,0,1,1,N,N,39 57:38.730,75 10:54.085,811, ,811, ,0, ,N, ,0, , , , , ,694456, , , ,1,1,0,0,0,0,0,0,0,0,0,0,0,0,0,0,0,0,0,0,0,0,0,0,0,0,0,0,0,0,0,0,0,0,0,0,0,39.9608,-75.1817, , 
 ,60263,2012066553,6,67,67301,2012,5,1,50,0,3,1,0,7,2, , ,N,0,0,0,3,0,2,2,1,N, ,39 55:17.770,75 13:00.560,52, ,51,4,2,5, , ,0,Y, , , , ,694464, , , ,1,1,0,0,0,0,0,0,0,0,0,0,2,2,0,0,0,0,0,0,0,0,0,0,0,0,0,0,0,0,0,0,0,0,0,8,0,39.9216,-75.2168, , 
 ,60264,2012111664,6,67,67301,2012,10,5,2050,20,3,1,0,1,1, , ,N,0,2,0,3,0,1,2,2,N,N,40 05:13.533,75 02:27.145,2055, ,2051, ,0, ,N, ,3, , , , , ,694505, , , ,2,1,1,0,0,0,0,0,0,0,0,1,1,0,0,0,0,1,0,0,0,0,0,0,0,0,0,0,0,0,0,0,0,0,0,4,0,40.0871,-75.0409, , 
 ,60265,2012078214,6,67,67301,2012,7,3,1214,12,1,1,0,5,6, , ,N,0,0,0,3,0,1,2,4,N,N,40 04:19.903,75 09:37.507,1218, ,1216, ,0, ,N, ,0, , , , , ,694525, , , ,4,3,0,0,0,0,1,0,0,0,0,0,1,1,0,0,0,0,0,0,1,0,0,0,0,0,0,0,0,0,0,0,0,0,0,8,0,40.0722,-75.1604, , 
 ,60266,2012060777,6,67,67301,2012,4,5,1820,18,3,1,0,8,1, , ,N,1,2,0,3,0,1,2,2,N, ,40 02:26.486,75 04:34.494,1826, ,1823, ,0, , , ,3, , , , , ,692007, , , ,1,0,0,0,0,0,1,0,0,0,0,1,1,0,0,0,0,0,0,0,1,0,0,0,0,0,0,0,0,0,0,0,1,0,0,4,0,40.0407,-75.0762, , 
 ,60267,2012066581,6,67,67301,2012,6,1,310,3,3,1,0,2,1, , ,N,0,0,0,3,0,2,3,4,N,N,39 55:32.289,75 14:13.354,321, ,321, ,0, ,N, ,0, , , , , ,692015, , , ,4,2,0,0,0,0,1,1,0,0,0,2,2,0,0,0,0,0,0,0,0,0,0,0,0,0,0,0,0,0,0,0,0,0,0,4,0,39.9256,-75.237, , 
 ,60268,2012076740,6,67,67301,2012,6,4,1513,15,1,1,0,1,1, , ,N,0,2,6,3,0,1,2,2,N, ,40 04:35.407,75 01:57.021,1523, ,1519,1,1,1, , ,3,N, , , , ,692029, , , ,2,1,0,0,0,0,1,0,0,0,0,0,1,1,0,0,0,0,0,0,0,0,0,0,0,0,0,0,0,0,0,0,0,0,0,8,0,40.0765,-75.0327, , 
 ,60269,2012066647,6,67,67301,2012,6,6,1004,10,1,1,0,4,1, , ,N,1,2,0,3,0,1,2,2,N,N,39 57:37.583,75 14:27.758,1006, ,1004,9,1,7,N, ,3,N, , , , ,692063, , , ,1,1,0,0,0,0,0,0,1,0,0,1,1,0,0,0,0,1,0,0,0,0,0,0,0,0,0,0,0,0,0,0,0,0,0,4,0,39.9604,-75.2411, , 
 ,60270,2012066724,6,67,67301,2012,5,2,1540,15,1,1,0,4,1, , ,N,0,0,7,3,0,0,2,2,N,N,39 57:08.393,75 08:24.482,1624, ,1540, ,0, ,N, ,0, , , , , ,692064, , , ,2,2,0,0,0,0,0,0,0,0,0,0,0,0,1,0,0,0,0,0,0,1,0,0,0,0,0,0,0,0,0,0,0,0,0,9,0,39.9524,-75.1401, , 
 ,60271,2012078171,6,67,67301,2012,6,6,2002,20,4,1,0,4,1, , ,N,1,2,0,3,0,2,3,2,N, ,39 59:08.826,75 12:56.555,2009, ,2004, ,0, , , ,3, , , , , ,692075, , , ,2,1,0,0,0,0,1,0,0,0,0,2,2,0,0,0,0,0,0,0,1,0,0,0,0,0,0,0,0,0,0,0,0,0,0,4,0,39.9858,-75.2156, , 
 ,60272,2012078311,6,67,67301,2012,7,3,1823,18,1,1,0,8,1, , ,N,0,3,0,3,0,1,2,2,N,N,39 57:44.880,75 13:57.140,1829, ,1825, ,0, ,N, ,3, , , , , ,692076, , , ,1,1,0,0,0,0,0,0,0,0,0,1,1,0,0,0,0,0,0,0,0,0,0,0,0,0,0,0,0,0,0,0,1,0,0,4,0,39.9625,-75.2325, , 
 ,60273,2012083354,6,67,67301,2012,8,4,1743,17,1,2,1,1,1, , ,N,0,2,0,3,0,1,5,2,N,N,40 06:52.978,74 59:14.077,1748, ,1746,1,1,2,N, ,3,N, , , , ,692079, , , ,2,1,0,1,0,0,0,0,0,0,1,0,1,0,0,0,0,0,0,0,2,0,0,0,0,0,0,0,0,0,0,0,0,0,0,3,1,40.1147,-74.9873, , 
 ,60274,2012090809,6,46,46108,2012,9,5,706,7,1,1,0,1,1, , ,N,0,0,0,3,0,0,2,2,N,N,40 05:10.856,75 13:48.558,715, ,706,1,1,3,N, ,0,Y, , , , ,692088, , , ,2,2,0,0,0,0,0,0,0,0,0,0,0,0,0,0,0,0,0,0,1,0,0,1,0,0,0,0,0,0,0,0,0,0,0,0,0,40.0863,-75.2302, , 
 ,60275,2012095578,6,67,67301,2012,8,5,1708,17,1,1,0,4,1, , ,N,1,3,0,3,0,1,2,2,N,N,40 04:56.478,74 58:54.519,1721, ,1710, ,0, ,N, ,3, , , , , ,692096, , , ,1,1,0,0,0,0,0,0,1,0,0,1,1,0,0,0,0,0,0,0,0,0,0,0,0,0,0,0,0,0,0,0,0,0,0,4,0,40.0824,-74.9818, , 
 ,60276,2012073202,6,67,67301,2012,7,1,1422,14,1,1,0,1,3, , ,N,0,0,0,3,0,0,2,2,N,N,39 56:39.629,75 11:30.454,1442, ,1430, ,0, ,N, ,0, , , , , ,692103, , , ,2,2,0,0,0,0,0,0,0,0,0,0,0,0,0,0,0,0,0,0,1,0,0,0,0,0,0,0,0,0,0,0,0,0,0,0,0,39.9429,-75.1932, , 
 ,60277,2012078176,6,67,67301,2012,7,3,1238,12,1,1,0,1,6, , ,N,0,0,0,3,0,1,1,3,N, ,40 04:09.256,75 03:26.591,1240, ,1238, ,0, , , ,0, , , , , ,692118, , , ,3,0,0,0,0,0,3,0,0,0,0,0,1,1,0,0,0,0,0,0,0,0,0,0,0,0,0,0,0,0,0,0,0,0,0,8,0,40.0692,-75.0574, , 
 ,60278,2012111755,6,67,67301,2012,10,3,1946,19,3,2,1,5,1, , ,N,1,2,0,3,0,1,2,2,N,N,40 03:34.205,75 04:49.964,1951, ,1946,2,1,6,N, ,3,N, , , , ,692144, , , ,2,2,0,0,0,0,0,0,0,0,0,1,1,0,0,0,1,0,0,0,0,0,0,0,0,0,0,0,0,0,0,0,0,0,0,4,0,40.0595,-75.0805, , 
 ,60279,2012117896,6,67,67301,2012,11,6,1225,12,1,1,0,8,1, , ,N,1,0,0,3,0,1,4,2,N,N,39 59:07.968,75 06:13.192,1345, ,1322,3,1,4,N, ,0,Y, , , , ,692147, , , ,1,0,0,1,0,0,0,0,0,0,1,0,1,0,0,0,0,0,0,0,0,0,0,0,0,0,0,0,0,0,0,0,1,0,0,3,1,39.9855,-75.1038, , 
 ,60280,2012055945,6,67,67301,2012,6,7,310,3,3,2,1,7,2, , ,N,0,0,0,3,0,1,1,1,N,N,39 58:56.188,75 12:27.838,315, ,311, ,0, ,N, ,0, , , , , ,692152, , , ,1,1,0,0,0,0,0,0,0,0,0,0,1,1,0,0,0,0,0,0,0,0,0,0,0,0,0,0,0,0,0,0,0,0,0,8,0,39.9823,-75.2077, , 
 ,60281,2012069019,6,67,67301,2012,7,3,856,8,1,1,0,1,1, , ,N,0,0,0,3,0,1,3,2,N,N,39 58:37.287,75 06:48.518,901, ,858,1,2,2,N, ,0,N, , , , ,692168, , , ,2,2,0,0,0,0,0,0,0,0,0,1,1,0,0,0,1,0,0,0,0,0,0,0,0,0,0,0,0,0,0,0,0,0,0,4,0,39.977,-75.1135, , 
 ,60282,2012078571,6,67,67301,2012,6,6,2255,22,3,1,0,4,1, , ,N,1,2,0,3,0,0,3,2,N, ,40 01:21.296,75 10:41.374,2256, ,2255, ,0, ,N, ,3, , , , , ,692180, , , ,2,1,0,0,0,0,1,0,0,0,0,0,0,0,0,0,0,0,0,0,1,0,0,0,0,0,0,0,0,0,0,0,0,0,0,0,0,40.0226,-75.1782, , 
 ,60283,2012074139,6,67,67301,2012,7,5,2204,22,3,2,1,4,1, , ,N,1,2,0,3,0,0,3,2,N,N,40 04:50.820,75 01:42.117,2225, ,2206,3,2,7,N, ,3,N, , , , ,692196, , , ,2,0,0,0,1,0,1,0,0,0,0,0,0,0,0,0,0,0,0,0,0,0,0,0,0,0,0,0,0,0,0,0,0,0,0,0,0,40.0808,-75.0284, , 
 ,60284,2012078637,6,67,67301,2012,7,4,1422,14,1,1,0,8,1, , ,N,1,2,0,3,0,1,2,2,N,N,40 02:22.235,75 02:00.419,1433, ,1429, ,0, , , ,3, , , , , ,685958, , , ,1,1,0,0,0,0,0,0,0,0,0,1,1,0,0,0,0,0,0,1,0,0,0,0,0,0,0,0,0,0,0,0,1,0,0,4,0,40.0395,-75.0334, , 
 ,60285,2012078641,6,67,67301,2012,6,6,1741,17,1,1,0,2,1, , ,N,0,0,0,3,0,1,3,2,N,N,39 56:03.044,75 11:49.452,1803, ,1800, ,0, ,N, ,0, , , , , ,685959, , , ,1,1,0,0,0,0,0,0,1,0,0,1,1,0,0,0,0,0,0,0,0,0,0,0,0,0,0,0,0,0,0,0,0,0,0,4,0,39.9342,-75.1971, , 
 ,60286,2012087137,6,67,67301,2012,9,7,1924,19,1,1,0,7,2, , ,N,0,0,0,3,0,1,1,1,N,N,39 55:29.773,75 11:36.074,1932, ,1924,1,1,3,N, ,0,N, , , , ,685964, , , ,1,1,0,0,0,0,0,0,0,0,0,1,1,0,0,0,0,0,0,0,0,0,0,0,0,0,0,0,0,0,0,0,0,0,0,4,0,39.9249,-75.1934, , 
 ,60287,2012095384,6,67,67301,2012,8,3,1247,12,1,1,0,8,1, , ,N,0,0,0,3,0,1,2,2,N, ,39 57:05.745,75 08:43.216,1255, ,1254, ,0, , , ,0, , , , , ,685971, , , ,1,1,0,0,0,0,0,0,0,0,1,0,1,0,0,0,0,0,0,0,0,0,0,0,0,0,0,0,0,0,0,0,1,0,0,3,0,39.9516,-75.1453, , 
 ,60288,2012098329,6,67,67301,2012,8,7,1640,16,1,1,0,8,1, , ,N,1,0,0,3,0,1,2,2,N,N,40 00:03.643,75 07:25.222,1945, ,1940, ,0, ,N, ,0, , , , , ,685974, , , ,1,1,0,0,0,0,0,0,0,0,0,1,1,0,0,0,0,0,0,0,0,0,0,0,0,0,0,0,0,0,0,0,1,0,0,4,0,40.001,-75.1237, , 
 ,60289,2012104453,6,67,67301,2012,10,5,400,4,3,1,0,7,4, , ,N,0,0,0,3,0,0,2,1,N,N,39 58:09.541,75 11:31.275,405, ,401,1,1,4,N, ,0,N, , , , ,685977, , , ,1,1,0,0,0,0,0,0,0,0,0,0,0,0,0,0,0,0,0,0,0,0,0,0,0,0,0,0,0,0,0,0,0,0,0,0,0,39.9693,-75.192, , 
 ,60290,2012050889,6,67,67301,2012,5,1,2209,22,3,1,0,4,1, , ,N,0,0,0,3,0,1,5,2,N,N,39 57:27.707,75 09:37.919,2226, ,2213, ,0, ,N, ,0, , , , , ,685983, , , ,2,1,0,0,0,0,1,0,0,0,0,1,1,0,0,0,0,0,0,0,0,0,0,0,0,0,0,0,0,0,0,0,0,0,0,4,0,39.9577,-75.1605, , 
 ,60291,2012034700,6,67,67301,2012,3,1,1824,18,4,9,8,7,5, , ,N,0,0,0,3,0,1,1,1,N, ,39 54:08.715,75 09:01.317,1830, ,1826, ,0, , , ,0, , , , , ,686015, , , ,1,1,0,0,0,0,0,0,0,0,1,0,1,0,0,1,0,0,0,0,0,0,0,0,0,0,0,0,0,0,0,0,0,0,0,3,0,39.9024,-75.1504, , 
 ,60292,2012041494,6,67,67301,2012,3,1,1705,17,1,1,0,4,1, , ,N,0,0,7,3,0,1,2,2,N,N,39 57:23.381,75 12:33.027,1714, ,1713, ,0, ,N, ,0, , , , , ,686023, , , ,2,1,1,0,0,0,0,0,0,0,1,0,1,0,0,0,0,0,0,0,1,0,0,0,0,0,0,0,0,0,0,0,0,0,0,3,0,39.9565,-75.2092, , 
 ,60293,2012083146,6,67,67301,2012,7,3,105,1,3,1,0,4,1, , ,N,1,2,0,3,0,1,2,2,N,N,39 58:42.963,75 08:42.028,120, ,110, ,0, ,N, ,3, , , , , ,686056, , , ,2,2,0,0,0,0,0,0,0,0,0,1,1,0,0,0,0,0,0,0,0,0,0,0,0,0,0,0,0,0,0,0,0,0,0,4,0,39.9786,-75.145, , 
 ,60294,2012083809,6,67,67301,2012,8,5,1958,19,3,1,0,4,1, , ,N,2,0,0,3,0,1,3,2,N,N,39 57:41.633,75 09:06.417,2020, ,2018, ,0, ,N, ,0, , , , , ,686058, , , ,2,2,0,0,0,0,0,0,0,0,1,0,1,0,0,0,0,0,0,0,1,0,0,0,0,0,0,0,0,0,0,0,0,0,0,3,0,39.9615,-75.1517, , 
 ,60295,2012066588,6,67,67301,2012,5,4,155,1,3,1,0,4,6, , ,N,0,0,0,3,0,2,2,2,N, ,39 58:59.392,75 08:21.169,205, ,200, ,0, , , ,0, , , , , ,686078, , , ,2,1,0,0,0,0,1,0,0,0,0,2,2,0,0,0,0,0,0,0,0,0,0,0,0,0,0,0,0,0,0,0,0,0,0,4,0,39.9832,-75.1392, , 
 ,60296,2012068681,6,67,67301,2012,5,2,1250,12,1,1,0,4,1, , ,N,2,2,0,3,0,1,2,2,N,N,39 55:14.253,75 09:00.640,1254, ,1253, ,0, ,N, ,3, , , , , ,686080, , , ,2,2,0,0,0,0,0,0,0,0,0,1,1,0,1,0,0,0,0,0,0,0,1,0,0,0,0,0,0,0,0,0,0,0,0,4,0,39.9206,-75.1502, , 
 ,60297,2012056641,6,67,67301,2012,5,1,1730,17,1,1,0,1,1, , ,N,0,0,0,3,0,1,2,2,N,N,39 59:36.434,75 10:22.591,1740, ,1732, ,0, ,N, ,0, , , , , ,686084, , , ,2,1,0,0,0,0,1,0,0,0,0,1,1,0,0,0,0,0,0,0,0,0,0,0,0,0,0,0,0,0,0,0,0,0,0,4,0,39.9935,-75.1729, , 
 ,60298,2012104028,6,67,67301,2012,9,7,2244,22,3,1,0,1,1, , ,N,3,2,7,3,0,1,4,3,N,N,39 57:52.333,75 08:03.809,2249, ,2245,3,2,2,N, ,3,Y, , , , ,686119, , , ,3,2,1,0,0,0,0,0,0,1,0,0,1,0,0,0,0,0,0,0,0,0,0,0,0,0,0,0,0,1,0,0,0,0,0,2,0,39.9644,-75.1343, , 
 ,60299,2012088618,6,67,67301,2012,8,5,1516,15,1,1,0,9,1, , ,N,1,3,0,3,0,1,3,2,N,N,40 02:09.304,75 05:17.282,1523, ,1518, ,0, , , ,3, , , , , ,686164, , , ,2,2,0,0,0,0,0,0,0,0,0,1,1,0,1,0,0,0,0,0,0,0,0,0,0,0,0,0,0,0,0,0,0,0,0,4,0,40.0359,-75.0881, , 
 ,60300,2012092226,6,67,67301,2012,9,5,2030,20,3,1,0,0,1, , ,N,0,0,0,3,0,0,1,1,N,N,39 58:07.971,75 07:40.965,2051, ,2045, ,0, ,N, ,0, , , , , ,686168, , , ,1,1,0,0,0,0,0,0,0,0,0,0,0,0,0,0,0,0,0,0,0,0,0,0,0,0,0,0,0,0,0,0,0,0,0,0,0,39.9689,-75.128, , 
 ,60301,2012095577,6,67,67301,2012,8,7,2000,20,3,1,0,8,5, , ,N,0,0,7,3,0,1,2,1,N,N,40 05:27.136,74 57:31.575,2020, ,2011, ,0, ,N, ,0, , , , , ,686187, , , ,1,1,0,0,0,0,0,0,0,0,0,0,1,1,0,0,0,0,0,0,0,0,1,0,0,0,0,0,0,0,0,0,1,0,0,8,0,40.0909,-74.9588, , 
 ,60302,2012117292,6,67,67301,2012,10,4,534,5,3,1,0,1,1, , ,N,0,0,0,3,0,1,3,3,N,N,40 04:39.228,75 01:54.067,610, ,542,1,1,1,N, ,0,N, , , , ,686203, , , ,3,1,0,0,0,0,2,0,0,0,0,1,1,0,0,0,0,0,0,0,0,0,0,0,0,0,0,0,0,0,0,0,0,0,0,4,0,40.0776,-75.0317, , 
 ,60303,2012095525,6,67,67301,2012,8,2,1000,10,1,2,1,4,1, , ,N,1,0,0,3,0,1,3,3,N, ,39 58:49.315,75 10:15.272,1035, ,1027, ,0, , , ,0, , , , , ,688920, , , ,3,1,0,0,0,0,1,1,0,0,0,1,1,0,0,0,0,0,0,0,0,0,0,0,0,0,0,0,0,0,0,0,0,0,0,4,0,39.9804,-75.1709, , 
 ,60304,2012095553,6,67,67301,2012,8,5,1720,17,1,1,0,1,1, , ,N,1,2,0,3,0,1,2,2,N,N,39 57:13.024,75 13:05.347,1734, ,1734, ,0, ,N, ,3, , , , , ,688921, , , ,1,0,0,0,0,0,0,1,1,0,0,0,1,1,0,0,0,0,0,0,0,0,0,1,0,0,0,0,0,0,0,0,0,0,0,8,0,39.9536,-75.2182, , 
 ,60305,2012096027,6,67,67301,2012,8,4,2007,20,3,1,0,4,1, , ,N,2,3,0,3,0,1,2,4,N, ,40 01:21.320,75 07:57.547,2157, ,2154,3,1,3, , ,3,N, , , , ,688922, , , ,4,2,0,0,1,0,0,1,0,0,0,1,1,0,0,0,0,0,0,0,1,0,0,0,0,0,0,0,0,0,0,0,0,0,0,4,0,40.0226,-75.1327, , 
 ,60306,2012049747,6,67,67301,2012,4,7,9999,99,1,1,0,1,1, , ,N,1,2,0,3,0,1,2,2,N,Y,40 02:38.401,75 06:09.537,1145, ,1145, ,0, ,Y, ,3, , , , , ,688925, , , ,2,0,0,0,1,0,1,0,0,0,0,1,1,0,0,0,0,0,0,1,0,0,0,0,0,0,0,0,0,0,0,0,0,0,0,4,0,40.044,-75.1026, , 
 ,60307,2012057516,6,67,67301,2012,5,3,950,9,1,1,0,3,6, , ,N,0,0,0,3,0,1,2,2,N,N,39 53:21.554,75 11:13.614,1001, ,953, ,0, ,N, ,0, , , , , ,688930, , , ,2,2,0,0,0,0,0,0,0,0,0,1,1,0,0,0,0,0,0,1,0,0,0,0,0,0,0,0,0,0,0,0,0,0,0,4,0,39.8893,-75.1871, , 
 ,60308,2012061903,6,67,67301,2012,6,2,647,6,1,1,0,1,1, , ,N,0,0,3,3,0,1,2,2,N,N,39 53:35.110,75 11:48.133,700, ,659, ,0, ,N, ,0, , , , , ,688933, , , ,2,1,0,0,0,0,0,0,0,0,0,1,1,0,1,0,0,0,0,0,1,0,0,0,0,0,0,0,0,0,0,0,0,0,0,4,0,39.8931,-75.1967, , 
 ,60309,2012072768,6,67,67301,2012,5,4,1305,13,1,1,0,1,1, , ,N,0,0,0,3,0,0,2,2,N,N,39 59:59.704,75 11:42.897,1305, ,1305, ,0, ,N, ,0, , , , , ,688946, , , ,2,0,0,0,0,0,2,0,0,0,0,0,0,0,1,0,0,0,0,1,0,0,0,1,0,0,0,0,0,0,0,0,0,0,0,9,0,39.9999,-75.1952, , 
 ,60310,2012078379,6,67,67301,2012,7,1,34,0,3,1,0,4,1, , ,N,0,0,0,3,0,0,4,2,N,N,40 02:33.608,75 05:47.205,38, ,34, ,0, ,N, ,0, , , , , ,688954, , , ,2,1,0,0,0,0,0,1,0,0,0,0,0,0,0,0,0,0,0,0,0,0,0,0,0,0,0,0,0,0,0,0,0,0,0,0,0,40.0427,-75.0964, , 
 ,60311,2012088568,6,67,67301,2012,8,4,826,8,1,1,0,6,1, , ,N,0,0,0,3,0,1,3,2,N, ,40 01:47.701,75 10:32.702,830, ,829, ,0, , , ,0, , , , , ,688960, , , ,2,0,0,0,1,0,1,0,0,0,0,0,1,1,0,0,0,0,0,0,0,0,0,0,0,0,0,0,0,0,0,0,0,0,0,8,0,40.0299,-75.1758, , 
 ,60312,2012041533,6,67,67301,2012,3,2,1001,10,1,1,0,7,5, , ,N,0,0,0,3,0,1,1,2,N,N,40 01:32.444,75 02:22.376,1005, ,1003, ,0, ,N, ,0, , , , , ,688973, , , ,2,2,0,0,0,0,0,0,0,0,0,1,1,0,0,0,0,0,0,0,0,0,1,0,0,0,0,0,0,0,0,0,0,0,0,4,0,40.0257,-75.0395, , 
 ,60313,2012041681,6,67,67301,2012,3,1,1745,17,1,1,0,1,1, , ,N,1,4,0,3,0,1,3,2,N,N,40 03:43.651,75 05:00.415,2105, ,2047, ,0, ,N, ,3, , , , , ,688974, , , ,2,1,0,0,0,0,1,0,0,0,0,1,1,0,0,0,0,0,0,0,0,0,0,0,0,0,0,0,0,0,0,0,0,0,0,4,0,40.0621,-75.0834, , 
 ,60314,2012041717,6,67,67301,2012,3,6,1547,15,1,1,0,4,1, , ,N,1,2,0,3,0,2,3,2,N, ,39 56:20.655,75 11:41.650,1557, ,1550, ,0, , , ,3, , , , , ,688975, , , ,2,1,0,0,0,0,1,0,0,0,2,0,2,0,0,0,0,0,0,0,0,0,0,1,0,0,0,0,0,0,0,0,0,0,0,3,0,39.9391,-75.1949, , 
 ,60315,2012066422,6,67,67301,2012,6,1,1955,19,4,2,1,4,1, , ,N,1,3,0,3,0,1,4,2,N, ,39 58:16.953,75 14:27.625,2001, ,2000, ,0, , , ,3, , , , , ,688982, , , ,2,2,0,0,0,0,0,0,0,0,0,0,1,1,1,0,0,0,0,0,0,0,0,0,0,0,0,0,0,0,0,0,0,0,0,8,0,39.9714,-75.241, , 
 ,60316,2012066662,6,67,67301,2012,5,2,1100,11,1,1,0,8,1, , ,N,1,3,0,3,0,1,2,2,N, ,39 58:38.996,75 09:35.477,1150, ,1120, ,0, , , ,3, , , , , ,688983, , , ,1,1,0,0,0,0,0,0,0,0,0,0,1,1,1,0,0,0,0,0,0,0,0,0,0,0,0,0,0,0,0,0,1,0,0,8,0,39.9775,-75.1599, , 
 ,60317,2012095420,6,67,67301,2012,8,3,1700,17,1,1,0,9,1, , ,N,1,3,0,3,0,0,4,2,N,N,39 55:51.897,75 13:03.751,1713, ,1708,1,2,5,N, ,3,Y, , , , ,689006, , , ,2,1,0,0,0,0,1,0,0,0,0,0,0,0,0,0,0,0,1,0,0,0,0,0,0,0,0,0,0,0,0,0,0,0,0,0,0,39.9311,-75.2176, , 
 ,60318,2012098353,6,67,67301,2012,9,1,1230,12,1,2,1,8,1, , ,N,0,0,0,3,0,1,1,2,N, ,39 58:31.234,75 09:51.800,9999, ,1230, ,0, , , ,0, , , , , ,689008, , , ,1,0,0,0,1,0,0,0,0,0,0,1,1,0,0,0,0,0,0,0,0,0,0,0,0,0,0,0,0,0,0,0,1,0,0,4,0,39.9753,-75.1644, , 
 ,60319,2012063871,6,67,67301,2012,5,4,1218,12,1,1,0,4,1, , ,N,1,3,0,3,0,2,6,2,N, ,40 02:46.472,75 09:57.862,1220, ,1219, ,0, , , ,3, , , , , ,689035, , , ,2,2,0,0,0,0,0,0,0,0,0,2,2,0,0,0,0,0,1,0,0,0,0,0,0,0,0,0,0,0,0,0,0,0,0,4,0,40.0462,-75.1661, , 
 ,60320,2012064674,6,67,67301,2012,5,7,1310,13,1,1,0,8,1, , ,N,0,0,0,3,0,1,2,2,N,N,40 01:07.330,75 08:20.594,1310, ,1300, ,0, , , ,0, , , , , ,689037, , , ,1,1,0,0,0,0,0,0,0,0,0,1,1,0,0,0,0,0,0,0,0,0,0,0,0,0,0,0,0,0,0,0,1,0,0,4,0,40.0187,-75.1391, , 
 ,60321,2012080531,6,67,67301,2012,8,2,1754,17,1,1,0,4,1, , ,N,1,2,0,3,0,0,5,3,N,N,39 59:39.085,75 06:28.154,1754, ,1754,3,2,6,N, ,3,Y, , , , ,694528, , , ,3,2,0,0,0,0,0,1,0,0,0,0,0,0,0,0,0,0,0,0,0,0,0,0,0,0,0,0,0,0,0,0,0,0,0,0,0,39.9942,-75.1078, , 
 ,60322,2012078546,6,67,67301,2012,7,3,1509,15,1,1,0,1,1, , ,N,0,0,7,3,0,1,2,2,N,N,40 05:57.562,75 02:42.330,1513, ,1509, ,0, ,N, ,0, , , , , ,694563, , , ,2,1,0,0,1,0,0,0,0,0,0,1,1,0,0,0,0,0,0,0,0,0,0,0,0,0,0,0,0,0,0,0,0,0,0,4,0,40.0993,-75.0451, , 
 ,60323,2012086371,6,67,67301,2012,8,4,1713,17,1,1,0,1,1, , ,N,0,0,0,3,0,1,3,3,N,N,39 57:43.019,75 08:22.511,1713, ,1713, ,0, ,N, ,0, , , , , ,694570, , , ,3,3,0,0,0,0,0,0,0,0,0,1,1,0,0,0,0,0,0,0,0,1,0,0,0,0,0,0,0,0,0,0,0,0,0,4,0,39.9618,-75.1397, , 
 ,60324,2012109807,6,67,67301,2012,10,7,1205,12,1,1,0,1,1, , ,N,2,2,0,3,0,0,2,2,N,N,40 01:46.046,75 11:10.157,1220, ,1217,2,1,2,N, ,3,N, , , , ,694590, , , ,2,2,0,0,0,0,0,0,0,0,0,0,0,0,0,0,0,0,0,0,2,0,0,0,0,0,0,0,0,0,0,0,0,0,0,0,0,40.0295,-75.1862, , 