wz_ln_closure,objectid_1,crn,district,county,municipality,crash_year,crash_month,day_of_week,time_of_day,hour_of_day,illumination,weather,road_condition,collision_type,relation_to_road,work_zone_type,work_zone_loc,work_zone_ind,intersect_type,tcd_type,location_type,urban_rural,fatal_count,injury_count,person_count,total_units,sch_bus_ind,sch_zone_ind,latitude,longitude,arrival_tm,cons_zone_spd_lim,dispatch_tm,est_hrs_closed,lane_closed,ln_close_dir,ntfy_hiwy_maint,spec_juris_cd,tcd_func_cd,tfc_detour_ind,workers_pres,wz_close_detour,wz_flagger,wz_law_offcr_ind,objectid,wz_moving,wz_other,wz_shlder_mdn,vehicle_count,automobile_count,motorcycle_count,bus_count,small_truck_count,heavy_truck_count,suv_count,van_count,bicycle_count,maj_inj_count,mod_inj_count,min_inj_count,tot_inj_count,unk_inj_deg_count,unk_inj_per_count,driver_count_16yr,driver_count_17yr,driver_count_18yr,driver_count_19yr,driver_count_20yr,driver_count_50_64yr,driver_count_65_74yr,driver_count_75plus,unbelted_occ_count,unb_death_count,unb_maj_inj_count,belted_death_count,belted_maj_inj_count,mcycle_death_count,mcycle_maj_inj_count,bicycle_death_count,bicycle_maj_inj_count,ped_count,ped_death_count,ped_maj_inj_count,max_severity_level,comm_veh_count,dec_lat,dec_long,rdwy_surf_type_cd,county_name
 ,60325,2012060675,6,67,67301,2012,5,4,1752,17,1,1,0,1,1, , ,N,0,0,0,3,0,1,3,2,N,N,40 06:50.265,74 59:16.834,1758, ,1753,1,1,1,N, ,0,N, , , , ,694609, , , ,2,1,0,0,0,0,1,0,0,0,0,1,1,0,0,0,0,0,0,0,0,0,0,0,0,0,0,0,0,0,0,0,0,0,0,4,0,40.114,-74.988, , 
 ,60326,2012073471,6,67,67301,2012,6,3,1012,10,1,1,0,1,1, , ,N,0,0,0,3,0,1,5,3,N, ,40 02:29.373,75 01:40.431,1025, ,1020, ,0, , , ,0, , , , , ,694620, , , ,3,1,0,0,0,0,2,0,0,0,0,0,1,1,0,0,0,0,0,0,0,1,0,0,0,0,0,0,0,0,0,0,0,0,0,8,0,40.0415,-75.0279, , 
 ,60327,2012095609,6,67,67301,2012,8,7,1740,17,1,1,0,9,1, , ,N,0,0,0,3,0,0,2,2,N,N,40 02:17.855,75 01:09.667,1745, ,1740, ,0, ,N, ,0, , , , , ,694643, , , ,2,2,0,0,0,0,0,0,0,0,0,0,0,0,0,0,0,0,0,0,1,0,0,0,0,0,0,0,0,0,0,0,0,0,0,0,0,40.0395,-75.017, , 
 ,60328,2012104253,6,67,67301,2012,9,3,600,6,1,2,1,8,1, , ,N,1,2,0,3,0,1,2,2,N, ,40 01:14.041,75 06:58.561,805, ,759, ,0, , , ,3, , , , , ,694652, , , ,1,1,0,0,0,0,0,0,0,0,0,1,1,0,0,0,0,0,0,0,0,0,0,0,0,0,0,0,0,0,0,0,1,0,0,4,0,40.0206,-75.1163, , 
 ,60329,2012056459,6,67,67301,2012,2,6,1800,18,6,1,0,4,1, , ,N,1,2,0,3,0,1,2,2,Y,N,39 55:43.884,75 14:07.770,0, ,0, ,0, ,N, ,3, , , , , ,694658, , , ,2,1,0,1,0,0,0,0,0,0,0,0,1,1,0,0,0,0,0,0,0,0,0,0,0,0,0,0,0,0,0,0,0,0,0,8,1,39.9289,-75.2355, , 
 ,60330,2012068860,6,67,67301,2012,6,3,1430,14,8,2,1,1,1, , ,N,1,2,0,3,0,2,3,3,N,N,39 59:52.107,75 07:26.172,1538, ,1536, ,0, ,N, ,3, , , , , ,694663, , , ,3,1,0,0,2,0,0,0,0,0,0,0,2,2,0,0,0,0,0,0,1,0,0,0,0,0,0,0,0,0,0,0,0,0,0,8,0,39.9978,-75.1239, , 
 ,60331,2012078277,6,67,67301,2012,6,6,500,5,3,2,1,1,3, , ,N,0,0,0,3,0,1,2,3,N, ,40 01:14.663,75 06:48.916,530, ,510,3,1,1, , ,0,Y, , , , ,694673, , , ,3,1,0,0,1,0,1,0,0,0,0,1,1,0,0,0,0,0,0,0,0,0,0,0,0,0,0,0,0,0,0,0,0,0,0,4,0,40.0207,-75.1136, , 
 ,60332,2012098356,6,67,67301,2012,8,5,2157,21,3,1,0,1,1, , ,N,0,0,0,3,0,0,2,2,N,N,40 00:04.224,75 09:58.969,2157, ,2157, ,0, ,N, ,0, , , , , ,694689, , , ,2,1,0,0,1,0,0,0,0,0,0,0,0,0,0,0,0,0,0,0,1,0,0,0,0,0,0,0,0,0,0,0,0,0,0,0,0,40.0012,-75.1664, , 
 ,60333,2012109697,6,67,67301,2012,10,7,1110,11,3,1,0,4,1, , ,N,0,0,0,3,0,1,1,2,N, ,40 00:34.722,75 11:35.697,19, ,1, ,0, , , ,0, , , , , ,694697, , , ,2,2,0,0,0,0,0,0,0,0,0,0,0,0,0,0,0,0,0,0,0,0,0,0,0,0,0,0,0,0,0,0,0,0,0,0,0,40.0096,-75.1932, , 
 ,60334,2012111633,6,67,67301,2012,10,5,9999,99,1,1,0,8,1, , ,N,0,0,0,3,0,1,2,2,N, ,39 57:20.077,75 14:02.634,1830, ,1807, ,0, , , ,0, , , , , ,694698, , , ,1,0,0,0,0,0,0,0,0,0,0,1,1,0,0,0,0,0,0,0,0,0,0,0,0,0,0,0,0,0,0,0,1,0,0,4,0,39.9556,-75.2341, , 
 ,60335,2012114387,6,67,67301,2012,10,2,2000,20,3,2,1,4,1, , ,N,1,2,0,3,0,6,7,2,N,N,39 56:25.916,75 13:08.067,2010, ,2006, ,0, ,N, ,3, , , , , ,694702, , , ,2,2,0,0,0,0,0,0,0,0,0,0,6,6,1,0,0,0,0,0,1,0,0,0,0,0,0,0,0,0,0,0,0,0,0,8,0,39.9405,-75.2189, , 
 ,60336,2012051897,6,67,67301,2012,4,3,800,8,1,1,0,4,1, , ,N,0,0,7,3,0,1,2,2,N,N,39 58:14.245,75 09:07.765,805, ,802, ,0, ,N, ,0, , , , , ,694707, , , ,2,2,0,0,0,0,0,0,0,0,0,1,1,0,1,0,0,0,0,0,1,0,0,0,0,0,0,0,0,0,0,0,0,0,0,4,0,39.9706,-75.1522, , 
 ,60337,2012063894,6,67,67301,2012,5,2,2010,20,4,1,0,8,1, , ,N,2,0,0,3,0,1,2,2,N,N,39 55:40.681,75 13:12.752,2050, ,2046, ,0, ,N, ,0, , , , , ,694724, , , ,1,1,0,0,0,0,0,0,0,0,0,1,1,0,0,0,0,0,0,0,0,0,0,0,0,0,0,0,0,0,0,0,1,0,0,4,0,39.928,-75.2202, , 
 ,60338,2012066551,6,67,67301,2012,6,6,1615,16,1,1,0,8,1, , ,N,0,0,0,3,0,1,2,2,N,N,39 59:06.572,75 09:52.851,1615, ,1615, ,0, ,N, ,0, , , , , ,694726, , , ,1,1,0,0,0,0,0,0,0,0,1,0,1,0,0,0,0,0,0,0,0,0,0,0,0,0,0,0,0,0,0,0,1,0,0,3,0,39.9852,-75.1647, , 
 ,60339,2012086632,6,67,67301,2012,8,5,1644,16,1,1,0,8,1, , ,N,0,0,0,3,0,1,2,2,N,N,40 01:36.430,75 08:50.306,1650, ,1646, ,0, ,N, ,0, , , , , ,694747, , , ,1,1,0,0,0,0,0,0,0,0,0,1,1,0,0,0,0,0,0,0,1,0,0,0,0,0,0,0,0,0,0,0,1,0,0,4,0,40.0268,-75.1473, , 
 ,60340,2012083787,6,67,67301,2012,7,1,1720,17,1,1,0,4,1, , ,N,1,2,0,3,0,2,7,2,N, ,39 58:01.120,75 09:37.224,1726, ,1723, ,0, , , ,3, , , , , ,692223, , , ,2,2,0,0,0,0,0,0,0,0,1,1,2,0,0,0,0,0,0,0,0,0,0,0,0,0,0,0,0,0,0,0,0,0,0,3,0,39.967,-75.1603, , 
 ,60341,2012058157,6,67,67301,2012,5,5,1400,14,1,1,0,1,1, , ,N,0,0,0,3,0,12,13,2,N,N,39 56:12.106,75 08:39.259,1418, ,1406,2,1,1,N, ,0,N, , , , ,692243, , , ,2,0,0,1,0,1,0,0,0,0,0,0,12,12,0,0,0,0,0,0,1,0,0,0,0,0,0,0,0,0,0,0,0,0,0,8,2,39.9366,-75.1443, , 
 ,60342,2012068935,6,67,67301,2012,5,3,1820,18,1,1,1,8,1, , ,N,1,0,0,3,0,1,2,2,N,N,39 59:35.671,75 06:47.599,2015, ,2000, ,0, ,N, ,0, , , , , ,692253, , , ,1,0,0,0,0,0,0,0,0,0,0,1,1,0,0,0,0,0,0,0,0,0,0,0,0,0,0,0,0,0,0,0,1,0,0,4,0,39.9932,-75.1132, , 
 ,60343,2012098221,6,67,67301,2012,8,3,745,7,1,2,1,4,1, , ,N,1,2,0,3,0,1,3,2,N,N,40 02:01.849,75 07:41.314,745, ,745, ,0, ,N, ,3, , , , , ,692280, , , ,2,2,0,0,0,0,0,0,0,0,0,2,2,0,0,0,0,0,0,0,1,0,0,0,0,0,0,0,0,0,0,0,0,0,0,4,0,40.0338,-75.1281, , 
 ,60344,2012069333,6,67,67301,2012,6,5,732,7,1,1,0,1,1, , ,N,2,0,0,3,0,2,11,2,Y, ,40 01:23.939,75 09:49.962,737, ,735, ,0, , , ,0, , , , , ,692300, , , ,2,0,0,2,0,0,0,0,0,0,0,1,2,1,0,0,0,0,0,0,0,1,0,0,0,0,0,0,0,0,0,0,0,0,0,4,2,40.0233,-75.1639, , 
 ,60345,2012077904,6,67,67301,2012,7,3,1555,15,1,1,0,0,1, , ,N,0,0,0,3,0,1,2,2,N,N,40 01:13.751,75 02:34.338,1607, ,1555, ,0, ,N, ,0, , , , , ,692307, , , ,2,0,1,0,0,1,0,0,0,0,0,1,1,0,0,0,0,0,0,0,0,1,0,0,0,0,0,0,0,0,0,0,0,0,0,4,1,40.0204,-75.043, , 
 ,60346,2012078290,6,67,67301,2012,7,7,1,0,3,1,0,1,1, , ,N,0,0,0,3,0,1,2,2,N, ,39 59:42.706,75 08:21.783,2, ,1, ,0, , , ,0, , , , , ,692308, , , ,1,0,0,0,0,0,0,0,1,0,1,0,1,0,1,0,0,0,0,0,0,0,0,0,0,0,0,0,0,0,0,0,0,0,0,3,0,39.9952,-75.1394, , 
Y,60347,2012093113,6,67,67301,2012,9,6,2220,22,3,1,0,1,1,2,8,Y,0,0,0,3,0,1,7,2,N,N,39 59:43.372,75 11:51.318,2244,45,2236, ,0, ,N, ,0, ,Y,N,N,Y,692321,Y,N,N,2,1,0,0,1,0,0,0,0,0,0,1,1,0,0,0,0,0,0,0,1,0,0,1,0,0,0,0,0,0,0,0,0,0,0,4,0,39.9954,-75.1976, , 
 ,60348,2012095538,6,67,67301,2012,8,6,1405,14,1,1,0,2,1, , ,N,0,0,0,3,0,2,2,2,N,N,40 00:14.897,75 10:21.419,1417, ,1406,1,1,4,N, ,0,Y, , , , ,692325, , , ,2,2,0,0,0,0,0,0,0,0,0,2,2,0,0,0,0,0,0,0,0,0,0,0,0,0,0,0,0,0,0,0,0,0,0,4,0,40.0041,-75.1726, , 
 ,60349,2012110947,6,67,67301,2012,11,1,1831,18,3,1,0,1,1, , ,N,0,0,0,3,0,3,3,2,N,N,39 58:35.876,75 06:49.885,1859, ,1849, ,0, ,N, ,0, , , , , ,692337, , , ,2,1,0,0,0,0,0,1,0,0,0,0,3,3,0,0,0,0,0,0,0,1,0,0,0,0,0,0,0,0,0,0,0,0,0,8,0,39.9766,-75.114, , 
 ,60350,2012071298,6,67,67301,2012,7,3,454,4,3,1,0,1,1, , ,N,0,0,0,3,0,0,2,2,N,N,39 57:43.343,75 08:22.329,508, ,458, ,0, ,N, ,0, , , , , ,692353, , , ,2,1,0,0,0,0,0,0,0,0,0,0,0,0,1,0,0,0,0,0,0,0,0,0,0,0,0,0,0,0,0,0,0,0,0,9,0,39.9619,-75.1396, , 
 ,60351,2012080762,6,67,67301,2012,7,2,1720,17,1,1,0,5,1, , ,N,1,2,0,3,0,1,2,2,N, ,39 57:06.275,75 09:29.915,9999, ,1731, ,0, , , ,3, , , , , ,692360, , , ,2,0,0,1,0,0,0,0,0,0,0,1,1,0,0,0,0,0,0,0,1,0,0,0,0,0,0,0,0,0,0,0,0,0,0,4,1,39.9517,-75.1582, , 
 ,60352,2012083188,6,67,67301,2012,7,6,2205,22,3,1,0,4,1, , ,N,0,0,0,3,0,1,1,2,N,N,40 01:16.683,75 08:50.643,2307, ,2259, ,0, ,N, ,0, , , , , ,692367, , , ,1,0,0,0,0,0,1,0,0,0,0,1,1,0,0,0,0,0,0,0,0,0,0,0,0,0,0,0,0,0,0,0,1,0,0,4,0,40.0213,-75.1474, , 
 ,60353,2012083264,6,67,67301,2012,7,1,2235,22,3,1,0,4,1, , ,N,1,3,0,3,0,6,11,2,N,N,39 58:43.712,75 12:36.352,2300, ,2235, ,0, ,N, ,3, , , , , ,692368, , , ,2,1,0,0,0,0,0,1,0,0,0,0,6,6,3,0,0,0,1,0,0,0,0,0,0,0,0,0,0,0,0,0,0,0,0,8,0,39.9788,-75.2101, , 
 ,60354,2012094716,6,67,67301,2012,9,7,258,2,3,1,0,7,3, , ,N,0,0,0,3,0,2,2,1,N,N,39 57:35.530,75 10:43.534,303, ,300,1,2,3,N, ,0,Y, , , , ,692376, , , ,1,1,0,0,0,0,0,0,0,0,0,1,2,1,0,0,0,0,0,0,0,0,0,2,0,0,0,0,0,0,0,0,0,0,0,4,0,39.9599,-75.1788, , 
 ,60355,2012104458,6,67,67301,2012,10,4,623,6,1,1,0,4,1, , ,N,0,0,0,3,0,1,3,3,N,N,39 57:59.021,75 08:09.061,700, ,625,1,1,2,N, ,0,N, , , , ,692386, , , ,3,2,0,0,0,1,0,0,0,0,0,0,1,1,0,0,0,0,0,0,2,0,0,0,0,0,0,0,0,0,0,0,0,0,0,8,1,39.9664,-75.1358, , 
 ,60356,2012080779,6,67,67301,2012,7,4,1555,15,1,1,0,4,1, , ,N,1,2,0,3,0,0,2,2,N,N,39 54:42.724,75 10:21.917,1600, ,1600, ,0, ,N, ,3, , , , , ,692389, , , ,2,2,0,0,0,0,0,0,0,0,0,0,0,0,2,0,0,0,0,0,0,1,0,0,0,0,0,0,0,0,0,0,0,0,0,9,0,39.9119,-75.1728, , 
 ,60357,2012083255,6,67,67301,2012,7,1,1709,17,1,1,0,2,1, , ,N,1,0,0,3,0,7,7,2,N,N,40 00:04.157,75 05:49.913,1711, ,1709, ,0, ,N, ,0, , , , , ,692392, , , ,2,2,0,0,0,0,0,0,0,0,0,7,7,0,0,0,0,0,0,0,1,0,0,0,0,0,0,0,0,0,0,0,0,0,0,4,0,40.0012,-75.0972, , 
 ,60358,2012120112,6,67,67301,2012,10,4,1907,19,1,1,0,1,1, , ,N,0,0,0,3,0,0,3,3,N,N,40 02:28.445,75 06:42.418,1925, ,1920,2,2,3, , ,0,Y, , , , ,686208, , , ,3,2,0,0,1,0,0,0,0,0,0,0,0,0,1,0,0,0,0,0,0,0,0,0,0,0,0,0,0,0,0,0,0,0,0,9,0,40.0412,-75.1118, , 
 ,60359,2012120140,6,67,67301,2012,10,4,1429,14,1,1,0,4,1, , ,N,1,2,0,3,0,1,2,2,N,N,40 07:45.170,75 01:29.764,1434, ,1431,2,1,7,N, ,3,Y, , , , ,686209, , , ,2,1,0,0,0,0,1,0,0,0,0,0,1,1,0,0,0,0,0,0,1,0,0,0,0,0,0,0,0,0,0,0,0,0,0,8,0,40.129,-75.0252, , 
 ,60360,2012120152,6,67,67301,2012,10,4,530,5,3,2,1,4,1, , ,N,3,2,0,3,0,1,2,2,N,N,39 56:53.533,75 13:15.329,538, ,532,1,1,6,N, ,3,N, , , , ,686210, , , ,2,1,0,0,0,0,0,1,0,0,0,1,1,0,0,0,0,0,0,1,0,0,0,0,0,0,0,0,0,0,0,0,0,0,0,4,0,39.9482,-75.2209, , 
 ,60361,2012079370,6,67,67301,2012,8,2,19,0,3,2,1,7,2, , ,N,0,0,0,3,0,0,1,1,N,N,40 02:14.288,75 00:45.356,32, ,20, ,0, ,N, ,0, , , , , ,686227, , , ,1,1,0,0,0,0,0,0,0,0,0,0,0,0,0,0,0,0,0,0,1,0,0,0,0,0,0,0,0,0,0,0,0,0,0,0,0,40.0373,-75.0127, , 
 ,60362,2012060652,6,67,67301,2012,5,1,1720,17,1,1,0,1,1, , ,N,1,2,0,3,0,1,3,2,N,N,40 03:16.724,75 07:29.999,1735, ,1735, ,0, ,N, ,3, , , , , ,686245, , , ,2,0,0,0,0,0,2,0,0,0,0,0,1,1,0,0,0,0,0,0,1,0,0,0,0,0,0,0,0,0,0,0,0,0,0,8,0,40.0546,-75.125, , 
 ,60363,2012062318,6,67,67301,2012,5,5,813,8,1,1,0,4,1, , ,N,1,3,0,3,0,1,3,2,N,N,39 56:27.718,75 13:46.351,851, ,846, ,0, ,N, ,3, , , , , ,686246, , , ,2,0,0,0,0,0,2,0,0,0,1,0,1,0,0,0,0,0,0,0,0,0,0,0,0,0,0,0,0,0,0,0,0,0,0,3,0,39.941,-75.2295, , 
 ,60364,2012074390,6,67,67301,2012,6,1,1441,14,1,1,0,4,7, , ,N,2,2,2,3,0,1,7,2,N,N,39 53:56.856,75 10:29.425,1500, ,1458, ,0, ,N, ,3, , , , , ,686274, , , ,2,1,0,0,0,0,0,1,0,0,0,1,1,0,5,0,0,0,0,0,0,0,0,0,0,0,0,0,0,0,0,0,0,0,0,4,0,39.899,-75.1749, , 
 ,60365,2012068687,6,67,67301,2012,5,5,1,0,3,1,0,5,1, , ,N,0,0,0,3,0,0,1,3,N,N,39 55:37.237,75 09:05.493,29, ,19,3,2,3,N, ,0,Y, , , , ,686280, , , ,3,1,0,0,0,0,2,0,0,0,0,0,0,0,0,0,0,0,0,0,0,0,0,0,0,0,0,0,0,0,0,0,0,0,0,0,0,39.927,-75.1515, , 
 ,60366,2012073574,6,67,67301,2012,6,6,1845,18,1,2,1,1,2, , ,N,1,2,0,3,0,1,4,4,N, ,40 02:04.999,75 07:51.139,2301, ,2301, ,0, , , ,3, , , , , ,686284, , , ,4,3,0,0,0,0,0,0,0,0,0,1,1,0,0,0,0,0,0,0,0,0,0,0,0,0,0,0,0,0,0,0,0,0,0,4,0,40.0347,-75.1309, , 
 ,60367,2012075253,6,67,67301,2012,7,7,2053,20,3,1,0,7,3, , ,N,0,0,0,3,0,1,1,1,N,N,39 57:52.966,75 08:15.002,2053, ,2053, ,0, ,N, ,0, , , , , ,686287, , , ,1,1,0,0,0,0,0,0,0,0,0,1,1,0,0,0,0,0,1,0,0,0,0,1,0,0,0,0,0,0,0,0,0,0,0,4,0,39.9646,-75.1376, , 
 ,60368,2012071427,6,67,67301,2012,7,4,922,9,1,1,0,1,1, , ,N,0,0,0,3,0,0,2,2,N,N,40 00:58.829,75 03:04.822,929, ,925, ,0, ,N, ,0, , , , , ,686331, , , ,2,1,0,0,0,0,1,0,0,0,0,0,0,0,0,0,0,0,0,0,0,1,0,0,0,0,0,0,0,0,0,0,0,0,0,0,0,40.0163,-75.0515, , 
 ,60369,2012078622,6,67,67301,2012,7,2,55,0,3,2,1,4,1, , ,N,10,0,0,3,0,1,3,2,N,N,40 03:10.350,75 10:30.712,115, ,57,1,2,7,N, ,0,Y, , , , ,686338, , , ,2,2,0,0,0,0,0,0,0,0,0,1,1,0,0,0,0,0,1,0,0,0,0,0,0,0,0,0,0,0,0,0,0,0,0,4,0,40.0529,-75.1752, , 
 ,60370,2012095610,6,67,67301,2012,8,6,1656,16,1,1,0,4,1, , ,N,1,3,0,3,0,1,2,2,N,N,40 01:45.825,75 08:13.473,1658, ,1656, ,0, ,N, ,3, , , , , ,686353, , , ,2,1,1,0,0,0,0,0,0,0,1,0,1,0,0,0,0,1,0,0,0,0,0,0,0,0,0,0,0,0,0,0,0,0,0,3,0,40.0294,-75.1371, , 
 ,60371,2012096005,6,67,67301,2012,8,1,1540,15,1,1,0,3,6, , ,N,0,0,0,3,0,1,2,1,N,N,39 57:15.386,75 10:35.854,1610, ,1605, ,0, ,N, ,0, , , , , ,686354, , , ,1,1,0,0,0,0,0,0,0,0,0,1,1,0,0,0,0,0,0,0,0,1,0,0,0,0,0,0,0,0,0,0,1,0,0,4,0,39.9543,-75.1766, , 
 ,60372,2012104109,6,67,67301,2012,9,5,731,7,1,2,1,8,1, , ,N,0,0,0,3,0,1,2,2,N,N,40 01:04.738,75 04:27.850,735, ,732, ,0, ,N, ,0, , , , , ,686361, , , ,1,1,0,0,0,0,0,0,0,0,0,0,1,1,0,0,0,0,0,0,0,0,0,0,0,0,0,0,0,0,0,0,1,0,0,8,0,40.018,-75.0744, , 
 ,60373,2012104206,6,67,67301,2012,9,4,1500,15,1,1,0,5,1, , ,N,1,2,0,3,0,1,2,2,N,N,39 55:47.159,75 08:39.047,1555, ,1651, ,0, ,N, ,3, , , , , ,686362, , , ,1,0,0,0,0,0,0,1,1,0,0,1,1,0,1,0,0,0,0,0,0,0,0,0,0,0,0,0,0,0,0,0,0,0,0,4,0,39.9298,-75.1442, , 
 ,60374,2012057512,6,67,67301,2012,5,5,1700,17,1,1,0,4,1, , ,N,0,0,0,3,0,0,2,2,N,N,39 57:04.776,75 11:59.045,1703, ,1702, ,0, ,N, ,0, , , , , ,686367, , , ,2,1,0,0,0,0,1,0,0,0,0,0,0,0,0,0,0,0,0,0,0,0,0,0,0,0,0,0,0,0,0,0,0,0,0,0,0,39.9513,-75.1997, , 
 ,60375,2012060797,6,67,67301,2012,5,6,2200,22,2,1,0,4,1, , ,N,0,0,0,3,0,2,5,2,N,N,39 56:46.358,75 09:53.997,2216, ,2206, ,0, , , ,0, , , , , ,686371, , , ,2,2,0,0,0,0,0,0,0,0,0,0,2,2,0,0,1,0,0,0,0,0,0,0,0,0,0,0,0,0,0,0,0,0,0,8,0,39.9462,-75.165, , 
 ,60376,2012068874,6,67,67301,2012,6,7,1448,14,1,1,0,4,1, , ,N,0,0,0,3,0,1,2,2,N,N,40 04:28.201,74 59:05.922,1510, ,1506, ,0, ,N, ,0, , , , , ,686377, , , ,2,2,0,0,0,0,0,0,0,0,0,0,1,1,0,0,0,0,1,0,0,0,0,0,0,0,0,0,0,0,0,0,0,0,0,8,0,40.0745,-74.985, , 
 ,60377,2012071424,6,67,67301,2012,5,1,250,2,3,1,0,1,1, , ,N,0,0,0,3,0,1,3,2,N,N,40 00:23.285,75 11:51.190,254, ,252,1,1,4,N, ,0,N, , , , ,689044, , , ,2,2,0,0,0,0,0,0,0,0,0,1,1,0,0,0,0,0,0,0,0,0,0,0,0,0,0,0,0,0,0,0,0,0,0,4,0,40.0065,-75.1976, , 
 ,60378,2012056542,6,67,67301,2012,5,3,9999,99,4,1,0,8,6, , ,N,0,0,0,3,0,1,3,2,N, ,39 59:29.821,75 08:53.714,1710, ,1700, ,0, , , ,0, , , , , ,689070, , , ,1,0,0,0,1,0,0,0,0,0,0,0,1,1,1,0,0,0,0,0,0,0,0,1,0,0,0,0,0,0,0,0,1,0,0,8,0,39.9916,-75.1483, , 
 ,60379,2012056644,6,67,67301,2012,4,6,835,8,1,1,1,4,1, , ,N,1,2,0,3,0,2,2,2,N,N,39 59:06.403,75 14:50.558,842, ,837,3,1,4,N, ,3,N, , , , ,689071, , , ,2,2,0,0,0,0,0,0,0,0,0,2,2,0,0,0,0,0,0,0,0,0,0,0,0,0,0,0,0,0,0,0,0,0,0,4,0,39.9851,-75.2474, , 
 ,60380,2012060638,6,67,67301,2012,5,3,310,3,3,2,1,7,4, , ,N,0,0,0,3,0,0,1,1,N,N,40 03:16.128,75 13:54.843,320, ,315, ,0, ,N, ,0, , , , , ,689076, , , ,1,1,0,0,0,0,0,0,0,0,0,0,0,0,0,0,0,0,0,0,0,0,0,0,0,0,0,0,0,0,0,0,0,0,0,0,0,40.0545,-75.2319, , 
 ,60381,2012060795,6,67,67301,2012,5,6,1034,10,1,1,0,2,1, , ,N,5,2,0,3,0,0,2,2,N,N,40 03:22.935,75 09:09.367,1044, ,1034, ,0, ,N, ,9, , , , , ,689079, , , ,2,2,0,0,0,0,0,0,0,0,0,0,0,0,0,0,0,0,0,0,0,0,0,1,0,0,0,0,0,0,0,0,0,0,0,0,0,40.0564,-75.1526, , 
 ,60382,2012066546,6,67,67301,2012,5,7,9999,99,3,1,0,4,2, , ,N,0,0,0,3,0,1,1,2,N,N,40 01:32.217,75 09:52.861,9999, ,9999, ,0, ,N, ,0, , , , , ,689085, , , ,2,2,0,0,0,0,0,0,0,0,0,0,1,1,0,0,0,0,0,0,0,0,0,0,0,0,0,0,0,0,0,0,0,0,0,8,0,40.0256,-75.1647, , 
 ,60383,2012078191,6,67,67301,2012,7,2,948,9,1,1,0,7,5, , ,N,0,0,0,3,0,1,1,2,N, ,40 03:57.228,75 01:33.070,1000, ,952, ,0, , , ,0, , , , , ,689093, , , ,1,1,0,0,0,0,0,0,0,0,0,0,1,1,0,0,0,0,0,0,0,1,0,0,0,0,0,0,0,0,0,0,0,0,0,8,0,40.0659,-75.0259, , 
 ,60384,2012078246,6,67,67301,2012,7,3,2040,20,3,1,0,1,1, , ,N,1,2,0,3,0,1,4,2,N,N,40 02:35.830,75 03:08.014,2330, ,2314, ,0, ,N, ,3, , , , , ,689094, , , ,2,2,0,0,0,0,0,0,0,0,0,1,1,0,0,0,0,0,0,0,0,0,0,0,0,0,0,0,0,0,0,0,0,0,0,4,0,40.0432,-75.0523, , 
 ,60385,2012083681,6,67,67301,2012,5,3,620,6,5,2,1,1,1, , ,N,1,2,0,3,0,1,2,2,N,N,39 54:20.727,75 11:38.377,0, ,0, ,0, ,N, ,3, , , , , ,689101, , , ,2,1,0,0,1,0,0,0,0,0,0,1,1,0,1,0,0,0,0,0,0,0,0,0,0,0,0,0,0,0,0,0,0,0,0,4,0,39.9057,-75.1938, , 
 ,60386,2012085737,6,67,67301,2012,8,6,1530,15,1,1,0,8,1, , ,N,0,0,0,3,0,1,1,2,N,N,39 59:23.143,75 07:03.707,1618, ,1615, ,0, ,N, ,0, , , , , ,689104, , , ,1,1,0,0,0,0,0,0,0,0,0,1,1,0,0,0,0,0,0,0,0,0,0,0,0,0,0,0,0,0,0,0,1,0,0,4,0,39.9898,-75.1177, , 
 ,60387,2012068918,6,67,67301,2012,5,5,9999,99,1,1,0,1,1, , ,N,0,0,0,3,0,0,1,3,N, ,40 01:29.571,75 05:38.054,730, ,720, ,0, , , ,0, , , , , ,689127, , , ,3,2,0,0,0,0,1,0,0,0,0,0,0,0,1,0,0,0,0,0,0,0,0,0,0,0,0,0,0,0,0,0,0,0,0,9,0,40.0249,-75.0939, , 
 ,60388,2012082148,6,67,67301,2012,8,4,1755,17,1,2,1,1,1, , ,N,0,0,0,3,0,1,4,3,N,N,39 57:50.953,75 11:04.952,1756, ,1756,2,2,3,N, ,0,N, , , , ,689134, , , ,3,1,0,0,0,1,1,0,0,0,0,0,1,1,0,0,0,0,0,0,1,1,0,0,0,0,0,0,0,0,0,0,0,0,0,8,1,39.9642,-75.1847, , 
 ,60389,2012083163,6,67,67301,2012,7,6,320,3,3,1,0,4,1, , ,N,1,2,0,3,0,0,3,2,N,N,39 59:18.500,75 06:22.881,341, ,340, ,0, ,N, ,3, , , , , ,689135, , , ,2,2,0,0,0,0,0,0,0,0,0,0,0,0,0,0,0,0,1,0,0,0,0,0,0,0,0,0,0,0,0,0,0,0,0,0,0,39.9885,-75.1064, , 
 ,60390,2012095587,6,67,67301,2012,8,4,2236,22,3,1,0,8,1, , ,N,1,2,0,3,0,1,2,2,N,N,40 01:34.998,75 07:01.744,2243, ,2238, ,0, ,N, ,3, , , , , ,689146, , , ,1,1,0,0,0,0,0,0,0,0,0,0,1,1,0,0,0,0,0,0,1,0,0,0,0,0,0,0,0,0,0,0,1,0,0,8,0,40.0264,-75.1172, , 
 ,60391,2012099360,6,67,67301,2012,9,1,1730,17,1,1,0,4,1, , ,N,1,2,0,3,0,0,2,2,N, ,40 00:30.736,75 12:38.579,1735, ,1734, ,0, , , ,3, , , , , ,689149, , , ,2,2,0,0,0,0,0,0,0,0,0,0,0,0,0,0,0,0,0,0,1,0,0,0,0,0,0,0,0,0,0,0,0,0,0,0,0,40.0085,-75.2107, , 