wz_ln_closure,objectid_1,crn,district,county,municipality,crash_year,crash_month,day_of_week,time_of_day,hour_of_day,illumination,weather,road_condition,collision_type,relation_to_road,work_zone_type,work_zone_loc,work_zone_ind,intersect_type,tcd_type,location_type,urban_rural,fatal_count,injury_count,person_count,total_units,sch_bus_ind,sch_zone_ind,latitude,longitude,arrival_tm,cons_zone_spd_lim,dispatch_tm,est_hrs_closed,lane_closed,ln_close_dir,ntfy_hiwy_maint,spec_juris_cd,tcd_func_cd,tfc_detour_ind,workers_pres,wz_close_detour,wz_flagger,wz_law_offcr_ind,objectid,wz_moving,wz_other,wz_shlder_mdn,vehicle_count,automobile_count,motorcycle_count,bus_count,small_truck_count,heavy_truck_count,suv_count,van_count,bicycle_count,maj_inj_count,mod_inj_count,min_inj_count,tot_inj_count,unk_inj_deg_count,unk_inj_per_count,driver_count_16yr,driver_count_17yr,driver_count_18yr,driver_count_19yr,driver_count_20yr,driver_count_50_64yr,driver_count_65_74yr,driver_count_75plus,unbelted_occ_count,unb_death_count,unb_maj_inj_count,belted_death_count,belted_maj_inj_count,mcycle_death_count,mcycle_maj_inj_count,bicycle_death_count,bicycle_maj_inj_count,ped_count,ped_death_count,ped_maj_inj_count,max_severity_level,comm_veh_count,dec_lat,dec_long,rdwy_surf_type_cd,county_name
 ,60392,2012110052,6,67,67301,2012,10,4,552,5,3,2,1,7,4, , ,N,0,0,0,3,0,1,1,1,N,N,39 54:45.082,75 08:54.403,618, ,607,1,2,1,N, ,0,N, , , , ,689156, , , ,1,1,0,0,0,0,0,0,0,0,0,0,1,1,0,0,0,0,0,0,0,0,0,0,0,0,0,0,0,0,0,0,0,0,0,8,0,39.9124,-75.1485, , 
 ,60393,2012060759,6,67,67301,2012,5,1,2109,21,3,1,0,7,4, , ,N,0,0,0,3,0,0,1,1,N,N,39 59:01.185,75 07:31.583,2130, ,2119, ,0, ,N, ,0, , , , , ,689168, , , ,1,1,0,0,0,0,0,0,0,0,0,0,0,0,0,0,0,0,0,0,0,0,0,0,0,0,0,0,0,0,0,0,0,0,0,0,0,39.9837,-75.1254, , 
 ,60394,2012063979,6,67,67301,2012,5,2,924,9,1,1,0,1,1, , ,N,0,0,0,3,0,0,2,2,N,N,40 07:57.823,75 00:40.514,935, ,930,3,2,2,N, ,0,N, , , , ,689178, , , ,2,1,0,0,0,0,0,1,0,0,0,0,0,0,0,0,0,0,0,0,0,0,0,0,0,0,0,0,0,0,0,0,0,0,0,0,0,40.1327,-75.0113, , 
 ,60395,2012064688,6,67,67301,2012,5,4,1745,17,1,1,0,4,1, , ,N,0,0,0,3,0,1,2,2,N,N,39 59:51.254,75 05:58.984,1430, ,1430, ,0, , , ,0, , , , , ,689180, , , ,1,1,0,0,0,0,0,0,1,0,0,1,1,0,0,0,0,0,0,0,0,0,0,0,0,0,0,0,0,0,0,0,0,0,0,4,0,39.9976,-75.0997, , 
 ,60396,2012060724,6,67,67301,2012,5,3,1753,17,1,1,0,4,1, , ,N,2,2,0,3,0,1,2,2,N, ,40 03:26.737,75 00:52.031,1810, ,1802, ,0, , , ,3, , , , , ,694762, , , ,2,1,0,0,1,0,0,0,0,0,0,0,1,1,0,0,0,0,0,0,0,0,0,0,0,0,0,0,0,0,0,0,0,0,0,8,0,40.0574,-75.0145, , 
 ,60397,2012060833,6,67,67301,2012,5,4,845,8,1,2,1,4,1, , ,N,1,3,0,3,0,1,3,2,N,N,40 00:32.335,75 08:11.486,849, ,845,2,1,1,N, ,3,Y, , , , ,694763, , , ,2,2,0,0,0,0,0,0,0,1,0,0,1,0,0,0,0,0,0,0,0,0,0,0,0,0,0,1,0,0,0,0,0,0,0,2,0,40.009,-75.1365, , 
 ,60398,2012083421,6,67,67301,2012,8,2,738,7,1,1,1,4,1, , ,N,0,0,0,3,0,0,1,1,N,N,40 01:39.129,75 11:31.052,742, ,738,1,2,1,N, ,0,N, , , , ,694777, , , ,1,1,0,0,0,0,0,0,0,0,0,0,0,0,0,0,0,0,0,0,1,0,0,0,0,0,0,0,0,0,0,0,0,0,0,0,0,40.0275,-75.192, , 
 ,60399,2012083806,6,67,67301,2012,7,7,1317,13,1,1,0,4,1, , ,N,0,0,7,3,0,0,2,2,N, ,40 01:52.177,75 10:40.384,1526, ,1505, ,0, , , ,0, , , , , ,694779, , , ,2,1,0,0,1,0,0,0,0,0,0,0,0,0,0,0,0,0,0,0,0,0,0,0,0,0,0,0,0,0,0,0,0,0,0,0,0,40.0312,-75.1779, , 
 ,60400,2012085843,6,67,67301,2012,8,2,2345,23,3,1,0,0,1, , ,N,0,0,0,3,0,1,1,1,N,N,40 00:18.220,75 11:26.841,2352, ,2348,1,1,2,N, ,0,N, , , , ,694786, , , ,1,0,1,0,0,0,0,0,0,0,1,0,1,0,0,0,0,1,0,0,0,0,0,0,0,0,0,0,0,0,0,0,0,0,0,3,0,40.0051,-75.1908, , 
 ,60401,2012085873,6,67,67301,2012,8,6,1643,16,1,1,0,1,2, , ,N,2,0,0,3,0,2,3,2,N,N,40 05:41.818,74 58:41.600,1645, ,1144, ,0, ,N, ,0, , , , , ,694787, , , ,2,2,0,0,0,0,0,0,0,0,0,2,2,0,0,0,0,0,0,0,0,0,0,0,0,0,0,0,0,0,0,0,0,0,0,4,0,40.0949,-74.9782, , 
 ,60402,2012095479,6,67,67301,2012,8,3,1812,18,1,1,0,4,1, , ,N,0,0,7,3,0,1,2,2,N, ,40 00:28.842,75 07:38.098,1830, ,1812, ,0, , , ,0, , , , , ,694795, , , ,2,2,0,0,0,0,0,0,0,0,0,1,1,0,0,0,0,0,0,0,0,0,0,2,0,0,0,0,0,0,0,0,0,0,0,4,0,40.008,-75.1272, , 
 ,60403,2012096415,6,67,67301,2012,9,1,9999,99,1,2,1,4,1, , ,N,1,3,0,3,0,1,1,2,N,N,39 56:43.242,75 10:29.722,9999, ,1748, ,0, ,N, ,3, , , , , ,694796, , , ,1,1,0,0,0,0,0,0,1,0,0,1,1,0,0,0,0,0,0,0,0,0,0,0,0,0,0,0,0,0,0,0,0,0,0,4,0,39.9453,-75.1749, , 
 ,60404,2012068930,6,67,67301,2012,6,3,2314,23,3,2,1,9,1, , ,N,0,0,0,3,0,0,1,1,N,N,40 06:31.586,75 00:05.558,2314, ,2314,3,1,3, , ,0,Y, , , , ,694804, , , ,1,0,0,0,0,0,0,1,0,0,0,0,0,0,1,0,0,0,0,0,0,0,0,0,0,0,0,0,0,0,0,0,0,0,0,9,0,40.1088,-75.0015, , 
 ,60405,2012063987,6,67,67301,2012,5,7,138,1,3,1,0,7,2, , ,N,0,0,0,3,0,2,2,1,N,N,40 06:09.921,75 03:02.163,143, ,140, ,0, ,N, ,0, , , , , ,694812, , , ,1,1,0,0,0,0,0,0,0,0,0,2,2,0,0,0,0,0,0,0,0,0,0,1,0,0,0,0,0,0,0,0,0,0,0,4,0,40.1028,-75.0506, , 
 ,60406,2012078270,6,67,67301,2012,6,5,735,7,1,1,0,4,1, , ,N,1,3,0,3,0,1,4,2,N,N,40 01:12.005,75 09:07.946,750, ,743,1,1,3,N, ,3,N, , , , ,694821, , , ,2,2,0,0,0,0,0,0,0,0,0,0,1,1,2,0,0,0,0,0,0,0,0,0,0,0,0,0,0,0,0,0,0,0,0,8,0,40.02,-75.1522, , 
 ,60407,2012078289,6,67,67301,2012,7,2,845,8,1,1,0,8,1, , ,N,1,0,0,3,0,1,2,2,N,N,39 59:57.710,75 06:53.715,905, ,900, ,0, , , ,0, , , , , ,694822, , , ,1,0,0,0,1,0,0,0,0,0,0,1,1,0,0,0,0,0,0,0,0,0,0,0,0,0,0,0,0,0,0,0,1,0,0,4,0,39.9994,-75.1149, , 
 ,60408,2012098340,6,67,67301,2012,9,2,1800,18,1,1,0,1,1, , ,N,0,0,0,3,0,0,2,2,N, ,40 06:45.928,74 59:13.160,1850, ,1836, ,0, , , ,0, , , , , ,694835, , , ,2,2,0,0,0,0,0,0,0,0,0,0,0,0,0,0,0,0,0,0,1,0,0,0,0,0,0,0,0,0,0,0,0,0,0,0,0,40.1128,-74.987, , 
 ,60409,2012098457,6,67,67301,2012,9,2,9999,99,8,2,0,9,9, , ,N,0,0,0,3,0,0,0,2,N,N,40 01:38.097,75 07:20.742,1020, ,1020, ,0, ,N, ,0, , , , , ,694836, , , ,1,1,0,0,0,0,0,0,0,0,0,0,0,0,0,0,0,0,0,0,0,0,0,0,0,0,0,0,0,0,0,0,0,0,0,9,0,40.0272,-75.1224, , 
 ,60410,2012064011,6,67,67301,2012,5,7,1210,12,1,1,0,1,1, , ,N,1,2,0,3,0,1,2,2,N,N,40 03:41.853,74 59:18.132,1225, ,1215, ,0, ,N, ,3, , , , , ,694849, , , ,2,1,0,0,1,0,0,0,0,0,0,0,1,1,0,0,0,0,0,0,0,0,0,0,0,0,0,0,0,0,0,0,0,0,0,8,0,40.0616,-74.9884, , 
 ,60411,2012098448,6,67,67301,2012,9,5,1752,17,1,1,0,5,1, , ,N,0,0,0,3,0,1,2,2,N,N,40 02:12.521,75 02:26.097,1755, ,1752, ,0, ,N, ,0, , , , , ,694930, , , ,2,1,1,0,0,0,0,0,0,0,0,1,1,0,0,0,0,0,0,0,0,0,0,0,0,0,0,0,0,0,0,0,0,0,0,4,0,40.0368,-75.0406, , 
 ,60412,2012104070,6,67,67301,2012,9,7,1032,10,1,1,8,8,1, , ,N,1,2,0,3,0,1,2,2,N,N,40 02:08.965,75 10:29.000,1034, ,1033, ,0, ,N, ,3, , , , , ,694937, , , ,1,0,0,0,1,0,0,0,0,0,0,0,1,1,0,0,0,0,0,0,0,1,0,0,0,0,0,0,0,0,0,0,1,0,0,8,0,40.0358,-75.1747, , 
 ,60413,2012076048,6,67,67301,2012,6,4,1757,17,1,1,0,4,1, , ,N,1,2,0,3,0,1,2,2,N,N,39 58:53.926,75 10:25.967,1812, ,1808, ,0, ,N, ,3, , , , , ,694956, , , ,2,0,0,0,1,0,1,0,0,0,0,1,1,0,0,0,0,0,0,0,0,0,0,0,0,0,0,0,0,0,0,0,0,0,0,4,0,39.9816,-75.1739, , 
 ,60414,2012083289,6,67,67301,2012,7,7,1633,16,1,1,0,5,1, , ,N,0,0,7,3,0,1,2,2,N, ,39 56:17.718,75 12:58.633,1634, ,1634, ,0, , , ,0, , , , , ,692393, , , ,2,1,0,0,0,0,0,0,0,0,0,0,1,1,0,0,0,0,0,0,0,0,0,0,0,0,0,0,0,0,0,0,0,0,0,8,0,39.9383,-75.2163, , 
 ,60415,2012098242,6,67,67301,2012,8,5,1745,17,1,1,0,4,1, , ,N,1,3,0,3,0,2,4,2,N,N,40 03:54.478,75 11:08.765,1816, ,1813, ,0, ,N, ,3, , , , , ,692414, , , ,2,2,0,0,0,0,0,0,0,0,0,0,2,2,0,0,1,0,0,0,1,0,0,0,0,0,0,0,0,0,0,0,0,0,0,8,0,40.0651,-75.1858, , 
 ,60416,2012114332,6,67,67301,2012,10,5,1559,15,1,1,0,8,1, , ,N,0,0,0,3,0,1,2,2,N,N,40 02:25.948,75 07:35.977,1559, ,1559, ,0, ,N, ,0, , , , , ,692428, , , ,1,1,0,0,0,0,0,0,0,0,0,1,1,0,0,0,0,0,0,0,0,0,0,0,0,0,0,0,0,0,0,0,1,0,0,4,0,40.0405,-75.1267, , 
 ,60417,2012122418,6,67,67301,2012,10,3,937,9,1,1,0,4,1, , ,N,2,3,0,3,0,1,3,2,N,N,40 03:32.374,75 04:46.800,940, ,938, ,0, , , ,3, , , , , ,692433, , , ,2,2,0,0,0,0,0,0,0,0,0,1,1,0,0,0,0,0,0,0,1,0,0,0,0,0,0,0,0,0,0,0,0,0,0,4,0,40.059,-75.0797, , 
 ,60418,2012053908,6,67,67301,2012,1,5,1930,19,6,2,1,1,1, , ,N,0,0,0,3,0,2,2,2,N,N,39 57:27.471,75 10:48.747,0, ,0, ,0, ,N, ,0, , , , , ,692436, , , ,2,2,0,0,0,0,0,0,0,0,0,0,2,2,0,0,0,0,0,0,0,0,0,0,0,0,0,0,0,0,0,0,0,0,0,8,0,39.9576,-75.1802, , 
 ,60419,2012063918,6,67,67301,2012,5,3,824,8,1,1,0,1,1, , ,N,0,0,0,3,0,1,3,3,N,N,39 57:36.184,75 14:16.384,835, ,830,2,2,3,N, ,0,Y, , , , ,692442, , , ,3,1,0,0,1,0,1,0,0,0,0,0,1,1,0,0,0,0,0,0,1,0,0,0,0,0,0,0,0,0,0,0,0,0,0,8,0,39.9601,-75.2379, , 
 ,60420,2012095387,6,67,67301,2012,8,6,655,6,1,1,0,4,1, , ,N,1,2,0,3,0,3,3,2,N,N,40 02:39.450,75 03:14.767,711, ,655,1,1,2,N, ,3,N, , , , ,692463, , , ,2,2,0,0,0,0,0,0,0,0,0,3,3,0,0,0,0,0,0,0,0,0,0,0,0,0,0,0,0,0,0,0,0,0,0,4,0,40.0443,-75.0541, , 
 ,60421,2012099361,6,67,67301,2012,9,1,1440,14,1,9,8,4,1, , ,N,1,2,0,3,0,1,2,2,N,N,40 01:42.798,75 05:07.223,840, ,836, ,0, ,N, ,3, , , , , ,692467, , , ,1,1,0,0,0,0,0,0,1,0,0,0,1,1,0,0,0,0,0,0,0,0,0,0,0,0,0,0,0,0,0,0,1,0,0,8,0,40.0286,-75.0853, , 
 ,60422,2012109669,6,67,67301,2012,9,1,2115,21,3,1,0,4,1, , ,N,0,0,0,3,0,1,2,2,N, ,40 01:41.568,75 02:19.804,2212, ,2210, ,0, , , ,0, , , , , ,692481, , , ,2,2,0,0,0,0,0,0,0,0,1,0,1,0,0,0,0,0,0,0,0,0,0,0,0,0,0,0,0,0,0,0,0,0,0,3,0,40.0282,-75.0388, , 
 ,60423,2012111645,6,67,67301,2012,10,3,115,1,3,2,1,4,1, , ,N,2,2,0,3,0,0,2,2,N,N,39 59:11.558,75 12:18.363,120, ,117, ,0, ,N, ,3, , , , , ,692483, , , ,2,1,0,0,0,0,1,0,0,0,0,0,0,0,0,0,0,0,0,0,1,0,0,0,0,0,0,0,0,0,0,0,0,0,0,0,0,39.9865,-75.2051, , 
 ,60424,2012088089,6,67,67301,2012,8,4,1700,17,1,2,1,4,1, , ,N,1,2,0,3,0,1,1,2,N,N,39 55:11.208,75 11:17.768,1710, ,1708, ,0, , , ,3, , , , , ,692509, , , ,2,2,0,0,0,0,0,0,0,0,0,0,1,1,0,0,0,0,0,0,0,0,0,0,0,0,0,0,0,0,0,0,0,0,0,8,0,39.9198,-75.1883, , 
 ,60425,2012098509,6,67,67301,2012,9,7,301,3,3,1,0,1,6, , ,N,2,0,0,3,0,1,1,2,N,N,39 56:43.072,75 13:28.455,320, ,316, ,0, ,N, ,0, , , , , ,692518, , , ,2,1,0,0,1,0,0,0,0,0,1,0,1,0,0,0,0,0,0,0,0,0,0,1,0,0,0,0,0,0,0,0,0,0,0,3,0,39.9453,-75.2246, , 
 ,60426,2012109921,6,67,67301,2012,9,7,1357,13,1,1,0,2,1, , ,N,1,2,0,3,0,1,4,2,N, ,39 55:20.731,75 13:23.335,1433, ,1430,3,1,2, , ,3,N, , , , ,692531, , , ,2,2,0,0,0,0,0,0,0,0,0,0,0,0,1,0,0,0,0,1,0,0,0,0,0,0,0,0,0,0,0,0,0,0,0,9,0,39.9224,-75.2232, , 
 ,60427,2012065502,6,67,67301,2012,6,5,1617,16,1,1,0,1,1, , ,N,0,0,0,3,0,1,2,2,N,N,39 53:56.820,75 10:00.704,1626, ,1619, ,0, ,N, ,0, , , , , ,692540, , , ,2,1,0,0,1,0,0,0,0,0,0,1,1,0,0,0,0,0,0,0,1,0,0,0,0,0,0,0,0,0,0,0,0,0,0,4,0,39.8991,-75.1669, , 
 ,60428,2012078421,6,67,67301,2012,7,4,1730,17,1,1,0,4,1, , ,N,2,3,0,3,0,2,4,2,N, ,39 59:19.550,75 09:46.081,1755, ,1755, ,0, ,N, ,3, , , , , ,692558, , , ,2,2,0,0,0,0,0,0,0,0,1,1,2,0,0,0,0,0,0,0,1,1,0,0,0,0,0,0,0,0,0,0,0,0,0,3,0,39.9888,-75.1628, , 
 ,60429,2012083198,6,67,67301,2012,7,6,1017,10,1,8,1,8,1, , ,N,0,0,0,3,0,1,2,2,N,N,39 56:20.630,75 09:29.977,1025, ,1020, ,0, ,N, ,0, , , , , ,692561, , , ,1,1,0,0,0,0,0,0,0,0,0,1,1,0,0,0,0,0,0,0,0,0,0,0,0,0,0,0,0,0,0,0,1,0,0,4,0,39.9391,-75.1583, , 
 ,60430,2012056655,6,67,67301,2012,5,4,1326,13,1,1,0,8,1, , ,N,1,0,0,3,0,1,2,2,N, ,40 00:27.560,75 09:05.322,1425, ,1417, ,0, , , ,0, , , , , ,692586, , , ,1,0,0,0,0,0,1,0,0,0,0,0,1,1,0,0,0,0,0,0,0,1,0,0,0,0,0,0,0,0,0,0,1,0,0,8,0,40.0077,-75.1515, , 
 ,60431,2012069800,6,67,67301,2012,7,4,808,8,1,1,0,1,1, , ,N,0,0,0,3,0,0,6,3,N,N,40 00:33.341,75 03:59.065,809, ,809,1,1,1,N, ,0,N, , , , ,692589, , , ,3,3,0,0,0,0,0,0,0,0,0,0,0,0,0,0,0,0,0,0,0,0,0,2,0,0,0,0,0,0,0,0,0,0,0,0,0,40.0092,-75.0665, , 
 ,60432,2012099381,6,67,67301,2012,9,4,1840,18,1,1,0,4,1, , ,N,1,0,0,3,0,2,2,2,N,N,40 00:30.196,75 09:47.217,1850, ,1845,1,1,2,N, ,0,N, , , , ,686405, , , ,2,1,0,0,0,0,1,0,0,0,0,2,2,0,0,0,0,0,0,0,0,0,0,0,0,0,0,0,0,0,0,0,0,0,0,4,0,40.0084,-75.1631, , 
 ,60433,2012075977,6,67,67301,2012,6,3,1654,16,1,1,0,4,1, , ,N,0,0,0,3,0,1,2,2,N,N,39 59:58.236,75 06:08.604,1656, ,1654, ,0, ,N, ,0, , , , , ,686421, , , ,1,1,0,0,0,0,0,0,1,0,0,0,1,1,0,0,0,0,0,0,1,0,0,1,0,0,0,0,0,0,0,0,0,0,0,8,0,39.9995,-75.1024, , 
 ,60434,2012076050,6,67,67301,2012,6,6,1309,13,1,1,0,8,1, , ,N,0,0,0,3,0,1,2,2,N,N,40 02:39.228,75 05:58.567,1315, ,1310,1,1,4,N, ,0,Y, , , , ,686425, , , ,1,1,0,0,0,0,0,0,0,0,0,0,1,1,0,0,0,0,0,0,0,0,0,0,0,0,0,0,0,0,0,0,1,0,0,8,0,40.0442,-75.0996, , 
 ,60435,2012098372,6,67,67301,2012,9,4,1516,15,1,1,0,1,1, , ,N,0,0,0,3,0,0,3,2,N,N,40 02:11.738,75 10:49.962,1615, ,1609,2,1,2, , ,0,N, , , , ,686447, , , ,2,2,0,0,0,0,0,0,0,0,0,0,0,0,0,0,0,0,0,0,0,0,0,0,0,0,0,0,0,0,0,0,0,0,0,0,0,40.0366,-75.1805, , 
 ,60436,2012104189,6,67,67301,2012,9,1,615,6,5,1,0,4,6, , ,N,0,0,0,3,0,1,2,3,N, ,40 00:54.823,75 10:11.829,625, ,620, ,0, , , ,0, , , , , ,686456, , , ,3,3,0,0,0,0,0,0,0,0,0,1,1,0,0,0,0,0,0,0,0,0,0,0,0,0,0,0,0,0,0,0,0,0,0,4,0,40.0152,-75.17, , 
 ,60437,2012104196,6,67,67301,2012,9,2,630,6,1,1,0,1,6, , ,N,0,0,0,3,0,1,1,2,N,N,40 03:48.513,75 01:41.664,647, ,635, ,0, , , ,0, , , , , ,686457, , , ,2,0,0,0,1,0,0,1,0,0,1,0,1,0,0,0,0,0,0,0,1,0,0,0,0,0,0,0,0,0,0,0,0,0,0,3,0,40.0635,-75.0282, , 
 ,60438,2012104628,6,67,67301,2012,9,6,850,8,1,1,0,8,1, , ,N,1,2,0,3,0,1,2,1,N, ,39 59:58.827,75 05:56.359,925, ,915, ,0, , , ,3, , , , , ,686459, , , ,1,0,0,0,0,1,0,0,0,0,0,1,1,0,0,0,0,0,0,0,0,0,0,0,0,0,0,0,0,0,0,0,1,0,0,4,0,39.9997,-75.099, , 
 ,60439,2012073617,6,67,67301,2012,6,1,130,1,3,1,0,4,1, , ,N,2,3,0,3,0,2,3,2,N, ,40 01:07.309,75 06:05.983,130, ,130,2,2,6, , ,3,N, , , , ,686468, , , ,2,1,0,0,0,0,1,0,0,0,2,0,2,0,0,0,0,0,0,0,1,0,0,0,0,0,0,0,0,0,0,0,0,0,0,3,0,40.0187,-75.1017, , 
 ,60440,2012078249,6,67,67301,2012,7,1,30,0,3,1,0,1,1, , ,N,1,2,0,3,0,1,2,2,N,N,39 57:36.900,75 11:48.684,100, ,30, ,0, , , ,3, , , , , ,686470, , , ,2,1,0,0,0,0,1,0,0,0,0,1,1,0,0,0,0,0,0,0,0,0,0,0,0,0,0,0,0,0,0,0,0,0,0,4,0,39.9603,-75.1969, , 
 ,60441,2012064434,6,67,67301,2012,6,7,1432,14,1,1,0,7,2, , ,N,0,0,0,3,0,0,1,1,N,N,39 56:48.511,75 08:31.438,1440, ,1434, ,0, ,N, ,0, , , , , ,686480, , , ,1,1,0,0,0,0,0,0,0,0,0,0,0,0,0,0,0,0,0,0,0,0,0,0,0,0,0,0,0,0,0,0,0,0,0,0,0,39.9467,-75.1421, , 
 ,60442,2012066579,6,67,67301,2012,6,4,1823,18,1,1,0,0,2, , ,N,0,0,0,3,0,1,1,1,N,N,39 54:52.726,75 13:17.082,1828, ,1825,3,2,4, , ,0,Y, , , , ,686482, , , ,1,0,0,0,1,0,0,0,0,0,1,0,1,0,0,0,0,0,0,0,0,1,0,1,0,0,0,0,0,0,0,0,0,0,0,3,0,39.9155,-75.2211, , 
 ,60443,2012068950,6,67,67301,2012,6,4,1138,11,1,1,0,4,1, , ,N,1,2,0,3,0,1,2,2,N, ,40 00:02.415,75 05:51.842,1145, ,1142,1,1,2, , ,3,N, , , , ,686484, , , ,2,1,0,0,1,0,0,0,0,0,0,0,1,1,0,0,0,0,0,0,0,0,0,0,0,0,0,0,0,0,0,0,0,0,0,8,0,40.0007,-75.0977, , 
 ,60444,2012078384,6,67,67301,2012,6,6,725,7,1,2,1,7,2, , ,N,0,0,0,3,0,1,1,1,N,N,40 00:58.196,75 12:13.177,731, ,725,1,2,1,N, ,0,N, , , , ,686491, , , ,1,1,0,0,0,0,0,0,0,0,0,1,1,0,0,0,0,0,0,0,0,0,0,1,0,0,0,0,0,0,0,0,0,0,0,4,0,40.0162,-75.2037, , 
 ,60445,2012104166,6,67,67301,2012,10,2,9999,99,3,1,0,8,1, , ,N,1,3,0,3,0,1,2,2,N,N,40 07:06.031,75 02:09.653,2026, ,2019, ,0, ,N, ,3, , , , , ,686506, , , ,1,0,0,0,0,0,1,0,0,0,0,0,1,1,0,0,0,0,0,0,1,0,0,0,0,0,0,0,0,0,0,0,1,0,0,8,0,40.1183,-75.036, , 
 ,60446,2012066578,6,67,67301,2012,6,4,1510,15,1,1,0,1,1, , ,N,1,2,0,3,0,2,5,3,N, ,39 55:05.284,75 10:15.516,1635, ,1629, ,0, , , ,3, , , , , ,686516, , , ,3,0,0,0,0,0,0,2,0,0,0,2,2,0,0,0,0,0,0,0,0,0,0,0,0,0,0,0,0,0,0,0,0,0,0,4,0,39.9181,-75.171, , 
 ,60447,2012057065,6,67,67301,2012,6,1,1648,16,1,1,0,1,1, , ,N,0,0,5,3,0,2,5,2,N,N,39 54:33.463,75 09:16.593,1649, ,1648, ,0, ,N, ,0, , , , , ,686519, , , ,2,1,0,0,0,0,1,0,0,0,0,2,2,0,0,0,0,0,0,0,0,0,0,0,0,0,0,0,0,0,0,0,0,0,0,4,0,39.9093,-75.1546, , 
 ,60448,2012062395,6,67,67301,2012,3,5,844,8,1,1,0,1,1, , ,N,0,0,0,3,1,3,6,6,N,N,39 56:48.042,75 08:32.515,855, ,848,3,2,2,Y,0,0,Y, , , , ,686525, , , ,6,3,0,0,0,2,1,0,0,1,1,1,3,0,0,0,0,0,0,0,3,0,0,0,0,0,1,1,0,0,0,0,0,0,0,1,2,39.9467,-75.1424,1, 
 ,60449,2012072460,6,67,67301,2012,7,7,739,7,1,1,0,1,7, , ,N,6,0,2,3,0,2,3,3,N,N,39 56:44.167,75 11:25.033,759, ,749,2,1,3,N, ,0,N, , , , ,686533, , , ,3,3,0,0,0,0,0,0,0,0,0,2,2,0,0,0,0,0,0,0,0,0,0,0,0,0,0,0,0,0,0,0,0,0,0,4,0,39.9456,-75.1903, , 
 ,60450,2012066682,6,67,67301,2012,6,1,1419,14,1,2,0,1,1, , ,N,1,2,0,3,0,1,6,2,N,N,40 02:12.848,75 08:02.883,1435, ,1419, ,0, ,N, ,3, , , , , ,689182, , , ,2,1,0,0,0,0,1,0,0,0,0,1,1,0,0,0,0,0,0,0,2,0,0,3,0,0,0,0,0,0,0,0,0,0,0,4,0,40.0369,-75.1341, , 
 ,60451,2012098300,6,67,67301,2012,9,7,1754,17,1,1,0,8,1, , ,N,0,0,0,3,0,1,2,2,N, ,39 59:56.979,75 07:46.822,1824, ,1823, ,0, , , ,0, , , , , ,689247, , , ,1,1,0,0,0,0,0,0,0,0,0,0,1,1,0,0,0,0,0,0,0,0,0,1,0,0,0,0,0,0,0,0,1,0,0,8,0,39.9992,-75.1297, , 
 ,60452,2012080834,6,67,67301,2012,7,5,9999,99,1,1,0,4,1, , ,N,2,2,0,3,0,1,2,2,N,N,39 58:06.805,75 09:10.835,9999, ,9999, ,0, ,N, ,3, , , , , ,689274, , , ,2,2,0,0,0,0,0,0,0,0,0,1,1,0,0,0,0,0,0,0,0,0,0,0,0,0,0,0,0,0,0,0,0,0,0,4,0,39.9686,-75.153, , 
 ,60453,2012085440,6,67,67301,2012,8,7,1059,10,1,1,0,1,1, , ,N,0,0,0,3,0,0,4,2,N,N,39 57:24.941,75 09:19.690,1116, ,1102, ,0, ,N, ,0, , , , , ,689277, , , ,2,2,0,0,0,0,0,0,0,0,0,0,0,0,0,0,0,0,0,0,1,0,0,0,0,0,0,0,0,0,0,0,0,0,0,0,0,39.9569,-75.1555, , 
 ,60454,2012088094,6,67,67301,2012,8,7,236,2,3,1,0,5,1, , ,N,1,2,0,3,0,2,3,2,N, ,40 03:24.250,75 02:48.711,241, ,236, ,0, , , ,3, , , , , ,689282, , , ,2,1,0,0,0,0,1,0,0,0,2,0,2,0,0,0,0,0,0,0,0,1,0,0,0,0,0,0,0,0,0,0,0,0,0,3,0,40.0567,-75.0469, , 
 ,60455,2012104137,6,67,67301,2012,4,4,9999,99,3,1,0,7,4, , ,N,0,0,0,3,0,0,2,1,N,N,39 59:26.539,75 10:40.281,1949, ,1949, ,0, , , ,0, , , , , ,689296, , , ,1,1,0,0,0,0,0,0,0,0,0,0,0,0,0,0,0,0,0,0,0,0,0,0,0,0,0,0,0,0,0,0,0,0,0,0,0,39.9907,-75.1779, , 
 ,60456,2012104605,6,67,67301,2012,9,5,2005,20,4,1,0,4,1, , ,N,1,2,0,3,0,0,2,2,N, ,39 56:25.816,75 13:08.209,2008, ,2008, ,0, , , ,3, , , , , ,689297, , , ,2,2,0,0,0,0,0,0,0,0,0,0,0,0,0,0,0,0,0,0,0,0,0,1,0,0,0,0,0,0,0,0,0,0,0,0,0,39.9405,-75.2189, , 
 ,60457,2012110790,6,67,67301,2012,10,5,200,2,3,1,0,7,5, , ,N,2,3,0,3,0,0,1,1,N,N,40 02:28.453,75 10:14.678,200, ,200, ,0, , , ,3, , , , , ,689306, , , ,1,1,0,0,0,0,0,0,0,0,0,0,0,0,1,0,0,0,0,0,0,0,0,0,0,0,0,0,0,0,0,0,0,0,0,9,0,40.0412,-75.1707, , 