wz_ln_closure,objectid_1,crn,district,county,municipality,crash_year,crash_month,day_of_week,time_of_day,hour_of_day,illumination,weather,road_condition,collision_type,relation_to_road,work_zone_type,work_zone_loc,work_zone_ind,intersect_type,tcd_type,location_type,urban_rural,fatal_count,injury_count,person_count,total_units,sch_bus_ind,sch_zone_ind,latitude,longitude,arrival_tm,cons_zone_spd_lim,dispatch_tm,est_hrs_closed,lane_closed,ln_close_dir,ntfy_hiwy_maint,spec_juris_cd,tcd_func_cd,tfc_detour_ind,workers_pres,wz_close_detour,wz_flagger,wz_law_offcr_ind,objectid,wz_moving,wz_other,wz_shlder_mdn,vehicle_count,automobile_count,motorcycle_count,bus_count,small_truck_count,heavy_truck_count,suv_count,van_count,bicycle_count,maj_inj_count,mod_inj_count,min_inj_count,tot_inj_count,unk_inj_deg_count,unk_inj_per_count,driver_count_16yr,driver_count_17yr,driver_count_18yr,driver_count_19yr,driver_count_20yr,driver_count_50_64yr,driver_count_65_74yr,driver_count_75plus,unbelted_occ_count,unb_death_count,unb_maj_inj_count,belted_death_count,belted_maj_inj_count,mcycle_death_count,mcycle_maj_inj_count,bicycle_death_count,bicycle_maj_inj_count,ped_count,ped_death_count,ped_maj_inj_count,max_severity_level,comm_veh_count,dec_lat,dec_long,rdwy_surf_type_cd,county_name
 ,60458,2012063929,6,67,67301,2012,5,2,1840,18,1,2,1,1,1, , ,N,0,2,0,3,0,0,3,3,N,N,40 01:41.908,75 05:25.464,1850, ,1846,1,1,1,N, ,3,N, , , , ,689317, , , ,3,2,0,0,0,0,1,0,0,0,0,0,0,0,0,0,0,0,0,0,2,0,0,0,0,0,0,0,0,0,0,0,0,0,0,0,0,40.0283,-75.0904, , 
 ,60459,2012078242,6,67,67301,2012,7,6,1015,10,4,1,0,0,1, , ,N,1,2,0,3,0,1,1,1,N,N,40 03:22.935,75 09:09.367,1020, ,1015, ,0, ,N, ,3, , , , , ,689339, , , ,1,0,1,0,0,0,0,0,0,0,0,1,1,0,0,0,0,0,0,0,0,0,0,0,0,0,0,0,0,0,0,0,0,0,0,4,0,40.0564,-75.1526, , 
 ,60460,2012096176,6,67,67301,2012,9,2,821,8,1,1,0,1,1, , ,N,0,0,0,3,0,1,2,2,N,N,39 56:39.351,75 11:30.241,838, ,821, ,0, ,N, ,0, , , , , ,689353, , , ,2,2,0,0,0,0,0,0,0,0,0,1,1,0,0,0,0,0,0,0,0,0,0,0,0,0,0,0,0,0,0,0,0,0,0,4,0,39.9433,-75.1927, , 
 ,60461,2012066599,6,67,67301,2012,6,3,145,1,3,1,0,1,1, , ,N,1,3,0,3,0,2,2,2,N,N,39 58:56.323,75 09:00.046,153, ,151,9,2,4,N, ,3,N, , , , ,689370, , , ,2,1,0,0,0,0,1,0,0,0,0,1,2,1,0,0,0,0,0,0,0,0,0,0,0,0,0,0,0,0,0,0,0,0,0,4,0,39.9823,-75.15, , 
 ,60462,2012060739,6,67,67301,2012,5,3,2305,23,3,1,1,4,1, , ,N,1,2,0,3,0,1,2,2,N,N,40 01:03.313,75 03:54.722,2310, ,2310, ,0, ,N, ,3, , , , , ,689411, , , ,2,2,0,0,0,0,0,0,0,0,0,1,1,0,0,0,0,0,0,0,0,0,0,0,0,0,0,0,0,0,0,0,0,0,0,4,0,40.0176,-75.065, , 
 ,60463,2012106307,6,67,67301,2012,10,6,1853,18,3,1,0,1,1, , ,N,0,0,0,3,0,4,7,3,N,N,39 57:04.887,75 10:57.627,2300, ,1905,1,1,1,N, ,0,Y, , , , ,689442, , , ,3,2,0,0,0,0,1,0,0,0,0,4,4,0,0,0,0,0,0,0,2,0,0,0,0,0,0,0,0,0,0,0,0,0,0,4,0,39.9514,-75.1827, , 
 ,60464,2012115349,6,67,67301,2012,10,2,530,5,3,1,0,1,1, , ,N,0,0,0,3,0,1,1,2,N,N,39 55:00.849,75 14:46.090,543, ,534,3,1,2,N, ,0,Y, , , , ,689452, , , ,1,1,0,0,0,0,0,0,0,0,1,0,1,0,0,0,0,0,0,0,0,0,0,1,0,0,0,0,0,0,0,0,0,0,0,3,0,39.9169,-75.2461, , 
 ,60465,2012056567,6,67,67301,2012,5,4,820,8,1,2,1,1,1, , ,N,0,0,3,3,0,2,5,4,N,N,39 58:24.237,75 07:14.104,824, ,824, ,0, ,N, ,0, , , , , ,689457, , , ,4,1,0,0,0,0,2,1,0,0,0,0,2,2,0,0,0,0,0,0,0,0,0,0,0,0,0,0,0,0,0,0,0,0,0,8,0,39.9734,-75.1208, , 
 ,60466,2012056725,6,67,67301,2012,5,5,1100,11,1,1,0,8,1, , ,N,1,2,0,3,0,1,2,2,N,N,39 57:16.485,75 13:33.593,1106, ,1103, ,0, ,N, ,3, , , , , ,689503, , , ,1,0,0,0,1,0,0,0,0,0,0,1,1,0,0,0,0,0,0,0,0,0,0,0,0,0,0,0,0,0,0,0,1,0,0,4,0,39.9546,-75.226, , 
 ,60467,2012075969,6,67,67301,2012,6,1,1805,18,1,1,0,4,1, , ,N,1,2,0,3,0,1,2,2,N, ,39 57:43.161,75 14:26.866,1806, ,1805, ,0, , , ,3, , , , , ,689513, , , ,2,2,0,0,0,0,0,0,0,0,0,0,1,1,0,0,0,0,0,1,0,0,0,0,0,0,0,0,0,0,0,0,0,0,0,8,0,39.9619,-75.2408, , 
 ,60468,2012080658,6,67,67301,2012,8,6,1549,15,1,1,0,1,1, , ,N,0,0,0,3,0,2,4,3,N,N,39 57:26.025,75 09:25.271,1612, ,1551,2,2,4,N, ,0,N, , , , ,694957, , , ,3,2,0,0,0,0,0,1,0,0,0,0,2,2,1,0,0,0,0,0,0,0,0,0,0,0,0,0,0,0,0,0,0,0,0,8,0,39.9572,-75.157, , 
 ,60469,2012083294,6,67,67301,2012,8,5,1015,10,1,1,0,5,6, , ,N,0,0,0,3,0,1,3,2,N,N,39 57:40.525,75 13:18.782,1025, ,1020, ,0, ,N, ,0, , , , , ,694960, , , ,2,0,0,0,1,0,1,0,0,0,0,1,1,0,0,0,0,0,0,0,0,0,0,2,0,0,0,0,0,0,0,0,0,0,0,4,0,39.9613,-75.2219, , 
 ,60470,2012085842,6,67,67301,2012,8,7,213,2,3,1,0,4,1, , ,N,1,2,0,3,0,2,4,3,N,N,40 02:39.696,75 03:14.496,218, ,215,1,1,2, , ,3,N, , , , ,694961, , , ,3,3,0,0,0,0,0,0,0,0,0,2,2,0,0,0,0,0,1,0,0,0,0,0,0,0,0,0,0,0,0,0,0,0,0,4,0,40.0446,-75.0547, , 
 ,60471,2012110944,6,67,67301,2012,11,5,1440,14,1,1,0,1,1, , ,N,6,0,2,3,0,1,3,3,N,N,39 56:55.117,75 11:09.395,1455, ,1445, ,0, ,N, ,0, , , , , ,694987, , , ,3,2,0,0,0,0,1,0,0,0,0,1,1,0,0,0,0,0,0,0,1,1,0,0,0,0,0,0,0,0,0,0,0,0,0,4,0,39.9486,-75.1859, , 
 ,60472,2012066548,6,67,67301,2012,6,6,1410,14,1,1,0,4,1, , ,N,1,2,0,3,0,1,3,2,N,N,39 59:09.524,75 09:58.003,1413, ,1412, ,0, ,N, ,3, , , , , ,695003, , , ,2,0,0,0,0,0,0,2,0,0,0,1,1,0,0,0,1,0,0,0,0,0,0,0,0,0,0,0,0,0,0,0,0,0,0,4,0,39.986,-75.1661, , 
 ,60473,2012068927,6,67,67301,2012,6,7,30,0,3,1,0,4,1, , ,N,5,2,0,3,0,0,5,2,N,N,40 01:54.428,75 05:07.226,36, ,33,9,1,1,N, ,3,N, , , , ,695007, , , ,2,1,0,0,1,0,0,0,0,0,0,0,0,0,0,0,0,0,1,0,0,0,0,5,0,0,0,0,0,0,0,0,0,0,0,0,0,40.0318,-75.0853, , 
 ,60474,2012085810,6,67,67301,2012,8,6,48,0,3,1,0,5,1, , ,N,0,0,0,3,0,2,4,2,N,N,39 57:05.865,75 09:49.735,50, ,48, ,0, , , ,0, , , , , ,695024, , , ,2,1,0,0,0,0,0,1,0,0,0,1,2,1,0,0,0,1,0,0,0,0,0,0,0,0,0,0,0,0,0,0,0,0,0,4,0,39.9516,-75.1638, , 
 ,60475,2012104599,6,67,67301,2012,9,7,2010,20,3,1,0,4,1, , ,N,1,2,0,3,0,2,6,2,N,N,39 59:45.557,75 05:31.730,2044, ,2016,3,1,2,N, ,3,N, , , , ,695035, , , ,2,1,0,0,0,0,1,0,0,0,0,2,2,0,2,0,0,0,1,0,1,0,0,0,0,0,0,0,0,0,0,0,0,0,0,4,0,39.9959,-75.0921, , 
 ,60476,2012104608,6,67,67301,2012,9,4,543,5,5,1,0,4,1, , ,N,1,2,0,3,0,3,3,2,N,N,40 01:12.586,75 09:01.958,553, ,548, ,0, ,N, ,3, , , , , ,695036, , , ,2,2,0,0,0,0,0,0,0,0,0,3,3,0,0,0,0,0,0,0,1,0,0,0,0,0,0,0,0,0,0,0,0,0,0,4,0,40.0202,-75.1505, , 
 ,60477,2012068769,6,67,67301,2012,6,4,610,6,3,1,0,1,7, , ,N,6,4,2,3,0,1,2,2,N,N,40 00:49.498,75 10:46.713,635, ,615, ,0, ,N, ,3, , , , , ,695057, , , ,2,1,0,0,1,0,0,0,0,0,0,0,1,1,0,0,0,0,0,0,1,0,0,0,0,0,0,0,0,0,0,0,0,0,0,8,0,40.0137,-75.1796, , 
 ,60478,2012073563,6,67,67301,2012,6,3,1210,12,1,1,0,4,1, , ,N,1,3,0,3,0,1,2,2,N,N,40 03:24.813,75 11:00.224,1218, ,1213, ,0, ,N, ,3, , , , , ,695063, , , ,2,2,0,0,0,0,0,0,0,0,0,0,1,1,0,0,0,0,0,0,0,0,1,0,0,0,0,0,0,0,0,0,0,0,0,8,0,40.0569,-75.1834, , 
 ,60479,2012078441,6,67,67301,2012,7,5,1150,11,1,1,0,8,1,8,4,Y,0,0,0,3,0,1,2,2,N,N,39 59:16.759,75 10:56.374,1155,99,1151,1,1,4,N, ,0,N,U, , ,U,695068, , , ,1,1,0,0,0,0,0,0,0,0,0,0,1,1,0,0,0,0,0,0,0,1,0,0,0,0,0,0,0,0,0,0,1,0,0,8,0,39.988,-75.1823, , 
 ,60480,2012078568,6,67,67301,2012,7,2,800,8,1,1,0,5,1, , ,N,0,0,0,3,0,0,1,2,N,N,40 03:27.770,75 01:59.628,818, ,814, ,0, ,N, ,0, , , , , ,695069, , , ,2,2,0,0,0,0,0,0,0,0,0,0,0,0,0,0,0,0,1,0,0,0,0,0,0,0,0,0,0,0,0,0,0,0,0,0,0,40.0577,-75.0332, , 
 ,60481,2012086469,6,67,67301,2012,8,6,742,7,1,1,0,0,1, , ,N,0,0,0,3,0,1,1,1,N,N,40 01:25.825,75 01:55.223,750, ,743,2,1,1,Y, ,0,N, , , , ,695076, , , ,1,0,0,0,0,0,1,0,0,0,0,0,1,1,0,0,0,0,0,0,0,0,0,0,0,0,0,0,0,0,0,0,0,0,0,8,0,40.0238,-75.0321, , 
 ,60482,2012066484,6,67,67301,2012,6,6,2204,22,3,2,1,4,1, , ,N,1,2,0,3,0,1,2,2,N,N,40 00:06.739,75 10:04.299,2210, ,2206,1,1,4,N, ,3,N, , , , ,695098, , , ,1,0,0,0,0,0,1,0,1,0,0,1,1,0,0,0,0,0,0,0,0,0,0,0,0,0,0,0,0,0,0,0,0,0,0,4,0,40.0019,-75.1679, , 
 ,60483,2012085324,6,67,67301,2012,8,5,1644,16,1,1,0,8,1, , ,N,0,8,0,3,0,1,2,2,N,N,40 01:12.987,75 08:29.865,1655, ,1649,9,2,1,N, ,3,N, , , , ,695114, , , ,1,1,0,0,0,0,0,0,0,0,1,0,1,0,0,0,0,0,0,0,0,0,0,0,0,0,0,0,0,0,0,0,1,0,0,3,0,40.0203,-75.1416, , 
 ,60484,2012095503,6,67,67301,2012,7,1,147,1,3,1,0,8,2, , ,N,0,0,0,3,0,1,1,1,N,N,39 57:49.280,75 08:06.444,149, ,148,3,2,1,N, ,0,Y, , , , ,695124, , , ,1,1,0,0,0,0,0,0,0,1,0,0,1,0,0,0,0,0,0,0,0,0,0,0,0,0,0,0,0,0,0,0,1,0,1,2,0,39.9637,-75.1351, , 
 ,60485,2012095590,6,67,67301,2012,8,4,825,8,1,1,0,4,1, , ,N,1,2,0,3,0,1,2,2,N, ,40 05:41.184,75 00:55.174,825, ,825,1,1,2, , ,3,N, , , , ,695125, , , ,2,0,0,0,0,0,2,0,0,0,0,1,1,0,0,0,0,0,0,0,0,0,0,1,0,0,0,0,0,0,0,0,0,0,0,4,0,40.0948,-75.0153, , 
 ,60486,2012104182,6,67,67301,2012,9,4,2231,22,3,1,0,4,1, , ,N,1,2,0,3,0,0,3,2,N,N,40 02:20.571,75 08:40.639,2232, ,2232, ,0, ,N, ,3, , , , , ,692613, , , ,2,2,0,0,0,0,0,0,0,0,0,0,0,0,3,0,0,0,0,0,1,0,0,1,0,0,0,0,0,0,0,0,0,0,0,9,0,40.039,-75.1446, , 
 ,60487,2012120134,6,67,67301,2012,10,3,1125,11,1,2,1,8,1, , ,N,1,2,0,3,0,1,1,2,N,N,39 59:36.065,75 05:49.115,1135, ,1130, ,0, ,N, ,3, , , , , ,692629, , , ,1,0,0,0,0,0,1,0,0,0,0,1,1,0,0,0,0,0,0,0,0,0,0,0,0,0,0,0,0,0,0,0,1,0,0,4,0,39.9934,-75.097, , 
 ,60488,2012058818,6,67,67301,2012,5,6,854,8,1,1,0,1,1, , ,N,0,0,0,3,0,1,3,2,N,N,39 59:02.324,75 05:48.918,859, ,858,1,1,2,N, ,0,N, , , , ,692634, , , ,2,1,0,0,0,1,0,0,0,0,0,0,1,1,0,0,0,0,0,0,0,1,0,0,0,0,0,0,0,0,0,0,0,0,0,8,1,39.984,-75.0969, , 
 ,60489,2012060844,6,67,67301,2012,5,6,2100,21,3,1,0,8,1, , ,N,0,0,0,3,0,1,2,2,N, ,39 56:09.265,75 10:38.916,2107, ,2105, ,0, , , ,0, , , , , ,692636, , , ,1,0,1,0,0,0,0,0,0,0,0,1,1,0,0,0,0,0,0,0,0,0,0,0,0,0,0,0,0,0,0,0,1,0,0,4,0,39.9359,-75.1775, , 
 ,60490,2012066567,6,67,67301,2012,5,3,1117,11,1,1,1,4,1, , ,N,1,4,0,3,0,1,3,2,N,N,40 02:34.004,75 06:48.689,1138, ,1135, ,0, ,N, ,3, , , , , ,692638, , , ,2,0,0,0,0,0,1,1,0,0,0,0,1,1,0,0,0,0,0,0,0,1,0,0,0,0,0,0,0,0,0,0,0,0,0,8,0,40.0427,-75.1136, , 
 ,60491,2012106947,6,67,67301,2012,10,4,751,7,1,1,0,1,1, , ,N,0,0,0,3,0,0,3,3,N,N,40 01:24.544,75 02:02.632,807, ,753, ,0, ,N, ,0, , , , , ,692669, , , ,3,2,0,0,0,0,1,0,0,0,0,0,0,0,0,0,0,0,1,0,1,0,0,0,0,0,0,0,0,0,0,0,0,0,0,0,0,40.0235,-75.034, , 
 ,60492,2012066217,6,67,67301,2012,6,7,1315,13,1,1,0,5,1, , ,N,0,0,0,3,0,1,2,2,N,N,39 57:33.709,75 10:25.429,1341, ,1317,2,2,4,N, ,0,Y, , , , ,692689, , , ,2,2,0,0,0,0,0,0,0,0,0,0,1,1,0,0,0,0,0,0,1,0,0,0,0,0,0,0,0,0,0,0,0,0,0,8,0,39.9594,-75.1737, , 
 ,60493,2012066671,6,67,67301,2012,5,1,525,5,1,8,1,4,1, , ,N,1,2,0,3,0,0,2,2,N,N,40 00:51.570,75 10:41.163,535, ,529, ,0, ,N, ,9, , , , , ,692690, , , ,2,2,0,0,0,0,0,0,0,0,0,0,0,0,0,0,0,0,0,0,0,0,0,0,0,0,0,0,0,0,0,0,0,0,0,0,0,40.0143,-75.1781, , 
 ,60494,2012073603,6,67,67301,2012,6,2,840,8,1,1,0,3,1, , ,N,2,2,0,3,0,0,3,3,N,N,40 06:30.571,75 02:28.165,850, ,844, ,0, ,N, ,3, , , , , ,692696, , , ,3,2,0,0,0,0,1,0,0,0,0,0,0,0,0,0,0,0,0,0,0,0,0,0,0,0,0,0,0,0,0,0,0,0,0,0,0,40.1085,-75.0412, , 
 ,60495,2012073615,6,67,67301,2012,6,6,9999,99,4,2,1,0,1, , ,N,0,0,3,3,0,0,2,1,N,N,40 00:43.990,75 08:50.128,1910, ,1900,2,2,5, , ,0,Y, , , , ,692697, , , ,1,0,0,0,1,0,0,0,0,0,0,0,0,0,0,0,0,0,0,0,0,0,0,0,0,0,0,0,0,0,0,0,0,0,0,0,0,40.0122,-75.1473, , 
 ,60496,2012075945,6,67,67301,2012,6,1,352,3,3,1,0,4,1, , ,N,1,2,0,3,0,1,9,2,N,N,39 58:23.685,75 12:43.721,352, ,352, ,0, ,N, ,3, , , , , ,692699, , , ,2,2,0,0,0,0,0,0,0,0,1,0,1,0,8,0,0,0,0,0,0,0,0,0,0,0,0,0,0,0,0,0,0,0,0,3,0,39.9732,-75.2121, , 
 ,60497,2012109045,6,67,67301,2012,10,4,328,3,3,1,1,7,2, , ,N,0,0,0,3,0,1,1,2,N,N,39 57:44.815,75 08:21.458,332, ,330,1,1,1,N, ,0,N, , , , ,692732, , , ,1,1,0,0,0,0,0,0,0,0,0,0,1,1,0,0,0,0,0,0,0,0,0,0,0,0,0,0,0,0,0,0,0,0,0,8,0,39.9623,-75.1394, , 
 ,60498,2012109778,6,67,67301,2012,10,2,2000,20,3,1,0,7,2, , ,N,0,0,0,3,0,1,1,1,N, ,39 59:43.527,75 09:57.840,2011, ,2009,1,2,4, , ,0,Y, , , , ,692733, , , ,1,1,0,0,0,0,0,0,0,0,0,0,1,1,0,0,0,0,0,0,0,0,0,1,0,0,0,0,0,0,0,0,0,0,0,8,0,39.9954,-75.1661, , 
 ,60499,2012083209,6,67,67301,2012,7,7,450,4,3,2,1,4,2, , ,N,1,0,0,3,0,0,2,2,N, ,40 01:15.348,75 07:08.774,500, ,450, ,0, , , ,0, , , , , ,692757, , , ,2,1,0,0,0,0,1,0,0,0,0,0,0,0,0,0,0,0,0,0,0,0,0,0,0,0,0,0,0,0,0,0,0,0,0,0,0,40.0209,-75.1191, , 
 ,60500,2012085890,6,67,67301,2012,8,1,1330,13,1,1,0,4,1, , ,N,1,2,0,3,0,1,1,2,N,N,39 54:54.794,75 09:32.999,1346, ,1341,1,2,3,N, ,3,Y, , , , ,692760, , , ,1,0,1,0,0,0,0,0,0,0,0,0,1,1,0,0,0,0,0,0,0,0,0,0,0,0,0,0,0,0,0,0,0,0,0,8,0,39.9152,-75.1592, , 
Y,60501,2012095085,6,67,67301,2012,9,4,2338,23,3,1,0,4,1,2,2,Y,0,8,0,3,0,0,2,2,N,N,39 59:41.994,75 11:52.571,2346,50,2343, ,0, ,N, ,3, ,Y,N,N,Y,692769,N,N,N,2,2,0,0,0,0,0,0,0,0,0,0,0,0,0,0,0,0,0,0,0,0,0,0,0,0,0,0,0,0,0,0,0,0,0,0,0,39.995,-75.1979, , 
 ,60502,2012068809,6,67,67301,2012,6,7,533,5,5,1,0,7,5, , ,N,0,0,0,3,0,1,1,1,N,N,39 57:44.522,75 12:29.247,541, ,538, ,0, ,N, ,0, , , , , ,692791, , , ,1,1,0,0,0,0,0,0,0,0,0,0,1,1,0,0,0,0,0,0,0,0,0,0,0,0,0,0,0,0,0,0,0,0,0,8,0,39.9624,-75.2081, , 
 ,60503,2012085332,6,67,67301,2012,7,5,1630,16,1,1,0,4,1, , ,N,1,2,0,3,0,0,5,2,N, ,39 57:30.005,75 09:55.764,1659, ,1657, ,0, , , ,3, , , , , ,692812, , , ,2,0,0,0,0,0,1,1,0,0,0,0,0,0,0,0,0,0,0,0,0,0,0,0,0,0,0,0,0,0,0,0,0,0,0,0,0,39.9585,-75.1656, , 
 ,60504,2012085775,6,67,67301,2012,7,7,9999,99,1,1,0,4,1, , ,N,1,2,0,3,0,3,5,3,N,N,40 00:49.975,75 07:33.617,1819, ,1812, ,0, ,N, ,3, , , , , ,692813, , , ,3,0,0,0,1,0,1,1,0,0,0,2,3,1,0,0,0,0,0,0,1,0,0,0,0,0,0,0,0,0,0,0,0,0,0,4,0,40.0139,-75.126, , 
 ,60505,2012078470,6,67,67301,2012,7,3,9999,99,1,1,0,4,1, , ,N,2,3,0,3,0,4,5,3,N, ,39 55:50.489,75 13:05.744,1920, ,1906, ,0, , , ,3, , , , , ,686535, , , ,3,2,0,0,0,0,1,0,0,0,0,4,4,0,0,0,0,0,0,0,0,0,0,0,0,0,0,0,0,0,0,0,0,0,0,4,0,39.9307,-75.2183, , 
 ,60506,2012098534,6,67,67301,2012,9,6,1926,19,3,1,0,4,1, , ,N,1,2,0,3,0,0,3,2,N,N,40 01:45.754,75 06:22.752,1940, ,1930,1,1,2,N, ,3,N, , , , ,686546, , , ,2,2,0,0,0,0,0,0,0,0,0,0,0,0,0,0,0,0,0,0,1,0,0,0,0,0,0,0,0,0,0,0,0,0,0,0,0,40.0294,-75.1063, , 
 ,60507,2012011828,6,67,67301,2012,1,7,53,0,3,1,0,7,2, , ,N,0,0,3,3,0,1,1,1,N,N,39 53:57.941,75 09:55.167,106, ,56, ,0, ,Y, ,0, , , , , ,686572, , , ,1,1,0,0,0,0,0,0,0,0,0,0,1,1,0,0,0,0,0,0,0,0,0,1,0,0,0,0,0,0,0,0,0,0,0,8,0,39.8994,-75.1653, , 
 ,60508,2012104053,6,67,67301,2012,9,5,905,9,1,2,1,2,1, , ,N,0,0,0,3,0,2,3,2,N,N,40 00:48.852,75 12:01.443,915, ,912,1,2,2,N, ,0,Y, , , , ,686658, , , ,2,2,0,0,0,0,0,0,0,0,0,2,2,0,0,0,0,0,0,0,0,0,0,1,0,0,0,0,0,0,0,0,0,0,0,4,0,40.0136,-75.2004, , 
 ,60509,2012026182,6,67,67301,2012,1,6,1222,12,1,9,1,4,1, , ,N,0,0,7,3,0,1,2,2,N,N,40 00:18.439,75 10:48.889,1235, ,1222,1,1,4, , ,0,N, , , , ,686681, , , ,2,1,0,0,1,0,0,0,0,0,0,0,1,1,0,0,0,0,0,0,1,0,0,0,0,0,0,0,0,0,0,0,0,0,0,8,0,40.0051,-75.1802, , 
 ,60510,2012040988,6,67,67301,2012,4,2,646,6,1,1,1,7,2, , ,N,0,0,0,3,0,1,1,1,N,N,39 58:48.146,75 06:21.706,716, ,714, ,0, ,N, ,0, , , , , ,686695, , , ,1,0,0,0,0,0,1,0,0,0,0,1,1,0,0,0,0,0,0,0,0,0,0,0,0,0,0,0,0,0,0,0,0,0,0,4,0,39.98,-75.106, , 
 ,60511,2012041627,6,67,67301,2012,3,3,140,1,3,1,0,7,4, , ,N,0,0,0,3,0,1,1,1,N, ,40 01:56.082,75 05:39.487,150, ,145, ,0, , , ,0, , , , , ,686696, , , ,1,1,0,0,0,0,0,0,0,0,0,1,1,0,0,0,0,0,0,0,0,0,0,0,0,0,0,0,0,0,0,0,0,0,0,4,0,40.0322,-75.0943, , 
 ,60512,2012071429,6,67,67301,2012,7,6,1250,12,1,1,0,1,1, , ,N,0,0,0,3,0,0,3,2,N,N,39 57:31.382,75 10:10.491,1310, ,1258, ,0, ,N, ,0, , , , , ,686718, , , ,2,0,0,0,1,0,1,0,0,0,0,0,0,0,0,0,0,0,0,0,1,0,0,0,0,0,0,0,0,0,0,0,0,0,0,0,0,39.9587,-75.1696, , 
 ,60513,2012074373,6,67,67301,2012,6,5,1415,14,1,1,0,4,1, , ,N,0,0,0,3,0,2,2,3,N,N,39 57:23.191,75 09:52.308,1648, ,1640,3,1,3,N, ,0,Y, , , , ,686722, , , ,3,1,0,0,0,0,2,0,0,0,0,2,2,0,0,0,0,0,0,0,0,0,0,0,0,0,0,0,0,0,0,0,0,0,0,4,0,39.9564,-75.1645, , 
 ,60514,2012096009,6,67,67301,2012,8,4,1100,11,1,1,0,2,1, , ,N,1,2,0,3,0,1,2,2,N,N,39 58:50.031,75 10:20.683,1203, ,1200, ,0, ,N, ,3, , , , , ,686741, , , ,2,0,0,0,0,0,1,1,0,0,0,1,1,0,0,0,0,0,0,0,2,0,0,1,0,0,0,0,0,0,0,0,0,0,0,4,0,39.9806,-75.1724, , 
 ,60515,2012098348,6,67,67301,2012,9,2,1540,15,1,2,1,4,1, , ,N,2,0,0,3,0,1,1,2,N,N,39 59:52.188,75 07:01.937,1553, ,1551, ,0, ,N, ,0, , , , , ,686746, , , ,2,0,1,0,0,0,1,0,0,0,1,0,1,0,0,0,0,0,0,0,0,0,0,0,0,0,0,0,0,0,0,0,0,0,0,3,0,39.9978,-75.1172, , 
 ,60516,2012104077,6,67,67301,2012,9,6,840,8,1,1,0,4,1, , ,N,1,2,0,3,0,1,5,3,N,N,40 03:57.346,75 09:33.410,915, ,859, ,0, , , ,3, , , , , ,686749, , , ,3,2,0,0,0,0,1,0,0,0,0,1,1,0,0,0,0,0,0,0,0,0,1,0,0,0,0,0,0,0,0,0,0,0,0,4,0,40.0659,-75.1593, , 
 ,60517,2012066632,6,67,67301,2012,5,2,415,4,3,1,0,7,5, , ,N,0,0,0,3,0,1,1,1,N, ,40 01:46.103,75 11:18.493,420, ,415,2,2,1,N, ,0,Y, , , , ,686763, , , ,1,1,0,0,0,0,0,0,0,0,0,1,1,0,0,0,0,0,0,0,0,0,0,1,0,0,0,0,0,0,0,0,0,0,0,4,0,40.0295,-75.1885, , 
 ,60518,2012070534,6,67,67301,2012,6,5,801,8,1,1,0,1,1, , ,N,0,0,0,3,0,2,2,2,N,N,40 02:33.751,75 00:11.788,810, ,802, ,0, ,N, ,0, , , , , ,686768, , , ,2,2,0,0,0,0,0,0,0,0,2,0,2,0,0,0,0,0,0,0,0,0,0,0,0,0,0,0,0,0,0,0,0,0,0,3,0,40.0426,-75.0033, , 
 ,60519,2012076008,6,67,67301,2012,6,3,2107,21,3,1,0,8,1, , ,N,0,0,0,3,0,1,2,2,N,N,39 58:52.616,75 10:40.736,2322, ,2219, ,0, ,N, ,0, , , , , ,686774, , , ,1,0,0,0,0,0,0,0,0,0,0,1,1,0,0,0,0,0,0,0,0,0,0,0,0,0,0,0,0,0,0,0,1,0,0,4,0,39.9813,-75.178, , 
 ,60520,2012088884,6,67,67301,2012,9,2,1205,12,1,2,1,7,4, , ,N,0,0,0,3,0,1,1,1,N,N,39 55:39.682,75 11:44.324,1208, ,1205,3,2,4,Y, ,0,Y, , , , ,686787, , , ,1,1,0,0,0,0,0,0,0,0,1,0,1,0,0,0,0,0,0,0,1,0,0,0,0,0,0,0,0,0,0,0,0,0,0,3,0,39.9277,-75.1956, , 
 ,60521,2012098277,6,67,67301,2012,9,1,1,0,3,1,0,1,1, , ,N,0,0,0,3,0,2,3,3,N,N,40 03:17.964,75 09:15.814,146, ,145, ,0, ,N, ,0, , , , , ,686801, , , ,3,3,0,0,0,0,0,0,0,0,2,0,2,0,0,0,0,1,0,0,0,0,0,0,0,0,0,0,0,0,0,0,0,0,0,3,0,40.055,-75.1544, , 
 ,60522,2012098345,6,67,67301,2012,9,5,1512,15,1,1,0,4,1, , ,N,0,0,0,3,0,0,2,2,N,N,39 59:48.570,75 05:25.174,1518, ,1514,2,2,1,N, ,0,Y, , , , ,686802, , , ,2,1,0,0,0,0,1,0,0,0,0,0,0,0,0,0,0,0,0,0,0,0,0,0,0,0,0,0,0,0,0,0,0,0,0,0,0,39.9968,-75.0903, , 
 ,60523,2012056674,6,67,67301,2012,5,7,1505,15,1,1,0,5,1, , ,N,0,0,0,3,0,1,2,3,N,N,39 56:34.424,75 08:56.007,1513, ,1510, ,0, ,N, ,0, , , , , ,686814, , , ,2,0,0,1,0,0,0,1,1,0,0,1,1,0,0,0,0,0,0,0,0,0,0,0,0,0,0,0,0,0,0,0,0,0,0,4,1,39.9429,-75.1489, , 
 ,60524,2012088088,6,67,67301,2012,8,6,1930,19,3,1,0,2,1, , ,N,1,2,0,3,0,2,2,2,N,N,39 58:06.410,75 14:07.231,2021, ,2011,3,2,6, , ,3,Y, , , , ,689529, , , ,2,2,0,0,0,0,0,0,0,0,0,2,2,0,0,0,0,0,0,0,0,1,0,0,0,0,0,0,0,0,0,0,0,0,0,4,0,39.9684,-75.2353, , 