wz_ln_closure,objectid_1,crn,district,county,municipality,crash_year,crash_month,day_of_week,time_of_day,hour_of_day,illumination,weather,road_condition,collision_type,relation_to_road,work_zone_type,work_zone_loc,work_zone_ind,intersect_type,tcd_type,location_type,urban_rural,fatal_count,injury_count,person_count,total_units,sch_bus_ind,sch_zone_ind,latitude,longitude,arrival_tm,cons_zone_spd_lim,dispatch_tm,est_hrs_closed,lane_closed,ln_close_dir,ntfy_hiwy_maint,spec_juris_cd,tcd_func_cd,tfc_detour_ind,workers_pres,wz_close_detour,wz_flagger,wz_law_offcr_ind,objectid,wz_moving,wz_other,wz_shlder_mdn,vehicle_count,automobile_count,motorcycle_count,bus_count,small_truck_count,heavy_truck_count,suv_count,van_count,bicycle_count,maj_inj_count,mod_inj_count,min_inj_count,tot_inj_count,unk_inj_deg_count,unk_inj_per_count,driver_count_16yr,driver_count_17yr,driver_count_18yr,driver_count_19yr,driver_count_20yr,driver_count_50_64yr,driver_count_65_74yr,driver_count_75plus,unbelted_occ_count,unb_death_count,unb_maj_inj_count,belted_death_count,belted_maj_inj_count,mcycle_death_count,mcycle_maj_inj_count,bicycle_death_count,bicycle_maj_inj_count,ped_count,ped_death_count,ped_maj_inj_count,max_severity_level,comm_veh_count,dec_lat,dec_long,rdwy_surf_type_cd,county_name
 ,60525,2012095615,6,67,67301,2012,8,2,2025,20,3,1,0,4,1, , ,N,0,0,0,3,0,0,1,2,N, ,39 59:09.279,75 09:52.257,2034, ,2032, ,0, , , ,0, , , , , ,689540, , , ,0,0,0,0,0,0,0,0,0,0,0,1,1,0,0,0,0,0,0,0,0,0,0,0,0,0,0,0,0,0,0,0,1,0,0,4,0,39.9859,-75.1645, , 
 ,60526,2012104239,6,67,67301,2012,9,6,812,8,1,1,0,4,1, , ,N,5,2,0,3,0,1,3,2,N,N,39 57:41.314,75 08:59.291,818, ,814,2,1,1,N, ,3,Y, , , , ,689547, , , ,2,1,0,0,0,0,0,1,0,0,0,1,1,0,0,0,0,0,0,0,1,0,0,0,0,0,0,0,0,0,0,0,0,0,0,4,0,39.9614,-75.1498, , 
 ,60527,2012104288,6,67,67301,2012,9,6,1625,16,1,1,0,8,1, , ,N,1,3,0,3,0,1,2,2,N, ,39 56:29.774,75 10:21.075,1637, ,1628, ,0, , , ,3, , , , , ,689548, , , ,1,1,0,0,0,0,0,0,0,0,0,0,1,1,0,0,0,0,0,0,0,0,0,0,0,0,0,0,0,0,0,0,1,0,0,8,0,39.9416,-75.1725, , 
 ,60528,2012077903,6,67,67301,2012,7,2,2147,21,3,1,0,7,2, , ,N,0,0,0,3,0,0,3,1,N,N,40 00:04.983,75 11:40.655,2154, ,2147, ,0, ,N, ,0, , , , , ,689570, , , ,1,1,0,0,0,0,0,0,0,0,0,0,0,0,0,0,0,0,0,0,0,0,0,0,0,0,0,0,0,0,0,0,0,0,0,0,0,40.0014,-75.1946, , 
 ,60529,2012080785,6,67,67301,2012,7,1,9999,99,1,1,0,7,5, , ,N,0,0,0,3,0,1,1,2,N,N,40 00:50.417,75 04:06.781,426, ,225, ,0, ,N, ,0, , , , , ,689574, , , ,1,1,0,0,0,0,0,0,0,0,1,0,1,0,0,0,0,0,0,0,0,0,0,0,0,0,0,0,0,0,0,0,0,0,0,3,0,40.014,-75.0686, , 
 ,60530,2012088566,6,67,67301,2012,8,2,1236,12,1,1,0,2,1, , ,N,0,0,0,3,0,5,5,2,N,N,40 03:47.723,75 14:19.258,1305, ,1303, ,0, ,N, ,0, , , , , ,689583, , , ,2,2,0,0,0,0,0,0,0,0,0,5,5,0,0,0,0,0,0,0,0,0,0,0,0,0,0,0,0,0,0,0,0,0,0,4,0,40.0633,-75.2387, , 
 ,60531,2012104667,6,46,46105,2012,10,3,1602,16,1,1,0,7,5, , ,N,0,0,0,3,0,0,1,1,N,N,40 06:22.032,75 03:28.738,1604, ,1602, ,0, ,N, ,0, , , , , ,689597, , , ,1,0,0,0,1,0,0,0,0,0,0,0,0,0,0,0,0,0,0,0,0,0,0,0,0,0,0,0,0,0,0,0,0,0,0,0,0,40.1061,-75.058, , 
 ,60532,2012068908,6,67,67301,2012,5,1,608,6,1,1,0,5,1, , ,N,0,0,0,3,0,0,2,3,N, ,39 57:32.006,75 13:42.441,610, ,608, ,0, , , ,0, , , , , ,689621, , , ,3,3,0,0,0,0,0,0,0,0,0,0,0,0,0,0,0,0,0,0,0,0,0,0,0,0,0,0,0,0,0,0,0,0,0,0,0,39.9589,-75.2285, , 
 ,60533,2012088567,6,67,67301,2012,8,1,26,0,3,1,0,6,1, , ,N,1,2,0,3,0,0,3,3,N,N,39 59:49.350,75 10:42.861,59, ,1235, ,0, , , ,3, , , , , ,689638, , , ,2,2,0,0,0,0,0,0,0,0,0,0,1,1,0,0,0,0,0,1,1,0,0,3,0,0,0,0,0,0,0,0,0,0,0,8,0,39.997,-75.1786, , 
 ,60534,2012088992,6,67,67301,2012,8,3,810,8,1,1,0,1,1, , ,N,0,0,0,3,0,1,2,2,N,N,40 03:01.670,75 07:38.632,830, ,824, ,0, ,N, ,0, , , , , ,689639, , , ,2,1,0,0,1,0,0,0,0,0,0,1,1,0,0,0,0,0,0,0,1,0,0,0,0,0,0,0,0,0,0,0,0,0,0,4,0,40.0505,-75.1274, , 
 ,60535,2012075947,6,67,67301,2012,6,1,1700,17,1,1,0,5,1, , ,N,0,0,0,3,0,0,2,2,N,N,40 04:23.253,75 09:49.892,1735, ,1727, ,0, , , ,0, , , , , ,689655, , , ,2,2,0,0,0,0,0,0,0,0,0,0,0,0,0,0,0,0,0,0,1,0,0,0,0,0,0,0,0,0,0,0,0,0,0,0,0,40.0731,-75.1639, , 
 ,60536,2012083327,6,67,67301,2012,7,4,1355,13,1,4,0,4,2, , ,N,0,0,0,3,0,0,1,3,N,N,39 57:01.119,75 14:02.382,1405, ,1400, ,0, ,N, ,0, , , , , ,689662, , , ,3,1,0,0,0,0,2,0,0,0,0,0,0,0,0,0,0,0,0,0,0,0,0,1,0,0,0,0,0,0,0,0,0,0,0,0,0,39.9503,-75.234, , 
 ,60537,2012095581,6,67,67301,2012,8,4,9999,99,3,1,0,1,1, , ,N,2,2,0,3,0,1,2,2,N,N,40 04:19.712,75 01:58.660,2201, ,2200, ,0, , , ,3, , , , , ,689672, , , ,2,1,0,0,0,0,0,1,0,0,0,0,1,1,0,0,0,0,0,0,1,0,1,0,0,0,0,0,0,0,0,0,0,0,0,8,0,40.0721,-75.033, , 
 ,60538,2012098430,6,67,67301,2012,8,6,1915,19,1,1,0,8,1, , ,N,1,2,0,3,0,1,2,2,N,N,40 02:20.709,75 08:41.028,1915, ,1915, ,0, ,N, ,3, , , , , ,689676, , , ,1,1,0,0,0,0,0,0,0,0,0,1,1,0,0,0,0,0,0,0,0,0,0,0,0,0,0,0,0,0,0,0,1,0,0,4,0,40.039,-75.1446, , 
 ,60539,2012101158,6,67,67301,2012,10,1,2104,21,3,2,1,1,1, , ,N,0,0,0,3,0,0,2,2,N,N,39 59:56.582,75 11:43.206,2108, ,2107,1,1,4,N, ,0,N, , , , ,689679, , , ,2,1,0,0,0,0,1,0,0,0,0,0,0,0,0,0,0,0,0,0,1,0,0,0,0,0,0,0,0,0,0,0,0,0,0,0,0,39.9991,-75.1953, , 
 ,60540,2012078195,6,67,67301,2012,7,5,1136,11,1,1,0,1,1, , ,N,0,2,0,3,0,2,3,2,N,N,39 55:33.085,75 14:02.036,1136, ,1136,2,1,4,N, ,3,Y, , , , ,689706, , , ,2,1,0,0,0,1,0,0,0,0,0,2,2,0,0,0,0,0,0,0,0,0,0,0,0,0,0,0,0,0,0,0,0,0,0,4,1,39.9259,-75.2339, , 
 ,60541,2012084154,6,67,67301,2012,7,4,1159,11,1,1,0,4,1, , ,N,2,3,0,3,0,1,2,2,N,N,39 57:06.746,75 10:41.980,1230, ,1225, ,0, ,N, ,3, , , , , ,689710, , , ,2,1,0,0,0,0,1,0,0,0,0,0,1,1,0,0,0,0,0,0,0,1,0,0,0,0,0,0,0,0,0,0,0,0,0,8,0,39.9519,-75.1783, , 
 ,60542,2012103981,6,67,67301,2012,9,4,1500,15,1,1,0,8,2, , ,N,1,2,0,3,0,1,2,2,N, ,39 58:22.735,75 13:34.041,1510, ,1500, ,0, , , ,3, , , , , ,689727, , , ,1,1,0,0,0,0,0,0,0,0,1,0,1,0,0,0,0,0,0,0,0,0,0,0,0,0,0,0,0,0,0,0,1,0,0,3,0,39.973,-75.2261, , 
 ,60543,2012068760,6,46,46102,2012,5,3,9999,99,1,1,0,1,1, , ,N,1,2,0,3,0,1,4,3,N, ,40 03:55.027,75 05:25.289,9999, ,758,1,1,4, , ,3,N, , , , ,695136, , , ,3,1,0,0,0,0,2,0,0,0,0,1,1,0,0,0,0,0,0,0,1,0,0,0,0,0,0,0,0,0,0,0,0,0,0,4,0,40.0653,-75.0904, , 
 ,60544,2012068850,6,67,67301,2012,5,6,1850,18,1,1,0,8,1, , ,N,0,0,0,3,0,1,2,2,N,N,39 55:19.685,75 09:31.072,1900, ,1852, ,0, ,N, ,0, , , , , ,695137, , , ,1,1,0,0,0,0,0,0,0,0,0,1,1,0,0,0,0,0,0,0,0,0,0,0,0,0,0,0,0,0,0,0,1,0,0,4,0,39.9221,-75.1586, , 
 ,60545,2012080756,6,67,67301,2012,7,2,2012,20,1,1,0,8,1, , ,N,0,0,0,3,0,1,2,2,N,N,39 56:57.217,75 14:31.182,2016, ,2014, ,0, ,N, ,0, , , , , ,695151, , , ,1,0,0,0,0,0,0,1,0,0,0,1,1,0,0,0,0,0,0,0,0,0,0,0,0,0,0,0,0,0,0,0,1,0,0,4,0,39.9492,-75.242, , 
 ,60546,2012104203,6,67,67301,2012,9,6,500,5,4,1,0,1,1, , ,N,1,2,0,3,0,1,1,2,N, ,39 56:24.070,75 09:58.832,531, ,525, ,0, , , ,3, , , , , ,695173, , , ,2,2,0,0,0,0,0,0,0,0,0,1,1,0,0,0,0,0,0,0,0,0,0,0,0,0,0,0,0,0,0,0,0,0,0,4,0,39.94,-75.1662, , 
 ,60547,2012104617,6,67,67301,2012,9,7,2200,22,3,1,0,8,1, , ,N,0,0,0,3,0,1,2,2,N,N,40 02:09.747,75 02:32.486,2205, ,2200,1,1,2,N, ,0,N, , , , ,695174, , , ,1,1,0,0,0,0,0,0,0,0,1,0,1,0,0,0,0,0,0,0,0,0,0,0,0,0,0,0,0,0,0,0,1,0,0,3,0,40.036,-75.0424, , 
 ,60548,2012098193,6,67,67301,2012,9,2,1532,15,1,1,0,4,1, , ,N,0,0,0,3,0,0,3,2,N,N,39 55:27.872,75 09:37.328,1542, ,1535, ,0, , , ,0, , , , , ,695206, , , ,2,1,0,0,0,1,0,0,0,0,0,0,0,0,0,0,0,0,0,0,0,0,0,0,0,0,0,0,0,0,0,0,0,0,0,0,0,39.9244,-75.1604, , 
 ,60549,2012099346,6,67,67301,2012,9,2,130,1,1,1,0,7,2, , ,N,0,0,0,3,0,0,1,1,N,N,39 59:03.126,75 12:11.685,140, ,133, ,0, ,N, ,0, , , , , ,695207, , , ,1,1,0,0,0,0,0,0,0,0,0,0,0,0,0,0,0,0,0,0,0,1,0,0,0,0,0,0,0,0,0,0,0,0,0,0,0,39.9842,-75.2032, , 
 ,60550,2012114866,6,67,67301,2012,10,5,18,0,3,1,0,4,1, , ,N,1,2,0,3,0,0,2,2,N,N,40 02:11.789,75 03:52.061,21, ,18,9,1,2,N, ,3,N, , , , ,695227, , , ,2,2,0,0,0,0,0,0,0,0,0,0,0,0,0,0,0,0,0,0,0,0,0,0,0,0,0,0,0,0,0,0,0,0,0,0,0,40.0366,-75.0645, , 
 ,60551,2012098982,6,67,67301,2012,8,7,1944,19,3,1,0,4,1, , ,N,1,2,0,3,0,1,2,2,N, ,39 58:08.111,75 08:10.324,1948, ,1944, ,0, , , ,3, , , , , ,695269, , , ,2,0,0,0,0,0,1,0,0,0,0,1,1,0,0,0,0,0,0,0,0,0,0,0,0,0,0,0,0,0,0,0,0,0,0,4,0,39.9688,-75.1362, , 
 ,60552,2012074378,6,67,67301,2012,6,7,1616,16,1,1,0,1,1, , ,N,0,0,6,3,0,2,6,2,N,N,40 02:00.763,75 04:41.982,1621, ,1618,1,1,2,N, ,0,N, , , , ,695287, , , ,2,1,0,0,1,0,0,0,0,0,0,2,2,0,0,0,0,0,0,0,1,0,0,0,0,0,0,0,0,0,0,0,0,0,0,4,0,40.0336,-75.0783, , 
 ,60553,2012078504,6,67,67301,2012,7,7,900,9,1,1,0,1,1, , ,N,1,2,0,3,0,1,2,2,N, ,39 58:31.438,75 07:15.165,1206, ,1156, ,0, , , ,3, , , , , ,695304, , , ,2,1,0,0,0,0,1,0,0,0,0,1,1,0,1,0,0,0,0,0,1,0,0,0,0,0,0,0,0,0,0,0,0,0,0,4,0,39.9749,-75.1215, , 
 ,60554,2012092689,6,67,67301,2012,9,2,838,8,1,2,1,7,4, , ,N,7,0,2,3,0,1,1,1,N,N,39 57:26.940,75 08:48.293,847, ,842,1,1,3,N, ,0,N, , , , ,695314, , , ,1,1,0,0,0,0,0,0,0,0,0,1,1,0,0,0,0,0,0,0,0,0,0,0,0,0,0,0,0,0,0,0,0,0,0,4,0,39.9575,-75.1467, , 
 ,60555,2012076027,6,67,67301,2012,6,6,9999,99,1,1,0,2,1, , ,N,0,0,0,3,0,1,3,3,N, ,39 58:42.214,75 15:09.378,9999, ,9999, ,0, , , ,0, , , , , ,695332, , , ,3,3,0,0,0,0,0,0,0,0,0,0,1,1,0,0,0,0,0,0,0,0,1,0,0,0,0,0,0,0,0,0,0,0,0,8,0,39.9784,-75.2526, , 
 ,60556,2012073537,6,67,67301,2012,6,7,5,0,3,1,0,4,1, , ,N,0,0,0,3,0,0,1,2,N,N,39 59:25.689,75 09:49.647,26, ,25, ,0, ,N, ,0, , , , , ,695346, , , ,2,1,0,0,0,0,1,0,0,0,0,0,0,0,0,0,0,0,0,0,0,0,0,0,0,0,0,0,0,0,0,0,0,0,0,0,0,39.9905,-75.1638, , 
 ,60557,2012076010,6,67,67301,2012,6,1,1315,13,1,1,0,4,1, , ,N,0,0,0,3,0,0,3,2,N,N,40 00:10.488,75 10:32.897,1325, ,1319, ,0, ,N, ,0, , , , , ,695348, , , ,2,1,0,0,1,0,0,0,0,0,0,0,0,0,0,0,0,0,0,0,0,1,0,0,0,0,0,0,0,0,0,0,0,0,0,0,0,40.0029,-75.1758, , 
 ,60558,2012104061,6,67,67301,2012,9,4,840,8,1,1,0,1,1, , ,N,0,0,0,3,0,2,3,2,N,N,39 58:09.570,75 14:50.906,847, ,846,1,2,7,N, ,0,Y, , , , ,695369, , , ,2,2,0,0,0,0,0,0,0,0,1,0,2,1,1,0,0,0,0,0,1,0,0,0,0,0,0,0,0,0,0,0,0,0,0,3,0,39.9693,-75.2475, , 
 ,60559,2012104107,6,67,67301,2012,9,3,753,7,1,1,0,2,1, , ,N,1,2,0,3,0,3,3,2,N,N,39 58:50.338,75 14:47.383,825, ,800,3,1,1,N, ,3,N, , , , ,695413, , , ,2,1,0,1,0,0,0,0,0,0,0,0,3,3,0,0,0,0,0,0,0,0,0,0,0,0,0,0,0,0,0,0,0,0,0,8,1,39.9806,-75.2465, , 
U,60560,2012078238,6,67,67301,2012,7,4,1140,11,1,1,0,8,5,8,8,Y,1,2,0,3,0,1,2,2,N,Y,40 07:24.878,75 00:55.666,1142,99,1142, ,0, , , ,3, ,U,U,U,U,695438,U,U,U,1,1,0,0,0,0,0,0,0,0,0,1,1,0,0,0,0,0,0,0,0,0,0,0,0,0,0,0,0,0,0,0,1,0,0,4,0,40.1235,-75.0154, , 
 ,60561,2012078352,6,67,67301,2012,7,7,1500,15,1,1,0,4,1, , ,N,2,0,0,3,0,1,2,2,N,N,40 01:39.432,75 05:46.337,1610, ,1545, ,0, ,N, ,0, , , , , ,695439, , , ,1,1,0,0,0,0,0,0,1,0,0,1,1,0,0,0,0,0,0,0,0,0,0,0,0,0,0,0,0,0,0,0,0,0,0,4,0,40.0276,-75.0962, , 
 ,60562,2012047078,6,67,67301,2012,3,6,1730,17,1,1,0,8,6, , ,N,0,0,0,3,0,1,2,2,N,N,39 57:01.760,75 11:34.267,1832, ,1830, ,0, ,N, ,0, , , , , ,683941, , , ,1,0,0,0,1,0,0,0,0,0,0,1,1,0,0,0,0,0,0,1,0,0,0,0,0,0,0,0,0,0,0,0,1,0,0,4,0,39.9505,-75.1929, , 
 ,60563,2012048665,6,67,67301,2012,4,2,2342,23,3,1,0,1,1, , ,N,0,0,0,3,0,1,5,2,N,N,39 53:23.950,75 12:02.895,11, ,2350, ,0, ,N, ,0, , , , , ,683942, , , ,2,1,0,0,0,0,1,0,0,0,0,1,1,0,0,0,0,0,0,0,2,0,0,0,0,0,0,0,0,0,0,0,0,0,0,4,0,39.89,-75.2008, , 
 ,60564,2012066413,6,67,67301,2012,6,6,1945,19,1,1,0,6,1, , ,N,0,0,0,3,0,1,1,3,N,N,40 01:37.958,75 07:57.082,1953, ,1949, ,0, ,N, ,0, , , , , ,683955, , , ,3,2,0,0,0,0,0,1,0,0,0,1,1,0,0,0,0,0,0,0,0,0,0,0,0,0,0,0,0,0,0,0,0,0,0,4,0,40.0272,-75.1325, , 
 ,60565,2012066721,6,67,67301,2012,5,3,825,8,1,2,1,4,1, , ,N,1,2,0,3,0,1,6,2,N,N,40 01:53.151,75 09:17.114,950, ,947, ,0, ,N, ,3, , , , , ,683956, , , ,2,0,0,0,0,0,2,0,0,0,0,1,1,0,0,0,0,0,0,0,0,1,0,0,0,0,0,0,0,0,0,0,0,0,0,4,0,40.0314,-75.1548, , 
 ,60566,2012056712,6,67,67301,2012,4,7,825,8,1,1,0,1,1, , ,N,0,0,0,3,0,0,3,3,N,N,40 01:23.042,75 08:11.963,830, ,830,1,1,2,N, ,0,N, , , , ,683967, , , ,3,2,0,0,0,0,1,0,0,0,0,0,0,0,0,0,0,0,0,0,1,0,0,0,0,0,0,0,0,0,0,0,0,0,0,0,0,40.0231,-75.1367, , 
 ,60567,2012060827,6,67,67301,2012,5,4,735,7,1,1,1,1,1, , ,N,3,3,0,3,0,1,2,2,N,N,40 01:07.309,75 06:05.983,750, ,745, ,0, ,N, ,3, , , , , ,683968, , , ,2,2,0,0,0,0,0,0,0,0,0,1,1,0,0,0,0,0,0,0,2,0,0,0,0,0,0,0,0,0,0,0,0,0,0,4,0,40.0187,-75.1017, , 
 ,60568,2012069648,6,67,67301,2012,6,7,1705,17,1,1,0,4,1, , ,N,1,2,0,3,0,4,7,4,N,N,40 01:40.946,75 06:36.204,1707, ,1706,1,1,2,N, ,3,N, , , , ,683976, , , ,4,2,0,0,0,0,1,1,0,0,0,4,4,0,0,0,0,0,1,0,0,0,0,0,0,0,0,0,0,0,0,0,0,0,0,4,0,40.028,-75.1101, , 
 ,60569,2012073542,6,67,67301,2012,6,5,138,1,3,1,0,7,4, , ,N,0,0,0,3,0,0,1,1,N, ,40 03:27.893,75 14:28.013,142, ,138, ,0, ,N, ,0, , , , , ,683978, , , ,1,0,0,0,0,0,1,0,0,0,0,0,0,0,1,0,0,1,0,0,0,0,0,0,0,0,0,0,0,0,0,0,0,0,0,9,0,40.0577,-75.2411, , 
 ,60570,2012078324,6,67,67301,2012,7,6,1942,19,1,1,0,8,1, , ,N,3,0,0,3,0,1,2,2,N,N,40 01:50.833,75 08:39.490,2001, ,1956, ,0, ,N, ,0, , , , , ,683983, , , ,1,1,0,0,0,0,0,0,0,0,0,1,1,0,0,0,0,0,0,0,0,0,0,0,0,0,0,0,0,0,0,0,1,0,0,4,0,40.0308,-75.1443, , 
 ,60571,2012056645,6,67,67301,2012,5,4,1830,18,1,1,0,4,1, , ,N,0,0,0,3,0,1,2,2,N,N,40 05:03.802,75 01:29.446,1835, ,1832,1,1,2,N, ,0,N, , , , ,684007, , , ,2,2,0,0,0,0,0,0,0,0,0,1,1,0,1,0,0,0,0,0,0,0,0,0,0,0,0,0,0,0,0,0,0,0,0,4,0,40.0844,-75.0248, , 
 ,60572,2012066744,6,67,67301,2012,6,1,15,0,3,1,0,1,1, , ,N,0,0,0,3,0,1,3,2,N,N,40 00:51.531,75 10:42.245,26, ,18, ,0, ,N, ,0, , , , , ,684015, , , ,2,1,0,1,0,0,0,0,0,0,1,0,1,0,1,0,0,0,0,0,0,0,0,0,0,0,0,0,0,0,0,0,0,0,0,3,1,40.0143,-75.1784, , 
 ,60573,2012068863,6,67,67301,2012,6,6,1816,18,1,1,0,4,1, , ,N,1,3,0,3,0,6,6,2,N, ,40 00:38.383,75 08:58.621,1849, ,1847, ,0, , , ,3, , , , , ,684017, , , ,2,0,1,0,0,0,0,1,0,0,0,6,6,0,0,0,0,0,0,0,0,0,0,0,0,0,0,0,0,0,0,0,0,0,0,4,0,40.0107,-75.1496, , 
 ,60574,2012078499,6,67,67301,2012,7,4,1210,12,1,1,0,4,1, , ,N,5,2,0,3,0,1,2,2,N,N,39 59:19.892,75 07:38.391,9999, ,1215, ,0, ,N, ,3, , , , , ,684029, , , ,1,1,0,0,0,0,0,0,1,0,0,1,1,0,0,0,0,0,0,0,0,0,0,0,0,0,0,0,0,0,0,0,0,0,0,4,0,39.9889,-75.1273, , 
 ,60575,2012089810,6,67,67301,2012,8,4,1818,18,1,1,0,8,1, , ,N,0,0,0,3,0,1,2,2,N, ,39 58:38.773,75 10:50.192,1822, ,1818, ,0, , , ,0, , , , , ,684043, , , ,1,1,0,0,0,0,0,0,0,0,0,1,1,0,1,0,0,0,0,0,0,0,0,0,0,0,0,0,0,0,0,0,1,0,0,4,0,39.9774,-75.1806, , 
 ,60576,2012051950,6,67,67301,2012,5,4,1645,16,1,1,0,4,1, , ,N,1,3,0,3,0,0,2,2,N,N,40 02:08.049,75 05:15.286,1705, ,1702, ,0, , , ,3, , , , , ,684058, , , ,2,1,0,0,0,0,1,0,0,0,0,0,0,0,0,0,0,0,0,0,0,0,0,0,0,0,0,0,0,0,0,0,0,0,0,0,0,40.0356,-75.0876, , 
 ,60577,2012078256,6,67,67301,2012,6,4,927,9,1,1,0,5,4, , ,N,0,0,0,3,0,2,5,2,N, ,40 00:55.596,75 12:30.436,935, ,927, ,0, , , ,0, , , , , ,684073, , , ,2,0,0,0,0,2,0,0,0,0,0,0,2,2,0,0,0,0,0,0,0,0,0,0,0,0,0,0,0,0,0,0,0,0,0,8,0,40.0153,-75.2082, , 
 ,60578,2012078424,6,67,67301,2012,7,7,305,3,3,1,0,5,1, , ,N,2,3,0,3,0,2,4,2,N,N,39 56:13.207,75 12:55.954,345, ,341, ,0, ,N, ,3, , , , , ,684074, , , ,2,2,0,0,0,0,0,0,0,0,0,2,2,0,0,0,0,0,0,0,1,0,0,0,0,0,0,0,0,0,0,0,0,0,0,4,0,39.937,-75.2155, , 
 ,60579,2012083903,6,67,67301,2012,8,3,1605,16,1,1,0,1,1, , ,N,0,0,0,3,0,1,3,3,N,N,39 57:07.957,75 10:56.411,1618, ,1612, ,0, ,N, ,0, , , , , ,684079, , , ,3,3,0,0,0,0,0,0,0,0,1,0,1,0,0,0,0,0,0,0,0,0,0,0,0,0,0,0,0,0,0,0,0,0,0,3,0,39.9522,-75.1823, , 
 ,60580,2012047130,6,67,67301,2012,4,1,1430,14,1,1,0,4,1, , ,N,1,2,0,3,0,1,4,2,N,N,40 00:31.034,75 04:07.810,1436, ,1432,3,1,1, , ,3,Y, , , , ,677637, , , ,2,2,0,0,0,0,0,0,0,0,0,1,1,0,0,0,0,0,0,0,0,0,0,0,0,0,0,0,0,0,0,0,0,0,0,4,0,40.0086,-75.0688, , 
 ,60581,2012050553,6,67,67301,2012,5,3,1014,10,1,6,1,4,1, , ,N,0,0,0,3,0,0,3,2,N,N,40 02:09.484,75 01:00.488,1028, ,1016, ,0, ,N, ,0, , , , , ,677640, , , ,2,2,0,0,0,0,0,0,0,0,0,0,0,0,0,0,0,0,0,0,1,0,0,0,0,0,0,0,0,0,0,0,0,0,0,0,0,40.036,-75.0168, , 
 ,60582,2012056617,6,67,67301,2012,5,5,758,7,1,2,1,4,1, , ,N,1,2,0,3,0,2,3,2,N,N,39 55:05.315,75 12:33.105,815, ,805, ,0, ,N, ,3, , , , , ,677649, , , ,2,1,0,0,0,0,1,0,0,0,0,1,2,1,0,0,0,0,0,0,0,0,0,0,0,0,0,0,0,0,0,0,0,0,0,4,0,39.9182,-75.2088, , 
 ,60583,2012058160,6,67,67301,2012,6,5,2125,21,3,1,0,7,4, , ,N,0,0,0,3,0,1,1,1,N,N,39 55:42.959,75 11:48.064,2142, ,2138,1,1,4,N, ,0,N, , , , ,677652, , , ,1,1,0,0,0,0,0,0,0,0,0,0,1,1,0,0,0,0,0,0,0,0,0,0,0,0,0,0,0,0,0,0,0,0,0,8,0,39.9286,-75.1967, , 
 ,60584,2012017894,6,67,67301,2012,1,5,1304,13,1,2,1,4,1, , ,N,1,2,1,3,0,0,2,2,N,N,40 04:27.147,75 02:05.032,1312, ,1306,1,1,1,N, ,3,N, , , , ,677657, , , ,2,1,0,0,0,0,1,0,0,0,0,0,0,0,0,0,0,0,0,0,0,0,0,0,0,0,0,0,0,0,0,0,0,0,0,0,0,40.0742,-75.0347, , 
 ,60585,2012041640,6,67,67301,2012,3,1,220,2,3,1,0,5,6, , ,N,0,0,0,3,0,0,1,2,N,N,40 01:41.117,75 03:31.719,236, ,234, ,0, ,N, ,0, , , , , ,677677, , , ,2,1,0,0,0,0,1,0,0,0,0,0,0,0,0,0,0,0,0,0,1,0,0,0,0,0,0,0,0,0,0,0,0,0,0,0,0,40.0281,-75.0588, , 
 ,60586,2012048288,6,67,67301,2012,3,7,105,1,3,2,1,4,1, , ,N,1,0,0,3,0,0,2,2,N, ,40 00:41.173,75 09:20.476,105, ,105, ,0, , , ,0, , , , , ,677683, , , ,2,1,0,0,0,0,1,0,0,0,0,0,0,0,0,0,0,0,0,0,0,1,0,0,0,0,0,0,0,0,0,0,0,0,0,0,0,40.0114,-75.1557, , 
 ,60587,2012048245,6,67,67301,2012,4,3,435,4,3,1,0,7,4, , ,N,0,0,0,3,0,0,1,2,N,N,40 03:26.277,75 04:36.259,9999, ,443,2,1,3,N, ,0,N, , , , ,677731, , , ,1,1,0,0,0,0,0,0,0,0,0,0,0,0,0,0,0,0,1,0,0,0,0,0,0,0,0,0,0,0,0,0,0,0,0,0,0,40.0573,-75.0767, , 
 ,60588,2012063912,6,67,67301,2012,5,7,1730,17,1,1,0,8,1, , ,N,1,2,0,3,0,1,2,2,N,N,39 57:04.025,75 10:42.594,1738, ,1730, ,0, , , ,3, , , , , ,677744, , , ,1,1,0,0,0,0,0,0,0,0,0,0,1,1,0,0,0,0,0,0,0,0,0,0,0,0,0,0,0,0,0,0,1,0,0,8,0,39.9511,-75.1785, , 
 ,60589,2012063989,6,67,67301,2012,5,2,1350,13,1,2,1,7,4, , ,N,0,0,0,3,0,0,1,1,N,N,39 55:13.713,75 14:30.004,1350, ,1347, ,0, , , ,0, , , , , ,677745, , , ,1,1,0,0,0,0,0,0,0,0,0,0,0,0,0,0,0,0,0,0,0,0,0,0,0,0,0,0,0,0,0,0,0,0,0,0,0,39.9205,-75.2417, , 
 ,60590,2012048117,6,67,67301,2012,4,4,2105,21,3,1,0,8,1, , ,N,1,2,0,3,0,1,2,2,N, ,39 54:17.114,75 10:06.769,2115, ,2108, ,0, , , ,3, , , , , ,677752, , , ,1,0,0,0,0,0,1,0,0,0,0,1,1,0,0,0,0,0,0,0,1,0,0,0,0,0,0,0,0,0,0,0,1,0,0,4,0,39.9048,-75.1685, , 