wz_ln_closure,objectid_1,crn,district,county,municipality,crash_year,crash_month,day_of_week,time_of_day,hour_of_day,illumination,weather,road_condition,collision_type,relation_to_road,work_zone_type,work_zone_loc,work_zone_ind,intersect_type,tcd_type,location_type,urban_rural,fatal_count,injury_count,person_count,total_units,sch_bus_ind,sch_zone_ind,latitude,longitude,arrival_tm,cons_zone_spd_lim,dispatch_tm,est_hrs_closed,lane_closed,ln_close_dir,ntfy_hiwy_maint,spec_juris_cd,tcd_func_cd,tfc_detour_ind,workers_pres,wz_close_detour,wz_flagger,wz_law_offcr_ind,objectid,wz_moving,wz_other,wz_shlder_mdn,vehicle_count,automobile_count,motorcycle_count,bus_count,small_truck_count,heavy_truck_count,suv_count,van_count,bicycle_count,maj_inj_count,mod_inj_count,min_inj_count,tot_inj_count,unk_inj_deg_count,unk_inj_per_count,driver_count_16yr,driver_count_17yr,driver_count_18yr,driver_count_19yr,driver_count_20yr,driver_count_50_64yr,driver_count_65_74yr,driver_count_75plus,unbelted_occ_count,unb_death_count,unb_maj_inj_count,belted_death_count,belted_maj_inj_count,mcycle_death_count,mcycle_maj_inj_count,bicycle_death_count,bicycle_maj_inj_count,ped_count,ped_death_count,ped_maj_inj_count,max_severity_level,comm_veh_count,dec_lat,dec_long,rdwy_surf_type_cd,county_name
 ,60658,2012104026,6,67,67301,2012,9,6,1048,10,1,1,0,4,1, , ,N,2,2,0,3,0,1,2,2,N,N,39 58:43.055,75 08:00.685,1053, ,1051, ,0, ,N, ,3, , , , , ,677883, , , ,2,2,0,0,0,0,0,0,0,0,0,0,1,1,0,0,0,0,0,0,0,1,0,0,0,0,0,0,0,0,0,0,0,0,0,8,0,39.9786,-75.1335, , 
 ,60659,2012026249,6,67,67301,2012,1,5,1910,19,3,2,1,8,1, , ,N,2,3,0,3,0,1,3,2,N, ,39 56:33.370,75 10:20.297,1927, ,1917, ,0, , , ,3, , , , , ,677916, , , ,1,1,0,0,0,0,0,0,0,0,0,1,1,0,0,0,0,0,0,0,1,0,0,0,0,0,0,0,0,0,0,0,1,0,0,4,0,39.9426,-75.1723, , 
 ,60660,2012028169,6,67,67301,2012,2,3,723,7,5,1,1,2,1, , ,N,1,2,0,3,0,2,2,2,N,N,39 58:43.022,75 12:49.084,724, ,723,2,1,5,N, ,3,N, , , , ,677920, , , ,2,2,0,0,0,0,0,0,0,0,0,0,2,2,0,0,0,0,0,0,0,1,0,1,0,0,0,0,0,0,0,0,0,0,0,8,0,39.9786,-75.2136, , 
 ,60661,2012048217,6,67,67301,2012,4,5,1500,15,1,1,0,8,1, , ,N,0,0,0,3,0,1,2,2,N,N,40 05:59.608,75 00:37.029,1726, ,1723, ,0, ,N, ,0, , , , , ,677934, , , ,1,1,0,0,0,0,0,0,0,0,0,0,1,1,1,0,0,0,0,0,0,0,0,0,0,0,0,0,0,0,0,0,1,0,0,8,0,40.0999,-75.0103, , 
 ,60662,2012056718,6,67,67301,2012,5,7,9999,99,3,1,0,2,1, , ,N,1,2,0,3,0,2,3,2,N,N,40 01:21.296,75 10:41.374,200, ,155, ,0, ,N, ,3, , , , , ,677954, , , ,2,1,0,0,0,0,1,0,0,0,0,1,2,1,0,0,0,0,0,0,0,0,0,0,0,0,0,0,0,0,0,0,0,0,0,4,0,40.0226,-75.1782, , 
 ,60663,2012068819,6,67,67301,2012,6,4,2150,21,3,1,0,4,1, , ,N,1,2,0,3,0,3,5,2,N,N,40 01:00.965,75 09:05.545,2157, ,2157, ,0, ,N, ,3, , , , , ,677959, , , ,2,0,0,0,0,0,0,2,0,0,0,0,3,3,1,0,0,0,0,1,0,0,0,0,0,0,0,0,0,0,0,0,0,0,0,8,0,40.0169,-75.1516, , 
 ,60664,2012096953,6,67,67301,2012,9,5,616,6,3,2,1,7,2, , ,N,0,0,0,3,0,2,3,2,N,N,39 57:38.117,75 10:53.257,633, ,618,1,2,6,N, ,0,N, , , , ,677984, , , ,2,0,0,0,0,1,1,0,0,0,0,0,2,2,0,0,0,0,0,0,1,0,0,0,0,0,0,0,0,0,0,0,0,0,0,8,1,39.9606,-75.1815, , 
 ,60665,2012056642,6,67,67301,2012,5,6,2153,21,3,2,1,5,1, , ,N,1,2,0,3,0,5,6,3,N,N,40 02:03.258,75 04:17.332,2158, ,2156,3,1,2,Y, ,3,Y, , , , ,677990, , , ,3,2,0,0,0,0,1,0,0,0,0,5,5,0,0,0,0,1,1,0,0,0,0,0,0,0,0,0,0,0,0,0,0,0,0,4,0,40.0342,-75.0714, , 
 ,60666,2012015449,6,67,67301,2012,1,6,1910,19,1,1,0,4,1, , ,N,1,2,0,3,0,0,2,2,N, ,39 57:14.416,75 10:05.601,2041, ,2039, ,0, , , ,3, , , , , ,678003, , , ,2,2,0,0,0,0,0,0,0,0,0,0,0,0,0,0,0,0,0,0,0,0,0,2,0,0,0,0,0,0,0,0,0,0,0,0,0,39.954,-75.1682, , 
 ,60667,2012017905,6,67,67301,2012,1,3,9999,99,1,2,1,4,1, , ,N,5,0,0,3,0,2,2,2,N,N,40 02:08.049,75 05:15.286,955, ,950, ,0, , , ,0, , , , , ,678006, , , ,2,1,0,0,0,0,1,0,0,0,0,2,2,0,0,0,0,1,0,0,0,0,0,0,0,0,0,0,0,0,0,0,0,0,0,4,0,40.0356,-75.0876, , 
 ,60668,2012028162,6,67,67301,2012,2,3,1607,16,1,1,0,4,2, , ,N,0,0,7,3,0,1,3,2,N,N,40 05:06.343,75 02:12.450,1611, ,1610, ,0, ,N, ,0, , , , , ,678009, , , ,2,1,0,0,1,0,0,0,0,0,0,1,1,0,0,0,0,0,0,0,2,0,0,0,0,0,0,0,0,0,0,0,0,0,0,4,0,40.0851,-75.0368, , 
 ,60669,2012036914,6,67,67301,2012,3,7,656,6,1,1,0,4,1, , ,N,5,2,0,3,0,1,2,2,N,N,39 59:16.745,75 10:56.357,710, ,656, ,0, ,N, ,3, , , , , ,678014, , , ,1,1,0,0,0,0,0,0,1,0,1,0,1,0,0,0,0,0,0,0,0,0,0,0,0,0,0,0,0,0,0,0,0,0,0,3,0,39.9881,-75.1824, , 
 ,60670,2012080806,6,67,67301,2012,7,7,1113,11,1,1,0,4,1, , ,N,0,0,7,3,0,1,3,2,N,N,40 02:52.254,75 03:34.879,1116, ,1114, ,0, ,N, ,0, , , , , ,680862, , , ,2,2,0,0,0,0,0,0,0,0,0,0,1,1,0,0,0,0,0,0,0,0,0,0,0,0,0,0,0,0,0,0,0,0,0,8,0,40.0478,-75.0597, , 
 ,60671,2012060789,6,67,67301,2012,5,6,1100,11,1,1,0,4,1, , ,N,1,3,0,3,0,1,2,2,N,N,40 00:14.481,75 10:18.193,1154, ,1152, ,0, ,N, ,3, , , , , ,680886, , , ,2,1,0,0,1,0,0,0,0,0,0,0,1,1,0,0,0,0,0,0,0,0,0,1,0,0,0,0,0,0,0,0,0,0,0,8,0,40.004,-75.1717, , 
 ,60672,2012083403,6,67,67301,2012,8,6,2127,21,3,1,0,4,1, , ,N,1,2,0,3,0,5,7,3,N,N,40 03:23.345,75 02:47.046,2134, ,2131,1,1,2,N, ,3,N, , , , ,680904, , , ,3,3,0,0,0,0,0,0,0,0,0,5,5,0,0,0,0,0,0,0,0,0,0,0,0,0,0,0,0,0,0,0,0,0,0,4,0,40.0565,-75.0464, , 
 ,60673,2012089377,6,46,46102,2012,9,7,1839,18,1,2,1,4,1, , ,N,1,2,0,3,0,5,5,2,N,N,40 03:42.662,75 08:11.967,1845, ,1839, ,0, ,N, ,3, , , , , ,680914, , , ,2,1,0,0,0,0,1,0,0,0,0,0,5,5,0,0,0,0,0,0,1,0,0,0,0,0,0,0,0,0,0,0,0,0,0,8,0,40.0618,-75.1367, , 
 ,60674,2012065331,6,67,67301,2012,6,6,1250,12,1,1,0,4,1, , ,N,1,2,0,3,0,4,6,2,N,N,39 54:44.913,75 08:17.195,1305, ,1305, ,0, ,N, ,3, , , , , ,680933, , , ,2,0,0,0,0,1,1,0,0,0,0,0,4,4,0,0,0,0,0,0,0,0,0,1,0,0,0,0,0,0,0,0,0,0,0,8,1,39.9125,-75.1381, , 
 ,60675,2012078530,6,67,67301,2012,7,2,1729,17,1,1,0,6,6, , ,N,0,0,0,3,0,0,1,4,N,N,40 03:57.009,75 03:35.920,1747, ,1745, ,0, ,N, ,0, , , , , ,680943, , , ,4,2,0,0,0,0,2,0,0,0,0,0,0,0,0,0,0,0,0,0,0,0,0,0,0,0,0,0,0,0,0,0,0,0,0,0,0,40.0658,-75.06, , 
 ,60676,2012078538,6,67,67301,2012,7,4,9999,99,1,1,0,4,1, , ,N,1,0,0,3,0,1,2,2,N,N,39 56:45.250,75 11:01.265,1429, ,1428, ,0, ,N, ,0, , , , , ,680944, , , ,1,1,0,0,0,0,0,0,1,0,0,1,1,0,0,0,0,0,0,0,0,0,0,0,0,0,0,0,0,0,0,0,0,0,0,4,0,39.9459,-75.1837, , 
 ,60677,2012098519,6,67,67301,2012,9,7,1632,16,1,1,0,4,1, , ,N,1,2,0,3,0,4,9,4,N,N,40 04:35.542,75 04:56.744,1655, ,1649, ,0, , , ,3, , , , , ,680967, , , ,4,3,0,0,0,0,1,0,0,0,0,1,4,3,0,0,0,0,0,1,2,1,0,0,0,0,0,0,0,0,0,0,0,0,0,4,0,40.0765,-75.0824, , 
 ,60678,2012098956,6,67,67301,2012,9,3,848,8,1,1,0,8,1, , ,N,0,0,0,3,0,1,2,2,N,N,39 57:24.868,75 11:58.781,849, ,848, ,0, ,N, ,0, , , , , ,680968, , , ,1,0,0,0,0,0,0,1,0,0,0,0,1,1,0,0,0,0,0,0,0,0,0,0,0,0,0,0,0,0,0,0,1,0,0,8,0,39.9569,-75.1997, , 
 ,60679,2012063880,6,67,67301,2012,5,5,1425,14,1,1,0,4,1, , ,N,2,3,0,3,0,0,2,2,N, ,39 57:27.961,75 10:29.899,1735, ,1730, ,0, , , ,3, , , , , ,680994, , , ,2,0,0,0,0,0,2,0,0,0,0,0,0,0,0,0,0,0,0,0,1,0,0,0,0,0,0,0,0,0,0,0,0,0,0,0,0,39.9578,-75.175, , 
 ,60680,2012078712,6,67,67301,2012,7,1,1820,18,1,1,0,1,1, , ,N,0,0,0,3,0,0,3,3,N,N,39 57:32.914,75 10:19.013,1844, ,1832, ,0, ,N, ,0, , , , , ,681037, , , ,3,1,0,0,0,0,2,0,0,0,0,0,0,0,0,0,0,0,0,0,0,1,0,0,0,0,0,0,0,0,0,0,0,0,0,0,0,39.9591,-75.1719, , 
 ,60681,2012083527,6,67,67301,2012,8,3,1917,19,4,1,0,7,2, , ,N,0,0,0,3,0,1,1,1,N,N,40 01:39.915,75 01:26.762,1920, ,1919, ,0, ,N, ,0, , , , , ,681040, , , ,1,0,0,0,1,0,0,0,0,0,0,0,1,1,0,0,0,0,0,0,1,0,0,0,0,0,0,0,0,0,0,0,0,0,0,8,0,40.0276,-75.0243, , 
 ,60682,2012084051,6,67,67301,2012,8,7,215,2,3,2,1,7,2, , ,N,0,0,0,3,0,2,2,1,N,N,39 57:37.617,75 10:52.820,222, ,218,1,1,4,N, ,0,N, , , , ,681042, , , ,1,1,0,0,0,0,0,0,0,0,2,0,2,0,0,0,0,0,0,0,0,0,0,0,0,0,0,0,0,0,0,0,0,0,0,3,0,39.9604,-75.1813, , 
 ,60683,2012098489,6,67,67301,2012,8,5,1523,15,1,1,0,2,2, , ,N,0,3,7,3,0,1,1,2,N,N,40 06:08.294,75 01:42.758,1527, ,1525,3,2,3,N, ,3,Y, , , , ,681065, , , ,1,1,0,0,0,0,0,0,1,0,0,0,1,1,0,0,0,0,0,0,0,0,0,0,0,0,0,0,0,0,0,0,0,0,0,8,0,40.1023,-75.0285, , 
 ,60684,2012073558,6,67,67301,2012,6,6,1230,12,1,1,0,4,1, , ,N,1,2,0,3,0,1,2,2,N, ,39 57:46.804,75 09:58.539,1231, ,1231, ,0, , , ,3, , , , , ,681133, , , ,1,1,0,0,0,0,0,0,1,0,0,1,1,0,0,0,1,0,0,0,0,0,0,0,0,0,0,0,0,0,0,0,0,0,0,4,0,39.963,-75.1662, , 
 ,60685,2012075991,6,67,67301,2012,6,4,1030,10,1,1,0,1,1, , ,N,0,0,0,3,0,0,4,4,N,N,39 57:26.673,75 12:59.467,1042, ,1040, ,0, ,N, ,0, , , , , ,681134, , , ,4,3,0,0,0,0,1,0,0,0,0,0,0,0,0,0,0,0,0,0,0,1,0,0,0,0,0,0,0,0,0,0,0,0,0,0,0,39.9574,-75.2165, , 
 ,60686,2012083177,6,67,67301,2012,6,3,1140,11,1,1,0,1,1, , ,N,1,2,0,3,0,1,2,2,N,N,40 00:31.218,75 12:38.618,0, ,0, ,0, ,N, ,3, , , , , ,681142, , , ,2,1,0,0,0,0,1,0,0,0,0,1,1,0,1,0,0,0,0,0,0,0,0,0,0,0,0,0,0,0,0,0,0,0,0,4,0,40.0085,-75.2107, , 
 ,60687,2012098324,6,67,67301,2012,8,6,1030,10,1,1,0,6,1, , ,N,1,2,0,3,0,1,2,2,N, ,40 01:06.232,75 08:12.411,1038, ,1034, ,0, , , ,3, , , , , ,681154, , , ,2,1,0,0,0,0,1,0,0,0,0,0,1,1,0,0,1,0,0,0,1,0,0,1,0,0,0,0,0,0,0,0,0,0,0,8,0,40.0184,-75.1368, , 
 ,60688,2012071061,6,67,67301,2012,7,1,1037,10,1,1,0,1,1, , ,N,0,0,0,3,0,1,3,2,N,N,39 58:17.528,75 11:36.272,1037, ,1037, ,0, ,N, ,0, , , , , ,670619, , , ,2,2,0,0,0,0,0,0,0,0,0,0,1,1,0,0,0,0,0,0,0,0,1,0,0,0,0,0,0,0,0,0,0,0,0,8,0,39.9715,-75.1934, , 
 ,60689,2012078162,6,67,67301,2012,7,2,2237,22,3,1,0,1,1, , ,N,2,2,0,3,0,1,2,2,N,N,40 02:28.161,75 09:04.622,125, ,115, ,0, ,N, ,3, , , , , ,670631, , , ,2,2,0,0,0,0,0,0,0,0,1,0,1,0,0,0,0,0,0,0,0,0,0,0,0,0,0,0,0,0,0,0,0,0,0,3,0,40.0412,-75.1513, , 
 ,60690,2012095357,6,67,67301,2012,8,7,644,6,1,1,0,1,1, , ,N,1,0,0,3,0,2,2,2,N,N,39 57:20.098,75 14:02.378,646, ,645, ,0, ,N, ,0, , , , , ,670641, , , ,2,1,0,0,0,0,1,0,0,0,0,0,2,2,0,0,0,0,0,0,1,0,0,0,0,0,0,0,0,0,0,0,0,0,0,8,0,39.9556,-75.234, , 
 ,60691,2012026217,6,67,67301,2012,1,4,1357,13,1,1,0,8,1, , ,N,1,2,0,3,0,1,2,2,N,N,40 00:09.455,75 07:27.886,1357, ,1357, ,0, ,N, ,3, , , , , ,670686, , , ,1,0,0,0,1,0,0,0,0,0,0,1,1,0,0,0,0,0,0,0,0,0,0,1,0,0,0,0,0,0,0,0,1,0,0,4,0,40.0026,-75.1244, , 
 ,60692,2012018383,6,67,67301,2012,1,2,1539,15,1,2,1,8,1, , ,N,1,0,0,3,1,0,2,2,N, ,39 56:27.112,75 12:45.004,1543, ,1541,9,2,7, ,0,0,Y, , , , ,670720, , , ,1,0,0,1,0,0,0,0,0,0,0,0,0,0,0,0,0,0,0,0,0,0,0,0,0,0,0,0,0,0,0,0,1,1,0,1,1,39.9408,-75.2125,2, 
 ,60693,2012032654,6,67,67301,2012,2,2,1657,16,1,1,0,4,1, , ,N,1,3,0,3,0,1,4,2,N,N,40 01:55.477,75 04:52.420,1725, ,1716, ,0, ,N, ,3, , , , , ,670733, , , ,2,2,0,0,0,0,0,0,0,0,0,0,1,1,0,0,0,1,0,0,0,0,0,0,0,0,0,0,0,0,0,0,0,0,0,8,0,40.0321,-75.0812, , 
 ,60694,2012034664,6,67,67301,2012,3,4,1017,10,1,1,0,4,1, , ,N,1,3,0,3,0,1,2,3,N,N,39 58:08.778,75 14:51.154,1026, ,1019, ,0, ,N, ,3, , , , , ,670735, , , ,2,2,0,0,0,0,0,0,1,0,0,1,1,0,0,0,0,0,0,0,1,0,0,0,0,0,0,0,0,0,0,0,0,0,0,4,0,39.9691,-75.2475, , 
 ,60695,2012048305,6,67,67301,2012,3,4,910,9,1,1,0,4,1, , ,N,1,2,0,3,0,2,2,2,N, ,40 02:06.826,75 08:44.062,920, ,915, ,0, , , ,3, , , , , ,670745, , , ,2,1,0,0,0,0,0,1,0,0,0,2,2,0,0,0,0,0,0,0,0,0,0,0,0,0,0,0,0,0,0,0,0,0,0,4,0,40.0352,-75.1455, , 
 ,60696,2012060740,6,67,67301,2012,5,5,9999,99,1,1,0,4,1, , ,N,1,2,0,3,0,1,3,3,N, ,40 00:50.174,75 03:20.262,9999, ,9999,9,1,2, , ,3,Y, , , , ,670755, , , ,3,1,0,0,1,0,0,1,0,0,1,0,1,0,0,0,0,0,0,0,1,0,0,0,0,0,0,0,0,0,0,0,0,0,0,3,0,40.0139,-75.0556, , 
 ,60697,2012012672,6,67,67301,2012,1,3,1214,12,1,1,0,4,1, , ,N,1,2,0,3,0,2,2,2,N,Y,40 02:18.542,75 03:06.508,1227, ,1224, ,0, ,N, ,3, , , , , ,670764, , , ,2,1,0,0,0,0,1,0,0,0,0,0,2,2,0,0,0,0,0,0,0,0,0,0,0,0,0,0,0,0,0,0,0,0,0,8,0,40.0385,-75.0518, , 
 ,60698,2012027765,6,67,67301,2012,2,4,2325,23,3,1,1,8,1, , ,N,1,3,0,3,0,1,2,2,N,N,39 56:14.827,75 13:12.964,2330, ,2330, ,0, ,N, ,3, , , , , ,670777, , , ,1,1,0,0,0,0,0,0,0,0,1,0,1,0,0,0,0,0,0,0,0,0,0,0,0,0,0,0,0,0,0,0,1,0,0,3,0,39.9375,-75.2203, , 
 ,60699,2012030799,6,67,67301,2012,3,4,203,2,3,1,0,7,4, , ,N,0,0,0,3,0,1,3,1,N,N,39 58:33.705,75 11:42.198,205, ,204, ,0, ,N, ,0, , , , , ,670779, , , ,1,1,0,0,0,0,0,0,0,0,0,1,1,0,0,0,0,0,0,0,0,0,0,0,0,0,0,0,0,0,0,0,0,0,0,4,0,39.976,-75.1951, , 
 ,60700,2012037382,6,67,67301,2012,2,3,1637,16,1,1,0,4,1, , ,N,5,2,0,3,0,1,2,2,N,N,39 55:31.864,75 10:09.708,1645, ,1640, ,0, ,N, ,3, , , , , ,670783, , , ,2,1,1,0,0,0,0,0,0,0,0,1,1,0,0,0,0,0,0,1,0,0,0,0,0,0,0,0,0,0,0,0,0,0,0,4,0,39.9256,-75.1693, , 
 ,60701,2012041587,6,67,67301,2012,3,4,9999,99,3,1,0,4,1, , ,N,1,2,0,3,0,2,3,2,N, ,39 59:15.993,75 10:03.457,2145, ,2143,3,2,1, , ,3,Y, , , , ,670789, , , ,2,2,0,0,0,0,0,0,0,0,0,0,2,2,1,0,0,0,0,0,0,0,0,0,0,0,0,0,0,0,0,0,0,0,0,8,0,39.9878,-75.1676, , 
 ,60702,2012053375,6,67,67301,2012,5,7,1756,17,1,1,0,7,2, , ,N,6,0,8,3,0,1,1,1,N,N,39 57:24.144,75 08:32.205,1800, ,1757,2,1,4,N, ,0,N, , , , ,670798, , , ,1,0,1,0,0,0,0,0,0,1,0,0,1,0,0,0,0,0,0,0,0,0,0,0,0,0,0,0,0,1,0,0,0,0,0,2,0,39.9575,-75.1467, , 
 ,60703,2012056717,6,67,67301,2012,5,3,1032,10,1,2,1,4,1, , ,N,2,3,0,3,0,2,2,3,N,N,40 02:17.069,75 08:25.103,1050, ,1045, ,0, ,N, ,3, , , , , ,670802, , , ,3,3,0,0,0,0,0,0,0,0,0,2,2,0,0,0,0,0,0,0,0,0,0,0,0,0,0,0,0,0,0,0,0,0,0,4,0,40.0381,-75.1403, , 
 ,60704,2012060837,6,67,67301,2012,5,1,9999,99,4,1,0,2,1, , ,N,0,0,0,3,0,2,2,3,N,Y,40 03:21.157,75 04:21.874,1754, ,1747, ,0, ,Y, ,0, , , , , ,670805, , , ,3,2,0,0,0,0,1,0,0,0,0,2,2,0,0,0,0,0,0,0,1,0,0,0,0,0,0,0,0,0,0,0,0,0,0,4,0,40.0559,-75.0727, , 
 ,60705,2012026134,6,67,67301,2012,2,3,949,9,1,1,0,4,1, , ,N,0,0,7,3,0,1,5,3,N,N,40 04:25.414,75 02:09.340,952, ,950, ,0, ,N, ,0, , , , , ,670826, , , ,3,1,0,0,1,0,1,0,0,0,0,1,1,0,0,0,0,0,0,0,0,0,1,0,0,0,0,0,0,0,0,0,0,0,0,4,0,40.0737,-75.0359, , 
 ,60706,2012042202,6,67,67301,2012,3,5,1143,11,1,1,0,8,1, , ,N,1,2,0,3,0,2,3,3,N,N,40 02:35.626,75 10:51.146,1206, ,1159,3,2,5,N, ,3,Y, , , , ,674245, , , ,1,1,0,0,0,0,0,0,0,0,0,2,2,0,0,0,0,1,0,0,0,0,0,0,0,0,0,0,0,0,0,0,2,0,0,4,0,40.0432,-75.1809, , 
 ,60707,2012068773,6,67,67301,2012,6,2,30,0,3,1,0,7,3, , ,N,0,0,0,3,0,0,1,1,N, ,40 02:29.938,75 03:25.688,30, ,200, ,0, , , ,0, , , , , ,674266, , , ,1,0,0,0,0,0,0,1,0,0,0,0,0,0,0,0,0,0,0,0,0,0,0,0,0,0,0,0,0,0,0,0,0,0,0,0,0,40.0416,-75.0571, , 
 ,60708,2012071373,6,67,67301,2012,7,5,222,2,3,1,0,4,1, , ,N,1,2,0,3,0,0,2,2,N,N,40 03:33.132,75 02:38.341,223, ,223,2,1,7,N, ,3,N, , , , ,674268, , , ,2,1,0,0,0,0,0,1,0,0,0,0,0,0,0,0,0,0,0,1,0,0,0,0,0,0,0,0,0,0,0,0,0,0,0,0,0,40.0592,-75.044, , 
 ,60709,2012026427,6,67,67301,2012,3,7,1249,12,1,1,0,1,1, , ,N,0,0,0,3,0,0,3,2,N,N,39 57:34.110,75 10:28.662,1330, ,1256, ,0, ,N, ,0, , , , , ,674295, , , ,2,0,0,0,2,0,0,0,0,0,0,0,0,0,0,0,0,0,0,0,0,0,0,0,0,0,0,0,0,0,0,0,0,0,0,0,0,39.9595,-75.1746, , 
 ,60710,2012027726,6,67,67301,2012,2,1,305,3,3,4,5,7,4, , ,N,10,3,0,3,0,2,2,1,N,N,40 05:04.495,75 00:09.457,307, ,305, ,0, ,N, ,3, , , , , ,674296, , , ,1,1,0,0,0,0,0,0,0,0,0,2,2,0,0,0,0,0,0,0,0,0,0,0,0,0,0,0,0,0,0,0,0,0,0,4,0,40.0846,-75.0026, , 
 ,60711,2012034818,6,67,67301,2012,3,7,1325,13,1,1,0,8,1, , ,N,0,0,0,3,0,1,2,2,N,N,39 58:49.916,75 08:13.905,1335, ,1330, ,0, ,N, ,0, , , , , ,674300, , , ,1,0,0,0,0,0,1,0,0,0,0,0,1,1,0,0,0,0,0,0,0,0,0,0,0,0,0,0,0,0,0,0,1,0,0,8,0,39.9805,-75.1372, , 
 ,60712,2012051946,6,67,67301,2012,4,6,2030,20,6,9,8,8,1, , ,N,1,0,0,3,0,1,2,2,N, ,40 01:50.927,75 09:59.437,1650, ,1636, ,0, , , ,0, , , , , ,674316, , , ,1,0,0,0,0,0,1,0,0,0,0,0,1,1,0,0,0,0,0,0,0,0,0,0,0,0,0,0,0,0,0,0,1,0,0,8,0,40.0308,-75.1665, , 
 ,60713,2012068840,6,67,67301,2012,6,2,1615,16,1,2,1,8,1, , ,N,0,0,0,3,0,1,2,2,N,N,40 01:20.360,75 07:12.830,2113, ,2110, ,0, ,N, ,0, , , , , ,674341, , , ,1,0,0,0,0,0,0,1,0,0,0,1,1,0,0,0,0,0,0,0,0,0,0,0,0,0,0,0,0,0,0,0,1,0,0,4,0,40.0223,-75.1202, , 
 ,60714,2012083339,6,67,67301,2012,7,3,1419,14,1,1,0,4,1, , ,N,1,2,0,3,0,2,2,2,N, ,40 01:40.752,75 03:26.701,1425, ,1424,9,1,4,Y, ,3,N, , , , ,674356, , , ,2,2,0,0,0,0,0,0,0,0,1,0,2,1,0,0,0,0,0,0,0,0,0,1,0,0,0,0,0,0,0,0,0,0,0,3,0,40.028,-75.0574, , 
 ,60715,2012083340,6,67,67301,2012,7,6,1145,11,1,1,0,1,1, , ,N,0,2,0,3,0,1,2,2,N,N,40 04:27.199,75 01:00.900,1159, ,1159,1,1,3,N, ,3,N, , , , ,674357, , , ,2,1,0,0,0,0,1,0,0,0,0,1,1,0,0,0,0,0,0,0,0,1,0,0,0,0,0,0,0,0,0,0,0,0,0,4,0,40.0742,-75.0169, , 
 ,60716,2012010377,6,67,67301,2012,1,7,240,2,3,4,3,4,1, , ,N,0,0,0,3,0,0,2,2,N,N,40 01:46.754,75 01:19.504,312, ,255, ,0, ,N, ,0, , , , , ,674378, , , ,2,1,0,0,0,0,0,1,0,0,0,0,0,0,0,0,0,0,0,0,0,0,0,0,0,0,0,0,0,0,0,0,0,0,0,0,0,40.0295,-75.0222, , 
 ,60717,2012034632,6,67,67301,2012,2,4,1300,13,1,1,0,8,1, , ,N,1,2,0,3,0,1,3,2,N,Y,39 59:55.345,75 10:00.947,1610, ,1557, ,0, ,N, ,3, , , , , ,674396, , , ,1,1,0,0,0,0,0,0,0,0,0,1,1,0,0,0,0,0,0,0,0,0,0,0,0,0,0,0,0,0,0,0,1,0,0,4,0,39.9987,-75.1669, , 
 ,60718,2012041664,6,67,67301,2012,3,3,555,5,3,2,1,4,1, , ,N,1,2,0,3,0,1,2,2,N,N,40 02:28.801,75 06:24.126,605, ,558, ,0, ,N, ,3, , , , , ,674405, , , ,2,1,0,0,0,0,1,0,0,0,0,0,1,1,0,0,0,0,0,0,2,0,0,0,0,0,0,0,0,0,0,0,0,0,0,8,0,40.0413,-75.1067, , 
 ,60719,2012048053,6,67,67301,2012,4,2,2222,22,2,1,0,4,1, , ,N,2,0,0,3,0,1,2,2,N,N,40 04:59.543,74 59:30.247,2224, ,2223, ,0, ,N, ,0, , , , , ,674410, , , ,1,0,0,0,1,0,0,0,1,0,0,1,1,0,0,0,0,0,0,0,0,0,0,1,0,0,0,0,0,0,0,0,0,0,0,4,0,40.0832,-74.9917, , 
 ,60720,2012050098,6,67,67301,2012,1,1,500,5,6,1,0,7,2, , ,N,7,0,2,3,0,3,3,2,N,N,39 56:54.491,75 11:10.619,0, ,0, ,0, ,N, ,0, , , , , ,674411, , , ,1,0,0,0,0,0,1,0,0,0,1,1,3,1,0,0,0,0,0,0,0,0,0,0,0,0,0,0,0,0,0,0,0,0,0,3,0,39.9485,-75.1863, , 
 ,60721,2012002602,6,67,67301,2012,1,4,2322,23,3,1,1,1,1, , ,N,0,0,0,3,0,2,4,3,N,N,39 57:34.401,75 10:34.593,2329, ,2329,2,2,3,N, ,0,N, , , , ,674421, , , ,3,3,0,0,0,0,0,0,0,0,0,0,2,2,0,0,0,0,0,0,0,0,0,0,0,0,0,0,0,0,0,0,0,0,0,8,0,39.9596,-75.1763, , 
 ,60722,2012032720,6,67,67301,2012,2,1,1546,15,1,1,0,4,1, , ,N,2,0,0,3,0,0,2,2,N,N,40 02:49.513,75 10:16.211,1552, ,1546, ,0, ,N, ,0, , , , , ,674438, , , ,2,1,0,0,0,0,0,1,0,0,0,0,0,0,0,0,0,0,0,0,0,0,1,2,0,0,0,0,0,0,0,0,0,0,0,0,0,40.0471,-75.1712, , 
 ,60723,2012036907,6,67,67301,2012,3,5,217,2,3,2,1,4,1, , ,N,1,2,0,3,0,2,2,2,N,N,40 03:22.935,75 09:09.367,219, ,218,9,2,7,N, ,3,Y, , , , ,674440, , , ,2,1,0,0,0,0,1,0,0,0,0,0,2,2,0,0,0,0,0,0,0,0,0,0,0,0,0,0,0,0,0,0,0,0,0,8,0,40.0564,-75.1526, , 