wz_ln_closure,objectid_1,crn,district,county,municipality,crash_year,crash_month,day_of_week,time_of_day,hour_of_day,illumination,weather,road_condition,collision_type,relation_to_road,work_zone_type,work_zone_loc,work_zone_ind,intersect_type,tcd_type,location_type,urban_rural,fatal_count,injury_count,person_count,total_units,sch_bus_ind,sch_zone_ind,latitude,longitude,arrival_tm,cons_zone_spd_lim,dispatch_tm,est_hrs_closed,lane_closed,ln_close_dir,ntfy_hiwy_maint,spec_juris_cd,tcd_func_cd,tfc_detour_ind,workers_pres,wz_close_detour,wz_flagger,wz_law_offcr_ind,objectid,wz_moving,wz_other,wz_shlder_mdn,vehicle_count,automobile_count,motorcycle_count,bus_count,small_truck_count,heavy_truck_count,suv_count,van_count,bicycle_count,maj_inj_count,mod_inj_count,min_inj_count,tot_inj_count,unk_inj_deg_count,unk_inj_per_count,driver_count_16yr,driver_count_17yr,driver_count_18yr,driver_count_19yr,driver_count_20yr,driver_count_50_64yr,driver_count_65_74yr,driver_count_75plus,unbelted_occ_count,unb_death_count,unb_maj_inj_count,belted_death_count,belted_maj_inj_count,mcycle_death_count,mcycle_maj_inj_count,bicycle_death_count,bicycle_maj_inj_count,ped_count,ped_death_count,ped_maj_inj_count,max_severity_level,comm_veh_count,dec_lat,dec_long,rdwy_surf_type_cd,county_name
 ,60724,2012048304,6,67,67301,2012,4,1,9999,99,3,1,0,7,2, , ,N,0,0,0,3,0,1,1,1,N,N,40 01:33.794,75 09:33.462,348, ,338, ,0, ,N, ,0, , , , , ,678022, , , ,1,1,0,0,0,0,0,0,0,0,0,1,1,0,0,0,0,0,0,0,0,0,0,0,0,0,0,0,0,0,0,0,0,0,0,4,0,40.0261,-75.1593, , 
 ,60725,2012026120,6,67,67301,2012,2,4,1600,16,2,4,1,4,1, , ,N,1,2,0,3,0,2,2,2,N, ,40 02:07.432,75 02:59.146,1759, ,1754, ,0, , , ,3, , , , , ,678053, , , ,2,1,0,0,0,0,1,0,0,0,0,2,2,0,0,0,0,0,0,0,0,0,0,0,0,0,0,0,0,0,0,0,0,0,0,4,0,40.0354,-75.0498, , 
 ,60726,2012048882,6,67,67301,2012,4,5,1719,17,1,1,0,4,7, , ,N,2,3,2,3,0,0,2,2,N,N,39 54:42.691,75 09:38.161,1747, ,1745, ,0, ,N, ,3, , , , , ,678071, , , ,2,1,0,0,0,0,1,0,0,0,0,0,0,0,0,0,0,0,0,0,0,0,0,0,0,0,0,0,0,0,0,0,0,0,0,0,0,39.9119,-75.1606, , 
 ,60727,2012049860,6,67,67301,2012,3,5,1505,15,1,1,0,8,1, , ,N,1,2,0,3,0,1,2,2,N,N,40 03:37.434,74 59:25.565,1515, ,1510, ,0, ,N, ,3, , , , , ,678073, , , ,1,1,0,0,0,0,0,0,0,0,0,1,1,0,0,0,0,0,0,0,0,0,1,0,0,0,0,0,0,0,0,0,1,0,0,4,0,40.0604,-74.9904, , 
 ,60728,2012095545,6,67,67301,2012,8,1,1500,15,1,1,0,4,1, , ,N,2,2,0,3,0,1,2,2,N,N,40 01:38.080,75 11:00.687,1540, ,1500, ,0, ,N, ,3, , , , , ,678111, , , ,2,2,0,0,0,0,0,0,0,0,0,1,1,0,0,0,0,0,0,1,0,0,0,0,0,0,0,0,0,0,0,0,0,0,0,4,0,40.0272,-75.1835, , 
 ,60729,2012111634,6,67,67301,2012,10,4,1558,15,1,1,0,4,1, , ,N,1,3,0,3,0,1,2,1,N,N,39 57:59.151,75 12:55.634,1601, ,1600, ,0, ,N, ,3, , , , , ,678130, , , ,1,0,0,0,0,0,1,0,1,0,0,0,1,1,0,0,0,0,0,0,0,1,0,0,0,0,0,0,0,0,0,0,1,0,0,8,0,39.9664,-75.2155, , 
 ,60730,2012036865,6,67,67301,2012,3,3,1830,18,1,1,0,4,1, , ,N,1,2,0,3,0,2,3,2,N, ,40 03:20.701,75 05:22.429,1900, ,1847, ,0, , , ,3, , , , , ,678160, , , ,2,1,0,0,0,0,1,0,0,0,0,2,2,0,0,0,0,0,0,0,0,0,0,0,0,0,0,0,0,0,0,0,0,0,0,4,0,40.0558,-75.0896, , 
 ,60731,2012060743,6,67,67301,2012,5,4,132,1,3,2,1,1,1, , ,N,1,2,0,3,0,0,2,2,N,N,40 00:16.936,75 09:08.069,9999, ,9999, ,0, ,N, ,3, , , , , ,678176, , , ,2,1,0,0,0,0,1,0,0,0,0,0,0,0,0,0,0,0,0,0,0,0,0,0,0,0,0,0,0,0,0,0,0,0,0,0,0,40.0047,-75.1521, , 
 ,60732,2012015430,6,67,67301,2012,1,3,1100,11,1,1,0,4,1, , ,N,1,3,0,3,0,1,2,2,N,Y,39 55:07.024,75 13:41.919,1103, ,1103, ,0, ,N, ,3, , , , , ,678192, , , ,2,1,0,0,0,0,1,0,0,0,0,0,1,1,0,0,0,0,0,0,0,0,0,2,0,0,0,0,0,0,0,0,0,0,0,8,0,39.9186,-75.2283, , 
 ,60733,2012048895,6,67,67301,2012,4,4,9999,99,1,1,0,4,1, , ,N,1,0,0,3,0,0,1,3,N, ,39 56:25.195,75 10:21.993,1254, ,1250, ,0, , , ,0, , , , , ,678218, , , ,3,1,0,0,1,0,1,0,0,0,0,0,0,0,0,0,0,0,0,0,0,0,0,0,0,0,0,0,0,0,0,0,0,0,0,0,0,39.9403,-75.1728, , 
 ,60734,2012049834,6,67,67301,2012,4,1,649,6,1,1,1,7,2, , ,N,0,0,0,3,0,5,5,1,N,N,40 01:20.445,75 08:13.612,706, ,651,3,2,5,N, ,0,Y, , , , ,678219, , , ,1,0,0,0,0,0,0,1,0,3,0,2,5,0,0,0,0,0,0,0,0,0,0,3,0,2,0,0,0,0,0,0,0,0,0,2,0,40.0223,-75.1371, , 
 ,60735,2012048023,6,67,67301,2012,3,6,1030,10,1,1,0,1,1, , ,N,1,2,0,3,0,2,3,2,N, ,39 54:40.129,75 13:49.231,1110, ,1100, ,0, , , ,3, , , , , ,678232, , , ,2,2,0,0,0,0,0,0,0,0,0,0,2,2,0,0,0,0,0,0,1,0,0,0,0,0,0,0,0,0,0,0,0,0,0,8,0,39.9111,-75.2303, , 
 ,60736,2012073521,6,67,67301,2012,6,4,2230,22,2,1,0,4,1, , ,N,1,3,0,3,0,1,3,3,N,N,40 03:57.202,75 10:35.464,2232, ,2232, ,0, ,N, ,2, , , , , ,678238, , , ,3,3,0,0,0,0,0,0,0,0,0,1,1,0,0,0,0,0,0,0,0,0,0,0,0,0,0,0,0,0,0,0,0,0,0,4,0,40.0659,-75.1765, , 
 ,60737,2012078261,6,67,67301,2012,7,7,1139,11,1,2,1,1,1, , ,N,0,2,0,3,0,1,6,2,N, ,40 01:00.589,75 08:56.417,1149, ,1139, ,0, , , ,3, , , , , ,678243, , , ,2,1,0,0,0,0,1,0,0,0,0,1,1,0,0,0,0,0,0,0,0,0,0,6,0,0,0,0,0,0,0,0,0,0,0,4,0,40.0168,-75.149, , 
 ,60738,2012121680,6,67,67301,2012,7,4,1610,16,1,1,0,1,1, , ,N,0,0,0,3,0,3,3,3,N,N,39 58:38.227,75 12:00.755,1616, ,1612,2,1,1,N, ,0,N, , , , ,678275, , , ,3,0,3,0,0,0,0,0,0,0,0,3,3,0,0,0,0,0,0,0,1,0,0,0,0,0,0,0,0,0,0,0,0,0,0,4,0,39.9773,-75.2002, , 
 ,60739,2012032546,6,67,67301,2012,2,1,403,4,3,1,0,7,5, , ,N,0,0,0,3,0,2,2,1,N,N,39 57:20.871,75 08:21.171,407, ,405,3,2,2,N, ,0,Y, , , , ,678309, , , ,1,1,0,0,0,0,0,0,0,0,0,1,2,1,0,0,0,0,0,0,0,0,0,0,0,0,0,0,0,0,0,0,0,0,0,4,0,39.9558,-75.1392, , 
 ,60740,2012042193,6,67,67301,2012,3,1,413,4,3,2,1,4,1, , ,N,0,0,0,3,0,2,2,2,N,N,39 55:22.782,75 10:54.332,418, ,415, ,0, ,N, ,0, , , , , ,678317, , , ,2,1,0,0,0,0,1,0,0,0,0,2,2,0,0,0,0,0,0,0,1,0,0,0,0,0,0,0,0,0,0,0,0,0,0,4,0,39.923,-75.1818, , 
 ,60741,2012049714,6,67,67301,2012,5,3,158,1,3,1,0,7,4, , ,N,1,2,0,3,0,1,1,1,N,N,40 01:06.050,75 03:49.362,251, ,246, ,0, , , ,3, , , , , ,678321, , , ,1,1,0,0,0,0,0,0,0,0,0,0,1,1,0,0,0,0,0,0,0,0,0,0,0,0,0,0,0,0,0,0,0,0,0,8,0,40.0185,-75.0637, , 
 ,60742,2012098548,6,67,67301,2012,9,3,1233,12,1,2,1,4,1, , ,N,1,2,0,3,0,2,2,2,N,N,40 03:23.473,75 03:12.176,1301, ,1250, ,0, ,N, ,3, , , , , ,681155, , , ,2,2,0,0,0,0,0,0,0,0,0,2,2,0,0,0,0,0,0,0,0,0,0,0,0,0,0,0,0,0,0,0,0,0,0,4,0,40.0564,-75.0533, , 
 ,60743,2012099340,6,67,67301,2012,8,4,1625,16,1,1,0,4,1, , ,N,1,2,0,3,0,0,2,2,N,N,40 00:28.314,75 10:20.141,1636, ,1636,1,1,4,N, ,3,N, , , , ,681156, , , ,2,2,0,0,0,0,0,0,0,0,0,0,0,0,0,0,0,0,1,0,1,0,0,0,0,0,0,0,0,0,0,0,0,0,0,0,0,40.0079,-75.1723, , 
 ,60744,2012104108,6,67,67301,2012,9,5,1425,14,1,1,0,8,1, , ,N,2,0,0,3,0,1,1,1,N,N,39 59:55.334,75 09:12.328,1435, ,1430, ,0, , , ,0, , , , , ,681158, , , ,1,1,0,0,0,0,0,0,0,0,0,0,1,1,0,0,0,0,0,0,0,0,0,0,0,0,0,0,0,0,0,0,0,0,0,8,0,39.9987,-75.1534, , 
 ,60745,2012068875,6,67,67301,2012,6,2,1620,16,1,1,0,4,1, , ,N,0,0,7,3,0,3,4,2,N, ,40 03:38.924,75 01:27.433,1627, ,1624,1,2,2, , ,0,Y, , , , ,681180, , , ,2,2,0,0,0,0,0,0,0,0,0,0,3,3,0,0,0,0,0,0,0,1,0,0,0,0,0,0,0,0,0,0,0,0,0,8,0,40.0608,-75.0243, , 
 ,60746,2012083705,6,67,67301,2012,5,6,1600,16,1,1,0,1,1, , ,N,0,0,0,3,0,1,2,2,N,N,40 04:00.141,75 03:04.502,0, ,0, ,0, ,N, ,0, , , , , ,681194, , , ,2,0,0,0,0,0,1,1,0,0,0,0,1,1,1,0,0,0,0,0,0,0,0,0,0,0,0,0,0,0,0,0,0,0,0,8,0,40.0667,-75.0512, , 
 ,60747,2012069634,6,67,67301,2012,6,4,820,8,1,1,0,4,1, , ,N,1,2,0,3,0,7,11,4,N,N,39 53:40.603,75 14:12.181,840, ,828, ,0, ,N, ,3, , , , , ,681263, , , ,4,1,0,0,1,0,1,1,0,0,1,6,7,0,0,0,0,0,0,0,1,0,0,0,0,0,0,0,0,0,0,0,0,0,0,3,0,39.8946,-75.2367, , 
 ,60748,2012055345,6,67,67301,2012,6,6,1706,17,1,1,0,1,1, , ,N,0,0,0,3,0,1,5,3,N,N,40 00:34.699,75 12:20.514,1712, ,1710,1,1,4,N, ,0,N, , , , ,681272, , , ,3,1,0,0,0,0,0,2,0,0,0,0,1,1,1,0,0,0,0,0,0,0,0,0,0,0,0,0,0,0,0,0,0,0,0,8,0,40.0096,-75.2057, , 
 ,60749,2012057517,6,67,67301,2012,4,1,122,1,3,1,0,4,1, , ,N,1,1,0,3,0,0,4,2,N,N,39 59:29.442,75 08:10.101,128, ,124,9,2,5,N, ,3,Y, , , , ,681276, , , ,2,1,0,0,1,0,0,0,0,0,0,0,0,0,0,0,0,0,0,0,0,0,0,0,0,0,0,0,0,0,0,0,0,0,0,0,0,39.9915,-75.1361, , 
 ,60750,2012066603,6,67,67301,2012,5,5,1640,16,1,1,0,5,1, , ,N,1,2,0,3,0,3,5,3,N,N,40 00:40.651,75 06:21.920,1721, ,1647,1,1,3, , ,3,Y, , , , ,681320, , , ,2,2,0,0,0,0,0,0,0,0,0,3,3,0,0,0,0,0,0,0,0,0,0,2,0,0,0,0,0,0,0,0,1,0,0,4,0,40.0113,-75.1061, , 
 ,60751,2012068289,6,67,67301,2012,5,5,1710,17,1,1,0,4,1, , ,N,0,0,7,3,0,1,2,2,N,N,40 03:06.922,75 00:30.531,1716, ,1715, ,0, , , ,0, , , , , ,681321, , , ,2,1,1,0,0,0,0,0,0,0,0,0,1,1,0,0,0,0,0,0,0,0,0,0,0,0,0,0,0,0,0,0,0,0,0,8,0,40.0519,-75.0085, , 
 ,60752,2012068828,6,67,67301,2012,6,6,1557,15,1,1,0,4,1, , ,N,1,2,0,3,0,1,3,2,N,N,40 01:53.934,75 12:27.524,1604, ,1557, ,0, ,N, ,2, , , , , ,681323, , , ,2,1,0,0,1,0,0,0,0,0,0,0,1,1,0,0,0,0,0,0,1,1,0,0,0,0,0,0,0,0,0,0,0,0,0,8,0,40.0316,-75.2076, , 
 ,60753,2012078632,6,67,67301,2012,6,7,9999,99,1,1,0,4,1, , ,N,5,2,0,3,0,0,2,2,N,N,39 59:13.221,75 07:20.575,1330, ,1314, ,0, ,N, ,3, , , , , ,681326, , , ,2,1,0,0,0,0,1,0,0,0,0,0,0,0,0,0,0,0,0,0,1,0,0,0,0,0,0,0,0,0,0,0,0,0,0,0,0,39.9871,-75.1223, , 
 ,60754,2012084155,6,67,67301,2012,7,1,2350,23,2,1,0,4,1, , ,N,0,0,0,3,0,1,2,2,N,N,40 06:56.167,75 01:39.709,2355, ,2350, ,0, ,N, ,0, , , , , ,681332, , , ,2,2,0,0,0,0,0,0,0,0,0,0,1,1,0,0,0,0,0,0,1,0,0,0,0,0,0,0,0,0,0,0,0,0,0,8,0,40.1156,-75.0277, , 
 ,60755,2012095626,6,67,67301,2012,8,3,725,7,1,2,1,1,1, , ,N,1,2,0,3,0,1,3,2,N,N,40 03:31.188,75 02:39.382,744, ,731,1,1,1,N, ,3,N, , , , ,681340, , , ,2,1,0,0,0,0,0,1,0,0,0,1,1,0,0,0,0,0,0,0,1,0,0,0,0,0,0,0,0,0,0,0,0,0,0,4,0,40.0587,-75.0443, , 
 ,60756,2012067097,6,67,67301,2012,6,1,1636,16,1,1,0,6,1, , ,N,0,0,0,3,0,1,3,2,N,N,40 00:19.885,75 06:18.466,1636, ,1636,1,1,4,N, ,0,Y, , , , ,681368, , , ,2,2,0,0,0,0,0,0,0,0,1,0,1,0,0,0,0,0,0,0,0,0,0,0,0,0,0,0,0,0,0,0,0,0,0,3,0,40.0055,-75.1053, , 
 ,60757,2012073606,6,67,67301,2012,6,6,1440,14,1,1,0,4,6, , ,N,0,0,0,3,0,1,1,4,N,N,40 05:47.450,75 01:23.174,1520, ,1518, ,0, , , ,0, , , , , ,681376, , , ,4,4,0,0,0,0,0,0,0,0,0,1,1,0,0,0,0,0,0,0,1,0,0,0,0,0,0,0,0,0,0,0,0,0,0,4,0,40.0965,-75.0231, , 
 ,60758,2012015500,6,67,67301,2012,1,5,2220,22,3,5,1,5,6, , ,N,0,0,0,3,0,1,1,3,N,N,40 01:51.909,75 13:14.476,2225, ,2221,2,2,6,N, ,0,Y, , , , ,681418, , , ,3,2,0,0,0,0,1,0,0,0,1,0,1,0,0,0,0,0,0,0,0,0,0,1,0,0,0,0,0,0,0,0,0,0,0,3,0,40.0311,-75.2207, , 
 ,60759,2012017941,6,67,67301,2012,1,6,837,8,1,1,0,4,1, , ,N,2,3,0,3,0,1,2,2,N,N,39 59:59.017,75 03:57.679,855, ,850, ,0, ,N, ,3, , , , , ,681422, , , ,2,1,0,0,0,0,0,1,0,0,0,0,1,1,1,0,0,0,0,0,0,0,0,1,0,0,0,0,0,0,0,0,0,0,0,8,0,39.9997,-75.066, , 
 ,60760,2012036905,6,67,67301,2012,3,6,1600,16,1,1,0,4,1, , ,N,0,0,0,3,0,1,2,2,N,N,39 55:58.886,75 09:33.084,1605, ,1602, ,0, , , ,0, , , , , ,670838, , , ,1,1,0,0,0,0,0,0,1,0,0,1,1,0,0,0,0,0,0,0,0,0,0,0,0,0,0,0,0,0,0,0,0,0,0,4,0,39.933,-75.1592, , 
 ,60761,2012047083,6,67,67301,2012,4,1,133,1,3,1,0,4,1, , ,N,1,3,0,3,0,2,3,2,N,N,39 58:40.076,75 09:44.002,145, ,133, ,0, ,N, ,3, , , , , ,670846, , , ,2,2,0,0,0,0,0,0,0,0,0,2,2,0,0,0,0,1,0,0,0,0,0,0,0,0,0,0,0,0,0,0,0,0,0,4,0,39.9778,-75.1622, , 
 ,60762,2012049674,6,67,67301,2012,4,1,805,8,1,2,1,4,1, , ,N,0,0,0,3,0,1,4,2,N,N,40 02:21.776,75 07:47.494,945, ,940, ,0, ,N, ,0, , , , , ,670848, , , ,2,1,0,0,0,0,1,0,0,0,0,1,1,0,0,0,0,0,0,1,0,0,0,0,0,0,0,0,0,0,0,0,0,0,0,4,0,40.0394,-75.1299, , 
 ,60763,2012015474,6,67,67301,2012,1,3,1745,17,3,1,1,1,1, , ,N,0,2,0,3,0,0,2,2,N,N,40 02:05.980,75 04:10.007,1755, ,1747,1,1,1,N, ,3,N, , , , ,670863, , , ,2,2,0,0,0,0,0,0,0,0,0,0,0,0,1,0,0,0,1,0,0,0,0,0,0,0,0,0,0,0,0,0,0,0,0,9,0,40.035,-75.0693, , 
 ,60764,2012020463,6,67,67301,2012,1,3,736,7,1,1,1,7,4, , ,N,2,0,0,3,0,0,1,1,N, ,40 02:40.306,75 06:06.623,740, ,736, ,0, , , ,0, , , , , ,670870, , , ,1,1,0,0,0,0,0,0,0,0,0,0,0,0,0,0,0,0,0,0,0,1,0,0,0,0,0,0,0,0,0,0,0,0,0,0,0,40.0445,-75.1018, , 
 ,60765,2012020582,6,67,67301,2012,1,2,1050,10,1,1,0,1,6, , ,N,0,0,0,3,0,1,1,2,N,N,40 01:57.171,75 02:31.671,1058, ,1055, ,0, ,N, ,0, , , , , ,670871, , , ,2,1,0,0,0,0,1,0,0,0,0,1,1,0,0,0,0,0,0,0,0,0,1,0,0,0,0,0,0,0,0,0,0,0,0,4,0,40.0325,-75.0421, , 
 ,60766,2012042545,6,67,67301,2012,4,3,2107,21,3,1,0,4,1, , ,N,1,2,0,3,0,1,3,2,N,N,39 55:38.651,75 08:42.007,2113, ,2110, ,0, ,N, ,3, , , , , ,670889, , , ,2,0,0,0,1,0,1,0,0,0,0,0,1,1,1,0,0,0,0,0,1,0,0,0,0,0,0,0,0,0,0,0,0,0,0,8,0,39.9273,-75.1448, , 
 ,60767,2012047268,6,67,67301,2012,3,2,1940,19,3,1,0,7,5, , ,N,2,2,0,3,0,1,1,1,N,N,40 01:34.814,75 06:59.669,1950, ,1941, ,0, ,N, ,3, , , , , ,670895, , , ,1,1,0,0,0,0,0,0,0,0,0,1,1,0,0,0,0,0,0,0,0,0,0,0,0,0,0,0,0,0,0,0,0,0,0,4,0,40.0263,-75.1168, , 
 ,60768,2012051086,6,46,46104,2012,5,5,1651,16,1,1,0,4,1, , ,N,1,2,0,3,0,1,2,2,N,N,39 59:17.883,75 15:14.303,1652, ,1651, ,0, ,N, ,3, , , , , ,670898, , , ,2,2,0,0,0,0,0,0,0,0,0,1,1,0,0,0,0,0,0,0,1,0,0,1,0,0,0,0,0,0,0,0,0,0,0,4,0,39.9883,-75.254, , 
 ,60769,2012047161,6,67,67301,2012,4,6,1050,10,1,1,0,4,1, , ,N,1,2,0,3,0,1,4,3,N,N,39 57:32.547,75 13:01.052,1052, ,1050,9,1,7, , ,3,N, , , , ,670901, , , ,3,2,0,0,0,0,1,0,0,0,0,1,1,0,3,0,0,0,0,0,0,1,1,0,0,0,0,0,0,0,0,0,0,0,0,4,0,39.959,-75.217, , 
 ,60770,2012030915,6,67,67301,2012,3,1,1558,15,1,1,0,1,1, , ,N,7,0,2,3,0,1,9,2,N,N,39 53:53.066,75 10:30.376,1615, ,1601, ,0, ,N, ,0, , , , , ,670929, , , ,2,0,0,0,0,0,2,0,0,0,0,1,1,0,0,0,0,0,0,0,0,0,0,0,0,0,0,0,0,0,0,0,0,0,0,4,0,39.899,-75.1749, , 
 ,60771,2012032510,6,67,67301,2012,2,5,852,8,1,1,0,8,1, , ,N,1,2,0,3,0,1,2,2,N,N,39 54:50.690,75 08:58.877,900, ,857, ,0, , , ,3, , , , , ,670933, , , ,1,0,0,0,0,1,0,0,0,0,0,1,1,0,0,0,0,0,0,0,0,0,0,0,0,0,0,0,0,0,0,0,1,0,0,4,0,39.914,-75.1499, , 
 ,60772,2012034763,6,67,67301,2012,2,6,900,9,1,1,0,8,1, , ,N,2,2,0,3,0,1,2,2,N,N,39 56:59.748,75 12:12.369,932, ,929, ,0, ,N, ,3, , , , , ,670934, , , ,1,1,0,0,0,0,0,0,0,0,0,0,1,1,0,0,0,0,0,0,0,0,0,0,0,0,0,0,0,0,0,0,1,0,0,8,0,39.9499,-75.2036, , 
 ,60773,2012036838,6,67,67301,2012,3,7,2255,22,3,1,0,8,1, , ,N,0,0,0,3,0,1,2,2,N,N,39 55:20.693,75 13:23.886,2310, ,2255,9,2,4,N, ,0,Y, , , , ,670935, , , ,1,1,0,0,0,0,0,0,0,1,0,0,1,0,0,0,0,0,0,0,0,0,0,0,0,0,0,0,0,0,0,0,1,0,1,2,0,39.9224,-75.2233, , 
 ,60774,2012047086,6,67,67301,2012,4,2,1700,17,1,1,0,2,1, , ,N,0,0,0,3,0,2,3,3,N,N,40 06:32.827,75 01:32.797,1722, ,1721,1,1,1,N, ,0,Y, , , , ,670944, , , ,3,1,0,0,1,0,1,0,0,0,0,2,2,0,0,0,0,0,0,0,1,0,0,0,0,0,0,0,0,0,0,0,0,0,0,4,0,40.1091,-75.0258, , 
 ,60775,2012050204,6,67,67301,2012,4,6,1625,16,1,1,0,7,5, , ,N,0,0,0,3,0,2,6,1,Y,N,40 02:50.691,75 09:25.638,1634, ,1628,9,2,7,N, ,0,Y, , , , ,670948, , , ,1,0,0,1,0,0,0,0,0,0,0,2,2,0,0,0,0,0,0,0,0,0,0,0,0,0,0,0,0,0,0,0,0,0,0,4,1,40.0474,-75.1571, , 
 ,60776,2012012585,6,67,67301,2012,1,1,435,4,3,1,0,1,2, , ,N,0,0,0,3,0,1,1,2,N,N,40 03:06.688,75 00:45.388,440, ,438, ,0, , , ,0, , , , , ,670952, , , ,2,2,0,0,0,0,0,0,0,0,0,0,1,1,0,0,0,0,0,0,0,0,0,0,0,0,0,0,0,0,0,0,0,0,0,8,0,40.0519,-75.0126, , 
 ,60777,2012062230,6,67,67301,2012,5,7,706,7,1,1,0,7,4, , ,N,7,0,2,3,0,1,1,1,N,N,39 59:04.486,75 05:44.336,714, ,722,1,2,1,N, ,0,Y, , , , ,670954, , , ,1,1,0,0,0,0,0,0,0,0,0,0,1,1,0,0,0,0,0,0,0,0,0,1,0,0,0,0,0,0,0,0,0,0,0,8,0,39.9832,-75.0987, , 
 ,60778,2012041703,6,67,67301,2012,3,2,800,8,1,1,0,4,1, , ,N,1,2,0,3,0,4,7,5,N, ,39 57:41.456,75 09:10.584,805, ,804,3,2,5, , ,3,Y, , , , ,674444, , , ,5,4,0,0,1,0,0,0,0,0,0,4,4,0,0,0,0,0,0,0,1,0,0,0,0,0,0,0,0,0,0,0,0,0,0,4,0,39.9615,-75.1529, , 
 ,60779,2012049704,6,67,67301,2012,4,1,1115,11,1,2,1,4,1, , ,N,1,2,0,3,0,0,3,2,N,N,39 56:49.768,75 09:21.862,1118, ,1117,2,1,1,N, ,3,N, , , , ,674454, , , ,2,1,0,0,0,0,1,0,0,0,0,0,0,0,0,0,0,0,0,0,1,0,0,0,0,0,0,0,0,0,0,0,0,0,0,0,0,39.9472,-75.1561, , 
 ,60780,2012012608,6,67,67301,2012,1,1,115,1,3,1,0,4,1, , ,N,0,0,0,3,0,1,3,6,N, ,40 02:23.218,75 01:56.946,213, ,213,3,2,1, , ,0,Y, , , , ,674475, , , ,6,6,0,0,0,0,0,0,0,0,0,1,1,0,0,0,0,0,0,0,0,0,0,0,0,0,0,0,0,0,0,0,0,0,0,4,0,40.0398,-75.0325, , 
 ,60781,2012020495,6,67,67301,2012,2,7,500,5,3,1,0,7,3, , ,N,0,0,1,3,0,0,1,1,N,N,40 02:38.467,75 03:17.054,500, ,500,1,1,1,Y, ,0,N, , , , ,674481, , , ,1,1,0,0,0,0,0,0,0,0,0,0,0,0,0,0,0,0,0,0,0,0,0,0,0,0,0,0,0,0,0,0,0,0,0,0,0,40.044,-75.0547, , 
 ,60782,2012078232,6,67,67301,2012,7,1,1300,13,1,1,0,4,1, , ,N,0,0,7,3,0,1,2,2,N,N,39 52:56.223,75 15:09.672,1324, ,1314, ,0, ,N, ,0, , , , , ,674534, , , ,2,2,0,0,0,0,0,0,0,0,1,0,1,0,0,0,0,0,0,0,0,1,0,0,0,0,0,0,0,0,0,0,0,0,0,3,0,39.8823,-75.2526, , 
 ,60783,2012012570,6,67,67301,2012,1,3,1044,10,1,1,0,6,1, , ,N,2,0,0,3,0,2,3,2,N,N,39 59:27.542,75 09:22.060,1046, ,1044, ,0, ,N, ,0, , , , , ,674620, , , ,2,2,0,0,0,0,0,0,0,0,0,1,2,1,1,0,0,0,0,0,1,0,0,1,0,0,0,0,0,0,0,0,0,0,0,4,0,39.991,-75.1561, , 
 ,60784,2012014896,6,46,46108,2012,2,3,1635,16,1,1,0,4,1, , ,N,5,2,0,3,0,2,3,3,N,N,40 05:07.830,75 12:37.886,1637, ,1635,1,2,2,N, ,3,N, , , , ,674625, , , ,3,2,0,0,0,0,1,0,0,0,0,0,2,2,0,0,0,0,0,0,1,0,0,0,0,0,0,0,0,0,0,0,0,0,0,8,0,40.0853,-75.2104, , 
 ,60785,2012020486,6,67,67301,2012,1,2,1510,15,1,1,0,4,1, , ,N,1,2,0,3,0,1,3,2,N,N,40 01:56.128,75 02:44.077,1530, ,1522, ,0, ,N, ,3, , , , , ,674626, , , ,2,1,0,0,1,0,0,0,0,0,0,1,1,0,0,0,0,0,0,0,0,0,0,0,0,0,0,0,0,0,0,0,0,0,0,4,0,40.0323,-75.0456, , 
 ,60786,2012020556,6,67,67301,2012,1,4,9999,99,1,1,0,1,1, , ,N,2,2,0,3,0,2,4,4,N,Y,40 03:16.658,75 00:35.920,950, ,946, ,0, ,N, ,3, , , , , ,674627, , , ,4,4,0,0,0,0,0,0,0,0,0,0,2,2,0,0,0,1,0,0,0,0,0,0,0,0,0,0,0,0,0,0,0,0,0,8,0,40.0546,-75.01, , 
 ,60787,2012026131,6,67,67301,2012,2,2,1829,18,3,1,0,4,1, , ,N,1,3,0,3,0,1,2,2,N,N,39 58:09.192,75 13:42.211,1840, ,1831, ,0, ,N, ,3, , , , , ,674634, , , ,2,1,0,0,1,0,0,0,0,0,0,1,1,0,0,0,0,0,0,0,0,1,0,0,0,0,0,0,0,0,0,0,0,0,0,4,0,39.9692,-75.2284, , 
 ,60788,2012026191,6,67,67301,2012,1,3,755,7,5,1,1,4,1, , ,N,1,0,0,3,0,0,2,2,N,N,40 01:50.207,75 12:25.116,800, ,756,2,1,2,N, ,0,N, , , , ,674635, , , ,2,1,0,0,0,0,0,1,0,0,0,0,0,0,0,0,0,0,0,0,0,0,0,0,0,0,0,0,0,0,0,0,0,0,0,0,0,40.0306,-75.207, , 
 ,60789,2012034736,6,67,67301,2012,3,5,1622,16,1,1,0,4,1, , ,N,0,0,0,3,0,2,4,2,N,N,39 59:57.633,75 08:08.515,1648, ,1647, ,0, ,N, ,0, , , , , ,674641, , , ,2,2,0,0,0,0,0,0,0,0,0,2,2,0,2,0,0,0,0,1,1,0,0,0,0,0,0,0,0,0,0,0,0,0,0,4,0,39.9993,-75.1357, , 
 ,60790,2012048890,6,67,67301,2012,4,2,1810,18,1,1,0,4,1, , ,N,5,2,2,3,0,1,3,2,N,N,39 57:25.688,75 09:03.847,1825, ,1818, ,0, ,N, ,3, , , , , ,674651, , , ,2,1,0,0,0,0,1,0,0,0,0,1,1,0,0,0,0,0,0,0,1,0,0,0,0,0,0,0,0,0,0,0,0,0,0,4,0,39.9571,-75.1511, , 