wz_ln_closure,objectid_1,crn,district,county,municipality,crash_year,crash_month,day_of_week,time_of_day,hour_of_day,illumination,weather,road_condition,collision_type,relation_to_road,work_zone_type,work_zone_loc,work_zone_ind,intersect_type,tcd_type,location_type,urban_rural,fatal_count,injury_count,person_count,total_units,sch_bus_ind,sch_zone_ind,latitude,longitude,arrival_tm,cons_zone_spd_lim,dispatch_tm,est_hrs_closed,lane_closed,ln_close_dir,ntfy_hiwy_maint,spec_juris_cd,tcd_func_cd,tfc_detour_ind,workers_pres,wz_close_detour,wz_flagger,wz_law_offcr_ind,objectid,wz_moving,wz_other,wz_shlder_mdn,vehicle_count,automobile_count,motorcycle_count,bus_count,small_truck_count,heavy_truck_count,suv_count,van_count,bicycle_count,maj_inj_count,mod_inj_count,min_inj_count,tot_inj_count,unk_inj_deg_count,unk_inj_per_count,driver_count_16yr,driver_count_17yr,driver_count_18yr,driver_count_19yr,driver_count_20yr,driver_count_50_64yr,driver_count_65_74yr,driver_count_75plus,unbelted_occ_count,unb_death_count,unb_maj_inj_count,belted_death_count,belted_maj_inj_count,mcycle_death_count,mcycle_maj_inj_count,bicycle_death_count,bicycle_maj_inj_count,ped_count,ped_death_count,ped_maj_inj_count,max_severity_level,comm_veh_count,dec_lat,dec_long,rdwy_surf_type_cd,county_name
 ,60791,2012012421,6,67,67301,2012,1,1,1601,16,1,1,0,5,1, , ,N,0,0,0,3,0,2,6,2,N,N,39 56:10.327,75 08:39.857,1611, ,1604, ,0, ,N, ,0, , , , , ,674666, , , ,2,1,0,0,0,0,1,0,0,0,0,2,2,0,2,0,0,0,0,0,0,0,0,0,0,0,0,0,0,0,0,0,0,0,0,4,0,39.9361,-75.1444, , 
 ,60792,2012019783,6,67,67301,2012,2,5,1820,18,3,2,1,1,1, , ,N,0,0,0,3,0,1,2,2,N,N,39 59:12.572,75 05:27.381,1843, ,1829,2,2,1,N, ,0,N, , , , ,674671, , , ,2,1,0,0,0,0,1,0,0,0,0,1,1,0,0,0,0,0,0,0,2,0,0,0,0,0,0,0,0,0,0,0,0,0,0,4,0,39.9868,-75.0911, , 
 ,60793,2012049787,6,67,67301,2012,4,5,300,3,3,1,0,1,6, , ,N,0,0,0,3,0,1,1,3,N,N,39 58:51.243,75 09:45.356,300, ,300,9,2,3, , ,0,Y, , , , ,674692, , , ,3,2,0,0,1,0,0,0,0,0,0,0,1,1,0,0,0,0,0,0,0,0,0,0,0,0,0,0,0,0,0,0,0,0,0,8,0,39.9809,-75.1626, , 
 ,60794,2012049818,6,67,67301,2012,4,5,1455,14,1,1,0,8,1, , ,N,0,0,0,3,0,1,2,2,N,N,40 04:51.118,75 02:14.189,1500, ,1457, ,0, ,N, ,0, , , , , ,674693, , , ,1,1,0,0,0,0,0,0,0,0,0,1,1,0,0,0,0,0,0,0,0,0,0,0,0,0,0,0,0,0,0,0,1,0,0,4,0,40.0809,-75.0373, , 
 ,60795,2012020564,6,67,67301,2012,1,5,807,8,1,2,1,1,1, , ,N,0,0,0,3,0,2,8,2,N,N,40 00:26.060,75 05:12.392,812, ,809, ,0, ,N, ,0, , , , , ,674718, , , ,2,2,0,0,0,0,0,0,0,0,0,2,2,0,0,0,0,0,0,0,0,0,0,0,0,0,0,0,0,0,0,0,0,0,0,4,0,40.0072,-75.087, , 
 ,60796,2012036834,6,67,67301,2012,3,5,950,9,1,1,0,8,1, , ,N,2,3,0,3,0,1,2,2,N,N,39 58:47.773,75 13:09.340,1041, ,1030, ,0, , , ,3, , , , , ,678352, , , ,1,1,0,0,0,0,0,0,0,0,0,0,1,1,0,0,0,0,0,0,0,0,0,0,0,0,0,0,0,0,0,0,1,0,0,8,0,39.9799,-75.2193, , 
 ,60797,2012049677,6,67,67301,2012,4,7,1248,12,1,1,0,4,1, , ,N,0,0,7,3,0,0,2,2,N,N,40 02:48.666,75 08:34.514,1255, ,1250, ,0, ,N, ,0, , , , , ,678362, , , ,2,1,0,0,1,0,0,0,0,0,0,0,0,0,2,0,0,0,0,0,0,1,0,0,0,0,0,0,0,0,0,0,0,0,0,9,0,40.0469,-75.1429, , 
 ,60798,2012054715,6,67,67301,2012,4,3,1700,17,1,1,0,1,1, , ,N,1,0,0,3,0,2,3,2,N, ,40 02:37.429,75 05:06.333,1735, ,1730, ,0, , , ,0, , , , , ,678368, , , ,2,2,0,0,0,0,0,0,0,0,0,2,2,0,0,0,0,0,0,0,0,1,0,2,0,0,0,0,0,0,0,0,0,0,0,4,0,40.0437,-75.0851, , 
 ,60799,2012056668,6,67,67301,2012,4,7,515,5,3,1,0,7,5, , ,N,0,0,0,3,0,1,1,1,N,N,39 57:54.123,75 10:44.189,520, ,516, ,0, , , ,0, , , , , ,678370, , , ,1,0,0,0,1,0,0,0,0,0,0,0,1,1,0,0,0,0,0,0,0,0,1,0,0,0,0,0,0,0,0,0,0,0,0,8,0,39.965,-75.1789, , 
Y,60800,2012027474,6,67,67301,2012,3,1,1642,16,3,1,0,1,1,1,2,Y,0,0,3,3,0,0,7,3,N,N,39 53:16.531,75 13:01.164,1849,45,1845, ,0, ,N, ,0, ,N,N,N,N,678383,N,N,N,3,2,0,0,1,0,0,0,0,0,0,0,0,0,0,0,0,0,1,0,0,0,0,1,0,0,0,0,0,0,0,0,0,0,0,0,0,39.8879,-75.217, , 
 ,60801,2012032698,6,67,67301,2012,2,7,1340,13,1,1,0,1,1, , ,N,1,2,0,3,0,3,4,2,N, ,40 01:37.269,75 04:31.638,1358, ,1356, ,0, , , ,3, , , , , ,678388, , , ,2,1,0,0,1,0,0,0,0,0,0,3,3,0,0,0,0,0,0,0,0,0,0,0,0,0,0,0,0,0,0,0,0,0,0,4,0,40.027,-75.0755, , 
 ,60802,2012041344,6,67,67301,2012,4,2,1900,19,4,1,0,7,2, , ,N,0,0,0,3,0,0,2,2,N,N,40 03:01.954,74 59:26.517,1917, ,1908, ,0, ,N, ,0, , , , , ,678393, , , ,2,1,0,0,0,0,0,1,0,0,0,0,0,0,0,0,0,0,0,0,0,0,0,1,0,0,0,0,0,0,0,0,0,0,0,0,0,40.0505,-74.9908, , 
 ,60803,2012043639,6,67,67301,2012,5,3,1038,10,1,2,1,1,1, , ,N,0,0,0,3,0,1,6,4,N,N,40 01:48.868,75 11:15.848,1045, ,1041,2,2,2,N, ,0,Y, , , , ,678395, , , ,4,3,0,0,1,0,0,0,0,0,0,1,1,0,0,0,0,0,0,1,0,0,0,0,0,0,0,0,0,0,0,0,0,0,0,4,0,40.0302,-75.1877, , 
 ,60804,2012068952,6,67,67301,2012,6,6,843,8,1,1,0,8,1, , ,N,1,3,0,3,0,1,3,3,N, ,40 00:29.073,75 06:19.709,913, ,909, ,0, , , ,3, , , , , ,678411, , , ,1,1,0,0,0,0,0,0,0,0,1,0,1,0,0,0,0,0,0,1,0,0,0,0,0,0,0,0,0,0,0,0,1,0,0,3,0,40.0081,-75.1055, , 
 ,60805,2012049740,6,67,67301,2012,4,1,1820,18,1,2,1,4,1, , ,N,0,0,0,3,0,1,4,2,N,N,40 00:23.885,75 11:38.506,1827, ,1820,1,2,5,N, ,0,N, , , , ,678421, , , ,2,1,0,0,0,0,1,0,0,0,0,0,1,1,2,0,0,0,0,0,0,0,0,0,0,0,0,0,0,0,0,0,0,0,0,8,0,40.0066,-75.194, , 
 ,60806,2012049749,6,67,67301,2012,3,7,1016,10,8,2,1,4,1, , ,N,1,2,0,3,0,1,2,2,N, ,39 55:55.912,75 10:54.116,1025, ,1017, ,0, , , ,3, , , , , ,678422, , , ,1,0,0,1,0,0,0,0,1,0,0,0,1,1,0,0,0,0,0,0,0,0,0,0,0,0,0,0,0,0,0,0,0,0,0,8,1,39.9322,-75.1817, , 
 ,60807,2012049768,6,67,67301,2012,4,3,753,7,1,1,0,4,1, , ,N,1,2,0,3,0,1,2,2,N,N,39 56:57.099,75 09:46.986,756, ,755,1,1,4, , ,3,N, , , , ,678423, , , ,2,2,0,0,0,0,0,0,0,0,0,1,1,0,0,0,0,0,0,0,0,0,0,0,0,0,0,0,0,0,0,0,0,0,0,4,0,39.9492,-75.1631, , 
 ,60808,2012026262,6,67,67301,2012,1,2,1030,10,1,1,0,4,1, , ,N,1,2,0,3,0,0,3,3,N, ,40 03:19.015,75 11:34.594,1115, ,1110, ,0, , , ,3, , , , , ,678440, , , ,3,2,0,0,0,0,1,0,0,0,0,0,0,0,0,0,0,0,0,0,1,0,0,1,0,0,0,0,0,0,0,0,0,0,0,0,0,40.0553,-75.1929, , 
 ,60809,2012028180,6,67,67301,2012,2,6,759,7,1,1,0,7,2, , ,N,0,0,0,3,0,2,5,5,N,N,39 59:29.405,75 11:44.979,800, ,759,3,2,5,N, ,0,Y, , , , ,678441, , , ,5,2,0,0,1,0,1,1,0,1,0,1,2,0,0,0,0,0,0,0,1,1,0,0,0,0,0,1,0,0,0,0,0,0,0,2,0,39.9915,-75.1959, , 
 ,60810,2012032539,6,67,67301,2012,2,2,9999,99,1,1,1,1,1, , ,N,0,0,7,3,0,3,4,2,N, ,39 54:16.078,75 14:20.625,9999, ,1137, ,0, , , ,0, , , , , ,678446, , , ,2,1,0,0,1,0,0,0,0,0,0,1,3,2,0,0,0,0,0,0,0,0,0,0,0,0,0,0,0,0,0,0,0,0,0,4,0,39.9045,-75.2391, , 
 ,60811,2012052686,6,67,67301,2012,4,6,1715,17,1,1,0,4,1, , ,N,1,2,0,3,0,0,2,2,N,N,40 03:44.697,75 09:18.946,1738, ,1724,1,1,7,N, ,3,N, , , , ,678464, , , ,2,2,0,0,0,0,0,0,0,0,0,0,0,0,0,0,0,0,0,0,0,0,0,0,0,0,0,0,0,0,0,0,0,0,0,0,0,40.0624,-75.1553, , 
 ,60812,2012027761,6,67,67301,2012,2,7,9999,99,3,1,1,8,1, , ,N,0,2,0,3,0,1,2,2,N,N,39 58:18.059,75 09:57.606,1853, ,1852, ,0, ,N, ,3, , , , , ,678494, , , ,1,0,0,1,0,0,0,0,0,0,0,1,1,0,0,0,0,0,0,0,0,0,0,0,0,0,0,0,0,0,0,0,1,0,0,4,1,39.9717,-75.166, , 
 ,60813,2012041693,6,67,67301,2012,3,5,9999,99,1,1,0,1,1, , ,N,2,2,0,3,0,1,3,2,N, ,40 01:10.861,75 05:44.942,1530, ,1506, ,0, , , ,3, , , , , ,678504, , , ,2,2,0,0,0,0,0,0,0,0,0,0,1,1,0,0,0,0,0,0,0,0,0,0,0,0,0,0,0,0,0,0,0,0,0,8,0,40.0199,-75.0956, , 
 ,60814,2012036827,6,67,67301,2012,3,5,736,7,1,1,0,7,4, , ,N,2,2,7,3,0,1,1,2,N,N,40 02:56.800,75 03:44.318,741, ,738, ,0, ,N, ,3, , , , , ,681434, , , ,1,1,0,0,0,0,0,0,0,0,0,1,1,0,0,0,0,0,0,1,0,0,0,0,0,0,0,0,0,0,0,0,0,0,0,4,0,40.0491,-75.0625, , 
 ,60815,2012042226,6,67,67301,2012,3,6,1901,19,1,1,0,4,1, , ,N,5,2,0,3,0,1,2,2,N, ,39 54:19.501,75 10:24.816,1907, ,1901,2,1,3, , ,3,N, , , , ,681440, , , ,2,1,0,0,0,0,1,0,0,0,0,0,1,1,0,0,0,0,0,1,0,0,0,0,0,0,0,0,0,0,0,0,0,0,0,8,0,39.9054,-75.1736, , 
 ,60816,2012048030,6,67,67301,2012,4,1,345,3,3,1,1,4,1, , ,N,1,2,0,3,0,3,5,2,N,N,39 57:28.162,75 08:50.070,350, ,350, ,0, ,N, ,3, , , , , ,681446, , , ,2,2,0,0,0,0,0,0,0,0,0,3,3,0,2,0,0,0,0,0,0,0,0,3,0,0,0,0,0,0,0,0,0,0,0,4,0,39.9578,-75.1472, , 
 ,60817,2012060742,6,67,67301,2012,5,2,1707,17,1,1,0,8,1, , ,N,0,0,0,3,0,1,4,3,N,N,40 00:42.694,75 05:17.059,1742, ,1740, ,0, ,N, ,0, , , , , ,681472, , , ,2,1,0,1,0,0,0,0,0,0,0,1,1,0,0,0,0,0,0,0,0,0,0,0,0,0,0,0,0,0,0,0,1,0,0,4,1,40.0119,-75.0881, , 
 ,60818,2012068751,6,67,67301,2012,5,4,1450,14,1,1,0,1,1, , ,N,1,3,0,3,0,1,2,2,N,N,39 55:31.162,75 09:27.611,1515, ,1459, ,0, ,N, ,3, , , , , ,681478, , , ,1,1,0,0,0,0,0,0,1,0,0,0,1,1,0,0,0,0,0,0,0,0,0,0,0,0,0,0,0,0,0,0,0,0,0,8,0,39.9253,-75.1577, , 
 ,60819,2012069640,6,67,67301,2012,6,4,806,8,1,1,0,4,1, , ,N,1,2,0,3,0,2,2,2,N,N,40 03:37.434,74 59:25.565,813, ,810,2,1,2,N, ,3,N, , , , ,681480, , , ,2,2,0,0,0,0,0,0,0,0,1,1,2,0,0,0,0,0,0,0,2,0,0,0,0,0,0,0,0,0,0,0,0,0,0,3,0,40.0604,-74.9904, , 
 ,60820,2012083357,6,67,67301,2012,8,5,1345,13,1,1,0,4,1, , ,N,1,3,0,3,0,1,2,2,N,N,40 00:54.471,75 08:09.164,1346, ,1345, ,0, , , ,3, , , , , ,681488, , , ,2,0,0,0,0,0,0,2,0,0,0,1,1,0,0,0,0,0,0,0,1,0,0,0,0,0,0,0,0,0,0,0,0,0,0,4,0,40.0151,-75.1359, , 
 ,60821,2012095472,6,67,67301,2012,8,4,112,1,3,1,0,5,6, , ,N,0,0,0,3,0,0,1,3,N, ,40 02:16.465,75 03:15.804,140, ,132, ,0, , , ,0, , , , , ,681496, , , ,3,3,0,0,0,0,0,0,0,0,0,0,0,0,1,0,0,0,0,0,0,0,0,0,0,0,0,0,0,0,0,0,0,0,0,9,0,40.0379,-75.0544, , 
 ,60822,2012102015,6,67,67301,2012,9,2,1117,11,1,1,0,4,1, , ,N,0,0,0,3,0,0,2,2,N,N,40 00:28.015,75 12:06.789,1122, ,1117,1,1,3,N, ,0,N, , , , ,681533, , , ,2,1,0,0,0,0,0,1,0,0,0,0,0,0,0,0,0,0,0,0,1,0,0,0,0,0,0,0,0,0,0,0,0,0,0,0,0,40.0078,-75.2019, , 
 ,60823,2012104280,6,67,67301,2012,9,7,1135,11,8,9,8,4,1, , ,N,1,2,0,3,0,2,4,4,N,N,40 01:30.637,75 07:31.531,2305, ,2301,3,1,1,N, ,3,N, , , , ,681536, , , ,4,1,0,0,0,0,1,0,0,0,1,0,2,1,2,0,0,0,0,0,0,0,0,2,0,0,0,0,0,0,0,0,0,0,0,3,0,40.0252,-75.1254, , 
 ,60824,2012109928,6,67,67301,2012,10,3,9999,99,1,2,1,4,1, , ,N,0,0,7,3,0,0,3,2,N,N,40 07:59.107,75 00:38.448,1555, ,1550, ,0, , , ,0, , , , , ,681539, , , ,2,2,0,0,0,0,0,0,0,0,0,1,1,0,0,1,0,0,0,0,1,0,0,0,0,0,0,0,0,0,0,0,0,0,0,4,0,40.1331,-75.0107, , 
 ,60825,2012110940,6,67,67301,2012,10,2,627,6,3,2,1,7,2, , ,N,0,0,0,3,0,0,2,2,N,N,39 58:38.737,75 12:00.582,639, ,632, ,0, ,N, ,0, , , , , ,681540, , , ,2,1,0,0,0,0,1,0,0,0,0,0,0,0,0,0,0,0,0,0,1,0,0,0,0,0,0,0,0,0,0,0,0,0,0,0,0,39.9774,-75.2002, , 
 ,60826,2012111692,6,67,67301,2012,10,4,1630,16,1,1,0,4,1, , ,N,1,2,0,3,0,1,3,2,N, ,40 00:03.604,75 08:53.867,1722, ,1718, ,0, , , ,3, , , , , ,681541, , , ,2,1,0,0,1,0,0,0,0,0,0,0,1,1,0,0,0,0,0,0,0,0,0,3,0,0,0,0,0,0,0,0,0,0,0,8,0,40.001,-75.1481, , 
 ,60827,2012078149,6,67,67301,2012,6,7,1350,13,1,1,0,4,1, , ,N,1,3,0,3,0,1,3,2,N, ,39 57:43.642,75 08:31.667,1410, ,1359, ,0, , , ,3, , , , , ,681555, , , ,2,2,0,0,0,0,0,0,0,0,0,1,1,0,0,0,0,0,0,0,1,0,0,0,0,0,0,0,0,0,0,0,0,0,0,4,0,39.9621,-75.1421, , 
 ,60828,2012045489,6,67,67301,2012,5,3,643,6,1,2,1,5,1, , ,N,0,0,0,3,0,1,2,2,N,N,40 02:59.039,74 59:36.223,702, ,645, ,0, ,N, ,0, , , , , ,681581, , , ,2,1,0,0,0,0,1,0,0,0,0,0,1,1,0,0,0,0,0,0,1,0,0,0,0,0,0,0,0,0,0,0,0,0,0,8,0,40.0497,-74.9935, , 
 ,60829,2012048309,6,67,67301,2012,4,4,1753,17,1,8,0,4,1, , ,N,1,3,0,3,0,1,2,2,N,N,39 56:12.858,75 09:00.809,1758, ,1753, ,0, ,N, ,3, , , , , ,681582, , , ,1,1,0,0,0,0,0,0,1,0,0,1,1,0,0,0,0,0,0,0,0,0,0,0,0,0,0,0,0,0,0,0,0,0,0,4,0,39.9369,-75.1502, , 
 ,60830,2012066580,6,67,67301,2012,6,7,1018,10,1,1,0,7,1, , ,N,1,2,0,3,0,1,1,1,N,N,39 55:26.122,75 14:43.169,1022, ,1020, ,0, , , ,3, , , , , ,681596, , , ,1,1,0,0,0,0,0,0,0,0,0,1,1,0,0,0,0,0,1,0,0,0,0,0,0,0,0,0,0,0,0,0,0,0,0,4,0,39.9239,-75.2453, , 
 ,60831,2012068858,6,67,67301,2012,6,5,9999,99,1,1,0,4,1, , ,N,1,3,0,3,0,2,2,2,N,N,40 01:31.670,75 05:04.955,9999, ,946,2,1,1, , ,3,Y, , , , ,681597, , , ,2,2,0,0,0,0,0,0,0,0,0,1,2,1,0,0,0,0,0,0,1,0,0,0,0,0,0,0,0,0,0,0,0,0,0,4,0,40.0255,-75.0847, , 
 ,60832,2012068835,6,67,67301,2012,5,7,2008,20,4,1,0,8,1, , ,N,0,0,0,3,0,1,2,2,N,N,39 58:37.206,75 06:58.384,2019, ,2011, ,0, , , ,0, , , , , ,670961, , , ,1,1,0,0,0,0,0,0,1,0,0,1,1,0,0,0,0,0,0,0,0,0,0,0,0,0,0,0,0,0,0,0,0,0,0,4,0,39.977,-75.1162, , 
 ,60833,2012083252,6,67,67301,2012,7,5,800,8,1,1,0,4,1, , ,N,1,2,0,3,0,1,2,2,N,N,39 56:24.885,75 10:04.702,9999, ,9999, ,0, ,N, ,3, , , , , ,670976, , , ,1,0,0,0,0,0,0,1,1,0,0,0,1,1,0,0,0,0,0,0,0,0,0,0,0,0,0,0,0,0,0,0,0,0,0,8,0,39.9402,-75.168, , 
 ,60834,2012015468,6,67,67301,2012,1,5,1830,18,4,2,1,8,1, , ,N,1,2,0,3,0,1,2,2,Y,N,39 57:22.741,75 14:23.794,1835, ,1834, ,0, ,N, ,3, , , , , ,671012, , , ,1,0,0,0,0,0,0,1,0,0,0,0,1,1,0,0,0,0,0,0,0,0,0,0,0,0,0,0,0,0,0,0,1,0,0,8,0,39.9563,-75.2399, , 
 ,60835,2012036841,6,67,67301,2012,3,5,500,5,3,6,1,8,1, , ,N,2,0,0,3,0,1,3,2,N, ,40 02:20.379,75 08:54.812,520, ,510,1,1,1, , ,0,N, , , , ,671022, , , ,1,0,0,0,1,0,0,0,0,0,0,1,1,0,0,0,0,0,0,0,0,0,0,0,0,0,0,0,0,0,0,0,1,0,0,4,0,40.039,-75.1486, , 
 ,60836,2012063957,6,67,67301,2012,5,1,9999,99,3,1,0,4,1, , ,N,1,2,0,3,0,1,4,2,N,N,40 01:12.662,75 08:55.511,9999, ,9999,1,1,2,N, ,3,N, , , , ,671044, , , ,2,2,0,0,0,0,0,0,0,0,1,0,1,0,0,0,0,0,1,0,0,0,0,0,0,0,0,0,0,0,0,0,0,0,0,3,0,40.0202,-75.1488, , 
 ,60837,2012020542,6,67,67301,2012,1,6,805,8,8,2,1,1,1, , ,N,1,0,0,3,0,2,2,2,N,N,40 06:00.676,75 01:18.249,1029, ,1025, ,0, ,N, ,0, , , , , ,671061, , , ,2,2,0,0,0,0,0,0,0,0,0,2,2,0,0,0,0,0,0,0,1,0,0,0,0,0,0,0,0,0,0,0,0,0,0,4,0,40.1002,-75.0217, , 
 ,60838,2012020585,6,67,67301,2012,1,3,1105,11,1,1,0,8,1, , ,N,2,3,0,3,0,1,2,2,N,N,39 56:50.629,75 09:11.937,1130, ,1120, ,0, ,N, ,2, , , , , ,671062, , , ,1,1,0,0,0,0,0,0,0,0,0,1,1,0,0,0,0,0,0,0,0,0,0,0,0,0,0,0,0,0,0,0,1,0,0,4,0,39.9474,-75.1533, , 
 ,60839,2012026857,6,67,67301,2012,3,4,1935,19,3,1,0,4,1, , ,N,0,0,0,3,0,2,4,3,N,N,39 56:47.048,75 08:31.752,1948, ,1943,2,2,1,N, ,0,N, , , , ,671069, , , ,3,2,0,0,1,0,0,0,0,0,0,2,2,0,0,0,0,0,0,1,0,0,0,0,0,0,0,0,0,0,0,0,0,0,0,4,0,39.9463,-75.1422, , 
 ,60840,2012047174,6,67,67301,2012,4,7,9999,99,1,1,0,4,1, , ,N,1,3,0,3,0,1,2,3,N,N,39 59:21.067,75 09:57.785,1800, ,1745, ,0, , , ,3, , , , , ,671084, , , ,3,2,0,0,0,0,0,1,0,0,0,1,1,0,0,0,0,0,0,0,0,0,0,2,0,0,0,0,0,0,0,0,0,0,0,4,0,39.9892,-75.1661, , 
 ,60841,2012049719,6,67,67301,2012,4,2,9999,99,3,1,0,4,1, , ,N,0,2,7,3,0,0,2,2,N,N,39 55:00.358,75 14:45.390,2214, ,2210, ,0, ,N, ,3, , , , , ,671087, , , ,2,1,0,0,1,0,0,0,0,0,0,0,0,0,2,0,0,0,0,0,1,0,0,0,0,0,0,0,0,0,0,0,0,0,0,9,0,39.9168,-75.2459, , 
 ,60842,2012056206,6,67,67301,2012,6,7,458,4,5,1,0,7,2, , ,N,6,0,0,3,0,2,3,1,N,N,39 59:50.584,75 04:55.205,510, ,502,1,2,4,N, ,0,N, , , , ,671093, , , ,1,1,0,0,0,0,0,0,0,0,0,0,2,2,0,0,0,0,0,0,0,0,0,0,0,0,0,0,0,0,0,0,0,0,0,8,0,39.9974,-75.082, , 
 ,60843,2012028161,6,67,67301,2012,2,6,340,3,3,1,0,4,1, , ,N,1,2,0,3,0,0,5,2,N, ,39 57:23.851,75 09:57.547,351, ,350, ,0, , , ,1, , , , , ,671117, , , ,2,0,0,0,1,0,1,0,0,0,0,0,0,0,0,0,0,0,0,0,0,0,0,0,0,0,0,0,0,0,0,0,0,0,0,0,0,39.9566,-75.166, , 
 ,60844,2012049832,6,67,67301,2012,4,6,2258,22,3,1,0,5,2, , ,N,0,0,0,3,0,1,2,4,N,N,40 00:39.978,75 04:55.873,2330, ,2327, ,0, ,N, ,0, , , , , ,671133, , , ,3,1,0,0,0,0,2,0,0,0,0,0,1,1,0,0,0,0,0,0,1,0,0,0,0,0,0,0,0,0,0,0,1,0,0,8,0,40.0111,-75.0822, , 
 ,60845,2012068796,6,67,67301,2012,6,6,1220,12,1,1,0,4,1, , ,N,0,0,0,3,0,1,4,2,N,N,40 02:30.622,75 01:36.975,1231, ,1226, ,0, ,N, ,0, , , , , ,671152, , , ,2,0,0,0,0,0,2,0,0,0,0,1,1,0,0,0,0,0,0,0,0,0,0,0,0,0,0,0,0,0,0,0,0,0,0,4,0,40.0418,-75.0269, , 
 ,60846,2012073198,6,67,67301,2012,7,7,643,6,1,1,0,4,1, , ,N,0,0,0,3,0,1,4,3,N,N,39 59:32.539,75 12:04.514,643, ,643,1,1,2,N, ,0,N, , , , ,671154, , , ,3,2,0,0,1,0,0,0,0,0,1,0,1,0,0,0,0,0,0,0,0,0,0,0,0,0,0,0,0,0,0,0,0,0,0,3,0,39.9924,-75.2013, , 
 ,60847,2012075990,6,67,67301,2012,6,4,1525,15,1,1,0,4,1, , ,N,1,2,0,3,0,2,3,2,N,N,40 00:40.402,75 08:31.606,1530, ,1529,2,1,2,N, ,3,Y, , , , ,671158, , , ,2,0,0,0,0,0,1,0,0,0,0,0,2,2,0,0,0,0,0,0,0,0,0,0,0,0,0,0,0,0,0,0,0,0,0,8,0,40.0112,-75.1421, , 
 ,60848,2012078185,6,67,67301,2012,7,7,1700,17,1,1,0,4,1, , ,N,0,0,7,3,0,1,2,2,N,N,39 57:29.704,75 14:51.524,1750, ,1741, ,0, ,N, ,0, , , , , ,671160, , , ,2,1,1,0,0,0,0,0,0,0,0,0,1,1,0,0,0,0,0,0,0,0,0,0,0,0,0,0,0,0,0,0,0,0,0,8,0,39.9583,-75.2476, , 
 ,60849,2012078456,6,67,67301,2012,7,7,1900,19,1,1,0,4,1, , ,N,1,0,0,3,0,1,2,2,N, ,39 59:49.056,75 07:46.603,1843, ,1842, ,0, , , ,0, , , , , ,671161, , , ,1,1,0,0,0,0,0,0,1,0,0,1,1,0,0,0,0,0,0,0,0,0,0,0,0,0,0,0,0,0,0,0,0,0,0,4,0,39.997,-75.1296, , 
 ,60850,2012047222,6,67,67301,2012,3,3,1206,12,1,1,0,4,1, , ,N,1,3,0,3,0,1,3,2,N,N,39 59:46.669,75 07:54.469,1215, ,1211, ,0, ,N, ,3, , , , , ,674743, , , ,2,2,0,0,0,0,0,0,0,0,0,0,1,1,0,0,0,0,0,0,0,0,0,0,0,0,0,0,0,0,0,0,0,0,0,8,0,39.9963,-75.1318, , 
 ,60851,2012019958,6,67,67301,2012,1,7,215,2,3,4,3,4,1, , ,N,0,9,99,3,2,2,4,2,N,N,40 00:47.950,75 07:19.150,218, ,215,3,2,6,N,0,9,Y, , , , ,674768, , , ,2,2,0,0,0,0,0,0,0,0,0,0,2,2,0,0,0,0,0,0,0,0,0,0,0,0,1,0,0,0,0,0,0,0,0,1,0,40.0133,-75.122,2, 
 ,60852,2012026089,6,67,67301,2012,1,2,811,8,1,1,1,1,1, , ,N,0,0,0,3,0,1,2,2,N,N,39 53:35.443,75 14:23.448,827, ,826, ,0, ,N, ,0, , , , , ,674773, , , ,2,2,0,0,0,0,0,0,0,0,0,1,1,0,0,0,0,0,0,0,1,0,0,0,0,0,0,0,0,0,0,0,0,0,0,4,0,39.8932,-75.2399, , 
 ,60853,2012026103,6,67,67301,2012,2,6,2130,21,3,1,0,1,7, , ,N,6,0,2,3,0,1,4,2,N,N,40 00:34.498,75 11:14.124,55, ,47, ,0, , , ,0, , , , , ,674774, , , ,2,1,0,0,1,0,0,0,0,0,0,1,1,0,3,0,0,0,0,0,0,0,0,0,0,0,0,0,0,0,0,0,0,0,0,4,0,40.0096,-75.1873, , 
 ,60854,2012033073,6,67,67301,2012,2,3,1949,19,3,1,0,8,1, , ,N,0,0,0,3,0,1,2,2,N,N,39 59:36.155,75 05:48.944,1953, ,1952, ,0, ,N, ,0, , , , , ,674783, , , ,1,1,0,0,0,0,0,0,0,0,0,1,1,0,0,0,0,0,0,0,1,0,0,1,0,0,0,0,0,0,0,0,1,0,0,4,0,39.9934,-75.0969, , 
 ,60855,2012041705,6,67,67301,2012,3,5,1538,15,1,1,0,8,4, , ,N,0,0,7,3,0,1,2,2,N,N,39 57:24.456,75 09:31.736,1542, ,1540,1,2,2,N, ,0,Y, , , , ,674788, , , ,1,0,0,0,0,0,1,0,0,0,0,1,1,0,0,0,0,0,0,0,0,0,0,0,0,0,0,0,0,0,0,0,1,0,0,4,0,39.9568,-75.1588, , 
 ,60856,2012042245,6,67,67301,2012,3,4,806,8,1,1,0,5,2, , ,N,0,0,0,3,0,0,1,3,N, ,39 54:59.972,75 10:52.493,808, ,811, ,0, , , ,0, , , , , ,674789, , , ,3,0,0,2,0,1,0,0,0,0,0,0,0,0,0,0,0,0,0,0,0,0,0,0,0,0,0,0,0,0,0,0,0,0,0,0,3,39.9167,-75.1812, , 