wz_ln_closure,objectid_1,crn,district,county,municipality,crash_year,crash_month,day_of_week,time_of_day,hour_of_day,illumination,weather,road_condition,collision_type,relation_to_road,work_zone_type,work_zone_loc,work_zone_ind,intersect_type,tcd_type,location_type,urban_rural,fatal_count,injury_count,person_count,total_units,sch_bus_ind,sch_zone_ind,latitude,longitude,arrival_tm,cons_zone_spd_lim,dispatch_tm,est_hrs_closed,lane_closed,ln_close_dir,ntfy_hiwy_maint,spec_juris_cd,tcd_func_cd,tfc_detour_ind,workers_pres,wz_close_detour,wz_flagger,wz_law_offcr_ind,objectid,wz_moving,wz_other,wz_shlder_mdn,vehicle_count,automobile_count,motorcycle_count,bus_count,small_truck_count,heavy_truck_count,suv_count,van_count,bicycle_count,maj_inj_count,mod_inj_count,min_inj_count,tot_inj_count,unk_inj_deg_count,unk_inj_per_count,driver_count_16yr,driver_count_17yr,driver_count_18yr,driver_count_19yr,driver_count_20yr,driver_count_50_64yr,driver_count_65_74yr,driver_count_75plus,unbelted_occ_count,unb_death_count,unb_maj_inj_count,belted_death_count,belted_maj_inj_count,mcycle_death_count,mcycle_maj_inj_count,bicycle_death_count,bicycle_maj_inj_count,ped_count,ped_death_count,ped_maj_inj_count,max_severity_level,comm_veh_count,dec_lat,dec_long,rdwy_surf_type_cd,county_name
 ,60857,2012047109,6,67,67301,2012,4,6,1600,16,1,1,0,8,1, , ,N,2,0,0,3,0,1,3,2,N, ,39 59:43.155,75 07:53.428,1620, ,1613,9,1,4, , ,0,N, , , , ,674793, , , ,1,1,0,0,0,0,0,0,0,0,1,0,1,0,0,0,0,0,0,0,0,0,0,0,0,0,0,0,0,0,0,0,1,0,0,3,0,39.9953,-75.1315, , 
 ,60858,2012047153,6,67,67301,2012,4,5,1300,13,1,1,0,8,1, , ,N,1,2,0,3,0,1,2,2,N, ,40 00:09.455,75 07:27.886,1315, ,1307, ,0, , , ,3, , , , , ,674794, , , ,1,0,0,0,0,1,0,0,0,0,0,0,1,1,0,0,0,0,0,0,1,0,0,0,0,0,0,0,0,0,0,0,1,0,0,8,1,40.0026,-75.1244, , 
 ,60859,2012019784,6,67,67301,2012,2,6,1530,15,1,1,0,1,1, , ,N,0,0,0,3,0,0,2,2,N,N,40 02:59.554,74 59:33.928,1557, ,1537, ,0, ,N, ,0, , , , , ,674811, , , ,2,2,0,0,0,0,0,0,0,0,0,0,0,0,0,0,0,0,0,1,0,0,0,0,0,0,0,0,0,0,0,0,0,0,0,0,0,40.0498,-74.9929, , 
 ,60860,2012041579,6,67,67301,2012,3,4,1506,15,1,1,0,4,1, , ,N,1,2,0,3,0,1,2,2,N,N,39 57:37.886,75 10:24.974,1506, ,1506, ,0, ,N, ,3, , , , , ,674826, , , ,2,0,0,0,0,0,2,0,0,0,0,0,1,1,0,0,0,0,0,0,0,1,0,0,0,0,0,0,0,0,0,0,0,0,0,8,0,39.9605,-75.1736, , 
 ,60861,2012047282,6,67,67301,2012,4,6,1434,14,1,1,0,4,1, , ,N,1,2,0,3,0,1,2,2,N, ,40 00:49.975,75 07:33.617,1539, ,9999, ,0, , , ,3, , , , , ,674833, , , ,2,2,0,0,0,0,0,0,0,0,0,1,1,0,0,0,0,0,0,0,0,0,0,0,0,0,0,0,0,0,0,0,0,0,0,4,0,40.0139,-75.126, , 
 ,60862,2012059260,6,67,67301,2012,4,2,834,8,1,1,0,1,1, , ,N,0,0,0,3,0,0,2,2,N,N,39 57:57.408,75 08:11.862,840, ,835, ,0, ,N, ,0, , , , , ,674845, , , ,2,2,0,0,0,0,0,0,0,0,0,0,0,0,0,0,0,0,0,0,0,0,0,0,0,0,0,0,0,0,0,0,0,0,0,0,0,39.966,-75.1366, , 
 ,60863,2012047114,6,67,67301,2012,4,1,200,2,3,1,0,8,1, , ,N,1,2,0,3,0,1,2,2,N,N,39 57:37.620,75 14:28.063,205, ,205, ,0, ,N, ,3, , , , , ,674885, , , ,1,0,0,0,0,0,0,0,0,0,0,1,1,0,0,0,0,0,0,0,0,0,0,0,0,0,0,0,0,0,0,0,1,0,0,4,0,39.9604,-75.2411, , 
 ,60864,2012048306,6,67,67301,2012,4,2,550,5,5,1,0,1,6, , ,N,0,0,0,3,0,0,1,3,N,Y,40 01:46.012,75 08:13.894,600, ,558, ,0, ,N, ,0, , , , , ,674887, , , ,3,2,0,0,1,0,0,0,0,0,0,0,0,0,0,0,0,0,0,0,0,0,0,0,0,0,0,0,0,0,0,0,0,0,0,0,0,40.0294,-75.1372, , 
 ,60865,2012053836,6,67,67301,2012,5,5,1506,15,1,2,1,7,4, , ,N,0,0,0,3,0,0,1,1,N,N,39 56:48.912,75 11:17.082,1519, ,1511,1,1,3,N, ,0,N, , , , ,674896, , , ,1,1,0,0,0,0,0,0,0,0,0,0,0,0,0,0,0,0,0,0,0,0,0,0,0,0,0,0,0,0,0,0,0,0,0,0,0,39.9469,-75.1881, , 
 ,60866,2012036961,6,67,67301,2012,3,7,220,2,3,2,1,7,4, , ,N,0,0,0,3,0,0,1,1,N, ,40 03:52.588,75 11:40.317,224, ,221,3,2,5, , ,0,Y, , , , ,674930, , , ,1,1,0,0,0,0,0,0,0,0,0,0,0,0,0,0,0,0,0,0,0,0,0,0,0,0,0,0,0,0,0,0,0,0,0,0,0,40.0646,-75.1945, , 
 ,60867,2012048335,6,67,67301,2012,4,2,530,5,3,1,0,7,4, , ,N,0,0,7,3,0,1,1,1,N, ,40 05:00.006,75 13:18.239,600, ,541, ,0, , , ,0, , , , , ,674936, , , ,1,1,0,0,0,0,0,0,0,0,0,0,1,1,0,0,0,0,0,0,1,0,0,0,0,0,0,0,0,0,0,0,0,0,0,8,0,40.0833,-75.2217, , 
 ,60868,2012048348,6,67,67301,2012,4,2,1849,18,4,1,0,4,1, , ,N,1,3,0,3,0,2,7,2,N,N,40 00:30.214,75 06:28.789,1930, ,1923,9,2,1,N, ,3,N, , , , ,674937, , , ,2,2,0,0,0,0,0,0,0,0,1,1,2,0,0,0,0,0,0,0,0,0,0,0,0,0,0,0,0,0,0,0,0,0,0,3,0,40.0084,-75.108, , 
 ,60869,2012043942,6,67,67301,2012,5,3,1418,14,1,1,0,5,1, , ,N,1,2,0,3,0,1,2,2,N,N,39 55:15.439,75 11:45.551,1425, ,1420,2,1,6,N, ,9,Y, , , , ,678507, , , ,2,0,0,0,0,1,1,0,0,0,1,0,1,0,0,0,0,0,0,0,1,0,0,0,0,0,0,0,0,0,0,0,0,0,0,3,1,39.9213,-75.1938, , 
 ,60870,2012035409,6,67,67301,2012,3,3,1625,16,1,1,0,8,1, , ,N,0,0,0,3,0,1,2,2,N, ,39 59:35.822,75 07:26.972,1730, ,1725, ,0, , , ,0, , , , , ,678548, , , ,1,1,0,0,0,0,0,0,0,0,0,1,1,0,0,0,0,0,0,0,0,0,0,0,0,0,0,0,0,0,0,0,1,0,0,4,0,39.9933,-75.1242, , 
 ,60871,2012048055,6,67,67301,2012,4,3,1440,14,1,1,0,1,1, , ,N,0,8,0,3,0,1,2,2,N,N,40 04:17.266,75 02:17.196,1456, ,1440, ,0, ,N, ,3, , , , , ,678559, , , ,2,1,0,0,0,0,0,1,0,0,0,1,1,0,0,0,0,0,0,0,1,0,0,0,0,0,0,0,0,0,0,0,0,0,0,4,0,40.0715,-75.0381, , 
 ,60872,2012083317,6,67,67301,2012,7,6,1330,13,1,1,1,3,1, , ,N,1,3,0,3,0,2,4,2,N,N,40 01:42.618,75 10:01.487,1330, ,1330, ,0, ,N, ,3, , , , , ,678576, , , ,2,1,0,0,1,0,0,0,0,0,0,0,2,2,0,0,0,0,0,0,0,0,0,0,0,0,0,0,0,0,0,0,0,0,0,8,0,40.0285,-75.1671, , 
 ,60873,2012098185,6,67,67301,2012,9,5,1720,17,1,1,0,1,2, , ,N,0,0,0,3,0,2,2,3,N,N,39 55:49.227,75 09:17.636,9999, ,9999, ,0, ,N, ,0, , , , , ,678589, , , ,2,1,1,0,0,0,0,0,1,0,1,1,2,0,0,0,0,0,0,0,0,0,0,0,0,0,0,0,0,0,0,0,0,0,0,3,0,39.9303,-75.1549, , 
 ,60874,2012114346,6,67,67301,2012,10,6,1725,17,1,1,0,8,1, , ,N,0,0,0,3,0,1,2,2,N,N,39 59:59.377,75 10:27.399,1730, ,1727, ,0, ,N, ,0, , , , , ,678597, , , ,1,0,0,0,1,0,0,0,0,0,0,1,1,0,0,0,0,0,0,0,0,0,0,0,0,0,0,0,0,0,0,0,1,0,0,4,0,39.9998,-75.1743, , 
 ,60875,2012125546,6,67,67301,2012,10,4,9999,99,1,1,0,4,1, , ,N,1,2,0,3,0,2,4,2,N,N,39 58:14.003,75 08:59.563,1105, ,1053, ,0, ,N, ,3, , , , , ,678610, , , ,2,0,0,0,1,0,0,0,0,0,0,1,2,1,0,0,0,0,0,0,1,0,0,0,0,0,0,0,0,0,0,0,0,0,0,4,0,39.9704,-75.15, , 
 ,60876,2012056560,6,67,67301,2012,5,4,1830,18,1,1,0,4,1, , ,N,1,0,0,3,0,0,5,2,N,N,40 00:19.933,75 05:48.721,1855, ,1855, ,0, ,N, ,0, , , , , ,678626, , , ,2,2,0,0,0,0,0,0,0,0,0,0,0,0,4,0,0,0,0,0,1,0,0,0,0,0,0,0,0,0,0,0,0,0,0,9,0,40.0055,-75.0969, , 
 ,60877,2012060768,6,67,67301,2012,5,6,1117,11,1,1,0,8,7, , ,N,5,2,2,3,0,2,3,3,N, ,39 55:17.972,75 11:24.679,1720, ,1720, ,0, , , ,3, , , , , ,678631, , , ,1,0,0,0,0,0,0,0,0,0,2,0,2,0,0,0,0,0,0,0,0,0,0,0,0,0,0,0,0,0,0,0,2,0,0,3,0,39.9217,-75.1902, , 
 ,60878,2012080842,6,67,67301,2012,7,5,2044,20,3,1,0,8,1, , ,N,0,2,0,3,0,1,2,2,N,N,40 02:13.138,75 03:44.431,2055, ,2045,3,2,1,N, ,3,Y, , , , ,678657, , , ,1,1,0,0,0,0,0,0,0,0,1,0,1,0,0,0,0,0,0,0,0,0,0,0,0,0,0,0,0,0,0,0,1,0,0,3,0,40.037,-75.0623, , 
 ,60879,2012083200,6,67,67301,2012,7,6,1350,13,1,1,0,4,1, , ,N,1,2,0,3,0,1,3,2,N, ,39 59:40.673,75 05:40.311,1415, ,1406, ,0, , , ,3, , , , , ,678659, , , ,2,2,0,0,0,0,0,0,0,0,0,1,1,0,2,0,0,0,1,0,1,0,0,0,0,0,0,0,0,0,0,0,0,0,0,4,0,39.9946,-75.0945, , 
 ,60880,2012088590,6,67,67301,2012,8,4,658,6,1,1,1,1,1, , ,N,1,0,0,3,0,3,3,3,N,N,40 02:58.560,75 08:14.719,730, ,724, ,0, ,N, ,0, , , , , ,678660, , , ,3,3,0,0,0,0,0,0,0,0,1,0,3,2,0,0,0,1,0,0,1,0,0,0,0,0,0,0,0,0,0,0,0,0,0,3,0,40.0496,-75.1374, , 
 ,60881,2012065010,6,67,67301,2012,6,7,38,0,3,1,0,5,1, , ,N,2,0,0,3,0,0,3,2,N,N,40 04:35.407,75 01:57.021,41, ,40,2,2,1,N, ,0,N, , , , ,678663, , , ,2,2,0,0,0,0,0,0,0,0,0,0,0,0,0,0,0,0,1,0,0,0,0,0,0,0,0,0,0,0,0,0,0,0,0,0,0,40.0765,-75.0325, , 
 ,60882,2012066726,6,67,67301,2012,6,2,2038,20,3,2,1,1,1, , ,N,1,2,0,3,0,1,2,2,N,N,39 57:21.085,75 11:29.255,2239, ,2042, ,0, ,N, ,3, , , , , ,678664, , , ,1,1,0,0,0,0,0,0,1,0,0,1,1,0,1,0,0,0,0,0,0,0,0,0,0,0,0,0,0,0,0,0,0,0,0,4,0,39.9558,-75.1915, , 
 ,60883,2012060726,6,67,67301,2012,5,3,1430,14,1,2,1,8,1, , ,N,0,0,0,3,0,1,2,2,N,N,39 59:46.038,75 10:17.254,1533, ,1527, ,0, ,N, ,0, , , , , ,678675, , , ,1,0,0,0,1,0,0,0,0,0,0,1,1,0,0,0,0,0,0,0,1,0,0,0,0,0,0,0,0,0,0,0,1,0,0,4,0,39.9961,-75.1715, , 
 ,60884,2012061646,6,67,67301,2012,5,1,445,4,3,1,0,1,1, , ,N,0,0,0,3,0,0,6,2,N,N,39 58:27.113,75 12:14.286,455, ,452, ,0, ,N, ,0, , , , , ,678677, , , ,2,1,0,0,0,0,0,0,0,0,0,0,0,0,0,0,0,0,0,0,1,0,0,0,0,0,0,0,0,0,0,0,0,0,0,0,0,39.9742,-75.204, , 
 ,60885,2012064686,6,67,67301,2012,5,4,1455,14,1,1,0,4,1, , ,N,1,2,0,3,0,0,2,2,N,N,39 56:04.959,75 09:08.434,1517, ,1508, ,0, ,N, ,3, , , , , ,678679, , , ,2,1,0,0,0,0,1,0,0,0,0,0,0,0,0,0,1,0,0,0,0,1,0,0,0,0,0,0,0,0,0,0,0,0,0,0,0,39.9347,-75.1523, , 
 ,60886,2012075976,6,67,67301,2012,6,2,2025,20,1,1,0,4,1, , ,N,1,3,0,3,0,1,2,2,N,N,40 00:15.058,75 09:37.789,2027, ,2025, ,0, ,N, ,3, , , , , ,678690, , , ,1,1,0,0,0,0,0,0,1,0,0,0,1,1,0,0,0,0,0,0,0,0,0,1,0,0,0,0,0,0,0,0,0,0,0,8,0,40.0042,-75.1605, , 
 ,60887,2012078543,6,67,67301,2012,7,2,1757,17,1,1,0,1,7, , ,N,1,2,0,3,0,1,4,4,N,N,39 55:17.972,75 11:24.679,1805, ,1758, ,0, ,N, ,3, , , , , ,682157, , , ,4,3,0,0,0,0,0,1,0,0,0,1,1,0,0,0,0,0,0,0,4,0,0,0,0,0,0,0,0,0,0,0,0,0,0,4,0,39.9217,-75.1902, , 
 ,60888,2012095399,6,67,67301,2012,9,2,9999,99,1,2,1,1,1, , ,N,3,2,0,3,0,1,3,2,N,N,40 05:30.716,75 02:50.638,1356, ,1356, ,0, ,N, ,3, , , , , ,682171, , , ,2,1,0,0,1,0,0,0,0,0,0,0,1,1,0,0,0,0,0,0,1,0,1,0,0,0,0,0,0,0,0,0,0,0,0,8,0,40.0919,-75.0474, , 
 ,60889,2012098190,6,67,67301,2012,9,3,1520,15,1,1,0,4,1, , ,N,2,2,0,3,0,0,2,2,N, ,39 56:51.715,75 11:55.544,1530, ,1524, ,0, , , ,3, , , , , ,682175, , , ,2,0,0,0,0,0,0,2,0,0,0,0,0,0,1,0,0,0,0,0,0,0,0,0,0,0,0,0,0,0,0,0,0,0,0,9,0,39.9477,-75.1986, , 
 ,60890,2012006688,6,67,67301,2012,1,6,1740,17,3,1,0,1,1, , ,N,0,0,0,3,0,0,5,4,N,N,40 01:26.489,75 01:53.130,1744, ,1744, ,0, ,N, ,0, , , , , ,682179, , , ,4,3,0,0,1,0,0,0,0,0,0,0,0,0,0,0,0,0,0,1,0,0,0,0,0,0,0,0,0,0,0,0,0,0,0,0,0,40.024,-75.0316, , 
 ,60891,2012048666,6,67,67301,2012,4,4,402,4,3,1,0,1,1, , ,N,0,0,0,3,0,0,1,2,N,N,39 58:57.676,75 12:28.084,406, ,404, ,0, ,N, ,0, , , , , ,682211, , , ,2,1,0,0,0,0,0,0,0,0,0,0,0,0,0,0,0,0,0,0,1,0,0,0,0,0,0,0,0,0,0,0,0,0,0,0,0,39.9827,-75.2078, , 
 ,60892,2012049767,6,67,67301,2012,4,3,2110,21,3,1,0,7,2, , ,N,0,0,0,3,0,0,5,2,N,N,40 00:57.718,75 10:33.428,2130, ,2120,1,1,2,Y, ,0,N, , , , ,682213, , , ,1,0,0,0,1,0,0,0,0,0,0,0,0,0,0,0,0,1,0,0,0,0,0,0,0,0,0,0,0,0,0,0,0,0,0,0,0,40.016,-75.176, , 
 ,60893,2012020498,6,67,67301,2012,2,4,9999,99,1,2,1,1,1, , ,N,1,2,0,3,0,0,2,2,N,N,40 01:43.859,75 06:21.744,650, ,627,2,1,1,N, ,3,N, , , , ,682240, , , ,2,1,0,0,0,0,1,0,0,0,0,0,0,0,0,0,0,0,0,0,0,0,0,0,0,0,0,0,0,0,0,0,0,0,0,0,0,40.0289,-75.106, , 
 ,60894,2012022151,6,67,67301,2012,2,6,1615,16,1,2,1,1,1, , ,N,0,0,0,3,0,0,2,2,N,N,40 00:43.772,75 10:32.361,1622, ,1622, ,0, ,N, ,0, , , , , ,682243, , , ,2,1,0,0,1,0,0,0,0,0,0,0,0,0,0,0,0,0,0,0,0,0,0,0,0,0,0,0,0,0,0,0,0,0,0,0,0,40.0122,-75.1757, , 
 ,60895,2012036826,6,67,67301,2012,3,5,2212,22,3,1,0,4,1, , ,N,1,2,0,3,0,0,2,2,N,N,40 00:35.623,75 10:00.930,2212, ,2212, ,0, , , ,3, , , , , ,682258, , , ,2,1,0,0,1,0,0,0,0,0,0,0,0,0,0,0,0,0,0,0,1,0,0,0,0,0,0,0,0,0,0,0,0,0,0,0,0,40.0098,-75.1669, , 
 ,60896,2012064681,6,67,67301,2012,5,3,717,7,1,1,0,1,1, , ,N,0,0,0,3,0,1,6,4,N,N,40 01:13.394,75 09:14.739,730, ,717,1,1,1,N, ,0,N, , , , ,682280, , , ,4,3,0,0,0,0,1,0,0,0,0,1,1,0,0,0,0,0,0,0,2,0,0,0,0,0,0,0,0,0,0,0,0,0,0,4,0,40.0204,-75.1541, , 
 ,60897,2012071181,6,46,46108,2012,7,4,1455,14,1,1,0,5,1, , ,N,0,0,0,3,0,1,3,3,N,N,40 04:19.092,75 11:13.408,1458, ,1455,1,1,1,N, ,0,Y, , , , ,682285, , , ,3,2,0,0,0,0,1,0,0,0,0,0,1,1,0,0,0,0,0,0,1,0,0,0,0,0,0,0,0,0,0,0,0,0,0,8,0,40.072,-75.1871, , 
 ,60898,2012072770,6,67,67301,2012,6,1,440,4,3,1,0,5,1, , ,N,0,0,0,3,0,0,6,2,N,N,39 57:20.550,75 10:50.239,441, ,441,1,2,4,N, ,0,N, , , , ,682287, , , ,2,2,0,0,0,0,0,0,0,0,0,0,0,0,0,0,0,0,0,0,0,0,0,0,0,0,0,0,0,0,0,0,0,0,0,0,0,39.9557,-75.1806, , 
 ,60899,2012078484,6,67,67301,2012,7,3,1538,15,1,1,0,1,6, , ,N,0,0,0,3,0,0,1,2,N,N,40 00:53.263,75 03:53.248,1544, ,1543, ,0, ,N, ,0, , , , , ,682295, , , ,2,1,0,0,0,0,0,1,0,0,0,0,0,0,0,0,0,0,0,0,0,0,0,0,0,0,0,0,0,0,0,0,0,0,0,0,0,40.0147,-75.065, , 
 ,60900,2012086628,6,67,67301,2012,6,2,1210,12,1,1,0,8,1, , ,N,0,0,0,3,0,1,2,2,N, ,40 02:03.538,75 02:19.061,1215, ,1210,3,2,3, , ,0,N, , , , ,682302, , , ,1,1,0,0,0,0,0,0,0,0,1,0,1,0,0,0,0,0,0,0,0,0,0,0,0,0,0,0,0,0,0,0,1,0,0,3,0,40.0343,-75.0386, , 
 ,60901,2012095443,6,67,67301,2012,8,3,1012,10,1,1,0,4,1, , ,N,0,0,0,3,0,1,2,2,N,N,39 59:29.290,75 08:06.126,1132, ,1123, ,0, ,N, ,0, , , , , ,682317, , , ,1,0,0,0,0,1,0,0,1,0,0,1,1,0,0,0,0,0,0,0,0,0,0,0,0,0,0,0,0,0,0,0,0,0,0,4,0,39.9915,-75.135, , 
 ,60902,2012063867,6,67,67301,2012,5,3,115,1,3,2,1,7,5, , ,N,1,0,0,3,0,0,1,1,N,N,39 54:33.377,75 10:22.671,122, ,120, ,0, ,N, ,0, , , , , ,682325, , , ,1,1,0,0,0,0,0,0,0,0,0,0,0,0,0,0,0,0,0,0,0,0,0,0,0,0,0,0,0,0,0,0,0,0,0,0,0,39.9093,-75.173, , 
 ,60903,2012060791,6,67,67301,2012,5,3,1850,18,1,2,1,5,1, , ,N,0,0,0,3,0,1,1,2,N, ,40 04:17.029,75 02:56.186,1905, ,1900, ,0, , , ,0, , , , , ,682343, , , ,2,2,0,0,0,0,0,0,0,0,1,0,1,0,0,0,0,0,0,0,0,0,0,0,0,0,0,0,0,0,0,0,0,0,0,3,0,40.0714,-75.0489, , 
 ,60904,2012068133,6,67,67301,2012,7,1,1229,12,1,1,0,5,1, , ,N,0,0,0,3,0,1,5,2,N,N,40 01:46.077,75 01:19.964,1236, ,1233, ,0, ,N, ,0, , , , , ,682352, , , ,2,2,0,0,0,0,0,0,0,0,0,1,1,0,0,0,0,0,0,0,1,0,0,0,0,0,0,0,0,0,0,0,0,0,0,4,0,40.0293,-75.0224, , 
 ,60905,2012068793,6,67,67301,2012,5,3,2158,21,3,2,1,8,1, , ,N,1,2,0,3,0,1,2,2,N,N,39 57:39.668,75 13:58.310,52, ,48, ,0, ,N, ,3, , , , , ,682354, , , ,1,1,0,0,0,0,0,0,0,0,0,1,1,0,0,0,0,0,0,0,0,0,0,0,0,0,0,0,0,0,0,0,1,0,0,4,0,39.9609,-75.2329, , 
 ,60906,2012020449,6,67,67301,2012,1,7,2336,23,3,3,6,4,1, , ,N,2,2,0,3,0,1,3,2,N,N,40 03:47.944,74 59:07.865,2340, ,2337,1,2,1,N, ,3,Y, , , , ,671204, , , ,2,1,0,0,0,0,1,0,0,0,0,0,1,1,0,0,0,0,0,1,0,0,0,0,0,0,0,0,0,0,0,0,0,0,0,8,0,40.0633,-74.9855, , 
 ,60907,2012059628,6,67,67301,2012,6,4,1153,11,1,1,0,1,1, , ,N,0,0,0,3,0,1,2,2,N,N,40 02:09.508,75 01:00.438,1213, ,1153,1,1,2,N, ,0,N, , , , ,671248, , , ,2,2,0,0,0,0,0,0,0,0,0,1,1,0,0,0,0,0,0,0,0,0,0,0,0,0,0,0,0,0,0,0,0,0,0,4,0,40.036,-75.0168, , 
 ,60908,2012068775,6,67,67301,2012,6,1,1606,16,1,1,0,8,1, , ,N,5,3,0,3,0,1,2,2,N, ,39 57:52.149,75 10:57.115,1630, ,1613, ,0, , , ,3, , , , , ,671260, , , ,1,0,0,0,0,0,1,0,0,0,0,1,1,0,0,0,0,0,0,0,0,0,0,0,0,0,0,0,0,0,0,0,1,0,0,4,0,39.9645,-75.1825, , 
 ,60909,2012080294,6,67,67301,2012,8,2,1235,12,1,1,0,1,1, , ,N,0,0,0,3,0,2,3,3,N,N,40 00:55.587,75 03:11.346,1247, ,1236,1,1,1,N, ,0,N, , , , ,671275, , , ,3,1,0,0,0,0,1,1,0,0,0,2,2,0,0,0,0,0,0,0,1,0,0,0,0,0,0,0,0,0,0,0,0,0,0,4,0,40.0154,-75.0533, , 
 ,60910,2012083224,6,67,67301,2012,7,5,836,8,2,1,0,5,1, , ,N,0,0,0,3,0,1,4,4,N,N,39 59:30.536,75 08:18.588,845, ,836, ,0, ,N, ,0, , , , , ,671277, , , ,4,4,0,0,0,0,0,0,0,0,0,0,1,1,3,0,0,0,0,0,0,0,0,0,0,0,0,0,0,0,0,0,0,0,0,8,0,39.9918,-75.1385, , 
 ,60911,2012012415,6,67,67301,2012,1,5,1945,19,3,2,1,7,4, , ,N,0,0,0,3,0,1,3,1,N,N,39 56:44.739,75 11:24.294,2003, ,1948, ,0, ,N, ,0, , , , , ,671297, , , ,1,1,0,0,0,0,0,0,0,0,0,0,1,1,0,0,0,0,0,0,0,0,0,0,0,0,0,0,0,0,0,0,0,0,0,8,0,39.9458,-75.1901, , 
 ,60912,2012015456,6,67,67301,2012,1,4,1224,12,1,1,0,8,1, , ,N,1,0,0,3,0,1,2,2,N, ,40 00:32.352,75 08:56.818,1244, ,1234, ,0, ,N, ,0, , , , , ,671299, , , ,1,1,0,0,0,0,0,0,0,0,0,0,1,1,1,0,0,0,0,0,0,0,0,0,0,0,0,0,0,0,0,0,1,0,0,8,0,40.009,-75.1492, , 
 ,60913,2012037006,6,67,67301,2012,3,5,1350,13,1,1,0,8,1, , ,N,1,2,0,3,0,1,2,2,N,N,39 55:09.777,75 10:14.532,1420, ,1412, ,0, ,N, ,3, , , , , ,671319, , , ,1,1,0,0,0,0,0,0,0,0,0,1,1,0,0,0,0,0,0,0,0,1,0,0,0,0,0,0,0,0,0,0,1,0,0,4,0,39.9194,-75.1707, , 
 ,60914,2012049700,6,67,67301,2012,4,1,2012,20,3,2,1,8,1, , ,N,1,2,0,3,0,1,2,2,N,N,40 05:36.611,74 58:48.599,2101, ,2057, ,0, , , ,3, , , , , ,671328, , , ,1,0,0,1,0,0,0,0,0,0,0,1,1,0,0,0,0,0,0,0,0,0,0,0,0,0,0,0,0,0,0,0,1,0,0,4,1,40.0935,-74.9802, , 
 ,60915,2012006686,6,67,67301,2012,1,5,559,5,3,2,7,4,1, , ,N,0,0,0,3,0,0,2,2,N,N,39 56:52.676,75 08:30.490,627, ,559, ,0, ,N, ,0, , , , , ,671341, , , ,2,2,0,0,0,0,0,0,0,0,0,0,0,0,0,0,0,0,0,0,0,0,0,0,0,0,0,0,0,0,0,0,0,0,0,0,0,39.9478,-75.1418, , 
 ,60916,2012010992,6,67,67301,2012,1,1,1408,14,1,1,0,7,2, , ,N,0,0,0,3,0,0,3,1,N,N,39 56:43.778,75 08:32.451,1445, ,1434, ,0, ,N, ,0, , , , , ,671349, , , ,1,1,0,0,0,0,0,0,0,0,0,0,0,0,0,0,0,0,0,0,0,0,0,0,0,0,0,0,0,0,0,0,0,0,0,0,0,39.9454,-75.1424, , 
 ,60917,2012015365,6,67,67301,2012,1,6,1045,10,1,1,0,4,1, , ,N,1,3,0,3,0,1,2,2,N,N,39 59:42.518,75 08:20.464,1106, ,1059, ,0, , , ,3, , , , , ,671354, , , ,2,2,0,0,0,0,0,0,0,0,0,1,1,0,0,0,0,0,0,0,0,0,0,0,0,0,0,0,0,0,0,0,0,0,0,4,0,39.9951,-75.139, , 
 ,60918,2012032586,6,67,67301,2012,2,5,1210,12,1,1,0,8,1, , ,N,0,0,0,3,0,1,2,2,N,N,39 57:06.879,75 10:20.381,1230, ,1011, ,0, , , ,0, , , , , ,671369, , , ,1,1,0,0,0,0,0,0,0,0,0,0,1,1,0,0,0,0,0,0,0,0,0,0,0,0,0,0,0,0,0,0,1,0,0,8,0,39.9519,-75.1723, , 
 ,60919,2012014825,6,67,67301,2012,2,1,355,3,3,1,0,5,1, , ,N,0,0,0,3,0,0,3,2,N,N,39 57:28.693,75 09:48.072,405, ,405, ,0, ,N, ,0, , , , , ,671394, , , ,2,1,0,0,0,1,0,0,0,0,0,0,0,0,0,0,0,0,0,0,0,0,0,0,0,0,0,0,0,0,0,0,0,0,0,0,0,39.958,-75.1634, , 
 ,60920,2012036782,6,67,67301,2012,2,6,1222,12,8,9,1,4,1, , ,N,0,0,0,3,0,3,5,3,N, ,40 00:25.335,75 09:00.198,9999, ,9999,2,2,1, , ,0,Y, , , , ,671408, , , ,3,1,0,1,0,0,1,0,0,0,0,0,3,3,1,0,0,0,0,0,0,0,0,0,0,0,0,0,0,0,0,0,0,0,0,8,1,40.007,-75.1501, , 
 ,60921,2012041333,6,67,67301,2012,4,6,1442,14,1,1,0,1,1, , ,N,0,0,0,3,0,0,2,2,N,N,39 59:30.984,75 12:07.344,1452, ,1442, ,0, ,N, ,0, , , , , ,671413, , , ,2,0,0,0,0,0,2,0,0,0,0,0,0,0,0,0,0,0,0,0,0,0,0,0,0,0,0,0,0,0,0,0,0,0,0,0,0,39.9919,-75.202, , 
 ,60922,2012067086,6,67,67301,2012,5,6,1408,14,1,1,0,1,1, , ,N,2,2,0,3,0,3,5,3,N,N,39 58:57.511,75 11:18.156,1412, ,1410, ,0, , , ,3, , , , , ,671431, , , ,3,2,0,0,0,0,1,0,0,0,0,3,3,0,0,0,0,0,0,0,1,0,0,0,0,0,0,0,0,0,0,0,0,0,0,4,0,39.9828,-75.1883, , 
 ,60923,2012063904,6,67,67301,2012,5,3,842,8,1,1,1,1,1, , ,N,0,0,0,3,0,1,3,2,N,N,40 05:12.150,75 02:22.939,845, ,842, ,0, ,N, ,0, , , , , ,671448, , , ,2,1,0,0,0,0,1,0,0,0,0,1,1,0,0,0,0,0,0,0,0,0,1,0,0,0,0,0,0,0,0,0,0,0,0,4,0,40.0867,-75.0397, , 