wz_ln_closure,objectid_1,crn,district,county,municipality,crash_year,crash_month,day_of_week,time_of_day,hour_of_day,illumination,weather,road_condition,collision_type,relation_to_road,work_zone_type,work_zone_loc,work_zone_ind,intersect_type,tcd_type,location_type,urban_rural,fatal_count,injury_count,person_count,total_units,sch_bus_ind,sch_zone_ind,latitude,longitude,arrival_tm,cons_zone_spd_lim,dispatch_tm,est_hrs_closed,lane_closed,ln_close_dir,ntfy_hiwy_maint,spec_juris_cd,tcd_func_cd,tfc_detour_ind,workers_pres,wz_close_detour,wz_flagger,wz_law_offcr_ind,objectid,wz_moving,wz_other,wz_shlder_mdn,vehicle_count,automobile_count,motorcycle_count,bus_count,small_truck_count,heavy_truck_count,suv_count,van_count,bicycle_count,maj_inj_count,mod_inj_count,min_inj_count,tot_inj_count,unk_inj_deg_count,unk_inj_per_count,driver_count_16yr,driver_count_17yr,driver_count_18yr,driver_count_19yr,driver_count_20yr,driver_count_50_64yr,driver_count_65_74yr,driver_count_75plus,unbelted_occ_count,unb_death_count,unb_maj_inj_count,belted_death_count,belted_maj_inj_count,mcycle_death_count,mcycle_maj_inj_count,bicycle_death_count,bicycle_maj_inj_count,ped_count,ped_death_count,ped_maj_inj_count,max_severity_level,comm_veh_count,dec_lat,dec_long,rdwy_surf_type_cd,county_name
 ,60924,2012015350,6,67,67301,2012,1,3,1355,13,1,1,0,8,1, , ,N,1,2,0,3,0,1,2,2,N,N,39 59:20.627,75 05:22.626,1536, ,1526, ,0, ,N, ,3, , , , , ,674960, , , ,1,0,0,0,0,0,1,0,0,0,0,1,1,0,0,0,0,0,0,0,0,0,0,0,0,0,0,0,0,0,0,0,1,0,0,4,0,39.9891,-75.0896, , 
 ,60925,2012026853,6,67,67301,2012,2,2,1342,13,1,1,0,1,1, , ,N,0,0,0,3,0,1,5,2,N,N,40 00:32.632,75 04:05.823,1410, ,1400,1,1,2,N, ,0,N, , , , ,675010, , , ,2,1,0,0,1,0,0,0,0,0,0,0,1,1,1,0,0,0,0,0,0,0,0,0,0,0,0,0,0,0,0,0,0,0,0,8,0,40.0091,-75.0682, , 
 ,60926,2012037421,6,67,67301,2012,3,4,1425,14,1,1,0,4,2, , ,N,0,0,0,3,0,1,1,5,N, ,40 04:09.321,75 02:07.278,1435, ,1422, ,0, , , ,0, , , , , ,675020, , , ,5,3,0,0,1,0,0,1,0,0,0,0,1,1,0,0,0,0,0,0,1,0,0,0,0,0,0,0,0,0,0,0,0,0,0,8,0,40.0693,-75.0354, , 
 ,60927,2012042582,6,67,67301,2012,3,6,9999,99,1,1,0,4,1, , ,N,1,2,0,3,0,1,2,2,N,N,39 57:18.079,75 10:04.799,1245, ,1244, ,0, ,N, ,3, , , , , ,675026, , , ,2,0,1,0,0,0,0,1,0,0,1,0,1,0,0,0,0,0,0,0,0,0,0,0,0,0,0,0,0,0,0,0,0,0,0,3,0,39.955,-75.168, , 
 ,60928,2012051936,6,67,67301,2012,4,1,1235,12,1,2,1,7,5, , ,N,0,2,0,3,0,2,3,1,N, ,40 04:59.260,75 13:16.896,1255, ,1245,1,1,1, , ,3,N, , , , ,675036, , , ,1,1,0,0,0,0,0,0,0,0,0,0,2,2,0,0,0,0,0,0,0,0,0,0,0,0,0,0,0,0,0,0,0,0,0,8,0,40.0831,-75.2214, , 
 ,60929,2012011138,6,67,67301,2012,1,4,1559,15,1,1,0,1,1, , ,N,0,0,0,3,0,1,3,2,N,N,39 58:01.256,75 08:02.991,1635, ,1611, ,0, ,N, ,0, , , , , ,675047, , , ,2,2,0,0,0,0,0,0,0,0,0,0,1,1,1,0,0,0,0,0,0,0,0,0,0,0,0,0,0,0,0,0,0,0,0,8,0,39.9671,-75.134, , 
 ,60930,2012015498,6,67,67301,2012,1,7,240,2,3,1,0,4,6, , ,N,0,0,0,3,0,0,1,2,N,N,40 00:50.522,75 10:40.126,306, ,303, ,0, ,N, ,0, , , , , ,675051, , , ,2,2,0,0,0,0,0,0,0,0,0,0,0,0,1,0,0,0,0,0,0,0,0,0,0,0,0,0,0,0,0,0,0,0,0,9,0,40.014,-75.1778, , 
 ,60931,2012027751,6,67,67301,2012,2,6,9999,99,3,1,0,7,4, , ,N,0,0,0,3,0,0,1,1,N,N,39 57:36.800,75 09:54.861,234, ,234, ,0, ,N, ,0, , , , , ,675068, , , ,1,0,0,0,1,0,0,0,0,0,0,0,0,0,1,0,0,0,0,0,0,0,0,0,0,0,0,0,0,0,0,0,0,0,0,9,0,39.9602,-75.1652, , 
 ,60932,2012047201,6,67,67301,2012,4,3,2140,21,2,1,0,8,1, , ,N,1,3,0,3,0,1,2,2,N,N,39 57:21.643,75 12:41.414,2210, ,2200, ,0, , , ,3, , , , , ,675083, , , ,1,0,0,0,0,0,1,0,0,0,0,1,1,0,0,0,0,0,0,0,1,0,0,0,0,0,0,0,0,0,0,0,1,0,0,4,0,39.956,-75.2115, , 
 ,60933,2012034749,6,67,67301,2012,2,4,1454,14,1,2,1,4,1, , ,N,2,0,0,3,0,1,2,2,N, ,40 02:19.753,75 04:40.977,1635, ,1633,2,2,1, , ,0,N, , , , ,675112, , , ,2,2,0,0,0,0,0,0,0,0,0,1,1,0,0,0,0,0,0,0,1,0,0,0,0,0,0,0,0,0,0,0,0,0,0,4,0,40.0388,-75.078, , 
 ,60934,2012042577,6,67,67301,2012,3,7,52,0,3,1,0,1,1, , ,N,1,2,0,3,0,0,2,2,N, ,40 00:16.549,75 10:36.938,53, ,53, ,0, , , ,3, , , , , ,675122, , , ,2,2,0,0,0,0,0,0,0,0,0,0,0,0,0,0,0,0,0,0,1,0,0,0,0,0,0,0,0,0,0,0,0,0,0,0,0,40.0047,-75.1769, , 
 ,60935,2012052395,6,67,67301,2012,5,5,1737,17,1,1,0,1,1, , ,N,0,0,0,3,0,0,2,2,N,N,39 56:07.406,75 11:59.503,1807, ,1741,2,2,3,N, ,0,N, , , , ,675133, , , ,2,2,0,0,0,0,0,0,0,0,0,0,0,0,0,0,0,0,0,0,0,0,0,0,0,0,0,0,0,0,0,0,0,0,0,0,0,39.9339,-75.2, , 
 ,60936,2012055797,6,67,67301,2012,5,1,1418,14,1,1,0,7,4, , ,N,0,0,0,3,0,0,3,2,N,N,40 03:18.742,74 59:04.053,1631, ,1621,2,2,1,N, ,0,N, , , , ,675136, , , ,2,2,0,0,0,0,0,0,0,0,0,0,0,0,0,0,0,0,0,0,0,0,0,0,0,0,0,0,0,0,0,0,0,0,0,0,0,40.0551,-74.9845, , 
 ,60937,2012117258,6,67,67301,2012,10,3,5,0,3,2,1,7,1, , ,N,0,0,0,3,0,0,1,1,N, ,39 58:02.697,75 09:37.377,12, ,10, ,0, , , ,0, , , , , ,675184, , , ,1,1,0,0,0,0,0,0,0,0,0,0,0,0,0,0,0,0,0,0,1,0,0,0,0,0,0,0,0,0,0,0,0,0,0,0,0,39.9674,-75.1604, , 
 ,60938,2012017866,6,67,67301,2012,1,4,1430,14,1,1,0,5,1, , ,N,0,0,0,3,0,1,3,2,N,Y,40 02:55.356,75 01:26.990,9999, ,1400, ,0, ,N, ,0, , , , , ,675199, , , ,2,2,0,0,0,0,0,0,0,0,0,1,1,0,0,0,0,0,0,0,1,0,0,2,0,0,0,0,0,0,0,0,0,0,0,4,0,40.0487,-75.0242, , 
 ,60939,2012038261,6,67,67301,2012,4,3,1818,18,1,1,0,4,1, , ,N,0,0,2,3,0,0,2,2,N,N,39 57:24.103,75 08:37.940,1835, ,1820,2,1,3,N, ,0,N, , , , ,675214, , , ,2,1,0,0,0,0,1,0,0,0,0,0,0,0,1,0,0,0,0,0,0,0,0,0,0,0,0,0,0,0,0,0,0,0,0,9,0,39.9567,-75.1439, , 
 ,60940,2012046113,6,67,67301,2012,4,4,1531,15,1,1,0,4,1, , ,N,0,0,0,3,0,1,4,4,N,N,40 01:41.317,75 01:26.294,1548, ,1535,1,1,2,N, ,0,N, , , , ,675217, , , ,4,4,0,0,0,0,0,0,0,0,0,1,1,0,0,0,0,0,0,0,0,0,0,0,0,0,0,0,0,0,0,0,0,0,0,4,0,40.0282,-75.0239, , 
 ,60941,2012048071,6,67,67301,2012,4,2,1930,19,4,1,0,4,1, , ,N,0,0,0,3,0,1,4,2,N,N,39 55:25.377,75 13:52.807,1935, ,1931, ,0, , , ,0, , , , , ,675219, , , ,2,2,0,0,0,0,0,0,0,0,0,1,1,0,0,0,0,1,0,0,0,0,0,1,0,0,0,0,0,0,0,0,0,0,0,4,0,39.9237,-75.2313, , 
 ,60942,2012048294,6,67,67301,2012,4,5,1005,10,1,1,0,4,1, , ,N,0,0,0,3,0,2,3,2,N, ,40 00:11.492,75 10:57.297,1025, ,1016,2,1,1, , ,0,N, , , , ,675220, , , ,2,1,0,0,0,0,1,0,0,0,0,2,2,0,0,0,0,0,0,0,0,0,0,0,0,0,0,0,0,0,0,0,0,0,0,4,0,40.0032,-75.1826, , 
 ,60943,2012078414,6,67,67301,2012,7,5,1340,13,1,1,0,8,1, , ,N,2,2,0,3,0,1,2,2,N,N,39 57:40.266,75 14:49.451,1400, ,1340, ,0, ,N, ,3, , , , , ,678694, , , ,1,1,0,0,0,0,0,0,0,0,0,1,1,0,0,0,0,0,0,0,0,0,0,0,0,0,0,0,0,0,0,0,1,0,0,4,0,39.9612,-75.2471, , 
 ,60944,2012078624,6,67,67301,2012,7,4,630,6,1,1,0,4,1, , ,N,1,2,0,3,0,1,6,2,N,N,40 02:02.361,75 04:27.863,634, ,633,1,1,1,N, ,3,N, , , , ,678695, , , ,2,1,0,0,1,0,0,0,0,0,0,0,1,1,0,0,0,0,0,0,0,0,0,0,0,0,0,0,0,0,0,0,0,0,0,8,0,40.034,-75.0744, , 
 ,60945,2012078293,6,67,67301,2012,7,7,2340,23,3,1,0,1,1, , ,N,1,2,0,3,0,2,4,2,N, ,40 01:40.946,75 06:36.204,2350, ,2343, ,0, , , ,3, , , , , ,678737, , , ,2,0,0,0,0,0,2,0,0,0,0,2,2,0,0,0,0,0,0,0,0,0,0,0,0,0,0,0,0,0,0,0,0,0,0,4,0,40.028,-75.1101, , 
 ,60946,2012078550,6,67,67301,2012,6,6,55,0,3,1,0,5,1, , ,N,0,0,0,3,0,1,2,2,N,N,39 56:30.156,75 09:00.046,109, ,107, ,0, ,N, ,0, , , , , ,678738, , , ,1,0,0,0,1,0,0,0,1,0,1,0,1,0,0,0,0,0,0,0,0,0,0,0,0,0,0,0,0,0,0,0,0,0,0,3,0,39.9417,-75.15, , 
 ,60947,2012085813,6,67,67301,2012,8,4,1640,16,1,1,0,1,1, , ,N,1,2,0,3,0,1,2,2,N,N,39 59:33.982,75 08:57.598,1654, ,1640, ,0, ,N, ,3, , , , , ,678743, , , ,2,2,0,0,0,0,0,0,0,0,0,1,1,0,0,0,1,0,0,0,0,0,0,2,0,0,0,0,0,0,0,0,0,0,0,4,0,39.9928,-75.1493, , 
 ,60948,2012089811,6,67,67301,2012,8,7,2234,22,3,2,1,4,1, , ,N,1,3,0,3,0,2,8,2,N,N,40 00:30.528,75 06:31.319,2330, ,2234, ,0, ,N, ,3, , , , , ,678746, , , ,1,1,0,0,0,0,0,0,0,0,0,4,4,0,0,0,0,0,0,0,0,0,0,0,0,0,0,0,0,0,0,0,0,0,0,4,0,40.0085,-75.1087, , 
 ,60949,2012020389,6,67,67301,2012,1,3,1345,13,1,1,0,1,1, , ,N,2,0,0,3,0,1,3,3,N, ,39 54:57.347,75 14:42.963,1400, ,1355, ,0, , , ,0, , , , , ,678779, , , ,3,1,1,0,0,0,0,0,0,0,0,1,1,0,1,0,0,0,0,0,0,0,0,1,0,0,0,0,0,0,0,0,0,0,0,4,0,39.9159,-75.2453, , 
 ,60950,2012026235,6,67,67301,2012,2,6,1216,12,1,1,0,4,1, , ,N,1,2,0,3,0,2,4,2,N,N,40 01:53.298,75 05:04.464,1224, ,1218,1,1,1,N, ,3,N, , , , ,678783, , , ,2,0,0,0,0,0,0,2,0,0,0,2,2,0,0,0,0,0,0,0,0,0,0,0,0,0,0,0,0,0,0,0,0,0,0,4,0,40.0314,-75.0847, , 
 ,60951,2012037406,6,67,67301,2012,3,4,2200,22,3,1,0,4,1, , ,N,2,2,0,3,0,1,3,2,N,N,39 58:25.156,75 12:32.179,2350, ,2332, ,0, ,N, ,3, , , , , ,678792, , , ,2,1,0,0,0,0,1,0,0,0,0,0,1,1,0,0,0,0,1,0,1,0,0,0,0,0,0,0,0,0,0,0,0,0,0,8,0,39.9736,-75.2089, , 
 ,60952,2012048263,6,67,67301,2012,3,7,1020,10,1,2,1,7,5, , ,N,0,0,0,3,0,0,1,1,N,N,40 03:51.976,75 03:21.157,1030, ,1025, ,0, ,N, ,0, , , , , ,678801, , , ,1,1,0,0,0,0,0,0,0,0,0,0,0,0,0,0,0,0,0,1,0,0,0,0,0,0,0,0,0,0,0,0,0,0,0,0,0,40.0644,-75.0559, , 
 ,60953,2012051713,6,67,67301,2012,5,3,116,1,3,1,0,7,3, , ,N,0,0,0,3,0,0,2,2,N,N,39 58:34.118,75 11:44.110,137, ,128, ,0, ,N, ,0, , , , , ,678805, , , ,2,1,0,0,1,0,0,0,0,0,0,0,0,0,0,0,0,0,0,0,0,0,0,0,0,0,0,0,0,0,0,0,0,0,0,0,1,39.9761,-75.1956, , 
 ,60954,2012049794,6,67,67301,2012,4,3,725,7,1,1,0,4,1, , ,N,2,0,0,3,0,0,2,2,N,N,40 02:55.168,75 01:30.165,740, ,732, ,0, ,N, ,0, , , , , ,678810, , , ,2,1,0,0,0,0,1,0,0,0,0,0,0,0,0,0,1,1,0,0,0,0,0,0,0,0,0,0,0,0,0,0,0,0,0,0,0,40.0487,-75.025, , 
 ,60955,2012049811,6,67,67301,2012,4,6,1525,15,1,1,0,8,1, , ,N,0,0,0,3,0,1,3,2,N, ,39 56:25.800,75 13:00.490,1538, ,1534,3,1,2, , ,0,Y, , , , ,678811, , , ,1,1,0,0,0,0,0,0,0,1,0,0,1,0,0,0,0,0,0,0,0,0,0,0,0,0,0,0,0,0,0,0,1,0,1,2,0,39.9405,-75.2168, , 
U,60956,2012098267,6,67,67301,2012,8,4,1826,18,1,1,0,8,1,8,8,Y,2,2,0,3,0,1,3,2,N,N,39 56:50.359,75 10:45.526,1834,99,1826, ,0, ,N, ,3, ,U,U,U,U,678835,U,U,U,1,1,0,0,0,0,0,0,0,0,0,0,1,1,0,0,0,0,0,0,1,0,0,0,0,0,0,0,0,0,0,0,1,0,0,8,0,39.9473,-75.1793, , 
 ,60957,2012041568,6,46,46104,2012,3,7,1624,16,1,1,0,1,1, , ,N,0,0,0,3,0,1,2,2,N, ,39 58:43.130,75 16:21.479,1640, ,1635, ,0, , , ,0, , , , , ,678877, , , ,1,0,0,0,1,0,0,0,1,0,0,0,1,1,0,0,0,0,0,0,0,0,0,0,0,0,0,0,0,0,0,0,0,0,0,8,0,39.9786,-75.2726, , 
 ,60958,2012042145,6,67,67301,2012,3,1,505,5,3,1,0,4,1, , ,N,1,3,0,3,0,2,2,2,N, ,40 00:17.118,75 08:28.237,515, ,513, ,0, , , ,3, , , , , ,678878, , , ,2,1,0,0,0,0,1,0,0,2,0,0,2,0,0,0,0,0,0,0,0,0,0,0,0,0,0,0,0,0,0,0,0,0,0,2,0,40.0048,-75.1412, , 
U,60959,2012042158,6,67,67301,2012,3,6,9999,99,3,1,0,5,2,1,4,Y,0,0,0,3,0,0,1,2,N,N,39 58:47.305,75 06:44.807,126,99,125,9,1,1,N, ,0,N,U,U,U,N,678879,U,U,Y,2,1,0,0,0,0,0,0,0,0,0,0,0,0,1,0,0,0,0,0,0,0,0,0,0,0,0,0,0,0,0,0,0,0,0,9,0,39.9798,-75.1124, , 
 ,60960,2012047156,6,67,67301,2012,4,7,755,7,1,1,0,4,1, , ,N,0,0,7,3,0,0,2,2,N,N,39 59:34.530,75 11:36.708,805, ,800, ,0, ,N, ,0, , , , , ,678882, , , ,2,1,0,0,0,0,0,1,0,0,0,0,0,0,0,0,0,0,0,0,0,0,0,0,0,0,0,0,0,0,0,0,0,0,0,0,0,39.9929,-75.1935, , 
 ,60961,2012015369,6,67,67301,2012,1,5,1815,18,3,6,1,4,1, , ,N,1,2,0,3,0,4,4,2,N,N,40 06:46.663,75 01:22.836,1826, ,1824,1,2,7,N, ,3,N, , , , ,683540, , , ,2,1,0,0,0,0,1,0,0,0,0,0,4,4,0,0,0,1,0,0,0,0,0,0,0,0,0,0,0,0,0,0,0,0,0,8,0,40.113,-75.023, , 
 ,60962,2012034793,6,67,67301,2012,3,7,351,3,3,2,1,5,2, , ,N,0,0,0,3,0,0,2,5,N,N,40 00:53.332,75 04:07.423,354, ,351, ,0, ,N, ,0, , , , , ,683600, , , ,5,2,0,0,1,0,2,0,0,0,0,0,0,0,0,0,0,0,0,0,0,0,0,0,0,0,0,0,0,0,0,0,0,0,0,0,0,40.0148,-75.0687, , 
 ,60963,2012035411,6,67,67301,2012,3,2,1630,16,1,1,0,4,1, , ,N,1,3,0,3,0,1,2,2,N, ,39 58:02.474,75 09:11.786,1700, ,1657, ,0, , , ,3, , , , , ,683601, , , ,2,2,0,0,0,0,0,0,0,0,0,1,1,0,0,0,0,0,0,0,0,0,1,0,0,0,0,0,0,0,0,0,0,0,0,4,0,39.9674,-75.1533, , 
 ,60964,2012041716,6,67,67301,2012,3,4,2108,21,3,1,0,3,1, , ,N,0,0,0,3,0,1,4,2,N,N,40 02:35.330,75 06:49.388,100, ,50, ,0, ,N, ,0, , , , , ,683610, , , ,2,1,0,0,0,0,0,1,0,0,0,0,1,1,2,0,0,0,0,0,1,0,0,0,0,0,0,0,0,0,0,0,0,0,0,8,0,40.0431,-75.1137, , 
 ,60965,2012048881,6,67,67301,2012,4,1,120,1,3,1,0,4,1, , ,N,1,2,0,3,0,1,3,3,N,N,40 02:06.421,75 04:15.407,129, ,123,2,1,2,N, ,3,N, , , , ,683616, , , ,3,2,0,0,0,0,1,0,0,0,0,1,1,0,0,0,0,0,0,0,0,0,0,0,0,0,0,0,0,0,0,0,0,0,0,4,0,40.0351,-75.0709, , 
 ,60966,2012015333,6,67,67301,2012,1,2,50,0,3,1,0,7,4, , ,N,0,0,0,3,0,1,1,1,N,N,39 58:33.310,75 12:13.980,58, ,56, ,0, ,N, ,0, , , , , ,683634, , , ,1,1,0,0,0,0,0,0,0,0,0,0,1,1,0,0,0,0,0,0,0,0,0,0,0,0,0,0,0,0,0,0,0,0,0,8,0,39.9759,-75.2039, , 
 ,60967,2012015488,6,67,67301,2012,1,2,1444,14,1,1,0,7,5, , ,N,0,2,0,3,0,1,2,1,N,N,40 00:20.368,75 06:11.750,1447, ,1445, ,0, ,N, ,3, , , , , ,683635, , , ,1,1,0,0,0,0,0,0,0,0,0,0,1,1,0,0,0,0,0,0,0,0,0,0,0,0,0,0,0,0,0,0,0,0,0,8,0,40.0057,-75.1033, , 
 ,60968,2012032543,6,67,67301,2012,2,5,956,9,1,1,0,4,1, , ,N,1,3,0,3,0,0,3,3,N,N,39 56:48.919,75 11:00.412,1002, ,958, ,0, ,N, ,3, , , , , ,683655, , , ,3,3,0,0,0,0,0,0,0,0,0,0,0,0,1,0,0,0,0,0,1,0,0,0,0,0,0,0,0,0,0,0,0,0,0,9,0,39.9469,-75.1834, , 
 ,60969,2012032569,6,67,67301,2012,1,4,1314,13,1,1,0,4,1, , ,N,1,2,0,3,0,1,2,2,N,N,40 04:07.262,75 09:24.365,1322, ,1320, ,0, ,N, ,3, , , , , ,683656, , , ,2,1,0,0,0,0,1,0,0,0,0,1,1,0,0,0,0,0,0,0,0,0,0,0,0,0,0,0,0,0,0,0,0,0,0,4,0,40.0687,-75.1568, , 
 ,60970,2012015838,6,67,67301,2012,1,7,1918,19,3,1,0,5,1, , ,N,0,0,0,3,0,1,2,2,N,N,40 02:00.308,75 06:04.003,2000, ,1959,2,1,2,N, ,0,N, , , , ,683679, , , ,2,2,0,0,0,0,0,0,0,0,0,0,1,1,1,0,0,0,0,0,0,0,0,2,0,0,0,0,0,0,0,0,0,0,0,8,0,40.0334,-75.1011, , 
 ,60971,2012034816,6,67,67301,2012,2,4,2225,22,3,2,1,8,1, , ,N,1,2,0,3,0,1,2,2,N, ,39 58:55.668,75 08:12.695,2230, ,2228, ,0, , , ,3, , , , , ,683694, , , ,1,0,0,0,0,0,1,0,0,0,0,1,1,0,0,0,0,0,0,0,0,0,0,0,0,0,0,0,0,0,0,0,1,0,0,4,0,39.9821,-75.1369, , 
 ,60972,2012034820,6,67,67301,2012,3,6,1916,19,3,1,1,4,1, , ,N,1,2,0,3,0,2,3,2,N,N,39 59:45.557,75 05:31.730,1948, ,1918, ,0, ,N, ,3, , , , , ,683695, , , ,2,1,0,0,0,0,1,0,0,0,1,1,2,0,0,0,0,0,0,0,1,1,0,0,0,0,0,0,0,0,0,0,0,0,0,3,0,39.9959,-75.0921, , 
 ,60973,2012063895,6,67,67301,2012,5,3,9999,99,1,1,0,4,1, , ,N,1,2,0,3,0,1,2,2,N,N,39 55:36.045,75 14:08.296,1655, ,649, ,0, ,N, ,3, , , , , ,683716, , , ,2,2,0,0,0,0,0,0,0,0,0,1,1,0,0,0,0,0,0,0,1,0,0,0,0,0,0,0,0,0,0,0,0,0,0,4,0,39.9267,-75.2356, , 
 ,60974,2012012685,6,67,67301,2012,1,6,630,6,1,1,0,1,1, , ,N,3,3,0,3,0,1,4,2,N, ,39 54:36.924,75 11:10.378,1005, ,1000, ,0, , , ,3, , , , , ,683769, , , ,2,1,0,0,1,0,0,0,0,0,0,1,1,0,0,0,0,0,0,0,0,0,0,0,0,0,0,0,0,0,0,0,0,0,0,4,0,39.9101,-75.1862, , 
 ,60975,2012066526,6,67,67301,2012,6,1,2120,21,3,2,1,8,1, , ,N,1,3,0,3,0,1,2,2,N,N,40 01:39.248,75 07:02.852,2210, ,2200, ,0, ,N, ,3, , , , , ,683776, , , ,1,0,0,0,1,0,0,0,0,0,0,1,1,0,0,0,0,0,0,0,0,0,0,0,0,0,0,0,0,0,0,0,1,0,0,4,0,40.0276,-75.1175, , 
 ,60976,2012066621,6,67,67301,2012,6,6,1248,12,1,1,0,4,1, , ,N,1,3,0,3,0,2,2,2,N, ,39 56:26.314,75 13:17.605,1248, ,1248, ,0, , , ,3, , , , , ,683777, , , ,2,2,0,0,0,0,0,0,0,0,0,2,2,0,0,0,0,0,0,0,1,0,0,0,0,0,0,0,0,0,0,0,0,0,0,4,0,39.9406,-75.2216, , 
 ,60977,2012073585,6,67,67301,2012,6,2,1428,14,1,1,0,8,2, , ,N,0,0,0,3,0,1,2,2,N,Y,40 01:41.133,75 07:22.598,1618, ,1614, ,0, ,N, ,0, , , , , ,683785, , , ,1,1,0,0,0,0,0,0,0,0,1,0,1,0,0,0,0,0,0,0,0,0,0,0,0,0,0,0,0,0,0,0,1,0,0,3,0,40.0281,-75.1229, , 
 ,60978,2012098965,6,67,67301,2012,9,3,655,6,1,2,1,1,1, , ,N,0,0,0,3,0,0,2,2,N,N,40 07:11.942,75 00:33.580,720, ,709, ,0, , , ,0, , , , , ,683811, , , ,2,1,0,0,1,0,0,0,0,0,0,0,0,0,0,0,0,0,0,0,1,0,0,0,0,0,0,0,0,0,0,0,0,0,0,0,0,40.12,-75.0093, , 
 ,60979,2012078269,6,67,67301,2012,7,2,1730,17,1,1,0,2,2, , ,N,0,0,7,3,0,1,1,2,N, ,40 01:10.371,75 09:47.948,1740, ,1735, ,0, , , ,0, , , , , ,671457, , , ,2,0,1,0,0,1,0,0,0,0,1,0,1,0,0,0,0,0,0,0,0,0,0,0,0,0,0,0,0,0,0,0,0,0,0,3,0,40.0195,-75.1633, , 
 ,60980,2012078374,6,67,67301,2012,6,3,1610,16,1,1,0,4,1, , ,N,2,2,7,3,0,0,4,2,N,N,39 58:09.618,75 11:04.615,1612, ,1610,1,1,2,N, ,3,N, , , , ,671458, , , ,2,0,0,0,0,0,2,0,0,0,0,0,0,0,0,0,0,0,0,0,1,1,0,0,0,0,0,0,0,0,0,0,0,0,0,0,0,39.9693,-75.1846, , 
 ,60981,2012078567,6,67,67301,2012,6,4,2025,20,3,1,0,8,1, , ,N,2,2,0,3,0,1,2,2,N,N,40 03:47.944,74 59:07.865,2045, ,2030, ,0, ,N, ,3, , , , , ,671459, , , ,1,0,0,0,0,0,1,0,0,0,1,0,1,0,0,0,0,0,0,0,0,0,0,0,0,0,0,0,0,0,0,0,1,0,0,3,0,40.0633,-74.9855, , 
 ,60982,2012091466,6,67,67301,2012,9,4,1807,18,1,1,0,7,2, , ,N,7,0,2,3,0,0,1,1,N,N,39 53:33.753,75 14:01.602,1825, ,1808, ,0, ,N, ,0, , , , , ,671475, , , ,1,1,0,0,0,0,0,0,0,0,0,0,0,0,0,0,0,0,0,0,0,0,0,0,0,0,0,0,0,0,0,0,0,0,0,0,0,39.8927,-75.2338, , 
 ,60983,2012015349,6,67,67301,2012,1,2,1200,12,1,1,0,8,1, , ,N,0,0,0,3,0,1,2,2,N,N,39 58:58.957,75 06:16.807,1210, ,1206, ,0, ,N, ,0, , , , , ,671495, , , ,1,1,0,0,0,0,0,0,0,0,0,1,1,0,1,0,0,0,0,0,0,0,0,0,0,0,0,0,0,0,0,0,1,0,0,4,0,39.983,-75.1047, , 
 ,60984,2012027733,6,67,67301,2012,2,6,1130,11,1,2,0,5,6, , ,N,0,0,0,3,0,1,3,2,N, ,39 55:14.282,75 12:51.508,1255, ,1253, ,0, , , ,0, , , , , ,671504, , , ,2,1,0,0,0,0,1,0,0,0,0,0,1,1,0,0,0,0,0,0,0,0,0,0,0,0,0,0,0,0,0,0,0,0,0,8,0,39.9206,-75.2143, , 
 ,60985,2012041514,6,67,67301,2012,3,2,708,7,1,1,0,4,1, , ,N,1,2,0,3,0,0,2,2,N, ,40 02:02.739,75 12:57.251,711, ,709, ,0, , , ,3, , , , , ,671517, , , ,2,1,0,0,0,0,1,0,0,0,0,0,0,0,0,0,0,0,0,0,0,0,0,0,0,0,0,0,0,0,0,0,0,0,0,0,0,40.0341,-75.2159, , 
 ,60986,2012005185,6,67,67301,2012,1,6,156,1,3,2,1,7,5, , ,N,2,3,0,3,0,0,1,1,N,N,40 04:54.656,75 10:45.116,159, ,156, ,0, ,N, ,3, , , , , ,671534, , , ,1,1,0,0,0,0,0,0,0,0,0,0,0,0,0,0,0,0,0,0,0,0,0,0,0,0,0,0,0,0,0,0,0,0,0,0,0,40.0818,-75.1792, , 
 ,60987,2012047190,6,67,67301,2012,4,4,9999,99,3,1,0,8,1, , ,N,1,2,0,3,0,1,2,2,N, ,39 54:53.920,75 14:15.385,2225, ,2222, ,0, , , ,3, , , , , ,671563, , , ,1,0,0,0,0,0,0,0,0,0,0,1,1,0,0,0,0,0,0,0,0,0,0,0,0,0,0,0,0,0,0,0,1,0,0,4,0,39.915,-75.2376, , 
 ,60988,2012042143,6,67,67301,2012,3,7,206,2,3,1,0,1,1, , ,N,0,0,0,3,0,1,4,3,N, ,40 00:03.993,75 06:52.235,1233, ,1233,2,2,1, , ,0,Y, , , , ,671598, , , ,3,0,0,0,1,0,2,0,0,0,0,1,1,0,0,0,0,0,0,0,1,0,0,4,0,0,0,0,0,0,0,0,0,0,0,4,0,40.0011,-75.1145, , 
 ,60989,2012048162,6,67,67301,2012,4,2,428,4,3,1,0,7,3, , ,N,0,2,6,3,0,1,1,2,N,N,40 05:21.079,75 01:15.622,430, ,428,2,1,2,Y, ,3,N, , , , ,671607, , , ,1,0,0,0,1,0,0,0,0,0,0,1,1,0,0,0,0,0,0,0,0,0,0,0,0,0,0,0,0,0,0,0,0,0,0,4,0,40.089,-75.0209, , 