wz_ln_closure,objectid_1,crn,district,county,municipality,crash_year,crash_month,day_of_week,time_of_day,hour_of_day,illumination,weather,road_condition,collision_type,relation_to_road,work_zone_type,work_zone_loc,work_zone_ind,intersect_type,tcd_type,location_type,urban_rural,fatal_count,injury_count,person_count,total_units,sch_bus_ind,sch_zone_ind,latitude,longitude,arrival_tm,cons_zone_spd_lim,dispatch_tm,est_hrs_closed,lane_closed,ln_close_dir,ntfy_hiwy_maint,spec_juris_cd,tcd_func_cd,tfc_detour_ind,workers_pres,wz_close_detour,wz_flagger,wz_law_offcr_ind,objectid,wz_moving,wz_other,wz_shlder_mdn,vehicle_count,automobile_count,motorcycle_count,bus_count,small_truck_count,heavy_truck_count,suv_count,van_count,bicycle_count,maj_inj_count,mod_inj_count,min_inj_count,tot_inj_count,unk_inj_deg_count,unk_inj_per_count,driver_count_16yr,driver_count_17yr,driver_count_18yr,driver_count_19yr,driver_count_20yr,driver_count_50_64yr,driver_count_65_74yr,driver_count_75plus,unbelted_occ_count,unb_death_count,unb_maj_inj_count,belted_death_count,belted_maj_inj_count,mcycle_death_count,mcycle_maj_inj_count,bicycle_death_count,bicycle_maj_inj_count,ped_count,ped_death_count,ped_maj_inj_count,max_severity_level,comm_veh_count,dec_lat,dec_long,rdwy_surf_type_cd,county_name
 ,60990,2012015444,6,67,67301,2012,1,4,1035,10,1,1,0,6,1, , ,N,2,3,0,3,0,0,2,2,N,N,40 00:37.818,75 06:45.046,1102, ,1101, ,0, , , ,3, , , , , ,671632, , , ,2,2,0,0,0,0,0,0,0,0,0,0,0,0,1,0,0,0,0,0,0,0,0,0,0,0,0,0,0,0,0,0,0,0,0,9,0,40.0105,-75.1125, , 
 ,60991,2012027475,6,67,67301,2012,3,6,2256,22,3,1,0,7,3, , ,N,0,0,0,3,0,0,1,1,N,N,39 59:29.562,75 12:10.231,2303, ,2258,1,2,3,Y, ,0,N, , , , ,671642, , , ,1,1,0,0,0,0,0,0,0,0,0,0,0,0,0,0,0,0,0,0,1,0,0,0,0,0,0,0,0,0,0,0,0,0,0,0,0,39.9915,-75.2028, , 
 ,60992,2012042242,6,67,67301,2012,3,7,240,2,3,1,0,4,6, , ,N,0,0,0,3,0,0,2,4,N,N,40 04:31.792,75 10:33.438,252, ,247, ,0, ,N, ,0, , , , , ,671654, , , ,4,3,0,0,0,0,1,0,0,0,0,0,0,0,0,0,0,0,0,0,0,0,0,0,0,0,0,0,0,0,0,0,0,0,0,0,0,40.0755,-75.176, , 
 ,60993,2012048087,6,67,67301,2012,4,1,1352,13,1,1,0,1,1, , ,N,1,2,0,3,0,5,9,3,N,N,39 55:29.143,75 14:08.116,1354, ,1354,1,1,4,N, ,3,N, , , , ,671662, , , ,3,1,0,0,0,0,1,1,0,0,0,5,5,0,0,0,0,0,0,0,2,0,0,0,0,0,0,0,0,0,0,0,0,0,0,4,0,39.9248,-75.2356, , 
 ,60994,2012048154,6,67,67301,2012,4,3,1455,14,1,1,0,4,1, , ,N,1,0,0,3,0,1,2,2,N,N,40 02:38.199,75 00:34.460,1525, ,1515, ,0, ,N, ,0, , , , , ,671663, , , ,2,2,0,0,0,0,0,0,0,0,0,1,1,0,0,0,0,1,0,0,0,0,0,0,0,0,0,0,0,0,0,0,0,0,0,4,0,40.0439,-75.0096, , 
 ,60995,2012049760,6,67,67301,2012,4,2,100,1,3,1,0,1,1, , ,N,1,2,0,3,0,1,3,3,N,N,39 57:21.085,75 11:29.255,107, ,106,2,1,4,N, ,3,Y, , , , ,671664, , , ,3,2,0,0,0,0,1,0,0,0,0,0,1,1,0,0,0,0,0,0,0,0,0,1,0,0,0,0,0,0,0,0,0,0,0,8,0,39.9558,-75.1915, , 
 ,60996,2012028503,6,67,67301,2012,2,3,1940,19,3,1,1,1,1, , ,N,0,0,0,3,0,1,6,2,N,N,40 00:57.215,75 07:02.250,1947, ,1945, ,0, ,N, ,0, , , , , ,671694, , , ,2,2,0,0,0,0,0,0,0,0,0,1,1,0,0,0,0,0,0,0,1,0,0,0,0,0,0,0,0,0,0,0,0,0,0,4,0,40.0159,-75.1173, , 
 ,60997,2012056535,6,67,67301,2012,5,7,525,5,5,2,1,1,2, , ,N,0,0,0,3,0,0,1,2,N,N,39 59:31.730,75 05:45.335,528, ,528,1,1,3,N, ,0,N, , , , ,675233, , , ,2,1,0,0,0,1,0,0,0,0,0,0,0,0,0,0,0,0,0,0,0,0,0,0,0,0,0,0,0,0,0,0,0,0,0,0,0,39.9921,-75.0959, , 
 ,60998,2012020505,6,67,67301,2012,2,4,1742,17,3,1,0,8,1, , ,N,1,2,0,3,0,1,2,2,N,N,40 03:19.147,75 04:24.059,1750, ,1747, ,0, ,N, ,3, , , , , ,675249, , , ,1,0,0,0,1,0,0,0,0,0,1,0,1,0,0,0,0,0,0,0,0,0,0,0,0,0,0,0,0,0,0,0,1,0,0,3,0,40.0553,-75.0733, , 
 ,60999,2012020540,6,67,67301,2012,1,5,2109,21,3,2,1,1,1, , ,N,0,2,0,3,0,2,4,2,N,N,39 57:15.647,75 12:15.688,2112, ,2110, ,0, ,N, ,3, , , , , ,675250, , , ,2,2,0,0,0,0,0,0,0,0,0,2,2,0,0,0,0,0,0,0,1,0,0,2,0,0,0,0,0,0,0,0,0,0,0,4,0,39.9543,-75.2044, , 
 ,61000,2012026259,6,67,67301,2012,2,5,857,8,1,1,1,4,1, , ,N,1,2,0,3,0,2,7,4,N, ,40 04:11.773,75 09:25.779,907, ,857, ,0, , , ,3, , , , , ,675258, , , ,4,4,0,0,0,0,0,0,0,0,1,0,2,1,0,0,0,0,0,0,0,0,0,0,0,0,0,0,0,0,0,0,0,0,0,3,0,40.0699,-75.1572, , 
 ,61001,2012041818,6,67,67301,2012,4,4,823,8,1,1,0,1,1, , ,N,0,0,2,3,0,1,4,2,N,N,39 57:25.757,75 08:44.815,838, ,829, ,0, ,N, ,0, , , , , ,675279, , , ,2,1,0,0,0,0,1,0,0,0,0,1,1,0,0,0,0,0,0,0,0,0,0,1,0,0,0,0,0,0,0,0,0,0,0,4,0,39.9572,-75.146, , 
 ,61002,2012015462,6,67,67301,2012,1,7,1205,12,1,1,0,7,5, , ,N,0,0,0,3,0,0,2,1,N,N,40 01:53.890,75 10:56.400,1225, ,1215, ,0, ,N, ,0, , , , , ,675295, , , ,1,1,0,0,0,0,0,0,0,0,0,0,0,0,0,0,0,0,0,0,0,0,0,0,0,0,0,0,0,0,0,0,0,0,0,0,0,40.0316,-75.1823, , 
 ,61003,2012047143,6,67,67301,2012,4,6,2200,22,3,1,0,1,1, , ,N,1,2,0,3,0,1,5,2,N, ,40 03:14.351,75 02:56.006,2212, ,2204,2,1,1,N, ,3,N, , , , ,675325, , , ,2,1,0,0,0,0,0,1,0,0,0,1,1,0,0,0,0,0,0,0,0,1,0,0,0,0,0,0,0,0,0,0,0,0,0,4,0,40.054,-75.0489, , 
 ,61004,2012048088,6,67,67301,2012,4,4,1536,15,1,1,0,4,1, , ,N,2,3,0,3,0,0,2,2,N, ,40 01:04.790,75 10:21.860,1547, ,1543, ,0, , , ,3, , , , , ,675327, , , ,2,1,0,0,1,0,0,0,0,0,0,0,0,0,0,0,0,0,0,0,0,0,0,0,0,0,0,0,0,0,0,0,0,0,0,0,0,40.018,-75.1727, , 
 ,61005,2012015421,6,67,67301,2012,1,6,1026,10,1,1,0,4,1, , ,N,0,0,7,3,0,2,3,2,N,N,39 58:08.508,75 15:50.176,1108, ,1048,1,1,3,N, ,0,N, , , , ,675350, , , ,2,0,0,0,0,0,2,0,0,0,1,0,2,1,0,0,0,0,0,0,0,0,0,0,0,0,0,0,0,0,0,0,0,0,0,3,0,39.969,-75.2639, , 
 ,61006,2012032595,6,67,67301,2012,2,5,645,6,1,2,1,4,1, , ,N,0,0,0,3,0,1,2,2,N,N,40 01:29.299,75 07:40.260,655, ,645,1,1,2,N, ,0,N, , , , ,675373, , , ,2,2,0,0,0,0,0,0,0,0,0,0,1,1,0,0,0,0,1,0,0,0,0,0,0,0,0,0,0,0,0,0,0,0,0,8,0,40.0248,-75.1279, , 
 ,61007,2012036757,6,67,67301,2012,3,4,1330,13,1,1,0,8,1, , ,N,0,0,0,3,0,1,2,2,N,N,39 56:50.931,75 14:24.730,1358, ,1355, ,0, ,N, ,0, , , , , ,675374, , , ,1,1,0,0,0,0,0,0,0,0,0,1,1,0,0,0,0,0,0,0,1,0,0,0,0,0,0,0,0,0,0,0,1,0,0,4,0,39.9475,-75.2402, , 
 ,61008,2012037005,6,67,67301,2012,3,1,208,2,3,1,0,8,1, , ,N,5,2,0,3,0,1,2,2,N, ,39 59:29.295,75 07:21.395,209, ,208,2,1,3, , ,3,N, , , , ,675375, , , ,1,1,0,0,0,0,0,0,0,0,0,1,1,0,0,0,0,0,0,0,0,0,0,1,0,0,0,0,0,0,0,0,1,0,0,4,0,39.9915,-75.1226, , 
 ,61009,2012115144,6,67,67301,2012,11,3,1541,15,1,1,0,5,1, , ,N,0,0,0,3,0,0,2,2,N,N,39 56:46.232,75 08:32.897,1559, ,1550, ,0, ,N, ,0, , , , , ,675410, , , ,2,1,0,0,0,1,0,0,0,0,0,0,0,0,0,0,0,0,0,0,0,0,0,0,0,0,0,0,0,0,0,0,0,0,0,0,1,39.9462,-75.1425, , 
 ,61010,2012020584,6,67,67301,2012,2,7,1125,11,1,1,0,7,5, , ,N,0,0,7,3,0,0,1,2,N, ,39 57:15.195,75 09:24.273,1135, ,1125, ,0, , , ,0, , , , , ,675448, , , ,2,1,0,0,0,0,1,0,0,0,0,0,0,0,0,0,0,0,0,0,0,0,0,0,0,0,0,0,0,0,0,0,0,0,0,0,0,39.9542,-75.1567, , 
 ,61011,2012020603,6,67,67301,2012,1,4,2120,21,3,1,0,4,1, , ,N,1,2,0,3,0,0,3,2,N,N,39 59:52.368,75 06:15.638,2120, ,2120, ,0, ,N, ,3, , , , , ,675449, , , ,2,2,0,0,0,0,0,0,0,0,0,0,0,0,2,0,0,0,0,0,2,0,0,2,0,0,0,0,0,0,0,0,0,0,0,9,0,39.9979,-75.1043, , 
 ,61012,2012022965,6,67,67301,2012,2,1,339,3,3,1,0,1,1, , ,N,0,0,0,3,0,3,3,2,N,N,39 56:20.134,75 08:36.155,346, ,342,1,1,1,N, ,0,N, , , , ,675451, , , ,2,0,0,0,0,0,2,0,0,0,0,3,3,0,0,0,0,0,0,0,0,0,0,0,0,0,0,0,0,0,0,0,0,0,0,4,0,39.9388,-75.1434, , 
 ,61013,2012032726,6,67,67301,2012,2,4,955,9,1,1,0,4,1, , ,N,1,2,0,3,0,2,2,2,N,N,40 01:47.658,75 08:45.592,1007, ,1006, ,0, ,N, ,3, , , , , ,675460, , , ,2,1,0,0,0,0,1,0,0,0,0,2,2,0,0,0,0,0,0,0,0,0,0,0,0,0,0,0,0,0,0,0,0,0,0,4,0,40.0299,-75.146, , 
 ,61014,2012048190,6,67,67301,2012,4,2,728,7,1,1,0,4,6, , ,N,0,0,0,3,0,1,1,2,N,N,40 05:27.446,75 03:19.529,731, ,728, ,0, ,N, ,0, , , , , ,675470, , , ,2,1,0,0,0,0,1,0,0,0,1,0,1,0,0,0,0,0,0,0,1,0,0,0,0,0,0,0,0,0,0,0,0,0,0,3,0,40.091,-75.0554, , 
 ,61015,2012049518,6,67,67301,2012,5,4,20,0,3,2,1,1,2, , ,N,0,0,0,3,0,1,6,2,N,N,39 55:55.247,75 12:00.061,40, ,22, ,0, ,N, ,0, , , , , ,675472, , , ,2,2,0,0,0,0,0,0,0,0,0,1,1,0,0,0,0,0,0,0,1,0,0,0,0,0,0,0,0,0,0,0,0,0,0,4,0,39.932,-75.2, , 
 ,61016,2012048278,6,67,67301,2012,4,2,1445,14,1,1,0,4,1, , ,N,0,0,0,3,0,1,3,2,N,N,40 02:34.592,75 06:15.368,1500, ,1458, ,0, ,N, ,0, , , , , ,678884, , , ,2,2,0,0,0,0,0,0,0,0,0,1,1,0,0,0,0,0,0,0,1,0,0,0,0,0,0,0,0,0,0,0,0,0,0,4,0,40.0429,-75.1043, , 
 ,61017,2012056766,6,67,67301,2012,5,7,1141,11,1,1,0,4,1, , ,N,0,0,0,3,0,3,3,3,N,N,39 59:24.104,75 15:00.670,1147, ,1143, ,0, ,N, ,0, , , , , ,678890, , , ,2,1,0,0,0,0,1,0,0,0,0,0,3,3,0,0,0,0,0,0,0,1,0,0,0,0,0,0,0,0,0,0,0,0,0,8,0,39.99,-75.2502, , 
 ,61018,2012064683,6,67,67301,2012,5,4,1130,11,1,1,0,1,1, , ,N,0,0,0,3,0,2,3,2,N,N,39 59:24.580,75 06:23.070,1152, ,1146, ,0, ,N, ,0, , , , , ,678900, , , ,2,1,0,0,0,0,0,1,0,0,0,2,2,0,0,0,0,0,0,0,1,0,0,0,0,0,0,0,0,0,0,0,0,0,0,4,0,39.9902,-75.1064, , 
 ,61019,2012063899,6,67,67301,2012,5,5,905,9,1,1,0,2,1, , ,N,1,2,0,3,0,1,2,2,N,N,39 55:26.156,75 13:19.597,911, ,909,3,2,1,N, ,3,Y, , , , ,678913, , , ,2,1,0,0,0,0,1,0,0,0,1,0,1,0,0,0,0,1,0,0,0,0,0,0,0,0,0,0,0,0,0,0,0,0,0,3,0,39.9239,-75.2221, , 
U,61020,2012067084,6,67,67301,2012,6,7,1037,10,1,1,0,5,1,8,8,Y,0,8,0,3,0,0,2,2,N,N,40 03:48.273,75 02:31.580,1043,99,1041,2,2,2,N, ,1,N,U,U,U,U,678914,U,U,U,2,1,0,0,0,0,1,0,0,0,0,0,0,0,0,0,0,0,0,1,1,0,0,0,0,0,0,0,0,0,0,0,0,0,0,0,0,40.0634,-75.0421, , 
 ,61021,2012068925,6,67,67301,2012,6,7,2148,21,3,1,0,4,1, , ,N,1,2,0,3,0,1,2,2,N,N,39 54:58.981,75 10:03.083,2153, ,2151,2,2,4,N, ,3,Y, , , , ,678917, , , ,2,2,0,0,0,0,0,0,0,0,1,0,1,0,0,0,0,0,0,0,0,0,0,0,0,0,0,0,0,0,0,0,0,0,0,3,0,39.9163,-75.1676, , 
 ,61022,2012075033,6,67,67301,2012,7,1,46,0,3,1,1,7,4, , ,N,0,0,0,3,0,2,2,1,N,N,40 03:17.675,74 59:05.065,53, ,46,2,2,7,Y, ,0,N, , , , ,678926, , , ,1,0,0,0,1,0,0,0,0,0,1,1,2,0,0,0,0,0,0,0,0,0,0,0,0,0,0,0,0,0,0,0,0,0,0,3,0,40.0548,-74.9848, , 
 ,61023,2012075966,6,67,67301,2012,6,2,2133,21,3,1,0,4,1, , ,N,1,2,0,3,0,0,3,3,N, ,40 03:42.905,75 09:47.363,2140, ,2135, ,0, , , ,3, , , , , ,678929, , , ,3,1,0,0,0,0,2,0,0,0,0,0,0,0,0,0,0,0,0,0,1,1,0,0,0,0,0,0,0,0,0,0,0,0,0,0,0,40.0619,-75.1632, , 
 ,61024,2012078411,6,67,67301,2012,7,5,50,0,3,1,0,4,1, , ,N,1,2,0,3,0,0,3,2,N,N,39 57:50.876,75 13:17.132,115, ,55, ,0, ,N, ,3, , , , , ,678931, , , ,2,2,0,0,0,0,0,0,0,0,0,0,0,0,0,0,0,0,0,0,0,0,0,0,0,0,0,0,0,0,0,0,0,0,0,0,0,39.9641,-75.2214, , 
 ,61025,2012078510,6,67,67301,2012,7,2,2041,20,3,1,0,1,1, , ,N,0,0,0,3,0,1,2,2,N,N,40 01:56.684,75 04:52.566,2045, ,2035,1,1,1,N, ,0,N, , , , ,678932, , , ,2,2,0,0,0,0,0,0,0,0,0,0,1,1,0,0,0,1,0,0,0,0,0,1,0,0,0,0,0,0,0,0,0,0,0,8,0,40.0324,-75.0813, , 
 ,61026,2012083347,6,67,67301,2012,7,3,1330,13,1,1,0,4,1, , ,N,3,3,0,3,0,1,2,2,N,N,40 03:38.772,75 08:53.422,1345, ,1340, ,0, ,N, ,3, , , , , ,678935, , , ,2,1,0,0,0,0,1,0,0,0,0,1,1,0,0,0,0,0,0,0,1,0,0,0,0,0,0,0,0,0,0,0,0,0,0,4,0,40.0608,-75.1482, , 
 ,61027,2012083424,6,67,67301,2012,7,4,2300,23,2,1,0,0,1, , ,N,0,0,0,3,0,0,1,1,N,N,39 58:14.389,75 11:23.771,2310, ,2307, ,0, ,N, ,0, , , , , ,678936, , , ,1,0,0,0,1,0,0,0,0,0,0,0,0,0,0,0,0,0,0,0,0,0,0,0,0,0,0,0,0,0,0,0,0,0,0,0,0,39.9707,-75.1899, , 
 ,61028,2012091015,6,67,67301,2012,9,4,35,0,3,1,0,7,3, , ,N,0,0,0,3,0,0,1,1,N,N,40 00:00.250,75 11:42.737,35, ,35,2,1,3,Y, ,0,N, , , , ,678940, , , ,1,1,0,0,0,0,0,0,0,0,0,0,0,0,0,0,0,0,0,0,0,0,0,0,0,0,0,0,0,0,0,0,0,0,0,0,0,40.0001,-75.1952, , 
 ,61029,2012056595,6,67,67301,2012,5,6,2347,23,3,2,1,4,1, , ,N,1,2,0,3,0,0,3,2,N,N,40 01:50.524,75 03:42.293,27, ,2, ,0, ,N, ,1, , , , , ,678954, , , ,2,1,0,0,0,0,1,0,0,0,0,0,0,0,0,0,0,0,0,0,0,0,0,0,0,0,0,0,0,0,0,0,0,0,0,0,0,40.0307,-75.0617, , 
 ,61030,2012020497,6,67,67301,2012,2,4,1715,17,3,1,0,1,1, , ,N,1,2,0,3,0,1,3,2,N, ,40 01:46.545,75 06:13.959,1720, ,1718,1,1,1,N, ,3,N, , , , ,678966, , , ,2,2,0,0,0,0,0,0,0,0,0,0,1,1,0,0,0,0,0,0,1,0,0,2,0,0,0,0,0,0,0,0,0,0,0,8,0,40.0296,-75.1039, , 
 ,61031,2012036906,6,67,67301,2012,2,2,858,8,1,1,0,1,1, , ,N,1,2,0,3,0,1,3,2,N,N,40 03:27.061,75 08:57.497,902, ,900, ,0, ,N, ,3, , , , , ,678976, , , ,2,0,0,0,0,0,1,1,0,0,0,1,1,0,0,0,0,0,0,0,1,0,0,0,0,0,0,0,0,0,0,0,0,0,0,4,0,40.0575,-75.1493, , 
 ,61032,2012049779,6,67,67301,2012,4,1,1823,18,1,1,0,4,1, , ,N,1,2,0,3,0,2,3,3,N,N,39 57:38.492,75 14:35.151,1845, ,1824, ,0, ,N, ,3, , , , , ,678991, , , ,3,3,0,0,0,0,0,0,0,0,0,0,2,2,0,0,0,0,0,0,0,0,0,0,0,0,0,0,0,0,0,0,0,0,0,8,0,39.9607,-75.243, , 
 ,61033,2012063905,6,67,67301,2012,5,7,1605,16,1,1,1,4,1, , ,N,0,0,0,3,0,3,3,4,N,N,39 59:47.468,75 08:42.939,1617, ,1611,3,2,2,N, ,0,Y, , , , ,679023, , , ,3,1,0,0,0,0,2,0,1,0,2,0,3,1,0,0,0,0,0,0,1,0,0,0,0,0,0,0,0,0,0,0,0,0,0,3,0,39.9965,-75.1453, , 
 ,61034,2012073568,6,67,67301,2012,6,1,1330,13,1,1,0,8,1, , ,N,1,0,0,3,0,1,2,2,N, ,39 59:38.875,75 10:49.115,1330, ,1330, ,0, , , ,0, , , , , ,679035, , , ,1,0,0,0,0,0,0,0,0,0,0,1,1,0,0,0,0,0,0,0,0,0,0,0,0,0,0,0,0,0,0,0,1,0,0,4,0,39.9941,-75.1803, , 
 ,61035,2012083226,6,67,67301,2012,7,7,9999,99,1,1,0,5,1, , ,N,0,0,7,3,0,1,2,2,N,N,39 58:30.401,75 07:16.920,1845, ,1841, ,0, ,N, ,0, , , , , ,682822, , , ,2,0,1,0,0,0,1,0,0,0,1,0,1,0,0,0,0,0,0,1,1,0,0,0,0,0,0,0,0,0,0,0,0,0,0,3,0,39.9756,-75.1206, , 
 ,61036,2012083250,6,67,67301,2012,7,1,1156,11,1,1,0,4,1, , ,N,1,3,0,3,0,1,2,2,N,N,39 55:44.014,75 08:48.098,1202, ,1158,1,1,2,N, ,3,Y, , , , ,682823, , , ,1,0,0,0,0,0,0,1,1,0,0,1,1,0,0,0,0,0,0,0,1,0,0,0,0,0,0,0,0,0,0,0,0,0,0,4,0,39.9289,-75.1467, , 
 ,61037,2012099386,6,67,67301,2012,9,4,1605,16,1,1,0,8,1, , ,N,1,3,0,3,0,0,2,2,N, ,39 55:05.264,75 09:38.912,1618, ,1611, ,0, , , ,3, , , , , ,682839, , , ,1,0,0,1,0,0,0,0,0,0,0,1,1,0,0,0,0,0,0,0,0,1,0,0,0,0,0,0,0,0,0,0,1,0,0,4,1,39.9181,-75.1608, , 
 ,61038,2012104047,6,67,67301,2012,10,3,1900,19,3,2,1,4,1, , ,N,1,2,0,3,0,1,2,2,N,N,39 58:43.022,75 12:49.084,1904, ,1903, ,0, ,N, ,2, , , , , ,682843, , , ,2,2,0,0,0,0,0,0,0,0,1,0,1,0,0,0,0,0,0,0,1,0,0,0,0,0,0,0,0,0,0,0,0,0,0,3,0,39.9786,-75.2136, , 
 ,61039,2012056625,6,67,67301,2012,5,5,645,6,1,1,1,4,1, , ,N,1,2,0,3,0,1,2,2,N,N,40 02:25.164,75 03:30.735,710, ,650, ,0, ,N, ,3, , , , , ,682859, , , ,2,1,0,0,0,0,0,1,0,0,0,1,1,0,0,0,0,0,0,0,1,0,0,0,0,0,0,0,0,0,0,0,0,0,0,4,0,40.0403,-75.0585, , 
 ,61040,2012066756,6,67,67301,2012,6,7,1231,12,1,1,0,5,2, , ,N,0,0,0,3,0,1,3,2,N, ,39 59:37.845,75 05:46.468,1250, ,1238, ,0, , , ,0, , , , , ,682868, , , ,2,2,0,0,0,0,0,0,0,0,0,1,1,0,0,0,0,0,0,0,0,1,0,0,0,0,0,0,0,0,0,0,0,0,0,4,0,39.9938,-75.0962, , 
 ,61041,2012078475,6,67,67301,2012,7,4,1948,19,1,1,0,4,1, , ,N,2,0,0,3,0,1,2,2,N,N,39 56:26.073,75 12:56.753,9999, ,1955, ,0, ,N, ,0, , , , , ,682877, , , ,1,0,0,1,0,0,0,0,1,0,0,1,1,0,0,0,0,0,0,0,0,0,0,0,0,0,0,0,0,0,0,0,0,0,0,4,1,39.9406,-75.2158, , 
 ,61042,2012049838,6,67,67301,2012,4,7,2132,21,3,1,0,8,1, , ,N,0,0,0,3,0,1,2,2,N,N,40 01:33.452,75 07:31.175,2141, ,2135,1,2,2,N, ,0,N, , , , ,682938, , , ,1,0,0,0,1,0,0,0,0,0,1,0,1,0,0,0,0,0,0,0,1,0,0,0,0,0,0,0,0,0,0,0,1,0,0,3,0,40.026,-75.1253, , 
 ,61043,2012002877,6,67,67301,2012,1,7,1602,16,1,1,0,2,1, , ,N,1,2,0,3,0,1,3,2,N,N,40 03:35.236,75 08:00.273,1614, ,1602, ,0, ,N, ,3, , , , , ,682946, , , ,2,1,0,0,0,0,0,1,0,0,1,0,1,0,0,0,0,0,0,0,0,0,1,0,0,0,0,0,0,0,0,0,0,0,0,3,0,40.0598,-75.1334, , 
 ,61044,2012013087,6,67,67301,2012,1,1,210,2,3,1,0,1,1, , ,N,1,2,0,3,0,1,4,3,N,N,40 01:55.909,75 02:12.865,230, ,224, ,0, ,N, ,3, , , , , ,682951, , , ,3,2,0,0,0,0,0,1,0,0,0,1,1,0,0,0,1,0,0,0,0,0,0,0,0,0,0,0,0,0,0,0,0,0,0,4,0,40.0322,-75.0369, , 
 ,61045,2012020683,6,67,67301,2012,2,7,1049,10,1,2,1,7,5, , ,N,0,0,0,3,0,0,1,1,N,N,39 56:49.045,75 11:16.875,1054, ,1054,1,1,4,N, ,0,N, , , , ,682961, , , ,1,1,0,0,0,0,0,0,0,0,0,0,0,0,0,0,0,0,0,0,0,0,0,0,0,0,0,0,0,0,0,0,0,0,0,0,0,39.947,-75.188, , 
 ,61046,2012034727,6,67,67301,2012,3,4,830,8,1,1,0,8,1, , ,N,0,0,0,3,0,2,3,3,N,Y,39 57:56.175,75 14:24.077,841, ,834, ,0, , , ,0, , , , , ,682978, , , ,1,1,0,0,0,0,0,0,0,0,0,2,2,0,0,0,0,0,0,0,0,0,0,0,0,0,0,0,0,0,0,0,2,0,0,4,0,39.9656,-75.24, , 
 ,61047,2012038536,6,67,67301,2012,4,1,1859,18,3,2,1,7,3, , ,N,0,0,0,3,0,2,2,1,N,N,39 58:50.311,75 12:21.819,1909, ,1902,1,2,3,N, ,0,N, , , , ,682982, , , ,1,1,0,0,0,0,0,0,0,0,0,2,2,0,0,0,0,0,0,0,0,0,0,0,0,0,0,0,0,0,0,0,0,0,0,4,0,39.9806,-75.2061, , 
 ,61048,2012042204,6,67,67301,2012,3,5,9999,99,1,1,0,7,4, , ,N,0,0,0,3,0,0,1,1,N,N,39 56:42.038,75 14:21.531,1630, ,1604, ,0, ,N, ,0, , , , , ,682984, , , ,1,0,0,0,0,0,0,1,0,0,0,0,0,0,0,0,0,0,0,0,1,0,0,0,0,0,0,0,0,0,0,0,0,0,0,0,0,39.945,-75.2393, , 
 ,61049,2012003122,6,67,67301,2012,1,4,1710,17,3,1,0,1,1, , ,N,0,0,0,3,0,0,5,4,N,N,39 55:36.531,75 11:42.002,1743, ,1716, ,0, ,N, ,0, , , , , ,682993, , , ,4,4,0,0,0,0,0,0,0,0,0,0,0,0,0,0,0,0,1,0,0,0,0,0,0,0,0,0,0,0,0,0,0,0,0,0,0,39.9268,-75.195, , 
 ,61050,2012068877,6,67,67301,2012,6,7,2030,20,3,1,0,4,6, , ,N,0,0,0,3,0,0,2,2,N, ,40 01:12.532,75 09:00.748,2037, ,2037,9,1,4, , ,0,N, , , , ,683001, , , ,2,2,0,0,0,0,0,0,0,0,0,0,0,0,0,0,0,0,0,0,0,0,0,0,0,0,0,0,0,0,0,0,0,0,0,0,0,40.0201,-75.1502, , 
 ,61051,2012073541,6,67,67301,2012,6,6,1750,17,1,1,0,4,1, , ,N,0,0,7,3,0,0,3,2,N,N,40 04:06.206,75 14:25.485,1812, ,1803, ,0, ,N, ,0, , , , , ,683005, , , ,2,0,1,0,0,0,1,0,0,0,0,0,0,0,0,0,0,0,0,0,1,1,0,0,0,0,0,0,0,0,0,0,0,0,0,0,0,40.0717,-75.242, , 
 ,61052,2012078313,6,67,67301,2012,7,7,9999,99,1,1,0,4,1, , ,N,2,2,0,3,0,0,2,2,N,N,39 58:21.514,75 15:34.689,9999, ,9999, ,0, , , ,3, , , , , ,683009, , , ,2,1,0,0,0,0,0,0,0,0,0,0,0,0,1,0,0,0,0,0,0,0,0,0,0,0,0,0,0,0,0,0,0,0,0,9,0,39.9726,-75.2596, , 
 ,61053,2012033966,6,67,67301,2012,3,6,1139,11,1,1,0,7,2, , ,N,0,0,0,3,0,0,1,1,N,N,39 53:54.581,75 10:54.699,1145, ,1141, ,0, ,N, ,0, , , , , ,671706, , , ,1,1,0,0,0,0,0,0,0,0,0,0,0,0,0,0,0,0,0,0,0,0,0,0,0,0,0,0,0,0,0,0,0,0,0,0,0,39.8985,-75.1818, , 
 ,61054,2012042562,6,67,67301,2012,3,6,2320,23,3,1,0,4,2, , ,N,0,0,0,3,0,1,1,3,N,N,40 03:14.997,75 11:52.112,2335, ,2330, ,0, ,N, ,0, , , , , ,671711, , , ,3,3,0,0,0,0,0,0,0,0,0,0,1,1,0,0,0,0,0,0,0,0,0,0,0,0,0,0,0,0,0,0,0,0,0,8,0,40.0542,-75.1978, , 
 ,61055,2012048077,6,67,67301,2012,4,4,1334,13,1,1,0,4,1, , ,N,1,3,0,3,0,1,2,2,N,N,39 58:21.363,75 08:24.889,1335, ,1335,1,1,2,N, ,3,N, , , , ,671718, , , ,1,0,0,0,0,0,0,1,1,0,1,0,1,0,0,0,0,0,0,0,0,0,0,0,0,0,0,0,0,0,0,0,0,0,0,3,0,39.9726,-75.1402, , 
 ,61056,2012049744,6,67,67301,2012,4,7,1420,14,1,1,0,4,1, , ,N,1,2,0,3,0,2,4,2,N,N,40 04:27.539,75 02:05.367,1515, ,1420, ,0, ,N, ,3, , , , , ,671719, , , ,2,0,0,0,1,0,0,1,0,0,0,2,2,0,0,0,0,0,0,0,0,0,0,0,0,0,0,0,0,0,0,0,0,0,0,4,0,40.0742,-75.0347, , 