wz_ln_closure,objectid_1,crn,district,county,municipality,crash_year,crash_month,day_of_week,time_of_day,hour_of_day,illumination,weather,road_condition,collision_type,relation_to_road,work_zone_type,work_zone_loc,work_zone_ind,intersect_type,tcd_type,location_type,urban_rural,fatal_count,injury_count,person_count,total_units,sch_bus_ind,sch_zone_ind,latitude,longitude,arrival_tm,cons_zone_spd_lim,dispatch_tm,est_hrs_closed,lane_closed,ln_close_dir,ntfy_hiwy_maint,spec_juris_cd,tcd_func_cd,tfc_detour_ind,workers_pres,wz_close_detour,wz_flagger,wz_law_offcr_ind,objectid,wz_moving,wz_other,wz_shlder_mdn,vehicle_count,automobile_count,motorcycle_count,bus_count,small_truck_count,heavy_truck_count,suv_count,van_count,bicycle_count,maj_inj_count,mod_inj_count,min_inj_count,tot_inj_count,unk_inj_deg_count,unk_inj_per_count,driver_count_16yr,driver_count_17yr,driver_count_18yr,driver_count_19yr,driver_count_20yr,driver_count_50_64yr,driver_count_65_74yr,driver_count_75plus,unbelted_occ_count,unb_death_count,unb_maj_inj_count,belted_death_count,belted_maj_inj_count,mcycle_death_count,mcycle_maj_inj_count,bicycle_death_count,bicycle_maj_inj_count,ped_count,ped_death_count,ped_maj_inj_count,max_severity_level,comm_veh_count,dec_lat,dec_long,rdwy_surf_type_cd,county_name
 ,61057,2012041482,6,67,67301,2012,3,2,1525,15,1,1,0,4,1, , ,N,0,0,7,3,0,3,3,2,N, ,40 00:27.181,75 07:40.414,1527, ,1527, ,0, , , ,0, , , , , ,671741, , , ,2,1,0,0,0,0,1,0,0,0,0,0,3,3,0,0,0,0,0,0,0,0,0,0,0,0,0,0,0,0,0,0,0,0,0,8,0,40.0075,-75.128, , 
 ,61058,2012042644,6,67,67301,2012,4,4,1155,11,1,1,0,1,2, , ,N,6,0,2,3,0,0,1,2,N,N,40 02:56.810,75 00:09.765,1220, ,1159, ,0, ,N, ,0, , , , , ,671742, , , ,2,2,0,0,0,0,0,0,0,0,0,0,0,0,0,0,0,0,0,0,0,0,0,0,0,0,0,0,0,0,0,0,0,0,0,0,0,40.0488,-75.0016, , 
 ,61059,2012010986,6,67,67301,2012,1,5,633,6,3,1,6,7,3, , ,N,0,0,0,3,0,0,1,1,N,N,39 54:05.689,75 09:07.795,714, ,644,1,1,2,N, ,0,N, , , , ,671776, , , ,1,1,0,0,0,0,0,0,0,0,0,0,0,0,0,0,0,0,0,0,0,0,0,0,0,0,0,0,0,0,0,0,0,0,0,0,0,39.9016,-75.1521, , 
 ,61060,2012028495,6,67,67301,2012,2,4,1740,17,3,4,1,8,1, , ,N,1,2,0,3,0,1,2,2,N,N,39 59:29.442,75 08:10.101,1750, ,1746, ,0, ,N, ,3, , , , , ,671797, , , ,1,1,0,0,0,0,0,0,0,0,0,1,1,0,0,0,0,0,0,0,0,0,0,0,0,0,0,0,0,0,0,0,1,0,0,4,0,39.9915,-75.1361, , 
 ,61061,2012032529,6,67,67301,2012,2,1,1720,17,3,1,0,4,6, , ,N,0,0,0,3,0,0,1,2,N,N,39 56:54.116,75 09:22.865,1735, ,1728, ,0, ,N, ,0, , , , , ,671798, , , ,2,1,0,0,0,0,1,0,0,0,0,0,0,0,0,0,0,0,0,0,0,0,0,0,0,0,0,0,0,0,0,0,0,0,0,0,0,39.9484,-75.1564, , 
 ,61062,2012041100,6,46,46108,2012,4,3,1444,14,1,1,0,5,1, , ,N,1,0,0,3,0,0,2,2,Y,N,40 05:09.819,75 13:49.871,1451, ,1444, ,0, ,N, ,0, , , , , ,671803, , , ,2,1,0,1,0,0,0,0,0,0,0,0,0,0,0,0,0,0,1,0,0,0,0,0,0,0,0,0,0,0,0,0,0,0,0,0,1,40.0861,-75.2305, , 
 ,61063,2012048876,6,67,67301,2012,4,7,1408,14,1,1,0,4,1, , ,N,1,2,0,3,0,1,5,3,N,N,39 56:12.483,75 13:47.092,1412, ,1408, ,0, ,N, ,3, , , , , ,671812, , , ,3,1,0,0,0,0,1,1,0,0,0,1,1,0,0,0,0,0,0,0,2,0,0,0,0,0,0,0,0,0,0,0,0,0,0,4,0,39.9368,-75.2297, , 
 ,61064,2012032616,6,67,67301,2012,2,6,1916,19,3,1,0,7,3, , ,N,0,0,0,3,0,1,1,1,N, ,39 58:02.505,75 09:37.419,1917, ,1916, ,0, , , ,0, , , , , ,671845, , , ,1,1,0,0,0,0,0,0,0,0,0,1,1,0,0,0,0,0,0,0,0,0,0,0,0,0,0,0,0,0,0,0,0,0,0,4,0,39.9674,-75.1604, , 
 ,61065,2012063865,6,67,67301,2012,5,2,900,9,1,1,0,5,1, , ,N,1,2,0,3,0,1,4,2,N, ,39 55:23.140,75 09:35.033,910, ,907,3,2,6, , ,3,Y, , , , ,671870, , , ,1,0,0,0,0,0,1,0,1,0,1,0,1,0,0,0,0,0,0,0,0,0,0,3,0,0,0,0,0,0,0,0,0,0,0,3,0,39.9231,-75.1597, , 
 ,61066,2012063973,6,67,67301,2012,5,3,120,1,3,1,0,4,1, , ,N,2,3,0,3,0,4,5,2,N,N,40 00:07.113,75 07:07.967,140, ,130, ,0, , , ,3, , , , , ,671871, , , ,2,2,0,0,0,0,0,0,0,0,0,4,4,0,0,0,0,0,0,1,1,0,0,4,0,0,0,0,0,0,0,0,0,0,0,4,0,40.002,-75.1189, , 
 ,61067,2012064108,6,67,67301,2012,6,7,2010,20,4,1,0,5,1, , ,N,0,0,0,3,0,1,5,2,N,N,40 00:27.916,75 04:19.467,2025, ,2012, ,0, ,N, ,0, , , , , ,671872, , , ,2,2,0,0,0,0,0,0,0,0,0,0,1,1,1,0,0,0,0,0,0,0,0,0,0,0,0,0,0,0,0,0,0,0,0,8,0,40.0078,-75.072, , 
 ,61068,2012069644,6,67,67301,2012,6,7,9999,99,3,2,1,7,4, , ,N,0,0,0,3,0,1,1,1,N, ,40 01:33.718,75 05:46.924,228, ,222,9,1,1, , ,0,N, , , , ,671878, , , ,1,0,0,0,0,0,1,0,0,0,1,0,1,0,0,0,0,0,0,0,0,0,0,0,0,0,0,0,0,0,0,0,0,0,0,3,0,40.026,-75.0964, , 
 ,61069,2012079368,6,67,67301,2012,8,5,1601,16,1,1,0,4,1, , ,N,0,0,0,3,0,2,3,2,N,N,40 03:09.359,74 59:15.303,1630, ,1602,2,1,2,Y, ,0,N, , , , ,671883, , , ,2,0,0,0,1,0,1,0,0,0,1,1,2,0,0,0,0,0,0,0,2,0,0,0,0,0,0,0,0,0,0,0,0,0,0,3,0,40.0526,-74.9876, , 
 ,61070,2012098359,6,67,67301,2012,8,5,1547,15,1,1,0,2,1, , ,N,1,2,0,3,0,1,2,2,N, ,39 58:57.266,75 13:50.685,1602, ,1553, ,0, , , ,3, , , , , ,671901, , , ,2,2,0,0,0,0,0,0,0,0,0,1,1,0,0,0,0,0,0,0,0,1,0,0,0,0,0,0,0,0,0,0,0,0,0,4,0,39.9826,-75.2307, , 
 ,61071,2012036873,6,67,67301,2012,3,3,2140,21,3,1,0,4,1, , ,N,1,2,0,3,0,2,4,2,N,N,39 57:34.444,75 11:49.297,2140, ,2140, ,0, ,N, ,3, , , , , ,675505, , , ,2,2,0,0,0,0,0,0,0,0,1,1,2,0,0,0,0,0,0,0,1,0,0,0,0,0,0,0,0,0,0,0,0,0,0,3,0,39.9596,-75.197, , 
 ,61072,2012037002,6,67,67301,2012,3,7,215,2,6,2,1,4,1, , ,N,1,3,1,3,0,2,5,2,N,N,39 58:14.108,75 09:03.120,230, ,229,1,1,3,N, ,3,Y, , , , ,675506, , , ,2,2,0,0,0,0,0,0,0,0,0,0,2,2,0,0,0,0,0,0,0,0,0,0,0,0,0,0,0,0,0,0,0,0,0,8,0,39.9705,-75.151, , 
 ,61073,2012048161,6,67,67301,2012,4,3,322,3,3,1,0,7,2, , ,N,0,0,0,3,0,1,5,2,N,N,40 00:56.727,75 10:35.092,330, ,326,2,2,2,Y, ,0,Y, , , , ,675512, , , ,1,1,0,0,0,0,0,0,0,0,0,1,1,0,0,0,0,0,0,0,0,0,0,0,0,0,0,0,0,0,0,0,0,0,0,4,0,40.0158,-75.1764, , 
 ,61074,2012049734,6,67,67301,2012,4,3,900,9,1,1,0,8,1, , ,N,1,2,0,3,0,1,2,2,N, ,39 56:25.327,75 14:11.791,1330, ,1314, ,0, , , ,3, , , , , ,675516, , , ,1,1,0,0,0,0,0,0,0,0,0,0,1,1,1,0,0,0,0,0,0,0,0,0,0,0,0,0,0,0,0,0,1,0,0,8,0,39.9404,-75.2366, , 
 ,61075,2012083161,6,67,67301,2012,7,2,9999,99,3,1,0,1,1, , ,N,1,3,0,3,0,1,2,2,N,N,39 56:24.543,75 12:58.939,2050, ,2045, ,0, ,N, ,3, , , , , ,675543, , , ,2,2,0,0,0,0,0,0,0,0,0,1,1,0,0,0,0,0,0,0,0,0,0,0,0,0,0,0,0,0,0,0,0,0,0,4,0,39.9402,-75.2164, , 
 ,61076,2012083337,6,67,67301,2012,7,5,527,5,5,1,0,4,1, , ,N,5,2,0,3,0,1,3,2,N, ,40 00:36.075,75 05:46.053,608, ,608, ,0, , , ,3, , , , , ,675544, , , ,2,1,0,0,0,0,0,1,0,0,1,0,1,0,0,0,0,0,0,0,0,0,0,0,0,0,0,0,0,0,0,0,0,0,0,3,0,40.01,-75.0961, , 
 ,61077,2012098463,6,67,67301,2012,9,3,735,7,1,1,0,5,6, , ,N,0,0,0,3,0,1,1,4,N,N,40 01:32.629,75 07:14.642,740, ,736,1,1,1,N, ,0,N, , , , ,675564, , , ,4,3,0,0,0,0,0,1,0,0,0,1,1,0,0,0,0,0,0,0,0,0,0,0,0,0,0,0,0,0,0,0,0,0,0,4,0,40.0257,-75.1207, , 
 ,61078,2012064008,6,67,67301,2012,5,6,1905,19,1,1,0,7,5, , ,N,0,0,0,3,0,4,4,1,N,N,40 03:24.957,75 08:47.560,1920, ,1917, ,0, ,N, ,0, , , , , ,675580, , , ,1,1,0,0,0,0,0,0,0,0,0,4,4,0,0,0,0,0,0,0,0,0,0,0,0,0,0,0,0,0,0,0,0,0,0,4,0,40.0569,-75.1465, , 
 ,61079,2012066491,6,67,67301,2012,5,7,1800,18,1,1,0,4,1, , ,N,2,3,0,3,0,1,2,2,N,N,40 03:37.213,75 10:51.902,1810, ,1804, ,0, ,N, ,3, , , , , ,675583, , , ,2,2,0,0,0,0,0,0,0,0,0,0,1,1,0,0,0,0,0,0,0,0,0,0,0,0,0,0,0,0,0,0,0,0,0,8,0,40.0603,-75.1811, , 
 ,61080,2012069649,6,67,67301,2012,6,7,2329,23,3,1,0,7,5, , ,N,0,0,0,3,0,1,2,1,N,N,40 03:10.357,75 03:00.768,2337, ,2331,9,1,1,N, ,0,N, , , , ,675585, , , ,1,1,0,0,0,0,0,0,0,0,0,0,1,1,0,0,0,0,0,1,0,0,0,0,0,0,0,0,0,0,0,0,0,0,0,8,0,40.053,-75.0501, , 
 ,61081,2012083245,6,67,67301,2012,7,7,1733,17,1,2,1,1,1, , ,N,1,2,0,3,0,2,3,2,N,N,40 01:01.667,75 09:04.024,1851, ,1847, ,0, ,N, ,3, , , , , ,675596, , , ,2,1,0,0,1,0,0,0,0,0,0,2,2,0,0,0,0,0,0,0,1,0,0,0,0,0,0,0,0,0,0,0,0,0,0,4,0,40.0171,-75.1512, , 
 ,61082,2012095361,6,67,67301,2012,9,7,2040,20,3,1,2,8,1, , ,N,0,0,0,3,0,1,1,2,N, ,39 54:28.446,75 09:04.244,2055, ,2048, ,0, , , ,0, , , , , ,675608, , , ,1,0,0,0,1,0,0,0,0,0,0,1,1,0,0,0,0,0,0,0,0,0,0,0,0,0,0,0,0,0,0,0,1,0,0,4,0,39.9079,-75.1512, , 
 ,61083,2012096022,6,67,67301,2012,8,6,1127,11,1,1,1,5,1, , ,N,1,2,0,3,0,0,3,2,N,N,39 54:14.619,75 14:25.049,1209, ,1202, ,0, ,N, ,3, , , , , ,675609, , , ,2,2,0,0,0,0,0,0,0,0,0,0,0,0,0,0,0,0,0,1,1,0,0,0,0,0,0,0,0,0,0,0,0,0,0,0,0,39.904,-75.2401, , 
 ,61084,2012037403,6,67,67301,2012,3,7,1902,19,3,1,0,7,2, , ,N,0,0,0,3,0,0,1,2,N,N,40 05:28.975,75 00:40.582,1945, ,1940, ,0, ,N, ,0, , , , , ,675652, , , ,1,0,0,0,0,0,1,0,0,0,0,0,0,0,0,0,0,0,0,0,0,0,0,0,0,0,0,0,0,0,0,0,0,0,0,0,0,40.0914,-75.0113, , 
 ,61085,2012041746,6,67,67301,2012,3,2,1652,16,1,1,0,4,2, , ,N,2,3,0,3,0,0,1,2,N,N,40 04:04.705,75 09:26.501,1700, ,1657, ,0, ,N, ,3, , , , , ,675657, , , ,2,2,0,0,0,0,0,0,0,0,0,0,0,0,0,0,0,0,0,0,0,0,0,0,0,0,0,0,0,0,0,0,0,0,0,0,0,40.068,-75.1574, , 
 ,61086,2012049852,6,67,67301,2012,4,2,9999,99,3,1,0,2,6, , ,N,0,0,0,3,0,0,1,3,N,N,40 02:23.379,75 02:43.006,45, ,37, ,0, , , ,0, , , , , ,675661, , , ,3,2,0,0,0,0,0,1,0,0,0,0,0,0,0,0,0,0,0,0,0,0,0,0,0,0,0,0,0,0,0,0,0,0,0,0,0,40.0398,-75.0453, , 
 ,61087,2012050228,6,67,67301,2012,4,2,313,3,3,2,1,4,6, , ,N,0,0,0,3,0,0,2,3,N,N,39 58:54.154,75 13:34.609,316, ,314,9,1,4,N, ,0,N, , , , ,675662, , , ,3,2,0,0,0,0,0,1,0,0,0,0,0,0,0,0,0,0,0,0,0,0,0,0,0,0,0,0,0,0,0,0,0,0,0,0,0,39.9817,-75.2263, , 
 ,61088,2012010997,6,67,67301,2012,1,7,655,6,3,4,4,4,1, , ,N,0,0,0,3,0,1,3,2,N,N,39 55:54.551,75 11:59.678,709, ,655,1,1,3,N, ,0,N, , , , ,675674, , , ,2,1,0,0,0,0,1,0,0,0,0,1,1,0,0,0,0,0,0,0,1,1,0,0,0,0,0,0,0,0,0,0,0,0,0,4,0,39.9318,-75.1999, , 
 ,61089,2012017820,6,67,67301,2012,1,3,1957,19,3,2,1,8,1, , ,N,1,2,0,3,0,1,2,2,N,N,39 57:18.194,75 12:36.257,2000, ,2000, ,0, ,N, ,3, , , , , ,675679, , , ,1,1,0,0,0,0,0,0,0,0,0,1,1,0,0,0,0,0,0,0,0,0,0,0,0,0,0,0,0,0,0,0,1,0,0,4,0,39.9551,-75.2101, , 
 ,61090,2012083410,6,67,67301,2012,7,2,802,8,1,1,0,4,1, , ,N,1,3,0,3,0,0,3,2,N,N,40 00:29.508,75 04:18.071,805, ,803, ,0, ,N, ,3, , , , , ,679045, , , ,2,1,0,0,1,0,0,0,0,0,0,0,0,0,1,0,0,0,1,0,0,0,0,0,0,0,0,0,0,0,0,0,0,0,0,9,0,40.0082,-75.0717, , 
 ,61091,2012034468,6,67,67301,2012,3,6,2318,23,3,1,0,7,4, , ,N,0,0,0,3,0,1,1,1,N,N,39 59:43.258,75 11:51.418,2318, ,2318, ,0, ,N, ,0, , , , , ,679075, , , ,1,0,1,0,0,0,0,0,0,0,1,0,1,0,0,0,0,0,0,0,0,0,0,0,0,0,0,0,0,0,0,0,0,0,0,3,0,39.9953,-75.1976, , 
 ,61092,2012051864,6,67,67301,2012,5,4,2223,22,3,1,0,4,1, , ,N,1,2,0,3,0,0,3,2,N, ,39 57:20.808,75 09:32.558,2230, ,2225, ,0, , , ,3, , , , , ,679087, , , ,2,2,0,0,0,0,0,0,0,0,0,0,0,0,0,0,0,0,0,0,0,0,0,0,0,0,0,0,0,0,0,0,0,0,0,0,0,39.9558,-75.159, , 
 ,61093,2012053773,6,67,67301,2012,5,4,155,1,3,1,0,7,2, , ,N,0,8,0,3,0,0,1,1,N,N,40 00:56.721,75 10:35.102,210, ,210, ,0, ,N, ,3, , , , , ,679088, , , ,1,1,0,0,0,0,0,0,0,0,0,0,0,0,0,0,0,0,0,0,0,0,0,0,0,0,0,0,0,0,0,0,0,0,0,0,0,40.0158,-75.1764, , 
 ,61094,2012055568,6,67,67301,2012,2,6,35,0,6,1,0,4,1, , ,N,1,3,0,3,0,1,2,2,N,N,40 06:53.557,75 01:52.550,0, ,0, ,0, ,N, ,3, , , , , ,679090, , , ,2,2,0,0,0,0,0,0,0,0,1,0,1,0,0,0,0,0,0,0,1,0,0,0,0,0,0,0,0,0,0,0,0,0,0,3,0,40.1149,-75.0313, , 
 ,61095,2012066699,6,67,67301,2012,5,3,1345,13,1,1,0,4,1, , ,N,0,0,7,3,0,0,3,2,N,N,40 07:44.695,75 01:28.956,1353, ,1350,1,1,3,N, ,0,N, , , , ,679115, , , ,2,0,0,0,0,0,2,0,0,0,0,0,0,0,0,0,0,0,0,0,0,0,1,0,0,0,0,0,0,0,0,0,0,0,0,0,0,40.1291,-75.0247, , 
 ,61096,2012068747,6,67,67301,2012,5,3,1235,12,1,1,0,4,1, , ,N,3,2,7,3,0,1,2,2,N,N,40 00:55.513,75 12:30.235,1237, ,1237, ,0, ,N, ,3, , , , , ,679117, , , ,2,1,1,0,0,0,0,0,0,0,0,1,1,0,0,0,0,0,0,0,0,0,0,1,0,0,0,0,0,0,0,0,0,0,0,4,0,40.0153,-75.2081, , 
 ,61097,2012076009,6,67,67301,2012,6,3,1750,17,1,2,1,2,1, , ,N,0,0,0,3,0,1,2,2,N,N,40 01:20.912,75 09:42.409,1815, ,1805, ,0, , , ,0, , , , , ,679127, , , ,2,1,0,0,0,0,1,0,0,0,0,0,1,1,0,0,0,0,0,1,0,0,0,0,0,0,0,0,0,0,0,0,0,0,0,8,0,40.0225,-75.1618, , 
 ,61098,2012083213,6,67,67301,2012,8,2,1305,13,1,1,0,5,6, , ,N,0,0,0,3,0,2,2,2,N, ,39 56:53.208,75 09:49.507,1315, ,1310, ,0, , , ,0, , , , , ,679136, , , ,2,2,0,0,0,0,0,0,0,0,2,0,2,0,0,0,0,0,0,0,1,0,0,0,0,0,0,0,0,0,0,0,0,0,0,3,0,39.9481,-75.1638, , 
 ,61099,2012078326,6,67,67301,2012,6,5,1055,10,1,1,0,4,1, , ,N,1,2,0,3,0,1,2,2,N,N,40 01:04.608,75 08:57.650,1103, ,1058, ,0, ,N, ,3, , , , , ,679167, , , ,2,2,0,0,0,0,0,0,0,0,1,0,1,0,0,0,0,0,0,0,2,0,0,0,0,0,0,0,0,0,0,0,0,0,0,3,0,40.0179,-75.1493, , 
 ,61100,2012095520,6,67,67301,2012,8,1,1330,13,1,1,0,4,1, , ,N,1,2,0,3,0,1,3,4,N,N,39 54:50.431,75 08:59.775,1345, ,1345, ,0, ,N, ,3, , , , , ,679189, , , ,3,3,0,0,0,0,0,0,0,0,0,0,1,1,2,0,0,0,0,0,1,0,0,0,0,0,0,0,0,0,0,0,0,0,0,8,0,39.914,-75.1499, , 
 ,61101,2012098981,6,67,67301,2012,8,3,9999,99,1,1,0,2,4, , ,N,2,3,0,3,0,2,2,2,N, ,39 56:34.728,75 13:54.623,9999, ,9999, ,0, , , ,3, , , , , ,679192, , , ,2,2,0,0,0,0,0,0,0,0,0,2,2,0,0,0,0,0,0,0,0,0,0,0,0,0,0,0,0,0,0,0,0,0,0,4,0,39.943,-75.2318, , 
 ,61102,2012017884,6,67,67301,2012,1,5,1708,17,3,1,1,1,1, , ,N,0,2,0,3,0,1,2,2,N,N,40 02:53.733,75 05:35.710,1731, ,1730, ,0, , , ,2, , , , , ,679206, , , ,2,0,0,0,0,0,1,1,0,0,0,1,1,0,0,0,0,0,0,1,0,0,0,0,0,0,0,0,0,0,0,0,0,0,0,4,0,40.0483,-75.0933, , 
 ,61103,2012056078,6,67,67301,2012,2,4,1415,14,1,9,0,5,1, , ,N,0,0,0,3,0,4,5,2,N,N,39 59:34.053,75 10:55.174,0, ,0, ,0, ,N, ,0, , , , , ,679288, , , ,2,2,0,0,0,0,0,0,0,0,0,0,4,4,0,0,0,0,0,0,1,0,0,0,0,0,0,0,0,0,0,0,0,0,0,8,0,39.9928,-75.182, , 
 ,61104,2012064687,6,67,67301,2012,5,1,1232,12,1,1,0,1,1, , ,N,1,2,0,3,0,3,4,2,N,N,39 59:36.362,75 05:49.314,1545, ,1540, ,0, ,N, ,3, , , , , ,679306, , , ,2,1,0,0,0,0,1,0,0,0,0,3,3,0,1,0,1,0,0,0,0,0,0,0,0,0,0,0,0,0,0,0,0,0,0,4,0,39.9934,-75.097, , 
 ,61105,2012066677,6,67,67301,2012,6,7,9999,99,1,1,0,4,1, , ,N,1,2,0,3,0,1,2,2,N,N,40 03:34.205,75 04:49.964,1413, ,1411,2,1,2, , ,3,Y, , , , ,679308, , , ,2,2,0,0,0,0,0,0,0,0,0,0,1,1,0,0,0,0,0,0,0,0,0,0,0,0,0,0,0,0,0,0,0,0,0,8,0,40.0595,-75.0805, , 
 ,61106,2012067306,6,67,67301,2012,6,3,222,2,3,1,0,7,3, , ,N,0,0,0,3,0,1,1,1,N,N,39 57:30.824,75 10:05.932,231, ,225,1,1,3,Y, ,0,N, , , , ,679309, , , ,1,0,0,0,0,0,0,1,0,0,0,1,1,0,0,0,0,0,0,0,0,0,0,0,0,0,0,0,0,0,0,0,0,0,0,4,0,39.9586,-75.1683, , 
 ,61107,2012078457,6,67,67301,2012,6,1,1515,15,1,1,0,4,1, , ,N,1,2,0,3,0,1,5,2,N, ,39 54:46.990,75 14:25.321,1515, ,1515,2,1,1, , ,3,Y, , , , ,679314, , , ,2,0,0,0,0,0,0,1,0,0,0,0,1,1,0,0,0,0,0,0,0,0,0,0,0,0,0,0,0,0,0,0,0,0,0,8,0,39.9131,-75.2404, , 
 ,61108,2012083309,6,67,67301,2012,8,5,1214,12,1,1,0,4,1, , ,N,1,3,0,3,0,1,3,2,N,N,39 59:48.058,75 06:23.849,1222, ,1218, ,0, ,N, ,3, , , , , ,683014, , , ,2,2,0,0,0,0,0,0,0,0,0,0,1,1,2,0,0,0,0,0,0,0,0,0,0,0,0,0,0,0,0,0,0,0,0,8,0,39.9967,-75.1066, , 
 ,61109,2012084159,6,67,67301,2012,8,7,540,5,1,1,0,1,1, , ,N,2,2,0,3,0,3,4,2,N, ,40 01:38.037,75 11:00.636,730, ,549, ,0, , , ,3, , , , , ,683016, , , ,2,0,0,0,1,0,0,0,0,0,0,3,3,0,0,0,0,0,0,0,1,0,0,0,0,0,0,0,0,0,0,0,0,0,0,4,0,40.0272,-75.1835, , 
 ,61110,2012098225,6,67,67301,2012,9,3,1023,10,8,2,1,4,1, , ,N,0,0,7,3,0,2,2,2,N,N,39 54:47.000,75 13:56.650,1758, ,1753, ,0, ,N, ,0, , , , , ,683030, , , ,2,2,0,0,0,0,0,0,0,0,0,0,2,2,0,0,0,0,0,0,0,0,0,0,0,0,0,0,0,0,0,0,0,0,0,8,0,39.9131,-75.2324, , 
 ,61111,2012098305,6,67,67301,2012,9,1,1100,11,1,1,0,5,6, , ,N,0,0,0,3,0,2,4,2,N, ,39 59:15.986,75 09:18.145,1200, ,1154, ,0, , , ,0, , , , , ,683031, , , ,2,1,0,1,0,0,0,0,0,0,0,2,2,0,0,0,0,0,0,0,0,0,0,0,0,0,0,0,0,0,0,0,0,0,0,4,1,39.9878,-75.155, , 
 ,61112,2012109714,6,67,67301,2012,10,2,1449,14,1,1,0,4,1, , ,N,2,2,0,3,0,1,2,2,N,Y,40 00:34.506,75 10:49.505,1503, ,1459,1,1,1,N, ,3,Y, , , , ,683041, , , ,2,1,1,0,0,0,0,0,0,0,0,1,1,0,0,0,0,0,0,0,0,0,0,0,0,0,0,0,0,0,0,0,0,0,0,4,0,40.0096,-75.1803, , 
 ,61113,2012063949,6,67,67301,2012,5,4,1545,15,1,1,0,1,1, , ,N,2,2,0,3,0,2,3,2,N,N,40 05:19.990,75 01:14.693,1719, ,1713, ,0, ,N, ,3, , , , , ,683042, , , ,2,2,0,0,0,0,0,0,0,0,0,2,2,0,0,0,0,0,0,0,0,1,0,0,0,0,0,0,0,0,0,0,0,0,0,4,0,40.0889,-75.0207, , 
 ,61114,2012083303,6,67,67301,2012,7,7,115,1,3,1,0,7,3, , ,N,2,2,7,3,0,3,3,2,N,N,39 53:31.099,75 14:30.235,115, ,115, ,0, ,N, ,3, , , , , ,683052, , , ,2,1,0,0,0,0,1,0,0,0,1,1,3,1,0,0,0,0,0,0,0,1,0,2,0,0,0,0,0,0,0,0,0,0,0,3,0,39.8919,-75.2419, , 
 ,61115,2012098412,6,67,67301,2012,9,3,1105,11,1,2,1,4,1, , ,N,1,3,0,3,0,1,3,2,N,N,39 59:12.202,75 10:19.063,1125, ,1115, ,0, ,N, ,3, , , , , ,683064, , , ,2,1,0,0,0,0,0,1,0,0,0,1,1,0,0,0,0,0,0,0,0,0,0,2,0,0,0,0,0,0,0,0,0,0,0,4,0,39.9867,-75.172, , 
 ,61116,2012109300,6,67,67301,2012,11,5,625,6,3,1,0,7,7, , ,N,2,0,2,3,0,1,1,1,N,N,39 54:38.080,75 10:22.872,634, ,631, ,0, ,N, ,0, , , , , ,683076, , , ,1,1,0,0,0,0,0,0,0,0,1,0,1,0,0,0,0,0,0,1,0,0,0,0,0,0,0,0,0,0,0,0,0,0,0,3,0,39.9107,-75.173, , 
 ,61117,2012109698,6,67,67301,2012,10,4,2153,21,3,1,0,2,1, , ,N,0,0,0,3,0,0,2,2,N,N,39 59:51.215,75 10:13.636,2205, ,2153, ,0, ,N, ,0, , , , , ,683077, , , ,2,1,0,0,0,0,0,0,0,0,0,0,0,0,0,0,0,0,0,0,0,0,0,0,0,0,0,0,0,0,0,0,0,0,0,0,0,39.9976,-75.1705, , 
 ,61118,2012109728,6,67,67301,2012,10,5,1222,12,1,1,0,4,1, , ,N,0,0,0,3,0,0,2,2,N,N,39 54:49.230,75 09:00.393,1236, ,1228, ,0, ,N, ,0, , , , , ,683078, , , ,2,2,0,0,0,0,0,0,0,0,0,0,0,0,0,0,0,0,0,0,2,0,0,0,0,0,0,0,0,0,0,0,0,0,0,0,0,39.9137,-75.1501, , 
 ,61119,2012132243,6,9,9212,2012,10,3,1546,15,1,8,1,1,1, , ,N,2,0,0,3,0,0,2,2,N,N,40 08:06.949,75 00:37.910,1552, ,1547, ,0, ,N, ,0, , , , , ,683088, , , ,2,1,0,0,0,0,1,0,0,0,0,0,0,0,0,0,0,0,0,0,1,0,0,0,0,0,0,0,0,0,0,0,0,0,0,0,0,40.1352,-75.0106, , 
 ,61120,2012061282,6,67,67301,2012,6,3,1700,17,1,1,0,8,1, , ,N,1,2,0,3,0,1,2,2,N,N,39 59:18.500,75 06:22.881,1715, ,1710,3,1,3,N, ,3,N, , , , ,683093, , , ,1,0,0,0,0,1,0,0,0,1,0,0,1,0,0,0,0,0,0,0,1,0,0,0,0,0,0,0,0,0,0,0,1,0,1,2,1,39.9885,-75.1064, , 
 ,61121,2012028154,6,67,67301,2012,2,4,1530,15,1,1,0,1,1, , ,N,0,0,0,3,0,2,5,2,N,N,39 57:32.910,75 10:14.789,1534, ,1532,1,1,4, , ,0,Y, , , , ,683109, , , ,2,2,0,0,0,0,0,0,0,0,0,0,2,2,0,0,0,0,0,0,1,0,0,2,0,0,0,0,0,0,0,0,0,0,0,8,0,39.9591,-75.1708, , 
 ,61122,2012046115,6,67,67301,2012,5,4,851,8,1,2,1,4,1, , ,N,0,0,0,3,0,1,2,2,N,N,39 57:55.010,75 11:08.482,900, ,855, ,0, ,N, ,0, , , , , ,683125, , , ,2,2,0,0,0,0,0,0,0,0,0,1,1,0,0,0,0,0,0,0,0,0,0,0,0,0,0,0,0,0,0,0,0,0,0,4,0,39.9653,-75.1857, , 