wz_ln_closure,objectid_1,crn,district,county,municipality,crash_year,crash_month,day_of_week,time_of_day,hour_of_day,illumination,weather,road_condition,collision_type,relation_to_road,work_zone_type,work_zone_loc,work_zone_ind,intersect_type,tcd_type,location_type,urban_rural,fatal_count,injury_count,person_count,total_units,sch_bus_ind,sch_zone_ind,latitude,longitude,arrival_tm,cons_zone_spd_lim,dispatch_tm,est_hrs_closed,lane_closed,ln_close_dir,ntfy_hiwy_maint,spec_juris_cd,tcd_func_cd,tfc_detour_ind,workers_pres,wz_close_detour,wz_flagger,wz_law_offcr_ind,objectid,wz_moving,wz_other,wz_shlder_mdn,vehicle_count,automobile_count,motorcycle_count,bus_count,small_truck_count,heavy_truck_count,suv_count,van_count,bicycle_count,maj_inj_count,mod_inj_count,min_inj_count,tot_inj_count,unk_inj_deg_count,unk_inj_per_count,driver_count_16yr,driver_count_17yr,driver_count_18yr,driver_count_19yr,driver_count_20yr,driver_count_50_64yr,driver_count_65_74yr,driver_count_75plus,unbelted_occ_count,unb_death_count,unb_maj_inj_count,belted_death_count,belted_maj_inj_count,mcycle_death_count,mcycle_maj_inj_count,bicycle_death_count,bicycle_maj_inj_count,ped_count,ped_death_count,ped_maj_inj_count,max_severity_level,comm_veh_count,dec_lat,dec_long,rdwy_surf_type_cd,county_name
 ,61190,2012083292,6,67,67301,2012,7,7,1750,17,1,2,1,4,1, , ,N,1,2,0,3,0,2,3,2,N,N,39 59:08.827,75 12:56.173,1800, ,1800, ,0, ,N, ,3, , , , , ,683887, , , ,2,1,0,0,1,0,0,0,0,0,0,0,2,2,0,0,0,0,0,0,0,0,0,1,0,0,0,0,0,0,0,0,0,0,0,8,0,39.9858,-75.2156, , 
 ,61191,2012085326,6,67,67301,2012,7,4,900,9,1,1,1,1,1, , ,N,0,0,3,3,0,1,1,4,N,N,40 00:45.940,75 12:17.878,910, ,905,1,1,2,N, ,0,N, , , , ,683890, , , ,4,4,0,0,0,0,0,0,0,0,1,0,1,0,0,0,0,0,0,0,0,0,1,0,0,0,0,0,0,0,0,0,0,0,0,3,0,40.013,-75.205, , 
 ,61192,2012086636,6,67,67301,2012,6,1,1805,18,1,1,0,7,4, , ,N,0,0,0,3,0,4,8,2,N,N,40 02:46.574,75 03:07.088,1806, ,1805,3,2,1,N, ,0,Y, , , , ,683893, , , ,2,0,0,0,1,0,1,0,0,2,1,1,4,0,0,0,0,0,0,0,0,0,0,1,0,1,0,0,0,0,0,0,0,0,0,2,0,40.0463,-75.052, , 
 ,61193,2012095531,6,67,67301,2012,9,2,52,0,3,2,1,0,1, , ,N,2,2,2,3,0,2,5,2,N,N,39 58:29.424,75 11:53.775,58, ,54, ,0, ,N, ,3, , , , , ,683900, , , ,2,0,1,0,0,0,0,1,0,0,1,1,2,0,0,0,0,0,0,1,1,0,0,0,0,0,0,0,0,0,0,0,0,0,0,3,0,39.9747,-75.1983, , 
 ,61194,2012056628,6,67,67301,2012,5,3,1436,14,1,1,0,8,1, , ,N,1,2,0,3,0,1,2,2,N, ,39 57:15.080,75 10:11.059,1612, ,1612, ,0, , , ,3, , , , , ,683915, , , ,1,1,0,0,0,0,0,0,0,0,1,0,1,0,0,0,0,0,0,0,1,0,0,0,0,0,0,0,0,0,0,0,1,0,0,3,0,39.9542,-75.1698, , 
 ,61195,2012026193,6,67,67301,2012,2,6,1315,13,1,1,0,7,2, , ,N,1,2,0,3,0,2,2,2,N,N,40 03:07.696,75 04:04.036,1326, ,1322, ,0, ,N, ,3, , , , , ,683925, , , ,2,2,0,0,0,0,0,0,0,0,0,1,2,1,0,0,0,0,0,0,0,1,0,0,0,0,0,0,0,0,0,0,0,0,0,4,0,40.0521,-75.0678, , 
 ,61196,2012034742,6,67,67301,2012,2,4,1221,12,1,1,0,4,1, , ,N,2,3,0,3,0,0,4,2,N,N,39 59:45.963,75 10:16.671,1230, ,1229, ,0, ,N, ,3, , , , , ,683932, , , ,2,2,0,0,0,0,0,0,0,0,0,0,0,0,0,0,0,0,0,0,0,0,0,0,0,0,0,0,0,0,0,0,0,0,0,0,0,39.9961,-75.1713, , 
 ,61197,2012036968,6,67,67301,2012,3,5,25,0,3,1,0,4,1, , ,N,1,0,0,3,0,2,2,2,N,N,40 02:29.338,75 05:16.364,30, ,30, ,0, ,N, ,0, , , , , ,683933, , , ,2,1,0,0,0,0,0,1,0,0,0,2,2,0,0,0,0,0,0,0,1,0,0,0,0,0,0,0,0,0,0,0,0,0,0,4,0,40.0415,-75.0879, , 
 ,61198,2012039040,6,67,67301,2012,4,5,1038,10,1,1,0,7,3, , ,N,0,0,0,3,0,1,2,2,N,N,40 00:28.208,75 04:18.847,1108, ,1042, ,0, ,N, ,0, , , , , ,683936, , , ,2,1,0,0,1,0,0,0,0,0,0,1,1,0,1,0,0,0,0,0,0,0,0,0,0,0,0,0,0,0,0,0,0,0,0,4,0,40.0079,-75.0719, , 
 ,61199,2012068798,6,67,67301,2012,5,4,1500,15,1,1,8,8,1, , ,N,1,2,0,3,0,1,2,2,N, ,40 00:54.079,75 08:06.611,1745, ,1730, ,0, , , ,3, , , , , ,672124, , , ,1,0,0,0,0,0,1,0,0,0,0,1,1,0,1,0,0,0,0,0,0,0,0,0,0,0,0,0,0,0,0,0,1,0,0,4,0,40.015,-75.1352, , 
 ,61200,2012073621,6,67,67301,2012,6,4,1220,12,1,1,0,4,6, , ,N,0,0,0,3,0,0,1,2,N,N,40 02:12.570,75 08:42.391,1305, ,1250,1,1,1,N, ,0,N, , , , ,672132, , , ,2,1,0,0,0,0,1,0,0,0,0,0,0,0,0,0,0,0,0,0,0,0,0,0,0,0,0,0,0,0,0,0,0,0,0,0,0,40.0368,-75.1451, , 
 ,61201,2012078300,6,67,67301,2012,7,2,2300,23,2,1,0,0,1, , ,N,0,0,0,3,0,1,1,1,N, ,39 58:14.817,75 07:20.188,9999, ,9999,9,1,1, , ,0,N, , , , ,672133, , , ,1,0,1,0,0,0,0,0,0,1,0,0,1,0,0,0,0,0,0,0,0,0,0,0,0,0,0,0,0,1,0,0,0,0,0,2,0,39.9708,-75.1223, , 
 ,61202,2012083300,6,67,67301,2012,8,4,9999,99,1,1,0,8,1, , ,N,1,0,0,3,0,1,2,2,Y,N,39 59:27.061,75 09:18.508,814, ,812, ,0, ,N, ,0, , , , , ,672136, , , ,1,0,0,0,0,0,0,1,0,0,0,0,1,1,0,0,0,0,0,0,0,0,0,0,0,0,0,0,0,0,0,0,1,0,0,8,0,39.9909,-75.1551, , 
 ,61203,2012084147,6,67,67301,2012,8,7,1220,12,1,1,0,4,1, , ,N,2,3,0,3,0,0,3,2,N,N,39 59:25.188,75 05:26.643,1220, ,1220,2,2,6,N, ,3,Y, , , , ,672137, , , ,2,1,0,0,0,0,0,1,0,0,0,0,0,0,0,0,0,0,0,0,0,0,0,0,0,0,0,0,0,0,0,0,0,0,0,0,0,39.9903,-75.0907, , 
 ,61204,2012093627,6,67,67301,2012,9,2,1054,10,1,1,0,1,1, , ,N,0,0,3,3,0,1,2,2,N,N,39 57:36.442,75 10:47.560,1054, ,1054,1,1,4,N, ,0,Y, , , , ,672149, , , ,2,1,0,0,0,0,1,0,0,0,0,0,1,1,0,0,0,0,0,0,1,0,0,0,0,0,0,0,0,0,0,0,0,0,0,8,0,39.9601,-75.1799, , 
 ,61205,2012098404,6,67,67301,2012,8,6,805,8,1,1,0,4,1, , ,N,1,2,0,3,0,1,2,2,N, ,39 57:44.409,75 09:40.847,9999, ,9999, ,0, , , ,3, , , , , ,672154, , , ,1,1,0,0,0,0,0,0,1,0,0,1,1,0,0,0,0,0,0,0,1,0,0,0,0,0,0,0,0,0,0,0,0,0,0,4,0,39.9623,-75.1613, , 
 ,61206,2012083288,6,67,67301,2012,7,6,1828,18,1,1,0,8,1, , ,N,0,0,0,3,0,1,2,2,N,N,39 56:29.236,75 14:06.212,1849, ,1849, ,0, ,N, ,0, , , , , ,672164, , , ,1,1,0,0,0,0,0,0,0,0,0,1,1,0,0,0,0,0,0,0,0,0,0,0,0,0,0,0,0,0,0,0,1,0,0,4,0,39.9415,-75.2351, , 
 ,61207,2012083305,6,67,67301,2012,7,1,9999,99,1,1,0,4,1, , ,N,1,2,0,3,0,2,2,2,N, ,39 56:37.683,75 13:22.061,9999, ,9999, ,0, , , ,3, , , , , ,672165, , , ,2,1,1,0,0,0,0,0,0,0,1,1,2,0,0,0,0,0,0,0,0,0,0,0,0,0,0,0,0,0,0,0,0,0,0,3,0,39.9438,-75.2228, , 
 ,61208,2012094712,6,67,67301,2012,9,6,908,9,1,1,0,1,1, , ,N,0,0,0,3,0,0,3,3,N,N,39 57:29.165,75 09:52.033,918, ,912,2,1,3,N, ,0,N, , , , ,672177, , , ,3,2,0,0,1,0,0,0,0,0,0,0,0,0,0,0,0,0,0,0,1,0,0,0,0,0,0,0,0,0,0,0,0,0,0,0,0,39.9581,-75.1645, , 
 ,61209,2012095433,6,67,67301,2012,8,5,1219,12,1,1,0,5,1, , ,N,3,0,0,3,0,1,1,2,N,N,39 58:11.428,75 12:41.720,1228, ,1226, ,0, ,N, ,0, , , , , ,672178, , , ,2,0,1,0,0,0,0,1,0,0,1,0,1,0,0,0,0,0,0,0,1,0,0,0,0,0,0,0,0,0,0,0,0,0,0,3,0,39.9699,-75.2115, , 
 ,61210,2012095540,6,67,67301,2012,8,2,1437,14,1,1,0,5,1, , ,N,0,2,0,3,0,1,3,2,N,N,39 58:44.135,75 09:35.101,9999, ,9999, ,0, ,N, ,3, , , , , ,672179, , , ,2,1,0,1,0,0,0,0,0,0,0,1,1,0,0,0,0,0,0,0,0,0,0,0,0,0,0,0,0,0,0,0,0,0,0,4,0,39.9789,-75.1598, , 
 ,61211,2012109824,6,67,67301,2012,9,3,1715,17,1,1,0,1,1, , ,N,0,0,0,3,0,0,2,2,N,N,40 04:39.059,74 57:53.749,1719, ,1718,1,1,3,N, ,0,N, , , , ,672191, , , ,2,1,0,0,1,0,0,0,0,0,0,0,0,0,0,0,0,0,0,0,0,0,0,0,0,0,0,0,0,0,0,0,0,0,0,0,0,40.0775,-74.9649, , 
 ,61212,2012117295,6,67,67301,2012,10,4,45,0,3,8,8,8,1, , ,N,0,0,0,3,0,1,2,2,N,N,39 59:38.695,75 10:04.508,102, ,59, ,0, ,N, ,0, , , , , ,672200, , , ,1,1,0,0,0,0,0,0,0,0,0,0,1,1,0,0,0,0,0,0,0,0,0,0,0,0,0,0,0,0,0,0,1,0,0,8,0,39.9941,-75.1679, , 
 ,61213,2012023965,6,67,67301,2012,1,3,1602,16,1,9,0,1,1, , ,N,0,7,0,3,0,1,3,3,N,N,40 00:59.097,75 10:31.106,1610, ,1606,1,2,3,N, ,3,N, , , , ,672214, , , ,3,1,0,0,1,0,1,0,0,0,0,0,1,1,2,0,0,0,0,0,2,0,0,3,0,0,0,0,0,0,0,0,0,0,0,8,0,40.0164,-75.1753, , 
 ,61214,2012026261,6,67,67301,2012,1,7,119,1,3,1,0,7,2, , ,N,0,0,0,3,0,0,4,1,N,N,40 02:58.442,75 11:37.809,124, ,121, ,0, , , ,0, , , , , ,672219, , , ,1,0,0,0,0,0,0,1,0,0,0,0,0,0,0,0,0,0,0,0,0,0,0,0,0,0,0,0,0,0,0,0,0,0,0,0,0,40.0496,-75.1938, , 
 ,61215,2012041679,6,67,67301,2012,3,5,630,6,1,5,1,7,5, , ,N,1,2,0,3,0,0,1,1,N,N,40 02:40.636,75 03:16.819,645, ,632,1,1,2,N, ,3,N, , , , ,672231, , , ,1,0,0,0,0,0,1,0,0,0,0,0,0,0,0,0,0,0,0,1,0,0,0,0,0,0,0,0,0,0,0,0,0,0,0,0,0,40.0446,-75.0547, , 
 ,61216,2012049717,6,67,67301,2012,4,4,925,9,1,1,0,4,1, , ,N,2,3,0,3,0,1,2,2,N, ,39 59:00.452,75 13:18.237,1000, ,943, ,0, , , ,3, , , , , ,672237, , , ,2,1,0,0,1,0,0,0,0,0,0,1,1,0,0,0,0,0,1,0,1,0,0,2,0,0,0,0,0,0,0,0,0,0,0,4,0,39.9835,-75.2217, , 
 ,61217,2012056721,6,67,67301,2012,5,2,400,4,3,1,0,4,6, , ,N,0,0,0,3,0,2,3,4,N, ,40 03:57.567,74 59:17.113,409, ,404, ,0, , , ,0, , , , , ,672244, , , ,4,1,0,0,0,0,2,0,0,0,2,0,2,0,0,0,0,0,1,0,0,0,0,0,0,0,0,0,0,0,0,0,0,0,0,3,0,40.066,-74.9881, , 
 ,61218,2012028478,6,67,67301,2012,2,6,1830,18,3,1,0,1,1, , ,N,1,2,0,3,0,1,4,2,N,N,40 01:57.154,75 07:27.076,1847, ,1844, ,0, ,N, ,3, , , , , ,675894, , , ,2,2,0,0,0,0,0,0,0,0,0,0,1,1,0,0,0,0,0,0,0,0,0,0,0,0,0,0,0,0,0,0,0,0,0,8,0,40.0325,-75.1242, , 
 ,61219,2012032739,6,67,67301,2012,2,4,915,9,1,1,0,4,1, , ,N,1,3,0,3,0,3,5,2,N,N,39 58:11.481,75 14:28.150,918, ,917, ,0, , , ,3, , , , , ,675900, , , ,2,0,0,0,1,0,1,0,0,0,0,0,3,3,0,0,0,0,0,0,0,0,0,2,0,0,0,0,0,0,0,0,0,0,0,8,0,39.9699,-75.2412, , 
 ,61220,2012052205,6,67,67301,2012,5,7,304,3,3,1,0,7,2, , ,N,0,0,0,3,0,0,1,1,N,N,39 58:35.459,75 11:47.407,310, ,306,1,2,3,N, ,0,N, , , , ,675948, , , ,1,1,0,0,0,0,0,0,0,0,0,0,0,0,0,0,0,0,0,0,0,0,0,0,0,0,0,0,0,0,0,0,0,0,0,0,0,39.9765,-75.1965, , 
Y,61221,2012056203,6,67,67301,2012,5,2,436,4,3,1,0,7,4,1,8,Y,0,0,3,3,0,0,1,1,N,N,39 53:47.120,75 11:28.569,446,55,439,1,1,2,Y, ,0,N,N,N,N,N,675952,N,N,N,1,1,0,0,0,0,0,0,0,0,0,0,0,0,0,0,0,0,0,0,0,0,0,1,0,0,0,0,0,0,0,0,0,0,0,0,0,39.8964,-75.1912, , 
 ,61222,2012056636,6,67,67301,2012,5,4,1750,17,1,1,0,4,1, , ,N,1,3,0,3,0,1,4,2,N, ,39 57:57.913,75 14:09.124,1756, ,1753, ,0, , , ,3, , , , , ,675953, , , ,2,2,0,0,0,0,0,0,0,0,0,1,1,0,0,0,0,0,0,0,1,0,0,0,0,0,0,0,0,0,0,0,0,0,0,4,0,39.9661,-75.2359, , 
 ,61223,2012002765,6,67,67301,2012,1,4,2330,23,3,4,6,7,2, , ,N,0,0,0,3,0,0,1,1,N,N,39 57:34.546,75 10:32.153,56, ,56, ,0, ,N, ,0, , , , , ,675960, , , ,1,0,0,0,1,0,0,0,0,0,0,0,0,0,0,0,0,0,0,0,0,0,0,0,0,0,0,0,0,0,0,0,0,0,0,0,0,39.9596,-75.1756, , 
 ,61224,2012068723,6,67,67301,2012,5,5,2107,21,3,1,0,4,1, , ,N,2,2,0,3,0,1,2,2,N,N,39 56:39.012,75 08:31.072,2138, ,2127,2,2,1,N, ,3,N, , , , ,675968, , , ,2,2,0,0,0,0,0,0,0,0,0,0,1,1,0,0,0,0,0,0,1,0,0,0,0,0,0,0,0,0,0,0,0,0,0,8,0,39.9442,-75.142, , 
 ,61225,2012083793,6,67,67301,2012,8,5,1830,18,3,1,0,4,1, , ,N,1,0,0,3,0,1,3,2,N,N,39 59:23.859,75 07:01.843,100, ,100, ,0, ,N, ,0, , , , , ,675989, , , ,1,1,0,0,0,0,0,0,1,0,0,1,1,0,0,0,0,0,0,0,0,0,0,0,0,0,0,0,0,0,0,0,0,0,0,4,0,39.99,-75.1172, , 
 ,61226,2012020418,6,67,67301,2012,2,7,1724,17,1,1,0,4,1, , ,N,1,2,0,3,0,1,2,2,N,N,39 59:24.398,75 10:23.544,1725, ,1724, ,0, ,N, ,3, , , , , ,676016, , , ,2,2,0,0,0,0,0,0,0,0,0,1,1,0,0,0,0,0,0,1,1,0,0,0,0,0,0,0,0,0,0,0,0,0,0,4,0,39.9901,-75.1732, , 
 ,61227,2012036990,6,67,67301,2012,3,6,1204,12,1,1,0,1,1, , ,N,1,2,0,3,0,2,5,4,N,N,39 57:44.409,75 09:40.847,1212, ,1206, ,0, ,N, ,3, , , , , ,676029, , , ,3,2,0,0,1,0,0,0,0,0,0,0,2,2,0,0,0,0,0,0,1,0,0,0,0,0,0,0,0,0,0,0,0,0,0,8,0,39.9623,-75.1613, , 
 ,61228,2012042206,6,67,67301,2012,3,4,1313,13,1,1,0,8,1, , ,N,0,0,0,3,0,1,2,2,N, ,39 56:36.056,75 13:20.211,1316, ,1315, ,0, , , ,0, , , , , ,676030, , , ,1,1,0,0,0,0,0,0,0,0,0,1,1,0,0,0,0,0,0,0,0,1,0,0,0,0,0,0,0,0,0,0,1,0,0,4,0,39.9433,-75.2223, , 
 ,61229,2012054902,6,67,67301,2012,5,4,1656,16,1,1,0,1,1, , ,N,0,0,0,3,0,1,2,2,N,N,39 59:39.906,75 05:02.215,1708, ,1706,1,1,1,N, ,0,N, , , , ,676039, , , ,2,1,0,0,0,0,1,0,0,0,0,1,1,0,0,0,0,0,0,0,1,0,0,1,0,0,0,0,0,0,0,0,0,0,0,4,0,39.9943,-75.084, , 
 ,61230,2012063873,6,67,67301,2012,5,2,2239,22,3,2,1,8,1, , ,N,1,2,0,3,0,1,2,2,N,N,39 55:01.859,75 14:46.691,2241, ,2241,9,1,1,N, ,3,N, , , , ,676047, , , ,1,0,0,0,0,0,1,0,0,0,1,0,1,0,0,0,0,0,0,0,0,0,0,0,0,0,0,0,0,0,0,0,1,0,0,3,0,39.9172,-75.2463, , 
 ,61231,2012013098,6,67,67301,2012,1,1,1000,10,1,1,0,4,1, , ,N,10,2,0,3,0,1,2,2,N, ,39 59:08.941,75 09:08.931,9999, ,103, ,0, , , ,3, , , , , ,676063, , , ,1,0,0,0,0,0,1,0,1,0,0,1,1,0,0,0,0,0,0,0,1,0,0,0,0,0,0,0,0,0,0,0,0,0,0,4,0,39.9858,-75.1525, , 
 ,61232,2012032644,6,67,67301,2012,2,5,825,8,1,1,0,4,1, , ,N,2,3,0,3,0,1,2,2,N,N,39 56:36.416,75 08:36.679,833, ,828, ,0, ,N, ,3, , , , , ,676086, , , ,2,2,0,0,0,0,0,0,0,0,0,1,1,0,0,0,0,0,0,0,0,0,0,0,0,0,0,0,0,0,0,0,0,0,0,4,0,39.9434,-75.1435, , 
 ,61233,2012034741,6,67,67301,2012,3,6,1520,15,1,1,0,1,1, , ,N,0,0,0,3,0,1,2,2,N,N,40 02:40.537,75 08:36.704,1545, ,1520, ,0, ,N, ,0, , , , , ,676088, , , ,2,2,0,0,0,0,0,0,0,0,0,1,1,0,0,0,0,0,0,0,0,0,0,0,0,0,0,0,0,0,0,0,0,0,0,4,0,40.0446,-75.1435, , 
 ,61234,2012049521,6,67,67301,2012,5,4,421,4,3,2,1,7,2, , ,N,0,7,0,3,0,0,1,1,N,N,39 58:47.646,75 12:16.955,421, ,421,2,1,3,N, ,3,N, , , , ,676096, , , ,1,0,0,0,0,1,0,0,0,0,0,0,0,0,0,0,0,0,0,0,0,0,1,0,0,0,0,0,0,0,0,0,0,0,0,0,1,39.9799,-75.2047, , 
 ,61235,2012056551,6,67,67301,2012,5,5,833,8,1,6,1,4,1, , ,N,0,0,0,3,0,2,2,2,N,N,39 56:48.704,75 10:58.739,840, ,836, ,0, ,N, ,0, , , , , ,676100, , , ,1,1,0,0,0,0,0,0,1,0,0,2,2,0,0,0,0,0,0,0,0,0,1,0,0,0,0,0,0,0,0,0,0,0,0,4,0,39.9469,-75.183, , 
 ,61236,2012063988,6,67,67301,2012,5,6,1425,14,1,1,0,8,1, , ,N,1,2,0,3,0,1,2,2,N,N,40 04:30.943,75 04:24.500,1437, ,1431, ,0, ,N, ,3, , , , , ,679495, , , ,1,0,0,0,1,0,0,0,0,0,1,0,1,0,0,0,0,0,1,0,0,0,0,0,0,0,0,0,0,0,0,0,1,0,0,3,0,40.0753,-75.0735, , 
 ,61237,2012075956,6,67,67301,2012,6,5,1920,19,1,1,0,8,1, , ,N,0,0,0,3,0,1,2,2,N,N,40 00:41.486,75 06:24.307,1930, ,1924, ,0, ,N, ,0, , , , , ,679503, , , ,1,1,0,0,0,0,0,0,0,0,0,1,1,0,0,0,0,0,0,0,0,0,0,0,0,0,0,0,0,0,0,0,1,0,0,4,0,40.0115,-75.1068, , 
 ,61238,2012078152,6,67,67301,2012,7,5,1618,16,1,1,0,4,1, , ,N,1,3,0,3,0,1,2,2,N,N,40 01:38.118,75 04:58.832,9999, ,1618, ,0, ,N, ,3, , , , , ,679506, , , ,2,1,0,0,1,0,0,0,0,0,1,0,1,0,1,0,0,0,0,0,1,0,0,0,0,0,0,0,0,0,0,0,0,0,0,3,0,40.0273,-75.083, , 
 ,61239,2012078221,6,67,67301,2012,7,4,9999,99,1,1,0,4,6, , ,N,0,0,0,3,0,1,2,2,N,N,40 01:28.077,75 06:36.084,9999, ,9999, ,0, ,N, ,0, , , , , ,679507, , , ,2,0,0,0,2,0,0,0,0,0,0,0,1,1,0,0,0,0,0,0,0,0,0,0,0,0,0,0,0,0,0,0,0,0,0,8,0,40.0245,-75.11, , 
 ,61240,2012078255,6,67,67301,2012,7,4,850,8,1,1,0,8,1, , ,N,1,2,0,3,0,1,2,2,N,N,39 55:00.583,75 10:16.768,910, ,900,1,1,2,N, ,3,N, , , , ,679508, , , ,1,1,0,0,0,0,0,0,0,0,1,0,1,0,0,0,0,0,0,0,0,0,0,0,0,0,0,0,0,0,0,0,1,0,0,3,0,39.9168,-75.1713, , 
 ,61241,2012078585,6,67,67301,2012,7,1,920,9,1,1,0,1,1, , ,N,1,2,0,3,0,1,2,2,N,N,40 05:37.163,74 58:48.657,930, ,920,1,1,4,N, ,3,N, , , , ,679509, , , ,2,2,0,0,0,0,0,0,0,0,0,1,1,0,0,0,0,0,0,0,1,0,0,0,0,0,0,0,0,0,0,0,0,0,0,4,0,40.0935,-74.9802, , 
 ,61242,2012080429,6,67,67301,2012,7,1,2309,23,3,1,0,8,1, , ,N,0,0,0,3,1,0,2,2,N,N,39 55:04.848,75 12:35.599,2311, ,2310,4,2,7,N,0,0,Y, , , , ,679511, , , ,1,0,0,0,0,0,0,1,0,0,0,0,0,0,0,0,0,0,0,0,0,0,0,0,0,0,0,0,0,0,0,0,1,1,0,1,0,39.9181,-75.2095,2, 
 ,61243,2012059849,6,46,46102,2012,6,6,1610,16,1,1,0,5,2, , ,N,0,0,0,3,0,2,3,4,N,N,40 03:57.402,75 08:38.445,1615, ,1610,2,1,4,N, ,0,N, , , , ,679531, , , ,4,3,0,0,0,0,1,0,0,0,0,0,2,2,0,0,0,0,0,0,0,0,1,0,0,0,0,0,0,0,0,0,0,0,0,8,0,40.0659,-75.144, , 
 ,61244,2012017886,6,67,67301,2012,1,5,720,7,1,2,1,1,1, , ,N,1,0,0,3,0,0,5,3,N,N,40 01:48.790,75 05:17.559,730, ,725,1,1,2,N, ,0,N, , , , ,679550, , , ,3,2,0,0,1,0,0,0,0,0,0,0,0,0,0,0,0,0,0,0,0,0,0,1,0,0,0,0,0,0,0,0,0,0,0,0,0,40.0301,-75.0882, , 
 ,61245,2012049728,6,67,67301,2012,4,2,2158,21,6,1,0,1,1, , ,N,1,2,0,3,0,0,3,2,N,N,40 02:32.520,75 03:02.225,2205, ,2201, ,0, ,N, ,3, , , , , ,679577, , , ,2,2,0,0,0,0,0,0,0,0,0,0,0,0,0,0,0,0,1,0,0,0,0,0,0,0,0,0,0,0,0,0,0,0,0,0,0,40.0423,-75.0506, , 
 ,61246,2012020405,6,67,67301,2012,1,3,2112,21,3,1,0,8,1, , ,N,1,2,0,3,0,1,7,2,N,N,40 03:16.724,75 07:29.999,2123, ,2100, ,0, ,N, ,3, , , , , ,679592, , , ,1,0,0,0,0,0,1,0,0,0,0,1,1,0,0,0,0,0,0,0,0,0,0,1,0,0,0,0,0,0,0,0,1,0,0,4,0,40.0546,-75.125, , 
 ,61247,2012041662,6,67,67301,2012,4,1,1946,19,3,2,1,8,1, , ,N,5,3,0,3,0,1,2,2,N,N,40 03:20.430,75 03:32.144,1950, ,1947,1,1,3,N, ,3,N, , , , ,679611, , , ,1,1,0,0,0,0,0,0,0,0,0,0,1,1,0,0,0,0,0,0,0,0,0,0,0,0,0,0,0,0,0,0,1,0,0,8,0,40.0557,-75.0589, , 
 ,61248,2012042576,6,67,67301,2012,3,1,1059,10,1,1,0,4,1, , ,N,1,3,0,3,0,1,2,2,N, ,40 01:27.483,75 09:40.489,1101, ,1100,1,1,2, , ,3,N, , , , ,679613, , , ,2,2,0,0,0,0,0,0,0,0,0,1,1,0,0,0,0,0,0,0,1,0,0,0,0,0,0,0,0,0,0,0,0,0,0,4,0,40.0243,-75.1612, , 
 ,61249,2012047154,6,67,67301,2012,4,3,1655,16,1,1,0,4,1, , ,N,1,2,0,3,0,2,4,2,N,N,40 00:25.925,75 07:23.947,1659, ,1659, ,0, ,N, ,3, , , , , ,679618, , , ,2,2,0,0,0,0,0,0,0,0,0,2,2,0,0,0,0,0,0,0,0,0,0,0,0,0,0,0,0,0,0,0,0,0,0,4,0,40.0072,-75.1234, , 
 ,61250,2012048269,6,67,67301,2012,4,7,1115,11,1,1,0,4,1, , ,N,0,0,0,3,0,1,2,3,N, ,40 05:49.015,75 01:04.575,1117, ,1115, ,0, , , ,0, , , , , ,679620, , , ,3,2,0,0,0,0,1,0,0,0,0,0,1,1,0,0,0,0,0,1,1,0,0,0,0,0,0,0,0,0,0,0,0,0,0,8,0,40.0969,-75.0179, , 
 ,61251,2012047088,6,67,67301,2012,4,6,9999,99,1,1,0,4,1, , ,N,1,3,0,3,0,1,2,3,N,N,39 58:01.531,75 12:23.921,1735, ,1731,9,1,1,N, ,3,N, , , , ,679634, , , ,3,2,0,0,1,0,0,0,0,0,0,0,1,1,1,0,0,0,0,0,0,0,1,0,0,0,0,0,0,0,0,0,0,0,0,8,0,39.9671,-75.2066, , 
 ,61252,2012048342,6,67,67301,2012,4,4,1218,12,1,1,0,5,1, , ,N,0,0,0,3,0,1,1,6,N, ,39 59:07.274,75 07:27.594,1218, ,1218, ,0, , , ,0, , , , , ,679636, , , ,6,5,1,0,0,0,0,0,0,0,0,0,1,1,0,0,0,0,0,0,0,0,0,0,0,0,0,0,0,0,0,0,0,0,0,8,0,39.9854,-75.1243, , 
 ,61253,2012060716,6,67,67301,2012,5,6,2253,22,3,1,0,4,1, , ,N,1,3,0,3,0,0,2,2,N,N,39 56:14.888,75 09:17.859,2339, ,2339, ,0, , , ,3, , , , , ,679679, , , ,2,1,0,0,0,0,1,0,0,0,0,0,0,0,0,0,0,0,0,0,0,0,0,0,0,0,0,0,0,0,0,0,0,0,0,0,0,39.9375,-75.155, , 
 ,61254,2012004427,6,67,67301,2012,1,4,2305,23,3,4,3,5,2, , ,N,0,0,0,3,0,1,3,3,N,N,39 57:53.345,75 08:14.613,2322, ,2308,2,1,2,N, ,0,N, , , , ,681600, , , ,3,3,0,0,0,0,0,0,0,0,1,0,1,0,0,0,0,0,0,0,0,1,0,0,0,0,0,0,0,0,0,0,0,0,0,3,0,39.9647,-75.1375, , 
 ,61255,2012066658,6,67,67301,2012,6,7,9999,99,3,1,0,4,1, , ,N,1,2,0,3,0,1,6,2,N, ,39 58:17.205,75 09:33.736,213, ,211,1,1,1, , ,3,N, , , , ,681613, , , ,2,2,0,0,0,0,0,0,0,0,0,1,1,0,0,0,0,1,0,0,0,0,0,1,0,0,0,0,0,0,0,0,0,0,0,4,0,39.9714,-75.1594, , 