wz_ln_closure,objectid_1,crn,district,county,municipality,crash_year,crash_month,day_of_week,time_of_day,hour_of_day,illumination,weather,road_condition,collision_type,relation_to_road,work_zone_type,work_zone_loc,work_zone_ind,intersect_type,tcd_type,location_type,urban_rural,fatal_count,injury_count,person_count,total_units,sch_bus_ind,sch_zone_ind,latitude,longitude,arrival_tm,cons_zone_spd_lim,dispatch_tm,est_hrs_closed,lane_closed,ln_close_dir,ntfy_hiwy_maint,spec_juris_cd,tcd_func_cd,tfc_detour_ind,workers_pres,wz_close_detour,wz_flagger,wz_law_offcr_ind,objectid,wz_moving,wz_other,wz_shlder_mdn,vehicle_count,automobile_count,motorcycle_count,bus_count,small_truck_count,heavy_truck_count,suv_count,van_count,bicycle_count,maj_inj_count,mod_inj_count,min_inj_count,tot_inj_count,unk_inj_deg_count,unk_inj_per_count,driver_count_16yr,driver_count_17yr,driver_count_18yr,driver_count_19yr,driver_count_20yr,driver_count_50_64yr,driver_count_65_74yr,driver_count_75plus,unbelted_occ_count,unb_death_count,unb_maj_inj_count,belted_death_count,belted_maj_inj_count,mcycle_death_count,mcycle_maj_inj_count,bicycle_death_count,bicycle_maj_inj_count,ped_count,ped_death_count,ped_maj_inj_count,max_severity_level,comm_veh_count,dec_lat,dec_long,rdwy_surf_type_cd,county_name
 ,61323,2012041791,6,67,67301,2012,4,4,1,0,3,1,0,1,1, , ,N,1,2,0,3,0,0,5,2,N,N,39 59:32.053,75 14:44.477,4, ,1,2,1,2,N, ,2,N, , , , ,679811, , , ,2,1,0,0,1,0,0,0,0,0,0,0,0,0,0,0,0,1,0,0,0,0,0,0,0,0,0,0,0,0,0,0,0,0,0,0,1,39.9922,-75.2457, , 
 ,61324,2012041819,6,67,67301,2012,4,6,122,1,3,1,0,7,4, , ,N,0,0,0,3,0,2,2,1,N,N,39 57:30.096,75 10:48.947,129, ,124,2,1,4,N, ,0,Y, , , , ,679812, , , ,1,1,0,0,0,0,0,0,0,0,0,0,2,2,0,0,0,0,0,0,0,0,0,0,0,0,0,0,0,0,0,0,0,0,0,8,0,39.9584,-75.1803, , 
 ,61325,2012048159,6,67,67301,2012,3,6,42,0,3,1,0,1,1, , ,N,0,7,0,3,0,2,2,2,N,N,40 00:48.789,75 10:47.039,45, ,42,9,2,2,N, ,4,N, , , , ,679820, , , ,2,1,0,0,0,0,0,1,0,0,1,1,2,0,0,0,0,0,0,0,2,0,0,0,0,0,0,0,0,0,0,0,0,0,0,3,0,40.0136,-75.1797, , 
 ,61326,2012060671,6,67,67301,2012,5,7,2055,20,3,1,0,7,1, , ,N,1,2,0,3,0,1,2,2,N,N,40 00:57.144,75 09:13.828,2102, ,2058, ,0, ,N, ,3, , , , , ,679836, , , ,1,1,0,0,0,0,0,0,0,0,0,1,1,0,0,0,0,0,0,0,0,0,1,0,0,0,0,0,0,0,0,0,1,0,0,4,0,40.0159,-75.1538, , 
 ,61327,2012068699,6,67,67301,2012,6,1,1605,16,1,1,0,4,1, , ,N,1,0,0,3,0,2,5,2,N,N,39 57:31.363,75 09:43.712,1620, ,1612, ,0, ,N, ,0, , , , , ,679847, , , ,2,2,0,0,0,0,0,0,0,0,0,2,2,0,0,0,0,0,0,0,0,0,0,0,0,0,0,0,0,0,0,0,0,0,0,4,0,39.9587,-75.1621, , 
 ,61328,2012052688,6,67,67301,2012,4,4,1737,17,1,1,0,4,1, , ,N,0,0,0,3,0,2,5,2,N,N,40 01:11.208,75 07:36.168,1810, ,1807, ,0, ,N, ,0, , , , , ,683134, , , ,2,1,0,0,1,0,0,0,0,0,0,2,2,0,0,0,0,0,0,0,0,0,0,0,0,0,0,0,0,0,0,0,0,0,0,4,0,40.0198,-75.1267, , 
 ,61329,2012056669,6,67,67301,2012,5,5,2100,21,3,1,0,4,1, , ,N,1,2,0,3,0,4,4,2,N,N,39 59:49.350,75 10:42.861,2220, ,2215, ,0, ,N, ,9, , , , , ,683138, , , ,2,1,0,0,0,0,1,0,0,0,0,1,4,3,0,0,0,0,0,0,1,0,0,4,0,0,0,0,0,0,0,0,0,0,0,4,0,39.997,-75.1786, , 
 ,61330,2012104021,6,67,67301,2012,9,7,37,0,3,1,0,1,1, , ,N,1,2,0,3,0,1,2,2,N,N,39 57:07.661,75 09:41.216,45, ,41,2,1,1, , ,3,N, , , , ,683171, , , ,2,1,0,0,0,0,0,0,1,0,0,1,1,0,0,0,0,0,0,0,0,0,0,0,0,0,0,0,0,0,0,0,0,0,0,4,0,39.9521,-75.1615, , 
 ,61331,2012104241,6,67,67301,2012,8,3,925,9,1,1,0,1,1, , ,N,1,0,0,3,0,0,2,2,N, ,39 57:34.682,75 10:06.956,940, ,930,2,1,2, , ,0,N, , , , ,683172, , , ,2,1,0,0,0,0,1,0,0,0,0,0,0,0,0,0,0,0,0,0,1,0,0,0,0,0,0,0,0,0,0,0,0,0,0,0,0,39.9596,-75.1686, , 
 ,61332,2012128299,6,67,67301,2012,11,4,1654,16,3,1,0,5,1, , ,N,1,3,0,3,0,0,4,2,N,N,40 07:30.036,75 01:03.799,1711, ,1705, ,0, , , ,3, , , , , ,683186, , , ,2,2,0,0,0,0,0,0,0,0,0,0,0,0,0,0,0,0,0,0,0,0,0,0,0,0,0,0,0,0,0,0,0,0,0,0,0,40.125,-75.0177, , 
 ,61333,2012062639,6,67,67301,2012,6,7,1213,12,1,1,0,1,1, , ,N,0,0,0,3,0,1,3,2,N,N,39 58:22.087,75 11:37.683,1221, ,1214, ,0, ,N, ,0, , , , , ,683199, , , ,2,2,0,0,0,0,0,0,0,0,0,1,1,0,0,0,0,0,1,0,0,0,0,0,0,0,0,0,0,0,0,0,0,0,0,4,0,39.9728,-75.1938, , 
 ,61334,2012070922,6,67,67301,2012,5,1,1919,19,1,1,0,5,1, , ,N,7,0,0,3,0,0,2,2,N,N,39 57:06.095,75 08:29.301,1928, ,1921, ,0, ,N, ,0, , , , , ,683204, , , ,2,2,0,0,0,0,0,0,0,0,0,0,0,0,1,0,0,0,0,0,0,1,0,0,0,0,0,0,0,0,0,0,0,0,0,9,0,39.9517,-75.1415, , 
 ,61335,2012098285,6,67,67301,2012,9,3,1153,11,1,1,0,6,1, , ,N,1,2,0,3,0,1,1,2,N,N,39 55:25.928,75 13:29.863,1155, ,1155, ,0, ,N, ,3, , , , , ,683229, , , ,2,0,0,0,0,0,2,0,0,0,0,0,0,0,0,0,0,0,0,0,0,0,0,0,0,0,0,0,0,0,0,0,0,0,0,0,0,39.9239,-75.225, , 
 ,61336,2012057218,6,67,67301,2012,5,2,840,8,1,1,0,5,1, , ,N,0,0,0,3,0,3,3,2,N,N,39 58:07.695,75 11:29.253,842, ,842,2,2,4,N, ,0,N, , , , ,683239, , , ,2,1,0,0,0,0,0,1,0,0,0,0,3,3,0,0,0,0,0,0,1,0,0,0,0,0,0,0,0,0,0,0,0,0,0,8,0,39.9688,-75.1915, , 
 ,61337,2012026205,6,67,67301,2012,2,4,810,8,1,2,1,4,1, , ,N,1,2,0,3,0,2,2,2,N,N,39 56:30.714,75 13:31.922,815, ,811,1,1,1,N, ,3,N, , , , ,683260, , , ,2,1,0,0,0,0,0,1,0,0,0,1,2,1,0,0,0,0,0,0,0,0,0,0,0,0,0,0,0,0,0,0,0,0,0,4,0,39.9419,-75.2255, , 
 ,61338,2012041702,6,67,67301,2012,4,3,100,1,3,1,0,4,1, , ,N,0,0,0,3,0,1,2,2,N,N,39 56:57.245,75 09:48.170,2150, ,2130, ,0, , , ,0, , , , , ,683271, , , ,1,1,0,0,0,0,0,0,1,0,1,0,1,0,0,0,0,0,0,0,0,0,0,0,0,0,0,0,0,0,0,0,0,0,0,3,0,39.9492,-75.1634, , 
 ,61339,2012047204,6,67,67301,2012,4,3,26,0,3,1,0,4,1, , ,N,1,2,0,3,0,1,3,3,N,N,39 57:25.253,75 12:48.054,30, ,26, ,0, ,N, ,3, , , , , ,683278, , , ,3,2,0,0,1,0,0,0,0,0,0,0,1,1,0,0,0,0,1,0,0,0,0,0,0,0,0,0,0,0,0,0,0,0,0,8,0,39.957,-75.2133, , 
 ,61340,2012064015,6,67,67301,2012,5,2,1630,16,1,1,8,8,1, , ,N,0,0,0,3,0,1,2,2,N,N,39 59:33.940,75 09:16.991,1632, ,1630,9,1,1,N, ,0,N, , , , ,683290, , , ,1,0,0,0,0,0,1,0,0,0,0,0,1,1,0,0,0,0,0,0,0,0,0,0,0,0,0,0,0,0,0,0,1,0,0,8,0,39.9928,-75.1547, , 
 ,61341,2012078713,6,67,67301,2012,8,5,1400,14,1,1,0,1,1, , ,N,0,0,0,3,0,0,4,3,N,N,39 57:30.885,75 10:02.742,1410, ,1401, ,0, ,N, ,0, , , , , ,683306, , , ,3,3,0,0,0,0,0,0,0,0,0,0,0,0,0,0,0,0,1,0,0,0,0,0,0,0,0,0,0,0,0,0,0,0,0,0,0,39.9586,-75.1674, , 
 ,61342,2012083778,6,67,67301,2012,8,1,1800,18,1,1,0,2,1, , ,N,1,2,0,3,0,1,2,2,N, ,39 59:45.293,75 05:31.432,1810, ,1804, ,0, , , ,3, , , , , ,683313, , , ,2,1,1,0,0,0,0,0,0,0,1,0,1,0,0,0,0,0,0,0,0,0,0,1,0,0,0,0,0,0,0,0,0,0,0,3,0,39.9959,-75.0921, , 
 ,61343,2012094707,6,67,67301,2012,9,5,1454,14,1,1,0,1,1, , ,N,6,0,2,3,0,2,3,2,N,N,39 56:54.491,75 11:10.619,1530, ,1510, ,0, ,N, ,0, , , , , ,683324, , , ,2,2,0,0,0,0,0,0,0,0,0,2,2,0,0,0,0,0,0,0,0,1,0,0,0,0,0,0,0,0,0,0,0,0,0,4,0,39.9485,-75.1863, , 
 ,61344,2012049765,6,67,67301,2012,4,1,337,3,3,1,0,4,1, , ,N,1,2,0,3,0,4,4,2,N,N,39 59:56.501,75 07:59.702,339, ,339, ,0, ,N, ,3, , , , , ,683334, , , ,2,2,0,0,0,0,0,0,0,0,0,2,4,2,0,0,0,0,0,0,0,0,0,0,0,0,0,0,0,0,0,0,0,0,0,4,0,39.999,-75.1332, , 
 ,61345,2012066434,6,67,67301,2012,5,1,1840,18,1,1,0,4,1, , ,N,2,2,0,3,0,1,2,2,N,N,40 03:36.586,75 11:27.771,1859, ,1858, ,0, ,N, ,3, , , , , ,683341, , , ,1,1,0,0,0,0,0,0,1,0,0,1,1,0,0,0,0,0,0,0,0,0,0,0,0,0,0,0,0,0,0,0,0,0,0,4,0,40.0602,-75.191, , 
 ,61346,2012041816,6,67,67301,2012,4,6,848,8,1,1,0,1,1, , ,N,7,0,2,3,0,3,3,3,N,N,39 58:15.132,75 11:34.938,901, ,858,2,2,3,N, ,0,Y, , , , ,672568, , , ,3,1,0,0,0,0,1,1,0,1,0,2,3,0,0,0,0,0,0,0,1,0,0,0,0,0,0,1,0,0,0,0,0,0,0,2,0,39.9732,-75.1937, , 
 ,61347,2012048669,6,67,67301,2012,5,7,402,4,3,1,0,4,1, , ,N,0,0,0,3,0,2,4,2,N,N,39 52:46.527,75 14:53.018,411, ,404, ,0, ,N, ,0, , , , , ,672575, , , ,2,2,0,0,0,0,0,0,0,0,0,0,2,2,0,0,0,0,0,0,1,0,0,0,0,0,0,0,0,0,0,0,0,0,0,8,0,39.8796,-75.2481, , 
 ,61348,2012056559,6,67,67301,2012,5,2,1640,16,1,1,0,3,1, , ,N,1,0,0,3,0,1,2,3,N,N,39 59:50.110,75 06:13.571,1942, ,1940,9,1,3, , ,0,N, , , , ,672581, , , ,3,3,0,0,0,0,0,0,0,0,0,0,1,1,0,0,0,0,0,0,0,0,0,0,0,0,0,0,0,0,0,0,0,0,0,8,0,39.9973,-75.1038, , 
 ,61349,2012056613,6,67,67301,2012,5,1,1330,13,1,1,0,4,1, , ,N,1,2,0,3,0,2,3,2,N,N,40 03:37.434,74 59:25.565,1350, ,1348,9,1,2,N, ,3,N, , , , ,672582, , , ,2,2,0,0,0,0,0,0,0,0,0,0,2,2,0,0,0,0,0,0,0,1,0,0,0,0,0,0,0,0,0,0,0,0,0,8,0,40.0604,-74.9904, , 
 ,61350,2012015397,6,67,67301,2012,1,3,1530,15,1,1,0,8,1, , ,N,0,0,0,3,0,1,2,2,N,N,40 01:41.790,75 12:54.429,1610, ,1605, ,0, ,N, ,0, , , , , ,672602, , , ,1,1,0,0,0,0,0,0,0,0,0,0,1,1,0,0,0,0,0,0,0,0,0,0,0,0,0,0,0,0,0,0,1,0,0,8,0,40.0283,-75.2151, , 
 ,61351,2012030056,6,67,67301,2012,3,6,1645,16,1,1,0,1,1, , ,N,0,0,3,3,0,2,2,2,N,N,39 53:41.319,75 11:39.544,1657, ,1650,2,1,2,N, ,0,N, , , , ,672610, , , ,2,2,0,0,0,0,0,0,0,0,0,0,2,2,0,0,0,0,0,0,1,0,0,0,0,0,0,0,0,0,0,0,0,0,0,8,0,39.8948,-75.1943, , 
 ,61352,2012036891,6,67,67301,2012,3,4,1330,13,1,1,0,8,1, , ,N,0,0,0,3,0,1,2,2,N,N,39 59:36.031,75 07:47.154,1345, ,1340, ,0, ,N, ,0, , , , , ,672661, , , ,1,1,0,0,0,0,0,0,0,0,1,0,1,0,0,0,0,0,0,0,0,0,0,0,0,0,0,0,0,0,0,0,1,0,0,3,0,39.9933,-75.1298, , 
 ,61353,2012041726,6,67,67301,2012,3,2,725,7,1,1,0,7,2, , ,N,0,0,0,3,0,1,1,2,N, ,40 06:11.819,74 59:28.101,731, ,729,1,1,4, , ,0,N, , , , ,672664, , , ,1,0,0,0,0,0,1,0,0,0,0,1,1,0,0,0,0,0,0,0,0,0,0,0,0,0,0,0,0,0,0,0,0,0,0,4,0,40.1033,-74.9911, , 
 ,61354,2012051054,6,67,67301,2012,4,1,1502,15,1,1,0,4,1, , ,N,1,2,0,3,0,2,3,2,N,N,39 57:30.652,75 09:56.236,1520, ,1516, ,0, ,N, ,2, , , , , ,672676, , , ,2,1,0,0,0,0,1,0,0,0,2,0,2,0,0,0,0,0,0,0,1,0,0,0,0,0,0,0,0,0,0,0,0,0,0,3,0,39.9585,-75.1656, , 
 ,61355,2012047533,6,67,67301,2012,5,7,939,9,1,1,0,4,1, , ,N,1,2,0,3,0,0,3,3,N,N,40 03:35.459,75 07:59.829,944, ,940, ,0, ,N, ,3, , , , , ,672701, , , ,3,1,0,0,0,0,2,0,0,0,0,0,0,0,0,0,0,1,0,0,1,0,0,0,0,0,0,0,0,0,0,0,0,0,0,0,0,40.0598,-75.1334, , 
 ,61356,2012055942,6,67,67301,2012,5,3,2209,22,3,1,0,7,2, , ,N,7,0,2,3,0,1,2,1,N,N,39 56:19.213,75 08:31.586,2221, ,2214,2,2,2,N, ,0,N, , , , ,672708, , , ,1,0,0,0,0,0,1,0,0,0,0,1,1,0,0,0,0,0,0,0,0,0,0,0,0,0,0,0,0,0,0,0,0,0,0,4,0,39.9386,-75.1421, , 
 ,61357,2012060694,6,67,67301,2012,5,6,1305,13,1,1,0,4,1, , ,N,0,0,7,3,0,2,4,2,N, ,39 58:01.243,75 14:44.911,1318, ,1316, ,0, , , ,0, , , , , ,672710, , , ,2,2,0,0,0,0,0,0,0,0,0,2,2,0,0,0,0,0,1,0,1,0,0,0,0,0,0,0,0,0,0,0,0,0,0,4,0,39.967,-75.2458, , 
 ,61358,2012015853,6,67,67301,2012,1,2,820,8,1,1,0,1,1, , ,N,1,2,0,3,0,1,3,2,N,N,40 02:38.691,75 07:43.766,825, ,820, ,0, ,N, ,3, , , , , ,672752, , , ,2,1,0,0,0,0,1,0,0,0,0,1,1,0,0,0,0,0,0,0,1,0,0,0,0,0,0,0,0,0,0,0,0,0,0,4,0,40.0441,-75.1288, , 
 ,61359,2012032658,6,67,67301,2012,2,2,420,4,3,1,0,4,1, , ,N,1,2,0,3,0,1,2,2,N, ,39 54:19.871,75 10:26.843,425, ,423, ,0, , , ,3, , , , , ,672768, , , ,2,1,0,0,0,0,1,0,0,1,0,0,1,0,0,0,0,0,0,0,0,0,0,0,0,0,0,0,0,0,0,0,0,0,0,2,0,39.9055,-75.1741, , 
 ,61360,2012078444,6,67,67301,2012,7,2,815,8,1,1,0,8,1, , ,N,1,2,0,3,0,1,2,2,N,N,40 02:20.709,75 08:41.028,830, ,815, ,0, ,N, ,3, , , , , ,672800, , , ,2,2,0,0,0,0,0,0,0,0,0,0,1,1,0,0,0,0,0,0,0,0,0,0,0,0,0,0,0,0,0,0,0,0,0,8,0,40.039,-75.1446, , 
 ,61361,2012078986,6,67,67301,2012,6,2,1200,12,1,1,0,6,6, , ,N,0,0,0,3,0,1,2,5,N,N,39 59:54.299,75 07:42.892,1400, ,1400, ,0, ,N, ,0, , , , , ,672801, , , ,4,2,0,0,1,0,0,1,0,0,0,0,1,1,0,0,0,0,0,0,0,1,0,1,0,0,0,0,0,0,0,0,1,0,0,8,0,39.9984,-75.1286, , 
 ,61362,2012080758,6,67,67301,2012,7,3,10,0,3,1,0,2,1, , ,N,0,0,0,3,0,1,1,2,N, ,40 05:37.597,74 59:19.870,13, ,10, ,0, , , ,0, , , , , ,672807, , , ,2,2,0,0,0,0,0,0,0,0,0,1,1,0,0,0,0,0,0,0,0,0,0,0,0,0,0,0,0,0,0,0,0,0,0,4,0,40.0938,-74.9889, , 
 ,61363,2012083332,6,67,67301,2012,7,5,1020,10,1,1,0,4,1, , ,N,1,2,0,3,0,2,2,3,N,N,39 58:41.798,75 14:46.070,1132, ,1034,9,1,2, , ,3,N, , , , ,672812, , , ,3,2,0,0,0,0,0,1,0,0,0,2,2,0,0,0,0,0,0,0,0,0,0,0,0,0,0,0,0,0,0,0,0,0,0,4,0,39.9783,-75.2461, , 
 ,61364,2012037416,6,67,67301,2012,3,1,425,4,3,1,0,1,1, , ,N,2,2,0,3,0,1,3,3,N,N,39 56:39.012,75 08:31.072,437, ,435, ,0, ,N, ,3, , , , , ,676331, , , ,3,1,0,0,1,0,1,0,0,0,0,1,1,0,1,0,0,0,0,0,2,0,0,0,0,0,0,0,0,0,0,0,0,0,0,4,0,39.9442,-75.142, , 
 ,61365,2012042160,6,67,67301,2012,3,4,830,8,1,1,0,1,1, , ,N,0,2,0,3,0,1,3,3,N,N,39 54:33.095,75 11:35.740,842, ,834,1,1,2,N, ,3,N, , , , ,676333, , , ,3,3,0,0,0,0,0,0,0,0,0,1,1,0,0,0,0,0,0,0,1,0,0,0,0,0,0,0,0,0,0,0,0,0,0,4,0,39.9092,-75.1933, , 
 ,61366,2012049516,6,67,67301,2012,5,6,713,7,1,2,1,1,7, , ,N,6,0,2,3,0,0,2,2,N,N,40 02:57.283,74 59:44.945,724, ,715,1,1,1,N, ,0,N, , , , ,676338, , , ,2,0,0,0,1,0,0,1,0,0,0,0,0,0,0,0,0,0,0,0,0,0,0,0,0,0,0,0,0,0,0,0,0,0,0,0,0,40.0492,-74.996, , 
 ,61367,2012049737,6,67,67301,2012,4,7,9999,99,1,1,0,7,5, , ,N,1,2,0,3,0,1,1,2,N,N,40 02:28.908,75 01:41.719,1145, ,1142, ,0, ,N, ,3, , , , , ,676382, , , ,1,1,0,0,0,0,0,0,0,0,0,1,1,0,0,0,0,0,0,0,0,0,0,0,0,0,0,0,0,0,0,0,0,0,0,4,0,40.0414,-75.0283, , 
 ,61368,2012050202,6,67,67301,2012,4,4,908,9,1,1,0,1,1, , ,N,1,2,0,3,0,1,2,2,N,N,40 02:20.299,75 09:00.122,911, ,910, ,0, ,N, ,3, , , , , ,676383, , , ,2,1,0,0,0,0,1,0,0,0,0,1,1,0,0,0,0,0,0,0,2,0,0,0,0,0,0,0,0,0,0,0,0,0,0,4,0,40.039,-75.15, , 
 ,61369,2012026250,6,67,67301,2012,1,2,749,7,1,1,0,4,1, , ,N,1,3,0,3,0,1,2,2,N,N,39 55:57.838,75 11:08.865,806, ,805, ,0, ,N, ,3, , , , , ,676410, , , ,2,2,0,0,0,0,0,0,0,0,0,0,1,1,0,0,1,0,0,0,0,0,0,0,0,0,0,0,0,0,0,0,0,0,0,8,0,39.9327,-75.1858, , 
 ,61370,2012049808,6,67,67301,2012,4,1,2105,21,3,2,1,6,1, , ,N,1,2,0,3,0,1,3,2,N,N,40 02:09.822,75 05:16.321,2118, ,2111, ,0, ,N, ,3, , , , , ,676426, , , ,2,1,0,0,0,0,1,0,0,0,0,1,1,0,0,0,0,0,0,0,2,0,0,0,0,0,0,0,0,0,0,0,0,0,0,4,0,40.0361,-75.0879, , 
 ,61371,2012051962,6,67,67301,2012,4,1,1252,12,1,1,0,8,1, , ,N,1,2,0,3,0,1,2,2,N,N,39 59:59.990,75 08:25.789,1340, ,1336, ,0, ,N, ,3, , , , , ,676428, , , ,1,1,0,0,0,0,0,0,0,0,1,0,1,0,0,0,0,0,0,0,0,0,0,0,0,0,0,0,0,0,0,0,1,0,0,3,0,40,-75.1405, , 
 ,61372,2012060805,6,67,67301,2012,5,7,1753,17,1,1,0,8,2, , ,N,1,0,0,3,0,2,2,2,N,N,39 57:54.373,75 12:19.715,1805, ,1758, ,0, ,N, ,0, , , , , ,676438, , , ,1,0,0,0,0,0,0,0,0,0,0,0,2,2,0,0,0,0,0,0,0,0,0,0,0,0,0,0,0,0,0,0,1,0,0,8,0,39.9651,-75.2054, , 
 ,61373,2012020596,6,67,67301,2012,1,6,657,6,1,9,0,8,1, , ,N,1,3,0,3,0,1,2,2,N, ,39 58:33.070,75 08:49.675,850, ,845, ,0, , , ,3, , , , , ,676458, , , ,1,1,0,0,0,0,0,0,0,0,0,1,1,0,0,0,0,0,0,0,1,0,0,0,0,0,0,0,0,0,0,0,1,0,0,4,0,39.9759,-75.1471, , 
 ,61374,2012049683,6,67,67301,2012,4,2,247,2,3,2,1,1,1, , ,N,1,2,0,3,0,2,4,2,N,N,40 02:54.628,75 09:02.883,314, ,314, ,0, ,N, ,3, , , , , ,676478, , , ,2,1,0,0,0,0,1,0,0,0,0,0,2,2,0,0,0,0,0,1,0,0,0,0,0,0,0,0,0,0,0,0,0,0,0,8,0,40.0485,-75.1508, , 
 ,61375,2012066513,6,67,67301,2012,6,6,1945,19,1,1,0,8,1, , ,N,1,2,0,3,0,1,2,2,N, ,39 59:20.627,75 05:22.626,1945, ,1945, ,0, , , ,3, , , , , ,676485, , , ,1,1,0,0,0,0,0,0,0,0,0,1,1,0,1,0,0,0,0,0,0,1,0,0,0,0,0,0,0,0,0,0,1,0,0,4,0,39.9891,-75.0896, , 
 ,61376,2012066763,6,67,67301,2012,6,6,1915,19,1,1,0,8,1, , ,N,1,3,0,3,0,1,2,2,N,N,40 00:49.370,75 04:25.456,1920, ,1915,1,1,4,N, ,3,N, , , , ,676486, , , ,1,0,0,0,0,0,0,0,0,0,0,1,1,0,1,0,0,0,0,0,0,0,0,0,0,0,0,0,0,0,0,0,1,0,0,4,0,40.0137,-75.0737, , 
 ,61377,2012012638,6,67,67301,2012,1,4,1500,15,1,1,0,1,1, , ,N,1,2,0,3,0,1,2,2,N, ,39 59:29.818,75 08:10.215,1600, ,1554, ,0, , , ,3, , , , , ,676499, , , ,2,1,0,0,0,0,0,1,0,0,1,0,1,0,0,0,0,0,0,0,1,0,0,0,0,0,0,0,0,0,0,0,0,0,0,3,0,39.9915,-75.1361, , 
 ,61378,2012019791,6,67,67301,2012,2,1,1316,13,1,1,0,1,1, , ,N,0,0,0,3,0,0,4,3,N,N,39 57:36.465,75 10:47.770,1331, ,1324, ,0, ,N, ,0, , , , , ,676508, , , ,3,0,0,0,1,0,1,1,0,0,0,0,0,0,0,0,0,0,0,0,1,0,0,0,0,0,0,0,0,0,0,0,0,0,0,0,0,39.9601,-75.1799, , 
 ,61379,2012020529,6,67,67301,2012,1,3,1343,13,1,2,1,4,1, , ,N,0,0,0,3,0,1,2,2,N,N,39 53:57.508,75 13:52.316,1353, ,1344,2,1,4,N, ,0,N, , , , ,676509, , , ,2,1,0,0,1,0,0,0,0,0,0,1,1,0,0,0,0,0,0,0,0,1,0,0,0,0,0,0,0,0,0,0,0,0,0,4,0,39.8993,-75.2312, , 
 ,61380,2012026116,6,67,67301,2012,2,5,1620,16,1,1,0,8,6, , ,N,0,0,0,3,0,1,2,2,N,N,40 03:01.620,75 10:24.456,1652, ,1644, ,0, ,N, ,0, , , , , ,676515, , , ,1,1,0,0,0,0,0,0,0,0,0,1,1,0,0,0,0,0,0,0,0,0,0,0,0,0,0,0,0,0,0,0,1,0,0,4,0,40.0505,-75.1735, , 
 ,61381,2012026216,6,67,67301,2012,2,3,1218,12,1,1,0,4,1, , ,N,1,2,0,3,0,2,3,2,N,N,40 01:53.934,75 12:27.524,1220, ,1220, ,0, , , ,3, , , , , ,676516, , , ,2,2,0,0,0,0,0,0,0,0,2,0,2,0,0,0,0,0,0,0,1,0,0,0,0,0,0,0,0,0,0,0,0,0,0,3,0,40.0316,-75.2076, , 
 ,61382,2012068842,6,67,67301,2012,6,1,2024,20,4,1,0,1,1, , ,N,5,2,0,3,0,1,8,3,N,N,39 59:42.637,75 06:56.944,2024, ,2024, ,0, ,N, ,3, , , , , ,679848, , , ,3,3,0,0,0,0,0,0,0,0,0,1,1,0,0,0,0,0,0,0,1,0,0,0,0,0,0,0,0,0,0,0,0,0,0,4,0,39.9952,-75.1158, , 
 ,61383,2012083235,6,67,67301,2012,7,2,1854,18,1,1,0,4,1, , ,N,1,3,0,3,0,1,2,2,N,N,39 55:08.313,75 09:26.776,1902, ,1900, ,0, ,N, ,3, , , , , ,679861, , , ,1,0,0,0,0,0,1,0,1,0,0,1,1,0,0,0,0,0,0,0,0,0,0,0,0,0,0,0,0,0,0,0,0,0,0,4,0,39.919,-75.1574, , 
 ,61384,2012014971,6,67,67301,2012,1,6,1738,17,3,1,0,8,1, , ,N,0,0,0,3,0,1,2,2,N, ,39 59:49.167,75 09:55.422,1742, ,1738,1,2,6, , ,0,Y, , , , ,679877, , , ,1,0,0,1,0,0,0,0,0,0,0,0,1,1,0,0,0,0,0,0,0,0,0,0,0,0,0,0,0,0,0,0,1,0,0,8,1,39.997,-75.1654, , 
 ,61385,2012020490,6,67,67301,2012,1,6,5,0,3,1,0,1,1, , ,N,10,4,0,3,0,2,2,2,N,N,40 00:52.976,75 10:40.132,550, ,540,1,2,1,N, ,3,Y, , , , ,679882, , , ,2,2,0,0,0,0,0,0,0,0,0,2,2,0,0,0,0,0,0,0,2,0,0,0,0,0,0,0,0,0,0,0,0,0,0,4,0,40.0147,-75.1778, , 
 ,61386,2012020606,6,67,67301,2012,1,5,1210,12,1,1,0,4,1, , ,N,1,2,0,3,0,1,2,2,N,N,39 55:47.265,75 09:47.181,1215, ,1215, ,0, , , ,3, , , , , ,679883, , , ,2,0,0,0,1,1,0,0,0,0,0,1,1,0,0,0,0,0,0,0,0,0,0,0,0,0,0,0,0,0,0,0,0,0,0,4,1,39.9298,-75.1631, , 
 ,61387,2012034687,6,67,67301,2012,2,7,430,4,3,3,1,4,1, , ,N,1,3,0,3,0,1,3,2,N,N,39 59:33.021,75 07:50.005,442, ,435,9,2,4,N, ,3,N, , , , ,679898, , , ,2,0,0,0,0,0,1,1,0,0,0,0,1,1,0,0,0,0,0,0,0,0,0,0,0,0,0,0,0,0,0,0,0,0,0,8,0,39.9925,-75.1306, , 
 ,61388,2012041684,6,67,67301,2012,3,1,1620,16,1,1,0,1,1, , ,N,2,0,0,3,0,1,3,3,N,N,40 02:24.308,75 01:53.971,1630, ,1625,1,1,1,N, ,0,Y, , , , ,679907, , , ,3,1,0,0,1,1,0,0,0,0,0,1,1,0,0,0,0,0,0,0,0,2,0,0,0,0,0,0,0,0,0,0,0,0,0,4,1,40.0401,-75.0317, , 