wz_ln_closure,objectid_1,crn,district,county,municipality,crash_year,crash_month,day_of_week,time_of_day,hour_of_day,illumination,weather,road_condition,collision_type,relation_to_road,work_zone_type,work_zone_loc,work_zone_ind,intersect_type,tcd_type,location_type,urban_rural,fatal_count,injury_count,person_count,total_units,sch_bus_ind,sch_zone_ind,latitude,longitude,arrival_tm,cons_zone_spd_lim,dispatch_tm,est_hrs_closed,lane_closed,ln_close_dir,ntfy_hiwy_maint,spec_juris_cd,tcd_func_cd,tfc_detour_ind,workers_pres,wz_close_detour,wz_flagger,wz_law_offcr_ind,objectid,wz_moving,wz_other,wz_shlder_mdn,vehicle_count,automobile_count,motorcycle_count,bus_count,small_truck_count,heavy_truck_count,suv_count,van_count,bicycle_count,maj_inj_count,mod_inj_count,min_inj_count,tot_inj_count,unk_inj_deg_count,unk_inj_per_count,driver_count_16yr,driver_count_17yr,driver_count_18yr,driver_count_19yr,driver_count_20yr,driver_count_50_64yr,driver_count_65_74yr,driver_count_75plus,unbelted_occ_count,unb_death_count,unb_maj_inj_count,belted_death_count,belted_maj_inj_count,mcycle_death_count,mcycle_maj_inj_count,bicycle_death_count,bicycle_maj_inj_count,ped_count,ped_death_count,ped_maj_inj_count,max_severity_level,comm_veh_count,dec_lat,dec_long,rdwy_surf_type_cd,county_name
 ,61456,2012078382,6,67,67301,2012,6,6,710,7,1,1,0,4,1, , ,N,1,3,0,3,0,0,2,2,N, ,39 57:48.060,75 09:46.616,726, ,724, ,0, , , ,3, , , , , ,679989, , , ,2,1,0,0,1,0,0,0,0,0,0,0,0,0,1,0,0,0,0,0,0,0,0,1,0,0,0,0,0,0,0,0,0,0,0,9,0,39.9634,-75.1629, , 
 ,61457,2012083153,6,67,67301,2012,8,5,1930,19,1,1,0,7,5, , ,N,0,0,7,3,0,0,1,1,N,N,40 06:39.980,75 00:13.410,1940, ,1935,1,1,3,N, ,0,N, , , , ,679999, , , ,1,1,0,0,0,0,0,0,0,0,0,0,0,0,1,0,0,0,0,0,1,0,0,0,0,0,0,0,0,0,0,0,0,0,0,9,0,40.1111,-75.0037, , 
 ,61458,2012083351,6,67,67301,2012,7,6,58,0,3,2,1,1,1, , ,N,0,0,0,3,0,1,4,2,N, ,40 06:02.829,74 58:15.265,100, ,100, ,0, , , ,0, , , , , ,680000, , , ,2,2,0,0,0,0,0,0,0,0,0,0,1,1,0,0,0,0,0,0,0,0,0,0,0,0,0,0,0,0,0,0,0,0,0,8,0,40.1008,-74.9709, , 
 ,61459,2012088619,6,67,67301,2012,8,7,2320,23,3,2,1,2,1, , ,N,0,0,0,3,0,1,2,2,N,N,40 02:24.323,75 06:30.895,2331, ,2328,1,1,1,N, ,0,Y, , , , ,680002, , , ,2,2,0,0,0,0,0,0,0,0,0,1,1,0,0,0,0,1,0,0,0,1,0,1,0,0,0,0,0,0,0,0,0,0,0,4,0,40.0401,-75.1086, , 
 ,61460,2012098379,6,67,67301,2012,9,2,9999,99,1,1,1,7,2, , ,N,0,0,0,3,0,0,1,1,N,N,40 00:36.047,75 11:09.453,1742, ,1741,1,1,3,N, ,3,N, , , , ,680008, , , ,1,1,0,0,0,0,0,0,0,0,0,0,0,0,0,0,0,0,0,0,1,0,0,0,0,0,0,0,0,0,0,0,0,0,0,0,0,40.01,-75.186, , 
 ,61461,2012066656,6,67,67301,2012,5,2,1951,19,1,1,0,4,1, , ,N,1,2,0,3,0,1,2,2,N,N,39 59:35.156,75 11:03.652,1952, ,1951, ,0, ,N, ,2, , , , , ,680014, , , ,1,1,0,0,0,0,0,0,1,0,0,1,1,0,1,0,0,0,0,0,0,0,0,0,0,0,0,0,0,0,0,0,0,0,0,4,0,39.9931,-75.1843, , 
 ,61462,2012021391,6,67,67301,2012,1,5,1255,12,1,1,0,2,1, , ,N,1,3,0,3,0,4,4,3,N,N,39 59:20.029,75 08:23.819,1259, ,1259, ,0, ,N, ,3, , , , , ,680031, , , ,2,2,0,0,0,0,0,0,0,0,0,0,4,4,0,0,0,0,0,0,2,0,0,0,0,0,0,0,0,0,0,0,1,0,0,8,0,39.9889,-75.1399, , 
 ,61463,2012053890,6,67,67301,2012,1,5,810,8,1,1,0,1,1, , ,N,1,3,0,3,0,3,4,2,N,Y,40 05:16.306,75 01:37.617,0, ,0, ,0, ,N, ,3, , , , , ,680059, , , ,2,2,0,0,0,0,0,0,0,0,2,0,3,1,0,0,0,0,0,0,0,0,0,0,0,0,0,0,0,0,0,0,0,0,0,3,0,40.0879,-75.0271, , 
 ,61464,2012063932,6,67,67301,2012,5,6,755,7,1,1,0,6,1, , ,N,5,2,0,3,0,3,3,2,N, ,39 54:42.148,75 10:20.534,808, ,757, ,0, , , ,3, , , , , ,680066, , , ,2,2,0,0,0,0,0,0,0,0,1,2,3,0,0,0,0,0,0,0,0,1,0,0,0,0,0,0,0,0,0,0,0,0,0,3,0,39.9117,-75.1724, , 
 ,61465,2012075152,6,67,67301,2012,6,1,208,2,3,1,0,4,1, , ,N,0,0,0,3,0,1,3,3,N,N,39 55:01.013,75 12:57.725,214, ,214,9,1,4,N, ,0,N, , , , ,680072, , , ,3,3,0,0,0,0,0,0,0,0,0,1,1,0,0,0,0,0,0,1,1,0,0,0,0,0,0,0,0,0,0,0,0,0,0,4,0,39.9163,-75.2197, , 
 ,61466,2012078325,6,67,67301,2012,6,1,1545,15,1,1,0,1,1, , ,N,0,0,0,3,0,3,8,2,N,N,40 01:14.257,75 08:55.161,1645, ,1545, ,0, ,N, ,0, , , , , ,680078, , , ,2,0,0,0,0,0,1,1,0,0,2,1,3,0,0,0,0,0,0,0,0,0,0,0,0,0,0,0,0,0,0,0,0,0,0,3,0,40.0206,-75.1487, , 
 ,61467,2012085167,6,67,67301,2012,8,7,1301,13,1,1,0,1,1, , ,N,0,0,0,3,0,2,4,2,N,N,39 57:33.719,75 10:25.510,1316, ,1305, ,0, ,N, ,0, , , , , ,680086, , , ,2,1,0,0,0,0,1,0,0,0,0,2,2,0,0,0,0,0,0,1,0,0,0,0,0,0,0,0,0,0,0,0,0,0,0,4,0,39.9594,-75.1738, , 
 ,61468,2012096951,6,67,67301,2012,9,3,1818,18,1,1,0,1,1, , ,N,0,0,0,3,0,1,3,2,N,N,39 58:42.439,75 12:08.830,1829, ,1821, ,0, ,N, ,0, , , , , ,680103, , , ,2,1,0,0,1,0,0,0,0,0,0,1,1,0,0,0,0,0,0,0,0,0,0,1,0,0,0,0,0,0,0,0,0,0,0,4,0,39.9785,-75.2025, , 
 ,61469,2012056626,6,67,67301,2012,3,5,715,7,1,2,1,5,1, , ,N,2,3,6,3,0,0,2,2,N,N,40 03:01.973,75 03:02.661,755, ,743, ,0, ,N, ,3, , , , , ,680109, , , ,2,1,0,0,1,0,0,0,0,0,0,0,0,0,0,0,1,0,0,0,0,0,0,0,0,0,0,0,0,0,0,0,0,0,0,0,0,40.0505,-75.0507, , 
 ,61470,2012073618,6,67,67301,2012,6,1,9999,99,3,1,0,1,1, , ,N,0,0,7,3,0,0,5,2,N, ,40 00:49.838,75 07:08.022,250, ,245, ,0, , , ,0, , , , , ,680121, , , ,2,2,0,0,0,0,0,0,0,0,0,0,0,0,0,0,0,0,0,0,0,0,0,0,0,0,0,0,0,0,0,0,0,0,0,0,0,40.0138,-75.1189, , 
 ,61471,2012088532,6,67,67301,2012,8,7,15,0,3,1,0,4,1, , ,N,3,3,0,3,0,1,3,2,N,N,39 56:54.805,75 12:17.974,54, ,51, ,0, ,N, ,3, , , , , ,680133, , , ,2,1,1,0,0,0,0,0,0,0,0,1,1,0,0,0,0,0,0,0,0,0,0,0,0,0,0,0,0,0,0,0,0,0,0,4,0,39.9486,-75.205, , 
 ,61472,2012120082,6,67,67301,2012,10,1,9999,99,1,1,1,8,1, , ,N,1,2,0,3,0,1,2,2,N,N,39 58:48.986,75 12:50.723,831, ,830, ,0, ,N, ,3, , , , , ,680155, , , ,1,1,0,0,0,0,0,0,0,0,0,1,1,0,0,0,0,0,0,0,0,1,0,0,0,0,0,0,0,0,0,0,1,0,0,4,0,39.9803,-75.2141, , 
 ,61473,2012015858,6,67,67301,2012,1,4,1255,12,1,1,0,1,1, , ,N,2,2,0,3,0,0,3,3,N,N,40 01:10.491,75 06:29.973,1355, ,1355, ,0, ,N, ,3, , , , , ,681954, , , ,3,3,0,0,0,0,0,0,0,0,0,0,0,0,1,0,0,0,0,0,0,0,0,0,0,0,0,0,0,0,0,0,0,0,0,9,0,40.0196,-75.1083, , 
 ,61474,2012021021,6,67,67301,2012,1,7,230,2,3,4,3,7,4, , ,N,0,0,0,3,0,0,1,1,N, ,39 56:25.259,75 11:12.904,237, ,235,9,1,3, , ,0,N, , , , ,681958, , , ,1,1,0,0,0,0,0,0,0,0,0,0,0,0,1,0,0,0,0,0,0,0,0,0,0,0,0,0,0,0,0,0,0,0,0,9,0,39.9403,-75.1869, , 
 ,61475,2012045926,6,67,67301,2012,4,7,917,9,1,1,0,7,4, , ,N,0,0,2,3,0,1,1,1,N,N,40 00:12.966,75 04:39.842,924, ,921, ,0, ,N, ,0, , , , , ,681974, , , ,1,0,0,0,0,0,1,0,0,0,0,0,1,1,0,0,0,0,0,0,0,0,0,0,0,0,0,0,0,0,0,0,0,0,0,8,0,40.0036,-75.0777, , 
 ,61476,2012048350,6,67,67301,2012,4,4,2255,22,3,1,0,1,2, , ,N,0,0,0,3,0,1,1,3,N,N,40 05:38.421,74 58:33.678,2321, ,2320, ,0, ,N, ,0, , , , , ,681975, , , ,3,2,0,0,0,0,1,0,0,0,0,1,1,0,0,0,0,0,0,0,0,0,0,0,0,0,0,0,0,0,0,0,0,0,0,4,0,40.094,-74.976, , 
 ,61477,2012078302,6,67,67301,2012,6,3,2345,23,3,2,1,4,1, , ,N,5,2,0,3,0,4,4,3,N, ,40 00:11.393,75 09:08.837,2347, ,2346, ,0, , , ,3, , , , , ,682004, , , ,3,3,0,0,0,0,0,0,0,0,1,3,4,0,0,0,0,0,1,0,0,0,0,1,0,0,0,0,0,0,0,0,0,0,0,3,0,40.0032,-75.1525, , 
 ,61478,2012078405,6,67,67301,2012,7,3,2030,20,4,1,0,5,1, , ,N,1,2,0,3,0,1,2,2,N,N,39 57:29.663,75 13:23.484,2040, ,2035, ,0, ,N, ,3, , , , , ,682005, , , ,2,2,0,0,0,0,0,0,0,0,0,0,1,1,0,0,0,0,1,0,0,0,0,0,0,0,0,0,0,0,0,0,0,0,0,8,0,39.9582,-75.2232, , 
 ,61479,2012083361,6,67,67301,2012,7,4,1240,12,1,1,0,1,1, , ,N,2,0,0,3,0,1,4,3,N,N,40 00:15.872,75 10:10.091,1315, ,1315, ,0, ,N, ,0, , , , , ,682010, , , ,3,1,0,0,0,0,2,0,0,0,0,0,1,1,0,0,0,0,0,0,0,0,0,0,0,0,0,0,0,0,0,0,0,0,0,8,0,40.0044,-75.1695, , 
 ,61480,2012095546,6,67,67301,2012,8,2,715,7,1,1,0,9,1, , ,N,1,2,0,3,0,2,2,2,N,N,39 56:49.135,75 12:54.644,750, ,740, ,0, ,N, ,3, , , , , ,682026, , , ,2,1,0,0,1,0,0,0,0,0,0,2,2,0,0,0,0,0,0,0,0,0,0,0,0,0,0,0,0,0,0,0,0,0,0,4,0,39.947,-75.2152, , 
 ,61481,2012027394,6,67,67301,2012,2,5,300,3,3,4,1,7,1, , ,N,0,0,0,3,0,0,1,1,N,N,40 00:26.565,75 11:32.172,310, ,304, ,0, ,N, ,0, , , , , ,682049, , , ,1,1,0,0,0,0,0,0,0,0,0,0,0,0,0,0,0,0,0,0,0,0,0,0,0,0,0,0,0,0,0,0,0,0,0,0,0,40.0074,-75.1923, , 
 ,61482,2012028257,6,67,67301,2012,3,6,2328,23,3,1,0,1,1, , ,N,0,0,0,3,0,1,4,3,N,N,40 00:09.811,75 11:42.132,2347, ,2344, ,0, ,N, ,0, , , , , ,682051, , , ,3,3,0,0,0,0,0,0,0,0,0,1,1,0,0,0,0,0,0,1,1,0,0,0,0,0,0,0,0,0,0,0,0,0,0,4,0,40.0027,-75.195, , 
 ,61483,2012033069,6,67,67301,2012,2,7,1220,12,1,1,0,4,1, , ,N,1,2,0,3,0,1,2,2,N, ,39 58:17.187,75 08:40.999,1243, ,1226, ,0, , , ,3, , , , , ,682056, , , ,2,2,0,0,0,0,0,0,0,0,0,1,1,0,0,0,0,0,0,0,0,0,0,2,0,0,0,0,0,0,0,0,0,0,0,4,0,39.9714,-75.1447, , 
 ,61484,2012056653,6,67,67301,2012,5,5,1449,14,1,1,0,8,6, , ,N,0,0,0,3,0,1,2,2,N,N,39 57:13.086,75 13:06.042,1500, ,1450, ,0, ,N, ,0, , , , , ,682076, , , ,1,0,0,0,0,0,0,1,0,0,0,1,1,0,0,0,0,0,0,0,1,0,0,0,0,0,0,0,0,0,0,0,1,0,0,4,0,39.9536,-75.2183, , 
 ,61485,2012095392,6,67,67301,2012,8,4,1744,17,1,1,0,4,1, , ,N,1,2,0,3,0,1,2,2,N,N,40 04:26.624,75 11:27.147,1758, ,1750, ,0, ,N, ,3, , , , , ,682126, , , ,2,0,0,0,0,0,2,0,0,0,0,1,1,0,0,0,0,0,1,0,0,0,0,0,0,0,0,0,0,0,0,0,0,0,0,4,0,40.0741,-75.1909, , 
 ,61486,2012095549,6,67,67301,2012,8,2,2319,23,3,1,0,4,1, , ,N,0,2,7,3,0,1,7,2,N,N,39 58:26.933,75 12:15.896,2344, ,2339, ,0, ,N, ,3, , , , , ,682127, , , ,2,1,0,0,0,0,0,0,0,0,0,1,1,0,0,0,0,0,0,0,0,0,0,0,0,0,0,0,0,0,0,0,0,0,0,4,0,39.9741,-75.2044, , 
 ,61487,2012055938,6,67,67301,2012,4,7,1647,16,1,1,0,7,4, , ,N,0,0,0,3,0,0,1,1,N,N,39 53:14.276,75 14:33.110,1653, ,1650,2,2,2,Y, ,0,N, , , , ,682136, , , ,1,1,0,0,0,0,0,0,0,0,0,0,0,0,0,0,0,0,0,0,1,0,0,0,0,0,0,0,0,0,0,0,0,0,0,0,0,39.8873,-75.2425, , 
 ,61488,2012060751,6,67,67301,2012,5,4,1700,17,1,1,0,8,1, , ,N,1,3,0,3,0,1,2,2,N,N,39 56:02.619,75 09:26.283,1739, ,735, ,0, ,N, ,3, , , , , ,682137, , , ,1,1,0,0,0,0,0,0,0,0,0,1,1,0,0,0,0,0,0,0,1,0,0,0,0,0,0,0,0,0,0,0,1,0,0,4,0,39.9341,-75.1573, , 
 ,61489,2012066447,6,67,67301,2012,5,1,2301,23,8,1,8,4,1, , ,N,1,2,0,3,0,1,2,2,N, ,39 58:02.969,75 13:54.998,2305, ,2302, ,0, , , ,3, , , , , ,682143, , , ,2,1,0,0,0,0,0,1,0,0,0,1,1,0,0,0,0,0,0,0,0,0,0,0,0,0,0,0,0,0,0,0,0,0,0,4,0,39.9675,-75.2319, , 
 ,61490,2012078427,6,67,67301,2012,7,5,349,3,3,1,0,5,1, , ,N,0,0,0,3,0,1,1,4,N, ,40 03:36.499,75 09:26.942,353, ,349,3,2,6, , ,0,N, , , , ,682156, , , ,4,1,0,0,0,0,3,0,0,0,0,0,1,1,0,0,0,0,0,0,0,0,0,1,0,0,0,0,0,0,0,0,0,0,0,8,0,40.0601,-75.1575, , 
 ,61491,2012015491,6,67,67301,2012,1,5,805,8,1,2,1,4,1, , ,N,2,2,0,3,0,1,2,2,N,N,40 00:54.834,75 09:18.795,921, ,820,1,1,3,N, ,3,N, , , , ,673081, , , ,2,1,0,0,0,0,0,1,0,0,0,1,1,0,0,0,0,0,0,0,1,0,0,0,0,0,0,0,0,0,0,0,0,0,0,4,0,40.0152,-75.1552, , 
 ,61492,2012022967,6,67,67301,2012,2,7,652,6,1,1,0,7,4, , ,N,0,0,0,3,0,1,1,1,N,N,39 57:45.981,75 11:00.726,729, ,701, ,0, ,N, ,0, , , , , ,673087, , , ,1,0,0,0,0,0,1,0,0,0,0,1,1,0,0,0,0,0,0,0,0,0,0,0,0,0,0,0,0,0,0,0,0,0,0,4,0,39.9628,-75.1835, , 
 ,61493,2012033067,6,67,67301,2012,2,5,1640,16,1,1,0,7,3, , ,N,0,0,0,3,0,1,1,1,N,N,39 54:40.089,75 08:16.886,1644, ,1644, ,0, ,N, ,0, , , , , ,673098, , , ,1,0,0,0,1,0,0,0,0,0,0,0,1,1,0,0,0,0,0,0,1,0,0,1,0,0,0,0,0,0,0,0,0,0,0,8,0,39.9111,-75.138, , 
 ,61494,2012041526,6,67,67301,2012,3,2,2327,23,3,1,0,8,1, , ,N,1,2,0,3,0,1,2,2,N,N,40 02:44.262,75 07:42.522,2328, ,2328, ,0, ,N, ,3, , , , , ,673112, , , ,1,1,0,0,0,0,0,0,0,0,0,1,1,0,0,0,0,0,0,0,0,0,0,0,0,0,0,0,0,0,0,0,1,0,0,4,0,40.0456,-75.1285, , 
 ,61495,2012042210,6,67,67301,2012,3,6,2205,22,3,1,0,4,1, , ,N,1,2,0,3,0,2,4,2,N, ,40 02:41.686,75 04:49.238,2218, ,2215, ,0, , , ,3, , , , , ,673113, , , ,2,0,0,0,0,0,2,0,0,0,0,2,2,0,0,0,0,0,0,0,1,0,0,0,0,0,0,0,0,0,0,0,0,0,0,4,0,40.0449,-75.0803, , 
 ,61496,2012011004,6,67,67301,2012,1,1,1326,13,1,1,6,7,2, , ,N,0,0,0,3,0,0,1,1,N,N,39 59:28.235,75 05:10.294,1329, ,1327,1,1,1,Y, ,0,N, , , , ,673128, , , ,1,1,0,0,0,0,0,0,0,0,0,0,0,0,0,0,0,0,0,0,0,0,0,0,0,0,0,0,0,0,0,0,0,0,0,0,0,39.9911,-75.0863, , 
 ,61497,2012021221,6,67,67301,2012,2,5,933,9,1,1,0,1,1, , ,N,0,0,0,3,0,1,6,3,N,N,39 59:43.982,75 05:00.208,951, ,937, ,0, ,N, ,0, , , , , ,673134, , , ,3,1,0,0,0,0,2,0,0,0,0,1,1,0,0,0,0,0,0,0,0,0,0,0,0,0,0,0,0,0,0,0,0,0,0,4,0,39.9956,-75.0833, , 
 ,61498,2012032713,6,67,67301,2012,2,7,2000,20,3,1,0,8,1, , ,N,1,2,0,3,0,1,2,2,N,N,39 59:38.951,75 09:22.386,2009, ,2007,1,2,2,N, ,3,N, , , , ,673145, , , ,1,1,0,0,0,0,0,0,0,0,0,1,1,0,0,0,0,0,0,0,0,0,1,0,0,0,0,0,0,0,0,0,1,0,0,4,0,39.9941,-75.1562, , 
 ,61499,2012041661,6,67,67301,2012,3,5,2315,23,3,1,0,4,1, , ,N,2,3,0,3,0,1,7,2,N,N,40 02:18.099,75 05:08.113,2335, ,2330, ,0, , , ,3, , , , , ,673152, , , ,2,2,0,0,0,0,0,0,0,0,0,1,1,0,0,0,0,0,0,0,0,0,0,5,0,0,0,0,0,0,0,0,0,0,0,4,0,40.0384,-75.0856, , 
 ,61500,2012048220,6,67,67301,2012,4,3,1050,10,1,1,0,4,1, , ,N,0,0,0,3,0,0,1,2,N,N,39 58:49.355,75 10:15.578,1058, ,1056, ,0, , , ,0, , , , , ,673160, , , ,2,1,0,0,1,0,0,0,0,0,0,0,0,0,0,0,0,0,0,0,1,0,0,0,0,0,0,0,0,0,0,0,0,0,0,0,0,39.9804,-75.171, , 
 ,61501,2012028159,6,67,67301,2012,2,5,1211,12,1,1,0,4,1, , ,N,1,2,0,3,0,2,3,2,N,N,39 57:47.289,75 10:28.844,1216, ,1214, ,0, ,N, ,3, , , , , ,673193, , , ,2,2,0,0,0,0,0,0,0,0,0,2,2,0,0,0,0,0,0,0,0,0,1,0,0,0,0,0,0,0,0,0,0,0,0,4,0,39.9631,-75.1747, , 
 ,61502,2012047224,6,67,67301,2012,4,4,9999,99,3,1,0,4,1, , ,N,1,3,0,3,0,1,3,2,N, ,39 59:39.274,75 07:55.977,2301, ,2301, ,0, , , ,3, , , , , ,673213, , , ,2,2,0,0,0,0,0,0,0,0,0,0,1,1,0,0,0,0,0,0,0,0,0,3,0,0,0,0,0,0,0,0,0,0,0,8,0,39.9942,-75.1322, , 
 ,61503,2012048210,6,67,67301,2012,3,3,2015,20,3,1,0,4,1, , ,N,2,0,0,3,0,1,2,2,N,N,39 56:38.191,75 13:10.369,2355, ,2341, ,0, ,N, ,0, , , , , ,673215, , , ,2,1,1,0,0,0,0,0,0,0,0,0,1,1,0,0,0,0,0,0,1,0,0,0,0,0,0,0,0,0,0,0,0,0,0,8,0,39.9439,-75.2195, , 
 ,61504,2012057511,6,67,67301,2012,5,5,800,8,1,1,0,8,4, , ,N,0,0,7,3,0,1,2,2,N,N,39 57:24.160,75 11:38.592,802, ,800, ,0, ,N, ,0, , , , , ,673254, , , ,1,0,0,0,0,0,1,0,0,0,0,0,1,1,0,0,0,0,0,0,0,0,0,0,0,0,0,0,0,0,0,0,1,0,0,8,0,39.9567,-75.1941, , 
 ,61505,2012068701,6,67,67301,2012,5,4,928,9,1,1,0,4,1, , ,N,1,2,0,3,0,0,2,3,N,N,40 02:13.851,75 07:25.305,943, ,938, ,0, ,N, ,3, , , , , ,673263, , , ,3,2,0,0,1,0,0,0,0,0,0,0,0,0,0,0,0,0,0,0,1,0,0,0,0,0,0,0,0,0,0,0,0,0,0,0,0,40.0372,-75.1237, , 
 ,61506,2012027392,6,67,67301,2012,1,2,1750,17,3,1,0,8,1, , ,N,1,2,0,3,0,1,3,2,N, ,39 55:01.380,75 14:04.822,1801, ,1751, ,0, , , ,3, , , , , ,673287, , , ,1,1,0,0,0,0,0,0,0,0,0,1,1,0,0,0,0,1,0,0,0,0,0,0,0,0,0,0,0,0,0,0,1,0,0,4,0,39.9171,-75.2347, , 
 ,61507,2012038537,6,67,67301,2012,4,2,938,9,1,1,0,1,1, , ,N,0,0,0,3,0,2,3,2,N,N,39 56:36.676,75 08:34.883,946, ,943, ,0, ,N, ,0, , , , , ,673298, , , ,2,1,0,0,0,0,1,0,0,0,0,0,2,2,0,0,0,0,0,0,0,0,0,2,0,0,0,0,0,0,0,0,0,0,0,8,0,39.9435,-75.143, , 
 ,61508,2012039822,6,67,67301,2012,3,5,1324,13,1,1,0,8,1, , ,N,2,2,0,3,0,1,2,2,N, ,39 54:53.180,75 09:18.120,1333, ,1328, ,0, , , ,3, , , , , ,673299, , , ,1,0,0,1,0,0,0,0,0,0,0,0,1,1,0,0,0,0,0,0,0,0,0,0,0,0,0,0,0,0,0,0,1,0,0,8,1,39.9147,-75.155, , 
 ,61509,2012026082,6,67,67301,2012,1,2,735,7,1,1,0,7,5, , ,N,0,0,0,3,0,1,1,1,N,N,40 03:11.771,75 11:35.686,757, ,749, ,0, , , ,0, , , , , ,676748, , , ,1,1,0,0,0,0,0,0,0,0,0,0,1,1,0,0,0,0,0,0,1,0,0,0,0,0,0,0,0,0,0,0,0,0,0,8,0,40.0533,-75.1932, , 
 ,61510,2012026283,6,67,67301,2012,2,7,1145,11,1,1,0,1,1, , ,N,1,2,0,3,0,1,2,2,N, ,40 05:32.220,74 58:54.758,2330, ,2330, ,0, , , ,3, , , , , ,676750, , , ,2,2,0,0,0,0,0,0,0,0,0,0,1,1,1,0,0,0,0,1,1,0,0,0,0,0,0,0,0,0,0,0,0,0,0,8,0,40.0921,-74.9819, , 
 ,61511,2012031600,6,67,67301,2012,3,6,112,1,2,1,0,7,4, , ,N,0,0,0,3,0,3,3,1,N,N,39 57:57.346,75 11:11.962,119, ,113,2,1,3,N, ,0,N, , , , ,676756, , , ,1,1,0,0,0,0,0,0,0,0,1,2,3,0,0,0,0,0,0,0,0,0,0,0,0,0,0,0,0,0,0,0,0,0,0,3,0,39.9659,-75.1867, , 
 ,61512,2012047097,6,67,67301,2012,4,4,605,6,1,1,0,4,1, , ,N,1,3,0,3,0,2,2,2,N, ,40 02:04.960,75 01:34.629,617, ,611, ,0, , , ,3, , , , , ,676774, , , ,2,2,0,0,0,0,0,0,0,0,0,2,2,0,0,0,0,0,0,0,0,0,0,0,0,0,0,0,0,0,0,0,0,0,0,4,0,40.0347,-75.0263, , 
 ,61513,2012012668,6,67,67301,2012,1,3,540,5,3,1,0,1,1, , ,N,0,0,0,3,0,0,2,2,N,N,40 01:08.324,75 02:58.395,720, ,715,1,1,1,N, ,0,N, , , , ,676788, , , ,2,1,0,0,0,0,1,0,0,0,0,0,0,0,0,0,0,0,0,0,0,1,0,0,0,0,0,0,0,0,0,0,0,0,0,0,0,40.019,-75.0496, , 
 ,61514,2012026234,6,67,67301,2012,2,7,1740,17,3,1,0,2,1, , ,N,1,2,0,3,0,7,8,3,N,N,40 01:57.810,75 06:23.231,1750, ,1745, ,0, ,N, ,3, , , , , ,676800, , , ,3,2,0,0,0,0,0,0,0,0,0,0,7,7,0,0,0,0,0,0,0,0,0,0,0,0,0,0,0,0,0,0,0,0,0,8,0,40.0327,-75.1065, , 
 ,61515,2012055491,6,67,67301,2012,5,3,1119,11,1,1,0,1,1, , ,N,0,0,0,3,0,0,5,3,N,N,39 57:24.703,75 09:11.364,1130, ,1123, ,0, ,N, ,0, , , , , ,676859, , , ,3,2,0,0,1,0,0,0,0,0,0,0,0,0,0,0,0,0,0,0,0,0,0,0,0,0,0,0,0,0,0,0,0,0,0,0,0,39.9569,-75.1532, , 
 ,61516,2012056663,6,67,67301,2012,5,5,924,9,1,1,0,4,1, , ,N,1,2,0,3,0,4,4,2,N,N,40 01:55.909,75 02:12.865,9999, ,926, ,0, ,N, ,3, , , , , ,676861, , , ,2,2,0,0,0,0,0,0,0,0,1,3,4,0,0,0,0,0,0,0,1,0,0,3,0,0,0,0,0,0,0,0,0,0,0,3,0,40.0322,-75.0369, , 
 ,61517,2012006944,6,67,67301,2012,1,5,1346,13,1,1,0,1,1, , ,N,6,0,2,3,0,0,2,2,N,N,39 52:41.774,75 15:03.845,1346, ,1346, ,0, ,Y, ,0, , , , , ,676876, , , ,2,2,0,0,0,0,0,0,0,0,0,0,0,0,1,0,0,0,0,0,1,0,0,1,0,0,0,0,0,0,0,0,0,0,0,9,0,39.8783,-75.2511, , 
 ,61518,2012015505,6,67,67301,2012,1,2,1521,15,1,1,0,8,1, , ,N,0,0,0,3,0,1,5,2,Y,Y,40 01:36.917,75 05:09.764,1530, ,1524, ,0, ,N, ,0, , , , , ,676889, , , ,1,0,0,0,0,0,1,0,0,1,0,0,1,0,0,0,0,0,0,0,1,0,0,0,0,0,0,0,0,0,0,0,1,0,1,2,0,40.0269,-75.086, , 
 ,61519,2012020591,6,67,67301,2012,1,3,855,8,1,1,0,4,1, , ,N,1,2,0,3,0,1,2,2,N, ,39 58:12.616,75 09:34.731,903, ,900, ,0, , , ,3, , , , , ,676893, , , ,1,1,0,0,0,0,0,0,1,0,0,0,1,1,1,0,0,0,0,0,1,0,0,1,0,0,0,0,0,0,0,0,0,0,0,8,0,39.9702,-75.1596, , 
 ,61520,2012034790,6,67,67301,2012,3,1,1820,18,1,1,0,5,2, , ,N,0,0,0,3,0,1,1,2,N, ,39 59:48.007,75 04:29.041,1840, ,1833,9,2,5, , ,0,Y, , , , ,676903, , , ,2,0,0,0,1,0,1,0,0,0,1,0,1,0,0,0,0,0,0,0,0,0,0,0,0,0,0,0,0,0,0,0,0,0,0,3,0,39.9967,-75.0747, , 
 ,61521,2012015382,6,67,67301,2012,1,1,1945,19,3,1,0,8,1, , ,N,1,2,0,3,0,1,3,2,N, ,40 00:25.549,75 05:38.543,2050, ,9999, ,0, ,N, ,3, , , , , ,676940, , , ,1,0,0,0,0,0,1,0,0,0,1,0,1,0,0,0,0,0,0,0,0,0,0,0,0,0,0,0,0,0,0,0,1,0,0,3,0,40.0071,-75.094, , 