wz_ln_closure,objectid_1,crn,district,county,municipality,crash_year,crash_month,day_of_week,time_of_day,hour_of_day,illumination,weather,road_condition,collision_type,relation_to_road,work_zone_type,work_zone_loc,work_zone_ind,intersect_type,tcd_type,location_type,urban_rural,fatal_count,injury_count,person_count,total_units,sch_bus_ind,sch_zone_ind,latitude,longitude,arrival_tm,cons_zone_spd_lim,dispatch_tm,est_hrs_closed,lane_closed,ln_close_dir,ntfy_hiwy_maint,spec_juris_cd,tcd_func_cd,tfc_detour_ind,workers_pres,wz_close_detour,wz_flagger,wz_law_offcr_ind,objectid,wz_moving,wz_other,wz_shlder_mdn,vehicle_count,automobile_count,motorcycle_count,bus_count,small_truck_count,heavy_truck_count,suv_count,van_count,bicycle_count,maj_inj_count,mod_inj_count,min_inj_count,tot_inj_count,unk_inj_deg_count,unk_inj_per_count,driver_count_16yr,driver_count_17yr,driver_count_18yr,driver_count_19yr,driver_count_20yr,driver_count_50_64yr,driver_count_65_74yr,driver_count_75plus,unbelted_occ_count,unb_death_count,unb_maj_inj_count,belted_death_count,belted_maj_inj_count,mcycle_death_count,mcycle_maj_inj_count,bicycle_death_count,bicycle_maj_inj_count,ped_count,ped_death_count,ped_maj_inj_count,max_severity_level,comm_veh_count,dec_lat,dec_long,rdwy_surf_type_cd,county_name
 ,61589,2012026246,6,67,67301,2012,1,3,330,3,3,1,1,6,2, , ,N,1,0,0,3,0,0,1,7,N,N,40 03:57.348,75 10:19.743,338, ,335,2,2,4, , ,0,N, , , , ,677091, , , ,7,6,0,0,0,0,0,1,0,0,0,0,0,0,0,0,0,0,0,0,0,0,0,0,0,0,0,0,0,0,0,0,0,0,0,0,0,40.0659,-75.1722, , 
 ,61590,2012039835,6,67,67301,2012,3,1,955,9,1,1,0,2,1, , ,N,0,0,0,3,0,1,5,2,N,N,40 03:48.212,75 00:00.545,1005, ,1001, ,0, ,N, ,0, , , , , ,677102, , , ,2,1,0,0,0,0,0,1,0,0,0,0,1,1,4,0,0,0,0,0,1,0,0,0,0,0,0,0,0,0,0,0,0,0,0,8,0,40.0634,-75.0002, , 
 ,61591,2012049698,6,67,67301,2012,4,6,1715,17,1,1,0,8,1, , ,N,0,0,0,3,0,1,2,2,N, ,39 59:49.516,75 09:58.208,1730, ,1715, ,0, , , ,0, , , , , ,677112, , , ,1,1,0,0,0,0,0,0,0,0,0,1,1,0,0,0,0,0,0,0,0,0,0,0,0,0,0,0,0,0,0,0,1,0,0,4,0,39.9971,-75.1662, , 
 ,61592,2012048334,6,67,67301,2012,4,3,445,4,3,1,0,4,1, , ,N,1,2,0,3,0,0,3,2,N, ,40 02:05.655,75 11:03.688,450, ,447,1,1,2, , ,3,N, , , , ,677117, , , ,2,2,0,0,0,0,0,0,0,0,0,0,0,0,0,0,0,0,0,0,0,0,0,0,0,0,0,0,0,0,0,0,0,0,0,0,0,40.0349,-75.1844, , 
 ,61593,2012049799,6,67,67301,2012,4,2,720,7,1,1,1,8,1, , ,N,1,2,0,3,0,1,2,2,N,Y,40 01:10.526,75 04:23.994,850, ,840, ,0, ,N, ,3, , , , , ,677121, , , ,1,1,0,0,0,0,0,0,0,0,0,1,1,0,0,0,0,0,0,0,0,0,0,0,0,0,0,0,0,0,0,0,1,0,0,4,0,40.0196,-75.0733, , 
 ,61594,2012066695,6,67,67301,2012,6,7,2350,23,3,1,0,7,2, , ,N,0,0,0,3,0,0,1,1,N,N,39 55:20.372,75 11:26.709,1, ,2353,9,2,4,N, ,0,N, , , , ,677137, , , ,1,1,0,0,0,0,0,0,0,0,0,0,0,0,0,0,0,0,0,0,0,0,0,0,0,0,0,0,0,0,0,0,0,0,0,0,0,39.9223,-75.1908, , 
 ,61595,2012067082,6,67,67301,2012,6,6,1048,10,1,1,0,4,1, , ,N,0,0,7,3,0,1,2,2,N,N,39 56:26.732,75 09:57.860,1052, ,1050, ,0, ,N, ,0, , , , , ,677138, , , ,2,2,0,0,0,0,0,0,0,0,0,1,1,0,0,0,0,0,0,0,0,0,1,0,0,0,0,0,0,0,0,0,0,0,0,4,0,39.9408,-75.1661, , 
 ,61596,2012047184,6,67,67301,2012,4,2,845,8,1,1,0,1,1, , ,N,1,2,0,3,0,0,3,2,N,N,39 53:40.603,75 14:12.181,909, ,856, ,0, ,N, ,3, , , , , ,677166, , , ,2,0,0,0,1,1,0,0,0,0,0,0,0,0,0,0,0,0,0,0,1,0,0,0,0,0,0,0,0,0,0,0,0,0,0,0,1,39.8946,-75.2367, , 
 ,61597,2012015710,6,67,67301,2012,2,2,640,6,1,1,0,1,1, , ,N,0,0,0,3,0,0,2,2,N,N,40 00:33.271,75 04:02.458,731, ,716,1,1,2,N, ,0,N, , , , ,677174, , , ,2,1,0,0,0,0,1,0,0,0,0,0,0,0,0,0,0,0,0,0,0,0,0,0,0,0,0,0,0,0,0,0,0,0,0,0,0,40.0092,-75.0673, , 
 ,61598,2012017944,6,67,67301,2012,1,3,2015,20,3,1,0,4,1, , ,N,0,0,0,3,0,2,4,2,N,N,40 01:40.173,75 05:06.925,2042, ,2036,2,1,3,N, ,0,N, , , , ,677176, , , ,2,2,0,0,0,0,0,0,0,0,0,0,2,2,0,0,0,0,0,0,0,0,0,0,0,0,0,0,0,0,0,0,0,0,0,8,0,40.0278,-75.0853, , 
 ,61599,2012036900,6,67,67301,2012,3,3,1655,16,1,1,0,8,1, , ,N,1,2,0,3,0,1,2,2,N,N,39 57:51.288,75 13:19.081,1705, ,1655, ,0, ,N, ,3, , , , , ,677187, , , ,1,1,0,0,0,0,0,0,0,0,0,0,1,1,0,0,0,0,0,0,0,0,0,0,0,0,0,0,0,0,0,0,1,0,0,8,0,39.9641,-75.2214, , 
 ,61600,2012051714,6,67,67301,2012,5,6,1523,15,1,1,0,1,1, , ,N,0,0,0,3,0,1,6,3,N,N,39 59:27.378,75 05:11.905,1538, ,1527,1,1,2,N, ,0,N, , , , ,677201, , , ,3,3,0,0,0,0,0,0,0,0,0,1,1,0,0,0,0,0,0,0,1,0,0,0,0,0,0,0,0,0,0,0,0,0,0,4,0,39.991,-75.0866, , 
 ,61601,2012049710,6,67,67301,2012,4,6,754,7,1,1,0,4,1, , ,N,1,2,0,3,0,4,7,4,N,N,40 02:48.424,75 04:13.037,759, ,757,3,2,7, , ,3,Y, , , , ,680385, , , ,4,2,0,0,0,0,2,0,0,1,0,0,4,3,0,0,0,0,0,0,0,0,0,0,0,0,0,0,0,0,0,0,0,0,0,2,0,40.0468,-75.0703, , 
 ,61602,2012050208,6,67,67301,2012,4,7,9999,99,1,1,0,1,1, , ,N,0,0,7,3,0,1,9,4,N,N,40 05:13.167,74 57:33.390,1820, ,1818, ,0, ,N, ,0, , , , , ,680387, , , ,4,2,0,0,1,0,1,0,0,1,0,0,1,0,0,0,0,1,1,0,1,0,0,0,0,0,0,0,0,0,0,0,0,0,0,2,0,40.087,-74.9593, , 
 ,61603,2012051904,6,67,67301,2012,4,7,1005,10,1,1,0,4,1, , ,N,0,0,7,3,0,1,2,2,N,N,40 00:38.541,75 07:32.480,1100, ,1054, ,0, , , ,0, , , , , ,680389, , , ,2,1,0,0,0,0,1,0,0,0,0,0,1,1,0,0,0,0,0,0,1,0,0,0,0,0,0,0,0,0,0,0,0,0,0,8,0,40.0107,-75.1257, , 
 ,61604,2012010988,6,67,67301,2012,1,5,11,0,3,2,1,7,4, , ,N,0,0,0,3,0,0,3,1,N,N,40 00:29.007,75 04:17.100,18, ,12,2,2,2,N, ,0,Y, , , , ,680401, , , ,1,1,0,0,0,0,0,0,0,0,0,0,0,0,0,0,0,0,0,1,0,0,0,0,0,0,0,0,0,0,0,0,0,0,0,0,0,40.0081,-75.0712, , 
 ,61605,2012026256,6,67,67301,2012,1,7,2220,22,3,1,0,4,1, , ,N,1,3,0,3,0,0,3,2,N,N,40 03:44.815,75 11:19.025,18, ,13, ,0, ,N, ,3, , , , , ,680424, , , ,2,1,0,0,0,0,1,0,0,0,0,0,0,0,0,0,0,0,0,0,0,0,0,0,0,0,0,0,0,0,0,0,0,0,0,0,0,40.0624,-75.1886, , 
 ,61606,2012034292,6,67,67301,2012,4,2,548,5,2,1,0,1,1, , ,N,0,0,0,3,0,1,2,2,N,N,39 57:40.118,75 10:55.621,552, ,549,2,1,4,N, ,0,N, , , , ,680430, , , ,2,0,0,0,0,2,0,0,0,0,0,1,1,0,0,0,0,0,0,0,1,0,0,0,0,0,0,0,0,0,0,0,0,0,0,4,2,39.9611,-75.1821, , 
 ,61607,2012034633,6,67,67301,2012,3,7,1055,10,1,1,0,4,1, , ,N,2,2,7,3,0,2,3,3,N,N,39 56:05.393,75 08:33.250,1059, ,1056, ,0, ,N, ,3, , , , , ,680431, , , ,3,2,0,0,1,0,0,0,0,0,0,2,2,0,0,0,0,0,0,0,0,0,0,0,0,0,0,0,0,0,0,0,0,0,0,4,0,39.9348,-75.1426, , 
 ,61608,2012042240,6,67,67301,2012,3,3,1610,16,1,1,0,8,1, , ,N,1,3,0,3,0,1,2,2,N,N,39 59:39.850,75 07:18.958,1629, ,1627, ,0, , , ,3, , , , , ,680437, , , ,1,1,0,0,0,0,0,0,0,0,0,0,1,1,0,0,0,0,0,0,0,0,0,0,0,0,0,0,0,0,0,0,1,0,0,8,0,39.9944,-75.1219, , 
 ,61609,2012066595,6,67,67301,2012,6,3,904,9,1,2,1,7,3, , ,N,1,2,0,3,0,1,1,1,N,N,39 54:14.619,75 14:25.049,906, ,904,3,1,6,N, ,2,N, , , , ,680457, , , ,1,0,0,0,0,0,1,0,0,0,0,1,1,0,0,0,0,0,0,0,0,0,0,0,0,0,0,0,0,0,0,0,0,0,0,4,0,39.904,-75.2401, , 
 ,61610,2012071923,6,67,67301,2012,7,5,1710,17,1,1,0,1,1, , ,N,0,0,0,3,0,0,2,2,N,N,39 57:31.135,75 10:04.720,1738, ,1727,1,2,4,N, ,0,N, , , , ,680462, , , ,2,2,0,0,0,0,0,0,0,0,0,0,0,0,0,0,0,0,0,0,0,0,0,0,0,0,0,0,0,0,0,0,0,0,0,0,0,39.9586,-75.168, , 
 ,61611,2012078146,6,67,67301,2012,7,1,225,2,3,1,0,2,1, , ,N,1,2,0,3,0,0,2,2,N,N,39 58:26.116,75 12:23.386,235, ,227, ,0, ,N, ,3, , , , , ,680469, , , ,2,2,0,0,0,0,0,0,0,0,0,0,0,0,0,0,0,0,0,0,0,0,0,0,0,0,0,0,0,0,0,0,0,0,0,0,0,39.9738,-75.2064, , 
 ,61612,2012078575,6,67,67301,2012,7,4,740,7,1,1,0,7,5, , ,N,0,0,7,3,0,1,1,1,N,N,40 03:17.409,75 08:15.162,824, ,820, ,0, ,N, ,0, , , , , ,680470, , , ,1,0,1,0,0,0,0,0,0,0,1,0,1,0,0,0,0,0,0,0,0,0,0,0,0,0,0,0,0,0,0,0,0,0,0,3,0,40.0548,-75.1375, , 
 ,61613,2012078993,6,67,67301,2012,5,1,513,5,3,1,0,4,7, , ,N,7,0,2,3,0,2,3,2,N, ,40 01:13.494,75 09:15.812,521, ,516,3,2,1, , ,0,Y, , , , ,680473, , , ,2,1,0,0,0,0,1,0,0,1,1,0,2,0,0,0,0,0,0,0,0,0,0,0,0,0,0,1,0,0,0,0,0,0,0,2,0,40.0204,-75.1544, , 
 ,61614,2012095523,6,67,67301,2012,8,1,1210,12,3,1,0,4,1, , ,N,1,2,0,3,0,1,3,5,N, ,40 01:55.909,75 02:12.865,125, ,125, ,0, , , ,3, , , , , ,680486, , , ,5,5,0,0,0,0,0,0,0,0,0,1,1,0,0,0,0,0,1,0,0,0,0,0,0,0,0,0,0,0,0,0,0,0,0,4,0,40.0322,-75.0369, , 
 ,61615,2012078285,6,67,67301,2012,7,4,1800,18,1,1,0,8,1, , ,N,0,0,0,3,0,1,2,2,N, ,39 57:14.452,75 14:48.746,2205, ,2200, ,0, , , ,0, , , , , ,680499, , , ,1,0,0,0,0,0,1,0,0,0,0,1,1,0,1,0,0,0,0,0,0,0,0,0,0,0,0,0,0,0,0,0,1,0,0,4,0,39.954,-75.2469, , 
 ,61616,2012078356,6,67,67301,2012,7,5,1340,13,1,1,0,7,5, , ,N,0,0,0,3,0,1,1,1,N,N,40 03:02.646,75 05:51.512,1400, ,1350, ,0, ,N, ,0, , , , , ,680500, , , ,1,1,0,0,0,0,0,0,0,0,0,1,1,0,0,0,0,0,0,0,0,0,0,0,0,0,0,0,0,0,0,0,0,0,0,4,0,40.0507,-75.0976, , 
 ,61617,2012083329,6,67,67301,2012,8,5,1245,12,1,1,0,4,1, , ,N,0,0,0,3,0,0,2,2,N, ,40 00:15.483,75 10:25.966,1315, ,1308,2,1,4, , ,0,N, , , , ,680504, , , ,2,0,0,0,1,0,1,0,0,0,0,0,0,0,0,0,0,0,0,0,0,0,0,0,0,0,0,0,0,0,0,0,0,0,0,0,0,40.0043,-75.1739, , 
 ,61618,2012095349,6,67,67301,2012,8,6,9999,99,1,1,0,6,2, , ,N,0,0,0,3,0,1,1,1,N,N,39 59:54.852,75 05:40.066,1307, ,1306, ,0, ,N, ,0, , , , , ,680520, , , ,1,0,0,0,0,0,0,1,0,0,0,0,1,1,0,0,0,0,0,0,0,0,0,0,0,0,0,0,0,0,0,0,1,0,0,8,0,39.9986,-75.0945, , 
 ,61619,2012076556,6,67,67301,2012,8,5,1930,19,1,1,0,7,3, , ,N,0,0,0,3,0,0,4,2,N,N,39 54:45.095,75 10:25.491,1932, ,1930, ,0, ,N, ,0, , , , , ,682623, , , ,2,1,0,0,1,0,0,0,0,0,0,0,0,0,0,0,0,1,0,0,1,0,0,0,0,0,0,0,0,0,0,0,0,0,0,0,0,39.9125,-75.1737, , 
 ,61620,2012080813,6,67,67301,2012,7,5,142,1,3,2,1,2,1, , ,N,1,2,0,3,0,1,2,2,N,N,39 57:36.745,75 11:27.211,200, ,142, ,0, ,N, ,3, , , , , ,682627, , , ,1,1,0,0,0,0,0,0,1,0,0,0,1,1,0,0,0,0,0,0,0,0,0,0,0,0,0,0,0,0,0,0,0,0,0,8,0,39.9602,-75.1909, , 
 ,61621,2012082916,6,67,67301,2012,8,5,1634,16,1,1,0,7,3, , ,N,0,0,0,3,0,1,1,1,N,N,40 00:51.931,75 03:18.700,1638, ,1638,1,1,1,N, ,0,N, , , , ,682630, , , ,1,1,0,0,0,0,0,0,0,0,0,1,1,0,0,0,0,0,1,0,0,0,0,0,0,0,0,0,0,0,0,0,0,0,0,4,0,40.0144,-75.0553, , 
 ,61622,2012082978,6,67,67301,2012,5,3,725,7,1,1,1,4,1, , ,N,0,0,0,3,0,1,4,2, , ,40 02:11.400,75 08:57.580,0, ,0, ,0, , , ,0, , , , , ,682631, , , ,2,0,0,0,0,0,1,0,0,0,0,0,1,1,2,0,0,0,0,0,0,0,0,0,0,0,0,0,0,0,0,0,0,0,0,8,0,40.0365,-75.1493, , 
 ,61623,2012012566,6,67,67301,2012,1,3,2000,20,3,1,0,8,1, , ,N,0,0,0,3,0,1,2,2,N,N,40 02:01.384,75 03:49.147,2020, ,2016, ,0, ,N, ,0, , , , , ,682665, , , ,1,1,0,0,0,0,0,0,0,0,0,0,1,1,0,0,0,0,0,0,0,0,0,0,0,0,0,0,0,0,0,0,1,0,0,8,0,40.0337,-75.0637, , 
 ,61624,2012027725,6,67,67301,2012,2,1,1355,13,1,1,0,8,4, , ,N,1,2,0,3,0,1,2,2,N, ,39 56:12.246,75 13:37.826,1359, ,1359, ,0, , , ,3, , , , , ,682679, , , ,1,1,0,0,0,0,0,0,0,0,0,1,1,0,0,0,0,0,0,0,0,0,0,0,0,0,0,0,0,0,0,0,1,0,0,4,0,39.9367,-75.2272, , 
 ,61625,2012073597,6,67,67301,2012,6,6,1430,14,1,1,0,1,1, , ,N,0,0,0,3,0,1,2,2,N, ,39 58:18.638,75 13:26.127,2000, ,2000, ,0, , , ,0, , , , , ,682713, , , ,2,1,0,0,0,0,1,0,0,0,0,1,1,0,1,0,0,0,0,0,0,0,0,0,0,0,0,0,0,0,0,0,0,0,0,4,0,39.9718,-75.2239, , 
 ,61626,2012078445,6,67,67301,2012,7,6,1200,12,1,1,0,8,1, , ,N,1,2,0,3,0,1,2,2,N,N,40 02:16.612,75 07:48.705,1300, ,1230, ,0, ,N, ,3, , , , , ,682717, , , ,1,1,0,0,0,0,0,0,0,0,0,1,1,0,0,0,0,0,0,0,0,1,0,0,0,0,0,0,0,0,0,0,1,0,0,4,0,40.0379,-75.1302, , 
 ,61627,2012099347,6,67,67301,2012,9,7,2357,23,3,2,1,2,1, , ,N,1,2,0,3,0,2,5,3,N,N,40 03:23.636,75 02:47.581,2257, ,2257,1,1,1,N, ,3,Y, , , , ,682736, , , ,3,3,0,0,0,0,0,0,0,0,0,0,2,2,0,0,0,0,0,0,2,0,0,0,0,0,0,0,0,0,0,0,0,0,0,8,0,40.0566,-75.0466, , 
 ,61628,2012103951,6,67,67301,2012,9,3,0,0,4,2,1,2,1, , ,N,2,0,0,3,0,1,2,2,N,N,39 56:03.598,75 13:50.188,1825, ,1825, ,0, ,N, ,0, , , , , ,682738, , , ,1,1,0,0,0,0,0,0,0,0,0,1,1,0,0,0,0,0,0,0,0,0,0,0,0,0,0,0,0,0,0,0,1,0,0,4,0,39.9343,-75.2306, , 
 ,61629,2012114338,6,67,67301,2012,10,4,1805,18,3,1,0,4,2, , ,N,0,0,0,3,0,1,2,2,N,N,39 55:38.546,75 13:54.505,1819, ,1819, ,0, ,N, ,0, , , , , ,682751, , , ,2,1,0,0,0,0,0,0,0,0,0,0,1,1,1,0,0,0,0,0,1,0,0,0,0,0,0,0,0,0,0,0,0,0,0,8,0,39.9274,-75.2318, , 
 ,61630,2012056201,6,67,67301,2012,5,4,2258,22,3,1,0,1,1, , ,N,0,0,0,3,0,2,3,3,N,N,39 59:51.388,75 11:46.488,2304, ,2301,1,2,3,N, ,0,N, , , , ,682758, , , ,3,1,0,0,0,0,2,0,0,0,1,1,2,0,0,0,0,0,0,0,0,0,0,0,0,0,0,0,0,0,0,0,0,0,0,3,0,39.9976,-75.1962, , 
 ,61631,2012083154,6,67,67301,2012,7,3,1830,18,1,1,0,4,1, , ,N,1,2,0,3,0,0,3,2,N,N,40 03:40.656,75 03:06.510,1845, ,1837,1,1,4,N, ,3,N, , , , ,682769, , , ,2,2,0,0,0,0,0,0,0,0,0,0,0,0,0,0,0,0,0,0,0,0,1,0,0,0,0,0,0,0,0,0,0,0,0,0,0,40.0613,-75.0518, , 
 ,61632,2012085869,6,67,67301,2012,8,5,1917,19,1,1,0,4,1, , ,N,1,3,0,3,0,1,2,3,N,N,40 01:59.616,75 05:00.016,1920, ,1919,2,1,1, , ,3,N, , , , ,682771, , , ,3,2,0,0,0,0,1,0,0,0,0,0,1,1,1,0,0,0,0,0,0,0,0,0,0,0,0,0,0,0,0,0,0,0,0,8,0,40.0332,-75.0833, , 
 ,61633,2012104188,6,67,67301,2012,9,3,2205,22,3,1,1,1,1, , ,N,0,0,2,3,0,4,4,2,N,N,40 00:46.541,75 12:16.209,2225, ,2210,2,2,1,N, ,0,Y, , , , ,682789, , , ,2,2,0,0,0,0,0,0,0,0,0,0,4,4,0,0,0,0,0,0,0,0,0,0,0,0,0,0,0,0,0,0,0,0,0,8,0,40.0119,-75.2049, , 
 ,61634,2012050891,6,67,67301,2012,5,3,1741,17,1,1,0,1,7, , ,N,6,0,2,3,0,1,3,3,N,N,39 54:31.231,75 08:57.958,1750, ,1741, ,0, ,N, ,0, , , , , ,682805, , , ,3,3,0,0,0,0,0,0,0,0,0,1,1,0,0,0,0,0,0,1,1,0,0,0,0,0,0,0,0,0,0,0,0,0,0,4,0,39.9087,-75.1494, , 
 ,61635,2012068868,6,67,67301,2012,5,3,1802,18,1,1,0,7,5, , ,N,0,0,0,3,0,1,1,1,N,N,40 04:17.230,75 04:59.592,1810, ,1804, ,0, ,N, ,0, , , , , ,682810, , , ,1,1,0,0,0,0,0,0,0,0,0,0,1,1,0,0,0,0,0,0,0,0,0,0,0,0,0,0,0,0,0,0,0,0,0,8,0,40.0715,-75.0832, , 
 ,61636,2012076003,6,67,67301,2012,6,6,20,0,3,1,0,4,1, , ,N,2,3,0,3,0,1,2,2,N,N,39 56:53.376,75 12:59.687,30, ,25, ,0, ,N, ,3, , , , , ,682818, , , ,1,1,0,0,0,0,0,0,1,0,0,0,1,1,0,0,0,0,0,0,0,0,0,1,0,0,0,0,0,0,0,0,0,0,0,8,0,39.9482,-75.2166, , 
 ,61637,2012036911,6,67,67301,2012,3,1,230,2,6,1,0,4,1, , ,N,1,2,0,3,0,1,2,2,N,N,39 59:23.449,75 10:25.402,9999, ,9999, ,0, , , ,3, , , , , ,673583, , , ,1,1,0,0,0,0,0,0,1,0,1,0,1,0,0,0,0,0,0,0,0,0,0,1,0,0,0,0,0,0,0,0,0,0,0,3,0,39.9898,-75.1737, , 
 ,61638,2012039834,6,67,67301,2012,3,1,1345,13,1,1,0,4,1, , ,N,2,2,7,3,0,2,3,2,N,N,40 02:12.019,75 10:25.841,1359, ,1357, ,0, , , ,3, , , , , ,673586, , , ,2,1,0,0,0,0,1,0,0,0,0,2,2,0,0,0,0,0,0,0,0,0,1,0,0,0,0,0,0,0,0,0,0,0,0,4,0,40.0367,-75.1738, , 
 ,61639,2012051929,6,67,67301,2012,5,4,1320,13,1,1,1,5,1, , ,N,0,0,0,3,0,1,1,2,N,N,39 58:27.092,75 10:49.977,1325, ,1322, ,0, ,N, ,0, , , , , ,673596, , , ,2,2,0,0,0,0,0,0,0,0,0,0,1,1,0,0,0,0,0,0,1,0,0,0,0,0,0,0,0,0,0,0,0,0,0,8,0,39.9742,-75.1805, , 
 ,61640,2012058161,6,67,67301,2012,6,7,1840,18,4,1,0,1,1, , ,N,0,0,0,3,0,0,7,3,N,N,39 57:28.606,75 09:47.349,1847, ,1844, ,0, ,N, ,0, , , , , ,673598, , , ,3,1,0,0,0,0,2,0,0,0,0,0,0,0,0,0,0,0,1,0,0,0,0,0,0,0,0,0,0,0,0,0,0,0,0,0,0,39.9579,-75.1632, , 
 ,61641,2012063958,6,67,67301,2012,5,2,1850,18,1,2,1,2,1, , ,N,0,0,0,3,0,1,2,3,N, ,40 01:30.891,75 10:43.145,1915, ,1900,1,2,6, , ,0,Y, , , , ,673605, , , ,3,0,0,0,1,0,2,0,0,0,0,1,1,0,0,0,0,0,0,0,1,0,0,1,0,0,0,0,0,0,0,0,0,0,0,4,0,40.0252,-75.1787, , 
 ,61642,2012066571,6,46,46102,2012,6,1,645,6,1,1,0,7,5, , ,N,0,0,0,3,0,0,1,2,N,N,40 04:28.061,75 09:32.259,832, ,826, ,0, ,N, ,0, , , , , ,673607, , , ,1,1,0,0,0,0,0,0,0,0,0,0,0,0,0,0,0,0,0,0,0,0,0,0,0,0,0,0,0,0,0,0,0,0,0,0,0,40.0745,-75.159, , 
 ,61643,2012067078,6,67,67301,2012,6,6,9999,99,1,1,0,4,1, , ,N,2,2,0,3,0,2,2,2,N,N,39 53:44.024,75 14:00.732,9999, ,9999, ,0, ,N, ,3, , , , , ,673608, , , ,2,1,0,0,0,0,1,0,0,0,0,0,2,2,0,0,0,0,0,0,0,0,0,0,0,0,0,0,0,0,0,0,0,0,0,8,0,39.8954,-75.2335, , 
 ,61644,2012098428,6,67,67301,2012,9,7,1445,14,1,1,0,1,1, , ,N,0,0,0,3,0,1,2,2,N, ,40 01:14.296,75 08:55.153,1508, ,1500, ,0, , , ,0, , , , , ,673628, , , ,2,2,0,0,0,0,0,0,0,0,0,0,1,1,0,0,0,0,0,0,1,0,0,0,0,0,0,0,0,0,0,0,0,0,0,8,0,40.0206,-75.1487, , 
 ,61645,2012101380,6,67,67301,2012,10,6,1650,16,1,1,0,1,1, , ,N,0,0,0,3,0,1,2,2,N,N,39 59:45.987,75 11:50.000,1716, ,1654, ,0, ,N, ,0, , , , , ,673631, , , ,2,0,0,0,0,0,1,1,0,0,0,1,1,0,0,0,0,0,0,0,1,0,0,0,0,0,0,0,0,0,0,0,0,0,0,4,0,39.9961,-75.1972, , 
 ,61646,2012104088,6,67,67301,2012,10,2,710,7,1,1,0,6,1, , ,N,1,2,0,3,0,0,2,2,N,N,40 00:31.197,75 04:08.216,805, ,803, ,0, ,N, ,3, , , , , ,673635, , , ,2,1,0,0,0,0,1,0,0,0,0,1,1,0,0,0,0,0,0,0,0,0,0,0,0,0,0,0,0,0,0,0,0,0,0,4,0,40.0086,-75.0688, , 
 ,61647,2012015499,6,67,67301,2012,1,4,1138,11,1,1,0,6,1, , ,N,1,2,0,3,0,1,2,2,N,N,40 01:36.847,75 13:37.905,1155, ,1147, ,0, ,N, ,3, , , , , ,673655, , , ,2,0,0,0,0,1,1,0,0,0,0,0,1,1,1,0,0,0,0,0,0,0,0,1,0,0,0,0,0,0,0,0,0,0,0,8,1,40.0269,-75.2272, , 
 ,61648,2012047287,6,67,67301,2012,4,5,1645,16,1,1,0,8,1, , ,N,1,2,0,3,0,1,2,2,N,N,40 04:20.456,75 09:28.385,1733, ,1727, ,0, , , ,3, , , , , ,673678, , , ,1,0,0,0,0,0,0,1,0,0,0,1,1,0,0,0,0,0,0,0,1,0,0,0,0,0,0,0,0,0,0,0,1,0,0,4,0,40.0723,-75.1579, , 
 ,61649,2012056750,6,67,67301,2012,4,1,245,2,3,1,0,4,2, , ,N,0,0,0,3,0,1,1,3,N,N,39 59:34.548,75 10:16.378,305, ,300, ,0, ,N, ,0, , , , , ,673686, , , ,3,2,0,0,0,0,0,1,0,0,1,0,1,0,0,0,0,0,0,0,0,0,0,0,0,0,0,0,0,0,0,0,0,0,0,3,0,39.9929,-75.1712, , 
 ,61650,2012060651,6,67,67301,2012,5,3,1040,10,1,1,0,8,1, , ,N,2,0,0,3,0,1,2,2,N,N,39 56:58.560,75 10:14.725,1041, ,1040, ,0, ,N, ,0, , , , , ,673688, , , ,1,0,0,0,1,0,0,0,0,1,0,0,1,0,0,0,0,0,0,0,1,0,0,0,0,0,0,0,0,0,0,0,1,0,1,2,0,39.9496,-75.1708, , 
 ,61651,2012066718,6,67,67301,2012,5,3,129,1,2,1,0,8,1, , ,N,2,0,0,3,0,1,2,2,N,N,40 01:50.214,75 07:17.086,135, ,130, ,0, ,N, ,0, , , , , ,673691, , , ,1,1,0,0,0,0,0,0,0,0,0,1,1,0,0,0,0,0,0,0,0,0,0,0,0,0,0,0,0,0,0,0,1,0,0,4,0,40.0306,-75.1214, , 
 ,61652,2012015443,6,67,67301,2012,1,3,430,4,3,1,0,5,6, , ,N,0,0,0,3,0,0,1,3,N,N,39 58:17.367,75 11:02.994,438, ,435, ,0, ,N, ,0, , , , , ,673710, , , ,3,2,0,0,0,0,1,0,0,0,0,0,0,0,0,0,0,0,0,0,0,0,0,0,0,0,0,0,0,0,0,0,0,0,0,0,0,39.9715,-75.1842, , 
 ,61653,2012017487,6,67,67301,2012,2,6,1625,16,1,1,0,1,1, , ,N,0,0,0,3,0,1,4,2,N,N,39 58:59.978,75 05:52.601,1654, ,1629,1,2,1,N, ,0,N, , , , ,673711, , , ,2,1,0,0,0,0,1,0,0,0,0,1,1,0,0,0,0,0,0,0,1,0,0,0,0,0,0,0,0,0,0,0,0,0,0,4,0,39.9833,-75.0981, , 
 ,61654,2012042189,6,67,67301,2012,3,4,1510,15,1,1,0,4,1, , ,N,1,2,0,3,0,5,5,2,N, ,40 00:27.528,75 07:37.941,1519, ,1518, ,0, , , ,3, , , , , ,673735, , , ,2,2,0,0,0,0,0,0,0,0,0,1,5,4,0,0,0,0,0,0,0,0,0,0,0,0,0,0,0,0,0,0,0,0,0,4,0,40.0076,-75.1273, , 