wz_ln_closure,objectid_1,crn,district,county,municipality,crash_year,crash_month,day_of_week,time_of_day,hour_of_day,illumination,weather,road_condition,collision_type,relation_to_road,work_zone_type,work_zone_loc,work_zone_ind,intersect_type,tcd_type,location_type,urban_rural,fatal_count,injury_count,person_count,total_units,sch_bus_ind,sch_zone_ind,latitude,longitude,arrival_tm,cons_zone_spd_lim,dispatch_tm,est_hrs_closed,lane_closed,ln_close_dir,ntfy_hiwy_maint,spec_juris_cd,tcd_func_cd,tfc_detour_ind,workers_pres,wz_close_detour,wz_flagger,wz_law_offcr_ind,objectid,wz_moving,wz_other,wz_shlder_mdn,vehicle_count,automobile_count,motorcycle_count,bus_count,small_truck_count,heavy_truck_count,suv_count,van_count,bicycle_count,maj_inj_count,mod_inj_count,min_inj_count,tot_inj_count,unk_inj_deg_count,unk_inj_per_count,driver_count_16yr,driver_count_17yr,driver_count_18yr,driver_count_19yr,driver_count_20yr,driver_count_50_64yr,driver_count_65_74yr,driver_count_75plus,unbelted_occ_count,unb_death_count,unb_maj_inj_count,belted_death_count,belted_maj_inj_count,mcycle_death_count,mcycle_maj_inj_count,bicycle_death_count,bicycle_maj_inj_count,ped_count,ped_death_count,ped_maj_inj_count,max_severity_level,comm_veh_count,dec_lat,dec_long,rdwy_surf_type_cd,county_name
 ,61655,2012056709,6,67,67301,2012,5,6,9999,99,1,7,0,4,1, , ,N,1,2,0,3,0,0,5,3,N,N,40 01:55.477,75 04:52.420,1715, ,1711, ,0, ,N, ,3, , , , , ,677207, , , ,3,2,0,0,0,0,0,0,0,0,0,0,0,0,0,0,0,0,0,1,0,0,0,2,0,0,0,0,0,0,0,0,0,0,0,0,0,40.0321,-75.0812, , 
 ,61656,2012048235,6,67,67301,2012,3,2,730,7,1,1,0,4,1, , ,N,1,0,0,3,0,1,2,2,N, ,39 58:02.216,75 07:44.286,1133, ,1130, ,0, , , ,0, , , , , ,677218, , , ,2,1,1,0,0,0,0,0,0,0,0,1,1,0,1,0,0,0,0,0,1,0,0,0,0,0,0,0,0,0,0,0,0,0,0,4,0,39.967,-75.1294, , 
 ,61657,2012034799,6,67,67301,2012,3,6,1630,16,1,1,0,1,1, , ,N,2,0,0,3,0,0,4,3,N,N,39 57:20.517,75 14:53.557,1636, ,1634, ,0, ,N, ,0, , , , , ,677235, , , ,3,2,0,0,0,0,0,0,0,0,0,0,0,0,0,0,0,0,0,0,0,0,0,0,0,0,0,0,0,0,0,0,0,0,0,0,0,39.9557,-75.2482, , 
 ,61658,2012034804,6,67,67301,2012,3,3,2045,20,2,1,0,4,1, , ,N,1,3,0,3,0,0,3,2,N,N,40 04:24.556,75 10:08.032,2050, ,2047, ,0, , , ,3, , , , , ,677236, , , ,2,2,0,0,0,0,0,0,0,0,0,0,0,0,1,0,0,0,0,0,0,0,0,0,0,0,0,0,0,0,0,0,0,0,0,9,0,40.0735,-75.1689, , 
 ,61659,2012047175,6,67,67301,2012,4,1,1925,19,3,2,1,1,1, , ,N,0,2,0,3,0,0,3,2,N, ,39 58:59.943,75 09:24.888,1930, ,1930,2,1,2, , ,3,N, , , , ,677242, , , ,2,2,0,0,0,0,0,0,0,0,0,0,0,0,0,0,0,0,0,0,1,0,0,0,0,0,0,0,0,0,0,0,0,0,0,0,0,39.9833,-75.1569, , 
 ,61660,2012048297,6,67,67301,2012,3,7,911,9,1,2,1,4,1, , ,N,2,2,0,3,0,0,2,2,N,N,40 07:06.945,75 00:25.153,927, ,922, ,0, ,N, ,3, , , , , ,677243, , , ,2,2,0,0,0,0,0,0,0,0,0,0,0,0,0,0,0,0,0,0,0,1,0,0,0,0,0,0,0,0,0,0,0,0,0,0,0,40.1186,-75.007, , 
 ,61661,2012063948,6,67,67301,2012,5,4,1550,15,1,1,0,4,1, , ,N,1,3,0,3,0,1,2,2,N,N,40 02:09.495,75 10:21.831,1559, ,1556, ,0, ,N, ,3, , , , , ,677260, , , ,1,1,0,0,0,0,0,0,1,0,0,1,1,0,1,0,0,0,0,0,0,0,0,0,0,0,0,0,0,0,0,0,0,0,0,4,0,40.036,-75.1727, , 
 ,61662,2012020464,6,67,67301,2012,1,2,641,6,1,1,0,1,1, , ,N,1,2,0,3,0,2,2,2,N,N,40 00:21.051,75 05:46.740,815, ,813, ,0, ,N, ,3, , , , , ,677270, , , ,2,1,0,0,0,0,1,0,0,0,2,0,2,0,0,0,0,0,0,0,0,0,0,1,0,0,0,0,0,0,0,0,0,0,0,3,0,40.0058,-75.0964, , 
 ,61663,2012042198,6,67,67301,2012,3,1,9999,99,3,1,0,4,1, , ,N,5,2,0,3,0,1,3,2,N, ,39 54:40.810,75 14:33.592,2140, ,2134,2,1,1, , ,3,N, , , , ,677289, , , ,2,1,0,0,0,0,1,0,0,0,0,1,1,0,0,0,0,0,0,0,0,0,0,0,0,0,0,0,0,0,0,0,0,0,0,4,0,39.9113,-75.2427, , 
 ,61664,2012045148,6,67,67301,2012,4,6,2004,20,3,1,0,7,5, , ,N,0,0,0,3,0,1,1,1,N,N,39 53:33.664,75 13:31.039,2008, ,2008,2,2,2,Y, ,0,N, , , , ,677291, , , ,1,1,0,0,0,0,0,0,0,0,0,1,1,0,0,0,0,0,0,0,0,0,0,0,0,0,0,0,0,0,0,0,0,0,0,4,0,39.8927,-75.2253, , 
 ,61665,2012047149,6,67,67301,2012,4,6,1500,15,1,1,0,4,1, , ,N,0,0,7,3,0,1,2,4,N,N,40 00:03.340,75 12:53.004,1550, ,1502, ,0, ,N, ,0, , , , , ,677294, , , ,4,3,0,0,1,0,0,0,0,0,1,0,1,0,0,0,0,0,0,0,0,0,0,0,0,0,0,0,0,0,0,0,0,0,0,3,0,40.0009,-75.2147, , 
 ,61666,2012047259,6,67,67301,2012,4,6,855,8,1,1,0,4,1, , ,N,1,3,0,3,0,1,2,2,N, ,40 03:15.670,75 09:18.658,906, ,904, ,0, , , ,3, , , , , ,677295, , , ,2,2,0,0,0,0,0,0,0,0,0,1,1,0,0,0,0,0,0,0,1,0,0,0,0,0,0,0,0,0,0,0,0,0,0,4,0,40.0544,-75.1552, , 
 ,61667,2012049753,6,67,67301,2012,4,7,335,3,3,1,0,7,2, , ,N,0,0,0,3,0,2,2,1,N,N,39 57:34.725,75 09:45.266,340, ,337, ,0, ,N, ,0, , , , , ,677298, , , ,1,1,0,0,0,0,0,0,0,0,0,0,2,2,0,0,0,0,0,0,0,0,0,0,0,0,0,0,0,0,0,0,0,0,0,8,0,39.9596,-75.1626, , 
 ,61668,2012041543,6,67,67301,2012,3,7,255,2,3,1,0,4,1, , ,N,0,0,0,3,0,2,9,2,Y,N,39 59:10.175,75 14:52.129,300, ,255,1,1,1,N, ,0,N, , , , ,677339, , , ,2,1,0,1,0,0,0,0,0,0,0,2,2,0,0,0,0,0,0,0,0,0,0,0,0,0,0,0,0,0,0,0,0,0,0,4,1,39.9862,-75.2478, , 
 ,61669,2012047160,6,67,67301,2012,4,2,2038,20,3,1,0,4,1, , ,N,1,2,0,3,0,4,4,4,N,N,40 06:51.356,74 59:16.486,2046, ,2039,2,2,1,N, ,3,Y, , , , ,677349, , , ,4,2,0,0,2,0,0,0,0,0,2,2,4,0,0,0,0,0,0,0,0,1,0,0,0,0,0,0,0,0,0,0,0,0,0,3,0,40.1143,-74.9879, , 
 ,61670,2012060734,6,67,67301,2012,5,7,209,2,3,1,0,7,5, , ,N,1,2,0,3,0,1,1,1,N, ,40 01:27.102,75 05:43.897,223, ,221,2,1,2, , ,3,Y, , , , ,677356, , , ,1,1,0,0,0,0,0,0,0,0,0,1,1,0,0,0,0,0,0,0,0,0,0,0,0,0,0,0,0,0,0,0,0,0,0,4,0,40.0242,-75.0955, , 
 ,61671,2012060645,6,67,67301,2012,5,5,1305,13,1,1,0,4,1, , ,N,1,2,0,3,0,0,1,2,N,N,39 58:18.769,75 09:45.745,1320, ,1305,3,2,1,N, ,3,Y, , , , ,677406, , , ,2,1,0,0,0,0,1,0,0,0,0,0,0,0,0,0,0,0,0,0,0,0,0,0,0,0,0,0,0,0,0,0,0,0,0,0,0,39.9719,-75.1627, , 
 ,61672,2012054260,6,67,67301,2012,5,3,2042,20,3,2,1,7,3, , ,N,0,0,0,3,0,0,1,1,N,N,39 56:40.407,75 11:29.627,2044, ,2042,1,1,3,N, ,0,N, , , , ,677409, , , ,1,1,0,0,0,0,0,0,0,0,0,0,0,0,0,0,0,0,0,0,0,0,0,0,0,0,0,0,0,0,0,0,0,0,0,0,0,39.9446,-75.1916, , 
 ,61673,2012095355,6,67,67301,2012,8,4,620,6,5,1,0,4,4, , ,N,2,3,0,3,0,1,1,3,N, ,39 57:09.525,75 13:53.709,750, ,750, ,0, , , ,3, , , , , ,680521, , , ,1,1,0,0,0,0,0,0,0,0,0,0,1,1,0,0,0,0,0,0,0,0,0,0,0,0,0,0,0,0,0,0,0,0,0,8,0,39.9526,-75.2316, , 
 ,61674,2012095604,6,67,67301,2012,8,3,1815,18,1,1,0,8,1, , ,N,1,3,0,3,0,1,4,1,N,N,39 57:19.771,75 14:31.703,1820, ,1820, ,0, ,N, ,3, , , , , ,680522, , , ,1,1,0,0,0,0,0,0,0,0,0,1,1,0,0,0,0,0,0,0,0,1,0,0,0,0,0,0,0,0,0,0,1,0,0,4,0,39.9555,-75.2421, , 
 ,61675,2012096955,6,67,67301,2012,9,5,926,9,1,1,1,1,1, , ,N,0,0,0,3,0,0,3,3,N,N,40 02:35.104,75 00:11.918,926, ,926, ,0, ,N, ,0, , , , , ,680523, , , ,3,3,0,0,0,0,0,0,0,0,0,0,0,0,0,0,0,0,0,0,1,0,0,0,0,0,0,0,0,0,0,0,0,0,0,0,0,40.0431,-75.0033, , 
 ,61676,2012103995,6,67,67301,2012,9,1,1615,16,1,1,0,6,1, , ,N,0,0,0,3,0,0,3,2,N,N,40 06:49.982,75 01:47.377,1625, ,1620, ,0, ,N, ,0, , , , , ,680533, , , ,2,2,0,0,0,0,0,0,0,0,0,0,0,0,0,0,0,0,0,0,0,0,0,0,0,0,0,0,0,0,0,0,0,0,0,0,0,40.1139,-75.0298, , 
 ,61677,2012111606,6,67,67301,2012,10,1,30,0,6,1,0,7,5, , ,N,0,0,0,3,0,0,1,1,N,N,39 55:59.150,75 11:59.110,40, ,38, ,0, ,N, ,0, , , , , ,680540, , , ,1,1,0,0,0,0,0,0,0,0,0,0,0,0,0,0,0,0,0,1,0,0,0,0,0,0,0,0,0,0,0,0,0,0,0,0,0,39.9331,-75.1998, , 
 ,61678,2012015402,6,67,67301,2012,1,5,913,9,1,2,1,7,4, , ,N,0,0,0,3,0,2,2,1,N,N,39 58:52.268,75 12:00.011,925, ,913, ,0, ,N, ,0, , , , , ,680551, , , ,1,1,0,0,0,0,0,0,0,0,0,2,2,0,0,0,0,0,0,0,0,0,0,0,0,0,0,0,0,0,0,0,0,0,0,4,0,39.9812,-75.2, , 
 ,61679,2012017926,6,67,67301,2012,1,6,1246,12,1,1,0,1,1, , ,N,0,0,0,3,0,1,3,2,N, ,39 57:23.690,75 13:20.669,1247, ,1246, ,0, , , ,0, , , , , ,680555, , , ,2,2,0,0,0,0,0,0,0,0,0,1,1,0,0,0,0,0,0,0,0,0,0,0,0,0,0,0,0,0,0,0,0,0,0,4,0,39.9566,-75.2224, , 
 ,61680,2012032669,6,67,67301,2012,2,1,2330,23,3,1,0,4,1, , ,N,0,0,7,3,0,2,4,2,N,N,40 01:50.358,75 04:57.338,29, ,16,2,1,1,N, ,0,N, , , , ,680566, , , ,2,1,0,0,0,0,1,0,0,0,0,2,2,0,0,0,0,0,0,0,0,0,0,0,0,0,0,0,0,0,0,0,0,0,0,4,0,40.0307,-75.0826, , 
 ,61681,2012041574,6,67,67301,2012,3,1,1130,11,1,1,0,4,1, , ,N,1,2,0,3,0,3,4,2,N,N,39 57:36.745,75 11:27.211,1132, ,1130,1,2,2,N, ,3,Y, , , , ,680570, , , ,2,0,0,0,1,0,1,0,0,0,0,3,3,0,0,0,0,0,0,0,0,0,0,0,0,0,0,0,0,0,0,0,0,0,0,4,0,39.9602,-75.1909, , 
 ,61682,2012048093,6,67,67301,2012,4,4,816,8,1,1,0,4,1, , ,N,1,2,0,3,0,2,4,2,N,N,39 57:54.205,75 14:24.511,850, ,843, ,0, ,N, ,3, , , , , ,680580, , , ,2,0,0,0,1,0,0,1,0,0,0,0,2,2,0,0,0,0,0,0,0,0,0,0,0,0,0,0,0,0,0,0,0,0,0,8,0,39.9651,-75.2401, , 
 ,61683,2012049836,6,67,67301,2012,4,1,2323,23,3,2,1,7,4, , ,N,0,0,0,3,0,0,1,1,N, ,39 59:54.062,75 09:31.003,2343, ,2340, ,0, ,N, ,0, , , , , ,680581, , , ,1,1,0,0,0,0,0,0,0,0,0,0,0,0,0,0,0,0,0,0,0,0,0,0,0,0,0,0,0,0,0,0,0,0,0,0,0,39.9984,-75.1586, , 
 ,61684,2012044988,6,67,67301,2012,5,7,335,3,3,2,1,7,2, , ,N,0,8,0,3,0,0,1,1,N,N,39 58:12.174,75 11:21.017,345, ,340,1,1,1,Y, ,3,N, , , , ,680630, , , ,1,0,0,0,0,0,1,0,0,0,0,0,0,0,0,0,0,0,0,0,0,0,0,0,0,0,0,0,0,0,0,0,0,0,0,0,0,39.97,-75.1892, , 
 ,61685,2012066563,6,67,67301,2012,5,2,1109,11,1,1,0,4,1, , ,N,1,2,0,3,0,2,2,2,N,N,40 03:02.656,75 08:55.144,1113, ,1109, ,0, ,N, ,3, , , , , ,680650, , , ,2,1,0,0,0,0,1,0,0,0,0,2,2,0,0,0,0,0,0,0,0,0,0,0,0,0,0,0,0,0,0,0,0,0,0,4,0,40.0507,-75.1487, , 
 ,61686,2012078310,6,67,67301,2012,6,1,1500,15,1,1,0,4,1, , ,N,1,2,0,3,0,1,2,2,N, ,39 58:28.437,75 14:17.876,1518, ,1516, ,0, , , ,3, , , , , ,680663, , , ,2,1,1,0,0,0,0,0,0,0,0,0,1,1,1,0,0,0,0,0,0,0,0,0,0,0,0,0,0,0,0,0,0,0,0,8,0,39.9746,-75.2383, , 
 ,61687,2012078328,6,67,67301,2012,7,2,209,2,3,2,1,4,1, , ,N,2,3,0,3,0,3,4,2,N,N,40 01:31.305,75 02:11.212,246, ,243,1,1,3,N, ,3,N, , , , ,680664, , , ,2,2,0,0,0,0,0,0,0,0,0,3,3,0,0,0,0,0,1,1,0,0,0,0,0,0,0,0,0,0,0,0,0,0,0,4,0,40.0254,-75.0364, , 
 ,61688,2012080822,6,67,67301,2012,7,1,2212,22,3,2,1,7,5, , ,N,1,0,2,3,0,0,2,1,N,N,40 05:57.062,74 59:12.983,2224, ,2219, ,0, ,N, ,0, , , , , ,680670, , , ,1,1,0,0,0,0,0,0,0,0,0,0,0,0,0,1,0,0,0,0,0,0,0,0,0,0,0,0,0,0,0,0,0,0,0,0,0,40.0992,-74.9869, , 
 ,61689,2012080851,6,46,46102,2012,7,4,2110,21,3,1,0,4,1, , ,N,1,2,0,3,0,1,3,2,N, ,40 03:55.027,75 05:25.289,2135, ,2125, ,0, , , ,3, , , , , ,680671, , , ,2,2,0,0,0,0,0,0,0,0,0,0,1,1,0,0,0,0,1,0,0,0,0,0,0,0,0,0,0,0,0,0,0,0,0,8,0,40.0653,-75.0904, , 
 ,61690,2012083182,6,67,67301,2012,7,4,757,7,1,1,0,4,1, , ,N,1,0,0,3,0,2,5,2,N,N,40 00:05.893,75 06:59.072,2002, ,2000, ,0, ,N, ,0, , , , , ,680674, , , ,2,1,0,0,0,0,1,0,0,0,0,2,2,0,0,0,0,0,0,0,0,0,0,0,0,0,0,0,0,0,0,0,0,0,0,4,0,40.0016,-75.1164, , 
 ,61691,2012012610,6,67,67301,2012,1,3,1420,14,1,1,0,4,1, , ,N,1,2,0,3,0,0,3,2,N,N,40 08:03.425,75 00:32.780,1450, ,1437,2,1,1,N, ,3,N, , , , ,680688, , , ,2,2,0,0,0,0,0,0,0,0,0,0,0,0,0,0,1,1,0,0,0,0,0,0,0,0,0,0,0,0,0,0,0,0,0,0,0,40.1343,-75.0091, , 
 ,61692,2012034766,6,67,67301,2012,2,6,204,2,3,1,0,7,3, , ,N,1,2,0,3,0,1,1,2,N,N,39 58:00.185,75 09:37.919,210, ,204,2,1,2,N, ,3,N, , , , ,670152, , , ,1,1,0,0,0,0,0,0,0,0,1,0,1,0,0,0,0,0,0,0,0,0,0,0,0,0,0,0,0,0,0,0,0,0,0,3,0,39.9666,-75.1604, , 
 ,61693,2012011006,6,67,67301,2012,1,4,632,6,3,1,0,1,1, , ,N,0,0,0,3,0,1,2,2,N,N,39 58:37.464,75 11:54.962,639, ,632,1,1,4,N, ,0,N, , , , ,670186, , , ,2,0,0,0,1,0,1,0,0,0,0,1,1,0,0,0,0,0,0,0,1,0,0,0,0,0,0,0,0,0,0,0,0,0,0,4,0,39.9771,-75.1986, , 
 ,61694,2012012634,6,67,67301,2012,1,4,807,8,1,1,0,1,1, , ,N,2,2,0,3,0,0,2,2,N,N,40 01:46.545,75 06:13.959,810, ,809,1,1,3,N, ,3,N, , , , ,670188, , , ,2,1,0,0,0,0,1,0,0,0,0,0,0,0,0,0,0,0,0,0,0,0,0,0,0,0,0,0,0,0,0,0,0,0,0,0,0,40.0296,-75.1039, , 
 ,61695,2012020554,6,67,67301,2012,1,6,1710,17,1,1,0,7,2, , ,N,0,2,0,3,0,1,1,1,N,N,39 58:45.188,75 12:49.679,1720, ,1714,2,1,1,N, ,3,Y, , , , ,670194, , , ,1,1,0,0,0,0,0,0,0,1,0,0,1,0,0,0,0,0,0,0,0,0,0,0,0,0,0,1,0,0,0,0,0,0,0,2,0,39.9792,-75.2138, , 
 ,61696,2012047098,6,67,67301,2012,4,3,645,6,1,1,0,4,1, , ,N,1,2,0,3,0,1,2,2,N, ,39 58:22.052,75 12:58.705,705, ,658, ,0, , , ,3, , , , , ,670213, , , ,2,1,0,0,1,0,0,0,0,0,0,1,1,0,0,0,0,0,0,0,0,0,0,1,0,0,0,0,0,0,0,0,0,0,0,4,0,39.9728,-75.2163, , 
 ,61697,2012051752,6,67,67301,2012,1,6,1930,19,6,8,0,7,3, , ,N,0,0,0,3,0,1,1,1,N,N,40 01:22.882,75 02:06.773,0, ,0, ,0, ,N, ,0, , , , , ,670217, , , ,1,1,0,0,0,0,0,0,0,0,1,0,1,0,0,0,0,0,0,0,1,0,0,0,0,0,0,0,0,0,0,0,0,0,0,3,0,40.023,-75.0353, , 
 ,61698,2012036829,6,67,67301,2012,3,1,319,3,3,1,0,4,1, , ,N,1,3,0,3,0,1,6,3,N, ,39 59:49.056,75 07:46.603,9999, ,322, ,0, , , ,3, , , , , ,670253, , , ,3,2,0,0,0,0,1,0,0,0,0,0,1,1,0,0,0,0,0,0,0,0,0,0,0,0,0,0,0,0,0,0,0,0,0,8,0,39.997,-75.1296, , 
 ,61699,2012042568,6,67,67301,2012,3,4,752,7,1,1,0,8,1, , ,N,1,2,0,3,0,1,2,2,N,N,39 57:45.749,75 09:47.159,758, ,755, ,0, , , ,3, , , , , ,670258, , , ,1,0,0,0,0,0,1,0,0,0,0,0,1,1,0,0,0,0,0,0,0,0,0,0,0,0,0,0,0,0,0,0,1,0,0,8,0,39.9626,-75.163, , 
 ,61700,2012047212,6,67,67301,2012,4,1,49,0,3,1,0,4,1, , ,N,1,0,0,3,0,1,3,4,N,N,40 02:41.988,75 07:24.833,50, ,49, ,0, ,N, ,0, , , , , ,670263, , , ,4,3,0,0,0,0,1,0,0,0,0,1,1,0,0,0,0,0,0,0,1,0,0,3,0,0,0,0,0,0,0,0,0,0,0,4,0,40.045,-75.1235, , 
 ,61701,2012049831,6,67,67301,2012,4,6,9999,99,3,1,0,4,6, , ,N,0,0,0,3,0,0,1,2,N,N,40 01:06.121,75 03:57.078,32, ,27, ,0, ,N, ,0, , , , , ,670266, , , ,2,1,0,0,1,0,0,0,0,0,0,0,0,0,0,0,0,0,0,0,1,0,0,0,0,0,0,0,0,0,0,0,0,0,0,0,0,40.0184,-75.0659, , 
 ,61702,2012028183,6,67,67301,2012,2,2,2240,22,3,1,0,7,4, , ,N,1,2,0,3,0,0,2,1,N, ,40 01:53.934,75 12:27.524,2245, ,2240,1,1,1,Y, ,3,N, , , , ,670298, , , ,1,1,0,0,0,0,0,0,0,0,0,0,0,0,0,0,0,0,0,0,0,0,0,2,0,0,0,0,0,0,0,0,0,0,0,0,0,40.0316,-75.2076, , 
 ,61703,2012047172,6,67,67301,2012,4,7,436,4,3,1,0,2,1, , ,N,1,2,0,3,0,1,3,2,N,N,39 58:59.480,75 09:24.548,458, ,456,2,2,2,N, ,3,Y, , , , ,670311, , , ,2,1,0,0,0,1,0,0,0,0,0,1,1,0,0,0,0,0,0,0,1,0,0,0,0,0,0,0,0,0,0,0,0,0,0,4,1,39.9832,-75.1568, , 
 ,61704,2012003126,6,67,67301,2012,1,6,1645,16,3,1,0,1,1, , ,N,0,0,0,3,0,1,2,2,N,N,40 00:28.917,75 04:17.304,1715, ,1653,2,2,2,N, ,0,N, , , , ,670328, , , ,2,1,0,0,1,0,0,0,0,0,0,1,1,0,0,0,0,0,0,0,0,0,0,0,0,0,0,0,0,0,0,0,0,0,0,4,0,40.0081,-75.0713, , 
 ,61705,2012033078,6,67,67301,2012,2,6,9999,99,5,1,0,8,1, , ,N,1,2,0,3,0,1,2,2,N,N,39 58:32.718,75 14:30.598,1954, ,1952, ,0, , , ,3, , , , , ,670344, , , ,1,0,0,0,0,0,1,0,0,0,1,0,1,0,0,0,0,0,0,0,1,0,0,0,0,0,0,0,0,0,0,0,1,0,0,3,0,39.9758,-75.2418, , 
 ,61706,2012045925,6,67,67301,2012,4,1,711,7,1,2,1,7,2, , ,N,0,0,0,3,0,0,1,1,N,N,39 59:37.978,75 11:56.827,711, ,711, ,0, ,N, ,0, , , , , ,670359, , , ,1,1,0,0,0,0,0,0,0,0,0,0,0,0,0,0,0,0,0,0,0,0,0,0,0,0,0,0,0,0,0,0,0,0,0,0,0,39.9939,-75.1991, , 
 ,61707,2012045927,6,67,67301,2012,4,7,2350,23,3,1,0,7,2, , ,N,0,0,0,3,0,1,1,1,N,N,39 54:49.270,75 08:53.307,2353, ,2352,1,1,1,N, ,0,Y, , , , ,670360, , , ,1,1,0,0,0,0,0,0,0,0,0,0,1,1,0,0,0,0,0,0,0,0,0,0,0,0,0,0,0,0,0,0,0,0,0,8,0,39.9136,-75.1482, , 
 ,61708,2012060788,6,67,67301,2012,5,3,1900,19,1,1,0,1,1, , ,N,1,2,0,3,0,1,2,2,N, ,40 01:15.937,75 08:23.758,1905, ,1900, ,0, ,N, ,3, , , , , ,670374, , , ,2,2,0,0,0,0,0,0,0,0,0,0,1,1,0,0,0,0,0,0,0,0,0,0,0,0,0,0,0,0,0,0,0,0,0,8,0,40.0211,-75.1399, , 
 ,61709,2012026183,6,67,67301,2012,1,7,217,2,3,1,0,7,2, , ,N,0,0,0,3,0,1,2,1,N,N,40 00:54.379,75 09:19.775,230, ,225, ,0, ,N, ,0, , , , , ,670388, , , ,1,1,0,0,0,0,0,0,0,0,0,0,1,1,0,0,0,0,0,0,0,0,0,0,0,0,0,0,0,0,0,0,0,0,0,8,0,40.0151,-75.1555, , 
 ,61710,2012015394,6,67,67301,2012,1,3,1750,17,4,1,1,8,1, , ,N,1,2,0,3,0,1,2,2,N,N,39 59:26.195,75 11:05.751,1807, ,1753, ,0, ,N, ,3, , , , , ,673762, , , ,1,1,0,0,0,0,0,0,0,0,0,1,1,0,0,0,0,0,0,0,0,0,0,0,0,0,0,0,0,0,0,0,1,0,0,4,0,39.9906,-75.1849, , 
 ,61711,2012032675,6,67,67301,2012,2,4,1232,12,1,1,0,5,1, , ,N,1,2,0,3,0,0,4,2,N,N,39 55:22.764,75 11:18.725,1244, ,1240, ,0, ,N, ,3, , , , , ,673771, , , ,2,1,0,0,0,1,0,0,0,0,0,0,0,0,0,0,0,0,0,0,1,0,0,0,0,0,0,0,0,0,0,0,0,0,0,0,0,39.923,-75.1885, , 
 ,61712,2012036937,6,67,67301,2012,2,3,921,9,1,1,0,8,1, , ,N,5,2,0,3,0,1,2,2,N, ,40 01:11.133,75 12:38.068,941, ,928, ,0, , , ,3, , , , , ,673775, , , ,1,0,0,0,1,0,0,0,0,0,0,1,1,0,0,0,0,0,0,0,0,0,0,0,0,0,0,0,0,0,0,0,1,0,0,4,0,40.0196,-75.2107, , 
 ,61713,2012012669,6,67,67301,2012,1,2,1819,18,3,1,0,5,1, , ,N,2,3,0,3,0,1,3,2,N, ,39 58:55.928,75 11:06.589,1821, ,1820, ,0, , , ,3, , , , , ,673798, , , ,2,0,0,2,0,0,0,0,0,0,0,1,1,0,2,0,0,0,0,0,1,0,0,0,0,0,0,0,0,0,0,0,0,0,0,4,2,39.9822,-75.1852, , 
 ,61714,2012060710,6,67,67301,2012,5,2,1818,18,1,1,0,4,6, , ,N,0,0,0,3,0,0,1,4,N,N,39 57:46.672,75 11:27.830,1821, ,1820, ,0, ,N, ,0, , , , , ,673850, , , ,4,3,0,0,0,0,1,0,0,0,0,0,0,0,0,0,0,0,0,1,0,0,0,1,0,0,0,0,0,0,0,0,0,0,0,0,0,39.963,-75.1911, , 
 ,61715,2012063927,6,67,67301,2012,4,6,1703,17,1,1,0,4,1, , ,N,1,2,0,3,0,6,7,2,N,N,40 02:18.957,75 08:33.478,1705, ,1704,2,2,7,N, ,3,Y, , , , ,673853, , , ,2,2,0,0,0,0,0,0,0,0,0,6,6,0,0,0,0,0,0,0,0,0,0,6,0,0,0,0,0,0,0,0,0,0,0,4,0,40.0386,-75.1426, , 
 ,61716,2012083001,6,67,67301,2012,6,7,1500,15,1,1,0,5,1, , ,N,1,2,0,3,0,1,2,2,N,N,39 59:59.964,75 09:11.322,0, ,0, ,0, ,N, ,3, , , , , ,673872, , , ,2,1,1,0,0,0,0,0,0,0,0,0,1,1,0,0,0,0,0,0,0,0,0,0,0,0,0,0,0,0,0,0,0,0,0,8,0,40,-75.1531, , 
 ,61717,2012084173,6,67,67301,2012,7,6,629,6,1,1,0,8,1, , ,N,0,0,0,3,0,1,2,2,N,N,39 59:43.640,75 08:24.565,9999, ,9999, ,0, ,N, ,0, , , , , ,673873, , , ,1,1,0,0,0,0,0,0,0,0,0,1,1,0,0,0,0,0,0,0,0,0,0,0,0,0,0,0,0,0,0,0,1,0,0,4,0,39.9955,-75.1402, , 
 ,61718,2012085328,6,67,67301,2012,7,2,830,8,1,1,0,1,7, , ,N,7,0,2,3,0,0,3,3,N,N,40 00:38.272,75 11:04.414,835, ,830,1,1,2,N, ,0,N, , , , ,673874, , , ,3,3,0,0,0,0,0,0,0,0,0,0,0,0,0,0,1,0,0,0,1,0,0,0,0,0,0,0,0,0,0,0,0,0,0,0,0,40.0106,-75.1846, , 
 ,61719,2012034764,6,67,67301,2012,2,2,1215,12,1,1,0,1,1, , ,N,0,2,0,3,0,1,3,2,N, ,39 59:25.466,75 07:39.286,1315, ,1310, ,0, , , ,3, , , , , ,673917, , , ,2,0,0,0,0,0,2,0,0,0,0,1,1,0,0,0,0,0,0,0,0,0,0,0,0,0,0,0,0,0,0,0,0,0,0,4,0,39.9904,-75.1276, , 
 ,61720,2012036977,6,67,67301,2012,2,3,1500,15,1,1,0,1,1, , ,N,0,0,0,3,0,3,5,3,N, ,40 00:07.334,75 09:22.842,1600, ,1548, ,0, , , ,0, , , , , ,673921, , , ,3,2,0,0,1,0,0,0,0,0,0,1,3,2,0,0,0,0,0,0,0,1,0,0,0,0,0,0,0,0,0,0,0,0,0,4,0,40.002,-75.1563, , 
 ,61721,2012040986,6,67,67301,2012,4,7,925,9,1,2,1,7,2, , ,N,0,0,0,3,0,0,1,1,N,N,39 57:35.305,75 10:41.756,927, ,926,2,1,3,N, ,0,N, , , , ,673926, , , ,1,1,0,0,0,0,0,0,0,0,0,0,0,0,0,0,0,0,0,0,0,0,0,0,0,0,0,0,0,0,0,0,0,0,0,0,0,39.9598,-75.1783, , 