wz_ln_closure,objectid_1,crn,district,county,municipality,crash_year,crash_month,day_of_week,time_of_day,hour_of_day,illumination,weather,road_condition,collision_type,relation_to_road,work_zone_type,work_zone_loc,work_zone_ind,intersect_type,tcd_type,location_type,urban_rural,fatal_count,injury_count,person_count,total_units,sch_bus_ind,sch_zone_ind,latitude,longitude,arrival_tm,cons_zone_spd_lim,dispatch_tm,est_hrs_closed,lane_closed,ln_close_dir,ntfy_hiwy_maint,spec_juris_cd,tcd_func_cd,tfc_detour_ind,workers_pres,wz_close_detour,wz_flagger,wz_law_offcr_ind,objectid,wz_moving,wz_other,wz_shlder_mdn,vehicle_count,automobile_count,motorcycle_count,bus_count,small_truck_count,heavy_truck_count,suv_count,van_count,bicycle_count,maj_inj_count,mod_inj_count,min_inj_count,tot_inj_count,unk_inj_deg_count,unk_inj_per_count,driver_count_16yr,driver_count_17yr,driver_count_18yr,driver_count_19yr,driver_count_20yr,driver_count_50_64yr,driver_count_65_74yr,driver_count_75plus,unbelted_occ_count,unb_death_count,unb_maj_inj_count,belted_death_count,belted_maj_inj_count,mcycle_death_count,mcycle_maj_inj_count,bicycle_death_count,bicycle_maj_inj_count,ped_count,ped_death_count,ped_maj_inj_count,max_severity_level,comm_veh_count,dec_lat,dec_long,rdwy_surf_type_cd,county_name
 ,61722,2012049764,6,67,67301,2012,4,2,1110,11,1,1,0,4,2, , ,N,0,0,7,3,0,1,2,2,N,N,40 01:35.148,75 05:05.676,1128, ,1124, ,0, ,N, ,0, , , , , ,673930, , , ,1,0,0,0,0,0,0,1,1,0,0,1,1,0,0,0,0,0,0,0,1,0,0,0,0,0,0,0,0,0,0,0,0,0,0,4,0,40.0264,-75.0849, , 
 ,61723,2012051867,6,67,67301,2012,4,2,1424,14,1,1,0,1,1, , ,N,1,2,0,3,0,1,4,3,N,N,40 04:50.725,75 01:42.964,1440, ,1424, ,0, ,N, ,3, , , , , ,673934, , , ,3,1,0,0,0,0,1,1,0,0,0,1,1,0,0,0,0,0,0,0,1,0,0,0,0,0,0,0,0,0,0,0,0,0,0,4,0,40.0808,-75.0286, , 
 ,61724,2012013095,6,67,67301,2012,1,3,2120,21,3,1,0,4,1, , ,N,2,0,0,3,0,0,1,4,N,N,40 05:52.033,74 58:44.248,2129, ,2127, ,0, ,N, ,0, , , , , ,673942, , , ,4,3,0,0,0,0,0,1,0,0,0,0,0,0,0,0,0,0,0,0,0,0,0,0,0,0,0,0,0,0,0,0,0,0,0,0,0,40.0978,-74.979, , 
 ,61725,2012023651,6,67,67301,2012,2,5,1658,16,1,1,0,1,1, , ,N,0,0,0,3,0,1,2,2,N,N,40 01:18.423,75 02:20.990,1724, ,1702,2,1,1,N, ,0,N, , , , ,673950, , , ,2,1,0,0,1,0,0,0,0,0,0,0,1,1,0,0,0,0,0,0,2,0,0,0,0,0,0,0,0,0,0,0,0,0,0,8,0,40.0217,-75.0393, , 
 ,61726,2012026063,6,67,67301,2012,2,3,920,9,1,1,0,5,1, , ,N,0,0,0,3,0,1,2,2,N, ,39 57:01.156,75 11:30.416,923, ,921, ,0, , , ,0, , , , , ,673952, , , ,1,1,0,0,0,0,0,0,1,0,0,1,1,0,0,0,0,0,0,0,0,0,0,0,0,0,0,0,0,0,0,0,0,0,0,4,0,39.9503,-75.1918, , 
 ,61727,2012027736,6,67,67301,2012,2,6,9999,99,1,1,0,5,1, , ,N,0,0,0,3,0,2,3,2,N, ,40 04:26.595,75 11:41.020,1654, ,1640, ,0, , , ,0, , , , , ,673954, , , ,2,2,0,0,0,0,0,0,0,0,0,2,2,0,0,0,0,0,0,0,0,0,0,0,0,0,0,0,0,0,0,0,0,0,0,4,0,40.0741,-75.1947, , 
 ,61728,2012032131,6,23,23415,2012,2,5,1943,19,2,1,0,8,1, , ,N,0,0,0,3,1,0,3,3,N,N,39 57:46.063,75 14:50.171,1946, ,1945,3,2,4,N,0,0,Y, , , , ,673965, , , ,2,0,0,0,0,0,0,0,0,0,0,0,0,0,0,0,0,0,0,0,0,0,0,0,0,0,0,0,0,0,0,0,1,1,0,1,0,39.9628,-75.2473,2, 
 ,61729,2012056702,6,67,67301,2012,5,1,1515,15,1,1,0,1,2, , ,N,0,0,7,3,0,3,6,2,N,N,40 02:58.052,75 04:30.162,1525, ,1519, ,0, ,N, ,0, , , , , ,677410, , , ,2,1,0,0,0,0,0,1,0,0,0,0,3,3,0,0,0,0,0,0,2,0,0,0,0,0,0,0,0,0,0,0,0,0,0,8,0,40.0495,-75.075, , 
 ,61730,2012036884,6,67,67301,2012,3,3,1215,12,1,1,0,1,1, , ,N,1,2,0,3,0,1,6,2,N,N,39 57:37.008,75 09:23.201,1223, ,1220, ,0, ,N, ,3, , , , , ,677439, , , ,2,1,0,0,0,0,1,0,0,0,0,0,1,1,1,0,0,0,0,0,1,0,0,4,0,0,0,0,0,0,0,0,0,0,0,8,0,39.9603,-75.1564, , 
 ,61731,2012036941,6,67,67301,2012,2,2,2015,20,3,1,0,5,1, , ,N,2,0,0,3,0,1,1,2,N,N,40 02:00.207,75 12:54.409,2020, ,2020, ,0, ,N, ,0, , , , , ,677440, , , ,2,1,0,0,1,0,0,0,0,0,0,1,1,0,0,0,0,0,0,0,0,0,0,0,0,0,0,0,0,0,0,0,0,0,0,4,0,40.0334,-75.2151, , 
 ,61732,2012049833,6,67,67301,2012,4,6,1643,16,1,1,0,8,1, , ,N,2,2,0,3,0,1,2,2,N, ,40 01:40.344,75 03:36.560,1645, ,1643, ,0, , , ,3, , , , , ,677485, , , ,1,1,0,0,0,0,0,0,0,0,0,0,1,1,0,0,0,0,0,0,0,1,0,0,0,0,0,0,0,0,0,0,1,0,0,8,0,40.0278,-75.0601, , 
 ,61733,2012056693,6,67,67301,2012,4,3,1043,10,1,1,0,8,1, , ,N,1,2,0,3,0,1,2,2,N,N,40 07:07.965,75 01:05.114,1043, ,1043,2,2,2,N, ,3,Y, , , , ,677493, , , ,1,1,0,0,0,0,0,0,0,0,1,0,1,0,0,0,0,0,0,0,1,0,0,0,0,0,0,0,0,0,0,0,1,0,0,3,0,40.1189,-75.018, , 
 ,61734,2012063976,6,67,67301,2012,5,3,1547,15,1,1,0,4,1, , ,N,1,2,0,3,0,2,2,2,N,N,39 55:28.493,75 10:16.477,1555, ,1547,2,1,2,N, ,3,Y, , , , ,677500, , , ,2,2,0,0,0,0,0,0,0,0,0,2,2,0,0,0,0,1,0,0,0,0,0,0,0,0,0,0,0,0,0,0,0,0,0,4,0,39.9246,-75.1712, , 
 ,61735,2012048149,6,67,67301,2012,3,1,2030,20,3,1,0,1,1, , ,N,0,0,0,3,0,2,3,2,N, ,39 58:21.233,75 14:42.211,2040, ,2038, ,0, , , ,0, , , , , ,677511, , , ,2,1,0,0,0,0,0,1,0,0,2,0,2,0,0,0,0,0,0,0,1,0,0,0,0,0,0,0,0,0,0,0,0,0,0,3,0,39.9726,-75.2451, , 
 ,61736,2012056585,6,67,67301,2012,5,5,625,6,1,1,1,7,5, , ,N,1,2,0,3,0,1,1,1,N,N,39 59:49.350,75 10:42.861,626, ,625, ,0, ,N, ,3, , , , , ,677518, , , ,1,1,0,0,0,0,0,0,0,0,1,0,1,0,0,0,0,0,0,0,0,1,0,0,0,0,0,0,0,0,0,0,0,0,0,3,0,39.997,-75.1786, , 
 ,61737,2012056607,6,67,67301,2012,5,5,1924,19,1,1,0,4,1, , ,N,0,0,0,3,0,1,2,2,N,N,40 03:30.524,75 00:44.244,1929, ,1926, ,0, ,N, ,0, , , , , ,677519, , , ,1,0,1,0,0,0,0,0,1,0,0,1,1,0,0,0,0,0,0,0,0,0,0,0,0,0,0,0,0,0,0,0,0,0,0,4,0,40.0585,-75.0123, , 
 ,61738,2012066459,6,67,67301,2012,6,2,1810,18,1,2,1,4,1, , ,N,1,3,0,3,0,1,5,2,N,N,40 00:33.166,75 09:28.054,1815, ,1812, ,0, ,N, ,3, , , , , ,677527, , , ,2,2,0,0,0,0,0,0,0,0,0,0,1,1,4,0,0,0,0,0,1,0,0,0,0,0,0,0,0,0,0,0,0,0,0,8,0,40.0092,-75.1578, , 
 ,61739,2012068288,6,67,67301,2012,5,1,800,8,1,1,0,4,1, , ,N,0,0,0,3,0,1,3,2,N,N,39 58:12.779,75 12:41.657,812, ,800, ,0, ,N, ,0, , , , , ,677529, , , ,2,1,0,0,0,0,1,0,0,0,0,0,1,1,0,0,0,1,0,0,1,0,0,0,0,0,0,0,0,0,0,0,0,0,0,8,0,39.9702,-75.2116, , 
 ,61740,2012078266,6,67,67301,2012,7,3,2245,22,3,1,0,4,1, , ,N,2,0,0,3,0,2,3,2,N,N,40 00:15.018,75 10:22.359,2253, ,2251,9,2,6,N, ,0,Y, , , , ,677538, , , ,2,1,1,0,0,0,0,0,0,1,0,0,2,1,0,0,1,0,0,0,0,0,0,0,0,0,0,0,0,1,0,0,0,0,0,2,0,40.0042,-75.1729, , 
 ,61741,2012078345,6,67,67301,2012,7,5,1625,16,1,1,0,4,1, , ,N,0,0,0,3,0,1,3,2,N,N,40 01:45.029,75 11:23.675,1631, ,1629,1,2,1,N, ,0,N, , , , ,677539, , , ,2,0,0,0,0,0,1,1,0,0,0,1,1,0,0,0,0,0,0,0,0,0,0,0,0,0,0,0,0,0,0,0,0,0,0,4,0,40.0292,-75.1899, , 
 ,61742,2012083282,6,67,67301,2012,7,5,1830,18,4,1,0,8,1, , ,N,1,2,0,3,0,1,2,2,N,N,39 57:03.858,75 09:56.243,2041, ,2038, ,0, , , ,3, , , , , ,677544, , , ,1,1,0,0,0,0,0,0,0,0,0,1,1,0,1,0,0,0,0,0,0,0,0,0,0,0,0,0,0,0,0,0,1,0,0,4,0,39.951,-75.1654, , 
 ,61743,2012066555,6,67,67301,2012,5,4,830,8,1,1,0,4,1, , ,N,2,0,0,3,0,1,2,2,N,N,39 57:12.880,75 10:36.379,1120, ,1117, ,0, ,N, ,0, , , , , ,677560, , , ,1,1,0,0,0,0,0,0,1,0,0,0,1,1,1,0,0,0,0,0,0,0,0,0,0,0,0,0,0,0,0,0,0,0,0,8,0,39.9536,-75.1768, , 
 ,61744,2012078605,6,67,67301,2012,6,6,2000,20,1,2,1,4,1, , ,N,1,2,0,3,0,1,2,2,N, ,39 56:37.683,75 13:22.061,1355, ,1350, ,0, , , ,3, , , , , ,677566, , , ,2,1,0,0,0,0,0,0,0,0,0,0,1,1,1,0,0,0,0,0,0,1,0,0,0,0,0,0,0,0,0,0,0,0,0,8,0,39.9438,-75.2228, , 
 ,61745,2012032722,6,67,67301,2012,2,4,1555,15,1,1,0,4,1, , ,N,1,2,0,3,0,2,4,2,Y,N,40 02:11.493,75 10:49.407,1621, ,1616, ,0, ,N, ,3, , , , , ,677622, , , ,2,1,0,1,0,0,0,0,0,0,0,0,2,2,1,0,0,0,0,0,2,0,0,0,0,0,0,0,0,0,0,0,0,0,0,8,1,40.0365,-75.1804, , 
 ,61746,2012042233,6,67,67301,2012,3,7,1850,18,4,1,0,4,5, , ,N,0,0,0,3,0,2,3,2,N, ,40 01:05.849,75 07:30.168,1904, ,1903, ,0, , , ,0, , , , , ,677631, , , ,2,2,0,0,0,0,0,0,0,0,0,0,2,2,0,0,0,0,0,0,0,0,0,0,0,0,0,0,0,0,0,0,0,0,0,8,0,40.0183,-75.125, , 
 ,61747,2012088570,6,67,67301,2012,8,4,1142,11,1,1,0,4,0, , ,N,1,2,0,3,0,4,6,2,N,N,40 00:24.350,75 07:53.666,1203, ,1158, ,0, ,N, ,3, , , , , ,714091, , , ,2,1,0,0,0,0,1,0,0,0,0,2,5,3,0,0,0,0,0,0,1,0,0,2,0,0,0,0,0,0,0,0,0,0,0,4,0,40.0068,-75.1316, , 
 ,61748,2012095557,6,67,67301,2012,8,7,2200,22,3,1,0,5,6, , ,N,0,0,0,3,0,1,2,3,N,N,39 54:52.956,75 09:35.640,2207, ,2205, ,0, ,N, ,0, , , , , ,714096, , , ,3,3,0,0,0,0,0,0,0,0,0,0,1,1,0,0,0,0,0,0,0,0,0,0,0,0,0,0,0,0,0,0,0,0,0,8,0,39.9147,-75.1599, , 
 ,61749,2012095561,6,67,67301,2012,8,7,1447,14,1,1,0,2,1, , ,N,0,8,0,3,0,0,3,2,N,N,40 00:29.331,75 04:20.880,1448, ,1448,2,1,5,N, ,3,Y, , , , ,714146, , , ,2,0,0,0,0,1,1,0,0,0,0,0,0,0,0,0,0,0,0,0,1,0,0,0,0,0,0,0,0,0,0,0,0,0,0,0,0,40.0081,-75.0725, , 
 ,61750,2012104456,6,67,67301,2012,10,2,1308,13,1,1,1,1,1, , ,N,0,4,0,3,0,3,3,2,N,N,39 56:43.039,75 11:25.868,1323, ,1312,1,1,4,N, ,3,N, , , , ,714153, , , ,2,2,0,0,0,0,0,0,0,0,0,3,3,0,0,0,0,0,0,0,1,0,0,0,0,0,0,0,0,0,0,0,0,0,0,4,0,39.9453,-75.1905, , 
 ,61751,2012052671,6,67,67301,2012,4,1,2145,21,2,1,0,4,1, , ,N,2,0,0,3,0,1,2,2,N,N,40 01:13.039,75 09:46.119,2153, ,2148, ,0, ,N, ,0, , , , , ,714169, , , ,2,2,0,0,0,0,0,0,0,0,0,0,1,1,0,0,0,0,0,0,0,0,0,0,0,0,0,0,0,0,0,0,0,0,0,8,0,40.0203,-75.1628, , 
 ,61752,2012056553,6,67,67301,2012,5,6,9999,99,5,1,0,4,1, , ,N,1,3,0,3,0,1,2,2,N,N,39 57:25.542,75 10:37.743,9999, ,757, ,0, ,N, ,3, , , , , ,714173, , , ,1,1,0,0,0,0,0,0,1,0,0,1,1,0,0,0,0,0,0,0,0,0,0,0,0,0,0,0,0,0,0,0,0,0,0,4,0,39.9571,-75.1772, , 
 ,61753,2012128273,6,67,67301,2012,11,3,1252,12,3,1,0,2,6, , ,N,0,0,0,3,0,0,1,3,N,N,40 01:43.845,75 07:04.065,1258, ,1252, ,0, ,N, ,0, , , , , ,714207, , , ,2,2,0,0,0,0,0,0,0,0,0,0,0,0,0,0,0,0,0,0,0,0,0,1,0,0,0,0,0,0,0,0,0,0,0,0,0,40.0288,-75.1178, , 
 ,61754,2013003677,6,67,67301,2012,12,7,600,6,1,1,0,4,1, , ,N,1,2,0,3,0,0,3,2,N,N,40 01:14.041,75 06:58.561,610, ,603,3,1,3,N, ,3,N, , , , ,714216, , , ,2,1,0,0,0,1,0,0,0,0,0,0,0,0,0,0,0,0,0,0,0,0,0,0,0,0,0,0,0,0,0,0,0,0,0,0,1,40.0206,-75.1163, , 
 ,61755,2012073543,6,67,67301,2012,6,3,1600,16,1,4,1,8,2, , ,N,1,0,0,3,0,1,2,2,N, ,40 01:36.940,75 13:30.586,1612, ,1605, ,0, , , ,0, , , , , ,714223, , , ,1,0,0,0,0,0,1,0,0,0,0,0,1,1,0,0,0,0,0,0,0,0,0,0,0,0,0,0,0,0,0,0,1,0,0,8,0,40.0269,-75.2252, , 
 ,61756,2012104138,6,67,67301,2012,9,7,1115,11,1,1,0,4,1, , ,N,1,2,0,3,0,1,1,2,N,N,39 58:33.009,75 09:30.309,1117, ,1117, ,0, ,N, ,3, , , , , ,714249, , , ,1,1,0,0,0,0,0,0,1,0,1,0,1,0,0,0,0,0,0,0,0,0,0,0,0,0,0,0,0,0,0,0,1,0,0,3,0,39.9758,-75.1584, , 
 ,61757,2012066542,6,67,67301,2012,6,5,1147,11,1,1,0,4,1, , ,N,1,2,0,3,0,0,2,2,N, ,40 03:54.737,75 10:31.167,1149, ,1149, ,0, , , ,3, , , , , ,714266, , , ,2,1,0,0,0,0,1,0,0,0,0,0,0,0,0,0,0,0,0,0,0,0,0,2,0,0,0,0,0,0,0,0,0,0,0,0,0,40.0652,-75.1753, , 
 ,61758,2012068785,6,67,67301,2012,5,5,1200,12,1,9,8,5,1, , ,N,0,0,0,3,0,2,3,2,N,N,40 01:25.252,75 07:26.361,1245, ,1242, ,0, , , ,0, , , , , ,714267, , , ,2,1,0,0,1,0,0,0,0,0,0,0,2,2,0,0,0,0,0,0,0,0,0,0,0,0,0,0,0,0,0,0,0,0,0,8,0,40.0237,-75.124, , 
 ,61759,2012080831,6,67,67301,2012,7,6,855,8,1,2,1,4,1, , ,N,1,3,0,3,0,1,2,2,N,N,39 59:42.111,75 13:39.536,900, ,858, ,0, ,Y, ,3, , , , , ,714281, , , ,2,2,0,0,0,0,0,0,0,0,0,1,1,0,0,0,0,0,0,0,1,0,0,0,0,0,0,0,0,0,0,0,0,0,0,4,0,39.995,-75.2276, , 
 ,61760,2013015640,6,67,67301,2012,10,2,1120,11,1,2,1,7,2, , ,N,0,0,0,3,0,1,1,1,N,N,39 57:04.610,75 10:57.766,1120, ,1120,1,1,4,N, ,0,N, , , , ,714309, , , ,1,1,0,0,0,0,0,0,0,0,0,0,1,1,0,0,0,0,0,0,0,0,0,0,0,0,0,0,0,0,0,0,0,0,0,8,0,39.9513,-75.1827, , 
 ,61761,2012060717,6,67,67301,2012,5,3,1728,17,1,1,0,4,1, , ,N,2,0,0,3,0,1,5,2,N,N,40 00:09.432,75 09:39.099,1728, ,1728,3,1,4,N, ,0,Y, , , , ,714314, , , ,2,0,0,0,0,0,0,2,0,0,0,1,1,0,0,0,0,0,0,0,1,0,1,2,0,0,0,0,0,0,0,0,0,0,0,4,0,40.0026,-75.1608, , 
 ,61762,2012060729,6,67,67301,2012,5,2,1627,16,1,1,1,4,1, , ,N,1,2,0,3,0,1,4,2,Y,N,39 58:50.844,75 10:26.522,1635, ,630, ,0, ,N, ,3, , , , , ,714315, , , ,2,0,0,1,1,0,0,0,0,0,0,1,1,0,0,0,0,0,0,1,1,0,0,0,0,0,0,0,0,0,0,0,0,0,0,4,1,39.9808,-75.174, , 
 ,61763,2012063941,6,67,67301,2012,5,4,1627,16,1,1,0,8,1, , ,N,2,3,0,3,0,1,2,2,N, ,40 02:05.978,75 09:55.267,1633, ,1629, ,0, , , ,3, , , , , ,714319, , , ,1,0,0,0,0,0,1,0,0,0,0,1,1,0,0,0,0,0,0,0,0,1,0,0,0,0,0,0,0,0,0,0,1,0,0,4,0,40.035,-75.1654, , 
 ,61764,2012066633,6,67,67301,2012,5,2,153,1,3,1,0,4,1, , ,N,1,2,0,3,0,2,4,2,N,N,40 02:40.636,75 03:16.819,159, ,155,9,1,6,N, ,3,N, , , , ,714322, , , ,2,2,0,0,0,0,0,0,0,0,0,0,2,2,0,0,0,1,0,0,0,0,0,0,0,0,0,0,0,0,0,0,0,0,0,8,0,40.0446,-75.0547, , 
 ,61765,2012073467,6,67,67301,2012,6,6,135,1,3,1,0,7,5, , ,N,0,0,0,3,0,1,1,1,N,N,39 56:47.966,75 11:54.195,139, ,138,1,2,1,N, ,0,Y, , , , ,714332, , , ,1,1,0,0,0,0,0,0,0,0,0,0,1,1,0,0,0,0,0,0,0,0,0,0,0,0,0,0,0,0,0,0,0,0,0,8,0,39.9467,-75.1984, , 
 ,61766,2012076158,6,67,67301,2012,7,1,1805,18,1,1,0,1,1, , ,N,0,0,0,3,0,0,2,2,N,N,39 58:38.856,75 06:44.132,1808, ,1806,1,1,1,N, ,0,N, , , , ,714365, , , ,2,1,0,0,1,0,0,0,0,0,0,0,0,0,0,0,0,0,0,0,0,0,0,0,0,0,0,0,0,0,0,0,0,0,0,0,1,39.9774,-75.1124, , 
 ,61767,2012080810,6,67,67301,2012,7,5,520,5,5,1,0,5,1, , ,N,1,2,0,3,0,1,2,2,N, ,40 01:32.421,75 01:53.914,538, ,533, ,0, , , ,3, , , , , ,714371, , , ,2,1,1,0,0,0,0,0,0,0,0,1,1,0,0,0,0,0,0,0,1,0,0,0,0,0,0,0,0,0,0,0,0,0,0,4,0,40.0257,-75.0316, , 
 ,61768,2012075962,6,67,67301,2012,6,5,1245,12,1,1,0,4,1, , ,N,1,2,0,3,0,2,5,3,N, ,40 02:30.933,75 07:26.313,1252, ,1248,2,2,5, , ,3,Y, , , , ,714380, , , ,3,1,0,0,0,0,1,1,0,0,0,2,2,0,0,0,0,0,0,0,1,0,0,0,0,0,0,0,0,0,0,0,0,0,0,4,0,40.0419,-75.124, , 
 ,61769,2012078193,6,67,67301,2012,6,7,2303,23,3,1,0,7,4, , ,N,0,0,0,3,0,1,1,1,N,N,40 00:09.097,75 09:27.536,2315, ,2303, ,0, ,N, ,0, , , , , ,714384, , , ,1,1,0,0,0,0,0,0,0,0,0,0,1,1,0,0,0,0,0,0,0,0,0,0,0,0,0,0,0,0,0,0,0,0,0,8,0,40.0025,-75.1576, , 
 ,61770,2012105712,6,67,67301,2012,10,5,1642,16,1,1,0,1,1, , ,N,0,0,0,3,0,0,2,2,N,N,39 57:25.883,75 09:26.700,1701, ,1645, ,0, ,N, ,0, , , , , ,714400, , , ,2,1,0,0,0,0,1,0,0,0,0,0,0,0,0,0,0,0,0,0,1,0,0,0,0,0,0,0,0,0,0,0,0,0,0,0,0,39.9572,-75.1574, , 
 ,61771,2012109668,6,67,67301,2012,10,3,1721,17,1,2,1,7,2, , ,N,0,0,0,3,0,0,1,1,N,N,40 05:05.575,75 12:58.698,1830, ,1824,2,2,3,N, ,0,N, , , , ,714404, , , ,1,0,0,0,0,0,1,0,0,0,0,0,0,0,0,0,0,0,0,0,0,0,0,0,0,0,0,0,0,0,0,0,0,0,0,0,0,40.0849,-75.2163, , 
 ,61772,2012060783,6,67,67301,2012,5,5,2355,23,3,1,0,4,1, , ,N,1,2,0,3,0,2,2,2,N,N,39 56:28.421,75 12:33.849,5, ,2357, ,0, ,N, ,3, , , , , ,714413, , , ,2,2,0,0,0,0,0,0,0,0,0,0,2,2,0,0,0,0,0,0,0,0,0,0,0,0,0,0,0,0,0,0,0,0,0,8,0,39.9412,-75.2094, , 
 ,61773,2012096028,6,67,67301,2012,8,5,853,8,1,1,0,7,4, , ,N,0,0,0,3,1,1,2,1,N,N,39 56:52.015,75 13:51.695,905, ,902,3,1,6,N,0,0,N, , , , ,714433, , , ,1,1,0,0,0,0,0,0,0,0,0,0,1,1,0,0,0,0,0,0,0,1,0,2,1,0,0,0,0,0,0,0,0,0,0,1,0,39.9478,-75.231,2, 
 ,61774,2012114861,6,67,67301,2012,10,1,1000,10,1,1,0,4,1, , ,N,1,2,0,3,0,3,5,2,N,N,40 01:48.464,75 02:06.579,1003, ,1003, ,0, ,N, ,3, , , , , ,714443, , , ,2,2,0,0,0,0,0,0,0,0,0,2,2,0,0,0,0,0,1,0,0,0,0,0,0,0,0,0,0,0,0,0,0,0,0,4,0,40.0301,-75.0352, , 
 ,61775,2012120093,6,67,67301,2012,10,6,850,8,1,1,0,8,1, , ,N,0,0,0,3,0,1,2,2,N, ,39 58:09.120,75 09:47.925,855, ,852, ,0, , , ,0, , , , , ,714446, , , ,1,0,0,0,0,1,0,0,0,0,0,1,1,0,0,0,0,0,0,0,1,0,0,0,0,0,0,0,0,0,0,0,1,0,0,4,1,39.9692,-75.1633, , 
 ,61776,2012060752,6,67,67301,2012,5,5,430,4,3,2,1,7,2, , ,N,1,2,0,3,0,1,1,1,N,N,40 02:12.343,75 02:27.405,432, ,430, ,0, ,N, ,3, , , , , ,714462, , , ,1,0,0,0,1,0,0,0,0,1,0,0,1,0,0,0,0,0,0,0,0,0,0,0,0,0,0,0,0,0,0,0,0,0,0,2,0,40.0368,-75.0407, , 
 ,61777,2012073473,6,67,67301,2012,6,7,2306,23,3,1,0,4,1, , ,N,1,2,0,3,0,6,7,2,N,N,40 01:26.923,75 07:59.564,2325, ,2306,2,2,2,N, ,3,Y, , , , ,714470, , , ,2,1,0,0,0,0,1,0,0,0,0,6,6,0,0,0,0,0,0,0,0,0,0,0,0,0,0,0,0,0,0,0,0,0,0,4,0,40.0242,-75.133, , 
 ,61778,2012080833,6,67,67301,2012,7,7,200,2,3,1,0,6,6, , ,N,0,0,0,3,0,0,1,5,N,N,39 56:59.699,75 12:13.666,206, ,204, ,0, ,N, ,0, , , , , ,714481, , , ,5,5,0,0,0,0,0,0,0,0,0,0,0,0,0,0,0,0,0,0,0,0,0,0,0,0,0,0,0,0,0,0,0,0,0,0,0,39.9499,-75.2038, , 
 ,61779,2012082540,6,67,67301,2012,8,7,959,9,1,1,0,5,1, , ,N,0,0,0,3,0,1,2,2,N,N,39 57:08.951,75 08:29.338,1010, ,1001, ,0, ,N, ,0, , , , , ,714482, , , ,2,1,0,0,1,0,0,0,0,0,0,1,1,0,0,0,0,0,0,0,1,1,0,0,0,0,0,0,0,0,0,0,0,0,0,4,0,39.9525,-75.1415, , 
 ,61780,2012085863,6,67,67301,2012,7,4,239,2,3,1,0,7,6, , ,N,0,0,0,3,0,0,0,2,N,N,39 59:35.826,75 09:34.851,241, ,239, ,0, ,N, ,0, , , , , ,714485, , , ,2,1,0,0,0,0,1,0,0,0,0,0,0,0,0,0,0,0,0,0,0,0,0,0,0,0,0,0,0,0,0,0,0,0,0,9,0,39.9933,-75.1597, , 
Y,61781,2012093489,6,67,67301,2012,9,7,122,1,3,1,0,1,1,2,2,Y,0,8,0,3,0,1,1,2,N,N,39 59:36.267,75 11:59.905,122,50,122,3,1,3,N, ,3,N,Y,N,N,Y,714495,N,N,Y,2,0,0,0,0,0,1,0,0,0,0,0,1,1,0,0,0,0,1,0,0,0,0,0,0,0,0,0,0,0,0,0,0,0,0,8,1,39.9934,-75.2, , 
 ,61782,2012099022,6,67,67301,2012,9,6,9999,99,1,1,0,4,1, , ,N,1,2,0,3,0,1,6,2,N,N,40 01:36.631,75 07:01.363,1335, ,1331,2,1,6,N, ,3,N, , , , ,714497, , , ,3,2,0,0,0,0,0,1,0,0,0,0,1,1,0,0,0,0,1,0,1,0,0,0,0,0,0,0,0,0,0,0,0,0,0,8,0,40.0268,-75.117, , 
 ,61783,2012104230,6,67,67301,2012,9,7,1415,14,1,1,0,1,1, , ,N,0,0,0,3,0,0,4,3,N,N,40 01:51.798,75 07:27.753,1520, ,1510,2,1,2,N, ,0,Y, , , , ,708228, , , ,3,2,0,0,0,0,1,0,0,0,0,0,0,0,3,0,0,0,0,0,2,0,0,0,0,0,0,0,0,0,0,0,0,0,0,9,0,40.0311,-75.1244, , 
 ,61784,2012122330,6,67,67301,2012,11,3,655,6,1,1,0,4,1, , ,N,0,0,7,3,0,1,2,2,N,N,39 56:52.814,75 14:51.901,708, ,704, ,0, ,N, ,0, , , , , ,708239, , , ,2,1,0,0,0,0,0,1,0,0,0,0,1,1,0,0,0,0,0,0,2,0,0,0,0,0,0,0,0,0,0,0,0,0,0,8,0,39.948,-75.2478, , 
 ,61785,2012066486,6,67,67301,2012,6,1,2245,22,3,1,0,8,1, , ,N,0,0,0,3,0,1,2,2,N,N,40 01:43.140,75 08:11.660,9999, ,9999, ,0, ,N, ,0, , , , , ,708255, , , ,1,0,0,0,0,0,0,0,0,0,0,1,1,0,0,0,0,0,0,0,0,0,0,0,0,0,0,0,0,0,0,0,1,0,0,4,0,40.0287,-75.1366, , 
 ,61786,2012068768,6,67,67301,2012,6,1,255,2,3,1,0,4,1, , ,N,0,0,0,3,0,0,2,2,N,N,40 01:41.307,75 06:35.078,312, ,300, ,0, ,N, ,0, , , , , ,708259, , , ,2,2,0,0,0,0,0,0,0,0,0,0,0,0,0,0,0,0,0,0,0,0,0,1,0,0,0,0,0,0,0,0,0,0,0,0,0,40.0281,-75.1097, , 
 ,61787,2012095575,6,67,67301,2012,8,5,1908,19,1,1,0,9,1, , ,N,1,2,0,3,0,1,2,2,N,N,40 03:02.755,75 08:55.321,1955, ,1952, ,0, ,N, ,3, , , , , ,708286, , , ,2,0,0,0,0,0,1,1,0,0,0,1,1,0,0,0,0,0,0,1,1,0,0,0,0,0,0,0,0,0,0,0,0,0,0,4,0,40.0507,-75.1487, , 