wz_ln_closure,objectid_1,crn,district,county,municipality,crash_year,crash_month,day_of_week,time_of_day,hour_of_day,illumination,weather,road_condition,collision_type,relation_to_road,work_zone_type,work_zone_loc,work_zone_ind,intersect_type,tcd_type,location_type,urban_rural,fatal_count,injury_count,person_count,total_units,sch_bus_ind,sch_zone_ind,latitude,longitude,arrival_tm,cons_zone_spd_lim,dispatch_tm,est_hrs_closed,lane_closed,ln_close_dir,ntfy_hiwy_maint,spec_juris_cd,tcd_func_cd,tfc_detour_ind,workers_pres,wz_close_detour,wz_flagger,wz_law_offcr_ind,objectid,wz_moving,wz_other,wz_shlder_mdn,vehicle_count,automobile_count,motorcycle_count,bus_count,small_truck_count,heavy_truck_count,suv_count,van_count,bicycle_count,maj_inj_count,mod_inj_count,min_inj_count,tot_inj_count,unk_inj_deg_count,unk_inj_per_count,driver_count_16yr,driver_count_17yr,driver_count_18yr,driver_count_19yr,driver_count_20yr,driver_count_50_64yr,driver_count_65_74yr,driver_count_75plus,unbelted_occ_count,unb_death_count,unb_maj_inj_count,belted_death_count,belted_maj_inj_count,mcycle_death_count,mcycle_maj_inj_count,bicycle_death_count,bicycle_maj_inj_count,ped_count,ped_death_count,ped_maj_inj_count,max_severity_level,comm_veh_count,dec_lat,dec_long,rdwy_surf_type_cd,county_name
 ,61788,2012069331,6,67,67301,2012,6,3,1040,10,1,1,0,1,1, , ,N,1,0,0,3,0,4,5,2,N,N,39 57:48.751,75 08:52.112,1040, ,1040, ,0, ,N, ,0, , , , , ,708294, , , ,2,1,0,0,0,0,1,0,0,0,0,0,4,4,0,0,0,0,0,0,0,0,0,0,0,0,0,0,0,0,0,0,0,0,0,8,0,39.9635,-75.1478, , 
 ,61789,2012073577,6,67,67301,2012,6,6,9999,99,1,1,0,5,1, , ,N,1,0,0,3,0,1,2,2,N,N,40 00:15.609,75 07:41.037,1810, ,1800, ,0, , , ,0, , , , , ,708301, , , ,2,2,0,0,0,0,0,0,0,0,0,1,1,0,0,0,0,0,0,0,1,0,0,0,0,0,0,0,0,0,0,0,0,0,0,4,0,40.0043,-75.1281, , 
 ,61790,2012078155,6,67,67301,2012,7,6,2132,21,3,1,0,4,1, , ,N,1,3,0,3,0,1,3,2,N,N,40 04:41.750,75 10:07.741,2157, ,2154, ,0, ,N, ,3, , , , , ,708306, , , ,2,2,0,0,0,0,0,0,0,0,0,1,1,0,1,0,0,0,0,0,1,0,0,0,0,0,0,0,0,0,0,0,0,0,0,4,0,40.0783,-75.1688, , 
 ,61791,2012078988,6,67,67301,2012,6,7,2124,21,3,1,0,5,1, , ,N,0,0,0,3,0,3,6,2,N,N,39 59:23.119,75 09:00.021,2132, ,2132, ,0, ,N, ,0, , , , , ,708307, , , ,2,1,0,1,0,0,0,0,0,0,0,3,3,0,1,0,0,0,0,0,0,0,0,4,0,0,0,0,0,0,0,0,0,0,0,4,1,39.9898,-75.15, , 
 ,61792,2012086644,6,67,67301,2012,8,1,1753,17,1,1,0,1,1, , ,N,0,2,0,3,0,1,2,2,N,N,39 58:27.454,75 09:26.031,1758, ,1755, ,0, ,N, ,3, , , , , ,708313, , , ,1,1,0,0,0,0,0,0,0,0,0,1,1,0,0,0,0,0,0,0,0,0,0,0,0,0,0,0,0,0,0,0,1,0,0,4,0,39.9743,-75.1572, , 
 ,61793,2012099016,6,67,67301,2012,9,6,1132,11,1,1,0,2,1, , ,N,0,0,0,3,0,1,2,2,N,N,40 00:57.481,75 07:46.437,1133, ,1132, ,0, ,N, ,0, , , , , ,708324, , , ,2,1,0,0,0,0,1,0,0,0,0,1,1,0,0,0,0,0,0,0,1,0,0,0,0,0,0,0,0,0,0,0,0,0,0,4,0,40.016,-75.1296, , 
 ,61794,2012109719,6,67,67301,2012,10,6,110,1,3,1,0,6,1, , ,N,1,2,0,3,0,2,3,3,N,N,39 58:13.274,75 14:08.548,125, ,120,3,2,5,Y, ,9,Y, , , , ,708331, , , ,3,3,0,0,0,0,0,0,0,0,0,0,2,2,1,0,0,0,0,0,0,0,0,0,0,0,0,0,0,0,0,0,0,0,0,8,0,39.9704,-75.2357, , 
 ,61795,2012058158,6,67,67301,2012,6,3,742,7,1,1,0,1,1, , ,N,0,0,0,3,0,1,2,2,N,N,39 56:45.843,75 11:22.861,757, ,744, ,0, ,N, ,0, , , , , ,708339, , , ,2,1,0,0,0,0,1,0,0,0,0,1,1,0,0,0,0,0,0,0,0,0,0,0,0,0,0,0,0,0,0,0,0,0,0,4,0,39.9461,-75.1897, , 
 ,61796,2012085329,6,67,67301,2012,7,4,1900,19,1,1,0,1,1, , ,N,0,0,0,3,0,0,6,4,N,N,39 57:41.887,75 08:23.122,1910, ,1908,2,1,1, , ,0,N, , , , ,708355, , , ,4,2,0,0,0,0,2,0,0,0,0,0,0,0,1,0,0,0,0,0,1,0,0,0,0,0,0,0,0,0,0,0,0,0,0,9,0,39.9615,-75.1398, , 
 ,61797,2012096047,6,67,67301,2012,8,6,1545,15,1,1,0,4,1, , ,N,1,2,0,3,0,1,2,2,N,N,40 05:49.711,75 01:05.375,1548, ,1546, ,0, ,N, ,3, , , , , ,708405, , , ,1,1,0,0,0,0,0,0,1,0,0,1,1,0,0,0,0,0,0,0,0,0,0,0,0,0,0,0,0,0,0,0,0,0,0,4,0,40.0971,-75.0182, , 
 ,61798,2012098290,6,67,67301,2012,8,2,947,9,1,2,1,8,1, , ,N,1,2,0,3,0,1,2,2,N, ,39 58:10.092,75 08:22.485,1023, ,1021, ,0, , , ,3, , , , , ,708406, , , ,1,0,0,0,1,0,0,0,0,0,1,0,1,0,0,0,0,0,0,0,0,0,0,0,0,0,0,0,0,0,0,0,1,0,0,3,0,39.9695,-75.1395, , 
 ,61799,2012098445,6,67,67301,2012,9,1,1719,17,1,1,0,4,1, , ,N,1,2,0,3,0,0,3,2,N,N,40 00:38.808,75 07:35.921,1725, ,1722, ,0, ,N, ,3, , , , , ,708407, , , ,2,1,0,0,0,0,0,1,0,0,0,0,0,0,0,0,0,0,0,0,1,0,0,0,0,0,0,0,0,0,0,0,0,0,0,0,0,40.0108,-75.1266, , 
 ,61800,2012057522,6,67,67301,2012,5,2,1647,16,1,1,0,4,1, , ,N,1,3,0,3,0,1,2,2,N,N,40 01:13.807,75 07:55.541,1649, ,1648, ,0, ,N, ,3, , , , , ,708437, , , ,1,1,0,0,0,0,0,0,1,0,0,1,1,0,0,0,0,0,0,0,0,0,0,0,0,0,0,0,0,0,0,0,0,0,0,4,0,40.0205,-75.1321, , 
 ,61801,2012125177,6,67,67301,2012,11,3,1926,19,3,1,0,1,1, , ,N,0,0,0,3,0,2,3,3,N,N,39 54:43.964,75 08:55.433,1934, ,1928,2,2,2,N, ,0,N, , , , ,711211, , , ,3,0,0,0,1,0,1,0,0,1,0,1,2,0,1,0,0,0,0,0,0,0,0,0,0,0,0,1,0,0,0,0,0,0,0,2,0,39.9122,-75.1487, , 
Y,61802,2012127158,6,67,67301,2012,12,5,2347,23,3,1,0,7,2,1,4,Y,0,0,0,3,0,0,3,2,N,N,39 58:00.897,75 08:01.752,4,55,2348,1,1,1,N, ,0,N,Y,N,N,Y,711214,N,N,Y,2,1,0,0,0,0,1,0,0,0,0,0,0,0,0,0,0,0,0,0,0,0,0,0,0,0,0,0,0,0,0,0,0,0,0,0,0,39.9669,-75.1339, , 
 ,61803,2013003989,6,67,67301,2012,12,1,1848,18,3,2,1,4,1, , ,N,0,0,0,3,0,1,2,3,N,N,40 02:32.878,75 01:30.735,1905, ,1852,2,1,1,N, ,0,N, , , , ,711219, , , ,3,2,0,0,1,0,0,0,0,0,0,0,1,1,1,0,0,0,0,0,2,0,0,0,0,0,0,0,0,0,0,0,0,0,0,8,0,40.0425,-75.0252, , 
 ,61804,2013004377,6,67,67301,2012,12,3,1848,18,3,1,0,2,1, , ,N,0,0,0,3,0,0,2,2,N,N,40 05:13.318,75 02:08.531,1851, ,1849,1,1,5,N, ,0,N, , , , ,711220, , , ,2,2,0,0,0,0,0,0,0,0,0,0,0,0,0,0,0,0,0,0,1,0,1,0,0,0,0,0,0,0,0,0,0,0,0,0,0,40.087,-75.0357, , 
 ,61805,2012066615,6,67,67301,2012,5,5,1600,16,1,1,0,4,1, , ,N,1,2,0,3,0,1,2,2,N,N,39 59:23.971,75 13:09.663,1640, ,1630, ,0, ,N, ,3, , , , , ,711236, , , ,2,2,0,0,0,0,0,0,0,0,0,1,1,0,0,0,0,0,0,0,0,0,1,0,0,0,0,0,0,0,0,0,0,0,0,4,0,39.99,-75.2194, , 
 ,61806,2012068834,6,67,67301,2012,6,3,1139,11,1,2,1,4,1, , ,N,1,2,0,3,0,1,4,2,N,N,39 59:16.393,75 07:24.428,1148, ,1139, ,0, ,N, ,3, , , , , ,711249, , , ,2,1,0,0,1,0,0,0,0,0,0,1,1,0,0,0,0,0,0,0,0,0,0,0,0,0,0,0,0,0,0,0,0,0,0,4,0,39.9879,-75.1235, , 
 ,61807,2012074439,6,67,67301,2012,7,2,1426,14,1,1,0,5,1, , ,N,0,0,0,3,0,1,6,2,N,N,40 01:15.212,75 02:30.549,1435, ,1428,1,1,1,N, ,0,N, , , , ,711252, , , ,2,0,0,0,0,1,1,0,0,0,0,0,1,1,0,0,0,0,0,0,0,0,0,0,0,0,0,0,0,0,0,0,0,0,0,8,1,40.0208,-75.042, , 
 ,61808,2012078640,6,67,67301,2012,7,5,1620,16,1,1,0,8,2, , ,N,0,0,0,3,0,1,2,2,N, ,39 56:02.216,75 10:33.110,1725, ,1720, ,0, , , ,0, , , , , ,711255, , , ,1,1,0,0,0,0,0,0,0,0,0,1,1,0,1,0,0,0,0,0,0,0,0,0,0,0,0,0,0,0,0,0,1,0,0,4,0,39.9339,-75.1759, , 
 ,61809,2012080760,6,67,67301,2012,7,3,208,2,3,1,0,9,1, , ,N,1,2,0,3,0,1,3,2,N, ,39 57:27.542,75 09:44.544,211, ,209, ,0, , , ,3, , , , , ,711257, , , ,2,2,0,0,0,0,0,0,0,0,0,1,1,0,0,0,0,0,0,0,0,0,0,0,0,0,0,0,0,0,0,0,0,0,0,4,0,39.9577,-75.1624, , 
 ,61810,2012091012,6,67,67301,2012,9,2,1338,13,1,2,1,5,1, , ,N,0,0,0,3,0,0,4,2,N,N,39 56:56.125,75 08:31.035,1344, ,1340, ,0, ,N, ,0, , , , , ,711265, , , ,2,1,0,0,0,0,1,0,0,0,0,0,0,0,0,0,0,0,0,0,0,0,0,1,0,0,0,0,0,0,0,0,0,0,0,0,0,39.9489,-75.142, , 
 ,61811,2012095428,6,67,67301,2012,8,4,1710,17,1,1,0,8,1, , ,N,1,2,0,3,0,1,2,2,N,N,39 59:45.578,75 08:01.967,2040, ,2040, ,0, , , ,3, , , , , ,711269, , , ,1,1,0,0,0,0,0,0,0,0,0,1,1,0,0,0,0,0,0,0,0,0,0,0,0,0,0,0,0,0,0,0,1,0,0,4,0,39.996,-75.1339, , 
 ,61812,2012095524,6,67,67301,2012,8,6,905,9,1,1,0,4,1, , ,N,1,0,0,3,0,0,4,4,N, ,39 57:09.900,75 13:56.938,912, ,912, ,0, , , ,0, , , , , ,711270, , , ,4,2,0,0,0,0,2,0,0,0,0,0,0,0,0,0,0,0,0,0,0,0,0,0,0,0,0,0,0,0,0,0,0,0,0,0,0,39.9528,-75.2325, , 
 ,61813,2012060650,6,67,67301,2012,5,5,1150,11,1,1,0,4,1, , ,N,1,2,2,3,0,0,2,2,N, ,39 57:28.354,75 09:50.944,1215, ,1211,1,1,3, , ,3,N, , , , ,711281, , , ,2,1,0,0,0,0,1,0,0,0,0,0,0,0,0,0,0,0,0,0,0,0,0,0,0,0,0,0,0,0,0,0,0,0,0,0,0,39.9579,-75.1641, , 
 ,61814,2012078467,6,67,67301,2012,6,1,1600,16,1,1,0,4,1, , ,N,0,0,0,3,0,1,2,2,N,N,39 55:10.398,75 13:28.671,1720, ,1718, ,0, , , ,0, , , , , ,711309, , , ,1,1,0,0,0,0,0,0,1,0,0,1,1,0,0,0,0,0,0,0,0,0,0,0,0,0,0,0,0,0,0,0,0,0,0,4,0,39.9196,-75.2246, , 
 ,61815,2012088541,6,67,67301,2012,8,6,1125,11,1,1,0,4,1, , ,N,1,2,0,3,0,1,2,2,N,N,40 00:31.666,75 08:51.441,1140, ,1130, ,0, , , ,3, , , , , ,711319, , , ,1,1,0,0,0,0,0,0,1,0,0,0,1,1,0,0,0,0,0,0,0,1,0,0,0,0,0,0,0,0,0,0,0,0,0,8,0,40.0088,-75.1476, , 
 ,61816,2012078157,6,67,67301,2012,6,5,1946,19,4,1,0,7,5, , ,N,1,3,0,3,0,1,1,1,N, ,39 55:07.184,75 14:48.818,1955, ,1949,3,1,3, , ,3,Y, , , , ,711341, , , ,1,1,0,0,0,0,0,0,0,0,0,1,1,0,0,0,0,0,0,0,0,0,0,0,0,0,0,0,0,0,0,0,0,0,0,4,0,39.9187,-75.2469, , 
 ,61817,2012109907,6,67,67301,2012,10,4,2335,23,3,1,0,5,1, , ,N,0,0,0,3,0,0,5,3,N,N,39 55:13.488,75 13:41.520,32, ,2135, ,0, ,N, ,0, , , , , ,711365, , , ,3,3,0,0,0,0,0,0,0,0,0,0,0,0,0,0,0,0,0,0,1,0,0,0,0,0,0,0,0,0,0,0,0,0,0,0,0,39.9204,-75.2282, , 
 ,61818,2012085837,6,67,67301,2012,7,7,1047,10,1,1,0,7,5, , ,N,0,0,0,3,0,1,2,1,N, ,40 02:31.182,75 10:59.469,1058, ,1049, ,0, , , ,0, , , , , ,711394, , , ,1,1,0,0,0,0,0,0,0,0,0,1,1,0,0,0,0,0,0,0,0,0,1,0,0,0,0,0,0,0,0,0,0,0,0,4,0,40.042,-75.1832, , 
 ,61819,2012066703,6,67,67301,2012,5,5,9999,99,3,1,0,4,2, , ,N,0,0,0,3,0,2,4,2,N,N,40 02:19.707,75 04:01.759,2110, ,2103, ,0, ,N, ,0, , , , , ,714508, , , ,2,1,0,0,1,0,0,0,0,0,0,0,2,2,1,0,0,0,0,0,1,0,0,0,0,0,0,0,0,0,0,0,0,0,0,8,0,40.0388,-75.0672, , 
 ,61820,2012067096,6,67,67301,2012,5,2,938,9,1,1,0,4,1, , ,N,0,0,0,3,0,1,3,3,N,N,39 58:03.743,75 07:42.209,941, ,939,2,1,1,N, ,0,N, , , , ,714509, , , ,3,3,0,0,0,0,0,0,0,0,0,1,1,0,1,0,0,0,0,0,1,0,0,0,0,0,0,0,0,0,0,0,0,0,0,4,0,39.9677,-75.1284, , 
 ,61821,2012078368,6,67,67301,2012,6,3,1525,15,1,1,0,1,1, , ,N,0,2,0,3,0,4,5,4,N,N,40 01:16.497,75 08:22.633,1535, ,1529, ,0, ,N, ,3, , , , , ,714517, , , ,4,3,0,0,0,0,0,1,0,0,0,2,4,2,0,0,0,0,0,0,1,0,0,0,0,0,0,0,0,0,0,0,0,0,0,4,0,40.0212,-75.1396, , 
 ,61822,2012104089,6,67,67301,2012,9,7,1645,16,1,1,0,9,1, , ,N,0,0,0,3,0,2,2,1,N,N,39 54:33.425,75 11:35.669,1655, ,1653, ,0, ,N, ,0, , , , , ,714541, , , ,1,1,0,0,0,0,0,0,0,0,0,0,2,2,0,0,0,0,0,0,0,0,0,0,0,0,0,0,0,0,0,0,0,0,0,8,0,39.9093,-75.1932, , 
 ,61823,2012117291,6,67,67301,2012,10,7,1157,11,1,1,0,1,1, , ,N,0,0,0,3,0,1,3,3,N, ,40 02:34.868,75 01:25.226,1202, ,1159, ,0, , , ,0, , , , , ,714552, , , ,3,3,0,0,0,0,0,0,0,0,0,0,1,1,0,0,0,0,0,0,2,0,0,0,0,0,0,0,0,0,0,0,0,0,0,8,0,40.043,-75.0237, , 
 ,61824,2012109734,6,67,67301,2012,9,4,1735,17,1,2,1,6,5, , ,N,1,2,0,3,0,0,1,3,N,N,39 58:49.602,75 14:21.875,1736, ,1735, ,0, ,N, ,3, , , , , ,714575, , , ,3,0,0,0,1,0,1,1,0,0,0,0,0,0,0,0,0,0,0,0,0,0,0,0,0,0,0,0,0,0,0,0,0,0,0,0,0,39.9804,-75.2394, , 
 ,61825,2012123456,6,67,67301,2012,11,3,1926,19,3,1,0,7,5, , ,N,0,0,0,3,0,2,2,1,N,N,39 54:47.813,75 08:54.470,1934, ,1928,2,2,2,N, ,0,N, , , , ,714594, , , ,1,1,0,0,0,0,0,0,0,0,2,0,2,0,0,0,0,0,0,0,0,0,0,0,0,0,0,0,0,0,0,0,0,0,0,3,0,39.9133,-75.1485, , 
 ,61826,2012060784,6,67,67301,2012,5,3,1745,17,1,1,0,4,1, , ,N,0,0,7,3,0,1,3,2,N,N,40 05:26.013,74 57:49.192,1800, ,1751, ,0, ,N, ,0, , , , , ,714607, , , ,2,1,0,0,0,0,1,0,0,0,0,0,1,1,0,0,0,0,0,0,0,0,0,0,0,0,0,0,0,0,0,0,0,0,0,8,0,40.0906,-74.9637, , 
 ,61827,2012066638,6,67,67301,2012,6,5,2335,23,3,1,0,4,1, , ,N,1,2,0,3,0,0,7,2,N,N,39 57:48.112,75 11:14.766,2335, ,2335, ,0, ,N, ,3, , , , , ,714611, , , ,2,1,0,0,1,0,0,0,0,0,0,0,0,0,0,0,0,0,0,0,0,0,0,0,0,0,0,0,0,0,0,0,0,0,0,0,0,39.9634,-75.1874, , 
 ,61828,2012098983,6,67,67301,2012,8,7,227,2,3,1,0,9,1, , ,N,1,3,0,3,0,1,4,2,N,N,39 59:09.214,75 08:26.049,249, ,242, ,0, ,N, ,3, , , , , ,714623, , , ,2,2,0,0,0,0,0,0,0,0,0,1,1,0,0,0,0,0,0,0,0,0,0,0,0,0,0,0,0,0,0,0,0,0,0,4,0,39.9859,-75.1406, , 
 ,61829,2012114357,6,67,67301,2012,10,1,238,2,3,1,0,4,1, , ,N,1,2,0,3,0,0,5,4,N, ,39 58:18.644,75 14:41.701,9999, ,0,2,2,5, , ,3,Y, , , , ,714638, , , ,4,4,0,0,0,0,0,0,0,0,1,1,2,0,0,0,0,0,0,0,1,0,0,0,0,0,0,0,0,0,0,0,0,0,0,3,0,39.9719,-75.2448, , 
 ,61830,2012060822,6,67,67301,2012,5,5,800,8,1,1,0,2,1, , ,N,0,0,0,3,0,1,2,2,N,N,40 00:48.077,75 05:50.736,810, ,803, ,0, ,N, ,0, , , , , ,714662, , , ,2,1,0,0,0,1,0,0,0,0,0,1,1,0,0,0,0,0,0,0,1,0,0,0,0,0,0,0,0,0,0,0,0,0,0,4,0,40.0132,-75.0975, , 
 ,61831,2012066506,6,67,67301,2012,5,6,1958,19,1,1,0,5,1, , ,N,0,0,0,3,0,1,2,2,N,N,39 57:18.582,75 11:10.103,2014, ,2013, ,0, ,N, ,0, , , , , ,714667, , , ,1,0,0,0,1,0,0,0,1,0,1,0,1,0,0,0,0,0,0,0,1,0,0,0,0,0,0,0,0,0,0,0,0,0,0,3,0,39.9552,-75.1861, , 
 ,61832,2012076042,6,67,67301,2012,6,7,9999,99,8,1,0,8,1, , ,N,2,0,0,3,0,1,3,2,N, ,40 01:08.976,75 07:59.876,2055, ,2048, ,0, , , ,0, , , , , ,714676, , , ,1,1,0,0,0,0,0,0,0,0,1,0,1,0,0,0,0,0,0,0,0,0,0,0,0,0,0,0,0,0,0,0,1,0,0,3,0,40.0192,-75.1333, , 
 ,61833,2012117264,6,67,67301,2012,10,2,845,8,1,1,0,4,1, , ,N,1,4,0,3,0,1,1,2,N, ,40 00:37.677,75 08:10.298,850, ,845, ,0, , , ,3, , , , , ,714698, , , ,2,2,0,0,0,0,0,0,0,0,0,1,1,0,0,0,0,0,0,0,0,0,0,1,0,0,0,0,0,0,0,0,0,0,0,4,0,40.0105,-75.1362, , 
 ,61834,2012068879,6,67,67301,2012,6,2,1117,11,1,1,0,4,2, , ,N,0,0,0,3,0,0,1,2,N,N,40 01:48.716,75 10:12.946,1130, ,1120, ,0, , , ,0, , , , , ,714699, , , ,2,1,0,0,0,0,1,0,0,0,0,0,0,0,0,0,0,0,0,0,0,0,0,0,0,0,0,0,0,0,0,0,0,0,0,0,0,40.0302,-75.1703, , 
 ,61835,2012081101,6,67,67301,2012,8,5,824,8,1,1,0,7,3, , ,N,0,0,0,3,0,1,1,1,N,N,39 53:58.958,75 09:46.939,832, ,824,1,1,2,N, ,0,N, , , , ,714717, , , ,1,1,0,0,0,0,0,0,0,0,0,1,1,0,0,0,0,0,0,0,0,0,0,0,0,0,0,0,0,0,0,0,0,0,0,4,0,39.8997,-75.163, , 
 ,61836,2012099908,6,67,67301,2012,9,4,217,2,3,1,0,7,2, , ,N,0,0,0,3,0,1,1,1,N,N,40 01:26.765,75 01:54.103,232, ,228, ,0, ,N, ,0, , , , , ,714731, , , ,1,1,0,0,0,0,0,0,0,0,0,1,1,0,0,0,0,0,0,0,0,0,0,0,0,0,0,0,0,0,0,0,0,0,0,4,0,40.0241,-75.0317, , 
 ,61837,2012102835,6,67,67301,2012,10,4,1804,18,1,1,0,7,2, , ,N,6,0,2,3,0,0,1,1,N,N,39 57:06.095,75 08:29.301,1818, ,1808,1,1,1,N, ,0,N, , , , ,714732, , , ,1,1,0,0,0,0,0,0,0,0,0,0,0,0,0,0,0,0,0,0,0,0,0,0,0,0,0,0,0,0,0,0,0,0,0,0,0,39.9517,-75.1415, , 
 ,61838,2012083310,6,67,67301,2012,8,5,1530,15,1,1,0,8,3, , ,N,1,2,0,3,0,1,1,2,N,N,40 01:16.921,75 08:54.965,1700, ,1657, ,0, , , ,3, , , , , ,720013, , , ,1,1,0,0,0,0,0,0,0,0,0,1,1,0,0,0,0,0,0,0,0,0,0,0,0,0,0,0,0,0,0,0,1,0,0,4,0,40.0214,-75.1485, , 
 ,61839,2012120659,6,67,67301,2012,11,5,743,7,1,1,0,1,1, , ,N,0,0,0,3,0,1,2,2,N,N,39 52:37.824,75 15:15.111,807, ,752, ,0, ,Y, ,0, , , , , ,720044, , , ,2,2,0,0,0,0,0,0,0,0,0,1,1,0,0,0,0,0,0,0,0,0,0,0,0,0,0,0,0,0,0,0,0,0,0,4,0,39.8772,-75.2542, , 
 ,61840,2012060925,6,67,67301,2012,6,5,1532,15,1,1,0,1,1, , ,N,0,0,0,3,0,1,3,3,N,N,39 58:47.259,75 06:24.842,1552, ,1536,2,1,2,N, ,0,N, , , , ,720052, , , ,3,3,0,0,0,0,0,0,0,0,0,0,1,1,0,0,0,0,0,0,1,0,0,0,0,0,0,0,0,0,0,0,0,0,0,8,0,39.9798,-75.1069, , 
 ,61841,2012114349,6,67,67301,2012,10,7,9999,99,3,1,1,4,1, , ,N,1,2,0,3,0,6,9,3,N,N,40 00:16.549,75 10:36.938,9999, ,9999,3,1,6,N, ,3,Y, , , , ,720088, , , ,3,2,0,0,0,0,1,0,0,0,0,6,6,0,1,0,0,0,0,0,1,0,0,0,0,0,0,0,0,0,0,0,0,0,0,4,0,40.0047,-75.1769, , 
 ,61842,2012060815,6,67,67301,2012,5,6,1125,11,1,1,0,8,1, , ,N,1,2,0,3,0,1,2,2,N,N,39 57:37.620,75 14:28.063,1127, ,1126, ,0, ,N, ,3, , , , , ,720098, , , ,1,0,0,0,0,0,0,0,0,0,0,0,1,1,0,0,0,0,0,0,0,0,0,0,0,0,0,0,0,0,0,0,1,0,0,8,0,39.9605,-75.2411, , 
 ,61843,2012064002,6,67,67301,2012,4,2,1708,17,1,2,1,4,1, , ,N,1,2,0,3,0,1,5,3,N, ,39 59:40.373,75 09:33.635,1717, ,1716,3,2,6, , ,3,Y, , , , ,720100, , , ,2,1,0,0,0,0,1,0,0,0,1,0,1,0,0,0,1,0,0,0,0,0,0,0,0,0,0,0,0,0,0,0,1,0,0,3,0,39.9945,-75.1593, , 
 ,61844,2012063951,6,67,67301,2012,5,3,1928,19,1,1,0,8,1, , ,N,1,2,0,3,0,1,2,2,N,N,39 59:29.432,75 09:36.226,1929, ,1928, ,0, , , ,3, , , , , ,720106, , , ,1,1,0,0,0,0,0,0,0,0,0,1,1,0,0,0,0,0,0,0,0,1,0,0,0,0,0,0,0,0,0,0,1,0,0,4,0,39.9915,-75.1601, , 
 ,61845,2012078229,6,67,67301,2012,6,7,1340,13,1,1,0,4,6, , ,N,0,0,0,3,0,1,1,2,N, ,39 59:25.195,75 05:39.526,1347, ,1345,1,1,3, , ,0,Y, , , , ,720115, , , ,2,1,0,0,0,0,0,1,0,0,0,0,1,1,0,0,0,0,0,0,0,0,0,0,0,0,0,0,0,0,0,0,0,0,0,8,0,39.9903,-75.0943, , 
 ,61846,2012078231,6,67,67301,2012,7,1,1834,18,1,1,0,4,1, , ,N,1,2,0,3,0,1,4,3,N,N,39 55:12.734,75 13:48.680,1841, ,1834,1,1,2,N, ,3,Y, , , , ,720116, , , ,3,2,0,0,1,0,0,0,0,0,0,0,1,1,0,0,0,0,0,0,0,0,0,0,0,0,0,0,0,0,0,0,0,0,0,8,0,39.9202,-75.2302, , 
 ,61847,2012078346,6,67,67301,2012,6,6,2058,20,4,1,0,4,1, , ,N,1,2,0,3,0,2,2,2,N,N,39 59:13.126,75 08:56.402,2225, ,2223,4,2,2,N, ,3,Y, , , , ,720117, , , ,2,1,0,0,0,0,0,0,0,1,0,1,2,0,0,0,0,0,0,0,0,0,0,0,0,0,0,0,0,0,0,0,0,0,0,2,0,39.987,-75.1489, , 
 ,61848,2012068939,6,67,67301,2012,6,2,214,2,3,1,0,8,1, , ,N,1,0,0,3,0,1,3,2,N, ,39 56:42.550,75 08:30.536,217, ,214, ,0, , , ,0, , , , , ,720156, , , ,1,1,0,0,0,0,0,0,0,0,0,0,1,1,0,0,0,0,0,0,0,0,0,0,0,0,0,0,0,0,0,0,1,0,0,8,0,39.9452,-75.1418, , 
 ,61849,2012071425,6,67,67301,2012,5,2,2300,23,3,2,1,7,3, , ,N,0,0,0,3,0,0,2,1,N,N,39 58:56.367,75 12:27.351,2307, ,2302,2,1,4,N, ,0,N, , , , ,720159, , , ,1,1,0,0,0,0,0,0,0,0,0,0,0,0,0,0,0,0,0,0,0,0,0,0,0,0,0,0,0,0,0,0,0,0,0,0,0,39.9823,-75.2076, , 
 ,61850,2012073620,6,67,67301,2012,6,3,9999,99,1,1,0,4,1, , ,N,1,2,0,3,0,3,5,2,N,N,40 02:13.851,75 07:25.305,950, ,942, ,0, ,N, ,3, , , , , ,720161, , , ,2,2,0,0,0,0,0,0,0,0,0,0,3,3,1,0,0,0,0,0,0,1,0,0,0,0,0,0,0,0,0,0,0,0,0,8,0,40.0372,-75.1237, , 
 ,61851,2012095487,6,67,67301,2012,8,3,931,9,1,1,0,2,1, , ,N,1,2,0,3,0,3,3,3,N,N,40 03:48.698,75 10:11.388,935, ,932, ,0, ,N, ,3, , , , , ,720174, , , ,3,3,0,0,0,0,0,0,0,0,2,0,3,1,0,0,0,0,0,0,0,0,0,0,0,0,0,0,0,0,0,0,0,0,0,3,0,40.0635,-75.1698, , 
 ,61852,2012095548,6,67,67301,2012,8,3,1452,14,1,1,0,5,1, , ,N,0,0,0,3,0,1,1,2,N,N,39 57:37.496,75 08:20.195,1540, ,1452, ,0, ,N, ,0, , , , , ,720175, , , ,1,1,0,0,0,0,0,0,0,0,0,1,1,0,0,0,0,0,0,0,0,0,0,0,0,0,0,0,0,0,0,0,1,0,0,4,0,39.9604,-75.1389, , 
 ,61853,2012095627,6,67,67301,2012,8,7,311,3,3,1,0,4,1, , ,N,2,2,0,3,0,1,3,2,N,N,40 05:59.946,75 00:29.876,325, ,311,1,1,1,N, ,3,N, , , , ,720176, , , ,2,2,0,0,0,0,0,0,0,0,1,0,1,0,0,0,0,0,0,0,0,0,0,0,0,0,0,0,0,0,0,0,0,0,0,3,0,40.1,-75.0083, , 
 ,61854,2012096413,6,67,67301,2012,8,2,1558,15,1,1,0,4,1, , ,N,2,0,0,3,0,1,2,2,N,N,39 59:23.701,75 09:34.664,1724, ,1723, ,0, ,N, ,0, , , , , ,720177, , , ,1,1,0,0,0,0,0,0,1,0,0,1,1,0,0,0,0,0,0,0,0,1,0,0,0,0,0,0,0,0,0,0,0,0,0,4,0,39.9899,-75.1596, , 