wz_ln_closure,objectid_1,crn,district,county,municipality,crash_year,crash_month,day_of_week,time_of_day,hour_of_day,illumination,weather,road_condition,collision_type,relation_to_road,work_zone_type,work_zone_loc,work_zone_ind,intersect_type,tcd_type,location_type,urban_rural,fatal_count,injury_count,person_count,total_units,sch_bus_ind,sch_zone_ind,latitude,longitude,arrival_tm,cons_zone_spd_lim,dispatch_tm,est_hrs_closed,lane_closed,ln_close_dir,ntfy_hiwy_maint,spec_juris_cd,tcd_func_cd,tfc_detour_ind,workers_pres,wz_close_detour,wz_flagger,wz_law_offcr_ind,objectid,wz_moving,wz_other,wz_shlder_mdn,vehicle_count,automobile_count,motorcycle_count,bus_count,small_truck_count,heavy_truck_count,suv_count,van_count,bicycle_count,maj_inj_count,mod_inj_count,min_inj_count,tot_inj_count,unk_inj_deg_count,unk_inj_per_count,driver_count_16yr,driver_count_17yr,driver_count_18yr,driver_count_19yr,driver_count_20yr,driver_count_50_64yr,driver_count_65_74yr,driver_count_75plus,unbelted_occ_count,unb_death_count,unb_maj_inj_count,belted_death_count,belted_maj_inj_count,mcycle_death_count,mcycle_maj_inj_count,bicycle_death_count,bicycle_maj_inj_count,ped_count,ped_death_count,ped_maj_inj_count,max_severity_level,comm_veh_count,dec_lat,dec_long,rdwy_surf_type_cd,county_name
 ,61855,2012098296,6,67,67301,2012,9,4,1026,10,3,1,0,4,2, , ,N,0,0,0,3,0,0,1,3,N, ,39 57:39.580,75 12:23.939,1028, ,1026, ,0, , , ,0, , , , , ,720178, , , ,3,2,0,0,1,0,0,0,0,0,0,0,1,1,0,0,0,0,0,0,0,0,0,0,0,0,0,0,0,0,0,0,0,0,0,8,0,39.961,-75.2066, , 
 ,61856,2013004414,6,67,67301,2012,11,5,1956,19,3,1,0,1,1, , ,N,0,0,0,3,0,1,1,5,N,N,40 02:11.461,75 12:44.805,2012, ,1956, ,0, ,N, ,0, , , , , ,708483, , , ,5,5,0,0,0,0,0,0,0,0,0,0,1,1,0,0,0,0,0,0,0,0,0,0,0,0,0,0,0,0,0,0,0,0,0,8,0,40.0365,-75.2124, , 
 ,61857,2012064680,6,67,67301,2012,5,5,9999,99,1,1,0,4,1, , ,N,2,2,0,3,0,1,2,2,N,N,39 59:47.549,75 11:15.520,1234, ,1231, ,0, , , ,3, , , , , ,708485, , , ,2,1,0,0,1,0,0,0,0,0,0,1,1,0,0,0,0,0,0,0,1,1,0,0,0,0,0,0,0,0,0,0,0,0,0,4,0,39.9966,-75.1876, , 
 ,61858,2012066764,6,67,67301,2012,5,2,436,4,3,2,1,7,5, , ,N,2,2,0,3,0,1,1,1,N, ,39 56:25.699,75 11:14.495,437, ,435, ,0, , , ,3, , , , , ,708491, , , ,1,1,0,0,0,0,0,0,0,0,1,0,1,0,0,0,0,0,0,0,0,0,0,0,0,0,0,0,0,0,0,0,0,0,0,3,0,39.9405,-75.1874, , 
 ,61859,2012073553,6,67,67301,2012,6,4,2210,22,3,1,0,8,1, , ,N,5,3,0,3,0,1,4,2,N, ,40 00:06.436,75 06:22.125,2217, ,2215, ,0, , , ,3, , , , , ,708492, , , ,1,1,0,0,0,0,0,0,0,0,0,0,1,1,0,0,0,0,0,1,0,0,0,0,0,0,0,0,0,0,0,0,1,0,0,8,0,40.0018,-75.1061, , 
 ,61860,2012085783,6,67,67301,2012,8,6,2121,21,3,1,0,4,1, , ,N,1,2,0,3,0,1,3,2,N,N,40 03:02.656,75 08:55.144,2124, ,2122, ,0, ,N, ,3, , , , , ,708505, , , ,2,1,0,0,0,0,1,0,0,0,0,1,1,0,0,0,0,1,0,0,0,0,0,0,0,0,0,0,0,0,0,0,0,0,0,4,0,40.0507,-75.1487, , 
 ,61861,2012103962,6,67,67301,2012,9,1,1030,10,1,1,0,1,1, , ,N,1,0,0,3,0,1,2,2,N, ,39 55:01.859,75 14:46.691,1035, ,1034,1,1,2, , ,0,Y, , , , ,708524, , , ,2,1,0,0,0,0,0,0,0,0,0,0,1,1,0,0,0,0,0,0,1,0,0,0,0,0,0,0,0,0,0,0,0,0,0,8,0,39.9172,-75.2463, , 
 ,61862,2012071287,6,67,67301,2012,6,1,11,0,3,1,0,1,1, , ,N,0,0,0,3,0,1,6,3,N,N,39 59:41.223,75 11:53.302,14, ,13,3,1,4,N, ,0,N, , , , ,708540, , , ,3,1,0,0,1,0,1,0,0,0,0,0,1,1,0,0,0,0,0,0,0,0,0,1,0,0,0,0,0,0,0,0,0,0,0,8,0,39.9948,-75.1981, , 
 ,61863,2012083297,6,67,67301,2012,8,5,1520,15,1,1,1,8,2, , ,N,2,0,0,3,0,1,3,2,N, ,39 59:14.006,75 09:48.347,1528, ,1526, ,0, , , ,0, , , , , ,708553, , , ,1,1,0,0,0,0,0,0,0,0,0,1,1,0,0,0,0,0,0,0,1,0,0,2,0,0,0,0,0,0,0,0,1,0,0,4,0,39.9872,-75.1634, , 
 ,61864,2012083355,6,67,67301,2012,8,5,1736,17,1,1,0,1,1, , ,N,1,2,0,3,0,4,6,3,N,N,40 05:41.851,75 00:55.548,1746, ,1736,1,1,2,N, ,3,N, , , , ,708554, , , ,3,2,0,0,0,0,1,0,0,0,0,4,4,0,0,0,0,0,0,0,0,1,0,0,0,0,0,0,0,0,0,0,0,0,0,4,0,40.095,-75.0154, , 
 ,61865,2012086639,6,67,67301,2012,7,6,1034,10,1,1,0,1,1, , ,N,1,2,0,3,0,2,8,6,N,N,40 01:31.774,75 07:31.582,1037, ,1036,2,1,2,N, ,3,N, , , , ,708556, , , ,6,5,0,0,0,0,0,1,0,0,0,1,2,1,0,0,0,0,0,0,1,0,0,0,0,0,0,0,0,0,0,0,0,0,0,4,0,40.0255,-75.1254, , 
 ,61866,2012095405,6,67,67301,2012,8,1,1629,16,1,1,0,8,1, , ,N,1,3,0,3,0,1,1,2,N,N,40 01:25.438,75 02:45.859,1635, ,1629, ,0, ,N, ,3, , , , , ,708565, , , ,1,0,1,0,0,0,0,0,0,0,0,1,1,0,0,0,0,0,0,0,0,0,0,0,0,0,0,0,0,0,0,0,1,0,0,4,0,40.0237,-75.0461, , 
 ,61867,2012098536,6,67,67301,2012,8,6,730,7,1,1,0,4,1, , ,N,1,2,0,3,0,5,5,3,N,N,40 02:25.798,75 03:31.964,731, ,731,2,2,6,N, ,3,Y, , , , ,708568, , , ,3,3,0,0,0,0,0,0,0,0,0,5,5,0,0,0,0,0,0,1,1,0,0,0,0,0,0,0,0,0,0,0,0,0,0,4,0,40.0405,-75.0589, , 
 ,61868,2012104093,6,67,67301,2012,9,2,1859,18,3,1,0,1,1, , ,N,1,2,0,3,0,2,4,2,N,N,40 02:55.176,75 04:36.548,2046, ,2043, ,0, ,N, ,3, , , , , ,708574, , , ,2,1,0,0,0,0,1,0,0,0,0,0,2,2,0,0,0,0,0,1,1,0,0,0,0,0,0,0,0,0,0,0,0,0,0,8,0,40.0487,-75.0768, , 
 ,61869,2012083350,6,67,67301,2012,8,5,9999,99,1,1,0,1,1, , ,N,0,0,0,3,0,0,6,4,N,N,40 04:08.214,75 02:22.509,1052, ,1054,1,2,4,N, ,0,N, , , , ,708603, , , ,4,4,0,0,0,0,0,0,0,0,0,0,0,0,0,0,0,0,0,0,0,0,0,0,0,0,0,0,0,0,0,0,0,0,0,0,0,40.0689,-75.0396, , 
 ,61870,2012066693,6,67,67301,2012,6,3,735,7,1,1,0,1,1, , ,N,2,2,0,3,0,0,4,4,N,N,40 07:15.020,74 59:47.626,746, ,740, ,0, ,N, ,3, , , , , ,708637, , , ,4,1,0,0,1,0,2,0,0,0,0,0,0,0,0,0,0,0,0,0,2,0,0,0,0,0,0,0,0,0,0,0,0,0,0,0,0,40.1208,-74.9966, , 
 ,61871,2012078867,6,67,67301,2012,7,3,2215,22,3,1,0,5,1, , ,N,0,0,0,3,0,0,2,2,N,N,39 53:30.680,75 13:23.035,2220, ,2215,2,1,2,N, ,0,N, , , , ,708642, , , ,2,2,0,0,0,0,0,0,0,0,0,0,0,0,0,0,0,0,0,0,0,0,0,0,0,0,0,0,0,0,0,0,0,0,0,0,0,39.8919,-75.2231, , 
 ,61872,2012109938,6,67,67301,2012,9,7,2236,22,3,1,0,7,5, , ,N,0,0,0,3,0,0,1,1,N, ,39 56:58.077,75 13:22.963,2200, ,2200, ,0, , , ,0, , , , , ,708667, , , ,1,1,0,0,0,0,0,0,0,0,0,0,0,0,0,0,0,0,0,0,0,0,0,0,0,0,0,0,0,0,0,0,0,0,0,0,0,39.9495,-75.223, , 
 ,61873,2012114355,6,67,67301,2012,10,6,1015,10,1,1,0,4,1, , ,N,1,3,0,3,0,1,2,2,N, ,39 55:57.928,75 08:51.035,1027, ,1016,1,1,2, , ,3,N, , , , ,708671, , , ,2,1,0,0,0,0,0,1,0,0,0,1,1,0,0,0,0,0,0,0,0,0,0,0,0,0,0,0,0,0,0,0,0,0,0,4,0,39.9328,-75.1475, , 
 ,61874,2012060673,6,67,67301,2012,5,7,415,4,3,1,0,7,2, , ,N,1,2,0,3,0,1,1,1,N, ,40 02:07.087,75 06:30.627,416, ,415, ,0, , , ,3, , , , , ,711422, , , ,1,1,0,0,0,0,0,0,0,0,1,0,1,0,0,0,0,0,0,0,0,0,0,0,0,0,0,0,0,0,0,0,0,0,0,3,0,40.0353,-75.1085, , 
 ,61875,2012109790,6,67,67301,2012,10,3,1130,11,1,2,1,1,1, , ,N,1,2,0,3,0,1,4,3,N,N,39 58:25.603,75 15:29.678,1145, ,1140, ,0, ,N, ,3, , , , , ,711460, , , ,3,2,0,0,0,0,0,0,0,0,0,0,1,1,0,0,0,0,0,0,0,0,1,0,0,0,0,0,0,0,0,0,0,0,0,8,0,39.9738,-75.2582, , 
 ,61876,2012061904,6,67,67301,2012,6,3,1019,10,1,1,0,1,7, , ,N,6,4,2,3,0,2,3,2,N,N,39 56:54.810,75 11:08.203,1032, ,1026,1,2,4,N, ,3,N, , , , ,711477, , , ,2,2,0,0,0,0,0,0,0,0,0,0,2,2,0,0,0,0,0,0,1,0,0,0,0,0,0,0,0,0,0,0,0,0,0,8,0,39.9486,-75.1856, , 
 ,61877,2012098398,6,67,67301,2012,8,6,935,9,1,1,0,9,1, , ,N,0,3,0,3,0,1,2,2,N,N,39 57:44.499,75 10:19.822,945, ,940, ,0, ,N, ,3, , , , , ,711503, , , ,1,1,0,0,0,0,0,0,0,0,0,1,1,0,0,0,0,0,0,0,1,0,0,0,0,0,0,0,0,0,0,0,1,0,0,4,0,39.9624,-75.1722, , 
 ,61878,2012098979,6,67,67301,2012,9,6,815,8,1,1,0,5,1, , ,N,1,0,0,3,0,1,2,2,N,N,39 57:02.546,75 09:01.347,9999, ,821, ,0, ,N, ,0, , , , , ,711504, , , ,1,0,0,1,0,0,0,0,1,0,0,1,1,0,0,0,0,0,0,0,1,0,0,0,0,0,0,0,0,0,0,0,0,0,0,4,1,39.9507,-75.1504, , 
 ,61879,2012061495,6,67,67301,2012,6,7,1333,13,1,1,0,1,1, , ,N,0,0,0,3,0,0,2,2,N,N,39 58:36.938,75 11:54.795,1353, ,1334, ,0, ,N, ,0, , , , , ,711519, , , ,2,1,0,0,0,0,0,1,0,0,0,0,0,0,0,0,0,0,0,0,1,0,0,0,0,0,0,0,0,0,0,0,0,0,0,0,0,39.9769,-75.1986, , 
 ,61880,2012066416,6,67,67301,2012,5,7,1400,14,1,1,0,8,1, , ,N,1,3,0,3,0,2,3,3,N,N,39 56:14.564,75 13:03.428,1515, ,1508, ,0, ,N, ,3, , , , , ,711525, , , ,1,1,0,0,0,0,0,0,0,0,0,2,2,0,0,0,0,0,0,0,0,0,0,0,0,0,0,0,0,0,0,0,2,0,0,4,0,39.9374,-75.2176, , 
 ,61881,2012073572,6,67,67301,2012,6,5,1230,12,1,1,0,2,1, , ,N,1,2,0,3,0,1,3,2,N,N,40 00:13.178,75 10:08.095,1250, ,1248, ,0, ,N, ,3, , , , , ,711528, , , ,2,2,0,0,0,0,0,0,0,0,0,1,1,0,0,0,0,0,0,0,0,1,0,2,0,0,0,0,0,0,0,0,0,0,0,4,0,40.0037,-75.1689, , 
 ,61882,2012075999,6,67,67301,2012,6,2,9999,99,1,2,1,4,1, , ,N,1,2,0,3,0,2,3,2,N,N,40 03:02.401,75 10:23.780,1118, ,1110, ,0, ,N, ,3, , , , , ,711530, , , ,2,2,0,0,0,0,0,0,0,0,0,2,2,0,0,0,0,0,0,0,0,0,0,0,0,0,0,0,0,0,0,0,0,0,0,4,0,40.0507,-75.1733, , 
 ,61883,2012099004,6,67,67301,2012,9,5,915,9,1,1,0,5,1, , ,N,0,0,0,3,0,1,4,3,N,N,40 04:53.747,74 57:58.092,919, ,917,2,2,4,Y, ,0,Y, , , , ,711546, , , ,3,1,0,0,0,1,1,0,0,0,0,0,1,1,0,0,0,0,0,0,0,1,0,0,0,0,0,0,0,0,0,0,0,0,0,8,1,40.0816,-74.9661, , 
 ,61884,2012060731,6,67,67301,2012,5,6,1540,15,1,1,0,4,1, , ,N,5,2,0,3,0,1,3,2,N,N,40 03:24.392,75 01:44.609,1555, ,1546, ,0, ,N, ,3, , , , , ,711573, , , ,2,2,0,0,0,0,0,0,0,0,0,1,1,0,0,0,0,0,0,0,0,0,0,0,0,0,0,0,0,0,0,0,0,0,0,4,0,40.0568,-75.0291, , 
 ,61885,2012068870,6,67,67301,2012,5,6,2100,21,3,9,8,3,6, , ,N,0,0,0,3,0,1,2,2,N, ,39 57:00.077,75 13:37.007,1810, ,1806, ,0, , , ,0, , , , , ,711582, , , ,2,1,0,0,0,0,1,0,0,0,0,0,1,1,0,0,0,0,0,0,0,0,0,0,0,0,0,0,0,0,0,0,0,0,0,8,0,39.95,-75.2269, , 
 ,61886,2012078519,6,67,67301,2012,7,2,1811,18,1,1,1,8,1, , ,N,1,3,0,3,0,1,2,2,N,N,39 58:06.636,75 14:34.040,1828, ,1826, ,0, ,N, ,3, , , , , ,711588, , , ,1,0,0,0,1,0,0,0,0,0,0,1,1,0,0,0,0,0,0,0,0,0,0,0,0,0,0,0,0,0,0,0,1,0,0,4,0,39.9685,-75.2428, , 
 ,61887,2012083000,6,67,67301,2012,1,6,1200,12,1,6,1,1,1, , ,N,1,2,0,3,0,2,3,2,N,N,39 59:25.360,75 10:31.062,0, ,0, ,0, ,N, ,3, , , , , ,711590, , , ,2,2,0,0,0,0,0,0,0,0,0,0,2,2,0,0,0,0,0,0,0,0,0,0,0,0,0,0,0,0,0,0,0,0,0,8,0,39.9904,-75.1753, , 
 ,61888,2012084153,6,67,67301,2012,7,2,1429,14,1,1,0,4,1, , ,N,1,2,0,3,0,0,2,2,N,N,39 58:32.542,75 07:13.776,1430, ,1429, ,0, ,N, ,3, , , , , ,711591, , , ,2,1,0,0,0,0,1,0,0,0,0,0,0,0,0,0,0,0,0,0,1,0,0,0,0,0,0,0,0,0,0,0,0,0,0,0,0,39.9749,-75.1215, , 
 ,61889,2012097367,6,67,67301,2012,9,5,914,9,1,1,0,5,1, , ,N,0,0,0,3,0,1,2,2,N,N,39 58:15.344,75 11:35.552,930, ,920,1,1,3,N, ,0,Y, , , , ,711606, , , ,2,2,0,0,0,0,0,0,0,0,0,0,1,1,0,0,0,0,0,0,1,0,0,1,0,0,0,0,0,0,0,0,0,0,0,8,0,39.9709,-75.1932, , 
 ,61890,2012099341,6,67,67301,2012,8,3,1530,15,1,9,0,8,9, , ,N,1,3,0,3,0,1,2,1,N,N,39 56:34.202,75 13:26.903,9999, ,0, ,0, ,N, ,3, , , , , ,711607, , , ,1,1,0,0,0,0,0,0,0,0,0,0,1,1,1,0,0,0,0,0,0,0,0,0,0,0,0,0,0,0,0,0,1,0,0,8,0,39.9428,-75.2241, , 
 ,61891,2012063866,6,67,67301,2012,5,5,1604,16,1,1,0,4,1, , ,N,2,0,0,3,0,1,2,2,N,N,39 55:20.139,75 09:59.014,1610, ,604, ,0, ,N, ,0, , , , , ,711619, , , ,1,1,0,0,0,0,0,0,1,0,0,1,1,0,0,0,0,0,0,0,0,1,0,1,0,0,0,0,0,0,0,0,0,0,0,4,0,39.9223,-75.1664, , 
 ,61892,2013006083,6,67,67301,2012,12,7,1604,16,1,1,0,4,1, , ,N,1,2,0,3,0,5,5,2,N,N,40 02:25.817,75 03:32.713,1610, ,1605,9,1,2,N, ,3,Y, , , , ,717378, , , ,2,1,0,0,1,0,0,0,0,0,3,2,5,0,0,0,0,0,1,0,0,0,0,0,0,0,0,0,0,0,0,0,0,0,0,3,0,40.0405,-75.0591, , 
 ,61893,2012052681,6,67,67301,2012,4,5,824,8,1,1,0,4,1, , ,N,1,2,0,3,0,0,2,2,N, ,40 02:43.800,75 09:53.514,826, ,826,1,1,5, , ,3,N, , , , ,717383, , , ,2,2,0,0,0,0,0,0,0,0,0,0,0,0,2,0,0,0,0,0,0,0,0,0,0,0,0,0,0,0,0,0,0,0,0,9,0,40.0455,-75.1649, , 
 ,61894,2012068774,6,67,67301,2012,5,7,920,9,1,2,1,8,1, , ,N,1,2,0,3,0,1,2,2,N, ,39 57:11.260,75 09:40.449,955, ,948, ,0, , , ,3, , , , , ,717393, , , ,1,1,0,0,0,0,0,0,0,0,1,0,1,0,0,0,0,0,0,0,0,0,0,0,0,0,0,0,0,0,0,0,1,0,0,3,0,39.9531,-75.1612, , 
 ,61895,2012075946,6,67,67301,2012,6,4,1730,17,1,1,0,4,1, , ,N,1,2,0,3,0,2,4,2,N, ,39 57:21.859,75 14:16.659,1833, ,1828, ,0, , , ,9, , , , , ,717399, , , ,2,2,0,0,0,0,0,0,0,0,0,1,2,1,0,0,0,0,0,0,1,0,0,0,0,0,0,0,0,0,0,0,0,0,0,4,0,39.9561,-75.238, , 
 ,61896,2012078343,6,67,67301,2012,6,6,645,6,1,2,1,1,1, , ,N,5,2,0,3,0,2,4,2,N,N,40 01:52.626,75 05:06.090,657, ,656,1,1,1,N, ,3,Y, , , , ,717401, , , ,2,1,0,0,0,0,0,1,0,0,0,1,2,1,0,0,0,0,0,0,1,0,0,0,0,0,0,0,0,0,0,0,0,0,0,4,0,40.0313,-75.085, , 
 ,61897,2012078186,6,67,67301,2012,7,3,1225,12,1,1,0,4,1, , ,N,0,0,7,3,0,2,3,2,N,N,40 08:01.162,75 00:35.821,1301, ,1258, ,0, ,N, ,0, , , , , ,717409, , , ,2,2,0,0,0,0,0,0,0,0,0,0,2,2,0,0,1,0,0,0,0,0,0,0,0,0,0,0,0,0,0,0,0,0,0,8,0,40.1337,-75.01, , 
 ,61898,2012078407,6,67,67301,2012,6,2,1035,10,1,2,1,4,1, , ,N,1,2,0,3,0,3,4,2,N,N,40 03:54.386,75 14:23.644,1045, ,1035, ,0, ,N, ,3, , , , , ,717410, , , ,2,1,0,0,1,0,0,0,0,0,0,1,3,2,1,0,0,0,0,0,0,0,0,0,0,0,0,0,0,0,0,0,0,0,0,4,0,40.0649,-75.2398, , 
 ,61899,2012085854,6,67,67301,2012,8,6,9999,99,1,1,0,5,1, , ,N,1,2,0,3,0,1,3,2,N, ,39 57:42.674,75 09:27.834,1722, ,1720, ,0, , , ,3, , , , , ,717416, , , ,2,1,0,1,0,0,0,0,0,0,1,0,1,0,0,0,0,0,0,0,1,0,0,0,0,0,0,0,0,0,0,0,0,0,0,3,0,39.9617,-75.1577, , 
 ,61900,2012088573,6,67,67301,2012,8,3,616,6,1,1,0,4,2, , ,N,1,0,0,3,0,0,1,1,N,N,40 01:02.345,75 02:51.983,636, ,308, ,0, ,N, ,0, , , , , ,717421, , , ,1,1,0,0,0,0,0,0,0,0,0,0,0,0,0,0,0,0,0,0,1,0,0,0,0,0,0,0,0,0,0,0,0,0,0,0,0,40.0173,-75.0478, , 
 ,61901,2012068838,6,67,67301,2012,6,5,1600,16,1,1,0,8,1, , ,N,0,0,0,3,0,1,2,2,N, ,39 59:44.635,75 08:37.482,1830, ,1830, ,0, , , ,0, , , , , ,717447, , , ,1,0,0,0,0,0,1,0,0,0,0,1,1,0,0,0,0,0,0,0,1,0,0,0,0,0,0,0,0,0,0,0,1,0,0,4,0,39.9957,-75.1437, , 
 ,61902,2012078431,6,67,67301,2012,7,7,1115,11,1,1,0,1,1, , ,N,0,0,0,3,0,1,1,3,N,N,39 59:44.584,75 07:47.501,1128, ,1126, ,0, ,N, ,0, , , , , ,717457, , , ,3,1,0,0,1,0,1,0,0,0,1,0,1,0,0,0,0,0,0,0,0,0,0,1,0,0,0,0,0,0,0,0,0,0,0,3,0,39.9957,-75.1299, , 
 ,61903,2012080763,6,67,67301,2012,7,1,246,2,3,1,0,5,6, , ,N,0,0,0,3,0,0,1,5,N, ,40 02:20.901,75 02:41.875,250, ,246,1,1,4, , ,0,N, , , , ,717460, , , ,5,3,0,0,1,0,1,0,0,0,0,0,0,0,0,0,0,0,0,0,0,0,0,0,0,0,0,0,0,0,0,0,0,0,0,0,0,40.0391,-75.045, , 
 ,61904,2012080968,6,67,67301,2012,6,5,327,3,3,1,0,7,5, , ,N,6,0,2,3,0,2,2,1,N,N,39 57:06.095,75 08:29.301,329, ,327,1,2,2,N, ,0,Y, , , , ,717461, , , ,1,1,0,0,0,0,0,0,0,0,2,0,2,0,0,0,0,0,0,0,0,0,0,0,0,0,0,0,0,0,0,0,0,0,0,3,0,39.9517,-75.1415, , 
 ,61905,2012096021,6,67,67301,2012,8,4,1503,15,1,1,6,9,1, , ,N,1,3,0,3,0,2,2,2,N, ,39 58:39.345,75 09:38.332,1510, ,1505, ,0, , , ,3, , , , , ,717470, , , ,2,2,0,0,0,0,0,0,0,0,1,1,2,0,0,0,0,0,0,0,0,0,0,0,0,0,0,0,0,0,0,0,0,0,0,3,0,39.9776,-75.1606, , 
 ,61906,2012104073,6,67,67301,2012,9,7,344,3,3,1,0,4,1, , ,N,0,2,0,3,0,1,2,2,N,N,39 58:54.216,75 09:25.696,346, ,344,3,2,1,N, ,3,Y, , , , ,717476, , , ,2,1,0,0,0,0,1,0,0,0,1,0,1,0,0,0,0,1,0,0,0,0,0,1,0,0,0,0,0,0,0,0,0,0,0,3,0,39.9817,-75.1571, , 
 ,61907,2012060753,6,67,67301,2012,5,4,205,2,3,1,1,4,6, , ,N,0,0,0,3,0,0,1,2,N,N,40 01:38.848,75 12:34.939,216, ,212, ,0, ,N, ,0, , , , , ,717495, , , ,2,1,0,0,0,0,1,0,0,0,0,0,0,0,1,0,0,0,0,0,0,0,0,0,0,0,0,0,0,0,0,0,0,0,0,9,0,40.0275,-75.2097, , 
 ,61908,2012075660,6,67,67301,2012,7,6,2133,21,3,1,0,1,1, , ,N,0,0,0,3,0,1,3,2,N,N,39 59:34.483,75 12:02.461,2148, ,2139,1,1,3,N, ,0,N, , , , ,717505, , , ,2,1,0,0,1,0,0,0,0,0,0,1,1,0,0,0,0,0,0,0,0,0,0,1,0,0,0,0,0,0,0,0,0,0,0,4,0,39.9929,-75.2007, , 
 ,61909,2012083409,6,67,67301,2012,8,6,440,4,3,1,8,7,2, , ,N,0,0,0,3,0,0,1,1,N, ,40 04:35.493,75 04:56.535,455, ,453,9,2,6, , ,0,Y, , , , ,717511, , , ,1,0,0,0,1,0,0,0,0,0,0,0,0,0,0,0,0,0,0,0,0,0,0,0,0,0,0,0,0,0,0,0,0,0,0,0,0,40.0765,-75.0824, , 
 ,61910,2012069643,6,67,67301,2012,6,3,1745,17,1,2,1,1,1, , ,N,3,3,0,3,0,1,2,2,N, ,40 04:44.518,75 01:50.920,1752, ,1747, ,0, , , ,3, , , , , ,714748, , , ,2,2,0,0,0,0,0,0,0,0,0,0,1,1,0,0,0,0,0,0,0,0,0,1,0,0,0,0,0,0,0,0,0,0,0,8,0,40.0791,-75.0308, , 
 ,61911,2012078561,6,67,67301,2012,6,7,1327,13,1,1,0,4,1, , ,N,1,2,0,3,0,2,4,3,N,N,40 03:13.772,75 05:10.794,1328, ,1327,9,2,7,N, ,3,Y, , , , ,714755, , , ,3,2,0,0,0,0,1,0,0,0,0,1,2,1,0,0,0,0,0,0,0,0,1,0,0,0,0,0,0,0,0,0,0,0,0,4,0,40.0538,-75.0863, , 
 ,61912,2012060653,6,67,67301,2012,5,7,959,9,1,1,0,5,2, , ,N,0,0,0,3,0,0,1,2,N,N,40 02:12.154,75 07:57.539,959, ,959, ,0, ,N, ,0, , , , , ,714760, , , ,2,1,0,0,1,0,0,0,0,0,0,0,0,0,1,0,0,0,0,0,1,0,0,0,0,0,0,0,0,0,0,0,0,0,0,9,0,40.0367,-75.1326, , 
 ,61913,2012060684,6,67,67301,2012,5,2,2130,21,3,1,0,4,1, , ,N,2,0,0,3,0,4,6,2,N,N,40 02:13.960,75 08:11.320,2130, ,2130,2,2,6,N, ,0,Y, , , , ,714761, , , ,2,2,0,0,0,0,0,0,0,0,0,1,4,3,0,0,0,0,0,0,0,0,0,5,0,0,0,0,0,0,0,0,0,0,0,4,0,40.0372,-75.1365, , 
 ,61914,2012095589,6,67,67301,2012,8,6,1905,19,1,1,0,1,1, , ,N,0,0,0,3,0,1,4,3,N,N,40 02:29.051,75 08:39.209,1915, ,1912, ,0, ,N, ,0, , , , , ,714792, , , ,2,1,0,0,0,0,1,0,0,0,0,0,1,1,0,0,0,0,0,0,1,0,0,0,0,0,0,0,0,0,0,0,0,0,0,8,0,40.0414,-75.1442, , 
 ,61915,2012098343,6,67,67301,2012,9,7,2015,20,3,2,1,8,1, , ,N,0,0,0,3,0,1,2,2,N, ,39 55:17.058,75 13:31.324,2025, ,2018,2,1,4, , ,0,Y, , , , ,714794, , , ,1,0,0,0,0,0,1,0,0,0,0,1,1,0,0,0,0,0,0,0,1,0,0,0,0,0,0,0,0,0,0,0,1,0,0,4,0,39.9214,-75.2254, , 
 ,61916,2012063924,6,67,67301,2012,5,1,1245,12,1,1,0,2,1, , ,N,0,0,0,3,0,1,2,2,N,N,39 55:53.578,75 09:34.097,1310, ,1300, ,0, ,N, ,0, , , , , ,714799, , , ,1,0,0,0,0,0,1,0,1,0,0,1,1,0,0,0,0,0,0,0,0,0,0,0,0,0,0,0,0,0,0,0,0,0,0,4,0,39.9315,-75.1595, , 
 ,61917,2012066640,6,67,67301,2012,6,7,9999,99,1,1,0,1,1, , ,N,2,2,0,3,0,1,3,3,N,N,39 55:49.339,75 13:39.363,1631, ,1631, ,0, ,N, ,3, , , , , ,714803, , , ,3,3,0,0,0,0,0,0,0,0,0,1,1,0,0,0,0,0,0,0,0,0,1,1,0,0,0,0,0,0,0,0,0,0,0,4,0,39.9304,-75.2276, , 
 ,61918,2012078194,6,67,67301,2012,7,1,1519,15,1,1,0,1,1, , ,N,1,2,0,3,0,2,5,2,N,N,39 59:56.925,75 10:12.475,1519, ,1519, ,0, ,N, ,3, , , , , ,714811, , , ,2,1,0,0,0,0,1,0,0,0,0,0,2,2,0,0,0,0,0,0,0,0,0,0,0,0,0,0,0,0,0,0,0,0,0,8,0,39.9991,-75.1701, , 
 ,61919,2012078204,6,67,67301,2012,6,2,828,8,1,1,0,8,1, , ,N,1,3,0,3,0,1,2,2,N,N,39 57:22.741,75 10:15.056,831, ,830, ,0, , , ,3, , , , , ,714812, , , ,1,1,0,0,0,0,0,0,0,0,0,1,1,0,0,0,0,0,0,0,1,0,0,0,0,0,0,0,0,0,0,0,1,0,0,4,0,39.9563,-75.1708, , 
 ,61920,2012080653,6,67,67301,2012,7,1,1237,12,1,1,0,7,2, , ,N,0,0,0,3,0,0,1,1,N,N,39 55:05.704,75 08:52.541,1252, ,1239, ,0, ,N, ,0, , , , , ,714815, , , ,1,0,0,0,0,0,0,1,0,0,0,0,0,0,1,0,0,0,0,0,0,0,0,0,0,0,0,0,0,0,0,0,0,0,0,9,0,39.9184,-75.1479, , 