wz_ln_closure,objectid_1,crn,district,county,municipality,crash_year,crash_month,day_of_week,time_of_day,hour_of_day,illumination,weather,road_condition,collision_type,relation_to_road,work_zone_type,work_zone_loc,work_zone_ind,intersect_type,tcd_type,location_type,urban_rural,fatal_count,injury_count,person_count,total_units,sch_bus_ind,sch_zone_ind,latitude,longitude,arrival_tm,cons_zone_spd_lim,dispatch_tm,est_hrs_closed,lane_closed,ln_close_dir,ntfy_hiwy_maint,spec_juris_cd,tcd_func_cd,tfc_detour_ind,workers_pres,wz_close_detour,wz_flagger,wz_law_offcr_ind,objectid,wz_moving,wz_other,wz_shlder_mdn,vehicle_count,automobile_count,motorcycle_count,bus_count,small_truck_count,heavy_truck_count,suv_count,van_count,bicycle_count,maj_inj_count,mod_inj_count,min_inj_count,tot_inj_count,unk_inj_deg_count,unk_inj_per_count,driver_count_16yr,driver_count_17yr,driver_count_18yr,driver_count_19yr,driver_count_20yr,driver_count_50_64yr,driver_count_65_74yr,driver_count_75plus,unbelted_occ_count,unb_death_count,unb_maj_inj_count,belted_death_count,belted_maj_inj_count,mcycle_death_count,mcycle_maj_inj_count,bicycle_death_count,bicycle_maj_inj_count,ped_count,ped_death_count,ped_maj_inj_count,max_severity_level,comm_veh_count,dec_lat,dec_long,rdwy_surf_type_cd,county_name
 ,61988,2012085864,6,67,67301,2012,7,7,1045,10,1,1,0,1,1, , ,N,0,2,0,3,0,3,5,3,N,N,40 01:17.148,75 08:49.610,1230, ,1222,2,1,2,N, ,3,Y, , , , ,714914, , , ,3,2,0,0,0,0,1,0,0,0,0,0,3,3,0,0,0,0,0,0,1,0,0,0,0,0,0,0,0,0,0,0,0,0,0,8,0,40.0214,-75.1471, , 
 ,61989,2012095343,6,67,67301,2012,8,7,25,0,3,2,1,4,1, , ,N,1,0,0,3,0,2,2,2,N,N,40 01:06.113,75 08:54.943,29, ,27, ,0, ,N, ,0, , , , , ,714923, , , ,1,1,0,0,0,0,0,0,0,0,0,2,2,0,0,0,0,0,0,0,0,0,0,0,0,0,0,0,0,0,0,0,0,0,0,4,0,40.0184,-75.1484, , 
 ,61990,2012114882,6,67,67301,2012,10,6,757,7,1,2,1,1,1, , ,N,0,0,0,3,0,0,26,2,Y,N,39 56:31.275,75 12:42.066,820, ,815,2,1,2,N, ,0,N, , , , ,714937, , , ,2,1,0,1,0,0,0,0,0,0,0,0,0,0,0,0,0,0,0,0,0,0,0,0,0,0,0,0,0,0,0,0,0,0,0,0,1,39.942,-75.2117, , 
 ,61991,2012117297,6,67,67301,2012,10,1,2035,20,3,0,0,2,1, , ,N,1,3,0,3,0,1,1,1,N,N,40 00:15.714,75 08:17.260,2038, ,2038, ,0, ,N, ,3, , , , , ,714941, , , ,0,0,0,0,0,0,0,0,0,1,0,0,1,0,0,0,0,0,0,0,0,0,0,0,0,0,0,0,0,0,0,0,1,0,1,2,0,40.0044,-75.1381, , 
 ,61992,2012095496,6,67,67301,2012,8,7,1205,12,1,1,0,6,1, , ,N,1,2,0,3,0,2,4,3,N, ,40 01:14.257,75 08:55.161,1227, ,1205, ,0, , , ,3, , , , , ,714971, , , ,3,1,0,0,0,0,0,1,0,0,0,2,2,0,1,0,0,0,0,0,0,0,0,0,0,0,0,0,0,0,0,0,0,0,0,4,0,40.0206,-75.1487, , 
 ,61993,2012098441,6,67,67301,2012,8,2,916,9,1,2,1,4,1, , ,N,1,2,0,3,0,1,1,2,N,N,40 01:39.104,75 08:47.126,940, ,917, ,0, ,N, ,3, , , , , ,714976, , , ,1,1,0,0,0,0,0,0,0,0,0,0,0,0,1,0,0,0,0,0,0,0,0,0,0,0,0,0,0,0,0,0,0,0,0,9,0,40.0275,-75.1464, , 
 ,61994,2012111643,6,67,67301,2012,10,1,500,5,3,1,0,1,2, , ,N,0,0,0,3,0,0,0,2,N,N,39 55:23.080,75 11:20.780,545, ,518,9,2,4,N, ,0,Y, , , , ,714984, , , ,2,1,0,0,0,0,1,0,0,0,0,0,0,0,0,0,0,0,0,0,0,0,0,0,0,0,0,0,0,0,0,0,0,0,0,9,0,39.9231,-75.1891, , 
 ,61995,2012111734,6,67,67301,2012,9,5,1755,17,1,1,0,8,1, , ,N,2,2,0,3,0,1,1,2,N,N,40 02:46.713,75 08:09.655,1805, ,1800,2,1,4,N, ,3,Y, , , , ,714985, , , ,1,0,0,0,0,0,0,1,0,1,0,0,1,0,0,0,0,0,0,0,0,0,0,0,0,0,0,0,0,0,0,0,1,0,1,2,0,40.0463,-75.136, , 
 ,61996,2012066469,6,67,67301,2012,5,2,1750,17,1,1,0,1,1, , ,N,0,0,0,3,0,1,11,3,N, ,39 58:19.837,75 15:06.459,9999, ,9999, ,0, , , ,0, , , , , ,714997, , , ,3,1,0,0,0,0,2,0,0,0,0,0,1,1,0,0,0,1,0,0,0,0,0,0,0,0,0,0,0,0,0,0,0,0,0,8,0,39.9722,-75.2518, , 
 ,61997,2012071430,6,67,67301,2012,7,7,242,2,3,1,0,7,3, , ,N,7,0,2,3,0,0,1,1,N,N,39 57:06.095,75 08:29.301,251, ,245,1,1,4,N, ,0,N, , , , ,715009, , , ,1,1,0,0,0,0,0,0,0,0,0,0,0,0,0,0,0,0,0,0,0,0,0,0,0,0,0,0,0,0,0,0,0,0,0,0,0,39.9517,-75.1415, , 
 ,61998,2012056565,6,67,67301,2012,4,3,1555,15,1,1,0,1,1, , ,N,0,0,0,3,0,1,2,2,N,N,39 58:33.197,75 07:12.521,1555, ,1555, ,0, ,N, ,0, , , , , ,715043, , , ,2,1,0,0,1,0,0,0,0,0,0,1,1,0,0,0,0,0,0,0,2,0,0,0,0,0,0,0,0,0,0,0,0,0,0,4,0,39.9765,-75.1198, , 
 ,61999,2012083650,6,67,67301,2012,7,3,1842,18,1,1,0,5,1, , ,N,6,0,2,3,0,0,2,2,N,N,39 57:06.095,75 08:29.301,1850, ,1845, ,0, ,N, ,0, , , , , ,715055, , , ,2,1,0,0,0,0,1,0,0,0,0,0,0,0,0,0,0,0,0,0,0,0,0,0,0,0,0,0,0,0,0,0,0,0,0,0,0,39.9517,-75.1415, , 
 ,62000,2012086180,6,67,67301,2012,8,2,1003,10,1,2,1,7,2, , ,N,0,0,0,3,0,1,1,1,N,N,39 54:07.084,75 09:05.871,1007, ,1007,2,1,2,N, ,0,N, , , , ,715061, , , ,1,0,0,0,0,0,0,1,0,0,0,1,1,0,0,0,0,0,0,0,0,0,0,0,0,0,0,0,0,0,0,0,0,0,0,4,0,39.902,-75.1516, , 
 ,62001,2012057002,6,67,67301,2012,6,7,33,0,3,2,1,7,2, , ,N,0,0,0,3,0,1,1,1,N,N,39 57:09.297,75 10:55.162,40, ,35,2,2,3,N, ,0,N, , , , ,715088, , , ,1,1,0,0,0,0,0,0,0,0,0,1,1,0,0,0,0,0,0,0,0,0,0,0,0,0,0,0,0,0,0,0,0,0,0,4,0,39.9526,-75.182, , 
 ,62002,2012076051,6,67,67301,2012,6,1,150,1,3,1,0,4,2, , ,N,2,0,0,3,0,0,1,2,N, ,40 03:47.502,75 04:32.419,154, ,152, ,0, , , ,0, , , , , ,715100, , , ,2,2,0,0,0,0,0,0,0,0,0,0,0,0,0,0,0,0,0,0,0,0,0,0,0,0,0,0,0,0,0,0,0,0,0,0,0,40.0632,-75.0757, , 
 ,62003,2012103996,6,67,67301,2012,9,2,950,9,1,1,0,4,1, , ,N,0,0,0,3,0,2,3,2,N, ,40 04:01.757,75 03:04.322,955, ,950, ,0, , , ,0, , , , , ,708809, , , ,2,2,0,0,0,0,0,0,0,0,0,1,1,0,1,0,0,0,0,0,0,0,1,0,0,0,0,0,0,0,0,0,0,0,0,4,0,40.0672,-75.0512, , 
 ,62004,2012052672,6,67,67301,2012,5,5,9999,99,1,1,0,8,1, , ,N,0,0,0,3,0,1,2,2,N,N,40 01:15.488,75 08:41.614,656, ,653, ,0, ,N, ,0, , , , , ,708820, , , ,1,1,0,0,0,0,0,0,0,0,0,1,1,0,0,0,0,0,0,0,0,0,0,0,0,0,0,0,0,0,0,0,1,0,0,4,0,40.021,-75.1449, , 
 ,62005,2012083800,6,67,67301,2012,8,2,2229,22,3,1,0,5,6, , ,N,0,0,0,3,0,1,2,2,N,N,39 57:24.220,75 11:53.430,2231, ,2229, ,0, ,N, ,0, , , , , ,708837, , , ,2,2,0,0,0,0,0,0,0,0,1,0,1,0,0,0,0,0,0,0,0,0,0,0,0,0,0,0,0,0,0,0,0,0,0,3,0,39.9567,-75.1982, , 
 ,62006,2012099029,6,67,67301,2012,9,2,1128,11,1,1,0,1,2, , ,N,0,0,0,3,0,0,2,2,N,N,40 05:32.459,74 58:53.826,1135, ,1128, ,0, ,N, ,0, , , , , ,708846, , , ,2,1,0,0,1,0,0,0,0,0,0,0,0,0,0,0,0,0,0,0,0,0,0,0,0,0,0,0,0,0,0,0,0,0,0,0,0,40.0923,-74.9816, , 
 ,62007,2012103613,6,67,67301,2012,9,1,500,5,3,1,0,7,5, , ,N,0,0,0,3,1,0,1,5,N,N,39 53:50.298,75 13:37.583,512, ,508,4,2,5, ,0,0,Y, , , , ,708854, , , ,5,1,0,0,0,4,0,0,0,0,0,0,0,0,0,0,0,0,0,0,0,0,0,0,0,0,0,0,0,0,0,0,0,0,0,1,4,39.8976,-75.2269,2, 
 ,62008,2012109924,6,67,67301,2012,10,2,2306,23,3,8,1,7,5, , ,N,1,3,0,3,0,1,1,1,N,N,40 04:08.569,75 10:32.303,2326, ,2311, ,0, ,N, ,3, , , , , ,708862, , , ,1,0,0,0,0,0,1,0,0,0,0,0,1,1,0,0,0,0,0,0,0,0,0,0,0,0,0,0,0,0,0,0,0,0,0,8,0,40.069,-75.1756, , 
 ,62009,2012056648,6,67,67301,2012,5,6,1234,12,1,9,0,8,1, , ,N,1,3,0,3,0,1,2,2,N,N,39 59:41.517,75 10:27.461,1234, ,1628, ,0, ,N, ,3, , , , , ,708869, , , ,1,0,0,0,0,0,0,0,0,0,0,1,1,0,0,0,0,0,0,0,0,0,0,0,0,0,0,0,0,0,0,0,1,0,0,4,0,39.9949,-75.1743, , 
 ,62010,2012063193,6,67,67301,2012,5,4,1142,11,1,1,0,0,1, , ,N,0,0,0,3,0,1,1,1,N,N,39 59:20.774,75 05:15.630,1149, ,1146,1,1,2,Y, ,0,N, , , , ,708874, , , ,1,0,0,0,1,0,0,0,0,0,0,0,1,1,0,0,0,0,0,0,1,0,0,0,0,0,0,0,0,0,0,0,0,0,0,8,0,39.989,-75.0878, , 
 ,62011,2012063939,6,67,67301,2012,5,5,9999,99,3,1,0,4,1, , ,N,0,0,0,3,0,0,6,2,N,N,39 59:35.964,75 14:13.974,21, ,21, ,0, ,N, ,0, , , , , ,708876, , , ,2,2,0,0,0,0,0,0,0,0,0,0,0,0,0,0,0,0,0,1,0,0,0,0,0,0,0,0,0,0,0,0,0,0,0,0,0,39.9933,-75.2372, , 
 ,62012,2012075980,6,67,67301,2012,6,4,1200,12,1,1,0,1,1, , ,N,2,0,0,3,0,1,3,2,N,N,40 03:58.955,74 58:55.792,1300, ,1253,2,2,1, , ,0,Y, , , , ,708884, , , ,2,2,0,0,0,0,0,0,0,0,0,1,1,0,0,0,0,0,1,0,0,0,0,0,0,0,0,0,0,0,0,0,0,0,0,4,0,40.0664,-74.9822, , 
 ,62013,2012095504,6,67,67301,2012,8,1,1035,10,1,1,0,7,6, , ,N,0,0,0,3,0,1,1,3,N, ,39 56:19.633,75 09:05.058,1055, ,1043,3,2,1, , ,0,Y, , , , ,708899, , , ,1,1,0,0,0,0,0,0,0,0,0,1,1,0,0,0,0,0,0,0,0,0,0,0,0,0,0,0,0,0,0,0,0,0,0,4,0,39.9388,-75.1514, , 
 ,62014,2012096035,6,67,67301,2012,8,5,1336,13,1,1,0,4,9, , ,N,0,0,0,3,0,0,1,2,N,N,40 03:23.154,75 01:29.208,1341, ,1339, ,0, , , ,0, , , , , ,708900, , , ,1,1,0,0,0,0,0,0,0,0,0,0,0,0,0,0,0,0,0,0,0,0,0,0,0,0,0,0,0,0,0,0,0,0,0,0,0,40.0564,-75.0248, , 
 ,62015,2012099365,6,67,67301,2012,8,1,1050,10,1,1,0,7,5, , ,N,0,0,0,3,0,2,2,1,N,N,40 04:17.006,75 02:15.526,1059, ,1056,1,2,1,N, ,0,Y, , , , ,708903, , , ,1,1,0,0,0,0,0,0,0,0,0,2,2,0,0,0,0,0,0,0,0,0,1,0,0,0,0,0,0,0,0,0,0,0,0,4,0,40.0714,-75.0376, , 
 ,62016,2012105726,6,67,67301,2012,10,7,246,2,3,1,0,7,4, , ,N,0,0,0,3,0,2,2,1,N,N,39 57:42.607,75 10:55.720,246, ,246,1,1,4,N, ,0,N, , , , ,708914, , , ,1,1,0,0,0,0,0,0,0,0,0,2,2,0,0,0,0,0,0,0,0,0,0,1,0,0,0,0,0,0,0,0,0,0,0,4,0,39.9618,-75.1821, , 
 ,62017,2012095576,6,67,67301,2012,8,2,9999,99,3,1,0,7,5, , ,N,2,3,0,3,0,1,1,1,N, ,40 01:06.484,75 08:14.319,40, ,37, ,0, , , ,3, , , , , ,708935, , , ,1,1,0,0,0,0,0,0,0,0,0,1,1,0,0,0,0,0,0,0,0,0,0,1,0,0,0,0,0,0,0,0,0,0,0,4,0,40.0185,-75.1373, , 
 ,62018,2012098199,6,67,67301,2012,9,6,9999,99,1,1,0,1,1, , ,N,0,0,0,3,0,1,2,2,N, ,40 02:31.823,75 04:56.708,9999, ,1040, ,0, , , ,0, , , , , ,708939, , , ,2,1,0,0,0,0,1,0,0,0,0,1,1,0,0,0,0,0,0,0,0,1,0,0,0,0,0,0,0,0,0,0,0,0,0,4,0,40.0422,-75.0824, , 
 ,62019,2012104147,6,67,67301,2012,9,3,1422,14,1,1,0,4,1, , ,N,1,3,0,3,0,1,2,2,N,N,40 02:32.215,75 05:58.415,1428, ,1425, ,0, ,N, ,3, , , , , ,708945, , , ,2,2,0,0,0,0,0,0,0,0,0,0,1,1,0,0,0,0,0,0,0,0,0,0,0,0,0,0,0,0,0,0,0,0,0,8,0,40.0423,-75.0996, , 
 ,62020,2012104459,6,67,67301,2012,10,4,1430,14,1,1,0,1,1, , ,N,0,0,0,3,0,1,2,2,N,N,39 58:02.458,75 11:19.181,1437, ,1432, ,0, ,N, ,0, , , , , ,708946, , , ,2,1,0,0,1,0,0,0,0,0,0,1,1,0,0,0,0,0,0,0,1,0,0,0,0,0,0,0,0,0,0,0,0,0,0,4,0,39.9673,-75.1887, , 
 ,62021,2012066652,6,67,67301,2012,5,5,1244,12,1,1,0,4,1, , ,N,1,2,0,3,0,0,3,3,N, ,40 02:49.411,75 05:27.941,1300, ,1254,1,1,2, , ,3,Y, , , , ,708980, , , ,3,2,0,0,1,0,0,0,0,0,0,0,0,0,0,0,0,0,0,0,1,0,0,0,0,0,0,0,0,0,0,0,0,0,0,0,0,40.0471,-75.0911, , 
 ,62022,2012101040,6,67,67301,2012,8,5,2315,23,3,1,0,5,1, , ,N,0,0,0,3,0,0,1,3,N,N,39 59:44.562,75 10:05.847,2330, ,2333, ,0, , , ,0, , , , , ,711818, , , ,3,2,0,0,1,0,0,0,0,0,0,0,0,0,1,0,0,0,0,0,0,0,0,0,0,0,0,0,0,0,0,0,0,0,0,9,0,39.9957,-75.1683, , 
 ,62023,2012056676,6,67,67301,2012,5,7,1907,19,1,1,0,4,1, , ,N,1,3,0,3,0,0,2,2,N,N,39 55:56.690,75 11:35.149,1910, ,1907, ,0, , , ,3, , , , , ,711861, , , ,2,2,0,0,0,0,0,0,0,0,0,0,0,0,0,0,0,0,0,0,1,0,0,0,0,0,0,0,0,0,0,0,0,0,0,0,0,39.9324,-75.1931, , 
 ,62024,2012066669,6,67,67301,2012,6,7,105,1,6,3,1,7,5, , ,N,0,0,0,3,0,2,2,1,N,N,40 01:25.829,75 04:33.526,109, ,108,1,1,1,N, ,0,N, , , , ,711872, , , ,1,1,0,0,0,0,0,0,0,0,0,2,2,0,0,0,0,0,0,0,0,0,0,0,0,0,0,0,0,0,0,0,0,0,0,4,0,40.0238,-75.076, , 
 ,62025,2012074376,6,67,67301,2012,6,5,23,0,3,1,0,7,5, , ,N,0,0,0,3,0,1,1,1,N,N,40 01:27.173,75 09:40.166,25, ,23, ,0, ,N, ,0, , , , , ,711878, , , ,1,0,0,0,0,0,1,0,0,0,0,0,1,1,0,0,0,0,0,0,0,0,0,1,0,0,0,0,0,0,0,0,0,0,0,8,0,40.0242,-75.1612, , 
 ,62026,2012099379,6,67,67301,2012,9,2,1413,14,1,1,0,8,1, , ,N,1,2,0,3,0,1,2,2,N,Y,39 57:25.957,75 13:38.997,1550, ,1540, ,0, , , ,3, , , , , ,711888, , , ,1,1,0,0,0,0,0,0,0,0,1,0,1,0,0,0,0,0,0,0,0,0,0,1,0,0,0,0,0,0,0,0,1,0,0,3,0,39.9572,-75.2275, , 
 ,62027,2012066466,6,67,67301,2012,6,4,1750,17,1,1,0,4,1, , ,N,2,0,7,3,0,1,2,2,N,N,39 54:58.874,75 08:49.541,1801, ,1756, ,0, , , ,0, , , , , ,711911, , , ,2,1,0,0,0,0,1,0,0,0,0,0,1,1,0,0,0,0,0,0,0,0,0,0,0,0,0,0,0,0,0,0,0,0,0,8,0,39.9164,-75.1471, , 
 ,62028,2012078259,6,67,67301,2012,7,2,9999,99,1,1,0,4,1, , ,N,1,0,0,3,0,0,2,2,N, ,40 00:54.795,75 02:56.637,1652, ,1650, ,0, , , ,0, , , , , ,711919, , , ,1,1,0,0,0,0,0,0,0,0,0,0,1,1,0,0,0,0,0,0,0,0,0,0,0,0,0,0,0,0,0,0,0,0,0,8,0,40.0152,-75.0491, , 
 ,62029,2012098403,6,67,67301,2012,9,2,954,9,1,1,0,1,1, , ,N,2,2,0,3,0,0,3,3,N, ,39 58:01.657,75 09:49.449,1020, ,1017, ,0, , , ,3, , , , , ,711934, , , ,3,2,0,0,0,0,1,0,0,0,0,0,0,0,0,0,0,0,0,0,0,0,0,0,0,0,0,0,0,0,0,0,0,0,0,0,0,39.9671,-75.1637, , 
 ,62030,2012104614,6,67,67301,2012,9,6,9999,99,3,1,0,1,1, , ,N,0,0,0,3,0,1,4,2,N,N,39 57:37.285,75 11:22.704,2302, ,9999, ,0, ,N, ,0, , , , , ,711944, , , ,2,1,0,0,0,0,0,1,0,0,0,1,1,0,1,0,0,0,0,0,0,0,0,1,0,0,0,0,0,0,0,0,0,0,0,4,0,39.9604,-75.1896, , 
 ,62031,2012076055,6,67,67301,2012,6,6,538,5,1,1,0,4,1, , ,N,0,0,0,3,0,1,1,2,N,N,40 01:41.602,75 08:24.180,549, ,545,3,1,3,N, ,0,Y, , , , ,711952, , , ,2,2,0,0,0,0,0,0,0,0,0,1,1,0,0,0,0,0,0,0,0,0,0,0,0,0,0,0,0,0,0,0,0,0,0,4,0,40.0282,-75.1401, , 
 ,62032,2012078201,6,67,67301,2012,7,3,1425,14,1,1,0,8,1, , ,N,2,2,0,3,0,1,2,2,N,N,39 56:51.120,75 11:28.750,1436, ,1433, ,0, ,N, ,3, , , , , ,711955, , , ,1,1,0,0,0,0,0,0,0,0,0,0,1,1,0,0,0,0,0,0,0,0,0,0,0,0,0,0,0,0,0,0,1,0,0,8,0,39.9475,-75.1913, , 
 ,62033,2012083170,6,67,67301,2012,7,3,2148,21,3,1,0,8,1, , ,N,0,0,0,3,0,1,2,2,N,Y,39 57:53.703,75 12:59.299,2150, ,2148, ,0, ,N, ,0, , , , , ,711957, , , ,1,0,0,0,0,0,1,0,0,0,0,0,1,1,0,0,0,0,0,0,0,0,0,0,0,0,0,0,0,0,0,0,1,0,0,8,0,39.9649,-75.2165, , 
 ,62034,2012083325,6,67,67301,2012,7,7,1048,10,1,1,0,4,1, , ,N,1,2,0,3,0,0,5,3,N,N,39 59:58.554,75 07:30.237,1052, ,1049,3,2,5,N, ,3,Y, , , , ,711958, , , ,3,0,0,0,1,0,0,2,0,0,0,0,0,0,0,0,0,0,0,0,0,0,0,0,0,0,0,0,0,0,0,0,0,0,0,0,0,39.9996,-75.1251, , 
 ,62035,2012078572,6,67,67301,2012,6,4,1834,18,1,1,0,8,1, , ,N,0,2,0,3,0,1,2,2,N,N,40 02:19.976,75 08:37.999,1846, ,1844,2,1,3,N, ,3,Y, , , , ,711960, , , ,1,0,0,0,0,0,1,0,0,0,0,1,1,0,0,0,0,0,0,0,0,0,0,0,0,0,0,0,0,0,0,0,1,0,0,4,0,40.0389,-75.1439, , 
 ,62036,2012083798,6,67,67301,2012,8,5,1135,11,1,1,0,1,6, , ,N,0,0,0,3,0,1,1,2,N, ,40 02:01.850,75 13:15.144,1144, ,1142, ,0, , , ,0, , , , , ,711965, , , ,2,2,0,0,0,0,0,0,0,0,0,0,1,1,0,0,0,0,0,0,0,0,0,1,0,0,0,0,0,0,0,0,0,0,0,8,0,40.0338,-75.2209, , 
 ,62037,2012088578,6,67,67301,2012,8,4,9999,99,1,1,0,1,1, , ,N,0,0,0,3,0,2,5,4,N,N,40 02:02.968,75 12:29.977,929, ,927,2,2,5,N, ,0,Y, , , , ,711970, , , ,4,2,0,0,0,0,2,0,0,0,0,0,2,2,0,0,0,0,0,0,0,0,0,0,0,0,0,0,0,0,0,0,0,0,0,8,0,40.0342,-75.2084, , 
 ,62038,2012104148,6,67,67301,2012,9,4,1635,16,1,1,0,4,1, , ,N,1,2,0,3,0,1,3,3,N,N,40 00:51.572,75 04:15.064,1639, ,1635, ,0, ,N, ,3, , , , , ,711983, , , ,3,2,0,0,0,1,0,0,0,0,0,1,1,0,0,0,0,0,0,0,0,0,0,0,0,0,0,0,0,0,0,0,0,0,0,4,0,40.0143,-75.0709, , 
 ,62039,2012060760,6,67,67301,2012,5,7,1245,12,1,1,0,4,1, , ,N,0,0,0,3,0,1,3,2,N,N,39 59:24.478,75 08:11.346,1410, ,1400, ,0, ,N, ,0, , , , , ,712001, , , ,2,1,0,1,0,0,0,0,0,0,0,1,1,0,0,0,0,0,0,0,1,0,0,0,0,0,0,0,0,0,0,0,0,0,0,4,1,39.9901,-75.1365, , 
 ,62040,2012078177,6,67,67301,2012,7,7,1129,11,1,2,1,8,1, , ,N,1,2,0,3,0,1,2,2,N,N,39 57:26.251,75 14:52.347,1140, ,1132, ,0, ,N, ,3, , , , , ,717765, , , ,1,0,0,0,1,0,0,0,0,0,1,0,1,0,1,0,0,0,0,0,0,1,0,0,0,0,0,0,0,0,0,0,1,0,0,3,0,39.9573,-75.2479, , 
 ,62041,2012088537,6,67,67301,2012,7,2,2131,21,3,1,0,4,1, , ,N,1,2,0,3,0,2,2,2,N,N,40 01:52.420,75 08:44.761,2131, ,2131, ,0, ,N, ,3, , , , , ,717770, , , ,2,1,0,0,0,0,1,0,0,0,0,2,2,0,0,0,0,0,0,0,0,0,0,0,0,0,0,0,0,0,0,0,0,0,0,4,0,40.0312,-75.1458, , 
 ,62042,2012088549,6,67,67301,2012,8,5,1824,18,1,1,0,4,1, , ,N,1,3,0,3,0,0,2,2,N,N,40 02:31.358,75 04:18.519,1904, ,1904, ,0, ,N, ,3, , , , , ,717771, , , ,2,2,0,0,0,0,0,0,0,0,0,0,0,0,0,0,0,0,0,0,1,0,0,0,0,0,0,0,0,0,0,0,0,0,0,0,0,40.042,-75.0718, , 
 ,62043,2012098268,6,67,67301,2012,8,6,914,9,1,1,0,2,1, , ,N,0,0,0,3,0,1,1,1,N, ,39 57:14.436,75 10:17.792,35, ,914,3,2,4, , ,0,Y, , , , ,717779, , , ,1,1,0,0,0,0,0,0,0,0,0,0,1,1,0,0,0,0,0,0,0,1,0,0,0,0,0,0,0,0,0,0,0,0,0,8,0,39.954,-75.1716, , 
 ,62044,2012066728,6,67,67301,2012,5,1,120,1,3,1,0,7,5, , ,N,0,0,0,3,0,7,7,2,N,N,39 59:12.390,75 12:17.820,145, ,136, ,0, ,N, ,0, , , , , ,717794, , , ,1,0,0,0,0,0,0,1,0,0,7,0,7,0,0,0,0,0,0,0,0,0,0,5,0,0,0,0,0,0,0,0,0,0,0,3,0,39.9868,-75.205, , 
 ,62045,2012076739,6,67,67301,2012,5,2,1010,10,1,1,0,4,1, , ,N,0,0,0,3,0,0,2,2,N,N,39 56:54.880,75 12:44.528,1317, ,1315, ,0, ,N, ,0, , , , , ,717799, , , ,2,2,0,0,0,0,0,0,0,0,0,0,0,0,2,0,1,0,0,0,1,0,0,0,0,0,0,0,0,0,0,0,0,0,0,9,0,39.9486,-75.2124, , 
 ,62046,2012083813,6,67,67301,2012,8,4,843,8,1,1,0,4,1, , ,N,2,3,0,3,0,1,2,2,N,N,40 01:58.998,75 13:20.679,847, ,845,2,2,7,N, ,3,Y, , , , ,717805, , , ,2,0,0,0,0,0,1,1,0,0,0,1,1,0,0,0,0,0,0,0,0,0,0,0,0,0,0,0,0,0,0,0,0,0,0,4,0,40.0331,-75.2224, , 
 ,62047,2012096040,6,67,67301,2012,8,7,2050,20,3,1,0,8,1, , ,N,0,0,0,3,0,1,1,2,N,N,39 59:10.255,75 09:57.895,2057, ,2055, ,0, ,N, ,0, , , , , ,717817, , , ,1,1,0,0,0,0,0,0,0,0,1,0,1,0,0,0,0,0,0,0,0,0,0,0,0,0,0,0,0,0,0,0,1,0,0,3,0,39.9862,-75.1661, , 
 ,62048,2012104068,6,67,67301,2012,9,3,1500,15,1,1,1,1,6, , ,N,0,0,0,3,0,2,1,2,N,N,40 02:09.311,75 10:29.419,9999, ,2225, ,0, ,N, ,0, , , , , ,717824, , , ,2,2,0,0,0,0,0,0,0,0,0,1,1,0,0,0,0,0,0,0,0,0,0,0,0,0,0,0,0,0,0,0,0,0,0,4,0,40.0359,-75.1748, , 
 ,62049,2012057001,6,67,67301,2012,6,6,1014,10,1,1,0,1,1, , ,N,0,0,0,3,0,0,3,3,N,N,40 00:28.616,75 12:08.511,1023, ,1016, ,0, ,N, ,0, , , , , ,717834, , , ,3,1,0,0,1,0,1,0,0,0,0,0,0,0,0,0,0,0,0,0,0,2,0,0,0,0,0,0,0,0,0,0,0,0,0,0,0,40.0079,-75.2024, , 
 ,62050,2012060757,6,67,67301,2012,5,3,2346,23,3,2,1,4,2, , ,N,0,0,0,3,0,1,2,4,N,N,40 04:14.511,75 14:28.195,2355, ,2348,2,1,5,N, ,0,N, , , , ,717837, , , ,4,1,0,0,0,0,3,0,0,0,1,0,1,0,0,0,0,0,0,0,1,0,0,0,0,0,0,0,0,0,0,0,0,0,0,3,0,40.0706,-75.2411, , 
 ,62051,2012066712,6,67,67301,2012,5,3,1559,15,1,1,0,1,1, , ,N,0,0,0,3,0,1,4,4,N,N,40 03:34.212,75 08:17.325,1623, ,1619,2,2,1,N, ,0,Y, , , , ,717840, , , ,4,3,0,0,0,0,1,0,0,0,0,0,1,1,3,0,0,0,0,0,0,1,0,0,0,0,0,0,0,0,0,0,0,0,0,8,0,40.0595,-75.1381, , 
 ,62052,2012084158,6,67,67301,2012,7,7,2250,22,3,1,0,8,1, , ,N,0,0,0,3,0,1,2,2,N,N,40 01:43.218,75 09:46.059,1115, ,1111, ,0, ,N, ,0, , , , , ,717843, , , ,1,1,0,0,0,0,0,0,0,0,0,1,1,0,0,0,0,0,0,0,0,0,0,0,0,0,0,0,0,0,0,0,1,0,0,4,0,40.0287,-75.1628, , 
 ,62053,2012095481,6,67,67301,2012,8,4,1851,18,1,1,0,1,1, , ,N,0,0,0,3,0,2,1,2,N,N,40 05:39.960,74 58:06.195,1855, ,1852,1,1,1,N, ,0,Y, , , , ,717848, , , ,1,1,0,0,0,0,0,0,0,0,0,1,1,0,0,0,0,0,0,0,0,1,0,0,0,0,0,0,0,0,0,0,0,0,0,4,0,40.0944,-74.9684, , 