wz_ln_closure,objectid_1,crn,district,county,municipality,crash_year,crash_month,day_of_week,time_of_day,hour_of_day,illumination,weather,road_condition,collision_type,relation_to_road,work_zone_type,work_zone_loc,work_zone_ind,intersect_type,tcd_type,location_type,urban_rural,fatal_count,injury_count,person_count,total_units,sch_bus_ind,sch_zone_ind,latitude,longitude,arrival_tm,cons_zone_spd_lim,dispatch_tm,est_hrs_closed,lane_closed,ln_close_dir,ntfy_hiwy_maint,spec_juris_cd,tcd_func_cd,tfc_detour_ind,workers_pres,wz_close_detour,wz_flagger,wz_law_offcr_ind,objectid,wz_moving,wz_other,wz_shlder_mdn,vehicle_count,automobile_count,motorcycle_count,bus_count,small_truck_count,heavy_truck_count,suv_count,van_count,bicycle_count,maj_inj_count,mod_inj_count,min_inj_count,tot_inj_count,unk_inj_deg_count,unk_inj_per_count,driver_count_16yr,driver_count_17yr,driver_count_18yr,driver_count_19yr,driver_count_20yr,driver_count_50_64yr,driver_count_65_74yr,driver_count_75plus,unbelted_occ_count,unb_death_count,unb_maj_inj_count,belted_death_count,belted_maj_inj_count,mcycle_death_count,mcycle_maj_inj_count,bicycle_death_count,bicycle_maj_inj_count,ped_count,ped_death_count,ped_maj_inj_count,max_severity_level,comm_veh_count,dec_lat,dec_long,rdwy_surf_type_cd,county_name
 ,62120,2012109782,6,67,67301,2012,9,1,1640,16,1,1,0,1,1, , ,N,0,0,0,3,0,1,5,3,N,N,40 02:28.908,75 01:41.719,1655, ,1648,3,1,2, , ,0,N, , , , ,717975, , , ,3,1,0,0,1,0,1,0,0,0,0,1,1,0,0,0,0,0,0,0,0,0,0,0,0,0,0,0,0,0,0,0,0,0,0,4,0,40.0414,-75.0283, , 
 ,62121,2012056746,6,67,67301,2012,5,4,831,8,1,2,1,4,1, , ,N,0,0,6,3,0,1,4,3,N,N,40 01:21.088,75 08:17.237,838, ,835,2,2,2,N, ,0,N, , , , ,717979, , , ,3,0,0,0,1,0,2,0,0,0,1,0,1,0,1,0,0,0,0,0,1,0,0,0,0,0,0,0,0,0,0,0,0,0,0,3,0,40.0225,-75.1381, , 
 ,62122,2012060634,6,67,67301,2012,5,3,1930,19,1,2,1,1,1, , ,N,1,2,0,3,0,1,2,2,N, ,39 57:42.363,75 09:22.080,2104, ,2049, ,0, , , ,3, , , , , ,717984, , , ,2,1,0,0,0,0,1,0,0,0,0,0,1,1,1,0,0,0,0,0,0,0,0,0,0,0,0,0,0,0,0,0,0,0,0,8,0,39.9617,-75.1561, , 
 ,62123,2012066488,6,67,67301,2012,6,7,1125,11,1,1,0,4,1, , ,N,2,3,0,3,0,0,4,2,N,N,40 07:11.834,74 59:43.018,1135, ,1130, ,0, ,N, ,3, , , , , ,717994, , , ,2,0,0,0,1,0,0,1,0,0,0,0,0,0,1,0,0,0,0,0,0,0,0,0,0,0,0,0,0,0,0,0,0,0,0,9,0,40.12,-74.9953, , 
 ,62124,2012098947,6,67,67301,2012,9,3,535,5,5,1,0,2,1, , ,N,1,2,0,3,0,2,3,2,N,N,40 00:51.570,75 10:41.163,541, ,538, ,0, ,N, ,3, , , , , ,718021, , , ,2,2,0,0,0,0,0,0,0,0,0,1,2,1,0,0,0,0,1,0,1,0,0,0,0,0,0,0,0,0,0,0,0,0,0,4,0,40.0143,-75.1781, , 
 ,62125,2012100290,6,67,67301,2012,10,1,2030,20,3,2,1,7,2, , ,N,0,0,0,3,0,0,1,1,N,N,39 56:38.199,75 11:31.877,2048, ,2040, ,0, ,N, ,0, , , , , ,718022, , , ,1,1,0,0,0,0,0,0,0,0,0,0,0,0,0,0,0,0,0,0,0,0,0,0,0,0,0,0,0,0,0,0,0,0,0,0,0,39.9425,-75.1936, , 
 ,62126,2012085798,6,67,67301,2012,7,5,1140,11,1,1,0,4,1, , ,N,1,2,0,3,0,0,2,2,N,N,40 03:02.656,75 08:55.144,1145, ,1143, ,0, ,N, ,3, , , , , ,718032, , , ,2,0,0,0,0,0,1,1,0,0,0,0,0,0,0,0,0,0,0,0,0,0,0,0,0,0,0,0,0,0,0,0,0,0,0,0,0,40.0507,-75.1487, , 
 ,62127,2012088077,6,67,67301,2012,8,6,2200,22,3,2,1,8,1, , ,N,0,0,0,3,0,1,1,2,N,N,40 02:18.748,75 08:41.456,2206, ,2206, ,0, ,N, ,0, , , , , ,718033, , , ,1,1,0,0,0,0,0,0,0,0,0,0,1,1,0,0,0,0,0,0,0,0,0,0,0,0,0,0,0,0,0,0,1,0,0,8,0,40.0385,-75.1448, , 
 ,62128,2012078288,6,67,67301,2012,7,1,1518,15,1,1,0,4,1, , ,N,1,3,0,3,0,2,3,2,N,N,40 00:27.973,75 08:22.555,1714, ,1518, ,0, ,N, ,3, , , , , ,718042, , , ,2,1,1,0,0,0,0,0,0,0,0,1,2,1,1,0,0,0,0,0,0,0,0,0,0,0,0,0,0,0,0,0,0,0,0,4,0,40.0078,-75.1396, , 
 ,62129,2012088998,6,67,67301,2012,8,6,1346,13,1,1,0,5,1, , ,N,1,0,0,3,0,1,2,2,N,N,40 01:57.810,75 06:23.231,1356, ,1356, ,0, ,N, ,0, , , , , ,718052, , , ,2,2,0,0,0,0,0,0,0,0,0,1,1,0,0,0,0,0,0,0,0,1,0,0,0,0,0,0,0,0,0,0,0,0,0,4,0,40.0327,-75.1065, , 
U,62130,2012078599,6,67,67301,2012,6,5,1326,13,1,1,0,1,1,8,8,Y,0,0,3,3,0,1,9,3,N,N,39 53:51.633,75 12:42.272,1330,99,1330, ,0, ,N, ,0, ,U,U,U,U,718080,U,U,U,3,1,0,0,0,0,2,0,0,0,0,1,1,0,0,0,0,0,0,0,2,0,0,0,0,0,0,0,0,0,0,0,0,0,0,4,0,39.8977,-75.2117, , 
 ,62131,2012068846,6,67,67301,2012,6,3,1310,13,1,2,1,1,1, , ,N,0,2,0,3,0,2,3,2,N, ,40 03:35.558,75 03:07.293,1313, ,1311, ,0, , , ,3, , , , , ,715333, , , ,2,0,0,0,0,0,2,0,0,0,0,1,2,1,0,0,0,0,0,0,0,0,0,0,0,0,0,0,0,0,0,0,0,0,0,4,0,40.0598,-75.052, , 
 ,62132,2012066855,6,67,67301,2012,6,6,2151,21,3,2,1,1,1, , ,N,0,0,0,3,0,1,4,3,N,N,40 00:54.719,75 03:14.718,2151, ,2151,1,1,2,N, ,0,N, , , , ,715339, , , ,3,3,0,0,0,0,0,0,0,0,0,0,1,1,0,0,0,0,0,1,2,0,0,0,0,0,0,0,0,0,0,0,0,0,0,8,0,40.0152,-75.0541, , 
 ,62133,2012093628,6,67,67301,2012,9,5,1538,15,1,1,0,1,1, , ,N,0,0,0,3,0,0,6,4,N,Y,39 59:30.160,75 12:08.997,1541, ,1539,1,1,4,N, ,0,N, , , , ,715361, , , ,4,4,0,0,0,0,0,0,0,0,0,0,0,0,0,0,0,1,0,1,0,0,0,0,0,0,0,0,0,0,0,0,0,0,0,0,0,39.9917,-75.2025, , 
 ,62134,2012100592,6,67,67301,2012,9,2,1602,16,1,1,0,4,1, , ,N,2,0,0,3,0,1,1,2,N, ,39 55:42.917,75 08:40.122,1620, ,1619, ,0, ,N, ,0, , , , , ,715367, , , ,1,0,0,0,0,0,0,0,1,0,0,1,1,0,0,0,0,0,0,0,0,0,0,0,0,0,0,0,0,0,0,0,1,0,0,4,0,39.9286,-75.1445, , 
 ,62135,2012102833,6,67,67301,2012,10,3,1755,17,3,2,1,1,1, , ,N,0,0,0,3,0,0,4,4,N,N,39 56:36.020,75 08:33.950,1802, ,1758,1,1,1,N, ,0,N, , , , ,715368, , , ,4,2,0,0,1,0,1,0,0,0,0,0,0,0,0,0,0,0,0,0,0,1,0,0,0,0,0,0,0,0,0,0,0,0,0,0,0,39.9432,-75.1428, , 
 ,62136,2012060715,6,67,67301,2012,5,4,1409,14,1,1,0,4,2, , ,N,0,0,0,3,0,1,2,3,N,N,39 57:28.162,75 12:49.925,1439, ,1436, ,0, ,N, ,0, , , , , ,715380, , , ,2,2,0,0,0,0,0,0,0,0,0,1,1,0,1,0,0,0,0,0,0,0,0,0,0,0,0,0,0,0,0,0,1,0,0,4,0,39.9578,-75.2139, , 
 ,62137,2012063994,6,67,67301,2012,3,7,855,8,1,1,0,4,6, , ,N,0,0,7,3,0,0,1,2,N,N,39 57:15.433,75 13:56.974,905, ,900, ,0, ,N, ,0, , , , , ,715381, , , ,2,1,0,0,0,0,1,0,0,0,0,0,0,0,0,0,0,0,0,0,0,0,0,0,0,0,0,0,0,0,0,0,0,0,0,0,0,39.9543,-75.2325, , 
 ,62138,2012066691,6,67,67301,2012,5,1,2130,21,3,1,0,4,1, , ,N,0,0,0,3,0,0,1,3,N, ,39 57:49.760,75 08:21.270,2135, ,2133,2,2,1, , ,0,Y, , , , ,715391, , , ,3,3,0,0,0,0,0,0,0,0,0,0,0,0,0,0,0,0,0,0,0,0,0,0,0,0,0,0,0,0,0,0,0,0,0,0,0,39.9638,-75.1392, , 
 ,62139,2012080836,6,67,67301,2012,7,2,1520,15,1,1,0,1,1, , ,N,2,2,0,3,0,1,2,2,N,N,40 06:02.021,75 02:32.964,1535, ,1530, ,0, ,N, ,3, , , , , ,715401, , , ,2,0,0,0,0,0,1,1,0,0,0,0,1,1,0,0,0,0,0,0,1,0,0,0,0,0,0,0,0,0,0,0,0,0,0,8,0,40.1006,-75.0425, , 
 ,62140,2012065408,6,67,67301,2012,5,5,1250,12,1,1,0,4,1, , ,N,2,2,0,3,0,1,4,4,N,N,40 02:13.022,75 08:42.708,1307, ,1300,2,1,2,N, ,3,N, , , , ,715429, , , ,4,3,0,0,1,0,0,0,0,0,0,1,1,0,0,0,0,0,0,0,1,0,0,0,0,0,0,0,0,0,0,0,0,0,0,4,0,40.0369,-75.1451, , 
 ,62141,2012078390,6,67,67301,2012,6,2,2325,23,3,1,0,7,2, , ,N,1,2,0,3,0,0,1,1,N,N,40 04:16.241,75 02:17.269,2330, ,2330,9,1,1,N, ,3,N, , , , ,715434, , , ,1,1,0,0,0,0,0,0,0,0,0,0,0,0,0,0,0,0,0,0,0,0,0,0,0,0,0,0,0,0,0,0,0,0,0,0,0,40.0712,-75.0381, , 
 ,62142,2012098471,6,67,67301,2012,9,1,2250,22,3,1,0,1,1, , ,N,3,2,0,3,0,3,5,2,N, ,40 05:51.951,75 00:43.901,2305, ,2250,1,1,1, , ,3,Y, , , , ,715450, , , ,2,1,0,0,0,0,0,1,0,0,0,0,3,3,0,0,0,0,0,0,1,0,0,0,0,0,0,0,0,0,0,0,0,0,0,8,0,40.0978,-75.0122, , 
 ,62143,2012104172,6,67,67301,2012,9,7,2230,22,3,2,1,1,1, , ,N,1,2,0,3,0,1,2,2,N, ,40 06:00.676,75 01:18.249,2315, ,2310,2,1,4, , ,3,N, , , , ,715456, , , ,2,2,0,0,0,0,0,0,0,0,0,1,1,0,0,0,0,0,0,0,0,0,0,0,0,0,0,0,0,0,0,0,0,0,0,4,0,40.1002,-75.0217, , 
 ,62144,2012076047,6,67,67301,2012,6,1,2240,22,3,1,0,4,1, , ,N,2,0,0,3,0,1,2,2,N,N,40 01:14.225,75 08:55.554,2303, ,2258, ,0, ,N, ,0, , , , , ,715480, , , ,2,1,1,0,0,0,0,0,0,0,0,1,1,0,0,0,0,0,0,0,1,0,0,0,0,0,0,0,0,0,0,0,0,0,0,4,0,40.0208,-75.1486, , 
 ,62145,2012078549,6,67,67301,2012,7,4,1210,12,1,1,0,8,1, , ,N,0,0,0,3,0,1,3,2,N,N,39 55:20.276,75 09:12.206,1214, ,1214, ,0, ,N, ,0, , , , , ,715493, , , ,1,1,0,0,0,0,0,0,0,0,0,1,1,0,0,0,0,0,0,0,0,0,0,0,0,0,0,0,0,0,0,0,1,0,0,4,0,39.9223,-75.1534, , 
 ,62146,2012080789,6,67,67301,2012,7,6,2220,22,3,1,0,5,1, , ,N,0,2,0,3,0,1,4,2,N,N,39 59:39.285,75 14:02.332,2349, ,2347,9,1,1,N, ,3,N, , , , ,715495, , , ,2,2,0,0,0,0,0,0,0,0,0,1,1,0,2,0,0,0,0,0,0,0,0,0,0,0,0,0,0,0,0,0,0,0,0,4,0,39.9942,-75.234, , 
 ,62147,2012083398,6,67,67301,2012,7,1,347,3,3,1,0,7,2, , ,N,7,4,2,3,0,0,1,1,N,N,40 06:04.577,74 59:20.507,410, ,347, ,0, ,N, ,3, , , , , ,715498, , , ,1,1,0,0,0,0,0,0,0,0,0,0,0,0,0,0,0,0,0,0,0,0,0,0,0,0,0,0,0,0,0,0,0,0,0,0,0,40.1013,-74.989, , 
 ,62148,2012083811,6,67,67301,2012,8,5,2230,22,3,1,0,1,1, , ,N,0,0,7,3,0,0,2,2,N,N,40 00:22.334,75 06:56.185,2248, ,2248,2,1,3,N, ,0,N, , , , ,715524, , , ,2,1,0,0,0,1,0,0,0,0,0,0,0,0,0,0,0,1,0,0,0,0,0,0,0,0,0,0,0,0,0,0,0,0,0,0,1,40.0062,-75.1156, , 
 ,62149,2012102847,6,67,67301,2012,10,1,1616,16,1,1,0,5,1, , ,N,0,0,0,3,0,3,5,2,N,N,39 56:25.985,75 11:52.009,1638, ,1616, ,0, ,N, ,0, , , , , ,709241, , , ,2,1,0,0,0,0,1,0,0,0,0,0,3,3,0,0,0,0,0,0,0,1,0,0,0,0,0,0,0,0,0,0,0,0,0,8,0,39.9406,-75.1978, , 
 ,62150,2012104210,6,67,67301,2012,9,7,0,0,3,1,0,2,9, , ,N,0,2,0,3,0,0,1,2,N, ,40 00:06.710,75 10:03.478,442, ,439, ,0, , , ,3, , , , , ,709243, , , ,2,2,0,0,0,0,0,0,0,0,0,0,0,0,0,0,0,0,0,0,0,0,0,0,0,0,0,0,0,0,0,0,0,0,0,0,0,40.0019,-75.1676, , 
 ,62151,2012109687,6,67,67301,2012,9,7,1141,11,1,1,0,4,1, , ,N,1,2,0,3,0,0,5,2,N,N,39 57:10.026,75 10:00.662,1142, ,1142, ,0, ,N, ,3, , , , , ,709249, , , ,2,2,0,0,0,0,0,0,0,0,0,0,0,0,2,0,0,0,0,0,0,0,0,0,0,0,0,0,0,0,0,0,0,0,0,9,0,39.9528,-75.1669, , 
 ,62152,2012067073,6,67,67301,2012,6,7,1550,15,1,1,0,4,1, , ,N,1,2,0,3,0,0,2,2,N,N,39 58:28.437,75 14:17.876,1612, ,1600,2,1,1,N, ,3,Y, , , , ,709253, , , ,2,2,0,0,0,0,0,0,0,0,0,0,0,0,0,0,0,0,0,0,0,0,0,0,0,0,0,0,0,0,0,0,0,0,0,0,0,39.9746,-75.2383, , 
 ,62153,2012068823,6,67,67301,2012,6,4,1710,17,1,1,0,4,1, , ,N,0,0,0,3,0,1,3,2,N, ,40 02:51.645,75 03:35.383,1715, ,1715,1,1,2, , ,0,N, , , , ,709256, , , ,2,2,0,0,0,0,0,0,0,0,0,1,1,0,0,0,0,0,0,0,1,0,0,0,0,0,0,0,0,0,0,0,0,0,0,4,0,40.0477,-75.0598, , 
 ,62154,2012073538,6,67,67301,2012,6,4,935,9,1,1,0,8,1, , ,N,1,2,0,3,0,1,2,2,N,N,40 03:20.701,75 05:22.429,936, ,936,1,2,5,N, ,3,Y, , , , ,709261, , , ,1,0,0,0,0,0,1,0,0,0,1,0,1,0,0,0,0,0,0,0,0,0,0,0,0,0,0,0,0,0,0,0,1,0,0,3,0,40.0558,-75.0896, , 
 ,62155,2012078303,6,67,67301,2012,6,7,129,1,3,2,1,4,1, , ,N,1,2,0,3,0,1,2,2,N, ,40 00:13.290,75 10:51.870,150, ,132, ,0, , , ,3, , , , , ,709273, , , ,2,1,0,0,0,0,0,0,0,0,0,1,1,0,0,0,0,0,0,0,0,0,0,0,0,0,0,0,0,0,0,0,0,0,0,4,0,40.0037,-75.1811, , 
 ,62156,2012085898,6,67,67301,2012,8,5,1328,13,1,1,0,4,1, , ,N,5,2,0,3,0,3,6,3,N,N,40 02:31.027,75 04:30.123,1331, ,1331, ,0, ,N, ,3, , , , , ,709279, , , ,3,2,0,0,0,0,0,1,0,0,0,3,3,0,0,0,0,0,0,0,0,0,0,1,0,0,0,0,0,0,0,0,0,0,0,4,0,40.0419,-75.075, , 
 ,62157,2012060698,6,67,67301,2012,5,7,45,0,3,1,0,1,1, , ,N,0,0,0,3,0,0,3,3,N,N,40 00:51.551,75 10:42.216,53, ,46, ,0, ,N, ,0, , , , , ,709356, , , ,3,2,0,0,0,0,0,0,0,0,0,0,0,0,0,0,0,0,0,0,0,0,0,1,0,0,0,0,0,0,0,0,0,0,0,0,0,40.0143,-75.1784, , 
 ,62158,2012060702,6,67,67301,2012,5,6,700,7,1,1,0,1,1, , ,N,2,2,6,3,0,0,2,2,N,N,40 01:47.421,75 06:15.635,720, ,705, ,0, ,N, ,3, , , , , ,709357, , , ,2,2,0,0,0,0,0,0,0,0,0,0,0,0,0,0,0,0,0,0,0,0,0,0,0,0,0,0,0,0,0,0,0,0,0,0,0,40.0298,-75.1043, , 
 ,62159,2012073566,6,67,67301,2012,6,7,1350,13,1,1,0,0,1, , ,N,0,0,0,3,0,1,1,1,N,N,39 57:20.202,75 12:30.054,1430, ,1357, ,0, ,N, ,0, , , , , ,709371, , , ,1,0,0,0,0,0,1,0,0,0,0,1,1,0,0,0,0,0,0,0,0,0,0,0,0,0,0,0,0,0,0,0,0,0,0,4,0,39.9556,-75.2083, , 
 ,62160,2012078329,6,67,67301,2012,7,6,2320,23,3,1,0,1,1, , ,N,0,0,0,3,0,1,1,3,N,N,39 59:13.969,75 14:56.075,2333, ,2330, ,0, ,N, ,0, , , , , ,709375, , , ,3,1,0,0,1,0,1,0,0,0,0,1,1,0,0,0,0,0,0,0,0,0,0,0,0,0,0,0,0,0,0,0,0,0,0,4,0,39.9872,-75.2489, , 
 ,62161,2012109768,6,67,67301,2012,9,6,1130,11,1,1,0,8,1, , ,N,0,0,0,3,0,0,2,2,N,N,39 57:55.652,75 10:39.664,1135, ,1132, ,0, ,N, ,0, , , , , ,709394, , , ,1,0,0,0,0,0,0,1,0,0,0,0,1,1,0,0,0,0,0,0,0,0,0,0,0,0,0,0,0,0,0,0,1,0,0,8,0,39.9655,-75.1777, , 
 ,62162,2012068767,6,67,67301,2012,6,1,2001,20,4,1,0,4,1, , ,N,0,0,0,3,0,1,2,2,N,N,40 02:00.530,75 01:45.640,2022, ,2020, ,0, ,N, ,0, , , , , ,709411, , , ,1,0,0,0,1,0,0,0,1,0,1,0,1,0,0,0,0,0,0,0,1,0,0,0,0,0,0,0,0,0,0,0,0,0,0,3,0,40.0335,-75.0293, , 
 ,62163,2012077026,6,67,67301,2012,7,5,916,9,1,1,0,1,1, , ,N,0,0,0,3,0,0,3,3,N,N,39 57:32.045,75 10:12.009,926, ,922,1,2,4,N, ,0,N, , , , ,709421, , , ,3,2,0,0,0,0,1,0,0,0,0,0,0,0,0,0,0,1,0,0,1,0,0,0,0,0,0,0,0,0,0,0,0,0,0,0,0,39.9589,-75.17, , 
 ,62164,2012078376,6,67,67301,2012,6,6,2226,22,3,1,0,4,1, , ,N,2,0,0,3,0,1,2,2,N,N,39 57:54.684,75 08:25.634,9999, ,2226,1,1,1,N, ,0,N, , , , ,709423, , , ,1,0,0,0,0,0,1,0,1,0,0,1,1,0,0,0,0,0,0,0,0,0,0,0,0,0,0,0,0,0,0,0,0,0,0,4,0,39.9652,-75.1405, , 
 ,62165,2012080771,6,67,67301,2012,7,1,1345,13,1,1,0,4,1, , ,N,0,0,7,3,0,1,2,2,N,N,40 02:21.243,75 03:23.970,1420, ,1418, ,0, ,N, ,0, , , , , ,709426, , , ,2,2,0,0,0,0,0,0,0,0,1,0,1,0,0,0,0,0,0,0,2,0,0,0,0,0,0,0,0,0,0,0,0,0,0,3,0,40.0392,-75.0567, , 
 ,62166,2012098454,6,67,67301,2012,9,3,1908,19,1,2,1,1,2, , ,N,0,0,0,3,0,1,1,3,N,N,40 01:10.588,75 03:19.749,2056, ,2054, ,0, ,N, ,0, , , , , ,709442, , , ,3,1,0,0,0,1,0,1,0,0,0,1,1,0,0,0,0,0,0,0,0,0,0,0,0,0,0,0,0,0,0,0,0,0,0,4,0,40.0196,-75.0555, , 
 ,62167,2012056543,6,67,67301,2012,5,7,1515,15,1,1,0,8,1, , ,N,0,0,0,3,0,1,2,2,N,N,39 56:51.471,75 10:38.773,1530, ,1520, ,0, ,N, ,0, , , , , ,709446, , , ,1,1,0,0,0,0,0,0,0,0,0,0,1,1,0,0,0,0,0,0,0,0,0,0,0,0,0,0,0,0,0,0,1,0,0,8,0,39.9476,-75.1774, , 
 ,62168,2012063928,6,67,67301,2012,5,2,1445,14,1,2,1,1,1, , ,N,1,2,0,3,0,1,3,3,N,N,40 02:05.031,75 04:16.290,1500, ,1451,1,1,1, , ,3,N, , , , ,712149, , , ,3,2,0,0,0,0,1,0,0,0,0,1,1,0,0,0,0,0,0,0,2,0,0,0,0,0,0,0,0,0,0,0,0,0,0,4,0,40.0348,-75.0711, , 
 ,62169,2012109671,6,67,67301,2012,10,3,1830,18,2,1,0,1,1, , ,N,1,2,0,3,0,3,4,2,N,N,40 01:34.840,75 05:50.934,9999, ,1831, ,0, ,N, ,3, , , , , ,712185, , , ,2,1,0,0,0,0,1,0,0,0,0,3,3,0,1,0,0,0,0,0,1,0,0,0,0,0,0,0,0,0,0,0,0,0,0,4,0,40.0263,-75.0975, , 
 ,62170,2012067185,6,67,67301,2012,7,2,1313,13,1,1,0,1,1, , ,N,6,4,2,3,0,0,3,2,N,N,39 56:43.369,75 11:25.410,1324, ,1316,1,2,4,N, ,3,N, , , , ,712192, , , ,2,0,0,0,0,0,0,2,0,0,0,0,0,0,0,0,0,0,0,0,0,0,0,0,0,0,0,0,0,0,0,0,0,0,0,0,0,39.9454,-75.1904, , 
 ,62171,2012066801,6,67,67301,2012,5,3,1627,16,1,2,1,8,4, , ,N,1,2,0,3,0,1,2,2,N,N,39 59:49.593,75 14:07.096,1632, ,1628, ,0, ,N, ,3, , , , , ,712203, , , ,1,1,0,0,0,0,0,0,0,0,0,1,1,0,0,0,0,0,0,0,0,0,0,0,0,0,0,0,0,0,0,0,1,0,0,4,0,39.997,-75.2353, , 
 ,62172,2012078226,6,67,67301,2012,7,4,1127,11,1,1,0,2,1, , ,N,5,2,0,3,0,3,3,2,N,N,40 00:21.613,75 05:30.664,1201, ,1153,9,1,4,N, ,3,N, , , , ,712216, , , ,2,2,0,0,0,0,0,0,0,0,3,0,3,0,0,0,0,0,0,0,0,0,0,1,0,0,0,0,0,0,0,0,0,0,0,3,0,40.006,-75.0919, , 
 ,62173,2012078391,6,67,67301,2012,7,7,1424,14,1,1,0,4,1, , ,N,1,2,0,3,0,2,3,2,N,N,39 58:52.940,75 11:19.178,1428, ,1426, ,0, ,N, ,3, , , , , ,712217, , , ,2,1,0,0,0,0,0,1,0,0,1,1,2,0,0,0,0,0,0,0,0,1,0,0,0,0,0,0,0,0,0,0,0,0,0,3,0,39.9814,-75.1887, , 
 ,62174,2012083352,6,67,67301,2012,8,6,1200,12,1,1,0,4,1, , ,N,1,2,0,3,0,3,5,2,N,N,40 03:25.671,75 02:04.150,1203, ,1201, ,0, , , ,3, , , , , ,712270, , , ,2,1,0,1,0,0,0,0,0,0,0,0,3,3,0,0,0,0,0,0,1,0,1,0,0,0,0,0,0,0,0,0,0,0,0,8,1,40.0571,-75.0345, , 
 ,62175,2012098550,6,67,67301,2012,8,4,2210,22,3,1,0,9,9, , ,N,2,0,0,3,0,4,5,2,N,N,39 58:06.322,75 13:36.191,9999, ,2330, ,0, ,N, ,0, , , , , ,712282, , , ,2,0,0,0,0,0,2,0,0,0,0,0,4,4,1,0,0,0,0,0,1,0,0,0,0,0,0,0,0,0,0,0,0,0,0,8,0,39.9684,-75.2267, , 
 ,62176,2012061936,6,67,67301,2012,3,3,1345,13,1,1,0,3,6, , ,N,0,0,0,3,0,1,2,2,N,N,40 03:00.812,75 05:41.955,0, ,0, ,0, ,N, ,0, , , , , ,712304, , , ,2,2,0,0,0,0,0,0,0,0,1,0,1,0,0,0,0,0,0,0,0,1,0,1,0,0,0,0,0,0,0,0,0,0,0,3,0,40.0502,-75.095, , 
 ,62177,2012060630,6,67,67301,2012,5,5,1701,17,1,1,0,4,1, , ,N,1,3,0,3,0,1,2,2,N, ,39 59:36.402,75 10:16.759,1724, ,1720,1,1,2, , ,3,Y, , , , ,712342, , , ,1,1,0,0,0,0,0,0,1,0,0,0,1,1,0,0,0,0,0,0,1,0,0,0,0,0,0,0,0,0,0,0,0,0,0,8,0,39.9934,-75.1713, , 
 ,62178,2012062732,6,67,67301,2012,6,6,1625,16,1,1,0,0,1, , ,N,0,8,3,3,0,0,7,2,N,N,39 54:31.902,75 09:02.552,1627, ,1627, ,0, ,N, ,3, , , , , ,712346, , , ,2,1,0,0,0,1,0,0,0,0,0,0,0,0,0,0,0,0,0,0,0,0,0,3,0,0,0,0,0,0,0,0,0,0,0,0,1,39.9089,-75.1507, , 
 ,62179,2012085772,6,67,67301,2012,8,4,1222,12,1,1,0,4,1, , ,N,1,2,0,3,0,2,3,2,N,N,39 58:18.703,75 14:41.713,1227, ,1224,1,1,1,N, ,3,Y, , , , ,712351, , , ,2,2,0,0,0,0,0,0,0,0,0,0,2,2,0,0,0,0,0,0,1,0,0,0,0,0,0,0,0,0,0,0,0,0,0,8,0,39.9719,-75.2448, , 
 ,62180,2012085786,6,67,67301,2012,7,2,458,4,3,1,0,8,5, , ,N,1,2,0,3,0,1,2,2,N,N,40 01:57.154,75 07:27.076,502, ,501, ,0, ,N, ,3, , , , , ,712352, , , ,1,1,0,0,0,0,0,0,0,0,0,1,1,0,1,0,0,0,0,0,0,0,0,0,0,0,0,0,0,0,0,0,1,0,0,4,0,40.0325,-75.1242, , 
 ,62181,2012085821,6,67,67301,2012,6,6,515,5,3,2,1,8,1, , ,N,0,0,0,3,0,1,3,2,N,N,40 00:13.278,75 10:08.870,518, ,516, ,0, ,N, ,0, , , , , ,712353, , , ,1,1,0,0,0,0,0,0,0,0,1,0,1,0,0,0,0,0,0,0,0,0,0,0,0,0,0,0,0,0,0,0,1,0,0,3,0,40.0037,-75.1691, , 
 ,62182,2012085814,6,67,67301,2012,8,4,2030,20,4,9,0,8,1, , ,N,1,2,0,3,0,1,1,1,N,N,39 59:13.650,75 09:45.421,1340, ,1330, ,0, ,N, ,3, , , , , ,712405, , , ,1,1,0,0,0,0,0,0,0,0,1,0,1,0,0,0,0,0,0,0,0,0,0,0,0,0,0,0,0,0,0,0,1,0,0,3,0,39.9871,-75.1626, , 
 ,62183,2012088090,6,67,67301,2012,8,2,833,8,1,1,0,4,1, , ,N,0,0,0,3,0,1,2,2,N,N,39 57:13.208,75 13:07.381,934, ,930, ,0, ,N, ,0, , , , , ,712406, , , ,2,1,0,0,0,0,1,0,0,0,0,1,1,0,1,0,0,0,0,0,1,0,0,0,0,0,0,0,0,0,0,0,0,0,0,4,0,39.9537,-75.2187, , 
 ,62184,2012111797,6,67,67301,2012,10,1,2130,21,3,1,1,4,1, , ,N,1,3,0,3,0,3,3,2,N,N,39 56:56.040,75 14:44.033,2340, ,2340, ,0, ,N, ,3, , , , , ,712427, , , ,2,1,0,0,0,0,1,0,0,0,0,3,3,0,0,0,0,0,0,0,0,0,0,0,0,0,0,0,0,0,0,0,0,0,0,4,0,39.9489,-75.2456, , 
 ,62185,2012112635,6,67,67301,2012,10,1,500,5,3,1,0,1,6, , ,N,0,0,0,3,0,0,1,2,N,N,40 02:28.908,75 01:41.719,520, ,514, ,0, ,N, ,0, , , , , ,712430, , , ,2,2,0,0,0,0,0,0,0,0,0,0,0,0,0,0,0,0,0,0,0,0,0,0,0,0,0,0,0,0,0,0,0,0,0,0,0,40.0414,-75.0283, , 
 ,62186,2012109673,6,67,67301,2012,9,6,2130,21,3,1,0,4,1, , ,N,1,2,0,3,0,2,3,2,N, ,39 55:02.334,75 10:28.574,2140, ,2130,2,2,1, , ,3,Y, , , , ,718102, , , ,2,2,0,0,0,0,0,0,0,0,2,0,2,0,0,0,0,1,0,0,0,0,0,3,0,0,0,0,0,0,0,0,0,0,0,3,0,39.9173,-75.1746, , 