wz_ln_closure,objectid_1,crn,district,county,municipality,crash_year,crash_month,day_of_week,time_of_day,hour_of_day,illumination,weather,road_condition,collision_type,relation_to_road,work_zone_type,work_zone_loc,work_zone_ind,intersect_type,tcd_type,location_type,urban_rural,fatal_count,injury_count,person_count,total_units,sch_bus_ind,sch_zone_ind,latitude,longitude,arrival_tm,cons_zone_spd_lim,dispatch_tm,est_hrs_closed,lane_closed,ln_close_dir,ntfy_hiwy_maint,spec_juris_cd,tcd_func_cd,tfc_detour_ind,workers_pres,wz_close_detour,wz_flagger,wz_law_offcr_ind,objectid,wz_moving,wz_other,wz_shlder_mdn,vehicle_count,automobile_count,motorcycle_count,bus_count,small_truck_count,heavy_truck_count,suv_count,van_count,bicycle_count,maj_inj_count,mod_inj_count,min_inj_count,tot_inj_count,unk_inj_deg_count,unk_inj_per_count,driver_count_16yr,driver_count_17yr,driver_count_18yr,driver_count_19yr,driver_count_20yr,driver_count_50_64yr,driver_count_65_74yr,driver_count_75plus,unbelted_occ_count,unb_death_count,unb_maj_inj_count,belted_death_count,belted_maj_inj_count,mcycle_death_count,mcycle_maj_inj_count,bicycle_death_count,bicycle_maj_inj_count,ped_count,ped_death_count,ped_maj_inj_count,max_severity_level,comm_veh_count,dec_lat,dec_long,rdwy_surf_type_cd,county_name
 ,62187,2012128270,6,67,67301,2012,11,6,223,2,6,9,8,1,1, , ,N,1,2,0,3,0,1,5,2,N, ,39 56:23.042,75 13:31.760,234, ,231, ,0, ,N, ,3, , , , , ,718115, , , ,2,2,0,0,0,0,0,0,0,0,0,0,1,1,0,0,0,0,0,0,0,0,0,0,0,0,0,0,0,0,0,0,0,0,0,8,0,39.9397,-75.2255, , 
 ,62188,2012059408,6,67,67301,2012,6,3,830,8,1,1,0,5,1, , ,N,0,0,0,3,0,0,2,2,N,N,39 59:14.899,75 12:27.738,849, ,833, ,0, ,N, ,0, , , , , ,718125, , , ,2,2,0,0,0,0,0,0,0,0,0,0,0,0,0,0,0,0,0,1,0,0,1,0,0,0,0,0,0,0,0,0,0,0,0,0,0,39.9875,-75.2077, , 
 ,62189,2012063936,6,67,67301,2012,5,7,1920,19,1,1,0,1,1, , ,N,2,3,0,3,0,1,4,2,N,N,39 58:30.858,75 15:42.801,2040, ,2024, ,0, ,N, ,2, , , , , ,718129, , , ,2,1,0,0,0,0,1,0,0,0,0,0,1,1,0,0,0,0,0,0,0,0,0,0,0,0,0,0,0,0,0,0,0,0,0,8,0,39.9752,-75.2619, , 
 ,62190,2012083524,6,67,67301,2012,8,3,529,5,1,1,0,5,1, , ,N,0,0,0,3,0,0,2,2,N,N,39 58:03.310,75 07:56.085,551, ,542, ,0, ,N, ,0, , , , , ,718132, , , ,2,1,0,0,0,0,1,0,0,0,0,0,0,0,0,0,0,0,0,0,2,0,0,0,0,0,0,0,0,0,0,0,0,0,0,0,0,39.9676,-75.1322, , 
 ,62191,2012091350,6,67,67301,2012,9,2,1830,18,1,1,0,1,1, , ,N,0,0,0,3,0,0,2,2,N,N,39 57:47.997,75 11:02.437,1847, ,1834, ,0, ,N, ,0, , , , , ,718140, , , ,2,2,0,0,0,0,0,0,0,0,0,0,0,0,0,0,0,0,0,0,1,0,0,0,0,0,0,0,0,0,0,0,0,0,0,0,0,39.9633,-75.184, , 
 ,62192,2012101157,6,67,67301,2012,10,1,1750,17,1,1,1,1,1, , ,N,0,0,0,3,0,1,4,2,N,N,39 57:33.425,75 10:23.134,1754, ,1750,1,1,4,N, ,0,N, , , , ,718150, , , ,2,2,0,0,0,0,0,0,0,0,0,1,1,0,0,0,0,0,0,0,0,0,0,0,0,0,0,0,0,0,0,0,0,0,0,4,0,39.9593,-75.1731, , 
 ,62193,2012109665,6,67,67301,2012,10,2,1000,10,1,1,0,4,1, , ,N,3,2,0,3,0,0,2,2,N, ,40 03:22.935,75 09:09.367,1007, ,1005, ,0, , , ,3, , , , , ,718161, , , ,2,1,0,0,0,0,1,0,0,0,0,0,0,0,0,0,0,0,0,0,1,0,0,0,0,0,0,0,0,0,0,0,0,0,0,0,0,40.0564,-75.1526, , 
 ,62194,2012053834,6,67,67301,2012,5,4,1752,17,1,1,0,1,1, , ,N,0,0,0,3,0,2,3,3,N,N,39 57:33.593,75 10:24.492,1814, ,1802,1,1,4,N, ,0,N, , , , ,718173, , , ,3,1,0,0,1,0,1,0,0,0,0,1,2,1,0,0,0,0,0,0,1,0,0,0,0,0,0,0,0,0,0,0,0,0,0,4,0,39.9593,-75.1735, , 
 ,62195,2012078989,6,67,67301,2012,7,5,1447,14,1,1,0,1,1, , ,N,5,2,2,3,0,1,2,2,N,N,39 53:32.915,75 13:21.046,1611, ,1447, ,0, ,N, ,3, , , , , ,718196, , , ,2,0,0,0,2,0,0,0,0,0,0,0,1,1,1,0,0,0,0,0,1,0,0,0,0,0,0,0,0,0,0,0,0,0,0,8,0,39.8925,-75.2225, , 
 ,62196,2012083291,6,67,67301,2012,7,4,1114,11,1,1,0,8,1, , ,N,1,2,0,3,0,1,2,2,Y,N,39 57:16.601,75 09:53.486,1126, ,1121, ,0, , , ,3, , , , , ,718203, , , ,1,0,0,0,0,0,0,1,0,0,0,1,1,0,0,0,0,0,0,0,0,0,0,0,0,0,0,0,0,0,0,0,1,0,0,4,0,39.9546,-75.1648, , 
 ,62197,2012083359,6,67,67301,2012,7,5,902,9,1,1,0,4,1, , ,N,2,3,0,3,0,1,2,2,N, ,40 00:14.647,75 10:49.277,957, ,953, ,0, , , ,3, , , , , ,718205, , , ,2,2,0,0,0,0,0,0,0,0,0,0,1,1,0,0,0,0,0,0,0,0,1,0,0,0,0,0,0,0,0,0,0,0,0,8,0,40.0041,-75.1804, , 
 ,62198,2012095082,6,67,67301,2012,9,2,1014,10,1,1,0,5,1, , ,N,0,0,0,3,0,1,3,2,N,N,39 58:01.071,75 11:16.357,1025, ,1020, ,0, ,N, ,0, , , , , ,718211, , , ,2,0,0,0,0,1,1,0,0,0,0,1,1,0,0,0,0,0,0,0,0,1,0,0,0,0,0,0,0,0,0,0,0,0,0,4,1,39.967,-75.1879, , 
 ,62199,2012078608,6,67,67301,2012,7,1,1819,18,1,1,0,2,1, , ,N,1,3,0,3,0,1,2,2,N,N,39 55:16.608,75 09:19.151,1825, ,1821, ,0, ,N, ,3, , , , , ,718235, , , ,1,1,0,0,0,0,0,0,1,0,0,1,1,0,0,0,0,0,0,0,0,0,0,1,0,0,0,0,0,0,0,0,0,0,0,4,0,39.9213,-75.1553, , 
 ,62200,2012080797,6,67,67301,2012,7,1,1400,14,1,1,0,4,1, , ,N,1,3,0,3,0,1,2,2,N, ,39 59:12.202,75 10:19.063,9999, ,9999, ,0, , , ,3, , , , , ,718238, , , ,1,1,0,0,0,0,0,0,0,0,1,0,1,0,0,0,0,0,0,0,0,0,0,0,0,0,0,0,0,0,0,0,0,0,0,3,0,39.9867,-75.172, , 
 ,62201,2012089805,6,67,67301,2012,8,1,1924,19,1,1,0,9,7, , ,N,3,0,0,3,0,1,1,1,N, ,40 00:09.496,75 11:04.305,1932, ,1924, ,0, ,N, ,0, , , , , ,718246, , , ,1,0,1,0,0,0,0,0,0,0,1,0,1,0,0,0,0,0,0,0,0,0,0,0,0,0,0,0,0,0,0,0,1,0,0,3,0,40.0026,-75.1845, , 
 ,62202,2012103963,6,67,67301,2012,9,5,404,4,5,2,1,4,1, , ,N,1,2,0,3,0,1,2,2,N,N,39 56:50.107,75 13:36.654,659, ,647, ,0, ,N, ,3, , , , , ,718259, , , ,1,1,0,0,0,0,0,0,0,0,0,1,1,0,1,0,0,0,0,0,0,0,0,0,0,0,0,0,0,0,0,0,1,0,0,4,0,39.9473,-75.2269, , 
 ,62203,2012104152,6,67,67301,2012,9,6,30,0,3,1,0,7,5, , ,N,3,0,0,3,0,0,1,1,N,N,39 57:46.416,75 10:42.726,32, ,30, ,0, , , ,0, , , , , ,718260, , , ,1,1,0,0,0,0,0,0,0,0,0,0,0,0,0,0,0,0,0,0,0,0,0,0,0,0,0,0,0,0,0,0,0,0,0,0,0,39.9629,-75.1784, , 
 ,62204,2012093630,6,67,67301,2012,9,7,1705,17,1,1,0,7,2, , ,N,0,0,2,3,0,1,1,1,N,N,39 57:18.945,75 08:29.792,1717, ,1707,1,1,4,N, ,0,N, , , , ,715537, , , ,1,1,0,0,0,0,0,0,0,1,0,0,1,0,0,0,0,0,0,0,0,0,0,1,0,1,0,0,0,0,0,0,0,0,0,2,0,39.9553,-75.1416, , 
 ,62205,2012098392,6,67,67301,2012,9,4,631,6,1,1,0,7,5, , ,N,0,0,0,3,0,0,1,1,N,N,39 58:51.675,75 11:57.276,650, ,641,2,1,5,N, ,0,Y, , , , ,715541, , , ,1,1,0,0,0,0,0,0,0,0,0,0,0,0,0,0,0,0,0,0,1,0,0,0,0,0,0,0,0,0,0,0,0,0,0,0,0,39.981,-75.1992, , 
 ,62206,2012099026,6,67,67301,2012,8,5,30,0,3,1,0,8,1, , ,N,1,0,0,3,0,1,2,2,N, ,39 58:15.383,75 07:42.530,1800, ,1800, ,0, , , ,0, , , , , ,715543, , , ,1,0,0,0,0,0,0,1,0,0,0,1,1,0,0,0,0,0,0,0,0,0,0,0,0,0,0,0,0,0,0,0,1,0,0,4,0,39.9708,-75.1284, , 
 ,62207,2012109712,6,67,67301,2012,9,3,1320,13,1,1,0,1,1, , ,N,2,2,0,3,0,1,2,2,N,N,40 02:15.016,75 12:37.445,1335, ,1329, ,0, ,N, ,3, , , , , ,715553, , , ,2,2,0,0,0,0,0,0,0,0,1,0,1,0,0,0,0,0,0,0,1,0,0,0,0,0,0,0,0,0,0,0,0,0,0,3,0,40.0377,-75.2104, , 
 ,62208,2012056664,6,67,67301,2012,5,6,505,5,3,2,1,8,1, , ,N,1,0,0,3,0,1,2,2,N,N,40 00:02.271,75 07:58.407,510, ,510, ,0, ,N, ,0, , , , , ,715568, , , ,1,1,0,0,0,0,0,0,0,0,1,0,1,0,0,0,0,0,0,0,0,0,0,0,0,0,0,0,0,0,0,0,1,0,0,3,0,40.0006,-75.1329, , 
 ,62209,2012063965,6,67,67301,2012,5,1,2009,20,3,1,0,4,1, , ,N,1,0,0,3,0,1,2,2,N,N,39 56:00.960,75 08:44.440,2016, ,2012, ,0, ,N, ,0, , , , , ,715573, , , ,1,1,0,0,0,0,0,0,1,0,0,0,1,1,1,0,0,0,0,0,0,1,0,0,0,0,0,0,0,0,0,0,0,0,0,8,0,39.9336,-75.1457, , 
 ,62210,2012078425,6,67,67301,2012,7,2,1934,19,1,1,0,5,1, , ,N,2,3,0,3,0,1,2,2,N, ,39 56:21.059,75 14:06.781,1945, ,1934, ,0, , , ,3, , , , , ,715578, , , ,1,1,0,0,0,0,0,0,1,0,0,0,1,1,0,0,0,0,0,0,0,0,0,0,0,0,0,0,0,0,0,0,0,0,0,8,0,39.9392,-75.2352, , 
 ,62211,2012083324,6,67,67301,2012,8,5,2337,23,3,1,0,4,1, , ,N,0,0,0,3,0,1,2,5,N,N,39 59:29.900,75 07:26.119,5, ,3, ,0, ,N, ,0, , , , , ,715586, , , ,4,3,0,0,0,0,0,1,0,0,0,1,1,0,0,0,0,0,0,0,0,0,0,1,0,0,0,0,0,0,0,0,1,0,0,4,0,39.9916,-75.1239, , 
 ,62212,2012096018,6,67,67301,2012,8,6,1555,15,1,1,0,8,1, , ,N,1,3,0,3,0,1,1,2,N,N,39 59:39.685,75 07:59.246,1640, ,1628, ,0, , , ,3, , , , , ,715597, , , ,0,0,0,0,0,0,0,0,0,0,0,1,1,0,0,0,0,0,0,0,0,0,0,0,0,0,0,0,0,0,0,0,1,0,0,4,0,39.9944,-75.1331, , 
 ,62213,2012098179,6,67,67301,2012,9,2,1515,15,1,1,0,4,1, , ,N,1,2,0,3,0,0,2,2,N, ,40 02:25.526,75 03:55.923,1535, ,1530,9,1,1, , ,3,N, , , , ,715602, , , ,2,2,0,0,0,0,0,0,0,0,0,0,0,0,0,0,0,0,1,0,0,0,0,0,0,0,0,0,0,0,0,0,0,0,0,0,0,40.0404,-75.0655, , 
 ,62214,2012109872,6,67,67301,2012,10,2,1240,12,1,1,0,4,1, , ,N,1,3,0,3,0,1,2,2,N, ,39 59:15.679,75 09:16.209,1339, ,1337,2,2,3, , ,3,Y, , , , ,715610, , , ,2,1,0,0,0,0,1,0,0,0,0,0,1,1,0,0,0,0,1,0,0,0,0,0,0,0,0,0,0,0,0,0,0,0,0,8,0,39.9877,-75.1545, , 
 ,62215,2012056728,6,67,67301,2012,5,1,1830,18,1,1,0,1,1, , ,N,0,2,6,3,0,1,5,3,N,N,40 06:16.064,75 00:07.662,1835, ,1835,2,1,2,N, ,3,N, , , , ,715615, , , ,3,0,0,0,1,0,2,0,0,0,0,0,1,1,0,0,0,0,0,0,0,0,0,2,0,0,0,0,0,0,0,0,0,0,0,8,0,40.1044,-75.0021, , 
 ,62216,2012098182,6,67,67301,2012,9,2,9999,99,1,1,0,4,1, , ,N,1,3,0,3,0,1,2,2,N,N,39 56:07.623,75 10:25.881,1657, ,1653, ,0, , , ,3, , , , , ,715644, , , ,1,0,0,0,0,0,1,0,1,0,0,0,1,1,0,0,0,0,0,0,1,0,0,1,0,0,0,0,0,0,0,0,0,0,0,8,0,39.9355,-75.1739, , 
 ,62217,2012063986,6,67,67301,2012,5,6,1718,17,1,1,0,1,1, , ,N,0,0,0,3,0,1,3,2,N,N,40 07:09.374,75 01:03.879,1735, ,1731, ,0, ,N, ,0, , , , , ,715668, , , ,2,0,0,0,0,0,2,0,0,0,0,1,1,0,0,0,0,0,0,0,0,1,0,0,0,0,0,0,0,0,0,0,0,0,0,4,0,40.1193,-75.0177, , 
 ,62218,2012104235,6,67,67301,2012,9,7,1155,11,3,1,1,8,1, , ,N,0,0,0,3,0,1,2,2,N, ,40 03:25.005,75 14:15.169,1159, ,1155, ,0, ,N, ,0, , , , , ,715709, , , ,1,0,0,0,1,0,0,0,0,0,0,0,1,1,0,0,0,0,0,0,0,0,0,0,0,0,0,0,0,0,0,0,1,0,0,8,0,40.0569,-75.2375, , 
 ,62219,2012109794,6,67,67301,2012,10,4,855,8,1,2,1,1,1, , ,N,2,3,0,3,0,1,3,2,N,N,40 04:44.518,75 01:50.920,857, ,855, ,0, ,N, ,3, , , , , ,715711, , , ,2,1,0,0,0,0,1,0,0,0,0,1,1,0,0,0,0,0,0,0,0,0,0,0,0,0,0,0,0,0,0,0,0,0,0,4,0,40.0791,-75.0308, , 
 ,62220,2012104082,6,67,67301,2012,9,7,1016,10,1,1,0,4,1, , ,N,0,0,0,3,0,0,0,3,N, ,39 59:54.225,75 10:30.748,1022, ,1018, ,0, , , ,0, , , , , ,715738, , , ,3,2,0,0,0,0,1,0,0,0,0,0,0,0,0,0,0,0,0,0,0,0,0,0,0,0,0,0,0,0,0,0,0,0,0,9,0,39.9984,-75.1752, , 
 ,62221,2012068802,6,67,67301,2012,5,4,9999,99,5,1,0,4,1, , ,N,1,2,0,3,0,3,3,2,N,N,40 00:49.975,75 07:33.617,450, ,443, ,0, ,N, ,3, , , , , ,715763, , , ,2,1,0,0,0,0,1,0,0,0,1,0,3,2,0,0,0,0,0,0,1,0,0,0,0,0,0,0,0,0,0,0,0,0,0,3,0,40.0139,-75.126, , 
 ,62222,2012060772,6,67,67301,2012,5,2,740,7,1,1,0,4,1, , ,N,1,2,0,3,0,2,4,3,N,N,40 05:49.711,75 01:05.375,805, ,759, ,0, ,N, ,2, , , , , ,709447, , , ,3,2,0,0,0,0,1,0,0,0,0,0,2,2,0,0,0,0,0,0,0,1,0,0,0,0,0,0,0,0,0,0,0,0,0,8,0,40.0971,-75.0182, , 
 ,62223,2012013088,6,67,67301,2012,1,5,1450,14,1,1,0,4,1, , ,N,1,3,0,3,0,1,3,2,N,N,40 03:29.803,75 02:35.671,1510, ,1502, ,0, ,N, ,3, , , , , ,709461, , , ,2,1,0,0,0,0,1,0,0,0,0,1,1,0,0,0,0,0,0,0,0,0,0,0,0,0,0,0,0,0,0,0,0,0,0,4,0,40.0583,-75.0432, , 
 ,62224,2012038834,6,67,67301,2012,4,2,848,8,1,1,0,1,1, , ,N,0,8,0,3,0,1,2,2,N,N,39 57:11.713,75 08:10.093,848, ,848, ,0, ,N, ,3, , , , , ,709484, , , ,2,2,0,0,0,0,0,0,0,0,0,1,1,0,0,0,0,0,0,0,0,0,0,0,0,0,0,0,0,0,0,0,0,0,0,4,0,39.9533,-75.1361, , 
 ,62225,2012048049,6,67,67301,2012,3,4,650,6,1,2,1,4,2, , ,N,0,0,0,3,0,1,1,3,N,N,40 02:24.140,75 09:03.553,657, ,655, ,0, ,N, ,0, , , , , ,709488, , , ,2,2,0,0,0,0,0,0,0,0,0,1,1,0,0,0,0,0,0,0,0,0,0,0,0,0,0,0,0,0,0,0,0,0,0,4,0,40.04,-75.151, , 
 ,62226,2012052203,6,67,67301,2012,5,6,417,4,3,1,0,7,2, , ,N,7,0,2,3,0,0,1,1,N,N,39 57:41.763,75 10:57.486,421, ,417, ,0, ,N, ,0, , , , , ,709493, , , ,1,1,0,0,0,0,0,0,0,0,0,0,0,0,0,0,0,0,0,0,0,0,0,0,0,0,0,0,0,0,0,0,0,0,0,0,0,39.9614,-75.1825, , 
 ,62227,2012056662,6,67,67301,2012,5,1,222,2,3,1,0,8,1, , ,N,0,0,0,3,0,1,2,2,N, ,39 58:31.362,75 09:56.606,9999, ,9999, ,0, , , ,0, , , , , ,709497, , , ,1,1,0,0,0,0,0,0,0,0,0,0,1,1,1,0,0,0,0,0,0,0,0,0,0,0,0,0,0,0,0,0,1,0,0,8,0,39.9754,-75.1657, , 
 ,62228,2012064677,6,67,67301,2012,5,7,1520,15,1,1,0,4,1, , ,N,2,2,2,3,0,0,2,2,N,N,39 56:29.692,75 08:31.694,1552, ,1545,1,1,2,N, ,3,N, , , , ,709505, , , ,2,2,0,0,0,0,0,0,0,0,0,0,0,0,0,0,0,0,0,1,0,0,0,0,0,0,0,0,0,0,0,0,0,0,0,0,0,39.9416,-75.1421, , 
 ,62229,2012066446,6,67,67301,2012,5,7,1730,17,1,1,0,4,1, , ,N,1,2,0,3,0,1,2,2,N,N,39 58:13.274,75 14:08.548,1735, ,1731,2,2,7,N, ,3,Y, , , , ,709506, , , ,2,1,1,0,0,0,0,0,0,0,0,0,1,1,0,0,0,0,0,0,0,0,0,0,0,0,0,0,0,0,0,0,0,0,0,8,0,39.9704,-75.2357, , 
 ,62230,2012068749,6,67,67301,2012,6,5,1442,14,1,1,0,5,1, , ,N,1,2,0,3,0,1,3,3,N, ,40 01:34.321,75 10:08.941,1502, ,1442,1,2,5, , ,3,Y, , , , ,709510, , , ,3,2,0,0,0,0,1,0,0,0,1,0,1,0,0,0,0,0,0,0,2,0,0,1,0,0,0,0,0,0,0,0,0,0,0,3,0,40.0262,-75.1692, , 
 ,62231,2012097371,6,67,67301,2012,9,7,1629,16,1,1,0,1,1, , ,N,7,3,8,3,0,0,3,2,N,N,40 00:33.653,75 12:18.287,1702, ,1635,1,1,1,N, ,3,N, , , , ,709530, , , ,2,1,0,0,0,0,1,0,0,0,0,0,0,0,0,0,0,0,0,0,1,0,0,0,0,0,0,0,0,0,0,0,0,0,0,0,0,40.0093,-75.2051, , 
 ,62232,2012104165,6,67,67301,2012,9,6,1047,10,1,1,0,4,1, , ,N,1,2,0,3,0,1,2,2,N, ,40 07:24.747,75 00:55.270,1050, ,1047, ,0, ,N, ,3, , , , , ,709534, , , ,2,1,0,0,1,0,0,0,0,0,0,1,1,0,0,0,0,0,0,0,0,1,1,0,0,0,0,0,0,0,0,0,0,0,0,4,0,40.1235,-75.0154, , 
 ,62233,2012048081,6,67,67301,2012,3,6,1810,18,1,1,0,4,1, , ,N,1,0,0,3,0,1,2,2,N,N,39 57:17.622,75 12:31.637,1812, ,1810, ,0, ,N, ,0, , , , , ,709546, , , ,1,1,0,0,0,0,0,0,1,0,0,1,1,0,0,0,0,0,0,0,1,0,0,0,0,0,0,0,0,0,0,0,0,0,0,4,0,39.9549,-75.2087, , 
 ,62234,2012049120,6,67,67301,2012,5,7,1459,14,1,1,0,1,1, , ,N,0,0,0,3,0,1,3,2,N,N,40 00:32.110,75 12:19.393,1515, ,1505, ,0, ,N, ,0, , , , , ,709548, , , ,2,1,0,0,0,0,1,0,0,0,0,1,1,0,0,0,0,0,0,0,0,0,0,0,0,0,0,0,0,0,0,0,0,0,0,4,0,40.0089,-75.2054, , 
 ,62235,2012098527,6,67,67301,2012,9,3,1105,11,1,2,1,8,1, , ,N,1,0,0,3,0,1,2,2,N,N,39 58:59.480,75 09:24.548,1112, ,1112, ,0, , , ,0, , , , , ,709562, , , ,1,1,0,0,0,0,0,0,0,0,0,1,1,0,0,0,0,0,0,0,0,0,0,0,0,0,0,0,0,0,0,0,1,0,0,4,0,39.9832,-75.1568, , 
 ,62236,2012083194,6,67,67301,2012,7,3,1750,17,1,1,0,4,1, , ,N,1,2,0,3,0,1,3,2,N,N,40 00:38.544,75 09:02.934,1805, ,1800, ,0, , , ,3, , , , , ,709597, , , ,2,1,0,0,0,0,1,0,0,1,0,0,1,0,0,0,0,0,0,0,0,0,0,0,0,0,0,0,0,0,0,0,0,0,0,2,0,40.0107,-75.1508, , 
 ,62237,2012078517,6,67,67301,2012,6,1,230,2,3,1,0,8,1, , ,N,0,0,0,3,0,1,2,2,N,N,39 57:48.901,75 14:47.835,300, ,232, ,0, ,N, ,0, , , , , ,709624, , , ,1,1,0,0,0,0,0,0,0,0,1,0,1,0,0,0,0,0,0,0,0,1,0,0,0,0,0,0,0,0,0,0,1,0,0,3,0,39.9636,-75.2466, , 
 ,62238,2012066730,6,67,67301,2012,5,6,441,4,3,2,1,5,1, , ,N,0,0,0,3,0,0,2,2,N,N,39 59:12.278,75 09:21.757,446, ,443,1,1,1,N, ,0,Y, , , , ,709641, , , ,2,1,0,0,0,1,0,0,0,0,0,0,0,0,0,0,0,1,0,0,0,0,0,0,0,0,0,0,0,0,0,0,0,0,0,0,1,39.9867,-75.156, , 
 ,62239,2012106550,6,67,67301,2012,10,3,1627,16,1,1,0,1,1, , ,N,0,0,3,3,0,0,2,2,N,N,39 57:36.592,75 10:48.855,1640, ,1633,1,1,3,N, ,0,N, , , , ,709675, , , ,2,1,0,0,0,0,1,0,0,0,0,0,0,0,1,0,1,0,0,0,0,0,0,0,0,0,0,0,0,0,0,0,0,0,0,9,0,39.9602,-75.1802, , 
 ,62240,2012068931,6,67,67301,2012,6,1,2300,23,3,1,0,1,1, , ,N,2,0,0,3,0,0,2,2,N, ,40 07:20.334,75 00:47.260,2307, ,2307, ,0, , , ,0, , , , , ,712450, , , ,2,0,0,0,1,0,1,0,0,0,0,0,0,0,0,0,0,0,0,0,0,0,0,0,0,0,0,0,0,0,0,0,0,0,0,0,0,40.1223,-75.0131, , 
 ,62241,2012073594,6,67,67301,2012,6,1,2220,22,3,1,0,4,1, , ,N,0,0,7,3,0,1,2,2,N, ,39 54:28.051,75 09:27.025,2230, ,2226, ,0, , , ,0, , , , , ,712455, , , ,2,2,0,0,0,0,0,0,0,0,0,0,1,1,0,0,0,0,0,0,0,0,1,0,0,0,0,0,0,0,0,0,0,0,0,8,0,39.9078,-75.1575, , 
 ,62242,2012100595,6,67,67301,2012,9,2,235,2,3,1,0,4,6, , ,N,2,0,0,3,0,1,1,2,N,N,40 01:18.237,75 10:53.032,254, ,239, ,0, , , ,0, , , , , ,712478, , , ,2,2,0,0,0,0,0,0,0,0,0,1,1,0,0,0,0,0,0,0,0,0,0,0,0,0,0,0,0,0,0,0,0,0,0,4,0,40.0217,-75.1814, , 
 ,62243,2012066583,6,67,67301,2012,5,2,1640,16,1,1,0,4,1, , ,N,0,0,7,3,0,1,2,3,N,N,39 54:05.670,75 13:44.790,1640, ,1644, ,0, ,N, ,0, , , , , ,712490, , , ,3,2,0,0,0,0,1,0,0,0,0,0,1,1,0,0,0,0,0,0,0,0,0,0,0,0,0,0,0,0,0,0,0,0,0,8,0,39.9016,-75.2291, , 
 ,62244,2012083299,6,67,67301,2012,8,6,1650,16,1,2,1,8,1, , ,N,1,3,0,3,0,1,2,2,N,N,39 58:30.584,75 11:17.385,1725, ,1721, ,0, ,N, ,3, , , , , ,712508, , , ,1,0,0,0,0,0,1,0,1,0,0,0,1,1,1,0,0,0,0,0,0,0,0,0,0,0,0,0,0,0,0,0,0,0,0,8,0,39.9752,-75.1882, , 
 ,62245,2012095358,6,67,67301,2012,8,1,1014,10,1,1,0,2,4, , ,N,1,2,0,3,0,2,2,3,N, ,39 57:13.478,75 14:25.709,15, ,1011,1,1,4, , ,3,Y, , , , ,712518, , , ,2,2,0,0,0,0,0,0,0,0,0,2,2,0,0,0,0,0,0,0,2,0,0,0,0,0,0,0,0,0,0,0,0,0,0,4,0,39.9537,-75.2405, , 
 ,62246,2012062985,6,67,67301,2012,5,7,809,8,1,1,0,1,1, , ,N,6,4,2,3,0,1,2,2,N,N,39 56:43.369,75 11:25.410,821, ,813,1,1,4,N, ,3,N, , , , ,712529, , , ,2,1,0,0,0,0,1,0,0,0,1,0,1,0,0,0,0,0,0,0,0,0,0,0,0,0,0,0,0,0,0,0,0,0,0,3,0,39.9454,-75.1904, , 
 ,62247,2012080852,6,67,67301,2012,7,2,1315,13,1,1,0,8,1, , ,N,1,2,0,3,0,1,2,2,N,N,40 02:28.908,75 01:41.719,1332, ,1332, ,0, ,N, ,3, , , , , ,712547, , , ,1,1,0,0,0,0,0,0,0,0,0,0,1,1,0,0,0,0,0,0,0,0,1,0,0,0,0,0,0,0,0,0,1,0,0,8,0,40.0414,-75.0283, , 
 ,62248,2012095494,6,67,67301,2012,8,7,1530,15,1,1,0,6,1, , ,N,3,2,0,3,0,0,2,2,N,N,40 03:12.351,75 00:30.527,1530, ,0, ,0, ,N, ,3, , , , , ,712562, , , ,1,1,0,0,0,0,0,0,0,0,0,0,1,1,0,0,0,0,0,0,0,0,0,0,0,0,0,0,0,0,0,0,0,0,0,8,0,40.0536,-75.0085, , 
 ,62249,2012099014,6,67,67301,2012,9,7,754,7,1,1,0,5,1, , ,N,0,0,0,3,0,2,2,3,N,N,39 55:53.531,75 13:54.070,758, ,755,3,2,6,N, ,0,Y, , , , ,712565, , , ,3,2,0,0,0,0,1,0,0,0,0,1,1,0,1,0,0,0,0,1,0,0,0,0,0,0,0,0,0,0,0,0,0,0,0,4,0,39.9315,-75.2317, , 
 ,62250,2012100280,6,67,67301,2012,9,4,553,5,1,1,0,1,1, , ,N,0,0,0,3,0,0,3,5,N,N,40 00:27.625,75 12:05.682,701, ,643, ,0, ,N, ,0, , , , , ,712566, , , ,5,5,0,0,0,0,0,0,0,0,0,0,0,0,0,0,0,0,0,0,1,0,0,0,0,0,0,0,0,0,0,0,0,0,0,0,0,40.0077,-75.2016, , 
 ,62251,2012065649,6,67,67301,2012,6,7,2022,20,3,1,0,7,2, , ,N,0,0,0,3,0,0,1,1,N,N,39 57:43.450,75 08:22.267,2034, ,2025, ,0, ,N, ,0, , , , , ,712580, , , ,1,1,0,0,0,0,0,0,0,0,0,0,0,0,0,0,0,0,0,0,0,0,0,0,0,0,0,0,0,0,0,0,0,0,0,0,0,39.9619,-75.1396, , 
 ,62252,2012069266,6,67,67301,2012,7,5,935,9,1,1,0,6,1, , ,N,1,2,0,3,0,1,3,2,N,N,39 56:18.878,75 11:54.439,1020, ,1002, ,0, ,N, ,3, , , , , ,712583, , , ,2,0,0,1,1,0,0,0,0,0,0,0,1,1,0,0,0,0,0,0,1,0,0,0,0,0,0,0,0,0,0,0,0,0,0,8,1,39.9386,-75.1985, , 