wz_ln_closure,objectid_1,crn,district,county,municipality,crash_year,crash_month,day_of_week,time_of_day,hour_of_day,illumination,weather,road_condition,collision_type,relation_to_road,work_zone_type,work_zone_loc,work_zone_ind,intersect_type,tcd_type,location_type,urban_rural,fatal_count,injury_count,person_count,total_units,sch_bus_ind,sch_zone_ind,latitude,longitude,arrival_tm,cons_zone_spd_lim,dispatch_tm,est_hrs_closed,lane_closed,ln_close_dir,ntfy_hiwy_maint,spec_juris_cd,tcd_func_cd,tfc_detour_ind,workers_pres,wz_close_detour,wz_flagger,wz_law_offcr_ind,objectid,wz_moving,wz_other,wz_shlder_mdn,vehicle_count,automobile_count,motorcycle_count,bus_count,small_truck_count,heavy_truck_count,suv_count,van_count,bicycle_count,maj_inj_count,mod_inj_count,min_inj_count,tot_inj_count,unk_inj_deg_count,unk_inj_per_count,driver_count_16yr,driver_count_17yr,driver_count_18yr,driver_count_19yr,driver_count_20yr,driver_count_50_64yr,driver_count_65_74yr,driver_count_75plus,unbelted_occ_count,unb_death_count,unb_maj_inj_count,belted_death_count,belted_maj_inj_count,mcycle_death_count,mcycle_maj_inj_count,bicycle_death_count,bicycle_maj_inj_count,ped_count,ped_death_count,ped_maj_inj_count,max_severity_level,comm_veh_count,dec_lat,dec_long,rdwy_surf_type_cd,county_name
 ,62320,2012088593,6,67,67301,2012,8,3,2228,22,3,1,0,2,2, , ,N,0,0,0,3,0,0,1,1,N, ,39 56:43.040,75 08:35.455,2237, ,2235, ,0, , , ,0, , , , , ,712697, , , ,1,1,0,0,0,0,0,0,0,0,0,0,0,0,0,0,0,0,0,0,0,0,0,0,0,0,0,0,0,0,0,0,0,0,0,0,0,39.9453,-75.1432, , 
 ,62321,2012109696,6,67,67301,2012,9,7,1112,11,1,1,0,1,6, , ,N,1,2,0,3,0,0,2,2,N,N,39 55:03.039,75 10:34.125,9999, ,1112, ,0, ,N, ,3, , , , , ,712713, , , ,2,2,0,0,0,0,0,0,0,0,0,0,0,0,0,0,0,0,0,0,0,0,0,0,0,0,0,0,0,0,0,0,0,0,0,0,0,39.9175,-75.1761, , 
 ,62322,2012068942,6,67,67301,2012,5,5,1518,15,1,9,8,1,1, , ,N,1,2,0,3,0,3,3,3,N,N,40 02:28.801,75 06:24.126,1920, ,1909, ,0, , , ,3, , , , , ,712733, , , ,3,1,0,0,0,0,1,1,0,1,0,2,3,0,0,0,0,0,0,0,0,1,0,0,0,0,0,0,0,0,0,0,0,0,0,2,0,40.0413,-75.1067, , 
 ,62323,2012088576,6,67,67301,2012,8,5,2100,21,3,1,0,8,1, , ,N,2,3,0,3,0,1,3,2,N,N,40 02:47.137,75 09:29.296,2100, ,2100, ,0, ,N, ,3, , , , , ,712745, , , ,1,0,0,0,0,0,0,1,0,0,0,1,1,0,0,0,0,0,0,0,0,0,0,0,0,0,0,0,0,0,0,0,1,0,0,4,0,40.0464,-75.1581, , 
 ,62324,2012066487,6,67,67301,2012,6,2,1930,19,1,1,1,4,1, , ,N,0,0,0,3,0,1,2,2,N,N,40 01:12.576,75 03:26.568,1939, ,1936, ,0, ,N, ,0, , , , , ,712769, , , ,2,0,0,0,0,0,1,0,0,0,0,1,1,0,0,0,0,0,0,0,0,0,0,0,0,0,0,0,0,0,0,0,0,0,0,4,0,40.0202,-75.0574, , 
 ,62325,2012074227,6,67,67301,2012,7,3,1800,18,1,1,0,1,1, , ,N,0,0,0,3,0,1,4,2,N,N,39 57:25.754,75 09:25.736,1815, ,1805, ,0, ,N, ,0, , , , , ,712779, , , ,2,2,0,0,0,0,0,0,0,0,0,0,1,1,0,0,0,0,0,0,0,0,0,0,0,0,0,0,0,0,0,0,0,0,0,8,0,39.9572,-75.1571, , 
 ,62326,2012068129,6,67,67301,2012,6,6,2308,23,3,1,0,7,4, , ,N,0,0,0,3,0,0,2,2,N,N,39 55:57.499,75 12:00.127,2329, ,2321,1,1,4,N, ,0,N, , , , ,712785, , , ,2,2,0,0,0,0,0,0,0,0,0,0,0,0,0,0,0,0,0,1,0,0,0,0,0,0,0,0,0,0,0,0,0,0,0,0,0,39.9326,-75.2, , 
 ,62327,2012066622,6,67,67301,2012,5,1,1230,12,1,1,0,5,1, , ,N,0,0,0,3,0,0,2,2,N,N,39 53:59.950,75 13:50.080,1248, ,1241, ,0, ,N, ,0, , , , , ,712828, , , ,2,2,0,0,0,0,0,0,0,0,0,0,0,0,0,0,0,0,1,0,0,0,0,0,0,0,0,0,0,0,0,0,0,0,0,0,0,39.9,-75.2306, , 
 ,62328,2012078163,6,67,67301,2012,7,4,140,1,3,1,0,4,1, , ,N,2,2,7,3,0,1,2,2,N,N,39 56:05.853,75 08:33.775,148, ,147, ,0, ,N, ,3, , , , , ,712836, , , ,2,0,1,0,0,0,0,1,0,0,0,1,1,0,0,0,0,0,0,0,1,0,0,0,0,0,0,0,0,0,0,0,0,0,0,4,0,39.9348,-75.1426, , 
 ,62329,2012095571,6,67,67301,2012,8,4,1024,10,1,1,0,8,1, , ,N,0,0,0,3,0,1,2,2,N, ,40 03:14.849,75 04:15.886,1032, ,1027, ,0, , , ,0, , , , , ,712854, , , ,1,1,0,0,0,0,0,0,0,0,0,1,1,0,0,0,0,0,0,0,0,0,0,0,0,0,0,0,0,0,0,0,1,0,0,4,0,40.0541,-75.0711, , 
 ,62330,2012099355,6,67,67301,2012,8,3,2230,22,3,1,0,8,2, , ,N,0,0,0,3,0,1,2,2,N,N,39 59:32.779,75 09:17.702,2249, ,2247, ,0, ,N, ,0, , , , , ,712858, , , ,1,0,0,1,0,0,0,0,0,0,0,1,1,0,0,0,0,0,0,0,1,0,0,0,0,0,0,0,0,0,0,0,1,0,0,4,1,39.9924,-75.1549, , 
 ,62331,2012074562,6,67,67301,2012,7,1,214,2,3,1,0,7,4, , ,N,0,0,0,3,0,0,1,1,N,N,39 59:20.654,75 05:15.745,225, ,219,1,1,1,N, ,0,N, , , , ,712878, , , ,1,1,0,0,0,0,0,0,0,0,0,0,0,0,0,0,0,0,0,0,0,0,0,0,0,0,0,0,0,0,0,0,0,0,0,0,0,39.989,-75.0878, , 
 ,62332,2012083141,6,67,67301,2012,7,3,1830,18,1,1,0,4,1, , ,N,1,2,0,3,0,1,2,2,N, ,39 55:25.338,75 09:52.068,1850, ,1840, ,0, , , ,3, , , , , ,712890, , , ,2,0,0,0,1,0,1,0,0,0,0,1,1,0,0,0,0,1,0,0,1,0,0,0,0,0,0,0,0,0,0,0,0,0,0,4,0,39.9237,-75.1643, , 
 ,62333,2012085888,6,67,67301,2012,7,4,857,8,1,1,0,1,1, , ,N,0,0,0,3,0,1,4,3,N,N,40 03:56.964,75 03:05.038,905, ,900,9,1,2,N, ,0,N, , , , ,712897, , , ,3,2,0,0,1,0,0,0,0,0,0,0,1,1,0,0,0,0,0,0,1,1,0,2,0,0,0,0,0,0,0,0,0,0,0,8,0,40.0658,-75.0514, , 
 ,62334,2012078477,6,67,67301,2012,6,4,9999,99,1,1,0,4,1, , ,N,1,0,0,3,0,1,2,2,N,N,39 55:32.523,75 13:38.884,1403, ,1402, ,0, ,N, ,0, , , , , ,718410, , , ,1,1,0,0,0,0,0,0,1,0,0,1,1,0,0,0,0,0,0,0,0,0,0,0,0,0,0,0,0,0,0,0,0,0,0,4,0,39.9257,-75.2275, , 
 ,62335,2012075973,6,67,67301,2012,6,5,1606,16,1,1,0,8,1, , ,N,2,3,7,3,0,1,2,2,N,N,40 00:45.370,75 05:29.291,1646, ,1643, ,0, , , ,3, , , , , ,718422, , , ,1,0,0,0,0,0,1,0,0,0,0,0,1,1,0,0,0,0,0,0,0,0,0,0,0,0,0,0,0,0,0,0,1,0,0,8,0,40.0126,-75.0915, , 
 ,62336,2012096015,6,67,67301,2012,8,6,34,0,3,1,0,7,1, , ,N,0,0,3,3,0,1,1,1,N, ,39 55:21.564,75 11:28.272,39, ,36,3,2,3,N, ,0,Y, , , , ,718441, , , ,1,1,0,0,0,0,0,0,0,0,0,1,1,0,0,0,0,0,0,0,0,0,0,1,0,0,0,0,0,0,0,0,0,0,0,4,0,39.9227,-75.1912, , 
 ,62337,2012111767,6,67,67301,2012,10,3,1507,15,1,1,0,7,4, , ,N,0,0,0,3,0,1,1,1,N,N,40 05:23.951,74 58:30.687,1530, ,1523, ,0, ,N, ,0, , , , , ,718455, , , ,1,1,0,0,0,0,0,0,0,0,0,0,1,1,0,0,0,0,0,1,0,0,0,0,0,0,0,0,0,0,0,0,0,0,0,8,0,40.09,-74.9752, , 
Y,62338,2012049931,6,67,67301,2012,5,2,2321,23,3,1,0,1,1,1,3,Y,0,0,3,3,0,0,3,2,N,N,39 54:24.905,75 08:20.410,2321,35,2321,1,2,3,N, ,0,N,N, , ,N,718465, , , ,2,1,0,0,1,0,0,0,0,0,0,0,0,0,0,0,0,0,0,1,0,0,0,0,0,0,0,0,0,0,0,0,0,0,0,0,0,39.9069,-75.139, , 
 ,62339,2012088078,6,67,67301,2012,8,1,1940,19,1,1,0,1,1, , ,N,1,2,0,3,0,1,4,2,N,N,40 01:48.874,75 08:45.412,2118, ,2108, ,0, ,N, ,3, , , , , ,718474, , , ,2,1,0,0,0,0,1,0,0,0,1,0,1,0,3,0,0,0,0,0,0,0,0,2,0,0,0,0,0,0,0,0,0,0,0,3,0,40.0302,-75.1459, , 
 ,62340,2012093263,6,67,67301,2012,9,2,235,2,3,2,1,7,3, , ,N,7,0,2,3,0,0,2,1,N,N,39 57:24.144,75 08:32.205,245, ,237,1,1,4,N, ,0,N, , , , ,718477, , , ,1,1,0,0,0,0,0,0,0,0,0,0,0,0,0,0,0,0,0,0,0,0,0,0,0,0,0,0,0,0,0,0,0,0,0,0,0,39.9575,-75.1467, , 
 ,62341,2012121879,6,67,67301,2012,10,7,9999,99,3,1,8,1,1, , ,N,0,0,0,3,0,0,4,4,N, ,39 55:47.221,75 08:40.099,9999, ,401, ,0, , , ,0, , , , , ,718501, , , ,4,4,0,0,0,0,0,0,0,0,0,0,0,0,4,0,0,0,0,0,0,0,0,1,0,0,0,0,0,0,0,0,0,0,0,9,0,39.9298,-75.1445, , 
 ,62342,2012122497,6,67,67301,2012,11,2,938,9,1,1,0,4,1, , ,N,1,2,0,3,0,2,3,2,N, ,39 59:25.216,75 13:13.303,951, ,943, ,0, , , ,3, , , , , ,718503, , , ,2,2,0,0,0,0,0,0,0,0,1,0,2,1,0,0,0,0,0,0,0,0,0,0,0,0,0,0,0,0,0,0,0,0,0,3,0,39.9903,-75.2204, , 
 ,62343,2012066561,6,67,67301,2012,5,4,1649,16,1,1,0,4,1, , ,N,0,0,0,3,0,0,2,2,N,N,40 02:36.777,75 06:50.416,1651, ,1649,3,2,4,N, ,0,Y, , , , ,718508, , , ,2,2,0,0,0,0,0,0,0,0,0,0,0,0,0,0,0,0,0,0,1,0,0,1,0,0,0,0,0,0,0,0,0,0,0,0,0,40.0435,-75.114, , 
 ,62344,2012066664,6,67,67301,2012,5,7,59,0,3,1,0,4,1, , ,N,1,2,0,3,0,1,4,2,N,N,40 03:42.905,75 09:47.363,102, ,59, ,0, ,N, ,3, , , , , ,718509, , , ,2,2,0,0,0,0,0,0,0,0,0,0,1,1,1,0,0,0,0,0,0,0,0,0,0,0,0,0,0,0,0,0,0,0,0,8,0,40.0619,-75.1632, , 
 ,62345,2012073564,6,67,67301,2012,6,5,1050,10,1,1,0,4,1, , ,N,0,0,7,3,0,1,4,2,N, ,40 04:06.284,75 14:25.031,1100, ,1050, ,0, , , ,0, , , , , ,718513, , , ,2,1,0,0,1,0,0,0,0,0,0,1,1,0,0,0,0,0,0,0,0,0,0,0,0,0,0,0,0,0,0,0,0,0,0,4,0,40.0682,-75.2402, , 
 ,62346,2012068905,6,67,67301,2012,6,2,1520,15,1,1,0,5,1, , ,N,0,0,0,3,0,1,2,2,N, ,39 59:34.652,75 10:17.706,9999, ,9999, ,0, , , ,0, , , , , ,718517, , , ,2,2,0,0,0,0,0,0,0,0,0,1,1,0,0,0,0,0,0,0,1,0,0,0,0,0,0,0,0,0,0,0,0,0,0,4,0,39.993,-75.1716, , 
 ,62347,2012075959,6,67,67301,2012,6,3,414,4,3,1,0,4,1, , ,N,1,3,0,3,0,1,3,2,N,N,39 55:50.174,75 09:34.840,420, ,415,2,1,1,N, ,3,Y, , , , ,718520, , , ,1,1,0,0,0,0,0,0,1,0,0,1,1,0,0,0,0,0,0,0,0,0,0,0,0,0,0,0,0,0,0,0,0,0,0,4,0,39.9306,-75.1597, , 
 ,62348,2012075949,6,67,67301,2012,6,3,1408,14,1,1,0,1,1, , ,N,0,0,0,3,0,3,3,2,N, ,40 00:28.573,75 09:05.102,1412, ,1410, ,0, , , ,0, , , , , ,718573, , , ,2,0,0,0,1,0,0,1,0,0,0,0,3,3,0,0,0,0,0,0,1,0,0,0,0,0,0,0,0,0,0,0,0,0,0,8,0,40.0079,-75.1514, , 
 ,62349,2012078319,6,67,67301,2012,6,7,2330,23,3,1,0,8,1, , ,N,0,0,0,3,0,1,2,2,N,N,39 59:13.340,75 06:37.858,13, ,12, ,0, ,N, ,0, , , , , ,718576, , , ,1,0,0,0,1,0,0,0,0,0,0,0,1,1,0,0,0,0,0,0,0,0,0,1,0,0,0,0,0,0,0,0,1,0,0,8,0,39.987,-75.1105, , 
 ,62350,2012056627,6,67,67301,2012,4,6,659,6,1,1,0,7,4, , ,N,0,0,0,3,0,1,1,1,N,N,40 02:49.246,75 06:27.406,840, ,838, ,0, ,N, ,0, , , , , ,718606, , , ,1,1,0,0,0,0,0,0,0,0,0,1,1,0,0,0,0,0,0,0,0,1,0,0,0,0,0,0,0,0,0,0,0,0,0,4,0,40.047,-75.1076, , 
 ,62351,2012078400,6,67,67301,2012,6,5,1400,14,1,1,0,4,1, , ,N,1,2,0,3,0,4,7,2,N,N,39 57:23.057,75 12:30.428,1403, ,1402, ,0, ,N, ,3, , , , , ,718624, , , ,2,1,0,0,1,0,0,0,0,0,1,2,4,1,0,0,0,0,0,0,1,0,0,0,0,0,0,0,0,0,0,0,0,0,0,3,0,39.9564,-75.2085, , 
 ,62352,2012117209,6,67,67301,2012,10,1,2215,22,3,1,0,4,1, , ,N,1,2,0,3,0,2,3,2,N,N,39 57:39.360,75 14:42.201,2238, ,2226, ,0, ,N, ,3, , , , , ,715900, , , ,2,1,0,0,0,0,0,1,0,0,0,0,2,2,0,0,0,0,0,0,0,0,0,0,0,0,0,0,0,0,0,0,0,0,0,8,0,39.9609,-75.245, , 
 ,62353,2012075031,6,67,67301,2012,7,5,115,1,3,1,0,1,1, , ,N,0,0,0,3,0,0,2,2,N,N,40 00:43.835,75 03:35.732,127, ,117, ,0, ,N, ,0, , , , , ,715911, , , ,2,2,0,0,0,0,0,0,0,0,0,0,0,0,0,0,0,0,0,0,0,0,0,0,0,0,0,0,0,0,0,0,0,0,0,0,0,40.0122,-75.0599, , 
 ,62354,2012066738,6,67,67301,2012,6,3,501,5,5,1,0,4,1, , ,N,1,2,0,3,0,2,4,2,N, ,39 56:22.681,75 11:53.378,505, ,501, ,0, , , ,3, , , , , ,715917, , , ,2,0,0,0,1,0,0,1,0,0,0,2,2,0,0,0,0,0,0,0,2,0,0,0,0,0,0,0,0,0,0,0,0,0,0,4,0,39.9396,-75.1982, , 
 ,62355,2012103845,6,67,67301,2012,10,6,2047,20,3,1,0,1,1, , ,N,0,0,0,3,0,0,3,3,N,N,40 00:28.014,75 12:04.077,2103, ,2059, ,0, ,N, ,0, , , , , ,715949, , , ,3,1,0,0,0,0,1,1,0,0,0,0,0,0,0,0,0,0,0,1,0,0,0,0,0,0,0,0,0,0,0,0,0,0,0,0,0,40.0078,-75.2011, , 
 ,62356,2012068708,6,67,67301,2012,5,7,1502,15,1,1,0,5,1, , ,N,1,0,0,3,0,2,4,2,N, ,39 58:14.012,75 08:59.857,1537, ,1535, ,0, , , ,0, , , , , ,715957, , , ,2,1,0,1,0,0,0,0,0,0,0,2,2,0,0,0,0,1,0,0,0,0,0,0,0,0,0,0,0,0,0,0,0,0,0,4,1,39.9704,-75.15, , 
 ,62357,2012066502,6,67,67301,2012,6,7,1900,19,1,1,0,4,1, , ,N,1,2,0,3,0,1,3,2,N,N,40 04:26.624,75 11:27.147,1904, ,1903, ,0, ,N, ,3, , , , , ,715964, , , ,1,1,0,0,0,0,0,0,1,0,0,0,1,1,0,0,0,0,0,0,1,0,0,0,0,0,0,0,0,0,0,0,0,0,0,8,0,40.0741,-75.1909, , 
 ,62358,2012074379,6,67,67301,2012,6,4,9999,99,3,1,0,5,1, , ,N,0,0,0,3,0,2,4,3,N,N,40 01:49.093,75 10:12.733,9999, ,9999, ,0, ,N, ,0, , , , , ,715970, , , ,3,2,0,0,1,0,0,0,0,0,0,2,2,0,0,0,0,0,0,0,0,0,0,0,0,0,0,0,0,0,0,0,0,0,0,4,0,40.0303,-75.1702, , 
 ,62359,2012078312,6,67,67301,2012,7,7,1310,13,1,2,1,4,1, , ,N,1,2,0,3,0,2,3,2,N, ,39 59:25.940,75 07:06.347,1425, ,1420, ,0, , , ,3, , , , , ,715980, , , ,2,0,0,0,0,0,1,1,0,0,0,1,2,1,1,0,0,0,0,0,0,0,0,0,0,0,0,0,0,0,0,0,0,0,0,4,0,39.9905,-75.1184, , 
 ,62360,2012078589,6,67,67301,2012,7,6,2016,20,3,1,0,4,1, , ,N,2,2,0,3,0,0,3,2,N,N,39 58:25.181,75 12:31.951,5, ,2158, ,0, ,N, ,3, , , , , ,715981, , , ,2,2,0,0,0,0,0,0,0,0,0,0,0,0,1,0,0,0,0,0,0,0,0,0,0,0,0,0,0,0,0,0,0,0,0,9,0,39.9736,-75.2089, , 
 ,62361,2012083223,6,67,67301,2012,7,4,732,7,1,1,0,4,1, , ,N,0,0,7,3,0,2,10,2,N,N,39 58:43.489,75 08:20.003,742, ,739, ,0, ,N, ,0, , , , , ,715982, , , ,2,0,0,0,0,0,0,2,0,0,0,0,2,2,0,0,0,0,0,0,0,0,0,0,0,0,0,0,0,0,0,0,0,0,0,8,0,39.9787,-75.1389, , 
 ,62362,2012098349,6,67,67301,2012,9,6,742,7,1,1,0,8,1, , ,N,1,2,0,3,0,1,1,2,N,N,40 01:18.310,75 07:33.794,745, ,743, ,0, ,N, ,3, , , , , ,715996, , , ,1,1,0,0,0,0,0,0,0,0,0,1,1,0,0,0,0,0,0,0,0,0,0,0,0,0,0,0,0,0,0,0,1,0,0,4,0,40.0218,-75.1261, , 
 ,62363,2012068946,6,67,67301,2012,6,1,1630,16,1,1,0,8,1, , ,N,0,0,0,3,0,1,2,2,N,N,40 01:07.546,75 04:27.667,1635, ,1631, ,0, ,N, ,0, , , , , ,716003, , , ,1,1,0,0,0,0,0,0,0,0,0,1,1,0,0,0,0,0,0,0,0,0,0,1,0,0,0,0,0,0,0,0,1,0,0,4,0,40.0188,-75.0744, , 
 ,62364,2012078580,6,67,67301,2012,6,5,1554,15,1,1,0,7,2, , ,N,1,0,0,3,0,1,1,2,N,N,40 04:19.657,75 10:05.915,1611, ,1611, ,0, ,N, ,0, , , , , ,716013, , , ,1,1,0,0,0,0,0,0,0,0,0,1,1,0,0,0,0,0,0,0,0,0,0,0,0,0,0,0,0,0,0,0,0,0,0,4,0,40.0721,-75.1683, , 
 ,62365,2012063722,6,67,67301,2012,6,2,1620,16,1,1,0,1,1, , ,N,0,0,0,3,0,1,2,2,N,N,39 58:06.632,75 07:42.910,1630, ,1630,1,2,1,N, ,0,N, , , , ,716057, , , ,2,1,0,0,0,0,1,0,0,1,0,0,1,0,0,0,0,0,0,0,0,0,0,0,0,0,0,0,0,0,0,0,0,0,0,2,0,39.9685,-75.1287, , 
 ,62366,2012066751,6,67,67301,2012,6,4,1555,15,1,1,0,7,5, , ,N,1,0,0,3,0,1,1,1,N, ,39 55:53.635,75 10:05.434,1604, ,1602, ,0, , , ,0, , , , , ,716065, , , ,1,1,0,0,0,0,0,0,0,0,0,1,1,0,0,0,0,0,0,0,0,1,0,0,0,0,0,0,0,0,0,0,0,0,0,4,0,39.9317,-75.168, , 
 ,62367,2012068705,6,67,67301,2012,6,1,930,9,1,1,0,4,1, , ,N,1,2,0,3,0,1,3,2,N,N,39 56:58.740,75 09:37.407,940, ,935, ,0, ,N, ,3, , , , , ,716067, , , ,2,1,1,0,0,0,0,0,0,0,0,0,1,1,0,0,0,0,0,0,0,0,0,0,0,0,0,0,0,0,0,0,0,0,0,8,0,39.9497,-75.1604, , 
 ,62368,2012080817,6,67,67301,2012,7,1,137,1,3,1,0,8,1, , ,N,0,0,0,3,0,1,1,2,N, ,39 57:16.044,75 09:48.925,142, ,139, ,0, , , ,0, , , , , ,716071, , , ,1,0,1,0,0,0,0,0,0,0,0,1,1,0,0,0,0,0,0,0,0,0,0,0,0,0,0,0,0,0,0,0,1,0,0,4,0,39.9545,-75.1636, , 
 ,62369,2012104010,6,67,67301,2012,9,4,745,7,1,1,0,1,1, , ,N,1,2,0,3,0,4,5,3,N,N,39 55:16.534,75 11:37.851,754, ,753,2,2,3,N, ,3,Y, , , , ,716095, , , ,3,2,0,0,0,0,1,0,0,0,0,0,4,4,0,0,0,0,0,0,1,0,0,0,0,0,0,0,0,0,0,0,0,0,0,8,0,39.9211,-75.1938, , 
 ,62370,2012056533,6,67,67301,2012,5,6,1757,17,1,1,0,4,1, , ,N,1,2,0,3,0,1,3,2,N,N,39 59:22.466,75 09:25.981,1801, ,1801, ,0, ,N, ,3, , , , , ,709898, , , ,2,1,0,0,1,0,0,0,0,0,0,0,1,1,1,0,0,0,0,0,0,0,0,0,0,0,0,0,0,0,0,0,0,0,0,8,0,39.9896,-75.1572, , 
 ,62371,2012057523,6,67,67301,2012,5,4,9999,99,1,2,1,4,1, , ,N,0,0,7,3,0,1,3,2,N,N,40 04:25.435,75 01:40.551,1435, ,1426, ,0, ,N, ,0, , , , , ,709931, , , ,2,2,0,0,0,0,0,0,0,0,0,0,1,1,2,0,0,0,0,0,0,1,0,0,0,0,0,0,0,0,0,0,0,0,0,8,0,40.0737,-75.0279, , 
 ,62372,2012068739,6,67,67301,2012,5,3,1614,16,1,1,0,4,1, , ,N,1,3,0,3,0,0,2,2,N,N,40 00:59.686,75 08:48.309,1630, ,1620, ,0, , , ,3, , , , , ,709939, , , ,2,1,0,0,0,0,1,0,0,0,0,0,0,0,2,0,0,0,0,0,0,1,0,0,0,0,0,0,0,0,0,0,0,0,0,9,0,40.0166,-75.1468, , 
 ,62373,2012070809,6,67,67301,2012,5,5,1826,18,1,1,0,7,5, , ,N,1,0,0,3,0,1,1,1,N,N,39 54:50.374,75 10:11.283,1830, ,1826, ,0, ,N, ,0, , , , , ,709942, , , ,1,0,0,0,1,0,0,0,0,0,0,1,1,0,0,0,0,0,0,0,0,0,0,0,0,0,0,0,0,0,0,0,0,0,0,4,0,39.914,-75.1698, , 
 ,62374,2012078625,6,67,67301,2012,7,4,1744,17,1,1,0,4,1, , ,N,0,0,0,3,0,2,3,2,N,Y,40 02:34.209,75 02:41.449,1748, ,1746,1,1,6,N, ,0,N, , , , ,709951, , , ,2,1,0,0,0,0,1,0,0,0,0,2,2,0,0,0,0,0,1,0,0,0,0,0,0,0,0,0,0,0,0,0,0,0,0,4,0,40.0428,-75.0448, , 
 ,62375,2012083203,6,67,67301,2012,7,4,658,6,1,1,0,4,1, , ,N,2,2,7,3,0,1,2,2,N, ,40 00:26.118,75 11:31.929,658, ,658,1,1,2,N, ,3,N, , , , ,709956, , , ,1,1,0,0,0,0,0,0,1,0,0,1,1,0,0,0,0,0,0,0,0,0,0,0,0,0,0,0,0,0,0,0,0,0,0,4,0,40.0073,-75.1922, , 
 ,62376,2012085844,6,67,67301,2012,7,4,720,7,1,1,0,4,1, , ,N,5,2,0,3,0,3,3,3,N,N,40 02:25.526,75 03:55.923,726, ,721,9,2,4,N, ,3,N, , , , ,709960, , , ,3,0,0,0,2,0,1,0,0,0,0,0,3,3,0,0,0,0,0,0,0,0,0,2,0,0,0,0,0,0,0,0,0,0,0,8,0,40.0404,-75.0655, , 
 ,62377,2012088625,6,67,67301,2012,8,3,2003,20,0,1,0,8,1, , ,N,0,3,0,3,0,1,2,2,N,N,39 55:49.245,75 10:36.836,2008, ,2007,1,2,3,N, ,3,Y, , , , ,709964, , , ,1,1,0,0,0,0,0,0,0,0,0,0,1,1,0,0,0,0,0,0,0,0,0,0,0,0,0,0,0,0,0,0,1,0,0,8,0,39.9303,-75.1769, , 
 ,62378,2012098253,6,67,67301,2012,9,7,320,3,3,1,0,5,1, , ,N,0,0,0,3,0,0,3,3,N,N,40 01:12.864,75 04:38.089,326, ,323, ,0, ,N, ,0, , , , , ,709976, , , ,3,2,0,0,0,0,1,0,0,0,0,0,0,0,0,0,0,0,0,0,0,0,0,0,0,0,0,0,0,0,0,0,0,0,0,9,0,40.0202,-75.0772, , 
 ,62379,2012073627,6,67,67301,2012,6,6,2148,21,1,2,1,1,1, , ,N,2,3,0,3,0,3,3,2,N, ,39 57:09.147,75 13:27.875,2245, ,2240, ,0, , , ,3, , , , , ,709991, , , ,2,0,0,0,0,0,1,0,0,0,0,0,3,3,0,0,0,0,0,0,0,0,0,0,0,0,0,0,0,0,0,0,0,0,0,8,0,39.9525,-75.2244, , 
 ,62380,2012098235,6,67,67301,2012,9,4,1800,18,1,1,0,1,1, , ,N,0,0,0,3,0,1,2,2,N,N,40 04:23.899,75 02:10.793,1810, ,1800,1,1,2,N, ,0,N, , , , ,710010, , , ,2,2,0,0,0,0,0,0,0,0,0,1,1,0,0,0,0,0,0,0,0,0,1,0,0,0,0,0,0,0,0,0,0,0,0,4,0,40.0733,-75.0363, , 
 ,62381,2012099039,6,67,67301,2012,9,3,1631,16,1,1,0,8,1, , ,N,5,3,0,3,0,1,2,2,N,N,39 57:59.598,75 08:45.243,1632, ,1631,1,1,1, , ,3,N, , , , ,710012, , , ,1,1,0,0,0,0,0,0,0,0,0,1,1,0,0,0,0,0,0,0,0,0,0,0,0,0,0,0,0,0,0,0,1,0,0,4,0,39.9666,-75.1459, , 
 ,62382,2012117249,6,67,67301,2012,10,5,951,9,1,1,0,4,1, , ,N,1,3,0,3,0,3,3,2,N, ,39 59:59.654,75 09:00.593,1000, ,957, ,0, , , ,3, , , , , ,710023, , , ,2,2,0,0,0,0,0,0,0,0,0,1,3,2,0,0,0,0,0,1,0,0,0,0,0,0,0,0,0,0,0,0,0,0,0,4,0,39.9999,-75.1502, , 
 ,62383,2012071432,6,67,67301,2012,7,1,2224,22,3,2,1,7,2, , ,N,0,0,0,3,0,0,1,1,N,N,39 56:41.495,75 08:33.895,2350, ,2350,2,1,2,N, ,0,N, , , , ,710041, , , ,1,1,0,0,0,0,0,0,0,0,0,0,0,0,0,0,0,0,0,0,0,0,0,0,0,0,0,0,0,0,0,0,0,0,0,0,0,39.9449,-75.1427, , 
 ,62384,2012078638,6,67,67301,2012,7,1,2318,23,3,1,0,4,1, , ,N,1,2,0,3,0,2,2,2,N,N,40 00:38.808,75 07:35.921,2330, ,2320, ,0, ,N, ,3, , , , , ,710043, , , ,2,1,0,0,1,0,0,0,0,0,0,0,2,2,0,0,0,0,0,0,0,1,0,0,0,0,0,0,0,0,0,0,0,0,0,8,0,40.0108,-75.1266, , 
 ,62385,2012088993,6,67,67301,2012,8,4,230,2,3,2,1,2,1, , ,N,0,2,0,3,0,1,5,3,N,N,39 58:25.773,75 12:23.417,245, ,239, ,0, ,N, ,3, , , , , ,710058, , , ,3,2,0,0,0,1,0,0,0,0,0,0,1,1,0,0,0,0,0,0,0,0,0,0,0,0,0,0,0,0,0,0,0,0,0,8,0,39.9738,-75.2065, , 