wz_ln_closure,objectid_1,crn,district,county,municipality,crash_year,crash_month,day_of_week,time_of_day,hour_of_day,illumination,weather,road_condition,collision_type,relation_to_road,work_zone_type,work_zone_loc,work_zone_ind,intersect_type,tcd_type,location_type,urban_rural,fatal_count,injury_count,person_count,total_units,sch_bus_ind,sch_zone_ind,latitude,longitude,arrival_tm,cons_zone_spd_lim,dispatch_tm,est_hrs_closed,lane_closed,ln_close_dir,ntfy_hiwy_maint,spec_juris_cd,tcd_func_cd,tfc_detour_ind,workers_pres,wz_close_detour,wz_flagger,wz_law_offcr_ind,objectid,wz_moving,wz_other,wz_shlder_mdn,vehicle_count,automobile_count,motorcycle_count,bus_count,small_truck_count,heavy_truck_count,suv_count,van_count,bicycle_count,maj_inj_count,mod_inj_count,min_inj_count,tot_inj_count,unk_inj_deg_count,unk_inj_per_count,driver_count_16yr,driver_count_17yr,driver_count_18yr,driver_count_19yr,driver_count_20yr,driver_count_50_64yr,driver_count_65_74yr,driver_count_75plus,unbelted_occ_count,unb_death_count,unb_maj_inj_count,belted_death_count,belted_maj_inj_count,mcycle_death_count,mcycle_maj_inj_count,bicycle_death_count,bicycle_maj_inj_count,ped_count,ped_death_count,ped_maj_inj_count,max_severity_level,comm_veh_count,dec_lat,dec_long,rdwy_surf_type_cd,county_name
 ,62386,2012078397,6,67,67301,2012,6,4,705,7,1,1,0,4,1, , ,N,1,2,0,3,0,3,4,3,N, ,39 57:32.371,75 10:26.147,711, ,706,2,2,6, , ,3,Y, , , , ,710093, , , ,3,3,0,0,0,0,0,0,0,0,0,0,3,3,0,0,0,0,0,0,0,1,0,0,0,0,0,0,0,0,0,0,0,0,0,8,0,39.959,-75.1739, , 
 ,62387,2012078442,6,67,67301,2012,7,7,1818,18,1,1,0,4,1, , ,N,1,2,0,3,0,1,2,2,N, ,39 58:48.567,75 10:09.473,1820, ,1818, ,0, , , ,3, , , , , ,710094, , , ,2,0,0,0,0,0,1,1,0,0,0,0,1,1,0,0,1,0,0,0,0,0,0,0,0,0,0,0,0,0,0,0,0,0,0,8,0,39.9802,-75.1693, , 
 ,62388,2012098436,6,67,67301,2012,9,4,1525,15,1,1,0,8,1, , ,N,0,0,0,3,0,1,2,2,N,N,39 56:06.428,75 13:14.707,9999, ,1539, ,0, , , ,0, , , , , ,712909, , , ,1,0,0,0,0,0,0,1,0,0,0,1,1,0,0,0,0,0,0,0,0,0,0,0,0,0,0,0,0,0,0,0,1,0,0,4,0,39.9351,-75.2208, , 
 ,62389,2012066514,6,67,67301,2012,6,2,1800,18,1,2,1,1,5, , ,N,0,0,0,3,0,1,1,2,N,N,39 59:53.146,75 07:34.173,1806, ,1804, ,0, ,N, ,0, , , , , ,712916, , , ,2,1,0,0,1,0,0,0,0,0,0,0,1,1,0,0,0,0,0,0,0,0,0,0,0,0,0,0,0,0,0,0,0,0,0,8,0,39.9981,-75.1262, , 
 ,62390,2012066733,6,67,67301,2012,6,6,1442,14,1,1,0,7,5, , ,N,0,0,0,3,0,1,1,1,N,N,40 02:12.685,75 03:44.227,1500, ,1449, ,0, ,N, ,0, , , , , ,712917, , , ,1,1,0,0,0,0,0,0,0,0,0,0,1,1,0,0,0,0,0,0,1,0,0,0,0,0,0,0,0,0,0,0,0,0,0,8,0,40.0369,-75.0623, , 
 ,62391,2012078402,6,67,67301,2012,7,2,1430,14,1,1,0,4,7, , ,N,1,3,2,3,0,1,2,2,N,N,40 01:12.005,75 09:07.946,1440, ,1435, ,0, ,N, ,3, , , , , ,712934, , , ,2,2,0,0,0,0,0,0,0,0,0,0,1,1,0,0,0,0,0,0,2,0,0,0,0,0,0,0,0,0,0,0,0,0,0,8,0,40.02,-75.1522, , 
 ,62392,2012066525,6,67,67301,2012,6,1,9999,99,1,1,1,1,1, , ,N,3,0,0,3,0,0,5,4,N, ,40 02:47.137,75 09:29.296,9999, ,1500, ,0, , , ,0, , , , , ,712970, , , ,4,3,0,0,0,0,1,0,0,0,0,0,0,0,0,0,0,0,0,0,0,0,0,0,0,0,0,0,0,0,0,0,0,0,0,0,0,40.0464,-75.1581, , 
 ,62393,2012068889,6,67,67301,2012,6,1,1315,13,1,1,0,3,1, , ,N,0,0,0,3,0,1,2,2,N, ,39 55:14.610,75 09:48.520,2220, ,2215, ,0, , , ,0, , , , , ,712980, , , ,2,1,0,0,0,0,0,1,0,0,0,0,1,1,0,0,0,0,0,0,0,1,0,0,0,0,0,0,0,0,0,0,0,0,0,8,0,39.9207,-75.1635, , 
 ,62394,2012069342,6,67,67301,2012,5,1,600,6,1,1,0,4,1, , ,N,2,0,0,3,0,2,3,2,N,N,40 06:44.373,75 01:31.418,610, ,605, ,0, , , ,0, , , , , ,712983, , , ,2,2,0,0,0,0,0,0,0,0,0,2,2,0,0,0,0,0,0,0,0,1,0,0,0,0,0,0,0,0,0,0,0,0,0,4,0,40.1123,-75.0254, , 
 ,62395,2012083429,6,67,67301,2012,7,4,1000,10,1,7,0,5,1, , ,N,0,0,0,3,0,2,4,2,N, ,39 59:35.376,75 08:52.432,1025, ,1022, ,0, , , ,0, , , , , ,712993, , , ,2,0,0,1,0,0,0,1,0,0,0,0,2,2,0,0,0,0,0,0,1,0,0,0,0,0,0,0,0,0,0,0,0,0,0,8,1,39.9932,-75.1479, , 
 ,62396,2012088584,6,67,67301,2012,8,3,1748,17,1,2,1,1,1, , ,N,0,0,0,3,0,1,4,7,N, ,40 01:42.232,75 04:27.557,1806, ,1802,9,1,1, , ,0,N, , , , ,712999, , , ,3,3,0,0,0,0,0,0,0,0,0,0,1,1,0,0,0,0,0,0,1,0,0,0,0,0,0,0,0,0,0,0,0,0,0,8,0,40.0284,-75.0743, , 
 ,62397,2012098545,6,67,67301,2012,9,6,9999,99,1,1,0,8,1, , ,N,0,0,0,3,0,3,3,4,N,N,40 03:46.940,75 05:11.620,825, ,805, ,0, ,N, ,0, , , , , ,713005, , , ,1,0,0,0,1,0,0,0,0,0,0,3,3,0,0,0,0,0,0,0,0,0,0,0,0,0,0,0,0,0,0,0,3,0,0,4,0,40.063,-75.0866, , 
 ,62398,2012078178,6,67,67301,2012,7,6,1910,19,1,1,0,4,1, , ,N,1,1,0,3,0,0,2,2,N, ,40 02:18.924,75 11:01.193,1912, ,1910, ,0, , , ,3, , , , , ,713022, , , ,2,2,0,0,0,0,0,0,0,0,0,0,0,0,0,0,0,0,0,0,0,1,0,0,0,0,0,0,0,0,0,0,0,0,0,0,0,40.0386,-75.1837, , 
 ,62399,2012079476,6,67,67301,2012,8,2,1334,13,1,1,0,1,1, , ,N,0,0,0,3,0,1,4,3,N,N,39 57:26.617,75 08:49.702,1350, ,1335, ,0, ,N, ,0, , , , , ,713036, , , ,3,2,0,0,0,0,1,0,0,0,0,0,1,1,0,0,0,0,0,0,3,0,0,0,0,0,0,0,0,0,0,0,0,0,0,8,0,39.9574,-75.1471, , 
 ,62400,2012083353,6,67,67301,2012,7,6,457,4,2,1,0,4,6, , ,N,0,0,0,3,0,1,1,3,N,N,40 02:41.752,75 01:20.775,510, ,500,2,1,6,N, ,0,N, , , , ,713042, , , ,3,3,0,0,0,0,0,0,0,0,0,1,1,0,0,0,0,0,0,0,0,0,0,1,0,0,0,0,0,0,0,0,0,0,0,4,0,40.0449,-75.0224, , 
 ,62401,2012085824,6,67,67301,2012,7,5,35,0,3,2,1,1,1, , ,N,1,0,0,3,0,1,4,2,N,N,40 01:03.407,75 09:17.178,36, ,35, ,0, , , ,0, , , , , ,713045, , , ,2,1,0,0,0,0,0,1,0,0,0,1,1,0,0,0,0,0,0,0,0,0,0,0,0,0,0,0,0,0,0,0,0,0,0,4,0,40.0176,-75.1548, , 
 ,62402,2012085845,6,67,67301,2012,8,5,1444,14,1,1,0,8,1, , ,N,1,0,0,3,0,1,2,2,N,N,39 57:08.987,75 10:37.232,1445, ,1445, ,0, , , ,0, , , , , ,713046, , , ,1,1,0,0,0,0,0,0,0,0,0,0,1,1,0,0,0,0,0,0,0,0,0,0,0,0,0,0,0,0,0,0,1,0,0,8,0,39.9525,-75.177, , 
 ,62403,2012095584,6,67,67301,2012,8,2,1802,18,1,1,0,2,1, , ,N,0,0,0,3,1,29,58,2,N,N,40 02:48.469,75 08:43.533,1815, ,1814,3,2,5, ,0,0,Y, , , , ,713051, , , ,2,1,0,1,0,0,0,0,0,1,0,28,29,0,0,0,0,0,0,0,1,0,0,1,1,0,0,1,0,0,0,0,0,0,0,1,1,40.0468,-75.1454,2, 
 ,62404,2012098399,6,67,67301,2012,8,7,915,9,1,1,0,5,6, , ,N,0,3,0,3,0,0,2,2,N,N,39 57:57.052,75 09:58.496,940, ,936, ,0, , , ,3, , , , , ,713066, , , ,2,2,0,0,0,0,0,0,0,0,0,0,0,0,0,0,0,0,0,0,0,0,0,1,0,0,0,0,0,0,0,0,0,0,0,9,0,39.9658,-75.1662, , 
 ,62405,2012098440,6,67,67301,2012,8,4,1020,10,1,1,0,4,1, , ,N,0,0,7,3,0,1,2,2,N,N,39 56:27.910,75 11:51.351,1025, ,1039, ,0, ,N, ,0, , , , , ,713067, , , ,2,2,0,0,0,0,0,0,0,0,0,1,1,0,0,0,0,0,0,0,0,0,0,0,0,0,0,0,0,0,0,0,0,0,0,4,0,39.9411,-75.1976, , 
 ,62406,2012099342,6,67,67301,2012,9,7,2002,20,3,2,1,1,1, , ,N,2,2,0,3,0,0,3,2,N,N,39 54:04.758,75 14:21.973,2046, ,2034, ,0, ,N, ,3, , , , , ,713070, , , ,2,1,0,0,0,0,1,0,0,0,0,0,0,0,0,0,0,1,0,0,1,0,0,0,0,0,0,0,0,0,0,0,0,0,0,0,0,39.9014,-75.2393, , 
 ,62407,2012063977,6,67,67301,2012,5,7,9999,99,4,1,0,8,1, , ,N,0,0,0,3,0,1,2,2,N,N,39 55:19.106,75 09:39.477,2005, ,2002,9,2,4,N, ,0,Y, , , , ,718662, , , ,1,0,0,0,0,0,1,0,0,0,0,1,1,0,0,0,0,0,0,0,0,0,0,1,0,0,0,0,0,0,0,0,1,0,0,4,0,39.922,-75.161, , 
 ,62408,2012071918,6,67,67301,2012,7,7,48,0,3,1,0,1,1, , ,N,0,0,0,3,0,3,5,3,N,N,39 56:31.114,75 11:38.408,57, ,57,2,2,4,N, ,0,N, , , , ,718674, , , ,3,2,0,0,0,0,1,0,0,0,0,1,3,2,0,0,0,0,0,0,0,0,0,1,0,0,0,0,0,0,0,0,0,0,0,4,0,39.941,-75.1949, , 
 ,62409,2012073552,6,67,67301,2012,6,7,225,2,3,1,0,7,5, , ,N,0,0,0,3,0,4,4,1,N,N,40 02:11.900,75 03:53.648,230, ,225, ,0, , , ,0, , , , , ,718710, , , ,1,0,0,0,1,0,0,0,0,0,0,0,4,4,0,0,0,0,0,0,0,0,0,4,0,0,0,0,0,0,0,0,0,0,0,8,0,40.0366,-75.0649, , 
 ,62410,2012096055,6,67,67301,2012,8,3,3,0,3,1,0,4,1, , ,N,1,2,0,3,0,0,0,2,N, ,39 57:17.491,75 09:04.108,12, ,8,2,1,3, , ,3,N, , , , ,718722, , , ,2,2,0,0,0,0,0,0,0,0,0,0,0,0,0,0,0,0,0,0,0,0,0,0,0,0,0,0,0,0,0,0,0,0,0,9,0,39.9549,-75.1511, , 
 ,62411,2012098208,6,67,67301,2012,8,3,2350,23,3,1,0,8,1, , ,N,2,3,0,3,0,1,3,1,N,N,39 58:26.371,75 16:08.389,2, ,1, ,0, , , ,3, , , , , ,718725, , , ,1,1,0,0,0,0,0,0,0,0,1,0,1,0,0,0,0,0,0,0,0,0,0,0,0,0,0,0,0,0,0,0,1,0,0,3,0,39.974,-75.269, , 
 ,62412,2012098486,6,67,67301,2012,9,3,9999,99,1,1,0,1,2, , ,N,1,0,0,3,0,1,1,3,N,N,39 58:02.240,75 08:12.065,1008, ,1007,2,2,5,N, ,0,Y, , , , ,718726, , , ,3,3,0,0,0,0,0,0,0,0,1,0,1,0,0,0,0,0,0,0,0,0,0,0,0,0,0,0,0,0,0,0,0,0,0,3,0,39.9673,-75.1367, , 
 ,62413,2012104279,6,67,67301,2012,9,5,1548,15,1,1,0,2,1, , ,N,1,3,0,3,0,4,6,2,Y,N,40 00:57.204,75 06:40.881,1610, ,1603, ,0, ,N, ,3, , , , , ,718731, , , ,2,1,0,1,0,0,0,0,0,2,0,0,2,0,1,0,0,0,0,0,0,0,0,0,0,0,0,0,0,0,0,0,0,0,0,2,1,40.0159,-75.1114, , 
 ,62414,2012095437,6,67,67301,2012,8,2,1717,17,1,1,0,5,1, , ,N,1,0,0,3,0,1,1,2,N,N,39 57:55.076,75 11:46.600,1720, ,1718, ,0, ,N, ,0, , , , , ,718788, , , ,1,1,0,0,0,0,0,0,1,0,0,1,1,0,0,0,0,0,0,0,0,0,0,0,0,0,0,0,0,0,0,0,0,0,0,4,0,39.9653,-75.1963, , 
 ,62415,2012098427,6,67,67301,2012,9,6,1541,15,1,1,0,8,1, , ,N,0,0,0,3,0,1,2,2,N,N,39 56:51.769,75 13:55.701,1550, ,1543, ,0, ,N, ,0, , , , , ,718818, , , ,1,0,0,0,0,1,0,0,0,0,0,0,1,1,0,0,0,0,0,0,0,0,0,0,0,0,0,0,0,0,0,0,1,0,0,8,1,39.9477,-75.2321, , 
 ,62416,2012109884,6,67,67301,2012,10,5,610,6,3,2,1,4,1, , ,N,1,3,0,3,0,0,1,3,N,N,40 03:11.660,75 09:27.723,620, ,615, ,0, ,N, ,3, , , , , ,718827, , , ,3,1,0,0,0,0,2,0,0,0,0,0,0,0,0,0,0,0,0,0,1,0,0,0,0,0,0,0,0,0,0,0,0,0,0,0,0,40.0532,-75.1577, , 
 ,62417,2012111756,6,67,67301,2012,10,5,1057,10,1,1,0,1,1, , ,N,0,0,0,3,0,1,2,2,Y,N,40 04:54.040,74 59:39.691,1600, ,1557, ,0, ,N, ,0, , , , , ,718830, , , ,2,1,0,0,1,0,0,0,0,0,0,0,1,1,0,0,0,0,0,0,1,0,0,0,0,0,0,0,0,0,0,0,0,0,0,8,0,40.0817,-74.9944, , 
 ,62418,2012117326,6,67,67301,2012,10,4,755,7,1,1,0,7,5, , ,N,0,0,0,3,0,1,1,1,N,N,40 04:09.348,75 02:23.208,815, ,804,2,1,2,N, ,0,N, , , , ,718836, , , ,1,1,0,0,0,0,0,0,0,0,0,0,1,1,0,0,0,0,0,0,1,0,0,0,0,0,0,0,0,0,0,0,0,0,0,8,0,40.0693,-75.0398, , 
 ,62419,2012122404,6,67,67301,2012,11,6,1845,18,3,1,0,4,1, , ,N,1,2,0,3,0,1,2,2,N,N,39 58:16.582,75 13:38.114,1850, ,1848,2,1,1,N, ,3,Y, , , , ,718839, , , ,1,0,0,0,0,0,1,0,0,0,0,1,1,0,0,0,0,0,0,0,0,0,0,0,0,0,0,0,0,0,0,0,0,0,0,4,0,39.9713,-75.2273, , 
 ,62420,2012066749,6,67,67301,2012,6,4,355,3,3,1,0,4,6, , ,N,0,0,0,3,0,0,1,3,N,N,39 56:17.158,75 10:36.794,400, ,357, ,0, ,N, ,0, , , , , ,718851, , , ,3,2,0,0,0,0,1,0,0,0,0,0,0,0,0,0,0,0,0,0,0,0,0,0,0,0,0,0,0,0,0,0,0,0,0,0,0,39.9381,-75.1769, , 
N,62421,2012080965,6,67,67301,2012,6,6,221,2,3,1,0,7,2,1,2,Y,0,1,0,3,0,0,1,1,N,N,40 02:10.712,75 00:57.654,223,45,222, ,0, ,N, ,3, ,Y,N,N,Y,718862,N,N,Y,1,1,0,0,0,0,0,0,0,0,0,0,0,0,0,0,0,0,0,0,0,0,0,0,0,0,0,0,0,0,0,0,0,0,0,0,0,40.0363,-75.016, , 
 ,62422,2012095402,6,67,67301,2012,8,3,2230,22,3,1,0,1,1, , ,N,1,2,0,3,0,2,3,2,N,N,40 02:12.109,75 09:30.211,2045, ,2026, ,0, ,N, ,3, , , , , ,718876, , , ,2,1,0,0,0,0,1,0,0,0,0,2,2,0,0,0,0,0,0,0,0,0,0,0,0,0,0,0,0,0,0,0,0,0,0,4,0,40.0367,-75.1584, , 
 ,62423,2012098387,6,67,67301,2012,9,3,1125,11,1,2,1,4,1, , ,N,1,2,0,3,0,0,2,2,N,N,40 01:59.916,75 04:48.230,1143, ,1138, ,0, ,N, ,3, , , , , ,718883, , , ,2,0,0,0,1,0,1,0,0,0,0,0,0,0,0,0,0,0,0,0,1,1,0,0,0,0,0,0,0,0,0,0,0,0,0,0,0,40.0333,-75.0801, , 
 ,62424,2012098999,6,67,67301,2012,9,4,9999,99,3,1,0,4,1, , ,N,1,2,0,3,0,2,4,5,N,N,39 55:25.207,75 10:46.852,234, ,234,3,2,6,N, ,3,Y, , , , ,718885, , , ,5,2,0,1,0,0,2,0,0,0,0,1,2,1,0,0,0,0,0,0,0,0,0,1,0,0,0,0,0,0,0,0,0,0,0,4,1,39.9234,-75.1813, , 
 ,62425,2012080029,6,67,67301,2012,6,3,2150,21,3,1,0,4,1, , ,N,1,2,0,3,0,1,2,2,N,N,39 58:48.338,75 08:40.981,2153, ,2150, ,0, , , ,3, , , , , ,716122, , , ,1,0,0,0,1,0,0,0,1,0,1,0,1,0,0,0,0,0,0,0,0,0,1,0,0,0,0,0,0,0,0,0,0,0,0,3,0,39.9801,-75.1447, , 
 ,62426,2012083400,6,67,67301,2012,7,5,1250,12,1,1,0,4,1, , ,N,0,0,7,3,0,1,3,2,N,N,40 00:08.197,75 06:35.434,1315, ,1308, ,0, ,N, ,0, , , , , ,716126, , , ,1,0,0,0,0,0,0,1,1,0,0,1,1,0,0,0,0,0,0,0,0,0,0,0,0,0,0,0,0,0,0,0,0,0,0,4,0,40.0023,-75.1098, , 
 ,62427,2012095491,6,67,67301,2012,8,4,835,8,1,1,0,8,1, , ,N,0,0,0,3,0,1,1,2,N, ,39 59:46.572,75 06:22.201,9999, ,9999, ,0, , , ,0, , , , , ,716139, , , ,1,1,0,0,0,0,0,0,0,0,0,0,1,1,0,0,0,0,0,0,0,0,0,0,0,0,0,0,0,0,0,0,0,0,0,8,0,39.9963,-75.1062, , 
 ,62428,2012077901,6,67,67301,2012,7,6,221,2,3,1,0,7,2, , ,N,0,0,0,3,0,2,2,1,N,N,39 55:54.148,75 08:43.844,231, ,231, ,0, ,N, ,0, , , , , ,716154, , , ,1,1,0,0,0,0,0,0,0,0,0,0,2,2,0,0,0,0,0,0,0,0,0,1,0,0,0,0,0,0,0,0,0,0,0,8,0,39.9316,-75.1455, , 
 ,62429,2012080657,6,67,67301,2012,8,6,1516,15,1,1,0,1,1, , ,N,0,0,0,3,0,0,3,3,N,N,39 58:04.308,75 11:23.559,1545, ,1520, ,0, ,N, ,0, , , , , ,716163, , , ,3,1,0,0,0,0,0,1,0,0,0,0,0,0,1,0,0,0,0,0,1,0,0,0,0,0,0,0,0,0,0,0,0,0,0,9,0,39.9679,-75.1899, , 
 ,62430,2012099385,6,67,67301,2012,9,3,1715,17,1,2,7,1,1, , ,N,1,3,0,3,0,0,3,2,N, ,39 55:56.744,75 09:16.016,1730, ,1719, ,0, , , ,3, , , , , ,716175, , , ,2,2,0,0,0,0,0,0,0,0,0,0,1,1,0,0,0,0,0,0,0,0,0,0,0,0,0,0,0,0,0,0,0,0,0,8,0,39.9324,-75.1544, , 
 ,62431,2012104228,6,67,67301,2012,8,2,1815,18,1,1,0,4,1, , ,N,1,2,0,3,0,1,2,2,N, ,39 56:12.075,75 10:01.033,1825, ,1821,3,1,1, , ,3,Y, , , , ,716180, , , ,1,1,0,0,0,0,0,0,1,0,0,0,1,1,0,0,0,0,0,0,0,0,0,0,0,0,0,0,0,0,0,0,2,0,0,8,0,39.9367,-75.1669, , 
 ,62432,2012095453,6,67,67301,2012,8,4,905,9,3,1,0,1,1, , ,N,1,2,0,3,0,2,1,3,N,N,39 59:04.850,75 09:23.377,905, ,905,9,1,1,N, ,3,N, , , , ,716214, , , ,3,2,0,0,0,0,1,0,0,0,0,1,1,0,0,0,0,0,0,0,0,0,0,0,0,0,0,0,0,0,0,0,0,0,0,4,0,39.9847,-75.1565, , 
 ,62433,2012098181,6,67,67301,2012,9,2,9999,99,3,1,0,1,1, , ,N,1,4,0,3,0,2,4,2,N,N,39 53:23.198,75 14:01.809,2020, ,2014, ,0, ,N, ,3, , , , , ,716215, , , ,2,2,0,0,0,0,0,0,0,0,0,0,0,0,1,0,0,0,0,0,1,0,0,0,0,0,0,0,0,0,0,0,0,0,0,9,0,39.8898,-75.2338, , 
 ,62434,2012056739,6,67,67301,2012,5,7,2312,23,3,1,0,7,5, , ,N,0,0,0,3,0,0,3,1,N, ,39 59:48.195,75 09:32.086,2318, ,2314,9,1,1, , ,0,N, , , , ,716249, , , ,1,1,0,0,0,0,0,0,0,0,0,0,0,0,0,0,0,0,0,0,0,0,0,0,0,0,0,0,0,0,0,0,0,0,0,0,0,39.9967,-75.1589, , 
 ,62435,2012080786,6,67,67301,2012,7,2,2218,22,3,1,0,4,1, , ,N,1,2,0,3,0,2,3,2,N,N,39 55:40.490,75 11:14.888,2218, ,2218, ,0, , , ,3, , , , , ,716252, , , ,2,1,0,0,0,0,0,1,0,0,0,2,2,0,1,0,0,0,0,0,0,0,0,2,0,0,0,0,0,0,0,0,0,0,0,4,0,39.9279,-75.1875, , 
 ,62436,2012083155,6,67,67301,2012,7,5,2010,20,3,2,1,8,1, , ,N,1,2,0,3,0,1,2,2,N, ,39 55:19.930,75 13:49.176,2200, ,2150, ,0, , , ,3, , , , , ,716253, , , ,1,1,0,0,0,0,0,0,0,0,0,1,1,0,0,0,0,0,0,0,0,0,0,0,0,0,0,0,0,0,0,0,1,0,0,4,0,39.9222,-75.2303, , 
 ,62437,2012098248,6,67,67301,2012,9,7,2110,21,3,1,0,4,1, , ,N,2,3,7,3,0,0,6,2,N,N,40 02:47.170,75 03:27.566,2115, ,2115,1,2,4,N, ,3,Y, , , , ,716273, , , ,2,1,0,0,0,0,1,0,0,0,0,1,1,0,1,0,0,0,0,0,0,0,0,0,0,0,0,0,0,0,0,0,0,0,0,4,0,40.0464,-75.0576, , 
 ,62438,2012115478,6,67,67301,2012,11,4,900,9,1,1,0,5,1, , ,N,0,0,0,3,0,1,3,3,N,N,39 58:38.414,75 12:01.391,916, ,910,1,1,3,N, ,0,N, , , , ,716289, , , ,3,3,0,0,0,0,0,0,0,0,0,0,1,1,0,0,0,0,0,0,1,0,0,0,0,0,0,0,0,0,0,0,0,0,0,8,0,39.9773,-75.2004, , 
 ,62439,2012095499,6,67,67301,2012,8,4,1540,15,1,2,1,7,4, , ,N,0,0,1,3,0,2,2,1,N,N,39 58:50.422,75 13:43.953,1545, ,1545, ,0, , , ,0, , , , , ,716322, , , ,1,0,0,0,0,0,0,1,0,0,0,0,2,2,0,0,0,0,0,0,0,0,0,0,0,0,0,0,0,0,0,0,0,0,0,8,0,39.9807,-75.2289, , 
 ,62440,2012095607,6,67,67301,2012,8,3,1505,15,1,1,0,4,1, , ,N,1,2,0,3,0,0,3,2,N, ,40 03:49.505,75 05:00.516,1538, ,1532, ,0, , , ,3, , , , , ,716323, , , ,2,2,0,0,0,0,0,0,0,0,0,0,0,0,1,0,0,0,0,0,0,0,0,0,0,0,0,0,0,0,0,0,0,0,0,9,0,40.0638,-75.0835, , 
 ,62441,2012098450,6,67,67301,2012,8,3,1447,14,1,1,0,4,1, , ,N,1,2,0,3,0,0,2,2,N,N,40 01:40.946,75 06:36.204,1450, ,1449, ,0, ,N, ,3, , , , , ,716326, , , ,2,0,0,0,0,0,2,0,0,0,0,0,0,0,2,0,0,0,0,0,0,0,0,0,0,0,0,0,0,0,0,0,0,0,0,9,0,40.028,-75.1101, , 
 ,62442,2012103991,6,67,67301,2012,9,6,1600,16,1,1,0,2,1, , ,N,0,0,0,3,0,1,2,1,N, ,39 59:38.878,75 07:11.316,1600, ,1600, ,0, , , ,0, , , , , ,716329, , , ,1,1,0,0,0,0,0,0,1,0,0,0,1,1,0,0,0,0,0,0,0,0,0,0,0,0,0,0,0,0,0,0,0,0,0,8,0,39.9941,-75.1198, , 
 ,62443,2012109699,6,67,67301,2012,10,4,2324,23,3,1,0,4,1, , ,N,1,2,0,3,0,1,2,2,N,N,40 01:24.018,75 10:44.495,9999, ,9999, ,0, ,N, ,9, , , , , ,710110, , , ,2,2,0,0,0,0,0,0,0,0,0,0,1,1,1,0,0,0,0,0,0,0,0,0,0,0,0,0,0,0,0,0,0,0,0,8,0,40.0233,-75.179, , 
 ,62444,2012115285,6,67,67301,2012,9,7,1430,14,1,1,0,4,1, , ,N,1,3,0,3,0,1,2,2,N,N,39 56:38.929,75 13:41.444,0, ,0, ,0, ,N, ,3, , , , , ,710118, , , ,2,1,0,0,0,0,0,1,0,0,0,0,1,1,1,0,0,0,0,0,0,0,0,0,0,0,0,0,0,0,0,0,0,0,0,8,0,39.9441,-75.2282, , 
 ,62445,2012048206,6,67,67301,2012,4,7,30,0,3,1,0,8,1, , ,N,0,0,0,3,0,2,3,3,N,N,39 57:22.218,75 09:44.119,108, ,102, ,0, ,N, ,0, , , , , ,710124, , , ,1,1,0,0,0,0,0,0,0,0,0,0,2,2,0,0,0,0,0,0,0,0,0,0,0,0,0,0,0,0,0,0,2,0,0,8,0,39.9562,-75.1623, , 
 ,62446,2012048216,6,67,67301,2012,4,6,2005,20,3,1,0,4,1, , ,N,2,0,0,3,0,1,2,2,N, ,40 03:23.650,75 01:32.886,2033, ,2032, ,0, , , ,0, , , , , ,710125, , , ,2,2,0,0,0,0,0,0,0,0,0,0,1,1,0,0,0,0,0,0,1,0,0,0,0,0,0,0,0,0,0,0,0,0,0,8,0,40.0564,-75.0258, , 
 ,62447,2012048272,6,67,67301,2012,4,3,2342,23,3,1,0,6,1, , ,N,0,0,0,3,0,1,1,3,N,N,40 05:04.045,75 01:49.440,43, ,42, ,0, ,N, ,0, , , , , ,710126, , , ,3,2,0,0,0,0,1,0,0,0,0,1,1,0,0,0,0,0,1,0,0,0,0,0,0,0,0,0,0,0,0,0,0,0,0,4,0,40.0845,-75.0304, , 
 ,62448,2012048329,6,67,67301,2012,4,1,949,9,1,1,1,7,2, , ,N,0,0,0,3,0,0,1,1,N, ,40 00:58.163,75 12:14.869,953, ,949,2,2,1,N, ,0,N, , , , ,710127, , , ,1,1,0,0,0,0,0,0,0,0,0,0,0,0,0,0,0,0,0,0,1,0,0,0,0,0,0,0,0,0,0,0,0,0,0,0,0,40.0162,-75.2041, , 
 ,62449,2012050222,6,67,67301,2012,4,2,2011,20,3,1,0,1,1, , ,N,1,2,0,3,0,2,2,2,N, ,40 01:58.666,75 04:49.057,2015, ,2011,1,1,2, , ,3,N, , , , ,710129, , , ,2,2,0,0,0,0,0,0,0,0,0,2,2,0,0,0,0,0,0,0,0,0,0,1,0,0,0,0,0,0,0,0,0,0,0,4,0,40.033,-75.0802, , 
 ,62450,2012083211,6,67,67301,2012,8,1,1310,13,1,1,0,8,1, , ,N,1,2,0,3,0,1,2,2,N, ,39 56:55.283,75 09:32.299,1320, ,1315, ,0, , , ,3, , , , , ,710130, , , ,1,1,0,0,0,0,0,0,0,0,1,0,1,0,0,0,0,0,0,0,0,0,0,1,0,0,0,0,0,0,0,0,1,0,0,3,0,39.9487,-75.1589, , 
 ,62451,2012088572,6,67,67301,2012,8,6,640,6,1,1,0,1,1, , ,N,0,0,0,3,0,1,2,2,N,N,40 00:06.505,75 07:28.523,653, ,650, ,0, ,N, ,0, , , , , ,710135, , , ,1,1,0,0,0,0,0,0,0,0,0,1,1,0,0,0,0,0,0,0,0,0,0,1,0,0,0,0,0,0,0,0,0,0,0,4,0,40.0018,-75.1246, , 
 ,62452,2012098501,6,67,67301,2012,9,1,9999,99,3,1,0,7,4, , ,N,0,0,0,3,0,1,1,1,N,N,40 00:06.041,75 03:54.473,107, ,59,9,2,5,N, ,0,Y, , , , ,710148, , , ,1,1,0,0,0,0,0,0,0,0,0,0,1,1,0,0,0,0,0,0,0,0,0,0,0,0,0,0,0,0,0,0,0,0,0,8,0,40.0017,-75.0651, , 