wz_ln_closure,objectid_1,crn,district,county,municipality,crash_year,crash_month,day_of_week,time_of_day,hour_of_day,illumination,weather,road_condition,collision_type,relation_to_road,work_zone_type,work_zone_loc,work_zone_ind,intersect_type,tcd_type,location_type,urban_rural,fatal_count,injury_count,person_count,total_units,sch_bus_ind,sch_zone_ind,latitude,longitude,arrival_tm,cons_zone_spd_lim,dispatch_tm,est_hrs_closed,lane_closed,ln_close_dir,ntfy_hiwy_maint,spec_juris_cd,tcd_func_cd,tfc_detour_ind,workers_pres,wz_close_detour,wz_flagger,wz_law_offcr_ind,objectid,wz_moving,wz_other,wz_shlder_mdn,vehicle_count,automobile_count,motorcycle_count,bus_count,small_truck_count,heavy_truck_count,suv_count,van_count,bicycle_count,maj_inj_count,mod_inj_count,min_inj_count,tot_inj_count,unk_inj_deg_count,unk_inj_per_count,driver_count_16yr,driver_count_17yr,driver_count_18yr,driver_count_19yr,driver_count_20yr,driver_count_50_64yr,driver_count_65_74yr,driver_count_75plus,unbelted_occ_count,unb_death_count,unb_maj_inj_count,belted_death_count,belted_maj_inj_count,mcycle_death_count,mcycle_maj_inj_count,bicycle_death_count,bicycle_maj_inj_count,ped_count,ped_death_count,ped_maj_inj_count,max_severity_level,comm_veh_count,dec_lat,dec_long,rdwy_surf_type_cd,county_name
 ,62453,2012117239,6,67,67301,2012,10,6,1747,17,4,2,1,4,1, , ,N,2,3,0,3,0,1,4,2,N, ,40 03:57.124,75 08:49.347,1806, ,1804, ,0, , , ,3, , , , , ,710165, , , ,2,2,0,0,0,0,0,0,0,0,0,1,1,0,0,0,0,0,1,0,0,0,0,1,0,0,0,0,0,0,0,0,0,0,0,4,0,40.0659,-75.147, , 
 ,62454,2012069336,6,67,67301,2012,6,1,142,1,3,1,0,4,1, , ,N,0,0,0,3,0,1,3,4,N,N,40 01:15.956,75 13:00.670,148, ,148,3,2,1,N, ,0,Y, , , , ,710171, , , ,4,2,0,0,1,0,1,0,0,0,0,1,1,0,0,0,0,0,0,0,0,0,0,1,0,0,0,0,0,0,0,0,0,0,0,4,0,40.0211,-75.2169, , 
 ,62455,2012078416,6,67,67301,2012,7,1,1403,14,1,2,1,1,1, , ,N,0,0,0,3,0,0,4,2,N,N,40 02:09.929,75 09:19.994,1420, ,1412, ,0, ,N, ,0, , , , , ,710191, , , ,2,2,0,0,0,0,0,0,0,0,0,0,0,0,0,0,0,0,0,0,0,0,0,0,0,0,0,0,0,0,0,0,0,0,0,0,0,40.0361,-75.1556, , 
 ,62456,2012078540,6,67,67301,2012,7,3,2124,21,3,1,0,1,1, , ,N,0,0,0,3,0,1,1,2,N,N,39 56:19.705,75 10:27.826,2124, ,2124,1,1,3,N, ,0,Y, , , , ,710192, , , ,2,2,0,0,0,0,0,0,0,0,0,1,1,0,0,0,0,0,0,0,1,0,0,0,0,0,0,0,0,0,0,0,0,0,0,4,0,39.9388,-75.1744, , 
 ,62457,2012056716,6,67,67301,2012,5,3,942,9,1,2,1,4,1, , ,N,1,2,0,3,0,0,3,2,N,N,40 01:50.847,75 06:43.088,952, ,951,1,1,2,N, ,3,N, , , , ,710219, , , ,2,2,0,0,0,0,0,0,0,0,0,0,0,0,0,0,0,0,0,0,0,0,0,0,0,0,0,0,0,0,0,0,0,0,0,0,0,40.0308,-75.112, , 
 ,62458,2012066505,6,67,67301,2012,6,6,1954,19,1,1,0,4,1, , ,N,1,2,0,3,1,0,2,2,N,N,39 58:28.020,75 09:31.391,1956, ,1954,3,2,5,N,0,3,Y, , , , ,710226, , , ,2,1,1,0,0,0,0,0,0,0,0,0,0,0,0,0,0,0,0,0,0,0,0,0,0,0,0,0,1,0,0,0,0,0,0,1,0,39.9745,-75.1587,2, 
 ,62459,2012064034,6,67,67301,2012,5,7,740,7,1,1,0,4,1, , ,N,1,0,0,3,0,0,2,2,N,N,40 02:43.859,75 05:17.937,750, ,745,9,1,1, , ,0,Y, , , , ,710229, , , ,2,2,0,0,0,0,0,0,0,0,0,0,0,0,0,0,0,0,0,0,0,0,0,0,0,0,0,0,0,0,0,0,0,0,0,0,0,40.0455,-75.0883, , 
 ,62460,2012073578,6,67,67301,2012,6,4,930,9,1,1,1,1,1, , ,N,0,2,0,3,0,1,3,2,N,N,39 55:09.995,75 14:24.101,9999, ,9999, ,0, ,N, ,3, , , , , ,710236, , , ,2,0,0,0,0,0,1,1,0,0,0,1,1,0,0,0,0,0,0,0,0,1,0,0,0,0,0,0,0,0,0,0,0,0,0,4,0,39.9194,-75.24, , 
 ,62461,2012063890,6,67,67301,2012,5,5,1920,19,1,1,0,8,1, , ,N,1,0,0,3,0,1,2,2,N,N,39 59:03.192,75 06:29.825,2059, ,2053, ,0, ,N, ,0, , , , , ,713074, , , ,1,1,0,0,0,0,0,0,0,0,0,0,1,1,1,0,0,0,0,0,0,0,0,0,0,0,0,0,0,0,0,0,1,0,0,8,0,39.9842,-75.1083, , 
 ,62462,2012065164,6,67,67301,2012,6,6,503,5,3,1,0,7,2, , ,N,0,0,0,3,0,0,1,1,N,N,39 53:54.734,75 10:53.807,515, ,508, ,0, ,N, ,0, , , , , ,713075, , , ,1,1,0,0,0,0,0,0,0,0,0,0,0,0,1,0,0,0,0,0,0,0,0,0,0,0,0,0,0,0,0,0,0,0,0,9,0,39.8985,-75.1816, , 
 ,62463,2012066545,6,67,67301,2012,6,1,150,1,3,8,1,5,1, , ,N,0,0,2,3,0,1,3,2,N,N,39 56:59.751,75 08:31.566,158, ,156, ,0, ,N, ,0, , , , , ,713076, , , ,2,2,0,0,0,0,0,0,0,0,0,1,1,0,0,0,0,0,0,0,0,0,0,0,0,0,0,0,0,0,0,0,0,0,0,4,0,39.9499,-75.1421, , 
 ,62464,2012078594,6,67,67301,2012,6,7,1140,11,1,1,0,4,1, , ,N,10,0,0,3,0,1,2,2,N,N,39 58:56.395,75 13:11.873,1240, ,1240, ,0, ,N, ,0, , , , , ,713084, , , ,1,1,0,0,0,0,0,0,1,0,0,1,1,0,0,0,0,0,0,0,0,0,0,0,0,0,0,0,0,0,0,0,0,0,0,4,0,39.9823,-75.22, , 
 ,62465,2012083207,6,67,67301,2012,8,3,2100,21,3,1,0,1,1, , ,N,2,2,0,3,0,2,3,2,N,N,40 00:26.789,75 07:30.615,2130, ,2130, ,0, ,N, ,3, , , , , ,713087, , , ,2,2,0,0,0,0,0,0,0,0,0,2,2,0,0,0,0,0,0,1,0,0,0,0,0,0,0,0,0,0,0,0,0,0,0,4,0,40.0074,-75.1252, , 
 ,62466,2012083817,6,67,67301,2012,8,3,1710,17,1,1,0,4,1, , ,N,2,0,0,3,0,0,4,2,N,N,40 01:11.632,75 10:52.208,1755, ,1750, ,0, , , ,0, , , , , ,713088, , , ,2,1,0,0,1,0,0,0,0,0,0,0,0,0,0,0,0,0,1,0,0,0,0,0,0,0,0,0,0,0,0,0,0,0,0,0,0,40.0199,-75.1812, , 
 ,62467,2012104192,6,67,67301,2012,9,5,800,8,1,2,1,4,1, , ,N,0,0,0,3,0,1,2,2,N,N,39 59:03.566,75 12:11.404,820, ,810,1,1,1,N, ,0,N, , , , ,713105, , , ,2,2,0,0,0,0,0,0,0,0,0,1,1,0,0,0,0,0,0,0,1,0,0,0,0,0,0,0,0,0,0,0,0,0,0,4,0,39.9843,-75.2032, , 
 ,62468,2012111635,6,67,67301,2012,10,4,345,3,3,1,0,4,1, , ,N,1,2,0,3,0,0,2,2,N, ,40 03:08.516,75 14:10.540,405, ,400, ,0, , , ,3, , , , , ,713108, , , ,2,2,0,0,0,0,0,0,0,0,0,0,0,0,2,0,0,0,0,0,0,0,0,0,0,0,0,0,0,0,0,0,0,0,0,9,0,40.0524,-75.2363, , 
 ,62469,2012073604,6,67,67301,2012,6,2,1400,14,1,1,0,7,5, , ,N,2,0,0,3,0,1,1,1,N,N,40 06:23.326,75 01:48.353,1410, ,1409, ,0, ,N, ,0, , , , , ,713125, , , ,1,1,0,0,0,0,0,0,0,0,0,1,1,0,0,0,0,0,0,0,1,0,0,0,0,0,0,0,0,0,0,0,0,0,0,4,0,40.1065,-75.0301, , 
 ,62470,2012078600,6,67,67301,2012,7,2,920,9,1,1,0,1,1, , ,N,0,2,6,3,0,1,2,2,N,N,40 01:38.505,75 05:56.834,940, ,930, ,0, ,N, ,3, , , , , ,713129, , , ,2,0,0,1,0,0,0,0,0,0,0,1,1,0,0,0,0,0,0,0,0,0,0,0,0,0,0,0,0,0,0,0,0,0,0,4,1,40.0279,-75.0996, , 
 ,62471,2012078626,6,67,67301,2012,6,2,2222,22,3,1,0,4,1, , ,N,1,0,0,3,0,1,2,2,N,N,40 00:02.415,75 05:51.842,2229, ,2226, ,0, ,N, ,0, , , , , ,713130, , , ,1,0,0,0,0,1,0,0,1,0,0,1,1,0,0,0,0,0,0,0,0,0,0,0,0,0,0,0,0,0,0,0,0,0,0,4,1,40.0007,-75.0977, , 
 ,62472,2012088076,6,67,67301,2012,8,2,1135,11,1,1,0,1,1, , ,N,0,0,0,3,0,1,2,5,N,N,39 56:54.412,75 12:25.451,1200, ,1138, ,0, ,N, ,0, , , , , ,713136, , , ,5,4,0,0,0,0,0,1,0,0,0,1,1,0,0,0,0,0,0,0,0,0,0,0,0,0,0,0,0,0,0,0,0,0,0,4,0,39.9484,-75.2071, , 
 ,62473,2012095468,6,67,67301,2012,8,3,911,9,1,1,0,7,6, , ,N,0,0,0,3,0,1,1,2,N,N,40 01:29.881,75 12:48.826,917, ,912, ,0, ,N, ,0, , , , , ,713142, , , ,2,2,0,0,0,0,0,0,0,0,1,0,1,0,0,0,0,0,0,0,0,0,0,1,0,0,0,0,0,0,0,0,0,0,0,3,0,40.025,-75.2136, , 
 ,62474,2012105733,6,67,67301,2012,10,1,1925,19,3,1,0,1,1, , ,N,0,0,0,3,0,2,4,3,N,N,39 57:35.636,75 10:40.797,1929, ,1929,1,1,4,N, ,0,N, , , , ,713149, , , ,3,2,0,0,1,0,0,0,0,0,0,2,2,0,0,0,1,0,0,0,0,2,0,0,0,0,0,0,0,0,0,0,0,0,0,4,0,39.9599,-75.178, , 
 ,62475,2012111663,6,67,67301,2012,10,2,1700,17,1,2,1,4,1, , ,N,2,2,0,3,0,1,2,2,N,N,39 55:39.651,75 09:58.143,1708, ,1706, ,0, ,N, ,3, , , , , ,713155, , , ,1,0,0,0,0,0,1,0,1,0,0,1,1,0,0,0,0,0,0,0,0,0,0,0,0,0,0,0,0,0,0,0,0,0,0,4,0,39.9277,-75.1662, , 
 ,62476,2012056603,6,67,67301,2012,5,1,530,5,1,1,0,1,1, , ,N,3,2,0,3,0,0,2,2,N,N,40 02:50.984,75 06:44.541,541, ,540,1,1,3,N, ,3,N, , , , ,713166, , , ,2,1,0,0,0,0,1,0,0,0,0,0,0,0,0,0,0,0,0,0,0,1,0,0,0,0,0,0,0,0,0,0,0,0,0,0,0,40.0475,-75.1124, , 
 ,62477,2012068740,6,67,67301,2012,5,2,2100,21,3,1,0,4,1, , ,N,2,2,0,3,0,1,6,3,N, ,40 01:11.456,75 06:37.889,2130, ,2115, ,0, , , ,3, , , , , ,713174, , , ,3,3,0,0,0,0,0,0,0,0,1,0,1,0,0,0,0,0,0,0,1,0,0,0,0,0,0,0,0,0,0,0,0,0,0,3,0,40.0198,-75.1105, , 
 ,62478,2012078516,6,67,67301,2012,7,6,1853,18,1,1,0,4,1, , ,N,1,2,0,3,0,0,2,2,N,N,40 03:24.250,75 02:48.711,1858, ,1853,1,1,2,N, ,3,N, , , , ,713184, , , ,2,2,0,0,0,0,0,0,0,0,0,0,0,0,0,0,1,0,0,0,0,0,0,0,0,0,0,0,0,0,0,0,0,0,0,0,0,40.0567,-75.0469, , 
 ,62479,2012071295,6,67,67301,2012,7,4,801,8,1,1,0,1,1, , ,N,0,0,0,3,0,1,2,2,N,N,40 01:03.970,75 02:54.485,818, ,803,2,2,1,N, ,0,N, , , , ,713212, , , ,2,0,1,0,1,0,0,0,0,0,0,1,1,0,0,0,0,0,0,0,1,0,0,0,0,0,0,0,0,0,0,0,0,0,0,4,0,40.0177,-75.0486, , 
 ,62480,2012056554,6,67,67301,2012,5,3,1802,18,1,2,1,1,6, , ,N,0,0,0,3,0,1,1,2,N,N,39 56:42.210,75 09:17.840,1804, ,1802, ,0, ,N, ,0, , , , , ,718889, , , ,2,2,0,0,0,0,0,0,0,0,0,0,1,1,0,0,0,0,0,0,0,0,0,0,0,0,0,0,0,0,0,0,0,0,0,8,0,39.9451,-75.155, , 
 ,62481,2012060747,6,67,67301,2012,5,3,1300,13,1,2,1,8,1, , ,N,2,0,0,3,0,1,2,2,N,N,39 59:46.188,75 10:18.409,2027, ,2025, ,0, , , ,0, , , , , ,718893, , , ,1,1,0,0,0,0,0,0,0,0,1,0,1,0,0,0,0,0,0,0,0,0,0,0,0,0,0,0,0,0,0,0,1,0,0,3,0,39.9962,-75.1718, , 
 ,62482,2012066631,6,67,67301,2012,6,6,1215,12,1,1,0,4,1, , ,N,2,3,0,3,0,1,2,4,N,N,40 01:37.426,75 02:33.327,1228, ,1221,2,1,3,N, ,3,N, , , , ,718897, , , ,4,4,0,0,0,0,0,0,0,0,0,1,1,0,0,0,0,0,0,0,0,0,0,2,0,0,0,0,0,0,0,0,0,0,0,4,0,40.0271,-75.0426, , 
 ,62483,2012098341,6,67,67301,2012,9,6,1646,16,1,1,0,8,1, , ,N,1,2,0,3,0,1,1,2,N,N,39 57:14.396,75 13:48.057,1650, ,1646, ,0, ,N, ,3, , , , , ,718903, , , ,1,1,0,0,0,0,0,0,0,0,1,0,1,0,0,0,0,0,0,0,0,0,0,0,0,0,0,0,0,0,0,0,1,0,0,3,0,39.954,-75.23, , 
 ,62484,2012114395,6,67,67301,2012,10,3,2245,22,3,1,0,4,1, , ,N,1,3,0,3,0,1,3,2,N,N,40 00:53.607,75 06:33.559,13, ,11,2,1,6,N, ,3,Y, , , , ,718917, , , ,2,1,0,0,0,0,1,0,0,0,0,2,2,0,0,0,0,0,0,0,0,0,0,0,0,0,0,0,0,0,0,0,0,0,0,4,0,40.0149,-75.1093, , 
 ,62485,2012120528,6,67,67301,2012,11,1,2100,21,3,1,0,5,1, , ,N,1,2,0,3,0,0,4,2,N,N,39 57:27.542,75 09:44.544,2120, ,2112,1,1,3,N, ,3,N, , , , ,718929, , , ,2,1,0,0,0,0,1,0,0,0,0,0,0,0,0,0,0,0,0,0,0,0,0,0,0,0,0,0,0,0,0,0,0,0,0,0,0,39.9577,-75.1624, , 
 ,62486,2012119476,6,67,67301,2012,11,4,1150,11,1,1,0,1,1, , ,N,0,0,0,3,0,0,2,2,N,N,39 53:42.157,75 14:13.441,1155, ,1050, ,0, ,N, ,0, , , , , ,718948, , , ,2,1,0,0,0,1,0,0,0,0,0,0,0,0,0,0,0,0,0,0,1,0,0,0,0,0,0,0,0,0,0,0,0,0,0,0,1,39.895,-75.2371, , 
 ,62487,2012083241,6,67,67301,2012,7,6,9999,99,1,1,0,4,1, , ,N,1,3,0,3,0,0,2,2,N,N,40 03:50.306,75 03:34.568,910, ,859, ,0, ,N, ,3, , , , , ,718951, , , ,2,1,0,0,0,0,0,1,0,0,0,0,0,0,0,0,0,0,0,0,0,0,0,0,0,0,0,0,0,0,0,0,0,0,0,0,0,40.064,-75.0596, , 
 ,62488,2012104262,6,67,67301,2012,9,3,2243,22,3,1,0,4,1, , ,N,1,2,0,3,0,2,2,2,N,N,40 01:36.153,75 07:02.268,2249, ,2245,2,1,2,N, ,3,N, , , , ,718975, , , ,2,2,0,0,0,0,0,0,0,0,0,0,2,2,0,0,0,0,0,0,1,0,0,0,0,0,0,0,0,0,0,0,0,0,0,8,0,40.0267,-75.1173, , 
 ,62489,2012049654,6,67,67301,2012,3,7,152,1,3,2,1,4,1, , ,N,1,2,0,3,0,2,2,2,N,N,39 59:27.441,75 10:47.643,152, ,152,9,2,7,N, ,3,Y, , , , ,718987, , , ,2,1,0,0,0,0,1,0,0,0,0,0,2,2,0,0,0,0,0,0,1,0,0,0,0,0,0,0,0,0,0,0,0,0,0,8,0,39.991,-75.1799, , 
 ,62490,2012078587,6,67,67301,2012,6,6,1201,12,1,1,0,4,1, , ,N,5,2,0,3,0,3,3,2,N,N,40 05:04.860,75 01:30.269,1206, ,1202,3,1,2,N, ,3,N, , , , ,719001, , , ,2,2,0,0,0,0,0,0,0,0,1,1,3,1,0,0,0,0,0,0,1,1,0,2,0,0,0,0,0,0,0,0,0,0,0,3,0,40.0847,-75.0251, , 
 ,62491,2012081229,6,67,67301,2012,6,6,250,2,3,1,0,8,1, , ,N,1,0,0,3,0,2,3,3,N, ,39 59:59.964,75 09:11.322,315, ,304, ,0, , , ,0, , , , , ,719008, , , ,1,1,0,0,0,0,0,0,0,0,0,1,2,1,0,0,0,0,0,0,0,0,0,0,0,0,0,0,0,0,0,0,2,0,0,4,0,40,-75.1531, , 
 ,62492,2012085868,6,67,67301,2012,8,6,1423,14,1,1,0,4,1, , ,N,1,2,0,3,0,1,3,2,N,N,40 03:15.663,75 04:17.959,1437, ,1437, ,0, ,N, ,3, , , , , ,719014, , , ,2,2,0,0,0,0,0,0,0,0,0,0,1,1,0,0,0,0,0,1,0,0,1,0,0,0,0,0,0,0,0,0,0,0,0,8,0,40.0543,-75.0716, , 
 ,62493,2012088800,6,67,67301,2012,9,2,1930,19,3,2,1,1,1, , ,N,1,2,2,3,0,1,4,2,N,N,39 57:25.785,75 09:04.228,1933, ,1931, ,0, ,N, ,3, , , , , ,719016, , , ,2,0,1,0,0,0,1,0,0,0,0,0,1,1,0,0,0,0,0,0,0,0,0,0,0,0,0,0,0,0,0,0,0,0,0,8,0,39.9571,-75.1511, , 
 ,62494,2012084160,6,67,67301,2012,7,7,852,8,1,1,0,4,1, , ,N,1,2,0,3,0,1,2,2,N,N,39 56:17.761,75 10:12.111,857, ,854,1,1,4,N, ,3,N, , , , ,719036, , , ,2,2,0,0,0,0,0,0,0,0,0,0,1,1,0,0,0,0,0,0,0,0,0,0,0,0,0,0,0,0,0,0,0,0,0,8,0,39.9383,-75.17, , 
 ,62495,2012117329,6,67,67301,2012,10,7,1105,11,1,1,0,1,4, , ,N,1,0,0,3,0,0,3,3,N,N,39 58:58.008,75 07:49.965,1113, ,1107, ,0, ,N, ,0, , , , , ,719074, , , ,3,2,0,0,0,0,1,0,0,0,0,0,0,0,1,0,0,0,0,0,0,0,0,0,0,0,0,0,0,0,0,0,0,0,0,9,0,39.9828,-75.1305, , 
 ,62496,2012056749,6,67,67301,2012,5,6,1145,11,1,1,0,4,1, , ,N,1,2,0,3,0,0,2,2,N, ,40 01:44.349,75 05:21.034,1155, ,1146,1,1,1, , ,3,N, , , , ,719088, , , ,2,1,0,0,0,0,1,0,0,0,0,0,0,0,0,0,0,0,1,0,0,0,0,0,0,0,0,0,0,0,0,0,0,0,0,0,0,40.029,-75.0892, , 
 ,62497,2012073584,6,67,67301,2012,6,2,1205,12,1,1,0,4,1, , ,N,0,0,0,3,0,1,2,2,N,N,40 03:13.018,75 08:29.204,1207, ,1205, ,0, ,N, ,0, , , , , ,719109, , , ,2,0,0,0,0,0,2,0,0,0,0,1,1,0,0,0,0,0,0,0,1,0,0,0,0,0,0,0,0,0,0,0,0,0,0,4,0,40.0536,-75.1414, , 
 ,62498,2012078644,6,67,67301,2012,6,7,9999,99,1,1,0,4,1, , ,N,1,3,0,3,0,1,3,2,N,N,39 55:18.627,75 09:12.765,1643, ,1641, ,0, , , ,3, , , , , ,716344, , , ,1,1,0,0,0,0,0,0,1,0,0,0,1,1,0,0,0,0,0,0,0,0,0,0,0,0,0,0,0,0,0,0,0,0,0,8,0,39.9218,-75.1535, , 
 ,62499,2012098988,6,67,67301,2012,9,1,1230,12,1,1,0,8,1, , ,N,1,0,0,3,0,1,2,2,N,N,39 57:45.388,75 13:13.159,1340, ,1337, ,0, ,N, ,0, , , , , ,716366, , , ,1,0,0,0,0,0,0,0,0,0,0,0,1,1,0,0,0,0,0,0,0,0,0,0,0,0,0,0,0,0,0,0,1,0,0,8,0,39.9626,-75.2203, , 
 ,62500,2012116868,6,67,67301,2012,11,2,1134,11,1,1,0,1,1, , ,N,0,0,0,3,0,1,4,3,N,N,39 57:36.586,75 10:48.806,1145, ,1139,1,2,4,N, ,0,N, , , , ,716384, , , ,3,0,0,0,0,1,1,1,0,0,0,1,1,0,0,0,0,0,0,0,0,1,0,0,0,0,0,0,0,0,0,0,0,0,0,4,1,39.9602,-75.1802, , 
 ,62501,2012088580,6,67,67301,2012,8,1,2120,21,6,2,1,0,5, , ,N,0,0,0,3,0,1,2,2,N,N,40 02:12.742,75 11:51.388,2145, ,2135, ,0, ,N, ,0, , , , , ,716409, , , ,2,2,0,0,0,0,0,0,0,0,0,1,1,0,1,0,0,0,0,0,0,0,0,0,0,0,0,0,0,0,0,0,0,0,0,4,0,40.0369,-75.1976, , 
 ,62502,2012098350,6,67,67301,2012,9,1,30,0,3,1,0,8,1, , ,N,2,0,0,3,0,1,2,2,N,N,40 00:06.303,75 08:54.495,1032, ,1030, ,0, ,N, ,0, , , , , ,716416, , , ,1,0,0,0,1,0,0,0,0,0,0,1,1,0,1,0,0,0,0,0,0,0,0,0,0,0,0,0,0,0,0,0,1,0,0,4,0,40.0018,-75.1485, , 
 ,62503,2012098996,6,67,67301,2012,9,1,255,2,3,1,0,1,4, , ,N,0,0,0,3,0,0,1,2,N,N,40 03:33.304,74 59:37.377,303, ,300, ,0, ,N, ,0, , , , , ,716418, , , ,2,1,0,0,0,0,1,0,0,0,0,0,0,0,0,0,0,0,0,0,0,0,0,0,0,0,0,0,0,0,0,0,0,0,0,0,0,40.0593,-74.9937, , 
 ,62504,2012103978,6,67,67301,2012,9,1,1430,14,1,1,0,1,1, , ,N,1,0,0,3,0,1,1,2,N,N,40 05:12.438,74 58:18.635,1730, ,1730, ,0, ,N, ,0, , , , , ,716421, , , ,2,2,0,0,0,0,0,0,0,0,0,1,1,0,0,0,0,0,0,0,0,0,0,0,0,0,0,0,0,0,0,0,0,0,0,4,0,40.0868,-74.9718, , 
 ,62505,2012117328,6,67,67301,2012,10,6,1609,16,1,1,0,1,1, , ,N,0,0,0,3,0,2,3,2,N,N,39 59:28.673,75 08:01.340,1622, ,1618,1,1,3,N, ,0,Y, , , , ,716425, , , ,2,0,0,0,1,0,1,0,0,0,0,0,2,2,0,0,0,0,0,0,2,0,0,0,0,0,0,0,0,0,0,0,0,0,0,8,0,39.9913,-75.1337, , 
 ,62506,2012056589,6,67,67301,2012,5,3,1645,16,1,2,1,2,1, , ,N,2,0,0,3,0,0,3,2,N,N,40 05:26.926,75 03:51.483,1803, ,1654,3,2,4, , ,0,Y, , , , ,716435, , , ,2,2,0,0,0,0,0,0,0,0,0,0,0,0,0,0,0,0,0,0,0,0,0,0,0,0,0,0,0,0,0,0,0,0,0,0,0,40.0908,-75.0643, , 
 ,62507,2012060661,6,67,67301,2012,5,2,721,7,1,1,0,8,1, , ,N,1,3,0,3,0,2,3,3,N,N,39 57:56.026,75 14:38.713,722, ,721, ,0, ,N, ,3, , , , , ,716437, , , ,1,0,0,0,1,0,0,0,0,0,0,1,2,1,0,0,0,0,0,0,0,0,0,0,0,0,0,0,0,0,0,0,2,0,0,4,0,39.9656,-75.2441, , 
 ,62508,2012078522,6,67,67301,2012,6,5,1623,16,1,1,0,4,1, , ,N,2,2,0,3,0,1,2,2,N,N,39 57:53.438,75 13:34.071,1630, ,1625, ,0, , , ,3, , , , , ,716444, , , ,2,0,0,0,1,0,0,0,0,0,1,0,1,0,0,0,0,0,0,1,0,0,0,0,0,0,0,0,0,0,0,0,0,0,0,3,0,39.9648,-75.2261, , 
 ,62509,2012095478,6,67,67301,2012,8,5,1449,14,1,1,0,5,1, , ,N,0,0,0,3,0,1,2,2,N,N,39 57:16.776,75 12:03.157,1450, ,1449, ,0, ,N, ,0, , , , , ,716465, , , ,1,1,0,0,0,0,0,0,0,0,0,0,1,1,0,0,0,0,0,0,0,1,0,0,0,0,0,0,0,0,0,0,1,0,0,8,0,39.9547,-75.2009, , 
 ,62510,2012096012,6,67,67301,2012,8,3,1818,18,1,1,0,9,1, , ,N,0,0,0,3,0,1,1,2,N,N,40 02:24.323,75 06:30.895,1820, ,1819,3,1,5,N, ,0,Y, , , , ,716467, , , ,1,1,0,0,0,0,0,0,0,0,0,1,1,0,0,0,0,0,0,0,0,0,0,0,0,0,0,0,0,0,0,0,1,0,0,4,0,40.0401,-75.1086, , 
 ,62511,2012104006,6,67,67301,2012,9,1,2130,21,4,1,0,1,1, , ,N,1,0,0,3,0,1,2,2,N, ,40 03:34.628,75 04:09.170,2137, ,2137, ,0, , , ,0, , , , , ,716473, , , ,1,1,0,0,0,0,0,0,1,0,0,0,1,1,0,0,0,0,0,0,0,0,0,0,0,0,0,0,0,0,0,0,0,0,0,8,0,40.0596,-75.0692, , 
 ,62512,2012083780,6,67,67301,2012,8,2,1727,17,1,1,0,5,1, , ,N,0,0,0,3,0,1,2,2,N,N,39 59:44.649,75 05:43.825,1733, ,1730, ,0, ,N, ,0, , , , , ,716500, , , ,2,2,0,0,0,0,0,0,0,0,0,1,1,0,0,0,0,0,0,0,0,0,0,0,0,0,0,0,0,0,0,0,0,0,0,4,0,39.9957,-75.0955, , 
 ,62513,2012085822,6,67,67301,2012,8,6,1615,16,1,2,1,8,1, , ,N,1,2,0,3,0,1,2,1,N, ,39 59:04.930,75 06:10.941,1735, ,1730, ,0, , , ,3, , , , , ,716502, , , ,1,1,0,0,0,0,0,0,0,0,0,0,1,1,0,0,0,0,0,0,0,0,0,0,0,0,0,0,0,0,0,0,1,0,0,8,0,39.9847,-75.103, , 
 ,62514,2012109858,6,67,67301,2012,10,4,914,9,1,1,0,4,1, , ,N,1,3,0,3,0,2,3,2,N,N,39 57:29.663,75 13:23.484,944, ,940, ,0, ,N, ,3, , , , , ,716519, , , ,2,2,0,0,0,0,0,0,0,0,0,1,2,1,0,0,0,0,0,0,0,0,0,0,0,0,0,0,0,0,0,0,0,0,0,4,0,39.9582,-75.2232, , 
 ,62515,2012068794,6,67,67301,2012,5,3,1618,16,1,1,0,8,1, , ,N,0,0,0,3,0,1,2,2,N, ,39 57:23.385,75 12:48.458,1639, ,9999, ,0, , , ,0, , , , , ,716537, , , ,1,1,0,0,0,0,0,0,0,0,0,0,1,1,0,0,0,0,0,0,0,0,0,0,0,0,0,0,0,0,0,0,1,0,0,8,0,39.9565,-75.2135, , 
 ,62516,2012085819,6,67,67301,2012,8,7,1645,16,1,1,0,4,1, , ,N,1,0,0,3,0,3,7,5,N, ,39 54:20.727,75 11:38.377,1705, ,1700,2,1,4, , ,0,N, , , , ,710241, , , ,5,1,0,0,1,0,3,0,0,0,1,2,3,0,0,0,0,0,0,0,1,1,1,3,0,0,0,0,0,0,0,0,0,0,0,3,0,39.9057,-75.1938, , 
 ,62517,2012095417,6,67,67301,2012,8,3,1326,13,1,1,0,9,1, , ,N,1,2,0,3,0,0,3,2,N,N,39 56:41.643,75 09:35.305,1400, ,1350, ,0, ,N, ,3, , , , , ,710248, , , ,2,1,0,0,0,0,1,0,0,0,0,1,1,0,0,0,0,0,0,0,1,0,0,0,0,0,0,0,0,0,0,0,0,0,0,4,0,39.9449,-75.1598, , 
 ,62518,2012060779,6,67,67301,2012,5,4,646,6,1,2,1,1,6, , ,N,0,0,0,3,0,1,1,2,N, ,40 02:07.318,75 05:28.578,805, ,759, ,0, , , ,0, , , , , ,710269, , , ,2,0,0,0,1,0,1,0,0,0,0,1,1,0,0,0,0,0,0,0,0,0,0,0,0,0,0,0,0,0,0,0,0,0,0,4,0,40.0354,-75.0913, , 