wz_ln_closure,objectid_1,crn,district,county,municipality,crash_year,crash_month,day_of_week,time_of_day,hour_of_day,illumination,weather,road_condition,collision_type,relation_to_road,work_zone_type,work_zone_loc,work_zone_ind,intersect_type,tcd_type,location_type,urban_rural,fatal_count,injury_count,person_count,total_units,sch_bus_ind,sch_zone_ind,latitude,longitude,arrival_tm,cons_zone_spd_lim,dispatch_tm,est_hrs_closed,lane_closed,ln_close_dir,ntfy_hiwy_maint,spec_juris_cd,tcd_func_cd,tfc_detour_ind,workers_pres,wz_close_detour,wz_flagger,wz_law_offcr_ind,objectid,wz_moving,wz_other,wz_shlder_mdn,vehicle_count,automobile_count,motorcycle_count,bus_count,small_truck_count,heavy_truck_count,suv_count,van_count,bicycle_count,maj_inj_count,mod_inj_count,min_inj_count,tot_inj_count,unk_inj_deg_count,unk_inj_per_count,driver_count_16yr,driver_count_17yr,driver_count_18yr,driver_count_19yr,driver_count_20yr,driver_count_50_64yr,driver_count_65_74yr,driver_count_75plus,unbelted_occ_count,unb_death_count,unb_maj_inj_count,belted_death_count,belted_maj_inj_count,mcycle_death_count,mcycle_maj_inj_count,bicycle_death_count,bicycle_maj_inj_count,ped_count,ped_death_count,ped_maj_inj_count,max_severity_level,comm_veh_count,dec_lat,dec_long,rdwy_surf_type_cd,county_name
 ,62652,2012076017,6,67,67301,2012,6,3,1935,19,1,1,0,4,5, , ,N,0,0,0,3,0,1,1,2,N,N,40 02:19.968,75 07:28.127,1938, ,1935, ,0, ,N, ,0, , , , , ,716827, , , ,2,0,0,0,0,0,1,1,0,0,0,1,1,0,0,0,0,0,0,0,0,0,0,1,0,0,0,0,0,0,0,0,0,0,0,4,0,40.0389,-75.1245, , 
 ,62653,2012072570,6,67,67301,2012,6,6,2345,23,3,1,0,1,1, , ,N,0,0,0,3,0,1,8,3,N,N,39 57:34.397,75 10:30.957,2345, ,2345,2,2,4,N, ,0,Y, , , , ,716831, , , ,3,1,0,0,1,0,1,0,0,0,0,0,1,1,0,0,0,0,0,0,0,0,0,3,0,0,0,0,0,0,0,0,0,0,0,8,0,39.9596,-75.1753, , 
 ,62654,2012099035,6,67,67301,2012,9,6,2207,22,3,1,0,8,1, , ,N,2,2,0,3,0,1,2,2,N,N,40 04:36.609,75 12:28.031,2323, ,2315, ,0, ,N, ,3, , , , , ,716848, , , ,1,0,0,1,0,0,0,0,0,0,1,0,1,0,0,0,0,0,0,0,0,0,0,0,0,0,0,0,0,0,0,0,1,0,0,3,1,40.0768,-75.2078, , 
 ,62655,2012102014,6,67,67301,2012,9,2,258,2,3,1,0,7,5, , ,N,0,0,0,3,0,0,1,1,N,N,39 58:34.963,75 11:44.105,258, ,258, ,0, ,N, ,0, , , , , ,716852, , , ,1,1,0,0,0,0,0,0,0,0,0,0,0,0,0,0,0,1,0,0,0,0,0,0,0,0,0,0,0,0,0,0,0,0,0,0,0,39.9764,-75.1956, , 
 ,62656,2012103958,6,67,67301,2012,9,4,250,2,3,1,1,1,1, , ,N,2,3,0,3,0,1,2,2,N, ,40 00:29.592,75 05:41.301,300, ,254, ,0, , , ,3, , , , , ,716855, , , ,2,1,0,0,1,0,0,0,0,0,0,1,1,0,0,0,0,0,0,0,0,0,0,0,0,0,0,0,0,0,0,0,0,0,0,4,0,40.0082,-75.0948, , 
 ,62657,2012109752,6,67,67301,2012,10,5,1200,12,1,1,0,4,1, , ,N,1,0,0,3,0,0,2,2,N,N,39 54:10.596,75 10:26.386,1214, ,1204, ,0, ,N, ,0, , , , , ,716862, , , ,2,1,0,0,1,0,0,0,0,0,0,0,0,0,0,0,0,0,0,0,0,0,1,0,0,0,0,0,0,0,0,0,0,0,0,0,0,39.9029,-75.174, , 
 ,62658,2012120139,6,67,67301,2012,11,5,1638,16,1,1,0,1,2, , ,N,1,1,0,3,0,1,2,2,N,N,39 59:50.150,75 10:48.932,1645, ,1640, ,0, ,N, ,3, , , , , ,716866, , , ,2,1,0,0,0,0,0,1,0,0,0,1,1,0,0,0,0,0,0,0,1,0,0,0,0,0,0,0,0,0,0,0,0,0,0,4,0,39.9973,-75.1803, , 
 ,62659,2012068728,6,67,67301,2012,6,2,1335,13,1,2,1,1,1, , ,N,0,0,0,3,0,2,3,2,N,N,40 01:45.565,75 06:23.345,1345, ,1335, ,0, ,N, ,0, , , , , ,716881, , , ,2,0,0,0,1,0,1,0,0,0,0,2,2,0,0,0,0,0,0,0,0,0,0,0,0,0,0,0,0,0,0,0,0,0,0,4,0,40.0293,-75.1065, , 
 ,62660,2012085107,6,67,67301,2012,8,2,1050,10,1,2,1,8,1, , ,N,1,2,0,3,1,0,2,2,Y,N,40 00:20.131,75 06:11.812,1115, ,1100,3,2,6,N,0,3,Y, , , , ,710666, , , ,1,0,0,1,0,0,0,0,0,0,0,0,0,0,0,0,0,0,0,0,0,0,0,0,0,0,0,0,0,0,0,0,1,1,0,1,1,40.0056,-75.1033,2, 
 ,62661,2012106551,6,67,67301,2012,10,3,1910,19,3,1,0,1,1, , ,N,7,3,2,3,0,1,3,2,N,N,40 00:31.674,75 12:17.709,1924, ,1922, ,0, ,N, ,3, , , , , ,710691, , , ,2,2,0,0,0,0,0,0,0,0,0,1,1,0,0,0,0,0,0,0,1,0,0,0,0,0,0,0,0,0,0,0,0,0,0,4,0,40.0088,-75.2049, , 
 ,62662,2012109678,6,67,67301,2012,10,1,2230,22,3,1,1,7,2, , ,N,0,0,0,3,0,0,1,1,N,N,40 01:39.530,75 11:30.420,2237, ,2232,1,2,1,Y, ,0,Y, , , , ,710695, , , ,1,1,0,0,0,0,0,0,0,0,0,0,0,0,0,0,0,0,0,0,0,0,0,0,0,0,0,0,0,0,0,0,0,0,0,0,0,40.0276,-75.1918, , 
 ,62663,2012066432,6,67,67301,2012,5,5,2122,21,3,1,0,8,1, , ,N,0,0,0,3,0,1,2,2,N,N,40 01:35.739,75 08:39.781,30, ,2122, ,0, ,N, ,0, , , , , ,710712, , , ,1,1,0,0,0,0,0,0,0,0,0,1,1,0,0,0,0,0,0,0,0,0,0,0,0,0,0,0,0,0,0,0,1,0,0,4,0,40.0266,-75.1444, , 
 ,62664,2012066644,6,67,67301,2012,5,5,1455,14,1,2,1,4,1, , ,N,1,2,0,3,0,2,3,2,N,N,40 00:54.823,75 10:11.829,1458, ,1457, ,0, ,N, ,3, , , , , ,710713, , , ,2,1,0,0,0,0,1,0,0,0,0,2,2,0,1,0,0,0,0,0,0,1,0,0,0,0,0,0,0,0,0,0,0,0,0,4,0,40.0152,-75.1699, , 
 ,62665,2012084047,6,67,67301,2012,8,1,1345,13,1,1,0,1,1, , ,N,6,0,2,3,0,1,6,2,N,N,39 56:41.825,75 11:28.016,1356, ,1350,1,2,4,N, ,0,N, , , , ,710730, , , ,2,2,0,0,0,0,0,0,0,0,0,1,1,0,0,0,0,0,0,0,0,0,0,4,0,0,0,0,0,0,0,0,0,0,0,4,0,39.945,-75.1911, , 
 ,62666,2012098447,6,67,67301,2012,9,4,1330,13,1,1,0,4,1, , ,N,1,2,0,3,0,2,2,2,N,N,39 58:56.686,75 11:12.098,1822, ,1809, ,0, ,N, ,3, , , , , ,710745, , , ,2,2,0,0,0,0,0,0,0,0,0,1,2,1,0,0,0,0,0,0,0,0,0,0,0,0,0,0,0,0,0,0,0,0,0,4,0,39.9824,-75.1867, , 
 ,62667,2012047111,6,67,67301,2012,4,6,9999,99,1,1,0,1,1, , ,N,1,2,0,3,0,1,2,2,N,N,40 01:50.524,75 03:42.293,602, ,600, ,0, , , ,3, , , , , ,710752, , , ,2,2,0,0,0,0,0,0,0,0,0,1,1,0,0,0,0,0,0,0,0,0,0,0,0,0,0,0,0,0,0,0,0,0,0,4,0,40.0307,-75.0617, , 
 ,62668,2012078965,6,46,46102,2012,8,5,1420,14,1,1,0,8,1, , ,N,1,2,0,3,0,1,2,2,N,N,40 04:30.988,75 09:37.550,1423, ,1423, ,0, ,N, ,3, , , , , ,710762, , , ,1,1,0,0,0,0,0,0,0,0,0,0,1,1,1,0,0,0,0,0,0,0,1,0,0,0,0,0,0,0,0,0,1,0,0,8,0,40.0753,-75.1604, , 
 ,62669,2012082952,6,67,67301,2012,6,2,1245,12,1,1,0,4,1, , ,N,0,0,7,3,0,5,9,2,N,N,39 59:52.757,75 07:31.225,0, ,0, ,0, ,N, ,0, , , , , ,710769, , , ,2,1,0,0,0,0,1,0,0,0,0,0,5,5,0,0,0,0,0,0,0,0,0,0,0,0,0,0,0,0,0,0,0,0,0,8,0,39.998,-75.1253, , 
 ,62670,2012083333,6,67,67301,2012,7,3,1935,19,1,1,0,8,1, , ,N,0,0,0,3,0,1,2,2,N,N,40 01:30.914,75 02:50.902,1942, ,1937, ,0, ,N, ,0, , , , , ,710770, , , ,1,1,0,0,0,0,0,0,0,0,0,1,1,0,0,0,0,0,0,0,0,0,0,0,0,0,0,0,0,0,0,0,1,0,0,4,0,40.0253,-75.0475, , 
 ,62671,2012106136,6,67,67301,2012,10,7,1920,19,3,1,0,0,1, , ,N,0,0,0,3,1,0,1,1,N,N,39 53:55.744,75 10:09.668,1940, ,1924,1,1,1,N,0,0,N, , , , ,710783, , , ,1,0,1,0,0,0,0,0,0,0,0,0,0,0,0,0,0,0,0,0,0,0,0,0,0,0,0,0,1,0,0,0,0,0,0,1,0,39.8988,-75.1694,1, 
 ,62672,2012112647,6,67,67301,2012,10,5,1017,10,1,1,0,4,1, , ,N,1,2,0,3,0,3,3,2,N,N,40 02:44.514,75 01:53.568,1030, ,1026, ,0, ,N, ,3, , , , , ,710790, , , ,2,1,0,0,1,0,0,0,0,0,0,3,3,0,0,0,0,0,0,0,0,0,0,0,0,0,0,0,0,0,0,0,0,0,0,4,0,40.0457,-75.0315, , 
 ,62673,2012049725,6,67,67301,2012,4,1,1901,19,1,1,0,4,1, , ,N,1,2,0,3,0,2,2,2,N, ,40 03:26.532,75 04:36.059,1915, ,1909, ,0, , , ,3, , , , , ,710799, , , ,2,2,0,0,0,0,0,0,0,0,0,0,2,2,0,0,0,1,0,0,0,0,0,2,0,0,0,0,0,0,0,0,0,0,0,8,0,40.0574,-75.0768, , 
 ,62674,2012098492,6,67,67301,2012,9,5,815,8,1,1,0,4,1, , ,N,2,3,0,3,0,0,2,2,N,N,40 05:26.613,75 03:20.265,857, ,853, ,0, ,N, ,3, , , , , ,710816, , , ,2,2,0,0,0,0,0,0,0,0,0,0,0,0,0,0,0,0,0,0,0,0,1,0,0,0,0,0,0,0,0,0,0,0,0,0,0,40.0907,-75.0556, , 
 ,62675,2012104181,6,67,67301,2012,9,3,2146,21,3,1,0,4,1, , ,N,0,2,7,3,0,3,4,2,N,N,40 02:49.086,75 08:34.422,2315, ,2146, ,0, ,N, ,3, , , , , ,710821, , , ,2,2,0,0,0,0,0,0,0,0,0,0,1,1,1,0,0,1,0,0,0,1,0,0,0,0,0,0,0,0,0,0,0,0,0,8,0,40.047,-75.1429, , 
 ,62676,2012104259,6,67,67301,2012,9,1,300,3,3,1,0,2,1, , ,N,2,0,0,3,0,0,1,1,N,N,40 02:03.994,75 05:07.659,330, ,325, ,0, , , ,0, , , , , ,710822, , , ,1,0,0,0,1,0,0,0,0,0,0,0,1,1,0,0,0,0,0,0,0,0,0,0,0,0,0,0,0,0,0,0,0,0,0,8,0,40.0344,-75.0855, , 
 ,62677,2012111631,6,67,67301,2012,10,1,1128,11,1,2,1,7,5, , ,N,1,2,0,3,0,0,1,1,N, ,40 04:55.660,74 58:01.090,1205, ,1128, ,0, , , ,3, , , , , ,710828, , , ,1,1,0,0,0,0,0,0,0,0,0,0,0,0,0,0,0,0,0,1,0,0,0,0,0,0,0,0,0,0,0,0,0,0,0,0,0,40.0821,-74.967, , 
 ,62678,2012068843,6,67,67301,2012,6,2,659,6,1,1,0,1,1, , ,N,2,2,0,3,0,1,4,2,N,N,40 06:02.021,75 02:32.964,700, ,659, ,0, ,N, ,3, , , , , ,713551, , , ,2,1,0,1,0,0,0,0,0,0,0,1,1,0,2,0,0,0,0,0,0,0,0,0,0,0,0,0,0,0,0,0,0,0,0,4,1,40.1006,-75.0425, , 
 ,62679,2012083238,6,67,67301,2012,7,6,850,8,1,2,1,7,3, , ,N,2,2,2,3,0,0,1,1,N,N,39 55:51.964,75 08:37.973,856, ,852, ,0, ,N, ,3, , , , , ,713566, , , ,1,1,0,0,0,0,0,0,0,0,0,0,0,0,0,0,0,0,0,1,0,0,0,0,0,0,0,0,0,0,0,0,0,0,0,0,0,39.9311,-75.1439, , 
 ,62680,2012088265,6,67,67301,2012,8,4,1654,16,1,2,1,1,1, , ,N,0,0,0,3,0,0,6,3,N,N,39 57:29.370,75 09:50.738,1717, ,1700, ,0, ,N, ,0, , , , , ,713573, , , ,3,2,0,0,0,0,1,0,0,0,0,0,0,0,0,0,1,0,0,0,0,0,0,0,0,0,0,0,0,0,0,0,0,0,0,0,0,39.9582,-75.1641, , 
 ,62681,2012095632,6,67,67301,2012,8,5,1528,15,1,1,0,8,1, , ,N,0,0,0,3,0,1,3,2,N,N,39 59:36.513,75 07:19.736,1533, ,1528, ,0, ,N, ,0, , , , , ,713580, , , ,1,1,0,0,0,0,0,0,0,0,0,0,1,1,0,0,0,0,0,0,0,0,0,0,0,0,0,0,0,0,0,0,1,0,0,8,0,39.9935,-75.1221, , 
 ,62682,2012099037,6,67,67301,2012,9,2,1530,15,1,1,0,1,1, , ,N,1,1,0,3,0,1,3,2,N,N,40 00:36.265,75 09:27.402,1600, ,1545,1,1,3,N, ,3,N, , , , ,713585, , , ,2,1,0,0,0,0,1,0,0,0,0,2,2,0,0,0,0,0,0,0,1,0,0,0,0,0,0,0,0,0,0,0,0,0,0,4,0,40.0101,-75.1576, , 
 ,62683,2012099333,6,67,67301,2012,9,6,1242,12,1,1,0,4,1, , ,N,0,0,0,3,0,1,7,3,N, ,40 04:59.160,75 03:02.772,1250, ,1245, ,0, , , ,0, , , , , ,713586, , , ,3,2,1,0,0,0,0,0,0,0,1,1,2,0,0,0,1,0,0,0,1,1,0,0,0,0,0,0,0,0,0,0,0,0,0,3,0,40.0831,-75.0508, , 
 ,62684,2012067069,6,67,67301,2012,5,4,9999,99,3,1,0,4,1, , ,N,1,3,0,3,0,1,4,4,N,N,40 01:34.878,75 08:57.094,2243, ,2237, ,0, ,N, ,3, , , , , ,713599, , , ,4,2,0,0,1,0,0,1,0,0,0,0,1,1,0,0,0,0,0,0,0,0,0,0,0,0,0,0,0,0,0,0,0,0,0,8,0,40.0264,-75.1492, , 
 ,62685,2012078583,6,67,67301,2012,7,4,1140,11,1,1,0,4,1, , ,N,1,2,0,3,0,0,2,2,N, ,39 57:32.239,75 13:44.330,1148, ,1145, ,0, , , ,3, , , , , ,713601, , , ,2,2,0,0,0,0,0,0,0,0,0,0,0,0,0,0,0,0,0,0,0,0,0,0,0,0,0,0,0,0,0,0,0,0,0,0,0,39.959,-75.229, , 
 ,62686,2012084144,6,67,67301,2012,7,6,1116,11,1,1,0,5,1, , ,N,2,0,0,3,0,1,2,2,N,N,39 58:14.439,75 12:52.337,1127, ,1122,1,1,3,N, ,0,N, , , , ,713605, , , ,2,1,0,0,0,0,0,0,0,0,0,0,1,1,0,0,0,0,0,0,0,0,0,0,0,0,0,0,0,0,0,0,0,0,0,8,0,39.9707,-75.2145, , 
 ,62687,2012085795,6,67,67301,2012,7,2,9999,99,1,1,0,1,1, , ,N,1,2,0,3,0,1,2,2,N, ,40 03:21.040,75 07:37.414,1742, ,1738,1,1,4, , ,3,Y, , , , ,713608, , , ,2,1,0,0,1,0,0,0,0,0,0,0,1,1,0,0,0,0,0,0,0,0,0,0,0,0,0,0,0,0,0,0,0,0,0,8,0,40.0558,-75.1271, , 
 ,62688,2012111708,6,67,67301,2012,10,2,1030,10,1,1,0,4,1, , ,N,2,0,0,3,0,0,2,2,N,N,40 07:20.334,75 00:47.260,1048, ,1047, ,0, ,N, ,0, , , , , ,713630, , , ,2,2,0,0,0,0,0,0,0,0,0,0,0,0,0,0,0,0,0,0,0,0,1,0,0,0,0,0,0,0,0,0,0,0,0,0,0,40.1223,-75.0131, , 
 ,62689,2012111792,6,67,67301,2012,10,3,1825,18,2,1,0,4,1, , ,N,1,2,0,3,0,0,3,2,N, ,39 55:14.253,75 09:00.640,1828, ,1826, ,0, , , ,3, , , , , ,713631, , , ,2,2,0,0,0,0,0,0,0,0,0,0,0,0,0,0,0,0,0,0,0,0,0,0,0,0,0,0,0,0,0,0,0,0,0,0,0,39.9206,-75.1502, , 
 ,62690,2012120085,6,67,67301,2012,10,3,1215,12,1,2,1,4,1, , ,N,1,2,0,3,0,0,2,2,N,N,39 57:04.866,75 11:56.817,1217, ,1215, ,0, ,N, ,3, , , , , ,713636, , , ,2,1,0,0,0,0,1,0,0,0,0,0,0,0,0,0,0,0,1,0,0,0,0,0,0,0,0,0,0,0,0,0,0,0,0,0,0,39.9513,-75.1991, , 
 ,62691,2012078234,6,67,67301,2012,7,2,1030,10,1,1,0,8,1, , ,N,0,0,7,3,0,1,2,2,N,N,39 56:19.046,75 12:59.785,1230, ,1226, ,0, ,N, ,0, , , , , ,713654, , , ,1,1,0,0,0,0,0,0,0,0,0,1,1,0,1,0,0,0,0,0,0,0,0,0,0,0,0,0,0,0,0,0,1,0,0,4,0,39.9386,-75.2166, , 
 ,62692,2012103846,6,67,67301,2012,10,6,2047,20,3,1,0,1,1, , ,N,0,0,0,3,0,0,3,3,N,N,40 00:28.014,75 12:04.077,2103, ,2059, ,0, ,N, ,0, , , , , ,713680, , , ,3,3,0,0,0,0,0,0,0,0,0,0,0,0,0,0,0,0,1,0,0,1,0,0,0,0,0,0,0,0,0,0,0,0,0,0,0,40.0078,-75.2011, , 
 ,62693,2012068899,6,67,67301,2012,6,7,1744,17,1,1,0,1,1, , ,N,0,0,0,3,0,0,2,2,N,N,39 57:32.726,75 11:49.885,1758, ,1757,2,1,1,N, ,0,N, , , , ,713692, , , ,2,1,0,0,0,0,1,0,0,0,0,0,0,0,0,0,0,0,0,0,0,0,0,0,0,0,0,0,0,0,0,0,0,0,0,0,0,39.9591,-75.1972, , 
 ,62694,2012076011,6,67,67301,2012,6,4,730,7,1,1,0,8,2, , ,N,0,0,0,3,0,1,2,2,N,N,39 58:15.835,75 09:21.378,855, ,851, ,0, ,N, ,0, , , , , ,713703, , , ,1,1,0,0,0,0,0,0,0,0,0,0,1,1,0,0,0,0,0,0,0,0,0,0,0,0,0,0,0,0,0,0,1,0,0,8,0,39.9711,-75.1559, , 
 ,62695,2012098255,6,67,67301,2012,9,7,448,4,3,1,0,7,1, , ,N,0,0,0,3,0,0,1,1,N,N,40 01:56.323,75 04:54.182,500, ,448,1,2,1,N, ,0,Y, , , , ,713719, , , ,1,1,0,0,0,0,0,0,0,0,0,0,0,0,0,0,0,0,0,0,0,0,0,0,0,0,0,0,0,0,0,0,0,0,0,0,0,40.0323,-75.0817, , 
 ,62696,2012105731,6,67,67301,2012,10,7,2149,21,3,1,0,1,1, , ,N,7,0,8,3,0,1,2,2,N,N,39 58:15.132,75 11:34.938,2159, ,2156, ,0, ,N, ,0, , , , , ,713725, , , ,2,2,0,0,0,0,0,0,0,0,0,1,1,0,1,0,0,0,0,0,0,0,0,0,0,0,0,0,0,0,0,0,0,0,0,4,0,39.9732,-75.1937, , 
 ,62697,2012068776,6,67,67301,2012,6,5,1600,16,1,1,0,8,6, , ,N,0,0,0,3,0,1,2,2,N,N,39 57:51.843,75 12:15.632,1603, ,1600, ,0, ,N, ,0, , , , , ,719478, , , ,1,1,0,0,0,0,0,0,0,0,0,0,1,1,0,0,0,0,0,0,0,0,1,0,0,0,0,0,0,0,0,0,1,0,0,8,0,39.9644,-75.2043, , 
 ,62698,2012066673,6,67,67301,2012,6,3,1500,15,1,2,1,6,1, , ,N,3,0,0,3,0,0,3,2,N, ,40 02:10.172,75 09:20.203,1652, ,1652, ,0, , , ,0, , , , , ,719482, , , ,2,2,0,0,0,0,0,0,0,0,0,0,0,0,1,0,0,0,0,0,0,0,0,0,0,0,0,0,0,0,0,0,0,0,0,9,0,40.0362,-75.1556, , 
 ,62699,2012075971,6,67,67301,2012,6,7,1500,15,1,1,0,1,1, , ,N,0,0,0,3,0,1,3,2,N, ,40 02:07.425,75 06:30.497,1545, ,1534,1,2,4, , ,0,N, , , , ,719488, , , ,2,1,0,0,0,0,0,0,0,0,0,1,1,0,0,0,0,1,0,0,0,0,0,1,0,0,0,0,0,0,0,0,0,0,0,4,0,40.0354,-75.1085, , 
 ,62700,2012063923,6,67,67301,2012,5,1,1430,14,1,1,0,5,1, , ,N,0,0,0,3,0,1,2,2,N,N,40 03:26.321,75 04:36.342,1630, ,1626, ,0, ,N, ,0, , , , , ,719526, , , ,1,0,0,0,0,0,1,0,1,0,0,1,1,0,1,0,0,0,0,0,0,0,0,0,0,0,0,0,0,0,0,0,0,0,0,4,0,40.0573,-75.0768, , 
 ,62701,2012098993,6,67,67301,2012,9,2,2250,22,3,1,0,0,1, , ,N,0,0,7,3,0,1,1,2,N,N,40 00:59.157,75 08:58.837,2258, ,2253,1,1,2, , ,0,N, , , , ,719533, , , ,1,0,1,0,0,0,0,0,0,0,0,0,1,1,0,0,0,0,0,0,0,0,0,0,0,0,0,0,0,0,0,0,0,0,0,8,0,40.0164,-75.1497, , 
 ,62702,2012104211,6,67,67301,2012,9,7,950,9,1,1,0,4,6, , ,N,0,0,0,3,0,1,1,3,N,N,39 59:38.975,75 09:22.576,953, ,952,3,2,6, , ,0,Y, , , , ,719537, , , ,3,2,0,0,0,0,1,0,0,0,0,1,1,0,0,0,0,0,0,0,0,0,0,0,0,0,0,0,0,0,0,0,0,0,0,4,0,39.9942,-75.1563, , 
 ,62703,2013003897,6,67,67301,2012,10,1,138,1,3,1,0,8,1, , ,N,0,0,0,3,0,1,2,2,N,N,39 56:04.485,75 08:33.750,143, ,140,9,2,1,N, ,0,Y, , , , ,719565, , , ,1,1,0,0,0,0,0,0,0,0,0,0,1,1,0,0,0,0,0,0,0,0,0,0,0,0,0,0,0,0,0,0,1,0,0,8,0,39.9346,-75.1427, , 
 ,62704,2012048041,6,67,67301,2012,3,2,903,9,1,1,0,4,1, , ,N,1,3,0,3,0,1,2,2,N, ,39 57:52.480,75 14:10.305,915, ,910, ,0, , , ,3, , , , , ,719568, , , ,1,0,0,0,0,0,1,0,1,0,0,1,1,0,0,0,0,0,0,0,0,0,0,0,0,0,0,0,0,0,0,0,0,0,0,4,0,39.9646,-75.2362, , 
 ,62705,2012049743,6,67,67301,2012,4,1,1730,17,1,2,1,7,3, , ,N,0,0,0,3,0,1,2,1,N,N,40 00:58.115,75 12:14.232,1739, ,1732,2,2,1,N, ,0,N, , , , ,719569, , , ,1,1,0,0,0,0,0,0,0,0,0,1,1,0,0,0,0,0,0,0,0,0,0,0,0,0,0,0,0,0,0,0,0,0,0,4,0,40.0161,-75.204, , 
 ,62706,2012060668,6,67,67301,2012,5,5,1240,12,1,1,0,4,1, , ,N,0,0,7,3,0,1,4,2,N,N,39 59:28.968,75 08:03.632,1245, ,1245, ,0, ,N, ,0, , , , , ,719574, , , ,2,2,0,0,0,0,0,0,0,0,0,1,1,0,0,0,0,0,0,0,0,0,0,1,0,0,0,0,0,0,0,0,0,0,0,4,0,39.9914,-75.1342, , 
 ,62707,2012083358,6,67,67301,2012,8,7,1522,15,1,1,0,4,1, , ,N,1,2,0,3,0,1,3,2,N, ,39 59:11.018,75 10:10.592,1542, ,1542, ,0, , , ,3, , , , , ,719577, , , ,2,2,0,0,0,0,0,0,0,0,0,2,2,0,0,0,0,0,0,0,0,0,0,0,0,0,0,0,0,0,0,0,0,0,0,4,0,39.9864,-75.1696, , 
 ,62708,2012103988,6,67,67301,2012,9,3,800,8,1,1,0,8,1, , ,N,1,2,0,3,0,1,1,2,N,N,39 57:36.149,75 13:29.566,850, ,845, ,0, ,N, ,3, , , , , ,719608, , , ,1,0,0,0,0,0,0,0,0,0,0,1,1,0,0,0,0,0,0,0,0,0,0,0,0,0,0,0,0,0,0,0,1,0,0,4,0,39.9599,-75.2249, , 
 ,62709,2012112349,6,67,67301,2012,11,3,2037,20,3,1,0,5,1, , ,N,0,0,0,3,0,0,2,2,N,N,39 53:56.828,75 10:41.643,2050, ,2040,1,1,2,N, ,0,N, , , , ,719610, , , ,2,2,0,0,0,0,0,0,0,0,0,0,0,0,0,0,0,0,0,0,1,0,0,0,0,0,0,0,0,0,0,0,0,0,0,0,0,39.8991,-75.1782, , 
 ,62710,2012049801,6,67,67301,2012,4,2,1924,19,1,2,1,8,1, , ,N,1,3,0,3,0,1,2,2,N, ,39 57:02.779,75 13:21.979,1929, ,1922, ,0, , , ,3, , , , , ,719615, , , ,1,0,0,0,0,0,0,0,0,0,0,1,1,0,1,0,0,0,0,0,0,0,0,0,0,0,0,0,0,0,0,0,1,0,0,4,0,39.9508,-75.2228, , 
 ,62711,2012050890,6,67,67301,2012,5,3,1649,16,1,1,0,1,1, , ,N,0,0,0,3,0,0,2,2,N,N,39 57:34.401,75 10:34.593,1650, ,1650, ,0, ,N, ,0, , , , , ,719616, , , ,2,1,0,0,0,0,1,0,0,0,0,0,0,0,0,0,0,0,0,0,0,0,0,0,0,0,0,0,0,0,0,0,0,0,0,0,0,39.9596,-75.1763, , 
 ,62712,2012068717,6,67,67301,2012,6,7,850,8,1,1,0,8,1, , ,N,0,0,0,3,0,1,3,2,N, ,39 57:06.873,75 09:37.045,850, ,850, ,0, , , ,0, , , , , ,719628, , , ,1,0,0,0,0,0,0,1,0,1,0,0,1,0,0,0,0,0,0,0,0,0,0,0,0,0,0,0,0,0,0,0,1,0,1,2,0,39.9519,-75.1603, , 
 ,62713,2012068822,6,67,67301,2012,5,7,2320,23,3,1,0,1,1, , ,N,1,2,0,3,0,2,6,2,N, ,40 00:36.288,75 08:10.709,2330, ,2329, ,0, , , ,3, , , , , ,719629, , , ,2,2,0,0,0,0,0,0,0,0,0,2,2,0,0,0,0,0,0,0,1,0,0,0,0,0,0,0,0,0,0,0,0,0,0,4,0,40.0101,-75.1363, , 
 ,62714,2012073559,6,67,67301,2012,6,5,1400,14,1,1,0,5,1, , ,N,0,0,0,3,0,1,2,2,N,N,40 00:52.376,75 07:51.927,1625, ,1624, ,0, ,N, ,0, , , , , ,719634, , , ,1,0,0,0,0,0,0,1,1,0,1,0,1,0,0,0,0,0,0,0,0,0,0,0,0,0,0,0,0,0,0,0,0,0,0,3,0,40.0145,-75.1311, , 
 ,62715,2012083251,6,67,67301,2012,7,4,2124,21,3,1,0,9,1, , ,N,0,0,0,3,0,1,1,1,N,N,40 06:11.355,75 00:13.257,2126, ,2124,1,1,1,N, ,0,N, , , , ,716897, , , ,1,0,1,0,0,0,0,0,0,0,1,0,1,0,0,0,0,0,0,0,1,0,0,0,0,0,0,0,0,0,0,0,0,0,0,3,0,40.1032,-75.0037, , 
 ,62716,2012083162,6,67,67301,2012,7,2,1850,18,1,1,1,7,2, , ,N,0,0,0,3,0,1,2,1,N,N,39 54:56.724,75 13:14.756,1910, ,1908,1,1,3,N, ,0,N, , , , ,716941, , , ,1,1,0,0,0,0,0,0,0,0,0,0,1,1,0,0,0,0,0,0,1,0,0,0,0,0,0,0,0,0,0,0,0,0,0,8,0,39.9157,-75.2209, , 
 ,62717,2012083405,6,67,67301,2012,7,6,929,9,1,1,0,4,1, , ,N,0,0,0,3,0,2,2,2,N,N,40 05:29.043,75 02:50.167,935, ,930,1,2,5,N, ,0,Y, , , , ,716942, , , ,2,1,0,0,0,0,1,0,0,0,0,2,2,0,0,0,0,0,0,0,0,1,0,0,0,0,0,0,0,0,0,0,0,0,0,4,0,40.0914,-75.0473, , 