wz_ln_closure,objectid_1,crn,district,county,municipality,crash_year,crash_month,day_of_week,time_of_day,hour_of_day,illumination,weather,road_condition,collision_type,relation_to_road,work_zone_type,work_zone_loc,work_zone_ind,intersect_type,tcd_type,location_type,urban_rural,fatal_count,injury_count,person_count,total_units,sch_bus_ind,sch_zone_ind,latitude,longitude,arrival_tm,cons_zone_spd_lim,dispatch_tm,est_hrs_closed,lane_closed,ln_close_dir,ntfy_hiwy_maint,spec_juris_cd,tcd_func_cd,tfc_detour_ind,workers_pres,wz_close_detour,wz_flagger,wz_law_offcr_ind,objectid,wz_moving,wz_other,wz_shlder_mdn,vehicle_count,automobile_count,motorcycle_count,bus_count,small_truck_count,heavy_truck_count,suv_count,van_count,bicycle_count,maj_inj_count,mod_inj_count,min_inj_count,tot_inj_count,unk_inj_deg_count,unk_inj_per_count,driver_count_16yr,driver_count_17yr,driver_count_18yr,driver_count_19yr,driver_count_20yr,driver_count_50_64yr,driver_count_65_74yr,driver_count_75plus,unbelted_occ_count,unb_death_count,unb_maj_inj_count,belted_death_count,belted_maj_inj_count,mcycle_death_count,mcycle_maj_inj_count,bicycle_death_count,bicycle_maj_inj_count,ped_count,ped_death_count,ped_maj_inj_count,max_severity_level,comm_veh_count,dec_lat,dec_long,rdwy_surf_type_cd,county_name
 ,62918,2012098488,6,67,67301,2012,9,3,815,8,1,2,1,1,1, , ,N,3,1,0,3,0,1,4,3,N,N,40 05:51.951,75 00:43.901,820, ,815,1,1,2,N, ,3,N, , , , ,695807, , , ,3,3,0,0,0,0,0,0,0,0,0,0,0,0,1,0,0,0,0,0,0,0,1,0,0,0,0,0,0,0,0,0,0,0,0,9,0,40.0978,-75.0122, , 
 ,62919,2012111619,6,67,67301,2012,10,4,2002,20,3,1,0,4,1, , ,N,1,2,0,3,0,0,4,2,N,N,39 57:16.308,75 08:58.375,2002, ,2002, ,0, ,N, ,3, , , , , ,695817, , , ,2,2,0,0,0,0,0,0,0,0,0,0,0,0,0,0,0,0,1,0,1,0,0,0,0,0,0,0,0,0,0,0,0,0,0,9,0,39.9547,-75.1495, , 
 ,62920,2012060748,6,67,67301,2012,5,6,947,9,1,1,0,6,1, , ,N,0,0,0,3,0,1,2,4,N,N,40 02:20.190,75 01:59.170,954, ,954, ,0, ,N, ,0, , , , , ,695821, , , ,4,3,0,0,0,0,0,1,0,0,0,0,1,1,0,0,0,0,0,0,0,0,0,0,0,0,0,0,0,0,0,0,0,0,0,8,0,40.0389,-75.0331, , 
 ,62921,2012098435,6,67,67301,2012,8,5,1708,17,1,1,0,4,1, , ,N,0,0,0,3,0,3,3,2,N,N,39 54:39.567,75 13:20.799,1721, ,1716, ,0, ,N, ,0, , , , , ,695853, , , ,2,1,0,0,0,1,0,0,0,0,0,0,1,1,2,0,0,0,0,1,0,0,0,0,0,0,0,0,0,0,0,0,0,0,0,8,0,39.9121,-75.2221, , 
 ,62922,2012067981,6,67,67301,2012,6,7,1217,12,1,1,0,1,1, , ,N,0,0,0,3,0,0,3,2,N,N,39 56:58.617,75 11:02.575,1232, ,1222, ,0, ,N, ,0, , , , , ,695866, , , ,2,2,0,0,0,0,0,0,0,0,0,0,0,0,0,0,0,0,0,0,0,1,0,0,0,0,0,0,0,0,0,0,0,0,0,0,0,39.9497,-75.184, , 
 ,62923,2012085884,6,67,67301,2012,8,6,1345,13,1,1,0,1,1, , ,N,1,2,0,3,0,1,3,2,N,N,39 58:29.722,75 14:06.187,1351, ,1351, ,0, ,N, ,3, , , , , ,695887, , , ,2,1,0,0,0,0,1,0,0,0,0,1,1,0,0,0,0,0,0,0,0,0,0,0,0,0,0,0,0,0,0,0,0,0,0,4,0,39.9749,-75.2351, , 
 ,62924,2012085916,6,67,67301,2012,4,1,1633,16,1,1,0,4,1, , ,N,1,2,0,3,0,1,2,3,N, ,39 58:53.180,75 07:39.465,1635, ,1634,2,1,5, , ,3,Y, , , , ,695888, , , ,3,3,0,0,0,0,0,0,0,0,0,1,1,0,1,0,0,0,0,0,0,0,0,0,0,0,0,0,0,0,0,0,0,0,0,4,0,39.9814,-75.1276, , 
 ,62925,2012103982,6,67,67301,2012,9,3,9999,99,1,2,1,7,2, , ,N,2,0,0,3,0,0,1,1,N, ,40 02:06.255,75 10:45.191,9999, ,9999,1,2,4, , ,0,Y, , , , ,695905, , , ,1,1,0,0,0,0,0,0,0,0,0,0,0,0,0,0,0,0,0,0,0,0,0,0,0,0,0,0,0,0,0,0,0,0,0,0,0,40.0351,-75.1792, , 
 ,62926,2012072767,6,67,67301,2012,5,1,645,6,1,1,0,7,2, , ,N,0,0,0,3,0,1,3,3,N,N,40 01:19.450,75 02:17.848,657, ,651,1,1,1,N, ,0,N, , , , ,695932, , , ,3,2,0,0,0,0,1,0,0,0,0,0,1,1,0,0,0,0,0,0,1,0,0,0,0,0,0,0,0,0,0,0,0,0,0,8,0,40.022,-75.0385, , 
 ,62927,2012080663,6,67,67301,2012,8,7,1830,18,1,1,1,1,1, , ,N,0,0,0,3,0,0,3,2,N,N,39 57:30.789,75 10:05.639,1846, ,1834, ,0, ,N, ,0, , , , , ,695941, , , ,2,0,0,0,0,0,2,0,0,0,0,0,0,0,0,0,0,0,0,0,0,0,0,0,0,0,0,0,0,0,0,0,0,0,0,0,0,39.9586,-75.1682, , 
 ,62928,2012076054,6,67,67301,2012,6,5,200,2,3,1,0,5,6, , ,N,0,0,0,3,0,0,1,4,N,N,40 01:00.066,75 03:40.105,1015, ,1010, ,0, ,N, ,0, , , , , ,695967, , , ,4,2,0,0,0,0,2,0,0,0,0,0,0,0,1,0,0,0,0,0,0,1,0,0,0,0,0,0,0,0,0,0,0,0,0,9,0,40.0167,-75.0611, , 
 ,62929,2012096025,6,67,67301,2012,8,6,1610,16,1,1,0,1,1, , ,N,0,0,0,3,0,2,4,3,N,N,39 59:36.639,75 09:45.835,1615, ,1613, ,0, ,N, ,0, , , , , ,695980, , , ,3,2,0,0,0,0,1,0,0,0,0,2,2,0,1,0,0,0,0,0,0,0,0,4,0,0,0,0,0,0,0,0,0,0,0,4,0,39.9935,-75.1627, , 
 ,62930,2012101042,6,67,67301,2012,9,6,745,7,1,1,0,7,2, , ,N,0,0,0,3,0,1,1,1,N,N,40 02:25.573,75 03:17.823,750, ,745, ,0, ,N, ,0, , , , , ,695983, , , ,1,1,0,0,0,0,0,0,0,0,1,0,1,0,0,0,0,0,0,0,0,0,0,1,0,0,0,0,0,0,0,0,0,0,0,3,0,40.0404,-75.055, , 
 ,62931,2012115255,6,67,67301,2012,7,1,1030,10,1,1,0,4,1, , ,N,1,2,0,3,0,3,3,2,N,N,39 55:52.058,75 13:03.523,0, ,0, ,0, ,N, ,3, , , , , ,696002, , , ,2,2,0,0,0,0,0,0,0,0,0,0,3,3,0,0,0,0,0,0,0,0,0,0,0,0,0,0,0,0,0,0,0,0,0,8,0,39.9311,-75.2176, , 
 ,62932,2012068710,6,67,67301,2012,6,4,1004,10,1,1,0,4,1, , ,N,1,3,0,3,0,4,4,2,N,N,39 59:11.933,75 08:47.141,1016, ,1008, ,0, ,N, ,3, , , , , ,696009, , , ,2,2,0,0,0,0,0,0,0,0,0,0,4,4,0,0,0,0,0,0,2,0,0,0,0,0,0,0,0,0,0,0,0,0,0,8,0,39.9866,-75.1464, , 
 ,62933,2012095480,6,67,67301,2012,8,6,1530,15,1,1,0,5,1, , ,N,1,2,0,3,0,1,2,2,N, ,39 55:16.534,75 11:37.851,1615, ,1557, ,0, , , ,3, , , , , ,696047, , , ,1,0,0,0,0,0,0,0,0,0,0,0,1,1,0,0,0,0,0,0,1,0,0,0,0,0,0,0,0,0,0,0,0,0,0,8,0,39.9213,-75.1938, , 
 ,62934,2012066708,6,67,67301,2012,5,2,1825,18,1,1,0,4,1, , ,N,0,0,0,3,0,3,3,2,N,N,40 00:56.299,75 10:12.352,1835, ,1830,1,1,1,N, ,0,N, , , , ,699041, , , ,2,2,0,0,0,0,0,0,0,0,0,3,3,0,0,0,0,0,0,0,0,0,0,0,0,0,0,0,0,0,0,0,0,0,0,4,0,40.0156,-75.1701, , 
 ,62935,2012073602,6,67,67301,2012,6,7,1520,15,1,1,0,4,1, , ,N,0,0,0,3,0,1,2,2,N,N,40 03:58.338,75 03:01.612,1530, ,1523,1,1,6,N, ,0,Y, , , , ,699052, , , ,2,2,0,0,0,0,0,0,0,0,0,0,1,1,0,0,0,0,0,0,0,0,0,0,0,0,0,0,0,0,0,0,0,0,0,8,0,40.0662,-75.0504, , 
 ,62936,2012075954,6,67,67301,2012,6,3,1115,11,1,1,0,4,1, , ,N,1,2,0,3,0,2,2,2,N,N,39 54:20.727,75 11:38.377,1125, ,1120,2,2,7,N, ,1,Y, , , , ,699057, , , ,2,1,0,0,0,0,0,1,0,0,1,1,2,0,0,0,0,0,0,0,0,0,0,0,0,0,0,0,0,0,0,0,0,0,0,3,0,39.9057,-75.1938, , 
 ,62937,2012064692,6,67,67301,2012,5,1,1419,14,1,1,0,8,1, , ,N,0,0,0,3,0,1,2,2,N,N,39 59:59.405,75 07:59.048,1425, ,1422,9,1,2,N, ,0,N, , , , ,699092, , , ,1,1,0,0,0,0,0,0,0,1,0,0,1,0,0,0,0,0,0,0,0,0,0,0,0,0,0,0,0,0,0,0,1,0,1,2,0,39.9998,-75.1331, , 
 ,62938,2012098434,6,67,67301,2012,9,5,1939,19,3,1,0,1,1, , ,N,1,2,0,3,0,2,2,3,N, ,39 57:19.263,75 11:59.801,1950, ,1943, ,0, , , ,3, , , , , ,699121, , , ,3,3,0,0,0,0,0,0,0,0,0,0,0,0,2,0,0,0,0,0,1,0,0,0,0,0,0,0,0,0,0,0,0,0,0,9,0,39.9554,-75.2, , 
 ,62939,2012064106,6,67,67301,2012,6,6,1109,11,1,1,0,1,1, , ,N,0,0,0,3,0,1,2,2,N,N,39 57:33.231,75 10:25.314,1115, ,1112,1,1,3,N, ,0,N, , , , ,699137, , , ,2,1,0,0,0,0,1,0,0,0,0,1,1,0,0,0,0,0,0,0,0,0,0,0,0,0,0,0,0,0,0,0,0,0,0,4,0,39.9592,-75.1737, , 
 ,62940,2012109718,6,67,67301,2012,10,4,1712,17,1,1,0,8,1, , ,N,1,2,0,3,0,1,2,2,N, ,40 02:29.839,75 03:51.611,1714, ,1714, ,0, , , ,3, , , , , ,699198, , , ,1,1,0,0,0,0,0,0,0,0,0,0,1,1,0,0,0,0,0,0,0,0,1,1,0,0,0,0,0,0,0,0,1,0,0,8,0,40.0416,-75.0643, , 
 ,62941,2012116477,6,67,67301,2012,11,6,1813,18,2,1,0,1,1, , ,N,0,0,0,3,0,0,5,4,N,N,39 59:31.744,75 12:05.913,2000, ,2000, ,0, ,N, ,0, , , , , ,699201, , , ,4,2,0,0,0,0,2,0,0,0,0,0,0,0,0,0,0,0,1,0,1,0,0,0,0,0,0,0,0,0,0,0,0,0,0,0,0,39.9922,-75.2016, , 
 ,62942,2012117274,6,67,67301,2012,10,4,1350,13,1,1,0,2,1, , ,N,0,0,0,3,0,2,4,2,N,N,40 05:06.056,75 02:11.064,1400, ,1356, ,0, ,N, ,0, , , , , ,699204, , , ,2,2,0,0,0,0,0,0,0,0,0,2,2,0,0,0,0,0,0,0,0,0,0,0,0,0,0,0,0,0,0,0,0,0,0,4,0,40.085,-75.0364, , 
 ,62943,2013004014,6,67,67301,2012,11,5,1014,10,1,1,0,1,1, , ,N,0,0,0,3,0,1,2,2,N,N,39 53:05.653,75 15:01.776,1105, ,1100, ,0, ,N, ,0, , , , , ,699228, , , ,2,1,0,1,0,0,0,0,0,0,0,1,1,0,0,0,0,0,0,0,1,0,0,0,0,0,0,0,0,0,0,0,0,0,0,4,1,39.8849,-75.2505, , 
 ,62944,2013006647,6,67,67301,2012,12,6,825,8,1,1,1,4,1, , ,N,1,2,0,3,0,2,4,2,N,N,40 03:13.772,75 05:10.794,836, ,826, ,0, ,N, ,3, , , , , ,699229, , , ,2,2,0,0,0,0,0,0,0,0,2,0,2,0,0,0,0,0,0,0,0,0,0,0,0,0,0,0,0,0,0,0,0,0,0,3,0,40.0538,-75.0863, , 
 ,62945,2012083109,6,67,67301,2012,5,7,700,7,1,1,0,4,1, , ,N,1,2,0,3,0,3,4,2, , ,40 01:23.700,75 04:36.637,0, ,0, ,0, , , ,3, , , , , ,699239, , , ,2,1,0,0,1,0,0,0,0,0,0,3,3,0,1,0,0,0,0,0,2,0,0,0,0,0,0,0,0,0,0,0,0,0,0,4,0,40.0233,-75.0768, , 
 ,62946,2012088623,6,67,67301,2012,8,4,1459,14,1,1,0,4,1, , ,N,1,2,0,3,0,0,2,2,N,N,40 03:14.351,75 02:56.006,1525, ,1522,1,1,2,N, ,3,N, , , , ,699241, , , ,2,1,0,0,0,0,1,0,0,0,0,0,0,0,0,0,0,0,0,0,0,0,0,0,0,0,0,0,0,0,0,0,0,0,0,0,0,40.0542,-75.0493, , 
 ,62947,2012104058,6,67,67301,2012,9,7,1625,16,1,1,0,6,1, , ,N,0,0,7,3,0,1,1,2,N,N,40 02:47.619,75 07:24.693,9999, ,1630, ,0, ,N, ,0, , , , , ,699258, , , ,2,1,0,0,1,0,0,0,0,0,0,0,0,0,1,0,0,0,0,0,1,0,0,0,0,0,0,0,0,0,0,0,0,0,0,9,0,40.0466,-75.1235, , 
 ,62948,2012104150,6,67,67301,2012,9,4,925,9,1,1,0,4,1, , ,N,1,0,0,3,0,1,3,2,N,N,39 55:00.970,75 12:57.138,940, ,935, ,0, ,N, ,0, , , , , ,699259, , , ,2,1,0,0,0,1,0,0,0,0,0,0,1,1,0,0,0,0,0,0,2,0,0,0,0,0,0,0,0,0,0,0,0,0,0,8,0,39.9169,-75.2159, , 
 ,62949,2012117340,6,67,67301,2012,10,1,200,2,3,1,0,4,1, , ,N,2,2,0,3,0,3,5,2,N,N,39 56:45.926,75 11:54.625,209, ,200,1,1,3,N, ,3,N, , , , ,699271, , , ,2,2,0,0,0,0,0,0,0,0,0,1,3,2,0,0,0,0,0,0,1,0,0,0,0,0,0,0,0,0,0,0,0,0,0,4,0,39.9461,-75.1985, , 
 ,62950,2012126371,6,67,67301,2012,11,1,245,2,3,1,0,1,1, , ,N,1,2,0,3,0,1,1,2,N, ,39 56:28.421,75 12:33.849,248, ,248, ,0, , , ,3, , , , , ,699278, , , ,1,1,0,0,0,0,0,0,0,0,0,1,1,0,0,0,0,0,0,0,0,0,0,0,0,0,0,0,0,0,0,0,0,0,0,4,0,39.9412,-75.2094, , 
 ,62951,2012083232,6,67,67301,2012,8,6,1800,18,1,2,1,1,1, , ,N,1,2,0,3,0,1,4,3,N,N,39 55:25.281,75 09:51.624,1804, ,1801, ,0, , , ,3, , , , , ,699297, , , ,3,3,0,0,0,0,0,0,0,0,0,1,1,0,0,0,1,0,0,0,0,0,0,0,0,0,0,0,0,0,0,0,0,0,0,4,0,39.9237,-75.1643, , 
 ,62952,2012080787,6,67,67301,2012,7,5,1900,19,1,1,0,4,1, , ,N,2,0,0,3,0,1,3,2,N, ,40 02:00.563,75 04:18.394,1902, ,1901, ,0, , , ,0, , , , , ,702390, , , ,2,2,0,0,0,0,0,0,0,0,1,0,1,0,0,0,0,0,0,0,0,0,0,0,0,0,0,0,0,0,0,0,0,0,0,3,0,40.0335,-75.0718, , 
 ,62953,2012083165,6,67,67301,2012,7,2,1300,13,1,1,0,1,1, , ,N,0,0,0,3,0,2,3,2,N, ,39 59:19.860,75 06:20.514,1529, ,1525, ,0, , , ,0, , , , , ,702431, , , ,2,1,0,0,1,0,0,0,0,0,0,2,2,0,1,0,0,0,0,0,0,0,0,0,0,0,0,0,0,0,0,0,0,0,0,4,0,39.9889,-75.1057, , 
 ,62954,2012098385,6,67,67301,2012,9,3,1527,15,1,2,1,4,1, , ,N,1,2,0,3,0,3,3,3,N, ,39 55:20.731,75 13:23.335,1553, ,1541,9,1,3, , ,3,N, , , , ,702445, , , ,3,2,0,0,0,0,1,0,0,0,2,1,3,0,0,0,0,0,0,0,0,0,0,0,0,0,0,0,0,0,0,0,0,0,0,3,0,39.9224,-75.2232, , 
 ,62955,2012120029,6,67,67301,2012,10,6,1430,14,1,1,0,4,1, , ,N,1,2,0,3,0,1,2,2,N,N,39 58:01.120,75 09:37.224,1745, ,1735, ,0, ,N, ,3, , , , , ,702459, , , ,1,0,0,0,0,0,1,0,1,0,1,0,1,0,0,0,0,0,0,0,0,1,0,0,0,0,0,0,0,0,0,0,0,0,0,3,0,39.967,-75.1603, , 
 ,62956,2012060695,6,67,67301,2012,5,1,1520,15,1,1,0,1,1, , ,N,0,0,0,3,0,1,2,2,N,N,40 00:02.582,75 12:55.856,1230, ,1230, ,0, ,N, ,0, , , , , ,702462, , , ,2,1,0,0,0,0,1,0,0,0,1,0,1,0,1,0,0,0,0,0,1,0,0,0,0,0,0,0,0,0,0,0,0,0,0,3,0,40.0007,-75.2155, , 
 ,62957,2012078244,6,67,67301,2012,7,3,1730,17,1,1,0,4,1, , ,N,2,0,0,3,0,2,2,2,N,N,39 58:11.635,75 12:41.442,1829, ,1820, ,0, ,N, ,0, , , , , ,702476, , , ,2,2,0,0,0,0,0,0,0,0,0,0,2,2,0,0,0,0,0,0,1,0,0,0,0,0,0,0,0,0,0,0,0,0,0,8,0,39.9699,-75.2115, , 
 ,62958,2012083181,6,67,67301,2012,7,3,1840,18,1,1,0,8,1, , ,N,0,0,0,3,0,1,2,2,N,N,40 01:15.369,75 08:12.336,1849, ,1842, ,0, ,N, ,0, , , , , ,702481, , , ,1,1,0,0,0,0,0,0,0,0,0,1,1,0,0,0,0,0,0,0,1,0,0,0,0,0,0,0,0,0,0,0,1,0,0,4,0,40.0209,-75.1368, , 
 ,62959,2012084049,6,67,67301,2012,8,3,1052,10,1,2,1,7,4, , ,N,0,0,0,3,0,1,2,2,N,N,39 59:09.093,75 05:35.410,1108, ,1055,1,1,2,N, ,0,N, , , , ,702485, , , ,2,1,0,0,0,1,0,0,0,0,0,1,1,0,0,0,0,0,1,0,1,0,0,0,0,0,0,0,0,0,0,0,0,0,0,4,1,39.9859,-75.0931, , 
 ,62960,2012085891,6,67,67301,2012,8,5,926,9,1,1,0,4,1, , ,N,1,2,0,3,0,1,2,2,N,N,40 04:51.077,75 01:43.585,931, ,927,1,1,4, , ,3,N, , , , ,702489, , , ,2,2,0,0,0,0,0,0,0,0,0,1,1,0,0,0,0,0,0,0,0,1,0,0,0,0,0,0,0,0,0,0,0,0,0,4,0,40.0809,-75.0288, , 
 ,62961,2012098264,6,67,67301,2012,9,4,1620,16,1,1,0,3,1, , ,N,2,0,0,3,0,1,2,1,N,N,39 55:24.268,75 11:18.383,1640, ,1631, ,0, ,N, ,0, , , , , ,702503, , , ,1,0,0,0,1,0,0,0,0,0,0,1,1,0,0,0,0,0,0,0,0,0,0,2,0,0,0,0,0,0,0,0,0,0,0,4,0,39.9234,-75.1884, , 
 ,62962,2012098418,6,67,67301,2012,8,7,1232,12,1,1,0,8,1, , ,N,0,0,0,3,0,1,2,2,N,N,40 00:16.747,75 08:25.731,1232, ,1232, ,0, ,N, ,0, , , , , ,702504, , , ,1,1,0,0,0,0,0,0,0,0,0,0,1,1,0,0,0,0,0,0,0,0,0,0,0,0,0,0,0,0,0,0,1,0,0,8,0,40.0047,-75.1405, , 
 ,62963,2012073569,6,67,67301,2012,6,4,1053,10,1,1,0,4,1, , ,N,1,2,0,3,0,1,2,2,N,N,39 55:21.975,75 14:18.329,1055, ,1054, ,0, , , ,3, , , , , ,702528, , , ,2,1,0,0,1,0,0,0,0,0,0,1,1,0,0,0,0,0,0,0,1,0,0,0,0,0,0,0,0,0,0,0,0,0,0,4,0,39.9228,-75.2384, , 
 ,62964,2012083088,6,67,67301,2012,4,7,400,4,3,1,0,0,3, , ,N,0,0,0,3,0,2,2,1,N,N,39 56:11.569,75 11:57.982,0, ,0, ,0, ,N, ,0, , , , , ,702537, , , ,1,1,0,0,0,0,0,0,0,0,2,0,2,0,0,0,0,0,0,0,0,0,0,0,0,0,0,0,0,0,0,0,0,0,0,3,0,39.935,-75.1999, , 
 ,62965,2012098272,6,67,67301,2012,9,3,2235,22,3,2,1,1,1, , ,N,1,2,0,3,0,2,3,2,N,N,39 56:47.166,75 10:46.214,2244, ,2242, ,0, , , ,3, , , , , ,702547, , , ,2,2,0,0,0,0,0,0,0,0,0,1,1,0,1,0,0,0,0,0,0,0,1,0,0,0,0,0,0,0,0,0,0,0,0,4,0,39.9464,-75.1795, , 
 ,62966,2012060927,6,67,67301,2012,6,6,255,2,3,1,0,7,2, , ,N,0,0,0,3,0,1,1,1,N,N,39 58:36.754,75 06:48.199,256, ,256,1,2,1,N, ,0,Y, , , , ,702559, , , ,1,1,0,0,0,0,0,0,0,0,0,1,1,0,0,0,0,0,0,0,0,0,0,0,0,0,0,0,0,0,0,0,0,0,0,4,0,39.9768,-75.1135, , 
 ,62967,2012088607,6,67,67301,2012,8,5,1200,12,1,1,0,1,1, , ,N,1,0,0,3,0,2,3,2,N,N,39 58:33.078,75 07:12.081,1206, ,1204, ,0, ,N, ,0, , , , , ,702594, , , ,2,2,0,0,0,0,0,0,0,0,0,0,2,2,0,0,0,0,0,0,0,0,0,0,0,0,0,0,0,0,0,0,0,0,0,8,0,39.9759,-75.12, , 
 ,62968,2012098961,6,67,67301,2012,9,7,2015,20,3,2,1,4,1, , ,N,2,0,0,3,0,1,2,2,N,N,39 57:59.382,75 14:21.069,2035, ,2026, ,0, ,N, ,0, , , , , ,702603, , , ,1,1,0,0,0,0,0,0,1,0,0,1,1,0,0,0,0,0,0,0,0,0,0,0,0,0,0,0,0,0,0,0,0,0,0,4,0,39.9665,-75.2392, , 
 ,62969,2012073548,6,67,67301,2012,6,3,400,4,3,1,0,8,1, , ,N,2,0,0,3,0,1,2,2,N,N,40 01:43.093,75 07:37.239,420, ,414, ,0, ,N, ,0, , , , , ,702615, , , ,1,1,0,0,0,0,0,0,0,0,0,1,1,0,1,0,0,0,0,0,0,0,0,0,0,0,0,0,0,0,0,0,1,0,0,4,0,40.0286,-75.127, , 
 ,62970,2012125094,6,67,67301,2012,12,6,1635,16,4,1,0,1,1, , ,N,0,0,0,3,0,0,2,2,N,N,39 54:24.087,75 08:59.386,1650, ,1639,2,1,2,N, ,0,N, , , , ,705299, , , ,2,2,0,0,0,0,0,0,0,0,0,0,0,0,0,0,0,0,0,0,0,0,0,0,0,0,0,0,0,0,0,0,0,0,0,0,0,39.9067,-75.1498, , 
 ,62971,2012068885,6,67,67301,2012,6,6,855,8,3,1,0,8,1, , ,N,1,2,0,3,0,1,2,2,N,N,40 00:48.808,75 04:07.229,859, ,859, ,0, ,N, ,3, , , , , ,705307, , , ,1,1,0,0,0,0,0,0,0,0,0,1,1,0,0,0,0,0,0,0,0,0,0,0,0,0,0,0,0,0,0,0,1,0,0,4,0,40.0135,-75.0691, , 
 ,62972,2012068910,6,67,67301,2012,6,4,1515,15,1,1,0,4,1, , ,N,1,2,0,3,0,1,2,2,N,N,39 57:42.285,75 14:19.698,1520, ,1515, ,0, ,N, ,3, , , , , ,705308, , , ,2,1,0,0,0,0,1,0,0,0,0,0,1,1,0,0,0,0,0,0,1,0,0,0,0,0,0,0,0,0,0,0,0,0,0,8,0,39.9616,-75.2388, , 
 ,62973,2012083156,6,67,67301,2012,7,4,1803,18,1,1,0,4,1, , ,N,1,3,0,3,0,1,3,2,N,N,39 57:59.037,75 12:27.246,1808, ,1807,9,1,6,N, ,3,N, , , , ,705316, , , ,2,1,0,0,0,0,1,0,0,0,1,0,1,0,0,0,0,1,1,0,0,0,0,0,0,0,0,0,0,0,0,0,0,0,0,3,0,39.9664,-75.2075, , 
 ,62974,2012123340,6,67,67301,2012,11,4,725,7,1,1,0,1,1, , ,N,5,2,0,3,0,0,3,3,N, ,40 03:50.623,75 14:22.284,726, ,725, ,0, , , ,3, , , , , ,705343, , , ,3,3,0,0,0,0,0,0,0,0,0,0,0,0,0,0,0,0,0,0,1,0,0,0,0,0,0,0,0,0,0,0,0,0,0,0,0,40.0641,-75.2395, , 
 ,62975,2012128172,6,67,67301,2012,11,4,9999,99,3,1,0,4,1, , ,N,0,0,0,3,0,1,3,2,N,N,40 02:17.304,75 07:48.547,2255, ,2248, ,0, ,N, ,0, , , , , ,705348, , , ,2,1,0,0,0,0,0,0,0,0,0,0,1,1,0,0,0,0,0,0,0,0,0,0,0,0,0,0,0,0,0,0,0,0,0,8,0,40.0381,-75.1302, , 
 ,62976,2012063103,6,67,67301,2012,5,2,1610,16,1,2,1,4,1, , ,N,2,0,0,3,0,6,22,2,N,N,39 56:22.606,75 11:19.381,1745, ,1719,3,1,3,N, ,0,N, , , , ,705354, , , ,2,0,0,1,0,0,0,1,0,0,0,0,6,6,0,0,0,0,0,0,0,1,0,0,0,0,0,0,0,0,0,0,0,0,0,8,1,39.9396,-75.1887, , 
 ,62977,2012070433,6,67,67301,2012,6,7,1957,19,3,1,0,1,1, , ,N,0,0,0,3,0,3,8,3,N,N,39 59:52.486,75 07:29.115,2125, ,2120, ,0, ,N, ,0, , , , , ,705358, , , ,3,2,0,0,0,0,1,0,0,0,0,0,3,3,0,0,0,1,0,0,1,0,0,6,0,0,0,0,0,0,0,0,0,0,0,8,0,39.9979,-75.1248, , 
 ,62978,2012012639,6,67,67301,2012,1,1,1552,15,1,1,0,2,1, , ,N,0,0,0,3,0,1,1,3,N,N,40 02:37.903,75 08:45.124,1601, ,1556, ,0, ,N, ,0, , , , , ,705363, , , ,3,1,0,0,0,0,2,0,0,0,0,1,1,0,0,0,0,0,0,0,0,0,1,0,0,0,0,0,0,0,0,0,0,0,0,4,0,40.0439,-75.1459, , 
 ,62979,2012012929,6,67,67301,2012,1,4,2305,23,3,4,3,7,5, , ,N,0,0,0,3,0,3,3,2,N,N,39 57:56.313,75 08:13.416,2322, ,2308,3,1,2,N, ,0,N, , , , ,705364, , , ,2,1,0,0,0,0,1,0,0,0,0,3,3,0,0,0,0,0,0,0,1,0,0,0,0,0,0,0,0,0,0,0,0,0,0,4,0,39.9657,-75.1369, , 
 ,62980,2012019939,6,67,67301,2012,1,6,2135,21,3,1,1,1,6, , ,N,0,0,0,3,0,0,1,6,N,N,39 59:27.467,75 09:18.865,2140, ,2135, ,0, ,N, ,0, , , , , ,705371, , , ,6,6,0,0,0,0,0,0,0,0,0,0,0,0,1,0,0,0,0,0,0,0,0,1,0,0,0,0,0,0,0,0,0,0,0,9,0,39.991,-75.1552, , 
 ,62981,2012020507,6,67,67301,2012,1,1,1245,12,1,8,5,4,6, , ,N,0,0,0,3,0,1,3,2,N,N,40 02:24.878,75 04:55.236,1520, ,1515, ,0, , , ,0, , , , , ,705373, , , ,2,1,0,0,0,0,1,0,0,0,0,1,1,0,0,0,0,0,0,0,0,0,0,0,0,0,0,0,0,0,0,0,0,0,0,4,0,40.0402,-75.082, , 
 ,62982,2012041536,6,67,67301,2012,3,1,1957,19,3,1,0,4,1, , ,N,0,0,0,3,0,0,1,4,N,N,40 01:21.860,75 05:28.237,9999, ,9999,2,2,3, , ,0,Y, , , , ,705392, , , ,4,1,0,0,1,0,2,0,0,0,0,0,0,0,0,0,0,0,0,0,0,0,0,0,0,0,0,0,0,0,0,0,0,0,0,0,0,40.0227,-75.0912, , 
 ,62983,2012063920,6,67,67301,2012,5,1,548,5,5,2,1,4,1, , ,N,1,3,0,3,0,1,2,2,N,N,40 00:35.546,75 08:36.369,555, ,550, ,0, ,N, ,3, , , , , ,705419, , , ,1,0,0,0,0,0,1,0,1,0,0,1,1,0,0,0,0,0,0,0,0,1,0,0,0,0,0,0,0,0,0,0,0,0,0,4,0,40.0099,-75.1434, , 