wz_ln_closure,objectid_1,crn,district,county,municipality,crash_year,crash_month,day_of_week,time_of_day,hour_of_day,illumination,weather,road_condition,collision_type,relation_to_road,work_zone_type,work_zone_loc,work_zone_ind,intersect_type,tcd_type,location_type,urban_rural,fatal_count,injury_count,person_count,total_units,sch_bus_ind,sch_zone_ind,latitude,longitude,arrival_tm,cons_zone_spd_lim,dispatch_tm,est_hrs_closed,lane_closed,ln_close_dir,ntfy_hiwy_maint,spec_juris_cd,tcd_func_cd,tfc_detour_ind,workers_pres,wz_close_detour,wz_flagger,wz_law_offcr_ind,objectid,wz_moving,wz_other,wz_shlder_mdn,vehicle_count,automobile_count,motorcycle_count,bus_count,small_truck_count,heavy_truck_count,suv_count,van_count,bicycle_count,maj_inj_count,mod_inj_count,min_inj_count,tot_inj_count,unk_inj_deg_count,unk_inj_per_count,driver_count_16yr,driver_count_17yr,driver_count_18yr,driver_count_19yr,driver_count_20yr,driver_count_50_64yr,driver_count_65_74yr,driver_count_75plus,unbelted_occ_count,unb_death_count,unb_maj_inj_count,belted_death_count,belted_maj_inj_count,mcycle_death_count,mcycle_maj_inj_count,bicycle_death_count,bicycle_maj_inj_count,ped_count,ped_death_count,ped_maj_inj_count,max_severity_level,comm_veh_count,dec_lat,dec_long,rdwy_surf_type_cd,county_name
 ,62984,2012068755,6,67,67301,2012,6,6,1005,10,1,1,0,4,1, , ,N,0,0,7,3,0,0,3,3,N, ,40 04:47.130,75 01:28.540,1012, ,1008, ,0, , , ,0, , , , , ,705421, , , ,3,1,0,0,1,0,1,0,0,0,0,0,0,0,0,0,0,0,0,0,0,0,0,0,0,0,0,0,0,0,0,0,0,0,0,0,0,40.0798,-75.0246, , 
 ,62985,2012073468,6,67,67301,2012,6,7,400,4,3,1,0,7,2, , ,N,0,0,0,3,0,1,2,2,N,N,39 57:53.888,75 13:23.685,440, ,430, ,0, ,N, ,0, , , , , ,705468, , , ,2,0,0,0,0,0,2,0,0,0,0,0,1,1,0,0,0,0,0,0,1,0,0,0,0,0,0,0,0,0,0,0,0,0,0,8,0,39.965,-75.2232, , 
 ,62986,2012078192,6,67,67301,2012,7,4,2045,20,4,1,0,1,1, , ,N,1,2,0,3,0,1,4,4,N,N,40 02:35.999,75 09:40.854,2105, ,2100, ,0, ,N, ,3, , , , , ,705476, , , ,4,4,0,0,0,0,0,0,0,0,0,1,1,0,0,0,0,0,0,0,1,0,0,0,0,0,0,0,0,0,0,0,0,0,0,4,0,40.0433,-75.1613, , 
 ,62987,2012098511,6,67,67301,2012,9,1,1610,16,1,1,0,8,1, , ,N,1,0,0,3,0,1,2,2,N, ,40 02:24.252,75 04:05.674,1925, ,1915, ,0, , , ,0, , , , , ,705490, , , ,1,1,0,0,0,0,0,0,0,0,0,1,1,0,1,0,0,0,0,0,0,0,0,0,0,0,0,0,0,0,0,0,1,0,0,4,0,40.0401,-75.0682, , 
 ,62988,2012098293,6,67,67301,2012,8,6,2250,22,3,1,0,8,1, , ,N,1,0,0,3,0,1,2,2,N, ,39 58:26.987,75 07:59.978,2250, ,2250, ,0, , , ,0, , , , , ,696072, , , ,1,1,0,0,0,0,0,0,0,0,0,1,1,0,0,0,0,0,0,0,0,0,0,1,0,0,0,0,0,0,0,0,1,0,0,4,0,39.9742,-75.1333, , 
 ,62989,2012098381,6,67,67301,2012,9,3,1640,16,1,1,0,1,1, , ,N,0,0,0,3,0,1,2,2,Y,N,39 56:43.746,75 10:47.442,1655, ,1644, ,0, ,N, ,0, , , , , ,696073, , , ,2,2,0,0,0,0,0,0,0,0,0,1,1,0,0,0,0,0,0,0,0,0,0,2,0,0,0,0,0,0,0,0,0,0,0,4,0,39.9455,-75.1798, , 
 ,62990,2012111710,6,67,67301,2012,10,6,1500,15,1,1,0,8,1, , ,N,1,3,0,3,0,1,2,2,N, ,40 03:33.019,75 09:30.261,2130, ,2130, ,0, , , ,3, , , , , ,696089, , , ,1,1,0,0,0,0,0,0,0,0,0,1,1,0,0,0,0,0,0,0,0,0,0,0,0,0,0,0,0,0,0,0,1,0,0,4,0,40.0592,-75.1584, , 
 ,62991,2012095473,6,67,67301,2012,8,5,815,8,1,1,0,4,1, , ,N,1,3,0,3,0,0,2,2,N,N,40 01:12.005,75 09:07.946,935, ,927, ,0, ,N, ,3, , , , , ,696134, , , ,2,2,0,0,0,0,0,0,0,0,0,0,0,0,0,0,0,0,0,0,0,0,0,0,0,0,0,0,0,0,0,0,0,0,0,0,0,40.02,-75.1522, , 
 ,62992,2012098386,6,67,67301,2012,9,6,55,0,3,1,0,4,1, , ,N,1,3,0,3,0,2,2,2,N,N,39 59:18.052,75 06:09.525,109, ,109,2,2,3,N, ,3,N, , , , ,696141, , , ,2,2,0,0,0,0,0,0,0,0,2,0,2,0,0,0,0,0,0,0,1,0,0,0,0,0,0,0,0,0,0,0,0,0,0,3,0,39.9883,-75.1026, , 
 ,62993,2012068762,6,67,67301,2012,4,4,1539,15,1,1,0,1,1, , ,N,0,2,7,3,0,1,6,3,Y, ,40 04:27.021,75 00:59.628,1555, ,1546, ,0, , , ,3, , , , , ,696154, , , ,3,0,0,1,2,0,0,0,0,0,1,0,1,0,0,0,0,0,0,0,2,0,0,1,0,0,0,0,0,0,0,0,0,0,0,3,1,40.0742,-75.0166, , 
 ,62994,2012073629,6,67,67301,2012,4,2,528,5,1,1,0,4,6, , ,N,0,0,0,3,0,1,1,3,N,N,39 57:02.059,75 13:17.068,529, ,527, ,0, ,N, ,0, , , , , ,696158, , , ,3,2,0,0,1,0,0,0,0,0,0,0,1,1,0,0,0,0,0,0,0,0,0,0,0,0,0,0,0,0,0,0,0,0,0,8,0,39.9506,-75.2214, , 
 ,62995,2012066747,6,67,67301,2012,6,5,820,8,1,1,0,7,2, , ,N,0,0,0,3,0,1,1,1,N,N,40 04:44.168,75 04:11.025,826, ,825, ,0, ,N, ,0, , , , , ,696163, , , ,1,1,0,0,0,0,0,0,0,0,0,0,1,1,0,0,0,0,0,0,0,0,0,0,0,0,0,0,0,0,0,0,0,0,0,8,0,40.0789,-75.0697, , 
 ,62996,2012095345,6,67,67301,2012,8,4,928,9,1,1,0,4,1, , ,N,1,0,0,3,0,0,2,2,N, ,40 02:00.272,75 03:41.486,940, ,935, ,0, , , ,0, , , , , ,696184, , , ,2,2,0,0,0,0,0,0,0,0,0,0,0,0,0,0,0,0,0,0,0,0,1,0,0,0,0,0,0,0,0,0,0,0,0,0,0,40.0334,-75.0615, , 
 ,62997,2012098299,6,67,67301,2012,9,1,300,3,3,1,0,2,1, , ,N,1,2,0,3,0,3,3,2,N,N,40 01:02.392,75 06:58.530,305, ,302, ,0, ,N, ,3, , , , , ,696188, , , ,2,1,0,0,0,0,0,1,0,0,3,0,3,0,0,0,0,0,0,0,0,0,0,0,0,0,0,0,0,0,0,0,0,0,0,3,0,40.0173,-75.1163, , 
 ,62998,2012066600,6,67,67301,2012,6,6,1959,19,3,1,1,8,1, , ,N,0,0,0,3,0,1,2,2,N, ,40 01:20.036,75 04:52.254,2007, ,2002, ,0, , , ,0, , , , , ,696207, , , ,1,0,0,0,0,0,1,0,0,0,0,0,1,1,0,0,0,0,0,0,0,0,0,0,0,0,0,0,0,0,0,0,1,0,0,8,0,40.0222,-75.0812, , 
 ,62999,2012073592,6,67,67301,2012,6,7,2303,23,3,1,0,4,1, , ,N,2,2,7,3,0,2,3,2,N,N,39 54:59.607,75 14:44.785,2328, ,2325,2,2,2,N, ,3,Y, , , , ,696223, , , ,2,0,0,0,1,0,0,1,0,0,0,2,2,0,0,0,0,0,0,0,0,0,0,0,0,0,0,0,0,0,0,0,0,0,0,4,0,39.9166,-75.2458, , 
 ,63000,2012076001,6,67,67301,2012,6,2,1616,16,1,1,0,1,1, , ,N,1,2,0,3,0,1,3,3,N,N,40 00:15.118,75 05:57.764,1642, ,1637, ,0, , , ,3, , , , , ,696229, , , ,3,3,0,0,0,0,0,0,0,0,0,0,1,1,0,0,0,0,0,0,1,0,0,0,0,0,0,0,0,0,0,0,0,0,0,8,0,40.0042,-75.0994, , 
 ,63001,2012095634,6,67,67301,2012,8,2,1055,10,1,1,1,2,1, , ,N,1,2,0,3,0,1,2,4,N, ,39 56:45.520,75 11:03.285,1109, ,1101, ,0, , , ,3, , , , , ,696240, , , ,2,2,0,0,0,0,0,0,0,0,0,0,0,0,0,0,0,0,0,0,1,0,0,0,0,0,0,0,0,0,0,0,0,0,0,0,0,39.946,-75.1842, , 
 ,63002,2012098939,6,67,67301,2012,9,3,730,7,1,2,1,7,5, , ,N,2,0,0,3,0,1,1,1,N,N,40 05:20.700,75 02:44.010,750, ,745,3,2,6,N, ,0,Y, , , , ,696243, , , ,1,1,0,0,0,0,0,0,0,0,0,1,1,0,0,0,0,0,0,0,0,0,0,0,0,0,0,0,0,0,0,0,0,0,0,4,0,40.0891,-75.0456, , 
 ,63003,2012104160,6,67,67301,2012,9,7,240,2,3,2,1,7,4, , ,N,0,0,7,3,0,0,1,1,N,N,40 01:38.623,75 11:33.155,259, ,251, ,0, ,N, ,0, , , , , ,696247, , , ,1,1,0,0,0,0,0,0,0,0,0,0,0,0,0,0,0,0,0,0,0,0,0,0,0,0,0,0,0,0,0,0,0,0,0,0,0,40.0274,-75.1925, , 
 ,63004,2012061900,6,67,67301,2012,6,4,708,7,1,1,0,1,1, , ,N,0,0,0,3,0,0,3,3,N,N,39 56:23.504,75 11:45.966,738, ,711,1,2,4,N, ,0,N, , , , ,696249, , , ,3,1,0,0,0,0,1,1,0,0,0,0,0,0,0,0,0,0,0,0,0,0,0,0,0,0,0,0,0,0,0,0,0,0,0,0,0,39.939,-75.197, , 
 ,63005,2012071433,6,67,67301,2012,7,1,2234,22,3,2,1,1,1, , ,N,0,0,0,3,0,0,1,3,N,N,39 56:41.495,75 08:33.895,2244, ,2240,2,1,2,N, ,0,N, , , , ,696270, , , ,3,1,0,0,0,1,0,1,0,0,0,0,0,0,0,0,0,0,0,0,0,0,0,0,0,0,0,0,0,0,0,0,0,0,0,0,1,39.9449,-75.1427, , 
 ,63006,2012060758,6,67,67301,2012,5,3,1425,14,1,1,0,4,1, , ,N,1,3,0,3,0,1,2,2,N,N,39 58:23.293,75 08:54.175,1940, ,1940, ,0, ,N, ,3, , , , , ,696301, , , ,1,0,0,0,0,0,1,0,1,0,0,0,1,1,0,0,0,0,0,0,0,0,0,1,0,0,0,0,0,0,0,0,0,0,0,8,0,39.9731,-75.1484, , 
 ,63007,2012083369,6,67,67301,2012,8,1,220,2,3,1,0,1,1, , ,N,0,2,0,3,0,0,4,3,N,N,39 56:43.949,75 08:31.011,249, ,246,2,2,2,N, ,3,N, , , , ,699298, , , ,3,3,0,0,0,0,0,0,0,0,0,0,0,0,0,0,0,0,0,0,0,0,0,1,0,0,0,0,0,0,0,0,0,0,0,0,0,39.9455,-75.1419, , 
 ,63008,2012085900,6,67,67301,2012,8,3,1113,11,1,1,0,1,1, , ,N,2,0,0,3,0,1,2,2,N,N,40 03:38.559,75 05:11.115,1121, ,1114, ,0, ,N, ,0, , , , , ,699299, , , ,2,0,0,0,0,1,0,1,0,0,0,0,1,1,0,0,0,0,0,0,1,0,0,0,0,0,0,0,0,0,0,0,0,0,0,8,1,40.0607,-75.0864, , 
 ,63009,2012076069,6,67,67301,2012,6,2,1932,19,1,1,0,4,1, , ,N,1,2,0,3,0,1,6,3,N,N,40 01:36.505,75 05:50.523,1935, ,1935,2,1,2,N, ,3,N, , , , ,699337, , , ,3,2,0,0,0,0,0,1,0,0,0,1,1,0,0,0,0,0,0,0,1,0,0,0,0,0,0,0,0,0,0,0,0,0,0,4,0,40.0268,-75.0974, , 
 ,63010,2012103979,6,67,67301,2012,9,1,1645,16,1,1,0,1,1, , ,N,2,2,7,3,0,1,3,2,N,N,40 05:36.345,74 57:43.771,9999, ,1645, ,0, , , ,3, , , , , ,699372, , , ,2,2,0,0,0,0,0,0,0,0,0,0,2,2,0,0,0,0,0,0,2,0,0,0,0,0,0,0,0,0,0,0,0,0,0,8,0,40.0933,-74.9621, , 
 ,63011,2012061196,6,67,67301,2012,3,7,1110,11,1,1,0,1,1, , ,N,1,2,0,3,0,1,2,2,N,N,40 04:50.725,75 01:42.964,0, ,0, ,0, ,N, ,3, , , , , ,699384, , , ,2,1,0,0,1,0,0,0,0,0,0,0,1,1,0,0,0,0,0,0,2,0,0,0,0,0,0,0,0,0,0,0,0,0,0,8,0,40.0808,-75.0286, , 
 ,63012,2012063902,6,67,67301,2012,5,1,1530,15,1,1,0,4,4, , ,N,1,2,0,3,0,1,6,2,N, ,40 00:17.589,75 09:14.000,1550, ,1530, ,0, , , ,3, , , , , ,699389, , , ,2,2,0,0,0,0,0,0,0,0,0,1,1,0,0,0,0,0,0,0,2,0,0,0,0,0,0,0,0,0,0,0,0,0,0,4,0,40.0049,-75.1539, , 
 ,63013,2012099376,6,67,67301,2012,9,6,1255,12,1,1,0,5,1, , ,N,1,2,0,3,0,1,2,3,N, ,40 03:23.118,75 03:12.017,1303, ,1257, ,0, , , ,3, , , , , ,699413, , , ,3,3,0,0,0,0,0,0,0,0,1,0,1,0,0,0,0,0,0,0,0,1,1,0,0,0,0,0,0,0,0,0,0,0,0,3,0,40.0564,-75.0533, , 
 ,63014,2012098994,6,67,67301,2012,9,6,1915,19,3,1,0,4,1, , ,N,1,3,0,3,0,1,2,2,N, ,39 57:43.344,75 13:42.009,1930, ,1930, ,0, , , ,3, , , , , ,699428, , , ,2,1,1,0,0,0,0,0,0,0,0,0,0,0,0,0,0,0,0,0,0,0,0,1,0,0,0,0,0,0,0,0,0,0,0,0,0,39.962,-75.2283, , 
 ,63015,2012099369,6,67,67301,2012,9,6,2200,22,3,1,0,8,6, , ,N,0,0,0,3,0,1,2,2,N,N,40 03:48.340,75 11:01.019,9999, ,9999, ,0, ,N, ,0, , , , , ,699430, , , ,1,1,0,0,0,0,0,0,0,0,0,1,1,0,1,0,0,0,0,0,0,0,0,0,0,0,0,0,0,0,0,0,1,0,0,4,0,40.0634,-75.1836, , 
 ,63016,2012083246,6,67,67301,2012,7,1,9999,99,1,1,0,7,4, , ,N,0,0,0,3,0,1,1,1,N,N,39 59:42.637,75 09:45.622,1350, ,1345, ,0, , , ,0, , , , , ,699445, , , ,1,0,0,0,0,0,0,1,0,0,0,0,1,1,0,0,0,0,0,0,0,0,0,0,0,0,0,0,0,0,0,0,0,0,0,8,0,39.9952,-75.1627, , 
 ,63017,2012095403,6,67,67301,2012,8,2,9999,99,3,1,0,1,1, , ,N,1,2,0,3,0,2,2,2,N,N,40 01:33.550,75 07:19.144,100, ,58, ,0, ,N, ,3, , , , , ,699453, , , ,2,0,2,0,0,0,0,0,0,0,0,2,2,0,0,0,0,0,0,0,0,0,0,0,0,0,0,0,0,0,0,0,0,0,0,4,0,40.0259,-75.1223, , 
 ,63018,2012100284,6,67,67301,2012,10,4,1631,16,1,1,0,1,1, , ,N,6,4,2,3,0,0,4,3,N,N,39 56:44.167,75 11:25.033,1631, ,1631,1,1,3,N, ,3,Y, , , , ,699459, , , ,3,0,0,0,1,0,0,2,0,0,0,0,0,0,1,0,0,0,0,0,0,0,0,0,0,0,0,0,0,0,0,0,0,0,0,9,0,39.9456,-75.1903, , 
 ,63019,2012109870,6,67,67301,2012,10,3,1612,16,1,1,0,4,1, , ,N,1,2,0,3,0,1,3,2,N,N,39 57:39.809,75 08:41.875,1620, ,1618,1,2,2,N, ,3,N, , , , ,699466, , , ,1,1,0,0,0,0,0,0,1,0,0,0,1,1,0,0,0,0,0,0,0,0,0,0,0,0,0,0,0,0,0,0,0,0,0,8,0,39.9609,-75.145, , 
 ,63020,2012111808,6,67,67301,2012,7,7,1042,10,1,1,0,1,1, , ,N,0,0,0,3,0,1,3,2,N, ,39 58:11.023,75 08:29.769,1114, ,1114, ,0, , , ,0, , , , , ,699467, , , ,2,1,0,1,0,0,0,0,0,1,0,0,1,0,0,0,0,0,0,0,0,0,0,0,0,0,0,0,0,0,0,0,0,0,0,2,0,39.9697,-75.1416, , 
 ,63021,2012083204,6,67,67301,2012,7,5,1935,19,4,2,1,4,1, , ,N,1,3,0,3,0,0,4,2,N,N,40 04:25.381,75 05:15.417,1945, ,1937, ,0, ,N, ,3, , , , , ,699490, , , ,2,2,0,0,0,0,0,0,0,0,0,0,0,0,0,0,0,0,0,0,1,0,0,0,0,0,0,0,0,0,0,0,0,0,0,0,0,40.0737,-75.0876, , 
 ,63022,2012111789,6,67,67301,2012,10,6,630,6,5,1,0,5,6, , ,N,0,0,0,3,0,0,1,2,N,N,39 56:02.004,75 08:57.397,815, ,812,3,1,1,N, ,0,Y, , , , ,699515, , , ,2,2,0,0,0,0,0,0,0,0,0,0,0,0,1,0,0,0,0,0,0,0,0,0,0,0,0,0,0,0,0,0,0,0,0,9,0,39.9339,-75.1493, , 
 ,63023,2012078618,6,67,67301,2012,7,2,1544,15,1,1,0,1,1, , ,N,2,2,0,3,0,1,2,2,N,N,40 02:07.817,75 04:11.352,1550, ,1543,1,1,2,N, ,3,N, , , , ,699536, , , ,2,2,0,0,0,0,0,0,0,0,0,1,1,0,1,0,0,0,0,0,0,0,0,0,0,0,0,0,0,0,0,0,0,0,0,4,0,40.0354,-75.0696, , 
 ,63024,2012080767,6,67,67301,2012,7,2,751,7,1,1,0,1,1, , ,N,2,0,0,3,0,0,2,2,N, ,40 06:25.286,75 03:21.250,801, ,755, ,0, , , ,0, , , , , ,699538, , , ,2,0,0,0,1,0,0,0,0,0,0,0,0,0,0,0,0,0,0,0,1,0,0,0,0,0,0,0,0,0,0,0,0,0,0,0,0,40.107,-75.0559, , 
 ,63025,2012079000,6,67,67301,2012,6,6,1255,12,1,1,0,4,1, , ,N,1,2,0,3,0,1,2,2,N, ,40 01:16.536,75 08:49.556,1300, ,2258,3,2,5, , ,3,Y, , , , ,702619, , , ,2,1,0,0,1,0,0,0,0,0,0,0,1,1,0,0,0,0,0,0,0,0,0,1,0,0,0,0,0,0,0,0,0,0,0,8,0,40.0213,-75.1471, , 
 ,63026,2012083432,6,67,67301,2012,7,3,1915,19,1,1,0,4,1, , ,N,0,0,0,3,0,1,2,3,N, ,39 59:45.654,75 08:02.151,1921, ,1921, ,0, , , ,0, , , , , ,702623, , , ,2,2,0,0,0,0,0,0,1,0,0,1,1,0,1,0,0,0,0,0,0,0,0,0,0,0,0,0,0,0,0,0,0,0,0,4,0,39.996,-75.1339, , 
 ,63027,2012095565,6,67,67301,2012,8,6,1950,19,4,1,0,7,4, , ,N,0,0,0,3,0,0,1,1,N,N,39 55:03.907,75 14:34.101,2215, ,2209, ,0, ,N, ,0, , , , , ,702631, , , ,1,1,0,0,0,0,0,0,0,0,0,0,0,0,0,0,0,0,0,0,0,0,0,0,0,0,0,0,0,0,0,0,0,0,0,0,0,39.9178,-75.2428, , 
 ,63028,2012096014,6,67,67301,2012,8,4,1316,13,1,1,0,2,6, , ,N,0,3,0,3,0,1,1,2,N,N,40 04:46.405,75 04:58.116,1326, ,1322, ,0, ,N, ,3, , , , , ,702632, , , ,2,2,0,0,0,0,0,0,0,0,0,1,1,0,0,0,0,0,0,0,1,0,0,0,0,0,0,0,0,0,0,0,0,0,0,4,0,40.0796,-75.0828, , 
 ,63029,2012109894,6,67,67301,2012,10,3,1954,19,2,2,1,4,1, , ,N,5,2,0,3,0,1,2,2,N,N,40 00:17.718,75 10:43.298,835, ,9999, ,0, ,N, ,3, , , , , ,702646, , , ,2,0,0,0,0,0,0,0,0,0,1,0,1,0,0,0,0,0,1,0,0,0,0,0,0,0,0,0,0,0,0,0,0,0,0,3,0,40.0049,-75.1787, , 
 ,63030,2012083335,6,67,67301,2012,7,5,905,9,1,1,0,8,1, , ,N,1,2,0,3,0,1,2,2,N, ,39 59:20.627,75 05:22.626,1105, ,1100, ,0, , , ,3, , , , , ,702662, , , ,1,0,0,1,0,0,0,0,0,0,0,1,1,0,0,0,0,0,0,0,0,0,0,0,0,0,0,0,0,0,0,0,1,0,0,4,1,39.9891,-75.0896, , 
 ,63031,2012109737,6,67,67301,2012,10,3,1520,15,1,2,1,4,1, , ,N,1,3,0,3,0,1,3,2,N,N,40 01:23.210,75 07:26.428,1535, ,1535, ,0, ,N, ,2, , , , , ,702685, , , ,2,0,0,0,0,0,2,0,0,0,0,0,1,1,0,0,0,0,0,0,1,0,0,0,0,0,0,0,0,0,0,0,0,0,0,8,0,40.0231,-75.124, , 
 ,63032,2012073580,6,67,67301,2012,6,7,1620,16,1,1,0,8,5, , ,N,2,0,0,3,0,1,2,2,N,N,40 02:31.538,75 08:15.817,1650, ,1623, ,0, , , ,0, , , , , ,702707, , , ,1,1,0,0,0,0,0,0,0,0,0,1,1,0,0,0,0,0,0,0,0,0,0,1,0,0,0,0,0,0,0,0,1,0,0,4,0,40.0421,-75.1377, , 
 ,63033,2012121881,6,67,67301,2012,11,2,1443,14,1,1,0,7,5, , ,N,0,0,0,3,0,0,1,1,N, ,40 06:09.800,75 00:33.600,1450, ,1445, ,0, , , ,0, , , , , ,702727, , , ,1,1,0,0,0,0,0,0,0,0,0,0,0,0,0,0,0,0,0,0,0,0,1,0,0,0,0,0,0,0,0,0,0,0,0,0,0,40.1027,-75.0093, , 
 ,63034,2012128183,6,67,67301,2012,11,4,1835,18,3,1,0,1,1, , ,N,1,3,0,3,0,1,3,3,N,N,40 02:58.996,75 10:18.239,1845, ,1841, ,0, ,N, ,3, , , , , ,702735, , , ,3,3,0,0,0,0,0,0,0,0,0,0,1,1,0,0,0,0,0,0,2,0,0,0,0,0,0,0,0,0,0,0,0,0,0,8,0,40.0497,-75.1717, , 
 ,63035,2013006187,6,67,67301,2012,12,6,9999,99,2,1,0,2,1, , ,N,1,2,0,3,0,0,1,2,N,N,40 01:45.094,75 07:21.831,1925, ,1920, ,0, ,N, ,3, , , , , ,702747, , , ,2,1,0,0,1,0,0,0,0,0,0,0,1,1,0,0,0,0,0,0,0,0,0,0,0,0,0,0,0,0,0,0,0,0,0,8,0,40.0292,-75.1227, , 
 ,63036,2012080775,6,67,67301,2012,7,7,38,0,3,1,0,1,1, , ,N,1,2,0,3,0,1,2,2,N,N,39 58:10.746,75 12:41.274,115, ,38,9,2,1,N, ,2,Y, , , , ,702757, , , ,2,2,0,0,0,0,0,0,0,0,0,1,1,0,0,0,0,0,0,0,0,0,0,0,0,0,0,0,0,0,0,0,0,0,0,4,0,39.9697,-75.2115, , 
 ,63037,2012085812,6,67,67301,2012,8,6,947,9,1,2,1,4,1, , ,N,2,2,0,3,0,1,2,2,N,N,39 58:25.181,75 12:31.951,957, ,952, ,0, ,N, ,3, , , , , ,702761, , , ,2,0,0,0,2,0,0,0,0,0,0,0,1,1,0,0,0,0,0,0,0,0,0,0,0,0,0,0,0,0,0,0,0,0,0,8,0,39.9736,-75.2089, , 
 ,63038,2012088582,6,67,67301,2012,8,6,1416,14,1,1,0,5,1, , ,N,1,2,0,3,0,2,3,2,N,N,40 01:47.421,75 06:15.635,1430, ,1417,2,2,4,N, ,3,Y, , , , ,702764, , , ,2,2,0,0,0,0,0,0,0,0,0,2,2,0,0,0,0,0,0,0,0,0,0,0,0,0,0,0,0,0,0,0,0,0,0,4,0,40.0298,-75.1043, , 
 ,63039,2012091953,6,67,67301,2012,8,7,2342,23,3,1,0,5,1, , ,N,0,0,0,3,0,1,2,2,N,N,39 58:48.504,75 06:18.408,47, ,2344, ,0, ,N, ,0, , , , , ,702768, , , ,2,2,0,0,0,0,0,0,0,0,0,1,1,0,1,0,0,0,0,0,0,0,0,0,0,0,0,0,0,0,0,0,0,0,0,4,0,39.9801,-75.1053, , 
 ,63040,2012078281,6,67,67301,2012,7,6,710,7,1,2,1,1,1, , ,N,1,2,0,3,0,2,4,2,N, ,40 00:16.318,75 07:55.437,713, ,712, ,0, , , ,3, , , , , ,702803, , , ,2,1,0,0,0,0,1,0,0,0,0,2,2,0,0,0,0,0,0,0,0,0,0,0,0,0,0,0,0,0,0,0,0,0,0,4,0,40.0045,-75.1321, , 
 ,63041,2012066594,6,67,67301,2012,6,1,8,0,2,1,0,4,1, , ,N,1,2,0,3,0,2,2,2,N,N,39 54:57.913,75 14:09.812,24, ,20, ,0, ,N, ,3, , , , , ,702812, , , ,2,1,0,0,0,0,1,0,0,0,0,2,2,0,0,0,0,0,0,0,0,0,0,0,0,0,0,0,0,0,0,0,0,0,0,4,0,39.9161,-75.2361, , 
 ,63042,2012069647,6,67,67301,2012,6,5,1407,14,1,8,1,1,1, , ,N,0,0,0,3,0,2,2,2,N,N,40 01:36.448,75 03:22.938,1430, ,1417,1,1,4,N, ,0,N, , , , ,702814, , , ,2,2,0,0,0,0,0,0,0,0,0,2,2,0,0,0,0,0,1,0,0,0,0,0,0,0,0,0,0,0,0,0,0,0,0,4,0,40.0268,-75.0564, , 
 ,63043,2012066467,6,67,67301,2012,6,1,1915,19,1,1,0,4,1, , ,N,1,2,0,3,0,1,2,2,N, ,39 56:36.308,75 09:18.932,1925, ,1922,3,2,2, , ,3,Y, , , , ,705499, , , ,2,1,0,1,0,0,0,0,0,0,0,1,1,0,0,0,0,0,0,0,0,0,0,0,0,0,0,0,0,0,0,0,0,0,0,4,1,39.9434,-75.1553, , 
 ,63044,2012068932,6,67,67301,2012,5,4,9999,99,1,1,0,1,1, , ,N,1,0,0,3,0,1,4,3,N,N,40 00:22.864,75 05:22.270,1635, ,1624, ,0, ,N, ,0, , , , , ,705500, , , ,3,2,0,0,0,0,0,1,0,0,0,0,1,1,0,0,0,0,0,0,0,0,0,0,0,0,0,0,0,0,0,0,0,0,0,8,0,40.0063,-75.0897, , 
 ,63045,2012088996,6,67,67301,2012,8,6,1405,14,1,1,0,5,1, , ,N,0,0,0,3,0,4,5,2,N,N,40 01:35.520,75 05:41.555,1420, ,1409, ,0, ,N, ,0, , , , , ,705512, , , ,2,1,0,0,1,0,0,0,0,0,0,4,4,0,0,0,0,0,0,0,0,0,0,0,0,0,0,0,0,0,0,0,0,0,0,4,0,40.0265,-75.0949, , 
 ,63046,2012089216,6,67,67301,2012,9,5,626,6,1,1,0,1,1, , ,N,0,0,0,3,0,2,2,2,N,N,39 55:54.275,75 11:59.491,640, ,629,3,2,3,N, ,0,N, , , , ,705513, , , ,2,1,0,0,0,1,0,0,0,0,0,0,2,2,0,0,0,0,0,0,0,0,0,2,0,0,0,0,0,0,0,0,0,0,0,8,1,39.9317,-75.1999, , 
 ,63047,2012103974,6,67,67301,2012,9,4,1245,12,1,1,0,4,1, , ,N,1,2,0,3,0,1,4,2,N,N,40 04:50.820,75 01:42.117,1250, ,1250,1,1,1,N, ,3,N, , , , ,705522, , , ,2,2,0,0,0,0,0,0,0,0,0,1,1,0,0,0,0,0,0,0,0,0,0,0,0,0,0,0,0,0,0,0,0,0,0,4,0,40.0808,-75.0284, , 
 ,63048,2012114859,6,67,67301,2012,10,1,1747,17,1,1,0,9,6, , ,N,0,0,0,3,0,0,6,6,N,N,39 57:46.845,75 13:24.787,1755, ,1747, ,0, ,N, ,0, , , , , ,705532, , , ,6,4,0,0,0,1,1,0,0,0,0,0,0,0,0,0,0,0,0,0,0,0,0,0,0,0,0,0,0,0,0,0,0,0,0,9,0,39.963,-75.2236, , 
 ,63049,2012120076,6,67,67301,2012,10,4,45,0,3,1,0,7,5, , ,N,0,0,0,3,0,0,2,1,N,N,40 02:17.300,75 08:38.960,45, ,47,2,1,3,N, ,0,Y, , , , ,705537, , , ,1,1,0,0,0,0,0,0,0,0,0,0,0,0,0,0,0,0,0,0,0,0,0,0,0,0,0,0,0,0,0,0,0,0,0,0,0,40.0381,-75.1442, , 
 ,63050,2012081295,6,67,67301,2012,8,2,1539,15,1,1,0,1,1, , ,N,0,0,0,3,0,2,4,2,N,N,39 54:00.835,75 09:28.013,1554, ,1547,1,2,1,N, ,0,N, , , , ,705548, , , ,2,0,0,0,1,0,1,0,0,0,0,0,2,2,0,0,0,1,0,0,1,0,0,0,0,0,0,0,0,0,0,0,0,0,0,8,0,39.9002,-75.1578, , 