wz_ln_closure,objectid_1,crn,district,county,municipality,crash_year,crash_month,day_of_week,time_of_day,hour_of_day,illumination,weather,road_condition,collision_type,relation_to_road,work_zone_type,work_zone_loc,work_zone_ind,intersect_type,tcd_type,location_type,urban_rural,fatal_count,injury_count,person_count,total_units,sch_bus_ind,sch_zone_ind,latitude,longitude,arrival_tm,cons_zone_spd_lim,dispatch_tm,est_hrs_closed,lane_closed,ln_close_dir,ntfy_hiwy_maint,spec_juris_cd,tcd_func_cd,tfc_detour_ind,workers_pres,wz_close_detour,wz_flagger,wz_law_offcr_ind,objectid,wz_moving,wz_other,wz_shlder_mdn,vehicle_count,automobile_count,motorcycle_count,bus_count,small_truck_count,heavy_truck_count,suv_count,van_count,bicycle_count,maj_inj_count,mod_inj_count,min_inj_count,tot_inj_count,unk_inj_deg_count,unk_inj_per_count,driver_count_16yr,driver_count_17yr,driver_count_18yr,driver_count_19yr,driver_count_20yr,driver_count_50_64yr,driver_count_65_74yr,driver_count_75plus,unbelted_occ_count,unb_death_count,unb_maj_inj_count,belted_death_count,belted_maj_inj_count,mcycle_death_count,mcycle_maj_inj_count,bicycle_death_count,bicycle_maj_inj_count,ped_count,ped_death_count,ped_maj_inj_count,max_severity_level,comm_veh_count,dec_lat,dec_long,rdwy_surf_type_cd,county_name
 ,63051,2012060703,6,67,67301,2012,5,2,1814,18,1,1,0,4,1, , ,N,1,2,0,3,0,4,6,2,N,N,40 00:48.808,75 04:07.229,1814, ,1814, ,0, ,N, ,3, , , , , ,705557, , , ,2,1,0,0,1,0,0,0,0,0,0,4,4,0,0,0,0,0,0,0,0,0,0,0,0,0,0,0,0,0,0,0,0,0,0,4,0,40.0136,-75.0685, , 
 ,63052,2012065499,6,67,67301,2012,6,3,1658,16,1,1,0,0,1, , ,N,7,0,2,3,0,1,1,1,N,N,39 57:29.451,75 09:51.381,1721, ,1704, ,0, ,N, ,0, , , , , ,705562, , , ,1,0,1,0,0,0,0,0,0,0,1,0,1,0,0,0,0,0,0,0,0,0,0,0,0,0,0,0,0,0,0,0,0,0,0,3,0,39.9582,-75.1643, , 
 ,63053,2012066681,6,67,67301,2012,6,7,9999,99,3,2,1,4,6, , ,N,0,0,0,3,0,1,1,3,N,N,39 58:19.148,75 14:06.874,9999, ,9999, ,0, ,N, ,0, , , , , ,705563, , , ,3,2,0,0,0,0,0,1,0,0,0,1,1,0,0,0,0,0,0,0,0,0,0,0,0,0,0,0,0,0,0,0,0,0,0,4,0,39.972,-75.2352, , 
 ,63054,2012074380,6,67,67301,2012,6,5,838,8,1,1,0,8,1, , ,N,1,2,0,3,0,1,2,2,N,N,40 02:19.838,75 10:17.839,903, ,845, ,0, ,N, ,3, , , , , ,705571, , , ,1,0,0,0,0,0,1,0,0,0,0,0,1,1,0,0,0,0,0,0,0,0,0,0,0,0,0,0,0,0,0,0,1,0,0,8,0,40.0388,-75.1716, , 
Y,63055,2012077030,6,67,67301,2012,8,5,1534,15,1,1,0,7,2,1,4,Y,0,0,0,3,0,0,3,3,N,N,39 53:33.087,75 11:50.412,1534,55,1534,2,1,1,N, ,0,N,N,N,N,N,705574,N,N,N,3,2,0,0,0,0,1,0,0,0,0,0,0,0,0,0,0,0,0,0,3,0,0,0,0,0,0,0,0,0,0,0,0,0,0,0,0,39.8925,-75.1973, , 
 ,63056,2012078253,6,67,67301,2012,7,2,600,6,1,1,0,4,1, , ,N,1,2,0,3,0,1,2,2,N,N,39 55:27.728,75 10:10.600,610, ,605, ,0, ,N, ,3, , , , , ,705578, , , ,1,1,0,0,0,0,0,0,1,0,1,0,1,0,0,0,0,0,0,0,0,0,0,0,0,0,0,0,0,0,0,0,0,0,0,3,0,39.9244,-75.1696, , 
 ,63057,2012078619,6,67,67301,2012,7,4,1345,13,1,1,0,4,1, , ,N,0,2,6,3,0,2,3,2,N,N,40 01:44.075,75 06:02.097,1352, ,1347,1,1,2,N, ,3,N, , , , ,705579, , , ,2,1,0,0,0,0,1,0,0,0,0,2,2,0,0,0,0,0,0,0,1,0,0,0,0,0,0,0,0,0,0,0,0,0,0,4,0,40.0289,-75.1006, , 
 ,63058,2012086295,6,67,67301,2012,7,5,2132,21,3,2,1,5,1, , ,N,1,2,0,3,0,0,3,4,N,N,40 03:02.755,75 08:55.321,2235, ,2230, ,0, , , ,3, , , , , ,705585, , , ,4,3,0,0,0,0,1,0,0,0,0,0,0,0,0,0,0,0,0,0,0,0,0,0,0,0,0,0,0,0,0,0,0,0,0,0,0,40.0508,-75.1487, , 
 ,63059,2012056999,6,67,67301,2012,5,1,948,9,1,1,0,1,1, , ,N,0,0,0,3,0,0,3,3,N,N,39 57:42.715,75 10:56.626,1003, ,954,1,1,3,N, ,0,N, , , , ,705600, , , ,3,2,0,0,0,0,1,0,0,0,0,0,0,0,0,0,0,0,0,0,1,0,0,0,0,0,0,0,0,0,0,0,0,0,0,0,0,39.9619,-75.1824, , 
 ,63060,2012066646,6,67,67301,2012,6,1,233,2,3,1,0,4,1, , ,N,1,0,0,3,0,0,2,2,N, ,40 00:27.734,75 06:10.133,300, ,254, ,0, , , ,0, , , , , ,705605, , , ,2,2,0,0,0,0,0,0,0,0,0,0,0,0,0,0,0,0,0,0,0,0,0,0,0,0,0,0,0,0,0,0,0,0,0,0,0,40.0077,-75.1028, , 
 ,63061,2012065496,6,67,67301,2012,6,1,158,1,3,1,0,7,4, , ,N,0,0,0,3,0,0,1,1,N,N,40 00:41.830,75 03:37.839,205, ,159,1,2,1,N, ,0,N, , , , ,705643, , , ,1,1,0,0,0,0,0,0,0,0,0,0,0,0,0,0,0,0,0,0,0,0,0,0,0,0,0,0,0,0,0,0,0,0,0,0,0,40.0116,-75.0606, , 
 ,63062,2012070688,6,67,67301,2012,7,2,1751,17,1,8,0,1,1, , ,N,0,0,0,3,0,1,3,3,N,N,39 58:12.672,75 11:33.683,1807, ,1757, ,0, ,N, ,0, , , , , ,696306, , , ,3,2,0,0,1,0,0,0,0,0,0,0,1,1,0,0,0,0,0,0,0,0,0,0,0,0,0,0,0,0,0,0,0,0,0,8,0,39.9702,-75.1927, , 
 ,63063,2012083180,6,67,67301,2012,7,5,915,9,1,1,0,4,1, , ,N,1,2,0,3,0,1,2,2,N,N,39 57:27.711,75 13:53.176,927, ,922, ,0, ,N, ,3, , , , , ,696316, , , ,2,2,0,0,0,0,0,0,0,0,0,0,1,1,0,0,0,0,0,0,0,0,1,0,0,0,0,0,0,0,0,0,0,0,0,8,0,39.9577,-75.2314, , 
 ,63064,2012104163,6,67,67301,2012,6,4,1348,13,1,1,0,1,1, , ,N,1,3,0,3,0,1,3,2,N,N,39 58:56.949,75 08:21.739,1349, ,1348, ,0, , , ,3, , , , , ,696339, , , ,2,0,0,0,0,0,1,0,0,0,0,0,1,1,1,0,0,0,0,0,1,0,1,0,0,0,0,0,0,0,0,0,0,0,0,8,0,39.9825,-75.1394, , 
 ,63065,2012056759,6,67,67301,2012,5,6,1735,17,1,1,0,1,1, , ,N,0,0,0,3,0,1,4,2,N,N,40 00:20.641,75 05:57.977,1750, ,1747, ,0, ,N, ,0, , , , , ,696348, , , ,2,1,0,0,0,0,1,0,0,0,0,1,1,0,0,0,0,0,0,0,1,0,0,0,0,0,0,0,0,0,0,0,0,0,0,4,0,40.0057,-75.0996, , 
 ,63066,2012063946,6,67,67301,2012,5,5,2130,21,3,1,0,4,1, , ,N,2,0,0,3,0,1,3,2,N,N,40 02:10.204,75 04:50.177,2140, ,2138, ,0, ,N, ,0, , , , , ,696352, , , ,2,0,0,0,0,0,1,0,0,0,0,1,1,0,1,0,0,0,0,0,0,0,0,0,0,0,0,0,0,0,0,0,0,0,0,4,0,40.0361,-75.0806, , 
 ,63067,2012068724,6,67,67301,2012,6,1,900,9,1,1,0,7,5, , ,N,0,0,0,3,0,1,1,1,N,N,40 03:11.626,75 08:19.489,915, ,912,3,1,4,N, ,0,Y, , , , ,696353, , , ,1,1,0,0,0,0,0,0,0,0,0,1,1,0,0,0,0,0,0,0,0,0,1,0,0,0,0,0,0,0,0,0,0,0,0,4,0,40.0532,-75.1387, , 
 ,63068,2012068799,6,67,67301,2012,5,2,1530,15,1,1,0,8,1, , ,N,0,0,0,3,0,1,2,2,N,N,39 58:54.047,75 10:51.450,1536, ,1533, ,0, ,N, ,0, , , , , ,696354, , , ,1,1,0,0,0,0,0,0,0,1,0,0,1,0,0,0,0,0,0,0,0,0,0,0,0,0,0,0,0,0,0,0,1,0,1,2,0,39.9817,-75.181, , 
 ,63069,2012085831,6,67,67301,2012,8,7,2259,22,3,1,0,4,1, , ,N,1,3,0,3,0,2,3,2,N,N,40 03:07.828,75 05:35.123,2318, ,2316, ,0, ,N, ,3, , , , , ,696363, , , ,2,2,0,0,0,0,0,0,0,0,0,1,1,0,1,0,0,0,0,0,0,0,0,0,0,0,0,0,0,0,0,0,0,0,0,4,0,40.0522,-75.0931, , 
 ,63070,2012085914,6,67,67301,2012,7,1,1530,15,1,1,0,5,1, , ,N,0,0,0,3,0,1,3,2,N,N,40 06:09.066,75 01:43.398,1552, ,1541, ,0, ,N, ,0, , , , , ,696364, , , ,2,2,0,0,0,0,0,0,0,0,0,0,1,1,1,0,0,0,1,0,0,0,0,0,0,0,0,0,0,0,0,0,0,0,0,8,0,40.1025,-75.0287, , 
 ,63071,2012109742,6,67,67301,2012,10,4,1237,12,1,2,1,4,1, , ,N,0,0,0,3,0,3,3,2,N,N,39 59:06.447,75 12:55.901,1246, ,1241,2,1,2,N, ,0,N, , , , ,696392, , , ,2,1,1,0,0,0,0,0,0,0,0,0,3,3,0,0,0,0,0,0,1,0,0,0,0,0,0,0,0,0,0,0,0,0,0,8,0,39.9851,-75.2155, , 
 ,63072,2012068135,6,67,67301,2012,7,3,750,7,1,1,0,1,1, , ,N,0,2,0,3,0,1,2,2,N,N,39 58:52.370,75 06:09.267,755, ,753,1,2,1,N, ,4,N, , , , ,696395, , , ,2,1,0,0,1,0,0,0,0,0,0,0,1,1,0,0,0,0,0,0,1,0,0,0,0,0,0,0,0,0,0,0,0,0,0,8,0,39.9812,-75.1027, , 
 ,63073,2012073595,6,67,67301,2012,6,5,1740,17,1,1,0,1,1, , ,N,0,0,0,3,0,0,2,2,N,N,40 01:18.741,75 03:03.994,1758, ,1755, ,0, , , ,0, , , , , ,696399, , , ,2,1,0,0,1,0,0,0,0,0,0,0,0,0,0,0,0,0,0,0,1,0,0,0,0,0,0,0,0,0,0,0,0,0,0,0,0,40.0218,-75.0513, , 
 ,63074,2012068865,6,67,67301,2012,6,3,1845,18,1,2,1,2,6, , ,N,0,0,0,3,0,1,1,3,N, ,40 04:11.607,75 04:24.376,2115, ,2058, ,0, , , ,0, , , , , ,696405, , , ,3,3,0,0,0,0,0,0,0,0,0,1,1,0,0,0,0,0,0,0,1,0,0,0,0,0,0,0,0,0,0,0,0,0,0,4,0,40.0699,-75.0734, , 
 ,63075,2012073575,6,67,67301,2012,6,7,1303,13,1,1,0,4,1, , ,N,1,3,0,3,0,1,3,2,N,N,40 02:08.569,75 07:29.698,1315, ,1309, ,0, ,N, ,3, , , , , ,696411, , , ,2,1,0,0,0,0,1,0,0,0,0,1,1,0,0,0,0,0,0,0,1,0,0,0,0,0,0,0,0,0,0,0,0,0,0,4,0,40.0357,-75.1249, , 
 ,63076,2012078420,6,67,67301,2012,6,2,1130,11,1,1,0,1,1, , ,N,1,2,0,3,0,1,2,2,N, ,39 58:10.379,75 08:22.482,1554, ,1530, ,0, , , ,3, , , , , ,696417, , , ,1,0,0,0,0,0,0,0,1,0,1,0,1,0,1,0,0,0,0,0,0,0,0,0,0,0,0,0,0,0,0,0,0,0,0,3,0,39.9695,-75.1395, , 
 ,63077,2012078532,6,67,67301,2012,7,5,942,9,1,1,0,1,1, , ,N,0,0,0,3,0,1,2,2,N,N,40 06:13.282,75 00:10.483,946, ,946,1,1,1,N, ,0,N, , , , ,696418, , , ,2,2,0,0,0,0,0,0,0,0,0,0,1,1,0,0,0,0,0,0,0,0,0,0,0,0,0,0,0,0,0,0,0,0,0,8,0,40.1037,-75.0029, , 
 ,63078,2012085323,6,67,67301,2012,8,4,1250,12,1,1,0,8,1, , ,N,1,2,0,3,0,1,2,2,N,N,39 57:02.085,75 09:42.069,1315, ,1305,9,1,1,N, ,3,N, , , , ,696423, , , ,1,1,0,0,0,0,0,0,0,0,0,1,1,0,0,0,0,0,0,0,0,0,0,0,0,0,0,0,0,0,0,0,1,0,0,4,0,39.9506,-75.1617, , 
 ,63079,2012093756,6,67,67301,2012,8,6,1953,19,1,1,0,4,1, , ,N,1,3,0,3,0,1,1,2,N,N,40 02:09.349,75 07:35.780,1954, ,1953, ,0, ,N, ,3, , , , , ,696432, , , ,2,2,0,0,0,0,0,0,0,0,0,1,1,0,0,0,0,0,0,0,0,0,0,0,0,0,0,0,0,0,0,0,0,0,0,4,0,40.0359,-75.1266, , 
 ,63080,2012083140,6,67,67301,2012,6,2,9999,99,4,1,0,4,1, , ,N,1,2,0,3,0,2,3,2, , ,40 02:07.098,75 05:00.981,0, ,0, ,0, , , ,3, , , , , ,699539, , , ,2,1,0,0,0,0,0,0,0,0,0,0,2,2,1,0,0,0,0,0,0,0,0,2,0,0,0,0,0,0,0,0,0,0,0,8,0,40.0353,-75.0836, , 
 ,63081,2012083378,6,67,67301,2012,7,4,1530,15,1,1,0,4,1, , ,N,1,2,0,3,0,2,2,2,N,N,40 00:54.969,75 08:59.749,1725, ,1723, ,0, , , ,3, , , , , ,699540, , , ,2,1,0,0,0,0,1,0,0,0,0,1,2,1,0,0,0,0,0,0,0,1,0,0,0,0,0,0,0,0,0,0,0,0,0,4,0,40.0152,-75.1498, , 
 ,63082,2012092682,6,67,67301,2012,8,2,1519,15,1,1,0,1,1, , ,N,0,0,0,3,0,0,5,2,N,N,39 55:57.143,75 08:43.160,1538, ,1525, ,0, ,N, ,0, , , , , ,699549, , , ,2,0,0,0,0,0,2,0,0,0,0,0,0,0,0,0,0,1,0,0,0,0,0,0,0,0,0,0,0,0,0,0,0,0,0,0,0,39.9324,-75.1454, , 
 ,63083,2012055943,6,67,67301,2012,5,5,1308,13,1,1,0,5,1, , ,N,0,0,0,3,0,1,2,2,N,N,39 56:45.539,75 08:32.074,1322, ,1314, ,0, ,N, ,0, , , , , ,699570, , , ,2,1,0,0,0,1,0,0,0,0,0,0,1,1,0,0,0,0,0,0,1,0,0,0,0,0,0,0,0,0,0,0,0,0,0,8,1,39.9458,-75.1423, , 
 ,63084,2012085779,6,67,67301,2012,8,7,1030,10,1,1,0,1,1, , ,N,1,2,0,3,0,2,4,3,N,N,40 03:29.512,75 08:25.526,1045, ,1040, ,0, ,N, ,3, , , , , ,699579, , , ,3,2,0,0,0,0,1,0,0,0,0,2,2,0,0,0,0,0,0,0,1,0,0,0,0,0,0,0,0,0,0,0,0,0,0,4,0,40.0582,-75.1404, , 
 ,63085,2012088531,6,67,67301,2012,8,5,2,0,3,1,0,1,1, , ,N,0,0,0,3,0,1,1,2,N,N,39 58:52.636,75 08:13.239,34, ,32, ,0, ,N, ,0, , , , , ,699582, , , ,2,2,0,0,0,0,0,0,0,0,0,1,1,0,0,0,0,0,0,0,0,0,0,0,0,0,0,0,0,0,0,0,0,0,0,4,0,39.9813,-75.137, , 
 ,63086,2012104128,6,67,67301,2012,9,5,1907,19,3,1,0,8,1, , ,N,1,2,0,3,0,1,1,2,N, ,39 56:40.971,75 14:36.309,1915, ,1909, ,0, , , ,3, , , , , ,699601, , , ,1,1,0,0,0,0,0,0,0,0,0,1,1,0,0,0,0,0,0,0,0,0,0,0,0,0,0,0,0,0,0,0,1,0,0,4,0,39.9447,-75.2434, , 
 ,63087,2012109677,6,67,67301,2012,10,2,5,0,3,1,1,7,3, , ,N,0,0,0,3,0,1,1,1,N,N,40 00:58.232,75 12:18.035,17, ,8,1,2,1,N, ,0,N, , , , ,699607, , , ,1,1,0,0,0,0,0,0,0,0,0,1,1,0,0,0,0,0,0,0,0,0,0,0,0,0,0,0,0,0,0,0,0,0,0,4,0,40.0162,-75.205, , 
 ,63088,2012051948,6,67,67301,2012,5,4,1452,14,1,1,1,4,2, , ,N,0,0,0,3,0,1,1,2,N, ,40 03:50.885,75 03:05.549,1517, ,1512, ,0, , , ,0, , , , , ,699618, , , ,2,2,0,0,0,0,0,0,0,0,0,1,1,0,0,0,0,1,0,0,0,0,0,0,0,0,0,0,0,0,0,0,0,0,0,4,0,40.0641,-75.0515, , 
 ,63089,2012078167,6,67,67301,2012,7,2,1358,13,1,1,0,5,1, , ,N,1,2,0,3,0,1,4,2,N,N,39 57:16.505,75 12:22.873,1358, ,1358, ,0, , , ,3, , , , , ,699628, , , ,2,2,0,0,0,0,0,0,0,0,0,0,1,1,0,0,0,0,0,0,0,1,0,0,0,0,0,0,0,0,0,0,0,0,0,8,0,39.9546,-75.2064, , 
 ,63090,2012078514,6,67,67301,2012,7,1,135,1,3,1,0,4,1, , ,N,1,2,0,3,0,1,2,2,N,N,40 01:47.862,75 05:14.656,143, ,137, ,0, ,N, ,3, , , , , ,699629, , , ,2,0,1,0,0,0,0,0,0,0,0,0,1,1,1,0,0,0,0,0,0,0,0,0,0,0,0,0,0,0,0,0,0,0,0,8,0,40.03,-75.0874, , 
 ,63091,2012060929,6,67,67301,2012,6,7,1904,19,1,1,0,7,5, , ,N,0,0,0,3,0,0,3,1,N,N,40 03:00.661,74 59:33.589,1917, ,1910, ,0, ,N, ,0, , , , , ,699665, , , ,1,1,0,0,0,0,0,0,0,0,0,0,0,0,0,0,0,1,0,0,0,0,0,0,0,0,0,0,0,0,0,0,0,0,0,0,0,40.0502,-74.9927, , 
 ,63092,2012063947,6,67,67301,2012,5,7,930,9,1,1,0,1,1, , ,N,0,0,0,3,0,2,4,3,N,N,40 02:46.312,75 03:26.764,938, ,935,1,1,3,N, ,0,Y, , , , ,699669, , , ,3,2,0,0,0,0,1,0,0,0,0,2,2,0,0,0,0,0,2,0,0,0,0,1,0,0,0,0,0,0,0,0,0,0,0,4,0,40.0462,-75.0574, , 
 ,63093,2012063967,6,67,67301,2012,5,1,351,3,3,1,0,4,1, , ,N,1,2,0,3,0,4,4,2,N,N,40 02:10.239,75 05:16.511,355, ,351, ,0, ,N, ,3, , , , , ,699670, , , ,2,1,0,0,0,0,1,0,0,0,4,0,4,0,0,0,0,0,0,0,0,0,0,0,0,0,0,0,0,0,0,0,0,0,0,3,0,40.0362,-75.0879, , 
 ,63094,2012083183,6,67,67301,2012,8,6,2123,21,3,1,0,4,1, , ,N,1,2,0,3,0,2,3,3,N, ,39 57:32.119,75 09:24.206,2135, ,2130, ,0, , , ,3, , , , , ,699676, , , ,1,1,0,0,0,0,0,0,2,0,0,2,2,0,0,0,0,0,0,0,0,0,0,1,0,0,0,0,0,0,0,0,0,0,0,4,0,39.9589,-75.1567, , 
 ,63095,2012088083,6,67,67301,2012,8,1,150,1,3,1,0,7,7, , ,N,7,0,2,3,1,0,1,1,N,N,40 05:09.676,74 58:12.680,200, ,150,9,2,3,Y,0,0,Y, , , , ,699686, , , ,1,0,0,0,1,0,0,0,0,0,0,0,0,0,0,0,0,0,0,0,0,0,0,0,0,0,0,0,0,0,0,0,0,0,0,1,0,40.086,-74.9702,3, 
 ,63096,2012111763,6,67,67301,2012,10,7,0,0,3,1,0,5,1, , ,N,1,2,0,3,0,2,10,2,N,N,39 57:20.808,75 09:32.558,21, ,17,2,1,2,N, ,3,N, , , , ,699702, , , ,2,2,0,0,0,0,0,0,0,0,0,2,2,0,0,0,0,0,0,0,0,0,0,0,0,0,0,0,0,0,0,0,0,0,0,4,0,39.9558,-75.159, , 
 ,63097,2012113556,6,67,67301,2012,11,5,1528,15,1,1,0,1,1, , ,N,0,0,0,3,0,1,4,4,N,N,39 56:44.449,75 11:23.815,1634, ,1612, ,0, ,N, ,0, , , , , ,699704, , , ,4,0,0,0,0,0,3,1,0,0,0,0,1,1,0,0,0,0,0,0,2,0,0,0,0,0,0,0,0,0,0,0,0,0,0,8,0,39.9457,-75.1899, , 
 ,63098,2012071293,6,67,67301,2012,7,3,1710,17,1,1,0,7,2, , ,N,0,0,0,3,0,0,5,2,N,N,39 56:34.396,75 08:35.358,1721, ,1713,1,2,2,N, ,0,N, , , , ,699727, , , ,2,1,0,0,0,0,1,0,0,0,0,0,0,0,0,0,0,0,0,1,0,0,0,0,0,0,0,0,0,0,0,0,0,0,0,0,0,39.9429,-75.1432, , 
 ,63099,2012078318,6,67,67301,2012,7,7,3,0,3,1,0,8,1, , ,N,1,2,0,3,0,1,2,2,N,N,40 01:28.079,75 08:52.528,25, ,24, ,0, ,N, ,3, , , , , ,702819, , , ,1,0,0,0,0,0,0,0,0,0,0,1,1,0,1,0,0,0,0,0,0,0,0,0,0,0,0,0,0,0,0,0,1,0,0,4,0,40.0245,-75.1478, , 
 ,63100,2012085832,6,67,67301,2012,8,3,1427,14,1,1,0,1,1, , ,N,0,0,0,3,0,5,7,2,N, ,40 02:34.648,75 06:02.804,1431, ,1429, ,0, , , ,0, , , , , ,702825, , , ,2,1,0,0,0,0,1,0,0,0,0,0,5,5,0,0,0,0,0,0,0,0,0,0,0,0,0,0,0,0,0,0,0,0,0,8,0,40.043,-75.1008, , 
 ,63101,2012098342,6,67,67301,2012,9,1,1428,14,1,1,0,4,1, , ,N,2,2,0,3,0,2,5,3,N,N,39 56:51.748,75 11:55.037,1435, ,1430,1,1,4,N, ,3,N, , , , ,702831, , , ,3,3,0,0,0,0,0,0,0,0,0,2,2,0,0,0,0,0,0,0,0,0,1,0,0,0,0,0,0,0,0,0,0,0,0,4,0,39.9477,-75.1986, , 
 ,63102,2012080972,6,67,67301,2012,8,5,2308,23,3,1,0,7,2, , ,N,0,0,0,3,0,0,1,1,N,N,39 55:05.626,75 08:52.528,2333, ,2316,1,1,2,N, ,0,N, , , , ,702864, , , ,1,1,0,0,0,0,0,0,0,0,0,0,0,0,0,0,0,0,0,0,0,0,0,0,0,0,0,0,0,0,0,0,0,0,0,0,0,39.9183,-75.1479, , 
 ,63103,2012104066,6,67,67301,2012,9,7,539,5,3,1,0,7,5, , ,N,0,0,0,3,0,0,1,1,N, ,40 01:45.681,75 10:16.194,542, ,540, ,0, , , ,0, , , , , ,702890, , , ,1,1,0,0,0,0,0,0,0,0,0,0,0,0,0,0,0,0,0,0,0,0,0,0,0,0,0,0,0,0,0,0,0,0,0,0,0,40.0294,-75.1712, , 
 ,63104,2012109771,6,67,67301,2012,10,3,705,7,1,2,1,4,1, , ,N,1,2,0,3,0,0,2,2,N,N,39 55:28.520,75 09:07.473,715, ,712, ,0, ,N, ,3, , , , , ,702893, , , ,2,1,0,0,1,0,0,0,0,0,0,0,0,0,2,0,0,0,0,0,0,0,0,0,0,0,0,0,0,0,0,0,0,0,0,9,0,39.9246,-75.1521, , 
 ,63105,2012062862,6,67,67301,2012,6,5,1558,15,1,1,0,1,1, , ,N,0,0,0,3,0,0,2,2,N,N,39 56:11.288,75 08:39.534,1620, ,1607, ,0, ,N, ,0, , , , , ,702911, , , ,2,1,0,0,1,0,0,0,0,0,0,0,0,0,0,0,0,0,0,0,1,0,0,0,0,0,0,0,0,0,0,0,0,0,0,0,0,39.9363,-75.1444, , 
 ,63106,2012076028,6,67,67301,2012,6,4,9999,99,1,1,0,8,1, , ,N,0,0,0,3,0,1,4,2,N, ,40 00:05.065,75 13:23.851,2035, ,2032, ,0, , , ,0, , , , , ,702920, , , ,1,1,0,0,0,0,0,0,0,0,0,0,1,1,0,0,0,0,0,0,0,0,0,0,0,0,0,0,0,0,0,0,1,0,0,8,0,40.0014,-75.2233, , 
 ,63107,2012089807,6,67,67301,2012,8,3,800,8,1,1,0,7,2, , ,N,1,2,0,3,0,0,1,1,N,N,40 02:58.768,75 09:37.864,806, ,803,1,1,6, , ,3,Y, , , , ,702931, , , ,1,1,0,0,0,0,0,0,0,0,1,0,1,0,0,0,0,0,0,0,0,0,0,0,0,0,0,0,0,0,0,0,0,0,0,3,0,40.0497,-75.1605, , 
 ,63108,2012095482,6,67,67301,2012,8,1,1222,12,1,1,0,2,1, , ,N,2,2,0,3,0,2,8,2,N,N,40 05:57.217,74 58:41.404,1227, ,1225,1,1,4, , ,3,Y, , , , ,702937, , , ,2,2,0,0,0,0,0,0,0,0,0,2,2,0,0,0,0,0,0,0,1,0,0,0,0,0,0,0,0,0,0,0,0,0,0,4,0,40.0992,-74.9782, , 
 ,63109,2012098470,6,67,67301,2012,9,1,1103,11,1,1,0,7,1, , ,N,0,0,0,3,0,2,2,1,N,N,39 54:49.397,75 11:31.830,1110, ,1105,2,2,1, , ,0,Y, , , , ,702939, , , ,1,1,0,0,0,0,0,0,0,0,0,2,2,0,0,0,0,0,0,0,0,0,0,0,0,0,0,0,0,0,0,0,0,0,0,4,0,39.9137,-75.1922, , 
 ,63110,2012098968,6,67,67301,2012,9,1,1030,10,8,9,8,9,9, , ,N,0,0,0,3,0,1,2,2,N,N,39 59:39.339,75 07:14.593,220, ,219, ,0, ,N, ,0, , , , , ,702940, , , ,1,1,0,0,0,0,0,0,0,0,1,0,1,0,0,0,0,0,0,0,0,0,0,0,0,0,0,0,0,0,0,0,1,0,0,3,0,39.9943,-75.1207, , 
 ,63111,2012056730,6,67,67301,2012,5,6,935,9,1,1,0,1,1, , ,N,0,0,0,3,0,1,2,2,N,N,40 05:05.783,75 01:29.393,955, ,934, ,0, ,N, ,0, , , , , ,702949, , , ,2,1,0,0,0,0,1,0,0,0,0,0,1,1,0,0,0,0,0,0,1,0,0,2,0,0,0,0,0,0,0,0,0,0,0,8,0,40.0849,-75.0248, , 
 ,63112,2012078380,6,67,67301,2012,5,1,0,0,3,1,0,4,1, , ,N,1,2,0,3,0,1,2,2,N,N,40 00:45.290,75 04:23.140,34, ,33, ,0, ,N, ,3, , , , , ,702961, , , ,2,2,0,0,0,0,0,0,0,0,0,1,1,0,1,0,0,0,0,0,0,0,0,0,0,0,0,0,0,0,0,0,0,0,0,4,0,40.0125,-75.0733, , 
 ,63113,2012088552,6,67,67301,2012,8,3,1340,13,1,1,0,2,1, , ,N,2,2,0,3,0,1,2,2,N,N,40 03:17.807,75 10:48.824,1348, ,1342, ,0, ,N, ,3, , , , , ,702973, , , ,1,1,0,0,0,0,0,0,0,0,0,0,1,1,0,0,0,0,0,0,0,1,0,0,0,0,0,0,0,0,0,0,1,0,0,8,0,40.0549,-75.1802, , 
 ,63114,2012098512,6,67,67301,2012,9,4,1300,13,1,1,0,1,1, , ,N,0,0,0,3,0,0,3,2,N,N,40 01:39.231,75 11:29.113,1320, ,1303,2,1,2,N, ,0,N, , , , ,702980, , , ,2,1,0,0,1,0,0,0,0,0,0,0,0,0,0,0,0,0,0,0,0,0,0,0,0,0,0,0,0,0,0,0,0,0,0,0,0,40.0276,-75.1914, , 
 ,63115,2012083160,6,67,67301,2012,7,2,1750,17,1,1,0,6,1, , ,N,0,0,0,3,0,1,2,2,N, ,39 58:18.668,75 10:03.227,1755, ,1750, ,0, , , ,0, , , , , ,703011, , , ,1,0,0,0,0,1,0,0,1,1,0,0,1,0,0,0,0,0,0,0,0,0,0,0,0,0,0,0,0,0,0,1,0,0,0,2,1,39.9719,-75.1676, , 
 ,63116,2012083655,6,67,67301,2012,8,6,2209,22,3,2,1,7,2, , ,N,0,0,0,3,0,0,1,1,N,N,39 57:45.906,75 08:22.234,2224, ,2213, ,0, ,N, ,0, , , , , ,703012, , , ,1,0,0,0,1,0,0,0,0,0,0,0,0,0,0,0,0,0,0,0,0,0,0,0,0,0,0,0,0,0,0,0,0,0,0,0,0,39.9628,-75.1395, , 