wz_ln_closure,objectid_1,crn,district,county,municipality,crash_year,crash_month,day_of_week,time_of_day,hour_of_day,illumination,weather,road_condition,collision_type,relation_to_road,work_zone_type,work_zone_loc,work_zone_ind,intersect_type,tcd_type,location_type,urban_rural,fatal_count,injury_count,person_count,total_units,sch_bus_ind,sch_zone_ind,latitude,longitude,arrival_tm,cons_zone_spd_lim,dispatch_tm,est_hrs_closed,lane_closed,ln_close_dir,ntfy_hiwy_maint,spec_juris_cd,tcd_func_cd,tfc_detour_ind,workers_pres,wz_close_detour,wz_flagger,wz_law_offcr_ind,objectid,wz_moving,wz_other,wz_shlder_mdn,vehicle_count,automobile_count,motorcycle_count,bus_count,small_truck_count,heavy_truck_count,suv_count,van_count,bicycle_count,maj_inj_count,mod_inj_count,min_inj_count,tot_inj_count,unk_inj_deg_count,unk_inj_per_count,driver_count_16yr,driver_count_17yr,driver_count_18yr,driver_count_19yr,driver_count_20yr,driver_count_50_64yr,driver_count_65_74yr,driver_count_75plus,unbelted_occ_count,unb_death_count,unb_maj_inj_count,belted_death_count,belted_maj_inj_count,mcycle_death_count,mcycle_maj_inj_count,bicycle_death_count,bicycle_maj_inj_count,ped_count,ped_death_count,ped_maj_inj_count,max_severity_level,comm_veh_count,dec_lat,dec_long,rdwy_surf_type_cd,county_name
 ,63250,2012056545,6,67,67301,2012,3,7,106,1,3,2,1,8,1, , ,N,2,0,0,3,0,1,2,2,N,N,40 00:01.031,75 13:42.045,108, ,107, ,0, ,N, ,0, , , , , ,703184, , , ,1,0,0,0,0,0,1,0,0,0,1,0,1,0,0,0,0,0,0,0,0,0,0,0,0,0,0,0,0,0,0,0,1,0,0,3,0,40.0003,-75.2284, , 
 ,63251,2012056740,6,67,67301,2012,5,5,1210,12,1,1,0,4,1, , ,N,0,0,0,3,0,0,3,2,N,N,40 01:01.869,75 10:52.975,1227, ,1224, ,0, ,N, ,0, , , , , ,703185, , , ,2,1,0,0,0,0,0,1,0,0,0,0,0,0,0,0,0,0,0,0,1,0,0,0,0,0,0,0,0,0,0,0,0,0,0,0,0,40.0172,-75.1814, , 
 ,63252,2012063882,6,67,67301,2012,5,4,1605,16,1,1,0,8,1, , ,N,1,2,0,3,0,1,2,2,N,N,39 57:22.420,75 09:45.641,1625, ,1605, ,0, ,N, ,3, , , , , ,703190, , , ,1,1,0,0,0,0,0,0,0,0,0,1,1,0,0,0,0,0,0,0,1,0,0,0,0,0,0,0,0,0,0,0,1,0,0,4,0,39.9562,-75.1627, , 
 ,63253,2012078590,6,67,67301,2012,7,5,2141,21,3,1,0,8,1, , ,N,1,2,0,3,0,1,2,2,N,N,39 59:23.708,75 11:03.808,2143, ,2143, ,0, ,N, ,3, , , , , ,703197, , , ,1,0,0,0,0,0,1,0,0,0,0,0,1,1,0,0,0,0,0,0,0,0,0,0,0,0,0,0,0,0,0,0,1,0,0,8,0,39.9899,-75.1844, , 
 ,63254,2012080805,6,67,67301,2012,7,4,1951,19,4,1,0,4,1, , ,N,0,0,7,3,0,0,2,2,N,N,40 03:48.904,75 03:55.594,2009, ,2007, ,0, ,N, ,0, , , , , ,703200, , , ,2,2,0,0,0,0,0,0,0,0,0,0,0,0,0,0,0,0,0,0,1,0,0,0,0,0,0,0,0,0,0,0,0,0,0,0,0,40.0636,-75.0654, , 
 ,63255,2012051944,6,67,67301,2012,5,3,1730,17,1,1,0,4,1, , ,N,1,2,0,3,0,1,3,2,N,N,39 58:10.092,75 08:22.485,1740, ,1735, ,0, ,N, ,3, , , , , ,703231, , , ,2,2,0,0,0,0,0,0,0,0,0,1,1,0,0,0,0,0,0,0,2,0,0,0,0,0,0,0,0,0,0,0,0,0,0,4,0,39.9695,-75.1395, , 
 ,63256,2012027728,6,67,67301,2012,2,5,520,5,3,1,0,5,6, , ,N,0,0,0,3,0,0,1,3,N,N,39 58:25.595,75 12:28.155,528, ,520, ,0, ,N, ,0, , , , , ,703251, , , ,3,2,0,0,0,0,1,0,0,0,0,0,0,0,0,0,0,0,0,0,0,0,0,0,0,0,0,0,0,0,0,0,0,0,0,0,0,39.9738,-75.2078, , 
 ,63257,2012034767,6,67,67301,2012,3,7,2115,21,3,1,0,8,1, , ,N,0,0,0,3,0,1,5,2,N,N,40 01:30.883,75 06:33.296,2125, ,2119,2,1,2,N, ,0,Y, , , , ,703260, , , ,1,1,0,0,0,0,0,0,0,0,0,0,1,1,0,0,0,0,0,0,0,0,0,0,0,0,0,0,0,0,0,0,1,0,0,8,0,40.0252,-75.1092, , 
 ,63258,2012047091,6,67,67301,2012,4,7,754,7,1,1,0,4,1, , ,N,1,2,0,3,0,1,2,3,N, ,39 59:00.430,75 06:19.637,819, ,800, ,0, , , ,3, , , , , ,703275, , , ,3,3,0,0,0,0,0,0,0,0,0,1,1,0,0,0,0,0,0,0,0,0,0,0,0,0,0,0,0,0,0,0,0,0,0,4,0,39.9835,-75.1055, , 
 ,63259,2012083021,6,67,67301,2012,4,2,1920,19,4,1,0,1,1, , ,N,0,0,0,3,0,1,2,2,N,N,39 55:17.381,75 11:27.929,0, ,0, ,0, ,N, ,0, , , , , ,703306, , , ,2,0,0,0,0,1,0,0,0,0,0,0,1,1,1,0,0,0,0,0,0,1,0,1,0,0,0,0,0,0,0,0,0,0,0,8,1,39.9215,-75.1911, , 
 ,63260,2012095564,6,67,67301,2012,8,2,1510,15,1,1,0,4,1, , ,N,2,3,0,3,0,2,2,2,N,N,39 56:06.392,75 13:05.771,1603, ,1546,2,1,4,N, ,3,N, , , , ,703320, , , ,2,2,0,0,0,0,0,0,0,0,0,1,1,0,0,0,0,0,0,0,0,0,0,0,0,0,0,0,0,0,0,0,0,0,0,4,0,39.9351,-75.2183, , 
 ,63261,2012098964,6,67,67301,2012,9,2,1332,13,1,1,0,1,1, , ,N,1,2,0,3,0,3,5,2,N,N,40 05:18.096,75 02:38.680,9999, ,9999, ,0, ,N, ,3, , , , , ,703325, , , ,2,1,0,0,0,0,0,1,0,0,0,3,3,0,0,0,0,0,0,0,0,0,0,0,0,0,0,0,0,0,0,0,0,0,0,4,0,40.0884,-75.044, , 
 ,63262,2012015435,6,67,67301,2012,1,7,1147,11,1,1,0,1,1, , ,N,1,2,0,3,0,0,5,3,N,N,40 03:15.517,75 02:58.198,1202, ,1148,2,1,2,N, ,3,N, , , , ,703383, , , ,3,2,0,0,0,0,1,0,0,0,0,0,0,0,0,0,0,0,0,0,1,2,0,0,0,0,0,0,0,0,0,0,0,0,0,0,0,40.0543,-75.0495, , 
 ,63263,2012056681,6,67,67301,2012,5,2,1540,15,1,1,0,8,1, , ,N,1,3,0,3,0,1,2,2,N, ,39 55:22.612,75 10:41.645,1547, ,1540, ,0, , , ,3, , , , , ,707714, , , ,1,1,0,0,0,0,0,0,0,0,0,0,1,1,0,0,0,0,0,0,0,0,0,0,0,0,0,0,0,0,0,0,1,0,0,8,0,39.9229,-75.1782, , 
 ,63264,2012062509,6,67,67301,2012,6,6,1001,10,1,1,0,7,7, , ,N,0,0,0,3,0,0,1,1,N,N,39 58:02.591,75 07:56.249,1008, ,1004,1,2,1,N, ,0,Y, , , , ,707719, , , ,1,1,0,0,0,0,0,0,0,0,0,0,0,0,0,0,0,0,0,0,0,0,0,0,0,0,0,0,0,0,0,0,0,0,0,0,0,39.9674,-75.1324, , 
 ,63265,2012122482,6,67,67301,2012,11,2,1330,13,1,1,0,2,1, , ,N,0,0,0,3,0,1,2,2,N,N,40 06:43.174,75 01:38.791,1350, ,1345,1,2,1,N, ,0,Y, , , , ,707757, , , ,2,1,0,0,1,0,0,0,0,0,0,1,1,0,0,0,0,0,0,0,0,0,1,0,0,0,0,0,0,0,0,0,0,0,0,4,0,40.112,-75.0274, , 
 ,63266,2012063985,6,67,67301,2012,5,4,745,7,1,1,0,4,1, , ,N,0,0,0,3,0,0,2,2,N,N,40 04:50.556,75 04:04.226,745, ,745, ,0, ,N, ,0, , , , , ,707762, , , ,2,1,0,0,0,0,1,0,0,0,0,0,0,0,0,0,0,1,0,0,1,0,0,0,0,0,0,0,0,0,0,0,0,0,0,0,0,40.0807,-75.0678, , 
 ,63267,2012070691,6,67,67301,2012,7,7,115,1,3,1,0,1,1, , ,N,0,0,3,3,0,6,6,2,N,N,39 56:33.890,75 11:36.136,121, ,117,1,1,3,N, ,0,N, , , , ,707769, , , ,2,2,0,0,0,0,0,0,0,0,1,5,6,0,0,0,0,0,1,0,0,0,0,2,0,0,0,0,0,0,0,0,0,0,0,3,0,39.9413,-75.1948, , 
 ,63268,2012111665,6,67,67301,2012,10,3,9999,99,1,1,0,1,1, , ,N,0,0,0,3,0,1,2,2,N,N,40 04:53.362,75 02:14.838,1510, ,1456,1,1,4, , ,0,Y, , , , ,707808, , , ,2,1,0,0,1,0,0,0,0,0,0,0,1,1,0,0,0,0,0,0,0,0,0,0,0,0,0,0,0,0,0,0,0,0,0,8,0,40.0815,-75.0375, , 
 ,63269,2012066601,6,67,67301,2012,6,5,1615,16,1,1,0,1,1, , ,N,0,0,0,3,0,1,6,2,N,N,39 58:58.124,75 14:29.600,9999, ,9999, ,0, ,N, ,0, , , , , ,707812, , , ,2,1,0,0,0,0,1,0,0,0,0,0,1,1,0,0,0,0,0,0,0,0,0,0,0,0,0,0,0,0,0,0,0,0,0,8,0,39.9828,-75.2416, , 
 ,63270,2012066637,6,67,67301,2012,5,2,2038,20,3,2,1,1,1, , ,N,1,2,0,3,0,0,2,2,N,N,39 56:44.732,75 10:00.371,2050, ,2038, ,0, , , ,3, , , , , ,707813, , , ,2,1,0,0,0,0,1,0,0,0,0,0,0,0,0,0,0,0,0,0,0,0,0,0,0,0,0,0,0,0,0,0,0,0,0,0,0,39.9458,-75.1668, , 
 ,63271,2012056584,6,67,67301,2012,5,4,1217,12,1,1,1,1,1, , ,N,1,3,0,3,0,1,2,2,N,N,39 55:44.014,75 08:48.098,1219, ,1219, ,0, ,N, ,3, , , , , ,707819, , , ,2,0,0,0,1,0,1,0,0,0,0,0,1,1,0,0,0,0,0,0,0,0,0,1,0,0,0,0,0,0,0,0,0,0,0,8,0,39.9289,-75.1467, , 
 ,63272,2012056588,6,67,67301,2012,5,2,2229,22,3,1,0,4,1, , ,N,0,0,7,3,0,1,2,2,N,N,40 06:00.114,75 01:48.126,2242, ,2229,3,2,2,N, ,0,Y, , , , ,707820, , , ,2,1,0,0,0,0,1,0,0,0,1,0,1,0,0,0,0,0,0,0,0,0,0,0,0,0,0,0,0,0,0,0,0,0,0,3,0,40.1,-75.03, , 
 ,63273,2012063940,6,67,67301,2012,5,3,1847,18,1,1,0,4,1, , ,N,0,0,6,3,0,0,2,2,N,N,40 06:46.173,74 59:23.960,1849, ,1847, ,0, , , ,0, , , , , ,707830, , , ,2,1,0,0,1,0,0,0,0,0,0,0,0,0,1,0,0,0,0,0,0,0,0,0,0,0,0,0,0,0,0,0,0,0,0,9,0,40.1128,-74.99, , 
 ,63274,2012064024,6,67,67301,2012,5,5,2045,20,3,1,0,5,2, , ,N,0,0,0,3,0,1,4,4,N,N,40 04:00.464,75 10:41.149,2102, ,2100,2,1,1,N, ,0,N, , , , ,707831, , , ,4,4,0,0,0,0,0,0,0,0,0,1,1,0,0,0,0,0,0,0,0,0,0,1,0,0,0,0,0,0,0,0,0,0,0,4,0,40.0668,-75.1781, , 
 ,63275,2012066971,6,67,67301,2012,6,2,754,7,1,1,0,7,7, , ,N,7,0,2,3,0,0,1,1,N,N,39 57:35.399,75 10:42.496,809, ,758, ,0, ,Y, ,0, , , , , ,707833, , , ,1,1,0,0,0,0,0,0,0,0,0,0,0,0,0,0,0,0,0,0,0,0,0,0,0,0,0,0,0,0,0,0,0,0,0,0,0,39.9598,-75.1785, , 
 ,63276,2012073556,6,67,67301,2012,6,3,1530,15,1,2,1,4,1, , ,N,0,0,0,3,0,3,3,2,N, ,39 58:48.907,75 11:51.245,1537, ,1535,1,2,5,N, ,0,Y, , , , ,707847, , , ,2,2,0,0,0,0,0,0,0,0,0,0,3,3,0,0,0,0,0,0,0,0,0,0,0,0,0,0,0,0,0,0,0,0,0,8,0,39.9803,-75.1976, , 
 ,63277,2012073570,6,67,67301,2012,6,3,2359,23,3,1,0,4,2, , ,N,2,0,0,3,0,0,1,2,N,N,40 02:29.158,75 02:26.926,27, ,26, ,0, ,N, ,0, , , , , ,707848, , , ,2,1,0,0,0,0,0,1,0,0,0,0,0,0,0,0,0,0,0,0,0,0,0,0,0,0,0,0,0,0,0,0,0,0,0,0,0,40.0414,-75.0408, , 
 ,63278,2012076039,6,67,67301,2012,6,4,9999,99,1,1,0,4,2, , ,N,1,0,0,3,0,0,1,4,N,N,40 05:29.941,74 57:56.517,1626, ,1621, ,0, ,N, ,0, , , , , ,707853, , , ,4,3,0,0,1,0,0,0,0,0,0,0,0,0,0,0,0,0,1,0,0,0,0,0,0,0,0,0,0,0,0,0,0,0,0,0,0,40.0915,-74.9656, , 
 ,63279,2012060843,6,67,67301,2012,5,2,742,7,1,1,0,5,1, , ,N,0,2,0,3,0,0,5,2,N,N,39 59:23.747,75 06:27.510,747, ,743, ,0, ,N, ,3, , , , , ,707864, , , ,2,1,0,0,1,0,0,0,0,0,0,0,0,0,1,0,0,0,0,0,0,0,0,0,0,0,0,0,0,0,0,0,0,0,0,9,0,39.9899,-75.1077, , 
 ,63280,2012060786,6,67,67301,2012,5,4,1835,18,1,1,0,4,1, , ,N,1,2,0,3,0,2,3,2,N,N,40 02:32.362,75 01:32.162,1850, ,1844, ,0, ,N, ,3, , , , , ,707867, , , ,2,0,0,0,1,0,1,0,0,0,0,0,2,2,0,0,0,0,0,0,0,0,0,2,0,0,0,0,0,0,0,0,0,0,0,8,0,40.0423,-75.0256, , 
 ,63281,2012078212,6,67,67301,2012,6,7,9999,99,3,1,0,4,1, , ,N,3,3,0,3,0,1,3,2,N,N,40 02:19.640,75 07:25.924,1710, ,1700, ,0, ,N, ,3, , , , , ,707879, , , ,2,1,0,0,0,0,1,0,0,0,0,1,1,0,1,0,0,0,0,0,0,1,0,0,0,0,0,0,0,0,0,0,0,0,0,4,0,40.0388,-75.1239, , 
 ,63282,2012098970,6,67,67301,2012,9,3,1937,19,3,2,1,5,1, , ,N,0,0,0,3,0,0,1,4,N, ,40 00:41.454,75 06:28.836,1947, ,1440,2,1,4, , ,0,N, , , , ,696846, , , ,4,4,0,0,0,0,0,0,0,0,0,0,0,0,0,0,0,0,0,0,1,0,0,0,0,0,0,0,0,0,0,0,0,0,0,0,0,40.0115,-75.108, , 
 ,63283,2012099343,6,67,67301,2012,8,7,645,6,1,2,1,4,1, , ,N,1,2,0,3,0,2,2,2,N, ,40 05:57.235,74 59:43.576,650, ,645, ,0, , , ,3, , , , , ,696847, , , ,2,1,0,0,0,0,1,0,0,0,0,0,0,0,2,0,0,0,0,0,0,1,0,0,0,0,0,0,0,0,0,0,0,0,0,9,0,40.0992,-74.9954, , 
 ,63284,2013003727,6,67,67301,2012,11,5,1815,18,3,1,0,8,1, , ,N,1,2,0,3,0,1,2,2,N,N,40 02:56.800,75 03:44.318,2140, ,2134, ,0, , , ,3, , , , , ,696872, , , ,1,1,0,0,0,0,0,0,0,0,0,0,1,1,0,0,0,0,1,0,0,0,0,0,0,0,0,0,0,0,0,0,1,0,0,8,0,40.0491,-75.0625, , 
 ,63285,2012066585,6,67,67301,2012,6,5,1155,11,1,1,0,2,1, , ,N,1,0,0,3,0,1,3,3,N,N,39 57:37.092,75 08:20.094,1201, ,1200,1,2,3, , ,0,Y, , , , ,696879, , , ,3,2,0,0,0,0,0,1,0,0,0,0,1,1,0,0,0,0,0,0,0,0,0,0,0,0,0,0,0,0,0,0,0,0,0,8,0,39.9603,-75.1389, , 
 ,63286,2012078224,6,67,67301,2012,6,3,9999,99,1,1,0,4,7, , ,N,1,4,2,3,0,1,2,2,N, ,39 59:40.876,75 04:42.946,9999, ,1827, ,0, , , ,3, , , , , ,696883, , , ,2,1,0,0,0,0,1,0,0,0,0,0,1,1,0,0,0,0,0,0,2,0,0,0,0,0,0,0,0,0,0,0,0,0,0,8,0,39.9947,-75.0786, , 
 ,63287,2012078422,6,67,67301,2012,7,7,1726,17,1,1,0,4,1, , ,N,2,3,0,3,0,0,4,2,N,N,39 58:30.969,75 10:59.930,1759, ,1759, ,0, , , ,3, , , , , ,696884, , , ,2,2,0,0,0,0,0,0,0,0,0,0,0,0,0,0,0,0,0,0,0,0,0,0,0,0,0,0,0,0,0,0,0,0,0,0,0,39.9753,-75.1833, , 
 ,63288,2012099359,6,67,67301,2012,9,2,1550,15,1,2,1,7,2, , ,N,0,0,0,3,0,1,1,1,N,N,39 59:41.993,75 11:31.551,1504, ,1551,2,2,2,N, ,0,Y, , , , ,696904, , , ,1,1,0,0,0,0,0,0,0,0,0,1,1,0,0,0,0,1,0,0,0,0,0,0,0,0,0,0,0,0,0,0,0,0,0,4,0,39.995,-75.1921, , 
 ,63289,2012115104,6,67,67301,2012,9,4,1522,15,1,9,0,4,1, , ,N,2,3,0,3,0,2,3,2,N,N,39 54:57.347,75 14:42.963,0, ,0, ,9, ,N, ,3, , , , , ,696918, , , ,2,1,0,0,1,0,0,0,0,0,2,0,2,0,1,0,0,0,0,0,0,0,0,0,0,0,0,0,0,0,0,0,0,0,0,3,0,39.9159,-75.2453, , 
 ,63290,2012115221,6,67,67301,2012,9,5,1140,11,1,1,0,4,1, , ,N,1,0,7,3,0,1,2,2,N,N,40 03:34.246,75 03:07.165,0, ,0, ,0, ,N, ,0, , , , , ,696919, , , ,2,2,0,0,0,0,0,0,0,0,1,0,1,0,1,0,0,0,0,0,1,0,0,0,0,0,0,0,0,0,0,0,0,0,0,3,0,40.0595,-75.052, , 
 ,63291,2012066700,6,67,67301,2012,6,5,1330,13,1,1,0,8,1, , ,N,0,0,0,3,0,1,2,2,N, ,39 56:15.968,75 10:27.284,1950, ,1941, ,0, , , ,0, , , , , ,696930, , , ,1,0,0,0,0,0,0,0,0,0,0,1,1,0,1,0,0,0,0,0,0,0,0,0,0,0,0,0,0,0,0,0,1,0,0,4,0,39.9378,-75.1742, , 
 ,63292,2012075028,6,67,67301,2012,7,3,634,6,1,1,0,5,1, , ,N,0,0,0,3,0,1,2,2,N,N,39 58:47.299,75 12:17.181,642, ,640, ,0, ,N, ,0, , , , , ,696937, , , ,2,0,0,0,1,0,1,0,0,0,0,1,1,0,1,0,0,0,0,0,0,0,0,0,0,0,0,0,0,0,0,0,0,0,0,4,0,39.9798,-75.2048, , 
 ,63293,2012099380,6,67,67301,2012,9,6,839,8,1,1,0,1,1, , ,N,0,3,0,3,0,1,3,2,N,N,39 59:44.293,75 06:08.359,935, ,931, ,0, ,N, ,3, , , , , ,696952, , , ,2,1,0,0,0,0,0,1,0,0,0,1,1,0,0,0,0,0,0,0,1,0,0,0,0,0,0,0,0,0,0,0,0,0,0,4,0,39.9956,-75.1023, , 
 ,63294,2012114347,6,67,67301,2012,10,1,2035,20,3,1,0,1,1, , ,N,0,0,0,3,0,3,5,4,N, ,40 01:43.578,75 10:00.676,2100, ,2053,1,2,7, , ,0,Y, , , , ,696960, , , ,4,3,0,0,0,0,1,0,0,0,0,3,3,0,0,0,0,0,0,0,0,0,0,0,0,0,0,0,0,0,0,0,0,0,0,4,0,40.0288,-75.1669, , 
 ,63295,2012120117,6,67,67301,2012,10,2,1520,15,1,1,0,7,5, , ,N,0,0,0,3,0,1,1,1,N, ,40 04:18.848,75 00:44.930,1539, ,1526, ,0, , , ,0, , , , , ,696967, , , ,1,0,0,0,1,0,0,0,0,0,0,0,1,1,0,0,0,0,0,0,1,0,0,0,0,0,0,0,0,0,0,0,0,0,0,8,0,40.0719,-75.0125, , 
 ,63296,2012122394,6,67,67301,2012,11,3,1620,16,3,1,1,8,1, , ,N,0,0,0,3,0,0,2,2,N,N,40 01:28.137,75 07:51.454,1735, ,1728, ,0, ,N, ,0, , , , , ,696969, , , ,1,1,0,0,0,0,0,0,0,0,0,0,1,1,0,0,0,0,0,0,0,1,0,0,0,0,0,0,0,0,0,0,1,0,0,8,0,40.0245,-75.131, , 
 ,63297,2012098660,6,67,67301,2012,9,1,2049,20,3,1,0,5,1, , ,N,0,0,0,3,0,1,3,2,N,N,39 56:45.011,75 08:33.154,2100, ,2055,1,1,2,N, ,0,N, , , , ,697015, , , ,2,1,0,0,0,1,0,0,0,0,0,1,1,0,0,0,0,0,1,0,0,0,0,0,0,0,0,0,0,0,0,0,0,0,0,4,1,39.9458,-75.1425, , 
 ,63298,2012066433,6,67,67301,2012,5,1,915,9,1,1,1,4,1, , ,N,1,2,0,3,0,0,2,2,N,N,40 03:48.698,75 10:11.388,920, ,917, ,0, , , ,3, , , , , ,697021, , , ,2,0,0,0,1,0,0,1,0,0,0,0,0,0,0,0,0,0,0,0,1,0,1,0,0,0,0,0,0,0,0,0,0,0,0,0,0,40.0635,-75.1698, , 
 ,63299,2012078466,6,67,67301,2012,6,6,2015,20,3,2,1,8,1, , ,N,2,1,0,3,0,1,2,2,N, ,39 54:50.283,75 13:17.303,9999, ,2015, ,0, , , ,3, , , , , ,697026, , , ,1,0,0,0,0,0,0,0,0,0,0,1,1,0,1,0,0,0,0,0,0,0,0,0,0,0,0,0,0,0,0,0,1,0,0,4,0,39.9127,-75.2219, , 
 ,63300,2012064018,6,67,67301,2012,5,6,9999,99,1,1,0,2,1, , ,N,0,0,0,3,0,4,6,2,N,N,39 58:30.167,75 11:14.218,1233, ,1230,1,2,6,N, ,0,Y, , , , ,700153, , , ,2,1,0,0,0,0,0,0,0,0,0,4,4,0,0,0,0,0,1,0,0,0,0,0,0,0,0,0,0,0,0,0,0,0,0,4,0,39.975,-75.1873, , 
 ,63301,2012066736,6,67,67301,2012,6,2,2130,21,3,2,1,6,1, , ,N,3,0,0,3,0,4,5,4,N,N,40 02:05.924,75 11:18.304,2249, ,2216, ,0, , , ,0, , , , , ,700156, , , ,4,3,0,0,1,0,0,0,0,1,2,1,4,0,0,0,0,0,0,0,0,0,0,0,0,0,0,1,0,0,0,0,0,0,0,2,0,40.035,-75.1884, , 
 ,63302,2012083658,6,67,67301,2012,8,3,1120,11,1,1,0,5,1, , ,N,0,0,0,3,0,0,2,2,N,N,40 02:25.150,75 00:21.776,1132, ,1122, ,0, ,N, ,0, , , , , ,700175, , , ,2,1,0,0,0,1,0,0,0,0,0,0,0,0,0,0,0,0,0,0,2,0,0,0,0,0,0,0,0,0,0,0,0,0,0,0,1,40.0403,-75.006, , 
 ,63303,2012098322,6,67,67301,2012,9,2,1120,11,1,2,1,4,1, , ,N,1,2,0,3,0,1,2,2,N, ,39 59:16.781,75 06:21.368,1140, ,1130, ,0, , , ,3, , , , , ,700192, , , ,2,2,0,0,0,0,0,0,0,0,0,1,1,0,0,0,0,0,0,0,1,0,0,0,0,0,0,0,0,0,0,0,0,0,0,4,0,39.988,-75.106, , 
 ,63304,2012059258,6,67,67301,2012,3,6,1335,13,1,1,0,0,1, , ,N,0,0,0,3,0,0,3,2,N,N,40 02:57.437,74 59:44.182,1344, ,1335, ,0, ,N, ,0, , , , , ,700194, , , ,2,0,0,0,1,0,0,1,0,0,0,0,0,0,0,0,0,0,0,0,1,0,0,0,0,0,0,0,0,0,0,0,0,0,0,0,0,40.0493,-74.9957, , 
 ,63305,2012063893,6,67,67301,2012,5,1,1516,15,1,1,0,8,1, , ,N,2,0,0,3,0,1,3,2,N, ,39 56:09.391,75 13:24.538,1621, ,1608, ,0, , , ,0, , , , , ,700198, , , ,1,1,0,0,0,0,0,0,0,0,0,1,1,0,0,0,0,0,0,0,0,0,0,2,0,0,0,0,0,0,0,0,1,0,0,4,0,39.9359,-75.2235, , 
 ,63306,2012080802,6,67,67301,2012,7,6,1719,17,1,1,0,1,1, , ,N,5,2,0,3,0,0,3,3,N,N,39 57:35.399,75 10:42.496,1719, ,1719,2,1,1,N, ,3,N, , , , ,700208, , , ,3,2,0,0,1,0,0,0,0,0,0,0,0,0,0,0,0,0,0,0,1,0,0,0,0,0,0,0,0,0,0,0,0,0,0,0,0,39.9598,-75.1785, , 
 ,63307,2012083364,6,67,67301,2012,7,2,540,5,1,1,0,4,1, , ,N,1,2,0,3,0,0,2,2,N, ,39 57:27.542,75 09:44.544,540, ,540,2,1,1, , ,3,N, , , , ,700215, , , ,2,2,0,0,0,0,0,0,0,0,0,0,0,0,0,0,0,0,0,0,0,0,0,0,0,0,0,0,0,0,0,0,0,0,0,0,0,39.9577,-75.1624, , 
 ,63308,2012083820,6,67,67301,2012,8,3,118,1,3,1,0,4,1, , ,N,1,3,0,3,0,1,3,2,N,N,39 54:59.788,75 09:32.399,250, ,244, ,0, ,N, ,3, , , , , ,700216, , , ,2,0,0,0,0,0,1,1,0,0,0,0,1,1,0,0,0,0,0,0,1,0,0,0,0,0,0,0,0,0,0,0,0,0,0,8,0,39.9166,-75.159, , 
 ,63309,2012085745,6,67,67301,2012,6,5,1203,12,1,1,0,8,1, , ,N,0,0,0,3,0,1,3,2,N, ,39 54:58.334,75 13:39.810,1205, ,1205,9,2,6, , ,0,Y, , , , ,700217, , , ,1,1,0,0,0,0,0,0,0,0,0,0,1,1,0,0,0,0,0,0,1,0,0,2,0,0,0,0,0,0,0,0,1,0,0,8,0,39.9162,-75.2277, , 
 ,63310,2012098209,6,67,67301,2012,9,3,2201,22,3,1,0,1,6, , ,N,1,0,0,3,0,0,1,2,N,N,39 59:03.735,75 15:11.829,2219, ,2214, ,0, ,N, ,0, , , , , ,700226, , , ,2,2,0,0,0,0,0,0,0,0,0,0,0,0,0,0,0,0,0,0,0,0,0,0,0,0,0,0,0,0,0,0,0,0,0,0,0,39.9844,-75.2533, , 
 ,63311,2012098468,6,67,67301,2012,9,7,242,2,3,1,0,1,1, , ,N,0,0,0,3,0,0,2,2,N,N,40 00:40.607,75 10:59.349,248, ,244,2,1,2,N, ,0,N, , , , ,700227, , , ,2,1,0,0,0,0,0,0,0,0,0,0,0,0,0,0,0,0,0,0,0,0,0,0,0,0,0,0,0,0,0,0,0,0,0,0,0,40.0113,-75.1832, , 
 ,63312,2012104000,6,67,67301,2012,9,6,30,0,3,1,0,5,2, , ,N,0,0,0,3,0,0,1,3,N,N,40 01:44.759,75 07:19.163,37, ,35, ,0, ,N, ,0, , , , , ,700235, , , ,3,1,0,0,0,0,1,1,0,0,0,0,0,0,1,0,0,0,0,0,0,0,0,0,0,0,0,0,0,0,0,0,0,0,0,9,0,40.0291,-75.122, , 
 ,63313,2012066485,6,67,67301,2012,5,3,2132,21,3,1,0,1,1, , ,N,5,2,0,3,0,8,8,2,N, ,40 01:22.061,75 09:32.460,2140, ,2135,9,2,5, , ,3,Y, , , , ,700244, , , ,2,1,0,1,0,0,0,0,0,0,0,1,8,7,0,0,0,0,0,0,1,0,0,0,0,0,0,0,0,0,0,0,0,0,0,4,1,40.0228,-75.159, , 
 ,63314,2012078398,6,67,67301,2012,7,6,2020,20,4,1,0,4,1, , ,N,1,2,0,3,0,2,3,2,N,N,39 59:40.673,75 05:40.311,2107, ,2104, ,0, ,N, ,3, , , , , ,700256, , , ,2,2,0,0,0,0,0,0,0,0,0,2,2,0,1,0,0,0,0,0,0,0,0,0,0,0,0,0,0,0,0,0,0,0,0,4,0,39.9946,-75.0945, , 
 ,63315,2012095530,6,67,67301,2012,9,1,2326,23,3,2,1,7,2, , ,N,0,0,0,3,0,0,1,1,N,N,39 59:07.141,75 12:44.788,1142, ,1131, ,0, ,N, ,0, , , , , ,700267, , , ,1,0,0,0,1,0,0,0,0,0,0,0,0,0,0,0,0,0,0,0,1,0,0,0,0,0,0,0,0,0,0,0,0,0,0,0,0,39.9853,-75.2124, , 
 ,63316,2012098516,6,67,67301,2012,9,4,9999,99,4,1,0,8,1, , ,N,0,0,0,3,0,1,2,2,N, ,40 00:14.990,75 10:16.305,2020, ,2019, ,0, , , ,0, , , , , ,700272, , , ,1,1,0,0,0,0,0,0,0,0,0,0,1,1,0,0,0,0,0,0,1,0,0,0,0,0,0,0,0,0,0,0,1,0,0,8,0,40.0042,-75.1712, , 