wz_ln_closure,objectid_1,crn,district,county,municipality,crash_year,crash_month,day_of_week,time_of_day,hour_of_day,illumination,weather,road_condition,collision_type,relation_to_road,work_zone_type,work_zone_loc,work_zone_ind,intersect_type,tcd_type,location_type,urban_rural,fatal_count,injury_count,person_count,total_units,sch_bus_ind,sch_zone_ind,latitude,longitude,arrival_tm,cons_zone_spd_lim,dispatch_tm,est_hrs_closed,lane_closed,ln_close_dir,ntfy_hiwy_maint,spec_juris_cd,tcd_func_cd,tfc_detour_ind,workers_pres,wz_close_detour,wz_flagger,wz_law_offcr_ind,objectid,wz_moving,wz_other,wz_shlder_mdn,vehicle_count,automobile_count,motorcycle_count,bus_count,small_truck_count,heavy_truck_count,suv_count,van_count,bicycle_count,maj_inj_count,mod_inj_count,min_inj_count,tot_inj_count,unk_inj_deg_count,unk_inj_per_count,driver_count_16yr,driver_count_17yr,driver_count_18yr,driver_count_19yr,driver_count_20yr,driver_count_50_64yr,driver_count_65_74yr,driver_count_75plus,unbelted_occ_count,unb_death_count,unb_maj_inj_count,belted_death_count,belted_maj_inj_count,mcycle_death_count,mcycle_maj_inj_count,bicycle_death_count,bicycle_maj_inj_count,ped_count,ped_death_count,ped_maj_inj_count,max_severity_level,comm_veh_count,dec_lat,dec_long,rdwy_surf_type_cd,county_name
 ,63383,2012078596,6,67,67301,2012,7,2,1735,17,1,1,0,4,1, , ,N,1,2,0,3,0,1,2,2,N,N,40 03:14.734,75 02:56.552,1747, ,1738,1,1,4,N, ,3,N, , , , ,700355, , , ,2,0,1,0,1,0,0,0,0,0,0,0,1,1,0,0,0,0,0,0,1,0,0,1,0,0,0,0,0,0,0,0,0,0,0,8,0,40.0541,-75.049, , 
 ,63384,2012099006,6,67,67301,2012,9,3,643,6,1,8,1,8,1, , ,N,1,0,0,3,0,1,2,2,N,N,39 57:31.363,75 09:43.712,650, ,647,1,1,1, , ,0,N, , , , ,700374, , , ,1,0,0,0,0,0,0,1,0,0,1,0,1,0,0,0,0,0,0,0,1,0,0,0,0,0,0,0,0,0,0,0,1,0,0,3,0,39.9587,-75.1621, , 
 ,63385,2012083788,6,67,67301,2012,8,3,100,1,3,1,0,5,2, , ,N,0,0,0,3,0,7,11,2,N,N,39 58:30.527,75 11:43.976,105, ,104, ,0, ,N, ,0, , , , , ,700399, , , ,1,1,0,0,0,0,0,0,0,0,0,6,7,1,1,0,0,0,0,0,0,0,0,0,0,0,0,0,0,0,0,0,0,0,0,4,0,39.9751,-75.1955, , 
 ,63386,2012047112,6,67,67301,2012,3,6,1509,15,1,1,0,4,1, , ,N,1,3,0,3,0,1,2,2,N,N,39 59:34.314,75 08:00.517,1519, ,1512, ,0, , , ,3, , , , , ,700417, , , ,2,0,0,0,0,0,0,1,1,0,1,0,1,0,0,0,0,0,0,0,1,0,0,1,0,0,0,0,0,0,0,0,0,0,0,3,0,39.9929,-75.1335, , 
 ,63387,2012056762,6,67,67301,2012,5,6,2200,22,3,1,0,4,1, , ,N,1,3,0,3,0,1,2,3,N,N,39 59:07.350,75 06:25.689,2310, ,2300, ,0, ,N, ,3, , , , , ,700419, , , ,3,2,0,0,1,0,0,0,0,0,0,1,1,0,0,0,0,0,0,0,0,0,0,0,0,0,0,0,0,0,0,0,0,0,0,4,0,39.9854,-75.1071, , 
 ,63388,2012066611,6,67,67301,2012,5,1,2000,20,3,1,0,1,1, , ,N,1,2,0,3,0,1,3,2,N, ,39 55:56.906,75 13:28.606,2038, ,2033, ,0, , , ,3, , , , , ,700429, , , ,2,2,0,0,0,0,0,0,0,0,0,0,1,1,0,0,0,0,0,0,1,0,0,1,0,0,0,0,0,0,0,0,0,0,0,8,0,39.9325,-75.2246, , 
 ,63389,2012066685,6,67,67301,2012,6,1,1207,12,1,1,0,4,1, , ,N,1,2,0,3,0,1,2,2,N,N,40 02:21.314,75 11:30.256,1228, ,1224, ,0, ,N, ,3, , , , , ,700430, , , ,2,1,1,0,0,0,0,0,0,0,0,1,1,0,0,0,0,0,0,0,1,0,0,0,0,0,0,0,0,0,0,0,0,0,0,4,0,40.0393,-75.1917, , 
 ,63390,2012095621,6,67,67301,2012,8,3,9999,99,1,1,0,2,1, , ,N,5,0,0,3,0,0,2,2,N,N,40 00:21.613,75 05:30.664,1515, ,1510, ,0, , , ,0, , , , , ,703544, , , ,2,1,0,0,0,0,1,0,0,0,0,1,1,0,0,0,0,0,0,0,0,0,0,0,0,0,0,0,0,0,0,0,0,0,0,4,0,40.006,-75.0919, , 
 ,63391,2012098315,6,67,67301,2012,9,2,2346,23,3,1,0,4,7, , ,N,1,2,0,3,0,0,3,3,N,N,39 57:36.745,75 11:27.211,2347, ,2346, ,0, ,N, ,3, , , , , ,703547, , , ,2,2,0,0,0,0,0,0,1,0,0,0,1,1,0,0,0,0,0,0,1,0,0,0,0,0,0,0,0,0,0,0,0,0,0,8,0,39.9602,-75.1909, , 
 ,63392,2012098515,6,67,67301,2012,9,4,1608,16,1,1,0,5,1, , ,N,0,0,0,3,0,0,1,2,N,N,40 01:53.180,75 03:34.772,1610, ,1608,1,1,3,N, ,0,N, , , , ,703548, , , ,2,1,0,0,0,0,0,1,0,0,0,0,0,0,0,0,0,0,0,0,0,0,0,0,0,0,0,0,0,0,0,0,0,0,0,0,0,40.0314,-75.0597, , 
 ,63393,2012074382,6,67,67301,2012,6,2,1530,15,1,1,0,8,1, , ,N,2,0,0,3,0,1,2,2,N, ,40 03:50.652,75 09:53.272,9999, ,1545, ,0, , , ,0, , , , , ,703570, , , ,1,1,0,0,0,0,0,0,0,0,0,0,1,1,0,0,0,0,0,0,0,0,0,0,0,0,0,0,0,0,0,0,1,0,0,8,0,40.0641,-75.1648, , 
 ,63394,2012082980,6,67,67301,2012,1,2,9999,99,8,1,0,8,1, , ,N,1,3,0,3,0,1,2,2,N,N,39 58:59.469,75 08:41.816,0, ,0, ,0, ,N, ,3, , , , , ,703590, , , ,1,0,0,0,0,0,0,0,0,0,0,0,1,1,0,0,0,0,0,0,0,0,0,0,0,0,0,0,0,0,0,0,1,0,0,8,0,39.9832,-75.1449, , 
 ,63395,2012083341,6,67,67301,2012,7,6,2220,22,3,1,0,4,1, , ,N,1,2,0,3,0,2,4,2,N, ,39 54:49.676,75 14:10.316,2231, ,2228, ,0, , , ,3, , , , , ,703591, , , ,2,1,0,0,0,0,1,0,0,0,0,2,2,0,0,0,0,0,0,1,0,0,0,0,0,0,0,0,0,0,0,0,0,0,0,4,0,39.9138,-75.2362, , 
 ,63396,2012088092,6,67,67301,2012,8,2,625,6,1,1,0,4,1, , ,N,1,2,0,3,0,1,2,2,N,N,39 57:46.530,75 11:29.044,637, ,634, ,0, ,N, ,3, , , , , ,703594, , , ,2,1,0,1,0,0,0,0,0,0,0,1,1,0,0,0,0,0,0,0,1,0,0,0,0,0,0,0,0,0,0,0,0,0,0,4,0,39.9629,-75.1913, , 
 ,63397,2012094701,6,67,67301,2012,9,4,1330,13,1,1,0,7,7, , ,N,0,0,2,3,0,0,1,1,N,N,40 00:08.764,75 04:39.888,1330, ,1330, ,0, ,Y, ,0, , , , , ,703603, , , ,1,1,0,0,0,0,0,0,0,0,0,0,0,0,0,0,0,0,0,0,0,0,0,0,0,0,0,0,0,0,0,0,0,0,0,0,0,40.0024,-75.0777, , 
 ,63398,2012098289,6,67,67301,2012,8,2,945,9,1,2,1,1,1, , ,N,1,2,0,3,0,1,2,2,N,N,39 58:32.542,75 07:13.776,1000, ,1000, ,0, ,N, ,3, , , , , ,703605, , , ,2,0,0,0,1,1,0,0,0,0,1,0,1,0,0,0,0,0,0,0,0,0,0,0,0,0,0,0,0,0,0,0,0,0,0,3,1,39.9762,-75.1199, , 
 ,63399,2012098335,6,67,67301,2012,9,7,2020,20,3,2,1,4,1, , ,N,1,2,0,3,0,1,3,2,N,N,39 56:34.638,75 13:36.512,2047, ,2041, ,0, ,N, ,3, , , , , ,703606, , , ,2,2,0,0,0,0,0,0,0,0,0,0,1,1,0,0,0,0,1,0,1,0,0,1,0,0,0,0,0,0,0,0,1,0,0,8,0,39.943,-75.2268, , 
 ,63400,2012104033,6,67,67301,2012,9,6,1330,13,1,1,0,5,1, , ,N,0,0,0,3,0,1,2,2,N,N,39 57:02.405,75 09:56.532,1345, ,1340, ,0, , , ,0, , , , , ,703612, , , ,2,1,0,0,0,0,1,0,0,0,0,0,1,1,0,0,0,0,0,0,1,0,0,2,0,0,0,0,0,0,0,0,0,0,0,8,0,39.9507,-75.1657, , 
 ,63401,2012066482,6,67,67301,2012,5,2,1530,15,1,9,0,8,1, , ,N,1,3,0,3,0,1,2,2,N,N,40 01:24.628,75 10:17.986,1630, ,1615, ,0, , , ,3, , , , , ,703633, , , ,1,1,0,0,0,0,0,0,0,0,0,1,1,0,1,0,0,0,0,0,0,0,0,0,0,0,0,0,0,0,0,0,1,0,0,4,0,40.0235,-75.1717, , 
 ,63402,2012069334,6,67,67301,2012,6,2,9999,99,3,1,0,8,1, , ,N,1,2,0,3,0,1,2,2,N, ,39 59:29.295,75 07:21.395,2216, ,9999, ,0, , , ,3, , , , , ,703636, , , ,1,1,0,0,0,0,0,0,0,0,0,0,1,1,0,0,0,0,0,0,0,0,0,0,0,0,0,0,0,0,0,0,1,0,0,8,0,39.9915,-75.1226, , 
 ,63403,2012104037,6,67,67301,2012,10,3,1140,11,1,2,1,4,1, , ,N,1,3,0,3,0,2,2,2,N,N,39 57:26.624,75 11:51.973,1140, ,1140, ,0, ,N, ,3, , , , , ,703658, , , ,2,2,0,0,0,0,0,0,0,0,0,2,2,0,0,0,0,0,0,0,0,0,1,0,0,0,0,0,0,0,0,0,0,0,0,4,0,39.9574,-75.1978, , 
 ,63404,2012109648,6,67,67301,2012,10,4,2023,20,3,1,0,8,1, , ,N,2,2,0,3,0,1,2,2,N,N,39 57:39.331,75 14:41.973,2040, ,2036, ,0, ,N, ,3, , , , , ,703661, , , ,1,1,0,0,0,0,0,0,0,0,0,0,1,1,0,0,0,0,0,0,0,0,0,1,0,0,0,0,0,0,0,0,1,0,0,8,0,39.9609,-75.245, , 
 ,63405,2012065498,6,67,67301,2012,6,3,1330,13,1,1,0,1,1, , ,N,0,0,0,3,0,0,3,3,N,N,39 57:29.000,75 09:47.803,1340, ,1335, ,0, ,N, ,0, , , , , ,703671, , , ,3,0,0,0,0,2,1,0,0,0,0,0,0,0,0,0,0,0,0,0,0,0,0,0,0,0,0,0,0,0,0,0,0,0,0,0,2,39.9581,-75.1633, , 
 ,63406,2012095419,6,67,67301,2012,8,6,843,8,1,1,0,5,1, , ,N,2,0,0,3,0,0,0,2,N,N,39 53:31.043,75 14:31.507,855, ,846, ,0, , , ,0, , , , , ,703692, , , ,1,0,0,0,0,0,0,1,0,0,0,0,0,0,0,0,0,0,0,0,0,0,0,0,0,0,0,0,0,0,0,0,0,0,0,9,0,39.8919,-75.2419, , 
 ,63407,2012097365,6,67,67301,2012,9,5,716,7,5,1,0,1,1, , ,N,0,0,0,3,0,1,2,2,N,N,39 58:15.344,75 11:35.552,737, ,721, ,0, ,N, ,0, , , , , ,703695, , , ,2,2,0,0,0,0,0,0,0,0,0,0,1,1,0,0,0,0,1,0,0,0,0,0,0,0,0,0,0,0,0,0,0,0,0,8,0,39.9709,-75.1932, , 
 ,63408,2012109732,6,67,67301,2012,10,2,920,9,1,1,0,9,1, , ,N,2,0,0,3,0,1,3,2,N,N,39 57:02.466,75 12:11.883,920, ,920, ,0, ,N, ,0, , , , , ,707210, , , ,2,1,0,0,0,0,0,1,0,0,0,0,1,1,0,0,0,0,0,0,2,0,0,3,0,0,0,0,0,0,0,0,0,0,0,8,0,39.9507,-75.2033, , 
 ,63409,2012078401,6,67,67301,2012,5,3,2203,22,3,1,0,4,1, , ,N,2,2,0,3,0,0,2,2,N,N,39 54:53.180,75 09:18.120,2215, ,2214, ,0, ,N, ,3, , , , , ,707239, , , ,2,2,0,0,0,0,0,0,0,0,0,0,0,0,0,0,0,0,0,0,0,0,0,0,0,0,0,0,0,0,0,0,0,0,0,0,0,39.9147,-75.155, , 
 ,63410,2012067092,6,67,67301,2012,5,6,753,7,1,2,1,2,1, , ,N,0,0,3,3,0,3,4,4,N,N,40 03:48.997,75 11:14.620,802, ,757, ,0, ,N, ,0, , , , , ,707246, , , ,4,4,0,0,0,0,0,0,0,0,0,0,3,3,1,0,0,1,1,0,1,0,0,1,0,0,0,0,0,0,0,0,0,0,0,8,0,40.0636,-75.1874, , 
 ,63411,2012078287,6,67,67301,2012,7,7,1335,13,1,1,0,4,1, , ,N,1,3,0,3,0,2,3,2,N,N,40 00:03.643,75 07:25.222,1356, ,1356, ,0, ,N, ,3, , , , , ,707253, , , ,2,2,0,0,0,0,0,0,0,0,0,0,2,2,0,0,0,0,0,0,0,0,0,3,0,0,0,0,0,0,0,0,0,0,0,8,0,40.001,-75.1237, , 
 ,63412,2012083427,6,67,67301,2012,7,5,1155,11,1,1,0,8,1, , ,N,1,2,0,3,0,1,2,2,N,N,39 59:10.485,75 06:15.828,1215, ,1205, ,0, ,N, ,3, , , , , ,707257, , , ,1,0,0,0,0,0,0,1,0,0,0,1,1,0,0,0,0,0,0,0,0,0,0,0,0,0,0,0,0,0,0,0,1,0,0,4,0,39.9863,-75.1044, , 
 ,63413,2012068741,6,67,67301,2012,5,3,1755,17,1,1,0,4,1, , ,N,1,3,0,3,0,1,2,2,N,N,40 00:49.737,75 08:17.969,1829, ,1827, ,0, ,N, ,3, , , , , ,707281, , , ,2,2,0,0,0,0,0,0,0,0,0,1,1,0,0,0,0,0,0,0,0,0,0,0,0,0,0,0,0,0,0,0,0,0,0,4,0,40.0138,-75.1383, , 
 ,63414,2012083173,6,67,67301,2012,7,6,1255,12,1,1,0,1,1, , ,N,1,2,0,3,0,1,2,2,N,N,40 01:20.289,75 09:43.290,1358, ,1357, ,0, , , ,3, , , , , ,707294, , , ,2,1,0,0,0,0,1,0,0,0,0,1,1,0,0,0,0,0,0,0,0,0,0,0,0,0,0,0,0,0,0,0,0,0,0,4,0,40.0223,-75.162, , 
 ,63415,2012085781,6,67,67301,2012,8,1,1150,11,1,1,0,5,1, , ,N,0,0,0,3,0,1,6,3,N,N,40 01:51.509,75 07:10.052,1205, ,1156, ,0, ,N, ,0, , , , , ,707298, , , ,2,2,0,0,0,0,0,0,0,0,0,1,1,0,0,0,0,0,0,0,1,0,0,0,0,0,0,0,0,0,0,0,1,0,0,4,0,40.031,-75.1195, , 
 ,63416,2012088608,6,67,67301,2012,8,2,300,3,3,2,1,4,1, , ,N,1,2,0,3,0,0,2,2,N, ,39 58:10.379,75 08:22.482,9999, ,420, ,0, , , ,3, , , , , ,707299, , , ,2,0,1,0,0,0,1,0,0,0,0,0,0,0,0,0,0,0,0,0,0,0,0,0,0,0,0,0,0,0,0,0,0,0,0,0,0,39.9695,-75.1395, , 
 ,63417,2012104059,6,67,67301,2012,9,7,830,8,1,1,0,7,4, , ,N,0,0,0,3,0,1,1,1,N,N,40 05:41.514,75 01:23.736,835, ,831, ,0, ,N, ,0, , , , , ,707313, , , ,1,1,0,0,0,0,0,0,0,0,0,1,1,0,0,0,0,0,0,0,0,0,0,0,0,0,0,0,0,0,0,0,0,0,0,4,0,40.0949,-75.0233, , 
 ,63418,2012111658,6,67,67301,2012,10,2,1033,10,1,1,0,5,1, , ,N,0,0,0,3,0,1,2,2,N,N,39 57:15.920,75 10:17.978,1042, ,1040, ,0, , , ,0, , , , , ,707319, , , ,2,1,0,1,0,0,0,0,0,0,0,1,1,0,0,0,0,0,0,0,1,0,0,0,0,0,0,0,0,0,0,0,0,0,0,4,1,39.9544,-75.1717, , 
 ,63419,2012114339,6,67,67301,2012,10,4,2100,21,3,1,0,4,1, , ,N,1,2,0,3,0,2,5,2,N,N,39 54:58.056,75 14:20.262,2115, ,2109, ,0, ,N, ,3, , , , , ,707324, , , ,2,2,0,0,0,0,0,0,0,0,0,0,2,2,0,0,0,0,0,0,0,0,0,0,0,0,0,0,0,0,0,0,0,0,0,8,0,39.9161,-75.239, , 
 ,63420,2012069635,6,67,67301,2012,6,2,700,7,1,1,0,8,1, , ,N,1,2,0,3,0,1,2,2,N,N,40 02:35.649,75 03:08.136,711, ,709,3,1,1, , ,3,N, , , , ,707336, , , ,1,1,0,0,0,0,0,0,0,1,0,0,1,0,0,0,0,0,0,0,0,0,0,1,0,0,0,0,0,0,0,0,1,0,1,2,0,40.0432,-75.0523, , 
 ,63421,2012095536,6,67,67301,2012,8,1,2030,20,3,1,0,7,4, , ,N,0,0,0,3,0,1,1,1,N,N,39 59:34.200,75 06:04.700,2034, ,2034, ,0, ,N, ,0, , , , , ,707343, , , ,1,1,0,0,0,0,0,0,0,0,1,0,1,0,0,0,0,0,0,0,0,0,0,0,0,0,0,0,0,0,0,0,0,0,0,3,0,39.9928,-75.1013, , 
 ,63422,2012098485,6,67,67301,2012,9,4,2005,20,3,1,0,4,1, , ,N,1,3,0,3,0,1,4,2,N,N,39 58:44.040,75 08:50.377,2108, ,2103, ,0, ,N, ,3, , , , , ,707347, , , ,2,1,0,0,0,0,1,0,0,0,1,0,1,0,0,0,0,0,0,0,0,0,0,0,0,0,0,0,0,0,0,0,0,0,0,3,0,39.9789,-75.1473, , 
 ,63423,2012120081,6,67,67301,2012,11,6,1524,15,1,1,0,8,1, , ,N,1,0,0,3,0,1,2,2,N,N,40 01:49.610,75 10:35.990,1532, ,1529, ,0, ,N, ,0, , , , , ,707366, , , ,1,1,0,0,0,0,0,0,0,1,0,0,1,0,1,0,0,0,0,0,0,0,0,0,0,0,0,0,0,0,0,0,1,0,1,2,0,40.0304,-75.1767, , 
 ,63424,2012095415,6,67,67301,2012,8,6,1625,16,1,1,0,6,1, , ,N,2,3,0,3,0,1,1,2,N,N,39 57:36.752,75 10:00.695,1634, ,1629, ,0, ,N, ,3, , , , , ,707395, , , ,0,0,0,0,0,0,0,0,0,0,0,1,1,0,0,0,0,0,0,0,0,0,0,0,0,0,0,0,0,0,0,0,1,0,0,4,0,39.9602,-75.1669, , 
 ,63425,2012117347,6,67,67301,2012,10,3,2110,21,3,2,1,4,1, , ,N,2,3,0,3,0,3,4,4,N,N,40 01:12.525,75 06:46.605,2118, ,2112, ,0, ,N, ,3, , , , , ,707417, , , ,4,3,0,0,0,0,1,0,0,0,0,0,3,3,0,0,0,0,0,0,1,0,0,1,0,0,0,0,0,0,0,0,0,0,0,8,0,40.0201,-75.1129, , 
 ,63426,2012078183,6,67,67301,2012,7,5,2233,22,3,1,0,0,1, , ,N,1,2,0,3,0,1,1,1,N,N,40 02:50.173,75 10:03.883,2233, ,2233, ,0, ,N, ,3, , , , , ,697276, , , ,1,0,1,0,0,0,0,0,0,0,0,0,1,1,0,0,0,0,0,0,0,0,0,0,0,0,0,0,0,0,0,0,0,0,0,8,0,40.0473,-75.1677, , 
 ,63427,2012078449,6,67,67301,2012,6,7,105,1,3,2,1,6,6, , ,N,0,0,0,3,0,1,1,2,N,N,40 03:24.393,75 08:23.349,113, ,113,1,1,1, , ,0,Y, , , , ,697277, , , ,2,1,0,0,0,1,0,0,0,0,0,1,1,0,0,0,0,0,0,0,1,0,0,0,0,0,0,0,0,0,0,0,0,0,0,4,0,40.0568,-75.1398, , 
 ,63428,2012078481,6,67,67301,2012,7,6,28,0,2,1,0,5,6, , ,N,0,0,0,3,0,0,1,4,N,N,39 58:27.498,75 15:44.172,43, ,38, ,0, ,N, ,0, , , , , ,697278, , , ,4,3,0,0,1,0,0,0,0,0,0,0,0,0,0,0,0,0,0,0,1,0,0,0,0,0,0,0,0,0,0,0,0,0,0,0,0,39.9743,-75.2623, , 
 ,63429,2012078623,6,67,67301,2012,7,5,110,1,3,2,1,7,2, , ,N,0,0,0,3,0,1,2,1,N, ,39 55:58.525,75 11:59.977,115, ,110,1,1,2, , ,0,Y, , , , ,697279, , , ,1,1,0,0,0,0,0,0,0,0,1,0,1,0,0,0,0,0,0,0,0,0,0,0,0,0,0,0,0,0,0,0,0,0,0,3,0,39.9329,-75.2, , 
 ,63430,2012088615,6,67,67301,2012,8,1,1843,18,1,2,1,4,1, , ,N,1,0,0,3,0,2,3,2,N,N,39 58:44.706,75 07:23.109,1849, ,1846, ,0, ,N, ,0, , , , , ,697290, , , ,2,2,0,0,0,0,0,0,0,0,0,3,3,0,0,0,0,0,0,0,0,0,0,0,0,0,0,0,0,0,0,0,0,0,0,4,0,39.9791,-75.1231, , 
 ,63431,2012095613,6,67,67301,2012,8,4,325,3,6,1,0,8,1, , ,N,1,2,0,3,0,1,1,2,N,N,39 56:17.059,75 10:06.455,1225, ,1219, ,0, , , ,3, , , , , ,697297, , , ,1,1,0,0,0,0,0,0,0,0,0,1,1,0,0,0,0,0,0,0,0,0,0,0,0,0,0,0,0,0,0,0,1,0,0,4,0,39.9381,-75.1685, , 
 ,63432,2012098524,6,67,67301,2012,9,4,1235,12,1,1,0,7,2, , ,N,0,0,0,3,0,0,1,1,N,N,40 00:16.895,75 09:07.641,1244, ,1244, ,0, , , ,0, , , , , ,697300, , , ,1,1,0,0,0,0,0,0,0,0,0,0,0,0,1,0,0,0,0,0,0,0,0,0,0,0,0,0,0,0,0,0,0,0,0,9,0,40.0047,-75.1521, , 
 ,63433,2012060828,6,67,67301,2012,5,7,1509,15,1,1,0,4,1, , ,N,2,2,6,3,0,1,6,2,N,N,40 01:34.938,75 05:51.163,1515, ,1511,1,1,1,N, ,3,N, , , , ,697314, , , ,2,1,0,0,0,0,0,1,0,0,0,1,1,0,0,0,0,0,0,0,0,0,0,0,0,0,0,0,0,0,0,0,0,0,0,4,0,40.0264,-75.0975, , 
 ,63434,2012120071,6,67,67301,2012,10,4,1700,17,1,9,0,8,1, , ,N,0,0,0,3,0,1,2,2,N,Y,39 59:41.135,75 14:02.857,9999, ,9999, ,0, ,N, ,0, , , , , ,697321, , , ,1,0,0,0,0,0,0,1,0,0,0,1,1,0,1,0,0,0,0,0,0,0,0,0,0,0,0,0,0,0,0,0,1,0,0,4,0,39.9948,-75.2341, , 
 ,63435,2012120551,6,67,67301,2012,10,7,2343,23,3,1,0,1,1, , ,N,1,2,0,3,0,1,2,2,N,N,40 06:44.574,74 59:27.542,8, ,0, ,0, ,N, ,3, , , , , ,697322, , , ,2,2,0,0,0,0,0,0,0,0,0,1,1,0,0,0,0,0,0,0,1,0,0,0,0,0,0,0,0,0,0,0,0,0,0,4,0,40.1124,-74.991, , 
 ,63436,2012078264,6,67,67301,2012,7,4,1322,13,1,1,0,8,1, , ,N,1,2,0,3,0,1,3,2,N,N,40 00:11.769,75 09:57.120,1324, ,1324, ,0, ,N, ,3, , , , , ,697338, , , ,1,0,0,0,0,0,0,1,0,0,0,1,1,0,0,0,0,0,0,0,1,0,0,0,0,0,0,0,0,0,0,0,1,0,0,4,0,40.0033,-75.1659, , 
 ,63437,2012078645,6,67,67301,2012,6,7,1100,11,1,1,0,4,1, , ,N,0,0,0,3,0,1,2,2,N, ,39 55:44.900,75 10:15.434,1132, ,1126, ,0, , , ,0, , , , , ,697339, , , ,1,1,0,0,0,0,0,0,1,0,0,1,1,0,1,0,0,0,0,0,0,0,0,0,0,0,0,0,0,0,0,0,0,0,0,4,0,39.9291,-75.171, , 
 ,63438,2012080823,6,67,67301,2012,7,1,230,2,3,1,0,4,1, , ,N,1,2,0,3,0,0,3,2,N,N,39 59:23.708,75 11:03.808,320, ,300, ,0, ,N, ,3, , , , , ,697341, , , ,2,0,0,0,1,0,1,0,0,0,0,0,0,0,3,0,0,0,0,0,0,0,0,0,0,0,0,0,0,0,0,0,0,0,0,9,0,39.9899,-75.1844, , 
Y,63439,2012092691,6,67,67301,2012,9,2,1837,18,4,1,0,7,2,1,4,Y,0,0,3,3,0,2,2,2,N,N,39 53:52.109,75 11:08.716,1846,55,1840,1,2,2,Y, ,0,N,N,N,N,N,697354,N,N,N,2,2,0,0,0,0,0,0,0,0,0,2,2,0,0,0,0,0,0,0,1,0,0,0,0,0,0,0,0,0,0,0,0,0,0,4,0,39.8978,-75.1857, , 
 ,63440,2012098332,6,67,67301,2012,8,3,9999,99,1,2,1,8,1, , ,N,2,0,0,3,0,1,2,2,N,N,40 00:20.350,75 04:04.212,9999, ,9999, ,0, ,N, ,0, , , , , ,697357, , , ,1,0,0,0,0,0,1,0,0,0,1,0,1,0,0,0,0,0,0,0,0,1,0,0,0,0,0,0,0,0,0,0,1,0,0,3,0,40.0045,-75.0673, , 
 ,63441,2012098346,6,67,67301,2012,9,3,800,8,1,1,1,1,1, , ,N,1,2,0,3,0,1,2,2,N,N,40 01:35.354,75 06:28.851,818, ,809, ,0, ,N, ,3, , , , , ,697358, , , ,2,0,0,0,1,0,1,0,0,0,0,0,1,1,0,0,0,0,0,0,0,0,0,0,0,0,0,0,0,0,0,0,0,0,0,8,0,40.0264,-75.1079, , 
 ,63442,2012090585,6,46,46104,2012,8,4,1331,13,1,1,0,4,1, , ,N,1,2,0,3,0,0,2,2,N,N,39 59:57.024,75 13:51.310,1334, ,1331, ,0, ,N, ,3, , , , , ,697374, , , ,2,1,0,0,0,0,1,0,0,0,0,0,0,0,0,0,0,0,0,0,1,0,0,0,0,0,0,0,0,0,0,0,0,0,0,0,0,39.9991,-75.2309, , 
 ,63443,2012098217,6,67,67301,2012,9,2,1412,14,1,1,0,5,1, , ,N,0,0,0,3,0,1,2,2,N, ,39 57:01.955,75 11:35.891,1422, ,1420, ,0, , , ,0, , , , , ,697379, , , ,1,1,0,0,0,0,0,0,1,0,0,0,1,1,0,0,0,0,0,0,1,0,0,0,0,0,0,0,0,0,0,0,1,0,0,8,0,39.9505,-75.1933, , 
 ,63444,2012095512,6,67,67301,2012,8,6,17,0,1,1,0,4,1, , ,N,2,2,0,3,0,1,2,2,N,N,40 02:12.961,75 08:42.306,1845, ,1830, ,0, ,N, ,3, , , , , ,700460, , , ,1,1,0,0,0,0,0,0,0,0,0,1,1,0,0,0,0,0,0,0,0,0,0,0,0,0,0,0,0,0,0,0,0,0,0,4,0,40.0369,-75.1451, , 
 ,63445,2012098306,6,67,67301,2012,9,2,2119,21,3,8,1,7,3, , ,N,0,0,3,3,0,0,1,1,N,N,39 53:55.487,75 14:19.081,2132, ,2130,2,1,2,Y, ,0,N, , , , ,700462, , , ,1,1,0,0,0,0,0,0,0,0,0,0,0,0,0,0,0,0,0,1,0,0,0,0,0,0,0,0,0,0,0,0,0,0,0,0,0,39.8987,-75.2386, , 
 ,63446,2012098446,6,67,67301,2012,9,7,1738,17,1,2,1,6,1, , ,N,1,2,0,3,0,0,2,2,N,N,40 00:49.975,75 07:33.617,1905, ,1900, ,0, ,N, ,3, , , , , ,700463, , , ,2,1,0,0,0,0,0,1,0,0,0,0,0,0,0,0,0,0,0,0,1,1,0,0,0,0,0,0,0,0,0,0,0,0,0,0,0,40.0139,-75.126, , 
 ,63447,2012116475,6,67,67301,2012,11,6,1533,15,1,1,0,7,2, , ,N,0,0,0,3,0,0,1,1,N,N,40 02:10.991,75 00:56.968,1600, ,1540,3,1,2,N, ,0,N, , , , ,700469, , , ,1,1,0,0,0,0,0,0,0,0,0,0,0,0,0,0,0,0,0,0,0,0,0,0,0,0,0,0,0,0,0,0,0,0,0,0,0,40.0364,-75.0158, , 
 ,63448,2012125515,6,67,67301,2012,11,1,1741,17,3,1,0,4,1, , ,N,1,2,0,3,0,2,3,2,N, ,40 05:35.998,74 57:43.476,1755, ,1752,1,1,1, , ,3,N, , , , ,700477, , , ,2,2,0,0,0,0,0,0,0,0,0,1,2,1,0,0,0,0,0,0,2,0,0,0,0,0,0,0,0,0,0,0,0,0,0,4,0,40.0933,-74.9621, , 