wz_ln_closure,objectid_1,crn,district,county,municipality,crash_year,crash_month,day_of_week,time_of_day,hour_of_day,illumination,weather,road_condition,collision_type,relation_to_road,work_zone_type,work_zone_loc,work_zone_ind,intersect_type,tcd_type,location_type,urban_rural,fatal_count,injury_count,person_count,total_units,sch_bus_ind,sch_zone_ind,latitude,longitude,arrival_tm,cons_zone_spd_lim,dispatch_tm,est_hrs_closed,lane_closed,ln_close_dir,ntfy_hiwy_maint,spec_juris_cd,tcd_func_cd,tfc_detour_ind,workers_pres,wz_close_detour,wz_flagger,wz_law_offcr_ind,objectid,wz_moving,wz_other,wz_shlder_mdn,vehicle_count,automobile_count,motorcycle_count,bus_count,small_truck_count,heavy_truck_count,suv_count,van_count,bicycle_count,maj_inj_count,mod_inj_count,min_inj_count,tot_inj_count,unk_inj_deg_count,unk_inj_per_count,driver_count_16yr,driver_count_17yr,driver_count_18yr,driver_count_19yr,driver_count_20yr,driver_count_50_64yr,driver_count_65_74yr,driver_count_75plus,unbelted_occ_count,unb_death_count,unb_maj_inj_count,belted_death_count,belted_maj_inj_count,mcycle_death_count,mcycle_maj_inj_count,bicycle_death_count,bicycle_maj_inj_count,ped_count,ped_death_count,ped_maj_inj_count,max_severity_level,comm_veh_count,dec_lat,dec_long,rdwy_surf_type_cd,county_name
 ,63449,2012078280,6,67,67301,2012,7,3,1222,12,1,1,0,1,1, , ,N,0,0,0,3,0,2,5,3,N, ,40 00:29.722,75 09:04.852,1240, ,1237, ,0, , , ,0, , , , , ,700482, , , ,3,3,0,0,0,0,0,0,0,0,0,2,2,0,0,0,0,0,1,0,1,1,0,0,0,0,0,0,0,0,0,0,0,0,0,4,0,40.0083,-75.1513, , 
 ,63450,2012078370,6,67,67301,2012,6,3,1518,15,1,1,0,4,1, , ,N,1,2,0,3,0,1,2,2,N,N,39 59:30.821,75 08:17.989,1521, ,1519, ,0, , , ,3, , , , , ,700483, , , ,2,0,0,0,0,0,1,0,0,0,0,0,1,1,0,0,1,0,0,0,0,0,0,0,0,0,0,0,0,0,0,0,0,0,0,8,0,39.9918,-75.1383, , 
 ,63451,2012085790,6,67,67301,2012,7,3,1213,12,1,1,0,4,1, , ,N,1,2,0,3,0,1,3,2,N,N,40 03:06.246,75 07:37.696,1216, ,1214,1,1,3,N, ,3,Y, , , , ,700488, , , ,2,1,0,0,0,0,1,0,0,0,0,1,1,0,1,0,0,2,0,0,0,0,0,0,0,0,0,0,0,0,0,0,0,0,0,4,0,40.0517,-75.1271, , 
 ,63452,2012077902,6,67,67301,2012,7,7,1102,11,1,1,0,7,2, , ,N,0,0,0,3,0,0,1,1,N,N,40 02:16.724,75 00:38.797,1120, ,1107, ,0, ,N, ,0, , , , , ,700502, , , ,1,1,0,0,0,0,0,0,0,0,0,0,0,0,0,0,0,0,0,0,0,0,0,0,0,0,0,0,0,0,0,0,0,0,0,0,0,40.0379,-75.0109, , 
 ,63453,2012078165,6,67,67301,2012,7,6,1355,13,1,1,0,8,1, , ,N,1,3,0,3,0,1,2,2,N,N,39 55:28.999,75 09:45.464,1404, ,1358, ,0, ,N, ,3, , , , , ,700503, , , ,1,1,0,0,0,0,0,0,0,0,1,0,1,0,0,0,0,0,0,0,0,0,0,0,0,0,0,0,0,0,0,0,1,0,0,3,0,39.9247,-75.1626, , 
 ,63454,2012083157,6,67,67301,2012,7,5,2115,21,3,2,1,0,1, , ,N,2,0,0,3,0,0,2,1,N,N,39 58:06.207,75 13:01.084,9999, ,1944, ,0, ,N, ,0, , , , , ,700509, , , ,1,1,0,0,0,0,0,0,0,0,0,0,0,0,0,0,0,0,0,0,0,0,0,0,0,0,0,0,0,0,0,0,0,0,0,0,0,39.9684,-75.217, , 
 ,63455,2012075661,6,67,67301,2012,7,1,27,0,3,1,0,7,2, , ,N,0,0,0,3,0,2,2,1,N,N,39 58:27.212,75 07:07.704,35, ,28,1,1,2,N, ,0,N, , , , ,700539, , , ,1,1,0,0,0,0,0,0,0,0,0,1,2,1,0,0,0,0,0,0,0,1,0,0,0,0,0,0,0,0,0,0,0,0,0,4,0,39.9742,-75.1188, , 
 ,63456,2012078369,6,67,67301,2012,7,3,1242,12,1,1,0,1,1, , ,N,2,2,2,3,0,1,5,4,N,N,39 54:43.202,75 09:01.821,1250, ,1246, ,0, ,N, ,3, , , , , ,700540, , , ,4,4,0,0,0,0,0,0,0,0,0,0,1,1,0,0,0,0,0,0,0,0,1,0,0,0,0,0,0,0,0,0,0,0,0,8,0,39.912,-75.1505, , 
 ,63457,2012104242,6,67,67301,2012,9,2,817,8,1,1,0,9,1, , ,N,0,3,0,3,0,0,2,2,N, ,39 59:12.083,75 12:29.959,920, ,915,2,1,3, , ,3,N, , , , ,700561, , , ,2,0,0,0,0,0,1,1,0,0,0,0,0,0,0,0,0,0,0,0,2,0,0,0,0,0,0,0,0,0,0,0,0,0,0,0,0,39.9867,-75.2083, , 
 ,63458,2012108598,6,67,67301,2012,10,5,14,0,3,1,0,7,4, , ,N,0,0,0,3,0,2,2,1,N,N,39 53:56.082,75 10:43.355,31, ,15,2,1,1,N, ,0,N, , , , ,700570, , , ,1,1,0,0,0,0,0,0,0,0,2,0,2,0,0,0,0,0,0,0,0,1,0,0,0,0,0,0,0,0,0,0,0,0,0,3,0,39.8989,-75.1787, , 
 ,63459,2012078393,6,67,67301,2012,6,4,757,7,1,1,0,1,1, , ,N,0,0,0,3,0,0,4,2,N, ,39 57:48.798,75 10:11.613,800, ,758,2,1,4, , ,0,Y, , , , ,700596, , , ,2,1,0,0,0,1,0,0,0,0,0,0,0,0,0,0,0,0,0,0,0,0,0,0,0,0,0,0,0,0,0,0,0,0,0,0,1,39.9636,-75.1699, , 
 ,63460,2012083011,6,67,67301,2012,3,2,650,6,1,1,0,4,1, , ,N,0,0,0,3,0,1,2,2,N,N,39 55:05.533,75 14:32.242,0, ,0, ,0, ,N, ,0, , , , , ,700646, , , ,2,1,0,0,0,0,0,0,0,0,0,0,1,1,0,0,0,0,0,0,1,0,0,0,0,0,0,0,0,0,0,0,0,0,0,8,0,39.9182,-75.2423, , 
 ,63461,2012085826,6,67,67301,2012,7,3,1554,15,1,1,0,4,1, , ,N,1,2,0,3,0,2,6,4,N, ,40 00:28.738,75 06:17.312,1554, ,1554, ,0, , , ,3, , , , , ,700649, , , ,4,3,0,0,0,0,0,1,0,1,1,0,2,0,0,0,0,0,0,1,0,0,0,2,0,1,0,0,0,0,0,0,0,0,0,2,0,40.008,-75.1048, , 
 ,63462,2012095471,6,67,67301,2012,8,5,1721,17,1,1,0,2,1, , ,N,1,2,0,3,0,0,1,2,N,N,40 00:41.506,75 04:11.278,1724, ,1721,1,1,2,N, ,3,N, , , , ,700662, , , ,1,1,0,0,0,0,0,0,0,0,0,0,0,0,0,0,0,0,0,0,0,0,0,0,0,0,0,0,0,0,0,0,0,0,0,0,0,40.0115,-75.0698, , 
 ,63463,2012098407,6,67,67301,2012,8,5,230,2,3,1,0,7,5, , ,N,1,0,0,3,0,0,1,1,N,N,40 00:17.992,75 13:05.891,300, ,238, ,0, , , ,0, , , , , ,703696, , , ,1,1,0,0,0,0,0,0,0,0,0,0,0,0,0,0,0,0,0,0,0,0,0,0,0,0,0,0,0,0,0,0,0,0,0,0,0,40.005,-75.2183, , 
 ,63464,2012098417,6,67,67301,2012,9,5,1554,15,1,1,0,4,1, , ,N,1,2,0,3,0,1,2,2,N,N,40 00:35.623,75 10:00.930,1555, ,1554,1,1,4,N, ,3,Y, , , , ,703697, , , ,2,1,0,0,0,0,1,0,0,0,0,1,1,0,0,0,0,0,1,0,1,0,0,0,0,0,0,0,0,0,0,0,0,0,0,4,0,40.0098,-75.1669, , 
 ,63465,2012098425,6,67,67301,2012,9,3,445,4,2,2,1,2,1, , ,N,1,3,0,3,0,1,5,2,N,N,40 01:06.992,75 10:59.131,500, ,458, ,0, ,N, ,9, , , , , ,703698, , , ,2,2,0,0,0,0,0,0,0,0,0,1,1,0,0,0,0,0,0,0,1,0,0,5,0,0,0,0,0,0,0,0,0,0,0,4,0,40.0186,-75.1831, , 
 ,63466,2012104011,6,67,67301,2012,9,6,9999,99,1,1,0,4,1, , ,N,1,2,0,3,0,0,2,2,N, ,39 55:27.728,75 10:10.600,1430, ,1422, ,0, , , ,3, , , , , ,703703, , , ,2,2,0,0,0,0,0,0,0,0,0,0,0,0,0,0,0,0,0,0,0,0,0,0,0,0,0,0,0,0,0,0,0,0,0,0,0,39.9244,-75.1696, , 
 ,63467,2012060696,6,67,67301,2012,5,2,1415,14,1,2,1,1,1, , ,N,1,2,0,3,0,2,4,2,N,N,39 58:37.944,75 15:55.640,1420, ,1417, ,0, ,N, ,3, , , , , ,703713, , , ,2,2,0,0,0,0,0,0,0,0,0,2,2,0,0,0,0,0,1,0,0,0,0,0,0,0,0,0,0,0,0,0,0,0,0,4,0,39.9772,-75.2654, , 
 ,63468,2012063884,6,67,67301,2012,5,6,520,5,1,1,0,1,6, , ,N,0,0,0,3,0,1,1,2,N,N,39 57:10.281,75 09:27.834,525, ,525,4,1,1,N, ,0,Y, , , , ,703718, , , ,2,0,0,1,0,0,1,0,0,1,0,0,1,0,0,0,0,0,0,0,0,0,0,0,0,0,0,0,0,0,0,0,0,0,0,2,1,39.9529,-75.1577, , 
 ,63469,2012078485,6,67,67301,2012,7,6,2229,22,3,1,0,8,1, , ,N,0,0,0,3,0,1,2,2,N,N,40 03:28.293,75 04:39.131,2233, ,2231,1,2,7,N, ,0,Y, , , , ,703730, , , ,1,1,0,0,0,0,0,0,0,0,0,0,1,1,0,0,0,0,0,0,0,1,0,0,0,0,0,0,0,0,0,0,1,0,0,8,0,40.0579,-75.0775, , 
 ,63470,2012084145,6,67,67301,2012,7,2,608,6,1,1,0,5,1, , ,N,0,0,0,3,0,2,3,2,N, ,39 54:56.700,75 13:32.800,615, ,612, ,0, , , ,0, , , , , ,703735, , , ,2,2,0,0,0,0,0,0,0,0,0,2,2,0,0,0,0,0,0,0,0,0,0,0,0,0,0,0,0,0,0,0,0,0,0,4,0,39.9158,-75.2258, , 
 ,63471,2012109680,6,67,67301,2012,10,7,57,0,3,1,1,5,1, , ,N,2,2,0,3,0,1,2,2,N, ,39 56:39.012,75 08:31.072,101, ,57, ,0, , , ,3, , , , , ,703754, , , ,2,1,1,0,0,0,0,0,0,0,0,0,1,1,0,0,0,0,0,0,0,0,0,0,0,0,0,0,0,0,0,0,0,0,0,8,0,39.9442,-75.142, , 
 ,63472,2012070930,6,67,67301,2012,7,7,2258,22,3,1,0,1,1, , ,N,0,0,0,3,0,1,4,2,N,N,39 57:29.104,75 08:26.671,2310, ,2302,1,2,1,N, ,0,N, , , , ,703777, , , ,2,1,1,0,0,0,0,0,0,0,0,1,1,0,0,0,0,0,0,0,0,0,0,0,0,0,0,0,0,0,0,0,0,0,0,4,0,39.958,-75.1407, , 
 ,63473,2012078581,6,67,67301,2012,7,2,1341,13,1,1,0,7,2, , ,N,0,0,0,3,0,1,1,1,N,N,40 03:29.050,75 12:00.230,1407, ,1354, ,0, ,N, ,0, , , , , ,703782, , , ,1,1,0,0,0,0,0,0,0,0,0,1,1,0,0,0,0,0,0,0,0,0,0,0,0,0,0,0,0,0,0,0,0,0,0,4,0,40.0581,-75.2001, , 
 ,63474,2012098333,6,67,67301,2012,9,3,9999,99,1,1,0,1,1, , ,N,0,0,0,3,0,1,5,3,N,N,40 01:47.485,75 05:11.688,440, ,432, ,0, , , ,0, , , , , ,703805, , , ,3,1,0,0,0,0,0,0,0,0,0,0,1,1,0,0,0,0,0,0,0,0,0,0,0,0,0,0,0,0,0,0,0,0,0,8,0,40.0299,-75.0866, , 
 ,63475,2012078454,6,67,67301,2012,7,2,1310,13,1,1,0,1,1, , ,N,0,0,0,3,0,2,5,2,N, ,40 00:06.535,75 07:48.956,1312, ,1310, ,0, , , ,0, , , , , ,703814, , , ,2,2,0,0,0,0,0,0,0,0,0,2,2,0,0,0,0,0,0,0,0,0,0,4,0,0,0,0,0,0,0,0,0,0,0,4,0,40.0018,-75.1303, , 
 ,63476,2012068134,6,67,67301,2012,7,1,1450,14,1,1,0,1,1, , ,N,0,0,0,3,0,1,4,2,N,N,39 57:35.010,75 10:35.853,1450, ,1450, ,0, ,N, ,0, , , , , ,703823, , , ,2,1,0,0,0,0,1,0,0,0,1,0,1,0,0,0,0,0,0,0,0,0,1,0,0,0,0,0,0,0,0,0,0,0,0,3,0,39.9597,-75.1766, , 
 ,63477,2012078628,6,67,67301,2012,7,1,225,2,3,1,0,4,1, , ,N,0,0,0,3,0,0,1,3,N, ,39 59:47.510,75 06:50.420,321, ,316, ,0, , , ,0, , , , , ,703836, , , ,3,3,0,0,0,0,0,0,0,0,0,0,0,0,1,0,0,0,0,0,0,0,0,0,0,0,0,0,0,0,0,0,0,0,0,9,0,39.9965,-75.114, , 
 ,63478,2012083651,6,67,67301,2012,8,5,810,8,1,1,0,1,1, , ,N,0,0,3,3,0,0,2,2,N,N,39 53:55.833,75 10:15.327,818, ,918,1,1,2,N, ,0,Y, , , , ,703839, , , ,2,0,0,0,0,0,2,0,0,0,0,0,0,0,0,0,0,0,0,0,0,0,0,0,0,0,0,0,0,0,0,0,0,0,0,0,0,39.8988,-75.1709, , 
 ,63479,2012095467,6,67,67301,2012,8,5,430,4,1,1,0,4,1, , ,N,0,2,0,3,0,0,2,2,N,N,40 02:26.170,75 03:32.335,1158, ,151,9,2,2,N, ,3,N, , , , ,703849, , , ,2,2,0,0,0,0,0,0,0,0,0,0,0,0,1,0,0,0,0,0,1,0,0,1,0,0,0,0,0,0,0,0,0,0,0,9,0,40.0406,-75.059, , 
 ,63480,2012078364,6,67,67301,2012,7,6,1957,19,1,1,0,8,1, , ,N,1,2,0,3,0,1,2,2,N,N,39 58:10.746,75 12:41.274,2000, ,2000, ,0, ,N, ,3, , , , , ,703872, , , ,1,1,0,0,0,0,0,0,0,0,0,0,1,1,0,0,0,0,0,0,1,0,0,0,0,0,0,0,0,0,0,0,1,0,0,8,0,39.9697,-75.2115, , 
 ,63481,2012081427,6,67,67301,2012,8,3,858,8,1,1,0,0,1, , ,N,0,0,0,3,0,1,1,1,N,N,39 55:54.232,75 11:59.459,858, ,858,4,2,3,Y, ,0,Y, , , , ,703878, , , ,1,0,0,0,0,1,0,0,0,0,0,0,1,1,0,0,0,0,0,0,1,0,0,0,0,0,0,0,0,0,0,0,0,0,0,8,1,39.9317,-75.1998, , 
 ,63482,2012084175,6,67,67301,2012,8,4,1455,14,1,1,0,8,1, , ,N,2,3,0,3,0,1,2,2,N,N,39 54:49.237,75 10:02.866,1522, ,1516, ,0, , , ,3, , , , , ,707886, , , ,1,1,0,0,0,0,0,0,0,0,0,1,1,0,0,0,0,0,0,0,0,0,0,0,0,0,0,0,0,0,0,0,1,0,0,4,0,39.9137,-75.1675, , 
 ,63483,2012098658,6,67,67301,2012,9,6,1411,14,1,1,0,1,1, , ,N,0,0,0,3,0,0,3,2,N,N,39 59:40.382,75 11:55.057,1420, ,1415, ,0, ,N, ,0, , , , , ,707900, , , ,2,1,0,0,1,0,0,0,0,0,0,0,0,0,0,0,0,0,0,0,0,0,1,0,0,0,0,0,0,0,0,0,0,0,0,0,0,39.9946,-75.1986, , 
 ,63484,2012056547,6,67,67301,2012,5,6,2130,21,3,1,0,4,1, , ,N,0,0,0,3,0,1,4,2,N, ,40 00:55.728,75 05:28.600,2144, ,2144, ,0, , , ,0, , , , , ,707908, , , ,2,0,0,0,1,0,0,1,0,0,0,0,1,1,0,0,0,0,0,0,0,0,0,0,0,0,0,0,0,0,0,0,0,0,0,8,0,40.0155,-75.0913, , 
 ,63485,2012058152,6,67,67301,2012,4,4,829,8,1,1,0,1,1, , ,N,0,0,0,3,0,2,3,3,N,N,39 56:25.047,75 11:44.421,841, ,831,1,2,4,N, ,0,N, , , , ,707909, , , ,3,2,0,0,0,0,0,1,0,0,0,2,2,0,0,0,0,0,0,0,0,0,0,0,0,0,0,0,0,0,0,0,0,0,0,4,0,39.9394,-75.1965, , 
 ,63486,2012041525,6,67,67301,2012,4,4,131,1,3,1,0,7,5, , ,N,1,2,0,3,0,1,1,2,N,N,40 01:58.191,75 08:20.363,131, ,131, ,0, ,N, ,3, , , , , ,707934, , , ,2,0,0,0,0,0,1,1,0,0,0,0,1,1,0,0,0,0,0,0,0,0,0,0,0,0,0,0,0,0,0,0,0,0,0,8,0,40.0328,-75.139, , 
 ,63487,2012042105,6,67,67301,2012,3,4,1630,16,1,1,0,0,1, , ,N,1,0,0,3,0,1,1,1,N,N,39 55:21.357,75 11:06.864,1642, ,1630, ,0, ,N, ,0, , , , , ,707935, , , ,1,0,1,0,0,0,0,0,0,0,0,1,1,0,0,0,0,0,0,0,0,1,0,0,0,0,0,0,0,0,0,0,0,0,0,4,0,39.9226,-75.1852, , 
 ,63488,2012037695,6,67,67301,2012,2,1,1510,15,1,1,0,4,1, , ,N,1,2,0,3,0,1,3,2,N,N,39 57:28.354,75 09:50.944,1700, ,1610, ,0, ,N, ,3, , , , , ,707986, , , ,2,2,0,0,0,0,0,0,0,0,0,0,1,1,1,0,0,0,0,0,1,0,0,0,0,0,0,0,0,0,0,0,0,0,0,8,0,39.9579,-75.1641, , 
 ,63489,2012041671,6,67,67301,2012,3,2,1217,12,1,1,0,4,1, , ,N,1,3,0,3,0,1,2,3,N,N,39 57:15.325,75 13:55.808,1227, ,1217,9,2,7,N, ,3,N, , , , ,707988, , , ,3,1,0,0,0,0,1,1,0,1,0,0,1,0,0,0,0,0,1,0,0,0,0,0,0,0,0,0,0,0,0,0,0,0,0,2,0,39.9543,-75.2322, , 
 ,63490,2012047248,6,67,67301,2012,4,6,2245,22,3,1,0,4,1, , ,N,1,3,0,3,0,2,4,2,N,N,39 57:29.433,75 13:44.921,1240, ,1238, ,0, ,N, ,3, , , , , ,707996, , , ,2,2,0,0,0,0,0,0,0,0,0,0,2,2,1,0,0,0,1,0,0,0,0,2,0,0,0,0,0,0,0,0,0,0,0,8,0,39.9582,-75.2291, , 
 ,63491,2012064027,6,67,67301,2012,5,2,1908,19,1,1,0,7,4, , ,N,0,0,0,3,1,0,1,1,N,N,40 01:14.122,75 08:31.854,1911, ,1908,3,2,4,N,0,0,Y, , , , ,708010, , , ,1,1,0,0,0,0,0,0,0,0,0,0,0,0,0,0,0,0,0,0,0,0,0,0,0,0,0,0,0,0,0,0,0,0,0,1,0,40.0206,-75.1422,2, 
 ,63492,2012080761,6,67,67301,2012,7,4,815,8,1,1,0,4,1, , ,N,1,2,0,3,0,1,2,2,N,N,39 56:51.042,75 08:58.320,828, ,820, ,0, ,N, ,3, , , , , ,708057, , , ,1,1,0,0,0,0,0,0,1,0,0,0,1,1,0,0,0,0,0,0,0,1,0,0,0,0,0,0,0,0,0,0,0,0,0,8,0,39.9475,-75.1495, , 
 ,63493,2012080768,6,67,67301,2012,7,4,830,8,1,1,0,8,1, , ,N,1,0,0,3,0,1,2,2,N, ,39 57:03.319,75 13:50.365,1345, ,1345, ,0, , , ,0, , , , , ,708058, , , ,1,1,0,0,0,0,0,0,0,0,0,0,1,1,1,0,0,0,0,0,0,0,0,0,0,0,0,0,0,0,0,0,1,0,0,8,0,39.9509,-75.2307, , 
 ,63494,2012068727,6,67,67301,2012,5,3,1440,14,1,1,0,4,1, , ,N,1,2,2,3,0,1,2,2,N,N,39 53:56.561,75 10:29.489,1440, ,1440,1,1,1,N, ,3,N, , , , ,708060, , , ,2,1,0,0,1,0,0,0,0,0,0,1,1,0,0,0,0,0,0,1,0,0,0,0,0,0,0,0,0,0,0,0,0,0,0,4,0,39.899,-75.1749, , 
 ,63495,2012078448,6,67,67301,2012,6,6,1031,10,1,1,0,1,6, , ,N,0,0,0,3,0,2,2,2,N,N,40 03:06.724,75 07:20.506,1049, ,1048, ,0, ,N, ,0, , , , , ,708065, , , ,2,0,0,0,0,0,2,0,0,0,0,2,2,0,0,0,0,0,0,0,1,0,0,0,0,0,0,0,0,0,0,0,0,0,0,4,0,40.0519,-75.1224, , 
 ,63496,2012085910,6,67,67301,2012,8,1,930,9,2,1,0,7,9, , ,N,0,0,7,3,0,1,1,1,N, ,40 02:01.330,75 01:37.167,1118, ,1115, ,0, , , ,0, , , , , ,708071, , , ,1,1,0,0,0,0,0,0,0,0,1,0,1,0,0,0,0,0,0,0,1,0,0,0,0,0,0,0,0,0,0,0,0,0,0,3,0,40.0337,-75.027, , 
 ,63497,2012095574,6,67,67301,2012,8,4,1400,14,1,1,0,8,1, , ,N,2,0,0,3,0,1,2,2,N, ,40 03:15.908,75 10:51.074,1704, ,1701, ,0, , , ,0, , , , , ,708076, , , ,1,1,0,0,0,0,0,0,0,0,0,0,1,1,0,0,0,0,0,0,0,0,0,0,0,0,0,0,0,0,0,0,1,0,0,8,0,40.0544,-75.1809, , 
 ,63498,2012109634,6,67,67301,2012,10,5,2012,20,3,1,0,4,1, , ,N,1,2,0,3,0,0,2,2,N,N,39 57:26.251,75 14:52.347,2017, ,2015,1,1,4,N, ,3,N, , , , ,708091, , , ,2,2,0,0,0,0,0,0,0,0,0,0,0,0,0,0,0,0,0,0,0,0,0,0,0,0,0,0,0,0,0,0,0,0,0,0,0,39.9573,-75.2479, , 
 ,63499,2012111713,6,67,67301,2012,10,3,730,7,1,2,1,4,1, , ,N,1,3,0,3,0,0,2,2,N, ,40 02:51.086,75 03:52.318,735, ,732,1,1,2, , ,3,Y, , , , ,708093, , , ,2,2,0,0,0,0,0,0,0,0,0,0,0,0,2,0,0,1,1,0,0,0,0,0,0,0,0,0,0,0,0,0,0,0,0,9,0,40.0475,-75.0645, , 
 ,63500,2012098944,6,67,67301,2012,9,4,2003,20,3,1,0,1,1, , ,N,1,0,0,3,0,1,2,2,N, ,39 55:20.769,75 09:16.770,2013, ,2008, ,0, , , ,0, , , , , ,697382, , , ,2,0,0,0,0,0,1,0,1,0,0,0,1,1,0,1,0,0,0,0,0,0,0,0,0,0,0,0,0,0,0,0,0,0,0,8,0,39.9224,-75.1547, , 
 ,63501,2012103975,6,67,67301,2012,9,1,1310,13,1,1,0,2,1, , ,N,2,0,0,3,0,2,2,2,N,N,40 04:26.723,75 10:40.881,1345, ,1337, ,0, ,N, ,0, , , , , ,697388, , , ,2,0,0,0,0,1,1,0,0,0,0,2,2,0,0,0,0,0,0,0,0,0,0,0,0,0,0,0,0,0,0,0,0,0,0,4,1,40.0741,-75.178, , 
 ,63502,2012056541,6,67,67301,2012,5,3,1310,13,1,1,0,8,1, , ,N,1,3,0,3,0,1,2,2,N,N,39 55:42.808,75 09:13.359,1320, ,1317, ,0, , , ,3, , , , , ,697409, , , ,1,1,0,0,0,0,0,0,0,0,0,1,1,0,0,0,0,0,0,0,0,0,0,0,0,0,0,0,0,0,0,0,1,0,0,4,0,39.9286,-75.1537, , 
 ,63503,2012066453,6,67,67301,2012,5,5,9999,99,1,1,0,1,1, , ,N,1,2,0,3,0,3,5,2,Y,Y,39 58:23.647,75 12:44.071,1730, ,1700, ,0, ,N, ,3, , , , , ,697412, , , ,2,0,0,1,0,0,1,0,0,0,0,3,3,0,0,0,0,0,0,0,1,0,0,0,0,0,0,0,0,0,0,0,0,0,0,4,1,39.9732,-75.2121, , 
 ,63504,2012066620,6,67,67301,2012,5,5,820,8,1,1,0,8,1, , ,N,1,3,0,3,0,1,2,2,N,N,39 57:16.282,75 13:47.657,830, ,830, ,0, , , ,3, , , , , ,697413, , , ,1,1,0,0,0,0,0,0,0,0,0,1,1,0,0,0,0,0,0,0,0,1,0,0,0,0,0,0,0,0,0,0,1,0,0,4,0,39.9545,-75.2299, , 
 ,63505,2012073588,6,67,67301,2012,6,4,2124,21,3,1,0,7,2, , ,N,2,3,0,3,0,8,8,2,N, ,39 54:59.770,75 14:45.221,2132, ,2127, ,0, , , ,3, , , , , ,697420, , , ,1,0,0,0,0,0,1,0,0,0,0,8,8,0,0,0,0,0,0,0,0,0,0,0,0,0,0,0,0,0,0,0,0,0,0,4,0,39.9166,-75.2458, , 
 ,63506,2012076023,6,67,67301,2012,6,4,122,1,3,1,0,6,6, , ,N,0,0,0,3,0,0,6,2,N,N,40 02:58.421,75 08:32.387,147, ,145, ,0, ,N, ,0, , , , , ,697421, , , ,2,0,0,0,1,0,0,1,0,0,0,0,0,0,0,0,0,0,0,0,1,0,0,0,0,0,0,0,0,0,0,0,0,0,0,0,0,40.0496,-75.1423, , 
 ,63507,2012084151,6,67,67301,2012,7,5,1355,13,1,1,0,1,1, , ,N,1,2,0,3,0,0,3,3,N,N,39 57:24.575,75 11:58.643,1405, ,1358, ,0, ,N, ,3, , , , , ,697430, , , ,3,2,0,0,0,0,0,1,0,0,0,0,0,0,0,0,0,0,1,0,2,0,0,0,0,0,0,0,0,0,0,0,0,0,0,0,0,39.9568,-75.1995, , 
 ,63508,2012078227,6,67,67301,2012,6,6,2300,23,2,2,1,1,1, , ,N,0,0,0,3,0,0,1,2,N,N,39 59:33.550,75 05:49.444,1035, ,1026, ,0, , , ,0, , , , , ,697461, , , ,2,0,0,0,1,0,1,0,0,0,0,0,0,0,0,0,0,0,0,0,0,1,0,0,0,0,0,0,0,0,0,0,0,0,0,0,0,39.9927,-75.0971, , 
 ,63509,2012098312,6,67,67301,2012,8,6,506,5,5,1,0,4,1, , ,N,1,0,0,3,0,0,1,3,N, ,40 00:24.570,75 06:27.863,515, ,506, ,0, , , ,0, , , , , ,697484, , , ,3,3,0,0,0,0,0,0,0,0,0,0,0,0,0,0,0,1,0,0,0,0,0,0,0,0,0,0,0,0,0,0,0,0,0,0,0,40.0068,-75.1077, , 
 ,63510,2012066503,6,67,67301,2012,6,7,1636,16,1,1,0,7,5, , ,N,0,0,0,3,0,1,2,1,N,N,39 55:51.330,75 09:34.660,1641, ,1638, ,0, ,N, ,0, , , , , ,697500, , , ,1,1,0,0,0,0,0,0,0,0,0,1,1,0,0,0,0,0,0,0,0,0,0,2,0,0,0,0,0,0,0,0,0,0,0,4,0,39.9309,-75.1596, , 
 ,63511,2012068136,6,67,67301,2012,7,5,113,1,3,1,1,7,3, , ,N,0,0,0,3,0,0,1,1,N,N,39 56:44.561,75 11:24.524,121, ,116,1,1,3,N, ,0,N, , , , ,697503, , , ,1,1,0,0,0,0,0,0,0,0,0,0,0,0,0,0,0,0,0,0,0,0,0,1,0,0,0,0,0,0,0,0,0,0,0,0,0,39.9457,-75.1901, , 
 ,63512,2012109844,6,67,67301,2012,10,5,1056,10,1,1,0,1,1, , ,N,0,2,0,3,0,1,3,2,N, ,40 04:13.657,75 04:42.133,1106, ,1102, ,0, , , ,3, , , , , ,697536, , , ,2,2,0,0,0,0,0,0,0,0,0,0,1,1,0,0,0,0,0,0,0,0,0,0,0,0,0,0,0,0,0,0,0,0,0,8,0,40.0705,-75.0784, , 
 ,63513,2012111617,6,67,67301,2012,10,4,2005,20,3,1,0,2,1, , ,N,1,2,0,3,0,1,6,3,N,N,40 01:53.934,75 12:27.524,2009, ,2007,1,1,2,N, ,3,Y, , , , ,697538, , , ,3,2,0,0,1,0,0,0,0,0,0,0,1,1,0,0,0,0,0,0,0,1,0,0,0,0,0,0,0,0,0,0,0,0,0,8,0,40.0316,-75.2076, , 
 ,63514,2012115570,6,46,46102,2012,11,6,1848,18,3,1,0,7,5, , ,N,0,2,0,3,0,0,1,3,N,N,40 03:17.640,75 07:30.940,1903, ,1854, ,0, ,N, ,3, , , , , ,697542, , , ,2,1,0,0,0,0,1,0,0,0,0,0,0,0,0,0,0,0,0,0,1,0,0,0,0,0,0,0,0,0,0,0,0,0,0,0,0,40.0549,-75.1253, , 
 ,63515,2013006770,6,67,67301,2012,12,5,1730,17,3,1,0,1,1, , ,N,1,2,0,3,0,0,3,2,N,N,39 58:17.205,75 09:33.736,1738, ,1734, ,0, ,N, ,3, , , , , ,697592, , , ,2,2,0,0,0,0,0,0,0,0,0,0,0,0,0,0,0,0,0,0,0,0,0,0,0,0,0,0,0,0,0,0,0,0,0,0,0,39.9714,-75.1594, , 