wz_ln_closure,objectid_1,crn,district,county,municipality,crash_year,crash_month,day_of_week,time_of_day,hour_of_day,illumination,weather,road_condition,collision_type,relation_to_road,work_zone_type,work_zone_loc,work_zone_ind,intersect_type,tcd_type,location_type,urban_rural,fatal_count,injury_count,person_count,total_units,sch_bus_ind,sch_zone_ind,latitude,longitude,arrival_tm,cons_zone_spd_lim,dispatch_tm,est_hrs_closed,lane_closed,ln_close_dir,ntfy_hiwy_maint,spec_juris_cd,tcd_func_cd,tfc_detour_ind,workers_pres,wz_close_detour,wz_flagger,wz_law_offcr_ind,objectid,wz_moving,wz_other,wz_shlder_mdn,vehicle_count,automobile_count,motorcycle_count,bus_count,small_truck_count,heavy_truck_count,suv_count,van_count,bicycle_count,maj_inj_count,mod_inj_count,min_inj_count,tot_inj_count,unk_inj_deg_count,unk_inj_per_count,driver_count_16yr,driver_count_17yr,driver_count_18yr,driver_count_19yr,driver_count_20yr,driver_count_50_64yr,driver_count_65_74yr,driver_count_75plus,unbelted_occ_count,unb_death_count,unb_maj_inj_count,belted_death_count,belted_maj_inj_count,mcycle_death_count,mcycle_maj_inj_count,bicycle_death_count,bicycle_maj_inj_count,ped_count,ped_death_count,ped_maj_inj_count,max_severity_level,comm_veh_count,dec_lat,dec_long,rdwy_surf_type_cd,county_name
 ,63516,2012066608,6,67,67301,2012,5,1,1835,18,1,1,0,4,1, , ,N,0,2,7,3,0,1,4,2,N, ,40 02:08.910,75 13:00.993,1837, ,1836,1,1,3,N, ,3,N, , , , ,697602, , , ,2,1,0,0,1,0,0,0,0,0,0,0,1,1,0,0,0,0,0,0,0,1,0,4,0,0,0,0,0,0,0,0,0,0,0,8,0,40.0358,-75.2169, , 
 ,63517,2012083257,6,67,67301,2012,8,2,226,2,3,1,0,2,1, , ,N,0,0,0,3,0,0,1,3,N,N,39 54:51.138,75 09:53.578,240, ,240, ,0, , , ,0, , , , , ,697614, , , ,3,2,0,0,0,0,1,0,0,0,0,0,0,0,1,0,0,0,0,0,0,0,0,0,0,0,0,0,0,0,0,0,0,0,0,9,0,39.9142,-75.1649, , 
 ,63518,2012095579,6,67,67301,2012,8,7,250,2,3,2,1,7,2, , ,N,0,0,0,3,0,2,2,1,N,N,40 02:53.891,75 01:54.160,255, ,251, ,0, ,N, ,0, , , , , ,697619, , , ,1,1,0,0,0,0,0,0,0,0,0,2,2,0,0,0,0,0,0,0,0,0,0,0,0,0,0,0,0,0,0,0,0,0,0,4,0,40.0483,-75.0317, , 
 ,63519,2012098456,6,67,67301,2012,9,3,1700,17,1,2,1,4,1, , ,N,1,3,0,3,0,1,2,2,N,N,39 58:01.462,75 14:37.589,1720, ,1720, ,0, ,N, ,3, , , , , ,700663, , , ,2,1,0,0,0,0,0,1,0,0,0,0,0,0,1,0,0,0,0,0,1,0,0,0,0,0,0,0,0,0,0,0,0,0,0,9,0,39.9671,-75.2438, , 
 ,63520,2012104289,6,67,67301,2012,9,7,2012,20,2,2,1,8,1, , ,N,1,2,0,3,0,1,1,2,N,N,39 55:56.906,75 13:28.606,2015, ,2013, ,0, ,N, ,3, , , , , ,700670, , , ,1,1,0,0,0,0,0,0,0,0,0,1,1,0,0,0,0,0,0,0,0,0,0,0,0,0,0,0,0,0,0,0,1,0,0,4,0,39.9325,-75.2246, , 
 ,63521,2012066425,6,67,67301,2012,5,3,1211,12,1,1,0,8,1, , ,N,1,2,0,3,0,1,2,2,N,N,39 57:45.461,75 14:48.589,1300, ,1254, ,0, ,N, ,3, , , , , ,700680, , , ,1,1,0,0,0,0,0,0,0,0,0,1,1,0,0,0,0,0,0,0,0,0,0,0,0,0,0,0,0,0,0,0,1,0,0,4,0,39.9626,-75.247, , 
 ,63522,2012078446,6,67,67301,2012,6,5,850,8,1,1,0,8,1, , ,N,1,0,0,3,0,1,2,2,N,N,40 02:20.907,75 08:21.109,915, ,908, ,0, , , ,0, , , , , ,700689, , , ,1,0,0,0,0,0,0,0,0,0,0,1,1,0,1,0,0,0,0,0,0,0,0,0,0,0,0,0,0,0,0,0,1,0,0,4,0,40.0391,-75.1392, , 
 ,63523,2012080656,6,67,67301,2012,8,6,1125,11,1,2,1,7,2, , ,N,0,0,0,3,0,1,2,1,N,N,39 53:30.253,75 11:54.286,1125, ,1125,1,2,1,N, ,0,N, , , , ,700692, , , ,1,1,0,0,0,0,0,0,0,1,0,0,1,0,0,0,0,0,0,0,1,0,0,2,0,1,0,0,0,0,0,0,0,0,0,2,0,39.8917,-75.1984, , 
 ,63524,2012102832,6,67,67301,2012,10,3,701,7,1,2,1,1,1, , ,N,0,0,0,3,0,0,6,5,N,N,39 56:41.359,75 11:28.562,713, ,704,2,2,3,N, ,0,N, , , , ,700720, , , ,5,5,0,0,0,0,0,0,0,0,0,0,0,0,0,0,0,0,0,0,1,0,0,0,0,0,0,0,0,0,0,0,0,0,0,0,0,39.9448,-75.1913, , 
 ,63525,2012087939,6,67,67301,2012,8,5,1800,18,1,1,0,7,2, , ,N,0,0,0,3,0,0,1,1,N,N,39 59:19.189,75 05:17.289,1820, ,1808,1,1,1,Y, ,0,N, , , , ,700746, , , ,1,1,0,0,0,0,0,0,0,0,0,0,0,0,0,0,0,0,0,0,0,0,0,0,0,0,0,0,0,0,0,0,0,0,0,0,0,39.9886,-75.0882, , 
 ,63526,2012102838,6,67,67301,2012,10,5,958,9,1,1,0,7,3, , ,N,0,0,0,3,0,1,1,1,N,N,39 59:01.824,75 05:48.536,1007, ,1002,1,2,1,N, ,0,N, , , , ,700762, , , ,1,1,0,0,0,0,0,0,0,0,0,1,1,0,0,0,0,0,0,1,0,0,0,0,0,0,0,0,0,0,0,0,0,0,0,4,0,39.9838,-75.0969, , 
 ,63527,2012056517,6,67,67301,2012,4,7,810,8,1,1,0,4,1, , ,N,1,2,0,3,0,1,5,3,N, ,39 59:08.827,75 12:56.173,830, ,822, ,0, , , ,3, , , , , ,700772, , , ,3,1,0,0,0,0,2,0,0,0,1,0,1,0,1,0,0,0,0,0,0,0,1,0,0,0,0,0,0,0,0,0,0,0,0,3,0,39.9858,-75.2156, , 
 ,63528,2012066463,6,67,67301,2012,5,5,1414,14,1,2,1,7,2, , ,N,2,0,0,3,0,1,1,1,N,N,39 55:46.069,75 14:35.336,1515, ,1509, ,0, , , ,0, , , , , ,700779, , , ,1,1,0,0,0,0,0,0,0,0,0,1,1,0,0,0,0,0,0,0,0,0,0,0,0,0,0,0,0,0,0,0,0,0,0,4,0,39.9295,-75.2431, , 
 ,63529,2012067737,6,67,67301,2012,6,5,303,3,3,1,0,5,1, , ,N,0,0,0,3,0,0,6,2,N,N,40 00:59.821,75 03:02.825,310, ,305, ,0, ,N, ,0, , , , , ,700781, , , ,2,1,0,0,0,0,0,1,0,0,0,0,0,0,0,0,0,0,0,0,1,0,0,0,0,0,0,0,0,0,0,0,0,0,0,0,0,40.0166,-75.0509, , 
 ,63530,2012078367,6,67,67301,2012,7,1,1100,11,1,1,0,4,1, , ,N,1,3,0,3,0,0,7,2,N,N,40 02:56.832,75 05:04.214,1230, ,1219, ,0, , , ,3, , , , , ,700789, , , ,2,0,0,0,1,0,0,1,0,0,0,0,0,0,0,0,0,0,0,0,1,0,0,0,0,0,0,0,0,0,0,0,0,0,0,0,0,40.0491,-75.0845, , 
 ,63531,2012083338,6,67,67301,2012,7,5,2010,20,1,1,0,4,1, , ,N,1,3,0,3,0,1,2,2,N,N,39 58:01.462,75 14:37.589,2013, ,2010, ,0, ,N, ,3, , , , , ,700791, , , ,1,1,0,0,0,0,0,0,1,1,0,0,1,0,0,0,0,0,0,0,0,0,0,0,0,0,0,0,0,0,0,1,0,0,0,2,0,39.9671,-75.2438, , 
 ,63532,2012103964,6,67,67301,2012,9,3,1035,10,1,2,1,1,1, , ,N,0,0,0,3,0,1,2,2,N,N,40 04:31.372,75 12:19.286,1048, ,1044,1,1,1,N, ,0,N, , , , ,700811, , , ,2,2,0,0,0,0,0,0,0,0,0,0,1,1,0,0,0,0,0,0,0,0,1,0,0,0,0,0,0,0,0,0,0,0,0,8,0,40.0754,-75.2054, , 
 ,63533,2012068856,6,67,67301,2012,5,5,1721,17,1,1,0,1,1, , ,N,0,0,0,3,0,4,5,2,N,N,40 06:18.762,75 01:58.418,1721, ,1721, ,0, ,N, ,0, , , , , ,700820, , , ,2,2,0,0,0,0,0,0,0,0,0,1,4,3,0,0,0,0,0,0,1,0,0,3,0,0,0,0,0,0,0,0,0,0,0,4,0,40.1052,-75.0329, , 
 ,63534,2012078528,6,67,67301,2012,7,4,1820,18,1,1,0,7,5, , ,N,0,0,0,3,0,1,1,1,N,N,39 59:45.188,75 10:10.681,1822, ,1821, ,0, ,N, ,0, , , , , ,700826, , , ,1,1,0,0,0,0,0,0,0,0,0,0,1,1,0,0,0,0,0,0,0,1,0,0,0,0,0,0,0,0,0,0,0,0,0,8,0,39.9959,-75.1696, , 
 ,63535,2012095448,6,67,67301,2012,8,6,1252,12,1,1,0,9,1, , ,N,1,2,0,3,0,1,2,2,N,N,40 02:51.396,75 03:35.506,1400, ,1352, ,0, , , ,3, , , , , ,700844, , , ,2,1,0,0,0,0,0,1,0,0,0,1,1,0,0,0,0,0,0,0,0,0,0,0,0,0,0,0,0,0,0,0,0,0,0,4,0,40.0477,-75.06, , 
 ,63536,2012098250,6,67,67301,2012,9,7,700,7,3,2,1,1,1, , ,N,1,2,0,3,0,0,3,2,N, ,40 03:17.806,75 03:14.481,707, ,702, ,0, , , ,3, , , , , ,700848, , , ,2,2,0,0,0,0,0,0,0,0,0,0,1,1,0,0,0,0,0,0,0,0,0,0,0,0,0,0,0,0,0,0,0,0,0,8,0,40.0549,-75.0539, , 
 ,63537,2012085840,6,67,67301,2012,7,7,1315,13,1,1,0,1,1, , ,N,0,0,0,3,0,1,5,6,N,N,40 01:33.787,75 07:58.013,1405, ,1400,2,2,5,N, ,0,Y, , , , ,703883, , , ,6,4,0,0,0,0,2,0,0,0,0,1,1,0,0,0,0,0,0,0,0,0,0,5,0,0,0,0,0,0,0,0,0,0,0,4,0,40.0261,-75.1328, , 
 ,63538,2012111809,6,67,67301,2012,6,3,812,8,1,1,0,1,1, , ,N,1,2,0,3,0,2,2,3,N,N,39 59:19.892,75 07:38.391,815, ,814,1,1,2, , ,3,N, , , , ,703902, , , ,1,0,0,0,0,0,0,1,0,0,0,0,2,2,0,0,0,0,0,0,0,0,0,0,0,0,0,0,0,0,0,0,0,0,0,8,0,39.9889,-75.1273, , 
Y,63539,2012091470,6,67,67301,2012,9,3,2037,20,3,1,0,1,1,1,4,Y,0,8,3,3,0,2,2,2,N,N,39 53:53.293,75 11:02.377,2041,55,2038,3,1,2,N, ,3,N,N,N,N,N,703927,N,N,N,2,0,0,0,1,1,0,0,0,0,1,1,2,0,0,0,0,0,0,0,0,0,0,0,0,0,0,0,0,0,0,0,0,0,0,3,1,39.8981,-75.184, , 
 ,63540,2012095617,6,67,67301,2012,8,1,2139,21,3,1,0,9,1, , ,N,1,2,0,3,0,0,3,2,N,N,40 02:39.450,75 03:14.767,2143, ,2141,1,1,4,N, ,3,N, , , , ,703933, , , ,2,2,0,0,0,0,0,0,0,0,0,0,0,0,0,0,0,0,0,0,0,0,0,0,0,0,0,0,0,0,0,0,0,0,0,0,0,40.0443,-75.0541, , 
 ,63541,2012109046,6,67,67301,2012,10,1,44,0,3,1,0,5,1, , ,N,0,0,0,3,0,0,6,2,N,N,40 01:51.084,75 01:18.532,50, ,47,2,2,2,N, ,0,Y, , , , ,703946, , , ,2,2,0,0,0,0,0,0,0,0,0,0,0,0,0,0,0,0,0,1,0,0,0,0,0,0,0,0,0,0,0,0,0,0,0,0,0,40.0309,-75.0218, , 
 ,63542,2012111669,6,67,67301,2012,10,3,1608,16,1,1,0,8,1, , ,N,1,2,0,3,0,1,2,2,N,N,39 57:07.241,75 13:35.517,1635, ,1635, ,0, ,N, ,3, , , , , ,703949, , , ,1,1,0,0,0,0,0,0,0,0,0,1,1,0,0,0,0,0,0,0,1,0,0,0,0,0,0,0,0,0,0,0,1,0,0,4,0,39.952,-75.2265, , 
 ,63543,2012063852,6,67,67301,2012,5,5,1934,19,1,1,0,4,1, , ,N,1,2,0,3,0,1,2,2,N,N,39 56:58.377,75 12:33.311,1934, ,1934,1,2,7, , ,3,Y, , , , ,703962, , , ,2,1,1,0,0,0,0,0,0,0,0,1,1,0,0,0,0,0,0,0,0,0,0,0,0,0,0,0,0,0,0,0,0,0,0,4,0,39.9495,-75.2093, , 
 ,63544,2012069337,6,67,67301,2012,5,7,1722,17,1,1,0,2,6, , ,N,0,0,0,3,0,1,1,5,N,N,40 02:07.660,75 02:09.340,1733, ,1728,3,2,4,N, ,0,Y, , , , ,703967, , , ,5,4,0,0,1,0,0,0,0,0,0,1,1,0,0,0,0,0,0,0,0,0,0,0,0,0,0,0,0,0,0,0,0,0,0,4,0,40.0355,-75.0359, , 
 ,63545,2012086637,6,67,67301,2012,8,5,2130,21,3,1,0,4,1, , ,N,1,3,0,3,0,1,6,2,N,N,39 59:51.540,75 06:26.938,2132, ,2132, ,0, ,N, ,3, , , , , ,703984, , , ,2,1,0,0,1,0,0,0,0,0,0,1,1,0,0,0,0,0,1,0,0,0,0,0,0,0,0,0,0,0,0,0,0,0,0,4,0,39.9977,-75.1075, , 
 ,63546,2012098189,6,67,67301,2012,8,6,1925,19,3,1,0,4,1, , ,N,1,2,0,3,0,3,3,2,N,N,40 05:04.128,74 58:25.148,1935, ,1931, ,0, ,N, ,3, , , , , ,703997, , , ,2,1,0,0,0,0,1,0,0,0,3,0,3,0,0,1,0,0,0,0,0,0,0,0,0,0,0,0,0,0,0,0,0,0,0,3,0,40.0845,-74.9737, , 
 ,63547,2012098229,6,67,67301,2012,9,7,1855,18,3,2,1,1,1, , ,N,2,2,0,3,0,1,3,2,N, ,40 04:39.117,75 02:37.534,1859, ,1857, ,0, , , ,3, , , , , ,703998, , , ,2,2,0,0,0,0,0,0,0,0,0,1,1,0,0,0,0,0,0,0,0,0,0,0,0,0,0,0,0,0,0,0,0,0,0,4,0,40.0775,-75.0438, , 
 ,63548,2012098975,6,67,67301,2012,9,7,1033,10,1,1,0,4,6, , ,N,2,0,0,3,0,0,4,3,N, ,40 03:48.186,75 09:09.266,1040, ,1034, ,0, , , ,0, , , , , ,703999, , , ,3,3,0,0,0,0,0,0,0,0,0,0,0,0,0,0,0,0,0,0,0,0,0,0,0,0,0,0,0,0,0,0,0,0,0,0,0,40.0634,-75.1526, , 
 ,63549,2012104125,6,67,67301,2012,9,4,1040,10,1,1,0,3,1, , ,N,0,0,0,3,0,1,2,2,N, ,39 58:17.287,75 10:39.897,1046, ,1043, ,0, ,N, ,0, , , , , ,704002, , , ,2,2,0,0,0,0,0,0,0,0,0,0,2,2,0,0,0,0,0,0,0,1,0,0,0,0,0,0,0,0,0,0,0,0,0,8,0,39.9715,-75.1777, , 
 ,63550,2012066666,6,67,67301,2012,6,6,9999,99,3,1,0,5,1, , ,N,0,0,0,3,0,0,1,5,N,N,39 55:26.291,75 10:34.215,9999, ,248,9,2,4, , ,0,N, , , , ,704003, , , ,5,3,0,0,2,0,0,0,0,0,0,0,0,0,0,0,0,0,0,0,0,0,0,0,0,0,0,0,0,0,0,0,0,0,0,0,0,39.924,-75.1762, , 
 ,63551,2012068791,6,67,67301,2012,5,5,1200,12,1,1,0,5,1, , ,N,0,0,0,3,0,1,3,2,N,N,39 55:58.502,75 10:03.963,1220, ,1202, ,0, ,N, ,0, , , , , ,704005, , , ,1,1,0,0,0,0,0,0,1,0,0,1,1,0,0,0,0,0,0,0,0,0,0,0,0,0,0,0,0,0,0,0,0,0,0,4,0,39.933,-75.1678, , 
 ,63552,2012072773,6,67,67301,2012,7,6,1247,12,1,1,0,5,1, , ,N,0,0,0,3,0,1,2,2,N,N,39 58:49.552,75 06:15.561,1255, ,1249,1,1,1,N, ,0,N, , , , ,704008, , , ,2,1,0,0,1,0,0,0,0,0,0,1,1,0,0,0,0,0,0,0,0,0,0,1,0,0,0,0,0,0,0,0,0,0,0,4,0,39.9804,-75.1045, , 
 ,63553,2012068765,6,67,67301,2012,5,3,2120,21,3,2,1,1,1, , ,N,2,2,0,3,0,1,2,2,N,N,40 06:14.894,75 00:08.154,2129, ,2124, ,0, ,N, ,3, , , , , ,704013, , , ,2,0,0,0,2,0,0,0,0,0,1,0,1,0,0,0,0,0,0,0,0,0,0,0,0,0,0,0,0,0,0,0,0,0,0,3,0,40.1041,-75.0023, , 
 ,63554,2012068837,6,67,67301,2012,5,3,1834,18,1,1,0,1,1, , ,N,0,0,0,3,0,1,4,3,N, ,40 00:59.698,75 08:48.457,1845, ,1835, ,0, , , ,0, , , , , ,704014, , , ,3,0,0,0,0,1,2,0,0,0,0,1,1,0,0,0,0,0,0,0,1,0,0,0,0,0,0,0,0,0,0,0,0,0,0,4,0,40.0166,-75.1468, , 
 ,63555,2012083082,6,67,67301,2012,5,6,2100,21,6,1,0,4,1, , ,N,0,2,0,3,0,2,3,2,N,N,40 01:44.379,75 13:48.592,0, ,0, ,0, ,N, ,3, , , , , ,705899, , , ,2,2,0,0,0,0,0,0,0,0,0,2,2,0,0,0,0,0,0,0,0,0,0,0,0,0,0,0,0,0,0,0,0,0,0,4,0,40.029,-75.2302, , 
 ,63556,2012083395,6,67,67301,2012,8,4,1139,11,1,1,0,8,1, , ,N,2,0,0,3,0,1,2,2,N,N,39 57:19.007,75 11:13.487,1141, ,1141, ,0, ,N, ,0, , , , , ,705900, , , ,1,0,0,1,0,0,0,0,0,0,0,0,1,1,0,0,0,0,0,0,0,0,0,0,0,0,0,0,0,0,0,0,1,0,0,8,1,39.9553,-75.1871, , 
 ,63557,2012109049,6,67,67301,2012,10,6,1657,16,1,1,0,1,1, , ,N,0,0,0,3,0,1,3,3,N,N,39 59:47.109,75 04:57.874,1715, ,1700, ,0, ,N, ,0, , , , , ,705917, , , ,3,3,0,0,0,0,0,0,0,0,0,1,1,0,0,0,0,0,0,1,0,0,0,0,0,0,0,0,0,0,0,0,0,0,0,4,0,39.9964,-75.0827, , 
 ,63558,2012122503,6,67,67301,2012,11,3,1225,12,1,1,0,8,1, , ,N,1,2,0,3,0,1,1,2,N,N,40 03:17.448,75 10:08.247,1335, ,1330, ,0, ,N, ,3, , , , , ,705926, , , ,1,1,0,0,0,0,0,0,0,0,0,0,1,1,0,0,0,0,0,0,0,0,0,0,0,0,0,0,0,0,0,0,1,0,0,8,0,40.0548,-75.169, , 
 ,63559,2012020527,6,67,67301,2012,1,4,1520,15,1,1,0,4,1, , ,N,1,0,0,3,0,2,2,2,N, ,40 00:10.970,75 05:42.386,1537, ,1525,3,2,7, , ,0,Y, , , , ,705947, , , ,2,2,0,0,0,0,0,0,0,0,0,0,2,2,0,0,0,0,0,0,1,0,0,0,0,0,0,0,0,0,0,0,0,0,0,8,0,40.003,-75.0951, , 
 ,63560,2012032537,6,67,67301,2012,2,6,1600,16,1,1,0,8,1, , ,N,0,0,0,3,0,1,2,2,N,N,39 55:00.692,75 13:54.462,1700, ,1645, ,0, ,N, ,0, , , , , ,705960, , , ,1,1,0,0,0,0,0,0,0,0,0,1,1,0,0,0,0,0,0,0,0,0,0,0,0,0,0,0,0,0,0,0,1,0,0,4,0,39.9169,-75.2318, , 
 ,63561,2012047292,6,67,67301,2012,2,2,215,2,3,1,0,5,6, , ,N,0,0,0,3,0,0,1,2,N,N,40 01:25.503,75 03:22.597,220, ,220, ,0, ,N, ,0, , , , , ,705976, , , ,2,0,0,0,1,0,1,0,0,0,0,0,0,0,0,0,0,0,0,0,0,0,0,0,0,0,0,0,0,0,0,0,0,0,0,0,0,40.0238,-75.0563, , 
 ,63562,2012104027,6,67,67301,2012,9,2,2335,23,3,1,0,4,1, , ,N,1,2,0,3,0,0,2,2,N,N,39 58:11.966,75 08:35.145,2338, ,2335, ,0, ,N, ,3, , , , , ,706007, , , ,2,2,0,0,0,0,0,0,0,0,0,0,0,0,0,0,0,0,0,0,0,0,0,0,0,0,0,0,0,0,0,0,0,0,0,0,0,39.9699,-75.1431, , 
 ,63563,2012078558,6,67,67301,2012,6,5,1250,12,1,1,0,1,1, , ,N,1,2,0,3,0,5,7,4,N,N,39 57:33.020,75 14:36.119,1329, ,1326,9,2,1,N, ,3,N, , , , ,706046, , , ,4,2,0,0,1,0,0,1,0,0,0,5,5,0,0,0,0,0,0,0,2,0,0,0,0,0,0,0,0,0,0,0,0,0,0,4,0,39.9592,-75.2434, , 
 ,63564,2012078578,6,67,67301,2012,7,2,1025,10,1,1,0,5,1, , ,N,2,3,0,3,0,1,1,3,N,N,40 02:49.362,75 07:08.201,1040, ,1032,2,1,5,N, ,3,Y, , , , ,706047, , , ,3,3,0,0,0,0,0,0,0,0,0,1,1,0,0,0,0,0,0,0,1,0,0,0,0,0,0,0,0,0,0,0,0,0,0,4,0,40.047,-75.1189, , 
 ,63565,2012096034,6,67,67301,2012,8,4,1134,11,3,1,0,7,1, , ,N,0,0,3,3,0,1,1,1,N,N,40 01:01.694,75 12:41.132,1207, ,1153, ,0, ,N, ,0, , , , , ,706060, , , ,1,1,0,0,0,0,0,0,0,0,0,1,1,0,0,0,0,0,0,0,0,0,0,0,0,0,0,0,0,0,0,0,0,0,0,4,0,40.017,-75.2114, , 
 ,63566,2012104114,6,67,67301,2012,9,2,1130,11,1,1,0,4,1, , ,N,2,0,7,3,0,1,2,2,N,N,39 57:58.978,75 13:54.526,1220, ,1211, ,0, , , ,0, , , , , ,706064, , , ,1,0,0,0,1,0,0,0,0,0,0,0,1,1,0,0,0,0,0,0,0,1,0,0,0,0,0,0,0,0,0,0,1,0,0,8,0,39.9664,-75.2318, , 
 ,63567,2012111726,6,67,67301,2012,10,7,1606,16,1,1,0,1,1, , ,N,1,2,0,3,0,2,6,2,N,N,39 57:32.701,75 10:13.160,1636, ,1636, ,0, ,N, ,3, , , , , ,706072, , , ,2,2,0,0,0,0,0,0,0,0,0,0,3,3,0,0,0,0,0,0,0,0,0,0,0,0,0,0,0,0,0,0,0,0,0,8,0,39.9591,-75.1704, , 
 ,63568,2012114380,6,67,67301,2012,10,1,9999,99,1,1,0,4,1, , ,N,1,0,0,3,0,1,6,3,N, ,39 56:14.031,75 13:48.899,1629, ,1615, ,0, , , ,0, , , , , ,706074, , , ,3,3,0,0,0,0,0,0,0,0,0,1,1,0,0,0,0,0,0,0,0,0,0,0,0,0,0,0,0,0,0,0,0,0,0,4,0,39.9372,-75.2302, , 
 ,63569,2012084054,6,67,67301,2012,8,5,705,7,1,1,0,7,4, , ,N,0,0,0,3,0,1,1,1,N,N,39 57:53.724,75 08:14.225,711, ,706,1,1,1,N, ,0,N, , , , ,706092, , , ,1,1,0,0,0,0,0,0,0,0,0,1,1,0,0,0,0,0,0,0,0,0,0,0,0,0,0,0,0,0,0,0,0,0,0,4,0,39.9648,-75.1374, , 
 ,63570,2012087651,6,67,67301,2012,7,1,1900,19,1,1,0,4,1, , ,N,1,2,0,3,0,1,5,3,N,N,39 57:20.167,75 10:21.953,1900, ,1900, ,0, ,N, ,3, , , , , ,706098, , , ,3,3,0,0,0,0,0,0,0,0,1,0,1,0,3,0,0,0,0,0,0,1,0,0,0,0,0,0,0,0,0,0,0,0,0,3,0,39.9556,-75.1728, , 
 ,63571,2012095469,6,67,67301,2012,8,4,1049,10,1,1,0,3,1, , ,N,1,2,0,3,0,0,5,3,N,N,40 03:33.837,75 14:16.457,1056, ,1049,2,1,1,N, ,3,N, , , , ,706107, , , ,3,3,0,0,0,0,0,0,0,0,0,0,0,0,0,0,0,0,0,0,0,0,0,0,0,0,0,0,0,0,0,0,0,0,0,0,0,40.0594,-75.2379, , 
 ,63572,2012095495,6,67,67301,2012,8,4,1653,16,1,1,0,6,1, , ,N,1,2,0,3,0,0,2,2,N, ,39 58:33.009,75 09:30.309,1655, ,1653, ,0, , , ,3, , , , , ,706108, , , ,2,1,0,0,0,0,1,0,0,0,0,1,1,0,0,0,0,0,0,0,0,1,0,0,0,0,0,0,0,0,0,0,0,0,0,4,0,39.9758,-75.1584, , 
 ,63573,2012096033,6,67,67301,2012,8,5,1221,12,1,1,0,7,2, , ,N,0,0,0,3,0,1,1,1,N, ,39 56:20.943,75 14:06.642,1223, ,1221, ,0, , , ,0, , , , , ,697620, , , ,1,0,0,0,0,0,1,0,0,0,0,1,1,0,0,0,0,0,0,0,1,0,0,0,0,0,0,0,0,0,0,0,0,0,0,4,0,39.9392,-75.2352, , 
 ,63574,2012109715,6,67,67301,2012,10,5,1600,16,1,1,0,8,1, , ,N,0,0,0,3,0,1,2,2,N,N,40 00:07.651,75 04:04.328,1800, ,1800, ,0, ,N, ,0, , , , , ,697635, , , ,1,1,0,0,0,0,0,0,0,1,0,0,1,0,0,0,0,0,0,0,1,0,0,0,0,0,0,0,0,0,0,0,1,0,1,2,0,40.0021,-75.0679, , 
 ,63575,2012070929,6,67,67301,2012,7,7,1159,11,1,2,1,1,1, , ,N,0,0,0,3,0,0,7,3,N,N,39 57:27.879,75 09:41.619,1215, ,1203,2,1,3,N, ,0,N, , , , ,697645, , , ,3,2,0,0,1,0,0,0,0,0,0,0,0,0,0,0,0,0,0,0,2,0,0,0,0,0,0,0,0,0,0,0,0,0,0,0,0,39.9577,-75.1616, , 
 ,63576,2012080784,6,67,67301,2012,7,5,1902,19,1,1,0,2,1, , ,N,0,0,0,3,0,1,1,3,N, ,39 57:37.616,75 14:28.025,1935, ,1922, ,0, , , ,0, , , , , ,697650, , , ,3,3,0,0,0,0,0,0,0,0,0,1,1,0,0,0,0,0,0,0,0,0,0,0,0,0,0,0,0,0,0,0,0,0,0,4,0,39.9605,-75.2411, , 
 ,63577,2012078216,6,67,67301,2012,6,4,1710,17,1,1,0,4,1, , ,N,2,3,7,3,0,1,3,2,N,N,39 57:36.781,75 13:59.005,1737, ,1722, ,0, ,N, ,3, , , , , ,697657, , , ,2,1,0,0,0,0,1,0,0,0,0,1,1,0,1,0,0,0,0,0,0,0,0,1,0,0,0,0,0,0,0,0,0,0,0,4,0,39.9602,-75.2331, , 
 ,63578,2012082036,6,67,67301,2012,8,7,1527,15,1,1,0,5,1, , ,N,0,0,0,3,0,1,4,2,N,N,40 02:20.593,75 00:30.607,1534, ,1529,1,1,2,N, ,0,N, , , , ,697660, , , ,2,0,0,0,0,0,2,0,0,0,0,0,1,1,0,0,0,0,0,0,0,0,0,0,0,0,0,0,0,0,0,0,0,0,0,8,0,40.0391,-75.0085, , 
 ,63579,2012083374,6,67,67301,2012,7,3,830,8,1,1,0,4,1, , ,N,1,2,0,3,0,1,2,2,N,N,39 55:47.706,75 08:39.988,840, ,837, ,0, ,N, ,3, , , , , ,697662, , , ,1,0,0,0,0,0,1,0,1,0,0,1,1,0,0,0,0,0,0,0,0,0,0,0,0,0,0,0,0,0,0,0,0,0,0,4,0,39.9298,-75.1442, , 
 ,63580,2012085847,6,67,67301,2012,8,2,1650,16,1,1,0,4,1, , ,N,1,2,0,3,0,1,5,2,N,N,39 55:20.053,75 13:49.322,1650, ,1650, ,0, ,N, ,3, , , , , ,697665, , , ,2,1,1,0,0,0,0,0,0,0,0,1,1,0,0,0,0,0,0,0,1,0,0,0,0,0,0,0,0,0,0,0,0,0,0,4,0,39.9222,-75.2304, , 
 ,63581,2012068936,6,67,67301,2012,6,6,9999,99,1,1,0,1,1, , ,N,0,0,0,3,0,1,4,3,N,N,40 00:38.908,75 06:08.171,1712, ,1708, ,0, ,N, ,0, , , , , ,697702, , , ,3,2,0,0,0,0,1,0,0,0,0,1,1,0,0,0,0,0,0,1,0,1,0,4,0,0,0,0,0,0,0,0,0,0,0,4,0,40.0108,-75.1023, , 