wz_ln_closure,objectid_1,crn,district,county,municipality,crash_year,crash_month,day_of_week,time_of_day,hour_of_day,illumination,weather,road_condition,collision_type,relation_to_road,work_zone_type,work_zone_loc,work_zone_ind,intersect_type,tcd_type,location_type,urban_rural,fatal_count,injury_count,person_count,total_units,sch_bus_ind,sch_zone_ind,latitude,longitude,arrival_tm,cons_zone_spd_lim,dispatch_tm,est_hrs_closed,lane_closed,ln_close_dir,ntfy_hiwy_maint,spec_juris_cd,tcd_func_cd,tfc_detour_ind,workers_pres,wz_close_detour,wz_flagger,wz_law_offcr_ind,objectid,wz_moving,wz_other,wz_shlder_mdn,vehicle_count,automobile_count,motorcycle_count,bus_count,small_truck_count,heavy_truck_count,suv_count,van_count,bicycle_count,maj_inj_count,mod_inj_count,min_inj_count,tot_inj_count,unk_inj_deg_count,unk_inj_per_count,driver_count_16yr,driver_count_17yr,driver_count_18yr,driver_count_19yr,driver_count_20yr,driver_count_50_64yr,driver_count_65_74yr,driver_count_75plus,unbelted_occ_count,unb_death_count,unb_maj_inj_count,belted_death_count,belted_maj_inj_count,mcycle_death_count,mcycle_maj_inj_count,bicycle_death_count,bicycle_maj_inj_count,ped_count,ped_death_count,ped_maj_inj_count,max_severity_level,comm_veh_count,dec_lat,dec_long,rdwy_surf_type_cd,county_name
 ,63582,2012073469,6,67,67301,2012,6,5,610,6,1,1,0,4,1, , ,N,1,3,0,3,0,0,2,4,N,N,39 58:41.520,75 14:08.372,619, ,613,2,2,1,N, ,3,Y, , , , ,697705, , , ,4,1,0,0,0,0,2,1,0,0,0,0,0,0,0,0,0,0,0,0,1,0,0,0,0,0,0,0,0,0,0,0,0,0,0,0,0,39.9782,-75.2357, , 
 ,63583,2012083149,6,67,67301,2012,7,3,1530,15,1,1,0,4,1, , ,N,0,0,7,3,0,6,6,2,N,N,39 55:01.216,75 12:55.050,1540, ,1535,2,1,6,N, ,0,N, , , , ,697715, , , ,2,1,0,0,1,0,0,0,0,0,0,6,6,0,0,0,0,0,0,0,1,0,0,0,0,0,0,0,0,0,0,0,0,0,0,4,0,39.917,-75.2153, , 
 ,63584,2012085743,6,67,67301,2012,8,5,837,8,1,1,0,1,1, , ,N,0,0,0,3,0,1,5,4,N,N,40 02:34.269,75 03:47.183,840, ,838,2,1,2,N, ,0,N, , , , ,697719, , , ,4,2,0,0,1,0,1,0,0,0,0,0,1,1,0,0,0,0,0,0,1,0,0,0,0,0,0,0,0,0,0,0,0,0,0,8,0,40.0429,-75.0631, , 
 ,63585,2012095452,6,67,67301,2012,8,3,1123,11,1,1,0,1,1, , ,N,0,0,0,3,0,1,6,3,N,N,39 58:44.261,75 09:28.319,1130, ,1125, ,0, , , ,0, , , , , ,697727, , , ,3,3,0,0,0,0,0,0,0,0,0,1,1,0,0,0,0,0,0,0,0,1,0,4,0,0,0,0,0,0,0,0,0,0,0,4,0,39.979,-75.1579, , 
 ,63586,2012075975,6,67,67301,2012,6,3,1300,13,1,1,0,8,1, , ,N,0,0,0,3,0,1,2,2,N, ,39 59:58.780,75 07:42.076,1315, ,1010, ,0, , , ,0, , , , , ,697754, , , ,1,1,0,0,0,0,0,0,0,0,0,0,1,1,0,0,0,0,0,0,0,0,0,0,0,0,0,0,0,0,0,0,1,0,0,8,0,39.9997,-75.1284, , 
 ,63587,2012098330,6,67,67301,2012,8,7,200,2,6,9,8,9,9, , ,N,0,0,0,3,0,1,2,2,N,N,40 00:15.472,75 08:55.071,1210, ,1208, ,0, ,N, ,0, , , , , ,697774, , , ,1,1,0,0,0,0,0,0,0,0,0,1,1,0,1,0,0,0,0,0,0,0,0,0,0,0,0,0,0,0,0,0,1,0,0,4,0,40.0043,-75.1486, , 
 ,63588,2012098352,6,67,67301,2012,8,3,655,6,1,2,1,2,1, , ,N,1,2,0,3,0,1,3,2,N,N,39 57:56.076,75 13:34.473,727, ,727, ,0, ,N, ,3, , , , , ,697775, , , ,2,2,0,0,0,0,0,0,0,0,0,0,1,1,0,0,0,0,0,0,1,0,0,0,0,0,0,0,0,0,0,0,0,0,0,8,0,39.9656,-75.2262, , 
 ,63589,2012102836,6,67,67301,2012,10,5,853,8,1,1,0,7,4, , ,N,0,0,0,3,0,0,1,1,N,N,40 03:17.607,74 59:06.708,902, ,855,2,1,2,N, ,0,N, , , , ,697779, , , ,1,0,0,0,0,1,0,0,0,0,0,0,0,0,0,0,0,0,0,0,1,0,0,0,0,0,0,0,0,0,0,0,0,0,0,0,1,40.0549,-74.9852, , 
 ,63590,2012104202,6,67,67301,2012,10,2,755,7,1,1,0,4,1, , ,N,0,0,0,3,0,1,2,2,N, ,40 04:30.023,75 05:05.633,810, ,804, ,0, , , ,0, , , , , ,697780, , , ,2,2,0,0,0,0,0,0,0,0,0,1,1,0,0,0,0,0,0,0,1,0,0,0,0,0,0,0,0,0,0,0,0,0,0,4,0,40.075,-75.0849, , 
 ,63591,2012098323,6,67,67301,2012,9,4,755,7,1,1,0,8,1, , ,N,1,0,0,3,0,1,2,2,N,N,39 57:17.539,75 12:08.765,755, ,755, ,0, ,N, ,0, , , , , ,700849, , , ,1,1,0,0,0,0,0,0,0,0,0,1,1,0,0,0,0,0,0,0,0,0,0,0,0,0,0,0,0,0,0,0,1,0,0,4,0,39.9549,-75.2024, , 
 ,63592,2012104610,6,67,67301,2012,9,4,1220,12,1,1,0,1,1, , ,N,0,0,0,3,0,2,3,2,N,N,39 56:24.093,75 12:49.613,1227, ,1222, ,0, ,N, ,0, , , , , ,700853, , , ,2,2,0,0,0,0,0,0,0,0,0,0,2,2,0,0,0,0,0,0,0,0,0,1,0,0,0,0,0,0,0,0,0,0,0,8,0,39.94,-75.2138, , 
 ,63593,2012109657,6,67,67301,2012,10,1,1400,14,1,2,1,4,1, , ,N,2,3,0,3,0,1,6,2,N,N,40 03:59.669,75 09:31.172,1420, ,1400, ,0, ,N, ,3, , , , , ,700861, , , ,2,2,0,0,0,0,0,0,0,0,0,1,1,0,4,0,0,0,0,0,0,0,0,0,0,0,0,0,0,0,0,0,0,0,0,4,0,40.0666,-75.1587, , 
 ,63594,2012066617,6,67,67301,2012,6,1,1558,15,1,1,0,6,1, , ,N,0,0,0,3,0,1,2,2,N,N,39 58:04.057,75 13:48.391,1900, ,1900, ,0, ,N, ,0, , , , , ,700884, , , ,1,0,0,0,1,0,0,0,1,0,0,1,1,0,0,0,0,0,0,0,0,0,0,0,0,0,0,0,0,0,0,0,0,0,0,4,0,39.9678,-75.2301, , 
 ,63595,2012099028,6,67,67301,2012,9,7,2015,20,3,1,0,1,1, , ,N,0,0,0,3,0,1,3,2,N,N,40 06:08.289,75 02:19.859,2025, ,2018, ,0, ,N, ,0, , , , , ,700911, , , ,2,2,0,0,0,0,0,0,0,0,0,1,1,0,0,0,0,0,0,0,0,0,0,0,0,0,0,0,0,0,0,0,0,0,0,4,0,40.1023,-75.0388, , 
 ,63596,2012104086,6,67,67301,2012,9,1,1302,13,1,1,0,4,1, , ,N,1,2,0,3,0,3,7,2,N,N,40 03:34.205,75 04:49.964,1305, ,1302,1,1,3, , ,3,Y, , , , ,700975, , , ,2,1,0,0,0,0,1,0,0,0,0,4,4,0,0,0,0,0,0,0,0,0,0,0,0,0,0,0,0,0,0,0,0,0,0,4,0,40.0595,-75.0805, , 
 ,63597,2012121880,6,67,67301,2012,10,5,830,8,3,1,0,1,1, , ,N,0,0,0,3,0,1,2,2,N,N,39 58:03.673,75 14:09.931,905, ,900, ,0, ,N, ,0, , , , , ,700999, , , ,1,1,0,0,0,0,0,0,1,0,0,1,1,0,0,0,0,0,0,0,0,0,0,0,0,0,0,0,0,0,0,0,0,0,0,4,0,39.9677,-75.2361, , 
 ,63598,2012060826,6,67,67301,2012,5,5,915,9,1,1,0,4,1, , ,N,1,2,0,3,0,1,3,2,N,N,39 56:17.010,75 11:55.632,940, ,925, ,0, ,N, ,3, , , , , ,701012, , , ,2,2,0,0,0,0,0,0,0,0,0,0,1,1,0,0,0,0,0,0,0,0,1,0,0,0,0,0,0,0,0,0,0,0,0,8,0,39.9381,-75.1988, , 
 ,63599,2012067308,6,67,67301,2012,7,2,1702,17,1,1,0,5,1, , ,N,0,0,0,3,0,1,5,3,N,N,39 58:27.551,75 07:05.954,1712, ,1705,2,2,1,N, ,0,Y, , , , ,701019, , , ,3,3,0,0,0,0,0,0,0,0,0,0,1,1,0,0,0,0,0,0,1,0,1,0,0,0,0,0,0,0,0,0,0,0,0,8,0,39.9742,-75.1185, , 
 ,63600,2012068667,6,67,67301,2012,6,7,1701,17,1,1,0,4,1, , ,N,3,2,0,3,0,1,5,2,N,N,39 58:21.476,75 13:03.992,1706, ,1703, ,0, ,N, ,3, , , , , ,701022, , , ,1,1,0,0,0,0,0,0,1,0,0,1,1,0,0,0,0,0,0,0,1,0,0,0,0,0,0,0,0,0,0,0,0,0,0,4,0,39.9726,-75.2178, , 
 ,63601,2012080752,6,67,67301,2012,7,2,2136,21,3,1,0,4,1, , ,N,1,2,0,3,0,1,2,2,N,N,39 57:01.634,75 11:33.356,2136, ,2136, ,0, ,N, ,3, , , , , ,701037, , , ,1,1,0,0,0,0,0,0,1,0,0,1,1,0,0,0,0,0,0,0,0,0,0,0,0,0,0,0,0,0,0,0,0,0,0,4,0,39.9505,-75.1926, , 
 ,63602,2012083230,6,67,67301,2012,7,2,1245,12,1,1,0,4,1, , ,N,0,0,7,3,0,2,3,2,N, ,40 04:38.754,75 01:27.252,1320, ,1313, ,0, , , ,0, , , , , ,701038, , , ,2,1,0,0,0,0,0,1,0,0,0,1,2,1,0,0,0,0,0,0,0,0,1,0,0,0,0,0,0,0,0,0,0,0,0,4,0,40.0774,-75.0242, , 
 ,63603,2012095521,6,67,67301,2012,8,4,1129,11,1,1,0,1,1, , ,N,1,2,0,3,0,0,3,2,N,N,40 03:15.517,75 02:58.198,1131, ,1130,1,2,2,N, ,3,N, , , , ,701051, , , ,2,1,0,0,0,0,1,0,0,0,0,0,0,0,0,1,0,0,0,0,1,0,0,0,0,0,0,0,0,0,0,0,0,0,0,0,0,40.0542,-75.0493, , 
 ,63604,2012104607,6,67,67301,2012,9,4,435,4,3,1,0,4,1, , ,N,2,3,0,3,0,0,2,2,N,N,40 00:20.239,75 06:08.896,445, ,441, ,0, ,N, ,3, , , , , ,701057, , , ,2,2,0,0,0,0,0,0,0,0,0,0,0,0,0,0,0,0,0,0,0,0,0,0,0,0,0,0,0,0,0,0,0,0,0,0,0,40.0056,-75.1025, , 
 ,63605,2012048331,6,67,67301,2012,4,6,9999,99,3,1,0,7,5, , ,N,1,0,0,3,0,0,1,1,N,N,40 01:22.061,75 09:32.460,524, ,519, ,0, ,N, ,0, , , , , ,701061, , , ,1,1,0,0,0,0,0,0,0,0,0,0,0,0,1,0,0,0,0,0,0,0,0,0,0,0,0,0,0,0,0,0,0,0,0,9,0,40.0228,-75.159, , 
 ,63606,2012070931,6,67,67301,2012,7,7,1841,18,1,1,0,1,1, , ,N,0,0,0,3,0,1,3,3,N,N,39 58:02.401,75 07:56.866,1859, ,1849,2,2,1,N, ,0,N, , , , ,701077, , , ,3,3,0,0,0,0,0,0,0,0,0,0,1,1,0,0,0,0,0,0,0,0,0,0,0,0,0,0,0,0,0,0,0,0,0,8,0,39.9673,-75.1326, , 
 ,63607,2012080804,6,67,67301,2012,7,1,2030,20,1,1,0,4,5, , ,N,0,0,7,3,0,1,2,2,N,N,40 02:03.711,75 05:07.145,2119, ,2118, ,0, ,N, ,0, , , , , ,701082, , , ,1,1,0,0,0,0,0,0,1,0,0,0,1,1,0,0,0,0,0,0,0,0,0,0,0,0,0,0,0,0,0,0,0,0,0,8,0,40.0344,-75.0853, , 
 ,63608,2012083221,6,67,67301,2012,8,3,740,7,1,1,0,4,1, , ,N,1,2,0,3,0,1,1,2,N,N,40 01:07.417,75 07:37.815,745, ,743, ,0, ,N, ,3, , , , , ,701087, , , ,2,2,0,0,0,0,0,0,0,0,1,0,1,0,0,0,0,0,0,0,0,0,0,0,0,0,0,0,0,0,0,0,0,0,0,3,0,40.0187,-75.1272, , 
 ,63609,2012069391,6,67,67301,2012,6,4,1311,13,1,1,0,1,1, , ,N,0,0,0,3,0,1,2,2,N,N,39 57:29.008,75 09:50.715,1321, ,1314,1,1,3,N, ,0,N, , , , ,704017, , , ,2,0,1,0,0,0,1,0,0,0,0,0,1,1,0,0,0,0,0,0,0,0,0,0,0,0,0,0,0,0,0,0,0,0,0,8,0,39.9581,-75.1641, , 
 ,63610,2012076041,6,67,67301,2012,6,7,1440,14,1,1,0,4,1, , ,N,2,0,0,3,0,1,4,2,N, ,40 01:14.257,75 08:55.161,1508, ,1456, ,0, , , ,0, , , , , ,704026, , , ,2,2,0,0,0,0,0,0,0,0,0,0,1,1,2,0,0,0,0,0,0,0,0,0,0,0,0,0,0,0,0,0,0,0,0,8,0,40.0208,-75.1486, , 
 ,63611,2012080816,6,67,67301,2012,7,7,820,8,3,1,0,4,1, , ,N,0,0,0,3,0,0,3,2,N,N,39 58:58.879,75 12:08.634,840, ,830, ,0, ,N, ,0, , , , , ,704031, , , ,2,1,1,0,0,0,0,0,0,0,0,0,0,0,0,0,0,0,0,0,0,0,0,0,0,0,0,0,0,0,0,0,0,0,0,0,0,39.983,-75.2024, , 
 ,63612,2012098549,6,67,67301,2012,9,7,1218,12,1,1,0,1,1, , ,N,1,2,0,3,0,1,7,3,N,N,40 01:44.574,75 06:01.934,1228, ,1228,1,1,2,N, ,3,N, , , , ,704044, , , ,3,1,0,0,1,0,1,0,0,0,0,1,1,0,0,0,0,0,1,0,0,0,0,1,0,0,0,0,0,0,0,0,0,0,0,4,0,40.029,-75.1007, , 
 ,63613,2012048314,6,67,67301,2012,4,2,1255,12,1,1,0,2,1, , ,N,0,0,7,3,0,2,4,3,N,N,40 04:25.435,75 01:40.551,1305, ,1300, ,0, ,N, ,0, , , , , ,704053, , , ,3,2,0,0,1,0,0,0,0,0,0,2,2,0,0,0,0,0,0,0,1,0,0,0,0,0,0,0,0,0,0,0,0,0,0,4,0,40.0737,-75.0279, , 
 ,63614,2012056751,6,67,67301,2012,4,2,10,0,3,1,0,7,5, , ,N,0,0,0,3,0,0,3,1,N,N,39 58:25.093,75 08:01.069,24, ,24, ,0, ,N, ,0, , , , , ,704059, , , ,1,1,0,0,0,0,0,0,0,0,0,0,0,0,1,0,0,0,0,0,0,0,0,0,0,0,0,0,0,0,0,0,0,0,0,9,0,39.9736,-75.1336, , 
 ,63615,2012066529,6,67,67301,2012,6,5,2220,22,3,1,0,4,1, , ,N,1,3,0,3,0,1,2,2,N,N,40 01:53.367,75 07:43.093,2231, ,2231, ,0, ,N, ,3, , , , , ,704063, , , ,2,2,0,0,0,0,0,0,0,0,0,0,1,1,0,0,0,0,0,0,0,0,0,0,0,0,0,0,0,0,0,0,0,0,0,8,0,40.0315,-75.1286, , 
 ,63616,2012088557,6,67,67301,2012,8,1,217,2,3,1,0,8,1, , ,N,1,0,0,3,0,1,2,2,N,N,39 58:26.859,75 12:15.536,9999, ,0, ,0, ,N, ,0, , , , , ,704078, , , ,1,0,0,0,0,0,0,1,0,0,1,0,1,0,0,0,0,0,0,0,0,0,0,0,0,0,0,0,0,0,0,0,1,0,0,3,0,39.9741,-75.2043, , 
 ,63617,2012099032,6,67,67301,2012,9,5,2133,21,3,1,0,1,1, , ,N,0,0,0,3,0,1,2,2,N, ,40 04:58.028,74 58:02.279,2138, ,2133, ,0, , , ,0, , , , , ,704089, , , ,2,2,0,0,0,0,0,0,0,0,1,0,1,0,0,0,0,0,1,0,0,0,0,0,0,0,0,0,0,0,0,0,0,0,0,3,0,40.0828,-74.9673, , 
 ,63618,2012111630,6,67,67301,2012,10,3,640,6,5,1,0,1,1, , ,N,1,2,0,3,0,1,2,2,N, ,40 02:28.801,75 06:24.126,645, ,643, ,0, , , ,3, , , , , ,704094, , , ,2,1,0,0,1,0,0,0,0,0,1,0,1,0,0,0,0,0,0,0,1,0,0,0,0,0,0,0,0,0,0,0,0,0,0,3,1,40.0413,-75.1067, , 
 ,63619,2012066495,6,67,67301,2012,5,2,1525,15,1,9,8,4,1, , ,N,1,2,0,3,0,2,3,3,N,N,40 03:13.146,75 08:29.176,1540, ,1535, ,0, ,N, ,2, , , , , ,704110, , , ,3,3,0,0,0,0,0,0,0,0,0,2,2,0,0,0,0,0,0,0,1,0,0,0,0,0,0,0,0,0,0,0,0,0,0,4,0,40.0537,-75.1414, , 
 ,63620,2012075655,6,67,67301,2012,7,3,2012,20,4,1,0,0,7, , ,N,6,0,2,3,0,1,1,1,N,N,40 00:12.565,75 04:38.714,2030, ,2019,2,1,2,N, ,0,Y, , , , ,704117, , , ,1,0,1,0,0,0,0,0,0,1,0,0,1,0,0,0,0,0,0,0,0,0,0,0,0,0,0,0,0,1,0,0,0,0,0,2,0,40.0035,-75.0774, , 
 ,63621,2012085735,6,67,67301,2012,8,5,1342,13,3,1,0,1,2, , ,N,0,0,0,3,0,1,2,2,N,N,40 05:43.248,75 01:50.222,1406, ,1342, ,0, ,N, ,0, , , , , ,704124, , , ,2,1,0,0,0,1,0,0,0,0,0,1,1,0,0,0,0,0,0,1,0,0,0,0,0,0,0,0,0,0,0,0,0,0,0,4,0,40.0953,-75.0306, , 
 ,63622,2012078468,6,67,67301,2012,6,7,1805,18,1,1,0,8,1, , ,N,0,0,0,3,0,1,2,2,N,N,39 55:09.418,75 13:49.080,1824, ,1816, ,0, , , ,0, , , , , ,704166, , , ,1,1,0,0,0,0,0,0,0,0,0,1,1,0,0,0,0,0,0,0,0,0,0,0,0,0,0,0,0,0,0,0,1,0,0,4,0,39.9193,-75.2303, , 
 ,63623,2012099023,6,67,67301,2012,9,1,2218,22,3,1,1,1,1, , ,N,1,2,0,3,0,2,7,4,N,N,40 03:44.577,75 02:33.887,2233, ,2221,3,2,1,N, ,3,Y, , , , ,704190, , , ,3,2,0,0,0,0,1,0,0,0,0,0,2,2,5,0,0,0,0,1,0,0,0,0,0,0,0,0,0,0,0,0,1,0,0,8,0,40.0624,-75.0427, , 
 ,63624,2012078574,6,67,67301,2012,7,2,845,8,1,1,0,4,1, , ,N,1,3,0,3,0,1,2,2,N,N,40 02:39.224,75 08:54.682,851, ,845,1,1,4,N, ,3,Y, , , , ,704204, , , ,2,2,0,0,0,0,0,0,0,0,0,1,1,0,0,0,0,0,0,0,0,0,0,0,0,0,0,0,0,0,0,0,0,0,0,4,0,40.0442,-75.1485, , 
 ,63625,2012083330,6,67,67301,2012,7,1,1906,19,1,1,0,4,5, , ,N,0,0,0,3,0,2,2,2,N, ,40 01:01.092,75 08:58.030,1910, ,1908, ,0, , , ,0, , , , , ,704211, , , ,2,2,0,0,0,0,0,0,0,0,0,2,2,0,0,0,0,0,0,0,0,0,0,0,0,0,0,0,0,0,0,0,0,0,0,4,0,40.017,-75.1495, , 
 ,63626,2012104129,6,67,67301,2012,9,4,2034,20,1,1,0,1,1, , ,N,2,2,0,3,0,9,9,3,N,N,39 57:00.419,75 14:57.778,2045, ,2038, ,0, ,N, ,3, , , , , ,704227, , , ,3,2,0,0,0,0,1,0,0,0,0,0,9,9,0,0,0,0,0,0,1,0,0,0,0,0,0,0,0,0,0,0,0,0,0,8,0,39.9501,-75.2494, , 
 ,63627,2013003953,6,67,67301,2012,12,4,1030,10,1,1,0,1,1, , ,N,0,2,0,3,0,1,2,2,N,N,40 02:51.645,75 03:35.383,1038, ,1038, ,0, ,N, ,3, , , , , ,707423, , , ,2,1,0,0,0,0,0,1,0,0,0,1,1,0,0,0,0,0,0,0,0,0,0,0,0,0,0,0,0,0,0,0,0,0,0,4,0,40.0477,-75.0598, , 
 ,63628,2012080819,6,67,67301,2012,7,6,546,5,3,2,1,8,1, , ,N,1,2,0,3,0,1,2,2,N,N,39 57:37.583,75 14:27.758,555, ,546, ,0, ,N, ,3, , , , , ,707429, , , ,1,1,0,0,0,0,0,0,0,0,0,0,1,1,0,0,0,0,0,0,0,0,0,0,0,0,0,0,0,0,0,0,1,0,0,8,0,39.9604,-75.2411, , 
 ,63629,2012078173,6,67,67301,2012,7,6,1858,18,1,1,0,4,1, , ,N,1,3,0,3,0,1,2,2,N,N,39 57:04.183,75 12:25.660,1900, ,1858, ,0, ,N, ,3, , , , , ,707442, , , ,1,1,0,0,0,0,0,0,1,0,1,0,1,0,0,0,0,0,0,0,0,1,0,0,0,0,0,0,0,0,0,0,0,0,0,3,0,39.9512,-75.2071, , 
 ,63630,2012083236,6,67,67301,2012,7,2,1912,19,1,1,0,4,1, , ,N,1,3,0,3,0,1,2,2,N,N,39 55:18.717,75 09:36.025,1916, ,1914, ,0, ,N, ,3, , , , , ,707448, , , ,1,1,0,0,0,0,0,0,1,0,0,1,1,0,0,0,0,0,0,0,1,0,0,0,0,0,0,0,0,0,0,0,0,0,0,4,0,39.9219,-75.16, , 
 ,63631,2012085841,6,67,67301,2012,8,1,1609,16,1,1,0,4,2, , ,N,0,0,0,3,0,1,1,1,N,N,40 00:32.643,75 11:21.999,1620, ,1611,2,1,2,N, ,0,N, , , , ,707449, , , ,1,1,0,0,0,0,0,0,0,0,0,0,1,1,0,0,0,0,0,0,0,0,0,0,0,0,0,0,0,0,0,0,0,0,0,8,0,40.0091,-75.1894, , 
 ,63632,2012098531,6,67,67301,2012,9,2,1940,19,2,1,1,7,2, , ,N,3,0,0,3,0,0,1,1,N,N,39 58:10.174,75 11:08.396,1942, ,1940, ,0, , , ,0, , , , , ,707457, , , ,1,1,0,0,0,0,0,0,0,0,0,1,1,0,0,0,0,0,0,0,0,0,0,0,0,0,0,0,0,0,0,0,0,0,0,4,0,39.9696,-75.1856, , 
 ,63633,2012109888,6,67,67301,2012,10,6,140,1,3,1,0,8,1, , ,N,1,2,0,3,0,1,2,2,N,N,39 58:17.205,75 09:33.736,152, ,148, ,0, ,N, ,3, , , , , ,707469, , , ,1,1,0,0,0,0,0,0,0,0,0,1,1,0,1,0,0,0,0,0,0,0,0,0,0,0,0,0,0,0,0,0,1,0,0,4,0,39.9714,-75.1594, , 
 ,63634,2012031598,6,67,67301,2012,3,2,1145,11,1,1,0,1,1, , ,N,0,0,0,3,0,1,5,3,N,N,39 59:41.330,75 11:54.071,1146, ,1145,1,2,3,N, ,0,N, , , , ,707491, , , ,3,2,0,0,0,1,0,0,0,0,0,0,1,1,0,0,0,0,0,0,0,0,0,0,0,0,0,0,0,0,0,0,0,0,0,8,1,39.9948,-75.1984, , 
 ,63635,2012032664,6,67,67301,2012,1,6,740,7,1,2,1,8,1, , ,N,1,2,0,3,0,2,3,3,N,N,40 03:38.955,75 04:05.015,746, ,743,3,2,1,N, ,3,N, , , , ,707493, , , ,1,1,0,0,0,0,0,0,0,0,0,2,2,0,0,0,0,0,0,0,0,0,0,0,0,0,0,0,0,0,0,0,2,0,0,4,0,40.0608,-75.0681, , 
 ,63636,2012041340,6,67,67301,2012,4,2,248,2,3,2,1,7,2, , ,N,0,0,0,3,0,0,1,1,N,N,39 59:07.188,75 12:29.955,256, ,250, ,0, ,N, ,0, , , , , ,707498, , , ,1,1,0,0,0,0,0,0,0,0,0,0,0,0,0,0,0,0,0,0,0,0,0,0,0,0,0,0,0,0,0,0,0,0,0,0,0,39.9853,-75.2083, , 
 ,63637,2012047155,6,67,67301,2012,4,6,2300,23,3,1,0,7,2, , ,N,0,8,0,3,0,2,2,1,N,N,39 58:13.027,75 11:23.209,2315, ,2310, ,0, ,N, ,3, , , , , ,707504, , , ,1,1,0,0,0,0,0,0,0,0,2,0,2,0,0,0,0,0,1,0,0,0,0,0,0,0,0,0,0,0,0,0,0,0,0,3,0,39.9703,-75.1898, , 
 ,63638,2012063847,6,67,67301,2012,5,7,2230,22,3,1,0,1,6, , ,N,0,0,0,3,0,1,2,3,N,N,39 57:46.031,75 11:44.890,2236, ,2234, ,0, ,N, ,0, , , , , ,707516, , , ,3,2,0,0,1,0,0,0,0,0,1,0,1,0,0,0,0,0,0,0,0,0,0,0,0,0,0,0,0,0,0,0,0,0,0,3,0,39.9628,-75.1958, , 
 ,63639,2012078335,6,67,67301,2012,7,5,722,7,1,1,0,1,1, , ,N,1,2,0,3,0,2,6,3,N, ,39 57:41.520,75 13:28.357,747, ,724, ,0, , , ,3, , , , , ,707533, , , ,3,2,0,0,1,0,0,0,0,0,0,2,2,0,0,0,0,0,0,1,0,0,0,0,0,0,0,0,0,0,0,0,0,0,0,4,0,39.9615,-75.2245, , 
 ,63640,2012080812,6,67,67301,2012,7,6,1435,14,1,1,0,2,1, , ,N,2,2,2,3,0,5,5,2,N,N,39 58:29.031,75 11:53.718,1445, ,1441,9,2,4,N, ,3,Y, , , , ,707534, , , ,2,1,0,1,0,0,0,0,0,1,3,0,5,1,0,0,0,0,0,0,1,0,0,0,0,0,0,0,0,0,0,0,0,0,0,2,1,39.9747,-75.1983, , 
 ,63641,2012083085,6,67,67301,2012,6,6,800,8,1,1,0,1,1, , ,N,1,2,0,3,0,1,2,2,N,N,39 55:32.829,75 09:05.759,0, ,0, ,0, ,N, ,3, , , , , ,707540, , , ,2,2,0,0,0,0,0,0,0,0,0,0,1,1,1,0,0,0,0,0,0,0,0,0,0,0,0,0,0,0,0,0,0,0,0,8,0,39.9258,-75.1516, , 
 ,63642,2012083148,6,67,67301,2012,7,2,1630,16,1,1,1,4,1, , ,N,1,2,0,3,0,1,2,2,N, ,39 59:58.827,75 05:56.359,1657, ,1655, ,0, , , ,3, , , , , ,707541, , , ,1,0,0,0,0,0,1,0,1,0,0,1,1,0,0,0,0,0,0,0,0,0,0,0,0,0,0,0,0,0,0,0,0,0,0,4,0,39.9997,-75.099, , 
 ,63643,2012098505,6,67,67301,2012,9,4,1230,12,1,1,0,4,1, , ,N,1,3,0,3,0,2,2,2,N,N,39 55:05.923,75 10:07.928,1240, ,1231, ,0, , , ,3, , , , , ,707550, , , ,2,2,0,0,0,0,0,0,0,0,2,0,2,0,0,0,0,0,0,0,1,1,0,0,0,0,0,0,0,0,0,0,0,0,0,3,0,39.9183,-75.1689, , 
Y,63644,2012103483,6,67,67301,2012,10,2,2220,22,3,2,1,1,1,2,4,Y,0,0,0,3,0,0,4,3,N,N,39 59:57.255,75 11:43.732,2230,55,2225, ,0, ,N, ,0, ,Y,N,N,N,707555,N,N,Y,3,1,0,0,2,0,0,0,0,0,0,0,0,0,0,0,0,0,0,0,2,0,0,0,0,0,0,0,0,0,0,0,0,0,0,0,0,39.9992,-75.1955, , 
 ,63645,2012078278,6,67,67301,2012,7,1,2030,20,1,1,0,8,1, , ,N,0,0,0,3,0,1,2,2,N,N,39 59:34.641,75 07:58.749,2045, ,2030, ,0, ,N, ,0, , , , , ,697813, , , ,1,1,0,0,0,0,0,0,0,0,0,1,1,0,0,0,0,0,0,0,0,0,0,0,0,0,0,0,0,0,0,0,1,0,0,4,0,39.993,-75.133, , 
 ,63646,2012078412,6,67,67301,2012,7,3,1541,15,1,1,0,1,1, , ,N,1,0,0,3,0,1,2,2,N,N,39 57:41.456,75 09:10.584,1548, ,1541, ,0, ,N, ,0, , , , , ,697854, , , ,2,2,0,0,0,0,0,0,0,0,0,1,1,0,0,0,0,0,0,0,1,0,1,0,0,0,0,0,0,0,0,0,0,0,0,4,0,39.9615,-75.1529, , 
 ,63647,2012083274,6,67,67301,2012,7,2,1900,19,1,1,0,4,1, , ,N,1,2,0,3,0,1,2,2,N, ,39 56:04.959,75 09:08.434,1933, ,1932, ,0, , , ,3, , , , , ,697857, , , ,1,0,0,0,0,0,0,1,1,0,1,0,1,0,0,0,0,0,0,0,1,0,0,0,0,0,0,0,0,0,0,0,0,0,0,3,0,39.9347,-75.1523, , 
 ,63648,2012095404,6,67,67301,2012,8,6,635,6,1,1,0,4,1, , ,N,1,3,0,3,0,1,2,3,N, ,40 01:47.099,75 02:24.977,823, ,820, ,0, , , ,3, , , , , ,697866, , , ,3,3,0,0,0,0,0,0,0,0,0,1,1,0,0,0,0,0,0,0,1,0,0,0,0,0,0,0,0,0,0,0,0,0,0,4,0,40.0297,-75.0403, , 