wz_ln_closure,objectid_1,crn,district,county,municipality,crash_year,crash_month,day_of_week,time_of_day,hour_of_day,illumination,weather,road_condition,collision_type,relation_to_road,work_zone_type,work_zone_loc,work_zone_ind,intersect_type,tcd_type,location_type,urban_rural,fatal_count,injury_count,person_count,total_units,sch_bus_ind,sch_zone_ind,latitude,longitude,arrival_tm,cons_zone_spd_lim,dispatch_tm,est_hrs_closed,lane_closed,ln_close_dir,ntfy_hiwy_maint,spec_juris_cd,tcd_func_cd,tfc_detour_ind,workers_pres,wz_close_detour,wz_flagger,wz_law_offcr_ind,objectid,wz_moving,wz_other,wz_shlder_mdn,vehicle_count,automobile_count,motorcycle_count,bus_count,small_truck_count,heavy_truck_count,suv_count,van_count,bicycle_count,maj_inj_count,mod_inj_count,min_inj_count,tot_inj_count,unk_inj_deg_count,unk_inj_per_count,driver_count_16yr,driver_count_17yr,driver_count_18yr,driver_count_19yr,driver_count_20yr,driver_count_50_64yr,driver_count_65_74yr,driver_count_75plus,unbelted_occ_count,unb_death_count,unb_maj_inj_count,belted_death_count,belted_maj_inj_count,mcycle_death_count,mcycle_maj_inj_count,bicycle_death_count,bicycle_maj_inj_count,ped_count,ped_death_count,ped_maj_inj_count,max_severity_level,comm_veh_count,dec_lat,dec_long,rdwy_surf_type_cd,county_name
 ,63649,2012112639,6,67,67301,2012,10,7,1054,10,1,1,0,8,5, , ,N,1,2,0,3,0,1,5,3,N,N,40 01:18.102,75 08:23.227,1104, ,1058,3,2,5,N, ,3,Y, , , , ,697922, , , ,2,0,0,0,1,0,1,0,0,0,1,0,1,0,0,0,0,0,0,0,0,0,0,0,0,0,0,0,0,0,0,0,1,0,0,3,0,40.0218,-75.1396, , 
 ,63650,2012114862,6,67,67301,2012,10,2,745,7,1,1,8,1,1, , ,N,1,2,0,3,0,1,2,2,N,N,39 56:41.121,75 08:48.753,748, ,746,9,1,4, , ,3,N, , , , ,697926, , , ,2,2,0,0,0,0,0,0,0,0,1,0,1,0,0,0,0,0,0,0,1,0,0,0,0,0,0,0,0,0,0,0,0,0,0,3,0,39.9448,-75.1469, , 
 ,63651,2012060680,6,67,67301,2012,5,5,1529,15,1,1,0,1,2, , ,N,0,0,0,3,0,1,3,3,N, ,40 04:21.140,75 14:20.920,1533, ,1330, ,0, , , ,0, , , , , ,697934, , , ,3,1,0,0,1,0,1,0,0,0,0,1,1,0,0,0,0,0,0,1,0,0,0,0,0,0,0,0,0,0,0,0,0,0,0,4,0,40.0725,-75.2391, , 
 ,63652,2012068195,6,67,67301,2012,7,3,440,4,3,1,0,5,1, , ,N,1,2,0,3,0,1,2,2,N,N,40 02:39.450,75 03:14.767,545, ,530,3,2,1,Y, ,3,Y, , , , ,697944, , , ,2,1,0,0,0,1,0,0,0,0,0,1,1,0,0,0,0,0,0,0,1,1,0,1,0,0,0,0,0,0,0,0,0,0,0,4,1,40.0443,-75.0541, , 
 ,63653,2012078607,6,67,67301,2012,7,3,1625,16,1,1,0,5,1, , ,N,0,0,0,3,0,0,4,2,N,N,40 00:59.540,75 02:46.960,1643, ,1641, ,0, ,N, ,0, , , , , ,697957, , , ,2,2,0,0,0,0,0,0,0,0,0,0,0,0,0,0,0,1,0,0,0,0,0,0,0,0,0,0,0,0,0,0,0,0,0,0,0,40.0165,-75.0464, , 
 ,63654,2012092228,6,67,67301,2012,9,6,2020,20,3,1,0,1,1, , ,N,0,0,0,3,0,1,6,3,N,N,39 57:33.231,75 10:25.314,2044, ,2030, ,0, ,N, ,0, , , , , ,697970, , , ,3,1,0,0,0,0,2,0,0,0,0,1,1,0,0,0,0,0,0,0,1,0,0,0,0,0,0,0,0,0,0,0,0,0,0,4,0,39.9592,-75.1737, , 
 ,63655,2012063966,6,67,67301,2012,5,2,9999,99,1,1,0,4,1, , ,N,0,0,0,3,0,1,2,2,N,N,40 02:42.030,75 04:08.500,1832, ,1832, ,0, ,N, ,0, , , , , ,697981, , , ,1,1,0,0,0,0,0,0,1,0,0,0,1,1,0,0,0,0,0,0,0,1,0,0,0,0,0,0,0,0,0,0,0,0,0,8,0,40.045,-75.069, , 
 ,63656,2012078262,6,67,67301,2012,7,7,639,6,1,1,0,8,1, , ,N,0,0,0,3,0,1,2,2,N,N,40 00:18.075,75 10:46.070,641, ,640, ,0, ,N, ,0, , , , , ,697999, , , ,1,0,0,0,0,0,1,0,0,0,0,1,1,0,0,0,0,0,0,0,0,0,0,0,0,0,0,0,0,0,0,0,1,0,0,4,0,40.005,-75.1795, , 
 ,63657,2012078478,6,67,67301,2012,7,7,2200,22,3,1,0,8,1, , ,N,1,0,0,3,0,2,4,1,N, ,39 54:40.810,75 14:33.592,2215, ,2205, ,0, , , ,0, , , , , ,698000, , , ,0,0,0,0,0,0,0,0,0,0,0,0,0,0,4,0,0,0,0,0,0,0,0,0,0,0,0,0,0,0,0,0,4,0,0,9,0,39.9113,-75.2427, , 
 ,63658,2012080765,6,67,67301,2012,7,5,925,9,1,1,0,4,1, , ,N,1,2,0,3,0,0,3,2,N,N,40 06:40.188,75 01:27.736,932, ,928, ,0, ,N, ,3, , , , , ,698004, , , ,2,1,0,0,1,0,0,0,0,0,0,0,0,0,0,0,0,0,0,0,0,0,0,0,0,0,0,0,0,0,0,0,0,0,0,0,0,40.1112,-75.0243, , 
 ,63659,2012104168,6,67,67301,2012,9,1,1916,19,2,1,0,8,1, , ,N,0,0,7,3,0,1,2,1,N,N,40 05:13.424,75 02:26.875,1918, ,1918, ,0, ,N, ,0, , , , , ,698025, , , ,1,1,0,0,0,0,0,0,0,0,0,0,1,1,0,0,0,0,0,0,0,1,0,0,0,0,0,0,0,0,0,0,1,0,0,8,0,40.0871,-75.0408, , 
 ,63660,2012068750,6,67,67301,2012,6,3,630,6,1,1,0,7,5, , ,N,0,0,0,3,0,2,2,1,N,N,40 02:24.661,75 08:53.869,631, ,630,3,2,1,N, ,0,Y, , , , ,698031, , , ,1,1,0,0,0,0,0,0,0,0,0,2,2,0,0,0,0,0,0,0,0,0,0,0,0,0,0,0,0,0,0,0,0,0,0,4,0,40.0402,-75.1483, , 
 ,63661,2012060806,6,67,67301,2012,5,7,1400,14,1,1,0,4,1, , ,N,1,0,0,3,0,1,2,2,N, ,39 58:10.746,75 12:41.274,1415, ,1403, ,0, , , ,0, , , , , ,698040, , , ,2,1,1,0,0,0,0,0,0,0,0,0,1,1,0,0,0,0,0,0,0,0,0,0,0,0,0,0,0,0,0,0,0,0,0,8,0,39.9697,-75.2115, , 
 ,63662,2012066753,6,67,67301,2012,5,5,1730,17,1,1,0,1,1, , ,N,1,2,0,3,0,1,2,2,N,N,40 02:39.450,75 03:14.767,9999, ,9999, ,0, ,N, ,3, , , , , ,698047, , , ,2,1,0,0,0,0,0,1,0,0,0,1,1,0,1,0,0,0,0,0,0,0,0,0,0,0,0,0,0,0,0,0,0,0,0,4,0,40.0443,-75.0541, , 
 ,63663,2012086511,6,67,67301,2012,8,6,535,5,3,1,0,8,4, , ,N,0,2,7,3,0,1,2,2,N,N,40 04:43.402,74 59:55.154,550, ,536, ,0, ,N, ,3, , , , , ,701093, , , ,1,0,0,0,0,0,1,0,0,0,0,0,1,1,0,0,0,0,0,0,1,0,0,0,0,0,0,0,0,0,0,0,1,0,0,8,0,40.0787,-74.9987, , 
 ,63664,2012095410,6,67,67301,2012,8,5,1826,18,4,2,1,9,1, , ,N,0,0,0,3,0,0,2,2,N,N,39 58:57.097,75 10:31.454,1920, ,1919,9,1,2,N, ,0,N, , , , ,701096, , , ,2,1,0,0,0,0,1,0,0,0,0,0,0,0,0,0,0,0,0,0,0,0,0,0,0,0,0,0,0,0,0,0,0,0,0,0,0,39.9825,-75.1754, , 
 ,63665,2012104258,6,67,67301,2012,9,3,750,7,1,1,0,1,1, , ,N,0,0,0,3,0,2,3,2,N, ,40 02:54.621,75 03:41.153,758, ,753, ,0, , , ,0, , , , , ,701102, , , ,2,1,0,0,1,0,0,0,0,0,0,2,2,0,0,0,0,0,0,0,0,0,0,0,0,0,0,0,0,0,0,0,0,0,0,4,0,40.0485,-75.0614, , 
 ,63666,2012059623,6,67,67301,2012,6,5,826,8,1,1,0,1,1, , ,N,0,0,0,3,0,1,3,2,N,N,40 01:54.835,75 01:16.989,834, ,830, ,0, ,N, ,0, , , , , ,701109, , , ,2,1,0,0,0,0,1,0,0,0,0,1,1,0,0,0,0,0,0,0,1,0,0,0,0,0,0,0,0,0,0,0,0,0,0,4,0,40.0319,-75.0214, , 
 ,63667,2012064004,6,67,67301,2012,5,5,1410,14,1,1,0,8,1, , ,N,1,2,0,3,0,1,2,2,N,N,40 04:15.211,75 02:57.868,1420, ,1420, ,0, ,N, ,3, , , , , ,701111, , , ,1,1,0,0,0,0,0,0,0,0,0,0,1,1,0,0,0,0,0,0,0,0,0,0,0,0,0,0,0,0,0,0,1,0,0,8,0,40.0709,-75.0494, , 
 ,63668,2012078357,6,67,67301,2012,7,6,2311,23,3,1,0,4,1, , ,N,1,2,0,3,0,2,3,2,N,N,40 03:23.473,75 03:12.176,2321, ,2316, ,0, ,N, ,3, , , , , ,701125, , , ,2,2,0,0,0,0,0,0,0,0,0,1,2,1,1,0,0,0,0,0,0,0,0,0,0,0,0,0,0,0,0,0,0,0,0,4,0,40.0564,-75.0533, , 
 ,63669,2012097370,6,67,67301,2012,9,5,1845,18,1,1,0,1,1, , ,N,0,0,0,3,0,1,3,2,N,N,40 02:09.867,75 00:59.650,1907, ,1847, ,0, ,N, ,0, , , , , ,701137, , , ,2,2,0,0,0,0,0,0,0,0,0,0,1,1,0,0,0,0,0,0,0,0,0,0,0,0,0,0,0,0,0,0,0,0,0,8,0,40.0361,-75.0165, , 
 ,63670,2012098963,6,67,67301,2012,9,1,1404,14,1,1,0,2,1, , ,N,1,2,0,3,0,5,5,2,N,N,40 05:18.096,75 02:38.680,1418, ,1414,1,1,2,N, ,3,N, , , , ,701140, , , ,2,2,0,0,0,0,0,0,0,0,0,0,5,5,0,0,1,0,0,0,0,0,0,0,0,0,0,0,0,0,0,0,0,0,0,8,0,40.0884,-75.044, , 
 ,63671,2012073523,6,67,67301,2012,6,6,2145,21,2,2,1,4,1, , ,N,1,2,0,3,0,1,3,2,N,N,40 01:41.450,75 02:20.031,2202, ,2159, ,0, ,N, ,1, , , , , ,701157, , , ,2,1,0,0,0,0,0,1,0,0,0,0,1,1,2,0,0,0,0,1,0,0,0,0,0,0,0,0,0,0,0,0,0,0,0,8,0,40.0282,-75.0389, , 
 ,63672,2012075989,6,67,67301,2012,6,2,820,8,1,1,0,4,1, , ,N,0,0,0,3,0,1,3,3,N,N,40 01:16.366,75 08:25.522,822, ,820,1,2,2,N, ,0,N, , , , ,701159, , , ,3,3,0,0,0,0,0,0,0,0,0,1,1,0,0,0,0,0,0,0,0,0,0,0,0,0,0,0,0,0,0,0,0,0,0,4,0,40.0212,-75.1404, , 
 ,63673,2012078609,6,67,67301,2012,7,2,754,7,1,1,0,4,1, , ,N,1,3,0,3,0,1,2,2,N,N,39 55:29.686,75 09:16.322,806, ,754, ,0, ,N, ,3, , , , , ,701161, , , ,2,1,0,0,1,0,0,0,0,0,0,1,1,0,0,0,0,0,0,0,1,0,0,1,0,0,0,0,0,0,0,0,0,0,0,4,0,39.9249,-75.1545, , 
 ,63674,2012073466,6,67,67301,2012,6,3,300,3,3,1,0,4,1, , ,N,2,3,0,3,0,5,6,2,N,N,40 02:40.398,75 10:03.986,307, ,304, ,0, , , ,3, , , , , ,701170, , , ,2,2,0,0,0,0,0,0,0,0,0,5,5,0,0,0,0,0,0,0,0,0,0,0,0,0,0,0,0,0,0,0,0,0,0,4,0,40.0446,-75.1678, , 
 ,63675,2012073545,6,67,67301,2012,6,7,1130,11,1,1,0,4,1, , ,N,3,3,0,3,0,2,3,2,N, ,40 01:15.855,75 09:27.038,1142, ,1136,9,1,2, , ,3,N, , , , ,701171, , , ,2,1,0,0,0,0,1,0,0,0,0,0,2,2,1,0,0,0,0,0,1,0,0,0,0,0,0,0,0,0,0,0,0,0,0,8,0,40.0211,-75.1575, , 
 ,63676,2012080862,6,67,67301,2012,7,5,1652,16,1,1,0,4,1, , ,N,2,2,0,3,0,2,3,2,N,N,39 57:21.859,75 14:16.659,1705, ,1655, ,0, ,N, ,3, , , , , ,701174, , , ,2,0,0,0,0,0,2,0,0,0,0,0,2,2,0,0,0,1,0,0,0,0,0,1,0,0,0,0,0,0,0,0,0,0,0,8,0,39.9561,-75.238, , 
 ,63677,2012098249,6,67,67301,2012,9,7,1520,15,1,1,0,4,1, , ,N,1,2,0,3,0,0,7,2,N,N,40 03:10.148,75 04:51.592,1550, ,1546,2,1,3,N, ,3,Y, , , , ,701191, , , ,2,1,0,0,0,0,0,1,0,0,0,0,0,0,3,0,0,0,0,0,1,0,0,0,0,0,0,0,0,0,0,0,0,0,0,9,0,40.0528,-75.081, , 
 ,63678,2012066566,6,67,67301,2012,5,5,1955,19,1,1,0,4,1, , ,N,1,2,0,3,0,1,3,2,N,N,40 02:20.299,75 09:00.122,2008, ,2002, ,0, ,N, ,3, , , , , ,701220, , , ,2,2,0,0,0,0,0,0,0,0,0,0,1,1,1,0,0,0,1,0,1,0,0,2,0,0,0,0,0,0,0,0,0,0,0,8,0,40.039,-75.15, , 
 ,63679,2012076022,6,67,67301,2012,6,2,1615,16,1,1,0,4,1, , ,N,1,2,0,3,0,1,2,2,N,N,40 03:34.628,75 04:09.170,1628, ,1624,1,2,5,N, ,3,N, , , , ,701226, , , ,2,1,0,0,0,0,1,0,0,0,0,1,1,0,0,0,0,0,0,0,0,0,0,0,0,0,0,0,0,0,0,0,0,0,0,4,0,40.0596,-75.0692, , 
 ,63680,2012078555,6,46,46102,2012,7,1,1145,11,1,1,0,4,1, , ,N,1,2,0,3,0,1,2,2,N,N,40 03:55.027,75 05:25.289,1230, ,1228,1,1,4,N, ,3,Y, , , , ,701229, , , ,2,1,0,0,1,0,0,0,0,0,0,1,1,0,0,0,0,0,0,0,1,0,0,0,0,0,0,0,0,0,0,0,0,0,0,4,0,40.0653,-75.0904, , 
 ,63681,2012111921,6,67,67301,2012,10,1,2126,21,3,2,1,7,4, , ,N,0,0,0,3,0,2,3,1,N,N,39 58:56.134,75 12:27.806,2131, ,2130,1,1,3,N, ,0,N, , , , ,704235, , , ,1,1,0,0,0,0,0,0,0,0,0,0,2,2,0,0,0,0,1,0,0,0,0,2,0,0,0,0,0,0,0,0,0,0,0,8,0,39.9823,-75.2077, , 
 ,63682,2012066442,6,67,67301,2012,5,4,628,6,1,1,0,4,1, , ,N,1,2,0,3,0,0,4,2,N,N,39 55:25.928,75 13:29.863,745, ,740,2,1,2,N, ,3,N, , , , ,704243, , , ,2,2,0,0,0,0,0,0,0,0,0,0,0,0,0,0,0,0,0,0,0,0,0,0,0,0,0,0,0,0,0,0,0,0,0,0,0,39.9239,-75.225, , 
 ,63683,2012066586,6,67,67301,2012,6,5,1920,19,1,1,0,3,1, , ,N,0,0,0,3,0,1,2,2,N,N,39 56:55.693,75 09:43.861,1935, ,1930, ,0, , , ,0, , , , , ,704244, , , ,2,1,0,0,0,0,1,0,0,0,1,0,1,0,0,0,0,0,0,0,0,0,0,0,0,0,0,0,0,0,0,0,0,0,0,3,0,39.9488,-75.1622, , 
 ,63684,2012083202,6,67,67301,2012,7,3,2200,22,3,1,0,1,2, , ,N,0,0,0,3,0,0,1,3,N,N,40 00:01.879,75 06:28.396,100, ,58,3,1,3,N, ,0,Y, , , , ,704254, , , ,3,2,0,0,1,0,0,0,0,0,0,0,0,0,0,0,0,0,0,0,0,0,0,0,0,0,0,0,0,0,0,0,0,0,0,0,0,40.0005,-75.1079, , 
 ,63685,2012092878,6,67,67301,2012,9,3,400,4,3,2,7,9,1, , ,N,0,0,0,3,0,0,1,1,N,N,39 59:29.906,75 05:09.276,412, ,403,2,2,2,Y, ,0,Y, , , , ,704266, , , ,1,0,0,0,0,0,1,0,0,0,0,0,0,0,0,0,0,0,0,0,1,0,0,0,0,0,0,0,0,0,0,0,0,0,0,0,0,39.9915,-75.086, , 
 ,63686,2012112350,6,67,67301,2012,11,4,1250,12,1,7,1,7,4, , ,N,0,0,0,3,0,0,1,1,N,N,39 58:31.938,75 06:57.455,1250, ,1250,2,1,1,N, ,0,N, , , , ,704287, , , ,1,1,0,0,0,0,0,0,0,0,0,0,0,0,0,0,0,0,0,0,0,0,0,0,0,0,0,0,0,0,0,0,0,0,0,0,0,39.9755,-75.1161, , 
 ,63687,2012117221,6,67,67301,2012,10,6,1833,18,3,1,0,8,1, , ,N,0,0,7,3,0,1,2,2,N,N,40 02:38.159,75 06:08.949,1859, ,1853, ,0, ,N, ,0, , , , , ,704290, , , ,1,1,0,0,0,0,0,0,0,0,0,1,1,0,0,0,0,0,0,0,0,0,0,0,0,0,0,0,0,0,0,0,1,0,0,4,0,40.0439,-75.1025, , 
 ,63688,2012064017,6,67,67301,2012,5,4,751,7,1,1,0,4,1, , ,N,1,2,0,3,0,2,3,2,N,N,39 59:15.414,75 10:44.317,758, ,751, ,0, ,N, ,3, , , , , ,704294, , , ,2,1,0,0,0,0,1,0,0,0,0,1,2,1,0,0,0,0,0,0,1,0,0,0,0,0,0,0,0,0,0,0,0,0,0,4,0,39.9876,-75.179, , 
Y,63689,2012087101,6,67,67301,2012,8,2,934,9,1,2,1,1,1,1,4,Y,0,0,3,3,0,1,3,2,N,N,39 53:55.145,75 10:48.668,948,55,948, ,0, ,N, ,0, ,N,N,N,N,704306,N,N,N,2,2,0,0,0,0,0,0,0,0,0,1,1,0,0,0,0,0,0,1,0,0,0,0,0,0,0,0,0,0,0,0,0,0,0,4,0,39.8987,-75.1802, , 
 ,63690,2012101153,6,67,67301,2012,10,5,2049,20,3,1,0,7,7, , ,N,7,0,2,3,0,0,2,1,N,N,39 57:35.412,75 10:39.053,2100, ,2052, ,0, ,Y, ,0, , , , , ,704321, , , ,1,1,0,0,0,0,0,0,0,0,0,0,0,0,0,0,0,0,0,0,0,0,0,0,0,0,0,0,0,0,0,0,0,0,0,0,0,39.9598,-75.1775, , 
 ,63691,2012105398,6,9,9212,2012,10,1,1505,15,1,1,0,4,1, , ,N,1,2,0,3,0,1,2,2,N,N,40 08:03.948,75 00:33.638,1510, ,1507,1,1,1,N, ,3,N, , , , ,704324, , , ,2,1,0,0,0,0,1,0,0,0,0,1,1,0,0,0,0,0,0,0,0,1,0,0,0,0,0,0,0,0,0,0,0,0,0,4,0,40.1343,-75.0091, , 
 ,63692,2012075979,6,67,67301,2012,6,3,1900,19,1,1,0,4,1, , ,N,1,2,0,3,0,2,4,2,N,N,40 01:37.983,75 10:15.634,1906, ,1902, ,0, , , ,3, , , , , ,704352, , , ,2,0,0,0,2,0,0,0,0,0,1,1,2,0,0,0,0,0,0,0,0,0,0,0,0,0,0,0,0,0,0,0,0,0,0,3,0,40.0272,-75.171, , 
 ,63693,2012078184,6,67,67301,2012,6,4,800,8,1,1,0,1,1, , ,N,1,2,0,3,0,1,4,2,N, ,40 04:17.013,75 09:40.693,925, ,923, ,0, , , ,3, , , , , ,704359, , , ,2,2,0,0,0,0,0,0,0,0,0,0,1,1,0,0,0,0,0,0,1,0,0,0,0,0,0,0,0,0,0,0,0,0,0,8,0,40.0714,-75.1613, , 
 ,63694,2012085902,6,67,67301,2012,7,6,306,3,3,2,1,7,3, , ,N,0,0,0,3,0,0,1,1,N,N,40 02:37.050,75 06:50.726,315, ,314,3,2,3,N, ,0,Y, , , , ,704369, , , ,1,1,0,0,0,0,0,0,0,0,0,0,0,0,1,0,0,0,0,0,0,0,0,0,0,0,0,0,0,0,0,0,0,0,0,9,0,40.0436,-75.1141, , 
 ,63695,2012098281,6,67,67301,2012,9,6,1647,16,1,1,0,4,2, , ,N,1,2,0,3,0,1,1,2,N,N,39 57:39.809,75 08:41.875,1653, ,1649, ,0, ,N, ,3, , , , , ,704385, , , ,1,0,0,0,0,0,0,1,1,0,0,1,1,0,0,0,0,0,0,0,0,0,0,0,0,0,0,0,0,0,0,0,0,0,0,4,0,39.9609,-75.145, , 
 ,63696,2012098368,6,67,67301,2012,9,3,9999,99,1,1,0,9,1, , ,N,1,2,0,3,0,1,2,2,N,N,40 01:23.655,75 08:11.842,1220, ,1215,1,1,3,N, ,3,N, , , , ,704386, , , ,2,1,0,0,0,0,1,0,0,0,1,0,1,0,0,0,0,0,0,0,1,1,0,0,0,0,0,0,0,0,0,0,0,0,0,3,0,40.023,-75.1369, , 
 ,63697,2012063868,6,67,67301,2012,5,3,650,6,1,1,1,4,1, , ,N,1,3,0,3,0,1,3,3,N,N,39 57:51.382,75 09:01.126,657, ,655,2,2,4,N, ,3,Y, , , , ,704395, , , ,3,3,0,0,0,0,0,0,0,0,0,1,1,0,0,0,0,0,0,0,0,0,0,0,0,0,0,0,0,0,0,0,0,0,0,4,0,39.9643,-75.1503, , 
 ,63698,2012060130,6,67,67301,2012,6,6,1414,14,1,1,0,0,1, , ,N,0,0,0,3,0,0,2,2,N,N,40 00:46.936,75 03:28.583,1530, ,1520, ,0, ,N, ,0, , , , , ,704399, , , ,2,1,0,0,1,0,0,0,0,0,0,0,0,0,0,0,0,0,0,0,0,0,0,0,0,0,0,0,0,0,0,0,0,0,0,0,0,40.013,-75.0581, , 
 ,63699,2012060762,6,67,67301,2012,4,3,248,2,3,1,0,4,6, , ,N,0,0,0,3,0,0,2,4,N, ,40 01:11.790,75 06:41.197,403, ,315, ,0, , , ,0, , , , , ,704400, , , ,4,1,0,0,0,0,2,1,0,0,0,0,0,0,0,0,0,0,0,0,0,0,0,0,0,0,0,0,0,0,0,0,0,0,0,0,0,40.0199,-75.1114, , 
 ,63700,2012081352,6,67,67301,2012,8,5,2156,21,3,1,0,4,1, , ,N,0,0,3,3,0,1,2,2,N,N,39 54:47.991,75 09:28.231,2156, ,2156, ,0, ,N, ,0, , , , , ,706619, , , ,2,1,1,0,0,0,0,0,0,0,0,0,1,1,0,0,0,0,0,0,0,0,0,0,0,0,0,0,0,0,0,0,0,0,0,8,0,39.9133,-75.1578, , 
 ,63701,2012065874,6,67,67301,2012,6,2,805,8,1,1,0,7,3, , ,N,0,0,0,3,0,1,2,2,N,N,40 00:36.507,75 03:48.117,806, ,806,1,1,1,Y, ,0,N, , , , ,706671, , , ,1,1,0,0,0,0,0,0,0,0,0,0,1,1,0,0,0,0,0,0,0,0,0,0,0,0,0,0,0,0,0,0,0,0,0,8,0,40.0101,-75.0635, , 
 ,63702,2012067072,6,67,67301,2012,6,1,1151,11,1,1,0,5,1, , ,N,0,0,0,3,0,2,2,2,N,N,40 00:41.662,75 10:57.497,1200, ,1152,1,1,2,N, ,0,N, , , , ,706672, , , ,2,2,0,0,0,0,0,0,0,0,0,2,2,0,0,0,0,0,0,0,1,0,0,0,0,0,0,0,0,0,0,0,0,0,0,4,0,40.0116,-75.1826, , 
 ,63703,2012060813,6,67,67301,2012,5,4,1740,17,1,1,0,4,1, , ,N,1,3,0,3,0,1,7,2,N,N,39 59:22.866,75 09:28.871,1747, ,1743, ,0, ,N, ,3, , , , , ,706704, , , ,2,2,0,0,0,0,0,0,0,0,0,1,1,0,0,0,0,0,0,0,0,0,0,0,0,0,0,0,0,0,0,0,0,0,0,4,0,39.9897,-75.158, , 
 ,63704,2012068896,6,67,67301,2012,6,6,855,8,1,1,0,4,1, , ,N,2,3,0,3,0,1,2,2,N,N,39 58:40.436,75 12:21.801,900, ,900, ,0, ,N, ,3, , , , , ,706712, , , ,2,2,0,0,0,0,0,0,0,0,0,1,1,0,0,0,0,0,0,0,1,0,0,0,0,0,0,0,0,0,0,0,0,0,0,4,0,39.9779,-75.2061, , 
 ,63705,2012085870,6,67,67301,2012,7,4,9999,99,1,1,0,8,1, , ,N,0,0,0,3,0,1,3,2,N,N,40 02:45.225,75 10:18.264,1145, ,1139, ,0, , , ,0, , , , , ,706729, , , ,1,0,0,0,0,0,1,0,0,1,0,0,1,0,0,0,0,0,0,0,0,0,0,0,0,0,0,0,0,0,0,0,1,0,1,2,0,40.0459,-75.1717, , 
 ,63706,2012098361,6,67,67301,2012,9,2,1120,11,1,1,0,4,1, , ,N,0,2,0,3,0,1,2,2,N,N,40 01:05.894,75 05:00.124,1131, ,1128,3,2,3, , ,3,Y, , , , ,706739, , , ,1,0,0,0,1,0,0,0,1,0,0,1,1,0,0,0,0,0,0,0,1,0,0,0,0,0,0,0,0,0,0,0,0,0,0,4,0,40.0183,-75.0834, , 
 ,63707,2012099387,6,67,67301,2012,8,2,1011,10,1,1,0,8,1, , ,N,2,3,0,3,0,1,3,2,N,N,39 58:55.621,75 15:20.293,1040, ,1039, ,0, ,N, ,3, , , , , ,706742, , , ,1,0,0,0,0,0,0,1,1,0,0,1,1,0,0,0,0,0,0,0,1,0,0,0,0,0,0,0,0,0,0,0,0,0,0,4,0,39.9821,-75.2556, , 
 ,63708,2012100607,6,67,67301,2012,9,7,1716,17,1,2,1,1,1, , ,N,1,0,0,3,0,3,4,3,N, ,40 01:15.937,75 08:23.758,1724, ,1720,2,1,1, , ,0,N, , , , ,706744, , , ,3,1,1,0,0,0,1,0,0,0,1,1,3,1,0,0,0,0,0,0,1,1,0,0,0,0,0,0,0,0,0,0,0,0,0,3,0,40.0211,-75.1399, , 
 ,63709,2012050547,6,67,67301,2012,5,2,620,6,1,1,0,7,2, , ,N,0,0,0,3,0,0,1,1,N,N,39 58:02.347,75 07:59.341,636, ,625, ,0, ,N, ,0, , , , , ,706758, , , ,1,1,0,0,0,0,0,0,0,0,0,0,0,0,0,0,0,0,0,0,0,0,0,1,0,0,0,0,0,0,0,0,0,0,0,0,0,39.9673,-75.1331, , 
 ,63710,2012060829,6,67,67301,2012,5,6,2041,20,3,1,0,0,1, , ,N,1,2,0,3,0,1,1,1,N,N,40 05:40.718,75 00:54.707,2041, ,2041,2,1,1,N, ,3,N, , , , ,706768, , , ,1,0,1,0,0,0,0,0,0,0,1,0,1,0,0,0,0,0,0,0,0,0,0,0,0,0,0,0,0,0,0,0,0,0,0,3,0,40.0946,-75.0152, , 
 ,63711,2012063963,6,67,67301,2012,5,3,2030,20,6,1,0,4,1, , ,N,1,0,0,3,0,1,4,2,N,N,39 58:02.834,75 14:48.652,2046, ,2042, ,0, ,N, ,0, , , , , ,706774, , , ,2,2,0,0,0,0,0,0,0,0,0,1,1,0,0,0,0,1,0,0,0,0,0,0,0,0,0,0,0,0,0,0,0,0,0,4,0,39.9675,-75.2468, , 
 ,63712,2012078387,6,67,67301,2012,6,7,725,7,1,1,0,8,1, , ,N,1,0,0,3,0,1,2,2,N,N,39 58:18.116,75 14:16.011,735, ,729, ,0, ,N, ,0, , , , , ,706807, , , ,1,1,0,0,0,0,0,0,0,0,0,1,1,0,0,0,0,0,0,0,0,0,0,0,0,0,0,0,0,0,0,0,1,0,0,4,0,39.9717,-75.2378, , 
 ,63713,2012078533,6,67,67301,2012,7,3,1535,15,1,1,0,7,2, , ,N,2,0,0,3,0,0,1,1,N,N,40 06:33.444,75 02:34.155,1540, ,1537, ,0, ,N, ,0, , , , , ,706808, , , ,1,0,0,0,0,0,1,0,0,0,0,0,0,0,0,0,0,0,0,0,1,0,0,0,0,0,0,0,0,0,0,0,0,0,0,0,0,40.1093,-75.0428, , 
 ,63714,2012083290,6,67,67301,2012,7,1,2150,21,3,1,0,4,1, , ,N,1,2,0,3,0,1,4,4,N, ,39 59:53.948,75 08:59.503,2150, ,2150, ,0, , , ,3, , , , , ,706811, , , ,4,4,0,0,0,0,0,0,0,0,0,0,1,1,2,1,0,0,0,0,0,0,0,0,0,0,0,0,0,0,0,0,0,0,0,8,0,39.9983,-75.1499, , 