wz_ln_closure,objectid_1,crn,district,county,municipality,crash_year,crash_month,day_of_week,time_of_day,hour_of_day,illumination,weather,road_condition,collision_type,relation_to_road,work_zone_type,work_zone_loc,work_zone_ind,intersect_type,tcd_type,location_type,urban_rural,fatal_count,injury_count,person_count,total_units,sch_bus_ind,sch_zone_ind,latitude,longitude,arrival_tm,cons_zone_spd_lim,dispatch_tm,est_hrs_closed,lane_closed,ln_close_dir,ntfy_hiwy_maint,spec_juris_cd,tcd_func_cd,tfc_detour_ind,workers_pres,wz_close_detour,wz_flagger,wz_law_offcr_ind,objectid,wz_moving,wz_other,wz_shlder_mdn,vehicle_count,automobile_count,motorcycle_count,bus_count,small_truck_count,heavy_truck_count,suv_count,van_count,bicycle_count,maj_inj_count,mod_inj_count,min_inj_count,tot_inj_count,unk_inj_deg_count,unk_inj_per_count,driver_count_16yr,driver_count_17yr,driver_count_18yr,driver_count_19yr,driver_count_20yr,driver_count_50_64yr,driver_count_65_74yr,driver_count_75plus,unbelted_occ_count,unb_death_count,unb_maj_inj_count,belted_death_count,belted_maj_inj_count,mcycle_death_count,mcycle_maj_inj_count,bicycle_death_count,bicycle_maj_inj_count,ped_count,ped_death_count,ped_maj_inj_count,max_severity_level,comm_veh_count,dec_lat,dec_long,rdwy_surf_type_cd,county_name
 ,63715,2012096049,6,67,67301,2012,8,5,2300,23,3,1,0,8,1, , ,N,0,0,0,3,0,1,2,2,N,N,39 57:21.765,75 14:01.701,2340, ,2336, ,0, ,N, ,0, , , , , ,706823, , , ,1,1,0,0,0,0,0,0,0,0,0,1,1,0,0,0,0,0,0,0,0,0,0,0,0,0,0,0,0,0,0,0,1,0,0,4,0,39.956,-75.2338, , 
 ,63716,2012098284,6,67,67301,2012,9,5,2345,23,3,1,0,1,6, , ,N,0,0,0,3,0,1,1,2,N,N,39 55:23.619,75 13:13.881,34, ,32,2,1,2,N, ,0,N, , , , ,706824, , , ,2,1,0,0,0,1,0,0,0,0,0,1,1,0,0,0,0,0,0,0,0,0,0,0,0,0,0,0,0,0,0,0,0,0,0,4,1,39.9232,-75.2205, , 
 ,63717,2012099040,6,67,67301,2012,9,2,1436,14,1,1,0,4,1, , ,N,1,2,0,3,0,2,2,2,N,N,40 03:24.250,75 02:48.711,1440, ,1437,1,2,1,N, ,3,N, , , , ,706825, , , ,2,2,0,0,0,0,0,0,0,0,0,0,2,2,0,0,0,0,0,0,0,0,0,0,0,0,0,0,0,0,0,0,0,0,0,8,0,40.0567,-75.0469, , 
 ,63718,2012066651,6,67,67301,2012,5,3,1205,12,1,1,0,8,1, , ,N,1,3,0,3,0,1,2,2,N,N,39 59:43.476,75 07:03.885,1215, ,1213, ,0, , , ,3, , , , , ,698087, , , ,1,1,0,0,0,0,0,0,0,0,1,0,1,0,0,0,0,0,0,0,0,0,0,0,0,0,0,0,0,0,0,0,1,0,0,3,0,39.9954,-75.1177, , 
 ,63719,2012098409,6,67,67301,2012,8,4,1156,11,1,1,0,7,2, , ,N,0,0,0,3,0,1,2,2,N,N,39 58:16.424,75 15:39.294,1210, ,1201, ,0, ,N, ,0, , , , , ,698120, , , ,1,1,0,0,0,0,0,0,0,0,1,0,1,0,0,0,0,0,0,0,0,0,0,0,0,0,0,0,0,0,0,0,0,0,0,3,0,39.9712,-75.2609, , 
 ,63720,2012058529,6,67,67301,2012,6,1,1340,13,1,1,0,7,3, , ,N,7,0,2,3,0,0,1,1,N,N,40 02:50.923,74 59:59.580,1356, ,1350, ,0, ,Y, ,0, , , , , ,698137, , , ,1,1,0,0,0,0,0,0,0,0,0,0,0,0,0,0,0,0,0,0,0,0,0,0,0,0,0,0,0,0,0,0,0,0,0,0,0,40.0468,-75.0008, , 
 ,63721,2012078998,6,67,67301,2012,7,3,1455,14,1,1,0,4,1, , ,N,1,3,0,3,0,0,2,4,N, ,40 03:47.232,75 09:56.599,1526, ,1523, ,0, , , ,3, , , , , ,698158, , , ,4,3,0,0,1,0,0,0,0,0,0,0,0,0,0,0,0,0,0,0,1,0,0,0,0,0,0,0,0,0,0,0,0,0,0,0,0,40.0631,-75.1657, , 
 ,63722,2012083210,6,67,67301,2012,8,3,850,8,3,1,0,2,1, , ,N,2,3,0,3,0,2,4,2,N,N,40 00:09.964,75 07:32.368,2145, ,2141, ,0, ,N, ,3, , , , , ,698160, , , ,2,1,0,0,0,0,1,0,0,0,2,0,2,0,0,0,0,0,0,0,0,0,0,4,0,0,0,0,0,0,0,0,0,0,0,3,0,40.0028,-75.1257, , 
 ,63723,2012085438,6,67,67301,2012,7,6,1330,13,1,1,0,1,1, , ,N,0,0,0,3,0,5,9,3,N,N,39 57:01.489,75 10:59.765,1338, ,1333,1,2,4,N, ,0,Y, , , , ,698163, , , ,3,2,0,0,0,0,1,0,0,0,1,4,5,0,0,0,0,0,0,1,0,0,0,0,0,0,0,0,0,0,0,0,0,0,0,3,0,39.9505,-75.1832, , 
 ,63724,2012075967,6,67,67301,2012,6,6,2200,22,3,1,0,8,2, , ,N,1,0,0,3,0,1,2,2,N,N,39 57:18.903,75 12:41.985,2220, ,2212, ,0, ,N, ,0, , , , , ,698179, , , ,1,1,0,0,0,0,0,0,0,0,0,0,1,1,1,0,0,0,0,0,0,0,0,0,0,0,0,0,0,0,0,0,1,0,0,8,0,39.9552,-75.2116, , 
 ,63725,2012083159,6,67,67301,2012,7,2,2120,21,3,1,0,8,1, , ,N,1,0,0,3,0,1,3,2,N,N,39 59:40.988,75 11:06.262,2134, ,2132,1,2,3,N, ,0,Y, , , , ,698186, , , ,1,1,0,0,0,0,0,0,1,0,1,0,1,0,0,0,0,0,0,1,0,0,0,0,0,0,0,0,0,0,0,0,0,0,0,3,0,39.9947,-75.1851, , 
 ,63726,2012084053,6,67,67301,2012,8,7,230,2,3,2,1,1,1, , ,N,0,0,0,3,0,2,10,2,N,N,39 57:36.442,75 10:47.560,230, ,230,2,1,4,N, ,0,N, , , , ,698188, , , ,2,2,0,0,0,0,0,0,0,0,2,0,2,0,0,0,0,0,0,0,0,0,0,1,0,0,0,0,0,0,0,0,0,0,0,3,0,39.9601,-75.1799, , 
 ,63727,2012088612,6,67,67301,2012,8,2,1655,16,1,1,0,1,1, , ,N,0,0,0,3,0,1,3,2,N,N,39 58:38.392,75 07:09.401,1705, ,1701, ,0, ,N, ,0, , , , , ,698190, , , ,2,2,0,0,0,0,0,0,0,0,0,0,1,1,0,0,0,0,0,0,0,0,0,0,0,0,0,0,0,0,0,0,0,0,0,8,0,39.9759,-75.12, , 
 ,63728,2012091011,6,67,67301,2012,8,4,2029,20,3,1,0,5,1, , ,N,0,0,0,3,0,3,3,2,N,N,39 57:00.738,75 11:00.385,2033, ,2029,1,2,3,Y, ,0,N, , , , ,698194, , , ,2,0,2,0,0,0,0,0,0,0,0,0,3,3,0,0,0,0,0,0,2,0,0,0,0,0,0,0,0,0,0,0,0,0,0,8,0,39.9503,-75.1834, , 
 ,63729,2012120157,6,67,67301,2012,10,2,1435,14,1,2,1,1,1, , ,N,1,0,0,3,0,0,2,4,N,N,40 02:39.763,75 01:49.950,1510, ,1501, ,0, ,N, ,0, , , , , ,698215, , , ,4,3,0,0,0,0,1,0,0,0,0,0,0,0,0,0,0,0,0,0,0,0,0,0,0,0,0,0,0,0,0,0,0,0,0,0,0,40.0444,-75.0305, , 
 ,63730,2012121750,6,67,67301,2012,12,2,119,1,3,1,1,7,2, , ,N,0,0,0,3,0,0,1,1,N,N,39 59:41.764,75 11:53.647,121, ,121, ,0, ,N, ,0, , , , , ,698217, , , ,1,1,0,0,0,0,0,0,0,0,0,0,0,0,0,0,0,0,0,0,0,0,0,0,0,0,0,0,0,0,0,0,0,0,0,0,0,39.9949,-75.1982, , 
 ,63731,2012059409,6,67,67301,2012,6,1,1646,16,1,1,0,0,1, , ,N,0,0,0,3,0,1,1,1,N,N,39 53:56.777,75 10:31.337,1652, ,1648,1,1,1,N, ,0,N, , , , ,698223, , , ,1,0,1,0,0,0,0,0,0,0,1,0,1,0,0,0,0,0,0,0,0,0,0,0,0,0,0,0,0,0,0,0,0,0,0,3,0,39.8991,-75.1754, , 
 ,63732,2012073535,6,67,67301,2012,6,5,14,0,3,1,0,8,1, , ,N,0,0,0,3,0,1,2,2,N,N,39 59:22.534,75 09:15.163,26, ,18, ,0, ,N, ,0, , , , , ,698230, , , ,1,0,0,0,0,0,1,0,0,0,0,1,1,0,0,0,0,0,0,0,0,0,0,0,0,0,0,0,0,0,0,0,1,0,0,4,0,39.9896,-75.1542, , 
 ,63733,2012080850,6,67,67301,2012,7,3,2021,20,3,1,0,4,1, , ,N,0,0,0,3,0,1,2,2,N, ,39 59:38.007,75 11:29.203,2035, ,2030, ,0, , , ,0, , , , , ,698233, , , ,2,1,0,0,1,0,0,0,0,0,0,0,1,1,0,0,0,0,0,0,0,0,0,0,0,0,0,0,0,0,0,0,0,0,0,8,0,39.9939,-75.1914, , 
 ,63734,2012083283,6,67,67301,2012,8,5,1819,18,1,1,0,8,5, , ,N,0,0,0,3,0,1,2,2,N,N,39 57:14.202,75 09:22.428,1819, ,1819, ,0, ,N, ,0, , , , , ,698234, , , ,1,1,0,0,0,0,0,0,0,0,0,1,1,0,0,0,0,0,0,0,0,0,0,0,0,0,0,0,0,0,0,0,1,0,0,4,0,39.9539,-75.1562, , 
 ,63735,2012085808,6,67,67301,2012,8,4,1440,14,1,1,0,8,1, , ,N,1,2,0,3,0,1,2,2,N,N,39 57:15.785,75 10:16.861,1447, ,1442, ,0, ,N, ,3, , , , , ,698237, , , ,1,1,0,0,0,0,0,0,0,0,0,1,1,0,0,0,0,0,0,0,0,1,0,1,0,0,0,0,0,0,0,0,1,0,0,4,0,39.9544,-75.1714, , 
 ,63736,2012096409,6,67,67301,2012,8,5,2243,22,3,1,0,4,1, , ,N,0,0,0,3,1,6,7,4,N,N,39 58:11.577,75 12:47.625,2243, ,2243,3,2,6, ,0,0,Y, , , , ,698246, , , ,4,1,0,0,1,0,1,1,0,0,0,0,6,6,0,0,0,0,0,0,2,0,1,0,0,0,0,0,0,0,0,0,0,0,0,1,0,39.9699,-75.2132,2, 
 ,63737,2012093265,6,67,67301,2012,9,4,821,8,1,1,0,1,1, , ,N,0,0,0,3,0,1,3,3,N,N,39 57:08.036,75 10:56.366,827, ,822,1,2,4,N, ,0,N, , , , ,701290, , , ,3,3,0,0,0,0,0,0,0,0,0,0,1,1,0,0,0,0,0,0,2,0,0,0,0,0,0,0,0,0,0,0,0,0,0,8,0,39.9522,-75.1823, , 
 ,63738,2012104031,6,67,67301,2012,9,1,9999,99,1,1,0,8,1, , ,N,0,0,0,3,0,1,2,2,N,N,39 59:29.155,75 08:47.158,9999, ,1351,1,2,2,N, ,0,Y, , , , ,701301, , , ,1,1,0,0,0,0,0,0,0,0,0,1,1,0,0,0,0,0,0,0,0,0,0,0,0,0,0,0,0,0,0,0,1,0,0,4,0,39.9914,-75.1464, , 
 ,63739,2012056689,6,67,67301,2012,5,7,310,3,3,1,0,4,1, , ,N,1,3,0,3,0,1,3,2,N,N,40 00:28.461,75 09:34.883,330, ,324, ,0, ,N, ,3, , , , , ,701304, , , ,2,1,0,0,0,0,0,0,0,0,1,0,1,0,1,0,0,0,0,0,0,0,0,0,0,0,0,0,0,0,0,0,0,0,0,3,0,40.0079,-75.1597, , 
 ,63740,2012076063,6,67,67301,2012,6,4,1445,14,1,1,0,1,1, , ,N,1,2,0,3,0,1,2,2,N, ,40 01:04.608,75 08:57.650,1617, ,1615, ,0, , , ,3, , , , , ,701316, , , ,2,2,0,0,0,0,0,0,0,0,0,1,1,0,0,0,0,0,0,0,0,1,0,0,0,0,0,0,0,0,0,0,0,0,0,4,0,40.0179,-75.1493, , 
 ,63741,2012078203,6,67,67301,2012,6,3,9999,99,1,1,0,4,1, , ,N,2,2,0,3,0,1,3,3,N,N,39 57:10.754,75 10:06.506,944, ,941, ,0, ,N, ,3, , , , , ,701318, , , ,3,1,0,0,0,0,2,0,0,0,0,1,1,0,0,0,0,1,0,0,1,0,0,0,0,0,0,0,0,0,0,0,0,0,0,4,0,39.953,-75.1685, , 
 ,63742,2012078413,6,67,67301,2012,7,3,2315,23,3,1,0,7,3, , ,N,1,2,0,3,0,1,1,1,N,N,39 57:41.314,75 08:59.291,2320, ,2318, ,0, ,N, ,3, , , , , ,701319, , , ,1,0,1,0,0,0,0,0,0,0,1,0,1,0,0,0,0,0,0,0,0,0,0,0,0,0,0,0,0,0,0,0,0,0,0,3,0,39.9614,-75.1498, , 
 ,63743,2012095544,6,67,67301,2012,8,6,358,3,3,1,0,9,1, , ,N,0,0,0,3,0,0,2,2,N,N,40 01:30.043,75 09:33.861,400, ,405, ,0, ,N, ,0, , , , , ,701330, , , ,2,2,0,0,0,0,0,0,0,0,0,0,0,0,0,0,0,0,1,0,0,0,0,0,0,0,0,0,0,0,0,0,0,0,0,9,0,40.025,-75.1594, , 
 ,63744,2012056683,6,67,67301,2012,5,7,540,5,1,1,1,2,1, , ,N,2,2,0,3,0,2,2,2,N, ,39 56:47.240,75 14:14.280,600, ,545, ,0, , , ,3, , , , , ,701349, , , ,2,1,0,0,0,0,1,0,0,0,0,0,2,2,0,0,0,0,0,0,0,0,0,0,0,0,0,0,0,0,0,0,0,0,0,8,0,39.9465,-75.2373, , 
 ,63745,2012060337,6,67,67301,2012,6,3,1837,18,1,1,1,1,1, , ,N,0,0,0,3,0,0,4,2,N,N,39 58:35.988,75 06:49.669,1853, ,1842,1,2,1,N, ,0,N, , , , ,701365, , , ,2,1,0,0,0,0,0,1,0,0,0,0,0,0,0,0,0,0,0,0,1,0,0,0,0,0,0,0,0,0,0,0,0,0,0,0,0,39.9766,-75.1139, , 
 ,63746,2012066540,6,67,67301,2012,5,6,1445,14,1,1,0,4,1, , ,N,0,0,7,3,0,0,3,2,N, ,39 54:18.340,75 11:37.830,1521, ,1503, ,0, , , ,0, , , , , ,701372, , , ,2,1,0,0,0,1,0,0,0,0,0,0,0,0,0,0,0,0,0,0,0,0,0,0,0,0,0,0,0,0,0,0,0,0,0,0,1,39.9051,-75.1938, , 
 ,63747,2012068742,6,67,67301,2012,6,3,725,7,1,1,0,4,1, , ,N,1,3,0,3,0,2,4,4,N, ,40 00:26.170,75 08:08.780,726, ,725,3,2,7, , ,3,Y, , , , ,701374, , , ,4,2,0,0,1,0,0,1,0,0,0,0,2,2,0,0,0,0,0,0,1,0,0,0,0,0,0,0,0,0,0,0,0,0,0,8,0,40.0073,-75.1359, , 
 ,63748,2012068924,6,67,67301,2012,5,5,1525,15,1,1,0,4,1, , ,N,0,0,7,3,0,1,2,2,N, ,39 56:14.848,75 09:49.096,1605, ,1600, ,0, , , ,0, , , , , ,701375, , , ,1,0,0,0,0,0,0,1,1,0,0,1,1,0,0,0,0,0,0,0,0,1,0,0,0,0,0,0,0,0,0,0,0,0,0,4,0,39.9375,-75.1636, , 
 ,63749,2012083007,6,67,67301,2012,3,5,915,9,1,1,1,1,1, , ,N,0,0,0,3,0,1,3,2,N,N,40 02:11.334,75 02:28.691,0, ,0, ,0, ,N, ,0, , , , , ,701388, , , ,2,0,0,1,0,0,1,0,0,0,1,0,1,0,0,0,0,0,0,0,0,0,0,0,0,0,0,0,0,0,0,0,0,0,0,3,1,40.0365,-75.0413, , 
 ,63750,2012088080,6,67,67301,2012,8,7,9999,99,1,9,8,4,1, , ,N,1,0,0,3,0,1,2,2,N,N,39 55:47.200,75 09:12.362,1025, ,1020, ,0, ,N, ,0, , , , , ,701394, , , ,1,1,0,0,0,0,0,0,1,0,0,0,1,1,0,0,0,0,0,0,0,0,0,0,0,0,0,0,0,0,0,0,0,0,0,8,0,39.9298,-75.1534, , 
 ,63751,2012051937,6,67,67301,2012,4,2,732,7,1,2,1,4,1, , ,N,0,0,7,3,0,1,2,2,N,N,40 02:01.601,75 11:28.545,740, ,738, ,0, , , ,0, , , , , ,701399, , , ,2,1,0,0,0,0,1,0,0,0,0,1,1,0,0,0,0,0,0,0,1,0,0,0,0,0,0,0,0,0,0,0,0,0,0,4,0,40.0338,-75.1913, , 
 ,63752,2012085820,6,67,67301,2012,7,1,325,3,3,1,1,4,1, , ,N,0,0,0,3,0,1,2,2,N,N,40 00:34.844,75 03:50.605,340, ,335,3,2,5, , ,0,Y, , , , ,701407, , , ,2,2,0,0,0,0,0,0,0,0,0,1,1,0,1,0,0,0,0,0,1,0,0,0,0,0,0,0,0,0,0,0,0,0,0,4,0,40.0097,-75.0641, , 
 ,63753,2012122451,6,67,67301,2012,11,1,9999,99,1,1,0,4,1, , ,N,1,2,0,3,0,1,2,2,N, ,39 59:25.216,75 13:13.303,1525, ,1517, ,0, , , ,3, , , , , ,701440, , , ,2,2,0,0,0,0,0,0,0,0,0,1,1,0,0,0,0,1,0,0,1,0,0,0,0,0,0,0,0,0,0,0,0,0,0,4,0,39.9903,-75.2204, , 
 ,63754,2012083741,6,67,67301,2012,8,5,1228,12,1,1,0,7,5, , ,N,0,0,0,3,0,1,1,2,N,N,40 03:26.288,75 07:45.279,1235, ,1231,4,2,4,N, ,0,Y, , , , ,701465, , , ,1,0,0,0,0,0,0,1,0,0,0,0,1,1,0,0,0,0,0,0,0,0,0,0,0,0,0,0,0,0,0,0,0,0,0,8,0,40.0573,-75.1292, , 
 ,63755,2012065869,6,67,67301,2012,6,7,212,2,3,1,0,7,3, , ,N,0,0,0,3,0,0,2,1,N,N,39 57:34.265,75 10:29.906,219, ,616, ,0, ,N, ,0, , , , , ,704404, , , ,1,1,0,0,0,0,0,0,0,0,0,0,0,0,0,0,0,0,0,0,0,0,0,0,0,0,0,0,0,0,0,0,0,0,0,0,0,39.9595,-75.175, , 
 ,63756,2012083362,6,67,67301,2012,7,3,1003,10,1,1,0,1,1, , ,N,0,2,0,3,0,2,2,2,N, ,39 57:41.462,75 09:10.712,1005, ,1003,2,1,3, , ,3,N, , , , ,704414, , , ,2,1,0,0,0,0,0,1,0,0,0,2,2,0,0,0,0,0,0,0,1,1,0,0,0,0,0,0,0,0,0,0,0,0,0,4,0,39.9615,-75.153, , 
 ,63757,2012064010,6,67,67301,2012,5,6,1914,19,1,1,0,1,1, , ,N,0,0,0,3,0,3,4,3,N,N,40 04:55.014,74 57:59.808,1914, ,1914, ,0, ,N, ,0, , , , , ,704447, , , ,3,2,0,0,1,0,0,0,0,0,2,1,3,0,0,0,0,0,0,0,1,1,0,0,0,0,0,0,0,0,0,0,0,0,0,3,0,40.0819,-74.9666, , 
 ,63758,2012065409,6,67,67301,2012,7,2,956,9,1,1,0,2,1, , ,N,0,0,0,3,0,2,3,2,N,N,39 58:49.991,75 06:21.709,1010, ,957,3,2,5,N, ,0,Y, , , , ,704450, , , ,2,0,0,1,0,0,0,1,0,0,0,2,2,0,0,0,0,0,0,0,1,0,0,0,0,0,0,0,0,0,0,0,0,0,0,4,1,39.9806,-75.106, , 
 ,63759,2012066590,6,67,67301,2012,6,1,1200,12,1,1,0,4,1, , ,N,0,0,7,3,0,2,2,3,N,N,39 59:33.043,75 13:35.706,1218, ,1206, ,0, ,N, ,0, , , , , ,704453, , , ,3,3,0,0,0,0,0,0,0,0,2,0,2,0,0,0,0,0,0,0,1,0,0,0,0,0,0,0,0,0,0,0,0,0,0,3,0,39.9925,-75.2266, , 
 ,63760,2012078341,6,67,67301,2012,6,4,907,9,1,1,0,4,1, , ,N,2,0,2,3,0,1,4,2,N, ,39 58:28.698,75 11:56.790,1030, ,907, ,0, , , ,0, , , , , ,704456, , , ,2,1,0,0,0,0,0,1,0,0,0,1,1,0,0,0,0,0,0,0,1,0,0,0,0,0,0,0,0,0,0,0,0,0,0,4,0,39.9746,-75.1992, , 
 ,63761,2012078435,6,67,67301,2012,7,6,2202,22,3,1,0,4,1, , ,N,1,3,0,3,0,3,3,2,N,N,40 00:12.514,75 10:02.925,2203, ,2203,9,2,7,N, ,3,Y, , , , ,704457, , , ,2,2,0,0,0,0,0,0,0,0,0,1,3,2,0,0,0,0,0,0,0,0,0,0,0,0,0,0,0,0,0,0,0,0,0,4,0,40.0035,-75.1675, , 
 ,63762,2012083396,6,67,67301,2012,8,1,1135,11,1,1,0,4,1, , ,N,1,2,0,3,0,3,4,2,N,N,39 59:06.525,75 09:35.319,1142, ,1135, ,0, ,N, ,3, , , , , ,704459, , , ,2,2,0,0,0,0,0,0,0,0,1,3,4,0,0,0,0,0,0,0,0,0,0,3,0,0,0,0,0,0,0,0,0,0,0,3,0,39.9851,-75.1598, , 
 ,63763,2012104085,6,67,67301,2012,9,2,1720,17,1,1,0,4,1, , ,N,1,2,0,3,0,1,1,2,N, ,40 00:30.567,75 05:29.407,1735, ,1731,2,2,3, , ,3,N, , , , ,704484, , , ,2,1,0,0,0,0,0,1,0,0,0,1,1,0,0,0,0,0,0,0,0,0,0,0,0,0,0,0,0,0,0,0,0,0,0,4,0,40.0085,-75.0915, , 
 ,63764,2012077905,6,67,67301,2012,8,5,428,4,3,1,0,7,2, , ,N,0,0,0,3,0,0,1,1,N,N,39 58:56.963,75 12:28.287,437, ,428,2,1,3,N, ,0,N, , , , ,704487, , , ,1,0,0,0,0,0,1,0,0,0,0,0,0,0,0,0,0,0,0,0,0,0,0,0,0,0,0,0,0,0,0,0,0,0,0,0,0,39.9825,-75.2079, , 
 ,63765,2012082983,6,67,67301,2012,4,6,2319,23,6,1,0,4,1, , ,N,1,0,0,3,0,1,2,2,N,N,40 02:28.356,75 02:48.328,0, ,0, ,0, ,N, ,0, , , , , ,704490, , , ,2,1,0,0,1,0,0,0,0,0,0,1,1,0,0,0,0,0,1,0,0,0,0,0,0,0,0,0,0,0,0,0,0,0,0,4,0,40.0412,-75.0468, , 
 ,63766,2012083242,6,67,67301,2012,7,4,1430,14,1,1,0,4,1, , ,N,0,0,7,3,0,2,3,4,N,N,40 02:07.083,75 00:52.425,1455, ,1442,9,1,2,N, ,0,N, , , , ,704491, , , ,4,2,1,0,0,0,1,0,0,0,0,0,2,2,0,0,0,0,0,0,0,0,0,0,0,0,0,0,0,0,0,0,0,0,0,8,0,40.0353,-75.0146, , 
 ,63767,2012095408,6,67,67301,2012,8,7,1515,15,1,1,0,1,1, , ,N,0,2,0,3,0,1,1,2,N,N,40 01:35.888,75 02:15.179,1830, ,1815, ,0, ,N, ,3, , , , , ,704517, , , ,2,1,0,0,0,1,0,0,0,0,0,1,1,0,0,0,0,0,0,0,1,0,0,0,0,0,0,0,0,0,0,0,0,0,0,4,1,40.0266,-75.0375, , 
 ,63768,2012096051,6,67,67301,2012,8,7,1330,13,1,0,0,4,1, , ,N,1,2,0,3,0,1,2,2,N, ,39 56:36.193,75 14:23.398,1355, ,1350, ,0, , , ,3, , , , , ,704518, , , ,2,2,0,0,0,0,0,0,0,0,0,1,1,0,0,0,0,0,0,0,0,0,1,0,0,0,0,0,0,0,0,0,0,0,0,4,0,39.9434,-75.2398, , 
 ,63769,2012063892,6,67,67301,2012,5,1,1023,10,1,1,0,4,1, , ,N,1,2,0,3,0,4,9,3,N,N,39 56:17.923,75 12:58.510,1026, ,1026,2,2,7,N, ,3,N, , , , ,704537, , , ,2,2,0,0,0,0,0,0,0,2,1,1,4,0,0,0,0,0,1,0,0,0,0,0,0,0,0,0,0,0,0,0,1,0,0,2,0,39.9383,-75.2163, , 
 ,63770,2012063921,6,67,67301,2012,5,3,1226,12,1,1,0,8,1, , ,N,0,0,0,3,0,1,2,2,N,N,39 59:45.329,75 08:12.959,1230, ,1227, ,0, ,N, ,0, , , , , ,704538, , , ,1,1,0,0,0,0,0,0,0,0,0,0,1,1,0,0,0,0,0,0,0,0,0,0,0,0,0,0,0,0,0,0,1,0,0,8,0,39.9959,-75.1369, , 
 ,63771,2012066438,6,67,67301,2012,5,4,2130,21,3,8,1,4,1, , ,N,5,2,0,3,0,1,2,2,N,N,40 04:26.865,75 09:30.131,2145, ,2130, ,0, ,N, ,3, , , , , ,704542, , , ,2,1,1,0,0,0,0,0,0,0,1,0,1,0,0,0,0,0,0,0,0,0,0,0,0,0,0,0,0,0,0,0,0,0,0,3,0,40.0741,-75.1584, , 
 ,63772,2012068789,6,67,67301,2012,6,6,1822,18,1,1,0,4,1, , ,N,1,2,0,3,0,1,2,2,N,N,39 57:19.761,75 12:48.923,1856, ,1853, ,0, ,N, ,3, , , , , ,704543, , , ,1,0,0,0,0,0,0,1,1,0,0,0,1,1,0,0,0,0,0,0,1,0,0,0,0,0,0,0,0,0,0,0,0,0,0,8,0,39.9555,-75.2136, , 
 ,63773,2012104121,6,67,67301,2012,3,7,1350,13,1,8,0,4,1, , ,N,1,2,0,3,0,4,5,2,N,N,39 59:35.701,75 08:57.301,1412, ,1408,3,1,4, , ,3,N, , , , ,706114, , , ,2,2,0,0,0,0,0,0,0,0,0,0,0,0,5,0,0,0,0,0,1,0,0,0,0,0,0,0,0,0,0,0,0,0,0,9,0,39.9932,-75.1492, , 
 ,63774,2012109846,6,67,67301,2012,10,5,2048,20,3,1,0,4,1, , ,N,5,1,0,3,0,3,4,2,N,N,40 00:52.185,75 07:52.121,2058, ,2057, ,0, , , ,3, , , , , ,706120, , , ,2,0,0,0,0,0,2,0,0,0,0,0,3,3,1,0,0,0,1,0,0,0,0,0,0,0,0,0,0,0,0,0,0,0,0,8,0,40.0145,-75.1311, , 
 ,63775,2012068787,6,67,67301,2012,6,4,700,7,1,1,1,9,5, , ,N,2,3,0,3,0,1,1,1,N,N,40 05:15.316,75 04:26.446,718, ,710, ,0, ,N, ,3, , , , , ,706127, , , ,1,0,0,0,0,0,1,0,0,0,0,0,1,1,0,0,0,0,0,0,0,0,0,0,0,0,0,0,0,0,0,0,0,0,0,8,0,40.0876,-75.074, , 
 ,63776,2012068882,6,67,67301,2012,5,4,1445,14,1,1,0,7,5, , ,N,0,0,0,3,0,1,3,1,N,N,40 02:42.100,75 09:03.204,1700, ,1500, ,0, ,N, ,0, , , , , ,706128, , , ,1,1,0,0,0,0,0,0,0,0,0,0,1,1,2,0,0,0,0,0,0,0,0,0,0,0,0,0,0,0,0,0,0,0,0,8,0,40.045,-75.1509, , 
 ,63777,2012064035,6,67,67301,2012,5,6,9999,99,1,1,0,4,1, , ,N,0,0,7,3,0,0,2,2,N,N,40 04:11.623,75 09:26.761,9999, ,9999, ,0, ,N, ,0, , , , , ,706135, , , ,2,1,0,0,0,1,0,0,0,0,0,0,0,0,1,0,0,0,0,0,1,0,0,0,0,0,0,0,0,0,0,0,0,0,0,9,1,40.0699,-75.1574, , 
 ,63778,2012075944,6,67,67301,2012,6,4,1347,13,1,1,0,4,1, , ,N,0,0,0,3,0,0,1,2,N,N,39 59:25.735,75 09:05.403,1355, ,1349, ,0, ,N, ,0, , , , , ,706151, , , ,2,0,0,0,0,0,2,0,0,0,0,0,0,0,0,0,0,0,0,0,0,0,0,0,0,0,0,0,0,0,0,0,0,0,0,0,0,39.9905,-75.1515, , 
 ,63779,2012092231,6,67,67301,2012,9,7,1918,19,3,1,0,7,7, , ,N,7,0,2,3,0,0,1,1,N,N,39 55:56.854,75 12:00.596,1927, ,1922,1,2,3,N, ,0,N, , , , ,706165, , , ,1,1,0,0,0,0,0,0,0,0,0,0,0,0,0,0,0,0,0,0,0,0,0,0,0,0,0,0,0,0,0,0,0,0,0,0,0,39.9325,-75.2002, , 
 ,63780,2012073555,6,67,67301,2012,6,3,1840,18,1,1,0,8,1, , ,N,0,0,0,3,0,1,3,2,N,N,40 01:42.998,75 04:44.511,1850, ,1843, ,0, , , ,0, , , , , ,706193, , , ,1,1,0,0,0,0,0,0,0,0,0,1,1,0,0,0,0,0,0,0,0,0,0,0,0,0,0,0,0,0,0,0,1,0,0,4,0,40.0286,-75.079, , 
 ,63781,2012099335,6,67,67301,2012,8,6,640,6,1,1,1,1,6, , ,N,0,0,0,3,0,1,1,2,N,N,40 00:57.481,75 07:46.437,710, ,700, ,0, ,N, ,0, , , , , ,706205, , , ,2,1,0,1,0,0,0,0,0,0,0,1,1,0,0,0,0,0,0,0,0,0,0,0,0,0,0,0,0,0,0,0,0,0,0,4,0,40.016,-75.1296, , 