wz_ln_closure,objectid_1,crn,district,county,municipality,crash_year,crash_month,day_of_week,time_of_day,hour_of_day,illumination,weather,road_condition,collision_type,relation_to_road,work_zone_type,work_zone_loc,work_zone_ind,intersect_type,tcd_type,location_type,urban_rural,fatal_count,injury_count,person_count,total_units,sch_bus_ind,sch_zone_ind,latitude,longitude,arrival_tm,cons_zone_spd_lim,dispatch_tm,est_hrs_closed,lane_closed,ln_close_dir,ntfy_hiwy_maint,spec_juris_cd,tcd_func_cd,tfc_detour_ind,workers_pres,wz_close_detour,wz_flagger,wz_law_offcr_ind,objectid,wz_moving,wz_other,wz_shlder_mdn,vehicle_count,automobile_count,motorcycle_count,bus_count,small_truck_count,heavy_truck_count,suv_count,van_count,bicycle_count,maj_inj_count,mod_inj_count,min_inj_count,tot_inj_count,unk_inj_deg_count,unk_inj_per_count,driver_count_16yr,driver_count_17yr,driver_count_18yr,driver_count_19yr,driver_count_20yr,driver_count_50_64yr,driver_count_65_74yr,driver_count_75plus,unbelted_occ_count,unb_death_count,unb_maj_inj_count,belted_death_count,belted_maj_inj_count,mcycle_death_count,mcycle_maj_inj_count,bicycle_death_count,bicycle_maj_inj_count,ped_count,ped_death_count,ped_maj_inj_count,max_severity_level,comm_veh_count,dec_lat,dec_long,rdwy_surf_type_cd,county_name
 ,63782,2012063984,6,67,67301,2012,5,4,1955,19,4,1,0,7,5, , ,N,0,0,0,3,0,2,2,1,N, ,40 07:25.829,75 00:55.233,2005, ,1959,2,2,2, , ,0,Y, , , , ,706221, , , ,1,0,0,0,0,0,0,1,0,1,0,1,2,0,0,0,0,0,0,0,0,0,0,0,0,0,0,0,0,0,0,0,0,0,0,2,0,40.1238,-75.0153, , 
 ,63783,2012020047,6,67,67301,2012,2,6,206,2,3,1,1,7,3, , ,N,0,0,0,3,0,0,1,1,N,N,39 57:26.772,75 09:03.098,210, ,208, ,0, ,Y, ,0, , , , , ,706241, , , ,1,1,0,0,0,0,0,0,0,0,0,0,0,0,0,0,0,0,0,0,0,0,0,0,0,0,0,0,0,0,0,0,0,0,0,0,0,39.9574,-75.1509, , 
 ,63784,2012026247,6,67,67301,2012,1,3,740,7,1,1,1,6,1, , ,N,1,2,3,3,0,1,2,2,N, ,39 56:45.520,75 11:03.285,755, ,750,2,1,3, , ,3,Y, , , , ,706246, , , ,2,2,0,0,0,0,0,0,0,0,0,1,1,0,1,0,0,0,0,0,0,0,0,1,0,0,0,0,0,0,0,0,0,0,0,4,0,39.946,-75.1842, , 
 ,63785,2012063991,6,67,67301,2012,5,1,1835,18,1,1,0,4,1, , ,N,1,2,0,3,0,0,4,2,N,N,40 02:57.663,75 04:04.482,1839, ,1837, ,0, , , ,3, , , , , ,706268, , , ,2,1,0,0,1,0,0,0,0,0,0,0,0,0,1,0,0,0,0,0,0,0,0,0,0,0,0,0,0,0,0,0,0,0,0,9,0,40.0493,-75.0679, , 
 ,63786,2012080835,6,67,67301,2012,7,6,15,0,3,2,1,4,1, , ,N,1,3,0,3,0,0,3,2,N,N,39 56:43.479,75 09:50.266,28, ,26, ,0, ,N, ,3, , , , , ,706277, , , ,2,2,0,0,0,0,0,0,0,0,0,0,0,0,0,0,0,0,0,0,0,0,0,0,0,0,0,0,0,0,0,0,0,0,0,0,0,39.9454,-75.164, , 
 ,63787,2012083193,6,67,67301,2012,7,3,2335,23,3,1,0,4,1, , ,N,2,3,0,3,0,0,3,2,N,N,39 58:29.889,75 11:12.108,25, ,19, ,0, ,N, ,3, , , , , ,706280, , , ,2,2,0,0,0,0,0,0,0,0,0,0,0,0,3,0,0,0,0,0,0,0,0,0,0,0,0,0,0,0,0,0,0,0,0,9,0,39.975,-75.1867, , 
 ,63788,2012085827,6,67,67301,2012,8,2,1923,19,1,1,0,8,1, , ,N,0,0,0,3,0,2,5,3,N, ,40 02:08.300,75 02:27.250,2040, ,2036, ,0, , , ,0, , , , , ,706283, , , ,1,0,0,0,0,0,0,1,0,0,0,0,2,2,0,0,0,0,0,0,0,0,0,2,0,0,0,0,0,0,0,0,2,0,0,8,0,40.0356,-75.0409, , 
 ,63789,2012088597,6,67,67301,2012,8,2,9999,99,1,1,0,4,1, , ,N,1,2,0,3,0,2,4,3,N,N,40 02:08.676,75 04:51.649,1500, ,1445, ,0, , , ,3, , , , , ,706326, , , ,3,3,0,0,0,0,0,0,0,0,2,0,2,0,0,0,0,0,0,0,0,1,0,0,0,0,0,0,0,0,0,0,0,0,0,3,0,40.0357,-75.081, , 
 ,63790,2012095426,6,67,67301,2012,8,5,1815,18,1,1,0,8,1, , ,N,0,0,0,3,0,1,2,1,N, ,39 58:47.270,75 10:39.883,1820, ,1817, ,0, , , ,0, , , , , ,706333, , , ,1,1,0,0,0,0,0,0,0,0,0,0,1,1,0,0,0,0,0,0,1,0,0,0,0,0,0,0,0,0,0,0,1,0,0,8,0,39.9798,-75.1777, , 
 ,63791,2012104132,6,67,67301,2012,9,4,1145,11,1,1,0,6,1, , ,N,0,0,0,3,0,1,2,2,N,N,39 58:29.826,75 12:20.976,1253, ,1245, ,0, ,N, ,0, , , , , ,706340, , , ,2,0,0,0,1,0,1,0,0,0,0,0,1,1,1,0,0,0,0,0,0,0,0,0,0,0,0,0,0,0,0,0,0,0,0,8,0,39.975,-75.2058, , 
 ,63792,2012104205,6,67,67301,2012,9,4,1600,16,1,1,0,4,1, , ,N,1,3,0,3,0,1,1,2,N,N,39 57:48.477,75 14:23.204,1640, ,1620, ,0, ,N, ,3, , , , , ,698250, , , ,2,2,0,0,0,0,0,0,0,0,0,1,1,0,0,0,0,0,0,0,0,0,0,0,0,0,0,0,0,0,0,0,0,0,0,4,0,39.9635,-75.2398, , 
 ,63793,2012020480,6,67,67301,2012,1,3,1958,19,3,8,1,4,1, , ,N,1,0,0,3,0,1,2,2,N, ,40 03:08.339,75 00:28.750,2000, ,1959, ,0, , , ,0, , , , , ,698282, , , ,2,2,0,0,0,0,0,0,0,0,0,0,1,1,0,0,0,0,0,1,1,0,0,0,0,0,0,0,0,0,0,0,0,0,0,8,0,40.0523,-75.008, , 
 ,63794,2012048234,6,67,67301,2012,4,7,2240,22,3,2,1,8,1, , ,N,1,3,0,3,0,1,2,2,N,N,40 01:30.262,75 07:02.589,2255, ,2253, ,0, ,N, ,3, , , , , ,698301, , , ,1,0,0,0,1,0,0,0,0,0,1,0,1,0,0,0,0,0,0,0,1,0,0,1,0,0,0,0,0,0,0,0,1,0,0,3,0,40.0251,-75.1174, , 
 ,63795,2012007108,6,67,67301,2012,1,4,935,9,1,1,0,4,1, , ,N,2,2,0,3,0,2,4,2,N,N,39 57:36.624,75 08:13.909,1020, ,955, ,0, ,N, ,3, , , , , ,698321, , , ,2,0,0,1,0,0,0,1,0,0,0,0,2,2,0,0,0,0,0,0,0,0,1,0,0,0,0,0,0,0,0,0,0,0,0,8,1,39.9605,-75.137, , 
 ,63796,2012066623,6,67,67301,2012,5,1,300,3,3,1,0,4,1, , ,N,5,2,0,3,0,1,2,2,N,N,40 02:28.937,75 08:38.815,310, ,306, ,0, ,N, ,3, , , , , ,698327, , , ,2,2,0,0,0,0,0,0,0,0,0,1,1,0,0,0,0,0,0,0,0,0,0,0,0,0,0,0,0,0,0,0,0,0,0,4,0,40.0414,-75.1441, , 
 ,63797,2012068752,6,67,67301,2012,5,4,1755,17,1,1,0,6,1, , ,N,2,3,0,3,0,1,2,2,N,N,39 55:26.745,75 09:28.537,1811, ,1802, ,0, ,N, ,3, , , , , ,698330, , , ,1,1,0,0,0,0,0,0,1,0,1,0,1,0,0,0,0,0,0,0,0,0,0,0,0,0,0,0,0,0,0,0,0,0,0,3,0,39.9241,-75.1579, , 
 ,63798,2012076029,6,67,67301,2012,6,4,1637,16,1,1,0,4,2, , ,N,2,0,0,3,0,1,2,2,N, ,39 58:26.212,75 14:37.989,1640, ,1637, ,0, , , ,0, , , , , ,698336, , , ,2,2,0,0,0,0,0,0,0,0,0,0,1,1,0,0,0,0,0,0,0,0,0,0,0,0,0,0,0,0,0,0,0,0,0,8,0,39.9739,-75.2439, , 
 ,63799,2012078257,6,67,67301,2012,7,2,1850,18,1,1,0,4,1, , ,N,0,0,7,3,0,0,2,2,N,N,40 01:09.170,75 12:45.265,1915, ,1901,3,1,2,N, ,0,Y, , , , ,698339, , , ,2,2,0,0,0,0,0,0,0,0,0,0,0,0,0,0,0,0,0,0,0,0,0,0,0,0,0,0,0,0,0,0,0,0,0,0,0,40.0192,-75.2126, , 
 ,63800,2012083296,6,67,67301,2012,8,4,730,7,1,1,0,5,1, , ,N,1,3,0,3,0,2,3,3,N,N,40 00:05.443,75 07:40.576,900, ,839, ,0, ,N, ,3, , , , , ,698346, , , ,3,2,0,0,0,0,1,0,0,0,0,2,2,0,0,0,0,0,0,0,1,0,0,0,0,0,0,0,0,0,0,0,0,0,0,4,0,40.0015,-75.1279, , 
 ,63801,2012088554,6,67,67301,2012,8,1,2118,21,3,1,0,8,1, , ,N,1,2,0,3,0,1,2,2,N,N,40 03:28.841,75 08:20.620,2124, ,2122, ,0, ,N, ,3, , , , , ,698351, , , ,1,1,0,0,0,0,0,0,0,0,0,1,1,0,0,0,0,0,0,0,1,0,0,0,0,0,0,0,0,0,0,0,1,0,0,4,0,40.0581,-75.139, , 
 ,63802,2012069335,6,67,67301,2012,6,7,2050,20,3,1,0,1,1, , ,N,1,2,0,3,0,3,11,3,N,N,40 01:34.401,75 07:02.499,2052, ,2050,3,1,3,N, ,3,N, , , , ,698377, , , ,3,2,0,0,0,0,1,0,0,0,0,3,3,0,0,0,0,0,0,0,0,0,0,0,0,0,0,0,0,0,0,0,0,0,0,4,0,40.0262,-75.1174, , 
 ,63803,2012080770,6,67,67301,2012,7,5,9999,99,1,1,0,4,1, , ,N,1,2,0,3,0,1,3,3,N,N,40 01:38.783,75 03:44.998,9999, ,9999, ,0, ,N, ,3, , , , , ,698396, , , ,3,3,0,0,0,0,0,0,0,0,1,0,1,0,0,0,0,0,0,0,0,1,1,0,0,0,0,0,0,0,0,0,0,0,0,3,0,40.0275,-75.0624, , 
 ,63804,2012095560,6,67,67301,2012,8,7,1858,18,1,9,0,8,1, , ,N,2,3,0,3,0,1,1,1,N, ,39 57:22.935,75 12:52.250,1308, ,1305, ,0, , , ,3, , , , , ,698408, , , ,0,0,0,0,0,0,0,0,0,0,0,1,1,0,0,0,0,0,0,0,0,0,0,0,0,0,0,0,0,0,0,0,1,0,0,4,0,39.9564,-75.2145, , 
 ,63805,2012060654,6,67,67301,2012,5,2,837,8,1,1,1,4,6, , ,N,0,0,0,3,0,1,2,2,N,N,40 01:50.466,75 07:20.294,9999, ,9999, ,0, ,N, ,0, , , , , ,698418, , , ,2,1,0,0,0,1,0,0,0,0,0,1,1,0,0,0,0,0,0,0,0,0,0,0,0,0,0,0,0,0,0,0,0,0,0,4,1,40.0307,-75.1223, , 
 ,63806,2012073586,6,67,67301,2012,6,1,9999,99,1,1,0,4,1, , ,N,2,3,0,3,0,2,3,2,N,N,39 56:18.930,75 14:04.240,1325, ,318, ,0, ,N, ,3, , , , , ,698427, , , ,2,2,0,0,0,0,0,0,0,0,0,1,2,1,0,0,0,0,0,0,1,0,0,0,0,0,0,0,0,0,0,0,0,0,0,4,0,39.9386,-75.2345, , 
 ,63807,2012078521,6,67,67301,2012,6,7,533,5,1,1,0,4,1, , ,N,1,2,0,3,0,2,2,2,N, ,39 57:53.269,75 14:17.390,537, ,533, ,0, , , ,3, , , , , ,698432, , , ,2,1,0,0,0,0,0,1,0,0,0,1,2,1,0,0,0,0,0,0,1,0,0,0,0,0,0,0,0,0,0,0,0,0,0,4,0,39.9648,-75.2382, , 
 ,63808,2012098514,6,67,67301,2012,9,3,1140,11,1,2,1,4,1, , ,N,1,3,0,3,0,1,2,2,N,N,40 02:22.927,75 02:18.128,1159, ,1155, ,0, ,N, ,3, , , , , ,698448, , , ,2,1,0,0,0,0,1,0,0,0,0,1,1,0,0,0,1,0,0,0,1,0,0,1,0,0,0,0,0,0,0,0,0,0,0,4,0,40.0397,-75.0384, , 
 ,63809,2012104013,6,67,67301,2012,9,2,1135,11,1,1,0,4,1, , ,N,1,2,0,3,0,0,2,2,N,N,39 57:32.371,75 10:26.147,1140, ,1135, ,0, , , ,3, , , , , ,698456, , , ,2,2,0,0,0,0,0,0,0,0,0,0,0,0,0,0,0,0,0,0,1,0,0,0,0,0,0,0,0,0,0,0,0,0,0,0,0,39.959,-75.1739, , 
 ,63810,2012096408,6,67,67301,2012,8,7,1400,14,1,1,0,8,1, , ,N,0,0,0,3,0,1,2,2,N,N,40 01:11.376,75 04:23.196,1745, ,1745, ,0, ,N, ,0, , , , , ,701475, , , ,1,1,0,0,0,0,0,0,0,0,1,0,1,0,0,0,0,0,0,0,0,0,0,0,0,0,0,0,0,0,0,0,1,0,0,3,0,40.0198,-75.0731, , 
 ,63811,2012065011,6,67,67301,2012,6,7,336,3,3,1,0,4,1, , ,N,1,2,0,3,0,2,4,3,N,N,40 02:40.636,75 03:16.819,341, ,336,2,2,7,N, ,3,Y, , , , ,701493, , , ,3,1,0,0,1,1,0,0,0,0,0,1,2,1,0,0,0,0,0,0,3,0,0,0,0,0,0,0,0,0,0,0,0,0,0,4,1,40.0446,-75.0547, , 
 ,63812,2012066752,6,67,67301,2012,6,4,2218,22,3,1,0,8,1, , ,N,1,2,0,3,0,2,3,3,N, ,39 55:51.236,75 10:17.691,2228, ,2221, ,0, ,N, ,3, , , , , ,701496, , , ,1,1,0,0,0,0,0,0,0,0,1,1,2,0,0,0,0,0,0,0,0,0,0,0,0,0,0,0,0,0,0,0,2,0,0,3,0,39.9309,-75.1716, , 
 ,63813,2012078639,6,67,67301,2012,7,1,436,4,3,1,0,4,1, , ,N,2,2,0,3,0,1,2,2,N,N,39 56:08.429,75 10:02.225,440, ,438, ,0, ,N, ,3, , , , , ,701506, , , ,1,1,0,0,0,0,0,0,1,0,0,1,1,0,0,0,0,0,0,0,0,0,0,0,0,0,0,0,0,0,0,0,0,0,0,4,0,39.9357,-75.1672, , 
 ,63814,2012083048,6,67,67301,2012,5,1,2140,21,3,1,0,8,1, , ,N,1,3,0,3,0,1,2,2, , ,39 55:17.554,75 13:38.035,0, ,0, ,0, , , ,3, , , , , ,701509, , , ,1,0,0,0,0,0,0,0,0,1,0,0,1,0,0,0,0,0,0,0,0,0,0,0,0,0,0,0,0,0,0,0,1,0,1,2,0,39.9215,-75.2272, , 
 ,63815,2012083321,6,67,67301,2012,7,3,945,9,1,1,0,5,1, , ,N,1,2,0,3,0,1,4,2,N,N,40 00:07.205,75 09:21.826,950, ,945, ,9,1,N, ,3, , , , , ,701510, , , ,2,1,0,0,0,1,0,0,0,0,0,1,1,0,3,0,0,0,0,0,1,0,0,4,0,0,0,0,0,0,0,0,0,0,0,4,1,40.002,-75.1561, , 
 ,63816,2012084156,6,67,67301,2012,7,5,9999,99,1,1,0,8,1, , ,N,0,0,0,3,0,1,2,2,N,N,40 01:52.811,75 10:02.835,1124, ,1120, ,0, ,N, ,0, , , , , ,701511, , , ,1,0,0,0,0,0,1,0,0,0,0,0,1,1,0,0,0,0,0,0,0,0,0,0,0,0,0,0,0,0,0,0,1,0,0,8,0,40.0313,-75.1675, , 
 ,63817,2012098303,6,67,67301,2012,9,3,9999,99,3,1,0,7,5, , ,N,2,0,0,3,0,0,1,1,N,N,40 00:37.818,75 06:45.046,213, ,210,2,1,6,N, ,0,Y, , , , ,701523, , , ,1,0,0,0,0,0,1,0,0,0,0,0,0,0,0,0,0,0,0,0,0,0,0,0,0,0,0,0,0,0,0,0,0,0,0,0,0,40.0105,-75.1125, , 
 ,63818,2012076071,6,67,67301,2012,6,3,910,9,1,1,0,8,1, , ,N,0,0,0,3,0,1,2,2,N,N,39 57:10.077,75 08:24.812,910, ,918, ,0, ,N, ,0, , , , , ,701544, , , ,1,0,0,0,0,0,1,0,0,0,0,1,1,0,0,0,0,0,0,0,0,0,0,0,0,0,0,0,0,0,0,0,1,0,0,4,0,39.9528,-75.1402, , 
 ,63819,2012068956,6,67,67301,2012,6,2,1708,17,1,1,0,8,1, , ,N,2,3,0,3,0,1,2,2,N,N,39 55:20.002,75 09:10.808,1716, ,1714, ,0, ,N, ,3, , , , , ,701552, , , ,1,0,0,0,0,0,1,0,0,0,0,0,1,1,0,0,0,0,0,0,0,0,0,0,0,0,0,0,0,0,0,0,1,0,0,8,0,39.9222,-75.153, , 
 ,63820,2012080849,6,67,67301,2012,7,2,1859,18,1,1,0,4,1, , ,N,0,0,7,3,0,4,4,2,N,N,40 05:13.141,75 02:25.393,1903, ,1859, ,0, ,N, ,0, , , , , ,701560, , , ,2,0,0,0,1,0,1,0,0,0,0,4,4,0,0,1,0,0,0,0,1,0,0,0,0,0,0,0,0,0,0,0,0,0,0,4,0,40.087,-75.0404, , 
U,63821,2012083397,6,67,67301,2012,7,1,1630,16,1,1,0,1,1,8,8,Y,0,0,3,3,0,2,4,3,N,N,39 53:34.659,75 13:20.286,1630,99,1630,1,2,3,N, ,0,N,U,U,U,U,701564,U,U,U,3,1,0,0,0,0,2,0,0,0,0,2,2,0,0,0,0,0,0,0,1,0,0,0,0,0,0,0,0,0,0,0,0,0,0,4,0,39.893,-75.2223, , 
 ,63822,2012084668,6,67,67301,2012,8,7,1059,10,1,1,0,1,1, , ,N,0,0,0,3,0,0,6,3,N,N,39 58:27.414,75 11:39.308,1101, ,1100, ,0, ,N, ,0, , , , , ,701566, , , ,3,2,0,0,1,0,0,0,0,0,0,0,0,0,0,0,0,0,0,0,1,0,0,0,0,0,0,0,0,0,0,0,0,0,0,0,0,39.9743,-75.1943, , 
 ,63823,2012078570,6,67,67301,2012,3,3,1412,14,1,1,0,7,5, , ,N,1,3,0,3,0,0,1,1,N, ,40 01:22.525,75 09:47.379,9999, ,9999, ,0, , , ,3, , , , , ,701600, , , ,1,0,0,0,0,0,1,0,0,0,0,0,0,0,0,0,0,0,0,0,0,0,0,0,0,0,0,0,0,0,0,0,0,0,0,0,0,40.0229,-75.1632, , 
 ,63824,2012112646,6,67,67301,2012,10,6,2010,20,3,1,0,1,1, , ,N,1,2,0,3,0,0,1,2,N,N,40 03:08.339,75 00:28.750,2100, ,2054, ,0, ,N, ,3, , , , , ,701623, , , ,2,1,0,0,0,1,0,0,0,0,0,0,0,0,0,0,0,0,0,0,1,0,0,0,0,0,0,0,0,0,0,0,0,0,0,0,1,40.0523,-75.008, , 
 ,63825,2012127586,6,67,67301,2012,12,7,755,7,1,2,1,7,2, , ,N,0,0,0,3,0,2,2,1,N,N,39 58:52.692,75 12:24.975,759, ,757,2,1,3,N, ,0,N, , , , ,701631, , , ,1,1,0,0,0,0,0,0,0,0,0,0,2,2,0,0,0,0,0,0,0,0,0,0,0,0,0,0,0,0,0,0,0,0,0,8,0,39.9813,-75.2069, , 
 ,63826,2012083816,6,67,67301,2012,8,7,2127,21,3,1,0,4,1, , ,N,1,3,0,3,0,1,3,2,N, ,39 55:09.944,75 09:55.360,2129, ,2127, ,0, ,N, ,3, , , , , ,701647, , , ,2,2,0,0,0,0,0,0,0,0,0,1,1,0,0,0,0,0,0,0,1,0,0,0,0,0,0,0,0,0,0,0,0,0,0,4,0,39.9194,-75.1654, , 
 ,63827,2012109706,6,67,67301,2012,10,6,2336,23,3,1,0,2,1, , ,N,1,2,0,3,0,1,3,2,N,N,40 00:06.638,75 10:03.291,2338, ,2337, ,0, ,N, ,3, , , , , ,701666, , , ,2,0,1,0,1,0,0,0,0,0,0,1,1,0,0,0,0,0,0,0,0,0,0,0,0,0,0,0,0,0,0,0,0,0,0,4,0,40.0018,-75.1676, , 
 ,63828,2012078331,6,67,67301,2012,7,6,2302,23,3,1,0,4,1, , ,N,1,2,0,3,0,5,6,2,N,N,40 07:53.956,75 00:43.926,2312, ,2308, ,0, ,N, ,2, , , , , ,704551, , , ,2,1,0,0,0,0,1,0,0,0,0,5,5,0,0,0,0,0,0,0,0,0,1,0,0,0,0,0,0,0,0,0,0,0,0,4,0,40.1317,-75.0122, , 
 ,63829,2012098537,6,67,67301,2012,9,4,1145,11,1,1,0,4,1, , ,N,1,3,0,3,0,1,1,2,N, ,40 03:23.540,75 10:44.216,9999, ,1925, ,0, ,N, ,3, , , , , ,704572, , , ,1,1,0,0,0,0,0,0,0,0,0,1,1,0,0,0,0,0,0,0,0,0,0,0,0,0,0,0,0,0,0,0,1,0,0,4,0,40.0565,-75.1789, , 
 ,63830,2012099331,6,67,67301,2012,8,7,1800,18,1,1,0,6,1, , ,N,2,1,0,3,0,0,9,2,N, ,40 01:52.459,75 01:18.271,1842, ,1832, ,0, , , ,3, , , , , ,704575, , , ,2,0,0,0,1,0,1,0,0,0,0,0,0,0,0,0,0,0,0,0,0,0,0,0,0,0,0,0,0,0,0,0,0,0,0,0,0,40.0312,-75.0217, , 
 ,63831,2012099915,6,67,67301,2012,10,6,53,0,3,1,0,7,3, , ,N,0,0,0,3,0,0,1,2,N,N,39 59:27.545,75 05:11.799,100, ,55, ,0, ,Y, ,0, , , , , ,704576, , , ,1,1,0,0,0,0,0,0,0,0,0,0,0,0,0,0,0,0,0,0,0,0,0,0,0,0,0,0,0,0,0,0,0,0,0,0,0,39.991,-75.0866, , 
 ,63832,2012075984,6,67,67301,2012,6,6,1030,10,1,1,0,8,1, , ,N,1,2,0,3,0,1,2,2,N, ,39 57:09.766,75 09:27.917,1528, ,1525, ,0, , , ,3, , , , , ,704587, , , ,1,1,0,0,0,0,0,0,0,0,0,1,1,0,0,0,0,0,0,0,0,0,0,0,0,0,0,0,0,0,0,0,1,0,0,4,0,39.9527,-75.1578, , 
 ,63833,2012080966,6,67,67301,2012,6,1,2243,22,3,1,0,1,1, , ,N,0,2,0,3,0,0,3,3,N,N,39 58:30.814,75 11:41.410,2246, ,2246,2,2,4,N, ,3,N, , , , ,704593, , , ,3,3,0,0,0,0,0,0,0,0,0,0,0,0,0,0,0,0,0,1,1,0,0,0,0,0,0,0,0,0,0,0,0,0,0,0,0,39.9752,-75.1948, , 
 ,63834,2012083106,6,67,67301,2012,6,6,1600,16,1,8,1,1,1, , ,N,5,3,0,3,0,3,4,2,N,N,40 01:22.375,75 08:53.384,0, ,0, ,0, ,N, ,3, , , , , ,704595, , , ,2,0,0,0,0,0,0,1,0,0,0,1,3,2,1,0,0,0,0,0,0,0,1,0,0,0,0,0,0,0,0,0,0,0,0,4,0,40.0229,-75.1482, , 
 ,63835,2012085855,6,67,67301,2012,7,6,712,7,1,2,1,4,1, , ,N,5,2,2,3,0,0,2,2,N,N,39 57:25.688,75 09:03.847,717, ,713,1,1,4,N, ,3,Y, , , , ,704597, , , ,2,2,0,0,0,0,0,0,0,0,0,0,0,0,0,0,0,0,0,0,0,0,0,0,0,0,0,0,0,0,0,0,0,0,0,0,0,39.9571,-75.1511, , 
 ,63836,2012096023,6,67,67301,2012,8,7,450,4,3,2,1,4,1, , ,N,1,2,0,3,0,0,2,2,N,N,39 55:09.777,75 10:14.532,505, ,500, ,0, , , ,3, , , , , ,704612, , , ,2,1,0,0,0,0,1,0,0,0,0,0,0,0,0,0,0,0,0,0,0,0,0,0,0,0,0,0,0,0,0,0,0,0,0,0,0,39.9194,-75.1707, , 
 ,63837,2012068851,6,67,67301,2012,5,1,1845,18,1,1,0,4,1, , ,N,0,0,0,3,0,1,3,2,N,N,39 56:01.372,75 09:51.206,1925, ,1919, ,0, ,N, ,0, , , , , ,704641, , , ,1,1,0,0,0,0,0,0,1,0,0,0,1,1,0,0,0,0,0,0,0,0,0,0,0,0,0,0,0,0,0,0,0,0,0,8,0,39.9337,-75.1642, , 
 ,63838,2012066683,6,67,67301,2012,6,3,900,9,1,8,1,4,1, , ,N,1,2,0,3,0,1,3,2,N,N,39 56:18.900,75 11:54.432,925, ,900, ,0, ,N, ,3, , , , , ,704687, , , ,2,2,0,0,0,0,0,0,0,0,0,0,1,1,0,0,0,0,0,0,0,0,0,0,0,0,0,0,0,0,0,0,0,0,0,8,0,39.9386,-75.1985, , 
 ,63839,2012066687,6,67,67301,2012,5,2,9999,99,1,2,0,4,1, , ,N,1,3,0,3,0,1,2,2,N,N,39 58:27.364,75 08:04.390,1847, ,1845,1,2,5, , ,3,Y, , , , ,704688, , , ,2,1,0,0,1,0,0,0,0,0,0,1,1,0,0,0,0,0,0,0,1,0,0,0,0,0,0,0,0,0,0,0,0,0,0,4,0,39.9743,-75.1346, , 
 ,63840,2012068855,6,67,67301,2012,6,7,1022,10,1,1,0,8,1, , ,N,0,0,0,3,0,1,2,2,N,N,40 07:10.901,75 01:03.397,1026, ,1024,9,1,2,N, ,0,N, , , , ,704690, , , ,1,0,0,0,1,0,0,0,0,0,0,0,1,1,0,0,0,0,0,0,0,0,0,0,0,0,0,0,0,0,0,0,1,0,0,8,0,40.1197,-75.0176, , 
 ,63841,2012083239,6,67,67301,2012,7,4,1435,14,1,1,0,2,1, , ,N,5,2,0,3,0,1,2,2,N, ,39 54:49.162,75 14:22.907,1530, ,1439, ,0, ,N, ,3, , , , , ,704705, , , ,2,2,0,0,0,0,0,0,0,0,1,0,1,0,1,0,0,0,0,0,0,0,0,1,0,0,0,0,0,0,0,0,0,0,0,3,0,39.9137,-75.2397, , 
 ,63842,2012104226,6,67,67301,2012,9,2,705,7,1,1,0,4,1, , ,N,1,3,0,3,0,1,2,2,N,N,39 55:44.306,75 09:59.461,720, ,716, ,0, ,N, ,3, , , , , ,704720, , , ,1,1,0,0,0,0,0,0,1,0,1,0,1,0,0,0,0,0,0,0,0,0,0,0,0,0,0,0,0,0,0,0,0,0,0,3,0,39.929,-75.1665, , 
 ,63843,2012066535,6,67,67301,2012,6,4,1224,12,1,1,0,4,2, , ,N,1,3,0,3,0,1,1,5,N,N,39 57:38.354,75 11:33.417,1228, ,1226, ,0, ,N, ,3, , , , , ,704743, , , ,5,4,0,0,0,0,1,0,0,0,0,0,1,1,0,0,0,0,0,0,0,0,0,0,0,0,0,0,0,0,0,0,0,0,0,8,0,39.9607,-75.1926, , 
 ,63844,2012089806,6,67,67301,2012,8,2,1200,12,1,1,0,4,1, , ,N,2,3,0,3,0,2,3,2,N,N,40 00:15.872,75 10:10.091,1235, ,1230, ,0, ,N, ,3, , , , , ,704761, , , ,2,1,0,0,0,0,1,0,0,0,0,0,2,2,0,0,1,0,0,0,0,0,0,0,0,0,0,0,0,0,0,0,0,0,0,8,0,40.0044,-75.1695, , 
 ,63845,2012095341,6,67,67301,2012,8,4,1619,16,1,1,0,8,1, , ,N,1,3,0,3,0,1,3,2,N,N,39 57:15.476,75 13:41.257,1747, ,1745, ,0, ,N, ,3, , , , , ,704769, , , ,1,0,0,0,0,0,0,1,0,1,0,0,1,0,0,0,0,0,0,0,0,0,0,0,0,0,0,0,0,0,0,0,1,0,1,2,0,39.9543,-75.2281, , 
 ,63846,2012104283,6,67,67301,2012,9,6,700,7,1,1,0,4,1, , ,N,1,2,0,3,0,1,1,2,N,N,39 59:59.990,75 08:25.789,700, ,700, ,0, ,N, ,3, , , , , ,707557, , , ,1,1,0,0,0,0,0,0,0,0,0,1,1,0,0,0,0,0,0,0,0,0,0,0,0,0,0,0,0,0,0,0,1,0,0,4,0,40,-75.1405, , 
 ,63847,2012056742,6,67,67301,2012,5,6,1515,15,1,1,0,8,1, , ,N,0,0,0,3,0,1,2,2,N, ,39 55:59.007,75 11:18.168,1550, ,1547, ,0, , , ,0, , , , , ,707571, , , ,1,0,0,0,1,0,0,0,0,0,0,0,1,1,0,0,0,0,0,0,0,0,1,0,0,0,0,0,0,0,0,0,1,0,0,8,0,39.9331,-75.1884, , 