wz_ln_closure,objectid_1,crn,district,county,municipality,crash_year,crash_month,day_of_week,time_of_day,hour_of_day,illumination,weather,road_condition,collision_type,relation_to_road,work_zone_type,work_zone_loc,work_zone_ind,intersect_type,tcd_type,location_type,urban_rural,fatal_count,injury_count,person_count,total_units,sch_bus_ind,sch_zone_ind,latitude,longitude,arrival_tm,cons_zone_spd_lim,dispatch_tm,est_hrs_closed,lane_closed,ln_close_dir,ntfy_hiwy_maint,spec_juris_cd,tcd_func_cd,tfc_detour_ind,workers_pres,wz_close_detour,wz_flagger,wz_law_offcr_ind,objectid,wz_moving,wz_other,wz_shlder_mdn,vehicle_count,automobile_count,motorcycle_count,bus_count,small_truck_count,heavy_truck_count,suv_count,van_count,bicycle_count,maj_inj_count,mod_inj_count,min_inj_count,tot_inj_count,unk_inj_deg_count,unk_inj_per_count,driver_count_16yr,driver_count_17yr,driver_count_18yr,driver_count_19yr,driver_count_20yr,driver_count_50_64yr,driver_count_65_74yr,driver_count_75plus,unbelted_occ_count,unb_death_count,unb_maj_inj_count,belted_death_count,belted_maj_inj_count,mcycle_death_count,mcycle_maj_inj_count,bicycle_death_count,bicycle_maj_inj_count,ped_count,ped_death_count,ped_maj_inj_count,max_severity_level,comm_veh_count,dec_lat,dec_long,rdwy_surf_type_cd,county_name
 ,63848,2012064682,6,67,67301,2012,5,4,1459,14,1,1,0,5,1, , ,N,2,2,0,3,0,2,14,2,Y,N,40 01:48.146,75 06:11.546,1530, ,1502,2,2,2,N, ,3,Y, , , , ,707576, , , ,2,1,0,1,0,0,0,0,0,0,0,2,2,0,0,0,0,0,0,0,0,0,0,0,0,0,0,0,0,0,0,0,0,0,0,4,1,40.03,-75.1032, , 
 ,63849,2012063933,6,67,67301,2012,5,4,1501,15,1,1,0,1,1, , ,N,1,2,0,3,0,1,2,2,N,N,39 59:43.634,75 08:29.417,1600, ,1553, ,0, ,N, ,3, , , , , ,707586, , , ,2,2,0,0,0,0,0,0,0,0,0,0,1,1,0,0,0,0,0,0,1,0,0,1,0,0,0,0,0,0,0,0,0,0,0,8,0,39.9955,-75.1415, , 
 ,63850,2012073203,6,67,67301,2012,7,2,656,6,1,1,0,7,2, , ,N,0,0,0,3,0,1,1,1,N,N,39 59:28.467,75 05:10.153,704, ,657,1,1,1,N, ,0,N, , , , ,707602, , , ,1,1,0,0,0,0,0,0,0,0,0,1,1,0,0,0,0,0,0,0,0,0,0,0,0,0,0,0,0,0,0,0,0,0,0,4,0,39.9911,-75.0862, , 
 ,63851,2012076070,6,67,67301,2012,6,2,2058,20,3,1,0,4,1, , ,N,1,3,0,3,0,2,2,2,N,N,40 00:47.779,75 06:31.294,2107, ,2102,2,1,1,N, ,3,N, , , , ,707605, , , ,2,1,0,0,0,0,0,1,0,0,0,0,2,2,0,0,0,0,0,0,1,0,0,0,0,0,0,0,0,0,0,0,0,0,0,8,0,40.0133,-75.1087, , 
 ,63852,2012078537,6,67,67301,2012,6,6,2045,20,3,1,0,8,1, , ,N,0,0,0,3,0,1,2,2,N,N,39 55:51.949,75 10:23.808,2050, ,2045, ,0, ,N, ,0, , , , , ,707606, , , ,1,1,0,0,0,0,0,0,0,0,1,0,1,0,0,0,0,0,0,0,1,0,0,0,0,0,0,0,0,0,0,0,1,0,0,3,0,39.9311,-75.1733, , 
 ,63853,2012056675,6,67,67301,2012,5,1,1020,10,1,1,0,8,1, , ,N,1,2,0,3,0,1,2,2,N,N,39 56:45.045,75 10:29.351,1030, ,1020, ,0, , , ,3, , , , , ,707618, , , ,1,1,0,0,0,0,0,0,0,0,0,1,1,0,0,0,0,0,0,0,1,0,0,0,0,0,0,0,0,0,0,0,1,0,0,4,0,39.9458,-75.1748, , 
 ,63854,2012066560,6,67,67301,2012,5,4,1333,13,1,1,0,5,6, , ,N,0,0,0,3,0,0,3,3,N,N,39 57:19.982,75 09:46.601,1605, ,1555,1,1,2,N, ,0,N, , , , ,707624, , , ,3,3,0,0,0,0,0,0,0,0,0,0,0,0,0,0,0,0,0,0,0,0,0,0,0,0,0,0,0,0,0,0,0,0,0,0,0,39.9556,-75.1629, , 
 ,63855,2012078396,6,67,67301,2012,7,5,1149,11,1,1,0,4,1, , ,N,0,0,7,3,0,1,2,2,N,N,40 00:55.403,75 12:29.952,1157, ,1151, ,0, ,N, ,0, , , , , ,707628, , , ,2,1,0,0,0,0,1,0,0,0,0,1,1,0,0,0,0,0,0,0,1,0,0,0,0,0,0,0,0,0,0,0,0,0,0,4,0,40.0153,-75.208, , 
 ,63856,2012078488,6,67,67301,2012,7,4,1600,16,1,1,0,1,1, , ,N,1,2,0,3,0,2,3,2,N,N,40 01:57.154,75 07:27.076,9999, ,1604, ,0, ,N, ,3, , , , , ,707629, , , ,2,2,0,0,0,0,0,0,0,0,0,0,2,2,1,0,0,0,0,0,0,0,0,0,0,0,0,0,0,0,0,0,0,0,0,8,0,40.0325,-75.1242, , 
 ,63857,2012083413,6,67,67301,2012,7,1,1337,13,1,1,0,7,4, , ,N,0,0,0,3,0,1,1,1,N,N,40 01:05.479,75 10:17.802,1340, ,1338, ,0, ,N, ,0, , , , , ,707636, , , ,1,1,0,0,0,0,0,0,0,0,0,1,1,0,0,0,0,0,0,0,0,0,1,0,0,0,0,0,0,0,0,0,0,0,0,4,0,40.0182,-75.1716, , 
 ,63858,2012085803,6,67,67301,2012,8,5,245,2,3,1,0,8,1, , ,N,0,0,0,3,0,1,2,1,N,N,39 55:23.552,75 10:14.001,302, ,301, ,0, ,N, ,0, , , , , ,707638, , , ,1,1,0,0,0,0,0,0,0,0,0,0,1,1,0,0,0,0,0,0,0,0,0,0,0,0,0,0,0,0,0,0,1,0,0,8,0,39.9232,-75.1706, , 
 ,63859,2012095394,6,67,67301,2012,8,4,1630,16,8,9,8,9,9, , ,N,1,2,0,3,0,1,2,2,N,N,39 59:40.935,75 05:40.542,1053, ,1052, ,0, ,N, ,3, , , , , ,707645, , , ,1,0,0,0,1,0,0,0,0,0,0,0,1,1,1,0,0,0,0,0,0,0,0,0,0,0,0,0,0,0,0,0,1,0,0,8,0,39.9946,-75.0945, , 
 ,63860,2012076073,6,67,67301,2012,6,4,1355,13,1,1,0,8,1, , ,N,1,2,0,3,0,1,2,2,N,N,39 56:36.308,75 09:18.932,1409, ,1407, ,0, ,N, ,3, , , , , ,707665, , , ,1,0,0,0,0,0,1,0,0,0,0,1,1,0,0,0,0,0,0,0,0,0,0,0,0,0,0,0,0,0,0,0,1,0,0,4,0,39.9434,-75.1553, , 
 ,63861,2012060778,6,67,67301,2012,5,7,1310,13,1,1,0,8,1, , ,N,1,2,0,3,0,1,2,2,N,N,40 02:35.284,75 04:25.695,1320, ,1315, ,0, , , ,3, , , , , ,707678, , , ,1,0,0,0,0,0,1,0,0,0,0,1,1,0,0,0,0,0,0,0,0,0,0,0,0,0,0,0,0,0,0,0,1,0,0,4,0,40.0431,-75.0738, , 
 ,63862,2012064014,6,67,67301,2012,5,6,1343,13,1,1,0,1,1, , ,N,1,2,0,3,0,2,2,2,N,N,40 06:50.926,74 59:15.880,1346, ,1344,1,1,1,N, ,3,N, , , , ,707682, , , ,2,0,0,0,0,1,1,0,0,0,0,2,2,0,0,0,0,0,0,0,0,0,0,0,0,0,0,0,0,0,0,0,0,0,0,4,1,40.114,-74.9876, , 
 ,63863,2012068735,6,67,67301,2012,6,1,1308,13,1,1,0,4,1, , ,N,1,2,0,3,0,1,2,2,N,N,39 59:23.942,75 08:54.063,1315, ,1312,3,2,7,N, ,3,Y, , , , ,707688, , , ,2,0,0,0,0,0,1,0,0,1,0,0,1,0,0,1,0,0,0,0,1,0,0,0,0,0,0,0,0,0,0,0,0,0,0,2,0,39.99,-75.1484, , 
 ,63864,2012104105,6,67,67301,2012,9,6,1807,18,1,9,0,4,1, , ,N,1,3,0,3,0,2,2,2,N,N,39 55:14.170,75 14:39.299,1809, ,1807, ,0, ,N, ,3, , , , , ,698457, , , ,2,1,0,0,0,0,1,0,0,0,0,0,2,2,0,0,0,0,0,0,0,0,0,0,0,0,0,0,0,0,0,0,0,0,0,8,0,39.9206,-75.2442, , 
 ,63865,2012063849,6,67,67301,2012,5,1,2035,20,3,1,0,4,1, , ,N,3,3,0,3,0,0,2,2,N, ,39 59:07.450,75 10:54.123,2114, ,2110,1,1,4, , ,3,N, , , , ,698469, , , ,2,2,0,0,0,0,0,0,0,0,0,0,0,0,0,0,0,1,0,0,0,0,0,0,0,0,0,0,0,0,0,0,0,0,0,0,0,39.9854,-75.1817, , 
 ,63866,2012063971,6,67,67301,2012,5,5,833,8,1,1,0,4,1, , ,N,1,0,0,3,0,2,2,2,N, ,40 01:28.740,75 07:25.247,836, ,834, ,0, , , ,0, , , , , ,698470, , , ,2,1,0,0,0,0,0,1,0,0,0,2,2,0,0,0,0,0,0,0,2,0,0,0,0,0,0,0,0,0,0,0,0,0,0,4,0,40.0247,-75.1237, , 
 ,63867,2012078283,6,67,67301,2012,7,5,2219,22,3,1,0,5,1, , ,N,1,0,0,3,0,2,3,2,N, ,39 59:38.150,75 09:16.063,145, ,145, ,0, , , ,0, , , , , ,698482, , , ,2,2,0,0,0,0,0,0,0,0,0,0,2,2,0,0,0,0,0,0,0,0,0,0,0,0,0,0,0,0,0,0,0,0,0,8,0,39.9939,-75.1545, , 
 ,63868,2012052282,6,67,67301,2012,1,6,310,3,6,1,0,1,1, , ,N,0,0,0,3,0,1,2,2,N,N,40 00:16.604,75 11:41.852,0, ,0, ,0, ,N, ,0, , , , , ,698512, , , ,2,1,0,0,0,0,1,0,0,0,1,0,1,0,0,0,0,0,0,0,0,0,0,0,0,0,0,0,0,0,0,0,0,0,0,3,0,40.0046,-75.195, , 
 ,63869,2012078433,6,67,67301,2012,7,6,2335,23,3,1,0,2,6, , ,N,0,0,0,3,0,0,1,4,N,N,40 00:08.208,75 04:09.931,2339, ,2337,2,2,2,N, ,0,Y, , , , ,698523, , , ,4,1,0,0,1,0,0,2,0,0,0,0,0,0,0,0,0,0,0,0,0,0,0,0,0,0,0,0,0,0,0,0,0,0,0,0,0,40.0023,-75.0694, , 
 ,63870,2012098653,6,67,67301,2012,9,4,235,2,3,2,1,7,2, , ,N,0,0,0,3,0,2,4,2,N,N,39 58:50.893,75 12:22.691,244, ,241, ,0, ,N, ,0, , , , , ,698544, , , ,2,1,0,0,0,0,1,0,0,0,0,2,2,0,0,0,0,1,0,0,0,0,0,0,0,0,0,0,0,0,0,0,0,0,0,4,0,39.9808,-75.2063, , 
 ,63871,2012099025,6,67,67301,2012,8,4,1020,10,1,1,0,8,1, , ,N,0,0,0,3,0,1,2,2,N,N,39 58:04.076,75 13:41.394,1300, ,1250, ,0, ,N, ,0, , , , , ,698545, , , ,1,1,0,0,0,0,0,0,0,0,0,1,1,0,0,0,0,0,0,0,0,0,0,1,0,0,0,0,0,0,0,0,1,0,0,4,0,39.9678,-75.2282, , 
 ,63872,2012063935,6,67,67301,2012,5,6,742,7,1,1,0,4,1, , ,N,0,0,0,3,0,1,2,2,N,Y,40 03:20.704,75 04:22.240,815, ,811,2,1,1,N, ,0,N, , , , ,698609, , , ,2,0,1,0,0,0,1,0,0,0,0,1,1,0,0,0,0,0,0,0,1,0,0,0,0,0,0,0,0,0,0,0,0,0,0,4,0,40.0558,-75.0728, , 
 ,63873,2012066550,6,67,67301,2012,6,3,155,1,3,1,0,7,4, , ,N,1,3,0,3,0,0,1,1,N,N,40 03:54.176,75 03:30.985,205, ,200, ,0, ,N, ,3, , , , , ,698613, , , ,1,1,0,0,0,0,0,0,0,0,0,0,0,0,1,0,0,0,0,0,0,0,0,0,0,0,0,0,0,0,0,0,0,0,0,9,0,40.065,-75.0586, , 
 ,63874,2012078161,6,67,67301,2012,2,1,1400,14,1,1,0,5,1, , ,N,1,3,0,3,0,1,3,2,N,N,39 57:49.784,75 13:48.907,1503, ,1500, ,0, ,N, ,3, , , , , ,698629, , , ,2,1,0,0,0,1,0,0,0,0,0,0,1,1,0,0,0,0,0,0,2,0,0,0,0,0,0,0,0,0,0,0,0,0,0,8,0,39.9638,-75.2303, , 
 ,63875,2012078586,6,67,67301,2012,6,7,1803,18,1,1,0,8,1, , ,N,2,2,0,3,0,1,2,2,N,N,40 02:41.444,75 01:02.862,1810, ,1805, ,0, ,N, ,3, , , , , ,698630, , , ,1,1,0,0,0,0,0,0,1,0,0,1,1,0,0,0,0,0,0,0,0,0,0,0,0,0,0,0,0,0,0,0,0,0,0,4,0,40.0448,-75.0175, , 
 ,63876,2012083145,6,67,67301,2012,7,5,2330,23,3,2,1,8,1, , ,N,1,2,0,3,0,2,3,3,N,N,39 57:33.020,75 14:36.119,2345, ,2342, ,0, ,N, ,3, , , , , ,698637, , , ,1,0,0,0,0,0,0,0,0,0,2,0,2,0,0,0,0,0,0,0,0,0,0,0,0,0,0,0,0,0,0,0,2,0,0,3,0,39.9592,-75.2434, , 
 ,63877,2012083298,6,67,67301,2012,8,4,1428,14,1,1,0,2,1, , ,N,0,0,0,3,0,3,3,2,N, ,39 59:21.699,75 10:20.013,1428, ,1428, ,0, , , ,0, , , , , ,698638, , , ,2,2,0,0,0,0,0,0,0,0,0,0,3,3,0,0,0,0,0,1,1,0,0,0,0,0,0,0,0,0,0,0,0,0,0,8,0,39.9894,-75.1722, , 
 ,63878,2012083302,6,67,67301,2012,8,6,1813,18,1,1,1,5,2, , ,N,0,0,0,3,0,1,8,2,N,N,39 54:52.860,75 13:24.390,9999, ,1813, ,0, ,N, ,0, , , , , ,698639, , , ,2,1,0,0,1,0,0,0,0,0,0,0,1,1,0,0,0,0,0,0,2,0,0,0,0,0,0,0,0,0,0,0,0,0,0,8,0,39.9147,-75.2234, , 
 ,63879,2012083388,6,67,67301,2012,7,5,1935,19,1,1,0,8,1, , ,N,5,2,0,3,0,1,2,2,N,N,39 57:26.294,75 10:10.652,1939, ,1937, ,0, ,N, ,3, , , , , ,698640, , , ,1,1,0,0,0,0,0,0,0,0,0,0,1,1,0,0,0,0,0,0,1,0,0,0,0,0,0,0,0,0,0,0,1,0,0,8,0,39.9573,-75.1696, , 
 ,63880,2012088599,6,67,67301,2012,8,1,100,1,3,2,1,7,5, , ,N,0,0,0,3,0,1,1,1,N,N,40 00:25.527,75 04:49.861,152, ,152, ,0, ,N, ,0, , , , , ,698650, , , ,1,1,0,0,0,0,0,0,0,0,0,1,1,0,0,0,0,1,0,0,0,0,0,0,0,0,0,0,0,0,0,0,0,0,0,4,0,40.0071,-75.0805, , 
 ,63881,2012056568,6,67,67301,2012,4,4,900,9,1,1,0,4,1, , ,N,1,3,0,3,0,2,5,2,N, ,39 58:14.108,75 09:03.120,903, ,901, ,0, , , ,3, , , , , ,698655, , , ,2,1,0,0,0,0,0,1,0,0,0,2,2,0,0,0,0,0,0,0,0,1,0,0,0,0,0,0,0,0,0,0,0,0,0,4,0,39.9705,-75.151, , 
 ,63882,2012109814,6,67,67301,2012,10,5,1803,18,1,1,0,8,1, , ,N,1,2,0,3,0,1,2,2,N,N,39 57:16.485,75 13:33.593,1840, ,1828, ,0, ,N, ,3, , , , , ,701667, , , ,1,0,0,0,0,0,1,0,0,0,0,1,1,0,0,0,0,0,0,0,0,0,0,0,0,0,0,0,0,0,0,0,1,0,0,4,0,39.9546,-75.226, , 
 ,63883,2012122428,6,67,67301,2012,11,4,1905,19,3,3,1,1,1, , ,N,1,2,0,3,0,1,4,2,N, ,39 59:10.926,75 10:48.967,1922, ,1921, ,0, , , ,3, , , , , ,701680, , , ,2,2,0,0,0,0,0,0,0,0,0,1,1,0,1,0,0,0,0,0,0,0,0,0,0,0,0,0,0,0,0,0,0,0,0,4,0,39.9864,-75.1803, , 
 ,63884,2012066604,6,67,67301,2012,6,4,806,8,1,1,0,4,1, , ,N,1,3,0,3,0,2,2,3,N, ,40 02:43.414,75 07:35.925,808, ,807,1,1,3, , ,3,N, , , , ,701688, , , ,3,3,0,0,0,0,0,0,0,0,0,0,2,2,0,0,0,0,0,0,0,1,0,0,0,0,0,0,0,0,0,0,0,0,0,8,0,40.0454,-75.1266, , 
 ,63885,2012078175,6,67,67301,2012,6,7,1200,12,1,1,0,4,1, , ,N,1,3,0,3,0,2,2,2,N, ,40 02:13.840,75 03:28.781,1230, ,1222,9,1,2, , ,3,N, , , , ,701702, , , ,2,1,0,0,0,0,0,1,0,0,0,0,2,2,0,0,0,0,0,0,1,0,0,0,0,0,0,0,0,0,0,0,0,0,0,8,0,40.0372,-75.058, , 
 ,63886,2012097363,6,67,67301,2012,9,3,1008,10,1,1,0,5,1, , ,N,0,0,0,3,0,1,2,2,N,N,40 02:33.836,75 00:12.791,1013, ,1013,2,1,2,N, ,0,N, , , , ,701712, , , ,2,1,0,0,1,0,0,0,0,0,0,0,1,1,0,0,0,0,0,0,1,0,0,0,0,0,0,0,0,0,0,0,0,0,0,8,0,40.0427,-75.0035, , 
 ,63887,2012114851,6,67,67301,2012,10,1,1951,19,3,1,0,2,1, , ,N,1,2,0,3,0,3,5,2,N,N,39 57:43.226,75 09:27.608,2000, ,1957,3,2,7,N, ,3,Y, , , , ,701730, , , ,2,2,0,0,0,0,0,0,0,0,0,3,3,0,1,0,0,0,0,0,0,0,0,0,0,0,0,0,0,0,0,0,0,0,0,4,0,39.962,-75.1576, , 
 ,63888,2012114860,6,67,67301,2012,10,2,903,9,1,1,0,4,1, , ,N,0,0,7,3,1,1,2,2,N,N,40 01:23.129,75 11:18.523,906, ,905,9,2,6,N,0,0,Y, , , , ,701731, , , ,2,0,1,0,0,0,1,0,0,0,0,1,1,0,0,0,0,0,1,0,1,0,0,0,0,0,0,0,1,0,0,0,0,0,0,1,0,40.0231,-75.1885,2, 
 ,63889,2012114878,6,67,67301,2012,10,6,2023,20,2,1,0,1,1, , ,N,0,2,0,3,0,1,1,2,N,N,40 03:47.807,75 03:16.666,2033, ,2025,2,1,1,N, ,3,Y, , , , ,701732, , , ,2,1,0,0,0,0,1,0,0,0,1,0,1,0,0,0,0,0,0,0,0,0,0,0,0,0,0,0,0,0,0,0,0,0,0,3,0,40.0633,-75.0546, , 
 ,63890,2012010292,6,67,67301,2012,1,4,2356,23,3,1,0,4,2, , ,N,1,2,0,3,0,0,3,2,N,N,40 04:50.820,75 01:42.117,3, ,2358,1,1,2,N, ,3,N, , , , ,701737, , , ,2,2,0,0,0,0,0,0,0,0,0,0,0,0,1,0,0,0,0,0,0,0,1,0,0,0,0,0,0,0,0,0,0,0,0,9,0,40.0808,-75.0284, , 
 ,63891,2012083419,6,67,67301,2012,7,6,9999,99,3,1,0,1,1, , ,N,0,0,0,3,0,1,5,4,N,N,39 57:13.347,75 08:22.854,2340, ,2339, ,0, , , ,0, , , , , ,701750, , , ,4,3,0,0,0,0,1,0,0,0,0,0,1,1,0,0,0,0,1,0,0,0,0,0,0,0,0,0,0,0,0,0,0,0,0,8,0,39.9536,-75.1397, , 
 ,63892,2012098276,6,67,67301,2012,9,4,1626,16,1,9,1,4,1, , ,N,2,3,0,3,0,1,3,2,N, ,40 03:49.813,75 09:22.132,1110, ,1105, ,0, , , ,3, , , , , ,701763, , , ,2,1,0,0,0,0,0,1,0,0,0,1,1,0,0,0,0,0,0,0,0,1,0,1,0,0,0,0,0,0,0,0,0,0,0,4,0,40.0638,-75.1561, , 
Y,63893,2012113562,6,67,67301,2012,11,7,36,0,3,1,0,1,1,2,4,Y,0,0,0,3,0,0,5,2,N,N,40 00:20.064,75 04:30.498,38,45,36, ,0, ,N, ,0, ,Y,N,N,Y,701774,N,N,Y,2,2,0,0,0,0,0,0,0,0,0,0,0,0,0,0,0,0,1,0,1,0,0,0,0,0,0,0,0,0,0,0,0,0,0,0,0,40.0055,-75.0752, , 
 ,63894,2012055939,6,67,67301,2012,5,6,223,2,2,1,1,7,2, , ,N,6,0,2,3,0,1,1,1,N,N,40 00:11.864,75 11:42.460,223, ,223,1,1,4,N, ,0,N, , , , ,701788, , , ,1,1,0,0,0,0,0,0,0,0,0,0,1,1,0,0,0,0,0,0,0,0,0,0,0,0,0,0,0,0,0,0,0,0,0,8,0,40.0033,-75.1951, , 
 ,63895,2012095463,6,67,67301,2012,8,5,550,5,5,1,0,4,1, , ,N,1,2,0,3,0,1,2,2,N,N,39 59:45.293,75 05:31.432,714, ,714, ,0, , , ,3, , , , , ,701809, , , ,2,1,0,0,1,0,0,0,0,0,0,1,1,0,0,0,0,0,0,0,1,0,0,1,0,0,0,0,0,0,0,0,0,0,0,4,0,39.9959,-75.0921, , 
 ,63896,2012098198,6,67,67301,2012,9,4,1503,15,1,1,0,8,1, , ,N,0,0,0,3,0,1,2,2,N, ,39 59:47.400,75 06:13.742,1508, ,1506, ,0, , , ,0, , , , , ,701811, , , ,1,1,0,0,0,0,0,0,0,0,0,1,1,0,0,0,0,0,0,0,0,0,0,0,0,0,0,0,0,0,0,0,1,0,0,4,0,39.9965,-75.1038, , 
 ,63897,2012117228,6,67,67301,2012,6,5,1020,10,1,1,0,4,1, , ,N,1,3,0,3,0,4,6,2,N,N,40 03:57.202,75 10:35.464,1024, ,1023, ,0, ,N, ,3, , , , , ,701832, , , ,2,2,0,0,0,0,0,0,0,0,0,6,6,0,0,0,0,0,0,0,2,0,0,0,0,0,0,0,0,0,0,0,0,0,0,4,0,40.0659,-75.1765, , 
 ,63898,2012078305,6,67,67301,2012,7,5,9999,99,1,1,0,4,1, , ,N,1,2,0,3,0,2,3,2,N,N,40 03:15.344,75 03:47.239,1958, ,1950, ,0, ,N, ,3, , , , , ,701849, , , ,2,1,0,0,0,0,1,0,0,0,0,1,2,1,0,0,0,0,0,0,0,0,0,1,0,0,0,0,0,0,0,0,0,0,0,4,0,40.0543,-75.0631, , 
 ,63899,2012078615,6,67,67301,2012,7,4,2301,23,3,1,0,4,1, , ,N,1,2,0,3,0,2,2,2,N,N,40 02:25.817,75 03:32.713,2310, ,2304,2,2,2,N, ,3,Y, , , , ,701850, , , ,2,2,0,0,0,0,0,0,0,0,0,1,2,1,0,0,0,0,0,0,0,0,0,0,0,0,0,0,0,0,0,0,0,0,0,4,0,40.0405,-75.0591, , 
 ,63900,2012068848,6,67,67301,2012,6,3,1543,15,1,2,1,1,1, , ,N,1,2,0,3,0,1,4,4,N,N,40 04:12.769,75 04:13.466,1556, ,1546, ,0, , , ,3, , , , , ,704776, , , ,4,2,0,0,1,0,1,0,0,0,1,0,1,0,0,0,0,0,0,0,1,1,1,0,0,0,0,0,0,0,0,0,0,0,0,3,0,40.0702,-75.0704, , 
 ,63901,2012073626,6,67,67301,2012,6,4,1430,14,1,1,0,5,1, , ,N,0,0,0,3,0,1,2,2,N, ,40 00:07.941,75 09:10.049,1500, ,1450,9,1,2,N, ,0,N, , , , ,704779, , , ,2,1,0,0,0,1,0,0,0,0,0,1,1,0,0,0,0,0,0,0,0,0,0,0,0,0,0,0,0,0,0,0,0,0,0,4,1,40.0022,-75.1528, , 
 ,63902,2012056596,6,46,46102,2012,5,7,1545,15,1,1,0,8,1, , ,N,1,2,0,3,0,1,2,2,N,N,40 03:55.027,75 05:25.289,1554, ,1549, ,0, , , ,3, , , , , ,704791, , , ,1,0,0,0,0,0,1,0,0,0,0,1,1,0,0,0,0,0,0,0,0,0,0,0,0,0,0,0,0,0,0,0,1,0,0,4,0,40.0653,-75.0904, , 
 ,63903,2012063934,6,67,67301,2012,5,3,1339,13,1,8,1,7,5, , ,N,0,0,0,3,0,0,1,1,N,N,39 59:42.274,75 11:31.051,1350, ,1342, ,0, ,N, ,0, , , , , ,704801, , , ,1,1,0,0,0,0,0,0,0,0,0,0,0,0,0,0,0,0,0,0,0,0,0,1,0,0,0,0,0,0,0,0,0,0,0,0,0,39.9951,-75.192, , 
 ,63904,2012078210,6,67,67301,2012,7,5,810,8,1,1,0,4,1, , ,N,1,2,0,3,0,1,2,2,N,N,39 57:13.622,75 08:34.406,814, ,812, ,0, ,N, ,3, , , , , ,704813, , , ,1,0,0,0,0,0,1,0,1,0,0,1,1,0,0,0,0,0,0,0,1,0,0,0,0,0,0,0,0,0,0,0,0,0,0,4,0,39.9538,-75.1429, , 
 ,63905,2012078603,6,67,67301,2012,6,6,1850,18,1,1,0,1,1, , ,N,5,2,0,3,0,0,2,2,N,N,40 04:17.013,75 09:40.693,1910, ,1859, ,0, ,N, ,3, , , , , ,704814, , , ,2,2,0,0,0,0,0,0,0,0,0,0,0,0,0,0,0,0,0,1,0,0,0,0,0,0,0,0,0,0,0,0,0,0,0,0,0,40.0714,-75.1613, , 
 ,63906,2012080764,6,67,67301,2012,7,2,831,8,1,1,0,8,5, , ,N,1,2,0,3,0,3,3,3,N, ,39 58:53.850,75 15:03.725,840, ,834, ,0, , , ,3, , , , , ,704815, , , ,1,0,0,0,0,0,0,0,0,0,3,0,3,0,0,0,0,0,0,0,0,0,0,0,0,0,0,0,0,0,0,0,2,0,0,3,0,39.9816,-75.251, , 
 ,63907,2012085815,6,67,67301,2012,8,5,2109,21,6,1,0,1,1, , ,N,1,2,0,3,0,6,6,2,N, ,39 58:15.014,75 09:14.922,2115, ,2109, ,0, , , ,3, , , , , ,704820, , , ,2,2,0,0,0,0,0,0,0,0,0,0,6,6,0,0,0,0,0,0,0,0,0,0,0,0,0,0,0,0,0,0,0,0,0,8,0,39.9707,-75.1541, , 
 ,63908,2012083280,6,67,67301,2012,7,3,9999,99,3,1,0,4,7, , ,N,1,3,2,3,0,1,3,2,N,N,39 57:35.605,75 10:31.465,2225, ,2214, ,0, ,N, ,3, , , , , ,704833, , , ,2,2,0,0,0,0,0,0,0,0,0,1,1,0,0,0,0,0,0,0,1,0,0,0,0,0,0,0,0,0,0,0,0,0,0,4,0,39.9599,-75.1754, , 
 ,63909,2012083402,6,67,67301,2012,7,7,1259,12,1,2,7,1,1, , ,N,0,2,0,3,0,1,4,2,N,N,40 06:18.043,75 00:05.991,1306, ,1300, ,0, , , ,3, , , , , ,704834, , , ,2,2,0,0,0,0,0,0,0,0,0,1,1,0,0,0,0,0,1,0,0,0,1,0,0,0,0,0,0,0,0,0,0,0,0,4,0,40.105,-75.0017, , 
 ,63910,2012083794,6,67,67301,2012,8,6,1700,17,1,1,0,4,1, , ,N,1,3,0,3,0,1,2,2,N,N,39 59:39.851,75 07:18.960,1200, ,1200, ,0, ,N, ,3, , , , , ,704835, , , ,1,1,0,0,0,0,0,0,1,0,1,0,1,0,0,0,0,0,0,0,0,0,0,0,0,0,0,0,0,0,0,0,0,0,0,3,0,39.9944,-75.1219, , 
 ,63911,2012099008,6,67,67301,2012,9,2,1600,16,1,1,0,4,1, , ,N,0,0,7,3,0,0,2,2,N,N,39 53:42.661,75 13:44.416,1603, ,1600, ,0, ,N, ,0, , , , , ,704851, , , ,2,2,0,0,0,0,0,0,0,0,0,0,0,0,0,0,0,0,0,0,0,0,0,0,0,0,0,0,0,0,0,0,0,0,0,0,0,39.8952,-75.229, , 
 ,63912,2012056608,6,67,67301,2012,5,4,1330,13,1,1,1,4,1, , ,N,1,0,0,3,0,0,4,2,N,N,40 02:44.669,75 08:35.803,1400, ,1345,2,1,2,N, ,0,N, , , , ,704870, , , ,2,2,0,0,0,0,0,0,0,0,0,0,0,0,2,0,0,0,0,0,0,0,0,0,0,0,0,0,0,0,0,0,0,0,0,9,0,40.0458,-75.1432, , 
 ,63913,2012026088,6,67,67301,2012,2,4,917,9,1,1,0,4,1, , ,N,1,2,0,3,0,0,6,2,N,N,40 00:57.223,75 11:13.338,917, ,917,9,2,7,N, ,3,Y, , , , ,704886, , , ,2,1,0,0,0,0,0,1,0,0,0,0,0,0,0,0,0,0,0,0,0,0,0,0,0,0,0,0,0,0,0,0,0,0,0,0,0,40.0159,-75.187, , 
 ,63914,2012032570,6,67,67301,2012,2,6,210,2,6,1,0,1,1, , ,N,1,2,0,3,0,1,3,2,N,N,40 01:00.708,75 08:58.113,1750, ,1742, ,0, ,N, ,3, , , , , ,704890, , , ,2,2,0,0,0,0,0,0,0,0,0,0,1,1,2,0,0,0,0,0,0,0,0,0,0,0,0,0,0,0,0,0,0,0,0,8,0,40.0169,-75.1495, , 