wz_ln_closure,objectid_1,crn,district,county,municipality,crash_year,crash_month,day_of_week,time_of_day,hour_of_day,illumination,weather,road_condition,collision_type,relation_to_road,work_zone_type,work_zone_loc,work_zone_ind,intersect_type,tcd_type,location_type,urban_rural,fatal_count,injury_count,person_count,total_units,sch_bus_ind,sch_zone_ind,latitude,longitude,arrival_tm,cons_zone_spd_lim,dispatch_tm,est_hrs_closed,lane_closed,ln_close_dir,ntfy_hiwy_maint,spec_juris_cd,tcd_func_cd,tfc_detour_ind,workers_pres,wz_close_detour,wz_flagger,wz_law_offcr_ind,objectid,wz_moving,wz_other,wz_shlder_mdn,vehicle_count,automobile_count,motorcycle_count,bus_count,small_truck_count,heavy_truck_count,suv_count,van_count,bicycle_count,maj_inj_count,mod_inj_count,min_inj_count,tot_inj_count,unk_inj_deg_count,unk_inj_per_count,driver_count_16yr,driver_count_17yr,driver_count_18yr,driver_count_19yr,driver_count_20yr,driver_count_50_64yr,driver_count_65_74yr,driver_count_75plus,unbelted_occ_count,unb_death_count,unb_maj_inj_count,belted_death_count,belted_maj_inj_count,mcycle_death_count,mcycle_maj_inj_count,bicycle_death_count,bicycle_maj_inj_count,ped_count,ped_death_count,ped_maj_inj_count,max_severity_level,comm_veh_count,dec_lat,dec_long,rdwy_surf_type_cd,county_name
 ,63981,2012098974,6,67,67301,2012,8,5,1400,14,1,1,0,4,1, , ,N,1,2,0,3,0,1,2,2,N,N,40 04:12.522,75 10:00.271,1205, ,1159, ,0, , , ,3, , , , , ,705038, , , ,2,2,0,0,0,0,0,0,0,0,1,0,1,0,1,0,0,0,0,0,0,0,0,0,0,0,0,0,0,0,0,0,0,0,0,3,0,40.0701,-75.1667, , 
 ,63982,2012104130,6,67,67301,2012,9,3,830,8,1,1,0,2,1, , ,N,1,3,0,3,0,3,3,2,N, ,39 57:42.814,75 13:37.667,945, ,939, ,0, , , ,3, , , , , ,705040, , , ,2,1,0,0,0,0,1,0,0,0,0,3,3,0,0,0,0,0,0,0,0,0,0,0,0,0,0,0,0,0,0,0,0,0,0,4,0,39.9619,-75.2271, , 
 ,63983,2012075970,6,67,67301,2012,6,3,1057,10,1,2,1,4,1, , ,N,1,2,0,3,0,0,4,2,N, ,39 57:11.116,75 10:54.262,1058, ,1057, ,0, , , ,3, , , , , ,705056, , , ,2,2,0,0,0,0,0,0,0,0,0,0,0,0,0,0,0,0,0,0,0,0,0,0,0,0,0,0,0,0,0,0,0,0,0,0,0,39.9531,-75.1819, , 
 ,63984,2012093114,6,67,67301,2012,9,3,826,8,1,1,0,1,1, , ,N,0,0,0,3,0,1,2,2,N,N,39 52:58.710,75 14:42.541,903, ,844, ,0, ,N, ,0, , , , , ,705085, , , ,2,1,0,0,0,0,0,1,0,0,0,1,1,0,0,0,0,0,1,0,0,0,0,0,0,0,0,0,0,0,0,0,0,0,0,4,0,39.883,-75.2452, , 
 ,63985,2012098479,6,67,67301,2012,8,2,1210,12,1,1,0,7,6, , ,N,0,0,0,3,0,1,3,1,N,N,39 58:24.582,75 14:23.146,1250, ,1242, ,0, ,N, ,0, , , , , ,705096, , , ,1,0,0,0,0,0,0,1,0,0,0,1,1,0,0,0,0,0,0,0,0,0,0,0,0,0,0,0,0,0,0,0,0,0,0,4,0,39.9735,-75.2398, , 
 ,63986,2012119827,6,67,67301,2012,11,1,1050,10,1,1,0,5,1, , ,N,0,0,0,3,0,0,3,2,N,N,39 57:36.515,75 10:48.208,1110, ,1054,1,1,4,N, ,0,Y, , , , ,705104, , , ,2,2,0,0,0,0,0,0,0,0,0,0,0,0,0,0,0,0,0,0,1,0,0,0,0,0,0,0,0,0,0,0,0,0,0,0,0,39.9601,-75.1801, , 
 ,63987,2012122484,6,67,67301,2012,11,5,2300,23,3,1,0,8,1, , ,N,0,0,0,3,0,1,2,2,N,N,40 00:25.239,75 05:38.652,2315, ,2311, ,0, ,N, ,0, , , , , ,705106, , , ,1,0,0,0,0,0,1,0,0,0,0,1,1,0,1,0,0,0,0,0,0,0,0,0,0,0,0,0,0,0,0,0,1,0,0,4,0,40.007,-75.0941, , 
 ,63988,2012068902,6,67,67301,2012,6,1,800,8,1,1,0,4,1, , ,N,2,2,0,3,0,1,2,2,N,N,39 56:51.748,75 11:55.037,803, ,800, ,0, ,N, ,3, , , , , ,705117, , , ,1,1,0,0,0,0,0,0,1,0,1,0,1,0,0,0,0,0,0,0,0,0,0,0,0,0,0,0,0,0,0,0,0,0,0,3,0,39.9477,-75.1986, , 
 ,63989,2012074563,6,67,67301,2012,7,1,1947,19,1,1,0,0,1, , ,N,0,0,0,3,0,0,1,1,N,N,39 58:01.256,75 08:02.991,2022, ,1950, ,0, ,N, ,0, , , , , ,705122, , , ,1,1,0,0,0,0,0,0,0,0,0,0,0,0,0,0,0,0,0,0,0,0,0,0,0,0,0,0,0,0,0,0,0,0,0,0,0,39.967,-75.1341, , 
 ,63990,2012098462,6,67,67301,2012,9,2,1457,14,1,1,0,2,1, , ,N,0,0,0,3,1,2,3,2,N,N,40 02:04.852,75 00:56.434,1512, ,1501,9,2,5,N,0,0,Y, , , , ,705139, , , ,2,1,1,0,0,0,0,0,0,0,0,0,2,2,0,0,0,0,0,0,0,1,0,0,0,0,0,0,1,0,0,0,0,0,0,1,0,40.0347,-75.0157,2, 
 ,63991,2012098266,6,67,67301,2012,9,7,320,3,3,1,0,5,1, , ,N,0,0,0,3,0,1,2,5,N,N,39 58:56.924,75 10:19.531,326, ,325,4,2,2,N, ,0,Y, , , , ,695604, , , ,5,2,0,0,1,0,1,1,0,0,0,0,1,1,0,0,0,0,0,0,0,0,0,0,0,0,0,0,0,0,0,0,0,0,0,8,0,39.9825,-75.1721, , 
 ,63992,2012109891,6,67,67301,2012,10,5,1610,16,1,1,0,6,1, , ,N,0,0,0,3,0,0,3,3,N,N,39 55:50.347,75 11:34.440,1620, ,1620,2,2,2,N, ,0,N, , , , ,695613, , , ,3,1,0,0,1,0,1,0,0,0,0,0,0,0,0,0,0,0,0,0,0,0,0,0,0,0,0,0,0,0,0,0,0,0,0,9,0,39.9307,-75.1929, , 
 ,63993,2012109926,6,67,67301,2012,10,6,849,8,1,1,1,7,2, , ,N,0,2,0,3,0,1,1,1,N, ,39 54:46.236,75 11:32.514,852, ,850,2,2,1, , ,3,Y, , , , ,695614, , , ,1,1,0,0,0,0,0,0,0,0,0,1,1,0,0,0,0,0,0,0,0,0,0,0,0,0,0,0,0,0,0,0,0,0,0,4,0,39.9128,-75.1924, , 
 ,63994,2012078417,6,67,67301,2012,7,1,100,1,3,1,0,8,1, , ,N,1,2,0,3,0,1,2,2,N,N,39 59:15.068,75 09:56.753,115, ,113, ,0, ,N, ,3, , , , , ,695626, , , ,1,1,0,0,0,0,0,0,0,0,0,0,1,1,1,0,0,0,0,0,0,0,0,0,0,0,0,0,0,0,0,0,1,0,0,8,0,39.9875,-75.1658, , 
 ,63995,2012076019,6,67,67301,2012,6,5,9999,99,1,1,0,3,1, , ,N,0,0,0,3,0,0,2,3,N, ,39 55:27.973,75 10:12.490,1502, ,1501, ,0, , , ,0, , , , , ,695634, , , ,3,3,0,0,0,0,0,0,0,0,0,0,0,0,0,0,0,0,0,0,0,0,0,0,0,0,0,0,0,0,0,0,0,0,0,0,0,39.9244,-75.1701, , 
 ,63996,2012078251,6,67,67301,2012,7,4,1615,16,1,1,0,4,1, , ,N,1,3,0,3,0,1,2,2,N,N,39 57:40.780,75 13:21.320,1650, ,1640, ,0, ,N, ,3, , , , , ,695636, , , ,2,1,0,0,0,0,1,0,0,0,0,1,1,0,0,0,0,0,0,0,0,0,0,0,0,0,0,0,0,0,0,0,0,0,0,4,0,39.9613,-75.2226, , 
 ,63997,2012085801,6,67,67301,2012,8,7,2300,23,3,1,0,5,1, , ,N,1,2,0,3,0,0,4,2,N,N,40 01:40.946,75 06:36.204,2309, ,2300,9,1,3,N, ,3,N, , , , ,695643, , , ,2,1,0,0,0,0,0,1,0,0,0,0,0,0,0,0,0,0,0,0,0,0,0,0,0,0,0,0,0,0,0,0,0,0,0,0,0,40.028,-75.1101, , 
 ,63998,2012085816,6,67,67301,2012,8,7,2134,21,3,2,1,4,1, , ,N,1,2,0,3,0,4,5,2,N, ,39 59:19.554,75 07:12.678,2145, ,2134, ,0, , , ,3, , , , , ,695644, , , ,2,1,0,0,0,0,0,1,0,0,0,0,0,0,4,0,0,0,0,0,0,0,0,0,0,0,0,0,0,0,0,0,0,0,0,9,0,39.9888,-75.1202, , 
 ,63999,2012093266,6,67,67301,2012,9,7,2057,20,3,1,0,1,1, , ,N,6,0,2,3,0,0,2,2,N,N,39 56:18.041,75 11:51.584,2101, ,2101,2,1,4,N, ,0,N, , , , ,695650, , , ,2,2,0,0,0,0,0,0,0,0,0,0,0,0,1,0,0,0,0,0,0,0,0,0,0,0,0,0,0,0,0,0,0,0,0,9,0,39.934,-75.1999, , 
 ,64000,2012097368,6,67,67301,2012,9,5,1005,10,1,1,0,1,1, , ,N,0,0,0,3,0,1,3,3,N,N,40 00:33.621,75 12:18.217,1019, ,1019, ,0, ,N, ,0, , , , , ,695653, , , ,3,1,0,0,1,0,1,0,0,0,0,0,1,1,0,0,0,0,0,0,1,2,0,0,0,0,0,0,0,0,0,0,0,0,0,8,0,40.0093,-75.2051, , 
 ,64001,2012120004,6,67,67301,2012,10,4,2157,21,3,1,0,5,1, , ,N,0,0,0,3,0,0,2,5,N, ,39 58:57.396,75 10:19.574,2202, ,2202, ,0, , , ,0, , , , , ,695666, , , ,5,3,0,0,0,0,2,0,0,0,0,0,0,0,0,0,0,0,0,1,0,0,0,0,0,0,0,0,0,0,0,0,0,0,0,0,0,39.9826,-75.1721, , 
 ,64002,2012063901,6,67,67301,2012,5,3,1725,17,1,1,0,4,1, , ,N,1,2,0,3,0,1,3,2,N,N,39 59:18.582,75 09:38.617,1814, ,1812,3,2,2,N, ,3,Y, , , , ,695671, , , ,1,1,0,0,0,0,0,0,1,0,0,0,1,1,0,0,0,0,0,0,0,0,0,0,0,0,0,0,0,0,0,0,0,0,0,8,0,39.9885,-75.1607, , 
 ,64003,2012098940,6,67,67301,2012,9,5,1832,18,1,1,0,5,1, , ,N,0,2,0,3,0,3,5,2,N,N,39 58:29.357,75 11:54.367,1837, ,1832,1,1,4,N, ,3,N, , , , ,695691, , , ,2,1,0,0,0,0,0,0,0,0,0,0,3,3,2,0,0,0,0,0,0,0,0,0,0,0,0,0,0,0,0,0,0,0,0,8,0,39.9748,-75.1984, , 
 ,64004,2012083190,6,67,67301,2012,7,7,430,4,3,1,0,4,1, , ,N,1,2,0,3,0,0,3,2,N,N,39 59:59.990,75 08:25.789,436, ,435, ,0, ,N, ,3, , , , , ,695724, , , ,2,2,0,0,0,0,0,0,0,0,0,0,0,0,0,0,0,0,0,0,0,0,0,0,0,0,0,0,0,0,0,0,0,0,0,0,0,40,-75.1405, , 
 ,64005,2012087104,6,67,67301,2012,8,5,1521,15,1,1,0,1,1, , ,N,0,0,4,3,0,1,2,2,N,N,39 56:48.499,75 08:31.441,1534, ,1523, ,0, ,N, ,0, , , , , ,695727, , , ,2,2,0,0,0,0,0,0,0,0,0,1,1,0,0,0,0,0,0,0,0,0,0,0,0,0,0,0,0,0,0,0,0,0,0,4,0,39.9467,-75.1421, , 
 ,64006,2012104118,6,67,67301,2012,9,1,2315,23,3,1,0,4,1, , ,N,2,0,2,3,0,2,3,2,N,N,39 57:14.783,75 08:22.357,2330, ,2320, ,0, ,N, ,0, , , , , ,695744, , , ,2,1,0,0,0,0,1,0,0,0,0,2,2,0,0,0,0,0,0,0,0,0,0,0,0,0,0,0,0,0,0,0,0,0,0,4,0,39.9542,-75.1395, , 
 ,64007,2012119256,6,67,67301,2012,11,3,2258,22,3,1,0,1,1, , ,N,0,0,0,3,0,1,2,2,N,N,39 57:35.148,75 10:51.278,2311, ,2306,2,2,4,N, ,0,Y, , , , ,695755, , , ,2,1,0,0,0,0,1,0,0,0,0,0,1,1,0,0,0,0,0,0,0,0,0,1,0,0,0,0,0,0,0,0,0,0,0,8,0,39.9598,-75.1809, , 
 ,64008,2012122439,6,67,67301,2012,11,6,1635,16,1,1,0,8,1, , ,N,1,3,0,3,0,1,2,2,N,N,40 00:17.398,75 09:56.005,1635, ,1635, ,0, ,N, ,3, , , , , ,695758, , , ,1,1,0,0,0,0,0,0,0,0,0,0,1,1,0,0,0,0,0,0,1,0,0,1,0,0,0,0,0,0,0,0,1,0,0,8,0,40.0048,-75.1656, , 
 ,64009,2012078556,6,67,67301,2012,6,6,1643,16,1,1,0,6,1, , ,N,1,3,0,3,0,1,2,2,N,N,40 03:38.624,75 03:45.644,1925, ,1920, ,0, ,N, ,3, , , , , ,698899, , , ,2,1,0,0,1,0,0,0,0,0,0,0,1,1,0,0,0,0,0,0,1,0,0,0,0,0,0,0,0,0,0,0,0,0,0,8,0,40.0607,-75.0627, , 
 ,64010,2012078991,6,67,67301,2012,7,3,1344,13,1,1,0,8,1, , ,N,0,0,0,3,0,1,2,2,N,N,40 00:27.082,75 04:37.930,1430, ,1428, ,0, ,N, ,0, , , , , ,698900, , , ,1,1,0,0,0,0,0,0,0,0,0,0,1,1,0,0,0,0,0,0,0,0,0,0,0,0,0,0,0,0,0,0,1,0,0,8,0,40.0075,-75.0772, , 
 ,64011,2012060631,6,67,67301,2012,5,3,20,0,3,2,1,4,1, , ,N,1,2,0,3,0,0,2,2,N,N,39 56:49.135,75 12:54.644,211, ,210, ,0, ,N, ,3, , , , , ,698906, , , ,2,2,0,0,0,0,0,0,0,0,0,0,0,0,0,0,0,0,0,0,0,0,0,0,0,0,0,0,0,0,0,0,0,0,0,0,0,39.947,-75.2152, , 
 ,64012,2012078471,6,67,67301,2012,7,6,1613,16,1,1,0,4,1, , ,N,0,0,0,3,0,1,12,2,N,N,39 56:34.075,75 13:06.585,1620, ,1616, ,0, ,N, ,0, , , , , ,698916, , , ,2,0,0,0,0,0,0,0,0,0,1,0,1,0,0,0,0,0,1,0,1,0,0,0,0,0,0,0,0,0,0,0,0,0,0,3,0,39.9428,-75.2185, , 
 ,64013,2012083373,6,67,67301,2012,7,1,1603,16,1,1,0,1,1, , ,N,3,2,6,3,0,3,6,3,N, ,39 55:05.640,75 12:31.416,1614, ,1613,9,1,1, , ,3,Y, , , , ,698921, , , ,3,3,0,0,0,0,0,0,0,0,0,3,3,0,0,0,0,0,1,0,0,0,0,0,0,0,0,0,0,0,0,0,0,0,0,4,0,39.9182,-75.2088, , 
 ,64014,2012083385,6,67,67301,2012,7,1,304,3,3,1,0,4,1, , ,N,1,3,0,3,0,0,3,2,N,N,39 59:53.365,75 08:00.340,306, ,304,1,1,2,N, ,3,N, , , , ,698922, , , ,2,1,0,0,1,0,0,0,0,0,0,0,0,0,0,0,0,0,0,0,0,0,0,3,0,0,0,0,0,0,0,0,0,0,0,0,0,39.9982,-75.1334, , 
 ,64015,2012098424,6,67,67301,2012,9,7,1500,15,1,1,0,7,2, , ,N,2,0,0,3,0,2,2,1,N,N,40 01:13.039,75 09:46.119,1530, ,1517, ,0, ,N, ,0, , , , , ,698939, , , ,1,0,0,0,0,0,0,1,0,0,0,2,2,0,0,0,0,0,0,0,0,0,0,2,0,0,0,0,0,0,0,0,0,0,0,4,0,40.0203,-75.1628, , 
 ,64016,2012076057,6,67,67301,2012,6,7,256,2,3,1,0,1,1, , ,N,0,0,0,3,0,0,1,2,N,N,40 02:47.115,75 09:02.725,306, ,256, ,0, ,N, ,0, , , , , ,698954, , , ,2,1,0,0,1,0,0,0,0,0,0,0,0,0,1,0,0,0,0,0,0,0,0,0,0,0,0,0,0,0,0,0,0,0,0,9,0,40.0464,-75.1508, , 
 ,64017,2012083708,6,67,67301,2012,6,7,200,2,3,1,0,4,1, , ,N,1,3,0,3,0,2,3,2,N,N,39 59:45.204,75 11:07.659,0, ,0, ,0, ,N, ,3, , , , , ,698961, , , ,2,1,0,0,0,0,0,1,0,0,0,1,2,1,1,0,0,0,0,0,0,0,0,0,0,0,0,0,0,0,0,0,0,0,0,4,0,39.9959,-75.1855, , 
 ,64018,2012083784,6,67,67301,2012,8,4,1030,10,1,1,0,9,1, , ,N,1,3,0,3,0,1,2,2,N, ,39 57:15.148,75 08:34.072,1125, ,1104, ,0, , , ,3, , , , , ,698962, , , ,2,2,0,0,0,0,0,0,0,0,0,1,1,0,0,0,0,0,0,0,0,0,0,0,0,0,0,0,0,0,0,0,0,0,0,4,0,39.9542,-75.1428, , 
 ,64019,2012083797,6,67,67301,2012,8,4,1400,14,1,1,0,4,1, , ,N,1,2,0,3,0,2,2,2,N,N,39 55:20.291,75 11:12.722,1418, ,1415, ,0, ,N, ,3, , , , , ,698963, , , ,2,2,0,0,0,0,0,0,0,0,0,2,2,0,0,0,0,0,0,0,1,0,0,0,0,0,0,0,0,0,0,0,0,0,0,4,0,39.9223,-75.1871, , 
 ,64020,2012085335,6,67,67301,2012,7,3,0,0,1,1,0,6,1, , ,N,5,2,0,3,0,2,4,2,N,Y,40 03:22.992,75 01:42.742,9999, ,1123,3,2,3,N, ,2,Y, , , , ,698964, , , ,2,1,0,0,0,1,0,0,0,0,3,0,3,0,0,0,0,0,1,0,0,0,0,0,0,0,0,0,0,0,0,0,0,0,0,3,0,40.0564,-75.0285, , 
 ,64021,2012092680,6,67,67301,2012,8,4,255,2,3,1,0,7,3, , ,N,0,0,2,3,0,1,1,1,N,N,39 57:38.372,75 10:55.584,303, ,300,1,1,4,N, ,0,N, , , , ,698971, , , ,1,1,0,0,0,0,0,0,0,0,0,1,1,0,0,0,0,0,1,0,0,0,0,1,0,0,0,0,0,0,0,0,0,0,0,4,0,39.9607,-75.1821, , 
 ,64022,2012078169,6,67,67301,2012,6,5,1508,15,1,1,0,7,4, , ,N,0,0,3,3,0,0,1,1,N, ,39 55:10.522,75 12:10.079,1517, ,1515,1,1,3, , ,0,Y, , , , ,699004, , , ,1,1,0,0,0,0,0,0,0,0,0,0,0,0,0,0,0,0,0,0,1,0,0,0,0,0,0,0,0,0,0,0,0,0,0,0,0,39.9196,-75.2027, , 
 ,64023,2012083287,6,67,67301,2012,7,6,1520,15,1,1,1,4,1, , ,N,1,2,0,3,0,4,4,2,N,N,39 56:34.638,75 13:36.512,1730, ,1710, ,0, ,N, ,3, , , , , ,699005, , , ,2,0,0,0,0,0,1,1,0,0,4,0,4,0,0,0,0,0,0,0,0,0,0,0,0,0,0,0,0,0,0,0,0,0,0,3,0,39.943,-75.2268, , 
 ,64024,2012086908,6,67,67301,2012,8,6,1420,14,1,1,0,1,1, , ,N,0,0,0,3,0,1,2,2,N,N,39 59:51.545,75 11:45.650,1430, ,1421,1,1,4,N, ,0,N, , , , ,699009, , , ,2,1,0,0,1,0,0,0,0,0,0,0,1,1,0,0,0,0,0,0,1,0,0,0,0,0,0,0,0,0,0,0,0,0,0,8,0,39.9977,-75.196, , 
 ,64025,2012098481,6,67,67301,2012,8,6,1320,13,1,1,0,4,1, , ,N,0,0,0,3,0,3,3,2,N, ,39 59:31.765,75 14:24.439,1355, ,1350, ,0, , , ,0, , , , , ,699025, , , ,2,2,0,0,0,0,0,0,0,0,0,0,3,3,0,0,0,0,0,1,0,0,0,0,0,0,0,0,0,0,0,0,0,0,0,8,0,39.9922,-75.2401, , 
 ,64026,2012060800,6,67,67301,2012,5,5,200,2,3,1,0,4,1, , ,N,1,2,0,3,0,2,3,2,N,N,39 56:42.529,75 09:00.115,214, ,211, ,0, ,N, ,3, , , , , ,699039, , , ,2,1,0,0,0,0,1,0,0,0,0,0,2,2,0,0,0,0,0,1,0,0,0,0,0,0,0,0,0,0,0,0,0,0,0,8,0,39.9451,-75.15, , 
 ,64027,2012075982,6,67,67301,2012,6,5,2222,22,3,1,0,4,2, , ,N,0,0,0,3,0,1,2,2,N,N,40 02:26.164,75 06:28.112,2228, ,2225,2,1,2,N, ,0,N, , , , ,702043, , , ,1,0,0,1,0,0,0,0,1,0,0,0,1,1,0,0,0,0,0,0,0,0,0,0,0,0,0,0,0,0,0,0,0,0,0,8,1,40.0406,-75.1078, , 
 ,64028,2012083412,6,67,67301,2012,8,2,900,9,1,1,0,1,1, , ,N,0,0,0,3,0,0,2,2,N,N,40 02:42.770,75 01:41.721,905, ,900, ,0, , , ,0, , , , , ,702049, , , ,2,2,0,0,0,0,0,0,0,0,0,0,0,0,0,0,0,0,0,0,0,0,0,0,0,0,0,0,0,0,0,0,0,0,0,9,0,40.0452,-75.0283, , 
 ,64029,2012095340,6,67,67301,2012,8,3,945,9,1,1,0,1,1, , ,N,2,2,2,3,0,1,1,2,N,N,39 57:22.423,75 08:56.893,1115, ,1106, ,0, ,N, ,3, , , , , ,702059, , , ,1,1,0,0,0,0,0,0,0,0,0,0,1,1,0,0,0,0,0,0,0,0,0,0,0,0,0,0,0,0,0,0,0,0,0,8,0,39.9566,-75.1491, , 
 ,64030,2012095628,6,67,67301,2012,8,4,2252,22,3,1,0,8,1, , ,N,0,0,0,3,1,2,3,3,N,N,40 03:20.707,75 02:53.033,2305, ,2252,3,2,2,N,0,0,N, , , , ,702060, , , ,1,1,0,0,0,0,0,0,0,0,1,0,2,1,0,0,0,0,0,0,0,0,0,0,0,0,0,0,0,0,0,0,2,1,0,1,0,40.0558,-75.0481,2, 
 ,64031,2012060807,6,67,67301,2012,5,2,757,7,1,2,1,8,1, , ,N,1,2,0,3,0,1,2,2,N,N,39 57:54.373,75 12:19.715,813, ,811, ,0, ,N, ,3, , , , , ,702077, , , ,1,1,0,0,0,0,0,0,0,0,0,1,1,0,0,0,0,0,0,0,0,0,0,1,0,0,0,0,0,0,0,0,1,0,0,4,0,39.9651,-75.2054, , 
 ,64032,2012066424,6,67,67301,2012,6,1,9999,99,1,1,0,4,1, , ,N,1,3,0,3,0,1,2,2,N,N,40 03:31.491,74 59:44.414,9999, ,1218, ,0, ,N, ,3, , , , , ,702080, , , ,2,1,1,0,0,0,0,0,0,0,1,0,1,0,0,0,0,0,0,0,2,0,0,0,0,0,0,0,0,0,0,0,0,0,0,3,0,40.0587,-74.9957, , 
 ,64033,2012116871,6,67,67301,2012,11,2,1001,10,1,1,0,7,2, , ,N,0,0,0,3,0,0,1,1,N,N,39 57:54.236,75 11:06.881,1009, ,1002, ,0, ,N, ,0, , , , , ,702118, , , ,1,1,0,0,0,0,0,0,0,0,0,0,0,0,0,0,0,0,0,0,0,0,0,0,0,0,0,0,0,0,0,0,0,0,0,0,0,39.9651,-75.1852, , 
 ,64034,2012122485,6,67,67301,2012,11,3,710,7,1,1,0,2,1, , ,N,1,2,0,3,0,0,0,2,N,N,40 00:31.197,75 04:08.216,716, ,713, ,0, ,N, ,3, , , , , ,702120, , , ,2,2,0,0,0,0,0,0,0,0,0,0,0,0,0,0,0,0,0,0,0,0,0,0,0,0,0,0,0,0,0,0,0,0,0,9,0,40.0086,-75.0693, , 
 ,64035,2012128275,6,67,67301,2012,11,6,9999,99,1,1,0,5,1, , ,N,0,0,0,3,0,1,2,2,N,N,40 01:35.784,75 09:02.966,9999, ,9999, ,0, ,N, ,0, , , , , ,702122, , , ,2,0,0,0,0,0,0,2,0,0,0,1,1,0,0,0,0,0,0,0,0,0,0,2,0,0,0,0,0,0,0,0,0,0,0,4,0,40.0266,-75.1508, , 
 ,64036,2012054081,6,67,67301,2012,5,6,2305,23,3,2,1,7,2, , ,N,0,0,0,3,0,0,2,1,N,N,39 59:23.840,75 05:14.231,2332, ,2320,2,1,2,N, ,0,N, , , , ,702126, , , ,1,1,0,0,0,0,0,0,0,0,0,0,0,0,0,0,0,0,0,0,0,0,0,0,0,0,0,0,0,0,0,0,0,0,0,0,0,39.99,-75.0873, , 
 ,64037,2012060793,6,67,67301,2012,5,7,1720,17,1,1,0,1,2, , ,N,1,0,0,3,0,1,1,3,N,N,40 00:35.902,75 04:49.054,1730, ,1723,1,1,1,N, ,0,N, , , , ,702133, , , ,3,2,0,0,1,0,0,0,0,0,0,0,1,1,0,0,0,0,0,0,0,0,0,0,0,0,0,0,0,0,0,0,0,0,0,8,0,40.0099,-75.0805, , 
 ,64038,2012067083,6,67,67301,2012,5,3,9999,99,3,2,1,4,6, , ,N,0,0,0,3,0,0,1,4,N,N,40 03:30.739,75 00:34.348,9999, ,204, ,0, , , ,0, , , , , ,702140, , , ,4,2,0,0,2,0,0,0,0,0,0,0,0,0,0,0,0,0,0,0,0,0,0,0,0,0,0,0,0,0,0,0,0,0,0,0,0,40.0585,-75.0095, , 
 ,64039,2012078254,6,67,67301,2012,7,3,2030,20,1,1,0,1,1, , ,N,0,0,0,3,0,0,5,3,N,N,39 55:02.997,75 10:33.793,2035, ,2032, ,0, ,N, ,0, , , , , ,702148, , , ,3,2,0,0,0,0,1,0,0,0,0,0,0,0,0,0,0,0,0,0,0,0,0,0,0,0,0,0,0,0,0,0,0,0,0,0,0,39.9175,-75.1761, , 
 ,64040,2012083431,6,67,67301,2012,7,7,9999,99,3,1,0,4,1, , ,N,1,0,0,3,0,0,2,2,N, ,39 59:51.784,75 07:23.658,418, ,418, ,0, , , ,0, , , , , ,702153, , , ,2,2,0,0,0,0,0,0,0,0,0,0,0,0,0,0,0,0,0,0,0,0,0,0,0,0,0,0,0,0,0,0,0,0,0,0,0,39.9977,-75.1232, , 
 ,64041,2012095446,6,67,67301,2012,8,3,1958,19,4,1,0,2,1, , ,N,1,2,0,3,0,1,2,2,N,N,39 59:54.633,75 07:45.411,2000, ,2000, ,0, ,N, ,3, , , , , ,702159, , , ,2,1,1,0,0,0,0,0,0,0,0,1,1,0,0,0,0,0,0,0,0,0,0,0,0,0,0,0,0,0,0,0,0,0,0,4,0,39.9985,-75.1293, , 
 ,64042,2012098216,6,67,67301,2012,9,6,2235,22,3,1,0,1,1, , ,N,0,2,0,3,0,3,3,3,N,N,39 57:11.547,75 11:42.930,2237, ,2235,1,1,4,N, ,3,N, , , , ,702162, , , ,3,1,0,0,0,0,1,1,0,0,0,0,3,3,0,0,0,0,0,0,0,0,0,0,0,0,0,0,0,0,0,0,0,0,0,8,0,39.9532,-75.1953, , 
 ,64043,2012109704,6,67,67301,2012,9,1,200,2,1,1,0,8,1, , ,N,0,0,0,3,0,1,2,2,N,N,39 58:26.976,75 14:53.743,1620, ,1600, ,0, , , ,0, , , , , ,702167, , , ,1,1,0,0,0,0,0,0,0,0,0,0,1,1,1,0,0,0,0,0,1,0,0,0,0,0,0,0,0,0,0,0,1,0,0,8,0,39.9742,-75.2483, , 
 ,64044,2012068703,6,67,67301,2012,5,5,1935,19,1,1,0,2,1, , ,N,1,2,0,3,0,2,3,2,N,N,40 00:25.549,75 05:38.543,1950, ,1945, ,0, ,N, ,3, , , , , ,702178, , , ,2,2,0,0,0,0,0,0,0,0,0,2,2,0,0,0,0,0,0,0,0,0,0,0,0,0,0,0,0,0,0,0,0,0,0,4,0,40.0071,-75.094, , 
 ,64045,2012078208,6,67,67301,2012,7,1,1820,18,1,1,0,4,1, , ,N,2,0,0,3,0,2,3,2,N,N,39 57:15.358,75 08:22.158,1840, ,1836,2,1,2,N, ,0,N, , , , ,702186, , , ,2,2,0,0,0,0,0,0,0,0,0,0,2,2,0,0,0,0,0,0,0,0,0,0,0,0,0,0,0,0,0,0,0,0,0,8,0,39.9543,-75.1395, , 
 ,64046,2012098195,6,67,67301,2012,9,1,2330,23,3,1,0,7,2, , ,N,1,2,0,3,0,0,2,2,N,N,39 58:46.973,75 09:57.111,2340, ,2330, ,0, ,N, ,3, , , , , ,737271, , , ,1,1,0,0,0,0,0,0,0,0,0,0,0,0,0,0,0,0,0,0,0,0,0,2,0,0,0,0,0,0,0,0,0,0,0,0,0,39.9797,-75.1658, , 
 ,64047,2012104096,6,67,67301,2012,9,2,1230,12,1,1,0,5,1, , ,N,0,0,0,3,0,0,2,2,N, ,40 02:49.562,75 05:52.874,205, ,156,1,1,3, , ,0,N, , , , ,737279, , , ,2,1,0,0,0,0,1,0,0,0,0,0,0,0,0,0,0,0,0,0,0,0,0,0,0,0,0,0,0,0,0,0,0,0,0,0,0,40.0471,-75.098, , 