wz_ln_closure,objectid_1,crn,district,county,municipality,crash_year,crash_month,day_of_week,time_of_day,hour_of_day,illumination,weather,road_condition,collision_type,relation_to_road,work_zone_type,work_zone_loc,work_zone_ind,intersect_type,tcd_type,location_type,urban_rural,fatal_count,injury_count,person_count,total_units,sch_bus_ind,sch_zone_ind,latitude,longitude,arrival_tm,cons_zone_spd_lim,dispatch_tm,est_hrs_closed,lane_closed,ln_close_dir,ntfy_hiwy_maint,spec_juris_cd,tcd_func_cd,tfc_detour_ind,workers_pres,wz_close_detour,wz_flagger,wz_law_offcr_ind,objectid,wz_moving,wz_other,wz_shlder_mdn,vehicle_count,automobile_count,motorcycle_count,bus_count,small_truck_count,heavy_truck_count,suv_count,van_count,bicycle_count,maj_inj_count,mod_inj_count,min_inj_count,tot_inj_count,unk_inj_deg_count,unk_inj_per_count,driver_count_16yr,driver_count_17yr,driver_count_18yr,driver_count_19yr,driver_count_20yr,driver_count_50_64yr,driver_count_65_74yr,driver_count_75plus,unbelted_occ_count,unb_death_count,unb_maj_inj_count,belted_death_count,belted_maj_inj_count,mcycle_death_count,mcycle_maj_inj_count,bicycle_death_count,bicycle_maj_inj_count,ped_count,ped_death_count,ped_maj_inj_count,max_severity_level,comm_veh_count,dec_lat,dec_long,rdwy_surf_type_cd,county_name
 ,64180,2013003747,6,67,67301,2012,12,6,1655,16,4,1,0,1,1, , ,N,1,0,0,3,0,0,3,3,N,N,40 00:41.795,75 10:56.429,1702, ,1659,1,1,2,N, ,0,N, , , , ,734957, , , ,3,2,0,0,0,0,0,0,0,0,0,0,0,0,0,0,0,0,0,0,0,0,0,0,0,0,0,0,0,0,0,0,0,0,0,0,0,40.0117,-75.1824, , 
 ,64181,2013004041,6,67,67301,2012,12,2,1640,16,3,1,0,4,1, , ,N,5,2,0,3,0,2,4,2,N,N,40 02:28.161,75 09:04.622,1700, ,1700, ,0, ,N, ,3, , , , , ,734958, , , ,2,1,0,0,0,0,1,0,0,0,0,2,2,0,1,0,0,0,0,0,0,0,0,0,0,0,0,0,0,0,0,0,0,0,0,4,0,40.0412,-75.1513, , 
 ,64182,2013007259,6,67,67301,2012,12,2,9999,99,4,2,1,7,3, , ,N,1,0,0,3,0,2,2,1,N,N,39 58:01.623,75 09:37.609,1634, ,1634, ,0, ,N, ,0, , , , , ,734959, , , ,1,1,0,0,0,0,0,0,0,0,0,1,2,1,0,0,0,0,0,0,0,0,1,0,0,0,0,0,0,0,0,0,0,0,0,4,0,39.967,-75.1603, , 
 ,64183,2012128158,6,67,67301,2012,11,1,9999,99,1,1,0,6,1, , ,N,1,2,0,3,0,2,2,2,N,N,39 59:44.224,75 10:03.233,1126, ,1126, ,0, ,N, ,3, , , , , ,734977, , , ,2,2,0,0,0,0,0,0,0,0,0,0,2,2,0,0,0,0,0,1,0,0,0,0,0,0,0,0,0,0,0,0,0,0,0,8,0,39.9956,-75.1675, , 
 ,64184,2013006165,6,67,67301,2012,11,6,1855,18,2,1,0,8,1, , ,N,1,2,0,3,0,1,2,2,N,N,40 06:00.676,75 01:18.249,1856, ,1855, ,0, ,N, ,3, , , , , ,734983, , , ,1,1,0,0,0,0,0,0,0,0,0,1,1,0,0,0,0,0,0,0,0,0,0,0,0,0,0,0,0,0,0,0,1,0,0,4,0,40.1002,-75.0217, , 
 ,64185,2013012085,6,67,67301,2012,12,7,1236,12,1,4,1,7,1, , ,N,0,8,1,3,0,0,2,1,N,N,40 01:03.800,75 10:20.539,1238, ,1238,1,2,4,N, ,3,N, , , , ,734984, , , ,1,0,0,0,0,0,1,0,0,0,0,0,0,0,0,0,0,0,1,0,0,0,0,0,0,0,0,0,0,0,0,0,0,0,0,0,0,40.0177,-75.1724, , 
 ,64186,2012078634,6,67,67301,2012,7,4,1210,12,1,1,0,4,1, , ,N,0,0,7,3,0,1,3,2,N,N,40 03:56.590,75 04:11.708,1220, ,1219, ,0, ,N, ,0, , , , , ,734999, , , ,2,2,0,0,0,0,0,0,0,0,0,1,1,0,0,0,0,0,0,0,0,0,0,0,0,0,0,0,0,0,0,0,0,0,0,4,0,40.0657,-75.0699, , 
 ,64187,2012083281,6,67,67301,2012,7,2,1727,17,1,1,0,8,1, , ,N,1,3,0,3,0,1,2,2,N,N,39 57:09.817,75 10:18.152,1749, ,743, ,0, ,N, ,3, , , , , ,735001, , , ,1,0,0,0,0,0,0,1,0,0,0,1,1,0,0,0,0,0,0,0,0,0,0,0,0,0,0,0,0,0,0,0,1,0,0,4,0,39.9527,-75.1717, , 
 ,64188,2012085788,6,67,67301,2012,7,6,1312,13,1,2,1,4,1, , ,N,1,3,0,3,0,0,2,2,N,N,40 01:44.450,75 08:02.954,1318, ,1315,1,1,2,N, ,3,N, , , , ,735003, , , ,2,2,0,0,0,0,0,0,0,0,0,0,0,0,0,0,0,0,0,0,0,1,0,0,0,0,0,0,0,0,0,0,0,0,0,0,0,40.029,-75.1342, , 
 ,64189,2012095605,6,67,67301,2012,8,4,9999,99,3,1,0,7,1,8,8,Y,1,2,0,3,0,0,1,1,N, ,39 56:46.761,75 14:38.612,9999,99,9999,9,2,6, , ,3,Y,U,Y, ,U,735013, , , ,1,1,0,0,0,0,0,0,0,0,0,0,0,0,0,0,0,0,0,0,0,0,0,0,0,0,0,0,0,0,0,0,0,0,0,0,0,39.9463,-75.2441, , 
 ,64190,2012120096,6,67,67301,2012,10,5,9999,99,1,1,0,4,1, , ,N,1,3,0,3,0,3,3,2,N,Y,39 58:29.434,75 14:08.890,1220, ,1215,2,1,1,N, ,3,Y, , , , ,735026, , , ,2,1,0,0,0,0,1,0,0,0,1,2,3,0,0,0,0,0,0,0,1,0,0,1,0,0,0,0,0,0,0,0,0,0,0,3,0,39.9748,-75.2358, , 
 ,64191,2012125516,6,67,67301,2012,11,4,823,8,1,1,0,4,1, , ,N,1,3,0,3,0,0,3,2,N,N,40 03:41.216,75 03:32.097,830, ,824, ,0, ,N, ,3, , , , , ,735046, , , ,2,1,0,0,0,0,0,1,0,0,0,0,0,0,0,0,0,0,0,0,0,0,0,0,0,0,0,0,0,0,0,0,0,0,0,0,0,40.0614,-75.0589, , 
 ,64192,2012114879,6,67,67301,2012,10,2,1510,15,1,1,0,6,1, , ,N,0,0,0,3,0,1,2,2,N,N,39 57:57.891,75 09:10.368,1517, ,1514, ,0, , , ,0, , , , , ,740369, , , ,1,1,0,0,0,0,0,0,0,0,0,0,1,1,0,0,0,0,0,0,1,0,0,0,0,0,0,0,0,0,0,0,1,0,0,8,0,39.9661,-75.1529, , 
 ,64193,2012117250,6,67,67301,2012,10,1,1600,16,1,1,0,4,1, , ,N,1,2,0,3,0,1,1,2,N,N,39 59:57.271,75 08:50.495,1601, ,1600, ,0, ,N, ,3, , , , , ,740370, , , ,1,0,0,0,0,0,1,0,1,0,0,1,1,0,0,0,0,0,0,0,0,0,0,0,0,0,0,0,0,0,0,0,1,0,0,4,0,39.9992,-75.1474, , 
 ,64194,2012117260,6,67,67301,2012,10,2,820,8,1,1,0,1,1, , ,N,2,0,0,3,0,1,4,3,N,N,40 00:26.228,75 08:09.211,830, ,835, ,0, , , ,0, , , , , ,740371, , , ,3,2,0,0,0,0,1,0,0,0,0,0,1,1,0,0,0,0,0,0,0,0,0,0,0,0,0,0,0,0,0,0,0,0,0,8,0,40.0073,-75.1359, , 
 ,64195,2013003685,6,67,67301,2012,12,5,1415,14,1,1,0,4,1, , ,N,1,2,0,3,0,2,2,2,N, ,40 01:42.798,75 05:07.223,1440, ,1430, ,0, , , ,3, , , , , ,740384, , , ,2,0,0,0,1,0,1,0,0,0,0,2,2,0,0,0,0,0,0,0,1,0,0,0,0,0,0,0,0,0,0,0,0,0,0,4,0,40.0286,-75.0853, , 
 ,64196,2013004032,6,67,67301,2012,12,2,9999,99,3,1,0,8,1, , ,N,0,0,0,3,0,2,3,3,N,N,40 01:18.876,75 05:13.725,1900, ,1850, ,0, ,N, ,0, , , , , ,740385, , , ,1,1,0,0,0,0,0,0,0,0,0,0,2,2,1,0,0,0,0,0,0,0,0,0,0,0,0,0,0,0,0,0,2,0,0,8,0,40.0219,-75.0871, , 
 ,64197,2013021021,6,67,67301,2012,10,5,1230,12,1,9,8,1,1, , ,N,0,0,0,3,0,1,2,2,N,N,40 00:39.288,75 07:35.829,0, ,0, ,0, ,N, ,0, , , , , ,740388, , , ,2,0,0,0,1,0,1,0,0,1,0,0,1,0,1,0,0,0,0,0,0,0,0,0,0,0,0,1,0,0,0,0,0,0,0,2,0,40.0109,-75.1266, , 
 ,64198,2012125186,6,67,67301,2012,12,7,748,7,1,1,1,7,4, , ,N,7,0,2,3,0,1,1,1,N,N,39 57:26.617,75 08:49.702,759, ,751,1,2,1,N, ,0,N, , , , ,740397, , , ,1,1,0,0,0,0,0,0,0,0,0,0,1,1,0,0,0,0,0,0,1,0,0,0,0,0,0,0,0,0,0,0,0,0,0,8,0,39.9574,-75.1471, , 
 ,64199,2012128278,6,67,67301,2012,11,2,2233,22,3,1,0,8,5, , ,N,0,2,0,3,0,1,2,2,N,N,40 02:46.677,75 10:40.007,2235, ,2234, ,0, ,N, ,3, , , , , ,740399, , , ,1,0,0,0,0,0,0,1,0,0,0,1,1,0,0,0,0,0,0,0,0,0,0,0,0,0,0,0,0,0,0,0,1,0,0,4,0,40.0463,-75.1778, , 
 ,64200,2012128409,6,67,67301,2012,12,6,1709,17,3,1,0,1,1, , ,N,0,0,0,3,0,1,3,3,N,N,39 57:26.727,75 09:30.547,1719, ,1710, ,0, ,N, ,0, , , , , ,740401, , , ,3,2,0,0,0,0,0,1,0,0,0,0,1,1,0,0,0,0,0,0,0,0,0,0,0,0,0,0,0,0,0,0,0,0,0,8,0,39.9574,-75.1585, , 
 ,64201,2013006131,6,67,67301,2012,12,6,1345,13,1,1,0,5,1, , ,N,0,0,0,3,0,1,3,2,N,N,39 57:15.447,75 11:29.055,1354, ,1350, ,0, ,N, ,0, , , , , ,740415, , , ,2,1,0,0,0,0,1,0,0,0,0,1,1,0,1,0,0,0,0,0,2,0,0,0,0,0,0,0,0,0,0,0,0,0,0,4,0,39.9543,-75.1914, , 
 ,64202,2012108605,6,67,67301,2012,10,7,304,3,3,1,0,2,1, , ,N,0,0,2,3,0,1,2,2,N,N,40 00:31.996,75 04:05.277,316, ,305,2,2,1,N, ,0,Y, , , , ,740420, , , ,2,2,0,0,0,0,0,0,0,0,0,1,1,0,0,0,0,0,0,0,0,0,0,0,0,0,0,0,0,0,0,0,0,0,0,4,0,40.0089,-75.0681, , 
 ,64203,2012111717,6,67,67301,2012,10,7,820,8,1,1,0,4,1, , ,N,1,2,0,3,0,3,3,2,N,N,40 02:05.146,75 04:15.791,825, ,822,1,1,2,N, ,3,N, , , , ,740423, , , ,2,1,0,0,0,0,1,0,0,0,0,3,3,0,0,0,0,0,0,0,1,0,0,0,0,0,0,0,0,0,0,0,0,0,0,4,0,40.0348,-75.0711, , 
 ,64204,2012128246,6,67,67301,2012,11,5,2140,21,3,1,0,2,1, , ,N,1,2,0,3,0,2,3,2,N,N,40 03:17.785,75 03:14.192,2145, ,2142, ,9, , , ,3, , , , , ,740456, , , ,2,2,0,0,0,0,0,0,0,0,0,2,2,0,0,0,0,0,0,0,0,0,0,0,0,0,0,0,0,0,0,0,0,0,0,4,0,40.0549,-75.0539, , 
 ,64205,2013007295,6,67,67301,2012,12,6,815,8,1,2,1,2,1, , ,N,0,0,0,3,0,2,3,4,N, ,39 54:57.578,75 14:10.269,825, ,820,3,2,6, , ,0,Y, , , , ,740466, , , ,4,3,0,0,0,0,1,0,0,0,2,0,2,0,0,0,0,0,0,0,0,0,0,0,0,0,0,0,0,0,0,0,0,0,0,3,0,39.916,-75.2362, , 
 ,64206,2012122916,6,67,67301,2012,11,6,1340,13,1,1,0,4,1, , ,N,1,2,0,3,0,5,5,2,N,N,39 59:55.770,75 07:52.360,1350, ,1349, ,0, ,N, ,3, , , , , ,740476, , , ,2,1,0,0,0,0,0,1,0,0,0,4,5,1,0,0,0,0,0,0,0,0,0,2,0,0,0,0,0,0,0,0,0,0,0,4,0,39.9988,-75.1313, , 
 ,64207,2013006842,6,67,67301,2012,11,3,1533,15,1,1,1,4,1, , ,N,1,2,0,3,0,1,2,2,N, ,40 02:59.510,75 04:32.444,1823, ,1821, ,0, , , ,3, , , , , ,740490, , , ,2,2,0,0,0,0,0,0,0,0,0,1,1,0,0,0,0,0,0,0,0,0,0,0,0,0,0,0,0,0,0,0,0,0,0,4,0,40.0499,-75.0757, , 
 ,64208,2012060804,6,67,67301,2012,5,6,555,5,1,1,0,1,1, , ,N,3,0,0,3,0,0,2,2,N,N,39 58:11.635,75 12:41.442,632, ,630, ,0, ,N, ,0, , , , , ,740501, , , ,2,1,0,0,0,0,1,0,0,0,0,0,0,0,0,0,0,1,0,0,0,0,0,0,0,0,0,0,0,0,0,0,0,0,0,0,0,39.9699,-75.2115, , 
 ,64209,2012085904,6,67,67301,2012,7,2,700,7,1,1,0,8,1, , ,N,1,3,0,3,0,1,2,2,N,N,40 01:38.485,75 08:42.093,1738, ,1732, ,0, ,N, ,3, , , , , ,740526, , , ,1,1,0,0,0,0,0,0,0,0,0,0,1,1,1,0,0,0,0,0,0,0,0,0,0,0,0,0,0,0,0,0,1,0,0,8,0,40.0274,-75.145, , 
 ,64210,2013006825,6,67,67301,2012,12,1,714,7,1,1,0,4,1, , ,N,1,2,0,3,0,1,3,2,N,N,40 01:54.428,75 05:07.226,727, ,721,1,1,2,N, ,3,N, , , , ,737923, , , ,2,0,0,0,1,0,1,0,0,0,0,1,1,0,0,0,0,0,0,0,1,0,0,0,0,0,0,0,0,0,0,0,0,0,0,4,0,40.0318,-75.0853, , 
 ,64211,2012123640,6,67,67301,2012,12,6,944,9,1,2,1,7,2, , ,N,0,0,0,3,0,0,1,1,N,N,39 57:33.575,75 10:50.938,953, ,948, ,0, ,N, ,0, , , , , ,737935, , , ,1,1,0,0,0,0,0,0,0,0,0,0,0,0,0,0,0,0,0,0,0,0,0,0,0,0,0,0,0,0,0,0,0,0,0,0,0,39.9593,-75.1808, , 
 ,64212,2012128253,6,67,67301,2012,11,5,1817,18,3,1,0,2,1, , ,N,1,2,0,3,0,1,2,2,N,N,40 02:42.937,75 07:32.215,1825, ,1820,1,1,4,N, ,3,Y, , , , ,737943, , , ,2,1,0,0,0,0,0,0,0,0,0,1,1,0,0,0,0,0,1,0,0,0,0,1,0,0,0,0,0,0,0,0,0,0,0,4,0,40.0453,-75.1256, , 
 ,64213,2012114361,6,67,67301,2012,10,6,1927,19,3,1,0,4,1, , ,N,0,0,0,3,0,1,2,2,N,N,39 58:59.310,75 09:25.027,1930, ,1930, ,0, ,N, ,0, , , , , ,737949, , , ,1,1,0,0,0,0,0,0,1,0,0,1,1,0,0,0,0,0,0,0,0,0,0,0,0,0,0,0,0,0,0,0,0,0,0,4,0,39.9831,-75.157, , 
 ,64214,2012104195,6,67,67301,2012,10,2,705,7,1,1,0,7,4, , ,N,0,0,0,3,1,3,4,1,N,N,40 06:03.462,75 02:55.920,724, ,711,3,1,2, ,0,0,N, , , , ,737968, , , ,1,0,0,0,0,0,0,1,0,0,0,3,3,0,0,0,0,0,0,0,0,0,0,0,0,0,1,0,0,0,0,0,0,0,0,1,0,40.101,-75.0489,2, 
 ,64215,2012109667,6,67,67301,2012,10,1,1200,12,1,2,1,1,1, , ,N,1,2,0,3,0,0,3,2,N,N,40 03:49.551,75 05:00.781,1218, ,1216, ,0, ,N, ,3, , , , , ,737972, , , ,2,1,0,0,0,0,1,0,0,0,0,0,0,0,2,0,0,0,0,0,1,0,0,0,0,0,0,0,0,0,0,0,0,0,0,9,0,40.0638,-75.0835, , 
 ,64216,2012122401,6,67,67301,2012,11,3,220,2,3,1,0,4,1, , ,N,0,2,0,3,0,1,2,3,N,N,39 55:39.774,75 13:55.463,225, ,222, ,0, , , ,3, , , , , ,738002, , , ,3,3,0,0,0,0,0,0,0,0,1,0,1,0,0,0,0,0,0,0,0,0,0,0,0,0,0,0,0,0,0,0,0,0,0,3,0,39.9277,-75.2321, , 
 ,64217,2013004004,6,67,67301,2012,10,4,1504,15,1,1,0,8,1, , ,N,1,2,0,3,0,1,1,1,N,N,39 59:29.209,75 08:05.493,1619, ,1619, ,0, ,N, ,3, , , , , ,738011, , , ,1,1,0,0,0,0,0,0,0,1,0,0,1,0,0,0,0,0,0,0,0,0,0,0,0,0,0,0,0,0,0,0,1,0,1,2,0,39.9913,-75.1349, , 
 ,64218,2012111926,6,67,67301,2012,11,3,1615,16,1,1,0,1,1, , ,N,0,0,0,3,0,1,7,4,N,N,39 57:31.584,75 10:12.108,1631, ,1625,1,2,3,N, ,0,N, , , , ,738013, , , ,4,3,0,0,0,0,1,0,0,0,0,1,1,0,0,0,0,0,0,0,1,0,0,0,0,0,0,0,0,0,0,0,0,0,0,4,0,39.9588,-75.17, , 
 ,64219,2012122374,6,67,67301,2012,11,2,1333,13,1,1,0,8,6, , ,N,0,2,0,3,0,1,2,2,N, ,39 57:49.705,75 09:39.699,1343, ,1337, ,0, , , ,3, , , , , ,738020, , , ,1,0,0,0,0,0,0,1,0,0,0,1,1,0,0,0,0,0,0,0,1,0,0,0,0,0,0,0,0,0,0,0,1,0,0,4,0,39.9638,-75.161, , 
 ,64220,2013004039,6,67,67301,2012,12,3,415,4,6,1,0,8,1, , ,N,1,3,0,3,0,1,2,2,N,N,40 02:35.167,75 08:43.961,9999, ,9999, ,0, ,N, ,3, , , , , ,738033, , , ,1,1,0,0,0,0,0,0,0,0,0,1,1,0,1,0,0,0,0,0,0,0,0,0,0,0,0,0,0,0,0,0,1,0,0,4,0,40.0431,-75.1455, , 
 ,64221,2012104157,6,67,67301,2012,9,3,725,7,1,2,1,4,1, , ,N,0,0,0,3,0,0,2,2,N,N,39 58:54.992,75 12:03.769,735, ,730, ,0, ,N, ,0, , , , , ,738039, , , ,2,2,0,0,0,0,0,0,0,1,0,1,2,0,0,0,0,0,0,0,0,0,0,0,0,0,0,0,0,0,0,0,1,0,1,2,0,39.9819,-75.201, , 
 ,64222,2012128312,6,67,67301,2012,11,4,1205,12,1,1,0,4,1, , ,N,0,0,0,3,0,1,1,3,N,N,39 57:38.916,75 13:36.174,1211, ,1205, ,0, ,N, ,0, , , , , ,738067, , , ,3,2,0,0,0,0,1,0,0,0,1,0,1,0,0,0,0,0,0,0,1,0,0,0,0,0,0,0,0,0,0,0,0,0,0,3,0,39.9608,-75.2267, , 
 ,64223,2013012033,6,67,67301,2012,12,1,1615,16,3,1,4,4,1, , ,N,3,2,0,3,0,2,4,2,N, ,39 58:38.507,75 13:37.478,1640, ,1637, ,0, , , ,3, , , , , ,738073, , , ,2,1,0,0,0,0,1,0,0,0,0,2,2,0,2,0,0,0,0,0,0,0,0,0,0,0,0,0,0,0,0,0,0,0,0,4,0,39.9774,-75.2271, , 
 ,64224,2012109788,6,67,67301,2012,10,5,9999,99,1,1,0,7,2, , ,N,2,2,0,3,0,0,1,1,N,N,40 01:35.871,75 06:52.434,1545, ,1529,2,1,1,N, ,3,N, , , , ,738086, , , ,1,1,0,0,0,0,0,0,0,0,0,0,1,1,0,0,0,0,1,0,0,0,0,0,0,0,0,0,0,0,0,0,0,0,0,8,0,40.0266,-75.1146, , 
 ,64225,2012112623,6,67,67301,2012,9,2,1857,18,1,1,1,2,1, , ,N,1,0,0,3,0,3,4,3,N,N,40 00:54.831,75 08:59.392,1903, ,1901, ,0, ,N, ,0, , , , , ,738090, , , ,3,3,0,0,0,0,0,0,0,1,0,0,1,0,2,0,0,0,0,0,1,1,1,0,0,0,0,0,0,0,0,0,0,0,0,2,0,40.0152,-75.1498, , 
 ,64226,2012113547,6,67,67301,2012,10,1,1830,18,3,2,1,7,2, , ,N,0,0,0,3,0,0,1,1,N,N,40 03:07.659,74 59:15.839,1843, ,1833, ,0, ,Y, ,0, , , , , ,738091, , , ,1,1,0,0,0,0,0,0,0,0,0,0,0,0,0,0,0,0,0,0,0,0,0,0,0,0,0,0,0,0,0,0,0,0,0,0,0,40.0521,-74.9878, , 
 ,64227,2012127597,6,67,67301,2012,12,7,642,6,1,1,0,5,1, , ,N,0,0,0,3,0,1,1,2,N,N,40 00:00.322,75 11:41.821,653, ,645,1,1,4,N, ,0,N, , , , ,738098, , , ,2,1,0,0,0,0,0,0,0,0,1,0,1,0,0,0,0,0,0,0,0,0,0,0,0,0,0,0,0,0,0,0,0,0,0,3,0,40.0001,-75.195, , 
 ,64228,2012111719,6,67,67301,2012,10,5,1703,17,1,1,0,5,6, , ,N,0,0,0,3,0,1,2,2,N,N,39 57:03.207,75 09:56.293,1820, ,1805, ,0, ,N, ,0, , , , , ,732553, , , ,2,2,0,0,0,0,0,0,0,0,0,1,1,0,1,0,0,0,0,0,0,0,0,0,0,0,0,0,0,0,0,0,0,0,0,4,0,39.9509,-75.1656, , 
 ,64229,2012114356,6,67,67301,2012,10,1,230,2,3,1,0,4,1, , ,N,2,0,0,3,0,1,1,2,N, ,40 00:18.349,75 10:15.560,236, ,235, ,0, , , ,0, , , , , ,732559, , , ,2,1,0,0,0,0,1,0,0,0,1,0,1,0,0,0,0,0,0,0,0,0,0,0,0,0,0,0,0,0,0,0,0,0,0,3,0,40.0051,-75.171, , 
 ,64230,2012122500,6,67,67301,2012,11,4,1446,14,1,1,0,4,1, , ,N,2,3,0,3,0,2,3,3,N,N,40 01:13.317,75 06:52.833,1541, ,1536, ,0, ,N, ,3, , , , , ,732567, , , ,2,1,0,0,0,0,1,0,0,0,0,2,2,0,0,0,0,0,0,0,0,0,0,1,0,0,0,0,0,0,0,0,0,0,0,4,0,40.0204,-75.1147, , 
 ,64231,2012128269,6,67,67301,2012,11,4,1728,17,3,1,0,8,1, , ,N,2,0,0,3,0,1,2,2,N,N,40 02:47.137,75 09:29.296,1740, ,1730, ,0, , , ,0, , , , , ,732575, , , ,1,1,0,0,0,0,0,0,0,0,0,0,1,1,0,0,0,0,0,0,0,1,0,0,0,0,0,0,0,0,0,0,1,0,0,8,0,40.0464,-75.1581, , 
 ,64232,2013003777,6,67,67301,2012,12,1,1056,10,1,2,1,7,3, , ,N,0,8,0,3,0,2,2,1,N,Y,40 01:10.552,75 08:52.735,1108, ,1059,2,2,3,Y, ,3,N, , , , ,732583, , , ,1,1,0,0,0,0,0,0,0,0,0,2,2,0,0,0,0,0,0,0,0,0,0,0,0,0,0,0,0,0,0,0,0,0,0,4,0,40.0196,-75.148, , 
 ,64233,2013012025,6,67,67301,2012,12,6,1929,19,3,1,0,6,1, , ,N,0,0,0,3,0,1,2,2,N,N,40 00:11.492,75 10:57.297,1931, ,1929, ,0, ,N, ,0, , , , , ,732586, , , ,2,2,0,0,0,0,0,0,0,0,0,1,1,0,0,0,0,1,0,0,0,0,0,0,0,0,0,0,0,0,0,0,0,0,0,4,0,40.0032,-75.1826, , 
 ,64234,2012109936,6,67,67301,2012,10,1,1201,12,1,2,1,8,1, , ,N,1,2,0,3,0,1,2,2,N,N,39 59:04.850,75 09:23.377,1205, ,1203, ,0, , , ,3, , , , , ,732596, , , ,1,1,0,0,0,0,0,0,0,0,1,0,1,0,0,0,0,0,0,0,0,0,0,0,0,0,0,0,0,0,0,0,1,0,0,3,0,39.9847,-75.1565, , 
 ,64235,2012114877,6,67,67301,2012,9,4,1420,14,1,1,0,4,1, , ,N,2,3,0,3,0,0,3,2,N,N,40 07:34.842,75 01:12.201,1425, ,1425,3,1,4,N, ,3,N, , , , ,732608, , , ,2,2,0,0,0,0,0,0,0,0,0,1,3,2,0,0,0,0,0,0,0,0,1,0,0,0,0,0,0,0,0,0,0,0,0,4,0,40.1263,-75.0201, , 
 ,64236,2012120536,6,67,67301,2012,11,3,1845,18,3,1,0,8,1, , ,N,1,3,0,3,0,1,2,2,N, ,40 07:26.457,75 00:05.875,1850, ,1845, ,0, , , ,3, , , , , ,732615, , , ,1,1,0,0,0,0,0,0,0,0,0,0,1,1,0,0,0,0,0,0,1,0,0,0,0,0,0,0,0,0,0,0,1,0,0,8,0,40.124,-75.0016, , 
 ,64237,2013003749,6,67,67301,2012,11,1,414,4,3,1,0,7,3, , ,N,0,0,0,3,0,2,2,1,N, ,40 05:07.990,75 01:26.252,424, ,414,9,1,1, , ,0,Y, , , , ,732629, , , ,1,1,0,0,0,0,0,0,0,1,0,0,2,1,0,0,0,0,0,0,0,0,0,0,0,0,0,1,0,0,0,0,0,0,0,2,0,40.0856,-75.024, , 
 ,64238,2013003952,6,67,67301,2012,12,6,935,9,1,2,1,6,1, , ,N,0,0,0,3,0,3,6,3,N,N,39 58:17.205,75 09:33.736,1010, ,1007,1,2,6,N, ,0,Y, , , , ,732630, , , ,3,2,0,0,0,1,0,0,0,0,0,0,3,3,1,0,0,0,0,0,0,0,0,0,0,0,0,0,0,0,0,0,0,0,0,8,1,39.9715,-75.1591, , 
 ,64239,2013007237,6,67,67301,2012,11,3,1020,10,1,2,1,6,1, , ,N,5,2,0,3,0,1,3,2,N,N,40 05:40.718,75 00:54.707,1025, ,1020,1,1,1,N, ,3,N, , , , ,732631, , , ,2,0,0,0,0,1,1,0,0,0,0,1,1,0,0,0,0,0,0,0,0,1,0,0,0,0,0,0,0,0,0,0,0,0,0,4,1,40.0946,-75.0152, , 
 ,64240,2012104115,6,67,67301,2012,9,1,27,0,3,2,1,7,5, , ,N,0,0,0,3,0,1,1,1,N, ,39 59:48.249,75 12:02.952,35, ,27, ,0, ,N, ,0, , , , , ,732633, , , ,1,0,0,0,0,0,1,0,0,0,0,0,1,1,0,0,0,0,0,0,0,0,0,0,0,0,0,0,0,0,0,0,0,0,0,8,0,39.9967,-75.2008, , 
 ,64241,2013006092,6,67,67301,2012,12,6,2325,23,3,4,1,4,6, , ,N,0,0,0,3,0,0,1,3,N,N,40 02:17.430,75 13:07.316,2333, ,2331, ,0, ,N, ,0, , , , , ,732644, , , ,3,2,0,0,0,0,1,0,0,0,0,0,0,0,0,0,0,0,0,0,0,0,0,0,0,0,0,0,0,0,0,0,0,0,0,0,0,40.0382,-75.2187, , 
 ,64242,2013006907,6,67,67301,2012,11,2,9999,99,1,1,0,5,1, , ,N,0,0,0,3,0,1,1,2,N,N,39 59:50.412,75 07:12.996,1510, ,1500,3,1,3,N, ,0,N, , , , ,732645, , , ,2,1,1,0,0,0,0,0,0,0,0,1,1,0,0,0,0,0,0,0,0,0,0,0,0,0,0,0,0,0,0,0,0,0,0,4,0,39.9973,-75.1203, , 
 ,64243,2012122414,6,67,67301,2012,11,6,1749,17,3,1,0,8,1, , ,N,1,2,0,3,0,1,2,2,N,N,40 02:06.009,75 10:25.403,1755, ,1752, ,0, , , ,3, , , , , ,732649, , , ,1,1,0,0,0,0,0,0,0,0,0,1,1,0,0,0,0,0,0,0,0,0,0,0,0,0,0,0,0,0,0,0,1,0,0,4,0,40.035,-75.1737, , 
 ,64244,2012125098,6,67,67301,2012,12,7,2256,22,3,1,0,7,4, , ,N,0,0,0,3,0,0,1,1,N,N,40 02:28.995,75 00:15.764,2305, ,2256, ,0, ,N, ,0, , , , , ,732652, , , ,1,1,0,0,0,0,0,0,0,0,0,0,0,0,0,0,0,0,0,0,0,0,0,0,0,0,0,0,0,0,0,0,0,0,0,0,0,40.0413,-75.0045, , 
 ,64245,2013007269,6,67,67301,2012,12,3,810,8,1,1,0,8,1, , ,N,1,2,0,3,0,1,2,2,N,N,40 03:05.090,75 09:48.178,1215, ,1215, ,0, , , ,3, , , , , ,732662, , , ,1,1,0,0,0,0,0,0,0,0,0,1,1,0,0,0,0,0,0,0,0,0,0,0,0,0,0,0,0,0,0,0,1,0,0,4,0,40.0514,-75.1634, , 