wz_ln_closure,objectid_1,crn,district,county,municipality,crash_year,crash_month,day_of_week,time_of_day,hour_of_day,illumination,weather,road_condition,collision_type,relation_to_road,work_zone_type,work_zone_loc,work_zone_ind,intersect_type,tcd_type,location_type,urban_rural,fatal_count,injury_count,person_count,total_units,sch_bus_ind,sch_zone_ind,latitude,longitude,arrival_tm,cons_zone_spd_lim,dispatch_tm,est_hrs_closed,lane_closed,ln_close_dir,ntfy_hiwy_maint,spec_juris_cd,tcd_func_cd,tfc_detour_ind,workers_pres,wz_close_detour,wz_flagger,wz_law_offcr_ind,objectid,wz_moving,wz_other,wz_shlder_mdn,vehicle_count,automobile_count,motorcycle_count,bus_count,small_truck_count,heavy_truck_count,suv_count,van_count,bicycle_count,maj_inj_count,mod_inj_count,min_inj_count,tot_inj_count,unk_inj_deg_count,unk_inj_per_count,driver_count_16yr,driver_count_17yr,driver_count_18yr,driver_count_19yr,driver_count_20yr,driver_count_50_64yr,driver_count_65_74yr,driver_count_75plus,unbelted_occ_count,unb_death_count,unb_maj_inj_count,belted_death_count,belted_maj_inj_count,mcycle_death_count,mcycle_maj_inj_count,bicycle_death_count,bicycle_maj_inj_count,ped_count,ped_death_count,ped_maj_inj_count,max_severity_level,comm_veh_count,dec_lat,dec_long,rdwy_surf_type_cd,county_name
 ,64246,2012120553,6,67,67301,2012,10,4,2336,23,3,1,0,7,4, , ,N,0,0,0,3,0,2,2,1,N,N,40 00:21.391,75 11:11.798,2336, ,2335, ,0, ,N, ,0, , , , , ,735056, , , ,1,1,0,0,0,0,0,0,0,1,1,0,2,0,0,0,0,0,0,0,0,0,0,2,0,1,0,0,0,0,0,0,0,0,0,2,0,40.0059,-75.1866, , 
 ,64247,2012122335,6,67,67301,2012,10,4,2100,21,3,2,1,4,1, , ,N,1,2,0,3,0,0,2,2,N, ,40 01:12.877,75 06:50.707,2342, ,2341, ,0, , , ,3, , , , , ,735058, , , ,2,0,0,0,1,0,0,0,0,0,0,0,0,0,0,0,0,0,0,0,0,0,0,0,0,0,0,0,0,0,0,0,0,0,0,0,0,40.0202,-75.1141, , 
 ,64248,2012122448,6,67,67301,2012,11,7,113,1,3,1,0,7,5, , ,N,0,0,0,3,0,2,2,1,N,N,40 04:38.063,74 59:59.068,117, ,113,4,2,2,N, ,0,Y, , , , ,735059, , , ,1,1,0,0,0,0,0,0,0,2,0,0,2,0,0,0,0,0,0,0,0,0,0,2,0,2,0,0,0,0,0,0,0,0,0,2,0,40.0772,-74.9997, , 
 ,64249,2012128192,6,67,67301,2012,11,5,1500,15,1,1,0,4,1, , ,N,1,0,0,3,0,1,5,2,N,N,40 03:19.004,75 11:06.183,1555, ,1543, ,0, , , ,0, , , , , ,735065, , , ,2,2,0,0,0,0,0,0,0,0,0,0,1,1,0,0,0,0,0,0,0,0,0,0,0,0,0,0,0,0,0,0,0,0,0,8,0,40.0553,-75.1851, , 
 ,64250,2012115245,6,67,67301,2012,9,5,2015,20,6,1,0,1,1, , ,N,1,2,0,3,0,1,3,2,N,N,40 03:11.276,75 05:31.765,0, ,0, ,0, ,N, ,3, , , , , ,735075, , , ,2,2,0,0,0,0,0,0,0,0,0,0,1,1,2,0,0,0,0,0,0,0,0,0,0,0,0,0,0,0,0,0,0,0,0,8,0,40.0531,-75.0922, , 
 ,64251,2012116210,6,67,67301,2012,9,7,1400,14,1,1,0,4,1, , ,N,0,0,7,3,0,1,2,2, , ,39 56:51.124,75 11:28.685,0, ,0, ,0, , , ,0, , , , , ,735077, , , ,2,1,0,0,1,0,0,0,0,0,0,0,1,1,0,0,0,0,0,1,1,0,0,0,0,0,0,0,0,0,0,0,0,0,0,8,0,39.9475,-75.1913, , 
 ,64252,2012116261,6,67,67301,2012,7,2,9999,99,1,1,0,4,1, , ,N,1,2,0,3,0,1,2,2,N,N,40 02:20.571,75 08:40.639,0, ,0, ,0, ,N, ,3, , , , , ,735078, , , ,2,2,0,0,0,0,0,0,0,0,0,0,1,1,1,0,0,0,0,0,0,0,0,0,0,0,0,0,0,0,0,0,0,0,0,8,0,40.039,-75.1446, , 
 ,64253,2012117306,6,67,67301,2012,10,3,1946,19,3,1,0,8,1, , ,N,0,0,0,3,0,1,2,2,N,N,39 57:03.996,75 13:39.604,2000, ,1958, ,0, ,N, ,0, , , , , ,735079, , , ,1,0,0,0,0,0,1,0,0,0,1,0,1,0,0,0,0,0,0,0,0,0,0,0,0,0,0,0,0,0,0,0,1,0,0,3,0,39.9511,-75.2277, , 
 ,64254,2012123336,6,67,67301,2012,11,7,300,3,3,1,0,2,1, , ,N,0,2,0,3,0,0,2,2,N,N,40 01:46.174,75 06:12.246,308, ,304, ,0, ,N, ,3, , , , , ,735085, , , ,2,2,0,0,0,0,0,0,0,0,0,0,0,0,0,0,0,0,0,0,0,0,0,0,0,0,0,0,0,0,0,0,0,0,0,0,0,40.0295,-75.1034, , 
 ,64255,2013003824,6,67,67301,2012,12,7,732,7,1,1,0,7,5, , ,N,0,0,0,3,0,0,1,1,N,N,40 00:52.797,75 05:16.130,738, ,736, ,0, , , ,0, , , , , ,735108, , , ,1,0,0,0,0,0,1,0,0,0,0,0,0,0,1,0,0,0,0,0,0,0,0,1,0,0,0,0,0,0,0,0,0,0,0,9,0,40.0147,-75.0878, , 
 ,64256,2013006755,6,67,67301,2012,12,2,1310,13,1,1,0,4,1, , ,N,1,3,0,3,0,1,2,2,N,N,40 02:43.098,75 04:27.170,1324, ,1321, ,0, ,N, ,3, , , , , ,735109, , , ,2,2,0,0,0,0,0,0,0,0,0,0,1,1,1,0,0,0,0,0,0,0,0,0,0,0,0,0,0,0,0,0,0,0,0,8,0,40.0453,-75.0742, , 
 ,64257,2012078612,6,67,67301,2012,7,3,1220,12,1,1,0,4,1, , ,N,3,4,0,3,0,0,6,2,N, ,40 01:06.762,75 10:01.463,1228, ,1224,1,1,4, , ,3,N, , , , ,735121, , , ,2,1,0,0,0,1,0,0,0,0,0,0,0,0,0,0,0,0,0,0,0,0,0,0,0,0,0,0,0,0,0,0,0,0,0,0,1,40.0185,-75.1671, , 
 ,64258,2012092389,6,67,67301,2012,9,5,1757,17,1,1,0,1,1, , ,N,0,0,0,3,0,0,4,3,N,N,39 53:08.478,75 14:36.598,1808, ,1808, ,0, ,N, ,0, , , , , ,735132, , , ,3,3,0,0,0,0,0,0,0,0,0,0,0,0,0,0,0,0,0,0,1,0,0,1,0,0,0,0,0,0,0,0,0,0,0,0,0,39.8857,-75.2435, , 
 ,64259,2012098291,6,67,67301,2012,9,2,1838,18,1,1,0,4,1, , ,N,1,3,0,3,0,2,3,2,N,N,39 59:30.359,75 08:14.406,1901, ,1900,1,2,4, , ,3,Y, , , , ,735137, , , ,2,2,0,0,0,0,0,0,0,0,0,2,2,0,0,0,0,0,0,0,0,0,0,0,0,0,0,0,0,0,0,0,0,0,0,4,0,39.9917,-75.1373, , 
 ,64260,2012026095,6,67,67301,2012,1,1,921,9,1,4,5,4,1, , ,N,0,0,0,3,0,1,3,4,N,N,40 02:16.242,75 09:50.504,930, ,922, ,0, ,N, ,0, , , , , ,735171, , , ,4,3,0,0,0,0,1,0,0,0,0,1,1,0,1,0,0,0,0,0,0,1,0,1,0,0,0,0,0,0,0,0,0,0,0,4,0,40.0378,-75.164, , 
 ,64261,2012039828,6,67,67301,2012,2,5,725,7,1,1,0,8,6, , ,N,0,0,0,3,0,1,2,2,N,N,40 00:03.931,75 06:44.035,741, ,733, ,0, ,N, ,0, , , , , ,735179, , , ,1,1,0,0,0,0,0,0,0,0,0,1,1,0,0,0,0,0,0,0,0,0,0,0,0,0,0,0,0,0,0,0,1,0,0,4,0,40.0011,-75.1122, , 
 ,64262,2012051508,6,67,67301,2012,5,7,821,8,1,1,0,1,1, , ,N,0,0,0,3,0,1,2,2,N,N,39 59:56.505,75 13:51.668,827, ,822, ,0, ,N, ,0, , , , , ,735188, , , ,2,2,0,0,0,0,0,0,0,0,0,0,1,1,0,0,0,0,0,0,0,1,0,0,0,0,0,0,0,0,0,0,0,0,0,8,0,39.999,-75.231, , 
 ,64263,2012104003,6,67,67301,2012,9,7,931,9,1,1,0,2,2, , ,N,0,0,0,3,0,1,1,4,N,N,40 00:15.470,75 10:25.864,933, ,931,2,1,6,N, ,0,Y, , , , ,735193, , , ,4,4,0,0,0,0,0,0,0,0,0,0,0,0,1,0,0,0,0,0,0,0,0,0,0,0,0,0,0,0,0,0,0,0,0,9,0,40.0043,-75.1739, , 
 ,64264,2012112643,6,67,67301,2012,9,3,1424,14,1,1,0,1,1, , ,N,2,2,0,3,0,2,4,3,N,N,40 03:44.577,75 02:33.887,1446, ,1432,3,2,1, , ,3,N, , , , ,735203, , , ,3,3,0,0,0,0,0,0,0,1,0,0,2,1,0,0,0,0,0,0,0,0,0,0,0,0,0,0,0,0,0,0,0,0,0,2,0,40.0624,-75.0427, , 
 ,64265,2012098533,6,67,67301,2012,9,6,822,8,1,1,0,1,1, , ,N,0,0,0,3,0,1,1,2,N,N,40 01:21.307,75 03:09.703,859, ,854, ,0, ,N, ,0, , , , , ,740532, , , ,2,2,0,0,0,0,0,0,0,0,0,0,0,0,1,0,0,0,0,0,0,0,0,0,0,0,0,0,0,0,0,0,0,0,0,9,0,40.0226,-75.0527, , 
 ,64266,2012114335,6,67,67301,2012,10,4,808,8,1,1,0,1,1, , ,N,0,2,0,3,0,0,3,3,N,N,39 53:39.232,75 13:43.854,847, ,831, ,0, ,N, ,3, , , , , ,740546, , , ,3,3,0,0,0,0,0,0,0,0,0,0,0,0,1,0,0,0,0,0,0,0,0,0,0,0,0,0,0,0,0,0,0,0,0,9,0,39.8942,-75.2288, , 
 ,64267,2012109927,6,67,67301,2012,9,7,2205,22,3,1,0,2,1, , ,N,1,2,0,3,0,1,2,2,N,N,39 57:39.360,75 14:42.201,915, ,915, ,0, ,N, ,3, , , , , ,740549, , , ,1,1,0,0,0,0,0,0,1,0,0,1,1,0,1,0,0,0,0,0,0,0,0,0,0,0,0,0,0,0,0,0,1,0,0,4,0,39.9609,-75.245, , 
 ,64268,2012121686,6,67,67301,2012,11,5,17,0,3,1,0,7,3, , ,N,0,0,0,3,0,0,1,1,N,N,39 53:57.423,75 10:33.697,25, ,18,1,2,2,N, ,0,N, , , , ,740577, , , ,1,1,0,0,0,0,0,0,0,0,0,0,0,0,0,0,0,0,0,0,0,0,0,0,0,0,0,0,0,0,0,0,0,0,0,0,0,39.8993,-75.176, , 
 ,64269,2012122364,6,67,67301,2012,11,3,1525,15,1,1,0,8,1, , ,N,0,0,0,3,0,1,2,2,N,N,40 01:31.452,75 02:41.747,1534, ,1532, ,0, ,N, ,0, , , , , ,740578, , , ,1,0,0,0,0,0,1,0,0,1,0,0,1,0,0,0,0,0,0,0,1,0,0,0,0,0,0,0,0,0,0,0,1,0,1,2,0,40.0254,-75.0449, , 
 ,64270,2013003702,6,67,67301,2012,12,5,1638,16,1,1,0,1,1, , ,N,2,0,0,3,0,1,2,2,N, ,40 07:34.008,75 00:51.845,1650, ,1640, ,0, , , ,0, , , , , ,740590, , , ,2,1,0,0,0,0,1,0,0,0,0,1,1,0,0,0,0,0,0,0,0,1,1,0,0,0,0,0,0,0,0,0,0,0,0,4,0,40.1261,-75.0144, , 
 ,64271,2013003741,6,67,67301,2012,11,7,1208,12,1,1,0,4,1, , ,N,2,2,0,3,0,1,2,2,N,N,39 57:19.443,75 10:16.111,1209, ,1208, ,0, ,N, ,3, , , , , ,740591, , , ,2,1,0,0,0,0,1,0,0,0,0,0,1,1,0,0,0,0,0,0,0,0,0,0,0,0,0,0,0,0,0,0,0,0,0,8,0,39.9554,-75.1711, , 
 ,64272,2013012102,6,67,67301,2012,12,7,1354,13,1,9,8,1,1, , ,N,2,3,0,3,0,3,4,2,N,N,39 55:46.069,75 14:35.336,1359, ,1356, ,0, ,N, ,3, , , , , ,740593, , , ,2,1,0,0,1,0,0,0,0,0,0,3,3,0,0,0,0,0,0,0,0,0,0,0,0,0,0,0,0,0,0,0,0,0,0,4,0,39.9293,-75.2425, , 
 ,64273,2012114381,6,67,67301,2012,10,6,1738,17,1,1,0,1,1, , ,N,0,0,0,3,0,1,3,2,N,N,40 00:56.841,75 10:34.900,1745, ,1739,2,1,2,N, ,0,N, , , , ,740600, , , ,2,2,0,0,0,0,0,0,0,0,0,1,1,0,0,0,0,0,0,0,1,0,0,0,0,0,0,0,0,0,0,0,0,0,0,4,0,40.0158,-75.1764, , 
 ,64274,2012115094,6,67,67301,2012,9,6,645,6,1,1,0,4,1, , ,N,1,2,0,3,0,1,2,2,Y,N,40 02:34.484,75 06:15.533,0, ,0, ,0, ,N, ,3, , , , , ,740602, , , ,2,0,0,1,0,0,0,1,0,0,0,0,1,1,0,0,0,0,0,0,0,0,0,0,0,0,0,0,0,0,0,0,0,0,0,8,1,40.0429,-75.1043, , 
 ,64275,2012122396,6,67,67301,2012,11,6,2000,20,3,1,0,1,1, , ,N,1,2,0,3,0,1,3,2,N,N,40 02:43.800,75 09:53.514,2305, ,2302, ,0, ,N, ,3, , , , , ,740606, , , ,2,2,0,0,0,0,0,0,0,0,0,0,1,1,0,0,0,0,0,0,0,0,0,0,0,0,0,0,0,0,0,0,0,0,0,8,0,40.0455,-75.1649, , 
 ,64276,2013006711,6,67,67301,2012,12,1,2038,20,3,2,1,1,1, , ,N,1,2,0,3,0,3,4,6,N,N,39 57:48.568,75 10:09.794,2048, ,2044,3,2,2, , ,3,Y, , , , ,740620, , , ,6,5,0,0,1,0,0,0,0,0,0,0,3,3,0,0,0,0,0,0,1,0,0,0,0,0,0,0,0,0,0,0,0,0,0,8,0,39.9634,-75.1694, , 
 ,64277,2013015598,6,67,67301,2012,6,7,304,3,3,2,1,7,2, , ,N,0,0,0,3,0,1,1,1,N,N,40 00:19.960,75 11:44.980,314, ,307, ,0, ,Y, ,0, , , , , ,740623, , , ,1,1,0,0,0,0,0,0,0,0,0,1,1,0,0,0,0,0,0,0,0,0,0,1,0,0,0,0,0,0,0,0,0,0,0,4,0,40.0055,-75.1958, , 
 ,64278,2012109764,6,67,67301,2012,10,5,1530,15,1,1,0,5,1, , ,N,0,1,0,3,0,1,5,2,N, ,40 00:54.918,75 04:01.110,1550, ,1545, ,0, , , ,3, , , , , ,740625, , , ,2,2,0,0,0,0,0,0,0,0,0,0,1,1,0,0,0,1,0,0,0,0,0,0,0,0,0,0,0,0,0,0,0,0,0,8,0,40.0153,-75.067, , 
 ,64279,2012109904,6,67,67301,2012,10,4,844,8,1,1,1,1,1, , ,N,0,0,3,3,0,0,3,2,N,N,40 00:25.812,75 11:34.385,850, ,850,1,2,2,N, ,0,N, , , , ,740663, , , ,2,1,0,0,0,0,0,1,0,0,0,0,0,0,0,0,0,0,0,0,0,0,0,0,0,0,0,0,0,0,0,0,0,0,0,0,0,40.0072,-75.1929, , 
 ,64280,2012113881,6,67,67301,2012,10,7,840,8,1,1,0,8,1, , ,N,1,2,0,3,0,1,2,2,N,N,39 57:24.631,75 10:03.320,908, ,902, ,0, ,N, ,3, , , , , ,740670, , , ,1,1,0,0,0,0,0,0,0,0,0,0,1,1,0,0,0,0,0,0,0,0,1,0,0,0,0,0,0,0,0,0,1,0,0,8,0,39.9568,-75.1676, , 
 ,64281,2013004423,6,67,67301,2012,12,4,857,8,1,1,0,1,1, , ,N,0,2,0,3,0,1,2,2,N,N,40 01:28.501,75 07:52.047,910, ,859, ,0, ,N, ,3, , , , , ,740691, , , ,2,1,0,0,0,0,0,1,0,0,0,1,1,0,0,0,0,0,0,0,1,0,0,0,0,0,0,0,0,0,0,0,0,0,0,4,0,40.0246,-75.1311, , 
 ,64282,2012129075,6,67,67301,2012,11,2,710,7,1,1,1,4,1, , ,N,0,0,0,3,1,0,3,2,N,N,39 56:57.980,75 12:09.010,719, ,715,3,2,6,N,0,0,Y, , , , ,740700, , , ,2,1,1,0,0,0,0,0,0,0,0,0,0,0,0,0,0,0,0,0,0,0,0,0,0,0,0,0,1,0,0,0,0,0,0,1,0,39.9494,-75.2025,2, 
 ,64283,2013003731,6,67,67301,2012,12,3,800,8,1,1,0,8,1, , ,N,1,2,0,3,0,1,3,3,N,N,39 56:45.045,75 10:29.351,824, ,814, ,0, ,N, ,3, , , , , ,738105, , , ,2,1,0,0,1,0,0,0,0,0,0,1,1,0,2,0,0,0,0,0,2,0,0,0,0,0,0,0,0,0,0,0,1,0,0,4,0,39.9458,-75.1748, , 
 ,64284,2012119829,6,67,67301,2012,11,3,1118,11,1,1,0,7,7, , ,N,3,0,0,3,0,0,1,2,N,N,39 58:06.081,75 07:46.720,1129, ,1118,1,1,2,N, ,0,N, , , , ,738112, , , ,1,1,0,0,0,0,0,0,0,0,0,0,0,0,0,0,0,0,0,0,0,0,0,0,0,0,0,0,0,0,0,0,0,0,0,0,0,39.9684,-75.1296, , 
 ,64285,2012120048,6,67,67301,2012,10,3,1410,14,1,1,0,5,1, , ,N,0,8,0,3,0,1,2,2,N,N,39 57:23.325,75 11:46.112,1413, ,1411,1,1,4,N, ,3,N, , , , ,738160, , , ,1,1,0,0,0,0,0,0,1,0,0,1,1,0,0,0,0,0,0,0,0,0,0,0,0,0,0,0,0,0,0,0,0,0,0,4,0,39.9565,-75.1961, , 
 ,64286,2012109711,6,67,67301,2012,10,7,2309,23,3,1,0,1,1, , ,N,1,0,0,3,0,0,3,2,N, ,40 04:12.680,75 10:49.758,2310, ,2300, ,0, , , ,0, , , , , ,738181, , , ,2,2,0,0,0,0,0,0,0,0,0,1,1,0,0,0,0,0,0,0,0,0,0,0,0,0,0,0,0,0,0,0,0,0,0,4,0,40.0702,-75.1805, , 
 ,64287,2012111705,6,67,67301,2012,10,6,1548,15,1,1,0,4,1, , ,N,0,0,7,3,0,1,7,2,N,N,40 05:51.313,75 01:49.437,1600, ,1553, ,0, ,N, ,0, , , , , ,738188, , , ,2,1,0,0,1,0,0,0,0,0,0,0,1,1,0,0,0,0,0,0,0,1,0,2,0,0,0,0,0,0,0,0,0,0,0,8,0,40.0976,-75.0304, , 
 ,64288,2012117300,6,67,67301,2012,10,4,1940,19,3,1,0,4,1, , ,N,1,3,0,3,0,1,2,2,N,N,39 55:31.209,75 10:02.369,1947, ,1942,3,2,1, , ,3,Y, , , , ,738195, , , ,2,1,0,0,0,0,1,0,0,0,1,0,1,0,0,0,0,0,0,0,0,0,0,0,0,0,0,0,0,0,0,0,0,0,0,3,0,39.9253,-75.1673, , 
 ,64289,2012119990,6,67,67301,2012,10,6,740,7,1,1,0,8,1, , ,N,0,0,0,3,0,1,3,2,N, ,40 06:26.217,75 01:36.102,745, ,740,1,1,1, , ,0,Y, , , , ,738197, , , ,1,0,0,0,0,0,1,0,0,0,0,1,1,0,0,0,0,0,0,0,0,0,0,1,0,0,0,0,0,0,0,0,2,0,0,4,0,40.1073,-75.0267, , 
 ,64290,2012088611,6,67,67301,2012,8,7,1620,16,1,1,0,4,1, , ,N,0,0,7,3,0,1,2,2,N, ,39 59:43.048,75 09:54.135,1652, ,1631, ,0, , , ,0, , , , , ,738218, , , ,2,1,0,0,0,0,0,0,0,0,0,0,1,1,0,0,0,0,0,0,1,0,0,0,0,0,0,0,0,0,0,0,0,0,0,8,0,39.9953,-75.165, , 
 ,64291,2012120532,6,67,67301,2012,11,7,2105,21,6,1,0,4,1, , ,N,0,0,0,3,0,1,1,2,N,N,40 01:06.168,75 03:06.704,2127, ,2124,1,1,3,N, ,0,Y, , , , ,738249, , , ,2,2,0,0,0,0,0,0,0,0,0,1,1,0,0,0,0,0,0,0,0,0,0,0,0,0,0,0,0,0,0,0,0,0,0,4,0,40.0184,-75.0519, , 
 ,64292,2013003797,6,67,67301,2012,12,7,128,1,3,1,0,8,1, , ,N,0,0,0,3,0,1,2,2,N,N,39 57:43.436,75 09:33.987,1310, ,129,1,2,4,N, ,0,Y, , , , ,738288, , , ,1,1,0,0,0,0,0,0,0,0,0,0,1,1,0,0,0,0,0,0,0,0,0,0,0,0,0,0,0,0,0,0,1,0,0,8,0,39.9621,-75.1594, , 
 ,64293,2013021697,6,67,67301,2012,11,6,800,8,1,1,0,1,1, , ,N,0,0,2,3,0,1,2,2,N,N,39 58:20.766,75 07:22.289,0, ,0, ,0, ,N, ,0, , , , , ,738289, , , ,2,2,0,0,0,0,0,0,0,0,0,1,1,0,0,0,0,0,0,0,0,0,0,0,0,0,0,0,0,0,0,0,0,0,0,4,0,39.9724,-75.1229, , 
 ,64294,2012104020,6,67,67301,2012,9,3,1330,13,1,1,0,5,1, , ,N,1,2,0,3,0,1,2,2,N,N,39 58:01.623,75 09:37.609,1350, ,1340,1,1,1,N, ,3,N, , , , ,738290, , , ,1,1,0,0,0,0,0,0,1,0,0,0,1,1,0,0,0,0,0,0,0,0,0,0,0,0,0,0,0,0,0,0,1,0,0,8,0,39.967,-75.1603, , 
 ,64295,2012111753,6,67,67301,2012,10,7,1503,15,1,1,0,4,1, , ,N,1,2,0,3,0,1,2,2,N,N,40 05:40.718,75 00:54.707,1528, ,1506,1,1,2,N, ,3,N, , , , ,738295, , , ,2,2,0,0,0,0,0,0,0,0,0,1,1,0,0,0,0,0,0,0,0,0,2,0,0,0,0,0,0,0,0,0,0,0,0,4,0,40.0946,-75.0152, , 
 ,64296,2013003872,6,67,67301,2012,12,6,1720,17,1,2,1,4,1, , ,N,2,2,0,3,0,0,2,2,N,N,39 54:33.377,75 10:22.671,1722, ,1720, ,9, ,N, ,3, , , , , ,738310, , , ,2,1,0,0,0,0,1,0,0,0,0,0,0,0,1,0,0,0,0,0,1,0,0,0,0,0,0,0,0,0,0,0,0,0,0,9,0,39.9093,-75.173, , 
 ,64297,2012121698,6,67,67301,2012,12,7,1043,10,1,1,0,1,1, , ,N,0,0,0,3,0,0,2,2,N,N,39 56:39.112,75 11:30.491,1050, ,1044,1,1,4,N, ,0,N, , , , ,738327, , , ,2,2,0,0,0,0,0,0,0,0,0,0,0,0,0,0,0,0,0,0,0,0,0,0,0,0,0,0,0,0,0,0,0,0,0,0,0,39.9432,-75.1928, , 
 ,64298,2012111799,6,67,67301,2012,10,7,335,3,3,1,0,1,1, , ,N,2,2,0,3,0,0,3,2,N, ,40 06:14.984,75 00:07.073,342, ,338,9,1,1, , ,3,N, , , , ,738337, , , ,2,1,0,0,0,0,1,0,0,0,0,0,0,0,0,0,0,0,0,0,0,0,0,0,0,0,0,0,0,0,0,0,0,0,0,0,0,40.1042,-75.002, , 
 ,64299,2012111804,6,67,67301,2012,10,2,1442,14,1,1,0,1,1, , ,N,0,0,0,3,0,2,1,3,N, ,39 58:44.587,75 10:16.478,1443, ,1442, ,0, ,N, ,0, , , , , ,738338, , , ,3,1,0,0,1,0,0,1,0,0,0,0,1,1,0,0,0,0,0,0,0,0,0,0,0,0,0,0,0,0,0,0,0,0,0,8,0,39.9791,-75.1712, , 
 ,64300,2012125099,6,67,67301,2012,12,1,631,6,3,2,1,7,4, , ,N,0,0,0,3,0,1,1,1,N,N,39 58:55.150,75 12:27.151,634, ,632,1,1,3,N, ,0,N, , , , ,738359, , , ,1,0,0,0,0,0,1,0,0,0,0,1,1,0,0,0,0,0,0,0,0,0,0,0,0,0,0,0,0,0,0,0,0,0,0,4,0,39.982,-75.2075, , 
 ,64301,2012117311,6,67,67301,2012,10,7,235,2,3,1,0,5,6, , ,N,0,0,0,3,0,0,1,3,N,N,39 57:14.828,75 13:35.824,243, ,239,3,2,4,N, ,0,N, , , , ,732672, , , ,3,1,0,0,0,0,2,0,0,0,0,0,0,0,1,0,0,0,0,0,0,0,0,0,0,0,0,0,0,0,0,0,0,0,0,9,0,39.9541,-75.2266, , 
 ,64302,2012120145,6,67,67301,2012,10,2,1300,13,1,6,1,5,1, , ,N,3,0,7,3,0,2,3,3,N,N,40 00:00.910,75 05:46.287,9999, ,1338,1,2,6,N, ,0,Y, , , , ,732673, , , ,3,0,0,0,0,1,2,0,0,0,0,2,2,0,0,0,0,0,0,0,0,0,0,0,0,0,0,0,0,0,0,0,0,0,0,4,1,40.0003,-75.0962, , 
 ,64303,2012120154,6,67,67301,2012,10,3,1415,14,1,1,1,4,1, , ,N,1,2,0,3,0,1,2,2,N, ,40 05:58.224,74 59:10.989,9999, ,9999, ,0, , , ,3, , , , , ,732674, , , ,2,0,0,0,0,2,0,0,0,0,0,1,1,0,1,0,0,0,0,0,0,0,0,0,0,0,0,0,0,0,0,0,0,0,0,4,2,40.0995,-74.9864, , 
 ,64304,2012128288,6,67,67301,2012,11,2,1915,19,3,1,0,8,1, , ,N,1,2,0,3,0,1,2,2,N,N,40 01:18.102,75 08:23.227,1920, ,1916,1,2,3,N, ,3,N, , , , ,732680, , , ,1,1,0,0,0,0,0,0,0,0,1,0,1,0,0,0,0,0,0,0,1,0,0,0,0,0,0,0,0,0,0,0,1,0,0,3,0,40.0218,-75.1396, , 
 ,64305,2013007272,6,67,67301,2012,11,5,1520,15,1,1,0,4,1, , ,N,1,2,0,3,0,6,10,2,Y,N,39 58:30.781,75 11:41.713,1535, ,1522, ,0, ,N, ,3, , , , , ,732687, , , ,2,1,0,1,0,0,0,0,0,0,0,0,6,6,0,0,0,0,0,0,0,0,1,0,0,0,0,0,0,0,0,0,0,0,0,8,1,39.9751,-75.195, , 
 ,64306,2012114880,6,67,67301,2012,10,7,9999,99,1,1,0,1,1, , ,N,1,2,0,3,0,1,2,2,N,N,40 03:38.043,75 04:56.160,1312, ,1302, ,0, ,N, ,3, , , , , ,732707, , , ,2,2,0,0,0,0,0,0,0,0,0,1,1,0,0,0,0,0,0,0,0,0,1,0,0,0,0,0,0,0,0,0,0,0,0,4,0,40.0605,-75.0823, , 
 ,64307,2012123324,6,67,67301,2012,11,3,1321,13,1,1,0,4,1, , ,N,0,0,7,3,0,2,2,2,N,N,39 57:24.309,75 11:54.166,1338, ,1338, ,0, ,N, ,0, , , , , ,732710, , , ,2,1,0,0,0,0,0,1,0,0,0,0,2,2,0,0,0,0,0,0,0,0,0,0,0,0,0,0,0,0,0,0,0,0,0,8,0,39.9568,-75.1984, , 
 ,64308,2012128313,6,67,67301,2012,11,6,2230,22,3,1,0,6,1, , ,N,1,0,0,3,0,1,1,2,N,N,40 00:04.398,75 08:59.993,2240, ,2235, ,0, ,N, ,0, , , , , ,732716, , , ,2,1,1,0,0,0,0,0,0,0,1,0,1,0,0,0,0,0,0,0,0,0,0,0,0,0,0,0,0,0,0,0,0,0,0,3,0,40.0012,-75.1499, , 
 ,64309,2013006768,6,67,67301,2012,12,3,31,0,3,2,1,7,7, , ,N,3,0,8,3,0,0,1,1,N,N,39 53:37.334,75 13:15.011,35, ,31,3,2,4,N, ,0,Y, , , , ,732739, , , ,1,1,0,0,0,0,0,0,0,0,0,0,0,0,0,0,0,0,0,0,0,0,0,0,0,0,0,0,0,0,0,0,0,0,0,0,0,39.8937,-75.2208, , 
 ,64310,2013003940,6,67,67301,2012,12,5,1110,11,1,1,0,4,1, , ,N,1,2,0,3,0,1,2,2,N,N,39 56:02.864,75 10:03.432,1124, ,1121, ,0, ,N, ,3, , , , , ,732769, , , ,2,2,0,0,0,0,0,0,0,0,0,1,1,0,0,0,0,0,0,0,0,0,0,0,0,0,0,0,0,0,0,0,0,0,0,4,0,39.9342,-75.1675, , 
 ,64311,2013006669,6,67,67301,2012,12,7,1007,10,1,1,0,4,1, , ,N,1,3,0,3,0,2,2,3,N,N,39 57:21.394,75 13:54.544,1010, ,1007, ,0, ,N, ,3, , , , , ,732771, , , ,3,3,0,0,0,0,0,0,0,0,0,2,2,0,0,0,0,0,0,0,0,0,0,0,0,0,0,0,0,0,0,0,0,0,0,4,0,39.9559,-75.2318, , 
 ,64312,2013006762,6,67,67301,2012,12,3,625,6,3,1,1,8,1, , ,N,1,2,0,3,0,1,2,2,N,N,39 56:58.740,75 11:58.930,628, ,626, ,0, ,N, ,3, , , , , ,732772, , , ,1,0,0,0,0,0,1,0,0,0,0,1,1,0,0,0,0,0,0,0,0,1,0,0,0,0,0,0,0,0,0,0,1,0,0,4,0,39.9496,-75.1997, , 