wz_ln_closure,objectid_1,crn,district,county,municipality,crash_year,crash_month,day_of_week,time_of_day,hour_of_day,illumination,weather,road_condition,collision_type,relation_to_road,work_zone_type,work_zone_loc,work_zone_ind,intersect_type,tcd_type,location_type,urban_rural,fatal_count,injury_count,person_count,total_units,sch_bus_ind,sch_zone_ind,latitude,longitude,arrival_tm,cons_zone_spd_lim,dispatch_tm,est_hrs_closed,lane_closed,ln_close_dir,ntfy_hiwy_maint,spec_juris_cd,tcd_func_cd,tfc_detour_ind,workers_pres,wz_close_detour,wz_flagger,wz_law_offcr_ind,objectid,wz_moving,wz_other,wz_shlder_mdn,vehicle_count,automobile_count,motorcycle_count,bus_count,small_truck_count,heavy_truck_count,suv_count,van_count,bicycle_count,maj_inj_count,mod_inj_count,min_inj_count,tot_inj_count,unk_inj_deg_count,unk_inj_per_count,driver_count_16yr,driver_count_17yr,driver_count_18yr,driver_count_19yr,driver_count_20yr,driver_count_50_64yr,driver_count_65_74yr,driver_count_75plus,unbelted_occ_count,unb_death_count,unb_maj_inj_count,belted_death_count,belted_maj_inj_count,mcycle_death_count,mcycle_maj_inj_count,bicycle_death_count,bicycle_maj_inj_count,ped_count,ped_death_count,ped_maj_inj_count,max_severity_level,comm_veh_count,dec_lat,dec_long,rdwy_surf_type_cd,county_name
 ,64313,2012109864,6,67,67301,2012,10,3,2015,20,3,2,1,8,1, , ,N,1,3,0,3,0,1,2,2,N,N,39 58:07.842,75 13:56.074,2030, ,2020, ,0, ,N, ,3, , , , , ,732779, , , ,1,1,0,0,0,0,0,0,0,0,0,0,1,1,0,0,0,0,0,0,0,0,0,0,0,0,0,0,0,0,0,0,1,0,0,8,0,39.9688,-75.2322, , 
 ,64314,2012112636,6,67,67301,2012,10,1,1734,17,1,1,0,6,4, , ,N,0,0,0,3,0,1,1,3,N,N,40 04:36.357,75 05:19.435,1800, ,1754, ,0, ,N, ,0, , , , , ,732782, , , ,3,2,0,0,1,0,0,0,0,0,0,0,1,1,0,0,0,0,0,0,0,0,0,0,0,0,0,0,0,0,0,0,0,0,0,8,0,40.0768,-75.0887, , 
 ,64315,2013003883,6,67,67301,2012,11,1,1059,10,1,1,8,4,1, , ,N,1,3,0,3,0,3,3,2,N,N,40 03:30.253,75 02:34.859,1105, ,1100, ,0, ,N, ,3, , , , , ,732809, , , ,2,2,0,0,0,0,0,0,0,0,0,1,3,2,0,0,0,0,0,0,0,2,0,0,0,0,0,0,0,0,0,0,0,0,0,4,0,40.0584,-75.043, , 
 ,64316,2013006870,6,67,67301,2012,12,6,956,9,1,1,0,1,1, , ,N,2,3,0,3,0,1,3,2,N,N,40 05:22.425,75 02:01.010,957, ,956, ,0, ,N, ,3, , , , , ,732810, , , ,2,2,0,0,0,0,0,0,0,0,0,0,1,1,0,0,0,0,0,0,0,1,0,1,0,0,0,0,0,0,0,0,0,0,0,8,0,40.0895,-75.0335, , 
 ,64317,2013006829,6,67,67301,2012,12,2,1005,10,1,1,1,7,5, , ,N,1,2,0,3,0,1,1,1,N,N,40 00:13.665,75 08:22.783,1037, ,1010, ,0, ,N, ,3, , , , , ,732834, , , ,1,0,0,0,0,0,1,0,0,0,0,0,1,1,0,0,0,0,0,0,0,0,0,1,0,0,0,0,0,0,0,0,0,0,0,8,0,40.0038,-75.1397, , 
 ,64318,2012120156,6,67,67301,2012,11,7,2055,20,3,1,0,4,1, , ,N,0,0,0,3,0,1,4,2,N, ,39 55:12.576,75 11:15.277,2102, ,2059, ,0, , , ,0, , , , , ,732840, , , ,2,1,0,0,1,0,0,0,0,0,0,1,1,0,0,0,0,0,0,0,1,0,0,0,0,0,0,0,0,0,0,0,0,0,0,4,0,39.9202,-75.1876, , 
 ,64319,2013005597,6,67,67301,2012,12,2,455,4,3,2,1,7,3, , ,N,0,0,0,3,1,0,1,1,N,N,40 05:52.608,75 00:42.941,500, ,455,9,1,2,N,0,0,N, , , , ,735220, , , ,1,1,0,0,0,0,0,0,0,0,0,0,0,0,0,0,0,0,0,0,1,0,0,0,0,0,0,0,0,0,0,0,0,0,0,1,0,40.0979,-75.0119,2, 
 ,64320,2012114854,6,67,67301,2012,10,5,749,7,3,1,0,4,1, , ,N,2,3,0,3,0,1,2,2,N,N,39 57:03.703,75 13:36.253,800, ,751, ,0, ,N, ,3, , , , , ,735248, , , ,1,0,0,0,1,0,0,0,1,0,0,0,1,1,0,0,0,0,0,0,0,0,0,0,0,0,0,0,0,0,0,0,0,0,0,8,0,39.951,-75.2267, , 
 ,64321,2012120148,6,67,67301,2012,11,6,1400,14,1,1,0,1,1, , ,N,5,2,0,3,0,1,2,2,N,N,40 01:53.711,75 03:48.013,1423, ,1416, ,0, ,N, ,3, , , , , ,735256, , , ,2,1,0,0,0,0,1,0,0,0,0,1,1,0,0,0,0,0,1,0,0,0,0,1,0,0,0,0,0,0,0,0,0,0,0,4,0,40.0316,-75.0633, , 
 ,64322,2012122329,6,67,67301,2012,11,3,1730,17,3,1,0,8,1, , ,N,1,3,0,3,0,0,1,2,N, ,39 56:35.444,75 10:08.205,1740, ,1735, ,0, , , ,3, , , , , ,735258, , , ,1,1,0,0,0,0,0,0,0,0,0,1,1,0,0,0,0,0,0,0,0,0,0,0,0,0,0,0,0,0,0,0,1,0,0,4,0,39.9432,-75.1689, , 
 ,64323,2012122422,6,67,67301,2012,11,3,1408,14,1,1,0,1,1, , ,N,0,0,0,3,0,1,3,2,N,N,40 03:09.078,75 03:03.790,1505, ,1443, ,0, ,N, ,0, , , , , ,735259, , , ,2,1,0,0,0,0,0,0,0,0,0,0,1,1,1,0,0,1,0,0,0,1,0,0,0,0,0,0,0,0,0,0,0,0,0,8,0,40.0525,-75.0511, , 
 ,64324,2012129966,6,67,67301,2012,11,1,450,4,3,1,0,5,1, , ,N,0,0,0,3,0,0,1,4,N,N,39 58:36.001,75 09:41.914,453, ,452,3,2,1,N, ,0,Y, , , , ,735263, , , ,4,4,0,0,0,0,0,0,0,0,0,0,0,0,0,0,0,0,0,0,0,0,0,0,0,0,0,0,0,0,0,0,0,0,0,0,0,39.9767,-75.1616, , 
 ,64325,2013006862,6,67,67301,2012,12,7,355,3,3,1,0,2,1, , ,N,1,2,0,3,0,1,2,2,N,N,40 02:12.235,75 03:52.193,355, ,357, ,0, ,N, ,3, , , , , ,735268, , , ,2,2,0,0,0,0,0,0,0,0,0,1,1,0,1,0,0,0,0,0,0,0,0,0,0,0,0,0,0,0,0,0,0,0,0,4,0,40.0366,-75.0645, , 
 ,64326,2012083318,6,67,67301,2012,7,7,1228,12,1,1,0,4,1, , ,N,2,0,0,3,0,1,5,2,N,N,40 01:13.039,75 09:46.119,1231, ,1229,1,1,4,N, ,0,Y, , , , ,735292, , , ,2,2,0,0,0,0,0,0,0,0,0,1,1,0,1,0,0,0,1,0,0,0,0,0,0,0,0,0,0,0,0,0,0,0,0,4,0,40.0203,-75.1628, , 
 ,64327,2012083819,6,67,67301,2012,7,7,2200,22,3,2,1,4,1, , ,N,1,3,0,3,0,0,5,2,N, ,39 56:31.992,75 10:08.943,2215, ,2210, ,0, , , ,3, , , , , ,735293, , , ,2,1,0,0,0,0,1,0,0,0,0,0,0,0,0,0,0,0,0,0,1,0,0,0,0,0,0,0,0,0,0,0,0,0,0,0,0,39.9422,-75.1692, , 
 ,64328,2012085908,6,67,67301,2012,7,2,1800,18,1,1,0,4,1, , ,N,1,3,0,3,0,1,2,2,N,N,39 55:57.831,75 10:33.862,1820, ,1820, ,0, , , ,3, , , , , ,735296, , , ,1,0,0,0,0,0,0,1,1,1,0,0,1,0,1,0,0,0,0,0,0,0,0,0,0,0,0,0,0,0,0,1,0,0,0,2,0,39.9327,-75.1761, , 
 ,64329,2012104099,6,67,67301,2012,9,7,804,8,1,1,0,5,1, , ,N,1,0,0,3,0,1,1,2,N,N,40 04:02.789,75 00:32.080,807, ,806, ,0, , , ,0, , , , , ,735308, , , ,2,1,0,0,1,0,0,0,0,0,0,0,1,1,0,0,0,0,0,0,0,0,0,0,0,0,0,0,0,0,0,0,0,0,0,8,0,40.0673,-75.0089, , 
 ,64330,2012113553,6,67,67301,2012,11,2,2039,20,3,1,0,7,2, , ,N,0,0,0,3,0,1,2,1,N,N,39 57:56.515,75 08:11.037,2047, ,2041,1,1,1,N, ,0,N, , , , ,735313, , , ,1,1,0,0,0,0,0,0,0,0,0,0,1,1,0,0,0,0,0,0,0,0,0,0,0,0,0,0,0,0,0,0,0,0,0,8,0,39.9656,-75.1365, , 
 ,64331,2012085330,6,67,67301,2012,7,7,9999,99,1,1,0,2,1, , ,N,1,2,0,3,0,0,7,3,N,N,39 54:38.552,75 09:56.365,1305, ,1258, ,0, ,N, ,2, , , , , ,735326, , , ,3,2,0,0,1,0,0,0,0,0,0,0,0,0,7,0,0,0,0,0,0,0,0,0,0,0,0,0,0,0,0,0,0,0,0,9,0,39.9107,-75.1657, , 
 ,64332,2012088547,6,67,67301,2012,8,5,1200,12,1,9,0,4,1, , ,N,1,0,0,3,0,1,3,2,N, ,40 01:48.428,75 08:37.006,1300, ,1300, ,0, , , ,0, , , , , ,735330, , , ,2,2,0,0,0,0,0,0,0,0,0,0,2,2,1,0,0,0,0,0,0,0,0,0,0,0,0,0,0,0,0,0,0,0,0,8,0,40.0301,-75.1436, , 
U,64333,2012111774,6,67,67301,2012,10,1,1725,17,1,1,0,7,3,8,8,Y,0,0,0,3,0,0,1,1,N,N,40 00:55.514,75 10:36.256,1731,99,1730,1,1,3,N, ,0,N,U,U,U,U,735341,U,U,U,1,1,0,0,0,0,0,0,0,0,0,0,0,0,0,0,0,0,0,0,0,0,0,0,0,0,0,0,0,0,0,0,0,0,0,0,0,40.0154,-75.1767, , 
 ,64334,2012114393,6,67,67301,2012,10,6,1448,14,1,6,1,7,3, , ,N,0,0,0,3,0,0,1,1,N,N,40 01:45.430,75 11:21.840,1458, ,1453,2,2,5,N, ,0,Y, , , , ,735345, , , ,1,0,0,0,0,0,1,0,0,0,0,0,0,0,1,0,0,0,0,0,0,0,0,0,0,0,0,0,0,0,0,0,0,0,0,9,0,40.0293,-75.1894, , 
 ,64335,2013003705,6,67,67301,2012,12,2,1612,16,1,2,1,4,1, , ,N,0,0,0,3,0,1,2,2,N,N,40 06:26.217,75 01:36.102,1618, ,1614, ,0, ,N, ,0, , , , , ,735364, , , ,2,2,0,0,0,0,0,0,0,0,0,1,1,0,0,0,0,0,0,0,1,0,0,0,0,0,0,0,0,0,0,0,0,0,0,4,0,40.1073,-75.0267, , 
 ,64336,2012120089,6,67,67301,2012,10,1,1425,14,1,2,1,4,1, , ,N,1,2,0,3,0,3,4,4,N,N,39 56:10.274,75 14:04.097,1600, ,1555, ,0, ,N, ,9, , , , , ,735368, , , ,4,1,0,0,1,0,0,2,0,1,1,1,3,0,0,0,0,0,0,0,1,0,0,3,0,1,0,0,0,0,0,0,0,0,0,2,0,39.9362,-75.2345, , 
 ,64337,2013003765,6,67,67301,2012,12,4,1115,11,1,9,0,4,1, , ,N,1,0,0,3,0,0,2,2,N,N,39 55:00.268,75 10:22.919,1124, ,1120, ,0, ,N, ,0, , , , , ,740726, , , ,2,1,0,0,0,0,1,0,0,0,0,0,0,0,0,0,0,0,0,0,0,0,0,0,0,0,0,0,0,0,0,0,0,0,0,0,0,39.9167,-75.173, , 
 ,64338,2013006718,6,67,67301,2012,12,4,1800,18,3,1,0,4,1, , ,N,0,0,0,3,0,0,1,3,N,N,39 59:43.569,75 06:19.840,1802, ,1800, ,0, ,N, ,0, , , , , ,740727, , , ,3,1,0,0,0,0,2,0,0,0,0,0,0,0,0,0,0,0,0,0,0,0,0,0,0,0,0,0,0,0,0,0,0,0,0,0,0,39.9954,-75.1055, , 
 ,64339,2012098649,6,67,67301,2012,9,2,2300,23,3,1,0,1,1, , ,N,0,0,0,3,0,0,2,2,N,N,39 57:28.643,75 10:49.257,2310, ,2306,2,2,3,N, ,0,Y, , , , ,740740, , , ,2,0,0,0,0,2,0,0,0,0,0,0,0,0,0,0,0,0,0,0,1,0,0,0,0,0,0,0,0,0,0,0,0,0,0,0,2,39.958,-75.1803, , 
 ,64340,2012125675,6,67,67301,2012,12,6,1809,18,2,1,1,1,1, , ,N,0,0,0,3,0,2,4,3,N,N,40 02:06.470,75 01:06.342,1913, ,1811, ,0, ,N, ,0, , , , , ,740762, , , ,3,1,0,0,0,0,2,0,0,0,0,2,2,0,0,0,0,0,0,0,0,0,0,0,0,0,0,0,0,0,0,0,0,0,0,4,0,40.0351,-75.0184, , 
 ,64341,2013005306,6,67,67301,2012,12,2,2231,22,3,2,1,7,2, , ,N,0,0,0,3,0,0,1,1,N,N,39 54:41.443,75 09:02.161,2252, ,2241,1,1,2,N, ,0,N, , , , ,740771, , , ,1,1,0,0,0,0,0,0,0,0,0,0,0,0,0,0,0,0,0,0,0,0,0,0,0,0,0,0,0,0,0,0,0,0,0,0,0,39.9115,-75.1506, , 
 ,64342,2012115167,6,67,67301,2012,8,3,1400,14,1,1,0,4,1, , ,N,1,2,0,3,0,1,3,2, , ,40 01:26.924,75 07:59.558,0, ,0, ,0, , , ,9, , , , , ,740776, , , ,2,2,0,0,0,0,0,0,0,0,0,0,1,1,2,0,0,0,0,1,0,0,0,0,0,0,0,0,0,0,0,0,0,0,0,8,0,40.0241,-75.1332, , 
 ,64343,2012122369,6,67,67301,2012,11,2,335,3,3,1,0,1,1, , ,N,1,2,0,3,0,2,2,2,N,N,40 01:48.790,75 05:17.559,339, ,337,2,2,2,N, ,3,Y, , , , ,740781, , , ,2,1,0,0,0,0,1,0,0,0,0,0,1,1,0,0,0,0,0,0,0,0,0,0,0,0,0,0,0,0,0,0,0,0,0,8,0,40.0301,-75.0882, , 
 ,64344,2013006157,6,67,67301,2012,12,7,1652,16,3,1,0,5,1, , ,N,0,8,6,3,0,0,5,2,N,N,40 01:29.731,75 07:46.130,1758, ,1743,3,2,4,N, ,3,N, , , , ,740793, , , ,2,2,0,0,0,0,0,0,0,0,0,0,0,0,1,0,0,0,0,0,0,0,0,0,0,0,0,0,0,0,0,0,0,0,0,9,0,40.0249,-75.1295, , 
 ,64345,2013017589,6,67,67301,2012,12,1,1422,14,1,2,1,6,1, , ,N,1,2,0,3,0,1,3,2,N,N,39 57:44.941,75 12:24.826,1422, ,1420, ,0, , , ,3, , , , , ,740794, , , ,2,2,0,0,0,0,0,0,0,0,0,0,1,1,1,0,0,0,0,0,0,0,1,0,0,0,0,0,0,0,0,0,0,0,0,8,0,39.9625,-75.2067, , 
 ,64346,2012117214,6,67,67301,2012,10,7,1833,18,3,1,0,8,1, , ,N,0,0,0,3,0,1,2,2,N, ,40 00:00.986,75 07:41.469,1920, ,1912, ,0, , , ,0, , , , , ,740802, , , ,1,1,0,0,0,0,0,0,0,0,0,1,1,0,0,0,0,0,0,0,0,0,0,1,0,0,0,0,0,0,0,0,1,0,0,4,0,40.0003,-75.1282, , 
 ,64347,2012117302,6,67,67301,2012,10,3,1300,13,1,1,0,4,1, , ,N,2,0,0,3,0,2,4,2,N,N,40 00:46.062,75 10:28.101,1325, ,1325,1,1,3,N, ,0,N, , , , ,740803, , , ,2,0,0,0,0,0,2,0,0,0,0,2,2,0,0,0,0,0,0,0,0,0,0,0,0,0,0,0,0,0,0,0,0,0,0,4,0,40.0128,-75.1745, , 
 ,64348,2013003695,6,67,67301,2012,12,3,2315,23,3,1,1,1,1, , ,N,2,3,0,3,0,1,2,2,N, ,40 01:12.005,75 09:07.946,2349, ,2348, ,0, , , ,3, , , , , ,740816, , , ,2,1,0,0,0,0,0,0,0,0,0,0,1,1,0,0,0,0,0,0,1,0,0,0,0,0,0,0,0,0,0,0,0,0,0,8,0,40.02,-75.1522, , 
 ,64349,2013006874,6,67,67301,2012,12,4,640,6,5,1,0,4,1, , ,N,1,2,0,3,0,1,2,2,N, ,39 56:59.986,75 09:25.190,645, ,642,2,2,3, , ,3,Y, , , , ,740818, , , ,1,1,0,0,0,0,0,0,1,0,1,0,1,0,0,0,0,0,0,0,0,0,0,0,0,0,0,0,0,0,0,0,0,0,0,3,0,39.95,-75.157, , 
 ,64350,2012121876,6,67,67301,2012,10,3,939,9,1,1,0,1,1, , ,N,2,2,0,3,0,1,3,2,N,N,40 04:21.894,75 11:18.513,1013, ,1010, ,0, ,N, ,3, , , , , ,740826, , , ,2,1,0,0,0,1,0,0,0,0,0,0,1,1,0,0,0,0,0,0,1,0,0,0,0,0,0,0,0,0,0,0,0,0,0,8,1,40.0727,-75.1885, , 
 ,64351,2013003889,6,67,67301,2012,12,1,2114,21,3,8,1,8,1, , ,N,1,2,0,3,0,1,2,2,N,N,39 59:05.715,75 14:13.549,2123, ,2117, ,0, ,N, ,3, , , , , ,740837, , , ,1,1,0,0,0,0,0,0,0,0,0,0,1,1,1,0,0,0,0,0,1,0,0,0,0,0,0,0,0,0,0,0,1,0,0,8,0,39.9849,-75.2371, , 
 ,64352,2013008736,6,67,67301,2012,12,1,1610,16,1,2,1,7,2, , ,N,0,0,0,3,0,0,1,1,N,N,39 56:44.029,75 11:24.448,1620, ,1616,1,1,3,N, ,0,N, , , , ,740854, , , ,1,1,0,0,0,0,0,0,0,0,0,0,0,0,0,0,0,0,0,0,0,0,0,0,0,0,0,0,0,0,0,0,0,0,0,0,0,39.9456,-75.1901, , 
 ,64353,2012099358,6,67,67301,2012,9,3,1605,16,1,1,0,4,1, , ,N,1,2,0,3,0,0,4,2,N,N,40 02:24.861,75 03:30.268,1620, ,1610, ,0, ,N, ,3, , , , , ,740860, , , ,2,1,0,0,1,0,0,0,0,0,0,0,0,0,0,0,0,0,0,1,0,0,0,0,0,0,0,0,0,0,0,0,0,0,0,0,0,40.0402,-75.0584, , 
 ,64354,2012104019,6,67,67301,2012,9,2,1445,14,1,1,0,1,1, , ,N,2,2,2,3,0,2,2,2,N, ,39 57:25.653,75 09:07.343,1500, ,1450, ,0, , , ,3, , , , , ,740861, , , ,2,2,0,0,0,0,0,0,0,0,0,0,2,2,0,0,0,0,0,0,0,0,0,0,0,0,0,0,0,0,0,0,0,0,0,8,0,39.9566,-75.1491, , 
 ,64355,2013004015,6,67,67301,2012,11,3,2209,22,3,1,0,4,1, , ,N,1,2,0,3,0,0,2,2,N, ,39 58:48.450,75 07:59.483,2213, ,2213, ,0, , , ,3, , , , , ,738396, , , ,2,2,0,0,0,0,0,0,0,0,0,0,0,0,0,0,0,0,0,0,0,0,0,0,0,0,0,0,0,0,0,0,0,0,0,0,0,39.9801,-75.1332, , 
 ,64356,2012125174,6,67,67301,2012,10,3,1950,19,3,2,1,7,2, , ,N,0,0,0,3,0,0,1,1,N,N,39 56:15.856,75 08:38.973,2000, ,1953, ,0, ,N, ,0, , , , , ,738409, , , ,1,1,0,0,0,0,0,0,0,0,0,0,0,0,0,0,0,0,0,0,0,0,0,0,0,0,0,0,0,0,0,0,0,0,0,0,0,39.9377,-75.1442, , 
 ,64357,2013003710,6,67,67301,2012,12,3,2004,20,3,1,0,1,1, , ,N,0,2,0,3,0,1,2,2,N,N,40 02:58.865,74 59:17.339,2006, ,2004, ,0, ,N, ,3, , , , , ,738417, , , ,2,2,0,0,0,0,0,0,0,0,0,0,1,1,1,0,0,0,0,0,0,0,0,0,0,0,0,0,0,0,0,0,0,0,0,8,0,40.0497,-74.9881, , 
 ,64358,2013006147,6,67,67301,2012,12,6,228,2,3,1,1,1,4, , ,N,0,0,0,3,0,1,1,3,N,N,40 04:49.789,74 58:12.416,240, ,228,3,2,1,N, ,0,Y, , , , ,738418, , , ,3,1,0,0,0,0,2,0,0,0,0,1,1,0,0,0,0,0,0,0,0,0,0,0,0,0,0,0,0,0,0,0,0,0,0,4,0,40.0805,-74.9701, , 
 ,64359,2012109727,6,67,67301,2012,10,6,1635,16,1,7,0,1,1, , ,N,0,2,0,3,0,1,2,2,N,N,40 03:21.279,75 13:56.992,1807, ,1757, ,0, , , ,3, , , , , ,738420, , , ,2,0,0,0,0,0,0,1,0,0,1,0,1,0,1,0,0,0,0,0,0,0,1,0,0,0,0,0,0,0,0,0,0,0,0,3,0,40.0559,-75.2325, , 
 ,64360,2012109745,6,67,67301,2012,10,6,1700,17,1,1,0,8,1, , ,N,0,9,0,3,0,1,2,2,N,N,40 00:41.180,75 10:54.930,9999, ,1700, ,0, ,N, ,9, , , , , ,738421, , , ,1,1,0,0,0,0,0,0,0,0,1,0,1,0,0,0,0,0,0,0,0,0,0,0,0,0,0,0,0,0,0,0,1,0,0,3,0,40.0114,-75.1819, , 
 ,64361,2012110800,6,67,67301,2012,9,5,1700,17,6,9,0,8,1, , ,N,0,0,0,3,0,1,2,2,N,N,39 57:29.722,75 13:23.966,1634, ,1634, ,0, ,N, ,0, , , , , ,738423, , , ,1,1,0,0,0,0,0,0,0,0,0,1,1,0,0,0,0,0,0,0,0,0,0,0,0,0,0,0,0,0,0,0,1,0,0,4,0,39.9583,-75.2233, , 
 ,64362,2012117204,6,67,67301,2012,10,3,1236,12,1,2,1,2,1, , ,N,0,0,0,3,0,1,3,2,N,N,40 07:03.162,75 00:23.860,1250, ,1247,1,1,6, , ,0,N, , , , ,738465, , , ,2,1,0,0,0,0,0,1,0,0,0,1,1,0,0,0,1,0,0,0,0,0,0,0,0,0,0,0,0,0,0,0,0,0,0,4,0,40.1175,-75.0066, , 
 ,64363,2012120088,6,67,67301,2012,11,5,720,7,1,1,0,4,1, , ,N,1,2,0,3,0,1,2,2,N,N,40 03:15.517,75 02:58.198,740, ,740, ,0, ,N, ,3, , , , , ,738470, , , ,2,1,0,0,0,0,1,0,0,0,0,0,1,1,0,0,0,0,0,0,0,0,0,0,0,0,0,0,0,0,0,0,0,0,0,8,0,40.0542,-75.0493, , 
 ,64364,2013006685,6,67,67301,2012,12,7,1450,14,1,1,0,1,1, , ,N,0,0,0,3,0,2,4,3,N,N,40 07:03.075,75 01:55.329,2310, ,2300, ,0, , , ,0, , , , , ,738480, , , ,3,2,0,0,1,0,0,0,0,0,0,2,2,0,0,0,0,0,0,0,0,0,0,0,0,0,0,0,0,0,0,0,0,0,0,4,0,40.1175,-75.032, , 
 ,64365,2013020993,6,67,67301,2012,10,3,1200,12,1,1,0,1,1, , ,N,0,0,0,3,0,1,2,2, , ,40 06:40.053,75 00:13.105,0, ,0, ,0, , , ,0, , , , , ,738486, , , ,2,2,0,0,0,0,0,0,0,0,0,0,1,1,1,0,0,0,0,0,0,0,0,0,0,0,0,0,0,0,0,0,0,0,0,8,0,40.1111,-75.0036, , 
 ,64366,2012128300,6,67,67301,2012,11,6,1619,16,1,1,0,8,1, , ,N,1,3,0,3,0,1,2,2,N,N,40 05:50.100,75 03:18.964,1635, ,1632, ,0, , , ,3, , , , , ,738492, , , ,1,0,0,0,1,0,0,0,0,0,0,1,1,0,0,0,0,0,0,0,1,0,0,0,0,0,0,0,0,0,0,0,1,0,0,4,0,40.0973,-75.0553, , 
 ,64367,2013004381,6,67,67301,2012,11,5,1800,18,3,1,0,4,1, , ,N,1,2,0,3,0,1,2,2,N,N,40 02:07.030,75 08:43.560,1805, ,1802, ,0, ,N, ,3, , , , , ,738500, , , ,2,1,0,0,0,0,1,0,0,0,0,1,1,0,0,0,0,0,0,0,0,0,1,0,0,0,0,0,0,0,0,0,0,0,0,4,0,40.0352,-75.1455, , 
 ,64368,2012113549,6,67,67301,2012,10,1,1530,15,1,2,1,1,1, , ,N,0,0,0,3,0,0,5,4,N,N,39 56:52.128,75 08:30.618,1644, ,1634, ,0, ,N, ,0, , , , , ,738507, , , ,4,1,0,0,0,0,3,0,0,0,0,0,0,0,0,0,0,0,0,0,0,0,0,0,0,0,0,0,0,0,0,0,0,0,0,0,0,39.9477,-75.1419, , 
 ,64369,2013003653,6,67,67301,2012,10,2,1730,17,1,1,0,0,1, , ,N,1,2,0,3,0,1,2,2,N,N,39 57:45.749,75 09:47.159,1740, ,1730,1,1,3,N, ,3,N, , , , ,738533, , , ,1,1,0,0,0,0,0,0,1,0,0,1,1,0,0,0,0,0,0,0,0,0,0,0,0,0,0,0,0,0,0,0,0,0,0,4,0,39.9627,-75.1631, , 
 ,64370,2012120663,6,67,67301,2012,11,6,444,4,3,1,0,1,1, , ,N,7,0,2,3,0,0,1,2,N,N,39 57:21.022,75 08:26.682,456, ,447, ,0, ,N, ,0, , , , , ,738535, , , ,2,2,0,0,0,0,0,0,0,0,0,0,0,0,0,0,0,0,0,0,0,0,0,0,0,0,0,0,0,0,0,0,0,0,0,0,0,39.9557,-75.1407, , 
 ,64371,2012125181,6,67,67301,2012,12,7,2313,23,3,1,0,1,1, , ,N,0,0,0,3,0,1,9,4,N,N,40 01:18.255,75 02:21.500,2320, ,2313,2,2,1,N, ,0,N, , , , ,738539, , , ,4,3,0,0,0,0,0,1,0,0,0,1,1,0,0,0,0,0,0,0,0,0,0,0,0,0,0,0,0,0,0,0,0,0,0,4,0,40.0217,-75.0395, , 
 ,64372,2012114348,6,67,67301,2012,10,6,9999,99,1,1,0,1,1, , ,N,1,2,0,3,0,3,4,2,N,N,40 00:11.036,75 09:51.469,9999, ,9999, ,0, ,N, ,1, , , , , ,738562, , , ,2,2,0,0,0,0,0,0,0,0,0,0,3,3,0,0,0,0,0,0,1,0,0,0,0,0,0,0,0,0,0,0,0,0,0,8,0,40.0031,-75.1643, , 
 ,64373,2012128151,6,67,67301,2012,11,5,9999,99,1,1,0,1,6, , ,N,0,0,0,3,0,1,1,3,N,N,40 02:52.515,75 08:43.486,9999, ,9999, ,0, ,N, ,0, , , , , ,738603, , , ,3,2,0,0,0,0,1,0,0,0,0,0,1,1,0,0,0,0,0,0,1,0,0,0,0,0,0,0,0,0,0,0,0,0,0,8,0,40.0479,-75.1454, , 
 ,64374,2013003658,6,67,67301,2012,11,4,1256,12,1,1,0,1,1, , ,N,0,0,0,3,0,0,2,2,N,N,40 02:42.357,75 09:51.172,1259, ,1257,9,2,5,N, ,0,Y, , , , ,732849, , , ,2,2,0,0,0,0,0,0,0,0,0,0,0,0,0,0,0,0,0,0,0,0,0,0,0,0,0,0,0,0,0,0,0,0,0,0,0,40.0451,-75.1642, , 
 ,64375,2013006721,6,67,67301,2012,12,6,245,2,3,1,0,4,1, , ,N,0,3,0,3,0,0,2,2,N,N,39 58:11.517,75 12:34.030,300, ,250, ,0, ,N, ,3, , , , , ,732850, , , ,2,1,0,0,1,0,0,0,0,0,0,0,0,0,0,0,0,0,0,0,0,0,0,0,0,0,0,0,0,0,0,0,0,0,0,0,0,39.9699,-75.2095, , 
 ,64376,2013021038,6,67,67301,2012,10,1,1930,19,6,2,1,1,1, , ,N,1,2,0,3,0,1,3,2, , ,40 06:39.135,75 00:12.689,0, ,0, ,0, , , ,3, , , , , ,732852, , , ,2,1,0,0,1,0,0,0,0,0,0,0,1,1,1,0,0,0,0,0,0,0,0,0,0,0,0,0,0,0,0,0,0,0,0,8,0,40.1109,-75.0035, , 
 ,64377,2012098391,6,67,67301,2012,8,7,648,6,1,1,0,1,1, , ,N,0,0,0,3,0,1,3,2,N,N,40 01:11.874,75 09:40.772,659, ,651,1,1,2,N, ,0,N, , , , ,732854, , , ,2,2,0,0,0,0,0,0,0,0,0,0,1,1,0,0,0,1,0,0,0,0,0,1,0,0,0,0,0,0,0,0,0,0,0,8,0,40.02,-75.1613, , 
 ,64378,2012100439,6,67,67301,2012,9,7,1322,13,1,1,0,1,1, , ,N,0,0,0,3,0,2,5,3,N,N,39 57:25.642,75 09:24.898,1355, ,1345,1,2,3,N, ,0,N, , , , ,732857, , , ,3,1,0,0,0,0,1,1,0,0,1,1,2,0,0,0,0,0,0,0,0,0,0,0,0,0,0,0,0,0,0,0,0,0,0,3,0,39.9571,-75.1569, , 