wz_ln_closure,objectid_1,crn,district,county,municipality,crash_year,crash_month,day_of_week,time_of_day,hour_of_day,illumination,weather,road_condition,collision_type,relation_to_road,work_zone_type,work_zone_loc,work_zone_ind,intersect_type,tcd_type,location_type,urban_rural,fatal_count,injury_count,person_count,total_units,sch_bus_ind,sch_zone_ind,latitude,longitude,arrival_tm,cons_zone_spd_lim,dispatch_tm,est_hrs_closed,lane_closed,ln_close_dir,ntfy_hiwy_maint,spec_juris_cd,tcd_func_cd,tfc_detour_ind,workers_pres,wz_close_detour,wz_flagger,wz_law_offcr_ind,objectid,wz_moving,wz_other,wz_shlder_mdn,vehicle_count,automobile_count,motorcycle_count,bus_count,small_truck_count,heavy_truck_count,suv_count,van_count,bicycle_count,maj_inj_count,mod_inj_count,min_inj_count,tot_inj_count,unk_inj_deg_count,unk_inj_per_count,driver_count_16yr,driver_count_17yr,driver_count_18yr,driver_count_19yr,driver_count_20yr,driver_count_50_64yr,driver_count_65_74yr,driver_count_75plus,unbelted_occ_count,unb_death_count,unb_maj_inj_count,belted_death_count,belted_maj_inj_count,mcycle_death_count,mcycle_maj_inj_count,bicycle_death_count,bicycle_maj_inj_count,ped_count,ped_death_count,ped_maj_inj_count,max_severity_level,comm_veh_count,dec_lat,dec_long,rdwy_surf_type_cd,county_name
 ,64379,2012104290,6,67,67301,2012,9,6,630,6,1,1,0,4,1, , ,N,1,3,0,3,0,1,2,2,N,N,40 01:27.609,75 02:57.447,643, ,636, ,0, ,N, ,3, , , , , ,732861, , , ,2,2,0,0,0,0,0,0,0,0,0,1,1,0,0,0,0,0,0,0,1,0,0,0,0,0,0,0,0,0,0,0,0,0,0,4,0,40.0243,-75.0493, , 
 ,64380,2012125562,6,67,67301,2012,10,5,9999,99,4,1,0,8,1, , ,N,1,2,0,3,0,1,1,1,N, ,40 02:27.297,75 11:14.369,0, ,9999, ,0, , , ,3, , , , , ,732877, , , ,1,0,0,0,0,0,1,0,0,0,0,1,1,0,0,0,0,0,0,0,0,0,0,0,0,0,0,0,0,0,0,0,0,0,0,4,0,40.0409,-75.1873, , 
 ,64381,2012129824,6,67,67301,2012,11,5,803,8,1,1,0,1,1, , ,N,0,0,0,3,0,0,3,2,N,N,40 00:05.441,75 11:41.852,815, ,805, ,0, ,N, ,0, , , , , ,732882, , , ,2,1,0,0,0,0,1,0,0,0,0,0,0,0,0,0,0,0,0,0,0,0,0,0,0,0,0,0,0,0,0,0,0,0,0,0,0,40.0015,-75.195, , 
 ,64382,2013009513,6,67,67301,2012,12,7,400,4,3,1,0,7,5, , ,N,7,0,2,3,0,0,1,1,N,N,39 57:41.799,75 10:56.905,400, ,400, ,0, ,N, ,0, , , , , ,732889, , , ,1,1,0,0,0,0,0,0,0,0,0,0,0,0,0,0,0,0,0,0,0,0,0,0,0,0,0,0,0,0,0,0,0,0,0,0,0,39.9616,-75.1825, , 
 ,64383,2012125506,6,67,67301,2012,10,3,9999,99,3,1,0,7,1, , ,N,0,0,0,3,0,0,1,1,N, ,39 58:13.247,75 08:47.865,2309, ,2308, ,0, , , ,0, , , , , ,732893, , , ,1,0,0,0,0,0,1,0,0,0,0,1,1,0,0,0,0,0,0,0,0,1,0,0,0,0,0,0,0,0,0,0,0,0,0,4,0,39.9703,-75.1466, , 
 ,64384,2013006105,6,67,67301,2012,12,2,1751,17,3,1,0,4,1, , ,N,1,2,0,3,0,0,4,2,N,N,40 00:53.164,75 05:07.676,1813, ,1813,3,1,1,N, ,3,N, , , , ,732906, , , ,2,2,0,0,0,0,0,0,0,0,0,0,0,0,0,0,0,0,1,0,0,0,0,0,0,0,0,0,0,0,0,0,0,0,0,0,0,40.0148,-75.0855, , 
 ,64385,2013006826,6,67,67301,2012,12,7,2103,21,3,1,0,5,1, , ,N,0,0,0,3,0,2,4,3,N,N,40 02:05.473,75 04:21.554,2106, ,2104,1,1,2,N, ,0,N, , , , ,732907, , , ,3,3,0,0,0,0,0,0,0,0,0,2,2,0,1,0,0,0,1,0,0,0,0,0,0,0,0,0,0,0,0,0,0,0,0,4,0,40.0349,-75.0727, , 
 ,64386,2013009243,6,67,67301,2012,12,2,1150,11,1,1,0,7,5, , ,N,0,0,0,3,0,1,4,1,N,N,39 55:17.760,75 11:23.913,1200, ,1152, ,0, ,N, ,0, , , , , ,732908, , , ,1,0,0,0,1,0,0,0,0,1,0,0,1,0,0,0,0,0,0,0,0,0,0,0,0,0,0,0,0,0,0,0,0,0,0,2,0,39.9216,-75.19, , 
 ,64387,2012109684,6,67,67301,2012,10,6,800,8,1,1,0,4,1, , ,N,1,3,0,3,0,0,3,2,N,Y,39 58:48.291,75 10:47.557,809, ,805, ,0, , , ,3, , , , , ,732914, , , ,2,2,0,0,0,0,0,0,0,0,0,0,0,0,0,0,0,0,0,0,1,0,0,0,0,0,0,0,0,0,0,0,0,0,0,0,0,39.9801,-75.1799, , 
 ,64388,2013003760,6,67,67301,2012,12,3,1414,14,1,1,0,7,2, , ,N,1,2,0,3,0,1,1,1,N,N,40 08:03.425,75 00:32.780,1610, ,1550, ,0, ,N, ,3, , , , , ,732927, , , ,1,0,1,0,0,0,0,0,0,0,0,1,1,0,0,0,0,0,0,0,0,0,0,0,0,0,0,0,0,0,0,0,0,0,0,4,0,40.1343,-75.0091, , 
 ,64389,2013003949,6,67,67301,2012,12,2,1524,15,1,1,0,4,1, , ,N,1,3,0,3,0,1,2,2,N,N,39 55:29.474,75 10:58.915,1550, ,1540, ,0, ,N, ,3, , , , , ,732928, , , ,1,1,0,0,0,0,0,0,1,0,0,1,1,0,0,0,0,0,0,0,1,0,0,0,0,0,0,0,0,0,0,0,0,0,0,4,0,39.9249,-75.183, , 
 ,64390,2012122400,6,67,67301,2012,10,3,1730,17,4,2,1,1,1, , ,N,0,0,0,3,0,2,2,2,N,N,39 59:06.972,75 14:52.022,9999, ,9999, ,0, ,N, ,0, , , , , ,732930, , , ,2,2,0,0,0,0,0,0,0,0,0,0,2,2,0,0,0,0,0,0,1,0,0,0,0,0,0,0,0,0,0,0,0,0,0,8,0,39.9853,-75.2478, , 
 ,64391,2012128146,6,67,67301,2012,11,6,1814,18,3,1,0,1,1, , ,N,0,2,0,3,0,1,2,2,N, ,40 01:59.703,75 03:48.798,1832, ,1831, ,0, , , ,3, , , , , ,732933, , , ,2,2,0,0,0,0,0,0,0,0,0,1,1,0,0,0,0,0,0,0,0,0,0,0,0,0,0,0,0,0,0,0,0,0,0,4,0,40.0333,-75.0636, , 
 ,64392,2012128229,6,67,67301,2012,11,1,1620,16,4,1,0,4,1, , ,N,5,2,0,3,0,1,3,2,N,N,40 00:09.273,75 05:59.019,9999, ,9999, ,0, ,N, ,3, , , , , ,732934, , , ,2,2,0,0,0,0,0,0,0,0,0,0,1,1,1,0,0,0,0,0,0,0,0,0,0,0,0,0,0,0,0,0,0,0,0,8,0,40.0026,-75.0997, , 
 ,64393,2012125552,6,67,67301,2012,11,2,1705,17,3,1,0,1,1, , ,N,0,0,0,3,0,1,2,2,N,N,40 07:06.690,75 00:25.257,1720, ,1710, ,0, ,N, ,0, , , , , ,735374, , , ,2,2,0,0,0,0,0,0,0,0,0,0,1,1,0,0,0,0,0,0,1,0,0,0,0,0,0,0,0,0,0,0,0,0,0,8,0,40.1185,-75.007, , 
 ,64394,2013006127,6,67,67301,2012,12,7,310,3,3,1,0,4,1, , ,N,1,2,0,3,0,0,5,2,N,N,40 01:48.464,75 02:06.579,310, ,310, ,0, ,N, ,3, , , , , ,735384, , , ,2,1,0,0,0,0,1,0,0,0,0,0,0,0,0,0,0,0,0,1,0,0,0,0,0,0,0,0,0,0,0,0,0,0,0,0,0,40.0301,-75.0352, , 
 ,64395,2012122423,6,67,67301,2012,11,4,1417,14,1,2,1,4,1, , ,N,1,2,0,3,0,4,5,2,N,N,40 02:25.817,75 03:32.713,1441, ,1420,1,1,2,N, ,3,N, , , , ,735398, , , ,2,2,0,0,0,0,0,0,0,0,0,4,4,0,0,0,0,0,0,0,1,0,0,0,0,0,0,0,0,0,0,0,0,0,0,4,0,40.0405,-75.0589, , 
 ,64396,2012129059,6,67,67301,2012,11,2,1930,19,3,1,0,5,6, , ,N,0,0,0,3,0,1,2,2,N,N,39 59:37.158,75 09:58.118,1935, ,1930, ,0, ,N, ,0, , , , , ,735403, , , ,2,1,0,0,0,0,0,1,0,0,0,1,1,0,0,0,0,0,0,0,1,0,0,0,0,0,0,0,0,0,0,0,0,0,0,4,0,39.9937,-75.1661, , 
 ,64397,2013012002,6,67,67301,2012,12,4,814,8,1,1,0,7,3, , ,N,0,0,0,3,0,1,1,1,N,N,40 02:43.626,75 13:04.142,816, ,814, ,0, ,N, ,0, , , , , ,735411, , , ,1,1,0,0,0,0,0,0,0,0,0,1,1,0,0,0,0,0,0,0,1,0,0,0,0,0,0,0,0,0,0,0,0,0,0,4,0,40.0455,-75.2178, , 
 ,64398,2013004003,6,67,67301,2012,11,6,1003,10,1,1,0,1,6, , ,N,0,0,0,3,0,0,1,4,N,N,40 02:33.892,75 00:40.921,1010, ,1005, ,0, ,N, ,0, , , , , ,735422, , , ,4,1,0,0,3,0,0,0,0,0,0,0,0,0,1,0,0,0,0,0,0,0,0,0,0,0,0,0,0,0,0,0,0,0,0,9,0,40.0427,-75.0114, , 
 ,64399,2012120119,6,67,67301,2012,10,7,1140,11,1,1,0,4,1, , ,N,1,3,7,3,0,1,3,2,N,N,39 55:38.416,75 08:41.201,1145, ,1142, ,0, ,N, ,3, , , , , ,735428, , , ,2,2,0,0,0,0,0,0,0,0,0,1,1,0,0,0,0,0,0,0,0,1,0,1,0,0,0,0,0,0,0,0,0,0,0,4,0,39.9273,-75.1448, , 
 ,64400,2012085321,6,67,67301,2012,7,2,9999,99,1,1,0,4,1, , ,N,1,2,0,3,0,1,2,2,N,N,40 01:03.525,75 03:33.421,1750, ,1747, ,0, ,N, ,3, , , , , ,735434, , , ,1,0,0,0,0,0,0,1,1,0,0,0,1,1,0,0,0,0,0,0,0,0,0,0,0,0,0,0,0,0,0,0,0,0,0,8,0,40.0176,-75.0593, , 
 ,64401,2012112629,6,67,67301,2012,9,2,1530,15,1,1,0,4,1, , ,N,5,2,0,3,0,2,2,2,N,N,39 57:40.649,75 08:53.474,1604, ,1551,3,2,2,N, ,3,Y, , , , ,735460, , , ,2,0,0,0,1,0,1,0,0,0,0,1,2,1,0,0,0,0,0,0,1,0,0,0,0,0,0,0,0,0,0,0,0,0,0,4,0,39.9614,-75.1482, , 
 ,64402,2012110945,6,67,67301,2012,11,6,1310,13,1,1,0,5,1, , ,N,0,0,0,3,0,1,3,3,N,N,39 58:19.292,75 11:36.834,1317, ,1311,1,1,3,N, ,0,N, , , , ,735468, , , ,3,1,0,0,0,1,1,0,0,0,0,1,1,0,0,0,0,0,0,0,0,0,0,0,0,0,0,0,0,0,0,0,0,0,0,4,1,39.972,-75.1936, , 
 ,64403,2012121746,6,67,67301,2012,12,7,2225,22,3,1,0,1,1, , ,N,0,0,0,3,0,0,2,2,N,N,39 57:34.568,75 10:35.917,2242, ,2235,1,1,3,N, ,0,N, , , , ,735477, , , ,2,2,0,0,0,0,0,0,0,0,0,0,0,0,0,0,0,0,0,0,0,0,0,0,0,0,0,0,0,0,0,0,0,0,0,0,0,39.9596,-75.1766, , 
 ,64404,2012072772,6,67,67301,2012,7,1,1159,11,1,1,0,7,2, , ,N,0,0,2,3,0,0,1,1,N,N,40 02:50.259,74 59:56.404,1213, ,1202, ,0, ,N, ,0, , , , , ,735482, , , ,1,1,0,0,0,0,0,0,0,0,0,0,0,0,0,0,0,0,0,0,1,0,0,0,0,0,0,0,0,0,0,0,0,0,0,0,0,40.0473,-74.999, , 
 ,64405,2012085802,6,67,67301,2012,8,1,2135,21,3,1,0,4,1, , ,N,1,2,0,3,0,1,3,2,N,N,40 01:32.421,75 01:53.914,2216, ,2211, ,0, ,N, ,3, , , , , ,735525, , , ,2,1,0,0,0,0,1,0,0,0,0,1,1,0,0,0,0,0,0,0,1,0,0,0,0,0,0,0,0,0,0,0,0,0,0,4,0,40.0257,-75.0316, , 
 ,64406,2012085853,6,67,67301,2012,7,6,1530,15,1,1,0,4,1, , ,N,2,2,0,3,1,1,6,2,N,N,39 56:45.926,75 11:54.625,1611, ,1609, ,0, ,N,0,3, , , , , ,735526, , , ,2,0,1,0,0,0,1,0,0,0,0,1,1,0,0,0,0,0,0,0,2,0,0,0,0,0,0,0,1,0,0,0,0,0,0,1,0,39.9461,-75.1985,2, 
 ,64407,2012125476,6,67,67301,2012,11,5,902,9,1,1,1,4,1, , ,N,1,3,0,3,0,2,3,2,N,N,40 03:03.189,75 02:54.398,911, ,902,1,1,1,N, ,3,N, , , , ,735543, , , ,2,2,0,0,0,0,0,0,0,0,0,2,2,0,1,0,0,0,0,0,1,0,0,0,0,0,0,0,0,0,0,0,0,0,0,4,0,40.0509,-75.0484, , 
 ,64408,2013003960,6,67,67301,2012,11,6,1125,11,1,1,0,4,1, , ,N,1,0,0,3,0,1,5,2,N,N,39 55:11.208,75 11:17.768,1140, ,1135,2,1,4,N, ,0,Y, , , , ,735555, , , ,2,1,0,0,0,0,0,1,0,0,0,1,1,0,0,0,0,0,0,0,1,0,0,0,0,0,0,0,0,0,0,0,0,0,0,4,0,39.9198,-75.1883, , 
 ,64409,2012122455,6,67,67301,2012,11,1,1227,12,1,1,0,4,1, , ,N,1,3,0,3,0,1,2,2,N,N,40 02:39.436,75 05:46.838,1231, ,1228,1,2,7,N, ,3,Y, , , , ,735561, , , ,2,2,0,0,0,0,0,0,0,0,0,1,1,0,0,0,0,0,0,0,0,0,0,0,0,0,0,0,0,0,0,0,0,0,0,4,0,40.0443,-75.0963, , 
 ,64410,2013006093,6,67,67301,2012,12,1,1700,17,4,1,0,8,1, , ,N,0,3,0,3,0,1,2,2,N,N,40 01:54.696,75 12:32.349,1802, ,1755, ,0, ,N, ,3, , , , , ,735577, , , ,1,1,0,0,0,0,0,0,0,0,0,1,1,0,1,0,0,0,0,0,0,0,0,1,0,0,0,0,0,0,0,0,1,0,0,4,0,40.0319,-75.209, , 
 ,64411,2012114874,6,67,67301,2012,10,7,1444,14,1,1,0,4,1, , ,N,1,2,0,3,0,1,2,2,N,N,40 01:47.421,75 06:15.635,1450, ,1447,2,1,2,N, ,3,N, , , , ,740869, , , ,2,1,0,0,0,0,1,0,0,0,0,0,1,1,0,0,0,0,0,0,1,0,0,0,0,0,0,0,0,0,0,0,0,0,0,8,0,40.03,-75.1043, , 
 ,64412,2012117233,6,67,67301,2012,10,2,1,0,3,1,1,1,1, , ,N,0,0,0,3,0,2,5,3,N, ,40 01:11.112,75 08:57.181,5, ,1,1,2,1, , ,0,N, , , , ,740872, , , ,3,3,0,0,0,0,0,0,0,0,0,2,2,0,0,0,0,0,0,0,0,0,0,0,0,0,0,0,0,0,0,0,0,0,0,4,0,40.0198,-75.1492, , 
 ,64413,2013006841,6,67,67301,2012,11,3,9999,99,1,2,1,8,1, , ,N,0,0,0,3,0,1,2,2,N, ,40 03:07.713,75 04:22.072,1039, ,1039, ,0, , , ,0, , , , , ,740887, , , ,1,1,0,0,0,0,0,0,0,0,0,1,1,0,0,0,0,0,0,0,0,0,0,0,0,0,0,0,0,0,0,0,1,0,0,4,0,40.0521,-75.0728, , 
 ,64414,2012109763,6,67,67301,2012,10,6,1710,17,1,1,0,8,1, , ,N,1,3,0,3,0,1,2,2,N, ,39 54:56.949,75 10:29.334,1735, ,1730, ,0, , , ,3, , , , , ,740892, , , ,1,0,0,0,1,0,0,0,0,0,1,0,1,0,0,0,0,0,0,0,1,0,0,1,0,0,0,0,0,0,0,0,1,0,0,3,0,39.9158,-75.1749, , 
 ,64415,2012125531,6,67,67301,2012,11,6,1336,13,1,1,0,8,1, , ,N,1,2,0,3,0,1,2,2,N, ,40 04:35.200,75 01:57.222,1344, ,1338,1,1,1, , ,3,N, , , , ,740902, , , ,1,0,0,0,0,0,1,0,0,0,0,1,1,0,0,0,0,0,0,0,1,0,0,0,0,0,0,0,0,0,0,0,1,0,0,4,0,40.0765,-75.0327, , 
 ,64416,2013003890,6,67,67301,2012,12,6,130,1,3,2,1,4,4, , ,N,1,0,0,3,0,1,2,2,N,N,40 00:49.615,75 09:30.624,1600, ,1600, ,0, ,N, ,0, , , , , ,740909, , , ,2,1,0,0,0,0,1,0,0,0,0,1,1,0,1,0,0,0,0,0,0,0,0,0,0,0,0,0,0,0,0,0,0,0,0,4,0,40.0136,-75.1587, , 
 ,64417,2012120051,6,67,67301,2012,10,1,1935,19,3,2,1,4,1, , ,N,5,2,0,3,0,0,4,2,N,N,39 57:47.143,75 11:23.844,1937, ,1935, ,0, ,N, ,3, , , , , ,740934, , , ,2,2,0,0,0,0,0,0,0,0,0,0,0,0,0,0,0,0,0,1,0,0,0,0,0,0,0,0,0,0,0,0,0,0,0,0,0,39.9631,-75.1899, , 
 ,64418,2012085443,6,67,67301,2012,8,5,919,9,1,1,0,1,1, , ,N,0,0,0,3,0,2,8,4,N,N,39 57:26.412,75 09:28.180,931, ,923,1,1,4,N, ,0,N, , , , ,740963, , , ,4,2,0,0,0,0,1,0,0,0,0,2,2,0,1,0,0,0,0,0,0,0,0,0,0,0,0,0,0,0,0,0,0,0,0,4,0,39.9573,-75.1578, , 
 ,64419,2012098384,6,67,67301,2012,9,7,2307,23,3,1,0,7,5, , ,N,1,2,0,3,0,0,1,1,N, ,40 02:12.681,75 07:15.877,2340, ,2307, ,0, , , ,3, , , , , ,740973, , , ,1,1,0,0,0,0,0,0,0,0,0,0,0,0,0,0,0,0,0,0,0,0,0,0,0,0,0,0,0,0,0,0,0,0,0,0,0,40.0369,-75.1211, , 
 ,64420,2012115479,6,67,67301,2012,11,4,1848,18,3,1,0,0,1, , ,N,6,0,2,3,0,1,1,1,N,N,39 59:24.547,75 05:13.743,1915, ,1859,1,2,2,N, ,0,N, , , , ,741002, , , ,1,0,1,0,0,0,0,0,0,0,1,0,1,0,0,0,0,0,0,0,0,0,0,0,0,0,0,0,0,0,0,0,0,0,0,3,0,39.9931,-75.0852, , 
 ,64421,2012125500,6,67,67301,2012,11,6,1024,10,1,1,0,4,1, , ,N,2,2,0,3,0,1,1,2,N,N,39 57:19.443,75 10:16.111,1028, ,1026, ,0, , , ,3, , , , , ,741009, , , ,1,0,0,1,0,0,0,0,1,0,0,0,1,1,0,0,0,0,0,0,0,0,0,0,0,0,0,0,0,0,0,0,0,0,0,8,1,39.9554,-75.1711, , 
 ,64422,2012125504,6,67,67301,2012,11,5,726,7,1,1,0,1,1, , ,N,1,2,0,3,0,1,4,2,N,N,40 06:46.747,75 01:23.201,900, ,821, ,0, ,N, ,3, , , , , ,741010, , , ,2,2,0,0,0,0,0,0,0,0,0,0,1,1,1,0,0,0,0,0,0,0,0,0,0,0,0,0,0,0,0,0,0,0,0,8,0,40.113,-75.023, , 
 ,64423,2013006723,6,67,67301,2012,12,2,2043,20,3,1,0,7,5, , ,N,1,0,0,3,0,0,2,1,N,N,39 55:17.340,75 08:50.248,2045, ,2044, ,0, ,N, ,0, , , , , ,741018, , , ,1,0,0,0,0,0,1,0,0,0,0,0,0,0,0,0,0,0,0,0,0,0,0,0,0,0,0,0,0,0,0,0,0,0,0,0,0,39.9215,-75.1473, , 
 ,64424,2012098310,6,67,67301,2012,9,5,1835,18,4,1,0,8,1, , ,N,0,0,0,3,0,1,1,2,N,N,39 59:30.616,75 06:49.694,2110, ,2110, ,0, , , ,0, , , , , ,741024, , , ,1,0,0,0,1,0,0,0,0,0,0,1,1,0,0,0,0,0,0,0,0,0,0,0,0,0,0,0,0,0,0,0,1,0,0,4,0,39.9918,-75.1138, , 
 ,64425,2012128247,6,67,67301,2012,11,7,1710,17,3,1,0,6,1, , ,N,1,2,0,3,0,0,2,2,N, ,40 01:43.107,75 12:20.348,9999, ,1720, ,0, , , ,3, , , , , ,741052, , , ,2,2,0,0,0,0,0,0,0,0,0,0,0,0,0,0,0,0,0,0,1,0,0,0,0,0,0,0,0,0,0,0,0,0,0,0,0,40.0287,-75.2055, , 
 ,64426,2013006698,6,67,67301,2012,12,6,2317,23,3,1,0,4,1, , ,N,1,2,0,3,0,0,2,2,N,N,40 01:38.505,75 05:56.834,2326, ,2319,9,1,1,N, ,3,N, , , , ,741061, , , ,2,2,0,0,0,0,0,0,0,0,0,0,0,0,0,0,0,0,0,0,0,0,0,0,0,0,0,0,0,0,0,0,0,0,0,0,0,40.0274,-75.0991, , 
 ,64427,2013029690,6,67,67301,2012,12,4,1202,12,1,1,0,8,1, , ,N,2,2,0,3,0,1,2,2,N,N,40 01:45.754,75 06:22.752,1204, ,1203,3,2,4,N, ,3,Y, , , , ,741064, , , ,1,1,0,0,0,0,0,0,0,1,0,0,1,0,0,0,0,0,0,0,0,0,0,0,0,0,0,0,0,0,0,0,1,0,1,2,0,40.0294,-75.1063, , 
 ,64428,2012115352,6,67,67301,2012,10,1,508,5,3,1,0,7,2, , ,N,0,0,0,3,0,1,1,1,N, ,40 05:57.432,75 02:42.603,508, ,508, ,0, , , ,0, , , , , ,741065, , , ,1,1,0,0,0,0,0,0,0,0,1,0,1,0,0,0,0,0,0,0,0,0,0,0,0,0,0,0,0,0,0,0,0,0,0,3,0,40.0993,-75.0452, , 
 ,64429,2012115171,6,67,67301,2012,9,6,1730,17,1,1,0,1,1, , ,N,2,0,0,3,0,1,2,2,N,N,39 59:38.856,75 14:29.980,0, ,0, ,0, ,N, ,0, , , , , ,741095, , , ,2,2,0,0,0,0,0,0,0,0,1,0,1,0,1,0,0,0,0,0,0,0,0,0,0,0,0,0,0,0,0,0,0,0,0,3,0,39.994,-75.2416, , 
 ,64430,2013006162,6,67,67301,2012,12,3,1708,17,3,1,0,4,1, , ,N,1,2,0,3,0,1,3,2,N,N,40 02:26.028,75 10:43.376,1729, ,1720, ,0, ,N, ,3, , , , , ,738626, , , ,2,1,1,0,0,0,0,0,0,1,0,0,1,0,0,0,0,0,0,0,1,0,0,0,0,0,0,0,0,1,0,0,0,0,0,2,0,40.0406,-75.1787, , 
 ,64431,2013006758,6,67,67301,2012,12,5,2229,22,3,2,1,4,1, , ,N,1,2,0,3,0,1,4,2,N,N,39 54:13.685,75 10:25.724,2235, ,2234, ,0, ,N, ,3, , , , , ,738627, , , ,2,2,0,0,0,0,0,0,0,0,0,1,1,0,0,0,0,0,0,0,0,0,0,0,0,0,0,0,0,0,0,0,0,0,0,4,0,39.9038,-75.1738, , 
 ,64432,2013019949,6,67,67301,2012,12,4,745,7,1,1,0,4,1, , ,N,1,2,0,3,0,1,2,2,N,N,40 01:27.102,75 05:43.897,0, ,0, ,0, ,N, ,3, , , , , ,738630, , , ,2,0,0,0,0,0,1,1,0,0,0,1,1,0,0,0,0,0,0,0,0,0,0,0,0,0,0,0,0,0,0,0,0,0,0,4,0,40.0242,-75.0955, , 
 ,64433,2013003649,6,67,67301,2012,12,1,234,2,3,1,0,8,1, , ,N,0,2,0,3,0,1,2,2,N,N,39 54:13.325,75 10:25.801,234, ,234, ,0, ,N, ,3, , , , , ,738640, , , ,1,0,0,0,0,0,1,0,0,0,1,0,1,0,0,0,0,0,0,0,0,0,0,0,0,0,0,0,0,0,0,0,1,0,0,3,0,39.9037,-75.1738, , 
 ,64434,2013011295,6,67,67301,2012,12,3,2017,20,3,1,0,8,4, , ,N,0,0,7,3,1,0,2,2,N,N,39 59:32.903,75 06:40.589,2025, ,2018, ,0, ,N,0,0, , , , , ,738645, , , ,1,1,0,0,0,0,0,0,0,0,0,0,0,0,0,0,0,0,0,0,0,0,0,0,0,0,0,0,0,0,0,0,1,1,0,1,0,39.9925,-75.1113,2, 
 ,64435,2013012133,6,67,67301,2012,12,2,1150,11,1,1,0,5,1, , ,N,0,0,0,3,0,0,3,3,N,N,39 59:45.855,75 06:51.037,1210, ,1200, ,0, ,N, ,0, , , , , ,738646, , , ,3,2,0,0,0,0,0,1,0,0,0,0,0,0,1,0,0,0,0,0,0,0,0,0,0,0,0,0,0,0,0,0,0,0,0,9,0,39.9961,-75.1142, , 
 ,64436,2012104122,6,67,67301,2012,9,3,600,6,1,2,1,2,1, , ,N,1,2,0,3,0,1,1,2,N,N,40 01:32.333,75 10:54.003,808, ,802,3,1,1,N, ,3,N, , , , ,738686, , , ,2,1,0,0,0,0,1,0,0,0,0,1,1,0,0,0,0,0,0,0,0,0,0,0,0,0,0,0,0,0,0,0,0,0,0,4,0,40.0256,-75.1817, , 
 ,64437,2012122339,6,67,67301,2012,11,3,950,9,1,2,1,4,1, , ,N,0,8,0,3,0,1,3,2,N,N,39 58:35.549,75 11:34.011,957, ,950,2,2,7,N, ,3,Y, , , , ,738704, , , ,2,2,0,0,0,0,0,0,0,0,0,0,1,1,0,0,0,0,0,0,1,0,0,0,0,0,0,0,0,0,0,0,0,0,0,8,0,39.9765,-75.1928, , 
 ,64438,2012128532,6,46,46102,2012,12,1,2026,20,3,2,1,1,1, , ,N,1,2,0,3,0,1,3,3,N,N,40 03:55.027,75 05:25.289,2026, ,2026, ,0, ,N, ,3, , , , , ,738710, , , ,3,2,0,0,0,0,1,0,0,0,0,1,1,0,0,0,0,0,0,0,0,0,0,0,0,0,0,0,0,0,0,0,0,0,0,4,0,40.0653,-75.0904, , 
 ,64439,2012109800,6,67,67301,2012,10,3,1420,14,1,1,0,1,6, , ,N,0,0,0,3,0,1,2,2,N,N,39 55:16.942,75 09:00.000,1445, ,1439, ,0, ,N, ,0, , , , , ,738719, , , ,2,1,0,0,0,0,1,0,0,0,0,1,1,0,0,0,0,0,0,0,1,0,0,0,0,0,0,0,0,0,0,0,0,0,0,4,0,39.9214,-75.15, , 
 ,64440,2012114791,6,67,67301,2012,11,5,1121,11,1,1,0,1,1, , ,N,0,0,0,3,0,0,5,2,N,N,40 01:48.148,75 06:13.600,1145, ,1122,3,1,2,N, ,0,N, , , , ,738724, , , ,2,0,0,0,0,2,0,0,0,0,0,0,0,0,0,0,0,0,0,0,1,0,0,0,0,0,0,0,0,0,0,0,0,0,0,0,0,40.03,-75.1038, , 
 ,64441,2012127755,6,67,67301,2012,11,6,830,8,1,1,0,1,1, , ,N,1,0,0,3,0,2,2,2,N, ,40 03:25.171,75 04:53.605,830, ,830, ,0, , , ,0, , , , , ,738740, , , ,2,1,0,0,1,0,0,0,0,0,0,2,2,0,0,0,0,0,0,0,0,0,0,0,0,0,0,0,0,0,0,0,0,0,0,4,0,40.057,-75.0816, , 
 ,64442,2012128224,6,67,67301,2012,11,4,1020,10,1,1,0,8,1, , ,N,1,3,0,3,0,1,1,2,N,N,40 03:14.403,75 10:58.709,1020, ,1020, ,0, ,N, ,3, , , , , ,738741, , , ,1,1,0,0,0,0,0,0,0,0,1,0,1,0,0,0,0,0,0,0,0,0,0,0,0,0,0,0,0,0,0,0,1,0,0,3,0,40.054,-75.183, , 
 ,64443,2013004396,6,67,67301,2012,12,3,1320,13,1,1,0,4,1, , ,N,0,8,0,3,0,3,3,2,N,N,40 01:05.121,75 10:14.986,1326, ,1324,3,2,4,N, ,3,N, , , , ,738747, , , ,2,2,0,0,0,0,0,0,0,0,1,2,3,0,0,0,0,0,0,0,0,0,0,0,0,0,0,0,0,0,0,0,0,0,0,3,0,40.0181,-75.1708, , 
 ,64444,2013019973,6,67,67301,2012,11,5,230,2,6,1,0,1,1, , ,N,1,0,0,3,0,1,2,2,N,N,40 01:14.947,75 04:47.581,0, ,0, ,0, ,N, ,0, , , , , ,738749, , , ,2,2,0,0,0,0,0,0,0,0,0,0,1,1,1,0,0,0,0,0,1,0,0,0,0,0,0,0,0,0,0,0,0,0,0,8,0,40.0208,-75.0799, , 