wz_ln_closure,objectid_1,crn,district,county,municipality,crash_year,crash_month,day_of_week,time_of_day,hour_of_day,illumination,weather,road_condition,collision_type,relation_to_road,work_zone_type,work_zone_loc,work_zone_ind,intersect_type,tcd_type,location_type,urban_rural,fatal_count,injury_count,person_count,total_units,sch_bus_ind,sch_zone_ind,latitude,longitude,arrival_tm,cons_zone_spd_lim,dispatch_tm,est_hrs_closed,lane_closed,ln_close_dir,ntfy_hiwy_maint,spec_juris_cd,tcd_func_cd,tfc_detour_ind,workers_pres,wz_close_detour,wz_flagger,wz_law_offcr_ind,objectid,wz_moving,wz_other,wz_shlder_mdn,vehicle_count,automobile_count,motorcycle_count,bus_count,small_truck_count,heavy_truck_count,suv_count,van_count,bicycle_count,maj_inj_count,mod_inj_count,min_inj_count,tot_inj_count,unk_inj_deg_count,unk_inj_per_count,driver_count_16yr,driver_count_17yr,driver_count_18yr,driver_count_19yr,driver_count_20yr,driver_count_50_64yr,driver_count_65_74yr,driver_count_75plus,unbelted_occ_count,unb_death_count,unb_maj_inj_count,belted_death_count,belted_maj_inj_count,mcycle_death_count,mcycle_maj_inj_count,bicycle_death_count,bicycle_maj_inj_count,ped_count,ped_death_count,ped_maj_inj_count,max_severity_level,comm_veh_count,dec_lat,dec_long,rdwy_surf_type_cd,county_name
 ,64512,2012129836,6,67,67301,2012,12,6,1725,17,3,1,0,1,1, , ,N,0,0,0,3,0,1,3,3,N,N,40 01:14.273,75 02:35.006,1747, ,1731, ,0, ,N, ,0, , , , , ,738877, , , ,3,3,0,0,0,0,0,0,0,0,0,1,1,0,1,0,0,0,0,0,0,0,0,0,0,0,0,0,0,0,0,0,0,0,0,4,0,40.0206,-75.043, , 
 ,64513,2013004013,6,67,67301,2012,11,6,1755,17,3,1,0,1,1, , ,N,0,0,0,3,0,1,3,2,N, ,39 55:10.847,75 13:19.442,1805, ,1802,2,2,1, , ,0,Y, , , , ,738901, , , ,2,2,0,0,0,0,0,0,0,0,0,1,1,0,0,0,0,0,0,0,1,0,0,1,0,0,0,0,0,0,0,0,0,0,0,4,0,39.9197,-75.2221, , 
 ,64514,2012120036,6,67,67301,2012,10,4,630,6,3,2,1,4,1, , ,N,1,2,0,3,0,1,2,2,N,N,40 05:40.346,75 00:54.155,635, ,630,1,1,1,N, ,3,N, , , , ,738906, , , ,2,2,0,0,0,0,0,0,0,0,0,1,1,0,0,0,0,0,0,0,1,0,0,0,0,0,0,0,0,0,0,0,0,0,0,4,0,40.0945,-75.015, , 
 ,64515,2013003495,6,67,67301,2012,11,3,2250,22,3,1,0,7,5, , ,N,0,0,0,3,0,1,1,1,N,N,39 57:56.869,75 08:10.562,2301, ,2254,1,1,1,Y, ,0,N, , , , ,738914, , , ,1,1,0,0,0,0,0,0,0,0,0,1,1,0,0,0,0,0,0,0,0,0,0,0,0,0,0,0,0,0,0,0,0,0,0,4,0,39.9657,-75.1364, , 
 ,64516,2013006787,6,67,67301,2012,4,3,505,5,3,1,0,6,6, , ,N,0,0,0,3,0,1,1,2,N,N,39 59:07.282,75 10:54.380,515, ,512, ,0, ,N, ,0, , , , , ,738915, , , ,2,2,0,0,0,0,0,0,0,0,0,1,1,0,0,0,0,0,0,0,0,0,0,0,0,0,0,0,0,0,0,0,0,0,0,4,0,39.9854,-75.1818, , 
 ,64517,2012109769,6,67,67301,2012,9,6,1957,19,3,1,0,8,1, , ,N,1,2,0,3,0,1,2,2,N, ,39 57:32.371,75 10:26.147,2000, ,1957, ,0, , , ,3, , , , , ,738922, , , ,1,1,0,0,0,0,0,0,0,0,1,0,1,0,0,0,0,0,0,0,0,0,0,0,0,0,0,0,0,0,0,0,1,0,0,3,0,39.959,-75.1739, , 
 ,64518,2012120083,6,67,67301,2012,11,2,1935,19,3,1,0,8,1, , ,N,1,0,0,3,0,1,2,2,N,N,39 57:50.500,75 11:51.107,2000, ,1957, ,0, ,N, ,0, , , , , ,738935, , , ,1,1,0,0,0,0,0,0,0,0,1,0,1,0,0,0,0,0,0,0,0,0,0,0,0,0,0,0,0,0,0,0,1,0,0,3,0,39.964,-75.1975, , 
 ,64519,2013012031,6,67,67301,2012,12,5,1930,19,3,1,0,8,1, , ,N,0,0,0,3,0,0,1,3,N,N,40 01:10.249,75 06:53.326,1935, ,1930, ,0, ,N, ,0, , , , , ,738953, , , ,3,1,0,0,1,0,1,0,0,0,0,0,0,0,0,0,0,0,0,0,0,0,0,0,0,0,0,0,0,0,0,0,0,0,0,0,0,40.0195,-75.1148, , 
 ,64520,2012119837,6,67,67301,2012,11,4,640,6,1,1,0,5,1, , ,N,6,0,2,3,0,0,2,2,N,N,39 57:26.617,75 08:49.702,644, ,644,1,1,3,N, ,0,N, , , , ,738957, , , ,2,0,0,0,0,1,1,0,0,0,0,0,0,0,0,0,0,0,0,1,1,0,0,0,0,0,0,0,0,0,0,0,0,0,0,0,0,39.9574,-75.1471, , 
 ,64521,2012078147,6,67,67301,2012,7,4,220,2,3,1,0,5,1, , ,N,2,3,0,3,0,2,4,2,N,N,39 57:30.099,75 12:31.409,230, ,224, ,0, ,N, ,3, , , , , ,738978, , , ,2,2,0,0,0,0,0,0,0,0,0,2,2,0,0,0,0,0,0,0,0,0,0,0,0,0,0,0,0,0,0,0,0,0,0,4,0,39.9584,-75.2087, , 
 ,64522,2013074894,6,67,67301,2012,12,7,318,3,3,2,1,4,1, , ,N,0,8,3,3,0,0,1,2,N,N,39 57:35.530,75 10:43.534,318, ,318,1,1,3,N, ,3,N, , , , ,733087, , , ,2,2,0,0,0,0,0,0,0,0,0,0,0,0,0,0,0,0,0,0,0,0,0,1,0,0,0,0,0,0,0,0,0,0,0,0,0,39.9599,-75.1788, , 
 ,64523,2012122431,6,67,67301,2012,11,5,1155,11,1,1,0,5,1, , ,N,0,0,0,3,0,0,3,3,N,N,39 59:57.015,75 06:19.666,1158, ,1155, ,0, ,N, ,0, , , , , ,733102, , , ,3,2,0,0,0,0,1,0,0,0,0,0,0,0,1,0,0,0,0,0,0,1,0,0,0,0,0,0,0,0,0,0,0,0,0,9,0,39.9992,-75.1055, , 
 ,64524,2012128198,6,67,67301,2012,11,7,1550,15,1,1,0,8,1, , ,N,0,0,0,3,0,1,2,2,N,N,39 56:11.248,75 13:14.588,1557, ,1557, ,0, ,N, ,0, , , , , ,733108, , , ,1,1,0,0,0,0,0,0,0,0,0,1,1,0,0,0,0,0,0,0,0,0,0,0,0,0,0,0,0,0,0,0,1,0,0,4,0,39.9365,-75.2207, , 
 ,64525,2013006134,6,67,67301,2012,12,7,204,2,3,1,0,4,1, , ,N,1,2,0,3,0,1,4,2,N,N,39 55:39.169,75 09:19.965,206, ,204, ,0, ,N, ,3, , , , , ,733119, , , ,2,2,0,0,0,0,0,0,0,0,0,1,1,0,1,0,0,0,0,0,0,0,0,0,0,0,0,0,0,0,0,0,0,0,0,4,0,39.9275,-75.1555, , 
 ,64526,2012049663,6,67,67301,2012,4,7,1400,14,1,1,0,4,1, , ,N,1,2,0,3,0,4,5,2,N, ,40 00:27.630,75 04:33.776,1413, ,1408,3,2,7, , ,3,Y, , , , ,733129, , , ,2,1,0,0,0,0,0,1,0,0,0,0,4,4,0,0,0,0,1,0,0,0,0,0,0,0,0,0,0,0,0,0,0,0,0,8,0,40.0077,-75.076, , 
 ,64527,2012061213,6,67,67301,2012,3,3,1125,11,1,1,0,4,1, , ,N,1,2,0,3,0,1,2,2,N,N,39 55:30.716,75 10:33.742,0, ,0, ,0, ,N, ,3, , , , , ,733139, , , ,1,1,0,0,0,0,0,0,1,0,0,0,1,1,0,0,0,0,0,0,0,0,0,0,0,0,0,0,0,0,0,0,0,0,0,8,0,39.9252,-75.1759, , 
 ,64528,2012064435,6,67,67301,2012,6,5,706,7,1,1,0,1,1, , ,N,6,0,2,3,0,0,3,3,N,N,39 57:36.094,75 10:47.782,726, ,718, ,0, ,N, ,0, , , , , ,733141, , , ,3,2,0,0,1,0,0,0,0,0,0,0,0,0,0,0,0,0,1,0,0,0,0,0,0,0,0,0,0,0,0,0,0,0,0,0,0,39.96,-75.1799, , 
 ,64529,2012074226,6,67,67301,2012,7,2,1944,19,1,1,0,1,1, , ,N,0,0,0,3,0,2,7,3,N,N,39 56:42.544,75 08:33.674,1947, ,1946,2,2,2,N, ,0,N, , , , ,733149, , , ,3,1,2,0,0,0,0,0,0,0,1,0,2,1,0,0,0,0,0,0,0,0,0,0,0,0,0,0,0,0,0,0,0,0,0,3,0,39.9452,-75.1427, , 
 ,64530,2012087652,6,67,67301,2012,8,2,2020,20,3,1,0,4,1, , ,N,2,0,0,3,0,1,18,2,N,N,40 02:34.600,75 03:23.294,2040, ,2030,1,1,2,N, ,0,N, , , , ,733160, , , ,2,1,0,1,0,0,0,0,0,0,0,1,1,0,0,0,0,0,0,0,0,0,0,0,0,0,0,0,0,0,0,0,0,0,0,4,1,40.0429,-75.0565, , 
 ,64531,2012109895,6,67,67301,2012,10,5,930,9,1,2,1,4,1, , ,N,1,2,0,3,0,1,1,2,N,N,40 00:38.808,75 07:35.921,945, ,942, ,0, ,N, ,3, , , , , ,733175, , , ,2,1,0,0,1,0,0,0,0,0,0,1,1,0,0,0,0,0,0,0,0,0,0,0,0,0,0,0,0,0,0,0,0,0,0,4,0,40.0108,-75.1266, , 
 ,64532,2012120053,6,67,67301,2012,11,6,900,9,1,1,0,4,1, , ,N,1,3,0,3,0,0,2,2,N,Y,39 59:05.294,75 10:08.806,907, ,904,2,2,3,N, ,3,Y, , , , ,733185, , , ,2,1,0,0,0,0,1,0,0,0,0,0,0,0,0,0,0,0,0,0,0,0,0,0,0,0,0,0,0,0,0,0,0,0,0,0,0,39.9848,-75.1691, , 
 ,64533,2013003752,6,67,67301,2012,11,2,1636,16,1,1,0,8,1, , ,N,2,0,0,3,0,1,3,2,N,N,39 58:31.911,75 07:08.543,1647, ,1645, ,0, ,N, ,0, , , , , ,733204, , , ,1,1,0,0,0,0,0,0,0,0,0,0,1,1,0,0,0,0,0,0,0,0,0,0,0,0,0,0,0,0,0,0,1,0,0,8,0,39.9755,-75.119, , 
 ,64534,2012101048,6,67,67301,2012,9,2,400,4,3,1,0,1,1, , ,N,1,0,0,3,0,1,1,2,N,N,39 57:34.953,75 14:50.684,9999, ,9999, ,0, , , ,0, , , , , ,733208, , , ,2,2,0,0,0,0,0,0,0,0,0,1,1,0,0,0,0,0,0,0,0,0,0,0,0,0,0,0,0,0,0,0,0,0,0,4,0,39.9597,-75.2474, , 
 ,64535,2012109681,6,67,67301,2012,10,1,1300,13,1,2,1,2,2, , ,N,1,2,0,3,0,1,1,1,N,N,39 57:02.479,75 09:01.362,1319, ,1312, ,0, ,N, ,3, , , , , ,733222, , , ,1,1,0,0,0,0,0,0,0,0,0,1,1,0,0,0,0,0,0,0,0,0,0,0,0,0,0,0,0,0,0,0,0,0,0,4,0,39.9507,-75.1504, , 
 ,64536,2012111805,6,67,67301,2012,10,6,1409,14,1,1,0,4,6, , ,N,0,0,0,3,0,2,4,7,N,N,40 00:25.596,75 07:53.414,1411, ,1410,3,2,5,N, ,0,Y, , , , ,733225, , , ,7,6,0,0,0,0,1,0,0,0,0,0,0,0,2,0,0,0,0,2,0,0,0,0,0,0,0,0,0,0,0,0,0,0,0,9,1,40.0071,-75.1315, , 
 ,64537,2012120661,6,67,67301,2012,11,5,1315,13,1,1,0,1,1, , ,N,0,0,0,3,0,1,4,2,N,N,39 59:18.659,75 12:25.481,1318, ,1318, ,0, ,N, ,0, , , , , ,733231, , , ,2,1,0,0,0,1,0,0,0,0,0,0,1,1,0,0,0,0,0,0,1,0,0,0,0,0,0,0,0,0,0,0,0,0,0,8,0,39.9885,-75.2071, , 
 ,64538,2013003909,6,67,67301,2012,12,2,642,6,1,1,0,4,1, , ,N,1,2,0,3,0,0,2,2,N,N,40 00:46.878,75 07:09.679,905, ,645, ,0, ,N, ,3, , , , , ,733242, , , ,2,1,0,0,0,0,1,0,0,0,0,0,0,0,0,0,0,0,0,0,0,0,0,1,0,0,0,0,0,0,0,0,0,0,0,0,0,40.013,-75.1194, , 
 ,64539,2012098260,6,67,67301,2012,9,3,1950,19,2,2,1,1,1, , ,N,2,0,0,3,0,1,3,3,N,N,39 55:01.855,75 10:24.779,2000, ,1956, ,0, ,N, ,0, , , , , ,733272, , , ,3,3,0,0,0,0,0,0,0,0,0,1,1,0,0,0,0,0,0,0,0,0,0,0,0,0,0,0,0,0,0,0,0,0,0,4,0,39.9172,-75.1735, , 
Y,64540,2012091145,6,67,67301,2012,9,3,2156,21,3,1,0,1,1,2,4,Y,0,0,0,3,0,0,6,5,N,N,39 58:10.426,75 11:32.697,2158,50,2156,1,2,3,N, ,0,N,Y,N,N,Y,735736,Y,N,N,5,3,0,0,0,0,2,0,0,0,0,0,0,0,0,0,0,0,0,0,1,0,0,0,0,0,0,0,0,0,0,0,0,0,0,0,0,39.9696,-75.1924, , 
 ,64541,2012093637,6,67,67301,2012,9,4,2133,21,3,1,0,1,1, , ,N,0,0,0,3,0,1,3,2,N,N,39 58:57.309,75 12:27.900,2203, ,2151, ,0, ,N, ,0, , , , , ,735739, , , ,2,2,0,0,0,0,0,0,0,0,0,0,1,1,0,0,0,0,0,0,0,0,0,0,0,0,0,0,0,0,0,0,0,0,0,8,0,39.9826,-75.2078, , 
 ,64542,2013004413,6,67,67301,2012,11,4,1045,10,1,1,0,4,1, , ,N,2,3,0,3,0,0,3,2,N, ,40 01:34.125,75 13:10.977,1100, ,1051, ,0, , , ,3, , , , , ,735776, , , ,2,1,0,0,0,0,0,1,0,0,0,1,1,0,0,0,0,0,0,0,0,0,0,0,0,0,0,0,0,0,0,0,0,0,0,4,0,40.0261,-75.2197, , 
 ,64543,2013006096,6,67,67301,2012,12,7,400,4,3,1,0,1,1, , ,N,0,0,0,3,0,0,2,4,N, ,39 57:32.270,75 08:30.660,401, ,401, ,0, ,N, ,0, , , , , ,735777, , , ,4,4,0,0,0,0,0,0,0,0,0,0,0,0,0,0,0,0,0,0,1,0,0,2,0,0,0,0,0,0,0,0,0,0,0,0,0,39.959,-75.1419, , 
 ,64544,2013006846,6,67,67301,2012,12,4,940,9,1,1,0,8,1, , ,N,1,3,0,3,0,1,2,2,N,Y,39 58:46.587,75 09:54.116,955, ,954, ,0, ,N, ,3, , , , , ,735779, , , ,1,0,0,0,0,0,1,0,0,0,0,1,1,0,0,0,0,0,0,0,0,1,0,0,0,0,0,0,0,0,0,0,1,0,0,4,0,39.9796,-75.165, , 
 ,64545,2012109636,6,67,67301,2012,10,5,1748,17,1,1,0,8,1, , ,N,0,2,0,3,0,1,2,1,N,N,40 00:31.469,75 09:04.869,1751, ,1750, ,0, , , ,3, , , , , ,735788, , , ,1,1,0,0,0,0,0,0,0,0,0,0,1,1,0,0,0,0,0,0,0,0,0,1,0,0,0,0,0,0,0,0,1,0,0,8,0,40.0088,-75.1513, , 
 ,64546,2012115219,6,67,67301,2012,9,5,950,9,1,1,0,4,2, , ,N,1,2,0,3,0,1,2,2,N,N,39 57:41.633,75 09:06.417,0, ,0, ,0, ,N, ,3, , , , , ,735791, , , ,1,0,0,0,0,0,0,1,1,0,1,0,1,0,0,0,0,0,0,0,1,0,0,0,0,0,0,0,0,0,0,0,0,0,0,3,0,39.9615,-75.1517, , 
 ,64547,2012126894,6,67,67301,2012,12,6,1113,11,1,1,0,2,1, , ,N,1,3,0,3,0,5,25,2,N,N,39 57:38.977,75 09:22.766,1155, ,1113,3,2,7,N, ,3,Y, , , , ,735798, , , ,2,1,0,1,0,0,0,0,0,0,0,0,5,5,0,0,0,0,0,0,1,0,0,1,0,0,0,0,0,0,0,0,0,0,0,8,1,39.9608,-75.1563, , 
 ,64548,2012128189,6,67,67301,2012,11,4,1800,18,3,1,0,5,2, , ,N,0,0,0,3,0,1,3,2,N,N,40 02:28.878,75 10:43.305,1820, ,1818, ,0, ,N, ,0, , , , , ,735801, , , ,2,2,0,0,0,0,0,0,0,0,0,1,1,0,0,0,0,0,0,0,0,0,0,0,0,0,0,0,0,0,0,0,0,0,0,4,0,40.0414,-75.1787, , 
 ,64549,2013003939,6,67,67301,2012,12,7,1657,16,3,1,0,7,4, , ,N,0,0,0,3,0,1,1,1,N,N,39 58:14.381,75 11:21.650,1705, ,1700, ,0, ,N, ,0, , , , , ,735810, , , ,1,1,0,0,0,0,0,0,0,0,0,1,1,0,0,0,0,0,0,0,0,0,0,1,0,0,0,0,0,0,0,0,0,0,0,4,0,39.9707,-75.1893, , 
 ,64550,2012128190,6,67,67301,2012,11,6,2310,23,3,1,0,1,1, , ,N,0,0,0,3,0,1,3,3,N,N,40 02:40.933,75 10:45.716,2314, ,2312, ,0, ,N, ,0, , , , , ,735828, , , ,3,2,0,0,1,0,0,0,0,0,0,1,1,0,1,0,0,0,0,0,1,0,0,0,0,0,0,0,0,0,0,0,0,0,0,4,0,40.0447,-75.1794, , 
 ,64551,2012111661,6,67,67301,2012,10,1,16,0,3,1,0,1,1, , ,N,1,2,0,3,0,1,2,2,N,N,39 55:45.667,75 09:00.863,18, ,16, ,0, ,N, ,3, , , , , ,735841, , , ,2,1,1,0,0,0,0,0,0,0,0,1,1,0,1,0,0,0,0,0,0,0,0,0,0,0,0,0,0,0,0,0,0,0,0,4,0,39.9294,-75.1502, , 
 ,64552,2012112641,6,67,67301,2012,9,5,1736,17,3,1,0,4,1, , ,N,2,0,0,3,0,0,3,3,N, ,40 02:01.186,75 08:43.295,1921, ,1902, ,0, , , ,0, , , , , ,735842, , , ,3,3,0,0,0,0,0,0,0,0,0,0,0,0,1,0,0,0,0,0,0,1,0,1,0,0,0,0,0,0,0,0,0,0,0,9,0,40.0337,-75.1454, , 
 ,64553,2013004429,6,67,67301,2012,12,6,800,8,1,1,0,5,1, , ,N,0,0,0,3,0,1,2,2,N,N,40 02:25.950,75 01:50.244,818, ,815, ,0, ,N, ,0, , , , , ,735852, , , ,2,1,1,0,0,0,0,0,0,0,0,1,1,0,1,0,0,0,0,0,0,1,0,0,0,0,0,0,0,0,0,0,0,0,0,4,0,40.0405,-75.0306, , 
 ,64554,2012098218,6,67,67301,2012,9,1,1910,19,3,1,0,4,1, , ,N,2,2,7,3,0,3,6,2,N,N,40 02:13.039,75 00:41.011,1923, ,1921, ,0, ,N, ,3, , , , , ,735871, , , ,2,0,0,0,0,0,1,1,0,0,0,0,3,3,0,0,0,0,0,0,0,0,0,0,0,0,0,0,0,0,0,0,0,0,0,8,0,40.037,-75.0114, , 
 ,64555,2012109845,6,67,67301,2012,10,6,1333,13,1,1,0,4,1, , ,N,2,0,0,3,0,1,2,2,N,N,40 03:30.663,75 04:43.841,1341, ,1336, ,0, ,N, ,0, , , , , ,735884, , , ,2,1,1,0,0,0,0,0,0,0,0,0,1,1,0,0,0,0,0,0,1,0,0,0,0,0,0,0,0,0,0,0,0,0,0,8,0,40.0585,-75.0788, , 
 ,64556,2013003983,6,67,67301,2012,12,1,1506,15,1,2,1,4,1, , ,N,1,2,0,3,0,2,3,2,N, ,40 02:38.730,75 03:42.723,1512, ,1506, ,0, , , ,3, , , , , ,735911, , , ,2,1,0,0,0,0,1,0,0,0,0,0,2,2,0,0,0,0,0,0,0,0,1,0,0,0,0,0,0,0,0,0,0,0,0,8,0,40.0441,-75.0619, , 
 ,64557,2013006648,6,67,67301,2012,11,3,705,7,1,1,0,4,1, , ,N,1,2,0,3,0,0,2,2,N,N,39 57:12.003,75 11:01.526,712, ,704, ,0, , , ,2, , , , , ,735912, , , ,2,2,0,0,0,0,0,0,0,0,0,0,0,0,0,0,0,0,0,0,0,0,0,0,0,0,0,0,0,0,0,0,0,0,0,0,0,39.9533,-75.1838, , 
 ,64558,2012120118,6,67,67301,2012,11,6,1955,19,3,1,0,2,1, , ,N,1,2,0,3,0,3,3,3,N,N,39 59:25.969,75 10:07.229,2000, ,2000, ,0, ,N, ,3, , , , , ,741282, , , ,3,3,0,0,0,0,0,0,0,0,1,2,3,0,0,0,0,0,0,0,0,0,0,3,0,0,0,0,0,0,0,0,0,0,0,3,0,39.9905,-75.1687, , 
 ,64559,2013006818,6,67,67301,2012,12,5,1814,18,3,1,0,1,2, , ,N,0,0,0,3,0,0,1,2,N,N,40 05:32.364,74 58:53.940,1829, ,1825,1,1,1, , ,0,N, , , , ,741302, , , ,2,2,0,0,0,0,0,0,0,0,0,0,0,0,0,0,0,0,0,0,0,0,0,0,0,0,0,0,0,0,0,0,0,0,0,0,0,40.0923,-74.9817, , 
 ,64560,2012120548,6,67,67301,2012,10,5,756,7,1,1,0,4,1, , ,N,2,3,0,3,0,1,2,2,N,N,40 04:00.520,75 01:38.683,800, ,757, ,0, , , ,3, , , , , ,741308, , , ,2,1,0,0,0,0,1,0,0,0,0,0,1,1,0,0,0,0,0,0,0,0,0,0,0,0,0,0,0,0,0,0,0,0,0,8,0,40.0668,-75.0274, , 
Y,64561,2012121701,6,67,67301,2012,12,2,1120,11,1,1,0,0,3,1,2,Y,0,0,0,3,0,1,1,1,N,N,39 58:00.687,75 08:02.435,1129,55,1126, ,0, ,N, ,0, ,N,N,N,N,741310,N,N,N,1,1,0,0,0,0,0,0,0,0,0,0,1,1,0,0,0,0,0,0,1,0,0,0,0,0,0,0,0,0,0,0,0,0,0,8,0,39.9668,-75.1341, , 
 ,64562,2013020039,6,67,67301,2012,10,1,1310,13,1,2,1,4,1, , ,N,1,2,0,3,0,1,2,2,N,N,40 06:06.588,75 01:38.906,0, ,0, ,0, ,N, ,3, , , , , ,741328, , , ,2,2,0,0,0,0,0,0,0,0,0,1,1,0,1,0,0,0,0,0,1,1,0,0,0,0,0,0,0,0,0,0,0,0,0,4,0,40.1018,-75.0275, , 
 ,64563,2012099349,6,67,67301,2012,9,3,1847,18,3,2,1,2,1, , ,N,0,0,0,3,0,3,3,3,N, ,40 01:54.508,75 09:18.604,1935, ,1924, ,0, , , ,0, , , , , ,741358, , , ,3,1,0,0,0,0,2,0,0,0,0,0,3,3,0,0,0,0,0,0,0,1,0,0,0,0,0,0,0,0,0,0,0,0,0,8,0,40.0318,-75.1552, , 
 ,64564,2012109741,6,67,67301,2012,9,1,1226,12,1,1,0,2,1, , ,N,1,2,0,3,0,1,3,3,N, ,39 57:48.568,75 10:09.794,1240, ,1227, ,0, , , ,3, , , , , ,741362, , , ,3,1,0,0,1,0,1,0,0,0,0,1,1,0,0,0,0,0,0,0,2,0,0,0,0,0,0,0,0,0,0,0,0,0,0,4,0,39.9634,-75.1694, , 
 ,64565,2012111656,6,67,67301,2012,10,2,1550,15,1,2,1,4,1, , ,N,1,2,0,3,0,1,2,2,N,N,40 02:20.475,75 03:22.611,1810, ,1800, ,0, ,N, ,3, , , , , ,741363, , , ,2,2,0,0,0,0,0,0,0,0,0,0,1,1,0,0,0,0,0,0,1,0,0,0,0,0,0,0,0,0,0,0,0,0,0,8,0,40.039,-75.0563, , 
 ,64566,2012128323,6,67,67301,2012,11,5,1935,19,3,1,0,2,1, , ,N,1,3,0,3,0,1,3,2,N,N,40 02:19.456,75 07:24.668,1945, ,1945, ,0, ,N, ,3, , , , , ,741369, , , ,2,2,0,0,0,0,0,0,0,0,1,0,1,0,0,0,0,0,0,0,0,0,0,3,0,0,0,0,0,0,0,0,0,0,0,3,0,40.0387,-75.1235, , 
 ,64567,2013003157,6,67,67301,2012,12,4,1632,16,4,1,0,8,4, , ,N,0,2,0,3,1,0,2,2,N,N,40 01:13.565,75 06:50.014,1640, ,1636,9,2,5,N,0,3,Y, , , , ,741375, , , ,1,1,0,0,0,0,0,0,0,0,0,0,0,0,1,0,0,0,0,0,0,0,0,0,0,0,0,0,0,0,0,0,1,1,0,1,0,40.0204,-75.1139,2, 
 ,64568,2013003719,6,67,67301,2012,12,1,38,0,3,1,0,5,1, , ,N,5,2,0,3,0,0,4,2,N,N,40 01:53.078,75 05:05.038,41, ,38,1,1,4,N, ,3,N, , , , ,741406, , , ,2,2,0,0,0,0,0,0,0,0,0,0,0,0,0,0,0,0,0,0,0,0,0,0,0,0,0,0,0,0,0,0,0,0,0,0,0,40.0314,-75.0847, , 
 ,64569,2013003991,6,67,67301,2012,11,4,112,1,3,1,0,6,1, , ,N,1,2,0,3,0,3,3,7,N,N,39 58:53.939,75 06:14.228,114, ,112,3,2,5,N, ,3,Y, , , , ,741407, , , ,7,6,0,0,1,0,0,0,0,0,2,1,3,0,0,0,0,0,1,0,0,0,0,0,0,0,0,0,0,0,0,0,0,0,0,3,0,39.9816,-75.104, , 
 ,64570,2012120100,6,67,67301,2012,11,5,1933,19,3,1,0,1,1, , ,N,0,2,0,3,0,1,3,2,N,N,40 03:48.917,75 05:14.807,1947, ,1941, ,0, , , ,3, , , , , ,741421, , , ,2,2,0,0,0,0,0,0,0,0,0,1,1,0,0,0,0,0,0,0,2,0,0,0,0,0,0,0,0,0,0,0,0,0,0,4,0,40.0636,-75.0874, , 
 ,64571,2012129065,6,67,67301,2012,11,3,1035,10,1,2,1,4,1, , ,N,1,2,0,3,0,2,3,2,N,N,39 57:16.503,75 10:22.776,1100, ,1057, ,0, ,N, ,3, , , , , ,741454, , , ,2,1,0,1,0,0,0,0,0,0,0,0,2,2,0,0,0,0,0,0,0,0,0,0,0,0,0,0,0,0,0,0,0,0,0,8,1,39.9546,-75.173, , 
 ,64572,2013000898,6,67,67301,2012,12,1,1635,16,3,1,0,5,1, , ,N,0,0,0,3,0,1,3,2,N,N,39 58:34.254,75 11:44.346,1635, ,1635,2,2,3,N, ,0,N, , , , ,741457, , , ,2,0,0,0,0,0,1,0,0,0,0,1,1,0,1,0,0,0,0,0,0,0,0,0,0,0,0,0,0,0,0,0,0,0,0,4,0,39.9762,-75.1957, , 
 ,64573,2013003928,6,67,67301,2012,12,5,333,3,3,1,0,7,5, , ,N,1,3,2,3,0,2,2,1,N,N,39 57:35.612,75 10:31.307,338, ,334, ,0, ,N, ,3, , , , , ,741458, , , ,1,1,0,0,0,0,0,0,0,1,0,0,2,1,0,0,0,0,0,0,0,0,0,0,0,0,0,1,0,0,0,0,0,0,0,2,0,39.9599,-75.1754, , 
 ,64574,2013007236,6,67,67301,2012,12,1,100,1,3,1,0,6,6, , ,N,0,0,0,3,0,0,2,4,N,N,39 56:54.139,75 13:00.681,108, ,107, ,0, , , ,0, , , , , ,741459, , , ,4,3,0,0,0,0,1,0,0,0,0,0,0,0,0,0,0,0,0,0,0,0,0,0,0,0,0,0,0,0,0,0,0,0,0,0,0,39.9484,-75.2169, , 
 ,64575,2012120129,6,67,67301,2012,10,3,1117,11,1,1,0,1,1, , ,N,0,0,0,3,0,2,3,3,N,N,40 01:22.923,75 08:53.264,1150, ,1148, ,0, ,N, ,0, , , , , ,741470, , , ,3,2,0,0,0,1,0,0,0,0,0,2,2,0,0,0,0,0,0,0,0,0,0,0,0,0,0,0,0,0,0,0,0,0,0,4,1,40.023,-75.1481, , 
 ,64576,2012078410,6,67,67301,2012,7,1,9999,99,2,1,1,8,1, , ,N,0,0,0,3,0,2,3,3,N,N,39 58:19.550,75 13:33.455,2106, ,2106,1,2,5,N, ,0,Y, , , , ,738979, , , ,1,1,0,0,0,0,0,0,0,0,0,0,2,2,0,0,0,0,0,0,0,0,1,0,0,0,0,0,0,0,0,0,2,0,0,8,0,39.9721,-75.226, , 
 ,64577,2012083042,6,67,67301,2012,2,3,1050,10,1,1,0,1,1, , ,N,0,0,0,3,0,3,4,2,N,N,40 01:33.303,75 07:23.909,0, ,0, ,0, ,N, ,0, , , , , ,738983, , , ,2,2,0,0,0,0,0,0,0,0,0,0,3,3,1,0,0,0,0,0,1,0,0,0,0,0,0,0,0,0,0,0,0,0,0,8,0,40.026,-75.123, , 