wz_ln_closure,objectid_1,crn,district,county,municipality,crash_year,crash_month,day_of_week,time_of_day,hour_of_day,illumination,weather,road_condition,collision_type,relation_to_road,work_zone_type,work_zone_loc,work_zone_ind,intersect_type,tcd_type,location_type,urban_rural,fatal_count,injury_count,person_count,total_units,sch_bus_ind,sch_zone_ind,latitude,longitude,arrival_tm,cons_zone_spd_lim,dispatch_tm,est_hrs_closed,lane_closed,ln_close_dir,ntfy_hiwy_maint,spec_juris_cd,tcd_func_cd,tfc_detour_ind,workers_pres,wz_close_detour,wz_flagger,wz_law_offcr_ind,objectid,wz_moving,wz_other,wz_shlder_mdn,vehicle_count,automobile_count,motorcycle_count,bus_count,small_truck_count,heavy_truck_count,suv_count,van_count,bicycle_count,maj_inj_count,mod_inj_count,min_inj_count,tot_inj_count,unk_inj_deg_count,unk_inj_per_count,driver_count_16yr,driver_count_17yr,driver_count_18yr,driver_count_19yr,driver_count_20yr,driver_count_50_64yr,driver_count_65_74yr,driver_count_75plus,unbelted_occ_count,unb_death_count,unb_maj_inj_count,belted_death_count,belted_maj_inj_count,mcycle_death_count,mcycle_maj_inj_count,bicycle_death_count,bicycle_maj_inj_count,ped_count,ped_death_count,ped_maj_inj_count,max_severity_level,comm_veh_count,dec_lat,dec_long,rdwy_surf_type_cd,county_name
 ,64777,2012122419,6,67,67301,2012,10,4,1527,15,1,1,0,4,1, , ,N,1,2,0,3,0,0,2,2,N,N,40 00:49.975,75 07:33.617,1541, ,1541,1,1,3,N, ,3,N, , , , ,741870, , , ,2,0,0,0,0,0,1,1,0,0,0,0,0,0,0,0,0,0,0,0,2,0,0,0,0,0,0,0,0,0,0,0,0,0,0,0,0,40.0139,-75.126, , 
 ,64778,2012122433,6,67,67301,2012,11,1,300,3,3,1,0,7,5, , ,N,0,0,0,3,0,2,3,1,N, ,40 02:57.822,75 04:04.330,305, ,0, ,0, , , ,0, , , , , ,741871, , , ,1,1,0,0,0,0,0,0,0,0,1,1,2,0,0,0,0,0,0,0,0,0,0,0,0,0,0,0,0,0,0,0,0,0,0,3,0,40.0494,-75.0679, , 
 ,64779,2012128317,6,67,67301,2012,11,7,2010,20,4,1,0,6,1, , ,N,1,2,0,3,0,1,3,2,N,N,39 56:24.739,75 12:02.495,2025, ,2015, ,0, ,N, ,3, , , , , ,741880, , , ,2,1,0,0,0,0,1,0,0,0,1,0,1,0,1,0,0,0,0,0,1,0,0,0,0,0,0,0,0,0,0,0,0,0,0,3,0,39.9401,-75.2007, , 
 ,64780,2013003951,6,67,67301,2012,11,7,713,7,3,1,0,4,1, , ,N,0,0,0,3,0,0,2,2,N,N,39 56:13.023,75 11:22.700,713, ,713,3,2,3,N, ,0,Y, , , , ,741885, , , ,2,2,0,0,0,0,0,0,0,0,0,0,0,0,1,0,0,0,0,0,0,0,0,0,0,0,0,0,0,0,0,0,0,0,0,9,0,39.937,-75.1896, , 
 ,64781,2013006849,6,67,67301,2012,11,7,1006,10,1,1,0,4,2, , ,N,0,0,0,3,0,0,1,3,N,N,39 57:07.908,75 11:13.434,1007, ,1007, ,0, ,N, ,0, , , , , ,741888, , , ,3,1,0,0,1,0,1,0,0,0,0,0,0,0,0,0,0,0,0,0,0,0,0,0,0,0,0,0,0,0,0,0,0,0,0,0,0,39.9522,-75.1871, , 
 ,64782,2013007240,6,67,67301,2012,12,3,1252,12,1,1,0,8,1, , ,N,5,0,0,3,0,1,2,2,N,N,39 59:19.892,75 07:38.391,1254, ,1254, ,0, ,N, ,0, , , , , ,741889, , , ,1,0,0,0,0,0,0,1,0,0,0,1,1,0,1,0,0,0,0,0,0,0,0,0,0,0,0,0,0,0,0,0,1,0,0,4,0,39.9889,-75.1273, , 
 ,64783,2013043158,6,67,67301,2012,10,7,312,3,3,1,0,5,2, , ,N,0,0,0,3,0,0,1,2,N,N,39 59:29.040,75 12:12.605,337, ,324, ,0, ,N, ,0, , , , , ,741892, , , ,2,1,0,0,0,0,1,0,0,0,0,0,0,0,0,0,0,0,0,0,0,0,0,0,0,0,0,0,0,0,0,0,0,0,0,0,0,39.9914,-75.2035, , 
 ,64784,2013011983,6,67,67301,2012,12,5,1230,12,1,1,0,8,1, , ,N,1,3,0,3,0,1,2,2,N,N,39 55:24.960,75 10:59.865,1232, ,1231, ,0, ,N, ,3, , , , , ,741902, , , ,1,0,0,0,0,0,0,0,0,0,1,0,1,0,0,0,0,0,0,0,0,0,0,0,0,0,0,0,0,0,0,0,1,0,0,3,0,39.9236,-75.1833, , 
 ,64785,2012112625,6,67,67301,2012,10,2,2254,22,3,9,1,7,5, , ,N,0,0,0,3,0,2,2,1,N,N,40 02:18.861,75 02:08.846,2300, ,2258,9,1,1,N, ,0,N, , , , ,741915, , , ,1,0,0,0,0,0,1,0,0,0,0,1,2,1,0,0,0,1,0,0,0,0,0,0,0,0,0,0,0,0,0,0,0,0,0,4,0,40.0386,-75.0358, , 
 ,64786,2012114371,6,67,67301,2012,10,6,825,8,1,1,0,8,1, , ,N,1,3,0,3,0,1,2,2,N,N,39 55:28.920,75 09:10.630,834, ,827, ,0, ,N, ,3, , , , , ,741917, , , ,1,1,0,0,0,0,0,0,0,0,0,0,1,1,1,0,0,0,0,0,0,0,0,0,0,0,0,0,0,0,0,0,1,0,0,8,0,39.9247,-75.153, , 
 ,64787,2013003848,6,67,67301,2012,12,1,2159,21,3,2,1,4,1, , ,N,1,2,0,3,0,2,2,2,N,N,40 03:11.142,75 08:15.907,2340, ,2336, ,0, ,N, ,3, , , , , ,741950, , , ,2,0,0,0,1,0,1,0,0,0,0,0,2,2,0,0,0,0,0,0,0,0,0,0,0,0,0,0,0,0,0,0,0,0,0,8,0,40.0531,-75.1378, , 
 ,64788,2013005594,6,67,67301,2012,12,5,1813,18,3,1,0,8,1, , ,N,1,0,0,3,1,0,2,2,N,N,40 04:19.383,75 11:14.135,1845, ,1840,3,2,7,N,0,0,Y, , , , ,741951, , , ,1,1,0,0,0,0,0,0,0,0,0,0,0,0,0,0,0,0,0,0,0,0,0,0,0,0,0,0,0,0,0,0,1,1,0,1,0,40.0721,-75.1873,2, 
 ,64789,2013006764,6,67,67301,2012,12,3,1629,16,4,2,1,4,1, , ,N,1,3,0,3,0,0,2,2,N,N,40 03:31.504,75 03:02.099,1635, ,1632, ,0, ,N, ,3, , , , , ,741952, , , ,2,1,0,0,0,0,0,1,0,0,0,0,0,0,0,0,0,0,0,0,1,0,0,0,0,0,0,0,0,0,0,0,0,0,0,0,0,40.0588,-75.0506, , 
 ,64790,2012119836,6,67,67301,2012,11,3,1618,16,2,2,1,7,2, , ,N,0,0,0,3,0,0,1,1,N,N,39 58:58.239,75 12:28.903,1629, ,1620, ,0, ,N, ,0, , , , , ,741958, , , ,1,0,0,0,1,0,0,0,0,0,0,0,0,0,0,0,0,0,0,0,0,0,0,0,0,0,0,0,0,0,0,0,0,0,0,0,0,39.9828,-75.208, , 
 ,64791,2012120147,6,67,67301,2012,10,5,1230,12,1,1,0,4,1, , ,N,3,2,0,3,0,1,2,2,N, ,40 01:17.889,75 05:38.539,1240, ,1234, ,0, , , ,3, , , , , ,741959, , , ,2,1,0,0,1,0,0,0,0,0,0,1,1,0,0,0,0,0,0,0,0,0,0,0,0,0,0,0,0,0,0,0,0,0,0,4,0,40.0218,-75.0941, , 
 ,64792,2012129080,6,67,67301,2012,11,2,1256,12,1,1,0,4,1, , ,N,0,0,7,3,0,1,3,2,N, ,40 03:10.023,75 03:00.196,1300, ,1256, ,0, , , ,0, , , , , ,741964, , , ,2,2,0,0,0,0,0,0,0,0,0,0,1,1,0,0,0,0,0,0,0,0,0,0,0,0,0,0,0,0,0,0,0,0,0,8,0,40.0528,-75.0501, , 
 ,64793,2013003902,6,67,67301,2012,12,3,1445,14,1,1,0,8,1, , ,N,1,2,0,3,0,1,2,2,N,N,39 57:27.061,75 12:40.366,1955, ,1955, ,9, ,N, ,3, , , , , ,741966, , , ,1,1,0,0,0,0,0,0,0,0,1,0,1,0,0,0,0,0,0,0,0,0,0,0,0,0,0,0,0,0,0,0,1,0,0,3,0,39.9575,-75.2112, , 
 ,64794,2012117210,6,67,67301,2012,10,1,800,8,8,2,1,4,1, , ,N,1,2,0,3,0,0,2,3,N,N,39 57:07.016,75 14:19.755,840, ,827, ,0, ,N, ,3, , , , , ,739509, , , ,3,3,0,0,0,0,0,0,0,0,0,0,0,0,0,0,0,0,0,0,0,0,0,0,0,0,0,0,0,0,0,0,0,0,0,0,0,39.9519,-75.2388, , 
 ,64795,2012117278,6,67,67301,2012,10,1,12,0,3,1,0,8,1, , ,N,1,0,0,3,0,1,2,2,N, ,39 58:07.843,75 14:43.849,9999, ,13,3,2,6, , ,0,Y, , , , ,739523, , , ,1,1,0,0,0,0,0,0,0,0,0,0,1,1,1,0,0,0,0,0,0,0,0,0,0,0,0,0,0,0,0,0,1,0,0,8,0,39.9688,-75.2454, , 
 ,64796,2012116472,6,67,67301,2012,11,5,1506,15,1,1,0,1,1, , ,N,0,0,0,3,0,1,2,2,N,N,39 56:59.976,75 11:01.100,1529, ,1520,1,2,3,N, ,0,N, , , , ,739543, , , ,2,2,0,0,0,0,0,0,0,0,0,1,1,0,0,0,0,0,0,0,0,0,0,0,0,0,0,0,0,0,0,0,0,0,0,4,0,39.95,-75.1836, , 
 ,64797,2012120043,6,67,67301,2012,10,6,2206,22,3,1,0,4,1, , ,N,1,2,0,3,0,0,4,2,N,N,39 54:20.727,75 11:38.377,2223, ,2223,9,1,4,N, ,3,Y, , , , ,739548, , , ,2,1,0,0,0,0,1,0,0,0,0,0,2,2,0,0,0,0,0,0,0,0,0,0,0,0,0,0,0,0,0,0,0,0,0,8,0,39.9057,-75.1938, , 
 ,64798,2012129061,6,67,67301,2012,11,7,1555,15,1,1,0,5,1, , ,N,3,0,0,3,0,1,2,2,N,N,39 58:21.706,75 15:17.671,1610, ,1600, ,0, ,N, ,0, , , , , ,739558, , , ,2,2,0,0,0,0,0,0,0,0,0,0,1,1,1,0,0,0,0,0,2,0,0,0,0,0,0,0,0,0,0,0,0,0,0,8,0,39.9727,-75.2549, , 
 ,64799,2013006774,6,67,67301,2012,12,2,2218,22,3,2,1,4,1, , ,N,1,3,0,3,0,1,2,2,N,N,39 56:10.971,75 09:53.553,2300, ,2222, ,0, ,N, ,3, , , , , ,739604, , , ,1,1,0,0,0,0,0,0,1,0,0,1,1,0,0,0,0,0,0,0,0,0,0,0,0,0,0,0,0,0,0,0,0,0,0,4,0,39.9364,-75.1649, , 
 ,64800,2012109786,6,67,67301,2012,10,3,2005,20,3,2,1,1,1, , ,N,0,0,0,3,0,1,2,2,N,N,40 00:53.244,75 10:39.740,2015, ,2005,1,1,1,N, ,0,N, , , , ,739614, , , ,2,1,0,0,0,0,0,1,0,0,0,1,1,0,0,0,0,0,0,0,1,0,0,0,0,0,0,0,0,0,0,0,0,0,0,4,0,40.0148,-75.1777, , 
 ,64801,2012111696,6,67,67301,2012,10,1,225,2,3,1,0,1,1, , ,N,0,0,0,3,0,2,3,2,N,N,40 06:01.519,74 58:46.120,240, ,233, ,0, ,N, ,0, , , , , ,739616, , , ,2,1,0,0,1,0,0,0,0,1,0,0,2,1,0,0,0,0,0,0,0,0,0,0,0,0,0,0,0,0,0,0,0,0,0,2,0,40.1004,-74.9795, , 
 ,64802,2012128175,6,67,67301,2012,11,4,9999,99,1,1,0,8,1, , ,N,1,2,0,3,0,1,1,2,N,N,40 01:54.735,75 07:53.327,910, ,910, ,0, ,N, ,3, , , , , ,739635, , , ,1,1,0,0,0,0,0,0,0,0,0,1,1,0,0,0,0,0,0,0,0,0,0,0,0,0,0,0,0,0,0,0,1,0,0,4,0,40.0319,-75.1315, , 
 ,64803,2012128236,6,67,67301,2012,11,7,1025,10,1,9,0,1,1, , ,N,1,0,0,3,0,4,6,2,N, ,39 56:04.743,75 11:27.567,1042, ,1032, ,0, ,N, ,0, , , , , ,739636, , , ,2,0,0,0,0,0,0,0,0,0,0,4,4,0,0,0,0,0,0,0,0,0,0,0,0,0,0,0,0,0,0,0,0,0,0,4,0,39.9347,-75.191, , 
 ,64804,2013004033,6,67,67301,2012,12,2,2049,20,3,1,0,4,5, , ,N,0,0,0,3,0,2,2,2,N,N,40 00:22.196,75 05:25.947,2055, ,2053, ,9, ,N, ,0, , , , , ,739643, , , ,2,0,0,0,0,0,1,1,0,0,0,0,2,2,0,0,0,0,0,0,0,0,0,0,0,0,0,0,0,0,0,0,0,0,0,8,0,40.0062,-75.0905, , 
 ,64805,2012104174,6,67,67301,2012,9,1,1218,12,1,1,0,8,1, , ,N,0,0,0,3,0,2,5,5,N, ,39 55:29.416,75 14:17.311,1220, ,1220, ,0, , , ,0, , , , , ,739651, , , ,4,3,0,0,0,0,1,0,0,0,0,0,2,2,0,0,0,0,0,0,1,0,0,0,0,0,0,0,0,0,0,0,1,0,0,8,0,39.9248,-75.2381, , 
 ,64806,2012113555,6,67,67301,2012,11,5,1012,10,1,1,0,5,1, , ,N,0,0,0,3,0,0,3,2,N,N,39 57:07.838,75 10:56.479,1034, ,1023,2,2,3,N, ,0,N, , , , ,739679, , , ,2,1,0,0,0,0,1,0,0,0,0,0,0,0,0,0,0,0,0,0,1,0,0,0,0,0,0,0,0,0,0,0,0,0,0,0,0,39.9522,-75.1824, , 
 ,64807,2012120137,6,67,67301,2012,10,1,1415,14,1,1,0,5,1, , ,N,0,0,0,3,0,0,1,4,N,N,40 04:10.680,75 01:51.030,1422, ,1417,3,1,4,N, ,0,N, , , , ,739689, , , ,4,3,0,0,1,0,0,0,0,0,0,0,0,0,0,0,0,0,0,1,0,0,0,0,0,0,0,0,0,0,0,0,0,0,0,0,0,40.0696,-75.0308, , 
 ,64808,2013006672,6,67,67301,2012,11,6,1156,11,1,1,0,1,2, , ,N,0,0,0,3,0,0,1,2,N,N,39 59:27.877,75 07:55.175,1205, ,1200, ,0, ,N, ,0, , , , , ,739702, , , ,2,0,0,0,0,1,1,0,0,0,0,0,0,0,0,0,0,0,0,0,0,0,0,0,0,0,0,0,0,0,0,0,0,0,0,0,1,39.9911,-75.132, , 
 ,64809,2012120132,6,67,67301,2012,10,4,1715,17,1,1,0,8,1, , ,N,0,0,0,3,0,1,2,2,N,N,39 58:18.141,75 09:57.664,1735, ,1732, ,0, , , ,0, , , , , ,739719, , , ,1,0,0,0,0,0,0,0,0,0,0,0,1,1,0,0,0,0,0,0,0,0,0,0,0,0,0,0,0,0,0,0,1,0,0,8,0,39.9717,-75.166, , 
 ,64810,2012110525,6,67,67301,2012,10,4,729,7,1,1,0,1,1, , ,N,0,0,0,3,0,1,2,2,N,N,39 59:57.255,75 11:43.732,808, ,739, ,0, ,N, ,0, , , , , ,739736, , , ,2,0,0,0,0,0,1,0,0,0,0,1,1,0,0,0,0,0,0,0,0,0,0,0,0,0,0,0,0,0,0,0,0,0,0,4,0,39.9992,-75.1955, , 
 ,64811,2012122349,6,67,67301,2012,11,6,1508,15,1,1,0,8,1, , ,N,0,0,0,3,0,1,2,2,N,N,40 02:38.018,75 01:33.942,1545, ,1540, ,0, ,N, ,0, , , , , ,739744, , , ,1,1,0,0,0,0,0,0,0,0,0,1,1,0,0,0,0,0,0,0,0,0,0,0,0,0,0,0,0,0,0,0,1,0,0,4,0,40.0439,-75.0261, , 
 ,64812,2013003921,6,67,67301,2012,11,6,38,0,3,1,0,2,1, , ,N,1,2,0,3,0,4,5,2,N,N,40 00:44.761,75 09:07.494,45, ,38,4,2,5,N, ,9,N, , , , ,739752, , , ,2,1,0,1,0,0,0,0,0,1,0,3,4,0,0,0,0,0,0,0,2,0,0,0,0,0,0,0,0,0,0,0,0,0,0,2,1,40.0124,-75.1521, , 
 ,64813,2012073581,6,67,67301,2012,6,6,1700,17,1,1,0,5,1, , ,N,0,0,0,3,0,1,2,2,N,N,40 01:39.511,75 08:49.632,1740, ,1737,2,1,1,N, ,0,Y, , , , ,733789, , , ,2,2,0,0,0,0,0,0,0,0,0,1,1,0,0,0,0,0,0,0,0,0,0,0,0,0,0,0,0,0,0,0,0,0,0,4,0,40.0276,-75.1471, , 
 ,64814,2012074388,6,67,67301,2012,6,4,1545,15,1,1,0,7,5, , ,N,0,0,0,3,0,0,1,2,N,N,39 59:27.870,75 07:34.982,1552, ,1547, ,0, ,N, ,0, , , , , ,733791, , , ,2,1,0,0,0,0,0,1,0,0,0,0,0,0,0,0,0,0,0,0,0,0,0,0,0,0,0,0,0,0,0,0,0,0,0,0,0,39.9911,-75.1264, , 
 ,64815,2012078620,6,67,67301,2012,7,3,1725,17,1,1,0,1,1, , ,N,0,0,0,3,0,1,3,3,N,N,40 00:57.814,75 10:33.267,1738, ,1728,2,1,2,N, ,0,N, , , , ,733796, , , ,3,2,0,0,0,0,1,0,0,0,0,1,1,0,0,0,0,0,0,0,1,0,0,0,0,0,0,0,0,0,0,0,0,0,0,4,0,40.0161,-75.1759, , 
 ,64816,2012073567,6,67,67301,2012,6,5,9999,99,1,1,0,1,1, , ,N,0,0,0,3,0,0,4,2,N,N,40 02:00.568,75 12:54.819,1800, ,1752, ,0, , , ,0, , , , , ,733799, , , ,2,1,0,0,1,0,0,0,0,0,0,0,0,0,0,0,0,0,0,0,0,0,0,0,0,0,0,0,0,0,0,0,0,0,0,0,0,40.0335,-75.2152, , 
 ,64817,2012078534,6,67,67301,2012,7,3,1129,11,1,1,0,8,1, , ,N,1,2,0,3,0,1,2,2,N,N,40 04:28.594,75 02:06.267,1220, ,1208, ,0, ,N, ,3, , , , , ,733802, , , ,1,1,0,0,0,0,0,0,0,0,0,1,1,0,0,0,0,0,0,0,0,0,0,0,0,0,0,0,0,0,0,0,1,0,0,4,0,40.0746,-75.0351, , 
 ,64818,2012098262,6,67,67301,2012,8,6,9999,99,8,9,8,8,1, , ,N,0,0,7,3,0,1,2,2,N, ,39 55:22.400,75 11:06.500,9999, ,9999, ,0, , , ,0, , , , , ,733820, , , ,1,1,0,0,0,0,0,0,0,0,0,0,1,1,0,0,0,0,0,0,0,0,0,0,0,0,0,0,0,0,0,0,1,0,0,8,0,39.9229,-75.1851, , 
 ,64819,2012098311,6,67,67301,2012,9,5,404,4,1,1,0,1,1, , ,N,0,0,0,3,0,1,3,3,N, ,39 59:14.784,75 06:29.995,440, ,437, ,0, , , ,0, , , , , ,733821, , , ,3,3,0,0,0,0,0,0,0,0,0,1,1,0,0,0,0,0,0,0,1,0,0,0,0,0,0,0,0,0,0,0,0,0,0,4,0,39.9875,-75.1084, , 
 ,64820,2012104176,6,67,67301,2012,9,6,1235,12,1,1,0,1,1, , ,N,0,0,0,3,0,1,4,5,N,N,40 03:35.410,75 04:08.418,1247, ,1245, ,0, ,N, ,0, , , , , ,733830, , , ,5,3,0,0,1,0,1,0,0,0,0,1,1,0,0,0,0,0,0,0,1,1,0,0,0,0,0,0,0,0,0,0,0,0,0,4,0,40.0598,-75.069, , 
 ,64821,2012108607,6,67,67301,2012,10,7,2140,21,3,1,0,7,7, , ,N,0,0,0,3,0,1,1,1,N,N,39 55:30.581,75 11:35.978,2145, ,2142, ,0, ,Y, ,0, , , , , ,733834, , , ,1,1,0,0,0,0,0,0,0,0,0,1,1,0,0,0,0,0,0,0,1,0,0,0,0,0,0,0,0,0,0,0,0,0,0,4,0,39.9252,-75.1933, , 
 ,64822,2012109054,6,67,67301,2012,10,2,1142,11,1,2,1,7,4, , ,N,0,0,0,3,0,0,1,1,N,N,39 55:36.554,75 11:42.023,1157, ,1144,1,1,3,N, ,0,N, , , , ,733835, , , ,1,1,0,0,0,0,0,0,0,0,0,0,0,0,0,0,0,0,0,0,0,0,0,0,0,0,0,0,0,0,0,0,0,0,0,0,0,39.9268,-75.195, , 
 ,64823,2012098433,6,67,67301,2012,9,7,1920,19,4,1,0,8,1, , ,N,0,0,0,3,0,1,2,1,N,N,39 58:25.878,75 07:32.599,1927, ,1925, ,0, ,N, ,0, , , , , ,733850, , , ,1,1,0,0,0,0,0,0,0,0,0,1,1,0,0,0,0,0,0,0,0,0,0,0,0,0,0,0,0,0,0,0,1,0,0,4,0,39.9739,-75.1257, , 
 ,64824,2012104616,6,67,67301,2012,10,2,830,8,1,1,0,2,1, , ,N,2,3,0,3,0,3,3,2,N,N,40 01:29.334,75 09:42.490,830, ,830,1,1,2,N, ,3,N, , , , ,733858, , , ,2,1,0,0,0,0,1,0,0,0,0,3,3,0,0,0,0,0,0,0,0,0,0,0,0,0,0,0,0,0,0,0,0,0,0,4,0,40.0248,-75.1618, , 
 ,64825,2013015596,6,67,67301,2012,6,6,1959,19,3,2,7,7,2, , ,N,0,0,0,3,0,0,1,1,N,N,40 00:56.380,75 03:11.379,2003, ,2000, ,0, ,N, ,0, , , , , ,733888, , , ,1,1,0,0,0,0,0,0,0,0,0,0,0,0,0,0,0,0,0,0,0,0,0,0,0,0,0,0,0,0,0,0,0,0,0,0,0,40.0157,-75.0531, , 
 ,64826,2013015597,6,67,67301,2012,6,5,514,5,5,1,0,5,1, , ,N,0,0,0,3,0,1,2,2,N,N,40 00:37.456,75 03:45.949,527, ,523,2,2,1,N, ,0,N, , , , ,733889, , , ,2,0,0,0,0,1,1,0,0,0,1,0,1,0,0,0,0,0,0,0,1,0,0,0,0,0,0,0,0,0,0,0,0,0,0,3,1,40.0104,-75.0629, , 
 ,64827,2013016283,6,67,67301,2012,12,6,1923,19,3,1,0,4,1, , ,N,1,2,0,3,0,1,6,2,N,N,39 57:10.033,75 10:00.712,1929, ,1925, ,0, ,N, ,3, , , , , ,733890, , , ,2,2,0,0,0,0,0,0,0,0,1,0,1,0,0,0,0,0,0,0,0,0,0,0,0,0,0,0,0,0,0,0,0,0,0,3,0,39.9528,-75.1669, , 
 ,64828,2012109666,6,67,67301,2012,10,2,1600,16,1,1,0,6,1, , ,N,0,0,0,3,0,0,1,2,N,N,40 01:40.652,75 09:54.126,1650, ,1640, ,0, ,N, ,0, , , , , ,733900, , , ,2,0,0,0,1,0,1,0,0,0,0,1,1,0,0,0,0,0,0,0,0,0,0,0,0,0,0,0,0,0,0,0,0,0,0,4,0,40.028,-75.165, , 
 ,64829,2012109720,6,67,67301,2012,10,4,551,5,3,9,8,4,1, , ,N,1,2,0,3,0,1,2,2,N,N,40 01:49.440,75 10:49.133,610, ,555, ,0, ,N, ,9, , , , , ,733901, , , ,2,2,0,0,0,0,0,0,0,0,0,0,1,1,0,0,1,0,0,0,1,0,0,0,0,0,0,0,0,0,0,0,0,0,0,8,0,40.0304,-75.1803, , 
 ,64830,2012111615,6,67,67301,2012,10,2,9999,99,1,1,0,4,1, , ,N,1,2,0,3,0,1,2,2,N,N,40 02:46.150,75 04:44.993,9999, ,9999,9,1,2,N, ,3,N, , , , ,733904, , , ,2,1,0,0,0,0,1,0,0,0,0,0,1,1,0,0,0,0,0,0,0,0,0,0,0,0,0,0,0,0,0,0,0,0,0,8,0,40.0462,-75.0792, , 
 ,64831,2012111722,6,67,67301,2012,10,1,453,4,3,1,0,7,3, , ,N,1,8,0,3,0,0,3,1,N, ,40 03:52.346,75 14:22.962,502, ,455,2,1,5, , ,3,Y, , , , ,733905, , , ,1,1,0,0,0,0,0,0,0,0,0,0,0,0,0,0,0,0,0,0,0,0,0,0,0,0,0,0,0,0,0,0,0,0,0,0,0,40.0645,-75.2397, , 
 ,64832,2012109658,6,67,67301,2012,10,4,1805,18,4,1,0,2,1, , ,N,0,0,0,3,0,1,3,3,N,N,40 02:27.901,75 11:29.952,1840, ,1830, ,0, ,N, ,0, , , , , ,736402, , , ,3,3,0,0,0,0,0,0,0,0,0,0,0,0,1,0,0,0,0,0,0,1,0,0,0,0,0,0,0,0,0,0,0,0,0,9,0,40.0411,-75.1917, , 
 ,64833,2013003640,6,67,67301,2012,11,2,1012,10,1,1,0,8,1, , ,N,1,2,0,3,0,1,2,2,N,N,40 01:54.231,75 10:43.900,1031, ,1021, ,0, ,N, ,3, , , , , ,736424, , , ,1,1,0,0,0,0,0,0,0,0,0,1,1,0,0,0,0,0,0,0,0,0,0,0,0,0,0,0,0,0,0,0,1,0,0,4,0,40.0317,-75.1789, , 
 ,64834,2013019934,6,67,67301,2012,12,3,230,2,3,1,1,4,1, , ,N,0,0,0,3,0,0,2,2,N,N,40 00:30.013,75 04:13.329,0, ,0, ,0, ,N, ,0, , , , , ,736426, , , ,2,1,0,0,0,0,0,0,0,0,0,0,0,0,0,0,0,0,0,0,1,0,0,0,0,0,0,0,0,0,0,0,0,0,0,0,0,40.0083,-75.0706, , 
 ,64835,2013019972,6,67,67301,2012,10,7,620,6,5,1,0,1,1, , ,N,0,0,0,3,0,2,3,2, , ,39 55:51.803,75 11:57.256,0, ,0, ,0, , , ,0, , , , , ,736427, , , ,2,2,0,0,0,0,0,0,0,0,2,0,2,0,1,0,0,0,0,0,0,0,0,0,0,0,0,0,0,0,0,0,0,0,0,3,0,39.9311,-75.1992, , 
 ,64836,2012098976,6,67,67301,2012,8,6,820,8,1,1,0,2,1, , ,N,1,2,0,3,0,1,5,2,N,N,40 03:37.581,75 10:01.313,925, ,912, ,0, ,N, ,3, , , , , ,736429, , , ,2,1,0,0,0,0,0,1,0,0,0,1,1,0,0,0,0,0,0,0,0,0,0,0,0,0,0,0,0,0,0,0,0,0,0,4,0,40.0604,-75.167, , 
 ,64837,2012122462,6,67,67301,2012,11,5,1049,10,1,1,0,4,1, , ,N,1,2,0,3,0,0,3,2,N,N,39 56:46.746,75 14:16.817,1055, ,1049, ,0, ,N, ,3, , , , , ,736458, , , ,2,2,0,0,0,0,0,0,0,0,0,0,0,0,0,0,0,0,0,0,0,0,0,0,0,0,0,0,0,0,0,0,0,0,0,9,0,39.9463,-75.238, , 
 ,64838,2013003973,6,67,67301,2012,12,1,628,6,3,2,1,4,2, , ,N,0,0,0,3,0,0,1,2,N,N,40 04:43.439,75 02:33.874,629, ,629,2,2,1,N, ,0,Y, , , , ,736494, , , ,2,1,0,0,1,0,0,0,0,0,0,0,0,0,0,0,0,0,0,0,0,0,0,0,0,0,0,0,0,0,0,0,0,0,0,0,0,40.0787,-75.0427, , 
 ,64839,2013006665,6,67,67301,2012,12,6,1541,15,1,1,0,1,1, , ,N,0,0,6,3,0,2,2,2,N,N,40 02:36.620,75 03:17.774,1546, ,1544,1,1,1,N, ,0,N, , , , ,736495, , , ,2,2,0,0,0,0,0,0,0,0,0,2,2,0,0,0,0,0,0,0,0,0,0,0,0,0,0,0,0,0,0,0,0,0,0,4,0,40.0435,-75.0549, , 
 ,64840,2012115247,6,67,67301,2012,8,7,500,5,6,2,1,7,3, , ,N,0,0,1,3,0,2,2,1,N,N,39 55:56.426,75 13:08.637,0, ,0, ,0, ,N, ,0, , , , , ,736499, , , ,1,0,0,0,0,0,1,0,0,0,0,0,2,2,0,0,0,0,0,0,0,0,0,0,0,0,0,0,0,0,0,0,0,0,0,8,0,39.9323,-75.2191, , 
 ,64841,2012122366,6,67,67301,2012,11,2,1749,17,3,1,0,2,1, , ,N,0,0,0,3,0,1,3,3,N,N,40 01:39.543,75 03:07.977,1759, ,1758, ,0, ,N, ,0, , , , , ,736504, , , ,3,3,0,0,0,0,0,0,0,0,0,1,1,0,0,0,0,0,0,0,0,0,0,0,0,0,0,0,0,0,0,0,0,0,0,4,0,40.0277,-75.0522, , 
 ,64842,2013003917,6,67,67301,2012,12,4,1420,14,1,1,0,7,1, , ,N,0,0,1,3,0,0,2,2,N,N,39 55:16.766,75 11:25.898,1430, ,1424, ,0, ,N, ,0, , , , , ,736517, , , ,2,2,0,0,0,0,0,0,0,0,0,0,0,0,0,0,0,0,0,0,1,0,0,0,0,0,0,0,0,0,0,0,0,0,0,0,0,39.9213,-75.1905, , 