wz_ln_closure,objectid_1,crn,district,county,municipality,crash_year,crash_month,day_of_week,time_of_day,hour_of_day,illumination,weather,road_condition,collision_type,relation_to_road,work_zone_type,work_zone_loc,work_zone_ind,intersect_type,tcd_type,location_type,urban_rural,fatal_count,injury_count,person_count,total_units,sch_bus_ind,sch_zone_ind,latitude,longitude,arrival_tm,cons_zone_spd_lim,dispatch_tm,est_hrs_closed,lane_closed,ln_close_dir,ntfy_hiwy_maint,spec_juris_cd,tcd_func_cd,tfc_detour_ind,workers_pres,wz_close_detour,wz_flagger,wz_law_offcr_ind,objectid,wz_moving,wz_other,wz_shlder_mdn,vehicle_count,automobile_count,motorcycle_count,bus_count,small_truck_count,heavy_truck_count,suv_count,van_count,bicycle_count,maj_inj_count,mod_inj_count,min_inj_count,tot_inj_count,unk_inj_deg_count,unk_inj_per_count,driver_count_16yr,driver_count_17yr,driver_count_18yr,driver_count_19yr,driver_count_20yr,driver_count_50_64yr,driver_count_65_74yr,driver_count_75plus,unbelted_occ_count,unb_death_count,unb_maj_inj_count,belted_death_count,belted_maj_inj_count,mcycle_death_count,mcycle_maj_inj_count,bicycle_death_count,bicycle_maj_inj_count,ped_count,ped_death_count,ped_maj_inj_count,max_severity_level,comm_veh_count,dec_lat,dec_long,rdwy_surf_type_cd,county_name
 ,64976,2013006704,6,67,67301,2012,12,3,1830,18,3,1,0,8,1, , ,N,1,2,2,3,0,1,2,2,N,N,39 56:59.546,75 08:37.466,1837, ,1835,1,1,3, , ,3,N, , , , ,734320, , , ,1,1,0,0,0,0,0,0,0,0,0,1,1,0,0,0,0,0,0,0,0,0,0,0,0,0,0,0,0,0,0,0,1,0,0,4,0,39.9499,-75.1436, , 
 ,64977,2013006860,6,67,67301,2012,12,7,1940,19,3,1,0,4,1, , ,N,1,2,0,3,0,2,3,2,N,N,40 01:15.937,75 08:23.758,1952, ,1944,1,2,7,N, ,3,Y, , , , ,734327, , , ,2,0,0,0,0,0,2,0,0,0,2,0,2,0,0,0,0,0,0,0,0,0,0,0,0,0,0,0,0,0,0,0,0,0,0,3,0,40.0211,-75.1399, , 
 ,64978,2012128295,6,67,67301,2012,11,3,1000,10,8,2,1,4,1, , ,N,1,2,0,3,0,1,2,2,N,N,40 01:37.801,75 09:04.478,1020, ,1015, ,0, ,N, ,3, , , , , ,736713, , , ,2,0,0,0,1,0,1,0,0,0,1,0,1,0,0,0,0,0,0,0,1,0,0,0,0,0,0,0,0,0,0,0,0,0,0,3,0,40.0272,-75.1512, , 
 ,64979,2013006738,6,67,67301,2012,12,1,121,1,3,1,0,4,1, , ,N,1,2,0,3,0,1,3,2,N,N,39 54:19.871,75 10:26.843,124, ,121,1,1,2,N, ,3,Y, , , , ,736735, , , ,2,1,0,0,1,0,0,0,0,0,0,0,1,1,0,0,0,0,0,0,0,0,0,0,0,0,0,0,0,0,0,0,0,0,0,8,0,39.9055,-75.1741, , 
 ,64980,2012123474,6,67,67301,2012,12,5,1630,16,4,1,0,1,1, , ,N,0,0,0,3,0,1,7,3,N,N,39 57:57.692,75 11:12.378,1642, ,1638,1,2,3,N, ,0,N, , , , ,736743, , , ,3,3,0,0,0,0,0,0,0,0,0,1,1,0,0,0,0,0,0,0,0,0,0,0,0,0,0,0,0,0,0,0,0,0,0,4,0,39.966,-75.1868, , 
 ,64981,2013003662,6,67,67301,2012,12,1,1540,15,1,2,1,1,1, , ,N,1,2,0,3,0,1,4,2,N,N,40 03:04.129,75 07:21.028,1555, ,1550, ,0, ,N, ,3, , , , , ,736757, , , ,2,1,0,0,0,0,1,0,0,0,0,1,1,0,0,0,0,0,0,0,0,0,0,0,0,0,0,0,0,0,0,0,0,0,0,4,0,40.0511,-75.1225, , 
 ,64982,2013003966,6,67,67301,2012,12,1,1220,12,1,1,0,4,1, , ,N,1,3,0,3,0,1,2,2,N,N,39 55:15.718,75 09:48.351,1230, ,1224,1,1,2,N, ,3,Y, , , , ,736758, , , ,2,2,0,0,0,0,0,0,0,0,0,1,1,0,0,0,0,0,0,0,0,0,0,0,0,0,0,0,0,0,0,0,0,0,0,4,0,39.921,-75.1634, , 
 ,64983,2012098954,6,67,67301,2012,9,7,1235,12,1,1,0,4,1, , ,N,0,0,0,3,0,4,9,4,N, ,40 03:40.528,75 08:52.864,1310, ,1300, ,0, , , ,0, , , , , ,736761, , , ,4,3,0,0,0,0,1,0,0,0,0,0,4,4,0,0,0,0,0,0,0,0,0,0,0,0,0,0,0,0,0,0,0,0,0,8,0,40.0613,-75.148, , 
 ,64984,2012111610,6,67,67301,2012,10,7,1030,10,1,1,0,4,1, , ,N,0,2,7,3,0,2,3,2,N,N,40 02:42.848,75 00:27.322,1042, ,1037, ,0, ,N, ,3, , , , , ,736775, , , ,2,1,0,0,0,0,0,1,0,0,0,0,2,2,0,0,0,1,0,0,0,0,0,0,0,0,0,0,0,0,0,0,0,0,0,8,0,40.0452,-75.0076, , 
 ,64985,2012113551,6,67,67301,2012,10,4,20,0,3,2,1,7,2, , ,N,0,0,0,3,0,1,1,1,N,N,39 58:56.125,75 12:27.800,1230, ,1221, ,0, ,N, ,0, , , , , ,736777, , , ,1,1,0,0,0,0,0,0,0,0,0,1,1,0,0,0,0,0,0,0,0,0,0,0,0,0,0,0,0,0,0,0,0,0,0,4,0,39.9823,-75.2077, , 
 ,64986,2013015600,6,67,67301,2012,7,3,623,6,1,1,0,0,1, , ,N,0,0,0,3,0,0,7,4,N,N,39 58:56.473,75 06:00.217,639, ,626, ,0, ,N, ,0, , , , , ,736797, , , ,4,3,0,0,0,1,0,0,0,0,0,0,0,0,0,0,0,0,0,0,0,0,0,0,0,0,0,0,0,0,0,0,0,0,0,0,1,39.9823,-75.1002, , 
 ,64987,2012128266,6,67,67301,2012,11,5,1055,10,1,1,0,1,1, , ,N,5,2,0,3,0,1,6,2,N,N,40 01:38.505,75 05:56.834,1117, ,1056,1,1,1,N, ,3,N, , , , ,736821, , , ,2,1,0,0,0,0,0,1,0,0,0,0,1,1,0,0,0,0,0,0,1,1,0,0,0,0,0,0,0,0,0,0,0,0,0,8,0,40.0274,-75.0991, , 
 ,64988,2012109808,6,67,67301,2012,10,5,1500,15,1,1,0,9,1, , ,N,2,2,0,3,0,0,3,2,N, ,40 00:05.039,75 04:53.662,1510, ,1504, ,0, , , ,3, , , , , ,736850, , , ,2,2,0,0,0,0,0,0,0,0,0,0,0,0,0,0,0,0,0,0,0,0,0,0,0,0,0,0,0,0,0,0,0,0,0,0,0,40.0014,-75.0816, , 
 ,64989,2012120121,6,67,67301,2012,10,4,1410,14,1,1,0,1,1, , ,N,0,0,0,3,0,1,2,2,N,N,40 00:49.829,75 10:45.527,1435, ,1417,2,1,2,N, ,0,N, , , , ,736868, , , ,2,2,0,0,0,0,0,0,0,0,0,1,1,0,1,0,0,0,0,0,0,0,0,0,0,0,0,0,0,0,0,0,0,0,0,4,0,40.0138,-75.1793, , 
 ,64990,2013003706,6,67,67301,2012,12,3,2120,21,2,1,0,1,1, , ,N,0,0,0,3,0,0,1,3,N,N,40 00:32.790,75 09:04.185,2128, ,2124, ,0, ,N, ,0, , , , , ,736872, , , ,3,2,0,0,1,0,0,0,0,0,0,0,0,0,0,0,0,0,0,0,0,1,0,0,0,0,0,0,0,0,0,0,0,0,0,0,0,40.0091,-75.1512, , 
 ,64991,2012111745,6,67,67301,2012,10,4,1850,18,1,1,0,8,1, , ,N,1,2,0,3,0,1,2,2,N,N,39 57:03.480,75 09:07.134,1908, ,1906, ,0, ,N, ,3, , , , , ,736895, , , ,1,1,0,0,0,0,0,0,0,0,0,0,1,1,0,0,0,0,0,0,0,0,0,1,0,0,0,0,0,0,0,0,1,0,0,8,0,39.9509,-75.152, , 
 ,64992,2012122481,6,67,67301,2012,11,5,1020,10,1,7,0,5,2, , ,N,0,0,7,3,0,1,3,3,N, ,40 05:16.239,75 02:05.801,1035, ,1030, ,0, , , ,0, , , , , ,736905, , , ,3,3,0,0,0,0,0,0,0,0,0,1,1,0,0,0,0,0,0,0,0,1,1,0,0,0,0,0,0,0,0,0,0,0,0,4,0,40.0878,-75.0349, , 
 ,64993,2013006766,6,67,67301,2012,12,5,746,7,1,1,0,7,4, , ,N,0,8,0,3,0,2,3,4,N,N,40 02:33.770,75 11:24.700,810, ,748,4,2,5,N, ,3,Y, , , , ,736913, , , ,4,2,0,0,1,0,1,0,0,0,1,0,2,1,0,0,0,0,0,0,0,0,0,1,0,0,0,0,0,0,0,0,0,0,0,3,1,40.0427,-75.1902, , 
 ,64994,2013006881,6,67,67301,2012,12,7,908,9,1,1,0,1,1, , ,N,1,2,0,3,0,1,2,2,N,N,39 55:26.156,75 13:19.597,908, ,908, ,0, ,N, ,3, , , , , ,736914, , , ,2,1,0,0,1,0,0,0,0,0,0,1,1,0,0,0,0,0,0,0,1,0,0,1,0,0,0,0,0,0,0,0,0,0,0,4,0,39.9239,-75.2221, , 
 ,64995,2012104009,6,67,67301,2012,9,4,2315,23,3,1,0,4,1, , ,N,1,2,0,3,0,2,3,3,N,N,39 55:34.561,75 11:03.741,2320, ,2315, ,0, ,N, ,9, , , , , ,736921, , , ,3,3,0,0,0,0,0,0,0,0,0,2,2,0,0,0,0,0,0,0,0,0,0,0,0,0,0,0,0,0,0,0,0,0,0,4,0,39.9263,-75.1844, , 
 ,64996,2013006746,6,67,67301,2012,12,2,1723,17,2,4,1,8,1, , ,N,1,0,0,3,0,2,3,3,N,N,39 55:31.677,75 11:16.803,1728, ,1724, ,0, ,N, ,0, , , , , ,742449, , , ,1,1,0,0,0,0,0,0,0,0,0,0,2,2,0,0,0,0,0,0,0,0,0,0,0,0,0,0,0,0,0,0,2,0,0,8,0,39.9255,-75.188, , 
 ,64997,2012120103,6,67,67301,2012,11,2,1215,12,1,1,0,6,1, , ,N,2,3,0,3,0,2,2,2,N,N,39 57:57.099,75 09:30.362,1218, ,1216, ,0, ,N, ,3, , , , , ,742453, , , ,2,2,0,0,0,0,0,0,0,0,0,0,2,2,0,0,0,0,0,0,0,0,0,0,0,0,0,0,0,0,0,0,0,0,0,8,0,39.9659,-75.1584, , 
 ,64998,2013003042,6,67,67301,2012,11,2,745,7,1,1,0,1,1, , ,N,0,0,0,3,0,0,4,3,N,N,40 02:23.145,75 00:25.103,801, ,754, ,0, ,N, ,0, , , , , ,742461, , , ,3,0,0,0,1,0,2,0,0,0,0,0,0,0,0,0,0,0,0,0,0,1,0,0,0,0,0,0,0,0,0,0,0,0,0,0,0,40.0398,-75.007, , 
 ,64999,2013004392,6,67,67301,2012,12,5,839,8,1,1,0,1,1, , ,N,2,2,0,3,0,1,5,3,N,N,40 05:00.849,75 01:35.146,843, ,842,1,1,1,N, ,3,N, , , , ,742462, , , ,3,3,0,0,0,0,0,0,0,0,0,0,1,1,0,0,0,0,1,1,0,0,0,0,0,0,0,0,0,0,0,0,0,0,0,8,0,40.0836,-75.0264, , 
 ,65000,2012117242,6,67,67301,2012,10,4,1521,15,1,1,0,1,1, , ,N,0,0,0,3,0,3,6,4,N,N,39 56:41.186,75 09:31.658,1535, ,1531,9,1,3,N, ,0,N, , , , ,742484, , , ,4,4,0,0,0,0,0,0,0,0,0,2,3,1,0,0,0,0,0,0,0,1,1,0,0,0,0,0,0,0,0,0,0,0,0,4,0,39.9448,-75.1588, , 
 ,65001,2012125508,6,67,67301,2012,11,7,1857,18,3,1,0,8,1, , ,N,1,2,0,3,0,1,3,3,N,N,39 59:32.825,75 10:46.468,1901, ,1859,1,2,5,N, ,3,Y, , , , ,742490, , , ,1,1,0,0,0,0,0,0,0,0,0,0,1,1,1,0,0,0,0,0,0,1,0,0,0,0,0,0,0,0,0,0,2,0,0,8,0,39.9925,-75.1796, , 
 ,65002,2013003723,6,67,67301,2012,12,7,437,4,3,1,0,2,1, , ,N,0,0,1,3,0,3,3,2,N,N,39 55:21.100,75 09:19.319,440, ,438,2,2,6,N, ,0,Y, , , , ,742500, , , ,2,1,0,0,0,0,1,0,0,0,1,1,3,1,0,0,0,0,0,0,0,0,0,1,0,0,0,0,0,0,0,0,0,0,0,3,0,39.9225,-75.1554, , 
 ,65003,2013004383,6,67,67301,2012,11,6,1722,17,3,1,0,1,1, , ,N,0,0,0,3,0,1,5,4,N,N,40 04:43.820,75 01:30.669,1724, ,1724, ,0, ,N, ,0, , , , , ,742501, , , ,4,4,0,0,0,0,0,0,0,0,0,1,1,0,1,0,0,0,0,0,1,0,0,1,0,0,0,0,0,0,0,0,0,0,0,4,0,40.0788,-75.0252, , 
 ,65004,2013009251,6,67,67301,2012,12,1,114,1,3,1,0,1,1, , ,N,0,0,0,3,1,3,5,4,N,N,40 00:32.368,75 08:56.945,116, ,114, ,0, ,N,0,0, , , , , ,742503, , , ,4,1,0,0,0,0,2,1,0,0,0,0,3,3,0,0,0,0,0,0,0,0,0,0,0,0,0,0,0,0,0,0,0,0,0,1,0,40.009,-75.1492,2, 
 ,65005,2012110053,6,67,67301,2012,11,5,341,3,3,1,0,7,4, , ,N,0,0,0,3,0,1,1,1,N,N,39 53:27.012,75 14:20.378,356, ,342, ,0, ,N, ,0, , , , , ,742505, , , ,1,1,0,0,0,0,0,0,0,0,1,0,1,0,0,0,0,0,0,0,0,0,0,0,0,0,0,0,0,0,0,0,0,0,0,3,0,39.8908,-75.239, , 
 ,65006,2012111776,6,67,67301,2012,10,3,9999,99,3,2,1,8,1, , ,N,1,2,0,3,0,2,3,3,N,N,39 57:40.404,75 10:30.555,2315, ,2319,1,2,4, , ,3,Y, , , , ,742506, , , ,1,0,0,0,0,0,1,0,0,0,0,2,2,0,0,0,0,0,0,0,0,0,0,0,0,0,0,0,0,0,0,0,2,0,0,4,1,39.9613,-75.175, , 
 ,65007,2012125526,6,67,67301,2012,11,4,1335,13,1,1,0,1,1, , ,N,1,2,0,3,0,1,8,2,N,N,40 02:40.636,75 03:16.819,1338, ,1336,1,1,2,N, ,3,N, , , , ,742516, , , ,2,2,0,0,0,0,0,0,0,0,0,1,1,0,0,0,0,0,0,0,1,0,0,0,0,0,0,0,0,0,0,0,0,0,0,4,0,40.0446,-75.0547, , 
 ,65008,2012129965,6,67,67301,2012,11,4,530,5,5,9,8,1,1, , ,N,1,2,0,3,0,1,3,3,N,N,40 02:04.567,75 04:16.161,15, ,10, ,0, ,N, ,3, , , , , ,742550, , , ,3,2,0,0,0,0,0,0,0,0,0,0,1,1,2,0,0,0,0,0,0,0,0,0,0,0,0,0,0,0,0,0,0,0,0,8,0,40.0348,-75.0711, , 
 ,65009,2013015582,6,67,67301,2012,4,2,1556,15,1,1,0,1,1, , ,N,0,0,0,3,0,3,4,3,N,N,39 58:34.970,75 11:45.880,1600, ,1556, ,0, ,N, ,0, , , , , ,742556, , , ,3,3,0,0,0,0,0,0,0,0,0,1,3,2,0,0,0,0,0,0,0,1,0,0,0,0,0,0,0,0,0,0,0,0,0,4,0,39.9764,-75.1961, , 
 ,65010,2012129073,6,67,67301,2012,11,3,1828,18,3,1,0,4,1, , ,N,1,3,0,3,0,1,3,2,N,N,40 03:06.062,75 05:26.325,1835, ,1831,1,2,2,N, ,3,Y, , , , ,742563, , , ,2,2,0,0,0,0,0,0,0,0,0,0,0,0,2,0,0,0,0,0,0,0,0,0,0,0,0,0,0,0,0,0,0,0,0,9,0,40.0517,-75.0906, , 
 ,65011,2013003930,6,67,67301,2012,12,4,735,7,1,1,0,8,1, , ,N,1,2,0,3,0,1,2,2,N,N,40 02:16.065,75 04:52.525,1110, ,1100, ,0, ,N, ,3, , , , , ,742570, , , ,1,1,0,0,0,0,0,0,0,0,0,0,1,1,0,0,0,0,0,0,0,0,0,0,0,0,0,0,0,0,0,0,1,0,0,8,0,40.0378,-75.0813, , 
 ,65012,2013006124,6,67,67301,2012,12,6,646,6,3,2,1,8,1, , ,N,1,2,0,3,0,1,2,2,N,N,40 02:39.900,75 08:36.425,648, ,648, ,0, ,N, ,3, , , , , ,742573, , , ,1,0,0,0,0,0,0,1,0,0,0,0,1,1,0,0,0,0,0,0,0,0,0,0,0,0,0,0,0,0,0,0,1,0,0,8,0,40.0444,-75.1435, , 
 ,65013,2013006809,6,67,67301,2012,12,2,1045,10,1,1,0,5,2, , ,N,0,0,0,3,0,0,2,2,N,N,40 05:01.904,75 02:20.046,1050, ,1047, ,0, , , ,0, , , , , ,742574, , , ,2,1,0,0,1,0,0,0,0,0,0,0,0,0,0,0,0,0,0,0,0,0,0,1,0,0,0,0,0,0,0,0,0,0,0,0,0,40.0839,-75.0389, , 
 ,65014,2013002429,6,67,67301,2012,12,6,228,2,3,2,7,7,2, , ,N,0,0,0,3,0,3,3,1,N,N,39 57:27.228,75 10:49.246,242, ,237,2,2,3,N, ,0,N, , , , ,740023, , , ,1,1,0,0,0,0,0,0,0,0,0,0,3,3,0,0,0,0,0,0,0,0,0,2,0,0,0,0,0,0,0,0,0,0,0,8,0,39.9576,-75.1803, , 
 ,65015,2013006869,6,67,67301,2012,12,6,1730,17,3,1,0,1,1, , ,N,0,0,0,3,0,1,5,4,N,N,40 06:28.562,74 59:48.280,1750, ,1740, ,0, ,N, ,0, , , , , ,740025, , , ,4,1,0,0,2,0,0,1,0,0,0,1,1,0,0,0,0,0,0,0,1,0,0,0,0,0,0,0,0,0,0,0,0,0,0,4,0,40.1079,-74.9967, , 
 ,65016,2012122385,6,67,67301,2012,11,1,1730,17,3,1,0,1,1, , ,N,1,0,0,3,0,1,4,2,N, ,40 02:44.369,75 03:22.731,1745, ,1737, ,0, , , ,0, , , , , ,740029, , , ,2,2,0,0,0,0,0,0,0,0,0,1,1,0,0,0,0,0,0,0,1,0,0,0,0,0,0,0,0,0,0,0,0,0,0,4,0,40.0456,-75.0564, , 
 ,65017,2012125674,6,67,67301,2012,12,5,2247,22,3,1,0,7,4, , ,N,0,0,0,3,0,1,1,1,N,N,39 58:07.021,75 11:29.132,2255, ,2253,2,2,3,N, ,0,N, , , , ,740034, , , ,1,0,0,0,0,0,1,0,0,0,0,1,1,0,0,0,0,0,0,0,0,0,0,0,0,0,0,0,0,0,0,0,0,0,0,4,0,39.9686,-75.1914, , 
 ,65018,2012117282,6,67,67301,2012,10,6,900,9,1,2,1,1,1, , ,N,1,2,0,3,0,1,2,2,N,N,40 03:28.059,75 00:31.473,930, ,917, ,0, ,N, ,3, , , , , ,740061, , , ,2,1,0,0,1,0,0,0,0,0,0,0,1,1,0,0,0,0,0,0,0,0,0,0,0,0,0,0,0,0,0,0,0,0,0,8,0,40.0578,-75.0087, , 
 ,65019,2012123453,6,67,67301,2012,9,1,2316,23,3,1,0,1,1, , ,N,0,0,0,3,0,2,2,2,N,N,39 56:59.243,75 08:28.783,2322, ,2316,1,2,1,N, ,0,N, , , , ,740067, , , ,2,0,0,0,0,0,2,0,0,0,1,1,2,0,0,0,0,0,0,0,0,0,0,0,0,0,0,0,0,0,0,0,0,0,0,3,0,39.9497,-75.1414, , 
 ,65020,2013003819,6,67,67301,2012,12,5,916,9,1,1,0,5,1, , ,N,0,0,0,3,0,1,2,2,N, ,39 56:02.475,75 11:45.672,918, ,916, ,0, ,N, ,0, , , , , ,740079, , , ,2,1,0,0,1,0,0,0,0,0,1,0,1,0,0,0,0,0,0,0,0,0,1,0,0,0,0,0,0,0,0,0,0,0,0,3,0,39.934,-75.196, , 
 ,65021,2013006191,6,67,67301,2012,12,2,1045,10,1,1,0,4,1, , ,N,2,3,0,3,0,3,4,2,N,N,40 03:45.997,75 08:22.401,1110, ,1106,1,1,1,N, ,3,N, , , , ,740080, , , ,2,2,0,0,0,0,0,0,0,0,0,0,3,3,0,0,0,0,0,0,0,0,1,0,0,0,0,0,0,0,0,0,0,0,0,8,0,40.0628,-75.1396, , 
 ,65022,2012125525,6,67,67301,2012,11,4,730,7,1,1,0,1,1, , ,N,0,0,0,3,0,1,5,2,N,N,40 02:11.098,75 03:55.052,736, ,733, ,0,2,N, ,0, , , , , ,740097, , , ,2,1,0,0,0,0,1,0,0,0,0,1,1,0,0,0,0,0,0,1,0,0,0,0,0,0,0,0,0,0,0,0,0,0,0,4,0,40.0364,-75.0653, , 
 ,65023,2012128168,6,67,67301,2012,11,2,1541,15,1,1,0,4,1, , ,N,1,2,0,3,0,1,2,2,N,N,39 55:21.975,75 14:18.329,1657, ,1657, ,0, , , ,3, , , , , ,740101, , , ,2,2,0,0,0,0,0,0,0,0,0,0,1,1,0,0,0,0,0,0,0,0,0,0,0,0,0,0,0,0,0,0,0,0,0,8,0,39.9228,-75.2384, , 
 ,65024,2012128205,6,67,67301,2012,11,1,135,1,3,1,0,2,1, , ,N,1,2,0,3,0,0,2,2,N, ,39 56:04.912,75 13:57.835,144, ,140,2,2,5, , ,3,Y, , , , ,740102, , , ,2,1,0,0,0,0,1,0,0,0,0,0,0,0,0,0,0,0,0,0,1,0,0,0,0,0,0,0,0,0,0,0,0,0,0,0,0,39.9347,-75.2327, , 
 ,65025,2013003802,6,67,67301,2012,12,5,830,8,1,1,0,1,1, , ,N,0,0,0,3,0,2,4,3,N,N,40 04:03.414,75 00:31.429,840, ,835, ,0, ,N, ,0, , , , , ,740106, , , ,3,2,0,0,1,0,0,0,0,0,0,0,2,2,0,0,0,0,0,0,0,0,0,0,0,0,0,0,0,0,0,0,0,0,0,8,0,40.0676,-75.0087, , 
 ,65026,2012111742,6,67,67301,2012,10,7,1500,15,1,1,0,4,1, , ,N,1,3,0,3,0,1,3,2,N, ,40 00:01.684,75 07:10.714,1610, ,1600, ,0, ,N, ,3, , , , , ,740113, , , ,2,1,0,0,1,0,0,0,0,0,0,1,1,0,0,0,0,0,0,0,2,0,0,0,0,0,0,0,0,0,0,0,0,0,0,4,0,40.0005,-75.1196, , 
 ,65027,2012113561,6,67,67301,2012,11,6,1505,15,1,1,0,1,1, , ,N,0,0,0,3,0,0,4,3,N,N,39 59:33.110,75 12:03.585,1511, ,1506, ,0, ,N, ,0, , , , , ,740127, , , ,3,2,0,0,0,0,1,0,0,0,0,0,0,0,0,0,0,0,0,0,0,0,0,0,0,0,0,0,0,0,0,0,0,0,0,0,0,39.9925,-75.201, , 
 ,65028,2012128216,6,67,67301,2012,11,7,1141,11,1,1,0,4,1, , ,N,1,2,0,3,0,0,3,2,N,N,40 03:08.049,75 10:32.957,1145, ,1143,1,1,3,N, ,3,N, , , , ,740140, , , ,2,2,0,0,0,0,0,0,0,0,0,0,0,0,0,0,0,0,0,0,0,1,0,0,0,0,0,0,0,0,0,0,0,0,0,0,0,40.0522,-75.1758, , 
 ,65029,2013004007,6,67,67301,2012,12,4,810,8,1,1,0,1,1, , ,N,0,0,0,3,0,1,2,2,N,N,40 02:04.646,75 11:51.936,930, ,849, ,0, ,N, ,0, , , , , ,740151, , , ,1,0,0,0,0,0,0,0,1,0,0,0,1,1,1,0,0,0,0,0,0,0,0,0,0,0,0,0,0,0,0,0,0,0,0,8,0,40.0346,-75.1978, , 
 ,65030,2013006865,6,67,67301,2012,12,4,1025,10,1,1,0,4,1, , ,N,0,2,7,3,0,2,3,2,N,N,39 57:39.778,75 14:45.547,1040, ,1030, ,0, ,N, ,3, , , , , ,740164, , , ,2,2,0,0,0,0,0,0,0,0,1,1,2,0,0,0,0,0,0,0,1,0,0,0,0,0,0,0,0,0,0,0,0,0,0,3,0,39.9611,-75.246, , 
 ,65031,2012123346,6,67,67301,2012,11,4,225,2,1,2,1,5,9, , ,N,2,3,0,3,0,0,3,2,N,N,40 00:56.408,75 08:24.331,315, ,315, ,0, ,N, ,3, , , , , ,740180, , , ,2,1,0,0,0,1,0,0,0,0,0,0,0,0,3,0,0,0,0,0,1,0,0,0,0,0,0,0,0,0,0,0,0,0,0,9,0,40.0157,-75.1401, , 
 ,65032,2013006866,6,67,67301,2012,12,6,545,5,5,9,0,8,1, , ,N,0,9,0,3,0,1,2,2,N,N,40 05:22.501,75 03:25.680,822, ,9999, ,0, ,N, ,9, , , , , ,734328, , , ,1,1,0,0,0,0,0,0,0,0,0,1,1,0,0,0,0,0,0,0,0,0,0,0,0,0,0,0,0,0,0,0,1,0,0,4,0,40.0896,-75.0571, , 
 ,65033,2012066418,6,67,67301,2012,6,2,200,2,3,6,1,4,6, , ,N,0,0,0,3,0,0,1,2,N,N,40 01:12.398,75 05:43.439,255, ,250, ,0, ,N, ,0, , , , , ,734335, , , ,2,0,0,0,2,0,0,0,0,0,0,0,0,0,0,0,0,0,0,0,0,0,0,0,0,0,0,0,0,0,0,0,0,0,0,0,0,40.0203,-75.0952, , 
 ,65034,2012073199,6,67,67301,2012,7,3,309,3,3,1,0,7,4, , ,N,0,0,2,3,0,1,1,1,N,N,39 58:17.689,75 11:35.333,316, ,310,1,2,4,N, ,0,N, , , , ,734342, , , ,1,1,0,0,0,0,0,0,0,0,0,0,1,1,0,0,0,0,0,0,0,0,0,0,0,0,0,0,0,0,0,0,0,0,0,8,0,39.9716,-75.1931, , 
 ,65035,2012085907,6,67,67301,2012,5,7,1000,10,1,1,0,4,1, , ,N,1,2,0,3,0,1,3,3,N, ,39 56:29.972,75 10:45.670,1010, ,1002, ,0, , , ,3, , , , , ,734358, , , ,3,1,0,0,0,0,2,0,0,0,1,0,1,0,2,0,0,0,0,0,0,0,0,0,0,0,0,0,0,0,0,0,0,0,0,3,0,39.9417,-75.1794, , 
 ,65036,2012095084,6,67,67301,2012,9,3,2023,20,3,2,1,7,2, , ,N,0,0,0,3,0,0,1,1,N,N,40 02:41.641,75 00:08.625,2032, ,2028,1,1,2,N, ,0,N, , , , ,734370, , , ,1,1,0,0,0,0,0,0,0,0,0,0,0,0,0,0,0,0,0,0,0,0,0,0,0,0,0,0,0,0,0,0,0,0,0,0,0,40.0449,-75.0024, , 
 ,65037,2012095625,6,67,67301,2012,8,4,905,9,1,1,0,1,1, , ,N,0,0,0,3,0,1,1,2,N,N,40 01:43.162,75 05:24.208,912, ,910, ,0, ,N, ,0, , , , , ,734371, , , ,1,1,0,0,0,0,0,0,0,0,0,0,1,1,0,0,0,0,0,0,0,0,0,0,0,0,0,0,0,0,0,0,0,0,0,8,0,40.0287,-75.0901, , 
 ,65038,2013003795,6,67,67301,2012,12,5,1318,13,1,1,0,2,1, , ,N,1,2,0,3,0,2,2,2,N,N,40 01:06.607,75 03:27.456,1321, ,1319,1,2,5,N, ,3,Y, , , , ,734380, , , ,2,1,1,0,0,0,0,0,0,0,0,0,2,2,0,0,0,0,0,0,1,0,0,0,0,0,0,0,0,0,0,0,0,0,0,8,0,40.0185,-75.0576, , 
 ,65039,2012122353,6,67,67301,2012,11,5,800,8,1,9,1,7,5, , ,N,1,3,0,3,0,1,2,2,N,N,39 55:46.422,75 14:36.171,1310, ,1300, ,0, ,N, ,3, , , , , ,734386, , , ,1,1,0,0,0,0,0,0,0,0,0,1,1,0,0,0,0,0,0,0,0,0,0,0,0,0,0,0,0,0,0,0,0,0,0,4,0,39.9296,-75.2434, , 
 ,65040,2012104286,6,67,67301,2012,9,3,947,9,1,1,0,8,1, , ,N,0,0,0,3,0,1,2,2,N,N,40 06:42.696,74 59:27.828,1010, ,1000, ,0, ,N, ,0, , , , , ,734402, , , ,1,1,0,0,0,0,0,0,0,0,0,1,1,0,0,0,0,0,0,0,1,0,0,0,0,0,0,0,0,0,0,0,1,0,0,4,0,40.1119,-74.9911, , 
 ,65041,2012111800,6,67,67301,2012,10,5,855,8,1,1,0,4,1, , ,N,2,3,0,3,0,0,2,2,N,N,39 55:59.851,75 08:41.348,856, ,856,2,1,3,N, ,3,Y, , , , ,734406, , , ,2,1,0,0,0,0,1,0,0,0,0,0,0,0,0,0,0,0,0,0,1,0,0,0,0,0,0,0,0,0,0,0,0,0,0,0,0,39.9333,-75.1448, , 