wz_ln_closure,objectid_1,crn,district,county,municipality,crash_year,crash_month,day_of_week,time_of_day,hour_of_day,illumination,weather,road_condition,collision_type,relation_to_road,work_zone_type,work_zone_loc,work_zone_ind,intersect_type,tcd_type,location_type,urban_rural,fatal_count,injury_count,person_count,total_units,sch_bus_ind,sch_zone_ind,latitude,longitude,arrival_tm,cons_zone_spd_lim,dispatch_tm,est_hrs_closed,lane_closed,ln_close_dir,ntfy_hiwy_maint,spec_juris_cd,tcd_func_cd,tfc_detour_ind,workers_pres,wz_close_detour,wz_flagger,wz_law_offcr_ind,objectid,wz_moving,wz_other,wz_shlder_mdn,vehicle_count,automobile_count,motorcycle_count,bus_count,small_truck_count,heavy_truck_count,suv_count,van_count,bicycle_count,maj_inj_count,mod_inj_count,min_inj_count,tot_inj_count,unk_inj_deg_count,unk_inj_per_count,driver_count_16yr,driver_count_17yr,driver_count_18yr,driver_count_19yr,driver_count_20yr,driver_count_50_64yr,driver_count_65_74yr,driver_count_75plus,unbelted_occ_count,unb_death_count,unb_maj_inj_count,belted_death_count,belted_maj_inj_count,mcycle_death_count,mcycle_maj_inj_count,bicycle_death_count,bicycle_maj_inj_count,ped_count,ped_death_count,ped_maj_inj_count,max_severity_level,comm_veh_count,dec_lat,dec_long,rdwy_surf_type_cd,county_name
 ,65109,2012109776,6,67,67301,2012,10,3,1320,13,1,1,0,5,6, , ,N,0,0,0,3,0,1,4,2,N,N,39 58:49.490,75 13:18.002,1340, ,1335, ,0, ,N, ,0, , , , , ,734592, , , ,2,0,0,0,0,0,1,1,0,0,0,0,1,1,0,0,0,0,0,0,1,0,0,0,0,0,0,0,0,0,0,0,0,0,0,8,0,39.9804,-75.2217, , 
 ,65110,2012117226,6,67,67301,2012,10,2,1000,10,1,1,0,4,1, , ,N,0,3,7,3,0,0,2,2,N, ,40 04:06.894,75 00:22.391,1010, ,1005, ,0, , , ,3, , , , , ,734599, , , ,2,2,0,0,0,0,0,0,0,0,0,0,0,0,1,0,0,0,0,0,0,0,1,0,0,0,0,0,0,0,0,0,0,0,0,9,0,40.0686,-75.0062, , 
 ,65111,2012120427,6,67,67301,2012,11,5,1125,11,1,1,0,4,1, , ,N,1,2,0,3,0,1,2,2,N,N,39 56:43.175,75 14:30.351,1150, ,1130, ,0, ,N, ,3, , , , , ,734602, , , ,2,1,0,0,0,1,0,0,0,0,0,0,0,0,1,0,0,0,0,0,0,1,0,0,0,0,0,0,0,0,0,0,0,0,0,9,1,39.9453,-75.2418, , 
 ,65112,2013003961,6,67,67301,2012,12,7,1410,14,1,1,0,2,1, , ,N,1,2,0,3,0,1,2,2,N, ,39 55:02.334,75 10:28.574,1418, ,1415,1,2,3, , ,3,Y, , , , ,734611, , , ,2,1,0,0,0,0,0,1,0,0,0,0,1,1,0,0,0,0,0,0,0,0,1,2,0,0,0,0,0,0,0,0,0,0,0,8,0,39.9173,-75.1746, , 
 ,65113,2012117362,6,67,67301,2012,10,5,838,8,1,1,0,2,1, , ,N,0,0,0,3,0,1,2,1,N, ,39 56:13.902,75 10:43.820,848, ,843, ,0, , , ,0, , , , , ,734615, , , ,1,1,0,0,0,0,0,0,0,0,0,0,1,1,0,0,0,0,0,0,1,0,0,0,0,0,0,0,0,0,0,0,1,0,0,8,0,39.9372,-75.1788, , 
 ,65114,2012125539,6,67,67301,2012,11,4,1235,12,1,1,0,5,4, , ,N,0,0,0,3,0,1,2,2,N, ,39 55:18.509,75 10:12.620,1250, ,1240, ,0, , , ,0, , , , , ,734622, , , ,2,1,0,0,0,0,1,0,0,0,0,1,1,0,0,0,0,0,0,0,0,0,0,1,0,0,0,0,0,0,0,0,0,0,0,4,0,39.9218,-75.1702, , 
 ,65115,2013003739,6,67,67301,2012,12,1,1210,12,1,2,1,4,1, , ,N,1,3,0,3,0,1,2,2,N,N,40 03:18.136,75 08:05.204,1215, ,1212, ,0, ,N, ,3, , , , , ,734626, , , ,2,2,0,0,0,0,0,0,0,0,0,0,1,1,0,0,0,0,0,0,0,1,0,0,0,0,0,0,0,0,0,0,0,0,0,8,0,40.055,-75.1348, , 
 ,65116,2012117303,6,67,67301,2012,10,1,238,2,3,1,0,8,1, , ,N,1,2,0,3,1,0,2,2,N,N,39 57:34.106,75 13:59.495,249, ,241,4,2,3, ,0,3,Y, , , , ,734635, , , ,1,1,0,0,0,0,0,0,0,0,0,0,0,0,0,0,0,0,0,0,0,0,0,0,0,0,0,0,0,0,0,0,1,1,0,1,0,39.9595,-75.2332,2, 
 ,65117,2013002856,6,67,67301,2012,11,2,632,6,5,1,0,7,1, , ,N,0,0,0,3,0,0,2,2,N,N,39 58:20.708,75 11:36.670,640, ,635, ,0, ,N, ,0, , , , , ,734648, , , ,2,1,0,0,0,1,0,0,0,0,0,0,0,0,0,0,0,0,0,0,0,0,0,0,0,0,0,0,0,0,0,0,0,0,0,0,1,39.9724,-75.1935, , 
 ,65118,2013003972,6,67,67301,2012,12,6,1157,11,8,2,1,1,1, , ,N,2,2,0,3,0,1,3,3,N,N,40 05:36.346,75 01:52.568,1158, ,1158, ,0, ,N, ,3, , , , , ,734650, , , ,2,2,0,0,0,0,0,0,0,0,0,0,1,1,0,0,0,0,0,0,0,0,0,0,0,0,0,0,0,0,0,0,1,0,0,8,0,40.0934,-75.0313, , 
 ,65119,2013006080,6,67,67301,2012,12,7,435,4,3,1,0,4,1, , ,N,0,0,0,3,0,1,2,2,N,N,40 02:23.540,75 04:41.770,500, ,452, ,0, ,N, ,0, , , , , ,734654, , , ,2,1,0,0,0,0,0,0,0,0,0,1,1,0,0,0,0,0,0,0,0,0,0,0,0,0,0,0,0,0,0,0,0,0,0,4,0,40.0398,-75.0781, , 
 ,65120,2013006788,6,67,67301,2012,12,6,1746,17,3,1,0,4,1, , ,N,0,0,0,3,0,0,2,2,N,N,39 54:14.590,75 13:34.046,1822, ,1822,3,1,1,N, ,0,N, , , , ,734655, , , ,2,1,0,0,0,0,0,1,0,0,0,0,0,0,0,0,0,0,0,0,0,0,0,0,0,0,0,0,0,0,0,0,0,0,0,0,0,39.9041,-75.2261, , 
 ,65121,2012104134,6,67,67301,2012,9,4,2206,22,3,1,0,1,1, , ,N,0,2,0,3,0,0,3,2,N,N,39 57:17.157,75 09:10.038,2208, ,2206, ,0, ,N, ,3, , , , , ,734659, , , ,2,2,0,0,0,0,0,0,0,0,0,0,0,0,0,0,0,0,0,0,0,0,0,0,0,0,0,0,0,0,0,0,0,0,0,0,0,39.9548,-75.1528, , 
 ,65122,2013021023,6,67,67301,2012,10,7,1200,12,1,1,0,1,1, , ,N,0,0,0,3,0,1,3,2, , ,39 58:58.139,75 07:06.952,0, ,0, ,0, , , ,0, , , , , ,734680, , , ,2,2,0,0,0,0,0,0,0,0,0,0,1,1,2,0,0,0,0,0,0,0,0,0,0,0,0,0,0,0,0,0,0,0,0,8,0,39.9828,-75.1186, , 
 ,65123,2013004001,6,67,67301,2012,12,1,1734,17,3,1,0,7,5, , ,N,2,3,0,3,0,1,1,1,N,N,39 56:54.582,75 13:23.692,1737, ,1735, ,0, ,N, ,3, , , , , ,734707, , , ,1,1,0,0,0,0,0,0,0,0,0,0,1,1,0,0,0,0,0,0,0,0,0,0,0,0,0,0,0,0,0,0,0,0,0,8,0,39.9485,-75.2232, , 
 ,65124,2013015611,6,67,67301,2012,7,6,1815,18,1,1,0,1,1, , ,N,0,0,0,3,0,1,6,4,N,N,39 55:30.854,75 11:36.230,1825, ,1821, ,0, ,N, ,0, , , , , ,737105, , , ,4,3,0,0,0,0,1,0,0,0,0,1,1,0,0,0,0,0,0,0,1,0,0,0,0,0,0,0,0,0,0,0,0,0,0,4,0,39.9252,-75.1934, , 
 ,65125,2012109084,6,67,67301,2012,10,1,1942,19,3,2,1,7,2, , ,N,6,0,2,3,0,6,13,1,N,N,39 56:26.520,75 08:36.704,1952, ,1948, ,0, ,N, ,0, , , , , ,737125, , , ,1,0,0,0,0,0,0,1,0,0,1,5,6,0,0,0,0,0,0,0,0,0,0,2,0,0,0,0,0,0,0,0,0,0,0,3,0,39.9407,-75.1435, , 
 ,65126,2012117319,6,67,67301,2012,10,7,2055,20,3,1,0,4,1, , ,N,1,2,0,3,0,1,3,2,N, ,39 57:22.551,75 09:46.043,2310, ,2306, ,0, , , ,3, , , , , ,737132, , , ,2,1,0,0,0,0,1,0,0,0,0,0,1,1,0,0,0,0,0,0,1,0,0,0,0,0,0,0,0,0,0,0,0,0,0,8,0,39.9562,-75.1627, , 
 ,65127,2013006095,6,67,67301,2012,12,1,112,1,3,1,0,6,1, , ,N,0,0,0,3,0,0,1,3,N,N,40 02:10.989,75 12:45.770,114, ,112, ,0, ,N, ,0, , , , , ,737156, , , ,3,2,0,0,0,0,1,0,0,0,0,0,0,0,0,0,0,0,0,0,0,0,0,0,0,0,0,0,0,0,0,0,0,0,0,0,0,40.0364,-75.2127, , 
 ,65128,2013012011,6,67,67301,2012,12,5,1951,19,3,1,0,4,1, , ,N,0,0,7,3,0,2,2,2,N,N,40 01:41.681,75 12:18.924,2004, ,2000,1,1,1,N, ,0,Y, , , , ,737157, , , ,2,2,0,0,0,0,0,0,0,0,0,2,2,0,0,0,1,0,0,0,1,0,0,0,0,0,0,0,0,0,0,0,0,0,0,4,0,40.0282,-75.2053, , 
 ,65129,2012060819,6,67,67301,2012,5,1,1945,19,4,1,0,4,1, , ,N,1,2,0,3,0,2,4,2,N,N,40 04:50.725,75 01:42.964,2025, ,1955,1,2,2,N, ,3,Y, , , , ,737165, , , ,2,2,0,0,0,0,0,0,0,0,0,1,2,1,0,0,0,0,0,0,0,0,0,0,0,0,0,0,0,0,0,0,0,0,0,4,0,40.0809,-75.0288, , 
 ,65130,2012122420,6,67,67301,2012,11,1,148,1,3,1,0,4,1, , ,N,0,0,0,3,0,2,3,2,N,N,39 59:52.080,75 08:48.690,152, ,151, ,0, ,N, ,0, , , , , ,737175, , , ,2,2,0,0,0,0,0,0,0,0,1,1,2,0,1,0,0,0,0,0,0,0,0,0,0,0,0,0,0,0,0,0,0,0,0,3,0,39.9978,-75.1469, , 
 ,65131,2013003866,6,67,67301,2012,12,1,2145,21,3,2,1,4,1, , ,N,1,2,0,3,0,4,6,3,N, ,40 02:16.788,75 04:04.754,2153, ,2149, ,0, , , ,3, , , , , ,737187, , , ,3,2,0,0,1,0,0,0,0,0,0,1,4,3,0,0,0,0,0,0,0,0,0,0,0,0,0,0,0,0,0,0,0,0,0,4,0,40.038,-75.068, , 
 ,65132,2013006728,6,67,67301,2012,12,1,9999,99,3,1,0,5,1, , ,N,0,0,0,3,0,2,3,2,N,N,40 03:53.363,75 02:31.231,130, ,128,3,1,2, , ,0,N, , , , ,737188, , , ,2,2,0,0,0,0,0,0,0,0,0,2,2,0,1,0,0,0,0,0,0,0,0,0,0,0,0,0,0,0,0,0,0,0,0,4,0,40.0648,-75.042, , 
 ,65133,2013004405,6,67,67301,2012,12,4,335,3,2,1,1,7,2, , ,N,0,0,0,3,0,0,2,1,N,N,39 56:28.869,75 14:06.736,405, ,400, ,0, ,N, ,0, , , , , ,737208, , , ,1,1,0,0,0,0,0,0,0,0,0,0,0,0,0,0,0,0,0,0,0,0,0,0,0,0,0,0,0,0,0,0,0,0,0,0,0,39.9414,-75.2352, , 
 ,65134,2013007312,6,67,67301,2012,12,1,1222,12,1,1,0,4,1, , ,N,1,2,0,3,0,1,2,2,N,N,40 04:51.077,75 01:43.585,1224, ,1224,1,1,1,N, ,3,N, , , , ,737210, , , ,2,2,0,0,0,0,0,0,0,0,0,1,1,0,0,0,0,0,0,0,0,0,0,0,0,0,0,0,0,0,0,0,0,0,0,4,0,40.0808,-75.0286, , 
 ,65135,2013011981,6,67,67301,2012,12,2,2352,23,3,6,1,6,1, , ,N,0,0,0,3,0,0,2,4,N,N,40 00:58.827,75 06:31.399,12, ,8, ,0, ,N, ,0, , , , , ,737211, , , ,4,3,0,0,0,0,1,0,0,0,0,0,0,0,0,0,0,0,0,0,0,0,0,1,0,0,0,0,0,0,0,0,0,0,0,0,0,40.0163,-75.1087, , 
 ,65136,2012098271,6,67,67301,2012,9,1,1544,15,1,1,0,8,1, , ,N,0,2,0,3,0,1,3,2,N,N,39 57:14.042,75 09:53.945,1558, ,1553,2,1,2,N, ,3,N, , , , ,737216, , , ,1,1,0,0,0,0,0,0,0,0,0,1,1,0,0,0,0,0,0,0,1,0,0,0,0,0,0,0,0,0,0,0,1,0,0,4,0,39.9539,-75.165, , 
 ,65137,2012128284,6,67,67301,2012,11,2,850,8,1,1,0,8,1, , ,N,1,2,0,3,0,1,2,2,N, ,39 59:10.572,75 09:22.129,858, ,856, ,0, , , ,3, , , , , ,737238, , , ,1,0,0,0,0,0,0,0,0,0,0,1,1,0,0,0,0,0,0,0,0,0,0,0,0,0,0,0,0,0,0,0,1,0,0,4,0,39.9863,-75.1561, , 
 ,65138,2012129838,6,67,67301,2012,12,1,737,7,1,1,0,5,1, , ,N,0,0,0,3,0,0,2,2,N,N,40 00:50.343,75 03:21.905,748, ,740,1,2,1,N, ,0,N, , , , ,737240, , , ,2,2,0,0,0,0,0,0,0,0,0,0,0,0,2,0,0,0,0,0,0,1,0,1,0,0,0,0,0,0,0,0,0,0,0,9,0,40.0139,-75.0562, , 
 ,65139,2012117230,6,67,67301,2012,10,7,1558,15,1,1,0,1,1, , ,N,1,2,0,3,0,2,5,2,N,N,39 57:26.761,75 13:45.491,1600, ,1558, ,0, ,N, ,3, , , , , ,737254, , , ,2,2,0,0,0,0,0,0,0,0,0,0,2,2,0,0,0,0,0,1,0,0,0,2,0,0,0,0,0,0,0,0,0,0,0,8,0,39.9574,-75.2293, , 
 ,65140,2012109918,6,67,67301,2012,10,7,212,2,3,1,0,5,6, , ,N,0,2,0,3,0,1,1,2,N, ,40 00:10.243,75 08:16.195,255, ,249,2,2,1, , ,3,N, , , , ,737267, , , ,2,2,0,0,0,0,0,0,0,0,0,0,0,0,1,0,0,0,0,0,0,0,0,0,0,0,0,0,0,0,0,0,0,0,0,9,0,40.0028,-75.1378, , 
 ,65141,2012110942,6,67,67301,2012,10,2,826,8,1,2,7,7,2, , ,N,0,0,0,3,0,1,2,2,N,N,39 58:42.062,75 06:39.363,829, ,828,2,2,2,N, ,0,Y, , , , ,737268, , , ,2,1,0,0,0,1,0,0,0,0,0,0,1,1,0,0,0,0,0,0,2,0,0,0,0,0,0,0,0,0,0,0,0,0,0,8,1,39.9784,-75.1109, , 
 ,65142,2012126089,6,67,67301,2012,12,2,943,9,1,5,1,7,2, , ,N,0,0,0,3,0,0,2,2,N,N,39 54:03.473,75 09:11.288,952, ,943, ,0, ,N, ,0, , , , , ,742694, , , ,2,2,0,0,0,0,0,0,0,0,0,0,0,0,0,0,0,0,0,0,0,0,0,0,0,0,0,0,0,0,0,0,0,0,0,0,0,39.901,-75.1531, , 
 ,65143,2013003800,6,67,67301,2012,12,7,2200,22,3,1,0,6,1, , ,N,1,2,0,3,0,1,4,3,N,N,40 00:54.823,75 10:11.829,2220, ,2201,1,1,5,N, ,3,Y, , , , ,742702, , , ,3,3,0,0,0,0,0,0,0,0,0,1,1,0,3,0,0,0,0,0,2,0,0,0,0,0,0,0,0,0,0,0,0,0,0,4,0,40.0152,-75.1699, , 
 ,65144,2013004390,6,67,67301,2012,11,5,1515,15,1,1,0,7,5, , ,N,0,0,0,3,0,1,1,1,N,N,40 03:48.141,75 01:19.692,1516, ,1515,2,2,6, , ,0,Y, , , , ,742703, , , ,1,0,0,0,1,0,0,0,0,0,0,1,1,0,0,0,0,0,0,0,1,0,0,0,0,0,0,0,0,0,0,0,0,0,0,4,0,40.0634,-75.0221, , 
 ,65145,2013012082,6,67,67301,2012,11,1,1815,18,3,1,0,4,1, , ,N,0,0,0,3,0,1,3,3,N,N,40 02:50.282,75 05:15.100,1825, ,1820, ,0, ,N, ,0, , , , , ,742705, , , ,3,1,0,0,1,0,1,0,0,0,0,0,1,1,0,0,0,0,0,0,0,0,0,0,0,0,0,0,0,0,0,0,0,0,0,8,0,40.0473,-75.0875, , 
 ,65146,2012119995,6,67,67301,2012,10,4,1400,14,1,1,0,2,1, , ,N,1,2,0,3,0,1,2,2,N,N,39 56:55.287,75 14:15.021,1405, ,1400, ,0, , , ,3, , , , , ,742723, , , ,2,2,0,0,0,0,0,0,0,0,0,1,1,0,0,0,0,0,0,0,0,0,1,0,0,0,0,0,0,0,0,0,0,0,0,4,0,39.9487,-75.2375, , 
 ,65147,2012125522,6,67,67301,2012,11,7,1518,15,1,1,0,1,1, , ,N,2,2,2,3,0,0,3,2,N,N,39 56:18.571,75 08:31.577,1537, ,1530, ,0, ,N, ,3, , , , , ,742730, , , ,2,1,0,0,0,0,1,0,0,0,0,0,0,0,0,0,0,0,0,0,0,0,0,0,0,0,0,0,0,0,0,0,0,0,0,0,0,39.9385,-75.1421, , 
 ,65148,2012130691,6,67,67301,2012,12,6,201,2,3,2,1,7,3, , ,N,0,0,0,3,0,0,1,1,N,N,39 57:50.210,75 11:03.578,201, ,201,1,1,4,N, ,0,N, , , , ,742734, , , ,1,0,0,0,0,0,0,1,0,0,0,0,0,0,0,0,0,0,0,0,1,0,0,0,0,0,0,0,0,0,0,0,0,0,0,0,0,39.9639,-75.1843, , 
 ,65149,2012128408,6,67,67301,2012,12,7,259,2,3,2,1,1,1, , ,N,0,0,0,3,0,0,3,2,N,N,39 57:35.776,75 10:45.463,356, ,308,2,2,3,N, ,0,Y, , , , ,742744, , , ,2,2,0,0,0,0,0,0,0,0,0,0,0,0,0,0,0,0,0,1,0,0,0,0,0,0,0,0,0,0,0,0,0,0,0,0,0,39.9599,-75.1793, , 
 ,65150,2013029633,6,67,67301,2012,12,1,1822,18,3,1,0,4,1, , ,N,1,2,0,3,0,2,4,2,N, ,39 58:46.036,75 13:31.401,1830, ,1822, ,0, , , ,3, , , , , ,742750, , , ,2,2,0,0,0,0,0,0,0,0,0,2,2,0,0,0,0,0,0,0,0,0,0,0,0,0,0,0,0,0,0,0,0,0,0,4,0,39.9794,-75.2253, , 
 ,65151,2012114503,6,67,67301,2012,11,5,1933,19,3,1,0,7,2, , ,N,0,0,0,3,0,0,1,1,N,N,39 55:34.027,75 08:48.351,1942, ,1936,1,2,1,N, ,0,N, , , , ,742812, , , ,1,1,0,0,0,0,0,0,0,0,0,0,0,0,0,0,0,0,0,0,1,0,0,0,0,0,0,0,0,0,0,0,0,0,0,0,0,39.926,-75.1468, , 
 ,65152,2012122421,6,67,67301,2012,11,1,1555,15,1,1,0,1,1, , ,N,0,0,0,3,0,3,5,3,N,N,39 59:54.303,75 07:42.918,1605, ,1600, ,0, ,N, ,0, , , , , ,742834, , , ,3,1,0,0,0,0,0,1,0,0,0,3,3,0,0,0,0,0,0,0,0,0,0,0,0,0,0,0,0,0,0,0,0,0,0,4,0,39.9984,-75.1286, , 
 ,65153,2012118755,6,67,67301,2012,11,1,1803,18,3,1,0,5,1, , ,N,0,0,0,3,0,2,3,2,N,N,39 57:54.907,75 08:15.126,1814, ,1811, ,0, ,N, ,0, , , , , ,742865, , , ,2,0,0,0,0,0,2,0,0,0,0,1,2,1,0,0,0,0,0,0,1,0,0,0,0,0,0,0,0,0,0,0,0,0,0,4,0,39.9653,-75.1375, , 
 ,65154,2013003821,6,67,67301,2012,11,5,1556,15,1,1,0,2,1, , ,N,2,2,0,3,0,1,2,2,N,N,39 56:55.283,75 09:32.299,1558, ,1556, ,0, ,N, ,3, , , , , ,742883, , , ,1,0,0,0,1,0,0,0,0,0,0,0,1,1,0,0,0,0,0,0,0,0,0,0,0,0,0,0,0,0,0,0,1,0,0,8,0,39.9487,-75.1589, , 
 ,65155,2013004043,6,67,67301,2012,11,3,1750,17,3,2,1,2,1, , ,N,1,2,0,3,0,2,2,2,N, ,40 03:10.938,74 58:57.912,1805, ,1755, ,0, , , ,3, , , , , ,742884, , , ,2,2,0,0,0,0,0,0,0,0,0,1,2,1,0,0,0,0,0,0,0,0,0,0,0,0,0,0,0,0,0,0,0,0,0,4,0,40.053,-74.9827, , 
 ,65156,2013003987,6,67,67301,2012,11,4,1522,15,1,1,0,4,1, , ,N,1,3,0,3,0,0,2,2,N,N,40 04:56.856,74 57:53.308,1534, ,1527, ,0, , , ,3, , , , , ,742902, , , ,2,2,0,0,0,0,0,0,0,0,0,0,0,0,0,0,0,0,0,0,0,0,0,0,0,0,0,0,0,0,0,0,0,0,0,0,0,40.0825,-74.9648, , 
 ,65157,2013006767,6,67,67301,2012,12,6,9999,99,1,1,1,5,1, , ,N,0,0,7,3,0,2,6,2,N,N,39 54:53.662,75 09:24.299,1140, ,1132, ,0, ,N, ,0, , , , , ,742903, , , ,2,2,0,0,0,0,0,0,0,0,0,2,2,0,0,0,0,0,0,0,0,1,0,0,0,0,0,0,0,0,0,0,0,0,0,4,0,39.9149,-75.1567, , 
 ,65158,2013006895,6,67,67301,2012,12,4,1344,13,1,1,0,1,1, , ,N,0,0,0,3,0,0,2,2,N,N,40 01:13.936,75 09:33.331,1344, ,1344,1,2,4,N, ,0,N, , , , ,742904, , , ,2,2,0,0,0,0,0,0,0,0,0,0,0,0,2,0,0,0,0,0,1,0,0,0,0,0,0,0,0,0,0,0,0,0,0,9,0,40.0205,-75.1593, , 
 ,65159,2012128148,6,67,67301,2012,11,5,105,1,3,1,0,7,5, , ,N,2,0,0,3,0,1,1,1,N,N,40 01:25.298,75 09:28.465,110, ,108, ,9,1,N, ,0, , , , , ,742911, , , ,1,1,0,0,0,0,0,0,0,0,0,0,1,1,0,0,0,0,0,0,0,0,0,1,0,0,0,0,0,0,0,0,0,0,0,8,0,40.0237,-75.1579, , 
 ,65160,2012120030,6,67,67301,2012,11,5,235,2,3,1,0,4,1, , ,N,1,3,0,3,0,1,2,4,N,N,40 02:41.008,75 07:17.184,240, ,238, ,0, ,N, ,3, , , , , ,742924, , , ,4,2,0,0,0,0,2,0,0,0,0,1,1,0,0,0,0,0,0,0,0,0,0,1,0,0,0,0,0,0,0,0,0,0,0,4,0,40.0447,-75.1214, , 
 ,65161,2012126376,6,67,67301,2012,11,6,1240,12,1,1,0,4,1, , ,N,1,2,0,3,0,1,5,1,N,N,40 01:54.428,75 05:07.226,1255, ,1245,2,2,3,N, ,3,Y, , , , ,732043, , , ,2,1,0,0,0,0,1,0,0,0,0,1,1,0,0,0,0,0,0,0,1,0,0,0,0,0,0,0,0,0,0,0,0,0,0,4,0,40.0318,-75.0853, , 
 ,65162,2012128150,6,67,67301,2012,11,2,1040,10,1,1,0,4,1, , ,N,1,2,0,3,0,1,2,2,N,N,39 55:09.777,75 10:14.532,1046, ,1044, ,0, ,N, ,3, , , , , ,732046, , , ,1,1,0,0,0,0,0,0,1,0,0,1,1,0,0,0,0,0,0,0,0,0,0,0,0,0,0,0,0,0,0,0,0,0,0,4,0,39.9194,-75.1707, , 
 ,65163,2013003959,6,67,67301,2012,11,5,1847,18,3,1,0,1,1, , ,N,1,2,0,3,0,0,7,4,N,N,39 55:05.344,75 10:15.986,1849, ,1847,1,1,2,N, ,3,N, , , , ,732051, , , ,4,3,0,0,0,0,1,0,0,0,0,0,0,0,0,0,0,0,0,0,1,0,1,0,0,0,0,0,0,0,0,0,0,0,0,0,0,39.9181,-75.171, , 
 ,65164,2012075952,6,67,67301,2012,6,2,1500,15,1,1,0,8,1, , ,N,0,0,0,3,0,1,2,2,N,N,39 57:34.491,75 13:29.814,1537, ,1537, ,0, ,N, ,0, , , , , ,732068, , , ,1,0,0,0,0,0,1,0,0,0,0,1,1,0,0,0,0,0,0,0,1,0,0,1,0,0,0,0,0,0,0,0,1,0,0,4,0,39.9596,-75.2249, , 
 ,65165,2012096948,6,67,67301,2012,8,2,1637,16,1,1,0,1,1, , ,N,0,0,0,3,0,1,2,2,N,N,39 58:50.579,75 12:21.383,1649, ,1642,2,1,4,N, ,0,N, , , , ,732082, , , ,2,1,0,0,0,0,1,0,0,1,0,0,1,0,0,0,0,0,0,0,0,0,0,0,0,0,0,1,0,0,0,0,0,0,0,2,0,39.9807,-75.2059, , 
 ,65166,2012104032,6,67,67301,2012,9,1,2200,22,3,1,0,4,1, , ,N,1,2,0,3,0,1,1,2,N, ,39 58:47.528,75 08:34.317,2200, ,2200, ,0, , , ,3, , , , , ,732086, , , ,1,0,0,0,0,0,1,0,1,0,0,0,1,1,0,0,0,0,0,0,0,0,0,0,0,0,0,0,0,0,0,0,0,0,0,8,0,39.9799,-75.1429, , 
 ,65167,2012116471,6,67,67301,2012,11,4,1810,18,3,1,0,1,1, , ,N,0,0,0,3,0,1,2,2,N,N,40 02:58.221,74 59:40.190,1855, ,1849, ,0, ,N, ,0, , , , , ,732097, , , ,2,2,0,0,0,0,0,0,0,0,0,1,1,0,0,0,0,0,0,0,0,0,0,0,0,0,0,0,0,0,0,0,0,0,0,4,0,40.0495,-74.9946, , 
 ,65168,2012117363,6,67,67301,2012,10,2,1605,16,1,1,0,4,1, , ,N,0,0,0,3,0,1,3,3,N,N,40 00:50.675,75 03:59.000,1627, ,1627, ,0, ,N, ,0, , , , , ,732099, , , ,3,3,0,0,0,0,0,0,0,0,0,0,1,1,1,0,0,0,0,1,1,0,0,0,0,0,0,0,0,0,0,0,0,0,0,8,0,40.0141,-75.0664, , 
 ,65169,2012099001,6,67,67301,2012,9,6,1020,10,1,1,0,4,1, , ,N,1,2,0,3,0,1,2,2,N, ,40 05:57.235,74 59:43.576,1035, ,1030, ,0, , , ,3, , , , , ,732110, , , ,2,2,0,0,0,0,0,0,0,0,0,1,1,0,0,0,0,0,0,0,0,0,0,0,0,0,0,0,0,0,0,0,0,0,0,4,0,40.0992,-74.9954, , 
 ,65170,2012111768,6,67,67301,2012,10,1,9999,99,3,1,0,4,1, , ,N,1,3,0,3,0,4,8,2,N, ,40 01:37.128,75 05:09.567,1900, ,1853, ,0, , , ,3, , , , , ,732122, , , ,2,1,0,0,0,0,1,0,0,0,0,2,4,2,1,0,0,0,0,0,2,0,0,0,0,0,0,0,0,0,0,0,0,0,0,4,0,40.027,-75.086, , 
 ,65171,2012117307,6,67,67301,2012,10,5,2230,22,3,1,0,2,1, , ,N,0,0,0,3,0,0,2,2,N,N,40 02:12.001,75 10:50.386,2308, ,2302, ,0, ,N, ,0, , , , , ,732129, , , ,2,2,0,0,0,0,0,0,0,0,0,0,0,0,0,0,0,0,0,0,0,0,0,0,0,0,0,0,0,0,0,0,0,0,0,0,0,40.0367,-75.1807, , 
 ,65172,2012114886,6,67,67301,2012,10,1,1910,19,3,1,0,6,1, , ,N,0,0,0,3,0,0,2,2,N, ,40 06:35.582,75 01:26.889,1922, ,1919, ,0, , , ,0, , , , , ,732155, , , ,2,1,0,0,1,0,0,0,0,0,0,0,0,0,0,0,0,0,1,1,0,0,0,0,0,0,0,0,0,0,0,0,0,0,0,0,0,40.1099,-75.0241, , 
 ,65173,2012122393,6,67,67301,2012,11,1,1755,17,3,1,0,4,1, , ,N,1,2,0,3,0,1,3,2,N, ,39 57:27.542,75 09:44.544,1803, ,1755, ,0, , , ,3, , , , , ,732158, , , ,2,0,0,0,0,1,0,1,0,0,0,0,0,0,3,0,0,0,0,0,0,0,0,0,0,0,0,0,0,0,0,0,0,0,0,9,0,39.9577,-75.1624, , 
 ,65174,2012122487,6,67,67301,2012,10,4,706,7,1,1,0,7,2, , ,N,0,0,0,3,0,2,2,1,N,N,40 05:58.799,74 59:12.862,716, ,706, ,0, ,N, ,0, , , , , ,732159, , , ,1,1,0,0,0,0,0,0,0,0,1,1,2,0,0,0,0,0,0,0,0,0,0,0,0,0,0,0,0,0,0,0,0,0,0,3,0,40.0997,-74.9869, , 