wz_ln_closure,objectid_1,crn,district,county,municipality,crash_year,crash_month,day_of_week,time_of_day,hour_of_day,illumination,weather,road_condition,collision_type,relation_to_road,work_zone_type,work_zone_loc,work_zone_ind,intersect_type,tcd_type,location_type,urban_rural,fatal_count,injury_count,person_count,total_units,sch_bus_ind,sch_zone_ind,latitude,longitude,arrival_tm,cons_zone_spd_lim,dispatch_tm,est_hrs_closed,lane_closed,ln_close_dir,ntfy_hiwy_maint,spec_juris_cd,tcd_func_cd,tfc_detour_ind,workers_pres,wz_close_detour,wz_flagger,wz_law_offcr_ind,objectid,wz_moving,wz_other,wz_shlder_mdn,vehicle_count,automobile_count,motorcycle_count,bus_count,small_truck_count,heavy_truck_count,suv_count,van_count,bicycle_count,maj_inj_count,mod_inj_count,min_inj_count,tot_inj_count,unk_inj_deg_count,unk_inj_per_count,driver_count_16yr,driver_count_17yr,driver_count_18yr,driver_count_19yr,driver_count_20yr,driver_count_50_64yr,driver_count_65_74yr,driver_count_75plus,unbelted_occ_count,unb_death_count,unb_maj_inj_count,belted_death_count,belted_maj_inj_count,mcycle_death_count,mcycle_maj_inj_count,bicycle_death_count,bicycle_maj_inj_count,ped_count,ped_death_count,ped_maj_inj_count,max_severity_level,comm_veh_count,dec_lat,dec_long,rdwy_surf_type_cd,county_name
 ,65241,2012114868,6,67,67301,2012,10,2,1612,16,1,1,0,6,1, , ,N,1,2,0,3,0,1,2,2,N,N,40 05:04.029,75 02:18.148,1616, ,1614, ,0, , , ,3, , , , , ,723458, , , ,2,2,0,0,0,0,0,0,0,0,0,0,0,0,0,0,0,0,0,0,1,0,1,0,0,0,0,0,0,0,0,0,0,0,0,0,0,40.0845,-75.0384, , 
 ,65242,2012051792,6,67,67301,2012,1,1,1100,11,1,1,0,4,1, , ,N,1,3,0,3,0,1,2,2,N,N,39 57:48.060,75 09:46.616,0, ,0, ,0, ,N, ,3, , , , , ,723473, , , ,2,1,0,0,0,0,1,0,0,0,0,0,1,1,0,0,0,0,0,0,1,0,0,0,0,0,0,0,0,0,0,0,0,0,0,8,0,39.9634,-75.1629, , 
 ,65243,2012056574,6,67,67301,2012,4,1,213,2,3,1,0,4,1, , ,N,0,0,0,3,0,2,4,3,N, ,39 57:52.570,75 08:26.019,213, ,213, ,0, , , ,0, , , , , ,723476, , , ,3,2,0,0,1,0,0,0,0,0,0,2,2,0,0,0,0,0,0,0,0,0,0,0,0,0,0,0,0,0,0,0,0,0,0,4,0,39.9646,-75.1406, , 
 ,65244,2012069024,6,67,67301,2012,7,3,1848,18,1,1,0,7,4, , ,N,0,0,0,3,0,0,1,1,N,N,39 55:52.892,75 11:57.652,1853, ,1850,1,1,4,N, ,0,N, , , , ,723478, , , ,1,1,0,0,0,0,0,0,0,0,0,0,0,0,0,0,0,0,0,0,0,0,0,0,0,0,0,0,0,0,0,0,0,0,0,0,0,39.9314,-75.1993, , 
 ,65245,2012073623,6,67,67301,2012,6,5,1720,17,1,1,0,5,1, , ,N,0,0,0,3,0,2,4,2,N,N,40 01:55.100,75 05:07.500,1736, ,1726, ,0, ,N, ,0, , , , , ,723519, , , ,2,2,0,0,0,0,0,0,0,0,0,2,2,0,0,0,0,0,0,0,1,0,0,0,0,0,0,0,0,0,0,0,0,0,0,4,0,40.032,-75.0854, , 
 ,65246,2012078604,6,67,67301,2012,7,2,1900,19,1,1,0,4,1, , ,N,0,0,0,3,0,1,1,3,N, ,40 03:50.954,75 08:59.787,1920, ,1912, ,0, , , ,0, , , , , ,723521, , , ,3,3,0,0,0,0,0,0,0,0,0,1,1,0,0,0,1,0,0,0,0,0,0,0,0,0,0,0,0,0,0,0,0,0,0,4,0,40.0642,-75.1499, , 
 ,65247,2013006172,6,67,67301,2012,12,3,1020,10,8,1,0,2,1, , ,N,1,3,0,3,0,1,2,2,N,N,40 02:32.251,75 04:07.849,2227, ,2210,3,2,6,N, ,3,Y, , , , ,723532, , , ,2,1,1,0,0,0,0,0,0,0,0,0,1,1,0,0,0,0,0,0,1,0,0,0,0,0,0,0,0,0,0,0,0,0,0,8,0,40.0423,-75.0688, , 
 ,65248,2013006838,6,67,67301,2012,12,7,1820,18,3,1,0,4,1, , ,N,1,2,0,3,0,2,2,2,N,N,39 57:25.867,75 12:07.023,1825, ,1823, ,0, ,N, ,3, , , , , ,723533, , , ,2,2,0,0,0,0,0,0,0,0,0,0,2,2,0,0,0,0,0,0,0,0,0,0,0,0,0,0,0,0,0,0,0,0,0,8,0,39.9571,-75.2019, , 
 ,65249,2013006892,6,67,67301,2012,12,1,1630,16,3,2,1,2,1, , ,N,1,3,0,3,0,1,3,2,N,N,39 57:12.484,75 14:40.527,1646, ,1641, ,0, ,N, ,3, , , , , ,723534, , , ,2,0,0,0,1,0,1,0,0,0,0,0,1,1,0,0,0,0,0,0,0,0,0,0,0,0,0,0,0,0,0,0,0,0,0,8,0,39.9535,-75.2446, , 
 ,65250,2012103952,6,67,67301,2012,9,1,915,9,1,1,0,1,6, , ,N,0,0,0,3,0,0,2,3,N,N,39 56:21.231,75 08:40.009,1045, ,1038, ,0, ,N, ,0, , , , , ,723540, , , ,3,3,0,0,0,0,0,0,0,0,0,0,0,0,0,0,0,0,0,0,0,0,0,1,0,0,0,0,0,0,0,0,0,0,0,9,0,39.9392,-75.1444, , 
 ,65251,2012104092,6,67,67301,2012,9,6,1605,16,1,1,0,2,1, , ,N,10,3,0,3,0,1,1,1,N,N,40 02:10.064,75 05:54.603,1606, ,1606, ,0, ,N, ,3, , , , , ,723541, , , ,1,1,0,0,0,0,0,0,0,0,1,0,1,0,0,0,0,0,0,0,0,0,0,0,0,0,0,0,0,0,0,0,0,0,0,3,0,40.0361,-75.0985, , 
 ,65252,2014088622,6,67,67301,2012,7,5,1255,12,1,1,0,8,1, , ,N,0,2,0,3,0,1,2,3,N,N,39 57:56.479,75 14:02.270,1355, ,1346, ,0, ,N, ,3, , , , , ,726467, , , ,2,2,0,0,0,0,0,0,0,0,1,0,1,0,0,0,0,0,0,0,0,0,0,0,0,0,0,0,0,0,0,0,1,0,0,3,0,39.9657,-75.234, , 
 ,65253,2012120040,6,67,67301,2012,10,4,1739,17,1,1,0,4,1, , ,N,1,2,0,3,0,0,3,2,N,N,40 00:50.174,75 03:20.262,1754, ,1754, ,0, , , ,3, , , , , ,726468, , , ,2,2,0,0,0,0,0,0,0,0,0,0,0,0,0,0,1,0,0,0,0,0,0,0,0,0,0,0,0,0,0,0,0,0,0,0,0,40.0139,-75.0556, , 
 ,65254,2013004036,6,67,67301,2012,12,7,1842,18,2,1,0,4,1, , ,N,1,2,0,3,0,5,5,2,N, ,40 02:12.310,75 02:26.659,1846, ,1844,3,2,5, , ,3,Y, , , , ,726485, , , ,2,0,0,0,0,0,2,0,0,1,1,1,5,2,0,0,0,0,0,0,0,1,0,0,0,0,0,0,0,0,0,0,0,0,0,2,0,40.0368,-75.0407, , 
 ,65255,2013016213,6,67,67301,2012,12,1,2200,22,3,1,0,7,5, , ,N,0,0,0,3,0,1,1,1,N,N,40 02:38.727,75 14:05.895,2210, ,2208, ,0, ,N, ,0, , , , , ,726492, , , ,1,1,0,0,0,0,0,0,0,0,0,0,1,1,0,0,0,0,0,0,0,0,0,0,0,0,0,0,0,0,0,0,0,0,0,8,0,40.0441,-75.235, , 
 ,65256,2012109822,6,67,67301,2012,10,2,733,7,1,1,1,4,1, , ,N,2,3,0,3,0,1,3,2,N,N,39 57:58.334,75 14:57.487,741, ,737, ,0, ,N, ,9, , , , , ,726495, , , ,2,2,0,0,0,0,0,0,0,0,0,1,1,0,0,0,0,0,0,0,0,0,0,0,0,0,0,0,0,0,0,0,0,0,0,4,0,39.9662,-75.2493, , 
 ,65257,2012109874,6,67,67301,2012,10,1,1104,11,1,2,1,1,1, , ,N,1,2,0,3,0,2,3,2,N,N,39 53:31.043,75 14:31.507,1107, ,9999,9,1,3, , ,3,N, , , , ,726496, , , ,2,2,0,0,0,0,0,0,0,0,0,2,2,0,0,0,0,0,0,0,0,0,0,0,0,0,0,0,0,0,0,0,0,0,0,4,0,39.8919,-75.2419, , 
 ,65258,2012125505,6,67,67301,2012,11,5,1258,12,1,1,0,1,2, , ,N,0,0,0,3,0,0,2,2,N,N,40 01:15.250,75 03:47.929,1425, ,1422, ,0, ,N, ,0, , , , , ,726508, , , ,2,1,0,0,0,0,1,0,0,0,0,0,0,0,0,0,0,0,0,0,0,0,0,0,0,0,0,0,0,0,0,0,0,0,0,0,0,40.0209,-75.0633, , 
 ,65259,2012060830,6,67,67301,2012,5,4,1549,15,1,1,0,8,1, , ,N,0,0,0,3,0,1,2,2,N, ,39 55:49.940,75 11:15.660,1550, ,1550, ,0, , , ,0, , , , , ,726521, , , ,1,1,0,0,0,0,0,0,0,0,0,1,1,0,0,0,0,0,0,0,0,0,0,0,0,0,0,0,0,0,0,0,1,0,0,4,0,39.9305,-75.1877, , 
 ,65260,2012068813,6,67,67301,2012,5,7,1145,11,1,1,0,4,1, , ,N,1,2,0,3,0,1,5,2,N,N,39 57:46.609,75 08:27.409,1152, ,1150, ,0, ,N, ,3, , , , , ,726525, , , ,2,0,1,0,0,0,0,1,0,0,0,1,1,0,0,0,0,0,0,0,1,0,0,0,0,0,0,0,0,0,0,0,0,0,0,4,0,39.9629,-75.1409, , 
 ,65261,2012095486,6,67,67301,2012,8,7,2217,22,3,1,0,9,9, , ,N,0,0,0,3,0,1,1,2,N,N,39 55:39.097,75 10:28.297,2329, ,2318, ,0, ,N, ,0, , , , , ,726546, , , ,2,2,0,0,0,0,0,0,0,0,0,1,1,0,0,0,0,0,0,0,0,0,0,0,0,0,0,0,0,0,0,0,0,0,0,4,0,39.9275,-75.1745, , 
 ,65262,2012096972,6,67,67301,2012,9,7,2142,21,3,1,0,7,7, , ,N,2,0,2,3,0,0,3,1,N,N,39 54:38.089,75 10:22.870,2142, ,2142, ,0, ,N, ,0, , , , , ,726548, , , ,1,1,0,0,0,0,0,0,0,0,0,0,0,0,0,0,0,0,0,0,0,0,0,0,0,0,0,0,0,0,0,0,0,0,0,0,0,39.9106,-75.1727, , 
 ,65263,2012063887,6,67,67301,2012,5,7,1427,14,1,1,0,4,1, , ,N,2,3,0,3,0,3,3,2,N,N,40 04:04.652,75 09:16.142,1435, ,1430, ,0, ,N, ,3, , , , , ,726557, , , ,2,2,0,0,0,0,0,0,0,0,0,0,3,3,0,0,0,0,0,1,0,0,0,0,0,0,0,0,0,0,0,0,0,0,0,8,0,40.068,-75.1545, , 
 ,65264,2012066676,6,67,67301,2012,6,4,1455,14,1,1,0,8,6, , ,N,0,0,0,3,0,1,4,2,N,N,40 03:10.404,75 07:24.301,1753, ,1751, ,0, ,N, ,0, , , , , ,726560, , , ,1,1,0,0,0,0,0,0,0,0,0,1,1,0,0,0,0,0,0,0,0,0,0,0,0,0,0,0,0,0,0,0,1,0,0,4,0,40.0529,-75.1234, , 
 ,65265,2012111701,6,67,67301,2012,9,5,9999,99,3,2,1,1,1, , ,N,1,2,0,3,0,3,3,2,N, ,39 58:04.242,75 13:41.404,1159, ,1154,9,2,7, , ,3,Y, , , , ,726582, , , ,2,1,0,0,0,0,0,1,0,0,0,0,3,3,0,0,0,0,0,0,0,0,0,0,0,0,0,0,0,0,0,0,0,0,0,8,0,39.9678,-75.2282, , 
 ,65266,2012112347,6,67,67301,2012,11,7,1457,14,1,1,0,1,1, , ,N,0,0,0,3,0,2,6,3,N,N,39 56:33.521,75 11:36.020,1520, ,1506,1,2,4,N, ,0,N, , , , ,726584, , , ,3,2,0,0,0,0,1,0,0,0,0,0,2,2,0,0,0,0,0,0,0,0,0,0,0,0,0,0,0,0,0,0,0,0,0,8,0,39.9417,-75.1943, , 
 ,65267,2012060701,6,67,67301,2012,5,6,529,5,3,1,0,1,1, , ,N,2,2,0,3,0,1,2,2,N,N,40 02:24.861,75 03:30.268,529, ,529,1,1,1,N, ,3,N, , , , ,726591, , , ,2,2,0,0,0,0,0,0,0,0,0,1,1,0,0,0,0,0,0,0,2,0,0,0,0,0,0,0,0,0,0,0,0,0,0,4,0,40.0402,-75.0584, , 
 ,65268,2012109857,6,67,67301,2012,10,6,806,8,3,1,0,2,1, , ,N,1,2,0,3,0,1,2,2,N,N,40 00:31.034,75 04:07.810,2006, ,2006, ,0, ,N, ,3, , , , , ,726627, , , ,2,1,1,0,0,0,0,0,0,0,0,1,1,0,0,0,0,0,0,1,0,0,0,0,0,0,0,0,0,0,0,0,0,0,0,4,0,40.0086,-75.0688, , 
 ,65269,2013006079,6,67,67301,2012,12,2,831,8,1,1,0,5,1, , ,N,1,2,0,3,0,1,2,2,N,N,40 01:28.097,75 08:52.131,831, ,831, ,0, ,N, ,3, , , , , ,726644, , , ,2,2,0,0,0,0,0,0,0,0,0,0,1,1,0,0,0,0,0,0,1,0,0,0,0,0,0,0,0,0,0,0,0,0,0,8,0,40.0245,-75.1478, , 
 ,65270,2012119833,6,67,67301,2012,11,7,150,1,3,1,0,7,2, , ,N,7,0,2,3,0,0,1,1,N,N,39 57:41.763,75 10:57.486,158, ,155,1,2,4,N, ,0,N, , , , ,729310, , , ,1,1,0,0,0,0,0,0,0,0,0,0,0,0,0,0,0,0,0,0,0,0,0,0,0,0,0,0,0,0,0,0,0,0,0,0,0,39.9614,-75.1825, , 
 ,65271,2012126382,6,67,67301,2012,11,6,1220,12,1,1,0,1,1, , ,N,1,2,0,3,0,2,3,2,N,N,40 02:29.839,75 03:51.611,1237, ,1235, ,0, ,N, ,2, , , , , ,729316, , , ,2,2,0,0,0,0,0,0,0,0,0,2,2,0,1,0,0,0,0,0,1,0,0,0,0,0,0,0,0,0,0,0,0,0,0,4,0,40.0416,-75.0643, , 
 ,65272,2013031709,6,67,67301,2012,11,4,1000,10,1,1,0,1,1, , ,N,0,0,0,3,0,1,2,2,N,N,39 56:44.739,75 11:24.294,1009, ,1003, ,0, ,N, ,0, , , , , ,729327, , , ,2,2,0,0,0,0,0,0,0,0,0,1,1,0,0,0,0,0,0,0,1,0,0,0,0,0,0,0,0,0,0,0,0,0,0,4,0,39.9458,-75.1901, , 
 ,65273,2012125537,6,67,67301,2012,11,3,1805,18,3,1,0,8,1, , ,N,1,2,0,3,0,1,1,2,N,N,39 56:47.580,75 10:23.051,1815, ,1809, ,0, ,N, ,3, , , , , ,729329, , , ,1,0,0,0,0,0,1,0,0,0,0,1,1,0,0,0,0,0,0,0,0,0,0,0,0,0,0,0,0,0,0,0,1,0,0,4,0,39.9466,-75.1731, , 
 ,65274,2013006811,6,67,67301,2012,12,2,230,2,3,2,1,7,5, , ,N,2,2,0,3,0,1,1,1,N,N,40 07:06.945,75 00:25.153,248, ,240, ,0, , , ,3, , , , , ,729341, , , ,1,1,0,0,0,0,0,0,0,0,0,1,1,0,0,0,0,0,0,0,0,0,0,1,0,0,0,0,0,0,0,0,0,0,0,4,0,40.1186,-75.007, , 
 ,65275,2012114400,6,67,67301,2012,9,1,315,3,3,1,0,7,5, , ,N,1,2,0,3,0,6,6,1,N,N,39 58:18.644,75 14:41.701,321, ,318, ,0, ,N, ,3, , , , , ,729347, , , ,1,1,0,0,0,0,0,0,0,2,1,1,4,0,0,0,0,0,0,0,0,0,0,4,0,1,0,0,0,0,0,0,0,0,0,2,0,39.9719,-75.2448, , 
 ,65276,2013006914,6,67,67301,2012,12,3,1228,12,1,1,0,1,6, , ,N,0,0,0,3,0,1,1,2,N,N,40 00:22.543,75 08:13.455,1230, ,1229,9,1,7,N, ,0,N, , , , ,729385, , , ,2,2,0,0,0,0,0,0,0,0,0,0,1,1,0,0,0,0,0,0,1,0,0,1,0,0,0,0,0,0,0,0,0,0,0,8,0,40.0063,-75.1371, , 
 ,65277,2013012020,6,67,67301,2012,12,2,1700,17,3,1,0,5,1, , ,N,1,3,0,3,0,2,2,2,N,N,40 00:04.734,75 08:17.437,1707, ,1705, ,0, ,N, ,3, , , , , ,729387, , , ,2,1,0,0,0,0,1,0,0,0,0,1,2,1,0,0,0,0,1,0,0,0,0,0,0,0,0,0,0,0,0,0,0,0,0,4,0,40.0013,-75.1382, , 
 ,65278,2012121683,6,67,67301,2012,11,5,920,9,1,1,0,1,1, , ,N,0,0,0,3,0,2,2,2,N,N,39 57:52.237,75 08:15.717,932, ,926, ,0, ,N, ,0, , , , , ,729406, , , ,2,1,0,0,1,0,0,0,0,0,0,2,2,0,0,0,0,0,0,0,1,0,0,0,0,0,0,0,0,0,0,0,0,0,0,4,0,39.9644,-75.1378, , 
 ,65279,2013003158,6,67,67301,2012,12,2,2220,22,3,1,0,8,1, , ,N,0,2,0,3,1,0,2,2,N,N,39 56:41.590,75 12:55.891,2230, ,2223, ,0, ,N,0,3, , , , , ,729423, , , ,1,0,0,0,0,0,1,0,0,0,0,0,0,0,0,0,0,0,0,0,0,0,0,0,0,0,0,0,0,0,0,0,1,1,0,1,0,39.9449,-75.2155,2, 
 ,65280,2013003974,6,67,67301,2012,11,5,1610,16,1,1,0,4,1, , ,N,2,3,0,3,0,2,3,2,N,N,40 00:46.291,75 04:18.659,1643, ,1640,1,1,2,N, ,3,N, , , , ,729424, , , ,2,1,0,1,0,0,0,0,0,0,0,3,3,0,0,0,0,0,0,0,0,0,0,0,0,0,0,0,0,0,0,0,0,0,0,4,1,40.0129,-75.0718, , 
 ,65281,2012122452,6,67,67301,2012,11,3,1050,10,1,1,0,4,1, , ,N,2,2,0,3,0,1,2,2,N,N,39 53:43.550,75 14:00.600,1140, ,1051, ,0, ,N, ,3, , , , , ,729444, , , ,2,0,1,0,0,0,1,0,0,0,0,1,1,0,0,0,0,0,0,0,0,0,0,0,0,0,0,0,0,0,0,0,0,0,0,4,0,39.8954,-75.2335, , 
 ,65282,2012122459,6,67,67301,2012,11,7,1848,18,3,1,0,2,1, , ,N,1,2,0,3,0,2,2,2,N, ,40 02:12.109,75 09:30.211,1858, ,1855, ,0, , , ,3, , , , , ,729463, , , ,2,2,0,0,0,0,0,0,0,0,1,0,2,1,0,0,0,0,0,0,0,0,0,0,0,0,0,0,0,0,0,0,0,0,0,3,0,40.0367,-75.1584, , 
 ,65283,2012125376,6,46,46102,2012,12,4,730,7,1,1,0,4,1, , ,N,1,2,0,3,0,0,2,2,N,N,40 04:30.988,75 09:37.550,750, ,732,2,1,3,N, ,3,N, , , , ,729466, , , ,2,1,0,0,0,0,1,0,0,0,0,0,0,0,0,0,0,0,0,0,0,0,0,0,0,0,0,0,0,0,0,0,0,0,0,0,0,40.0753,-75.1604, , 
 ,65284,2012125671,6,67,67301,2012,12,1,2220,22,3,2,1,1,1, , ,N,0,0,0,3,0,1,2,2,N,N,39 58:51.883,75 06:10.341,2319, ,2233, ,0, ,N, ,0, , , , , ,729467, , , ,2,1,0,0,0,0,1,0,0,0,0,1,1,0,0,0,0,0,0,0,2,0,0,0,0,0,0,0,0,0,0,0,0,0,0,4,0,39.981,-75.103, , 
 ,65285,2012129552,6,67,67301,2012,12,6,1700,17,3,1,0,4,1, , ,N,0,0,3,3,0,0,2,2,N,N,39 54:31.924,75 09:02.670,1703, ,1701, ,0, ,N, ,0, , , , , ,729472, , , ,2,2,0,0,0,0,0,0,0,0,0,0,0,0,0,0,1,0,0,0,1,0,0,0,0,0,0,0,0,0,0,0,0,0,0,0,0,39.9089,-75.1507, , 
 ,65286,2013006726,6,67,67301,2012,12,6,343,3,3,2,1,6,1, , ,N,1,2,0,3,0,1,2,2,N,N,40 04:02.966,75 10:45.507,410, ,355,2,2,5,N, ,3,Y, , , , ,729491, , , ,2,1,0,0,0,0,1,0,0,0,1,0,1,0,0,0,0,0,0,0,2,0,0,0,0,0,0,0,0,0,0,0,0,0,0,3,0,40.0675,-75.1793, , 
 ,65287,2013021039,6,67,67301,2012,11,2,930,9,1,1,0,1,1, , ,N,0,0,0,3,0,1,2,2,N,N,39 59:07.286,75 11:16.015,0, ,0, ,0, ,N, ,0, , , , , ,729501, , , ,2,1,0,0,1,0,0,0,0,0,0,1,1,0,0,0,0,0,0,0,1,0,0,0,0,0,0,0,0,0,0,0,0,0,0,4,0,39.9854,-75.1878, , 
 ,65288,2012060700,6,67,67301,2012,5,2,2235,22,3,1,0,4,1, , ,N,1,2,0,3,0,1,4,2,N,N,40 02:39.450,75 03:14.767,2242, ,2235,1,1,1,N, ,3,N, , , , ,720535, , , ,2,2,0,0,0,0,0,0,0,0,0,0,1,1,0,0,1,0,0,0,0,0,0,0,0,0,0,0,0,0,0,0,0,0,0,8,0,40.0443,-75.0541, , 
 ,65289,2012060749,6,67,67301,2012,5,6,1239,12,1,1,0,4,1, , ,N,2,0,0,3,0,1,4,2,N,N,40 02:21.845,75 01:38.291,1310, ,1310, ,0, ,N, ,0, , , , , ,720536, , , ,2,2,0,0,0,0,0,0,0,0,0,0,1,1,0,0,0,0,0,0,1,0,0,0,0,0,0,0,0,0,0,0,0,0,0,8,0,40.0394,-75.0273, , 
 ,65290,2012061690,6,67,67301,2012,5,5,1000,10,1,1,0,8,1, , ,N,1,3,0,3,0,2,3,3,N, ,39 56:55.680,75 12:45.291,9999, ,1557, ,0, , , ,3, , , , , ,720537, , , ,1,0,0,0,0,0,0,0,0,2,0,0,2,0,0,0,0,0,0,0,0,0,0,0,0,0,0,0,0,0,0,0,2,0,2,2,0,39.9488,-75.2126, , 
 ,65291,2012098316,6,67,67301,2012,8,7,400,4,3,1,0,2,6, , ,N,0,2,0,3,0,0,2,2,N,N,39 58:26.426,75 13:12.161,425, ,416, ,0, , , ,3, , , , , ,720545, , , ,2,1,0,0,0,1,0,0,0,0,0,0,0,0,1,0,0,0,0,0,0,0,0,0,0,0,0,0,0,0,0,0,0,0,0,9,0,39.974,-75.22, , 
 ,65292,2012109695,6,67,67301,2012,9,7,2116,21,3,1,0,4,1, , ,N,2,3,0,3,0,1,3,2,N,N,39 57:58.302,75 13:29.259,2205, ,2203,2,1,4,N, ,3,N, , , , ,720559, , , ,2,1,0,0,0,0,1,0,0,0,0,1,1,0,0,0,0,0,0,0,0,0,0,0,0,0,0,0,0,0,0,0,0,0,0,4,0,39.9662,-75.2248, , 
 ,65293,2012111612,6,67,67301,2012,10,2,1121,11,1,2,1,4,1, , ,N,1,3,0,3,0,1,2,2,N,N,40 02:56.557,75 05:40.778,1125, ,1124, ,0, ,N, ,3, , , , , ,720562, , , ,2,1,0,0,0,0,0,1,0,0,0,0,1,1,0,0,0,0,0,0,0,0,0,0,0,0,0,0,0,0,0,0,0,0,0,8,0,40.049,-75.0947, , 
 ,65294,2012080027,6,67,67301,2012,6,7,817,8,1,1,0,1,1, , ,N,1,2,0,3,0,1,4,2,N,N,40 01:41.136,75 06:35.611,840, ,840,1,1,2,N, ,3,N, , , , ,720615, , , ,2,1,0,0,0,0,0,1,0,0,0,1,1,0,0,0,0,0,0,0,0,0,0,0,0,0,0,0,0,0,0,0,0,0,0,4,0,40.028,-75.1101, , 
 ,65295,2012067094,6,67,67301,2012,5,6,1319,13,1,1,0,1,1, , ,N,6,0,2,3,0,4,5,2,N,N,40 01:06.762,75 10:01.463,1320, ,1320,1,2,4,N, ,0,N, , , , ,720636, , , ,2,1,0,0,0,0,0,1,0,0,0,4,4,0,0,0,0,0,0,0,1,0,0,0,0,0,0,0,0,0,0,0,0,0,0,4,0,40.0185,-75.1671, , 
 ,65296,2012071919,6,67,67301,2012,7,7,809,8,1,2,1,1,1, , ,N,0,0,0,3,0,1,5,4,N,N,39 58:36.111,75 06:50.762,820, ,813,1,1,2,N, ,0,N, , , , ,720640, , , ,3,3,0,0,0,0,0,0,0,0,1,0,1,0,0,0,0,0,0,0,0,0,0,0,0,0,0,0,0,0,0,0,0,0,0,3,0,39.9767,-75.1141, , 
 ,65297,2012089568,6,67,67301,2012,8,2,2139,21,3,1,0,5,1, , ,N,0,0,0,3,0,1,2,2,N,N,39 57:53.209,75 08:16.797,2140, ,2139, ,0, ,N, ,0, , , , , ,720665, , , ,2,2,0,0,0,0,0,0,0,0,1,0,1,0,0,0,0,0,0,0,1,0,0,0,0,0,0,0,0,0,0,0,0,0,0,3,0,39.9648,-75.138, , 
 ,65298,2012095594,6,67,67301,2012,8,6,2035,20,3,1,0,4,1, , ,N,2,2,0,3,0,0,3,2,N,N,40 06:30.571,75 02:28.165,2042, ,2038, ,0, ,N, ,3, , , , , ,720673, , , ,2,2,0,0,0,0,0,0,0,0,0,0,0,0,0,0,0,1,0,0,0,0,0,0,0,0,0,0,0,0,0,0,0,0,0,0,0,40.1085,-75.0412, , 
 ,65299,2012063972,6,67,67301,2012,5,5,308,3,3,1,0,1,1, , ,N,1,2,0,3,0,1,3,2,N,N,39 59:29.818,75 08:10.215,317, ,309,1,1,4,N, ,3,N, , , , ,720675, , , ,2,2,0,0,0,0,0,0,0,0,0,1,1,0,0,0,0,0,0,0,1,0,0,0,0,0,0,0,0,0,0,0,0,0,0,4,0,39.9915,-75.1361, , 
 ,65300,2012070298,6,67,67301,2012,7,3,1331,13,1,1,0,7,2, , ,N,0,0,0,3,0,0,1,1,N,N,39 57:26.680,75 09:32.656,1340, ,1335, ,0, ,N, ,0, , , , , ,720681, , , ,1,1,0,0,0,0,0,0,0,0,0,0,0,0,0,0,0,0,0,1,0,0,0,0,0,0,0,0,0,0,0,0,0,0,0,0,0,39.9574,-75.1591, , 
 ,65301,2012078584,6,67,67301,2012,7,5,820,8,1,1,0,8,1, , ,N,5,2,2,3,0,1,3,2,N,N,39 56:59.777,75 08:36.986,831, ,829, ,0, ,N, ,3, , , , , ,720687, , , ,1,1,0,0,0,0,0,0,0,0,0,1,1,0,0,0,0,0,0,0,0,0,0,0,0,0,0,0,0,0,0,0,1,0,0,4,0,39.9499,-75.1436, , 
 ,65302,2012085741,6,67,67301,2012,7,6,1015,10,3,8,8,4,1, , ,N,1,3,0,3,0,0,2,2,N,N,39 58:17.607,75 09:36.821,1015, ,1015, ,0, ,N, ,3, , , , , ,720695, , , ,1,0,0,0,0,0,1,0,0,0,0,0,0,0,0,0,0,0,0,0,0,0,0,0,0,0,0,0,0,0,0,0,0,0,0,0,0,39.9716,-75.1602, , 
 ,65303,2012095542,6,67,67301,2012,8,3,1330,13,1,1,0,8,1, , ,N,2,2,0,3,0,1,2,2,N,N,39 56:58.996,75 11:58.539,1340, ,1330, ,0, ,N, ,3, , , , , ,720708, , , ,1,1,0,0,0,0,0,0,0,0,0,1,1,0,0,0,0,0,0,0,0,0,1,0,0,0,0,0,0,0,0,0,1,0,0,4,1,39.9497,-75.1996, , 
 ,65304,2012095611,6,67,67301,2012,8,5,1526,15,1,1,0,1,1, , ,N,1,2,0,3,0,0,2,2,N,N,40 06:23.913,74 59:56.313,1527, ,1526, ,0, ,N, ,3, , , , , ,720709, , , ,2,1,0,1,0,0,0,0,0,0,0,0,0,0,0,0,0,0,0,0,0,0,0,0,0,0,0,0,0,0,0,0,0,0,0,0,0,40.1066,-74.999, , 
 ,65305,2012096031,6,46,46104,2012,8,7,609,6,5,1,0,4,1, , ,N,1,2,0,3,0,1,2,2,N,N,40 00:14.091,75 13:14.544,625, ,614, ,0, ,N, ,3, , , , , ,720710, , , ,2,1,0,0,0,0,1,0,0,0,0,0,1,1,0,0,0,0,0,1,1,0,0,0,0,0,0,0,0,0,0,0,0,0,0,8,0,40.0039,-75.2207, , 
 ,65306,2012111917,6,67,67301,2012,10,1,211,2,3,1,0,7,2, , ,N,0,0,0,3,0,0,1,1,N,N,39 58:41.226,75 06:39.580,216, ,212,2,1,1,N, ,0,N, , , , ,723555, , , ,1,1,0,0,0,0,0,0,0,0,0,0,0,0,0,0,0,0,0,0,0,0,0,0,0,0,0,0,0,0,0,0,0,0,0,0,0,39.9781,-75.1111, , 
 ,65307,2012122367,6,67,67301,2012,10,2,9999,99,1,2,1,4,1, , ,N,2,2,0,3,0,1,2,2,N,N,39 57:07.349,75 10:24.142,1322, ,1318, ,0, ,N, ,3, , , , , ,723565, , , ,2,1,0,0,0,0,1,0,0,0,1,0,1,0,1,0,0,0,0,0,0,0,0,0,0,0,0,0,0,0,0,0,0,0,0,3,0,39.952,-75.1734, , 