wz_ln_closure,objectid_1,crn,district,county,municipality,crash_year,crash_month,day_of_week,time_of_day,hour_of_day,illumination,weather,road_condition,collision_type,relation_to_road,work_zone_type,work_zone_loc,work_zone_ind,intersect_type,tcd_type,location_type,urban_rural,fatal_count,injury_count,person_count,total_units,sch_bus_ind,sch_zone_ind,latitude,longitude,arrival_tm,cons_zone_spd_lim,dispatch_tm,est_hrs_closed,lane_closed,ln_close_dir,ntfy_hiwy_maint,spec_juris_cd,tcd_func_cd,tfc_detour_ind,workers_pres,wz_close_detour,wz_flagger,wz_law_offcr_ind,objectid,wz_moving,wz_other,wz_shlder_mdn,vehicle_count,automobile_count,motorcycle_count,bus_count,small_truck_count,heavy_truck_count,suv_count,van_count,bicycle_count,maj_inj_count,mod_inj_count,min_inj_count,tot_inj_count,unk_inj_deg_count,unk_inj_per_count,driver_count_16yr,driver_count_17yr,driver_count_18yr,driver_count_19yr,driver_count_20yr,driver_count_50_64yr,driver_count_65_74yr,driver_count_75plus,unbelted_occ_count,unb_death_count,unb_maj_inj_count,belted_death_count,belted_maj_inj_count,mcycle_death_count,mcycle_maj_inj_count,bicycle_death_count,bicycle_maj_inj_count,ped_count,ped_death_count,ped_maj_inj_count,max_severity_level,comm_veh_count,dec_lat,dec_long,rdwy_surf_type_cd,county_name
 ,65374,2012104103,6,67,67301,2012,9,1,300,3,3,9,0,9,2, , ,N,0,0,0,3,0,0,1,3,N,N,39 58:33.571,75 14:22.704,728, ,726, ,0, ,N, ,0, , , , , ,720856, , , ,4,1,0,0,2,0,0,1,0,0,0,0,0,0,0,0,0,0,0,0,0,0,0,0,0,0,0,0,0,0,0,0,0,0,0,0,0,39.976,-75.2396, , 
 ,65375,2012104185,6,67,67301,2012,9,6,1346,13,1,1,0,4,1, , ,N,0,0,0,3,0,0,2,2,N,N,40 03:18.718,75 11:42.983,1520, ,1501, ,0, ,N, ,0, , , , , ,720857, , , ,2,1,0,0,1,0,0,0,0,0,0,0,0,0,0,0,0,0,0,0,1,0,0,0,0,0,0,0,0,0,0,0,0,0,0,0,0,40.0552,-75.1953, , 
 ,65376,2012104276,6,67,67301,2012,9,6,1430,14,1,1,0,4,1, , ,N,0,2,7,3,0,1,2,2,N,N,39 54:53.662,75 09:24.299,1440, ,1435, ,0, ,N, ,3, , , , , ,720858, , , ,2,2,0,0,0,0,0,0,0,0,0,0,1,1,0,0,0,0,0,0,0,0,0,0,0,0,0,0,0,0,0,0,0,0,0,8,0,39.9149,-75.1567, , 
 ,65377,2012076646,6,67,67301,2012,7,5,1521,15,1,1,0,1,1, , ,N,0,0,0,3,0,1,3,2,N,N,39 59:45.498,75 11:49.589,1527, ,1524, ,0, ,N, ,0, , , , , ,720892, , , ,2,2,0,0,0,0,0,0,0,0,0,1,1,0,0,0,0,0,0,0,0,0,0,0,0,0,0,0,0,0,0,0,0,0,0,4,0,39.996,-75.1971, , 
 ,65378,2012083220,6,67,67301,2012,7,4,1645,16,1,1,0,1,1, , ,N,0,0,0,3,0,2,3,2,N,N,39 59:59.692,75 08:24.567,1830, ,1818,9,1,3,N, ,0,N, , , , ,720899, , , ,2,1,0,0,0,0,1,0,0,0,0,2,2,0,0,0,0,0,0,0,1,1,0,0,0,0,0,0,0,0,0,0,0,0,0,4,0,40,-75.1402, , 
 ,65379,2012095422,6,67,67301,2012,8,7,1921,19,1,1,0,4,1, , ,N,1,2,0,3,0,1,2,2,N,N,39 56:23.917,75 12:49.859,1945, ,1939, ,9, ,N, ,3,N, , , , ,723694, , , ,2,2,0,0,0,0,0,0,0,0,0,1,1,0,0,0,0,0,0,0,1,0,0,2,0,0,0,0,0,0,0,0,0,0,0,4,0,39.94,-75.2138, , 
 ,65380,2012103998,6,67,67301,2012,9,2,1713,17,1,1,0,8,1, , ,N,0,0,0,3,0,1,1,2,N,N,40 01:48.892,75 07:06.317,1750, ,1748, ,0, ,N, ,0, , , , , ,723701, , , ,1,1,0,0,0,0,0,0,0,0,0,1,1,0,0,0,0,0,0,0,0,0,0,0,0,0,0,0,0,0,0,0,1,0,0,4,0,40.0302,-75.1184, , 
 ,65381,2012084358,6,67,67301,2012,8,5,1647,16,1,1,0,5,1, , ,N,0,0,0,3,0,1,4,4,N,N,39 53:58.896,75 09:43.803,1725, ,1647, ,0, ,N, ,0, , , , , ,723710, , , ,4,3,0,0,0,0,0,0,0,0,0,1,1,0,2,0,0,0,0,0,0,0,0,0,0,0,0,0,0,0,0,0,0,0,0,4,0,39.8997,-75.1622, , 
 ,65382,2012088620,6,67,67301,2012,8,4,1115,11,1,1,0,4,1, , ,N,2,0,0,3,0,1,2,2,N, ,40 04:00.327,75 03:50.667,9999, ,1120, ,0, , , ,0, , , , , ,723737, , , ,1,1,0,0,0,0,0,0,0,0,1,0,1,0,0,0,0,0,0,0,0,0,0,0,0,0,0,0,0,0,0,0,1,0,0,3,0,40.0668,-75.0641, , 
 ,65383,2012068827,6,67,67301,2012,6,2,340,3,3,1,0,1,6, , ,N,0,0,0,3,0,0,1,4,N,N,39 57:33.670,75 14:21.483,348, ,345, ,0, ,N, ,0, , , , , ,723757, , , ,4,3,0,0,0,0,1,0,0,0,0,0,0,0,0,0,0,0,0,0,0,0,0,0,0,0,0,0,0,0,0,0,0,0,0,0,0,39.9594,-75.2393, , 
 ,65384,2012084052,6,67,67301,2012,8,7,238,2,3,2,1,5,1, , ,N,0,0,0,3,0,1,2,2,N,N,40 01:42.849,75 01:22.818,255, ,245,1,2,1,N, ,0,N, , , , ,723766, , , ,2,2,0,0,0,0,0,0,0,0,1,0,1,0,0,0,0,0,0,0,1,0,0,1,0,0,0,0,0,0,0,0,0,0,0,3,0,40.0284,-75.0232, , 
 ,65385,2012078610,6,67,67301,2012,7,5,1020,10,1,1,0,1,1, , ,N,7,0,2,3,0,0,2,2,N,N,40 06:26.538,74 59:53.750,1030, ,1025,1,1,2,N, ,0,N, , , , ,723767, , , ,2,0,0,0,0,1,1,0,0,0,0,0,0,0,0,0,0,0,0,0,0,0,0,0,0,0,0,0,0,0,0,0,0,0,0,0,0,40.1074,-74.9983, , 
 ,65386,2012088569,6,67,67301,2012,8,3,1233,12,1,1,0,8,1, , ,N,0,0,0,3,0,1,1,2,N,N,39 59:37.863,75 08:23.409,1300, ,1300, ,0, ,N, ,0, , , , , ,723778, , , ,0,0,0,0,0,0,0,0,0,0,0,1,1,0,0,0,0,0,0,0,0,0,0,0,0,0,0,0,0,0,0,0,1,0,0,4,0,39.9939,-75.1398, , 
 ,65387,2012081294,6,67,67301,2012,8,1,429,4,3,1,0,7,2, , ,N,3,4,2,3,0,0,1,1,N,N,39 59:58.179,75 05:04.576,453, ,451,1,1,4,N, ,3,N, , , , ,723817, , , ,1,1,0,0,0,0,0,0,0,0,0,0,0,0,1,0,0,0,0,0,0,0,0,0,0,0,0,0,0,0,0,0,0,0,0,9,0,39.9995,-75.0846, , 
 ,65388,2012088601,6,67,67301,2012,8,7,1207,12,1,1,0,4,1, , ,N,1,2,0,3,0,3,3,2,N,N,39 58:47.528,75 08:34.317,1212, ,1210,2,2,1,N, ,3,Y, , , , ,723828, , , ,2,2,0,0,0,0,0,0,0,0,0,0,3,3,0,0,0,0,0,0,0,0,0,0,0,0,0,0,0,0,0,0,0,0,0,8,0,39.9799,-75.1429, , 
 ,65389,2012076742,6,67,67301,2012,6,4,1700,17,1,1,0,4,1, , ,N,0,2,0,3,0,1,3,3,N,N,39 55:26.812,75 10:10.800,1900, ,1844, ,0, ,N, ,3, , , , , ,723869, , , ,2,0,0,0,0,0,2,0,1,0,0,1,1,0,2,0,0,0,0,0,0,0,0,0,0,0,0,0,0,0,0,0,0,0,0,4,0,39.9241,-75.1697, , 
 ,65390,2012083781,6,67,67301,2012,7,3,1726,17,1,1,0,1,1, , ,N,0,2,1,3,0,1,8,4,N,N,39 55:18.355,75 11:25.662,1734, ,1729,9,1,1,N, ,3,N, , , , ,723875, , , ,4,2,0,0,0,0,2,0,0,0,0,0,1,1,4,0,0,0,0,0,1,0,0,0,0,0,0,0,0,0,0,0,0,0,0,8,0,39.9216,-75.1904, , 
 ,65391,2012101044,6,67,67301,2012,9,6,1200,12,3,1,0,7,2, , ,N,0,0,0,3,0,1,1,1,N,N,40 01:15.794,75 06:02.232,9999, ,0, ,0, , , ,0, , , , , ,723894, , , ,1,0,0,0,1,0,0,0,0,0,1,0,1,0,0,0,0,0,0,0,0,0,0,0,0,0,0,0,0,0,0,0,0,0,0,3,0,40.0211,-75.1006, , 
 ,65392,2012073599,6,67,67301,2012,6,2,37,0,3,1,0,4,1, , ,N,1,3,0,3,0,1,2,2,N,N,39 57:48.780,75 14:25.609,40, ,40, ,0, ,N, ,3, , , , , ,723910, , , ,1,1,0,0,0,0,0,0,1,0,0,1,1,0,0,0,0,0,0,0,0,0,0,0,0,0,0,0,0,0,0,0,0,0,0,4,0,39.9636,-75.2404, , 
 ,65393,2012095517,6,67,67301,2012,8,4,930,9,1,1,0,4,1, , ,N,0,0,7,3,0,1,2,2,N,N,40 05:32.848,75 00:45.068,959, ,957, ,0, ,N, ,0, , , , , ,723930, , , ,2,2,0,0,0,0,0,0,0,0,0,1,1,0,0,0,0,0,0,0,0,0,0,0,0,0,0,0,0,0,0,0,0,0,0,4,0,40.0925,-75.0125, , 
 ,65394,2012066661,6,67,67301,2012,5,1,9999,99,1,1,0,1,1, , ,N,3,3,0,3,0,3,4,2,N, ,39 58:35.233,75 11:21.692,9999, ,2008, ,0, , , ,3, , , , , ,723958, , , ,2,1,0,0,0,0,1,0,0,0,0,3,3,0,0,0,0,0,0,0,0,0,0,0,0,0,0,0,0,0,0,0,0,0,0,4,0,39.9765,-75.1894, , 
 ,65395,2012068720,6,67,67301,2012,6,6,815,8,1,1,0,4,1, , ,N,1,2,0,3,0,1,2,2,N,N,40 01:57.808,75 04:19.924,940, ,940, ,0, ,N, ,3, , , , , ,723959, , , ,1,0,0,0,0,0,1,0,1,0,0,0,1,1,0,0,0,0,0,0,1,0,0,0,0,0,0,0,0,0,0,0,0,0,0,8,0,40.0327,-75.0722, , 
 ,65396,2012098339,6,67,67301,2012,9,4,9999,99,1,1,0,4,1, , ,N,0,0,0,3,0,1,4,3,N, ,40 04:31.004,74 58:46.481,1711, ,1709, ,0, , , ,0, , , , , ,723987, , , ,3,1,0,0,2,0,0,0,0,0,0,1,1,0,0,0,0,1,0,0,0,0,0,2,0,0,0,0,0,0,0,0,0,0,0,4,0,40.0753,-74.9796, , 
 ,65397,2012098259,6,67,67301,2012,9,2,438,4,1,2,1,1,1, , ,N,1,2,0,3,0,0,4,2,N,N,40 02:07.432,75 02:59.146,450, ,450, ,0, ,N, ,3, , , , , ,726830, , , ,2,2,0,0,0,0,0,0,0,0,0,0,0,0,0,0,0,0,0,0,0,0,0,0,0,0,0,0,0,0,0,0,0,0,0,0,0,40.0354,-75.0498, , 
 ,65398,2012101047,6,67,67301,2012,9,6,2212,22,3,1,0,4,1, , ,N,0,0,7,3,0,5,5,2,N,N,40 01:59.005,75 06:24.825,2235, ,2221, ,0, , , ,0, , , , , ,726842, , , ,2,1,0,0,0,0,1,0,0,0,0,5,5,0,0,0,0,0,0,0,0,1,0,0,0,0,0,0,0,0,0,0,0,0,0,4,0,40.0331,-75.1069, , 
 ,65399,2012109759,6,67,67301,2012,10,2,0,0,2,1,0,1,1, , ,N,3,0,0,3,0,0,2,3,N, ,39 59:26.822,75 10:18.778,110, ,100, ,0, , , ,0, , , , , ,726851, , , ,3,1,0,0,0,0,1,0,0,0,0,0,0,0,1,0,0,0,0,0,0,0,0,0,0,0,0,0,0,0,0,0,0,0,0,9,0,39.9908,-75.1719, , 
 ,65400,2012078361,6,67,67301,2012,7,7,328,3,3,1,0,2,1, , ,N,0,2,0,3,0,1,1,1,N,N,40 00:54.867,75 12:28.388,412, ,409, ,0, ,N, ,2, , , , , ,726856, , , ,1,1,0,0,0,0,0,0,0,0,1,0,1,0,0,0,0,0,0,0,0,0,0,0,0,0,0,0,0,0,0,0,0,0,0,3,0,40.0152,-75.2076, , 
 ,65401,2012093636,6,67,67301,2012,9,4,1356,13,1,1,0,1,1, , ,N,0,0,0,3,0,2,2,2,N,N,39 58:51.048,75 06:12.181,1358, ,1357,1,1,1,N, ,0,N, , , , ,726869, , , ,2,1,0,0,0,0,0,1,0,0,0,0,2,2,0,0,0,0,0,0,0,0,0,0,0,0,0,0,0,0,0,0,0,0,0,8,0,39.9808,-75.1035, , 
 ,65402,2012095347,6,67,67301,2012,8,5,1625,16,1,1,0,6,1, , ,N,1,2,0,3,0,1,2,2,N,N,39 57:30.397,75 14:14.901,1719, ,1625, ,0, ,N, ,3, , , , , ,726871, , , ,1,1,0,0,0,0,0,0,0,0,0,1,1,0,0,0,0,0,0,0,1,0,0,0,0,0,0,0,0,0,0,0,1,0,0,4,0,39.9584,-75.2375, , 
 ,65403,2012095567,6,67,67301,2012,8,3,630,6,5,2,1,7,4, , ,N,0,0,0,3,0,1,1,1,N, ,40 04:22.700,75 02:24.500,638, ,634, ,0, , , ,0, , , , , ,726872, , , ,1,1,0,0,0,0,0,0,0,0,0,1,1,0,0,0,0,0,0,0,0,0,0,0,0,0,0,0,0,0,0,0,0,0,0,4,0,40.073,-75.0401, , 
 ,65404,2012095601,6,67,67301,2012,8,3,2044,20,3,1,0,6,1, , ,N,0,0,0,3,0,2,2,2,N, ,39 55:01.355,75 14:46.497,2056, ,2049, ,0, ,N, ,0, , , , , ,726873, , , ,1,1,0,0,0,0,0,0,0,0,0,2,2,0,0,0,0,0,0,0,0,0,0,0,0,0,0,0,0,0,0,0,0,0,0,4,0,39.917,-75.2462, , 
 ,65405,2012098483,6,67,67301,2012,8,5,1415,14,1,1,0,4,1, , ,N,1,0,0,3,0,1,1,2,N, ,39 58:12.946,75 08:45.234,1440, ,1435, ,0, , , ,0, , , , , ,726874, , , ,2,0,1,0,0,0,1,0,0,0,0,0,0,0,0,0,0,0,0,0,1,0,0,0,0,0,0,0,0,0,0,0,0,0,0,0,0,39.9703,-75.1459, , 
 ,65406,2012075995,6,67,67301,2012,6,1,2131,21,3,1,0,1,1, , ,N,0,2,0,3,0,2,4,2,N, ,40 03:13.024,75 05:30.042,2148, ,2144, ,0, , , ,3, , , , , ,726913, , , ,2,1,0,0,0,0,1,0,0,0,0,0,2,2,0,0,0,0,0,0,1,0,0,0,0,0,0,0,0,0,0,0,0,0,0,8,0,40.0536,-75.0917, , 
 ,65407,2012078159,6,67,67301,2012,7,5,9999,99,1,1,0,4,1, , ,N,1,2,0,3,0,1,2,2,N,N,39 59:11.965,75 14:43.814,9999, ,9999, ,0, ,N, ,3, , , , , ,726915, , , ,1,1,0,0,0,0,0,0,1,0,0,1,1,0,0,0,0,0,0,0,0,0,0,0,0,0,0,0,0,0,0,0,0,0,0,4,0,39.9867,-75.2455, , 
 ,65408,2012083331,6,67,67301,2012,7,7,1220,12,1,1,0,8,1, , ,N,0,0,0,3,0,1,2,2,N, ,39 59:39.832,75 07:48.705,1225, ,1223, ,0, , , ,0, , , , , ,726917, , , ,1,1,0,0,0,0,0,0,0,0,0,0,1,1,1,0,0,0,0,0,0,0,0,0,0,0,0,0,0,0,0,0,1,0,0,8,0,39.9944,-75.1302, , 
Y,65409,2012088562,6,67,67301,2012,8,2,1400,14,1,1,0,1,1,8,8,Y,2,0,0,3,0,4,8,4,N,N,40 02:03.005,75 12:29.994,1528,99,1507, ,0, , , ,0, ,U, , ,U,726922, , , ,4,2,0,0,0,0,2,0,0,0,0,0,4,4,0,0,0,0,0,0,2,0,0,0,0,0,0,0,0,0,0,0,0,0,0,8,0,40.0342,-75.2083, , 
 ,65410,2012109731,6,67,67301,2012,10,3,2205,22,3,2,1,8,1, , ,N,0,0,0,3,0,1,2,2,N,N,40 03:10.205,75 08:12.216,2230, ,2230, ,0, ,N, ,0, , , , , ,726939, , , ,1,1,0,0,0,0,0,0,0,0,0,1,1,0,1,0,0,0,0,0,0,0,0,0,0,0,0,0,0,0,0,0,1,0,0,4,0,40.0528,-75.1367, , 
 ,65411,2012073612,6,67,67301,2012,6,3,120,1,3,1,0,4,1, , ,N,1,3,0,3,0,1,3,2,N,N,40 01:36.217,75 03:22.736,128, ,126, ,0, ,N, ,3, , , , , ,726951, , , ,2,1,0,0,0,0,1,0,0,0,0,1,1,0,0,0,0,0,0,0,0,0,0,0,0,0,0,0,0,0,0,0,0,0,0,4,0,40.0267,-75.0563, , 
 ,65412,2012098429,6,67,67301,2012,9,2,9999,99,1,1,0,1,1, , ,N,0,0,0,3,0,3,4,2,N,N,40 02:34.638,75 06:01.504,840, ,836, ,0, ,N, ,0, , , , , ,726971, , , ,2,1,0,0,0,0,0,1,0,0,0,0,3,3,0,0,0,0,1,0,1,0,0,0,0,0,0,0,0,0,0,0,0,0,0,8,0,40.043,-75.1004, , 
 ,65413,2012109692,6,67,67301,2012,10,5,845,8,8,8,0,4,1, , ,N,1,2,0,3,0,1,2,2,N,N,40 00:29.331,75 04:20.880,920, ,908, ,0, , , ,3, , , , , ,726984, , , ,2,2,0,0,0,0,0,0,0,0,0,0,1,1,0,0,0,0,0,0,1,0,0,0,0,0,0,0,0,0,0,0,0,0,0,8,0,40.0081,-75.0725, , 
 ,65414,2012123638,6,67,67301,2012,12,6,655,6,3,1,0,1,1, , ,N,0,0,0,3,0,1,4,3,N,N,39 57:40.239,75 10:56.540,656, ,656,1,1,3,N, ,0,N, , , , ,726998, , , ,3,3,0,0,0,0,0,0,0,0,0,1,1,0,0,0,0,0,0,0,0,0,0,0,0,0,0,0,0,0,0,0,0,0,0,4,0,39.9612,-75.1824, , 
 ,65415,2012116481,6,67,67301,2012,11,7,1659,16,3,1,0,7,2, , ,N,0,0,0,3,0,1,1,1,N,N,39 54:27.457,75 08:57.854,1706, ,1702,1,1,1,N, ,0,N, , , , ,729648, , , ,1,1,0,0,0,0,0,0,0,0,0,1,1,0,0,0,0,0,0,0,0,0,0,0,0,0,0,0,0,0,0,0,0,0,0,4,0,39.9075,-75.1494, , 
 ,65416,2013006369,6,67,67301,2012,12,6,314,3,3,2,7,7,2, , ,N,0,0,0,3,0,0,2,1,N,N,39 57:25.295,75 10:49.517,314, ,314,1,2,3,N, ,0,N, , , , ,729655, , , ,1,1,0,0,0,0,0,0,0,0,0,0,0,0,0,0,0,0,0,0,0,0,0,0,0,0,0,0,0,0,0,0,0,0,0,0,0,39.957,-75.1804, , 
 ,65417,2013015624,6,67,67301,2012,7,7,2252,22,3,1,1,1,1, , ,N,0,0,0,3,0,0,6,2,N,N,39 57:02.571,75 08:27.945,2309, ,2302, ,0, ,N, ,0, , , , , ,729657, , , ,2,2,0,0,0,0,0,0,0,0,0,0,0,0,0,0,0,0,0,0,1,0,0,0,0,0,0,0,0,0,0,0,0,0,0,0,0,39.9506,-75.1411, , 
 ,65418,2012117283,6,67,67301,2012,11,6,1000,10,1,1,0,4,1, , ,N,1,3,0,3,0,0,2,2,N,N,40 02:22.074,75 00:51.519,1010, ,1000, ,0, ,N, ,3, , , , , ,729685, , , ,2,0,0,0,2,0,0,0,0,0,0,0,0,0,0,0,0,0,0,0,1,0,0,0,0,0,0,0,0,0,0,0,0,0,0,0,0,40.0395,-75.0143, , 
 ,65419,2012122614,6,67,67301,2012,12,2,705,7,1,1,0,1,1, , ,N,0,0,0,3,0,1,2,2,N,N,39 59:45.419,75 04:58.125,741, ,707, ,0, ,N, ,0, , , , , ,729693, , , ,2,2,0,0,0,0,0,0,0,0,0,0,1,1,0,0,0,0,0,0,0,0,0,0,0,0,0,0,0,0,0,0,0,0,0,8,0,39.9958,-75.0829, , 
 ,65420,2012124325,6,67,67301,2012,12,7,1050,10,1,1,1,7,2, , ,N,7,0,2,3,0,0,1,1,N,N,39 56:54.491,75 11:10.619,1109, ,1102,1,1,1,N, ,0,N, , , , ,729695, , , ,1,0,0,0,0,0,1,0,0,0,0,0,0,0,0,0,0,0,0,0,0,0,0,0,0,0,0,0,0,0,0,0,0,0,0,0,0,39.9485,-75.1863, , 
 ,65421,2012098222,6,67,67301,2012,8,7,2030,20,3,1,0,6,1, , ,N,1,3,0,3,0,3,5,2,N,N,40 03:17.730,75 11:04.052,2040, ,2037, ,0, , , ,3, , , , , ,729699, , , ,2,2,0,0,0,0,0,0,0,0,0,0,0,0,4,0,0,0,0,0,2,0,0,0,0,0,0,0,0,0,0,0,0,0,0,9,0,40.0549,-75.1845, , 
 ,65422,2012104030,6,67,67301,2012,9,6,1320,13,1,1,0,1,1, , ,N,1,2,0,3,0,1,3,3,N,N,39 58:04.897,75 08:23.513,1335, ,1333, ,0, ,N, ,3, , , , , ,729704, , , ,3,2,0,0,0,0,1,0,0,0,0,1,1,0,0,0,0,0,0,0,1,0,0,0,0,0,0,0,0,0,0,0,0,0,0,4,0,39.968,-75.1399, , 
 ,65423,2012104187,6,67,67301,2012,9,7,1445,14,1,1,0,4,1, , ,N,1,2,0,3,0,1,2,2,N,N,39 57:34.444,75 11:49.297,1448, ,1447,9,1,1,N, ,3,N, , , , ,729705, , , ,1,1,0,0,0,0,0,0,1,0,1,0,1,0,0,0,0,0,0,0,0,0,0,0,0,0,0,0,0,0,0,0,0,0,0,3,0,39.9596,-75.197, , 
 ,65424,2012110796,6,67,67301,2012,10,3,2350,23,3,2,1,7,2, , ,N,2,2,7,3,0,0,1,1,N,N,40 04:36.380,75 01:58.776,2356, ,2354, ,0, ,N, ,3, , , , , ,729713, , , ,1,0,0,0,0,0,1,0,0,0,0,0,0,0,0,0,0,0,0,0,0,0,0,0,0,0,0,0,0,0,0,0,0,0,0,0,0,40.0768,-75.033, , 
 ,65425,2012061571,6,67,67301,2012,3,4,755,7,1,1,0,1,1, , ,N,0,0,0,3,0,1,3,3,N,Y,40 02:15.992,75 08:57.093,0, ,0, ,0, ,N, ,0, , , , , ,729722, , , ,3,1,0,0,0,0,1,1,0,0,0,0,1,1,0,0,0,0,0,0,0,0,0,0,0,0,0,0,0,0,0,0,0,0,0,8,0,40.0378,-75.1492, , 
 ,65426,2012068675,6,67,67301,2012,6,3,1217,12,1,2,1,5,4, , ,N,2,2,0,3,0,1,3,2,N,N,39 57:17.676,75 11:46.947,1228, ,1217, ,0, ,N, ,3, , , , , ,729726, , , ,2,1,0,0,1,0,0,0,0,0,0,1,1,0,1,0,0,0,0,0,0,0,0,0,0,0,0,0,0,0,0,0,0,0,0,4,0,39.9549,-75.1964, , 
 ,65427,2012078392,6,67,67301,2012,6,7,144,1,3,1,1,4,1, , ,N,2,2,0,3,0,5,5,2,N,N,39 56:45.884,75 10:36.321,147, ,146, ,0, ,N, ,3, , , , , ,729729, , , ,2,2,0,0,0,0,0,0,0,0,0,5,5,0,0,0,0,0,0,0,1,0,0,0,0,0,0,0,0,0,0,0,0,0,0,4,0,39.9461,-75.1768, , 
 ,65428,2012109629,6,67,67301,2012,9,7,150,1,3,1,0,4,1, , ,N,1,2,0,3,0,1,2,2,N,N,40 01:19.325,75 03:47.348,202, ,151,3,2,7,N, ,3,Y, , , , ,729747, , , ,2,1,1,0,0,0,0,0,0,1,0,0,1,0,0,0,0,0,0,0,0,0,0,0,0,0,0,0,0,1,0,0,0,0,0,2,0,40.022,-75.0632, , 
 ,65429,2012120652,6,67,67301,2012,11,4,1526,15,1,1,0,1,1, , ,N,0,0,0,3,0,2,3,2,N,N,39 57:27.471,75 09:36.139,1641, ,1535, ,0, ,N, ,0, , , , , ,729756, , , ,2,1,0,0,0,0,0,1,0,0,0,0,2,2,0,0,0,0,0,0,2,0,0,0,0,0,0,0,0,0,0,0,0,0,0,8,0,39.9576,-75.16, , 
 ,65430,2013019965,6,67,67301,2012,11,4,2037,20,3,1,0,1,1, , ,N,1,2,0,3,0,1,3,2,N,N,40 02:06.512,75 06:29.945,0, ,0, ,0, ,N, ,3, , , , , ,729771, , , ,2,2,0,0,0,0,0,0,0,0,0,0,1,1,0,0,0,0,0,0,1,0,0,0,0,0,0,0,0,0,0,0,0,0,0,8,0,40.0353,-75.1085, , 
 ,65431,2013006115,6,67,67301,2012,12,1,1455,14,1,1,0,1,1, , ,N,1,2,0,3,0,3,4,2,N,N,40 03:14.351,75 02:56.006,1500, ,1457,2,2,1,N, ,3,N, , , , ,729779, , , ,2,1,0,1,0,0,0,0,0,0,0,0,3,3,0,0,0,0,0,0,1,0,0,0,0,0,0,0,0,0,0,0,0,0,0,8,1,40.0541,-75.049, , 
 ,65432,2013006716,6,67,67301,2012,11,6,833,8,1,1,0,4,1, , ,N,1,3,0,3,0,6,7,2,N, ,39 59:13.831,75 09:01.870,935, ,933, ,0, , , ,3, , , , , ,729780, , , ,2,1,0,1,0,0,0,0,0,0,0,0,6,6,0,0,0,0,0,0,0,1,0,0,0,0,0,0,0,0,0,0,0,0,0,8,1,39.9872,-75.1505, , 
 ,65433,2012083271,6,67,67301,2012,7,1,1210,12,1,1,0,6,1, , ,N,1,2,0,3,0,1,3,1,N,N,40 00:34.514,75 05:22.410,1214, ,1213, ,0, , , ,3, , , , , ,720900, , , ,1,1,0,0,0,0,0,0,0,0,1,0,1,0,0,0,0,0,0,0,0,0,0,0,0,0,0,0,0,0,0,0,1,0,0,3,0,40.0096,-75.0896, , 
 ,65434,2012101159,6,67,67301,2012,10,1,2233,22,3,2,1,1,1, , ,N,0,0,0,3,0,0,2,2,N,N,39 59:29.739,75 12:09.861,2249, ,2243,1,2,4,N, ,0,N, , , , ,720913, , , ,2,2,0,0,0,0,0,0,0,0,0,0,0,0,0,0,0,0,0,0,0,0,0,0,0,0,0,0,0,0,0,0,0,0,0,0,0,39.9916,-75.2027, , 
 ,65435,2012075958,6,67,67301,2012,6,4,1620,16,1,1,0,4,1, , ,N,1,2,0,3,0,1,3,3,N,N,40 05:49.711,75 01:05.375,1650, ,1639,1,1,2, , ,3,N, , , , ,720930, , , ,3,3,0,0,0,0,0,0,0,0,0,1,1,0,0,0,0,0,0,0,0,0,0,0,0,0,0,0,0,0,0,0,0,0,0,4,0,40.0971,-75.0182, , 
 ,65436,2012088097,6,67,67301,2012,8,6,1748,17,1,1,0,4,1, , ,N,1,3,0,3,0,2,3,2,N,N,39 57:04.262,75 14:42.259,1955, ,1954, ,0, ,N, ,3, , , , , ,720948, , , ,2,1,0,0,0,0,1,0,0,0,0,2,2,0,0,0,0,0,0,0,0,0,0,0,0,0,0,0,0,0,0,0,0,0,0,4,0,39.9512,-75.2451, , 
 ,65437,2012095493,6,67,67301,2012,8,6,1714,17,1,1,0,8,1, , ,N,0,0,0,3,0,1,2,2,N,N,39 59:41.950,75 06:35.610,1733, ,1727, ,0, ,N, ,0, , , , , ,720951, , , ,1,0,0,0,0,0,1,0,0,0,0,1,1,0,0,0,0,0,0,0,0,0,0,0,0,0,0,0,0,0,0,0,1,0,0,4,0,39.995,-75.1099, , 
 ,65438,2012098476,6,67,67301,2012,9,2,1150,11,1,2,1,4,1, , ,N,1,3,0,3,0,0,4,2,N, ,39 59:24.626,75 14:38.615,1158, ,1152,2,1,1, , ,3,N, , , , ,720952, , , ,2,2,0,0,0,0,0,0,0,0,0,0,0,0,1,0,0,0,0,0,0,0,0,0,0,0,0,0,0,0,0,0,0,0,0,9,0,39.9902,-75.2441, , 
 ,65439,2012070927,6,67,67301,2012,7,3,516,5,3,1,0,1,1, , ,N,0,0,0,3,0,0,4,2,N,N,39 56:02.781,75 08:41.872,538, ,527, ,0, ,N, ,0, , , , , ,720970, , , ,2,2,0,0,0,0,0,0,0,0,0,0,0,0,0,0,0,0,0,0,1,0,0,0,0,0,0,0,0,0,0,0,0,0,0,0,0,39.934,-75.145, , 
 ,65440,2012073616,6,67,67301,2012,6,7,2145,21,3,1,0,8,1, , ,N,0,0,0,3,0,1,2,2,N,N,39 59:54.968,75 07:01.908,2150, ,2148, ,0, ,N, ,0, , , , , ,720971, , , ,1,0,0,0,0,0,0,1,0,0,0,1,1,0,0,0,0,0,0,0,0,0,0,0,0,0,0,0,0,0,0,0,1,0,0,4,0,39.9986,-75.1172, , 