wz_ln_closure,objectid_1,crn,district,county,municipality,crash_year,crash_month,day_of_week,time_of_day,hour_of_day,illumination,weather,road_condition,collision_type,relation_to_road,work_zone_type,work_zone_loc,work_zone_ind,intersect_type,tcd_type,location_type,urban_rural,fatal_count,injury_count,person_count,total_units,sch_bus_ind,sch_zone_ind,latitude,longitude,arrival_tm,cons_zone_spd_lim,dispatch_tm,est_hrs_closed,lane_closed,ln_close_dir,ntfy_hiwy_maint,spec_juris_cd,tcd_func_cd,tfc_detour_ind,workers_pres,wz_close_detour,wz_flagger,wz_law_offcr_ind,objectid,wz_moving,wz_other,wz_shlder_mdn,vehicle_count,automobile_count,motorcycle_count,bus_count,small_truck_count,heavy_truck_count,suv_count,van_count,bicycle_count,maj_inj_count,mod_inj_count,min_inj_count,tot_inj_count,unk_inj_deg_count,unk_inj_per_count,driver_count_16yr,driver_count_17yr,driver_count_18yr,driver_count_19yr,driver_count_20yr,driver_count_50_64yr,driver_count_65_74yr,driver_count_75plus,unbelted_occ_count,unb_death_count,unb_maj_inj_count,belted_death_count,belted_maj_inj_count,mcycle_death_count,mcycle_maj_inj_count,bicycle_death_count,bicycle_maj_inj_count,ped_count,ped_death_count,ped_maj_inj_count,max_severity_level,comm_veh_count,dec_lat,dec_long,rdwy_surf_type_cd,county_name
 ,65441,2012068784,6,67,67301,2012,6,6,1844,18,1,1,0,8,1, , ,N,0,0,0,3,0,1,2,2,N,N,39 58:06.243,75 08:48.811,1848, ,1844, ,0, ,N, ,0, , , , , ,720974, , , ,1,1,0,0,0,0,0,0,0,0,0,1,1,0,0,0,0,0,1,0,0,0,0,0,0,0,0,0,0,0,0,0,1,0,0,4,0,39.9684,-75.1469, , 
 ,65442,2012068907,6,67,67301,2012,5,2,940,9,1,1,1,8,1, , ,N,1,0,0,3,0,1,2,2,N, ,39 57:09.072,75 12:33.310,947, ,944, ,0, , , ,0, , , , , ,720975, , , ,1,0,0,0,1,0,0,0,0,0,0,0,1,1,0,0,0,0,0,0,0,0,0,1,0,0,0,0,0,0,0,0,1,0,0,8,0,39.9525,-75.2093, , 
 ,65443,2012073562,6,67,67301,2012,6,3,905,9,1,1,0,7,5, , ,N,0,0,0,3,0,1,1,1,N, ,39 58:17.508,75 11:23.994,915, ,910, ,0, , , ,0, , , , , ,720982, , , ,1,1,0,0,0,0,0,0,0,0,0,1,1,0,0,0,0,0,0,1,0,0,0,0,0,0,0,0,0,0,0,0,0,0,0,4,0,39.9715,-75.19, , 
 ,65444,2012078179,6,67,67301,2012,6,7,2342,23,3,1,0,7,4, , ,N,2,0,0,3,0,0,2,1,N,N,39 57:36.464,75 10:12.338,2343, ,2342, ,0, ,N, ,0, , , , , ,720987, , , ,1,1,0,0,0,0,0,0,0,0,0,0,0,0,0,0,0,0,0,0,0,0,0,0,0,0,0,0,0,0,0,0,0,0,0,0,0,39.9601,-75.1701, , 
 ,65445,2012086640,6,67,67301,2012,8,7,1002,10,1,1,0,2,1, , ,N,1,2,0,3,0,2,4,2,N,N,40 01:53.211,75 05:04.703,1006, ,1002,1,1,1,N, ,3,N, , , , ,720999, , , ,2,1,0,0,0,0,1,0,0,0,0,2,2,0,0,0,0,0,0,0,2,0,0,2,0,0,0,0,0,0,0,0,0,0,0,4,0,40.0314,-75.0846, , 
N,65446,2012064105,6,67,67301,2012,6,6,514,5,5,1,0,1,1,1,4,Y,0,0,3,3,0,2,3,2,N,N,39 53:43.355,75 11:36.386,525,55,525,1,1,2,N, ,0,N,N,N,N,N,721016,N,Y,N,2,1,0,0,0,0,1,0,0,0,0,2,2,0,0,0,0,0,0,0,0,0,0,0,0,0,0,0,0,0,0,0,0,0,0,4,0,39.8954,-75.1934, , 
 ,65447,2012078196,6,67,67301,2012,7,7,1300,13,1,1,0,1,1, , ,N,0,0,0,3,0,1,4,2,N,N,39 55:38.226,75 13:55.141,1310, ,1307, ,0, ,N, ,0, , , , , ,721036, , , ,2,1,0,0,0,0,0,1,0,0,0,1,1,0,0,0,0,0,0,0,1,0,1,0,0,0,0,0,0,0,0,0,0,0,0,4,0,39.9273,-75.232, , 
 ,65448,2012084669,6,67,67301,2012,8,4,935,9,1,1,0,1,1, , ,N,0,0,0,3,0,1,5,2,N,N,39 57:28.466,75 09:43.626,937, ,936, ,0, ,N, ,0, , , , , ,721047, , , ,2,2,0,0,0,0,0,0,0,0,0,1,1,0,0,0,0,0,0,1,0,0,0,0,0,0,0,0,0,0,0,0,0,0,0,4,0,39.9579,-75.1621, , 
 ,65449,2012098308,6,67,67301,2012,9,3,1136,11,1,2,1,1,1, , ,N,1,2,0,3,0,1,2,2,N, ,40 00:41.644,75 06:28.900,1147, ,1144, ,0, , , ,3, , , , , ,721057, , , ,2,0,0,0,2,0,0,0,0,0,0,1,1,0,0,0,0,0,0,0,0,0,0,0,0,0,0,0,0,0,0,0,0,0,0,4,0,40.0116,-75.108, , 
 ,65450,2012066570,6,67,67301,2012,6,2,1220,12,1,1,0,4,1, , ,N,3,2,0,3,0,1,3,2,N,N,40 05:08.497,75 12:40.489,1235, ,1227, ,0, ,N, ,3, , , , , ,721063, , , ,2,2,0,0,0,0,0,0,0,0,1,0,1,0,1,0,0,1,0,0,0,1,0,0,0,0,0,0,0,0,0,0,0,0,0,3,0,40.0857,-75.2112, , 
 ,65451,2012069632,6,67,67301,2012,5,2,1548,15,1,1,0,4,1, , ,N,1,3,0,3,0,1,8,2,N,N,39 59:46.503,75 07:27.397,1548, ,1548, ,0, ,N, ,3, , , , , ,724003, , , ,2,2,0,0,0,0,0,0,0,0,0,1,1,0,0,0,0,0,0,0,0,0,0,1,0,0,0,0,0,0,0,0,0,0,0,4,0,39.9963,-75.1243, , 
 ,65452,2012078562,6,67,67301,2012,7,2,1640,16,1,1,0,4,1, , ,N,1,3,0,3,0,1,7,3,N,N,40 02:12.433,75 04:09.245,1659, ,1646, ,0, , , ,3, , , , , ,724007, , , ,3,1,0,0,1,0,1,0,0,0,0,0,1,1,0,0,0,0,0,0,3,0,0,0,0,0,0,0,0,0,0,0,0,0,0,8,0,40.0368,-75.0692, , 
 ,65453,2012078635,6,67,67301,2012,7,4,1230,12,1,1,0,4,1, , ,N,1,2,0,3,0,1,3,2,N, ,40 01:13.862,75 03:13.412,1749, ,1749, ,0, , , ,3, , , , , ,724008, , , ,2,1,0,0,0,0,0,0,0,0,0,1,1,0,0,0,0,0,0,0,0,0,0,0,0,0,0,0,0,0,0,0,0,0,0,4,0,40.0205,-75.0537, , 
 ,65454,2012095511,6,67,67301,2012,8,6,1309,13,1,1,0,1,1, , ,N,0,0,0,3,0,1,3,2,N,N,40 01:15.220,75 08:25.241,1310, ,1309, ,0, ,N, ,0, , , , , ,724017, , , ,1,0,0,0,0,0,0,1,0,0,0,0,1,1,0,0,0,0,0,0,0,0,0,0,0,0,0,0,0,0,0,0,0,0,0,8,0,40.0209,-75.1403, , 
 ,65455,2012104612,6,67,67301,2012,9,6,1645,16,1,1,0,7,1, , ,N,1,0,0,3,0,1,1,1,N,N,40 01:23.199,75 08:12.918,1655, ,1650,1,1,2,N, ,0,N, , , , ,724026, , , ,1,1,0,0,0,0,0,0,0,0,0,1,1,0,0,0,0,0,0,0,0,0,0,0,0,0,0,0,0,0,0,0,0,0,0,4,0,40.0231,-75.1369, , 
 ,65456,2012106941,6,67,67301,2012,9,7,1737,17,1,1,0,7,4, , ,N,0,0,0,3,0,0,1,1,N,N,39 52:47.237,75 14:53.813,1742, ,1740, ,0, ,N, ,0, , , , , ,724033, , , ,1,1,0,0,0,0,0,0,0,0,0,0,0,0,0,0,0,0,0,0,0,0,0,1,0,0,0,0,0,0,0,0,0,0,0,0,0,39.8798,-75.2483, , 
 ,65457,2012109887,6,67,67301,2012,9,4,1500,15,1,1,0,8,1, , ,N,1,2,0,3,0,1,2,1,N,N,39 57:28.354,75 09:50.944,1622, ,1620, ,0, , , ,3, , , , , ,724038, , , ,1,0,0,0,0,0,1,0,0,0,0,1,1,0,0,0,0,0,0,0,0,0,0,0,0,0,0,0,0,0,0,0,1,0,0,4,0,39.9579,-75.1641, , 
 ,65458,2012111607,6,67,67301,2012,10,5,110,1,3,1,0,4,6, , ,N,0,0,0,3,0,0,1,4,N, ,39 57:57.007,75 14:45.791,110, ,110,3,1,2, , ,0,Y, , , , ,724042, , , ,4,3,0,0,0,0,1,0,0,0,0,0,0,0,1,0,0,0,0,0,0,0,0,0,0,0,0,0,0,0,0,0,0,0,0,9,0,39.9658,-75.2461, , 
 ,65459,2012115240,6,67,67301,2012,9,6,2320,23,3,1,0,4,1, , ,N,1,3,0,3,0,5,6,2,N,N,39 58:37.426,75 12:19.810,0, ,0, ,0, ,N, ,3, , , , , ,724044, , , ,2,0,0,0,0,0,2,0,0,0,5,0,5,0,1,0,0,0,0,0,1,0,0,0,0,0,0,0,0,0,0,0,0,0,0,3,0,39.9771,-75.2055, , 
 ,65460,2012078354,6,67,67301,2012,6,6,1115,11,1,1,0,4,1, , ,N,2,2,7,3,0,1,2,2,N, ,40 04:44.129,75 01:31.222,1121, ,1119, ,0, , , ,3, , , , , ,724063, , , ,1,0,0,0,0,0,1,0,1,0,0,1,1,0,0,0,0,0,0,0,1,0,0,0,0,0,0,0,0,0,0,0,0,0,0,4,0,40.0789,-75.0253, , 
 ,65461,2012093260,6,67,67301,2012,8,6,1110,11,1,1,0,5,1, , ,N,0,0,0,3,0,1,3,3,N,N,39 55:35.890,75 11:40.841,1121, ,1114,1,2,4,Y, ,0,Y, , , , ,724074, , , ,3,3,0,0,0,0,0,0,0,0,1,0,1,0,0,0,0,0,0,0,2,0,0,0,0,0,0,0,0,0,0,0,0,0,0,3,0,39.9266,-75.1947, , 
 ,65462,2012083334,6,67,67301,2012,7,4,1910,19,1,1,0,5,1, , ,N,0,0,0,3,0,1,2,2,N,N,39 59:51.761,75 14:01.754,1925, ,1920, ,0, ,N, ,0, , , , , ,724114, , , ,2,1,1,0,0,0,0,0,0,0,0,0,1,1,0,0,0,0,0,0,0,0,0,1,0,0,0,0,0,0,0,0,0,0,0,8,0,39.9977,-75.2338, , 
 ,65463,2012087774,6,67,67301,2012,9,2,918,9,1,2,1,7,2, , ,N,0,0,0,3,0,0,1,1,N,N,40 02:43.308,75 00:06.617,935, ,921, ,0, ,N, ,0, , , , , ,724118, , , ,1,1,0,0,0,0,0,0,0,0,0,0,0,0,0,0,0,0,0,0,0,0,0,0,0,0,0,0,0,0,0,0,0,0,0,0,0,40.0453,-75.0019, , 
 ,65464,2012098314,6,67,67301,2012,8,3,222,2,3,1,0,5,6, , ,N,0,0,0,3,0,0,1,3,N,N,40 01:22.882,75 02:50.942,222, ,222, ,0, ,N, ,0, , , , , ,724126, , , ,3,1,0,0,0,0,2,0,0,0,0,0,0,0,0,0,0,0,0,0,0,0,0,0,0,0,0,0,0,0,0,0,0,0,0,0,0,40.023,-75.0475, , 
 ,65465,2012109856,6,67,67301,2012,10,4,1400,14,1,1,0,7,4, , ,N,0,2,0,3,0,1,3,3,N,N,40 01:56.154,75 04:55.034,1427, ,1414,1,1,1,N, ,3,N, , , , ,724142, , , ,3,3,0,0,0,0,0,0,0,0,0,1,1,0,0,0,0,0,0,0,0,0,0,0,0,0,0,0,0,0,0,0,0,0,0,4,0,40.0323,-75.082, , 
 ,65466,2012085915,6,67,67301,2012,7,3,144,1,3,1,0,4,1, , ,N,1,3,8,3,0,1,3,2,N,N,39 56:02.979,75 10:38.557,144, ,144,4,2,1,N, ,3,Y, , , , ,724153, , , ,1,1,0,0,0,0,0,0,1,0,0,1,1,0,0,0,0,0,0,0,0,0,0,0,0,0,0,0,0,0,0,0,0,0,0,4,0,39.9342,-75.1774, , 
 ,65467,2012117338,6,67,67301,2012,10,4,1115,11,1,1,1,5,1, , ,N,0,0,0,3,0,0,1,3,N,N,40 03:18.300,75 11:03.600,1134, ,1119, ,0, ,N, ,0, , , , , ,724170, , , ,3,1,0,0,0,1,1,0,0,0,0,0,0,0,0,0,0,0,0,1,0,0,0,0,0,0,0,0,0,0,0,0,0,0,0,0,1,40.0551,-75.1843, , 
 ,65468,2012128304,6,67,67301,2012,11,1,9999,99,1,1,0,1,1, , ,N,2,0,0,3,0,1,3,2,N, ,39 55:46.422,75 14:36.171,1630, ,1626, ,0, , , ,0, , , , , ,724181, , , ,2,2,0,0,0,0,0,0,0,0,0,1,1,0,0,0,0,0,0,0,0,0,0,0,0,0,0,0,0,0,0,0,0,0,0,4,0,39.9296,-75.2434, , 
 ,65469,2013006840,6,67,67301,2012,11,3,9999,99,1,2,1,4,1, , ,N,1,2,0,3,0,1,4,2,N, ,40 03:08.640,75 04:23.775,1010, ,1007,1,1,2, , ,3,N, , , , ,727011, , , ,2,2,0,0,0,0,0,0,0,0,0,1,1,0,0,0,0,0,0,0,0,0,0,0,0,0,0,0,0,0,0,0,0,0,0,4,0,40.0524,-75.0733, , 
 ,65470,2013007281,6,67,67301,2012,12,7,1325,13,1,1,0,4,1, , ,N,1,2,0,3,0,1,3,3,N, ,40 05:12.438,74 58:18.635,1335, ,1330, ,0, , , ,3, , , , , ,727012, , , ,3,3,0,0,0,0,0,0,0,0,0,1,1,0,0,0,0,0,0,0,0,1,0,0,0,0,0,0,0,0,0,0,0,0,0,4,0,40.0868,-74.9718, , 
 ,65471,2012069633,6,67,67301,2012,6,1,2043,20,4,1,0,4,2, , ,N,2,3,0,3,0,1,3,2,N,N,40 01:21.313,75 09:45.162,2101, ,2050, ,0, , , ,3, , , , , ,727019, , , ,2,2,0,0,0,0,0,0,0,0,0,0,1,1,0,0,0,0,0,0,0,0,0,0,0,0,0,0,0,0,0,0,0,0,0,8,0,40.0226,-75.1625, , 
 ,65472,2012078423,6,67,67301,2012,7,1,2119,21,3,2,1,8,1, , ,N,1,2,0,3,0,1,2,2,N, ,39 56:27.112,75 12:45.004,2200, ,2119, ,0, , , ,3, , , , , ,727027, , , ,1,0,0,0,0,0,1,0,0,0,0,0,1,1,0,0,0,0,0,0,0,0,0,0,0,0,0,0,0,0,0,0,1,0,0,8,0,39.9409,-75.2125, , 
 ,65473,2012080867,6,67,67301,2012,7,1,1429,14,1,1,0,8,1, , ,N,0,0,0,3,0,1,2,2,N,N,39 58:43.626,75 16:07.338,1714, ,1711, ,0, ,N, ,0, , , , , ,727031, , , ,1,1,0,0,0,0,0,0,0,0,0,0,1,1,0,0,0,0,0,0,0,0,0,0,0,0,0,0,0,0,0,0,1,0,0,8,0,39.9788,-75.2687, , 
 ,65474,2012117256,6,67,67301,2012,10,7,1700,17,1,1,0,2,1, , ,N,0,0,0,3,0,9,9,2,N,N,40 01:15.884,75 05:37.708,1707, ,1704,3,2,1,N, ,0,Y, , , , ,727044, , , ,2,1,0,0,0,0,1,0,0,1,1,3,9,4,0,0,0,0,0,0,0,0,0,9,0,1,0,0,0,0,0,0,0,0,0,2,0,40.0211,-75.0938, , 
 ,65475,2013006742,6,67,67301,2012,12,6,2015,20,3,1,0,4,1, , ,N,1,3,0,3,0,2,5,2,N,N,40 02:56.557,75 05:40.778,2035, ,2035, ,0, , , ,3, , , , , ,727069, , , ,2,2,0,0,0,0,0,0,0,0,0,2,2,0,0,0,0,0,0,0,0,0,0,0,0,0,0,0,0,0,0,0,0,0,0,4,0,40.049,-75.0947, , 
 ,65476,2012109746,6,67,67301,2012,10,5,630,6,5,2,1,7,5, , ,N,0,0,0,3,0,2,2,1,N,N,40 01:05.227,75 08:04.579,637, ,633, ,0, ,N, ,0, , , , , ,727079, , , ,1,1,0,0,0,0,0,0,0,0,0,0,2,2,0,0,0,0,0,0,0,0,0,0,0,0,0,0,0,0,0,0,0,0,0,8,0,40.0181,-75.1346, , 
 ,65477,2012085336,6,67,67301,2012,8,7,1243,12,1,1,0,1,1, , ,N,0,2,0,3,0,1,1,4,N,N,39 59:13.700,75 07:20.062,1445, ,1440, ,0, , , ,3, , , , , ,727094, , , ,4,4,0,0,0,0,0,0,0,0,0,1,1,0,0,0,0,0,0,0,0,0,0,0,0,0,0,0,0,0,0,0,0,0,0,4,0,39.9871,-75.1222, , 
 ,65478,2012085835,6,67,67301,2012,8,7,1105,11,1,1,0,4,1, , ,N,2,3,0,3,0,1,3,2,N,N,39 59:43.104,75 04:38.629,1108, ,1107,1,2,1,N, ,3,N, , , , ,727095, , , ,2,2,0,0,0,0,0,0,0,0,0,1,2,1,0,0,0,0,0,0,0,1,0,0,0,0,0,0,0,0,0,0,0,0,0,4,0,39.9953,-75.0774, , 
 ,65479,2012094719,6,67,67301,2012,9,1,52,0,3,1,0,7,4, , ,N,0,0,0,3,0,0,2,1,N,N,39 58:34.118,75 11:44.110,57, ,52,2,1,3,N, ,0,N, , , , ,727101, , , ,1,1,0,0,0,0,0,0,0,0,0,0,0,0,0,0,0,0,0,0,0,0,0,0,0,0,0,0,0,0,0,0,0,0,0,0,0,39.9761,-75.1956, , 
 ,65480,2012098472,6,67,67301,2012,9,7,1755,17,1,1,0,1,1, , ,N,1,2,0,3,0,1,2,2,N, ,39 57:11.353,75 14:55.491,1800, ,1755, ,0, , , ,3, , , , , ,727103, , , ,2,1,0,0,0,0,1,0,0,0,0,1,1,0,0,0,0,0,0,0,1,0,0,0,0,0,0,0,0,0,0,0,0,0,0,4,0,39.9532,-75.2487, , 
 ,65481,2012104063,6,67,67301,2012,9,7,1334,13,1,1,0,1,1, , ,N,0,0,0,3,0,1,2,2,N,N,40 00:13.996,75 13:14.657,1350, ,1345, ,0, ,N, ,0, , , , , ,727107, , , ,2,1,0,0,1,0,0,0,0,0,0,1,1,0,0,0,0,0,0,1,0,0,0,0,0,0,0,0,0,0,0,0,0,0,0,4,0,40.0039,-75.2207, , 
 ,65482,2012104623,6,67,67301,2012,9,4,9999,99,1,1,0,8,1, , ,N,0,8,0,3,0,1,3,2,N,Y,40 01:26.500,75 10:21.300,830, ,814,1,1,2,N, ,3,N, , , , ,727108, , , ,1,0,0,0,0,0,1,0,0,0,1,0,1,0,0,0,0,0,0,0,1,0,0,0,0,0,0,0,0,0,0,0,1,0,0,3,0,40.024,-75.1726, , 
 ,65483,2012109770,6,67,67301,2012,10,2,1638,16,1,1,0,4,6, , ,N,0,0,0,3,0,2,3,2,N, ,39 54:56.973,75 09:10.497,1638, ,1638, ,0, , , ,0, , , , , ,727111, , , ,2,2,0,0,0,0,0,0,0,0,0,2,2,0,0,0,0,0,0,0,0,0,0,0,0,0,0,0,0,0,0,0,0,0,0,4,0,39.9158,-75.1529, , 
 ,65484,2012116865,6,67,67301,2012,9,3,632,6,1,1,1,1,1, , ,N,0,0,0,3,0,1,2,2,Y,N,40 00:31.409,75 12:12.970,643, ,634,1,1,4,N, ,0,N, , , , ,727115, , , ,2,2,0,0,0,0,0,0,0,0,1,0,1,0,0,0,0,0,0,0,0,0,0,0,0,0,0,0,0,0,0,0,0,0,0,3,0,40.0087,-75.2036, , 
 ,65485,2012117215,6,67,67301,2012,10,3,1333,13,1,1,0,1,1, , ,N,1,2,0,3,0,2,2,2,N,N,40 03:42.905,75 09:47.363,1339, ,1338, ,0, ,N, ,3, , , , , ,727116, , , ,2,2,0,0,0,0,0,0,0,0,0,2,2,0,0,0,0,0,0,0,0,0,0,1,0,0,0,0,0,0,0,0,0,0,0,4,0,40.0619,-75.1632, , 
 ,65486,2012117354,6,67,67301,2012,10,2,2215,22,3,2,1,4,1, , ,N,1,3,0,3,0,0,2,2,N,N,39 56:57.040,75 14:29.126,2216, ,2216, ,0, ,N, ,3, , , , , ,727117, , , ,2,2,0,0,0,0,0,0,0,0,0,0,0,0,1,0,0,0,0,0,0,0,0,0,0,0,0,0,0,0,0,0,0,0,0,9,0,39.9492,-75.2414, , 
 ,65487,2012122386,6,67,67301,2012,11,6,1059,10,1,1,0,4,1, , ,N,1,2,0,3,0,1,2,2,N, ,39 54:23.986,75 11:00.103,1110, ,1100, ,0, , , ,3, , , , , ,730256, , , ,2,1,0,0,1,0,0,0,0,0,0,1,1,0,0,0,0,0,0,0,2,0,0,0,0,0,0,0,0,0,0,0,0,0,0,4,0,39.9067,-75.1834, , 
 ,65488,2012125095,6,67,67301,2012,12,7,20,0,3,2,1,5,1, , ,N,0,0,0,3,0,0,2,2,N,N,39 56:52.286,75 11:14.432,30, ,24,1,2,3,N, ,0,N, , , , ,730257, , , ,2,1,0,0,0,1,0,0,0,0,0,0,0,0,1,0,0,0,0,0,0,0,0,0,0,0,0,0,0,0,0,0,0,0,0,9,1,39.9479,-75.1873, , 
 ,65489,2012113557,6,67,67301,2012,11,5,1608,16,1,1,0,1,1, , ,N,0,0,0,3,0,0,6,2,N,N,39 57:26.361,75 09:30.277,1642, ,1626, ,0, ,N, ,0, , , , , ,730271, , , ,2,1,0,0,0,0,1,0,0,0,0,0,0,0,0,0,0,0,0,0,1,0,0,0,0,0,0,0,0,0,0,0,0,0,0,0,0,39.9573,-75.1584, , 
 ,65490,2012116474,6,67,67301,2012,11,6,429,4,3,1,0,9,1, , ,N,0,0,0,3,0,1,1,1,N,N,39 57:34.730,75 10:37.201,437, ,437,1,1,4,N, ,0,N, , , , ,730272, , , ,1,1,0,0,0,0,0,0,0,0,0,1,1,0,0,0,0,0,0,0,0,0,0,0,0,0,0,0,0,0,0,0,0,0,0,4,0,39.9596,-75.177, , 
 ,65491,2012073554,6,67,67301,2012,6,6,1716,17,1,1,0,4,1, , ,N,1,3,0,3,0,1,3,2,N,N,39 59:42.068,75 08:17.188,1718, ,1716, ,0, ,N, ,3, , , , , ,730313, , , ,2,2,0,0,0,0,0,0,0,0,0,0,1,1,0,0,0,0,0,0,0,0,0,3,0,0,0,0,0,0,0,0,0,0,0,8,0,39.995,-75.1381, , 
 ,65492,2012109789,6,67,67301,2012,10,1,1720,17,1,1,0,4,1, , ,N,1,2,0,3,0,2,8,2,N,N,39 57:39.331,75 14:41.973,1850, ,1759, ,0, ,N, ,3, , , , , ,730328, , , ,2,0,0,0,0,0,1,1,0,0,2,0,2,0,0,0,0,0,0,0,0,0,0,0,0,0,0,0,0,0,0,0,0,0,0,3,0,39.9609,-75.245, , 
 ,65493,2012117275,6,67,67301,2012,10,6,2200,22,3,1,0,8,1, , ,N,0,0,0,3,0,1,2,2,N, ,40 03:06.908,75 00:30.549,2210, ,2205, ,0, ,N, ,0, , , , , ,730330, , , ,1,1,0,0,0,0,0,0,0,0,0,1,1,0,0,0,1,0,0,0,0,0,0,0,0,0,0,0,0,0,0,0,1,0,0,4,0,40.0519,-75.0085, , 
 ,65494,2012125502,6,67,67301,2012,11,7,2202,22,3,1,0,2,2, , ,N,1,0,0,3,0,1,2,1,N,N,39 57:28.502,75 08:55.805,2221, ,2220, ,0, ,N, ,0, , , , , ,730337, , , ,1,1,0,0,0,0,0,0,0,0,1,0,1,0,0,0,0,0,0,0,0,0,1,0,0,0,0,0,0,0,0,0,0,0,0,3,0,39.958,-75.1488, , 
 ,65495,2012128169,6,67,67301,2012,11,4,1249,12,0,0,0,0,1, , ,N,1,2,0,3,0,1,2,2,N,N,39 56:28.852,75 13:03.932,1255, ,1250, ,0, ,N, ,3, , , , , ,730341, , , ,1,1,0,0,0,0,0,0,0,0,0,1,1,0,0,0,0,0,0,0,1,0,0,0,0,0,0,0,0,0,0,0,1,0,0,4,0,39.9413,-75.2178, , 
 ,65496,2013006781,6,67,67301,2012,11,3,730,7,1,2,1,8,1, , ,N,1,2,0,3,0,1,2,2,N, ,40 02:55.176,75 04:36.548,1430, ,1426, ,0, , , ,3, , , , , ,730348, , , ,1,1,0,0,0,0,0,0,0,0,1,0,1,0,0,0,0,0,0,0,0,0,0,0,0,0,0,0,0,0,0,0,1,0,0,3,0,40.0487,-75.0768, , 
 ,65497,2012060767,6,67,67301,2012,5,1,1600,16,1,1,0,8,1, , ,N,0,0,0,3,0,1,2,2,N,N,39 55:27.350,75 11:31.887,1606, ,1602, ,0, ,N, ,0, , , , , ,730351, , , ,1,1,0,0,0,0,0,0,0,0,0,1,1,0,0,0,0,0,0,0,0,0,0,0,0,0,0,0,0,0,0,0,1,0,0,4,0,39.9243,-75.1922, , 
U,65498,2012080815,6,67,67301,2012,7,2,1545,15,1,1,0,1,1,8,8,Y,0,7,0,3,0,0,2,2,N,N,39 53:52.101,75 12:41.930,1555,99,1550,9,1,6,Y, ,9,N,U,U,U,U,730369,U,U,U,2,1,0,0,0,0,1,0,0,0,0,0,0,0,0,0,0,0,0,0,1,0,0,0,0,0,0,0,0,0,0,0,0,0,0,0,0,39.8978,-75.2116, , 
 ,65499,2012083067,6,67,67301,2012,5,2,930,9,1,1,0,1,1, , ,N,0,0,0,3,0,1,2,2,N,N,39 57:33.105,75 10:20.559,0, ,0, ,0, ,N, ,0, , , , , ,730371, , , ,2,1,0,0,1,0,0,0,0,0,0,0,1,1,0,0,0,0,0,0,0,0,0,0,0,0,0,0,0,0,0,0,0,0,0,8,0,39.9592,-75.1724, , 
 ,65500,2013003850,6,67,67301,2012,12,7,1551,15,1,1,0,1,1, , ,N,2,0,0,3,0,2,3,2,N,N,40 04:55.559,75 12:17.504,1642, ,1638, ,0, ,N, ,0, , , , , ,730380, , , ,2,2,0,0,0,0,0,0,0,0,0,0,2,2,0,0,0,0,0,0,1,0,1,0,0,0,0,0,0,0,0,0,0,0,0,8,0,40.0821,-75.2049, , 
 ,65501,2012109748,6,67,67301,2012,10,3,9999,99,3,1,0,4,1, , ,N,1,0,0,3,0,1,5,2,N, ,39 59:34.545,75 13:03.607,2210, ,2210, ,0, , , ,0, , , , , ,730385, , , ,2,2,0,0,0,0,0,0,0,0,0,0,3,3,2,0,0,0,0,0,1,0,0,1,0,0,0,0,0,0,0,0,0,0,0,8,0,39.993,-75.2176, , 
 ,65502,2012111715,6,67,67301,2012,10,6,816,8,1,1,0,8,1, , ,N,2,0,0,3,0,1,2,2,N,Y,40 02:02.364,75 09:59.090,835, ,827, ,0, ,N, ,0, , , , , ,730387, , , ,1,1,0,0,0,0,0,0,0,0,0,1,1,0,0,0,0,0,0,0,1,0,0,0,0,0,0,0,0,0,0,0,1,0,0,4,0,40.034,-75.1664, , 
 ,65503,2012120125,6,67,67301,2012,10,2,1309,13,1,2,1,4,1, , ,N,0,0,0,3,0,1,1,2,N,N,40 05:36.348,74 58:33.873,1315, ,1309, ,0, ,N, ,0, , , , , ,730393, , , ,2,1,0,0,0,0,1,0,0,0,0,0,1,1,0,0,0,0,0,0,0,1,0,0,0,0,0,0,0,0,0,0,0,0,0,8,0,40.0934,-74.9761, , 
 ,65504,2013006921,6,67,67301,2012,12,3,1930,19,3,1,0,5,2, , ,N,0,0,0,3,0,1,2,2,N,N,39 58:10.930,75 09:59.292,1930, ,1930, ,0, ,N, ,0, , , , , ,730407, , , ,2,2,0,0,0,0,0,0,0,0,0,1,1,0,0,0,0,0,0,0,0,0,0,0,0,0,0,0,0,0,0,0,0,0,0,4,0,39.9697,-75.1665, , 
 ,65505,2012064019,6,67,67301,2012,5,5,1530,15,1,2,1,8,1, , ,N,1,3,0,3,0,1,2,2,N, ,39 57:22.618,75 13:46.365,1646, ,1645, ,0, , , ,3, , , , , ,721070, , , ,1,1,0,0,0,0,0,0,0,0,0,1,1,0,0,0,0,0,0,0,0,0,0,0,0,0,0,0,0,0,0,0,1,0,0,4,0,39.9563,-75.2295, , 
 ,65506,2012078381,6,67,67301,2012,6,7,110,1,3,2,1,2,1, , ,N,0,0,0,3,0,1,2,2,N, ,40 00:02.178,75 04:01.288,345, ,343,3,2,7, , ,0,Y, , , , ,721086, , , ,2,2,0,0,0,0,0,0,0,0,0,1,1,0,0,0,0,0,0,0,0,0,0,0,0,0,0,0,0,0,0,0,0,0,0,4,0,40.0006,-75.067, , 