wz_ln_closure,objectid_1,crn,district,county,municipality,crash_year,crash_month,day_of_week,time_of_day,hour_of_day,illumination,weather,road_condition,collision_type,relation_to_road,work_zone_type,work_zone_loc,work_zone_ind,intersect_type,tcd_type,location_type,urban_rural,fatal_count,injury_count,person_count,total_units,sch_bus_ind,sch_zone_ind,latitude,longitude,arrival_tm,cons_zone_spd_lim,dispatch_tm,est_hrs_closed,lane_closed,ln_close_dir,ntfy_hiwy_maint,spec_juris_cd,tcd_func_cd,tfc_detour_ind,workers_pres,wz_close_detour,wz_flagger,wz_law_offcr_ind,objectid,wz_moving,wz_other,wz_shlder_mdn,vehicle_count,automobile_count,motorcycle_count,bus_count,small_truck_count,heavy_truck_count,suv_count,van_count,bicycle_count,maj_inj_count,mod_inj_count,min_inj_count,tot_inj_count,unk_inj_deg_count,unk_inj_per_count,driver_count_16yr,driver_count_17yr,driver_count_18yr,driver_count_19yr,driver_count_20yr,driver_count_50_64yr,driver_count_65_74yr,driver_count_75plus,unbelted_occ_count,unb_death_count,unb_maj_inj_count,belted_death_count,belted_maj_inj_count,mcycle_death_count,mcycle_maj_inj_count,bicycle_death_count,bicycle_maj_inj_count,ped_count,ped_death_count,ped_maj_inj_count,max_severity_level,comm_veh_count,dec_lat,dec_long,rdwy_surf_type_cd,county_name
 ,65574,2012078404,6,67,67301,2012,7,3,1648,16,1,1,0,5,1, , ,N,0,0,0,3,0,1,1,2,N, ,39 56:42.216,75 13:54.386,1655, ,1648, ,0, , , ,0, , , , , ,731787, , , ,2,2,0,0,0,0,0,0,0,0,0,0,1,1,0,0,0,0,0,0,0,0,0,0,0,0,0,0,0,0,0,0,0,0,0,8,0,39.9451,-75.2318, , 
 ,65575,2012078464,6,67,67301,2012,6,6,832,8,1,1,0,4,1, , ,N,1,2,0,3,0,4,4,2,N,N,39 56:19.532,75 13:36.735,855, ,853, ,0, ,N, ,3, , , , , ,731788, , , ,2,2,0,0,0,0,0,0,0,0,0,2,4,2,0,0,0,0,0,0,0,0,0,0,0,0,0,0,0,0,0,0,0,0,0,4,0,39.9388,-75.2269, , 
 ,65576,2012106948,6,67,67301,2012,10,4,1656,16,1,1,0,1,1, , ,N,0,0,0,3,0,1,2,2,N,N,39 59:32.447,75 12:04.665,1706, ,1658,1,1,4,N, ,0,N, , , , ,731802, , , ,2,1,0,0,1,0,0,0,0,0,1,0,1,0,0,0,0,0,0,0,1,0,0,0,0,0,0,0,0,0,0,0,0,0,0,3,0,39.9923,-75.2013, , 
 ,65577,2012114354,6,67,67301,2012,10,1,1917,19,3,1,0,8,1, , ,N,0,0,0,3,1,0,2,2,N,N,40 02:51.746,75 03:35.776,1926, ,1919,9,2,5,N,0,0,Y, , , , ,731808, , , ,1,1,0,0,0,0,0,0,0,0,0,0,0,0,0,0,0,0,0,0,0,0,1,0,0,0,0,0,0,0,0,0,1,1,0,1,0,40.0477,-75.0599,1, 
 ,65578,2012088609,6,67,67301,2012,8,6,1500,15,1,1,0,1,1, , ,N,0,0,0,3,0,1,2,2,N, ,39 58:35.395,75 07:10.706,1700, ,1700, ,0, , , ,0, , , , , ,721226, , , ,2,2,0,0,0,0,0,0,0,0,0,1,1,0,1,0,0,0,0,0,0,0,0,0,0,0,0,0,0,0,0,0,0,0,0,4,0,39.9765,-75.1196, , 
 ,65579,2012111636,6,67,67301,2012,10,3,1335,13,1,1,0,8,1, , ,N,0,0,0,3,0,1,2,2,N,Y,40 02:16.893,75 05:02.720,1341, ,1338, ,0, ,N, ,0, , , , , ,721243, , , ,1,1,0,0,0,0,0,0,0,0,0,1,1,0,0,0,0,0,0,0,0,0,0,0,0,0,0,0,0,0,0,0,1,0,0,4,0,40.038,-75.0841, , 
 ,65580,2012066761,6,67,67301,2012,5,7,9999,99,3,1,0,4,1, , ,N,1,2,0,3,0,1,3,2,N, ,39 58:10.092,75 08:22.485,9999, ,157, ,0, , , ,3, , , , , ,721260, , , ,2,1,0,0,0,0,1,0,0,0,0,0,1,1,0,0,0,0,0,0,1,0,0,0,0,0,0,0,0,0,0,0,0,0,0,8,0,39.9695,-75.1395, , 
 ,65581,2013004387,6,67,67301,2012,9,1,2325,23,3,1,0,8,1, , ,N,0,0,0,3,0,1,2,2,N,N,40 02:01.354,75 03:49.141,2255, ,2250,3,1,1,N, ,0,Y, , , , ,721262, , , ,1,1,0,0,0,0,0,0,0,1,0,0,1,0,0,0,0,0,0,0,1,0,0,0,0,0,0,0,0,0,0,0,1,0,1,2,0,40.0337,-75.0637, , 
 ,65582,2012109703,6,67,67301,2012,10,4,1904,19,3,1,0,1,6, , ,N,0,0,0,3,0,0,4,2,N,N,39 54:45.952,75 08:25.235,1912, ,1904, ,0, ,N, ,0, , , , , ,721268, , , ,2,1,0,0,0,0,1,0,0,0,0,0,0,0,0,1,0,0,0,0,0,0,0,0,0,0,0,0,0,0,0,0,0,0,0,0,0,39.9128,-75.1403, , 
 ,65583,2012112621,6,67,67301,2012,10,2,756,7,1,1,0,1,1, , ,N,0,0,0,3,0,1,1,2,N,N,39 57:27.432,75 09:31.773,806, ,805, ,0, ,N, ,0, , , , , ,721272, , , ,2,2,0,0,0,0,0,0,0,0,0,1,1,0,0,0,0,0,0,0,0,0,0,0,0,0,0,0,0,0,0,0,0,0,0,4,0,39.9576,-75.1588, , 
 ,65584,2012116473,6,67,67301,2012,11,6,137,1,2,1,0,1,1, , ,N,0,0,0,3,0,0,3,2,N,N,40 00:59.281,75 03:03.913,155, ,137, ,0, ,N, ,0, , , , , ,721276, , , ,2,1,0,0,0,0,0,1,0,0,0,0,0,0,0,0,0,0,0,0,0,1,0,0,0,0,0,0,0,0,0,0,0,0,0,0,0,40.0164,-75.0512, , 
 ,65585,2013003758,6,67,67301,2012,12,5,1515,15,1,1,0,4,4, , ,N,2,3,0,3,0,1,2,2,N,Y,40 01:03.745,75 09:25.585,1520, ,9999,1,2,1,N, ,3,Y, , , , ,721307, , , ,2,2,0,0,0,0,0,0,0,0,1,0,1,0,0,0,0,0,0,0,0,0,0,0,0,0,0,0,0,0,0,0,0,0,0,3,0,40.0177,-75.1571, , 
 ,65586,2013006117,6,67,67301,2012,12,4,1650,16,3,2,1,7,4, , ,N,0,0,0,3,0,1,2,1,N,N,39 58:36.439,75 11:22.178,1652, ,1650, ,0, ,N, ,0, , , , , ,721308, , , ,1,1,0,0,0,0,0,0,0,0,0,1,1,0,0,0,0,0,0,0,0,0,0,0,0,0,0,0,0,0,0,0,0,0,0,4,0,39.9768,-75.1895, , 
 ,65587,2012078473,6,67,67301,2012,7,2,1309,13,1,1,0,5,1, , ,N,0,0,0,3,0,3,5,2,N,N,39 53:43.460,75 13:52.841,1325, ,1315, ,0, ,N, ,0, , , , , ,721317, , , ,2,1,0,0,1,0,0,0,0,0,0,0,3,3,0,0,0,0,0,0,1,1,0,0,0,0,0,0,0,0,0,0,0,0,0,8,0,39.8954,-75.2313, , 
 ,65588,2012093262,6,67,67301,2012,8,6,109,1,3,1,0,7,3, , ,N,0,0,0,3,0,0,1,1,N,N,39 58:39.030,75 06:45.159,116, ,111,1,1,2,N, ,0,N, , , , ,721329, , , ,1,1,0,0,0,0,0,0,0,0,0,0,0,0,0,0,0,0,0,0,0,0,0,0,0,0,0,0,0,0,0,0,0,0,0,0,0,39.9775,-75.1125, , 
 ,65589,2012109690,6,67,67301,2012,10,5,1157,11,1,1,0,4,1, , ,N,1,0,0,3,0,1,2,3,N,N,39 58:17.090,75 09:51.951,1226, ,1224, ,0, ,N, ,0, , , , , ,721345, , , ,3,2,0,0,0,0,0,1,0,0,0,1,1,0,0,0,0,0,0,0,1,0,0,0,0,0,0,0,0,0,0,0,0,0,0,4,0,39.9714,-75.1644, , 
 ,65590,2012109902,6,67,67301,2012,10,3,1605,16,1,1,0,4,1, , ,N,1,3,0,3,0,0,2,2,N,N,40 00:49.442,75 03:34.433,1618, ,1615, ,0, ,N, ,3, , , , , ,721346, , , ,2,2,0,0,0,0,0,0,0,0,0,0,0,0,0,0,0,0,0,0,0,0,0,0,0,0,0,0,0,0,0,0,0,0,0,0,0,40.0137,-75.0596, , 
 ,65591,2012084169,6,67,67301,2012,7,6,2045,20,3,1,0,8,1, , ,N,0,0,0,3,0,1,3,2,N,N,39 59:51.414,75 06:17.557,2116, ,2113, ,0, ,N, ,0, , , , , ,721364, , , ,1,0,0,0,0,0,0,0,0,0,1,0,1,0,0,0,0,0,0,0,0,0,0,0,0,0,0,0,0,0,0,0,1,0,0,3,0,39.9976,-75.1049, , 
 ,65592,2012125497,6,67,67301,2012,11,4,1516,15,1,1,0,4,1, , ,N,0,0,0,3,0,2,3,2,N,N,40 03:23.781,75 00:59.079,1524, ,1519,2,1,2,N, ,0,N, , , , ,721390, , , ,2,2,0,0,0,0,0,0,0,0,0,0,2,2,0,0,0,0,0,0,0,0,1,1,0,0,0,0,0,0,0,0,0,0,0,8,0,40.0566,-75.0164, , 
 ,65593,2012083530,6,67,67301,2012,8,7,1653,16,1,1,0,1,1, , ,N,6,0,2,3,0,0,5,2,N,N,39 53:56.725,75 10:42.270,1716, ,1712, ,0, ,N, ,0, , , , , ,721419, , , ,2,0,0,0,0,0,2,0,0,0,0,0,0,0,0,0,0,0,0,0,0,0,0,0,0,0,0,0,0,0,0,0,0,0,0,0,0,39.8991,-75.1784, , 
 ,65594,2012085859,6,67,67301,2012,7,4,1815,18,1,1,0,7,5, , ,N,2,0,0,3,0,0,1,1,N,N,39 58:52.035,75 11:01.283,1815, ,1815, ,0, , , ,0, , , , , ,721421, , , ,1,1,0,0,0,0,0,0,0,0,0,0,0,0,0,0,0,0,0,0,0,0,0,0,0,0,0,0,0,0,0,0,0,0,0,0,0,39.9811,-75.1837, , 
 ,65595,2012104062,6,67,67301,2012,9,3,1455,14,1,1,0,8,1, , ,N,2,0,0,3,0,1,2,2,N, ,39 57:56.865,75 14:16.616,1520, ,1513, ,0, , , ,0, , , , , ,721434, , , ,1,1,0,0,0,0,0,0,1,0,0,0,1,1,0,0,0,0,0,0,0,0,1,0,0,0,0,0,0,0,0,0,1,0,0,8,0,39.9658,-75.2379, , 
 ,65596,2012111728,6,67,67301,2012,10,2,600,6,3,1,1,4,1, , ,N,1,2,0,3,0,1,3,2,N,N,40 03:25.064,75 05:18.129,601, ,600,2,2,5,N, ,3,Y, , , , ,721438, , , ,2,1,0,1,0,0,0,0,0,0,1,0,1,0,2,0,0,0,0,0,1,0,0,0,0,0,0,0,0,0,0,0,0,0,0,3,1,40.057,-75.0884, , 
 ,65597,2012099010,6,67,67301,2012,9,7,9999,99,1,1,0,4,1, , ,N,1,3,0,3,0,1,5,2,N,N,40 02:46.472,75 09:57.862,1430, ,1427, ,0, ,N, ,3, , , , , ,724359, , , ,2,1,0,0,0,0,1,0,0,0,0,0,1,1,0,0,0,0,0,0,0,0,0,0,0,0,0,0,0,0,0,0,0,0,0,8,0,40.0462,-75.1661, , 
 ,65598,2012109841,6,67,67301,2012,10,4,1739,17,1,1,0,4,1, , ,N,1,0,0,3,0,1,2,2,N,Y,39 56:25.195,75 10:21.993,1755, ,1748, ,0, ,N, ,0, , , , , ,724369, , , ,1,1,0,0,0,0,0,0,1,0,1,0,1,0,0,0,0,0,0,0,1,0,0,0,0,0,0,0,0,0,0,0,0,0,0,3,0,39.9403,-75.1728, , 
 ,65599,2012122342,6,67,67301,2012,11,7,15,0,3,1,0,1,1, , ,N,1,2,0,3,0,0,2,2,N,N,39 59:14.152,75 15:06.662,51, ,47,2,2,4,N, ,3,N, , , , ,724380, , , ,2,1,0,0,1,0,0,0,0,0,0,0,0,0,0,0,0,0,0,0,1,0,0,0,0,0,0,0,0,0,0,0,0,0,0,0,0,39.9873,-75.2519, , 
 ,65600,2012122445,6,67,67301,2012,11,3,332,3,3,2,1,2,1, , ,N,5,2,0,3,0,2,3,2,N,N,40 00:31.898,75 04:18.804,339, ,336,2,2,2,N, ,3,Y, , , , ,724381, , , ,2,2,0,0,0,0,0,0,0,0,0,0,2,2,0,0,0,0,0,0,1,0,0,0,0,0,0,0,0,0,0,0,0,0,0,8,1,40.0089,-75.0719, , 
 ,65601,2013002425,6,67,67301,2012,11,2,1143,11,1,1,0,1,1, , ,N,0,0,0,3,0,1,2,2,N,N,39 56:55.312,75 11:07.442,1149, ,1143,2,1,4,N, ,0,N, , , , ,724388, , , ,2,1,0,0,0,0,1,0,0,0,1,0,1,0,0,0,0,0,0,0,0,0,0,0,0,0,0,0,0,0,0,0,0,0,0,3,0,39.9487,-75.1854, , 
 ,65602,2012117289,6,67,67301,2012,10,3,1709,17,1,2,1,4,1, , ,N,1,3,0,3,0,1,3,2,N,N,40 02:26.901,75 04:22.717,1712, ,1710, ,0, ,N, ,3, , , , , ,724393, , , ,2,1,0,0,0,0,1,0,0,0,0,0,1,1,1,0,0,0,0,0,0,0,0,0,0,0,0,0,0,0,0,0,0,0,0,8,0,40.0408,-75.073, , 
 ,65603,2012083178,6,67,67301,2012,7,1,27,0,3,1,0,1,1, , ,N,1,2,0,3,0,1,3,3,N, ,40 00:11.393,75 09:08.837,9999, ,9999, ,0, , , ,3, , , , , ,724403, , , ,3,1,0,0,1,0,1,0,0,0,0,0,1,1,2,0,0,0,0,1,0,0,0,2,0,0,0,0,0,0,0,0,0,0,0,8,0,40.0032,-75.1525, , 
 ,65604,2012088536,6,67,67301,2012,8,4,1702,17,1,2,1,4,1, , ,N,1,3,0,3,0,1,2,2,N,N,40 01:45.850,75 03:16.505,1939, ,1734, ,0, , , ,3, , , , , ,724411, , , ,2,2,0,0,0,0,0,0,0,0,0,0,1,1,0,0,0,0,1,0,0,0,0,0,0,0,0,0,0,0,0,0,0,0,0,8,0,40.0294,-75.0546, , 
 ,65605,2012104001,6,67,67301,2012,9,3,1314,13,1,2,1,5,1, , ,N,1,0,0,3,0,0,2,2,N,N,40 01:46.666,75 12:22.539,1118, ,1114, ,0, ,N, ,0, , , , , ,724424, , , ,2,2,0,0,0,0,0,0,0,0,0,0,0,0,0,0,0,0,0,0,1,1,0,0,0,0,0,0,0,0,0,0,0,0,0,0,0,40.0296,-75.2063, , 
 ,65606,2012073463,6,67,67301,2012,6,2,345,3,3,1,0,7,3, , ,N,1,2,0,3,0,0,1,1,N,N,39 58:23.685,75 12:43.721,418, ,413,2,1,3,N, ,3,N, , , , ,724443, , , ,1,1,0,0,0,0,0,0,0,0,0,0,0,0,1,0,0,0,0,0,1,0,0,0,0,0,0,0,0,0,0,0,0,0,0,9,0,39.9732,-75.2121, , 
 ,65607,2012109721,6,67,67301,2012,10,7,9999,99,3,1,6,0,1, , ,N,0,0,0,3,0,1,1,1,N,N,40 01:53.470,75 10:44.948,58, ,42, ,0, ,N, ,0, , , , , ,724475, , , ,1,0,1,0,0,0,0,0,0,0,1,0,1,0,0,0,0,0,0,0,0,0,0,0,0,0,0,0,0,0,0,0,0,0,0,3,0,40.0315,-75.1792, , 
 ,65608,2012112640,6,67,67301,2012,10,5,945,9,1,1,0,0,1, , ,N,1,0,0,3,0,1,1,1,N, ,39 54:35.060,75 14:02.295,945, ,945, ,0, , , ,0, , , , , ,724479, , , ,1,0,1,0,0,0,0,0,0,0,0,1,1,0,0,0,0,0,0,0,0,0,0,0,0,0,0,0,0,0,0,0,0,0,0,4,0,39.9097,-75.234, , 
 ,65609,2012063955,6,67,67301,2012,5,1,1620,16,1,1,0,4,1, , ,N,1,3,0,3,0,2,2,3,N,N,40 01:22.525,75 09:47.379,1635, ,1623, ,0, ,N, ,3, , , , , ,724488, , , ,3,3,0,0,0,0,0,0,0,0,0,2,2,0,0,0,0,0,0,0,0,0,0,0,0,0,0,0,0,0,0,0,0,0,0,4,0,40.0229,-75.1632, , 
 ,65610,2012083147,6,67,67301,2012,7,7,9999,99,1,2,1,4,1, , ,N,1,3,0,3,0,2,3,2,N,N,39 57:34.066,75 13:37.293,1728, ,1725, ,0, ,N, ,3, , , , , ,724499, , , ,2,0,0,0,0,0,1,1,0,0,0,2,2,0,0,0,0,0,0,0,0,0,0,0,0,0,0,0,0,0,0,0,0,0,0,4,0,39.9595,-75.227, , 
 ,65611,2012104097,6,67,67301,2012,9,1,1110,11,1,1,0,4,1, , ,N,0,0,0,3,0,1,4,2,N,N,39 58:30.784,75 11:29.966,1120, ,1115, ,0, ,N, ,0, , , , , ,724516, , , ,2,2,0,0,0,0,0,0,0,0,1,0,1,0,0,0,0,0,0,0,0,0,0,0,0,0,0,0,0,0,0,0,0,0,0,3,0,39.9752,-75.1917, , 
 ,65612,2013006112,6,67,67301,2012,12,1,1639,16,1,1,0,4,1, , ,N,1,2,0,3,0,1,3,2,N,N,40 05:49.711,75 01:05.375,1645, ,1639,3,1,1,N, ,3,Y, , , , ,724535, , , ,2,2,0,0,0,0,0,0,0,0,0,1,1,0,0,0,0,0,0,0,1,0,0,0,0,0,0,0,0,0,0,0,0,0,0,4,0,40.0971,-75.0182, , 
 ,65613,2012076032,6,67,67301,2012,6,2,1600,16,1,1,0,4,1, , ,N,1,0,0,3,0,1,2,2,N,N,40 00:32.490,75 06:46.166,9999, ,1600, ,0, ,N, ,0, , , , , ,724545, , , ,1,0,0,0,0,0,1,0,1,0,0,0,1,1,0,0,0,0,0,0,0,0,0,0,0,0,0,0,0,0,0,0,0,0,0,8,0,40.009,-75.1128, , 
 ,65614,2012083164,6,67,67301,2012,7,7,9999,99,1,1,0,8,1, , ,N,1,0,0,3,0,1,2,2,N,N,39 59:41.193,75 06:55.627,2000, ,2000, ,0, , , ,0, , , , , ,724555, , , ,1,1,0,0,0,0,0,0,0,0,0,1,1,0,0,0,0,0,0,0,1,0,0,0,0,0,0,0,0,0,0,0,1,0,0,4,0,39.9948,-75.1155, , 
 ,65615,2012103233,6,46,46104,2012,10,6,1742,17,1,1,0,1,1, , ,N,0,0,0,3,0,3,4,3,N,N,40 00:11.680,75 13:20.079,1744, ,1742,1,1,2,N, ,0,N, , , , ,727260, , , ,3,3,0,0,0,0,0,0,0,0,0,3,3,0,0,0,0,0,0,0,1,0,0,0,0,0,0,0,0,0,0,0,1,0,0,4,0,40.0032,-75.2222, , 
 ,65616,2012111775,6,67,67301,2012,10,7,1316,13,1,1,0,8,1, , ,N,1,2,0,3,0,3,3,4,N,N,39 56:50.600,75 10:04.875,1330, ,1325, ,0, ,N, ,3, , , , , ,727269, , , ,1,1,0,0,0,0,0,0,0,0,0,2,2,0,0,0,0,0,0,0,0,0,0,0,0,0,0,0,0,0,0,0,3,0,0,4,0,39.9474,-75.168, , 
 ,65617,2012068137,6,67,67301,2012,7,5,114,1,3,2,1,1,1, , ,N,0,0,0,3,0,0,6,2,N,N,39 56:42.330,75 11:27.380,121, ,116,1,2,3,N, ,0,N, , , , ,727278, , , ,2,2,0,0,0,0,0,0,0,0,0,0,0,0,0,0,0,1,0,0,0,0,0,0,0,0,0,0,0,0,0,0,0,0,0,0,0,39.9451,-75.1909, , 
 ,65618,2012063953,6,67,67301,2012,5,4,47,0,3,1,0,4,1, , ,N,1,3,0,3,0,2,2,3,N,N,39 58:13.350,75 12:36.993,133, ,127, ,0, ,N, ,3, , , , , ,727290, , , ,3,1,0,0,0,0,2,0,0,0,0,0,2,2,0,0,0,0,0,1,0,0,0,0,0,0,0,0,0,0,0,0,0,0,0,8,0,39.9704,-75.2103, , 
 ,65619,2012068871,6,67,67301,2012,6,6,122,1,3,1,0,7,5, , ,N,0,0,0,3,0,0,2,1,N,N,39 56:53.080,75 12:49.180,125, ,122, ,0, ,N, ,0, , , , , ,727293, , , ,1,1,0,0,0,0,0,0,0,0,0,0,0,0,0,0,0,0,0,0,0,0,0,0,0,0,0,0,0,0,0,0,0,0,0,0,0,39.9481,-75.2137, , 
 ,65620,2012068884,6,67,67301,2012,5,4,2334,23,3,1,0,4,1, , ,N,10,2,0,3,0,1,3,2,N,N,40 02:22.057,75 02:00.117,2336, ,2334, ,0, ,N, ,3, , , , , ,727294, , , ,2,2,0,0,0,0,0,0,0,0,0,1,1,0,0,0,0,0,0,0,0,0,0,0,0,0,0,0,0,0,0,0,0,0,0,4,0,40.0395,-75.0334, , 
 ,65621,2012095619,6,67,67301,2012,8,2,2010,20,3,1,0,4,1, , ,N,1,2,0,3,0,0,4,2,N,N,40 01:55.909,75 02:12.865,2100, ,2055, ,0, ,N, ,3, , , , , ,727313, , , ,2,2,0,0,0,0,0,0,0,0,0,0,0,0,0,0,0,0,0,0,0,0,0,0,0,0,0,0,0,0,0,0,0,0,0,0,0,40.0322,-75.0369, , 
 ,65622,2012103987,6,67,67301,2012,9,4,1655,16,1,1,0,4,1, , ,N,1,2,0,3,0,2,3,2,N,N,40 03:25.671,75 02:04.150,1706, ,1657,1,1,3,N, ,3,N, , , , ,727319, , , ,2,1,0,0,0,0,0,1,0,0,0,0,2,2,1,0,0,0,0,0,1,0,0,0,0,0,0,0,0,0,0,0,0,0,0,8,0,40.0571,-75.0345, , 
 ,65623,2012109897,6,67,67301,2012,9,7,9999,99,1,1,0,8,1, , ,N,1,2,0,3,0,2,2,2,N, ,39 55:06.690,75 14:30.530,1730, ,1724, ,0, , , ,3, , , , , ,727325, , , ,1,0,0,0,0,0,1,0,0,0,0,0,2,2,0,0,0,0,0,0,0,0,1,0,0,0,0,0,0,0,0,0,1,0,0,8,0,39.9185,-75.2418, , 
 ,65624,2012115301,6,67,67301,2012,9,7,930,9,1,1,0,4,1, , ,N,1,2,0,3,0,1,2,2,N,N,39 59:27.769,75 10:06.848,0, ,0, ,0, ,N, ,3, , , , , ,727331, , , ,2,1,0,0,0,0,0,1,0,0,0,0,1,1,1,0,0,0,0,0,1,0,0,0,0,0,0,0,0,0,0,0,0,0,0,8,0,39.991,-75.1686, , 
 ,65625,2012098504,6,67,67301,2012,9,5,35,0,3,1,0,5,5, , ,N,0,0,0,3,0,0,1,1,N,N,40 01:53.258,75 03:47.399,42, ,40, ,0, ,N, ,0, , , , , ,727366, , , ,2,2,0,0,0,0,0,0,0,0,0,0,0,0,0,0,0,0,0,0,0,0,0,0,0,0,0,0,0,0,0,0,0,0,0,0,0,40.0315,-75.0632, , 
 ,65626,2013003740,6,67,67301,2012,12,6,2245,22,8,9,8,4,1, , ,N,1,0,0,3,0,2,3,2,N,N,40 01:37.801,75 09:04.478,235, ,231, ,9, ,N, ,0, , , , , ,727378, , , ,2,1,0,0,0,0,1,0,0,0,0,0,2,2,1,0,0,0,0,0,1,0,0,0,0,0,0,0,0,0,0,0,0,0,0,8,0,40.0272,-75.1512, , 
 ,65627,2013003955,6,67,67301,2012,12,4,1523,15,1,1,0,6,1, , ,N,1,2,0,3,0,1,3,2,N,N,39 57:45.942,75 14:48.128,1553, ,1551, ,0, ,N, ,3, , , , , ,727379, , , ,2,1,0,0,0,0,0,0,0,0,0,0,1,1,1,0,0,0,0,0,0,0,0,1,0,0,0,0,0,0,0,0,0,0,0,8,0,39.9627,-75.2467, , 
 ,65628,2012076030,6,67,67301,2012,6,5,1030,10,1,1,0,4,1, , ,N,0,0,7,3,0,1,3,2,N,N,39 58:38.895,75 13:38.307,1119, ,1119, ,0, ,N, ,0, , , , , ,727392, , , ,2,2,0,0,0,0,0,0,0,0,0,1,1,0,0,0,0,0,0,0,0,0,0,0,0,0,0,0,0,0,0,0,0,0,0,4,0,39.9775,-75.2273, , 
 ,65629,2012085828,6,67,67301,2012,8,3,1541,15,1,1,0,8,1, , ,N,0,0,0,3,0,1,2,2,N,N,39 58:07.996,75 13:53.104,1549, ,1544, ,0, ,N, ,0, , , , , ,727400, , , ,1,1,0,0,0,0,0,0,0,0,0,0,1,1,0,0,0,0,0,0,0,0,0,0,0,0,0,0,0,0,0,0,1,0,0,8,0,39.9689,-75.2314, , 
 ,65630,2012098228,6,67,67301,2012,9,4,1033,10,1,1,0,2,1, , ,N,1,2,0,3,0,2,2,2,N, ,40 05:49.711,75 01:05.375,1833, ,1833, ,0, ,N, ,3, , , , , ,727410, , , ,2,1,0,0,0,0,1,0,0,0,0,2,2,0,0,0,0,0,0,0,0,0,0,1,0,0,0,0,0,0,0,0,0,0,0,4,0,40.0971,-75.0182, , 
 ,65631,2012099002,6,67,67301,2012,9,1,1503,15,1,1,0,4,1, , ,N,1,2,0,3,0,0,2,2,N,N,40 01:24.687,75 08:00.078,1525, ,1520,2,1,1,N, ,3,N, , , , ,727411, , , ,2,1,0,0,1,0,0,0,0,0,0,0,0,0,0,0,0,0,0,0,1,0,0,0,0,0,0,0,0,0,0,0,0,0,0,0,0,40.0235,-75.1334, , 
 ,65632,2012080808,6,67,67301,2012,7,5,2200,22,3,1,0,1,1, , ,N,0,0,0,3,0,3,3,2,N,N,40 06:51.024,74 59:14.681,2207, ,2204,2,1,1,N, ,0,N, , , , ,727428, , , ,2,2,0,0,0,0,0,0,0,0,0,3,3,0,0,0,0,0,0,0,0,0,0,0,0,0,0,0,0,0,0,0,0,0,0,4,0,40.1142,-74.9874, , 
 ,65633,2013003730,6,67,67301,2012,12,4,115,1,3,2,1,2,1, , ,N,1,2,0,3,0,2,3,2,N,N,39 55:14.271,75 14:29.219,118, ,118, ,0, ,N, ,3, , , , , ,730863, , , ,2,1,0,0,0,0,1,0,0,0,1,0,2,1,0,0,0,0,1,0,1,0,0,0,0,0,0,0,0,0,0,0,0,0,0,3,0,39.9206,-75.2414, , 
 ,65634,2013006109,6,67,67301,2012,12,1,725,7,1,1,0,4,1, , ,N,1,2,0,3,1,0,3,2,N,N,39 57:59.670,75 14:23.337,728, ,725,3,1,7,N,0,3,Y, , , , ,730864, , , ,1,0,0,0,1,0,0,0,1,0,0,0,0,0,0,0,0,0,0,0,0,0,0,2,0,0,0,0,0,0,1,0,0,0,0,1,0,39.9666,-75.2398,2, 
 ,65635,2013007271,6,67,67301,2012,12,6,1503,15,1,1,0,8,1, , ,N,1,3,0,3,0,1,2,2,N,N,40 04:19.718,75 10:12.802,1514, ,1508, ,0, ,N, ,3, , , , , ,730865, , , ,1,1,0,0,0,0,0,0,0,0,1,0,1,0,0,0,0,0,0,0,0,1,0,1,0,0,0,0,0,0,0,0,1,0,0,3,0,40.0721,-75.1702, , 
 ,65636,2013006861,6,67,67301,2012,12,4,1505,15,1,1,0,4,1, , ,N,2,2,0,3,0,2,2,2,N,N,40 02:46.543,75 10:39.976,1545, ,1542, ,0, ,N, ,3, , , , , ,730893, , , ,2,2,0,0,0,0,0,0,0,0,0,2,2,0,0,0,0,0,0,0,0,0,0,0,0,0,0,0,0,0,0,0,0,0,0,4,0,40.0463,-75.1778, , 
 ,65637,2012128252,6,67,67301,2012,11,5,1243,12,1,1,0,2,1, , ,N,0,0,0,3,0,2,2,1,N,N,40 01:53.205,75 05:37.528,1247, ,1247,1,1,6,N, ,0,N, , , , ,730906, , , ,1,1,0,0,0,0,0,0,0,0,0,2,2,0,0,0,0,0,0,0,0,0,0,0,0,0,0,0,0,0,0,0,0,0,0,4,0,40.0314,-75.0938, , 
 ,65638,2013003826,6,67,67301,2012,11,3,33,0,3,1,0,5,6, , ,N,0,0,0,3,0,1,1,4,N,N,39 58:07.000,75 08:33.170,38, ,33, ,0, ,N, ,0, , , , , ,730912, , , ,4,2,0,0,0,0,2,0,0,0,0,1,1,0,0,0,0,0,0,0,0,0,0,0,0,0,0,0,0,0,0,0,0,0,0,4,0,39.9686,-75.1425, , 
 ,65639,2013003884,6,67,67301,2012,12,7,2140,21,3,1,0,4,1, , ,N,0,0,0,3,0,1,2,2,N, ,39 56:34.515,75 09:05.374,2140, ,2140, ,0, , , ,0, , , , , ,730913, , , ,1,1,0,0,0,0,0,0,1,0,0,1,1,0,0,0,0,0,0,0,0,0,0,1,0,0,0,0,0,0,0,0,0,0,0,4,0,39.9429,-75.1515, , 