wz_ln_closure,objectid_1,crn,district,county,municipality,crash_year,crash_month,day_of_week,time_of_day,hour_of_day,illumination,weather,road_condition,collision_type,relation_to_road,work_zone_type,work_zone_loc,work_zone_ind,intersect_type,tcd_type,location_type,urban_rural,fatal_count,injury_count,person_count,total_units,sch_bus_ind,sch_zone_ind,latitude,longitude,arrival_tm,cons_zone_spd_lim,dispatch_tm,est_hrs_closed,lane_closed,ln_close_dir,ntfy_hiwy_maint,spec_juris_cd,tcd_func_cd,tfc_detour_ind,workers_pres,wz_close_detour,wz_flagger,wz_law_offcr_ind,objectid,wz_moving,wz_other,wz_shlder_mdn,vehicle_count,automobile_count,motorcycle_count,bus_count,small_truck_count,heavy_truck_count,suv_count,van_count,bicycle_count,maj_inj_count,mod_inj_count,min_inj_count,tot_inj_count,unk_inj_deg_count,unk_inj_per_count,driver_count_16yr,driver_count_17yr,driver_count_18yr,driver_count_19yr,driver_count_20yr,driver_count_50_64yr,driver_count_65_74yr,driver_count_75plus,unbelted_occ_count,unb_death_count,unb_maj_inj_count,belted_death_count,belted_maj_inj_count,mcycle_death_count,mcycle_maj_inj_count,bicycle_death_count,bicycle_maj_inj_count,ped_count,ped_death_count,ped_maj_inj_count,max_severity_level,comm_veh_count,dec_lat,dec_long,rdwy_surf_type_cd,county_name
 ,65640,2012121699,6,67,67301,2012,12,1,1846,18,3,1,1,7,4, , ,N,0,0,0,3,0,0,1,1,N,N,39 58:36.521,75 11:49.117,1853, ,1848, ,0, ,N, ,0, , , , , ,730948, , , ,1,0,0,0,0,0,1,0,0,0,0,0,0,0,0,0,0,0,0,0,0,0,0,0,0,0,0,0,0,0,0,0,0,0,0,0,0,39.9768,-75.197, , 
 ,65641,2013003783,6,67,67301,2012,12,3,1421,14,1,1,0,9,1, , ,N,0,0,1,3,0,0,1,1,N,N,39 55:56.791,75 13:08.136,1544, ,1544,3,1,4,N, ,0,N, , , , ,730954, , , ,1,0,0,0,1,0,0,0,0,0,0,0,0,0,0,0,0,0,0,0,0,0,0,0,0,0,0,0,0,0,0,0,0,0,0,0,1,39.9324,-75.2189, , 
 ,65642,2013021032,6,67,67301,2012,12,2,1330,13,1,1,0,8,1, , ,N,0,0,0,3,0,1,2,2,N,N,39 59:55.449,75 10:01.774,0, ,0, ,0, ,N, ,0, , , , , ,730961, , , ,1,0,1,0,0,0,0,0,0,0,0,0,1,1,0,0,0,0,0,0,1,0,0,0,0,0,0,0,0,0,0,0,1,0,0,8,0,39.9987,-75.1672, , 
 ,65643,2012104095,6,67,67301,2012,9,7,1655,16,1,9,0,4,1, , ,N,1,2,0,3,0,7,7,2,N,N,40 02:20.942,75 06:36.006,1657, ,1657,2,2,1,N, ,3,Y, , , , ,730967, , , ,2,1,0,0,0,0,1,0,0,1,2,4,7,0,0,0,0,0,0,0,0,0,0,0,0,0,0,0,0,0,0,0,0,0,0,2,0,40.0392,-75.11, , 
 ,65644,2012115196,6,67,67301,2012,9,2,1700,17,1,1,0,1,1, , ,N,3,2,0,3,0,0,2,2,N,N,40 02:28.377,75 06:56.005,0, ,0, ,0, ,N, ,3, , , , , ,730976, , , ,2,1,0,0,0,0,0,0,0,0,0,0,0,0,0,0,0,0,0,0,0,0,0,0,0,0,0,0,0,0,0,0,0,0,0,0,0,40.0412,-75.1156, , 
 ,65645,2012117367,6,67,67301,2012,10,2,1028,10,1,1,0,1,1, , ,N,2,3,0,3,0,3,5,2,N, ,39 55:49.436,75 09:29.213,1050, ,1048, ,0, , , ,3, , , , , ,730979, , , ,2,0,0,1,1,0,0,0,0,0,0,0,3,3,0,0,0,0,0,0,1,0,0,0,0,0,0,0,0,0,0,0,0,0,0,8,1,39.9304,-75.1581, , 
 ,65646,2012119015,6,67,67301,2012,11,3,805,8,1,2,1,2,1, , ,N,1,2,0,3,0,7,7,2,N,N,40 05:40.408,75 00:55.937,825, ,811,4,2,2,N, ,3,Y, , , , ,730981, , , ,2,0,0,0,1,0,1,0,0,0,0,3,7,4,0,0,0,0,0,0,1,0,0,6,0,0,0,0,0,0,0,0,0,0,0,4,0,40.0946,-75.0155, , 
 ,65647,2012114849,6,67,67301,2012,10,7,1050,10,3,1,0,4,1, , ,N,1,2,0,3,0,1,2,2,N,N,39 56:57.916,75 09:08.422,1050, ,1050, ,0, ,N, ,3, , , , , ,731015, , , ,2,2,0,0,0,0,0,0,0,0,0,0,1,1,0,0,0,0,0,0,0,0,0,0,0,0,0,0,0,0,0,0,0,0,0,8,0,39.9494,-75.1523, , 
 ,65648,2012123291,6,46,46102,2012,12,6,1442,14,1,2,1,2,1, , ,N,0,0,0,3,0,1,3,2,N,N,40 03:09.230,75 06:02.480,1446, ,1442,1,1,3,N, ,0,Y, , , , ,731021, , , ,2,1,0,0,0,0,1,0,0,0,1,0,1,0,0,0,0,0,0,1,1,0,0,0,0,0,0,0,0,0,0,0,0,0,0,3,0,40.0526,-75.1007, , 
 ,65649,2012128230,6,67,67301,2012,11,2,1801,18,3,1,0,4,1, , ,N,1,0,0,3,0,1,2,2,N,N,40 02:32.132,75 10:16.291,1814, ,1803, ,0, , , ,0, , , , , ,731026, , , ,2,2,0,0,0,0,0,0,0,0,0,1,1,0,0,0,0,0,0,0,0,1,0,0,0,0,0,0,0,0,0,0,0,0,0,4,0,40.0423,-75.1712, , 
 ,65650,2013003734,6,67,67301,2012,12,5,2142,21,3,1,0,4,1, , ,N,1,3,0,3,0,0,3,2,N,N,40 00:54.118,75 05:36.430,2150, ,2143, ,0, ,N, ,3, , , , , ,731032, , , ,2,2,0,0,0,0,0,0,0,0,0,0,0,0,0,0,0,0,0,0,0,0,0,0,0,0,0,0,0,0,0,0,0,0,0,0,0,40.015,-75.0935, , 
 ,65651,2012063956,6,67,67301,2012,5,6,1700,17,1,1,0,4,1, , ,N,1,3,0,3,0,1,2,2,N,N,40 01:15.575,75 10:56.764,1724, ,1715, ,0, ,N, ,3, , , , , ,721447, , , ,2,2,0,0,0,0,0,0,0,0,1,0,1,0,0,0,0,0,0,0,0,0,0,0,0,0,0,0,0,0,0,0,0,0,0,3,0,40.021,-75.1824, , 
 ,65652,2012078560,6,67,67301,2012,6,1,210,2,3,1,0,8,1, , ,N,1,2,0,3,0,1,2,2,N,N,39 57:38.492,75 14:35.151,220, ,214, ,0, ,N, ,3, , , , , ,721455, , , ,1,0,0,0,0,0,1,0,0,1,0,0,1,0,0,0,0,0,0,0,0,0,0,0,0,0,0,0,0,0,0,0,1,0,1,2,0,39.9607,-75.243, , 
 ,65653,2012059618,6,67,67301,2012,5,1,1038,10,1,1,0,5,1, , ,N,0,0,0,3,0,1,2,2,N,N,39 58:12.129,75 11:33.337,1042, ,1041,1,1,4,N, ,0,Y, , , , ,721457, , , ,2,2,0,0,0,0,0,0,0,0,0,0,1,1,0,0,0,0,0,0,0,0,0,0,0,0,0,0,0,0,0,0,0,0,0,8,0,39.97,-75.1926, , 
 ,65654,2012076014,6,67,67301,2012,6,1,1657,16,1,1,0,8,1, , ,N,0,0,0,3,0,1,2,2,N,N,40 02:33.619,75 08:27.150,1706, ,1703, ,0, ,N, ,0, , , , , ,721470, , , ,1,1,0,0,0,0,0,0,0,0,0,1,1,0,0,0,0,0,0,0,0,0,0,0,0,0,0,0,0,0,0,0,1,0,0,4,0,40.0427,-75.1409, , 
 ,65655,2012078276,6,67,67301,2012,6,6,1600,16,1,1,0,4,1, , ,N,1,2,0,3,0,1,3,3,N,N,39 59:54.633,75 07:45.411,1605, ,1600, ,0, ,N, ,3, , , , , ,721472, , , ,3,3,0,0,0,0,0,0,0,0,0,0,1,1,0,0,0,0,0,0,0,0,0,0,0,0,0,0,0,0,0,0,0,0,0,8,0,39.9985,-75.1293, , 
 ,65656,2012078301,6,67,67301,2012,6,6,2020,20,2,1,0,7,2, , ,N,0,0,0,3,0,1,1,1,N, ,39 59:22.230,75 10:25.720,2030, ,2024, ,0, , , ,0, , , , , ,721473, , , ,1,1,0,0,0,0,0,0,0,0,1,0,1,0,0,0,0,0,0,0,0,0,1,0,0,0,0,0,0,0,0,0,0,0,0,3,0,39.9895,-75.1738, , 
 ,65657,2012078366,6,67,67301,2012,7,4,105,1,3,1,0,5,1, , ,N,2,0,0,3,0,0,1,2,N,N,40 00:26.262,75 05:57.940,110, ,108,2,2,3, , ,0,Y, , , , ,721474, , , ,2,2,0,0,0,0,0,0,0,0,0,0,0,0,0,0,0,0,0,0,0,0,0,1,0,0,0,0,0,0,0,0,0,0,0,0,0,40.0073,-75.0994, , 
 ,65658,2012088085,6,67,67301,2012,8,4,110,1,3,2,1,8,1, , ,N,0,0,0,3,1,1,2,2,N,N,40 04:35.976,75 05:06.546,117, ,114, ,0, ,N,0,0, , , , , ,721484, , , ,1,0,0,1,0,0,0,0,0,0,0,0,1,1,0,0,0,0,0,0,1,0,0,0,0,0,0,0,0,0,0,0,1,1,0,1,1,40.0767,-75.0852,2, 
 ,65659,2012098380,6,67,67301,2012,9,1,537,5,3,1,0,1,1, , ,N,2,2,0,3,0,0,4,3,N,N,39 55:47.706,75 08:39.988,547, ,539, ,0, ,N, ,3, , , , , ,721503, , , ,3,3,0,0,0,0,0,0,0,0,0,0,0,0,0,0,0,0,0,1,1,0,0,3,0,0,0,0,0,0,0,0,0,0,0,0,0,39.9298,-75.1442, , 
 ,65660,2012078515,6,67,67301,2012,7,6,1608,16,1,1,0,4,1, , ,N,1,2,0,3,0,2,9,2,N,N,40 02:11.789,75 03:52.061,1610, ,1610,1,1,2,N, ,3,N, , , , ,721504, , , ,2,2,0,0,0,0,0,0,0,0,0,2,2,0,0,0,0,0,0,0,0,0,0,0,0,0,0,0,0,0,0,0,0,0,0,4,0,40.0366,-75.0645, , 
 ,65661,2012078541,6,67,67301,2012,6,7,1455,14,1,1,0,1,1, , ,N,1,2,0,3,0,3,4,2,N,N,40 03:31.188,75 02:39.382,1510, ,1458,1,1,1,N, ,3,N, , , , ,721505, , , ,2,2,0,0,0,0,0,0,0,0,0,3,3,0,0,0,0,0,0,0,1,0,0,0,0,0,0,0,0,0,0,0,0,0,0,4,0,40.0587,-75.0443, , 
 ,65662,2012083166,6,67,67301,2012,7,3,1630,16,1,1,0,1,1, , ,N,0,2,0,3,0,4,5,4,N, ,39 59:26.941,75 06:06.554,1714, ,1709,2,2,1, , ,3,Y, , , , ,721506, , , ,4,3,0,0,0,0,0,1,0,0,1,3,4,0,0,0,0,0,1,0,0,0,0,0,0,0,0,0,0,0,0,0,0,0,0,3,0,39.9908,-75.1018, , 
 ,65663,2012083219,6,67,67301,2012,7,7,1353,13,1,1,0,4,1, , ,N,0,0,0,3,0,1,2,2,N,N,39 55:25.627,75 09:54.313,1400, ,1357, ,0, ,N, ,0, , , , , ,721507, , , ,1,1,0,0,0,0,0,0,1,0,0,1,1,0,0,0,0,0,0,0,1,0,0,0,0,0,0,0,0,0,0,0,0,0,0,4,0,39.9238,-75.1651, , 
 ,65664,2012111757,6,67,67301,2012,9,5,1310,13,1,1,0,1,1, , ,N,1,2,0,3,0,2,3,2,N, ,40 00:20.425,75 06:03.822,1330, ,1315, ,0, , , ,3, , , , , ,721534, , , ,2,0,0,1,0,0,1,0,0,0,0,1,2,1,0,0,0,0,0,0,0,0,0,0,0,0,0,0,0,0,0,0,0,0,0,4,1,40.0057,-75.1011, , 
 ,65665,2012114389,6,67,67301,2012,10,6,915,9,1,2,1,2,1, , ,N,0,0,0,3,0,6,6,5,N,N,39 58:55.007,75 12:04.165,930, ,920, ,0, ,N, ,0, , , , , ,721537, , , ,5,4,0,0,0,0,1,0,0,0,1,5,6,0,0,0,0,0,0,0,1,0,0,0,0,0,0,0,0,0,0,0,0,0,0,3,0,39.9819,-75.2012, , 
 ,65666,2012066702,6,67,67301,2012,6,2,1555,15,1,1,0,4,1, , ,N,1,2,0,3,0,2,2,2,N, ,40 02:13.179,75 04:47.311,1608, ,1605,1,1,6, , ,3,Y, , , , ,721542, , , ,2,1,0,0,0,0,1,0,0,0,1,1,2,0,0,0,0,0,0,0,1,0,0,0,0,0,0,0,0,0,0,0,0,0,0,3,0,40.0369,-75.0798, , 
 ,65667,2012083171,6,67,67301,2012,7,2,1600,16,1,1,0,4,1, , ,N,0,0,7,3,0,1,2,2,N,N,40 01:07.896,75 12:50.875,1601, ,1601,1,2,5,N, ,0,N, , , , ,721557, , , ,2,1,0,0,0,0,0,1,0,0,0,1,1,0,0,0,0,0,0,0,0,0,0,0,0,0,0,0,0,0,0,0,0,0,0,4,0,40.0189,-75.2141, , 
 ,65668,2012092681,6,67,67301,2012,8,2,1246,12,1,1,0,1,1, , ,N,0,0,0,3,0,1,1,2,N,N,39 53:55.502,75 10:12.249,1312, ,1308, ,0, ,N, ,0, , , , , ,721572, , , ,2,1,0,0,0,1,0,0,0,0,0,1,1,0,0,0,0,0,0,0,0,0,0,0,0,0,0,0,0,0,0,0,0,0,0,4,0,39.8988,-75.1701, , 
 ,65669,2012104220,6,67,67301,2012,9,4,455,4,3,1,0,5,2, , ,N,1,2,0,3,0,0,1,2,N,N,40 03:11.919,75 08:21.649,505, ,500, ,0, ,N, ,3, , , , , ,724577, , , ,2,0,0,0,0,0,1,1,0,0,0,0,0,0,0,0,0,0,0,0,0,0,0,0,0,0,0,0,0,0,0,0,0,0,0,0,0,40.0533,-75.1393, , 
 ,65670,2012066472,6,67,67301,2012,6,2,840,8,1,1,0,4,1, , ,N,1,2,0,3,0,1,5,4,N,N,40 00:54.823,75 10:11.829,841, ,840,2,2,4,N, ,3,Y, , , , ,724578, , , ,4,3,0,0,0,0,1,0,0,0,0,0,1,1,3,0,0,0,0,0,2,0,0,1,0,0,0,0,0,0,0,0,0,0,0,8,0,40.0152,-75.1699, , 
 ,65671,2012073530,6,67,67301,2012,6,6,1152,11,1,1,0,5,1, , ,N,0,2,0,3,0,3,7,3,N, ,40 01:33.675,75 10:09.658,1200, ,1155, ,0, , , ,3, , , , , ,724584, , , ,3,2,0,0,0,0,1,0,0,0,0,0,3,3,0,0,0,0,0,0,0,0,0,1,0,0,0,0,0,0,0,0,0,0,0,8,0,40.026,-75.1693, , 
 ,65672,2012109820,6,67,67301,2012,10,1,1500,15,1,1,0,4,1, , ,N,1,2,0,3,0,1,3,2,N,N,39 56:59.870,75 14:06.658,1804, ,1800, ,0, ,N, ,3, , , , , ,724613, , , ,2,1,0,0,0,0,1,0,0,0,0,1,1,0,0,0,0,0,0,0,0,0,0,0,0,0,0,0,0,0,0,0,0,0,0,4,0,39.95,-75.2352, , 
 ,65673,2012109842,6,67,67301,2012,10,3,1050,10,1,2,1,7,2, , ,N,2,1,0,3,0,2,2,1,N,N,40 00:41.778,75 10:55.485,1058, ,1057,1,1,4,N, ,3,N, , , , ,724614, , , ,1,1,0,0,0,0,0,0,0,0,0,2,2,0,0,0,0,0,0,0,0,0,0,0,0,0,0,0,0,0,0,0,0,0,0,4,0,40.0116,-75.1821, , 
 ,65674,2012109849,6,67,67301,2012,10,4,1501,15,1,1,0,4,2, , ,N,1,3,0,3,0,2,2,2,N,N,39 58:14.108,75 09:03.120,1507, ,1507,2,1,3,N, ,3,N, , , , ,724615, , , ,2,0,0,0,1,0,1,0,0,0,0,2,2,0,0,0,0,0,0,0,1,0,0,1,0,0,0,0,0,0,0,0,0,0,0,4,0,39.9705,-75.151, , 
Y,65675,2012114501,6,67,67301,2012,9,6,56,0,3,1,0,1,1,3,4,Y,0,1,0,3,0,1,2,2,N,N,39 58:34.942,75 06:51.678,56,55,56,3,1,1,N, ,3,N,Y,N,N,N,724621,N,N,N,2,0,0,0,0,1,1,0,0,1,0,0,1,0,0,0,0,0,0,0,1,0,0,1,0,0,0,1,0,0,0,0,0,0,0,2,1,39.9763,-75.1145, , 
 ,65676,2012116484,6,67,67301,2012,11,1,312,3,3,1,0,7,2, , ,N,0,0,0,3,0,2,2,1,N,N,40 00:26.730,75 12:00.492,315, ,315, ,0, ,N, ,0, , , , , ,724669, , , ,1,1,0,0,0,0,0,0,0,0,0,2,2,0,0,0,0,0,0,0,0,0,0,0,0,0,0,0,0,0,0,0,0,0,0,4,0,40.0074,-75.2001, , 
 ,65677,2012085809,6,67,67301,2012,8,4,1815,18,1,1,0,8,6, , ,N,0,0,0,3,0,1,2,2,N,N,39 56:54.289,75 09:58.699,1825, ,1821, ,0, ,N, ,0, , , , , ,724683, , , ,1,1,0,0,0,0,0,0,0,0,0,0,1,1,0,0,0,0,0,0,1,0,0,0,0,0,0,0,0,0,0,0,1,0,0,8,0,39.9484,-75.1663, , 
 ,65678,2012085905,6,67,67301,2012,8,1,631,6,1,1,0,1,1, , ,N,2,2,0,3,0,4,4,2,N,N,40 06:15.034,75 00:07.000,650, ,632,1,1,1,N, ,3,N, , , , ,724684, , , ,2,2,0,0,0,0,0,0,0,0,0,0,2,2,2,0,0,0,0,0,0,0,0,0,0,0,0,0,0,0,0,0,0,0,0,8,0,40.1043,-75.002, , 
 ,65679,2012123343,6,67,67301,2012,11,5,1105,11,1,1,0,1,1, , ,N,0,2,7,3,0,0,3,2,N,N,39 58:51.297,75 16:02.961,1112, ,1108, ,0, ,N, ,3, , , , , ,724695, , , ,2,2,0,0,0,0,0,0,0,0,0,0,0,0,0,0,0,0,0,0,0,0,2,1,0,0,0,0,0,0,0,0,0,0,0,0,0,39.9809,-75.2675, , 
 ,65680,2013003898,6,67,67301,2012,12,3,1404,14,1,1,0,1,1, , ,N,1,2,0,3,0,2,3,2,N,Y,40 03:19.147,75 04:24.059,1414, ,1409, ,0, ,N, ,3, , , , , ,724704, , , ,2,1,0,0,0,0,0,1,0,0,0,0,2,2,0,0,0,0,0,0,0,0,0,0,0,0,0,0,0,0,0,0,0,0,0,8,0,40.0553,-75.0733, , 
 ,65681,2012128191,6,67,67301,2012,11,6,2010,20,3,1,0,1,1, , ,N,1,2,0,3,0,2,4,2,N,N,40 04:50.031,75 10:20.992,2015, ,2015, ,0, ,N, ,3, , , , , ,724722, , , ,2,2,0,0,0,0,0,0,0,0,0,0,2,2,0,0,1,0,0,0,0,0,0,0,0,0,0,0,0,0,0,0,0,0,0,8,0,40.0806,-75.1725, , 
 ,65682,2012128321,6,67,67301,2012,11,3,9999,99,3,1,0,1,6, , ,N,0,0,0,3,0,1,2,3,N,N,40 01:30.331,75 04:57.511,1810, ,1803, ,0, ,N, ,0, , , , , ,724723, , , ,3,2,0,0,1,0,0,0,0,0,0,1,1,0,0,0,0,0,0,0,0,0,0,0,0,0,0,0,0,0,0,0,0,0,0,4,0,40.0251,-75.0826, , 
 ,65683,2013003718,6,67,67301,2012,12,6,1644,16,3,2,1,8,1, , ,N,1,2,0,3,0,1,2,2,N,N,40 00:51.570,75 10:41.163,1648, ,1644, ,0, ,N, ,3, , , , , ,724727, , , ,1,0,0,0,1,0,0,0,1,0,0,1,1,0,0,0,0,0,0,0,0,0,0,1,0,0,0,0,0,0,0,0,0,0,0,4,0,40.0143,-75.1781, , 
 ,65684,2012070784,6,67,67301,2012,7,2,1540,15,1,1,0,5,4, , ,N,0,0,0,3,0,0,3,2,N,N,40 06:17.829,75 00:02.928,1645, ,1620, ,0, ,N, ,0, , , , , ,724740, , , ,2,1,0,0,0,1,0,0,0,0,0,0,0,0,0,0,0,0,0,0,0,0,0,0,0,0,0,0,0,0,0,0,0,0,0,0,1,40.105,-75.0008, , 
 ,65685,2012080801,6,67,67301,2012,7,5,115,1,3,1,0,8,1, , ,N,0,0,0,3,0,1,2,2,N,N,39 56:55.750,75 09:43.850,115, ,115, ,0, ,N, ,0, , , , , ,724749, , , ,1,1,0,0,0,0,0,0,0,0,0,0,1,1,0,0,0,0,0,0,0,0,0,0,0,0,0,0,0,0,0,0,1,0,0,8,0,39.9488,-75.1622, , 
 ,65686,2012098302,6,67,67301,2012,9,3,9999,99,3,1,0,4,1, , ,N,1,3,0,3,0,1,3,2,N,N,40 01:14.667,75 07:28.297,155, ,145,3,1,2, , ,3,Y, , , , ,724765, , , ,2,2,0,0,0,0,0,0,0,0,1,0,1,0,0,0,0,0,0,0,0,0,0,0,0,0,0,0,0,0,0,0,0,0,0,3,0,40.0207,-75.1245, , 
 ,65687,2012099024,6,67,67301,2012,9,2,1321,13,1,1,0,4,1, , ,N,1,3,0,3,0,2,4,2,N, ,39 57:12.420,75 12:24.004,1345, ,1340, ,0, , , ,3, , , , , ,727439, , , ,2,1,0,0,1,0,0,0,0,0,2,0,2,0,0,0,0,0,0,0,0,0,1,0,0,0,0,0,0,0,0,0,0,0,0,3,0,39.9535,-75.2067, , 
 ,65688,2012104237,6,67,67301,2012,9,3,952,9,3,1,0,8,1, , ,N,0,0,0,3,0,1,6,2,N,Y,40 00:41.437,75 04:35.930,952, ,952, ,0, , , ,0, , , , , ,727444, , , ,1,0,0,1,0,0,0,0,0,1,0,0,1,0,0,0,0,0,0,0,1,0,0,0,0,0,0,0,0,0,0,0,1,0,0,2,1,40.0115,-75.0766, , 
 ,65689,2013004401,6,67,67301,2012,12,1,1820,18,3,2,1,4,1, , ,N,1,2,0,3,0,0,3,3,N,N,40 01:03.868,75 11:20.998,1830, ,1827, ,0, ,N, ,3, , , , , ,727471, , , ,3,2,0,0,1,0,0,0,0,0,0,0,0,0,0,0,0,0,0,0,0,1,0,0,0,0,0,0,0,0,0,0,0,0,0,0,0,40.0177,-75.1892, , 
 ,65690,2013021009,6,67,67301,2012,10,6,2230,22,6,1,0,4,1, , ,N,1,0,0,3,0,1,2,2, , ,40 03:57.202,75 10:35.464,0, ,0, ,0, , , ,0, , , , , ,727473, , , ,2,0,0,0,0,0,2,0,0,0,1,0,1,0,1,0,0,0,0,0,1,0,0,0,0,0,0,0,0,0,0,0,0,0,0,3,0,40.0659,-75.1765, , 
 ,65691,2012098493,6,67,67301,2012,9,7,1038,10,1,1,0,4,1, , ,N,0,0,0,3,0,1,3,2,N,N,40 06:06.808,75 02:22.895,1045, ,1040, ,0, ,N, ,0, , , , , ,727492, , , ,2,0,0,0,0,0,2,0,0,0,0,1,2,1,0,0,0,0,0,0,1,0,0,0,0,0,0,0,0,0,0,0,0,0,0,4,0,40.1019,-75.0397, , 
 ,65692,2012078501,6,67,67301,2012,6,3,1750,17,1,1,0,4,1, , ,N,5,2,0,3,0,1,2,2,N,N,39 59:04.941,75 08:37.921,1810, ,1754, ,0, ,N, ,3, , , , , ,727533, , , ,2,2,0,0,0,0,0,0,0,0,0,1,1,0,0,0,0,0,0,0,1,0,0,0,0,0,0,0,0,0,0,0,0,0,0,4,0,39.9847,-75.1439, , 
 ,65693,2012078588,6,67,67301,2012,6,7,1919,19,1,1,0,8,1, , ,N,0,0,0,3,0,1,2,2,N,N,39 57:59.968,75 13:08.461,1928, ,1920, ,0, ,N, ,0, , , , , ,727534, , , ,1,0,0,0,0,0,1,0,0,0,0,1,1,0,0,0,0,0,0,0,0,0,0,0,0,0,0,0,0,0,0,0,1,0,0,4,0,39.9667,-75.219, , 
 ,65694,2012095500,6,67,67301,2012,8,7,1005,10,1,1,0,0,1, , ,N,2,3,0,3,0,1,2,2,N, ,40 03:26.305,75 03:11.019,1010, ,1006, ,0, , , ,3, , , , , ,727552, , , ,2,1,1,0,0,0,0,0,0,0,0,1,1,0,0,0,0,0,1,0,0,0,1,0,0,0,0,0,0,0,0,0,0,0,0,4,0,40.0572,-75.053, , 
 ,65695,2012099020,6,67,67301,2012,8,5,9999,99,5,1,0,5,4, , ,N,1,2,0,3,0,1,2,2,N, ,40 03:34.337,75 09:55.640,500, ,500, ,0, , , ,3, , , , , ,727554, , , ,2,2,0,0,0,0,0,0,0,0,1,0,1,0,1,0,0,0,0,0,1,0,0,0,0,0,0,0,0,0,0,0,0,0,0,3,0,40.0595,-75.1655, , 
 ,65696,2012109813,6,67,67301,2012,10,3,1852,18,3,2,1,8,1, , ,N,2,3,0,3,0,1,2,2,N,N,40 01:48.302,75 07:47.902,1917, ,1917, ,0, ,N, ,3, , , , , ,727561, , , ,1,1,0,0,0,0,0,0,0,0,0,1,1,0,0,0,0,0,0,0,1,0,0,0,0,0,0,0,0,0,0,0,1,0,0,4,0,40.0301,-75.13, , 
 ,65697,2012078508,6,67,67301,2012,6,7,1201,12,1,1,0,4,1, , ,N,0,0,0,3,0,1,2,4,N,N,40 03:28.541,75 01:44.152,1211, ,1206, ,0, ,N, ,0, , , , , ,727573, , , ,4,2,0,0,0,0,2,0,0,0,0,0,1,1,0,0,0,0,0,0,1,0,0,0,0,0,0,0,0,0,0,0,0,0,0,8,0,40.0579,-75.0289, , 
 ,65698,2013015581,6,67,67301,2012,4,5,1433,14,1,1,0,5,1, , ,N,0,0,0,3,0,1,2,2,N,N,40 00:48.267,75 03:26.046,1440, ,1435,3,2,1,N, ,0,N, , , , ,727580, , , ,2,1,0,0,1,0,0,0,0,0,1,0,1,0,0,0,0,0,0,0,1,0,0,1,0,0,0,0,0,0,0,0,0,0,0,3,0,40.0133,-75.0573, , 
 ,65699,2012111815,6,67,67301,2012,10,6,1835,18,1,1,0,4,1, , ,N,1,0,0,3,0,2,2,2,N,N,39 59:09.639,75 05:49.923,1840, ,1835, ,0, , , ,0, , , , , ,727585, , , ,2,2,0,0,0,0,0,0,0,0,0,2,2,0,0,0,0,0,0,0,1,0,0,0,0,0,0,0,0,0,0,0,0,0,0,4,0,39.986,-75.0972, , 
 ,65700,2012123461,6,67,67301,2012,11,6,741,7,1,1,0,1,1, , ,N,0,0,0,3,0,4,6,6,N,N,40 01:53.840,75 01:16.253,801, ,744,3,1,1,N, ,0,N, , , , ,727629, , , ,6,5,0,0,0,0,1,0,0,0,0,1,4,3,0,0,0,0,0,0,0,0,0,0,0,0,0,0,0,0,0,0,0,0,0,4,0,40.0315,-75.0212, , 
 ,65701,2013003726,6,67,67301,2012,11,5,1000,10,1,1,0,2,1, , ,N,1,2,0,3,0,2,2,2,N,N,40 03:19.755,75 05:08.882,1007, ,1000,3,2,4,N, ,3,Y, , , , ,727642, , , ,2,0,0,0,0,0,2,0,0,0,0,0,2,2,0,0,0,0,0,0,0,0,1,0,0,0,0,0,0,0,0,0,0,0,0,8,0,40.0555,-75.0858, , 
 ,65702,2013003782,6,67,67301,2012,12,7,1906,19,3,1,0,5,1, , ,N,0,0,0,3,0,0,1,3,N,N,39 56:58.840,75 12:53.474,1918, ,1915, ,9, ,N, ,0, , , , , ,727643, , , ,3,3,0,0,0,0,0,0,0,0,0,0,0,0,0,0,0,0,0,0,0,0,0,0,0,0,0,0,0,0,0,0,0,0,0,0,0,39.9497,-75.2149, , 
 ,65703,2013003792,6,67,67301,2012,12,1,1430,14,1,2,1,2,1, , ,N,1,2,0,3,0,1,2,2,N,N,40 01:37.455,75 03:55.390,1500, ,1500, ,0, ,N, ,3, , , , , ,727644, , , ,2,2,0,0,0,0,0,0,0,0,0,1,1,0,0,0,0,0,0,0,0,0,1,0,0,0,0,0,0,0,0,0,0,0,0,4,0,40.027,-75.0654, , 
 ,65704,2013003822,6,67,67301,2012,11,5,950,9,1,1,0,4,1, , ,N,1,3,0,3,0,0,2,2,N, ,40 02:12.957,75 11:41.884,957, ,955, ,0, , , ,3, , , , , ,727645, , , ,2,1,0,0,1,0,0,0,0,0,0,0,0,0,2,0,0,0,0,0,0,0,0,0,0,0,0,0,0,0,0,0,0,0,0,9,0,40.0369,-75.195, , 
 ,65705,2012121693,6,67,67301,2012,11,6,1144,11,1,1,0,1,1, , ,N,0,0,0,3,0,1,6,5,N,N,39 57:24.830,75 09:15.189,1154, ,1145, ,0, ,N, ,0, , , , , ,731041, , , ,5,4,0,0,0,0,1,0,0,0,0,0,1,1,0,0,0,0,0,0,1,1,0,1,0,0,0,0,0,0,0,0,0,0,0,8,0,39.9569,-75.1542, , 