wz_ln_closure,objectid_1,crn,district,county,municipality,crash_year,crash_month,day_of_week,time_of_day,hour_of_day,illumination,weather,road_condition,collision_type,relation_to_road,work_zone_type,work_zone_loc,work_zone_ind,intersect_type,tcd_type,location_type,urban_rural,fatal_count,injury_count,person_count,total_units,sch_bus_ind,sch_zone_ind,latitude,longitude,arrival_tm,cons_zone_spd_lim,dispatch_tm,est_hrs_closed,lane_closed,ln_close_dir,ntfy_hiwy_maint,spec_juris_cd,tcd_func_cd,tfc_detour_ind,workers_pres,wz_close_detour,wz_flagger,wz_law_offcr_ind,objectid,wz_moving,wz_other,wz_shlder_mdn,vehicle_count,automobile_count,motorcycle_count,bus_count,small_truck_count,heavy_truck_count,suv_count,van_count,bicycle_count,maj_inj_count,mod_inj_count,min_inj_count,tot_inj_count,unk_inj_deg_count,unk_inj_per_count,driver_count_16yr,driver_count_17yr,driver_count_18yr,driver_count_19yr,driver_count_20yr,driver_count_50_64yr,driver_count_65_74yr,driver_count_75plus,unbelted_occ_count,unb_death_count,unb_maj_inj_count,belted_death_count,belted_maj_inj_count,mcycle_death_count,mcycle_maj_inj_count,bicycle_death_count,bicycle_maj_inj_count,ped_count,ped_death_count,ped_maj_inj_count,max_severity_level,comm_veh_count,dec_lat,dec_long,rdwy_surf_type_cd,county_name
 ,65706,2012128262,6,67,67301,2012,11,7,153,1,3,1,0,1,1, , ,N,0,2,0,3,0,2,4,2,N,N,40 00:25.920,75 07:23.909,159, ,154,1,1,3,N, ,3,N, , , , ,731044, , , ,2,2,0,0,0,0,0,0,0,0,0,0,2,2,0,0,0,0,0,0,0,0,0,4,0,0,0,0,0,0,0,0,0,0,0,8,0,40.0072,-75.1233, , 
 ,65707,2013003673,6,67,67301,2012,12,4,1625,16,1,1,0,4,1, , ,N,1,2,0,3,0,1,3,3,N, ,39 56:30.714,75 13:31.922,1739, ,1725, ,0, , , ,3, , , , , ,731083, , , ,2,0,0,0,0,0,1,1,0,0,0,1,1,0,0,0,0,0,0,0,0,0,0,0,0,0,0,0,0,0,0,0,1,0,0,4,0,39.9419,-75.2255, , 
 ,65708,2013015595,6,67,67301,2012,6,7,332,3,3,1,0,1,1, , ,N,0,0,0,3,0,0,2,2,N,N,39 58:01.426,75 08:02.442,403, ,341,1,1,2,N, ,0,N, , , , ,731084, , , ,2,2,0,0,0,0,0,0,0,0,0,0,0,0,0,0,0,0,0,0,0,0,0,1,0,0,0,0,0,0,0,0,0,0,0,0,0,39.9671,-75.134, , 
 ,65709,2012122474,6,67,67301,2012,10,1,1830,18,3,2,1,1,1, , ,N,0,0,0,3,0,1,5,3,N,N,40 05:08.124,75 13:47.049,1911, ,1856, ,0, ,N, ,0, , , , , ,731099, , , ,3,2,0,0,0,0,1,0,0,0,0,1,1,0,0,0,0,0,0,0,1,0,0,0,0,0,0,0,0,0,0,0,0,0,0,4,0,40.0856,-75.2297, , 
 ,65710,2013004416,6,67,67301,2012,12,1,1500,15,1,2,1,7,4, , ,N,1,2,0,3,0,1,1,1,N,N,40 00:27.502,75 07:38.377,1510, ,1500, ,0, ,N, ,3, , , , , ,731111, , , ,1,0,0,0,1,0,0,0,0,0,0,0,1,1,0,0,0,0,0,0,0,0,0,0,0,0,0,0,0,0,0,0,0,0,0,8,0,40.0076,-75.1273, , 
 ,65711,2012117238,6,67,67301,2012,10,2,1900,19,3,1,0,8,1, , ,N,5,2,0,3,0,1,1,2,N,N,39 55:55.383,75 09:39.553,2020, ,2014, ,0, ,N, ,3, , , , , ,731125, , , ,1,1,0,0,0,0,0,0,0,0,0,0,1,1,0,0,0,0,0,0,0,0,0,0,0,0,0,0,0,0,0,0,1,0,0,8,0,39.9321,-75.161, , 
 ,65712,2012120133,6,67,67301,2012,10,2,1420,14,1,3,1,5,1, , ,N,0,0,0,3,0,2,3,2,N,N,40 01:53.354,75 09:17.323,9999, ,9999, ,0, ,N, ,0, , , , , ,731128, , , ,2,1,0,0,1,0,0,0,0,0,0,0,2,2,0,0,0,0,0,0,0,0,0,0,0,0,0,0,0,0,0,0,0,0,0,8,0,40.0315,-75.1548, , 
 ,65713,2013011986,6,67,67301,2012,12,5,1834,18,3,1,0,4,1, , ,N,0,0,3,3,0,3,4,2,N,N,40 00:29.023,75 11:29.803,1843, ,1835,1,1,2,N, ,0,N, , , , ,731155, , , ,2,0,0,0,0,0,2,0,0,0,0,0,3,3,0,0,0,0,0,0,0,0,0,0,0,0,0,0,0,0,0,0,0,0,0,8,0,40.0081,-75.1916, , 
 ,65714,2012112627,6,67,67301,2012,10,6,1050,10,1,1,0,4,1, , ,N,1,2,0,3,0,1,2,2,N,N,39 57:29.289,75 09:01.655,1055, ,1050, ,0, ,N, ,9, , , , , ,731167, , , ,2,2,0,0,0,0,0,0,0,0,0,0,1,1,0,0,0,0,0,1,0,0,0,0,0,0,0,0,0,0,0,0,0,0,0,8,0,39.9581,-75.1505, , 
 ,65715,2012114498,6,67,67301,2012,7,2,1,0,3,1,0,7,4, , ,N,0,0,0,3,0,1,1,1,N,N,39 54:44.279,75 08:54.629,20, ,9,1,1,1,N, ,0,N, , , , ,731169, , , ,1,1,0,0,0,0,0,0,0,0,0,1,1,0,0,0,0,0,0,0,0,0,0,0,0,0,0,0,0,0,0,0,0,0,0,4,0,39.9122,-75.1485, , 
 ,65716,2013006174,6,67,67301,2012,12,7,2249,22,3,1,0,4,1, , ,N,1,3,0,3,0,1,6,2,N,N,40 01:26.205,75 08:36.052,2254, ,2251, ,0, ,N, ,3, , , , , ,731183, , , ,2,0,0,0,1,0,1,0,0,0,0,0,1,1,0,0,0,0,0,0,0,0,0,0,0,0,0,0,0,0,0,0,0,0,0,8,0,40.0239,-75.1433, , 
 ,65717,2013006794,6,67,67301,2012,12,1,530,5,3,1,1,4,1, , ,N,0,0,0,3,0,1,2,2,N,N,40 00:54.528,75 12:27.294,538, ,534, ,0, ,N, ,0, , , , , ,731184, , , ,1,0,0,0,1,0,0,0,1,0,0,1,1,0,0,0,0,0,0,0,0,0,0,0,0,0,0,0,0,0,0,0,0,0,0,4,0,40.0152,-75.2078, , 
 ,65718,2012132488,6,67,67301,2012,12,5,545,5,3,2,1,7,3, , ,N,0,0,0,3,0,1,1,1,N,N,39 58:52.742,75 12:24.316,554, ,548,1,2,4,Y, ,0,N, , , , ,731193, , , ,1,1,0,0,0,0,0,0,0,0,0,0,1,1,0,0,0,0,0,0,0,0,0,1,0,0,0,0,0,0,0,0,0,0,0,8,0,39.9813,-75.2068, , 
 ,65719,2013006924,6,67,67301,2012,12,7,400,4,3,2,1,7,4, , ,N,0,0,0,3,0,1,1,1,N,N,39 59:55.856,75 13:09.117,412, ,409,2,1,1,N, ,0,N, , , , ,731196, , , ,1,0,0,0,0,0,1,0,0,0,0,1,1,0,0,0,0,0,0,0,0,0,0,0,0,0,0,0,0,0,0,0,0,0,0,4,0,39.9988,-75.2192, , 
 ,65720,2013019964,6,67,67301,2012,12,1,1911,19,3,2,1,1,1, , ,N,0,0,0,3,0,1,4,2,N,N,40 04:39.022,74 57:53.739,0, ,0, ,0, ,N, ,0, , , , , ,731199, , , ,2,0,0,0,0,0,2,0,0,0,0,1,1,0,3,0,0,0,0,0,0,0,0,0,0,0,0,0,0,0,0,0,0,0,0,4,0,40.0775,-74.9649, , 
 ,65721,2012098263,6,67,67301,2012,9,2,3,0,3,1,0,1,1, , ,N,1,2,0,3,0,0,3,2,N,N,39 54:19.871,75 10:26.843,18, ,16, ,0, ,N, ,3, , , , , ,731241, , , ,2,1,0,0,0,0,1,0,0,0,0,0,0,0,0,0,0,0,0,0,0,0,0,0,0,0,0,0,0,0,0,0,0,0,0,0,0,39.9055,-75.1741, , 
 ,65722,2012109804,6,67,67301,2012,10,4,1429,14,1,1,0,4,1, , ,N,1,2,0,3,0,3,4,2,N,N,40 01:40.946,75 06:36.204,1444, ,1439,1,1,2,N, ,3,N, , , , ,731248, , , ,2,1,0,0,0,0,0,1,0,0,0,0,3,3,0,0,0,0,0,0,1,0,0,0,0,0,0,0,0,0,0,0,0,0,0,8,0,40.028,-75.1101, , 
 ,65723,2012098331,6,67,67301,2012,8,1,1830,18,1,1,0,8,1, , ,N,0,0,0,3,0,1,1,3,N,N,40 00:59.558,75 08:35.296,1850, ,1845,2,2,3,N, ,0,Y, , , , ,721576, , , ,2,2,0,0,0,0,0,0,0,0,0,1,1,0,0,0,0,0,0,0,0,0,0,0,0,0,0,0,0,0,0,0,1,0,0,4,0,40.0165,-75.1431, , 
 ,65724,2012099041,6,67,67301,2012,9,2,1316,13,1,1,0,4,1, , ,N,1,2,0,3,0,0,5,3,N,N,40 01:31.355,75 04:23.942,1345, ,1345,2,1,4,N, ,3,N, , , , ,721577, , , ,3,1,0,0,1,0,0,1,0,0,0,0,1,1,0,0,0,0,0,0,0,0,0,0,0,0,0,0,0,0,0,0,0,0,0,8,0,40.0254,-75.0733, , 
 ,65725,2012104087,6,67,67301,2012,9,4,1805,18,1,2,1,4,1, , ,N,1,2,0,3,0,1,2,2,N,N,40 02:30.078,75 03:51.754,1806, ,1805, ,0, ,N, ,3, , , , , ,721580, , , ,2,2,0,0,0,0,0,0,0,0,0,0,1,1,0,0,0,0,0,0,0,0,0,0,0,0,0,0,0,0,0,0,0,0,0,8,0,40.0416,-75.0643, , 
 ,65726,2012078409,6,67,67301,2012,6,1,1503,15,1,1,0,4,1, , ,N,1,0,0,3,0,1,2,2,N,N,40 01:55.535,75 12:49.109,1512, ,1507, ,0, , , ,0, , , , , ,721605, , , ,1,1,0,0,0,0,0,0,1,0,0,1,1,0,0,0,0,0,0,0,0,0,0,0,0,0,0,0,0,0,0,0,0,0,0,4,0,40.0321,-75.2136, , 
 ,65727,2012068916,6,67,67301,2012,6,4,1653,16,1,1,0,5,1, , ,N,0,0,0,3,0,1,2,2,N, ,39 56:21.223,75 10:40.165,1655, ,1653, ,0, , , ,0, , , , , ,721702, , , ,2,1,0,0,0,0,0,0,0,0,0,0,1,1,0,0,0,0,0,1,0,0,0,0,0,0,0,0,0,0,0,0,0,0,0,8,0,39.9392,-75.1778, , 
 ,65728,2012069645,6,67,67301,2012,6,1,1245,12,1,1,0,6,2, , ,N,1,2,0,3,0,0,1,2,N,N,40 02:02.739,75 12:57.251,1315, ,1247, ,0, ,N, ,3, , , , , ,721703, , , ,2,1,0,1,0,0,0,0,0,0,0,0,0,0,0,0,0,0,0,0,1,0,0,0,0,0,0,0,0,0,0,0,0,0,0,0,1,40.0341,-75.2159, , 
 ,65729,2012068883,6,67,67301,2012,6,6,2018,20,3,1,0,4,1, , ,N,1,3,0,3,0,4,6,2,N,N,40 01:45.219,75 02:23.330,2035, ,2028, ,0, , , ,3, , , , , ,721745, , , ,2,1,0,0,0,0,1,0,0,0,0,4,4,0,0,0,0,0,0,0,0,0,0,4,0,0,0,0,0,0,0,0,0,0,0,4,0,40.0292,-75.0398, , 
 ,65730,2012075955,6,67,67301,2012,6,3,9999,99,6,1,0,8,1, , ,N,0,0,0,3,0,1,2,2,N, ,39 55:29.346,75 10:50.224,2355, ,2345, ,0, , , ,0, , , , , ,721754, , , ,1,0,0,0,0,0,0,0,0,0,0,0,1,1,0,0,0,0,0,0,0,0,0,0,0,0,0,0,0,0,0,0,1,0,0,8,0,39.9248,-75.1806, , 
 ,65731,2012085776,6,67,67301,2012,8,7,1741,17,1,2,1,1,3, , ,N,0,0,0,3,0,0,3,3,N, ,40 05:51.219,75 01:07.777,1745, ,1742, ,0, , , ,0, , , , , ,721759, , , ,3,2,0,0,1,0,0,0,0,0,0,0,0,0,1,0,0,0,0,0,0,0,0,0,0,0,0,0,0,0,0,0,0,0,0,9,0,40.0976,-75.0188, , 
 ,65732,2012098297,6,67,67301,2012,9,3,1605,16,1,1,0,4,1, , ,N,2,0,0,3,0,3,6,3,N,Y,39 57:40.154,75 12:48.290,1623, ,1619,9,2,5,N, ,0,Y, , , , ,721771, , , ,3,2,0,0,0,0,1,0,0,0,0,0,3,3,3,0,0,0,1,0,0,0,0,0,0,0,0,0,0,0,0,0,0,0,0,8,0,39.9612,-75.2134, , 
 ,65733,2012098978,6,67,67301,2012,9,6,2143,21,3,1,0,5,1, , ,N,1,2,0,3,0,1,10,2,N,N,39 56:58.617,75 09:14.100,2220, ,2214, ,0, ,N, ,3, , , , , ,721772, , , ,2,0,0,1,0,0,0,1,0,0,0,1,1,0,2,0,0,0,0,0,0,0,0,0,0,0,0,0,0,0,0,0,0,0,0,4,1,39.9496,-75.1539, , 
 ,65734,2012109837,6,67,67301,2012,10,2,1945,19,3,1,1,4,1, , ,N,0,0,7,3,0,1,3,2,N,N,40 02:46.646,75 08:34.954,1953, ,1948, ,0, ,N, ,0, , , , , ,721780, , , ,2,1,0,0,0,0,1,0,0,0,0,1,1,0,0,0,0,0,0,0,2,0,0,0,0,0,0,0,0,0,0,0,0,0,0,4,0,40.0463,-75.143, , 
 ,65735,2012066755,6,67,67301,2012,5,4,2123,21,3,9,0,8,1, , ,N,1,2,0,3,0,1,2,2,N,N,39 59:47.296,75 06:48.240,2302, ,2302, ,0, ,N, ,3, , , , , ,721790, , , ,1,0,0,0,0,0,1,0,0,0,0,1,1,0,0,0,0,0,0,0,0,0,0,0,0,0,0,0,0,0,0,0,1,0,0,4,0,39.9964,-75.1135, , 
 ,65736,2012092230,6,67,67301,2012,9,7,1434,14,1,1,0,1,1, , ,N,0,0,0,3,0,1,2,2,N,N,39 59:34.070,75 05:06.502,1440, ,1434, ,0, ,N, ,0, , , , , ,721813, , , ,2,2,0,0,0,0,0,0,0,0,0,1,1,0,0,0,0,0,0,0,0,0,0,1,0,0,0,0,0,0,0,0,0,0,0,4,0,39.9927,-75.0852, , 
 ,65737,2012095535,6,67,67301,2012,8,1,233,2,3,1,0,4,2, , ,N,0,0,0,3,0,2,3,2,N,N,39 56:40.688,75 14:19.896,253, ,250, ,0, ,N, ,0, , , , , ,721819, , , ,2,2,0,0,0,0,0,0,0,0,2,0,2,0,0,0,0,0,1,0,0,0,0,0,0,0,0,0,0,0,0,0,0,0,0,3,0,39.9446,-75.2389, , 
 ,65738,2012098495,6,67,67301,2012,9,4,1400,14,1,1,0,1,1, , ,N,1,2,0,3,0,1,2,2,N,N,40 05:41.833,75 00:55.566,1400, ,1400,1,1,3,N, ,3,N, , , , ,721821, , , ,2,1,0,0,1,0,0,0,0,0,0,1,1,0,0,0,0,1,0,0,0,0,0,0,0,0,0,0,0,0,0,0,0,0,0,4,0,40.095,-75.0154, , 
 ,65739,2012067068,6,67,67301,2012,6,2,2320,23,3,2,1,7,5, , ,N,1,2,0,3,0,0,1,1,N, ,40 02:44.514,75 01:53.568,2330, ,2324, ,0, , , ,3, , , , , ,721832, , , ,1,1,0,0,0,0,0,0,0,0,0,0,0,0,1,0,0,0,0,0,0,0,0,0,0,0,0,0,0,0,0,0,0,0,0,9,0,40.0457,-75.0315, , 
 ,65740,2012068852,6,67,67301,2012,6,4,1100,11,1,1,0,1,1, , ,N,2,2,7,3,0,1,3,3,N, ,40 05:36.346,75 01:52.568,1112, ,1111, ,0, , , ,3, , , , , ,721834, , , ,3,1,0,0,0,0,0,2,0,0,0,1,1,0,0,0,0,0,0,0,0,0,1,0,0,0,0,0,0,0,0,0,0,0,0,4,0,40.0934,-75.0313, , 
 ,65741,2012104272,6,67,67301,2012,9,6,1410,14,1,1,0,2,1, , ,N,1,2,0,3,0,1,1,2,N,N,40 00:51.170,75 08:29.259,9999, ,0, ,0, ,N, ,3, , , , , ,724770, , , ,2,1,1,0,0,0,0,0,0,0,0,0,1,1,0,0,0,0,0,0,0,0,0,0,0,0,0,0,0,0,0,0,0,0,0,8,0,40.0142,-75.1415, , 
 ,65742,2012068780,6,67,67301,2012,6,2,2000,20,4,2,1,1,1, , ,N,1,2,0,3,0,1,2,2,N,N,40 00:45.346,75 09:39.342,9999, ,9999, ,0, ,N, ,3, , , , , ,724781, , , ,2,1,0,0,0,0,1,0,0,0,0,1,1,0,0,0,0,0,0,0,1,0,1,0,0,0,0,0,0,0,0,0,0,0,0,4,0,40.0126,-75.1609, , 
 ,65743,2012067074,6,67,67301,2012,6,7,9999,99,1,1,0,8,1, , ,N,1,2,0,3,0,1,2,2,N,N,39 55:06.758,75 13:33.159,9999, ,9999, ,0, ,N, ,3, , , , , ,724783, , , ,1,0,0,0,1,0,0,0,0,0,0,1,1,0,0,0,0,0,0,0,0,0,0,0,0,0,0,0,0,0,0,0,1,0,0,4,0,39.9185,-75.2259, , 
 ,65744,2012078437,6,67,67301,2012,7,6,830,8,1,1,0,5,1, , ,N,5,2,0,3,0,1,2,2,N, ,39 59:55.178,75 10:41.592,1712, ,1711, ,0, , , ,3, , , , , ,724792, , , ,2,1,1,0,0,0,0,0,0,0,0,1,1,0,0,0,0,0,0,0,0,0,0,0,0,0,0,0,0,0,0,0,0,0,0,4,0,39.9987,-75.1782, , 
 ,65745,2012082917,6,67,67301,2012,8,5,1923,19,1,1,0,7,3, , ,N,7,0,2,3,0,1,1,1,N,N,39 55:29.773,75 11:36.074,1946, ,1928,1,1,3,Y, ,0,N, , , , ,724798, , , ,1,0,0,0,1,0,0,0,0,0,0,1,1,0,0,0,0,0,0,0,0,0,0,0,0,0,0,0,0,0,0,0,0,0,0,4,0,39.9249,-75.1934, , 
 ,65746,2012088574,6,67,67301,2012,8,3,1102,11,1,2,1,5,1, , ,N,1,2,0,3,0,1,1,2,N,N,39 56:19.856,75 10:29.074,1109, ,1103, ,0, ,N, ,3, , , , , ,724808, , , ,2,2,0,0,0,0,0,0,0,0,0,1,1,0,0,0,0,0,0,0,0,0,0,0,0,0,0,0,0,0,0,0,0,0,0,4,0,39.9388,-75.1747, , 
 ,65747,2012095398,6,67,67301,2012,9,2,1035,10,1,2,1,7,2, , ,N,0,0,0,3,0,0,1,1,N,N,40 06:15.068,75 01:27.590,1040, ,1040,1,1,1,N, ,0,Y, , , , ,724814, , , ,1,1,0,0,0,0,0,0,0,0,0,0,0,0,0,0,0,0,0,0,0,0,0,0,0,0,0,0,0,0,0,0,0,0,0,0,0,40.1042,-75.0243, , 
 ,65748,2012095401,6,67,67301,2012,8,7,1015,10,1,1,0,4,1, , ,N,0,0,0,3,0,0,1,2,N,N,40 02:25.900,75 04:21.100,1030, ,1029, ,0, ,N, ,0, , , , , ,724815, , , ,2,1,0,0,0,0,0,1,0,0,0,0,0,0,0,0,0,0,0,1,0,0,0,0,0,0,0,0,0,0,0,0,0,0,0,0,0,40.0405,-75.0725, , 
 ,65749,2012095583,6,67,67301,2012,8,3,1713,17,1,1,0,8,1, , ,N,2,0,0,3,0,1,2,2,N,N,40 04:21.388,75 02:06.089,1718, ,1717, ,0, ,N, ,0, , , , , ,724816, , , ,1,1,0,0,0,0,0,0,0,0,0,0,1,1,0,0,0,0,0,0,0,0,0,0,0,0,0,0,0,0,0,0,1,0,0,8,0,40.0726,-75.035, , 
 ,65750,2012068781,6,67,67301,2012,5,3,1930,19,1,1,0,8,1, , ,N,0,0,0,3,0,1,2,2,N,N,40 01:09.346,75 07:04.317,1950, ,1948, ,0, , , ,0, , , , , ,724828, , , ,1,0,0,0,0,0,1,0,0,0,0,1,1,0,0,0,0,0,0,0,0,0,0,0,0,0,0,0,0,0,0,0,1,0,0,4,0,40.0193,-75.1179, , 
 ,65751,2012109753,6,67,67301,2012,10,5,735,7,1,2,1,7,5, , ,N,0,0,0,3,0,0,1,1,N,Y,40 00:04.244,75 11:12.070,840, ,740, ,0, , , ,0, , , , , ,724843, , , ,1,1,0,0,0,0,0,0,0,0,0,0,0,0,0,0,0,0,0,0,0,0,0,0,0,0,0,0,0,0,0,0,0,0,0,0,0,40.0012,-75.1867, , 
 ,65752,2012111818,6,67,67301,2012,9,5,1202,12,1,1,0,4,6, , ,N,0,0,0,3,0,1,1,7,N, ,40 00:21.910,75 11:16.250,1202, ,1202, ,0, , , ,0, , , , , ,724846, , , ,7,4,0,0,1,0,2,0,0,0,0,1,1,0,0,0,0,0,0,0,0,0,0,0,0,0,0,0,0,0,0,0,0,0,0,4,0,40.0061,-75.1878, , 
 ,65753,2012128255,6,67,67301,2012,11,4,1619,16,4,1,0,5,1, , ,N,0,0,0,3,0,1,3,3,N,N,39 57:14.484,75 10:06.159,1630, ,1627, ,0, ,N, ,0, , , , , ,724860, , , ,2,1,0,1,0,0,0,0,0,0,0,1,1,0,0,0,0,0,0,0,0,0,0,0,0,0,0,0,0,0,0,0,1,0,0,4,1,39.954,-75.1684, , 
 ,65754,2012128281,6,67,67301,2012,11,3,1745,17,4,2,0,5,2, , ,N,0,0,0,3,0,2,1,2,N,N,40 02:22.261,75 09:01.879,9999, ,0, ,0, , , ,0, , , , , ,724861, , , ,1,0,0,0,0,0,0,1,0,0,0,0,1,1,0,0,0,0,0,0,0,0,0,0,0,0,0,0,0,0,0,0,1,0,0,8,0,40.0395,-75.1505, , 
 ,65755,2012056530,6,67,67301,2012,5,7,925,9,1,1,0,1,1, , ,N,0,0,0,3,0,1,3,2,N, ,39 59:15.342,75 09:21.519,943, ,942, ,0, , , ,0, , , , , ,724874, , , ,2,1,0,0,0,0,1,0,0,0,0,1,1,0,0,0,0,0,0,0,1,0,0,0,0,0,0,0,0,0,0,0,0,0,0,4,0,39.9876,-75.156, , 
 ,65756,2012056586,6,67,67301,2012,5,3,1808,18,1,2,1,4,1, , ,N,0,0,7,3,0,1,2,2,N, ,40 06:16.812,75 01:55.398,1855, ,1844,2,1,4, , ,0,N, , , , ,724875, , , ,2,2,0,0,0,0,0,0,0,0,0,0,1,1,0,0,0,0,0,0,1,0,0,0,0,0,0,0,0,0,0,0,0,0,0,8,0,40.1047,-75.0321, , 
 ,65757,2012104153,6,67,67301,2012,9,5,1126,11,1,1,0,1,1, , ,N,0,0,0,3,0,1,2,2,N,N,40 03:55.634,74 59:14.938,1133, ,1127, ,0, ,N, ,0, , , , , ,724901, , , ,2,2,0,0,0,0,0,0,0,0,0,1,1,0,0,0,0,0,0,0,1,0,0,0,0,0,0,0,0,0,0,0,0,0,0,4,0,40.0655,-74.9875, , 
 ,65758,2012104611,6,67,67301,2012,9,7,1300,13,1,1,0,4,1, , ,N,1,2,0,3,0,2,4,2,N, ,40 01:36.832,75 05:50.065,9999, ,1300, ,0, , , ,3, , , , , ,724902, , , ,2,2,0,0,0,0,0,0,0,0,0,0,2,2,0,0,0,0,0,0,1,0,0,0,0,0,0,0,0,0,0,0,0,0,0,8,0,40.0269,-75.0972, , 
 ,65759,2012110526,6,67,67301,2012,11,6,1357,13,1,1,0,5,1, , ,N,0,0,0,3,0,0,7,3,N,N,40 00:11.894,75 11:40.159,1425, ,1422, ,0, ,N, ,0, , , , , ,724906, , , ,3,1,0,0,0,1,1,0,0,0,0,0,0,0,0,0,0,0,0,0,1,0,0,0,0,0,0,0,0,0,0,0,0,0,0,0,1,40.0033,-75.1945, , 
 ,65760,2013003926,6,67,67301,2012,12,7,1200,12,1,1,0,8,1, , ,N,2,0,0,3,0,1,2,2,N,N,39 57:02.055,75 10:13.965,1206, ,1204,1,1,1,N, ,0,N, , , , ,727646, , , ,1,1,0,0,0,0,0,0,0,0,0,1,1,0,0,0,0,0,0,0,0,0,0,0,0,0,0,0,0,0,0,0,1,0,0,4,0,39.9506,-75.1705, , 
 ,65761,2013003761,6,67,67301,2012,12,5,1528,15,1,1,0,1,1, , ,N,1,2,0,3,0,3,17,2,N, ,40 00:56.894,75 08:28.039,1550, ,1548, ,0, , , ,3, , , , , ,727667, , , ,2,1,0,1,0,0,0,0,0,0,0,3,3,0,0,0,0,0,0,0,0,0,0,0,0,0,0,0,0,0,0,0,0,0,0,4,1,40.0158,-75.1411, , 
 ,65762,2013015620,6,67,67301,2012,7,6,1458,14,1,1,0,1,1, , ,N,0,0,0,3,0,1,6,2,N,N,39 53:57.478,75 09:55.349,1504, ,1501,1,1,1,N, ,0,N, , , , ,727669, , , ,2,1,0,0,0,0,1,0,0,0,0,1,1,0,0,0,0,0,0,0,1,0,0,2,0,0,0,0,0,0,0,0,0,0,0,4,0,39.8993,-75.1654, , 
 ,65763,2012109730,6,67,67301,2012,9,6,850,8,1,2,1,8,1, , ,N,0,0,0,3,0,1,2,1,N,N,39 55:26.734,75 10:10.818,900, ,852, ,0, ,N, ,0, , , , , ,727672, , , ,1,1,0,0,0,0,0,0,0,0,1,0,1,0,0,0,0,0,0,0,0,0,0,0,0,0,0,0,0,0,0,0,1,0,0,3,0,39.9241,-75.1697, , 
 ,65764,2012109758,6,67,67301,2012,10,1,842,8,1,1,0,5,6, , ,N,0,0,0,3,0,0,3,2,N,N,39 57:36.824,75 14:27.970,842, ,842, ,0, ,N, ,0, , , , , ,727673, , , ,2,2,0,0,0,0,0,0,0,0,0,0,0,0,0,0,0,0,0,0,0,1,0,1,0,0,0,0,0,0,0,0,0,0,0,0,0,39.9602,-75.2411, , 
 ,65765,2012122391,6,67,67301,2012,11,5,1635,16,4,1,0,4,1, , ,N,1,2,0,3,0,1,2,2,N,N,39 59:44.224,75 10:03.233,1640, ,1636, ,0, ,N, ,3, , , , , ,727690, , , ,2,1,0,0,0,0,0,0,1,0,0,1,1,0,0,1,0,0,0,0,0,0,0,0,0,0,0,0,0,0,0,0,0,0,0,4,0,39.9956,-75.1675, , 
 ,65766,2013007234,6,67,67301,2012,11,5,0,0,3,1,0,2,2, , ,N,0,0,0,3,0,1,2,2,N,N,40 02:00.299,75 10:31.813,1, ,1125, ,0, ,N, ,0, , , , , ,727707, , , ,2,2,0,0,0,0,0,0,0,0,0,0,1,1,1,0,0,0,0,0,0,0,0,0,0,0,0,0,0,0,0,0,0,0,0,8,0,40.0334,-75.1755, , 
 ,65767,2012109930,6,67,67301,2012,10,2,57,0,3,1,0,5,6, , ,N,0,0,0,3,0,0,1,3,N,N,39 55:56.139,75 09:33.447,108, ,59, ,0, ,N, ,0, , , , , ,727720, , , ,3,3,0,0,0,0,0,0,0,0,0,0,0,0,0,0,0,0,0,0,0,0,0,0,0,0,0,0,0,0,0,0,0,0,0,0,0,39.9323,-75.1593, , 
 ,65768,2012122334,6,67,67301,2012,11,1,9999,99,1,5,1,7,5, , ,N,0,0,0,3,0,1,1,1,N, ,40 01:07.395,75 05:48.069,717, ,716,1,1,4, , ,0,N, , , , ,727730, , , ,1,1,0,0,0,0,0,0,0,0,1,0,1,0,0,0,0,0,1,0,0,0,0,0,0,0,0,0,0,0,0,0,0,0,0,3,0,40.0189,-75.0965, , 
 ,65769,2012125544,6,67,67301,2012,11,4,1130,11,1,2,1,4,1, , ,N,1,3,0,3,0,1,2,2,N,N,39 58:36.318,75 08:33.424,1145, ,1143, ,0, ,N, ,3, , , , , ,727734, , , ,2,2,0,0,0,0,0,0,0,0,0,1,1,0,0,0,0,0,0,0,1,0,0,0,0,0,0,0,0,0,0,0,0,0,0,4,0,39.9768,-75.1426, , 
 ,65770,2013006913,6,67,67301,2012,12,5,1745,17,3,2,1,1,1, , ,N,2,2,0,3,0,1,3,2,N,N,39 56:21.084,75 11:35.786,1800, ,1757, ,0, ,N, ,3, , , , , ,727741, , , ,2,0,0,0,1,0,1,0,0,0,0,1,1,0,0,0,0,0,0,0,1,0,0,0,0,0,0,0,0,0,0,0,0,0,0,4,0,39.9392,-75.1933, , 
Y,65771,2013016282,6,67,67301,2012,12,6,1512,15,1,1,0,8,1,2,8,Y,1,0,0,3,0,1,2,2,N, ,39 57:17.517,75 10:16.535,1531,99,1527, ,0, , , ,0, ,Y,U,U,U,727742,U,U,U,1,0,0,0,0,0,1,0,0,0,0,0,1,1,0,0,0,0,0,0,0,0,0,1,0,0,0,0,0,0,0,0,1,0,0,8,0,39.9549,-75.1713, , 
 ,65772,2013003915,6,67,67301,2012,12,4,941,9,1,1,0,1,1, , ,N,2,2,0,3,0,3,4,3,N,N,40 02:25.164,75 03:30.735,1020, ,1010, ,0, ,N, ,2, , , , , ,727748, , , ,3,3,0,0,0,0,0,0,0,0,0,3,3,0,0,0,0,0,0,0,0,0,0,0,0,0,0,0,0,0,0,0,0,0,0,4,0,40.0403,-75.0585, , 