wz_ln_closure,objectid_1,crn,district,county,municipality,crash_year,crash_month,day_of_week,time_of_day,hour_of_day,illumination,weather,road_condition,collision_type,relation_to_road,work_zone_type,work_zone_loc,work_zone_ind,intersect_type,tcd_type,location_type,urban_rural,fatal_count,injury_count,person_count,total_units,sch_bus_ind,sch_zone_ind,latitude,longitude,arrival_tm,cons_zone_spd_lim,dispatch_tm,est_hrs_closed,lane_closed,ln_close_dir,ntfy_hiwy_maint,spec_juris_cd,tcd_func_cd,tfc_detour_ind,workers_pres,wz_close_detour,wz_flagger,wz_law_offcr_ind,objectid,wz_moving,wz_other,wz_shlder_mdn,vehicle_count,automobile_count,motorcycle_count,bus_count,small_truck_count,heavy_truck_count,suv_count,van_count,bicycle_count,maj_inj_count,mod_inj_count,min_inj_count,tot_inj_count,unk_inj_deg_count,unk_inj_per_count,driver_count_16yr,driver_count_17yr,driver_count_18yr,driver_count_19yr,driver_count_20yr,driver_count_50_64yr,driver_count_65_74yr,driver_count_75plus,unbelted_occ_count,unb_death_count,unb_maj_inj_count,belted_death_count,belted_maj_inj_count,mcycle_death_count,mcycle_maj_inj_count,bicycle_death_count,bicycle_maj_inj_count,ped_count,ped_death_count,ped_maj_inj_count,max_severity_level,comm_veh_count,dec_lat,dec_long,rdwy_surf_type_cd,county_name
 ,65773,2012112645,6,67,67301,2012,10,6,1836,18,4,1,0,4,1, , ,N,2,0,0,3,0,0,2,2,N,N,40 03:43.405,75 00:49.093,1901, ,1857, ,0, ,N, ,0, , , , , ,727765, , , ,2,2,0,0,0,0,0,0,0,0,0,0,0,0,0,0,0,1,0,1,0,0,0,0,0,0,0,0,0,0,0,0,0,0,0,0,1,40.0621,-75.0136, , 
 ,65774,2012119992,6,67,67301,2012,10,7,2050,20,3,1,0,8,2, , ,N,0,0,0,3,0,1,3,2,N, ,39 59:29.388,75 07:21.223,2050, ,2050, ,0, , , ,0, , , , , ,727775, , , ,1,0,0,0,0,0,1,0,0,0,1,0,1,0,0,0,0,0,0,0,0,0,0,0,0,0,0,0,0,0,0,0,1,0,0,3,0,39.9915,-75.1226, , 
 ,65775,2012132490,6,67,67301,2012,12,5,1658,16,3,1,0,1,1, , ,N,0,0,0,3,0,1,3,3,N,N,39 59:06.209,75 05:40.944,1708, ,1706,2,2,2,N, ,0,N, , , , ,727784, , , ,3,2,0,0,0,0,1,0,0,0,0,0,1,1,0,0,0,0,0,0,1,1,0,0,0,0,0,0,0,0,0,0,0,0,0,8,0,39.9851,-75.0947, , 
 ,65776,2013006710,6,67,67301,2012,12,2,1025,10,1,1,0,8,1, , ,N,1,2,0,3,0,1,2,2,N,N,39 59:34.736,75 06:36.857,1222, ,1216, ,0, ,N, ,3, , , , , ,727787, , , ,1,0,0,0,0,1,0,0,0,1,0,0,1,0,0,0,0,0,0,0,1,0,0,0,0,0,0,0,0,0,0,0,1,0,1,2,1,39.9929,-75.1103, , 
 ,65777,2012098287,6,67,67301,2012,9,6,1928,19,3,1,0,8,1, , ,N,0,0,0,3,0,1,2,2,N,N,39 59:35.055,75 09:29.246,1930, ,1928, ,0, ,N, ,0, , , , , ,727788, , , ,1,1,0,0,0,0,0,0,0,0,0,1,1,0,0,0,0,0,0,0,0,0,0,0,0,0,0,0,0,0,0,0,1,0,0,4,0,39.9931,-75.1581, , 
 ,65778,2012122341,6,67,67301,2012,11,7,450,4,3,1,0,5,6, , ,N,0,0,0,3,0,0,1,2,N,N,39 55:26.241,75 13:51.362,501, ,459,2,1,4,N, ,0,N, , , , ,731815, , , ,2,1,0,0,0,0,0,1,0,0,0,0,0,0,0,0,0,0,0,0,0,0,0,0,0,0,0,0,0,0,0,0,0,0,0,0,0,39.924,-75.2309, , 
 ,65779,2012095090,6,67,67301,2012,9,2,1445,14,1,1,0,7,2, , ,N,0,0,0,3,0,1,2,1,N,N,40 02:12.046,75 00:51.290,1456, ,1448, ,0, ,N, ,0, , , , , ,731822, , , ,1,1,0,0,0,0,0,0,0,0,0,1,1,0,0,0,0,0,0,0,0,0,0,0,0,0,0,0,0,0,0,0,0,0,0,4,0,40.0366,-75.0144, , 
 ,65780,2012098444,6,67,67301,2012,9,1,1512,15,1,1,0,2,1, , ,N,1,2,0,3,0,0,6,2,N,N,40 01:17.655,75 07:27.663,1600, ,1558, ,0, , , ,3, , , , , ,731825, , , ,2,1,0,0,0,0,1,0,0,0,0,0,0,0,0,0,0,0,0,1,0,0,0,0,0,0,0,0,0,0,0,0,0,0,0,0,0,40.0216,-75.1244, , 
 ,65781,2012105717,6,67,67301,2012,10,5,1843,18,3,1,0,1,1, , ,N,0,0,0,3,0,3,3,3,N,N,40 00:32.417,75 12:15.402,1851, ,1845, ,0, ,N, ,0, , , , , ,731830, , , ,3,2,0,0,0,0,1,0,0,0,0,3,3,0,0,0,0,0,0,0,1,0,0,0,0,0,0,0,0,0,0,0,0,0,0,4,0,40.009,-75.2043, , 
 ,65782,2012109043,6,67,67301,2012,9,6,2157,21,3,1,0,5,1, , ,N,0,0,0,3,0,1,2,2,N,N,40 03:17.716,74 59:06.605,2211, ,2203,2,1,2,N, ,0,N, , , , ,731883, , , ,2,1,0,0,0,1,0,0,0,0,1,0,1,0,0,0,0,0,0,1,1,0,0,1,0,0,0,0,0,0,0,0,0,0,0,3,1,40.0549,-74.9851, , 
 ,65783,2012109055,6,67,67301,2012,10,3,1753,17,4,2,1,7,2, , ,N,0,0,0,3,0,1,1,1,N,N,39 59:07.610,75 12:29.909,1754, ,1753, ,0, ,N, ,0, , , , , ,731884, , , ,1,0,0,0,0,0,1,0,0,0,0,1,1,0,0,0,0,1,0,0,0,0,0,0,0,0,0,0,0,0,0,0,0,0,0,4,0,39.9854,-75.2083, , 
 ,65784,2013006651,6,67,67301,2012,12,2,1844,18,1,1,0,2,1, , ,N,1,2,0,3,0,1,2,2,N,N,39 57:11.116,75 10:54.262,1943, ,1940, ,0, ,N, ,3, , , , , ,731919, , , ,2,2,0,0,0,0,0,0,0,0,0,1,1,0,0,0,0,0,0,0,0,0,0,0,0,0,0,0,0,0,0,0,0,0,0,4,0,39.9531,-75.1818, , 
 ,65785,2013003929,6,67,67301,2012,12,4,1715,17,3,1,0,1,1, , ,N,0,0,0,3,0,1,4,4,N,N,39 54:11.088,75 11:36.686,1720, ,1715, ,0, ,N, ,0, , , , , ,731941, , , ,4,4,0,0,0,0,0,0,0,0,0,1,1,0,0,0,0,0,0,0,2,0,0,0,0,0,0,0,0,0,0,0,0,0,0,4,0,39.9031,-75.1935, , 
 ,65786,2012117268,6,67,67301,2012,10,2,1700,17,1,1,0,6,1, , ,N,1,3,0,3,0,1,2,2,N, ,40 01:23.210,75 07:26.428,1820, ,1819, ,0, , , ,3, , , , , ,731943, , , ,2,1,1,0,0,0,0,0,0,0,0,1,1,0,0,0,0,0,0,0,1,0,0,1,0,0,0,0,0,0,0,0,0,0,0,4,0,40.0231,-75.124, , 
 ,65787,2012125470,6,67,67301,2012,11,6,1730,17,3,1,0,4,1, , ,N,1,2,0,3,0,0,2,2,N,N,39 57:16.582,75 10:51.958,1755, ,1745,2,1,4, , ,3,N, , , , ,731949, , , ,2,1,0,1,0,0,0,0,0,0,0,0,0,0,0,0,0,0,0,0,0,0,0,0,0,0,0,0,0,0,0,0,0,0,0,0,0,39.9546,-75.1814, , 
 ,65788,2013011999,6,67,67301,2012,12,3,30,0,3,6,1,7,4, , ,N,1,0,0,3,0,1,1,1,N,N,40 01:03.979,75 12:07.747,38, ,34,1,2,4,N, ,0,N, , , , ,731961, , , ,1,0,0,0,0,0,1,0,0,0,0,0,1,1,0,0,0,0,0,0,0,0,0,0,0,0,0,0,0,0,0,0,0,0,0,8,0,40.0178,-75.2022, , 
 ,65789,2012111739,6,67,67301,2012,10,1,631,6,5,1,0,4,6, , ,N,0,0,0,3,0,1,1,2,N,N,40 04:34.255,75 10:09.652,638, ,632,2,2,5,N, ,0,N, , , , ,731980, , , ,2,1,0,0,1,0,0,0,0,0,0,1,1,0,0,0,0,0,0,0,0,0,0,0,0,0,0,0,0,0,0,0,0,0,0,4,0,40.0762,-75.1693, , 
 ,65790,2012111923,6,67,67301,2012,11,6,2339,23,3,1,0,1,1, , ,N,0,0,0,3,0,3,3,2,N,N,40 00:57.964,75 03:08.193,2343, ,2341,3,1,2,Y, ,0,N, , , , ,731981, , , ,2,2,0,0,0,0,0,0,0,2,1,0,3,0,0,0,0,1,0,1,0,0,0,3,0,2,0,0,0,0,0,0,0,0,0,2,0,40.0161,-75.0522, , 
 ,65791,2012120069,6,67,67301,2012,10,2,900,9,1,1,0,4,1, , ,N,1,3,0,3,0,0,3,2,N,N,40 03:23.540,75 10:44.216,917, ,908,1,1,2,N, ,3,Y, , , , ,731988, , , ,2,2,0,0,0,0,0,0,0,0,0,0,0,0,0,0,0,0,0,0,0,0,0,0,0,0,0,0,0,0,0,0,0,0,0,0,0,40.0565,-75.1789, , 
 ,65792,2012122415,6,67,67301,2012,10,4,2028,20,3,1,0,4,1, , ,N,1,2,0,3,0,2,2,2,N,N,40 00:16.318,75 07:55.437,2030, ,2030, ,0, ,N, ,3, , , , , ,731991, , , ,2,2,0,0,0,0,0,0,0,0,0,2,2,0,0,0,0,0,0,0,0,0,0,0,0,0,0,0,0,0,0,0,0,0,0,4,0,40.0045,-75.1321, , 
 ,65793,2013003876,6,67,67301,2012,12,6,525,5,3,1,0,9,1, , ,N,0,0,0,3,0,0,1,1,N,N,40 01:31.274,75 13:23.898,530, ,525,2,2,5,N, ,0,Y, , , , ,732004, , , ,1,0,0,0,0,0,1,0,0,0,0,0,0,0,0,0,0,0,0,0,0,0,0,0,0,0,0,0,0,0,0,0,0,0,0,0,0,40.0254,-75.2233, , 
 ,65794,2012111703,6,67,67301,2012,10,5,754,7,1,1,0,8,1, , ,N,1,3,0,3,0,1,3,2,N,Y,39 54:22.370,75 14:50.855,801, ,755, ,0, ,N, ,3, , , , , ,732032, , , ,1,1,0,0,0,0,0,0,0,0,0,0,1,1,0,0,0,0,0,0,0,0,0,0,0,0,0,0,0,0,0,0,1,0,0,8,0,39.9062,-75.2475, , 
 ,65795,2012120120,6,67,67301,2012,10,4,945,9,1,9,0,5,1, , ,N,1,3,0,3,0,1,2,2,N, ,39 55:42.808,75 09:13.359,9999, ,350, ,0, , , ,3, , , , , ,732040, , , ,1,0,0,0,0,0,0,1,1,0,0,0,1,1,0,0,0,0,0,0,0,0,0,0,0,0,0,0,0,0,0,0,0,0,0,8,0,39.9286,-75.1537, , 
 ,65796,2012078323,6,67,67301,2012,7,2,1441,14,1,1,0,2,1, , ,N,1,2,0,3,0,1,7,2,N,N,40 03:48.698,75 10:11.388,1540, ,1526, ,0, ,N, ,3, , , , , ,721840, , , ,2,0,0,0,0,0,1,1,0,1,0,0,1,0,0,0,0,0,0,0,0,1,0,0,0,0,0,0,0,0,0,0,0,0,0,2,0,40.0635,-75.1698, , 
 ,65797,2012078447,6,67,67301,2012,6,3,9999,99,3,1,0,1,1, , ,N,1,3,0,3,0,1,2,2,N,N,40 02:20.907,75 08:21.109,1800, ,1800, ,0, ,N, ,3, , , , , ,721841, , , ,1,1,0,0,0,0,0,0,1,0,0,1,1,0,1,0,0,0,0,0,0,0,0,0,0,0,0,0,0,0,0,0,0,0,0,4,0,40.0391,-75.1392, , 
 ,65798,2012078168,6,67,67301,2012,6,4,2034,20,1,1,0,8,1, , ,N,1,2,0,3,0,1,2,2,N, ,39 59:05.665,75 10:11.758,2040, ,9999, ,0, , , ,3, , , , , ,721842, , , ,1,1,0,0,0,0,0,0,0,0,0,0,1,1,0,0,0,0,0,0,0,0,0,0,0,0,0,0,0,0,0,0,1,0,0,8,0,39.9849,-75.1699, , 
 ,65799,2012109852,6,67,67301,2012,10,3,945,9,1,1,0,5,1, , ,N,0,0,0,3,0,1,4,5,N, ,39 57:58.701,75 09:26.715,950, ,948,3,2,4, , ,0,Y, , , , ,721863, , , ,5,5,0,0,0,0,0,0,0,0,0,1,1,0,0,0,0,0,0,0,0,0,0,1,0,0,0,0,0,0,0,0,0,0,0,4,0,39.9663,-75.1574, , 
 ,65800,2012114499,6,67,67301,2012,8,1,1300,13,1,1,0,7,2, , ,N,0,0,2,3,0,0,1,1,N,N,39 57:30.806,75 09:52.632,1327, ,1318,2,1,4,N, ,0,N, , , , ,721869, , , ,1,1,0,0,0,0,0,0,0,0,0,0,0,0,0,0,0,0,0,0,0,0,0,0,0,0,0,0,0,0,0,0,0,0,0,0,0,39.9586,-75.1646, , 
 ,65801,2012063945,6,67,67301,2012,5,6,2220,22,3,2,1,8,1, , ,N,1,0,0,3,0,1,2,2,N,N,39 57:29.433,75 13:44.921,254, ,252, ,0, , , ,0, , , , , ,721890, , , ,1,1,0,0,0,0,0,0,0,0,0,1,1,0,0,0,0,0,0,0,0,0,0,0,0,0,0,0,0,0,0,0,1,0,0,4,0,39.9582,-75.2291, , 
 ,65802,2012083062,6,67,67301,2012,6,5,1600,16,1,1,0,4,1, , ,N,2,0,0,3,0,1,2,2,N,N,39 56:59.727,75 12:12.925,0, ,0, ,0, ,N, ,0, , , , , ,721892, , , ,2,1,0,0,1,0,0,0,0,0,0,0,1,1,1,0,0,0,0,0,0,0,0,0,0,0,0,0,0,0,0,0,0,0,0,8,0,39.9499,-75.2036, , 
 ,65803,2012098270,6,67,67301,2012,9,3,2230,22,3,1,0,1,1, , ,N,0,0,0,3,0,0,2,2,N,N,39 58:02.377,75 10:31.656,9999, ,9999, ,0, , , ,0, , , , , ,721907, , , ,2,2,0,0,0,0,0,0,0,0,0,1,2,1,0,0,0,0,0,0,0,0,0,0,0,0,0,0,0,0,0,0,0,0,0,4,0,39.9673,-75.1755, , 
 ,65804,2012098987,6,67,67301,2012,9,3,845,8,1,2,1,2,1, , ,N,0,0,0,3,0,3,3,2,N,N,39 59:48.084,75 11:49.970,856, ,852, ,0, ,N, ,0, , , , , ,721908, , , ,2,2,0,0,0,0,0,0,0,0,0,0,3,3,0,0,0,0,0,0,1,0,0,0,0,0,0,0,0,0,0,0,0,0,0,8,0,39.9967,-75.1972, , 
 ,65805,2012104113,6,67,67301,2012,9,7,9999,99,3,1,0,4,1, , ,N,1,2,0,3,0,0,2,2,N,N,40 01:56.965,75 04:51.304,25, ,23,9,1,1,N, ,3,N, , , , ,721913, , , ,2,1,0,0,0,0,1,0,0,0,0,0,0,0,1,0,0,0,0,0,0,0,0,0,0,0,0,0,0,0,0,0,0,0,0,9,0,40.0325,-75.0809, , 
 ,65806,2012109052,6,67,67301,2012,10,7,430,4,3,1,0,1,6, , ,N,0,0,0,3,0,0,1,2,N,N,40 05:11.690,74 58:29.680,1220, ,1230, ,0, ,N, ,0, , , , , ,721920, , , ,2,2,0,0,0,0,0,0,0,0,0,0,0,0,1,0,0,0,0,0,0,0,0,0,0,0,0,0,0,0,0,0,0,0,0,9,0,40.0866,-74.9749, , 
 ,65807,2012066492,6,67,67301,2012,6,6,2334,23,3,2,1,4,1, , ,N,1,2,0,3,0,1,2,2,N,N,40 02:45.600,75 04:56.341,2337, ,2334, ,0, ,N, ,3, , , , , ,721931, , , ,2,1,0,1,0,0,0,0,0,0,0,0,1,1,1,0,0,0,0,0,0,0,0,1,0,0,0,0,0,0,0,0,0,0,0,8,1,40.046,-75.0823, , 
 ,65808,2012066653,6,67,67301,2012,5,5,1659,16,1,1,0,1,1, , ,N,0,0,0,3,0,1,2,2,N, ,40 03:09.313,75 04:50.404,1930, ,1923, ,0, , , ,0, , , , , ,721932, , , ,2,1,0,0,0,0,0,1,0,0,1,0,1,0,1,0,0,0,0,0,1,0,0,0,0,0,0,0,0,0,0,0,0,0,0,3,0,40.0526,-75.0807, , 
 ,65809,2012066762,6,67,67301,2012,6,3,720,7,1,1,0,4,1, , ,N,1,2,0,3,0,0,2,2,N,N,40 01:41.707,75 05:05.272,826, ,824, ,0, ,N, ,3, , , , , ,721933, , , ,2,1,0,0,0,0,0,1,0,0,0,0,0,0,0,0,0,0,0,0,1,0,0,1,0,0,0,0,0,0,0,0,0,0,0,0,0,40.0283,-75.0848, , 
 ,65810,2012068783,6,67,67301,2012,6,1,338,3,3,1,0,1,1, , ,N,1,2,0,3,0,1,2,2,Y, ,39 59:10.631,75 09:22.550,350, ,338,3,2,2, , ,3,Y, , , , ,721934, , , ,2,2,0,0,0,0,0,0,0,1,0,0,1,0,0,0,0,0,0,1,0,0,0,0,0,0,0,1,0,0,0,0,0,0,0,2,0,39.9863,-75.1561, , 
 ,65811,2012080864,6,67,67301,2012,7,2,1701,17,1,1,0,4,1, , ,N,0,0,7,3,0,2,3,2,N, ,40 05:05.834,75 02:11.511,9999, ,1738, ,0, , , ,0, , , , , ,721946, , , ,2,1,0,0,1,0,0,0,0,0,0,2,2,0,0,0,0,0,1,0,0,0,0,0,0,0,0,0,0,0,0,0,0,0,0,4,0,40.085,-75.0365, , 
 ,65812,2012110797,6,67,67301,2012,10,7,1707,17,1,1,0,1,1, , ,N,0,0,0,3,0,4,7,3,N,N,39 53:48.601,75 12:49.063,1722, ,1709, ,0, ,N, ,0, , , , , ,721972, , , ,3,3,0,0,0,0,0,0,0,0,0,3,4,1,0,0,0,0,0,0,1,1,0,0,0,0,0,0,0,0,0,0,0,0,0,4,0,39.8968,-75.2136, , 
 ,65813,2012111698,6,67,67301,2012,10,2,1720,17,1,2,1,9,1, , ,N,2,0,0,3,0,1,1,2,N, ,39 56:56.025,75 11:22.873,1750, ,1738, ,0, , , ,0, , , , , ,721975, , , ,1,1,0,0,0,0,0,0,0,0,0,0,1,1,0,0,0,0,0,0,0,0,0,0,0,0,0,0,0,0,0,0,1,0,0,8,0,39.9489,-75.1897, , 
 ,65814,2012073517,6,67,67301,2012,6,3,2150,21,3,1,0,1,6, , ,N,0,0,0,3,0,0,1,3,N,N,39 57:24.195,75 12:22.345,2153, ,2152, ,0, ,N, ,0, , , , , ,724922, , , ,3,3,0,0,0,0,0,0,0,0,0,0,0,0,0,0,0,0,0,0,1,0,0,0,0,0,0,0,0,0,0,0,0,0,0,0,0,39.9567,-75.2062, , 
 ,65815,2012075153,6,67,67301,2012,6,5,1920,19,1,1,0,7,2, , ,N,0,0,3,3,0,1,3,2,N, ,40 01:14.264,75 09:21.528,1924, ,1924,2,2,4, , ,0,Y, , , , ,724924, , , ,2,1,0,0,0,1,0,0,0,1,0,0,1,0,0,0,0,0,0,0,0,0,0,0,0,0,0,1,0,0,0,0,0,0,0,2,1,40.0206,-75.156, , 
 ,65816,2013007302,6,67,67301,2012,12,4,1740,17,3,1,0,4,1, , ,N,1,3,0,3,0,0,2,2,N,N,40 03:17.866,75 05:05.373,1756, ,1756,1,1,4,N, ,3,Y, , , , ,724932, , , ,2,2,0,0,0,0,0,0,0,0,0,0,0,0,1,0,0,0,0,0,1,0,0,0,0,0,0,0,0,0,0,0,0,0,0,9,0,40.055,-75.0848, , 
 ,65817,2012117304,6,67,67301,2012,10,4,1534,15,1,1,0,4,1, , ,N,1,3,0,3,0,1,2,2,N,N,40 03:36.748,75 03:36.349,1547, ,1540, ,0, , , ,3, , , , , ,724936, , , ,2,1,0,0,0,0,0,1,0,0,0,0,1,1,0,0,0,0,0,0,0,0,1,0,0,0,0,0,0,0,0,0,0,0,0,8,0,40.0602,-75.0601, , 
 ,65818,2012122469,6,67,67301,2012,11,7,1936,19,3,1,0,1,1, , ,N,1,2,0,3,0,1,5,2,N, ,40 03:28.059,75 00:31.473,1948, ,1943, ,0, , , ,3, , , , , ,724940, , , ,2,1,0,0,0,0,1,0,0,0,0,0,1,1,0,0,0,0,0,0,0,0,1,0,0,0,0,0,0,0,0,0,0,0,0,8,0,40.0578,-75.0087, , 
 ,65819,2012125192,6,67,67301,2012,12,2,722,7,1,5,1,1,1, , ,N,0,0,0,3,0,1,2,2,N,N,39 53:56.582,75 10:06.185,722, ,722,1,1,2,N, ,0,N, , , , ,724943, , , ,2,2,0,0,0,0,0,0,0,0,1,0,1,0,0,0,0,1,0,0,0,0,0,0,0,0,0,0,0,0,0,0,0,0,0,3,0,39.8991,-75.1684, , 
 ,65820,2012128271,6,67,67301,2012,11,2,620,6,1,1,1,8,1, , ,N,1,2,0,3,0,1,2,2,N,N,40 02:07.082,75 04:14.554,628, ,620, ,0, ,N, ,3, , , , , ,724946, , , ,1,0,0,0,0,0,0,0,0,0,0,0,1,1,0,0,0,0,0,0,0,0,0,0,0,0,0,0,0,0,0,0,1,0,0,8,0,40.0353,-75.0707, , 
 ,65821,2013003764,6,67,67301,2012,12,4,1928,19,3,1,0,5,1, , ,N,2,3,0,3,0,1,2,2,N,N,39 55:44.943,75 11:13.894,1940, ,1935, ,0, ,N, ,3, , , , , ,724957, , , ,1,1,0,0,0,0,0,0,1,0,0,1,1,0,0,0,0,0,0,0,1,0,0,0,0,0,0,0,0,0,0,0,0,0,0,4,0,39.9292,-75.1872, , 
 ,65822,2012109920,6,67,67301,2012,9,1,455,4,3,1,0,4,1, , ,N,0,0,0,3,0,0,1,2,N,N,39 54:41.344,75 10:20.723,500, ,500, ,0, ,N, ,0, , , , , ,724968, , , ,2,1,0,0,0,1,0,0,0,0,0,0,0,0,0,0,0,0,0,0,0,0,0,0,0,0,0,0,0,0,0,0,0,0,0,0,0,39.9115,-75.1724, , 
 ,65823,2012066629,6,67,67301,2012,6,3,941,9,1,2,1,1,1, , ,N,1,2,0,3,0,2,2,2,N, ,39 54:40.341,75 13:50.008,945, ,941,1,1,4, , ,3,N, , , , ,724983, , , ,2,1,0,0,0,0,1,0,0,0,1,1,2,0,0,0,0,0,0,1,0,0,0,0,0,0,0,0,0,0,0,0,0,0,0,3,0,39.9112,-75.2306, , 
 ,65824,2012066670,6,67,67301,2012,6,4,1558,15,1,1,0,4,1, , ,N,1,0,0,3,0,1,3,3,N,N,40 00:41.992,75 09:47.094,1601, ,1600,1,1,3, , ,0,Y, , , , ,724984, , , ,3,1,1,0,1,0,0,0,0,0,0,1,1,0,0,0,0,0,0,0,1,0,0,0,0,0,0,0,0,0,0,0,0,0,0,4,0,40.0116,-75.163, , 
 ,65825,2012054719,6,67,67301,2012,4,3,2030,20,3,1,0,1,7, , ,N,6,4,2,3,0,4,6,2,N,N,40 01:11.145,75 08:36.692,2056, ,2052,2,1,2,N, ,3,N, , , , ,725021, , , ,2,2,0,0,0,0,0,0,0,0,2,2,4,0,1,0,0,0,0,1,0,0,0,1,0,0,0,0,0,0,0,0,0,0,0,3,0,40.0198,-75.1435, , 
 ,65826,2012125092,6,67,67301,2012,12,6,751,7,1,1,0,1,1, , ,N,0,0,0,3,0,0,2,2,N,N,40 00:28.848,75 12:09.176,757, ,753, ,0, ,N, ,0, , , , , ,725044, , , ,2,1,0,0,0,0,1,0,0,0,0,0,0,0,0,0,0,0,0,0,1,0,0,0,0,0,0,0,0,0,0,0,0,0,0,0,0,40.008,-75.2025, , 
 ,65827,2013006089,6,67,67301,2012,12,2,1900,19,3,1,0,4,1, , ,N,1,2,0,3,0,1,5,3,N, ,40 03:00.795,75 07:38.967,1918, ,1911, ,0, , , ,3, , , , , ,725048, , , ,3,2,0,0,1,0,0,0,0,0,1,0,1,0,0,0,0,0,0,0,0,0,0,0,0,0,0,0,0,0,0,0,0,0,0,3,0,40.0502,-75.1275, , 
 ,65828,2012083295,6,67,67301,2012,8,7,1830,18,1,1,0,6,1, , ,N,1,2,0,3,0,3,3,2,N,N,39 57:46.530,75 11:29.044,1840, ,1834, ,0, ,N, ,3, , , , , ,725068, , , ,2,2,0,0,0,0,0,0,0,0,0,0,3,3,0,0,0,0,0,0,1,0,0,0,0,0,0,0,0,0,0,0,0,0,0,8,0,39.9629,-75.1914, , 
 ,65829,2012088581,6,67,67301,2012,8,7,1522,15,1,1,0,7,5, , ,N,0,0,0,3,0,0,1,1,N, ,40 01:57.900,75 11:35.200,1605, ,1554, ,0, , , ,0, , , , , ,725070, , , ,1,1,0,0,0,0,0,0,0,0,0,0,0,0,0,0,0,0,0,0,0,0,1,0,0,0,0,0,0,0,0,0,0,0,0,0,0,40.0328,-75.1931, , 
 ,65830,2013003857,6,67,67301,2012,10,6,1618,16,1,1,1,2,1, , ,N,1,2,0,3,0,2,2,2,N,N,39 59:11.558,75 12:18.363,1633, ,1625, ,0, ,N, ,3, , , , , ,725075, , , ,2,2,0,0,0,0,0,0,0,0,0,2,2,0,0,0,0,0,0,0,1,0,0,0,0,0,0,0,0,0,0,0,0,0,0,4,0,39.9865,-75.2051, , 
 ,65831,2013006730,6,67,67301,2012,12,3,1451,14,1,2,1,1,1, , ,N,0,0,0,3,0,2,3,2,N,N,39 57:07.030,75 12:17.121,1452, ,1451, ,0, ,N, ,0, , , , , ,725077, , , ,2,0,0,0,2,0,0,0,0,0,2,0,2,0,0,0,0,0,0,0,0,0,0,2,0,0,0,0,0,0,0,0,0,0,0,3,0,39.952,-75.2048, , 
 ,65832,2012098410,6,67,67301,2012,9,6,0,0,3,1,0,8,1, , ,N,3,0,0,3,0,1,2,2,N,N,39 59:18.176,75 14:59.425,325, ,324, ,0, ,N, ,0, , , , , ,727789, , , ,1,0,0,0,0,0,0,1,0,0,0,1,1,0,0,0,0,0,0,0,0,0,0,0,0,0,0,0,0,0,0,0,1,0,0,4,0,39.9884,-75.2499, , 
 ,65833,2012109655,6,67,67301,2012,10,2,1320,13,1,1,0,4,1, , ,N,1,2,0,3,0,1,2,2,N,N,40 04:51.077,75 01:43.585,1324, ,1320,1,1,3,N, ,3,N, , , , ,727799, , , ,2,0,0,0,0,0,2,0,0,0,0,1,1,0,0,0,0,0,0,0,0,0,0,0,0,0,0,0,0,0,0,0,0,0,0,4,0,40.0809,-75.0288, , 
 ,65834,2012119823,6,67,67301,2012,11,5,2341,23,3,2,1,1,1, , ,N,0,0,4,3,0,0,3,3,N,N,39 57:17.167,75 10:51.551,2351, ,2346,1,1,4,N, ,0,N, , , , ,727813, , , ,3,3,0,0,0,0,0,0,0,0,0,0,0,0,0,0,0,0,0,0,0,0,0,0,0,0,0,0,0,0,0,0,0,0,0,0,0,39.9548,-75.181, , 
 ,65835,2012120128,6,67,67301,2012,10,4,1710,17,1,1,0,8,1, , ,N,0,0,0,3,0,1,2,2,N,N,39 57:24.107,75 14:35.046,1720, ,1716, ,0, ,N, ,0, , , , , ,727815, , , ,1,1,0,0,0,0,0,0,0,0,0,1,1,0,0,0,0,0,0,0,0,0,0,0,0,0,0,0,0,0,0,0,1,0,0,4,0,39.9567,-75.2431, , 
 ,65836,2012125570,6,67,67301,2012,11,2,1010,10,1,1,0,8,6, , ,N,0,0,0,3,0,1,1,2,N, ,40 00:08.974,75 12:32.382,9999, ,555, ,0, , , ,0, , , , , ,727851, , , ,2,2,0,0,0,0,0,0,0,0,0,0,1,1,0,0,0,0,0,0,0,0,0,0,0,0,0,0,0,0,0,0,0,0,0,8,0,40.0025,-75.209, , 
 ,65837,2014016092,6,67,67301,2012,9,1,1730,17,4,1,0,1,1, , ,N,0,0,0,3,0,2,3,2,N,N,40 00:54.028,75 08:06.238,0, ,0, ,0, ,N, ,0, , , , , ,727893, , , ,2,1,0,0,1,0,0,0,0,0,0,0,2,2,1,0,0,0,0,0,1,0,0,0,0,0,0,0,0,0,0,0,0,0,0,8,0,40.015,-75.1351, , 
 ,65838,2012099375,6,67,67301,2012,9,7,205,2,3,1,0,2,1, , ,N,1,2,0,3,0,2,3,2,N,N,39 53:40.603,75 14:12.181,215, ,207, ,0, ,N, ,3, , , , , ,727894, , , ,2,2,0,0,0,0,0,0,0,0,0,2,2,0,0,0,0,0,0,1,0,0,0,0,0,0,0,0,0,0,0,0,0,0,0,4,0,39.8946,-75.2367, , 