wz_ln_closure,objectid_1,crn,district,county,municipality,crash_year,crash_month,day_of_week,time_of_day,hour_of_day,illumination,weather,road_condition,collision_type,relation_to_road,work_zone_type,work_zone_loc,work_zone_ind,intersect_type,tcd_type,location_type,urban_rural,fatal_count,injury_count,person_count,total_units,sch_bus_ind,sch_zone_ind,latitude,longitude,arrival_tm,cons_zone_spd_lim,dispatch_tm,est_hrs_closed,lane_closed,ln_close_dir,ntfy_hiwy_maint,spec_juris_cd,tcd_func_cd,tfc_detour_ind,workers_pres,wz_close_detour,wz_flagger,wz_law_offcr_ind,objectid,wz_moving,wz_other,wz_shlder_mdn,vehicle_count,automobile_count,motorcycle_count,bus_count,small_truck_count,heavy_truck_count,suv_count,van_count,bicycle_count,maj_inj_count,mod_inj_count,min_inj_count,tot_inj_count,unk_inj_deg_count,unk_inj_per_count,driver_count_16yr,driver_count_17yr,driver_count_18yr,driver_count_19yr,driver_count_20yr,driver_count_50_64yr,driver_count_65_74yr,driver_count_75plus,unbelted_occ_count,unb_death_count,unb_maj_inj_count,belted_death_count,belted_maj_inj_count,mcycle_death_count,mcycle_maj_inj_count,bicycle_death_count,bicycle_maj_inj_count,ped_count,ped_death_count,ped_maj_inj_count,max_severity_level,comm_veh_count,dec_lat,dec_long,rdwy_surf_type_cd,county_name
 ,65839,2012104179,6,67,67301,2012,9,5,155,1,3,1,0,7,3, , ,N,0,0,0,3,0,2,2,2,N,N,39 56:45.247,75 11:54.258,200, ,157, ,0, ,N, ,0, , , , , ,727900, , , ,1,1,0,0,0,0,0,0,0,0,0,1,2,1,0,0,0,0,0,0,0,0,0,0,0,0,0,0,0,0,0,0,0,0,0,4,0,39.9459,-75.1984, , 
 ,65840,2012123335,6,67,67301,2012,11,4,1740,17,3,2,1,8,1, , ,N,1,3,0,3,0,1,2,2,N,N,40 03:08.449,75 11:15.561,1751, ,1746, ,0, ,N, ,3, , , , , ,727920, , , ,1,1,0,0,0,0,0,0,0,0,0,0,1,1,0,0,0,0,0,0,0,0,0,0,0,0,0,0,0,0,0,0,1,0,0,8,0,40.0523,-75.1877, , 
 ,65841,2013003674,6,67,67301,2012,10,2,1839,18,4,1,0,4,1, , ,N,1,0,0,3,0,1,2,2,N,N,39 59:10.276,75 10:04.717,1840, ,1839,1,2,6,N, ,0,Y, , , , ,727926, , , ,2,2,0,0,0,0,0,0,0,0,0,0,1,1,0,0,0,0,0,0,0,0,0,0,0,0,0,0,0,0,0,0,0,0,0,8,0,39.9862,-75.168, , 
 ,65842,2013003875,6,67,67301,2012,12,4,705,7,1,1,0,1,4, , ,N,1,2,0,3,0,1,1,2,N,N,40 02:24.310,75 13:27.374,715, ,705, ,9, ,N, ,3, , , , , ,727927, , , ,2,2,0,0,0,0,0,0,0,0,0,0,1,1,0,0,0,0,0,0,1,0,0,0,0,0,0,0,0,0,0,0,0,0,0,8,0,40.0401,-75.2243, , 
 ,65843,2013003881,6,67,67301,2012,12,3,1055,10,1,1,0,5,1, , ,N,0,0,0,3,0,0,2,2,N,N,39 57:28.100,75 09:37.053,1103, ,1058,1,1,4,N, ,0,N, , , , ,727928, , , ,2,1,0,0,0,0,0,0,0,0,0,0,0,0,0,0,0,0,0,0,0,0,0,0,0,0,0,0,0,0,0,0,0,0,0,0,1,39.9578,-75.1603, , 
 ,65844,2013006662,6,67,67301,2012,12,1,142,1,3,1,0,4,6, , ,N,0,0,0,3,0,1,1,4,N,N,40 01:15.830,75 05:17.685,146, ,144,3,2,3,N, ,0,Y, , , , ,727929, , , ,4,2,0,0,0,0,1,1,0,0,0,1,1,0,0,0,0,0,0,0,0,0,0,0,0,0,0,0,0,0,0,0,0,0,0,4,0,40.0211,-75.0882, , 
 ,65845,2013007252,6,67,67301,2012,11,5,1553,15,1,1,0,8,1, , ,N,2,2,0,3,0,1,2,2,N,N,39 58:02.378,75 14:44.992,1557, ,1555, ,9, ,N, ,3, , , , , ,727930, , , ,1,0,0,0,0,0,1,0,0,0,0,1,1,0,0,0,0,0,0,0,0,0,0,1,0,0,0,0,0,0,0,0,1,0,0,4,0,39.9673,-75.2457, , 
 ,65846,2012109796,6,67,67301,2012,10,1,2303,23,3,6,1,5,1, , ,N,0,0,0,3,0,0,3,3,N, ,40 07:43.973,75 00:49.341,2310, ,2303, ,0, , , ,0, , , , , ,727950, , , ,3,2,0,0,0,0,1,0,0,0,0,0,0,0,0,0,0,0,0,0,0,0,0,1,0,0,0,0,0,0,0,0,0,0,0,0,0,40.1289,-75.0137, , 
 ,65847,2013006815,6,67,67301,2012,11,6,757,7,1,1,0,8,1, , ,N,0,0,0,3,0,1,4,2,N, ,39 59:19.320,75 09:32.590,803, ,801, ,0, , , ,0, , , , , ,727980, , , ,1,1,0,0,0,0,0,0,0,0,0,0,1,1,0,0,0,0,0,0,0,0,0,0,0,0,0,0,0,0,0,0,1,0,0,8,0,39.9887,-75.1591, , 
 ,65848,2013006822,6,67,67301,2012,12,2,1839,18,3,4,1,8,1, , ,N,0,0,0,3,0,1,2,2,N,N,40 00:32.493,75 09:44.132,2210, ,2206, ,0, ,N, ,0, , , , , ,727981, , , ,1,1,0,0,0,0,0,0,0,0,0,1,1,0,0,0,0,0,0,0,0,0,0,0,0,0,0,0,0,0,0,0,1,0,0,4,0,40.009,-75.1623, , 
 ,65849,2013003735,6,67,67301,2012,12,2,9999,99,1,1,0,4,1, , ,N,1,2,0,3,0,0,2,2,N,N,40 01:31.746,75 07:20.688,1335, ,1335,1,1,1,N, ,3,N, , , , ,727991, , , ,2,2,0,0,0,0,0,0,0,0,0,0,0,0,0,0,0,0,0,0,0,0,0,0,0,0,0,0,0,0,0,0,0,0,0,0,0,40.0256,-75.1223, , 
 ,65850,2012122435,6,67,67301,2012,11,2,907,9,3,1,0,4,1, , ,N,0,0,0,3,0,1,1,2,N,N,40 03:16.530,75 05:09.096,910, ,907, ,0,2, , ,0, , , , , ,729804, , , ,2,2,0,0,0,0,0,0,0,0,0,1,1,0,0,0,0,0,0,0,0,0,1,0,0,0,0,0,0,0,0,0,0,0,0,4,0,40.0546,-75.0859, , 
 ,65851,2012098269,6,67,67301,2012,9,3,1530,15,1,1,1,7,2, , ,N,2,0,0,3,0,0,2,2,N,N,40 01:03.979,75 12:07.747,1535, ,1531,1,1,1,Y, ,0,N, , , , ,729828, , , ,2,2,0,0,0,0,0,0,0,0,0,0,0,0,0,0,0,0,0,0,1,0,0,0,0,0,0,0,0,0,0,0,0,0,0,0,0,40.0178,-75.2022, , 
 ,65852,2013006670,6,67,67301,2012,12,5,9999,99,3,1,0,4,1, , ,N,1,2,0,3,0,1,2,2,N,N,39 59:06.403,75 14:50.558,9999, ,9999, ,0, , , ,3, , , , , ,729867, , , ,2,1,0,0,0,0,1,0,0,0,0,0,1,1,0,0,0,0,0,0,0,1,0,0,0,0,0,0,0,0,0,0,0,0,0,8,0,39.9851,-75.2474, , 
 ,65853,2013079556,6,67,67301,2012,7,6,2012,20,1,2,1,1,1, , ,N,2,2,0,3,0,1,2,2,N,N,40 01:46.545,75 06:13.959,2022, ,2014,1,1,1,N, ,3,N, , , , ,729869, , , ,2,1,0,0,0,0,1,0,0,0,0,1,1,0,0,0,0,0,0,0,1,0,0,0,0,0,0,0,0,0,0,0,0,0,0,4,0,40.0296,-75.1039, , 
 ,65854,2012115205,6,67,67301,2012,8,5,1830,18,1,1,0,1,1, , ,N,0,0,7,3,0,2,3,2,N,N,39 57:50.741,75 12:59.395,0, ,0, ,0, ,N, ,0, , , , , ,729871, , , ,2,0,0,0,0,0,1,0,0,0,2,0,2,0,1,0,0,0,0,0,0,1,0,0,0,0,0,0,0,0,0,0,0,0,0,3,0,39.9641,-75.2165, , 
 ,65855,2012125473,6,67,67301,2012,11,1,2209,22,3,1,0,4,1, , ,N,1,2,0,3,0,1,3,2,N,N,39 58:23.647,75 12:44.071,2210, ,2209, ,0, ,N, ,3, , , , , ,729882, , , ,2,1,0,0,0,0,1,0,0,0,0,0,0,0,0,0,0,0,0,0,0,0,0,1,0,0,0,0,0,0,0,0,0,0,0,9,0,39.9732,-75.2121, , 
 ,65856,2012121687,6,67,67301,2012,11,6,344,3,3,1,0,7,2, , ,N,0,0,0,3,0,1,4,1,N,N,39 53:24.073,75 13:13.394,356, ,347,1,1,1,N, ,0,N, , , , ,729894, , , ,1,1,0,0,0,0,0,0,0,0,0,1,1,0,0,0,0,0,0,1,0,0,0,0,0,0,0,0,0,0,0,0,0,0,0,4,0,39.89,-75.2204, , 
 ,65857,2013006753,6,67,67301,2012,12,7,213,2,3,1,0,4,6, , ,N,0,0,0,3,0,2,2,4,N,N,40 03:56.804,75 09:20.484,216, ,215,3,2,5,N, ,0,Y, , , , ,729913, , , ,4,2,0,0,0,0,1,1,0,0,2,0,2,0,0,0,0,0,0,0,0,0,0,0,0,0,0,0,0,0,0,0,0,0,0,3,0,40.0658,-75.1557, , 
 ,65858,2012122437,6,67,67301,2012,11,1,1545,15,1,1,0,4,1, , ,N,0,8,0,3,0,5,8,2,N,N,40 05:37.251,74 59:19.446,1555, ,1547, ,0, ,N, ,3, , , , , ,729922, , , ,2,1,0,1,0,0,0,0,0,0,0,0,5,5,0,0,0,0,0,0,1,0,0,0,0,0,0,0,0,0,0,0,0,0,0,8,0,40.0937,-74.9887, , 
 ,65859,2012083526,6,67,67301,2012,8,3,1621,16,1,1,0,1,1, , ,N,6,4,2,3,0,2,3,2,N,N,40 02:59.446,74 59:34.364,1636, ,1624, ,0, ,N, ,3, , , , , ,729935, , , ,2,0,0,0,0,0,1,1,0,0,0,0,2,2,0,0,0,0,0,0,0,0,0,0,0,0,0,0,0,0,0,0,0,0,0,8,0,40.0492,-74.996, , 
 ,65860,2012078577,6,67,67301,2012,7,1,630,6,1,1,0,7,5, , ,N,0,0,0,3,0,1,1,1,N, ,40 04:40.408,75 12:37.385,710, ,655, ,0, , , ,0, , , , , ,729953, , , ,1,0,0,0,1,0,0,0,0,0,0,1,1,0,0,0,0,0,0,0,0,0,0,0,0,0,0,0,0,0,0,0,0,0,0,4,0,40.0779,-75.2104, , 
 ,65861,2012088267,6,67,67301,2012,8,5,1630,16,1,1,0,1,1, , ,N,0,0,0,3,0,2,3,3,N,N,39 53:57.261,75 10:00.664,1643, ,1634,1,1,1,N, ,0,N, , , , ,729958, , , ,3,3,0,0,0,0,0,0,0,0,0,0,2,2,0,0,0,0,0,0,1,0,0,0,0,0,0,0,0,0,0,0,0,0,0,8,0,39.8992,-75.1668, , 
 ,65862,2012125468,6,67,67301,2012,11,6,1725,17,3,1,0,2,6, , ,N,1,2,0,3,0,1,1,3,N,N,39 56:28.388,75 10:33.005,1730, ,1729, ,0, ,N, ,3, , , , , ,730012, , , ,3,2,0,0,0,0,1,0,0,0,1,0,1,0,0,0,0,0,0,0,0,0,0,0,0,0,0,0,0,0,0,0,0,0,0,3,0,39.9412,-75.1758, , 
 ,65863,2013006180,6,67,67301,2012,12,2,1241,12,1,1,0,7,5, , ,N,3,0,2,3,0,1,1,1,N,N,40 06:25.297,74 59:44.826,1241, ,1241, ,0, ,N, ,0, , , , , ,730034, , , ,1,1,0,0,0,0,0,0,0,0,0,1,1,0,0,0,0,0,0,0,0,0,0,0,0,0,0,0,0,0,0,0,0,0,0,4,0,40.107,-74.9958, , 
 ,65864,2012078181,6,67,67301,2012,7,4,1742,17,1,1,0,1,1, , ,N,1,3,0,3,0,1,4,2,N,N,40 02:14.355,75 07:30.255,1747, ,1742, ,0, ,N, ,3, , , , , ,730037, , , ,2,1,0,0,0,0,1,0,0,0,0,0,1,1,0,0,0,0,0,0,0,0,0,2,0,0,0,0,0,0,0,0,0,0,0,8,0,40.0373,-75.1251, , 
 ,65865,2012084166,6,67,67301,2012,7,2,847,8,1,1,0,4,1, , ,N,0,0,0,3,0,1,4,2,N,N,40 02:40.786,75 03:16.652,855, ,847,1,1,2,N, ,0,N, , , , ,730042, , , ,2,0,0,1,1,0,0,0,0,0,0,1,1,0,0,0,0,0,0,0,1,0,0,0,0,0,0,0,0,0,0,0,0,0,0,4,1,40.0447,-75.0546, , 
 ,65866,2012097620,6,67,67301,2012,10,2,1415,14,1,1,0,1,1, , ,N,0,0,0,3,0,1,1,2,Y,N,40 02:59.110,75 08:48.830,1523, ,1415,3,2,6,N, ,0,Y, , , , ,730052, , , ,2,0,0,1,0,0,0,1,0,0,0,0,1,1,0,0,0,0,0,0,0,0,0,0,0,0,0,0,0,0,0,0,0,0,0,8,1,40.0498,-75.1469, , 
 ,65867,2012104025,6,67,67301,2012,9,7,1650,16,1,1,0,8,1, , ,N,0,0,0,3,0,1,2,2,N,N,39 59:23.416,75 08:02.745,1700, ,1650, ,0, ,N, ,0, , , , , ,730061, , , ,1,1,0,0,0,0,0,0,0,0,0,0,1,1,0,0,0,0,1,0,0,0,0,0,0,0,0,0,0,0,0,0,1,0,0,8,0,39.9898,-75.1341, , 
 ,65868,2012060738,6,67,67301,2012,5,3,1154,11,1,2,1,8,1, , ,N,1,2,0,3,0,1,2,2,N,N,40 02:12.343,75 02:27.405,1240, ,1226, ,0, ,N, ,3, , , , , ,721978, , , ,1,0,0,0,1,0,0,0,0,0,0,1,1,0,0,0,0,0,0,0,0,0,0,0,0,0,0,0,0,0,0,0,1,0,0,4,0,40.0368,-75.0407, , 
 ,65869,2012066624,6,67,67301,2012,5,7,2000,20,3,1,0,8,1, , ,N,2,2,0,3,0,1,2,2,N, ,39 59:02.576,75 10:29.891,2048, ,2046, ,0, , , ,3, , , , , ,721983, , , ,1,1,0,0,0,0,0,0,0,0,0,0,1,1,0,0,0,0,0,0,0,0,0,0,0,0,0,0,0,0,0,0,1,0,0,8,0,39.984,-75.175, , 
 ,65870,2012099019,6,67,67301,2012,9,5,300,3,3,1,0,7,3, , ,N,0,0,0,3,0,0,2,1,N, ,40 01:04.467,75 12:40.883,313, ,300, ,0, , , ,0, , , , , ,721994, , , ,1,0,0,0,0,0,1,0,0,0,0,0,0,0,0,0,0,0,0,0,0,0,0,0,0,0,0,0,0,0,0,0,0,0,0,0,0,40.0177,-75.2114, , 
 ,65871,2012122456,6,67,67301,2012,11,2,1440,14,1,1,0,4,1, , ,N,1,2,0,3,0,1,2,2,N,N,40 03:16.197,75 05:09.140,1450, ,1445, ,0, ,N, ,3, , , , , ,722016, , , ,1,1,0,0,0,0,0,0,1,0,0,1,1,0,1,0,0,0,0,0,0,0,0,0,0,0,0,0,0,0,0,0,1,0,0,4,0,40.0545,-75.0859, , 
U,65872,2013006111,6,67,67301,2012,12,6,2052,20,2,1,2,4,1,8,8,Y,2,3,0,3,0,0,2,2,N,N,39 56:42.961,75 08:35.170,2055,99,2052,9,1,2,N, ,3,N,U,U,U,U,722023,U,U,U,2,2,0,0,0,0,0,0,0,0,0,0,0,0,0,0,0,0,0,0,1,0,0,0,0,0,0,0,0,0,0,0,0,0,0,0,0,39.9453,-75.1431, , 
 ,65873,2012078511,6,67,67301,2012,6,7,2340,23,3,1,0,4,1, , ,N,1,2,0,3,0,2,4,2,N, ,40 04:51.077,75 01:43.585,2345, ,2340,1,1,4, , ,3,Y, , , , ,722047, , , ,2,1,0,0,0,0,1,0,0,0,0,0,2,2,2,0,0,0,0,0,0,1,0,0,0,0,0,0,0,0,0,0,0,0,0,8,0,40.0809,-75.0288, , 
 ,65874,2012080820,6,67,67301,2012,7,7,1944,19,1,1,0,8,1, , ,N,0,0,0,3,0,1,2,2,N,N,39 57:16.568,75 14:50.540,2013, ,2013, ,0, ,N, ,0, , , , , ,722050, , , ,1,1,0,0,0,0,0,0,0,0,0,1,1,0,0,0,0,0,0,0,0,0,0,0,0,0,0,0,0,0,0,0,1,0,0,4,0,39.9546,-75.2474, , 
 ,65875,2012098420,6,67,67301,2012,9,6,2045,20,3,1,0,4,1, , ,N,2,2,0,3,0,0,4,3,N,N,39 58:02.330,75 10:25.294,2144, ,2142, ,0, ,N, ,3, , , , , ,722067, , , ,3,2,0,0,0,0,1,0,0,0,0,0,0,0,0,0,0,0,0,0,0,0,0,0,0,0,0,0,0,0,0,0,0,0,0,9,0,39.9673,-75.1737, , 
 ,65876,2012078297,6,67,67301,2012,7,1,9999,99,3,1,0,7,3, , ,N,0,0,0,3,0,1,3,1,N,N,40 01:03.124,75 03:54.385,1025, ,1025, ,0, ,N, ,0, , , , , ,722086, , , ,1,1,0,0,0,0,0,0,0,0,0,0,1,1,0,0,0,0,0,0,0,0,0,0,0,0,0,0,0,0,0,0,0,0,0,8,0,40.0176,-75.065, , 
 ,65877,2012095580,6,67,67301,2012,8,6,950,9,1,1,0,5,6, , ,N,0,0,0,3,0,1,1,2,N, ,40 03:22.946,75 01:41.604,852, ,851,1,2,3, , ,0,Y, , , , ,722099, , , ,2,1,0,0,0,0,1,0,0,0,0,0,1,1,0,0,0,0,0,0,0,0,0,0,0,0,0,0,0,0,0,0,0,0,0,8,0,40.0564,-75.0282, , 
 ,65878,2012098223,6,67,67301,2012,9,1,1530,15,1,1,0,5,6, , ,N,0,0,0,3,0,0,2,2,N,N,40 01:06.574,75 05:00.272,1630, ,1620, ,0, ,N, ,0, , , , , ,722103, , , ,2,0,0,0,0,0,0,1,0,0,0,0,0,0,1,0,0,0,0,0,0,0,0,0,0,0,0,0,0,0,0,0,0,0,0,9,0,40.0185,-75.0834, , 
 ,65879,2012098508,6,67,67301,2012,8,4,2000,20,3,1,1,4,1, , ,N,1,2,0,3,0,2,7,2,N,N,40 02:19.838,75 10:17.839,2008, ,2002, ,0, ,N, ,3, , , , , ,722104, , , ,2,1,0,0,0,0,0,1,0,0,0,0,0,0,2,0,0,0,0,0,0,0,0,0,0,0,0,0,0,0,0,0,0,0,0,9,0,40.0388,-75.1716, , 
 ,65880,2012078606,6,67,67301,2012,7,2,754,7,1,1,0,4,1, , ,N,1,3,0,3,0,0,2,2,N,N,40 03:19.788,75 11:44.667,808, ,756, ,0, ,N, ,3, , , , , ,722132, , , ,2,1,0,0,0,0,1,0,0,0,0,0,0,0,0,0,0,0,0,0,0,0,0,0,0,0,0,0,0,0,0,0,0,0,0,0,0,40.0555,-75.1957, , 
 ,65881,2012080830,6,67,67301,2012,7,1,1615,16,1,1,0,1,1, , ,N,0,0,0,3,1,1,3,2,N, ,39 53:02.160,75 13:22.700,1627, ,1623, ,0, , ,0,0, , , , , ,722135, , , ,2,1,0,0,0,1,0,0,0,0,0,1,1,0,0,0,0,0,0,0,0,0,0,1,0,0,0,0,0,0,0,0,0,0,0,1,1,39.8839,-75.223,1, 
 ,65882,2012111650,6,67,67301,2012,10,1,1400,14,1,2,1,4,1, , ,N,1,3,0,3,0,0,4,2,N,N,39 58:17.961,75 11:08.293,1405, ,1402, ,0, , , ,3, , , , , ,722162, , , ,2,2,0,0,0,0,0,0,0,0,0,0,0,0,0,0,0,0,0,0,0,0,0,1,0,0,0,0,0,0,0,0,0,0,0,0,0,39.9717,-75.1856, , 
 ,65883,2012066564,6,67,67301,2012,5,2,1759,17,1,1,0,4,1, , ,N,1,3,0,3,0,1,2,3,N,N,40 03:08.130,75 09:05.827,1809, ,1801, ,9, ,N, ,3, , , , , ,722173, , , ,3,1,0,0,0,0,2,0,0,0,0,1,1,0,0,0,0,0,1,0,0,0,0,0,0,0,0,0,0,0,0,0,0,0,0,4,0,40.0523,-75.1516, , 
 ,65884,2012078248,6,67,67301,2012,7,6,2230,22,3,1,0,4,1, , ,N,1,0,0,3,0,1,2,2,N,N,39 57:22.503,75 12:48.657,325, ,314, ,0, ,N, ,0, , , , , ,722186, , , ,1,0,0,0,0,0,0,0,1,0,1,0,1,0,0,0,0,0,0,0,0,0,0,0,0,0,0,0,0,0,0,0,0,0,0,3,0,39.9563,-75.2135, , 
 ,65885,2012078306,6,67,67301,2012,7,2,1749,17,1,1,0,5,6, , ,N,0,0,0,3,0,1,1,3,N, ,40 02:35.441,75 10:01.844,1753, ,1752, ,0, , , ,0, , , , , ,722187, , , ,3,3,0,0,0,0,0,0,0,0,0,0,1,1,0,0,0,0,0,0,0,0,0,1,0,0,0,0,0,0,0,0,0,0,0,8,0,40.0432,-75.1672, , 
 ,65886,2012098357,6,67,67301,2012,9,4,1700,17,1,1,0,8,1, , ,N,0,0,0,3,0,1,2,2,N, ,39 58:21.417,75 13:55.095,1730, ,1715, ,0, , , ,0, , , , , ,725079, , , ,1,1,0,0,0,0,0,0,0,0,0,1,1,0,0,0,0,0,0,0,0,0,0,0,0,0,0,0,0,0,0,0,1,0,0,4,0,39.9726,-75.232, , 
 ,65887,2012098960,6,67,67301,2012,8,6,2333,23,3,1,0,4,3, , ,N,0,1,0,3,0,0,5,2,N, ,39 57:45.262,75 08:10.940,2336, ,2334,2,1,2, , ,3,N, , , , ,725080, , , ,2,1,0,0,0,0,0,1,0,0,0,0,0,0,0,0,1,0,0,0,0,0,0,0,0,0,0,0,0,0,0,0,0,0,0,0,0,39.9626,-75.1364, , 
 ,65888,2012100281,6,67,67301,2012,9,7,1312,13,1,1,0,1,1, , ,N,0,0,0,3,0,1,4,4,N,N,39 57:25.338,75 09:22.629,1335, ,1326,1,1,3,N, ,0,Y, , , , ,725084, , , ,4,4,0,0,0,0,0,0,0,0,0,0,1,1,0,0,0,0,0,0,0,1,0,0,0,0,0,0,0,0,0,0,0,0,0,8,0,39.957,-75.1563, , 
 ,65889,2012104038,6,67,67301,2012,4,4,9999,99,1,1,0,4,1, , ,N,1,2,0,3,0,1,4,2,N,N,40 00:49.975,75 07:33.617,1300, ,1254, ,0, ,N, ,3, , , , , ,725090, , , ,1,1,0,0,0,0,0,0,1,0,0,1,1,0,0,0,0,0,0,0,0,0,0,0,0,0,0,0,0,0,0,0,1,0,0,4,0,40.0139,-75.126, , 
 ,65890,2012119448,6,67,67301,2012,11,3,825,8,1,2,1,1,1, , ,N,0,0,0,3,0,1,9,2,N,N,40 06:43.822,74 59:25.112,845, ,830,1,1,1,N, ,0,N, , , , ,725101, , , ,2,1,0,1,0,0,0,0,0,0,0,1,1,0,7,0,0,0,0,1,1,0,0,0,0,0,0,0,0,0,0,0,0,0,0,4,1,40.1122,-74.9903, , 
 ,65891,2013003689,6,67,67301,2012,12,7,1154,11,1,1,0,4,1, , ,N,1,2,0,3,0,1,3,2,N,N,39 57:28.613,75 12:29.280,1218, ,1158, ,0, ,N, ,3, , , , , ,725113, , , ,2,2,0,0,0,0,0,0,0,0,0,0,1,1,0,0,0,0,0,0,0,0,0,0,0,0,0,0,0,0,0,0,0,0,0,8,0,39.9579,-75.2081, , 
 ,65892,2012069630,6,67,67301,2012,6,6,9999,99,1,1,0,5,1, , ,N,0,0,0,3,0,1,1,5,N, ,40 02:21.630,75 10:33.310,9999, ,9999,9,2,4, , ,0,Y, , , , ,725123, , , ,5,2,0,0,1,0,2,0,0,0,0,1,1,0,0,0,0,0,0,0,1,0,0,1,0,0,0,0,0,0,0,0,0,0,0,4,0,40.0393,-75.1759, , 
 ,65893,2012078207,6,67,67301,2012,7,5,1845,18,1,1,0,4,1, , ,N,1,2,0,3,0,1,4,2,N,N,39 57:25.120,75 09:25.509,1847, ,1847,2,1,1,N, ,3,Y, , , , ,725134, , , ,2,2,0,0,0,0,0,0,0,0,0,1,1,0,0,0,0,0,0,0,0,0,0,0,0,0,0,0,0,0,0,0,0,0,0,4,0,39.957,-75.1571, , 
 ,65894,2012083328,6,67,67301,2012,7,1,345,3,3,1,0,4,1, , ,N,1,2,0,3,0,3,3,2,N, ,39 57:11.116,75 10:54.262,520, ,515, ,0, , , ,3, , , , , ,725136, , , ,2,2,0,0,0,0,0,0,0,0,1,0,3,2,0,0,0,0,0,0,1,0,0,0,0,0,0,0,0,0,0,0,0,0,0,3,0,39.9531,-75.1819, , 
 ,65895,2012095593,6,67,67301,2012,8,5,1430,14,1,1,0,5,1, , ,N,0,0,0,3,0,0,3,3,N,N,40 04:26.482,75 02:06.387,1430, ,1430,1,1,1,N, ,0,Y, , , , ,725143, , , ,3,1,0,0,1,1,0,0,0,0,0,0,0,0,0,0,0,0,0,0,2,0,0,0,0,0,0,0,0,0,0,0,0,0,0,0,1,40.074,-75.0351, , 
 ,65896,2012095618,6,67,67301,2012,8,4,1454,14,1,1,0,1,1, , ,N,1,2,0,3,0,0,0,2,N,N,40 01:53.078,75 05:05.038,1512, ,1509, ,0, ,N, ,3, , , , , ,725144, , , ,1,0,0,0,0,0,1,0,0,0,0,0,0,0,0,0,0,0,0,0,0,0,0,0,0,0,0,0,0,0,0,0,0,0,0,9,0,40.0314,-75.0847, , 
 ,65897,2012096043,6,67,67301,2012,8,4,15,0,3,2,1,2,1, , ,N,0,0,2,3,0,0,1,1,N, ,40 06:26.549,74 59:42.367,30, ,15,1,1,3, , ,0,N, , , , ,725146, , , ,1,1,0,0,0,0,0,0,0,0,0,0,0,0,0,0,0,0,0,0,1,0,0,0,0,0,0,0,0,0,0,0,0,0,0,0,0,40.1074,-74.9951, , 
 ,65898,2012078263,6,67,67301,2012,7,7,930,9,1,2,1,8,1, , ,N,1,3,0,3,0,1,2,2,N,N,40 01:10.729,75 09:31.078,940, ,938, ,0, ,N, ,3, , , , , ,725169, , , ,1,0,0,0,0,0,1,0,0,0,1,0,1,0,0,0,0,0,0,0,0,0,1,0,0,0,0,0,0,0,0,0,1,0,0,3,0,40.0196,-75.1586, , 
 ,65899,2012098654,6,67,67301,2012,9,7,1624,16,1,1,0,1,1, , ,N,6,0,0,3,0,0,7,3,N,N,39 57:34.701,75 10:51.774,1631, ,1627,1,1,3,N, ,0,N, , , , ,725189, , , ,3,2,0,0,0,0,0,1,0,0,0,0,0,0,0,0,0,0,0,0,1,0,0,0,0,0,0,0,0,0,0,0,0,0,0,0,0,39.9596,-75.181, , 
 ,65900,2012100606,6,67,67301,2012,9,4,1627,16,1,1,0,5,1, , ,N,0,2,0,3,0,1,2,2,N,N,39 57:24.218,75 11:53.418,1642, ,1642, ,0, ,N, ,3, , , , , ,725194, , , ,2,0,0,0,0,0,1,1,0,0,0,1,1,0,1,0,0,0,0,0,1,0,0,0,0,0,0,0,0,0,0,0,0,0,0,4,0,39.9567,-75.1982, , 
 ,65901,2012060764,6,67,67301,2012,5,6,1845,18,1,1,0,4,1, , ,N,1,2,0,3,0,1,2,2,N, ,40 00:20.401,75 08:53.861,1905, ,1900, ,0, , , ,3, , , , , ,725216, , , ,2,1,0,0,1,0,0,0,0,0,0,0,1,1,0,0,0,0,0,0,1,0,0,0,0,0,0,0,0,0,0,0,0,0,0,8,0,40.0057,-75.1483, , 
 ,65902,2012104002,6,67,67301,2012,9,6,1357,13,1,1,0,5,1, , ,N,0,0,0,3,0,2,2,3,N,N,40 00:21.146,75 06:47.094,1402, ,1400,1,1,4,N, ,0,Y, , , , ,725231, , , ,3,1,0,0,0,2,0,0,0,0,0,2,2,0,0,0,0,0,0,0,0,0,0,1,0,0,0,0,0,0,0,0,0,0,0,4,2,40.0059,-75.1131, , 
 ,65903,2012104234,6,67,67301,2012,9,3,2209,22,3,2,1,8,1, , ,N,0,0,0,3,0,1,2,2,N,N,40 02:22.254,75 09:15.933,2211, ,2210, ,0, ,N, ,0, , , , , ,725232, , , ,1,1,0,0,0,0,0,0,0,0,0,0,1,1,0,0,0,0,0,0,0,0,0,0,0,0,0,0,0,0,0,0,1,0,0,8,0,40.0395,-75.1544, , 
 ,65904,2013006880,6,67,67301,2012,12,6,758,7,1,1,0,4,1, , ,N,1,2,0,3,0,4,5,2,N,N,39 56:15.502,75 13:22.862,845, ,842, ,9, ,N, ,3, , , , , ,727992, , , ,2,0,0,0,0,0,1,1,0,0,4,0,4,0,1,0,0,0,0,0,0,1,0,0,0,0,0,0,0,0,0,0,0,0,0,3,0,39.9376,-75.223, , 