wz_ln_closure,objectid_1,crn,district,county,municipality,crash_year,crash_month,day_of_week,time_of_day,hour_of_day,illumination,weather,road_condition,collision_type,relation_to_road,work_zone_type,work_zone_loc,work_zone_ind,intersect_type,tcd_type,location_type,urban_rural,fatal_count,injury_count,person_count,total_units,sch_bus_ind,sch_zone_ind,latitude,longitude,arrival_tm,cons_zone_spd_lim,dispatch_tm,est_hrs_closed,lane_closed,ln_close_dir,ntfy_hiwy_maint,spec_juris_cd,tcd_func_cd,tfc_detour_ind,workers_pres,wz_close_detour,wz_flagger,wz_law_offcr_ind,objectid,wz_moving,wz_other,wz_shlder_mdn,vehicle_count,automobile_count,motorcycle_count,bus_count,small_truck_count,heavy_truck_count,suv_count,van_count,bicycle_count,maj_inj_count,mod_inj_count,min_inj_count,tot_inj_count,unk_inj_deg_count,unk_inj_per_count,driver_count_16yr,driver_count_17yr,driver_count_18yr,driver_count_19yr,driver_count_20yr,driver_count_50_64yr,driver_count_65_74yr,driver_count_75plus,unbelted_occ_count,unb_death_count,unb_maj_inj_count,belted_death_count,belted_maj_inj_count,mcycle_death_count,mcycle_maj_inj_count,bicycle_death_count,bicycle_maj_inj_count,ped_count,ped_death_count,ped_maj_inj_count,max_severity_level,comm_veh_count,dec_lat,dec_long,rdwy_surf_type_cd,county_name
 ,66038,2012098413,6,67,67301,2012,9,6,1148,11,1,1,0,4,1, , ,N,0,0,0,3,0,1,5,2,N, ,40 02:26.921,75 10:21.697,1155, ,1151, ,0, , , ,0, , , , , ,725429, , , ,2,2,0,0,0,0,0,0,0,0,0,0,1,1,1,0,1,0,0,0,0,0,0,0,0,0,0,0,0,0,0,0,0,0,0,8,0,40.0408,-75.1727, , 
 ,66039,2012098526,6,67,67301,2012,9,2,855,8,1,1,0,4,1, , ,N,2,0,0,3,0,2,2,2,N,N,39 59:09.609,75 12:47.333,929, ,921,2,1,1,N, ,0,N, , , , ,725430, , , ,2,2,0,0,0,0,0,0,0,0,0,0,2,2,0,0,0,0,0,0,0,0,0,0,0,0,0,0,0,0,0,0,0,0,0,8,0,39.986,-75.2131, , 
 ,66040,2012098966,6,67,67301,2012,8,7,1000,10,1,1,0,8,4, , ,N,0,0,0,3,0,1,2,2,N,N,40 03:44.161,75 09:06.516,1115, ,1110, ,0, ,N, ,0, , , , , ,725432, , , ,1,0,0,0,0,0,0,1,0,0,0,1,1,0,0,0,0,0,0,0,0,0,1,0,0,0,0,0,0,0,0,0,1,0,0,4,0,40.0623,-75.1518, , 
 ,66041,2012109835,6,67,67301,2012,10,4,1034,10,1,5,1,4,1, , ,N,1,2,0,3,0,1,2,2,N,N,40 02:08.080,75 07:25.889,1055, ,1055, ,0, ,N, ,3, , , , , ,725439, , , ,2,0,0,0,0,0,2,0,0,0,0,1,1,0,0,0,0,0,0,1,0,0,0,0,0,0,0,0,0,0,0,0,0,0,0,4,0,40.0356,-75.1239, , 
 ,66042,2012111616,6,67,67301,2012,10,2,1628,16,1,2,1,4,1, , ,N,1,3,0,3,0,2,3,2,N,N,40 02:38.360,75 01:53.896,1640, ,1634, ,0, ,N, ,3, , , , , ,725443, , , ,2,1,0,0,0,0,1,0,0,0,0,1,2,1,0,0,0,0,0,0,0,0,0,1,0,0,0,0,0,0,0,0,0,0,0,4,0,40.044,-75.0316, , 
 ,66043,2012111793,6,67,67301,2012,10,4,1350,13,1,1,0,4,1, , ,N,0,0,0,3,0,1,1,2,N, ,39 56:07.278,75 13:13.501,1356, ,1352,9,2,6,N, ,0,N, , , , ,725444, , , ,1,0,0,0,0,0,0,0,1,0,0,1,1,0,0,0,0,0,0,0,0,0,0,0,0,0,0,0,0,0,0,0,1,0,0,4,0,39.9354,-75.2204, , 
 ,66044,2012060825,6,67,67301,2012,5,5,240,2,3,1,0,5,6, , ,N,0,0,0,3,0,1,1,2,N,N,39 56:10.300,75 10:44.050,241, ,241,2,2,2,N, ,0,Y, , , , ,725448, , , ,2,1,0,0,0,0,1,0,0,0,0,1,1,0,0,0,0,0,0,0,0,0,0,1,0,0,0,0,0,0,0,0,0,0,0,4,0,39.9362,-75.1789, , 
 ,66045,2012064032,6,67,67301,2012,5,5,1800,18,1,1,0,6,6, , ,N,0,0,0,3,0,0,1,3,N,N,40 00:40.386,75 05:52.366,1804, ,1800,3,1,3,N, ,0,N, , , , ,725451, , , ,3,2,0,0,0,0,1,0,0,0,0,0,0,0,0,0,0,0,0,0,0,0,0,0,0,0,0,0,0,0,0,0,0,0,0,0,0,40.0111,-75.0979, , 
 ,66046,2012068953,6,67,67301,2012,6,5,1410,14,1,1,0,8,1, , ,N,1,2,0,3,0,1,2,2,N,N,40 00:20.692,75 05:56.577,1631, ,1628, ,0, ,N, ,3, , , , , ,725457, , , ,1,0,0,0,0,0,1,0,0,0,1,0,1,0,0,0,0,0,0,0,0,0,0,0,0,0,0,0,0,0,0,0,1,0,0,3,0,40.0057,-75.099, , 
 ,66047,2012075988,6,67,67301,2012,6,5,1445,14,1,1,0,1,6, , ,N,0,0,0,3,0,1,1,2,N,N,40 00:04.139,75 13:11.381,1722, ,1700, ,0, ,N, ,0, , , , , ,725465, , , ,2,2,0,0,0,0,0,0,0,0,0,0,1,1,0,0,0,0,0,0,0,1,0,0,0,0,0,0,0,0,0,0,0,0,0,8,0,40.0011,-75.2198, , 
 ,66048,2012078386,6,67,67301,2012,7,5,1805,18,1,1,0,2,1, , ,N,0,0,0,3,0,1,2,2,N,N,40 00:02.613,75 07:38.992,1926, ,1924, ,0, ,N, ,0, , , , , ,725468, , , ,1,0,0,0,1,0,0,0,1,0,0,1,1,0,1,0,0,0,0,0,0,0,0,0,0,0,0,0,0,0,0,0,0,0,0,4,0,40.0007,-75.1275, , 
 ,66049,2012078984,6,67,67301,2012,7,4,2308,23,3,1,0,4,1, , ,N,0,0,0,3,0,4,5,4,N, ,40 02:31.694,75 06:19.753,2308, ,2308, ,0, , , ,0, , , , , ,725469, , , ,4,3,0,0,0,0,1,0,0,0,4,0,4,0,0,0,0,0,0,0,1,0,0,0,0,0,0,0,0,0,0,0,0,0,0,3,0,40.0421,-75.1055, , 
 ,66050,2012083169,6,67,67301,2012,7,7,2252,22,3,1,0,4,1, , ,N,1,3,0,3,0,1,2,2,N,N,40 02:29.562,75 04:39.817,2257, ,2254, ,0, ,N, ,3, , , , , ,725472, , , ,2,1,0,0,0,0,1,0,0,0,0,0,1,1,0,0,0,0,0,0,0,0,0,0,0,0,0,0,0,0,0,0,0,0,0,8,0,40.0415,-75.0777, , 
 ,66051,2012095356,6,67,67301,2012,8,5,1245,12,1,1,0,4,1, , ,N,1,3,0,3,0,2,2,2,N,N,39 56:44.070,75 14:39.105,1424, ,1417, ,0, ,N, ,3, , , , , ,728339, , , ,2,2,0,0,0,0,0,0,0,0,0,0,0,0,2,0,0,0,0,0,1,0,0,0,0,0,0,0,0,0,0,0,0,0,0,9,0,39.9456,-75.2442, , 
 ,66052,2012111623,6,67,67301,2012,10,4,757,7,1,1,0,8,1, , ,N,0,0,0,3,0,1,2,2,N,N,39 58:22.176,75 13:05.141,941, ,939, ,0, ,N, ,0, , , , , ,728348, , , ,1,1,0,0,0,0,0,0,0,0,0,0,1,1,0,0,0,0,0,0,0,1,0,0,0,0,0,0,0,0,0,0,1,0,0,8,0,39.9728,-75.2181, , 
 ,66053,2012117299,6,67,67301,2012,10,1,40,0,3,1,0,1,1, , ,N,2,2,0,3,0,0,4,2,N,N,39 57:01.836,75 10:02.485,49, ,48, ,0, ,N, ,3, , , , , ,728356, , , ,2,2,0,0,0,0,0,0,0,0,0,0,1,1,1,0,0,0,0,0,0,0,0,0,0,0,0,0,0,0,0,0,2,0,0,8,0,39.9505,-75.1674, , 
 ,66054,2012127751,6,67,67301,2012,11,5,1907,19,3,1,0,1,1, , ,N,0,0,0,3,1,0,2,2,N,N,40 00:37.915,75 10:43.210,1917, ,1913,3,2,6,N,0,0,Y, , , , ,728366, , , ,2,0,1,1,0,0,0,0,0,0,0,0,0,0,0,0,0,0,0,0,1,0,0,0,0,0,0,0,1,0,0,0,0,0,0,1,1,40.0105,-75.1787,2, 
 ,66055,2013003790,6,67,67301,2012,12,1,130,1,3,1,0,1,5, , ,N,0,0,0,3,0,1,6,2,N, ,40 00:29.502,75 04:18.122,159, ,152, ,0, , , ,0, , , , , ,728370, , , ,2,2,0,0,0,0,0,0,0,0,0,1,1,0,1,0,0,0,0,0,0,0,0,0,0,0,0,0,0,0,0,0,0,0,0,4,0,40.0082,-75.0717, , 
 ,66056,2012108595,6,67,67301,2012,10,2,2250,22,3,1,0,1,1, , ,N,0,0,0,3,0,0,4,4,N,N,39 57:43.734,75 10:58.920,2259, ,2256,1,1,3,N, ,0,N, , , , ,728389, , , ,4,2,0,0,1,0,1,0,0,0,0,0,0,0,0,0,0,0,0,0,1,0,0,0,0,0,0,0,0,0,0,0,0,0,0,0,0,39.9621,-75.183, , 
 ,66057,2013006839,6,67,67301,2012,11,3,927,9,1,2,1,4,1, , ,N,1,2,0,3,0,0,2,2,N, ,40 03:19.504,75 05:33.327,930, ,927, ,0, , , ,3, , , , , ,728404, , , ,2,2,0,0,0,0,0,0,0,0,0,0,0,0,0,0,0,0,0,0,0,0,0,0,0,0,0,0,0,0,0,0,0,0,0,0,0,40.0554,-75.0926, , 
 ,66058,2012116482,6,67,67301,2012,11,7,1707,17,3,1,0,1,1, , ,N,0,0,0,3,0,0,3,2,N,N,39 57:26.866,75 09:31.595,1729, ,1713,1,1,4,N, ,0,N, , , , ,728408, , , ,2,2,0,0,0,0,0,0,0,0,0,0,0,0,1,0,0,1,0,0,0,0,0,0,0,0,0,0,0,0,0,0,0,0,0,9,0,39.9575,-75.1588, , 
 ,66059,2012121422,6,67,67301,2012,12,2,1435,14,1,1,0,0,1, , ,N,5,2,0,3,0,0,1,1,N,N,40 01:06.050,75 03:49.362,1450, ,1436,4,1,1,N, ,3,N, , , , ,728416, , , ,1,0,0,0,1,0,0,0,0,0,0,0,0,0,0,0,0,0,0,0,0,0,0,0,0,0,0,0,0,0,0,0,0,0,0,0,1,40.0185,-75.0637, , 
 ,66060,2013006833,6,67,67301,2012,12,2,1725,17,3,4,1,5,4, , ,N,0,0,0,3,0,1,2,2,N,N,40 04:30.990,75 10:18.256,1735, ,1727, ,0, ,N, ,0, , , , , ,728430, , , ,2,1,0,0,0,0,0,1,0,0,0,1,1,0,0,0,0,0,0,0,0,0,1,0,0,0,0,0,0,0,0,0,0,0,0,4,0,40.0753,-75.1717, , 
 ,66061,2012060745,6,67,67301,2012,5,2,1600,16,1,1,0,5,1, , ,N,0,0,0,3,0,1,2,2,N,N,40 00:38.709,75 09:53.687,1631, ,1630, ,0, ,N, ,0, , , , , ,728435, , , ,2,1,0,0,0,0,0,0,0,0,0,1,1,0,0,0,0,0,0,0,0,0,0,0,0,0,0,0,0,0,0,0,0,0,0,4,0,40.0108,-75.1649, , 
 ,66062,2012117293,6,67,67301,2012,10,6,1354,13,1,1,0,7,3, , ,N,1,2,0,3,0,1,1,1,N, ,40 04:51.077,75 01:43.585,1424, ,1408,2,1,2, , ,3,N, , , , ,728447, , , ,1,0,0,0,0,0,0,1,0,0,0,1,1,0,0,0,0,0,0,0,0,0,0,0,0,0,0,0,0,0,0,0,0,0,0,4,0,40.0809,-75.0288, , 
 ,66063,2013006821,6,67,67301,2012,12,6,2115,21,3,1,0,4,1, , ,N,1,3,0,3,0,1,3,2,N,N,39 59:47.115,75 07:32.807,2118, ,2115, ,0, ,N, ,3, , , , , ,728467, , , ,1,0,0,0,0,0,0,1,1,0,0,0,1,1,0,0,0,0,0,0,0,0,0,0,0,0,0,0,0,0,0,0,0,0,0,8,0,39.9964,-75.1258, , 
 ,66064,2012088564,6,67,67301,2012,8,4,1401,14,1,1,0,4,1, , ,N,0,0,0,3,0,1,4,2,N, ,40 01:43.342,75 12:20.019,1407, ,1405, ,0, , , ,0, , , , , ,728483, , , ,1,1,0,0,0,0,0,0,0,0,0,1,1,0,0,0,0,0,0,0,1,0,0,0,0,0,0,0,0,0,0,0,1,0,0,4,0,40.0287,-75.2056, , 
 ,66065,2012095436,6,67,67301,2012,8,5,1700,17,1,1,0,4,1, , ,N,1,2,0,3,0,0,2,2,N,N,39 59:34.702,75 13:03.332,1750, ,1721, ,0, ,N, ,3, , , , , ,728489, , , ,2,2,0,0,0,0,0,0,0,0,0,0,0,0,0,0,0,0,0,0,2,0,0,2,0,0,0,0,0,0,0,0,0,0,0,0,0,39.993,-75.2176, , 
 ,66066,2012104141,6,67,67301,2012,9,1,435,4,1,1,0,8,1, , ,N,0,0,0,3,0,1,1,2,N, ,40 00:02.894,75 10:17.151,435, ,431, ,0, , , ,0, , , , , ,728491, , , ,0,0,0,0,0,0,0,0,0,0,0,0,1,1,0,0,0,0,0,0,0,0,0,0,0,0,0,0,0,0,0,0,1,0,0,8,0,40.0008,-75.1714, , 
 ,66067,2012073551,6,67,67301,2012,6,6,1510,15,1,1,0,4,1, , ,N,1,2,0,3,0,1,3,2,N,N,40 02:11.789,75 03:52.061,1522, ,1510, ,0, ,N, ,3, , , , , ,728492, , , ,2,2,0,0,0,0,0,0,0,0,0,1,1,0,0,0,0,0,0,0,2,0,0,0,0,0,0,0,0,0,0,0,0,0,0,4,0,40.0366,-75.0645, , 
 ,66068,2012088579,6,67,67301,2012,8,6,1425,14,1,1,0,4,1, , ,N,1,0,0,3,0,1,2,2,N, ,39 56:55.089,75 14:36.819,1525, ,1525, ,0, , , ,0, , , , , ,728509, , , ,2,1,0,0,0,0,0,1,0,0,0,1,1,0,0,0,0,0,0,0,2,0,0,0,0,0,0,0,0,0,0,0,0,0,0,4,0,39.9486,-75.2436, , 
 ,66069,2012068139,6,67,67301,2012,7,6,2241,22,3,1,0,7,3, , ,N,0,0,0,3,0,1,1,1,N,N,39 58:47.299,75 12:17.181,2251, ,2250, ,0, ,N, ,0, , , , , ,728532, , , ,1,1,0,0,0,0,0,0,0,0,0,1,1,0,0,0,0,0,0,0,0,0,0,0,0,0,0,0,0,0,0,0,0,0,0,4,0,39.9798,-75.2048, , 
 ,66070,2012109735,6,67,67301,2012,10,1,232,2,3,1,0,5,1, , ,N,0,0,0,3,0,0,6,2,N,N,39 55:04.432,75 12:37.829,237, ,237, ,0, ,N, ,0, , , , , ,730065, , , ,2,2,0,0,0,0,0,0,0,0,0,0,0,0,0,0,0,0,0,0,0,0,0,0,0,0,0,0,0,0,0,0,0,0,0,0,0,39.9179,-75.2106, , 
 ,66071,2012098194,6,67,67301,2012,9,4,1631,16,1,1,0,8,1, , ,N,1,2,0,3,0,1,1,1,N,N,39 57:25.867,75 12:07.023,1640, ,1634, ,0, ,N, ,3, , , , , ,730090, , , ,1,0,0,1,0,0,0,0,0,0,0,0,1,1,0,0,0,0,0,0,0,0,0,0,0,0,0,0,0,0,0,0,1,0,0,8,1,39.9571,-75.2019, , 
 ,66072,2013003796,6,67,67301,2012,12,1,9999,99,3,2,1,7,5, , ,N,0,0,3,3,0,0,1,1,N,N,39 53:52.116,75 12:41.896,9999, ,9999, ,0, ,N, ,0, , , , , ,730110, , , ,1,0,0,0,1,0,0,0,0,0,0,0,0,0,1,0,0,0,0,0,1,0,0,0,0,0,0,0,0,0,0,0,0,0,0,9,0,39.8978,-75.2116, , 
 ,66073,2012114394,6,67,67301,2012,10,5,1700,17,1,1,0,1,1, , ,N,1,2,0,3,0,1,3,2,N,N,39 59:16.127,75 05:31.456,1720, ,1715, ,0, , , ,3, , , , , ,730119, , , ,2,1,0,0,0,0,1,0,0,0,0,0,1,1,0,0,0,0,0,0,1,0,0,0,0,0,0,0,0,0,0,0,0,0,0,8,0,39.9878,-75.0921, , 
 ,66074,2012114504,6,67,67301,2012,11,7,149,1,3,1,0,7,2, , ,N,0,0,0,3,0,0,1,1,N,N,39 58:15.104,75 11:34.926,203, ,151, ,0, ,N, ,0, , , , , ,730120, , , ,1,1,0,0,0,0,0,0,0,0,0,0,0,0,0,0,0,0,0,0,0,0,0,0,0,0,0,0,0,0,0,0,0,0,0,0,0,39.9709,-75.193, , 
 ,66075,2012117267,6,67,67301,2012,10,3,1615,16,1,1,0,4,2, , ,N,0,0,7,3,0,1,2,3,N, ,40 00:26.110,75 07:53.270,1635, ,1630, ,0, , , ,0, , , , , ,730125, , , ,2,0,0,0,0,1,1,0,0,0,0,1,1,0,0,0,0,0,0,0,0,0,0,0,0,0,0,0,0,0,0,0,1,0,0,4,0,40.0073,-75.1315, , 
 ,66076,2012122331,6,67,67301,2012,11,2,12,0,3,1,0,8,1, , ,N,0,0,0,3,0,0,1,1,N,N,39 57:12.360,75 14:55.280,12, ,12, ,0, ,N, ,0, , , , , ,730127, , , ,1,1,0,0,0,0,0,0,0,0,0,0,1,1,0,0,0,0,0,0,0,0,0,0,0,0,0,0,0,0,0,0,1,0,0,8,0,39.9534,-75.2487, , 
 ,66077,2012088559,6,67,67301,2012,8,2,1941,19,3,1,0,8,1, , ,N,1,2,0,3,0,1,2,2,N,N,40 00:04.993,75 06:52.034,2013, ,1941, ,0, ,N, ,3, , , , , ,730145, , , ,1,1,0,0,0,0,0,0,0,0,1,0,1,0,0,0,0,0,0,0,0,0,0,0,0,0,0,0,0,0,0,0,1,0,0,3,0,40.0014,-75.1145, , 
 ,66078,2012098244,6,67,67301,2012,9,1,1845,18,1,1,0,9,9, , ,N,1,2,0,3,0,1,1,2,N,N,39 59:08.884,75 06:41.745,30, ,26, ,0, ,N, ,3, , , , , ,730151, , , ,1,1,0,0,0,0,0,0,0,0,0,1,1,0,0,0,0,0,0,0,0,0,0,0,0,0,0,0,0,0,0,0,1,0,0,4,0,39.9858,-75.1116, , 
 ,66079,2012113886,6,67,67301,2012,10,2,1845,18,3,2,1,7,3, , ,N,0,0,0,3,0,1,2,2,N,N,40 00:59.660,75 12:09.350,1855, ,1850,1,1,1,N, ,0,N, , , , ,730161, , , ,2,2,0,0,0,0,0,0,0,0,0,1,1,0,0,0,0,0,0,0,0,0,0,0,0,0,0,0,0,0,0,0,0,0,0,4,0,40.0166,-75.2026, , 
 ,66080,2012114329,6,67,67301,2012,10,1,2036,20,3,1,0,4,1, , ,N,1,2,0,3,2,0,2,2,N,N,39 54:57.588,75 09:52.288,2038, ,2037, ,0, ,N,0,3, , , , , ,730168, , , ,1,0,1,0,0,0,0,0,1,0,0,0,0,0,0,0,0,0,0,0,0,0,0,0,0,0,0,0,1,0,1,0,0,0,0,1,0,39.9159,-75.1645,2, 
 ,66081,2012117212,6,67,67301,2012,10,4,749,7,1,8,1,7,5, , ,N,0,0,0,3,0,2,2,1,N,N,39 59:29.208,75 11:45.235,755, ,750,1,2,1,N, ,0,N, , , , ,730169, , , ,1,1,0,0,0,0,0,0,0,0,0,0,2,2,0,0,0,0,0,0,0,0,0,0,0,0,0,0,0,0,0,0,0,0,0,8,0,39.9914,-75.1959, , 
 ,66082,2012096046,6,67,67301,2012,8,7,2035,20,3,1,0,4,1, , ,N,1,2,0,3,0,1,6,2,N, ,39 57:57.056,75 14:02.155,2036, ,2035, ,0, , , ,3, , , , , ,730192, , , ,2,1,0,0,0,0,0,1,0,0,0,0,1,1,0,0,0,0,0,0,0,1,0,3,0,0,0,0,0,0,0,0,0,0,0,8,0,39.9658,-75.2339, , 
 ,66083,2012116478,6,67,67301,2012,11,6,1857,18,3,1,0,5,1, , ,N,0,0,0,3,0,1,2,2,N,N,40 00:23.138,75 11:35.350,1950, ,1916,1,1,1,N, ,0,N, , , , ,730207, , , ,2,1,0,0,0,1,0,0,0,0,0,0,1,1,0,0,0,0,0,0,1,0,0,0,0,0,0,0,0,0,0,0,0,0,0,8,1,40.0064,-75.1932, , 
 ,66084,2013003908,6,67,67301,2012,12,1,900,9,1,1,0,4,1, , ,N,1,2,0,3,0,0,3,2,N,N,39 56:59.100,75 10:03.072,905, ,900, ,0, ,N, ,9, , , , , ,730219, , , ,2,2,0,0,0,0,0,0,0,0,0,0,0,0,3,0,0,0,0,0,1,0,0,0,0,0,0,0,0,0,0,0,0,0,0,9,0,39.9498,-75.1675, , 
 ,66085,2013006807,6,67,67301,2012,12,1,1214,12,1,2,1,2,1, , ,N,3,0,0,3,0,0,6,2,N,N,39 58:35.560,75 07:11.032,1216, ,1215, ,0, ,N, ,0, , , , , ,730221, , , ,2,1,0,0,1,0,0,0,0,0,0,0,0,0,0,0,0,0,0,1,0,0,0,0,0,0,0,0,0,0,0,0,0,0,0,0,0,39.9765,-75.1197, , 
 ,66086,2012068880,6,67,67301,2012,6,1,1226,12,1,1,0,4,1, , ,N,1,3,0,3,0,0,6,2,N, ,40 00:36.252,75 09:51.843,1229, ,1228, ,0, , , ,3, , , , , ,730226, , , ,2,1,0,0,1,0,0,0,0,0,0,0,0,0,0,0,0,0,0,0,0,1,1,6,0,0,0,0,0,0,0,0,0,0,0,0,0,40.0101,-75.1644, , 
 ,66087,2013021703,6,67,67301,2012,11,6,1700,17,4,1,0,4,1, , ,N,0,0,0,3,0,0,2,2,N,N,39 57:12.657,75 11:51.643,0, ,0, ,0, ,N, ,0, , , , , ,730241, , , ,2,1,0,0,1,0,0,0,0,0,0,0,0,0,0,0,0,0,0,0,0,0,0,0,0,0,0,0,0,0,0,0,0,0,0,0,0,39.9535,-75.1977, , 
 ,66088,2012120552,6,67,67301,2012,10,1,1110,11,1,1,0,4,1, , ,N,2,0,0,3,0,1,2,3,N,N,40 00:53.409,75 11:09.244,1117, ,1116, ,0, ,N, ,0, , , , , ,730252, , , ,3,2,0,0,0,0,1,0,0,0,0,0,1,1,0,0,0,0,0,0,1,0,0,0,0,0,0,0,0,0,0,0,0,0,0,8,0,40.0149,-75.1859, , 
 ,66089,2012104450,6,67,67301,2012,8,5,750,7,1,1,0,1,1, , ,N,0,0,0,3,0,2,4,4,N,N,40 00:27.244,75 12:04.601,809, ,756,1,2,3,N, ,0,N, , , , ,722496, , , ,4,2,0,0,1,1,0,0,0,0,1,1,2,0,0,0,0,0,0,0,1,0,0,1,0,0,0,0,0,0,0,0,0,0,0,3,1,40.0076,-75.2013, , 
 ,66090,2012109662,6,67,67301,2012,10,3,1750,17,6,2,1,4,1, , ,N,2,3,0,3,0,0,3,2,N,N,40 03:49.338,75 02:45.477,1837, ,1830, ,0, ,N, ,3, , , , , ,722499, , , ,2,1,0,0,1,0,0,0,0,0,0,0,0,0,0,0,0,0,0,0,0,0,0,0,0,0,0,0,0,0,0,0,0,0,0,0,0,40.0637,-75.046, , 
 ,66091,2012080782,6,67,67301,2012,7,6,9999,99,3,2,1,6,1, , ,N,0,0,0,3,0,0,1,3,N, ,40 01:20.775,75 03:39.760,2317, ,2315, ,0, , , ,0, , , , , ,722514, , , ,3,3,0,0,0,0,0,0,0,0,0,0,0,0,0,0,0,0,0,0,0,0,0,0,0,0,0,0,0,0,0,0,0,0,0,0,0,40.0224,-75.061, , 
 ,66092,2012083323,6,67,67301,2012,8,7,1905,19,1,1,0,5,1, , ,N,1,2,0,3,0,1,13,2,N,N,39 59:49.350,75 10:42.861,1915, ,1908, ,0, ,N, ,3, , , , , ,722526, , , ,2,1,0,0,0,0,0,1,0,0,0,0,1,1,0,0,0,0,0,0,0,0,0,0,0,0,0,0,0,0,0,0,0,0,0,8,0,39.997,-75.1786, , 
 ,66093,2012085851,6,67,67301,2012,8,5,621,6,1,1,0,4,1, , ,N,1,2,0,3,0,0,2,3,N,N,39 57:07.402,75 10:24.565,631, ,626, ,0, ,N, ,3, , , , , ,722529, , , ,3,3,0,0,0,0,0,0,0,0,0,0,0,0,0,0,0,0,0,0,1,0,0,0,0,0,0,0,0,0,0,0,0,0,0,0,0,39.952,-75.1734, , 
 ,66094,2012103481,6,67,67301,2012,10,2,938,9,1,1,0,1,1, , ,N,0,0,0,3,0,3,4,2,N,N,39 56:42.117,75 11:27.106,955, ,942,1,1,4,N, ,0,N, , , , ,722547, , , ,2,1,0,0,0,0,1,0,0,0,0,3,3,0,0,0,0,0,0,0,0,0,0,0,0,0,0,0,0,0,0,0,0,0,0,4,0,39.945,-75.1909, , 
 ,66095,2012104603,6,67,67301,2012,9,5,713,7,1,2,1,1,1, , ,N,0,0,0,3,0,1,3,3,N,N,40 06:01.167,75 01:19.341,717, ,715, ,0, ,N, ,0, , , , , ,722548, , , ,3,3,0,0,0,0,0,0,0,0,0,0,2,2,0,0,0,1,0,0,0,0,0,0,0,0,0,0,0,0,0,0,0,0,0,8,0,40.1003,-75.022, , 
 ,66096,2012078493,6,67,67301,2012,6,6,2303,23,3,1,0,4,1, , ,N,2,3,0,3,0,0,2,2,N,N,40 01:22.699,75 13:01.451,2312, ,2306, ,0, ,N, ,3, , , , , ,722571, , , ,2,2,0,0,0,0,0,0,0,0,0,0,0,0,0,0,0,0,0,0,0,0,0,0,0,0,0,0,0,0,0,0,0,0,0,0,0,40.023,-75.2171, , 
 ,66097,2012095569,6,67,67301,2012,8,2,930,9,1,2,1,1,1, , ,N,2,2,0,3,0,1,2,2,N,N,40 06:39.135,75 00:12.689,940, ,935, ,0, ,N, ,3, , , , , ,722593, , , ,1,1,0,0,0,0,0,0,0,0,0,1,1,0,0,0,0,0,0,0,0,0,0,0,0,0,0,0,0,0,0,0,0,0,0,4,0,40.1109,-75.0035, , 
 ,66098,2012068841,6,67,67301,2012,5,1,9999,99,3,1,0,4,1, , ,N,1,0,0,3,0,1,2,2,N, ,40 00:59.814,75 08:49.815,148, ,9999, ,0, , , ,0, , , , , ,722624, , , ,2,0,1,0,0,0,1,0,0,0,0,0,1,1,0,0,0,0,0,0,0,0,0,1,0,0,0,0,0,0,0,0,0,0,0,8,0,40.0166,-75.1472, , 
 ,66099,2012096038,6,67,67301,2012,8,6,1207,12,1,1,0,8,0, , ,N,0,0,7,3,0,1,2,1,N,N,40 04:57.977,75 01:35.058,1220, ,1214, ,0, ,N, ,0, , , , , ,722658, , , ,1,1,0,0,0,0,0,0,0,0,0,0,1,1,0,0,0,0,0,0,0,0,0,0,0,0,0,0,0,0,0,0,1,0,0,8,0,40.0828,-75.0264, , 
 ,66100,2012098220,6,67,67301,2012,9,7,1757,17,1,1,0,1,1, , ,N,0,0,0,3,0,2,4,5,N,N,40 02:11.500,75 08:40.800,1840, ,1832, ,0, ,N, ,0, , , , , ,722660, , , ,5,1,0,0,0,0,3,1,0,0,0,2,2,0,0,0,0,0,1,0,0,0,0,0,0,0,0,0,0,0,0,0,0,0,0,4,0,40.0365,-75.1447, , 
 ,66101,2012080827,6,67,67301,2012,7,3,1808,18,1,1,0,8,1, , ,N,1,2,0,3,0,1,3,2,N,N,39 59:02.342,75 09:04.582,1825, ,1810, ,0, ,N, ,3, , , , , ,722666, , , ,1,1,0,0,0,0,0,0,0,0,0,0,1,1,0,0,0,0,0,0,0,0,0,0,0,0,0,0,0,0,0,0,1,0,0,8,0,39.984,-75.1513, , 
 ,66102,2012052676,6,67,67301,2012,5,4,900,9,1,2,1,4,1, , ,N,1,0,0,3,0,0,2,2,N,N,40 02:44.732,75 08:35.371,916, ,916,1,1,1,N, ,0,N, , , , ,722701, , , ,2,0,1,0,1,0,0,0,0,0,0,0,0,0,0,0,0,0,0,0,1,0,0,0,0,0,0,0,0,0,0,0,0,0,0,0,0,40.0458,-75.1432, , 
 ,66103,2012085862,6,67,67301,2012,6,2,1730,17,1,1,0,4,1, , ,N,1,2,0,3,0,1,2,2,N, ,39 59:50.150,75 10:48.932,1733, ,1731, ,0, , , ,3, , , , , ,722721, , , ,2,1,0,0,1,0,0,0,0,0,0,1,1,0,1,0,0,0,0,0,2,0,0,0,0,0,0,0,0,0,0,0,0,0,0,4,0,39.9973,-75.1803, , 