wz_ln_closure,objectid_1,crn,district,county,municipality,crash_year,crash_month,day_of_week,time_of_day,hour_of_day,illumination,weather,road_condition,collision_type,relation_to_road,work_zone_type,work_zone_loc,work_zone_ind,intersect_type,tcd_type,location_type,urban_rural,fatal_count,injury_count,person_count,total_units,sch_bus_ind,sch_zone_ind,latitude,longitude,arrival_tm,cons_zone_spd_lim,dispatch_tm,est_hrs_closed,lane_closed,ln_close_dir,ntfy_hiwy_maint,spec_juris_cd,tcd_func_cd,tfc_detour_ind,workers_pres,wz_close_detour,wz_flagger,wz_law_offcr_ind,objectid,wz_moving,wz_other,wz_shlder_mdn,vehicle_count,automobile_count,motorcycle_count,bus_count,small_truck_count,heavy_truck_count,suv_count,van_count,bicycle_count,maj_inj_count,mod_inj_count,min_inj_count,tot_inj_count,unk_inj_deg_count,unk_inj_per_count,driver_count_16yr,driver_count_17yr,driver_count_18yr,driver_count_19yr,driver_count_20yr,driver_count_50_64yr,driver_count_65_74yr,driver_count_75plus,unbelted_occ_count,unb_death_count,unb_maj_inj_count,belted_death_count,belted_maj_inj_count,mcycle_death_count,mcycle_maj_inj_count,bicycle_death_count,bicycle_maj_inj_count,ped_count,ped_death_count,ped_maj_inj_count,max_severity_level,comm_veh_count,dec_lat,dec_long,rdwy_surf_type_cd,county_name
 ,66104,2012088602,6,67,67301,2012,8,1,230,2,3,1,0,1,6, , ,N,0,0,0,3,0,0,2,2,N,N,40 01:21.972,75 07:16.219,250, ,245, ,0, ,N, ,0, , , , , ,722726, , , ,2,1,0,0,1,0,0,0,0,0,0,0,0,0,1,0,0,0,0,0,0,0,0,0,0,0,0,0,0,0,0,0,0,0,0,9,0,40.0228,-75.1212, , 
 ,66105,2012099374,6,67,67301,2012,9,6,1408,14,1,1,0,6,1, , ,N,1,2,0,3,0,0,3,2,N,N,39 53:40.603,75 14:12.181,1410, ,1410, ,0, , , ,3, , , , , ,722739, , , ,2,2,0,0,0,0,0,0,0,0,0,0,0,0,0,0,1,0,0,0,1,0,0,0,0,0,0,0,0,0,0,0,0,0,0,0,0,39.8946,-75.2367, , 
 ,66106,2012103480,6,67,67301,2012,10,1,1921,19,3,1,0,7,3, , ,N,6,0,2,3,0,0,1,1,N,N,40 00:12.565,75 04:38.714,1926, ,1926,1,1,2,N, ,0,N, , , , ,722745, , , ,1,1,0,0,0,0,0,0,0,0,0,0,0,0,0,0,0,0,0,0,0,0,0,0,0,0,0,0,0,0,0,0,0,0,0,0,0,40.0035,-75.0774, , 
 ,66107,2012060719,6,67,67301,2012,5,6,1626,16,1,1,0,7,5, , ,N,0,0,0,3,0,1,1,1,N,N,40 03:41.796,75 14:47.533,1636, ,1630, ,0, ,N, ,0, , , , , ,722751, , , ,1,1,0,0,0,0,0,0,0,0,0,0,1,1,0,0,0,0,0,0,1,0,0,0,0,0,0,0,0,0,0,0,0,0,0,8,0,40.0616,-75.2465, , 
 ,66108,2012080754,6,67,67301,2012,7,2,2023,20,4,1,0,4,1, , ,N,0,0,7,3,0,1,2,2,N,N,40 02:22.020,75 03:03.240,2031, ,2030, ,0, ,N, ,0, , , , , ,725506, , , ,1,1,0,0,0,0,0,0,1,0,0,1,1,0,0,0,0,0,0,0,1,0,0,0,0,0,0,0,0,0,0,0,0,0,0,4,0,40.0395,-75.0509, , 
 ,66109,2012080839,6,67,67301,2012,7,6,2231,22,3,1,0,4,6, , ,N,0,0,0,3,0,0,2,2,N,N,39 58:54.280,75 11:18.878,2231, ,2231, ,0, ,N, ,0, , , , , ,725507, , , ,2,2,0,0,0,0,0,0,0,0,0,0,0,0,0,0,1,0,0,0,0,0,0,0,0,0,0,0,0,0,0,0,0,0,0,0,0,39.9817,-75.1886, , 
 ,66110,2012094710,6,67,67301,2012,9,5,2003,20,3,1,0,1,1, , ,N,0,0,0,3,0,2,3,3,N,N,39 57:53.965,75 11:07.935,2010, ,2005,1,1,3,N, ,0,N, , , , ,725519, , , ,3,2,0,0,0,0,1,0,0,0,0,2,2,0,0,0,0,0,0,0,1,0,0,0,0,0,0,0,0,0,0,0,0,0,0,4,0,39.965,-75.1855, , 
 ,66111,2012095407,6,67,67301,2012,8,6,1728,17,1,1,0,4,1, , ,N,2,0,0,3,0,2,3,2,N, ,40 00:05.299,75 03:55.215,1731, ,1730,3,2,5, , ,0,Y, , , , ,725521, , , ,2,1,0,0,0,1,0,0,0,0,0,0,2,2,0,0,0,0,0,0,0,0,0,1,0,0,0,0,0,0,0,0,0,0,0,8,1,40.0015,-75.0653, , 
 ,66112,2012099339,6,67,67301,2012,8,3,1835,18,1,1,0,4,1, , ,N,1,3,0,3,0,0,3,2,N,N,39 57:09.036,75 14:19.352,1845, ,1844,1,2,3,N, ,3,Y, , , , ,725526, , , ,2,2,0,0,0,0,0,0,0,0,0,0,0,0,0,0,0,0,0,0,0,0,0,0,0,0,0,0,0,0,0,0,0,0,0,0,0,39.9525,-75.2387, , 
 ,66113,2012111671,6,67,67301,2012,10,5,2052,20,3,1,0,2,6, , ,N,1,3,0,3,0,1,1,2,N, ,40 02:00.161,75 02:36.415,2055, ,2053, ,0, , , ,3, , , , , ,725548, , , ,2,2,0,0,0,0,0,0,0,0,0,1,1,0,0,0,0,0,0,0,1,0,0,0,0,0,0,0,0,0,0,0,0,0,0,4,0,40.0334,-75.0434, , 
 ,66114,2012111614,6,67,67301,2012,10,5,1749,17,1,1,0,4,1, , ,N,1,2,0,3,0,1,3,3,N,N,40 03:44.577,75 02:33.887,1749, ,1749,1,2,6,N, ,3,N, , , , ,725559, , , ,3,3,0,0,0,0,0,0,0,0,0,1,1,0,0,0,0,0,0,0,1,0,0,0,0,0,0,0,0,0,0,0,0,0,0,4,0,40.0624,-75.0429, , 
 ,66115,2012120144,6,67,67301,2012,11,1,2157,21,3,1,0,4,1, , ,N,2,0,0,3,0,2,2,2,N,N,40 06:57.440,75 01:13.751,2203, ,2201,1,2,2,N, ,0,Y, , , , ,725570, , , ,2,2,0,0,0,0,0,0,0,0,0,1,1,0,1,0,1,0,0,0,1,0,0,0,0,0,0,0,0,0,0,0,0,0,0,4,0,40.116,-75.0205, , 
 ,66116,2012122438,6,67,67301,2012,11,5,1612,16,3,1,0,8,1, , ,N,0,0,0,3,0,1,2,2,N,N,39 56:05.084,75 08:33.420,1616, ,1614, ,0, ,N, ,0, , , , , ,725571, , , ,1,0,0,0,0,0,1,0,0,0,0,1,1,0,0,0,0,0,0,0,1,0,0,0,0,0,0,0,0,0,0,0,1,0,0,4,0,39.9347,-75.1426, , 
 ,66117,2012060662,6,67,67301,2012,5,2,757,7,1,1,1,4,1, , ,N,1,2,0,3,0,4,4,2,N,N,39 58:15.236,75 13:50.408,759, ,757, ,0, ,N, ,3, , , , , ,725601, , , ,2,2,0,0,0,0,0,0,0,0,0,4,4,0,0,0,0,0,0,0,0,0,0,0,0,0,0,0,0,0,0,0,0,0,0,4,0,39.9709,-75.2307, , 
 ,66118,2012067076,6,67,67301,2012,5,7,1615,16,1,1,0,8,1, , ,N,1,2,0,3,0,1,2,2,N,N,39 59:15.183,75 08:28.377,2040, ,2035, ,0, ,N, ,3, , , , , ,725608, , , ,1,0,0,0,1,0,0,0,0,0,0,1,1,0,0,0,0,0,0,0,0,0,0,0,0,0,0,0,0,0,0,0,1,0,0,4,0,39.9876,-75.1412, , 
 ,66119,2012068934,6,67,67301,2012,5,5,15,0,3,2,1,4,1, , ,N,1,3,0,3,0,2,3,2,N,N,39 58:38.164,75 08:48.739,21, ,19, ,0, ,N, ,3, , , , , ,725609, , , ,2,1,0,0,0,0,1,0,0,0,0,2,2,0,0,0,0,0,0,0,0,0,0,0,0,0,0,0,0,0,0,0,0,0,0,4,0,39.9773,-75.1469, , 
 ,66120,2012073524,6,67,67301,2012,6,1,1941,19,1,1,0,4,1, , ,N,1,0,0,3,0,0,2,2,N,N,40 01:23.133,75 03:21.508,1955, ,1948, ,0, ,N, ,0, , , , , ,725616, , , ,2,0,0,0,0,0,1,1,0,0,0,0,0,0,0,0,0,0,0,0,0,0,0,0,0,0,0,0,0,0,0,0,0,0,0,0,0,40.0231,-75.056, , 
 ,66121,2012087775,6,67,67301,2012,9,2,917,9,1,2,1,7,2, , ,N,0,0,0,3,0,0,3,1,N,N,39 57:34.948,75 10:38.927,924, ,917, ,0, ,N, ,0, , , , , ,725627, , , ,1,1,0,0,0,0,0,0,0,0,0,0,0,0,0,0,0,0,0,0,0,0,0,0,0,0,0,0,0,0,0,0,0,0,0,0,0,39.9597,-75.1775, , 
 ,66122,2012098948,6,67,67301,2012,9,4,1550,15,1,1,0,5,6, , ,N,0,0,0,3,0,0,1,3,N,N,40 06:44.020,75 00:54.925,1643, ,1629, ,0, ,N, ,0, , , , , ,725642, , , ,3,3,0,0,0,0,0,0,0,0,0,0,0,0,0,0,0,1,0,0,0,0,0,0,0,0,0,0,0,0,0,0,0,0,0,0,0,40.1122,-75.0153, , 
 ,66123,2012098969,6,67,67301,2012,9,3,1749,17,4,2,1,8,1, , ,N,0,0,0,3,0,1,2,2,N,N,39 59:34.130,75 07:08.187,1753, ,1750, ,0, ,N, ,0, , , , , ,725643, , , ,1,1,0,0,0,0,0,0,0,0,1,0,1,0,0,0,0,0,0,0,1,0,0,1,0,0,0,0,0,0,0,0,1,0,0,3,0,39.9928,-75.1189, , 
 ,66124,2012096016,6,67,67301,2012,8,7,1007,10,1,1,0,4,1, , ,N,1,2,0,3,0,1,2,2,N,N,39 59:34.545,75 13:03.607,1018, ,1007, ,0, ,N, ,3, , , , , ,725658, , , ,1,0,0,0,0,0,0,0,1,0,1,0,1,0,0,0,0,0,0,0,0,0,0,0,0,0,0,0,0,0,0,0,0,0,0,3,0,39.993,-75.2176, , 
 ,66125,2012098187,6,67,67301,2012,9,6,1139,11,1,1,0,5,1, , ,N,0,0,0,3,0,0,2,2,N,N,39 57:10.118,75 11:31.705,1142, ,1139, ,0, ,N, ,0, , , , , ,725661, , , ,2,2,0,0,0,0,0,0,0,0,0,0,0,0,0,0,0,0,0,0,1,0,0,0,0,0,0,0,0,0,0,0,0,0,0,0,0,39.9528,-75.1921, , 
 ,66126,2012068864,6,67,67301,2012,6,7,1600,16,1,1,0,4,1, , ,N,1,3,0,3,0,2,4,2,N,N,40 01:23.235,75 07:04.047,1612, ,1610, ,0, ,N, ,3, , , , , ,728534, , , ,2,1,0,0,0,0,1,0,0,0,0,2,2,0,0,0,0,0,0,0,0,0,0,0,0,0,0,0,0,0,0,0,0,0,0,4,0,40.0231,-75.1178, , 
 ,66127,2012109739,6,67,67301,2012,10,5,741,7,1,1,1,4,1, , ,N,2,2,0,3,0,0,2,2,N,N,39 59:11.558,75 12:18.363,741, ,741,1,1,2,N, ,3,N, , , , ,728546, , , ,2,1,0,0,0,0,1,0,0,0,0,0,0,0,0,0,0,0,0,0,1,0,0,0,0,0,0,0,0,0,0,0,0,0,0,0,0,39.9865,-75.2051, , 
 ,66128,2012122358,6,67,67301,2012,11,3,900,9,1,2,1,7,4, , ,N,0,0,0,3,0,0,1,1,N,N,40 06:02.890,75 01:27.962,904, ,904,3,1,4,N, ,0,Y, , , , ,728554, , , ,1,1,0,0,0,0,0,0,0,0,0,0,0,0,0,0,0,0,0,0,0,0,0,0,0,0,0,0,0,0,0,0,0,0,0,0,0,40.1008,-75.0244, , 
 ,66129,2012068131,6,67,67301,2012,6,4,628,6,1,1,0,1,1, , ,N,0,0,0,3,0,0,4,2,N,N,40 01:12.274,75 02:39.340,654, ,637, ,0, ,N, ,0, , , , , ,728565, , , ,2,0,0,0,1,0,0,1,0,0,0,0,0,0,0,0,0,0,0,0,0,0,0,0,0,0,0,0,0,0,0,0,0,0,0,0,0,40.0201,-75.0442, , 
 ,66130,2012068686,6,67,67301,2012,6,5,855,8,1,1,0,4,1, , ,N,1,2,0,3,0,1,2,2,N, ,40 00:43.370,75 06:43.895,902, ,900, ,0, , , ,3, , , , , ,728566, , , ,2,2,0,0,0,0,0,0,0,0,0,1,1,0,0,0,0,0,0,0,0,0,0,0,0,0,0,0,0,0,0,0,0,0,0,4,0,40.012,-75.1122, , 
 ,66131,2012080655,6,67,67301,2012,7,6,1128,11,1,1,0,1,1, , ,N,0,0,0,3,0,1,4,2,N,N,39 58:53.065,75 12:25.375,1135, ,1132, ,0, ,N, ,0, , , , , ,728578, , , ,2,1,0,0,1,0,0,0,0,0,0,1,1,0,0,0,0,0,0,0,0,0,0,0,0,0,0,0,0,0,0,0,0,0,0,4,0,39.9814,-75.207, , 
 ,66132,2012122355,6,67,67301,2012,11,2,1225,12,1,1,0,4,4, , ,N,0,0,0,3,0,1,1,2,N,N,39 53:41.366,75 10:34.240,1325, ,1225,2,1,2,N, ,0,N, , , , ,728605, , , ,2,2,0,0,0,0,0,0,0,0,0,1,1,0,0,0,0,0,0,0,0,0,0,0,0,0,0,0,0,0,0,0,0,0,0,4,0,39.8948,-75.1762, , 
 ,66133,2013003827,6,67,67301,2012,12,2,1600,16,1,1,0,4,1, , ,N,1,2,0,3,0,3,4,2,N,N,39 58:22.735,75 13:34.041,1625, ,1620, ,0, ,N, ,3, , , , , ,728613, , , ,2,1,0,0,0,0,1,0,0,0,0,3,3,0,0,0,0,0,0,0,1,0,0,0,0,0,0,0,0,0,0,0,0,0,0,4,0,39.973,-75.2261, , 
 ,66134,2013003830,6,67,67301,2012,12,2,725,7,5,6,1,8,1, , ,N,1,2,0,3,0,1,2,2,N,N,40 04:07.262,75 09:24.365,732, ,732, ,0, ,N, ,3, , , , , ,728614, , , ,1,1,0,0,0,0,0,0,0,0,0,0,1,1,0,0,0,0,0,0,0,1,0,0,0,0,0,0,0,0,0,0,1,0,0,8,0,40.0687,-75.1568, , 
 ,66135,2013006119,6,67,67301,2012,12,2,730,7,5,1,0,1,1, , ,N,1,2,0,3,0,2,4,3,N,N,40 00:01.031,75 13:42.045,732, ,732, ,0, ,N, ,3, , , , , ,728615, , , ,3,2,0,0,1,0,0,0,0,0,0,2,2,0,1,0,0,0,0,0,0,0,0,1,0,0,0,0,0,0,0,0,0,0,0,4,0,40.0003,-75.2283, , 
 ,66136,2012073639,6,67,67301,2012,6,2,1715,17,1,1,0,8,1, , ,N,1,2,0,3,0,1,2,2,N,N,39 55:25.338,75 09:52.068,1845, ,1840, ,0, ,N, ,3, , , , , ,728635, , , ,1,0,0,0,0,0,1,0,0,0,0,0,1,1,0,0,0,0,0,0,0,0,0,0,0,0,0,0,0,0,0,0,1,0,0,8,0,39.9237,-75.1643, , 
 ,66137,2012122450,6,67,67301,2012,10,4,920,9,1,1,1,2,1, , ,N,2,2,0,3,0,1,3,3,N, ,39 59:15.720,75 12:58.139,930, ,924,2,1,2,N, ,3,N, , , , ,728641, , , ,3,1,0,0,0,0,1,1,0,0,0,1,1,0,0,0,0,0,0,0,1,0,0,0,0,0,0,0,0,0,0,0,0,0,0,4,0,39.9877,-75.2161, , 
 ,66138,2012111628,6,67,67301,2012,10,3,1848,18,3,1,6,1,1, , ,N,1,2,0,3,0,1,2,2,N,N,40 04:06.894,75 14:25.676,1857, ,1851, ,0, ,N, ,3, , , , , ,728664, , , ,2,2,0,0,0,0,0,0,0,0,0,1,1,0,0,0,0,0,0,0,1,0,0,0,0,0,0,0,0,0,0,0,0,0,0,4,0,40.0687,-75.2404, , 
 ,66139,2012117265,6,67,67301,2012,10,6,1528,15,1,1,0,8,1, , ,N,0,0,0,3,0,1,2,2,N,N,39 59:53.240,75 08:20.050,1750, ,1741, ,0, ,N, ,0, , , , , ,728667, , , ,1,1,0,0,0,0,0,0,0,0,0,1,1,0,0,0,0,0,0,0,0,0,0,0,0,0,0,0,0,0,0,0,1,0,0,4,0,39.9981,-75.1389, , 
 ,66140,2012117361,6,67,67301,2012,10,3,1024,10,1,1,0,1,7, , ,N,6,0,2,3,0,1,2,2,N,N,40 06:32.507,74 59:44.998,1026, ,1025,1,1,2,N, ,0,N, , , , ,728668, , , ,2,0,0,0,0,2,0,0,0,0,0,0,1,1,0,0,0,0,0,0,0,0,0,0,0,0,0,0,0,0,0,0,0,0,0,8,2,40.109,-74.9958, , 
 ,66141,2012095614,6,67,67301,2012,8,6,1155,11,3,1,0,2,5, , ,N,0,0,0,3,0,1,1,1,N, ,39 57:12.999,75 09:54.546,1155, ,1155, ,0, , , ,0, , , , , ,728698, , , ,1,1,0,0,0,0,0,0,0,0,1,0,1,0,0,0,0,0,0,0,0,0,0,1,0,0,0,0,0,0,0,0,0,0,0,3,1,39.9536,-75.1652, , 
 ,66142,2012113888,6,67,67301,2012,10,3,1425,14,1,1,0,4,1, , ,N,1,2,0,3,0,0,4,2,Y,N,39 59:03.987,75 08:30.724,1430, ,1425,1,1,1,N, ,3,N, , , , ,728711, , , ,2,1,0,1,0,0,0,0,0,0,0,0,0,0,0,0,0,0,0,0,1,0,0,0,0,0,0,0,0,0,0,0,0,0,0,0,1,39.9844,-75.1419, , 
 ,66143,2012117353,6,67,67301,2012,10,7,1840,18,3,1,0,4,1, , ,N,1,3,0,3,0,2,2,2,N,N,39 56:03.346,75 10:06.538,1850, ,1848, ,0, ,N, ,3, , , , , ,728730, , , ,2,1,1,0,0,0,0,0,0,1,1,0,2,0,0,0,0,0,0,0,1,0,0,0,0,0,0,0,0,1,0,0,0,0,0,2,0,39.9343,-75.1685, , 
 ,66144,2012095630,6,67,67301,2012,8,7,9999,99,1,1,0,4,1, , ,N,0,3,0,3,0,0,1,2,N,N,39 55:59.577,75 11:23.038,1025, ,9999, ,0, ,N, ,3, , , , , ,731402, , , ,1,1,0,0,0,0,0,0,0,0,0,0,0,0,0,0,0,0,0,0,0,1,0,0,0,0,0,0,0,0,0,0,0,0,0,0,0,39.9332,-75.1897, , 
 ,66145,2012087207,6,67,67301,2012,8,4,2231,22,3,1,0,5,1, , ,N,0,0,0,3,0,1,3,2,N,N,40 00:28.572,75 04:18.073,2236, ,2234,1,1,2,N, ,0,N, , , , ,731433, , , ,2,0,1,0,0,0,0,1,0,0,1,0,1,0,0,0,0,0,0,0,0,0,0,0,0,0,0,0,0,0,0,0,0,0,0,3,0,40.008,-75.0716, , 
 ,66146,2012112634,6,67,67301,2012,10,7,1105,11,1,1,0,4,1, , ,N,1,2,2,3,0,2,3,2,N,N,40 05:12.879,74 58:18.944,1113, ,1108, ,0, ,N, ,3, , , , , ,731456, , , ,2,2,0,0,0,0,0,0,0,0,2,0,2,0,0,0,0,0,0,0,0,0,0,0,0,0,0,0,0,0,0,0,0,0,0,3,0,40.0869,-74.972, , 
 ,66147,2012095533,6,67,67301,2012,8,7,1750,17,1,1,0,4,1, , ,N,0,0,0,3,0,0,2,2,N, ,40 01:33.589,75 10:55.455,1802, ,1802,9,1,1, , ,0,N, , , , ,731489, , , ,2,2,0,0,0,0,0,0,0,0,0,0,0,0,2,0,0,0,0,0,0,1,0,0,0,0,0,0,0,0,0,0,0,0,0,9,0,40.026,-75.1821, , 
 ,66148,2012098648,6,67,67301,2012,8,4,2329,23,3,1,0,1,1, , ,N,0,0,0,3,1,2,4,3,N,N,39 58:35.776,75 06:50.076,2338, ,2331,2,2,1,N,0,0,N, , , , ,731492, , , ,3,3,0,0,0,0,0,0,0,0,1,1,2,0,0,0,0,0,0,0,1,0,0,2,1,0,0,0,0,0,0,0,0,0,0,1,0,39.9765,-75.114,2, 
 ,66149,2012099030,6,67,67301,2012,9,4,1520,15,1,1,0,8,1, , ,N,0,8,0,3,0,1,2,2,N,Y,40 03:35.935,75 01:30.414,1542, ,1535, ,0, ,N, ,3, , , , , ,731493, , , ,1,0,0,0,0,0,1,0,0,0,0,1,1,0,0,0,0,0,0,0,0,0,0,0,0,0,0,0,0,0,0,0,1,0,0,4,0,40.06,-75.0251, , 
 ,66150,2012103966,6,67,67301,2012,9,6,2100,21,3,1,0,2,1, , ,N,1,3,0,3,0,1,3,3,N,N,40 00:46.112,75 06:18.327,2119, ,2119, ,0, ,N, ,3, , , , , ,731497, , , ,3,1,0,0,0,0,1,1,0,0,0,1,1,0,2,0,0,0,0,0,0,0,0,0,0,0,0,0,0,0,0,0,0,0,0,4,0,40.0128,-75.1051, , 
 ,66151,2012111660,6,67,67301,2012,10,2,1800,18,4,2,1,8,1, , ,N,1,2,0,3,0,1,2,2,N,N,40 00:47.439,75 04:13.514,1115, ,1106, ,0, ,N, ,3, , , , , ,731510, , , ,1,1,0,0,0,0,0,0,0,0,0,1,1,0,1,0,0,0,0,0,0,0,0,0,0,0,0,0,0,0,0,0,1,0,0,4,0,40.0132,-75.0704, , 
 ,66152,2012104451,6,67,67301,2012,10,1,1519,15,1,1,0,7,5, , ,N,0,0,0,3,0,3,3,1,N,N,39 58:10.266,75 07:35.161,1530, ,1521,2,1,1,N, ,0,N, , , , ,731524, , , ,1,0,0,0,0,0,1,0,0,0,0,3,3,0,0,0,0,0,0,0,0,0,0,3,0,0,0,0,0,0,0,0,0,0,0,4,0,39.9695,-75.1265, , 
 ,66153,2013003656,6,67,67301,2012,12,6,1150,11,1,1,0,4,1, , ,N,1,2,0,3,0,1,2,2,N, ,39 57:24.497,75 09:12.843,1154, ,1152, ,0, , , ,3, , , , , ,731544, , , ,2,0,0,0,1,0,1,0,0,0,0,1,1,0,0,0,0,0,0,0,0,1,0,0,0,0,0,0,0,0,0,0,0,0,0,4,0,39.9568,-75.1536, , 
 ,66154,2013019927,6,67,67301,2012,10,5,1853,18,4,1,0,1,1, , ,N,0,0,0,3,0,0,3,2, , ,40 01:38.355,75 03:44.650,0, ,0, ,0, , , ,0, , , , , ,731560, , , ,2,2,0,0,0,0,0,0,0,0,0,0,0,0,2,0,0,0,0,0,0,0,0,0,0,0,0,0,0,0,0,0,0,0,0,9,0,40.0273,-75.0624, , 
 ,66155,2012106549,6,67,67301,2012,10,1,327,3,3,1,0,7,2, , ,N,0,0,0,3,0,0,1,1,N,N,39 58:29.541,75 07:03.325,345, ,328, ,0, ,Y, ,0, , , , , ,731601, , , ,1,1,0,0,0,0,0,0,0,0,0,0,0,0,0,0,0,0,0,0,0,0,0,0,0,0,0,0,0,0,0,0,0,0,0,0,0,39.9749,-75.1176, , 
 ,66156,2013003743,6,67,67301,2012,12,7,1605,16,1,1,0,4,1, , ,N,1,2,0,3,0,1,3,3,N,N,39 57:23.497,75 10:21.241,1614, ,1610, ,0, ,N, ,3, , , , , ,731629, , , ,2,1,0,0,0,0,0,0,1,0,0,0,1,1,0,0,0,0,0,0,0,0,0,0,0,0,0,0,0,0,0,0,0,0,0,8,0,39.9565,-75.1726, , 
 ,66157,2013007273,6,67,67301,2012,12,4,1517,15,1,1,0,8,1, , ,N,0,0,0,3,0,1,2,2,N,N,40 02:55.786,75 03:43.192,1525, ,1521, ,0, ,N, ,0, , , , , ,731630, , , ,1,1,0,0,0,0,0,0,0,0,0,1,1,0,0,0,0,0,0,0,0,0,0,0,0,0,0,0,0,0,0,0,1,0,0,4,0,40.0488,-75.062, , 
 ,66158,2012128293,6,67,67301,2012,11,7,1900,19,6,1,0,4,1, , ,N,1,3,0,3,0,0,4,2,N,N,40 01:06.992,75 10:59.131,1915, ,1910, ,0, ,N, ,3, , , , , ,731659, , , ,2,1,0,0,0,0,1,0,0,0,0,0,0,0,0,0,0,0,0,0,1,0,0,0,0,0,0,0,0,0,0,0,0,0,0,0,0,40.0186,-75.1831, , 
 ,66159,2013006666,6,67,67301,2012,11,6,1800,18,3,1,0,5,1, , ,N,1,0,0,3,0,1,2,2,N,N,39 57:03.319,75 13:50.365,2000, ,2000, ,0, ,N, ,0, , , , , ,731667, , , ,1,1,0,0,0,0,0,0,1,0,0,1,1,0,1,0,0,0,0,0,0,0,0,0,0,0,0,0,0,0,0,0,0,0,0,4,0,39.9509,-75.2307, , 
 ,66160,2013006683,6,67,67301,2012,12,3,730,7,1,1,0,8,1, , ,N,0,0,0,3,0,1,2,2,N,N,39 54:31.365,75 14:41.979,9999, ,0, ,0, ,N, ,0, , , , , ,731668, , , ,1,0,0,0,0,0,1,0,0,0,0,0,1,1,1,0,0,0,0,0,0,0,0,0,0,0,0,0,0,0,0,0,1,0,0,8,0,39.9087,-75.245, , 
 ,66161,2013003922,6,67,67301,2012,11,4,9999,99,3,1,0,1,1, , ,N,0,0,0,3,0,0,2,2,N,N,40 03:18.134,75 08:27.069,2000, ,1959,2,1,1,N, ,0,Y, , , , ,731672, , , ,2,0,0,0,0,0,1,1,0,0,0,0,0,0,0,0,0,0,0,0,1,0,0,0,0,0,0,0,0,0,0,0,0,0,0,0,0,40.055,-75.1409, , 
 ,66162,2012109675,6,67,67301,2012,10,7,1620,16,1,1,0,4,1, , ,N,1,2,0,3,0,0,2,2,N,N,39 54:42.724,75 10:21.917,1640, ,1625, ,0, ,N, ,3, , , , , ,731677, , , ,2,1,0,1,0,0,0,0,0,0,0,0,0,0,0,0,0,0,0,0,1,1,0,0,0,0,0,0,0,0,0,0,0,0,0,0,1,39.9119,-75.1728, , 
 ,66163,2012076061,6,67,67301,2012,6,4,9999,99,1,1,0,0,1, , ,N,0,2,0,3,0,1,1,1,N,N,39 59:05.893,75 09:23.149,9999, ,9999,9,1,1,N, ,3,N, , , , ,722764, , , ,1,0,1,0,0,0,0,0,0,0,1,0,1,0,0,0,0,0,0,0,0,0,0,0,0,0,0,0,0,0,0,0,0,0,0,3,0,39.985,-75.1564, , 
 ,66164,2012078252,6,67,67301,2012,7,1,15,0,3,1,0,4,1, , ,N,1,2,0,3,0,1,2,2,N, ,39 55:27.213,75 10:34.681,100, ,57, ,0, , , ,3, , , , , ,722768, , , ,2,2,0,0,0,0,0,0,0,0,1,0,1,0,0,0,0,0,0,1,0,0,0,0,0,0,0,0,0,0,0,0,0,0,0,3,0,39.9242,-75.1762, , 
 ,66165,2012083815,6,67,67301,2012,8,5,850,8,1,1,0,4,1, , ,N,1,3,0,3,0,0,2,2,N, ,40 01:13.458,75 08:24.453,917, ,858, ,0, , , ,3, , , , , ,722772, , , ,2,0,0,0,0,1,1,0,0,0,0,0,0,0,1,0,0,0,0,0,1,0,0,0,0,0,0,0,0,0,0,0,0,0,0,9,1,40.0204,-75.1401, , 
 ,66166,2012095383,6,67,67301,2012,8,7,2155,21,3,1,0,4,1, , ,N,1,3,0,3,0,1,2,2,N,N,39 57:16.783,75 10:10.783,2210, ,2205,1,2,3,N, ,3,N, , , , ,722780, , , ,1,1,0,0,0,0,0,0,0,0,0,1,1,0,0,0,0,0,0,0,1,0,0,0,0,0,0,0,0,0,0,0,1,0,0,4,1,39.9547,-75.1697, , 
 ,66167,2012083216,6,67,67301,2012,8,7,1900,19,3,2,1,1,1, , ,N,1,2,0,3,0,0,2,2,N,N,39 57:43.372,75 09:33.468,1935, ,1928, ,0, ,N, ,3, , , , , ,722804, , , ,2,2,0,0,0,0,0,0,0,0,0,0,0,0,0,0,0,0,0,0,0,0,0,0,0,0,0,0,0,0,0,0,0,0,0,0,0,39.9619,-75.1593, , 
 ,66168,2012115472,6,67,67301,2012,11,3,651,6,5,2,1,5,1, , ,N,0,0,0,3,0,0,2,2,N,N,40 03:00.211,74 59:31.561,707, ,653, ,0, ,N, ,0, , , , , ,722820, , , ,2,2,0,0,0,0,0,0,0,0,0,0,0,0,0,0,0,0,0,0,0,0,0,0,0,0,0,0,0,0,0,0,0,0,0,0,0,40.05,-74.9922, , 
 ,66169,2012120041,6,67,67301,2012,10,7,9999,99,1,1,0,5,4, , ,N,0,0,0,3,0,1,14,2,N, ,39 55:30.591,75 10:10.432,1324, ,1324, ,0, , , ,0, , , , , ,722825, , , ,2,0,0,2,0,0,0,0,0,0,0,1,1,0,0,0,0,0,0,0,0,0,0,0,0,0,0,0,0,0,0,0,0,0,0,4,2,39.9252,-75.1696, , 
 ,66170,2013029627,6,67,67301,2012,12,4,9999,99,1,1,0,1,6, , ,N,0,0,0,3,0,0,1,2,N, ,39 56:45.866,75 08:55.208,900, ,852, ,0, , , ,0, , , , , ,722843, , , ,2,1,0,0,1,0,0,0,0,0,0,0,0,0,1,0,0,0,0,0,0,0,0,0,0,0,0,0,0,0,0,0,0,0,0,9,0,39.9461,-75.1487, , 