wz_ln_closure,objectid_1,crn,district,county,municipality,crash_year,crash_month,day_of_week,time_of_day,hour_of_day,illumination,weather,road_condition,collision_type,relation_to_road,work_zone_type,work_zone_loc,work_zone_ind,intersect_type,tcd_type,location_type,urban_rural,fatal_count,injury_count,person_count,total_units,sch_bus_ind,sch_zone_ind,latitude,longitude,arrival_tm,cons_zone_spd_lim,dispatch_tm,est_hrs_closed,lane_closed,ln_close_dir,ntfy_hiwy_maint,spec_juris_cd,tcd_func_cd,tfc_detour_ind,workers_pres,wz_close_detour,wz_flagger,wz_law_offcr_ind,objectid,wz_moving,wz_other,wz_shlder_mdn,vehicle_count,automobile_count,motorcycle_count,bus_count,small_truck_count,heavy_truck_count,suv_count,van_count,bicycle_count,maj_inj_count,mod_inj_count,min_inj_count,tot_inj_count,unk_inj_deg_count,unk_inj_per_count,driver_count_16yr,driver_count_17yr,driver_count_18yr,driver_count_19yr,driver_count_20yr,driver_count_50_64yr,driver_count_65_74yr,driver_count_75plus,unbelted_occ_count,unb_death_count,unb_maj_inj_count,belted_death_count,belted_maj_inj_count,mcycle_death_count,mcycle_maj_inj_count,bicycle_death_count,bicycle_maj_inj_count,ped_count,ped_death_count,ped_maj_inj_count,max_severity_level,comm_veh_count,dec_lat,dec_long,rdwy_surf_type_cd,county_name
 ,66237,2012122480,6,67,67301,2012,11,2,1415,14,1,1,0,1,1, , ,N,2,2,0,3,0,1,2,2,N,N,40 05:53.193,75 01:49.243,1649, ,1644, ,0, ,N, ,3, , , , , ,730851, , , ,2,2,0,0,0,0,0,0,0,0,0,0,1,1,0,0,0,0,0,0,1,0,1,0,0,0,0,0,0,0,0,0,0,0,0,8,0,40.0981,-75.0303, , 
 ,66238,2012104054,6,67,67301,2012,9,7,1057,10,1,1,0,4,1, , ,N,0,3,0,3,0,0,3,2,N, ,40 01:00.804,75 11:18.590,1115, ,1111, ,0, , , ,3, , , , , ,722926, , , ,2,2,0,0,0,0,0,0,0,0,0,0,0,0,3,0,0,0,0,0,1,0,0,0,0,0,0,0,0,0,0,0,0,0,0,9,0,40.0169,-75.1885, , 
 ,66239,2012111770,6,67,67301,2012,9,2,1045,10,1,1,0,4,1, , ,N,0,2,0,3,0,1,2,2,N,N,39 57:47.544,75 13:05.882,1048, ,1045, ,0, ,N, ,3, , , , , ,722936, , , ,2,2,0,0,0,0,0,0,0,0,0,1,1,0,1,0,0,0,0,0,0,0,0,2,0,0,0,0,0,0,0,0,0,0,0,4,0,39.9632,-75.2183, , 
 ,66240,2012068706,6,67,67301,2012,6,6,911,9,1,1,0,8,1, , ,N,1,0,0,3,0,1,2,2,N,N,39 58:09.027,75 07:59.319,921, ,916, ,0, ,N, ,0, , , , , ,722942, , , ,1,1,0,0,0,0,0,0,0,0,0,1,1,0,0,0,0,0,0,0,0,0,1,0,0,0,0,0,0,0,0,0,1,0,0,4,0,39.9692,-75.1331, , 
 ,66241,2012070928,6,67,67301,2012,7,7,1159,11,1,2,1,1,1, , ,N,0,0,0,3,0,0,2,2,N,N,39 59:09.039,75 12:29.157,1215, ,1203,1,1,3,N, ,0,N, , , , ,722946, , , ,2,0,0,0,0,0,2,0,0,0,0,0,0,0,0,0,0,0,0,0,0,0,0,0,0,0,0,0,0,0,0,0,0,0,0,0,0,39.9858,-75.2081, , 
 ,66242,2012083185,6,67,67301,2012,7,7,721,7,1,2,1,4,1, , ,N,1,2,0,3,0,2,2,2,N,N,40 01:08.216,75 08:49.391,736, ,734, ,0, ,N, ,3, , , , , ,722951, , , ,2,1,0,0,0,0,1,0,0,0,0,2,2,0,0,0,0,0,0,0,0,0,0,0,0,0,0,0,0,0,0,0,0,0,0,4,0,40.0189,-75.1471, , 
 ,66243,2012098252,6,67,67301,2012,8,5,2205,22,3,1,0,2,1, , ,N,1,2,0,3,0,1,2,2,N,N,40 02:37.429,75 05:06.333,2210, ,2210, ,0, ,N, ,3, , , , , ,722967, , , ,2,2,0,0,0,0,0,0,0,0,0,1,1,0,1,0,0,0,0,0,0,0,0,2,0,0,0,0,0,0,0,0,0,0,0,4,0,40.0437,-75.0851, , 
 ,66244,2013006798,6,67,67301,2012,12,2,415,4,3,2,1,4,2, , ,N,0,0,0,3,0,0,1,3,N,N,39 57:20.196,75 14:03.688,421, ,420, ,0, ,N, ,0, , , , , ,723031, , , ,3,3,0,0,0,0,0,0,0,0,0,0,0,0,1,0,0,0,0,0,0,0,0,0,0,0,0,0,0,0,0,0,0,0,0,9,0,39.9556,-75.2344, , 
 ,66245,2012068806,6,67,67301,2012,6,7,1640,16,1,1,0,7,5, , ,N,3,2,0,3,0,5,5,1,N, ,39 58:06.951,75 12:40.024,1642, ,1641, ,0, , , ,3, , , , , ,723043, , , ,1,1,0,0,0,0,0,0,0,0,0,4,5,1,0,0,0,0,0,0,1,0,0,0,0,0,0,0,0,0,0,0,0,0,0,4,0,39.9686,-75.2111, , 
 ,66246,2012078987,6,67,67301,2012,6,7,2348,23,3,1,0,4,1, , ,N,2,0,0,3,0,1,2,3,N,N,40 02:58.254,75 10:42.779,12, ,10, ,0, , , ,0, , , , , ,723045, , , ,3,1,1,0,0,0,1,0,0,0,0,1,1,0,0,0,0,0,0,0,0,0,0,0,0,0,0,0,0,0,0,0,0,0,0,4,0,40.0495,-75.1785, , 
 ,66247,2012084171,6,67,67301,2012,7,4,9999,99,1,1,0,1,1, , ,N,0,0,0,3,0,1,1,2,N, ,39 59:33.899,75 06:51.089,1320, ,1316, ,0, , , ,0, , , , , ,723051, , , ,2,1,0,0,0,0,1,0,0,0,0,0,1,1,0,0,0,0,0,0,0,0,0,0,0,0,0,0,0,0,0,0,0,0,0,8,0,39.9927,-75.1142, , 
 ,66248,2012098230,6,67,67301,2012,9,1,205,2,3,1,0,7,5, , ,N,1,3,0,3,0,0,2,1,N,N,40 07:15.819,75 01:39.770,232, ,224, ,0, ,N, ,3, , , , , ,723068, , , ,1,1,0,0,0,0,0,0,0,0,0,0,0,0,0,0,1,0,0,0,0,0,0,0,0,0,0,0,0,0,0,0,0,0,0,0,0,40.1211,-75.0277, , 
 ,66249,2012104124,6,67,67301,2012,9,7,1529,15,1,1,0,2,1, , ,N,0,0,0,3,0,1,2,2,N,N,39 55:15.962,75 09:30.934,1542, ,1531,2,2,1, , ,0,Y, , , , ,723073, , , ,1,1,0,0,0,0,0,0,1,0,1,0,1,0,0,0,0,0,1,0,0,0,0,0,0,0,0,0,0,0,0,0,0,0,0,3,0,39.9211,-75.1586, , 
 ,66250,2012075985,6,67,67301,2012,6,3,1510,15,1,1,0,8,1, , ,N,0,0,0,3,0,1,2,2,N,N,40 00:27.322,75 05:39.755,1530, ,1525, ,0, , , ,0, , , , , ,723083, , , ,1,1,0,0,0,0,0,0,0,0,0,1,1,0,0,0,0,0,0,0,0,0,0,0,0,0,0,0,0,0,0,0,1,0,0,4,0,40.0076,-75.0944, , 
 ,66251,2012076075,6,67,67301,2012,6,3,2024,20,4,1,0,2,1, , ,N,5,0,0,3,0,2,3,2,N,N,40 00:05.418,75 06:14.947,2031, ,2028,1,1,2,N, ,0,N, , , , ,723084, , , ,2,1,0,0,0,0,0,1,0,0,1,1,2,0,0,0,0,0,0,0,0,0,0,0,0,0,0,0,0,0,0,0,0,0,0,3,0,40.0015,-75.1042, , 
 ,66252,2012068676,6,67,67301,2012,5,6,2145,21,3,1,0,1,1, , ,N,1,2,0,3,0,3,7,3,N,N,39 57:26.251,75 14:52.347,2355, ,2348, ,0, ,N, ,3, , , , , ,723098, , , ,3,2,0,0,0,0,1,0,0,0,0,3,3,0,2,0,0,0,0,0,1,0,0,0,0,0,0,0,0,0,0,0,0,0,0,4,0,39.9573,-75.2479, , 
 ,66253,2012068911,6,67,67301,2012,5,6,428,4,3,1,0,5,1, , ,N,0,0,0,3,0,0,1,6,N,N,39 57:29.083,75 14:51.648,433, ,432,1,2,1,N, ,0,N, , , , ,723099, , , ,6,1,0,0,2,0,2,1,0,0,0,0,0,0,0,0,0,0,0,0,0,0,0,1,0,0,0,0,0,0,0,0,0,0,0,0,0,39.9581,-75.2477, , 
 ,66254,2012078245,6,67,67301,2012,7,1,1850,18,1,1,0,1,1, , ,N,2,2,0,3,0,5,7,7,N,N,40 00:00.602,75 08:29.687,1850, ,9999, ,0, , , ,3, , , , , ,723108, , , ,7,2,0,0,0,0,1,4,0,0,0,1,5,4,0,0,0,0,0,0,1,1,0,0,0,0,0,0,0,0,0,0,0,0,0,4,0,40.0001,-75.1416, , 
 ,66255,2012078348,6,67,67301,2012,6,6,2125,21,3,1,0,1,1, , ,N,1,2,0,3,0,1,4,2,N,N,39 59:56.501,75 07:59.702,2129, ,2127, ,0, ,N, ,3, , , , , ,723109, , , ,2,2,0,0,0,0,0,0,0,0,1,0,1,0,0,0,0,0,0,0,1,0,0,0,0,0,0,0,0,0,0,0,0,0,0,3,0,39.999,-75.1332, , 
 ,66256,2012073539,6,67,67301,2012,6,7,1514,15,1,1,0,4,1, , ,N,2,0,0,3,0,0,2,2,N,N,39 59:53.130,75 07:34.048,1529, ,1527,9,2,4, , ,0,Y, , , , ,725843, , , ,2,1,0,0,0,0,1,0,0,0,0,0,0,0,0,0,0,0,0,0,0,0,0,0,0,0,0,0,0,0,0,0,0,0,0,0,0,39.9981,-75.1261, , 
 ,66257,2012078250,6,67,67301,2012,7,6,727,7,1,2,0,4,1, , ,N,2,0,2,3,0,0,6,2,N, ,39 57:50.196,75 11:05.003,750, ,747, ,0, , , ,0, , , , , ,725850, , , ,2,1,0,0,0,0,0,1,0,0,0,0,0,0,0,0,0,0,0,0,0,0,0,0,0,0,0,0,0,0,0,0,0,0,0,0,0,39.9639,-75.1849, , 
 ,66258,2012085797,6,67,67301,2012,7,3,1110,11,1,1,0,5,6, , ,N,0,0,0,3,0,1,3,4,N,N,40 01:18.940,75 08:51.406,9999, ,1119, ,0, ,N, ,0, , , , , ,725855, , , ,4,4,0,0,0,0,0,0,0,0,0,0,1,1,0,0,0,0,0,0,0,0,0,0,0,0,0,0,0,0,0,0,0,0,0,8,0,40.0219,-75.1476, , 
 ,66259,2012098279,6,67,67301,2012,9,7,1010,10,1,1,0,8,1, , ,N,0,0,0,3,0,1,2,1,N,N,39 57:07.506,75 09:42.273,1018, ,1015, ,0, , , ,0, , , , , ,725862, , , ,1,1,0,0,0,0,0,0,0,1,0,0,1,0,0,0,0,0,0,0,0,0,0,0,0,0,0,0,0,0,0,0,1,0,1,2,0,39.9521,-75.1617, , 
 ,66260,2012098529,6,67,67301,2012,9,4,2040,20,3,1,0,4,1, , ,N,2,3,0,3,0,1,2,2,N,N,40 01:25.255,75 08:07.141,2027, ,2025, ,0, ,N, ,3, , , , , ,725863, , , ,1,0,0,0,0,0,0,1,1,0,0,1,1,0,0,0,0,0,0,0,1,0,0,0,0,0,0,0,0,0,0,0,0,0,0,4,0,40.0237,-75.1351, , 
 ,66261,2012099371,6,67,67301,2012,9,6,2232,22,3,1,0,1,6, , ,N,2,3,0,3,0,0,1,4,N,N,40 03:26.440,75 11:02.870,2237, ,2237, ,0, ,N, ,3, , , , , ,725867, , , ,4,3,0,0,0,0,1,0,0,0,0,0,0,0,0,0,0,0,0,0,0,0,0,0,0,0,0,0,0,0,0,0,0,0,0,0,0,40.0573,-75.1841, , 
 ,66262,2012122363,6,67,67301,2012,11,4,1854,18,3,3,1,8,1, , ,N,1,2,0,3,0,1,3,2,N, ,40 03:20.701,75 05:22.429,1858, ,1854, ,0, , , ,3, , , , , ,725893, , , ,1,1,0,0,0,0,0,0,0,0,0,1,1,0,1,0,0,0,0,0,0,0,0,0,0,0,0,0,0,0,0,0,2,0,0,4,0,40.0558,-75.0896, , 
 ,66263,2012129078,6,67,67301,2012,11,3,805,8,1,1,0,4,1, , ,N,0,0,0,3,0,2,2,2,N,N,40 06:06.808,75 02:22.895,820, ,814, ,0, ,N, ,0, , , , , ,725899, , , ,2,2,0,0,0,0,0,0,0,0,0,2,2,0,0,0,0,0,0,0,0,0,0,0,0,0,0,0,0,0,0,0,0,0,0,4,0,40.1019,-75.0397, , 
 ,66264,2012129149,6,67,67301,2012,12,3,1830,18,3,1,0,1,1, , ,N,0,0,0,3,0,0,2,2,N,N,39 58:46.838,75 06:26.365,1837, ,1835,1,1,2,N, ,0,Y, , , , ,725900, , , ,2,1,0,0,1,0,0,0,0,0,0,0,0,0,0,0,0,0,0,0,1,0,0,0,0,0,0,0,0,0,0,0,0,0,0,0,0,39.9797,-75.1073, , 
 ,66265,2012128174,6,67,67301,2012,11,1,651,6,1,1,0,7,2, , ,N,0,0,0,3,0,0,1,1,N,N,40 03:16.105,75 07:28.862,928, ,725, ,0, ,N, ,0, , , , , ,725914, , , ,1,0,0,0,0,0,1,0,0,0,0,0,0,0,0,0,0,0,0,0,0,0,0,0,0,0,0,0,0,0,0,0,0,0,0,0,0,40.0545,-75.1247, , 
 ,66266,2012128225,6,67,67301,2012,11,4,2052,20,3,1,0,6,1, , ,N,1,2,0,3,0,1,2,2,N, ,40 03:02.401,75 10:23.780,2054, ,2052,2,2,6, , ,3,Y, , , , ,725915, , , ,2,2,0,0,0,0,0,0,0,0,1,0,1,0,0,0,0,0,0,0,0,0,0,0,0,0,0,0,0,0,0,0,0,0,0,3,0,40.0507,-75.1733, , 
 ,66267,2012111806,6,67,67301,2012,10,6,1540,15,1,1,0,1,1, , ,N,0,0,0,3,0,1,2,2,N,N,39 59:57.379,75 08:50.737,1546, ,1546, ,0, , , ,0, , , , , ,725925, , , ,2,1,0,0,0,0,1,0,0,0,0,0,1,1,1,0,0,0,0,0,0,0,0,0,0,0,0,0,0,0,0,0,0,0,0,8,0,39.9993,-75.1474, , 
 ,66268,2012117285,6,67,67301,2012,10,5,1456,14,1,1,0,7,5, , ,N,0,0,0,3,0,0,1,1,N, ,39 59:48.303,75 08:39.357,9999, ,9999, ,0, , , ,0, , , , , ,725933, , , ,1,0,0,0,0,0,1,0,0,0,0,0,0,0,0,0,0,0,0,0,1,0,0,0,0,0,0,0,0,0,0,0,0,0,0,0,0,39.9968,-75.1443, , 
 ,66269,2012075951,6,67,67301,2012,6,1,1342,13,1,1,0,4,1, , ,N,1,2,0,3,0,3,6,2,N,N,39 57:26.251,75 14:52.347,1347, ,1344,2,1,4,N, ,3,N, , , , ,725944, , , ,2,2,0,0,0,0,0,0,0,0,0,3,3,0,0,0,0,0,0,0,0,0,0,0,0,0,0,0,0,0,0,0,0,0,0,4,0,39.9573,-75.2479, , 
 ,66270,2012085334,6,67,67301,2012,7,1,1245,12,1,1,0,1,1, , ,N,1,2,0,3,0,1,4,2,N, ,39 58:42.967,75 07:49.565,1311, ,1309, ,0, , , ,3, , , , , ,725952, , , ,2,2,0,0,0,0,0,0,0,0,0,1,1,0,0,0,0,0,0,0,0,1,0,0,0,0,0,0,0,0,0,0,0,0,0,4,0,39.9786,-75.1304, , 
 ,66271,2012096041,6,67,67301,2012,8,2,850,8,1,1,0,2,1, , ,N,0,0,0,3,0,1,8,2,N, ,39 59:09.020,75 09:54.349,855, ,850,3,2,6, , ,0,Y, , , , ,725963, , , ,1,0,0,0,0,0,0,1,0,0,0,1,1,0,0,0,0,0,0,0,1,0,0,0,0,0,0,0,0,0,0,0,1,0,0,4,0,39.9858,-75.1651, , 
 ,66272,2012098967,6,67,67301,2012,8,6,1231,12,1,1,0,1,1, , ,N,1,2,0,3,0,1,3,2,N,N,40 04:12.680,75 10:49.758,1239, ,1233, ,0, ,N, ,3, , , , , ,725965, , , ,2,2,0,0,0,0,0,0,0,0,0,0,1,1,1,0,0,0,0,0,0,0,0,0,0,0,0,0,0,0,0,0,0,0,0,8,0,40.0702,-75.1805, , 
 ,66273,2012104287,6,67,67301,2012,9,7,1325,13,1,1,0,4,1, , ,N,1,2,0,3,0,1,6,2,N,N,40 00:50.174,75 03:20.262,1135, ,1330, ,0, ,N, ,3, , , , , ,725969, , , ,2,0,0,0,0,0,1,1,0,0,0,1,1,0,0,0,0,0,0,0,0,0,0,0,0,0,0,0,0,0,0,0,0,0,0,4,0,40.0139,-75.0556, , 
 ,66274,2012081226,6,67,67301,2012,7,5,2218,22,3,1,0,1,1, , ,N,1,3,0,3,0,1,2,2,N,N,40 03:03.758,75 05:53.505,1714, ,1714, ,0, , , ,3, , , , , ,725987, , , ,2,1,1,0,0,0,0,0,0,0,1,0,1,0,0,0,0,0,0,0,0,0,0,0,0,0,0,0,0,0,0,0,0,0,0,3,0,40.051,-75.0982, , 
 ,66275,2012099031,6,67,67301,2012,8,6,1415,14,1,1,0,1,1, , ,N,2,0,0,3,0,1,2,2,N,N,40 01:58.350,75 10:39.881,1511, ,1511, ,0, ,N, ,0, , , , , ,728935, , , ,2,1,0,0,1,0,0,0,0,0,0,0,0,0,1,0,0,0,0,0,0,0,1,1,0,0,0,0,0,0,0,0,0,0,0,9,0,40.0329,-75.1777, , 
 ,66276,2012105718,6,67,67301,2012,10,5,1845,18,3,1,0,4,1, , ,N,0,0,0,3,0,1,2,2,N,N,40 01:28.692,75 01:47.700,1849, ,1849, ,0, ,N, ,0, , , , , ,728940, , , ,2,1,0,0,0,0,1,0,0,0,1,0,1,0,1,0,0,0,0,0,0,0,0,1,0,0,0,0,0,0,0,0,0,0,0,3,0,40.0245,-75.0302, , 
 ,66277,2012117348,6,67,67301,2012,10,3,725,7,1,1,0,4,1, , ,N,2,2,0,3,0,2,2,2,N, ,39 59:11.558,75 12:18.363,727, ,726,3,2,7, , ,3,Y, , , , ,728949, , , ,2,0,0,0,0,0,1,1,0,0,0,0,2,2,0,0,0,0,0,0,0,0,0,0,0,0,0,0,0,0,0,0,0,0,0,8,0,39.9865,-75.2051, , 
 ,66278,2012120027,6,67,67301,2012,11,2,1410,14,1,1,0,6,1, , ,N,1,3,0,3,0,0,2,2,N,N,39 57:19.472,75 11:39.537,1420, ,1414, ,0, ,N, ,3, , , , , ,728950, , , ,2,1,0,0,1,0,0,0,0,0,0,0,0,0,2,0,0,0,0,0,0,0,0,0,0,0,0,0,0,0,0,0,0,0,0,9,0,39.9554,-75.1943, , 
 ,66279,2012111657,6,67,67301,2012,10,5,923,9,1,1,0,4,1, , ,N,1,2,0,3,0,1,4,2,N,N,40 02:25.798,75 03:31.964,930, ,924,2,1,3,N, ,3,N, , , , ,728962, , , ,2,1,0,0,0,0,0,1,0,0,0,0,1,1,2,0,0,0,0,0,1,0,0,0,0,0,0,0,0,0,0,0,0,0,0,8,0,40.0405,-75.0589, , 
 ,66280,2012113963,6,67,67301,2012,11,3,605,6,5,1,0,8,1, , ,N,1,2,0,3,0,1,2,2,N,N,39 59:26.172,75 14:57.006,608, ,607, ,0, ,N, ,3, , , , , ,728964, , , ,1,1,0,0,0,0,0,0,0,0,0,0,1,1,0,0,0,0,0,0,0,0,0,0,0,0,0,0,0,0,0,0,1,0,0,8,0,39.9905,-75.2492, , 
 ,66281,2012113560,6,67,67301,2012,11,6,1435,14,1,1,0,1,1, , ,N,0,0,0,3,0,0,2,2,N,N,39 58:49.638,75 12:19.973,1447, ,1442, ,0, ,N, ,0, , , , , ,728974, , , ,2,1,0,0,1,0,0,0,0,0,0,0,0,0,1,0,0,0,0,0,0,0,0,0,0,0,0,0,0,0,0,0,0,0,0,9,0,39.9805,-75.2055, , 
 ,66282,2012115321,6,67,67301,2012,8,6,1830,18,1,1,0,1,1, , ,N,0,0,0,3,0,2,3,2,N,N,39 58:59.387,75 08:39.009,0, ,0, ,0, ,N, ,0, , , , , ,728975, , , ,2,2,0,0,0,0,0,0,0,0,1,1,2,0,1,0,0,0,0,1,0,0,0,0,0,0,0,0,0,0,0,0,0,0,0,3,0,39.9832,-75.1442, , 
 ,66283,2012117287,6,67,67301,2012,10,1,1300,13,1,1,0,4,1, , ,N,1,2,0,3,0,1,1,2,N, ,39 58:13.897,75 08:55.980,1310, ,1300, ,0, , , ,3, , , , , ,728976, , , ,1,1,0,0,0,0,0,0,1,0,0,1,1,0,0,0,0,0,0,0,0,0,0,0,0,0,0,0,0,0,0,0,1,0,0,4,0,39.9704,-75.149, , 
 ,66284,2012123325,6,67,67301,2012,11,7,306,3,3,1,0,1,6, , ,N,0,0,0,3,0,0,1,3,N,N,39 59:49.720,75 07:53.818,506, ,448, ,0, ,N, ,0, , , , , ,728981, , , ,3,2,0,0,0,0,1,0,0,0,0,0,0,0,0,0,0,0,0,0,0,0,0,0,0,0,0,0,0,0,0,0,0,0,0,0,0,39.9971,-75.1316, , 
 ,66285,2012125503,6,67,67301,2012,11,1,9999,99,3,1,0,2,1, , ,N,1,2,0,3,0,2,2,3,N, ,40 01:39.219,75 06:36.203,9999, ,9999,2,1,1, , ,3,Y, , , , ,728984, , , ,2,2,0,0,0,0,0,0,0,0,0,1,1,0,0,0,0,0,0,0,0,0,0,0,0,0,0,0,0,0,0,0,0,0,0,4,0,40.0276,-75.1101, , 
 ,66286,2013003679,6,67,67301,2012,12,3,1720,17,3,1,0,1,1, , ,N,1,2,0,3,0,0,4,3,N,N,39 53:40.603,75 14:12.181,1733, ,1730, ,0, ,N, ,3, , , , , ,728993, , , ,3,3,0,0,0,0,0,0,0,0,0,0,0,0,0,0,0,0,0,0,1,0,0,0,0,0,0,0,0,0,0,0,0,0,0,0,0,39.8946,-75.2367, , 
 ,66287,2013015635,6,67,67301,2012,8,1,640,6,1,1,0,7,4, , ,N,0,0,0,3,0,1,1,1,N,N,39 57:30.902,75 10:02.877,650, ,644,1,1,4,N, ,0,N, , , , ,728996, , , ,1,1,0,0,0,0,0,0,0,0,0,1,1,0,0,0,0,0,0,0,0,0,0,0,0,0,0,0,0,0,0,0,0,0,0,4,0,39.9586,-75.1675, , 
 ,66288,2013003700,6,67,67301,2012,12,6,9999,99,1,2,1,4,1, , ,N,1,2,0,3,0,1,2,2,N,N,39 54:14.563,75 14:24.409,9999, ,9999, ,0, ,N, ,3, , , , , ,729006, , , ,2,2,0,0,0,0,0,0,0,0,0,0,1,1,0,0,0,0,0,0,0,0,0,0,0,0,0,0,0,0,0,0,0,0,0,8,0,39.904,-75.2401, , 
 ,66289,2013003941,6,67,67301,2012,12,7,1255,12,1,1,0,4,1, , ,N,2,2,0,3,0,1,2,2,N,N,40 03:44.743,75 02:34.497,1310, ,1259,1,2,3,N, ,3,Y, , , , ,729007, , , ,2,2,0,0,0,0,0,0,0,0,0,1,1,0,0,0,0,0,0,0,1,0,0,0,0,0,0,0,0,0,0,0,0,0,0,4,0,40.0624,-75.0427, , 
 ,66290,2013006816,6,67,67301,2012,12,7,1400,14,1,1,0,4,1, , ,N,1,2,0,3,0,1,3,2,N,N,39 58:30.510,75 11:16.819,1405, ,1402,1,1,4, , ,3,N, , , , ,729009, , , ,2,1,0,1,0,0,0,0,0,0,1,0,1,0,0,0,0,0,0,0,0,0,0,1,0,0,0,0,0,0,0,0,0,0,0,3,1,39.9751,-75.188, , 
 ,66291,2012122345,6,67,67301,2012,11,5,935,9,1,1,0,4,1, , ,N,1,2,0,3,0,1,8,2,N,N,40 00:25.755,75 10:28.143,941, ,939, ,0, ,N, ,3, , , , , ,729050, , , ,2,2,0,0,0,0,0,0,0,0,0,1,1,0,0,0,0,0,0,0,0,0,0,0,0,0,0,0,0,0,0,0,0,0,0,4,0,40.0072,-75.1745, , 
 ,66292,2012114512,6,67,67301,2012,11,4,740,7,1,1,0,1,1, , ,N,0,0,0,3,0,1,2,2,N,N,39 56:49.645,75 11:15.951,742, ,741, ,0, ,N, ,0, , , , , ,729069, , , ,2,1,0,0,1,0,0,0,0,0,0,1,1,0,0,0,0,0,0,0,1,0,0,1,0,0,0,0,0,0,0,0,0,0,0,4,0,39.9471,-75.1878, , 
 ,66293,2012103957,6,67,67301,2012,9,3,145,1,3,1,0,7,5, , ,N,0,2,0,3,0,1,1,1,N,N,39 59:30.429,75 13:54.998,218, ,214, ,0, ,N, ,3, , , , , ,720185, , , ,1,1,0,0,0,0,0,0,0,0,0,0,1,1,0,0,0,0,1,0,0,0,0,0,0,0,0,0,0,0,0,0,0,0,0,8,0,39.9918,-75.2319, , 
 ,66294,2012104252,6,67,67301,2012,7,3,810,8,1,1,0,4,1, , ,N,1,2,0,3,0,0,2,2,N,N,40 01:13.222,75 06:50.843,825, ,820,9,1,4,N, ,3,N, , , , ,720186, , , ,2,0,0,0,0,0,0,2,0,0,0,0,0,0,1,0,0,0,0,0,0,0,0,0,0,0,0,0,0,0,0,0,0,0,0,9,0,40.0202,-75.1141, , 
 ,66295,2012105727,6,67,67301,2012,10,7,601,6,5,1,0,1,1, , ,N,0,0,0,3,0,0,3,2,N,N,39 56:03.226,75 12:00.006,627, ,620, ,0, ,N, ,0, , , , , ,720188, , , ,2,1,0,0,0,0,0,0,0,0,0,0,0,0,1,0,0,0,0,0,0,0,0,0,0,0,0,0,0,0,0,0,0,0,0,9,0,39.9341,-75.2, , 
 ,66296,2012109785,6,67,67301,2012,10,3,1000,10,3,1,0,7,2, , ,N,0,0,0,3,0,0,0,1,N,N,40 00:01.115,75 11:26.291,1010, ,1005, ,0, ,N, ,0, , , , , ,720189, , , ,1,1,0,0,0,0,0,0,0,0,0,0,0,0,0,0,0,0,0,0,0,0,0,0,0,0,0,0,0,0,0,0,0,0,0,9,0,40.0003,-75.1906, , 
 ,66297,2012066498,6,67,67301,2012,5,1,1219,12,1,1,0,8,1, , ,N,0,0,0,3,0,1,2,2,N,N,40 01:43.622,75 09:46.721,1225, ,1221, ,0, ,N, ,0, , , , , ,720205, , , ,1,1,0,0,0,0,0,0,0,0,0,0,1,1,0,0,0,0,0,0,0,0,0,0,0,0,0,0,0,0,0,0,1,0,0,8,0,40.0288,-75.163, , 
 ,66298,2012068683,6,67,67301,2012,6,2,106,1,3,1,0,7,3, , ,N,2,0,0,3,0,1,1,1,N,N,39 57:24.337,75 08:19.891,112, ,109,9,1,1,N, ,0,N, , , , ,720209, , , ,1,1,0,0,0,0,0,0,0,0,0,0,1,1,0,0,0,0,0,0,0,0,0,0,0,0,0,0,0,0,0,0,0,0,0,8,0,39.9568,-75.1386, , 
 ,66299,2012085871,6,67,67301,2012,7,3,745,7,1,1,0,4,1, , ,N,1,2,0,3,0,1,1,2,N,N,40 01:53.630,75 12:46.938,746, ,745, ,0, , , ,3, , , , , ,720225, , , ,2,2,0,0,0,0,0,0,0,0,1,0,1,0,0,0,0,0,0,0,0,0,0,0,0,0,0,0,0,0,0,0,0,0,0,3,0,40.0316,-75.213, , 
 ,66300,2012088997,6,67,67301,2012,8,7,1910,19,4,1,0,5,1, , ,N,1,3,0,3,0,1,3,2,N,N,39 55:50.671,75 10:48.331,2010, ,2008, ,0, , , ,3, , , , , ,720231, , , ,2,1,0,0,0,1,0,0,0,0,1,0,1,0,1,0,0,0,0,0,0,0,0,0,0,0,0,0,0,0,0,0,0,0,0,3,1,39.9307,-75.1801, , 
 ,66301,2012092225,6,67,67301,2012,9,5,1609,16,1,1,0,1,1, , ,N,0,0,0,3,0,1,5,3,N,N,39 59:06.846,75 05:38.373,1625, ,1614,2,2,1,N, ,0,N, , , , ,720236, , , ,3,2,0,0,0,0,1,0,0,0,0,0,1,1,0,0,0,0,0,0,0,0,0,0,0,0,0,0,0,0,0,0,0,0,0,8,0,39.9852,-75.0941, , 
 ,66302,2012078197,6,67,67301,2012,1,7,1730,17,1,1,0,4,1, , ,N,1,3,0,3,0,2,2,2,N,N,39 57:24.825,75 12:22.359,2018, ,2011, ,0, ,N, ,3, , , , , ,720256, , , ,1,1,0,0,0,0,0,0,1,0,1,1,2,0,0,0,0,0,0,0,0,1,0,0,0,0,0,0,0,0,0,0,0,0,0,3,0,39.9569,-75.2062, , 
 ,66303,2012083286,6,67,67301,2012,8,7,27,0,3,1,0,5,2, , ,N,0,0,0,3,0,0,2,1,N,N,40 00:35.024,75 05:08.178,30, ,29, ,0, , , ,0, , , , , ,720261, , , ,1,1,0,0,0,0,0,0,0,0,0,0,0,0,0,0,0,0,0,0,1,0,0,0,0,0,0,0,0,0,0,0,0,0,0,0,0,40.0097,-75.0856, , 