wz_ln_closure,objectid_1,crn,district,county,municipality,crash_year,crash_month,day_of_week,time_of_day,hour_of_day,illumination,weather,road_condition,collision_type,relation_to_road,work_zone_type,work_zone_loc,work_zone_ind,intersect_type,tcd_type,location_type,urban_rural,fatal_count,injury_count,person_count,total_units,sch_bus_ind,sch_zone_ind,latitude,longitude,arrival_tm,cons_zone_spd_lim,dispatch_tm,est_hrs_closed,lane_closed,ln_close_dir,ntfy_hiwy_maint,spec_juris_cd,tcd_func_cd,tfc_detour_ind,workers_pres,wz_close_detour,wz_flagger,wz_law_offcr_ind,objectid,wz_moving,wz_other,wz_shlder_mdn,vehicle_count,automobile_count,motorcycle_count,bus_count,small_truck_count,heavy_truck_count,suv_count,van_count,bicycle_count,maj_inj_count,mod_inj_count,min_inj_count,tot_inj_count,unk_inj_deg_count,unk_inj_per_count,driver_count_16yr,driver_count_17yr,driver_count_18yr,driver_count_19yr,driver_count_20yr,driver_count_50_64yr,driver_count_65_74yr,driver_count_75plus,unbelted_occ_count,unb_death_count,unb_maj_inj_count,belted_death_count,belted_maj_inj_count,mcycle_death_count,mcycle_maj_inj_count,bicycle_death_count,bicycle_maj_inj_count,ped_count,ped_death_count,ped_maj_inj_count,max_severity_level,comm_veh_count,dec_lat,dec_long,rdwy_surf_type_cd,county_name
 ,66570,2011038390,6,67,67301,2011,2,2,1902,19,3,2,1,4,1, , ,N,1,2,0,3,0,3,3,2,N,N,39 57:26.251,75 14:52.347,1911, ,1909, ,0, ,N, ,3, , , , , ,767719, , , ,2,1,0,0,0,0,0,1,0,0,3,0,3,0,0,0,0,0,0,0,0,0,0,0,0,0,0,0,0,0,0,0,0,0,0,3,0,39.9573,-75.2479, , 
 ,66571,2011047004,6,67,67301,2011,3,2,2135,21,3,1,0,1,1, , ,N,0,2,0,3,0,1,6,3,N,N,39 57:20.687,75 11:24.711,2136, ,2135, ,0, ,N, ,3, , , , , ,767725, , , ,3,3,0,0,0,0,0,0,0,0,0,0,1,1,5,0,0,0,0,0,1,0,0,0,0,0,0,0,0,0,0,0,0,0,0,8,0,39.9557,-75.1902, , 
 ,66572,2011029087,6,67,67301,2011,2,5,1610,16,1,1,0,8,1, , ,N,1,2,0,3,0,1,2,2,N,N,40 01:16.647,75 09:36.797,1748, ,1744, ,0, ,N, ,3, , , , , ,767748, , , ,1,1,0,0,0,0,0,0,0,0,0,1,1,0,0,0,0,0,0,0,0,0,0,0,0,0,0,0,0,0,0,0,1,0,0,4,0,40.0213,-75.1602, , 
 ,66573,2011044548,6,67,67301,2011,4,7,955,9,1,1,0,6,1, , ,N,1,2,0,3,0,3,4,2, , ,39 59:29.220,75 08:05.582,1005, ,955,1,1,3, , ,3,N, , , , ,767765, , , ,2,2,0,0,0,0,0,0,0,0,0,1,3,2,0,0,0,0,0,0,0,0,0,0,0,0,0,0,0,0,0,0,0,0,0,4,0,39.9913,-75.1349, , 
 ,66574,2011007682,6,67,67301,2011,1,7,1556,15,1,1,0,7,7, , ,N,7,0,2,3,0,0,1,1,N,N,39 57:36.406,75 10:47.246,1614, ,1600, ,0, ,N, ,0, , , , , ,767781, , , ,1,1,0,0,0,0,0,0,0,0,0,0,0,0,0,0,0,0,0,0,0,0,0,0,0,0,0,0,0,0,0,0,0,0,0,0,0,39.9616,-75.1825, , 
 ,66575,2011015960,6,67,67301,2011,1,6,9999,99,1,4,1,4,1, , ,N,1,2,0,3,0,1,3,2,N,N,40 03:02.656,75 08:55.144,1110, ,1105, ,0, ,N, ,3, , , , , ,767790, , , ,2,1,0,0,1,0,0,0,0,0,0,1,1,0,0,0,0,0,0,0,0,0,0,0,0,0,0,0,0,0,0,0,0,0,0,4,0,40.0507,-75.1487, , 
 ,66576,2011016001,6,67,67301,2011,1,5,1158,11,1,1,0,1,1, , ,N,1,2,0,3,0,0,2,2,N,N,39 58:11.359,75 07:54.204,1200, ,1200, ,0, ,N, ,3, , , , , ,767791, , , ,2,1,0,0,0,1,0,0,0,0,0,0,0,0,0,0,0,0,0,0,1,0,0,0,0,0,0,0,0,0,0,0,0,0,0,0,1,39.9697,-75.1317, , 
 ,66577,2011027689,6,67,67301,2011,1,2,1015,10,1,1,0,1,1, , ,N,0,0,0,3,0,2,5,4,N,N,39 58:57.400,75 11:18.188,1030, ,1015, ,0, , , ,0, , , , , ,767799, , , ,4,2,0,0,0,0,2,0,0,1,0,1,2,0,0,0,0,0,0,0,1,0,0,0,0,0,0,1,0,0,0,0,0,0,0,2,0,39.9826,-75.1884, , 
 ,66578,2011016028,6,67,67301,2011,1,3,1809,18,3,1,0,1,1, , ,N,0,0,0,3,0,0,2,2,N,N,40 01:16.987,75 08:21.650,1813, ,1811,1,1,1,N, ,0,N, , , , ,767838, , , ,2,1,0,0,1,0,0,0,0,0,0,0,0,0,0,0,0,0,0,0,0,0,0,0,0,0,0,0,0,0,0,0,0,0,0,0,0,40.0214,-75.1393, , 
 ,66579,2011024677,6,67,67301,2011,1,2,840,8,1,1,0,4,1, , ,N,1,2,0,3,0,1,2,2,N,N,40 04:27.147,75 02:05.032,841, ,840,1,1,1,N, ,3,N, , , , ,767841, , , ,2,0,0,0,0,1,1,0,0,0,0,0,1,1,0,0,0,0,0,0,0,0,0,0,0,0,0,0,0,0,0,0,0,0,0,8,1,40.0742,-75.0347, , 
 ,66580,2011027180,6,67,67301,2011,3,6,820,8,1,1,0,1,1, , ,N,0,0,0,3,0,1,4,3,N,N,39 56:24.182,75 11:45.782,832, ,822,1,1,3,N, ,0,N, , , , ,767843, , , ,3,3,0,0,0,0,0,0,0,0,0,1,1,0,0,0,0,0,0,0,1,0,0,1,0,0,0,0,0,0,0,0,0,0,0,4,0,39.9386,-75.1975, , 
 ,66581,2011037881,6,67,67301,2011,2,7,1649,16,1,1,0,7,5, , ,N,2,0,0,3,0,1,1,1,N,N,40 03:12.578,75 00:41.072,1655, ,1651, ,0, , , ,0, , , , , ,767852, , , ,1,1,0,0,0,0,0,0,0,0,0,0,1,1,0,0,0,0,0,0,0,1,0,0,0,0,0,0,0,0,0,0,0,0,0,8,0,40.0535,-75.0114, , 
 ,66582,2011042918,6,67,67301,2011,3,4,2000,20,3,2,1,7,3, , ,N,0,0,6,3,0,1,2,1,N,N,40 01:20.308,75 08:17.664,2014, ,2002,2,1,4,N, ,0,N, , , , ,767859, , , ,1,1,0,0,0,0,0,0,0,0,0,1,1,0,0,0,0,0,0,1,0,0,0,2,0,0,0,0,0,0,0,0,0,0,0,4,0,40.0223,-75.1382, , 
 ,66583,2011047811,6,67,67301,2011,5,7,1556,15,1,1,0,1,1, , ,N,0,0,0,3,0,0,4,3,N,N,40 01:19.031,75 02:19.134,1606, ,1603, ,0, ,N, ,0, , , , , ,767868, , , ,3,1,0,0,0,0,2,0,0,0,0,0,0,0,0,0,0,0,0,0,2,1,0,0,0,0,0,0,0,0,0,0,0,0,0,0,0,40.0219,-75.0388, , 
 ,66584,2011060641,6,67,67301,2011,6,3,1156,11,1,1,0,1,1, , ,N,0,0,0,3,0,1,2,2,N,N,40 00:44.199,75 03:35.069,1203, ,1157, ,0, ,N, ,0, , , , , ,767914, , , ,2,0,0,0,0,0,2,0,0,0,0,0,1,1,0,0,0,0,0,0,1,0,0,0,0,0,0,0,0,0,0,0,0,0,0,8,0,40.0123,-75.0596, , 
 ,66585,2011044517,6,67,67301,2011,3,5,745,7,1,2,1,4,1, , ,N,1,2,0,3,0,1,2,2,N,N,40 00:59.814,75 08:49.815,820, ,813, ,0, ,N, ,3, , , , , ,764637, , , ,2,2,0,0,0,0,0,0,0,0,0,1,1,0,0,0,1,0,0,1,0,0,0,0,0,0,0,0,0,0,0,0,0,0,0,4,0,40.0166,-75.1472, , 
 ,66586,2011053456,6,67,67301,2011,4,7,2109,21,3,2,1,1,1, , ,N,1,2,0,3,0,1,4,2,N,N,39 58:46.036,75 13:31.401,2125, ,2112, ,0, ,N, ,3, , , , , ,764646, , , ,2,1,0,0,0,0,0,0,0,0,0,0,1,1,2,0,0,0,0,0,0,1,0,0,0,0,0,0,0,0,0,0,0,0,0,8,0,39.9794,-75.2253, , 
 ,66587,2011053853,6,67,67301,2011,5,2,702,7,1,1,0,7,2, , ,N,0,0,0,3,0,1,1,1,N,N,39 53:35.129,75 13:37.629,721, ,705, ,0, ,N, ,0, , , , , ,764647, , , ,1,1,0,0,0,0,0,0,0,0,0,0,1,1,0,0,0,0,0,0,0,0,0,0,0,0,0,0,0,0,0,0,0,0,0,8,0,39.8931,-75.2271, , 
 ,66588,2011023235,6,67,67301,2011,1,4,1018,10,1,4,3,7,5, , ,N,3,0,0,3,0,1,1,1,N,N,40 02:56.477,75 03:03.066,1021, ,1019,1,1,1,N, ,0,N, , , , ,764667, , , ,1,1,0,0,0,0,0,0,0,0,0,1,1,0,0,0,0,0,0,0,0,0,0,0,0,0,0,0,0,0,0,0,0,0,0,4,0,40.049,-75.0509, , 
 ,66589,2011028686,6,67,67301,2011,2,3,1207,12,1,1,0,7,4, , ,N,0,0,2,3,0,1,1,1,N,N,40 02:46.946,75 00:02.794,1229, ,1213,1,2,7,Y, ,0,N, , , , ,764674, , , ,1,1,0,0,0,0,0,0,0,0,0,1,1,0,0,0,0,0,0,0,0,0,0,1,0,0,0,0,0,0,0,0,0,0,0,4,0,40.0471,-75.0003, , 
 ,66590,2011038433,6,67,67301,2011,3,6,1800,18,3,1,0,7,5, , ,N,2,0,0,3,0,1,1,1,N,N,40 04:20.236,75 14:20.957,1805, ,1800, ,0, ,N, ,0, , , , , ,764678, , , ,1,1,0,0,0,0,0,0,0,0,0,0,1,1,0,0,0,0,0,0,1,0,0,0,0,0,0,0,0,0,0,0,0,0,0,8,0,40.0723,-75.2392, , 
 ,66591,2011040256,6,67,67301,2011,3,6,1345,13,1,1,0,7,2, , ,N,0,0,0,3,0,0,3,1,N, ,40 04:45.073,75 02:27.906,1352, ,1348, ,0, ,N, ,0, , , , , ,764679, , , ,1,1,0,0,0,0,0,0,0,0,0,0,0,0,0,0,0,0,0,1,0,0,0,0,0,0,0,0,0,0,0,0,0,0,0,0,0,40.0792,-75.0411, , 
 ,66592,2011056378,6,67,67301,2011,5,3,1300,13,1,1,0,8,1, , ,N,1,3,0,3,0,1,2,2,N,N,39 56:17.332,75 09:17.305,926, ,926, ,0, , , ,3, , , , , ,764694, , , ,1,1,0,0,0,0,0,0,0,0,0,0,1,1,1,0,0,0,0,0,0,0,0,0,0,0,0,0,0,0,0,0,1,0,0,8,0,39.9381,-75.1548, , 
 ,66593,2011062006,6,67,67301,2011,5,2,1145,11,1,2,1,4,1, , ,N,1,2,0,3,0,1,2,2,N,N,39 58:17.412,75 07:36.645,1200, ,1145,1,1,4,N, ,3,N, , , , ,764700, , , ,2,1,0,0,0,1,0,0,0,0,0,1,1,0,0,0,0,0,0,0,1,0,0,0,0,0,0,0,0,0,0,0,0,0,0,4,1,39.9713,-75.1271, , 
 ,66594,2011029947,6,67,67301,2011,3,6,1437,14,1,1,0,1,1, , ,N,0,0,0,3,0,2,5,4,N,N,39 57:28.159,75 10:49.235,1445, ,1438,2,2,3,N, ,0,N, , , , ,764729, , , ,4,2,0,0,0,0,1,1,0,0,2,0,2,0,0,0,0,0,0,0,1,0,0,0,0,0,0,0,0,0,0,0,0,0,0,3,0,39.9578,-75.1803, , 
 ,66595,2011038016,6,67,67301,2011,3,1,1046,10,1,1,0,4,1, , ,N,1,2,0,3,0,2,3,2,N,N,40 01:41.935,75 07:12.129,1100, ,1048, ,0, ,N, ,3, , , , , ,764737, , , ,2,1,0,0,0,0,1,0,0,0,0,0,2,2,0,0,0,0,0,0,1,0,0,0,0,0,0,0,0,0,0,0,0,0,0,8,0,40.0283,-75.12, , 
 ,66596,2011038403,6,67,67301,2011,3,4,1110,11,1,1,1,2,1, , ,N,2,2,0,3,0,0,2,2,N,N,40 07:06.945,75 00:25.153,1113, ,1113,9,1,3,N, ,3,N, , , , ,764738, , , ,2,2,0,0,0,0,0,0,0,0,0,0,0,0,0,0,0,0,0,0,1,1,0,0,0,0,0,0,0,0,0,0,0,0,0,0,0,40.1186,-75.007, , 
 ,66597,2011061828,6,67,67301,2011,5,1,1720,17,1,1,0,4,1, , ,N,1,3,0,3,0,1,8,2,N,N,40 02:20.097,75 07:28.988,1728, ,1728, ,0, ,N, ,3, , , , , ,764749, , , ,2,1,0,0,0,0,0,1,0,0,0,0,1,1,5,0,0,0,0,0,0,0,0,2,0,0,0,0,0,0,0,0,0,0,0,8,0,40.0389,-75.1247, , 
 ,66598,2011017713,6,67,67301,2011,1,2,1615,16,1,1,0,1,1, , ,N,0,0,0,3,0,1,2,2,N,N,40 00:41.358,75 03:38.688,1633, ,1630,1,1,1,N, ,0,N, , , , ,764757, , , ,2,1,0,0,1,0,0,0,0,0,0,0,1,1,0,0,0,0,0,0,0,0,1,0,0,0,0,0,0,0,0,0,0,0,0,8,0,40.0114,-75.0609, , 
 ,66599,2011031295,6,67,67301,2011,2,5,900,9,1,1,0,4,1, , ,N,5,2,0,3,0,1,3,2,N,N,40 00:31.898,75 04:18.804,917, ,916, ,0, ,N, ,3, , , , , ,764767, , , ,2,2,0,0,0,0,0,0,0,0,0,1,1,0,0,0,1,0,0,0,0,0,0,0,0,0,0,0,0,0,0,0,0,0,0,4,0,40.0089,-75.0719, , 
 ,66600,2011033538,6,67,67301,2011,3,2,1729,17,1,1,0,8,1, , ,N,2,0,7,3,0,1,2,2,N,N,40 00:08.731,75 04:46.794,1743, ,1737, ,0, ,N, ,0, , , , , ,764770, , , ,1,1,0,0,0,0,0,0,0,0,0,1,1,0,0,0,0,0,0,0,0,1,0,1,0,0,0,0,0,0,0,0,1,0,0,4,0,40.0024,-75.0797, , 
 ,66601,2011056967,6,67,67301,2011,5,1,1830,18,1,2,1,8,1, , ,N,0,0,0,3,0,1,2,2,N,N,39 58:58.540,75 09:44.208,1854, ,1846, ,0, ,N, ,0, , , , , ,764793, , , ,1,1,0,0,0,0,0,0,0,0,0,1,1,0,0,0,0,0,0,1,0,0,0,0,0,0,0,0,0,0,0,0,1,0,0,4,0,39.9829,-75.1623, , 
 ,66602,2011058731,6,67,67301,2011,6,7,1040,10,1,1,0,1,1, , ,N,0,0,0,3,0,1,8,3,N,N,39 57:31.065,75 10:07.944,1059, ,1048,1,1,3,N, ,0,N, , , , ,764795, , , ,3,0,0,0,3,0,0,0,0,0,0,1,1,0,0,0,0,0,0,1,0,0,0,0,0,0,0,0,0,0,0,0,0,0,0,4,0,39.9586,-75.1689, , 
 ,66603,2011035181,6,67,67301,2011,3,6,1510,15,1,1,0,1,1, , ,N,0,0,0,3,0,0,2,2,N,N,39 57:34.635,75 10:36.449,1518, ,1514,3,1,3,N, ,0,Y, , , , ,756161, , , ,2,0,0,0,0,0,2,0,0,0,0,0,0,0,0,0,0,0,0,0,1,0,0,0,0,0,0,0,0,0,0,0,0,0,0,0,0,39.9596,-75.1768, , 
 ,66604,2011038394,6,67,67301,2011,3,6,1314,13,1,1,0,4,1, , ,N,0,0,0,3,0,2,2,2,N,N,40 01:11.175,75 10:52.896,1316, ,1315, ,0, , , ,0, , , , , ,756164, , , ,2,2,0,0,0,0,0,0,0,0,0,0,2,2,0,0,0,0,0,0,1,0,0,0,0,0,0,0,0,0,0,0,0,0,0,8,0,40.0198,-75.1814, , 
 ,66605,2011038466,6,67,67301,2011,3,5,840,8,1,1,0,4,1, , ,N,1,2,0,3,0,1,3,3,N,N,40 00:41.506,75 04:11.278,850, ,842,1,1,3,N, ,3,Y, , , , ,756165, , , ,3,2,0,0,0,0,1,0,0,0,0,1,1,0,0,0,0,0,0,0,1,0,0,0,0,0,0,0,0,0,0,0,0,0,0,4,0,40.0115,-75.0698, , 
 ,66606,2011020517,6,67,67301,2011,2,5,537,5,3,1,0,5,1, , ,N,3,0,0,3,0,1,2,2,N,N,39 53:35.717,75 13:42.269,555, ,538,1,1,2,N, ,0,N, , , , ,756236, , , ,2,1,0,0,0,0,1,0,0,0,0,0,1,1,0,0,0,0,0,0,0,0,0,0,0,0,0,0,0,0,0,0,0,0,0,8,0,39.8933,-75.2284, , 
 ,66607,2011023202,6,67,67301,2011,2,3,1718,17,4,2,1,7,5, , ,N,0,0,0,3,0,1,1,1, , ,40 00:15.343,75 09:37.800,1735, ,1727, ,0, , , ,0, , , , , ,756240, , , ,1,1,0,0,0,0,0,0,0,0,0,1,1,0,0,0,0,0,0,0,0,0,0,0,0,0,0,0,0,0,0,0,0,0,0,4,0,40.0043,-75.1605, , 
 ,66608,2011023251,6,67,67301,2011,1,4,506,5,3,4,1,7,3, , ,N,0,0,0,3,0,0,1,1,N,N,40 05:00.467,75 02:00.255,510, ,508,3,1,4, , ,0,N, , , , ,756241, , , ,1,1,0,0,0,0,0,0,0,0,0,0,0,0,1,0,0,0,0,0,0,0,0,0,0,0,0,0,0,0,0,0,0,0,0,9,0,40.0835,-75.0334, , 
 ,66609,2011023278,6,67,67301,2011,1,6,1730,17,4,4,3,5,1, , ,N,0,0,0,3,0,1,2,2,N,N,39 55:23.166,75 09:35.236,2000, ,2000, ,0, ,N, ,0, , , , , ,756242, , , ,1,1,0,0,0,0,0,0,1,0,1,0,1,0,0,0,0,0,0,0,0,0,0,0,0,0,0,0,0,0,0,0,0,0,0,3,0,39.9231,-75.1598, , 
 ,66610,2011023325,6,67,67301,2011,1,2,1909,19,3,1,0,4,1, , ,N,5,3,0,3,0,1,2,2,N,N,40 03:11.671,75 05:31.380,1930, ,1922, ,0, , , ,3, , , , , ,756243, , , ,2,2,0,0,0,0,0,0,0,0,0,1,1,0,0,0,0,0,0,0,0,0,0,0,0,0,0,0,0,0,0,0,0,0,0,4,0,40.0532,-75.0921, , 
 ,66611,2011028983,6,67,67301,2011,2,4,1415,14,1,1,1,4,1, , ,N,1,2,0,3,0,2,3,2, , ,39 59:04.941,75 08:37.921,1959, ,1949, ,0, , , ,3, , , , , ,756248, , , ,2,0,0,0,0,0,2,0,0,0,0,0,2,2,0,0,0,0,0,0,0,0,0,0,0,0,0,0,0,0,0,0,0,0,0,8,0,39.9847,-75.1439, , 
Y,66612,2011049306,6,67,67301,2011,4,6,921,9,1,1,0,1,1,1,4,Y,0,0,0,3,0,0,2,2,N,N,39 54:08.454,75 09:04.488,952,45,923, ,0, ,N, ,0, ,Y,N,N,Y,756268,N,N,Y,2,0,0,0,1,0,0,1,0,0,0,0,0,0,0,0,0,0,0,0,1,0,0,0,0,0,0,0,0,0,0,0,0,0,0,0,0,39.9024,-75.1512, , 
 ,66613,2011003540,6,67,67301,2011,1,5,1551,15,1,1,0,1,1, , ,N,0,0,0,3,0,1,4,3,N,N,39 57:28.978,75 09:50.465,1604, ,1555,1,1,3,N, ,0,N, , , , ,756274, , , ,3,1,0,0,0,1,0,1,0,0,0,0,1,1,0,0,0,0,0,0,1,0,0,0,0,0,0,0,0,0,0,0,0,0,0,8,1,39.958,-75.164, , 
 ,66614,2011029157,6,67,67301,2011,1,7,512,5,2,4,3,1,1, , ,N,0,2,0,3,0,0,2,2,N,N,39 57:21.648,75 11:02.231,536, ,513,2,1,1,N, ,3,Y, , , , ,756298, , , ,2,0,0,0,1,1,0,0,0,0,0,0,0,0,0,0,0,0,0,0,1,0,0,0,0,0,0,0,0,0,0,0,0,0,0,0,1,39.956,-75.184, , 
 ,66615,2011031311,6,67,67301,2011,2,3,9999,99,3,4,3,2,1, , ,N,0,0,0,3,0,2,3,2,N,N,39 55:17.299,75 12:59.277,9999, ,9999, ,0, , , ,0, , , , , ,756300, , , ,2,2,0,0,0,0,0,0,0,0,2,0,2,0,0,0,0,0,0,0,1,0,0,0,0,0,0,0,0,0,0,0,0,0,0,3,0,39.9215,-75.2165, , 
 ,66616,2011033416,6,67,67301,2011,3,4,1749,17,1,1,0,5,1, , ,N,0,0,7,3,0,2,3,2,N,N,39 58:16.717,75 12:56.106,1754, ,1750, ,0, ,N, ,0, , , , , ,756303, , , ,2,2,0,0,0,0,0,0,0,0,0,1,2,1,0,0,0,0,0,0,0,0,0,0,0,0,0,0,0,0,0,0,0,0,0,4,0,39.9713,-75.2156, , 
 ,66617,2011015842,6,67,67301,2011,1,5,1740,17,3,1,1,6,1, , ,N,0,0,0,3,0,0,2,2,N,N,40 07:37.473,75 00:14.281,1758, ,1742, ,0, ,N, ,0, , , , , ,756377, , , ,2,2,0,0,0,0,0,0,0,0,0,0,0,0,1,0,0,0,0,0,1,0,0,0,0,0,0,0,0,0,0,0,0,0,0,9,0,40.1271,-75.004, , 
 ,66618,2011044556,6,67,67301,2011,4,6,1735,17,1,1,0,5,6, , ,N,0,0,0,3,0,1,3,2,N,N,39 57:16.150,75 09:49.788,1755, ,1747, ,0, , , ,0, , , , , ,756407, , , ,2,1,0,1,0,0,0,0,0,0,0,1,1,0,0,0,0,0,0,0,0,0,0,2,0,0,0,0,0,0,0,0,0,0,0,4,1,39.9545,-75.1638, , 
 ,66619,2011015953,6,67,67301,2011,1,2,2325,23,3,4,5,1,1, , ,N,5,2,0,3,0,1,3,2, , ,40 01:00.896,75 08:58.458,2331, ,2331, ,0, , , ,3, , , , , ,756428, , , ,2,2,0,0,0,0,0,0,0,0,0,1,1,0,0,0,0,0,0,0,1,0,0,2,0,0,0,0,0,0,0,0,0,0,0,4,0,40.0169,-75.1495, , 
 ,66620,2011054079,6,67,67301,2011,4,6,1900,19,1,1,0,1,1, , ,N,1,4,0,3,0,2,3,2,N,N,39 58:25.603,75 15:29.678,1905, ,1902, ,0, ,N, ,3, , , , , ,756459, , , ,2,2,0,0,0,0,0,0,0,0,0,2,2,0,0,0,0,0,0,0,0,0,0,2,0,0,0,0,0,0,0,0,0,0,0,4,0,39.9738,-75.2582, , 
 ,66621,2011037991,6,67,67301,2011,3,6,103,1,3,1,0,4,1, , ,N,1,3,0,3,0,1,3,2,N,N,40 00:49.737,75 08:17.969,129, ,108, ,0, ,N, ,3, , , , , ,760381, , , ,2,2,0,0,0,0,0,0,0,0,0,1,1,0,1,0,0,1,0,0,0,0,0,0,0,0,0,0,0,0,0,0,0,0,0,4,0,40.0138,-75.1383, , 
 ,66622,2011044480,6,67,67301,2011,3,3,2136,21,3,1,0,5,1, , ,N,0,0,0,3,0,1,3,2,N,N,40 00:55.727,75 09:16.880,2145, ,2140, ,0, ,N, ,0, , , , , ,760391, , , ,2,2,0,0,0,0,0,0,0,0,0,1,1,0,0,0,0,0,0,0,0,0,0,0,0,0,0,0,0,0,0,0,0,0,0,4,0,40.0155,-75.1547, , 
 ,66623,2011028844,6,67,67301,2011,2,7,1715,17,3,1,0,6,1, , ,N,0,0,0,3,0,0,2,2,N,N,39 56:36.900,75 12:47.500,1750, ,1740, ,0, ,N, ,0, , , , , ,760427, , , ,2,2,0,0,0,0,0,0,0,0,0,0,0,0,0,0,0,0,0,0,0,0,0,0,0,0,0,0,0,0,0,0,0,0,0,0,0,39.9436,-75.2132, , 
 ,66624,2011040370,6,67,67301,2011,3,3,9999,99,3,1,0,4,1, , ,N,2,3,0,3,0,0,2,2,N,N,40 03:41.288,75 08:29.403,2015, ,2003, ,0, ,N, ,3, , , , , ,760433, , , ,2,2,0,0,0,0,0,0,0,0,0,0,0,0,0,0,0,0,0,0,0,1,0,0,0,0,0,0,0,0,0,0,0,0,0,0,0,40.0615,-75.1415, , 
 ,66625,2011046961,6,67,67301,2011,3,5,225,2,3,2,1,4,1, , ,N,1,2,0,3,0,3,3,2,N,N,39 59:21.645,75 07:14.530,235, ,225, ,0, ,N, ,3, , , , , ,760438, , , ,2,2,0,0,0,0,0,0,0,0,0,0,3,3,0,0,0,0,0,0,0,0,0,0,0,0,0,0,0,0,0,0,0,0,0,8,0,39.9893,-75.1207, , 
 ,66626,2011056400,6,67,67301,2011,5,6,1115,11,1,1,0,1,7, , ,N,5,4,2,3,0,2,3,2,N,N,40 00:51.518,75 10:44.170,1135, ,1120, ,0, , , ,3, , , , , ,760448, , , ,2,1,0,0,1,0,0,0,0,0,0,0,2,2,0,0,0,0,0,0,0,0,0,0,0,0,0,0,0,0,0,0,0,0,0,8,0,40.0143,-75.1789, , 
 ,66627,2011056938,6,67,67301,2011,5,7,122,1,3,1,0,7,4, , ,N,0,0,1,3,1,0,1,1,N,N,39 59:44.800,75 09:32.910,133, ,127, ,0, ,N,0,0, , , , , ,760449, , , ,1,1,0,0,0,0,0,0,0,0,0,0,0,0,0,0,0,0,0,0,0,0,0,0,0,0,0,0,0,0,0,0,0,0,0,1,0,39.9958,-75.1591,2, 
 ,66628,2011028690,6,67,67301,2011,2,6,2254,22,3,1,0,7,2, , ,N,0,0,0,3,0,0,1,1,N,N,40 01:19.917,75 02:16.415,2321, ,2309,1,1,1,N, ,0,N, , , , ,760477, , , ,1,1,0,0,0,0,0,0,0,0,0,0,0,0,0,0,0,0,0,0,0,0,0,0,0,0,0,0,0,0,0,0,0,0,0,0,0,40.0221,-75.0381, , 
 ,66629,2011047051,6,67,67301,2011,4,7,1700,17,1,1,0,8,1, , ,N,0,0,0,3,0,1,2,2,N,N,40 03:13.460,75 09:33.102,9999, ,9999, ,0, ,N, ,0, , , , , ,760491, , , ,1,1,0,0,0,0,0,0,0,0,1,0,1,0,1,0,0,0,0,0,0,0,0,0,0,0,0,0,0,0,0,0,1,0,0,3,0,40.0537,-75.1592, , 
 ,66630,2011057016,6,67,67301,2011,5,2,828,8,1,6,1,8,1, , ,N,0,0,0,3,0,1,2,2, , ,40 00:32.950,75 06:07.523,833, ,830, ,0, , , ,0, , , , , ,760499, , , ,1,0,0,0,0,0,1,0,0,0,0,1,1,0,0,0,0,0,0,0,0,0,0,1,0,0,0,0,0,0,0,0,1,0,0,4,0,40.0092,-75.1021, , 
 ,66631,2011057059,6,67,67301,2011,5,5,1814,18,1,1,0,8,1, , ,N,0,0,0,3,0,1,2,3,N,N,40 01:17.547,75 03:26.978,1818, ,1817, ,0, ,N, ,0, , , , , ,760541, , , ,2,2,0,0,0,0,0,0,0,0,0,1,1,0,0,0,0,0,0,0,0,0,0,0,0,0,0,0,0,0,0,0,1,0,0,4,0,40.0215,-75.0575, , 
 ,66632,2011056889,6,67,67301,2011,5,1,1543,15,1,2,1,1,1, , ,N,10,3,0,3,0,1,3,2,N,N,40 03:05.418,75 09:34.912,1555, ,1551, ,0, ,N, ,3, , , , , ,760587, , , ,2,2,0,0,0,0,0,0,0,0,0,1,1,0,0,0,0,0,0,1,1,0,0,0,0,0,0,0,0,0,0,0,0,0,0,4,0,40.0515,-75.1597, , 
 ,66633,2011056937,6,67,67301,2011,5,2,1923,19,1,1,0,8,1, , ,N,0,0,0,3,1,0,2,2,N,N,40 00:10.203,75 07:41.997,1925, ,1924,3,2,7,N,0,0,Y, , , , ,760588, , , ,1,1,0,0,0,0,0,0,0,0,0,0,0,0,0,0,0,0,0,0,0,0,0,0,0,0,0,0,0,0,0,0,1,1,0,1,0,40.0028,-75.1283,2, 
 ,66634,2011038387,6,67,67301,2011,3,6,1850,18,3,1,0,1,1, , ,N,0,0,0,3,0,1,4,2, , ,39 57:36.985,75 09:42.919,1900, ,1853, ,0, , , ,0, , , , , ,760631, , , ,2,2,0,0,0,0,0,0,0,0,0,1,1,0,0,0,0,0,0,0,0,0,0,0,0,0,0,0,0,0,0,0,0,0,0,4,0,39.9603,-75.1619, , 
 ,66635,2011044531,6,67,67301,2011,3,4,1006,10,1,1,0,1,1, , ,N,0,0,99,3,0,0,4,3, , ,40 00:11.608,75 10:57.938,1018, ,1013,1,1,4, , ,0,Y, , , , ,760634, , , ,3,1,0,0,0,0,2,0,0,0,0,0,0,0,0,0,0,0,0,0,1,0,0,0,0,0,0,0,0,0,0,0,0,0,0,0,0,40.0032,-75.1828, , 