wz_ln_closure,objectid_1,crn,district,county,municipality,crash_year,crash_month,day_of_week,time_of_day,hour_of_day,illumination,weather,road_condition,collision_type,relation_to_road,work_zone_type,work_zone_loc,work_zone_ind,intersect_type,tcd_type,location_type,urban_rural,fatal_count,injury_count,person_count,total_units,sch_bus_ind,sch_zone_ind,latitude,longitude,arrival_tm,cons_zone_spd_lim,dispatch_tm,est_hrs_closed,lane_closed,ln_close_dir,ntfy_hiwy_maint,spec_juris_cd,tcd_func_cd,tfc_detour_ind,workers_pres,wz_close_detour,wz_flagger,wz_law_offcr_ind,objectid,wz_moving,wz_other,wz_shlder_mdn,vehicle_count,automobile_count,motorcycle_count,bus_count,small_truck_count,heavy_truck_count,suv_count,van_count,bicycle_count,maj_inj_count,mod_inj_count,min_inj_count,tot_inj_count,unk_inj_deg_count,unk_inj_per_count,driver_count_16yr,driver_count_17yr,driver_count_18yr,driver_count_19yr,driver_count_20yr,driver_count_50_64yr,driver_count_65_74yr,driver_count_75plus,unbelted_occ_count,unb_death_count,unb_maj_inj_count,belted_death_count,belted_maj_inj_count,mcycle_death_count,mcycle_maj_inj_count,bicycle_death_count,bicycle_maj_inj_count,ped_count,ped_death_count,ped_maj_inj_count,max_severity_level,comm_veh_count,dec_lat,dec_long,rdwy_surf_type_cd,county_name
 ,66636,2011056004,6,67,67301,2011,6,4,1044,10,1,1,0,4,1, , ,N,2,0,0,3,0,3,5,3,N,N,40 03:31.759,75 07:53.913,1050, ,1048,3,2,6,N, ,0,Y, , , , ,760646, , , ,3,2,0,0,0,0,0,1,0,0,0,0,3,3,0,0,0,0,0,1,0,1,0,0,0,0,0,0,0,0,0,0,0,0,0,8,0,40.0587,-75.1317, , 
 ,66637,2011056399,6,67,67301,2011,5,2,1326,13,1,1,0,4,1, , ,N,2,3,0,3,0,1,2,2,N,N,40 02:34.600,75 03:23.294,1335, ,1327,1,1,2,N, ,3,N, , , , ,760647, , , ,2,1,0,0,0,0,0,1,0,0,0,1,1,0,0,0,0,0,0,0,0,1,0,0,0,0,0,0,0,0,0,0,0,0,0,4,0,40.0429,-75.0565, , 
 ,66638,2011041408,6,67,67301,2011,4,3,1842,18,1,1,1,7,2, , ,N,0,0,2,3,0,2,2,1,N,N,39 59:57.597,75 05:03.935,1843, ,1843, ,0, ,N, ,0, , , , , ,760728, , , ,1,0,0,0,0,0,1,0,0,0,1,1,2,0,0,0,0,0,0,0,0,0,0,0,0,0,0,0,0,0,0,0,0,0,0,3,0,40.0025,-75.0857, , 
 ,66639,2011023045,6,67,67301,2011,1,4,1050,10,1,4,3,1,1, , ,N,2,2,0,3,0,0,2,2,N,N,39 55:00.228,75 10:52.435,1103, ,1101, ,0, ,N, ,3, , , , , ,760760, , , ,2,0,0,0,0,1,0,1,0,0,0,0,0,0,0,0,0,0,0,0,0,0,0,0,0,0,0,0,0,0,0,0,0,0,0,0,1,39.9167,-75.1812, , 
 ,66640,2011054185,6,67,67301,2011,4,1,1400,14,1,2,1,4,1, , ,N,1,2,0,3,0,2,4,2,N, ,39 57:19.443,75 10:16.111,1450, ,1420, ,0, , , ,3, , , , , ,767969, , , ,2,0,0,0,0,0,2,0,0,0,0,0,2,2,0,0,0,0,0,0,0,0,0,0,0,0,0,0,0,0,0,0,0,0,0,8,0,39.9554,-75.1711, , 
 ,66641,2011054289,6,67,67301,2011,4,7,1324,13,1,1,0,4,1, , ,N,1,2,0,3,0,1,3,2,N, ,40 01:10.898,75 11:03.583,1406, ,1358, ,0, , , ,3, , , , , ,767970, , , ,2,1,0,0,0,0,1,0,0,0,0,1,1,0,0,0,0,0,0,0,0,0,0,0,0,0,0,0,0,0,0,0,0,0,0,4,0,40.0197,-75.1843, , 
 ,66642,2011016207,6,67,67301,2011,2,6,1530,15,1,1,0,1,1, , ,N,0,0,0,3,0,0,4,4,N,N,40 06:36.852,74 59:57.632,1530, ,1530,1,1,4,N, ,0,N, , , , ,767989, , , ,4,2,0,0,0,0,2,0,0,0,0,0,0,0,0,0,0,0,0,0,2,1,0,1,0,0,0,0,0,0,0,0,0,0,0,0,0,40.1102,-74.9993, , 
 ,66643,2011023250,6,67,67301,2011,1,4,902,9,1,4,3,4,1, , ,N,2,2,0,3,0,1,3,2,N,N,40 04:57.225,75 02:26.171,940, ,928, ,0, ,N, ,3, , , , , ,767995, , , ,2,0,0,0,0,0,1,1,0,0,0,0,1,1,0,0,0,0,0,0,0,0,0,0,0,0,0,0,0,0,0,0,0,0,0,8,0,40.0825,-75.0405, , 
 ,66644,2011029430,6,67,67301,2011,2,4,1940,19,3,8,0,5,1, , ,N,0,0,0,3,0,1,1,2,N,N,39 55:56.143,75 09:50.954,1946, ,1944, ,0, ,N, ,0, , , , , ,767997, , , ,2,2,0,0,0,0,0,0,0,0,0,0,1,1,0,0,0,0,0,0,0,0,0,0,0,0,0,0,0,0,0,0,0,0,0,8,0,39.9323,-75.1642, , 
 ,66645,2011039083,6,67,67301,2011,4,5,1525,15,1,1,0,1,2, , ,N,0,0,0,3,0,1,2,2,N,N,39 57:24.497,75 10:49.732,1535, ,1525,2,1,3,N, ,0,N, , , , ,768008, , , ,2,0,0,0,0,1,0,1,0,0,0,0,1,1,0,0,0,0,0,0,0,0,0,0,0,0,0,0,0,0,0,0,0,0,0,8,1,39.9568,-75.1805, , 
 ,66646,2011047039,6,67,67301,2011,4,5,2020,20,3,1,0,1,1, , ,N,1,2,0,3,0,1,4,2,N,N,39 59:27.011,75 07:51.262,2035, ,2028, ,0, , , ,3, , , , , ,768014, , , ,2,1,0,0,0,0,1,0,0,0,0,0,1,1,0,0,0,0,0,0,0,0,0,0,0,0,0,0,0,0,0,0,0,0,0,8,0,39.9908,-75.1309, , 
 ,66647,2011017595,6,67,67301,2011,2,3,806,8,1,1,1,8,1, , ,N,1,2,0,3,0,1,2,2,N,N,39 59:26.172,75 14:57.006,1553, ,1551, ,0, ,N, ,3, , , , , ,768031, , , ,1,1,0,0,0,0,0,0,0,0,0,1,1,0,0,0,0,0,0,0,1,0,0,0,0,0,0,0,0,0,0,0,1,0,0,4,0,39.9905,-75.2492, , 
 ,66648,2011025628,6,67,67301,2011,2,2,2301,23,3,4,3,1,1, , ,N,0,0,0,3,0,0,3,2,N,N,39 52:47.488,75 14:51.670,2315, ,2304, ,0, ,N, ,0, , , , , ,768038, , , ,2,2,0,0,0,0,0,0,0,0,0,0,0,0,0,0,0,0,0,0,0,0,0,0,0,0,0,0,0,0,0,0,0,0,0,0,0,39.8799,-75.2477, , 
 ,66649,2011040357,6,67,67301,2011,3,6,1630,16,1,1,0,4,1, , ,N,5,2,0,3,0,1,3,2, , ,39 59:42.637,75 06:56.944,1636, ,1635, ,0, , , ,3, , , , , ,768051, , , ,2,1,0,0,0,0,1,0,0,0,0,1,1,0,0,0,0,0,1,1,0,0,0,0,0,0,0,0,0,0,0,0,0,0,0,4,0,39.9952,-75.1158, , 
 ,66650,2011054025,6,67,67301,2011,4,7,236,2,3,1,0,7,2, , ,N,3,2,0,3,0,1,1,1,N,N,39 57:24.255,75 10:49.908,2238, ,236, ,0, ,N, ,3, , , , , ,768064, , , ,1,0,0,0,0,0,1,0,0,0,0,0,1,1,0,0,0,0,0,0,0,0,0,0,0,0,0,0,0,0,0,0,0,0,0,8,0,39.9567,-75.1805, , 
 ,66651,2011061905,6,67,67301,2011,5,5,1800,18,1,1,1,4,1, , ,N,1,2,0,3,0,1,2,2, , ,40 02:30.909,75 04:29.910,1845, ,1841, ,0, , , ,3, , , , , ,768067, , , ,1,1,0,0,0,0,0,0,1,0,0,1,1,0,0,0,0,0,0,0,0,0,0,0,0,0,0,0,0,0,0,0,0,0,0,4,0,40.0419,-75.075, , 
 ,66652,2011028699,6,67,67301,2011,3,4,833,8,1,1,0,1,1, , ,N,0,0,0,3,0,1,2,2,N,N,39 58:43.758,75 06:35.976,842, ,841, ,0, ,N, ,0, , , , , ,768093, , , ,2,1,0,0,1,0,0,0,0,0,0,1,1,0,0,0,0,0,0,0,1,0,0,0,0,0,0,0,0,0,0,0,0,0,0,4,0,39.9788,-75.11, , 
 ,66653,2011031407,6,67,67301,2011,2,5,9999,99,1,1,0,7,5, , ,N,0,0,0,3,0,0,1,2, , ,39 58:55.502,75 14:53.412,1229, ,1225, ,0, , , ,0, , , , , ,768096, , , ,2,1,0,0,0,0,1,0,0,0,0,0,0,0,0,0,0,0,0,0,0,0,0,0,0,0,0,0,0,0,0,0,0,0,0,0,0,39.9821,-75.2482, , 
 ,66654,2011038449,6,67,67301,2011,3,4,915,9,1,2,1,4,1, , ,N,1,2,0,3,0,1,2,2, , ,39 55:36.179,75 11:16.425,923, ,922, ,0, , , ,3, , , , , ,768102, , , ,2,2,0,0,0,0,0,0,0,0,0,1,1,0,0,0,0,0,0,0,0,0,0,0,0,0,0,0,0,0,0,0,0,0,0,4,0,39.9267,-75.1879, , 
 ,66655,2011038461,6,67,67301,2011,3,1,721,7,1,1,0,1,1, , ,N,0,2,7,3,0,1,2,2,N,N,40 02:43.301,75 05:16.930,756, ,748,1,2,3,N, ,2,Y, , , , ,768103, , , ,2,0,0,0,0,0,1,1,0,0,0,1,1,0,0,0,0,0,0,0,0,0,0,0,0,0,0,0,0,0,0,0,0,0,0,4,0,40.0448,-75.0871, , 
 ,66656,2011039851,6,67,67301,2011,4,5,1735,17,1,1,0,1,1, , ,N,0,0,0,3,0,0,3,2,N,N,39 58:59.479,75 05:55.194,1736, ,1736, ,0, ,N, ,0, , , , , ,768104, , , ,2,2,0,0,0,0,0,0,0,0,0,0,0,0,0,0,0,0,0,0,1,0,0,0,0,0,0,0,0,0,0,0,0,0,0,0,0,39.9832,-75.0985, , 
 ,66657,2011046957,6,67,67301,2011,4,1,903,9,1,1,0,4,1, , ,N,2,3,0,3,0,2,3,2,N,N,40 01:50.432,75 06:49.371,904, ,903,9,2,4,N, ,3,Y, , , , ,768110, , , ,2,2,0,0,0,0,0,0,0,0,1,1,2,0,1,0,0,0,0,0,0,0,0,0,0,0,0,0,0,0,0,0,0,0,0,3,0,40.0307,-75.1137, , 
 ,66658,2011031162,6,67,67301,2011,2,4,2105,21,3,1,0,1,1, , ,N,1,2,0,3,0,1,3,2,N,N,39 57:25.688,75 12:51.554,2105, ,2105, ,0, ,N, ,3, , , , , ,764823, , , ,2,1,0,0,0,0,1,0,0,0,0,0,1,1,0,0,0,0,0,0,1,0,0,0,0,0,0,0,0,0,0,0,0,0,0,8,0,39.9571,-75.2143, , 
 ,66659,2011038382,6,67,67301,2011,3,7,306,3,3,1,0,6,1, , ,N,0,2,0,3,0,1,1,2,N,N,39 59:53.904,75 04:17.510,615, ,609, ,0, ,N, ,3, , , , , ,764831, , , ,2,2,0,0,0,0,0,0,0,0,0,1,1,0,0,0,0,1,0,0,0,0,0,1,0,0,0,0,0,0,0,0,0,0,0,4,0,39.9983,-75.0715, , 
 ,66660,2011049000,6,67,67301,2011,4,7,9999,99,3,1,0,1,1, , ,N,6,0,2,3,0,2,3,2,N,N,40 01:13.786,75 09:15.325,1122, ,1128,9,1,2,N, ,0,N, , , , ,764839, , , ,2,2,0,0,0,0,0,0,0,0,2,0,2,0,0,0,0,0,0,0,0,0,0,0,0,0,0,0,0,0,0,0,0,0,0,3,0,40.0205,-75.1543, , 
 ,66661,2011010485,6,67,67301,2011,1,2,715,7,1,1,0,4,1, , ,N,1,2,0,3,0,1,2,2,N,N,40 03:25.655,75 07:44.297,721, ,718,2,1,4,N, ,3,N, , , , ,764851, , , ,2,1,0,0,0,0,0,1,0,0,0,1,1,0,0,0,0,0,0,0,0,0,0,0,0,0,0,0,0,0,0,0,0,0,0,4,0,40.0571,-75.1291, , 
 ,66662,2011040412,6,67,67301,2011,3,5,1156,11,1,1,0,4,1, , ,N,1,2,0,3,0,1,2,2,N,N,39 55:09.408,75 13:53.500,1207, ,1201, ,0, ,N, ,3, , , , , ,764881, , , ,2,1,0,0,0,0,1,0,0,0,1,0,1,0,0,0,0,0,0,0,1,0,0,0,0,0,0,0,0,0,0,0,0,0,0,3,0,39.9193,-75.2315, , 
 ,66663,2011022204,6,67,67301,2011,2,3,1337,13,1,1,0,1,1, , ,N,0,0,0,3,0,3,3,2,N,N,39 59:02.339,75 05:48.885,1345, ,1339,2,2,2,N, ,0,N, , , , ,764916, , , ,2,2,0,0,0,0,0,0,0,0,0,0,3,3,0,0,0,0,0,0,0,0,0,1,0,0,0,0,0,0,0,0,0,0,0,8,0,39.984,-75.0968, , 
 ,66664,2011045610,6,67,67301,2011,4,5,1437,14,1,2,1,7,2, , ,N,0,0,0,3,0,3,4,2,N,N,39 55:39.074,75 11:43.760,1451, ,1439,2,1,4,N, ,0,N, , , , ,764930, , , ,2,1,0,0,0,0,0,1,0,0,0,0,3,3,0,0,0,0,0,0,0,0,0,0,0,0,0,0,0,0,0,0,0,0,0,8,0,39.9275,-75.1955, , 
 ,66665,2011009753,6,67,67301,2011,1,7,401,4,3,1,0,4,1, , ,N,1,2,0,3,0,1,4,2,N,N,39 58:26.116,75 12:23.386,411, ,411, ,0, ,N, ,3, , , , , ,764943, , , ,2,1,0,0,0,0,1,0,0,0,0,0,1,1,0,0,0,0,0,0,0,0,0,0,0,0,0,0,0,0,0,0,0,0,0,8,0,39.9738,-75.2064, , 
 ,66666,2011031146,6,67,67301,2011,2,7,2250,22,3,1,0,2,1, , ,N,1,0,0,3,0,1,4,2, , ,40 00:46.291,75 04:18.659,2327, ,2253, ,0, , , ,0, , , , , ,764956, , , ,2,1,0,0,0,0,1,0,0,0,0,0,1,1,1,0,0,1,0,0,0,0,0,0,0,0,0,0,0,0,0,0,0,0,0,8,0,40.0129,-75.0718, , 
 ,66667,2011047288,6,67,67301,2011,4,7,1411,14,1,1,0,5,1, , ,N,0,2,0,3,0,1,2,2,N,N,39 57:39.637,75 14:44.419,1413, ,1411, ,0, ,N, ,3, , , , , ,764969, , , ,2,0,1,0,0,0,1,0,0,0,0,1,1,0,0,0,0,0,0,0,0,0,0,0,0,0,0,0,0,0,0,0,0,0,0,4,0,39.961,-75.2457, , 
 ,66668,2011054056,6,67,67301,2011,4,2,1015,10,1,1,0,1,1, , ,N,1,2,0,3,0,0,2,2,N,N,39 56:49.898,75 10:41.282,1020, ,1018, ,0, , , ,3, , , , , ,764974, , , ,2,2,0,0,0,0,0,0,0,0,0,0,0,0,0,0,0,0,0,0,1,0,0,2,0,0,0,0,0,0,0,0,0,0,0,0,0,39.9472,-75.1781, , 
 ,66669,2011061362,6,67,67301,2011,3,7,9999,99,3,1,0,1,1, , ,N,1,2,0,3,0,2,3,2,N,N,40 04:16.614,75 02:17.825,42, ,39,2,1,2,N, ,3,N, , , , ,764982, , , ,2,2,0,0,0,0,0,0,0,0,0,0,2,2,0,0,0,0,0,0,0,0,0,0,0,0,0,0,0,0,0,0,0,0,0,8,0,40.0713,-75.0383, , 
 ,66670,2011040336,6,67,67301,2011,3,1,9999,99,3,1,0,4,1, , ,N,1,2,2,3,0,1,3,2,N,N,39 54:37.276,75 09:03.431,20, ,14, ,0, ,N, ,9, , , , , ,765018, , , ,2,2,0,0,0,0,0,0,0,0,0,1,1,0,0,0,0,0,0,0,0,0,0,0,0,0,0,0,0,0,0,0,0,0,0,4,0,39.9104,-75.151, , 
 ,66671,2011054169,6,67,67301,2011,4,6,1435,14,1,1,0,5,1, , ,N,1,2,0,3,0,1,2,2,N,N,40 05:17.708,75 02:04.879,1446, ,1443,1,1,2,N, ,2,N, , , , ,765028, , , ,2,2,0,0,0,0,0,0,0,0,0,1,1,0,0,0,0,0,0,0,0,0,0,0,0,0,0,0,0,0,0,0,0,0,0,4,0,40.0882,-75.0346, , 
 ,66672,2011015938,6,67,67301,2011,1,7,1302,13,1,4,3,7,2, , ,N,2,3,0,3,0,1,1,1,N,N,40 07:49.029,75 01:03.202,9999, ,9999, ,0, ,N, ,3, , , , , ,765045, , , ,1,1,0,0,0,0,0,0,0,0,0,0,1,1,0,0,0,0,0,0,1,0,0,0,0,0,0,0,0,0,0,0,0,0,0,8,0,40.1303,-75.0176, , 
 ,66673,2011027333,6,67,67301,2011,3,2,1015,10,1,1,0,0,2, , ,N,0,2,0,3,0,1,1,1,N,N,40 01:05.398,75 02:49.631,1115, ,1055,3,1,3,N, ,3,N, , , , ,765053, , , ,1,0,0,0,0,1,0,0,0,0,0,1,1,0,0,0,0,0,0,0,1,0,0,0,0,0,0,0,0,0,0,0,0,0,0,4,1,40.0182,-75.047, , 
 ,66674,2011061832,6,67,67301,2011,5,2,1110,11,1,1,0,5,1, , ,N,0,2,0,3,0,1,2,2,N,N,40 01:01.406,75 08:57.961,1110, ,1110, ,0, , , ,3, , , , , ,765128, , , ,1,1,0,0,0,0,0,0,1,0,0,0,1,1,0,0,0,0,0,0,0,0,0,1,0,0,0,0,0,0,0,0,0,0,0,8,0,40.0171,-75.1494, , 
 ,66675,2011064076,6,67,67301,2011,5,5,805,8,1,1,0,8,1, , ,N,0,0,0,3,0,1,1,2,N,N,40 00:27.498,75 07:38.415,810, ,807, ,0, ,N, ,0, , , , , ,765132, , , ,1,0,0,1,0,0,0,0,0,0,1,0,1,0,0,0,0,0,0,0,0,0,0,0,0,0,0,0,0,0,0,0,1,0,0,3,1,40.0076,-75.1273, , 
 ,66676,2011056820,6,67,67301,2011,5,1,825,8,1,2,1,7,2, , ,N,1,2,0,3,0,1,1,2,N,N,40 01:21.131,75 08:12.203,912, ,901, ,0, ,N, ,3, , , , , ,756462, , , ,2,1,0,0,0,0,1,0,0,0,1,0,1,0,0,0,0,0,0,0,0,0,0,1,0,0,0,0,0,0,0,0,0,0,0,3,0,40.0225,-75.1368, , 
 ,66677,2011018842,6,67,67301,2011,2,7,2252,22,3,1,0,6,1, , ,N,5,2,0,3,0,1,3,2,N,N,40 04:51.445,75 01:43.230,2307, ,2259,2,1,2,N, ,3,N, , , , ,756480, , , ,2,2,0,0,0,0,0,0,0,0,0,1,1,0,0,0,0,0,1,0,0,0,0,0,0,0,0,0,0,0,0,0,0,0,0,4,0,40.0809,-75.0288, , 
 ,66678,2011038350,6,67,67301,2011,3,5,1700,17,1,1,0,1,1, , ,N,0,0,0,3,0,5,6,2,N,N,40 00:27.447,75 05:26.877,1910, ,1906, ,0, ,N, ,0, , , , , ,756496, , , ,2,1,0,0,0,0,1,0,0,0,0,0,5,5,0,0,0,0,0,0,0,0,0,0,0,0,0,0,0,0,0,0,0,0,0,8,0,40.0076,-75.0908, , 
 ,66679,2011043501,6,67,67301,2011,4,4,812,8,1,1,0,1,1, , ,N,6,0,2,3,0,2,7,4,N,N,39 53:55.489,75 10:12.392,824, ,815,2,1,1,N, ,0,N, , , , ,756502, , , ,4,1,0,0,0,0,3,0,0,0,0,2,2,0,0,0,0,0,0,0,0,0,1,0,0,0,0,0,0,0,0,0,0,0,0,4,0,39.9,-75.1598, , 
 ,66680,2011044591,6,67,67301,2011,4,6,2020,20,3,1,0,4,1, , ,N,5,2,0,3,0,0,4,2, , ,40 02:03.612,75 04:29.625,2021, ,2021,1,1,2, , ,3,N, , , , ,756504, , , ,2,1,0,0,1,0,0,0,0,0,0,0,0,0,0,0,0,0,0,0,0,0,0,0,0,0,0,0,0,0,0,0,0,0,0,0,0,40.0344,-75.0748, , 
 ,66681,2011033468,6,67,67301,2011,3,2,9999,99,1,1,0,4,1, , ,N,0,0,7,3,0,1,2,2,N,N,39 53:39.228,75 10:26.490,1650, ,1648, ,0, ,N, ,0, , , , , ,756542, , , ,2,2,0,0,0,0,0,0,0,0,0,0,1,1,0,0,0,0,0,0,1,0,0,0,0,0,0,0,0,0,0,0,0,0,0,8,0,39.8942,-75.174, , 
 ,66682,2011038199,6,67,67301,2011,3,6,9999,99,1,1,0,8,9, , ,N,0,0,0,3,0,1,2,2,N,N,39 59:42.079,75 07:33.872,1700, ,1700,3,2,1,N, ,0,N, , , , ,756546, , , ,1,1,0,0,0,0,0,0,0,0,1,0,1,0,0,0,0,0,0,0,0,0,0,0,0,0,0,0,0,0,0,0,1,0,0,3,0,39.995,-75.1261, , 
 ,66683,2011044543,6,67,67301,2011,4,6,1140,11,1,2,1,1,1, , ,N,2,0,0,3,0,1,2,2,N,N,39 58:31.919,75 06:56.201,1210, ,1210, ,0, ,N, ,0, , , , , ,756550, , , ,2,2,0,0,0,0,0,0,0,0,0,1,1,0,0,0,0,0,1,1,0,0,0,0,0,0,0,0,0,0,0,0,0,0,0,4,0,39.9755,-75.1157, , 
 ,66684,2011054195,6,67,67301,2011,4,6,540,5,1,1,0,8,1, , ,N,2,2,0,3,0,1,2,2,N,N,39 57:11.998,75 08:23.310,550, ,547, ,0, ,N, ,3, , , , , ,756560, , , ,1,0,0,0,0,0,1,0,0,1,0,0,1,0,1,0,0,0,0,0,0,0,0,0,0,0,0,0,0,0,0,0,1,0,1,2,0,39.9535,-75.1398, , 
 ,66685,2011040440,6,67,67301,2011,3,3,2100,21,4,1,0,1,1, , ,N,0,0,0,3,0,1,2,2,N,N,40 03:02.180,75 05:50.907,2110, ,2107,9,1,3,N, ,0,N, , , , ,756595, , , ,2,0,0,0,0,0,1,1,0,0,0,1,1,0,0,0,0,0,0,0,0,0,0,0,0,0,0,0,0,0,0,0,0,0,0,4,0,40.0506,-75.0975, , 
 ,66686,2011044852,6,67,67301,2011,4,2,1409,14,1,1,0,1,1, , ,N,0,0,0,3,0,2,5,2,N,N,40 06:37.571,75 01:29.106,1419, ,1410, ,0, ,N, ,0, , , , , ,756596, , , ,2,2,0,0,0,0,0,0,0,0,0,2,2,0,0,0,0,0,0,0,2,0,0,1,0,0,0,0,0,0,0,0,0,0,0,4,0,40.1104,-75.0248, , 
 ,66687,2011054181,6,67,67301,2011,4,5,800,8,1,1,0,4,1, , ,N,0,0,0,3,0,1,3,2,N,N,39 59:53.633,75 07:37.852,810, ,726, ,0, ,N, ,0, , , , , ,756603, , , ,2,2,0,0,0,0,0,0,0,0,0,1,1,0,0,0,0,0,0,0,0,0,0,1,0,0,0,0,0,0,0,0,0,0,0,4,0,39.9982,-75.1272, , 
 ,66688,2011054295,6,67,67301,2011,4,1,1335,13,1,1,0,7,2, , ,N,0,0,0,3,0,1,1,1,N,N,40 00:55.596,75 12:30.436,1340, ,1337, ,0, ,N, ,0, , , , , ,756604, , , ,1,0,1,0,0,0,0,0,0,0,1,0,1,0,0,0,0,0,0,0,0,0,0,0,0,0,0,0,0,0,0,0,0,0,0,3,0,40.0153,-75.2082, , 
 ,66689,2011054337,6,67,67301,2011,4,7,128,1,3,2,1,8,1, , ,N,2,0,0,3,0,3,3,2,N, ,39 55:26.248,75 09:46.069,128, ,129,1,2,2, , ,0,Y, , , , ,756605, , , ,1,1,0,0,0,0,0,0,0,0,1,1,3,1,0,0,0,0,0,0,0,0,0,1,0,0,0,0,0,0,0,0,1,0,0,3,0,39.924,-75.1628, , 
 ,66690,2011029090,6,67,67301,2011,1,2,1330,13,1,1,0,4,1, , ,N,1,2,0,3,0,2,2,2,N,N,40 04:19.382,75 00:46.920,1338, ,1338, ,0, , , ,3, , , , , ,756638, , , ,2,2,0,0,0,0,0,0,0,0,1,1,2,0,0,0,0,0,0,0,0,0,0,0,0,0,0,0,0,0,0,0,0,0,0,3,0,40.0721,-75.013, , 
 ,66691,2011029116,6,67,67301,2011,2,7,2354,23,3,1,0,5,1, , ,N,0,0,0,3,0,0,1,4,N,N,40 00:50.290,75 12:12.938,5, ,2357, ,0, ,N, ,0, , , , , ,756639, , , ,4,4,0,0,0,0,0,0,0,0,0,0,0,0,0,0,0,0,0,0,0,0,0,0,0,0,0,0,0,0,0,0,0,0,0,0,0,40.0139,-75.2034, , 
 ,66692,2011040634,6,67,67301,2011,3,1,1640,16,1,1,0,4,1, , ,N,1,3,0,3,0,2,3,3, , ,40 01:09.282,75 07:52.751,1650, ,1646, ,0, , , ,3, , , , , ,756647, , , ,3,1,1,0,1,0,0,0,0,2,0,0,2,0,0,1,0,0,0,0,0,0,0,0,0,0,0,0,0,2,0,0,0,0,0,2,0,40.0192,-75.1313, , 
 ,66693,2011054331,6,67,67301,2011,4,7,2118,21,3,2,1,4,1, , ,N,1,1,0,3,0,2,2,2,N,N,39 57:00.353,75 09:50.402,9999, ,2119, ,0, ,N, ,1, , , , , ,756695, , , ,2,2,0,0,0,0,0,0,0,0,1,1,2,0,0,0,0,0,0,0,1,0,0,0,0,0,0,0,0,0,0,0,0,0,0,3,0,39.9501,-75.164, , 
 ,66694,2011029014,6,67,67301,2011,2,2,809,8,5,1,0,8,1, , ,N,1,2,0,3,0,1,2,2,N,N,40 02:43.800,75 09:53.514,826, ,810, ,0, , , ,2, , , , , ,760769, , , ,1,1,0,0,0,0,0,0,0,0,0,0,1,1,0,0,0,0,0,0,0,0,1,0,0,0,0,0,0,0,0,0,1,0,0,8,0,40.0455,-75.1649, , 
 ,66695,2011033493,6,67,67301,2011,2,2,1418,14,1,2,1,1,1, , ,N,0,0,3,3,0,3,4,3,N,N,39 55:11.248,75 12:06.168,1420, ,1418,2,1,3,N, ,0,N, , , , ,760772, , , ,3,2,0,0,0,0,0,1,0,0,0,0,3,3,1,0,0,0,0,0,0,0,0,0,0,0,0,0,0,0,0,0,0,0,0,8,0,39.9198,-75.2016, , 
 ,66696,2011057918,6,67,67301,2011,6,5,1745,17,1,1,0,1,1, , ,N,0,0,0,3,0,1,5,3,N,N,40 03:13.263,74 59:10.799,1745, ,1745, ,0, ,N, ,0, , , , , ,760784, , , ,3,3,0,0,0,0,0,0,0,0,0,1,1,0,0,0,0,0,1,0,0,0,0,0,0,0,0,0,0,0,0,0,0,0,0,4,0,40.0538,-74.9863, , 
 ,66697,2011029155,6,67,67301,2011,2,6,620,6,5,1,0,5,1, , ,N,0,0,0,3,0,0,1,2,N,N,39 56:01.798,75 10:38.726,745, ,742, ,0, ,N, ,0, , , , , ,760819, , , ,2,1,0,0,1,0,0,0,0,0,0,0,0,0,0,0,0,0,0,0,0,0,0,0,0,0,0,0,0,0,0,0,0,0,0,0,0,39.9338,-75.1774, , 
 ,66698,2011031596,6,67,67301,2011,2,4,1336,13,1,1,0,4,1, , ,N,0,0,0,3,0,1,4,2,N,N,40 04:01.876,75 09:29.055,1341, ,1338,1,1,4,N, ,0,Y, , , , ,760821, , , ,2,2,0,0,0,0,0,0,0,0,0,0,1,1,1,0,0,0,0,0,0,0,0,0,0,0,0,0,0,0,0,0,0,0,0,8,0,40.0672,-75.1581, , 
 ,66699,2011033525,6,67,67301,2011,3,4,1945,19,3,1,0,8,5, , ,N,0,0,0,3,0,1,1,2,N,N,40 01:26.994,75 09:41.212,2325, ,2318, ,0, ,N, ,0, , , , , ,760824, , , ,1,1,0,0,0,0,0,0,0,0,0,1,1,0,0,0,0,0,0,0,0,0,0,0,0,0,0,0,0,0,0,0,1,0,0,4,0,40.0242,-75.1614, , 
 ,66700,2011010006,6,67,67301,2011,1,7,630,6,5,4,1,2,1, , ,N,2,0,0,3,0,1,1,3,N,N,40 04:14.624,75 10:52.157,835, ,828, ,0, ,N, ,0, , , , , ,760893, , , ,3,1,0,0,0,0,2,0,0,0,0,1,1,0,0,0,0,0,0,0,0,0,0,1,0,0,0,0,0,0,0,0,0,0,0,4,0,40.0707,-75.1812, , 
 ,66701,2011049007,6,67,67301,2011,4,6,2300,23,2,2,1,4,1, , ,N,1,1,0,3,0,1,3,2,N,N,40 00:45.495,75 09:39.526,2305, ,2304, ,0, , , ,3, , , , , ,760925, , , ,2,1,0,0,0,0,0,1,0,0,0,1,1,0,0,0,0,0,0,0,1,0,0,0,0,0,0,0,0,0,0,0,0,0,0,4,0,40.0126,-75.1609, , 