wz_ln_closure,objectid_1,crn,district,county,municipality,crash_year,crash_month,day_of_week,time_of_day,hour_of_day,illumination,weather,road_condition,collision_type,relation_to_road,work_zone_type,work_zone_loc,work_zone_ind,intersect_type,tcd_type,location_type,urban_rural,fatal_count,injury_count,person_count,total_units,sch_bus_ind,sch_zone_ind,latitude,longitude,arrival_tm,cons_zone_spd_lim,dispatch_tm,est_hrs_closed,lane_closed,ln_close_dir,ntfy_hiwy_maint,spec_juris_cd,tcd_func_cd,tfc_detour_ind,workers_pres,wz_close_detour,wz_flagger,wz_law_offcr_ind,objectid,wz_moving,wz_other,wz_shlder_mdn,vehicle_count,automobile_count,motorcycle_count,bus_count,small_truck_count,heavy_truck_count,suv_count,van_count,bicycle_count,maj_inj_count,mod_inj_count,min_inj_count,tot_inj_count,unk_inj_deg_count,unk_inj_per_count,driver_count_16yr,driver_count_17yr,driver_count_18yr,driver_count_19yr,driver_count_20yr,driver_count_50_64yr,driver_count_65_74yr,driver_count_75plus,unbelted_occ_count,unb_death_count,unb_maj_inj_count,belted_death_count,belted_maj_inj_count,mcycle_death_count,mcycle_maj_inj_count,bicycle_death_count,bicycle_maj_inj_count,ped_count,ped_death_count,ped_maj_inj_count,max_severity_level,comm_veh_count,dec_lat,dec_long,rdwy_surf_type_cd,county_name
 ,66902,2011029199,6,67,67301,2011,1,2,1020,10,1,1,0,8,1, , ,N,1,2,0,3,0,1,3,2, , ,39 57:01.358,75 08:49.932,1031, ,1030, ,0, , , ,3, , , , , ,757356, , , ,1,1,0,0,0,0,0,0,0,0,0,1,1,0,0,0,0,0,0,0,0,1,0,2,0,0,0,0,0,0,0,0,1,0,0,4,0,39.9503,-75.1473, , 
 ,66903,2011044600,6,67,67301,2011,4,6,300,3,2,2,1,4,1, , ,N,1,3,0,3,0,1,2,3, , ,40 01:53.367,75 07:43.093,313, ,311, ,0, , , ,3, , , , , ,757369, , , ,3,3,0,0,0,0,0,0,0,0,0,1,1,0,0,0,0,0,0,0,0,0,0,1,0,0,0,0,0,0,0,0,0,0,0,4,0,40.0315,-75.1286, , 
 ,66904,2011044618,6,67,67301,2011,4,6,955,9,1,2,1,7,2, , ,N,2,3,0,3,0,1,1,1, , ,40 01:46.540,75 02:05.069,1015, ,1009, ,0, , , ,3, , , , , ,757370, , , ,1,1,0,0,0,0,0,0,0,0,0,0,1,1,0,0,0,0,0,0,0,0,0,0,0,0,0,0,0,0,0,0,0,0,0,8,0,40.0296,-75.0347, , 
 ,66905,2011053584,6,67,67301,2011,4,1,1017,10,1,1,0,4,1, , ,N,1,2,0,3,0,2,2,2,N,Y,39 59:13.322,75 10:27.753,1018, ,1017,1,1,7,N, ,2,Y, , , , ,757376, , , ,2,0,0,0,1,0,0,1,0,0,0,2,2,0,0,0,0,0,0,0,0,0,0,0,0,0,0,0,0,0,0,0,0,0,0,4,0,39.987,-75.1744, , 
 ,66906,2011013308,6,67,67301,2011,1,6,705,7,1,1,0,7,2, , ,N,0,0,0,3,0,1,1,1,N,N,40 02:53.334,74 59:55.895,718, ,709,2,1,2,N, ,0,N, , , , ,757382, , , ,1,1,0,0,0,0,0,0,0,0,0,1,1,0,0,0,0,0,0,0,0,0,0,0,0,0,0,0,0,0,0,0,0,0,0,4,0,40.0481,-74.999, , 
 ,66907,2011029421,6,67,67301,2011,1,1,815,8,1,4,3,1,1, , ,N,1,3,0,3,0,1,2,2,N,N,40 01:25.191,75 06:57.476,820, ,815, ,0, , , ,3, , , , , ,757405, , , ,2,2,0,0,0,0,0,0,0,0,0,0,1,1,0,0,0,0,0,0,0,1,0,0,0,0,0,0,0,0,0,0,0,0,0,8,0,40.0237,-75.116, , 
 ,66908,2011031176,6,67,67301,2011,2,1,1840,18,3,1,0,4,1, , ,N,5,3,0,3,0,0,3,2,N,N,40 03:23.726,75 01:42.707,1900, ,1846, ,0, ,N, ,3, , , , , ,757409, , , ,2,1,0,0,0,0,1,0,0,0,0,0,0,0,0,0,0,0,0,0,0,0,0,0,0,0,0,0,0,0,0,0,0,0,0,0,0,40.0566,-75.0285, , 
 ,66909,2011031303,6,67,67301,2011,2,1,1710,17,1,1,0,5,1, , ,N,1,2,0,3,0,2,4,2,N,N,40 01:34.204,75 02:13.707,1725, ,1725,1,1,3,N, ,3,Y, , , , ,757446, , , ,2,2,0,0,0,0,0,0,0,0,0,0,2,2,0,0,0,1,0,0,1,0,0,0,0,0,0,0,0,0,0,0,0,0,0,8,0,40.0244,-75.0343, , 
 ,66910,2011049202,6,67,67301,2011,4,5,2020,20,3,1,0,1,1, , ,N,0,0,3,3,0,1,2,2,N,N,40 00:44.497,75 12:16.183,2030, ,2025, ,0, ,N, ,0, , , , , ,757459, , , ,2,2,0,0,0,0,0,0,0,0,0,1,1,0,0,0,0,0,0,0,0,1,0,0,0,0,0,0,0,0,0,0,0,0,0,4,0,40.0135,-75.2046, , 
 ,66911,2011015211,6,67,67301,2011,1,7,2334,23,3,1,0,1,2, , ,N,0,0,0,3,0,0,2,2,N,N,39 52:58.004,75 14:41.751,0, ,2345, ,0, ,N, ,0, , , , , ,757480, , , ,2,0,0,0,1,0,1,0,0,0,0,0,0,0,0,0,0,0,0,0,1,0,0,0,0,0,0,0,0,0,0,0,0,0,0,0,0,39.8828,-75.2449, , 
 ,66912,2011037886,6,67,67301,2011,3,2,9999,99,8,1,0,4,1, , ,N,1,3,0,3,0,1,4,2,N,N,39 54:49.737,75 09:30.164,2054, ,2050, ,9, ,N, ,3,N, , , , ,757497, , , ,2,1,0,0,0,0,1,0,0,0,0,1,1,0,2,0,0,1,0,0,0,0,0,1,0,0,0,0,0,0,0,0,0,0,0,4,0,39.9138,-75.1584, , 
 ,66913,2011045082,6,67,67301,2011,4,3,953,9,1,1,0,1,1, , ,N,0,0,0,3,0,0,3,2,N,N,39 59:55.213,75 04:51.806,1008, ,957,1,1,2,N, ,0,N, , , , ,757508, , , ,2,1,0,0,0,0,1,0,0,0,0,0,0,0,0,0,0,0,0,0,1,0,1,0,0,0,0,0,0,0,0,0,0,0,0,0,0,39.9988,-75.081, , 
 ,66914,2011033532,6,67,67301,2011,2,1,109,1,3,1,0,7,5, , ,N,0,0,0,3,0,0,1,1,N,N,40 01:30.694,75 09:33.814,112, ,109, ,0, ,N, ,0, , , , , ,757539, , , ,1,1,0,0,0,0,0,0,0,0,0,0,0,0,1,0,0,0,0,0,1,0,0,1,0,0,0,0,0,0,0,0,0,0,0,9,0,40.0252,-75.1594, , 
 ,66915,2011031426,6,67,67301,2011,2,2,1500,15,1,1,0,2,1, , ,N,1,2,0,3,0,1,2,2,N,N,39 57:17.161,75 14:10.471,1853, ,1851, ,0, ,N, ,3, , , , , ,761680, , , ,2,2,0,0,0,0,0,0,0,0,0,0,1,1,1,0,0,0,0,0,0,1,0,0,0,0,0,0,0,0,0,0,0,0,0,8,0,39.9548,-75.2362, , 
 ,66916,2011054253,6,67,67301,2011,4,4,1859,18,4,2,1,7,1, , ,N,0,8,0,3,0,1,1,1,N,N,40 00:55.795,75 10:36.622,1906, ,1903,1,2,4,N, ,3,N, , , , ,761703, , , ,1,1,0,0,0,0,0,0,0,0,1,0,1,0,0,0,0,0,0,0,0,0,0,0,0,0,0,0,0,0,0,0,0,0,0,3,0,40.0155,-75.1768, , 
 ,66917,2011054343,6,67,67301,2011,4,2,220,2,3,1,0,7,3, , ,N,0,2,0,3,0,0,4,1,N,N,40 06:15.166,75 00:07.761,240, ,230, ,0, ,N, ,3, , , , , ,761704, , , ,1,1,0,0,0,0,0,0,0,0,0,0,0,0,0,0,0,0,0,0,0,0,0,0,0,0,0,0,0,0,0,0,0,0,0,0,0,40.1042,-75.0022, , 
 ,66918,2011037960,6,67,67301,2011,3,7,1515,15,1,1,0,8,1, , ,N,1,3,0,3,0,2,3,3,N,N,39 58:44.868,75 07:32.152,1608, ,1607, ,0, , , ,3, , , , , ,761738, , , ,1,0,0,0,1,0,0,0,0,0,0,2,2,0,0,0,0,0,0,0,0,0,0,0,0,0,0,0,0,0,0,0,2,0,0,4,0,39.9791,-75.1256, , 
 ,66919,2011054209,6,67,67301,2011,4,4,1120,11,1,1,0,8,1, , ,N,0,0,0,3,0,1,2,2,N,N,39 59:38.419,75 06:40.457,1240, ,1220, ,0, ,N, ,0, , , , , ,761754, , , ,1,1,0,0,0,0,0,0,0,0,0,0,1,1,1,0,0,0,0,0,0,0,0,0,0,0,0,0,0,0,0,0,1,0,0,8,0,39.994,-75.1112, , 
 ,66920,2011054272,6,67,67301,2011,4,1,1510,15,1,1,0,4,9, , ,N,0,0,7,3,0,1,2,2,N,N,39 55:19.264,75 13:16.946,1526, ,1526, ,0, ,N, ,0, , , , , ,761755, , , ,1,1,0,0,0,0,0,0,1,0,0,1,1,0,1,0,0,0,0,0,0,0,0,0,0,0,0,0,0,0,0,0,0,0,0,4,0,39.922,-75.2214, , 
 ,66921,2011029160,6,67,67301,2011,1,7,215,2,3,4,1,1,6, , ,N,0,0,0,3,0,0,3,3,N,N,40 01:01.939,75 09:16.475,221, ,219, ,0, ,N, ,0, , , , , ,761765, , , ,3,3,0,0,0,0,0,0,0,0,0,0,0,0,1,0,0,0,0,0,0,0,0,0,0,0,0,0,0,0,0,0,0,0,0,9,0,40.0172,-75.1545, , 
 ,66922,2011031397,6,67,67301,2011,2,7,1953,19,3,1,0,4,1, , ,N,0,0,0,3,0,2,5,2,N,N,40 02:12.788,75 04:08.879,2001, ,1955, ,0, ,N, ,0, , , , , ,761824, , , ,2,2,0,0,0,0,0,0,0,0,0,2,2,0,0,0,0,0,1,0,0,0,0,0,0,0,0,0,0,0,0,0,0,0,0,4,0,40.0369,-75.0691, , 
 ,66923,2011035685,6,67,67301,2011,2,7,2014,20,2,1,0,4,1, , ,N,0,0,0,3,1,1,13,6,N,N,40 00:31.748,75 09:04.412,2016, ,2015,3,2,5,N,0,0,Y, , , , ,761828, , , ,4,4,0,0,0,0,0,0,0,0,1,0,1,0,11,0,0,0,0,0,1,0,0,2,0,0,0,0,0,0,0,0,2,1,0,1,0,40.0088,-75.1512,2, 
 ,66924,2011038380,6,67,67301,2011,3,7,1205,12,1,1,0,4,1, , ,N,1,2,0,3,0,1,3,2,N,N,39 57:40.536,75 14:05.401,1225, ,1218, ,0, ,N, ,3, , , , , ,761831, , , ,2,1,0,0,0,0,1,0,0,0,0,1,1,0,0,0,0,0,0,0,0,0,0,0,0,0,0,0,0,0,0,0,0,0,0,4,0,39.9612,-75.2349, , 
 ,66925,2011056396,6,67,67301,2011,5,1,830,8,1,1,0,7,5, , ,N,3,3,0,3,0,0,1,2, , ,40 03:23.101,75 09:26.891,841, ,835, ,0, , , ,3, , , , , ,761849, , , ,2,2,0,0,0,0,0,0,0,0,0,0,0,0,0,0,0,0,0,0,0,0,0,0,0,0,0,0,0,0,0,0,0,0,0,0,0,40.0564,-75.1575, , 
 ,66926,2011032403,6,67,67301,2011,3,5,915,9,1,1,0,1,1, , ,N,0,0,5,3,0,0,2,2,N,N,39 54:36.770,75 09:25.190,916, ,916, ,0, ,N, ,0, , , , , ,761864, , , ,2,0,0,0,1,0,1,0,0,0,0,0,0,0,0,0,0,0,0,0,0,1,0,0,0,0,0,0,0,0,0,0,0,0,0,0,0,39.9102,-75.157, , 
 ,66927,2011050901,6,67,67301,2011,5,7,1706,17,1,2,1,1,1, , ,N,6,4,2,3,0,1,3,2,N,N,39 56:57.647,75 11:03.883,1719, ,1710,1,1,4,N, ,3,N, , , , ,761875, , , ,2,1,0,0,0,0,1,0,0,0,0,0,1,1,0,0,0,0,0,0,0,0,0,0,0,0,0,0,0,0,0,0,0,0,0,8,0,39.9493,-75.1844, , 
 ,66928,2011052997,6,67,67301,2011,5,7,901,9,1,1,0,1,1, , ,N,0,0,2,3,0,0,3,3,N,N,39 57:30.047,75 10:50.642,913, ,907, ,0, ,N, ,0, , , , , ,761877, , , ,3,1,0,0,0,0,2,0,0,0,0,0,0,0,1,0,0,0,0,0,0,0,0,0,0,0,0,0,0,0,0,0,0,0,0,9,0,39.9583,-75.1807, , 
 ,66929,2011054507,6,67,67301,2011,5,6,1128,11,1,1,0,1,1, , ,N,0,0,0,3,0,0,2,2,N,N,39 57:36.843,75 10:50.474,1146, ,1134,1,1,4,N, ,0,N, , , , ,761878, , , ,2,1,0,0,0,0,1,0,0,0,0,0,0,0,0,0,0,0,0,0,0,0,0,0,0,0,0,0,0,0,0,0,0,0,0,0,0,39.9602,-75.1807, , 
 ,66930,2011068430,6,67,67301,2011,6,6,204,2,3,1,0,1,1, , ,N,1,2,0,3,0,1,4,2,N,N,40 03:17.807,75 10:48.824,225, ,205,1,2,5,N, ,3,N, , , , ,761889, , , ,2,2,0,0,0,0,0,0,0,0,0,1,1,0,0,0,0,0,0,0,1,0,0,0,0,0,0,0,0,0,0,0,0,0,0,4,0,40.0549,-75.1802, , 
 ,66931,2011047092,6,67,67301,2011,4,1,350,3,3,1,0,4,1, , ,N,1,3,0,3,0,0,4,3,N,N,40 02:40.840,75 04:29.258,357, ,354, ,0, ,N, ,3, , , , , ,761930, , , ,3,2,0,0,0,0,1,0,0,0,0,0,0,0,0,0,0,0,0,0,0,0,0,0,0,0,0,0,0,0,0,0,0,0,0,0,0,40.0447,-75.0748, , 
 ,66932,2011056925,6,67,67301,2011,5,3,1930,19,4,1,0,8,1, , ,N,0,0,0,3,0,1,2,2,N,N,40 06:58.867,75 01:56.290,1938, ,1935, ,0, ,N, ,0, , , , , ,761941, , , ,1,1,0,0,0,0,0,0,0,0,1,0,1,0,0,0,0,0,0,0,1,0,0,0,0,0,0,0,0,0,0,0,1,0,0,3,0,40.1164,-75.0323, , 
 ,66933,2011015866,6,67,67301,2011,1,7,219,2,3,1,5,5,1, , ,N,0,0,0,3,0,0,1,7,N,N,39 59:39.570,75 08:41.770,225, ,223, ,0, ,N, ,0, , , , , ,768852, , , ,7,5,0,0,0,0,2,0,0,0,0,0,0,0,1,0,0,0,0,0,0,0,0,0,0,0,0,0,0,0,0,0,0,0,0,9,0,39.9943,-75.1449, , 
 ,66934,2011015988,6,67,67301,2011,1,4,1600,16,1,1,0,4,1, , ,N,1,2,0,3,0,1,2,2, , ,40 01:10.898,75 11:03.583,1625, ,1621,1,2,4, , ,3,Y, , , , ,768853, , , ,2,2,0,0,0,0,0,0,0,0,0,0,1,1,1,0,0,0,0,0,0,0,0,0,0,0,0,0,0,0,0,0,0,0,0,8,0,40.0197,-75.1843, , 
 ,66935,2011016920,6,67,67301,2011,1,7,1017,10,1,4,3,8,1, , ,N,1,2,0,3,0,1,2,2,N,N,40 02:11.165,75 07:49.937,1025, ,1023, ,0, ,N, ,1, , , , , ,768855, , , ,1,1,0,0,0,0,0,0,0,0,0,0,1,1,1,0,0,0,0,0,0,0,0,0,0,0,0,0,0,0,0,0,1,0,0,8,0,40.0364,-75.1305, , 
 ,66936,2011066222,6,67,67301,2011,6,1,100,1,3,1,0,7,2, , ,N,0,0,0,3,0,1,1,1, , ,39 58:29.248,75 07:17.534,101, ,100, ,0, , , ,0, , , , , ,768880, , , ,1,1,0,0,0,0,0,0,0,0,0,0,1,1,0,0,0,0,0,0,0,0,0,0,0,0,0,0,0,0,0,0,0,0,0,8,0,39.9741,-75.1223, , 
 ,66937,2011010026,6,67,67301,2011,1,2,1518,15,8,9,0,5,6, , ,N,0,0,0,3,0,0,1,2,N,N,39 57:50.407,75 11:52.501,1532, ,1520, ,0, ,N, ,0, , , , , ,768897, , , ,2,1,0,0,0,0,0,0,0,0,0,0,0,0,1,0,0,0,0,0,0,0,0,0,0,0,0,0,0,0,0,0,0,0,0,9,0,39.964,-75.1979, , 
 ,66938,2011029415,6,67,67301,2011,2,4,0,0,3,1,0,7,2, , ,N,0,2,0,3,0,0,1,1, , ,40 03:28.110,75 07:48.764,50, ,45, ,0, , , ,9, , , , , ,768914, , , ,1,0,0,0,0,0,0,1,0,0,0,0,0,0,0,0,0,0,0,0,0,0,0,0,0,0,0,0,0,0,0,0,0,0,0,0,0,40.0578,-75.1302, , 
 ,66939,2011040626,6,67,67301,2011,3,5,2105,21,3,1,0,4,1, , ,N,1,2,0,3,0,0,2,2,N,N,39 53:40.603,75 14:12.181,2110, ,2105, ,0, ,N, ,3, , , , , ,768929, , , ,2,0,0,0,0,0,1,1,0,0,0,0,0,0,1,0,0,0,0,0,1,0,0,0,0,0,0,0,0,0,0,0,0,0,0,9,0,39.8946,-75.2367, , 
 ,66940,2011048412,6,67,67301,2011,4,5,327,3,3,1,0,7,4, , ,N,0,0,0,3,0,1,3,1,N,N,39 55:32.386,75 08:48.709,338, ,333, ,0, ,N, ,0, , , , , ,768938, , , ,1,0,0,0,0,1,0,0,0,0,0,0,1,1,0,0,0,0,0,0,0,0,0,0,0,0,0,0,0,0,0,0,0,0,0,8,1,39.9256,-75.1469, , 
 ,66941,2011009788,6,67,67301,2011,1,1,1245,12,1,1,0,5,6, , ,N,0,0,0,3,0,0,1,4,N,N,39 57:45.775,75 12:14.639,1300, ,1245, ,0, ,N, ,0, , , , , ,768946, , , ,4,3,0,0,0,0,0,1,0,0,0,0,0,0,0,0,0,0,0,0,0,0,0,1,0,0,0,0,0,0,0,0,0,0,0,0,0,39.9627,-75.2041, , 
 ,66942,2011013651,6,67,67301,2011,1,1,2235,22,3,1,0,7,2, , ,N,0,8,3,3,0,0,1,1,N,N,39 54:19.990,75 07:53.950,2237, ,2235,1,2,4,N, ,3,N, , , , ,768952, , , ,1,1,0,0,0,0,0,0,0,0,0,0,0,0,0,0,0,0,0,0,0,0,0,0,0,0,0,0,0,0,0,0,0,0,0,0,0,39.9056,-75.1317, , 
 ,66943,2011031315,6,67,67301,2011,2,3,1830,18,2,1,1,4,1, , ,N,2,3,0,3,0,0,2,2,N,N,40 00:07.398,75 06:11.422,1833, ,9999,1,1,2,N, ,3,N, , , , ,768969, , , ,2,2,0,0,0,0,0,0,0,0,0,0,0,0,0,0,1,0,0,0,1,0,0,0,0,0,0,0,0,0,0,0,0,0,0,0,0,40.0021,-75.1032, , 
 ,66944,2011023299,6,67,67301,2011,1,5,1948,19,3,8,1,2,1, , ,N,0,0,0,3,0,0,1,2,N,N,40 01:53.361,75 02:10.380,1954, ,1951,1,1,3,N, ,0,N, , , , ,769009, , , ,2,1,0,0,1,0,0,0,0,0,0,0,0,0,1,0,0,0,0,0,0,0,0,0,0,0,0,0,0,0,0,0,0,0,0,9,0,40.0315,-75.0362, , 
 ,66945,2011029032,6,67,67301,2011,1,5,1927,19,3,4,4,6,1, , ,N,0,0,0,3,0,1,2,2, , ,40 00:48.431,75 07:21.596,1941, ,927, ,0, , , ,0, , , , , ,769015, , , ,2,2,0,0,0,0,0,0,0,0,0,1,1,0,0,0,0,0,0,0,0,0,0,1,0,0,0,0,0,0,0,0,0,0,0,4,0,40.0135,-75.1227, , 
 ,66946,2011031428,6,67,67301,2011,2,4,2040,20,3,1,0,5,1, , ,N,0,0,0,3,0,3,4,2,N,N,40 01:26.726,75 08:00.487,2052, ,2046,1,2,4,N, ,0,N, , , , ,769016, , , ,2,2,0,0,0,0,0,0,0,0,0,3,3,0,0,0,1,0,0,0,0,0,0,0,0,0,0,0,0,0,0,0,0,0,0,4,0,40.0241,-75.1333, , 
 ,66947,2011022921,6,67,67301,2011,1,4,2315,23,3,4,3,4,1, , ,N,1,2,0,3,0,1,3,2,N,N,39 57:31.834,75 12:22.607,1520, ,1520, ,0, ,N, ,3, , , , , ,769053, , , ,2,2,0,0,0,0,0,0,0,0,0,1,1,0,1,0,0,0,0,0,0,0,0,0,0,0,0,0,0,0,0,0,0,0,0,4,0,39.9588,-75.2063, , 
 ,66948,2011023241,6,67,67301,2011,1,2,1325,13,1,1,0,4,1, , ,N,1,2,0,3,0,0,4,3,N,N,39 58:21.471,75 08:40.063,1345, ,1335, ,0, ,N, ,2, , , , , ,769055, , , ,3,2,0,0,0,0,1,0,0,0,0,0,0,0,0,0,0,0,0,0,0,1,0,0,0,0,0,0,0,0,0,0,0,0,0,0,0,39.9726,-75.1445, , 
 ,66949,2011031624,6,67,67301,2011,2,3,120,1,3,4,3,7,4, , ,N,1,2,0,3,0,0,1,1,N,N,40 02:10.234,75 03:51.594,131, ,126, ,0, ,N, ,3, , , , , ,769062, , , ,1,0,0,0,0,0,1,0,0,0,0,0,0,0,0,0,0,0,0,0,0,0,0,0,0,0,0,0,0,0,0,0,0,0,0,0,0,40.0363,-75.0643, , 
 ,66950,2011040732,6,67,67301,2011,4,6,1910,19,3,2,1,1,1, , ,N,6,4,2,3,0,2,5,3,N,N,39 57:03.761,75 08:27.761,1920, ,1912, ,0, ,N, ,3, , , , , ,769071, , , ,3,3,0,0,0,0,0,0,0,0,0,0,2,2,0,0,0,0,0,0,0,0,0,0,0,0,0,0,0,0,0,0,0,0,0,8,0,39.9509,-75.1411, , 
 ,66951,2011047115,6,67,67301,2011,4,1,1920,19,4,1,0,4,1, , ,N,1,2,0,3,0,2,2,2,N,N,40 00:41.506,75 04:11.278,1926, ,1923,2,1,3,N, ,3,N, , , , ,769075, , , ,2,2,0,0,0,0,0,0,0,0,0,1,2,1,0,0,0,0,0,0,0,0,0,0,0,0,0,0,0,0,0,0,0,0,0,4,0,40.0115,-75.0698, , 
 ,66952,2011068347,6,67,67301,2011,6,7,2135,21,3,1,0,8,1, , ,N,1,3,0,3,0,1,2,2,N,N,39 58:32.289,75 13:40.641,2344, ,2343, ,0, ,N, ,3, , , , , ,765873, , , ,1,1,0,0,0,0,0,0,0,0,0,1,1,0,0,0,0,0,0,0,0,0,0,0,0,0,0,0,0,0,0,0,1,0,0,4,0,39.9756,-75.228, , 
 ,66953,2011075690,6,67,67301,2011,7,1,2043,20,3,1,0,5,6, , ,N,0,0,0,3,0,1,1,2,N,N,40 05:23.746,75 03:27.127,2048, ,2045, ,0, ,N, ,0, , , , , ,765877, , , ,2,2,0,0,0,0,0,0,0,0,0,0,1,1,0,0,0,0,0,0,1,0,0,0,0,0,0,0,0,0,0,0,0,0,0,8,0,40.0899,-75.0575, , 
 ,66954,2011085469,6,67,67301,2011,7,7,1701,17,1,1,0,4,1, , ,N,1,2,0,3,0,0,2,2,N,N,40 03:19.502,75 07:34.825,1710, ,1706,1,1,3,N, ,3,N, , , , ,765884, , , ,2,2,0,0,0,0,0,0,0,0,0,0,0,0,0,0,0,0,0,0,0,0,0,0,0,0,0,0,0,0,0,0,0,0,0,0,0,40.0554,-75.1263, , 
 ,66955,2011087890,6,67,67301,2011,7,4,1505,15,1,1,0,4,1, , ,N,1,3,0,3,0,1,3,2,N,N,39 58:34.842,75 08:21.879,1516, ,1516, ,0, ,N, ,3, , , , , ,765890, , , ,1,0,0,0,0,0,0,1,1,0,0,1,1,0,0,0,0,0,0,0,1,0,0,0,0,0,0,0,0,0,0,0,0,0,0,4,0,39.9763,-75.1394, , 
 ,66956,2011087995,6,67,67301,2011,7,6,1754,17,1,1,0,5,1, , ,N,0,0,0,3,0,1,1,2,N,N,40 01:00.764,75 08:09.531,1754, ,1749, ,0, ,N, ,0, , , , , ,765891, , , ,2,0,0,0,0,0,0,1,0,1,0,0,1,0,0,1,0,0,0,0,0,0,0,0,0,0,0,0,0,0,0,0,0,0,0,2,0,40.0169,-75.136, , 
 ,66957,2011088026,6,67,67301,2011,8,5,1005,10,1,1,0,1,1, , ,N,0,4,0,3,0,2,3,3,N,N,40 01:05.862,75 05:54.837,1018, ,1013,1,2,5,N, ,3,Y, , , , ,765892, , , ,2,2,0,0,0,0,0,0,0,0,0,0,2,2,0,0,0,0,0,0,1,1,0,0,0,0,0,0,0,0,0,0,1,0,0,8,0,40.0183,-75.0986, , 
 ,66958,2011023305,6,67,67301,2011,1,3,2120,21,3,1,0,4,1, , ,N,1,2,0,3,0,2,4,2,N,N,39 55:30.861,75 10:15.876,2140, ,2127, ,0, ,N, ,3, , , , , ,765915, , , ,2,2,0,0,0,0,0,0,0,0,0,2,2,0,0,0,0,0,0,0,0,0,0,0,0,0,0,0,0,0,0,0,0,0,0,4,0,39.9252,-75.1711, , 
 ,66959,2011038355,6,67,67301,2011,3,2,9999,99,3,2,0,4,1, , ,N,2,2,0,3,0,0,2,2,N,N,39 58:38.230,75 10:09.859,9999, ,9999, ,0, ,N, ,3, , , , , ,765931, , , ,2,2,0,0,0,0,0,0,0,0,0,0,0,0,0,0,0,0,0,0,0,0,0,0,0,0,0,0,0,0,0,0,0,0,0,0,0,39.9773,-75.1694, , 
 ,66960,2011046947,6,67,67301,2011,4,3,1421,14,1,1,0,5,1, , ,N,0,0,0,3,0,0,1,2,N,N,39 56:21.690,75 09:33.760,1535, ,1533, ,0, ,N, ,0, , , , , ,765944, , , ,2,2,0,0,0,0,0,0,0,0,0,0,0,0,0,0,1,0,0,0,0,0,0,0,0,0,0,0,0,0,0,0,0,0,0,0,0,39.9394,-75.1594, , 
 ,66961,2011022969,6,67,67301,2011,1,3,1800,18,3,4,1,8,4, , ,N,0,0,0,3,0,1,2,2,N,N,40 01:53.388,75 10:03.874,1808, ,1804, ,0, ,N, ,0, , , , , ,765969, , , ,1,1,0,0,0,0,0,0,0,0,0,0,1,1,1,0,0,0,0,0,0,0,0,0,0,0,0,0,0,0,0,0,1,0,0,8,0,40.0315,-75.1677, , 
 ,66962,2011025636,6,67,67301,2011,2,1,1333,13,1,1,0,1,1, , ,N,0,0,0,3,0,0,5,2,N,N,40 01:08.026,75 02:46.323,1342, ,1334, ,0, ,N, ,0, , , , , ,765975, , , ,2,1,0,0,0,0,1,0,0,0,0,0,0,0,0,0,0,0,0,0,1,0,0,0,0,0,0,0,0,0,0,0,0,0,0,0,0,40.0188,-75.0464, , 
 ,66963,2011023177,6,67,67301,2011,1,6,1201,12,1,1,0,4,1, , ,N,1,2,0,3,0,0,3,2,N,N,39 54:12.423,75 14:35.429,1205, ,1201, ,0, ,N, ,3, , , , , ,766017, , , ,2,1,0,0,0,0,1,0,0,0,0,0,0,0,1,0,0,0,0,0,0,1,0,0,0,0,0,0,0,0,0,0,0,0,0,9,0,39.9035,-75.2432, , 
 ,66964,2011047290,6,67,67301,2011,4,6,925,9,1,2,1,5,1, , ,N,1,3,0,3,0,0,2,2,N,N,39 58:38.056,75 12:35.927,927, ,925, ,0, , , ,3, , , , , ,766037, , , ,2,2,0,0,0,0,0,0,0,0,0,0,0,0,0,0,0,0,0,0,0,0,0,0,0,0,0,0,0,0,0,0,0,0,0,0,0,39.9772,-75.21, , 
 ,66965,2011047313,6,67,67301,2011,4,2,500,5,3,1,0,1,1, , ,N,0,0,0,3,0,0,2,2,N,N,40 01:56.008,75 06:21.671,515, ,505, ,0, ,N, ,0, , , , , ,766038, , , ,2,2,0,0,0,0,0,0,0,0,0,0,0,0,0,0,0,0,1,0,1,0,0,0,0,0,0,0,0,0,0,0,0,0,0,0,0,40.0322,-75.106, , 
 ,66966,2011054353,6,67,67301,2011,4,4,1800,18,1,2,1,1,1, , ,N,0,0,0,3,0,0,6,2,N,N,40 03:48.992,75 01:41.851,1810, ,1803,1,1,3,N, ,0,N, , , , ,766044, , , ,2,2,0,0,0,0,0,0,0,0,0,0,0,0,0,0,0,0,0,0,0,0,0,0,0,0,0,0,0,0,0,0,0,0,0,0,0,40.0636,-75.0283, , 
 ,66967,2011056381,6,67,67301,2011,5,7,2340,23,3,2,1,1,1, , ,N,0,0,0,3,0,1,2,2,N,N,39 59:39.368,75 10:45.040,2344, ,2344,2,1,2,N, ,0,N, , , , ,766046, , , ,2,2,0,0,0,0,0,0,0,0,1,0,1,0,0,0,0,0,0,0,0,0,0,0,0,0,0,0,0,0,0,0,0,0,0,3,0,39.9943,-75.1792, , 