wz_ln_closure,objectid_1,crn,district,county,municipality,crash_year,crash_month,day_of_week,time_of_day,hour_of_day,illumination,weather,road_condition,collision_type,relation_to_road,work_zone_type,work_zone_loc,work_zone_ind,intersect_type,tcd_type,location_type,urban_rural,fatal_count,injury_count,person_count,total_units,sch_bus_ind,sch_zone_ind,latitude,longitude,arrival_tm,cons_zone_spd_lim,dispatch_tm,est_hrs_closed,lane_closed,ln_close_dir,ntfy_hiwy_maint,spec_juris_cd,tcd_func_cd,tfc_detour_ind,workers_pres,wz_close_detour,wz_flagger,wz_law_offcr_ind,objectid,wz_moving,wz_other,wz_shlder_mdn,vehicle_count,automobile_count,motorcycle_count,bus_count,small_truck_count,heavy_truck_count,suv_count,van_count,bicycle_count,maj_inj_count,mod_inj_count,min_inj_count,tot_inj_count,unk_inj_deg_count,unk_inj_per_count,driver_count_16yr,driver_count_17yr,driver_count_18yr,driver_count_19yr,driver_count_20yr,driver_count_50_64yr,driver_count_65_74yr,driver_count_75plus,unbelted_occ_count,unb_death_count,unb_maj_inj_count,belted_death_count,belted_maj_inj_count,mcycle_death_count,mcycle_maj_inj_count,bicycle_death_count,bicycle_maj_inj_count,ped_count,ped_death_count,ped_maj_inj_count,max_severity_level,comm_veh_count,dec_lat,dec_long,rdwy_surf_type_cd,county_name
 ,67035,2011053562,6,67,67301,2011,4,7,1245,12,1,2,1,4,1, , ,N,5,2,0,3,0,2,3,2,N,N,39 54:46.993,75 10:20.708,1250, ,1245, ,0, ,N, ,3, , , , , ,766182, , , ,2,1,0,0,0,0,1,0,0,0,0,0,2,2,0,0,0,0,0,0,0,0,0,0,0,0,0,0,0,0,0,0,0,0,0,8,0,39.9131,-75.1724, , 
 ,67036,2011054162,6,67,67301,2011,4,1,1035,10,1,1,0,4,1, , ,N,1,2,0,3,0,1,2,2,N,N,39 58:13.902,75 08:56.137,1045, ,1040,1,1,3,N, ,3,N, , , , ,766183, , , ,2,2,0,0,0,0,0,0,0,0,0,1,1,0,0,0,0,0,0,0,0,0,0,0,0,0,0,0,0,0,0,0,0,0,0,4,0,39.9704,-75.149, , 
 ,67037,2011061682,6,67,67301,2011,6,3,1335,13,1,1,0,1,1, , ,N,0,0,0,3,0,0,2,2,N,N,39 57:33.447,75 10:27.041,1356, ,1346,1,2,3,N, ,0,N, , , , ,766191, , , ,2,1,0,0,0,0,1,0,0,0,0,0,0,0,0,0,0,0,0,0,0,0,0,0,0,0,0,0,0,0,0,0,0,0,0,0,0,39.9593,-75.1742, , 
 ,67038,2011037982,6,67,67301,2011,3,5,1336,13,1,2,1,7,3, , ,N,1,2,0,3,0,1,1,1,N,N,40 04:36.380,75 01:58.776,1445, ,1436,1,1,2,Y, ,3,N, , , , ,766226, , , ,1,1,0,0,0,0,0,0,0,0,1,0,1,0,0,0,1,0,0,0,0,0,0,1,0,0,0,0,0,0,0,0,0,0,0,3,0,40.0768,-75.033, , 
 ,67039,2011047300,6,67,67301,2011,4,5,1820,18,3,1,0,4,1, , ,N,1,3,0,3,0,1,2,2,N,N,39 56:40.380,75 09:35.582,2135, ,2127, ,0, ,N, ,3, , , , , ,766235, , , ,1,1,0,0,0,0,0,0,1,0,0,1,1,0,0,0,0,0,0,0,0,0,0,0,0,0,0,0,0,0,0,0,0,0,0,4,0,39.9446,-75.1599, , 
 ,67040,2011061873,6,67,67301,2011,5,7,2244,22,3,1,0,5,1, , ,N,0,2,0,3,0,1,3,2,N,N,39 55:01.765,75 09:57.128,2246, ,2244, ,0, ,N, ,3, , , , , ,766241, , , ,1,1,0,0,0,0,0,0,1,0,0,1,1,0,0,0,0,0,0,0,0,0,0,0,0,0,0,0,0,0,0,0,0,0,0,4,0,39.9172,-75.1659, , 
 ,67041,2011068432,6,67,67301,2011,6,6,640,6,1,1,0,1,1, , ,N,0,0,0,3,0,0,2,2,N,N,40 01:47.565,75 06:10.116,655, ,645, ,0, ,N, ,0, , , , , ,766246, , , ,2,2,0,0,0,0,0,0,0,0,0,0,0,0,0,0,0,0,0,0,1,0,0,0,0,0,0,0,0,0,0,0,0,0,0,0,0,40.0299,-75.1028, , 
 ,67042,2011073192,6,67,67301,2011,1,6,2310,23,3,1,1,1,1, , ,N,1,3,0,3,0,1,4,2,N,N,39 58:20.690,75 14:34.767,2310, ,2304, ,0, ,N, ,3, , , , , ,766249, , , ,2,2,0,0,0,0,0,0,0,0,0,1,1,0,0,0,0,0,0,0,1,0,0,0,0,0,0,0,0,0,0,0,0,0,0,4,0,39.9724,-75.243, , 
 ,67043,2011083337,6,67,67301,2011,7,1,1445,14,1,1,0,1,1, , ,N,1,2,0,3,0,2,8,2,N,N,39 57:46.449,75 09:52.757,9999, ,1445, ,0, , , ,3, , , , , ,766260, , , ,2,1,0,0,0,0,0,1,0,0,0,2,2,0,1,0,0,0,0,0,0,1,0,0,0,0,0,0,0,0,0,0,0,0,0,4,0,39.9628,-75.1646, , 
 ,67044,2011107716,6,67,67301,2011,10,4,919,9,1,2,1,1,1, , ,N,0,0,0,3,0,1,3,3,N,N,40 00:01.351,75 11:42.470,933, ,921,2,2,3,N, ,0,N, , , , ,766278, , , ,3,1,0,0,0,1,1,0,0,0,0,0,1,1,0,0,0,0,0,0,0,0,0,0,0,0,0,0,0,0,0,0,0,0,0,8,0,40.0004,-75.1951, , 
 ,67045,2011028865,6,67,67301,2011,2,1,300,3,3,1,0,7,4, , ,N,0,0,3,3,0,0,1,1,N,N,39 57:48.313,75 11:12.858,317, ,313, ,0, ,N, ,0, , , , , ,757785, , , ,1,1,0,0,0,0,0,0,0,0,0,0,0,0,1,0,0,0,0,0,0,0,0,1,0,0,0,0,0,0,0,0,0,0,0,9,0,39.9634,-75.1869, , 
 ,67046,2011031322,6,67,67301,2011,2,5,53,0,3,1,0,5,6, , ,N,0,0,0,3,0,1,1,3,N,N,39 59:44.104,75 06:45.479,57, ,54, ,0, , , ,0, , , , , ,757786, , , ,3,2,0,0,1,0,0,0,0,0,0,1,1,0,0,0,0,0,0,0,0,0,0,1,0,0,0,0,0,0,0,0,0,0,0,4,0,39.9956,-75.1126, , 
 ,67047,2011031409,6,67,67301,2011,2,3,2246,22,3,1,0,4,1, , ,N,1,2,0,3,0,2,2,2,N,N,39 57:25.851,75 12:06.897,2249, ,2246, ,0, ,N, ,3, , , , , ,757787, , , ,2,2,0,0,0,0,0,0,0,0,0,2,2,0,0,0,0,0,0,0,1,0,0,1,0,0,0,0,0,0,0,0,0,0,0,4,0,39.9571,-75.2019, , 
 ,67048,2011031621,6,67,67301,2011,2,4,1150,11,1,1,0,4,1, , ,N,0,0,0,3,0,0,2,2,N,N,39 54:24.349,75 09:04.811,1205, ,1200,1,1,1,N, ,0,N, , , , ,757789, , , ,2,1,0,0,0,0,0,1,0,0,0,0,0,0,0,0,0,1,0,0,0,0,0,0,0,0,0,0,0,0,0,0,0,0,0,0,0,39.9068,-75.1513, , 
 ,67049,2011009976,6,67,67301,2011,1,2,1555,15,1,1,0,5,1, , ,N,1,2,0,3,0,2,3,2,N,N,39 54:50.431,75 08:59.775,1610, ,1602, ,0, ,N, ,3, , , , , ,757813, , , ,2,1,0,0,0,0,1,0,0,0,0,2,2,0,0,0,0,0,0,0,0,0,0,0,0,0,0,0,0,0,0,0,0,0,0,4,0,39.914,-75.1499, , 
 ,67050,2011047134,6,67,67301,2011,4,6,1430,14,1,2,1,4,1, , ,N,1,3,0,3,0,2,3,2,N,N,40 03:40.629,75 10:19.427,1510, ,1504, ,0, ,N, ,3, , , , , ,757851, , , ,2,2,0,0,0,0,0,0,0,0,0,2,2,0,0,0,0,0,0,0,0,0,0,0,0,0,0,0,0,0,0,0,0,0,0,4,0,40.0613,-75.1721, , 
 ,67051,2011029443,6,67,67301,2011,2,1,1,0,3,1,0,8,1, , ,N,1,0,0,3,0,1,2,2,N,N,39 55:00.583,75 10:16.768,5, ,4, ,0, ,N, ,0, , , , , ,757873, , , ,1,1,0,0,0,0,0,0,0,0,0,1,1,0,0,0,0,0,0,0,0,1,0,0,0,0,0,0,0,0,0,0,1,0,0,4,0,39.9168,-75.1713, , 
 ,67052,2011031358,6,67,67301,2011,2,5,1040,10,1,1,0,1,1, , ,N,1,2,0,3,0,1,2,2,N,N,40 05:57.051,75 00:44.384,1050, ,1045, ,0, ,N, ,3, , , , , ,757878, , , ,2,2,0,0,0,0,0,0,0,0,0,1,1,0,0,0,0,0,1,0,0,0,0,0,0,0,0,0,0,0,0,0,0,0,0,4,0,40.0992,-75.0123, , 
 ,67053,2011037988,6,67,67301,2011,3,2,1510,15,1,1,0,8,1, , ,N,1,2,0,3,0,1,2,2,N,N,40 02:44.262,75 07:42.522,1515, ,1515, ,0, ,N, ,3, , , , , ,757884, , , ,1,1,0,0,0,0,0,0,0,0,0,0,1,1,0,0,0,0,0,0,0,0,0,0,0,0,0,0,0,0,0,0,1,0,0,8,0,40.0456,-75.1285, , 
 ,67054,2011055448,6,67,67301,2011,4,3,2310,23,3,1,0,1,1, , ,N,0,0,0,3,0,2,3,2,N,N,40 00:21.655,75 04:29.500,2325, ,2313, ,0, ,N, ,0, , , , , ,757900, , , ,2,1,0,0,0,0,1,0,0,0,0,0,2,2,0,0,0,0,0,0,0,0,0,0,0,0,0,0,0,0,0,0,0,0,0,8,0,40.0061,-75.0748, , 
 ,67055,2011023247,6,67,67301,2011,1,6,0,0,3,1,0,4,1, , ,N,1,3,0,3,0,1,2,2,N,N,39 58:58.695,75 07:25.885,20, ,16, ,0, ,N, ,3, , , , , ,757922, , , ,2,0,0,0,0,0,1,0,0,0,0,0,1,1,1,0,0,0,0,0,0,0,0,0,0,0,0,0,0,0,0,0,0,0,0,8,0,39.983,-75.1239, , 
 ,67056,2011031421,6,67,67301,2011,2,1,23,0,3,1,0,1,1, , ,N,0,2,0,3,0,5,7,5, , ,40 03:11.386,75 02:59.871,40, ,23,3,2,1, , ,3,Y, , , , ,757929, , , ,5,4,0,0,1,0,0,0,0,0,0,0,5,5,0,0,0,0,0,1,0,1,0,1,0,0,0,0,0,0,0,0,0,0,0,8,0,40.0532,-75.05, , 
 ,67057,2011023007,6,67,67301,2011,1,1,850,8,1,4,3,4,1, , ,N,0,0,7,3,0,1,2,2,N,N,40 04:11.470,75 03:33.584,900, ,854,9,2,1,N, ,0,N, , , , ,757967, , , ,2,1,0,0,1,0,0,0,0,0,0,0,1,1,0,0,0,0,0,0,0,1,0,0,0,0,0,0,0,0,0,0,0,0,0,8,0,40.0699,-75.0593, , 
 ,67058,2011053485,6,67,67301,2011,4,6,1000,10,1,1,0,8,1, , ,N,0,0,0,3,0,1,2,2,N, ,39 59:52.627,75 06:01.116,1015, ,1012, ,0, , , ,0, , , , , ,757996, , , ,1,1,0,0,0,0,0,0,0,0,0,1,1,0,0,0,0,0,0,0,0,0,0,0,0,0,0,0,0,0,0,0,1,0,0,4,0,39.998,-75.1003, , 
 ,67059,2011054024,6,67,67301,2011,4,5,200,2,3,1,0,7,4, , ,N,0,2,0,3,0,1,1,1,N,N,39 58:24.680,75 11:40.540,215, ,208, ,0, ,N, ,3, , , , , ,757997, , , ,1,1,0,0,0,0,0,0,0,0,0,1,1,0,0,0,0,0,0,0,0,0,0,1,0,0,0,0,0,0,0,0,0,0,0,4,0,39.9735,-75.1946, , 
 ,67060,2011028889,6,67,67301,2011,2,5,1119,11,1,1,0,1,1, , ,N,0,0,0,3,0,0,2,2,N,N,40 05:37.363,75 01:52.002,1121, ,1119, ,0, ,N, ,0, , , , , ,758064, , , ,2,2,0,0,0,0,0,0,0,0,0,0,0,0,0,0,0,0,0,0,0,0,0,0,0,0,0,0,0,0,0,0,0,0,0,0,0,40.0937,-75.0311, , 
 ,67061,2011047031,6,67,67301,2011,4,7,1316,13,1,1,0,8,1, , ,N,0,0,0,3,0,1,2,2,N,N,40 01:42.481,75 09:44.857,1336, ,1334, ,0, ,N, ,0, , , , , ,758084, , , ,1,1,0,0,0,0,0,0,0,0,0,1,1,0,0,0,0,0,0,0,0,0,0,0,0,0,0,0,0,0,0,0,1,0,0,4,0,40.0285,-75.1625, , 
 ,67062,2011037926,6,67,67301,2011,3,6,811,8,1,1,0,8,1, , ,N,0,0,0,3,0,1,2,2,N,N,40 01:35.301,75 10:25.838,828, ,825, ,0, ,N, ,0, , , , , ,758120, , , ,1,1,0,0,0,0,0,0,0,0,0,1,1,0,0,0,0,0,0,0,0,0,0,0,0,0,0,0,0,0,0,0,1,0,0,4,0,40.0265,-75.1738, , 
 ,67063,2011040391,6,67,67301,2011,3,7,244,2,3,1,0,4,1, , ,N,1,2,0,3,0,1,2,2,N,N,39 56:50.225,75 13:36.792,254, ,245, ,0, ,N, ,3, , , , , ,758123, , , ,2,1,0,0,0,0,1,0,0,0,0,1,1,0,1,0,0,0,0,0,0,0,0,0,0,0,0,0,0,0,0,0,0,0,0,4,0,39.9473,-75.2269, , 
 ,67064,2011047289,6,67,67301,2011,3,5,725,7,1,2,1,8,1, , ,N,1,2,0,3,0,1,2,2,N,N,40 03:37.434,74 59:25.565,9999, ,9999, ,0, , , ,3, , , , , ,762141, , , ,1,1,0,0,0,0,0,0,0,0,1,0,1,0,0,0,0,0,0,0,0,0,0,0,0,0,0,0,0,0,0,0,1,0,0,3,0,40.0604,-74.9904, , 
 ,67065,2011049974,6,67,67301,2011,5,4,1018,10,1,1,0,1,1, , ,N,0,0,0,3,0,1,2,2,N,N,39 57:56.313,75 08:13.416,1032, ,1024, ,0, ,N, ,0, , , , , ,762175, , , ,2,1,0,0,0,0,1,0,0,0,0,0,1,1,0,0,0,0,0,0,1,0,0,0,0,0,0,0,0,0,0,0,0,0,0,8,0,39.9657,-75.1369, , 
 ,67066,2011054133,6,67,67301,2011,4,4,105,1,3,2,1,7,3, , ,N,0,0,0,3,0,0,2,1,N,N,40 00:56.161,75 10:36.039,1008, ,108,1,2,2,N, ,0,N, , , , ,762179, , , ,1,1,0,0,0,0,0,0,0,0,0,0,0,0,0,0,0,0,0,0,0,0,0,0,0,0,0,0,0,0,0,0,0,0,0,0,0,40.0156,-75.1767, , 
 ,67067,2011068362,6,67,67301,2011,6,1,2120,21,3,1,0,4,1, , ,N,3,2,0,3,0,4,6,2,N,N,39 58:21.476,75 13:03.992,2132, ,2125, ,0, ,N, ,3, , , , , ,762190, , , ,2,2,0,0,0,0,0,0,0,0,0,4,4,0,2,0,0,0,1,0,0,0,0,0,0,0,0,0,0,0,0,0,0,0,0,4,0,39.9726,-75.2178, , 
 ,67068,2011022201,6,67,67301,2011,2,5,43,0,3,1,6,4,1, , ,N,0,0,0,3,0,0,2,2,N,N,40 02:41.240,75 00:08.827,55, ,55, ,0, ,N, ,0, , , , , ,762254, , , ,2,0,0,0,1,0,1,0,0,0,0,0,0,0,0,0,0,0,0,0,0,0,0,0,0,0,0,0,0,0,0,0,0,0,0,0,0,40.0448,-75.0024, , 
 ,67069,2011028222,6,67,67301,2011,1,2,1330,13,1,1,6,8,1, , ,N,5,3,0,3,0,1,2,2,N,N,40 00:45.486,75 08:28.474,1811, ,1809, ,0, ,N, ,3, , , , , ,762256, , , ,1,0,0,0,0,0,0,1,0,0,0,1,1,0,0,0,0,0,0,0,0,0,0,0,0,0,0,0,0,0,0,0,1,0,0,4,0,40.0126,-75.1412, , 
 ,67070,2011038009,6,67,67301,2011,3,5,2313,23,3,2,1,7,2, , ,N,0,0,0,3,0,0,1,1,N,N,39 59:37.107,75 11:33.658,2323, ,2313, ,0, ,N, ,0, , , , , ,762269, , , ,1,1,0,0,0,0,0,0,0,0,0,0,0,0,0,0,0,0,0,0,0,0,0,0,0,0,0,0,0,0,0,0,0,0,0,0,0,39.9936,-75.1927, , 
 ,67071,2011044282,6,67,67301,2011,4,7,2152,21,3,2,1,7,2, , ,N,0,0,0,3,0,1,7,4,N,N,39 55:18.911,75 08:52.541,2204, ,2156,2,2,2,N, ,0,N, , , , ,762272, , , ,4,3,0,0,0,1,0,0,0,0,1,0,1,0,1,0,0,0,0,0,0,0,0,0,0,0,0,0,0,0,0,0,0,0,0,3,1,39.922,-75.1479, , 
 ,67072,2011053546,6,67,67301,2011,2,5,1741,17,1,1,0,8,1, , ,N,1,2,0,3,0,1,2,2,N,N,40 00:35.379,75 09:03.622,1741, ,1741, ,0, ,N, ,3, , , , , ,762279, , , ,1,0,0,0,0,0,1,0,0,0,0,1,1,0,0,0,0,0,0,0,0,0,0,0,0,0,0,0,0,0,0,0,1,0,0,4,0,40.0098,-75.151, , 
 ,67073,2011056749,6,67,67301,2011,5,5,1040,10,1,1,0,1,1, , ,N,5,2,0,3,0,1,2,2,N,N,39 56:26.906,75 09:58.217,1040, ,1040, ,0, ,N, ,3, , , , , ,762281, , , ,2,2,0,0,0,0,0,0,0,0,0,0,1,1,0,0,0,0,0,0,2,0,0,0,0,0,0,0,0,0,0,0,0,0,0,8,0,39.9408,-75.1661, , 
 ,67074,2011056942,6,67,67301,2011,5,1,1843,18,1,1,0,4,1, , ,N,1,3,0,3,0,4,6,2, , ,40 02:44.066,75 05:42.550,1933, ,1916, ,0, , , ,3, , , , , ,762282, , , ,2,2,0,0,0,0,0,0,0,0,0,4,4,0,0,0,0,0,0,0,0,0,0,0,0,0,0,0,0,0,0,0,0,0,0,4,0,40.0456,-75.0952, , 
 ,67075,2011061814,6,67,67301,2011,5,4,726,7,1,1,0,1,1, , ,N,0,0,0,3,0,1,2,2, , ,40 01:26.018,75 07:03.536,728, ,726, ,0, , , ,0, , , , , ,762284, , , ,2,2,0,0,0,0,0,0,0,0,0,1,1,0,0,0,0,0,0,0,0,0,0,0,0,0,0,0,0,0,0,0,0,0,0,4,0,40.0239,-75.1176, , 
 ,67076,2011033456,6,67,67301,2011,3,7,1348,13,1,1,0,1,1, , ,N,0,0,0,3,0,2,4,3,N,N,40 02:39.811,75 07:09.180,1400, ,1351, ,0, ,N, ,0, , , , , ,762302, , , ,3,2,0,0,1,0,0,0,0,0,0,0,2,2,0,0,0,0,0,0,1,0,0,0,0,0,0,0,0,0,0,0,0,0,0,8,0,40.0444,-75.1192, , 
 ,67077,2011038343,6,67,67301,2011,3,4,1330,13,1,6,1,4,1, , ,N,1,2,0,3,0,1,2,2,N,N,40 01:00.988,75 03:38.322,1335, ,1334, ,0, ,N, ,3, , , , , ,762305, , , ,1,0,0,0,0,0,1,0,1,1,0,0,1,0,0,0,0,0,0,0,0,0,0,0,0,0,0,0,0,0,0,1,0,0,0,2,0,40.0169,-75.0606, , 
 ,67078,2011038464,6,67,67301,2011,3,1,2,0,3,1,0,4,1, , ,N,1,2,0,3,0,2,3,3,N,N,39 57:40.401,75 10:30.551,15, ,12,1,1,1,N, ,3,Y, , , , ,762306, , , ,3,2,0,0,0,0,1,0,0,0,0,1,2,1,0,0,1,0,0,0,0,0,0,0,0,0,0,0,0,0,0,0,0,0,0,4,0,39.9611,-75.175, , 
 ,67079,2011044436,6,67,67301,2011,4,3,1850,18,1,1,0,1,1, , ,N,0,0,0,3,0,1,1,2,N,N,40 01:49.880,75 08:41.560,1900, ,1857, ,0, ,N, ,0, , , , , ,762309, , , ,2,2,0,0,0,0,0,0,0,0,1,0,1,0,0,0,0,0,0,1,0,0,0,0,0,0,0,0,0,0,0,0,0,0,0,3,0,40.0305,-75.1449, , 
 ,67080,2011044532,6,67,67301,2011,3,3,1626,16,2,1,0,4,1, , ,N,3,0,0,3,0,2,4,2, , ,39 55:51.548,75 14:34.636,1634, ,1630,2,2,5, , ,0,Y, , , , ,762310, , , ,2,2,0,0,0,0,0,0,0,0,1,1,2,0,0,0,0,0,0,0,1,0,0,0,0,0,0,0,0,0,0,0,0,0,0,3,0,39.931,-75.243, , 
 ,67081,2011044605,6,67,67301,2011,3,5,1500,15,1,9,8,8,1, , ,N,0,0,0,3,0,1,2,2, , ,40 06:09.695,75 01:43.131,1720, ,1715, ,0, , , ,0, , , , , ,762311, , , ,1,1,0,0,0,0,0,0,0,0,1,0,1,0,1,0,0,0,0,0,0,0,0,0,0,0,0,0,0,0,0,0,1,0,0,3,0,40.1027,-75.0286, , 
 ,67082,2011015931,6,67,67301,2011,1,3,2230,22,3,1,0,8,1, , ,N,0,0,0,3,0,1,2,2, , ,39 59:46.456,75 06:47.627,1000, ,954, ,0, , , ,0, , , , , ,769485, , , ,1,0,0,0,0,0,0,0,0,0,0,1,1,0,0,0,0,0,0,0,0,0,0,0,0,0,0,0,0,0,0,0,1,0,0,4,0,39.9962,-75.1132, , 
 ,67083,2011015980,6,67,67301,2011,1,7,325,3,3,1,1,7,3, , ,N,1,2,0,3,0,0,1,1,N,N,39 55:05.900,75 12:31.948,332, ,330, ,0, ,N, ,3, , , , , ,769486, , , ,1,1,0,0,0,0,0,0,0,0,0,0,0,0,1,0,0,0,0,0,0,0,0,0,0,0,0,0,0,0,0,0,0,0,0,9,0,39.9182,-75.2088, , 
 ,67084,2011016016,6,67,67301,2011,1,4,1510,15,1,4,1,4,1, , ,N,1,0,2,3,0,1,2,2,N,N,39 57:14.500,75 08:22.454,1520, ,1515,1,2,2,N, ,0,Y, , , , ,769487, , , ,2,2,0,0,0,0,0,0,0,0,0,1,1,0,0,0,0,0,0,0,0,0,1,0,0,0,0,0,0,0,0,0,0,0,0,4,0,39.9542,-75.1395, , 
 ,67085,2011031214,6,67,67301,2011,2,4,9999,99,1,1,0,4,1, , ,N,1,2,0,3,0,0,2,2,N,N,39 57:29.289,75 09:01.655,9999, ,9999, ,0, ,N, ,3, , , , , ,769500, , , ,2,2,0,0,0,0,0,0,0,0,0,0,0,0,0,0,0,0,0,0,0,0,0,0,0,0,0,0,0,0,0,0,0,0,0,0,0,39.9581,-75.1505, , 
 ,67086,2011033445,6,67,67301,2011,3,5,1600,16,1,1,0,4,1, , ,N,1,3,0,3,0,0,2,2,Y,N,40 06:45.057,75 01:04.083,1610, ,1602,2,1,3, , ,3,Y, , , , ,769501, , , ,2,0,0,1,0,0,1,0,0,0,0,0,0,0,0,0,0,0,0,0,1,0,0,0,0,0,0,0,0,0,0,0,0,0,0,0,1,40.1125,-75.0178, , 
 ,67087,2011037912,6,67,67301,2011,3,4,9999,99,3,2,1,4,1, , ,N,1,2,0,3,0,2,2,2, , ,39 57:05.291,75 09:23.992,138, ,125,1,2,2, , ,3,Y, , , , ,769506, , , ,2,2,0,0,0,0,0,0,0,0,0,0,2,2,0,0,0,0,0,0,0,0,0,0,0,0,0,0,0,0,0,0,0,0,0,8,0,39.9515,-75.1567, , 
 ,67088,2011038770,6,67,67301,2011,3,4,1256,12,1,1,0,4,1, , ,N,2,2,2,3,0,1,2,2,N,N,39 55:51.303,75 08:38.120,1258, ,1256, ,0, ,N, ,3, , , , , ,769507, , , ,2,2,0,0,0,0,0,0,0,0,0,1,1,0,0,0,0,0,0,0,1,0,0,0,0,0,0,0,0,0,0,0,0,0,0,4,0,39.9309,-75.1439, , 
 ,67089,2011047078,6,67,67301,2011,4,2,822,8,1,1,0,4,1, , ,N,1,3,0,3,0,0,2,2,N,N,40 01:52.453,75 02:40.833,943, ,935, ,0, ,N, ,3, , , , , ,769565, , , ,2,1,0,0,0,0,0,1,0,0,0,0,0,0,0,0,0,0,0,0,0,0,0,0,0,0,0,0,0,0,0,0,0,0,0,0,1,40.0312,-75.0447, , 
 ,67090,2011050900,6,67,67301,2011,5,5,1855,18,1,1,0,1,1, , ,N,0,0,0,3,0,1,8,4,N,N,39 57:36.186,75 10:45.292,1912, ,1859,1,1,4,N, ,0,N, , , , ,769570, , , ,4,2,0,0,1,0,1,0,0,0,0,1,1,0,0,0,0,0,0,1,0,0,0,0,0,0,0,0,0,0,0,0,0,0,0,4,0,39.9601,-75.1792, , 
 ,67091,2011009988,6,67,67301,2011,1,2,1115,11,1,1,0,1,1, , ,N,1,2,0,3,0,1,2,2, , ,40 02:25.798,75 03:31.964,1125, ,1120,1,1,2, , ,3,N, , , , ,769578, , , ,2,0,0,0,1,0,1,0,0,0,0,0,1,1,0,0,0,0,0,0,0,0,0,0,0,0,0,0,0,0,0,0,0,0,0,8,0,40.0405,-75.0589, , 
 ,67092,2011047033,6,67,67301,2011,3,3,12,0,3,9,0,1,1, , ,N,0,0,0,3,0,1,2,2,N,N,39 56:38.374,75 10:06.146,1215, ,1215, ,0, ,N, ,0, , , , , ,769616, , , ,1,0,0,0,0,0,0,0,1,0,1,0,1,0,0,0,0,0,0,0,0,0,0,0,0,0,0,0,0,0,0,0,0,0,0,3,0,39.944,-75.1684, , 
 ,67093,2011029046,6,67,67301,2011,2,1,206,2,3,8,1,1,2, , ,N,0,0,0,3,0,0,1,2,N,N,40 04:33.744,75 04:29.787,215, ,207, ,0, ,N, ,0, , , , , ,769635, , , ,2,2,0,0,0,0,0,0,0,0,0,0,0,0,0,0,0,0,0,0,0,0,0,0,0,0,0,0,0,0,0,0,0,0,0,0,0,40.076,-75.0749, , 
 ,67094,2011024658,6,67,67301,2011,1,2,513,5,3,1,0,7,2, , ,N,1,3,0,3,0,1,1,1,N,N,40 02:44.725,75 07:46.093,518, ,513, ,0, ,N, ,3, , , , , ,769678, , , ,1,1,0,0,0,0,0,0,0,0,0,1,1,0,0,0,0,0,0,0,0,0,0,0,0,0,0,0,0,0,0,0,0,0,0,4,0,40.0458,-75.1295, , 
 ,67095,2011029417,6,67,67301,2011,2,2,25,0,3,1,1,7,3, , ,N,5,2,0,3,0,1,1,1, , ,39 54:47.620,75 10:54.927,25, ,25, ,0, , , ,3, , , , , ,769685, , , ,1,1,0,0,0,0,0,0,0,0,0,0,1,1,0,0,0,0,0,0,0,0,0,0,0,0,0,0,0,0,0,0,0,0,0,8,0,39.9132,-75.182, , 
 ,67096,2011054191,6,67,67301,2011,4,2,509,5,3,1,0,1,1, , ,N,0,0,3,3,0,1,3,3,N,N,39 53:51.961,75 12:41.537,520, ,503,9,1,3,N, ,0,N, , , , ,769710, , , ,3,2,0,0,1,0,0,0,0,0,1,0,1,0,0,0,0,0,0,0,0,1,0,2,0,0,0,0,0,0,0,0,0,0,0,3,0,39.8978,-75.2115, , 
 ,67097,2011029002,6,67,67301,2011,2,7,149,1,3,1,0,1,6, , ,N,0,0,0,3,0,1,1,2, , ,40 00:19.410,75 06:33.445,200, ,157, ,0, , , ,0, , , , , ,769744, , , ,2,1,0,0,0,1,0,0,0,0,0,0,1,1,0,0,0,0,0,0,0,0,0,0,0,0,0,0,0,0,0,0,0,0,0,8,1,40.0054,-75.1093, , 
 ,67098,2011009956,6,67,67301,2011,1,7,1145,11,1,8,1,7,5, , ,N,0,0,0,3,0,0,1,1,N,N,40 06:24.867,75 01:45.139,1155, ,1148, ,0, ,N, ,0, , , , , ,769763, , , ,1,1,0,0,0,0,0,0,0,0,0,0,0,0,0,0,0,0,0,0,0,0,0,0,0,0,0,0,0,0,0,0,0,0,0,0,0,40.1069,-75.0292, , 
 ,67099,2011033431,6,67,67301,2011,3,7,1210,12,1,1,0,1,1, , ,N,3,2,0,3,0,1,3,2,N,N,39 58:21.476,75 13:03.992,1247, ,1216, ,0, ,N, ,3, , , , , ,769790, , , ,2,2,0,0,0,0,0,0,0,0,0,1,1,0,0,0,0,0,0,0,0,0,0,0,0,0,0,0,0,0,0,0,0,0,0,4,0,39.9726,-75.2178, , 
 ,67100,2011038429,6,67,67301,2011,3,3,930,9,1,1,0,5,1, , ,N,2,2,7,3,0,1,2,2, , ,39 55:07.618,75 11:09.725,937, ,937, ,0, , , ,3, , , , , ,769796, , , ,1,1,0,0,0,0,0,0,1,0,0,0,1,1,0,0,0,0,0,0,0,0,0,0,0,0,0,0,0,0,0,0,0,0,0,8,0,39.9188,-75.186, , 