wz_ln_closure,objectid_1,crn,district,county,municipality,crash_year,crash_month,day_of_week,time_of_day,hour_of_day,illumination,weather,road_condition,collision_type,relation_to_road,work_zone_type,work_zone_loc,work_zone_ind,intersect_type,tcd_type,location_type,urban_rural,fatal_count,injury_count,person_count,total_units,sch_bus_ind,sch_zone_ind,latitude,longitude,arrival_tm,cons_zone_spd_lim,dispatch_tm,est_hrs_closed,lane_closed,ln_close_dir,ntfy_hiwy_maint,spec_juris_cd,tcd_func_cd,tfc_detour_ind,workers_pres,wz_close_detour,wz_flagger,wz_law_offcr_ind,objectid,wz_moving,wz_other,wz_shlder_mdn,vehicle_count,automobile_count,motorcycle_count,bus_count,small_truck_count,heavy_truck_count,suv_count,van_count,bicycle_count,maj_inj_count,mod_inj_count,min_inj_count,tot_inj_count,unk_inj_deg_count,unk_inj_per_count,driver_count_16yr,driver_count_17yr,driver_count_18yr,driver_count_19yr,driver_count_20yr,driver_count_50_64yr,driver_count_65_74yr,driver_count_75plus,unbelted_occ_count,unb_death_count,unb_maj_inj_count,belted_death_count,belted_maj_inj_count,mcycle_death_count,mcycle_maj_inj_count,bicycle_death_count,bicycle_maj_inj_count,ped_count,ped_death_count,ped_maj_inj_count,max_severity_level,comm_veh_count,dec_lat,dec_long,rdwy_surf_type_cd,county_name
 ,67101,2011112259,6,67,67301,2011,10,6,9999,99,1,1,1,1,1, , ,N,0,2,0,3,0,1,2,2,N,N,40 01:45.852,75 11:20.163,1028, ,1025, ,0, ,N, ,3, , , , , ,766281, , , ,2,2,0,0,0,0,0,0,0,0,1,0,1,0,1,0,0,0,0,0,0,0,0,1,0,0,0,0,0,0,0,0,0,0,0,3,0,40.0294,-75.1889, , 
 ,67102,2011115448,6,67,67301,2011,10,5,1900,19,3,1,0,1,1, , ,N,2,2,0,3,0,1,4,3,N, ,39 57:15.789,75 10:16.899,1959, ,1954,1,1,4, , ,3,N, , , , ,766285, , , ,3,1,0,1,0,0,1,0,0,0,0,0,1,1,1,0,0,0,0,0,0,0,0,1,0,0,0,0,0,0,0,0,0,0,0,8,1,39.9544,-75.1714, , 
 ,67103,2011033541,6,67,67301,2011,2,2,2031,20,3,2,1,8,1, , ,N,2,2,0,3,0,1,2,2,N,N,40 01:58.068,75 12:51.988,2042, ,2031,1,1,6,N, ,3,N, , , , ,766302, , , ,1,1,0,0,0,0,0,0,0,0,0,1,1,0,0,0,0,0,0,0,0,0,0,0,0,0,0,0,0,0,0,0,1,0,0,4,0,40.0328,-75.2144, , 
 ,67104,2011037958,6,67,67301,2011,3,5,1323,13,1,2,1,1,1, , ,N,5,2,0,3,0,1,3,2, , ,39 59:19.892,75 07:38.391,1348, ,1344, ,0, , , ,3, , , , , ,766306, , , ,2,2,0,0,0,0,0,0,0,0,0,1,1,0,0,0,0,0,0,0,0,1,0,0,0,0,0,0,0,0,0,0,0,0,0,4,0,39.9889,-75.1273, , 
 ,67105,2011061817,6,67,67301,2011,5,4,9999,99,8,2,1,7,2, , ,N,0,0,0,3,0,1,1,1,N,N,40 01:15.794,75 06:02.232,850, ,840, ,0, ,N, ,0, , , , , ,766331, , , ,1,1,0,0,0,0,0,0,0,0,1,0,1,0,0,0,0,0,0,0,0,0,0,0,0,0,0,0,0,0,0,0,0,0,0,3,0,40.0211,-75.1006, , 
 ,67106,2011044466,6,67,67301,2011,4,7,1755,17,1,1,0,7,5, , ,N,0,0,0,3,0,1,1,1, , ,39 56:05.100,75 11:47.530,1800, ,1755, ,0, , , ,0, , , , , ,766373, , , ,1,0,0,0,1,0,0,0,0,0,0,1,1,0,0,0,0,0,0,0,1,0,0,1,0,0,0,0,0,0,0,0,0,0,0,4,0,39.9348,-75.1965, , 
 ,67107,2011044551,6,67,67301,2011,4,6,1345,13,1,2,1,4,1, , ,N,1,2,0,3,0,2,2,2,N,N,40 06:06.760,75 02:22.992,1349, ,1345,1,1,2,N, ,3,N, , , , ,766374, , , ,2,2,0,0,0,0,0,0,0,0,0,0,2,2,0,0,0,0,0,0,0,1,0,0,0,0,0,0,0,0,0,0,0,0,0,8,0,40.1019,-75.0397, , 
 ,67108,2011054188,6,67,67301,2011,4,4,1424,14,1,2,1,4,1, , ,N,1,2,0,3,0,0,5,2,N,N,40 05:41.218,75 00:55.140,1445, ,1425,1,1,4,N, ,3,N, , , , ,766384, , , ,2,1,0,0,0,0,1,0,0,0,0,0,0,0,0,0,0,0,0,0,0,0,1,0,0,0,0,0,0,0,0,0,0,0,0,0,0,40.0948,-75.0153, , 
 ,67109,2011022195,6,67,67301,2011,1,3,1005,10,1,1,0,1,1, , ,N,0,0,0,3,0,0,3,2,N,N,39 58:07.195,75 07:43.104,1015, ,1008, ,0, ,N, ,0, , , , , ,766396, , , ,2,1,0,0,0,0,1,0,0,0,0,0,0,0,0,0,0,0,0,0,2,0,0,0,0,0,0,0,0,0,0,0,0,0,0,0,0,39.9687,-75.1284, , 
 ,67110,2011057281,6,67,67301,2011,5,7,445,4,3,1,0,2,2, , ,N,0,0,0,3,0,0,1,3,N,N,40 03:32.756,75 00:36.525,505, ,457,2,1,2,N, ,0,Y, , , , ,766425, , , ,3,3,0,0,0,0,0,0,0,0,0,0,0,0,0,0,0,0,0,0,0,0,0,1,0,0,0,0,0,0,0,0,0,0,0,0,0,40.0591,-75.0101, , 
 ,67111,2011061782,6,67,67301,2011,5,4,1006,10,1,1,0,4,1, , ,N,1,2,0,3,0,1,2,2,N,N,39 55:36.272,75 10:08.761,1012, ,1008, ,0, , , ,2, , , , , ,766432, , , ,1,1,0,0,0,0,0,0,1,0,0,1,1,0,1,0,0,0,0,0,0,0,0,0,0,0,0,0,0,0,0,0,0,0,0,4,0,39.9268,-75.1691, , 
 ,67112,2011023891,6,67,67301,2011,2,4,1629,16,1,1,0,5,1, , ,N,0,0,0,3,0,0,2,2,N,N,39 58:27.043,75 11:39.195,1637, ,1632, ,0, ,N, ,0, , , , , ,766441, , , ,2,1,0,0,1,0,0,0,0,0,0,0,0,0,0,0,0,0,0,0,0,0,0,0,0,0,0,0,0,0,0,0,0,0,0,0,0,39.9742,-75.1942, , 
 ,67113,2011028991,6,67,67301,2011,1,7,200,2,3,1,0,6,1, , ,N,1,2,0,3,0,2,4,2,N,N,40 01:56.602,75 04:50.717,210, ,204,1,1,3,N, ,3,N, , , , ,766449, , , ,2,2,0,0,0,0,0,0,0,0,0,2,2,0,0,0,0,0,1,0,0,0,0,0,0,0,0,0,0,0,0,0,0,0,0,4,0,40.0324,-75.0808, , 
 ,67114,2011040323,6,67,67301,2011,3,7,1056,10,1,1,0,6,1, , ,N,1,2,0,3,0,4,5,4,N,N,39 59:51.784,75 07:23.658,1058, ,1057,3,2,6,N, ,3,Y, , , , ,766452, , , ,4,3,0,0,0,0,0,1,0,0,0,1,4,3,1,0,0,1,0,0,0,0,0,0,0,0,0,0,0,0,0,0,0,0,0,4,0,39.9977,-75.1232, , 
 ,67115,2011051180,6,67,67301,2011,5,1,134,1,3,2,7,7,2, , ,N,0,0,0,3,0,4,4,1,N,N,39 56:52.960,75 11:13.427,137, ,136,1,1,3,N, ,0,N, , , , ,766460, , , ,1,1,0,0,0,0,0,0,0,0,0,0,4,4,0,0,0,0,0,1,0,0,0,0,0,0,0,0,0,0,0,0,0,0,0,8,0,39.948,-75.1871, , 
 ,67116,2011057449,6,67,67301,2011,5,2,1715,17,1,1,0,1,1, , ,N,0,0,0,3,0,1,3,3,N,N,40 03:08.243,75 10:17.749,1724, ,1719, ,0, ,N, ,0, , , , , ,766462, , , ,3,3,0,0,0,0,0,0,0,0,0,0,1,1,0,0,0,0,0,0,1,0,0,0,0,0,0,0,0,0,0,0,0,0,0,8,0,40.0523,-75.1716, , 
 ,67117,2011067754,6,67,67301,2011,7,1,629,6,1,2,1,1,1, , ,N,0,0,0,3,0,0,2,2,N,N,40 02:32.231,75 00:12.903,638, ,632,1,1,1,N, ,0,N, , , , ,766475, , , ,2,0,0,0,0,0,1,0,0,0,0,0,0,0,1,0,0,0,0,0,0,0,0,0,0,0,0,0,0,0,0,0,0,0,0,9,0,40.0422,-75.0036, , 
 ,67118,2011023282,6,67,67301,2011,1,2,730,7,1,1,0,8,1, , ,N,1,2,0,3,0,1,2,2,N,N,39 57:31.834,75 12:22.607,910, ,900, ,0, ,N, ,3, , , , , ,766498, , , ,1,1,0,0,0,0,0,0,0,0,0,1,1,0,0,0,0,0,0,0,0,0,0,0,0,0,0,0,0,0,0,0,1,0,0,4,0,39.9588,-75.2063, , 
 ,67119,2011056865,6,67,67301,2011,5,2,9999,99,1,1,0,4,1, , ,N,5,2,1,3,0,6,6,2,N,N,39 55:19.403,75 11:19.680,1537, ,1537, ,0, ,N, ,3, , , , , ,758144, , , ,2,1,0,0,0,0,0,1,0,0,4,2,6,0,0,0,0,0,0,0,0,0,0,4,0,0,0,0,0,0,0,0,0,0,0,3,0,39.9221,-75.1884, , 
 ,67120,2011024663,6,67,67301,2011,1,4,617,6,5,4,3,7,5, , ,N,2,3,0,3,0,1,1,1,N,N,40 02:13.960,75 08:11.320,625, ,617, ,0, ,N, ,3, , , , , ,758158, , , ,1,1,0,0,0,0,0,0,0,0,0,1,1,0,0,0,0,0,0,0,0,0,0,0,0,0,0,0,0,0,0,0,0,0,0,4,0,40.0372,-75.1365, , 
 ,67121,2011026616,6,67,67301,2011,2,1,1611,16,1,1,0,7,7, , ,N,7,0,2,3,0,0,1,1,N,N,39 53:57.131,75 10:01.719,1620, ,1616,1,1,2,N, ,0,N, , , , ,758160, , , ,1,1,0,0,0,0,0,0,0,0,0,0,0,0,0,0,0,0,0,0,0,0,0,0,0,0,0,0,0,0,0,0,0,0,0,0,0,39.8992,-75.1671, , 
 ,67122,2011047122,6,67,67301,2011,3,3,1612,16,1,1,0,8,1, , ,N,1,2,0,3,0,1,4,2,N,N,39 57:42.807,75 14:26.915,2045, ,2021, ,0, ,N, ,3, , , , , ,758185, , , ,1,0,0,0,0,0,1,0,0,0,0,0,1,1,0,0,0,0,0,0,0,0,0,0,0,0,0,0,0,0,0,0,1,0,0,8,0,39.9619,-75.2408, , 
 ,67123,2011053557,6,67,67301,2011,4,5,1235,12,1,1,0,4,1, , ,N,0,0,7,3,0,1,2,2,N, ,40 00:58.350,75 07:31.650,1245, ,1240, ,0, , , ,0, , , , , ,758187, , , ,2,1,0,0,0,0,0,1,0,0,0,1,1,0,0,0,0,0,0,0,1,0,0,0,0,0,0,0,0,0,0,0,0,0,0,4,0,40.0162,-75.1255, , 
 ,67124,2011029140,6,67,67301,2011,2,1,2336,23,3,1,0,2,1, , ,N,0,0,0,3,0,0,2,2,N,N,40 02:12.782,75 07:56.739,2340, ,2338, ,0, ,N, ,0, , , , , ,758212, , , ,2,0,0,0,0,0,1,1,0,0,0,0,0,0,0,0,0,0,0,0,0,0,0,2,0,0,0,0,0,0,0,0,0,0,0,0,0,40.0369,-75.1324, , 
 ,67125,2011029433,6,67,67301,2011,2,5,1835,18,3,4,4,4,1, , ,N,1,3,0,3,0,0,2,3,N,N,40 04:14.487,75 09:43.335,1845, ,1838, ,0, ,N, ,3, , , , , ,758213, , , ,3,2,0,0,0,0,1,0,0,0,0,0,0,0,0,0,0,0,0,0,0,0,0,0,0,0,0,0,0,0,0,0,0,0,0,0,0,40.0707,-75.162, , 
 ,67126,2011031238,6,67,67301,2011,2,4,827,8,1,1,0,1,1, , ,N,1,2,0,3,0,1,3,2,N,N,40 03:23.098,75 00:46.082,834, ,827, ,0, ,N, ,3, , , , , ,758215, , , ,2,1,0,0,0,0,0,1,0,0,0,1,1,0,0,0,0,0,0,0,1,0,0,3,0,0,0,0,0,0,0,0,0,0,0,4,0,40.0564,-75.0128, , 
 ,67127,2011033428,6,67,67301,2011,2,4,9999,99,1,1,0,1,1, , ,N,5,2,0,3,0,1,4,3,N,N,39 58:32.542,75 07:13.776,1529, ,1528, ,0, ,N, ,3, , , , , ,758217, , , ,3,2,0,0,1,0,0,0,0,0,0,1,1,0,2,0,0,0,0,0,0,1,0,0,0,0,0,0,0,0,0,0,0,0,0,4,0,39.9753,-75.121, , 
 ,67128,2011044451,6,67,67301,2011,4,7,2200,22,3,1,0,4,1, , ,N,1,0,0,3,0,0,2,2,N,N,40 03:31.504,75 03:02.099,2210, ,2204,1,1,3, , ,0,N, , , , ,758228, , , ,2,2,0,0,0,0,0,0,0,0,0,0,0,0,2,0,0,0,0,1,0,0,0,0,0,0,0,0,0,0,0,0,0,0,0,9,0,40.0588,-75.0506, , 
 ,67129,2011053001,6,67,67301,2011,5,2,1755,17,1,1,0,7,2, , ,N,0,0,0,3,0,2,3,2,N,N,40 02:10.191,75 00:58.896,1819, ,1756,2,2,2,N, ,0,N, , , , ,758236, , , ,2,2,0,0,0,0,0,0,0,0,1,1,2,0,0,0,0,0,0,0,0,0,0,2,0,0,0,0,0,0,0,0,0,0,0,3,0,40.0362,-75.0163, , 
 ,67130,2011053479,6,67,67301,2011,4,3,1553,15,1,1,1,4,1, , ,N,1,2,0,3,0,0,2,2,N,N,40 05:09.739,75 12:42.976,1610, ,1600, ,0, ,N, ,3, , , , , ,758237, , , ,2,1,0,0,0,0,1,0,0,0,0,0,0,0,0,0,0,0,0,0,0,0,1,0,0,0,0,0,0,0,0,0,0,0,0,0,0,40.0861,-75.2119, , 
 ,67131,2011031383,6,67,67301,2011,2,6,1115,11,1,1,0,6,1, , ,N,2,3,0,3,0,1,2,2,N,N,40 02:47.418,75 08:10.792,1119, ,1116, ,0, ,N, ,3, , , , , ,758263, , , ,2,2,0,0,0,0,0,0,0,0,0,1,1,0,0,0,0,0,0,0,0,0,1,1,0,0,0,0,0,0,0,0,0,0,0,4,0,40.0465,-75.1363, , 
 ,67132,2011038342,6,67,67301,2011,3,7,1739,17,1,1,0,4,1, , ,N,1,3,0,3,0,1,2,2,N,N,39 57:46.263,75 13:20.146,1742, ,1740, ,0, ,N, ,3, , , , , ,758270, , , ,1,0,0,0,0,0,1,0,1,0,1,0,1,0,0,0,0,0,0,0,1,0,0,0,0,0,0,0,0,0,0,0,0,0,0,3,0,39.9629,-75.2223, , 
 ,67133,2011038451,6,67,67301,2011,2,6,1830,18,6,1,8,8,1, , ,N,1,2,0,3,0,1,2,2,N,N,39 57:26.251,75 14:52.347,1040, ,1035, ,0, ,N, ,3, , , , , ,758271, , , ,1,0,0,0,0,0,0,0,0,0,0,1,1,0,0,0,0,0,0,0,0,0,0,0,0,0,0,0,0,0,0,0,1,0,0,4,0,39.9573,-75.2479, , 
 ,67134,2011056904,6,67,67301,2011,5,4,1105,11,1,2,1,4,1, , ,N,1,3,0,3,0,1,2,3,N,N,39 59:00.636,75 10:15.855,1110, ,1105,1,1,3,N, ,2,N, , , , ,758286, , , ,3,3,0,0,0,0,0,0,0,0,0,0,1,1,0,0,0,0,0,0,1,0,0,0,0,0,0,0,0,0,0,0,0,0,0,8,0,39.9835,-75.1711, , 
 ,67135,2011019031,6,67,67301,2011,2,4,1720,17,1,1,0,1,1, , ,N,0,0,0,3,0,0,2,2,N,Y,39 56:04.299,75 08:41.526,1741, ,1729, ,0, ,N, ,0, , , , , ,758295, , , ,2,1,0,0,0,0,1,0,0,0,0,0,0,0,0,0,0,0,0,0,0,0,0,0,0,0,0,0,0,0,0,0,0,0,0,0,0,39.9344,-75.1449, , 
 ,67136,2011023272,6,67,67301,2011,1,4,730,7,1,1,0,4,1, , ,N,5,2,0,3,0,1,3,2, , ,40 00:33.133,75 09:02.943,830, ,820, ,0, , , ,3, , , , , ,758299, , , ,2,1,0,0,0,0,0,0,0,0,0,1,1,0,0,0,0,0,0,0,0,0,0,0,0,0,0,0,0,0,0,0,0,0,0,4,0,40.0092,-75.1508, , 
 ,67137,2011056786,6,67,67301,2011,4,5,2043,20,3,1,0,8,1, , ,N,2,3,0,3,0,1,2,2,N,N,40 00:00.985,75 13:42.144,2046, ,2044, ,0, ,N, ,3, , , , , ,762321, , , ,1,0,0,0,0,0,0,0,0,0,1,0,1,0,1,0,0,0,0,0,0,0,0,0,0,0,0,0,0,0,0,0,1,0,0,3,0,40.0003,-75.2284, , 
 ,67138,2011057040,6,67,67301,2011,5,4,2025,20,1,1,0,1,1, , ,N,0,0,0,3,0,1,2,2, , ,40 01:13.104,75 06:50.960,2031, ,2029, ,0, , , ,0, , , , , ,762322, , , ,2,1,0,0,0,0,0,1,0,0,0,1,1,0,0,0,0,0,1,0,0,0,0,0,0,0,0,0,0,0,0,0,0,0,0,4,0,40.0203,-75.1142, , 
 ,67139,2011057323,6,67,67301,2011,5,2,9999,99,1,1,0,5,6, , ,N,0,3,0,3,0,0,1,4,N,Y,39 59:40.030,75 14:05.334,1507, ,1500,3,1,4,N, ,3,N, , , , ,762323, , , ,4,3,0,0,0,0,1,0,0,0,0,0,0,0,1,0,0,0,0,0,0,0,0,0,0,0,0,0,0,0,0,0,0,0,0,9,0,39.9945,-75.2348, , 
 ,67140,2011030358,6,67,67301,2011,2,5,1529,15,1,1,0,1,1, , ,N,0,0,0,3,0,1,3,3,N,N,40 02:34.242,75 07:44.670,1630, ,1630, ,0, ,N, ,0, , , , , ,762358, , , ,3,3,0,0,0,0,0,0,0,0,0,1,1,0,0,0,0,0,0,1,1,0,0,0,0,0,0,0,0,0,0,0,0,0,0,4,0,40.0428,-75.1291, , 
 ,67141,2011038862,6,67,67301,2011,4,7,1426,14,1,1,0,1,1, , ,N,0,0,0,3,0,2,6,5,N,N,40 00:36.333,75 11:08.605,1435, ,1428,2,1,1,N, ,0,N, , , , ,762367, , , ,5,3,0,0,0,0,1,1,0,0,0,2,2,0,2,0,0,0,0,0,1,0,0,0,0,0,0,0,0,0,0,0,0,0,0,4,0,40.0101,-75.1857, , 
 ,67142,2011040359,6,67,67301,2011,3,5,1346,13,1,1,0,4,1, , ,N,1,2,0,3,0,2,4,2,N,N,40 01:44.844,75 05:23.694,1348, ,1348,1,1,2,N, ,3,N, , , , ,762370, , , ,2,1,0,0,0,0,1,0,0,0,0,2,2,0,0,0,0,0,0,0,1,0,0,0,0,0,0,0,0,0,0,0,0,0,0,4,0,40.0291,-75.0899, , 
 ,67143,2011047037,6,67,67301,2011,4,2,1322,13,1,1,0,8,1, , ,N,0,0,0,3,0,1,2,2,N,N,39 58:54.380,75 08:39.850,1330, ,1322, ,0, ,N, ,0, , , , , ,762375, , , ,1,1,0,0,0,0,0,0,0,0,0,1,1,0,0,0,0,0,0,0,0,0,0,0,0,0,0,0,0,0,0,0,1,0,0,4,0,39.9818,-75.1444, , 
 ,67144,2011015966,6,67,67301,2011,1,6,912,9,1,4,3,8,1, , ,N,0,0,0,3,0,1,2,2,N,N,39 59:50.160,75 06:08.190,912, ,912, ,0, ,N, ,0, , , , , ,762393, , , ,1,1,0,0,0,0,0,0,0,0,0,0,1,1,1,0,0,0,0,0,0,0,0,0,0,0,0,0,0,0,0,0,1,0,0,8,0,39.9973,-75.1023, , 
 ,67145,2011033767,6,67,67301,2011,3,5,815,8,1,1,0,8,4, , ,N,1,3,0,3,0,1,2,2,N,N,40 04:33.474,75 04:41.217,825, ,810, ,0, , , ,3, , , , , ,762410, , , ,1,0,0,0,0,0,0,1,0,0,0,0,1,1,0,0,0,0,0,0,0,0,0,0,0,0,0,0,0,0,0,0,1,0,0,8,0,40.076,-75.0781, , 
 ,67146,2011038220,6,67,67301,2011,3,4,2234,22,3,1,0,1,1, , ,N,1,2,0,3,0,4,6,4,N,N,40 01:50.025,75 08:47.329,2240, ,2239,2,2,5,N, ,2,Y, , , , ,762415, , , ,4,3,0,0,1,0,0,0,0,0,0,4,4,0,2,0,0,0,0,0,2,0,0,0,0,0,0,0,0,0,0,0,0,0,0,4,0,40.0306,-75.1465, , 
 ,67147,2011061713,6,67,67301,2011,5,4,1258,12,1,2,1,1,1, , ,N,2,0,0,3,0,1,2,2,N,N,39 58:12.939,75 09:46.987,1309, ,1258, ,0, ,N, ,0, , , , , ,762441, , , ,2,2,0,0,0,0,0,0,0,0,0,1,1,0,0,0,0,0,1,0,0,0,0,0,0,0,0,0,0,0,0,0,0,0,0,4,0,39.9703,-75.1631, , 
 ,67148,2011075694,6,67,67301,2011,6,4,1525,15,1,1,0,4,1, , ,N,0,0,0,3,0,1,4,2,N,N,40 03:53.622,75 02:52.918,1525, ,1400,9,1,4,N, ,0,N, , , , ,762452, , , ,1,1,0,0,0,0,0,0,1,0,0,0,1,1,0,0,0,0,0,0,0,0,0,0,0,0,0,0,0,0,0,0,0,0,0,8,0,40.0649,-75.048, , 
 ,67149,2011028884,6,67,67301,2011,2,5,930,9,1,1,0,8,1, , ,N,1,2,0,3,0,1,2,2,N,N,39 57:35.788,75 13:29.538,930, ,930, ,0, ,N, ,3, , , , , ,762500, , , ,1,1,0,0,0,0,0,0,0,0,0,1,1,0,0,0,0,0,0,0,0,0,0,0,0,0,0,0,0,0,0,0,1,0,0,4,0,39.9599,-75.2249, , 
 ,67150,2011047105,6,67,67301,2011,4,1,2040,20,3,1,0,4,1, , ,N,1,2,0,3,0,1,2,2,N,N,40 01:36.580,75 05:52.985,2050, ,2045,1,1,4,N, ,3,N, , , , ,762521, , , ,2,1,0,0,0,0,1,0,0,0,1,0,1,0,0,0,0,0,0,0,1,0,0,0,0,0,0,0,0,0,0,0,0,0,0,3,0,40.0268,-75.0981, , 
 ,67151,2011054151,6,67,67301,2011,4,5,1205,12,1,1,0,0,1, , ,N,1,3,0,3,0,1,1,1,N,N,40 01:06.992,75 10:59.131,1234, ,1234, ,0, ,N, ,3, , , , , ,762527, , , ,1,0,1,0,0,0,0,0,0,0,0,1,1,0,0,0,0,0,0,0,0,0,0,0,0,0,0,0,0,0,0,0,0,0,0,4,0,40.0186,-75.1831, , 
 ,67152,2011031351,6,67,67301,2011,2,4,730,7,1,1,0,6,2, , ,N,0,0,0,3,0,0,1,2,N,N,40 07:41.030,75 01:22.738,1800, ,1746,1,1,3,N, ,0,N, , , , ,762555, , , ,2,1,0,0,0,0,0,0,0,0,0,0,0,0,1,0,0,0,0,0,0,0,0,0,0,0,0,0,0,0,0,0,0,0,0,9,0,40.1281,-75.023, , 
 ,67153,2011023190,6,67,67301,2011,1,4,9999,99,1,4,3,7,5, , ,N,0,0,0,3,0,1,1,1, , ,39 54:26.622,75 13:41.057,1010, ,1004, ,0, , , ,0, , , , , ,762599, , , ,1,1,0,0,0,0,0,0,0,0,1,0,1,0,0,0,0,0,0,0,0,0,0,0,0,0,0,0,0,0,0,0,0,0,0,3,0,39.9074,-75.2281, , 
 ,67154,2011024628,6,67,67301,2011,1,6,702,7,1,4,5,7,5, , ,N,0,0,0,3,0,1,2,1,N,N,40 02:15.430,75 09:30.310,720, ,711, ,0, ,N, ,0, , , , , ,762642, , , ,1,1,0,0,0,0,0,0,0,0,1,0,1,0,0,0,0,0,0,0,1,0,0,0,0,0,0,0,0,0,0,0,0,0,0,3,0,40.0376,-75.1584, , 
 ,67155,2011044558,6,67,67301,2011,4,3,945,9,1,2,1,1,6, , ,N,0,0,0,3,0,1,1,4,N,N,40 02:52.533,75 08:37.051,958, ,949, ,0, ,N, ,0, , , , , ,769836, , , ,4,2,0,0,1,0,0,1,0,0,0,1,1,0,0,0,0,0,0,0,0,0,0,1,0,0,0,0,0,0,0,0,0,0,0,4,0,40.0479,-75.1436, , 
 ,67156,2011056936,6,67,67301,2011,5,5,1228,12,1,1,0,4,1, , ,N,0,2,7,3,0,2,3,2,N,N,40 02:20.817,75 06:35.814,1305, ,1237, ,0, , , ,3, , , , , ,769846, , , ,2,1,0,0,0,1,0,0,0,0,0,2,2,0,0,0,0,0,0,0,0,0,0,1,0,0,0,0,0,0,0,0,0,0,0,4,1,40.0391,-75.1099, , 
 ,67157,2011061864,6,67,67301,2011,5,7,2143,21,3,1,0,8,1, , ,N,1,2,0,3,0,1,2,2, , ,39 55:44.483,75 14:27.254,2150, ,2146,2,2,5, , ,3,Y, , , , ,769848, , , ,1,1,0,0,0,0,0,0,0,0,0,0,1,1,0,0,0,0,0,0,0,0,0,0,0,0,0,0,0,0,0,0,1,0,0,8,0,39.929,-75.2409, , 
 ,67158,2011064183,6,67,67301,2011,5,6,1549,15,1,2,1,7,5, , ,N,0,0,0,3,0,2,2,1,N,N,39 59:48.235,75 11:50.366,1606, ,1550, ,0, ,N, ,0, , , , , ,769851, , , ,1,1,0,0,0,0,0,0,0,1,0,1,2,0,0,0,0,0,0,0,0,0,0,2,0,1,0,0,0,0,0,0,0,0,0,2,0,39.9967,-75.1973, , 
 ,67159,2011073866,6,67,67301,2011,6,5,2020,20,4,2,1,4,1, , ,N,1,3,0,3,0,1,2,2,N,N,39 54:57.006,75 09:10.252,2029, ,2028, ,0, ,N, ,3, , , , , ,769858, , , ,1,1,0,0,0,0,0,0,1,0,0,0,1,1,0,0,0,0,0,0,0,1,0,0,0,0,0,0,0,0,0,0,0,0,0,8,0,39.9158,-75.1528, , 
 ,67160,2011013299,6,67,67301,2011,1,1,203,2,3,1,0,7,4, , ,N,0,0,0,3,0,1,1,1,N,N,40 02:53.652,74 59:55.308,216, ,205,1,1,1,N, ,0,N, , , , ,769867, , , ,1,1,0,0,0,0,0,0,0,0,0,0,1,1,0,0,0,0,0,0,0,0,0,0,0,0,0,0,0,0,0,0,0,0,0,8,0,40.0482,-74.9988, , 
 ,67161,2011029213,6,67,67301,2011,3,6,731,7,1,1,1,7,4, , ,N,0,0,0,3,0,0,1,1,N,N,40 06:18.142,75 00:05.848,736, ,733,3,2,2,N, ,0,N, , , , ,769878, , , ,1,0,0,0,0,1,0,0,0,0,0,0,0,0,0,0,0,0,0,0,0,0,0,0,0,0,0,0,0,0,0,0,0,0,0,0,1,40.105,-75.0016, , 
 ,67162,2011054260,6,67,67301,2011,4,6,1501,15,1,1,0,6,1, , ,N,1,2,0,3,0,2,3,2,Y,N,39 56:04.178,75 13:18.249,1501, ,1501, ,0, ,N, ,3, , , , , ,769898, , , ,2,1,0,1,0,0,0,0,0,0,0,2,2,0,0,0,0,0,0,0,1,0,0,2,0,0,0,0,0,0,0,0,0,0,0,4,1,39.9345,-75.2217, , 
 ,67163,2011056808,6,67,67301,2011,5,5,1820,18,1,8,0,2,1, , ,N,0,0,0,3,0,0,3,3, , ,39 54:19.500,75 10:25.713,1840, ,1827,1,1,3, , ,0,N, , , , ,769900, , , ,3,3,0,0,0,0,0,0,0,0,0,0,0,0,0,0,0,0,0,0,1,0,0,1,0,0,0,0,0,0,0,0,0,0,0,0,0,39.9054,-75.1738, , 
 ,67164,2011015845,6,67,67301,2011,1,4,1700,17,3,1,0,4,1, , ,N,2,3,7,3,0,1,3,2,N,N,40 05:03.760,75 02:07.508,1716, ,1711, ,0, ,N, ,3, , , , , ,769917, , , ,2,1,0,0,1,0,0,0,0,0,0,1,1,0,0,0,0,0,0,0,1,0,0,0,0,0,0,0,0,0,0,0,0,0,0,4,0,40.0844,-75.0354, , 
 ,67165,2011031367,6,67,67301,2011,2,5,839,8,1,1,0,1,1, , ,N,0,0,0,3,0,2,2,2,N,N,39 57:56.650,75 10:39.749,839, ,827,2,1,3,N, ,0,Y, , , , ,769929, , , ,2,2,0,0,0,0,0,0,0,0,0,0,2,2,0,0,0,0,0,0,1,1,0,0,0,0,0,0,0,0,0,0,0,0,0,8,0,39.9657,-75.1777, , 
 ,67166,2011038452,6,67,67301,2011,3,7,1053,10,1,1,0,4,1, , ,N,1,2,0,3,0,1,3,3,N,N,39 57:26.251,75 14:52.347,1103, ,1100, ,0, ,N, ,3, , , , , ,769935, , , ,3,3,0,0,0,0,0,0,0,0,0,1,1,0,0,0,0,0,0,0,2,1,0,0,0,0,0,0,0,0,0,0,0,0,0,4,0,39.9573,-75.2479, , 
 ,67167,2011054297,6,67,67301,2011,4,6,1145,11,1,1,0,5,1, , ,N,0,0,3,3,0,1,3,2,N,N,40 01:33.990,75 13:40.920,1148, ,1139, ,0, , , ,0, , , , , ,769951, , , ,2,1,0,0,1,0,0,0,0,0,0,1,1,0,1,0,0,0,0,0,1,0,0,2,0,0,0,0,0,0,0,0,0,0,0,4,0,40.0261,-75.228, , 