wz_ln_closure,objectid_1,crn,district,county,municipality,crash_year,crash_month,day_of_week,time_of_day,hour_of_day,illumination,weather,road_condition,collision_type,relation_to_road,work_zone_type,work_zone_loc,work_zone_ind,intersect_type,tcd_type,location_type,urban_rural,fatal_count,injury_count,person_count,total_units,sch_bus_ind,sch_zone_ind,latitude,longitude,arrival_tm,cons_zone_spd_lim,dispatch_tm,est_hrs_closed,lane_closed,ln_close_dir,ntfy_hiwy_maint,spec_juris_cd,tcd_func_cd,tfc_detour_ind,workers_pres,wz_close_detour,wz_flagger,wz_law_offcr_ind,objectid,wz_moving,wz_other,wz_shlder_mdn,vehicle_count,automobile_count,motorcycle_count,bus_count,small_truck_count,heavy_truck_count,suv_count,van_count,bicycle_count,maj_inj_count,mod_inj_count,min_inj_count,tot_inj_count,unk_inj_deg_count,unk_inj_per_count,driver_count_16yr,driver_count_17yr,driver_count_18yr,driver_count_19yr,driver_count_20yr,driver_count_50_64yr,driver_count_65_74yr,driver_count_75plus,unbelted_occ_count,unb_death_count,unb_maj_inj_count,belted_death_count,belted_maj_inj_count,mcycle_death_count,mcycle_maj_inj_count,bicycle_death_count,bicycle_maj_inj_count,ped_count,ped_death_count,ped_maj_inj_count,max_severity_level,comm_veh_count,dec_lat,dec_long,rdwy_surf_type_cd,county_name
 ,67168,2011023307,6,67,67301,2011,1,5,2037,20,3,1,0,7,4, , ,N,0,0,0,3,0,0,2,1,N,N,40 00:15.249,75 07:38.960,2051, ,2051, ,0, , , ,0, , , , , ,769978, , , ,1,0,0,0,0,0,0,1,0,0,0,0,0,0,0,0,0,0,0,0,0,0,0,0,0,0,0,0,0,0,0,0,0,0,0,0,0,40.0042,-75.1275, , 
 ,67169,2011028357,6,67,67301,2011,3,2,50,0,3,2,1,7,3, , ,N,0,0,0,3,0,1,1,1,N,N,39 59:28.308,75 12:14.098,58, ,53, ,0, ,N, ,0, , , , , ,769984, , , ,1,1,0,0,0,0,0,0,0,0,0,1,1,0,0,0,0,0,0,1,0,0,0,0,0,0,0,0,0,0,0,0,0,0,0,4,0,39.9912,-75.2039, , 
 ,67170,2011015840,6,67,67301,2011,1,7,2006,20,3,8,1,7,5, , ,N,0,0,0,3,0,4,4,1, , ,39 59:50.526,75 05:21.436,2010, ,2006,1,2,7, , ,0,N, , , , ,770014, , , ,1,1,0,0,0,0,0,0,0,0,2,2,4,0,0,0,0,0,0,0,0,0,0,0,0,0,0,0,0,0,0,0,0,0,0,3,0,39.9974,-75.0893, , 
 ,67171,2011028691,6,67,67301,2011,2,1,2,0,3,1,0,7,4, , ,N,0,0,0,3,0,1,1,1,N,N,39 53:23.410,75 14:25.200,14, ,4,2,1,2,Y, ,0,Y, , , , ,770023, , , ,1,1,0,0,0,0,0,0,0,0,1,0,1,0,0,0,0,0,0,0,1,0,0,1,0,0,0,0,0,0,0,0,0,0,0,3,0,39.8898,-75.2403, , 
 ,67172,2011028980,6,67,67301,2011,2,2,1300,13,1,1,0,8,1, , ,N,1,2,0,3,0,1,2,2,N,N,40 02:23.373,75 08:40.028,1305, ,1300, ,0, ,N, ,9, , , , , ,770024, , , ,1,0,0,0,1,0,0,0,0,0,1,0,1,0,0,0,0,0,0,0,0,0,0,0,0,0,0,0,0,0,0,0,1,0,0,3,0,40.0398,-75.1445, , 
 ,67173,2011030321,6,67,67301,2011,3,4,816,8,1,1,0,1,1, , ,N,0,0,0,3,0,0,2,2,N,N,39 56:44.315,75 11:24.841,838, ,819, ,0, ,N, ,0, , , , , ,766502, , , ,2,1,0,0,0,0,1,0,0,0,0,0,0,0,0,0,0,0,0,0,0,0,0,0,0,0,0,0,0,0,0,0,0,0,0,0,0,39.9456,-75.1902, , 
 ,67174,2011054101,6,67,67301,2011,4,2,2045,20,3,1,0,1,1, , ,N,1,2,0,3,0,1,3,2,N, ,40 01:07.417,75 07:37.815,2112, ,2111, ,0, , , ,3, , , , , ,766527, , , ,2,2,0,0,0,0,0,0,0,0,0,0,1,1,0,0,0,0,0,0,1,0,0,0,0,0,0,0,0,0,0,0,0,0,0,8,0,40.0187,-75.1272, , 
 ,67175,2011054266,6,67,67301,2011,4,7,9999,99,1,1,0,4,1, , ,N,1,2,0,3,0,1,3,2,N,N,40 02:20.299,75 09:00.122,1746, ,1730, ,0, ,N, ,3, , , , , ,766528, , , ,2,2,0,0,0,0,0,0,0,0,0,1,1,0,0,0,0,0,0,0,1,0,0,0,0,0,0,0,0,0,0,0,0,0,0,4,0,40.039,-75.15, , 
 ,67176,2011022980,6,67,67301,2011,1,4,1430,14,1,4,4,4,1, , ,N,1,3,0,3,0,2,4,2,N,N,39 57:54.554,75 12:48.074,1442, ,1434, ,0, ,N, ,3, , , , , ,766550, , , ,2,0,0,0,0,0,1,1,0,0,0,2,2,0,1,0,0,0,0,0,0,0,0,0,0,0,0,0,0,0,0,0,0,0,0,4,0,39.9652,-75.2134, , 
 ,67177,2011029183,6,67,67301,2011,2,4,1055,10,1,1,0,2,1, , ,N,1,2,0,3,0,1,3,2,N,N,40 01:17.889,75 05:38.539,1101, ,1100,1,1,7,N, ,3,Y, , , , ,766552, , , ,2,2,0,0,0,0,0,0,0,0,0,1,1,0,2,0,0,1,0,0,0,0,0,3,0,0,0,0,0,0,0,0,0,0,0,4,0,40.0218,-75.0941, , 
Y,67178,2011029440,6,67,67301,2011,2,3,700,7,1,2,6,1,1,1,4,Y,0,0,0,3,0,1,5,2, , ,40 02:17.259,75 00:32.625,719,99,714,9,1,1, , ,0,Y,U, , ,U,766553, , , ,2,2,0,0,0,0,0,0,0,0,0,1,1,0,0,0,1,0,0,0,0,0,0,0,0,0,0,0,0,0,0,0,0,0,0,4,0,40.0381,-75.0091, , 
 ,67179,2011031293,6,67,67301,2011,2,1,1830,18,3,1,0,8,1, , ,N,1,2,0,3,0,1,2,2,N,N,40 00:37.875,75 06:00.082,2035, ,2030, ,0, ,N, ,3, , , , , ,766554, , , ,1,1,0,0,0,0,0,0,0,0,0,0,1,1,0,0,0,0,0,0,0,0,1,0,0,0,0,0,0,0,0,0,1,0,0,8,0,40.0105,-75.1, , 
 ,67180,2011033488,6,67,67301,2011,3,3,1300,13,1,1,0,8,1, , ,N,1,2,0,3,0,1,2,2,N,Y,40 01:13.809,75 11:32.576,1309, ,1300, ,0, , , ,3, , , , , ,766557, , , ,1,1,0,0,0,0,0,0,0,0,1,0,1,0,0,0,0,0,0,0,0,0,0,0,0,0,0,0,0,0,0,0,1,0,0,3,0,40.0205,-75.1924, , 
 ,67181,2011044619,6,67,67301,2011,3,4,1500,15,1,1,0,1,4, , ,N,0,0,0,3,0,2,6,2,N, ,39 59:29.225,75 08:05.620,9999, ,9999, ,0, , , ,0, , , , , ,766569, , , ,2,1,0,0,0,0,1,0,0,0,0,2,2,0,0,0,0,0,0,0,0,0,0,0,0,0,0,0,0,0,0,0,0,0,0,4,0,39.9915,-75.1349, , 
 ,67182,2011029180,6,67,67301,2011,2,5,1435,14,1,1,6,5,1, , ,N,1,2,0,3,0,1,4,2,N,N,39 57:27.736,75 09:44.915,1645, ,1645, ,0, , , ,3, , , , , ,766594, , , ,2,2,0,0,0,0,0,0,0,0,0,0,1,1,0,0,0,0,0,0,1,0,0,0,0,0,0,0,0,0,0,0,0,0,0,8,0,39.9577,-75.1624, , 
 ,67183,2011029408,6,67,67301,2011,2,7,1520,15,1,9,6,5,1, , ,N,0,0,0,3,0,0,1,4,N,N,40 03:09.417,75 03:48.597,1530, ,1527, ,0, ,N, ,0, , , , , ,766595, , , ,4,1,0,0,0,0,3,0,0,0,0,0,0,0,0,0,0,0,0,0,1,0,0,0,0,0,0,0,0,0,0,0,0,0,0,0,0,40.0526,-75.0635, , 
 ,67184,2011033549,6,67,67301,2011,3,4,20,0,3,1,0,4,1, , ,N,1,2,0,3,0,1,3,2, , ,39 54:50.431,75 08:59.775,2022, ,2020, ,0, , , ,3, , , , , ,766601, , , ,2,0,1,0,0,0,1,0,0,0,0,1,1,0,0,0,0,0,0,0,1,0,0,1,0,0,0,0,0,0,0,0,0,0,0,4,0,39.914,-75.1499, , 
 ,67185,2011037998,6,67,67301,2011,3,5,1345,13,1,2,1,8,1, , ,N,1,2,0,3,0,1,2,2,N,N,39 55:09.904,75 10:14.985,1349, ,1345, ,0, , , ,3, , , , , ,766606, , , ,1,0,0,0,0,0,0,1,0,0,0,1,1,0,0,0,0,0,0,0,0,1,0,0,0,0,0,0,0,0,0,0,1,0,0,4,0,39.9194,-75.1707, , 
 ,67186,2011056966,6,67,67301,2011,5,5,1545,15,1,1,0,4,1, , ,N,0,0,0,3,0,1,3,2,N,N,39 59:32.722,75 09:17.260,1624, ,1619, ,0, ,N, ,0, , , , , ,766623, , , ,2,2,0,0,0,0,0,0,0,0,0,1,1,0,1,0,0,0,0,0,2,0,0,0,0,0,0,0,0,0,0,0,0,0,0,4,0,39.9924,-75.1548, , 
 ,67187,2011044608,6,67,67301,2011,4,1,1342,13,1,1,0,8,1, , ,N,1,3,0,3,0,1,2,2,N,N,40 02:40.989,75 07:17.032,1345, ,1342, ,0, ,N, ,3, , , , , ,766657, , , ,1,0,0,0,0,0,1,0,0,0,0,0,1,1,0,0,0,0,0,0,0,0,0,1,0,0,0,0,0,0,0,0,1,0,0,8,0,40.0447,-75.1214, , 
 ,67188,2011047311,6,67,67301,2011,4,2,1847,18,1,1,0,8,1, , ,N,0,3,0,3,0,1,2,2,N,N,40 01:43.597,75 04:02.805,1904, ,1900,3,2,3,N, ,3,N, , , , ,766661, , , ,1,0,0,0,0,0,0,1,0,0,1,0,1,0,0,0,0,0,0,0,0,0,0,0,0,0,0,0,0,0,0,0,1,0,0,3,0,40.0288,-75.0674, , 
 ,67189,2011055748,6,67,67301,2011,4,2,1600,16,1,9,8,4,1, , ,N,1,2,0,3,0,1,4,2,N, ,40 01:08.421,75 08:50.014,0, ,1725, ,0, , , ,9, , , , , ,766667, , , ,2,2,0,0,0,0,0,0,0,0,0,0,1,1,0,0,0,0,0,0,0,0,0,0,0,0,0,0,0,0,0,0,0,0,0,8,0,40.0189,-75.1471, , 
 ,67190,2011029171,6,67,67301,2011,1,3,1520,15,1,4,3,7,5, , ,N,0,0,0,3,0,1,1,1,N,N,39 59:01.070,75 13:29.910,1612, ,1609,3,2,7,N, ,0,Y, , , , ,766693, , , ,1,0,0,0,0,0,1,0,0,0,0,0,1,1,0,0,0,0,0,0,0,0,0,0,0,0,0,0,0,0,0,0,0,0,0,8,0,39.9836,-75.225, , 
 ,67191,2011029093,6,67,67301,2011,2,5,1149,11,1,1,0,4,1, , ,N,1,2,0,3,0,0,3,2,N,N,40 05:40.380,75 00:54.123,1211, ,1200, ,0, ,N, ,3, , , , , ,758307, , , ,2,1,0,0,0,0,1,0,0,0,0,0,0,0,0,0,0,0,0,0,2,0,0,0,0,0,0,0,0,0,0,0,0,0,0,0,0,40.0945,-75.015, , 
 ,67192,2011031135,6,67,67301,2011,3,3,1834,18,3,1,0,8,1, , ,N,1,2,0,3,0,2,3,3,N,N,39 57:31.834,75 12:22.607,1837, ,1835, ,0, ,N, ,3, , , , , ,758310, , , ,1,1,0,0,0,0,0,0,0,0,0,2,2,0,0,0,0,0,0,0,1,0,0,0,0,0,0,0,0,0,0,0,2,0,0,4,0,39.9588,-75.2063, , 
 ,67193,2011031334,6,67,67301,2011,2,4,635,6,1,1,0,4,1, , ,N,1,2,0,3,0,2,3,2,N,N,40 02:17.896,75 04:31.313,650, ,643,1,1,3,N, ,3,N, , , , ,758311, , , ,2,1,0,0,1,0,0,0,0,0,0,0,2,2,0,0,0,0,0,0,0,0,0,0,0,0,0,0,0,0,0,0,0,0,0,8,0,40.0383,-75.0754, , 
 ,67194,2011031388,6,67,67301,2011,2,1,240,2,3,1,0,7,4, , ,N,0,0,7,3,0,0,1,2,N,N,39 57:36.910,75 08:18.403,244, ,244, ,0, ,N, ,0, , , , , ,758312, , , ,2,2,0,0,0,0,0,0,0,0,0,0,0,0,0,0,0,0,0,0,0,0,0,0,0,0,0,0,0,0,0,0,0,0,0,0,0,39.9603,-75.1386, , 
 ,67195,2011032243,6,67,67301,2011,3,7,552,5,3,1,0,1,1, , ,N,0,0,0,3,0,1,4,2,N,N,40 03:04.829,74 59:20.358,558, ,552,1,1,2,Y, ,0,N, , , , ,758313, , , ,2,2,0,0,0,0,0,0,0,0,0,1,1,0,0,0,0,0,0,0,0,0,0,0,0,0,0,0,0,0,0,0,0,0,0,4,0,40.0513,-74.9891, , 
 ,67196,2011033547,6,67,67301,2011,2,4,2255,22,3,1,0,1,1, , ,N,0,0,0,3,0,2,2,3,N,N,39 55:11.265,75 12:44.139,2330, ,2325, ,0, ,N, ,0, , , , , ,758315, , , ,3,3,0,0,0,0,0,0,0,0,0,1,2,1,0,0,0,0,0,0,1,0,0,0,0,0,0,0,0,0,0,0,0,0,0,4,0,39.9198,-75.2123, , 
 ,67197,2011049006,6,67,67301,2011,4,1,1600,16,1,1,0,5,1, , ,N,1,2,0,3,0,1,4,3,N,N,40 01:39.298,75 09:55.501,1604, ,1604, ,0, ,N, ,3, , , , , ,758332, , , ,3,2,0,0,0,0,0,1,0,0,0,0,1,1,0,0,0,1,0,0,0,0,0,0,0,0,0,0,0,0,0,0,0,0,0,8,0,40.0276,-75.1654, , 
 ,67198,2011054269,6,67,67301,2011,4,7,2019,20,3,1,0,8,1, , ,N,1,2,0,3,0,1,2,2,N,N,39 58:05.274,75 13:30.499,2023, ,2022, ,0, ,N, ,3, , , , , ,758335, , , ,1,0,0,0,0,0,1,0,0,0,0,0,1,1,0,0,0,0,0,0,0,0,0,0,0,0,0,0,0,0,0,0,1,0,0,8,0,39.9681,-75.2251, , 
 ,67199,2011029162,6,67,67301,2011,2,7,1450,14,1,1,0,4,1, , ,N,1,2,0,3,0,1,5,2,N,N,40 01:17.889,75 05:38.539,1459, ,1452, ,0, ,N, ,3, , , , , ,758349, , , ,2,1,0,0,1,0,0,0,0,0,0,0,1,1,0,0,0,0,0,0,0,0,0,0,0,0,0,0,0,0,0,0,0,0,0,8,0,40.0218,-75.0941, , 
 ,67200,2011031629,6,67,67301,2011,2,7,930,9,1,1,0,4,1, , ,N,1,2,0,3,0,0,3,2,N,N,40 02:44.136,75 04:17.168,942, ,937, ,0, ,N, ,3, , , , , ,758353, , , ,2,1,0,0,0,1,0,0,0,0,0,0,0,0,0,0,0,0,0,0,0,0,0,0,0,0,0,0,0,0,0,0,0,0,0,0,1,40.0456,-75.0714, , 
 ,67201,2011038463,6,67,67301,2011,3,7,1530,15,1,1,0,1,1, , ,N,3,3,0,3,0,9,10,2,N,N,39 58:21.514,75 15:34.689,1540, ,1532, ,0, ,N, ,3, , , , , ,758359, , , ,2,0,0,0,0,0,1,1,0,0,0,9,9,0,0,0,0,0,0,0,1,0,0,0,0,0,0,0,0,0,0,0,0,0,0,4,0,39.9726,-75.2596, , 
 ,67202,2011045611,6,67,67301,2011,4,7,1547,15,1,1,0,1,1, , ,N,0,0,0,3,0,1,13,3,N,N,39 57:36.198,75 10:45.405,1549, ,1548,1,1,4,N, ,0,N, , , , ,758366, , , ,3,2,0,0,0,0,1,0,0,0,0,0,1,1,0,0,0,0,0,0,0,0,0,0,0,0,0,0,0,0,0,0,0,0,0,8,0,39.9601,-75.1793, , 
 ,67203,2011057295,6,67,67301,2011,5,2,1700,17,1,1,0,1,1, , ,N,0,0,0,3,0,1,2,2,Y,N,40 02:11.425,75 09:30.099,1704, ,704, ,0, ,N, ,0, , , , , ,758380, , , ,2,1,0,1,0,0,0,0,0,0,0,0,1,1,0,0,0,0,0,0,1,0,0,0,0,0,0,0,0,0,0,0,0,0,0,8,1,40.0365,-75.1584, , 
 ,67204,2011011029,6,67,67301,2011,1,4,2101,21,3,1,0,7,4, , ,N,0,0,2,3,0,1,2,1,N,N,40 00:28.442,75 04:21.131,2112, ,2103,1,1,2,N, ,0,N, , , , ,758393, , , ,1,1,0,0,0,0,0,0,0,0,0,1,1,0,0,0,0,0,0,0,0,0,0,2,0,0,0,0,0,0,0,0,0,0,0,4,0,40.0078,-75.0726, , 
 ,67205,2011033515,6,67,67301,2011,3,2,1438,14,1,1,0,6,1, , ,N,0,0,7,3,0,1,1,2,N,N,40 06:04.730,75 02:20.252,1441, ,1439, ,0, ,N, ,0, , , , , ,758409, , , ,2,2,0,0,0,0,0,0,0,0,0,0,1,1,0,0,0,0,0,0,1,0,0,0,0,0,0,0,0,0,0,0,0,0,0,8,0,40.1013,-75.039, , 
 ,67206,2011054352,6,67,67301,2011,4,6,1416,14,1,1,0,5,6, , ,N,0,0,0,3,0,1,2,2,N,N,39 54:56.188,75 09:04.698,1421, ,1418, ,0, ,N, ,0, , , , , ,758476, , , ,2,1,0,0,0,0,1,0,0,0,0,0,1,1,0,0,0,0,0,0,0,0,0,0,0,0,0,0,0,0,0,0,0,0,0,8,0,39.9156,-75.1513, , 
 ,67207,2011037920,6,67,67301,2011,3,1,415,4,3,2,1,6,1, , ,N,0,0,0,3,0,0,2,3, , ,39 56:35.668,75 14:19.365,423, ,423, ,0, , , ,0, , , , , ,758514, , , ,3,1,0,0,0,0,1,1,0,0,0,0,0,0,0,0,0,0,0,0,0,0,0,0,0,0,0,0,0,0,0,0,0,0,0,0,0,39.9432,-75.2387, , 
 ,67208,2011046952,6,67,67301,2011,3,4,907,9,1,1,1,4,1, , ,N,1,3,0,3,0,1,3,2,N,N,39 56:41.474,75 14:39.627,1010, ,1008, ,0, ,N, ,3, , , , , ,758519, , , ,2,2,0,0,0,0,0,0,0,0,0,1,1,0,0,0,0,0,0,0,0,0,0,0,0,0,0,0,0,0,0,0,0,0,0,4,0,39.9449,-75.2443, , 
 ,67209,2011037949,6,67,67301,2011,3,1,335,3,3,1,0,4,1, , ,N,1,2,0,3,0,1,4,3,N,N,39 59:15.183,75 08:28.377,344, ,311,1,2,1,N, ,3,Y, , , , ,762651, , , ,3,3,0,0,0,0,0,0,0,0,0,1,1,0,0,0,0,0,0,0,0,0,0,0,0,0,0,0,0,0,0,0,0,0,0,4,0,39.9876,-75.1412, , 
 ,67210,2011064122,6,67,67301,2011,5,5,35,0,3,1,0,4,1, , ,N,1,2,0,3,0,1,3,2,N,N,40 00:51.570,75 10:41.163,45, ,43, ,0, ,N, ,3, , , , , ,762674, , , ,2,2,0,0,0,0,0,0,0,0,0,1,1,0,0,0,0,0,0,0,0,0,0,0,0,0,0,0,0,0,0,0,0,0,0,4,0,40.0143,-75.1781, , 
 ,67211,2011053012,6,67,67301,2011,5,5,1638,16,1,1,1,1,1, , ,N,0,0,0,3,0,1,2,2,N,N,39 57:35.911,75 10:42.928,1651, ,1638, ,0, ,N, ,0, , , , , ,762688, , , ,2,2,0,0,0,0,0,0,0,0,0,1,1,0,0,0,0,0,0,0,1,0,0,0,0,0,0,0,0,0,0,0,0,0,0,4,0,39.96,-75.1786, , 
 ,67212,2011056986,6,67,67301,2011,5,3,1113,11,1,1,0,6,1, , ,N,0,0,0,3,0,1,3,2, , ,39 55:48.727,75 14:35.940,1120, ,1114, ,0, , , ,0, , , , , ,762692, , , ,2,1,0,0,0,0,0,0,0,0,0,1,1,0,0,0,0,0,0,0,1,0,0,1,0,0,0,0,0,0,0,0,0,0,0,4,0,39.9302,-75.2433, , 
 ,67213,2011083431,6,67,67301,2011,7,3,1454,14,1,1,0,1,1, , ,N,0,0,0,3,0,2,4,2,N,N,39 57:07.706,75 09:41.585,1550, ,1543, ,0, ,N, ,0, , , , , ,762719, , , ,2,2,0,0,0,0,0,0,0,0,0,0,2,2,0,0,0,0,0,0,0,0,0,4,0,0,0,0,0,0,0,0,0,0,0,8,0,39.9521,-75.1616, , 
 ,67214,2011083477,6,67,67301,2011,7,1,2203,22,3,1,0,8,1, , ,N,1,2,0,3,0,1,2,2,N, ,39 58:26.116,75 12:23.386,2210, ,2203, ,0, , , ,3, , , , , ,762720, , , ,1,1,0,0,0,0,0,0,1,0,0,1,1,0,0,0,0,0,0,0,1,0,0,1,0,0,0,0,0,0,0,0,0,0,0,4,0,39.9738,-75.2064, , 
 ,67215,2011029088,6,67,67301,2011,2,5,2027,20,3,1,0,8,2, , ,N,0,0,0,3,0,1,2,2, ,N,40 00:19.572,75 09:55.513,2048, ,2029, ,0, ,N, ,0, , , , , ,762749, , , ,1,1,0,0,0,0,0,0,0,0,0,1,1,0,0,0,0,0,0,0,0,0,0,0,0,0,0,0,0,0,0,0,1,0,0,4,0,40.0054,-75.1654, , 
 ,67216,2011038435,6,67,67301,2011,3,6,2028,20,3,1,0,4,1, , ,N,5,2,0,3,0,0,2,2,N,N,40 04:50.725,75 01:42.964,2035, ,2029,1,1,1,N, ,3,N, , , , ,762765, , , ,2,0,0,0,0,0,2,0,0,0,0,0,0,0,0,0,0,0,0,0,0,0,0,0,0,0,0,0,0,0,0,0,0,0,0,0,0,40.0809,-75.0288, , 
 ,67217,2011047308,6,67,67301,2011,4,6,233,2,3,1,0,7,2, , ,N,1,2,0,3,0,0,1,1,N,N,40 01:45.094,75 07:21.831,235, ,233,2,1,1,N, ,9,Y, , , , ,762805, , , ,1,0,0,0,1,0,0,0,0,0,0,0,0,0,1,0,0,0,0,0,0,0,0,1,0,0,0,0,0,0,0,0,0,0,0,9,0,40.0292,-75.1227, , 
 ,67218,2011038345,6,67,67301,2011,3,1,342,3,3,1,0,5,6, , ,N,0,0,0,3,0,1,1,4,N,N,39 58:25.304,75 14:17.267,345, ,342,3,2,1,N, ,0,Y, , , , ,762854, , , ,4,2,0,0,0,0,2,0,0,0,0,1,1,0,0,0,0,0,0,0,0,0,0,0,0,0,0,0,0,0,0,0,0,0,0,4,0,39.9737,-75.2381, , 
 ,67219,2011047097,6,67,67301,2011,4,7,1330,13,1,1,0,5,1, , ,N,0,0,0,3,0,0,3,2,N,N,40 04:02.350,75 12:10.735,1355, ,1345, ,0, ,N, ,0, , , , , ,762863, , , ,2,0,0,0,1,0,1,0,0,0,0,0,0,0,0,0,0,0,0,0,1,0,0,0,0,0,0,0,0,0,0,0,0,0,0,0,0,40.0673,-75.203, , 
 ,67220,2011047098,6,67,67301,2011,3,4,2209,22,3,2,1,4,1, , ,N,1,3,0,3,0,1,4,2,N,N,39 58:25.183,75 14:46.708,2251, ,2251, ,0, , , ,3, , , , , ,762864, , , ,2,2,0,0,0,0,0,0,0,0,0,0,1,1,2,0,0,0,0,0,0,0,0,0,0,0,0,0,0,0,0,0,0,0,0,8,0,39.9737,-75.2463, , 
 ,67221,2011054267,6,67,67301,2011,4,4,905,9,1,1,0,4,1, , ,N,1,2,0,3,0,1,2,2,N,N,39 59:57.271,75 08:50.495,915, ,912, ,0, ,Y, ,2, , , , , ,762871, , , ,2,1,0,0,0,0,1,0,0,0,0,1,1,0,0,0,0,0,0,0,0,0,1,2,0,0,0,0,0,0,0,0,0,0,0,4,0,39.9992,-75.1474, , 
 ,67222,2011059253,6,67,67301,2011,6,5,1415,14,1,1,0,1,1, , ,N,0,0,2,3,0,1,3,3,N,N,39 54:34.375,75 09:22.219,1415, ,1415, ,0, ,N, ,0, , , , , ,762877, , , ,3,0,0,0,1,0,1,1,0,0,0,1,1,0,0,0,1,0,0,0,0,0,0,0,0,0,0,0,0,0,0,0,0,0,0,4,0,39.9095,-75.1562, , 
 ,67223,2011062013,6,67,67301,2011,5,4,1710,17,1,1,0,1,1, , ,N,0,0,0,3,0,1,3,3,N,N,40 02:55.845,75 03:05.078,1740, ,1723,1,1,2,N, ,0,N, , , , ,762879, , , ,3,3,0,0,0,0,0,0,0,0,0,1,1,0,0,0,0,1,0,0,0,0,0,1,0,0,0,0,0,0,0,0,0,0,0,4,0,40.0488,-75.0514, , 
 ,67224,2011082544,6,67,67301,2011,7,5,1542,15,1,1,0,8,1, , ,N,0,0,0,3,0,1,2,2,N,N,39 56:36.130,75 09:26.850,1543, ,1542, ,0, , , ,0, , , , , ,762898, , , ,1,1,0,0,0,0,0,0,1,0,0,1,1,0,0,0,0,0,0,0,1,0,0,0,0,0,0,0,0,0,0,0,0,0,0,4,0,39.9434,-75.1575, , 
 ,67225,2011100700,6,67,67301,2011,9,2,1246,12,1,1,0,4,1, , ,N,1,3,0,3,0,1,2,2,N,N,39 58:56.193,75 07:23.584,1255, ,1248, ,0, ,N, ,3, , , , , ,762912, , , ,2,2,0,0,0,0,0,0,0,0,0,1,1,0,0,0,1,0,0,0,0,0,0,0,0,0,0,0,0,0,0,0,0,0,0,4,0,39.9823,-75.1232, , 
 ,67226,2011023273,6,67,67301,2011,1,5,730,7,1,1,0,4,1, , ,N,1,2,0,3,0,2,2,2,N,N,39 53:57.390,75 10:29.307,750, ,742, ,0, ,N, ,3, , , , , ,762941, , , ,2,2,0,0,0,0,0,0,0,0,0,2,2,0,0,0,0,0,0,0,2,0,0,0,0,0,0,0,0,0,0,0,0,0,0,4,0,39.8993,-75.1748, , 
 ,67227,2011029154,6,67,67301,2011,2,7,2245,22,3,2,1,4,1, , ,N,0,0,7,3,0,0,2,3,N,N,40 03:23.796,75 00:52.970,2324, ,2317,2,2,4,N, ,0,Y, , , , ,770025, , , ,3,3,0,0,0,0,0,0,0,0,0,0,0,0,0,0,0,0,0,0,1,0,0,0,0,0,0,0,0,0,0,0,0,0,0,0,0,40.0566,-75.0147, , 
 ,67228,2011037890,6,67,67301,2011,3,3,1435,14,1,1,0,4,1, , ,N,1,2,0,3,0,1,2,2,N,N,39 57:11.214,75 12:50.993,1440, ,1438, ,0, ,N, ,3, , , , , ,770032, , , ,2,1,0,0,1,0,0,0,0,0,0,1,1,0,0,0,0,0,0,0,2,0,0,0,0,0,0,0,0,0,0,0,0,0,0,4,0,39.9531,-75.2142, , 
 ,67229,2011028893,6,67,67301,2011,2,6,1228,12,1,1,1,1,1, , ,N,1,3,0,3,0,1,2,2,N,N,40 04:11.082,75 10:59.659,1245, ,1239, ,0, ,N, ,3, , , , , ,770076, , , ,2,2,0,0,0,0,0,0,0,0,0,0,1,1,1,0,0,0,0,0,0,0,0,0,0,0,0,0,0,0,0,0,0,0,0,8,0,40.0697,-75.1832, , 
 ,67230,2011029030,6,67,67301,2011,2,5,850,8,1,1,0,1,1, , ,N,0,0,0,3,0,0,3,3, , ,39 55:49.123,75 11:11.968,915, ,405, ,0, , , ,0, , , , , ,770077, , , ,3,2,0,0,0,0,0,1,0,0,0,0,0,0,2,0,0,0,0,0,1,0,0,1,0,0,0,0,0,0,0,0,0,0,0,9,0,39.9303,-75.1867, , 
 ,67231,2011040290,6,67,67301,2011,3,3,1016,10,1,1,1,4,1, , ,N,1,3,0,3,0,5,12,2, , ,39 55:32.642,75 09:38.829,1026, ,1018, ,0, , , ,3, , , , , ,770085, , , ,2,1,0,1,0,0,0,0,0,0,0,5,5,0,6,0,0,0,0,0,1,0,0,0,0,0,0,0,0,0,0,0,0,0,0,4,1,39.9257,-75.1608, , 
 ,67232,2011043324,6,67,67301,2011,4,7,1706,17,1,2,1,5,1, , ,N,0,0,0,3,0,2,3,2,N,N,39 59:00.360,75 05:51.762,1729, ,1709, ,0, ,N, ,0, , , , , ,770087, , , ,2,1,0,0,0,0,1,0,0,0,0,2,2,0,0,0,0,0,1,0,0,1,0,0,0,0,0,0,0,0,0,0,0,0,0,4,0,39.9834,-75.0978, , 
 ,67233,2011049008,6,67,67301,2011,4,6,1055,10,1,2,1,4,1, , ,N,1,1,0,3,0,1,6,2,N,N,40 00:45.495,75 09:39.526,1105, ,1104, ,0, , , ,2, , , , , ,770091, , , ,2,1,0,0,0,0,0,1,0,0,0,1,1,0,0,0,0,0,0,0,1,1,0,0,0,0,0,0,0,0,0,0,0,0,0,4,0,40.0126,-75.1609, , 