wz_ln_closure,objectid_1,crn,district,county,municipality,crash_year,crash_month,day_of_week,time_of_day,hour_of_day,illumination,weather,road_condition,collision_type,relation_to_road,work_zone_type,work_zone_loc,work_zone_ind,intersect_type,tcd_type,location_type,urban_rural,fatal_count,injury_count,person_count,total_units,sch_bus_ind,sch_zone_ind,latitude,longitude,arrival_tm,cons_zone_spd_lim,dispatch_tm,est_hrs_closed,lane_closed,ln_close_dir,ntfy_hiwy_maint,spec_juris_cd,tcd_func_cd,tfc_detour_ind,workers_pres,wz_close_detour,wz_flagger,wz_law_offcr_ind,objectid,wz_moving,wz_other,wz_shlder_mdn,vehicle_count,automobile_count,motorcycle_count,bus_count,small_truck_count,heavy_truck_count,suv_count,van_count,bicycle_count,maj_inj_count,mod_inj_count,min_inj_count,tot_inj_count,unk_inj_deg_count,unk_inj_per_count,driver_count_16yr,driver_count_17yr,driver_count_18yr,driver_count_19yr,driver_count_20yr,driver_count_50_64yr,driver_count_65_74yr,driver_count_75plus,unbelted_occ_count,unb_death_count,unb_maj_inj_count,belted_death_count,belted_maj_inj_count,mcycle_death_count,mcycle_maj_inj_count,bicycle_death_count,bicycle_maj_inj_count,ped_count,ped_death_count,ped_maj_inj_count,max_severity_level,comm_veh_count,dec_lat,dec_long,rdwy_surf_type_cd,county_name
 ,67301,2011044599,6,67,67301,2011,4,7,1800,18,1,1,0,8,1, , ,N,0,0,0,3,0,1,2,2,N,N,40 00:36.273,75 08:10.725,9999, ,1901, ,0, ,N, ,0, , , , , ,770230, , , ,1,1,0,0,0,0,0,0,0,0,0,0,1,1,0,0,0,0,0,0,0,0,0,1,0,0,0,0,0,0,0,0,1,0,0,8,0,40.0101,-75.1363, , 
 ,67302,2011056760,6,67,67301,2011,4,4,1309,13,1,1,0,2,1, , ,N,2,0,0,3,0,2,2,3,N,N,39 57:31.708,75 14:43.846,1311, ,1310, ,0, ,N, ,0, , , , , ,770238, , , ,3,3,0,0,0,0,0,0,0,0,0,2,2,0,0,0,0,0,0,0,0,0,0,0,0,0,0,0,0,0,0,0,0,0,0,4,0,39.9588,-75.2455, , 
 ,67303,2011056798,6,67,67301,2011,5,5,9999,99,1,1,0,9,1, , ,N,1,2,0,3,0,1,3,3,N,N,40 00:48.808,75 04:07.229,930, ,924, ,0, ,N, ,3, , , , , ,770239, , , ,3,2,0,0,0,0,0,1,0,0,0,1,1,0,1,0,0,0,0,0,2,0,0,0,0,0,0,0,0,0,0,0,0,0,0,4,0,40.0136,-75.0685, , 
 ,67304,2011035180,6,67,67301,2011,3,4,714,7,1,2,1,1,1, , ,N,0,0,0,3,0,0,3,3,N,N,39 59:05.145,75 05:43.012,824, ,824, ,0, ,N, ,0, , , , , ,770266, , , ,3,2,0,0,0,0,1,0,0,0,0,0,0,0,0,0,0,0,0,0,0,1,0,0,0,0,0,0,0,0,0,0,0,0,0,0,0,39.9848,-75.0952, , 
 ,67305,2011036010,6,67,67301,2011,3,4,2123,21,2,1,0,7,2, , ,N,0,0,0,3,0,2,2,1,N,N,39 58:09.262,75 07:38.076,2132, ,2125,2,1,1,N, ,0,N, , , , ,770269, , , ,1,1,0,0,0,0,0,0,0,0,0,0,2,2,0,0,0,0,0,0,0,0,0,0,0,0,0,0,0,0,0,0,0,0,0,8,0,39.9693,-75.1271, , 
 ,67306,2011053447,6,67,67301,2011,4,5,1639,16,1,1,0,8,1, , ,N,0,0,0,3,0,1,2,2,N,N,40 01:51.560,75 10:00.580,1735, ,1729, ,0, ,N, ,0, , , , , ,770284, , , ,1,1,0,0,0,0,0,0,0,0,1,0,1,0,0,0,0,0,0,0,0,0,0,0,0,0,0,0,0,0,0,0,1,0,0,3,0,40.031,-75.1668, , 
 ,67307,2011055892,6,67,67301,2011,5,5,2300,23,3,1,0,5,1, , ,N,0,0,0,3,0,1,3,3,N,N,39 58:38.609,75 06:44.609,2302, ,2300,1,1,1,N, ,0,N, , , , ,770287, , , ,3,3,0,0,0,0,0,0,0,0,0,1,1,0,0,0,1,0,0,0,0,0,0,1,0,0,0,0,0,0,0,0,0,0,0,4,0,39.9773,-75.1125, , 
 ,67308,2011038416,6,67,67301,2011,3,7,1551,15,1,1,0,4,1, , ,N,2,2,0,3,0,2,6,2,N,N,40 02:39.450,75 03:14.767,1557, ,1554,1,2,1,N, ,3,Y, , , , ,770324, , , ,2,1,0,0,0,0,1,0,0,0,0,0,2,2,0,0,0,0,0,0,1,0,0,0,0,0,0,0,0,0,0,0,0,0,0,8,0,40.0443,-75.0541, , 
 ,67309,2011054345,6,67,67301,2011,4,7,620,6,1,2,1,4,1, , ,N,1,2,0,3,0,1,2,2,N,N,40 02:05.146,75 04:15.791,705, ,646,2,1,1,N, ,3,N, , , , ,770337, , , ,2,1,0,0,0,0,0,1,0,0,0,1,1,0,0,0,0,0,0,0,1,0,0,0,0,0,0,0,0,0,0,0,0,0,0,4,0,40.0348,-75.0711, , 
 ,67310,2011056157,6,67,67301,2011,5,3,2337,23,2,1,0,5,1, , ,N,0,0,0,3,0,0,3,2,N,N,39 58:56.825,75 12:28.215,2349, ,2344,1,2,3,N, ,0,N, , , , ,770341, , , ,2,2,0,0,0,0,0,0,0,0,0,0,0,0,0,0,0,0,0,1,0,0,0,0,0,0,0,0,0,0,0,0,0,0,0,0,0,39.9825,-75.2078, , 
 ,67311,2011026737,6,67,67301,2011,3,5,1110,11,1,1,0,1,1, , ,N,0,0,0,3,0,3,3,3,N,N,39 54:04.993,75 09:07.988,1123, ,1118,2,2,1,N, ,0,N, , , , ,770357, , , ,3,3,0,0,0,0,0,0,0,0,0,3,3,0,0,0,0,0,0,0,0,0,0,0,0,0,0,0,0,0,0,0,0,0,0,4,0,39.9014,-75.1522, , 
 ,67312,2011037936,6,67,67301,2011,3,7,2316,23,3,1,0,4,1, , ,N,1,3,0,3,0,1,4,2, , ,40 02:54.463,75 10:52.989,1239, ,1239,9,9,5, , ,3,N, , , , ,770364, , , ,2,2,0,0,0,0,0,0,0,0,0,1,1,0,0,0,0,0,0,0,0,0,0,0,0,0,0,0,0,0,0,0,0,0,0,4,0,40.0485,-75.1814, , 
 ,67313,2011038363,6,67,67301,2011,3,7,119,1,3,1,0,2,1, , ,N,0,0,0,3,0,5,7,3,N,N,39 59:10.910,75 12:34.680,125, ,121,3,2,6,N, ,0,Y, , , , ,770365, , , ,3,3,0,0,0,0,0,0,0,0,0,0,5,5,0,0,0,0,0,0,0,0,0,0,0,0,0,0,0,0,0,0,0,0,0,8,0,39.9864,-75.2096, , 
 ,67314,2011053563,6,67,67301,2011,4,4,9999,99,2,1,0,8,1, , ,N,0,0,0,3,0,1,2,2,N, ,40 00:13.714,75 10:12.248,2155, ,2149, ,0, , , ,0, , , , , ,770378, , , ,1,1,0,0,0,0,0,0,0,0,0,0,1,1,0,0,0,0,0,0,0,0,0,0,0,0,0,0,0,0,0,0,1,0,0,8,0,40.0038,-75.1701, , 
 ,67315,2011015924,6,67,67301,2011,1,4,210,2,2,4,3,3,1, , ,N,2,3,0,3,0,2,7,2,N,N,39 53:33.745,75 14:47.410,220, ,214, ,0, ,N, ,2, , , , , ,770403, , , ,2,0,0,0,0,0,1,0,0,0,0,1,2,1,1,0,0,0,0,0,0,0,0,0,0,0,0,0,0,0,0,0,0,0,0,4,0,39.8927,-75.2465, , 
 ,67316,2011029186,6,67,67301,2011,2,4,1533,15,1,1,0,8,6, , ,N,0,0,0,3,0,2,3,3,N,N,40 01:55.981,75 03:52.072,1535, ,1535, ,0, ,N, ,0, , , , , ,770414, , , ,1,0,0,0,0,0,0,1,0,0,0,0,2,2,0,0,0,0,0,0,0,0,0,0,0,0,0,0,0,0,0,0,2,0,0,8,0,40.0322,-75.0645, , 
 ,67317,2011031213,6,67,67301,2011,2,1,1050,10,1,1,0,4,1, , ,N,2,0,0,3,0,1,4,2,N,N,40 02:40.437,75 10:29.879,1057, ,1053, ,0, ,N, ,0, , , , , ,766887, , , ,2,1,0,0,0,0,0,1,0,0,0,0,1,1,0,0,0,0,0,0,2,0,0,0,0,0,0,0,0,0,0,0,0,0,0,8,0,40.0446,-75.175, , 
 ,67318,2011038420,6,67,67301,2011,3,5,9999,99,1,1,0,4,1, , ,N,0,0,0,3,0,0,2,2,N,N,39 57:45.072,75 14:26.350,750, ,747, ,0, ,N, ,0, , , , , ,766893, , , ,2,1,0,0,0,0,1,0,0,0,0,0,0,0,0,0,0,0,0,0,1,0,0,0,0,0,0,0,0,0,0,0,0,0,0,0,0,39.9625,-75.2407, , 
 ,67319,2011023230,6,67,67301,2011,1,1,635,6,1,4,6,6,1, , ,N,1,2,0,3,0,1,2,2,N,N,40 03:06.246,75 07:37.696,640, ,638, ,0, ,N, ,3, , , , , ,766931, , , ,2,2,0,0,0,0,0,0,0,0,0,1,1,0,1,0,0,0,0,0,0,0,0,0,0,0,0,0,0,0,0,0,0,0,0,4,0,40.0517,-75.1271, , 
 ,67320,2011042576,6,67,67301,2011,4,1,1420,14,1,1,0,7,2, , ,N,0,0,0,3,0,0,2,2,N,N,40 00:40.221,75 03:40.727,1507, ,1450, ,0, ,N, ,0, , , , , ,766944, , , ,2,2,0,0,0,0,0,0,0,0,0,0,0,0,0,0,0,0,0,0,1,0,0,0,0,0,0,0,0,0,0,0,0,0,0,0,0,40.0111,-75.0614, , 
 ,67321,2011054123,6,67,67301,2011,4,5,2334,23,3,1,0,4,1, , ,N,1,2,0,3,0,0,4,2,N,N,39 57:20.839,75 13:32.687,2357, ,2354, ,0, ,N, ,3, , , , , ,766951, , , ,2,2,0,0,0,0,0,0,0,0,0,0,0,0,0,0,0,0,0,0,0,0,0,0,0,0,0,0,0,0,0,0,0,0,0,0,0,39.9558,-75.2257, , 
 ,67322,2011061875,6,67,67301,2011,5,6,520,5,1,1,0,7,3, , ,N,0,0,0,3,0,1,1,1,N,N,40 03:09.304,75 03:01.539,532, ,526,1,1,1, , ,0,N, , , , ,766958, , , ,1,1,0,0,0,0,0,0,0,0,0,1,1,0,0,0,0,0,0,0,0,0,0,0,0,0,0,0,0,0,0,0,0,0,0,4,0,40.0526,-75.0504, , 
 ,67323,2011033471,6,67,67301,2011,3,1,1530,15,1,2,1,8,1, , ,N,1,2,0,3,0,1,2,2,N,N,40 01:13.249,75 08:02.518,1600, ,1552, ,0, ,N, ,3, , , , , ,766987, , , ,1,1,0,0,0,0,0,0,0,0,1,0,1,0,0,0,0,0,0,0,0,0,0,0,0,0,0,0,0,0,0,0,1,0,0,3,0,40.0203,-75.134, , 
 ,67324,2011038417,6,67,67301,2011,3,7,1357,13,1,1,0,8,1, , ,N,0,0,0,3,0,1,4,2,N,N,40 01:52.568,75 03:51.919,1400, ,1357, ,0, ,N, ,0, , , , , ,766998, , , ,1,1,0,0,0,0,0,0,0,0,0,0,1,1,0,0,0,0,0,0,0,0,0,0,0,0,0,0,0,0,0,0,1,0,0,8,0,40.0313,-75.0644, , 
 ,67325,2011040250,6,67,67301,2011,3,3,234,2,3,1,0,7,2, , ,N,1,2,0,3,0,0,2,1,N,N,39 59:04.850,75 09:23.377,236, ,234,3,1,7, , ,3,Y, , , , ,767001, , , ,1,0,0,0,0,0,1,0,0,0,0,0,0,0,0,0,0,0,0,0,0,0,0,0,0,0,0,0,0,0,0,0,0,0,0,0,0,39.9847,-75.1565, , 
 ,67326,2011009982,6,67,67301,2011,1,1,1430,14,1,2,1,8,1, , ,N,1,3,0,3,0,1,2,2,N,N,40 03:38.631,75 04:40.918,1500, ,1444, ,0, ,N, ,3, , , , , ,767016, , , ,1,0,0,0,0,0,1,0,0,0,1,0,1,0,0,0,0,0,0,0,0,0,0,0,0,0,0,0,0,0,0,0,1,0,0,3,0,40.0607,-75.078, , 
 ,67327,2011054152,6,67,67301,2011,4,7,544,5,5,1,0,1,1, , ,N,2,2,0,3,0,1,4,2,N, ,40 03:22.508,75 10:03.038,549, ,547, ,0, , , ,3, , , , , ,767054, , , ,2,1,0,0,1,0,0,0,0,0,0,1,1,0,0,0,0,0,0,0,0,0,0,0,0,0,0,0,0,0,0,0,0,0,0,4,0,40.0563,-75.1675, , 
 ,67328,2011054300,6,67,67301,2011,4,3,1200,12,1,1,0,8,3, , ,N,0,0,0,3,0,1,2,2,N,N,39 54:49.669,75 09:00.199,1312, ,1301, ,0, , , ,0, , , , , ,767055, , , ,1,0,0,0,0,0,1,0,0,0,0,1,1,0,0,0,0,0,1,0,0,0,0,0,0,0,0,0,0,0,0,0,1,0,0,4,0,39.9138,-75.1501, , 
 ,67329,2011038206,6,67,67301,2011,3,1,313,3,3,1,0,7,3, , ,N,1,2,0,3,0,1,2,2,N,N,39 59:10.572,75 09:22.129,315, ,315, ,0, ,N, ,3, , , , , ,767088, , , ,2,1,0,0,0,0,1,0,0,0,0,1,1,0,1,0,0,0,0,0,1,0,0,0,0,0,0,0,0,0,0,0,0,0,0,4,0,39.9863,-75.1561, , 
 ,67330,2011009787,6,67,67301,2011,1,4,1740,17,3,1,0,4,1, , ,N,2,2,0,3,0,1,4,2,N,N,39 59:26.476,75 07:44.338,1755, ,1750,1,1,4,N, ,3,N, , , , ,767119, , , ,2,0,0,0,2,0,0,0,0,0,0,1,1,0,1,0,0,0,0,0,1,0,0,0,0,0,0,0,0,0,0,0,0,0,0,4,0,39.9906,-75.129, , 
 ,67331,2011023010,6,67,67301,2011,1,7,1258,12,1,4,5,5,4, , ,N,0,0,0,3,0,0,1,2, , ,40 01:49.437,75 02:20.637,1300, ,1300, ,0, , , ,0, , , , , ,767130, , , ,2,2,0,0,0,0,0,0,0,0,0,0,0,0,1,0,0,0,0,0,0,0,0,0,0,0,0,0,0,0,0,0,0,0,0,9,0,40.0304,-75.0391, , 
 ,67332,2011031139,6,67,67301,2011,2,6,1437,14,1,1,0,4,1, , ,N,1,3,0,3,0,1,3,2,N,N,39 58:05.983,75 12:15.695,1530, ,1526, ,0, ,N, ,3, , , , , ,767138, , , ,2,0,0,0,2,0,0,0,0,0,0,1,1,0,0,0,0,0,0,0,0,0,0,0,0,0,0,0,0,0,0,0,0,0,0,4,0,39.9683,-75.2044, , 
 ,67333,2011054073,6,67,67301,2011,4,5,9999,99,1,1,0,1,6, , ,N,0,0,0,3,0,0,1,3,N,N,39 59:17.371,75 05:29.014,1510, ,1505, ,0, ,N, ,0, , , , , ,767155, , , ,3,3,0,0,0,0,0,0,0,0,0,0,0,0,0,0,0,0,0,0,1,0,0,0,0,0,0,0,0,0,0,0,0,0,0,0,0,39.9882,-75.0914, , 
 ,67334,2011035883,6,67,67301,2011,3,5,210,2,3,1,0,7,2, , ,N,0,0,0,3,0,1,2,1,N,N,39 58:26.402,75 07:08.169,222, ,212,1,1,1,N, ,0,N, , , , ,767186, , , ,1,1,0,0,0,0,0,0,0,0,0,1,1,0,0,0,0,0,0,0,0,0,0,2,0,0,0,0,0,0,0,0,0,0,0,4,0,39.9739,-75.1191, , 
 ,67335,2011020330,6,67,67301,2011,2,6,258,2,3,1,0,7,2, , ,N,0,8,3,3,0,0,2,1,N,N,39 57:18.352,75 08:49.908,258, ,258, ,0, ,N, ,3, , , , , ,758886, , , ,1,1,0,0,0,0,0,0,0,0,0,0,0,0,0,0,0,0,0,0,0,0,0,0,0,0,0,0,0,0,0,0,0,0,0,0,0,39.9551,-75.1472, , 
 ,67336,2011024638,6,67,67301,2011,1,7,1540,15,1,1,0,4,1, , ,N,1,3,0,3,0,2,4,2,N,N,39 58:56.426,75 07:36.268,1545, ,1543, ,0, ,N, ,3, , , , , ,758888, , , ,2,2,0,0,0,0,0,0,0,0,0,2,2,0,0,0,0,0,0,0,0,0,0,0,0,0,0,0,0,0,0,0,0,0,0,4,0,39.9823,-75.1267, , 
 ,67337,2011029143,6,67,67301,2011,2,4,1159,11,1,9,0,4,2, , ,N,0,0,0,3,0,0,1,3,N,N,40 01:06.430,75 11:00.049,1630, ,1625, ,0, ,N, ,0, , , , , ,758891, , , ,3,2,0,0,0,0,0,1,0,0,0,0,0,0,1,0,0,0,0,0,0,0,0,0,0,0,0,0,0,0,0,0,0,0,0,9,0,40.0185,-75.1833, , 
 ,67338,2011015940,6,67,67301,2011,1,3,1615,16,1,1,0,1,1, , ,N,2,3,0,3,0,2,4,2, , ,40 03:42.209,75 02:36.280,1621, ,1616,1,1,2, , ,3,N, , , , ,758918, , , ,2,2,0,0,0,0,0,0,0,0,0,0,2,2,0,0,1,0,0,0,1,0,0,0,0,0,0,0,0,0,0,0,0,0,0,8,0,40.0617,-75.0434, , 
 ,67339,2011031332,6,67,67301,2011,2,4,1849,18,3,1,0,8,1, , ,N,1,3,0,3,0,1,3,2,N,N,40 00:56.408,75 08:24.331,1855, ,1851, ,0, ,N, ,3, , , , , ,758931, , , ,1,1,0,0,0,0,0,0,0,0,0,1,1,0,0,0,0,0,0,0,0,0,0,0,0,0,0,0,0,0,0,0,1,0,0,4,0,40.0157,-75.1401, , 
 ,67340,2011031368,6,67,67301,2011,2,5,1955,19,3,1,0,5,1, , ,N,0,0,0,3,0,0,2,3,N,N,39 57:35.145,75 10:25.555,2009, ,2004,2,2,2,N, ,0,Y, , , , ,758932, , , ,3,1,0,0,0,0,2,0,0,0,0,0,0,0,0,0,0,0,0,0,0,0,0,0,0,0,0,0,0,0,0,0,0,0,0,0,0,39.9598,-75.1738, , 
 ,67341,2011040627,6,67,67301,2011,3,3,2240,22,3,1,0,4,1, , ,N,1,2,4,3,0,3,4,2,N,N,39 57:28.162,75 08:50.070,2339, ,2339,2,2,4,N, ,3,N, , , , ,758947, , , ,2,1,0,0,0,0,1,0,0,0,1,0,3,2,0,0,0,0,0,0,0,0,0,0,0,0,0,0,0,0,0,0,0,0,0,3,0,39.9578,-75.1472, , 
 ,67342,2011055753,6,67,67301,2011,4,4,223,2,3,1,0,7,5, , ,N,0,0,0,3,0,0,2,1,N,N,40 03:11.890,75 08:11.864,237, ,235, ,0, ,N, ,0, , , , , ,758960, , , ,1,1,0,0,0,0,0,0,0,0,0,0,0,0,2,0,0,0,0,0,0,0,0,0,0,0,0,0,0,0,0,0,0,0,0,9,0,40.0533,-75.1366, , 
 ,67343,2011028829,6,67,67301,2011,2,5,930,9,1,8,1,8,1, , ,N,0,0,0,3,0,1,2,2,N,N,39 55:50.746,75 08:52.602,940, ,938, ,0, ,N, ,0, , , , , ,758977, , , ,1,0,0,0,0,0,0,0,0,0,0,1,1,0,0,0,0,0,0,0,0,0,0,0,0,0,0,0,0,0,0,0,1,0,0,4,0,39.9308,-75.1479, , 
 ,67344,2011040367,6,67,67301,2011,3,2,1203,12,1,2,1,4,1, , ,N,1,3,0,3,0,1,2,2, , ,39 57:49.442,75 09:57.959,1229, ,1217, ,0, , , ,3, , , , , ,758985, , , ,2,2,0,0,0,0,0,0,0,0,0,0,1,1,0,0,0,0,0,0,0,0,0,0,0,0,0,0,0,0,0,0,0,0,0,8,0,39.9637,-75.1661, , 
 ,67345,2011059620,6,67,67301,2011,5,1,211,2,3,1,0,7,4, , ,N,7,0,2,3,0,1,1,1,N,N,39 55:59.737,75 11:59.133,219, ,212,2,2,4,Y, ,0,N, , , , ,759001, , , ,1,1,0,0,0,0,0,0,0,0,0,0,1,1,0,0,0,0,0,0,0,0,0,0,0,0,0,0,0,0,0,0,0,0,0,8,0,39.9363,-75.1993, , 
 ,67346,2011061187,6,67,67301,2011,6,6,2234,22,3,1,0,0,1, , ,N,0,0,0,3,0,1,1,1,N,N,39 55:33.453,75 11:39.190,2249, ,2237,1,1,3,N, ,0,N, , , , ,759002, , , ,1,0,1,0,0,0,0,0,0,0,1,0,1,0,0,0,0,0,0,0,0,0,0,0,0,0,0,0,0,0,0,0,0,0,0,3,0,39.926,-75.1942, , 
 ,67347,2011023203,6,67,67301,2011,1,6,1549,15,1,9,1,4,1, , ,N,0,0,0,3,0,3,4,2,N,N,40 00:49.431,75 10:21.833,1555, ,1549, ,0, ,N, ,0, , , , , ,759023, , , ,2,2,0,0,0,0,0,0,0,0,0,0,3,3,1,0,0,0,0,0,1,0,0,0,0,0,0,0,0,0,0,0,0,0,0,8,0,40.0137,-75.1727, , 
 ,67348,2011038352,6,67,67301,2011,3,7,1015,10,1,1,0,4,1, , ,N,1,2,0,3,0,2,2,2,N,N,39 57:48.087,75 11:15.011,1019, ,1015, ,0, ,N, ,3, , , , , ,759035, , , ,2,2,0,0,0,0,0,0,0,0,0,0,2,2,0,0,0,0,0,0,0,0,0,0,0,0,0,0,0,0,0,0,0,0,0,8,0,39.9634,-75.1875, , 
 ,67349,2011053027,6,67,67301,2011,5,1,1321,13,1,1,0,4,1, , ,N,0,0,0,3,0,0,3,2,N,N,39 57:25.921,75 09:24.490,1342, ,1330,1,1,4,N, ,0,N, , , , ,759089, , , ,2,1,0,0,0,0,1,0,0,0,0,0,0,0,0,0,0,0,0,0,0,0,0,0,0,0,0,0,0,0,0,0,0,0,0,0,0,39.9572,-75.1568, , 
 ,67350,2011066052,6,67,67301,2011,5,1,249,2,3,1,0,4,1, , ,N,1,3,0,3,0,1,6,2, , ,39 57:08.298,75 12:58.892,252, ,249, ,0, , , ,3, , , , , ,759098, , , ,2,2,0,0,0,0,0,0,0,0,0,0,1,1,0,0,0,0,0,0,1,0,0,0,0,0,0,0,0,0,0,0,0,0,0,8,0,39.9523,-75.2164, , 
 ,67351,2011022992,6,67,67301,2011,1,6,1430,14,1,4,5,1,1, , ,N,0,0,0,3,0,1,2,2,N,N,39 59:26.019,75 07:43.574,1505, ,1500, ,0, ,N, ,0, , , , , ,759126, , , ,2,1,0,0,1,0,0,0,0,0,0,1,1,0,0,0,0,0,0,0,0,0,0,0,0,0,0,0,0,0,0,0,0,0,0,4,0,39.9906,-75.1288, , 
 ,67352,2011031375,6,67,67301,2011,2,7,247,2,3,1,0,7,1, , ,N,0,0,0,3,0,2,2,1,N,N,40 00:53.874,75 10:39.588,249, ,244,3,1,2,N, ,0,N, , , , ,759131, , , ,1,1,0,0,0,0,0,0,0,0,2,0,2,0,0,0,0,0,0,0,0,0,0,0,0,0,0,0,0,0,0,0,0,0,0,3,0,40.015,-75.1777, , 
 ,67353,2011033481,6,67,67301,2011,3,1,9999,99,3,1,0,4,1, , ,N,1,3,0,3,0,2,4,2, , ,40 01:30.086,75 01:59.010,255, ,245, ,0, , , ,3, , , , , ,759132, , , ,2,1,0,0,1,0,0,0,0,0,1,0,2,1,0,0,0,0,0,0,0,0,0,3,0,0,0,0,0,0,0,0,0,0,0,3,0,40.025,-75.0331, , 
 ,67354,2011029615,6,67,67301,2011,1,2,1136,11,1,1,6,4,1, , ,N,1,2,0,3,0,1,2,4, , ,40 01:54.735,75 07:53.327,1140, ,1138,2,1,2, , ,3,Y, , , , ,763137, , , ,4,1,0,0,1,1,0,1,0,0,0,0,1,1,0,0,0,0,0,0,1,0,0,0,0,0,0,0,0,0,0,0,0,0,0,8,1,40.0319,-75.1315, , 
 ,67355,2011064171,6,67,67301,2011,6,4,1716,17,1,1,0,4,1, , ,N,1,3,0,3,0,1,2,2,N,N,40 01:42.481,75 03:10.483,1732, ,1716, ,0, ,N, ,3, , , , , ,763155, , , ,2,0,1,0,1,0,0,0,0,0,0,1,1,0,0,0,0,0,0,0,1,0,0,0,0,0,0,0,0,0,0,0,0,0,0,4,0,40.0285,-75.0529, , 
 ,67356,2011064184,6,67,67301,2011,5,6,2136,21,2,2,1,1,1, , ,N,1,2,1,3,0,2,3,4,N,N,39 59:12.208,75 12:27.247,2144, ,2137, ,0, ,N, ,3, , , , , ,763156, , , ,4,4,0,0,0,0,0,0,0,0,0,1,2,1,0,0,0,0,0,1,0,0,0,0,0,0,0,0,0,0,0,0,0,0,0,4,0,39.9867,-75.2076, , 
 ,67357,2011064142,6,67,67301,2011,5,5,1950,19,1,1,0,8,1, , ,N,0,0,0,3,0,1,2,2,N,N,39 59:23.305,75 10:04.069,2000, ,1950, ,0, ,N, ,0, , , , , ,763159, , , ,1,1,0,0,0,0,0,0,0,0,0,1,1,0,0,0,0,0,0,0,0,0,0,1,0,0,0,0,0,0,0,0,1,0,0,4,0,39.9898,-75.1678, , 
 ,67358,2011082602,6,67,67301,2011,7,3,1415,14,1,1,0,4,1, , ,N,2,3,0,3,0,0,6,2,N,N,39 54:30.049,75 10:33.632,1430, ,1420, ,0, ,N, ,3, , , , , ,763180, , , ,2,1,0,0,0,0,1,0,0,0,0,0,0,0,0,0,0,0,0,1,0,0,0,0,0,0,0,0,0,0,0,0,0,0,0,0,0,39.9083,-75.176, , 
 ,67359,2011088066,6,67,67301,2011,7,5,1406,14,1,1,0,4,1, , ,N,0,0,7,3,0,1,2,2,N,N,40 03:49.800,75 08:27.490,1455, ,1445, ,0, ,N, ,0, , , , , ,763182, , , ,2,2,0,0,0,0,0,0,0,0,0,0,1,1,0,0,0,0,0,0,2,0,0,0,0,0,0,0,0,0,0,0,0,0,0,8,0,40.0638,-75.141, , 
 ,67360,2011095412,6,67,67301,2011,8,5,1940,19,3,2,1,1,1, , ,N,2,2,0,3,0,1,3,2,N,N,40 02:25.213,75 00:55.422,1958, ,1955, ,0, ,N, ,3, , , , , ,763192, , , ,2,1,0,0,1,0,0,0,0,0,0,0,1,1,1,0,0,0,0,0,0,0,0,1,0,0,0,0,0,0,0,0,0,0,0,8,0,40.0403,-75.0154, , 
 ,67361,2011100666,6,67,67301,2011,9,2,1818,18,1,1,0,7,4, , ,N,2,3,0,3,0,1,1,1,N,N,39 56:39.624,75 13:08.504,1825, ,1818, ,0, ,N, ,3, , , , , ,763195, , , ,1,1,0,0,0,0,0,0,0,0,0,0,1,1,0,0,0,1,0,0,0,0,0,0,0,0,0,0,0,0,0,0,0,0,0,8,0,39.9443,-75.219, , 
 ,67362,2011106085,6,67,67301,2011,9,7,406,4,3,1,1,4,1, , ,N,2,2,0,3,0,1,3,2,N,N,39 56:45.926,75 11:54.625,412, ,410, ,0, ,N, ,3, , , , , ,763202, , , ,2,2,0,0,0,0,0,0,0,0,0,0,1,1,1,0,0,0,0,0,0,0,0,0,0,0,0,0,0,0,0,0,0,0,0,8,0,39.9461,-75.1985, , 
 ,67363,2011029181,6,67,67301,2011,2,7,9999,99,3,2,1,1,1, , ,N,2,2,0,3,0,1,3,3,N,N,39 57:44.547,75 09:41.289,2240, ,2235, ,0, ,N, ,3, , , , , ,763234, , , ,3,3,0,0,0,0,0,0,0,0,0,0,1,1,0,0,0,0,0,0,0,0,0,0,0,0,0,0,0,0,0,0,0,0,0,8,0,39.9621,-75.1614, , 
 ,67364,2011023187,6,67,67301,2011,1,3,914,9,1,1,0,4,1, , ,N,1,2,0,3,0,2,3,3, , ,39 58:29.078,75 08:18.344,930, ,914,2,2,3, , ,3,Y, , , , ,763321, , , ,3,1,0,0,1,0,1,0,0,0,0,1,2,1,0,0,0,0,0,0,1,0,0,0,0,0,0,0,0,0,0,0,0,0,0,4,1,39.9747,-75.1384, , 
 ,67365,2011029127,6,67,67301,2011,2,6,1150,11,1,1,0,1,1, , ,N,0,0,7,3,0,2,4,2,N,N,40 00:38.685,75 06:07.761,1205, ,1200, ,0, ,N, ,0, , , , , ,763325, , , ,2,1,0,0,0,0,1,0,0,0,2,0,2,0,1,0,0,0,0,0,0,0,0,0,0,0,0,0,0,0,0,0,0,0,0,3,0,40.0107,-75.1022, , 
 ,67366,2011053624,6,67,67301,2011,4,2,1238,12,1,1,0,4,1, , ,N,1,0,0,3,0,2,2,2,N,N,40 04:26.082,75 04:39.292,1248, ,1244,2,2,3, , ,0,Y, , , , ,763339, , , ,2,2,0,0,0,0,0,0,0,0,0,0,2,2,0,0,0,0,0,0,0,1,0,0,0,0,0,0,0,0,0,0,0,0,0,8,0,40.0739,-75.0776, , 