wz_ln_closure,objectid_1,crn,district,county,municipality,crash_year,crash_month,day_of_week,time_of_day,hour_of_day,illumination,weather,road_condition,collision_type,relation_to_road,work_zone_type,work_zone_loc,work_zone_ind,intersect_type,tcd_type,location_type,urban_rural,fatal_count,injury_count,person_count,total_units,sch_bus_ind,sch_zone_ind,latitude,longitude,arrival_tm,cons_zone_spd_lim,dispatch_tm,est_hrs_closed,lane_closed,ln_close_dir,ntfy_hiwy_maint,spec_juris_cd,tcd_func_cd,tfc_detour_ind,workers_pres,wz_close_detour,wz_flagger,wz_law_offcr_ind,objectid,wz_moving,wz_other,wz_shlder_mdn,vehicle_count,automobile_count,motorcycle_count,bus_count,small_truck_count,heavy_truck_count,suv_count,van_count,bicycle_count,maj_inj_count,mod_inj_count,min_inj_count,tot_inj_count,unk_inj_deg_count,unk_inj_per_count,driver_count_16yr,driver_count_17yr,driver_count_18yr,driver_count_19yr,driver_count_20yr,driver_count_50_64yr,driver_count_65_74yr,driver_count_75plus,unbelted_occ_count,unb_death_count,unb_maj_inj_count,belted_death_count,belted_maj_inj_count,mcycle_death_count,mcycle_maj_inj_count,bicycle_death_count,bicycle_maj_inj_count,ped_count,ped_death_count,ped_maj_inj_count,max_severity_level,comm_veh_count,dec_lat,dec_long,rdwy_surf_type_cd,county_name
 ,67367,2011055467,6,67,67301,2011,5,7,2208,22,2,1,0,7,2, , ,N,0,0,0,3,0,1,1,1,N,N,40 01:44.090,75 01:21.582,2223, ,2211,1,1,2,N, ,0,N, , , , ,763340, , , ,1,0,0,0,1,0,0,0,0,0,0,1,1,0,0,0,0,0,0,0,0,0,0,0,0,0,0,0,0,0,0,0,0,0,0,4,0,40.0287,-75.0228, , 
 ,67368,2011056405,6,67,67301,2011,5,2,1520,15,1,1,0,8,1, , ,N,0,2,0,3,0,1,2,2,N,N,39 58:35.030,75 15:50.866,1925, ,1920, ,0, ,N, ,3, , , , , ,763342, , , ,1,1,0,0,0,0,0,0,0,0,0,1,1,0,1,0,0,0,0,0,0,0,0,0,0,0,0,0,0,0,0,0,1,0,0,4,0,39.9764,-75.2641, , 
 ,67369,2011064014,6,67,67301,2011,5,1,157,1,3,2,1,7,5, , ,N,7,0,0,3,0,0,1,1,N,N,40 06:29.722,74 59:49.137,215, ,157,1,2,1, , ,0,Y, , , , ,763349, , , ,1,1,0,0,0,0,0,0,0,0,0,0,0,0,0,0,0,0,0,0,0,0,0,0,0,0,0,0,0,0,0,0,0,0,0,0,0,40.1083,-74.997, , 
 ,67370,2011066228,6,67,67301,2011,6,6,800,8,1,1,0,5,2, , ,N,0,0,7,3,0,1,2,2,N,N,39 58:41.094,75 06:38.577,838, ,830, ,0, ,N, ,0, , , , , ,763350, , , ,2,0,1,0,0,0,1,0,0,0,0,0,1,1,1,0,0,0,0,0,0,0,1,1,0,0,0,0,0,0,0,0,0,0,0,8,0,39.978,-75.1109, , 
 ,67371,2011023275,6,67,67301,2011,1,2,1620,16,1,1,0,8,1, , ,N,1,0,0,3,0,1,2,2,N,N,39 57:27.542,75 09:44.544,1651, ,1642, ,0, ,N, ,0, , , , , ,763369, , , ,1,0,0,1,0,0,0,0,0,0,0,0,1,1,0,0,0,0,0,0,0,0,0,0,0,0,0,0,0,0,0,0,1,0,0,8,1,39.9577,-75.1624, , 
 ,67372,2011031163,6,67,67301,2011,2,5,1220,12,1,1,0,4,1, , ,N,1,2,0,3,0,11,12,2,N,N,39 56:31.537,75 12:42.145,1230, ,1221, ,0, ,N, ,3, , , , , ,770417, , , ,2,1,0,0,0,0,0,0,0,0,0,2,11,9,0,0,0,0,0,0,2,0,0,0,0,0,0,0,0,0,0,0,0,0,0,4,0,39.9421,-75.2117, , 
 ,67373,2011053149,6,67,67301,2011,4,6,843,8,1,2,1,1,1, , ,N,0,0,0,3,0,1,3,2,N,Y,39 56:06.726,75 10:33.171,845, ,843, ,0, ,N, ,0, , , , , ,770431, , , ,2,2,0,0,0,0,0,0,0,0,0,0,1,1,1,0,0,0,0,0,0,1,0,0,0,0,0,0,0,0,0,0,0,0,0,8,0,39.9352,-75.1759, , 
 ,67374,2011056837,6,67,67301,2011,5,4,2335,23,3,1,0,5,6, , ,N,0,0,0,3,0,1,1,3, , ,40 02:38.097,75 05:05.701,2345, ,2341, ,0, , , ,0, , , , , ,770433, , , ,3,3,0,0,0,0,0,0,0,0,1,0,1,0,0,0,0,0,0,0,0,0,0,0,0,0,0,0,0,0,0,0,0,0,0,3,0,40.0439,-75.0849, , 
 ,67375,2011061891,6,67,67301,2011,5,3,1350,13,1,2,1,8,1, , ,N,1,2,0,3,0,1,2,2,N,N,39 57:08.958,75 10:37.001,1356, ,1351, ,0, ,N, ,3, , , , , ,770438, , , ,1,1,0,0,0,0,0,0,0,0,0,1,1,0,0,0,0,0,0,0,0,0,0,0,0,0,0,0,0,0,0,0,1,0,0,4,0,39.9525,-75.177, , 
 ,67376,2011018917,6,67,67301,2011,1,2,856,8,1,1,0,1,1, , ,N,0,0,0,3,0,0,3,3,N,N,39 58:58.263,75 12:28.342,910, ,857,2,2,4,N, ,0,N, , , , ,770456, , , ,3,3,0,0,0,0,0,0,0,0,0,0,0,0,0,0,0,0,0,0,0,1,0,0,0,0,0,0,0,0,0,0,0,0,0,0,0,39.9829,-75.2079, , 
 ,67377,2011032112,6,67,67301,2011,3,7,2227,22,3,1,0,5,1, , ,N,0,0,0,3,0,0,2,2,N,N,39 59:45.842,75 11:50.111,2251, ,2245, ,0, ,N, ,0, , , , , ,770468, , , ,2,1,1,0,0,0,0,0,0,0,0,0,0,0,1,0,0,0,0,0,0,0,0,0,0,0,0,0,0,0,0,0,0,0,0,9,0,39.9961,-75.1973, , 
 ,67378,2011047068,6,67,67301,2011,4,7,1145,11,1,1,0,1,1, , ,N,2,2,0,3,0,0,5,3,N,N,39 58:27.522,75 10:03.835,1155, ,1150, ,0, , , ,3, , , , , ,770475, , , ,3,3,0,0,0,0,0,0,0,0,0,0,0,0,0,0,0,0,0,0,1,0,0,2,0,0,0,0,0,0,0,0,0,0,0,0,0,39.9743,-75.1677, , 
 ,67379,2011055719,6,67,67301,2011,5,6,1943,19,1,1,0,5,1, , ,N,0,0,0,3,0,0,2,2,N,N,39 54:07.084,75 09:05.871,2001, ,1949,1,1,2,N, ,0,N, , , , ,770486, , , ,2,2,0,0,0,0,0,0,0,0,0,0,0,0,1,0,0,0,0,0,0,0,0,0,0,0,0,0,0,0,0,0,0,0,0,9,0,39.902,-75.1515, , 
 ,67380,2011056864,6,67,67301,2011,4,2,2349,23,3,1,0,1,1, , ,N,0,0,0,3,0,1,3,2,N,N,39 57:05.872,75 10:12.335,2353, ,2351, ,0, ,N, ,0, , , , , ,770488, , , ,2,2,0,0,0,0,0,0,0,0,0,0,1,1,0,0,0,0,0,1,0,0,0,0,0,0,0,0,0,0,0,0,0,0,0,8,0,39.9516,-75.1701, , 
 ,67381,2011009994,6,67,67301,2011,1,7,9999,99,2,1,0,8,1, , ,N,1,2,0,3,0,2,3,3,N,N,39 58:18.972,75 07:32.113,2051, ,2046, ,0, ,N, ,3, , , , , ,770495, , , ,1,1,0,0,0,0,0,0,0,0,0,0,2,2,0,0,0,0,0,0,0,0,0,0,0,0,0,0,0,0,0,0,2,0,0,8,0,39.9717,-75.1259, , 
 ,67382,2011015983,6,67,67301,2011,1,1,1915,19,3,1,1,4,1, , ,N,0,0,0,3,0,0,5,2, , ,40 03:35.120,75 04:51.547,1925, ,1921, ,0, , , ,0, , , , , ,770500, , , ,2,2,0,0,0,0,0,0,0,0,0,0,0,0,3,0,0,0,0,0,0,0,0,0,0,0,0,0,0,0,0,0,0,0,0,9,0,40.0598,-75.081, , 
 ,67383,2011024213,6,46,46108,2011,2,3,259,2,3,4,3,7,3, , ,N,2,0,0,3,0,0,1,1,N,N,40 04:37.354,75 11:45.347,259, ,259, ,0, ,N, ,0, , , , , ,770507, , , ,1,1,0,0,0,0,0,0,0,0,0,0,0,0,0,0,0,0,0,1,0,0,0,0,0,0,0,0,0,0,0,0,0,0,0,0,0,40.077,-75.196, , 
 ,67384,2011029062,6,67,67301,2011,2,3,2000,20,3,6,1,6,1, , ,N,1,2,0,3,0,5,5,2,N,N,39 59:53.719,75 07:38.507,2016, ,2016,1,2,3,N, ,3,Y, , , , ,770553, , , ,2,2,0,0,0,0,0,0,0,0,0,5,5,0,0,0,0,0,0,0,0,0,0,1,0,0,0,0,0,0,0,0,0,0,0,4,0,39.9983,-75.1274, , 
 ,67385,2011029439,6,67,67301,2011,2,4,800,8,1,1,0,4,1, , ,N,1,3,0,3,0,1,3,2,N,N,39 55:25.532,75 10:29.146,903, ,903, ,0, ,N, ,3, , , , , ,770554, , , ,1,0,0,0,0,0,1,0,1,0,1,0,1,0,0,0,0,0,0,0,0,0,0,0,0,0,0,0,0,0,0,0,0,0,0,3,0,39.9238,-75.1748, , 
 ,67386,2011047130,6,67,67301,2011,4,3,1355,13,1,2,1,4,1, , ,N,1,2,0,3,0,1,2,2,N,N,39 55:18.762,75 10:12.564,1400, ,1400, ,0, ,N, ,3, , , , , ,770570, , , ,2,1,0,0,0,0,0,0,0,0,0,1,1,0,0,0,0,0,0,0,1,0,0,0,0,0,0,0,0,0,0,0,0,0,0,4,0,39.9219,-75.1702, , 
 ,67387,2011023020,6,67,67301,2011,1,6,1225,12,1,4,6,4,1, , ,N,1,3,0,3,0,1,2,2,N,N,40 01:34.089,75 12:39.963,1232, ,1228, ,0, ,N, ,3, , , , , ,770598, , , ,2,1,0,0,0,0,1,0,0,0,0,1,1,0,0,0,0,0,0,1,0,0,0,0,0,0,0,0,0,0,0,0,0,0,0,4,0,40.0261,-75.2111, , 
 ,67388,2011023209,6,67,67301,2011,1,1,526,5,3,1,0,6,4, , ,N,0,0,0,3,0,0,2,3,N,N,40 02:57.789,75 08:11.814,530, ,526, ,0, ,N, ,0, , , , , ,770599, , , ,3,2,0,0,1,0,0,0,0,0,0,0,0,0,0,0,0,0,1,0,0,0,0,0,0,0,0,0,0,0,0,0,0,0,0,0,0,40.0494,-75.1366, , 
 ,67389,2011054333,6,67,67301,2011,4,3,240,2,3,1,0,8,1, , ,N,1,0,0,3,0,1,2,2,N,N,40 02:35.962,75 10:22.418,9999, ,9999, ,0, ,N, ,0, , , , , ,770623, , , ,1,1,0,0,0,0,0,0,0,0,0,1,1,0,1,0,0,0,0,0,0,0,0,0,0,0,0,0,0,0,0,0,1,0,0,4,0,40.0433,-75.1729, , 
 ,67390,2011036815,6,67,67301,2011,4,7,1533,15,1,1,0,1,1, , ,N,0,0,0,3,0,1,8,3,N,N,39 58:42.170,75 12:09.293,1534, ,1534,1,1,3,N, ,0,N, , , , ,767188, , , ,3,2,0,0,0,0,1,0,0,0,0,1,1,0,0,0,0,0,1,0,1,0,0,0,0,0,0,0,0,0,0,0,0,0,0,4,0,39.9784,-75.2026, , 
 ,67391,2011038405,6,67,67301,2011,3,7,1034,10,1,1,0,5,1, , ,N,0,0,0,3,0,1,2,3, , ,40 05:29.370,75 01:23.634,1036, ,1034,2,1,4, , ,0,Y, , , , ,767191, , , ,3,3,0,0,0,0,0,0,0,0,0,1,1,0,0,0,0,0,0,0,1,0,0,0,0,0,0,0,0,0,0,0,0,0,0,4,0,40.0915,-75.0232, , 
 ,67392,2011054016,6,67,67301,2011,4,6,1500,15,1,1,0,8,1, , ,N,1,2,0,3,0,1,2,2,N,N,39 55:04.736,75 10:51.211,1515, ,1512, ,0, , , ,3, , , , , ,767202, , , ,1,1,0,0,0,0,0,0,0,0,0,1,1,0,0,0,0,0,0,0,0,0,0,0,0,0,0,0,0,0,0,0,1,0,0,4,0,39.918,-75.1809, , 
 ,67393,2011054335,6,67,67301,2011,4,5,1015,10,1,1,0,5,1, , ,N,1,2,0,3,0,1,2,2,N,N,39 59:40.673,75 05:40.311,1025, ,1020, ,0, ,N, ,3, , , , , ,767203, , , ,2,0,0,0,0,1,0,1,0,0,0,0,1,1,0,0,0,0,0,0,1,0,0,2,0,0,0,0,0,0,0,0,0,0,0,8,1,39.9946,-75.0945, , 
 ,67394,2011022406,6,67,67301,2011,2,5,1351,13,1,1,0,1,7, , ,N,0,0,2,3,0,1,2,2,N,N,39 57:39.528,75 08:26.196,1456, ,1423, ,0, ,N, ,0, , , , , ,767217, , , ,2,2,0,0,0,0,0,0,0,0,0,1,1,0,0,0,0,0,0,0,0,0,0,0,0,0,0,0,0,0,0,0,0,0,0,4,0,39.9611,-75.1407, , 
 ,67395,2011031338,6,67,67301,2011,2,6,1956,19,3,1,0,8,1, , ,N,0,0,0,3,0,1,2,2,N,N,40 02:46.186,75 08:07.477,2025, ,2022, ,0, ,N, ,0, , , , , ,767224, , , ,1,1,0,0,0,0,0,0,0,0,0,1,1,0,0,0,0,0,0,0,1,0,0,0,0,0,0,0,0,0,0,0,1,0,0,4,0,40.0462,-75.1354, , 
 ,67396,2011014579,6,67,67301,2011,1,7,354,3,3,2,1,1,6, , ,N,0,0,0,3,0,1,1,2,N,N,39 59:26.358,75 09:13.219,359, ,354, ,0, ,N, ,0, , , , , ,767264, , , ,2,2,0,0,0,0,0,0,0,0,0,1,1,0,0,0,0,0,0,0,0,0,0,1,0,0,0,0,0,0,0,0,0,0,0,4,0,39.9907,-75.1537, , 
 ,67397,2011033480,6,67,67301,2011,3,7,300,3,3,1,0,1,1, , ,N,0,0,0,3,0,1,2,2,N,N,40 05:58.340,75 00:40.914,410, ,407, ,0, , , ,0, , , , , ,767279, , , ,2,2,0,0,0,0,0,0,0,0,0,1,1,0,0,0,0,0,1,1,0,0,0,0,0,0,0,0,0,0,0,0,0,0,0,4,0,40.0995,-75.0114, , 
 ,67398,2011033484,6,67,67301,2011,2,2,1733,17,4,2,1,5,1, , ,N,0,0,0,3,0,4,5,2,N,N,39 54:17.875,75 14:26.080,1750, ,1734,1,1,2,N, ,0,N, , , , ,767280, , , ,2,0,0,0,0,0,2,0,0,0,0,0,4,4,1,0,0,0,0,0,0,0,0,0,0,0,0,0,0,0,0,0,0,0,0,8,0,39.905,-75.2406, , 
 ,67399,2011054183,6,67,67301,2011,4,4,1522,15,1,1,0,8,1, , ,N,1,0,0,3,0,1,2,2,N,N,40 01:20.492,75 07:04.616,1603, ,1600, ,0, ,N, ,0, , , , , ,767297, , , ,1,1,0,0,0,0,0,0,0,0,0,1,1,0,0,0,0,0,0,0,0,0,0,0,0,0,0,0,0,0,0,0,1,0,0,4,0,40.0224,-75.1179, , 
 ,67400,2011017703,6,67,67301,2011,1,6,502,5,3,1,0,1,1, , ,N,0,0,0,3,0,0,1,2,N,N,39 59:42.954,75 11:52.525,513, ,504,2,2,3,N, ,0,N, , , , ,767309, , , ,2,1,0,0,0,0,0,0,0,0,0,0,0,0,1,0,0,0,0,0,0,0,0,0,0,0,0,0,0,0,0,0,0,0,0,9,0,39.9953,-75.1979, , 
 ,67401,2011033769,6,67,67301,2011,3,6,710,7,1,1,0,4,1, , ,N,0,0,7,3,0,1,3,2,N,N,40 04:37.129,75 05:04.028,822, ,805, ,0, , , ,0, , , , , ,767328, , , ,2,2,0,0,0,0,0,0,0,0,0,1,1,0,0,0,2,0,0,0,0,0,0,0,0,0,0,0,0,0,0,0,0,0,0,4,0,40.077,-75.0845, , 
 ,67402,2011043937,6,67,67301,2011,4,2,1008,10,1,1,0,7,3, , ,N,0,0,0,3,0,0,1,1,N,N,40 02:05.545,75 01:05.996,1018, ,1011,1,1,1,N, ,0,N, , , , ,767339, , , ,1,1,0,0,0,0,0,0,0,0,0,0,0,0,0,0,0,0,0,0,0,0,1,0,0,0,0,0,0,0,0,0,0,0,0,0,0,40.0348,-75.0184, , 
 ,67403,2011022918,6,67,67301,2011,1,7,1340,13,1,1,0,4,1, , ,N,0,0,7,3,0,1,2,2,N, ,40 04:37.727,75 05:06.627,1523, ,1518, ,0, , , ,0, , , , , ,767363, , , ,2,2,0,0,0,0,0,0,0,0,0,0,1,1,0,0,0,0,0,0,2,0,0,0,0,0,0,0,0,0,0,0,0,0,0,8,0,40.0771,-75.0852, , 
 ,67404,2011029085,6,67,67301,2011,2,3,9999,99,1,1,0,4,1, , ,N,2,3,0,3,0,1,3,2,N,N,40 00:10.139,75 09:44.547,1035, ,1029, ,0, ,N, ,3, , , , , ,767367, , , ,2,0,0,0,1,0,0,1,0,0,0,0,1,1,0,0,0,0,0,0,0,0,0,0,0,0,0,0,0,0,0,0,0,0,0,8,0,40.0028,-75.1624, , 
 ,67405,2011057023,6,67,67301,2011,5,6,540,5,1,1,0,2,1, , ,N,1,2,0,3,0,2,2,2,N,N,39 57:16.279,75 10:51.786,552, ,545, ,0, ,N, ,3, , , , , ,767382, , , ,2,1,0,0,0,0,1,0,0,0,0,0,2,2,0,0,0,0,0,0,0,0,0,0,0,0,0,0,0,0,0,0,0,0,0,8,0,39.9545,-75.1811, , 
 ,67406,2011068418,6,67,67301,2011,6,6,1637,16,1,1,0,4,1, , ,N,1,2,0,3,0,1,2,2,N,N,40 02:09.830,75 07:39.525,1659, ,1654, ,0, ,N, ,3, , , , , ,767390, , , ,2,2,0,0,0,0,0,0,0,0,0,1,1,0,0,0,0,0,0,0,0,0,0,0,0,0,0,0,0,0,0,0,0,0,0,4,0,40.0361,-75.1276, , 
 ,67407,2011071242,6,67,67301,2011,7,3,1646,16,1,1,0,5,1, , ,N,0,0,0,3,0,1,2,2,N,N,40 02:25.081,75 00:21.884,1658, ,1656, ,0, ,N, ,0, , , , , ,767392, , , ,2,1,0,0,0,1,0,0,0,0,0,0,1,1,0,0,0,0,0,0,0,1,0,0,0,0,0,0,0,0,0,0,0,0,0,8,1,40.0403,-75.006, , 
 ,67408,2011033570,6,67,67301,2011,3,3,1114,11,1,1,0,7,3, , ,N,0,0,0,3,0,1,1,1,N,N,40 01:32.826,75 07:24.317,1119, ,1115,2,2,4,Y, ,0,Y, , , , ,759133, , , ,1,0,0,0,0,0,0,1,0,0,1,0,1,0,0,0,0,0,0,0,0,0,0,0,0,0,0,0,0,0,0,0,0,0,0,3,0,40.0258,-75.1234, , 
 ,67409,2011029173,6,67,67301,2011,2,6,1345,13,1,1,0,1,1, , ,N,0,0,7,3,0,1,4,3,N,N,39 57:15.480,75 12:31.840,1545, ,1545, ,0, ,N, ,0, , , , , ,759165, , , ,3,2,0,0,0,0,1,0,0,0,0,1,1,0,0,0,0,0,0,0,1,0,0,0,0,0,0,0,0,0,0,0,0,0,0,4,0,39.9543,-75.2088, , 
 ,67410,2011029944,6,67,67301,2011,2,7,650,6,1,1,0,1,1, , ,N,0,0,0,3,0,1,2,2,N,N,39 54:11.869,75 09:02.178,704, ,657, ,0, ,N, ,0, , , , , ,759166, , , ,2,1,0,0,0,1,0,0,0,0,0,1,1,0,0,0,0,0,0,0,1,0,0,0,0,0,0,0,0,0,0,0,0,0,0,4,1,39.9034,-75.1506, , 
 ,67411,2011054088,6,67,67301,2011,4,1,320,3,3,2,1,4,1, , ,N,0,0,0,3,0,0,3,2,N, ,40 00:48.756,75 07:08.329,340, ,335, ,0, , , ,0, , , , , ,759186, , , ,2,2,0,0,0,0,0,0,0,0,0,0,0,0,0,0,0,0,0,0,0,0,0,0,0,0,0,0,0,0,0,0,0,0,0,0,0,40.0135,-75.119, , 
 ,67412,2011054179,6,67,67301,2011,4,1,350,3,3,1,1,7,5, , ,N,2,2,0,3,0,0,3,1,N,N,39 58:38.170,75 11:53.640,353, ,350, ,0, , , ,3, , , , , ,759187, , , ,1,1,0,0,0,0,0,0,0,0,0,0,0,0,0,0,0,0,0,0,0,0,0,0,0,0,0,0,0,0,0,0,0,0,0,0,0,39.9773,-75.1982, , 
 ,67413,2011044557,6,67,67301,2011,3,3,1520,15,1,1,0,1,1, , ,N,1,2,0,3,0,2,3,2,N,N,40 03:10.198,75 09:10.288,1535, ,1530, ,0, ,N, ,3, , , , , ,759229, , , ,2,2,0,0,0,0,0,0,0,0,0,0,2,2,0,0,0,0,0,0,1,0,0,2,0,0,0,0,0,0,0,0,0,0,0,8,0,40.0528,-75.1529, , 
 ,67414,2011047050,6,67,67301,2011,4,6,2050,20,3,2,1,1,1, , ,N,1,2,0,3,0,1,3,2,N,N,40 02:50.173,75 10:03.883,2121, ,2116, ,0, ,N, ,3, , , , , ,759232, , , ,2,2,0,0,0,0,0,0,0,0,0,1,1,0,0,0,0,0,0,0,0,1,0,0,0,0,0,0,0,0,0,0,0,0,0,4,0,40.0473,-75.1677, , 
 ,67415,2011031463,6,67,67301,2011,2,6,2035,20,3,1,0,4,1, , ,N,5,2,2,3,0,0,4,2,N,N,39 57:27.542,75 09:44.544,2105, ,2002,1,2,1,N, ,3,N, , , , ,759268, , , ,2,1,0,1,0,0,0,0,0,0,0,0,0,0,0,0,0,0,0,0,0,0,0,0,0,0,0,0,0,0,0,0,0,0,0,0,1,39.9577,-75.1624, , 
 ,67416,2011043506,6,67,67301,2011,4,3,2301,23,3,2,1,7,2, , ,N,0,0,0,3,0,0,1,1,N,N,39 58:56.510,75 12:28.031,2305, ,2302,2,1,3,N, ,0,N, , , , ,759280, , , ,1,1,0,0,0,0,0,0,0,0,0,0,0,0,0,0,0,0,0,0,0,0,0,0,0,0,0,0,0,0,0,0,0,0,0,0,0,39.9824,-75.2078, , 
 ,67417,2011047114,6,67,67301,2011,3,1,1645,16,1,1,0,8,6, , ,N,0,0,0,3,0,1,2,2, , ,39 55:53.817,75 11:18.243,1705, ,9999, ,0, , , ,0, , , , , ,759285, , , ,1,1,0,0,0,0,0,0,0,0,0,0,1,1,0,0,0,0,0,0,0,0,0,0,0,0,0,0,0,0,0,0,1,0,0,8,0,39.9316,-75.1884, , 
 ,67418,2011023168,6,67,67301,2011,2,4,708,7,3,1,0,8,7, , ,N,1,2,0,3,0,1,2,2, , ,39 56:53.500,75 09:51.952,716, ,708, ,0, , , ,3, , , , , ,759311, , , ,1,1,0,0,0,0,0,0,0,0,0,1,1,0,0,0,0,0,0,0,0,0,0,0,0,0,0,0,0,0,0,0,1,0,0,4,0,39.9482,-75.1644, , 
 ,67419,2011029402,6,67,67301,2011,1,6,843,8,1,1,0,1,1, , ,N,0,0,0,3,0,1,2,3,N,N,40 02:34.813,75 03:06.674,850, ,843,2,2,3,N, ,0,Y, , , , ,759315, , , ,3,2,0,0,0,0,1,0,0,0,1,0,1,0,0,0,0,0,0,0,1,0,0,0,0,0,0,0,0,0,0,0,0,0,0,3,0,40.043,-75.0519, , 
 ,67420,2011037918,6,67,67301,2011,3,5,1050,10,1,1,0,4,1, , ,N,0,0,7,3,0,4,4,2,N,N,40 02:29.637,75 08:39.081,1102, ,1050, ,0, ,N, ,0, , , , , ,759324, , , ,2,2,0,0,0,0,0,0,0,0,0,4,4,0,0,0,0,0,0,0,1,0,0,0,0,0,0,0,0,0,0,0,0,0,0,4,0,40.0416,-75.1442, , 
 ,67421,2011040366,6,67,67301,2011,3,2,1629,16,1,1,0,7,2, , ,N,0,0,0,3,0,3,3,1,N,N,39 57:10.105,75 10:46.177,1635, ,1629, ,0, ,N, ,0, , , , , ,759326, , , ,1,1,0,0,0,0,0,0,0,0,0,3,3,0,0,0,0,0,0,0,0,0,0,1,0,0,0,0,0,0,0,0,0,0,0,4,0,39.9528,-75.1795, , 
 ,67422,2011029164,6,67,67301,2011,2,2,2004,20,3,1,0,1,1, , ,N,1,2,0,3,0,3,4,3,N,N,40 01:31.774,75 07:31.582,2152, ,2150,2,2,4,N, ,3,N, , , , ,759370, , , ,3,3,0,0,0,0,0,0,0,0,3,0,3,0,0,0,0,0,0,0,0,0,0,0,0,0,0,0,0,0,0,0,0,0,0,3,0,40.0255,-75.1254, , 
 ,67423,2011034033,6,67,67301,2011,3,3,1403,14,1,1,0,1,1, , ,N,0,0,0,3,0,0,3,3,N,N,39 59:42.175,75 05:01.552,1450, ,1406,1,1,2,N, ,0,N, , , , ,759375, , , ,3,2,0,0,1,0,0,0,0,0,0,0,0,0,0,0,0,0,0,0,1,0,0,0,0,0,0,0,0,0,0,0,0,0,0,0,0,39.9951,-75.0837, , 
 ,67424,2011040415,6,67,67301,2011,3,7,1630,16,1,1,0,1,1, , ,N,0,0,0,3,0,2,3,3,N,N,39 57:08.350,75 10:08.220,1633, ,1631,1,2,3,N, ,0,Y, , , , ,759380, , , ,3,3,0,0,0,0,0,0,0,0,1,0,2,1,0,0,0,0,0,0,0,0,0,0,0,0,0,0,0,0,0,0,0,0,0,3,0,39.9523,-75.169, , 
 ,67425,2011044564,6,67,67301,2011,3,5,2050,20,3,2,1,4,1, , ,N,1,3,0,3,0,0,4,2,N,N,40 01:19.484,75 03:08.111,2105, ,2100, ,0, ,N, ,1, , , , , ,759384, , , ,2,2,0,0,0,0,0,0,0,0,0,0,0,0,1,0,0,0,0,0,1,0,0,0,0,0,0,0,0,0,0,0,0,0,0,9,0,40.0221,-75.0523, , 
 ,67426,2011026766,6,46,46102,2011,3,7,2027,20,3,1,0,1,1, , ,N,1,2,0,3,0,0,3,2,N,N,40 03:55.027,75 05:25.289,2030, ,2027,1,1,3,N, ,3,N, , , , ,759405, , , ,2,1,0,0,0,0,1,0,0,0,0,0,0,0,0,0,0,0,1,0,0,0,0,1,0,0,0,0,0,0,0,0,0,0,0,0,0,40.0653,-75.0904, , 
 ,67427,2011033544,6,67,67301,2011,3,3,1722,17,1,1,0,8,1, , ,N,1,3,0,3,0,1,2,2, , ,39 57:32.616,75 12:12.967,1722, ,1722, ,0, , , ,3, , , , , ,763371, , , ,1,1,0,0,0,0,0,0,0,0,0,0,1,1,0,0,0,0,0,0,0,0,1,0,0,0,0,0,0,0,0,0,1,0,0,8,0,39.9591,-75.2036, , 
 ,67428,2011043322,6,67,67301,2011,4,5,1500,15,1,1,0,1,1, , ,N,0,0,0,3,0,1,4,3,N,N,40 01:22.228,75 02:09.126,1522, ,1504, ,0, ,N, ,0, , , , , ,763380, , , ,3,3,0,0,0,0,0,0,0,0,0,0,1,1,0,0,0,0,0,0,0,0,1,0,0,0,0,0,0,0,0,0,0,0,0,8,0,40.0228,-75.036, , 
 ,67429,2011063189,6,67,67301,2011,5,3,755,7,1,1,0,1,1, , ,N,0,0,0,3,0,1,2,2,N,N,39 55:36.494,75 11:41.394,806, ,800,3,1,4,N, ,0,N, , , , ,763398, , , ,2,0,0,0,1,0,1,0,0,0,0,1,1,0,0,0,0,0,0,0,0,0,0,0,0,0,0,0,0,0,0,0,0,0,0,4,0,39.9268,-75.1948, , 
 ,67430,2011033527,6,67,67301,2011,2,2,1435,14,1,1,0,5,6, , ,N,0,0,0,3,0,2,2,2,N,N,40 00:56.276,75 09:15.703,9999, ,1153, ,0, ,N, ,0, , , , , ,763418, , , ,2,0,0,0,2,0,0,0,0,0,0,0,2,2,0,0,0,0,0,0,0,0,0,0,0,0,0,0,0,0,0,0,0,0,0,8,0,40.0156,-75.1544, , 
 ,67431,2011040378,6,67,67301,2011,3,4,1535,15,1,2,1,4,1, , ,N,1,2,0,3,0,1,3,2,N,N,39 58:49.322,75 10:15.323,1550, ,1540, ,0, ,N, ,3, , , , , ,763424, , , ,2,2,0,0,0,0,0,0,0,0,0,1,1,0,0,0,0,0,0,0,0,0,1,0,0,0,0,0,0,0,0,0,0,0,0,4,0,39.9804,-75.1709, , 
 ,67432,2011025702,6,67,67301,2011,2,6,1637,16,1,1,0,8,1, , ,N,0,0,0,3,1,0,2,2,N,N,39 59:02.331,75 07:56.449,1640, ,1638,9,2,5,N,0,0,N, , , , ,763465, , , ,1,1,0,0,0,0,0,0,0,0,0,0,0,0,0,0,0,0,1,0,0,0,0,0,0,0,0,0,0,0,0,0,1,1,0,1,0,39.984,-75.1323,2, 
 ,67433,2011037031,6,67,67301,2011,3,5,2252,22,3,2,1,7,2, , ,N,0,0,0,3,0,0,1,1,N,N,40 00:47.290,75 03:27.942,2313, ,2254, ,0, ,N, ,0, , , , , ,763479, , , ,1,1,0,0,0,0,0,0,0,0,0,0,0,0,0,0,0,0,0,0,0,0,0,0,0,0,0,0,0,0,0,0,0,0,0,0,0,40.0131,-75.0579, , 