wz_ln_closure,objectid_1,crn,district,county,municipality,crash_year,crash_month,day_of_week,time_of_day,hour_of_day,illumination,weather,road_condition,collision_type,relation_to_road,work_zone_type,work_zone_loc,work_zone_ind,intersect_type,tcd_type,location_type,urban_rural,fatal_count,injury_count,person_count,total_units,sch_bus_ind,sch_zone_ind,latitude,longitude,arrival_tm,cons_zone_spd_lim,dispatch_tm,est_hrs_closed,lane_closed,ln_close_dir,ntfy_hiwy_maint,spec_juris_cd,tcd_func_cd,tfc_detour_ind,workers_pres,wz_close_detour,wz_flagger,wz_law_offcr_ind,objectid,wz_moving,wz_other,wz_shlder_mdn,vehicle_count,automobile_count,motorcycle_count,bus_count,small_truck_count,heavy_truck_count,suv_count,van_count,bicycle_count,maj_inj_count,mod_inj_count,min_inj_count,tot_inj_count,unk_inj_deg_count,unk_inj_per_count,driver_count_16yr,driver_count_17yr,driver_count_18yr,driver_count_19yr,driver_count_20yr,driver_count_50_64yr,driver_count_65_74yr,driver_count_75plus,unbelted_occ_count,unb_death_count,unb_maj_inj_count,belted_death_count,belted_maj_inj_count,mcycle_death_count,mcycle_maj_inj_count,bicycle_death_count,bicycle_maj_inj_count,ped_count,ped_death_count,ped_maj_inj_count,max_severity_level,comm_veh_count,dec_lat,dec_long,rdwy_surf_type_cd,county_name
 ,67434,2011053543,6,67,67301,2011,4,1,9999,99,1,1,0,8,5, , ,N,0,0,0,3,0,1,2,2,N,N,39 56:02.803,75 13:35.583,1759, ,1750, ,0, ,N, ,0, , , , , ,763493, , , ,1,0,1,0,0,0,0,0,0,0,0,1,1,0,1,0,0,0,0,0,0,0,0,0,0,0,0,0,0,0,0,0,1,0,0,4,0,39.9341,-75.2266, , 
 ,67435,2011032348,6,67,67301,2011,3,5,1440,14,1,1,0,1,1, , ,N,0,0,0,3,0,2,3,3,N,N,40 01:24.425,75 02:00.701,1453, ,1447,1,1,1,N, ,0,N, , , , ,763517, , , ,3,2,0,0,0,0,1,0,0,0,0,0,2,2,0,0,0,0,0,0,0,0,0,0,0,0,0,0,0,0,0,0,0,0,0,8,0,40.0234,-75.0337, , 
 ,67436,2011029185,6,67,67301,2011,2,5,1440,14,1,1,0,8,1, , ,N,1,2,0,3,0,1,2,2,N,N,40 02:12.310,75 02:26.659,1515, ,1511, ,0, , , ,3, , , , , ,763556, , , ,1,0,0,0,0,1,0,0,0,0,0,1,1,0,0,0,0,0,0,0,1,0,0,0,0,0,0,0,0,0,0,0,1,0,0,4,1,40.0368,-75.0407, , 
 ,67437,2011064009,6,67,67301,2011,5,6,1412,14,1,1,0,4,1, , ,N,1,2,0,3,0,1,2,2,N,N,39 57:35.036,75 11:45.125,1423, ,1420,1,2,4,N, ,3,Y, , , , ,763587, , , ,2,1,0,0,0,0,0,0,0,0,0,0,1,1,0,0,0,0,0,0,1,0,0,0,0,0,0,0,0,0,0,0,0,0,0,8,0,39.9597,-75.1958, , 
 ,67438,2011066045,6,67,67301,2011,5,3,1943,19,1,1,0,8,1, , ,N,0,0,0,3,0,1,2,2,N,N,39 59:08.350,75 10:10.960,1950, ,1948, ,0, ,N, ,0, , , , , ,763590, , , ,1,0,0,0,0,0,0,1,0,0,0,1,1,0,0,0,0,0,0,0,1,0,0,0,0,0,0,0,0,0,0,0,1,0,0,4,0,39.9857,-75.1697, , 
 ,67439,2011038012,6,67,67301,2011,3,2,807,8,1,1,0,1,1, , ,N,1,2,0,3,0,2,3,2,N,N,40 01:32.275,75 07:31.347,816, ,814,1,1,4,N, ,3,N, , , , ,763624, , , ,2,1,0,0,0,0,0,1,0,0,0,2,2,0,0,0,0,0,0,0,0,0,0,0,0,0,0,0,0,0,0,0,0,0,0,4,0,40.0257,-75.1251, , 
 ,67440,2011038389,6,67,67301,2011,3,7,946,9,1,1,0,5,1, , ,N,0,0,0,3,0,1,4,2,N,N,39 58:56.232,75 14:48.780,1008, ,7, ,0, , , ,0, , , , , ,763625, , , ,2,0,0,0,0,0,2,0,0,0,0,1,1,0,0,0,1,0,0,0,0,0,0,0,0,0,0,0,0,0,0,0,0,0,0,4,0,39.9823,-75.2469, , 
 ,67441,2011044434,6,67,67301,2011,3,3,1230,12,1,1,0,5,6, , ,N,0,0,0,3,0,1,3,3,N,N,39 57:12.245,75 09:18.346,1245, ,1230, ,0, ,N, ,0, , , , , ,763630, , , ,2,1,0,0,0,0,0,1,0,0,0,1,1,0,0,0,0,1,0,0,1,0,0,0,0,0,0,0,0,0,0,0,1,0,0,4,0,39.9534,-75.1551, , 
 ,67442,2011056918,6,67,67301,2011,4,7,2259,22,3,1,0,8,1, , ,N,1,2,0,3,0,1,2,2,N,N,39 57:59.670,75 14:23.337,2304, ,2301, ,0, ,N, ,3, , , , , ,763678, , , ,1,1,0,0,0,0,0,0,0,0,1,0,1,0,0,0,0,0,0,0,0,0,0,0,0,0,0,0,0,0,0,0,1,0,0,3,0,39.9666,-75.2398, , 
 ,67443,2011067750,6,67,67301,2011,6,4,1925,19,1,1,0,1,1, , ,N,0,0,0,3,0,0,3,2,N,N,40 00:53.637,75 03:16.893,1929, ,1929, ,0, ,N, ,0, , , , , ,763685, , , ,2,1,0,0,1,0,0,0,0,0,0,0,0,0,0,0,1,0,0,0,0,0,0,0,0,0,0,0,0,0,0,0,0,0,0,0,0,40.015,-75.0546, , 
 ,67444,2011031392,6,67,67301,2011,2,7,1733,17,1,1,0,7,2, , ,N,2,3,0,3,0,1,2,1,N,N,40 02:23.568,75 02:42.316,1737, ,1733,1,1,1, , ,3,Y, , , , ,763708, , , ,1,1,0,0,0,0,0,0,0,0,1,0,1,0,0,0,0,0,0,0,0,0,0,0,0,0,0,0,0,0,0,0,0,0,0,3,0,40.0399,-75.0451, , 
 ,67445,2011057305,6,67,67301,2011,4,3,1443,14,1,2,1,1,1, , ,N,0,0,0,3,0,0,3,2,N,N,40 04:15.659,75 04:40.089,1455, ,1448, ,0, ,N, ,0, , , , , ,770628, , , ,2,2,0,0,0,0,0,0,0,0,0,0,0,0,0,0,0,0,0,0,0,0,0,0,0,0,0,0,0,0,0,0,0,0,0,0,0,40.071,-75.0778, , 
 ,67446,2011061839,6,67,67301,2011,5,5,1834,18,1,1,0,8,1, , ,N,0,3,0,3,0,1,2,2,N,N,40 00:59.932,75 03:51.015,1840, ,1835, ,0, ,N, ,3, , , , , ,770633, , , ,1,1,0,0,0,0,0,0,0,0,0,0,1,1,0,0,0,0,0,0,0,0,0,0,0,0,0,0,0,0,0,0,1,0,0,8,0,40.0166,-75.0642, , 
 ,67447,2011011023,6,67,67301,2011,1,3,2311,23,3,4,3,1,1, , ,N,0,0,0,3,0,1,2,2,N,N,39 55:37.071,75 11:42.506,2315, ,2315,1,2,3,N, ,0,Y, , , , ,770642, , , ,2,0,0,0,1,0,1,0,0,0,0,0,1,1,0,0,0,0,0,0,0,0,0,0,0,0,0,0,0,0,0,0,0,0,0,8,0,39.927,-75.1951, , 
 ,67448,2011016025,6,67,67301,2011,1,4,2010,20,3,1,6,4,1, , ,N,1,2,0,3,0,1,5,2,N,N,40 00:53.164,75 05:07.676,2020, ,2020, ,0, ,N, ,3, , , , , ,770645, , , ,2,2,0,0,0,0,0,0,0,0,0,0,1,1,0,0,0,0,0,0,0,0,0,0,0,0,0,0,0,0,0,0,0,0,0,8,0,40.0148,-75.0855, , 
 ,67449,2011033560,6,67,67301,2011,3,3,510,5,5,1,0,4,1, , ,N,1,2,0,3,0,0,2,2,N,N,40 06:06.033,75 00:22.239,525, ,518, ,0, , , ,3, , , , , ,770660, , , ,2,1,0,0,0,0,0,1,0,0,0,0,0,0,1,0,0,0,0,0,0,0,0,0,0,0,0,0,0,0,0,0,0,0,0,9,0,40.1017,-75.0062, , 
 ,67450,2011038401,6,67,67301,2011,3,2,1211,12,1,1,0,4,1, , ,N,0,0,0,3,0,1,2,2,N,N,40 01:49.961,75 05:10.890,1220, ,1212,2,1,1,N, ,0,N, , , , ,770665, , , ,2,2,0,0,0,0,0,0,0,0,0,0,1,1,0,0,0,0,0,0,0,2,0,0,0,0,0,0,0,0,0,0,0,0,0,8,0,40.0305,-75.0864, , 
 ,67451,2011042394,6,67,67301,2011,4,2,1935,19,3,1,0,7,2, , ,N,0,0,0,3,0,0,1,1,N,N,39 55:54.908,75 11:59.335,1949, ,1943,1,1,4,N, ,0,N, , , , ,770668, , , ,1,0,0,0,1,0,0,0,0,0,0,0,0,0,1,0,0,0,0,0,0,0,0,0,0,0,0,0,0,0,0,0,0,0,0,9,0,39.9319,-75.1998, , 
 ,67452,2011017092,6,67,67301,2011,2,3,602,6,3,2,6,5,1, , ,N,0,0,0,3,0,0,2,2,N,N,39 58:50.378,75 06:13.654,617, ,606,1,2,1,N, ,0,N, , , , ,770697, , , ,2,1,0,0,0,1,0,0,0,0,0,0,0,0,1,0,0,0,0,0,1,0,0,0,0,0,0,0,0,0,0,0,0,0,0,9,1,39.9806,-75.1039, , 
 ,67453,2011029039,6,67,67301,2011,2,2,950,9,1,1,0,1,1, , ,N,1,2,0,3,0,0,2,2, , ,40 06:44.590,74 59:27.519,957, ,952,1,1,2, , ,3,N, , , , ,770708, , , ,2,1,0,0,0,1,0,0,0,0,0,0,0,0,0,0,0,0,0,0,0,0,0,1,0,0,0,0,0,0,0,0,0,0,0,0,1,40.1124,-74.991, , 
 ,67454,2011037707,6,67,67301,2011,3,3,627,6,5,1,0,1,1, , ,N,0,0,0,3,0,4,5,2,N,N,39 58:50.409,75 06:15.350,643, ,636, ,0, ,N, ,0, , , , , ,770720, , , ,2,1,0,0,1,0,0,0,0,0,0,0,4,4,0,0,0,0,0,0,0,0,0,0,0,0,0,0,0,0,0,0,0,0,0,8,0,39.9807,-75.1042, , 
 ,67455,2011046981,6,67,67301,2011,3,5,17,0,3,2,1,4,1, , ,N,1,2,0,3,0,1,2,2,N,N,39 59:03.796,75 09:15.868,24, ,17, ,0, ,N, ,2, , , , , ,770728, , , ,2,1,0,0,0,0,0,1,0,0,0,1,1,0,0,0,0,0,0,0,0,0,0,0,0,0,0,0,0,0,0,0,0,0,0,4,0,39.9844,-75.1544, , 
 ,67456,2011057039,6,67,67301,2011,4,6,9999,99,1,1,0,4,2, , ,N,0,0,7,3,0,1,5,3, , ,40 00:22.057,75 07:25.206,9999, ,9999, ,0, , , ,0, , , , , ,770775, , , ,3,3,0,0,0,0,0,0,0,1,0,0,1,0,0,0,0,0,0,0,0,0,0,0,0,0,0,0,0,0,0,0,0,0,0,2,0,40.0061,-75.1237, , 
 ,67457,2011015939,6,67,67301,2011,1,5,743,7,1,1,0,1,1, , ,N,1,2,0,3,0,1,2,2,N,N,40 02:24.861,75 03:30.268,750, ,744,1,1,1,N, ,3,N, , , , ,770791, , , ,2,1,0,0,0,0,1,0,0,0,0,0,1,1,0,0,0,0,0,0,1,0,0,0,0,0,0,0,0,0,0,0,0,0,0,8,0,40.0402,-75.0584, , 
 ,67458,2011037967,6,67,67301,2011,3,2,1550,15,1,1,0,4,1, , ,N,0,0,7,3,0,4,5,2, , ,40 00:21.244,75 05:41.451,1625, ,1555, ,0, , , ,0, , , , , ,770811, , , ,2,2,0,0,0,0,0,0,0,0,0,3,4,1,0,0,0,0,0,0,0,0,0,1,0,0,0,0,0,0,0,0,0,0,0,4,0,40.0059,-75.0949, , 
 ,67459,2011047067,6,67,67301,2011,4,7,829,8,1,1,1,4,1, , ,N,1,2,0,3,0,2,2,2,N,N,39 58:20.544,75 09:59.380,840, ,830, ,0, , , ,3, , , , , ,770822, , , ,2,2,0,0,0,0,0,0,0,0,0,1,2,1,0,0,0,0,0,0,0,1,0,0,0,0,0,0,0,0,0,0,0,0,0,4,0,39.9724,-75.1665, , 
 ,67460,2011028838,6,67,67301,2011,2,4,1050,10,1,1,1,7,2, , ,N,0,0,0,3,0,1,1,1,N,N,40 02:12.307,75 14:14.672,1104, ,1110, ,0, , , ,0, , , , , ,770900, , , ,1,1,0,0,0,0,0,0,0,0,0,1,1,0,0,0,0,0,0,0,0,0,1,0,0,0,0,0,0,0,0,0,0,0,0,4,0,40.0368,-75.2374, , 
 ,67461,2011040868,6,67,67301,2011,3,3,1712,17,1,1,0,4,1, , ,N,1,2,0,3,1,0,2,2,N,N,39 54:57.236,75 09:52.167,1719, ,1717,3,2,5,N,0,3,Y, , , , ,770907, , , ,2,0,1,1,0,0,0,0,0,0,0,0,0,0,0,0,0,0,0,0,1,0,0,0,0,0,0,0,1,0,0,0,0,0,0,1,1,39.9159,-75.1645,2, 
 ,67462,2011044435,6,67,67301,2011,3,5,300,3,3,2,1,7,2, , ,N,0,2,0,3,0,1,3,1,N,N,39 57:18.558,75 11:07.704,315, ,307, ,0, ,Y, ,3, , , , , ,770915, , , ,1,1,0,0,0,0,0,0,0,0,0,1,1,0,0,0,0,0,0,0,0,0,0,0,0,0,0,0,0,0,0,0,0,0,0,4,0,39.9552,-75.1855, , 
 ,67463,2012109707,6,67,67301,2012,10,6,1745,17,1,1,0,5,5, , ,N,0,0,0,3,0,1,1,2,N,N,40 00:09.438,75 05:58.984,1748, ,1745, ,0, , , ,0, , , , , ,755117, , , ,2,1,0,0,0,0,1,0,0,0,0,0,1,1,0,0,0,0,0,0,0,0,0,0,0,0,0,0,0,0,0,0,0,0,0,8,0,40.0026,-75.0997, , 
 ,67464,2012109689,6,67,67301,2012,10,6,2000,20,3,1,0,8,1, , ,N,0,0,0,3,0,1,2,2,N,N,39 55:18.509,75 10:12.620,2017, ,2015, ,0, ,N, ,0, , , , , ,755142, , , ,1,1,0,0,0,0,0,0,0,1,0,0,1,0,0,0,0,0,0,0,0,0,0,0,0,0,0,0,0,0,0,0,1,0,1,2,0,39.9218,-75.1702, , 
 ,67465,2012111750,6,67,67301,2012,10,3,1530,15,1,1,0,2,1, , ,N,0,0,0,3,0,0,0,3,N, ,39 59:57.177,75 08:50.838,1544, ,1532, ,0, , , ,0, , , , , ,755145, , , ,3,3,0,0,0,0,0,0,0,0,0,0,0,0,0,0,0,0,0,0,0,0,0,0,0,0,0,0,0,0,0,0,0,0,0,9,0,39.9992,-75.1475, , 
 ,67466,2012114855,6,67,67301,2012,10,7,1000,10,1,1,0,4,1, , ,N,2,3,0,3,0,2,2,2,N,N,40 01:54.068,75 04:00.860,1007, ,1005,1,1,5, , ,3,Y, , , , ,755147, , , ,2,2,0,0,0,0,0,0,0,0,0,0,1,1,1,0,0,0,0,0,0,0,0,0,0,0,0,0,0,0,0,0,0,0,0,8,0,40.0317,-75.0669, , 
 ,67467,2012122372,6,67,67301,2012,11,4,1930,19,1,2,0,4,1, , ,N,1,2,0,3,0,2,3,2,N, ,39 57:17.491,75 09:04.108,1950, ,1947, ,0, , , ,3, , , , , ,755155, , , ,2,0,0,1,0,0,1,0,0,0,0,0,1,1,1,0,0,0,0,0,0,0,0,1,0,0,0,0,0,0,0,0,0,0,0,8,1,39.9549,-75.1511, , 
 ,67468,2012128179,6,67,67301,2012,11,2,1827,18,3,1,0,8,1, , ,N,2,0,0,3,0,1,2,2,N,N,40 02:16.904,75 10:58.119,1850, ,1838, ,0, ,N, ,0, , , , , ,755159, , , ,1,0,0,0,0,0,1,0,0,0,0,1,1,0,0,0,0,0,0,0,1,0,0,1,0,0,0,0,0,0,0,0,1,0,0,4,0,40.038,-75.1828, , 
 ,67469,2011031161,6,67,67301,2011,3,3,1357,13,1,1,0,1,1, , ,N,1,3,0,3,0,2,4,2,N,N,39 56:39.527,75 14:40.212,1403, ,1359, ,0, ,N, ,3, , , , , ,755193, , , ,2,2,0,0,0,0,0,0,0,0,0,0,2,2,0,0,0,0,0,0,0,0,0,0,0,0,0,0,0,0,0,0,0,0,0,8,0,39.9443,-75.2445, , 
 ,67470,2011049201,6,67,67301,2011,4,7,1304,13,1,1,0,1,1, , ,N,0,0,0,3,0,3,3,2,N,N,40 01:08.109,75 09:54.611,1312, ,1306,2,2,4,N, ,0,N, , , , ,755215, , , ,2,1,0,0,0,0,1,0,0,0,3,0,3,0,0,0,0,0,0,0,1,1,0,0,0,0,0,0,0,0,0,0,0,0,0,3,0,40.0189,-75.1652, , 
 ,67471,2011025630,6,67,67301,2011,2,3,322,3,3,4,3,7,2, , ,N,0,0,0,3,0,0,1,1,N,N,39 56:20.701,75 08:37.851,353, ,324,1,1,2,N, ,0,N, , , , ,755236, , , ,1,1,0,0,0,0,0,0,0,0,0,0,0,0,0,0,0,0,0,0,0,0,0,0,0,0,0,0,0,0,0,0,0,0,0,0,0,39.9391,-75.1438, , 
 ,67472,2011029073,6,67,67301,2011,2,7,1820,18,2,1,0,1,1, , ,N,0,2,0,3,0,3,7,4, , ,40 04:51.236,75 01:43.431,1847, ,1830,2,1,2, , ,3,N, , , , ,755238, , , ,4,3,0,0,1,0,0,0,0,0,0,0,3,3,0,0,0,0,0,0,1,0,0,0,0,0,0,0,0,0,0,0,0,0,0,8,0,40.0809,-75.0287, , 
 ,67473,2011033522,6,67,67301,2011,3,7,1712,17,1,1,0,4,1, , ,N,1,2,0,3,0,2,3,2,N,N,40 04:27.539,75 02:05.367,1724, ,1712,1,1,1,N, ,3,N, , , , ,755241, , , ,2,1,0,0,0,0,1,0,0,0,0,2,2,0,0,0,0,0,0,0,1,1,0,0,0,0,0,0,0,0,0,0,0,0,0,4,0,40.0743,-75.0348, , 
 ,67474,2011057036,6,67,67301,2011,5,2,737,7,1,6,1,1,1, , ,N,0,0,0,3,0,1,3,2,N,N,40 03:10.561,75 04:08.380,737, ,737, ,0, ,N, ,0, , , , , ,755262, , , ,2,1,0,0,0,0,1,0,0,0,0,0,1,1,0,0,1,0,0,0,0,0,0,0,0,0,0,0,0,0,0,0,0,0,0,8,0,40.0529,-75.069, , 
 ,67475,2011037904,6,67,67301,2011,3,1,215,2,3,1,0,7,4, , ,N,2,2,0,3,0,2,2,1,N,N,39 56:52.021,75 13:52.662,238, ,228, ,0, ,N, ,3, , , , , ,755308, , , ,1,1,0,0,0,0,0,0,0,0,0,2,2,0,0,0,0,0,0,0,0,0,0,0,0,0,0,0,0,0,0,0,0,0,0,4,0,39.9478,-75.2313, , 
 ,67476,2011037984,6,67,67301,2011,3,3,358,3,3,2,1,7,2, , ,N,6,2,2,3,0,0,1,1,N,N,40 01:09.178,75 08:37.485,405, ,358, ,0, ,Y, ,3, , , , , ,755309, , , ,1,0,0,0,0,0,1,0,0,0,0,0,0,0,0,0,0,0,0,0,0,0,0,0,0,0,0,0,0,0,0,0,0,0,0,0,0,40.0192,-75.1437, , 
 ,67477,2011015936,6,67,67301,2011,1,6,1106,11,1,4,1,6,1, , ,N,0,0,0,3,0,1,1,2,N,N,40 01:41.259,75 09:06.999,1120, ,1115, ,0, ,N, ,0, , , , , ,755322, , , ,2,0,0,0,0,0,2,0,0,0,0,1,1,0,0,0,0,0,0,0,0,0,0,0,0,0,0,0,0,0,0,0,0,0,0,4,0,40.0281,-75.1519, , 
 ,67478,2011028977,6,67,67301,2011,2,3,1355,13,1,1,0,7,2, , ,N,0,0,0,3,0,1,2,1, , ,40 03:09.003,75 00:29.498,1400, ,1355, ,0, , , ,0, , , , , ,755331, , , ,1,0,0,0,0,0,1,0,0,0,0,0,1,1,0,0,0,0,0,0,0,0,0,0,0,0,0,0,0,0,0,0,0,0,0,8,0,40.0525,-75.0082, , 
 ,67479,2011032242,6,67,67301,2011,3,5,1509,15,1,1,0,5,1, , ,N,0,0,0,3,0,0,2,2,N,N,39 59:38.200,75 05:03.483,1523, ,1516, ,0, ,N, ,0, , , , , ,755336, , , ,2,1,0,0,0,1,0,0,0,0,0,0,0,0,0,0,0,0,0,0,0,0,0,0,0,0,0,0,0,0,0,0,0,0,0,0,1,39.9938,-75.0844, , 
 ,67480,2011033460,6,67,67301,2011,2,7,115,1,3,1,0,4,1, , ,N,1,2,0,3,0,1,4,2,N,N,39 55:29.938,75 10:27.649,117, ,116,3,2,7,N, ,3,Y, , , , ,755338, , , ,2,1,0,0,0,0,1,0,0,0,0,1,1,0,0,0,0,0,0,0,0,0,0,0,0,0,0,0,0,0,0,0,0,0,0,4,0,39.925,-75.1743, , 
 ,67481,2012117235,6,67,67301,2012,10,5,1630,16,1,1,0,4,1, , ,N,1,2,0,3,0,1,2,2,N,N,40 01:54.231,75 10:43.900,1750, ,1750, ,0, , , ,3, , , , , ,749373, , , ,2,1,1,0,0,0,0,0,0,0,0,0,1,1,0,0,0,0,0,0,0,0,0,0,0,0,0,0,0,0,0,0,0,0,0,8,0,40.0317,-75.1789, , 
 ,67482,2012074228,6,67,67301,2012,7,3,1852,18,1,1,0,1,1, , ,N,0,0,0,3,0,1,2,2,N,N,39 53:10.330,75 12:49.910,1914, ,1859, ,0, ,N, ,0, , , , , ,749375, , , ,2,1,0,0,0,0,1,0,0,0,0,1,1,0,0,0,0,0,0,0,1,0,0,0,0,0,0,0,0,0,0,0,0,0,0,4,0,39.8862,-75.2139, , 
 ,67483,2012083390,6,67,67301,2012,7,1,1838,18,1,1,0,4,1, , ,N,1,2,0,3,0,1,3,4,N,N,39 58:23.617,75 11:01.532,1845, ,1838, ,0, ,N, ,3, , , , , ,749384, , , ,4,3,0,0,0,0,1,0,0,0,1,0,1,0,2,0,0,0,0,0,1,0,0,0,0,0,0,0,0,0,0,0,0,0,0,3,0,39.9732,-75.1838, , 
 ,67484,2012098318,6,67,67301,2012,9,4,1715,17,1,1,0,1,1, , ,N,1,2,0,3,0,1,2,2,N,N,40 02:09.368,75 02:32.560,1830, ,830, ,0, , , ,3, , , , , ,749400, , , ,2,0,0,0,2,0,0,0,0,0,0,1,1,0,0,0,0,0,0,0,0,0,0,0,0,0,0,0,0,0,0,0,0,0,0,4,0,40.0359,-75.0424, , 
 ,67485,2012098327,6,67,67301,2012,9,4,1507,15,1,1,0,8,1, , ,N,1,2,0,3,0,1,2,2,N,N,40 00:02.271,75 07:58.407,1523, ,1521, ,0, ,N, ,3, , , , , ,749401, , , ,1,1,0,0,0,0,0,0,0,0,0,1,1,0,0,0,0,0,0,0,1,0,0,0,0,0,0,0,0,0,0,0,1,0,0,4,0,40.0006,-75.1329, , 
 ,67486,2012128028,6,67,67301,2012,12,1,150,1,3,1,0,7,2, , ,N,0,0,0,3,0,0,1,1,N,N,39 57:45.968,75 10:59.675,200, ,150,1,2,4,N, ,0,N, , , , ,749428, , , ,1,1,0,0,0,0,0,0,0,0,0,0,0,0,1,0,0,0,0,0,0,0,0,0,0,0,0,0,0,0,0,0,0,0,0,9,0,39.9628,-75.1832, , 
 ,67487,2013006885,6,67,67301,2012,12,1,2215,22,3,2,1,6,1, , ,N,3,0,0,3,0,0,2,2,N,N,40 00:01.802,75 11:12.916,2233, ,2228,1,1,4,N, ,0,N, , , , ,749434, , , ,2,1,0,0,0,0,1,0,0,0,0,0,0,0,1,0,0,0,0,0,0,0,1,0,0,0,0,0,0,0,0,0,0,0,0,9,0,40.0029,-75.1836, , 
 ,67488,2013003805,6,67,67301,2012,11,6,1227,12,1,1,0,4,1, , ,N,1,3,0,3,0,0,2,2,N,N,40 01:36.819,75 03:33.460,1248, ,1248,9,1,3,N, ,3,N, , , , ,749474, , , ,2,1,0,0,1,0,0,0,0,0,0,0,0,0,1,0,0,0,0,0,1,0,0,0,0,0,0,0,0,0,0,0,0,0,0,9,0,40.0269,-75.0593, , 
 ,67489,2013006823,6,67,67301,2012,11,4,610,6,3,1,0,5,1, , ,N,0,0,0,3,0,1,1,3,N,N,39 59:55.698,75 10:04.227,1814, ,1812, ,0, ,N, ,0, , , , , ,749475, , , ,3,0,0,0,0,0,2,1,0,0,0,0,1,1,0,0,0,0,0,0,0,0,0,0,0,0,0,0,0,0,0,0,0,0,0,8,0,39.9988,-75.1678, , 
 ,67490,2013003788,6,67,67301,2012,12,4,1951,19,3,1,0,2,1, , ,N,1,2,0,3,0,0,5,6,N,N,40 00:49.975,75 07:33.617,1955, ,1951,3,2,1, , ,3,Y, , , , ,749476, , , ,6,5,0,1,0,0,0,0,0,0,0,1,1,0,0,0,0,0,0,0,0,0,0,0,0,0,0,0,0,0,0,0,0,0,0,4,1,40.0139,-75.126, , 
 ,67491,2013037369,6,67,67301,2012,10,6,810,8,1,2,1,4,1, , ,N,1,2,0,3,0,1,2,2,N,N,39 57:20.049,75 11:22.152,1215, ,9999, ,0, ,N, ,3, , , , , ,749479, , , ,1,1,0,0,0,0,0,0,1,0,0,1,1,0,0,0,0,0,0,0,0,0,0,0,0,0,0,0,0,0,0,0,0,0,0,4,0,39.9556,-75.1895, , 
 ,67492,2012122409,6,67,67301,2012,11,6,1800,18,3,1,0,8,1, , ,N,0,0,0,3,0,1,3,2,N,N,40 01:17.390,75 12:57.520,1820, ,1801, ,0, ,N, ,0, , , , , ,749493, , , ,1,0,0,0,0,0,1,0,0,0,0,1,1,0,0,0,0,0,0,0,0,0,0,0,0,0,0,0,0,0,0,0,1,0,0,4,0,40.0215,-75.216, , 
 ,67493,2012126003,6,67,67301,2012,11,4,9999,99,1,1,0,4,1, , ,N,1,2,0,3,0,0,2,2,N,N,40 03:22.903,75 04:30.486,1511, ,1509,2,2,7,N, ,3,Y, , , , ,749497, , , ,2,1,0,0,0,0,1,0,0,0,0,0,1,1,0,0,0,0,0,0,1,0,0,0,0,0,0,0,0,0,0,0,0,0,0,8,0,40.0564,-75.0751, , 
 ,67494,2012128283,6,67,67301,2012,11,2,1050,10,1,1,0,8,1, , ,N,1,2,0,3,0,1,3,2,N,N,40 02:39.900,75 08:36.425,1110, ,1110, ,0, ,N, ,3, , , , , ,749503, , , ,1,1,0,0,0,0,0,0,0,0,0,1,1,0,0,0,0,0,0,0,0,1,0,0,0,0,0,0,0,0,0,0,1,0,0,4,0,40.0444,-75.1435, , 
 ,67495,2012132241,6,9,9212,2012,10,3,905,9,1,1,0,4,1, , ,N,1,2,0,3,0,2,4,3,N,N,40 08:03.616,75 00:33.107,908, ,905,2,2,2,N, ,3,Y, , , , ,749510, , , ,3,2,0,0,0,0,1,0,0,0,0,1,2,1,0,0,0,0,1,0,0,0,0,0,0,0,0,0,0,0,0,0,0,0,0,4,0,40.1343,-75.0091, , 
 ,67496,2013016200,6,67,67301,2012,12,7,2305,23,3,1,0,6,1, , ,N,2,2,0,3,0,2,5,3,N,N,40 02:25.817,75 03:32.713,2308, ,2305,3,2,1,N, ,1,Y, , , , ,749514, , , ,3,3,0,0,0,0,0,0,0,0,1,1,2,0,1,0,0,1,0,0,0,0,0,0,0,0,0,0,0,0,0,0,0,0,0,3,0,40.0405,-75.0589, , 
 ,67497,2012111744,6,67,67301,2012,10,1,1400,14,1,1,0,8,1, , ,N,0,0,0,3,0,1,1,2,N,N,39 59:34.544,75 07:47.478,1730, ,1730, ,0, ,N, ,0, , , , , ,749522, , , ,1,1,0,0,0,0,0,0,0,0,1,0,1,0,0,0,0,0,0,0,0,0,0,0,0,0,0,0,0,0,0,0,1,0,0,3,0,39.9929,-75.1299, , 
 ,67498,2012117331,6,67,67301,2012,10,2,1925,19,3,2,1,8,1, , ,N,1,2,0,3,0,1,2,2,N,N,39 58:03.012,75 10:47.758,1936, ,1932, ,0, ,N, ,3, , , , , ,749531, , , ,1,1,0,0,0,0,0,0,0,0,1,0,1,0,0,0,0,0,0,0,0,1,0,0,0,0,0,0,0,0,0,0,1,0,0,3,0,39.9675,-75.1799, , 
 ,67499,2012120078,6,67,67301,2012,11,5,1515,15,1,1,0,4,1, , ,N,0,0,7,3,0,1,4,2,N,N,40 02:06.023,75 07:09.527,1630, ,1626,1,1,3,N, ,0,Y, , , , ,752360, , , ,2,2,0,0,0,0,0,0,0,0,0,1,1,0,0,0,0,0,0,0,0,0,0,0,0,0,0,0,0,0,0,0,0,0,0,4,0,40.035,-75.1193, , 