wz_ln_closure,objectid_1,crn,district,county,municipality,crash_year,crash_month,day_of_week,time_of_day,hour_of_day,illumination,weather,road_condition,collision_type,relation_to_road,work_zone_type,work_zone_loc,work_zone_ind,intersect_type,tcd_type,location_type,urban_rural,fatal_count,injury_count,person_count,total_units,sch_bus_ind,sch_zone_ind,latitude,longitude,arrival_tm,cons_zone_spd_lim,dispatch_tm,est_hrs_closed,lane_closed,ln_close_dir,ntfy_hiwy_maint,spec_juris_cd,tcd_func_cd,tfc_detour_ind,workers_pres,wz_close_detour,wz_flagger,wz_law_offcr_ind,objectid,wz_moving,wz_other,wz_shlder_mdn,vehicle_count,automobile_count,motorcycle_count,bus_count,small_truck_count,heavy_truck_count,suv_count,van_count,bicycle_count,maj_inj_count,mod_inj_count,min_inj_count,tot_inj_count,unk_inj_deg_count,unk_inj_per_count,driver_count_16yr,driver_count_17yr,driver_count_18yr,driver_count_19yr,driver_count_20yr,driver_count_50_64yr,driver_count_65_74yr,driver_count_75plus,unbelted_occ_count,unb_death_count,unb_maj_inj_count,belted_death_count,belted_maj_inj_count,mcycle_death_count,mcycle_maj_inj_count,bicycle_death_count,bicycle_maj_inj_count,ped_count,ped_death_count,ped_maj_inj_count,max_severity_level,comm_veh_count,dec_lat,dec_long,rdwy_surf_type_cd,county_name
 ,67500,2013000894,6,67,67301,2012,12,2,18,0,3,1,0,6,1, , ,N,0,0,0,3,0,0,2,2,N,N,39 55:27.345,75 08:50.656,24, ,20,1,2,2,N, ,0,N, , , , ,752378, , , ,2,1,0,0,0,0,0,0,0,0,0,0,0,0,1,0,0,0,0,0,0,0,0,0,0,0,0,0,0,0,0,0,0,0,0,9,0,39.9243,-75.1474, , 
 ,67501,2012120038,6,67,67301,2012,11,1,1257,12,1,1,0,4,1, , ,N,0,0,0,3,0,0,0,2,N,N,40 06:06.808,75 02:22.895,1313, ,1310, ,0, ,N, ,0, , , , , ,752394, , , ,2,2,0,0,0,0,0,0,0,0,0,0,0,0,0,0,0,0,0,0,0,0,0,0,0,0,0,0,0,0,0,0,0,0,0,9,0,40.1019,-75.0397, , 
 ,67502,2012123334,6,67,67301,2012,11,3,1120,11,1,1,0,1,1, , ,N,0,0,3,3,0,0,2,2,N,N,40 03:19.648,75 12:20.512,1140, ,1130, ,0, ,N, ,0, , , , , ,752397, , , ,2,1,0,0,0,0,1,0,0,0,0,0,0,0,0,0,0,0,0,0,0,0,0,0,0,0,0,0,0,0,0,0,0,0,0,0,0,40.0555,-75.2057, , 
 ,67503,2013002431,6,67,67301,2012,12,3,28,0,3,1,1,7,2, , ,N,0,0,0,3,0,0,1,1,N,N,39 55:48.953,75 11:54.535,28, ,28,2,2,3,N, ,0,N, , , , ,752410, , , ,1,1,0,0,0,0,0,0,0,0,0,0,0,0,0,0,0,0,0,1,0,0,0,1,0,0,0,0,0,0,0,0,0,0,0,0,0,39.9303,-75.1985, , 
 ,67504,2013004042,6,67,67301,2012,12,4,715,7,1,1,0,4,1, , ,N,1,0,0,3,0,0,3,2,N,N,39 56:00.848,75 08:41.132,723, ,720, ,0, ,N, ,0, , , , , ,752426, , , ,2,2,0,0,0,0,0,0,0,0,0,0,0,0,0,0,0,0,0,0,0,0,0,0,0,0,0,0,0,0,0,0,0,0,0,0,0,39.9336,-75.1448, , 
 ,67505,2013006868,6,67,67301,2012,12,5,2050,20,3,2,1,2,1, , ,N,0,0,0,3,0,0,5,3,N,N,40 01:20.263,75 11:56.008,2100, ,2050,2,2,5,N, ,0,Y, , , , ,752427, , , ,3,3,0,0,0,0,0,0,0,0,0,0,0,0,0,0,0,0,0,0,1,0,0,0,0,0,0,0,0,0,0,0,0,0,0,0,0,40.0223,-75.1989, , 
 ,67506,2012113550,6,67,67301,2012,10,3,1657,16,1,2,1,5,1, , ,N,0,0,0,3,0,0,3,2,N,N,39 57:34.212,75 10:33.101,1710, ,1705,1,1,3,N, ,0,N, , , , ,752433, , , ,2,1,0,0,0,0,1,0,0,0,0,0,0,0,0,0,0,0,0,0,0,0,0,0,0,0,0,0,0,0,0,0,0,0,0,0,0,39.9595,-75.1759, , 
 ,67507,2012109708,6,67,67301,2012,10,7,1325,13,1,1,0,4,1, , ,N,1,0,0,3,0,1,6,4,N,N,40 00:29.073,75 06:19.709,1328, ,1326,3,2,6,N, ,0,Y, , , , ,752452, , , ,4,2,0,0,1,0,0,1,0,0,0,1,1,0,3,0,0,0,0,0,0,0,0,0,0,0,0,0,0,0,0,0,0,0,0,4,0,40.0081,-75.1055, , 
 ,67508,2012108596,6,67,67301,2012,10,2,1146,11,1,1,0,1,1, , ,N,0,0,0,3,0,0,4,2,N,N,39 54:47.813,75 08:54.470,1204, ,1152,1,1,2,N, ,0,N, , , , ,752470, , , ,2,1,0,0,0,0,1,0,0,0,0,0,0,0,0,0,0,0,0,0,2,0,0,0,0,0,0,0,0,0,0,0,0,0,0,0,0,39.9133,-75.1485, , 
 ,67509,2012111758,6,67,67301,2012,10,7,1443,14,1,1,0,4,1, , ,N,1,2,0,3,0,2,2,2,N,N,40 06:50.926,74 59:15.880,9999, ,1443,2,2,2,N, ,3,N, , , , ,752474, , , ,2,1,0,0,0,0,1,0,0,0,0,0,2,2,0,0,0,1,0,0,0,0,0,0,0,0,0,0,0,0,0,0,0,0,0,8,0,40.1143,-74.9879, , 
 ,67510,2012117330,6,67,67301,2012,10,2,1051,10,1,2,1,7,5, , ,N,0,0,0,3,0,1,1,1,N,N,39 58:53.148,75 07:03.013,1055, ,1053, ,0, , , ,0, , , , , ,752477, , , ,1,1,0,0,0,0,0,0,0,0,0,1,1,0,0,0,0,0,0,0,0,0,0,0,0,0,0,0,0,0,0,0,0,0,0,4,0,39.9803,-75.118, , 
 ,67511,2012096053,6,67,67301,2012,8,4,1640,16,1,1,0,8,1, , ,N,0,0,0,3,0,1,1,1,N,N,40 01:14.408,75 04:35.954,1648, ,1646, ,0, , , ,0, , , , , ,752485, , , ,1,1,0,0,0,0,0,0,0,0,0,1,1,0,0,0,0,0,0,0,0,0,0,0,0,0,0,0,0,0,0,0,1,0,0,4,0,40.0207,-75.0767, , 
 ,67512,2012104164,6,67,67301,2012,9,5,1800,18,1,1,0,8,1, , ,N,1,0,0,3,0,1,2,2,N,N,39 58:08.659,75 09:53.726,1150, ,1150, ,0, ,N, ,0, , , , , ,752492, , , ,1,0,0,0,0,0,0,0,0,0,1,0,1,0,1,0,0,0,0,0,0,0,0,0,0,0,0,0,0,0,0,0,1,0,0,3,0,39.9691,-75.1649, , 
 ,67513,2012104247,6,67,67301,2012,7,7,1516,15,1,1,0,8,1, , ,N,1,2,0,3,0,1,2,2,N,N,39 55:07.618,75 11:09.725,1611, ,1518, ,0, ,N, ,3, , , , , ,752493, , , ,1,0,0,0,0,0,0,0,0,0,0,0,1,1,0,0,0,0,0,0,0,0,0,0,0,0,0,0,0,0,0,0,1,0,0,8,0,39.9188,-75.186, , 
 ,67514,2012122397,6,67,67301,2012,11,5,1438,14,1,1,0,1,9, , ,N,0,0,0,3,0,1,4,2,N,N,40 01:26.218,75 09:34.674,1444, ,1440, ,0, , , ,0, , , , , ,752509, , , ,2,1,0,0,0,0,1,0,0,0,0,0,1,1,0,0,0,0,0,0,0,0,0,0,0,0,0,0,0,0,0,0,0,0,0,8,0,40.0239,-75.1596, , 
 ,67515,2012122346,6,67,67301,2012,11,5,1845,18,3,1,0,8,1, , ,N,1,2,0,3,0,1,2,2,N, ,39 55:11.966,75 13:22.049,1910, ,1845, ,0, , , ,3, , , , , ,752520, , , ,1,1,0,0,0,0,0,0,0,0,0,1,1,0,0,0,0,0,0,0,0,1,0,0,0,0,0,0,0,0,0,0,1,0,0,4,0,39.9199,-75.2228, , 
 ,67516,2013006713,6,67,67301,2012,12,6,20,0,3,1,0,1,6, , ,N,0,2,0,3,0,0,1,3,N,N,39 57:33.616,75 11:37.352,24, ,22, ,0, ,N, ,3, , , , , ,752534, , , ,3,3,0,0,0,0,0,0,0,0,0,0,0,0,0,0,0,0,0,0,0,0,0,1,0,0,0,0,0,0,0,0,0,0,0,0,0,39.9593,-75.1937, , 
 ,67517,2012128256,6,67,67301,2012,11,6,1841,18,3,1,0,4,1, , ,N,1,2,0,3,0,0,6,2,N,N,39 57:30.005,75 09:55.764,1851, ,1848, ,0, ,N, ,3, , , , , ,752538, , , ,2,1,0,0,0,0,1,0,0,0,0,0,0,0,0,0,0,0,0,0,0,0,0,0,0,0,0,0,0,0,0,0,0,0,0,0,0,39.9585,-75.1656, , 
 ,67518,2013006782,6,67,67301,2012,12,3,1610,16,1,1,0,4,1, , ,N,1,0,7,3,0,2,5,2,N,N,40 02:54.265,75 04:47.189,1612, ,1608, ,0, ,N, ,0, , , , , ,743270, , , ,2,2,0,0,0,0,0,0,0,0,0,1,2,1,0,0,0,0,1,0,0,0,0,1,0,0,0,0,0,0,0,0,0,0,0,4,0,40.0484,-75.0798, , 
 ,67519,2012122417,6,67,67301,2012,11,6,29,0,3,1,0,7,5, , ,N,0,0,0,3,0,1,1,1,N,N,39 54:40.239,75 14:34.011,56, ,51,2,1,2,N, ,0,N, , , , ,743283, , , ,1,0,0,0,1,0,0,0,0,0,0,1,1,0,0,0,0,0,0,0,0,0,0,0,0,0,0,0,0,0,0,0,0,0,0,4,0,39.9112,-75.2428, , 
 ,67520,2012128322,6,67,67301,2012,11,3,1145,11,1,2,1,4,1, , ,N,1,2,0,3,0,2,3,2,N,N,40 01:36.634,75 08:27.920,1100, ,1100, ,0, ,N, ,3, , , , , ,743300, , , ,2,2,0,0,0,0,0,0,0,0,1,1,2,0,0,0,0,0,0,0,0,0,0,0,0,0,0,0,0,0,0,0,0,0,0,3,0,40.0268,-75.1411, , 
Y,67521,2013015599,6,67,67301,2012,7,1,1857,18,1,1,0,7,2,1,4,Y,0,0,3,3,0,1,1,1,N,N,39 53:29.298,75 11:55.591,1909,55,1858,2,1,1,Y, ,0,N,N,N,N,N,743305,N,N,Y,1,0,1,0,0,0,0,0,0,0,0,0,1,1,0,0,0,0,0,0,0,0,0,0,0,0,0,0,0,0,0,0,0,0,0,8,0,39.8915,-75.1988, , 
 ,67522,2012104602,6,67,67301,2012,9,7,1226,12,1,1,0,4,1, , ,N,0,2,7,3,0,1,3,2,N,N,39 54:13.773,75 14:25.807,1231, ,1227,1,1,3,N, ,3,N, , , , ,743308, , , ,2,1,0,0,0,0,0,0,0,0,0,1,1,0,0,0,0,0,0,0,1,0,0,0,0,0,0,0,0,0,0,0,0,0,0,4,0,39.9038,-75.2405, , 
 ,67523,2012109725,6,67,67301,2012,10,2,215,2,3,1,1,4,1, , ,N,1,3,0,3,0,3,4,3,N, ,39 58:25.561,75 15:00.010,353, ,216, ,0, ,N, ,3, , , , , ,743313, , , ,3,3,0,0,0,0,0,0,0,0,0,0,0,0,3,0,0,0,0,0,0,0,0,3,0,0,0,0,0,0,0,0,0,0,0,9,0,39.9738,-75.25, , 
 ,67524,2012109767,6,67,67301,2012,10,7,2001,20,2,1,0,8,1, , ,N,1,0,0,3,0,2,4,2,N,N,40 00:16.916,75 08:51.169,2004, ,2002, ,0, ,N, ,0, , , , , ,743314, , , ,1,1,0,0,0,0,0,0,0,0,0,2,2,0,0,0,0,0,0,0,0,0,0,0,0,0,0,0,0,0,0,0,1,0,0,4,0,40.0047,-75.1475, , 
 ,67525,2012109784,6,67,67301,2012,10,5,1135,11,1,1,0,5,1, , ,N,0,0,0,3,0,2,2,2,N,N,39 56:06.774,75 11:55.770,1141, ,1140, ,0, ,N, ,0, , , , , ,743315, , , ,2,1,0,1,0,0,0,0,0,0,0,2,2,0,0,0,0,0,0,0,0,0,0,0,0,0,0,0,0,0,0,0,0,0,0,4,1,39.9352,-75.1988, , 
 ,67526,2013006828,6,67,67301,2012,12,7,5,0,3,1,0,4,1, , ,N,1,2,0,3,0,1,4,2,N,N,40 01:18.105,75 02:16.987,38, ,38, ,0, ,N, ,3, , , , , ,743338, , , ,2,1,0,0,0,0,1,0,0,0,0,1,1,0,1,0,0,0,0,0,0,0,0,0,0,0,0,0,0,0,0,0,0,0,0,4,0,40.0217,-75.0381, , 
 ,67527,2013012021,6,67,67301,2012,12,7,305,3,2,1,0,1,1, , ,N,1,2,0,3,0,1,2,2,N, ,39 54:26.735,75 11:24.922,315, ,311,2,1,1, , ,3,Y, , , , ,743356, , , ,2,0,0,0,1,1,0,0,0,0,0,1,1,0,0,0,0,0,0,0,0,0,0,0,0,0,0,0,0,0,0,0,0,0,0,4,1,39.9074,-75.1903, , 
 ,67528,2013015621,6,67,67301,2012,7,6,1522,15,1,1,0,7,5, , ,N,0,0,0,3,0,1,2,1,N,N,40 00:19.940,75 04:30.644,1539, ,1535,1,1,2,N, ,0,N, , , , ,743358, , , ,1,1,0,0,0,0,0,0,0,0,0,1,1,0,0,0,0,1,0,0,0,0,0,0,0,0,0,0,0,0,0,0,0,0,0,4,0,40.0055,-75.0753, , 
 ,67529,2012111723,6,67,67301,2012,10,1,250,2,3,1,0,5,1, , ,N,2,2,0,3,0,0,3,3,N,N,39 56:59.872,75 08:26.668,258, ,253, ,0, ,N, ,3, , , , , ,743373, , , ,3,2,0,0,0,0,1,0,0,0,0,0,0,0,1,0,0,0,0,0,0,0,0,0,0,0,0,0,0,0,0,0,0,0,0,9,0,39.95,-75.1407, , 
 ,67530,2012125566,6,67,67301,2012,11,2,925,9,1,1,0,4,1, , ,N,1,3,0,3,0,1,6,2,N, ,39 58:49.116,75 08:46.737,932, ,930, ,0, , , ,3, , , , , ,743390, , , ,2,0,0,1,0,0,1,0,0,0,0,1,1,0,3,0,0,0,0,0,1,0,0,1,0,0,0,0,0,0,0,0,0,0,0,4,1,39.9803,-75.1463, , 
 ,67531,2012128260,6,67,67301,2012,11,7,248,2,3,1,0,1,1, , ,N,1,2,0,3,0,0,2,2,N, ,40 03:54.789,75 10:05.158,250, ,248,3,2,7, , ,3,Y, , , , ,743414, , , ,2,1,1,0,0,0,0,0,0,0,0,0,0,0,1,0,0,0,0,0,0,0,0,0,0,0,0,0,0,0,0,0,0,0,0,9,0,40.0652,-75.1681, , 
 ,67532,2013013190,6,67,67301,2012,12,6,1712,17,3,1,0,8,1, , ,N,0,0,0,3,0,1,2,2,N,N,40 02:08.167,75 10:28.028,1720, ,1714,1,1,1, , ,0,Y, , , , ,743444, , , ,1,0,0,0,0,0,0,1,0,0,0,1,1,0,0,0,0,0,0,0,0,0,0,0,0,0,0,0,0,0,0,0,1,0,0,4,0,40.0356,-75.1745, , 
 ,67533,2012128291,6,67,67301,2012,11,2,1715,17,3,1,0,4,1, , ,N,1,3,0,3,0,2,2,2,N,N,40 03:22.744,75 10:10.433,1725, ,1717, ,0, ,N, ,3, , , , , ,743493, , , ,2,2,0,0,0,0,0,0,0,0,0,0,2,2,0,0,0,0,0,0,0,0,0,0,0,0,0,0,0,0,0,0,0,0,0,8,0,40.0563,-75.1696, , 
 ,67534,2013006087,6,67,67301,2012,12,3,1625,16,4,1,0,7,4, , ,N,2,3,0,3,0,1,1,1,N,N,40 04:29.773,74 59:02.727,1635, ,1630, ,0, ,N, ,3, , , , , ,743507, , , ,1,1,0,0,0,0,0,0,0,1,0,0,1,0,0,0,0,0,1,0,0,0,0,0,0,0,0,1,0,0,0,0,0,0,0,2,0,40.0749,-74.9841, , 
 ,67535,2013012121,6,67,67301,2012,12,7,2329,23,3,1,1,4,1, , ,N,1,2,0,3,0,1,4,2,N,N,40 00:02.702,75 08:36.116,2329, ,2329, ,0, ,N, ,3, , , , , ,743508, , , ,2,0,0,0,1,0,0,1,0,0,0,0,1,1,1,0,0,0,0,0,1,0,0,0,0,0,0,0,0,0,0,0,0,0,0,8,0,40.0008,-75.1434, , 
 ,67536,2012123341,6,67,67301,2012,11,7,1854,18,3,1,0,4,1, , ,N,2,0,0,3,0,1,2,2,N,N,40 01:13.039,75 09:46.119,1859, ,1858, ,0, ,N, ,0, , , , , ,746578, , , ,2,2,0,0,0,0,0,0,0,0,0,0,1,1,0,0,0,1,0,0,0,0,0,0,0,0,0,0,0,0,0,0,0,0,0,8,0,40.0203,-75.1628, , 
 ,67537,2012109765,6,67,67301,2012,10,3,1032,10,1,2,1,4,1, , ,N,3,0,0,3,0,1,2,2,N, ,40 00:52.221,75 12:20.385,1045, ,1036, ,0, , , ,0, , , , , ,746600, , , ,1,0,1,0,0,0,0,0,1,0,0,0,1,1,1,0,0,0,0,0,0,0,0,0,0,0,0,0,0,0,0,0,0,0,0,8,0,40.0147,-75.2058, , 
 ,67538,2012110791,6,67,67301,2012,10,1,740,7,3,2,1,8,1, , ,N,2,2,0,3,0,1,2,2,N, ,40 04:07.379,75 04:02.423,1948, ,1948, ,0, , , ,3, , , , , ,746602, , , ,1,1,0,0,0,0,0,0,0,0,0,0,1,1,0,0,0,0,0,0,0,0,0,0,0,0,0,0,0,0,0,0,1,0,0,8,0,40.0687,-75.0673, , 
 ,67539,2012112630,6,67,67301,2012,10,2,1315,13,1,2,1,4,1, , ,N,1,2,1,3,0,4,4,2,N, ,39 57:27.359,75 09:31.193,1319, ,1315,1,1,3, , ,3,Y, , , , ,746604, , , ,2,0,0,0,0,0,2,0,0,0,0,4,4,0,0,0,0,0,0,0,0,0,0,2,0,0,0,0,0,0,0,0,0,0,0,4,0,39.9576,-75.1586, , 
 ,67540,2012128267,6,67,67301,2012,11,5,2000,20,3,1,0,4,1, , ,N,1,3,0,3,0,1,1,2,N,N,39 58:05.188,75 14:22.246,2010, ,2004, ,0, ,N, ,3, , , , , ,746619, , , ,1,1,0,0,0,0,0,0,0,0,0,1,1,0,0,0,0,0,0,0,1,0,0,0,0,0,0,0,0,0,0,0,0,0,0,4,0,39.9681,-75.2395, , 
 ,67541,2013006741,6,67,67301,2012,12,6,1130,11,1,2,1,4,1, , ,N,1,3,0,3,0,1,4,2,N, ,39 57:57.913,75 14:09.124,1218, ,1215, ,0, , , ,3, , , , , ,746648, , , ,2,1,0,1,0,0,0,0,0,0,0,0,1,1,0,0,0,0,0,0,0,0,1,0,0,0,0,0,0,0,0,0,0,0,0,8,1,39.9661,-75.2359, , 
 ,67542,2012121982,6,67,67301,2012,11,1,425,4,3,1,0,1,1, , ,N,0,0,3,3,0,1,5,2,N,N,39 56:32.911,75 11:37.093,435, ,429,1,2,3,N, ,0,N, , , , ,746653, , , ,2,2,0,0,0,0,0,0,0,0,0,1,1,0,0,0,0,1,0,0,0,0,0,2,0,0,0,0,0,0,0,0,0,0,0,4,0,39.9411,-75.195, , 
 ,67543,2012129832,6,67,67301,2012,12,5,702,7,5,1,0,1,1, , ,N,0,0,0,3,0,0,3,3,N,N,39 58:45.825,75 12:14.903,721, ,707,2,1,3,N, ,0,N, , , , ,746655, , , ,3,3,0,0,0,0,0,0,0,0,0,0,0,0,0,0,0,0,0,0,0,0,0,0,0,0,0,0,0,0,0,0,0,0,0,0,0,39.9794,-75.2041, , 
 ,67544,2013003667,6,67,67301,2012,12,1,1601,16,1,2,1,7,2, , ,N,0,0,2,3,0,1,4,1,N,N,40 01:25.708,75 01:51.860,1620, ,1618, ,0, ,N, ,0, , , , , ,746661, , , ,1,1,0,0,0,0,0,0,0,0,0,1,1,0,0,0,0,0,0,0,0,0,0,0,0,0,0,0,0,0,0,0,0,0,0,4,0,40.0238,-75.0311, , 
 ,67545,2013006784,6,67,67301,2012,12,5,2307,23,3,2,1,4,1, , ,N,2,3,0,3,0,3,3,3,N,N,39 56:42.381,75 14:46.762,2339, ,2308, ,0, ,N, ,3, , , , , ,746662, , , ,3,3,0,0,0,0,0,0,0,0,0,3,3,0,0,0,0,1,0,0,0,0,0,0,0,0,0,0,0,0,0,0,0,0,0,4,0,39.9451,-75.2463, , 
 ,67546,2012109834,6,67,67301,2012,10,7,2255,22,3,1,0,1,1, , ,N,0,0,0,3,0,1,1,5,N,N,39 56:11.667,75 10:13.345,2255, ,2255,1,2,1,N, ,0,Y, , , , ,746670, , , ,5,4,0,0,0,0,1,0,0,0,0,1,1,0,0,0,0,0,0,0,0,0,0,0,0,0,0,0,0,0,0,0,0,0,0,4,0,39.9366,-75.1704, , 
 ,67547,2012109816,6,67,67301,2012,10,4,400,4,3,2,1,2,2, , ,N,0,0,0,3,0,0,1,3,N,N,40 04:16.222,74 59:11.263,411, ,405, ,0, ,N, ,0, , , , , ,746686, , , ,4,3,0,0,0,0,1,0,0,0,0,0,0,0,1,0,0,0,0,0,0,0,0,0,0,0,0,0,0,0,0,0,0,0,0,9,0,40.0712,-74.9865, , 
 ,67548,2012128203,6,67,67301,2012,9,2,845,8,1,1,1,4,1, , ,N,2,0,0,3,0,3,5,2,N, ,39 59:46.647,75 11:07.346,855, ,848, ,0, , , ,0, , , , , ,746705, , , ,2,1,0,1,0,0,0,0,0,0,1,2,3,0,0,0,0,0,0,0,2,0,0,0,0,0,0,0,0,0,0,0,0,0,0,3,0,39.9963,-75.1854, , 
 ,67549,2012132765,6,67,67301,2012,12,1,707,7,1,1,0,7,4, , ,N,0,0,0,3,0,0,1,1,N,N,39 59:51.274,75 11:45.807,717, ,710, ,0, ,N, ,0, , , , , ,746710, , , ,1,1,0,0,0,0,0,0,0,0,0,0,0,0,0,0,0,0,0,0,0,0,0,0,0,0,0,0,0,0,0,0,0,0,0,0,0,39.9976,-75.1961, , 
 ,67550,2012114376,6,67,67301,2012,10,2,344,3,3,1,0,1,1, , ,N,1,2,0,3,0,1,3,2,N,N,39 56:04.801,75 13:38.064,343, ,343, ,0, ,N, ,3, , , , , ,746733, , , ,2,2,0,0,0,0,0,0,0,0,1,0,1,0,0,0,0,0,0,0,0,0,0,1,0,0,0,0,0,0,0,0,0,0,0,3,0,39.9346,-75.2273, , 
 ,67551,2012121984,6,67,67301,2012,12,2,2029,20,3,1,0,1,1, , ,N,0,0,0,3,0,0,2,2,N,N,39 58:35.404,75 11:47.201,2042, ,2032, ,0, ,N, ,0, , , , , ,746738, , , ,2,2,0,0,0,0,0,0,0,0,0,0,0,0,0,0,0,0,0,0,0,0,0,0,0,0,0,0,0,0,0,0,0,0,0,0,0,39.9765,-75.1964, , 
 ,67552,2012122468,6,67,67301,2012,11,5,1553,15,1,1,0,8,1, , ,N,1,2,0,3,0,1,2,2,Y,N,39 56:45.045,75 10:29.351,1630, ,1625, ,0, ,N, ,3, , , , , ,746749, , , ,1,0,0,1,0,0,0,0,0,0,1,0,1,0,0,0,0,0,0,0,0,0,0,0,0,0,0,0,0,0,0,0,1,0,0,3,0,39.9458,-75.1748, , 
 ,67553,2012122475,6,67,67301,2012,11,6,800,8,1,1,0,4,1, , ,N,1,3,0,3,0,1,2,2,N,N,40 04:03.791,75 10:58.816,815, ,804, ,0, ,N, ,3, , , , , ,746750, , , ,2,1,0,0,0,0,1,0,0,0,0,1,1,0,0,0,0,0,0,0,1,0,1,0,0,0,0,0,0,0,0,0,0,0,0,4,0,40.0677,-75.183, , 
 ,67554,2012128164,6,67,67301,2012,11,3,1130,11,1,1,0,4,1, , ,N,1,2,0,3,0,1,2,2,N,Y,39 57:44.547,75 09:41.289,1145, ,1145, ,0, ,N, ,3, , , , , ,749546, , , ,2,2,0,0,0,0,0,0,0,0,0,0,1,1,1,0,0,0,0,0,0,0,0,0,0,0,0,0,0,0,0,0,0,0,0,8,0,39.9621,-75.1614, , 
 ,67555,2012128180,6,67,67301,2012,11,3,1100,11,1,1,0,6,1, , ,N,0,0,0,3,0,2,3,2,N,N,40 04:20.354,75 09:29.004,1130, ,1113, ,0, , , ,0, , , , , ,749547, , , ,2,1,0,0,0,0,1,0,0,0,0,2,2,0,0,0,0,0,0,0,0,1,0,0,0,0,0,0,0,0,0,0,0,0,0,4,0,40.0723,-75.1581, , 
 ,67556,2012129840,6,67,67301,2012,12,1,1750,17,3,1,0,0,1, , ,N,0,0,0,3,0,1,1,1,N,N,39 57:49.697,75 11:03.101,1803, ,1754,1,1,4,N, ,0,N, , , , ,749551, , , ,1,0,1,0,0,0,0,0,0,0,0,1,1,0,0,0,0,0,0,0,0,0,0,0,0,0,0,0,0,0,0,0,0,0,0,4,0,39.9638,-75.1842, , 
 ,67557,2013003669,6,67,67301,2012,12,2,855,8,1,1,1,1,1, , ,N,0,0,1,3,0,2,2,2,N,N,40 01:12.224,75 09:03.103,900, ,857,1,1,2,N, ,0,N, , , , ,749559, , , ,2,2,0,0,0,0,0,0,0,0,0,2,2,0,0,0,0,0,0,0,0,0,0,0,0,0,0,0,0,0,0,0,0,0,0,4,0,40.0201,-75.1509, , 
 ,67558,2013004433,6,67,67301,2012,12,7,1224,12,1,1,0,7,5, , ,N,0,0,0,3,0,0,1,1,N,N,39 57:40.650,75 10:30.888,1228, ,1225, ,0, ,N, ,0, , , , , ,749560, , , ,1,1,0,0,0,0,0,0,0,0,0,0,0,0,0,0,0,0,0,0,1,0,0,0,0,0,0,0,0,0,0,0,0,0,0,0,0,39.9613,-75.1752, , 
 ,67559,2012120077,6,67,67301,2012,11,5,1826,18,3,1,0,8,1, , ,N,2,3,0,3,0,1,4,2,N,N,40 03:16.837,75 05:16.119,1833, ,1827,2,2,6,N, ,3,Y, , , , ,749584, , , ,1,1,0,0,0,0,0,0,0,0,1,0,1,0,0,0,0,0,0,0,0,0,0,0,0,0,0,0,0,0,0,0,1,0,0,3,0,40.0547,-75.0878, , 
 ,67560,2012123470,6,67,67301,2012,12,5,701,7,1,1,0,1,1, , ,N,0,0,0,3,0,1,3,2,N,N,40 00:17.694,75 11:46.051,712, ,705, ,0, ,N, ,0, , , , , ,749587, , , ,2,2,0,0,0,0,0,0,0,0,0,1,1,0,0,0,0,0,0,0,0,0,1,0,0,0,0,0,0,0,0,0,0,0,0,4,0,40.0049,-75.1961, , 
 ,67561,2012128320,6,67,67301,2012,11,4,730,7,1,1,0,4,1, , ,N,1,0,0,3,0,0,2,2,N, ,40 01:56.132,75 03:27.626,925, ,730, ,0, , , ,0, , , , , ,749594, , , ,2,2,0,0,0,0,0,0,0,0,0,0,0,0,1,0,0,0,0,0,1,0,0,0,0,0,0,0,0,0,0,0,0,0,0,9,0,40.0323,-75.0577, , 
 ,67562,2013004026,6,67,67301,2012,12,7,1207,12,1,1,0,4,1, , ,N,1,2,0,3,0,0,2,2,N, ,39 59:06.280,75 14:50.490,1420, ,1420, ,0, , , ,3, , , , , ,749596, , , ,2,1,0,0,0,0,1,0,0,0,0,0,0,0,1,0,0,0,0,0,1,0,0,0,0,0,0,0,0,0,0,0,0,0,0,9,0,39.9851,-75.2474, , 
 ,67563,2012116239,6,67,67301,2012,8,6,1530,15,1,1,0,1,1, , ,N,1,2,0,3,0,1,4,2,N,N,39 58:30.545,75 11:17.083,0, ,0, ,0, ,N, ,9, , , , , ,749609, , , ,2,2,0,0,0,0,0,0,0,0,1,0,1,0,3,0,0,0,0,0,0,0,1,0,0,0,0,0,0,0,0,0,0,0,0,3,0,39.9752,-75.1882, , 
 ,67564,2012120049,6,67,67301,2012,10,6,1046,10,1,1,0,4,1, , ,N,1,3,0,3,0,1,2,2,N,N,39 58:05.710,75 13:07.629,1103, ,1059, ,0, ,N, ,3, , , , , ,749614, , , ,2,1,0,0,0,0,1,0,0,0,0,0,1,1,0,0,0,1,0,0,1,0,0,0,0,0,0,0,0,0,0,0,0,0,0,8,0,39.9683,-75.2188, , 
 ,67565,2012104039,6,67,67301,2012,9,1,2310,23,3,1,0,1,1, , ,N,1,2,0,3,0,1,4,4,N,N,40 04:22.410,75 04:33.193,2345, ,2340, ,0, ,N, ,3, , , , , ,749615, , , ,4,2,0,0,0,0,1,1,0,0,0,0,1,1,0,0,0,0,0,0,0,0,0,0,0,0,0,0,0,0,0,0,0,0,0,8,0,40.0729,-75.0759, , 