wz_ln_closure,objectid_1,crn,district,county,municipality,crash_year,crash_month,day_of_week,time_of_day,hour_of_day,illumination,weather,road_condition,collision_type,relation_to_road,work_zone_type,work_zone_loc,work_zone_ind,intersect_type,tcd_type,location_type,urban_rural,fatal_count,injury_count,person_count,total_units,sch_bus_ind,sch_zone_ind,latitude,longitude,arrival_tm,cons_zone_spd_lim,dispatch_tm,est_hrs_closed,lane_closed,ln_close_dir,ntfy_hiwy_maint,spec_juris_cd,tcd_func_cd,tfc_detour_ind,workers_pres,wz_close_detour,wz_flagger,wz_law_offcr_ind,objectid,wz_moving,wz_other,wz_shlder_mdn,vehicle_count,automobile_count,motorcycle_count,bus_count,small_truck_count,heavy_truck_count,suv_count,van_count,bicycle_count,maj_inj_count,mod_inj_count,min_inj_count,tot_inj_count,unk_inj_deg_count,unk_inj_per_count,driver_count_16yr,driver_count_17yr,driver_count_18yr,driver_count_19yr,driver_count_20yr,driver_count_50_64yr,driver_count_65_74yr,driver_count_75plus,unbelted_occ_count,unb_death_count,unb_maj_inj_count,belted_death_count,belted_maj_inj_count,mcycle_death_count,mcycle_maj_inj_count,bicycle_death_count,bicycle_maj_inj_count,ped_count,ped_death_count,ped_maj_inj_count,max_severity_level,comm_veh_count,dec_lat,dec_long,rdwy_surf_type_cd,county_name
 ,67765,2013004038,6,67,67301,2012,11,4,1934,19,3,1,0,8,1, , ,N,0,0,0,3,0,1,2,2,N,N,40 00:56.923,75 04:19.279,1939, ,1935,9,2,2,N, ,0,Y, , , , ,747251, , , ,1,0,0,0,0,0,0,1,0,0,1,0,1,0,0,0,0,0,0,0,0,0,0,0,0,0,0,0,0,0,0,0,1,0,0,3,0,40.0158,-75.072, , 
 ,67766,2013006750,6,67,67301,2012,12,7,312,3,3,1,0,4,1, , ,N,1,2,0,3,0,0,1,3,N, ,40 04:28.988,75 10:29.045,317, ,312, ,0, , , ,3, , , , , ,747253, , , ,3,2,0,0,0,0,0,1,0,0,0,0,0,0,0,0,0,0,0,0,0,0,0,0,0,0,0,0,0,0,0,0,0,0,0,0,0,40.0747,-75.1747, , 
 ,67767,2012101035,6,67,67301,2012,9,2,2129,21,3,1,0,1,1, , ,N,1,2,0,3,0,1,2,2,N,N,40 01:43.284,75 07:03.795,2358, ,2346, ,0, ,N, ,3, , , , , ,747258, , , ,2,2,0,0,0,0,0,0,0,0,0,1,1,0,0,0,0,0,0,0,0,0,0,0,0,0,0,0,0,0,0,0,0,0,0,4,0,40.0287,-75.1177, , 
 ,67768,2012108602,6,67,67301,2012,10,6,1843,18,3,2,1,1,1, , ,N,0,0,0,3,0,1,5,3,N,N,39 58:55.734,75 06:03.564,1853, ,1844, ,0, ,N, ,0, , , , , ,747266, , , ,3,2,0,0,0,0,1,0,0,0,0,1,1,0,0,0,0,0,0,1,0,0,0,0,0,0,0,0,0,0,0,0,0,0,0,4,0,39.9822,-75.101, , 
 ,67769,2012109404,6,67,67301,2012,10,1,2150,21,3,2,1,7,2, , ,N,6,0,2,3,0,1,1,1,N,N,39 57:06.095,75 08:29.301,2158, ,2153,1,2,2,N, ,0,N, , , , ,747267, , , ,1,1,0,0,0,0,0,0,0,0,0,1,1,0,0,0,0,0,0,0,1,0,0,0,0,0,0,0,0,0,0,0,0,0,0,4,0,39.9517,-75.1415, , 
 ,67770,2012109823,6,67,67301,2012,10,3,1027,10,1,2,1,2,1, , ,N,0,0,1,3,0,3,4,3,N, ,39 59:41.139,75 11:32.044,1029, ,1029,2,2,5, , ,0,Y, , , , ,747268, , , ,3,2,0,0,0,0,1,0,0,0,0,1,3,2,0,0,0,0,0,0,2,0,0,0,0,0,0,0,0,0,0,0,0,0,0,4,0,39.9948,-75.1922, , 
 ,67771,2012109896,6,67,67301,2012,10,4,2000,20,6,9,8,7,5, , ,N,0,0,0,3,0,0,1,1,N,N,40 01:01.419,75 07:42.128,1530, ,1530, ,0, ,N, ,0, , , , , ,747269, , , ,1,1,0,0,0,0,0,0,0,0,0,0,0,0,1,0,0,0,0,0,0,0,0,0,0,0,0,0,0,0,0,0,0,0,0,9,0,40.0171,-75.1284, , 
 ,67772,2012129968,6,67,67301,2012,11,3,1957,19,3,1,0,2,1, , ,N,3,0,2,3,0,1,2,2,N,N,40 00:25.873,75 04:06.695,2010, ,1957,1,1,3,N, ,0,N, , , , ,750176, , , ,2,2,0,0,0,0,0,0,0,0,0,1,1,0,0,0,0,0,0,0,0,1,0,0,0,0,0,0,0,0,0,0,0,0,0,4,0,40.007,-75.0685, , 
 ,67773,2013004391,6,67,67301,2012,12,4,800,8,1,1,0,4,1, , ,N,1,2,0,3,0,0,3,2,N,N,39 58:44.043,75 09:34.387,804, ,803, ,0, ,N, ,3, , , , , ,750184, , , ,2,2,0,0,0,0,0,0,0,0,0,0,0,0,0,0,0,0,0,0,0,0,0,0,0,0,0,0,0,0,0,0,0,0,0,0,0,39.9789,-75.1594, , 
 ,67774,2013004426,6,67,67301,2012,12,4,215,2,3,1,1,1,1, , ,N,1,0,0,3,0,0,2,2,N,N,39 56:00.337,75 13:23.656,229, ,221, ,0, ,N, ,0, , , , , ,750185, , , ,2,2,0,0,0,0,0,0,0,0,0,0,0,0,1,0,0,0,0,0,0,0,0,0,0,0,0,0,0,0,0,0,0,0,0,9,0,39.9334,-75.2232, , 
 ,67775,2013007250,6,67,67301,2012,12,6,1824,18,3,1,0,5,6, , ,N,0,0,0,3,0,0,1,2,N,N,39 57:44.709,75 12:27.716,1843, ,1842, ,0, ,N, ,0, , , , , ,750187, , , ,2,2,0,0,0,0,0,0,0,0,0,0,0,0,0,0,0,0,0,0,0,0,0,1,0,0,0,0,0,0,0,0,0,0,0,0,0,39.9624,-75.2077, , 
 ,67776,2012128244,6,67,67301,2012,11,1,1011,10,1,1,0,1,1, , ,N,0,0,0,3,0,1,3,2,N, ,40 02:03.001,75 07:45.105,1015, ,1013, ,0, , , ,0, , , , , ,750189, , , ,2,2,0,0,0,0,0,0,0,0,0,1,1,0,0,0,0,0,0,0,1,0,0,1,0,0,0,0,0,0,0,0,0,0,0,4,0,40.0342,-75.1292, , 
 ,67777,2013012103,6,67,67301,2012,12,2,2000,20,3,4,1,8,1, , ,N,1,2,0,3,0,1,2,2,N,N,39 55:18.249,75 13:29.902,2003, ,9999, ,0, ,N, ,3, , , , , ,750196, , , ,1,0,0,1,0,0,0,0,0,0,1,0,1,0,0,0,0,0,0,0,0,0,0,0,0,0,0,0,0,0,0,0,1,0,0,3,1,39.9217,-75.225, , 
 ,67778,2012117208,6,67,67301,2012,10,4,1312,13,1,1,0,1,1, , ,N,0,0,0,3,0,1,5,2,N, ,39 55:25.039,75 09:34.761,1316, ,1313, ,0, , , ,0, , , , , ,750200, , , ,2,1,0,0,0,0,1,0,0,0,0,1,1,0,0,0,0,0,0,0,1,0,0,0,0,0,0,0,0,0,0,0,0,0,0,4,0,39.9236,-75.1597, , 
 ,67779,2012111646,6,67,67301,2012,10,2,1126,11,1,2,1,4,1, , ,N,0,0,0,3,0,3,3,2,N,N,40 02:07.404,75 04:52.874,1136, ,1130, ,0, , , ,0, , , , , ,750237, , , ,2,2,0,0,0,0,0,0,0,0,0,3,3,0,0,0,0,0,0,0,0,0,0,0,0,0,0,0,0,0,0,0,0,0,0,4,0,40.0354,-75.0814, , 
 ,67780,2012120032,6,67,67301,2012,10,4,727,7,1,2,1,1,1, , ,N,0,0,0,3,0,0,2,2,N,N,40 05:56.018,75 01:12.716,748, ,745,1,1,4,N, ,0,N, , , , ,750244, , , ,2,2,0,0,0,0,0,0,0,0,0,0,0,0,0,0,0,0,0,0,1,0,0,0,0,0,0,0,0,0,0,0,0,0,0,0,0,40.0989,-75.0202, , 
 ,67781,2012120109,6,67,67301,2012,11,5,547,5,3,1,0,4,1, , ,N,1,2,0,3,0,0,2,2,N, ,39 58:12.616,75 09:34.731,556, ,550, ,0, , , ,3, , , , , ,750245, , , ,2,1,1,0,0,0,0,0,0,0,0,1,1,0,0,0,0,0,0,0,1,0,0,0,0,0,0,0,0,0,0,0,0,0,0,4,0,39.9702,-75.1596, , 
 ,67782,2013007235,6,67,67301,2012,11,1,205,2,3,1,0,1,1, , ,N,0,2,0,3,0,1,3,3,N, ,40 03:36.150,74 59:27.748,210, ,205,3,1,1, , ,3,Y, , , , ,750256, , , ,3,3,0,0,0,0,0,0,0,0,0,0,1,1,1,0,0,0,0,1,0,0,0,0,0,0,0,0,0,0,0,0,0,0,0,8,0,40.06,-74.991, , 
 ,67783,2012109686,6,67,67301,2012,9,1,305,3,3,1,0,1,1, , ,N,1,2,0,3,0,0,2,2,N, ,39 59:00.775,75 06:56.157,425, ,425, ,0, , , ,3, , , , , ,750263, , , ,2,1,0,0,0,0,0,1,0,0,0,0,0,0,0,0,0,0,0,0,0,0,0,0,0,0,0,0,0,0,0,0,0,0,0,0,0,39.9835,-75.1156, , 
 ,67784,2012128171,6,67,67301,2012,11,3,1153,11,1,2,1,4,1, , ,N,0,0,0,3,0,1,3,2,N,N,40 03:41.326,75 03:06.446,1159, ,1154,1,1,2,N, ,0,N, , , , ,750282, , , ,2,1,0,0,0,0,1,0,0,0,0,1,1,0,0,0,0,0,0,0,0,0,1,0,0,0,0,0,0,0,0,0,0,0,0,4,0,40.0615,-75.0518, , 
 ,67785,2012104024,6,67,67301,2012,9,4,1220,12,1,1,0,4,1, , ,N,1,2,0,3,0,1,2,2,N,N,39 58:53.796,75 08:40.041,1240, ,1227, ,0, ,N, ,3, , , , , ,750305, , , ,2,2,0,0,0,0,0,0,0,0,0,1,1,0,1,0,0,0,0,0,0,0,0,0,0,0,0,0,0,0,0,0,0,0,0,4,0,39.9816,-75.1445, , 
 ,67786,2012104190,6,67,67301,2012,8,2,1812,18,1,1,0,8,1, , ,N,0,0,0,3,0,1,2,2,N,N,40 01:10.056,75 03:05.446,1835, ,1831, ,0, ,N, ,0, , , , , ,750306, , , ,1,0,0,0,0,0,1,0,0,0,1,0,1,0,0,0,0,0,0,0,0,0,0,0,0,0,0,0,0,0,0,0,1,0,0,3,0,40.0195,-75.0515, , 
 ,67787,2012104291,6,67,67301,2012,9,1,224,2,3,2,1,7,5, , ,N,1,2,0,3,0,0,2,1,N,N,39 56:22.379,75 11:53.331,229, ,227, ,0, ,N, ,3, , , , , ,750307, , , ,1,0,0,0,0,0,1,0,0,0,0,0,0,0,0,0,0,0,1,0,0,0,0,0,0,0,0,0,0,0,0,0,0,0,0,0,0,39.9396,-75.1982, , 
 ,67788,2012114881,6,67,67301,2012,10,2,1530,15,1,1,0,8,1, , ,N,0,0,0,3,0,1,3,2,N,N,39 56:59.503,75 12:34.012,1538, ,1533, ,0, ,N, ,0, , , , , ,750315, , , ,1,1,0,0,0,0,0,0,0,0,0,1,1,0,0,0,0,0,0,0,0,0,0,0,0,0,0,0,0,0,0,0,2,0,0,4,0,39.9499,-75.2094, , 
 ,67789,2013012039,6,67,67301,2012,12,6,9999,99,3,1,0,4,1, , ,N,2,3,0,3,0,5,5,2,N,N,40 00:25.117,75 06:32.446,1118, ,1115, ,0, , , ,3, , , , , ,750338, , , ,2,2,0,0,0,0,0,0,0,0,1,0,5,4,0,0,0,0,0,0,0,0,0,1,0,0,0,0,0,0,0,0,0,0,0,3,0,40.007,-75.109, , 
 ,67790,2013015617,6,67,67301,2012,7,4,2229,22,3,1,0,7,2, , ,N,0,0,0,3,0,1,1,1,N,N,39 58:50.973,75 12:22.805,2232, ,2231,1,2,3,N, ,0,N, , , , ,750340, , , ,1,1,0,0,0,0,0,0,0,0,0,1,1,0,0,0,0,0,0,0,0,0,0,0,0,0,0,0,0,0,0,0,0,0,0,4,0,39.9808,-75.2063, , 
 ,67791,2012122210,6,67,67301,2012,12,2,1802,18,3,1,0,1,1, , ,N,0,0,0,3,0,2,3,2,N,N,39 57:27.257,75 09:02.684,1809, ,1806, ,0, ,N, ,0, , , , , ,753389, , , ,2,2,0,0,0,0,0,0,0,0,0,2,2,0,0,0,0,0,0,0,0,0,0,0,0,0,0,0,0,0,0,0,0,0,0,4,0,39.9576,-75.1507, , 
 ,67792,2013003849,6,67,67301,2012,12,2,1740,17,3,1,0,8,1, , ,N,1,2,0,3,0,1,2,2,N,N,40 02:34.384,75 08:38.046,1745, ,1745, ,0, ,N, ,3, , , , , ,753401, , , ,1,1,0,0,0,0,0,0,0,0,0,1,1,0,0,0,0,0,0,0,0,1,0,0,0,0,0,0,0,0,0,0,1,0,0,4,0,40.0429,-75.1438, , 
 ,67793,2013006717,6,67,67301,2012,12,5,1610,16,1,1,0,7,5, , ,N,0,0,0,3,0,1,1,1,N,N,39 58:21.187,75 09:13.615,1620, ,1614, ,0, ,N, ,0, , , , , ,753404, , , ,1,1,0,0,0,0,0,0,0,0,0,0,1,1,0,0,0,0,1,0,0,0,0,0,0,0,0,0,0,0,0,0,0,0,0,8,0,39.9726,-75.1538, , 
 ,67794,2013020009,6,67,67301,2012,12,6,1115,11,1,1,0,1,1, , ,N,0,0,0,3,0,1,9,2,N,N,39 57:33.162,75 10:21.016,0, ,0, ,0, ,N, ,0, , , , , ,753408, , , ,2,0,0,0,0,0,0,1,0,0,0,0,1,1,0,0,0,0,0,0,0,0,0,0,0,0,0,0,0,0,0,0,0,0,0,8,0,39.9592,-75.1725, , 
 ,67795,2012109755,6,67,67301,2012,10,3,1258,12,1,1,0,5,1, , ,N,0,0,0,3,0,1,2,2,N,N,39 54:30.901,75 14:30.997,1306, ,1302,2,1,2,N, ,0,N, , , , ,753415, , , ,2,1,0,0,0,0,0,1,0,0,0,1,1,0,0,0,0,0,0,0,0,0,0,0,0,0,0,0,0,0,0,0,0,0,0,4,0,39.9086,-75.2419, , 
 ,67796,2013007249,6,67,67301,2012,12,5,2054,20,3,2,1,4,1, , ,N,2,2,0,3,0,1,2,2,N,N,40 04:26.076,75 05:05.049,2335, ,2330, ,0, ,N, ,3, , , , , ,753467, , , ,2,1,0,0,0,0,1,0,0,0,0,1,1,0,0,0,0,0,0,0,2,0,0,0,0,0,0,0,0,0,0,0,0,0,0,4,0,40.0739,-75.0847, , 
 ,67797,2013003818,6,67,67301,2012,11,6,1242,12,1,1,0,8,1, , ,N,1,3,0,3,0,1,2,2,N,N,40 03:34.120,75 03:19.313,1335, ,1335, ,0, ,N, ,3, , , , , ,753480, , , ,1,1,0,0,0,0,0,0,0,0,0,1,1,0,0,0,0,0,0,0,0,0,1,0,0,0,0,0,0,0,0,0,1,0,0,4,0,40.0595,-75.0554, , 
 ,67798,2012085163,6,67,67301,2012,8,4,135,1,3,2,1,7,4, , ,N,0,0,0,3,0,0,1,1,N,N,39 56:42.202,75 11:27.541,146, ,138,1,2,3,N, ,0,Y, , , , ,753511, , , ,1,1,0,0,0,0,0,0,0,0,0,0,0,0,0,0,0,0,0,0,0,0,0,0,0,0,0,0,0,0,0,0,0,0,0,0,0,39.9451,-75.191, , 
 ,67799,2012104198,6,67,67301,2012,9,7,310,3,3,1,0,4,1, , ,N,0,0,0,3,0,0,0,2,N,N,39 56:31.693,75 09:14.227,310, ,314,3,1,1,N, ,0,N, , , , ,753523, , , ,2,2,0,0,0,0,0,0,0,0,0,0,0,0,0,0,0,0,0,0,0,0,0,0,0,0,0,0,0,0,0,0,0,0,0,9,0,39.9421,-75.154, , 
 ,67800,2012130687,6,67,67301,2012,12,2,2332,23,3,2,1,7,2, , ,N,0,0,0,3,0,1,2,2,N,N,39 58:54.163,75 12:26.377,2338, ,2336,2,1,3,N, ,0,N, , , , ,753543, , , ,2,1,0,0,0,1,0,0,0,0,1,0,1,0,0,0,0,0,0,0,0,0,0,1,0,0,0,0,0,0,0,0,0,0,0,3,1,39.9817,-75.2073, , 
 ,67801,2013006085,6,67,67301,2012,12,6,1140,11,1,1,0,5,1, , ,N,1,0,0,3,0,1,2,2,N,N,39 57:01.078,75 11:30.262,1147, ,1144, ,0, ,N, ,0, , , , , ,753545, , , ,1,1,0,0,0,0,0,0,1,0,0,1,1,0,0,0,0,0,0,0,0,1,0,0,0,0,0,0,0,0,0,0,0,0,0,4,0,39.9503,-75.1917, , 
 ,67802,2012128287,6,67,67301,2012,11,5,1800,18,3,1,0,1,1, , ,N,0,0,0,3,0,1,2,2,N,N,40 06:04.497,74 59:20.414,1810, ,1806,2,2,3,Y, ,0,Y, , , , ,753556, , , ,2,0,0,0,0,0,1,0,0,0,1,0,1,0,1,0,0,0,0,0,0,0,0,0,0,0,0,0,0,0,0,0,0,0,0,3,0,40.1012,-74.989, , 
 ,67803,2013003742,6,67,67301,2012,11,1,1655,16,4,1,0,1,1, , ,N,1,0,0,3,0,1,2,2,N, ,39 57:01.684,75 10:43.089,1130, ,1650, ,0, , , ,0, , , , , ,753564, , , ,2,2,0,0,0,0,0,0,0,0,0,1,1,0,1,0,0,0,0,0,0,0,0,0,0,0,0,0,0,0,0,0,0,0,0,4,0,39.9505,-75.1786, , 
 ,67804,2013012105,6,67,67301,2012,10,5,1048,10,1,2,1,4,1, , ,N,1,2,0,3,0,4,6,5,N, ,40 02:50.956,75 05:30.725,1105, ,1059, ,0, , , ,3, , , , , ,753565, , , ,5,1,0,0,1,0,2,1,0,0,0,4,4,0,1,0,0,0,0,0,1,0,0,0,0,0,0,0,0,0,0,0,0,0,0,4,0,40.0475,-75.0919, , 
 ,67805,2012098202,6,67,67301,2012,9,2,1140,11,1,1,0,5,1, , ,N,1,3,0,3,0,0,3,2,N, ,40 02:36.816,75 04:03.536,9999, ,1246, ,0, , , ,3, , , , , ,753567, , , ,2,1,0,0,0,0,0,1,0,0,0,0,0,0,0,0,0,0,0,2,0,0,0,0,0,0,0,0,0,0,0,0,0,0,0,0,0,40.0436,-75.0676, , 
 ,67806,2012104601,6,67,67301,2012,9,7,9999,99,1,1,0,8,1, , ,N,1,2,0,3,0,1,1,2,N, ,39 56:57.854,75 10:26.579,1700, ,1647, ,0, , , ,3, , , , , ,753573, , , ,1,0,0,0,1,0,0,0,0,0,0,0,1,1,0,0,0,0,0,0,0,0,0,0,0,0,0,0,0,0,0,0,1,0,0,8,0,39.9494,-75.174, , 
U,67807,2013003962,6,67,67301,2012,12,1,9999,99,1,2,1,1,1,8,8,Y,1,2,0,3,0,0,3,2,N,N,39 54:20.727,75 11:38.377,1619,99,1619,9,2,4,N, ,3,Y,U,U,U,U,753598,U,U,U,2,1,0,0,1,0,0,0,0,0,0,0,0,0,0,0,0,0,0,0,1,0,0,0,0,0,0,0,0,0,0,0,0,0,0,0,0,39.9057,-75.1938, , 
 ,67808,2013015614,6,67,67301,2012,7,7,2216,22,3,1,0,0,1, , ,N,6,0,2,3,0,1,2,1,N,N,39 57:06.095,75 08:29.301,2228, ,2220, ,0, ,N, ,0, , , , , ,753599, , , ,1,0,1,0,0,0,0,0,0,0,0,0,1,1,0,0,0,0,0,0,0,0,0,0,0,0,0,0,0,0,0,0,0,0,0,8,0,39.9517,-75.1415, , 
 ,67809,2013016181,6,67,67301,2012,12,5,1655,16,3,1,0,4,1, , ,N,2,3,0,3,0,2,4,2,N, ,39 58:21.907,75 10:47.704,1700, ,1655, ,0, , , ,3, , , , , ,744177, , , ,2,2,0,0,0,0,0,0,0,0,0,2,2,0,0,0,0,0,0,0,1,0,0,0,0,0,0,0,0,0,0,0,0,0,0,4,0,39.9728,-75.1799, , 
 ,67810,2013000896,6,67,67301,2012,12,6,2116,21,3,1,0,7,2, , ,N,0,0,0,3,0,1,1,1,N,N,39 56:47.224,75 08:32.688,2124, ,2119,2,1,2,N, ,0,N, , , , ,744231, , , ,1,1,0,0,0,0,0,0,0,0,0,0,1,1,0,0,0,0,0,0,1,0,0,1,0,0,0,0,0,0,0,0,0,0,0,8,0,39.9465,-75.1424, , 
 ,67811,2012114364,6,67,67301,2012,10,1,1350,13,1,1,0,8,1, , ,N,1,0,0,3,0,1,2,2,N,N,39 55:34.723,75 09:32.558,1358, ,1353, ,0, , , ,0, , , , , ,744239, , , ,1,0,0,0,0,0,1,0,0,0,0,1,1,0,0,0,0,0,0,0,1,0,0,0,0,0,0,0,0,0,0,0,1,0,0,4,0,39.9263,-75.159, , 
 ,67812,2012123333,6,67,67301,2012,11,7,2030,20,3,1,0,4,1, , ,N,0,0,0,3,0,1,2,3,N,N,40 04:20.391,75 09:29.376,2058, ,2057, ,0, ,N, ,0, , , , , ,744251, , , ,2,2,0,0,0,0,0,0,0,0,1,0,1,0,0,0,0,0,0,0,0,0,0,0,0,0,0,0,0,0,0,0,0,0,0,3,0,40.0723,-75.1582, , 
 ,67813,2013006680,6,67,67301,2012,12,1,410,4,3,1,0,5,1, , ,N,1,2,0,3,0,0,2,2,N,N,39 57:34.816,75 14:50.653,417, ,415, ,0, ,N, ,3, , , , , ,744264, , , ,2,0,0,0,1,0,1,0,0,0,0,0,0,0,0,0,0,0,0,0,1,0,0,0,0,0,0,0,0,0,0,0,0,0,0,0,0,39.9597,-75.2474, , 
 ,67814,2013006727,6,67,67301,2012,12,6,2310,23,3,1,0,2,1, , ,N,0,0,7,3,0,1,2,2,N,N,40 00:41.180,75 10:54.930,2315, ,2315, ,0, ,N, ,0, , , , , ,744265, , , ,2,2,0,0,0,0,0,0,0,0,0,0,1,1,0,0,0,0,0,0,0,2,0,0,0,0,0,0,0,0,0,0,0,0,0,8,0,40.0114,-75.1819, , 
 ,67815,2012111781,6,67,67301,2012,10,3,851,8,1,2,1,4,1, , ,N,1,0,0,3,0,2,14,2,Y,N,39 55:25.526,75 13:55.811,905, ,856, ,0, ,N, ,0, , , , , ,744279, , , ,2,1,0,1,0,0,0,0,0,0,0,0,2,2,0,0,0,0,0,0,0,0,0,0,0,0,0,0,0,0,0,0,0,0,0,8,0,39.9237,-75.2322, , 
 ,67816,2013006893,6,67,67301,2012,12,2,836,8,1,6,1,4,7, , ,N,1,3,0,3,0,1,2,2,N,N,39 57:28.627,75 13:38.423,848, ,841, ,0, ,N, ,3, , , , , ,744306, , , ,2,1,0,0,0,0,1,0,0,0,0,1,1,0,0,0,0,0,0,0,0,1,0,0,0,0,0,0,0,0,0,0,0,0,0,4,0,39.958,-75.2273, , 
 ,67817,2012128279,6,67,67301,2012,11,4,2300,23,3,1,0,5,6, , ,N,0,0,0,3,0,1,1,2,N,N,40 03:02.018,74 59:12.139,2330, ,2325, ,0, ,N, ,0, , , , , ,744317, , , ,2,1,0,0,0,0,1,0,0,0,0,1,1,0,0,0,0,0,0,0,0,0,0,0,0,0,0,0,0,0,0,0,0,0,0,4,0,40.0506,-74.9867, , 
 ,67818,2012128415,6,67,67301,2012,12,3,1352,13,1,1,0,7,2, , ,N,0,0,0,3,0,1,4,2,N,N,39 58:42.159,75 12:08.353,1409, ,1359,1,1,4,N, ,0,N, , , , ,744318, , , ,2,1,0,0,0,1,0,0,0,0,0,0,1,1,0,0,0,0,0,1,0,0,0,0,0,0,0,0,0,0,0,0,0,0,0,8,1,39.9784,-75.2023, , 
 ,67819,2012098416,6,67,67301,2012,9,6,220,2,1,1,0,2,1, , ,N,1,2,0,3,0,2,3,2,N, ,39 56:09.409,75 09:24.814,1230, ,1228, ,0, , , ,3, , , , , ,744332, , , ,2,2,0,0,0,0,0,0,0,0,0,0,2,2,0,0,0,0,0,0,0,0,0,0,0,0,0,0,0,0,0,0,0,0,0,8,0,39.9359,-75.1569, , 
 ,67820,2012098502,6,67,67301,2012,8,6,53,0,3,1,0,4,1, , ,N,1,2,0,3,0,2,3,2,N,N,40 01:28.770,75 03:16.227,150, ,145,3,1,4,N, ,3,N, , , , ,744333, , , ,2,2,0,0,0,0,0,0,0,0,1,1,2,0,0,0,0,0,1,1,0,0,0,2,0,0,0,0,0,0,0,0,0,0,0,3,0,40.0247,-75.0545, , 
 ,67821,2012128710,6,46,46102,2012,12,5,1410,14,1,1,0,4,1, , ,N,1,2,0,3,0,2,2,2,N,N,40 03:25.608,75 07:44.411,1418, ,1413, ,0, ,N, ,3, , , , , ,744367, , , ,2,2,0,0,0,0,0,0,0,0,0,2,2,0,0,0,0,0,0,0,1,0,0,0,0,0,0,0,0,0,0,0,0,0,0,4,0,40.0571,-75.129, , 
 ,67822,2013003694,6,67,67301,2012,11,7,1315,13,1,1,0,2,1, , ,N,1,2,0,3,0,2,4,2,N, ,40 05:49.711,75 01:05.375,1330, ,1327,3,1,3, , ,3,N, , , , ,744378, , , ,2,2,0,0,0,0,0,0,0,0,2,0,2,0,0,0,0,0,0,0,0,0,0,0,0,0,0,0,0,0,0,0,0,0,0,3,0,40.0971,-75.0182, , 
 ,67823,2012129964,6,67,67301,2012,11,2,1850,18,3,1,0,7,4, , ,N,0,0,0,3,0,2,2,1,N, ,40 02:39.512,75 14:11.745,1855, ,1850, ,0, , , ,0, , , , , ,744397, , , ,1,1,0,0,0,0,0,0,0,0,0,0,2,2,0,0,0,0,0,0,0,0,1,0,0,0,0,0,0,0,0,0,0,0,0,8,0,40.0443,-75.2366, , 
 ,67824,2012128297,6,67,67301,2012,11,2,2045,20,3,1,0,4,1, , ,N,0,0,0,3,0,2,4,3,N,N,39 59:47.525,75 10:28.751,2100, ,2058,2,1,6,N, ,0,Y, , , , ,744406, , , ,3,2,0,0,1,0,0,0,0,0,0,2,2,0,2,0,0,0,0,0,0,0,0,2,0,0,0,0,0,0,0,0,0,0,0,4,0,39.9965,-75.1747, , 
 ,67825,2013003729,6,67,67301,2012,11,5,2025,20,3,1,0,8,1, , ,N,0,0,0,3,0,1,2,2,N,N,40 02:29.023,75 09:29.505,2029, ,2026,3,2,6, , ,0,Y, , , , ,744413, , , ,1,1,0,0,0,0,0,0,0,0,1,0,1,0,0,0,0,0,0,0,1,0,0,0,0,0,0,0,0,0,0,0,1,0,0,3,0,40.0414,-75.1582, , 
 ,67826,2013003932,6,67,67301,2012,11,4,1901,19,3,1,0,4,1, , ,N,1,2,0,3,0,2,2,2,N,N,39 53:51.271,75 15:08.228,1902, ,1902, ,0, ,N, ,3, , , , , ,744414, , , ,2,1,0,0,0,0,0,1,0,0,0,0,2,2,0,0,0,0,0,0,0,0,0,0,0,0,0,0,0,0,0,0,0,0,0,8,0,39.8976,-75.2523, , 
 ,67827,2012103976,6,67,67301,2012,9,2,643,6,1,1,0,4,1, , ,N,0,0,0,3,0,1,2,2,N, ,40 04:01.271,75 09:29.636,705, ,659, ,0, , , ,0, , , , , ,747306, , , ,2,1,0,0,0,0,0,1,0,0,0,1,1,0,0,0,0,0,0,0,1,0,0,0,0,0,0,0,0,0,0,0,0,0,0,4,0,40.067,-75.1582, , 
 ,67828,2012104069,6,67,67301,2012,9,5,850,8,1,1,0,4,1, , ,N,1,2,0,3,0,2,2,2,N,N,40 04:07.204,75 09:50.796,840, ,835,3,2,7,N, ,3,Y, , , , ,747307, , , ,2,2,0,0,0,0,0,0,0,0,0,0,1,1,0,0,0,0,0,0,0,0,0,0,0,0,0,0,0,0,0,0,0,0,0,8,0,40.0687,-75.1641, , 
 ,67829,2012109663,6,67,67301,2012,9,5,840,8,1,2,1,1,1, , ,N,1,2,0,3,0,1,3,2,N, ,40 02:30.603,75 11:31.679,1326, ,1326, ,0, , , ,3, , , , , ,747311, , , ,2,2,0,0,0,0,0,0,0,0,1,0,1,0,0,0,0,0,0,0,2,0,0,0,0,0,0,0,0,0,0,0,0,0,0,3,0,40.0418,-75.1921, , 
 ,67830,2012111736,6,67,67301,2012,10,6,9999,99,1,1,0,4,1, , ,N,1,2,0,3,0,3,4,2,N, ,40 02:28.908,75 01:41.719,1147, ,1141,2,1,1, , ,3,N, , , , ,747313, , , ,2,1,0,0,0,0,1,0,0,0,0,0,3,3,0,0,0,0,1,0,1,0,0,4,0,0,0,0,0,0,0,0,0,0,0,8,0,40.0414,-75.0283, , 