wz_ln_closure,objectid_1,crn,district,county,municipality,crash_year,crash_month,day_of_week,time_of_day,hour_of_day,illumination,weather,road_condition,collision_type,relation_to_road,work_zone_type,work_zone_loc,work_zone_ind,intersect_type,tcd_type,location_type,urban_rural,fatal_count,injury_count,person_count,total_units,sch_bus_ind,sch_zone_ind,latitude,longitude,arrival_tm,cons_zone_spd_lim,dispatch_tm,est_hrs_closed,lane_closed,ln_close_dir,ntfy_hiwy_maint,spec_juris_cd,tcd_func_cd,tfc_detour_ind,workers_pres,wz_close_detour,wz_flagger,wz_law_offcr_ind,objectid,wz_moving,wz_other,wz_shlder_mdn,vehicle_count,automobile_count,motorcycle_count,bus_count,small_truck_count,heavy_truck_count,suv_count,van_count,bicycle_count,maj_inj_count,mod_inj_count,min_inj_count,tot_inj_count,unk_inj_deg_count,unk_inj_per_count,driver_count_16yr,driver_count_17yr,driver_count_18yr,driver_count_19yr,driver_count_20yr,driver_count_50_64yr,driver_count_65_74yr,driver_count_75plus,unbelted_occ_count,unb_death_count,unb_maj_inj_count,belted_death_count,belted_maj_inj_count,mcycle_death_count,mcycle_maj_inj_count,bicycle_death_count,bicycle_maj_inj_count,ped_count,ped_death_count,ped_maj_inj_count,max_severity_level,comm_veh_count,dec_lat,dec_long,rdwy_surf_type_cd,county_name
 ,67898,2013006668,6,67,67301,2012,12,5,1050,10,1,1,0,4,1, , ,N,1,3,0,3,0,1,3,2,N, ,40 03:07.780,75 05:11.686,1056, ,1054, ,0, , , ,3, , , , , ,744679, , , ,2,2,0,0,0,0,0,0,0,0,1,0,1,0,0,0,0,0,0,0,0,2,0,0,0,0,0,0,0,0,0,0,0,0,0,3,0,40.0522,-75.0866, , 
 ,67899,2012128305,6,67,67301,2012,11,3,817,8,1,2,1,7,2, , ,N,1,2,0,3,0,1,1,1,N,N,39 54:14.563,75 14:24.409,822, ,819,2,1,2,N, ,3,N, , , , ,747427, , , ,1,1,0,0,0,0,0,0,0,0,0,1,1,0,0,0,0,0,0,0,0,0,0,0,0,0,0,0,0,0,0,0,0,0,0,4,0,39.904,-75.2401, , 
 ,67900,2013003766,6,67,67301,2012,12,1,309,3,3,1,0,1,2, , ,N,2,0,0,3,0,0,2,4,N,N,39 59:20.856,75 06:18.300,310, ,300, ,0, ,N, ,0, , , , , ,747434, , , ,4,2,0,0,2,0,0,0,0,0,0,0,0,0,0,0,0,0,0,0,0,0,0,2,0,0,0,0,0,0,0,0,0,0,0,0,0,39.9892,-75.1051, , 
 ,67901,2013006900,6,67,67301,2012,12,3,1058,10,1,1,0,4,1, , ,N,1,0,0,3,0,2,4,2,N,N,39 57:10.702,75 14:19.017,1130, ,1120, ,0, ,N, ,0, , , , , ,747436, , , ,2,1,0,0,1,0,0,0,0,0,0,0,2,2,0,0,0,0,0,0,1,0,0,0,0,0,0,0,0,0,0,0,0,0,0,8,1,39.953,-75.2386, , 
 ,67902,2013012101,6,67,67301,2012,12,5,9999,99,3,1,0,4,1, , ,N,1,3,0,3,0,3,4,2,N, ,39 56:31.984,75 13:51.369,1943, ,1913, ,0, , , ,3, , , , , ,747437, , , ,2,2,0,0,0,0,0,0,0,0,0,3,3,0,0,0,0,0,0,0,0,0,1,0,0,0,0,0,0,0,0,0,0,0,0,4,0,39.9422,-75.2309, , 
 ,67903,2013021104,6,67,67301,2012,11,4,800,8,1,1,0,1,1, , ,N,0,0,0,3,0,1,2,2,N,N,39 57:21.300,75 10:49.977,0, ,0, ,0, ,N, ,0, , , , , ,747455, , , ,2,2,0,0,0,0,0,0,0,0,0,1,1,0,0,0,0,0,0,0,0,0,0,0,0,0,0,0,0,0,0,0,0,0,0,4,0,39.9559,-75.1805, , 
 ,67904,2012128145,6,67,67301,2012,11,4,9999,99,2,1,0,1,1, , ,N,1,2,0,3,0,1,2,2,N, ,39 59:33.867,75 11:10.148,1718, ,1713, ,0, , , ,3, , , , , ,747470, , , ,2,1,0,0,1,0,0,0,0,0,0,0,1,1,0,0,0,0,0,0,0,0,0,0,0,0,0,0,0,0,0,0,0,0,0,8,0,39.9927,-75.1862, , 
 ,67905,2012120544,6,67,67301,2012,10,1,1905,19,3,1,0,7,4, , ,N,2,0,0,3,0,3,3,1,N,N,39 53:40.927,75 13:46.057,1906, ,1905, ,0, ,N, ,0, , , , , ,747478, , , ,1,1,0,0,0,0,0,0,0,0,3,0,3,0,0,0,0,0,0,0,0,0,0,0,0,0,0,0,0,0,0,0,0,0,0,3,0,39.8946,-75.2296, , 
 ,67906,2012128250,6,67,67301,2012,11,6,1432,14,1,1,0,8,1, , ,N,1,3,0,3,0,1,3,1,N,N,39 59:44.440,75 10:49.886,1439, ,1437, ,0, ,N, ,3, , , , , ,747481, , , ,1,0,0,0,0,1,0,0,0,0,0,1,1,0,0,0,0,0,0,0,0,0,0,0,0,0,0,0,0,0,0,0,2,0,0,4,0,39.9957,-75.1805, , 
 ,67907,2013003691,6,67,67301,2012,12,1,203,2,3,1,0,8,1, , ,N,1,0,0,3,0,1,2,2,N,N,40 01:28.477,75 13:17.104,205, ,203, ,0, ,N, ,0, , , , , ,747487, , , ,1,1,0,0,0,0,0,0,0,0,0,2,2,0,0,0,0,0,0,0,1,0,0,0,0,0,0,0,0,0,0,0,1,0,0,4,0,40.0246,-75.2214, , 
 ,67908,2013003793,6,67,67301,2012,12,2,1735,17,4,2,1,4,1, , ,N,1,3,0,3,0,1,3,2,N,N,40 02:04.164,75 02:53.357,1843, ,1840, ,0, ,N, ,3, , , , , ,747488, , , ,2,1,0,0,0,0,0,1,0,0,0,0,1,1,0,0,0,0,0,0,0,0,0,0,0,0,0,0,0,0,0,0,0,0,0,8,0,40.0345,-75.0482, , 
 ,67909,2013013203,6,67,67301,2012,12,1,1353,13,1,1,0,4,1, , ,N,1,2,0,3,0,2,4,2,N,N,39 56:43.472,75 10:47.006,1400, ,1356, ,0, ,N, ,2, , , , , ,747513, , , ,2,1,0,1,0,0,0,0,0,0,0,0,2,2,0,0,0,0,0,0,0,0,0,0,0,0,0,0,0,0,0,0,0,0,0,8,1,39.9454,-75.1797, , 
 ,67910,2012020361,6,67,67301,2012,1,6,940,9,1,2,1,1,1, , ,N,1,2,0,3,0,1,2,2,N,N,40 01:27.102,75 05:43.897,1025, ,1020, ,0, , , ,3, , , , , ,747531, , , ,2,1,0,1,0,0,0,0,0,0,0,1,1,0,1,0,0,0,0,0,0,0,1,0,0,0,0,0,0,0,0,0,0,0,0,4,1,40.0242,-75.0955, , 
 ,67911,2012020492,6,67,67301,2012,1,5,1630,16,1,1,0,1,1, , ,N,0,0,0,3,0,2,4,2,N,N,40 03:34.066,75 02:37.930,1649, ,1645, ,0, ,N, ,0, , , , , ,747532, , , ,2,0,0,0,0,0,2,0,0,0,0,2,2,0,0,0,0,0,0,0,2,0,0,0,0,0,0,0,0,0,0,0,0,0,0,4,0,40.0595,-75.0439, , 
 ,67912,2012126005,6,67,67301,2012,11,5,1004,10,1,1,0,1,1, , ,N,1,0,0,3,0,1,2,2,N, ,40 03:07.696,75 04:04.036,1040, ,1030, ,0, , , ,0, , , , , ,747541, , , ,2,1,0,0,1,0,0,0,0,0,0,1,1,0,0,0,0,0,0,0,1,0,0,0,0,0,0,0,0,0,0,0,0,0,0,4,0,40.0521,-75.0678, , 
 ,67913,2012128186,6,67,67301,2012,11,7,505,5,3,1,0,7,4, , ,N,2,0,0,3,0,0,1,1,N,N,40 04:38.521,75 12:32.439,545, ,535, ,0, ,N, ,0, , , , , ,747545, , , ,1,1,0,0,0,0,0,0,0,0,0,0,0,0,1,0,0,0,0,0,0,0,0,0,0,0,0,0,0,0,0,0,0,0,0,9,0,40.0774,-75.209, , 
 ,67914,2013006707,6,67,67301,2012,12,2,1625,16,3,2,1,4,1, , ,N,0,0,0,3,0,7,13,2,N,N,39 55:38.568,75 13:54.256,1700, ,1651,3,1,4,N, ,0,Y, , , , ,747553, , , ,2,1,0,0,0,0,0,0,0,0,0,7,7,0,6,0,0,0,0,0,0,0,0,7,0,0,0,0,0,0,0,0,0,0,0,4,0,39.9274,-75.2317, , 
 ,67915,2012116874,6,67,67301,2012,11,2,2333,23,3,1,0,1,1, , ,N,6,0,2,3,0,2,2,2,N,N,40 00:33.381,75 12:17.656,2347, ,2344, ,0, ,N, ,0, , , , , ,747561, , , ,2,2,0,0,0,0,0,0,0,0,0,2,2,0,0,0,0,0,0,1,0,1,0,1,0,0,0,0,0,0,0,0,0,0,0,4,0,40.0093,-75.2049, , 
 ,67916,2012117203,6,67,67301,2012,10,4,1230,12,1,1,0,4,1, , ,N,1,2,0,3,0,1,3,2,N, ,40 06:40.143,75 01:27.353,1235, ,1230,1,1,1, , ,3,N, , , , ,747562, , , ,2,2,0,0,0,0,0,0,0,0,0,0,0,0,1,0,0,0,0,0,1,1,0,0,0,0,0,0,0,0,0,0,0,0,0,9,0,40.1112,-75.0243, , 
 ,67917,2013006763,6,67,67301,2012,12,2,1435,14,1,2,1,4,1, , ,N,1,2,0,3,0,0,2,2,N,N,40 03:12.464,75 03:17.783,1602, ,1548,2,1,2,N, ,3,N, , , , ,750520, , , ,2,0,0,0,0,0,2,0,0,0,0,0,0,0,0,0,0,0,0,0,0,0,0,0,0,0,0,0,0,0,0,0,0,0,0,0,0,40.0535,-75.0549, , 
 ,67918,2013006790,6,67,67301,2012,12,1,1750,17,3,1,1,5,1, , ,N,1,2,0,3,0,0,2,2,N,N,39 54:20.429,75 11:37.829,1810, ,1756, ,0, ,N, ,2, , , , , ,750521, , , ,2,0,0,0,1,0,0,1,0,0,0,0,0,0,1,0,0,0,0,0,0,0,0,0,0,0,0,0,0,0,0,0,0,0,0,9,0,39.9055,-75.1941, , 
 ,67919,2012111621,6,67,67301,2012,10,4,925,9,1,1,0,4,1, , ,N,1,2,0,3,0,3,4,2,N, ,39 57:25.871,75 08:31.299,940, ,930, ,0, , , ,3, , , , , ,750527, , , ,2,0,0,0,0,0,1,0,0,0,1,1,2,0,0,0,0,0,0,0,0,0,0,0,0,0,0,0,0,0,0,0,0,0,0,3,0,39.9572,-75.142, , 
 ,67920,2013006159,6,67,67301,2012,12,3,2231,22,3,1,0,2,1, , ,N,5,2,0,3,0,0,4,4,N,N,40 02:40.636,75 03:16.819,2242, ,2233,2,1,3,N, ,3,N, , , , ,750542, , , ,4,3,0,0,0,0,1,0,0,0,0,0,0,0,0,0,0,0,0,0,0,0,0,0,0,0,0,0,0,0,0,0,0,0,0,0,0,40.0446,-75.0547, , 
 ,67921,2012109656,6,67,67301,2012,10,3,9999,99,8,2,1,5,1, , ,N,0,0,0,3,0,3,3,2,N,N,40 02:47.439,75 09:02.941,9999, ,9999, ,0, ,N, ,0, , , , , ,750604, , , ,2,2,0,0,0,0,0,0,0,0,0,1,3,2,0,0,0,0,0,0,1,0,1,0,0,0,0,0,0,0,0,0,0,0,0,4,0,40.0465,-75.1508, , 
 ,67922,2012111731,6,67,67301,2012,10,5,1630,16,1,1,0,4,1, , ,N,0,0,0,3,0,3,4,5,N,N,40 02:17.916,75 04:42.425,1640, ,1633,4,2,5,N, ,0,Y, , , , ,750606, , , ,3,2,0,0,1,0,0,0,0,0,0,3,3,0,0,0,0,0,0,0,1,0,0,0,0,0,0,0,0,0,0,0,2,0,0,4,0,40.0383,-75.0785, , 
 ,67923,2012121817,6,67,67301,2012,11,6,1423,14,1,1,0,0,1, , ,N,6,8,2,3,0,1,1,1,N,N,39 57:26.867,75 08:50.922,1458, ,1423,3,2,3,N, ,3,Y, , , , ,750614, , , ,1,0,0,0,0,1,0,0,0,0,0,1,1,0,0,0,0,0,0,0,0,0,0,1,0,0,0,0,0,0,0,0,0,0,0,4,1,39.9575,-75.1475, , 
 ,67924,2012122398,6,67,67301,2012,11,3,1515,15,1,1,0,4,1, , ,N,0,2,0,3,0,1,2,2,N,N,40 05:20.013,75 02:42.640,1519, ,1517, ,0, ,N, ,3, , , , , ,750627, , , ,2,2,0,0,0,0,0,0,0,0,0,1,1,0,0,0,0,0,0,0,1,0,0,0,0,0,0,0,0,0,0,0,0,0,0,4,0,40.0889,-75.0452, , 
 ,67925,2012128416,6,67,67301,2012,12,4,915,9,1,1,0,1,1, , ,N,0,0,0,3,0,2,6,4,N,N,39 56:55.755,75 11:06.766,918, ,918, ,0, ,N, ,0, , , , , ,750632, , , ,4,2,0,0,0,0,2,0,0,0,0,0,2,2,0,0,0,0,0,0,2,0,0,0,0,0,0,0,0,0,0,0,0,0,0,8,0,39.9488,-75.1852, , 
 ,67926,2013003715,6,67,67301,2012,12,4,209,2,3,1,0,2,4, , ,N,0,0,0,3,0,0,1,1,N, ,39 59:42.614,75 09:50.785,210, ,210,2,2,6, , ,0,Y, , , , ,750639, , , ,1,0,0,0,0,0,0,0,0,0,0,0,0,0,0,0,0,0,0,0,0,0,0,0,0,0,0,0,0,0,0,0,0,0,0,0,1,39.9952,-75.1641, , 
 ,67927,2013006817,6,67,67301,2012,12,6,9999,99,3,2,1,7,5, , ,N,2,3,0,3,0,0,1,1,N,N,39 56:45.693,75 13:49.371,220, ,213, ,0, ,N, ,3, , , , , ,750641, , , ,1,0,0,0,0,0,1,0,0,0,0,0,0,0,1,0,0,0,0,0,0,0,0,0,0,0,0,0,0,0,0,0,0,0,0,9,0,39.946,-75.2304, , 
 ,67928,2013007233,6,67,67301,2012,12,3,1920,19,3,1,0,1,1, , ,N,0,0,0,3,0,3,5,3,N,N,39 55:59.221,75 13:40.566,1935, ,1933,2,2,5,N, ,0,Y, , , , ,750642, , , ,3,2,0,0,1,0,0,0,0,0,1,2,3,0,2,0,0,0,0,0,0,1,0,1,0,0,0,0,0,0,0,0,0,0,0,3,0,39.9331,-75.2279, , 
 ,67929,2012128285,6,67,67301,2012,11,3,345,3,3,1,0,9,1, , ,N,0,0,0,3,0,1,1,1,N, ,40 04:57.977,75 01:35.058,351, ,348,1,2,1, , ,0,N, , , , ,750668, , , ,1,0,0,0,0,0,1,0,0,0,0,1,1,0,0,0,0,0,0,0,0,1,0,0,0,0,0,0,0,0,0,0,0,0,0,4,0,40.0828,-75.0264, , 
 ,67930,2013003759,6,67,67301,2012,11,6,1115,11,1,1,0,4,1, , ,N,2,3,0,3,0,2,5,2,N,N,39 59:48.616,75 09:08.459,1123, ,1121, ,0, , , ,3, , , , , ,750679, , , ,2,1,0,0,0,0,0,0,0,0,0,0,2,2,0,0,0,0,0,0,0,0,0,2,0,0,0,0,0,0,0,0,0,0,0,8,0,39.9968,-75.1523, , 
 ,67931,2013006163,6,67,67301,2012,12,6,618,6,3,2,1,4,1, , ,N,2,3,0,3,0,2,5,2,N,N,40 02:01.186,75 08:43.295,638, ,634, ,0, ,N, ,3, , , , , ,750682, , , ,2,2,0,0,0,0,0,0,0,0,0,0,2,2,0,0,0,0,0,0,0,0,0,0,0,0,0,0,0,0,0,0,0,0,0,8,0,40.0337,-75.1454, , 
 ,67932,2013006902,6,67,67301,2012,12,2,1532,15,1,2,1,1,5, , ,N,1,2,0,3,0,1,1,3,N,N,39 59:53.719,75 07:38.507,1718, ,1716,9,1,2,N, ,3,N, , , , ,750699, , , ,3,1,0,0,2,0,0,0,0,0,0,0,1,1,0,0,0,0,0,0,0,0,0,1,0,0,0,0,0,0,0,0,0,0,0,8,0,39.9983,-75.1274, , 
 ,67933,2013019975,6,67,67301,2012,12,4,1710,17,4,1,0,1,1, , ,N,0,0,2,3,0,1,2,2,N,N,40 00:18.413,75 11:39.221,0, ,0, ,0, ,N, ,0, , , , , ,750721, , , ,2,1,0,0,0,0,1,0,0,0,1,0,1,0,0,0,0,0,0,0,0,0,0,0,0,0,0,0,0,0,0,0,0,0,0,3,0,40.0046,-75.1944, , 
 ,67934,2012098282,6,67,67301,2012,9,3,810,8,1,1,0,1,2, , ,N,2,3,0,3,0,0,1,2,N,N,39 53:32.575,75 14:41.459,830, ,815, ,0, ,N, ,3, , , , , ,750725, , , ,2,2,0,0,0,0,0,0,0,0,0,0,0,0,0,0,0,0,0,0,1,0,0,0,0,0,0,0,0,0,0,0,0,0,0,0,0,39.8924,-75.2448, , 
 ,67935,2012105722,6,67,67301,2012,10,6,709,7,1,2,1,1,1, , ,N,0,0,0,3,0,1,5,2,N,N,39 57:29.395,75 09:53.957,719, ,716,1,1,3,N, ,0,N, , , , ,754040, , , ,2,2,0,0,0,0,0,0,0,0,0,1,1,0,1,0,0,0,0,0,1,0,0,0,0,0,0,0,0,0,0,0,0,0,0,4,0,39.9582,-75.165, , 
 ,67936,2013002427,6,67,67301,2012,12,6,224,2,3,1,0,7,5, , ,N,0,0,0,3,0,1,1,1,N,N,39 57:51.144,75 08:16.734,232, ,224,1,1,2,N, ,0,N, , , , ,754063, , , ,1,1,0,0,0,0,0,0,0,0,0,0,1,1,0,0,0,0,0,0,0,0,0,0,0,0,0,0,0,0,0,0,0,0,0,8,0,39.9641,-75.1381, , 
 ,67937,2013003867,6,67,67301,2012,11,4,1428,14,1,1,0,4,1, , ,N,2,3,0,3,0,1,6,2,N,N,40 02:24.727,75 05:57.512,1428, ,1428, ,0, ,N, ,3, , , , , ,754065, , , ,2,1,0,0,0,0,1,0,0,0,0,1,1,0,0,0,0,0,0,0,1,0,0,0,0,0,0,0,0,0,0,0,0,0,0,4,0,40.0402,-75.0993, , 
 ,67938,2012128251,6,67,67301,2012,11,4,1527,15,1,8,0,5,1, , ,N,0,0,0,3,0,1,2,2,N,N,40 01:28.128,75 09:53.305,1532, ,1530, ,0, ,N, ,0, , , , , ,754079, , , ,2,0,0,0,0,0,2,0,0,1,0,0,1,0,0,0,0,0,0,0,0,0,0,0,0,0,0,0,0,0,0,0,0,0,0,2,0,40.0245,-75.1648, , 
 ,67939,2012130689,6,67,67301,2012,12,2,1858,18,3,1,0,0,1, , ,N,0,0,0,3,0,0,2,1,N,N,39 58:20.547,75 11:37.222,1913, ,1910,1,2,3,N, ,0,N, , , , ,754119, , , ,1,1,0,0,0,0,0,0,0,0,0,0,0,0,0,0,0,0,0,0,0,0,0,0,0,0,0,0,0,0,0,0,0,0,0,0,0,39.9724,-75.1937, , 
 ,67940,2013012080,6,67,67301,2012,12,2,1400,14,1,1,0,1,1, , ,N,2,0,0,3,0,0,2,2,N,N,40 03:59.669,75 09:31.172,1430, ,1428,1,1,4,N, ,0,N, , , , ,754146, , , ,2,2,0,0,0,0,0,0,0,0,0,0,0,0,0,0,0,0,0,0,0,2,0,0,0,0,0,0,0,0,0,0,0,0,0,0,0,40.0666,-75.1587, , 
 ,67941,2012109908,6,67,67301,2012,10,1,906,9,1,1,0,4,1, , ,N,1,3,0,3,0,1,6,2,N,N,39 56:13.236,75 13:57.039,907, ,906, ,0, ,N, ,3, , , , , ,754151, , , ,2,1,0,0,1,0,0,0,0,0,0,1,1,0,0,0,0,0,0,0,1,0,0,0,0,0,0,0,0,0,0,0,0,0,0,4,0,39.937,-75.2325, , 
 ,67942,2012119989,6,67,67301,2012,11,2,940,9,1,1,0,2,1, , ,N,1,2,0,3,0,1,2,2,N,N,39 57:02.548,75 14:27.995,955, ,948, ,0, ,N, ,3, , , , , ,754160, , , ,2,2,0,0,0,0,0,0,0,0,0,0,1,1,0,0,0,1,0,0,0,0,0,0,0,0,0,0,0,0,0,0,0,0,0,8,0,39.9507,-75.2411, , 
 ,67943,2012120063,6,67,67301,2012,10,1,1730,17,3,2,1,4,1, , ,N,1,2,0,3,0,0,4,3,N,N,39 58:27.296,75 15:18.665,1742, ,1730,1,1,7,N, ,3,N, , , , ,754161, , , ,3,3,0,0,0,0,0,0,0,0,0,0,0,0,0,0,0,0,0,0,2,0,0,0,0,0,0,0,0,0,0,0,0,0,0,0,0,39.9742,-75.2552, , 
 ,67944,2012094714,6,67,67301,2012,9,6,1527,15,1,1,0,1,1, , ,N,0,0,0,3,0,1,2,2,N,N,39 58:02.287,75 07:57.236,1534, ,1527, ,0, ,N, ,0, , , , , ,754173, , , ,2,1,0,0,0,0,1,0,0,0,0,1,1,0,0,0,0,0,0,0,1,0,0,0,0,0,0,0,0,0,0,0,0,0,0,4,0,39.9673,-75.1327, , 
 ,67945,2013003657,6,67,67301,2012,12,3,1733,17,3,2,0,8,1, , ,N,0,0,0,3,0,1,2,2,N,N,40 03:19.422,75 08:26.399,1928, ,1922, ,0, ,N, ,0, , , , , ,754210, , , ,1,1,0,0,0,0,0,0,0,0,0,1,1,0,0,0,0,0,0,0,0,1,0,0,0,0,0,0,0,0,0,0,1,0,0,4,0,40.0554,-75.1407, , 
 ,67946,2013006675,6,67,67301,2012,12,1,1245,12,1,1,0,4,1, , ,N,1,2,0,3,0,1,12,2,N, ,39 57:04.873,75 09:18.486,1249, ,1247, ,0, , , ,3, , , , , ,754212, , , ,2,1,0,1,0,0,0,0,0,0,1,0,1,0,0,0,0,0,0,0,0,0,0,0,0,0,0,0,0,0,0,0,0,0,0,3,1,39.9513,-75.1551, , 
 ,67947,2012074229,6,67,67301,2012,7,4,811,8,1,1,0,2,1, , ,N,0,0,0,3,0,2,2,2,N,N,39 58:34.484,75 11:43.279,820, ,814,1,2,4,N, ,0,N, , , , ,754216, , , ,2,1,0,0,0,0,1,0,0,0,0,2,2,0,0,0,0,0,0,0,0,0,0,0,0,0,0,0,0,0,0,0,0,0,0,4,0,39.9762,-75.1954, , 
 ,67948,2012074230,6,67,67301,2012,7,4,1540,15,1,1,0,1,1, , ,N,0,0,0,3,0,0,2,2,N,N,39 59:22.563,75 05:15.209,1551, ,1545, ,0, ,N, ,0, , , , , ,754217, , , ,2,1,0,0,1,0,0,0,0,0,0,0,0,0,0,0,0,0,1,0,1,0,0,0,0,0,0,0,0,0,0,0,0,0,0,0,0,39.9896,-75.0875, , 
 ,67949,2012088074,6,67,67301,2012,8,2,1120,11,1,1,0,1,1, , ,N,1,2,0,3,0,2,3,2,N,N,39 57:45.461,75 14:48.589,205, ,145, ,0, ,N, ,3, , , , , ,754235, , , ,2,1,0,0,1,0,0,0,0,0,2,0,2,0,0,0,0,0,0,0,0,0,0,0,0,0,0,0,0,0,0,0,0,0,0,3,0,39.9626,-75.247, , 
 ,67950,2012088546,6,67,67301,2012,8,4,740,7,1,1,0,8,1, , ,N,1,3,0,3,0,1,1,2,N,N,40 02:07.263,75 07:57.982,750, ,743, ,0, ,N, ,3, , , , , ,754237, , , ,1,1,0,0,0,0,0,0,0,0,0,1,1,0,0,0,0,0,0,0,0,0,0,0,0,0,0,0,0,0,0,0,1,0,0,4,0,40.0354,-75.1328, , 
 ,67951,2012099036,6,67,67301,2012,9,3,1940,19,8,9,8,4,1, , ,N,1,0,0,3,0,1,2,2,N,N,40 03:17.100,75 09:04.633,12, ,6, ,0, ,N, ,0, , , , , ,754243, , , ,2,2,0,0,0,0,0,0,0,0,1,0,1,0,1,0,0,1,0,0,0,0,0,0,0,0,0,0,0,0,0,0,0,0,0,3,0,40.0548,-75.1513, , 
 ,67952,2012120067,6,67,67301,2012,11,6,1550,15,1,1,0,1,1, , ,N,1,2,0,3,0,4,4,2,N,N,39 56:21.058,75 09:33.879,1615, ,1609, ,0, ,N, ,3, , , , , ,754260, , , ,2,2,0,0,0,0,0,0,0,0,0,3,3,0,1,0,0,0,0,0,0,0,0,0,0,0,0,0,0,0,0,0,0,0,0,4,0,39.9392,-75.1594, , 
 ,67953,2012122493,6,67,67301,2012,11,5,815,8,1,1,0,8,1, , ,N,2,2,0,3,0,1,2,2,N,N,40 04:53.936,74 59:39.961,1124, ,1113, ,0, ,N, ,3, , , , , ,744683, , , ,1,0,0,0,0,0,1,0,0,0,0,0,1,1,0,0,0,0,0,0,1,0,0,0,0,0,0,0,0,0,0,0,1,0,0,8,0,40.0816,-74.9944, , 
 ,67954,2012125478,6,67,67301,2012,11,7,2135,21,0,1,0,1,1, , ,N,1,2,0,3,0,1,6,2,N,N,39 57:23.708,75 09:08.591,2145, ,2142, ,0, ,N, ,3, , , , , ,744686, , , ,2,1,0,0,1,0,0,0,0,0,0,0,1,1,0,0,0,0,0,0,0,0,0,0,0,0,0,0,0,0,0,0,0,0,0,8,0,39.9566,-75.1524, , 
 ,67955,2013004011,6,67,67301,2012,12,1,145,1,3,2,1,7,5, , ,N,2,0,0,3,0,0,1,1,N,N,40 01:04.614,75 03:04.995,157, ,153, ,0, ,N, ,0, , , , , ,744715, , , ,1,1,0,0,0,0,0,0,0,0,0,0,0,0,0,0,0,0,0,0,0,0,0,0,0,0,0,0,0,0,0,0,0,0,0,0,0,40.0179,-75.0514, , 
 ,67956,2012117211,6,67,67301,2012,10,4,1010,10,1,1,0,1,1, , ,N,1,2,0,3,0,1,2,2,N,N,39 57:41.137,75 14:34.569,1022, ,1020, ,0, ,N, ,3, , , , , ,744718, , , ,2,1,0,0,0,0,0,1,0,0,0,0,1,1,0,0,0,0,0,0,1,1,0,0,0,0,0,0,0,0,0,0,0,0,0,8,0,39.9614,-75.2429, , 
 ,67957,2012126365,6,46,46102,2012,10,6,1830,18,3,1,0,5,1, , ,N,0,0,0,3,0,1,2,2,N,N,40 04:29.158,75 09:34.271,1930, ,9999, ,0, ,N, ,0, , , , , ,744728, , , ,2,1,0,0,0,0,1,0,0,0,0,0,1,1,1,0,0,0,0,0,1,0,0,0,0,0,0,0,0,0,0,0,0,0,0,8,0,40.0748,-75.1595, , 
 ,67958,2013003676,6,67,67301,2012,12,1,9999,99,3,2,1,8,1, , ,N,0,0,0,3,0,0,3,3,N,N,39 58:31.570,75 10:06.103,2039, ,2038,1,1,6,N, ,0,Y, , , , ,744735, , , ,1,1,0,0,0,0,0,0,0,0,0,1,2,1,0,0,0,0,0,0,0,0,0,0,0,0,0,0,0,0,0,0,2,0,0,4,0,39.9754,-75.1684, , 
 ,67959,2013003892,6,67,67301,2012,12,7,310,3,3,1,0,6,6, , ,N,0,0,0,3,0,0,1,6,N,N,40 02:21.400,75 06:08.121,314, ,312,3,2,3,N, ,0,N, , , , ,744736, , , ,6,5,0,0,0,0,0,1,0,0,0,0,0,0,0,0,0,0,0,0,0,0,0,0,0,0,0,0,0,0,0,0,0,0,0,0,0,40.0393,-75.1023, , 
 ,67960,2013006169,6,67,67301,2012,12,1,1507,15,1,1,0,2,1, , ,N,5,2,0,3,0,1,2,2,N,N,40 04:15.522,75 02:16.209,1511, ,1508,1,1,1,N, ,3,N, , , , ,744737, , , ,2,1,0,0,0,0,1,0,0,0,0,1,1,0,0,0,0,0,0,0,0,0,1,0,0,0,0,0,0,0,0,0,0,0,0,4,0,40.0711,-75.038, , 
 ,67961,2013007246,6,67,67301,2012,12,3,1038,10,1,1,0,8,9, , ,N,2,0,0,3,0,1,1,1,N,N,39 59:51.280,75 07:02.132,1045, ,1036, ,0, , , ,0, , , , , ,744738, , , ,0,0,0,0,0,0,0,0,0,0,0,0,1,1,0,0,0,0,0,0,0,0,0,0,0,0,0,0,0,0,0,0,1,0,0,8,0,39.9976,-75.1173, , 
 ,67962,2013020022,6,67,67301,2012,9,7,1930,19,4,1,0,5,4, , ,N,0,0,0,3,0,1,2,2,N,N,40 02:29.360,75 04:27.332,0, ,0, ,0, ,N, ,0, , , , , ,744739, , , ,2,1,0,0,0,0,0,0,0,0,1,0,1,0,1,0,0,0,0,0,0,0,0,0,0,0,0,0,0,0,0,0,0,0,0,3,0,40.0415,-75.0743, , 
 ,67963,2012128170,6,67,67301,2012,11,3,1310,13,1,2,1,1,1, , ,N,0,0,0,3,0,1,2,2,N,N,40 04:27.268,75 02:07.554,1315, ,1313,1,1,2,N, ,0,N, , , , ,744758, , , ,2,1,0,0,1,0,0,0,0,0,0,1,1,0,1,0,0,0,0,0,0,0,0,0,0,0,0,0,0,0,0,0,0,0,0,4,0,40.0742,-75.0354, , 