wz_ln_closure,objectid_1,crn,district,county,municipality,crash_year,crash_month,day_of_week,time_of_day,hour_of_day,illumination,weather,road_condition,collision_type,relation_to_road,work_zone_type,work_zone_loc,work_zone_ind,intersect_type,tcd_type,location_type,urban_rural,fatal_count,injury_count,person_count,total_units,sch_bus_ind,sch_zone_ind,latitude,longitude,arrival_tm,cons_zone_spd_lim,dispatch_tm,est_hrs_closed,lane_closed,ln_close_dir,ntfy_hiwy_maint,spec_juris_cd,tcd_func_cd,tfc_detour_ind,workers_pres,wz_close_detour,wz_flagger,wz_law_offcr_ind,objectid,wz_moving,wz_other,wz_shlder_mdn,vehicle_count,automobile_count,motorcycle_count,bus_count,small_truck_count,heavy_truck_count,suv_count,van_count,bicycle_count,maj_inj_count,mod_inj_count,min_inj_count,tot_inj_count,unk_inj_deg_count,unk_inj_per_count,driver_count_16yr,driver_count_17yr,driver_count_18yr,driver_count_19yr,driver_count_20yr,driver_count_50_64yr,driver_count_65_74yr,driver_count_75plus,unbelted_occ_count,unb_death_count,unb_maj_inj_count,belted_death_count,belted_maj_inj_count,mcycle_death_count,mcycle_maj_inj_count,bicycle_death_count,bicycle_maj_inj_count,ped_count,ped_death_count,ped_maj_inj_count,max_severity_level,comm_veh_count,dec_lat,dec_long,rdwy_surf_type_cd,county_name
 ,68097,2012128326,6,67,67301,2012,11,1,1255,12,1,1,0,4,1, , ,N,1,0,0,3,0,1,2,2,N,N,40 02:08.293,75 08:17.987,1305, ,1258, ,0, ,N, ,0, , , , , ,755107, , , ,1,0,0,0,0,0,0,1,0,0,0,1,1,0,0,0,0,0,0,0,1,0,0,0,0,0,0,0,0,0,0,0,1,0,0,4,0,40.0356,-75.1383, , 
 ,68098,2013003688,6,67,67301,2012,12,7,1211,12,3,2,1,2,1, , ,N,1,2,0,3,0,1,2,2,N,N,39 58:26.859,75 12:15.536,1215, ,1211, ,0, ,N, ,3, , , , , ,755114, , , ,1,1,0,0,0,0,0,0,0,0,0,0,0,0,0,0,0,0,0,0,1,0,0,0,0,0,0,0,0,0,0,0,0,0,0,0,1,39.9741,-75.2043, , 
 ,68099,2013003927,6,67,67301,2012,12,1,1120,11,1,9,0,4,1, , ,N,2,2,0,3,0,1,5,2,N,N,39 57:34.154,75 09:43.529,1139, ,1134, ,9, ,N, ,3, , , , , ,745114, , , ,2,2,0,0,0,0,0,0,0,0,0,1,1,0,0,0,0,0,0,0,0,0,0,1,0,0,0,0,0,0,0,0,0,0,0,4,0,39.9595,-75.162, , 
 ,68100,2013006871,6,67,67301,2012,12,5,810,8,1,1,0,7,5, , ,N,0,0,0,3,0,1,1,1,N, ,40 00:21.146,75 06:47.094,825, ,821, ,0, ,N, ,0, , , , , ,745117, , , ,1,1,0,0,0,0,0,0,0,0,0,1,1,0,0,0,0,0,0,0,0,0,0,1,0,0,0,0,0,0,0,0,0,0,0,4,0,40.0059,-75.1131, , 
 ,68101,2013015631,6,67,67301,2012,8,6,1929,19,1,1,0,1,1, , ,N,0,0,0,3,0,0,7,4,N,N,40 00:29.090,75 12:09.867,1933, ,1930, ,0, ,N, ,0, , , , , ,745120, , , ,4,1,0,0,0,0,3,0,0,0,0,0,0,0,0,0,0,0,0,0,0,0,0,0,0,0,0,0,0,0,0,0,0,0,0,0,0,40.0081,-75.2027, , 
 ,68102,2012128289,6,67,67301,2012,11,6,154,1,3,1,0,5,6, , ,N,0,0,0,3,0,0,1,4,N,N,39 56:13.935,75 10:01.031,154, ,154, ,0, ,N, ,0, , , , , ,745125, , , ,4,2,0,0,0,0,2,0,0,0,0,0,0,0,0,0,0,0,0,0,0,0,0,0,0,0,0,0,0,0,0,0,0,0,0,0,0,39.9372,-75.1669, , 
 ,68103,2012129961,6,67,67301,2012,11,7,109,1,3,1,0,1,6, , ,N,0,0,0,3,0,2,2,2,N,N,40 00:37.781,75 09:39.099,120, ,110, ,0, ,N, ,0, , , , , ,745127, , , ,2,1,0,0,0,1,0,0,0,0,0,2,2,0,0,0,0,0,0,0,0,0,0,0,0,0,0,0,0,0,0,0,0,0,0,4,1,40.0105,-75.1609, , 
 ,68104,2012098301,6,67,67301,2012,9,1,1600,16,1,1,0,4,1, , ,N,2,0,0,3,0,0,3,2,N,N,40 01:14.257,75 08:55.161,1830, ,1830, ,0, ,N, ,0, , , , , ,745163, , , ,2,1,0,0,0,0,1,0,0,0,0,0,0,0,1,0,0,0,0,1,0,0,0,0,0,0,0,0,0,0,0,0,0,0,0,9,0,40.0206,-75.1487, , 
 ,68105,2012098535,6,67,67301,2012,9,2,220,2,3,1,0,7,5, , ,N,5,2,0,3,0,0,1,1,N,N,40 01:39.219,75 06:36.203,232, ,225, ,0, ,Y, ,3, , , , , ,745164, , , ,1,1,0,0,0,0,0,0,0,0,0,0,0,0,1,0,0,0,0,0,0,0,0,0,0,0,0,0,0,0,0,0,0,0,0,9,0,40.0276,-75.1101, , 
 ,68106,2012104260,6,67,67301,2012,8,3,1147,11,1,1,0,8,1, , ,N,1,2,0,3,0,1,2,1,N, ,40 05:47.042,74 58:32.747,1203, ,1155, ,0, , , ,3, , , , , ,745169, , , ,1,0,0,0,0,0,1,0,0,0,0,1,1,0,0,0,0,0,0,0,0,0,0,0,0,0,0,0,0,0,0,0,1,0,0,4,0,40.0964,-74.9758, , 
 ,68107,2013003722,6,67,67301,2012,11,5,1907,19,3,1,0,8,1, , ,N,0,0,0,3,0,1,3,2,N,N,39 59:52.188,75 14:00.845,1920, ,1908,3,1,1,N, ,0,N, , , , ,745191, , , ,1,0,0,0,0,0,1,0,0,0,1,0,1,0,0,0,0,0,0,0,0,0,0,0,0,0,0,0,0,0,0,0,1,0,0,3,0,39.9978,-75.2336, , 
 ,68108,2012128282,6,67,67301,2012,11,7,1425,14,1,1,0,4,1, , ,N,1,2,0,3,0,0,0,3,N,N,40 03:21.040,75 07:37.414,1545, ,1545, ,0, ,N, ,3, , , , , ,745222, , , ,2,2,0,0,0,0,0,0,0,0,0,0,0,0,0,0,0,0,0,0,0,0,0,0,0,0,0,0,0,0,0,0,0,0,0,9,0,40.0558,-75.1271, , 
 ,68109,2013006656,6,67,67301,2012,11,3,830,8,1,2,1,4,1, , ,N,1,3,0,3,0,1,2,2,N,N,39 58:12.414,75 14:35.300,915, ,900, ,0, , , ,3, , , , , ,745235, , , ,1,0,0,0,0,0,0,0,1,0,0,0,1,1,0,0,0,0,0,0,0,0,0,0,0,0,0,0,0,0,0,0,0,0,0,8,0,39.9701,-75.2431, , 
 ,68110,2012120086,6,67,67301,2012,10,1,115,1,3,1,0,1,1, , ,N,2,2,0,3,0,2,3,2,N,N,40 01:38.245,75 01:43.720,133, ,128, ,0, ,N, ,3, , , , , ,745245, , , ,2,1,0,0,1,0,0,0,0,0,0,0,2,2,0,0,0,0,0,0,0,0,0,0,0,0,0,0,0,0,0,0,0,0,0,8,0,40.0273,-75.0288, , 
 ,68111,2012095430,6,67,67301,2012,8,4,2304,23,3,1,0,9,1, , ,N,2,2,0,3,0,1,2,2,N, ,39 56:50.359,75 10:45.526,2314, ,2307, ,0, ,N, ,3, , , , , ,745265, , , ,1,1,0,0,0,0,0,0,0,0,0,1,1,0,0,0,0,0,0,0,0,0,0,0,0,0,0,0,0,0,0,0,0,0,0,4,0,39.9473,-75.1793, , 
 ,68112,2012096410,6,67,67301,2012,8,5,1115,11,1,1,0,4,5, , ,N,0,0,0,3,0,1,1,2,N, ,40 04:58.101,74 59:47.446,1123, ,1119, ,0, , , ,0, , , , , ,745267, , , ,0,0,0,0,0,0,0,0,1,0,0,1,1,0,0,0,0,0,0,0,0,0,0,0,0,0,0,0,0,0,0,0,0,0,0,4,0,40.0828,-74.9965, , 
 ,68113,2012098210,6,67,67301,2012,8,5,1930,19,1,1,0,4,1, , ,N,1,2,0,3,0,1,2,2,N, ,39 57:00.784,75 14:13.909,1940, ,1937, ,0, , , ,3, , , , , ,745269, , , ,1,1,0,0,0,0,0,0,1,0,1,0,1,0,0,0,0,0,0,0,0,0,0,0,0,0,0,0,0,0,0,0,0,0,0,3,0,39.9502,-75.2372, , 
 ,68114,2012117341,6,67,67301,2012,10,1,1252,12,1,1,0,8,1, , ,N,0,0,0,3,0,1,3,2,N,N,39 57:00.093,75 14:24.057,1255, ,1253,3,2,4,N, ,0,Y, , , , ,745317, , , ,1,1,0,0,0,0,0,0,0,1,0,0,1,0,0,0,0,0,0,0,0,0,0,0,0,0,0,0,0,0,0,0,1,0,1,2,0,39.95,-75.24, , 
 ,68115,2013006740,6,67,67301,2012,12,6,1505,15,1,2,1,1,1, , ,N,1,0,0,3,0,0,2,2,N,N,39 57:42.116,75 09:16.249,1510, ,1505, ,0, ,N, ,0, , , , , ,745329, , , ,2,1,0,0,0,0,1,0,0,0,0,0,0,0,0,0,0,0,0,0,1,0,0,0,0,0,0,0,0,0,0,0,0,0,0,0,0,39.9617,-75.1545, , 
 ,68116,2013006877,6,67,67301,2012,12,6,1814,18,3,1,0,1,1, , ,N,0,0,0,3,0,1,2,2,N,N,40 00:23.061,75 07:01.803,1819, ,1816, ,0, ,N, ,0, , , , , ,745330, , , ,2,2,0,0,0,0,0,0,0,0,0,0,1,1,1,0,0,0,0,0,0,0,0,0,0,0,0,0,0,0,0,0,0,0,0,8,0,40.0064,-75.1172, , 
 ,68117,2012104005,6,67,67301,2012,9,7,2032,20,3,2,1,1,1, , ,N,0,2,0,3,0,0,2,2,N,N,40 02:54.466,75 05:48.099,2040, ,2032, ,0, ,N, ,3, , , , , ,745338, , , ,2,0,0,0,1,0,1,0,0,0,0,0,0,0,0,0,0,0,0,0,1,0,0,0,0,0,0,0,0,0,0,0,0,0,0,0,0,40.0485,-75.0967, , 
 ,68118,2013021010,6,67,67301,2012,11,6,220,2,6,1,0,1,1, , ,N,0,0,0,3,0,1,2,2, ,N,39 57:34.548,75 10:32.169,0, ,0, ,0, ,N, ,0, , , , , ,747888, , , ,2,2,0,0,0,0,0,0,0,0,0,0,1,1,1,0,0,0,0,0,0,0,0,0,0,0,0,0,0,0,0,0,0,0,0,8,0,39.9596,-75.1756, , 
 ,68119,2012105710,6,67,67301,2012,10,7,1355,13,1,1,0,1,1, , ,N,0,0,0,3,0,2,2,2,N,N,39 59:25.666,75 12:18.427,1455, ,1422,1,2,3,N, ,0,N, , , , ,747899, , , ,2,0,0,0,0,0,2,0,0,0,0,2,2,0,0,0,0,0,0,0,1,0,0,0,0,0,0,0,0,0,0,0,0,0,0,4,0,39.9905,-75.2051, , 
 ,68120,2013006732,6,67,67301,2012,12,2,700,7,5,6,1,4,1, , ,N,5,2,0,3,0,2,2,2,N,N,39 59:49.334,75 14:06.912,729, ,720, ,0, ,N, ,3, , , , , ,747927, , , ,2,1,0,0,0,0,1,0,0,0,2,0,2,0,0,0,0,0,0,0,1,0,0,0,0,0,0,0,0,0,0,0,0,0,0,3,0,39.997,-75.2353, , 
 ,68121,2013006743,6,67,67301,2012,12,2,1418,14,1,1,0,4,1, , ,N,1,2,0,3,0,5,8,2,N,N,40 02:07.087,75 06:30.627,1425, ,1422, ,0, ,N, ,3, , , , , ,747928, , , ,2,1,0,1,0,0,0,0,0,0,0,4,5,1,0,0,0,0,0,0,0,0,0,0,0,0,0,0,0,0,0,0,0,0,0,4,1,40.0353,-75.1085, , 
 ,68122,2012095522,6,67,67301,2012,8,6,1245,12,1,1,0,8,1, , ,N,0,0,0,3,0,1,1,1,N,N,40 01:01.186,75 03:37.940,1630, ,1616, ,0, ,Y, ,0, , , , , ,747935, , , ,1,0,0,0,1,0,0,0,0,0,0,0,1,1,0,0,0,0,0,0,0,0,0,0,0,0,0,0,0,0,0,0,1,0,0,8,0,40.017,-75.0605, , 
 ,68123,2012102848,6,67,67301,2012,10,1,1755,17,1,1,0,1,1, , ,N,0,0,0,3,0,1,3,2,N,N,39 57:33.057,75 10:23.912,1825, ,1759, ,0, ,N, ,0, , , , , ,747940, , , ,2,2,0,0,0,0,0,0,0,0,0,0,1,1,0,0,0,0,0,0,0,0,0,0,0,0,0,0,0,0,0,0,0,0,0,8,0,39.9592,-75.1733, , 
 ,68124,2013003494,6,67,67301,2012,11,2,1056,10,1,1,0,4,1, , ,N,0,0,0,3,0,0,2,2,N,N,40 02:23.537,75 00:24.399,1057, ,1057,1,1,2,N, ,0,N, , , , ,747969, , , ,2,1,0,0,0,1,0,0,0,0,0,0,0,0,0,0,0,0,0,0,0,0,0,0,0,0,0,0,0,0,0,0,0,0,0,0,1,40.0399,-75.0068, , 
 ,68125,2013006879,6,67,67301,2012,12,3,322,3,3,2,1,7,2, , ,N,0,0,0,3,0,1,1,1,N,N,40 06:33.444,75 02:34.155,325, ,323, ,0, ,N, ,0, , , , , ,747970, , , ,1,1,0,0,0,0,0,0,0,1,0,0,1,0,0,0,0,0,0,0,0,0,0,0,0,0,0,0,0,0,0,0,0,0,0,2,0,40.1093,-75.0428, , 
 ,68126,2012076007,6,67,67301,2012,6,3,1610,16,1,1,0,1,1, , ,N,0,2,0,3,0,1,4,4,N, ,39 59:37.305,75 10:45.490,1618, ,1615,3,2,5, , ,3,Y, , , , ,747977, , , ,4,0,0,0,2,0,1,1,0,0,0,1,1,0,1,0,0,0,0,0,1,0,0,0,0,0,0,0,0,0,0,0,0,0,0,4,0,39.9937,-75.1793, , 
 ,68127,2012078320,6,67,67301,2012,7,7,1110,11,1,1,0,4,1, , ,N,1,2,0,3,0,3,4,2,N,N,40 00:27.734,75 06:10.133,1130, ,1130, ,0, ,N, ,3, , , , , ,747978, , , ,2,2,0,0,0,0,0,0,0,0,0,2,3,1,0,0,0,1,0,0,0,0,0,0,0,0,0,0,0,0,0,0,0,0,0,4,0,40.0077,-75.1028, , 
 ,68128,2012083375,6,67,67301,2012,7,7,1320,13,1,2,1,0,1, , ,N,0,0,0,3,0,1,1,1,N,N,40 07:51.174,75 00:53.979,1327, ,1323, ,0, , , ,0, , , , , ,747983, , , ,1,1,0,0,0,0,0,0,0,0,0,1,1,0,0,0,0,0,0,0,0,0,0,0,0,0,0,0,0,0,0,0,0,0,0,4,0,40.1309,-75.015, , 
 ,68129,2012083521,6,67,67301,2012,6,5,515,5,5,1,0,5,1, , ,N,0,0,0,3,0,0,3,3,N,N,40 00:37.456,75 03:45.949,527, ,523,2,2,1,N, ,0,N, , , , ,747984, , , ,3,0,0,1,1,0,0,1,0,0,0,0,0,0,0,0,0,0,0,0,1,0,1,0,0,0,0,0,0,0,0,0,0,0,0,0,1,40.0104,-75.0629, , 
 ,68130,2012104104,6,67,67301,2012,9,5,1300,13,1,1,0,1,6, , ,N,0,0,0,3,0,0,2,2,N,N,39 58:15.312,75 12:47.746,1640, ,1635, ,0, ,N, ,0, , , , , ,748002, , , ,2,1,0,0,0,0,0,0,0,0,0,0,0,0,1,0,0,0,0,0,0,0,0,0,0,0,0,0,0,0,0,0,0,0,0,9,0,39.9709,-75.2133, , 
 ,68131,2012111695,6,67,67301,2012,10,6,1712,17,1,1,0,4,2, , ,N,1,3,0,3,0,1,2,2,N,N,40 00:43.066,75 08:09.135,1712, ,1710, ,0, ,N, ,3, , , , , ,748012, , , ,2,1,0,0,1,0,0,0,0,0,0,1,1,0,0,0,0,0,0,0,0,0,0,1,0,0,0,0,0,0,0,0,0,0,0,4,0,40.012,-75.1359, , 
 ,68132,2012112500,6,67,67301,2012,11,3,1751,17,3,1,0,1,1, , ,N,6,0,2,3,0,2,4,3,N,N,40 00:25.119,75 11:58.634,1805, ,1757,1,2,3,N, ,0,N, , , , ,748014, , , ,3,1,0,0,0,0,1,1,0,0,0,2,2,0,0,0,0,0,0,0,1,1,0,0,0,0,0,0,0,0,0,0,0,0,0,4,0,40.007,-75.1996, , 
 ,68133,2012128177,6,67,67301,2012,11,1,202,2,3,1,0,1,7, , ,N,3,0,2,3,0,0,3,2,N, ,40 00:23.014,75 11:35.473,204, ,202, ,0, , , ,0, , , , , ,748020, , , ,2,2,0,0,0,0,0,0,0,0,0,0,0,0,1,0,0,0,0,0,0,0,0,0,0,0,0,0,0,0,0,0,0,0,0,9,0,40.0064,-75.1932, , 
 ,68134,2013031485,6,67,67301,2012,12,1,120,1,3,1,0,1,2, , ,N,2,0,0,3,0,0,1,3,N, ,40 02:39.946,75 00:31.840,125, ,120, ,0, , , ,0, , , , , ,748034, , , ,3,2,0,0,0,0,1,0,0,0,0,0,0,0,0,0,0,0,0,0,0,0,0,0,0,0,0,0,0,0,0,0,0,0,0,0,0,40.0444,-75.0088, , 
 ,68135,2012122486,6,67,67301,2012,11,6,2110,21,3,1,0,4,1, , ,N,1,2,0,3,0,1,2,2,N,N,39 55:26.291,75 13:20.023,2112, ,2111, ,0, ,N, ,3, , , , , ,748040, , , ,1,0,0,0,1,0,0,0,1,0,1,0,1,0,0,0,0,0,0,0,0,0,0,0,0,0,0,0,0,0,0,0,0,0,0,3,0,39.9239,-75.2221, , 
 ,68136,2012098540,6,67,67301,2012,9,3,1408,14,1,1,0,4,1, , ,N,1,2,0,3,0,2,2,2,N,N,40 03:12.900,75 08:29.229,1427, ,1413, ,0, ,N, ,3, , , , , ,751151, , , ,2,2,0,0,0,0,0,0,0,0,0,2,2,0,0,0,0,0,0,0,0,0,0,0,0,0,0,0,0,0,0,0,0,0,0,4,0,40.0537,-75.1414, , 
 ,68137,2013003985,6,67,67301,2012,12,7,840,8,1,1,0,8,1, , ,N,2,0,0,3,0,1,2,2,N,N,40 02:48.894,75 05:08.836,940, ,925, ,0, ,N, ,0, , , , , ,751176, , , ,1,1,0,0,0,0,0,0,0,0,0,1,1,0,0,0,0,0,0,0,0,0,0,0,0,0,0,0,0,0,0,0,1,0,0,4,0,40.0469,-75.0858, , 
 ,68138,2013006832,6,67,67301,2012,12,1,1425,14,1,1,1,4,3, , ,N,1,2,0,3,0,3,5,2,N,N,40 04:51.033,75 12:09.605,1455, ,1449, ,0, ,N, ,3, , , , , ,751177, , , ,2,1,0,0,1,0,0,0,0,0,0,3,3,0,0,0,0,0,0,0,1,0,1,0,0,0,0,0,0,0,0,0,0,0,0,4,0,40.0808,-75.2027, , 
 ,68139,2012128188,6,46,46108,2012,11,3,1158,11,1,2,1,7,4, , ,N,0,0,0,3,0,0,1,1,N,N,40 05:09.709,75 12:44.619,1211, ,1211, ,0, ,N, ,0, , , , , ,751182, , , ,1,1,0,0,0,0,0,0,0,0,0,0,0,0,0,0,0,0,0,0,0,0,0,0,0,0,0,0,0,0,0,0,0,0,0,0,0,40.086,-75.2124, , 
 ,68140,2012104284,6,67,67301,2012,8,6,1400,14,1,1,0,4,1, , ,N,1,2,0,3,0,2,2,2,N,N,40 02:00.340,75 05:26.221,1417, ,1414,2,2,5,N, ,3,Y, , , , ,751192, , , ,2,2,0,0,0,0,0,0,0,0,0,1,2,1,0,0,0,0,0,0,2,0,0,0,0,0,0,0,0,0,0,0,0,0,0,4,0,40.0334,-75.0906, , 
 ,68141,2012109853,6,67,67301,2012,10,5,9999,99,1,2,1,7,2, , ,N,0,0,0,3,0,1,1,1,N, ,40 03:19.172,75 04:23.456,922, ,918, ,0, , , ,0, , , , , ,751197, , , ,1,0,0,0,0,0,0,1,0,0,1,0,1,0,0,0,0,0,0,0,1,0,0,0,0,0,0,0,0,0,0,0,0,0,0,3,0,40.0553,-75.0732, , 
 ,68142,2012105709,6,67,67301,2012,9,7,208,2,3,1,0,7,4, , ,N,0,0,0,3,1,0,1,1,N,N,40 01:05.285,75 02:51.846,213, ,209,3,1,1,N,0,0,N, , , , ,751209, , , ,1,0,0,0,0,0,1,0,0,0,0,0,0,0,0,0,0,0,0,0,0,0,0,1,1,0,0,0,0,0,0,0,0,0,0,1,0,40.0181,-75.0479,2, 
 ,68143,2012104120,6,67,67301,2012,9,3,2313,23,3,1,0,4,1, , ,N,1,2,0,3,0,1,4,2,N,N,39 55:24.611,75 09:46.436,2341, ,2313, ,0, ,N, ,3, , , , , ,751229, , , ,1,1,0,0,0,0,0,0,1,0,1,0,1,0,0,0,0,0,0,0,0,0,0,0,0,0,0,0,0,0,0,0,1,0,0,3,0,39.9235,-75.1628, , 
 ,68144,2012111675,6,67,67301,2012,10,1,1723,17,1,1,0,1,1, , ,N,1,2,0,3,0,1,6,2,N,N,40 04:27.539,75 02:05.367,1758, ,1754, ,0, ,N, ,3, , , , , ,751234, , , ,2,1,0,0,0,0,0,0,0,0,0,1,1,0,0,0,0,0,0,0,1,0,0,0,0,0,0,0,0,0,0,0,0,0,0,4,0,40.0743,-75.0348, , 
 ,68145,2012114375,6,67,67301,2012,10,3,1337,13,1,1,0,2,1, , ,N,1,3,0,3,0,0,3,2,N, ,39 56:36.621,75 14:06.917,1342, ,1339, ,0, , , ,3, , , , , ,751258, , , ,2,2,0,0,0,0,0,0,0,0,0,1,1,0,1,0,0,0,0,0,1,1,0,0,0,0,0,0,0,0,0,0,0,0,0,4,0,39.9435,-75.2353, , 
 ,68146,2012116479,6,67,67301,2012,11,6,1925,19,3,1,0,1,1, , ,N,0,0,0,3,0,1,3,3,N,N,39 59:10.693,75 05:30.994,1959, ,1942, ,0, ,N, ,0, , , , , ,751261, , , ,3,3,0,0,0,0,0,0,0,0,0,1,1,0,1,0,0,0,0,0,2,0,0,0,0,0,0,0,0,0,0,0,0,0,0,4,0,39.9862,-75.0921, , 
 ,68147,2012123331,6,67,67301,2012,10,5,2000,20,3,1,0,4,1, , ,N,0,0,7,3,0,1,2,2,N,N,40 02:12.680,75 10:25.480,2050, ,2042, ,0, ,N, ,0, , , , , ,751264, , , ,2,1,0,1,0,0,0,0,0,0,0,0,1,1,0,0,0,0,0,0,0,0,0,0,0,0,0,0,0,0,0,0,0,0,0,8,1,40.0369,-75.1737, , 
 ,68148,2012111659,6,67,67301,2012,10,3,925,9,1,1,1,4,1, , ,N,2,3,0,3,0,1,2,2,N,N,39 57:37.465,75 10:06.409,930, ,927, ,0, , , ,3, , , , , ,751286, , , ,2,2,0,0,0,0,0,0,0,0,0,1,1,0,0,0,0,0,0,0,1,0,0,0,0,0,0,0,0,0,0,0,0,0,0,4,0,39.9604,-75.1684, , 
 ,68149,2012117349,6,67,67301,2012,10,6,854,8,1,2,1,7,4, , ,N,0,0,0,3,0,0,1,1,N,N,39 56:33.438,75 14:21.106,906, ,854, ,0, ,N, ,0, , , , , ,751291, , , ,1,1,0,0,0,0,0,0,0,0,0,0,0,0,0,0,0,0,0,0,0,1,0,0,0,0,0,0,0,0,0,0,0,0,0,0,0,39.9426,-75.2392, , 
 ,68150,2012114962,6,67,67301,2012,9,4,2200,22,3,1,0,4,2, , ,N,0,0,0,3,0,3,4,2,N,N,39 52:36.116,75 15:22.846,2225, ,2209,2,1,2,N, ,0,N, , , , ,751309, , , ,2,0,0,0,0,0,2,0,0,0,0,0,3,3,0,0,0,0,0,0,1,1,0,0,0,0,0,0,0,0,0,0,0,0,0,8,0,39.8767,-75.2563, , 
 ,68151,2012115161,6,67,67301,2012,6,3,2230,22,3,1,0,4,1, , ,N,1,0,0,3,0,0,2,2,N,N,39 56:40.971,75 14:36.309,0, ,0, ,0, ,N, ,0, , , , , ,751310, , , ,2,0,1,0,0,0,0,0,0,0,0,0,0,0,0,0,0,0,0,0,0,0,0,0,0,0,0,0,0,0,0,0,0,0,0,0,0,39.9447,-75.2434, , 
 ,68152,2013003787,6,67,67301,2012,12,5,1745,17,8,9,8,4,1, , ,N,1,3,0,3,0,1,2,2,N,N,40 00:04.734,75 08:17.437,1633, ,1633, ,0, ,N, ,3, , , , , ,751335, , , ,1,1,0,0,0,0,0,0,1,0,1,0,1,0,1,0,0,0,0,0,0,0,0,0,0,0,0,0,0,0,0,0,0,0,0,3,0,40.0013,-75.1382, , 
 ,68153,2012122362,6,67,67301,2012,11,5,2330,23,3,9,8,6,1, , ,N,0,0,0,3,0,2,3,2,N,N,40 03:17.063,75 10:33.532,9999, ,0, ,0, , , ,0, , , , , ,751361, , , ,2,2,0,0,0,0,0,0,0,0,0,1,3,2,0,0,0,1,0,0,0,0,0,0,0,0,0,0,0,0,0,0,0,0,0,4,0,40.0547,-75.176, , 
 ,68154,2012122913,6,67,67301,2012,11,5,704,7,5,1,0,7,5, , ,N,2,2,0,3,0,1,1,1,N,N,39 55:00.970,75 12:57.138,708, ,706, ,0, , , ,3, , , , , ,753056, , , ,1,1,0,0,0,0,0,0,0,0,1,0,1,0,0,0,0,0,0,0,0,0,0,0,0,0,0,0,0,0,0,0,0,0,0,3,0,39.9169,-75.2159, , 
 ,68155,2012128311,6,67,67301,2012,11,1,9999,99,3,1,0,5,5, , ,N,0,0,0,3,0,1,1,1,N,N,39 58:33.182,75 14:25.108,9999, ,9999, ,0, ,N, ,0, , , , , ,753065, , , ,0,0,0,0,0,0,0,0,0,0,0,1,1,0,0,0,0,0,0,0,0,0,0,0,0,0,0,0,0,0,0,0,1,0,0,4,0,39.9759,-75.2403, , 
 ,68156,2013004408,6,67,67301,2012,12,6,1700,17,3,2,1,8,1, , ,N,0,0,0,3,0,1,2,2,N, ,39 59:21.688,75 05:47.277,1707, ,1705, ,0, , , ,0, , , , , ,753067, , , ,1,0,0,0,1,0,0,0,0,0,0,1,1,0,0,0,0,0,0,0,0,0,0,0,0,0,0,0,0,0,0,0,1,0,0,4,0,39.9894,-75.0965, , 
 ,68157,2012128166,6,67,67301,2012,11,2,2200,22,3,1,0,9,1, , ,N,1,0,0,3,0,1,2,2,N,N,39 57:12.781,75 09:22.643,2240, ,0, ,0, , , ,0, , , , , ,753092, , , ,2,2,0,0,0,0,0,0,0,0,0,1,1,0,0,0,0,0,0,0,0,0,0,0,0,0,0,0,0,0,0,0,0,0,0,4,0,39.9536,-75.1563, , 
 ,68158,2012128324,6,67,67301,2012,11,6,1515,15,1,1,0,2,1, , ,N,1,2,0,3,0,1,2,2,N,N,40 02:17.648,75 08:27.672,1525, ,1521, ,0, ,N, ,3, , , , , ,753093, , , ,2,1,0,0,0,1,0,0,0,0,0,0,1,1,0,0,0,0,0,0,0,0,0,0,0,0,0,0,0,0,0,0,0,0,0,8,0,40.0382,-75.1411, , 
 ,68159,2013003837,6,67,67301,2012,12,2,1140,11,1,1,0,8,1, , ,N,1,2,0,3,0,1,2,2,N,N,39 57:06.984,75 09:35.699,1149, ,1146, ,0, ,N, ,3, , , , , ,753099, , , ,1,1,0,0,0,0,0,0,0,0,1,0,1,0,0,0,0,0,0,0,1,0,0,0,0,0,0,0,0,0,0,0,1,0,0,3,0,39.9519,-75.1598, , 
 ,68160,2012111672,6,67,67301,2012,10,7,2330,23,3,1,0,5,1, , ,N,0,0,0,3,0,0,2,2,N,N,40 01:34.854,75 05:38.450,3, ,2333,1,1,1, , ,0,N, , , , ,753110, , , ,2,2,0,0,0,0,0,0,0,0,0,0,0,0,1,0,0,0,0,0,0,0,0,0,0,0,0,0,0,0,0,0,0,0,0,9,0,40.0263,-75.094, , 
 ,68161,2012109713,6,67,67301,2012,10,7,2134,21,3,1,0,4,1, , ,N,1,2,0,3,0,1,2,2,N,N,39 58:39.875,75 12:48.192,2155, ,2148,9,1,3,N, ,3,N, , , , ,753117, , , ,2,2,0,0,0,0,0,0,0,0,0,1,1,0,0,0,0,0,0,0,2,0,0,0,0,0,0,0,0,0,0,0,0,0,0,4,0,39.9777,-75.2134, , 
 ,68162,2012122426,6,67,67301,2012,11,4,1710,17,8,2,1,8,9, , ,N,1,2,0,3,0,1,1,1,N,N,39 59:56.763,75 13:51.120,1814, ,1807, ,0, ,N, ,3, , , , , ,753127, , , ,1,0,0,0,0,0,0,0,0,0,0,0,1,1,0,0,0,0,0,0,0,0,0,0,0,0,0,0,0,0,0,0,1,0,0,8,0,39.9991,-75.2309, , 