wz_ln_closure,objectid_1,crn,district,county,municipality,crash_year,crash_month,day_of_week,time_of_day,hour_of_day,illumination,weather,road_condition,collision_type,relation_to_road,work_zone_type,work_zone_loc,work_zone_ind,intersect_type,tcd_type,location_type,urban_rural,fatal_count,injury_count,person_count,total_units,sch_bus_ind,sch_zone_ind,latitude,longitude,arrival_tm,cons_zone_spd_lim,dispatch_tm,est_hrs_closed,lane_closed,ln_close_dir,ntfy_hiwy_maint,spec_juris_cd,tcd_func_cd,tfc_detour_ind,workers_pres,wz_close_detour,wz_flagger,wz_law_offcr_ind,objectid,wz_moving,wz_other,wz_shlder_mdn,vehicle_count,automobile_count,motorcycle_count,bus_count,small_truck_count,heavy_truck_count,suv_count,van_count,bicycle_count,maj_inj_count,mod_inj_count,min_inj_count,tot_inj_count,unk_inj_deg_count,unk_inj_per_count,driver_count_16yr,driver_count_17yr,driver_count_18yr,driver_count_19yr,driver_count_20yr,driver_count_50_64yr,driver_count_65_74yr,driver_count_75plus,unbelted_occ_count,unb_death_count,unb_maj_inj_count,belted_death_count,belted_maj_inj_count,mcycle_death_count,mcycle_maj_inj_count,bicycle_death_count,bicycle_maj_inj_count,ped_count,ped_death_count,ped_maj_inj_count,max_severity_level,comm_veh_count,dec_lat,dec_long,rdwy_surf_type_cd,county_name
 ,68295,2013003716,6,67,67301,2012,12,6,2225,22,3,1,0,6,1, , ,N,1,2,0,3,0,1,3,2,N,N,39 59:08.735,75 06:41.576,2226, ,2225, ,0, ,N, ,3, , , , , ,751668, , , ,2,1,0,0,0,0,1,0,0,0,0,0,1,1,0,0,0,0,0,0,0,1,0,0,0,0,0,0,0,0,0,0,0,0,0,8,0,39.9858,-75.1116, , 
 ,68296,2012122365,6,67,67301,2012,11,3,1807,18,6,1,0,1,1, , ,N,0,0,0,3,0,7,7,4,N,N,40 03:02.235,75 03:04.606,1820, ,1814,9,1,2, , ,0,N, , , , ,751678, , , ,4,2,0,0,1,0,0,1,0,0,1,6,7,0,0,0,0,0,0,0,1,0,0,0,0,0,0,0,0,0,0,0,0,0,0,3,0,40.0506,-75.0513, , 
 ,68297,2013007274,6,67,67301,2012,12,5,117,1,3,1,0,8,1, , ,N,0,0,0,3,0,1,2,2,N, ,40 02:30.645,75 00:45.790,122, ,120, ,0, , , ,0, , , , , ,751691, , , ,1,0,0,0,0,0,1,0,0,0,0,0,1,1,0,0,0,0,0,0,0,0,0,0,0,0,0,0,0,0,0,0,1,0,0,8,0,40.0418,-75.0127, , 
 ,68298,2013016269,6,67,67301,2012,12,3,1937,19,3,1,0,4,1, , ,N,0,0,7,3,0,1,3,2,N,N,40 03:03.096,75 03:37.544,1940, ,1938, ,0, ,N, ,0, , , , , ,751692, , , ,2,1,0,0,1,0,0,0,0,0,0,0,1,1,0,0,0,0,0,0,0,0,0,0,0,0,0,0,0,0,0,0,0,0,0,8,0,40.0509,-75.0604, , 
 ,68299,2013006190,6,67,67301,2012,12,4,1551,15,1,2,1,8,1, , ,N,2,3,0,3,0,1,2,2,N, ,40 02:16.072,75 08:33.799,1653, ,1650, ,0, , , ,3, , , , , ,751698, , , ,1,1,0,0,0,0,0,0,0,0,0,1,1,0,1,0,0,0,0,0,0,0,0,0,0,0,0,0,0,0,0,0,1,0,0,4,0,40.0378,-75.1427, , 
 ,68300,2013012046,6,67,67301,2012,12,7,205,2,3,1,0,4,1, , ,N,1,2,0,3,0,2,4,2,N,N,39 59:49.350,75 10:42.861,210, ,205, ,0, ,N, ,3, , , , , ,753600, , , ,2,2,0,0,0,0,0,0,0,0,0,0,2,2,0,0,0,0,0,0,0,0,0,0,0,0,0,0,0,0,0,0,0,0,0,8,0,39.997,-75.1786, , 
 ,68301,2012114373,6,67,67301,2012,10,6,609,6,3,1,0,4,1, , ,N,1,2,0,3,0,1,2,2,N, ,40 02:25.798,75 03:31.964,635, ,610,2,1,2, , ,3,N, , , , ,753608, , , ,2,1,0,0,0,0,1,0,0,0,1,0,1,0,0,0,0,0,0,0,0,0,0,1,0,0,0,0,0,0,0,0,0,0,0,3,0,40.0405,-75.0589, , 
 ,68302,2012117207,6,67,67301,2012,10,3,2343,23,3,1,0,6,1, , ,N,0,7,0,3,0,0,4,2,N,N,39 57:10.450,75 12:10.205,9999, ,2343, ,0, ,N, ,3, , , , , ,753610, , , ,2,0,0,0,0,0,0,2,0,0,0,0,0,0,0,0,0,0,0,0,0,0,0,0,0,0,0,0,0,0,0,0,0,0,0,0,0,39.9529,-75.2028, , 
 ,68303,2012122375,6,67,67301,2012,9,5,235,2,3,1,0,7,1, , ,N,9,6,0,3,0,0,1,1,N,N,39 55:37.484,75 13:01.210,235, ,235, ,0, ,N, ,3, , , , , ,753612, , , ,1,0,0,0,0,0,0,1,0,0,0,0,0,0,0,0,0,0,0,0,0,0,0,0,0,0,0,0,0,0,0,0,0,0,0,0,0,39.9271,-75.217, , 
 ,68304,2013007263,6,67,67301,2012,12,3,1320,13,1,8,1,8,2, , ,N,0,0,7,3,0,1,2,2,N, ,39 59:26.998,75 07:51.160,1325, ,1315, ,0, , , ,0, , , , , ,753626, , , ,1,1,0,0,0,0,0,0,0,0,0,0,1,1,0,0,0,0,0,0,1,0,0,1,0,0,0,0,0,0,0,0,1,0,0,8,0,39.9908,-75.1309, , 
 ,68305,2012109691,6,67,67301,2012,10,3,2200,22,3,2,1,4,1, , ,N,1,2,0,3,0,1,2,2,N,N,40 01:08.572,75 05:02.835,2200, ,2200, ,0, ,N, ,3, , , , , ,753637, , , ,2,2,0,0,0,0,0,0,0,0,0,0,1,1,0,0,0,0,0,0,1,0,0,0,0,0,0,0,0,0,0,0,0,0,0,8,0,40.019,-75.0841, , 
 ,68306,2012109974,6,67,67301,2012,10,7,827,8,1,1,0,5,1, , ,N,1,2,0,3,0,0,2,2,N,N,39 59:23.096,75 15:02.818,827, ,820,1,1,2,N, ,3,N, , , , ,753638, , , ,2,2,0,0,0,0,0,0,0,0,0,0,0,0,0,0,0,0,0,0,0,0,0,0,0,0,0,0,0,0,0,0,0,0,0,0,0,39.9897,-75.2508, , 
 ,68307,2012111788,6,67,67301,2012,10,6,732,7,1,1,0,8,1, , ,N,1,2,0,3,0,1,2,2,N,N,39 58:33.078,75 07:12.081,734, ,733, ,0, ,N, ,3, , , , , ,753639, , , ,1,1,0,0,0,0,0,0,0,0,0,1,1,0,0,0,0,0,0,0,0,0,0,0,0,0,0,0,0,0,0,0,1,0,0,4,0,39.9759,-75.12, , 
 ,68308,2012114869,6,67,67301,2012,10,3,1710,17,1,1,0,4,1, , ,N,1,3,0,3,0,0,3,2,N,N,39 57:25.981,75 13:17.079,1730, ,1724, ,0, ,N, ,3, , , , , ,753642, , , ,2,2,0,0,0,0,0,0,0,0,0,0,0,0,0,0,0,1,0,0,0,1,0,0,0,0,0,0,0,0,0,0,0,0,0,0,0,39.9572,-75.2214, , 
 ,68309,2012096177,6,67,67301,2012,9,2,941,9,1,1,0,5,1, , ,N,0,0,0,3,0,0,4,4,N,N,39 58:53.234,75 06:09.069,947, ,942, ,0, ,N, ,0, , , , , ,753647, , , ,4,4,0,0,0,0,0,0,0,0,0,0,0,0,0,0,0,0,0,0,1,0,0,0,0,0,0,0,0,0,0,0,0,0,0,0,0,39.9815,-75.1025, , 
 ,68310,2012109843,6,67,67301,2012,10,7,1400,14,1,1,0,2,1, , ,N,1,0,0,3,0,2,2,2,N,N,40 01:34.665,75 07:30.964,1705, ,1700, ,0, ,N, ,0, , , , , ,753661, , , ,2,2,0,0,0,0,0,0,0,0,1,0,1,0,1,0,0,0,0,0,1,0,0,1,0,0,0,0,0,0,0,0,0,0,0,3,0,40.0263,-75.1253, , 
 ,68311,2012109900,6,67,67301,2012,9,1,1630,16,1,1,0,8,9, , ,N,1,3,99,3,0,1,2,2,N,N,39 59:45.578,75 08:01.967,1015, ,1015, ,9, ,N, ,3, , , , , ,753662, , , ,1,0,0,0,0,0,1,0,0,0,0,1,1,0,0,0,0,1,0,0,0,0,0,0,0,0,0,0,0,0,0,0,1,0,0,4,1,39.996,-75.1339, , 
 ,68312,2012114883,6,67,67301,2012,10,6,935,9,1,2,1,4,6, , ,N,0,0,7,3,0,1,2,2,N,N,39 57:31.206,75 14:21.445,941, ,938, ,0, ,N, ,0, , , , , ,753670, , , ,1,1,0,0,0,0,0,0,1,0,0,0,1,1,0,0,0,0,0,0,1,0,0,0,0,0,0,0,0,0,0,0,0,0,0,8,0,39.9587,-75.2393, , 
 ,68313,2013003832,6,67,67301,2012,12,6,2002,20,3,6,1,7,7, , ,N,3,0,0,3,0,0,1,2,N,N,40 06:08.024,74 59:23.673,2002, ,2003,1,1,4,Y, ,0,N, , , , ,753684, , , ,1,1,0,0,0,0,0,0,0,0,0,0,0,0,0,0,0,0,1,0,0,0,0,0,0,0,0,0,0,0,0,0,0,0,0,0,0,40.1002,-74.9876, , 
 ,68314,2012126090,6,67,67301,2012,12,2,1457,14,1,2,1,7,2, , ,N,0,0,0,3,0,0,2,1,N,N,40 00:35.365,75 03:51.137,1521, ,1507, ,0, ,N, ,0, , , , , ,753707, , , ,1,1,0,0,0,0,0,0,0,0,0,0,0,0,0,0,0,0,0,0,0,0,0,0,0,0,0,0,0,0,0,0,0,0,0,0,0,40.0098,-75.0643, , 
 ,68315,2013021030,6,67,67301,2012,12,6,9999,99,1,1,0,4,1, , ,N,0,0,0,3,0,2,3,2,N,N,39 56:52.875,75 13:38.506,0, ,0, ,0, ,N, ,0, , , , , ,753714, , , ,2,1,0,0,1,0,0,0,0,0,0,0,2,2,0,0,0,0,0,0,0,0,0,0,0,0,0,0,0,0,0,0,0,0,0,8,0,39.948,-75.2274, , 
 ,68316,2012095342,6,67,67301,2012,8,1,13,0,3,1,0,4,1, , ,N,1,2,0,3,0,3,3,2,N,N,39 56:28.421,75 12:33.849,27, ,25,9,1,1,N, ,3,N, , , , ,753721, , , ,2,1,0,0,0,0,1,0,0,0,0,2,3,1,0,0,0,0,0,1,0,0,0,1,0,0,0,0,0,0,0,0,0,0,0,4,0,39.9412,-75.2094, , 
 ,68317,2012117240,6,67,67301,2012,10,2,1800,18,1,1,0,4,1, , ,N,2,3,0,3,0,1,1,2,N, ,40 01:10.336,75 12:27.295,1816, ,1810, ,0, , , ,3, , , , , ,753739, , , ,1,1,0,0,0,0,0,0,0,0,0,0,1,1,0,0,0,0,0,0,1,0,0,0,0,0,0,0,0,0,0,0,0,0,0,8,0,40.0195,-75.2076, , 
 ,68318,2012111796,6,67,67301,2012,10,1,1500,15,1,1,0,8,1, , ,N,1,2,0,3,0,1,2,2,N,N,39 54:51.912,75 09:11.018,2035, ,2030, ,0, ,N, ,3, , , , , ,753758, , , ,1,0,0,0,0,0,1,0,0,0,0,1,1,0,1,0,0,0,0,0,0,0,0,0,0,0,0,0,0,0,0,0,1,0,0,4,0,39.9144,-75.1531, , 
 ,68319,2013000904,6,67,67301,2012,12,2,718,7,1,1,0,2,1, , ,N,0,0,0,3,0,1,2,2,N,N,39 59:29.934,75 12:09.462,722, ,720,1,1,4,N, ,0,N, , , , ,745722, , , ,2,2,0,0,0,0,0,0,0,0,0,0,1,1,0,0,0,0,0,0,0,0,0,1,0,0,0,0,0,0,0,0,0,0,0,8,0,39.9916,-75.2026, , 
 ,68320,2013003861,6,67,67301,2012,11,3,804,8,1,2,1,7,3, , ,N,0,0,0,3,0,0,2,2,N, ,39 53:00.421,75 15:05.879,859, ,804, ,0, , , ,0, , , , , ,745724, , , ,2,2,0,0,0,0,0,0,0,0,0,0,0,0,0,0,0,0,0,0,0,1,0,1,0,0,0,0,0,0,0,0,0,0,0,0,0,39.8835,-75.2516, , 
 ,68321,2013006736,6,67,67301,2012,12,7,1100,11,1,2,1,7,4, , ,N,2,0,0,3,0,1,1,1,N,N,39 59:15.720,75 12:58.139,1118, ,1115, ,0, ,N, ,0, , , , , ,745726, , , ,1,0,0,0,0,0,1,0,0,0,0,1,1,0,0,0,0,0,0,0,1,0,0,1,0,0,0,0,0,0,0,0,0,0,0,4,0,39.9877,-75.2161, , 
 ,68322,2012121747,6,67,67301,2012,12,7,2358,23,3,1,0,1,1, , ,N,0,0,0,3,0,0,2,2,N,N,39 58:13.881,75 11:34.361,11, ,0, ,0, ,N, ,0, , , , , ,745744, , , ,2,1,0,0,0,0,0,1,0,0,0,0,0,0,0,0,0,0,0,0,1,0,0,0,0,0,0,0,0,0,0,0,0,0,0,0,0,39.9705,-75.1929, , 
 ,68323,2012126387,6,67,67301,2012,11,1,1600,16,1,1,0,1,1, , ,N,0,0,0,3,0,0,2,2,N, ,39 59:22.582,75 15:03.919,1638, ,1630, ,0, , , ,0, , , , , ,745749, , , ,2,1,0,0,1,0,0,0,0,0,0,0,0,0,0,0,0,0,0,0,0,0,1,0,0,0,0,0,0,0,0,0,0,0,0,0,0,39.9896,-75.2511, , 
 ,68324,2013003754,6,67,67301,2012,12,3,1620,16,1,1,0,4,1, , ,N,1,2,0,3,0,1,2,2,N,N,40 07:00.010,75 01:11.269,1627, ,1625,2,2,1,N, ,3,Y, , , , ,745758, , , ,2,1,0,0,0,0,1,0,0,0,0,1,1,0,0,0,0,0,0,0,1,0,0,0,0,0,0,0,0,0,0,0,0,0,0,4,0,40.1167,-75.0198, , 
 ,68325,2013007300,6,67,67301,2012,12,4,1326,13,1,4,4,4,5, , ,N,2,2,0,3,0,1,1,3,N,N,39 56:50.704,75 14:23.171,1334, ,1329, ,0, ,N, ,3, , , , , ,745759, , , ,3,2,0,0,0,0,1,0,0,0,0,0,1,1,0,0,0,0,0,0,0,0,0,0,0,0,0,0,0,0,0,0,0,0,0,8,0,39.9474,-75.2398, , 
 ,68326,2012111766,6,67,67301,2012,10,6,740,7,1,1,0,4,1, , ,N,1,2,0,3,0,0,2,2,N,N,39 57:20.134,75 09:26.942,746, ,745,1,1,3,N, ,3,N, , , , ,745763, , , ,2,2,0,0,0,0,0,0,0,0,0,0,0,0,0,0,0,0,0,0,0,0,0,0,0,0,0,0,0,0,0,0,0,0,0,0,0,39.9556,-75.1575, , 
 ,68327,2013003839,6,67,67301,2012,11,6,1612,16,1,1,0,1,1, , ,N,0,0,0,3,0,1,3,2,N,N,40 02:02.091,75 01:00.743,1614, ,1614, ,0, ,N, ,0, , , , , ,745776, , , ,2,1,0,0,0,0,1,0,0,0,0,0,1,1,0,0,0,0,0,0,1,0,0,0,0,0,0,0,0,0,0,0,0,0,0,8,0,40.0339,-75.0169, , 
 ,68328,2013007282,6,67,67301,2012,12,3,1,0,3,1,1,1,1, , ,N,2,2,0,3,0,0,3,2,N,N,40 04:16.614,75 02:17.825,7, ,1,1,1,2, , ,3,N, , , , ,745778, , , ,2,2,0,0,0,0,0,0,0,0,0,0,0,0,0,0,0,0,0,1,0,0,0,0,0,0,0,0,0,0,0,0,0,0,0,0,0,40.0713,-75.0383, , 
 ,68329,2013008133,6,67,67301,2012,10,7,220,2,3,1,0,1,1, , ,N,0,0,0,3,0,3,10,7,N,N,39 53:15.285,75 14:32.473,229, ,220,2,2,2,N, ,0,Y, , , , ,745779, , , ,7,3,0,0,2,0,2,0,0,0,0,3,3,0,0,0,0,0,1,0,0,0,0,0,0,0,0,0,0,0,0,0,0,0,0,4,0,39.8876,-75.2424, , 
 ,68330,2012109766,6,67,67301,2012,10,2,1907,19,3,1,8,4,1, , ,N,5,2,0,3,0,1,4,2,N,N,40 01:22.061,75 09:32.460,1922, ,1922, ,0, ,N, ,3, , , , , ,745785, , , ,2,2,0,0,0,0,0,0,0,0,0,0,1,1,0,0,0,0,0,0,0,0,0,0,0,0,0,0,0,0,0,0,0,0,0,8,0,40.0228,-75.159, , 
 ,68331,2012122496,6,67,67301,2012,11,1,2130,21,3,1,0,2,1, , ,N,1,2,0,3,0,1,2,2,N,N,39 54:45.057,75 08:17.157,2146, ,2148, ,0, ,N, ,3, , , , , ,745814, , , ,2,2,0,0,0,0,0,0,0,0,0,0,0,0,2,0,0,0,0,1,0,0,0,0,0,0,0,0,0,0,0,0,0,0,0,9,0,39.9125,-75.1381, , 
 ,68332,2012125565,6,67,67301,2012,11,6,2322,23,3,1,0,4,1, , ,N,1,2,0,3,0,2,2,2,N,N,40 02:39.696,75 03:14.496,2328, ,2325,9,1,2,N, ,3,N, , , , ,745837, , , ,2,2,0,0,0,0,0,0,0,0,0,0,1,1,0,0,0,0,0,0,0,0,0,0,0,0,0,0,0,0,0,0,0,0,0,8,0,40.0443,-75.0541, , 
 ,68333,2013004420,6,67,67301,2012,11,1,1312,13,1,1,0,4,1, , ,N,1,2,0,3,0,1,2,2,N,N,39 59:10.777,75 07:54.659,1316, ,1315, ,0, , , ,3, , , , , ,745843, , , ,1,1,0,0,0,0,0,0,1,0,0,1,1,0,0,0,0,0,0,0,0,0,0,0,0,0,0,0,0,0,0,0,0,0,0,4,0,39.9863,-75.1318, , 
 ,68334,2013019953,6,67,67301,2012,11,6,1430,14,1,1,0,4,1, , ,N,1,2,0,3,0,1,3,3,N,N,39 55:26.682,75 14:43.799,0, ,0, ,0, ,N, ,3, , , , , ,745846, , , ,3,1,0,0,1,0,1,0,0,0,0,0,1,1,0,0,0,0,0,0,0,0,0,0,0,0,0,0,0,0,0,0,0,0,0,8,0,39.9241,-75.2455, , 
 ,68335,2012122461,6,67,67301,2012,10,3,1455,14,1,2,1,4,1, , ,N,1,2,0,3,0,1,1,2,N,N,39 56:25.327,75 14:11.791,1705, ,1500, ,0, ,N, ,3, , , , , ,745853, , , ,2,2,0,0,0,0,0,0,0,0,1,0,1,0,0,0,0,0,0,0,0,0,0,0,0,0,0,0,0,0,0,0,0,0,0,3,0,39.9404,-75.2366, , 
 ,68336,2012128286,6,67,67301,2012,11,1,320,3,3,1,0,4,1, , ,N,1,2,0,3,0,1,2,2,N,N,40 04:50.725,75 01:42.964,328, ,323,1,1,7,N, ,3,N, , , , ,745861, , , ,2,2,0,0,0,0,0,0,0,0,0,1,1,0,0,0,0,0,0,0,0,0,0,0,0,0,0,0,0,0,0,0,0,0,0,4,0,40.0808,-75.0286, , 
 ,68337,2013003946,6,67,67301,2012,11,2,1730,17,3,1,0,4,1, , ,N,1,2,0,3,0,2,3,3,N,N,39 58:10.379,75 08:22.482,1755, ,1751,1,2,3,N, ,9,Y, , , , ,748569, , , ,3,2,0,0,0,0,1,0,0,0,0,0,2,2,0,0,0,0,0,0,0,1,0,0,0,0,0,0,0,0,0,0,0,0,0,8,0,39.9695,-75.1395, , 
 ,68338,2013013201,6,67,67301,2012,12,2,1750,17,3,1,0,4,1, , ,N,1,3,0,3,0,3,4,2,N,N,39 56:52.447,75 12:49.931,1754, ,1750, ,0, ,N, ,3, , , , , ,748572, , , ,2,2,0,0,0,0,0,0,0,0,0,3,3,0,1,0,1,0,0,0,0,0,0,0,0,0,0,0,0,0,0,0,0,0,0,4,0,39.9479,-75.2139, , 
 ,68339,2012126375,6,67,67301,2012,11,6,250,2,3,1,0,1,1, , ,N,1,2,0,3,0,3,4,2,N,N,39 56:42.547,75 08:31.306,330, ,325, ,0, ,N, ,3, , , , , ,748580, , , ,2,2,0,0,0,0,0,0,0,0,0,3,3,0,0,0,0,0,0,0,1,0,0,0,0,0,0,0,0,0,0,0,0,0,0,4,0,39.9452,-75.1418, , 
 ,68340,2012128234,6,67,67301,2012,11,5,1850,18,1,1,8,5,1, , ,N,0,0,0,3,0,1,4,2,N,N,40 00:51.580,75 10:42.977,1852, ,1851, ,0, ,N, ,0, , , , , ,748583, , , ,2,2,0,0,0,0,0,0,0,0,0,1,1,0,0,0,0,0,0,0,1,0,0,0,0,0,0,0,0,0,0,0,0,0,0,4,0,40.0143,-75.1786, , 
 ,68341,2013004017,6,67,67301,2012,12,7,2000,20,3,1,0,4,1, , ,N,0,2,0,3,0,2,3,2,N,N,40 01:42.924,75 05:28.210,2004, ,2001,1,1,2,N, ,3,N, , , , ,748591, , , ,2,2,0,0,0,0,0,0,0,0,1,1,2,0,0,0,0,0,0,0,0,0,0,2,0,0,0,0,0,0,0,0,0,0,0,3,0,40.0286,-75.0912, , 
Y,68342,2013015583,6,67,67301,2012,4,4,325,3,3,1,0,1,1,2,4,Y,0,8,0,3,0,1,3,2,N,N,39 58:05.165,75 11:25.365,325,50,325,1,2,4,N, ,3,N,Y,N,N,Y,748594,Y,N,N,2,1,0,0,1,0,0,0,0,0,0,0,1,1,0,0,0,0,0,0,0,0,0,2,0,0,0,0,0,0,0,0,0,0,0,8,0,39.9681,-75.1904, , 
 ,68343,2012128161,6,67,67301,2012,11,4,0,0,1,1,0,8,1, , ,N,1,2,0,3,0,1,2,2,N, ,39 58:16.448,75 09:26.204,2220, ,2216, ,0, , , ,3, , , , , ,748602, , , ,1,0,0,0,0,0,1,0,0,0,1,0,1,0,0,0,0,0,0,0,0,0,0,0,0,0,0,0,0,0,0,0,1,0,0,3,0,39.9711,-75.1573, , 
 ,68344,2012109799,6,67,67301,2012,9,7,9999,99,1,9,0,4,1, , ,N,1,0,0,3,0,1,2,2,N,N,39 54:54.867,75 10:10.235,9999, ,9999, ,0, ,N, ,0, , , , , ,748618, , , ,1,0,0,0,0,0,0,0,1,0,0,0,1,1,1,0,0,0,0,0,0,0,0,0,0,0,0,0,0,0,0,0,1,0,0,8,0,39.9152,-75.1695, , 
 ,68345,2012120135,6,67,67301,2012,11,6,1538,15,1,1,0,8,1, , ,N,0,0,0,3,0,1,2,2,N,N,39 56:23.200,75 09:51.692,1620, ,1615, ,0, , , ,0, , , , , ,748628, , , ,1,0,0,0,0,0,1,0,0,0,0,1,1,0,0,0,0,0,0,0,0,0,0,0,0,0,0,0,0,0,0,0,1,0,0,4,0,39.9398,-75.1644, , 
 ,68346,2012121744,6,67,67301,2012,11,6,1825,18,3,1,0,1,1, , ,N,0,0,0,3,0,2,3,3,N,N,40 00:42.404,75 03:36.810,1848, ,1825,2,1,1,N, ,0,N, , , , ,748630, , , ,3,1,0,0,1,0,1,0,0,0,0,0,2,2,0,0,0,0,0,0,3,0,0,0,0,0,0,0,0,0,0,0,0,0,0,8,0,40.0117,-75.0603, , 
 ,68347,2012110793,6,67,67301,2012,10,3,820,8,1,2,1,6,1, , ,N,0,0,1,3,0,2,3,2,N,N,40 00:23.428,75 11:37.504,830, ,825,1,1,5,N, ,0,N, , , , ,748646, , , ,2,2,0,0,0,0,0,0,0,0,2,0,2,0,0,0,0,0,0,0,1,1,0,0,0,0,0,0,0,0,0,0,0,0,0,3,0,40.0065,-75.1938, , 
 ,68348,2012111922,6,67,67301,2012,11,6,1824,18,3,1,0,1,1, , ,N,0,0,0,3,0,0,2,2,N,N,39 58:46.119,75 06:26.708,1846, ,1824, ,0, ,N, ,0, , , , , ,748647, , , ,2,2,0,0,0,0,0,0,0,0,0,0,0,0,0,0,0,0,0,0,0,0,0,0,0,0,0,0,0,0,0,0,0,0,0,0,0,39.9794,-75.1076, , 
 ,68349,2013003807,6,67,67301,2012,12,4,1357,13,1,1,0,5,1, , ,N,0,0,0,3,0,0,1,2,N,N,39 56:51.235,75 09:52.461,1408, ,1402, ,0, ,N, ,0, , , , , ,748659, , , ,2,1,0,0,1,0,0,0,0,0,0,0,0,0,1,0,0,0,0,0,0,0,0,0,0,0,0,0,0,0,0,0,0,0,0,9,0,39.9476,-75.1647, , 
 ,68350,2013003842,6,67,67301,2012,12,6,1230,12,1,2,1,1,1, , ,N,1,2,0,3,0,1,2,2,N,N,39 58:02.420,75 10:51.275,1243, ,1233,1,2,4,N, ,3,Y, , , , ,748660, , , ,2,2,0,0,0,0,0,0,0,0,0,1,1,0,0,0,0,0,0,0,0,0,0,0,0,0,0,0,0,0,0,0,0,0,0,4,0,39.9675,-75.181, , 
 ,68351,2012109935,6,67,67301,2012,10,5,1600,16,1,1,0,4,1, , ,N,0,2,7,3,0,1,2,2,N, ,40 07:08.255,75 01:04.524,1600, ,1600, ,0, ,N, ,3, , , , , ,748671, , , ,2,2,0,0,0,0,0,0,0,0,0,1,1,0,0,0,0,0,0,0,0,0,0,1,0,0,0,0,0,0,0,0,0,0,0,4,0,40.119,-75.0179, , 
 ,68352,2012111820,6,67,67301,2012,10,4,1408,14,1,1,0,4,1, , ,N,1,2,0,3,0,1,1,2,N,N,39 59:00.370,75 07:08.921,1426, ,1411,1,1,1,N, ,3,N, , , , ,748675, , , ,2,1,0,0,0,0,1,0,0,0,0,1,1,0,0,0,0,0,0,0,0,0,0,0,0,0,0,0,0,0,0,0,0,0,0,4,0,39.9834,-75.1191, , 
 ,68353,2013003650,6,67,67301,2012,12,2,1010,10,1,2,1,4,1, , ,N,3,0,0,3,0,1,2,2,N,N,39 59:36.470,75 11:18.250,1016, ,1015, ,0, ,Y, ,0, , , , , ,748696, , , ,2,0,0,0,1,0,1,0,0,0,0,0,1,1,0,0,0,0,0,0,1,1,0,0,0,0,0,0,0,0,0,0,0,0,0,8,0,39.9935,-75.1884, , 
 ,68354,2012109635,6,67,67301,2012,10,2,2140,21,3,1,0,4,2, , ,N,0,0,7,3,0,1,1,2,N,N,39 57:18.069,75 11:06.018,2150, ,2142, ,0, ,N, ,0, , , , , ,748713, , , ,1,0,0,0,0,0,1,0,1,0,0,1,1,0,0,0,0,0,0,0,0,0,0,0,0,0,0,0,0,0,0,0,0,0,0,4,0,39.955,-75.185, , 
 ,68355,2012109797,6,67,67301,2012,10,2,1930,19,3,7,0,4,1, , ,N,0,0,0,3,0,2,2,2,N, ,40 03:54.120,75 03:06.150,2000, ,1956, ,0, ,N, ,0, , , , , ,751705, , , ,2,1,0,0,0,0,0,1,0,0,0,2,2,0,0,0,0,0,1,0,1,0,0,0,0,0,0,0,0,0,0,0,0,0,0,4,0,40.065,-75.0517, , 
 ,68356,2012117251,6,67,67301,2012,10,5,800,8,1,1,0,4,1, , ,N,1,3,0,3,0,3,3,2,N, ,39 59:09.340,75 09:11.779,825, ,819,3,2,7, , ,3,Y, , , , ,751710, , , ,2,2,0,0,0,0,0,0,0,0,1,2,3,0,0,0,0,0,0,1,0,0,0,0,0,0,0,0,0,0,0,0,0,0,0,3,0,39.9859,-75.1533, , 
 ,68357,2013003976,6,67,67301,2012,12,1,2210,22,3,2,1,8,1, , ,N,1,2,0,3,0,2,3,3,N,N,40 02:35.289,75 10:02.002,2218, ,2216, ,0, ,N, ,3, , , , , ,751726, , , ,1,1,0,0,0,0,0,0,0,0,0,1,2,1,0,0,0,0,0,0,0,0,0,0,0,0,0,0,0,0,0,0,2,0,0,4,0,40.0431,-75.1672, , 
 ,68358,2012104090,6,67,67301,2012,9,3,1920,19,2,2,1,1,1, , ,N,1,2,0,3,0,1,3,3,N, ,39 59:09.671,75 08:29.563,1934, ,1924,9,1,1, , ,3,N, , , , ,751735, , , ,3,2,0,0,0,0,1,0,0,0,0,0,0,0,1,0,0,0,0,0,0,0,0,0,0,0,0,0,0,0,0,0,0,0,0,9,0,39.986,-75.1415, , 
 ,68359,2012098234,6,67,67301,2012,9,1,1420,14,1,2,1,4,1, , ,N,2,3,0,3,0,0,3,3,N,N,40 06:52.333,75 01:47.812,1424, ,1421,1,1,7,N, ,3,Y, , , , ,751740, , , ,3,3,0,0,0,0,0,0,0,0,0,0,0,0,0,0,0,0,0,0,0,0,0,0,0,0,0,0,0,0,0,0,0,0,0,0,0,40.1145,-75.0299, , 
 ,68360,2012099034,6,67,67301,2012,9,5,1135,11,1,1,0,6,1, , ,N,1,2,0,3,0,2,2,2,N,Y,40 03:12.823,75 10:40.715,1145, ,1138, ,0, ,N, ,3, , , , , ,751741, , , ,2,1,0,0,0,0,1,0,0,0,0,1,2,1,0,0,0,0,0,0,0,0,0,0,0,0,0,0,0,0,0,0,0,0,0,4,0,40.0536,-75.178, , 
 ,68361,2012115199,6,67,67301,2012,8,7,1330,13,1,1,0,1,1, , ,N,1,2,0,3,0,3,4,2,N,N,39 54:55.880,75 09:41.525,0, ,0, ,0, ,N, ,3, , , , , ,751749, , , ,2,1,0,0,0,0,0,0,0,0,0,3,3,0,0,0,0,0,0,0,1,0,0,0,0,0,0,0,0,0,0,0,0,0,0,4,0,39.9155,-75.1615, , 