wz_ln_closure,objectid_1,crn,district,county,municipality,crash_year,crash_month,day_of_week,time_of_day,hour_of_day,illumination,weather,road_condition,collision_type,relation_to_road,work_zone_type,work_zone_loc,work_zone_ind,intersect_type,tcd_type,location_type,urban_rural,fatal_count,injury_count,person_count,total_units,sch_bus_ind,sch_zone_ind,latitude,longitude,arrival_tm,cons_zone_spd_lim,dispatch_tm,est_hrs_closed,lane_closed,ln_close_dir,ntfy_hiwy_maint,spec_juris_cd,tcd_func_cd,tfc_detour_ind,workers_pres,wz_close_detour,wz_flagger,wz_law_offcr_ind,objectid,wz_moving,wz_other,wz_shlder_mdn,vehicle_count,automobile_count,motorcycle_count,bus_count,small_truck_count,heavy_truck_count,suv_count,van_count,bicycle_count,maj_inj_count,mod_inj_count,min_inj_count,tot_inj_count,unk_inj_deg_count,unk_inj_per_count,driver_count_16yr,driver_count_17yr,driver_count_18yr,driver_count_19yr,driver_count_20yr,driver_count_50_64yr,driver_count_65_74yr,driver_count_75plus,unbelted_occ_count,unb_death_count,unb_maj_inj_count,belted_death_count,belted_maj_inj_count,mcycle_death_count,mcycle_maj_inj_count,bicycle_death_count,bicycle_maj_inj_count,ped_count,ped_death_count,ped_maj_inj_count,max_severity_level,comm_veh_count,dec_lat,dec_long,rdwy_surf_type_cd,county_name
 ,68627,2012128314,6,67,67301,2012,11,4,1650,16,4,1,0,4,1, , ,N,2,0,0,3,0,1,4,2,N,N,40 01:25.051,75 03:12.976,1726, ,1726, ,0, ,N, ,0, , , , , ,746537, , , ,2,2,0,0,0,0,0,0,0,0,0,1,1,0,0,0,0,0,0,0,0,0,0,0,0,0,0,0,0,0,0,0,0,0,0,4,0,40.0236,-75.0536, , 
 ,68628,2012129067,6,67,67301,2012,11,6,856,8,1,1,0,4,1, , ,N,0,2,0,3,0,1,2,2,N, ,39 57:11.592,75 14:34.044,900, ,856,9,1,7, , ,3,N, , , , ,746562, , , ,1,1,0,0,0,0,0,0,0,0,0,1,1,0,0,0,0,0,0,0,0,0,0,0,0,0,0,0,0,0,0,0,1,0,0,4,0,39.9532,-75.2428, , 
 ,68629,2013006122,6,67,67301,2012,12,1,142,1,3,1,0,8,1, , ,N,1,2,0,3,0,1,4,2,N,N,39 57:16.822,75 11:40.080,145, ,144, ,0, ,N, ,3, , , , , ,746569, , , ,1,1,0,0,0,0,0,0,0,1,0,0,1,0,0,0,0,0,0,0,0,0,0,1,0,0,0,0,0,0,0,0,1,0,1,2,0,39.9547,-75.1944, , 
 ,68630,2012123328,6,67,67301,2012,11,5,2203,22,3,1,0,4,1, , ,N,3,0,0,3,0,1,3,2,N, ,39 59:57.188,75 09:29.926,2205, ,2200, ,0, , , ,0, , , , , ,746577, , , ,2,1,0,0,0,0,1,0,0,0,1,0,1,0,0,0,0,0,0,0,0,0,0,1,0,0,0,0,0,0,0,0,0,0,0,3,0,39.9992,-75.1583, , 
 ,68631,2012129076,6,67,67301,2012,11,3,1715,17,2,2,1,4,1, , ,N,0,0,0,3,0,1,2,2,N,N,39 58:50.553,75 11:54.385,1725, ,9999, ,0, ,N, ,0, , , , , ,749191, , , ,2,2,0,0,0,0,0,0,0,0,0,0,1,1,0,0,0,0,0,0,1,0,0,0,0,0,0,0,0,0,0,0,0,0,0,8,0,39.9807,-75.1984, , 
 ,68632,2013006712,6,67,67301,2012,12,6,1740,17,3,1,0,4,1, , ,N,1,3,0,3,0,1,4,2,N,N,39 57:53.172,75 10:27.371,1753, ,1743, ,0, , , ,3, , , , , ,749196, , , ,2,2,0,0,0,0,0,0,0,0,0,0,1,1,2,0,0,0,0,0,0,0,0,0,0,0,0,0,0,0,0,0,0,0,0,8,0,39.9648,-75.1743, , 
 ,68633,2013006729,6,67,67301,2012,12,3,2142,21,3,1,0,1,1, , ,N,1,2,0,3,0,0,5,2,N,N,40 01:45.310,75 05:23.878,2148, ,2144,1,1,2,N, ,3,N, , , , ,749197, , , ,2,2,0,0,0,0,0,0,0,0,0,0,0,0,0,0,0,0,0,0,0,0,0,0,0,0,0,0,0,0,0,0,0,0,0,0,0,40.0291,-75.0899, , 
 ,68634,2013009246,6,67,67301,2012,12,6,1340,13,1,1,0,1,2, , ,N,0,0,0,3,1,1,2,3,N,N,39 54:16.106,75 09:59.572,1340, ,1340,3,2,4,N,0,0,Y, , , , ,749198, , , ,3,2,0,0,1,0,0,0,0,0,0,1,1,0,0,0,0,0,0,0,1,0,0,1,0,0,1,0,0,0,0,0,0,0,0,1,0,39.9045,-75.1665,2, 
 ,68635,2013006677,6,67,67301,2012,12,5,1528,15,1,1,0,1,1, , ,N,2,0,0,3,0,1,4,4,N,N,40 03:12.900,75 08:29.229,1540, ,1528, ,0, ,N, ,0, , , , , ,749225, , , ,4,3,0,0,0,0,1,0,0,0,0,0,1,1,2,0,0,0,0,0,0,0,0,0,0,0,0,0,0,0,0,0,0,0,0,8,0,40.0537,-75.1414, , 
 ,68636,2013004045,6,67,67301,2012,11,2,1235,12,1,1,0,4,1, , ,N,1,2,0,3,0,1,3,3,N,N,40 04:49.700,74 58:38.137,1251, ,1245, ,0, ,N, ,9, , , , , ,749236, , , ,3,3,0,0,0,0,0,0,0,0,0,0,1,1,0,0,0,0,0,0,0,0,1,0,0,0,0,0,0,0,0,0,0,0,0,8,0,40.0804,-74.9771, , 
 ,68637,2013006114,6,67,67301,2012,11,5,658,6,1,1,0,4,1, , ,N,1,3,0,3,0,1,3,2,N,N,40 00:22.795,75 09:54.820,715, ,710, ,0, ,N, ,2, , , , , ,749237, , , ,2,2,0,0,0,0,0,0,0,0,0,0,1,1,0,0,0,0,0,0,1,0,0,0,0,0,0,0,0,0,0,0,0,0,0,8,0,40.0063,-75.1652, , 
 ,68638,2013007256,6,67,67301,2012,12,1,1215,12,1,2,1,1,1, , ,N,0,2,0,3,0,2,3,2,N,N,39 55:11.535,75 11:17.998,1225, ,1217, ,0, ,N, ,3, , , , , ,749238, , , ,2,2,0,0,0,0,0,0,0,0,0,2,2,0,0,0,0,0,0,0,0,0,0,0,0,0,0,0,0,0,0,0,0,0,0,4,0,39.9199,-75.1883, , 
 ,68639,2012120101,6,67,67301,2012,10,5,1709,17,3,1,0,1,1, , ,N,0,0,0,3,0,1,3,3,N,N,39 56:37.662,75 09:03.214,1714, ,1711,2,2,3, , ,0,Y, , , , ,749259, , , ,3,2,0,0,1,0,0,0,0,0,0,0,1,1,0,0,0,0,0,0,0,0,0,0,0,0,0,0,0,0,0,0,0,0,0,8,0,39.9438,-75.1509, , 
 ,68640,2012122340,6,67,67301,2012,11,5,1720,17,3,1,0,4,1, , ,N,3,2,0,3,0,1,3,2,N,N,39 57:42.674,75 09:27.834,1725, ,1722, ,0, ,N, ,3, , , , , ,749261, , , ,1,1,0,0,0,0,0,0,0,0,1,0,1,0,0,0,0,0,0,0,0,0,0,0,0,0,0,0,0,0,0,0,1,0,0,3,0,39.9617,-75.1577, , 
 ,68641,2013004009,6,67,67301,2012,12,1,1230,12,1,1,0,2,1, , ,N,1,2,0,3,0,2,3,2,N,N,40 01:59.691,75 02:15.936,1230, ,1230,1,2,3,N, ,2,Y, , , , ,749271, , , ,2,1,0,0,0,0,0,1,0,0,0,1,2,1,0,0,0,0,0,0,0,0,1,0,0,0,0,0,0,0,0,0,0,0,0,4,0,40.0332,-75.0378, , 
 ,68642,2013004430,6,67,67301,2012,12,4,2115,21,3,1,0,8,1, , ,N,2,2,0,3,0,1,2,2,N,N,39 57:02.545,75 10:08.180,2155, ,2147, ,0, ,N, ,3, , , , , ,749273, , , ,1,1,0,0,0,0,0,0,0,0,0,0,1,1,1,0,0,0,0,0,0,0,0,0,0,0,0,0,0,0,0,0,1,0,0,8,0,39.9507,-75.1689, , 
 ,68643,2012115189,6,67,67301,2012,8,4,1220,12,1,1,0,4,1, , ,N,0,0,0,3,0,2,3,2,N,N,39 58:41.010,75 07:28.700,0, ,0, ,0, ,N, ,0, , , , , ,749280, , , ,2,2,0,0,0,0,0,0,0,0,2,0,2,0,1,0,0,0,0,0,0,0,0,0,0,0,0,0,0,0,0,0,0,0,0,3,0,39.9781,-75.1246, , 
 ,68644,2012118763,6,67,67301,2012,11,7,1449,14,1,1,0,7,4, , ,N,0,0,0,3,0,1,3,2,N,N,39 59:14.358,75 12:27.456,1501, ,1453,1,1,4,N, ,0,N, , , , ,749283, , , ,2,1,0,0,0,0,1,0,0,0,0,1,1,0,0,0,0,0,0,0,0,1,0,0,0,0,0,0,0,0,0,0,0,0,0,4,0,39.9873,-75.2076, , 
 ,68645,2013004379,6,67,67301,2012,12,4,2130,21,3,1,0,1,1, , ,N,1,2,0,3,0,1,4,3,N,N,40 05:04.029,75 02:18.148,2140, ,2133, ,0, ,N, ,3, , , , , ,749296, , , ,3,1,0,0,0,0,2,0,0,0,0,1,1,0,0,0,0,0,0,0,1,1,1,0,0,0,0,0,0,0,0,0,0,0,0,4,0,40.0845,-75.0384, , 
 ,68646,2012109793,6,67,67301,2012,10,1,1055,10,1,2,1,4,1, , ,N,0,0,7,3,0,1,2,2,N,N,40 06:11.210,75 01:46.340,1104, ,1059,1,1,4,N, ,0,Y, , , , ,749303, , , ,2,2,0,0,0,0,0,0,0,0,0,1,1,0,0,0,0,0,0,0,1,0,0,0,0,0,0,0,0,0,0,0,0,0,0,4,0,40.1031,-75.0295, , 
 ,68647,2013006889,6,67,67301,2012,12,6,500,5,3,1,0,7,2, , ,N,0,0,0,3,0,0,1,1,N,N,40 02:58.479,75 05:44.227,504, ,502, ,0, ,N, ,0, , , , , ,749332, , , ,1,1,0,0,0,0,0,0,0,0,0,0,0,0,0,0,0,0,0,0,0,0,0,1,0,0,0,0,0,0,0,0,0,0,0,0,0,40.0496,-75.0956, , 
 ,68648,2013006919,6,67,67301,2012,12,5,634,6,1,1,0,4,1, , ,N,1,2,0,3,0,0,2,2,N,N,40 02:35.626,75 10:51.146,636, ,634, ,0, ,N, ,3, , , , , ,749333, , , ,2,1,0,0,1,0,0,0,0,0,0,0,0,0,0,0,0,0,0,0,1,0,0,0,0,0,0,0,0,0,0,0,0,0,0,0,1,40.0432,-75.1809, , 
 ,68649,2011031628,6,67,67301,2011,2,1,15,0,3,1,0,6,1, , ,N,1,2,0,3,0,0,4,3,N,N,40 03:37.434,74 59:25.565,30, ,26,3,2,1,N, ,3,Y, , , , ,795188, , , ,3,2,0,0,0,0,1,0,0,0,0,0,0,0,0,0,0,0,0,0,0,0,0,4,0,0,0,0,0,0,0,0,0,0,0,0,0,40.0604,-74.9904, , 
 ,68650,2011038421,6,67,67301,2011,3,2,1705,17,1,1,0,1,1, , ,N,0,0,0,3,0,0,2,2, , ,39 54:24.139,75 11:37.681,1715, ,1709, ,0, , , ,0, , , , , ,795193, , , ,2,2,0,0,0,0,0,0,0,0,0,0,0,0,0,0,0,0,0,0,0,0,0,0,0,0,0,0,0,0,0,0,0,0,0,0,0,39.9067,-75.1938, , 
 ,68651,2011054138,6,67,67301,2011,4,4,1110,11,1,1,0,1,1, , ,N,1,2,0,3,0,1,2,2,N,N,39 59:03.233,75 15:38.502,1128, ,1112, ,0, ,N, ,3, , , , , ,795205, , , ,2,2,0,0,0,0,0,0,0,0,0,1,1,0,0,0,0,0,0,0,0,0,0,0,0,0,0,0,0,0,0,0,0,0,0,4,0,39.9842,-75.2607, , 
 ,68652,2011044576,6,67,67301,2011,4,7,200,2,3,1,0,5,7, , ,N,7,0,2,3,0,3,4,2, , ,40 01:13.441,75 09:07.585,218, ,214, ,0, , , ,0, , , , , ,795249, , , ,2,1,0,0,1,0,0,0,0,0,0,3,3,0,0,0,0,0,1,0,0,0,0,0,0,0,0,0,0,0,0,0,0,0,0,4,0,40.0204,-75.1521, , 
 ,68653,2011031302,6,67,67301,2011,2,1,146,1,3,1,0,7,3, , ,N,0,0,0,3,0,0,1,1,N,N,40 00:23.406,75 11:35.033,200, ,151,2,1,2,N, ,0,N, , , , ,795280, , , ,1,1,0,0,0,0,0,0,0,0,0,0,0,0,0,0,0,0,0,0,0,0,0,0,0,0,0,0,0,0,0,0,0,0,0,0,0,40.0065,-75.1931, , 
 ,68654,2011033556,6,67,67301,2011,3,3,1102,11,1,1,0,8,1, , ,N,2,0,0,3,0,1,2,2,N,Y,39 59:44.213,75 10:03.144,1200, ,1102, ,0, ,N, ,0, , , , , ,795281, , , ,1,1,0,0,0,0,0,0,0,0,0,1,1,0,0,0,0,0,0,0,0,0,1,0,0,0,0,0,0,0,0,0,1,0,0,4,0,39.9956,-75.1675, , 
 ,68655,2011037955,6,67,67301,2011,3,5,1245,12,1,2,1,6,1, , ,N,1,3,0,3,0,1,2,2,N,N,39 59:06.446,75 08:04.636,1300, ,1250, ,0, ,N, ,3, , , , , ,795287, , , ,2,2,0,0,0,0,0,0,0,0,1,0,1,0,0,0,0,0,0,0,1,0,0,0,0,0,0,0,0,0,0,0,0,0,0,3,0,39.9851,-75.1346, , 
 ,68656,2011044627,6,67,67301,2011,4,2,815,8,1,1,0,4,1, , ,N,1,2,0,3,0,1,3,2,N,N,40 05:18.096,75 02:38.680,832, ,824, ,0, ,N, ,3, , , , , ,795291, , , ,2,2,0,0,0,0,0,0,0,0,0,0,1,1,0,0,0,0,0,0,0,0,0,0,0,0,0,0,0,0,0,0,0,0,0,8,0,40.0884,-75.044, , 
 ,68657,2011044541,6,67,67301,2011,4,6,1458,14,1,1,0,4,1, , ,N,1,2,2,3,0,1,3,2,N,N,39 57:47.584,75 10:37.667,1524, ,1458,1,1,1,N, ,3,N, , , , ,795353, , , ,2,1,0,0,0,0,0,1,0,0,0,0,1,1,0,0,0,0,0,0,1,0,1,0,0,0,0,0,0,0,0,0,0,0,0,8,0,39.9632,-75.1771, , 
 ,68658,2011054199,6,67,67301,2011,4,6,1752,17,1,1,0,8,1, , ,N,1,0,0,3,0,1,2,2,N,N,39 55:15.888,75 09:13.381,1752, ,1752, ,0, , , ,0, , , , , ,795359, , , ,1,1,0,0,0,0,0,0,0,0,0,1,1,0,0,0,0,0,0,0,0,0,0,0,0,0,0,0,0,0,0,0,1,0,0,4,0,39.9211,-75.1537, , 
 ,68659,2011018919,6,67,67301,2011,2,6,1730,17,1,1,0,1,1, , ,N,0,0,0,3,0,0,2,2,N,N,39 56:59.156,75 11:01.955,1735, ,1735, ,0, ,N, ,0, , , , , ,795373, , , ,2,1,0,0,0,0,1,0,0,0,0,0,0,0,0,0,0,0,0,0,0,0,0,0,0,0,0,0,0,0,0,0,0,0,0,0,0,39.9498,-75.1838, , 
 ,68660,2011031317,6,67,67301,2011,2,5,1940,19,3,2,1,0,1, , ,N,0,0,0,3,0,1,1,2,N,N,40 00:20.322,75 06:41.081,1945, ,1943,1,2,6,N, ,0,N, , , , ,795381, , , ,2,1,0,0,0,0,1,0,0,0,0,0,1,1,0,0,0,0,0,0,0,0,0,1,0,0,0,0,0,0,0,0,0,0,0,8,0,40.0056,-75.1114, , 
 ,68661,2011044601,6,67,67301,2011,4,6,720,7,1,2,1,1,1, , ,N,2,3,0,3,0,1,3,3, , ,39 55:37.602,75 11:27.549,721, ,721, ,0, , , ,3, , , , , ,795387, , , ,3,2,0,0,0,0,0,1,0,0,0,1,1,0,0,0,0,0,0,0,0,0,0,0,0,0,0,0,0,0,0,0,0,0,0,4,0,39.9271,-75.191, , 
 ,68662,2011016003,6,67,67301,2011,1,1,1007,10,1,1,6,4,1, , ,N,1,3,0,3,0,0,2,2,N,N,40 01:15.542,75 05:12.577,1035, ,1028, ,0, ,N, ,3, , , , , ,795414, , , ,2,2,0,0,0,0,0,0,0,0,0,0,0,0,0,0,0,0,0,0,0,0,0,0,0,0,0,0,0,0,0,0,0,0,0,0,0,40.021,-75.0868, , 
 ,68663,2011023764,6,67,67301,2011,1,5,2129,21,3,1,0,1,5, , ,N,1,2,0,3,0,2,3,2,N,N,40 02:07.511,75 04:10.636,2133, ,2130, ,0, ,N, ,3, , , , , ,795430, , , ,2,1,0,0,1,0,0,0,0,0,0,0,2,2,0,0,0,0,0,0,0,0,1,0,0,0,0,0,0,0,0,0,0,0,0,8,0,40.0354,-75.0696, , 
 ,68664,2011033506,6,67,67301,2011,2,1,704,7,1,1,0,6,1, , ,N,5,2,0,3,0,2,4,2,N,N,39 59:13.221,75 07:20.575,710, ,707,2,1,1,N, ,3,Y, , , , ,795469, , , ,2,1,0,0,0,0,1,0,0,0,0,1,2,1,0,0,0,0,0,0,0,0,0,0,0,0,0,0,0,0,0,0,0,0,0,4,0,39.9871,-75.1223, , 
 ,68665,2011048410,6,67,67301,2011,4,1,2223,22,3,1,0,5,1, , ,N,0,0,0,3,0,0,5,3,N,N,39 55:40.080,75 11:44.693,2251, ,2244, ,0, ,N, ,0, , , , , ,795534, , , ,3,3,0,0,0,0,0,0,0,0,0,0,0,0,4,0,0,0,0,0,0,0,0,0,0,0,0,0,0,0,0,0,0,0,0,9,0,39.9278,-75.1957, , 
 ,68666,2011056765,6,67,67301,2011,5,1,1910,19,4,1,0,4,1, , ,N,1,2,0,3,0,2,3,2,N,N,39 58:49.315,75 10:15.272,1912, ,1910, ,0, ,N, ,3, , , , , ,795543, , , ,2,2,0,0,0,0,0,0,0,0,0,1,2,1,0,0,0,0,0,0,1,0,0,0,0,0,0,0,0,0,0,0,0,0,0,4,0,39.9804,-75.1709, , 
 ,68667,2011028994,6,67,67301,2011,2,6,9999,99,3,1,0,8,1, , ,N,1,2,0,3,0,1,3,2, , ,40 00:45.376,75 09:39.277,1855, ,1850, ,0, , , ,3, , , , , ,795568, , , ,1,1,0,0,0,0,0,0,0,0,0,0,1,1,0,0,0,0,0,0,1,0,0,0,0,0,0,0,0,0,0,0,1,0,0,8,0,40.0126,-75.1609, , 
 ,68668,2011029195,6,67,67301,2011,2,6,1125,11,1,1,0,4,1, , ,N,0,0,7,3,0,3,3,2, , ,40 02:40.490,75 13:12.200,1137, ,1133, ,0, , , ,0, , , , , ,795569, , , ,2,1,0,0,0,0,1,0,0,0,0,0,3,3,0,0,0,0,0,0,1,0,0,0,0,0,0,0,0,0,0,0,0,0,0,8,0,40.0446,-75.2201, , 
 ,68669,2011046992,6,67,67301,2011,4,6,1950,19,2,1,0,4,2, , ,N,1,3,0,3,0,1,2,2, , ,40 04:20.236,75 14:20.957,2004, ,2001, ,0, , , ,3, , , , , ,795579, , , ,2,1,0,0,0,0,0,1,0,1,0,0,1,0,0,0,0,0,0,0,1,0,0,0,0,0,0,0,0,0,0,0,0,0,0,2,0,40.0723,-75.2392, , 
 ,68670,2011027178,6,67,67301,2011,2,3,1744,17,3,1,0,1,1, , ,N,0,0,0,3,0,1,3,3,N,N,39 57:25.255,75 09:08.850,1757, ,1749, ,0, ,N, ,0, , , , , ,795612, , , ,3,3,0,0,0,0,0,0,0,0,0,0,1,1,0,0,0,0,0,0,0,0,0,0,0,0,0,0,0,0,0,0,0,0,0,8,0,39.957,-75.1525, , 
 ,68671,2011034540,6,67,67301,2011,3,2,1557,15,1,1,0,0,1, , ,N,0,0,0,3,0,0,3,3,N,N,39 53:56.995,75 10:35.727,1632, ,1631, ,0, ,N, ,0, , , , , ,795615, , , ,3,2,0,0,0,1,0,0,0,0,0,0,0,0,0,0,0,0,0,0,1,0,0,0,0,0,0,0,0,0,0,0,0,0,0,0,1,39.8992,-75.1766, , 
 ,68672,2011056902,6,67,67301,2011,5,4,1450,14,1,2,1,4,1, , ,N,1,2,0,3,0,0,3,2,N,N,40 04:27.539,75 02:05.367,1500, ,1455, ,0, ,N, ,3, , , , , ,795646, , , ,2,0,0,0,0,0,1,1,0,0,0,0,0,0,0,0,0,0,0,0,1,0,0,0,0,0,0,0,0,0,0,0,0,0,0,0,0,40.0743,-75.0348, , 
 ,68673,2011026149,6,67,67301,2011,2,5,1559,15,1,1,0,1,1, , ,N,0,0,0,3,0,1,2,2,N,N,39 58:01.791,75 07:58.849,1624, ,1606, ,0, ,N, ,0, , , , , ,795664, , , ,2,2,0,0,0,0,0,0,0,0,0,1,1,0,0,0,0,0,0,0,1,0,0,0,0,0,0,0,0,0,0,0,0,0,0,4,0,39.9671,-75.1331, , 
 ,68674,2011028695,6,67,67301,2011,3,3,2351,23,3,1,0,7,4, , ,N,0,0,2,3,0,2,3,1,N,N,39 57:42.422,75 10:55.266,2359, ,2354, ,0, ,N, ,0, , , , , ,795665, , , ,1,1,0,0,0,0,0,0,0,0,0,2,2,0,0,0,0,0,0,0,0,0,0,0,0,0,0,0,0,0,0,0,0,0,0,4,0,39.9618,-75.182, , 
 ,68675,2011030202,6,67,67301,2011,3,2,1545,15,1,1,0,7,5, , ,N,0,0,0,3,0,1,1,1,N,N,40 02:10.939,75 03:48.644,1546, ,1545, ,0, ,N, ,0, , , , , ,795667, , , ,1,1,0,0,0,0,0,0,0,0,0,1,1,0,0,0,0,0,0,0,1,0,0,0,0,0,0,0,0,0,0,0,0,0,0,4,0,40.0364,-75.0635, , 
 ,68676,2011053455,6,67,67301,2011,4,6,1357,13,1,1,1,8,1, , ,N,0,0,0,3,0,1,3,2,N,N,39 58:52.460,75 09:50.090,1401, ,1359, ,0, ,N, ,0, , , , , ,795690, , , ,1,1,0,0,0,0,0,0,0,1,0,0,1,0,0,0,0,0,0,0,0,0,0,2,0,0,0,0,0,0,0,0,1,0,1,2,0,39.9812,-75.1639, , 
 ,68677,2011054265,6,67,67301,2011,4,7,335,3,3,2,1,7,3, , ,N,1,2,0,3,0,2,3,1,N,N,40 02:51.086,75 08:34.404,339, ,338,1,1,1,N, ,3,N, , , , ,795691, , , ,1,1,0,0,0,0,0,0,0,0,2,0,2,0,0,0,0,0,0,0,0,0,0,0,0,0,0,0,0,0,0,0,0,0,0,3,0,40.0475,-75.1428, , 
 ,68678,2011064131,6,67,67301,2011,5,4,1900,19,1,1,0,4,1, , ,N,1,3,0,3,0,1,4,2,N,N,39 55:05.815,75 13:40.429,1905, ,1901, ,0, ,N, ,2, , , , , ,795694, , , ,2,0,1,0,0,0,1,0,0,0,0,1,1,0,0,0,0,0,0,0,0,0,0,0,0,0,0,0,0,0,0,0,0,0,0,4,0,39.9183,-75.2279, , 
 ,68679,2011054320,6,67,67301,2011,4,3,1226,12,1,2,1,8,1, , ,N,1,2,0,3,0,1,2,2,N,N,39 59:41.254,75 14:02.558,1232, ,1226, ,0, ,N, ,3, , , , , ,795730, , , ,1,1,0,0,0,0,0,0,0,0,0,1,1,0,0,0,0,0,0,1,0,0,0,0,0,0,0,0,0,0,0,0,1,0,0,4,0,39.9948,-75.234, , 
 ,68680,2011061186,6,67,67301,2011,6,5,735,7,1,1,0,1,1, , ,N,0,0,0,3,0,0,2,2,N,N,39 57:34.923,75 10:35.158,752, ,742,1,1,4,N, ,0,Y, , , , ,795734, , , ,2,1,0,0,0,0,1,0,0,0,0,0,0,0,0,0,0,0,0,0,1,0,0,0,0,0,0,0,0,0,0,0,0,0,0,0,0,39.9597,-75.1764, , 
 ,68681,2011061369,6,67,67301,2011,2,3,9999,99,1,4,5,3,1, , ,N,2,2,0,3,0,2,3,2, , ,39 54:50.283,75 13:17.303,840, ,840, ,0, , , ,3, , , , , ,795735, , , ,2,2,0,0,0,0,0,0,0,0,0,0,2,2,0,0,0,0,0,0,0,0,0,0,0,0,0,0,0,0,0,0,0,0,0,8,0,39.9127,-75.2219, , 
 ,68682,2011075805,6,67,67301,2011,6,3,1300,13,1,1,0,5,1, , ,N,2,2,0,3,0,1,2,2,N,N,40 01:45.719,75 06:22.862,1315, ,1300, ,0, ,N, ,3, , , , , ,795753, , , ,1,0,0,0,0,0,1,0,1,0,0,1,1,0,0,0,0,0,0,0,0,0,0,0,0,0,0,0,0,0,0,0,0,0,0,4,0,40.0294,-75.1063, , 
 ,68683,2011083341,6,67,67301,2011,7,1,1247,12,1,1,0,7,5, , ,N,0,2,0,3,0,1,2,1,N,N,40 01:21.007,75 07:54.634,1300, ,1257, ,0, ,N, ,1, , , , , ,795761, , , ,1,1,0,0,0,0,0,0,0,0,0,0,1,1,0,0,0,0,0,0,0,0,0,0,0,0,0,0,0,0,0,0,0,0,0,8,0,40.0225,-75.1318, , 
 ,68684,2011090774,6,67,67301,2011,9,7,219,2,3,1,0,7,5, , ,N,0,8,5,3,0,0,1,1,N,N,39 54:34.550,75 09:14.630,225, ,221, ,0, ,N, ,3, , , , , ,795770, , , ,1,0,0,0,0,0,1,0,0,0,0,0,0,0,0,0,0,0,0,0,0,0,0,0,0,0,0,0,0,0,0,0,0,0,0,0,0,39.9096,-75.1541, , 
 ,68685,2011033580,6,67,67301,2011,2,2,1425,14,1,2,1,1,1, , ,N,1,2,0,3,0,7,8,2,N,N,39 57:53.673,75 13:28.432,1440, ,1430, ,0, ,N, ,3, , , , , ,787970, , , ,2,0,0,1,1,0,0,0,0,0,0,0,7,7,0,0,0,0,0,0,1,0,0,0,0,0,0,0,0,0,0,0,0,0,0,8,1,39.9649,-75.2246, , 
 ,68686,2011040343,6,67,67301,2011,3,6,1653,16,1,1,0,1,1, , ,N,0,0,0,3,0,1,2,2,N,N,40 02:02.448,75 04:27.485,1659, ,1655,1,1,1,N, ,0,N, , , , ,787976, , , ,2,1,0,0,0,0,1,0,0,0,0,1,1,0,0,0,0,0,0,0,0,0,0,0,0,0,0,0,0,0,0,0,0,0,0,4,0,40.034,-75.0743, , 
 ,68687,2011040423,6,67,67301,2011,3,2,1941,19,3,1,0,5,1, , ,N,1,2,0,3,0,3,4,2, , ,39 56:29.692,75 13:12.446,1941, ,1941, ,0, , , ,3, , , , , ,787977, , , ,2,1,0,0,0,0,0,0,0,0,0,3,3,0,0,0,0,0,0,0,0,1,0,0,0,0,0,0,0,0,0,0,0,0,0,4,0,39.9416,-75.2201, , 
 ,68688,2011024576,6,67,67301,2011,2,2,1527,15,1,1,0,1,1, , ,N,0,0,0,3,0,0,2,2,N,N,39 59:52.424,75 04:53.007,1534, ,1527, ,0, ,N, ,0, , , , , ,787995, , , ,2,1,0,0,0,0,1,0,0,0,0,0,0,0,0,0,0,0,0,0,1,0,0,0,0,0,0,0,0,0,0,0,0,0,0,0,0,39.9978,-75.0815, , 
 ,68689,2011024635,6,67,67301,2011,2,3,730,7,1,8,5,1,1, , ,N,5,0,0,3,0,2,3,2,N,N,40 02:08.948,75 03:50.712,904, ,850, ,0, ,N, ,0, , , , , ,787996, , , ,2,1,0,0,0,0,1,0,0,0,0,0,2,2,0,0,0,0,0,0,0,1,0,0,0,0,0,0,0,0,0,0,0,0,0,8,0,40.0358,-75.0641, , 
 ,68690,2011028770,6,67,67301,2011,3,5,2243,22,3,2,1,4,1, , ,N,1,2,0,3,0,1,2,2,N,N,40 05:41.851,75 00:55.548,2250, ,2246,1,1,7,N, ,3,Y, , , , ,788001, , , ,2,1,0,0,0,0,1,0,0,0,0,0,1,1,0,0,0,0,0,0,0,0,0,0,0,0,0,0,0,0,0,0,0,0,0,8,0,40.0948,-75.0153, , 
 ,68691,2011033420,6,67,67301,2011,3,5,947,9,1,1,0,1,1, , ,N,3,2,0,3,0,1,4,3,N,N,40 05:30.716,75 02:50.638,952, ,947,2,2,1,N, ,3,N, , , , ,788005, , , ,3,2,0,0,0,0,1,0,0,0,0,0,1,1,0,0,0,0,0,0,0,1,0,0,0,0,0,0,0,0,0,0,0,0,0,8,0,40.0919,-75.0474, , 
 ,68692,2011037956,6,67,67301,2011,3,2,820,8,1,1,0,8,2, , ,N,1,3,0,3,0,1,2,2,N,N,39 58:37.790,75 08:45.862,836, ,831, ,0, ,N, ,3, , , , , ,788008, , , ,1,0,0,0,0,0,0,1,0,0,0,1,1,0,1,0,0,0,0,0,0,0,0,0,0,0,0,0,0,0,0,0,1,0,0,4,0,39.9772,-75.1461, , 